collision_index,collision_year,collision_ref_no,vehicle_reference,vehicle_type,towing_and_articulation,vehicle_manoeuvre_historic,vehicle_manoeuvre,vehicle_direction_from,vehicle_direction_to,vehicle_location_restricted_lane_historic,vehicle_location_restricted_lane,junction_location,skidding_and_overturning,hit_object_in_carriageway,vehicle_leaving_carriageway,hit_object_off_carriageway,first_point_of_impact,vehicle_left_hand_drive,journey_purpose_of_driver_historic,journey_purpose_of_driver,sex_of_driver,age_of_driver,age_band_of_driver,engine_capacity_cc,propulsion_code,age_of_vehicle,generic_make_model,driver_imd_decile,lsoa_of_driver,escooter_flag,driver_distance_banding
2025010551784,2025,010551784,3,9,0,18,19,7,3,0,0,1,0,0,0,0,1,1,6,6,1,55,8,-1,-1,-1,-1,4,E01002814,0,2
2025010551784,2025,010551784,2,9,0,18,19,3,7,0,0,1,0,0,0,0,3,1,6,6,1,36,7,-1,-1,-1,-1,6,E01000892,0,1
2025010551784,2025,010551784,1,9,0,18,19,7,3,0,0,2,0,0,0,0,1,1,6,6,1,53,8,-1,-1,-1,-1,-1,-1,0,-1
2025010551786,2025,010551786,1,3,0,-1,-1,9,9,99,99,9,9,99,9,99,9,1,1,1,1,30,6,-1,-1,-1,-1,3,E01004669,0,1
2025010551786,2025,010551786,2,9,0,6,6,9,9,99,99,9,9,99,9,99,1,9,6,6,3,49,8,-1,-1,-1,-1,5,E01015718,0,4
2025010551792,2025,010551792,3,9,0,2,2,0,0,0,0,0,0,0,0,0,1,1,6,6,3,-1,-1,-1,-1,-1,-1,-1,-1,0,-1
2025010551792,2025,010551792,4,9,0,2,2,0,0,0,0,0,0,0,0,0,2,1,6,6,3,-1,-1,-1,-1,-1,-1,-1,-1,0,-1
2025010551792,2025,010551792,1,9,0,18,19,1,5,0,0,0,0,4,0,0,1,1,6,6,1,29,6,-1,-1,-1,-1,2,E01002096,0,2
2025010551792,2025,010551792,5,9,0,2,2,0,0,0,0,0,0,0,0,0,1,1,6,6,3,-1,-1,-1,-1,-1,-1,-1,-1,0,-1
2025010551792,2025,010551792,2,9,0,2,2,0,0,0,0,0,0,0,0,0,4,1,6,6,3,-1,-1,-1,-1,-1,-1,-1,-1,0,-1
2025010551794,2025,010551794,1,9,0,18,19,5,1,0,0,1,0,11,0,0,1,1,6,6,1,40,7,-1,-1,-1,-1,-1,-1,0,-1
2025010551795,2025,010551795,2,1,0,18,19,5,1,0,0,8,0,0,0,0,4,1,6,6,2,25,5,-1,-1,-1,-1,2,E01001824,0,1
2025010551795,2025,010551795,1,9,0,18,19,5,1,0,0,8,0,0,0,0,3,1,5,6,1,62,9,-1,-1,-1,-1,3,E01035643,0,1
2025010551802,2025,010551802,3,1,0,5,5,1,5,0,0,0,0,4,0,0,2,1,5,6,1,25,5,-1,-1,-1,-1,5,E01004056,0,3
2025010551802,2025,010551802,2,9,0,5,5,1,5,0,0,0,0,12,0,0,2,1,6,6,1,24,5,-1,-1,-1,-1,5,E01001142,0,1
2025010551802,2025,010551802,1,9,0,2,2,0,0,0,0,0,0,0,0,0,2,1,6,6,3,-1,-1,-1,-1,-1,-1,-1,-1,0,-1
2025010551803,2025,010551803,1,9,0,9,9,5,3,0,0,5,0,0,0,0,1,1,5,6,1,21,5,-1,-1,-1,-1,4,E01001317,0,4
2025010551805,2025,010551805,2,9,0,7,7,1,3,0,0,5,0,0,0,0,4,1,1,1,1,48,8,-1,-1,-1,-1,-1,-1,0,-1
2025010551805,2025,010551805,1,11,0,18,19,1,5,2,2,2,0,0,0,0,3,1,1,1,1,54,8,-1,-1,-1,-1,5,E01002762,0,1
2025010551809,2025,010551809,2,9,0,-1,-1,7,3,0,0,8,0,0,0,0,1,1,5,6,1,74,10,-1,-1,-1,-1,4,E01003268,0,1
2025010551809,2025,010551809,1,9,0,9,9,3,1,0,0,8,0,0,0,0,4,1,1,1,1,39,7,-1,-1,-1,-1,3,E01003988,0,2
2025010551812,2025,010551812,1,1,0,-1,-1,5,1,0,0,0,0,10,0,0,1,1,5,6,1,27,6,-1,-1,-1,-1,5,E01004501,0,1
2025010551815,2025,010551815,1,8,0,18,19,5,1,0,0,1,0,0,0,0,1,1,1,1,1,43,7,-1,-1,-1,-1,2,E01004264,0,1
2025010551815,2025,010551815,2,9,0,7,7,3,6,0,0,1,0,0,0,0,0,1,6,6,1,23,5,-1,-1,-1,-1,9,E01000444,0,3
2025010551817,2025,010551817,1,9,0,-1,-1,7,3,0,0,1,0,0,0,0,3,1,6,6,3,-1,-1,-1,-1,-1,-1,-1,-1,0,-1
2025010551818,2025,010551818,1,9,0,18,19,4,8,0,0,4,5,10,0,0,1,1,5,6,1,27,6,-1,-1,-1,-1,2,E01001634,0,2
2025010551831,2025,010551831,2,9,0,2,2,0,0,0,0,1,0,0,0,0,0,1,6,6,3,-1,-1,-1,-1,-1,-1,-1,-1,0,-1
2025010551831,2025,010551831,1,9,0,-1,-1,5,1,0,0,1,5,0,0,0,1,1,6,6,1,43,7,-1,-1,-1,-1,4,E01000559,0,2
2025010551848,2025,010551848,1,9,0,9,9,1,6,0,0,5,0,0,8,10,4,1,6,6,2,48,8,-1,-1,-1,-1,3,E01002045,0,1
2025010551848,2025,010551848,2,19,0,18,19,5,1,0,0,1,0,0,0,0,1,1,6,6,1,35,6,-1,-1,-1,-1,-1,-1,0,-1
2025010551850,2025,010551850,2,9,0,18,19,1,5,0,0,4,0,0,0,0,4,1,6,6,2,39,7,-1,-1,-1,-1,1,E01033627,0,5
2025010551850,2025,010551850,1,19,0,18,19,3,7,0,0,4,0,0,0,0,1,1,6,6,1,26,6,-1,-1,-1,-1,3,E01002429,0,1
2025010551852,2025,010551852,4,9,0,2,2,0,0,0,0,8,0,0,0,0,2,1,6,6,3,-1,-1,-1,-1,-1,-1,-1,-1,0,-1
2025010551852,2025,010551852,2,9,0,-1,-1,1,5,0,0,8,0,0,0,0,0,1,1,1,1,61,9,-1,-1,-1,-1,9,E01003356,0,2
2025010551852,2025,010551852,1,9,0,-1,-1,1,5,0,0,2,1,7,0,0,1,1,6,6,2,38,7,-1,-1,-1,-1,2,E01003065,0,1
2025010551852,2025,010551852,3,9,0,2,2,0,0,0,0,8,0,0,0,0,2,1,6,6,3,-1,-1,-1,-1,-1,-1,-1,-1,0,-1
2025010551857,2025,010551857,1,9,0,99,99,9,9,99,99,9,9,99,9,99,1,9,6,6,3,-1,-1,-1,-1,-1,-1,-1,-1,0,-1
2025010551857,2025,010551857,2,9,0,99,99,9,9,99,99,9,9,99,9,99,2,9,5,6,2,22,5,-1,-1,-1,-1,5,E01002330,0,3
2025010551864,2025,010551864,1,9,0,-1,-1,3,7,0,0,1,0,7,0,0,1,1,2,2,1,37,7,-1,-1,-1,-1,-1,-1,0,-1
2025010551864,2025,010551864,2,3,0,-1,-1,7,3,0,0,2,0,0,0,0,0,1,6,6,1,26,6,-1,-1,-1,-1,7,E01002144,0,1
2025010551868,2025,010551868,1,-1,0,14,14,5,1,0,0,0,5,0,0,0,1,1,5,6,1,14,3,-1,-1,-1,-1,3,E01004669,1,1
2025010551873,2025,010551873,1,9,0,-1,-1,3,7,0,0,4,0,0,0,0,1,1,1,1,1,33,6,-1,-1,-1,-1,7,E01000480,0,1
2025010551873,2025,010551873,2,23,0,-1,-1,1,5,0,0,4,0,0,0,0,4,1,1,1,1,20,4,-1,-1,-1,-1,7,E01034594,0,1
2025010551883,2025,010551883,2,8,0,99,99,9,9,99,99,9,9,99,9,99,1,9,6,6,3,62,9,-1,-1,-1,-1,3,E01017906,0,4
2025010551883,2025,010551883,1,9,0,99,99,9,9,99,99,9,9,99,9,99,3,9,5,6,1,24,5,-1,-1,-1,-1,2,E01033086,0,2
2025010551885,2025,010551885,1,9,0,99,99,9,9,99,99,0,9,99,9,99,1,9,5,6,1,39,7,-1,-1,-1,-1,3,E01034482,0,1
2025010551885,2025,010551885,3,9,0,99,99,9,9,99,99,0,9,99,9,99,1,9,6,6,3,-1,-1,-1,-1,-1,-1,-1,-1,0,-1
2025010551885,2025,010551885,2,19,0,99,99,9,9,99,99,0,9,99,9,99,1,9,6,6,3,-1,-1,-1,-1,-1,-1,-1,-1,0,-1
2025010551886,2025,010551886,1,9,0,9,9,3,1,0,0,2,0,0,0,0,4,1,6,6,1,31,6,-1,-1,-1,-1,7,E01004717,0,1
2025010551886,2025,010551886,2,9,0,-1,-1,5,1,0,0,1,0,0,0,0,3,1,6,6,1,45,7,-1,-1,-1,-1,3,E01002084,0,2
2025010551887,2025,010551887,1,9,0,7,7,1,3,2,2,6,0,0,0,0,4,1,5,6,1,42,7,-1,-1,-1,-1,2,E01008892,0,5
2025010551892,2025,010551892,2,9,0,9,9,5,3,0,0,2,0,0,0,0,1,1,5,6,2,50,8,-1,-1,-1,-1,3,E01021864,0,3
2025010551892,2025,010551892,1,3,0,7,7,2,5,0,0,2,1,0,0,0,1,1,2,2,1,32,6,-1,-1,-1,-1,2,E01002091,0,1
2025010551896,2025,010551896,1,3,0,18,19,3,7,1,1,1,0,0,0,0,1,1,6,6,1,22,5,-1,-1,-1,-1,3,E01000640,0,1
2025010551896,2025,010551896,2,9,0,5,5,5,1,0,0,6,0,0,0,0,1,1,6,6,1,32,6,-1,-1,-1,-1,8,E01000256,0,2
2025010551897,2025,010551897,1,9,0,6,6,8,8,0,0,0,0,0,0,0,0,1,6,6,3,-1,-1,-1,-1,-1,-1,-1,-1,0,-1
2025010551897,2025,010551897,2,3,0,-1,-1,8,4,0,0,0,0,0,0,0,1,1,2,2,1,26,6,-1,-1,-1,-1,6,E01004652,0,1
2025010551901,2025,010551901,1,8,0,7,7,4,6,0,0,6,0,0,0,0,4,1,2,2,1,60,9,-1,-1,-1,-1,-1,-1,0,-1
2025010551912,2025,010551912,1,9,0,5,5,1,5,0,0,8,0,0,0,0,3,1,1,1,1,30,6,-1,-1,-1,-1,3,E01000642,0,1
2025010551913,2025,010551913,1,9,0,18,19,1,5,0,0,5,0,0,3,0,1,1,5,6,1,41,7,-1,-1,-1,-1,-1,-1,0,-1
2025010551913,2025,010551913,2,1,0,18,19,3,7,0,0,1,0,0,3,0,1,1,5,6,1,27,6,-1,-1,-1,-1,2,E01002852,0,1
2025010551919,2025,010551919,1,9,0,13,13,3,7,0,0,6,0,0,0,0,1,1,1,1,1,30,6,-1,-1,-1,-1,3,E01002612,0,2
2025010551919,2025,010551919,2,9,0,12,12,3,7,0,0,1,0,0,0,0,3,1,5,6,1,30,6,-1,-1,-1,-1,2,E01034043,0,1
2025010551920,2025,010551920,1,9,0,14,14,6,2,0,0,2,0,0,0,0,3,1,6,6,1,40,7,-1,-1,-1,-1,4,E01004526,0,4
2025010551931,2025,010551931,1,9,0,-1,-1,5,1,0,0,0,2,0,1,9,4,1,5,6,1,26,6,-1,-1,-1,-1,-1,-1,0,-1
2025010551934,2025,010551934,1,8,0,-1,-1,2,6,0,0,8,1,0,1,1,2,1,1,1,1,59,9,-1,-1,-1,-1,3,E01001480,0,3
2025010551934,2025,010551934,2,9,5,-1,-1,7,3,0,0,8,0,0,0,0,1,1,2,2,1,55,8,-1,-1,-1,-1,8,E01017583,0,4
2025010551935,2025,010551935,3,9,0,-1,-1,7,3,0,0,0,0,4,0,0,4,1,6,6,1,76,11,-1,-1,-1,-1,-1,-1,0,-1
2025010551935,2025,010551935,1,9,0,2,2,0,0,0,0,0,0,0,0,0,0,1,6,6,3,-1,-1,-1,-1,-1,-1,-1,-1,0,-1
2025010551935,2025,010551935,2,9,0,2,2,0,0,0,0,0,0,0,0,0,0,1,6,6,3,-1,-1,-1,-1,-1,-1,-1,-1,0,-1
2025010551945,2025,010551945,2,9,0,9,9,5,2,0,0,8,0,0,0,0,1,1,6,6,1,40,7,-1,-1,-1,-1,6,E01003435,0,1
2025010551945,2025,010551945,1,9,0,18,19,3,7,0,0,8,0,0,0,0,4,1,6,6,2,55,8,-1,-1,-1,-1,-1,-1,0,-1
2025010551959,2025,010551959,1,11,0,5,5,1,5,2,2,1,0,0,0,0,4,1,1,1,1,65,9,-1,-1,-1,-1,5,E01021773,0,3
2025010551963,2025,010551963,1,9,0,-1,-1,5,1,0,0,8,0,0,0,0,1,1,5,6,2,51,8,-1,-1,-1,-1,3,E01000152,0,1
2025010551963,2025,010551963,2,9,0,9,9,1,7,0,0,8,0,0,0,0,4,1,5,6,1,90,11,-1,-1,-1,-1,5,E01000520,0,1
2025010551965,2025,010551965,1,9,9,15,15,1,5,99,99,9,9,99,9,99,9,9,6,6,3,-1,-1,-1,-1,-1,-1,-1,-1,0,-1
2025010551965,2025,010551965,2,5,0,99,99,9,9,99,99,9,9,99,9,99,9,1,2,2,3,33,6,-1,-1,-1,-1,7,E01000790,0,1
2025010551973,2025,010551973,2,9,0,-1,-1,7,3,0,0,2,0,0,0,0,1,1,2,2,2,54,8,-1,-1,-1,-1,9,E01004387,0,3
2025010551973,2025,010551973,1,9,0,-1,-1,7,3,0,0,1,0,0,0,0,2,1,5,6,2,31,6,-1,-1,-1,-1,4,E01002309,0,1
2025010551976,2025,010551976,1,9,0,7,7,1,2,0,0,5,0,0,0,0,1,1,5,6,2,73,10,-1,-1,-1,-1,9,E01002935,0,1
2025010551980,2025,010551980,1,9,0,9,9,7,5,0,0,6,0,0,0,0,1,1,6,6,3,-1,-1,-1,-1,-1,-1,-1,-1,0,-1
2025010551981,2025,010551981,1,9,0,9,9,3,2,1,1,8,0,0,0,0,1,2,5,6,2,50,8,-1,-1,-1,-1,8,E01000234,0,1
2025010551982,2025,010551982,1,9,0,9,9,5,2,0,0,1,0,0,0,0,1,1,5,6,2,54,8,-1,-1,-1,-1,3,E01034389,0,1
2025010551982,2025,010551982,2,3,0,-1,-1,2,6,0,0,1,0,0,7,7,1,1,1,1,1,22,5,-1,-1,-1,-1,2,E01004067,0,1
2025010551984,2025,010551984,1,11,0,-1,-1,1,5,0,0,1,0,0,0,0,0,1,1,1,1,47,8,-1,-1,-1,-1,4,E01000933,0,2
2025010551985,2025,010551985,1,9,0,18,19,7,3,0,0,0,0,0,0,0,2,1,1,1,1,54,8,-1,-1,-1,-1,4,E01002631,0,1
2025010551985,2025,010551985,2,19,0,4,4,7,3,0,0,0,0,0,0,0,2,1,1,1,1,62,9,-1,-1,-1,-1,3,E01002605,0,2
2025010551985,2025,010551985,4,19,0,18,19,7,3,0,0,0,0,0,0,0,1,1,1,1,1,56,9,-1,-1,-1,-1,2,E01002843,0,3
2025010551985,2025,010551985,3,9,0,18,19,7,3,0,0,0,0,0,0,0,1,1,2,2,2,59,9,-1,-1,-1,-1,7,E01002428,0,1
2025010551987,2025,010551987,2,9,0,18,19,7,3,0,0,8,0,0,1,11,1,1,5,6,1,34,6,-1,-1,-1,-1,3,E01000111,0,2
2025010551987,2025,010551987,1,9,0,9,9,3,1,0,0,8,0,0,1,11,1,2,6,6,2,90,11,-1,-1,-1,-1,4,E01003734,0,1
2025010551989,2025,010551989,1,9,0,5,5,1,5,0,0,8,0,0,0,0,1,1,5,6,1,88,11,-1,-1,-1,-1,-1,-1,0,-1
2025010551991,2025,010551991,1,9,0,9,9,4,2,0,0,8,0,0,0,0,1,1,6,6,3,-1,-1,-1,-1,-1,-1,-1,-1,0,-1
2025010551994,2025,010551994,1,23,0,7,7,7,2,9,9,1,0,0,1,0,1,1,6,6,3,24,5,-1,-1,-1,-1,-1,-1,0,-1
2025010552007,2025,010552007,1,3,0,-1,-1,3,7,0,0,1,0,0,0,0,3,1,1,1,1,24,5,-1,-1,-1,-1,6,E01000459,0,2
2025010552007,2025,010552007,2,9,0,9,9,3,8,0,0,8,0,0,0,0,0,1,5,6,1,35,6,-1,-1,-1,-1,5,E01001681,0,1
2025010552008,2025,010552008,1,3,0,-1,-1,1,5,0,0,1,5,0,0,0,1,1,1,1,1,33,6,-1,-1,-1,-1,2,E01033937,0,1
2025010552014,2025,010552014,1,10,0,4,4,3,7,0,0,1,0,0,0,0,0,1,1,1,1,35,6,-1,-1,-1,-1,4,E01004234,0,1
2025010552015,2025,010552015,4,9,0,3,3,5,1,0,0,1,0,0,0,0,1,1,6,6,1,40,7,-1,-1,-1,-1,6,E01001408,0,1
2025010552015,2025,010552015,1,9,0,18,19,1,5,0,0,1,1,0,0,0,1,1,6,6,2,25,5,-1,-1,-1,-1,2,E01001509,0,1
2025010552015,2025,010552015,5,9,0,2,2,0,0,0,0,8,0,0,0,0,2,1,6,6,3,-1,-1,-1,-1,-1,-1,-1,-1,0,-1
2025010552015,2025,010552015,3,9,0,3,3,5,1,0,0,1,0,0,0,0,1,1,1,1,1,57,9,-1,-1,-1,-1,5,E01001542,0,1
2025010552015,2025,010552015,2,9,0,9,9,7,5,0,0,6,0,0,0,0,1,1,6,6,2,51,8,-1,-1,-1,-1,6,E01001565,0,1
2025010552016,2025,010552016,1,9,0,99,99,9,9,99,99,9,9,99,9,99,9,9,5,6,1,27,6,-1,-1,-1,-1,2,E01002615,0,1
2025010552016,2025,010552016,2,9,0,99,99,9,9,99,99,9,9,99,9,99,9,9,6,6,3,-1,-1,-1,-1,-1,-1,-1,-1,0,-1
2025010552017,2025,010552017,1,3,0,99,99,9,9,99,99,9,9,99,9,99,1,1,5,6,1,38,7,-1,-1,-1,-1,2,E01000075,0,2
2025010552017,2025,010552017,2,9,0,99,99,9,9,99,99,9,9,99,9,99,9,9,6,6,3,-1,-1,-1,-1,-1,-1,3,E01003656,0,1
2025010552018,2025,010552018,1,11,0,16,19,3,7,0,0,8,0,0,0,0,0,1,1,1,1,54,8,-1,-1,-1,-1,3,E01003079,0,2
2025010552020,2025,010552020,2,9,0,99,99,9,9,99,99,9,9,99,9,99,1,9,6,6,3,-1,-1,-1,-1,-1,-1,4,E01004417,0,1
2025010552020,2025,010552020,1,9,0,99,99,9,9,99,99,9,9,99,9,99,2,9,5,6,1,61,9,-1,-1,-1,-1,3,E01004403,0,1
2025010552022,2025,010552022,2,9,0,3,3,8,4,0,0,1,0,0,0,0,0,1,5,6,2,42,7,-1,-1,-1,-1,2,E01035684,0,1
2025010552022,2025,010552022,1,9,0,3,3,8,4,0,0,1,0,0,0,0,1,1,6,6,1,-1,-1,-1,-1,-1,-1,-1,-1,0,-1
2025010552026,2025,010552026,2,11,0,3,3,5,1,0,0,1,0,0,0,0,1,1,5,6,1,36,7,-1,-1,-1,-1,3,E01001589,0,2
2025010552026,2025,010552026,3,3,0,9,9,5,3,0,0,1,0,0,0,0,1,1,1,1,1,27,6,-1,-1,-1,-1,2,E01001687,0,1
2025010552026,2025,010552026,1,9,0,4,4,1,5,0,0,1,0,0,0,0,1,1,5,6,2,47,8,-1,-1,-1,-1,3,E01001703,0,1
2025010552029,2025,010552029,1,3,0,18,19,5,1,0,0,1,0,0,0,0,1,1,5,6,1,32,6,-1,-1,-1,-1,7,E01001204,0,1
2025010552029,2025,010552029,2,19,0,5,5,3,7,0,0,1,0,0,0,0,0,1,1,1,1,54,8,-1,-1,-1,-1,4,E01000565,0,2
2025010552033,2025,010552033,1,9,0,99,99,9,9,99,99,9,9,99,9,99,1,9,5,6,2,42,7,-1,-1,-1,-1,4,E01002559,0,1
2025010552033,2025,010552033,2,9,0,99,99,9,9,99,99,9,9,99,9,99,2,9,6,6,3,-1,-1,-1,-1,-1,-1,-1,-1,0,-1
2025010552034,2025,010552034,1,9,0,9,9,1,6,0,0,3,0,0,7,0,4,1,2,2,2,32,6,-1,-1,-1,-1,4,E01003214,0,1
2025010552034,2025,010552034,2,9,0,15,15,7,3,0,0,3,0,0,0,0,1,1,6,6,3,-1,-1,-1,-1,-1,-1,-1,-1,0,-1
2025010552042,2025,010552042,1,8,0,7,7,1,4,7,6,0,0,0,0,0,4,1,1,1,1,32,6,-1,-1,-1,-1,3,E01015813,0,4
2025010552042,2025,010552042,2,1,0,18,19,1,5,4,4,0,0,0,0,0,1,1,5,6,1,33,6,-1,-1,-1,-1,5,E01001914,0,1
2025010552055,2025,010552055,1,9,0,-1,-1,3,7,9,9,0,1,10,7,11,1,1,5,6,1,33,6,-1,-1,-1,-1,2,E01003055,0,2
2025010552059,2025,010552059,2,9,0,18,19,1,5,0,0,4,0,0,0,0,0,1,2,2,1,33,6,-1,-1,-1,-1,5,E01003666,0,3
2025010552059,2025,010552059,1,9,0,18,19,1,5,0,0,5,0,0,0,0,1,1,6,6,1,20,4,-1,-1,-1,-1,5,E01021854,0,4
2025010552061,2025,010552061,1,9,0,7,7,1,3,0,0,6,0,0,0,0,1,1,2,2,1,29,6,-1,-1,-1,-1,6,E01003663,0,1
2025010552063,2025,010552063,1,9,0,18,19,1,5,0,0,8,0,0,0,0,1,1,5,6,1,35,6,-1,-1,-1,-1,2,E01032512,0,1
2025010552063,2025,010552063,2,9,0,9,9,7,5,0,0,6,0,0,0,0,1,1,6,6,1,30,6,-1,-1,-1,-1,5,E01002129,0,3
2025010552072,2025,010552072,1,3,0,18,19,1,5,0,0,2,0,0,0,0,4,1,2,2,1,21,5,-1,-1,-1,-1,4,E01001391,0,1
2025010552072,2025,010552072,2,9,0,5,5,0,5,0,0,2,0,0,0,0,4,1,6,6,3,-1,-1,-1,-1,-1,-1,-1,-1,0,-1
2025010552073,2025,010552073,1,3,0,-1,-1,7,3,0,0,1,0,0,0,0,1,1,5,6,1,54,8,-1,-1,-1,-1,5,E01031477,0,4
2025010552073,2025,010552073,2,19,0,9,9,3,1,0,0,2,0,0,0,0,2,1,1,1,1,50,8,-1,-1,-1,-1,2,E01024294,0,4
2025010552085,2025,010552085,2,9,0,9,9,4,1,0,0,1,0,0,0,0,1,1,2,2,1,55,8,-1,-1,-1,-1,7,E01004619,0,1
2025010552085,2025,010552085,1,9,0,-1,-1,1,5,0,0,6,0,0,0,0,1,1,2,2,1,56,9,-1,-1,-1,-1,-1,-1,0,-1
2025010552090,2025,010552090,1,9,0,18,19,1,5,0,0,2,0,0,0,0,4,1,1,1,2,31,6,-1,-1,-1,-1,4,E01003333,0,2
2025010552090,2025,010552090,2,1,0,10,10,1,6,0,0,1,0,0,0,0,3,1,1,1,1,58,9,-1,-1,-1,-1,3,E01001113,0,1
2025010552091,2025,010552091,1,90,0,9,9,3,1,0,0,1,0,0,0,0,4,1,1,1,1,37,7,-1,-1,-1,-1,3,E01000506,0,1
2025010552091,2025,010552091,2,9,0,18,19,7,3,0,0,1,0,0,0,0,3,1,5,6,1,58,9,-1,-1,-1,-1,3,E01000523,0,1
2025010552094,2025,010552094,1,9,0,15,15,5,1,0,0,1,0,0,0,0,1,1,5,6,1,33,6,-1,-1,-1,-1,-1,-1,0,-1
2025010552094,2025,010552094,2,9,0,18,19,5,1,0,0,1,0,0,0,0,0,1,5,6,1,53,8,-1,-1,-1,-1,6,E01004086,0,1
2025010552095,2025,010552095,2,20,0,18,19,7,3,0,0,0,0,0,0,0,1,1,6,6,3,-1,-1,-1,-1,-1,-1,-1,-1,0,-1
2025010552095,2025,010552095,1,3,0,18,19,7,3,0,0,0,1,0,0,0,0,1,6,6,1,19,4,-1,-1,-1,-1,3,E01001215,0,2
2025010552096,2025,010552096,1,9,0,-1,-1,6,2,0,0,0,0,0,0,0,1,1,6,6,3,-1,-1,-1,-1,-1,-1,-1,-1,0,-1
2025010552105,2025,010552105,1,9,0,99,99,9,9,99,99,9,9,99,9,99,9,9,2,2,1,31,6,-1,-1,-1,-1,9,E01003901,0,1
2025010552105,2025,010552105,2,1,9,99,99,9,9,99,99,9,9,99,9,99,9,1,6,6,1,44,7,-1,-1,-1,-1,9,E01003812,0,1
2025010552111,2025,010552111,1,19,0,3,3,3,7,0,0,8,0,0,0,0,2,1,6,6,3,-1,-1,-1,-1,-1,-1,-1,-1,0,-1
2025010552115,2025,010552115,3,9,0,2,2,0,0,0,0,2,0,0,0,0,4,1,6,6,3,-1,-1,-1,-1,-1,-1,-1,-1,0,-1
2025010552115,2025,010552115,1,9,0,18,19,5,1,0,0,1,0,0,0,0,1,1,6,6,1,28,6,-1,-1,-1,-1,3,E01001360,0,1
2025010552115,2025,010552115,2,19,0,7,7,4,7,0,0,1,0,0,7,0,1,1,1,1,1,36,7,-1,-1,-1,-1,10,E01023563,0,3
2025010552117,2025,010552117,2,9,0,18,19,3,7,0,0,0,0,0,0,0,0,1,5,6,2,19,4,-1,-1,-1,-1,9,E01000355,0,1
2025010552117,2025,010552117,1,9,0,18,19,7,3,0,0,0,0,0,0,0,1,1,5,6,2,25,5,-1,-1,-1,-1,-1,-1,0,-1
2025010552117,2025,010552117,3,9,0,18,19,3,7,0,0,0,0,0,0,0,0,1,6,6,2,53,8,-1,-1,-1,-1,8,E01024652,0,4
2025010552118,2025,010552118,1,9,0,4,4,7,3,0,0,0,0,0,0,0,1,1,6,6,1,55,8,-1,-1,-1,-1,7,E01002812,0,1
2025010552118,2025,010552118,2,5,0,3,3,7,3,0,0,0,0,0,0,0,2,1,6,6,1,36,7,-1,-1,-1,-1,2,E01003037,0,1
2025010552119,2025,010552119,1,9,0,1,1,1,5,9,9,8,0,0,0,0,2,1,6,6,1,52,8,-1,-1,-1,-1,2,E01033737,0,1
2025010552121,2025,010552121,1,9,0,18,19,1,5,0,0,2,0,0,0,0,1,1,5,6,2,74,10,-1,-1,-1,-1,3,E01023336,0,2
2025010552124,2025,010552124,1,9,9,99,99,9,9,99,99,9,9,99,9,99,9,9,6,6,3,-1,-1,-1,-1,-1,-1,-1,-1,0,-1
2025010552124,2025,010552124,3,9,9,2,2,0,0,99,99,9,9,99,9,99,9,9,6,6,3,-1,-1,-1,-1,-1,-1,-1,-1,0,-1
2025010552124,2025,010552124,2,9,9,99,99,9,9,99,99,9,9,99,9,99,9,9,6,6,1,20,4,-1,-1,-1,-1,2,E01000483,0,1
2025010552125,2025,010552125,2,3,0,-1,-1,6,2,0,0,0,0,0,0,0,1,1,1,1,1,31,6,-1,-1,-1,-1,3,E01004290,0,2
2025010552125,2025,010552125,1,3,0,5,5,2,6,0,0,0,0,0,0,0,3,1,1,1,1,25,5,-1,-1,-1,-1,2,E01003305,0,1
2025010552130,2025,010552130,2,3,0,13,13,7,3,0,0,2,0,0,0,0,3,1,1,1,1,28,6,-1,-1,-1,-1,6,E01002586,0,1
2025010552130,2025,010552130,1,90,0,9,9,7,5,0,0,2,0,0,0,0,1,1,1,1,1,21,5,-1,-1,-1,-1,2,E01002633,0,1
2025010552140,2025,010552140,1,9,0,99,99,9,9,99,99,9,9,99,9,99,1,9,1,1,1,24,5,-1,-1,-1,-1,3,E01003636,0,3
2025010552140,2025,010552140,2,9,0,99,99,9,9,99,99,9,9,99,9,99,9,9,6,6,2,-1,-1,-1,-1,-1,-1,-1,-1,0,-1
2025010552145,2025,010552145,1,9,0,9,9,1,6,9,9,8,0,0,0,0,1,1,6,6,1,58,9,-1,-1,-1,-1,3,E01004422,0,1
2025010552147,2025,010552147,1,4,0,99,99,9,9,99,99,0,9,99,9,99,9,1,2,2,1,52,8,-1,-1,-1,-1,7,E01002939,0,2
2025010552147,2025,010552147,2,98,0,99,99,9,9,99,99,0,9,99,9,99,9,9,6,6,3,-1,-1,-1,-1,-1,-1,-1,-1,0,-1
2025010552153,2025,010552153,2,3,0,13,13,7,3,0,0,1,5,0,0,0,1,1,5,6,1,36,7,-1,-1,-1,-1,5,E01004523,0,1
2025010552153,2025,010552153,1,19,0,9,9,7,4,0,0,1,0,0,0,0,1,1,5,6,1,23,5,-1,-1,-1,-1,3,E01001190,0,2
2025010552155,2025,010552155,1,9,0,99,99,9,9,99,99,6,9,99,9,99,9,9,5,6,1,24,5,-1,-1,-1,-1,2,E01001118,0,1