collision_index,collision_year,collision_ref_no,vehicle_reference,vehicle_type,towing_and_articulation,vehicle_manoeuvre_historic,vehicle_manoeuvre,vehicle_direction_from,vehicle_direction_to,vehicle_location_restricted_lane_historic,vehicle_location_restricted_lane,junction_location,skidding_and_overturning,hit_object_in_carriageway,vehicle_leaving_carriageway,hit_object_off_carriageway,first_point_of_impact,vehicle_left_hand_drive,journey_purpose_of_driver_historic,journey_purpose_of_driver,sex_of_driver,age_of_driver,age_band_of_driver,engine_capacity_cc,propulsion_code,age_of_vehicle,generic_make_model,driver_imd_decile,lsoa_of_driver,escooter_flag,driver_distance_banding
2025010553243,2025,010553243,1,8,0,5,5,1,5,0,0,1,0,0,0,0,4,1,1,1,1,24,5,-1,-1,-1,-1,-1,-1,0,-1
2025010553244,2025,010553244,1,9,0,18,19,1,5,0,0,1,0,0,0,0,1,1,6,6,1,45,7,-1,-1,-1,-1,5,E01003784,0,1
2025010553244,2025,010553244,2,19,0,4,4,2,6,0,0,1,0,0,0,0,4,2,2,2,1,25,5,-1,-1,-1,-1,6,E01021473,0,3
2025010553251,2025,010553251,2,9,0,9,9,5,3,0,0,8,0,0,0,0,1,1,5,6,1,31,6,-1,-1,-1,-1,4,E01004303,0,1
2025010553251,2025,010553251,1,9,0,5,5,7,3,0,0,6,0,0,0,0,3,1,5,6,1,58,9,-1,-1,-1,-1,3,E01004233,0,1
2025010553259,2025,010553259,2,19,9,99,99,9,9,99,99,9,9,99,9,99,9,9,6,6,3,44,7,-1,-1,-1,-1,9,E01018191,0,5
2025010553259,2025,010553259,1,1,9,99,99,9,9,99,99,9,9,99,9,99,9,1,5,6,1,33,6,-1,-1,-1,-1,5,E01002894,0,1
2025010553268,2025,010553268,1,9,0,9,9,1,6,0,0,4,0,0,0,0,1,1,5,6,1,32,6,-1,-1,-1,-1,9,E01031004,0,4
2025010553268,2025,010553268,2,1,0,-1,-1,6,2,0,0,8,0,0,0,0,4,1,2,2,1,59,9,-1,-1,-1,-1,2,E01003052,0,2
2025010553276,2025,010553276,1,9,0,9,9,5,2,0,0,1,0,0,1,0,3,1,5,6,1,60,9,-1,-1,-1,-1,3,E01004528,0,1
2025010553276,2025,010553276,2,1,0,5,5,1,5,0,0,1,0,0,0,0,1,1,5,6,1,43,7,-1,-1,-1,-1,4,E01003436,0,1
2025010553279,2025,010553279,1,9,0,18,19,7,3,0,0,0,0,0,0,0,1,1,6,6,3,-1,-1,-1,-1,-1,-1,-1,-1,0,-1
2025010553284,2025,010553284,2,1,0,-1,-1,3,7,4,4,1,0,0,0,0,1,1,6,6,1,19,4,-1,-1,-1,-1,3,E01004004,0,1
2025010553284,2025,010553284,1,19,0,7,7,3,5,0,0,1,0,0,0,0,4,1,1,1,1,42,7,-1,-1,-1,-1,5,E01003077,0,1
2025010553285,2025,010553285,3,9,0,2,2,0,0,0,0,2,0,0,0,0,4,1,6,6,3,-1,-1,-1,-1,-1,-1,-1,-1,0,-1
2025010553285,2025,010553285,5,9,0,2,2,0,0,0,0,2,0,0,0,0,0,1,6,6,3,-1,-1,-1,-1,-1,-1,-1,-1,0,-1
2025010553285,2025,010553285,1,9,0,-1,-1,7,3,0,0,2,1,4,0,0,1,1,5,6,1,47,8,-1,-1,-1,-1,2,E01001559,0,2
2025010553285,2025,010553285,4,9,0,2,2,0,0,0,0,1,0,0,0,0,4,1,6,6,3,-1,-1,-1,-1,-1,-1,-1,-1,0,-1
2025010553285,2025,010553285,2,9,0,2,2,0,0,0,0,2,0,0,0,0,3,1,6,6,3,-1,-1,-1,-1,-1,-1,-1,-1,0,-1
2025010553291,2025,010553291,1,9,0,18,19,5,1,0,0,0,0,0,0,0,1,1,5,6,2,35,6,-1,-1,-1,-1,5,E01016974,0,4
2025010553291,2025,010553291,2,9,0,18,19,5,1,0,0,0,0,0,0,0,2,1,6,6,1,37,7,-1,-1,-1,-1,4,E01034027,0,3
2025010553297,2025,010553297,2,9,0,5,5,6,2,0,0,8,0,0,0,0,4,1,5,6,1,21,5,-1,-1,-1,-1,8,E01004703,0,1
2025010553297,2025,010553297,1,3,0,-1,-1,6,2,0,0,8,0,0,0,0,4,1,1,1,1,28,6,-1,-1,-1,-1,4,E01033930,0,2
2025010553298,2025,010553298,2,9,0,9,9,7,5,4,4,8,0,0,0,0,4,1,2,2,1,24,5,-1,-1,-1,-1,4,E01002893,0,1
2025010553298,2025,010553298,1,1,0,-1,-1,3,7,4,4,8,0,0,0,0,1,1,2,2,1,38,7,-1,-1,-1,-1,9,E01004607,0,1
2025010553300,2025,010553300,1,9,9,1,1,1,5,0,0,0,0,4,0,0,2,9,6,6,3,-1,-1,-1,-1,-1,-1,-1,-1,0,-1
2025010553300,2025,010553300,2,9,0,2,2,0,0,0,0,0,0,0,0,0,1,9,6,6,3,-1,-1,-1,-1,-1,-1,-1,-1,0,-1
2025010553302,2025,010553302,1,3,0,18,19,4,8,0,0,1,2,0,0,0,0,1,6,6,1,28,6,-1,-1,-1,-1,6,E01002636,0,2
2025010553302,2025,010553302,2,90,0,9,9,1,6,0,0,2,0,0,0,0,0,1,6,6,3,24,5,-1,-1,-1,-1,-1,-1,0,-1
2025010553303,2025,010553303,4,9,0,-1,-1,7,3,0,0,1,0,0,0,0,1,1,6,6,3,-1,-1,-1,-1,-1,-1,-1,-1,0,-1
2025010553303,2025,010553303,1,9,0,-1,-1,7,3,0,0,1,1,4,0,0,4,1,1,1,2,25,5,-1,-1,-1,-1,9,E01003356,0,1
2025010553303,2025,010553303,3,9,0,2,2,0,0,0,0,1,0,4,0,0,2,1,6,6,3,-1,-1,-1,-1,-1,-1,-1,-1,0,-1
2025010553303,2025,010553303,5,9,0,2,2,0,0,0,0,1,0,0,0,0,2,1,6,6,3,-1,-1,-1,-1,-1,-1,-1,-1,0,-1
2025010553303,2025,010553303,2,9,0,2,2,0,0,0,0,1,0,4,0,0,2,1,6,6,3,-1,-1,-1,-1,-1,-1,-1,-1,0,-1
2025010553308,2025,010553308,1,11,0,5,5,7,3,0,0,1,0,0,0,0,3,1,1,1,1,31,6,-1,-1,-1,-1,2,E01016061,0,4
2025010553308,2025,010553308,2,21,1,9,9,7,5,0,0,5,0,0,0,0,2,2,1,1,1,26,6,-1,-1,-1,-1,3,E01003595,0,3
2025010553309,2025,010553309,2,9,0,18,19,1,5,0,0,0,0,0,0,0,2,1,2,2,2,22,5,-1,-1,-1,-1,3,E01001504,0,4
2025010553309,2025,010553309,1,9,0,18,19,1,5,0,0,0,1,6,2,7,1,1,6,6,3,-1,-1,-1,-1,-1,-1,-1,-1,0,-1
2025010553311,2025,010553311,2,9,0,7,7,4,7,9,9,1,0,0,1,0,4,1,6,6,2,-1,-1,-1,-1,-1,-1,8,E01000540,0,3
2025010553311,2025,010553311,1,9,0,-1,-1,5,1,0,0,1,0,0,0,0,0,1,1,1,1,35,6,-1,-1,-1,-1,4,E01000472,0,3
2025010553312,2025,010553312,1,9,0,4,4,1,5,0,0,2,0,0,0,0,2,1,5,6,2,36,7,-1,-1,-1,-1,2,E01002588,0,2
2025010553312,2025,010553312,2,9,0,-1,-1,1,5,0,0,2,0,0,0,0,1,1,5,6,1,22,5,-1,-1,-1,-1,3,E01017225,0,4
2025010553314,2025,010553314,2,9,0,99,99,9,9,99,99,0,9,99,9,99,1,9,6,6,1,25,5,-1,-1,-1,-1,6,E01000825,0,1
2025010553314,2025,010553314,1,9,0,99,99,9,9,99,99,0,9,99,9,99,1,9,2,2,1,59,9,-1,-1,-1,-1,6,E01000795,0,2
2025010553314,2025,010553314,3,9,0,18,19,2,6,0,0,0,0,0,0,0,1,1,6,6,1,27,6,-1,-1,-1,-1,6,E01001033,0,2
2025010553315,2025,010553315,1,9,0,18,19,2,6,0,0,0,0,0,0,0,1,1,6,6,1,37,7,-1,-1,-1,-1,3,E01003623,0,1
2025010553315,2025,010553315,3,9,0,18,19,2,6,0,0,0,0,0,0,0,1,1,6,6,1,24,5,-1,-1,-1,-1,5,-1,0,5
2025010553315,2025,010553315,2,9,0,18,19,2,6,0,0,0,0,0,0,0,3,1,6,6,1,38,7,-1,-1,-1,-1,3,E01003542,0,1
2025010553324,2025,010553324,1,9,0,-1,-1,1,5,0,0,8,0,0,0,0,4,1,5,6,2,29,6,-1,-1,-1,-1,4,E01015862,0,4
2025010553324,2025,010553324,2,9,0,9,9,3,8,0,0,6,0,0,0,0,1,1,6,6,3,-1,-1,-1,-1,-1,-1,-1,-1,0,-1
2025010553329,2025,010553329,2,9,0,99,99,9,9,99,99,9,9,99,9,99,2,9,5,6,1,26,6,-1,-1,-1,-1,9,E01003682,0,2
2025010553329,2025,010553329,1,9,0,99,99,9,9,99,99,9,9,99,9,99,1,9,6,6,3,-1,-1,-1,-1,-1,-1,-1,-1,0,-1
2025010553332,2025,010553332,1,9,0,2,2,0,0,0,0,0,0,0,0,0,4,1,6,6,3,-1,-1,-1,-1,-1,-1,-1,-1,0,-1
2025010553332,2025,010553332,2,1,0,18,19,3,7,0,0,0,5,4,0,0,1,1,6,6,1,39,7,-1,-1,-1,-1,4,E01001087,0,2
2025010553335,2025,010553335,1,3,0,-1,-1,7,3,0,0,1,0,0,0,0,4,1,1,1,1,25,5,-1,-1,-1,-1,-1,-1,0,-1
2025010553335,2025,010553335,2,11,0,9,9,7,4,0,0,5,0,0,0,0,3,1,1,1,1,39,7,-1,-1,-1,-1,10,E01031984,0,5
2025010553339,2025,010553339,3,9,0,-1,-1,7,3,0,0,0,1,0,0,0,1,1,6,6,1,25,5,-1,-1,-1,-1,3,E01003623,0,2
2025010553339,2025,010553339,2,21,1,4,4,7,3,0,0,0,0,0,0,0,2,1,1,1,1,42,7,-1,-1,-1,-1,7,E01035277,0,2
2025010553339,2025,010553339,4,9,0,-1,-1,7,3,0,0,0,0,0,0,0,0,1,6,6,1,23,5,-1,-1,-1,-1,9,E01015982,0,2
2025010553339,2025,010553339,1,9,0,4,4,7,3,0,0,0,0,0,0,0,1,1,6,6,2,28,6,-1,-1,-1,-1,7,E01016094,0,4
2025010553343,2025,010553343,1,8,0,18,19,5,1,0,0,0,0,0,0,0,3,1,1,1,1,52,8,-1,-1,-1,-1,2,E01001202,0,3
2025010553343,2025,010553343,2,98,0,11,11,5,1,0,0,0,0,0,0,0,4,9,6,6,1,37,7,-1,-1,-1,-1,2,W01000029,0,5
2025010553350,2025,010553350,2,9,0,-1,-1,7,3,0,0,2,0,0,0,0,2,1,5,6,2,23,5,-1,-1,-1,-1,10,E01000357,0,1
2025010553350,2025,010553350,1,11,0,5,5,7,3,0,0,2,0,0,0,0,1,1,1,1,1,59,9,-1,-1,-1,-1,7,E01000438,0,1
2025010553351,2025,010553351,1,9,0,99,99,9,9,99,99,0,9,99,9,99,0,9,2,2,1,23,5,-1,-1,-1,-1,4,E01003543,0,1
2025010553351,2025,010553351,2,9,0,99,99,9,9,99,99,0,9,99,9,99,0,9,6,6,3,-1,-1,-1,-1,-1,-1,-1,-1,0,-1
2025010553354,2025,010553354,2,9,0,99,99,9,9,99,99,9,9,99,9,99,1,9,6,6,3,-1,-1,-1,-1,-1,-1,4,E01003803,0,2
2025010553354,2025,010553354,1,4,0,99,99,9,9,99,99,9,9,99,9,99,9,1,5,6,1,50,8,-1,-1,-1,-1,6,E01003149,0,2
2025010553355,2025,010553355,1,9,0,99,99,9,9,99,99,9,9,99,9,99,1,9,5,6,1,38,7,-1,-1,-1,-1,4,E01003212,0,1
2025010553355,2025,010553355,2,9,0,99,99,9,9,99,99,9,9,99,9,99,9,9,6,6,2,50,8,-1,-1,-1,-1,2,E01003190,0,1
2025010553360,2025,010553360,1,9,0,5,5,0,5,0,0,1,0,0,0,0,4,1,1,1,1,47,8,-1,-1,-1,-1,2,E01002227,0,2
2025010553362,2025,010553362,2,3,0,9,9,5,3,0,0,8,0,0,0,0,4,1,6,6,2,30,6,-1,-1,-1,-1,4,E01000976,0,3
2025010553362,2025,010553362,1,9,0,18,19,7,3,0,0,8,0,0,0,0,1,1,6,6,1,74,10,-1,-1,-1,-1,5,E01001240,0,1
2025010553363,2025,010553363,1,9,0,99,99,9,9,99,99,9,9,99,9,99,9,9,6,6,3,-1,-1,-1,-1,-1,-1,-1,-1,0,-1
2025010553372,2025,010553372,2,9,0,99,99,9,9,99,99,9,9,99,9,99,1,9,6,6,3,-1,-1,-1,-1,-1,-1,2,E01001056,0,2
2025010553372,2025,010553372,1,9,0,99,99,9,9,99,99,9,9,99,9,99,3,9,5,6,2,36,7,-1,-1,-1,-1,7,E01032570,0,1
2025010553379,2025,010553379,1,1,0,3,3,5,1,0,0,2,0,0,0,0,1,1,5,6,2,37,7,-1,-1,-1,-1,3,E01004402,0,1
2025010553383,2025,010553383,2,19,0,99,99,9,9,99,99,0,9,99,9,99,1,9,6,6,3,-1,-1,-1,-1,-1,-1,-1,-1,0,-1
2025010553383,2025,010553383,1,8,0,99,99,9,9,99,99,0,9,99,9,99,2,9,5,6,1,42,7,-1,-1,-1,-1,6,E01002957,0,1
2025010553385,2025,010553385,1,9,0,4,4,3,7,0,0,1,0,0,0,0,2,1,2,2,2,48,8,-1,-1,-1,-1,-1,-1,0,-1
2025010553385,2025,010553385,2,9,0,4,4,3,7,0,0,1,0,0,0,0,1,1,5,6,1,28,6,-1,-1,-1,-1,4,E01004590,0,1
2025010553386,2025,010553386,1,9,0,4,4,3,7,0,0,0,0,0,0,0,2,1,5,6,1,36,7,-1,-1,-1,-1,2,E01003732,0,2
2025010553386,2025,010553386,3,9,0,18,19,3,7,0,0,0,0,0,0,0,1,1,6,6,3,-1,-1,-1,-1,-1,-1,-1,-1,0,-1
2025010553386,2025,010553386,2,9,0,18,19,3,7,0,0,0,0,0,0,0,1,1,6,6,1,55,8,-1,-1,-1,-1,8,E01000225,0,3
2025010553387,2025,010553387,1,9,0,-1,-1,5,1,0,0,6,1,0,0,0,0,1,1,1,1,41,7,-1,-1,-1,-1,5,E01000738,0,3
2025010553387,2025,010553387,2,1,0,-1,-1,7,3,0,0,8,1,0,0,0,0,1,6,6,2,32,6,-1,-1,-1,-1,7,E01004018,0,1
2025010553389,2025,010553389,1,11,5,5,5,0,3,2,2,0,0,4,0,0,1,1,5,6,1,61,9,-1,-1,-1,-1,-1,-1,0,-1
2025010553389,2025,010553389,2,9,0,18,19,1,5,0,0,0,0,4,0,0,1,1,2,2,1,56,9,-1,-1,-1,-1,-1,-1,0,-1
2025010553391,2025,010553391,2,2,0,18,19,2,6,0,0,1,0,0,0,0,1,1,1,1,1,33,6,-1,-1,-1,-1,4,E01002580,0,1
2025010553391,2025,010553391,1,9,0,9,9,3,2,0,0,1,0,0,0,0,1,1,5,6,2,35,6,-1,-1,-1,-1,9,E01018278,0,4
2025010553394,2025,010553394,3,9,0,3,3,1,5,0,0,0,0,0,0,0,2,1,5,6,1,23,5,-1,-1,-1,-1,5,E01015952,0,4
2025010553394,2025,010553394,4,19,0,18,19,1,5,0,0,0,0,0,0,0,1,1,1,1,1,23,5,-1,-1,-1,-1,4,E01003565,0,3
2025010553394,2025,010553394,1,9,0,3,3,1,5,0,0,0,0,0,0,0,0,1,5,6,1,18,4,-1,-1,-1,-1,3,E01021283,0,4
2025010553394,2025,010553394,2,9,0,3,3,1,5,0,0,0,0,0,0,0,2,1,5,6,1,29,6,-1,-1,-1,-1,10,E01021455,0,4
2025010553396,2025,010553396,1,9,0,99,99,9,9,99,99,0,9,99,9,99,1,9,6,6,3,-1,-1,-1,-1,-1,-1,3,E01003564,0,1
2025010553398,2025,010553398,1,11,0,99,99,9,9,99,99,9,0,99,0,0,9,1,1,1,3,-1,-1,-1,-1,-1,-1,-1,-1,0,-1
2025010553401,2025,010553401,1,9,0,99,99,9,9,99,99,0,9,99,9,99,1,9,6,6,3,-1,-1,-1,-1,-1,-1,4,E01004427,0,2
2025010553402,2025,010553402,1,9,0,99,99,9,9,99,99,9,9,99,9,99,2,9,6,6,3,-1,-1,-1,-1,-1,-1,-1,-1,0,-1
2025010553406,2025,010553406,1,1,9,99,99,9,9,99,99,9,9,99,9,99,9,1,2,2,1,42,7,-1,-1,-1,-1,2,E01001433,0,1
2025010553406,2025,010553406,2,9,0,99,99,9,9,99,99,9,9,99,9,99,1,9,6,6,3,29,6,-1,-1,-1,-1,3,E01001445,0,1
2025010553409,2025,010553409,2,9,0,18,19,3,7,0,0,1,0,0,0,0,1,1,5,6,1,80,11,-1,-1,-1,-1,4,E01003695,0,1
2025010553409,2025,010553409,1,9,0,18,19,7,3,0,0,1,0,0,0,0,2,1,5,6,1,46,8,-1,-1,-1,-1,8,E01021744,0,1
2025010553410,2025,010553410,1,9,0,9,9,7,4,0,0,8,0,0,0,0,3,1,5,6,1,30,6,-1,-1,-1,-1,4,E01002973,0,2
2025010553410,2025,010553410,2,1,0,18,19,7,3,4,4,1,0,0,0,0,1,1,5,6,2,37,7,-1,-1,-1,-1,10,E01001375,0,1
2025010553411,2025,010553411,1,9,0,99,99,9,9,99,99,9,9,99,9,99,1,9,6,6,1,42,7,-1,-1,-1,-1,6,E01001288,0,1
2025010553418,2025,010553418,1,9,0,-1,-1,3,7,0,0,0,0,0,0,0,1,1,6,6,1,33,6,-1,-1,-1,-1,2,E01034476,0,1
2025010553418,2025,010553418,2,4,0,5,5,7,3,0,0,0,0,0,0,0,1,1,1,1,1,43,7,-1,-1,-1,-1,5,E01003766,0,1
2025010553429,2025,010553429,2,98,0,99,99,9,9,99,99,9,9,99,9,99,1,9,6,6,1,41,7,-1,-1,-1,-1,10,E01017801,0,4
2025010553429,2025,010553429,1,3,0,99,99,9,9,99,99,9,9,99,9,99,2,1,1,1,1,29,6,-1,-1,-1,-1,5,E01034036,0,1
2025010553432,2025,010553432,1,11,0,5,5,4,8,6,6,1,0,0,0,0,0,1,1,1,1,20,4,-1,-1,-1,-1,-1,-1,0,-1
2025010553435,2025,010553435,2,9,0,99,99,9,9,99,99,9,9,99,9,99,9,9,6,6,3,-1,-1,-1,-1,-1,-1,-1,-1,0,-1
2025010553435,2025,010553435,1,9,0,99,99,9,9,99,99,9,9,99,9,99,9,9,5,6,2,30,6,-1,-1,-1,-1,2,E01002870,0,2
2025010553437,2025,010553437,1,9,9,3,3,9,9,99,99,2,0,0,0,0,2,9,5,6,2,46,8,-1,-1,-1,-1,2,E01000042,0,1
2025010553437,2025,010553437,2,9,0,-1,-1,9,9,0,0,1,0,0,0,0,1,9,6,6,3,35,6,-1,-1,-1,-1,-1,-1,0,-1
2025010553443,2025,010553443,1,3,0,5,5,0,2,0,0,1,0,0,0,0,3,1,6,6,2,39,7,-1,-1,-1,-1,2,E01004665,0,1
2025010553443,2025,010553443,2,3,0,-1,-1,6,2,0,0,1,0,0,0,0,4,1,6,6,1,21,5,-1,-1,-1,-1,6,E01004474,0,1
2025010553447,2025,010553447,1,9,0,-1,-1,1,5,0,0,1,1,4,0,0,1,1,6,6,1,21,5,-1,-1,-1,-1,4,E01003485,0,1
2025010553447,2025,010553447,2,9,0,2,2,0,0,0,0,1,0,0,0,0,2,1,6,6,3,-1,-1,-1,-1,-1,-1,-1,-1,0,-1
2025010553447,2025,010553447,3,9,0,2,2,0,0,0,0,1,0,0,0,0,1,1,6,6,3,-1,-1,-1,-1,-1,-1,-1,-1,0,-1
2025010553453,2025,010553453,1,9,0,4,4,1,5,0,0,8,0,0,7,0,1,1,6,6,1,46,8,-1,-1,-1,-1,4,E01001514,0,1
2025010553456,2025,010553456,1,9,0,18,19,1,5,0,0,3,0,0,0,0,1,1,2,2,1,19,4,-1,-1,-1,-1,1,E01001115,0,1
2025010553456,2025,010553456,2,1,0,18,19,5,1,0,0,3,0,0,0,0,4,1,1,1,1,35,6,-1,-1,-1,-1,7,E01004529,0,1
2025010553458,2025,010553458,2,9,0,18,19,1,5,0,0,0,0,0,0,0,1,1,6,6,2,44,7,-1,-1,-1,-1,-1,-1,0,-1
2025010553458,2025,010553458,3,9,0,2,2,0,0,0,0,0,0,0,0,0,1,1,6,6,3,-1,-1,-1,-1,-1,-1,-1,-1,0,-1
2025010553458,2025,010553458,1,9,0,18,19,5,1,0,0,0,0,0,0,0,1,1,6,6,1,54,8,-1,-1,-1,-1,-1,-1,0,-1
2025010553459,2025,010553459,1,9,0,4,4,3,7,0,0,0,0,0,0,0,3,1,6,6,1,26,6,-1,-1,-1,-1,6,E01003713,0,1
2025010553459,2025,010553459,2,4,0,-1,-1,3,7,0,0,0,0,0,0,0,1,1,6,6,1,33,6,-1,-1,-1,-1,4,E01002250,0,1
2025010553462,2025,010553462,1,3,0,13,13,3,7,0,0,1,0,0,0,0,1,1,5,6,1,24,5,-1,-1,-1,-1,6,E01003359,0,1
2025010553462,2025,010553462,2,9,0,9,9,3,1,0,0,1,0,0,0,0,3,1,1,1,1,44,7,-1,-1,-1,-1,7,E01004134,0,1
2025010553466,2025,010553466,1,9,0,4,4,3,7,0,0,0,0,0,0,0,2,1,5,6,1,18,4,-1,-1,-1,-1,2,E01002053,0,2
2025010553466,2025,010553466,2,9,0,4,4,3,7,0,0,0,0,0,0,0,1,1,5,6,2,58,9,-1,-1,-1,-1,5,E01023304,0,3
2025010553475,2025,010553475,2,9,0,15,15,2,6,0,0,1,0,0,0,0,1,1,6,6,1,-1,-1,-1,-1,-1,-1,5,E01003161,0,1
2025010553475,2025,010553475,1,9,0,2,2,0,0,0,0,2,0,0,0,0,4,1,6,6,3,-1,-1,-1,-1,-1,-1,-1,-1,0,-1
2025010553476,2025,010553476,1,3,0,99,99,9,9,99,99,9,9,99,9,99,1,1,2,2,2,38,7,-1,-1,-1,-1,4,E01001233,0,1
2025010553476,2025,010553476,2,9,0,99,99,9,9,99,99,9,9,99,9,99,9,9,6,6,1,57,9,-1,-1,-1,-1,4,E01003448,0,3
2025010553480,2025,010553480,1,2,0,-1,-1,1,5,0,0,1,1,11,0,0,0,1,1,1,1,23,5,-1,-1,-1,-1,-1,-1,0,-1
2025010553482,2025,010553482,4,9,0,4,4,8,4,0,0,1,0,0,0,0,2,1,6,6,2,30,6,-1,-1,-1,-1,-1,-1,0,-1
2025010553482,2025,010553482,5,9,0,4,4,8,4,0,0,1,0,0,0,0,2,1,6,6,1,26,6,-1,-1,-1,-1,5,E01015953,0,4
2025010553482,2025,010553482,2,9,0,4,4,8,4,0,0,1,0,0,0,0,2,1,6,6,2,56,9,-1,-1,-1,-1,10,E01001456,0,2
2025010553482,2025,010553482,1,9,0,4,4,8,4,0,0,1,0,0,0,0,1,1,2,2,1,33,6,-1,-1,-1,-1,3,E01016511,0,4
2025010553482,2025,010553482,3,9,0,4,4,8,4,0,0,1,0,0,0,0,2,1,6,6,1,22,5,-1,-1,-1,-1,3,E01003536,0,3
2025010553483,2025,010553483,1,9,0,5,5,5,1,0,0,1,0,0,0,0,1,1,6,6,3,25,5,-1,-1,-1,-1,-1,-1,0,-1
2025010553484,2025,010553484,1,9,0,-1,-1,1,5,0,0,1,0,10,1,0,3,1,5,6,1,42,7,-1,-1,-1,-1,1,E01001846,0,1
2025010553484,2025,010553484,2,9,0,13,13,1,5,0,0,1,0,0,0,0,4,1,6,6,3,-1,-1,-1,-1,-1,-1,-1,-1,0,-1
2025010553484,2025,010553484,3,9,0,3,3,1,5,0,0,1,0,0,0,0,0,1,6,6,1,38,7,-1,-1,-1,-1,-1,-1,0,-1
2025010553488,2025,010553488,2,9,0,18,19,7,3,0,0,0,0,0,1,11,1,1,5,6,2,28,6,-1,-1,-1,-1,4,E01004202,0,2
2025010553488,2025,010553488,1,9,0,18,19,3,7,0,0,0,1,0,1,11,1,1,5,6,1,25,5,-1,-1,-1,-1,2,E01033605,0,1
2025010553490,2025,010553490,1,8,0,99,99,9,9,99,99,0,9,99,9,99,2,9,1,1,1,38,7,-1,-1,-1,-1,4,E01002308,0,3
2025010553490,2025,010553490,2,19,0,99,99,9,9,99,99,0,9,99,9,99,1,9,6,6,3,-1,-1,-1,-1,-1,-1,-1,-1,0,-1
2025010553496,2025,010553496,2,3,0,-1,-1,7,3,0,0,0,0,0,0,0,3,1,1,1,1,23,5,-1,-1,-1,-1,4,E01003602,0,2
2025010553496,2025,010553496,1,9,0,-1,-1,7,3,0,0,0,0,0,0,0,1,1,6,6,3,-1,-1,-1,-1,-1,-1,-1,-1,0,-1
2025010553499,2025,010553499,2,9,0,-1,-1,8,4,0,0,0,0,4,0,0,1,1,6,6,1,30,6,-1,-1,-1,-1,6,E01003281,0,1
2025010553499,2025,010553499,1,9,0,2,2,0,0,0,0,0,0,0,0,0,2,1,6,6,3,-1,-1,-1,-1,-1,-1,-1,-1,0,-1
2025010553503,2025,010553503,1,9,0,18,19,1,5,0,0,1,0,0,0,0,1,1,6,6,1,56,9,-1,-1,-1,-1,2,E01001693,0,1
2025010553503,2025,010553503,2,9,0,2,2,0,0,0,0,1,0,0,0,0,0,1,6,6,3,-1,-1,-1,-1,-1,-1,-1,-1,0,-1
2025010553508,2025,010553508,1,9,0,18,19,7,3,0,0,0,0,4,0,0,1,1,2,2,1,33,6,-1,-1,-1,-1,4,E01002393,0,1
2025010553508,2025,010553508,2,19,0,2,2,0,0,0,0,0,0,0,0,0,2,1,6,6,3,-1,-1,-1,-1,-1,-1,-1,-1,0,-1
2025010553512,2025,010553512,1,9,0,99,99,9,9,99,99,9,9,99,9,99,9,9,6,6,3,-1,-1,-1,-1,-1,-1,-1,-1,0,-1
2025010553512,2025,010553512,2,1,9,99,99,9,9,99,99,9,9,99,9,99,9,1,2,2,1,31,6,-1,-1,-1,-1,3,E01004263,0,1
2025010553513,2025,010553513,3,9,0,-1,-1,1,5,0,0,2,0,4,0,0,2,1,5,6,1,19,4,-1,-1,-1,-1,7,E01004173,0,1
2025010553513,2025,010553513,4,9,0,2,2,0,0,0,0,8,0,0,0,0,1,1,6,6,3,-1,-1,-1,-1,-1,-1,-1,-1,0,-1
2025010553513,2025,010553513,5,19,0,2,2,0,0,0,0,8,0,0,0,0,1,1,6,6,3,-1,-1,-1,-1,-1,-1,-1,-1,0,-1
2025010553513,2025,010553513,6,9,0,2,2,0,0,0,0,8,0,0,0,0,1,1,6,6,3,-1,-1,-1,-1,-1,-1,-1,-1,0,-1
2025010553513,2025,010553513,2,9,0,15,15,5,1,0,0,2,0,0,0,0,1,1,5,6,1,40,7,-1,-1,-1,-1,9,E01003356,0,2
2025010553513,2025,010553513,1,9,0,-1,-1,5,1,0,0,2,0,0,0,0,1,1,5,6,1,44,7,-1,-1,-1,-1,9,E01003356,0,2
2025010553514,2025,010553514,1,9,0,99,99,9,9,99,99,0,9,99,9,99,2,9,5,6,2,52,8,-1,-1,-1,-1,7,E01003691,0,1
2025010553515,2025,010553515,1,9,0,99,99,9,9,99,99,9,9,99,9,99,1,9,2,2,1,27,6,-1,-1,-1,-1,5,E01002546,0,1
2025010553517,2025,010553517,1,9,0,18,19,3,7,0,0,2,0,0,7,10,1,1,6,6,2,52,8,-1,-1,-1,-1,4,E01001183,0,1
2025010553517,2025,010553517,2,9,0,18,19,5,1,0,0,6,0,0,0,0,1,1,6,6,2,37,7,-1,-1,-1,-1,10,E01001104,0,2
2025010553521,2025,010553521,1,9,0,2,2,0,0,0,0,2,0,0,0,0,1,1,6,6,3,-1,-1,-1,-1,-1,-1,-1,-1,0,-1
2025010553521,2025,010553521,2,9,0,2,2,0,0,0,0,2,0,0,0,0,1,1,6,6,3,-1,-1,-1,-1,-1,-1,-1,-1,0,-1
2025010553521,2025,010553521,5,9,0,18,19,1,5,0,0,8,0,0,0,0,1,1,6,6,1,63,9,-1,-1,-1,-1,-1,-1,0,-1
2025010553521,2025,010553521,4,9,0,2,2,0,0,0,0,2,0,0,0,0,2,1,6,6,3,-1,-1,-1,-1,-1,-1,-1,-1,0,-1