collision_index,collision_year,collision_ref_no,vehicle_reference,vehicle_type,towing_and_articulation,vehicle_manoeuvre_historic,vehicle_manoeuvre,vehicle_direction_from,vehicle_direction_to,vehicle_location_restricted_lane_historic,vehicle_location_restricted_lane,junction_location,skidding_and_overturning,hit_object_in_carriageway,vehicle_leaving_carriageway,hit_object_off_carriageway,first_point_of_impact,vehicle_left_hand_drive,journey_purpose_of_driver_historic,journey_purpose_of_driver,sex_of_driver,age_of_driver,age_band_of_driver,engine_capacity_cc,propulsion_code,age_of_vehicle,generic_make_model,driver_imd_decile,lsoa_of_driver,escooter_flag,driver_distance_banding
2025010553898,2025,010553898,1,9,0,9,9,1,6,0,0,5,0,0,0,0,4,1,5,6,1,66,10,-1,-1,-1,-1,6,E01003085,0,1
2025010553901,2025,010553901,2,20,0,2,2,0,0,0,0,1,0,0,1,10,2,1,6,6,3,-1,-1,-1,-1,-1,-1,-1,-1,0,-1
2025010553901,2025,010553901,1,19,0,18,19,1,5,0,0,1,0,4,0,0,1,1,5,6,1,26,6,-1,-1,-1,-1,5,E01004221,0,2
2025010553902,2025,010553902,2,9,0,99,99,9,9,99,99,9,9,99,9,99,9,9,6,6,3,-1,-1,-1,-1,-1,-1,-1,-1,0,-1
2025010553902,2025,010553902,1,1,9,99,99,9,9,99,99,9,9,99,9,99,1,1,2,2,2,33,6,-1,-1,-1,-1,1,E01004245,0,2
2025010553906,2025,010553906,1,3,0,99,99,9,9,99,99,9,9,99,9,99,9,1,1,1,3,30,6,-1,-1,-1,-1,2,E01002087,0,2
2025010553906,2025,010553906,2,9,9,99,99,9,9,99,99,9,9,99,9,99,9,9,6,6,3,-1,-1,-1,-1,-1,-1,-1,-1,0,-1
2025010553913,2025,010553913,2,9,0,7,7,7,1,0,0,1,0,0,0,0,1,1,5,6,1,29,6,-1,-1,-1,-1,2,E01004272,0,2
2025010553913,2025,010553913,1,1,0,-1,-1,7,3,4,4,1,0,0,0,0,1,1,5,6,1,35,6,-1,-1,-1,-1,8,E01000569,0,3
2025010553915,2025,010553915,2,20,9,99,99,9,9,99,99,0,9,99,9,99,9,9,6,6,3,-1,-1,-1,-1,-1,-1,-1,-1,0,-1
2025010553915,2025,010553915,1,9,0,99,99,9,9,99,99,0,9,99,9,99,2,9,5,6,1,51,8,-1,-1,-1,-1,2,E01004129,0,1
2025010553917,2025,010553917,2,9,0,5,5,5,1,8,6,7,0,0,0,0,3,1,5,6,1,50,8,-1,-1,-1,-1,2,E01001979,0,1
2025010553917,2025,010553917,1,2,0,18,19,5,1,0,0,8,2,0,0,0,3,1,2,2,1,23,5,-1,-1,-1,-1,-1,-1,0,-1
2025010553920,2025,010553920,1,19,0,1,1,5,1,0,0,0,0,0,0,0,2,1,6,6,1,51,8,-1,-1,-1,-1,3,E01003235,0,1
2025010553921,2025,010553921,1,11,0,-1,-1,1,5,99,99,9,0,0,0,0,9,1,6,6,3,-1,-1,-1,-1,-1,-1,-1,-1,0,-1
2025010553925,2025,010553925,2,9,9,99,99,9,9,99,99,6,9,99,9,99,9,9,6,6,3,-1,-1,-1,-1,-1,-1,-1,-1,0,-1
2025010553925,2025,010553925,1,3,0,99,99,9,9,99,99,1,9,99,9,99,1,1,1,1,3,18,4,-1,-1,-1,-1,5,E01021443,0,4
2025010553926,2025,010553926,1,8,9,-1,-1,3,7,99,99,9,9,99,9,99,9,9,6,6,3,-1,-1,-1,-1,-1,-1,-1,-1,0,-1
2025010553929,2025,010553929,1,9,0,-1,-1,5,1,0,0,0,0,0,1,2,0,1,6,6,2,30,6,-1,-1,-1,-1,4,E01033789,0,1
2025010553933,2025,010553933,1,9,0,99,99,9,9,99,99,9,9,99,9,99,2,9,5,6,1,32,6,-1,-1,-1,-1,6,E01016502,0,2
2025010553933,2025,010553933,2,9,0,99,99,9,9,99,99,9,9,99,9,99,2,9,6,6,3,-1,-1,-1,-1,-1,-1,-1,-1,0,-1
2025010553935,2025,010553935,1,1,9,99,99,9,9,99,99,9,9,99,9,99,1,1,2,2,1,26,6,-1,-1,-1,-1,2,E01003303,0,2
2025010553935,2025,010553935,2,1,9,99,99,9,9,99,99,9,9,99,9,99,9,1,6,6,3,-1,-1,-1,-1,-1,-1,-1,-1,0,-1
2025010553937,2025,010553937,2,9,0,-1,-1,7,3,0,0,0,0,0,0,0,1,1,6,6,3,-1,-1,-1,-1,-1,-1,-1,-1,0,-1
2025010553937,2025,010553937,1,9,0,4,4,7,3,0,0,0,0,0,0,0,2,1,1,1,1,27,6,-1,-1,-1,-1,5,E01001984,0,2
2025010553943,2025,010553943,2,9,0,99,99,9,9,99,99,9,9,99,9,99,1,9,6,6,3,-1,-1,-1,-1,-1,-1,-1,-1,0,-1
2025010553943,2025,010553943,1,9,0,99,99,9,9,99,99,9,9,99,9,99,9,9,5,6,2,39,7,-1,-1,-1,-1,4,E01024640,0,4
2025010553944,2025,010553944,1,3,0,13,13,1,5,0,0,0,0,0,0,0,3,1,2,2,1,32,6,-1,-1,-1,-1,2,E01001783,0,1
2025010553944,2025,010553944,2,9,0,6,6,1,1,0,0,0,0,0,0,0,3,1,5,6,1,19,4,-1,-1,-1,-1,3,E01000137,0,1
2025010553945,2025,010553945,1,11,0,4,4,2,6,0,0,8,0,0,0,0,0,1,1,1,1,56,9,-1,-1,-1,-1,3,E01002521,0,1
2025010553947,2025,010553947,1,90,0,9,9,7,5,0,0,6,0,0,0,0,4,1,1,1,1,33,6,-1,-1,-1,-1,3,E01003229,0,1
2025010553947,2025,010553947,2,-1,0,18,19,1,5,0,0,2,0,0,1,0,3,1,6,6,1,53,8,-1,-1,-1,-1,2,E01003066,1,1
2025010553949,2025,010553949,1,90,9,99,99,9,9,99,99,9,9,99,9,99,9,1,6,6,3,-1,-1,-1,-1,-1,-1,-1,-1,0,-1
2025010553953,2025,010553953,2,9,0,99,99,9,9,99,99,9,9,99,9,99,9,9,6,6,3,-1,-1,-1,-1,-1,-1,-1,-1,0,-1
2025010553953,2025,010553953,1,3,0,99,99,9,9,99,99,9,9,99,9,99,9,1,2,2,1,42,7,-1,-1,-1,-1,5,E01002613,0,2
2025010553954,2025,010553954,1,9,0,18,19,3,7,0,0,0,0,0,0,0,0,1,5,6,2,43,7,-1,-1,-1,-1,-1,-1,0,-1
2025010553954,2025,010553954,2,9,0,18,19,3,7,0,0,0,0,0,0,0,0,1,1,1,1,43,7,-1,-1,-1,-1,1,E01002736,0,4
2025010553965,2025,010553965,1,9,0,9,9,1,6,0,0,1,0,0,1,0,3,1,6,6,1,28,6,-1,-1,-1,-1,3,E01003240,0,2
2025010553969,2025,010553969,1,3,0,5,5,7,3,0,0,8,1,0,0,0,3,1,6,6,1,56,9,-1,-1,-1,-1,5,E01033457,0,1
2025010553970,2025,010553970,2,9,0,99,99,9,9,0,0,9,0,0,0,0,2,1,6,6,3,-1,-1,-1,-1,-1,-1,-1,-1,0,-1
2025010553970,2025,010553970,1,9,0,99,99,9,9,99,99,9,9,99,9,99,1,9,5,6,1,24,5,-1,-1,-1,-1,2,E01002553,0,3
2025010553971,2025,010553971,2,9,0,18,19,3,7,0,0,1,0,0,0,0,0,1,1,1,1,36,7,-1,-1,-1,-1,9,E01023319,0,4
2025010553971,2025,010553971,1,9,0,18,19,3,7,0,0,1,0,0,0,0,1,1,5,6,1,22,5,-1,-1,-1,-1,4,E01032772,0,1
2025010553971,2025,010553971,3,9,0,18,19,7,3,0,0,1,0,0,0,0,1,1,5,6,1,54,8,-1,-1,-1,-1,3,E01004203,0,1
2025010553978,2025,010553978,1,9,0,-1,-1,1,5,0,0,1,1,0,0,0,2,1,5,6,1,29,6,-1,-1,-1,-1,4,E01021777,0,3
2025010553978,2025,010553978,2,3,0,4,4,1,5,0,0,1,0,0,0,0,2,1,1,1,1,24,5,-1,-1,-1,-1,4,E01004406,0,1
2025010553979,2025,010553979,1,1,0,-1,-1,5,1,0,0,1,0,0,0,0,1,1,6,6,3,-1,-1,-1,-1,-1,-1,-1,-1,0,-1
2025010553984,2025,010553984,1,11,0,-1,-1,7,3,2,2,8,0,0,0,0,3,1,1,1,1,39,7,-1,-1,-1,-1,6,E01003713,0,2
2025010553984,2025,010553984,2,1,0,3,3,3,7,2,2,1,0,0,0,0,3,1,6,6,1,35,6,-1,-1,-1,-1,3,E01004332,0,1
2025010553987,2025,010553987,1,9,0,9,9,1,7,0,0,8,0,11,0,0,1,1,5,6,1,19,4,-1,-1,-1,-1,1,E01002905,0,1
2025010553989,2025,010553989,1,9,0,18,19,1,5,0,0,1,0,0,0,0,1,1,6,6,1,74,10,-1,-1,-1,-1,5,E01000516,0,1
2025010553991,2025,010553991,2,9,9,99,99,9,9,99,99,9,9,99,9,99,9,9,6,6,3,-1,-1,-1,-1,-1,-1,-1,-1,0,-1
2025010553991,2025,010553991,1,9,0,99,99,9,9,99,99,9,0,99,9,0,9,9,5,6,2,20,4,-1,-1,-1,-1,9,E01004079,0,1
2025010553994,2025,010553994,1,9,0,-1,-1,3,7,0,0,2,0,0,0,0,1,1,6,6,3,-1,-1,-1,-1,-1,-1,-1,-1,0,-1
2025010554000,2025,010554000,1,9,0,9,9,7,4,0,0,1,0,0,0,0,1,1,6,6,1,29,6,-1,-1,-1,-1,4,E01003534,0,1
2025010554001,2025,010554001,1,5,0,14,14,1,5,0,0,2,0,4,0,0,1,1,3,7,1,41,7,-1,-1,-1,-1,3,E01031559,0,4
2025010554002,2025,010554002,2,1,0,18,19,5,1,0,0,1,0,0,0,0,1,1,6,6,1,16,4,-1,-1,-1,-1,3,E01001371,0,1
2025010554002,2025,010554002,1,9,0,5,5,3,7,0,0,2,0,0,0,0,3,1,2,2,1,32,6,-1,-1,-1,-1,3,E01001362,0,1
2025010554003,2025,010554003,2,3,0,99,99,9,9,99,99,6,9,99,9,99,1,1,6,6,3,24,5,-1,-1,-1,-1,5,E01002651,0,1
2025010554003,2025,010554003,1,3,0,99,99,9,9,99,99,1,9,99,9,99,9,1,5,6,1,28,6,-1,-1,-1,-1,4,E01002647,0,1
2025010554008,2025,010554008,1,3,0,99,99,9,9,99,99,9,9,99,9,99,9,1,1,1,1,28,6,-1,-1,-1,-1,6,E01003694,0,2
2025010554016,2025,010554016,1,9,0,-1,-1,8,4,0,0,0,0,0,0,0,1,1,6,6,3,-1,-1,-1,-1,-1,-1,-1,-1,0,-1
2025010554016,2025,010554016,2,9,0,3,3,8,4,0,0,0,0,0,0,0,2,1,1,1,1,62,9,-1,-1,-1,-1,4,E01000439,0,3
2025010554019,2025,010554019,1,9,0,18,19,6,2,0,0,1,0,0,0,0,1,1,2,2,1,27,6,-1,-1,-1,-1,1,E01032569,0,3
2025010554019,2025,010554019,2,3,0,9,9,6,5,0,0,1,0,10,0,0,2,1,1,1,1,21,5,-1,-1,-1,-1,3,E01001244,0,1
2025010554022,2025,010554022,1,9,0,18,19,7,3,0,0,0,0,10,0,0,1,1,6,6,1,24,5,-1,-1,-1,-1,-1,-1,0,-1
2025010554025,2025,010554025,2,9,0,-1,-1,7,3,0,0,0,0,0,0,0,1,1,5,6,1,23,5,-1,-1,-1,-1,-1,-1,0,-1
2025010554025,2025,010554025,1,9,0,5,5,1,5,0,0,0,0,0,0,0,4,1,5,6,1,18,4,-1,-1,-1,-1,8,E01003659,0,1
2025010554029,2025,010554029,1,9,0,1,1,1,5,0,0,1,0,0,0,0,3,1,2,2,1,49,8,-1,-1,-1,-1,5,E01030971,0,4
2025010554030,2025,010554030,1,9,0,-1,-1,3,7,0,0,8,0,10,0,0,1,1,2,2,1,25,5,-1,-1,-1,-1,4,E01003562,0,1
2025010554030,2025,010554030,2,19,4,-1,-1,3,7,0,0,8,0,0,3,0,1,1,1,1,1,41,7,-1,-1,-1,-1,5,E01021819,0,4
2025010554031,2025,010554031,1,9,0,5,5,1,5,0,0,1,0,11,0,0,1,1,5,6,2,36,7,-1,-1,-1,-1,2,E01034472,0,1
2025010554035,2025,010554035,2,19,0,11,11,3,7,0,0,1,0,0,0,0,4,1,6,6,3,-1,-1,-1,-1,-1,-1,-1,-1,0,-1
2025010554035,2025,010554035,1,9,0,-1,-1,3,7,0,0,1,0,0,0,0,1,1,2,2,1,47,8,-1,-1,-1,-1,7,E01000657,0,3
2025010554038,2025,010554038,2,9,0,9,9,1,7,0,0,6,0,0,0,0,1,1,2,2,1,52,8,-1,-1,-1,-1,-1,-1,0,-1
2025010554038,2025,010554038,1,1,0,18,19,7,3,0,0,1,0,0,0,0,1,1,2,2,1,38,7,-1,-1,-1,-1,9,E01002384,0,4
2025010554044,2025,010554044,2,9,0,99,99,9,9,99,99,9,9,99,9,99,9,9,6,6,1,21,5,-1,-1,-1,-1,2,E01001333,0,2
2025010554044,2025,010554044,1,1,9,99,99,9,9,99,99,9,9,99,9,99,1,1,2,2,1,37,7,-1,-1,-1,-1,6,E01002541,0,1
2025010554070,2025,010554070,2,8,0,9,9,1,7,0,0,1,0,0,0,0,1,1,2,2,1,50,8,-1,-1,-1,-1,4,E01004406,0,1
2025010554070,2025,010554070,1,20,4,-1,-1,5,1,0,0,1,0,0,0,0,1,1,1,1,1,52,8,-1,-1,-1,-1,4,E01016100,0,4
2025010554071,2025,010554071,1,19,0,-1,-1,7,1,0,0,8,0,0,0,0,3,1,1,1,1,47,8,-1,-1,-1,-1,2,E01001477,0,2
2025010554071,2025,010554071,2,90,0,-1,-1,7,1,0,0,8,0,0,0,0,1,1,1,1,1,65,9,-1,-1,-1,-1,8,E01021677,0,4
2025010554076,2025,010554076,2,4,0,99,99,9,9,99,99,9,9,99,9,99,9,1,6,6,1,21,5,-1,-1,-1,-1,4,E01004453,0,2
2025010554076,2025,010554076,1,1,9,99,99,9,9,99,99,9,9,99,9,99,9,1,2,2,1,50,8,-1,-1,-1,-1,7,E01000324,0,2
2025010554088,2025,010554088,2,19,0,9,9,3,8,0,0,6,0,0,0,0,2,1,1,1,1,23,5,-1,-1,-1,-1,3,E01003570,0,1
2025010554088,2025,010554088,1,90,0,18,19,3,7,0,0,6,0,0,0,0,1,1,5,6,1,56,9,-1,-1,-1,-1,4,E01034369,0,3
2025010554092,2025,010554092,1,3,0,99,99,9,9,99,99,9,9,99,9,99,9,1,5,6,1,37,7,-1,-1,-1,-1,6,E01000400,0,2
2025010554092,2025,010554092,2,9,0,99,99,9,9,99,99,9,9,99,9,99,9,9,6,6,3,-1,-1,-1,-1,-1,-1,-1,-1,0,-1
2025010554093,2025,010554093,2,9,0,99,99,9,9,99,99,9,9,99,9,99,1,9,6,6,3,-1,-1,-1,-1,-1,-1,2,E01002553,0,1
2025010554093,2025,010554093,1,3,0,99,99,9,9,99,99,9,9,99,9,99,9,1,5,6,1,36,7,-1,-1,-1,-1,4,E01035252,0,2
2025010554108,2025,010554108,2,9,0,18,19,5,1,0,0,2,0,0,0,0,2,2,1,1,1,56,9,-1,-1,-1,-1,8,E01029641,0,5
2025010554108,2025,010554108,1,11,0,5,5,5,1,0,0,8,0,4,3,0,1,2,1,1,1,40,7,-1,-1,-1,-1,6,E01003359,0,3
2025010554114,2025,010554114,1,11,0,99,99,9,9,99,99,9,9,99,9,99,1,9,6,6,1,65,9,-1,-1,-1,-1,4,E01034601,0,2
2025010554116,2025,010554116,1,9,0,-1,-1,5,1,0,0,1,0,0,7,0,1,1,5,6,2,54,8,-1,-1,-1,-1,3,E01003240,0,3
2025010554116,2025,010554116,2,8,0,-1,-1,5,1,0,0,1,0,0,1,0,1,1,5,6,1,28,6,-1,-1,-1,-1,4,E01004038,0,2
2025010554142,2025,010554142,2,1,0,14,14,1,5,0,0,0,0,0,0,0,4,1,1,1,1,43,7,-1,-1,-1,-1,5,E01033922,0,3
2025010554142,2025,010554142,1,9,0,14,14,1,5,0,0,0,0,0,0,0,3,1,5,6,1,28,6,-1,-1,-1,-1,8,E01004648,0,1
2025010554144,2025,010554144,2,4,0,99,99,9,9,99,99,9,9,99,9,99,9,1,2,2,1,48,8,-1,-1,-1,-1,8,E01002372,0,3
2025010554144,2025,010554144,1,9,0,99,99,9,9,99,99,9,9,99,9,99,9,9,6,6,3,-1,-1,-1,-1,-1,-1,-1,-1,0,-1
2025010554145,2025,010554145,2,9,0,99,99,9,9,99,99,9,9,99,9,99,9,9,6,6,2,34,6,-1,-1,-1,-1,3,E01035667,0,1
2025010554145,2025,010554145,1,9,0,99,99,9,9,99,99,9,9,99,9,99,1,9,6,6,3,46,8,-1,-1,-1,-1,4,E01004373,0,1
2025010554151,2025,010554151,1,9,0,18,19,7,3,0,0,8,0,0,0,0,1,1,6,6,3,-1,-1,-1,-1,-1,-1,-1,-1,0,-1
2025010554152,2025,010554152,1,5,0,16,19,7,3,0,0,4,0,0,0,0,1,1,2,2,1,59,9,-1,-1,-1,-1,3,E01021806,0,3
2025010554152,2025,010554152,2,9,0,17,19,7,3,0,0,3,0,0,0,0,1,1,1,1,1,41,7,-1,-1,-1,-1,3,E01003726,0,3
2025010554154,2025,010554154,1,9,0,-1,-1,5,1,0,0,0,0,0,0,0,1,1,2,2,2,47,8,-1,-1,-1,-1,4,E01021779,0,2
2025010554154,2025,010554154,2,9,0,4,4,5,1,0,0,0,0,0,0,0,0,1,6,6,3,-1,-1,-1,-1,-1,-1,-1,-1,0,-1
2025010554155,2025,010554155,1,9,0,17,19,1,5,0,0,4,0,0,0,0,1,1,1,1,1,51,8,-1,-1,-1,-1,9,E01003652,0,3
2025010554155,2025,010554155,2,1,0,17,19,1,5,0,0,6,0,0,1,0,3,1,2,2,1,31,6,-1,-1,-1,-1,3,E01034389,0,2
2025010554158,2025,010554158,1,5,0,5,5,0,1,0,0,1,1,0,0,0,0,1,2,2,2,45,7,-1,-1,-1,-1,2,E01000603,0,3
2025010554159,2025,010554159,1,2,0,5,5,0,2,0,0,0,0,4,0,0,1,1,6,6,1,30,6,-1,-1,-1,-1,2,E01003189,0,1
2025010554159,2025,010554159,2,19,0,1,1,2,7,6,6,0,0,4,0,0,2,1,1,1,1,62,9,-1,-1,-1,-1,1,E01024613,0,4
2025010554160,2025,010554160,1,9,0,99,99,9,9,99,99,9,9,99,9,99,1,9,6,6,3,-1,-1,-1,-1,-1,-1,-1,-1,0,-1
2025010554161,2025,010554161,1,1,9,99,99,9,9,99,99,1,9,99,9,99,1,1,2,2,1,26,6,-1,-1,-1,-1,7,E01000668,0,2
2025010554161,2025,010554161,2,9,0,99,99,9,9,99,99,6,9,99,9,99,1,9,6,6,3,61,9,-1,-1,-1,-1,8,E01001134,0,1
2025010554163,2025,010554163,2,9,0,7,7,5,7,0,0,5,0,7,0,0,1,1,5,6,2,51,8,-1,-1,-1,-1,6,E01000218,0,1
2025010554163,2025,010554163,1,9,0,4,4,5,1,0,0,1,0,0,0,0,0,1,6,6,1,19,4,-1,-1,-1,-1,-1,-1,0,-1
2025010554164,2025,010554164,2,1,0,5,5,5,1,0,0,1,0,0,0,0,4,1,6,6,1,29,6,-1,-1,-1,-1,2,E01002715,0,1
2025010554164,2025,010554164,1,9,0,5,5,5,1,0,0,1,0,0,0,0,4,1,6,6,1,72,10,-1,-1,-1,-1,4,E01000900,0,1
2025010554167,2025,010554167,1,9,0,99,99,9,9,99,99,9,9,99,9,99,2,9,5,6,1,24,5,-1,-1,-1,-1,2,E01033146,0,1
2025010554170,2025,010554170,1,9,0,9,9,8,6,0,0,2,0,0,0,0,3,1,2,2,2,72,10,-1,-1,-1,-1,9,E01023378,0,4
2025010554173,2025,010554173,1,1,9,99,99,9,9,99,99,9,9,99,9,99,9,1,2,2,3,44,7,-1,-1,-1,-1,2,E01000509,0,1
2025010554173,2025,010554173,2,8,0,99,99,9,9,99,99,9,9,99,9,99,1,9,6,6,3,-1,-1,-1,-1,-1,-1,-1,-1,0,-1
2025010554174,2025,010554174,1,8,0,99,99,9,9,99,99,9,9,99,9,99,2,9,1,1,1,47,8,-1,-1,-1,-1,9,E01023436,0,4
2025010554174,2025,010554174,2,9,0,99,99,9,9,99,99,9,9,99,9,99,1,9,6,6,3,65,9,-1,-1,-1,-1,2,E01003912,0,3
2025010554182,2025,010554182,1,9,0,99,99,9,9,99,99,9,9,99,9,99,2,9,5,6,2,27,6,-1,-1,-1,-1,4,E01003785,0,1
2025010554187,2025,010554187,2,9,0,18,19,1,5,0,0,0,0,0,0,0,0,1,1,1,1,45,7,-1,-1,-1,-1,5,E01003666,0,2
2025010554187,2025,010554187,1,9,0,18,19,1,5,0,0,0,0,0,1,11,1,1,6,6,1,17,4,-1,-1,-1,-1,2,E01033581,0,1
2025010554189,2025,010554189,1,9,0,7,7,7,1,0,0,5,0,0,0,0,1,1,5,6,1,65,9,-1,-1,-1,-1,5,E01000071,0,1
2025010554193,2025,010554193,1,9,0,18,19,3,7,0,0,1,0,0,0,0,1,1,6,6,2,35,6,-1,-1,-1,-1,4,E01003549,0,1
2025010554193,2025,010554193,2,1,0,18,19,3,7,0,0,1,0,0,0,0,1,1,5,6,2,26,6,-1,-1,-1,-1,-1,-1,0,-1
2025010554197,2025,010554197,2,9,0,9,9,2,1,0,0,8,0,0,0,0,1,2,2,2,1,63,9,-1,-1,-1,-1,6,E01027925,0,5
2025010554197,2025,010554197,1,9,0,18,19,1,5,0,0,8,0,0,0,0,1,1,2,2,1,22,5,-1,-1,-1,-1,8,E01000225,0,2
2025010554201,2025,010554201,1,9,0,99,99,9,9,6,6,0,0,0,9,0,9,9,6,6,1,-1,-1,-1,-1,-1,-1,3,E01003310,0,1
2025010554201,2025,010554201,2,3,0,99,99,9,9,6,6,0,0,0,9,1,4,1,6,6,1,42,7,-1,-1,-1,-1,8,E01000714,0,1
2025010554202,2025,010554202,1,9,0,-1,-1,7,3,0,0,1,0,0,0,0,4,1,3,7,1,43,7,-1,-1,-1,-1,3,E01004344,0,1
2025010554203,2025,010554203,1,19,0,-1,-1,3,7,0,0,0,0,0,0,0,4,1,5,6,1,56,9,-1,-1,-1,-1,4,E01004187,0,3
2025010554206,2025,010554206,1,3,0,99,99,9,9,99,99,9,9,99,9,99,1,1,2,2,2,24,5,-1,-1,-1,-1,1,E01001013,0,3
2025010554206,2025,010554206,2,9,0,99,99,9,9,99,99,9,9,99,9,99,9,9,6,6,3,-1,-1,-1,-1,-1,-1,-1,-1,0,-1
2025010554209,2025,010554209,1,11,0,-1,-1,3,7,0,0,1,0,0,0,0,2,1,1,1,1,49,8,-1,-1,-1,-1,3,E01033705,0,2
2025010554215,2025,010554215,1,3,0,-1,-1,7,3,0,0,2,1,0,0,0,1,1,2,2,1,44,7,-1,-1,-1,-1,5,E01026287,0,5
2025010554215,2025,010554215,2,9,0,10,10,7,4,0,0,2,0,0,0,0,1,1,5,6,1,30,6,-1,-1,-1,-1,2,E01003181,0,2
2025010554218,2025,010554218,1,9,0,99,99,9,9,99,99,9,9,99,9,99,9,1,2,2,1,62,9,-1,-1,-1,-1,5,E01003259,0,1
2025010554220,2025,010554220,1,9,0,5,5,8,4,0,0,1,0,0,0,0,1,1,5,6,1,62,9,-1,-1,-1,-1,10,E01004087,0,1
2025010554222,2025,010554222,1,9,0,99,99,9,9,0,0,0,0,0,0,0,9,1,6,6,3,-1,-1,-1,-1,-1,-1,-1,-1,0,-1
2025010554229,2025,010554229,1,3,0,99,99,9,9,99,99,9,9,99,9,99,9,1,5,6,3,35,6,-1,-1,-1,-1,2,E01001012,0,1
2025010554229,2025,010554229,2,9,0,99,99,9,9,99,99,9,9,99,9,99,9,9,6,6,3,-1,-1,-1,-1,-1,-1,-1,-1,0,-1
2025010554233,2025,010554233,2,9,9,99,99,9,9,99,99,9,9,99,9,99,1,9,6,6,3,-1,-1,-1,-1,-1,-1,-1,-1,0,-1
2025010554233,2025,010554233,1,3,9,99,99,9,9,99,99,9,9,99,9,99,9,1,1,1,1,32,6,-1,-1,-1,-1,6,E01004519,0,1
2025010554240,2025,010554240,2,1,0,-1,-1,5,1,0,0,2,0,0,0,0,1,1,5,6,1,23,5,-1,-1,-1,-1,4,E01004643,0,1
2025010554240,2025,010554240,1,9,0,5,5,3,7,0,0,8,0,0,0,0,1,1,5,6,1,20,4,-1,-1,-1,-1,3,E01004679,0,2
2025010554243,2025,010554243,2,9,0,99,99,9,9,99,99,9,9,99,9,99,1,9,6,6,2,32,6,-1,-1,-1,-1,7,E01027019,0,5
2025010554243,2025,010554243,1,8,0,99,99,9,9,99,99,9,9,99,9,99,1,9,1,1,1,62,9,-1,-1,-1,-1,4,E01016521,0,4
2025010554245,2025,010554245,1,9,0,9,9,5,3,0,0,1,0,0,0,0,3,1,1,1,1,31,6,-1,-1,-1,-1,6,E01003693,0,2
2025010554251,2025,010554251,1,9,0,-1,-1,1,5,0,0,1,0,0,0,0,4,1,1,1,1,41,7,-1,-1,-1,-1,5,E01034040,0,2
2025010554254,2025,010554254,2,1,0,-1,-1,3,7,0,0,2,0,10,0,0,3,1,1,1,1,31,6,-1,-1,-1,-1,5,E01002369,0,2
2025010554254,2025,010554254,1,9,0,-1,-1,3,7,0,0,2,0,0,0,0,1,1,6,6,3,-1,-1,-1,-1,-1,-1,-1,-1,0,-1
2025010554255,2025,010554255,2,1,9,14,14,7,3,0,0,1,0,0,0,0,1,1,6,6,1,40,7,-1,-1,-1,-1,3,E01035695,0,3
2025010554255,2025,010554255,1,9,9,10,10,3,8,0,0,1,0,0,0,0,3,9,6,6,1,45,7,-1,-1,-1,-1,-1,-1,0,-1
2025010554261,2025,010554261,2,1,0,-1,-1,5,1,0,0,0,0,0,0,0,1,1,2,2,2,59,9,-1,-1,-1,-1,4,E01033870,0,1
2025010554261,2025,010554261,1,19,0,1,1,1,5,0,0,0,0,0,0,0,2,1,1,1,1,36,7,-1,-1,-1,-1,3,E01032583,0,1
2025010554263,2025,010554263,1,3,0,99,99,9,9,99,99,0,9,99,9,99,9,1,6,6,1,25,5,-1,-1,-1,-1,4,E01000788,0,1
2025010554264,2025,010554264,1,1,9,99,99,9,9,99,99,9,9,99,9,99,9,1,2,2,2,47,8,-1,-1,-1,-1,7,E01001084,0,2
2025010554264,2025,010554264,2,2,0,99,99,9,9,99,99,9,9,99,9,99,1,1,6,6,1,-1,-1,-1,-1,-1,-1,-1,-1,0,-1
2025010554266,2025,010554266,1,9,0,-1,-1,3,7,0,0,0,0,0,0,0,9,1,6,6,3,-1,-1,-1,-1,-1,-1,-1,-1,0,-1
2025010554268,2025,010554268,1,9,0,18,19,4,8,0,0,1,0,0,0,0,4,1,6,6,2,50,8,-1,-1,-1,-1,3,E01001325,0,1
2025010554268,2025,010554268,2,4,0,12,12,4,8,0,0,1,0,0,0,0,3,1,6,6,1,20,4,-1,-1,-1,-1,8,E01002495,0,1
2025010554272,2025,010554272,1,3,0,99,99,9,9,99,99,0,9,99,9,99,2,1,1,1,1,24,5,-1,-1,-1,-1,6,E01001498,0,1
2025010554272,2025,010554272,2,9,9,99,99,9,9,99,99,0,9,99,9,99,9,1,6,6,3,-1,-1,-1,-1,-1,-1,-1,-1,0,-1
2025010554275,2025,010554275,1,9,0,9,9,2,1,0,0,8,0,0,0,0,1,1,2,2,2,55,8,-1,-1,-1,-1,5,E01002635,0,1
2025010554275,2025,010554275,2,5,0,-1,-1,6,2,0,0,8,0,0,0,0,3,1,2,2,1,51,8,-1,-1,-1,-1,4,E01002447,0,1
2025010554277,2025,010554277,2,19,0,99,99,9,9,99,99,9,9,99,9,99,9,9,6,6,3,-1,-1,-1,-1,-1,-1,-1,-1,0,-1