collision_index,collision_year,collision_ref_no,vehicle_reference,vehicle_type,towing_and_articulation,vehicle_manoeuvre_historic,vehicle_manoeuvre,vehicle_direction_from,vehicle_direction_to,vehicle_location_restricted_lane_historic,vehicle_location_restricted_lane,junction_location,skidding_and_overturning,hit_object_in_carriageway,vehicle_leaving_carriageway,hit_object_off_carriageway,first_point_of_impact,vehicle_left_hand_drive,journey_purpose_of_driver_historic,journey_purpose_of_driver,sex_of_driver,age_of_driver,age_band_of_driver,engine_capacity_cc,propulsion_code,age_of_vehicle,generic_make_model,driver_imd_decile,lsoa_of_driver,escooter_flag,driver_distance_banding
2025010554911,2025,010554911,1,97,0,99,99,9,9,99,99,0,9,99,9,99,1,9,6,6,3,-1,-1,-1,-1,-1,-1,-1,-1,0,-1
2025010554916,2025,010554916,1,4,0,18,19,1,5,0,0,1,0,4,0,0,1,1,1,1,1,36,7,-1,-1,-1,-1,6,E01000576,0,3
2025010554916,2025,010554916,2,9,0,2,2,0,0,0,0,1,0,0,0,0,3,1,6,6,3,-1,-1,-1,-1,-1,-1,-1,-1,0,-1
2025010554917,2025,010554917,2,9,0,18,19,5,1,0,0,8,0,0,0,0,1,1,6,6,3,-1,-1,-1,-1,-1,-1,-1,-1,0,-1
2025010554917,2025,010554917,1,9,0,9,9,3,8,0,0,8,1,0,0,0,4,1,5,6,2,53,8,-1,-1,-1,-1,-1,-1,0,-1
2025010554919,2025,010554919,2,98,0,99,99,9,9,99,99,9,9,99,9,99,9,1,6,6,3,-1,-1,-1,-1,-1,-1,-1,-1,0,-1
2025010554919,2025,010554919,1,1,9,99,99,9,9,99,99,9,9,99,9,99,9,1,5,6,1,67,10,-1,-1,-1,-1,4,E01003017,0,1
2025010554920,2025,010554920,1,8,0,99,99,9,9,99,99,9,9,99,9,99,9,9,6,6,1,69,10,-1,-1,-1,-1,-1,-1,0,-1
2025010554921,2025,010554921,1,1,9,99,99,9,9,99,99,9,9,99,9,99,1,1,5,6,2,27,6,-1,-1,-1,-1,3,E01002764,0,1
2025010554921,2025,010554921,2,9,0,99,99,9,9,99,99,9,9,99,9,99,9,9,6,6,1,36,7,-1,-1,-1,-1,3,E01002764,0,1
2025010554922,2025,010554922,1,19,0,2,2,0,0,0,0,0,0,0,0,0,0,1,6,6,3,-1,-1,-1,-1,-1,-1,-1,-1,0,-1
2025010554922,2025,010554922,2,1,0,14,14,4,8,0,0,0,0,8,0,0,4,1,2,2,1,35,6,-1,-1,-1,-1,4,E01004270,0,2
2025010554925,2025,010554925,2,9,0,99,99,9,9,99,99,9,9,99,9,99,9,9,6,6,3,-1,-1,-1,-1,-1,-1,-1,-1,0,-1
2025010554925,2025,010554925,1,9,0,99,99,9,9,99,99,9,9,99,9,99,9,9,2,2,2,29,6,-1,-1,-1,-1,1,E01001811,0,2
2025010554926,2025,010554926,2,9,9,99,99,9,9,99,99,9,9,99,9,99,9,9,6,6,3,-1,-1,-1,-1,-1,-1,-1,-1,0,-1
2025010554926,2025,010554926,1,3,0,99,99,9,9,99,99,9,9,99,9,99,9,1,1,1,3,42,7,-1,-1,-1,-1,3,E01003164,0,1
2025010554928,2025,010554928,1,9,0,99,99,9,9,99,99,9,9,99,9,99,9,9,5,6,1,64,9,-1,-1,-1,-1,9,E01001096,0,2
2025010554928,2025,010554928,2,9,0,99,99,9,9,99,99,9,9,99,9,99,1,9,6,6,3,-1,-1,-1,-1,-1,-1,6,E01001159,0,1
2025010554930,2025,010554930,1,9,0,14,14,7,3,0,0,2,0,0,0,0,1,1,5,6,1,73,10,-1,-1,-1,-1,5,E01002479,0,1
2025010554931,2025,010554931,2,1,9,99,99,9,9,99,99,9,9,99,9,99,1,1,6,6,2,25,5,-1,-1,-1,-1,4,E01001197,0,1
2025010554931,2025,010554931,1,9,0,99,99,9,9,99,99,9,9,99,9,99,2,9,2,2,2,33,6,-1,-1,-1,-1,10,E01035257,0,4
2025010554938,2025,010554938,1,9,9,99,99,9,9,99,99,9,9,99,9,99,9,9,6,6,3,-1,-1,-1,-1,-1,-1,-1,-1,0,-1
2025010554945,2025,010554945,2,3,0,13,13,3,7,0,0,8,0,0,0,0,4,1,5,6,2,32,6,-1,-1,-1,-1,1,E01004245,0,1
2025010554945,2025,010554945,1,9,0,9,9,7,4,0,0,8,0,0,0,0,3,1,2,2,1,43,7,-1,-1,-1,-1,-1,-1,0,-1
2025010554946,2025,010554946,1,1,9,99,99,9,9,99,99,0,9,99,9,99,9,1,2,2,1,24,5,-1,-1,-1,-1,2,E01002606,0,1
2025010554946,2025,010554946,2,9,0,99,99,9,9,99,99,0,9,99,9,99,1,9,6,6,1,56,9,-1,-1,-1,-1,6,E01003843,0,1
2025010554947,2025,010554947,1,1,9,3,3,9,9,99,99,9,9,99,9,99,9,1,2,2,1,33,6,-1,-1,-1,-1,3,E01035680,0,1
2025010554947,2025,010554947,2,9,0,1,1,9,9,99,99,9,9,99,9,99,2,9,6,6,3,-1,-1,-1,-1,-1,-1,-1,-1,0,-1
2025010554953,2025,010554953,2,9,0,99,99,9,9,99,99,9,9,99,9,99,9,9,6,6,3,-1,-1,-1,-1,-1,-1,-1,-1,0,-1
2025010554953,2025,010554953,1,9,0,99,99,9,9,99,99,9,9,99,9,99,1,9,5,6,1,49,8,-1,-1,-1,-1,4,E01002814,0,1
2025010554960,2025,010554960,1,3,0,99,99,9,9,99,99,9,9,99,9,99,1,1,6,6,3,-1,-1,-1,-1,-1,-1,-1,-1,0,-1
2025010554961,2025,010554961,1,3,0,99,99,9,9,99,99,9,9,99,9,99,9,1,2,2,1,24,5,-1,-1,-1,-1,1,E01003192,0,1
2025010554961,2025,010554961,2,9,0,99,99,9,9,99,99,9,9,99,9,99,9,9,6,6,3,-1,-1,-1,-1,-1,-1,-1,-1,0,-1
2025010554962,2025,010554962,1,9,0,9,9,1,7,0,0,6,0,0,0,0,1,1,2,2,1,31,6,-1,-1,-1,-1,4,E01000428,0,3
2025010554965,2025,010554965,1,11,0,2,2,0,0,2,2,0,0,0,0,0,1,1,6,6,3,-1,-1,-1,-1,-1,-1,-1,-1,0,-1
2025010554966,2025,010554966,1,1,9,99,99,9,9,99,99,9,9,99,9,99,9,1,2,2,1,23,5,-1,-1,-1,-1,4,E01004039,0,1
2025010554966,2025,010554966,2,9,0,99,99,9,9,99,99,9,9,99,9,99,1,9,6,6,3,-1,-1,-1,-1,-1,-1,3,E01003976,0,1
2025010554967,2025,010554967,1,9,9,99,99,9,9,99,99,9,9,99,9,99,9,9,6,6,3,-1,-1,-1,-1,-1,-1,-1,-1,0,-1
2025010554968,2025,010554968,1,9,0,99,99,9,9,99,99,9,9,99,9,99,2,9,2,2,2,24,5,-1,-1,-1,-1,5,E01000747,0,1
2025010554968,2025,010554968,2,9,0,99,99,9,9,99,99,9,9,99,9,99,1,9,6,6,1,37,7,-1,-1,-1,-1,9,E01000658,0,1
2025010554969,2025,010554969,1,9,0,5,5,7,3,0,0,8,0,0,0,0,1,2,6,6,1,32,6,-1,-1,-1,-1,4,E01002070,0,2
2025010554969,2025,010554969,2,1,0,18,19,5,1,0,0,1,2,0,0,0,4,1,6,6,1,34,6,-1,-1,-1,-1,3,E01001747,0,1
2025010554970,2025,010554970,1,1,9,99,99,9,9,99,99,9,9,99,9,99,1,1,5,6,1,36,7,-1,-1,-1,-1,2,E01003994,0,1
2025010554970,2025,010554970,2,1,9,99,99,9,9,99,99,9,9,99,9,99,9,1,6,6,3,-1,-1,-1,-1,-1,-1,-1,-1,0,-1
2025010554980,2025,010554980,1,9,0,3,3,7,3,0,0,8,0,0,0,0,2,1,1,1,1,41,7,-1,-1,-1,-1,2,E01001340,0,2
2025010554980,2025,010554980,2,9,0,-1,-1,7,3,0,0,8,0,0,0,0,1,1,2,2,1,22,5,-1,-1,-1,-1,3,E01001941,0,1
2025010554982,2025,010554982,1,9,0,18,19,3,7,0,0,0,0,0,0,0,3,1,5,6,1,37,7,-1,-1,-1,-1,2,E01001696,0,1
2025010554982,2025,010554982,3,9,0,18,19,3,7,0,0,0,0,0,0,0,4,1,6,6,1,41,7,-1,-1,-1,-1,-1,-1,0,-1
2025010554982,2025,010554982,2,9,0,17,19,3,7,0,0,0,0,0,0,0,0,1,5,6,1,44,7,-1,-1,-1,-1,5,E01001677,0,1
2025010554987,2025,010554987,2,3,0,18,19,1,5,0,0,8,0,0,0,0,1,1,5,6,2,24,5,-1,-1,-1,-1,4,E01000639,0,4
2025010554987,2025,010554987,1,9,0,9,9,5,4,0,0,1,0,0,0,0,1,1,6,6,1,64,9,-1,-1,-1,-1,9,E01001606,0,1
2025010554990,2025,010554990,1,9,0,4,4,5,1,0,0,8,0,0,0,0,3,1,1,1,1,28,6,-1,-1,-1,-1,4,E01001898,0,1
2025010554990,2025,010554990,2,9,0,18,19,3,7,0,0,6,0,0,0,0,1,1,5,6,3,18,4,-1,-1,-1,-1,6,E01016556,0,4
2025010554993,2025,010554993,3,1,0,14,14,6,2,0,0,0,2,0,0,0,0,1,2,2,1,46,8,-1,-1,-1,-1,4,E01034370,0,4
2025010554993,2025,010554993,2,9,0,5,5,6,2,0,0,0,0,0,0,0,0,1,6,6,3,-1,-1,-1,-1,-1,-1,-1,-1,0,-1
2025010554993,2025,010554993,1,9,0,3,3,6,2,0,0,0,0,0,0,0,0,1,3,7,2,39,7,-1,-1,-1,-1,5,E01004668,0,1
2025010554995,2025,010554995,2,3,0,15,15,8,4,0,0,2,0,0,0,0,2,1,1,1,1,24,5,-1,-1,-1,-1,7,E01001678,0,3
2025010554995,2025,010554995,1,9,0,3,3,8,4,0,0,2,0,0,0,0,1,1,6,6,1,58,9,-1,-1,-1,-1,1,E01004005,0,1
2025010555005,2025,010555005,1,9,0,18,19,6,2,0,0,0,0,0,0,0,4,1,2,2,2,24,5,-1,-1,-1,-1,9,E01015982,0,3
2025010555006,2025,010555006,2,5,0,18,19,8,4,0,0,1,0,0,0,0,1,1,6,6,1,35,6,-1,-1,-1,-1,2,E01001428,0,1
2025010555006,2025,010555006,1,9,0,18,19,8,4,0,0,1,0,0,0,0,1,1,6,6,1,31,6,-1,-1,-1,-1,6,E01001471,0,1
2025010555010,2025,010555010,1,3,0,99,99,9,9,99,99,9,9,99,9,99,1,1,1,1,1,25,5,-1,-1,-1,-1,4,E01001467,0,2
2025010555010,2025,010555010,2,9,0,99,99,9,9,99,99,9,9,99,9,99,9,9,6,6,1,14,3,-1,-1,-1,-1,2,E01023640,0,4
2025010555013,2025,010555013,1,9,9,99,99,9,9,99,99,0,9,99,9,99,9,9,6,6,3,-1,-1,-1,-1,-1,-1,-1,-1,0,-1
2025010555014,2025,010555014,1,1,9,99,99,9,9,99,99,9,9,99,9,99,9,1,1,1,1,34,6,-1,-1,-1,-1,8,E01001390,0,1
2025010555014,2025,010555014,2,9,0,99,99,9,9,99,99,9,9,99,9,99,9,9,6,6,3,-1,-1,-1,-1,-1,-1,-1,-1,0,-1
2025010555020,2025,010555020,1,9,0,-1,-1,3,7,0,0,1,0,0,0,0,0,1,6,6,2,47,8,-1,-1,-1,-1,2,E01004272,0,1
2025010555020,2025,010555020,3,9,0,4,4,3,7,0,0,1,0,0,0,0,1,1,6,6,3,-1,-1,-1,-1,-1,-1,-1,-1,0,-1
2025010555020,2025,010555020,2,9,0,-1,-1,3,7,0,0,1,0,0,0,0,1,1,5,6,1,29,6,-1,-1,-1,-1,3,E01003586,0,1
2025010555021,2025,010555021,1,3,0,99,99,9,9,99,99,0,9,99,9,99,9,1,1,1,1,25,5,-1,-1,-1,-1,2,E01004198,0,1
2025010555021,2025,010555021,2,11,9,99,99,9,9,99,99,0,9,99,9,99,0,9,6,6,3,-1,-1,-1,-1,-1,-1,-1,-1,0,-1
2025010555026,2025,010555026,1,9,0,-1,-1,1,5,0,0,1,5,7,0,0,1,1,1,1,1,59,9,-1,-1,-1,-1,6,E01003772,0,4
2025010555028,2025,010555028,1,9,0,18,19,3,7,0,0,2,0,0,0,0,1,2,2,2,2,56,9,-1,-1,-1,-1,2,E01021486,0,4
2025010555028,2025,010555028,2,9,0,18,19,3,7,0,0,2,0,0,0,0,2,1,2,2,1,44,7,-1,-1,-1,-1,2,E01000030,0,3
2025010555032,2025,010555032,2,1,0,-1,-1,7,3,0,0,8,0,0,0,0,4,1,1,1,1,40,7,-1,-1,-1,-1,6,E01002563,0,1
2025010555032,2025,010555032,1,9,0,8,8,5,8,0,0,1,0,0,0,0,1,1,1,1,1,27,6,-1,-1,-1,-1,7,E01002581,0,1
2025010555036,2025,010555036,2,20,0,99,99,9,9,99,99,9,9,99,9,99,2,9,6,6,3,-1,-1,-1,-1,-1,-1,-1,-1,0,-1
2025010555036,2025,010555036,1,3,0,99,99,9,9,99,99,9,9,99,9,99,9,1,5,6,1,26,6,-1,-1,-1,-1,8,E01002174,0,1
2025010555047,2025,010555047,1,3,0,99,99,9,9,99,99,9,9,99,9,99,9,1,1,1,2,32,6,-1,-1,-1,-1,2,E01001147,0,1
2025010555047,2025,010555047,2,9,0,99,99,9,9,99,99,9,9,99,9,99,1,9,6,6,3,-1,-1,-1,-1,-1,-1,-1,-1,0,-1
2025010555051,2025,010555051,1,9,0,-1,-1,7,3,0,0,2,0,0,0,0,1,1,3,7,1,39,7,-1,-1,-1,-1,-1,-1,0,-1
2025010555052,2025,010555052,2,9,0,99,99,9,9,99,99,9,9,99,9,99,1,9,6,6,3,-1,-1,-1,-1,-1,-1,-1,-1,0,-1
2025010555052,2025,010555052,1,3,0,99,99,9,9,99,99,9,9,99,9,99,2,1,1,1,1,41,7,-1,-1,-1,-1,3,E01001701,0,2
2025010555056,2025,010555056,1,11,0,-1,-1,5,1,0,0,1,0,0,0,0,0,1,1,1,1,59,9,-1,-1,-1,-1,-1,-1,0,-1
2025010555057,2025,010555057,3,9,0,2,2,0,0,9,9,2,0,0,0,0,0,1,6,6,3,-1,-1,-1,-1,-1,-1,-1,-1,0,-1
2025010555057,2025,010555057,1,9,0,-1,-1,1,5,0,0,8,0,0,1,3,3,1,5,6,1,26,6,-1,-1,-1,-1,8,E01030576,0,3
2025010555057,2025,010555057,2,9,0,5,5,3,7,0,0,8,0,0,0,0,1,1,5,6,1,70,10,-1,-1,-1,-1,10,E01004106,0,1
2025010555061,2025,010555061,1,9,0,99,99,9,9,99,99,9,9,99,9,99,2,9,5,6,1,30,6,-1,-1,-1,-1,2,E01003499,0,2
2025010555061,2025,010555061,2,9,9,-1,-1,3,7,0,0,9,9,99,0,0,1,9,6,6,3,-1,-1,-1,-1,-1,-1,-1,-1,0,-1
2025010555064,2025,010555064,1,3,0,99,99,9,9,99,99,9,9,99,9,99,2,1,1,1,1,33,6,-1,-1,-1,-1,6,E01003398,0,1
2025010555064,2025,010555064,2,9,0,99,99,9,9,99,99,9,9,99,9,99,1,9,6,6,3,-1,-1,-1,-1,-1,-1,-1,-1,0,-1
2025010555065,2025,010555065,1,3,0,99,99,9,9,99,99,9,9,99,9,99,1,1,6,6,3,30,6,-1,-1,-1,-1,5,E01002212,0,1
2025010555074,2025,010555074,1,1,9,99,99,9,9,99,99,9,9,99,9,99,1,1,5,6,2,53,8,-1,-1,-1,-1,4,E01033082,0,1
2025010555074,2025,010555074,2,9,0,99,99,9,9,99,99,9,9,99,9,99,1,9,6,6,3,-1,-1,-1,-1,-1,-1,-1,-1,0,-1
2025010555075,2025,010555075,2,9,9,99,99,9,9,99,99,9,9,99,9,99,9,1,6,6,3,-1,-1,-1,-1,-1,-1,-1,-1,0,-1
2025010555075,2025,010555075,1,9,9,99,99,9,9,99,99,9,9,99,9,99,9,1,5,6,1,43,7,-1,-1,-1,-1,2,E01001130,0,3
2025010555077,2025,010555077,2,90,0,-1,-1,5,1,0,0,4,0,0,0,0,1,1,6,6,1,45,7,-1,-1,-1,-1,6,E01024180,0,1
2025010555077,2025,010555077,1,9,0,4,4,5,1,0,0,4,0,0,0,0,2,1,1,1,2,53,8,-1,-1,-1,-1,-1,-1,0,-1
2025010555085,2025,010555085,2,19,0,-1,-1,2,6,0,0,6,0,0,0,0,1,2,2,2,1,44,7,-1,-1,-1,-1,4,E01003169,0,2
2025010555085,2025,010555085,1,9,0,-1,-1,8,4,0,0,8,1,0,0,0,4,2,1,1,1,47,8,-1,-1,-1,-1,2,E01034475,0,3
2025010555088,2025,010555088,2,9,0,99,99,9,9,99,99,9,9,99,9,99,2,9,6,6,3,-1,-1,-1,-1,-1,-1,-1,-1,0,-1
2025010555088,2025,010555088,1,9,0,99,99,9,9,99,99,9,9,99,9,99,1,9,5,6,2,42,7,-1,-1,-1,-1,2,E01003432,0,1
2025010555095,2025,010555095,1,9,0,-1,-1,1,5,0,0,8,0,0,7,0,4,1,5,6,2,32,6,-1,-1,-1,-1,7,E01001678,0,1
2025010555095,2025,010555095,2,9,0,-1,-1,5,1,0,0,1,0,0,0,0,1,1,5,6,1,50,8,-1,-1,-1,-1,6,E01001685,0,1
2025010555105,2025,010555105,1,8,0,99,99,9,9,99,99,9,9,99,0,0,9,9,1,1,1,40,7,-1,-1,-1,-1,3,E01033132,0,2
2025010555105,2025,010555105,2,11,0,99,99,9,9,99,99,9,9,99,9,99,1,9,6,6,3,34,6,-1,-1,-1,-1,6,E01003398,0,1
2025010555108,2025,010555108,2,9,0,99,99,9,9,99,99,0,9,99,9,99,2,9,6,6,3,48,8,-1,-1,-1,-1,5,E01031600,0,4
2025010555108,2025,010555108,1,9,0,99,99,9,9,99,99,0,9,99,9,99,1,9,2,2,1,45,7,-1,-1,-1,-1,6,E01034579,0,1
2025010555109,2025,010555109,2,9,0,99,99,9,9,99,99,9,9,99,9,99,1,1,6,6,3,-1,-1,-1,-1,-1,-1,2,E01003092,0,1
2025010555109,2025,010555109,1,1,9,99,99,9,9,99,99,9,9,99,9,99,1,1,5,6,2,28,6,-1,-1,-1,-1,3,E01003094,0,1
2025010555110,2025,010555110,1,1,0,-1,-1,1,5,0,0,8,0,0,0,0,1,1,2,2,1,30,6,-1,-1,-1,-1,4,E01004763,0,1
2025010555114,2025,010555114,1,1,9,99,99,9,9,99,99,9,9,99,9,99,9,1,2,2,1,39,7,-1,-1,-1,-1,3,E01003960,0,1
2025010555114,2025,010555114,2,9,0,99,99,9,9,99,99,9,9,99,9,99,9,9,6,6,3,-1,-1,-1,-1,-1,-1,-1,-1,0,-1
2025010555115,2025,010555115,2,9,0,99,99,9,9,99,99,9,9,99,9,99,2,9,6,6,3,-1,-1,-1,-1,-1,-1,-1,-1,0,-1
2025010555115,2025,010555115,1,3,0,99,99,9,9,99,99,9,9,99,9,99,1,1,1,1,1,28,6,-1,-1,-1,-1,4,E01002663,0,1
2025010555116,2025,010555116,2,9,9,99,99,9,9,0,0,9,0,0,0,0,1,1,6,6,2,-1,-1,-1,-1,-1,-1,-1,-1,0,-1
2025010555116,2025,010555116,1,20,0,99,99,9,9,99,99,9,9,99,9,99,2,9,1,1,1,29,6,-1,-1,-1,-1,2,E01002748,0,3
2025010555118,2025,010555118,3,9,0,3,3,6,2,0,0,0,0,0,0,0,2,1,5,6,2,26,6,-1,-1,-1,-1,2,E01002090,0,1
2025010555118,2025,010555118,1,9,0,18,19,6,2,0,0,0,0,0,0,0,1,1,5,6,1,22,5,-1,-1,-1,-1,3,E01002102,0,1
2025010555118,2025,010555118,2,9,0,3,3,6,2,0,0,0,0,0,0,0,2,1,5,6,2,33,6,-1,-1,-1,-1,1,E01002081,0,1
2025010555119,2025,010555119,1,9,0,99,99,9,9,99,99,9,9,99,9,99,1,9,6,6,3,-1,-1,-1,-1,-1,-1,-1,-1,0,-1
2025010555120,2025,010555120,1,9,9,-1,-1,6,2,0,0,0,9,99,0,0,9,1,6,6,3,-1,-1,-1,-1,-1,-1,-1,-1,0,-1
2025010555121,2025,010555121,1,1,9,99,99,9,9,99,99,9,9,99,9,99,9,1,5,6,1,36,7,-1,-1,-1,-1,5,E01003344,0,1
2025010555121,2025,010555121,2,8,0,99,99,9,9,99,99,9,9,99,9,99,1,9,6,6,3,29,6,-1,-1,-1,-1,2,E01003558,0,2
2025010555123,2025,010555123,1,9,0,18,19,7,3,0,0,2,0,0,0,0,2,1,2,2,1,50,8,-1,-1,-1,-1,3,E01016501,0,3
2025010555123,2025,010555123,2,9,0,18,19,3,7,0,0,3,0,0,0,0,1,1,6,6,3,-1,-1,-1,-1,-1,-1,-1,-1,0,-1
2025010555126,2025,010555126,1,8,0,99,99,9,9,99,99,9,9,99,9,99,9,9,6,6,3,-1,-1,-1,-1,-1,-1,-1,-1,0,-1
2025010555128,2025,010555128,1,3,0,99,99,9,9,99,99,9,9,99,9,99,1,1,1,1,1,30,6,-1,-1,-1,-1,4,E01002650,0,1
2025010555128,2025,010555128,2,9,0,99,99,9,9,99,99,9,9,99,9,99,1,9,6,6,3,19,4,-1,-1,-1,-1,4,E01002650,0,1
2025010555139,2025,010555139,1,11,0,5,5,3,7,0,0,1,0,0,0,0,0,1,1,1,1,52,8,-1,-1,-1,-1,8,E01003421,0,3
2025010555139,2025,010555139,2,9,0,13,13,3,7,0,0,1,0,0,0,0,0,1,6,6,3,-1,-1,-1,-1,-1,-1,-1,-1,0,-1
2025010555142,2025,010555142,2,19,0,2,2,0,0,0,0,8,0,0,0,0,2,1,6,6,3,-1,-1,-1,-1,-1,-1,-1,-1,0,-1
2025010555142,2025,010555142,1,9,0,5,5,1,5,0,0,1,0,4,0,0,1,1,5,6,1,70,10,-1,-1,-1,-1,5,E01004644,0,1
2025010555150,2025,010555150,1,9,0,18,19,7,3,0,0,1,0,0,4,0,1,1,6,6,2,29,6,-1,-1,-1,-1,2,E01032580,0,3
2025010555173,2025,010555173,1,8,0,9,9,3,1,0,0,5,0,0,0,0,1,1,1,1,1,51,8,-1,-1,-1,-1,5,E01034037,0,3
2025010555176,2025,010555176,1,9,0,99,99,9,9,99,99,9,9,99,9,99,9,9,6,6,3,-1,-1,-1,-1,-1,-1,-1,-1,0,-1
2025010555182,2025,010555182,1,9,0,-1,-1,5,1,0,0,0,0,0,0,0,1,1,6,6,3,-1,-1,-1,-1,-1,-1,-1,-1,0,-1
2025010555186,2025,010555186,2,9,0,99,99,9,9,99,99,9,9,99,9,99,2,9,6,6,3,-1,-1,-1,-1,-1,-1,-1,-1,0,-1
2025010555186,2025,010555186,1,1,9,99,99,9,9,99,99,9,9,99,9,99,1,1,5,6,1,18,4,-1,-1,-1,-1,8,E01002836,0,1
2025010555187,2025,010555187,1,9,0,-1,-1,1,5,0,0,1,0,0,0,0,1,1,6,6,1,69,10,-1,-1,-1,-1,3,E01003079,0,2
2025010555190,2025,010555190,1,9,0,13,13,7,3,0,0,7,0,0,0,0,1,1,6,6,1,22,5,-1,-1,-1,-1,3,E01034592,0,2
2025010555190,2025,010555190,2,9,0,18,19,1,5,0,0,7,0,0,0,0,1,1,6,6,1,32,6,-1,-1,-1,-1,5,E01001344,0,1
2025010555191,2025,010555191,1,9,0,18,19,7,3,0,0,2,1,0,1,11,4,1,6,6,1,18,4,-1,-1,-1,-1,-1,-1,0,-1
2025010555191,2025,010555191,4,9,0,2,2,0,0,0,0,2,1,0,1,10,3,1,6,6,3,-1,-1,-1,-1,-1,-1,-1,-1,0,-1
2025010555191,2025,010555191,6,9,0,15,15,3,7,0,0,2,0,4,1,10,1,1,6,6,1,25,5,-1,-1,-1,-1,3,E01002120,0,1
2025010555191,2025,010555191,3,9,0,2,2,0,0,0,0,2,0,0,1,0,3,1,6,6,3,-1,-1,-1,-1,-1,-1,-1,-1,0,-1
2025010555191,2025,010555191,5,9,0,2,2,0,0,0,0,2,0,0,0,0,2,1,6,6,3,-1,-1,-1,-1,-1,-1,-1,-1,0,-1
2025010555191,2025,010555191,2,9,0,2,2,0,0,9,9,2,0,0,0,0,2,1,6,6,3,-1,-1,-1,-1,-1,-1,-1,-1,0,-1
2025010555193,2025,010555193,1,9,0,18,19,9,9,99,99,9,9,99,9,99,2,9,5,6,1,22,5,-1,-1,-1,-1,3,E01003586,0,1
2025010555193,2025,010555193,2,9,0,13,13,9,9,99,99,9,9,99,9,99,1,9,6,6,3,-1,-1,-1,-1,-1,-1,-1,-1,0,-1
2025010555195,2025,010555195,1,19,0,-1,-1,1,5,0,0,0,0,0,0,0,4,1,6,6,1,25,5,-1,-1,-1,-1,-1,-1,0,-1
2025010555198,2025,010555198,1,8,0,2,2,0,0,0,0,0,0,0,0,0,4,1,6,6,3,-1,-1,-1,-1,-1,-1,-1,-1,0,-1
2025010555198,2025,010555198,2,1,0,5,5,7,3,0,0,0,0,4,0,0,1,1,1,1,1,44,7,-1,-1,-1,-1,4,E01004408,0,2
2025010555200,2025,010555200,1,9,0,18,19,7,3,0,0,2,0,0,0,0,1,1,5,6,1,71,10,-1,-1,-1,-1,10,E01000813,0,2
2025010555206,2025,010555206,1,9,0,-1,-1,1,5,0,0,2,1,4,0,0,1,1,6,6,1,40,7,-1,-1,-1,-1,-1,-1,0,-1
2025010555206,2025,010555206,3,9,0,2,2,0,0,0,0,1,0,0,0,0,2,1,6,6,3,-1,-1,-1,-1,-1,-1,-1,-1,0,-1
2025010555206,2025,010555206,2,9,0,2,2,0,0,0,0,1,0,4,0,0,1,1,6,6,3,-1,-1,-1,-1,-1,-1,-1,-1,0,-1
2025010555207,2025,010555207,2,9,0,-1,-1,5,1,0,0,1,0,0,0,0,3,1,2,2,1,47,8,-1,-1,-1,-1,4,E01002279,0,2
2025010555207,2025,010555207,1,19,0,-1,-1,3,7,0,0,1,0,0,0,0,1,1,2,2,1,68,10,-1,-1,-1,-1,9,E01002322,0,1
2025010555218,2025,010555218,1,1,9,99,99,9,9,99,99,6,9,99,9,99,9,1,5,6,2,53,8,-1,-1,-1,-1,-1,-1,0,-1
2025010555218,2025,010555218,2,9,0,99,99,9,9,99,99,5,9,99,9,99,9,9,6,6,3,-1,-1,-1,-1,-1,-1,-1,-1,0,-1
2025010555219,2025,010555219,1,9,0,4,4,8,4,0,0,1,0,0,0,0,1,1,5,6,2,37,7,-1,-1,-1,-1,7,E01024407,0,4
2025010555225,2025,010555225,1,3,0,99,99,9,9,99,99,9,9,99,9,99,1,1,2,2,2,28,6,-1,-1,-1,-1,6,E01003433,0,1
2025010555225,2025,010555225,2,9,0,99,99,9,9,99,99,9,9,99,9,99,9,9,6,6,3,-1,-1,-1,-1,-1,-1,-1,-1,0,-1
2025010555226,2025,010555226,1,3,0,99,99,9,9,99,99,9,9,99,9,99,9,1,5,6,1,26,6,-1,-1,-1,-1,4,E01003568,0,1
2025010555226,2025,010555226,2,9,0,99,99,9,9,99,99,9,9,99,9,99,9,9,6,6,3,-1,-1,-1,-1,-1,-1,-1,-1,0,-1
2025010555231,2025,010555231,1,98,0,99,99,9,9,99,99,9,9,99,9,99,1,9,6,6,3,-1,-1,-1,-1,-1,-1,-1,-1,0,-1
2025010555232,2025,010555232,1,19,0,18,19,5,1,0,0,1,0,0,0,0,3,1,2,2,1,37,7,-1,-1,-1,-1,4,E01001015,0,2
2025010555236,2025,010555236,1,9,0,99,99,9,9,99,99,9,9,99,9,99,1,9,6,6,3,-1,-1,-1,-1,-1,-1,-1,-1,0,-1
2025010555238,2025,010555238,1,9,0,99,99,9,9,99,99,4,9,99,9,99,9,9,6,6,3,-1,-1,-1,-1,-1,-1,-1,-1,0,-1
2025010555238,2025,010555238,2,9,9,99,99,9,9,99,99,2,9,99,9,99,4,9,6,6,2,47,8,-1,-1,-1,-1,-1,-1,0,-1