collision_index,collision_year,collision_ref_no,vehicle_reference,vehicle_type,towing_and_articulation,vehicle_manoeuvre_historic,vehicle_manoeuvre,vehicle_direction_from,vehicle_direction_to,vehicle_location_restricted_lane_historic,vehicle_location_restricted_lane,junction_location,skidding_and_overturning,hit_object_in_carriageway,vehicle_leaving_carriageway,hit_object_off_carriageway,first_point_of_impact,vehicle_left_hand_drive,journey_purpose_of_driver_historic,journey_purpose_of_driver,sex_of_driver,age_of_driver,age_band_of_driver,engine_capacity_cc,propulsion_code,age_of_vehicle,generic_make_model,driver_imd_decile,lsoa_of_driver,escooter_flag,driver_distance_banding
2025010555813,2025,010555813,2,9,0,99,99,9,9,99,99,9,9,99,9,99,9,9,6,6,3,-1,-1,-1,-1,-1,-1,-1,-1,0,-1
2025010555816,2025,010555816,2,3,0,5,5,7,3,0,0,2,0,0,0,0,1,1,6,6,1,28,6,-1,-1,-1,-1,-1,-1,0,-1
2025010555816,2025,010555816,1,9,0,17,19,3,1,0,0,1,0,0,0,0,4,1,5,6,1,44,7,-1,-1,-1,-1,10,E01003804,0,1
2025010555817,2025,010555817,1,9,0,-1,-1,5,1,0,0,0,0,10,2,4,1,1,5,6,2,40,7,-1,-1,-1,-1,10,E01000811,0,1
2025010555819,2025,010555819,2,9,0,99,99,9,9,99,99,9,9,99,9,99,9,9,6,6,3,-1,-1,-1,-1,-1,-1,-1,-1,0,-1
2025010555819,2025,010555819,1,3,0,99,99,9,9,99,99,9,9,99,9,99,1,1,1,1,1,35,6,-1,-1,-1,-1,4,E01000999,0,2
2025010555820,2025,010555820,1,9,0,99,99,9,9,99,99,0,9,99,9,99,9,1,6,6,3,-1,-1,-1,-1,-1,-1,-1,-1,0,-1
2025010555822,2025,010555822,2,1,0,18,19,1,5,0,0,4,5,0,0,0,4,1,5,6,1,71,10,-1,-1,-1,-1,3,E01003656,0,1
2025010555822,2025,010555822,1,9,0,18,19,3,7,0,0,4,0,0,0,0,1,1,5,6,2,35,6,-1,-1,-1,-1,3,E01002085,0,2
2025010555826,2025,010555826,1,11,0,9,9,1,7,0,0,1,0,0,1,0,0,1,1,1,1,33,6,-1,-1,-1,-1,3,E01001672,0,1
2025010555827,2025,010555827,2,9,0,99,99,9,9,99,99,9,9,99,9,99,9,9,6,6,1,22,5,-1,-1,-1,-1,2,E01000789,0,3
2025010555827,2025,010555827,1,9,0,99,99,9,9,99,99,9,9,99,9,99,9,9,5,6,2,39,7,-1,-1,-1,-1,6,E01003311,0,1
2025010555828,2025,010555828,1,5,5,5,5,7,3,9,9,1,1,4,0,0,2,1,6,6,1,22,5,-1,-1,-1,-1,-1,-1,0,-1
2025010555828,2025,010555828,2,9,0,4,4,7,3,0,0,1,0,0,0,0,2,1,6,6,1,51,8,-1,-1,-1,-1,-1,-1,0,-1
2025010555829,2025,010555829,1,9,0,-1,-1,7,3,0,0,0,0,0,0,0,1,1,6,6,2,71,10,-1,-1,-1,-1,8,E01000877,0,1
2025010555829,2025,010555829,2,9,0,-1,-1,7,3,0,0,0,0,0,0,0,1,1,6,6,2,69,10,-1,-1,-1,-1,6,E01000264,0,2
2025010555831,2025,010555831,1,11,0,18,19,5,1,0,0,8,0,0,0,0,0,1,1,1,1,63,9,-1,-1,-1,-1,6,E01003359,0,3
2025010555833,2025,010555833,1,9,0,-1,-1,5,1,0,0,2,0,0,4,4,1,1,5,6,2,24,5,-1,-1,-1,-1,6,E01002636,0,3
2025010555835,2025,010555835,2,9,0,99,99,9,9,99,99,0,9,99,9,99,9,9,6,6,3,-1,-1,-1,-1,-1,-1,-1,-1,0,-1
2025010555835,2025,010555835,1,1,9,99,99,9,9,99,99,0,9,99,9,99,9,1,5,6,1,35,6,-1,-1,-1,-1,4,E01001376,0,1
2025010555844,2025,010555844,1,9,9,99,99,9,9,99,99,9,9,99,9,99,9,9,6,6,3,-1,-1,-1,-1,-1,-1,-1,-1,0,-1
2025010555847,2025,010555847,2,90,0,8,8,8,3,0,0,4,0,0,0,0,3,1,6,6,1,47,8,-1,-1,-1,-1,9,E01030716,0,3
2025010555847,2025,010555847,1,9,0,17,19,7,3,0,0,4,0,0,0,0,4,1,4,7,2,47,8,-1,-1,-1,-1,8,E01001273,0,1
2025010555852,2025,010555852,1,19,0,-1,-1,5,1,0,0,8,0,0,0,0,3,1,1,1,1,51,8,-1,-1,-1,-1,3,E01002429,0,3
2025010555856,2025,010555856,1,1,9,99,99,9,9,99,99,9,9,99,9,99,9,1,3,7,1,47,8,-1,-1,-1,-1,5,E01033708,0,1
2025010555856,2025,010555856,2,19,0,99,99,9,9,99,99,9,9,99,9,99,1,9,6,6,3,-1,-1,-1,-1,-1,-1,8,E01023312,0,4
2025010555857,2025,010555857,1,9,0,3,3,7,3,0,0,1,0,0,0,0,4,1,6,6,2,34,6,-1,-1,-1,-1,3,E01002765,0,1
2025010555857,2025,010555857,2,1,0,15,15,7,3,0,0,1,0,8,0,0,4,1,6,6,2,20,4,-1,-1,-1,-1,2,E01001770,0,1
2025010555863,2025,010555863,2,9,0,99,99,9,9,99,99,9,9,99,9,99,1,9,6,6,3,-1,-1,-1,-1,-1,-1,-1,-1,0,-1
2025010555863,2025,010555863,1,9,0,99,99,9,9,99,99,9,9,99,9,99,2,9,5,6,1,34,6,-1,-1,-1,-1,3,E01034608,0,3
2025010555864,2025,010555864,1,3,0,-1,-1,7,3,0,0,0,1,0,0,0,3,1,6,6,3,-1,-1,-1,-1,-1,-1,-1,-1,0,-1
2025010555866,2025,010555866,1,9,9,4,4,5,1,99,99,0,9,99,9,99,9,1,6,6,1,50,8,-1,-1,-1,-1,7,E01001131,0,1
2025010555868,2025,010555868,1,3,0,99,99,9,9,99,99,9,9,99,9,99,9,1,5,6,1,17,4,-1,-1,-1,-1,9,E01023580,0,2
2025010555868,2025,010555868,2,9,0,99,99,9,9,99,99,9,9,99,9,99,2,9,6,6,3,-1,-1,-1,-1,-1,-1,-1,-1,0,-1
2025010555872,2025,010555872,1,9,0,99,99,9,9,99,99,9,0,99,9,99,9,9,5,6,3,-1,-1,-1,-1,-1,-1,-1,-1,0,-1
2025010555873,2025,010555873,1,2,0,-1,-1,4,8,0,0,1,0,0,0,0,1,1,6,6,1,-1,-1,-1,-1,-1,-1,2,E01004702,0,2
2025010555876,2025,010555876,1,8,0,18,19,3,7,0,0,8,0,0,0,0,1,1,5,6,1,35,6,-1,-1,-1,-1,5,E01016242,0,4
2025010555876,2025,010555876,2,9,0,9,9,7,5,0,0,8,0,0,0,0,1,1,5,6,1,40,7,-1,-1,-1,-1,3,E01034191,0,3
2025010555880,2025,010555880,1,9,0,99,99,9,9,99,99,9,9,99,9,99,9,9,5,6,1,22,5,-1,-1,-1,-1,5,E01003739,0,1
2025010555884,2025,010555884,1,9,0,99,99,9,9,99,99,9,9,99,9,99,2,9,6,6,2,44,7,-1,-1,-1,-1,9,E01002382,0,1
2025010555887,2025,010555887,2,3,0,-1,-1,5,1,0,0,1,0,0,0,0,1,1,6,6,1,47,8,-1,-1,-1,-1,-1,-1,0,-1
2025010555887,2025,010555887,1,9,0,9,9,1,6,0,0,6,0,0,0,0,1,1,5,6,2,24,5,-1,-1,-1,-1,-1,-1,0,-1
2025010555888,2025,010555888,1,9,0,18,19,3,7,0,0,6,0,0,3,11,1,1,2,2,1,29,6,-1,-1,-1,-1,-1,-1,0,-1
2025010555888,2025,010555888,2,9,0,18,19,5,1,0,0,8,0,10,0,0,4,1,2,2,1,32,6,-1,-1,-1,-1,9,E01002430,0,1
2025010555891,2025,010555891,4,9,0,-1,-1,5,1,0,0,8,0,0,0,0,4,1,1,1,1,25,5,-1,-1,-1,-1,4,E01032639,0,1
2025010555891,2025,010555891,1,9,0,-1,-1,5,1,0,0,8,0,0,0,0,1,1,5,6,2,22,5,-1,-1,-1,-1,4,E01003042,0,1
2025010555891,2025,010555891,2,9,0,-1,-1,3,7,0,0,6,0,0,0,0,4,1,1,1,1,36,7,-1,-1,-1,-1,4,E01032639,0,1
2025010555891,2025,010555891,3,9,0,13,13,5,1,0,0,8,0,0,0,0,1,1,6,6,3,-1,-1,-1,-1,-1,-1,-1,-1,0,-1
2025010555894,2025,010555894,1,11,0,5,5,3,7,0,0,6,0,0,0,0,0,1,1,1,3,-1,-1,-1,-1,-1,-1,5,E01002546,0,1
2025010555895,2025,010555895,2,9,0,-1,-1,7,3,0,0,1,0,0,0,0,3,1,5,6,1,58,9,-1,-1,-1,-1,4,E01000068,0,2
2025010555895,2025,010555895,1,9,0,-1,-1,3,7,0,0,1,0,0,0,0,3,1,5,6,2,65,9,-1,-1,-1,-1,7,E01002381,0,1
2025010555896,2025,010555896,2,19,5,18,19,3,7,0,0,0,0,0,0,0,2,1,1,1,1,60,9,-1,-1,-1,-1,-1,-1,0,-1
2025010555896,2025,010555896,1,9,5,13,13,7,3,0,0,0,0,0,0,0,1,1,5,6,1,31,6,-1,-1,-1,-1,3,E01034713,0,4
2025010555897,2025,010555897,1,9,0,-1,-1,8,4,0,0,2,0,10,1,2,1,1,1,1,1,34,6,-1,-1,-1,-1,8,E01001455,0,2
2025010555898,2025,010555898,1,9,0,17,19,7,3,0,0,5,5,10,1,7,1,1,6,6,1,29,6,-1,-1,-1,-1,1,E01001517,0,3
2025010555900,2025,010555900,1,9,0,5,5,1,5,0,0,8,5,0,0,0,4,1,1,1,1,60,9,-1,-1,-1,-1,3,E01034474,0,1
2025010555900,2025,010555900,2,9,0,5,5,1,5,0,0,7,0,0,0,0,3,1,6,6,1,31,6,-1,-1,-1,-1,3,E01003594,0,1
2025010555906,2025,010555906,2,8,0,99,99,9,9,99,99,9,9,99,9,99,1,9,6,6,3,-1,-1,-1,-1,-1,-1,-1,-1,0,-1
2025010555906,2025,010555906,1,8,0,99,99,9,9,99,99,9,9,99,9,99,2,9,5,6,1,58,9,-1,-1,-1,-1,5,E01001404,0,1
2025010555918,2025,010555918,1,3,0,5,5,1,5,0,0,8,0,0,0,0,1,1,6,6,1,51,8,-1,-1,-1,-1,1,E01000521,0,1
2025010555918,2025,010555918,2,9,4,7,7,5,7,0,0,8,0,0,0,0,1,1,6,6,1,63,9,-1,-1,-1,-1,4,E01000171,0,3
2025010555922,2025,010555922,3,9,0,3,3,3,7,0,0,1,0,0,0,0,2,2,1,1,1,56,9,-1,-1,-1,-1,-1,-1,0,-1
2025010555922,2025,010555922,4,9,0,3,3,3,7,0,0,1,0,0,0,0,3,1,5,6,1,84,11,-1,-1,-1,-1,10,E01028674,0,4
2025010555922,2025,010555922,2,9,0,-1,-1,3,7,0,0,1,0,0,0,0,2,1,5,6,1,60,9,-1,-1,-1,-1,4,E01030750,0,2
2025010555922,2025,010555922,1,9,0,-1,-1,3,7,0,0,1,0,0,0,0,1,1,5,6,1,26,6,-1,-1,-1,-1,2,E01002561,0,2
2025010555926,2025,010555926,1,3,0,99,99,9,9,0,0,2,0,0,0,0,9,1,2,2,1,36,7,-1,-1,-1,-1,3,E01001136,0,4
2025010555926,2025,010555926,2,9,9,99,99,9,9,99,99,9,9,99,9,99,9,9,6,6,3,-1,-1,-1,-1,-1,-1,-1,-1,0,-1
2025010555933,2025,010555933,4,9,0,2,2,0,0,0,0,2,0,4,0,0,1,1,6,6,3,-1,-1,-1,-1,-1,-1,-1,-1,0,-1
2025010555933,2025,010555933,2,9,0,9,9,8,6,0,0,2,1,0,0,0,4,1,5,6,1,39,7,-1,-1,-1,-1,2,E01003991,0,3
2025010555933,2025,010555933,3,9,0,2,2,0,0,0,0,2,0,4,0,0,2,1,6,6,3,-1,-1,-1,-1,-1,-1,-1,-1,0,-1
2025010555933,2025,010555933,5,9,0,2,2,0,0,0,0,2,0,0,0,0,1,1,6,6,3,-1,-1,-1,-1,-1,-1,-1,-1,0,-1
2025010555933,2025,010555933,1,9,0,18,19,2,6,0,0,1,0,4,0,0,1,1,5,6,1,38,7,-1,-1,-1,-1,5,E01002696,0,3
2025010555934,2025,010555934,4,9,0,2,2,0,0,0,0,8,0,0,0,0,3,1,6,6,3,-1,-1,-1,-1,-1,-1,-1,-1,0,-1
2025010555934,2025,010555934,3,9,0,18,19,7,3,0,0,8,0,0,0,0,1,1,5,6,1,39,7,-1,-1,-1,-1,6,E01002523,0,1
2025010555934,2025,010555934,2,9,0,18,19,3,7,0,0,8,0,10,6,0,3,1,5,6,1,32,6,-1,-1,-1,-1,9,E01023847,0,2
2025010555934,2025,010555934,1,19,0,9,9,1,6,0,0,6,0,0,0,0,1,1,1,1,1,42,7,-1,-1,-1,-1,10,E01002459,0,1
2025010555947,2025,010555947,2,9,0,-1,-1,5,1,0,0,1,0,10,4,0,1,1,5,6,1,28,6,-1,-1,-1,-1,10,E01002934,0,1
2025010555947,2025,010555947,1,9,0,3,3,5,1,0,0,1,0,0,0,0,2,1,1,1,1,61,9,-1,-1,-1,-1,7,E01002655,0,2
2025010555953,2025,010555953,1,9,0,99,99,9,9,99,99,9,9,99,9,99,9,9,6,6,3,-1,-1,-1,-1,-1,-1,-1,-1,0,-1
2025010555955,2025,010555955,2,9,0,99,99,9,9,99,99,9,9,99,9,99,2,9,5,6,1,51,8,-1,-1,-1,-1,5,E01004141,0,1
2025010555955,2025,010555955,1,9,0,99,99,9,9,99,99,9,9,99,9,99,1,9,6,6,3,-1,-1,-1,-1,-1,-1,-1,-1,0,-1
2025010555957,2025,010555957,2,23,0,18,19,3,7,0,0,4,0,0,0,0,1,1,1,1,1,36,7,-1,-1,-1,-1,-1,-1,0,-1
2025010555957,2025,010555957,1,9,0,18,19,7,3,0,0,1,0,0,0,0,1,1,1,1,1,39,7,-1,-1,-1,-1,3,E01003922,0,1
2025010555959,2025,010555959,2,3,0,-1,-1,1,5,0,0,1,0,0,0,0,1,1,1,1,1,23,5,-1,-1,-1,-1,7,E01002216,0,1
2025010555959,2025,010555959,1,9,0,9,9,3,8,6,6,1,0,0,0,0,3,1,5,6,1,55,8,-1,-1,-1,-1,8,E01002534,0,1
2025010555961,2025,010555961,1,9,0,9,9,7,4,0,0,5,0,0,0,0,1,1,6,6,3,-1,-1,-1,-1,-1,-1,-1,-1,0,-1
2025010555967,2025,010555967,2,9,0,-1,-1,9,9,99,99,9,9,99,9,99,1,9,6,6,3,-1,-1,-1,-1,-1,-1,-1,-1,0,-1
2025010555967,2025,010555967,1,9,0,3,3,9,9,99,99,9,9,99,9,99,2,9,5,6,2,41,7,-1,-1,-1,-1,4,E01015669,0,5
2025010555968,2025,010555968,1,19,0,-1,-1,3,7,0,0,1,0,0,0,0,3,1,1,1,1,21,5,-1,-1,-1,-1,3,E01001446,0,3
2025010555972,2025,010555972,1,9,0,9,9,7,5,0,0,5,0,0,0,0,1,1,1,1,1,58,9,-1,-1,-1,-1,4,E01032732,0,4
2025010555978,2025,010555978,2,9,0,99,99,9,9,99,99,9,9,99,9,99,1,9,6,6,3,-1,-1,-1,-1,-1,-1,-1,-1,0,-1
2025010555978,2025,010555978,1,9,0,99,99,9,9,99,99,9,9,99,9,99,9,9,5,6,1,48,8,-1,-1,-1,-1,4,E01004452,0,3
2025010555980,2025,010555980,2,9,0,14,14,5,1,0,0,0,0,0,0,0,3,1,5,6,1,74,10,-1,-1,-1,-1,9,E01021285,0,3
2025010555980,2025,010555980,1,9,0,14,14,5,1,0,0,0,0,0,0,0,3,1,5,6,1,26,6,-1,-1,-1,-1,-1,-1,0,-1
2025010555985,2025,010555985,1,9,0,18,19,1,5,0,0,1,0,0,0,0,1,1,5,6,1,52,8,-1,-1,-1,-1,3,E01001832,0,1
2025010555986,2025,010555986,1,3,0,18,19,3,7,0,0,8,0,0,0,0,1,1,6,6,1,36,7,-1,-1,-1,-1,5,E01016398,0,4
2025010555986,2025,010555986,2,9,0,9,9,4,1,0,0,1,0,0,0,0,1,1,5,6,2,25,5,-1,-1,-1,-1,5,E01001570,0,3
2025010555987,2025,010555987,2,1,0,5,5,3,7,0,0,8,5,0,0,0,3,1,5,6,2,52,8,-1,-1,-1,-1,3,E01003917,0,1
2025010555987,2025,010555987,1,9,0,7,7,3,5,0,0,8,0,0,0,0,1,1,5,6,1,60,9,-1,-1,-1,-1,2,E01001076,0,3
2025010555988,2025,010555988,1,9,9,99,99,9,9,99,99,9,9,99,9,99,9,1,6,6,3,-1,-1,-1,-1,-1,-1,-1,-1,0,-1
2025010555991,2025,010555991,1,9,0,9,9,3,1,0,0,8,0,0,0,0,1,1,5,6,1,27,6,-1,-1,-1,-1,2,E01035684,0,1
2025010555991,2025,010555991,2,1,0,18,19,7,3,0,0,8,0,0,0,0,1,1,5,6,2,17,4,-1,-1,-1,-1,2,E01001848,0,1
2025010555995,2025,010555995,1,9,0,-1,-1,5,1,0,0,1,0,7,1,2,2,1,5,6,2,67,10,-1,-1,-1,-1,10,E01020203,0,5
2025010555995,2025,010555995,2,9,0,-1,-1,5,1,0,0,1,0,0,0,0,4,1,6,6,1,68,10,-1,-1,-1,-1,4,E01033322,0,2
2025010555997,2025,010555997,2,9,0,18,19,7,3,0,0,8,0,0,0,0,1,1,5,6,1,22,5,-1,-1,-1,-1,-1,-1,0,-1
2025010555997,2025,010555997,1,9,0,9,9,6,3,0,0,8,0,0,0,0,1,1,5,6,2,30,6,-1,-1,-1,-1,7,E01000437,0,1
2025010555998,2025,010555998,1,9,0,6,6,1,1,0,0,6,0,0,0,0,1,1,6,6,3,-1,-1,-1,-1,-1,-1,-1,-1,0,-1
2025010556005,2025,010556005,2,9,0,7,7,5,7,0,0,1,0,0,0,0,1,1,6,6,3,-1,-1,-1,-1,-1,-1,-1,-1,0,-1
2025010556005,2025,010556005,1,1,0,-1,-1,3,7,0,0,1,0,0,0,0,0,1,6,6,1,38,7,-1,-1,-1,-1,3,E01034388,0,1
2025010556007,2025,010556007,1,3,0,-1,-1,2,6,0,0,8,0,0,0,0,1,1,6,6,1,25,5,-1,-1,-1,-1,3,E01035659,0,2
2025010556007,2025,010556007,2,9,0,9,9,5,3,0,0,6,0,0,0,0,3,1,1,1,1,54,8,-1,-1,-1,-1,2,E01034472,0,3
2025010556009,2025,010556009,2,9,0,13,13,7,3,0,0,0,0,0,1,11,1,1,5,6,1,46,8,-1,-1,-1,-1,3,E01001448,0,1
2025010556009,2025,010556009,1,9,0,18,19,7,3,0,0,0,0,0,1,11,1,1,5,6,1,32,6,-1,-1,-1,-1,8,E01004386,0,1
2025010556014,2025,010556014,2,9,9,99,99,9,9,99,99,8,9,99,9,99,9,9,6,6,1,-1,-1,-1,-1,-1,-1,4,E01003919,0,2
2025010556014,2025,010556014,1,9,0,99,99,9,9,99,99,9,9,99,9,99,2,9,1,1,1,46,8,-1,-1,-1,-1,2,E01004236,0,1
2025010556016,2025,010556016,2,9,9,99,99,9,9,99,99,0,9,99,9,99,1,9,6,6,3,-1,-1,-1,-1,-1,-1,-1,-1,0,-1
2025010556016,2025,010556016,1,9,0,99,99,9,9,99,99,0,9,99,9,99,2,9,5,6,2,23,5,-1,-1,-1,-1,3,E01002031,0,1
2025010556021,2025,010556021,2,9,0,9,9,5,3,0,0,8,0,0,0,0,4,1,5,6,1,20,4,-1,-1,-1,-1,3,E01003357,0,1
2025010556021,2025,010556021,1,9,0,9,9,5,3,0,0,8,1,11,0,0,1,1,5,6,1,23,5,-1,-1,-1,-1,4,E01003410,0,1
2025010556022,2025,010556022,1,3,0,-1,-1,5,1,0,0,1,5,0,0,0,2,1,1,1,1,31,6,-1,-1,-1,-1,4,E01001182,0,1
2025010556025,2025,010556025,1,9,0,18,19,1,5,0,0,1,0,0,0,0,1,1,6,6,1,-1,-1,-1,-1,-1,-1,7,E01003456,0,2
2025010556025,2025,010556025,2,9,0,18,19,1,5,0,0,1,0,0,0,0,2,1,1,1,1,62,9,-1,-1,-1,-1,6,E01004530,0,2
2025010556026,2025,010556026,1,19,0,18,19,7,3,0,0,1,1,1,0,0,4,1,2,2,1,45,7,-1,-1,-1,-1,6,E01002380,0,2
2025010556026,2025,010556026,2,9,0,18,19,1,5,0,0,6,1,1,3,10,1,1,5,6,1,45,7,-1,-1,-1,-1,-1,-1,0,-1
2025010556027,2025,010556027,2,9,0,18,19,5,1,0,0,8,0,0,8,10,3,1,6,6,1,47,8,-1,-1,-1,-1,-1,-1,0,-1
2025010556027,2025,010556027,1,9,0,18,19,3,7,0,0,1,0,0,0,0,0,2,5,6,1,34,6,-1,-1,-1,-1,-1,-1,0,-1
2025010556027,2025,010556027,3,9,0,18,19,3,7,0,0,8,0,0,0,0,1,1,6,6,1,25,5,-1,-1,-1,-1,-1,-1,0,-1
2025010556031,2025,010556031,2,9,9,99,99,9,9,99,99,9,9,99,9,99,2,9,6,6,3,-1,-1,-1,-1,-1,-1,-1,-1,0,-1
2025010556031,2025,010556031,1,3,9,99,99,9,9,99,99,9,9,99,9,99,1,1,1,1,1,33,6,-1,-1,-1,-1,4,E01001467,0,1
2025010556048,2025,010556048,1,9,0,3,3,5,1,0,0,1,0,0,0,0,2,1,2,2,1,42,7,-1,-1,-1,-1,2,E01001753,0,1
2025010556048,2025,010556048,2,21,1,5,5,5,1,0,0,1,0,0,0,0,1,1,1,1,1,46,8,-1,-1,-1,-1,2,E01001430,0,2
2025010556056,2025,010556056,1,9,0,6,6,1,1,0,0,2,0,0,0,0,1,1,5,6,1,30,6,-1,-1,-1,-1,7,E01003646,0,3
2025010556056,2025,010556056,2,5,0,13,13,1,5,0,0,1,0,0,0,0,1,1,1,1,1,41,7,-1,-1,-1,-1,5,E01015942,0,4
2025010556058,2025,010556058,1,21,1,7,7,5,7,0,0,1,0,0,0,0,4,1,1,1,1,46,8,-1,-1,-1,-1,7,E01026928,0,5
2025010556058,2025,010556058,2,1,0,15,15,5,1,0,0,1,0,0,0,0,1,1,6,6,2,29,6,-1,-1,-1,-1,5,E01002876,0,3
2025010556059,2025,010556059,2,3,0,13,13,3,7,0,0,1,0,0,0,0,1,1,2,2,1,27,6,-1,-1,-1,-1,8,E01000136,0,2
2025010556059,2025,010556059,1,19,0,9,9,3,1,0,0,5,0,0,0,0,3,1,1,1,1,42,7,-1,-1,-1,-1,3,E01034046,0,2
2025010556062,2025,010556062,1,9,0,5,5,7,3,0,0,0,0,0,0,0,1,1,2,2,1,46,8,-1,-1,-1,-1,3,E01002065,0,1
2025010556065,2025,010556065,2,11,0,99,99,9,9,99,99,9,9,99,9,99,2,9,6,6,3,-1,-1,-1,-1,-1,-1,-1,-1,0,-1
2025010556065,2025,010556065,1,9,0,99,99,9,9,99,99,9,9,99,9,99,2,9,6,6,2,52,8,-1,-1,-1,-1,3,E01003235,0,1
2025010556066,2025,010556066,3,9,0,2,2,0,0,9,9,1,0,0,0,0,3,1,6,6,3,-1,-1,-1,-1,-1,-1,-1,-1,0,-1
2025010556066,2025,010556066,2,9,0,2,2,0,0,9,9,1,0,0,0,0,2,1,6,6,3,-1,-1,-1,-1,-1,-1,-1,-1,0,-1
2025010556066,2025,010556066,1,9,0,-1,-1,1,5,0,0,1,2,4,0,0,1,1,6,6,1,82,11,-1,-1,-1,-1,-1,-1,0,-1
2025010556067,2025,010556067,1,9,0,99,99,9,9,0,0,2,0,0,0,0,9,1,6,6,2,56,9,-1,-1,-1,-1,2,E01001755,0,3
2025010556069,2025,010556069,2,9,0,99,99,9,9,99,99,9,9,99,9,99,9,9,6,6,3,-1,-1,-1,-1,-1,-1,9,E01003680,0,2
2025010556069,2025,010556069,1,9,0,99,99,9,9,99,99,9,9,99,9,99,9,9,2,2,2,20,4,-1,-1,-1,-1,2,E01001775,0,1
2025010556075,2025,010556075,1,9,0,-1,-1,1,5,0,0,0,0,0,0,0,1,1,1,1,1,42,7,-1,-1,-1,-1,3,E01003605,0,2
2025010556078,2025,010556078,1,9,0,99,99,9,9,99,99,9,9,99,9,99,1,9,6,6,3,34,6,-1,-1,-1,-1,6,E01002246,0,1
2025010556084,2025,010556084,1,9,0,7,7,1,3,0,0,1,0,0,0,0,1,1,2,2,2,44,7,-1,-1,-1,-1,6,E01001201,0,1
2025010556088,2025,010556088,1,9,0,9,9,3,1,0,0,8,0,0,0,0,1,1,5,6,1,29,6,-1,-1,-1,-1,9,E01004158,0,1
2025010556090,2025,010556090,1,9,0,16,19,3,7,0,0,3,0,0,0,0,3,1,5,6,1,21,5,-1,-1,-1,-1,5,E01002546,0,1
2025010556090,2025,010556090,2,9,0,10,10,5,2,0,0,6,0,0,0,0,3,1,5,6,2,52,8,-1,-1,-1,-1,2,E01001250,0,2
2025010556093,2025,010556093,1,9,0,-1,-1,1,5,0,0,1,0,7,0,0,1,1,6,6,1,80,11,-1,-1,-1,-1,6,E01002266,0,1
2025010556093,2025,010556093,2,9,0,2,2,0,0,9,9,2,0,0,0,0,2,1,6,6,3,-1,-1,-1,-1,-1,-1,-1,-1,0,-1
2025010556101,2025,010556101,1,3,9,99,99,9,9,99,99,9,9,99,9,99,1,1,1,1,1,43,7,-1,-1,-1,-1,5,E01004624,0,1
2025010556101,2025,010556101,2,9,9,99,99,9,9,99,99,9,9,99,9,99,1,9,6,6,3,-1,-1,-1,-1,-1,-1,-1,-1,0,-1
2025010556113,2025,010556113,2,2,0,18,19,1,5,0,0,1,0,0,0,0,1,1,3,7,1,58,9,-1,-1,-1,-1,2,E01001147,0,1
2025010556113,2025,010556113,1,9,0,1,1,3,8,0,0,6,0,0,0,0,2,1,6,6,1,25,5,-1,-1,-1,-1,-1,-1,0,-1
2025010556121,2025,010556121,1,11,0,5,5,6,2,0,0,0,0,0,0,0,0,1,1,1,1,47,8,-1,-1,-1,-1,4,E01034033,0,1
2025010556122,2025,010556122,1,11,0,5,5,5,1,0,0,0,0,0,0,0,0,1,1,1,1,52,8,-1,-1,-1,-1,10,E01030415,0,2
2025010556124,2025,010556124,1,19,0,9,9,6,4,0,0,6,0,0,0,0,1,1,1,1,1,59,9,-1,-1,-1,-1,5,E01000606,0,3
2025010556127,2025,010556127,1,8,0,99,99,9,9,99,99,9,9,99,9,99,9,9,1,1,1,33,6,-1,-1,-1,-1,6,E01002659,0,1
2025010556127,2025,010556127,2,9,9,99,99,9,9,99,99,9,9,99,9,99,9,9,6,6,3,-1,-1,-1,-1,-1,-1,-1,-1,0,-1
2025010556132,2025,010556132,1,9,0,18,19,7,3,9,9,1,1,0,1,2,3,1,5,6,2,28,6,-1,-1,-1,-1,5,E01004076,0,2
2025010556134,2025,010556134,1,9,0,18,19,1,5,0,0,6,0,0,0,0,1,1,6,6,1,41,7,-1,-1,-1,-1,6,E01001565,0,1
2025010556135,2025,010556135,1,1,0,-1,-1,1,5,0,0,8,5,0,0,0,2,1,5,6,2,56,9,-1,-1,-1,-1,5,E01004016,0,2
2025010556136,2025,010556136,1,19,0,4,4,5,1,9,9,0,0,0,0,0,2,1,1,1,1,34,6,-1,-1,-1,-1,3,E01004613,0,2
2025010556136,2025,010556136,2,19,0,-1,-1,5,1,0,0,0,0,4,0,0,4,1,1,1,1,23,5,-1,-1,-1,-1,4,E01004538,0,2
2025010556142,2025,010556142,1,9,0,3,3,1,5,0,0,4,0,0,0,0,2,1,5,6,1,22,5,-1,-1,-1,-1,2,E01001331,0,1
2025010556142,2025,010556142,2,19,0,18,19,1,5,0,0,1,0,0,0,0,1,1,5,6,1,59,9,-1,-1,-1,-1,-1,-1,0,-1
2025010556143,2025,010556143,2,9,0,99,99,9,9,99,99,9,9,99,9,99,1,9,6,6,3,-1,-1,-1,-1,-1,-1,-1,-1,0,-1
2025010556143,2025,010556143,1,9,0,99,99,9,9,99,99,9,9,99,9,99,2,9,5,6,1,25,5,-1,-1,-1,-1,8,E01029570,0,5