collision_index,collision_year,collision_ref_no,vehicle_reference,vehicle_type,towing_and_articulation,vehicle_manoeuvre_historic,vehicle_manoeuvre,vehicle_direction_from,vehicle_direction_to,vehicle_location_restricted_lane_historic,vehicle_location_restricted_lane,junction_location,skidding_and_overturning,hit_object_in_carriageway,vehicle_leaving_carriageway,hit_object_off_carriageway,first_point_of_impact,vehicle_left_hand_drive,journey_purpose_of_driver_historic,journey_purpose_of_driver,sex_of_driver,age_of_driver,age_band_of_driver,engine_capacity_cc,propulsion_code,age_of_vehicle,generic_make_model,driver_imd_decile,lsoa_of_driver,escooter_flag,driver_distance_banding
2025010556431,2025,010556431,1,1,0,99,99,9,9,0,0,0,0,0,0,0,1,1,6,6,3,-1,-1,-1,-1,-1,-1,1,E01015732,0,4
2025010556432,2025,010556432,1,9,0,16,19,1,5,0,0,0,0,0,0,0,1,1,5,6,1,60,9,-1,-1,-1,-1,5,E01003342,0,1
2025010556432,2025,010556432,2,21,4,17,19,5,1,0,0,0,0,0,0,0,1,1,1,1,1,34,6,-1,-1,-1,-1,8,E01004168,0,3
2025010556436,2025,010556436,1,8,0,99,99,9,9,99,99,0,9,99,9,99,9,9,6,6,3,-1,-1,-1,-1,-1,-1,-1,-1,0,-1
2025010556443,2025,010556443,1,9,0,15,15,1,5,0,0,0,0,4,0,0,1,1,5,6,2,67,10,-1,-1,-1,-1,6,E01002266,0,1
2025010556443,2025,010556443,3,9,0,2,2,0,0,0,0,0,0,0,0,0,1,1,6,6,3,-1,-1,-1,-1,-1,-1,-1,-1,0,-1
2025010556443,2025,010556443,2,9,0,2,2,0,0,0,0,0,0,0,0,0,2,1,6,6,3,-1,-1,-1,-1,-1,-1,-1,-1,0,-1
2025010556445,2025,010556445,1,11,0,4,4,5,1,0,0,2,0,0,0,0,0,1,1,1,2,31,6,-1,-1,-1,-1,3,E01003587,0,2
2025010556450,2025,010556450,1,9,0,18,19,1,5,0,0,2,0,0,0,0,3,1,5,6,1,43,7,-1,-1,-1,-1,5,E01001720,0,1
2025010556454,2025,010556454,1,9,0,99,99,9,9,99,99,9,9,99,9,99,9,9,6,6,3,-1,-1,-1,-1,-1,-1,-1,-1,0,-1
2025010556457,2025,010556457,1,9,0,99,99,9,9,99,99,9,9,99,9,99,9,9,6,6,3,-1,-1,-1,-1,-1,-1,-1,-1,0,-1
2025010556460,2025,010556460,1,9,0,5,5,7,3,0,0,8,0,0,0,0,1,1,3,7,2,42,7,-1,-1,-1,-1,4,E01003608,0,3
2025010556462,2025,010556462,2,9,0,99,99,9,9,99,99,9,9,99,9,99,1,9,6,6,3,-1,-1,-1,-1,-1,-1,-1,-1,0,-1
2025010556462,2025,010556462,1,3,0,99,99,9,9,99,99,9,9,99,9,99,2,1,1,1,1,34,6,-1,-1,-1,-1,6,E01002165,0,1
2025010556474,2025,010556474,1,9,0,5,5,3,7,0,0,2,0,0,0,0,1,1,6,6,2,39,7,-1,-1,-1,-1,7,E01003786,0,1
2025010556477,2025,010556477,2,1,0,4,4,1,5,0,0,2,0,0,1,0,2,1,5,6,1,25,5,-1,-1,-1,-1,2,E01004535,0,2
2025010556477,2025,010556477,1,3,0,-1,-1,1,5,0,0,2,0,0,0,0,1,1,6,6,1,24,5,-1,-1,-1,-1,3,E01000998,0,2
2025010556480,2025,010556480,2,9,0,99,99,9,9,99,99,9,9,99,9,99,1,9,6,6,3,-1,-1,-1,-1,-1,-1,-1,-1,0,-1
2025010556480,2025,010556480,1,3,0,99,99,9,9,99,99,9,9,99,9,99,1,1,2,2,2,36,7,-1,-1,-1,-1,5,E01002169,0,1
2025010556487,2025,010556487,2,9,0,2,2,9,9,99,99,0,9,99,9,99,3,9,6,6,3,-1,-1,-1,-1,-1,-1,-1,-1,0,-1
2025010556487,2025,010556487,1,1,9,18,19,9,9,99,99,0,9,8,9,99,9,1,2,2,2,27,6,-1,-1,-1,-1,6,E01004050,0,3
2025010556488,2025,010556488,1,9,0,3,3,5,1,0,0,1,0,0,0,0,2,1,2,2,1,36,7,-1,-1,-1,-1,4,E01002598,0,1
2025010556488,2025,010556488,2,9,0,3,3,5,1,0,0,1,0,0,0,0,1,1,1,1,1,42,7,-1,-1,-1,-1,4,E01002643,0,1
2025010556491,2025,010556491,1,19,0,9,9,1,7,0,0,1,0,0,0,0,3,1,1,1,1,26,6,-1,-1,-1,-1,7,E01002226,0,1
2025010556496,2025,010556496,1,9,0,3,3,2,6,0,0,1,0,0,0,0,2,1,5,6,1,35,6,-1,-1,-1,-1,4,E01016481,0,2
2025010556496,2025,010556496,2,19,0,-1,-1,2,6,0,0,1,0,0,0,0,1,1,6,6,1,50,8,-1,-1,-1,-1,4,E01030743,0,1
2025010556499,2025,010556499,1,9,0,99,99,9,9,99,99,9,9,99,9,99,1,9,6,6,3,-1,-1,-1,-1,-1,-1,-1,-1,0,-1
2025010556500,2025,010556500,2,9,0,18,19,3,7,0,0,1,0,0,0,0,1,1,5,6,1,46,8,-1,-1,-1,-1,4,E01002409,0,1
2025010556500,2025,010556500,1,9,0,5,5,5,1,0,0,2,0,0,0,0,3,1,5,6,2,37,7,-1,-1,-1,-1,7,E01002514,0,1
2025010556502,2025,010556502,2,9,0,5,5,5,1,0,0,1,0,0,0,0,4,1,3,7,2,24,5,-1,-1,-1,-1,2,E01003601,0,1
2025010556502,2025,010556502,1,3,0,15,15,1,5,0,0,6,0,0,0,0,4,1,6,6,2,28,6,-1,-1,-1,-1,2,E01004223,0,1
2025010556503,2025,010556503,1,9,0,9,9,7,5,0,0,6,0,0,0,0,1,1,2,2,1,64,9,-1,-1,-1,-1,3,E01001807,0,1
2025010556503,2025,010556503,2,1,0,9,9,1,7,0,0,5,5,0,0,0,4,1,2,2,1,30,6,-1,-1,-1,-1,3,E01033943,0,1
2025010556504,2025,010556504,1,97,0,99,99,9,9,99,99,9,9,99,9,99,9,9,5,6,1,34,6,-1,-1,-1,-1,7,E01002127,0,1
2025010556504,2025,010556504,2,8,9,99,99,9,9,99,99,9,9,99,9,99,1,9,6,6,1,26,6,-1,-1,-1,-1,4,E01016481,0,3
2025010556506,2025,010556506,1,9,0,9,9,3,1,0,0,6,0,0,0,0,1,2,5,6,2,25,5,-1,-1,-1,-1,2,E01000052,0,1
2025010556506,2025,010556506,2,1,0,18,19,1,5,0,0,1,5,0,0,0,1,1,5,6,1,16,4,-1,-1,-1,-1,3,E01000009,0,1
2025010556508,2025,010556508,2,3,0,9,9,3,1,0,0,8,0,0,0,0,4,1,1,1,1,29,6,-1,-1,-1,-1,3,E01003496,0,1
2025010556508,2025,010556508,1,9,0,-1,-1,7,3,0,0,8,0,0,0,0,3,1,2,2,1,28,6,-1,-1,-1,-1,5,E01015994,0,4
2025010556509,2025,010556509,1,9,0,9,9,5,2,0,0,5,0,0,0,0,1,1,2,2,1,27,6,-1,-1,-1,-1,6,E01001091,0,1
2025010556509,2025,010556509,2,3,0,18,19,1,5,0,0,2,0,0,0,0,1,1,2,2,1,19,4,-1,-1,-1,-1,3,E01001169,0,1
2025010556510,2025,010556510,1,4,0,4,4,1,5,0,0,2,1,0,0,0,0,1,2,2,1,32,6,-1,-1,-1,-1,10,E01030495,0,4
2025010556512,2025,010556512,1,1,0,18,19,5,1,0,0,0,0,0,0,0,1,1,6,6,2,40,7,-1,-1,-1,-1,6,E01001852,0,1
2025010556513,2025,010556513,1,9,0,18,19,3,7,0,0,0,0,0,0,0,4,1,6,6,2,57,9,-1,-1,-1,-1,8,E01004742,0,3
2025010556516,2025,010556516,1,11,0,-1,-1,5,1,0,0,4,0,0,0,0,0,1,1,1,1,57,9,-1,-1,-1,-1,10,E01023553,0,2
2025010556518,2025,010556518,2,98,0,99,99,9,9,99,99,9,9,99,9,99,1,9,6,6,3,34,6,-1,-1,-1,-1,5,E01003638,0,1
2025010556518,2025,010556518,1,9,0,99,99,9,9,99,99,9,9,99,9,99,2,9,2,2,2,25,5,-1,-1,-1,-1,6,E01024432,0,4
2025010556526,2025,010556526,2,1,0,-1,-1,6,2,2,2,1,0,0,0,0,0,1,2,2,1,42,7,-1,-1,-1,-1,3,E01002031,0,3
2025010556526,2025,010556526,1,9,0,1,1,1,5,2,2,6,0,0,0,0,0,1,5,6,2,29,6,-1,-1,-1,-1,3,E01001930,0,1
2025010556528,2025,010556528,2,90,0,5,5,1,5,0,0,8,0,0,0,0,3,1,1,1,1,53,8,-1,-1,-1,-1,6,E01004370,0,3
2025010556528,2025,010556528,1,9,0,-1,-1,1,5,0,0,8,1,0,0,0,4,1,5,6,1,38,7,-1,-1,-1,-1,-1,-1,0,-1
2025010556529,2025,010556529,1,1,9,99,99,9,9,99,99,9,9,99,9,99,9,1,3,7,2,-1,-1,-1,-1,-1,-1,3,E01035641,0,1
2025010556529,2025,010556529,2,19,0,99,99,9,9,99,99,9,9,99,9,99,9,9,6,6,3,-1,-1,-1,-1,-1,-1,-1,-1,0,-1
2025010556532,2025,010556532,1,9,0,4,4,5,1,0,0,0,0,0,0,0,2,1,5,6,1,53,8,-1,-1,-1,-1,6,E01030681,0,3
2025010556532,2025,010556532,2,9,0,18,19,5,1,0,0,0,0,4,0,0,1,1,6,6,1,57,9,-1,-1,-1,-1,2,E01000604,0,3
2025010556535,2025,010556535,2,9,0,99,99,9,9,99,99,9,9,99,9,99,9,9,6,6,3,-1,-1,-1,-1,-1,-1,-1,-1,0,-1
2025010556535,2025,010556535,1,1,9,99,99,9,9,99,99,9,9,99,9,99,9,1,2,2,1,54,8,-1,-1,-1,-1,6,E01021205,0,4
2025010556538,2025,010556538,2,9,0,9,9,3,8,9,9,1,0,0,7,0,1,1,5,6,2,21,5,-1,-1,-1,-1,2,E01004239,0,1
2025010556538,2025,010556538,1,1,0,10,10,7,5,9,9,1,0,0,3,0,1,1,6,6,1,25,5,-1,-1,-1,-1,3,E01035693,0,1
2025010556540,2025,010556540,1,9,0,1,1,7,3,0,0,6,0,0,0,0,2,1,6,6,3,-1,-1,-1,-1,-1,-1,-1,-1,0,-1
2025010556541,2025,010556541,1,1,9,99,99,9,9,99,99,9,9,99,9,99,9,1,2,2,1,36,7,-1,-1,-1,-1,7,E01004483,0,2
2025010556541,2025,010556541,2,3,0,99,99,9,9,99,99,9,9,99,9,99,9,1,6,6,3,-1,-1,-1,-1,-1,-1,-1,-1,0,-1
2025010556547,2025,010556547,1,9,0,9,9,7,4,0,0,1,0,0,0,0,3,1,6,6,3,-1,-1,-1,-1,-1,-1,4,E01003118,0,2
2025010556547,2025,010556547,2,1,0,9,9,7,4,0,0,1,0,0,0,0,3,1,1,1,1,20,4,-1,-1,-1,-1,4,E01001946,0,1
2025010556548,2025,010556548,1,9,0,7,7,7,1,0,0,6,0,0,0,0,1,1,5,6,1,85,11,-1,-1,-1,-1,8,E01000256,0,1
2025010556548,2025,010556548,2,1,0,18,19,1,5,0,0,8,5,0,0,0,3,1,6,6,2,66,10,-1,-1,-1,-1,7,E01000259,0,1
2025010556549,2025,010556549,2,1,0,13,13,5,1,0,0,5,0,0,0,0,1,1,2,2,1,32,6,-1,-1,-1,-1,6,E01003071,0,1
2025010556549,2025,010556549,1,9,0,7,7,5,7,0,0,5,0,0,1,0,1,1,2,2,1,43,7,-1,-1,-1,-1,-1,-1,0,-1
2025010556557,2025,010556557,1,9,0,18,19,1,5,0,0,1,0,0,0,0,3,2,2,2,1,62,9,-1,-1,-1,-1,3,E01033863,0,1
2025010556558,2025,010556558,2,9,0,-1,-1,5,1,0,0,6,0,0,0,0,1,1,5,6,1,29,6,-1,-1,-1,-1,5,E01002449,0,1
2025010556558,2025,010556558,1,19,0,9,9,1,7,0,0,8,0,0,0,0,1,1,1,1,1,38,7,-1,-1,-1,-1,2,E01021312,0,4
2025010556562,2025,010556562,1,9,0,17,19,3,7,9,9,1,1,0,7,1,1,1,5,6,2,27,6,-1,-1,-1,-1,5,E01003559,0,1
2025010556562,2025,010556562,2,9,0,13,13,3,7,0,0,1,1,0,0,0,1,1,6,6,1,35,6,-1,-1,-1,-1,-1,-1,0,-1
2025010556567,2025,010556567,1,9,0,99,99,9,9,99,99,0,9,99,9,99,9,9,6,6,3,-1,-1,-1,-1,-1,-1,8,E01000985,0,1
2025010556568,2025,010556568,1,8,0,7,7,7,1,0,0,8,0,0,0,0,4,1,5,6,1,42,7,-1,-1,-1,-1,-1,-1,0,-1
2025010556568,2025,010556568,2,1,0,7,7,7,1,0,0,8,0,0,0,0,1,1,5,6,1,18,4,-1,-1,-1,-1,2,E01001827,0,2
2025010556570,2025,010556570,1,9,0,18,19,3,7,0,0,1,5,0,0,0,1,1,5,6,2,30,6,-1,-1,-1,-1,10,E01022085,0,4
2025010556570,2025,010556570,3,9,0,10,10,3,1,0,0,1,0,0,0,0,4,1,6,6,1,36,7,-1,-1,-1,-1,3,E01004283,0,1
2025010556570,2025,010556570,2,9,0,18,19,3,7,0,0,1,0,0,0,0,3,1,1,1,1,25,5,-1,-1,-1,-1,6,E01021983,0,4
2025010556571,2025,010556571,2,3,0,-1,-1,1,5,0,0,8,0,0,0,0,1,1,1,1,1,45,7,-1,-1,-1,-1,3,E01002809,0,1
2025010556571,2025,010556571,1,9,0,9,9,5,3,0,0,5,0,0,0,0,1,1,5,6,1,57,9,-1,-1,-1,-1,3,E01002065,0,1
2025010556577,2025,010556577,1,9,0,-1,-1,5,1,0,0,7,2,7,8,7,1,1,2,2,1,34,6,-1,-1,-1,-1,7,E01000693,0,3
2025010556580,2025,010556580,2,8,9,99,99,9,9,99,99,9,9,99,9,99,9,9,6,6,1,-1,-1,-1,-1,-1,-1,-1,-1,0,-1
2025010556580,2025,010556580,1,1,9,99,99,9,9,99,99,9,9,99,9,99,9,1,6,6,3,41,7,-1,-1,-1,-1,6,E01002788,0,1
2025010556584,2025,010556584,2,1,0,9,9,2,7,0,0,1,0,0,0,0,3,1,2,2,1,60,9,-1,-1,-1,-1,4,E01001624,0,2
2025010556584,2025,010556584,1,9,0,-1,-1,6,2,0,0,1,0,0,0,0,3,1,6,6,3,-1,-1,-1,-1,-1,-1,-1,-1,0,-1
2025010556585,2025,010556585,1,9,0,18,19,5,1,0,0,8,0,0,0,0,1,1,6,6,2,47,8,-1,-1,-1,-1,3,E01003377,0,1
2025010556585,2025,010556585,2,9,0,7,7,7,1,0,0,6,0,0,0,0,1,1,6,6,2,45,7,-1,-1,-1,-1,9,E01004136,0,1
2025010556586,2025,010556586,1,9,0,15,15,1,5,0,0,8,0,0,0,0,4,1,6,6,2,45,7,-1,-1,-1,-1,6,E01003233,0,2
2025010556590,2025,010556590,2,9,0,99,99,9,9,99,99,9,9,99,9,99,2,9,6,6,3,-1,-1,-1,-1,-1,-1,-1,-1,0,-1
2025010556590,2025,010556590,1,1,9,99,99,9,9,99,99,9,9,99,9,99,1,1,5,6,1,60,9,-1,-1,-1,-1,9,E01000716,0,2
2025010556591,2025,010556591,1,9,0,-1,-1,5,1,0,0,8,0,0,0,0,1,1,2,2,1,49,8,-1,-1,-1,-1,5,E01002229,0,1
2025010556591,2025,010556591,2,9,0,-1,-1,5,1,0,0,8,0,0,0,0,1,1,1,1,1,29,6,-1,-1,-1,-1,6,E01023306,0,4
2025010556593,2025,010556593,1,9,0,1,1,5,1,0,0,0,0,0,0,0,2,1,6,6,3,-1,-1,-1,-1,-1,-1,-1,-1,0,-1
2025010556595,2025,010556595,1,1,9,99,99,9,9,99,99,9,9,99,9,99,2,1,2,2,3,36,7,-1,-1,-1,-1,2,E01002760,0,2
2025010556595,2025,010556595,2,19,0,99,99,9,9,99,99,9,9,99,9,99,2,9,6,6,3,-1,-1,-1,-1,-1,-1,-1,-1,0,-1
2025010556599,2025,010556599,1,9,0,99,99,9,9,99,99,9,9,99,9,99,2,9,2,2,1,54,8,-1,-1,-1,-1,3,E01004460,0,2
2025010556599,2025,010556599,2,9,0,99,99,9,9,99,99,9,9,99,9,99,1,9,6,6,3,-1,-1,-1,-1,-1,-1,-1,-1,0,-1
2025010556602,2025,010556602,1,9,0,99,99,9,9,0,0,9,0,0,0,0,9,9,6,6,3,-1,-1,-1,-1,-1,-1,-1,-1,0,-1
2025010556612,2025,010556612,2,9,0,9,9,2,8,0,0,6,0,0,0,0,3,1,6,6,1,27,6,-1,-1,-1,-1,2,E01004301,0,2
2025010556612,2025,010556612,1,3,0,18,19,7,3,0,0,1,0,0,0,0,4,1,6,6,1,34,6,-1,-1,-1,-1,2,E01033581,0,1
2025010556613,2025,010556613,1,1,0,-1,-1,7,3,0,0,2,0,0,0,0,1,1,1,1,1,31,6,-1,-1,-1,-1,5,E01001880,0,1
2025010556615,2025,010556615,2,9,9,99,99,9,9,99,99,9,9,99,9,99,9,9,6,6,3,-1,-1,-1,-1,-1,-1,-1,-1,0,-1
2025010556615,2025,010556615,1,1,9,99,99,9,9,99,99,9,9,99,9,99,9,1,2,2,1,50,8,-1,-1,-1,-1,10,E01030387,0,3
2025010556618,2025,010556618,1,1,9,99,99,9,9,99,99,9,9,99,9,99,9,1,2,2,1,38,7,-1,-1,-1,-1,7,E01001495,0,2
2025010556619,2025,010556619,2,1,0,-1,-1,1,5,0,0,1,0,0,0,0,1,1,1,1,1,56,9,-1,-1,-1,-1,8,E01001985,0,1
2025010556619,2025,010556619,1,3,0,-1,-1,5,1,0,0,8,0,0,0,0,1,1,6,6,1,25,5,-1,-1,-1,-1,3,E01000506,0,1
2025010556628,2025,010556628,2,1,0,-1,-1,7,3,0,0,6,0,0,0,0,1,1,1,1,2,48,8,-1,-1,-1,-1,3,E01032583,0,1
2025010556628,2025,010556628,1,19,0,9,9,3,1,0,0,5,0,0,0,0,1,1,1,1,1,54,8,-1,-1,-1,-1,-1,-1,0,-1
2025010556629,2025,010556629,2,9,0,10,10,1,7,0,0,5,1,10,7,0,3,1,1,1,1,17,4,-1,-1,-1,-1,3,E01003332,0,3
2025010556629,2025,010556629,1,9,0,-1,-1,5,1,0,0,1,1,0,0,0,1,1,6,6,1,59,9,-1,-1,-1,-1,6,E01000462,0,1
2025010556632,2025,010556632,1,9,0,99,99,9,9,99,99,0,9,99,9,99,9,9,6,6,1,24,5,-1,-1,-1,-1,9,E01030566,0,1
2025010556634,2025,010556634,1,1,9,99,99,9,9,99,99,9,9,99,9,99,9,1,2,2,1,45,7,-1,-1,-1,-1,6,E01002919,0,1
2025010556634,2025,010556634,2,9,0,99,99,9,9,99,99,9,9,99,9,99,9,9,6,6,3,-1,-1,-1,-1,-1,-1,-1,-1,0,-1
2025010556635,2025,010556635,1,11,0,5,5,3,7,0,0,1,0,0,0,0,1,1,1,1,1,44,7,-1,-1,-1,-1,5,E01000330,0,1
2025010556637,2025,010556637,1,3,0,99,99,9,9,99,99,9,9,99,9,99,9,1,2,2,1,32,6,-1,-1,-1,-1,6,E01001091,0,1
2025010556637,2025,010556637,2,9,0,99,99,9,9,99,99,9,9,99,9,99,1,9,6,6,3,-1,-1,-1,-1,-1,-1,-1,-1,0,-1
2025010556639,2025,010556639,1,23,0,99,99,9,9,99,99,9,9,99,9,99,9,1,6,6,1,16,4,-1,-1,-1,-1,4,E01003916,0,2
2025010556642,2025,010556642,1,9,0,2,2,0,0,0,0,2,0,0,0,0,1,1,6,6,3,-1,-1,-1,-1,-1,-1,-1,-1,0,-1
2025010556642,2025,010556642,2,9,0,2,2,0,0,0,0,2,0,4,0,0,1,1,6,6,3,-1,-1,-1,-1,-1,-1,-1,-1,0,-1
2025010556642,2025,010556642,3,9,0,1,1,3,7,0,0,1,0,4,0,0,2,1,5,6,2,59,9,-1,-1,-1,-1,-1,-1,0,-1
2025010556643,2025,010556643,2,9,0,-1,-1,1,5,0,0,4,0,0,0,0,1,1,6,6,2,27,6,-1,-1,-1,-1,4,E01002250,0,2
2025010556643,2025,010556643,1,9,0,9,9,5,3,0,0,8,0,0,0,0,4,1,5,6,1,78,11,-1,-1,-1,-1,9,E01002318,0,1
2025010556646,2025,010556646,1,9,0,10,10,7,4,0,0,1,0,0,0,0,2,1,5,6,2,32,6,-1,-1,-1,-1,-1,-1,0,-1
2025010556646,2025,010556646,2,9,0,-1,-1,7,3,0,0,1,0,0,0,0,1,1,5,6,2,79,11,-1,-1,-1,-1,-1,-1,0,-1
2025010556647,2025,010556647,1,9,9,99,99,9,9,99,99,9,9,99,9,99,9,9,5,6,2,66,10,-1,-1,-1,-1,5,E01001138,0,1
2025010556649,2025,010556649,1,9,0,14,14,7,3,0,0,1,0,0,0,0,1,1,5,6,2,77,11,-1,-1,-1,-1,7,E01004512,0,1
2025010556650,2025,010556650,2,9,9,99,99,9,9,99,99,9,9,99,9,99,9,9,6,6,3,26,6,-1,-1,-1,-1,9,E01001417,0,2
2025010556650,2025,010556650,1,9,9,99,99,9,9,99,99,9,9,99,9,99,9,9,6,6,2,36,7,-1,-1,-1,-1,3,E01033150,0,1
2025010556656,2025,010556656,2,3,9,99,99,9,9,99,99,9,9,99,9,99,9,1,6,6,1,76,11,-1,-1,-1,-1,9,E01003882,0,1
2025010556656,2025,010556656,1,3,9,99,99,9,9,99,99,9,9,99,9,99,9,1,6,6,3,32,6,-1,-1,-1,-1,3,E01002646,0,1
2025010556657,2025,010556657,1,11,0,5,5,5,1,0,0,2,0,0,0,0,0,1,1,1,2,23,5,-1,-1,-1,-1,4,E01034224,0,1
2025010556660,2025,010556660,1,9,0,5,5,5,1,0,0,6,0,0,0,0,4,1,3,7,2,37,7,-1,-1,-1,-1,7,E01004081,0,1
2025010556660,2025,010556660,2,3,0,18,19,3,7,0,0,1,0,0,0,0,1,1,6,6,1,20,4,-1,-1,-1,-1,3,E01034392,0,3
2025010556663,2025,010556663,1,9,0,9,9,3,1,0,0,6,0,0,0,0,1,1,5,6,1,38,7,-1,-1,-1,-1,4,E01003492,0,3
2025010556663,2025,010556663,2,1,0,-1,-1,1,5,0,0,1,0,0,0,0,1,1,2,2,1,25,5,-1,-1,-1,-1,2,E01033605,0,1
2025010556668,2025,010556668,2,9,0,99,99,9,9,99,99,9,9,99,9,99,3,9,6,6,3,-1,-1,-1,-1,-1,-1,-1,-1,0,-1
2025010556668,2025,010556668,1,9,0,99,99,9,9,99,99,9,9,99,9,99,3,9,5,6,2,34,6,-1,-1,-1,-1,7,E01003792,0,1
2025010556669,2025,010556669,1,3,0,99,99,9,9,0,0,1,0,0,0,0,9,1,5,6,1,29,6,-1,-1,-1,-1,6,E01001997,0,3
2025010556669,2025,010556669,2,9,0,99,99,9,9,0,0,9,0,0,0,0,9,1,6,6,3,-1,-1,-1,-1,-1,-1,-1,-1,0,-1
2025010556673,2025,010556673,2,1,9,99,99,9,9,99,99,9,9,99,9,99,1,1,6,6,1,-1,-1,-1,-1,-1,-1,7,E01034035,0,1
2025010556673,2025,010556673,1,9,0,99,99,9,9,99,99,9,9,99,9,99,2,9,5,6,1,26,6,-1,-1,-1,-1,5,E01004610,0,3
2025010556676,2025,010556676,1,9,0,4,4,3,7,0,0,8,0,0,0,0,1,1,6,6,1,75,10,-1,-1,-1,-1,5,E01002167,0,1
2025010556678,2025,010556678,2,1,0,18,19,6,2,0,0,0,0,0,0,0,3,1,6,6,2,27,6,-1,-1,-1,-1,4,E01003981,0,1
2025010556678,2025,010556678,1,11,0,13,13,6,2,0,0,0,0,0,0,0,4,1,1,1,1,43,7,-1,-1,-1,-1,2,E01001634,0,3
2025010556679,2025,010556679,1,9,9,99,99,9,9,99,99,9,9,99,9,99,9,9,6,6,3,-1,-1,-1,-1,-1,-1,-1,-1,0,-1
2025010556681,2025,010556681,2,9,0,99,99,9,9,99,99,9,9,99,9,99,9,9,6,6,3,-1,-1,-1,-1,-1,-1,2,E01000907,0,1
2025010556681,2025,010556681,1,1,9,99,99,9,9,99,99,9,9,99,9,99,1,1,2,2,1,51,8,-1,-1,-1,-1,3,E01002809,0,1
2025010556684,2025,010556684,2,19,0,3,3,1,5,0,0,1,0,0,0,0,4,1,1,1,1,26,6,-1,-1,-1,-1,9,E01024773,0,4
2025010556684,2025,010556684,3,9,0,18,19,3,7,0,0,1,0,0,0,0,1,1,5,6,2,33,6,-1,-1,-1,-1,2,E01001051,0,1
2025010556684,2025,010556684,1,9,0,18,19,5,1,0,0,8,0,0,0,0,3,1,5,6,2,77,11,-1,-1,-1,-1,10,E01000841,0,1
2025010556686,2025,010556686,2,9,0,99,99,9,9,99,99,9,9,99,9,99,9,9,6,6,3,-1,-1,-1,-1,-1,-1,-1,-1,0,-1
2025010556686,2025,010556686,1,9,0,99,99,9,9,99,99,9,9,99,9,99,1,9,6,6,1,40,7,-1,-1,-1,-1,5,E01002395,0,1
2025010556688,2025,010556688,1,3,0,99,99,9,9,0,0,1,0,0,0,0,9,1,2,2,1,32,6,-1,-1,-1,-1,2,E01001509,0,3
2025010556688,2025,010556688,2,9,0,99,99,9,9,99,99,9,9,99,9,99,9,9,6,6,3,-1,-1,-1,-1,-1,-1,-1,-1,0,-1
2025010556690,2025,010556690,1,9,9,99,99,9,9,99,99,0,9,99,9,99,9,9,6,6,3,-1,-1,-1,-1,-1,-1,-1,-1,0,-1
2025010556692,2025,010556692,2,9,0,99,99,9,9,99,99,9,9,99,9,99,1,9,6,6,3,-1,-1,-1,-1,-1,-1,-1,-1,0,-1
2025010556692,2025,010556692,1,3,0,99,99,9,9,99,99,9,9,99,9,99,2,1,1,1,1,27,6,-1,-1,-1,-1,3,E01004010,0,1
2025010556693,2025,010556693,1,11,0,-1,-1,7,3,0,0,1,0,0,0,0,0,1,1,1,1,28,6,-1,-1,-1,-1,3,E01004203,0,1
2025010556698,2025,010556698,1,9,0,99,99,9,9,99,99,9,9,99,9,99,9,9,5,6,1,37,7,-1,-1,-1,-1,4,E01034601,0,2
2025010556698,2025,010556698,2,9,0,99,99,9,9,99,99,9,9,99,9,99,9,9,6,6,3,-1,-1,-1,-1,-1,-1,6,E01001284,0,1
2025010556702,2025,010556702,1,9,0,18,19,6,2,0,0,1,0,10,7,3,1,1,2,2,2,30,6,-1,-1,-1,-1,3,E01003566,0,1
2025010556704,2025,010556704,1,3,0,99,99,9,9,99,99,9,9,99,9,99,9,1,2,2,1,23,5,-1,-1,-1,-1,7,E01002939,0,2
2025010556704,2025,010556704,2,9,0,99,99,9,9,99,99,9,9,99,9,99,1,9,6,6,3,-1,-1,-1,-1,-1,-1,-1,-1,0,-1
2025010556705,2025,010556705,1,1,9,99,99,9,9,99,99,9,9,99,9,99,9,1,2,2,1,50,8,-1,-1,-1,-1,2,E01003338,0,1
2025010556716,2025,010556716,2,9,0,7,7,1,3,0,0,8,0,0,0,0,1,1,1,1,1,33,6,-1,-1,-1,-1,3,E01004011,0,2
2025010556716,2025,010556716,1,11,0,-1,-1,1,5,0,0,1,0,0,0,0,1,1,1,1,1,36,7,-1,-1,-1,-1,3,E01001109,0,1
2025010556717,2025,010556717,2,1,0,16,19,5,1,0,0,8,0,0,0,0,3,1,6,6,1,37,7,-1,-1,-1,-1,3,E01001311,0,2
2025010556717,2025,010556717,1,19,0,7,7,5,7,0,0,2,0,0,0,0,4,1,6,6,3,-1,-1,-1,-1,-1,-1,-1,-1,0,-1
2025010556718,2025,010556718,1,19,0,14,14,5,1,0,0,3,0,7,0,0,1,1,5,6,1,42,7,-1,-1,-1,-1,2,E01001079,0,1
2025010556721,2025,010556721,1,9,0,-1,-1,2,6,0,0,0,0,0,0,0,4,1,5,6,1,21,5,-1,-1,-1,-1,3,E01008893,0,5