collision_index,collision_year,collision_ref_no,vehicle_reference,vehicle_type,towing_and_articulation,vehicle_manoeuvre_historic,vehicle_manoeuvre,vehicle_direction_from,vehicle_direction_to,vehicle_location_restricted_lane_historic,vehicle_location_restricted_lane,junction_location,skidding_and_overturning,hit_object_in_carriageway,vehicle_leaving_carriageway,hit_object_off_carriageway,first_point_of_impact,vehicle_left_hand_drive,journey_purpose_of_driver_historic,journey_purpose_of_driver,sex_of_driver,age_of_driver,age_band_of_driver,engine_capacity_cc,propulsion_code,age_of_vehicle,generic_make_model,driver_imd_decile,lsoa_of_driver,escooter_flag,driver_distance_banding
2025010556722,2025,010556722,2,1,0,5,5,3,7,0,0,6,0,0,0,0,3,1,6,6,1,29,6,-1,-1,-1,-1,10,E01030355,0,3
2025010556722,2025,010556722,1,9,0,4,4,1,5,0,0,5,0,0,0,0,3,1,1,1,1,61,9,-1,-1,-1,-1,4,E01000497,0,3
2025010556723,2025,010556723,1,19,4,-1,-1,7,3,0,0,1,0,0,0,0,1,1,2,2,1,27,6,-1,-1,-1,-1,8,E01023993,0,4
2025010556726,2025,010556726,1,3,0,-1,-1,1,5,0,0,8,0,0,0,0,1,1,6,6,3,-1,-1,-1,-1,-1,-1,-1,-1,0,-1
2025010556732,2025,010556732,2,1,0,-1,-1,5,2,0,0,1,2,0,0,0,1,1,2,2,1,52,8,-1,-1,-1,-1,5,E01001275,0,3
2025010556732,2025,010556732,1,9,0,9,9,1,6,0,0,5,0,0,0,0,4,1,5,6,1,32,6,-1,-1,-1,-1,3,E01003160,0,1
2025010556733,2025,010556733,2,9,0,99,99,9,9,0,0,1,0,0,0,0,1,9,6,6,3,-1,-1,-1,-1,-1,-1,-1,-1,0,-1
2025010556733,2025,010556733,1,9,0,99,99,9,9,0,0,1,0,0,0,0,2,1,5,6,1,26,6,-1,-1,-1,-1,6,E01003787,0,1
2025010556736,2025,010556736,2,20,0,99,99,9,9,99,99,9,9,99,9,99,1,9,6,6,3,57,9,-1,-1,-1,-1,6,E01003433,0,3
2025010556736,2025,010556736,1,5,0,99,99,9,9,99,99,9,9,99,9,99,9,1,5,6,1,30,6,-1,-1,-1,-1,5,E01002940,0,1
2025010556737,2025,010556737,1,9,0,10,10,3,2,0,0,1,0,0,0,0,3,1,2,2,2,55,8,-1,-1,-1,-1,7,E01024316,0,3
2025010556737,2025,010556737,2,-1,0,18,19,7,3,0,0,1,0,0,0,0,1,1,6,6,1,33,6,-1,-1,-1,-1,3,E01001629,1,2
2025010556738,2025,010556738,2,9,0,99,99,9,9,99,99,9,9,99,9,99,1,9,6,6,3,-1,-1,-1,-1,-1,-1,-1,-1,0,-1
2025010556738,2025,010556738,1,9,0,99,99,9,9,99,99,9,9,99,9,99,9,9,5,6,1,61,9,-1,-1,-1,-1,3,E01001262,0,1
2025010556741,2025,010556741,1,9,0,99,99,9,9,99,99,9,9,99,9,99,2,9,5,6,1,39,7,-1,-1,-1,-1,3,E01002043,0,1
2025010556741,2025,010556741,2,9,0,99,99,9,9,99,99,9,9,99,9,99,1,9,6,6,2,57,9,-1,-1,-1,-1,7,E01000295,0,2
2025010556742,2025,010556742,2,9,0,99,99,9,9,99,99,9,9,99,9,99,9,9,6,6,3,-1,-1,-1,-1,-1,-1,-1,-1,0,-1
2025010556742,2025,010556742,1,1,9,99,99,9,9,99,99,9,9,99,9,99,9,1,2,2,1,28,6,-1,-1,-1,-1,4,E01004313,0,1
2025010556743,2025,010556743,1,9,0,-1,-1,3,7,0,0,2,0,0,0,0,1,1,5,6,1,67,10,-1,-1,-1,-1,6,E01001988,0,4
2025010556747,2025,010556747,1,9,0,4,4,5,1,0,0,1,1,0,0,0,2,1,6,6,1,63,9,-1,-1,-1,-1,3,E01035289,0,4
2025010556747,2025,010556747,2,19,0,11,11,5,1,0,0,1,0,0,0,0,2,1,6,6,1,25,5,-1,-1,-1,-1,2,E01001745,0,1
2025010556747,2025,010556747,3,3,0,11,11,5,1,0,0,1,0,0,0,0,1,1,6,6,1,25,5,-1,-1,-1,-1,2,E01002051,0,2
2025010556750,2025,010556750,1,11,0,2,2,0,0,0,0,0,0,0,0,0,0,1,6,6,3,-1,-1,-1,-1,-1,-1,-1,-1,0,-1
2025010556750,2025,010556750,2,3,0,18,19,5,1,0,0,0,0,4,0,0,1,1,6,6,1,29,6,-1,-1,-1,-1,4,E01003114,0,1
2025010556751,2025,010556751,2,1,0,-1,-1,6,2,0,0,1,0,0,0,0,4,1,6,6,1,32,6,-1,-1,-1,-1,3,E01001792,0,1
2025010556751,2025,010556751,1,9,0,9,9,2,8,0,0,1,0,0,1,0,1,1,5,6,2,21,5,-1,-1,-1,-1,2,E01001826,0,1
2025010556752,2025,010556752,1,9,0,99,99,9,9,99,99,9,9,99,9,99,1,9,6,6,3,35,6,-1,-1,-1,-1,-1,-1,0,-1
2025010556755,2025,010556755,2,9,0,-1,-1,1,5,0,0,8,0,0,0,0,1,1,5,6,2,21,5,-1,-1,-1,-1,2,E01004674,0,1
2025010556755,2025,010556755,1,9,0,-1,-1,3,7,0,0,8,0,0,1,2,3,1,5,6,2,76,11,-1,-1,-1,-1,3,E01002832,0,1
2025010556756,2025,010556756,2,19,0,-1,-1,1,5,0,0,8,0,0,0,0,4,1,2,2,1,36,7,-1,-1,-1,-1,7,E01002962,0,3
2025010556756,2025,010556756,1,9,0,-1,-1,3,7,0,0,8,0,0,0,0,1,1,5,6,1,57,9,-1,-1,-1,-1,3,E01003585,0,3
2025010556761,2025,010556761,1,9,0,-1,-1,5,1,0,0,0,0,0,0,0,1,1,1,1,1,40,7,-1,-1,-1,-1,2,E01000917,0,1
2025010556762,2025,010556762,1,9,0,5,5,3,7,0,0,1,0,0,0,0,1,1,1,1,1,51,8,-1,-1,-1,-1,4,E01002591,0,3
2025010556762,2025,010556762,2,1,0,-1,-1,1,5,0,0,8,5,0,0,0,3,1,2,2,1,39,7,-1,-1,-1,-1,4,E01002311,0,4
2025010556765,2025,010556765,1,9,0,-1,-1,7,3,0,0,0,0,10,2,2,4,1,2,2,1,21,5,-1,-1,-1,-1,10,E01004101,0,1
2025010556766,2025,010556766,3,9,0,2,2,0,0,0,0,1,0,0,0,0,1,1,6,6,3,-1,-1,-1,-1,-1,-1,-1,-1,0,-1
2025010556766,2025,010556766,2,9,0,2,2,0,0,0,0,1,0,0,0,0,1,1,6,6,3,-1,-1,-1,-1,-1,-1,-1,-1,0,-1
2025010556766,2025,010556766,1,9,0,2,2,0,0,0,0,1,0,0,0,0,1,1,6,6,3,-1,-1,-1,-1,-1,-1,-1,-1,0,-1
2025010556766,2025,010556766,4,11,0,-1,-1,3,7,0,0,2,0,4,0,0,1,1,5,6,1,56,9,-1,-1,-1,-1,4,E01000958,0,2
2025010556767,2025,010556767,2,1,0,18,19,7,3,0,0,8,0,0,0,0,1,1,6,6,1,32,6,-1,-1,-1,-1,2,E01001777,0,1
2025010556767,2025,010556767,1,9,0,6,6,3,3,0,0,8,0,0,0,0,2,1,5,6,1,29,6,-1,-1,-1,-1,8,E01001544,0,3
2025010556771,2025,010556771,1,9,0,3,3,5,1,0,0,1,0,0,0,0,2,1,2,2,1,48,8,-1,-1,-1,-1,2,E01003196,0,3
2025010556771,2025,010556771,2,8,0,-1,-1,5,1,0,0,1,0,0,0,0,1,1,5,6,1,36,7,-1,-1,-1,-1,5,E01003131,0,1
2025010556777,2025,010556777,1,9,0,1,1,1,3,0,0,1,0,0,0,0,2,1,5,6,1,77,11,-1,-1,-1,-1,7,E01004442,0,1
2025010556779,2025,010556779,1,1,0,-1,-1,7,3,0,0,1,0,0,0,0,1,1,1,1,1,48,8,-1,-1,-1,-1,6,E01002563,0,2
2025010556780,2025,010556780,1,9,0,18,19,3,7,0,0,0,0,0,0,0,1,1,5,6,1,42,7,-1,-1,-1,-1,4,E01032732,0,2
2025010556781,2025,010556781,1,9,0,4,4,5,1,0,0,3,0,0,0,0,2,1,2,2,1,45,7,-1,-1,-1,-1,-1,-1,0,-1
2025010556781,2025,010556781,2,19,0,3,3,5,1,0,0,3,0,0,0,0,1,1,1,1,1,51,8,-1,-1,-1,-1,7,E01004176,0,1
2025010556791,2025,010556791,1,8,9,99,99,9,9,99,99,9,9,99,9,99,9,9,5,6,1,29,6,-1,-1,-1,-1,3,E01021858,0,4
2025010556791,2025,010556791,2,21,9,99,99,9,9,99,99,9,9,99,9,99,9,9,6,6,3,-1,-1,-1,-1,-1,-1,2,E01033926,0,3
2025010556794,2025,010556794,2,9,0,1,1,9,9,99,99,9,9,99,9,99,2,9,6,6,3,-1,-1,-1,-1,-1,-1,7,E01021381,0,4
2025010556794,2025,010556794,1,3,0,3,3,9,9,99,99,9,9,99,9,99,1,1,1,1,1,24,5,-1,-1,-1,-1,3,E01003539,0,2
2025010556796,2025,010556796,1,9,0,18,19,4,8,0,0,1,0,0,0,0,1,1,6,6,1,77,11,-1,-1,-1,-1,7,E01001405,0,1
2025010556797,2025,010556797,2,11,0,99,99,9,9,99,99,9,9,99,9,99,1,9,6,6,3,-1,-1,-1,-1,-1,-1,-1,-1,0,-1
2025010556797,2025,010556797,1,1,9,99,99,9,9,99,99,9,9,99,9,99,9,1,5,6,1,26,6,-1,-1,-1,-1,2,E01004222,0,1
2025010556805,2025,010556805,1,90,0,7,7,2,5,0,0,8,0,0,0,0,1,1,6,6,3,-1,-1,-1,-1,-1,-1,-1,-1,0,-1
2025010556805,2025,010556805,2,1,4,-1,-1,3,7,0,0,8,5,0,0,0,1,1,1,1,1,52,8,-1,-1,-1,-1,3,E01033597,0,2
2025010556806,2025,010556806,1,9,0,99,99,9,9,99,99,9,9,99,9,99,0,9,6,6,2,33,6,-1,-1,-1,-1,4,E01004057,0,1
2025010556807,2025,010556807,2,3,0,-1,-1,5,1,0,0,1,0,0,0,0,1,1,2,2,1,29,6,-1,-1,-1,-1,5,E01004016,0,2
2025010556807,2025,010556807,1,9,0,9,9,7,4,0,0,6,0,0,0,0,1,1,2,2,2,27,6,-1,-1,-1,-1,2,E01035692,0,1
2025010556809,2025,010556809,2,9,0,99,99,9,9,99,99,9,9,99,9,99,1,9,6,6,3,-1,-1,-1,-1,-1,-1,5,E01001265,0,4
2025010556809,2025,010556809,1,3,0,99,99,9,9,99,99,9,9,99,9,99,1,1,5,6,1,27,6,-1,-1,-1,-1,2,E01003783,0,1
2025010556814,2025,010556814,1,9,0,99,99,9,9,99,99,9,9,99,9,99,2,9,2,2,1,51,8,-1,-1,-1,-1,9,E01000282,0,1
2025010556814,2025,010556814,2,9,0,99,99,9,9,99,99,9,9,99,9,99,2,9,6,6,3,-1,-1,-1,-1,-1,-1,-1,-1,0,-1
2025010556817,2025,010556817,1,4,0,99,99,9,9,99,99,9,9,99,9,99,2,1,2,2,1,64,9,-1,-1,-1,-1,5,E01035599,0,3
2025010556817,2025,010556817,2,19,0,99,99,9,9,99,99,9,9,99,9,99,1,9,6,6,3,-1,-1,-1,-1,-1,-1,-1,-1,0,-1
2025010556832,2025,010556832,1,9,0,5,5,0,1,0,0,8,0,0,0,0,0,1,5,6,1,47,8,-1,-1,-1,-1,2,E01003783,0,3
2025010556836,2025,010556836,1,-1,0,7,7,1,3,0,0,8,0,0,0,0,2,1,2,2,1,48,8,-1,-1,-1,-1,7,E01001049,1,1
2025010556836,2025,010556836,2,9,0,18,19,2,6,0,0,4,0,0,0,0,2,1,6,6,3,-1,-1,-1,-1,-1,-1,-1,-1,0,-1
2025010556837,2025,010556837,2,3,0,99,99,9,9,99,99,9,9,99,9,99,2,1,5,6,1,36,7,-1,-1,-1,-1,2,E01001631,0,1
2025010556837,2025,010556837,1,8,0,99,99,9,9,99,99,9,9,99,9,99,1,9,6,6,3,-1,-1,-1,-1,-1,-1,-1,-1,0,-1
2025010556843,2025,010556843,1,9,0,99,99,9,9,99,99,0,9,99,9,99,2,9,6,6,2,39,7,-1,-1,-1,-1,8,E01000390,0,1
2025010556843,2025,010556843,2,9,9,99,99,9,9,99,99,0,9,99,9,99,9,9,6,6,3,-1,-1,-1,-1,-1,-1,-1,-1,0,-1
2025010556847,2025,010556847,1,1,9,99,99,9,9,99,99,9,9,99,9,99,9,1,2,2,1,23,5,-1,-1,-1,-1,10,E01003474,0,2
2025010556847,2025,010556847,2,9,0,99,99,9,9,99,99,9,9,99,9,99,9,1,6,6,3,-1,-1,-1,-1,-1,-1,-1,-1,0,-1
2025010556850,2025,010556850,1,11,0,5,5,5,1,0,0,8,0,0,0,0,0,1,1,1,1,51,8,-1,-1,-1,-1,8,E01000117,0,2
2025010556853,2025,010556853,1,9,0,9,9,1,8,99,99,9,9,0,0,0,1,1,5,6,2,27,6,-1,-1,-1,-1,3,E01017501,0,4
2025010556856,2025,010556856,1,9,0,18,19,7,3,0,0,0,0,0,0,0,1,1,6,6,3,-1,-1,-1,-1,-1,-1,-1,-1,0,-1
2025010556860,2025,010556860,1,3,0,99,99,9,9,99,99,0,9,99,9,99,1,1,1,1,1,33,6,-1,-1,-1,-1,2,E01002720,0,1
2025010556861,2025,010556861,1,11,0,5,5,7,3,0,0,1,0,0,0,0,3,1,1,1,1,61,9,-1,-1,-1,-1,2,E01000065,0,2
2025010556861,2025,010556861,2,11,0,7,7,7,2,0,0,1,0,0,0,0,4,1,1,1,1,65,9,-1,-1,-1,-1,3,E01003541,0,1
2025010556862,2025,010556862,1,9,0,-1,-1,3,7,0,0,2,0,0,0,0,1,1,2,2,2,57,9,-1,-1,-1,-1,9,E01002318,0,1
2025010556866,2025,010556866,1,4,9,-1,-1,3,7,0,0,9,9,99,9,99,1,1,6,6,3,-1,-1,-1,-1,-1,-1,-1,-1,0,-1
2025010556869,2025,010556869,2,9,0,99,99,9,9,99,99,9,9,99,9,99,1,9,6,6,3,-1,-1,-1,-1,-1,-1,-1,-1,0,-1
2025010556869,2025,010556869,1,9,0,99,99,9,9,99,99,9,9,99,9,99,3,9,6,6,1,38,7,-1,-1,-1,-1,3,E01001287,0,1
2025010556871,2025,010556871,1,9,0,-1,-1,1,5,0,0,8,0,0,4,1,2,1,6,6,1,27,6,-1,-1,-1,-1,2,E01001788,0,2
2025010556871,2025,010556871,2,9,0,10,10,5,3,0,0,8,0,0,0,0,1,1,2,2,1,34,6,-1,-1,-1,-1,5,E01000277,0,1
2025010556872,2025,010556872,1,9,0,-1,-1,3,7,0,0,0,0,0,5,10,4,1,5,6,1,41,7,-1,-1,-1,-1,4,E01001233,0,1
2025010556872,2025,010556872,2,9,0,12,12,3,7,0,0,0,0,0,4,10,3,1,5,6,2,19,4,-1,-1,-1,-1,10,E01016349,0,4
2025010556877,2025,010556877,1,9,0,99,99,9,9,99,99,9,9,99,9,99,3,9,5,6,2,32,6,-1,-1,-1,-1,4,E01001756,0,1
2025010556880,2025,010556880,1,9,0,5,5,3,7,0,0,8,0,0,0,0,1,2,1,1,1,43,7,-1,-1,-1,-1,2,E01034487,0,3
2025010556881,2025,010556881,1,9,0,18,19,7,3,0,0,5,0,0,0,0,1,1,6,6,3,-1,-1,-1,-1,-1,-1,-1,-1,0,-1
2025010556889,2025,010556889,1,9,0,99,99,9,9,99,99,0,9,99,9,99,4,9,2,2,1,41,7,-1,-1,-1,-1,3,E01016014,0,3
2025010556889,2025,010556889,2,9,0,99,99,9,9,99,99,0,9,99,9,99,2,9,6,6,3,-1,-1,-1,-1,-1,-1,-1,-1,0,-1
2025010556894,2025,010556894,2,19,0,-1,-1,7,3,0,0,0,0,0,0,0,1,1,6,6,3,25,5,-1,-1,-1,-1,4,E01003767,0,1
2025010556894,2025,010556894,1,9,0,3,3,7,3,0,0,0,0,0,0,0,2,1,5,6,1,48,8,-1,-1,-1,-1,3,E01003564,0,1
2025010556895,2025,010556895,1,9,9,-1,-1,5,1,0,0,9,9,99,9,99,1,9,6,6,3,-1,-1,-1,-1,-1,-1,-1,-1,0,-1
2025010556897,2025,010556897,1,9,0,18,19,3,7,0,0,8,0,0,0,0,1,1,5,6,1,65,9,-1,-1,-1,-1,6,E01000400,0,1
2025010556899,2025,010556899,1,11,0,4,4,3,7,2,2,0,0,0,0,0,0,1,5,6,1,51,8,-1,-1,-1,-1,6,E01003359,0,4
2025010556901,2025,010556901,1,1,9,99,99,9,9,99,99,9,9,99,9,99,9,1,2,2,2,34,6,-1,-1,-1,-1,6,E01035280,0,4
2025010556901,2025,010556901,2,19,0,99,99,9,9,99,99,9,9,99,9,99,9,9,6,6,3,-1,-1,-1,-1,-1,-1,-1,-1,0,-1
2025010556905,2025,010556905,2,9,0,3,3,3,7,0,0,0,0,0,0,0,1,1,6,6,1,30,6,-1,-1,-1,-1,6,E01000555,0,2
2025010556905,2025,010556905,1,3,0,10,10,3,8,0,0,0,0,0,0,0,2,1,2,2,1,32,6,-1,-1,-1,-1,5,E01002118,0,3
2025010556906,2025,010556906,1,90,0,-1,-1,3,7,0,0,1,0,0,0,0,4,1,1,1,2,30,6,-1,-1,-1,-1,-1,-1,0,-1
2025010556909,2025,010556909,2,9,0,99,99,9,9,99,99,9,9,99,9,99,9,9,6,6,3,-1,-1,-1,-1,-1,-1,-1,-1,0,-1
2025010556909,2025,010556909,1,9,0,99,99,9,9,99,99,9,9,99,9,99,1,9,6,6,2,37,7,-1,-1,-1,-1,2,E01002368,0,1
2025010556911,2025,010556911,1,9,0,99,99,9,9,99,99,0,9,99,9,99,9,9,5,6,1,21,5,-1,-1,-1,-1,7,E01004597,0,1
2025010556916,2025,010556916,1,19,0,5,5,5,1,0,0,6,0,0,0,0,3,1,2,2,1,-1,-1,-1,-1,-1,-1,5,E01000469,0,3
2025010556918,2025,010556918,1,9,0,99,99,9,9,99,99,9,9,99,9,99,2,9,6,6,3,-1,-1,-1,-1,-1,-1,-1,-1,0,-1
2025010556920,2025,010556920,1,3,0,-1,-1,3,7,0,0,1,0,0,0,0,1,1,1,1,1,31,6,-1,-1,-1,-1,4,E01001278,0,2
2025010556927,2025,010556927,1,9,0,9,9,7,5,0,0,2,0,0,0,0,1,1,6,6,3,-1,-1,-1,-1,-1,-1,-1,-1,0,-1
2025010556929,2025,010556929,1,9,0,99,99,9,9,99,99,0,9,99,9,99,9,9,2,2,1,37,7,-1,-1,-1,-1,10,E01003857,0,3
2025010556929,2025,010556929,2,9,0,99,99,9,9,99,99,0,9,99,9,99,9,9,6,6,1,55,8,-1,-1,-1,-1,4,E01003602,0,1
2025010556931,2025,010556931,1,9,0,18,19,1,5,0,0,1,1,0,0,0,2,1,6,6,2,40,7,-1,-1,-1,-1,-1,-1,0,-1
2025010556931,2025,010556931,2,9,0,4,4,1,5,0,0,1,0,0,0,0,1,1,1,1,1,35,6,-1,-1,-1,-1,5,E01003666,0,2
2025010556933,2025,010556933,1,9,0,5,5,1,5,0,0,1,0,0,0,0,1,1,5,6,1,22,5,-1,-1,-1,-1,5,E01004468,0,2
2025010556933,2025,010556933,2,9,0,1,1,1,5,0,0,1,0,0,0,0,2,1,5,6,1,46,8,-1,-1,-1,-1,-1,-1,0,-1
2025010556937,2025,010556937,1,3,0,16,19,7,1,0,0,7,2,0,0,0,0,1,5,6,1,29,6,-1,-1,-1,-1,4,E01003695,0,1
2025010556939,2025,010556939,2,9,0,99,99,9,9,99,99,9,9,99,9,99,9,9,6,6,3,-1,-1,-1,-1,-1,-1,-1,-1,0,-1
2025010556939,2025,010556939,1,1,9,99,99,9,9,99,99,9,9,99,9,99,9,1,5,6,1,30,6,-1,-1,-1,-1,4,E01004006,0,1
2025010556942,2025,010556942,1,9,0,17,19,5,1,0,0,5,0,0,0,0,1,1,5,6,2,24,5,-1,-1,-1,-1,-1,-1,0,-1
2025010556942,2025,010556942,2,9,0,18,19,1,5,0,0,6,0,0,1,0,1,1,5,6,2,24,5,-1,-1,-1,-1,-1,-1,0,-1
2025010556944,2025,010556944,1,9,0,18,19,7,3,0,0,8,0,0,0,0,4,1,6,6,3,-1,-1,-1,-1,-1,-1,-1,-1,0,-1
2025010556946,2025,010556946,1,9,0,7,7,1,3,0,0,2,0,0,0,0,4,1,2,2,1,54,8,-1,-1,-1,-1,5,E01034480,0,3
2025010556946,2025,010556946,2,9,0,18,19,7,3,0,0,1,0,0,0,0,3,1,6,6,1,33,6,-1,-1,-1,-1,6,E01002125,0,3
2025010556947,2025,010556947,2,9,0,18,19,5,1,0,0,0,0,0,0,0,1,1,1,1,1,51,8,-1,-1,-1,-1,2,E01034487,0,2
2025010556947,2025,010556947,3,9,0,18,19,1,5,0,0,0,0,0,7,0,1,1,6,6,2,28,6,-1,-1,-1,-1,7,E01001678,0,3
2025010556947,2025,010556947,1,11,0,18,19,5,1,0,0,0,0,0,0,0,3,1,1,1,1,55,8,-1,-1,-1,-1,2,E01004390,0,3
2025010556948,2025,010556948,1,3,0,18,19,3,7,5,5,8,0,0,0,0,1,1,5,6,1,23,5,-1,-1,-1,-1,9,E01000455,0,1
2025010556948,2025,010556948,2,9,0,9,9,1,6,0,0,8,0,0,0,0,1,1,5,6,2,56,9,-1,-1,-1,-1,-1,-1,0,-1
2025010556951,2025,010556951,2,9,0,18,19,3,7,0,0,1,0,0,0,0,1,1,6,6,3,-1,-1,-1,-1,-1,-1,-1,-1,0,-1
2025010556951,2025,010556951,1,9,0,9,9,7,4,0,0,8,0,0,0,0,1,1,6,6,1,63,9,-1,-1,-1,-1,-1,-1,0,-1
2025010556952,2025,010556952,2,9,0,3,3,7,3,0,0,0,0,0,0,0,2,1,1,1,1,56,9,-1,-1,-1,-1,2,E01003535,0,3
2025010556952,2025,010556952,1,9,0,18,19,7,3,0,0,0,0,0,0,0,1,1,5,6,1,20,4,-1,-1,-1,-1,4,E01002058,0,1
2025010556954,2025,010556954,4,9,0,4,4,3,7,0,0,1,0,0,0,0,0,1,1,1,1,36,7,-1,-1,-1,-1,2,E01003507,0,1
2025010556954,2025,010556954,3,19,0,4,4,3,7,0,0,1,0,0,0,0,0,1,1,1,1,24,5,-1,-1,-1,-1,2,E01003507,0,1
2025010556954,2025,010556954,2,9,0,4,4,3,7,0,0,1,0,0,0,0,3,1,1,1,2,50,8,-1,-1,-1,-1,2,E01003507,0,1
2025010556954,2025,010556954,1,9,0,1,1,3,7,0,0,1,0,0,0,0,2,1,6,6,3,-1,-1,-1,-1,-1,-1,-1,-1,0,-1
2025010556955,2025,010556955,1,1,9,99,99,9,9,99,99,9,9,99,9,99,1,1,5,6,1,34,6,-1,-1,-1,-1,5,E01003166,0,2
2025010556955,2025,010556955,2,1,9,99,99,9,9,99,99,9,9,99,9,99,9,1,6,6,1,-1,-1,-1,-1,-1,-1,-1,-1,0,-1
2025010556960,2025,010556960,1,9,0,18,19,4,8,0,0,0,0,0,0,0,1,1,5,6,2,70,10,-1,-1,-1,-1,10,E01000325,0,2
2025010556960,2025,010556960,2,9,3,11,11,4,8,0,0,0,0,0,0,0,2,1,5,6,1,44,7,-1,-1,-1,-1,7,E01000377,0,2
2025010556960,2025,010556960,3,9,0,11,11,4,8,0,0,0,0,0,0,0,0,1,6,6,3,-1,-1,-1,-1,-1,-1,-1,-1,0,-1
2025010556963,2025,010556963,2,19,0,99,99,9,9,99,99,9,9,99,9,99,2,9,6,6,3,-1,-1,-1,-1,-1,-1,-1,-1,0,-1
2025010556963,2025,010556963,1,8,0,99,99,9,9,99,99,9,9,99,9,99,1,9,1,1,1,35,6,-1,-1,-1,-1,3,E01000094,0,1
2025010556974,2025,010556974,2,19,0,8,8,5,7,0,0,6,0,0,0,0,1,1,5,6,1,20,4,-1,-1,-1,-1,5,E01002237,0,2
2025010556974,2025,010556974,1,9,0,8,8,5,7,0,0,6,0,0,0,0,2,1,5,6,2,52,8,-1,-1,-1,-1,-1,-1,0,-1
2025010556976,2025,010556976,2,1,0,18,19,5,1,0,0,0,0,8,0,0,1,1,6,6,1,35,6,-1,-1,-1,-1,-1,-1,0,-1
2025010556976,2025,010556976,1,19,0,2,2,0,0,0,0,0,0,0,0,0,3,1,6,6,3,-1,-1,-1,-1,-1,-1,-1,-1,0,-1
2025010556982,2025,010556982,1,3,0,99,99,9,9,99,99,9,9,99,9,99,9,1,2,2,1,42,7,-1,-1,-1,-1,2,E01002099,0,2
2025010556982,2025,010556982,2,9,0,99,99,9,9,99,99,9,9,99,9,99,1,9,6,6,3,-1,-1,-1,-1,-1,-1,-1,-1,0,-1
2025010556984,2025,010556984,1,9,0,4,4,6,2,0,0,0,0,0,0,0,1,1,1,1,1,23,5,-1,-1,-1,-1,5,E01000505,0,1
2025010556987,2025,010556987,2,2,0,-1,-1,9,9,99,99,9,9,99,9,99,1,1,5,6,1,35,6,-1,-1,-1,-1,4,E01002802,0,1
2025010556987,2025,010556987,1,19,0,6,6,9,9,99,99,9,9,99,9,99,9,9,6,6,3,-1,-1,-1,-1,-1,-1,-1,-1,0,-1
2025010556990,2025,010556990,1,9,9,99,99,9,9,99,99,9,9,99,9,99,9,1,6,6,1,75,10,-1,-1,-1,-1,4,E01034224,0,3
2025010556991,2025,010556991,1,3,0,99,99,9,9,99,99,9,9,99,9,99,9,1,5,6,1,21,5,-1,-1,-1,-1,2,E01001899,0,1
2025010556991,2025,010556991,2,9,9,99,99,9,9,99,99,9,9,99,9,99,1,9,6,6,3,-1,-1,-1,-1,-1,-1,3,E01033599,0,1
2025010556994,2025,010556994,1,9,0,9,9,1,6,0,0,5,0,0,0,0,4,1,5,6,1,38,7,-1,-1,-1,-1,4,E01002098,0,3
2025010557005,2025,010557005,1,11,0,18,19,1,5,0,0,0,0,0,0,0,1,1,1,1,1,42,7,-1,-1,-1,-1,3,E01001154,0,2
2025010557013,2025,010557013,1,9,0,99,99,9,9,99,99,9,9,99,9,99,2,9,5,6,2,26,6,-1,-1,-1,-1,8,E01003676,0,1
2025010557013,2025,010557013,2,9,0,99,99,9,9,99,99,9,9,99,9,99,2,9,6,6,3,-1,-1,-1,-1,-1,-1,-1,-1,0,-1
2025010557015,2025,010557015,1,1,0,7,7,2,4,0,0,2,0,0,0,0,1,1,6,6,3,-1,-1,-1,-1,-1,-1,-1,-1,0,-1
2025010557018,2025,010557018,1,9,0,99,99,9,9,99,99,9,9,99,9,99,9,9,5,6,2,52,8,-1,-1,-1,-1,8,E01001541,0,2
2025010557018,2025,010557018,2,9,0,99,99,9,9,99,99,9,9,99,9,99,9,9,6,6,3,-1,-1,-1,-1,-1,-1,-1,-1,0,-1
2025010557022,2025,010557022,2,19,0,1,1,5,1,0,0,1,0,0,0,0,2,1,1,1,1,31,6,-1,-1,-1,-1,4,E01034617,0,4
2025010557022,2025,010557022,1,9,0,3,3,1,5,0,0,1,0,0,0,0,1,1,5,6,1,23,5,-1,-1,-1,-1,2,E01000917,0,1
2025010557026,2025,010557026,1,1,9,99,99,9,9,99,99,9,9,99,9,99,9,1,5,6,1,24,5,-1,-1,-1,-1,6,E01003398,0,1
2025010557026,2025,010557026,2,9,0,99,99,9,9,99,99,9,9,99,9,99,9,9,6,6,3,-1,-1,-1,-1,-1,-1,-1,-1,0,-1
2025010557027,2025,010557027,1,9,0,99,99,9,9,99,99,9,9,99,9,99,2,9,5,6,1,33,6,-1,-1,-1,-1,4,E01001183,0,1
2025010557027,2025,010557027,2,9,0,99,99,9,9,99,99,9,9,99,9,99,1,9,6,6,3,-1,-1,-1,-1,-1,-1,8,E01001046,0,1
2025010557033,2025,010557033,1,9,0,99,99,9,9,99,99,9,9,99,9,99,9,9,1,1,2,24,5,-1,-1,-1,-1,5,E01001556,0,1