collision_index,collision_year,collision_ref_no,vehicle_reference,vehicle_type,towing_and_articulation,vehicle_manoeuvre_historic,vehicle_manoeuvre,vehicle_direction_from,vehicle_direction_to,vehicle_location_restricted_lane_historic,vehicle_location_restricted_lane,junction_location,skidding_and_overturning,hit_object_in_carriageway,vehicle_leaving_carriageway,hit_object_off_carriageway,first_point_of_impact,vehicle_left_hand_drive,journey_purpose_of_driver_historic,journey_purpose_of_driver,sex_of_driver,age_of_driver,age_band_of_driver,engine_capacity_cc,propulsion_code,age_of_vehicle,generic_make_model,driver_imd_decile,lsoa_of_driver,escooter_flag,driver_distance_banding
2025010557944,2025,010557944,1,9,0,18,19,1,5,0,0,8,0,4,0,0,1,1,2,2,1,22,5,-1,-1,-1,-1,2,E01033926,0,1
2025010557945,2025,010557945,2,9,0,2,2,0,0,0,0,0,0,0,0,0,1,2,6,6,3,-1,-1,-1,-1,-1,-1,-1,-1,0,-1
2025010557945,2025,010557945,3,9,0,2,2,0,0,0,0,0,0,0,0,0,1,1,6,6,3,-1,-1,-1,-1,-1,-1,-1,-1,0,-1
2025010557945,2025,010557945,1,9,0,17,19,5,1,0,0,0,1,0,7,0,1,1,6,6,1,21,5,-1,-1,-1,-1,6,E01002541,0,1
2025010557945,2025,010557945,4,9,0,2,2,0,0,0,0,0,0,0,0,0,0,1,6,6,3,-1,-1,-1,-1,-1,-1,-1,-1,0,-1
2025010557946,2025,010557946,1,1,9,99,99,9,9,99,99,0,9,99,9,99,1,1,2,2,1,35,6,-1,-1,-1,-1,7,E01034577,0,3
2025010557947,2025,010557947,1,9,0,9,9,3,1,0,0,1,0,0,0,0,0,1,5,6,1,47,8,-1,-1,-1,-1,8,E01000123,0,3
2025010557947,2025,010557947,2,3,0,-1,-1,7,3,0,0,1,0,0,0,0,0,1,5,6,1,25,5,-1,-1,-1,-1,8,E01002209,0,3
2025010557948,2025,010557948,1,19,0,18,19,7,3,0,0,0,0,0,0,0,4,1,1,1,1,54,8,-1,-1,-1,-1,8,E01004168,0,1
2025010557950,2025,010557950,2,1,0,18,19,5,1,0,0,8,0,0,0,0,1,1,2,2,1,31,6,-1,-1,-1,-1,2,E01004394,0,1
2025010557950,2025,010557950,1,11,0,17,19,7,3,0,0,2,0,0,0,0,1,1,1,1,1,57,9,-1,-1,-1,-1,2,E01035694,0,2
2025010557954,2025,010557954,2,1,0,18,19,1,5,0,0,0,0,0,0,0,3,1,5,6,1,27,6,-1,-1,-1,-1,8,E01004072,0,1
2025010557954,2025,010557954,3,1,0,18,19,1,5,0,0,0,0,0,0,0,3,1,5,6,1,27,6,-1,-1,-1,-1,8,E01004072,0,1
2025010557954,2025,010557954,1,97,0,18,19,1,5,0,0,0,0,0,3,0,4,1,6,6,3,-1,-1,-1,-1,-1,-1,-1,-1,0,-1
2025010557955,2025,010557955,1,3,0,3,3,1,5,0,0,1,0,0,0,0,2,1,6,6,1,22,5,-1,-1,-1,-1,3,E01004010,0,1
2025010557955,2025,010557955,2,9,0,16,19,1,5,0,0,1,0,0,0,0,1,1,6,6,3,-1,-1,-1,-1,-1,-1,-1,-1,0,-1
2025010557956,2025,010557956,5,9,0,2,2,0,0,0,0,2,0,0,0,0,1,1,6,6,3,-1,-1,-1,-1,-1,-1,-1,-1,0,-1
2025010557956,2025,010557956,1,9,0,16,19,1,5,0,0,2,0,4,0,0,1,1,5,6,1,21,5,-1,-1,-1,-1,-1,-1,0,-1
2025010557956,2025,010557956,4,9,0,2,2,0,0,0,0,2,0,0,0,0,1,1,6,6,3,-1,-1,-1,-1,-1,-1,-1,-1,0,-1
2025010557956,2025,010557956,3,19,0,2,2,0,0,0,0,2,0,4,0,0,1,1,6,6,3,-1,-1,-1,-1,-1,-1,-1,-1,0,-1
2025010557956,2025,010557956,6,9,0,2,2,0,0,0,0,2,0,0,0,0,2,1,6,6,3,-1,-1,-1,-1,-1,-1,-1,-1,0,-1
2025010557956,2025,010557956,2,90,3,2,2,0,0,0,0,2,0,4,0,0,4,2,6,6,3,-1,-1,-1,-1,-1,-1,-1,-1,0,-1
2025010557959,2025,010557959,2,9,0,18,19,2,6,0,0,5,1,0,1,0,1,1,6,6,1,29,6,-1,-1,-1,-1,2,E01003059,0,1
2025010557959,2025,010557959,1,9,0,18,19,6,2,0,0,1,0,0,0,0,1,1,6,6,1,37,7,-1,-1,-1,-1,4,E01017899,0,4
2025010557961,2025,010557961,1,9,0,5,5,5,1,0,0,1,0,0,0,0,4,1,6,6,1,42,7,-1,-1,-1,-1,5,E01001185,0,3
2025010557964,2025,010557964,1,9,0,18,19,3,7,0,0,8,0,0,0,0,4,1,5,6,1,45,7,-1,-1,-1,-1,3,E01001676,0,1
2025010557971,2025,010557971,3,19,0,4,4,5,1,0,0,1,0,0,0,0,1,1,1,1,1,29,6,-1,-1,-1,-1,9,E01003384,0,2
2025010557971,2025,010557971,1,3,0,3,3,5,1,0,0,1,0,0,0,0,2,1,1,1,1,39,7,-1,-1,-1,-1,3,E01001113,0,1
2025010557971,2025,010557971,2,9,0,3,3,5,1,0,0,1,0,0,0,0,2,1,1,1,2,29,6,-1,-1,-1,-1,5,E01001189,0,1
2025010557973,2025,010557973,2,9,9,99,99,9,9,99,99,9,9,99,9,99,9,9,6,6,3,-1,-1,-1,-1,-1,-1,-1,-1,0,-1
2025010557973,2025,010557973,1,3,9,9,9,1,7,99,99,9,9,99,9,99,9,1,6,6,1,46,8,-1,-1,-1,-1,1,E01001220,0,1
2025010557975,2025,010557975,1,9,0,5,5,3,7,0,0,1,0,0,0,0,1,1,5,6,1,62,9,-1,-1,-1,-1,7,E01001341,0,1
2025010557985,2025,010557985,1,9,0,99,99,9,9,0,0,9,0,0,9,99,9,1,6,6,1,-1,-1,-1,-1,-1,-1,-1,-1,0,-1
2025010557989,2025,010557989,2,9,0,18,19,1,5,0,0,0,0,0,0,0,1,1,2,2,1,31,6,-1,-1,-1,-1,4,E01001683,0,1
2025010557989,2025,010557989,1,11,0,3,3,1,5,0,0,0,0,0,0,0,2,1,1,1,2,28,6,-1,-1,-1,-1,2,E01034208,0,2
2025010557990,2025,010557990,2,11,0,5,5,5,1,0,0,1,0,0,0,0,2,1,1,1,2,29,6,-1,-1,-1,-1,3,E01003297,0,2
2025010557990,2025,010557990,1,11,0,18,19,5,1,0,0,1,0,0,0,0,1,1,1,1,1,53,8,-1,-1,-1,-1,-1,-1,0,-1
2025010557992,2025,010557992,2,9,0,99,99,9,9,99,99,9,9,99,9,99,1,9,6,6,3,-1,-1,-1,-1,-1,-1,-1,-1,0,-1
2025010557992,2025,010557992,1,9,0,99,99,9,9,99,99,9,9,99,9,99,9,9,5,6,2,22,5,-1,-1,-1,-1,5,E01021790,0,2
2025010557998,2025,010557998,2,9,9,99,99,9,9,99,99,6,9,99,9,99,1,9,6,6,3,-1,-1,-1,-1,-1,-1,-1,-1,0,-1
2025010557998,2025,010557998,1,3,9,99,99,9,9,99,99,1,9,99,9,99,1,1,1,1,1,26,6,-1,-1,-1,-1,6,E01021344,0,4
2025010557999,2025,010557999,1,9,0,18,19,5,1,0,0,2,0,0,0,0,1,1,3,7,2,36,7,-1,-1,-1,-1,7,E01003644,0,1
2025010557999,2025,010557999,2,9,0,18,19,1,5,0,0,1,0,0,0,0,3,1,2,2,1,69,10,-1,-1,-1,-1,-1,-1,0,-1
2025010558008,2025,010558008,1,9,9,18,19,7,3,0,0,0,9,0,0,0,1,9,6,6,3,-1,-1,-1,-1,-1,-1,-1,-1,0,-1
2025010558009,2025,010558009,1,1,9,99,99,9,9,99,99,9,9,99,9,99,9,1,6,6,1,-1,-1,-1,-1,-1,-1,10,E01023520,0,4
2025010558013,2025,010558013,2,9,0,99,99,9,9,99,99,9,9,99,9,99,9,9,6,6,3,-1,-1,-1,-1,-1,-1,-1,-1,0,-1
2025010558013,2025,010558013,1,3,0,99,99,9,9,99,99,9,9,99,9,99,1,1,2,2,1,23,5,-1,-1,-1,-1,2,E01003066,0,3
2025010558015,2025,010558015,1,3,0,99,99,9,9,99,99,9,9,99,9,99,2,1,1,1,3,38,7,-1,-1,-1,-1,3,E01001980,0,1
2025010558015,2025,010558015,2,9,0,99,99,9,9,99,99,9,9,99,9,99,1,9,6,6,3,-1,-1,-1,-1,-1,-1,-1,-1,0,-1
2025010558019,2025,010558019,1,9,0,-1,-1,1,5,0,0,8,0,0,0,0,1,1,6,6,3,-1,-1,-1,-1,-1,-1,-1,-1,0,-1
2025010558020,2025,010558020,1,9,0,18,19,5,1,0,0,4,0,0,0,0,4,1,6,6,2,41,7,-1,-1,-1,-1,9,E01000188,0,1
2025010558020,2025,010558020,2,1,0,18,19,1,5,0,0,4,0,0,0,0,4,1,3,7,1,16,4,-1,-1,-1,-1,9,E01000188,0,1
2025010558021,2025,010558021,2,19,9,-1,-1,1,5,99,99,9,9,99,9,99,9,9,6,6,1,-1,-1,-1,-1,-1,-1,5,E01000615,0,3
2025010558021,2025,010558021,1,1,9,5,5,7,3,99,99,9,9,99,0,0,2,1,6,6,2,25,5,-1,-1,-1,-1,2,E01002810,0,1
2025010558024,2025,010558024,1,3,0,99,99,9,9,99,99,9,9,99,9,99,9,1,5,6,1,26,6,-1,-1,-1,-1,4,E01017235,0,5
2025010558024,2025,010558024,2,9,0,99,99,9,9,99,99,9,9,99,9,99,9,9,6,6,3,-1,-1,-1,-1,-1,-1,-1,-1,0,-1
2025010558029,2025,010558029,1,11,0,3,3,7,3,2,2,0,0,0,0,0,0,1,1,1,2,46,8,-1,-1,-1,-1,6,E01003359,0,3
2025010558035,2025,010558035,2,9,0,99,99,9,9,99,99,9,9,99,9,99,1,9,6,6,3,-1,-1,-1,-1,-1,-1,-1,-1,0,-1
2025010558035,2025,010558035,1,1,9,99,99,9,9,99,99,9,9,99,9,99,1,1,5,6,1,29,6,-1,-1,-1,-1,10,E01000893,0,1
2025010558037,2025,010558037,2,9,0,99,99,9,9,99,99,9,9,99,9,99,9,9,6,6,3,-1,-1,-1,-1,-1,-1,-1,-1,0,-1
2025010558037,2025,010558037,1,3,0,99,99,9,9,99,99,9,9,99,9,99,1,1,1,1,2,20,4,-1,-1,-1,-1,6,E01035443,0,4
2025010558040,2025,010558040,2,9,0,5,5,0,7,0,0,6,0,0,0,0,0,1,6,6,1,37,7,-1,-1,-1,-1,7,E01000437,0,1
2025010558040,2025,010558040,1,3,0,18,19,3,7,0,0,1,0,4,0,0,1,1,1,1,1,31,6,-1,-1,-1,-1,3,E01004367,0,3
2025010558040,2025,010558040,3,9,0,2,2,0,0,0,0,2,0,0,0,0,0,1,6,6,3,-1,-1,-1,-1,-1,-1,-1,-1,0,-1
2025010558041,2025,010558041,1,3,0,4,4,3,7,0,0,0,5,0,0,0,2,1,1,1,1,29,6,-1,-1,-1,-1,7,E01001495,0,3
2025010558041,2025,010558041,2,11,0,5,5,3,7,0,0,0,0,0,0,0,1,1,1,1,2,31,6,-1,-1,-1,-1,2,E01003497,0,1
2025010558042,2025,010558042,2,9,0,18,19,3,7,0,0,2,0,0,0,0,4,1,3,7,1,62,9,-1,-1,-1,-1,3,E01002637,0,1
2025010558042,2025,010558042,1,9,0,2,2,0,0,0,0,1,0,0,0,0,3,1,6,6,3,-1,-1,-1,-1,-1,-1,-1,-1,0,-1
2025010558043,2025,010558043,2,9,0,99,99,9,9,99,99,9,9,99,9,99,2,9,6,6,3,-1,-1,-1,-1,-1,-1,-1,-1,0,-1
2025010558043,2025,010558043,1,9,0,99,99,9,9,99,99,9,9,99,9,99,2,9,2,2,1,44,7,-1,-1,-1,-1,6,E01016477,0,3
2025010558046,2025,010558046,1,11,0,18,19,3,7,0,0,1,0,0,0,0,0,1,1,1,2,24,5,-1,-1,-1,-1,2,E01002281,0,4
2025010558049,2025,010558049,1,9,0,99,99,9,9,99,99,0,9,99,9,99,2,9,5,6,2,31,6,-1,-1,-1,-1,2,E01003351,0,1
2025010558049,2025,010558049,2,9,0,99,99,9,9,99,99,0,9,99,9,99,2,9,6,6,3,-1,-1,-1,-1,-1,-1,-1,-1,0,-1
2025010558055,2025,010558055,1,9,0,5,5,1,5,0,0,0,0,0,0,0,2,1,5,6,1,47,8,-1,-1,-1,-1,1,E01001410,0,4
2025010558055,2025,010558055,2,11,0,5,5,1,5,0,0,0,0,0,0,0,1,1,5,6,2,49,8,-1,-1,-1,-1,2,E01002877,0,2
2025010558057,2025,010558057,1,9,0,18,19,1,5,0,0,4,0,0,0,0,1,1,5,6,1,26,6,-1,-1,-1,-1,-1,-1,0,-1
2025010558057,2025,010558057,2,1,0,16,19,5,1,0,0,4,0,0,0,0,1,1,2,2,1,28,6,-1,-1,-1,-1,5,E01004494,0,2
2025010558061,2025,010558061,1,9,5,18,19,6,2,0,0,0,5,0,0,0,4,1,2,2,1,41,7,-1,-1,-1,-1,4,E01001646,0,1
2025010558061,2025,010558061,2,9,0,18,19,2,6,0,0,0,0,0,0,0,1,1,6,6,1,40,7,-1,-1,-1,-1,-1,-1,0,-1
2025010558062,2025,010558062,1,9,0,16,19,1,5,0,0,1,1,7,0,0,1,1,5,6,1,25,5,-1,-1,-1,-1,5,E01016135,0,4
2025010558063,2025,010558063,1,4,0,-1,-1,5,1,0,0,1,0,12,0,0,1,1,6,6,3,36,7,-1,-1,-1,-1,5,E01001139,0,1
2025010558065,2025,010558065,1,9,0,9,9,1,7,0,0,1,0,0,0,0,1,2,5,6,2,25,5,-1,-1,-1,-1,2,E01000065,0,1
2025010558069,2025,010558069,1,9,0,18,19,7,3,0,0,2,0,0,0,0,1,1,5,6,2,42,7,-1,-1,-1,-1,2,E01001971,0,1
2025010558069,2025,010558069,3,9,0,18,19,7,3,0,0,2,0,0,0,0,0,1,6,6,1,29,6,-1,-1,-1,-1,3,E01002043,0,1
2025010558069,2025,010558069,2,9,0,4,4,7,3,0,0,2,0,0,0,0,2,1,1,1,1,26,6,-1,-1,-1,-1,4,E01002030,0,1
2025010558071,2025,010558071,1,9,0,99,99,9,9,99,99,9,9,99,9,99,1,9,6,6,2,44,7,-1,-1,-1,-1,2,E01001283,0,1
2025010558072,2025,010558072,1,90,0,18,19,7,3,0,0,8,0,0,0,0,1,1,1,1,1,50,8,-1,-1,-1,-1,6,E01024013,0,4
2025010558072,2025,010558072,2,9,0,18,19,1,5,0,0,8,0,0,0,0,3,1,5,6,1,62,9,-1,-1,-1,-1,2,E01033883,0,1
2025010558081,2025,010558081,2,1,0,18,19,3,7,0,0,1,0,0,0,0,1,1,1,1,1,29,6,-1,-1,-1,-1,2,E01003963,0,1
2025010558081,2025,010558081,1,9,0,9,9,5,3,0,0,8,0,0,0,0,3,1,2,2,1,26,6,-1,-1,-1,-1,3,E01003993,0,1
2025010558083,2025,010558083,1,9,0,18,19,3,7,0,0,1,0,0,0,0,1,1,6,6,3,-1,-1,-1,-1,-1,-1,-1,-1,0,-1
2025010558090,2025,010558090,2,4,0,13,13,3,7,0,0,1,0,0,0,0,4,1,2,2,1,50,8,-1,-1,-1,-1,5,E01003000,0,2
2025010558090,2025,010558090,1,9,0,13,13,3,7,0,0,1,0,0,0,0,2,1,2,2,2,31,6,-1,-1,-1,-1,8,E01002941,0,2
2025010558092,2025,010558092,2,1,0,18,19,1,5,0,0,1,0,0,0,0,3,1,6,6,1,26,6,-1,-1,-1,-1,-1,-1,0,-1
2025010558092,2025,010558092,1,21,1,5,5,1,5,0,0,1,0,0,0,0,4,1,1,1,1,40,7,-1,-1,-1,-1,5,E01024356,0,4
2025010558093,2025,010558093,2,1,0,-1,-1,1,5,4,4,1,0,0,0,0,1,1,1,1,1,37,7,-1,-1,-1,-1,2,E01003984,0,1
2025010558093,2025,010558093,1,9,0,5,5,1,5,0,0,1,0,0,0,0,1,1,3,7,1,53,8,-1,-1,-1,-1,3,E01004000,0,1
2025010558095,2025,010558095,1,3,0,15,15,1,5,0,0,1,0,0,0,0,1,1,1,1,1,31,6,-1,-1,-1,-1,5,E01034040,0,1
2025010558095,2025,010558095,2,9,0,9,9,1,6,1,1,5,0,0,0,0,3,1,6,6,3,-1,-1,-1,-1,-1,-1,-1,-1,0,-1
2025010558101,2025,010558101,1,1,0,18,19,8,4,0,0,0,0,0,0,0,2,1,5,6,1,25,5,-1,-1,-1,-1,5,E01003449,0,1
2025010558101,2025,010558101,2,9,0,18,19,8,4,0,0,0,0,0,0,0,1,1,6,6,3,-1,-1,-1,-1,-1,-1,-1,-1,0,-1
2025010558105,2025,010558105,1,9,9,99,99,9,9,99,99,9,9,99,9,99,9,9,6,6,3,-1,-1,-1,-1,-1,-1,-1,-1,0,-1
2025010558105,2025,010558105,2,1,0,9,9,1,6,9,9,1,0,0,0,0,1,1,1,1,1,18,4,-1,-1,-1,-1,2,E01001249,0,1
2025010558107,2025,010558107,1,8,0,9,9,8,6,0,0,1,0,0,0,0,1,1,1,1,1,60,9,-1,-1,-1,-1,2,E01004407,0,3
2025010558108,2025,010558108,2,9,0,-1,-1,1,5,0,0,1,0,0,0,0,2,1,6,6,1,79,11,-1,-1,-1,-1,9,E01002952,0,1
2025010558108,2025,010558108,1,3,0,-1,-1,1,5,0,0,1,0,4,0,0,1,1,6,6,1,25,5,-1,-1,-1,-1,9,E01002935,0,1
2025010558117,2025,010558117,1,9,0,99,99,9,9,99,99,9,9,99,9,99,1,9,5,6,2,36,7,-1,-1,-1,-1,2,E01004298,0,1
2025010558118,2025,010558118,1,1,9,99,99,9,9,99,99,9,9,99,9,99,1,1,5,6,1,19,4,-1,-1,-1,-1,2,E01004223,0,1
2025010558124,2025,010558124,1,9,0,99,99,9,9,99,99,9,9,99,9,99,2,9,5,6,1,26,6,-1,-1,-1,-1,4,E01004187,0,4
2025010558127,2025,010558127,1,3,0,18,19,1,5,0,0,0,0,0,0,0,4,1,5,6,1,46,8,-1,-1,-1,-1,4,E01003937,0,1
2025010558127,2025,010558127,2,9,0,12,12,1,5,0,0,0,0,0,0,0,1,1,5,6,1,46,8,-1,-1,-1,-1,2,E01002528,0,4
2025010558128,2025,010558128,1,9,0,6,6,7,7,0,0,0,0,0,0,0,1,1,5,6,2,40,7,-1,-1,-1,-1,2,E01003735,0,1
2025010558128,2025,010558128,2,9,5,18,19,3,7,0,0,0,0,0,0,0,1,1,5,6,1,31,6,-1,-1,-1,-1,3,E01023326,0,4
2025010558134,2025,010558134,2,9,0,18,19,5,1,0,0,8,0,0,0,0,1,1,5,6,2,50,8,-1,-1,-1,-1,-1,-1,0,-1
2025010558134,2025,010558134,1,9,0,9,9,1,7,0,0,8,0,0,0,0,1,1,5,6,1,18,4,-1,-1,-1,-1,9,E01004133,0,1
2025010558136,2025,010558136,2,9,0,1,1,3,7,0,0,1,0,0,0,0,2,1,6,6,3,-1,-1,-1,-1,-1,-1,-1,-1,0,-1
2025010558136,2025,010558136,1,3,0,4,4,5,1,0,0,1,0,0,0,0,3,1,6,6,1,25,5,-1,-1,-1,-1,2,E01001155,0,1
2025010558137,2025,010558137,1,1,9,99,99,9,9,99,99,9,9,99,9,99,1,1,5,6,1,45,7,-1,-1,-1,-1,2,E01033703,0,1
2025010558137,2025,010558137,2,3,0,99,99,9,9,99,99,9,9,99,9,99,1,9,6,6,3,-1,-1,-1,-1,-1,-1,-1,-1,0,-1
2025010558139,2025,010558139,1,9,0,9,9,5,2,0,0,8,0,0,0,0,1,1,6,6,1,43,7,-1,-1,-1,-1,3,E01034217,0,1
2025010558142,2025,010558142,2,9,0,99,99,9,9,99,99,9,9,99,9,99,1,9,6,6,3,-1,-1,-1,-1,-1,-1,4,E01002622,0,4
2025010558142,2025,010558142,1,8,0,99,99,9,9,99,99,9,9,99,9,99,2,9,1,1,1,58,9,-1,-1,-1,-1,6,E01000332,0,3
2025010558146,2025,010558146,1,1,9,99,99,9,9,99,99,9,9,99,9,99,9,1,5,6,1,29,6,-1,-1,-1,-1,2,E01001912,0,1
2025010558146,2025,010558146,2,9,0,99,99,9,9,99,99,9,9,99,9,99,9,9,6,6,3,-1,-1,-1,-1,-1,-1,-1,-1,0,-1
2025010558148,2025,010558148,1,9,9,99,99,9,9,99,99,9,9,99,9,99,9,9,6,6,3,41,7,-1,-1,-1,-1,6,E01004383,0,2
2025010558148,2025,010558148,2,9,9,99,99,9,9,99,99,9,9,99,9,99,9,9,6,6,3,-1,-1,-1,-1,-1,-1,-1,-1,0,-1
2025010558149,2025,010558149,1,9,0,18,19,7,3,0,0,8,0,0,0,0,1,1,6,6,1,36,7,-1,-1,-1,-1,4,E01003719,0,1
2025010558158,2025,010558158,1,9,0,99,99,9,9,99,99,9,9,99,9,99,9,9,2,2,1,45,7,-1,-1,-1,-1,4,E01023333,0,3
2025010558158,2025,010558158,2,19,0,99,99,9,9,99,99,9,9,99,9,99,9,9,6,6,3,-1,-1,-1,-1,-1,-1,-1,-1,0,-1
2025010558159,2025,010558159,1,9,0,18,19,7,3,99,99,9,0,99,9,0,9,9,6,6,1,-1,-1,-1,-1,-1,-1,-1,-1,0,-1
2025010558159,2025,010558159,2,1,0,99,99,9,9,0,0,9,9,0,0,0,4,1,3,7,2,50,8,-1,-1,-1,-1,8,E01002888,0,1
2025010558168,2025,010558168,1,-1,0,4,4,1,5,4,4,1,0,0,0,0,1,1,1,1,1,34,6,-1,-1,-1,-1,6,E01004330,1,1
2025010558177,2025,010558177,1,9,0,9,9,7,5,0,0,3,0,0,0,0,1,1,6,6,2,28,6,-1,-1,-1,-1,4,E01001459,0,1
2025010558177,2025,010558177,2,9,0,18,19,5,1,0,0,4,0,0,0,0,1,1,5,6,1,24,5,-1,-1,-1,-1,3,E01001547,0,1
2025010558183,2025,010558183,2,11,0,4,4,6,2,0,0,0,0,0,0,0,1,1,1,1,2,59,9,-1,-1,-1,-1,2,E01003508,0,2
2025010558183,2025,010558183,1,9,0,18,19,2,6,0,0,0,0,0,0,0,1,1,6,6,2,27,6,-1,-1,-1,-1,6,E01004369,0,1
2025010558184,2025,010558184,1,9,0,99,99,9,9,99,99,9,9,99,9,99,1,9,5,6,1,46,8,-1,-1,-1,-1,7,E01000157,0,1
2025010558184,2025,010558184,2,9,9,99,99,9,9,99,99,9,9,99,9,99,9,9,6,6,3,-1,-1,-1,-1,-1,-1,-1,-1,0,-1
2025010558192,2025,010558192,1,9,0,18,19,1,5,0,0,6,0,0,0,0,3,1,5,6,1,33,6,-1,-1,-1,-1,2,E01003239,0,1
2025010558192,2025,010558192,2,9,0,6,6,5,5,0,0,6,0,0,0,0,1,1,6,6,1,49,8,-1,-1,-1,-1,5,E01004612,0,3
2025010558193,2025,010558193,1,9,0,18,19,1,5,0,0,2,0,0,0,0,1,1,5,6,2,45,7,-1,-1,-1,-1,5,E01004127,0,3
2025010558194,2025,010558194,1,11,0,9,9,4,2,0,0,2,0,0,0,0,0,1,1,1,1,62,9,-1,-1,-1,-1,4,E01000466,0,1
2025010558195,2025,010558195,1,9,0,99,99,9,9,99,99,9,9,99,9,99,9,9,5,6,2,47,8,-1,-1,-1,-1,5,E01002652,0,1
2025010558195,2025,010558195,2,9,9,99,99,9,9,99,99,9,9,99,9,99,9,9,6,6,3,-1,-1,-1,-1,-1,-1,-1,-1,0,-1
2025010558199,2025,010558199,1,9,0,10,10,4,1,0,0,1,0,0,0,0,0,1,5,6,1,50,8,-1,-1,-1,-1,9,E01003682,0,3
2025010558199,2025,010558199,2,19,0,18,19,4,8,0,0,1,0,4,0,0,1,1,1,1,1,54,8,-1,-1,-1,-1,10,E01000445,0,1
2025010558201,2025,010558201,2,8,0,18,19,5,1,0,0,0,0,0,0,0,1,1,2,2,1,34,6,-1,-1,-1,-1,4,E01004437,0,2
2025010558201,2025,010558201,1,9,0,18,19,1,5,0,0,0,0,0,0,0,1,1,2,2,1,54,8,-1,-1,-1,-1,1,E01002040,0,1
2025010558201,2025,010558201,3,9,0,18,19,5,1,0,0,0,0,0,0,0,1,1,6,6,2,61,9,-1,-1,-1,-1,4,E01002079,0,1
2025010558205,2025,010558205,1,9,0,-1,-1,1,5,0,0,8,0,0,0,0,0,1,5,6,1,36,7,-1,-1,-1,-1,4,E01030709,0,1
2025010558205,2025,010558205,2,9,0,-1,-1,1,5,0,0,8,0,0,0,0,1,1,5,6,1,29,6,-1,-1,-1,-1,6,E01002555,0,1
2025010558210,2025,010558210,2,9,0,99,99,9,9,99,99,9,9,99,9,99,9,9,6,6,3,-1,-1,-1,-1,-1,-1,-1,-1,0,-1
2025010558210,2025,010558210,1,9,0,99,99,9,9,99,99,9,9,99,9,99,1,9,2,2,1,54,8,-1,-1,-1,-1,3,E01003768,0,1
2025010558212,2025,010558212,1,8,0,99,99,9,9,99,99,9,9,99,9,99,1,9,6,6,3,-1,-1,-1,-1,-1,-1,2,E01003497,0,3
2025010558213,2025,010558213,1,9,9,99,99,9,9,99,99,9,9,99,9,99,9,9,5,6,3,34,6,-1,-1,-1,-1,9,E01015995,0,3
2025010558213,2025,010558213,2,21,9,99,99,9,9,99,99,9,9,99,9,99,9,9,6,6,1,46,8,-1,-1,-1,-1,5,E01024163,0,3
2025010558215,2025,010558215,1,9,9,99,99,9,9,99,99,9,9,99,9,99,9,9,6,6,3,-1,-1,-1,-1,-1,-1,-1,-1,0,-1
2025010558216,2025,010558216,1,9,0,9,9,1,7,0,0,1,0,0,0,0,3,1,5,6,1,60,9,-1,-1,-1,-1,2,E01002879,0,1
2025010558216,2025,010558216,2,3,0,14,14,1,5,0,0,1,5,0,0,0,1,1,5,6,1,32,6,-1,-1,-1,-1,2,E01002830,0,1
2025010558222,2025,010558222,1,9,0,18,19,5,1,0,0,0,0,0,0,0,1,1,1,1,1,37,7,-1,-1,-1,-1,-1,-1,0,-1
2025010558222,2025,010558222,2,9,0,18,19,5,1,0,0,0,1,0,0,0,1,1,6,6,1,46,8,-1,-1,-1,-1,-1,-1,0,-1
2025010558248,2025,010558248,1,1,9,99,99,9,9,99,99,9,9,99,9,99,9,1,2,2,1,18,4,-1,-1,-1,-1,6,E01001997,0,1
2025010558248,2025,010558248,2,9,0,99,99,9,9,99,99,9,9,99,9,99,9,9,6,6,3,-1,-1,-1,-1,-1,-1,-1,-1,0,-1
2025010558249,2025,010558249,1,9,0,16,19,5,1,0,0,1,0,0,0,0,3,1,6,6,3,-1,-1,-1,-1,-1,-1,-1,-1,0,-1
2025010558253,2025,010558253,1,8,9,99,99,9,9,99,99,9,9,99,9,99,9,9,6,6,3,40,7,-1,-1,-1,-1,8,E01002536,0,3
2025010558253,2025,010558253,2,9,9,99,99,9,9,99,99,9,9,0,9,99,9,9,6,6,3,-1,-1,-1,-1,-1,-1,-1,-1,0,-1
2025010558255,2025,010558255,1,9,0,18,19,2,6,0,0,2,0,0,0,0,1,1,6,6,3,-1,-1,-1,-1,-1,-1,-1,-1,0,-1
2025010558260,2025,010558260,2,9,9,99,99,9,9,0,0,1,9,0,0,0,3,1,6,6,3,-1,-1,-1,-1,-1,-1,-1,-1,0,-1
2025010558260,2025,010558260,1,1,0,99,99,9,9,0,0,1,0,0,0,0,1,1,6,6,3,40,7,-1,-1,-1,-1,4,E01003734,0,1
2025010558261,2025,010558261,1,9,0,5,5,3,7,0,0,0,0,0,0,0,1,1,6,6,2,44,7,-1,-1,-1,-1,3,E01003258,0,1
2025010558261,2025,010558261,4,9,0,4,4,7,3,0,0,0,0,0,0,0,0,1,5,6,2,31,6,-1,-1,-1,-1,-1,-1,0,-1
2025010558261,2025,010558261,3,19,0,2,2,0,0,0,0,0,0,0,0,0,4,1,6,6,3,-1,-1,-1,-1,-1,-1,-1,-1,0,-1