collision_index,collision_year,collision_ref_no,vehicle_reference,vehicle_type,towing_and_articulation,vehicle_manoeuvre_historic,vehicle_manoeuvre,vehicle_direction_from,vehicle_direction_to,vehicle_location_restricted_lane_historic,vehicle_location_restricted_lane,junction_location,skidding_and_overturning,hit_object_in_carriageway,vehicle_leaving_carriageway,hit_object_off_carriageway,first_point_of_impact,vehicle_left_hand_drive,journey_purpose_of_driver_historic,journey_purpose_of_driver,sex_of_driver,age_of_driver,age_band_of_driver,engine_capacity_cc,propulsion_code,age_of_vehicle,generic_make_model,driver_imd_decile,lsoa_of_driver,escooter_flag,driver_distance_banding
2025010558615,2025,010558615,2,9,0,99,99,9,9,99,99,9,9,99,9,99,9,9,6,6,1,20,4,-1,-1,-1,-1,3,E01001504,0,3
2025010558618,2025,010558618,1,9,0,99,99,9,9,99,99,9,9,99,9,99,2,9,5,6,1,27,6,-1,-1,-1,-1,2,E01002793,0,1
2025010558618,2025,010558618,2,9,0,99,99,9,9,99,99,9,9,99,9,99,1,9,6,6,1,44,7,-1,-1,-1,-1,2,E01001780,0,1
2025010558623,2025,010558623,1,9,0,-1,-1,5,3,0,0,9,9,0,0,0,4,1,6,6,3,39,7,-1,-1,-1,-1,3,E01003729,0,1
2025010558629,2025,010558629,1,9,0,18,19,3,7,9,9,6,0,7,1,10,1,1,5,6,1,32,6,-1,-1,-1,-1,4,E01002104,0,1
2025010558634,2025,010558634,1,9,0,4,4,7,3,0,0,1,0,0,0,0,1,1,6,6,3,-1,-1,-1,-1,-1,-1,-1,-1,0,-1
2025010558637,2025,010558637,2,9,0,18,19,3,7,0,0,0,0,0,0,0,1,1,2,2,1,20,4,-1,-1,-1,-1,4,E01004337,0,1
2025010558637,2025,010558637,1,9,0,18,19,3,7,0,0,0,0,0,0,0,2,1,5,6,1,57,9,-1,-1,-1,-1,9,E01033614,0,4
2025010558639,2025,010558639,1,9,0,16,19,5,1,0,0,0,0,0,0,0,1,1,2,2,1,33,6,-1,-1,-1,-1,7,E01000391,0,1
2025010558639,2025,010558639,2,9,0,2,2,0,0,0,0,0,0,0,0,0,2,1,6,6,3,-1,-1,-1,-1,-1,-1,-1,-1,0,-1
2025010558642,2025,010558642,2,9,0,18,19,5,1,0,0,0,0,0,0,0,1,1,6,6,3,-1,-1,-1,-1,-1,-1,-1,-1,0,-1
2025010558642,2025,010558642,1,11,0,4,4,5,1,0,0,0,0,0,0,0,0,1,1,1,1,49,8,-1,-1,-1,-1,3,E01004226,0,3
2025010558644,2025,010558644,1,1,9,18,19,9,9,99,99,0,9,99,9,99,1,1,2,2,1,61,9,-1,-1,-1,-1,5,E01002632,0,1
2025010558644,2025,010558644,2,9,0,9,9,9,9,99,99,0,9,99,9,99,1,9,6,6,3,-1,-1,-1,-1,-1,-1,-1,-1,0,-1
2025010558652,2025,010558652,1,9,0,99,99,9,9,99,99,9,9,99,9,99,3,9,5,6,2,42,7,-1,-1,-1,-1,2,E01001971,0,2
2025010558659,2025,010558659,2,19,0,18,19,3,7,0,0,1,0,0,0,0,2,1,1,1,1,67,10,-1,-1,-1,-1,8,E01000123,0,3
2025010558659,2025,010558659,1,1,0,18,19,3,7,0,0,1,5,0,0,0,1,1,6,6,1,28,6,-1,-1,-1,-1,4,E01035721,0,1
2025010558661,2025,010558661,2,9,0,99,99,9,9,99,99,9,9,99,9,99,9,9,6,6,3,-1,-1,-1,-1,-1,-1,-1,-1,0,-1
2025010558661,2025,010558661,1,1,9,99,99,9,9,99,99,9,9,99,9,99,0,1,5,6,2,26,6,-1,-1,-1,-1,5,E01002873,0,1
2025010558663,2025,010558663,1,9,0,1,1,5,1,0,0,0,0,0,0,0,2,1,3,7,2,42,7,-1,-1,-1,-1,6,E01001184,0,1
2025010558664,2025,010558664,3,21,0,4,4,3,7,0,0,0,0,10,0,0,1,2,1,1,1,62,9,-1,-1,-1,-1,7,E01021343,0,4
2025010558664,2025,010558664,1,21,1,18,19,3,7,0,0,0,0,0,0,0,2,1,1,1,1,57,9,-1,-1,-1,-1,2,E01010715,0,5
2025010558664,2025,010558664,2,9,0,18,19,3,7,0,0,0,0,0,0,0,2,1,6,6,2,45,7,-1,-1,-1,-1,3,E01000373,0,2
2025010558667,2025,010558667,1,19,0,9,9,7,5,0,0,8,0,0,3,0,1,1,1,1,1,39,7,-1,-1,-1,-1,-1,-1,0,-1
2025010558667,2025,010558667,2,5,0,7,7,5,7,0,0,1,5,0,0,0,1,1,1,1,1,55,8,-1,-1,-1,-1,6,E01015925,0,4
2025010558668,2025,010558668,2,19,0,12,12,1,5,2,2,0,0,0,0,0,0,1,1,1,1,35,6,-1,-1,-1,-1,1,E01016062,0,4
2025010558668,2025,010558668,1,3,0,18,19,1,5,0,0,0,0,0,0,0,0,1,2,2,1,29,6,-1,-1,-1,-1,4,E01002589,0,2
2025010558669,2025,010558669,2,1,9,12,12,9,9,99,99,9,9,99,9,99,9,1,1,1,1,25,5,-1,-1,-1,-1,-1,-1,0,-1
2025010558669,2025,010558669,1,9,0,18,19,9,9,99,99,9,9,99,9,99,9,9,2,2,2,44,7,-1,-1,-1,-1,9,E01021944,0,4
2025010558671,2025,010558671,2,19,9,5,5,9,9,99,99,9,9,99,0,0,9,9,6,6,3,-1,-1,-1,-1,-1,-1,-1,-1,0,-1
2025010558671,2025,010558671,1,1,0,3,3,1,5,99,99,9,0,99,0,0,2,1,6,6,1,37,7,-1,-1,-1,-1,4,E01035485,0,2
2025010558672,2025,010558672,1,3,0,7,7,3,5,0,0,6,0,0,0,0,2,1,1,1,1,28,6,-1,-1,-1,-1,7,E01002204,0,1
2025010558672,2025,010558672,2,19,0,9,9,7,5,0,0,8,0,0,0,0,1,1,1,1,1,63,9,-1,-1,-1,-1,1,E01024610,0,4
2025010558675,2025,010558675,2,9,9,99,99,9,9,99,99,9,9,99,9,99,9,9,6,6,3,-1,-1,-1,-1,-1,-1,-1,-1,0,-1
2025010558675,2025,010558675,1,3,9,99,99,9,9,99,99,9,9,99,9,99,1,1,1,1,1,25,5,-1,-1,-1,-1,5,E01004513,0,1
2025010558704,2025,010558704,1,9,0,9,9,7,5,0,0,5,0,0,0,0,4,1,5,6,1,32,6,-1,-1,-1,-1,5,E01032790,0,1
2025010558704,2025,010558704,2,1,0,18,19,3,7,0,0,1,2,0,0,0,1,1,5,6,2,36,7,-1,-1,-1,-1,4,E01001934,0,1
2025010558708,2025,010558708,2,8,0,18,19,9,9,99,99,0,9,99,9,99,9,9,6,6,3,-1,-1,-1,-1,-1,-1,-1,-1,0,-1
2025010558708,2025,010558708,1,3,0,3,3,9,9,99,99,0,9,99,9,99,2,1,1,1,1,35,6,-1,-1,-1,-1,2,E01003087,0,2
2025010558715,2025,010558715,3,19,0,99,99,9,9,99,99,9,9,99,9,99,9,9,6,6,3,-1,-1,-1,-1,-1,-1,-1,-1,0,-1
2025010558715,2025,010558715,1,9,0,99,99,9,9,99,99,9,9,99,9,99,2,9,5,6,2,57,9,-1,-1,-1,-1,4,E01000608,0,1
2025010558715,2025,010558715,2,3,0,99,99,9,9,99,99,9,9,99,9,99,2,1,6,6,1,-1,-1,-1,-1,-1,-1,6,E01002221,0,1
2025010558720,2025,010558720,1,9,0,99,99,9,9,99,99,9,9,99,9,99,2,9,5,6,1,44,7,-1,-1,-1,-1,2,E01001574,0,2
2025010558720,2025,010558720,2,9,0,99,99,9,9,99,99,9,9,99,9,99,1,9,6,6,3,20,4,-1,-1,-1,-1,8,E01000341,0,1
2025010558721,2025,010558721,1,4,0,18,19,1,5,0,0,2,0,0,7,5,1,1,6,6,1,52,8,-1,-1,-1,-1,4,E01004495,0,1
2025010558724,2025,010558724,1,9,0,14,14,7,3,0,0,1,0,11,0,0,1,1,3,7,2,39,7,-1,-1,-1,-1,4,E01002114,0,1
2025010558726,2025,010558726,1,3,0,99,99,9,9,99,99,9,9,99,9,99,1,1,1,1,1,27,6,-1,-1,-1,-1,5,E01000591,0,1
2025010558726,2025,010558726,2,9,0,99,99,9,9,99,99,9,9,99,9,99,1,9,6,6,3,-1,-1,-1,-1,-1,-1,-1,-1,0,-1
2025010558730,2025,010558730,1,8,0,99,99,9,9,99,99,9,9,99,9,99,1,9,5,6,1,41,7,-1,-1,-1,-1,2,E01004272,0,2
2025010558730,2025,010558730,2,9,0,99,99,9,9,99,99,9,9,99,9,99,9,9,6,6,3,-1,-1,-1,-1,-1,-1,-1,-1,0,-1
2025010558739,2025,010558739,1,3,0,99,99,9,9,99,99,9,9,99,9,99,9,1,2,2,1,30,6,-1,-1,-1,-1,1,E01002071,0,2
2025010558739,2025,010558739,2,9,0,99,99,9,9,99,99,9,9,99,9,99,9,9,6,6,3,-1,-1,-1,-1,-1,-1,-1,-1,0,-1
2025010558743,2025,010558743,1,9,0,4,4,3,7,0,0,1,0,0,0,0,1,1,2,2,2,56,9,-1,-1,-1,-1,-1,-1,0,-1
2025010558743,2025,010558743,2,9,0,5,5,3,7,0,0,1,1,0,0,0,1,1,5,6,1,21,5,-1,-1,-1,-1,6,E01034485,0,3
2025010558743,2025,010558743,3,9,0,10,10,3,2,0,0,1,0,0,0,0,2,1,3,7,2,36,7,-1,-1,-1,-1,7,E01002373,0,1
2025010558745,2025,010558745,1,9,0,18,19,1,5,0,0,1,0,99,0,0,9,1,6,6,3,-1,-1,-1,-1,-1,-1,-1,-1,0,-1
2025010558760,2025,010558760,1,9,0,18,19,5,1,0,0,4,0,0,0,0,1,1,1,1,2,52,8,-1,-1,-1,-1,9,E01002516,0,1
2025010558760,2025,010558760,2,3,0,18,19,3,7,0,0,3,0,0,0,0,1,1,5,6,1,27,6,-1,-1,-1,-1,-1,-1,0,-1
2025010558763,2025,010558763,1,19,0,18,19,5,1,0,0,2,0,0,0,0,1,1,1,1,1,67,10,-1,-1,-1,-1,-1,-1,0,-1
2025010558764,2025,010558764,1,9,0,18,19,1,5,0,0,1,0,0,0,0,1,1,5,6,2,62,9,-1,-1,-1,-1,3,E01004062,0,1
2025010558765,2025,010558765,4,9,0,2,2,0,0,9,9,1,0,0,0,0,0,1,6,6,3,-1,-1,-1,-1,-1,-1,-1,-1,0,-1
2025010558765,2025,010558765,3,9,0,2,2,0,0,9,9,1,0,0,0,0,2,1,6,6,3,-1,-1,-1,-1,-1,-1,-1,-1,0,-1
2025010558765,2025,010558765,2,9,0,2,2,0,0,9,9,1,0,0,0,0,2,1,6,6,3,-1,-1,-1,-1,-1,-1,-1,-1,0,-1
2025010558765,2025,010558765,1,9,0,13,13,7,3,9,9,1,1,0,1,4,1,1,5,6,1,24,5,-1,-1,-1,-1,3,E01013732,0,5
2025010558768,2025,010558768,2,9,0,99,99,9,9,99,99,9,9,99,9,99,1,9,6,6,3,-1,-1,-1,-1,-1,-1,-1,-1,0,-1
2025010558768,2025,010558768,1,1,9,99,99,9,9,99,99,9,9,99,9,99,9,1,2,2,1,44,7,-1,-1,-1,-1,2,E01004574,0,1
2025010558769,2025,010558769,2,9,0,15,15,3,7,0,0,1,0,7,0,0,4,1,6,6,3,-1,-1,-1,-1,-1,-1,-1,-1,0,-1
2025010558769,2025,010558769,1,9,0,-1,-1,3,7,0,0,1,0,7,0,0,3,1,5,6,1,26,6,-1,-1,-1,-1,3,E01003525,0,1
2025010558772,2025,010558772,2,19,0,99,99,9,9,99,99,9,9,99,9,99,9,9,6,6,3,-1,-1,-1,-1,-1,-1,-1,-1,0,-1
2025010558772,2025,010558772,1,9,0,99,99,9,9,99,99,9,9,99,9,99,9,9,2,2,2,54,8,-1,-1,-1,-1,8,E01030565,0,2
2025010558773,2025,010558773,1,9,0,99,99,9,9,99,99,9,9,99,9,99,9,9,5,6,2,43,7,-1,-1,-1,-1,6,E01000220,0,2
2025010558773,2025,010558773,2,9,0,99,99,9,9,99,99,9,9,99,9,99,2,9,6,6,2,-1,-1,-1,-1,-1,-1,-1,-1,0,-1
2025010558777,2025,010558777,2,98,0,99,99,9,9,99,99,9,9,99,9,99,9,9,6,6,1,36,7,-1,-1,-1,-1,3,E01003137,0,1
2025010558777,2025,010558777,1,1,9,99,99,9,9,99,99,9,9,99,9,99,1,1,2,2,1,48,8,-1,-1,-1,-1,6,E01003398,0,2
2025010558780,2025,010558780,1,3,0,18,19,5,1,0,0,1,0,0,0,0,1,1,5,6,1,35,6,-1,-1,-1,-1,9,E01003364,0,1
2025010558782,2025,010558782,1,9,0,18,19,3,7,0,0,8,0,0,0,0,1,1,6,6,1,61,9,-1,-1,-1,-1,6,E01004521,0,1
2025010558782,2025,010558782,2,3,0,18,19,5,1,0,0,1,0,0,7,0,4,1,6,6,1,26,6,-1,-1,-1,-1,3,E01004365,0,3
2025010558790,2025,010558790,1,9,0,18,19,5,1,0,0,0,0,0,0,0,4,1,5,6,2,40,7,-1,-1,-1,-1,10,E01023841,0,1
2025010558794,2025,010558794,2,9,0,18,19,3,7,0,0,0,0,0,0,0,1,1,5,6,1,24,5,-1,-1,-1,-1,-1,-1,0,-1
2025010558794,2025,010558794,1,9,0,18,19,3,7,0,0,0,0,0,0,0,0,1,6,6,1,-1,-1,-1,-1,-1,-1,2,E01024717,0,4
2025010558797,2025,010558797,2,9,9,99,99,9,9,99,99,9,9,99,9,99,9,9,6,6,1,-1,-1,-1,-1,-1,-1,2,E01003266,0,1
2025010558797,2025,010558797,1,1,9,99,99,9,9,99,99,9,9,99,9,99,0,1,5,6,1,15,3,-1,-1,-1,-1,4,E01000780,0,1
2025010558798,2025,010558798,1,11,0,5,5,3,7,8,6,6,0,0,0,0,0,1,6,6,1,50,8,-1,-1,-1,-1,5,E01033741,0,3
2025010558800,2025,010558800,1,9,0,3,3,7,3,0,0,1,0,10,0,0,1,1,5,6,1,57,9,-1,-1,-1,-1,2,E01001427,0,1
2025010558800,2025,010558800,2,9,0,18,19,7,3,0,0,2,0,0,0,0,1,1,6,6,1,55,8,-1,-1,-1,-1,-1,-1,0,-1
2025010558802,2025,010558802,2,9,9,18,19,2,6,99,99,9,9,99,9,99,9,9,6,6,1,-1,-1,-1,-1,-1,-1,7,E01002343,0,1
2025010558802,2025,010558802,1,9,0,99,99,9,9,99,99,9,9,99,9,99,2,9,5,6,1,23,5,-1,-1,-1,-1,10,E01035514,0,4
2025010558805,2025,010558805,1,11,0,5,5,1,5,2,2,0,0,0,0,0,0,1,1,1,1,39,7,-1,-1,-1,-1,4,E01002098,0,1
2025010558807,2025,010558807,2,9,0,2,2,0,0,0,0,8,0,0,0,0,2,1,6,6,3,-1,-1,-1,-1,-1,-1,-1,-1,0,-1
2025010558807,2025,010558807,3,9,0,2,2,0,0,9,9,8,0,0,0,0,2,1,6,6,3,-1,-1,-1,-1,-1,-1,-1,-1,0,-1
2025010558807,2025,010558807,1,9,0,18,19,1,5,9,9,5,0,4,0,0,1,1,6,6,2,65,9,-1,-1,-1,-1,3,E01000305,0,1
2025010558812,2025,010558812,1,9,0,3,3,1,5,0,0,8,0,0,0,0,3,1,2,2,1,46,8,-1,-1,-1,-1,8,E01002534,0,3
2025010558816,2025,010558816,1,3,0,-1,-1,7,3,0,0,1,0,0,0,0,1,1,1,1,1,31,6,-1,-1,-1,-1,-1,-1,0,-1
2025010558816,2025,010558816,2,9,0,13,13,3,7,0,0,1,0,0,0,0,1,1,5,6,1,21,5,-1,-1,-1,-1,4,E01034210,0,1
2025010558819,2025,010558819,2,9,0,99,99,9,9,99,99,9,9,99,9,99,9,9,6,6,3,-1,-1,-1,-1,-1,-1,8,E01002930,0,1
2025010558819,2025,010558819,1,3,0,99,99,9,9,99,99,9,9,99,9,99,9,1,1,1,2,28,6,-1,-1,-1,-1,1,E01002040,0,4
2025010558822,2025,010558822,2,3,0,18,19,1,5,2,2,8,0,0,0,0,1,1,5,6,1,21,5,-1,-1,-1,-1,5,E01023546,0,3
2025010558822,2025,010558822,1,9,0,7,7,1,4,0,0,5,0,0,0,0,1,1,1,1,1,49,8,-1,-1,-1,-1,9,E01002460,0,4
2025010558827,2025,010558827,1,9,0,9,9,7,6,0,0,6,0,0,0,0,1,1,3,7,1,53,8,-1,-1,-1,-1,2,E01003966,0,1
2025010558836,2025,010558836,1,5,0,99,99,9,9,99,99,9,9,99,9,99,9,1,2,2,1,32,6,-1,-1,-1,-1,4,E01004628,0,2
2025010558836,2025,010558836,2,9,0,99,99,9,9,99,99,9,9,99,9,99,1,9,6,6,3,31,6,-1,-1,-1,-1,9,E01016403,0,4
2025010558837,2025,010558837,1,8,0,99,99,9,9,99,99,9,9,99,9,99,2,9,6,6,1,-1,-1,-1,-1,-1,-1,-1,-1,0,-1
2025010558843,2025,010558843,2,1,0,18,19,5,1,0,0,1,0,0,0,0,1,1,6,6,2,25,5,-1,-1,-1,-1,6,E01001952,0,3
2025010558843,2025,010558843,1,9,0,3,3,1,5,0,0,1,0,0,0,0,4,1,6,6,1,48,8,-1,-1,-1,-1,-1,-1,0,-1
2025010558844,2025,010558844,1,8,0,18,19,7,3,0,0,8,0,0,0,0,1,1,1,1,1,62,9,-1,-1,-1,-1,8,E01016138,0,4
2025010558847,2025,010558847,2,9,0,6,6,7,7,0,0,0,0,0,0,0,3,1,1,1,1,40,7,-1,-1,-1,-1,3,E01001136,0,1
2025010558847,2025,010558847,1,3,0,3,3,3,7,0,0,0,0,0,0,0,3,1,2,2,1,26,6,-1,-1,-1,-1,6,E01001091,0,1
2025010558854,2025,010558854,2,9,0,99,99,9,9,99,99,9,9,99,9,99,1,9,6,6,3,-1,-1,-1,-1,-1,-1,-1,-1,0,-1
2025010558854,2025,010558854,1,3,0,99,99,9,9,99,99,9,9,99,9,99,9,1,1,1,1,37,7,-1,-1,-1,-1,3,E01001503,0,3
2025010558863,2025,010558863,2,9,0,99,99,9,9,99,99,9,9,99,9,99,1,9,6,6,3,-1,-1,-1,-1,-1,-1,-1,-1,0,-1
2025010558863,2025,010558863,1,3,0,99,99,9,9,99,99,9,9,99,9,99,9,1,1,1,1,31,6,-1,-1,-1,-1,5,E01003632,0,2
2025010558866,2025,010558866,1,5,0,18,19,3,7,0,0,0,0,0,0,0,3,1,1,1,1,33,6,-1,-1,-1,-1,-1,-1,0,-1
2025010558866,2025,010558866,2,9,0,18,19,3,7,0,0,0,0,0,0,0,3,1,5,6,2,32,6,-1,-1,-1,-1,3,E01000089,0,3
2025010558868,2025,010558868,1,3,0,15,15,1,5,0,0,1,0,0,0,0,3,1,6,6,1,64,9,-1,-1,-1,-1,4,E01001354,0,2
2025010558868,2025,010558868,2,19,0,9,9,7,5,0,0,6,0,0,0,0,4,1,2,2,1,53,8,-1,-1,-1,-1,7,E01022574,0,4
2025010558870,2025,010558870,2,9,0,2,2,0,0,0,0,2,0,4,0,0,2,1,6,6,3,-1,-1,-1,-1,-1,-1,-1,-1,0,-1
2025010558870,2025,010558870,1,9,0,18,19,1,5,0,0,2,0,4,0,0,1,1,6,6,1,48,8,-1,-1,-1,-1,4,E01003210,0,1
2025010558870,2025,010558870,3,9,0,2,2,0,0,0,0,2,0,0,0,0,1,1,6,6,3,-1,-1,-1,-1,-1,-1,-1,-1,0,-1
2025010558871,2025,010558871,1,3,0,99,99,9,9,99,99,9,9,99,9,99,1,1,5,6,1,45,7,-1,-1,-1,-1,3,E01003089,0,3
2025010558871,2025,010558871,2,9,0,99,99,9,9,99,99,9,9,99,9,99,9,9,6,6,3,-1,-1,-1,-1,-1,-1,-1,-1,0,-1
2025010558873,2025,010558873,1,9,0,99,99,9,9,99,99,9,9,99,9,99,1,9,5,6,2,33,6,-1,-1,-1,-1,6,E01000629,0,1
2025010558873,2025,010558873,2,9,0,1,1,7,3,0,0,9,0,0,0,0,2,9,6,6,2,33,6,-1,-1,-1,-1,6,E01000231,0,1
2025010558877,2025,010558877,2,3,0,9,9,1,7,0,0,1,0,0,0,0,3,1,5,6,1,57,9,-1,-1,-1,-1,7,E01004605,0,1
2025010558877,2025,010558877,1,9,0,9,9,1,7,0,0,1,0,0,0,0,1,1,1,1,1,30,6,-1,-1,-1,-1,4,E01000639,0,2
2025010558878,2025,010558878,1,11,0,18,19,5,1,0,0,0,0,0,0,0,1,1,1,1,1,64,9,-1,-1,-1,-1,6,E01000631,0,1
2025010558878,2025,010558878,2,9,0,4,4,1,5,6,6,0,0,0,0,0,3,1,5,6,1,58,9,-1,-1,-1,-1,8,E01001307,0,1
2025010558881,2025,010558881,2,9,0,18,19,1,5,0,0,1,0,0,1,0,1,1,6,6,1,21,5,-1,-1,-1,-1,4,E01003686,0,1
2025010558881,2025,010558881,1,9,0,4,4,1,5,0,0,1,0,0,0,0,2,2,1,1,1,56,9,-1,-1,-1,-1,4,E01002313,0,2
2025010558883,2025,010558883,1,11,0,4,4,1,5,0,0,0,0,0,0,0,0,1,1,1,1,60,9,-1,-1,-1,-1,3,E01016011,0,3
2025010558888,2025,010558888,1,9,0,99,99,9,9,99,99,9,9,99,9,99,1,9,6,6,3,-1,-1,-1,-1,-1,-1,-1,-1,0,-1
2025010558889,2025,010558889,1,8,0,99,99,9,9,99,99,9,9,99,9,99,9,9,6,6,3,-1,-1,-1,-1,-1,-1,-1,-1,0,-1
2025010558891,2025,010558891,2,9,0,99,99,9,9,99,99,9,9,99,9,99,1,9,6,6,1,20,4,-1,-1,-1,-1,2,E01016160,0,4
2025010558891,2025,010558891,1,1,9,99,99,9,9,99,99,9,9,99,9,99,1,1,2,2,1,45,7,-1,-1,-1,-1,3,E01033593,0,1
2025010558892,2025,010558892,1,3,0,99,99,9,9,99,99,9,9,99,9,99,1,1,2,2,1,39,7,-1,-1,-1,-1,4,E01004525,0,2
2025010558892,2025,010558892,2,9,0,99,99,9,9,99,99,9,9,99,9,99,1,9,6,6,3,-1,-1,-1,-1,-1,-1,8,E01004291,0,1
2025010558893,2025,010558893,1,9,0,18,19,5,1,0,0,1,0,0,0,0,4,1,5,6,1,52,8,-1,-1,-1,-1,2,E01001395,0,2
2025010558893,2025,010558893,2,1,0,18,19,1,5,0,0,1,0,0,0,0,1,1,5,6,1,23,5,-1,-1,-1,-1,2,E01004407,0,1
2025010558895,2025,010558895,2,9,9,99,99,9,9,99,99,0,9,99,9,99,9,9,6,6,3,-1,-1,-1,-1,-1,-1,-1,-1,0,-1
2025010558895,2025,010558895,1,3,9,99,99,9,9,99,99,0,9,99,9,99,9,1,6,6,3,36,7,-1,-1,-1,-1,5,E01001880,0,1
2025010558897,2025,010558897,2,9,0,9,9,1,6,0,0,6,0,0,0,0,3,1,5,6,1,35,6,-1,-1,-1,-1,4,E01003322,0,1
2025010558897,2025,010558897,1,5,0,18,19,7,3,0,0,1,0,0,0,0,1,1,6,6,1,59,9,-1,-1,-1,-1,3,E01001620,0,1
2025010558898,2025,010558898,1,9,0,5,5,5,1,0,0,0,1,4,0,0,4,1,5,6,1,27,6,-1,-1,-1,-1,-1,-1,0,-1
2025010558901,2025,010558901,1,9,0,18,19,3,7,0,0,0,5,4,0,0,1,1,6,6,2,57,9,-1,-1,-1,-1,-1,-1,0,-1
2025010558901,2025,010558901,2,9,0,2,2,0,0,0,0,0,0,0,0,0,1,1,6,6,3,-1,-1,-1,-1,-1,-1,-1,-1,0,-1
2025010558905,2025,010558905,1,9,9,99,99,9,9,99,99,9,9,99,9,99,9,9,6,6,3,-1,-1,-1,-1,-1,-1,-1,-1,0,-1
2025010558907,2025,010558907,1,5,0,13,13,7,3,0,0,8,2,0,0,0,4,1,5,6,1,53,8,-1,-1,-1,-1,4,E01021265,0,4
2025010558907,2025,010558907,3,19,0,18,19,7,3,0,0,1,0,0,0,0,2,1,6,6,1,40,7,-1,-1,-1,-1,5,E01003527,0,1
2025010558907,2025,010558907,2,90,0,12,12,7,3,0,0,1,0,0,0,0,3,1,2,2,1,39,7,-1,-1,-1,-1,7,E01015866,0,4
2025010558913,2025,010558913,1,3,0,18,19,1,5,0,0,1,1,0,0,0,0,1,6,6,1,42,7,-1,-1,-1,-1,3,E01004012,0,2
2025010558913,2025,010558913,2,9,0,9,9,4,2,0,0,6,0,0,0,0,0,1,1,1,1,49,8,-1,-1,-1,-1,5,E01000110,0,4
2025010558922,2025,010558922,1,9,9,99,99,9,9,99,99,9,9,99,9,99,9,9,6,6,3,-1,-1,-1,-1,-1,-1,-1,-1,0,-1
2025010558923,2025,010558923,2,9,0,3,3,7,3,0,0,2,0,0,1,0,2,1,5,6,1,51,8,-1,-1,-1,-1,-1,-1,0,-1
2025010558923,2025,010558923,1,9,0,18,19,1,5,0,0,2,0,0,0,0,1,2,6,6,1,25,5,-1,-1,-1,-1,-1,-1,0,-1
2025010558923,2025,010558923,3,9,0,18,19,7,3,0,0,2,0,0,0,0,0,1,1,1,1,33,6,-1,-1,-1,-1,5,E01003666,0,3
2025010558926,2025,010558926,1,19,0,99,99,9,9,0,0,0,9,99,9,0,9,9,1,1,1,25,5,-1,-1,-1,-1,3,E01004251,0,1
2025010558926,2025,010558926,2,1,9,18,19,5,1,0,0,0,9,0,9,99,1,1,6,6,2,50,8,-1,-1,-1,-1,4,E01002893,0,3
2025010558930,2025,010558930,2,11,0,18,19,3,7,0,0,0,1,0,1,9,1,1,1,1,1,63,9,-1,-1,-1,-1,2,E01001551,0,2
2025010558930,2025,010558930,1,9,0,18,19,7,3,0,0,0,0,0,0,0,1,1,6,6,1,72,10,-1,-1,-1,-1,3,E01001412,0,1
2025010558931,2025,010558931,2,9,0,7,7,1,2,0,0,7,0,0,0,0,1,1,6,6,3,-1,-1,-1,-1,-1,-1,-1,-1,0,-1
2025010558931,2025,010558931,1,9,0,18,19,7,3,0,0,1,0,10,0,0,1,1,2,2,1,34,6,-1,-1,-1,-1,3,E01004237,0,1
2025010558934,2025,010558934,2,9,0,99,99,9,9,99,99,9,9,99,9,99,1,9,6,6,3,-1,-1,-1,-1,-1,-1,-1,-1,0,-1
2025010558934,2025,010558934,1,1,9,99,99,9,9,99,99,9,9,99,9,99,9,1,2,2,2,40,7,-1,-1,-1,-1,6,E01032780,0,1
2025010558938,2025,010558938,2,9,0,18,19,1,5,0,0,1,0,0,0,0,1,1,6,6,1,-1,-1,-1,-1,-1,-1,6,E01021275,0,4
2025010558938,2025,010558938,1,1,0,5,5,7,3,0,0,1,0,0,0,0,1,1,6,6,1,50,8,-1,-1,-1,-1,5,E01003662,0,1
2025010558939,2025,010558939,1,9,0,-1,-1,5,1,0,0,1,0,0,0,0,1,1,2,2,1,62,9,-1,-1,-1,-1,6,E01002674,0,1
2025010558939,2025,010558939,2,3,0,-1,-1,3,7,0,0,8,0,0,0,0,0,1,1,1,1,34,6,-1,-1,-1,-1,4,E01033084,0,1
2025010558949,2025,010558949,1,9,0,9,9,2,1,0,0,9,0,0,0,0,3,2,1,1,1,47,8,-1,-1,-1,-1,2,E01004205,0,2
2025010558951,2025,010558951,2,11,0,3,3,5,1,2,2,1,0,0,0,0,3,1,1,1,1,53,8,-1,-1,-1,-1,9,E01000686,0,3
2025010558951,2025,010558951,1,11,0,14,14,5,1,0,0,1,0,0,0,0,4,1,1,1,2,34,6,-1,-1,-1,-1,-1,-1,0,-1
2025010558953,2025,010558953,2,9,0,17,19,7,3,0,0,0,0,0,0,0,1,1,6,6,1,18,4,-1,-1,-1,-1,2,E01001191,0,4
2025010558953,2025,010558953,3,9,0,17,19,7,3,0,0,0,0,0,0,0,0,1,1,1,1,29,6,-1,-1,-1,-1,4,E01004401,0,2