collision_index,collision_year,collision_ref_no,vehicle_reference,vehicle_type,towing_and_articulation,vehicle_manoeuvre_historic,vehicle_manoeuvre,vehicle_direction_from,vehicle_direction_to,vehicle_location_restricted_lane_historic,vehicle_location_restricted_lane,junction_location,skidding_and_overturning,hit_object_in_carriageway,vehicle_leaving_carriageway,hit_object_off_carriageway,first_point_of_impact,vehicle_left_hand_drive,journey_purpose_of_driver_historic,journey_purpose_of_driver,sex_of_driver,age_of_driver,age_band_of_driver,engine_capacity_cc,propulsion_code,age_of_vehicle,generic_make_model,driver_imd_decile,lsoa_of_driver,escooter_flag,driver_distance_banding
2025010558953,2025,010558953,1,3,0,18,19,3,7,0,0,0,5,0,0,0,3,1,5,6,1,47,8,-1,-1,-1,-1,-1,-1,0,-1
2025010558954,2025,010558954,1,9,0,7,7,5,7,0,0,8,0,0,0,0,1,1,1,1,1,37,7,-1,-1,-1,-1,3,E01001858,0,3
2025010558956,2025,010558956,1,9,0,3,3,1,5,0,0,1,0,0,0,0,4,1,5,6,2,66,10,-1,-1,-1,-1,3,E01000041,0,1
2025010558959,2025,010558959,1,9,0,7,7,7,2,6,6,1,0,0,0,0,4,1,6,6,3,-1,-1,-1,-1,-1,-1,5,E01002666,0,2
2025010558960,2025,010558960,1,3,0,18,19,1,5,0,0,6,0,0,0,0,1,1,2,2,1,24,5,-1,-1,-1,-1,7,E01002343,0,3
2025010558961,2025,010558961,1,9,0,99,99,9,9,99,99,0,9,99,9,99,2,9,5,6,2,26,6,-1,-1,-1,-1,1,E01008929,0,5
2025010558961,2025,010558961,2,5,0,99,99,9,9,99,99,0,9,99,9,99,1,1,6,6,3,58,9,-1,-1,-1,-1,5,E01035293,0,4
2025010558964,2025,010558964,1,9,0,18,19,7,3,0,0,8,0,0,0,0,1,1,5,6,1,52,8,-1,-1,-1,-1,-1,-1,0,-1
2025010558964,2025,010558964,2,9,0,18,19,5,1,0,0,8,0,0,0,0,4,1,5,6,1,44,7,-1,-1,-1,-1,2,E01000085,0,1
2025010558970,2025,010558970,2,9,0,99,99,9,9,99,99,9,9,99,9,99,1,9,6,6,3,-1,-1,-1,-1,-1,-1,-1,-1,0,-1
2025010558970,2025,010558970,1,8,0,99,99,9,9,99,99,9,9,99,9,99,1,9,5,6,1,34,6,-1,-1,-1,-1,3,E01004237,0,1
2025010558971,2025,010558971,1,9,0,7,7,4,6,0,0,3,0,0,1,0,3,1,5,6,1,66,10,-1,-1,-1,-1,3,E01003519,0,1
2025010558971,2025,010558971,2,9,0,7,7,7,1,0,0,3,0,0,1,0,4,1,5,6,1,22,5,-1,-1,-1,-1,7,E01004216,0,1
2025010558973,2025,010558973,2,9,0,4,4,5,1,0,0,1,0,0,0,0,3,1,5,6,1,52,8,-1,-1,-1,-1,4,E01003782,0,3
2025010558973,2025,010558973,1,9,0,5,5,5,1,0,0,1,0,8,0,0,4,1,5,6,1,37,7,-1,-1,-1,-1,1,E01003192,0,3
2025010558976,2025,010558976,2,9,0,99,99,9,9,99,99,9,9,99,9,99,9,9,6,6,1,-1,-1,-1,-1,-1,-1,2,E01003963,0,1
2025010558976,2025,010558976,1,1,9,99,99,9,9,99,99,9,9,99,9,99,1,1,2,2,1,36,7,-1,-1,-1,-1,4,E01003133,0,2
2025010558979,2025,010558979,1,3,0,99,99,9,9,99,99,9,9,99,9,99,1,1,1,1,2,24,5,-1,-1,-1,-1,9,E01030661,0,4
2025010558979,2025,010558979,2,9,0,99,99,9,9,99,99,9,9,99,9,99,1,9,6,6,3,-1,-1,-1,-1,-1,-1,7,E01004164,0,2
2025010558986,2025,010558986,1,9,0,3,3,9,9,99,99,9,9,99,9,99,2,9,5,6,2,33,6,-1,-1,-1,-1,7,E01016468,0,4
2025010558986,2025,010558986,2,8,0,18,19,9,9,99,99,9,9,99,9,99,2,9,6,6,3,44,7,-1,-1,-1,-1,5,E01001276,0,2
2025010558992,2025,010558992,1,1,0,5,5,5,1,0,0,1,5,0,9,99,3,1,2,2,2,40,7,-1,-1,-1,-1,3,E01001805,0,1
2025010558992,2025,010558992,2,9,0,2,2,0,0,0,0,9,0,0,9,0,4,1,6,6,3,-1,-1,-1,-1,-1,-1,-1,-1,0,-1
2025010558993,2025,010558993,1,9,0,5,5,1,5,0,0,6,0,0,0,0,1,1,5,6,2,34,6,-1,-1,-1,-1,-1,-1,0,-1
2025010558993,2025,010558993,2,1,0,18,19,7,3,0,0,1,0,0,0,0,4,1,1,1,2,42,7,-1,-1,-1,-1,5,E01004641,0,1
2025010559001,2025,010559001,2,5,0,18,19,3,7,0,0,0,0,0,0,0,3,1,5,6,1,55,8,-1,-1,-1,-1,6,E01001608,0,2
2025010559001,2025,010559001,1,9,0,11,11,3,7,0,0,0,0,0,0,0,4,1,4,7,1,50,8,-1,-1,-1,-1,4,E01004427,0,1
2025010559004,2025,010559004,1,9,0,99,99,9,9,99,99,5,9,99,9,99,1,9,6,6,1,36,7,-1,-1,-1,-1,5,E01021262,0,4
2025010559013,2025,010559013,3,9,0,18,19,1,5,0,0,0,0,0,0,0,1,1,6,6,2,71,10,-1,-1,-1,-1,6,E01021104,0,4
2025010559013,2025,010559013,2,9,0,4,4,1,5,0,0,0,0,0,0,0,2,1,5,6,1,24,5,-1,-1,-1,-1,3,E01034218,0,1
2025010559013,2025,010559013,1,19,0,4,4,1,5,0,0,0,0,0,0,0,2,1,1,1,1,35,6,-1,-1,-1,-1,9,E01021626,0,4
2025010559016,2025,010559016,1,1,0,18,19,2,6,9,9,7,9,10,1,10,2,1,6,6,1,25,5,-1,-1,-1,-1,4,E01002695,0,3
2025010559016,2025,010559016,2,9,0,18,19,2,6,9,9,9,9,10,0,0,2,9,6,6,2,-1,-1,-1,-1,-1,-1,5,E01002977,0,1
2025010559019,2025,010559019,2,1,0,-1,-1,5,1,0,0,8,0,0,0,0,1,1,6,6,1,39,7,-1,-1,-1,-1,4,E01002707,0,1
2025010559019,2025,010559019,1,19,0,-1,-1,7,3,0,0,8,0,0,0,0,1,1,1,1,1,37,7,-1,-1,-1,-1,6,E01004021,0,2
2025010559021,2025,010559021,1,9,0,18,19,5,1,0,0,1,0,0,0,0,3,1,6,6,2,84,11,-1,-1,-1,-1,7,E01004654,0,1
2025010559022,2025,010559022,2,9,0,99,99,9,9,99,99,9,9,99,9,99,9,9,6,6,3,-1,-1,-1,-1,-1,-1,-1,-1,0,-1
2025010559022,2025,010559022,1,1,9,99,99,9,9,99,99,9,9,99,9,99,9,1,2,2,2,63,9,-1,-1,-1,-1,9,E01030964,0,4
2025010559026,2025,010559026,1,9,0,4,4,1,5,0,0,0,0,0,0,0,1,1,5,6,1,29,6,-1,-1,-1,-1,-1,-1,0,-1
2025010559035,2025,010559035,2,9,0,99,99,9,9,99,99,9,9,99,9,99,1,9,6,6,3,-1,-1,-1,-1,-1,-1,3,E01034146,0,2
2025010559035,2025,010559035,1,3,0,99,99,9,9,99,99,9,9,99,9,99,9,1,1,1,1,25,5,-1,-1,-1,-1,2,E01034149,0,2
2025010559044,2025,010559044,2,9,0,99,99,9,9,99,99,9,9,99,9,99,9,9,6,6,2,-1,-1,-1,-1,-1,-1,-1,-1,0,-1
2025010559044,2025,010559044,1,3,0,99,99,9,9,99,99,9,9,99,9,99,9,1,1,1,1,23,5,-1,-1,-1,-1,6,E01003435,0,1
2025010559045,2025,010559045,2,9,0,99,99,9,9,99,99,9,9,99,9,99,1,9,6,6,3,-1,-1,-1,-1,-1,-1,-1,-1,0,-1
2025010559045,2025,010559045,1,1,9,99,99,9,9,99,99,9,9,99,9,99,9,1,2,2,1,26,6,-1,-1,-1,-1,8,E01004504,0,2
2025010559047,2025,010559047,1,19,0,3,3,7,3,0,0,3,0,0,0,0,2,1,1,1,1,25,5,-1,-1,-1,-1,4,E01023877,0,4
2025010559047,2025,010559047,2,3,0,-1,-1,7,3,0,0,3,0,0,0,0,1,1,5,6,2,50,8,-1,-1,-1,-1,3,E01002572,0,1
2025010559050,2025,010559050,1,3,9,3,3,9,9,99,99,9,9,99,9,99,9,1,5,6,3,24,5,-1,-1,-1,-1,3,E01003586,0,1
2025010559050,2025,010559050,2,9,9,1,1,9,9,99,99,9,9,99,9,99,1,9,6,6,3,-1,-1,-1,-1,-1,-1,3,E01015795,0,4
2025010559058,2025,010559058,1,9,0,18,19,5,1,0,0,3,0,0,0,0,1,1,5,6,1,60,9,-1,-1,-1,-1,7,E01002226,0,1
2025010559058,2025,010559058,2,9,0,12,12,5,1,0,0,8,0,0,0,0,3,1,6,6,2,53,8,-1,-1,-1,-1,4,W01000763,0,5
2025010559074,2025,010559074,2,3,0,18,19,1,5,0,0,8,0,0,0,0,3,1,1,1,1,38,7,-1,-1,-1,-1,-1,-1,0,-1
2025010559074,2025,010559074,1,9,0,8,8,1,3,0,0,8,0,0,0,0,1,1,1,1,1,46,8,-1,-1,-1,-1,-1,-1,0,-1
2025010559078,2025,010559078,1,9,0,3,3,3,7,0,0,2,0,0,0,0,1,1,1,1,1,70,10,-1,-1,-1,-1,4,E01003441,0,2
2025010559080,2025,010559080,1,9,0,9,9,3,1,0,0,8,0,0,0,0,1,1,2,2,1,51,8,-1,-1,-1,-1,5,E01004065,0,1
2025010559080,2025,010559080,2,5,0,18,19,7,3,0,0,8,0,0,0,0,1,1,6,6,1,51,8,-1,-1,-1,-1,6,E01004021,0,1
2025010559081,2025,010559081,1,3,0,99,99,9,9,99,99,9,9,99,9,99,9,1,5,6,1,19,4,-1,-1,-1,-1,7,E01034034,0,1
2025010559081,2025,010559081,2,9,0,99,99,9,9,99,99,9,9,99,9,99,2,9,6,6,2,76,11,-1,-1,-1,-1,10,E01003866,0,1
2025010559082,2025,010559082,3,9,0,18,19,3,7,0,0,8,0,0,0,0,2,1,3,7,2,30,6,-1,-1,-1,-1,3,E01003373,0,1
2025010559082,2025,010559082,1,19,0,18,19,3,7,0,0,8,0,0,0,0,1,1,6,6,1,33,6,-1,-1,-1,-1,3,E01004183,0,1
2025010559082,2025,010559082,2,9,0,18,19,3,7,0,0,8,0,0,0,0,2,1,5,6,2,30,6,-1,-1,-1,-1,6,E01001073,0,2
2025010559087,2025,010559087,2,9,0,99,99,9,9,99,99,9,9,99,9,99,1,9,6,6,1,29,6,-1,-1,-1,-1,7,E01003254,0,1
2025010559087,2025,010559087,1,1,9,99,99,9,9,99,99,9,9,99,9,99,1,1,2,2,1,27,6,-1,-1,-1,-1,5,E01003228,0,1
2025010559090,2025,010559090,1,1,9,99,99,9,9,9,9,1,9,11,9,99,9,1,2,2,2,23,5,-1,-1,-1,-1,2,E01033876,0,1
2025010559090,2025,010559090,2,9,9,99,99,9,9,9,9,1,9,99,9,99,9,9,6,6,3,-1,-1,-1,-1,-1,-1,-1,-1,0,-1
2025010559091,2025,010559091,2,19,9,99,99,9,9,99,99,9,9,99,9,99,9,9,6,6,3,-1,-1,-1,-1,-1,-1,-1,-1,0,-1
2025010559091,2025,010559091,1,1,0,99,99,9,9,0,0,9,9,99,0,0,0,1,2,2,1,47,8,-1,-1,-1,-1,9,E01003381,0,2
2025010559091,2025,010559091,3,9,9,99,99,9,9,99,99,9,9,99,9,99,0,9,6,6,3,-1,-1,-1,-1,-1,-1,-1,-1,0,-1
2025010559095,2025,010559095,1,3,0,18,19,5,1,0,0,1,5,0,0,0,1,1,2,2,1,23,5,-1,-1,-1,-1,7,E01004146,0,1
2025010559100,2025,010559100,1,3,0,5,5,3,7,0,0,0,0,0,0,0,1,1,6,6,1,39,7,-1,-1,-1,-1,2,E01033932,0,1
2025010559102,2025,010559102,1,9,0,1,1,3,7,0,0,5,0,0,0,0,2,1,2,2,1,48,8,-1,-1,-1,-1,2,E01000020,0,3
2025010559108,2025,010559108,1,3,0,10,10,3,8,0,0,1,0,0,0,0,3,1,6,6,1,43,7,-1,-1,-1,-1,4,E01000915,0,1
2025010559111,2025,010559111,1,3,0,-1,-1,1,5,0,0,1,0,0,0,0,1,1,6,6,1,28,6,-1,-1,-1,-1,7,E01002204,0,3
2025010559111,2025,010559111,2,1,0,13,13,1,5,0,0,6,0,0,0,0,1,1,5,6,2,30,6,-1,-1,-1,-1,7,E01001891,0,1
2025010559112,2025,010559112,2,9,0,99,99,9,9,99,99,9,9,99,9,99,2,9,6,6,3,-1,-1,-1,-1,-1,-1,-1,-1,0,-1
2025010559112,2025,010559112,1,9,0,99,99,9,9,99,99,9,9,99,9,99,2,9,6,6,1,39,7,-1,-1,-1,-1,8,E01003470,0,1
2025010559113,2025,010559113,1,9,0,99,99,9,9,99,99,0,9,99,9,99,9,9,5,6,2,65,9,-1,-1,-1,-1,8,E01003649,0,2
2025010559119,2025,010559119,1,3,0,18,19,3,7,0,0,6,0,0,0,0,1,1,1,1,1,39,7,-1,-1,-1,-1,1,E01003506,0,1
2025010559119,2025,010559119,2,11,0,18,19,1,5,0,0,8,0,0,0,0,3,1,1,1,1,46,8,-1,-1,-1,-1,-1,-1,0,-1
2025010559122,2025,010559122,1,9,0,18,19,7,3,0,0,8,0,0,0,0,1,1,6,6,3,-1,-1,-1,-1,-1,-1,-1,-1,0,-1
2025010559126,2025,010559126,1,9,0,18,19,3,7,9,9,0,0,0,0,0,3,1,5,6,1,44,7,-1,-1,-1,-1,-1,-1,0,-1
2025010559133,2025,010559133,1,9,0,-1,-1,3,7,9,9,1,1,0,7,2,1,1,6,6,1,42,7,-1,-1,-1,-1,2,E01002282,0,1
2025010559133,2025,010559133,2,9,0,2,2,0,0,9,9,2,0,0,0,0,3,1,6,6,3,-1,-1,-1,-1,-1,-1,-1,-1,0,-1
2025010559134,2025,010559134,2,9,0,10,10,5,2,0,0,8,0,0,0,0,0,1,2,2,1,29,6,-1,-1,-1,-1,2,E01016914,0,4
2025010559134,2025,010559134,1,5,0,18,19,1,5,0,0,8,0,11,0,0,3,1,2,2,1,36,7,-1,-1,-1,-1,4,E01001887,0,1
2025010559136,2025,010559136,2,9,0,15,15,3,7,0,0,0,0,0,0,0,3,1,6,6,2,36,7,-1,-1,-1,-1,4,E01003485,0,1
2025010559136,2025,010559136,1,21,1,11,11,3,7,0,0,0,0,0,0,0,1,1,1,1,1,43,7,-1,-1,-1,-1,10,E01016261,0,4
2025010559139,2025,010559139,2,3,0,18,19,1,5,0,0,8,0,0,0,0,1,1,6,6,1,45,7,-1,-1,-1,-1,7,E01000324,0,2
2025010559139,2025,010559139,1,9,0,10,10,3,1,0,0,6,0,0,0,0,1,1,5,6,1,33,6,-1,-1,-1,-1,2,E01002735,0,1
2025010559141,2025,010559141,1,1,9,99,99,9,9,99,99,1,9,99,9,99,2,1,2,2,1,50,8,-1,-1,-1,-1,2,E01004223,0,1
2025010559141,2025,010559141,2,90,9,99,99,9,9,99,99,5,9,99,9,99,2,9,6,6,1,44,7,-1,-1,-1,-1,4,E01034027,0,3
2025010559145,2025,010559145,1,9,0,18,19,3,7,0,0,1,0,0,0,0,1,1,5,6,1,38,7,-1,-1,-1,-1,3,E01004403,0,2
2025010559148,2025,010559148,1,9,0,99,99,9,9,99,99,9,9,99,9,99,2,9,6,6,2,35,6,-1,-1,-1,-1,4,E01002070,0,1
2025010559148,2025,010559148,2,9,9,99,99,9,9,99,99,9,9,99,9,99,9,9,6,6,3,-1,-1,-1,-1,-1,-1,-1,-1,0,-1
2025010559152,2025,010559152,1,5,0,99,99,9,9,99,99,0,9,99,9,99,1,1,5,6,1,53,8,-1,-1,-1,-1,6,E01001527,0,3
2025010559152,2025,010559152,2,9,0,99,99,9,9,99,99,0,9,99,9,99,9,9,6,6,3,-1,-1,-1,-1,-1,-1,-1,-1,0,-1
2025010559164,2025,010559164,2,11,0,99,99,9,9,99,99,9,9,99,9,99,1,9,6,6,1,21,5,-1,-1,-1,-1,3,E01003221,0,1
2025010559164,2025,010559164,1,9,0,99,99,9,9,99,99,9,9,99,9,99,4,9,5,6,2,30,6,-1,-1,-1,-1,6,E01003314,0,1
2025010559176,2025,010559176,2,1,0,18,19,5,1,0,0,1,0,0,0,0,1,1,6,6,1,35,6,-1,-1,-1,-1,5,E01000583,0,1
2025010559176,2025,010559176,1,9,0,10,10,5,2,0,0,1,0,0,0,0,1,1,6,6,2,20,4,-1,-1,-1,-1,4,E01000477,0,2
2025010559177,2025,010559177,1,1,0,7,7,3,6,0,0,5,0,0,1,0,1,1,6,6,3,25,5,-1,-1,-1,-1,-1,-1,0,-1
2025010559179,2025,010559179,1,19,0,4,4,7,3,0,0,0,0,0,0,0,0,1,1,1,1,37,7,-1,-1,-1,-1,3,E01003536,0,1
2025010559179,2025,010559179,3,9,0,4,4,7,3,0,0,0,0,0,0,0,1,1,6,6,1,35,6,-1,-1,-1,-1,2,E01003540,0,1
2025010559179,2025,010559179,2,9,0,4,4,7,3,0,0,0,0,0,0,0,1,1,1,1,1,42,7,-1,-1,-1,-1,3,E01002312,0,3
2025010559180,2025,010559180,1,9,0,7,7,3,5,0,0,1,0,0,0,0,1,1,5,6,1,54,8,-1,-1,-1,-1,3,E01004295,0,1
2025010559180,2025,010559180,2,5,0,18,19,3,7,0,0,1,0,0,0,0,1,1,6,6,1,29,6,-1,-1,-1,-1,4,E01000958,0,2
2025010559185,2025,010559185,1,5,0,11,11,7,3,0,0,1,1,0,0,0,0,1,5,6,1,34,6,-1,-1,-1,-1,-1,-1,0,-1
2025010559186,2025,010559186,1,11,0,18,19,1,5,0,0,1,0,0,0,0,0,1,1,1,1,19,4,-1,-1,-1,-1,2,E01003512,0,2
2025010559187,2025,010559187,2,3,0,5,5,6,2,0,0,1,0,0,0,0,2,1,6,6,1,44,7,-1,-1,-1,-1,3,E01000731,0,1
2025010559187,2025,010559187,1,9,0,5,5,6,2,0,0,1,0,0,0,0,1,1,5,6,1,35,6,-1,-1,-1,-1,6,E01001599,0,1
2025010559188,2025,010559188,1,11,0,5,5,0,1,2,2,2,0,0,0,0,1,1,1,1,1,57,9,-1,-1,-1,-1,6,E01004658,0,1
2025010559188,2025,010559188,2,9,0,15,15,5,1,2,2,2,0,0,0,0,1,1,6,6,1,58,9,-1,-1,-1,-1,3,E01004563,0,1
2025010559190,2025,010559190,2,1,0,4,4,3,7,0,0,4,0,0,0,0,2,1,6,6,1,20,4,-1,-1,-1,-1,6,E01002698,0,1
2025010559190,2025,010559190,1,9,0,13,13,3,7,0,0,4,0,0,0,0,2,1,6,6,1,-1,-1,-1,-1,-1,-1,3,E01003297,0,2
2025010559191,2025,010559191,2,19,0,99,99,9,9,99,99,9,9,99,9,99,9,9,6,6,3,-1,-1,-1,-1,-1,-1,-1,-1,0,-1
2025010559191,2025,010559191,1,9,0,99,99,9,9,99,99,9,9,99,9,99,9,9,6,6,2,45,7,-1,-1,-1,-1,10,E01023908,0,3
2025010559192,2025,010559192,1,3,0,99,99,9,9,99,99,9,9,99,9,99,1,1,2,2,1,26,6,-1,-1,-1,-1,6,E01002135,0,1
2025010559192,2025,010559192,2,9,0,99,99,9,9,99,99,9,9,99,9,99,9,9,6,6,3,-1,-1,-1,-1,-1,-1,-1,-1,0,-1
2025010559195,2025,010559195,1,9,0,5,5,3,7,0,0,8,0,0,0,0,1,1,5,6,1,57,9,-1,-1,-1,-1,-1,-1,0,-1
2025010559195,2025,010559195,2,3,0,18,19,5,1,0,0,8,0,0,0,0,1,1,6,6,1,24,5,-1,-1,-1,-1,6,E01004482,0,1
2025010559205,2025,010559205,3,9,0,2,2,0,0,0,0,1,0,0,0,0,3,1,6,6,3,-1,-1,-1,-1,-1,-1,-1,-1,0,-1
2025010559205,2025,010559205,2,9,0,3,3,8,4,0,0,1,0,0,0,0,4,1,5,6,1,29,6,-1,-1,-1,-1,4,E01003453,0,1
2025010559205,2025,010559205,1,9,0,18,19,2,6,0,0,6,0,0,0,0,1,1,6,6,1,86,11,-1,-1,-1,-1,7,E01004597,0,1
2025010559213,2025,010559213,1,1,9,99,99,9,9,99,99,9,9,99,9,99,9,1,2,2,2,56,9,-1,-1,-1,-1,6,E01001962,0,1
2025010559213,2025,010559213,2,9,0,99,99,9,9,99,99,9,9,99,9,99,1,9,6,6,3,-1,-1,-1,-1,-1,-1,-1,-1,0,-1
2025010559216,2025,010559216,1,9,9,99,99,9,9,99,99,2,9,0,0,0,4,9,6,6,1,52,8,-1,-1,-1,-1,4,E01000114,0,1
2025010559217,2025,010559217,1,9,0,-1,-1,7,3,0,0,3,0,0,0,0,1,1,5,6,1,19,4,-1,-1,-1,-1,1,E01003506,0,2
2025010559219,2025,010559219,2,9,0,5,5,5,1,0,0,0,0,0,0,0,2,1,3,7,1,34,6,-1,-1,-1,-1,8,E01003710,0,1
2025010559219,2025,010559219,1,9,0,12,12,5,1,0,0,0,0,0,0,0,1,1,5,6,1,45,7,-1,-1,-1,-1,-1,-1,0,-1
2025010559223,2025,010559223,2,9,0,18,19,1,5,0,0,0,0,0,0,0,1,1,6,6,1,37,7,-1,-1,-1,-1,8,E01002942,0,4
2025010559223,2025,010559223,3,4,0,18,19,5,1,0,0,0,0,0,0,0,2,1,6,6,1,26,6,-1,-1,-1,-1,5,E01001276,0,2
2025010559223,2025,010559223,1,9,0,18,19,5,1,0,0,0,0,0,0,0,1,1,1,1,1,26,6,-1,-1,-1,-1,2,E01033605,0,1
2025010559231,2025,010559231,2,19,0,99,99,9,9,99,99,9,9,99,9,99,1,9,6,6,3,-1,-1,-1,-1,-1,-1,-1,-1,0,-1
2025010559231,2025,010559231,1,9,0,99,99,9,9,99,99,9,9,99,9,99,2,9,6,6,1,37,7,-1,-1,-1,-1,4,E01015962,0,4
2025010559233,2025,010559233,2,9,0,99,99,9,9,99,99,9,9,99,9,99,1,9,6,6,3,-1,-1,-1,-1,-1,-1,-1,-1,0,-1
2025010559233,2025,010559233,1,9,0,99,99,9,9,99,99,9,9,99,9,99,2,9,5,6,1,21,5,-1,-1,-1,-1,4,E01000997,0,1
2025010559237,2025,010559237,2,9,0,4,4,1,5,0,0,0,0,0,0,0,3,1,2,2,1,31,6,-1,-1,-1,-1,7,E01003287,0,1
2025010559237,2025,010559237,4,9,0,18,19,5,1,0,0,0,0,0,0,0,0,1,1,1,1,30,6,-1,-1,-1,-1,5,E01001677,0,2
2025010559237,2025,010559237,3,9,0,13,13,5,1,0,0,0,0,0,0,0,3,1,6,6,1,26,6,-1,-1,-1,-1,2,E01034730,0,4
2025010559237,2025,010559237,1,19,0,4,4,5,1,0,0,0,0,0,0,0,3,1,6,6,1,46,8,-1,-1,-1,-1,2,E01035664,0,2
2025010559240,2025,010559240,2,9,0,99,99,9,9,99,99,6,9,99,9,99,9,9,6,6,3,36,7,-1,-1,-1,-1,2,E01002505,0,1
2025010559240,2025,010559240,1,9,0,99,99,9,9,99,99,1,9,99,9,99,9,9,5,6,1,22,5,-1,-1,-1,-1,6,E01002636,0,1
2025010559242,2025,010559242,2,1,9,99,99,9,9,99,99,9,9,99,9,99,1,1,6,6,3,-1,-1,-1,-1,-1,-1,-1,-1,0,-1
2025010559242,2025,010559242,1,9,0,99,99,9,9,99,99,9,9,99,9,99,9,9,5,6,1,61,9,-1,-1,-1,-1,5,E01000747,0,1
2025010559243,2025,010559243,1,9,0,7,7,7,2,0,0,1,0,0,0,0,1,1,1,1,1,25,5,-1,-1,-1,-1,6,E01000486,0,1
2025010559244,2025,010559244,1,9,0,5,5,3,7,0,0,1,0,0,0,0,4,1,2,2,1,37,7,-1,-1,-1,-1,5,E01000401,0,2
2025010559245,2025,010559245,2,9,0,99,99,9,9,99,99,9,9,99,9,99,9,9,6,6,3,-1,-1,-1,-1,-1,-1,-1,-1,0,-1
2025010559245,2025,010559245,1,3,0,99,99,9,9,99,99,9,9,99,9,99,1,1,1,1,1,28,6,-1,-1,-1,-1,7,E01003434,0,1
2025010559246,2025,010559246,3,9,0,18,19,7,3,0,0,0,0,0,0,0,1,1,6,6,1,44,7,-1,-1,-1,-1,10,E01033613,0,2
2025010559246,2025,010559246,2,9,0,18,19,7,3,0,0,0,0,0,0,0,1,1,2,2,1,41,7,-1,-1,-1,-1,-1,-1,0,-1
2025010559246,2025,010559246,4,9,0,12,12,3,7,0,0,0,2,0,6,6,1,1,6,6,1,49,8,-1,-1,-1,-1,4,E01003603,0,3
2025010559246,2025,010559246,5,90,0,18,19,7,3,0,0,0,0,0,0,0,3,1,1,1,1,34,6,-1,-1,-1,-1,2,E01015931,0,2
2025010559246,2025,010559246,1,9,0,18,19,3,7,0,0,0,0,0,0,0,3,1,2,2,1,38,7,-1,-1,-1,-1,4,E01004446,0,3
2025010559248,2025,010559248,1,19,0,18,19,7,3,0,0,0,1,0,0,0,1,1,6,6,3,-1,-1,-1,-1,-1,-1,-1,-1,0,-1
2025010559249,2025,010559249,1,23,0,18,19,3,7,0,0,8,0,0,0,0,1,1,6,6,3,-1,-1,-1,-1,-1,-1,-1,-1,0,-1
2025010559253,2025,010559253,1,1,9,99,99,9,9,99,99,0,9,99,9,99,1,1,6,6,3,-1,-1,-1,-1,-1,-1,-1,-1,0,-1
2025010559255,2025,010559255,1,19,0,18,19,8,4,9,9,1,0,0,0,0,1,1,6,6,1,23,5,-1,-1,-1,-1,2,E01004311,0,1
2025010559259,2025,010559259,1,9,0,99,99,9,9,99,99,9,9,99,9,99,1,9,6,6,3,-1,-1,-1,-1,-1,-1,-1,-1,0,-1
2025010559260,2025,010559260,1,9,0,3,3,1,5,0,0,1,0,0,0,0,3,1,6,6,1,48,8,-1,-1,-1,-1,2,E01002778,0,1
2025010559260,2025,010559260,2,1,0,18,19,1,5,0,0,1,0,0,0,0,1,1,6,6,1,15,3,-1,-1,-1,-1,-1,-1,0,-1
2025010559262,2025,010559262,1,9,0,18,19,3,7,0,0,0,0,0,0,0,1,1,5,6,1,39,7,-1,-1,-1,-1,3,E01001620,0,1
2025010559262,2025,010559262,2,1,0,13,13,7,3,0,0,0,0,0,0,0,1,1,5,6,1,19,4,-1,-1,-1,-1,3,E01033936,0,4
2025010559266,2025,010559266,1,11,0,4,4,1,5,2,2,1,0,0,0,0,0,1,1,1,1,39,7,-1,-1,-1,-1,3,E01000545,0,1
2025010559268,2025,010559268,1,9,0,4,4,1,5,0,0,0,0,0,0,0,1,1,5,6,1,57,9,-1,-1,-1,-1,6,E01034189,0,1
2025010559272,2025,010559272,2,3,0,18,19,1,5,0,0,8,2,0,0,0,2,1,6,6,2,25,5,-1,-1,-1,-1,4,E01016462,0,3
2025010559272,2025,010559272,1,9,0,18,19,5,1,0,0,8,1,0,0,0,1,1,1,1,1,36,7,-1,-1,-1,-1,3,E01002909,0,2
2025010559276,2025,010559276,2,9,0,99,99,9,9,99,99,0,9,99,9,99,1,9,6,6,3,-1,-1,-1,-1,-1,-1,-1,-1,0,-1
2025010559276,2025,010559276,1,9,0,99,99,9,9,99,99,0,9,99,9,99,1,9,5,6,1,26,6,-1,-1,-1,-1,3,E01000111,0,1
2025010559279,2025,010559279,1,9,0,3,3,5,1,0,0,0,0,0,0,0,0,1,1,1,1,47,8,-1,-1,-1,-1,-1,-1,0,-1
2025010559279,2025,010559279,2,9,0,1,1,1,5,0,0,0,0,4,0,0,2,1,6,6,2,34,6,-1,-1,-1,-1,5,E01015782,0,4
2025010559279,2025,010559279,3,5,0,3,3,5,1,0,0,0,0,0,0,0,1,1,6,6,1,29,6,-1,-1,-1,-1,9,E01021456,0,4