collision_index,collision_year,collision_ref_no,vehicle_reference,vehicle_type,towing_and_articulation,vehicle_manoeuvre_historic,vehicle_manoeuvre,vehicle_direction_from,vehicle_direction_to,vehicle_location_restricted_lane_historic,vehicle_location_restricted_lane,junction_location,skidding_and_overturning,hit_object_in_carriageway,vehicle_leaving_carriageway,hit_object_off_carriageway,first_point_of_impact,vehicle_left_hand_drive,journey_purpose_of_driver_historic,journey_purpose_of_driver,sex_of_driver,age_of_driver,age_band_of_driver,engine_capacity_cc,propulsion_code,age_of_vehicle,generic_make_model,driver_imd_decile,lsoa_of_driver,escooter_flag,driver_distance_banding
2025010559592,2025,010559592,3,9,0,18,19,1,5,0,0,0,0,4,0,0,1,1,5,6,1,45,7,-1,-1,-1,-1,6,E01003311,0,2
2025010559592,2025,010559592,1,9,0,2,2,0,0,0,0,0,0,0,0,0,1,1,6,6,3,-1,-1,-1,-1,-1,-1,-1,-1,0,-1
2025010559595,2025,010559595,1,3,0,99,99,9,9,99,99,9,9,99,9,99,1,1,2,2,1,22,5,-1,-1,-1,-1,4,E01000497,0,2
2025010559597,2025,010559597,1,19,0,-1,-1,7,3,0,0,1,0,0,0,0,2,1,1,1,1,53,8,-1,-1,-1,-1,6,E01004351,0,2
2025010559597,2025,010559597,2,9,0,-1,-1,7,3,0,0,1,0,0,0,0,1,1,2,2,2,54,8,-1,-1,-1,-1,2,E01002097,0,1
2025010559598,2025,010559598,1,3,0,-1,-1,1,5,0,0,1,2,0,0,0,1,1,1,1,1,54,8,-1,-1,-1,-1,7,E01000250,0,1
2025010559600,2025,010559600,2,9,0,99,99,9,9,99,99,9,9,99,9,99,9,9,6,6,3,-1,-1,-1,-1,-1,-1,-1,-1,0,-1
2025010559600,2025,010559600,1,3,0,99,99,9,9,99,99,9,9,99,9,99,9,1,1,1,1,31,6,-1,-1,-1,-1,3,E01003920,0,3
2025010559601,2025,010559601,1,9,0,18,19,1,5,0,0,1,0,0,0,0,3,1,1,1,2,30,6,-1,-1,-1,-1,-1,-1,0,-1
2025010559603,2025,010559603,1,19,0,18,19,3,7,9,9,0,0,0,1,11,1,1,6,6,1,51,8,-1,-1,-1,-1,9,E01002271,0,3
2025010559603,2025,010559603,2,1,0,18,19,7,3,9,9,0,0,0,0,0,1,1,1,1,2,58,9,-1,-1,-1,-1,3,E01004436,0,1
2025010559605,2025,010559605,2,9,0,18,19,9,9,99,99,9,9,99,9,99,1,9,6,6,3,-1,-1,-1,-1,-1,-1,-1,-1,0,-1
2025010559605,2025,010559605,1,3,0,3,3,9,9,99,99,9,9,99,9,99,2,1,5,6,1,23,5,-1,-1,-1,-1,8,E01003271,0,1
2025010559607,2025,010559607,1,19,0,-1,-1,3,7,0,0,1,0,0,0,0,1,1,1,1,1,23,5,-1,-1,-1,-1,4,E01001002,0,3
2025010559607,2025,010559607,2,1,0,-1,-1,3,7,0,0,1,0,0,0,0,0,1,2,2,1,34,6,-1,-1,-1,-1,6,E01003149,0,2
2025010559613,2025,010559613,1,1,0,9,9,1,6,0,0,8,0,0,0,0,2,1,2,2,1,26,6,-1,-1,-1,-1,7,E01000843,0,2
2025010559615,2025,010559615,2,9,0,99,99,9,9,99,99,9,9,99,9,99,1,9,6,6,3,-1,-1,-1,-1,-1,-1,-1,-1,0,-1
2025010559615,2025,010559615,1,9,0,99,99,9,9,99,99,9,9,99,9,99,2,9,6,6,1,51,8,-1,-1,-1,-1,4,E01000869,0,2
2025010559619,2025,010559619,2,9,0,18,19,5,1,0,0,2,0,0,0,0,1,1,1,1,1,32,6,-1,-1,-1,-1,3,E01003221,0,1
2025010559619,2025,010559619,1,9,0,6,6,5,5,0,0,2,0,0,0,0,3,1,1,1,1,35,6,-1,-1,-1,-1,3,E01003221,0,1
2025010559620,2025,010559620,1,3,0,99,99,9,9,99,99,9,9,99,9,99,9,1,1,1,1,27,6,-1,-1,-1,-1,5,E01002169,0,3
2025010559620,2025,010559620,2,9,9,99,99,9,9,99,99,9,9,99,9,99,2,9,6,6,3,-1,-1,-1,-1,-1,-1,2,E01002041,0,3
2025010559621,2025,010559621,1,9,0,99,99,9,9,99,99,9,9,99,9,99,2,9,5,6,2,47,8,-1,-1,-1,-1,10,E01017815,0,3
2025010559621,2025,010559621,2,9,0,99,99,9,9,99,99,9,9,99,9,99,1,9,6,6,3,-1,-1,-1,-1,-1,-1,-1,-1,0,-1
2025010559629,2025,010559629,1,8,9,99,99,9,9,99,99,1,9,99,7,99,9,9,6,6,3,-1,-1,-1,-1,-1,-1,-1,-1,0,-1
2025010559629,2025,010559629,2,1,0,5,5,3,7,4,4,1,0,99,1,99,2,1,6,6,1,27,6,-1,-1,-1,-1,6,E01004021,0,1
2025010559634,2025,010559634,1,9,0,99,99,9,9,99,99,9,9,99,9,99,1,9,6,6,3,-1,-1,-1,-1,-1,-1,-1,-1,0,-1
2025010559635,2025,010559635,1,11,0,3,3,7,3,0,0,1,0,0,0,0,1,1,5,6,1,42,7,-1,-1,-1,-1,3,E01003922,0,1
2025010559635,2025,010559635,2,8,0,3,3,7,3,0,0,1,0,0,0,0,2,1,6,6,1,45,7,-1,-1,-1,-1,4,E01000114,0,3
2025010559636,2025,010559636,1,19,0,7,7,5,8,0,0,8,0,0,0,0,4,1,1,1,1,58,9,-1,-1,-1,-1,8,E01021620,0,4
2025010559636,2025,010559636,2,1,0,3,3,5,1,0,0,1,0,0,0,0,3,1,2,2,1,20,4,-1,-1,-1,-1,3,E01003431,0,3
2025010559637,2025,010559637,1,9,0,7,7,5,7,0,0,5,0,0,0,0,1,1,1,1,1,24,5,-1,-1,-1,-1,3,E01004036,0,1
2025010559637,2025,010559637,2,-1,0,18,19,4,8,0,0,8,0,0,0,0,4,1,6,6,1,43,7,-1,-1,-1,-1,3,E01003988,1,1
2025010559639,2025,010559639,1,9,0,11,11,5,1,0,0,0,0,0,0,0,1,1,5,6,1,56,9,-1,-1,-1,-1,3,E01026665,0,5
2025010559639,2025,010559639,2,9,0,4,4,5,1,0,0,0,1,0,0,0,2,1,1,1,1,39,7,-1,-1,-1,-1,10,E01004276,0,4
2025010559644,2025,010559644,2,9,0,9,9,5,2,0,0,5,0,0,0,0,1,1,1,1,1,28,6,-1,-1,-1,-1,4,E01030551,0,2
2025010559644,2025,010559644,1,5,0,15,15,5,1,0,0,8,0,0,0,0,1,1,6,6,1,56,9,-1,-1,-1,-1,8,E01034298,0,4
2025010559647,2025,010559647,1,1,9,99,99,9,9,0,0,1,9,99,9,99,9,1,5,6,1,22,5,-1,-1,-1,-1,4,E01035670,0,1
2025010559647,2025,010559647,2,9,9,99,99,9,9,99,99,5,9,99,9,99,1,9,6,6,3,39,7,-1,-1,-1,-1,5,E01035688,0,1
2025010559649,2025,010559649,2,9,0,2,2,0,0,9,9,0,0,0,0,0,1,1,6,6,3,-1,-1,-1,-1,-1,-1,-1,-1,0,-1
2025010559649,2025,010559649,1,9,0,6,6,5,5,0,0,0,0,4,7,0,1,1,1,1,2,53,8,-1,-1,-1,-1,6,E01003273,0,1
2025010559650,2025,010559650,1,9,0,6,6,1,1,9,9,5,0,0,3,11,2,1,1,1,1,48,8,-1,-1,-1,-1,4,E01002015,0,2
2025010559652,2025,010559652,2,19,0,99,99,9,9,99,99,9,9,99,9,99,1,9,6,6,3,33,6,-1,-1,-1,-1,4,E01004201,0,2
2025010559652,2025,010559652,1,1,9,99,99,9,9,99,99,9,9,99,9,99,9,1,5,6,1,31,6,-1,-1,-1,-1,5,E01002785,0,1
2025010559655,2025,010559655,2,9,0,99,99,9,9,99,99,9,9,99,9,99,1,9,6,6,3,-1,-1,-1,-1,-1,-1,-1,-1,0,-1
2025010559655,2025,010559655,1,3,0,99,99,9,9,99,99,9,9,99,9,99,9,1,5,6,1,42,7,-1,-1,-1,-1,4,E01003025,0,1
2025010559661,2025,010559661,2,9,0,99,99,9,9,99,99,9,9,99,9,99,9,9,6,6,3,-1,-1,-1,-1,-1,-1,-1,-1,0,-1
2025010559661,2025,010559661,1,9,0,99,99,9,9,99,99,9,9,99,9,99,1,9,2,2,1,51,8,-1,-1,-1,-1,3,E01003611,0,4
2025010559662,2025,010559662,1,3,0,18,19,1,5,0,0,0,0,11,0,0,1,1,6,6,1,21,5,-1,-1,-1,-1,-1,-1,0,-1
2025010559664,2025,010559664,3,9,0,18,19,7,3,0,0,2,0,0,0,0,0,2,6,6,2,45,7,-1,-1,-1,-1,1,E01000221,0,1
2025010559664,2025,010559664,1,3,0,16,19,7,3,0,0,6,0,0,0,0,4,1,6,6,2,53,8,-1,-1,-1,-1,1,E01000524,0,1
2025010559664,2025,010559664,2,20,0,5,5,7,3,0,0,2,0,0,0,0,1,1,1,1,1,45,7,-1,-1,-1,-1,4,E01002346,0,4
2025010559665,2025,010559665,1,8,0,7,7,5,7,0,0,6,0,0,0,0,1,1,6,6,3,-1,-1,-1,-1,-1,-1,-1,-1,0,-1
2025010559665,2025,010559665,2,1,0,18,19,7,3,0,0,8,0,0,0,0,1,1,5,6,1,21,5,-1,-1,-1,-1,6,E01004581,0,1
2025010559678,2025,010559678,2,9,9,99,99,9,9,99,99,9,9,99,9,99,9,9,6,6,3,-1,-1,-1,-1,-1,-1,-1,-1,0,-1
2025010559678,2025,010559678,1,1,9,99,99,9,9,99,99,9,9,99,9,99,9,1,2,2,2,31,6,-1,-1,-1,-1,4,E01003277,0,1
2025010559679,2025,010559679,1,3,0,99,99,9,9,99,99,9,9,99,9,99,9,1,5,6,3,45,7,-1,-1,-1,-1,10,E01000878,0,1
2025010559679,2025,010559679,2,9,0,99,99,9,9,99,99,9,9,99,9,99,1,9,6,6,3,-1,-1,-1,-1,-1,-1,-1,-1,0,-1
2025010559680,2025,010559680,2,5,0,5,5,1,5,0,0,1,0,0,0,0,2,1,6,6,1,23,5,-1,-1,-1,-1,3,E01003302,0,1
2025010559680,2025,010559680,1,21,1,3,3,1,5,0,0,1,0,0,0,0,1,1,1,1,2,26,6,-1,-1,-1,-1,3,E01000108,0,3
2025010559682,2025,010559682,2,19,0,99,99,9,9,99,99,9,9,99,9,99,1,9,6,6,3,-1,-1,-1,-1,-1,-1,-1,-1,0,-1
2025010559682,2025,010559682,1,9,0,99,99,9,9,99,99,9,9,99,9,99,2,9,6,6,2,31,6,-1,-1,-1,-1,3,E01004033,0,1
2025010559684,2025,010559684,2,9,0,99,99,9,9,99,99,9,9,99,9,99,9,9,6,6,3,-1,-1,-1,-1,-1,-1,2,E01011104,0,5
2025010559684,2025,010559684,1,1,9,99,99,9,9,99,99,9,9,99,9,99,9,1,2,2,2,31,6,-1,-1,-1,-1,3,E01035660,0,1
2025010559703,2025,010559703,1,9,0,99,99,9,9,99,99,0,9,99,9,99,1,9,2,2,2,30,6,-1,-1,-1,-1,4,E01002267,0,2
2025010559703,2025,010559703,2,19,9,99,99,9,9,99,99,0,9,8,9,99,9,9,6,6,1,-1,-1,-1,-1,-1,-1,4,E01002063,0,3
2025010559706,2025,010559706,2,9,0,99,99,9,9,99,99,9,9,99,9,99,2,9,6,6,3,53,8,-1,-1,-1,-1,3,E01003574,0,1
2025010559706,2025,010559706,1,3,0,99,99,9,9,99,99,9,9,99,9,99,1,9,1,1,1,39,7,-1,-1,-1,-1,4,E01003568,0,1
2025010559708,2025,010559708,1,19,0,99,99,9,9,99,99,9,9,99,9,99,2,9,1,1,1,40,7,-1,-1,-1,-1,1,E01016847,0,4
2025010559708,2025,010559708,2,9,0,99,99,9,9,99,99,9,9,99,9,99,1,9,6,6,3,-1,-1,-1,-1,-1,-1,-1,-1,0,-1
2025010559711,2025,010559711,1,1,0,99,99,9,9,9,9,0,9,0,9,99,1,1,6,6,3,25,5,-1,-1,-1,-1,-1,-1,0,-1
2025010559712,2025,010559712,2,9,0,99,99,9,9,99,99,9,9,99,9,99,9,9,6,6,3,-1,-1,-1,-1,-1,-1,-1,-1,0,-1
2025010559712,2025,010559712,1,3,0,99,99,9,9,99,99,9,9,99,9,99,9,1,1,1,1,24,5,-1,-1,-1,-1,5,E01000591,0,1
2025010559714,2025,010559714,2,9,0,9,9,1,7,99,99,9,9,99,9,99,1,9,6,6,3,26,6,-1,-1,-1,-1,2,E01000905,0,1
2025010559714,2025,010559714,1,1,9,18,19,5,1,99,99,9,9,99,9,99,9,1,2,2,1,22,5,-1,-1,-1,-1,2,E01000905,0,1
2025010559720,2025,010559720,1,9,0,99,99,9,9,99,99,9,9,99,9,99,2,9,6,6,3,-1,-1,-1,-1,-1,-1,-1,-1,0,-1
2025010559720,2025,010559720,2,9,9,3,3,1,5,0,0,9,9,99,0,0,2,9,6,6,3,60,9,-1,-1,-1,-1,10,E01003851,0,1
2025010559721,2025,010559721,2,1,9,99,99,9,9,99,99,9,9,99,9,99,1,1,6,6,3,-1,-1,-1,-1,-1,-1,-1,-1,0,-1
2025010559721,2025,010559721,1,1,9,99,99,9,9,99,99,9,9,99,9,99,9,1,1,1,2,59,9,-1,-1,-1,-1,5,E01004232,0,1
2025010559730,2025,010559730,1,1,0,18,19,5,1,0,0,0,0,0,0,0,4,1,6,6,1,24,5,-1,-1,-1,-1,-1,-1,0,-1
2025010559732,2025,010559732,1,11,0,99,99,9,9,99,99,9,9,99,9,99,9,9,6,6,3,-1,-1,-1,-1,-1,-1,-1,-1,0,-1
2025010559734,2025,010559734,1,-1,0,5,5,5,1,9,9,0,0,0,1,0,1,1,5,6,1,70,10,-1,-1,-1,-1,2,E01003059,1,1
2025010559738,2025,010559738,1,9,0,99,99,9,9,99,99,9,9,99,9,99,9,9,5,6,1,37,7,-1,-1,-1,-1,4,E01002444,0,1
2025010559738,2025,010559738,2,9,9,18,19,3,7,99,99,4,9,0,9,99,4,9,6,6,3,-1,-1,-1,-1,-1,-1,-1,-1,0,-1
2025010559741,2025,010559741,1,21,1,18,19,7,3,0,0,0,0,0,0,0,0,1,1,1,1,50,8,-1,-1,-1,-1,-1,-1,0,-1
2025010559741,2025,010559741,2,19,0,18,19,7,3,0,0,0,0,0,0,0,1,1,1,1,1,50,8,-1,-1,-1,-1,-1,-1,0,-1
2025010559742,2025,010559742,1,11,0,5,5,3,7,0,0,0,0,0,0,0,0,1,1,1,1,65,9,-1,-1,-1,-1,4,E01003999,0,3
2025010559745,2025,010559745,1,9,0,5,5,1,5,0,0,1,0,0,0,0,1,1,5,6,1,62,9,-1,-1,-1,-1,-1,-1,0,-1
2025010559745,2025,010559745,2,3,0,5,5,3,7,0,0,1,0,0,0,0,1,1,5,6,1,50,8,-1,-1,-1,-1,-1,-1,0,-1
2025010559747,2025,010559747,1,9,0,4,4,7,3,0,0,1,0,0,0,0,1,1,6,6,1,25,5,-1,-1,-1,-1,-1,-1,0,-1
2025010559750,2025,010559750,1,9,0,99,99,9,9,99,99,9,9,99,9,99,9,9,6,6,3,-1,-1,-1,-1,-1,-1,-1,-1,0,-1
2025010559758,2025,010559758,2,1,0,9,9,5,2,0,0,6,0,0,0,0,3,1,5,6,1,13,3,-1,-1,-1,-1,4,E01002707,0,1
2025010559758,2025,010559758,1,9,0,18,19,1,5,0,0,1,0,0,0,0,1,1,6,6,1,19,4,-1,-1,-1,-1,6,E01015740,0,4
2025010559759,2025,010559759,1,9,0,18,19,7,3,0,0,8,0,0,0,0,4,1,5,6,1,58,9,-1,-1,-1,-1,6,E01003705,0,1
2025010559759,2025,010559759,2,11,0,18,19,1,5,0,0,8,0,0,0,0,1,1,1,1,1,52,8,-1,-1,-1,-1,8,E01016148,0,4
2025010559763,2025,010559763,2,3,0,18,19,5,1,0,0,0,0,0,1,0,1,1,6,6,3,-1,-1,-1,-1,-1,-1,-1,-1,0,-1
2025010559763,2025,010559763,1,3,0,14,14,1,5,0,0,0,0,0,0,0,4,1,5,6,1,30,6,-1,-1,-1,-1,2,E01001687,0,2
2025010559764,2025,010559764,2,3,0,-1,-1,5,1,0,0,8,2,0,0,0,3,1,1,1,1,35,6,-1,-1,-1,-1,3,E01003589,0,2
2025010559764,2025,010559764,1,9,0,5,5,3,7,0,0,8,0,0,0,0,1,1,2,2,1,41,7,-1,-1,-1,-1,2,E01000075,0,1
2025010559769,2025,010559769,2,3,0,99,99,9,9,99,99,9,9,99,9,99,2,1,6,6,3,-1,-1,-1,-1,-1,-1,-1,-1,0,-1
2025010559769,2025,010559769,1,9,0,99,99,9,9,99,99,9,9,99,9,99,2,9,5,6,2,51,8,-1,-1,-1,-1,1,E01000643,0,1
2025010559774,2025,010559774,1,9,0,9,9,3,1,0,0,8,1,0,0,0,3,1,1,1,1,55,8,-1,-1,-1,-1,5,E01002549,0,4
2025010559774,2025,010559774,2,19,0,13,13,3,7,0,0,8,0,0,0,0,4,1,1,1,1,38,7,-1,-1,-1,-1,3,E01003917,0,2
2025010559776,2025,010559776,1,9,0,18,19,7,3,0,0,1,5,7,7,2,1,1,5,6,1,21,5,-1,-1,-1,-1,5,E01033916,0,1
2025010559778,2025,010559778,1,9,0,-1,-1,5,1,0,0,3,0,10,0,0,0,1,5,6,1,53,8,-1,-1,-1,-1,2,E01000126,0,1
2025010559779,2025,010559779,1,8,0,-1,-1,1,5,0,0,8,0,0,0,0,1,1,1,1,1,40,7,-1,-1,-1,-1,4,E01000497,0,1
2025010559779,2025,010559779,2,1,0,9,9,7,5,0,0,6,0,0,0,0,1,1,5,6,1,13,3,-1,-1,-1,-1,6,E01000244,0,1
2025010559780,2025,010559780,1,11,0,18,19,5,1,2,2,2,0,0,0,0,0,1,1,1,2,58,9,-1,-1,-1,-1,2,E01001320,0,3
2025010559784,2025,010559784,1,19,0,4,4,6,2,0,0,2,0,0,0,0,1,1,1,1,1,57,9,-1,-1,-1,-1,2,E01002087,0,1
2025010559787,2025,010559787,2,19,4,3,3,1,5,0,0,1,0,0,0,0,2,1,1,1,1,48,8,-1,-1,-1,-1,5,E01017600,0,4
2025010559787,2025,010559787,3,90,0,4,4,1,5,0,0,1,0,0,0,0,1,1,1,1,1,34,6,-1,-1,-1,-1,4,E01003043,0,2
2025010559787,2025,010559787,1,9,0,3,3,1,5,0,0,1,0,0,0,0,2,1,2,2,1,55,8,-1,-1,-1,-1,2,E01003049,0,2
2025010559788,2025,010559788,1,9,0,17,19,1,5,0,0,1,0,0,0,0,1,1,6,6,1,60,9,-1,-1,-1,-1,2,E01023339,0,1
2025010559788,2025,010559788,2,19,0,18,19,5,1,0,0,6,0,0,0,0,1,1,6,6,1,53,8,-1,-1,-1,-1,3,E01033150,0,1
2025010559791,2025,010559791,2,9,0,5,5,5,1,0,0,4,9,4,0,0,1,1,6,6,3,-1,-1,-1,-1,-1,-1,-1,-1,0,-1
2025010559791,2025,010559791,1,1,0,3,3,1,5,0,0,4,0,10,0,0,2,1,2,2,1,42,7,-1,-1,-1,-1,6,E01002489,0,1
2025010559795,2025,010559795,2,1,0,18,19,7,3,9,9,8,0,0,0,0,4,1,6,6,1,63,9,-1,-1,-1,-1,3,E01003634,0,2
2025010559795,2025,010559795,1,19,0,9,9,7,4,0,0,8,0,0,0,0,1,1,1,1,1,45,7,-1,-1,-1,-1,2,E01033737,0,1
2025010559799,2025,010559799,2,9,0,99,99,9,9,99,99,9,9,99,9,99,9,9,6,6,3,-1,-1,-1,-1,-1,-1,-1,-1,0,-1
2025010559799,2025,010559799,1,3,0,99,99,9,9,99,99,9,9,99,9,99,9,1,5,6,1,50,8,-1,-1,-1,-1,3,E01001492,0,1
2025010559800,2025,010559800,1,9,0,99,99,9,9,99,99,9,9,99,9,99,1,9,6,6,3,-1,-1,-1,-1,-1,-1,-1,-1,0,-1
2025010559810,2025,010559810,1,9,0,18,19,7,3,0,0,1,0,0,0,0,1,1,6,6,3,-1,-1,-1,-1,-1,-1,-1,-1,0,-1
2025010559812,2025,010559812,1,90,0,17,19,7,5,0,0,3,2,10,0,0,4,1,1,1,1,35,6,-1,-1,-1,-1,6,E01023554,0,3
2025010559815,2025,010559815,2,9,0,99,99,9,9,99,99,0,9,99,9,99,9,1,6,6,3,-1,-1,-1,-1,-1,-1,-1,-1,0,-1
2025010559815,2025,010559815,1,9,9,99,99,9,9,99,99,0,9,99,9,99,9,1,5,6,1,59,9,-1,-1,-1,-1,4,E01033745,0,4
2025010559817,2025,010559817,1,9,0,18,19,5,1,0,0,1,0,0,0,0,1,1,6,6,1,32,6,-1,-1,-1,-1,4,E01016003,0,4
2025010559817,2025,010559817,2,9,0,9,9,6,5,0,0,6,0,0,0,0,4,1,6,6,1,22,5,-1,-1,-1,-1,8,E01032577,0,1
2025010559820,2025,010559820,2,9,0,13,13,9,9,99,99,0,9,99,9,99,1,1,6,6,3,-1,-1,-1,-1,-1,-1,-1,-1,0,-1
2025010559820,2025,010559820,1,1,9,18,19,9,9,99,99,0,9,99,9,99,2,1,2,2,1,18,4,-1,-1,-1,-1,5,E01003344,0,1
2025010559822,2025,010559822,1,3,0,5,5,1,5,0,0,1,0,0,0,0,3,1,2,2,2,38,7,-1,-1,-1,-1,9,E01004155,0,3
2025010559822,2025,010559822,2,19,0,5,5,1,5,0,0,1,0,0,0,0,4,1,5,6,1,32,6,-1,-1,-1,-1,5,E01021814,0,4
2025010559826,2025,010559826,2,3,0,99,99,9,9,99,99,9,9,99,9,99,1,9,6,6,3,-1,-1,-1,-1,-1,-1,2,E01004537,0,1
2025010559826,2025,010559826,1,1,9,99,99,9,9,99,99,9,9,99,9,99,1,1,2,2,2,34,6,-1,-1,-1,-1,2,E01004537,0,1
2025010559836,2025,010559836,1,1,0,10,10,7,5,0,0,8,0,0,0,0,1,1,1,1,1,49,8,-1,-1,-1,-1,4,E01034613,0,4
2025010559836,2025,010559836,2,19,0,9,9,5,3,0,0,6,0,0,0,0,1,1,1,1,1,39,7,-1,-1,-1,-1,2,E01003175,0,2
2025010559837,2025,010559837,1,9,0,99,99,9,9,0,0,0,9,99,9,99,9,9,2,2,2,23,5,-1,-1,-1,-1,5,E01023542,0,3
2025010559837,2025,010559837,2,21,1,99,99,9,9,0,0,0,9,99,9,99,9,9,6,6,1,36,7,-1,-1,-1,-1,4,E01007160,0,5
2025010559844,2025,010559844,2,9,0,99,99,9,9,99,99,9,9,99,9,99,9,9,6,6,3,-1,-1,-1,-1,-1,-1,-1,-1,0,-1
2025010559844,2025,010559844,1,1,9,99,99,9,9,99,99,9,9,99,9,99,9,1,2,2,1,27,6,-1,-1,-1,-1,5,E01003166,0,1
2025010559845,2025,010559845,1,11,0,18,19,3,7,0,0,2,0,0,0,0,1,1,1,1,1,53,8,-1,-1,-1,-1,3,E01033597,0,3
2025010559849,2025,010559849,1,19,0,9,9,3,1,0,0,8,0,0,0,0,1,2,1,1,1,52,8,-1,-1,-1,-1,4,E01004259,0,1
2025010559849,2025,010559849,2,1,0,-1,-1,1,5,0,0,8,0,0,0,0,1,1,5,6,2,36,7,-1,-1,-1,-1,3,E01004240,0,1
2025010559851,2025,010559851,2,4,0,18,19,7,3,0,0,0,0,0,0,0,4,1,1,1,1,31,6,-1,-1,-1,-1,2,E01000544,0,1
2025010559851,2025,010559851,1,5,0,18,19,7,3,0,0,0,0,0,0,0,1,1,5,6,1,42,7,-1,-1,-1,-1,3,E01001239,0,2
2025010559857,2025,010559857,1,9,9,99,99,9,9,99,99,9,9,99,9,99,2,9,5,6,2,18,4,-1,-1,-1,-1,1,E01008096,0,5
2025010559857,2025,010559857,2,9,9,99,99,9,9,99,99,9,9,99,9,99,9,9,6,6,3,-1,-1,-1,-1,-1,-1,-1,-1,0,-1
2025010559861,2025,010559861,1,9,0,99,99,9,9,99,99,9,9,99,9,99,9,9,5,6,2,43,7,-1,-1,-1,-1,8,E01001580,0,1
2025010559861,2025,010559861,2,9,0,99,99,9,9,99,99,9,9,99,9,99,9,9,6,6,3,-1,-1,-1,-1,-1,-1,2,E01001655,0,1
2025010559862,2025,010559862,2,1,0,18,19,5,1,0,0,0,0,4,0,0,1,1,6,6,1,19,4,-1,-1,-1,-1,5,E01001157,0,1
2025010559862,2025,010559862,1,9,0,2,2,0,0,0,0,0,0,0,0,0,2,1,6,6,3,-1,-1,-1,-1,-1,-1,-1,-1,0,-1
2025010559864,2025,010559864,1,9,0,99,99,9,9,99,99,9,9,99,9,99,3,9,5,6,1,45,7,-1,-1,-1,-1,5,E01000606,0,1
2025010559864,2025,010559864,2,9,0,99,99,9,9,99,99,9,9,99,9,99,1,9,6,6,3,-1,-1,-1,-1,-1,-1,3,E01001338,0,2
2025010559866,2025,010559866,2,11,0,9,9,3,1,0,0,8,0,0,0,0,1,1,1,1,1,43,7,-1,-1,-1,-1,7,E01002514,0,1
2025010559866,2025,010559866,1,9,3,5,5,1,5,0,0,8,0,0,0,0,1,1,5,6,1,17,4,-1,-1,-1,-1,9,E01002539,0,2
2025010559869,2025,010559869,2,9,0,18,19,1,5,0,0,8,0,0,0,0,1,1,5,6,2,45,7,-1,-1,-1,-1,-1,-1,0,-1
2025010559869,2025,010559869,1,1,0,9,9,3,1,0,0,8,0,0,0,0,3,1,2,2,1,29,6,-1,-1,-1,-1,7,E01002962,0,1
2025010559872,2025,010559872,1,9,0,99,99,9,9,99,99,9,9,99,9,99,1,9,6,6,3,-1,-1,-1,-1,-1,-1,-1,-1,0,-1
2025010559874,2025,010559874,2,19,0,18,19,1,5,0,0,8,0,0,0,0,1,1,6,6,3,-1,-1,-1,-1,-1,-1,-1,-1,0,-1
2025010559874,2025,010559874,1,3,0,18,19,1,5,0,0,2,0,0,0,0,2,1,6,6,1,22,5,-1,-1,-1,-1,6,E01003435,0,1
2025010559876,2025,010559876,1,9,0,99,99,9,9,99,99,9,9,99,9,99,1,9,6,6,3,-1,-1,-1,-1,-1,-1,-1,-1,0,-1
2025010559877,2025,010559877,1,-1,9,99,99,9,9,99,99,9,9,99,9,99,9,9,6,6,2,21,5,-1,-1,-1,-1,3,E01003993,1,1
2025010559877,2025,010559877,2,1,9,99,99,9,9,99,99,9,9,99,9,99,1,1,6,6,1,-1,-1,-1,-1,-1,-1,-1,-1,0,-1
2025010559878,2025,010559878,1,3,0,99,99,9,9,99,99,0,9,99,9,99,9,1,2,2,2,59,9,-1,-1,-1,-1,3,E01001011,0,2
2025010559878,2025,010559878,2,9,0,99,99,9,9,99,99,0,9,99,9,99,9,9,6,6,1,-1,-1,-1,-1,-1,-1,-1,-1,0,-1
2025010559880,2025,010559880,2,9,0,99,99,9,9,99,99,9,9,99,9,99,1,9,6,6,3,-1,-1,-1,-1,-1,-1,-1,-1,0,-1
2025010559880,2025,010559880,1,3,0,99,99,9,9,99,99,9,9,99,9,99,1,1,1,1,1,28,6,-1,-1,-1,-1,7,E01033463,0,1
2025010559882,2025,010559882,1,3,0,99,99,9,9,99,99,0,9,99,9,99,9,1,2,2,1,26,6,-1,-1,-1,-1,8,E01034365,0,4
2025010559882,2025,010559882,2,9,0,99,99,9,9,99,99,0,9,99,9,99,1,9,6,6,3,-1,-1,-1,-1,-1,-1,2,E01001850,0,1
2025010559883,2025,010559883,2,9,0,99,99,9,9,99,99,9,9,99,9,99,1,9,6,6,3,-1,-1,-1,-1,-1,-1,-1,-1,0,-1
2025010559883,2025,010559883,1,9,0,99,99,9,9,99,99,9,9,99,9,99,2,9,5,6,2,46,8,-1,-1,-1,-1,9,E01003669,0,1