collision_index,collision_year,collision_ref_no,vehicle_reference,vehicle_type,towing_and_articulation,vehicle_manoeuvre_historic,vehicle_manoeuvre,vehicle_direction_from,vehicle_direction_to,vehicle_location_restricted_lane_historic,vehicle_location_restricted_lane,junction_location,skidding_and_overturning,hit_object_in_carriageway,vehicle_leaving_carriageway,hit_object_off_carriageway,first_point_of_impact,vehicle_left_hand_drive,journey_purpose_of_driver_historic,journey_purpose_of_driver,sex_of_driver,age_of_driver,age_band_of_driver,engine_capacity_cc,propulsion_code,age_of_vehicle,generic_make_model,driver_imd_decile,lsoa_of_driver,escooter_flag,driver_distance_banding
2025010559886,2025,010559886,1,3,0,18,19,7,3,0,0,8,5,0,0,0,4,1,1,1,1,34,6,-1,-1,-1,-1,2,E01001978,0,3
2025010559886,2025,010559886,2,9,0,9,9,3,1,7,6,1,0,0,0,0,4,1,1,1,1,57,9,-1,-1,-1,-1,2,E01016140,0,4
2025010559888,2025,010559888,1,11,0,18,19,1,5,2,2,1,0,0,0,0,0,1,1,1,1,57,9,-1,-1,-1,-1,4,E01003043,0,1
2025010559889,2025,010559889,1,1,9,99,99,9,9,4,4,9,9,99,9,99,1,1,2,2,1,33,6,-1,-1,-1,-1,8,E01001919,0,1
2025010559889,2025,010559889,2,3,0,99,99,9,9,99,99,9,9,99,9,99,9,1,6,6,3,-1,-1,-1,-1,-1,-1,-1,-1,0,-1
2025010559890,2025,010559890,2,1,9,99,99,9,9,99,99,9,9,99,9,99,1,1,6,6,1,-1,-1,-1,-1,-1,-1,-1,-1,0,-1
2025010559890,2025,010559890,1,1,9,99,99,9,9,99,99,9,9,99,9,99,1,1,5,6,2,29,6,-1,-1,-1,-1,-1,-1,0,-1
2025010559893,2025,010559893,1,3,0,18,19,5,1,0,0,1,0,0,0,0,1,1,1,1,1,24,5,-1,-1,-1,-1,8,E01023897,0,3
2025010559893,2025,010559893,2,9,0,3,3,5,1,0,0,1,0,0,0,0,2,1,6,6,1,46,8,-1,-1,-1,-1,-1,-1,0,-1
2025010559897,2025,010559897,1,9,0,18,19,1,5,0,0,1,0,0,0,0,4,1,6,6,1,25,5,-1,-1,-1,-1,-1,-1,0,-1
2025010559897,2025,010559897,2,9,0,3,3,1,5,0,0,1,0,0,0,0,0,1,6,6,3,-1,-1,-1,-1,-1,-1,-1,-1,0,-1
2025010559902,2025,010559902,1,9,0,18,19,5,1,0,0,1,0,0,0,0,1,1,1,1,1,32,6,-1,-1,-1,-1,4,E01001252,0,1
2025010559902,2025,010559902,2,19,0,18,19,1,5,0,0,1,0,0,0,0,1,1,1,1,1,40,7,-1,-1,-1,-1,6,E01035323,0,4
2025010559907,2025,010559907,2,9,0,99,99,9,9,99,99,0,9,99,9,99,9,9,6,6,3,-1,-1,-1,-1,-1,-1,-1,-1,0,-1
2025010559907,2025,010559907,1,2,0,99,99,9,9,99,99,0,9,99,9,99,9,1,2,2,3,37,7,-1,-1,-1,-1,5,E01004601,0,1
2025010559908,2025,010559908,1,3,0,99,99,9,9,99,99,9,9,99,9,99,9,1,2,2,1,41,7,-1,-1,-1,-1,4,E01000618,0,1
2025010559910,2025,010559910,1,9,0,10,10,4,1,0,0,1,0,0,0,0,1,1,5,6,1,60,9,-1,-1,-1,-1,-1,-1,0,-1
2025010559910,2025,010559910,2,3,0,18,19,8,4,0,0,1,0,0,0,0,1,1,6,6,1,24,5,-1,-1,-1,-1,4,E01004437,0,4
2025010559911,2025,010559911,1,9,0,18,19,5,1,0,0,0,0,0,0,0,1,1,5,6,2,43,7,-1,-1,-1,-1,6,E01001070,0,1
2025010559911,2025,010559911,2,9,0,6,6,3,3,0,0,0,0,0,0,0,4,1,5,6,1,34,6,-1,-1,-1,-1,3,E01001180,0,2
2025010559913,2025,010559913,2,9,0,5,5,3,7,0,0,1,0,0,0,0,4,1,6,6,3,-1,-1,-1,-1,-1,-1,-1,-1,0,-1
2025010559913,2025,010559913,1,1,0,18,19,7,3,0,0,2,0,0,0,0,4,1,5,6,1,38,7,-1,-1,-1,-1,3,E01003124,0,1
2025010559914,2025,010559914,1,9,0,4,4,2,6,0,0,0,0,0,0,0,1,1,5,6,1,62,9,-1,-1,-1,-1,5,E01002169,0,1
2025010559918,2025,010559918,2,9,0,18,19,1,5,0,0,0,0,0,0,0,1,1,5,6,1,54,8,-1,-1,-1,-1,9,E01000773,0,1
2025010559918,2025,010559918,1,9,0,18,19,1,5,0,0,0,0,0,0,0,1,1,5,6,1,79,11,-1,-1,-1,-1,9,E01000716,0,1
2025010559918,2025,010559918,3,9,0,18,19,1,5,0,0,0,0,0,0,0,1,1,5,6,1,24,5,-1,-1,-1,-1,9,E01000673,0,1
2025010559918,2025,010559918,4,9,0,2,2,0,0,0,0,0,0,0,0,0,1,1,6,6,3,-1,-1,-1,-1,-1,-1,-1,-1,0,-1
2025010559925,2025,010559925,1,8,0,18,19,7,3,0,0,8,0,0,0,0,3,2,1,1,1,61,9,-1,-1,-1,-1,6,E01024783,0,4
2025010559925,2025,010559925,2,1,0,18,19,5,1,0,0,8,0,0,0,0,1,1,5,6,1,21,5,-1,-1,-1,-1,2,E01033879,0,2
2025010559935,2025,010559935,1,9,0,16,19,5,1,9,9,1,0,10,0,0,1,1,6,6,1,28,6,-1,-1,-1,-1,5,E01033083,0,1
2025010559937,2025,010559937,1,20,0,9,9,1,7,0,0,8,0,0,0,0,1,1,6,6,3,-1,-1,-1,-1,-1,-1,-1,-1,0,-1
2025010559938,2025,010559938,1,3,0,99,99,9,9,99,99,9,9,8,9,99,9,1,1,1,1,27,6,-1,-1,-1,-1,2,E01001328,0,1
2025010559938,2025,010559938,2,9,0,99,99,9,9,99,99,9,9,99,9,99,9,9,6,6,3,-1,-1,-1,-1,-1,-1,8,E01011350,0,5
2025010559943,2025,010559943,2,1,0,18,19,7,3,0,0,1,0,0,0,0,1,1,2,2,1,40,7,-1,-1,-1,-1,2,E01001263,0,2
2025010559943,2025,010559943,1,9,0,10,10,7,4,0,0,2,0,0,0,0,1,1,2,2,1,34,6,-1,-1,-1,-1,7,E01002679,0,1
2025010559948,2025,010559948,2,9,0,99,99,9,9,99,99,9,9,99,9,99,1,9,6,6,3,-1,-1,-1,-1,-1,-1,-1,-1,0,-1
2025010559948,2025,010559948,1,1,9,99,99,9,9,99,99,9,9,99,9,99,9,1,2,2,2,45,7,-1,-1,-1,-1,10,E01016619,0,4
2025010559956,2025,010559956,1,9,0,99,99,9,9,99,99,0,9,99,9,99,1,9,6,6,2,57,9,-1,-1,-1,-1,2,E01000064,0,1
2025010559957,2025,010559957,1,3,0,99,99,9,9,99,99,9,9,99,9,99,1,1,1,1,1,27,6,-1,-1,-1,-1,5,E01000747,0,3
2025010559957,2025,010559957,2,9,0,99,99,9,9,99,99,9,9,99,9,99,9,9,6,6,3,-1,-1,-1,-1,-1,-1,-1,-1,0,-1
2025010559976,2025,010559976,2,9,0,18,19,1,5,0,0,0,0,0,0,0,1,1,6,6,2,58,9,-1,-1,-1,-1,4,E01000961,0,1
2025010559976,2025,010559976,1,19,0,15,15,5,1,0,0,0,0,0,0,0,1,1,6,6,1,46,8,-1,-1,-1,-1,3,E01001712,0,3
2025010559979,2025,010559979,1,9,0,99,99,9,9,99,99,9,9,99,9,99,2,9,2,2,1,54,8,-1,-1,-1,-1,4,E01004368,0,1
2025010559979,2025,010559979,2,8,0,99,99,9,9,99,99,9,9,99,9,99,1,9,6,6,3,-1,-1,-1,-1,-1,-1,5,E01021790,0,3
2025010559980,2025,010559980,1,1,9,99,99,9,9,4,4,1,9,99,9,99,1,1,2,2,1,27,6,-1,-1,-1,-1,6,E01004050,0,1
2025010559980,2025,010559980,2,9,0,99,99,9,9,99,99,5,9,99,9,99,9,9,6,6,3,59,9,-1,-1,-1,-1,3,E01003598,0,2
2025010559981,2025,010559981,2,4,0,10,10,2,8,0,0,5,0,0,0,0,1,1,1,1,1,48,8,-1,-1,-1,-1,2,E01000941,0,1
2025010559981,2025,010559981,1,9,0,10,10,7,6,0,0,6,0,0,0,0,1,1,1,1,2,67,10,-1,-1,-1,-1,3,E01004023,0,1
2025010559988,2025,010559988,3,9,0,18,19,3,7,0,0,1,0,0,0,0,1,1,1,1,1,34,6,-1,-1,-1,-1,-1,-1,0,-1
2025010559988,2025,010559988,2,4,0,16,19,1,5,0,0,2,5,0,0,0,1,1,6,6,1,28,6,-1,-1,-1,-1,8,E01004479,0,1
2025010559988,2025,010559988,1,9,0,16,19,1,5,0,0,2,0,0,0,0,0,1,1,1,1,33,6,-1,-1,-1,-1,-1,-1,0,-1
2025010559990,2025,010559990,1,19,0,1,1,5,7,0,0,1,0,0,0,0,2,1,5,6,1,36,7,-1,-1,-1,-1,8,E01035180,0,4
2025010559992,2025,010559992,1,1,9,99,99,9,9,99,99,9,9,99,9,99,2,1,3,7,2,38,7,-1,-1,-1,-1,5,E01003547,0,1
2025010559992,2025,010559992,2,9,0,99,99,9,9,99,99,9,9,99,9,99,1,9,6,6,3,-1,-1,-1,-1,-1,-1,-1,-1,0,-1
2025010559993,2025,010559993,1,9,0,99,99,9,9,99,99,9,9,99,9,99,9,9,6,6,3,-1,-1,-1,-1,-1,-1,-1,-1,0,-1
2025010559996,2025,010559996,1,1,0,18,19,5,1,0,0,1,0,0,0,0,1,1,5,6,1,15,3,-1,-1,-1,-1,2,E01001653,0,3
2025010560003,2025,010560003,2,9,0,99,99,9,9,99,99,9,9,99,9,99,9,9,6,6,3,-1,-1,-1,-1,-1,-1,7,E01000845,0,1
2025010560003,2025,010560003,1,3,0,99,99,9,9,99,99,9,9,99,9,99,9,1,1,1,1,27,6,-1,-1,-1,-1,4,E01000634,0,2
2025010560005,2025,010560005,2,9,9,99,99,9,9,0,0,9,9,99,0,0,9,9,6,6,3,-1,-1,-1,-1,-1,-1,-1,-1,0,-1
2025010560005,2025,010560005,1,3,0,99,99,9,9,0,0,1,0,99,0,0,9,1,1,1,1,24,5,-1,-1,-1,-1,8,E01002372,0,1
2025010560006,2025,010560006,2,9,0,2,2,0,0,9,9,0,0,0,0,0,2,1,6,6,3,-1,-1,-1,-1,-1,-1,-1,-1,0,-1
2025010560006,2025,010560006,1,9,0,18,19,1,5,0,0,0,5,4,0,0,1,1,6,6,1,80,11,-1,-1,-1,-1,5,E01001194,0,1
2025010560009,2025,010560009,2,3,0,-1,-1,3,7,0,0,2,1,0,0,0,4,1,5,6,1,17,4,-1,-1,-1,-1,5,E01009580,0,5
2025010560009,2025,010560009,1,19,0,5,5,3,7,0,0,2,0,0,0,0,3,1,1,1,1,44,7,-1,-1,-1,-1,3,E01010253,0,5
2025010560011,2025,010560011,1,9,0,9,9,8,5,0,0,4,0,0,0,0,1,1,5,6,1,77,11,-1,-1,-1,-1,5,E01013733,0,5
2025010560011,2025,010560011,2,9,0,-1,-1,3,7,0,0,4,0,0,0,0,1,1,2,2,2,56,9,-1,-1,-1,-1,3,E01002627,0,1
2025010560012,2025,010560012,1,9,9,99,99,9,9,99,99,9,9,99,9,99,9,1,6,6,3,-1,-1,-1,-1,-1,-1,-1,-1,0,-1
2025010560019,2025,010560019,2,9,0,99,99,9,9,99,99,9,9,99,9,99,9,9,6,6,3,-1,-1,-1,-1,-1,-1,8,E01004147,0,2
2025010560019,2025,010560019,1,1,9,99,99,9,9,99,99,9,9,99,9,99,1,1,2,2,1,32,6,-1,-1,-1,-1,6,E01004621,0,1
2025010560021,2025,010560021,1,1,0,18,19,1,5,0,0,8,0,11,0,0,1,1,6,6,3,25,5,-1,-1,-1,-1,-1,-1,0,-1
2025010560024,2025,010560024,1,11,0,5,5,5,1,2,2,2,0,0,0,0,0,1,1,1,1,26,6,-1,-1,-1,-1,2,E01004407,0,1
2025010560026,2025,010560026,1,9,0,9,9,1,6,0,0,5,0,0,0,0,1,1,5,6,1,19,4,-1,-1,-1,-1,6,E01000140,0,1
2025010560026,2025,010560026,2,1,0,-1,-1,5,1,9,9,8,1,0,0,0,1,1,5,6,1,12,3,-1,-1,-1,-1,4,E01000229,0,2
2025010560034,2025,010560034,1,9,0,-1,-1,3,7,0,0,1,0,0,0,0,1,1,6,6,3,-1,-1,-1,-1,-1,-1,-1,-1,0,-1
2025010560038,2025,010560038,2,9,0,99,99,9,9,99,99,9,9,99,9,99,1,9,6,6,1,35,6,-1,-1,-1,-1,8,E01030622,0,4
2025010560038,2025,010560038,1,9,0,99,99,9,9,99,99,9,9,99,9,99,2,9,5,6,1,48,8,-1,-1,-1,-1,4,E01004747,0,1
2025010560040,2025,010560040,1,9,0,4,4,7,3,0,0,1,0,0,0,0,0,1,5,6,2,64,9,-1,-1,-1,-1,10,E01030540,0,4
2025010560040,2025,010560040,2,1,0,15,15,7,3,0,0,1,5,0,1,0,1,1,5,6,1,44,7,-1,-1,-1,-1,3,E01035499,0,1
2025010560041,2025,010560041,1,19,0,99,99,9,9,99,99,0,9,99,9,99,9,9,6,6,1,41,7,-1,-1,-1,-1,7,E01004493,0,1
2025010560044,2025,010560044,1,9,0,18,19,6,2,0,0,0,0,0,0,0,1,1,5,6,2,52,8,-1,-1,-1,-1,5,E01004071,0,1
2025010560045,2025,010560045,1,9,0,16,19,3,7,0,0,0,0,10,2,2,1,1,6,6,2,27,6,-1,-1,-1,-1,5,E01002245,0,1
2025010560046,2025,010560046,1,5,0,18,19,7,3,0,0,0,0,0,0,0,1,1,2,2,1,49,8,-1,-1,-1,-1,3,E01002276,0,3
2025010560048,2025,010560048,2,1,0,-1,-1,5,1,0,0,8,0,0,0,0,4,1,2,2,1,20,4,-1,-1,-1,-1,2,E01000627,0,1
2025010560048,2025,010560048,1,9,0,9,9,1,7,0,0,8,0,0,0,0,1,1,5,6,1,24,5,-1,-1,-1,-1,1,E01000601,0,1
2025010560051,2025,010560051,2,1,0,-1,-1,7,3,0,0,2,5,0,0,0,4,1,1,1,1,28,6,-1,-1,-1,-1,5,E01000519,0,3
2025010560051,2025,010560051,1,9,0,-1,-1,1,5,0,0,2,0,0,0,0,1,1,1,1,1,48,8,-1,-1,-1,-1,4,E01003014,0,1
2025010560053,2025,010560053,1,5,0,9,9,8,7,0,0,2,0,0,0,0,1,1,2,2,1,56,9,-1,-1,-1,-1,7,E01004164,0,3
2025010560053,2025,010560053,2,9,0,9,9,6,3,0,0,2,0,0,0,0,1,1,6,6,1,39,7,-1,-1,-1,-1,4,E01000134,0,3
2025010560057,2025,010560057,2,9,0,18,19,6,2,0,0,0,0,0,0,0,0,1,1,1,1,60,9,-1,-1,-1,-1,6,E01000631,0,2
2025010560057,2025,010560057,1,23,0,18,19,2,6,0,0,0,0,0,0,0,1,1,2,2,2,35,6,-1,-1,-1,-1,7,E01002176,0,1
2025010560059,2025,010560059,1,1,9,99,99,9,9,4,4,9,9,99,9,99,1,1,5,6,1,32,6,-1,-1,-1,-1,3,E01035674,0,1
2025010560061,2025,010560061,1,9,0,99,99,9,9,99,99,0,9,99,9,99,1,9,5,6,1,48,8,-1,-1,-1,-1,2,E01004244,0,1
2025010560061,2025,010560061,2,9,0,99,99,9,9,99,99,0,9,99,9,99,1,9,6,6,1,23,5,-1,-1,-1,-1,4,E01000947,0,2
2025010560064,2025,010560064,1,9,0,18,19,1,5,0,0,3,0,10,7,1,1,1,5,6,1,84,11,-1,-1,-1,-1,9,E01000658,0,2
2025010560065,2025,010560065,1,9,0,10,10,1,6,0,0,1,0,0,0,0,1,1,5,6,1,52,8,-1,-1,-1,-1,-1,-1,0,-1
2025010560065,2025,010560065,2,3,0,5,5,7,3,0,0,1,0,0,0,0,1,1,6,6,1,42,7,-1,-1,-1,-1,-1,-1,0,-1
2025010560066,2025,010560066,1,9,0,18,19,1,5,0,0,1,0,0,0,0,2,1,1,1,1,60,9,-1,-1,-1,-1,10,E01024733,0,3
2025010560066,2025,010560066,2,9,0,18,19,1,5,0,0,1,1,0,0,0,3,1,2,2,1,23,5,-1,-1,-1,-1,3,E01024482,0,3
2025010560067,2025,010560067,2,9,0,99,99,9,9,99,99,9,9,99,9,99,1,9,6,6,3,-1,-1,-1,-1,-1,-1,-1,-1,0,-1
2025010560067,2025,010560067,1,9,0,99,99,9,9,99,99,9,9,99,9,99,9,9,2,2,1,57,9,-1,-1,-1,-1,1,E01030249,0,5
2025010560071,2025,010560071,2,9,0,2,2,0,0,0,0,0,0,0,0,0,1,1,6,6,3,-1,-1,-1,-1,-1,-1,-1,-1,0,-1
2025010560071,2025,010560071,3,9,0,2,2,0,0,0,0,0,0,0,0,0,0,1,6,6,3,-1,-1,-1,-1,-1,-1,-1,-1,0,-1
2025010560071,2025,010560071,1,9,4,18,19,2,6,0,0,0,5,4,0,0,1,1,6,6,3,25,5,-1,-1,-1,-1,-1,-1,0,-1
2025010560071,2025,010560071,4,9,0,2,2,0,0,0,0,0,0,0,0,0,0,1,6,6,3,-1,-1,-1,-1,-1,-1,-1,-1,0,-1
2025010560074,2025,010560074,2,98,0,99,99,9,9,99,99,9,9,99,9,99,1,9,6,6,3,-1,-1,-1,-1,-1,-1,-1,-1,0,-1
2025010560074,2025,010560074,1,9,0,99,99,9,9,99,99,9,9,99,9,99,9,9,2,2,2,60,9,-1,-1,-1,-1,5,E01001105,0,2
2025010560076,2025,010560076,1,3,0,14,14,3,7,0,0,0,0,0,0,0,1,1,6,6,1,25,5,-1,-1,-1,-1,6,E01000264,0,3
2025010560080,2025,010560080,1,9,0,99,99,9,9,0,0,9,0,99,0,0,2,9,5,6,1,31,6,-1,-1,-1,-1,3,E01000404,0,2
2025010560080,2025,010560080,2,9,9,99,99,9,9,0,0,1,0,0,0,0,9,9,6,6,3,-1,-1,-1,-1,-1,-1,-1,-1,0,-1
2025010560084,2025,010560084,2,1,0,18,19,7,3,0,0,0,0,0,0,0,4,1,2,2,1,25,5,-1,-1,-1,-1,3,E01001943,0,1
2025010560084,2025,010560084,1,9,0,1,1,7,3,0,0,0,0,0,0,0,2,1,6,6,3,-1,-1,-1,-1,-1,-1,2,E01001857,0,1
2025010560086,2025,010560086,2,1,0,9,9,5,3,0,0,2,0,0,0,0,0,1,2,2,1,30,6,-1,-1,-1,-1,-1,-1,0,-1
2025010560086,2025,010560086,1,9,0,5,5,5,1,0,0,1,0,0,0,0,4,1,5,6,1,51,8,-1,-1,-1,-1,4,E01000912,0,1
2025010560093,2025,010560093,1,3,9,99,99,9,9,99,99,9,9,99,9,99,9,1,5,6,1,22,5,-1,-1,-1,-1,4,E01024372,0,4
2025010560093,2025,010560093,2,9,9,99,99,9,9,99,99,9,9,99,9,99,9,9,6,6,3,-1,-1,-1,-1,-1,-1,-1,-1,0,-1
2025010560095,2025,010560095,2,9,0,15,15,5,1,0,0,1,0,0,0,0,1,1,1,1,1,38,7,-1,-1,-1,-1,7,E01030591,0,3
2025010560095,2025,010560095,1,9,0,9,9,7,5,0,0,8,0,0,0,0,3,1,1,1,2,26,6,-1,-1,-1,-1,8,E01004110,0,1
2025010560096,2025,010560096,1,1,9,99,99,9,9,99,99,9,9,99,9,99,2,1,1,1,1,51,8,-1,-1,-1,-1,5,E01000928,0,1
2025010560096,2025,010560096,2,1,9,99,99,9,9,99,99,9,9,99,9,99,1,1,6,6,3,-1,-1,-1,-1,-1,-1,-1,-1,0,-1
2025010560097,2025,010560097,2,9,0,99,99,9,9,99,99,9,9,99,9,99,2,9,6,6,3,-1,-1,-1,-1,-1,-1,-1,-1,0,-1
2025010560097,2025,010560097,1,1,9,99,99,9,9,99,99,9,9,99,9,99,1,1,5,6,2,33,6,-1,-1,-1,-1,4,E01003916,0,1
2025010560098,2025,010560098,1,9,0,11,11,3,7,0,0,0,0,0,0,0,1,1,6,6,1,31,6,-1,-1,-1,-1,3,E01021318,0,3
2025010560098,2025,010560098,3,9,0,18,19,3,7,0,0,0,0,0,0,0,1,1,6,6,1,60,9,-1,-1,-1,-1,1,E01021323,0,3
2025010560098,2025,010560098,2,9,0,4,4,3,7,0,0,0,0,0,0,0,2,1,6,6,1,26,6,-1,-1,-1,-1,5,E01015953,0,2
2025010560100,2025,010560100,2,1,0,7,7,4,6,0,0,1,0,0,0,0,4,1,2,2,2,54,8,-1,-1,-1,-1,2,E01001746,0,1
2025010560100,2025,010560100,1,19,0,7,7,4,6,0,0,1,0,0,0,0,3,1,6,6,1,-1,-1,-1,-1,-1,-1,2,E01003512,0,3
2025010560105,2025,010560105,2,9,0,2,2,0,0,0,0,9,9,99,9,99,9,9,6,6,3,-1,-1,-1,-1,-1,-1,-1,-1,0,-1
2025010560105,2025,010560105,1,9,9,99,99,9,9,99,99,9,9,99,9,99,9,9,6,6,3,-1,-1,-1,-1,-1,-1,-1,-1,0,-1
2025010560105,2025,010560105,3,9,9,2,2,0,0,99,99,9,9,99,0,0,2,9,6,6,3,-1,-1,-1,-1,-1,-1,-1,-1,0,-1
2025010560113,2025,010560113,2,9,0,99,99,9,9,0,0,9,9,99,9,99,1,9,6,6,3,25,5,-1,-1,-1,-1,4,E01034371,0,3
2025010560113,2025,010560113,1,9,0,99,99,9,9,0,0,9,9,99,9,99,9,9,5,6,2,27,6,-1,-1,-1,-1,7,E01002931,0,4
2025010560114,2025,010560114,1,11,0,5,5,5,1,0,0,9,0,0,0,0,0,1,6,6,3,-1,-1,-1,-1,-1,-1,-1,-1,0,-1
2025010560122,2025,010560122,1,9,0,-1,-1,5,1,0,0,1,0,0,0,0,1,1,5,6,1,85,11,-1,-1,-1,-1,10,E01001104,0,1
2025010560122,2025,010560122,2,9,0,2,2,0,0,0,0,1,0,0,0,0,1,1,6,6,3,-1,-1,-1,-1,-1,-1,-1,-1,0,-1
2025010560122,2025,010560122,3,9,0,2,2,0,0,0,0,1,0,0,0,0,2,1,6,6,3,-1,-1,-1,-1,-1,-1,-1,-1,0,-1
2025010560126,2025,010560126,1,2,0,99,99,9,9,99,99,9,9,99,9,99,1,1,1,1,1,26,6,-1,-1,-1,-1,5,E01001240,0,1
2025010560126,2025,010560126,2,19,0,99,99,9,9,99,99,9,9,99,9,99,2,9,6,6,3,-1,-1,-1,-1,-1,-1,3,E01000640,0,1
2025010560131,2025,010560131,2,9,0,6,6,7,7,0,0,0,0,0,0,0,1,1,6,6,3,-1,-1,-1,-1,-1,-1,-1,-1,0,-1
2025010560131,2025,010560131,1,4,0,18,19,1,5,0,0,0,0,0,0,0,1,1,6,6,1,22,5,-1,-1,-1,-1,7,E01004166,0,1
2025010560132,2025,010560132,1,19,0,18,19,3,7,0,0,8,0,0,0,0,1,1,1,1,1,53,8,-1,-1,-1,-1,4,E01003102,0,1
2025010560133,2025,010560133,1,11,0,4,4,1,5,2,2,2,0,0,0,0,0,1,1,1,1,31,6,-1,-1,-1,-1,2,E01002099,0,1
2025010560139,2025,010560139,1,8,0,99,99,9,9,99,99,9,9,99,9,99,1,9,6,6,1,51,8,-1,-1,-1,-1,3,E01001858,0,2
2025010560144,2025,010560144,1,9,9,99,99,9,9,99,99,9,9,99,9,99,9,9,6,6,3,29,6,-1,-1,-1,-1,2,E01004420,0,1
2025010560144,2025,010560144,2,9,9,99,99,9,9,99,99,9,9,99,9,99,9,9,6,6,3,-1,-1,-1,-1,-1,-1,-1,-1,0,-1
2025010560145,2025,010560145,1,4,0,15,15,6,2,0,0,8,2,0,7,0,4,1,1,1,1,56,9,-1,-1,-1,-1,2,E01001477,0,3
2025010560145,2025,010560145,2,19,0,9,9,6,4,0,0,1,0,0,0,0,4,1,1,1,1,38,7,-1,-1,-1,-1,6,E01015985,0,4
2025010560147,2025,010560147,2,1,0,5,5,5,1,0,0,1,0,0,0,0,3,1,6,6,1,55,8,-1,-1,-1,-1,-1,-1,0,-1
2025010560147,2025,010560147,1,5,0,3,3,5,1,0,0,1,0,0,0,0,4,1,5,6,1,55,8,-1,-1,-1,-1,3,E01003976,0,1
2025010560151,2025,010560151,2,9,0,99,99,9,9,99,99,9,9,99,9,99,1,9,6,6,3,-1,-1,-1,-1,-1,-1,-1,-1,0,-1
2025010560151,2025,010560151,1,3,0,99,99,9,9,99,99,9,9,99,9,99,1,1,1,1,1,30,6,-1,-1,-1,-1,5,E01034040,0,1
2025010560154,2025,010560154,1,1,9,99,99,9,9,99,99,9,9,99,9,99,9,1,2,2,2,46,8,-1,-1,-1,-1,5,E01001648,0,2
2025010560154,2025,010560154,2,8,0,99,99,9,9,99,99,9,9,99,9,99,9,9,6,6,3,47,8,-1,-1,-1,-1,3,E01003630,0,2
2025010560159,2025,010560159,1,9,0,99,99,9,9,99,99,9,9,99,9,99,2,9,5,6,1,20,4,-1,-1,-1,-1,3,E01002235,0,2
2025010560162,2025,010560162,2,9,0,99,99,9,9,99,99,5,9,99,9,99,9,9,6,6,3,-1,-1,-1,-1,-1,-1,-1,-1,0,-1
2025010560162,2025,010560162,1,1,9,99,99,9,9,99,99,1,9,99,9,99,1,1,2,2,1,28,6,-1,-1,-1,-1,-1,-1,0,-1
2025010560164,2025,010560164,1,9,0,18,19,7,3,0,0,6,0,0,0,0,1,1,5,6,1,60,9,-1,-1,-1,-1,4,E01003999,0,1
2025010560164,2025,010560164,2,9,0,13,13,3,7,0,0,6,0,0,0,0,1,1,5,6,1,26,6,-1,-1,-1,-1,7,E01003254,0,1
2025010560169,2025,010560169,1,9,0,18,19,5,1,0,0,8,0,0,0,0,3,1,5,6,2,63,9,-1,-1,-1,-1,2,E01002074,0,1
2025010560169,2025,010560169,2,-1,0,18,19,3,7,0,0,8,0,0,0,0,1,1,6,6,1,18,4,-1,-1,-1,-1,1,E01002089,1,1
2025010560175,2025,010560175,2,9,0,99,99,9,9,99,99,9,9,99,9,99,9,9,6,6,2,56,9,-1,-1,-1,-1,8,E01001062,0,3
2025010560175,2025,010560175,1,1,9,99,99,9,9,99,99,9,9,99,9,99,1,1,2,2,1,52,8,-1,-1,-1,-1,8,E01002898,0,1
2025010560178,2025,010560178,1,19,0,9,9,1,6,0,0,1,0,0,0,0,3,1,1,1,1,26,6,-1,-1,-1,-1,4,E01004421,0,1
2025010560178,2025,010560178,2,9,0,3,3,5,1,0,0,1,0,0,0,0,1,1,5,6,1,53,8,-1,-1,-1,-1,4,E01001727,0,1
2025010560181,2025,010560181,2,1,0,18,19,5,1,0,0,8,0,0,0,0,1,1,5,6,1,29,6,-1,-1,-1,-1,1,E01003318,0,1
2025010560181,2025,010560181,1,9,0,9,9,5,3,0,0,1,0,0,0,0,1,1,5,6,1,44,7,-1,-1,-1,-1,4,E01003322,0,1
2025010560182,2025,010560182,2,9,0,18,19,5,1,0,0,8,0,0,0,0,1,1,5,6,1,23,5,-1,-1,-1,-1,-1,-1,0,-1
2025010560182,2025,010560182,1,3,0,18,19,7,3,0,0,8,0,0,0,0,3,1,6,6,1,21,5,-1,-1,-1,-1,-1,-1,0,-1
2025010560184,2025,010560184,1,9,0,2,2,0,0,0,0,0,0,0,0,0,2,1,6,6,3,-1,-1,-1,-1,-1,-1,-1,-1,0,-1
2025010560184,2025,010560184,2,9,0,17,19,7,3,0,0,0,0,4,0,0,1,1,5,6,1,29,6,-1,-1,-1,-1,-1,-1,0,-1
2025010560187,2025,010560187,1,11,0,9,9,4,2,0,0,5,0,0,0,0,1,1,1,1,1,32,6,-1,-1,-1,-1,3,E01004344,0,1
2025010560193,2025,010560193,1,9,0,99,99,9,9,99,99,9,9,99,9,99,2,9,5,6,2,33,6,-1,-1,-1,-1,9,E01032842,0,4