collision_index,collision_year,collision_ref_no,vehicle_reference,vehicle_type,towing_and_articulation,vehicle_manoeuvre_historic,vehicle_manoeuvre,vehicle_direction_from,vehicle_direction_to,vehicle_location_restricted_lane_historic,vehicle_location_restricted_lane,junction_location,skidding_and_overturning,hit_object_in_carriageway,vehicle_leaving_carriageway,hit_object_off_carriageway,first_point_of_impact,vehicle_left_hand_drive,journey_purpose_of_driver_historic,journey_purpose_of_driver,sex_of_driver,age_of_driver,age_band_of_driver,engine_capacity_cc,propulsion_code,age_of_vehicle,generic_make_model,driver_imd_decile,lsoa_of_driver,escooter_flag,driver_distance_banding
2025010560788,2025,010560788,1,9,0,18,19,3,7,0,0,1,0,0,0,0,1,1,6,6,3,-1,-1,-1,-1,-1,-1,2,E01001655,0,3
2025010560794,2025,010560794,2,-1,0,99,99,9,9,99,99,9,0,99,9,99,9,1,6,6,1,15,3,-1,-1,-1,-1,1,E01004449,1,1
2025010560794,2025,010560794,1,9,0,99,99,9,9,99,99,9,0,99,9,99,9,9,6,6,3,-1,-1,-1,-1,-1,-1,-1,-1,0,-1
2025010560796,2025,010560796,2,9,0,99,99,9,9,99,99,9,9,99,9,99,9,9,6,6,3,-1,-1,-1,-1,-1,-1,-1,-1,0,-1
2025010560796,2025,010560796,1,3,0,99,99,9,9,99,99,9,9,99,9,99,1,1,5,6,1,32,6,-1,-1,-1,-1,9,E01000765,0,1
2025010560798,2025,010560798,1,11,0,18,19,1,5,2,2,2,0,0,0,0,0,1,2,2,1,27,6,-1,-1,-1,-1,4,E01000531,0,2
2025010560804,2025,010560804,2,9,0,18,19,2,6,0,0,0,0,0,0,0,1,1,5,6,1,59,9,-1,-1,-1,-1,9,E01024415,0,4
2025010560804,2025,010560804,3,9,0,4,4,2,6,0,0,0,0,0,0,0,2,1,1,1,1,29,6,-1,-1,-1,-1,5,E01003638,0,2
2025010560804,2025,010560804,7,9,0,4,4,2,6,0,0,0,0,0,0,0,1,1,1,1,1,30,6,-1,-1,-1,-1,2,E01001849,0,1
2025010560804,2025,010560804,5,9,0,4,4,2,6,0,0,0,0,0,0,0,1,1,5,6,2,68,10,-1,-1,-1,-1,3,E01021359,0,4
2025010560804,2025,010560804,1,9,0,4,4,2,6,0,0,0,0,0,0,0,2,1,5,6,1,30,6,-1,-1,-1,-1,2,E01033587,0,2
2025010560804,2025,010560804,6,9,0,4,4,2,6,0,0,0,0,0,0,0,1,1,5,6,1,43,7,-1,-1,-1,-1,2,E01004244,0,2
2025010560804,2025,010560804,4,9,0,4,4,2,6,0,0,0,0,0,0,0,1,1,5,6,2,30,6,-1,-1,-1,-1,3,E01032786,0,2
2025010560808,2025,010560808,1,9,0,18,19,2,6,0,0,0,0,0,0,0,1,1,1,1,1,46,8,-1,-1,-1,-1,8,E01032775,0,1
2025010560815,2025,010560815,1,9,0,7,7,1,3,0,0,5,0,0,0,0,1,1,6,6,2,28,6,-1,-1,-1,-1,4,E01000239,0,1
2025010560819,2025,010560819,1,1,9,99,99,9,9,99,99,9,9,99,9,99,1,1,2,2,2,49,8,-1,-1,-1,-1,2,E01002002,0,1
2025010560819,2025,010560819,2,9,0,99,99,9,9,99,99,9,9,99,9,99,2,9,6,6,2,38,7,-1,-1,-1,-1,6,E01000920,0,1
2025010560821,2025,010560821,1,9,0,9,9,7,5,0,0,5,0,0,0,0,1,1,2,2,1,34,6,-1,-1,-1,-1,5,E01002507,0,1
2025010560826,2025,010560826,1,9,0,18,19,8,4,0,0,0,0,0,0,0,1,1,5,6,2,66,10,-1,-1,-1,-1,9,E01002976,0,1
2025010560837,2025,010560837,2,9,0,18,19,5,1,0,0,0,0,11,0,0,1,1,1,1,1,41,7,-1,-1,-1,-1,5,E01003527,0,3
2025010560837,2025,010560837,1,9,0,18,19,1,5,0,0,0,1,10,0,0,1,1,6,6,1,20,4,-1,-1,-1,-1,2,E01002099,0,1
2025010560839,2025,010560839,2,9,0,9,9,7,4,0,0,6,0,0,0,0,0,1,6,6,3,-1,-1,-1,-1,-1,-1,-1,-1,0,-1
2025010560839,2025,010560839,3,19,0,18,19,5,1,0,0,1,0,0,0,0,0,1,1,1,1,43,7,-1,-1,-1,-1,5,E01003666,0,2
2025010560839,2025,010560839,1,3,0,18,19,3,7,0,0,1,0,0,0,0,0,1,1,1,1,27,6,-1,-1,-1,-1,-1,-1,0,-1
2025010560848,2025,010560848,1,9,0,18,19,1,5,0,0,0,1,0,7,5,1,1,6,6,1,26,6,-1,-1,-1,-1,6,E01001312,0,1
2025010560848,2025,010560848,2,11,0,4,4,5,1,0,0,0,0,0,0,0,1,1,1,1,2,59,9,-1,-1,-1,-1,-1,-1,0,-1
2025010560850,2025,010560850,2,9,0,18,19,1,5,0,0,1,0,0,0,0,1,1,5,6,1,21,5,-1,-1,-1,-1,9,E01001413,0,1
2025010560850,2025,010560850,1,3,0,3,3,1,5,0,0,1,0,0,0,0,2,1,5,6,1,28,6,-1,-1,-1,-1,7,E01001411,0,1
2025010560850,2025,010560850,3,90,0,3,3,3,7,0,0,1,0,0,0,0,0,1,5,6,1,37,7,-1,-1,-1,-1,1,E01001517,0,1
2025010560852,2025,010560852,2,1,0,18,19,7,3,0,0,1,0,0,0,0,1,1,6,6,1,25,5,-1,-1,-1,-1,-1,-1,0,-1
2025010560852,2025,010560852,1,9,0,1,1,7,3,0,0,1,0,0,3,0,2,1,6,6,3,-1,-1,-1,-1,-1,-1,-1,-1,0,-1
2025010560856,2025,010560856,2,9,0,9,9,7,6,0,0,1,0,0,0,0,1,1,6,6,1,-1,-1,-1,-1,-1,-1,-1,-1,0,-1
2025010560856,2025,010560856,1,9,0,9,9,7,5,0,0,1,0,0,0,0,2,1,5,6,1,38,7,-1,-1,-1,-1,5,E01002565,0,1
2025010560857,2025,010560857,1,9,0,18,19,5,1,0,0,2,0,7,1,11,1,1,6,6,2,34,6,-1,-1,-1,-1,2,E01004088,0,1
2025010560858,2025,010560858,3,9,0,18,19,7,3,0,0,1,0,0,0,0,1,1,1,1,2,38,7,-1,-1,-1,-1,7,E01003199,0,1
2025010560858,2025,010560858,1,9,0,18,19,7,3,0,0,1,0,0,0,0,1,1,6,6,3,-1,-1,-1,-1,-1,-1,-1,-1,0,-1
2025010560858,2025,010560858,2,9,0,18,19,7,3,0,0,1,0,0,0,0,1,1,1,1,1,30,6,-1,-1,-1,-1,7,E01003199,0,1
2025010560863,2025,010560863,1,19,0,7,7,1,3,0,0,6,0,0,0,0,0,1,5,6,1,41,7,-1,-1,-1,-1,-1,-1,0,-1
2025010560863,2025,010560863,2,3,0,18,19,7,3,0,0,2,1,0,0,0,3,1,6,6,1,42,7,-1,-1,-1,-1,-1,-1,0,-1
2025010560864,2025,010560864,2,9,0,5,5,5,1,0,0,0,0,0,0,0,1,1,6,6,3,-1,-1,-1,-1,-1,-1,-1,-1,0,-1
2025010560864,2025,010560864,1,9,0,9,9,1,7,9,9,0,1,10,7,0,4,1,2,2,2,46,8,-1,-1,-1,-1,-1,-1,0,-1
2025010560869,2025,010560869,2,9,0,99,99,9,9,99,99,9,9,99,9,99,1,9,6,6,1,25,5,-1,-1,-1,-1,10,E01030387,0,2
2025010560869,2025,010560869,1,1,9,99,99,9,9,99,99,9,9,99,9,99,9,1,5,6,2,40,7,-1,-1,-1,-1,5,E01004624,0,1
2025010560877,2025,010560877,2,11,0,9,9,7,4,0,0,1,0,0,0,0,3,1,1,1,1,47,8,-1,-1,-1,-1,2,E01000602,0,2
2025010560877,2025,010560877,1,3,0,15,15,7,3,0,0,1,2,10,7,0,1,1,1,1,1,26,6,-1,-1,-1,-1,3,E01001246,0,1
2025010560878,2025,010560878,1,1,9,99,99,9,9,99,99,0,9,99,9,99,1,1,6,6,3,-1,-1,-1,-1,-1,-1,-1,-1,0,-1
2025010560879,2025,010560879,1,8,0,99,99,9,9,99,99,9,9,99,9,99,2,9,6,6,1,47,8,-1,-1,-1,-1,3,E01004630,0,1
2025010560879,2025,010560879,2,19,9,99,99,9,9,99,99,9,9,99,9,99,9,9,6,6,3,-1,-1,-1,-1,-1,-1,-1,-1,0,-1
2025010560880,2025,010560880,1,19,0,18,19,5,1,0,0,0,0,0,0,0,1,1,1,1,1,34,6,-1,-1,-1,-1,1,E01001776,0,2
2025010560885,2025,010560885,2,9,0,18,19,1,5,0,0,8,0,0,1,0,1,1,6,6,1,33,6,-1,-1,-1,-1,8,E01002157,0,1
2025010560885,2025,010560885,1,9,0,9,9,5,2,0,0,8,0,0,0,0,1,1,6,6,2,47,8,-1,-1,-1,-1,3,E01002211,0,1
2025010560896,2025,010560896,1,1,9,99,99,9,9,99,99,9,9,99,9,99,2,1,5,6,2,20,4,-1,-1,-1,-1,4,E01001794,0,2
2025010560896,2025,010560896,2,9,0,99,99,9,9,99,99,9,9,99,9,99,9,9,6,6,3,-1,-1,-1,-1,-1,-1,-1,-1,0,-1
2025010560900,2025,010560900,1,9,0,7,7,4,6,0,0,9,0,0,0,0,4,1,1,1,1,56,9,-1,-1,-1,-1,6,E01032779,0,2
2025010560902,2025,010560902,1,11,0,18,19,5,1,0,0,0,0,0,0,0,0,1,1,1,1,33,6,-1,-1,-1,-1,2,E01034476,0,1
2025010560906,2025,010560906,1,3,0,99,99,9,9,99,99,0,9,99,9,99,1,1,5,6,1,24,5,-1,-1,-1,-1,5,E01021818,0,3
2025010560906,2025,010560906,2,9,0,99,99,9,9,99,99,0,9,99,9,99,1,9,6,6,3,-1,-1,-1,-1,-1,-1,-1,-1,0,-1
2025010560907,2025,010560907,2,19,9,99,99,9,9,99,99,9,9,99,9,99,9,9,6,6,1,27,6,-1,-1,-1,-1,1,E01003506,0,2
2025010560907,2025,010560907,1,19,9,99,99,9,9,99,99,9,9,99,9,99,9,9,6,6,1,47,8,-1,-1,-1,-1,6,E01002122,0,3
2025010560909,2025,010560909,1,9,0,4,4,3,7,0,0,1,0,0,0,0,1,1,6,6,2,34,6,-1,-1,-1,-1,2,E01000098,0,1
2025010560909,2025,010560909,2,9,0,7,7,1,3,0,0,2,0,0,0,0,1,1,6,6,1,19,4,-1,-1,-1,-1,5,E01000037,0,1
2025010560910,2025,010560910,1,11,0,18,19,7,3,0,0,8,0,0,0,0,0,1,5,6,1,53,8,-1,-1,-1,-1,-1,-1,0,-1
2025010560914,2025,010560914,2,9,0,99,99,9,9,99,99,9,9,99,9,99,9,9,6,6,3,74,10,-1,-1,-1,-1,3,E01002797,0,1
2025010560914,2025,010560914,1,1,9,99,99,9,9,99,99,9,9,99,9,99,9,1,2,2,1,21,5,-1,-1,-1,-1,4,E01002711,0,1
2025010560916,2025,010560916,2,1,0,18,19,3,7,0,0,8,0,0,0,0,1,1,6,6,2,34,6,-1,-1,-1,-1,6,E01002834,0,3
2025010560916,2025,010560916,1,9,0,10,10,5,3,0,0,1,0,0,0,0,1,1,2,2,1,50,8,-1,-1,-1,-1,4,E01030740,0,2
2025010560918,2025,010560918,1,9,0,99,99,9,9,99,99,9,9,99,9,99,4,9,5,6,1,54,8,-1,-1,-1,-1,2,E01001414,0,1
2025010560918,2025,010560918,2,2,0,99,99,9,9,99,99,9,9,99,9,99,1,1,6,6,3,-1,-1,-1,-1,-1,-1,-1,-1,0,-1
2025010560929,2025,010560929,2,9,0,2,2,0,0,0,0,2,0,0,0,0,3,1,6,6,3,-1,-1,-1,-1,-1,-1,-1,-1,0,-1
2025010560929,2025,010560929,1,9,0,-1,-1,7,3,0,0,2,0,0,0,0,1,1,5,6,1,75,10,-1,-1,-1,-1,8,E01000786,0,1
2025010560933,2025,010560933,2,9,0,99,99,9,9,99,99,9,9,99,9,99,2,9,6,6,3,-1,-1,-1,-1,-1,-1,-1,-1,0,-1
2025010560933,2025,010560933,1,3,0,99,99,9,9,99,99,9,9,99,9,99,9,1,5,6,3,29,6,-1,-1,-1,-1,4,E01003785,0,1
2025010560934,2025,010560934,2,9,0,99,99,9,9,99,99,9,9,99,9,99,1,9,6,6,3,-1,-1,-1,-1,-1,-1,-1,-1,0,-1
2025010560934,2025,010560934,1,3,0,99,99,9,9,99,99,9,9,99,9,99,2,1,1,1,1,34,6,-1,-1,-1,-1,2,E01003932,0,2
2025010560936,2025,010560936,2,9,0,99,99,9,9,99,99,9,9,99,9,99,0,9,6,6,3,53,8,-1,-1,-1,-1,6,E01000430,0,3
2025010560936,2025,010560936,1,3,0,99,99,9,9,99,99,9,9,99,9,99,9,1,5,6,1,24,5,-1,-1,-1,-1,3,E01003571,0,2
2025010560937,2025,010560937,1,9,0,9,9,7,5,0,0,6,0,0,0,0,4,1,3,7,2,41,7,-1,-1,-1,-1,9,E01001305,0,1
2025010560937,2025,010560937,2,1,0,14,14,5,1,0,0,1,0,0,0,0,1,1,5,6,1,15,3,-1,-1,-1,-1,8,E01001303,0,1
2025010560939,2025,010560939,1,9,0,9,9,1,7,0,0,8,0,0,0,0,3,2,5,6,1,35,6,-1,-1,-1,-1,1,E01002036,0,1
2025010560939,2025,010560939,2,9,0,9,9,5,3,0,0,1,0,0,0,0,1,1,6,6,3,-1,-1,-1,-1,-1,-1,-1,-1,0,-1
2025010560940,2025,010560940,1,9,0,7,7,6,8,2,2,1,0,0,0,0,1,1,6,6,2,25,5,-1,-1,-1,-1,-1,-1,0,-1
2025010560940,2025,010560940,2,1,0,3,3,5,1,0,0,1,0,10,0,0,1,1,6,6,1,32,6,-1,-1,-1,-1,9,E01004706,0,1
2025010560955,2025,010560955,1,1,9,99,99,9,9,99,99,9,9,99,9,99,1,1,5,6,1,48,8,-1,-1,-1,-1,-1,-1,0,-1
2025010560957,2025,010560957,2,1,0,-1,-1,7,3,0,0,6,0,0,0,0,2,1,6,6,1,45,7,-1,-1,-1,-1,-1,-1,0,-1
2025010560957,2025,010560957,1,20,0,9,9,3,2,0,0,8,0,0,3,0,2,1,1,1,1,44,7,-1,-1,-1,-1,3,E01002031,0,1
2025010560958,2025,010560958,1,1,0,18,19,1,5,4,4,1,0,0,0,0,1,1,2,2,1,30,6,-1,-1,-1,-1,4,E01024566,0,4
2025010560964,2025,010560964,2,1,0,7,7,7,1,0,0,8,0,0,0,0,3,1,5,6,1,44,7,-1,-1,-1,-1,4,E01003561,0,1
2025010560964,2025,010560964,1,19,0,7,7,7,1,0,0,2,0,0,0,0,4,1,1,1,1,36,7,-1,-1,-1,-1,4,E01003596,0,1
2025010560967,2025,010560967,2,8,0,17,19,5,1,0,0,1,0,0,0,0,3,1,1,1,1,63,9,-1,-1,-1,-1,9,E01001453,0,3
2025010560967,2025,010560967,3,19,0,17,19,5,1,0,0,1,0,0,0,0,0,1,1,1,1,24,5,-1,-1,-1,-1,2,E01000525,0,1
2025010560967,2025,010560967,1,4,0,17,19,5,1,0,0,1,2,10,2,7,4,1,2,2,1,22,5,-1,-1,-1,-1,3,E01001830,0,3
2025010560969,2025,010560969,2,9,0,99,99,9,9,99,99,9,9,99,9,99,1,9,6,6,3,-1,-1,-1,-1,-1,-1,3,E01000553,0,2
2025010560969,2025,010560969,1,1,9,99,99,9,9,99,99,9,9,99,9,99,1,1,2,2,1,32,6,-1,-1,-1,-1,2,E01033877,0,1
2025010560976,2025,010560976,2,9,0,99,99,9,9,99,99,5,9,99,9,99,9,9,6,6,3,54,8,-1,-1,-1,-1,2,E01034044,0,1
2025010560976,2025,010560976,1,1,9,99,99,9,9,4,4,1,9,99,9,99,9,1,5,6,1,48,8,-1,-1,-1,-1,4,E01002594,0,2
2025010560977,2025,010560977,2,9,0,18,19,5,1,0,0,2,0,0,0,0,4,1,6,6,3,-1,-1,-1,-1,-1,-1,-1,-1,0,-1
2025010560977,2025,010560977,1,9,0,18,19,3,7,0,0,2,0,0,0,0,1,1,5,6,1,58,9,-1,-1,-1,-1,-1,-1,0,-1
2025010560984,2025,010560984,1,1,9,99,99,9,9,99,99,1,9,99,9,99,9,1,2,2,1,24,5,-1,-1,-1,-1,5,E01001880,0,1
2025010560984,2025,010560984,2,8,0,99,99,9,9,99,99,5,9,99,0,0,4,9,6,6,1,57,9,-1,-1,-1,-1,10,E01030407,0,3
2025010560988,2025,010560988,1,19,0,1,1,7,3,0,0,1,0,0,0,0,2,1,1,1,1,42,7,-1,-1,-1,-1,3,E01021836,0,4
2025010560988,2025,010560988,2,3,0,3,3,7,3,0,0,1,0,0,0,0,3,1,1,1,1,42,7,-1,-1,-1,-1,3,E01004308,0,1
2025010560990,2025,010560990,1,9,0,18,19,7,3,0,0,8,0,0,0,0,1,2,1,1,1,24,5,-1,-1,-1,-1,1,E01010724,0,5
2025010560990,2025,010560990,2,1,0,17,19,3,1,4,4,8,5,0,0,0,4,1,2,2,1,36,7,-1,-1,-1,-1,2,E01033586,0,1
2025010560992,2025,010560992,1,23,0,18,19,7,3,0,0,3,0,0,0,0,1,1,6,6,3,25,5,-1,-1,-1,-1,5,E01000589,0,2
2025010560993,2025,010560993,2,5,0,14,14,5,1,0,0,2,0,0,0,0,1,1,2,2,1,40,7,-1,-1,-1,-1,4,E01023330,0,4
2025010560993,2025,010560993,1,9,0,14,14,5,1,0,0,2,0,0,0,0,3,1,2,2,1,20,4,-1,-1,-1,-1,2,E01000952,0,1
2025010560997,2025,010560997,3,9,0,4,4,1,5,0,0,1,0,0,0,0,0,1,6,6,2,43,7,-1,-1,-1,-1,-1,-1,0,-1
2025010560997,2025,010560997,2,3,0,14,14,1,5,0,0,1,0,0,0,0,2,1,1,1,1,18,4,-1,-1,-1,-1,2,E01001151,0,1
2025010560997,2025,010560997,1,9,0,9,9,7,5,0,0,6,0,0,0,0,4,1,5,6,1,59,9,-1,-1,-1,-1,3,E01001004,0,1
2025010561000,2025,010561000,2,3,0,9,9,5,2,0,0,3,0,0,0,0,2,1,1,1,1,36,7,-1,-1,-1,-1,3,E01003550,0,1
2025010561000,2025,010561000,1,9,0,5,5,6,2,0,0,4,0,0,0,0,1,1,2,2,2,41,7,-1,-1,-1,-1,-1,-1,0,-1
2025010561001,2025,010561001,1,9,0,-1,-1,3,7,0,0,6,0,0,0,0,4,1,5,6,1,59,9,-1,-1,-1,-1,3,E01002787,0,1
2025010561001,2025,010561001,2,1,0,12,12,3,7,0,0,6,0,0,0,0,3,1,5,6,1,63,9,-1,-1,-1,-1,3,E01002809,0,1
2025010561003,2025,010561003,2,9,0,18,19,5,1,0,0,2,0,0,0,0,1,1,2,2,1,33,6,-1,-1,-1,-1,4,E01000787,0,2
2025010561003,2025,010561003,1,9,0,9,9,1,7,0,0,8,5,0,3,0,2,1,2,2,1,23,5,-1,-1,-1,-1,5,E01000662,0,1
2025010561004,2025,010561004,2,1,0,7,7,5,7,0,0,1,0,0,0,0,0,1,2,2,1,26,6,-1,-1,-1,-1,4,E01002104,0,1
2025010561004,2025,010561004,1,9,0,-1,-1,3,7,0,0,1,0,0,0,0,1,1,6,6,3,-1,-1,-1,-1,-1,-1,-1,-1,0,-1
2025010561005,2025,010561005,1,9,0,18,19,7,3,0,0,1,0,0,0,0,4,1,5,6,2,51,8,-1,-1,-1,-1,-1,-1,0,-1
2025010561006,2025,010561006,2,1,9,99,99,9,9,99,99,9,9,99,9,99,2,1,6,6,3,-1,-1,-1,-1,-1,-1,-1,-1,0,-1
2025010561006,2025,010561006,1,1,9,99,99,9,9,99,99,9,9,99,9,99,1,1,5,6,2,19,4,-1,-1,-1,-1,4,E01003981,0,1
2025010561008,2025,010561008,2,9,0,99,99,9,9,99,99,9,9,99,9,99,1,9,6,6,3,-1,-1,-1,-1,-1,-1,2,E01003239,0,1
2025010561008,2025,010561008,1,9,0,99,99,9,9,99,99,9,9,99,9,99,2,9,6,6,1,41,7,-1,-1,-1,-1,6,E01003218,0,1
2025010561015,2025,010561015,2,1,0,18,19,7,3,0,0,1,0,0,0,0,4,1,5,6,1,85,11,-1,-1,-1,-1,10,E01003385,0,1
2025010561015,2025,010561015,1,9,0,5,5,0,7,0,0,6,0,0,0,0,1,1,6,6,1,51,8,-1,-1,-1,-1,5,E01003366,0,1
2025010561016,2025,010561016,2,9,0,18,19,4,8,0,0,0,0,0,0,0,4,1,5,6,1,56,9,-1,-1,-1,-1,6,E01003650,0,1
2025010561016,2025,010561016,1,3,0,18,19,4,8,0,0,0,0,0,1,0,4,1,6,6,1,21,5,-1,-1,-1,-1,4,E01003785,0,1
2025010561025,2025,010561025,4,3,0,18,19,1,5,0,0,0,0,0,0,0,3,1,5,6,2,33,6,-1,-1,-1,-1,4,E01004201,0,2
2025010561025,2025,010561025,3,5,0,18,19,1,5,0,0,0,0,0,0,0,3,1,5,6,1,34,6,-1,-1,-1,-1,1,E01002713,0,1
2025010561025,2025,010561025,1,8,0,3,3,1,5,9,9,0,0,0,0,0,4,1,1,1,1,56,9,-1,-1,-1,-1,7,E01000364,0,4
2025010561025,2025,010561025,2,3,0,18,19,1,5,0,0,0,0,0,0,0,3,1,5,6,1,18,4,-1,-1,-1,-1,4,E01002805,0,2
2025010561027,2025,010561027,3,9,0,4,4,5,1,0,0,0,1,4,0,0,1,1,5,6,1,70,10,-1,-1,-1,-1,6,E01003227,0,4
2025010561027,2025,010561027,1,9,0,3,3,5,1,0,0,0,0,0,0,0,2,1,1,1,1,38,7,-1,-1,-1,-1,3,E01003374,0,4
2025010561027,2025,010561027,2,9,0,4,4,5,1,0,0,0,0,4,0,0,2,1,5,6,1,43,7,-1,-1,-1,-1,6,E01003227,0,4
2025010561029,2025,010561029,1,1,9,99,99,9,9,99,99,1,9,99,9,99,9,1,2,2,1,27,6,-1,-1,-1,-1,6,E01003398,0,1
2025010561029,2025,010561029,2,9,0,99,99,9,9,99,99,6,9,99,9,99,9,9,6,6,3,-1,-1,-1,-1,-1,-1,-1,-1,0,-1
2025010561034,2025,010561034,1,19,0,18,19,5,1,0,0,4,0,0,0,0,1,1,2,2,1,36,7,-1,-1,-1,-1,7,E01001308,0,1
2025010561034,2025,010561034,2,1,0,9,9,1,7,0,0,4,1,0,0,0,3,1,2,2,1,77,11,-1,-1,-1,-1,5,E01000607,0,1
2025010561039,2025,010561039,1,9,0,99,99,9,9,99,99,9,9,99,9,99,3,9,1,1,1,27,6,-1,-1,-1,-1,3,E01000553,0,2
2025010561039,2025,010561039,2,1,9,99,99,9,9,99,99,9,9,99,9,99,1,1,6,6,3,35,6,-1,-1,-1,-1,2,E01033877,0,1
2025010561042,2025,010561042,1,1,9,99,99,9,9,99,99,1,9,99,9,99,9,1,6,6,1,32,6,-1,-1,-1,-1,10,E01003385,0,1
2025010561042,2025,010561042,2,9,9,99,99,9,9,99,99,6,9,99,9,99,9,9,6,6,2,47,8,-1,-1,-1,-1,5,E01003378,0,1
2025010561044,2025,010561044,1,3,0,99,99,9,9,99,99,9,9,99,9,99,1,1,5,6,1,21,5,-1,-1,-1,-1,5,E01004412,0,2
2025010561044,2025,010561044,2,9,0,99,99,9,9,99,99,9,9,99,9,99,1,9,6,6,3,22,5,-1,-1,-1,-1,2,E01002099,0,2
2025010561045,2025,010561045,1,1,9,99,99,9,9,99,99,9,9,99,9,99,9,1,2,2,1,21,5,-1,-1,-1,-1,3,E01003922,0,1
2025010561046,2025,010561046,2,9,9,99,99,9,9,99,99,1,9,99,9,99,9,9,6,6,2,47,8,-1,-1,-1,-1,8,E01002690,0,1
2025010561046,2025,010561046,1,1,9,99,99,9,9,99,99,5,9,99,9,99,9,1,1,1,1,21,5,-1,-1,-1,-1,2,E01001893,0,1
2025010561049,2025,010561049,2,3,0,18,19,3,7,0,0,1,0,0,0,0,1,1,2,2,1,25,5,-1,-1,-1,-1,5,E01003690,0,1
2025010561049,2025,010561049,1,19,0,8,8,5,7,0,0,6,0,0,0,0,3,1,2,2,1,58,9,-1,-1,-1,-1,2,E01011123,0,5
2025010561050,2025,010561050,1,3,0,99,99,9,9,99,99,9,9,99,9,99,1,1,5,6,1,27,6,-1,-1,-1,-1,7,E01024133,0,4
2025010561050,2025,010561050,2,9,0,99,99,9,9,99,99,9,9,99,9,99,9,9,6,6,3,-1,-1,-1,-1,-1,-1,-1,-1,0,-1
2025010561054,2025,010561054,2,9,0,99,99,9,9,99,99,9,9,99,9,99,1,9,6,6,3,-1,-1,-1,-1,-1,-1,9,W01000467,0,5
2025010561054,2025,010561054,1,8,0,99,99,9,9,99,99,9,9,99,9,99,4,9,5,6,1,37,7,-1,-1,-1,-1,4,E01001009,0,4
2025010561055,2025,010561055,1,1,9,99,99,9,9,99,99,9,9,99,9,99,0,1,6,6,3,-1,-1,-1,-1,-1,-1,-1,-1,0,-1
2025010561059,2025,010561059,2,1,0,18,19,7,3,0,0,1,5,0,1,0,1,1,6,6,1,22,5,-1,-1,-1,-1,4,E01000507,0,1
2025010561059,2025,010561059,1,9,0,9,9,3,1,0,0,1,0,0,0,0,1,1,5,6,2,38,7,-1,-1,-1,-1,1,E01000524,0,1
2025010561060,2025,010561060,1,1,9,99,99,9,9,99,99,9,9,99,9,99,9,1,6,6,1,19,4,-1,-1,-1,-1,4,E01004066,0,1
2025010561061,2025,010561061,1,9,0,18,19,1,5,0,0,8,0,0,0,0,4,1,5,6,1,51,8,-1,-1,-1,-1,-1,-1,0,-1
2025010561061,2025,010561061,2,9,0,9,9,3,2,0,0,1,0,0,0,0,1,1,6,6,1,40,7,-1,-1,-1,-1,-1,-1,0,-1
2025010561065,2025,010561065,1,1,9,99,99,9,9,4,4,1,9,99,9,99,9,1,5,6,1,41,7,-1,-1,-1,-1,7,E01003752,0,3
2025010561065,2025,010561065,2,19,0,99,99,9,9,99,99,5,9,99,9,99,9,9,6,6,3,59,9,-1,-1,-1,-1,5,E01003878,0,3
2025010561068,2025,010561068,1,9,0,4,4,3,7,6,6,1,0,0,0,0,1,1,5,6,2,61,9,-1,-1,-1,-1,5,E01001450,0,1
2025010561071,2025,010561071,1,9,0,99,99,9,9,99,99,0,9,99,9,99,1,9,6,6,3,-1,-1,-1,-1,-1,-1,-1,-1,0,-1
2025010561079,2025,010561079,2,9,0,99,99,9,9,99,99,9,9,99,9,99,1,9,6,6,3,-1,-1,-1,-1,-1,-1,-1,-1,0,-1
2025010561079,2025,010561079,1,3,0,99,99,9,9,99,99,9,9,99,9,99,1,1,5,6,1,27,6,-1,-1,-1,-1,6,E01003140,0,1
2025010561082,2025,010561082,2,9,0,9,9,8,6,0,0,1,0,0,0,0,1,1,6,6,1,28,6,-1,-1,-1,-1,-1,-1,0,-1
2025010561082,2025,010561082,1,9,0,18,19,4,8,0,0,1,0,0,0,0,1,1,6,6,2,72,10,-1,-1,-1,-1,-1,-1,0,-1
2025010561083,2025,010561083,2,9,0,18,19,9,9,99,99,9,9,99,9,99,1,9,6,6,3,-1,-1,-1,-1,-1,-1,-1,-1,0,-1
2025010561083,2025,010561083,1,3,0,4,4,9,9,99,99,9,9,99,9,99,2,1,1,1,3,43,7,-1,-1,-1,-1,6,E01002668,0,1
2025010561085,2025,010561085,2,9,0,18,19,3,7,0,0,0,0,0,8,10,1,1,5,6,1,24,5,-1,-1,-1,-1,3,E01004400,0,3
2025010561085,2025,010561085,1,9,0,18,19,7,3,0,0,0,0,0,0,0,1,1,5,6,1,48,8,-1,-1,-1,-1,4,E01000472,0,1
2025010561086,2025,010561086,2,9,0,9,9,6,4,0,0,5,0,0,0,0,3,1,2,2,1,26,6,-1,-1,-1,-1,3,E01001311,0,1