collision_index,collision_year,collision_ref_no,vehicle_reference,vehicle_type,towing_and_articulation,vehicle_manoeuvre_historic,vehicle_manoeuvre,vehicle_direction_from,vehicle_direction_to,vehicle_location_restricted_lane_historic,vehicle_location_restricted_lane,junction_location,skidding_and_overturning,hit_object_in_carriageway,vehicle_leaving_carriageway,hit_object_off_carriageway,first_point_of_impact,vehicle_left_hand_drive,journey_purpose_of_driver_historic,journey_purpose_of_driver,sex_of_driver,age_of_driver,age_band_of_driver,engine_capacity_cc,propulsion_code,age_of_vehicle,generic_make_model,driver_imd_decile,lsoa_of_driver,escooter_flag,driver_distance_banding
2025010561674,2025,010561674,1,9,0,9,9,5,3,0,0,2,0,0,0,0,0,2,5,6,1,23,5,-1,-1,-1,-1,2,E01003489,0,1
2025010561677,2025,010561677,1,90,0,18,19,5,1,0,0,8,0,0,0,0,1,1,6,6,3,-1,-1,-1,-1,-1,-1,-1,-1,0,-1
2025010561679,2025,010561679,1,8,0,-1,-1,1,5,0,0,6,0,0,0,0,3,1,6,6,2,47,8,-1,-1,-1,-1,9,E01002512,0,1
2025010561682,2025,010561682,2,8,0,14,14,1,5,0,0,1,0,0,0,0,2,1,1,1,1,52,8,-1,-1,-1,-1,3,E01001862,0,1
2025010561682,2025,010561682,3,9,0,18,19,1,5,0,0,1,0,0,0,0,1,1,6,6,1,59,9,-1,-1,-1,-1,-1,-1,0,-1
2025010561682,2025,010561682,1,5,0,13,13,5,1,0,0,2,2,0,0,0,4,1,6,6,1,20,4,-1,-1,-1,-1,3,E01004575,0,1
2025010561685,2025,010561685,2,1,0,18,19,1,5,0,0,0,0,0,0,0,0,1,1,1,1,26,6,-1,-1,-1,-1,3,E01000009,0,1
2025010561685,2025,010561685,1,9,0,18,19,1,5,0,0,0,0,0,1,1,1,1,5,6,1,56,9,-1,-1,-1,-1,2,E01000086,0,2
2025010561691,2025,010561691,1,9,0,18,19,5,1,0,0,0,0,0,0,0,3,1,5,6,1,32,6,-1,-1,-1,-1,10,E01003402,0,1
2025010561691,2025,010561691,2,9,0,18,19,5,1,0,0,0,0,0,0,0,4,1,5,6,1,39,7,-1,-1,-1,-1,4,E01004128,0,1
2025010561692,2025,010561692,1,11,0,5,5,1,5,0,0,0,0,0,0,0,0,1,1,1,1,22,5,-1,-1,-1,-1,4,E01002592,0,2
2025010561693,2025,010561693,1,11,0,5,5,7,3,0,0,0,0,0,0,0,0,1,1,1,1,66,10,-1,-1,-1,-1,6,E01002221,0,1
2025010561694,2025,010561694,2,1,0,7,7,1,3,5,5,0,0,0,0,0,1,1,1,1,1,35,6,-1,-1,-1,-1,2,E01003963,0,1
2025010561694,2025,010561694,1,1,0,18,19,7,3,5,5,0,0,0,0,0,1,1,5,6,1,36,7,-1,-1,-1,-1,4,E01032639,0,1
2025010561698,2025,010561698,2,1,0,18,19,6,2,0,0,0,0,0,0,0,2,1,5,6,1,24,5,-1,-1,-1,-1,4,E01001756,0,3
2025010561698,2025,010561698,1,9,0,18,19,6,2,0,0,0,0,0,0,0,1,1,6,6,3,-1,-1,-1,-1,-1,-1,-1,-1,0,-1
2025010561699,2025,010561699,1,9,0,9,9,5,2,0,0,4,0,0,0,0,1,1,3,7,2,36,7,-1,-1,-1,-1,3,E01000577,0,1
2025010561699,2025,010561699,2,9,0,18,19,1,5,0,0,1,0,0,0,0,1,1,6,6,1,31,6,-1,-1,-1,-1,7,E01001308,0,1
2025010561700,2025,010561700,1,1,9,99,99,9,9,99,99,9,9,99,9,99,2,1,5,6,1,34,6,-1,-1,-1,-1,6,E01004517,0,1
2025010561700,2025,010561700,2,9,9,99,99,9,9,99,99,9,9,99,9,99,9,9,6,6,3,-1,-1,-1,-1,-1,-1,4,E01001140,0,1
2025010561704,2025,010561704,2,9,0,99,99,9,9,99,99,0,9,99,9,99,9,9,6,6,1,-1,-1,-1,-1,-1,-1,-1,-1,0,-1
2025010561704,2025,010561704,1,1,9,99,99,9,9,99,99,0,9,99,9,99,9,1,2,2,1,55,8,-1,-1,-1,-1,4,E01004057,0,1
2025010561710,2025,010561710,2,5,0,15,15,1,5,0,0,1,2,7,7,10,1,1,5,6,1,52,8,-1,-1,-1,-1,2,E01003181,0,2
2025010561710,2025,010561710,1,9,0,9,9,3,1,0,0,6,0,0,0,0,1,1,5,6,1,35,6,-1,-1,-1,-1,4,E01003969,0,2
2025010561711,2025,010561711,2,5,0,18,19,8,4,2,2,1,0,0,0,0,1,1,5,6,1,41,7,-1,-1,-1,-1,3,E01034392,0,2
2025010561711,2025,010561711,1,9,0,9,9,4,3,2,2,1,0,0,0,0,4,1,5,6,1,34,6,-1,-1,-1,-1,6,E01001685,0,3
2025010561712,2025,010561712,2,9,0,99,99,9,9,99,99,9,9,99,9,99,1,9,6,6,1,19,4,-1,-1,-1,-1,3,E01021800,0,1
2025010561712,2025,010561712,1,9,0,99,99,9,9,99,99,9,9,99,9,99,2,9,5,6,2,29,6,-1,-1,-1,-1,4,E01021775,0,1
2025010561714,2025,010561714,2,9,9,99,99,9,9,99,99,9,9,99,9,99,9,9,6,6,2,-1,-1,-1,-1,-1,-1,-1,-1,0,-1
2025010561714,2025,010561714,1,23,0,99,99,9,9,99,99,9,9,99,9,99,9,1,1,1,1,27,6,-1,-1,-1,-1,5,E01001859,0,1
2025010561716,2025,010561716,2,9,0,18,19,7,3,0,0,1,0,0,0,0,1,1,6,6,1,44,7,-1,-1,-1,-1,3,E01004062,0,2
2025010561716,2025,010561716,1,9,0,18,19,3,7,0,0,8,0,0,0,0,3,1,6,6,2,57,9,-1,-1,-1,-1,2,E01003432,0,1
2025010561721,2025,010561721,2,9,9,99,99,9,9,0,0,9,0,0,0,0,9,9,6,6,3,-1,-1,-1,-1,-1,-1,-1,-1,0,-1
2025010561721,2025,010561721,1,9,0,99,99,9,9,0,0,9,0,0,0,0,1,9,5,6,2,24,5,-1,-1,-1,-1,8,E01034607,0,4
2025010561730,2025,010561730,1,1,0,18,19,1,5,0,0,0,5,0,0,0,0,1,5,6,1,32,6,-1,-1,-1,-1,5,E01004565,0,1
2025010561741,2025,010561741,1,1,9,99,99,9,9,99,99,1,9,99,9,99,9,1,2,2,1,36,7,-1,-1,-1,-1,2,E01003051,0,1
2025010561741,2025,010561741,2,9,0,13,13,9,9,99,99,5,9,99,9,99,9,9,6,6,3,-1,-1,-1,-1,-1,-1,-1,-1,0,-1
2025010561749,2025,010561749,1,8,9,99,99,9,9,9,9,1,9,99,9,99,4,9,6,6,3,41,7,-1,-1,-1,-1,6,E01004581,0,1
2025010561750,2025,010561750,2,9,9,99,99,9,9,99,99,9,9,99,9,99,0,9,6,6,3,-1,-1,-1,-1,-1,-1,-1,-1,0,-1
2025010561750,2025,010561750,1,1,9,99,99,9,9,99,99,9,9,99,9,99,1,1,5,6,1,57,9,-1,-1,-1,-1,6,E01003314,0,2
2025010561752,2025,010561752,1,1,9,99,99,9,9,99,99,9,9,99,9,99,9,1,2,2,1,54,8,-1,-1,-1,-1,4,E01001294,0,1
2025010561752,2025,010561752,2,9,9,99,99,9,9,99,99,9,9,99,9,99,9,9,6,6,1,59,9,-1,-1,-1,-1,3,E01001366,0,1
2025010561755,2025,010561755,1,11,0,5,5,3,7,0,0,1,0,0,0,0,0,2,5,6,1,58,9,-1,-1,-1,-1,-1,-1,0,-1
2025010561759,2025,010561759,2,3,0,18,19,1,5,0,0,0,0,0,0,0,2,1,6,6,1,42,7,-1,-1,-1,-1,9,E01000775,0,1
2025010561759,2025,010561759,1,9,0,18,19,1,5,0,0,0,0,0,0,0,1,1,5,6,1,33,6,-1,-1,-1,-1,5,E01003378,0,3
2025010561763,2025,010561763,2,9,0,99,99,9,9,99,99,0,9,99,9,99,9,9,6,6,1,40,7,-1,-1,-1,-1,9,E01004505,0,1
2025010561763,2025,010561763,1,1,9,99,99,9,9,99,99,0,9,8,9,99,1,1,5,6,1,28,6,-1,-1,-1,-1,5,E01004484,0,1
2025010561765,2025,010561765,1,9,0,18,19,3,7,0,0,2,0,0,0,0,1,1,6,6,3,-1,-1,-1,-1,-1,-1,2,E01001334,0,1
2025010561766,2025,010561766,2,9,0,9,9,5,2,0,0,5,0,0,0,0,3,1,5,6,1,41,7,-1,-1,-1,-1,8,E01021763,0,4
2025010561766,2025,010561766,1,3,0,13,13,5,1,0,0,1,2,0,0,0,4,1,6,6,1,45,7,-1,-1,-1,-1,4,E01002802,0,1
2025010561769,2025,010561769,1,3,0,18,19,1,5,0,0,1,0,0,0,0,3,1,6,6,1,28,6,-1,-1,-1,-1,-1,-1,0,-1
2025010561769,2025,010561769,2,9,0,18,19,7,3,0,0,1,0,0,0,0,1,2,6,6,2,41,7,-1,-1,-1,-1,-1,-1,0,-1
2025010561771,2025,010561771,1,9,0,8,8,1,3,0,0,1,0,0,0,0,1,1,5,6,2,43,7,-1,-1,-1,-1,8,E01001314,0,1
2025010561775,2025,010561775,1,9,0,18,19,8,4,0,0,0,0,10,1,2,1,1,5,6,2,59,9,-1,-1,-1,-1,-1,-1,0,-1
2025010561782,2025,010561782,1,9,0,99,99,9,9,99,99,9,9,99,9,99,2,9,5,6,1,31,6,-1,-1,-1,-1,5,E01001099,0,1
2025010561782,2025,010561782,3,9,0,99,99,9,9,99,99,9,9,99,9,99,2,9,6,6,3,-1,-1,-1,-1,-1,-1,-1,-1,0,-1
2025010561782,2025,010561782,2,9,0,99,99,9,9,99,99,9,9,99,9,99,1,9,6,6,3,-1,-1,-1,-1,-1,-1,-1,-1,0,-1
2025010561783,2025,010561783,2,9,0,99,99,9,9,99,99,9,9,99,9,99,9,9,6,6,2,83,11,-1,-1,-1,-1,9,E01001018,0,1
2025010561783,2025,010561783,1,9,0,99,99,9,9,99,99,9,9,99,9,99,9,9,5,6,2,26,6,-1,-1,-1,-1,6,E01003368,0,3
2025010561784,2025,010561784,1,9,0,99,99,9,9,99,99,9,9,99,9,99,2,9,5,6,2,35,6,-1,-1,-1,-1,8,E01021749,0,2
2025010561784,2025,010561784,2,9,0,99,99,9,9,99,99,9,9,99,9,99,1,9,6,6,1,33,6,-1,-1,-1,-1,2,E01001849,0,2
2025010561786,2025,010561786,1,11,0,5,5,7,3,0,0,8,0,0,0,0,0,1,1,1,1,47,8,-1,-1,-1,-1,3,E01000404,0,2
2025010561788,2025,010561788,1,9,0,99,99,9,9,99,99,0,9,99,9,99,1,9,6,6,3,-1,-1,-1,-1,-1,-1,-1,-1,0,-1
2025010561789,2025,010561789,1,9,0,18,19,7,3,0,0,6,0,0,0,0,1,1,5,6,1,22,5,-1,-1,-1,-1,3,E01004011,0,1
2025010561793,2025,010561793,1,1,9,99,99,9,9,99,99,9,9,99,9,99,1,1,2,2,1,17,4,-1,-1,-1,-1,7,E01002349,0,1
2025010561793,2025,010561793,2,9,0,99,99,9,9,99,99,9,9,99,9,99,1,9,6,6,3,-1,-1,-1,-1,-1,-1,2,E01000084,0,1
2025010561796,2025,010561796,1,9,0,7,7,1,3,0,0,6,0,0,0,0,1,1,5,6,1,18,4,-1,-1,-1,-1,1,E01001562,0,1
2025010561797,2025,010561797,1,9,0,99,99,9,9,99,99,9,9,0,0,0,9,9,5,6,1,24,5,-1,-1,-1,-1,6,E01000302,0,1
2025010561810,2025,010561810,1,11,0,5,5,5,1,0,0,1,0,0,0,0,0,1,5,6,2,41,7,-1,-1,-1,-1,2,E01003592,0,1
2025010561814,2025,010561814,1,9,0,9,9,2,8,0,0,6,0,0,0,0,3,1,6,6,1,41,7,-1,-1,-1,-1,9,E01002539,0,1
2025010561814,2025,010561814,2,9,0,18,19,8,4,0,0,8,0,0,0,0,1,1,6,6,2,17,4,-1,-1,-1,-1,4,E01002441,0,1
2025010561815,2025,010561815,1,9,0,99,99,9,9,0,0,1,0,0,0,0,2,9,5,6,1,55,8,-1,-1,-1,-1,10,E01003902,0,2
2025010561817,2025,010561817,1,19,0,99,99,9,9,99,99,9,9,99,9,99,2,9,5,6,1,31,6,-1,-1,-1,-1,2,E01000056,0,2
2025010561817,2025,010561817,2,9,0,99,99,9,9,99,99,9,9,99,9,99,1,9,6,6,3,-1,-1,-1,-1,-1,-1,5,E01002326,0,1
2025010561820,2025,010561820,1,9,0,7,7,5,8,0,0,1,0,0,0,0,1,1,6,6,3,-1,-1,-1,-1,-1,-1,-1,-1,0,-1
2025010561820,2025,010561820,2,1,0,18,19,5,1,0,0,1,0,0,0,0,1,1,1,1,1,25,5,-1,-1,-1,-1,6,E01004519,0,1
2025010561824,2025,010561824,1,1,9,99,99,9,9,99,99,9,9,99,9,99,9,1,2,2,2,18,4,-1,-1,-1,-1,7,E01003957,0,1
2025010561824,2025,010561824,2,9,0,99,99,9,9,99,99,9,9,99,9,99,9,9,6,6,3,50,8,-1,-1,-1,-1,5,E01004048,0,1
2025010561826,2025,010561826,1,9,0,7,7,5,7,0,0,1,0,0,0,0,4,1,5,6,1,59,9,-1,-1,-1,-1,3,E01003244,0,1
2025010561833,2025,010561833,1,9,0,2,2,0,0,0,0,2,0,0,0,0,2,1,6,6,3,-1,-1,-1,-1,-1,-1,-1,-1,0,-1
2025010561833,2025,010561833,2,1,0,5,5,5,1,0,0,2,0,0,0,0,1,1,1,1,2,21,5,-1,-1,-1,-1,3,E01002086,0,1
2025010561833,2025,010561833,3,3,0,5,5,5,1,0,0,2,0,0,0,0,1,1,6,6,3,-1,-1,-1,-1,-1,-1,-1,-1,0,-1
2025010561841,2025,010561841,1,9,0,9,9,4,2,0,0,8,0,0,0,0,1,1,6,6,1,82,11,-1,-1,-1,-1,2,E01003253,0,1
2025010561841,2025,010561841,2,23,0,18,19,7,3,9,9,8,0,0,0,0,1,1,5,6,1,18,4,-1,-1,-1,-1,3,E01003280,0,1
2025010561846,2025,010561846,1,19,0,18,19,3,7,0,0,8,0,0,0,0,1,1,5,6,1,32,6,-1,-1,-1,-1,3,E01003479,0,2
2025010561846,2025,010561846,2,1,0,18,19,5,1,0,0,8,0,0,0,0,3,1,5,6,1,34,6,-1,-1,-1,-1,4,E01004427,0,2
2025010561852,2025,010561852,1,9,0,4,4,1,5,0,0,2,0,4,0,0,2,1,5,6,1,34,6,-1,-1,-1,-1,6,E01002556,0,3
2025010561852,2025,010561852,2,11,0,4,4,1,5,0,0,1,0,0,0,0,1,1,1,1,1,54,8,-1,-1,-1,-1,-1,-1,0,-1
2025010561853,2025,010561853,2,3,0,18,19,1,5,0,0,8,0,0,0,0,3,1,6,6,1,24,5,-1,-1,-1,-1,1,E01008737,0,5
2025010561853,2025,010561853,1,9,0,9,9,5,3,0,0,8,0,0,0,0,1,1,5,6,1,51,8,-1,-1,-1,-1,3,E01002649,0,1
2025010561856,2025,010561856,1,9,0,18,19,7,3,0,0,1,5,4,0,0,1,1,6,6,1,75,10,-1,-1,-1,-1,4,E01004417,0,1
2025010561856,2025,010561856,2,9,0,2,2,0,0,0,0,2,0,0,1,0,2,1,6,6,3,-1,-1,-1,-1,-1,-1,-1,-1,0,-1
2025010561856,2025,010561856,3,9,0,2,2,0,0,0,0,2,0,0,0,0,2,1,6,6,3,-1,-1,-1,-1,-1,-1,-1,-1,0,-1
2025010561858,2025,010561858,1,9,0,18,19,7,3,0,0,0,1,0,0,0,1,1,5,6,1,30,6,-1,-1,-1,-1,5,E01001542,0,2
2025010561862,2025,010561862,2,9,0,18,19,5,1,0,0,6,0,0,0,0,1,1,5,6,1,53,8,-1,-1,-1,-1,4,E01002114,0,3
2025010561862,2025,010561862,1,9,0,18,19,7,3,0,0,6,0,0,0,0,3,1,5,6,1,21,5,-1,-1,-1,-1,3,E01001311,0,2
2025010561865,2025,010561865,1,9,0,18,19,7,3,5,5,2,0,0,0,0,1,1,6,6,3,-1,-1,-1,-1,-1,-1,-1,-1,0,-1
2025010561870,2025,010561870,1,9,0,99,99,9,9,99,99,9,9,99,9,99,2,9,5,6,2,31,6,-1,-1,-1,-1,10,E01030382,0,2
2025010561870,2025,010561870,2,9,0,99,99,9,9,99,99,9,9,99,9,99,1,9,6,6,3,48,8,-1,-1,-1,-1,-1,-1,0,-1
2025010561872,2025,010561872,1,97,9,7,7,5,7,0,0,9,9,99,9,99,9,1,6,6,3,-1,-1,-1,-1,-1,-1,-1,-1,0,-1
2025010561874,2025,010561874,1,5,0,99,99,9,9,99,99,9,9,99,9,99,1,1,5,6,1,41,7,-1,-1,-1,-1,7,E01017491,0,4
2025010561874,2025,010561874,2,9,0,99,99,9,9,99,99,9,9,99,9,99,2,9,6,6,3,-1,-1,-1,-1,-1,-1,-1,-1,0,-1
2025010561878,2025,010561878,1,3,0,99,99,9,9,99,99,9,9,99,9,99,2,1,2,2,1,49,8,-1,-1,-1,-1,10,E01030606,0,2
2025010561878,2025,010561878,2,9,0,99,99,9,9,99,99,9,9,99,9,99,1,9,6,6,3,25,5,-1,-1,-1,-1,7,E01002939,0,1
2025010561881,2025,010561881,1,9,0,17,19,5,3,0,0,1,1,0,1,0,1,1,5,6,1,28,6,-1,-1,-1,-1,3,E01000088,0,2
2025010561881,2025,010561881,2,19,0,16,19,3,5,0,0,1,0,0,0,0,1,2,1,1,1,33,6,-1,-1,-1,-1,-1,-1,0,-1
2025010561891,2025,010561891,3,9,0,4,4,1,5,0,0,1,0,0,0,0,1,1,5,6,1,34,6,-1,-1,-1,-1,6,E01002670,0,2
2025010561891,2025,010561891,2,19,0,4,4,1,5,0,0,1,0,0,0,0,2,1,1,1,1,41,7,-1,-1,-1,-1,8,E01035609,0,4
2025010561891,2025,010561891,1,9,0,4,4,1,5,0,0,1,0,0,0,0,2,1,5,6,2,51,8,-1,-1,-1,-1,8,E01001918,0,1
2025010561894,2025,010561894,1,9,0,9,9,3,1,0,0,8,0,0,0,0,1,1,5,6,2,26,6,-1,-1,-1,-1,2,E01000030,0,2
2025010561894,2025,010561894,2,9,0,18,19,7,3,0,0,1,0,0,0,0,3,1,5,6,2,44,7,-1,-1,-1,-1,5,E01000067,0,1
2025010561897,2025,010561897,1,8,0,99,99,9,9,99,99,9,9,99,9,99,9,9,1,1,1,51,8,-1,-1,-1,-1,3,E01004467,0,3
2025010561897,2025,010561897,2,9,9,99,99,9,9,99,99,9,9,99,9,99,9,9,6,6,3,-1,-1,-1,-1,-1,-1,-1,-1,0,-1
2025010561899,2025,010561899,2,9,9,99,99,9,9,99,99,9,9,99,9,99,9,9,6,6,3,-1,-1,-1,-1,-1,-1,-1,-1,0,-1
2025010561899,2025,010561899,1,9,0,99,99,9,9,99,99,9,9,99,9,99,2,9,5,6,1,26,6,-1,-1,-1,-1,6,E01002223,0,1
2025010561903,2025,010561903,1,9,0,11,11,3,7,0,0,1,0,0,0,0,4,1,1,1,2,45,7,-1,-1,-1,-1,-1,-1,0,-1
2025010561903,2025,010561903,2,9,0,8,8,3,6,0,0,1,0,0,0,0,3,1,1,1,1,43,7,-1,-1,-1,-1,3,E01002215,0,3
2025010561906,2025,010561906,1,19,0,7,7,5,7,0,0,8,0,0,0,0,1,1,6,6,1,57,9,-1,-1,-1,-1,7,E01001678,0,3
2025010561907,2025,010561907,2,1,0,18,19,1,5,0,0,8,0,0,0,0,1,1,5,6,1,48,8,-1,-1,-1,-1,2,E01033883,0,1
2025010561907,2025,010561907,1,11,0,18,19,7,3,0,0,8,0,0,0,0,4,1,1,1,1,40,7,-1,-1,-1,-1,3,E01001698,0,3
2025010561908,2025,010561908,1,21,1,5,5,5,1,0,0,2,0,0,0,0,1,1,1,1,1,61,9,-1,-1,-1,-1,6,E01004353,0,3
2025010561909,2025,010561909,1,11,0,3,3,1,5,0,0,0,0,0,0,0,0,1,1,1,2,38,7,-1,-1,-1,-1,6,E01003946,0,2
2025010561910,2025,010561910,2,90,0,99,99,9,9,99,99,9,9,99,9,99,9,9,6,6,3,-1,-1,-1,-1,-1,-1,-1,-1,0,-1
2025010561910,2025,010561910,1,1,9,99,99,9,9,99,99,9,9,99,9,99,9,1,2,2,1,-1,-1,-1,-1,-1,-1,4,E01002841,0,1
2025010561913,2025,010561913,1,10,0,99,99,9,9,99,99,9,9,99,9,99,1,9,5,6,1,30,6,-1,-1,-1,-1,4,E01004417,0,1
2025010561913,2025,010561913,2,1,9,99,99,9,9,99,99,9,9,99,9,99,9,1,6,6,3,-1,-1,-1,-1,-1,-1,2,E01004398,0,1
2025010561924,2025,010561924,1,9,0,18,19,1,5,0,0,8,0,0,0,0,1,1,5,6,1,55,8,-1,-1,-1,-1,8,E01000389,0,2
2025010561924,2025,010561924,2,9,0,9,9,3,1,0,0,6,0,0,7,0,3,2,5,6,1,21,5,-1,-1,-1,-1,-1,-1,0,-1
2025010561925,2025,010561925,2,1,0,5,5,3,7,0,0,3,0,0,0,0,3,1,6,6,2,68,10,-1,-1,-1,-1,5,E01000417,0,1
2025010561925,2025,010561925,1,9,0,8,8,7,1,0,0,2,0,0,1,0,4,1,6,6,1,68,10,-1,-1,-1,-1,5,E01000450,0,1
2025010561927,2025,010561927,1,9,0,9,9,7,5,0,0,8,0,0,0,0,1,1,2,2,1,37,7,-1,-1,-1,-1,7,E01000328,0,1
2025010561929,2025,010561929,2,11,0,99,99,9,9,99,99,9,9,99,9,99,9,9,6,6,3,-1,-1,-1,-1,-1,-1,-1,-1,0,-1
2025010561929,2025,010561929,1,1,9,99,99,9,9,99,99,9,9,99,9,99,9,1,5,6,1,32,6,-1,-1,-1,-1,3,E01034222,0,1
2025010561933,2025,010561933,2,9,0,99,99,9,9,99,99,9,9,99,9,99,9,9,6,6,3,-1,-1,-1,-1,-1,-1,-1,-1,0,-1
2025010561933,2025,010561933,1,3,0,99,99,9,9,99,99,9,9,99,9,99,9,1,5,6,1,24,5,-1,-1,-1,-1,5,E01004523,0,1
2025010561943,2025,010561943,2,9,5,12,12,1,5,6,6,7,0,4,0,0,1,1,6,6,2,51,8,-1,-1,-1,-1,6,E01001309,0,2
2025010561943,2025,010561943,1,9,5,2,2,1,5,6,6,7,1,0,1,9,2,1,6,6,1,60,9,-1,-1,-1,-1,6,E01000274,0,4
2025010561944,2025,010561944,2,9,0,99,99,9,9,99,99,9,9,99,9,99,9,9,6,6,3,-1,-1,-1,-1,-1,-1,-1,-1,0,-1
2025010561944,2025,010561944,1,3,0,99,99,9,9,99,99,9,9,99,9,99,1,1,5,6,1,42,7,-1,-1,-1,-1,2,E01001877,0,3
2025010561950,2025,010561950,1,9,9,99,99,9,9,99,99,9,9,99,9,99,9,9,6,6,3,-1,-1,-1,-1,-1,-1,-1,-1,0,-1
2025010561953,2025,010561953,1,11,0,18,19,7,3,2,2,0,0,0,0,0,0,1,1,1,1,36,7,-1,-1,-1,-1,2,E01003188,0,1
2025010561954,2025,010561954,1,9,9,99,99,9,9,99,99,9,9,99,9,99,9,9,6,6,3,-1,-1,-1,-1,-1,-1,-1,-1,0,-1
2025010561954,2025,010561954,2,11,9,99,99,9,9,99,99,9,9,99,9,99,9,1,6,6,3,-1,-1,-1,-1,-1,-1,-1,-1,0,-1
2025010561955,2025,010561955,1,9,0,14,14,7,3,0,0,1,0,0,7,10,1,1,5,6,1,36,7,-1,-1,-1,-1,5,E01000330,0,1
2025010561955,2025,010561955,2,9,0,9,9,7,5,0,0,2,0,0,0,0,3,1,6,6,1,19,4,-1,-1,-1,-1,10,E01000449,0,1
2025010561956,2025,010561956,2,-1,9,99,99,9,9,99,99,9,9,99,9,99,9,9,6,6,2,52,8,-1,-1,-1,-1,4,E01003969,1,1
2025010561956,2025,010561956,1,19,9,99,99,9,9,99,99,9,9,99,9,99,9,9,6,6,1,-1,-1,-1,-1,-1,-1,2,E01004003,0,2
2025010561958,2025,010561958,1,11,0,5,5,1,5,2,2,1,0,0,0,0,4,1,5,6,1,44,7,-1,-1,-1,-1,9,E01002960,0,2
2025010561965,2025,010561965,2,9,0,18,19,1,5,0,0,4,0,0,0,0,1,1,6,6,3,-1,-1,-1,-1,-1,-1,-1,-1,0,-1
2025010561965,2025,010561965,1,9,0,17,19,5,1,0,0,8,0,0,0,0,4,1,6,6,2,39,7,-1,-1,-1,-1,9,E01031004,0,4
2025010561966,2025,010561966,1,9,0,18,19,1,5,0,0,1,0,0,0,0,1,1,6,6,3,-1,-1,-1,-1,-1,-1,-1,-1,0,-1
2025010561974,2025,010561974,1,9,0,99,99,9,9,99,99,9,9,99,9,99,9,9,5,6,2,20,4,-1,-1,-1,-1,7,E01000387,0,1
2025010561974,2025,010561974,2,9,0,99,99,9,9,99,99,9,9,99,9,99,9,9,6,6,3,-1,-1,-1,-1,-1,-1,-1,-1,0,-1
2025010561980,2025,010561980,1,9,0,99,99,9,9,99,99,9,9,99,9,99,9,9,5,6,1,49,8,-1,-1,-1,-1,3,E01001169,0,1
2025010561980,2025,010561980,2,9,0,99,99,9,9,99,99,9,9,99,9,99,1,9,6,6,1,50,8,-1,-1,-1,-1,8,E01001123,0,1
2025010561983,2025,010561983,2,9,0,7,7,5,8,0,0,6,0,0,0,0,1,1,6,6,3,-1,-1,-1,-1,-1,-1,-1,-1,0,-1
2025010561983,2025,010561983,1,9,0,5,5,2,6,0,0,5,0,4,0,0,1,1,5,6,2,23,5,-1,-1,-1,-1,3,E01002548,0,1
2025010561984,2025,010561984,2,9,0,99,99,9,9,99,99,9,9,99,9,99,1,9,6,6,3,-1,-1,-1,-1,-1,-1,7,E01005819,0,5
2025010561984,2025,010561984,1,9,0,99,99,9,9,99,99,9,9,99,9,99,9,9,5,6,1,56,9,-1,-1,-1,-1,3,E01003379,0,2
2025010561985,2025,010561985,1,1,0,9,9,6,4,0,0,5,5,0,0,0,1,1,5,6,1,37,7,-1,-1,-1,-1,6,E01000847,0,1
2025010561985,2025,010561985,2,1,0,-1,-1,6,2,0,0,1,5,0,0,0,1,1,6,6,1,52,8,-1,-1,-1,-1,4,E01002738,0,1
2025010561987,2025,010561987,1,9,0,18,19,7,3,0,0,2,0,0,0,0,4,1,2,2,1,43,7,-1,-1,-1,-1,-1,-1,0,-1
2025010561987,2025,010561987,2,19,0,18,19,1,5,0,0,2,0,0,0,0,1,1,1,1,1,24,5,-1,-1,-1,-1,3,E01001807,0,2
2025010561995,2025,010561995,2,1,0,9,9,8,5,0,0,1,5,0,3,0,3,1,5,6,1,16,4,-1,-1,-1,-1,-1,-1,0,-1
2025010561995,2025,010561995,1,19,0,2,2,0,0,0,0,1,0,0,0,0,3,2,6,6,3,-1,-1,-1,-1,-1,-1,-1,-1,0,-1
2025010561996,2025,010561996,2,9,0,5,5,1,5,0,0,6,0,0,0,0,1,1,6,6,3,-1,-1,-1,-1,-1,-1,-1,-1,0,-1
2025010561996,2025,010561996,1,3,0,18,19,7,3,0,0,8,0,0,0,0,1,1,1,1,1,48,8,-1,-1,-1,-1,4,E01002593,0,1
2025010561997,2025,010561997,2,9,0,99,99,9,9,99,99,9,9,99,9,99,1,9,6,6,3,-1,-1,-1,-1,-1,-1,-1,-1,0,-1
2025010561997,2025,010561997,1,9,0,99,99,9,9,99,99,9,9,99,9,99,2,9,5,6,2,32,6,-1,-1,-1,-1,4,E01002805,0,1
2025010561999,2025,010561999,1,9,0,99,99,9,9,99,99,9,9,99,9,99,1,9,6,6,3,-1,-1,-1,-1,-1,-1,7,E01003754,0,1