collision_index,collision_year,collision_ref_no,vehicle_reference,vehicle_type,towing_and_articulation,vehicle_manoeuvre_historic,vehicle_manoeuvre,vehicle_direction_from,vehicle_direction_to,vehicle_location_restricted_lane_historic,vehicle_location_restricted_lane,junction_location,skidding_and_overturning,hit_object_in_carriageway,vehicle_leaving_carriageway,hit_object_off_carriageway,first_point_of_impact,vehicle_left_hand_drive,journey_purpose_of_driver_historic,journey_purpose_of_driver,sex_of_driver,age_of_driver,age_band_of_driver,engine_capacity_cc,propulsion_code,age_of_vehicle,generic_make_model,driver_imd_decile,lsoa_of_driver,escooter_flag,driver_distance_banding
2025010562003,2025,010562003,1,9,0,99,99,9,9,99,99,9,9,99,9,99,2,9,5,6,2,50,8,-1,-1,-1,-1,5,E01002507,0,1
2025010562004,2025,010562004,1,9,0,15,15,5,1,0,0,8,0,0,0,0,1,1,6,6,3,-1,-1,-1,-1,-1,-1,-1,-1,0,-1
2025010562004,2025,010562004,2,1,0,18,19,5,1,0,0,8,5,0,0,0,1,1,5,6,2,36,7,-1,-1,-1,-1,4,E01004425,0,1
2025010562010,2025,010562010,1,9,0,5,5,1,5,0,0,8,0,0,7,1,1,1,5,6,1,80,11,-1,-1,-1,-1,10,E01002937,0,1
2025010562011,2025,010562011,2,1,0,18,19,3,7,0,0,0,2,0,0,0,0,1,5,6,1,25,5,-1,-1,-1,-1,5,E01001276,0,1
2025010562011,2025,010562011,1,3,0,18,19,3,7,0,0,0,2,0,0,0,4,1,1,1,1,21,5,-1,-1,-1,-1,2,E01001202,0,1
2025010562012,2025,010562012,1,9,0,14,14,4,8,0,0,0,0,0,0,0,1,1,5,6,2,43,7,-1,-1,-1,-1,2,E01004129,0,1
2025010562017,2025,010562017,1,9,0,18,19,3,7,0,0,8,0,0,0,0,1,1,5,6,1,43,7,-1,-1,-1,-1,8,E01030571,0,4
2025010562017,2025,010562017,2,9,0,9,9,7,5,0,0,8,0,0,0,0,1,1,5,6,2,36,7,-1,-1,-1,-1,5,E01001085,0,1
2025010562018,2025,010562018,1,9,0,9,9,2,7,0,0,1,0,0,0,0,0,1,6,6,1,36,7,-1,-1,-1,-1,10,E01030597,0,4
2025010562018,2025,010562018,2,1,0,-1,-1,5,1,0,0,1,0,0,0,0,0,1,1,1,1,52,8,-1,-1,-1,-1,9,E01003812,0,1
2025010562020,2025,010562020,1,1,9,99,99,9,9,99,99,9,9,99,9,99,2,1,5,6,1,25,5,-1,-1,-1,-1,3,E01001239,0,1
2025010562020,2025,010562020,2,9,0,99,99,9,9,99,99,9,9,99,9,99,9,9,6,6,3,-1,-1,-1,-1,-1,-1,-1,-1,0,-1
2025010562022,2025,010562022,2,3,0,18,19,3,7,0,0,8,5,0,0,0,1,1,6,6,1,30,6,-1,-1,-1,-1,4,E01004540,0,1
2025010562022,2025,010562022,1,9,0,9,9,7,5,0,0,8,0,0,0,0,4,1,1,1,1,52,8,-1,-1,-1,-1,2,E01004324,0,2
2025010562026,2025,010562026,1,19,0,9,9,5,2,0,0,1,0,0,0,0,1,1,2,2,1,37,7,-1,-1,-1,-1,3,E01001492,0,1
2025010562026,2025,010562026,2,1,0,-1,-1,1,5,0,0,2,0,0,0,0,1,1,2,2,1,29,6,-1,-1,-1,-1,2,E01001433,0,1
2025010562030,2025,010562030,1,9,0,18,19,7,3,0,0,8,0,0,0,0,1,1,5,6,1,32,6,-1,-1,-1,-1,5,E01004346,0,2
2025010562030,2025,010562030,2,9,0,9,9,1,7,0,0,6,0,0,0,0,1,1,5,6,1,70,10,-1,-1,-1,-1,6,E01001565,0,1
2025010562034,2025,010562034,1,3,0,99,99,9,9,99,99,9,9,99,9,99,9,1,2,2,1,33,6,-1,-1,-1,-1,3,E01003121,0,3
2025010562034,2025,010562034,2,9,0,99,99,9,9,99,99,9,9,99,9,99,9,9,6,6,3,-1,-1,-1,-1,-1,-1,-1,-1,0,-1
2025010562037,2025,010562037,2,9,0,99,99,9,9,99,99,9,9,99,9,99,1,9,6,6,3,47,8,-1,-1,-1,-1,2,E01000106,0,1
2025010562037,2025,010562037,1,9,0,99,99,9,9,99,99,9,9,99,9,99,9,9,6,6,2,30,6,-1,-1,-1,-1,2,E01000086,0,1
2025010562044,2025,010562044,1,1,9,99,99,9,9,99,99,9,9,99,9,99,9,1,3,7,1,14,3,-1,-1,-1,-1,3,E01001864,0,1
2025010562044,2025,010562044,2,20,0,99,99,9,9,99,99,9,9,99,9,99,9,9,6,6,3,-1,-1,-1,-1,-1,-1,-1,-1,0,-1
2025010562050,2025,010562050,2,9,0,9,9,7,5,0,0,1,0,0,0,0,1,1,5,6,2,54,8,-1,-1,-1,-1,5,E01015942,0,4
2025010562050,2025,010562050,1,1,0,18,19,3,7,4,4,8,0,0,0,0,3,1,1,1,2,37,7,-1,-1,-1,-1,4,E01003543,0,1
2025010562052,2025,010562052,1,3,0,99,99,9,9,99,99,9,9,99,9,99,2,1,5,6,1,23,5,-1,-1,-1,-1,3,E01002045,0,2
2025010562052,2025,010562052,2,9,0,99,99,9,9,99,99,9,9,99,9,99,1,9,6,6,3,-1,-1,-1,-1,-1,-1,-1,-1,0,-1
2025010562057,2025,010562057,1,9,0,99,99,9,9,99,99,9,9,99,9,99,2,9,2,2,1,39,7,-1,-1,-1,-1,2,E01000017,0,2
2025010562057,2025,010562057,2,21,9,99,99,9,9,99,99,9,9,99,9,99,1,9,6,6,3,-1,-1,-1,-1,-1,-1,-1,-1,0,-1
2025010562063,2025,010562063,2,9,0,16,19,1,5,0,0,7,0,0,0,0,1,1,6,6,1,39,7,-1,-1,-1,-1,-1,-1,0,-1
2025010562063,2025,010562063,1,9,0,4,4,1,5,0,0,1,0,0,0,0,2,1,1,1,2,48,8,-1,-1,-1,-1,6,E01003755,0,1
2025010562065,2025,010562065,1,9,0,99,99,9,9,99,99,9,9,99,9,99,2,9,2,2,2,27,6,-1,-1,-1,-1,3,E01002401,0,1
2025010562065,2025,010562065,2,19,0,99,99,9,9,99,99,9,9,99,9,99,1,9,6,6,3,24,5,-1,-1,-1,-1,5,E01002398,0,1
2025010562068,2025,010562068,3,19,0,18,19,5,1,0,0,1,0,0,0,0,1,1,6,6,1,46,8,-1,-1,-1,-1,10,E01030406,0,1
2025010562068,2025,010562068,2,9,0,4,4,5,1,0,0,1,0,0,0,0,2,1,3,7,2,43,7,-1,-1,-1,-1,9,E01004158,0,1
2025010562068,2025,010562068,1,9,0,4,4,5,1,0,0,1,0,0,0,0,2,1,6,6,2,42,7,-1,-1,-1,-1,10,E01004120,0,1
2025010562076,2025,010562076,1,3,0,99,99,9,9,99,99,9,9,99,9,99,2,1,1,1,3,23,5,-1,-1,-1,-1,7,E01002207,0,1
2025010562076,2025,010562076,2,9,9,99,99,9,9,99,99,9,9,99,9,99,1,9,6,6,3,-1,-1,-1,-1,-1,-1,-1,-1,0,-1
2025010562077,2025,010562077,2,9,0,99,99,9,9,99,99,9,9,99,9,99,2,9,6,6,3,-1,-1,-1,-1,-1,-1,-1,-1,0,-1
2025010562077,2025,010562077,1,1,9,99,99,9,9,99,99,9,9,99,9,99,2,1,1,1,1,42,7,-1,-1,-1,-1,4,E01002795,0,1
2025010562078,2025,010562078,1,11,0,18,19,5,1,0,0,8,0,0,0,0,4,1,1,1,1,37,7,-1,-1,-1,-1,2,E01000096,0,3
2025010562079,2025,010562079,2,9,0,99,99,9,9,99,99,9,9,99,9,99,9,9,6,6,3,-1,-1,-1,-1,-1,-1,-1,-1,0,-1
2025010562079,2025,010562079,1,3,0,99,99,9,9,99,99,9,9,99,9,99,9,1,1,1,1,19,4,-1,-1,-1,-1,2,E01004008,0,1
2025010562084,2025,010562084,1,1,9,99,99,9,9,99,99,9,9,99,9,99,9,1,5,6,1,25,5,-1,-1,-1,-1,3,E01035657,0,1
2025010562084,2025,010562084,2,9,0,99,99,9,9,99,99,9,9,99,9,99,9,9,6,6,3,-1,-1,-1,-1,-1,-1,-1,-1,0,-1
2025010562086,2025,010562086,2,9,0,18,19,5,1,0,0,0,0,0,0,0,2,1,5,6,2,61,9,-1,-1,-1,-1,5,E01015972,0,2
2025010562086,2025,010562086,1,9,0,18,19,5,1,0,0,0,1,7,0,0,1,1,5,6,2,22,5,-1,-1,-1,-1,5,E01002361,0,1
2025010562089,2025,010562089,1,9,0,18,19,1,5,0,0,1,0,0,1,0,1,1,5,6,1,35,6,-1,-1,-1,-1,4,E01002017,0,1
2025010562094,2025,010562094,2,8,0,18,19,3,7,0,0,2,0,0,0,0,2,1,1,1,1,54,8,-1,-1,-1,-1,6,E01001271,0,3
2025010562094,2025,010562094,1,9,0,18,19,3,7,0,0,2,0,0,0,0,1,1,6,6,1,34,6,-1,-1,-1,-1,3,E01004283,0,3
2025010562099,2025,010562099,1,9,0,18,19,5,1,0,0,2,0,0,0,0,3,1,5,6,1,40,7,-1,-1,-1,-1,6,E01001248,0,1
2025010562099,2025,010562099,2,9,0,18,19,7,3,0,0,2,0,0,0,0,1,1,5,6,1,25,5,-1,-1,-1,-1,3,E01002634,0,2
2025010562102,2025,010562102,1,9,0,9,9,1,7,0,0,1,0,0,0,0,1,1,3,7,2,41,7,-1,-1,-1,-1,7,E01001084,0,1
2025010562103,2025,010562103,1,9,0,1,1,7,3,0,0,0,0,0,0,0,2,1,1,1,1,29,6,-1,-1,-1,-1,7,E01016312,0,4
2025010562105,2025,010562105,1,19,0,18,19,7,3,9,9,8,5,11,7,1,1,1,1,1,1,73,10,-1,-1,-1,-1,4,E01015962,0,4
2025010562109,2025,010562109,1,1,0,18,19,7,3,0,0,1,0,0,0,0,1,1,2,2,1,60,9,-1,-1,-1,-1,10,E01003474,0,2
2025010562110,2025,010562110,2,9,0,99,99,9,9,99,99,9,9,99,9,99,9,9,6,6,3,-1,-1,-1,-1,-1,-1,-1,-1,0,-1
2025010562110,2025,010562110,1,3,0,99,99,9,9,99,99,9,9,99,9,99,9,1,2,2,2,44,7,-1,-1,-1,-1,6,E01002602,0,4
2025010562113,2025,010562113,1,11,0,5,5,1,5,0,0,1,0,0,0,0,1,1,1,1,1,37,7,-1,-1,-1,-1,8,E01035233,0,5
2025010562113,2025,010562113,2,19,0,3,3,1,5,0,0,1,0,0,0,0,2,1,1,1,1,55,8,-1,-1,-1,-1,7,E01030466,0,4
2025010562115,2025,010562115,1,11,0,-1,-1,1,5,2,2,1,0,0,0,0,0,1,5,6,1,65,9,-1,-1,-1,-1,5,E01000799,0,2
2025010562115,2025,010562115,2,9,0,7,7,5,7,0,0,5,0,0,0,0,0,1,6,6,3,-1,-1,-1,-1,-1,-1,-1,-1,0,-1
2025010562118,2025,010562118,1,11,0,99,99,9,9,99,99,9,9,99,9,99,9,9,1,1,2,45,7,-1,-1,-1,-1,9,E01035596,0,4
2025010562121,2025,010562121,1,9,0,18,19,2,6,0,0,1,0,0,0,0,1,1,5,6,2,81,11,-1,-1,-1,-1,10,E01000697,0,1
2025010562125,2025,010562125,1,11,0,18,19,3,7,2,2,5,0,0,0,0,0,1,1,1,1,42,7,-1,-1,-1,-1,3,E01001448,0,3
2025010562126,2025,010562126,1,11,0,5,5,5,1,0,0,6,0,0,0,0,0,1,1,1,2,19,4,-1,-1,-1,-1,3,E01003132,0,1
2025010562127,2025,010562127,2,9,0,99,99,9,9,99,99,9,9,99,9,99,1,9,6,6,3,-1,-1,-1,-1,-1,-1,8,E01003817,0,1
2025010562127,2025,010562127,1,1,9,99,99,9,9,99,99,9,9,99,9,99,9,1,5,6,1,64,9,-1,-1,-1,-1,7,E01002965,0,1
2025010562128,2025,010562128,2,1,9,99,99,9,9,99,99,9,9,99,9,99,2,1,6,6,3,-1,-1,-1,-1,-1,-1,-1,-1,0,-1
2025010562128,2025,010562128,1,9,0,99,99,9,9,99,99,9,9,99,9,99,2,9,5,6,1,54,8,-1,-1,-1,-1,2,E01003604,0,2
2025010562131,2025,010562131,3,19,0,3,3,1,5,0,0,1,0,0,0,0,0,1,1,1,1,48,8,-1,-1,-1,-1,5,E01024319,0,4
2025010562131,2025,010562131,1,5,0,15,15,1,5,2,2,1,0,0,0,0,3,1,5,6,1,54,8,-1,-1,-1,-1,2,E01003044,0,1
2025010562131,2025,010562131,2,19,0,10,10,5,3,0,0,1,0,0,0,0,1,1,1,1,1,44,7,-1,-1,-1,-1,4,E01003062,0,2
2025010562133,2025,010562133,2,9,0,99,99,9,9,99,99,9,9,99,9,99,1,9,6,6,3,-1,-1,-1,-1,-1,-1,-1,-1,0,-1
2025010562133,2025,010562133,1,1,9,99,99,9,9,99,99,9,9,99,9,99,9,1,2,2,2,42,7,-1,-1,-1,-1,4,E01000547,0,1
2025010562134,2025,010562134,1,3,0,18,19,1,5,0,0,0,1,0,9,0,1,1,6,6,3,-1,-1,-1,-1,-1,-1,-1,-1,0,-1
2025010562135,2025,010562135,2,1,0,18,19,4,8,0,0,1,0,0,0,0,0,1,6,6,1,53,8,-1,-1,-1,-1,7,E01004134,0,1
2025010562135,2025,010562135,1,9,0,9,9,8,5,9,9,5,0,0,1,0,0,1,6,6,1,39,7,-1,-1,-1,-1,-1,-1,0,-1
2025010562148,2025,010562148,2,1,0,18,19,5,1,0,0,0,0,0,0,0,2,1,1,1,1,61,9,-1,-1,-1,-1,-1,-1,0,-1
2025010562148,2025,010562148,1,9,0,18,19,5,1,0,0,0,0,0,0,0,1,1,6,6,3,-1,-1,-1,-1,-1,-1,-1,-1,0,-1
2025010562152,2025,010562152,2,9,0,99,99,9,9,99,99,9,9,99,9,99,1,9,6,6,3,-1,-1,-1,-1,-1,-1,-1,-1,0,-1
2025010562152,2025,010562152,1,3,0,99,99,9,9,99,99,9,9,99,9,99,1,1,5,6,3,38,7,-1,-1,-1,-1,4,E01003053,0,2
2025010562155,2025,010562155,1,1,0,18,19,7,3,9,9,1,0,0,0,0,1,1,6,6,2,31,6,-1,-1,-1,-1,-1,-1,0,-1
2025010562157,2025,010562157,2,4,0,18,19,7,3,0,0,8,0,0,0,0,1,1,5,6,1,21,5,-1,-1,-1,-1,3,E01001116,0,1
2025010562157,2025,010562157,1,9,0,18,19,1,5,0,0,8,0,0,0,0,3,1,5,6,1,77,11,-1,-1,-1,-1,5,E01001157,0,1
2025010562158,2025,010562158,1,97,0,18,19,3,7,0,0,1,0,0,0,0,1,1,6,6,1,42,7,-1,-1,-1,-1,8,E01003789,0,2
2025010562159,2025,010562159,1,3,0,99,99,9,9,99,99,9,9,99,9,99,1,1,5,6,3,33,6,-1,-1,-1,-1,2,E01001549,0,1
2025010562159,2025,010562159,2,9,0,99,99,9,9,99,99,9,9,99,9,99,2,9,6,6,3,-1,-1,-1,-1,-1,-1,-1,-1,0,-1
2025010562169,2025,010562169,1,11,0,4,4,1,5,0,0,1,0,0,0,0,1,1,5,6,1,60,9,-1,-1,-1,-1,6,E01003790,0,2
2025010562171,2025,010562171,1,11,0,4,4,7,3,0,0,1,0,0,0,0,0,1,1,1,1,52,8,-1,-1,-1,-1,3,E01000080,0,2
2025010562178,2025,010562178,2,9,0,99,99,9,9,99,99,9,9,99,9,99,9,9,6,6,2,-1,-1,-1,-1,-1,-1,4,E01000610,0,1
2025010562178,2025,010562178,1,9,0,99,99,9,9,99,99,9,9,99,9,99,9,9,5,6,1,21,5,-1,-1,-1,-1,5,E01000620,0,1
2025010562183,2025,010562183,1,9,0,-1,-1,5,1,0,0,8,0,0,0,0,1,1,6,6,3,-1,-1,-1,-1,-1,-1,-1,-1,0,-1
2025010562184,2025,010562184,2,9,0,4,4,3,7,0,0,1,0,0,0,0,4,1,6,6,1,74,10,-1,-1,-1,-1,-1,-1,0,-1
2025010562184,2025,010562184,1,19,0,18,19,3,7,0,0,1,0,0,1,1,4,1,1,1,1,20,4,-1,-1,-1,-1,5,E01001570,0,4
2025010562186,2025,010562186,1,1,9,99,99,9,9,99,99,9,9,99,9,99,9,1,2,2,1,61,9,-1,-1,-1,-1,8,E01001580,0,1
2025010562186,2025,010562186,2,9,0,99,99,9,9,99,99,9,9,99,9,99,9,9,6,6,3,-1,-1,-1,-1,-1,-1,-1,-1,0,-1
2025010562187,2025,010562187,1,9,0,1,1,1,5,0,0,9,0,0,0,0,2,9,6,6,3,-1,-1,-1,-1,-1,-1,-1,-1,0,-1
2025010562188,2025,010562188,1,3,0,18,19,7,3,0,0,3,0,0,0,0,1,1,6,6,1,35,6,-1,-1,-1,-1,8,E01002691,0,2
2025010562189,2025,010562189,1,19,0,5,5,7,3,0,0,3,0,0,0,0,1,1,1,1,1,50,8,-1,-1,-1,-1,5,E01002874,0,1
2025010562190,2025,010562190,1,1,9,99,99,9,9,99,99,9,9,99,9,99,1,1,6,6,3,-1,-1,-1,-1,-1,-1,-1,-1,0,-1
2025010562191,2025,010562191,1,9,0,99,99,9,9,99,99,9,9,99,9,99,2,9,6,6,3,-1,-1,-1,-1,-1,-1,6,E01001271,0,3
2025010562195,2025,010562195,2,1,0,18,19,7,3,0,0,8,0,0,0,0,1,1,5,6,2,47,8,-1,-1,-1,-1,1,E01003318,0,1
2025010562195,2025,010562195,1,9,0,5,5,3,7,0,0,2,0,0,0,0,1,1,5,6,1,30,6,-1,-1,-1,-1,3,E01004319,0,2
2025010562199,2025,010562199,2,9,0,99,99,9,9,99,99,9,9,99,9,99,2,9,6,6,3,-1,-1,-1,-1,-1,-1,-1,-1,0,-1
2025010562199,2025,010562199,1,9,0,99,99,9,9,99,99,9,9,99,9,99,9,9,5,6,2,36,7,-1,-1,-1,-1,6,E01000795,0,1
2025010562208,2025,010562208,2,9,0,-1,-1,8,4,0,0,8,0,0,0,0,1,1,6,6,1,64,9,-1,-1,-1,-1,8,E01000183,0,1
2025010562208,2025,010562208,1,9,0,9,9,4,2,0,0,8,0,0,0,0,1,1,6,6,2,73,10,-1,-1,-1,-1,-1,-1,0,-1
2025010562209,2025,010562209,1,9,0,7,7,2,4,0,0,8,0,0,0,0,4,1,5,6,2,68,10,-1,-1,-1,-1,2,E01019510,0,5
2025010562210,2025,010562210,2,9,0,18,19,5,1,0,0,8,0,0,0,0,1,1,6,6,3,-1,-1,-1,-1,-1,-1,-1,-1,0,-1
2025010562210,2025,010562210,1,23,0,18,19,5,1,0,0,8,2,0,0,0,2,1,5,6,1,17,4,-1,-1,-1,-1,3,E01001516,0,2
2025010562212,2025,010562212,1,9,0,7,7,3,5,0,0,2,0,0,0,0,1,1,6,6,3,-1,-1,-1,-1,-1,-1,-1,-1,0,-1
2025010562213,2025,010562213,2,19,0,9,9,7,5,0,0,1,0,0,0,0,1,1,6,6,1,55,8,-1,-1,-1,-1,5,E01003495,0,1
2025010562213,2025,010562213,1,3,0,-1,-1,5,1,0,0,1,0,0,0,0,1,1,5,6,1,28,6,-1,-1,-1,-1,4,E01003769,0,2
2025010562216,2025,010562216,2,9,0,18,19,1,5,0,0,8,0,0,0,0,1,1,2,2,2,39,7,-1,-1,-1,-1,5,E01002619,0,1
2025010562216,2025,010562216,1,9,0,5,5,3,7,0,0,8,0,0,0,0,3,1,2,2,1,52,8,-1,-1,-1,-1,10,E01017751,0,3
2025010562217,2025,010562217,2,9,0,18,19,3,7,0,0,8,0,0,0,0,1,1,6,6,3,-1,-1,-1,-1,-1,-1,-1,-1,0,-1
2025010562217,2025,010562217,1,1,0,18,19,1,5,1,1,1,0,0,7,0,2,1,5,6,1,19,4,-1,-1,-1,-1,7,E01001131,0,1
2025010562219,2025,010562219,1,1,0,18,19,5,1,0,0,6,0,0,0,0,1,1,1,1,1,27,6,-1,-1,-1,-1,4,E01035686,0,2
2025010562219,2025,010562219,2,19,0,7,7,5,7,0,0,8,0,0,0,0,1,1,6,6,1,20,4,-1,-1,-1,-1,4,E01001264,0,3
2025010562220,2025,010562220,1,9,0,99,99,9,9,99,99,9,9,99,9,99,2,1,5,6,1,46,8,-1,-1,-1,-1,9,E01004085,0,1
2025010562227,2025,010562227,3,9,0,18,19,2,6,0,0,0,0,0,0,0,0,1,1,1,1,46,8,-1,-1,-1,-1,2,E01003047,0,2
2025010562227,2025,010562227,1,9,0,17,19,4,2,0,0,0,0,0,0,0,1,1,5,6,2,25,5,-1,-1,-1,-1,-1,-1,0,-1
2025010562227,2025,010562227,2,3,0,16,19,2,4,0,0,0,5,10,7,11,1,1,6,6,1,18,4,-1,-1,-1,-1,4,E01016174,0,4
2025010562229,2025,010562229,3,9,0,2,2,0,0,0,0,1,0,0,0,0,1,1,6,6,3,-1,-1,-1,-1,-1,-1,-1,-1,0,-1
2025010562229,2025,010562229,2,9,0,2,2,0,0,0,0,1,0,0,0,0,1,1,6,6,3,-1,-1,-1,-1,-1,-1,-1,-1,0,-1
2025010562229,2025,010562229,1,9,0,18,19,6,2,0,0,1,0,4,2,2,1,1,5,6,2,76,11,-1,-1,-1,-1,8,E01002109,0,1
2025010562230,2025,010562230,1,9,0,18,19,1,5,0,0,0,0,0,0,0,3,1,6,6,2,77,11,-1,-1,-1,-1,5,E01001185,0,1
2025010562230,2025,010562230,2,9,0,18,19,1,5,0,0,0,0,0,0,0,3,1,6,6,3,-1,-1,-1,-1,-1,-1,-1,-1,0,-1
2025010562232,2025,010562232,1,9,0,99,99,9,9,99,99,9,9,99,9,99,9,9,6,6,3,-1,-1,-1,-1,-1,-1,-1,-1,0,-1
2025010562233,2025,010562233,2,9,0,7,7,7,2,0,0,6,0,0,0,0,1,1,6,6,1,18,4,-1,-1,-1,-1,3,E01002807,0,1
2025010562233,2025,010562233,1,9,0,18,19,5,1,0,0,8,0,0,0,0,1,1,5,6,1,36,7,-1,-1,-1,-1,2,E01004309,0,1
2025010562233,2025,010562233,3,9,0,9,9,7,6,0,0,2,0,0,0,0,0,1,1,1,2,33,6,-1,-1,-1,-1,4,E01002695,0,1
2025010562234,2025,010562234,1,9,0,18,19,5,1,0,0,4,0,9,3,1,1,1,6,6,1,20,4,-1,-1,-1,-1,3,E01001705,0,1
2025010562236,2025,010562236,2,9,0,3,3,3,7,0,0,1,0,0,0,0,0,1,1,1,1,47,8,-1,-1,-1,-1,4,E01004401,0,1
2025010562236,2025,010562236,1,5,0,18,19,6,2,0,0,1,2,2,0,0,1,1,5,6,1,23,5,-1,-1,-1,-1,3,E01021291,0,4
2025010562237,2025,010562237,1,9,0,16,19,5,1,0,0,0,0,0,0,0,1,1,1,1,1,69,10,-1,-1,-1,-1,2,E01003245,0,2
2025010562240,2025,010562240,1,9,0,99,99,9,9,99,99,9,9,99,9,99,1,9,6,6,3,-1,-1,-1,-1,-1,-1,-1,-1,0,-1
2025010562241,2025,010562241,1,9,3,9,9,6,3,0,0,5,0,0,0,0,1,1,6,6,2,73,10,-1,-1,-1,-1,-1,-1,0,-1
2025010562241,2025,010562241,2,1,0,18,19,3,7,4,4,8,0,0,0,0,1,1,1,1,1,52,8,-1,-1,-1,-1,10,E01030395,0,1
2025010562242,2025,010562242,1,19,0,11,11,3,7,0,0,0,0,0,0,0,4,1,1,1,1,40,7,-1,-1,-1,-1,6,E01021509,0,4
2025010562242,2025,010562242,2,5,0,18,19,3,7,0,0,0,0,0,0,0,3,1,2,2,1,27,6,-1,-1,-1,-1,-1,-1,0,-1
2025010562244,2025,010562244,1,9,0,5,5,7,3,0,0,8,0,0,0,0,1,1,3,7,1,43,7,-1,-1,-1,-1,5,E01002212,0,1
2025010562244,2025,010562244,2,1,0,9,9,2,1,0,0,8,0,0,0,0,3,1,2,2,1,42,7,-1,-1,-1,-1,6,E01002218,0,1
2025010562247,2025,010562247,1,9,0,-1,-1,1,5,0,0,2,0,4,0,0,1,1,5,6,1,28,6,-1,-1,-1,-1,-1,-1,0,-1
2025010562247,2025,010562247,2,9,0,2,2,0,0,0,0,2,0,0,0,0,3,1,6,6,3,-1,-1,-1,-1,-1,-1,-1,-1,0,-1
2025010562250,2025,010562250,1,9,0,-1,-1,1,5,0,0,1,0,0,0,0,3,1,2,2,2,23,5,-1,-1,-1,-1,9,E01000248,0,2
2025010562255,2025,010562255,1,1,9,99,99,9,9,99,99,9,9,99,9,99,9,1,2,2,1,26,6,-1,-1,-1,-1,5,E01004221,0,1
2025010562255,2025,010562255,2,19,0,99,99,9,9,99,99,9,9,99,9,99,9,9,6,6,3,-1,-1,-1,-1,-1,-1,-1,-1,0,-1
2025010562260,2025,010562260,1,9,0,9,9,7,4,0,0,5,0,0,0,0,1,1,5,6,1,30,6,-1,-1,-1,-1,6,E01000142,0,2
2025010562260,2025,010562260,2,1,0,-1,-1,3,7,0,0,1,2,0,0,0,1,1,5,6,1,24,5,-1,-1,-1,-1,6,E01000264,0,1
2025010562266,2025,010562266,1,1,0,99,99,9,9,99,99,9,0,0,9,0,0,1,6,6,3,31,6,-1,-1,-1,-1,2,E01033938,0,1
2025010562266,2025,010562266,3,1,9,99,99,9,9,99,99,9,9,0,9,0,0,1,6,6,3,5,1,-1,-1,-1,-1,2,E01033938,0,1
2025010562266,2025,010562266,2,9,9,99,99,9,9,99,99,9,9,99,0,0,9,9,6,6,1,54,8,-1,-1,-1,-1,4,E01001354,0,1
2025010562267,2025,010562267,2,9,0,3,3,1,5,0,0,2,0,0,0,0,3,1,5,6,2,22,5,-1,-1,-1,-1,9,E01024450,0,3
2025010562267,2025,010562267,1,19,0,4,4,7,3,0,0,1,0,0,0,0,1,1,1,1,1,33,6,-1,-1,-1,-1,3,E01016804,0,4
2025010562276,2025,010562276,1,9,0,99,99,9,9,99,99,9,9,99,9,99,2,9,6,6,1,41,7,-1,-1,-1,-1,4,E01001671,0,1
2025010562278,2025,010562278,2,9,0,18,19,1,5,0,0,2,0,7,0,0,4,1,5,6,1,86,11,-1,-1,-1,-1,-1,-1,0,-1
2025010562278,2025,010562278,1,9,0,18,19,4,8,0,0,2,0,0,0,0,1,1,5,6,1,59,9,-1,-1,-1,-1,-1,-1,0,-1
2025010562280,2025,010562280,1,9,0,18,19,5,1,0,0,0,0,0,0,0,1,1,3,7,2,31,6,-1,-1,-1,-1,5,E01004172,0,1
2025010562281,2025,010562281,1,11,0,5,5,3,7,2,2,0,0,0,0,0,0,1,1,1,1,41,7,-1,-1,-1,-1,4,E01002589,0,2
2025010562288,2025,010562288,2,9,0,9,9,5,3,0,0,7,0,0,0,0,1,1,5,6,1,38,7,-1,-1,-1,-1,5,E01004565,0,1
2025010562288,2025,010562288,1,1,0,9,9,5,3,0,0,7,0,0,0,0,2,1,6,6,2,49,8,-1,-1,-1,-1,3,E01003154,0,1
2025010562289,2025,010562289,1,1,0,7,7,1,3,0,0,6,0,0,0,0,1,1,6,6,2,25,5,-1,-1,-1,-1,-1,-1,0,-1
2025010562294,2025,010562294,1,9,0,3,3,3,7,0,0,0,0,0,0,0,2,1,5,6,2,55,8,-1,-1,-1,-1,5,E01001613,0,1
2025010562294,2025,010562294,2,9,0,18,19,3,7,0,0,0,0,0,0,0,1,1,6,6,1,26,6,-1,-1,-1,-1,5,E01001659,0,1
2025010562296,2025,010562296,1,3,0,99,99,9,9,99,99,9,9,99,9,99,9,1,2,2,1,33,6,-1,-1,-1,-1,3,E01003121,0,3
2025010562296,2025,010562296,2,9,0,99,99,9,9,99,99,9,9,99,9,99,9,9,6,6,3,-1,-1,-1,-1,-1,-1,-1,-1,0,-1
2025010562299,2025,010562299,1,11,0,5,5,7,3,0,0,2,0,0,0,0,1,1,1,1,1,53,8,-1,-1,-1,-1,3,E01033597,0,3