collision_index,collision_year,collision_ref_no,vehicle_reference,vehicle_type,towing_and_articulation,vehicle_manoeuvre_historic,vehicle_manoeuvre,vehicle_direction_from,vehicle_direction_to,vehicle_location_restricted_lane_historic,vehicle_location_restricted_lane,junction_location,skidding_and_overturning,hit_object_in_carriageway,vehicle_leaving_carriageway,hit_object_off_carriageway,first_point_of_impact,vehicle_left_hand_drive,journey_purpose_of_driver_historic,journey_purpose_of_driver,sex_of_driver,age_of_driver,age_band_of_driver,engine_capacity_cc,propulsion_code,age_of_vehicle,generic_make_model,driver_imd_decile,lsoa_of_driver,escooter_flag,driver_distance_banding
2025010562302,2025,010562302,2,9,0,5,5,5,1,0,0,1,0,0,0,0,1,1,5,6,1,39,7,-1,-1,-1,-1,10,E01030873,0,4
2025010562302,2025,010562302,1,3,0,18,19,3,7,0,0,1,0,0,0,0,4,1,5,6,1,17,4,-1,-1,-1,-1,2,E01001161,0,1
2025010562306,2025,010562306,2,3,0,13,13,5,1,0,0,8,0,0,0,0,1,1,5,6,1,59,9,-1,-1,-1,-1,8,E01003009,0,1
2025010562306,2025,010562306,1,9,0,5,5,0,1,0,0,1,0,11,0,0,1,1,5,6,1,30,6,-1,-1,-1,-1,5,E01004591,0,3
2025010562307,2025,010562307,1,9,0,18,19,2,6,0,0,3,0,7,0,0,1,1,5,6,2,30,6,-1,-1,-1,-1,6,E01016556,0,3
2025010562309,2025,010562309,2,19,0,18,19,1,5,0,0,2,0,0,0,0,0,1,6,6,1,42,7,-1,-1,-1,-1,3,E01001705,0,2
2025010562309,2025,010562309,1,3,0,5,5,5,1,0,0,1,0,0,0,0,0,1,6,6,1,35,6,-1,-1,-1,-1,3,E01032583,0,1
2025010562310,2025,010562310,1,9,0,18,19,7,3,0,0,0,0,4,1,0,1,1,6,6,1,33,6,-1,-1,-1,-1,2,E01004185,0,1
2025010562310,2025,010562310,3,9,0,2,2,0,0,9,9,0,0,0,0,0,2,1,6,6,3,-1,-1,-1,-1,-1,-1,-1,-1,0,-1
2025010562310,2025,010562310,2,9,0,2,2,0,0,9,9,0,0,4,0,0,2,1,6,6,3,-1,-1,-1,-1,-1,-1,-1,-1,0,-1
2025010562312,2025,010562312,2,-1,9,99,99,9,9,99,99,9,9,99,9,99,9,9,6,6,3,-1,-1,-1,-1,-1,-1,-1,-1,1,-1
2025010562312,2025,010562312,1,9,0,99,99,9,9,99,99,9,9,99,9,99,1,9,5,6,1,26,6,-1,-1,-1,-1,3,E01033593,0,2
2025010562320,2025,010562320,1,11,0,4,4,5,1,0,0,0,0,0,0,0,0,1,1,1,2,38,7,-1,-1,-1,-1,8,E01000710,0,1
2025010562323,2025,010562323,1,5,0,5,5,3,7,0,0,0,0,0,0,0,1,1,1,1,1,30,6,-1,-1,-1,-1,4,E01001514,0,1
2025010562327,2025,010562327,2,9,0,99,99,9,9,99,99,9,9,99,9,99,2,9,6,6,3,-1,-1,-1,-1,-1,-1,-1,-1,0,-1
2025010562327,2025,010562327,1,3,0,99,99,9,9,99,99,9,9,99,9,99,2,1,1,1,1,33,6,-1,-1,-1,-1,9,E01002259,0,1
2025010562333,2025,010562333,2,9,9,99,99,9,9,99,99,9,9,99,0,0,9,9,6,6,3,-1,-1,-1,-1,-1,-1,-1,-1,0,-1
2025010562333,2025,010562333,1,9,0,99,99,9,9,99,99,9,9,99,9,99,2,9,5,6,2,32,6,-1,-1,-1,-1,4,E01003268,0,2
2025010562344,2025,010562344,1,98,0,2,2,0,0,6,6,0,0,0,0,0,3,1,6,6,3,-1,-1,-1,-1,-1,-1,-1,-1,0,-1
2025010562344,2025,010562344,2,9,0,18,19,7,3,0,0,0,0,4,0,0,1,1,5,6,1,31,6,-1,-1,-1,-1,6,E01004517,0,4
2025010562346,2025,010562346,2,9,0,99,99,9,9,99,99,9,9,99,9,99,2,9,6,6,3,-1,-1,-1,-1,-1,-1,7,E01003665,0,3
2025010562346,2025,010562346,1,3,0,99,99,9,9,99,99,9,9,99,9,99,1,1,2,2,1,29,6,-1,-1,-1,-1,3,E01003491,0,1
2025010562347,2025,010562347,1,19,0,6,6,1,1,0,0,2,0,0,0,0,1,1,1,1,1,46,8,-1,-1,-1,-1,7,E01015964,0,3
2025010562349,2025,010562349,1,9,0,18,19,3,7,0,0,8,0,0,0,0,1,1,3,7,1,42,7,-1,-1,-1,-1,-1,-1,0,-1
2025010562352,2025,010562352,1,9,0,9,9,5,3,0,0,6,0,0,0,0,1,1,2,2,1,47,8,-1,-1,-1,-1,7,E01016491,0,4
2025010562354,2025,010562354,2,9,0,7,7,5,7,0,0,2,0,0,0,0,3,1,6,6,1,21,5,-1,-1,-1,-1,2,E01002633,0,1
2025010562354,2025,010562354,1,1,0,18,19,3,7,0,0,1,0,0,0,0,4,1,5,6,1,26,6,-1,-1,-1,-1,6,E01002636,0,1
2025010562360,2025,010562360,1,5,0,18,19,5,1,0,0,1,0,0,0,0,1,1,5,6,1,42,7,-1,-1,-1,-1,4,E01001623,0,2
2025010562360,2025,010562360,2,9,0,9,9,7,5,0,0,1,0,0,0,0,4,1,6,6,3,-1,-1,-1,-1,-1,-1,-1,-1,0,-1
2025010562361,2025,010562361,1,9,0,5,5,5,1,0,0,0,0,4,0,0,1,1,6,6,1,57,9,-1,-1,-1,-1,-1,-1,0,-1
2025010562361,2025,010562361,5,9,0,3,3,1,5,0,0,0,0,0,0,0,1,1,2,2,1,28,6,-1,-1,-1,-1,-1,-1,0,-1
2025010562361,2025,010562361,4,9,0,2,2,0,0,0,0,0,0,0,0,0,4,1,6,6,3,-1,-1,-1,-1,-1,-1,-1,-1,0,-1
2025010562361,2025,010562361,3,19,0,2,2,0,0,0,0,0,0,0,0,0,1,1,6,6,3,-1,-1,-1,-1,-1,-1,-1,-1,0,-1
2025010562361,2025,010562361,2,3,0,3,3,1,5,0,0,0,0,0,0,0,1,1,1,1,1,23,5,-1,-1,-1,-1,2,E01033882,0,1
2025010562363,2025,010562363,1,19,0,4,4,2,6,0,0,1,0,0,0,0,4,1,1,1,1,51,8,-1,-1,-1,-1,3,E01015987,0,4
2025010562366,2025,010562366,1,9,0,18,19,3,7,0,0,0,0,0,0,0,1,1,5,6,1,25,5,-1,-1,-1,-1,-1,-1,0,-1
2025010562372,2025,010562372,1,9,0,18,19,1,5,0,0,0,0,0,1,4,1,1,5,6,1,22,5,-1,-1,-1,-1,8,E01001601,0,1
2025010562373,2025,010562373,2,9,0,3,3,7,3,0,0,1,0,0,0,0,2,1,5,6,1,25,5,-1,-1,-1,-1,5,E01001889,0,1
2025010562373,2025,010562373,3,9,0,3,3,3,7,0,0,1,0,0,0,0,3,1,5,6,1,69,10,-1,-1,-1,-1,5,E01031611,0,4
2025010562373,2025,010562373,5,9,0,2,2,0,0,0,0,2,0,0,0,0,2,1,6,6,3,-1,-1,-1,-1,-1,-1,-1,-1,0,-1
2025010562373,2025,010562373,4,9,0,2,2,0,0,0,0,1,0,0,0,0,3,1,6,6,3,-1,-1,-1,-1,-1,-1,-1,-1,0,-1
2025010562373,2025,010562373,1,9,0,18,19,7,3,0,0,8,0,4,0,0,1,1,6,6,1,67,10,-1,-1,-1,-1,7,E01002860,0,1
2025010562375,2025,010562375,2,9,0,9,9,5,2,0,0,8,1,0,2,1,4,1,5,6,2,20,4,-1,-1,-1,-1,6,E01000264,0,2
2025010562375,2025,010562375,1,9,0,18,19,1,5,0,0,8,0,0,0,0,1,1,1,1,1,45,7,-1,-1,-1,-1,7,E01023890,0,3
2025010562376,2025,010562376,1,9,0,5,5,7,3,0,0,1,0,0,0,0,1,1,6,6,3,-1,-1,-1,-1,-1,-1,-1,-1,0,-1
2025010562380,2025,010562380,1,19,0,99,99,9,9,99,99,9,9,99,9,99,9,9,6,6,3,-1,-1,-1,-1,-1,-1,-1,-1,0,-1
2025010562380,2025,010562380,2,1,9,99,99,9,9,99,99,9,9,99,9,99,9,1,6,6,1,-1,-1,-1,-1,-1,-1,-1,-1,0,-1
2025010562384,2025,010562384,1,4,0,99,99,9,9,99,99,9,9,99,9,99,9,1,2,2,1,64,9,-1,-1,-1,-1,6,E01002933,0,3
2025010562384,2025,010562384,2,9,0,99,99,9,9,99,99,9,9,99,9,99,9,9,6,6,1,-1,-1,-1,-1,-1,-1,6,E01004611,0,1
2025010562385,2025,010562385,1,-1,0,18,19,1,5,0,0,0,9,0,0,0,1,1,6,6,3,-1,-1,-1,-1,-1,-1,-1,-1,1,-1
2025010562389,2025,010562389,1,9,0,18,19,1,5,6,6,5,0,0,0,0,1,1,5,6,2,56,9,-1,-1,-1,-1,8,E01002109,0,1
2025010562390,2025,010562390,2,9,0,-1,-1,5,1,2,2,5,0,0,0,0,0,1,6,6,1,51,8,-1,-1,-1,-1,6,E01002111,0,3
2025010562390,2025,010562390,1,9,0,-1,-1,1,5,2,2,6,0,10,1,2,1,1,6,6,1,42,7,-1,-1,-1,-1,3,E01034615,0,2
2025010562390,2025,010562390,3,9,0,-1,-1,5,1,2,2,3,0,0,0,0,0,1,6,6,2,23,5,-1,-1,-1,-1,5,E01002454,0,1
2025010562397,2025,010562397,1,1,9,99,99,9,9,99,99,9,9,8,9,99,9,1,5,6,2,32,6,-1,-1,-1,-1,4,E01004234,0,1
2025010562397,2025,010562397,2,9,0,99,99,9,9,99,99,9,9,99,9,99,3,9,6,6,1,33,6,-1,-1,-1,-1,2,E01004219,0,1
2025010562398,2025,010562398,1,9,0,7,7,1,4,0,0,2,0,10,1,11,1,1,5,6,1,21,5,-1,-1,-1,-1,-1,-1,0,-1
2025010562405,2025,010562405,1,19,0,9,9,3,1,0,0,8,0,0,0,0,4,1,1,1,1,56,9,-1,-1,-1,-1,1,E01024498,0,4
2025010562405,2025,010562405,2,9,0,-1,-1,3,7,0,0,8,0,0,0,0,1,1,6,6,1,19,4,-1,-1,-1,-1,4,E01003301,0,1
2025010562411,2025,010562411,1,3,9,99,99,9,9,99,99,9,9,99,9,99,9,1,1,1,1,21,5,-1,-1,-1,-1,4,E01003562,0,2
2025010562411,2025,010562411,2,9,9,99,99,9,9,99,99,9,9,99,9,99,1,9,6,6,3,-1,-1,-1,-1,-1,-1,-1,-1,0,-1
2025010562413,2025,010562413,1,9,0,14,14,5,1,0,0,1,0,0,0,0,1,1,6,6,1,24,5,-1,-1,-1,-1,3,E01004455,0,1
2025010562413,2025,010562413,2,9,0,18,19,5,1,0,0,1,0,0,0,0,0,1,5,6,1,30,6,-1,-1,-1,-1,-1,-1,0,-1
2025010562413,2025,010562413,3,9,0,2,2,0,0,0,0,1,0,0,0,0,2,1,6,6,3,-1,-1,-1,-1,-1,-1,-1,-1,0,-1
2025010562417,2025,010562417,2,1,0,3,3,5,1,0,0,1,5,0,0,0,1,1,6,6,1,17,4,-1,-1,-1,-1,2,E01004570,0,1
2025010562417,2025,010562417,1,9,0,9,9,5,4,0,0,8,0,0,0,0,4,1,6,6,1,57,9,-1,-1,-1,-1,4,E01000333,0,4
2025010562422,2025,010562422,1,19,0,9,9,1,7,0,0,6,0,0,0,0,1,1,1,1,1,40,7,-1,-1,-1,-1,-1,-1,0,-1
2025010562425,2025,010562425,1,90,0,7,7,5,7,0,0,5,0,0,1,0,4,1,1,1,1,61,9,-1,-1,-1,-1,5,E01035273,0,3
2025010562425,2025,010562425,2,1,0,15,15,3,7,0,0,1,0,0,1,0,1,1,5,6,2,30,6,-1,-1,-1,-1,2,E01003246,0,1
2025010562427,2025,010562427,2,9,0,99,99,9,9,99,99,6,9,99,9,99,1,9,6,6,3,-1,-1,-1,-1,-1,-1,-1,-1,0,-1
2025010562427,2025,010562427,1,3,0,99,99,9,9,99,99,1,9,99,9,99,9,1,2,2,1,21,5,-1,-1,-1,-1,4,E01003562,0,2
2025010562428,2025,010562428,1,3,0,18,19,7,3,0,0,1,0,0,0,0,0,1,2,2,1,37,7,-1,-1,-1,-1,9,E01002935,0,1
2025010562433,2025,010562433,2,11,0,7,7,3,5,0,0,1,0,0,0,0,0,1,1,1,1,55,8,-1,-1,-1,-1,7,E01001106,0,2
2025010562433,2025,010562433,1,9,0,9,9,7,5,0,0,1,0,0,0,0,1,1,1,1,1,36,7,-1,-1,-1,-1,-1,-1,0,-1
2025010562435,2025,010562435,1,9,0,14,14,5,1,0,0,1,0,0,0,0,1,1,6,6,1,61,9,-1,-1,-1,-1,9,E01000178,0,1
2025010562441,2025,010562441,1,1,9,99,99,9,9,99,99,9,9,99,9,99,9,1,2,2,2,36,7,-1,-1,-1,-1,9,E01001606,0,1
2025010562441,2025,010562441,2,9,0,99,99,9,9,99,99,9,9,99,9,99,9,9,6,6,2,52,8,-1,-1,-1,-1,5,E01001611,0,1
2025010562444,2025,010562444,2,9,0,99,99,9,9,99,99,0,9,99,9,99,9,9,6,6,3,-1,-1,-1,-1,-1,-1,-1,-1,0,-1
2025010562444,2025,010562444,1,9,0,99,99,9,9,99,99,0,9,99,9,99,9,9,2,2,2,36,7,-1,-1,-1,-1,10,E01002317,0,1
2025010562448,2025,010562448,1,8,0,99,99,9,9,99,99,9,9,99,9,99,0,9,6,6,3,-1,-1,-1,-1,-1,-1,-1,-1,0,-1
2025010562454,2025,010562454,1,10,0,9,9,3,8,0,0,8,0,0,0,0,1,1,1,1,1,40,7,-1,-1,-1,-1,2,E01003245,0,3
2025010562454,2025,010562454,2,1,0,18,19,7,3,0,0,8,0,0,0,0,1,1,1,1,1,35,6,-1,-1,-1,-1,2,E01002831,0,1
2025010562456,2025,010562456,1,9,0,99,99,9,9,99,99,9,9,99,9,99,9,9,6,6,3,19,4,-1,-1,-1,-1,7,E01000442,0,1
2025010562458,2025,010562458,2,19,0,18,19,1,5,0,0,8,0,0,0,0,4,1,1,1,1,53,8,-1,-1,-1,-1,4,E01000846,0,1
2025010562458,2025,010562458,1,5,0,18,19,1,5,0,0,8,0,0,0,0,1,1,2,2,1,50,8,-1,-1,-1,-1,8,E01000281,0,3
2025010562460,2025,010562460,2,1,5,18,19,7,3,0,0,1,0,0,0,0,3,1,1,1,1,23,5,-1,-1,-1,-1,5,E01002248,0,1
2025010562460,2025,010562460,1,9,0,18,19,7,3,0,0,8,0,0,0,0,1,1,6,6,3,-1,-1,-1,-1,-1,-1,-1,-1,0,-1
2025010562463,2025,010562463,2,1,0,14,14,3,7,0,0,2,0,0,0,0,1,1,2,2,1,22,5,-1,-1,-1,-1,3,E01001844,0,1
2025010562463,2025,010562463,1,3,0,15,15,7,3,0,0,1,0,0,0,0,1,1,5,6,1,30,6,-1,-1,-1,-1,3,E01001807,0,1
2025010562465,2025,010562465,1,9,0,5,5,1,5,7,6,7,0,0,3,0,1,1,6,6,1,-1,-1,-1,-1,-1,-1,2,E01001515,0,1
2025010562468,2025,010562468,1,3,9,99,99,9,9,99,99,9,9,99,9,99,9,1,1,1,1,23,5,-1,-1,-1,-1,5,E01000747,0,4
2025010562468,2025,010562468,2,9,9,99,99,9,9,99,99,9,9,99,9,99,1,9,6,6,2,41,7,-1,-1,-1,-1,5,E01004644,0,1
2025010562472,2025,010562472,2,1,0,9,9,5,3,0,0,5,0,0,0,0,4,1,5,6,2,43,7,-1,-1,-1,-1,3,E01003137,0,1
2025010562472,2025,010562472,1,9,0,9,9,1,7,0,0,5,0,0,0,0,3,1,5,6,1,62,9,-1,-1,-1,-1,10,E01004558,0,1
2025010562476,2025,010562476,2,4,0,18,19,7,3,0,0,1,1,0,0,0,4,1,6,6,1,39,7,-1,-1,-1,-1,2,E01001433,0,3
2025010562476,2025,010562476,1,9,0,10,10,7,4,0,0,1,0,0,0,0,3,1,5,6,2,24,5,-1,-1,-1,-1,8,E01035601,0,3
2025010562479,2025,010562479,1,9,3,9,9,7,5,0,0,5,0,0,0,0,1,1,6,6,1,39,7,-1,-1,-1,-1,-1,-1,0,-1
2025010562483,2025,010562483,1,9,0,9,9,7,5,0,0,6,0,0,0,0,1,1,5,6,1,48,8,-1,-1,-1,-1,4,E01003597,0,1
2025010562489,2025,010562489,1,11,0,-1,-1,7,3,0,0,6,0,0,0,0,0,1,1,1,2,45,7,-1,-1,-1,-1,5,E01000745,0,1
2025010562490,2025,010562490,1,9,0,18,19,1,5,0,0,8,0,0,0,0,3,1,5,6,1,67,10,-1,-1,-1,-1,4,E01003091,0,1
2025010562490,2025,010562490,2,1,0,18,19,7,3,0,0,8,0,0,0,0,3,1,5,6,1,25,5,-1,-1,-1,-1,9,E01031870,0,5
2025010562494,2025,010562494,2,1,0,9,9,3,8,0,0,8,0,0,0,0,3,1,2,2,1,57,9,-1,-1,-1,-1,7,E01032646,0,1
2025010562494,2025,010562494,1,9,0,9,9,5,4,0,0,8,0,0,0,0,1,1,6,6,3,-1,-1,-1,-1,-1,-1,-1,-1,0,-1
2025010562496,2025,010562496,1,9,9,99,99,9,9,0,0,9,0,0,9,0,3,9,6,6,2,45,7,-1,-1,-1,-1,-1,-1,0,-1
2025010562502,2025,010562502,1,11,0,4,4,7,3,0,0,1,0,0,0,0,0,1,1,1,1,38,7,-1,-1,-1,-1,3,E01000783,0,2
2025010562508,2025,010562508,1,9,0,99,99,9,9,99,99,9,9,99,9,99,9,9,5,6,1,26,6,-1,-1,-1,-1,2,E01003238,0,1
2025010562509,2025,010562509,1,1,9,99,99,9,9,99,99,9,9,99,9,99,1,1,5,6,1,28,6,-1,-1,-1,-1,2,E01033865,0,1
2025010562509,2025,010562509,2,9,0,99,99,9,9,99,99,9,9,99,9,99,1,9,6,6,1,27,6,-1,-1,-1,-1,-1,-1,0,-1
2025010562516,2025,010562516,3,9,0,2,2,0,0,0,0,1,0,0,0,0,2,1,6,6,3,-1,-1,-1,-1,-1,-1,-1,-1,0,-1
2025010562516,2025,010562516,2,5,0,8,8,1,3,0,0,1,0,0,0,0,2,1,1,1,1,-1,-1,-1,-1,-1,-1,4,E01004259,0,1
2025010562516,2025,010562516,1,2,0,-1,-1,1,5,0,0,1,0,4,0,0,2,1,6,6,1,20,4,-1,-1,-1,-1,2,E01004249,0,1
2025010562518,2025,010562518,2,9,0,99,99,9,9,99,99,9,9,99,9,99,1,9,6,6,3,-1,-1,-1,-1,-1,-1,-1,-1,0,-1
2025010562518,2025,010562518,1,3,0,99,99,9,9,99,99,9,9,99,9,99,9,1,1,1,1,24,5,-1,-1,-1,-1,2,E01001857,0,1
2025010562521,2025,010562521,1,1,9,99,99,9,9,99,99,9,9,99,9,99,9,1,1,1,1,36,7,-1,-1,-1,-1,3,E01002049,0,1
2025010562521,2025,010562521,2,9,0,99,99,9,9,99,99,9,9,99,9,99,9,9,6,6,1,-1,-1,-1,-1,-1,-1,3,E01004364,0,2
2025010562524,2025,010562524,2,9,0,99,99,9,9,0,0,1,0,0,0,0,9,9,6,6,3,-1,-1,-1,-1,-1,-1,-1,-1,0,-1
2025010562524,2025,010562524,1,9,0,99,99,9,9,0,0,1,0,0,0,0,9,9,6,6,3,29,6,-1,-1,-1,-1,4,E01003145,0,1
2025010562525,2025,010562525,1,3,0,18,19,1,5,0,0,1,0,0,0,0,1,1,5,6,1,48,8,-1,-1,-1,-1,7,E01004499,0,1
2025010562525,2025,010562525,2,9,0,9,9,5,4,0,0,5,0,0,0,0,1,1,2,2,1,62,9,-1,-1,-1,-1,9,E01000672,0,3
2025010562527,2025,010562527,2,21,0,12,12,7,3,0,0,3,0,0,0,0,3,1,6,6,3,-1,-1,-1,-1,-1,-1,-1,-1,0,-1
2025010562527,2025,010562527,1,9,0,-1,-1,7,3,0,0,3,0,0,0,0,4,1,5,6,1,24,5,-1,-1,-1,-1,4,E01002599,0,1
2025010562528,2025,010562528,2,9,0,9,9,5,3,0,0,8,0,0,0,0,4,1,2,2,1,54,8,-1,-1,-1,-1,1,E01000599,0,1
2025010562528,2025,010562528,1,19,0,18,19,1,5,0,0,8,0,0,0,0,1,1,1,1,1,37,7,-1,-1,-1,-1,4,E01033942,0,1
2025010562529,2025,010562529,1,9,0,99,99,9,9,99,99,9,9,99,9,99,9,9,5,6,1,22,5,-1,-1,-1,-1,2,E01004003,0,1
2025010562529,2025,010562529,2,9,0,99,99,9,9,99,99,9,9,99,9,99,1,9,6,6,2,51,8,-1,-1,-1,-1,4,E01002780,0,2
2025010562543,2025,010562543,1,9,0,99,99,9,9,0,0,9,9,99,9,99,2,9,2,2,1,48,8,-1,-1,-1,-1,5,E01002611,0,2
2025010562543,2025,010562543,2,9,0,99,99,9,9,0,0,9,9,99,9,99,1,9,6,6,3,-1,-1,-1,-1,-1,-1,-1,-1,0,-1
2025010562547,2025,010562547,2,9,0,99,99,9,9,99,99,9,9,99,9,99,3,9,6,6,3,-1,-1,-1,-1,-1,-1,-1,-1,0,-1
2025010562547,2025,010562547,1,8,0,99,99,9,9,99,99,9,9,99,9,99,1,9,1,1,1,38,7,-1,-1,-1,-1,3,E01023343,0,4
2025010562551,2025,010562551,1,19,0,10,10,4,2,0,0,1,0,0,0,0,1,1,1,1,1,30,6,-1,-1,-1,-1,-1,-1,0,-1
2025010562552,2025,010562552,2,97,0,99,99,9,9,99,99,9,9,99,9,99,9,9,6,6,3,-1,-1,-1,-1,-1,-1,-1,-1,0,-1
2025010562552,2025,010562552,1,1,9,99,99,9,9,99,99,9,9,99,9,99,9,1,5,6,2,37,7,-1,-1,-1,-1,3,E01035643,0,1
2025010562554,2025,010562554,2,9,0,7,7,8,2,0,0,1,0,0,0,0,3,1,1,1,2,29,6,-1,-1,-1,-1,6,E01023855,0,2
2025010562554,2025,010562554,1,9,0,14,14,1,5,0,0,2,0,0,0,0,4,1,1,1,2,42,7,-1,-1,-1,-1,8,E01023315,0,4
2025010562556,2025,010562556,1,9,0,1,1,5,1,0,0,0,0,0,0,0,2,1,5,6,2,34,6,-1,-1,-1,-1,7,E01003752,0,1
2025010562558,2025,010562558,1,9,0,7,7,2,5,0,0,5,5,10,1,10,1,1,5,6,2,30,6,-1,-1,-1,-1,3,E01003566,0,1
2025010562559,2025,010562559,1,9,3,18,19,3,7,0,0,1,0,0,0,0,1,1,5,6,2,78,11,-1,-1,-1,-1,8,E01000653,0,1
2025010562562,2025,010562562,1,4,0,7,7,1,4,0,0,1,0,0,0,0,2,1,6,6,1,23,5,-1,-1,-1,-1,4,E01016475,0,3
2025010562562,2025,010562562,2,9,0,7,7,1,4,0,0,1,0,0,0,0,2,1,6,6,2,20,4,-1,-1,-1,-1,5,E01002607,0,1
2025010562564,2025,010562564,2,9,0,99,99,9,9,99,99,9,9,99,9,99,1,9,6,6,3,-1,-1,-1,-1,-1,-1,-1,-1,0,-1
2025010562564,2025,010562564,1,1,9,99,99,9,9,99,99,9,9,99,9,99,1,1,2,2,1,56,9,-1,-1,-1,-1,5,E01000632,0,1
2025010562566,2025,010562566,1,9,0,99,99,9,9,99,99,9,9,99,9,99,2,9,5,6,2,61,9,-1,-1,-1,-1,5,E01001648,0,1
2025010562566,2025,010562566,2,9,0,99,99,9,9,99,99,9,9,99,9,99,2,9,6,6,3,-1,-1,-1,-1,-1,-1,-1,-1,0,-1
2025010562567,2025,010562567,1,9,0,4,4,7,3,0,0,1,0,0,0,0,1,1,2,2,1,47,8,-1,-1,-1,-1,7,E01003903,0,2
2025010562567,2025,010562567,2,3,0,4,4,7,3,0,0,1,5,0,0,0,2,1,6,6,2,23,5,-1,-1,-1,-1,6,E01002625,0,1
2025010562568,2025,010562568,1,9,0,9,9,1,7,0,0,1,0,0,0,0,1,1,6,6,2,37,7,-1,-1,-1,-1,8,E01023385,0,4
2025010562568,2025,010562568,2,1,0,18,19,5,1,0,0,1,0,0,0,0,1,1,6,6,2,49,8,-1,-1,-1,-1,6,E01000555,0,1
2025010562569,2025,010562569,1,1,9,99,99,9,9,99,99,9,9,99,9,99,9,1,2,2,1,52,8,-1,-1,-1,-1,8,E01001044,0,3
2025010562569,2025,010562569,2,8,0,99,99,9,9,99,99,9,9,99,9,99,9,9,6,6,1,65,9,-1,-1,-1,-1,3,E01002701,0,2
2025010562574,2025,010562574,1,9,0,9,9,5,2,0,0,6,0,0,0,0,1,1,2,2,2,47,8,-1,-1,-1,-1,-1,-1,0,-1
2025010562575,2025,010562575,1,9,0,4,4,7,3,0,0,2,0,4,0,0,3,1,2,2,1,62,9,-1,-1,-1,-1,6,E01002801,0,1
2025010562575,2025,010562575,2,1,0,-1,-1,6,2,0,0,2,0,4,0,0,1,1,2,2,2,52,8,-1,-1,-1,-1,4,E01002795,0,1
2025010562577,2025,010562577,1,9,0,18,19,1,5,0,0,4,0,0,0,0,2,1,5,6,2,50,8,-1,-1,-1,-1,5,E01002011,0,1
2025010562577,2025,010562577,2,9,0,18,19,1,5,0,0,4,0,0,0,0,1,1,6,6,1,55,8,-1,-1,-1,-1,1,E01002066,0,2
2025010562578,2025,010562578,2,1,0,18,19,5,1,0,0,2,0,0,0,0,0,1,2,2,1,46,8,-1,-1,-1,-1,5,E01002001,0,1
2025010562578,2025,010562578,1,8,0,6,6,2,2,0,0,2,0,0,0,0,0,1,1,1,1,47,8,-1,-1,-1,-1,3,E01001112,0,3
2025010562580,2025,010562580,1,19,9,99,99,9,9,99,99,9,9,99,9,99,9,1,6,6,3,-1,-1,-1,-1,-1,-1,-1,-1,0,-1
2025010562582,2025,010562582,1,9,0,9,9,1,7,0,0,1,0,0,0,0,1,1,5,6,2,68,10,-1,-1,-1,-1,5,E01004346,0,1
2025010562582,2025,010562582,2,-1,0,18,19,5,1,0,0,1,2,0,0,0,1,1,6,6,1,19,4,-1,-1,-1,-1,4,E01004462,1,1
2025010562590,2025,010562590,1,3,0,18,19,7,3,0,0,0,0,0,0,0,1,1,6,6,1,22,5,-1,-1,-1,-1,4,E01000612,0,2
2025010562592,2025,010562592,1,9,0,-1,-1,3,7,0,0,8,0,0,0,0,1,1,2,2,1,44,7,-1,-1,-1,-1,5,E01004580,0,1
2025010562592,2025,010562592,2,3,0,5,5,5,1,0,0,2,5,0,0,0,1,1,5,6,1,19,4,-1,-1,-1,-1,3,E01004584,0,1
2025010562594,2025,010562594,1,9,0,16,19,7,1,0,0,0,0,0,0,0,0,1,5,6,1,45,7,-1,-1,-1,-1,10,E01017883,0,4
2025010562594,2025,010562594,2,9,0,16,19,7,1,9,9,0,1,10,0,0,1,1,6,6,1,25,5,-1,-1,-1,-1,-1,-1,0,-1
2025010562598,2025,010562598,2,9,0,12,12,7,3,0,0,0,1,0,5,6,2,1,5,6,1,53,8,-1,-1,-1,-1,-1,-1,0,-1
2025010562598,2025,010562598,3,9,0,18,19,7,3,0,0,0,0,0,0,0,0,1,5,6,1,20,4,-1,-1,-1,-1,6,E01004370,0,2
2025010562598,2025,010562598,1,9,0,3,3,7,3,0,0,0,0,0,0,0,1,1,5,6,1,20,4,-1,-1,-1,-1,-1,-1,0,-1
2025010562599,2025,010562599,2,1,0,18,19,1,5,0,0,8,0,0,0,0,1,1,6,6,1,44,7,-1,-1,-1,-1,3,E01000548,0,1
2025010562599,2025,010562599,1,9,0,6,6,1,1,0,0,8,0,0,0,0,3,1,5,6,1,22,5,-1,-1,-1,-1,4,E01023534,0,3
2025010562603,2025,010562603,1,3,0,11,11,5,1,0,0,0,0,0,0,0,1,1,1,1,1,45,7,-1,-1,-1,-1,7,E01000334,0,2
2025010562603,2025,010562603,2,9,0,18,19,5,1,0,0,0,0,0,0,0,0,1,2,2,1,57,9,-1,-1,-1,-1,4,E01003354,0,2
2025010562604,2025,010562604,2,19,0,7,7,6,1,0,0,8,0,0,0,0,2,1,1,1,1,46,8,-1,-1,-1,-1,10,E01030604,0,3