collision_index,collision_year,collision_ref_no,vehicle_reference,vehicle_type,towing_and_articulation,vehicle_manoeuvre_historic,vehicle_manoeuvre,vehicle_direction_from,vehicle_direction_to,vehicle_location_restricted_lane_historic,vehicle_location_restricted_lane,junction_location,skidding_and_overturning,hit_object_in_carriageway,vehicle_leaving_carriageway,hit_object_off_carriageway,first_point_of_impact,vehicle_left_hand_drive,journey_purpose_of_driver_historic,journey_purpose_of_driver,sex_of_driver,age_of_driver,age_band_of_driver,engine_capacity_cc,propulsion_code,age_of_vehicle,generic_make_model,driver_imd_decile,lsoa_of_driver,escooter_flag,driver_distance_banding
2025010562855,2025,010562855,1,9,0,-1,-1,1,5,0,0,8,0,0,0,0,1,1,1,1,1,32,6,-1,-1,-1,-1,6,E01032780,0,1
2025010562860,2025,010562860,1,9,0,99,99,9,9,99,99,9,9,99,9,99,1,9,2,2,1,53,8,-1,-1,-1,-1,4,E01001167,0,1
2025010562860,2025,010562860,2,98,0,1,1,5,1,99,99,9,9,99,9,99,2,9,6,6,3,-1,-1,-1,-1,-1,-1,-1,-1,0,-1
2025010562863,2025,010562863,1,1,9,99,99,9,9,99,99,9,9,99,9,99,1,1,2,2,2,31,6,-1,-1,-1,-1,2,E01033864,0,1
2025010562863,2025,010562863,2,9,0,99,99,9,9,99,99,9,9,99,9,99,9,9,6,6,3,-1,-1,-1,-1,-1,-1,-1,-1,0,-1
2025010562867,2025,010562867,1,9,0,9,9,1,8,0,0,5,0,0,0,0,0,1,5,6,2,22,5,-1,-1,-1,-1,3,E01001547,0,1
2025010562867,2025,010562867,2,2,0,18,19,5,1,0,0,8,0,0,0,0,0,1,6,6,1,20,4,-1,-1,-1,-1,6,E01004357,0,2
2025010562868,2025,010562868,2,9,0,18,19,8,4,0,0,0,0,0,0,0,1,1,5,6,1,17,4,-1,-1,-1,-1,8,E01002287,0,1
2025010562868,2025,010562868,1,9,0,18,19,4,8,0,0,0,0,0,0,0,1,1,5,6,2,32,6,-1,-1,-1,-1,5,E01003704,0,2
2025010562869,2025,010562869,2,-1,0,18,19,7,3,0,0,0,2,0,0,0,1,1,5,6,1,14,3,-1,-1,-1,-1,9,E01002903,1,1
2025010562869,2025,010562869,1,9,0,4,4,7,3,0,0,0,0,0,0,0,0,1,5,6,2,57,9,-1,-1,-1,-1,8,E01002898,0,1
2025010562873,2025,010562873,2,9,0,99,99,9,9,99,99,9,9,99,9,99,9,9,6,6,3,-1,-1,-1,-1,-1,-1,-1,-1,0,-1
2025010562873,2025,010562873,1,1,9,99,99,9,9,99,99,9,9,99,9,99,9,1,2,2,2,23,5,-1,-1,-1,-1,6,E01003952,0,3
2025010562874,2025,010562874,1,9,0,5,5,1,5,0,0,1,0,0,0,0,1,1,1,1,1,57,9,-1,-1,-1,-1,2,E01000551,0,1
2025010562874,2025,010562874,2,1,0,18,19,7,3,1,1,1,0,0,0,0,4,1,2,2,2,16,4,-1,-1,-1,-1,3,E01002909,0,1
2025010562878,2025,010562878,2,9,0,99,99,9,9,99,99,9,9,99,9,99,1,9,6,6,3,-1,-1,-1,-1,-1,-1,6,E01003840,0,1
2025010562878,2025,010562878,1,1,9,99,99,9,9,99,99,9,9,99,9,99,9,1,5,6,1,54,8,-1,-1,-1,-1,7,E01034035,0,2
2025010562879,2025,010562879,2,1,0,7,7,5,6,0,0,2,0,0,0,0,1,1,5,6,1,14,3,-1,-1,-1,-1,2,E01000730,0,1
2025010562879,2025,010562879,1,9,0,18,19,3,7,0,0,1,0,0,0,0,1,1,5,6,1,34,6,-1,-1,-1,-1,6,E01000459,0,1
2025010562882,2025,010562882,1,9,0,18,19,5,1,0,0,1,0,0,0,0,0,1,5,6,1,59,9,-1,-1,-1,-1,5,E01003913,0,1
2025010562884,2025,010562884,2,9,0,5,5,3,7,0,0,8,0,0,0,0,1,1,6,6,3,-1,-1,-1,-1,-1,-1,-1,-1,0,-1
2025010562884,2025,010562884,1,9,0,5,5,7,3,0,0,1,0,0,0,0,2,1,2,2,1,32,6,-1,-1,-1,-1,10,E01016214,0,4
2025010562885,2025,010562885,2,9,0,99,99,9,9,99,99,0,9,99,9,99,9,9,6,6,3,-1,-1,-1,-1,-1,-1,-1,-1,0,-1
2025010562885,2025,010562885,1,9,0,99,99,9,9,99,99,0,9,99,9,99,9,9,2,2,1,54,8,-1,-1,-1,-1,8,E01002328,0,1
2025010562886,2025,010562886,1,3,0,99,99,9,9,99,99,0,9,99,9,99,1,1,5,6,1,30,6,-1,-1,-1,-1,2,E01003246,0,1
2025010562886,2025,010562886,2,9,0,99,99,9,9,99,99,0,9,99,9,99,9,9,6,6,3,31,6,-1,-1,-1,-1,3,E01034180,0,1
2025010562887,2025,010562887,1,9,0,18,19,5,1,0,0,3,0,11,3,0,1,1,5,6,2,40,7,-1,-1,-1,-1,5,E01034428,0,4
2025010562887,2025,010562887,2,1,0,9,9,5,2,4,4,3,0,0,0,0,1,1,5,6,1,30,6,-1,-1,-1,-1,2,E01033877,0,1
2025010562888,2025,010562888,1,9,0,5,5,3,7,0,0,1,0,0,0,0,4,1,1,1,1,56,9,-1,-1,-1,-1,7,E01003414,0,3
2025010562892,2025,010562892,1,11,0,-1,-1,8,4,0,0,1,0,0,0,0,0,1,1,1,2,51,8,-1,-1,-1,-1,4,E01003278,0,2
2025010562900,2025,010562900,2,9,0,10,10,5,2,0,0,6,0,0,0,0,0,1,1,1,1,52,8,-1,-1,-1,-1,-1,-1,0,-1
2025010562900,2025,010562900,1,3,0,9,9,5,2,0,0,6,0,0,0,0,2,1,1,1,1,40,7,-1,-1,-1,-1,5,E01003743,0,1
2025010562904,2025,010562904,1,9,0,5,5,0,1,0,0,2,0,0,0,0,2,1,6,6,1,22,5,-1,-1,-1,-1,8,E01032825,0,4
2025010562904,2025,010562904,2,9,0,18,19,5,1,0,0,2,0,0,0,0,1,1,6,6,2,53,8,-1,-1,-1,-1,2,E01003238,0,1
2025010562916,2025,010562916,1,19,0,4,4,1,5,0,0,0,0,0,0,0,2,1,1,1,1,29,6,-1,-1,-1,-1,9,E01001422,0,3
2025010562916,2025,010562916,2,5,0,4,4,1,5,0,0,0,2,0,0,0,1,1,2,2,1,52,8,-1,-1,-1,-1,3,E01004471,0,1
2025010562917,2025,010562917,1,1,0,4,4,7,3,0,0,1,5,0,0,0,1,1,1,1,1,47,8,-1,-1,-1,-1,5,E01000401,0,1
2025010562917,2025,010562917,2,9,0,9,9,1,7,0,0,1,0,0,0,0,1,1,5,6,2,38,7,-1,-1,-1,-1,4,E01000439,0,1
2025010562920,2025,010562920,2,-1,9,99,99,9,9,99,99,1,9,99,9,99,9,9,6,6,3,-1,-1,-1,-1,-1,-1,-1,-1,1,-1
2025010562920,2025,010562920,1,8,0,10,10,9,9,99,99,5,9,99,9,99,9,9,5,6,1,40,7,-1,-1,-1,-1,3,E01035671,0,1
2025010562922,2025,010562922,1,9,0,99,99,9,9,99,99,9,9,99,9,99,1,9,5,6,1,42,7,-1,-1,-1,-1,5,E01021410,0,4
2025010562922,2025,010562922,2,9,0,99,99,9,9,99,99,9,9,99,9,99,9,9,6,6,3,-1,-1,-1,-1,-1,-1,-1,-1,0,-1
2025010562925,2025,010562925,2,9,0,6,6,5,5,0,0,1,0,0,0,0,3,1,5,6,1,39,7,-1,-1,-1,-1,7,E01002222,0,1
2025010562925,2025,010562925,1,3,0,18,19,5,1,0,0,1,0,0,0,0,1,1,6,6,1,33,6,-1,-1,-1,-1,-1,-1,0,-1
2025010562928,2025,010562928,2,9,0,17,19,5,2,0,0,8,0,0,0,0,1,1,2,2,2,62,9,-1,-1,-1,-1,2,E01001550,0,1
2025010562928,2025,010562928,1,3,0,18,19,1,5,0,0,1,0,0,1,11,1,1,5,6,1,18,4,-1,-1,-1,-1,2,E01001550,0,1
2025010562929,2025,010562929,1,9,0,4,4,1,5,0,0,0,0,0,0,0,3,1,5,6,1,46,8,-1,-1,-1,-1,4,E01033084,0,1
2025010562929,2025,010562929,2,3,0,18,19,5,1,0,0,0,1,0,0,0,1,1,5,6,1,34,6,-1,-1,-1,-1,8,E01030703,0,2
2025010562930,2025,010562930,1,9,0,18,19,1,5,0,0,0,0,0,0,0,3,1,5,6,2,23,5,-1,-1,-1,-1,5,E01030719,0,3
2025010562930,2025,010562930,2,9,0,18,19,5,1,0,0,0,0,0,0,0,3,1,6,6,1,36,7,-1,-1,-1,-1,6,E01022940,0,4
2025010562931,2025,010562931,1,2,0,18,19,7,3,0,0,0,0,0,0,0,1,1,6,6,1,17,4,-1,-1,-1,-1,9,E01000344,0,1
2025010562931,2025,010562931,2,3,0,18,19,7,3,0,0,0,0,0,0,0,2,1,5,6,1,24,5,-1,-1,-1,-1,6,E01001608,0,1
2025010562935,2025,010562935,1,9,0,99,99,9,9,99,99,9,9,99,9,99,9,9,5,6,2,53,8,-1,-1,-1,-1,2,E01003190,0,1
2025010562935,2025,010562935,2,1,9,99,99,9,9,99,99,9,9,99,9,99,9,1,6,6,3,24,5,-1,-1,-1,-1,2,E01003041,0,2
2025010562940,2025,010562940,1,9,0,99,99,9,9,99,99,9,9,99,9,99,9,9,5,6,1,24,5,-1,-1,-1,-1,2,E01003516,0,1
2025010562940,2025,010562940,2,9,0,99,99,9,9,99,99,9,9,99,9,99,9,9,6,6,3,-1,-1,-1,-1,-1,-1,-1,-1,0,-1
2025010562946,2025,010562946,1,9,0,5,5,0,5,0,0,1,0,0,0,0,0,1,5,6,1,59,9,-1,-1,-1,-1,5,E01002488,0,2
2025010562947,2025,010562947,3,9,0,18,19,5,1,0,0,0,0,0,0,0,1,1,6,6,2,36,7,-1,-1,-1,-1,-1,-1,0,-1
2025010562947,2025,010562947,5,9,0,18,19,1,5,0,0,0,0,0,0,0,0,1,5,6,1,25,5,-1,-1,-1,-1,5,E01003666,0,2
2025010562947,2025,010562947,4,9,0,18,19,1,5,0,0,0,0,0,0,0,0,1,5,6,1,26,6,-1,-1,-1,-1,5,E01003666,0,2
2025010562947,2025,010562947,1,9,0,18,19,5,1,0,0,0,0,0,0,0,2,1,6,6,1,43,7,-1,-1,-1,-1,3,E01000090,0,3
2025010562947,2025,010562947,2,9,0,18,19,1,5,0,0,0,0,0,0,0,1,1,6,6,1,24,5,-1,-1,-1,-1,2,E01003933,0,3
2025010562947,2025,010562947,6,9,0,18,19,1,5,0,0,0,0,0,0,0,0,1,6,6,1,27,6,-1,-1,-1,-1,5,E01003666,0,2
2025010562949,2025,010562949,3,9,0,2,2,0,0,0,0,0,0,0,0,0,0,1,6,6,3,-1,-1,-1,-1,-1,-1,-1,-1,0,-1
2025010562949,2025,010562949,2,9,0,2,2,0,0,0,0,0,0,0,0,0,1,1,6,6,3,-1,-1,-1,-1,-1,-1,-1,-1,0,-1
2025010562949,2025,010562949,1,9,0,9,9,3,2,0,0,0,1,10,1,0,1,1,5,6,1,21,5,-1,-1,-1,-1,-1,-1,0,-1
2025010562951,2025,010562951,2,9,0,18,19,7,3,0,0,8,0,0,0,0,3,1,6,6,3,-1,-1,-1,-1,-1,-1,-1,-1,0,-1
2025010562951,2025,010562951,1,3,0,18,19,3,7,0,0,8,0,0,0,0,3,1,6,6,1,23,5,-1,-1,-1,-1,6,E01000631,0,1
2025010562952,2025,010562952,4,9,0,2,2,0,0,0,0,2,0,0,0,0,3,1,6,6,3,-1,-1,-1,-1,-1,-1,-1,-1,0,-1
2025010562952,2025,010562952,2,9,0,7,7,1,3,0,0,2,2,4,0,0,1,1,6,6,1,18,4,-1,-1,-1,-1,-1,-1,0,-1
2025010562952,2025,010562952,1,9,0,18,19,1,5,0,0,1,0,0,0,0,0,1,1,1,1,38,7,-1,-1,-1,-1,4,E01000922,0,1
2025010562952,2025,010562952,3,9,0,2,2,0,0,0,0,2,0,0,0,0,4,1,6,6,3,-1,-1,-1,-1,-1,-1,-1,-1,0,-1
2025010562955,2025,010562955,1,9,0,18,19,3,7,0,0,4,1,0,0,0,1,1,5,6,1,18,4,-1,-1,-1,-1,5,E01000071,0,1
2025010562955,2025,010562955,2,9,0,18,19,1,5,0,0,4,0,0,0,0,4,1,1,1,1,36,7,-1,-1,-1,-1,5,E01033786,0,2
2025010562957,2025,010562957,2,3,0,18,19,3,7,0,0,8,1,0,0,0,1,1,1,1,1,31,6,-1,-1,-1,-1,7,E01003754,0,1
2025010562957,2025,010562957,1,9,0,18,19,5,1,0,0,8,0,0,0,0,3,1,5,6,1,25,5,-1,-1,-1,-1,6,E01003711,0,1
2025010562960,2025,010562960,2,9,0,18,19,7,3,0,0,0,0,0,0,0,1,1,5,6,1,51,8,-1,-1,-1,-1,5,E01000255,0,2
2025010562960,2025,010562960,1,9,0,18,19,3,7,0,0,0,0,0,0,0,1,1,5,6,1,43,7,-1,-1,-1,-1,10,E01023716,0,3
2025010562960,2025,010562960,3,9,0,2,2,0,0,6,6,0,0,0,0,0,2,1,6,6,3,-1,-1,-1,-1,-1,-1,-1,-1,0,-1
2025010562967,2025,010562967,1,3,9,3,3,9,9,99,99,0,9,99,9,99,1,1,1,1,1,24,5,-1,-1,-1,-1,9,E01003682,0,2
2025010562967,2025,010562967,2,9,9,1,1,9,9,99,99,0,9,99,9,99,9,9,6,6,3,-1,-1,-1,-1,-1,-1,-1,-1,0,-1
2025010562968,2025,010562968,2,9,9,99,99,9,9,99,99,9,9,99,9,99,1,9,6,6,3,-1,-1,-1,-1,-1,-1,-1,-1,0,-1
2025010562968,2025,010562968,1,3,9,99,99,9,9,99,99,9,9,99,9,99,1,1,1,1,1,29,6,-1,-1,-1,-1,8,E01002201,0,1
2025010562969,2025,010562969,1,1,9,99,99,9,9,99,99,9,9,99,9,99,9,1,5,6,2,34,6,-1,-1,-1,-1,3,E01000515,0,1
2025010562969,2025,010562969,2,9,9,99,99,9,9,99,99,9,9,99,9,99,9,9,6,6,3,-1,-1,-1,-1,-1,-1,-1,-1,0,-1
2025010562971,2025,010562971,1,3,9,99,99,9,9,99,99,9,9,99,9,99,1,1,1,1,1,26,6,-1,-1,-1,-1,2,E01001118,0,1
2025010562971,2025,010562971,2,9,9,99,99,9,9,99,99,9,9,99,9,99,1,9,6,6,3,-1,-1,-1,-1,-1,-1,-1,-1,0,-1
2025010562979,2025,010562979,1,9,0,99,99,9,9,99,99,9,9,99,9,99,1,9,5,6,1,32,6,-1,-1,-1,-1,7,E01021476,0,4
2025010562979,2025,010562979,2,9,0,99,99,9,9,99,99,9,9,99,9,99,2,9,6,6,3,-1,-1,-1,-1,-1,-1,-1,-1,0,-1
2025010562980,2025,010562980,1,9,0,99,99,9,9,99,99,9,9,99,9,99,2,9,5,6,2,33,6,-1,-1,-1,-1,6,E01000459,0,1
2025010562980,2025,010562980,2,9,9,18,19,7,3,0,0,3,0,99,0,0,1,1,6,6,3,-1,-1,-1,-1,-1,-1,-1,-1,0,-1
2025010562983,2025,010562983,1,9,0,99,99,9,9,99,99,9,9,99,9,99,2,9,5,6,2,37,7,-1,-1,-1,-1,7,E01003157,0,1
2025010562983,2025,010562983,2,1,9,99,99,9,9,99,99,9,9,4,9,99,9,1,6,6,3,-1,-1,-1,-1,-1,-1,-1,-1,0,-1
2025010562985,2025,010562985,2,1,0,9,9,1,7,0,0,1,0,0,0,0,2,1,5,6,1,47,8,-1,-1,-1,-1,4,E01000464,0,1
2025010562985,2025,010562985,1,9,0,18,19,1,5,0,0,1,0,0,0,0,1,1,2,2,1,21,5,-1,-1,-1,-1,10,E01000357,0,1
2025010562987,2025,010562987,1,5,0,17,19,5,1,0,0,8,0,0,0,0,1,1,2,2,1,67,10,-1,-1,-1,-1,6,E01000584,0,2
2025010562988,2025,010562988,1,9,0,16,19,5,1,0,0,0,0,4,0,0,3,1,6,6,1,84,11,-1,-1,-1,-1,-1,-1,0,-1
2025010562988,2025,010562988,2,9,0,2,2,0,0,0,0,0,0,4,0,0,2,2,6,6,3,-1,-1,-1,-1,-1,-1,-1,-1,0,-1
2025010562989,2025,010562989,1,9,0,9,9,1,7,0,0,2,0,0,0,0,4,1,1,1,1,55,8,-1,-1,-1,-1,2,E01003512,0,2
2025010562990,2025,010562990,1,3,0,18,19,9,9,99,99,0,9,99,9,99,1,1,5,6,1,26,6,-1,-1,-1,-1,3,E01002605,0,1
2025010562990,2025,010562990,2,9,0,6,6,9,9,99,99,0,9,99,9,99,9,9,6,6,3,-1,-1,-1,-1,-1,-1,-1,-1,0,-1
2025010562993,2025,010562993,2,9,0,2,2,0,0,0,0,1,0,0,0,0,3,1,6,6,3,-1,-1,-1,-1,-1,-1,-1,-1,0,-1
2025010562993,2025,010562993,3,9,0,2,2,0,0,9,9,1,0,0,0,0,3,1,6,6,3,-1,-1,-1,-1,-1,-1,-1,-1,0,-1
2025010562993,2025,010562993,1,3,0,18,19,1,5,0,0,5,0,4,0,0,4,1,6,6,1,26,6,-1,-1,-1,-1,4,E01001481,0,1
2025010562999,2025,010562999,1,9,0,18,19,1,5,0,0,2,0,0,0,0,1,1,6,6,3,-1,-1,-1,-1,-1,-1,-1,-1,0,-1
2025010563002,2025,010563002,3,9,0,18,19,3,7,0,0,0,0,0,0,0,1,1,5,6,1,36,7,-1,-1,-1,-1,2,E01000028,0,1
2025010563002,2025,010563002,2,9,0,4,4,3,7,0,0,0,0,0,0,0,2,1,5,6,1,68,10,-1,-1,-1,-1,5,E01000110,0,1
2025010563002,2025,010563002,1,9,0,4,4,3,7,0,0,0,0,0,0,0,2,1,5,6,1,48,8,-1,-1,-1,-1,5,E01030185,0,5
2025010563003,2025,010563003,1,9,0,99,99,9,9,99,99,9,9,99,9,99,9,9,5,6,2,31,6,-1,-1,-1,-1,2,E01001788,0,2
2025010563003,2025,010563003,2,9,0,99,99,9,9,99,99,9,9,99,9,99,9,9,6,6,3,-1,-1,-1,-1,-1,-1,-1,-1,0,-1
2025010563007,2025,010563007,2,5,0,5,5,5,1,0,0,1,2,0,0,0,1,1,5,6,1,23,5,-1,-1,-1,-1,4,E01032772,0,2
2025010563007,2025,010563007,3,9,0,3,3,5,1,0,0,1,0,0,0,0,0,1,1,1,1,50,8,-1,-1,-1,-1,4,E01035721,0,1
2025010563007,2025,010563007,1,20,0,7,7,5,8,0,0,1,0,0,0,0,2,1,1,1,1,43,7,-1,-1,-1,-1,4,E01002973,0,3
2025010563008,2025,010563008,2,9,0,14,14,5,1,0,0,0,0,0,0,0,1,1,5,6,2,17,4,-1,-1,-1,-1,7,E01000748,0,1
2025010563008,2025,010563008,1,9,0,2,2,0,0,0,0,0,0,0,0,0,2,1,6,6,3,-1,-1,-1,-1,-1,-1,-1,-1,0,-1
2025010563014,2025,010563014,2,4,0,5,5,8,4,0,0,0,0,0,0,0,1,1,1,1,1,30,6,-1,-1,-1,-1,2,E01004243,0,1
2025010563014,2025,010563014,1,9,0,5,5,8,4,0,0,0,0,0,0,0,4,1,2,2,1,30,6,-1,-1,-1,-1,7,E01032781,0,1
2025010563015,2025,010563015,2,9,0,9,9,5,2,0,0,1,0,0,0,0,4,1,5,6,2,32,6,-1,-1,-1,-1,7,E01004186,0,1
2025010563015,2025,010563015,1,11,0,18,19,5,1,0,0,5,0,0,0,0,4,1,1,1,1,59,9,-1,-1,-1,-1,7,E01004108,0,2
2025010563018,2025,010563018,2,19,0,-1,-1,3,7,0,0,3,0,0,0,0,0,1,6,6,3,-1,-1,-1,-1,-1,-1,-1,-1,0,-1
2025010563018,2025,010563018,1,3,0,9,9,7,5,0,0,3,5,0,0,0,0,1,6,6,1,37,7,-1,-1,-1,-1,5,E01004631,0,1
2025010563020,2025,010563020,1,1,9,18,19,9,9,99,99,1,9,99,9,99,1,1,5,6,1,29,6,-1,-1,-1,-1,2,E01003184,0,2
2025010563020,2025,010563020,2,9,0,11,11,9,9,99,99,5,9,99,9,99,2,9,6,6,1,18,4,-1,-1,-1,-1,4,E01030609,0,3
2025010563021,2025,010563021,1,1,9,99,99,9,9,99,99,9,9,99,9,99,9,1,5,6,1,31,6,-1,-1,-1,-1,4,E01001261,0,1
2025010563021,2025,010563021,2,9,0,99,99,9,9,99,99,9,9,99,9,99,1,9,6,6,3,-1,-1,-1,-1,-1,-1,-1,-1,0,-1
2025010563026,2025,010563026,2,9,0,99,99,9,9,99,99,9,9,99,9,99,9,9,6,6,3,-1,-1,-1,-1,-1,-1,-1,-1,0,-1
2025010563026,2025,010563026,1,9,0,99,99,9,9,99,99,9,9,99,9,99,9,9,5,6,1,28,6,-1,-1,-1,-1,5,E01023705,0,4
2025010563028,2025,010563028,3,9,0,18,19,3,7,0,0,2,0,0,0,0,4,1,5,6,1,37,7,-1,-1,-1,-1,6,E01003760,0,1
2025010563028,2025,010563028,1,9,0,15,15,3,7,0,0,6,2,10,0,0,1,1,5,6,1,25,5,-1,-1,-1,-1,3,E01002771,0,2
2025010563028,2025,010563028,2,9,0,18,19,3,7,0,0,2,0,0,1,11,2,1,5,6,1,29,6,-1,-1,-1,-1,8,E01021604,0,4
2025010563031,2025,010563031,1,9,9,18,19,1,5,99,99,9,9,0,9,99,1,9,6,6,1,55,8,-1,-1,-1,-1,-1,-1,0,-1
2025010563035,2025,010563035,2,19,0,18,19,5,1,0,0,0,0,0,0,0,1,1,5,6,1,56,9,-1,-1,-1,-1,5,E01000260,0,4
2025010563035,2025,010563035,1,9,0,4,4,5,1,0,0,0,0,0,0,0,2,1,5,6,2,38,7,-1,-1,-1,-1,5,E01004465,0,3
2025010563036,2025,010563036,2,3,0,18,19,5,1,0,0,1,0,4,0,0,1,1,6,6,1,17,4,-1,-1,-1,-1,4,E01001322,0,4
2025010563036,2025,010563036,1,9,0,9,9,1,6,0,0,6,0,0,0,0,1,1,5,6,2,31,6,-1,-1,-1,-1,5,E01003148,0,1
2025010563039,2025,010563039,1,9,9,99,99,9,9,99,99,9,9,99,9,99,9,9,6,6,3,-1,-1,-1,-1,-1,-1,-1,-1,0,-1
2025010563040,2025,010563040,2,9,0,99,99,9,9,99,99,9,9,99,9,99,9,9,6,6,3,-1,-1,-1,-1,-1,-1,4,E01000164,0,1
2025010563040,2025,010563040,1,3,0,99,99,9,9,99,99,9,9,99,9,99,1,1,5,6,1,18,4,-1,-1,-1,-1,9,E01000156,0,1
2025010563047,2025,010563047,1,-1,9,99,99,9,9,99,99,9,9,99,9,99,9,9,6,6,3,-1,-1,-1,-1,-1,-1,-1,-1,1,-1
2025010563048,2025,010563048,1,19,0,18,19,4,8,9,9,0,0,0,7,11,1,1,6,6,1,31,6,-1,-1,-1,-1,-1,-1,0,-1
2025010563048,2025,010563048,2,9,0,18,19,4,8,9,9,0,0,0,1,0,1,1,1,1,1,47,8,-1,-1,-1,-1,9,E01003356,0,1
2025010563056,2025,010563056,2,11,0,-1,-1,1,5,0,0,8,0,0,0,0,2,1,1,1,2,36,7,-1,-1,-1,-1,2,E01001979,0,3
2025010563056,2025,010563056,1,9,0,-1,-1,1,5,0,0,8,0,0,0,0,1,1,5,6,2,48,8,-1,-1,-1,-1,8,E01004069,0,1
2025010563058,2025,010563058,2,1,0,18,19,7,3,0,0,1,0,0,0,0,4,1,4,7,2,19,4,-1,-1,-1,-1,10,E01001375,0,2
2025010563058,2025,010563058,1,9,0,14,14,7,3,0,0,1,0,0,0,0,0,1,6,6,3,-1,-1,-1,-1,-1,-1,-1,-1,0,-1
2025010563064,2025,010563064,1,11,0,4,4,3,7,2,2,1,0,0,0,0,0,1,5,6,1,59,9,-1,-1,-1,-1,9,E01000350,0,3
2025010563073,2025,010563073,1,9,0,99,99,9,9,99,99,9,9,99,9,99,2,9,6,6,1,45,7,-1,-1,-1,-1,3,E01035645,0,1
2025010563073,2025,010563073,2,9,0,99,99,9,9,99,99,9,9,99,9,99,1,9,6,6,3,-1,-1,-1,-1,-1,-1,5,E01035663,0,1
2025010563086,2025,010563086,1,5,0,18,19,7,3,0,0,6,0,0,0,0,1,1,5,6,1,39,7,-1,-1,-1,-1,-1,-1,0,-1
2025010563087,2025,010563087,1,1,9,99,99,9,9,99,99,9,9,99,9,99,9,1,5,6,2,30,6,-1,-1,-1,-1,3,E01035645,0,1
2025010563087,2025,010563087,2,9,9,99,99,9,9,99,99,9,9,99,9,99,9,9,6,6,3,-1,-1,-1,-1,-1,-1,-1,-1,0,-1
2025010563089,2025,010563089,1,9,0,99,99,9,9,99,99,9,9,99,9,99,1,9,6,6,3,35,6,-1,-1,-1,-1,1,E01004005,0,1
2025010563090,2025,010563090,2,9,0,18,19,1,5,0,0,8,0,0,0,0,1,1,5,6,1,32,6,-1,-1,-1,-1,4,E01034613,0,1
2025010563090,2025,010563090,1,9,0,9,9,5,3,0,0,8,0,0,0,0,1,1,5,6,2,54,8,-1,-1,-1,-1,8,E01002414,0,1
2025010563092,2025,010563092,1,9,0,4,4,1,5,0,0,8,5,0,0,0,1,1,5,6,2,56,9,-1,-1,-1,-1,2,E01001364,0,1
2025010563092,2025,010563092,2,9,0,4,4,5,1,0,0,8,0,0,0,0,1,1,6,6,3,-1,-1,-1,-1,-1,-1,-1,-1,0,-1
2025010563094,2025,010563094,2,9,0,9,9,5,3,0,0,8,0,0,0,0,3,1,5,6,1,48,8,-1,-1,-1,-1,6,E01001198,0,2
2025010563094,2025,010563094,1,9,0,18,19,5,1,0,0,1,0,0,0,0,1,1,6,6,2,23,5,-1,-1,-1,-1,5,E01003855,0,1
2025010563097,2025,010563097,1,1,9,99,99,9,9,99,99,9,9,99,9,99,9,1,6,6,3,-1,-1,-1,-1,-1,-1,-1,-1,0,-1
2025010563098,2025,010563098,1,3,0,99,99,9,9,99,99,9,9,99,9,99,9,1,1,1,1,35,6,-1,-1,-1,-1,4,E01001183,0,1
2025010563100,2025,010563100,2,9,0,99,99,9,9,99,99,9,9,99,9,99,1,9,6,6,3,-1,-1,-1,-1,-1,-1,-1,-1,0,-1
2025010563100,2025,010563100,1,3,0,99,99,9,9,99,99,9,9,99,9,99,2,1,5,6,1,23,5,-1,-1,-1,-1,3,E01001316,0,1
2025010563101,2025,010563101,1,9,0,7,7,1,3,0,0,4,0,0,0,0,3,1,5,6,2,56,9,-1,-1,-1,-1,-1,-1,0,-1
2025010563101,2025,010563101,2,1,0,18,19,7,3,0,0,3,0,0,0,0,4,1,5,6,1,56,9,-1,-1,-1,-1,7,E01002228,0,1
2025010563103,2025,010563103,2,5,0,18,19,5,1,0,0,1,0,0,0,0,0,1,6,6,1,54,8,-1,-1,-1,-1,3,E01004044,0,3
2025010563103,2025,010563103,1,9,0,18,19,5,1,0,0,1,0,0,0,0,0,1,6,6,2,23,5,-1,-1,-1,-1,2,E01004570,0,1
2025010563103,2025,010563103,3,1,0,18,19,5,1,0,0,1,0,0,0,0,2,1,6,6,2,47,8,-1,-1,-1,-1,8,E01004500,0,1
2025010563107,2025,010563107,2,9,0,99,99,9,9,99,99,0,9,99,9,99,1,9,6,6,1,34,6,-1,-1,-1,-1,2,E01000072,0,2
2025010563107,2025,010563107,1,1,9,99,99,9,9,99,99,0,9,99,9,99,9,1,2,2,1,47,8,-1,-1,-1,-1,3,E01002370,0,1
2025010563125,2025,010563125,1,19,0,18,19,4,8,0,0,2,0,0,0,0,1,1,6,6,3,-1,-1,-1,-1,-1,-1,-1,-1,0,-1
2025010563128,2025,010563128,1,9,0,99,99,9,9,99,99,9,9,99,9,99,2,9,5,6,1,37,7,-1,-1,-1,-1,5,E01017358,0,5