collision_index,collision_year,collision_ref_no,vehicle_reference,vehicle_type,towing_and_articulation,vehicle_manoeuvre_historic,vehicle_manoeuvre,vehicle_direction_from,vehicle_direction_to,vehicle_location_restricted_lane_historic,vehicle_location_restricted_lane,junction_location,skidding_and_overturning,hit_object_in_carriageway,vehicle_leaving_carriageway,hit_object_off_carriageway,first_point_of_impact,vehicle_left_hand_drive,journey_purpose_of_driver_historic,journey_purpose_of_driver,sex_of_driver,age_of_driver,age_band_of_driver,engine_capacity_cc,propulsion_code,age_of_vehicle,generic_make_model,driver_imd_decile,lsoa_of_driver,escooter_flag,driver_distance_banding
2025010563128,2025,010563128,2,9,0,99,99,9,9,99,99,9,9,99,9,99,1,9,6,6,3,-1,-1,-1,-1,-1,-1,-1,-1,0,-1
2025010563130,2025,010563130,1,11,0,4,4,3,7,0,0,1,0,0,0,0,0,1,1,1,2,44,7,-1,-1,-1,-1,5,E01001315,0,1
2025010563136,2025,010563136,1,1,9,99,99,9,9,4,4,1,9,99,9,99,9,1,2,2,1,41,7,-1,-1,-1,-1,9,E01004554,0,1
2025010563136,2025,010563136,2,97,0,99,99,9,9,99,99,6,9,99,9,99,1,1,6,6,1,22,5,-1,-1,-1,-1,5,E01000591,0,3
2025010563142,2025,010563142,1,9,0,99,99,9,9,99,99,9,9,99,9,99,1,9,6,6,1,-1,-1,-1,-1,-1,-1,-1,-1,0,-1
2025010563147,2025,010563147,1,8,0,99,99,9,9,99,99,9,9,99,9,99,2,9,2,2,1,30,6,-1,-1,-1,-1,4,E01033919,0,3
2025010563147,2025,010563147,2,9,0,99,99,9,9,99,99,9,9,99,9,99,1,9,6,6,1,53,8,-1,-1,-1,-1,5,E01000260,0,3
2025010563150,2025,010563150,1,3,0,18,19,2,6,0,0,0,0,0,0,0,1,1,5,6,1,25,5,-1,-1,-1,-1,6,E01000231,0,2
2025010563151,2025,010563151,1,11,0,4,4,5,1,0,0,0,0,0,0,0,0,1,1,1,1,52,8,-1,-1,-1,-1,5,E01023838,0,3
2025010563153,2025,010563153,1,3,0,99,99,9,9,99,99,9,9,99,9,99,9,1,5,6,3,24,5,-1,-1,-1,-1,5,E01027059,0,4
2025010563153,2025,010563153,2,9,0,99,99,9,9,99,99,9,9,99,9,99,9,9,6,6,3,-1,-1,-1,-1,-1,-1,-1,-1,0,-1
2025010563155,2025,010563155,2,9,0,18,19,5,1,0,0,1,0,4,0,0,1,1,6,6,2,36,7,-1,-1,-1,-1,8,E01003774,0,3
2025010563155,2025,010563155,1,9,0,3,3,5,1,0,0,1,0,0,0,0,2,1,6,6,2,39,7,-1,-1,-1,-1,2,E01004068,0,1
2025010563157,2025,010563157,1,11,0,4,4,5,1,0,0,0,0,0,0,0,4,1,1,1,1,53,8,-1,-1,-1,-1,1,E01001356,0,3
2025010563159,2025,010563159,2,9,0,99,99,9,9,99,99,9,9,99,9,99,9,9,6,6,3,-1,-1,-1,-1,-1,-1,3,E01000095,0,1
2025010563159,2025,010563159,1,1,9,99,99,9,9,99,99,9,9,8,9,99,1,1,2,2,1,32,6,-1,-1,-1,-1,5,E01004232,0,3
2025010563169,2025,010563169,1,9,0,99,99,9,9,99,99,9,9,99,9,99,9,9,6,6,2,48,8,-1,-1,-1,-1,6,E01001201,0,1
2025010563169,2025,010563169,2,1,9,99,99,9,9,99,99,9,9,99,9,99,1,1,6,6,1,27,6,-1,-1,-1,-1,6,E01032572,0,1
2025010563170,2025,010563170,2,1,0,-1,-1,7,3,0,0,1,0,0,1,0,3,1,6,6,1,25,5,-1,-1,-1,-1,-1,-1,0,-1
2025010563170,2025,010563170,1,9,0,7,7,7,1,0,0,1,0,0,1,0,4,1,6,6,1,35,6,-1,-1,-1,-1,2,E01004255,0,1
2025010563171,2025,010563171,1,5,0,99,99,9,9,99,99,9,9,99,9,99,9,1,5,6,1,48,8,-1,-1,-1,-1,6,E01004466,0,1
2025010563171,2025,010563171,2,9,0,99,99,9,9,99,99,9,9,99,9,99,9,9,6,6,3,-1,-1,-1,-1,-1,-1,-1,-1,0,-1
2025010563182,2025,010563182,2,23,0,14,14,8,4,0,0,0,0,0,0,0,1,1,5,6,1,17,4,-1,-1,-1,-1,8,E01004144,0,1
2025010563182,2025,010563182,1,9,0,18,19,8,4,0,0,0,0,0,0,0,3,1,5,6,1,24,5,-1,-1,-1,-1,9,E01003356,0,1
2025010563184,2025,010563184,1,11,0,5,5,3,7,0,0,0,0,0,0,0,0,1,1,1,1,47,8,-1,-1,-1,-1,-1,-1,0,-1
2025010563186,2025,010563186,1,3,0,99,99,9,9,99,99,9,9,99,9,99,9,1,5,6,1,19,4,-1,-1,-1,-1,2,E01003087,0,3
2025010563186,2025,010563186,2,9,0,99,99,9,9,99,99,9,9,99,9,99,1,9,6,6,3,-1,-1,-1,-1,-1,-1,-1,-1,0,-1
2025010563188,2025,010563188,2,9,0,18,19,1,5,0,0,6,0,0,0,0,0,1,6,6,2,43,7,-1,-1,-1,-1,1,E01003290,0,1
2025010563188,2025,010563188,1,9,0,18,19,7,3,0,0,8,0,0,0,0,0,1,1,1,1,55,8,-1,-1,-1,-1,3,E01003221,0,1
2025010563191,2025,010563191,1,3,0,99,99,9,9,99,99,9,9,99,9,99,1,1,2,2,1,56,9,-1,-1,-1,-1,8,E01003676,0,1
2025010563191,2025,010563191,2,9,9,18,19,1,5,0,0,9,9,99,9,99,9,9,6,6,2,53,8,-1,-1,-1,-1,2,E01034488,0,1
2025010563225,2025,010563225,2,3,0,15,15,8,4,4,4,8,0,0,0,0,3,1,1,1,1,24,5,-1,-1,-1,-1,4,E01002397,0,1
2025010563225,2025,010563225,1,11,0,18,19,8,4,0,0,8,0,0,0,0,1,1,1,1,1,36,7,-1,-1,-1,-1,3,E01001326,0,2
2025010563228,2025,010563228,1,3,0,18,19,3,7,0,0,2,0,0,0,0,4,1,1,1,1,34,6,-1,-1,-1,-1,3,E01034038,0,1
2025010563228,2025,010563228,2,9,0,18,19,3,7,0,0,2,0,0,0,0,3,1,5,6,2,67,10,-1,-1,-1,-1,-1,-1,0,-1
2025010563231,2025,010563231,2,8,0,9,9,9,9,99,99,0,9,99,9,99,9,9,6,6,3,-1,-1,-1,-1,-1,-1,-1,-1,0,-1
2025010563231,2025,010563231,1,3,0,13,13,9,9,99,99,0,9,99,9,99,1,1,1,1,1,31,6,-1,-1,-1,-1,2,E01002545,0,1
2025010563233,2025,010563233,4,9,9,2,2,0,0,99,99,9,9,99,9,99,9,9,6,6,3,-1,-1,-1,-1,-1,-1,-1,-1,0,-1
2025010563233,2025,010563233,5,9,9,2,2,0,0,99,99,9,9,99,9,99,9,9,6,6,3,-1,-1,-1,-1,-1,-1,-1,-1,0,-1
2025010563233,2025,010563233,2,9,9,99,99,9,9,99,99,9,9,99,9,99,9,9,6,6,1,40,7,-1,-1,-1,-1,6,E01001312,0,1
2025010563233,2025,010563233,3,9,9,2,2,0,0,99,99,9,9,99,9,99,9,9,6,6,3,-1,-1,-1,-1,-1,-1,-1,-1,0,-1
2025010563233,2025,010563233,1,9,0,99,99,9,9,99,99,9,9,99,9,99,3,9,2,2,1,58,9,-1,-1,-1,-1,3,E01034039,0,2
2025010563235,2025,010563235,1,9,0,9,9,5,2,0,0,1,0,0,0,0,1,1,1,1,1,30,6,-1,-1,-1,-1,8,E01001027,0,1
2025010563237,2025,010563237,1,9,0,99,99,9,9,99,99,9,9,99,9,99,2,9,6,6,3,-1,-1,-1,-1,-1,-1,-1,-1,0,-1
2025010563240,2025,010563240,1,9,0,-1,-1,1,5,0,0,1,0,0,0,0,1,1,6,6,3,-1,-1,-1,-1,-1,-1,-1,-1,0,-1
2025010563246,2025,010563246,1,9,0,99,99,9,9,99,99,9,9,99,9,99,9,9,1,1,1,51,8,-1,-1,-1,-1,7,E01034319,0,5
2025010563246,2025,010563246,2,9,9,99,99,9,9,99,99,9,9,99,9,99,9,9,6,6,3,-1,-1,-1,-1,-1,-1,-1,-1,0,-1
2025010563247,2025,010563247,2,98,9,99,99,9,9,99,99,9,9,99,9,99,9,9,6,6,3,-1,-1,-1,-1,-1,-1,3,E01000577,0,1
2025010563247,2025,010563247,1,9,9,99,99,9,9,99,99,9,9,99,9,99,9,9,5,6,2,40,7,-1,-1,-1,-1,4,E01000473,0,2
2025010563252,2025,010563252,1,9,0,7,7,6,1,0,0,2,0,0,0,0,1,1,2,2,1,19,4,-1,-1,-1,-1,8,E01001122,0,1
2025010563252,2025,010563252,2,9,0,-1,-1,1,5,0,0,8,0,0,0,0,1,1,5,6,1,75,10,-1,-1,-1,-1,5,E01030600,0,3
2025010563257,2025,010563257,1,9,0,-1,-1,8,4,0,0,1,0,7,0,0,1,1,1,1,1,47,8,-1,-1,-1,-1,7,E01003691,0,4
2025010563259,2025,010563259,1,9,0,9,9,4,2,0,0,8,0,0,0,0,1,1,6,6,1,26,6,-1,-1,-1,-1,-1,-1,0,-1
2025010563259,2025,010563259,2,1,0,18,19,2,6,0,0,1,0,0,0,0,1,1,2,2,1,34,6,-1,-1,-1,-1,-1,-1,0,-1
2025010563261,2025,010563261,2,98,0,99,99,9,9,99,99,9,9,99,9,99,2,9,6,6,3,-1,-1,-1,-1,-1,-1,-1,-1,0,-1
2025010563261,2025,010563261,1,9,0,99,99,9,9,99,99,9,9,99,9,99,2,9,5,6,2,37,7,-1,-1,-1,-1,2,E01018771,0,5
2025010563267,2025,010563267,1,9,0,6,6,5,5,0,0,1,0,0,0,0,1,1,5,6,1,46,8,-1,-1,-1,-1,2,E01034149,0,1
2025010563267,2025,010563267,2,4,0,18,19,5,1,0,0,1,1,10,1,10,1,1,2,2,1,37,7,-1,-1,-1,-1,1,E01001115,0,1
2025010563268,2025,010563268,2,19,0,1,1,9,9,99,99,0,9,99,9,99,2,9,6,6,3,-1,-1,-1,-1,-1,-1,-1,-1,0,-1
2025010563268,2025,010563268,1,3,0,3,3,9,9,99,99,0,9,99,9,99,1,1,5,6,1,26,6,-1,-1,-1,-1,7,E01030591,0,3
2025010563271,2025,010563271,2,9,0,18,19,1,5,7,6,0,0,0,1,0,1,1,5,6,1,19,4,-1,-1,-1,-1,4,E01002346,0,1
2025010563271,2025,010563271,1,9,0,18,19,1,5,0,0,0,0,0,0,0,2,1,5,6,1,56,9,-1,-1,-1,-1,7,E01015961,0,2
2025010563273,2025,010563273,1,9,0,18,19,1,5,0,0,2,0,0,0,0,1,1,5,6,2,50,8,-1,-1,-1,-1,2,E01004088,0,2
2025010563273,2025,010563273,2,1,0,9,9,7,4,0,0,1,0,0,0,0,4,1,6,6,2,24,5,-1,-1,-1,-1,7,E01004159,0,1
2025010563278,2025,010563278,2,9,0,99,99,9,9,99,99,0,9,99,9,99,9,9,6,6,2,39,7,-1,-1,-1,-1,4,E01000114,0,1
2025010563278,2025,010563278,1,5,0,99,99,9,9,99,99,0,0,0,0,0,1,1,2,2,1,52,8,-1,-1,-1,-1,7,E01002298,0,2
2025010563285,2025,010563285,2,19,0,99,99,9,9,99,99,9,9,99,9,99,2,9,6,6,3,-1,-1,-1,-1,-1,-1,-1,-1,0,-1
2025010563285,2025,010563285,1,1,9,99,99,9,9,99,99,9,9,99,9,99,1,1,2,2,2,41,7,-1,-1,-1,-1,2,E01001780,0,1
2025010563290,2025,010563290,2,-1,9,99,99,9,9,99,99,0,9,99,9,99,9,1,6,6,1,15,3,-1,-1,-1,-1,1,E01002095,1,2
2025010563290,2025,010563290,1,9,0,99,99,9,9,99,99,0,9,99,9,99,1,1,6,6,3,-1,-1,-1,-1,-1,-1,-1,-1,0,-1
2025010563298,2025,010563298,2,1,0,3,3,3,7,4,4,8,0,0,0,0,4,1,5,6,1,31,6,-1,-1,-1,-1,2,E01035694,0,1
2025010563298,2025,010563298,1,9,0,9,9,3,1,0,0,1,0,0,0,0,3,1,6,6,3,-1,-1,-1,-1,-1,-1,6,E01034281,0,5
2025010563300,2025,010563300,1,9,0,18,19,5,1,0,0,2,0,0,0,0,3,1,2,2,2,44,7,-1,-1,-1,-1,5,E01023533,0,2
2025010563304,2025,010563304,2,3,0,18,19,8,4,0,0,8,0,0,0,0,1,1,6,6,1,30,6,-1,-1,-1,-1,3,E01034141,0,1
2025010563304,2025,010563304,1,9,0,5,5,8,4,0,0,6,0,0,0,0,3,1,6,6,1,42,7,-1,-1,-1,-1,5,E01001138,0,1
2025010563305,2025,010563305,1,90,0,18,19,3,7,0,0,0,0,0,0,0,4,1,6,6,3,-1,-1,-1,-1,-1,-1,-1,-1,0,-1
2025010563311,2025,010563311,1,9,0,99,99,9,9,99,99,9,9,99,9,99,9,9,5,6,1,30,6,-1,-1,-1,-1,4,E01000944,0,1
2025010563319,2025,010563319,1,1,9,99,99,9,9,99,99,9,9,99,9,99,1,1,2,2,2,26,6,-1,-1,-1,-1,3,E01002777,0,1
2025010563319,2025,010563319,2,19,0,99,99,9,9,99,99,9,9,99,9,99,9,9,6,6,3,-1,-1,-1,-1,-1,-1,-1,-1,0,-1
2025010563320,2025,010563320,2,1,9,99,99,9,9,99,99,9,9,99,9,99,1,1,6,6,3,-1,-1,-1,-1,-1,-1,-1,-1,0,-1
2025010563320,2025,010563320,1,9,0,99,99,9,9,99,99,9,9,99,9,99,4,9,5,6,2,55,8,-1,-1,-1,-1,6,E01001644,0,1
2025010563325,2025,010563325,1,9,0,9,9,7,5,0,0,3,0,0,0,0,4,1,5,6,2,19,4,-1,-1,-1,-1,9,E01024300,0,3
2025010563325,2025,010563325,2,3,0,5,5,5,1,0,0,3,0,0,0,0,1,1,2,2,1,24,5,-1,-1,-1,-1,2,E01000433,0,1
2025010563326,2025,010563326,2,9,9,99,99,9,9,99,99,9,9,99,9,99,1,9,6,6,3,35,6,-1,-1,-1,-1,-1,-1,0,-1
2025010563326,2025,010563326,1,1,9,99,99,9,9,99,99,9,9,99,9,99,9,1,2,2,2,36,7,-1,-1,-1,-1,7,E01004107,0,2
2025010563330,2025,010563330,1,9,0,5,5,3,7,0,0,1,0,0,0,0,1,1,1,1,1,27,6,-1,-1,-1,-1,5,E01000592,0,3
2025010563331,2025,010563331,1,19,0,1,1,8,4,0,0,2,0,0,0,0,2,1,6,6,3,-1,-1,-1,-1,-1,-1,-1,-1,0,-1
2025010563338,2025,010563338,2,5,0,11,11,5,1,0,0,0,2,0,0,0,1,1,6,6,1,31,6,-1,-1,-1,-1,-1,-1,0,-1
2025010563338,2025,010563338,1,9,0,12,12,5,1,6,6,0,0,0,0,0,2,1,2,2,1,26,6,-1,-1,-1,-1,3,E01021490,0,4
2025010563343,2025,010563343,2,1,0,18,19,5,1,0,0,8,0,0,0,0,1,1,1,1,1,28,6,-1,-1,-1,-1,2,E01003187,0,1
2025010563343,2025,010563343,1,9,0,9,9,1,6,0,0,1,0,0,0,0,4,1,1,1,1,49,8,-1,-1,-1,-1,10,E01027992,0,5
2025010563347,2025,010563347,1,9,0,99,99,9,9,99,99,9,9,99,9,99,9,9,5,6,2,22,5,-1,-1,-1,-1,4,E01003353,0,3
2025010563347,2025,010563347,2,9,0,99,99,9,9,99,99,9,9,99,9,99,1,9,6,6,3,-1,-1,-1,-1,-1,-1,-1,-1,0,-1
2025010563349,2025,010563349,2,9,0,18,19,5,1,0,0,1,0,0,0,0,1,1,6,6,1,53,8,-1,-1,-1,-1,-1,-1,0,-1
2025010563349,2025,010563349,1,9,0,10,10,7,5,0,0,6,0,0,0,0,4,1,6,6,2,40,7,-1,-1,-1,-1,-1,-1,0,-1
2025010563350,2025,010563350,1,3,0,18,19,1,5,0,0,0,0,0,0,0,1,1,5,6,2,37,7,-1,-1,-1,-1,6,E01001990,0,1
2025010563350,2025,010563350,2,9,0,6,6,5,5,0,0,0,1,0,0,0,1,1,5,6,2,42,7,-1,-1,-1,-1,2,E01000868,0,1
2025010563354,2025,010563354,1,9,0,9,9,7,5,0,0,5,0,12,0,0,4,9,6,6,2,-1,-1,-1,-1,-1,-1,-1,-1,0,-1
2025010563359,2025,010563359,1,9,0,99,99,9,9,99,99,9,9,99,9,99,2,9,2,2,2,34,6,-1,-1,-1,-1,2,E01001649,0,2
2025010563359,2025,010563359,2,9,0,99,99,9,9,99,99,9,9,99,9,99,1,9,6,6,3,38,7,-1,-1,-1,-1,3,E01004062,0,1
2025010563365,2025,010563365,2,9,0,99,99,9,9,99,99,9,9,99,9,99,1,9,6,6,3,-1,-1,-1,-1,-1,-1,-1,-1,0,-1
2025010563365,2025,010563365,1,3,0,99,99,9,9,99,99,9,9,99,9,99,2,1,5,6,1,34,6,-1,-1,-1,-1,8,E01000569,0,2
2025010563370,2025,010563370,2,1,0,15,15,5,1,0,0,6,0,0,0,0,0,1,6,6,1,43,7,-1,-1,-1,-1,5,E01001659,0,3
2025010563370,2025,010563370,1,9,0,7,7,5,8,0,0,6,0,0,0,0,0,1,6,6,1,27,6,-1,-1,-1,-1,2,E01035664,0,1
2025010563373,2025,010563373,2,9,0,18,19,5,1,0,0,1,0,0,0,0,2,1,5,6,1,20,4,-1,-1,-1,-1,5,E01033786,0,1
2025010563373,2025,010563373,1,3,0,18,19,1,5,0,0,1,0,0,0,0,1,1,1,1,1,17,4,-1,-1,-1,-1,2,E01000017,0,1
2025010563380,2025,010563380,2,19,0,99,99,9,9,99,99,9,9,99,9,99,1,9,6,6,3,-1,-1,-1,-1,-1,-1,1,E01003318,0,1
2025010563380,2025,010563380,1,1,9,99,99,9,9,99,99,9,9,99,9,99,9,1,5,6,1,42,7,-1,-1,-1,-1,5,E01003307,0,1
2025010563381,2025,010563381,1,9,0,9,9,7,5,9,9,6,1,10,1,11,2,1,6,6,3,-1,-1,-1,-1,-1,-1,-1,-1,0,-1
2025010563382,2025,010563382,1,1,9,99,99,9,9,99,99,9,9,99,9,99,9,1,2,2,1,45,7,-1,-1,-1,-1,4,E01003543,0,1
2025010563382,2025,010563382,2,9,0,99,99,9,9,99,99,9,9,99,9,99,9,9,6,6,3,57,9,-1,-1,-1,-1,2,E01004335,0,1
2025010563386,2025,010563386,1,9,0,99,99,9,9,99,99,9,9,99,9,99,9,9,5,6,1,41,7,-1,-1,-1,-1,10,E01030392,0,3
2025010563386,2025,010563386,2,9,0,99,99,9,9,99,99,9,9,99,9,99,9,9,6,6,3,-1,-1,-1,-1,-1,-1,-1,-1,0,-1
2025010563390,2025,010563390,1,9,0,99,99,9,9,99,99,9,9,99,9,99,2,9,2,2,2,48,8,-1,-1,-1,-1,6,E01001565,0,4
2025010563390,2025,010563390,2,19,9,16,19,7,3,99,99,9,9,99,9,99,9,9,6,6,1,-1,-1,-1,-1,-1,-1,2,E01002090,0,4
2025010563395,2025,010563395,1,9,0,18,19,7,3,9,9,8,0,0,0,0,1,1,5,6,1,32,6,-1,-1,-1,-1,4,E01001148,0,1
2025010563396,2025,010563396,2,3,0,99,99,9,9,99,99,9,9,99,9,99,9,1,6,6,3,-1,-1,-1,-1,-1,-1,-1,-1,0,-1
2025010563396,2025,010563396,1,1,9,99,99,9,9,99,99,9,9,99,9,99,9,1,2,2,2,54,8,-1,-1,-1,-1,5,E01004579,0,1
2025010563398,2025,010563398,2,9,0,99,99,9,9,99,99,9,9,99,9,99,1,9,6,6,3,-1,-1,-1,-1,-1,-1,-1,-1,0,-1
2025010563398,2025,010563398,1,1,9,99,99,9,9,99,99,9,9,99,9,99,9,1,1,1,1,51,8,-1,-1,-1,-1,3,E01034139,0,1
2025010563399,2025,010563399,1,19,0,9,9,1,6,0,0,5,0,0,0,0,1,1,1,1,1,28,6,-1,-1,-1,-1,2,E01000863,0,3
2025010563400,2025,010563400,2,3,0,18,19,3,7,0,0,1,0,0,0,0,1,1,5,6,1,20,4,-1,-1,-1,-1,-1,-1,0,-1
2025010563400,2025,010563400,1,9,0,9,9,5,3,0,0,2,0,0,0,0,1,1,5,6,1,40,7,-1,-1,-1,-1,2,E01003046,0,1
2025010563401,2025,010563401,1,1,0,18,19,3,7,4,4,0,0,0,0,0,1,1,1,1,1,26,6,-1,-1,-1,-1,4,E01001376,0,1
2025010563404,2025,010563404,2,9,0,99,99,9,9,99,99,9,9,99,9,99,1,9,6,6,3,30,6,-1,-1,-1,-1,5,E01020577,0,5
2025010563404,2025,010563404,1,1,9,99,99,9,9,99,99,9,9,99,9,99,9,1,2,2,1,44,7,-1,-1,-1,-1,10,E01023238,0,4
2025010563406,2025,010563406,1,9,0,99,99,9,9,99,99,0,9,99,9,99,9,9,6,6,3,46,8,-1,-1,-1,-1,6,E01002371,0,2
2025010563413,2025,010563413,1,1,9,99,99,9,9,99,99,9,9,99,9,99,9,1,2,2,1,43,7,-1,-1,-1,-1,3,E01001676,0,3
2025010563413,2025,010563413,2,9,0,99,99,9,9,99,99,9,9,99,9,99,1,9,6,6,3,-1,-1,-1,-1,-1,-1,2,E01001151,0,3
2025010563416,2025,010563416,1,11,0,99,99,9,9,99,99,0,9,99,9,99,1,9,6,6,1,43,7,-1,-1,-1,-1,5,E01004177,0,1
2025010563421,2025,010563421,2,19,9,99,99,9,9,99,99,5,9,99,9,99,9,9,6,6,3,-1,-1,-1,-1,-1,-1,-1,-1,0,-1
2025010563421,2025,010563421,1,1,9,99,99,9,9,99,99,1,9,99,9,99,1,1,2,2,1,49,8,-1,-1,-1,-1,-1,-1,0,-1
2025010563422,2025,010563422,2,19,0,18,19,7,3,0,0,0,0,0,0,0,1,1,1,1,1,67,10,-1,-1,-1,-1,2,E01001849,0,3
2025010563422,2025,010563422,1,9,0,18,19,7,3,0,0,0,0,11,0,0,2,1,2,2,1,32,6,-1,-1,-1,-1,1,E01021311,0,4
2025010563428,2025,010563428,1,9,0,99,99,9,9,99,99,9,9,99,9,99,2,9,5,6,1,27,6,-1,-1,-1,-1,5,E01034600,0,2
2025010563428,2025,010563428,2,9,0,99,99,9,9,99,99,9,9,99,9,99,1,9,6,6,3,-1,-1,-1,-1,-1,-1,-1,-1,0,-1
2025010563432,2025,010563432,1,9,0,5,5,3,7,0,0,1,0,0,0,0,1,1,5,6,2,73,10,-1,-1,-1,-1,5,E01003784,0,1
2025010563436,2025,010563436,1,1,9,99,99,9,9,99,99,9,9,99,9,99,9,1,2,2,3,37,7,-1,-1,-1,-1,7,E01002061,0,1
2025010563436,2025,010563436,2,9,0,99,99,9,9,99,99,9,9,99,9,99,1,9,6,6,3,-1,-1,-1,-1,-1,-1,-1,-1,0,-1
2025010563441,2025,010563441,1,9,9,-1,-1,1,5,99,99,9,0,99,0,0,9,9,6,6,3,-1,-1,-1,-1,-1,-1,-1,-1,0,-1
2025010563442,2025,010563442,1,19,9,99,99,9,9,99,99,9,9,99,9,99,9,9,6,6,3,-1,-1,-1,-1,-1,-1,-1,-1,0,-1
2025010563443,2025,010563443,1,3,0,99,99,9,9,99,99,9,9,99,9,99,9,1,6,6,3,-1,-1,-1,-1,-1,-1,-1,-1,0,-1
2025010563444,2025,010563444,1,9,0,-1,-1,1,5,9,9,1,0,10,1,2,1,1,6,6,3,-1,-1,-1,-1,-1,-1,-1,-1,0,-1
2025010563445,2025,010563445,1,3,0,18,19,1,5,0,0,2,0,0,0,0,1,1,6,6,1,14,3,-1,-1,-1,-1,-1,-1,0,-1
2025010563446,2025,010563446,1,9,0,3,3,5,1,0,0,1,0,0,0,0,1,1,6,6,1,74,10,-1,-1,-1,-1,7,E01003152,0,1
2025010563446,2025,010563446,2,11,0,3,3,5,1,2,2,1,0,0,0,0,2,1,1,1,1,45,7,-1,-1,-1,-1,-1,-1,0,-1
2025010563449,2025,010563449,1,9,0,18,19,7,3,0,0,0,0,0,0,0,1,1,5,6,1,21,5,-1,-1,-1,-1,3,E01004266,0,2
2025010563449,2025,010563449,2,9,0,12,12,7,3,0,0,0,0,0,0,0,2,1,6,6,3,-1,-1,-1,-1,-1,-1,-1,-1,0,-1
2025010563453,2025,010563453,1,9,0,8,8,6,1,0,0,0,0,0,0,0,0,1,1,1,1,46,8,-1,-1,-1,-1,6,E01002347,0,3
2025010563453,2025,010563453,2,1,0,18,19,6,2,4,4,0,5,0,0,0,1,1,2,2,1,41,7,-1,-1,-1,-1,5,E01003715,0,2
2025010563455,2025,010563455,1,11,0,18,19,5,1,0,0,8,0,0,0,0,1,1,1,1,1,25,5,-1,-1,-1,-1,4,E01003278,0,1
2025010563455,2025,010563455,2,1,0,18,19,3,7,0,0,8,0,0,0,0,4,1,6,6,1,13,3,-1,-1,-1,-1,4,E01004057,0,1
2025010563456,2025,010563456,1,9,0,4,4,2,6,0,0,2,0,0,0,0,0,1,5,6,1,38,7,-1,-1,-1,-1,4,E01001674,0,1
2025010563459,2025,010563459,1,2,0,99,99,9,9,99,99,9,9,99,9,99,9,1,1,1,1,56,9,-1,-1,-1,-1,4,E01001647,0,1
2025010563459,2025,010563459,2,9,0,99,99,9,9,99,99,9,9,99,9,99,0,9,6,6,3,-1,-1,-1,-1,-1,-1,4,E01001647,0,1
2025010563466,2025,010563466,2,9,0,99,99,9,9,99,99,9,9,99,9,99,1,9,6,6,1,-1,-1,-1,-1,-1,-1,6,E01001471,0,1
2025010563466,2025,010563466,1,1,9,99,99,9,9,99,99,9,9,99,9,99,9,1,2,2,2,26,6,-1,-1,-1,-1,-1,-1,0,-1
2025010563467,2025,010563467,1,5,0,-1,-1,5,1,9,9,1,0,10,7,11,1,1,6,6,1,35,6,-1,-1,-1,-1,2,E01003330,0,2
2025010563467,2025,010563467,2,9,0,-1,-1,5,1,0,0,1,0,0,0,0,0,2,1,1,2,35,6,-1,-1,-1,-1,-1,-1,0,-1
2025010563470,2025,010563470,1,1,9,99,99,9,9,99,99,9,9,99,9,99,9,1,2,2,2,23,5,-1,-1,-1,-1,4,E01001329,0,3
2025010563470,2025,010563470,2,98,4,99,99,9,9,99,99,9,9,99,9,99,9,9,6,6,3,-1,-1,-1,-1,-1,-1,-1,-1,0,-1
2025010563473,2025,010563473,2,9,0,7,7,3,5,0,0,2,0,0,0,0,1,1,5,6,1,38,7,-1,-1,-1,-1,-1,-1,0,-1
2025010563473,2025,010563473,1,9,0,18,19,5,1,0,0,2,0,0,1,0,1,1,2,2,1,50,8,-1,-1,-1,-1,-1,-1,0,-1
2025010563476,2025,010563476,2,9,0,13,13,6,2,0,0,2,0,0,0,0,3,1,6,6,1,17,4,-1,-1,-1,-1,2,E01002054,0,1
2025010563476,2025,010563476,1,3,0,13,13,6,2,0,0,1,0,0,0,0,1,1,1,1,1,27,6,-1,-1,-1,-1,6,E01001998,0,1
2025010563486,2025,010563486,1,9,9,15,15,5,1,0,0,9,9,99,9,99,4,9,6,6,3,-1,-1,-1,-1,-1,-1,-1,-1,0,-1
2025010563486,2025,010563486,2,1,9,18,19,5,1,0,0,9,9,99,9,99,4,1,2,2,1,28,6,-1,-1,-1,-1,3,E01003598,0,2
2025010563492,2025,010563492,1,1,0,9,9,5,3,0,0,5,1,0,0,0,2,1,5,6,1,44,7,-1,-1,-1,-1,6,E01002628,0,1
2025010563496,2025,010563496,1,5,0,18,19,3,7,4,4,1,0,0,0,0,1,1,2,2,1,67,10,-1,-1,-1,-1,7,E01021910,0,4
2025010563496,2025,010563496,2,9,0,9,9,7,5,0,0,5,0,0,0,0,4,1,5,6,2,57,9,-1,-1,-1,-1,5,E01003697,0,1