collision_index,collision_year,collision_ref_no,vehicle_reference,vehicle_type,towing_and_articulation,vehicle_manoeuvre_historic,vehicle_manoeuvre,vehicle_direction_from,vehicle_direction_to,vehicle_location_restricted_lane_historic,vehicle_location_restricted_lane,junction_location,skidding_and_overturning,hit_object_in_carriageway,vehicle_leaving_carriageway,hit_object_off_carriageway,first_point_of_impact,vehicle_left_hand_drive,journey_purpose_of_driver_historic,journey_purpose_of_driver,sex_of_driver,age_of_driver,age_band_of_driver,engine_capacity_cc,propulsion_code,age_of_vehicle,generic_make_model,driver_imd_decile,lsoa_of_driver,escooter_flag,driver_distance_banding
2025010563498,2025,010563498,2,9,0,99,99,9,9,99,99,9,9,99,9,99,9,9,6,6,3,-1,-1,-1,-1,-1,-1,-1,-1,0,-1
2025010563498,2025,010563498,1,3,0,99,99,9,9,99,99,9,9,99,9,99,9,1,1,1,1,31,6,-1,-1,-1,-1,7,E01003152,0,1
2025010563502,2025,010563502,1,9,0,18,19,1,5,0,0,0,0,0,0,0,1,1,1,1,1,63,9,-1,-1,-1,-1,3,E01033599,0,1
2025010563503,2025,010563503,2,3,0,18,19,3,7,2,2,8,0,0,0,0,3,1,5,6,1,26,6,-1,-1,-1,-1,1,E01003318,0,3
2025010563503,2025,010563503,1,9,0,9,9,7,5,0,0,8,0,0,0,0,1,1,5,6,1,34,6,-1,-1,-1,-1,9,E01004542,0,1
2025010563505,2025,010563505,1,3,0,99,99,9,9,99,99,9,9,99,9,99,9,1,1,1,1,32,6,-1,-1,-1,-1,6,E01001572,0,3
2025010563505,2025,010563505,2,9,0,99,99,9,9,99,99,9,9,99,9,99,1,9,6,6,3,-1,-1,-1,-1,-1,-1,-1,-1,0,-1
2025010563510,2025,010563510,1,19,9,3,3,1,5,0,0,0,0,0,0,0,3,1,1,1,1,38,7,-1,-1,-1,-1,5,E01000662,0,2
2025010563510,2025,010563510,2,11,0,1,1,5,1,0,0,0,0,0,0,0,2,1,1,1,2,-1,-1,-1,-1,-1,-1,6,E01004059,0,1
2025010563513,2025,010563513,2,9,9,99,99,9,9,99,99,6,9,99,9,99,9,9,6,6,3,-1,-1,-1,-1,-1,-1,-1,-1,0,-1
2025010563513,2025,010563513,1,3,9,99,99,9,9,99,99,1,9,99,9,99,1,1,1,1,1,27,6,-1,-1,-1,-1,4,E01000644,0,3
2025010563514,2025,010563514,2,19,9,99,99,9,9,99,99,5,9,99,9,99,9,9,6,6,3,-1,-1,-1,-1,-1,-1,-1,-1,0,-1
2025010563514,2025,010563514,1,1,9,99,99,9,9,4,4,1,9,99,9,99,9,1,2,2,3,32,6,-1,-1,-1,-1,5,E01003067,0,2
2025010563516,2025,010563516,1,9,0,99,99,9,9,99,99,9,9,99,9,99,9,9,6,6,3,-1,-1,-1,-1,-1,-1,-1,-1,0,-1
2025010563520,2025,010563520,1,21,0,5,5,3,7,0,0,1,0,0,0,0,4,1,1,1,1,62,9,-1,-1,-1,-1,9,E01015980,0,4
2025010563526,2025,010563526,1,3,9,99,99,9,9,99,99,0,9,99,9,99,9,1,6,6,3,48,8,-1,-1,-1,-1,6,E01003843,0,2
2025010563526,2025,010563526,2,8,9,99,99,9,9,99,99,0,9,99,9,99,9,9,6,6,1,58,9,-1,-1,-1,-1,6,E01030737,0,3
2025010563527,2025,010563527,2,19,0,99,99,9,9,99,99,9,9,99,9,99,2,9,6,6,3,-1,-1,-1,-1,-1,-1,-1,-1,0,-1
2025010563527,2025,010563527,1,90,0,99,99,9,9,99,99,9,9,99,9,99,1,9,2,2,1,24,5,-1,-1,-1,-1,9,E01003896,0,1
2025010563529,2025,010563529,1,23,0,18,19,3,7,0,0,0,1,0,0,0,1,1,6,6,1,19,4,-1,-1,-1,-1,4,E01003074,0,2
2025010563529,2025,010563529,2,19,0,6,6,5,5,0,0,0,0,0,0,0,4,1,1,1,1,62,9,-1,-1,-1,-1,7,E01022627,0,4
2025010563531,2025,010563531,2,4,0,18,19,7,3,0,0,0,0,0,0,0,1,1,6,6,2,48,8,-1,-1,-1,-1,-1,-1,0,-1
2025010563531,2025,010563531,1,9,0,6,6,3,3,0,0,0,0,0,0,0,3,1,6,6,2,28,6,-1,-1,-1,-1,2,E01003551,0,2
2025010563533,2025,010563533,1,9,0,18,19,7,3,0,0,2,0,0,1,0,1,1,6,6,1,63,9,-1,-1,-1,-1,5,E01002183,0,1
2025010563537,2025,010563537,1,1,9,99,99,9,9,99,99,9,9,99,9,99,9,1,5,6,1,25,5,-1,-1,-1,-1,3,E01003079,0,1
2025010563537,2025,010563537,2,4,9,99,99,9,9,99,99,9,9,99,9,99,1,1,6,6,3,-1,-1,-1,-1,-1,-1,-1,-1,0,-1
2025010563539,2025,010563539,1,11,0,18,19,1,5,0,0,0,0,0,0,0,1,1,1,1,1,63,9,-1,-1,-1,-1,-1,-1,0,-1
2025010563541,2025,010563541,1,1,9,99,99,9,9,99,99,9,9,99,9,99,1,1,6,6,3,-1,-1,-1,-1,-1,-1,-1,-1,0,-1
2025010563543,2025,010563543,1,9,0,99,99,9,9,99,99,9,9,99,9,99,9,9,6,6,1,26,6,-1,-1,-1,-1,3,E01034150,0,1
2025010563546,2025,010563546,1,4,0,18,19,1,5,0,0,1,0,0,0,0,1,1,5,6,1,30,6,-1,-1,-1,-1,-1,-1,0,-1
2025010563546,2025,010563546,2,19,0,9,9,5,3,0,0,2,0,0,0,0,4,1,5,6,1,59,9,-1,-1,-1,-1,-1,-1,0,-1
2025010563547,2025,010563547,1,1,0,9,9,5,3,4,4,8,0,0,0,0,1,1,5,6,2,25,5,-1,-1,-1,-1,7,E01000674,0,3
2025010563547,2025,010563547,2,1,0,18,19,1,5,4,4,8,5,0,1,0,1,1,6,6,1,65,9,-1,-1,-1,-1,3,E01004576,0,2
2025010563550,2025,010563550,1,3,0,99,99,9,9,99,99,9,9,99,9,99,1,1,1,1,1,32,6,-1,-1,-1,-1,6,E01003163,0,2
2025010563550,2025,010563550,2,9,0,99,99,9,9,99,99,9,9,99,9,99,1,9,6,6,3,-1,-1,-1,-1,-1,-1,-1,-1,0,-1
2025010563552,2025,010563552,1,1,9,99,99,9,9,99,99,9,9,99,9,99,9,1,2,2,1,51,8,-1,-1,-1,-1,8,E01021760,0,3
2025010563552,2025,010563552,2,19,0,99,99,9,9,99,99,9,9,99,9,99,9,9,6,6,3,-1,-1,-1,-1,-1,-1,6,E01004447,0,1
2025010563554,2025,010563554,2,9,0,18,19,1,5,0,0,2,0,0,0,0,2,1,5,6,1,62,9,-1,-1,-1,-1,9,E01002947,0,1
2025010563554,2025,010563554,1,19,0,18,19,1,5,0,0,1,0,0,0,0,1,1,1,1,1,44,7,-1,-1,-1,-1,6,E01002943,0,1
2025010563556,2025,010563556,1,9,0,99,99,9,9,0,0,0,0,0,0,0,9,1,6,6,3,-1,-1,-1,-1,-1,-1,-1,-1,0,-1
2025010563561,2025,010563561,1,19,4,9,9,7,5,0,0,1,0,0,0,0,3,1,1,1,1,23,5,-1,-1,-1,-1,6,E01021770,0,4
2025010563561,2025,010563561,2,4,0,18,19,7,3,0,0,1,0,0,0,0,1,1,5,6,1,20,4,-1,-1,-1,-1,4,E01002589,0,1
2025010563564,2025,010563564,2,9,0,99,99,9,9,99,99,9,9,99,9,99,1,9,6,6,2,29,6,-1,-1,-1,-1,4,E01002447,0,2
2025010563564,2025,010563564,1,1,9,99,99,9,9,99,99,9,9,99,9,99,9,1,5,6,1,26,6,-1,-1,-1,-1,2,E01001339,0,1
2025010563565,2025,010563565,1,1,9,99,99,9,9,99,99,9,9,99,9,99,9,1,2,2,2,29,6,-1,-1,-1,-1,3,E01004365,0,1
2025010563565,2025,010563565,2,1,9,99,99,9,9,99,99,9,9,99,9,99,1,1,6,6,3,-1,-1,-1,-1,-1,-1,-1,-1,0,-1
2025010563567,2025,010563567,2,9,0,18,19,6,2,0,0,2,0,0,0,0,3,1,6,6,1,61,9,-1,-1,-1,-1,3,E01002404,0,1
2025010563567,2025,010563567,1,19,0,9,9,5,2,0,0,2,0,0,0,0,4,1,1,1,1,28,6,-1,-1,-1,-1,6,E01002489,0,1
2025010563570,2025,010563570,3,9,0,9,9,1,6,0,0,1,0,0,0,0,1,1,6,6,1,25,5,-1,-1,-1,-1,-1,-1,0,-1
2025010563570,2025,010563570,2,5,0,18,19,7,3,0,0,1,5,0,0,0,4,1,2,2,1,42,7,-1,-1,-1,-1,5,E01000586,0,1
2025010563570,2025,010563570,1,3,0,9,9,4,3,0,0,6,5,0,0,0,1,1,2,2,1,26,6,-1,-1,-1,-1,3,E01004679,0,1
2025010563573,2025,010563573,1,3,0,99,99,9,9,99,99,9,9,99,9,99,1,1,5,6,1,28,6,-1,-1,-1,-1,2,E01000744,0,1
2025010563573,2025,010563573,2,9,0,99,99,9,9,99,99,9,9,99,9,99,9,9,6,6,3,-1,-1,-1,-1,-1,-1,-1,-1,0,-1
2025010563576,2025,010563576,2,9,0,7,7,6,8,0,0,1,0,0,0,0,2,1,5,6,1,90,11,-1,-1,-1,-1,5,E01033457,0,1
2025010563576,2025,010563576,1,9,0,18,19,6,2,0,0,1,0,0,0,0,1,1,3,7,1,27,6,-1,-1,-1,-1,6,E01000566,0,1
2025010563577,2025,010563577,1,9,0,18,19,7,3,0,0,5,0,10,0,0,1,1,3,7,1,24,5,-1,-1,-1,-1,3,E01003631,0,1
2025010563578,2025,010563578,1,9,9,99,99,9,9,99,99,0,9,99,9,99,9,1,6,6,3,-1,-1,-1,-1,-1,-1,-1,-1,0,-1
2025010563580,2025,010563580,2,8,0,99,99,9,9,99,99,9,9,99,9,99,9,9,6,6,3,-1,-1,-1,-1,-1,-1,-1,-1,0,-1
2025010563580,2025,010563580,1,9,0,99,99,9,9,99,99,9,9,99,9,99,1,9,5,6,1,29,6,-1,-1,-1,-1,3,E01000041,0,3
2025010563582,2025,010563582,1,9,0,18,19,8,4,0,0,1,0,0,0,0,4,1,2,2,2,49,8,-1,-1,-1,-1,2,E01000603,0,1
2025010563582,2025,010563582,2,1,0,18,19,8,4,0,0,5,2,0,0,0,4,1,2,2,1,23,5,-1,-1,-1,-1,2,E01000602,0,1
2025010563582,2025,010563582,3,9,0,18,19,8,4,0,0,1,0,0,0,0,0,1,6,6,3,-1,-1,-1,-1,-1,-1,-1,-1,0,-1
2025010563583,2025,010563583,1,9,0,99,99,9,9,99,99,0,9,99,9,99,1,9,6,6,1,73,10,-1,-1,-1,-1,6,E01003773,0,1
2025010563584,2025,010563584,2,1,0,5,5,1,5,0,0,1,0,0,0,0,4,1,5,6,1,17,4,-1,-1,-1,-1,2,E01000990,0,1
2025010563584,2025,010563584,1,19,0,5,5,5,1,0,0,5,0,0,0,0,1,1,2,2,1,43,7,-1,-1,-1,-1,3,E01001169,0,1
2025010563585,2025,010563585,2,9,0,99,99,9,9,99,99,9,9,99,9,99,9,9,6,6,3,-1,-1,-1,-1,-1,-1,-1,-1,0,-1
2025010563585,2025,010563585,1,9,0,99,99,9,9,99,99,9,9,99,9,99,9,9,5,6,2,30,6,-1,-1,-1,-1,5,E01000615,0,1
2025010563586,2025,010563586,2,8,0,10,10,5,3,0,0,1,0,0,0,0,1,2,2,2,1,41,7,-1,-1,-1,-1,10,E01028572,0,4
2025010563586,2025,010563586,1,2,0,15,15,3,7,0,0,1,0,0,0,0,2,1,5,6,1,24,5,-1,-1,-1,-1,3,E01003566,0,1
2025010563588,2025,010563588,2,11,0,99,99,9,9,99,99,9,9,99,9,99,1,9,6,6,3,-1,-1,-1,-1,-1,-1,6,E01032740,0,1
2025010563588,2025,010563588,1,9,0,99,99,9,9,99,99,9,9,99,9,99,2,9,5,6,1,26,6,-1,-1,-1,-1,2,E01015802,0,4
2025010563591,2025,010563591,1,19,0,5,5,0,1,9,9,6,0,0,0,0,1,1,1,1,1,40,7,-1,-1,-1,-1,5,E01000144,0,2
2025010563592,2025,010563592,2,19,0,99,99,9,9,99,99,9,9,99,9,99,9,9,6,6,3,-1,-1,-1,-1,-1,-1,5,E01001741,0,1
2025010563592,2025,010563592,1,1,9,99,99,9,9,99,99,9,9,99,9,99,1,1,5,6,1,40,7,-1,-1,-1,-1,5,E01004348,0,1
2025010563596,2025,010563596,2,9,0,99,99,9,9,99,99,9,9,99,9,99,9,9,6,6,3,-1,-1,-1,-1,-1,-1,-1,-1,0,-1
2025010563596,2025,010563596,1,3,0,99,99,9,9,99,99,9,9,99,9,99,1,1,5,6,1,28,6,-1,-1,-1,-1,7,E01001195,0,1
2025010563600,2025,010563600,1,9,0,9,9,3,8,0,0,5,0,0,0,0,1,1,2,2,1,22,5,-1,-1,-1,-1,8,E01023109,0,4
2025010563600,2025,010563600,2,1,0,18,19,7,3,0,0,8,0,0,0,0,1,1,2,2,1,27,6,-1,-1,-1,-1,4,E01003919,0,1
2025010563603,2025,010563603,2,1,0,18,19,5,1,0,0,1,0,0,1,10,1,1,2,2,1,40,7,-1,-1,-1,-1,3,E01003564,0,2
2025010563603,2025,010563603,1,9,0,9,9,1,6,0,0,1,0,0,1,0,4,1,2,2,1,51,8,-1,-1,-1,-1,5,E01003666,0,1
2025010563608,2025,010563608,1,1,9,99,99,9,9,99,99,9,9,99,9,99,9,1,1,1,1,23,5,-1,-1,-1,-1,2,E01035676,0,2
2025010563608,2025,010563608,2,9,9,99,99,9,9,99,99,9,9,99,9,99,3,9,6,6,3,-1,-1,-1,-1,-1,-1,-1,-1,0,-1
2025010563609,2025,010563609,3,9,0,18,19,1,5,0,0,0,0,0,0,0,3,1,1,1,1,46,8,-1,-1,-1,-1,5,E01003666,0,2
2025010563609,2025,010563609,4,9,0,18,19,1,5,0,0,0,0,0,0,0,0,1,1,1,1,31,6,-1,-1,-1,-1,5,E01003666,0,2
2025010563609,2025,010563609,5,9,0,18,19,3,7,0,0,0,0,0,0,0,1,1,1,1,1,33,6,-1,-1,-1,-1,5,E01003666,0,2
2025010563609,2025,010563609,1,9,0,18,19,1,5,0,0,0,0,0,0,0,4,1,5,6,1,38,7,-1,-1,-1,-1,8,E01031245,0,5
2025010563609,2025,010563609,2,9,0,18,19,1,5,0,0,0,0,0,0,0,3,1,1,1,1,31,6,-1,-1,-1,-1,5,E01003666,0,2
2025010563610,2025,010563610,2,9,0,2,2,0,0,0,0,1,0,0,0,0,2,1,6,6,3,-1,-1,-1,-1,-1,-1,-1,-1,0,-1
2025010563610,2025,010563610,3,9,0,2,2,0,0,0,0,1,0,0,0,0,2,1,6,6,3,-1,-1,-1,-1,-1,-1,-1,-1,0,-1
2025010563610,2025,010563610,1,9,0,7,7,1,3,0,0,4,0,0,0,0,4,1,5,6,2,75,10,-1,-1,-1,-1,5,E01000738,0,3
2025010563612,2025,010563612,1,9,0,9,9,7,5,0,0,1,0,0,0,0,3,1,5,6,1,64,9,-1,-1,-1,-1,-1,-1,0,-1
2025010563616,2025,010563616,1,9,0,99,99,9,9,99,99,9,9,99,9,99,1,9,5,6,1,42,7,-1,-1,-1,-1,5,E01004465,0,1
2025010563616,2025,010563616,2,-1,9,99,99,9,9,99,99,9,9,99,9,99,9,1,6,6,3,-1,-1,-1,-1,-1,-1,-1,-1,1,-1
2025010563617,2025,010563617,2,9,0,99,99,9,9,99,99,9,9,99,9,99,9,9,6,6,1,-1,-1,-1,-1,-1,-1,6,E01004581,0,2
2025010563617,2025,010563617,1,8,0,99,99,9,9,99,99,9,9,99,9,99,4,9,1,1,1,56,9,-1,-1,-1,-1,3,E01032581,0,3
2025010563619,2025,010563619,2,9,9,99,99,9,9,0,0,9,9,99,0,0,9,9,6,6,3,75,10,-1,-1,-1,-1,9,E01003901,0,1
2025010563619,2025,010563619,1,9,9,99,99,9,9,0,0,9,9,99,0,0,2,9,6,6,3,30,6,-1,-1,-1,-1,5,E01001259,0,2
2025010563621,2025,010563621,1,8,0,99,99,9,9,99,99,9,9,99,9,99,9,9,1,1,1,36,7,-1,-1,-1,-1,4,E01002558,0,3
2025010563621,2025,010563621,2,9,0,99,99,9,9,99,99,9,9,99,9,99,9,9,6,6,3,69,10,-1,-1,-1,-1,8,E01002891,0,1
2025010563622,2025,010563622,1,9,0,18,19,5,1,0,0,8,0,0,0,0,1,1,6,6,3,-1,-1,-1,-1,-1,-1,-1,-1,0,-1
2025010563622,2025,010563622,2,-1,0,5,5,1,5,2,2,1,0,0,0,0,2,1,6,6,1,31,6,-1,-1,-1,-1,1,E01002038,1,1
2025010563624,2025,010563624,1,9,0,9,9,4,2,0,0,5,0,0,0,0,1,1,5,6,1,43,7,-1,-1,-1,-1,2,E01001760,0,2
2025010563624,2025,010563624,2,3,0,-1,-1,8,4,0,0,1,0,0,0,0,1,1,2,2,1,36,7,-1,-1,-1,-1,5,E01000158,0,1
2025010563626,2025,010563626,2,9,0,99,99,9,9,99,99,9,9,99,9,99,1,9,6,6,3,-1,-1,-1,-1,-1,-1,2,E01002716,0,1
2025010563626,2025,010563626,1,5,0,99,99,9,9,99,99,9,9,99,9,99,9,1,5,6,1,50,8,-1,-1,-1,-1,5,E01021518,0,4
2025010563629,2025,010563629,1,9,0,5,5,7,3,0,0,1,0,0,0,0,1,1,2,2,1,33,6,-1,-1,-1,-1,2,E01003093,0,1
2025010563629,2025,010563629,2,-1,0,18,19,5,1,0,0,2,1,0,0,0,4,1,6,6,1,39,7,-1,-1,-1,-1,5,E01003076,1,1
2025010563633,2025,010563633,2,3,0,18,19,1,5,0,0,1,0,0,0,0,1,1,6,6,1,40,7,-1,-1,-1,-1,2,E01002091,0,3
2025010563633,2025,010563633,1,19,0,7,7,1,4,0,0,1,0,0,0,0,4,1,6,6,1,41,7,-1,-1,-1,-1,1,E01024278,0,4
2025010563634,2025,010563634,2,90,0,99,99,9,9,99,99,9,9,99,9,99,9,9,6,6,3,-1,-1,-1,-1,-1,-1,-1,-1,0,-1
2025010563634,2025,010563634,1,9,0,99,99,9,9,99,99,9,9,99,9,99,1,9,6,6,2,69,10,-1,-1,-1,-1,7,E01002982,0,1
2025010563635,2025,010563635,2,1,0,18,19,1,5,0,0,9,9,99,0,0,1,1,1,1,1,30,6,-1,-1,-1,-1,7,E01000492,0,1
2025010563635,2025,010563635,1,9,9,18,19,3,7,99,99,9,9,99,0,0,1,9,6,6,1,43,7,-1,-1,-1,-1,9,E01000172,0,3
2025010563644,2025,010563644,1,9,9,99,99,9,9,99,99,9,9,99,9,99,1,9,6,6,3,-1,-1,-1,-1,-1,-1,-1,-1,0,-1
2025010563652,2025,010563652,1,9,0,18,19,7,3,0,0,0,0,0,0,0,1,1,5,6,1,18,4,-1,-1,-1,-1,-1,-1,0,-1
2025010563657,2025,010563657,1,9,0,3,3,7,3,0,0,8,0,0,0,0,1,1,6,6,3,-1,-1,-1,-1,-1,-1,-1,-1,0,-1
2025010563660,2025,010563660,3,19,0,2,2,0,0,0,0,2,0,0,0,0,2,1,6,6,3,-1,-1,-1,-1,-1,-1,-1,-1,0,-1
2025010563660,2025,010563660,2,9,0,7,7,7,2,0,0,8,0,4,0,0,3,1,5,6,2,22,5,-1,-1,-1,-1,2,E01000019,0,1
2025010563660,2025,010563660,1,9,0,18,19,5,1,0,0,8,0,0,0,0,1,1,6,6,3,-1,-1,-1,-1,-1,-1,-1,-1,0,-1
2025010563662,2025,010563662,1,9,0,-1,-1,5,3,0,0,1,0,0,0,0,1,1,6,6,1,40,7,-1,-1,-1,-1,10,E01000666,0,1
2025010563665,2025,010563665,1,9,0,5,5,3,7,0,0,1,0,0,0,0,1,1,5,6,2,40,7,-1,-1,-1,-1,3,E01003636,0,1
2025010563665,2025,010563665,2,9,0,7,7,1,3,0,0,1,5,4,0,0,1,1,6,6,1,21,5,-1,-1,-1,-1,3,E01034204,0,1
2025010563667,2025,010563667,1,3,0,18,19,1,5,0,0,0,0,0,0,0,1,1,6,6,1,26,6,-1,-1,-1,-1,6,E01003140,0,1
2025010563667,2025,010563667,2,9,0,18,19,1,5,0,0,0,0,0,0,0,3,1,6,6,2,-1,-1,-1,-1,-1,-1,-1,-1,0,-1
2025010563670,2025,010563670,2,8,0,99,99,9,9,99,99,9,9,99,9,99,1,9,6,6,1,71,10,-1,-1,-1,-1,8,E01023557,0,3
2025010563670,2025,010563670,1,1,9,99,99,9,9,99,99,9,9,99,9,99,2,1,2,2,1,55,8,-1,-1,-1,-1,1,E01002857,0,1
2025010563673,2025,010563673,1,1,0,18,19,6,2,0,0,8,0,0,0,0,4,1,2,2,1,54,8,-1,-1,-1,-1,9,E01002952,0,1
2025010563673,2025,010563673,2,9,0,18,19,8,4,0,0,8,0,0,0,0,1,1,5,6,1,20,4,-1,-1,-1,-1,8,E01034285,0,3
2025010563675,2025,010563675,2,21,1,18,19,3,7,0,0,0,0,0,0,0,4,1,2,2,1,35,6,-1,-1,-1,-1,5,E01015670,0,5
2025010563675,2025,010563675,1,9,0,18,19,3,7,0,0,0,0,0,0,0,3,1,2,2,1,48,8,-1,-1,-1,-1,4,E01002593,0,2
2025010563677,2025,010563677,2,3,0,11,11,1,5,0,0,6,0,0,0,0,4,1,1,1,1,30,6,-1,-1,-1,-1,-1,-1,0,-1
2025010563677,2025,010563677,1,9,0,4,4,3,7,0,0,2,0,0,0,0,1,1,5,6,1,52,8,-1,-1,-1,-1,-1,-1,0,-1
2025010563680,2025,010563680,1,1,9,99,99,9,9,99,99,9,9,99,9,99,9,1,2,2,1,56,9,-1,-1,-1,-1,7,E01032570,0,1
2025010563680,2025,010563680,2,9,0,99,99,9,9,99,99,9,9,99,9,99,9,9,6,6,1,62,9,-1,-1,-1,-1,6,E01016142,0,4
2025010563681,2025,010563681,2,9,0,99,99,9,9,99,99,9,9,99,9,99,9,9,6,6,3,-1,-1,-1,-1,-1,-1,-1,-1,0,-1
2025010563681,2025,010563681,1,3,0,99,99,9,9,99,99,9,9,99,9,99,1,1,1,1,1,24,5,-1,-1,-1,-1,2,E01001181,0,1
2025010563685,2025,010563685,1,9,0,17,19,7,3,0,0,1,0,0,0,0,1,1,5,6,2,45,7,-1,-1,-1,-1,2,E01000079,0,1
2025010563685,2025,010563685,2,9,0,16,19,3,7,0,0,2,0,0,0,0,2,1,3,7,2,39,7,-1,-1,-1,-1,2,E01000017,0,1
2025010563688,2025,010563688,1,5,0,10,10,1,7,0,0,1,0,0,0,0,2,1,5,6,1,50,8,-1,-1,-1,-1,-1,-1,0,-1
2025010563688,2025,010563688,2,9,0,4,4,1,5,0,0,1,0,0,0,0,1,1,5,6,1,53,8,-1,-1,-1,-1,7,E01004695,0,3
2025010563690,2025,010563690,1,9,0,5,5,5,1,0,0,1,0,0,0,0,1,1,5,6,1,40,7,-1,-1,-1,-1,3,E01001725,0,1
2025010563690,2025,010563690,2,1,0,-1,-1,3,7,0,0,1,0,0,0,0,4,1,6,6,1,27,6,-1,-1,-1,-1,2,E01004394,0,1
2025010563693,2025,010563693,2,9,0,99,99,9,9,99,99,9,9,99,9,99,1,9,6,6,3,-1,-1,-1,-1,-1,-1,-1,-1,0,-1
2025010563693,2025,010563693,1,3,0,99,99,9,9,99,99,9,9,99,9,99,9,1,1,1,1,25,5,-1,-1,-1,-1,3,E01001448,0,3
2025010563702,2025,010563702,1,9,0,-1,-1,1,5,0,0,1,0,0,0,0,3,1,6,6,2,45,7,-1,-1,-1,-1,10,E01035718,0,1
2025010563702,2025,010563702,2,3,0,-1,-1,7,3,0,0,1,0,0,0,0,1,1,6,6,1,49,8,-1,-1,-1,-1,7,E01002883,0,1
2025010563708,2025,010563708,2,9,0,9,9,8,6,0,0,1,0,0,0,0,1,1,5,6,1,58,9,-1,-1,-1,-1,5,E01002885,0,1
2025010563708,2025,010563708,1,4,0,13,13,8,4,0,0,1,0,0,0,0,4,1,5,6,1,55,8,-1,-1,-1,-1,3,E01001943,0,1
2025010563709,2025,010563709,1,1,9,99,99,9,9,99,99,9,9,99,9,99,1,1,5,6,1,31,6,-1,-1,-1,-1,3,E01034395,0,1
2025010563709,2025,010563709,2,9,0,99,99,9,9,99,99,9,9,99,9,99,9,9,6,6,3,30,6,-1,-1,-1,-1,-1,-1,0,-1
2025010563711,2025,010563711,1,3,0,99,99,9,9,99,99,9,9,99,9,99,9,1,5,6,1,36,7,-1,-1,-1,-1,3,E01000984,0,1
2025010563711,2025,010563711,2,9,0,99,99,9,9,99,99,9,9,99,9,99,9,9,6,6,3,-1,-1,-1,-1,-1,-1,-1,-1,0,-1
2025010563712,2025,010563712,1,9,0,99,99,9,9,99,99,9,9,99,9,99,1,9,6,6,3,-1,-1,-1,-1,-1,-1,-1,-1,0,-1
2025010563722,2025,010563722,2,9,9,99,99,9,9,99,99,9,9,99,9,99,1,9,6,6,3,-1,-1,-1,-1,-1,-1,-1,-1,0,-1
2025010563722,2025,010563722,1,3,0,99,99,9,9,99,99,9,9,99,9,99,1,1,5,6,1,19,4,-1,-1,-1,-1,4,E01000618,0,1
2025010563725,2025,010563725,2,9,0,9,9,5,3,0,0,1,0,0,0,0,1,1,6,6,1,34,6,-1,-1,-1,-1,7,E01003170,0,1
2025010563725,2025,010563725,1,9,0,18,19,3,7,0,0,1,0,0,0,0,1,1,1,1,1,24,5,-1,-1,-1,-1,6,E01001029,0,3
2025010563726,2025,010563726,1,19,0,6,6,3,3,0,0,0,0,0,0,0,3,1,1,1,1,57,9,-1,-1,-1,-1,7,E01002261,0,4
2025010563726,2025,010563726,2,1,0,13,13,7,3,0,0,0,0,0,0,0,1,1,6,6,1,65,9,-1,-1,-1,-1,3,E01003088,0,1
2025010563728,2025,010563728,1,9,0,99,99,9,9,99,99,9,9,99,9,99,9,9,5,6,1,53,8,-1,-1,-1,-1,3,E01001809,0,1
2025010563729,2025,010563729,1,21,0,18,19,1,5,0,0,0,0,0,0,0,3,1,1,1,1,43,7,-1,-1,-1,-1,10,E01021739,0,4
2025010563729,2025,010563729,2,9,0,18,19,5,1,0,0,0,1,0,0,0,1,1,6,6,2,68,10,-1,-1,-1,-1,9,E01030501,0,4
2025010563731,2025,010563731,1,9,0,18,19,1,5,9,9,8,0,0,0,0,1,1,6,6,2,49,8,-1,-1,-1,-1,3,E01001825,0,1
2025010563739,2025,010563739,1,19,0,18,19,2,6,0,0,0,0,0,0,0,2,1,1,1,1,45,7,-1,-1,-1,-1,3,E01004322,0,1
2025010563739,2025,010563739,2,9,0,18,19,2,6,0,0,0,0,0,0,0,1,1,1,1,1,29,6,-1,-1,-1,-1,3,E01001215,0,4
2025010563740,2025,010563740,1,3,0,99,99,9,9,99,99,9,9,99,9,99,1,1,5,6,3,46,8,-1,-1,-1,-1,3,E01000138,0,1
2025010563740,2025,010563740,2,9,0,99,99,9,9,99,99,9,9,99,9,99,1,9,6,6,3,-1,-1,-1,-1,-1,-1,-1,-1,0,-1
2025010563744,2025,010563744,1,9,0,9,9,1,6,0,0,1,0,0,0,0,3,1,5,6,2,42,7,-1,-1,-1,-1,1,E01032569,0,1
2025010563744,2025,010563744,2,3,0,14,14,1,5,0,0,1,2,0,0,0,3,1,5,6,2,22,5,-1,-1,-1,-1,5,E01004172,0,2
2025010563745,2025,010563745,3,9,0,99,99,9,9,99,99,0,9,99,9,99,2,9,6,6,1,34,6,-1,-1,-1,-1,8,E01017921,0,4