collision_index,collision_year,collision_ref_no,vehicle_reference,vehicle_type,towing_and_articulation,vehicle_manoeuvre_historic,vehicle_manoeuvre,vehicle_direction_from,vehicle_direction_to,vehicle_location_restricted_lane_historic,vehicle_location_restricted_lane,junction_location,skidding_and_overturning,hit_object_in_carriageway,vehicle_leaving_carriageway,hit_object_off_carriageway,first_point_of_impact,vehicle_left_hand_drive,journey_purpose_of_driver_historic,journey_purpose_of_driver,sex_of_driver,age_of_driver,age_band_of_driver,engine_capacity_cc,propulsion_code,age_of_vehicle,generic_make_model,driver_imd_decile,lsoa_of_driver,escooter_flag,driver_distance_banding
2025010563745,2025,010563745,1,9,0,99,99,9,9,99,99,0,9,99,9,99,2,9,5,6,2,36,7,-1,-1,-1,-1,4,E01003220,0,3
2025010563745,2025,010563745,2,9,0,99,99,9,9,99,99,0,9,99,9,99,2,9,6,6,3,-1,-1,-1,-1,-1,-1,3,E01003229,0,3
2025010563746,2025,010563746,1,3,9,99,99,9,9,99,99,9,9,99,9,99,2,1,1,1,1,25,5,-1,-1,-1,-1,6,E01032770,0,2
2025010563746,2025,010563746,2,19,0,99,99,9,9,99,99,9,9,99,9,99,1,9,6,6,1,58,9,-1,-1,-1,-1,4,E01015990,0,4
2025010563748,2025,010563748,1,11,0,18,19,5,1,0,0,0,1,0,0,0,0,2,1,1,2,63,9,-1,-1,-1,-1,3,E01000796,0,2
2025010563753,2025,010563753,2,9,0,99,99,9,9,99,99,9,9,99,9,99,1,9,6,6,3,-1,-1,-1,-1,-1,-1,-1,-1,0,-1
2025010563753,2025,010563753,1,3,0,99,99,9,9,99,99,9,9,99,9,99,1,1,1,1,1,38,7,-1,-1,-1,-1,6,E01004485,0,2
2025010563755,2025,010563755,2,9,0,99,99,9,9,99,99,9,9,99,9,99,9,9,6,6,3,-1,-1,-1,-1,-1,-1,-1,-1,0,-1
2025010563755,2025,010563755,1,3,0,99,99,9,9,99,99,9,9,99,9,99,1,1,1,1,1,30,6,-1,-1,-1,-1,3,E01001445,0,1
2025010563757,2025,010563757,4,9,0,2,2,0,0,0,0,0,0,0,0,0,0,1,6,6,3,-1,-1,-1,-1,-1,-1,-1,-1,0,-1
2025010563757,2025,010563757,1,9,0,18,19,3,7,0,0,0,0,4,0,0,1,1,6,6,1,21,5,-1,-1,-1,-1,2,E01001482,0,1
2025010563757,2025,010563757,3,9,0,2,2,0,0,0,0,0,0,0,0,0,0,1,6,6,3,-1,-1,-1,-1,-1,-1,-1,-1,0,-1
2025010563757,2025,010563757,5,9,0,2,2,0,0,0,0,0,0,0,7,11,2,1,6,6,3,-1,-1,-1,-1,-1,-1,-1,-1,0,-1
2025010563757,2025,010563757,6,9,0,2,2,0,0,0,0,0,0,0,0,0,0,1,6,6,3,-1,-1,-1,-1,-1,-1,-1,-1,0,-1
2025010563757,2025,010563757,2,9,0,2,2,0,0,0,0,0,0,0,0,0,0,1,6,6,3,-1,-1,-1,-1,-1,-1,-1,-1,0,-1
2025010563757,2025,010563757,7,9,0,2,2,0,0,0,0,0,0,0,0,0,0,1,6,6,3,-1,-1,-1,-1,-1,-1,-1,-1,0,-1
2025010563760,2025,010563760,2,5,0,15,15,5,1,0,0,1,0,0,0,0,3,1,6,6,1,36,7,-1,-1,-1,-1,4,E01001816,0,3
2025010563760,2025,010563760,1,9,0,7,7,1,3,0,0,5,0,0,0,0,1,1,3,7,2,40,7,-1,-1,-1,-1,5,E01004612,0,1
2025010563763,2025,010563763,2,9,0,4,4,1,5,0,0,9,0,99,0,0,1,1,6,6,2,55,8,-1,-1,-1,-1,3,E01001809,0,1
2025010563763,2025,010563763,3,9,0,4,4,1,5,0,0,9,0,0,0,0,2,1,6,6,1,75,10,-1,-1,-1,-1,3,E01001725,0,1
2025010563763,2025,010563763,1,9,0,4,4,1,5,0,0,1,0,0,0,0,2,1,5,6,2,21,5,-1,-1,-1,-1,3,E01033705,0,1
2025010563764,2025,010563764,1,5,0,13,13,5,1,0,0,1,0,0,0,0,1,1,6,6,1,57,9,-1,-1,-1,-1,7,E01023347,0,3
2025010563764,2025,010563764,2,9,0,9,9,4,1,0,0,1,0,0,0,0,3,1,3,7,2,30,6,-1,-1,-1,-1,-1,-1,0,-1
2025010563767,2025,010563767,1,9,0,9,9,6,5,0,0,6,0,0,0,0,1,1,6,6,1,59,9,-1,-1,-1,-1,3,E01003099,0,1
2025010563767,2025,010563767,2,5,0,18,19,1,5,0,0,1,0,0,0,0,1,1,6,6,1,38,7,-1,-1,-1,-1,7,E01003407,0,2
2025010563770,2025,010563770,2,8,0,9,9,3,1,0,0,1,0,0,0,0,4,1,6,6,3,-1,-1,-1,-1,-1,-1,-1,-1,0,-1
2025010563770,2025,010563770,1,1,0,18,19,7,3,0,0,1,0,0,0,0,1,1,6,6,1,13,3,-1,-1,-1,-1,3,E01035660,0,1
2025010563781,2025,010563781,1,9,0,99,99,9,9,99,99,9,9,99,9,99,9,9,2,2,1,29,6,-1,-1,-1,-1,6,E01004451,0,2
2025010563781,2025,010563781,2,98,0,99,99,9,9,99,99,9,9,99,9,99,9,9,6,6,3,-1,-1,-1,-1,-1,-1,-1,-1,0,-1
2025010563784,2025,010563784,1,9,0,18,19,7,3,0,0,8,0,0,0,0,1,1,5,6,2,57,9,-1,-1,-1,-1,-1,-1,0,-1
2025010563784,2025,010563784,2,3,0,18,19,5,1,0,0,2,0,0,7,0,4,1,5,6,1,21,5,-1,-1,-1,-1,3,E01034392,0,3
2025010563789,2025,010563789,1,9,0,99,99,9,9,99,99,9,9,99,9,99,9,9,5,6,1,20,4,-1,-1,-1,-1,6,E01002680,0,1
2025010563789,2025,010563789,2,9,0,99,99,9,9,99,99,9,9,99,9,99,2,9,6,6,3,-1,-1,-1,-1,-1,-1,2,E01002588,0,1
2025010563790,2025,010563790,1,9,0,18,19,5,1,0,0,1,0,0,0,0,4,1,6,6,2,34,6,-1,-1,-1,-1,3,E01034144,0,1
2025010563790,2025,010563790,2,9,0,5,5,7,3,0,0,6,0,0,0,0,1,1,6,6,2,43,7,-1,-1,-1,-1,2,E01003391,0,1
2025010563792,2025,010563792,2,1,0,18,19,1,5,0,0,6,0,0,0,0,3,1,6,6,1,42,7,-1,-1,-1,-1,-1,-1,0,-1
2025010563792,2025,010563792,1,9,0,9,9,4,1,0,0,2,0,0,0,0,1,1,2,2,1,40,7,-1,-1,-1,-1,3,E01003132,0,1
2025010563793,2025,010563793,1,19,0,18,19,5,1,9,9,0,0,0,1,2,1,1,2,2,1,52,8,-1,-1,-1,-1,8,E01002372,0,1
2025010563795,2025,010563795,1,97,0,18,19,5,1,9,9,0,0,0,1,0,1,1,6,6,3,-1,-1,-1,-1,-1,-1,-1,-1,0,-1
2025010563797,2025,010563797,2,9,0,15,15,5,1,0,0,1,0,0,1,0,3,1,1,1,1,38,7,-1,-1,-1,-1,3,E01001862,0,1
2025010563797,2025,010563797,1,9,0,5,5,5,1,0,0,8,0,0,0,0,4,1,6,6,1,38,7,-1,-1,-1,-1,-1,-1,0,-1
2025010563799,2025,010563799,2,1,0,18,19,3,7,0,0,1,0,0,0,0,1,1,6,6,1,46,8,-1,-1,-1,-1,4,E01003150,0,1
2025010563799,2025,010563799,1,9,0,5,5,5,1,0,0,2,0,0,0,0,1,2,5,6,2,46,8,-1,-1,-1,-1,6,E01004519,0,1
2025010563801,2025,010563801,1,1,0,18,19,3,7,0,0,6,0,0,0,0,3,1,6,6,1,27,6,-1,-1,-1,-1,3,E01003160,0,2
2025010563801,2025,010563801,2,1,0,18,19,3,7,0,0,6,0,0,0,0,3,1,6,6,3,-1,-1,-1,-1,-1,-1,-1,-1,0,-1
2025010563804,2025,010563804,1,5,0,3,3,4,8,0,0,1,0,0,0,0,3,1,6,6,1,25,5,-1,-1,-1,-1,7,E01028508,0,5
2025010563804,2025,010563804,2,19,0,5,5,4,8,0,0,1,0,0,0,0,4,1,1,1,1,32,6,-1,-1,-1,-1,2,E01021576,0,4
2025010563805,2025,010563805,2,9,0,18,19,3,7,0,0,8,0,0,0,0,1,1,2,2,2,48,8,-1,-1,-1,-1,5,E01002299,0,2
2025010563805,2025,010563805,1,20,0,17,19,5,3,0,0,6,0,0,0,0,1,1,1,1,2,28,6,-1,-1,-1,-1,6,E01003751,0,1
2025010563809,2025,010563809,2,9,0,99,99,9,9,99,99,0,9,99,9,99,9,9,6,6,3,-1,-1,-1,-1,-1,-1,9,E01003859,0,2
2025010563809,2025,010563809,1,1,9,99,99,9,9,99,99,0,9,99,9,99,9,1,2,2,1,32,6,-1,-1,-1,-1,8,E01004506,0,1
2025010563810,2025,010563810,1,19,0,-1,-1,7,3,6,6,2,0,10,7,3,1,1,2,2,1,68,10,-1,-1,-1,-1,7,E01000252,0,1
2025010563815,2025,010563815,1,19,0,99,99,9,9,99,99,9,9,99,9,99,9,9,6,6,3,-1,-1,-1,-1,-1,-1,-1,-1,0,-1
2025010563818,2025,010563818,1,3,0,99,99,9,9,99,99,9,9,99,9,99,1,1,1,1,1,30,6,-1,-1,-1,-1,2,E01001549,0,2
2025010563818,2025,010563818,2,19,0,99,99,9,9,99,99,9,9,99,9,99,2,9,6,6,3,-1,-1,-1,-1,-1,-1,9,E01000303,0,1
2025010563819,2025,010563819,2,1,0,-1,-1,3,7,0,0,8,0,0,0,0,4,1,5,6,1,30,6,-1,-1,-1,-1,2,E01001673,0,1
2025010563819,2025,010563819,1,9,0,-1,-1,5,1,0,0,8,0,0,0,0,1,1,5,6,2,71,10,-1,-1,-1,-1,2,E01001579,0,1
2025010563825,2025,010563825,1,9,0,18,19,3,7,0,0,1,0,0,3,0,1,1,5,6,1,50,8,-1,-1,-1,-1,4,E01000114,0,4
2025010563825,2025,010563825,2,9,0,18,19,1,5,0,0,8,0,0,0,0,4,1,6,6,1,48,8,-1,-1,-1,-1,2,W01001630,0,5
2025010563828,2025,010563828,1,9,0,18,19,1,5,0,0,1,0,0,0,0,1,1,6,6,1,21,5,-1,-1,-1,-1,8,E01004653,0,1
2025010563828,2025,010563828,2,3,0,7,7,3,6,0,0,6,5,0,1,10,3,1,1,1,1,27,6,-1,-1,-1,-1,4,E01003603,0,3
2025010563829,2025,010563829,2,9,0,99,99,9,9,99,99,9,9,99,9,99,1,9,6,6,3,-1,-1,-1,-1,-1,-1,-1,-1,0,-1
2025010563829,2025,010563829,1,9,0,99,99,9,9,99,99,9,9,99,9,99,2,9,5,6,1,67,10,-1,-1,-1,-1,6,E01000513,0,1
2025010563832,2025,010563832,1,9,0,-1,-1,5,1,0,0,8,0,0,0,0,3,1,5,6,2,79,11,-1,-1,-1,-1,6,E01001408,0,1
2025010563832,2025,010563832,2,3,0,-1,-1,3,7,0,0,8,0,0,0,0,1,1,5,6,1,32,6,-1,-1,-1,-1,3,E01001493,0,1
2025010563834,2025,010563834,1,9,0,99,99,9,9,99,99,9,9,99,9,99,1,9,6,6,3,-1,-1,-1,-1,-1,-1,-1,-1,0,-1
2025010563838,2025,010563838,2,9,0,2,2,0,0,0,0,0,0,0,1,0,3,1,6,6,3,-1,-1,-1,-1,-1,-1,-1,-1,0,-1
2025010563838,2025,010563838,1,9,0,18,19,5,1,0,0,0,0,4,0,0,4,1,5,6,1,39,7,-1,-1,-1,-1,10,E01024144,0,1
2025010563839,2025,010563839,1,9,0,13,13,3,7,0,0,1,0,0,0,0,1,1,5,6,1,26,6,-1,-1,-1,-1,9,E01001453,0,2
2025010563839,2025,010563839,2,9,0,9,9,1,7,0,0,6,1,0,0,0,1,1,5,6,1,26,6,-1,-1,-1,-1,3,E01002046,0,2
2025010563841,2025,010563841,1,9,0,-1,-1,1,5,1,1,1,0,0,0,0,1,1,5,6,2,39,7,-1,-1,-1,-1,3,E01002065,0,1
2025010563841,2025,010563841,2,9,0,-1,-1,5,1,0,0,1,0,0,0,0,1,1,1,1,1,48,8,-1,-1,-1,-1,2,E01002094,0,1
2025010563841,2025,010563841,3,9,0,9,9,3,8,0,0,1,0,0,0,0,0,1,5,6,1,56,9,-1,-1,-1,-1,5,E01001393,0,1
2025010563843,2025,010563843,4,9,0,2,2,0,0,0,0,1,0,0,0,0,0,1,6,6,3,-1,-1,-1,-1,-1,-1,-1,-1,0,-1
2025010563843,2025,010563843,3,9,0,2,2,0,0,0,0,1,0,0,0,0,0,1,6,6,3,-1,-1,-1,-1,-1,-1,-1,-1,0,-1
2025010563843,2025,010563843,1,9,0,14,14,8,4,0,0,2,0,0,0,0,0,1,5,6,1,32,6,-1,-1,-1,-1,2,E01000956,0,1
2025010563843,2025,010563843,2,9,0,4,4,4,8,0,0,1,0,0,0,0,0,1,5,6,1,45,7,-1,-1,-1,-1,2,E01000952,0,1
2025010563844,2025,010563844,1,9,0,5,5,5,1,0,0,4,0,0,0,0,3,1,5,6,1,23,5,-1,-1,-1,-1,4,E01004201,0,1
2025010563844,2025,010563844,2,5,0,18,19,3,7,0,0,4,1,0,0,0,1,1,2,2,1,52,8,-1,-1,-1,-1,2,E01001773,0,1
2025010563854,2025,010563854,1,9,0,5,5,1,5,0,0,8,0,0,0,0,1,1,1,1,1,52,8,-1,-1,-1,-1,2,E01002877,0,1
2025010563855,2025,010563855,1,9,0,18,19,5,1,0,0,1,0,0,0,0,1,1,3,7,1,51,8,-1,-1,-1,-1,4,E01000507,0,1
2025010563858,2025,010563858,1,1,9,18,19,9,9,99,99,9,9,99,9,99,1,1,2,2,1,42,7,-1,-1,-1,-1,7,E01023923,0,3
2025010563858,2025,010563858,2,9,0,7,7,9,9,99,99,9,9,99,9,99,9,9,6,6,3,-1,-1,-1,-1,-1,-1,-1,-1,0,-1
2025010563865,2025,010563865,2,1,0,15,15,5,1,0,0,8,0,0,0,0,4,1,3,7,1,38,7,-1,-1,-1,-1,6,E01004520,0,1
2025010563865,2025,010563865,1,9,0,5,5,0,5,0,0,6,0,0,0,0,1,1,2,2,2,27,6,-1,-1,-1,-1,5,E01004487,0,1
2025010563869,2025,010563869,1,9,0,5,5,1,5,0,0,1,0,0,0,0,1,2,6,6,3,-1,-1,-1,-1,-1,-1,-1,-1,0,-1
2025010563875,2025,010563875,2,9,0,99,99,9,9,99,99,9,9,99,9,99,1,9,6,6,3,41,7,-1,-1,-1,-1,-1,-1,0,-1
2025010563875,2025,010563875,1,9,0,99,99,9,9,99,99,9,9,99,9,99,9,9,6,6,3,37,7,-1,-1,-1,-1,3,E01003523,0,1
2025010563876,2025,010563876,1,11,0,18,19,4,8,0,0,0,0,0,0,0,1,1,1,1,1,38,7,-1,-1,-1,-1,2,E01000602,0,2
2025010563884,2025,010563884,1,11,0,5,5,0,3,3,2,1,0,0,0,0,0,1,1,1,2,56,9,-1,-1,-1,-1,5,E01024179,0,3
2025010563886,2025,010563886,1,9,0,9,9,1,7,0,0,8,0,0,0,0,4,1,5,6,2,81,11,-1,-1,-1,-1,3,E01003768,0,1
2025010563886,2025,010563886,2,9,0,18,19,3,7,0,0,2,0,0,0,0,1,1,6,6,2,50,8,-1,-1,-1,-1,6,E01003703,0,1
2025010563887,2025,010563887,1,-1,0,18,19,1,5,9,9,1,2,10,0,0,1,1,6,6,2,50,8,-1,-1,-1,-1,1,E01002034,1,1
2025010563888,2025,010563888,1,11,0,4,4,5,1,0,0,0,0,0,0,0,0,1,5,6,2,46,8,-1,-1,-1,-1,4,E01003919,0,3
2025010563889,2025,010563889,1,9,0,99,99,9,9,99,99,9,9,99,9,99,0,9,5,6,2,47,8,-1,-1,-1,-1,6,E01001270,0,2
2025010563891,2025,010563891,1,11,0,99,99,9,9,0,0,1,0,0,0,0,0,1,6,6,3,-1,-1,-1,-1,-1,-1,-1,-1,0,-1
2025010563893,2025,010563893,2,5,0,18,19,4,8,0,0,8,0,0,0,0,2,1,5,6,1,46,8,-1,-1,-1,-1,3,E01002623,0,2
2025010563893,2025,010563893,1,19,0,18,19,4,8,0,0,8,0,0,0,0,1,1,1,1,1,33,6,-1,-1,-1,-1,2,E01028233,0,5
2025010563894,2025,010563894,1,11,0,-1,-1,5,1,0,0,2,0,0,0,0,0,1,1,1,1,45,7,-1,-1,-1,-1,5,E01001276,0,2
2025010563896,2025,010563896,1,9,0,18,19,7,3,0,0,0,0,0,0,0,1,1,2,2,1,30,6,-1,-1,-1,-1,2,E01021270,0,4
2025010563898,2025,010563898,1,8,0,7,7,5,7,0,0,5,0,0,0,0,1,1,6,6,1,70,10,-1,-1,-1,-1,6,E01000365,0,4
2025010563900,2025,010563900,1,3,0,99,99,9,9,99,99,9,9,99,9,99,2,1,1,1,1,32,6,-1,-1,-1,-1,4,E01001087,0,1
2025010563900,2025,010563900,2,3,0,99,99,9,9,99,99,9,9,99,9,99,1,1,6,6,3,-1,-1,-1,-1,-1,-1,-1,-1,0,-1
2025010563903,2025,010563903,2,9,0,18,19,3,7,0,0,0,0,0,0,0,1,1,2,2,1,29,6,-1,-1,-1,-1,3,E01003164,0,3
2025010563903,2025,010563903,1,9,0,18,19,3,7,0,0,0,0,0,0,0,3,1,2,2,1,33,6,-1,-1,-1,-1,2,E01010312,0,5
2025010563904,2025,010563904,1,3,0,18,19,5,1,0,0,0,1,10,0,0,1,1,1,1,1,29,6,-1,-1,-1,-1,2,E01001001,0,2
2025010563905,2025,010563905,1,9,0,18,19,3,7,0,0,2,1,0,0,0,1,1,2,2,1,50,8,-1,-1,-1,-1,8,E01002239,0,1
2025010563906,2025,010563906,1,9,0,18,19,5,1,0,0,0,0,11,0,0,1,1,5,6,1,42,7,-1,-1,-1,-1,5,E01003784,0,1
2025010563906,2025,010563906,2,9,0,2,2,0,0,0,0,0,0,0,0,0,1,1,6,6,3,-1,-1,-1,-1,-1,-1,-1,-1,0,-1
2025010563907,2025,010563907,1,9,0,99,99,9,9,99,99,9,9,99,9,99,9,9,5,6,2,39,7,-1,-1,-1,-1,4,E01000439,0,1
2025010563908,2025,010563908,1,3,0,14,14,5,1,0,0,1,0,0,0,0,1,1,5,6,1,35,6,-1,-1,-1,-1,3,E01002702,0,3
2025010563908,2025,010563908,2,9,0,9,9,7,5,0,0,2,0,0,0,0,1,1,1,1,1,72,10,-1,-1,-1,-1,-1,-1,0,-1
2025010563912,2025,010563912,2,1,0,4,4,7,3,0,0,8,5,0,0,0,2,1,1,1,1,26,6,-1,-1,-1,-1,4,E01002446,0,3
2025010563912,2025,010563912,1,11,0,18,19,7,3,0,0,1,0,0,0,0,1,1,1,1,1,22,5,-1,-1,-1,-1,2,E01001263,0,3
2025010563913,2025,010563913,1,11,0,7,7,1,4,0,0,8,0,0,0,0,1,1,1,1,1,58,9,-1,-1,-1,-1,2,E01003253,0,2
2025010563918,2025,010563918,2,9,0,9,9,3,1,0,0,1,0,0,0,0,3,1,6,6,2,35,6,-1,-1,-1,-1,4,E01000464,0,3
2025010563918,2025,010563918,1,9,0,18,19,2,6,0,0,1,0,0,1,0,1,1,6,6,1,33,6,-1,-1,-1,-1,4,E01033869,0,2
2025010563923,2025,010563923,1,9,0,18,19,9,9,99,99,0,9,99,9,99,9,9,5,6,1,23,5,-1,-1,-1,-1,3,E01035666,0,2
2025010563923,2025,010563923,2,11,0,11,11,9,9,99,99,0,9,99,9,99,2,9,6,6,1,28,6,-1,-1,-1,-1,5,E01035226,0,5
2025010563925,2025,010563925,1,3,9,99,99,9,9,99,99,9,9,99,9,99,9,1,1,1,1,46,8,-1,-1,-1,-1,4,E01000557,0,1
2025010563925,2025,010563925,2,9,9,99,99,9,9,99,99,9,9,99,9,99,1,9,6,6,3,-1,-1,-1,-1,-1,-1,-1,-1,0,-1
2025010563929,2025,010563929,1,8,0,18,19,1,5,0,0,0,0,0,3,0,4,1,5,6,1,49,8,-1,-1,-1,-1,1,E01009505,0,5
2025010563932,2025,010563932,2,9,0,6,6,3,3,0,0,0,0,0,0,0,1,1,6,6,1,28,6,-1,-1,-1,-1,4,E01004429,0,1
2025010563932,2025,010563932,1,3,0,18,19,1,5,0,0,0,0,0,1,0,1,1,6,6,1,25,5,-1,-1,-1,-1,2,E01004469,0,1
2025010563933,2025,010563933,1,9,9,99,99,9,9,99,99,9,9,99,9,99,9,9,6,6,3,-1,-1,-1,-1,-1,-1,-1,-1,0,-1
2025010563937,2025,010563937,1,1,0,16,19,7,3,0,0,3,0,0,0,0,1,1,5,6,1,69,10,-1,-1,-1,-1,3,E01001807,0,2
2025010563945,2025,010563945,1,5,0,18,19,1,5,0,0,8,0,0,0,0,3,1,5,6,1,37,7,-1,-1,-1,-1,3,E01035645,0,1
2025010563945,2025,010563945,2,9,0,9,9,5,3,0,0,8,0,0,0,0,1,1,5,6,2,32,6,-1,-1,-1,-1,5,E01002492,0,4
2025010563946,2025,010563946,1,1,9,99,99,9,9,99,99,9,9,99,9,99,1,1,6,6,3,18,4,-1,-1,-1,-1,6,E01003260,0,1
2025010563946,2025,010563946,2,9,0,99,99,9,9,99,99,9,9,99,9,99,9,9,6,6,3,-1,-1,-1,-1,-1,-1,-1,-1,0,-1
2025010563947,2025,010563947,1,9,0,18,19,3,7,0,0,3,0,9,1,2,1,1,5,6,1,20,4,-1,-1,-1,-1,-1,-1,0,-1
2025010563948,2025,010563948,1,9,0,99,99,9,9,99,99,9,9,99,9,99,1,9,6,6,3,-1,-1,-1,-1,-1,-1,-1,-1,0,-1
2025010563949,2025,010563949,3,9,0,-1,-1,7,3,0,0,8,0,0,0,0,2,1,6,6,1,64,9,-1,-1,-1,-1,8,E01001390,0,1
2025010563949,2025,010563949,1,9,0,10,10,3,8,0,0,8,0,0,0,0,1,1,6,6,1,31,6,-1,-1,-1,-1,5,E01001530,0,1
2025010563949,2025,010563949,2,9,0,15,15,7,3,0,0,8,1,0,0,0,1,1,6,6,1,32,6,-1,-1,-1,-1,6,E01003664,0,3
2025010563950,2025,010563950,2,4,0,5,5,1,5,9,9,5,0,10,1,10,4,1,6,6,1,22,5,-1,-1,-1,-1,-1,-1,0,-1
2025010563950,2025,010563950,1,9,0,18,19,5,1,0,0,8,0,0,0,0,0,1,1,1,1,24,5,-1,-1,-1,-1,-1,-1,0,-1
2025010563951,2025,010563951,1,3,0,18,19,7,3,0,0,1,1,0,0,0,4,1,1,1,1,29,6,-1,-1,-1,-1,6,E01003226,0,1
2025010563951,2025,010563951,2,9,0,9,9,1,7,0,0,2,0,0,0,0,0,1,6,6,3,25,5,-1,-1,-1,-1,-1,-1,0,-1
2025010563955,2025,010563955,2,9,0,18,19,5,1,0,0,2,0,0,0,0,1,1,5,6,1,44,7,-1,-1,-1,-1,6,E01002223,0,2
2025010563955,2025,010563955,1,9,0,4,4,5,1,0,0,2,0,0,0,0,2,1,6,6,2,50,8,-1,-1,-1,-1,4,E01002130,0,3
2025010563958,2025,010563958,1,9,0,4,4,5,1,0,0,1,0,0,0,0,1,1,6,6,3,-1,-1,-1,-1,-1,-1,-1,-1,0,-1
2025010563965,2025,010563965,1,9,0,18,19,1,5,0,0,0,1,0,0,0,3,1,5,6,1,37,7,-1,-1,-1,-1,3,E01003522,0,1
2025010563965,2025,010563965,2,9,0,14,14,5,1,0,0,0,0,0,0,0,3,1,6,6,1,28,6,-1,-1,-1,-1,3,E01003542,0,1
2025010563969,2025,010563969,2,3,0,18,19,3,7,0,0,8,0,10,1,0,3,1,6,6,1,22,5,-1,-1,-1,-1,3,E01002730,0,2
2025010563969,2025,010563969,1,9,0,9,9,7,5,0,0,8,0,0,0,0,1,1,2,2,1,33,6,-1,-1,-1,-1,7,E01022215,0,5
2025010563973,2025,010563973,1,9,0,18,19,5,1,0,0,0,0,4,0,0,1,1,6,6,2,44,7,-1,-1,-1,-1,-1,-1,0,-1
2025010563973,2025,010563973,2,9,0,2,2,0,0,0,0,0,0,0,0,0,0,1,6,6,3,-1,-1,-1,-1,-1,-1,-1,-1,0,-1
2025010563974,2025,010563974,1,9,0,18,19,5,1,9,9,0,0,0,7,11,1,1,3,7,1,59,9,-1,-1,-1,-1,-1,-1,0,-1
2025010563977,2025,010563977,2,9,0,99,99,9,9,99,99,9,9,99,9,99,1,9,6,6,3,-1,-1,-1,-1,-1,-1,-1,-1,0,-1
2025010563977,2025,010563977,1,9,0,99,99,9,9,99,99,9,9,99,9,99,2,9,5,6,2,30,6,-1,-1,-1,-1,7,E01000198,0,1
2025010563981,2025,010563981,2,9,0,99,99,9,9,99,99,9,9,99,9,99,1,9,6,6,3,-1,-1,-1,-1,-1,-1,-1,-1,0,-1
2025010563981,2025,010563981,1,8,0,99,99,9,9,99,99,9,9,99,9,99,2,9,6,6,3,-1,-1,-1,-1,-1,-1,3,E01003544,0,2
2025010563986,2025,010563986,1,9,0,5,5,1,5,0,0,1,1,0,0,0,3,1,5,6,1,23,5,-1,-1,-1,-1,5,E01003148,0,1
2025010563986,2025,010563986,2,3,0,18,19,7,3,0,0,8,2,0,0,0,1,1,6,6,1,17,4,-1,-1,-1,-1,2,E01003432,0,1
2025010563992,2025,010563992,1,9,0,18,19,7,3,0,0,0,0,0,0,0,2,1,2,2,2,42,7,-1,-1,-1,-1,2,E01001732,0,1
2025010563992,2025,010563992,3,9,0,18,19,7,3,0,0,0,0,0,0,0,2,1,6,6,3,-1,-1,-1,-1,-1,-1,-1,-1,0,-1
2025010563992,2025,010563992,2,9,0,18,19,7,3,0,0,0,0,0,0,0,1,1,6,6,1,55,8,-1,-1,-1,-1,7,E01003763,0,2
2025010563994,2025,010563994,1,9,0,18,19,5,1,0,0,8,0,0,0,0,0,2,6,6,3,-1,-1,-1,-1,-1,-1,-1,-1,0,-1
2025010563995,2025,010563995,1,9,0,99,99,9,9,99,99,9,9,99,9,99,1,9,5,6,1,24,5,-1,-1,-1,-1,2,E01000627,0,1
2025010563996,2025,010563996,1,9,0,7,7,2,5,0,0,0,0,0,7,4,1,1,5,6,1,49,8,-1,-1,-1,-1,3,E01002519,0,1
2025010563997,2025,010563997,2,9,0,18,19,3,7,0,0,8,1,0,0,0,4,1,5,6,1,49,8,-1,-1,-1,-1,-1,-1,0,-1
2025010563997,2025,010563997,1,9,0,18,19,1,5,0,0,6,1,0,0,0,3,1,6,6,1,32,6,-1,-1,-1,-1,-1,-1,0,-1
2025010563998,2025,010563998,2,9,0,99,99,9,9,99,99,9,9,99,9,99,9,9,6,6,3,-1,-1,-1,-1,-1,-1,-1,-1,0,-1
2025010563998,2025,010563998,1,3,0,99,99,9,9,99,99,9,9,99,9,99,9,1,1,1,1,25,5,-1,-1,-1,-1,6,E01000564,0,1
2025010563999,2025,010563999,1,9,0,5,5,0,1,0,0,8,0,0,0,0,1,1,6,6,3,-1,-1,-1,-1,-1,-1,-1,-1,0,-1
2025010564006,2025,010564006,1,9,0,7,7,1,3,0,0,1,0,0,0,0,1,1,6,6,3,-1,-1,-1,-1,-1,-1,-1,-1,0,-1
2025010564006,2025,010564006,2,1,0,18,19,1,5,0,0,1,0,0,0,0,2,1,6,6,1,32,6,-1,-1,-1,-1,4,E01004642,0,2
2025010564007,2025,010564007,1,8,0,18,19,7,3,0,0,0,0,0,0,0,2,1,1,1,1,53,8,-1,-1,-1,-1,-1,-1,0,-1
2025010564007,2025,010564007,2,9,0,18,19,7,3,0,0,0,0,0,6,0,1,1,2,2,2,-1,-1,-1,-1,-1,-1,6,E01003641,0,2
2025010564008,2025,010564008,2,97,0,-1,-1,2,6,0,0,1,0,0,0,0,1,1,6,6,3,-1,-1,-1,-1,-1,-1,-1,-1,0,-1
2025010564008,2025,010564008,1,1,0,9,9,2,8,0,0,6,0,0,0,0,1,1,6,6,1,60,9,-1,-1,-1,-1,2,E01002840,0,1