collision_index,collision_year,collision_ref_no,vehicle_reference,vehicle_type,towing_and_articulation,vehicle_manoeuvre_historic,vehicle_manoeuvre,vehicle_direction_from,vehicle_direction_to,vehicle_location_restricted_lane_historic,vehicle_location_restricted_lane,junction_location,skidding_and_overturning,hit_object_in_carriageway,vehicle_leaving_carriageway,hit_object_off_carriageway,first_point_of_impact,vehicle_left_hand_drive,journey_purpose_of_driver_historic,journey_purpose_of_driver,sex_of_driver,age_of_driver,age_band_of_driver,engine_capacity_cc,propulsion_code,age_of_vehicle,generic_make_model,driver_imd_decile,lsoa_of_driver,escooter_flag,driver_distance_banding
2025010564010,2025,010564010,1,9,0,18,19,5,1,0,0,1,0,0,0,0,1,1,1,1,1,-1,-1,-1,-1,-1,-1,1,E01000643,0,2
2025010564010,2025,010564010,2,9,0,18,19,1,5,0,0,1,0,0,0,0,1,1,6,6,1,40,7,-1,-1,-1,-1,5,E01004487,0,1
2025010564013,2025,010564013,1,9,0,18,19,7,3,2,2,0,0,4,0,0,1,1,6,6,2,25,5,-1,-1,-1,-1,4,E01001514,0,3
2025010564013,2025,010564013,2,11,0,2,2,0,0,2,2,0,0,0,0,0,2,1,6,6,3,-1,-1,-1,-1,-1,-1,-1,-1,0,-1
2025010564024,2025,010564024,1,3,0,7,7,3,4,0,0,4,5,0,0,0,1,1,5,6,1,20,4,-1,-1,-1,-1,3,E01002521,0,1
2025010564024,2025,010564024,2,9,0,8,8,3,4,0,0,4,0,0,0,0,0,1,6,6,1,39,7,-1,-1,-1,-1,5,E01034293,0,4
2025010564030,2025,010564030,2,19,0,99,99,9,9,99,99,9,9,99,9,99,9,9,6,6,1,55,8,-1,-1,-1,-1,10,E01003899,0,2
2025010564030,2025,010564030,1,1,9,99,99,9,9,99,99,9,9,99,9,99,9,1,5,6,1,49,8,-1,-1,-1,-1,2,E01004702,0,2
2025010564034,2025,010564034,1,9,0,9,9,3,8,0,0,2,0,0,0,0,1,1,5,6,1,54,8,-1,-1,-1,-1,2,E01004541,0,2
2025010564037,2025,010564037,1,8,0,17,19,3,7,0,0,1,0,0,0,0,1,1,6,6,1,45,7,-1,-1,-1,-1,1,E01000596,0,2
2025010564037,2025,010564037,2,8,0,9,9,3,1,0,0,8,0,0,0,0,2,1,1,1,1,60,9,-1,-1,-1,-1,6,E01001277,0,2
2025010564044,2025,010564044,1,-1,0,18,19,5,1,0,0,1,0,0,0,0,1,1,6,6,3,-1,-1,-1,-1,-1,-1,-1,-1,1,-1
2025010564045,2025,010564045,2,9,0,99,99,9,9,99,99,9,9,99,9,99,1,9,6,6,3,-1,-1,-1,-1,-1,-1,-1,-1,0,-1
2025010564045,2025,010564045,1,3,0,99,99,9,9,99,99,9,9,99,9,99,1,1,1,1,1,23,5,-1,-1,-1,-1,2,E01002029,0,3
2025010564046,2025,010564046,2,3,0,15,15,5,1,0,0,1,0,0,0,0,1,1,1,1,1,28,6,-1,-1,-1,-1,3,E01003689,0,1
2025010564046,2025,010564046,1,9,0,5,5,7,3,0,0,5,0,0,0,0,1,1,6,6,1,47,8,-1,-1,-1,-1,10,E01002388,0,3
2025010564047,2025,010564047,1,19,0,7,7,3,5,0,0,1,0,0,0,0,4,1,1,1,1,31,6,-1,-1,-1,-1,2,E01015749,0,4
2025010564047,2025,010564047,2,1,0,18,19,1,5,0,0,1,0,0,0,0,3,1,6,6,1,27,6,-1,-1,-1,-1,6,E01002792,0,1
2025010564052,2025,010564052,1,9,0,18,19,5,1,0,0,3,0,10,1,1,0,1,5,6,1,17,4,-1,-1,-1,-1,6,E01001070,0,1
2025010564055,2025,010564055,2,3,0,18,19,7,3,0,0,0,5,0,0,0,1,1,1,1,1,31,6,-1,-1,-1,-1,2,E01001151,0,1
2025010564055,2025,010564055,1,19,0,6,6,7,7,0,0,0,0,0,0,0,1,1,1,1,1,54,8,-1,-1,-1,-1,8,E01000669,0,2
2025010564062,2025,010564062,1,1,9,18,19,9,9,99,99,9,9,99,9,99,2,1,5,6,2,47,8,-1,-1,-1,-1,6,E01003314,0,1
2025010564062,2025,010564062,2,9,0,7,7,9,9,99,99,9,9,99,9,99,1,9,6,6,2,49,8,-1,-1,-1,-1,3,E01034391,0,1
2025010564063,2025,010564063,1,9,0,9,9,1,6,0,0,1,0,0,0,0,4,1,5,6,2,40,7,-1,-1,-1,-1,7,E01000734,0,3
2025010564063,2025,010564063,2,3,0,18,19,1,5,0,0,1,5,10,0,0,4,1,5,6,1,20,4,-1,-1,-1,-1,-1,-1,0,-1
2025010564067,2025,010564067,1,9,0,99,99,9,9,99,99,0,9,99,9,99,2,9,5,6,2,51,8,-1,-1,-1,-1,9,E01002451,0,1
2025010564067,2025,010564067,2,19,0,99,99,9,9,99,99,0,9,99,9,99,1,9,6,6,3,-1,-1,-1,-1,-1,-1,3,E01002429,0,1
2025010564069,2025,010564069,2,9,0,3,3,5,1,0,0,2,0,6,0,0,1,1,5,6,2,30,6,-1,-1,-1,-1,4,E01003025,0,1
2025010564069,2025,010564069,1,9,0,9,9,1,6,0,0,2,0,6,0,0,1,1,5,6,1,66,10,-1,-1,-1,-1,3,E01004011,0,1
2025010564071,2025,010564071,2,9,0,99,99,9,9,99,99,9,9,99,9,99,9,9,6,6,1,22,5,-1,-1,-1,-1,6,E01001217,0,2
2025010564071,2025,010564071,1,1,9,99,99,9,9,99,99,9,9,99,9,99,1,1,2,2,1,34,6,-1,-1,-1,-1,9,E01003384,0,2
2025010564074,2025,010564074,1,3,0,18,19,9,9,99,99,9,9,99,9,99,1,1,1,1,1,39,7,-1,-1,-1,-1,2,E01003390,0,1
2025010564074,2025,010564074,2,9,0,6,6,9,9,99,99,9,9,99,9,99,1,9,6,6,3,-1,-1,-1,-1,-1,-1,-1,-1,0,-1
2025010564077,2025,010564077,1,9,0,99,99,9,9,99,99,9,9,99,9,99,9,9,5,6,1,35,6,-1,-1,-1,-1,5,E01001272,0,2
2025010564077,2025,010564077,2,9,0,99,99,9,9,99,99,9,9,99,9,99,9,9,6,6,3,-1,-1,-1,-1,-1,-1,3,E01001215,0,3
2025010564079,2025,010564079,1,9,0,18,19,1,5,0,0,2,0,0,0,0,1,1,6,6,3,24,5,-1,-1,-1,-1,-1,-1,0,-1
2025010564080,2025,010564080,2,9,0,99,99,9,9,99,99,6,9,99,9,99,9,9,6,6,3,-1,-1,-1,-1,-1,-1,-1,-1,0,-1
2025010564080,2025,010564080,1,3,0,99,99,9,9,99,99,1,9,99,9,99,1,1,1,1,3,22,5,-1,-1,-1,-1,4,E01000612,0,3
2025010564082,2025,010564082,2,1,0,18,19,5,1,0,0,1,0,0,0,0,1,1,6,6,1,70,10,-1,-1,-1,-1,6,E01004381,0,1
2025010564082,2025,010564082,1,9,0,9,9,8,5,0,0,1,0,0,0,0,1,1,6,6,2,52,8,-1,-1,-1,-1,-1,-1,0,-1
2025010564090,2025,010564090,2,19,0,1,1,9,9,99,99,9,9,99,9,99,2,9,6,6,3,-1,-1,-1,-1,-1,-1,-1,-1,0,-1
2025010564090,2025,010564090,1,9,0,3,3,9,9,99,99,9,9,99,9,99,2,9,5,6,2,41,7,-1,-1,-1,-1,5,E01002546,0,1
2025010564092,2025,010564092,1,3,0,99,99,9,9,99,99,9,9,99,9,99,9,1,5,6,1,22,5,-1,-1,-1,-1,5,E01000476,0,2
2025010564092,2025,010564092,2,9,0,99,99,9,9,99,99,9,9,99,9,99,9,9,6,6,3,-1,-1,-1,-1,-1,-1,-1,-1,0,-1
2025010564093,2025,010564093,1,9,0,99,99,9,9,99,99,9,9,99,9,99,2,9,2,2,2,37,7,-1,-1,-1,-1,4,E01003354,0,2
2025010564093,2025,010564093,2,9,0,99,99,9,9,99,99,9,9,99,9,99,1,9,6,6,1,28,6,-1,-1,-1,-1,4,E01001646,0,2
2025010564094,2025,010564094,2,3,0,13,13,3,7,0,0,0,1,0,0,0,1,1,5,6,1,18,4,-1,-1,-1,-1,2,E01003604,0,1
2025010564094,2025,010564094,1,9,0,12,12,3,7,0,0,0,0,0,0,0,2,1,1,1,1,47,8,-1,-1,-1,-1,3,E01003101,0,2
2025010564099,2025,010564099,1,9,0,18,19,1,5,0,0,1,0,0,0,0,4,1,5,6,1,45,7,-1,-1,-1,-1,4,E01004329,0,1
2025010564102,2025,010564102,2,9,0,9,9,1,6,0,0,5,0,0,0,0,1,1,5,6,2,46,8,-1,-1,-1,-1,10,E01003443,0,1
2025010564102,2025,010564102,1,3,0,13,13,1,5,0,0,1,2,0,0,0,2,1,1,1,1,21,5,-1,-1,-1,-1,6,E01004560,0,2
2025010564104,2025,010564104,1,9,0,99,99,9,9,99,99,9,9,99,9,99,1,9,6,6,3,-1,-1,-1,-1,-1,-1,-1,-1,0,-1
2025010564105,2025,010564105,2,1,0,18,19,7,3,0,0,8,0,0,0,0,1,1,1,1,1,28,6,-1,-1,-1,-1,4,E01004425,0,1
2025010564105,2025,010564105,1,19,0,7,7,7,1,0,0,8,0,0,0,0,4,1,1,1,1,28,6,-1,-1,-1,-1,4,E01023790,0,4
2025010564106,2025,010564106,1,9,0,18,19,7,3,0,0,0,0,0,0,0,2,1,6,6,1,46,8,-1,-1,-1,-1,2,E01000602,0,1
2025010564106,2025,010564106,2,9,0,18,19,7,3,0,0,0,0,0,0,0,1,1,6,6,3,-1,-1,-1,-1,-1,-1,-1,-1,0,-1
2025010564108,2025,010564108,1,9,0,18,19,7,3,0,0,8,0,0,0,0,1,1,5,6,2,73,10,-1,-1,-1,-1,4,E01001420,0,1
2025010564108,2025,010564108,2,9,0,9,9,3,1,0,0,1,0,0,0,0,1,1,2,2,1,24,5,-1,-1,-1,-1,6,E01001419,0,1
2025010564115,2025,010564115,1,1,9,99,99,9,9,99,99,9,9,99,9,99,9,1,6,6,3,58,9,-1,-1,-1,-1,9,E01002952,0,1
2025010564115,2025,010564115,2,98,9,99,99,9,9,99,99,9,9,99,9,99,9,9,6,6,3,-1,-1,-1,-1,-1,-1,-1,-1,0,-1
2025010564121,2025,010564121,2,9,9,99,99,9,9,99,99,9,9,99,9,99,4,9,1,1,1,63,9,-1,-1,-1,-1,3,E01016499,0,4
2025010564121,2025,010564121,1,9,0,99,99,9,9,99,99,9,9,99,9,99,9,9,1,1,1,58,9,-1,-1,-1,-1,5,E01004363,0,3
2025010564121,2025,010564121,3,9,9,5,5,5,1,0,0,9,9,99,9,99,9,9,6,6,3,-1,-1,-1,-1,-1,-1,10,E01004951,0,5
2025010564125,2025,010564125,2,8,0,18,19,1,5,0,0,9,0,0,0,0,3,9,6,6,3,-1,-1,-1,-1,-1,-1,-1,-1,0,-1
2025010564125,2025,010564125,1,9,0,99,99,9,9,99,99,9,9,99,9,99,9,9,5,6,1,41,7,-1,-1,-1,-1,9,E01002978,0,2
2025010564131,2025,010564131,1,4,0,5,5,3,7,0,0,6,1,0,0,0,3,1,5,6,1,33,6,-1,-1,-1,-1,5,E01004644,0,1
2025010564131,2025,010564131,2,9,0,18,19,3,7,0,0,6,0,0,0,0,2,1,5,6,1,71,10,-1,-1,-1,-1,-1,-1,0,-1
2025010564135,2025,010564135,1,3,0,17,19,3,1,0,0,0,0,0,0,0,1,1,1,1,1,21,5,-1,-1,-1,-1,5,E01004396,0,2
2025010564135,2025,010564135,2,9,0,16,19,1,3,0,0,0,0,0,0,0,1,1,5,6,2,32,6,-1,-1,-1,-1,-1,-1,0,-1
2025010564136,2025,010564136,1,9,9,99,99,9,9,99,99,9,9,99,9,99,9,9,6,6,3,-1,-1,-1,-1,-1,-1,-1,-1,0,-1
2025010564137,2025,010564137,1,9,0,3,3,5,1,0,0,8,0,0,0,0,3,1,2,2,1,27,6,-1,-1,-1,-1,2,E01002356,0,1
2025010564141,2025,010564141,1,3,0,18,19,3,7,0,0,8,0,0,0,0,4,1,5,6,1,27,6,-1,-1,-1,-1,5,E01033457,0,3
2025010564141,2025,010564141,2,9,0,18,19,1,5,0,0,1,0,0,0,0,1,1,6,6,3,-1,-1,-1,-1,-1,-1,-1,-1,0,-1
2025010564143,2025,010564143,1,9,9,99,99,9,9,99,99,9,9,99,9,99,9,9,6,6,2,39,7,-1,-1,-1,-1,5,E01021954,0,4
2025010564147,2025,010564147,2,9,0,99,99,9,9,99,99,9,9,99,9,99,1,9,6,6,3,-1,-1,-1,-1,-1,-1,-1,-1,0,-1
2025010564147,2025,010564147,1,9,0,99,99,9,9,99,99,9,9,99,9,99,2,9,5,6,1,38,7,-1,-1,-1,-1,6,E01001068,0,1
2025010564150,2025,010564150,2,9,0,99,99,9,9,99,99,9,9,99,9,99,1,9,6,6,3,25,5,-1,-1,-1,-1,3,E01032774,0,1
2025010564150,2025,010564150,1,3,0,99,99,9,9,99,99,9,9,99,9,99,9,1,1,1,1,24,5,-1,-1,-1,-1,8,E01033580,0,1
2025010564170,2025,010564170,2,19,9,99,99,9,9,99,99,9,9,99,9,99,9,2,6,6,3,-1,-1,-1,-1,-1,-1,-1,-1,0,-1
2025010564170,2025,010564170,1,-1,9,18,19,1,5,99,99,9,9,99,9,99,9,1,6,6,1,-1,-1,-1,-1,-1,-1,3,E01004319,1,1
2025010564172,2025,010564172,1,11,0,18,19,5,1,0,0,0,0,0,0,0,0,1,1,1,1,57,9,-1,-1,-1,-1,4,E01003388,0,2
2025010564173,2025,010564173,2,3,0,18,19,5,1,0,0,8,0,0,0,0,1,1,6,6,3,-1,-1,-1,-1,-1,-1,-1,-1,0,-1
2025010564173,2025,010564173,1,9,0,9,9,1,6,0,0,8,0,0,0,0,3,1,6,6,1,22,5,-1,-1,-1,-1,-1,-1,0,-1
2025010564175,2025,010564175,2,1,9,99,99,9,9,99,99,9,9,99,9,99,2,1,6,6,3,-1,-1,-1,-1,-1,-1,-1,-1,0,-1
2025010564175,2025,010564175,1,11,0,99,99,9,9,99,99,9,9,99,9,99,1,9,5,6,1,61,9,-1,-1,-1,-1,3,E01003550,0,2
2025010564179,2025,010564179,2,9,0,-1,-1,5,1,0,0,1,1,0,0,0,1,1,6,6,3,-1,-1,-1,-1,-1,-1,-1,-1,0,-1
2025010564179,2025,010564179,1,8,0,5,5,7,3,0,0,6,0,0,0,0,1,1,1,1,1,44,7,-1,-1,-1,-1,-1,-1,0,-1
2025010564180,2025,010564180,1,3,0,3,3,5,1,0,0,2,0,4,0,0,2,1,6,6,1,23,5,-1,-1,-1,-1,4,E01002130,0,1
2025010564180,2025,010564180,2,9,0,3,3,5,1,0,0,2,0,0,0,0,2,2,6,6,1,63,9,-1,-1,-1,-1,3,E01034592,0,1
2025010564180,2025,010564180,3,9,0,18,19,5,1,0,0,2,0,4,0,0,1,1,6,6,1,53,8,-1,-1,-1,-1,6,E01002124,0,1
2025010564184,2025,010564184,1,9,0,18,19,5,1,0,0,1,0,0,0,0,1,1,5,6,1,29,6,-1,-1,-1,-1,3,E01004404,0,1
2025010564185,2025,010564185,1,9,0,18,19,7,3,9,9,8,0,10,7,1,1,1,6,6,2,26,6,-1,-1,-1,-1,1,E01000643,0,1
2025010564186,2025,010564186,1,4,0,4,4,5,1,0,0,2,0,0,0,0,3,1,5,6,1,18,4,-1,-1,-1,-1,4,E01033941,0,2
2025010564196,2025,010564196,1,9,0,1,1,1,5,0,0,0,0,0,0,0,2,1,1,1,1,24,5,-1,-1,-1,-1,-1,-1,0,-1
2025010564196,2025,010564196,2,3,0,18,19,1,5,0,0,0,0,0,0,0,1,1,1,1,1,52,8,-1,-1,-1,-1,6,E01002928,0,1
2025010564206,2025,010564206,1,9,0,9,9,7,5,0,0,6,0,0,0,0,1,1,3,7,2,67,10,-1,-1,-1,-1,8,E01000967,0,1
2025010564206,2025,010564206,2,1,0,-1,-1,5,1,0,0,8,5,0,0,0,1,1,1,1,1,25,5,-1,-1,-1,-1,3,E01033601,0,1
2025010564208,2025,010564208,1,3,0,14,14,7,3,1,1,0,5,0,0,0,4,1,5,6,1,47,8,-1,-1,-1,-1,3,E01001449,0,1
2025010564208,2025,010564208,2,9,0,10,10,7,5,0,0,0,0,0,0,0,3,1,5,6,2,42,7,-1,-1,-1,-1,-1,-1,0,-1
2025010564212,2025,010564212,2,3,0,18,19,1,5,4,4,5,2,0,1,0,0,1,5,6,1,19,4,-1,-1,-1,-1,2,E01003986,0,2
2025010564212,2025,010564212,1,9,0,7,7,1,2,0,0,5,0,0,1,0,2,1,1,1,1,37,7,-1,-1,-1,-1,3,E01002413,0,4
2025010564213,2025,010564213,1,1,9,99,99,9,9,99,99,9,9,99,9,99,1,1,5,6,1,45,7,-1,-1,-1,-1,2,E01003267,0,2
2025010564213,2025,010564213,2,9,0,99,99,9,9,99,99,9,9,99,9,99,9,9,6,6,1,46,8,-1,-1,-1,-1,8,E01033728,0,1
2025010564214,2025,010564214,1,9,9,99,99,9,9,99,99,9,9,99,9,99,9,9,6,6,3,-1,-1,-1,-1,-1,-1,-1,-1,0,-1
2025010564217,2025,010564217,1,11,0,2,2,0,0,0,0,2,0,0,0,0,0,1,6,6,3,-1,-1,-1,-1,-1,-1,-1,-1,0,-1
2025010564218,2025,010564218,1,9,0,99,99,9,9,99,99,9,9,99,9,99,9,9,5,6,1,21,5,-1,-1,-1,-1,5,E01000491,0,1
2025010564218,2025,010564218,2,9,0,99,99,9,9,99,99,9,9,99,9,99,9,9,6,6,3,-1,-1,-1,-1,-1,-1,6,E01004492,0,3
2025010564221,2025,010564221,1,8,9,99,99,9,9,99,99,0,9,99,9,99,9,9,6,6,3,-1,-1,-1,-1,-1,-1,-1,-1,0,-1
2025010564227,2025,010564227,2,9,0,2,2,0,0,0,0,0,0,0,0,0,2,1,6,6,3,-1,-1,-1,-1,-1,-1,-1,-1,0,-1
2025010564227,2025,010564227,1,3,0,18,19,1,5,0,0,0,0,0,0,0,1,1,5,6,1,23,5,-1,-1,-1,-1,4,E01033930,0,1
2025010564233,2025,010564233,1,11,0,5,5,1,5,0,0,0,0,0,0,0,0,1,1,1,1,54,8,-1,-1,-1,-1,4,E01003406,0,1
2025010564234,2025,010564234,1,9,0,4,4,1,5,0,0,8,0,0,0,0,2,1,5,6,1,74,10,-1,-1,-1,-1,1,E01003291,0,1
2025010564234,2025,010564234,2,9,0,18,19,1,5,0,0,8,0,0,0,0,1,1,5,6,1,29,6,-1,-1,-1,-1,4,E01003230,0,1
2025010564241,2025,010564241,1,-1,0,18,19,2,6,0,0,0,0,0,0,0,1,1,6,6,3,-1,-1,-1,-1,-1,-1,-1,-1,1,-1
2025010564246,2025,010564246,1,3,0,4,4,3,7,0,0,6,0,0,0,0,3,1,1,1,1,34,6,-1,-1,-1,-1,2,E01002804,0,1
2025010564246,2025,010564246,3,9,0,1,1,3,7,0,0,6,0,0,0,0,1,1,6,6,3,-1,-1,-1,-1,-1,-1,-1,-1,0,-1
2025010564246,2025,010564246,2,9,0,2,2,0,0,0,0,2,0,0,0,0,3,1,6,6,3,-1,-1,-1,-1,-1,-1,-1,-1,0,-1
2025010564248,2025,010564248,1,19,0,9,9,7,5,0,0,1,0,0,0,0,1,1,6,6,1,21,5,-1,-1,-1,-1,2,E01004241,0,3
2025010564248,2025,010564248,3,9,0,10,10,6,4,0,0,1,0,0,0,0,1,1,6,6,1,61,9,-1,-1,-1,-1,6,E01002331,0,1
2025010564248,2025,010564248,2,9,0,18,19,5,1,0,0,8,0,0,0,0,1,1,2,2,1,71,10,-1,-1,-1,-1,5,E01016721,0,4
2025010564250,2025,010564250,1,19,0,18,19,5,1,0,0,2,0,0,0,0,1,1,1,1,1,-1,-1,-1,-1,-1,-1,-1,-1,0,-1
2025010564253,2025,010564253,1,9,0,9,9,1,7,0,0,6,0,0,0,0,1,1,5,6,1,30,6,-1,-1,-1,-1,4,E01001171,0,1
2025010564257,2025,010564257,1,9,0,4,4,5,1,0,0,1,0,0,0,0,4,1,5,6,1,61,9,-1,-1,-1,-1,3,E01003331,0,2
2025010564257,2025,010564257,2,3,0,18,19,1,5,0,0,1,0,0,0,0,1,1,6,6,1,22,5,-1,-1,-1,-1,1,E01003291,0,2
2025010564259,2025,010564259,1,9,0,99,99,9,9,99,99,9,9,99,9,99,2,9,5,6,2,27,6,-1,-1,-1,-1,5,E01002305,0,2
2025010564259,2025,010564259,2,9,0,99,99,9,9,99,99,9,9,99,9,99,1,9,6,6,3,34,6,-1,-1,-1,-1,1,E01015932,0,2
2025010564263,2025,010564263,1,9,0,4,4,7,3,0,0,0,0,0,0,0,0,2,1,1,2,27,6,-1,-1,-1,-1,6,E01001065,0,1
2025010564263,2025,010564263,3,3,0,18,19,3,7,9,9,0,5,4,1,11,1,1,6,6,1,28,6,-1,-1,-1,-1,-1,-1,0,-1
2025010564263,2025,010564263,2,9,0,2,2,0,0,0,0,0,0,0,0,0,1,1,6,6,3,-1,-1,-1,-1,-1,-1,-1,-1,0,-1
2025010564266,2025,010564266,2,9,0,99,99,9,9,99,99,9,9,99,9,99,9,9,6,6,3,-1,-1,-1,-1,-1,-1,-1,-1,0,-1
2025010564266,2025,010564266,1,8,0,99,99,9,9,99,99,9,9,99,9,99,9,9,1,1,1,43,7,-1,-1,-1,-1,5,E01001530,0,2
2025010564267,2025,010564267,2,9,0,18,19,3,7,0,0,0,0,0,0,0,1,1,2,2,2,54,8,-1,-1,-1,-1,2,E01003761,0,1
2025010564267,2025,010564267,1,9,0,4,4,3,7,0,0,0,0,0,0,0,2,1,6,6,2,40,7,-1,-1,-1,-1,3,E01003309,0,3
2025010564267,2025,010564267,3,3,0,18,19,3,7,0,0,0,0,0,0,0,1,1,1,1,1,32,6,-1,-1,-1,-1,1,E01002071,0,2
2025010564276,2025,010564276,2,9,0,13,13,3,7,0,0,2,0,0,0,0,4,1,6,6,1,28,6,-1,-1,-1,-1,5,E01000995,0,2
2025010564276,2025,010564276,1,9,0,-1,-1,3,7,0,0,2,0,0,0,0,3,1,6,6,2,34,6,-1,-1,-1,-1,6,E01004021,0,1
2025010564282,2025,010564282,1,1,9,99,99,9,9,99,99,9,9,99,9,99,9,1,5,6,1,51,8,-1,-1,-1,-1,7,E01003283,0,3
2025010564282,2025,010564282,2,9,0,99,99,9,9,99,99,9,9,99,9,99,9,9,6,6,1,21,5,-1,-1,-1,-1,-1,-1,0,-1
2025010564283,2025,010564283,1,19,0,18,19,4,8,0,0,1,0,0,0,0,1,1,6,6,3,-1,-1,-1,-1,-1,-1,-1,-1,0,-1
2025010564288,2025,010564288,2,9,0,99,99,9,9,99,99,9,9,99,9,99,1,9,6,6,3,-1,-1,-1,-1,-1,-1,-1,-1,0,-1
2025010564288,2025,010564288,1,9,0,99,99,9,9,99,99,9,9,99,9,99,2,9,5,6,1,23,5,-1,-1,-1,-1,3,E01035666,0,3
2025010564290,2025,010564290,1,1,9,99,99,9,9,99,99,9,9,99,9,99,1,1,2,2,2,56,9,-1,-1,-1,-1,7,E01002687,0,1
2025010564290,2025,010564290,2,9,0,99,99,9,9,99,99,9,9,99,9,99,2,9,6,6,3,-1,-1,-1,-1,-1,-1,-1,-1,0,-1
2025010564291,2025,010564291,1,23,0,18,19,3,7,0,0,0,2,0,0,0,0,1,2,2,1,27,6,-1,-1,-1,-1,2,E01003111,0,3
2025010564294,2025,010564294,1,9,0,18,19,3,7,0,0,0,0,0,0,0,4,1,1,1,1,59,9,-1,-1,-1,-1,3,E01001809,0,1
2025010564296,2025,010564296,1,9,0,18,19,1,5,0,0,2,0,0,0,0,1,1,6,6,3,24,5,-1,-1,-1,-1,-1,-1,0,-1
2025010564307,2025,010564307,2,1,0,-1,-1,1,5,0,0,1,5,0,0,0,1,1,6,6,1,56,9,-1,-1,-1,-1,8,E01000281,0,1
2025010564307,2025,010564307,1,9,0,9,9,3,1,0,0,2,0,0,0,0,1,1,6,6,2,40,7,-1,-1,-1,-1,-1,-1,0,-1
2025010564312,2025,010564312,2,9,0,99,99,9,9,99,99,9,9,99,9,99,9,9,6,6,3,-1,-1,-1,-1,-1,-1,-1,-1,0,-1
2025010564312,2025,010564312,1,1,9,99,99,9,9,99,99,9,9,99,9,99,9,1,5,6,1,16,4,-1,-1,-1,-1,8,E01001314,0,1
2025010564317,2025,010564317,2,9,0,-1,-1,5,1,0,0,8,0,0,0,0,4,1,1,1,1,47,8,-1,-1,-1,-1,3,E01000908,0,1
2025010564317,2025,010564317,1,9,0,-1,-1,7,3,0,0,6,0,0,0,0,1,1,5,6,1,63,9,-1,-1,-1,-1,2,E01002793,0,1
2025010564320,2025,010564320,1,9,0,18,19,5,1,0,0,0,1,0,1,0,1,1,6,6,1,35,6,-1,-1,-1,-1,-1,-1,0,-1
2025010564320,2025,010564320,2,9,0,18,19,5,1,0,0,0,0,0,0,0,2,1,6,6,1,33,6,-1,-1,-1,-1,-1,-1,0,-1
2025010564325,2025,010564325,1,9,0,99,99,9,9,99,99,9,9,99,9,99,1,9,5,6,1,41,7,-1,-1,-1,-1,10,E01017849,0,4
2025010564325,2025,010564325,2,9,9,99,99,9,9,99,99,9,9,99,9,99,9,1,6,6,3,-1,-1,-1,-1,-1,-1,-1,-1,0,-1
2025010564326,2025,010564326,1,9,0,18,19,3,7,0,0,1,0,11,1,2,1,1,5,6,1,63,9,-1,-1,-1,-1,6,E01016124,0,4
2025010564327,2025,010564327,2,9,0,99,99,9,9,99,99,9,9,99,9,99,9,9,6,6,3,-1,-1,-1,-1,-1,-1,-1,-1,0,-1
2025010564327,2025,010564327,1,9,0,99,99,9,9,99,99,9,9,99,9,99,9,9,2,2,1,36,7,-1,-1,-1,-1,3,E01033935,0,1
2025010564328,2025,010564328,1,9,0,99,99,9,9,99,99,9,9,99,9,99,9,9,5,6,1,35,6,-1,-1,-1,-1,5,E01001272,0,2
2025010564328,2025,010564328,2,9,0,99,99,9,9,99,99,9,9,99,9,99,9,9,6,6,3,-1,-1,-1,-1,-1,-1,-1,-1,0,-1
2025010564330,2025,010564330,1,1,0,18,19,3,7,0,0,0,0,8,0,0,0,1,6,6,1,62,9,-1,-1,-1,-1,5,E01004612,0,1
2025010564330,2025,010564330,2,9,0,2,2,0,0,0,0,0,0,0,0,0,0,1,6,6,3,-1,-1,-1,-1,-1,-1,-1,-1,0,-1
2025010564334,2025,010564334,2,10,0,18,19,5,1,0,0,1,0,4,0,0,1,1,6,6,1,59,9,-1,-1,-1,-1,-1,-1,0,-1
2025010564334,2025,010564334,1,9,0,3,3,5,1,0,0,1,0,0,4,1,2,1,5,6,1,25,5,-1,-1,-1,-1,6,E01024513,0,4
2025010564335,2025,010564335,1,1,9,99,99,9,9,99,99,9,9,99,9,99,1,1,1,1,1,35,6,-1,-1,-1,-1,3,E01000856,0,1
2025010564335,2025,010564335,2,19,0,99,99,9,9,99,99,9,9,99,9,99,9,9,6,6,1,42,7,-1,-1,-1,-1,7,E01023892,0,4
2025010564336,2025,010564336,2,3,0,18,19,7,3,0,0,3,0,0,0,0,4,1,5,6,1,22,5,-1,-1,-1,-1,5,E01003083,0,2
2025010564336,2025,010564336,1,9,0,7,7,8,3,0,0,3,0,0,7,0,1,1,5,6,2,22,5,-1,-1,-1,-1,5,E01003034,0,1
2025010564339,2025,010564339,1,9,0,99,99,9,9,99,99,9,9,99,9,99,1,9,2,2,2,53,8,-1,-1,-1,-1,4,E01003733,0,2
2025010564339,2025,010564339,2,90,2,99,99,9,9,99,99,9,9,99,9,99,9,9,6,6,3,-1,-1,-1,-1,-1,-1,4,E01002250,0,1