collision_index,collision_year,collision_ref_no,vehicle_reference,vehicle_type,towing_and_articulation,vehicle_manoeuvre_historic,vehicle_manoeuvre,vehicle_direction_from,vehicle_direction_to,vehicle_location_restricted_lane_historic,vehicle_location_restricted_lane,junction_location,skidding_and_overturning,hit_object_in_carriageway,vehicle_leaving_carriageway,hit_object_off_carriageway,first_point_of_impact,vehicle_left_hand_drive,journey_purpose_of_driver_historic,journey_purpose_of_driver,sex_of_driver,age_of_driver,age_band_of_driver,engine_capacity_cc,propulsion_code,age_of_vehicle,generic_make_model,driver_imd_decile,lsoa_of_driver,escooter_flag,driver_distance_banding
2025010564964,2025,010564964,2,1,0,18,19,3,7,9,9,1,0,0,0,0,0,1,1,1,1,65,9,-1,-1,-1,-1,9,E01004598,0,1
2025010564964,2025,010564964,1,11,0,5,5,5,1,2,2,1,0,0,0,0,0,1,1,1,1,55,8,-1,-1,-1,-1,10,E01003466,0,2
2025010564967,2025,010564967,2,9,0,2,2,0,0,9,9,5,0,0,0,0,3,1,6,6,3,-1,-1,-1,-1,-1,-1,-1,-1,0,-1
2025010564967,2025,010564967,1,8,0,-1,-1,3,7,9,9,5,0,4,0,0,4,1,1,1,1,49,8,-1,-1,-1,-1,4,E01002070,0,4
2025010564970,2025,010564970,1,9,0,18,19,6,2,0,0,2,0,0,0,0,1,1,1,1,1,62,9,-1,-1,-1,-1,7,E01000294,0,1
2025010564971,2025,010564971,2,9,0,99,99,9,9,99,99,9,9,99,9,99,1,9,6,6,3,-1,-1,-1,-1,-1,-1,-1,-1,0,-1
2025010564971,2025,010564971,1,3,0,99,99,9,9,99,99,9,9,99,9,99,9,1,2,2,1,30,6,-1,-1,-1,-1,2,E01033485,0,2
2025010564973,2025,010564973,1,9,0,-1,-1,5,1,0,0,1,0,0,1,0,1,1,6,6,1,38,7,-1,-1,-1,-1,8,E01004194,0,1
2025010564974,2025,010564974,1,9,0,5,5,1,5,0,0,8,0,0,0,0,3,1,2,2,1,39,7,-1,-1,-1,-1,9,E01003364,0,1
2025010564974,2025,010564974,2,1,0,17,19,7,3,0,0,8,0,0,0,0,4,1,2,2,1,36,7,-1,-1,-1,-1,7,E01003419,0,1
2025010564975,2025,010564975,1,19,0,18,19,1,5,0,0,4,0,0,0,0,1,1,3,7,1,32,6,-1,-1,-1,-1,6,E01004636,0,1
2025010564975,2025,010564975,2,1,0,9,9,3,2,0,0,3,0,0,0,0,2,1,2,2,1,41,7,-1,-1,-1,-1,9,E01003383,0,1
2025010564976,2025,010564976,2,9,0,9,9,8,6,0,0,1,0,0,0,0,4,1,6,6,1,28,6,-1,-1,-1,-1,6,E01001989,0,1
2025010564976,2025,010564976,1,1,0,18,19,4,8,0,0,2,0,0,0,0,1,1,2,2,1,32,6,-1,-1,-1,-1,2,E01002810,0,1
2025010564977,2025,010564977,1,9,0,99,99,9,9,99,99,9,9,99,9,99,3,9,5,6,2,24,5,-1,-1,-1,-1,5,E01003666,0,1
2025010564977,2025,010564977,2,9,0,99,99,9,9,99,99,9,9,99,9,99,1,9,6,6,3,-1,-1,-1,-1,-1,-1,2,E01000013,0,1
2025010564980,2025,010564980,1,9,0,3,3,3,7,0,0,1,0,0,0,0,1,1,3,7,2,46,8,-1,-1,-1,-1,8,E01001601,0,3
2025010564980,2025,010564980,2,1,0,3,3,5,1,0,0,1,0,0,0,0,1,1,1,1,1,36,7,-1,-1,-1,-1,3,E01003164,0,1
2025010564982,2025,010564982,1,19,5,3,3,5,1,0,0,1,0,0,0,0,1,1,1,1,1,60,9,-1,-1,-1,-1,6,E01002614,0,2
2025010564982,2025,010564982,2,1,0,18,19,5,1,5,5,1,5,0,0,0,1,1,2,2,2,30,6,-1,-1,-1,-1,4,E01002641,0,1
2025010564988,2025,010564988,1,1,9,99,99,9,9,99,99,9,9,99,9,99,9,1,2,2,1,24,5,-1,-1,-1,-1,5,E01004612,0,1
2025010564988,2025,010564988,2,9,0,99,99,9,9,99,99,9,9,99,9,99,9,9,6,6,1,-1,-1,-1,-1,-1,-1,2,E01001152,0,1
2025010564990,2025,010564990,2,9,0,99,99,9,9,99,99,9,9,99,9,99,1,9,6,6,3,-1,-1,-1,-1,-1,-1,5,E01003662,0,1
2025010564990,2025,010564990,1,9,0,99,99,9,9,99,99,9,9,99,9,99,1,9,5,6,1,47,8,-1,-1,-1,-1,3,E01000058,0,1
2025010565001,2025,010565001,1,9,0,99,99,9,9,99,99,9,9,99,9,99,1,9,5,6,1,27,6,-1,-1,-1,-1,4,E01000610,0,1
2025010565001,2025,010565001,2,9,0,99,99,9,9,99,99,9,9,99,9,99,1,9,6,6,3,-1,-1,-1,-1,-1,-1,-1,-1,0,-1
2025010565005,2025,010565005,2,9,0,99,99,9,9,99,99,9,9,99,9,99,9,9,6,6,3,-1,-1,-1,-1,-1,-1,-1,-1,0,-1
2025010565005,2025,010565005,1,3,0,99,99,9,9,99,99,9,9,99,9,99,9,1,5,6,1,24,5,-1,-1,-1,-1,5,E01000632,0,1
2025010565010,2025,010565010,2,1,0,18,19,5,1,0,0,8,5,0,0,0,3,1,1,1,1,32,6,-1,-1,-1,-1,4,E01035651,0,1
2025010565010,2025,010565010,1,9,0,9,9,1,7,0,0,8,0,0,0,0,1,1,2,2,1,34,6,-1,-1,-1,-1,2,E01002003,0,1
2025010565011,2025,010565011,1,11,0,18,19,3,7,0,0,1,0,0,0,0,1,1,1,1,1,67,10,-1,-1,-1,-1,5,E01015905,0,4
2025010565011,2025,010565011,4,9,0,3,3,3,7,0,0,2,0,0,0,0,2,1,6,6,2,66,10,-1,-1,-1,-1,9,E01002362,0,1
2025010565011,2025,010565011,2,9,0,4,4,3,7,0,0,1,0,0,0,0,2,1,6,6,1,73,10,-1,-1,-1,-1,4,E01022033,0,4
2025010565011,2025,010565011,5,9,0,4,4,7,3,0,0,2,0,0,0,0,3,1,6,6,2,33,6,-1,-1,-1,-1,7,E01002265,0,1
2025010565011,2025,010565011,3,9,0,3,3,3,7,0,0,1,0,0,1,10,2,1,6,6,2,41,7,-1,-1,-1,-1,9,E01002362,0,1
2025010565012,2025,010565012,2,1,0,17,19,5,1,0,0,1,0,0,0,0,4,1,2,2,2,53,8,-1,-1,-1,-1,5,E01002330,0,1
2025010565012,2025,010565012,1,9,0,5,5,7,3,0,0,1,0,0,0,0,1,1,5,6,2,49,8,-1,-1,-1,-1,3,E01002325,0,1
2025010565017,2025,010565017,1,3,0,99,99,9,9,99,99,9,9,99,9,99,1,1,2,2,2,47,8,-1,-1,-1,-1,5,E01034036,0,2
2025010565017,2025,010565017,2,8,0,99,99,9,9,99,99,9,9,99,9,99,9,9,6,6,3,-1,-1,-1,-1,-1,-1,-1,-1,0,-1
2025010565018,2025,010565018,2,9,0,99,99,9,9,99,99,9,9,99,9,99,1,9,6,6,3,-1,-1,-1,-1,-1,-1,-1,-1,0,-1
2025010565018,2025,010565018,1,3,0,99,99,9,9,99,99,9,9,99,9,99,1,1,2,2,2,43,7,-1,-1,-1,-1,5,E01001260,0,2
2025010565020,2025,010565020,1,9,0,9,9,3,1,0,0,8,1,0,2,7,4,1,5,6,1,47,8,-1,-1,-1,-1,4,E01004217,0,1
2025010565020,2025,010565020,2,9,0,18,19,7,3,0,0,8,1,0,0,0,1,2,6,6,1,20,4,-1,-1,-1,-1,2,E01035682,0,1
2025010565023,2025,010565023,1,9,0,99,99,9,9,99,99,9,9,99,9,99,1,9,1,1,1,33,6,-1,-1,-1,-1,2,E01004424,0,1
2025010565023,2025,010565023,2,9,0,99,99,9,9,99,99,9,9,99,9,99,1,9,6,6,3,-1,-1,-1,-1,-1,-1,2,E01034488,0,1
2025010565030,2025,010565030,1,19,0,99,99,9,9,99,99,0,9,99,9,99,9,9,6,6,1,41,7,-1,-1,-1,-1,7,E01022067,0,4
2025010565037,2025,010565037,1,9,0,99,99,9,9,99,99,0,9,99,9,99,9,9,5,6,2,45,7,-1,-1,-1,-1,5,E01033788,0,1
2025010565037,2025,010565037,2,9,0,99,99,9,9,99,99,0,9,99,9,99,9,9,6,6,3,46,8,-1,-1,-1,-1,8,E01002367,0,1
2025010565040,2025,010565040,1,3,0,99,99,9,9,99,99,9,9,99,9,99,1,1,5,6,1,26,6,-1,-1,-1,-1,2,E01000525,0,3
2025010565040,2025,010565040,2,9,0,99,99,9,9,99,99,9,9,99,9,99,9,9,6,6,3,-1,-1,-1,-1,-1,-1,-1,-1,0,-1
2025010565045,2025,010565045,2,9,0,99,99,9,9,99,99,9,9,99,9,99,9,9,6,6,3,-1,-1,-1,-1,-1,-1,9,E01001063,0,2
2025010565045,2025,010565045,1,5,0,99,99,9,9,99,99,9,9,99,9,99,9,1,5,6,1,57,9,-1,-1,-1,-1,6,E01000803,0,1
2025010565051,2025,010565051,1,1,0,18,19,3,7,0,0,0,0,0,0,0,1,1,1,1,1,18,4,-1,-1,-1,-1,3,E01003544,0,3
2025010565052,2025,010565052,1,9,0,9,9,1,7,0,0,1,0,0,0,0,1,1,3,7,2,32,6,-1,-1,-1,-1,-1,-1,0,-1
2025010565053,2025,010565053,1,9,0,9,9,5,4,0,0,6,0,0,0,0,3,1,2,2,1,33,6,-1,-1,-1,-1,6,E01030332,0,2
2025010565053,2025,010565053,2,5,0,-1,-1,8,4,0,0,1,0,0,0,0,1,1,5,6,1,35,6,-1,-1,-1,-1,6,E01002661,0,1
2025010565055,2025,010565055,1,11,0,18,19,1,5,0,0,0,0,0,0,0,0,1,1,1,1,45,7,-1,-1,-1,-1,-1,-1,0,-1
2025010565056,2025,010565056,1,9,0,5,5,5,1,0,0,2,0,0,0,0,1,1,5,6,1,50,8,-1,-1,-1,-1,10,E01000645,0,1
2025010565059,2025,010565059,1,-1,0,18,19,4,8,0,0,1,0,0,0,0,1,1,6,6,3,-1,-1,-1,-1,-1,-1,-1,-1,1,-1
2025010565060,2025,010565060,1,9,0,99,99,9,9,99,99,9,9,99,9,99,9,9,6,6,3,-1,-1,-1,-1,-1,-1,-1,-1,0,-1
2025010565064,2025,010565064,1,11,0,5,5,3,7,0,0,2,0,0,0,0,1,1,1,1,1,58,9,-1,-1,-1,-1,5,E01002621,0,2
2025010565065,2025,010565065,2,19,9,99,99,9,9,99,99,9,9,99,9,99,9,9,6,6,3,-1,-1,-1,-1,-1,-1,-1,-1,0,-1
2025010565065,2025,010565065,1,1,9,99,99,9,9,99,99,9,9,99,9,99,1,1,5,6,1,51,8,-1,-1,-1,-1,3,E01001834,0,1
2025010565067,2025,010565067,1,9,0,5,5,2,6,0,0,1,0,0,0,0,1,1,2,2,2,73,10,-1,-1,-1,-1,10,E01000186,0,1
2025010565069,2025,010565069,1,1,0,15,15,3,7,0,0,0,0,0,0,0,4,1,1,1,1,31,6,-1,-1,-1,-1,2,E01002096,0,1
2025010565072,2025,010565072,1,9,5,9,9,1,7,0,0,5,0,0,0,0,1,1,5,6,2,41,7,-1,-1,-1,-1,8,E01000200,0,1
2025010565072,2025,010565072,2,3,0,17,19,5,1,0,0,1,2,0,0,0,1,1,5,6,1,32,6,-1,-1,-1,-1,3,E01000094,0,4
2025010565073,2025,010565073,1,9,0,99,99,9,9,99,99,9,9,99,9,99,9,9,6,6,3,54,8,-1,-1,-1,-1,5,E01000290,0,1
2025010565074,2025,010565074,1,9,0,8,8,3,6,0,0,1,0,0,0,0,2,1,6,6,1,24,5,-1,-1,-1,-1,6,E01003033,0,1
2025010565074,2025,010565074,2,1,0,13,13,3,7,0,0,1,0,0,0,0,1,1,6,6,1,27,6,-1,-1,-1,-1,2,E01004541,0,1
2025010565078,2025,010565078,1,5,0,18,19,7,3,0,0,1,0,0,7,11,1,1,6,6,1,31,6,-1,-1,-1,-1,1,E01001845,0,2
2025010565081,2025,010565081,1,9,0,9,9,3,1,0,0,5,0,0,0,0,1,1,6,6,1,41,7,-1,-1,-1,-1,3,E01004563,0,1
2025010565081,2025,010565081,2,1,0,13,13,3,7,0,0,8,0,0,0,0,1,1,6,6,1,44,7,-1,-1,-1,-1,6,E01004608,0,1
2025010565086,2025,010565086,2,5,0,13,13,7,3,0,0,8,2,4,0,0,1,1,5,6,1,29,6,-1,-1,-1,-1,6,E01021068,0,4
2025010565086,2025,010565086,1,9,0,2,2,0,0,0,0,8,0,0,0,0,1,1,6,6,3,-1,-1,-1,-1,-1,-1,-1,-1,0,-1
2025010565091,2025,010565091,1,1,0,9,9,8,6,0,0,6,0,0,0,0,1,1,6,6,2,32,6,-1,-1,-1,-1,5,E01033325,0,1
2025010565093,2025,010565093,1,11,0,4,4,3,7,0,0,0,0,0,0,0,1,1,1,1,1,57,9,-1,-1,-1,-1,2,E01034947,0,5
2025010565095,2025,010565095,2,9,0,18,19,7,3,0,0,8,0,0,0,0,1,1,5,6,1,86,11,-1,-1,-1,-1,6,E01002124,0,1
2025010565095,2025,010565095,1,9,0,18,19,3,7,0,0,8,0,0,0,0,2,1,5,6,2,35,6,-1,-1,-1,-1,6,E01002200,0,1
2025010565096,2025,010565096,1,1,0,9,9,5,3,0,0,5,0,0,0,0,1,1,5,6,1,43,7,-1,-1,-1,-1,3,E01034474,0,1
2025010565097,2025,010565097,2,9,0,14,14,7,3,0,0,0,0,0,0,0,0,1,6,6,1,76,11,-1,-1,-1,-1,5,E01004232,0,1
2025010565097,2025,010565097,1,9,0,2,2,0,0,0,0,0,0,0,0,0,0,1,6,6,3,-1,-1,-1,-1,-1,-1,-1,-1,0,-1
2025010565101,2025,010565101,2,9,0,18,19,1,5,0,0,1,0,0,0,0,1,1,6,6,1,52,8,-1,-1,-1,-1,2,E01004674,0,1
2025010565101,2025,010565101,1,1,0,18,19,1,5,0,0,1,0,0,0,0,1,1,5,6,1,56,9,-1,-1,-1,-1,4,E01000869,0,2
2025010565102,2025,010565102,3,9,0,3,3,3,7,0,0,0,0,0,0,0,3,1,6,6,3,-1,-1,-1,-1,-1,-1,-1,-1,0,-1
2025010565102,2025,010565102,1,3,0,18,19,3,7,0,0,0,0,8,0,0,1,1,6,6,1,21,5,-1,-1,-1,-1,3,E01001529,0,1
2025010565102,2025,010565102,2,9,0,18,19,3,7,0,0,0,0,0,0,0,1,1,5,6,1,34,6,-1,-1,-1,-1,8,E01003778,0,2
2025010565106,2025,010565106,1,3,0,13,13,6,2,0,0,8,0,0,0,0,4,1,5,6,2,48,8,-1,-1,-1,-1,8,E01000217,0,2
2025010565106,2025,010565106,2,8,0,3,3,2,6,0,0,2,0,0,0,0,1,1,1,1,1,33,6,-1,-1,-1,-1,8,E01000562,0,2
2025010565111,2025,010565111,1,9,0,5,5,3,7,0,0,2,0,0,0,0,3,1,6,6,3,-1,-1,-1,-1,-1,-1,-1,-1,0,-1
2025010565117,2025,010565117,1,9,0,4,4,3,7,0,0,1,0,0,0,0,2,1,6,6,1,49,8,-1,-1,-1,-1,-1,-1,0,-1
2025010565117,2025,010565117,2,9,0,4,4,3,7,0,0,1,0,0,0,0,1,1,6,6,1,35,6,-1,-1,-1,-1,-1,-1,0,-1
2025010565119,2025,010565119,1,9,0,18,19,1,5,0,0,2,0,11,3,6,4,1,2,2,2,35,6,-1,-1,-1,-1,6,E01002223,0,1
2025010565133,2025,010565133,1,9,0,9,9,7,5,0,0,6,0,0,0,0,3,1,2,2,1,24,5,-1,-1,-1,-1,2,E01002151,0,1
2025010565133,2025,010565133,2,5,0,18,19,1,5,0,0,1,0,0,0,0,1,1,6,6,1,30,6,-1,-1,-1,-1,3,E01002211,0,1
2025010565134,2025,010565134,1,9,0,9,9,1,7,0,0,6,0,0,0,0,4,1,3,7,2,46,8,-1,-1,-1,-1,5,E01001658,0,1
2025010565134,2025,010565134,2,-1,0,18,19,5,1,0,0,1,2,0,0,0,1,1,5,6,1,43,7,-1,-1,-1,-1,6,E01034181,1,1
2025010565138,2025,010565138,2,9,9,99,99,9,9,99,99,9,9,99,9,99,9,9,6,6,3,-1,-1,-1,-1,-1,-1,-1,-1,0,-1
2025010565138,2025,010565138,1,1,9,99,99,9,9,99,99,9,9,99,9,99,1,1,1,1,1,30,6,-1,-1,-1,-1,4,E01000637,0,1
2025010565140,2025,010565140,1,9,0,1,1,7,3,0,0,1,0,0,0,0,2,1,6,6,1,24,5,-1,-1,-1,-1,9,E01000452,0,1
2025010565142,2025,010565142,2,9,0,99,99,9,9,99,99,9,9,99,9,99,9,9,6,6,3,-1,-1,-1,-1,-1,-1,-1,-1,0,-1
2025010565142,2025,010565142,1,3,0,99,99,9,9,99,99,9,9,99,9,99,9,1,5,6,1,35,6,-1,-1,-1,-1,9,E01000656,0,2
2025010565148,2025,010565148,2,19,0,6,6,1,1,0,0,0,0,0,0,0,3,1,6,6,1,52,8,-1,-1,-1,-1,-1,-1,0,-1
2025010565148,2025,010565148,1,3,0,18,19,1,5,0,0,0,2,0,0,0,4,1,6,6,1,51,8,-1,-1,-1,-1,2,E01004289,0,2
2025010565151,2025,010565151,1,1,9,99,99,9,9,99,99,9,9,99,9,99,9,1,1,1,1,55,8,-1,-1,-1,-1,10,E01035258,0,4
2025010565151,2025,010565151,2,19,0,99,99,9,9,99,99,9,9,99,9,99,1,9,6,6,3,-1,-1,-1,-1,-1,-1,4,E01034156,0,3
2025010565152,2025,010565152,1,9,9,99,99,9,9,99,99,9,9,99,9,99,9,9,6,6,3,-1,-1,-1,-1,-1,-1,-1,-1,0,-1
2025010565160,2025,010565160,1,9,0,99,99,9,9,99,99,9,9,99,9,99,2,9,1,1,1,34,6,-1,-1,-1,-1,3,E01004305,0,3
2025010565160,2025,010565160,2,9,0,99,99,9,9,99,99,9,9,99,9,99,1,9,6,6,3,-1,-1,-1,-1,-1,-1,-1,-1,0,-1
2025010565161,2025,010565161,1,3,0,99,99,9,9,99,99,9,9,99,9,99,1,1,5,6,3,22,5,-1,-1,-1,-1,3,E01003586,0,1
2025010565161,2025,010565161,2,9,0,99,99,9,9,99,99,9,9,99,9,99,2,9,6,6,3,-1,-1,-1,-1,-1,-1,-1,-1,0,-1
2025010565164,2025,010565164,1,3,0,99,99,9,9,99,99,9,9,99,9,99,1,1,5,6,3,21,5,-1,-1,-1,-1,3,E01000553,0,1
2025010565164,2025,010565164,2,9,0,99,99,9,9,99,99,9,9,99,9,99,1,9,6,6,3,-1,-1,-1,-1,-1,-1,-1,-1,0,-1
2025010565166,2025,010565166,2,1,0,5,5,8,4,0,0,1,0,0,1,0,3,1,5,6,1,59,9,-1,-1,-1,-1,9,E01002469,0,1
2025010565166,2025,010565166,1,9,0,18,19,8,4,0,0,1,0,0,0,0,1,1,6,6,3,-1,-1,-1,-1,-1,-1,-1,-1,0,-1
2025010565167,2025,010565167,1,5,0,18,19,5,1,0,0,1,1,0,0,0,1,1,5,6,1,21,5,-1,-1,-1,-1,2,E01034476,0,1
2025010565167,2025,010565167,2,9,0,9,9,5,3,0,0,5,0,0,0,0,3,1,5,6,2,64,9,-1,-1,-1,-1,3,E01002345,0,2
2025010565167,2025,010565167,3,9,0,2,2,0,0,0,0,1,0,0,0,0,1,1,6,6,3,-1,-1,-1,-1,-1,-1,-1,-1,0,-1
2025010565170,2025,010565170,1,11,0,18,19,5,1,0,0,1,0,0,0,0,0,1,1,1,1,22,5,-1,-1,-1,-1,6,E01003359,0,3
2025010565170,2025,010565170,2,9,0,9,9,5,2,0,0,8,0,0,0,0,1,1,6,6,1,44,7,-1,-1,-1,-1,3,E01001969,0,3
2025010565171,2025,010565171,1,9,0,18,19,1,5,0,0,1,0,0,0,0,3,1,5,6,2,26,6,-1,-1,-1,-1,-1,-1,0,-1
2025010565171,2025,010565171,2,1,0,18,19,3,7,0,0,1,0,0,0,0,1,1,5,6,1,47,8,-1,-1,-1,-1,1,E01003347,0,1
2025010565174,2025,010565174,2,9,0,9,9,1,6,0,0,2,0,0,3,0,1,1,6,6,1,46,8,-1,-1,-1,-1,-1,-1,0,-1
2025010565174,2025,010565174,1,9,0,13,13,5,1,0,0,8,0,0,7,1,1,1,6,6,1,24,5,-1,-1,-1,-1,3,E01004413,0,2
2025010565176,2025,010565176,1,9,0,18,19,5,1,0,0,8,0,0,0,0,1,1,6,6,2,25,5,-1,-1,-1,-1,-1,-1,0,-1
2025010565181,2025,010565181,1,9,0,9,9,5,2,0,0,6,0,0,0,0,1,1,5,6,1,44,7,-1,-1,-1,-1,4,E01003389,0,1
2025010565185,2025,010565185,2,9,0,18,19,7,3,0,0,2,0,0,7,0,1,1,1,1,1,31,6,-1,-1,-1,-1,8,E01001307,0,3
2025010565185,2025,010565185,1,9,0,18,19,3,7,0,0,1,0,10,0,0,1,1,5,6,2,29,6,-1,-1,-1,-1,4,E01001478,0,3
2025010565188,2025,010565188,1,9,0,99,99,9,9,99,99,9,9,99,9,99,9,9,5,6,3,28,6,-1,-1,-1,-1,8,E01023383,0,4
2025010565188,2025,010565188,2,1,9,99,99,9,9,99,99,9,9,99,9,99,1,1,6,6,3,-1,-1,-1,-1,-1,-1,-1,-1,0,-1
2025010565189,2025,010565189,1,1,9,99,99,9,9,99,99,9,9,8,9,99,9,1,2,2,2,38,7,-1,-1,-1,-1,7,E01000196,0,1
2025010565189,2025,010565189,2,9,0,99,99,9,9,99,99,9,9,99,9,99,9,9,6,6,3,43,7,-1,-1,-1,-1,1,E01003515,0,3
2025010565191,2025,010565191,1,9,0,1,1,1,5,9,9,6,0,10,0,0,2,1,6,6,1,86,11,-1,-1,-1,-1,5,E01001157,0,1
2025010565194,2025,010565194,2,9,0,-1,-1,7,3,0,0,1,0,0,0,0,1,1,6,6,1,50,8,-1,-1,-1,-1,3,E01004460,0,1
2025010565194,2025,010565194,1,9,0,-1,-1,7,3,0,0,1,0,0,0,0,2,1,6,6,1,42,7,-1,-1,-1,-1,2,E01004398,0,1
2025010565198,2025,010565198,2,11,0,4,4,1,5,0,0,8,0,0,0,0,0,1,1,1,1,49,8,-1,-1,-1,-1,-1,-1,0,-1
2025010565198,2025,010565198,1,3,0,-1,-1,1,5,0,0,8,5,0,0,0,4,1,1,1,1,42,7,-1,-1,-1,-1,-1,-1,0,-1
2025010565199,2025,010565199,1,3,0,99,99,9,9,99,99,9,9,99,9,99,9,1,5,6,3,25,5,-1,-1,-1,-1,3,E01000485,0,1
2025010565199,2025,010565199,2,9,0,99,99,9,9,99,99,9,9,99,9,99,1,9,6,6,3,-1,-1,-1,-1,-1,-1,-1,-1,0,-1
2025010565204,2025,010565204,2,9,0,99,99,9,9,99,99,9,9,99,9,99,2,9,6,6,3,53,8,-1,-1,-1,-1,-1,-1,0,-1
2025010565204,2025,010565204,1,1,9,99,99,9,9,99,99,9,9,99,9,99,9,1,5,6,2,27,6,-1,-1,-1,-1,6,E01003255,0,2
2025010565205,2025,010565205,1,9,0,9,9,3,8,0,0,1,0,0,0,0,1,1,3,7,2,35,6,-1,-1,-1,-1,3,E01004251,0,1
2025010565205,2025,010565205,2,5,0,18,19,7,3,2,2,1,1,0,0,0,3,1,2,2,1,43,7,-1,-1,-1,-1,5,E01024571,0,4
2025010565206,2025,010565206,1,9,0,99,99,9,9,99,99,9,9,99,9,99,1,9,5,6,1,37,7,-1,-1,-1,-1,2,E01004394,0,1
2025010565206,2025,010565206,2,9,0,99,99,9,9,99,99,9,9,99,9,99,9,9,6,6,3,55,8,-1,-1,-1,-1,3,E01004443,0,1
2025010565208,2025,010565208,2,9,0,99,99,9,9,99,99,9,9,99,9,99,1,9,6,6,3,-1,-1,-1,-1,-1,-1,-1,-1,0,-1
2025010565208,2025,010565208,1,3,0,99,99,9,9,99,99,9,9,99,9,99,1,1,1,1,1,37,7,-1,-1,-1,-1,6,E01003787,0,1
2025010565212,2025,010565212,2,9,0,99,99,9,9,99,99,9,9,99,9,99,1,9,6,6,3,-1,-1,-1,-1,-1,-1,-1,-1,0,-1
2025010565212,2025,010565212,1,3,0,99,99,9,9,99,99,9,9,99,9,99,9,1,1,1,1,34,6,-1,-1,-1,-1,8,E01002157,0,3
2025010565220,2025,010565220,1,9,0,10,10,3,1,0,0,6,0,0,0,0,1,1,5,6,1,47,8,-1,-1,-1,-1,4,E01003308,0,2
2025010565220,2025,010565220,2,1,0,15,15,5,1,0,0,1,5,0,0,0,3,1,6,6,1,24,5,-1,-1,-1,-1,-1,-1,0,-1
2025010565223,2025,010565223,2,9,0,99,99,9,9,99,99,9,9,99,9,99,2,9,6,6,3,-1,-1,-1,-1,-1,-1,10,E01003759,0,1
2025010565223,2025,010565223,1,9,0,99,99,9,9,99,99,9,9,99,9,99,2,9,5,6,1,51,8,-1,-1,-1,-1,9,E01003775,0,1
2025010565226,2025,010565226,2,90,0,2,2,0,0,0,0,0,0,0,0,0,0,1,6,6,3,-1,-1,-1,-1,-1,-1,-1,-1,0,-1
2025010565226,2025,010565226,1,3,0,18,19,5,1,0,0,0,0,0,0,0,0,1,1,1,1,36,7,-1,-1,-1,-1,8,E01002930,0,3
2025010565229,2025,010565229,1,10,0,18,19,5,1,0,0,1,0,0,0,0,3,1,3,7,2,58,9,-1,-1,-1,-1,2,E01004300,0,1
2025010565229,2025,010565229,2,11,0,5,5,5,1,2,2,1,0,0,0,0,4,1,1,1,3,24,5,-1,-1,-1,-1,4,E01001768,0,2
2025010565230,2025,010565230,2,9,0,99,99,9,9,99,99,0,9,99,9,99,1,9,6,6,1,65,9,-1,-1,-1,-1,3,E01000016,0,2
2025010565230,2025,010565230,1,9,0,99,99,9,9,99,99,0,9,99,9,99,2,9,6,6,2,44,7,-1,-1,-1,-1,9,E01033614,0,3
2025010565239,2025,010565239,1,8,0,5,5,5,1,0,0,0,0,0,0,0,1,1,1,1,1,60,9,-1,-1,-1,-1,7,E01000650,0,3
2025010565241,2025,010565241,2,9,0,99,99,9,9,99,99,9,9,99,9,99,1,9,6,6,2,18,4,-1,-1,-1,-1,7,E01002944,0,1
2025010565241,2025,010565241,1,1,9,99,99,9,9,99,99,9,9,99,9,99,9,1,2,2,1,22,5,-1,-1,-1,-1,9,E01002947,0,1
2025010565243,2025,010565243,1,9,0,9,9,1,7,0,0,2,0,0,0,0,3,1,5,6,1,41,7,-1,-1,-1,-1,2,E01003514,0,1
2025010565243,2025,010565243,2,-1,0,18,19,1,5,0,0,2,0,0,0,0,1,1,6,6,1,14,3,-1,-1,-1,-1,2,E01003514,1,1
2025010565246,2025,010565246,1,3,0,18,19,1,5,0,0,0,0,0,0,0,1,1,6,6,3,-1,-1,-1,-1,-1,-1,-1,-1,0,-1
2025010565248,2025,010565248,2,3,0,13,13,2,6,0,0,0,0,0,0,0,1,1,5,6,1,33,6,-1,-1,-1,-1,6,E01003398,0,1
2025010565248,2025,010565248,1,9,0,6,6,2,2,0,0,0,0,0,0,0,1,1,2,2,2,49,8,-1,-1,-1,-1,8,E01003428,0,1
2025010565252,2025,010565252,1,9,0,10,10,1,6,0,0,1,0,0,0,0,1,1,2,2,2,41,7,-1,-1,-1,-1,5,E01004346,0,1
2025010565252,2025,010565252,2,4,0,5,5,5,1,2,2,1,0,0,7,0,1,1,6,6,1,21,5,-1,-1,-1,-1,5,E01004412,0,1
2025010565253,2025,010565253,2,1,0,-1,-1,3,7,0,0,1,0,0,0,0,1,1,5,6,1,26,6,-1,-1,-1,-1,-1,-1,0,-1
2025010565253,2025,010565253,1,9,0,-1,-1,1,5,0,0,1,0,0,0,0,1,1,1,1,1,55,8,-1,-1,-1,-1,2,E01033712,0,1