collision_index,collision_year,collision_ref_no,vehicle_reference,vehicle_type,towing_and_articulation,vehicle_manoeuvre_historic,vehicle_manoeuvre,vehicle_direction_from,vehicle_direction_to,vehicle_location_restricted_lane_historic,vehicle_location_restricted_lane,junction_location,skidding_and_overturning,hit_object_in_carriageway,vehicle_leaving_carriageway,hit_object_off_carriageway,first_point_of_impact,vehicle_left_hand_drive,journey_purpose_of_driver_historic,journey_purpose_of_driver,sex_of_driver,age_of_driver,age_band_of_driver,engine_capacity_cc,propulsion_code,age_of_vehicle,generic_make_model,driver_imd_decile,lsoa_of_driver,escooter_flag,driver_distance_banding
2025010565254,2025,010565254,1,9,0,18,19,1,5,0,0,8,0,0,0,0,1,1,3,7,1,43,7,-1,-1,-1,-1,7,E01003283,0,1
2025010565254,2025,010565254,2,9,0,5,5,5,1,0,0,1,0,0,0,0,0,1,6,6,2,25,5,-1,-1,-1,-1,-1,-1,0,-1
2025010565255,2025,010565255,2,8,0,99,99,9,9,99,99,9,9,99,9,99,1,9,6,6,3,-1,-1,-1,-1,-1,-1,-1,-1,0,-1
2025010565255,2025,010565255,1,1,9,99,99,9,9,99,99,9,9,99,9,99,2,1,5,6,2,41,7,-1,-1,-1,-1,6,E01003107,0,1
2025010565257,2025,010565257,1,9,0,7,7,8,3,0,0,8,0,0,0,0,1,1,5,6,2,51,8,-1,-1,-1,-1,6,E01002380,0,1
2025010565259,2025,010565259,1,9,0,18,19,1,5,0,0,1,0,0,0,0,1,1,6,6,1,31,6,-1,-1,-1,-1,5,E01002184,0,2
2025010565260,2025,010565260,2,9,0,9,9,3,8,0,0,1,0,0,0,0,0,1,6,6,1,-1,-1,-1,-1,-1,-1,-1,-1,0,-1
2025010565260,2025,010565260,1,3,0,18,19,1,5,0,0,8,1,0,0,0,0,1,1,1,1,17,4,-1,-1,-1,-1,2,E01002633,0,3
2025010565261,2025,010565261,2,9,0,99,99,9,9,99,99,9,9,99,9,99,1,9,6,6,3,-1,-1,-1,-1,-1,-1,-1,-1,0,-1
2025010565261,2025,010565261,1,9,0,99,99,9,9,99,99,9,9,99,9,99,2,9,5,6,1,43,7,-1,-1,-1,-1,2,E01001318,0,1
2025010565263,2025,010565263,1,9,0,18,19,1,5,0,0,1,0,0,0,0,1,1,2,2,2,35,6,-1,-1,-1,-1,8,E01034364,0,4
2025010565267,2025,010565267,1,9,0,7,7,7,2,0,0,1,0,0,0,0,1,1,6,6,2,73,10,-1,-1,-1,-1,2,E01001588,0,1
2025010565269,2025,010565269,1,9,0,1,1,9,9,99,99,0,9,99,9,99,2,9,6,6,3,-1,-1,-1,-1,-1,-1,-1,-1,0,-1
2025010565270,2025,010565270,2,9,0,7,7,1,3,0,0,5,0,0,0,0,4,1,5,6,2,56,9,-1,-1,-1,-1,10,E01002387,0,1
2025010565270,2025,010565270,1,3,0,18,19,1,5,0,0,1,0,0,0,0,3,1,1,1,1,27,6,-1,-1,-1,-1,2,E01015976,0,1
2025010565282,2025,010565282,2,9,0,99,99,9,9,99,99,9,9,99,9,99,9,9,6,6,1,-1,-1,-1,-1,-1,-1,3,E01033903,0,5
2025010565282,2025,010565282,1,1,9,99,99,9,9,99,99,9,9,99,9,99,9,1,2,2,1,50,8,-1,-1,-1,-1,7,E01003848,0,2
2025010565285,2025,010565285,1,1,9,99,99,9,9,99,99,9,9,99,9,99,1,1,2,2,1,48,8,-1,-1,-1,-1,5,E01034037,0,1
2025010565285,2025,010565285,2,9,0,99,99,9,9,99,99,9,9,99,9,99,2,9,6,6,3,-1,-1,-1,-1,-1,-1,-1,-1,0,-1
2025010565287,2025,010565287,1,1,9,99,99,9,9,99,99,9,9,99,9,99,1,1,1,1,1,47,8,-1,-1,-1,-1,2,E01004702,0,1
2025010565287,2025,010565287,2,9,0,99,99,9,9,99,99,9,9,99,9,99,9,9,6,6,3,36,7,-1,-1,-1,-1,5,E01002667,0,3
2025010565288,2025,010565288,3,1,5,18,19,7,3,0,0,1,1,0,0,0,1,1,6,6,1,18,4,-1,-1,-1,-1,3,E01003567,0,1
2025010565288,2025,010565288,2,11,5,18,19,7,3,0,0,8,0,0,0,0,4,1,5,6,1,51,8,-1,-1,-1,-1,3,E01000009,0,1
2025010565288,2025,010565288,1,9,0,18,19,3,7,0,0,8,0,0,0,0,1,1,2,2,1,31,6,-1,-1,-1,-1,-1,-1,0,-1
2025010565290,2025,010565290,2,9,0,2,2,0,0,6,6,2,0,0,0,0,2,1,6,6,3,-1,-1,-1,-1,-1,-1,-1,-1,0,-1
2025010565290,2025,010565290,1,9,0,17,19,5,1,0,0,6,0,4,0,0,1,1,6,6,1,82,11,-1,-1,-1,-1,6,E01001065,0,1
2025010565291,2025,010565291,3,9,0,3,3,3,7,0,0,1,0,0,1,11,4,1,6,6,1,44,7,-1,-1,-1,-1,8,E01024414,0,4
2025010565291,2025,010565291,2,8,0,3,3,3,7,0,0,1,0,0,0,0,3,1,1,1,1,51,8,-1,-1,-1,-1,2,E01004249,0,1
2025010565291,2025,010565291,4,9,0,-1,-1,3,7,0,0,1,0,0,0,0,1,1,6,6,1,38,7,-1,-1,-1,-1,2,E01035683,0,1
2025010565291,2025,010565291,1,9,0,-1,-1,3,7,0,0,1,0,0,0,0,0,1,5,6,1,-1,-1,-1,-1,-1,-1,5,E01003666,0,3
2025010565296,2025,010565296,1,8,0,18,19,7,3,0,0,1,0,0,0,0,3,1,2,2,1,42,7,-1,-1,-1,-1,7,E01002427,0,3
2025010565296,2025,010565296,2,3,0,18,19,3,7,0,0,1,1,0,0,0,3,1,5,6,1,21,5,-1,-1,-1,-1,8,E01030706,0,1
2025010565297,2025,010565297,1,9,0,99,99,9,9,0,0,2,9,0,0,0,1,9,6,6,3,-1,-1,-1,-1,-1,-1,-1,-1,0,-1
2025010565297,2025,010565297,2,1,0,18,19,5,1,4,4,1,2,0,0,0,4,1,5,6,1,21,5,-1,-1,-1,-1,2,E01002054,0,1
2025010565298,2025,010565298,1,3,0,4,4,4,8,0,0,2,0,0,0,0,2,1,2,2,1,28,6,-1,-1,-1,-1,4,E01000957,0,1
2025010565298,2025,010565298,2,9,0,4,4,4,8,0,0,2,0,0,0,0,1,1,6,6,3,-1,-1,-1,-1,-1,-1,-1,-1,0,-1
2025010565299,2025,010565299,1,9,0,18,19,7,3,0,0,1,0,0,0,0,1,1,6,6,1,38,7,-1,-1,-1,-1,5,E01004363,0,1
2025010565301,2025,010565301,1,9,0,5,5,1,5,0,0,0,0,0,0,0,3,1,5,6,1,25,5,-1,-1,-1,-1,5,E01002342,0,3
2025010565305,2025,010565305,1,9,0,15,15,3,7,0,0,0,0,0,0,0,1,1,1,1,1,32,6,-1,-1,-1,-1,-1,-1,0,-1
2025010565311,2025,010565311,2,9,0,99,99,9,9,99,99,9,9,99,9,99,1,9,6,6,3,-1,-1,-1,-1,-1,-1,-1,-1,0,-1
2025010565311,2025,010565311,1,3,0,99,99,9,9,99,99,9,9,99,9,99,1,1,1,1,1,29,6,-1,-1,-1,-1,5,E01034599,0,1
2025010565313,2025,010565313,2,9,0,99,99,9,9,99,99,9,9,99,9,99,9,9,6,6,3,-1,-1,-1,-1,-1,-1,7,E01005819,0,5
2025010565313,2025,010565313,1,3,0,99,99,9,9,99,99,9,9,99,9,99,1,1,5,6,1,20,4,-1,-1,-1,-1,1,E01003192,0,1
2025010565319,2025,010565319,1,11,0,18,19,1,5,0,0,2,0,0,0,0,1,1,1,1,1,48,8,-1,-1,-1,-1,2,E01003558,0,3
2025010565322,2025,010565322,1,3,0,99,99,9,9,99,99,9,9,99,9,99,1,1,5,6,1,22,5,-1,-1,-1,-1,1,E01000528,0,1
2025010565322,2025,010565322,2,98,9,99,99,9,9,99,99,9,9,99,9,99,2,9,6,6,3,-1,-1,-1,-1,-1,-1,-1,-1,0,-1
2025010565324,2025,010565324,1,1,9,99,99,9,9,99,99,0,9,99,9,99,9,1,2,2,1,20,4,-1,-1,-1,-1,2,E01034042,0,1
2025010565324,2025,010565324,2,9,0,99,99,9,9,99,99,0,9,99,9,99,9,9,6,6,1,49,8,-1,-1,-1,-1,4,E01003999,0,3
2025010565329,2025,010565329,1,8,0,5,5,0,7,0,0,0,0,0,0,0,4,1,1,1,1,40,7,-1,-1,-1,-1,6,E01000892,0,1
2025010565329,2025,010565329,2,1,0,18,19,3,7,0,0,0,0,0,0,0,1,1,2,2,1,34,6,-1,-1,-1,-1,3,E01002045,0,2
2025010565336,2025,010565336,1,1,0,18,19,8,4,9,9,0,9,0,9,99,1,1,6,6,1,10,2,-1,-1,-1,-1,-1,-1,0,-1
2025010565338,2025,010565338,1,9,0,3,3,9,9,99,99,9,9,99,9,99,2,9,5,6,1,85,11,-1,-1,-1,-1,5,E01001173,0,2
2025010565338,2025,010565338,2,9,0,18,19,5,1,0,0,1,0,99,0,0,2,9,6,6,3,-1,-1,-1,-1,-1,-1,-1,-1,0,-1
2025010565346,2025,010565346,2,9,9,99,99,9,9,99,99,9,9,99,9,99,1,9,6,6,3,-1,-1,-1,-1,-1,-1,-1,-1,0,-1
2025010565346,2025,010565346,1,3,9,99,99,9,9,99,99,9,9,99,9,99,2,1,5,6,1,24,5,-1,-1,-1,-1,3,E01001492,0,1
2025010565353,2025,010565353,1,1,0,9,9,6,3,0,0,3,2,0,0,0,0,1,5,6,1,61,9,-1,-1,-1,-1,8,E01001918,0,1
2025010565354,2025,010565354,1,9,0,18,19,7,3,0,0,1,0,0,0,0,1,1,6,6,1,28,6,-1,-1,-1,-1,2,E01001438,0,1
2025010565355,2025,010565355,1,9,0,18,19,3,7,0,0,0,0,0,0,0,1,1,2,2,1,38,7,-1,-1,-1,-1,-1,-1,0,-1
2025010565355,2025,010565355,2,1,0,7,7,1,4,0,0,0,0,0,0,0,4,1,5,6,1,14,3,-1,-1,-1,-1,7,E01003820,0,1
2025010565358,2025,010565358,1,3,0,99,99,9,9,99,99,0,9,99,9,99,1,1,1,1,1,29,6,-1,-1,-1,-1,4,E01002663,0,1
2025010565358,2025,010565358,2,9,0,99,99,9,9,99,99,0,9,99,9,99,9,9,6,6,1,-1,-1,-1,-1,-1,-1,9,E01003908,0,1
2025010565362,2025,010565362,2,1,9,99,99,9,9,99,99,9,9,99,9,99,1,1,6,6,3,-1,-1,-1,-1,-1,-1,-1,-1,0,-1
2025010565362,2025,010565362,1,1,9,99,99,9,9,99,99,9,9,99,9,99,9,1,5,6,1,29,6,-1,-1,-1,-1,7,E01000924,0,1
2025010565363,2025,010565363,1,9,0,18,19,7,3,0,0,1,0,0,0,0,1,1,5,6,1,23,5,-1,-1,-1,-1,9,E01000673,0,1
2025010565364,2025,010565364,2,9,0,2,2,0,0,0,0,1,0,4,0,0,3,1,6,6,3,-1,-1,-1,-1,-1,-1,-1,-1,0,-1
2025010565364,2025,010565364,1,9,0,18,19,5,1,0,0,1,5,4,0,0,4,1,5,6,1,72,10,-1,-1,-1,-1,9,E01000835,0,1
2025010565367,2025,010565367,1,3,0,99,99,9,9,99,99,9,9,99,9,99,1,1,1,1,1,22,5,-1,-1,-1,-1,4,E01003025,0,1
2025010565367,2025,010565367,2,9,0,99,99,9,9,99,99,9,9,99,9,99,1,9,6,6,3,-1,-1,-1,-1,-1,-1,-1,-1,0,-1
2025010565370,2025,010565370,4,9,0,2,2,0,0,0,0,1,0,0,0,0,1,1,6,6,3,-1,-1,-1,-1,-1,-1,-1,-1,0,-1
2025010565370,2025,010565370,1,9,0,18,19,3,7,0,0,1,5,4,0,0,1,1,5,6,2,64,9,-1,-1,-1,-1,4,E01002557,0,1
2025010565370,2025,010565370,2,9,0,2,2,0,0,0,0,1,0,0,0,0,3,1,6,6,3,-1,-1,-1,-1,-1,-1,-1,-1,0,-1
2025010565370,2025,010565370,3,9,0,2,2,0,0,0,0,1,0,0,0,0,3,1,6,6,3,-1,-1,-1,-1,-1,-1,-1,-1,0,-1
2025010565372,2025,010565372,2,9,0,2,2,0,0,0,0,0,0,0,0,0,1,2,6,6,3,-1,-1,-1,-1,-1,-1,-1,-1,0,-1
2025010565372,2025,010565372,1,3,0,16,19,5,1,0,0,0,0,4,0,0,1,1,5,6,1,61,9,-1,-1,-1,-1,-1,-1,0,-1
2025010565379,2025,010565379,2,9,9,99,99,9,9,99,99,9,9,99,9,99,1,9,6,6,3,-1,-1,-1,-1,-1,-1,-1,-1,0,-1
2025010565379,2025,010565379,1,3,9,99,99,9,9,99,99,9,9,99,9,99,9,1,1,1,1,38,7,-1,-1,-1,-1,4,E01003220,0,3
2025010565383,2025,010565383,1,9,0,18,19,1,5,0,0,1,0,0,0,0,1,1,5,6,1,72,10,-1,-1,-1,-1,9,E01002112,0,1
2025010565392,2025,010565392,2,-1,9,99,99,9,9,99,99,9,9,99,9,99,9,1,6,6,1,-1,-1,-1,-1,-1,-1,-1,-1,1,-1
2025010565392,2025,010565392,1,1,9,99,99,9,9,99,99,9,9,99,9,99,1,1,2,2,2,22,5,-1,-1,-1,-1,3,E01002774,0,1
2025010565393,2025,010565393,1,9,0,9,9,5,2,0,0,5,0,0,0,0,2,1,6,6,1,28,6,-1,-1,-1,-1,2,E01004428,0,1
2025010565393,2025,010565393,2,1,0,18,19,1,5,0,0,8,0,0,0,0,2,1,5,6,2,40,7,-1,-1,-1,-1,1,E01001730,0,1
2025010565397,2025,010565397,1,3,0,7,7,3,6,0,0,1,0,0,0,0,1,1,5,6,1,20,4,-1,-1,-1,-1,5,E01001260,0,1
2025010565399,2025,010565399,1,9,0,99,99,9,9,99,99,9,9,99,9,99,9,9,2,2,2,31,6,-1,-1,-1,-1,6,E01023761,0,4
2025010565399,2025,010565399,2,9,0,99,99,9,9,99,99,9,9,99,9,99,9,9,6,6,3,-1,-1,-1,-1,-1,-1,-1,-1,0,-1
2025010565403,2025,010565403,2,9,0,5,5,9,9,99,99,9,9,99,9,99,9,9,6,6,3,-1,-1,-1,-1,-1,-1,-1,-1,0,-1
2025010565403,2025,010565403,1,9,0,14,14,9,9,99,99,9,9,99,9,99,9,9,5,6,2,36,7,-1,-1,-1,-1,5,E01015972,0,4
2025010565407,2025,010565407,2,9,9,99,99,9,9,99,99,9,9,99,9,99,9,9,6,6,3,-1,-1,-1,-1,-1,-1,-1,-1,0,-1
2025010565407,2025,010565407,1,9,0,99,99,9,9,99,99,9,9,99,9,99,2,9,5,6,1,36,7,-1,-1,-1,-1,3,E01001690,0,1
2025010565408,2025,010565408,1,1,9,99,99,9,9,99,99,9,9,99,9,99,1,1,1,1,1,16,4,-1,-1,-1,-1,3,E01001830,0,1
2025010565408,2025,010565408,2,9,0,99,99,9,9,99,99,9,9,99,9,99,9,9,6,6,3,-1,-1,-1,-1,-1,-1,-1,-1,0,-1
2025010565411,2025,010565411,1,9,0,7,7,5,8,0,0,5,0,0,0,0,1,1,5,6,2,42,7,-1,-1,-1,-1,6,E01002698,0,1
2025010565423,2025,010565423,1,9,0,9,9,3,1,0,0,2,0,0,0,0,3,1,6,6,3,-1,-1,-1,-1,-1,-1,-1,-1,0,-1
2025010565426,2025,010565426,2,9,0,17,19,8,4,0,0,8,0,0,0,0,1,1,6,6,1,51,8,-1,-1,-1,-1,3,E01003989,0,2
2025010565426,2025,010565426,1,3,0,18,19,2,6,0,0,8,0,0,0,0,3,1,6,6,1,30,6,-1,-1,-1,-1,-1,-1,0,-1
2025010565427,2025,010565427,2,9,0,2,2,0,0,0,0,1,0,0,0,0,0,1,6,6,3,-1,-1,-1,-1,-1,-1,-1,-1,0,-1
2025010565427,2025,010565427,1,9,0,14,14,1,5,0,0,1,0,4,0,0,4,2,5,6,1,25,5,-1,-1,-1,-1,2,E01004310,0,1
2025010565429,2025,010565429,1,19,0,18,19,1,5,0,0,2,0,0,0,0,1,1,6,6,3,-1,-1,-1,-1,-1,-1,-1,-1,0,-1
2025010565429,2025,010565429,2,1,0,18,19,7,3,0,0,8,0,0,0,0,4,1,1,1,1,23,5,-1,-1,-1,-1,-1,-1,0,-1
2025010565433,2025,010565433,2,19,0,13,13,9,9,99,99,5,9,99,9,99,9,9,6,6,1,38,7,-1,-1,-1,-1,3,E01002608,0,3
2025010565433,2025,010565433,1,1,9,18,19,9,9,99,99,9,9,99,9,99,2,1,1,1,1,26,6,-1,-1,-1,-1,7,E01003427,0,2
2025010565435,2025,010565435,2,9,9,99,99,9,9,99,99,9,9,99,9,99,9,9,6,6,3,-1,-1,-1,-1,-1,-1,-1,-1,0,-1
2025010565435,2025,010565435,1,9,0,99,99,9,9,99,99,9,9,99,9,99,9,9,5,6,2,47,8,-1,-1,-1,-1,7,E01030659,0,3
2025010565438,2025,010565438,1,9,0,-1,-1,1,5,0,0,8,0,10,1,0,1,1,1,1,1,26,6,-1,-1,-1,-1,-1,-1,0,-1
2025010565438,2025,010565438,2,9,0,-1,-1,7,3,0,0,2,0,0,0,0,1,1,6,6,1,21,5,-1,-1,-1,-1,5,E01001659,0,1
2025010565438,2025,010565438,3,9,0,-1,-1,7,3,0,0,2,0,0,0,0,0,1,5,6,1,31,6,-1,-1,-1,-1,7,E01003199,0,1
2025010565442,2025,010565442,2,3,0,6,6,3,3,0,0,2,0,0,0,0,4,1,6,6,1,24,5,-1,-1,-1,-1,4,E01002425,0,1
2025010565442,2025,010565442,1,9,0,4,4,3,7,0,0,2,0,0,0,0,3,1,5,6,1,24,5,-1,-1,-1,-1,5,E01028646,0,4
2025010565443,2025,010565443,2,1,9,99,99,9,9,99,99,9,9,99,9,99,4,1,6,6,3,-1,-1,-1,-1,-1,-1,-1,-1,0,-1
2025010565443,2025,010565443,1,9,0,99,99,9,9,99,99,9,9,99,9,99,9,9,5,6,2,-1,-1,-1,-1,-1,-1,3,E01016045,0,4
2025010565444,2025,010565444,1,9,0,7,7,3,5,0,0,6,0,0,0,0,1,1,6,6,1,24,5,-1,-1,-1,-1,2,E01033805,0,4
2025010565444,2025,010565444,2,1,0,4,4,3,7,0,0,6,0,0,0,0,3,1,1,1,1,24,5,-1,-1,-1,-1,4,E01004525,0,1
2025010565446,2025,010565446,2,-1,0,-1,-1,1,5,0,0,1,0,0,0,0,1,1,5,6,2,49,8,-1,-1,-1,-1,3,E01002064,1,1
2025010565446,2025,010565446,1,9,0,9,9,3,1,0,0,2,0,0,0,0,1,1,6,6,2,64,9,-1,-1,-1,-1,10,E01017402,0,4
2025010565449,2025,010565449,1,9,0,1,1,5,1,0,0,0,0,0,0,0,1,1,6,6,2,43,7,-1,-1,-1,-1,3,E01003106,0,1
2025010565451,2025,010565451,1,22,0,18,19,3,7,9,9,9,0,0,9,99,1,1,6,6,3,-1,-1,-1,-1,-1,-1,-1,-1,0,-1
2025010565452,2025,010565452,2,9,0,5,5,3,7,0,0,2,0,0,7,1,3,1,2,2,1,43,7,-1,-1,-1,-1,6,E01000530,0,2
2025010565452,2025,010565452,1,9,0,18,19,1,5,0,0,2,0,0,0,0,1,1,5,6,1,31,6,-1,-1,-1,-1,6,E01002897,0,1
2025010565470,2025,010565470,2,97,0,99,99,9,9,99,99,9,9,99,9,99,9,1,6,6,3,-1,-1,-1,-1,-1,-1,-1,-1,0,-1
2025010565470,2025,010565470,1,9,0,99,99,9,9,99,99,9,9,99,9,99,9,9,5,6,1,38,7,-1,-1,-1,-1,2,E01003070,0,2
2025010565479,2025,010565479,1,1,9,99,99,9,9,99,99,9,9,99,9,99,9,1,2,2,2,24,5,-1,-1,-1,-1,1,E01004245,0,1
2025010565479,2025,010565479,2,9,0,99,99,9,9,99,99,9,9,99,9,99,1,9,6,6,3,-1,-1,-1,-1,-1,-1,-1,-1,0,-1
2025010565489,2025,010565489,1,9,5,9,9,2,8,9,9,1,0,0,0,0,1,1,5,6,2,76,11,-1,-1,-1,-1,6,E01002674,0,1
2025010565492,2025,010565492,2,9,0,99,99,9,9,99,99,9,9,99,9,99,1,9,6,6,3,-1,-1,-1,-1,-1,-1,-1,-1,0,-1
2025010565492,2025,010565492,1,1,9,99,99,9,9,99,99,9,9,99,9,99,9,1,6,6,3,-1,-1,-1,-1,-1,-1,-1,-1,0,-1
2025010565503,2025,010565503,1,3,0,18,19,7,3,0,0,2,0,0,0,0,1,1,6,6,3,-1,-1,-1,-1,-1,-1,-1,-1,0,-1
2025010565505,2025,010565505,2,1,0,18,19,1,5,0,0,1,0,0,0,0,1,1,5,6,1,37,7,-1,-1,-1,-1,9,E01002108,0,1
2025010565505,2025,010565505,1,9,0,18,19,3,7,0,0,2,0,0,0,0,3,1,5,6,1,63,9,-1,-1,-1,-1,8,E01002174,0,1
2025010565506,2025,010565506,2,9,0,1,1,5,3,0,0,6,0,0,0,0,2,1,6,6,1,75,10,-1,-1,-1,-1,8,E01002193,0,3
2025010565506,2025,010565506,1,9,0,2,2,0,0,0,0,2,0,0,0,0,2,1,6,6,3,-1,-1,-1,-1,-1,-1,-1,-1,0,-1
2025010565510,2025,010565510,1,9,0,18,19,3,7,0,0,1,0,0,0,0,0,1,1,1,1,26,6,-1,-1,-1,-1,6,E01000631,0,1
2025010565510,2025,010565510,2,9,0,4,4,7,3,0,0,6,0,0,0,0,4,1,6,6,1,55,8,-1,-1,-1,-1,1,E01000524,0,1
2025010565517,2025,010565517,1,3,9,99,99,9,9,99,99,9,9,99,9,99,9,1,1,1,1,44,7,-1,-1,-1,-1,5,E01000994,0,4
2025010565517,2025,010565517,2,9,9,99,99,9,9,99,99,9,9,99,9,99,1,9,6,6,3,-1,-1,-1,-1,-1,-1,-1,-1,0,-1
2025010565520,2025,010565520,1,19,0,99,99,9,9,99,99,9,9,99,9,99,9,9,6,6,3,36,7,-1,-1,-1,-1,2,E01003252,0,1
2025010565530,2025,010565530,1,9,0,99,99,9,9,0,0,1,0,0,0,0,9,1,5,6,1,29,6,-1,-1,-1,-1,6,E01002220,0,1
2025010565530,2025,010565530,2,9,0,99,99,9,9,0,0,1,0,0,0,0,1,1,6,6,3,-1,-1,-1,-1,-1,-1,-1,-1,0,-1
2025010565533,2025,010565533,2,9,0,2,2,0,0,0,0,0,0,0,0,0,2,1,6,6,3,-1,-1,-1,-1,-1,-1,-1,-1,0,-1
2025010565533,2025,010565533,3,9,0,2,2,0,0,0,0,0,0,0,0,0,1,1,6,6,3,-1,-1,-1,-1,-1,-1,-1,-1,0,-1
2025010565533,2025,010565533,5,9,0,2,2,0,0,0,0,0,0,0,0,0,4,1,6,6,3,-1,-1,-1,-1,-1,-1,-1,-1,0,-1
2025010565533,2025,010565533,1,9,0,18,19,5,1,9,9,0,0,4,0,0,1,1,6,6,1,53,8,-1,-1,-1,-1,4,E01002444,0,1
2025010565533,2025,010565533,4,9,0,2,2,0,0,0,0,0,0,0,0,0,2,1,6,6,3,-1,-1,-1,-1,-1,-1,-1,-1,0,-1
2025010565534,2025,010565534,1,9,0,9,9,2,1,0,0,5,0,0,0,0,1,1,5,6,1,41,7,-1,-1,-1,-1,3,E01027224,0,4
2025010565534,2025,010565534,2,1,0,18,19,5,1,9,9,6,0,0,0,0,1,1,6,6,1,19,4,-1,-1,-1,-1,5,E01002762,0,1
2025010565535,2025,010565535,1,9,0,99,99,9,9,99,99,9,9,99,9,99,9,9,5,6,1,33,6,-1,-1,-1,-1,3,E01001365,0,1
2025010565551,2025,010565551,1,9,0,6,6,1,1,0,0,1,0,0,0,0,0,1,6,6,3,-1,-1,-1,-1,-1,-1,-1,-1,0,-1
2025010565551,2025,010565551,2,3,0,5,5,1,5,0,0,1,5,0,0,0,1,1,6,6,1,20,4,-1,-1,-1,-1,2,E01001787,0,1
2025010565559,2025,010565559,2,19,0,5,5,1,5,0,0,0,0,7,0,0,1,1,1,1,1,33,6,-1,-1,-1,-1,2,E01004209,0,1
2025010565559,2025,010565559,1,3,0,5,5,1,5,9,9,0,0,0,7,0,4,1,1,1,1,25,5,-1,-1,-1,-1,3,E01003973,0,1
2025010565561,2025,010565561,1,19,0,7,7,4,5,0,0,6,0,0,0,0,1,1,5,6,1,43,7,-1,-1,-1,-1,6,E01004581,0,1
2025010565565,2025,010565565,1,3,0,13,13,5,1,0,0,1,1,0,0,0,1,1,1,1,1,53,8,-1,-1,-1,-1,6,E01000629,0,3
2025010565565,2025,010565565,2,1,0,9,9,5,3,0,0,5,0,0,0,0,3,1,5,6,1,27,6,-1,-1,-1,-1,1,E01001811,0,1
2025010565569,2025,010565569,1,9,0,10,10,5,3,9,9,5,0,0,1,0,1,1,5,6,2,47,8,-1,-1,-1,-1,3,E01002068,0,1
2025010565569,2025,010565569,2,1,0,18,19,1,5,9,9,2,0,0,0,0,1,1,5,6,1,27,6,-1,-1,-1,-1,6,E01024276,0,4
2025010565571,2025,010565571,1,9,0,9,9,1,6,0,0,8,0,0,0,0,1,1,6,6,1,21,5,-1,-1,-1,-1,9,E01022862,0,4
2025010565571,2025,010565571,2,9,0,18,19,5,1,0,0,8,0,0,0,0,1,1,6,6,1,58,9,-1,-1,-1,-1,1,E01001714,0,1
2025010565572,2025,010565572,2,9,0,18,19,1,5,0,0,0,0,0,0,0,1,1,6,6,1,33,6,-1,-1,-1,-1,4,E01016529,0,4
2025010565572,2025,010565572,3,9,0,18,19,1,5,0,0,0,0,0,0,0,2,1,6,6,1,25,5,-1,-1,-1,-1,4,E01030739,0,2
2025010565572,2025,010565572,1,9,0,18,19,1,5,0,0,0,0,0,1,0,1,1,6,6,2,31,6,-1,-1,-1,-1,3,E01002543,0,1
2025010565576,2025,010565576,2,5,0,13,13,3,7,0,0,0,2,10,0,0,4,1,1,1,1,41,7,-1,-1,-1,-1,5,E01002520,0,4
2025010565576,2025,010565576,1,9,0,18,19,1,5,0,0,0,0,0,0,0,2,1,1,1,1,29,6,-1,-1,-1,-1,3,E01033923,0,2
2025010565578,2025,010565578,2,9,0,18,19,5,1,0,0,8,0,0,0,0,3,1,5,6,2,44,7,-1,-1,-1,-1,9,E01017912,0,4
2025010565578,2025,010565578,1,9,0,18,19,3,7,0,0,8,0,0,0,0,1,1,6,6,2,62,9,-1,-1,-1,-1,5,E01002488,0,1
2025010565583,2025,010565583,1,9,0,7,7,7,2,0,0,5,0,0,0,0,3,1,6,6,2,52,8,-1,-1,-1,-1,1,E01001845,0,1
2025010565583,2025,010565583,2,1,0,7,7,7,2,0,0,5,0,0,0,0,3,1,1,1,1,27,6,-1,-1,-1,-1,1,E01009379,0,5
2025010565586,2025,010565586,2,9,0,99,99,9,9,99,99,9,9,99,9,99,1,9,6,6,3,-1,-1,-1,-1,-1,-1,-1,-1,0,-1
2025010565586,2025,010565586,1,1,9,99,99,9,9,99,99,9,9,99,9,99,1,1,5,6,2,36,7,-1,-1,-1,-1,3,E01004063,0,2
2025010565587,2025,010565587,1,9,0,9,9,1,7,0,0,8,0,0,0,0,1,1,1,1,1,48,8,-1,-1,-1,-1,6,W01001674,0,5
2025010565587,2025,010565587,2,3,0,18,19,7,3,0,0,8,0,0,0,0,1,1,1,1,1,27,6,-1,-1,-1,-1,-1,-1,0,-1
2025010565589,2025,010565589,2,9,0,18,19,2,6,0,0,1,0,0,0,0,1,1,6,6,3,-1,-1,-1,-1,-1,-1,-1,-1,0,-1
2025010565589,2025,010565589,1,1,0,3,3,2,6,0,0,1,0,0,0,0,2,1,5,6,1,14,3,-1,-1,-1,-1,3,E01033881,0,2
2025010565595,2025,010565595,1,9,0,18,19,1,5,0,0,2,0,0,7,11,1,2,6,6,1,30,6,-1,-1,-1,-1,1,E01002857,0,1