collision_index,collision_year,collision_ref_no,vehicle_reference,vehicle_type,towing_and_articulation,vehicle_manoeuvre_historic,vehicle_manoeuvre,vehicle_direction_from,vehicle_direction_to,vehicle_location_restricted_lane_historic,vehicle_location_restricted_lane,junction_location,skidding_and_overturning,hit_object_in_carriageway,vehicle_leaving_carriageway,hit_object_off_carriageway,first_point_of_impact,vehicle_left_hand_drive,journey_purpose_of_driver_historic,journey_purpose_of_driver,sex_of_driver,age_of_driver,age_band_of_driver,engine_capacity_cc,propulsion_code,age_of_vehicle,generic_make_model,driver_imd_decile,lsoa_of_driver,escooter_flag,driver_distance_banding
2025010566250,2025,010566250,2,3,0,-1,-1,3,7,0,0,2,0,0,0,0,1,1,2,2,1,36,7,-1,-1,-1,-1,9,E01030646,0,4
2025010566251,2025,010566251,2,9,9,99,99,9,9,99,99,9,9,99,9,99,9,9,6,6,3,-1,-1,-1,-1,-1,-1,-1,-1,0,-1
2025010566251,2025,010566251,1,9,0,99,99,9,9,99,99,9,9,99,9,99,2,9,5,6,2,40,7,-1,-1,-1,-1,5,-1,0,5
2025010566256,2025,010566256,2,19,0,99,99,9,9,99,99,9,9,99,9,99,9,9,6,6,3,38,7,-1,-1,-1,-1,9,E01030388,0,3
2025010566256,2025,010566256,1,4,0,99,99,9,9,99,99,9,9,99,9,99,9,1,2,2,1,58,9,-1,-1,-1,-1,6,E01001952,0,1
2025010566259,2025,010566259,1,1,9,99,99,9,9,99,99,9,9,99,9,99,9,1,1,1,1,19,4,-1,-1,-1,-1,6,E01003936,0,1
2025010566259,2025,010566259,2,9,0,99,99,9,9,99,99,9,9,99,9,99,1,9,6,6,3,32,6,-1,-1,-1,-1,3,E01003992,0,1
2025010566262,2025,010566262,1,19,0,18,19,1,5,0,0,1,0,0,0,0,1,1,2,2,1,44,7,-1,-1,-1,-1,-1,-1,0,-1
2025010566263,2025,010566263,1,9,0,18,19,5,1,0,0,0,0,0,0,0,1,2,1,1,1,17,4,-1,-1,-1,-1,-1,-1,0,-1
2025010566263,2025,010566263,3,9,0,14,14,5,1,0,0,0,0,0,0,0,2,2,1,1,2,30,6,-1,-1,-1,-1,-1,-1,0,-1
2025010566263,2025,010566263,2,9,0,2,2,0,0,0,0,0,0,0,0,0,4,2,6,6,3,-1,-1,-1,-1,-1,-1,-1,-1,0,-1
2025010566268,2025,010566268,2,5,0,18,19,1,5,0,0,0,0,0,7,0,1,1,2,2,1,37,7,-1,-1,-1,-1,3,E01002906,0,1
2025010566268,2025,010566268,3,9,0,2,2,0,0,9,9,0,0,0,0,0,2,1,6,6,3,-1,-1,-1,-1,-1,-1,-1,-1,0,-1
2025010566268,2025,010566268,1,9,0,9,9,8,5,0,0,0,0,10,7,0,3,1,6,6,3,-1,-1,-1,-1,-1,-1,-1,-1,0,-1
2025010566269,2025,010566269,1,9,0,99,99,9,9,99,99,9,9,99,9,99,2,9,5,6,2,46,8,-1,-1,-1,-1,8,E01001122,0,1
2025010566269,2025,010566269,2,97,0,99,99,9,9,99,99,9,9,99,9,99,1,1,6,6,3,-1,-1,-1,-1,-1,-1,5,E01001168,0,1
2025010566273,2025,010566273,1,1,0,4,4,5,1,0,0,8,5,0,0,0,2,1,5,6,1,38,7,-1,-1,-1,-1,4,E01004019,0,1
2025010566273,2025,010566273,2,19,0,9,9,5,3,0,0,1,0,0,0,0,1,1,2,2,1,53,8,-1,-1,-1,-1,7,E01004483,0,2
2025010566278,2025,010566278,1,11,0,5,5,3,7,0,0,8,0,0,0,0,1,1,1,1,1,70,10,-1,-1,-1,-1,9,E01021927,0,4
2025010566285,2025,010566285,2,3,0,4,4,5,1,0,0,1,0,0,0,0,2,1,2,2,1,43,7,-1,-1,-1,-1,6,E01003433,0,1
2025010566285,2025,010566285,1,9,0,4,4,5,1,0,0,1,0,0,0,0,2,1,2,2,2,60,9,-1,-1,-1,-1,3,E01001113,0,1
2025010566286,2025,010566286,1,19,0,7,7,1,3,0,0,5,0,0,0,0,3,1,2,2,1,34,6,-1,-1,-1,-1,4,E01004028,0,1
2025010566286,2025,010566286,2,1,0,18,19,1,5,0,0,6,0,0,0,0,1,1,6,6,1,20,4,-1,-1,-1,-1,2,E01010405,0,5
2025010566288,2025,010566288,2,3,0,99,99,9,9,99,99,0,9,99,9,99,9,1,6,6,3,-1,-1,-1,-1,-1,-1,2,E01003761,0,1
2025010566288,2025,010566288,3,9,0,99,99,9,9,99,99,0,9,99,9,99,9,9,6,6,3,-1,-1,-1,-1,-1,-1,-1,-1,0,-1
2025010566288,2025,010566288,1,3,0,99,99,9,9,99,99,0,9,99,9,99,9,1,2,2,1,40,7,-1,-1,-1,-1,7,E01003762,0,1
2025010566294,2025,010566294,2,3,9,99,99,9,9,99,99,9,9,99,9,99,9,1,6,6,1,-1,-1,-1,-1,-1,-1,-1,-1,0,-1
2025010566294,2025,010566294,1,9,0,99,99,9,9,99,99,9,9,99,9,99,2,1,5,6,2,22,5,-1,-1,-1,-1,2,E01004249,0,1
2025010566295,2025,010566295,1,9,0,7,7,4,7,0,0,5,0,0,0,0,4,1,6,6,1,60,9,-1,-1,-1,-1,3,E01003164,0,2
2025010566296,2025,010566296,2,9,0,99,99,9,9,99,99,9,9,99,9,99,1,9,6,6,3,-1,-1,-1,-1,-1,-1,-1,-1,0,-1
2025010566296,2025,010566296,1,1,9,99,99,9,9,99,99,9,9,99,9,99,1,1,5,6,2,22,5,-1,-1,-1,-1,4,E01003999,0,1
2025010566298,2025,010566298,1,9,0,18,19,1,5,0,0,0,0,0,0,0,1,1,5,6,1,18,4,-1,-1,-1,-1,7,E01002918,0,1
2025010566303,2025,010566303,1,1,9,99,99,9,9,99,99,9,9,99,9,99,9,1,2,2,1,39,7,-1,-1,-1,-1,5,E01003559,0,1
2025010566303,2025,010566303,2,9,0,99,99,9,9,99,99,9,9,99,9,99,9,9,6,6,3,-1,-1,-1,-1,-1,-1,-1,-1,0,-1
2025010566308,2025,010566308,2,9,0,2,2,0,0,0,0,8,0,0,0,0,0,1,6,6,3,-1,-1,-1,-1,-1,-1,-1,-1,0,-1
2025010566308,2025,010566308,1,3,0,-1,-1,7,3,0,0,2,0,11,0,0,1,1,5,6,1,26,6,-1,-1,-1,-1,3,E01003528,0,3
2025010566310,2025,010566310,1,3,0,99,99,9,9,99,99,9,9,99,9,99,2,1,1,1,1,30,6,-1,-1,-1,-1,2,E01001625,0,1
2025010566310,2025,010566310,2,9,0,99,99,9,9,99,99,9,9,99,9,99,1,9,6,6,3,-1,-1,-1,-1,-1,-1,5,E01000398,0,1
2025010566316,2025,010566316,2,9,0,9,9,3,8,0,0,6,0,0,0,0,4,1,6,6,1,26,6,-1,-1,-1,-1,3,E01001825,0,1
2025010566316,2025,010566316,1,8,0,18,19,1,5,0,0,5,0,0,0,0,1,1,1,1,1,54,8,-1,-1,-1,-1,1,E01002082,0,1
2025010566318,2025,010566318,2,9,0,18,19,5,1,0,0,1,0,0,0,0,1,1,1,1,1,36,7,-1,-1,-1,-1,5,E01001677,0,1
2025010566318,2025,010566318,1,19,0,9,9,7,4,0,0,1,0,0,0,0,3,1,6,6,1,31,6,-1,-1,-1,-1,2,E01001574,0,1
2025010566318,2025,010566318,6,9,0,3,3,1,5,0,0,1,0,0,0,0,3,1,1,1,1,42,7,-1,-1,-1,-1,2,E01024295,0,3
2025010566318,2025,010566318,8,9,0,18,19,1,5,0,0,1,0,0,0,0,1,1,1,1,1,53,8,-1,-1,-1,-1,-1,-1,0,-1
2025010566318,2025,010566318,3,9,0,3,3,5,1,0,0,1,0,0,0,0,3,1,2,2,1,37,7,-1,-1,-1,-1,4,E01000416,0,1
2025010566318,2025,010566318,9,9,0,18,19,5,1,0,0,1,0,0,0,0,1,1,1,1,1,46,8,-1,-1,-1,-1,5,E01000330,0,1
2025010566318,2025,010566318,7,9,0,3,3,5,1,0,0,1,0,0,0,0,2,1,1,1,1,51,8,-1,-1,-1,-1,7,E01004307,0,3
2025010566318,2025,010566318,10,9,0,3,3,5,1,0,0,1,0,0,0,0,0,1,5,6,2,27,6,-1,-1,-1,-1,-1,-1,0,-1
2025010566318,2025,010566318,5,9,0,3,3,1,5,0,0,1,0,0,0,0,3,1,2,2,1,21,5,-1,-1,-1,-1,-1,-1,0,-1
2025010566318,2025,010566318,4,9,0,3,3,1,5,0,0,1,0,0,0,0,3,1,2,2,2,28,6,-1,-1,-1,-1,6,E01000407,0,1
2025010566322,2025,010566322,1,9,0,12,12,5,1,0,0,8,0,0,0,0,1,1,6,6,3,-1,-1,-1,-1,-1,-1,-1,-1,0,-1
2025010566322,2025,010566322,2,1,0,18,19,5,1,0,0,1,0,0,0,0,4,1,1,1,1,33,6,-1,-1,-1,-1,2,E01002767,0,2
2025010566324,2025,010566324,1,8,0,18,19,5,1,0,0,6,0,0,0,0,1,1,1,1,1,51,8,-1,-1,-1,-1,5,E01000070,0,3
2025010566324,2025,010566324,2,1,0,9,9,3,1,0,0,6,0,0,0,0,1,1,5,6,1,49,8,-1,-1,-1,-1,-1,-1,0,-1
2025010566326,2025,010566326,1,8,0,-1,-1,5,1,0,0,1,0,0,0,0,4,1,1,1,1,65,9,-1,-1,-1,-1,8,E01021756,0,4
2025010566327,2025,010566327,1,3,0,10,10,7,5,0,0,8,0,0,0,0,1,1,1,1,1,25,5,-1,-1,-1,-1,3,E01003589,0,1
2025010566327,2025,010566327,2,1,0,18,19,3,7,0,0,1,0,0,0,0,2,1,5,6,1,23,5,-1,-1,-1,-1,2,E01003546,0,1
2025010566332,2025,010566332,1,9,0,18,19,1,5,0,0,1,0,0,0,0,1,1,6,6,1,38,7,-1,-1,-1,-1,-1,-1,0,-1
2025010566332,2025,010566332,2,9,0,10,10,1,6,0,0,1,0,0,0,0,1,1,2,2,2,47,8,-1,-1,-1,-1,-1,-1,0,-1
2025010566332,2025,010566332,3,9,0,18,19,1,5,0,0,1,0,0,0,0,0,1,6,6,1,45,7,-1,-1,-1,-1,2,E01034149,0,1
2025010566334,2025,010566334,2,1,0,18,19,5,1,9,9,0,0,0,0,0,2,1,2,2,1,36,7,-1,-1,-1,-1,3,E01035640,0,1
2025010566334,2025,010566334,1,11,0,18,19,5,1,2,2,0,0,0,0,0,2,1,1,1,1,19,4,-1,-1,-1,-1,2,E01001767,0,1
2025010566340,2025,010566340,1,1,9,99,99,9,9,99,99,9,9,99,9,99,1,1,2,2,1,30,6,-1,-1,-1,-1,4,E01002063,0,1
2025010566340,2025,010566340,2,4,0,99,99,9,9,99,99,9,9,99,9,99,1,1,6,6,3,-1,-1,-1,-1,-1,-1,-1,-1,0,-1
2025010566341,2025,010566341,2,1,0,18,19,3,7,0,0,8,0,0,0,0,4,1,6,6,1,58,9,-1,-1,-1,-1,3,E01000522,0,1
2025010566341,2025,010566341,1,9,0,5,5,3,7,0,0,8,0,0,0,0,3,1,5,6,1,27,6,-1,-1,-1,-1,4,E01003389,0,3
2025010566343,2025,010566343,1,8,0,18,19,3,7,0,0,2,0,0,0,0,1,1,1,1,1,65,9,-1,-1,-1,-1,-1,-1,0,-1
2025010566343,2025,010566343,2,19,0,5,5,1,5,0,0,2,0,0,0,0,4,1,1,1,1,40,7,-1,-1,-1,-1,1,E01017240,0,5
2025010566345,2025,010566345,1,9,0,9,9,7,4,0,0,1,0,0,0,0,1,1,1,1,1,65,9,-1,-1,-1,-1,4,E01004427,0,1
2025010566345,2025,010566345,2,5,0,18,19,3,7,0,0,1,0,0,0,0,1,1,2,2,1,42,7,-1,-1,-1,-1,4,E01004408,0,1
2025010566353,2025,010566353,1,9,0,99,99,9,9,99,99,9,9,99,9,99,1,9,6,6,3,47,8,-1,-1,-1,-1,7,E01000298,0,3
2025010566363,2025,010566363,2,97,0,99,99,9,9,99,99,9,9,99,9,99,1,9,6,6,3,-1,-1,-1,-1,-1,-1,-1,-1,0,-1
2025010566363,2025,010566363,1,1,9,99,99,9,9,99,99,9,9,99,9,99,1,1,5,6,1,28,6,-1,-1,-1,-1,5,E01001240,0,1
2025010566366,2025,010566366,2,1,0,18,19,5,1,0,0,0,0,0,0,0,4,1,6,6,2,30,6,-1,-1,-1,-1,3,E01004422,0,1
2025010566366,2025,010566366,1,9,0,18,19,1,5,0,0,0,0,0,0,0,1,1,2,2,1,40,7,-1,-1,-1,-1,3,E01004403,0,1
2025010566373,2025,010566373,1,3,0,99,99,9,9,99,99,9,9,99,9,99,9,1,1,1,1,28,6,-1,-1,-1,-1,8,E01002238,0,1
2025010566373,2025,010566373,2,9,0,99,99,9,9,99,99,9,9,99,9,99,1,9,6,6,3,-1,-1,-1,-1,-1,-1,-1,-1,0,-1
2025010566376,2025,010566376,2,19,0,1,1,9,9,99,99,9,9,99,9,99,2,9,6,6,1,-1,-1,-1,-1,-1,-1,-1,-1,0,-1
2025010566376,2025,010566376,1,3,0,18,19,9,9,99,99,9,9,99,9,99,1,1,5,6,1,21,5,-1,-1,-1,-1,4,E01002594,0,1
2025010566378,2025,010566378,1,9,0,7,7,3,5,0,0,6,0,0,0,0,1,1,6,6,2,48,8,-1,-1,-1,-1,6,E01035491,0,1
2025010566378,2025,010566378,2,9,0,18,19,1,5,0,0,8,0,0,0,0,4,1,6,6,2,59,9,-1,-1,-1,-1,7,E01004483,0,1
2025010566379,2025,010566379,3,9,0,-1,-1,5,1,0,0,1,0,0,0,0,0,1,1,1,1,36,7,-1,-1,-1,-1,2,E01034149,0,1
2025010566379,2025,010566379,1,5,0,-1,-1,5,1,0,0,1,0,10,7,0,3,1,6,6,1,30,6,-1,-1,-1,-1,8,E01004170,0,1
2025010566379,2025,010566379,2,9,0,6,6,5,5,0,0,1,0,0,0,0,3,1,1,1,2,26,6,-1,-1,-1,-1,1,E01004083,0,1
2025010566380,2025,010566380,1,19,0,18,19,5,1,0,0,0,0,0,0,0,1,1,1,1,1,47,8,-1,-1,-1,-1,10,E01016054,0,4
2025010566380,2025,010566380,2,9,0,18,19,5,1,0,0,0,0,0,0,0,4,1,6,6,1,48,8,-1,-1,-1,-1,8,E01024184,0,2
2025010566381,2025,010566381,2,90,0,99,99,9,9,99,99,9,9,99,9,99,9,9,6,6,1,52,8,-1,-1,-1,-1,7,E01000370,0,3
2025010566381,2025,010566381,1,1,9,99,99,9,9,99,99,9,9,99,9,99,9,1,5,6,1,32,6,-1,-1,-1,-1,2,E01003961,0,1
2025010566383,2025,010566383,2,9,0,18,19,3,7,0,0,8,0,0,0,0,1,1,5,6,2,30,6,-1,-1,-1,-1,4,E01002557,0,1
2025010566383,2025,010566383,1,9,0,10,10,7,4,0,0,1,0,0,0,0,1,1,2,2,2,58,9,-1,-1,-1,-1,4,E01002511,0,2
2025010566390,2025,010566390,1,19,0,18,19,1,5,0,0,1,0,4,0,0,1,1,1,1,1,49,8,-1,-1,-1,-1,4,E01003534,0,3
2025010566390,2025,010566390,2,11,0,3,3,1,5,0,0,1,0,0,0,0,2,1,1,1,2,38,7,-1,-1,-1,-1,3,E01003922,0,1
2025010566395,2025,010566395,2,9,0,99,99,9,9,99,99,9,9,99,9,99,9,9,6,6,1,28,6,-1,-1,-1,-1,9,E01022587,0,4
2025010566395,2025,010566395,1,1,9,99,99,9,9,99,99,9,9,99,9,99,9,1,5,6,1,41,7,-1,-1,-1,-1,7,E01003476,0,1
2025010566396,2025,010566396,1,9,0,9,9,7,5,0,0,1,0,7,0,0,2,1,5,6,1,61,9,-1,-1,-1,-1,2,E01032575,0,1
2025010566396,2025,010566396,2,9,0,13,13,7,3,0,0,1,0,0,0,0,1,1,1,1,2,42,7,-1,-1,-1,-1,4,E01002030,0,1
2025010566400,2025,010566400,1,9,0,8,8,6,1,0,0,6,0,0,0,0,1,1,5,6,1,49,8,-1,-1,-1,-1,5,E01001315,0,1
2025010566400,2025,010566400,2,1,0,9,9,1,6,0,0,1,2,0,1,0,1,1,5,6,1,24,5,-1,-1,-1,-1,8,E01001314,0,1
2025010566404,2025,010566404,1,20,4,7,7,5,7,0,0,1,0,0,0,0,4,1,1,1,1,51,8,-1,-1,-1,-1,5,E01000454,0,1
2025010566406,2025,010566406,1,9,0,18,19,5,1,0,0,8,0,0,0,0,4,1,6,6,3,-1,-1,-1,-1,-1,-1,-1,-1,0,-1
2025010566407,2025,010566407,2,1,0,7,7,5,8,0,0,5,0,0,0,0,3,1,6,6,1,42,7,-1,-1,-1,-1,3,E01003829,0,1
2025010566407,2025,010566407,1,90,0,7,7,5,8,0,0,8,0,0,0,0,4,1,1,1,1,33,6,-1,-1,-1,-1,7,E01002538,0,3
2025010566409,2025,010566409,1,-1,0,18,19,5,1,0,0,1,0,0,0,0,0,1,5,6,1,43,7,-1,-1,-1,-1,4,E01003133,1,1
2025010566411,2025,010566411,1,9,0,99,99,9,9,99,99,9,9,99,9,99,1,9,6,6,3,-1,-1,-1,-1,-1,-1,5,E01003784,0,1
2025010566413,2025,010566413,2,3,0,18,19,1,5,0,0,6,0,0,0,0,4,1,6,6,1,34,6,-1,-1,-1,-1,-1,-1,0,-1
2025010566413,2025,010566413,1,9,0,6,6,5,5,0,0,6,0,0,0,0,4,1,6,6,1,34,6,-1,-1,-1,-1,-1,-1,0,-1
2025010566419,2025,010566419,1,1,9,99,99,9,9,99,99,9,9,99,9,99,9,1,5,6,2,36,7,-1,-1,-1,-1,2,E01004615,0,1
2025010566419,2025,010566419,2,9,0,99,99,9,9,99,99,9,9,99,9,99,4,9,6,6,1,56,9,-1,-1,-1,-1,5,E01003077,0,2
2025010566421,2025,010566421,1,3,9,99,99,9,9,99,99,9,9,99,9,99,1,1,1,1,1,32,6,-1,-1,-1,-1,3,E01001004,0,1
2025010566421,2025,010566421,2,9,9,99,99,9,9,99,99,9,9,99,9,99,1,9,6,6,3,-1,-1,-1,-1,-1,-1,-1,-1,0,-1
2025010566423,2025,010566423,2,5,0,-1,-1,7,3,0,0,1,0,0,0,0,0,1,6,6,1,64,9,-1,-1,-1,-1,1,E01015887,0,4
2025010566423,2025,010566423,1,9,0,12,12,7,3,0,0,1,0,0,0,0,0,1,3,7,2,29,6,-1,-1,-1,-1,2,E01003556,0,3
2025010566425,2025,010566425,1,1,9,99,99,9,9,99,99,9,9,99,9,99,9,1,5,6,1,24,5,-1,-1,-1,-1,3,E01000495,0,1
2025010566425,2025,010566425,2,4,0,99,99,9,9,99,99,9,9,99,9,99,0,1,6,6,3,-1,-1,-1,-1,-1,-1,3,E01016511,0,4
2025010566428,2025,010566428,1,9,0,99,99,9,9,99,99,9,9,99,9,99,2,9,5,6,2,24,5,-1,-1,-1,-1,2,E01003761,0,1
2025010566429,2025,010566429,1,1,9,99,99,9,9,99,99,9,9,99,9,99,9,1,5,6,1,30,6,-1,-1,-1,-1,7,E01002499,0,3
2025010566429,2025,010566429,2,9,0,99,99,9,9,99,99,9,9,99,9,99,9,9,6,6,3,-1,-1,-1,-1,-1,-1,-1,-1,0,-1
2025010566435,2025,010566435,2,9,0,99,99,9,9,99,99,9,9,99,9,99,1,9,6,6,3,-1,-1,-1,-1,-1,-1,-1,-1,0,-1
2025010566435,2025,010566435,1,1,9,99,99,9,9,99,99,9,9,99,9,99,9,1,5,6,1,34,6,-1,-1,-1,-1,2,E01003984,0,1
2025010566440,2025,010566440,4,9,0,18,19,1,5,0,0,1,0,0,0,0,3,1,6,6,1,59,9,-1,-1,-1,-1,-1,-1,0,-1
2025010566440,2025,010566440,6,9,0,18,19,5,1,0,0,1,0,10,0,0,0,1,6,6,1,49,8,-1,-1,-1,-1,1,E01023536,0,2
2025010566440,2025,010566440,5,19,0,17,19,5,1,0,0,1,0,0,0,0,3,1,1,1,1,35,6,-1,-1,-1,-1,8,E01015695,0,4
2025010566440,2025,010566440,3,8,0,16,19,5,1,0,0,1,0,0,0,0,3,1,6,6,1,37,7,-1,-1,-1,-1,4,E01000633,0,2
2025010566440,2025,010566440,1,11,0,18,19,1,5,0,0,1,0,0,0,0,1,1,1,1,1,51,8,-1,-1,-1,-1,4,E01023864,0,2
2025010566440,2025,010566440,2,9,0,18,19,5,1,0,0,1,0,0,0,0,3,1,6,6,2,60,9,-1,-1,-1,-1,4,E01023899,0,2
2025010566441,2025,010566441,1,19,0,18,19,7,3,0,0,0,0,0,0,0,1,1,1,1,1,46,8,-1,-1,-1,-1,8,E01021690,0,4
2025010566441,2025,010566441,2,11,0,3,3,7,3,0,0,0,0,0,0,0,2,1,1,1,1,62,9,-1,-1,-1,-1,2,E01004335,0,1
2025010566443,2025,010566443,2,9,0,99,99,9,9,99,99,9,9,99,9,99,9,9,6,6,3,-1,-1,-1,-1,-1,-1,-1,-1,0,-1
2025010566443,2025,010566443,1,3,0,99,99,9,9,99,99,9,9,99,9,99,1,1,5,6,1,33,6,-1,-1,-1,-1,5,E01016599,0,4
2025010566450,2025,010566450,1,9,0,18,19,6,2,0,0,1,0,0,0,0,3,1,6,6,3,78,11,-1,-1,-1,-1,8,E01002891,0,1
2025010566451,2025,010566451,1,9,0,7,7,8,1,0,0,5,0,0,1,0,1,1,2,2,2,56,9,-1,-1,-1,-1,4,E01003343,0,1
2025010566451,2025,010566451,2,1,0,7,7,8,1,0,0,5,0,0,1,0,2,1,2,2,2,51,8,-1,-1,-1,-1,3,E01003976,0,1
2025010566455,2025,010566455,1,9,0,18,19,5,1,0,0,1,0,0,0,0,1,1,1,1,1,34,6,-1,-1,-1,-1,6,E01035579,0,2
2025010566455,2025,010566455,2,9,0,9,9,7,5,0,0,1,0,0,3,0,1,1,6,6,1,38,7,-1,-1,-1,-1,8,E01002474,0,1
2025010566457,2025,010566457,2,9,0,99,99,9,9,99,99,9,9,99,9,99,9,9,6,6,2,65,9,-1,-1,-1,-1,6,E01003946,0,1
2025010566457,2025,010566457,1,1,9,99,99,9,9,99,99,9,9,99,9,99,9,1,5,6,1,16,4,-1,-1,-1,-1,6,E01003945,0,1
2025010566467,2025,010566467,1,11,0,18,19,7,3,0,0,2,0,0,0,0,0,1,1,1,1,30,6,-1,-1,-1,-1,3,E01004422,0,2
2025010566472,2025,010566472,1,9,0,2,2,0,0,9,9,1,0,11,7,10,2,1,6,6,3,-1,-1,-1,-1,-1,-1,-1,-1,0,-1
2025010566472,2025,010566472,2,9,0,18,19,3,7,0,0,5,0,0,0,0,1,1,5,6,1,83,11,-1,-1,-1,-1,-1,-1,0,-1
2025010566475,2025,010566475,1,9,0,9,9,5,3,0,0,5,0,0,0,0,1,1,5,6,1,28,6,-1,-1,-1,-1,2,E01000990,0,2
2025010566475,2025,010566475,2,1,0,18,19,1,5,0,0,8,0,0,0,0,1,1,5,6,1,55,8,-1,-1,-1,-1,7,E01003369,0,1
2025010566476,2025,010566476,1,9,0,7,7,4,7,0,0,5,0,0,7,0,3,1,5,6,1,57,9,-1,-1,-1,-1,8,E01003844,0,3
2025010566476,2025,010566476,2,1,0,18,19,1,5,0,0,8,0,0,1,0,1,1,2,2,1,25,5,-1,-1,-1,-1,3,E01003915,0,2
2025010566480,2025,010566480,2,11,0,9,9,8,6,0,0,8,0,0,0,0,3,2,1,1,1,33,6,-1,-1,-1,-1,6,E01001201,0,2
2025010566480,2025,010566480,1,1,0,9,9,8,6,0,0,8,0,0,0,0,3,1,1,1,1,22,5,-1,-1,-1,-1,5,E01035486,0,1
2025010566482,2025,010566482,1,11,0,18,19,2,6,0,0,1,0,0,0,0,1,1,1,1,1,21,5,-1,-1,-1,-1,6,E01023320,0,4
2025010566483,2025,010566483,1,9,0,5,5,1,5,0,0,8,0,0,1,0,1,1,6,6,1,80,11,-1,-1,-1,-1,6,E01001527,0,1
2025010566483,2025,010566483,2,4,0,3,3,1,5,0,0,8,0,0,0,0,1,1,6,6,1,45,7,-1,-1,-1,-1,-1,-1,0,-1
2025010566484,2025,010566484,1,9,0,18,19,3,7,0,0,0,0,0,0,0,4,1,6,6,2,28,6,-1,-1,-1,-1,6,E01017852,0,4
2025010566485,2025,010566485,2,19,0,99,99,9,9,99,99,0,9,99,9,99,9,9,6,6,3,-1,-1,-1,-1,-1,-1,-1,-1,0,-1
2025010566485,2025,010566485,1,1,9,99,99,9,9,99,99,0,9,99,9,99,1,1,2,2,2,34,6,-1,-1,-1,-1,9,E01003381,0,1
2025010566486,2025,010566486,2,3,0,18,19,6,2,0,0,0,5,0,1,0,3,1,5,6,1,18,4,-1,-1,-1,-1,2,E01003335,0,2
2025010566486,2025,010566486,1,9,0,10,10,2,7,0,0,0,0,0,0,0,1,1,5,6,1,64,9,-1,-1,-1,-1,-1,-1,0,-1
2025010566487,2025,010566487,1,9,0,99,99,9,9,99,99,9,9,99,9,99,1,9,5,6,1,34,6,-1,-1,-1,-1,3,E01004020,0,1
2025010566487,2025,010566487,2,97,0,99,99,9,9,99,99,9,9,99,9,99,9,1,6,6,3,-1,-1,-1,-1,-1,-1,-1,-1,0,-1
2025010566492,2025,010566492,1,9,0,1,1,3,7,0,0,0,0,0,0,0,2,1,6,6,2,35,6,-1,-1,-1,-1,4,E01003568,0,1
2025010566492,2025,010566492,2,3,0,3,3,3,7,0,0,0,0,0,0,0,1,1,6,6,1,24,5,-1,-1,-1,-1,2,E01003512,0,1
2025010566495,2025,010566495,1,9,0,18,19,1,5,0,0,1,0,0,1,2,1,1,5,6,2,41,7,-1,-1,-1,-1,-1,-1,0,-1
2025010566497,2025,010566497,1,1,0,7,7,2,5,0,0,3,0,0,0,0,2,1,1,1,1,29,6,-1,-1,-1,-1,7,E01002172,0,1
2025010566497,2025,010566497,2,9,0,18,19,1,5,0,0,8,0,0,0,0,1,1,6,6,3,-1,-1,-1,-1,-1,-1,-1,-1,0,-1
2025010566498,2025,010566498,2,9,0,9,9,7,5,0,0,5,0,0,0,0,1,1,5,6,2,52,8,-1,-1,-1,-1,-1,-1,0,-1
2025010566498,2025,010566498,1,3,0,18,19,3,7,0,0,5,0,0,0,0,1,1,5,6,1,22,5,-1,-1,-1,-1,2,E01002076,0,2
2025010566502,2025,010566502,1,9,0,99,99,9,9,99,99,9,9,99,9,99,9,9,2,2,2,40,7,-1,-1,-1,-1,2,E01034475,0,1
2025010566509,2025,010566509,2,3,0,11,11,3,7,0,0,1,0,0,0,0,2,1,1,1,1,27,6,-1,-1,-1,-1,5,E01002660,0,2
2025010566509,2025,010566509,1,19,0,18,19,3,7,0,0,1,0,7,0,0,1,1,1,1,2,28,6,-1,-1,-1,-1,9,E01003897,0,1
2025010566512,2025,010566512,1,8,0,18,19,1,5,0,0,0,0,0,1,0,2,1,1,1,1,54,8,-1,-1,-1,-1,-1,-1,0,-1
2025010566512,2025,010566512,2,21,0,18,19,1,5,0,0,0,1,0,0,0,1,1,1,1,1,63,9,-1,-1,-1,-1,-1,-1,0,-1
2025010566513,2025,010566513,1,9,0,9,9,1,6,0,0,2,0,0,0,0,1,1,5,6,1,21,5,-1,-1,-1,-1,2,E01003047,0,1
2025010566513,2025,010566513,2,3,0,18,19,5,1,0,0,8,0,0,0,0,1,1,1,1,1,33,6,-1,-1,-1,-1,5,E01000994,0,2
2025010566514,2025,010566514,2,9,0,18,19,3,7,0,0,0,0,0,0,0,1,1,2,2,1,28,6,-1,-1,-1,-1,4,E01000114,0,1
2025010566514,2025,010566514,1,8,0,18,19,3,7,0,0,0,0,0,0,0,3,1,1,1,1,40,7,-1,-1,-1,-1,6,E01015950,0,3