collision_index,collision_year,collision_ref_no,vehicle_reference,vehicle_type,towing_and_articulation,vehicle_manoeuvre_historic,vehicle_manoeuvre,vehicle_direction_from,vehicle_direction_to,vehicle_location_restricted_lane_historic,vehicle_location_restricted_lane,junction_location,skidding_and_overturning,hit_object_in_carriageway,vehicle_leaving_carriageway,hit_object_off_carriageway,first_point_of_impact,vehicle_left_hand_drive,journey_purpose_of_driver_historic,journey_purpose_of_driver,sex_of_driver,age_of_driver,age_band_of_driver,engine_capacity_cc,propulsion_code,age_of_vehicle,generic_make_model,driver_imd_decile,lsoa_of_driver,escooter_flag,driver_distance_banding
2025010566517,2025,010566517,1,9,0,18,19,3,7,0,0,1,0,0,0,0,1,1,5,6,1,23,5,-1,-1,-1,-1,3,E01003997,0,1
2025010566519,2025,010566519,1,11,0,4,4,7,3,2,2,0,0,0,0,0,0,1,1,1,1,29,6,-1,-1,-1,-1,-1,-1,0,-1
2025010566526,2025,010566526,1,1,9,99,99,9,9,99,99,9,9,99,9,99,1,1,6,6,3,-1,-1,-1,-1,-1,-1,-1,-1,0,-1
2025010566529,2025,010566529,2,1,9,99,99,9,9,99,99,9,9,99,9,99,9,1,6,6,1,58,9,-1,-1,-1,-1,5,E01002677,0,1
2025010566529,2025,010566529,1,9,9,99,99,9,9,99,99,9,9,99,9,99,9,9,6,6,2,46,8,-1,-1,-1,-1,10,E01003813,0,2
2025010566537,2025,010566537,2,9,0,99,99,9,9,0,0,9,0,0,0,0,2,1,6,6,3,-1,-1,-1,-1,-1,-1,6,E01000238,0,1
2025010566537,2025,010566537,1,9,0,99,99,9,9,0,0,9,0,0,0,0,2,1,5,6,2,59,9,-1,-1,-1,-1,2,E01004382,0,3
2025010566543,2025,010566543,1,5,0,17,19,3,7,0,0,1,1,0,1,2,1,1,6,6,1,-1,-1,-1,-1,-1,-1,10,E01002459,0,1
2025010566544,2025,010566544,2,3,0,18,19,8,4,0,0,2,5,11,7,11,4,1,1,1,1,25,5,-1,-1,-1,-1,-1,-1,0,-1
2025010566544,2025,010566544,1,9,0,6,6,8,8,0,0,2,0,11,7,11,3,1,3,7,2,47,8,-1,-1,-1,-1,10,E01023841,0,2
2025010566546,2025,010566546,2,9,9,99,99,9,9,99,99,9,9,99,9,99,9,9,6,6,3,-1,-1,-1,-1,-1,-1,-1,-1,0,-1
2025010566546,2025,010566546,1,9,0,99,99,9,9,99,99,9,9,99,9,99,2,9,5,6,2,61,9,-1,-1,-1,-1,2,E01003350,0,1
2025010566548,2025,010566548,2,9,0,99,99,9,9,99,99,9,9,99,9,99,1,9,6,6,2,-1,-1,-1,-1,-1,-1,-1,-1,0,-1
2025010566548,2025,010566548,1,3,0,99,99,9,9,99,99,9,9,99,9,99,1,1,1,1,1,29,6,-1,-1,-1,-1,5,E01002660,0,1
2025010566555,2025,010566555,2,9,0,99,99,9,9,99,99,9,9,99,9,99,1,9,6,6,3,63,9,-1,-1,-1,-1,3,E01004719,0,1
2025010566555,2025,010566555,1,1,9,99,99,9,9,99,99,9,9,99,9,99,9,1,2,2,1,34,6,-1,-1,-1,-1,5,E01000504,0,1
2025010566556,2025,010566556,1,9,0,99,99,9,9,99,99,9,9,99,9,99,9,9,2,2,2,38,7,-1,-1,-1,-1,8,E01002465,0,1
2025010566556,2025,010566556,2,9,0,99,99,9,9,99,99,9,9,99,9,99,9,9,6,6,1,52,8,-1,-1,-1,-1,10,E01002480,0,2
2025010566558,2025,010566558,2,9,0,9,9,6,4,0,0,2,0,0,0,0,3,1,6,6,1,45,7,-1,-1,-1,-1,5,E01001681,0,1
2025010566558,2025,010566558,1,11,0,18,19,1,5,0,0,1,0,0,0,0,1,1,5,6,1,54,8,-1,-1,-1,-1,1,E01001575,0,1
2025010566562,2025,010566562,2,3,0,18,19,2,6,0,0,1,0,0,0,0,1,1,6,6,1,26,6,-1,-1,-1,-1,7,E01003414,0,2
2025010566562,2025,010566562,1,9,0,10,10,1,6,0,0,1,0,0,0,0,2,1,5,6,2,38,7,-1,-1,-1,-1,5,E01001138,0,1
2025010566563,2025,010566563,2,5,0,18,19,3,7,0,0,0,0,0,0,0,4,1,5,6,2,36,7,-1,-1,-1,-1,6,E01021344,0,4
2025010566563,2025,010566563,1,19,0,18,19,3,7,0,0,0,0,0,0,0,2,1,1,1,1,28,6,-1,-1,-1,-1,4,E01017567,0,4
2025010566566,2025,010566566,2,3,0,18,19,3,7,2,2,1,0,0,0,0,1,1,6,6,1,18,4,-1,-1,-1,-1,2,E01033737,0,2
2025010566566,2025,010566566,1,9,0,7,7,3,5,0,0,5,0,0,0,0,3,1,1,1,1,30,6,-1,-1,-1,-1,2,E01004407,0,3
2025010566568,2025,010566568,1,9,0,5,5,6,2,0,0,4,0,0,0,0,1,1,6,6,1,41,7,-1,-1,-1,-1,3,E01002519,0,1
2025010566569,2025,010566569,3,9,0,99,99,9,9,99,99,9,9,99,9,99,2,9,6,6,3,-1,-1,-1,-1,-1,-1,-1,-1,0,-1
2025010566569,2025,010566569,2,19,0,99,99,9,9,99,99,9,9,99,9,99,1,9,6,6,3,-1,-1,-1,-1,-1,-1,-1,-1,0,-1
2025010566569,2025,010566569,1,8,0,99,99,9,9,99,99,9,9,99,9,99,2,9,1,1,1,61,9,-1,-1,-1,-1,4,E01002738,0,3
2025010566571,2025,010566571,1,9,0,18,19,1,5,0,0,0,0,0,0,0,1,1,5,6,1,58,9,-1,-1,-1,-1,2,E01002076,0,1
2025010566572,2025,010566572,2,9,0,3,3,5,1,0,0,0,0,0,0,0,2,1,6,6,2,44,7,-1,-1,-1,-1,6,E01002897,0,1
2025010566572,2025,010566572,3,9,0,3,3,5,1,0,0,0,0,0,0,0,2,1,5,6,2,67,10,-1,-1,-1,-1,-1,-1,0,-1
2025010566572,2025,010566572,1,9,0,4,4,5,1,0,0,0,0,0,0,0,1,1,6,6,1,41,7,-1,-1,-1,-1,4,E01000333,0,4
2025010566572,2025,010566572,4,9,0,3,3,5,1,0,0,0,0,0,0,0,2,1,6,6,1,35,6,-1,-1,-1,-1,-1,-1,0,-1
2025010566573,2025,010566573,1,9,0,18,19,7,3,0,0,0,0,0,0,0,2,1,6,6,3,-1,-1,-1,-1,-1,-1,-1,-1,0,-1
2025010566575,2025,010566575,1,9,0,9,9,3,1,0,0,1,0,0,0,0,1,1,5,6,1,54,8,-1,-1,-1,-1,9,E01000355,0,1
2025010566575,2025,010566575,2,22,0,18,19,1,5,0,0,8,0,0,0,0,4,1,5,6,1,91,11,-1,-1,-1,-1,7,E01000334,0,1
2025010566577,2025,010566577,2,3,0,18,19,7,3,0,0,8,0,1,0,0,1,1,5,6,1,24,5,-1,-1,-1,-1,3,E01004023,0,1
2025010566577,2025,010566577,1,19,0,9,9,7,5,0,0,8,0,1,0,0,1,1,5,6,1,29,6,-1,-1,-1,-1,2,E01003966,0,1
2025010566580,2025,010566580,2,1,9,99,99,9,9,99,99,9,9,99,9,99,1,1,6,6,3,-1,-1,-1,-1,-1,-1,-1,-1,0,-1
2025010566580,2025,010566580,1,9,0,99,99,9,9,99,99,9,9,99,9,99,2,9,2,2,2,30,6,-1,-1,-1,-1,9,E01000708,0,1
2025010566585,2025,010566585,1,1,0,18,19,5,1,2,2,0,0,0,0,0,0,1,6,6,3,-1,-1,-1,-1,-1,-1,-1,-1,0,-1
2025010566587,2025,010566587,1,9,0,18,19,1,5,0,0,0,0,0,0,0,1,1,6,6,1,26,6,-1,-1,-1,-1,3,E01001602,0,1
2025010566588,2025,010566588,2,9,0,15,15,7,3,0,0,0,0,0,0,0,4,1,5,6,1,29,6,-1,-1,-1,-1,2,E01000072,0,1
2025010566588,2025,010566588,1,11,0,5,5,7,3,0,0,0,0,0,0,0,1,1,1,1,1,45,7,-1,-1,-1,-1,4,E01003492,0,2
2025010566589,2025,010566589,1,9,0,5,5,5,1,0,0,8,0,0,0,0,1,1,5,6,2,44,7,-1,-1,-1,-1,3,E01002400,0,1
2025010566589,2025,010566589,2,9,0,18,19,3,7,0,0,8,5,0,0,0,4,1,5,6,1,51,8,-1,-1,-1,-1,4,E01002444,0,1
2025010566593,2025,010566593,2,9,0,18,19,9,9,99,99,9,9,99,9,99,1,9,6,6,3,-1,-1,-1,-1,-1,-1,-1,-1,0,-1
2025010566593,2025,010566593,1,3,0,3,3,9,9,99,99,9,9,99,9,99,2,1,1,1,1,39,7,-1,-1,-1,-1,4,E01003568,0,2
2025010566594,2025,010566594,2,1,0,-1,-1,3,7,2,2,1,0,0,0,0,0,1,5,6,1,17,4,-1,-1,-1,-1,4,E01003322,0,1
2025010566594,2025,010566594,1,9,0,9,9,7,5,0,0,8,0,0,0,0,0,1,6,6,1,34,6,-1,-1,-1,-1,4,E01004031,0,1
2025010566595,2025,010566595,1,8,0,99,99,9,9,99,99,0,9,99,9,99,3,9,6,6,3,-1,-1,-1,-1,-1,-1,-1,-1,0,-1
2025010566597,2025,010566597,1,3,0,18,19,5,1,0,0,1,5,0,0,0,0,1,2,2,1,47,8,-1,-1,-1,-1,4,E01003042,0,1
2025010566597,2025,010566597,2,9,0,9,9,5,2,0,0,1,0,0,0,0,0,1,6,6,3,-1,-1,-1,-1,-1,-1,-1,-1,0,-1
2025010566601,2025,010566601,2,-1,0,18,19,5,1,0,0,8,0,0,0,0,1,1,5,6,1,45,7,-1,-1,-1,-1,4,E01004208,1,1
2025010566601,2025,010566601,1,9,0,9,9,1,7,1,1,8,0,0,0,0,1,1,5,6,1,25,5,-1,-1,-1,-1,3,E01004260,0,1
2025010566603,2025,010566603,1,9,0,18,19,1,5,0,0,0,0,0,0,0,3,1,5,6,2,35,6,-1,-1,-1,-1,5,E01034227,0,1
2025010566603,2025,010566603,2,9,0,5,5,1,5,0,0,0,0,0,0,0,4,1,5,6,2,35,6,-1,-1,-1,-1,3,E01003911,0,2
2025010566609,2025,010566609,1,9,0,9,9,1,6,0,0,8,0,0,0,0,1,1,6,6,1,50,8,-1,-1,-1,-1,5,E01000162,0,1
2025010566609,2025,010566609,2,9,0,-1,-1,5,1,0,0,8,0,0,4,11,1,1,6,6,1,40,7,-1,-1,-1,-1,5,E01001973,0,1
2025010566611,2025,010566611,2,9,0,99,99,9,9,99,99,9,9,99,9,99,1,9,6,6,3,-1,-1,-1,-1,-1,-1,-1,-1,0,-1
2025010566611,2025,010566611,1,9,0,99,99,9,9,99,99,9,9,99,9,99,9,9,5,6,2,38,7,-1,-1,-1,-1,-1,-1,0,-1
2025010566612,2025,010566612,1,9,0,5,5,3,7,0,0,6,0,0,0,0,4,1,5,6,1,22,5,-1,-1,-1,-1,4,E01004429,0,1
2025010566613,2025,010566613,1,9,0,18,19,7,3,0,0,0,0,0,0,0,1,1,6,6,1,75,10,-1,-1,-1,-1,3,E01004675,0,1
2025010566613,2025,010566613,2,1,0,16,19,7,3,0,0,0,0,0,0,0,1,1,6,6,1,30,6,-1,-1,-1,-1,7,E01000845,0,1
2025010566617,2025,010566617,1,3,0,18,19,3,7,0,0,0,0,7,1,10,1,1,6,6,1,18,4,-1,-1,-1,-1,-1,-1,0,-1
2025010566619,2025,010566619,1,9,0,18,19,3,7,0,0,1,0,0,0,0,1,1,2,2,2,26,6,-1,-1,-1,-1,4,E01001804,0,1
2025010566623,2025,010566623,1,3,0,-1,-1,7,3,0,0,1,0,0,0,0,1,1,2,2,1,17,4,-1,-1,-1,-1,4,E01015613,0,5
2025010566623,2025,010566623,2,9,0,9,9,1,7,0,0,2,0,0,0,0,3,1,5,6,1,56,9,-1,-1,-1,-1,5,E01001393,0,1
2025010566626,2025,010566626,1,9,0,9,9,5,3,0,0,8,0,0,0,0,3,1,5,6,1,25,5,-1,-1,-1,-1,4,E01004643,0,2
2025010566626,2025,010566626,2,5,0,18,19,1,5,0,0,8,0,0,0,0,1,1,5,6,1,26,6,-1,-1,-1,-1,-1,-1,0,-1
2025010566628,2025,010566628,1,9,0,18,19,7,3,0,0,0,0,0,0,0,1,1,6,6,2,33,6,-1,-1,-1,-1,9,E01011381,0,5
2025010566630,2025,010566630,2,8,9,13,13,9,9,99,99,0,9,99,9,99,9,9,6,6,1,45,7,-1,-1,-1,-1,2,E01000501,0,2
2025010566630,2025,010566630,1,9,0,18,19,9,9,99,99,0,9,99,9,99,9,9,5,6,2,53,8,-1,-1,-1,-1,4,E01004711,0,1
2025010566631,2025,010566631,1,11,0,5,5,1,5,0,0,2,0,0,0,0,0,1,5,6,1,58,9,-1,-1,-1,-1,-1,-1,0,-1
2025010566635,2025,010566635,2,1,0,18,19,1,5,0,0,0,5,0,1,0,3,1,6,6,2,30,6,-1,-1,-1,-1,2,E01003489,0,1
2025010566635,2025,010566635,1,9,0,7,7,1,4,0,0,0,0,0,1,0,4,1,6,6,1,25,5,-1,-1,-1,-1,-1,-1,0,-1
2025010566644,2025,010566644,1,9,0,18,19,6,2,0,0,2,0,0,0,0,1,1,6,6,3,-1,-1,-1,-1,-1,-1,-1,-1,0,-1
2025010566645,2025,010566645,1,9,0,3,3,3,7,0,0,4,0,4,0,0,1,1,6,6,2,58,9,-1,-1,-1,-1,4,E01002231,0,1
2025010566645,2025,010566645,2,1,0,3,3,7,3,0,0,4,0,0,1,0,2,1,5,6,1,41,7,-1,-1,-1,-1,5,E01002236,0,1
2025010566650,2025,010566650,1,9,0,99,99,9,9,99,99,0,9,99,9,99,1,9,6,6,3,-1,-1,-1,-1,-1,-1,8,E01000279,0,1
2025010566651,2025,010566651,1,9,0,99,99,9,9,99,99,9,9,99,9,99,2,9,5,6,1,22,5,-1,-1,-1,-1,3,E01002400,0,1
2025010566651,2025,010566651,2,9,0,99,99,9,9,99,99,9,9,99,9,99,1,9,6,6,3,-1,-1,-1,-1,-1,-1,-1,-1,0,-1
2025010566657,2025,010566657,1,3,0,99,99,9,9,99,99,9,9,99,9,99,1,1,6,6,1,22,5,-1,-1,-1,-1,4,E01004531,0,2
2025010566658,2025,010566658,1,9,0,18,19,1,5,0,0,2,0,7,0,0,1,1,6,6,2,36,7,-1,-1,-1,-1,3,E01002325,0,1
2025010566659,2025,010566659,2,1,0,18,19,3,7,0,0,4,0,0,0,0,1,1,5,6,1,69,10,-1,-1,-1,-1,7,E01002655,0,1
2025010566659,2025,010566659,1,9,0,9,9,1,6,0,0,4,0,0,0,0,1,1,6,6,3,-1,-1,-1,-1,-1,-1,-1,-1,0,-1
2025010566667,2025,010566667,2,9,0,18,19,3,7,0,0,2,0,0,0,0,3,1,6,6,1,40,7,-1,-1,-1,-1,5,E01035578,0,3
2025010566667,2025,010566667,1,9,0,18,19,7,3,0,0,2,0,0,0,0,3,1,1,1,1,28,6,-1,-1,-1,-1,2,E01000525,0,2
2025010566673,2025,010566673,2,3,0,3,3,1,5,0,0,1,0,0,0,0,2,1,1,1,1,27,6,-1,-1,-1,-1,6,E01000376,0,3
2025010566673,2025,010566673,1,9,0,18,19,1,5,0,0,1,2,10,1,0,1,1,6,6,3,25,5,-1,-1,-1,-1,-1,-1,0,-1
2025010566676,2025,010566676,1,9,0,7,7,3,5,0,0,6,0,0,0,0,1,1,5,6,1,27,6,-1,-1,-1,-1,-1,-1,0,-1
2025010566676,2025,010566676,2,9,0,18,19,5,1,0,0,1,0,0,0,0,1,1,5,6,1,45,7,-1,-1,-1,-1,-1,-1,0,-1
2025010566677,2025,010566677,1,9,0,1,1,5,1,0,0,1,0,0,0,0,2,1,5,6,1,21,5,-1,-1,-1,-1,3,E01003521,0,1
2025010566686,2025,010566686,1,9,0,18,19,1,5,0,0,0,0,0,0,0,4,1,5,6,1,24,5,-1,-1,-1,-1,3,E01001722,0,1
2025010566689,2025,010566689,1,9,0,99,99,9,9,99,99,9,9,99,9,99,1,9,6,6,3,-1,-1,-1,-1,-1,-1,-1,-1,0,-1
2025010566690,2025,010566690,1,9,0,5,5,2,6,0,0,2,0,0,0,0,3,1,6,6,3,-1,-1,-1,-1,-1,-1,-1,-1,0,-1
2025010566691,2025,010566691,2,1,0,18,19,5,1,0,0,3,2,0,0,0,2,1,5,6,1,70,10,-1,-1,-1,-1,6,E01000746,0,2
2025010566691,2025,010566691,1,9,0,5,5,1,5,0,0,4,0,0,0,0,1,1,5,6,2,46,8,-1,-1,-1,-1,8,E01000651,0,1
2025010566692,2025,010566692,1,9,0,9,9,7,5,0,0,6,0,0,0,0,1,1,5,6,1,37,7,-1,-1,-1,-1,4,E01001156,0,1
2025010566692,2025,010566692,2,1,0,18,19,5,1,7,6,8,0,0,0,0,1,1,5,6,1,55,8,-1,-1,-1,-1,9,E01000694,0,3
2025010566697,2025,010566697,2,1,0,9,9,1,7,0,0,1,0,0,0,0,2,1,1,1,1,23,5,-1,-1,-1,-1,6,E01003713,0,1
2025010566697,2025,010566697,1,9,0,18,19,1,5,0,0,1,0,0,0,0,1,2,6,6,3,-1,-1,-1,-1,-1,-1,-1,-1,0,-1
2025010566700,2025,010566700,1,9,0,99,99,9,9,99,99,9,9,99,9,99,2,9,5,6,2,36,7,-1,-1,-1,-1,7,E01003170,0,1
2025010566700,2025,010566700,2,1,9,99,99,9,9,99,99,9,9,99,9,99,1,1,6,6,3,-1,-1,-1,-1,-1,-1,4,E01003230,0,1
2025010566707,2025,010566707,1,9,0,4,4,3,7,0,0,0,0,0,0,0,2,1,5,6,1,60,9,-1,-1,-1,-1,-1,-1,0,-1
2025010566707,2025,010566707,2,9,0,18,19,3,7,0,0,0,0,0,0,0,1,1,6,6,1,27,6,-1,-1,-1,-1,3,E01003569,0,1
2025010566709,2025,010566709,1,9,0,9,9,5,4,0,0,5,0,0,7,0,1,1,6,6,3,-1,-1,-1,-1,-1,-1,-1,-1,0,-1
2025010566709,2025,010566709,2,1,0,18,19,4,8,0,0,6,0,0,0,0,1,1,5,6,1,27,6,-1,-1,-1,-1,5,E01003344,0,3
2025010566718,2025,010566718,2,9,0,2,2,0,0,4,4,0,0,0,1,0,1,1,6,6,3,-1,-1,-1,-1,-1,-1,-1,-1,0,-1
2025010566718,2025,010566718,1,9,0,13,13,1,5,0,0,0,0,4,7,4,1,1,6,6,1,60,9,-1,-1,-1,-1,3,E01035499,0,1
2025010566719,2025,010566719,1,3,0,18,19,3,7,0,0,1,0,4,0,0,1,1,1,1,1,36,7,-1,-1,-1,-1,6,E01000779,0,2
2025010566719,2025,010566719,2,9,0,9,9,5,3,0,0,6,0,0,0,0,3,1,5,6,2,38,7,-1,-1,-1,-1,4,E01000719,0,1
2025010566721,2025,010566721,2,2,0,18,19,5,1,0,0,2,0,0,0,0,4,1,6,6,1,19,4,-1,-1,-1,-1,5,E01000982,0,1
2025010566721,2025,010566721,1,9,0,9,9,7,4,0,0,1,0,0,1,0,1,1,5,6,1,50,8,-1,-1,-1,-1,-1,-1,0,-1
2025010566724,2025,010566724,1,9,0,18,19,7,3,0,0,8,0,0,0,0,1,1,5,6,2,38,7,-1,-1,-1,-1,3,E01035667,0,1
2025010566724,2025,010566724,2,9,0,7,7,7,1,0,0,8,0,0,0,0,3,1,5,6,1,37,7,-1,-1,-1,-1,2,E01004321,0,1
2025010566727,2025,010566727,2,9,0,99,99,9,9,99,99,9,9,99,9,99,9,9,6,6,3,-1,-1,-1,-1,-1,-1,-1,-1,0,-1
2025010566727,2025,010566727,1,1,9,99,99,9,9,99,99,9,9,99,9,99,1,1,2,2,1,24,5,-1,-1,-1,-1,1,E01000524,0,1
2025010566735,2025,010566735,1,11,0,5,5,3,7,2,2,0,0,0,0,0,0,1,1,1,1,69,10,-1,-1,-1,-1,8,E01000122,0,1
2025010566740,2025,010566740,2,11,0,99,99,9,9,99,99,9,9,99,9,99,2,9,6,6,3,-1,-1,-1,-1,-1,-1,-1,-1,0,-1
2025010566740,2025,010566740,1,9,0,99,99,9,9,99,99,9,9,99,9,99,9,9,5,6,2,27,6,-1,-1,-1,-1,4,E01000124,0,2
2025010566743,2025,010566743,1,9,0,99,99,9,9,99,99,9,9,99,9,99,2,9,6,6,3,43,7,-1,-1,-1,-1,4,E01034026,0,1
2025010566744,2025,010566744,1,1,9,99,99,9,9,99,99,9,9,99,9,99,9,1,5,6,1,68,10,-1,-1,-1,-1,10,E01003881,0,1
2025010566745,2025,010566745,2,9,0,99,99,9,9,99,99,0,9,99,9,99,1,9,6,6,3,-1,-1,-1,-1,-1,-1,-1,-1,0,-1
2025010566745,2025,010566745,1,9,0,99,99,9,9,99,99,0,9,99,9,99,2,9,5,6,1,29,6,-1,-1,-1,-1,4,E01003731,0,1
2025010566746,2025,010566746,1,9,0,9,9,7,6,0,0,3,0,0,0,0,4,1,5,6,2,57,9,-1,-1,-1,-1,-1,-1,0,-1
2025010566746,2025,010566746,2,19,0,18,19,7,3,0,0,4,0,0,0,0,1,1,1,1,1,22,5,-1,-1,-1,-1,6,E01004530,0,2
2025010566749,2025,010566749,1,9,0,99,99,9,9,99,99,9,9,99,9,99,1,9,5,6,1,32,6,-1,-1,-1,-1,9,E01001102,0,1
2025010566749,2025,010566749,2,9,0,99,99,9,9,99,99,9,9,99,9,99,9,9,6,6,1,57,9,-1,-1,-1,-1,3,E01001136,0,2
2025010566757,2025,010566757,1,9,0,18,19,2,6,0,0,1,0,0,0,0,1,1,6,6,3,-1,-1,-1,-1,-1,-1,-1,-1,0,-1
2025010566757,2025,010566757,2,-1,0,13,13,2,6,0,0,2,5,0,0,0,2,1,6,6,1,17,4,-1,-1,-1,-1,3,E01004041,1,1
2025010566778,2025,010566778,2,1,0,18,19,3,7,4,4,1,5,0,1,0,1,1,5,6,1,49,8,-1,-1,-1,-1,10,E01003424,0,2
2025010566778,2025,010566778,1,9,0,9,9,3,1,0,0,1,0,0,0,0,3,1,5,6,2,62,9,-1,-1,-1,-1,6,E01004086,0,1
2025010566779,2025,010566779,2,9,0,99,99,9,9,99,99,9,9,99,9,99,1,9,6,6,3,-1,-1,-1,-1,-1,-1,3,E01000796,0,1
2025010566779,2025,010566779,1,3,0,99,99,9,9,99,99,9,9,99,9,99,9,1,2,2,1,62,9,-1,-1,-1,-1,6,E01000709,0,1
2025010566782,2025,010566782,1,9,0,7,7,1,2,0,0,1,0,0,0,0,0,1,1,1,2,26,6,-1,-1,-1,-1,5,E01004523,0,2
2025010566786,2025,010566786,3,11,0,2,2,0,0,2,2,1,0,0,0,0,4,1,6,6,3,-1,-1,-1,-1,-1,-1,-1,-1,0,-1
2025010566786,2025,010566786,1,9,0,-1,-1,5,1,0,0,1,0,4,0,0,3,1,6,6,2,56,9,-1,-1,-1,-1,3,E01001547,0,3
2025010566786,2025,010566786,2,9,0,5,5,5,1,0,0,1,0,0,0,0,4,1,5,6,1,50,8,-1,-1,-1,-1,5,E01035647,0,1
2025010566792,2025,010566792,2,9,0,18,19,3,7,0,0,0,1,7,1,7,0,1,5,6,1,56,9,-1,-1,-1,-1,4,E01002591,0,2
2025010566792,2025,010566792,5,9,0,18,19,3,7,0,0,0,0,0,0,0,3,1,6,6,2,59,9,-1,-1,-1,-1,10,E01023238,0,4
2025010566792,2025,010566792,4,9,0,18,19,3,7,0,0,0,0,0,0,0,0,1,1,1,1,29,6,-1,-1,-1,-1,3,E01002612,0,2
2025010566792,2025,010566792,3,9,0,18,19,3,7,0,0,0,0,0,0,0,3,1,1,1,1,42,7,-1,-1,-1,-1,5,E01016566,0,2
2025010566792,2025,010566792,1,9,0,18,19,3,7,0,0,0,1,7,4,7,1,1,6,6,1,23,5,-1,-1,-1,-1,5,E01002584,0,1
2025010566794,2025,010566794,1,9,0,99,99,9,9,0,0,9,0,99,9,99,9,9,6,6,1,40,7,-1,-1,-1,-1,5,E01000583,0,1
2025010566795,2025,010566795,1,9,0,99,99,9,9,99,99,9,9,99,9,99,9,9,2,2,2,33,6,-1,-1,-1,-1,2,E01032579,0,1
2025010566795,2025,010566795,2,9,0,99,99,9,9,99,99,9,9,99,9,99,9,9,6,6,3,29,6,-1,-1,-1,-1,-1,-1,0,-1
2025010566796,2025,010566796,1,20,0,18,19,2,6,0,0,0,0,0,0,0,1,1,6,6,1,39,7,-1,-1,-1,-1,8,E01004160,0,1
2025010566809,2025,010566809,1,98,0,99,99,9,9,99,99,9,9,99,9,99,1,9,6,6,3,36,7,-1,-1,-1,-1,3,E01003539,0,1
2025010566812,2025,010566812,1,9,0,99,99,9,9,99,99,9,9,99,9,99,9,9,5,6,2,25,5,-1,-1,-1,-1,7,E01023329,0,3
2025010566820,2025,010566820,2,9,0,99,99,9,9,99,99,9,9,99,9,99,1,9,6,6,3,-1,-1,-1,-1,-1,-1,-1,-1,0,-1
2025010566820,2025,010566820,1,1,9,99,99,9,9,99,99,9,9,99,9,99,2,1,6,6,1,-1,-1,-1,-1,-1,-1,-1,-1,0,-1
2025010566830,2025,010566830,1,9,0,99,99,9,9,99,99,9,9,99,9,99,9,9,5,6,1,29,6,-1,-1,-1,-1,3,E01034218,0,2
2025010566830,2025,010566830,2,9,0,99,99,9,9,99,99,9,9,99,9,99,2,9,6,6,3,-1,-1,-1,-1,-1,-1,3,E01003244,0,3
2025010566831,2025,010566831,2,3,0,4,4,1,5,0,0,0,0,0,0,0,1,1,1,1,1,39,7,-1,-1,-1,-1,4,E01004760,0,1
2025010566831,2025,010566831,1,9,0,4,4,1,5,0,0,0,0,0,0,0,2,1,2,2,1,47,8,-1,-1,-1,-1,4,E01000490,0,1
2025010566838,2025,010566838,1,9,0,18,19,3,7,0,0,2,0,7,0,0,1,1,5,6,1,30,6,-1,-1,-1,-1,1,E01034747,0,5
2025010566839,2025,010566839,1,11,0,3,3,5,1,0,0,2,0,0,0,0,0,1,1,1,1,32,6,-1,-1,-1,-1,3,E01001503,0,3
2025010566840,2025,010566840,1,11,0,18,19,3,7,0,0,2,0,0,0,0,1,1,1,1,1,64,9,-1,-1,-1,-1,3,E01001177,0,2
2025010566840,2025,010566840,2,9,0,18,19,7,3,0,0,2,0,0,0,0,1,1,5,6,1,36,7,-1,-1,-1,-1,7,E01003152,0,1
2025010566841,2025,010566841,1,1,0,-1,-1,5,1,0,0,1,2,0,0,0,1,1,5,6,2,21,5,-1,-1,-1,-1,3,E01035649,0,1
2025010566841,2025,010566841,3,2,0,-1,-1,1,5,0,0,1,0,0,0,0,1,1,6,6,3,-1,-1,-1,-1,-1,-1,-1,-1,0,-1
2025010566841,2025,010566841,2,1,0,-1,-1,5,1,0,0,1,2,0,0,0,1,1,5,6,1,17,4,-1,-1,-1,-1,2,E01033709,0,1
2025010566844,2025,010566844,1,9,0,9,9,8,6,0,0,8,0,0,0,0,1,1,6,6,1,59,9,-1,-1,-1,-1,2,E01004316,0,1
2025010566850,2025,010566850,1,19,0,9,9,1,6,4,4,8,0,0,0,0,1,1,2,2,1,28,6,-1,-1,-1,-1,3,E01002045,0,1
2025010566850,2025,010566850,2,1,0,18,19,3,7,4,4,8,0,0,1,0,1,1,2,2,1,40,7,-1,-1,-1,-1,4,E01001932,0,3
2025010566853,2025,010566853,2,1,0,13,13,8,4,0,0,1,0,0,0,0,0,1,6,6,1,27,6,-1,-1,-1,-1,7,E01004218,0,3
2025010566853,2025,010566853,1,9,0,10,10,8,6,0,0,1,0,0,0,0,1,1,3,7,2,55,8,-1,-1,-1,-1,9,E01000899,0,1
2025010566864,2025,010566864,1,11,0,18,19,3,7,0,0,1,0,0,7,0,2,1,1,1,2,64,9,-1,-1,-1,-1,1,E01001846,0,1