collision_index,collision_year,collision_ref_no,vehicle_reference,vehicle_type,towing_and_articulation,vehicle_manoeuvre_historic,vehicle_manoeuvre,vehicle_direction_from,vehicle_direction_to,vehicle_location_restricted_lane_historic,vehicle_location_restricted_lane,junction_location,skidding_and_overturning,hit_object_in_carriageway,vehicle_leaving_carriageway,hit_object_off_carriageway,first_point_of_impact,vehicle_left_hand_drive,journey_purpose_of_driver_historic,journey_purpose_of_driver,sex_of_driver,age_of_driver,age_band_of_driver,engine_capacity_cc,propulsion_code,age_of_vehicle,generic_make_model,driver_imd_decile,lsoa_of_driver,escooter_flag,driver_distance_banding
2025010567732,2025,010567732,2,9,9,99,99,9,9,0,0,9,9,99,9,99,9,9,6,6,1,-1,-1,-1,-1,-1,-1,-1,-1,0,-1
2025010567735,2025,010567735,1,1,9,99,99,9,9,99,99,9,9,99,9,99,1,1,2,2,2,30,6,-1,-1,-1,-1,6,E01002754,0,1
2025010567735,2025,010567735,2,9,0,99,99,9,9,99,99,9,9,99,9,99,9,9,6,6,3,-1,-1,-1,-1,-1,-1,-1,-1,0,-1
2025010567736,2025,010567736,2,9,9,99,99,9,9,99,99,9,9,99,9,99,1,9,6,6,3,-1,-1,-1,-1,-1,-1,4,E01003343,0,1
2025010567736,2025,010567736,1,9,0,99,99,9,9,99,99,9,9,99,9,99,2,9,2,2,1,38,7,-1,-1,-1,-1,3,E01003221,0,1
2025010567738,2025,010567738,2,11,0,99,99,9,9,99,99,9,9,99,9,99,9,9,6,6,2,35,6,-1,-1,-1,-1,3,E01002457,0,3
2025010567738,2025,010567738,1,9,9,2,2,0,0,99,99,9,9,99,9,99,9,9,6,6,3,-1,-1,-1,-1,-1,-1,-1,-1,0,-1
2025010567740,2025,010567740,1,3,0,99,99,9,9,99,99,9,9,99,9,99,1,1,5,6,1,38,7,-1,-1,-1,-1,3,E01001833,0,2
2025010567740,2025,010567740,2,9,0,99,99,9,9,99,99,9,9,99,9,99,1,9,6,6,3,-1,-1,-1,-1,-1,-1,-1,-1,0,-1
2025010567742,2025,010567742,1,8,0,99,99,9,9,0,0,8,0,0,0,0,9,1,6,6,3,-1,-1,-1,-1,-1,-1,-1,-1,0,-1
2025010567754,2025,010567754,1,19,0,7,7,7,2,0,0,8,0,0,0,0,4,1,1,1,1,45,7,-1,-1,-1,-1,6,E01003345,0,1
2025010567754,2025,010567754,2,3,0,-1,-1,7,3,0,0,8,0,0,0,0,1,1,1,1,1,29,6,-1,-1,-1,-1,2,E01033586,0,2
2025010567756,2025,010567756,1,-1,0,99,99,9,9,99,99,9,9,99,9,99,9,1,6,6,1,-1,-1,-1,-1,-1,-1,8,E01001134,1,1
2025010567764,2025,010567764,2,1,0,18,19,1,5,0,0,0,0,0,0,0,1,1,6,6,1,17,4,-1,-1,-1,-1,2,E01032575,0,1
2025010567764,2025,010567764,1,19,0,18,19,1,5,0,0,0,0,0,0,0,1,1,5,6,1,42,7,-1,-1,-1,-1,3,E01002276,0,4
2025010567765,2025,010567765,1,9,9,99,99,9,9,0,0,1,0,99,9,99,1,9,6,6,3,-1,-1,-1,-1,-1,-1,-1,-1,0,-1
2025010567765,2025,010567765,2,3,0,3,3,1,5,0,0,1,0,0,0,0,1,1,5,6,1,36,7,-1,-1,-1,-1,-1,-1,0,-1
2025010567766,2025,010567766,1,3,0,18,19,1,5,0,0,1,0,0,0,0,1,1,6,6,1,30,6,-1,-1,-1,-1,6,E01000268,0,1
2025010567766,2025,010567766,2,9,0,9,9,3,1,0,0,2,0,0,0,0,4,1,6,6,2,45,7,-1,-1,-1,-1,6,E01000322,0,1
2025010567767,2025,010567767,1,21,1,11,11,3,7,0,0,1,0,0,0,0,4,1,1,1,1,58,9,-1,-1,-1,-1,6,E01023761,0,4
2025010567767,2025,010567767,2,9,0,18,19,3,7,0,0,1,1,0,0,0,3,1,5,6,1,64,9,-1,-1,-1,-1,10,E01021450,0,2
2025010567767,2025,010567767,3,19,0,18,19,3,7,0,0,1,1,0,0,0,1,1,1,1,1,41,7,-1,-1,-1,-1,5,E01021815,0,4
2025010567770,2025,010567770,1,11,0,18,19,5,1,0,0,2,0,0,0,0,0,1,1,1,1,44,7,-1,-1,-1,-1,5,E01016125,0,4
2025010567771,2025,010567771,1,9,0,14,14,7,3,0,0,1,0,0,1,0,4,1,2,2,2,28,6,-1,-1,-1,-1,4,E01016100,0,4
2025010567774,2025,010567774,2,9,0,99,99,9,9,99,99,9,9,99,9,99,1,9,6,6,3,-1,-1,-1,-1,-1,-1,8,E01002474,0,1
2025010567774,2025,010567774,1,1,9,99,99,9,9,99,99,9,9,99,9,99,1,1,5,6,1,60,9,-1,-1,-1,-1,6,E01002111,0,2
2025010567780,2025,010567780,1,3,0,99,99,9,9,99,99,0,9,99,9,99,1,1,5,6,1,21,5,-1,-1,-1,-1,3,E01000094,0,1
2025010567780,2025,010567780,2,9,0,99,99,9,9,99,99,0,9,99,9,99,2,9,6,6,3,-1,-1,-1,-1,-1,-1,-1,-1,0,-1
2025010567783,2025,010567783,2,9,0,99,99,9,9,99,99,9,9,99,9,99,1,9,6,6,3,-1,-1,-1,-1,-1,-1,-1,-1,0,-1
2025010567783,2025,010567783,1,3,0,99,99,9,9,99,99,9,9,99,9,99,2,1,5,6,2,31,6,-1,-1,-1,-1,2,E01000483,0,1
2025010567785,2025,010567785,1,1,0,7,7,5,7,0,0,9,9,0,0,0,1,1,6,6,1,25,5,-1,-1,-1,-1,-1,-1,0,-1
2025010567787,2025,010567787,1,9,0,9,9,8,7,0,0,0,0,0,0,0,4,1,1,1,1,46,8,-1,-1,-1,-1,5,E01002621,0,1
2025010567789,2025,010567789,1,9,0,99,99,9,9,99,99,9,9,99,9,99,1,9,6,6,2,42,7,-1,-1,-1,-1,5,E01001404,0,1
2025010567789,2025,010567789,2,9,0,99,99,9,9,99,99,9,9,99,9,99,1,9,6,6,3,50,8,-1,-1,-1,-1,4,E01004417,0,2
2025010567797,2025,010567797,2,90,0,18,19,2,6,0,0,6,0,0,0,0,1,1,1,1,1,35,6,-1,-1,-1,-1,5,E01024815,0,4
2025010567797,2025,010567797,1,19,0,9,9,5,2,0,0,5,0,0,0,0,4,1,1,1,1,56,9,-1,-1,-1,-1,4,E01000689,0,1
2025010567800,2025,010567800,2,9,0,99,99,9,9,99,99,9,9,99,9,99,2,9,6,6,3,-1,-1,-1,-1,-1,-1,-1,-1,0,-1
2025010567800,2025,010567800,1,9,0,99,99,9,9,99,99,9,9,99,9,99,1,9,5,6,1,28,6,-1,-1,-1,-1,7,E01000993,0,2
2025010567800,2025,010567800,3,9,0,4,4,1,5,0,0,9,0,0,0,0,9,1,6,6,1,31,6,-1,-1,-1,-1,5,E01003914,0,1
2025010567802,2025,010567802,2,8,0,99,99,9,9,99,99,9,9,99,9,99,9,9,6,6,3,-1,-1,-1,-1,-1,-1,-1,-1,0,-1
2025010567802,2025,010567802,1,1,9,99,99,9,9,99,99,9,9,99,9,99,1,1,2,2,1,28,6,-1,-1,-1,-1,3,E01003352,0,1
2025010567803,2025,010567803,1,9,0,18,19,1,5,0,0,1,0,0,0,0,1,1,6,6,1,30,6,-1,-1,-1,-1,5,E01003344,0,1
2025010567803,2025,010567803,2,1,0,18,19,3,7,0,0,1,5,0,0,0,1,1,6,6,1,17,4,-1,-1,-1,-1,3,E01003229,0,1
2025010567810,2025,010567810,1,9,0,5,5,1,5,0,0,1,0,0,0,0,1,1,6,6,2,26,6,-1,-1,-1,-1,2,E01001458,0,1
2025010567811,2025,010567811,2,9,0,99,99,9,9,0,0,1,9,4,0,0,1,9,5,6,1,52,8,-1,-1,-1,-1,3,E01033933,0,2
2025010567811,2025,010567811,1,9,0,4,4,1,5,0,0,1,1,0,0,0,2,1,5,6,1,51,8,-1,-1,-1,-1,2,E01002227,0,1
2025010567814,2025,010567814,1,9,0,-1,-1,1,5,0,0,8,0,0,0,0,1,1,6,6,3,-1,-1,-1,-1,-1,-1,-1,-1,0,-1
2025010567822,2025,010567822,2,9,0,99,99,9,9,99,99,9,9,99,9,99,1,9,6,6,3,58,9,-1,-1,-1,-1,2,E01003622,0,1
2025010567822,2025,010567822,1,3,0,99,99,9,9,99,99,9,9,99,9,99,9,1,1,1,1,25,5,-1,-1,-1,-1,4,E01003602,0,1
2025010567823,2025,010567823,2,9,0,2,2,0,0,0,0,0,0,0,0,0,3,1,6,6,3,-1,-1,-1,-1,-1,-1,-1,-1,0,-1
2025010567823,2025,010567823,1,9,0,18,19,7,3,0,0,0,0,0,0,0,0,1,5,6,1,73,10,-1,-1,-1,-1,3,E01001366,0,2
2025010567825,2025,010567825,1,9,0,18,19,4,8,0,0,1,0,0,0,0,1,1,5,6,2,60,9,-1,-1,-1,-1,4,E01000769,0,2
2025010567830,2025,010567830,1,9,0,18,19,1,5,0,0,1,0,0,0,0,1,2,3,7,2,30,6,-1,-1,-1,-1,2,E01001649,0,1
2025010567836,2025,010567836,2,23,0,18,19,1,5,0,0,1,0,0,0,0,1,1,6,6,1,33,6,-1,-1,-1,-1,2,E01003059,0,1
2025010567836,2025,010567836,1,9,0,9,9,6,4,0,0,1,0,0,0,0,4,1,1,1,1,32,6,-1,-1,-1,-1,4,E01003020,0,1
2025010567841,2025,010567841,1,90,5,5,5,5,1,0,0,1,0,0,0,0,3,1,1,1,1,56,9,-1,-1,-1,-1,9,E01035597,0,4
2025010567844,2025,010567844,1,9,0,99,99,9,9,99,99,9,9,99,9,99,1,9,5,6,1,30,6,-1,-1,-1,-1,8,E01003470,0,1
2025010567844,2025,010567844,2,1,9,99,99,9,9,99,99,9,9,99,9,99,9,1,6,6,3,-1,-1,-1,-1,-1,-1,-1,-1,0,-1
2025010567849,2025,010567849,2,9,0,9,9,5,3,0,0,1,0,0,0,0,3,1,2,2,2,62,9,-1,-1,-1,-1,5,E01003156,0,1
2025010567849,2025,010567849,1,5,0,18,19,2,6,0,0,1,0,0,0,0,1,1,6,6,1,19,4,-1,-1,-1,-1,3,E01001109,0,1
2025010567851,2025,010567851,3,9,0,18,19,1,5,0,0,1,0,0,0,0,1,1,6,6,1,21,5,-1,-1,-1,-1,6,E01002006,0,1
2025010567851,2025,010567851,1,9,0,18,19,1,5,0,0,1,0,0,0,0,2,1,6,6,1,34,6,-1,-1,-1,-1,6,E01002005,0,1
2025010567851,2025,010567851,2,9,0,18,19,1,5,0,0,1,0,0,0,0,2,1,5,6,2,56,9,-1,-1,-1,-1,6,E01000921,0,1
2025010567852,2025,010567852,2,5,0,-1,-1,7,3,0,0,2,0,4,0,0,1,1,6,6,1,21,5,-1,-1,-1,-1,5,E01001247,0,3
2025010567852,2025,010567852,1,9,0,2,2,0,0,0,0,2,0,0,0,0,0,1,6,6,3,-1,-1,-1,-1,-1,-1,-1,-1,0,-1
2025010567853,2025,010567853,1,-1,0,4,4,7,3,0,0,2,2,0,0,0,0,1,5,6,1,59,9,-1,-1,-1,-1,3,E01002774,1,1
2025010567853,2025,010567853,2,9,0,9,9,7,4,6,6,6,0,0,0,0,0,2,6,6,3,-1,-1,-1,-1,-1,-1,-1,-1,0,-1
2025010567854,2025,010567854,2,1,0,18,19,5,1,4,4,1,0,0,0,0,1,1,2,2,1,22,5,-1,-1,-1,-1,4,E01004228,0,1
2025010567854,2025,010567854,1,9,0,7,7,5,7,4,4,5,0,0,0,0,1,1,2,2,1,49,8,-1,-1,-1,-1,6,E01035705,0,1
2025010567858,2025,010567858,2,1,0,5,5,1,5,4,4,1,0,0,0,0,1,1,5,6,2,24,5,-1,-1,-1,-1,2,E01034149,0,3
2025010567858,2025,010567858,1,9,0,18,19,1,5,0,0,1,0,0,0,0,4,1,1,1,1,65,9,-1,-1,-1,-1,4,E01004590,0,1
2025010567860,2025,010567860,2,9,0,99,99,9,9,99,99,0,9,99,9,99,1,9,6,6,3,-1,-1,-1,-1,-1,-1,-1,-1,0,-1
2025010567860,2025,010567860,1,9,0,99,99,9,9,99,99,0,9,99,9,99,2,9,2,2,2,29,6,-1,-1,-1,-1,3,E01030385,0,2
2025010567861,2025,010567861,2,9,0,9,9,3,1,0,0,2,0,0,0,0,4,1,5,6,2,37,7,-1,-1,-1,-1,-1,-1,0,-1
2025010567861,2025,010567861,1,3,0,13,13,3,7,9,9,1,2,0,7,0,1,1,6,6,1,25,5,-1,-1,-1,-1,10,E01021946,0,4
2025010567863,2025,010567863,2,9,0,9,9,1,6,0,0,5,0,0,0,0,1,1,6,6,1,26,6,-1,-1,-1,-1,-1,-1,0,-1
2025010567863,2025,010567863,1,3,0,15,15,1,5,0,0,1,0,0,0,0,4,1,6,6,1,35,6,-1,-1,-1,-1,4,E01004429,0,3
2025010567867,2025,010567867,2,1,0,9,9,7,4,0,0,1,0,0,0,0,1,1,5,6,2,31,6,-1,-1,-1,-1,4,E01003278,0,1
2025010567867,2025,010567867,1,9,0,5,5,3,7,0,0,1,0,0,0,0,1,1,5,6,2,32,6,-1,-1,-1,-1,-1,-1,0,-1
2025010567868,2025,010567868,2,9,0,2,2,0,0,6,6,2,0,4,0,0,1,1,6,6,3,-1,-1,-1,-1,-1,-1,-1,-1,0,-1
2025010567868,2025,010567868,4,9,0,2,2,0,0,6,6,2,0,4,0,0,1,1,6,6,3,-1,-1,-1,-1,-1,-1,-1,-1,0,-1
2025010567868,2025,010567868,5,9,0,2,2,0,0,6,6,2,0,4,0,0,1,1,6,6,3,-1,-1,-1,-1,-1,-1,-1,-1,0,-1
2025010567868,2025,010567868,3,9,0,2,2,0,0,6,6,2,0,4,0,0,1,1,6,6,3,-1,-1,-1,-1,-1,-1,-1,-1,0,-1
2025010567868,2025,010567868,1,9,0,17,19,7,3,0,0,2,0,4,0,0,1,1,6,6,2,89,11,-1,-1,-1,-1,8,E01003659,0,1
2025010567869,2025,010567869,1,3,0,18,19,5,1,0,0,1,0,0,0,0,1,1,2,2,1,29,6,-1,-1,-1,-1,3,E01004267,0,1
2025010567869,2025,010567869,3,9,0,18,19,7,3,0,0,1,0,0,0,0,1,1,6,6,1,22,5,-1,-1,-1,-1,3,E01035679,0,1
2025010567869,2025,010567869,2,9,0,9,9,1,6,0,0,8,0,0,0,0,1,1,6,6,3,-1,-1,-1,-1,-1,-1,-1,-1,0,-1
2025010567870,2025,010567870,2,9,0,99,99,9,9,99,99,9,9,99,9,99,9,9,6,6,1,-1,-1,-1,-1,-1,-1,8,E01000214,0,3
2025010567870,2025,010567870,1,9,0,99,99,9,9,99,99,9,9,99,9,99,2,9,5,6,2,27,6,-1,-1,-1,-1,3,E01000930,0,2
2025010567877,2025,010567877,2,9,0,17,19,7,3,0,0,1,0,0,0,0,4,1,2,2,2,47,8,-1,-1,-1,-1,7,E01000493,0,1
2025010567877,2025,010567877,3,9,0,17,19,7,3,0,0,1,0,0,0,0,3,1,2,2,1,58,9,-1,-1,-1,-1,7,E01000871,0,1
2025010567877,2025,010567877,1,9,0,17,19,7,3,0,0,1,2,10,0,0,3,1,1,1,1,71,10,-1,-1,-1,-1,6,E01002182,0,2
2025010567878,2025,010567878,3,19,0,18,19,7,3,0,0,0,0,0,0,0,0,1,1,1,1,50,8,-1,-1,-1,-1,6,E01000631,0,1
2025010567878,2025,010567878,1,9,0,3,3,7,3,0,0,0,0,0,0,0,3,1,6,6,2,57,9,-1,-1,-1,-1,-1,-1,0,-1
2025010567878,2025,010567878,2,5,0,3,3,7,3,0,0,0,0,0,0,0,4,1,6,6,1,64,9,-1,-1,-1,-1,10,E01017737,0,4
2025010567879,2025,010567879,1,9,0,17,19,3,7,0,0,0,0,0,0,0,1,1,5,6,1,32,6,-1,-1,-1,-1,6,E01000594,0,1
2025010567879,2025,010567879,2,9,0,2,2,0,0,0,0,0,0,4,0,0,2,2,6,6,3,-1,-1,-1,-1,-1,-1,-1,-1,0,-1
2025010567879,2025,010567879,3,9,0,2,2,0,0,0,0,0,0,4,0,0,2,1,6,6,3,-1,-1,-1,-1,-1,-1,-1,-1,0,-1
2025010567879,2025,010567879,4,9,0,2,2,0,0,0,0,0,0,0,0,0,2,1,6,6,3,-1,-1,-1,-1,-1,-1,-1,-1,0,-1
2025010567880,2025,010567880,2,9,0,18,19,5,1,0,0,1,0,0,0,0,1,1,6,6,1,87,11,-1,-1,-1,-1,-1,-1,0,-1
2025010567880,2025,010567880,1,9,0,7,7,8,3,0,0,6,1,0,0,0,3,1,6,6,1,42,7,-1,-1,-1,-1,5,E01000144,0,3
2025010567885,2025,010567885,2,9,0,18,19,3,7,0,0,8,1,10,1,10,2,1,5,6,1,62,9,-1,-1,-1,-1,9,E01030670,0,4
2025010567885,2025,010567885,1,9,0,18,19,3,7,0,0,8,1,10,0,0,1,1,6,6,1,23,5,-1,-1,-1,-1,3,E01003524,0,3
2025010567892,2025,010567892,1,8,0,99,99,9,9,99,99,9,9,99,9,99,1,9,1,1,1,41,7,-1,-1,-1,-1,7,E01030956,0,4
2025010567892,2025,010567892,2,19,0,99,99,9,9,99,99,9,9,99,9,99,4,9,6,6,1,54,8,-1,-1,-1,-1,3,E01001726,0,3
2025010567896,2025,010567896,1,9,0,16,19,3,7,9,9,0,0,0,1,4,1,1,6,6,3,25,5,-1,-1,-1,-1,-1,-1,0,-1
2025010567897,2025,010567897,1,9,0,7,7,4,6,7,6,6,0,10,1,11,4,1,5,6,1,50,8,-1,-1,-1,-1,4,E01002491,0,3
2025010567897,2025,010567897,2,9,0,18,19,4,8,0,0,8,0,0,0,0,4,1,6,6,1,27,6,-1,-1,-1,-1,3,E01002133,0,1
2025010567898,2025,010567898,2,5,0,18,19,1,5,0,0,8,0,0,0,0,1,1,5,6,1,50,8,-1,-1,-1,-1,8,E01023875,0,4
2025010567898,2025,010567898,1,9,0,5,5,3,7,0,0,1,0,0,0,0,1,1,5,6,1,17,4,-1,-1,-1,-1,3,E01004710,0,1
2025010567899,2025,010567899,1,9,0,2,2,0,0,0,0,0,0,0,0,0,1,1,6,6,3,-1,-1,-1,-1,-1,-1,-1,-1,0,-1
2025010567901,2025,010567901,1,8,0,99,99,9,9,99,99,9,9,99,9,99,1,9,6,6,3,43,7,-1,-1,-1,-1,1,E01001517,0,1
2025010567902,2025,010567902,2,1,0,17,19,1,6,0,0,0,0,0,0,0,1,1,5,6,1,28,6,-1,-1,-1,-1,1,E01002071,0,3
2025010567902,2025,010567902,1,11,0,18,19,5,1,0,0,0,0,0,0,0,1,1,1,1,1,31,6,-1,-1,-1,-1,3,E01000404,0,3
2025010567903,2025,010567903,1,8,0,18,19,6,2,0,0,8,0,0,0,0,1,2,1,1,1,36,7,-1,-1,-1,-1,4,E01001297,0,3
2025010567903,2025,010567903,2,8,0,18,19,4,8,0,0,8,0,0,0,0,4,2,1,1,1,38,7,-1,-1,-1,-1,6,E01015925,0,4
2025010567911,2025,010567911,3,9,0,2,2,0,0,6,6,0,0,0,0,0,1,1,6,6,3,-1,-1,-1,-1,-1,-1,-1,-1,0,-1
2025010567911,2025,010567911,2,9,0,2,2,0,0,6,6,0,0,0,0,0,1,1,6,6,3,-1,-1,-1,-1,-1,-1,-1,-1,0,-1
2025010567911,2025,010567911,1,9,0,18,19,1,5,0,0,0,0,4,0,0,1,1,5,6,2,62,9,-1,-1,-1,-1,9,E01003158,0,1
2025010567915,2025,010567915,1,9,0,17,19,7,3,0,0,5,1,10,7,7,1,1,6,6,1,19,4,-1,-1,-1,-1,2,E01000034,0,4
2025010567921,2025,010567921,1,9,9,99,99,9,9,99,99,0,9,99,9,99,9,1,6,6,3,-1,-1,-1,-1,-1,-1,-1,-1,0,-1
2025010567923,2025,010567923,2,1,0,18,19,6,2,0,0,1,0,0,0,0,1,1,5,6,2,59,9,-1,-1,-1,-1,9,E01003158,0,2
2025010567923,2025,010567923,1,9,0,9,9,1,6,0,0,2,0,0,0,0,1,1,5,6,1,41,7,-1,-1,-1,-1,2,E01004574,0,1
2025010567925,2025,010567925,1,-1,0,18,19,5,1,9,9,0,0,0,0,0,1,1,6,6,1,24,5,-1,-1,-1,-1,-1,-1,1,-1
2025010567926,2025,010567926,1,19,0,9,9,5,3,0,0,1,0,0,0,0,1,1,1,1,1,22,5,-1,-1,-1,-1,4,E01000980,0,1
2025010567926,2025,010567926,2,1,0,18,19,1,5,0,0,1,0,4,0,0,1,1,5,6,1,47,8,-1,-1,-1,-1,3,E01001136,0,1
2025010567929,2025,010567929,2,9,0,4,4,1,5,0,0,4,0,0,0,0,1,1,6,6,2,61,9,-1,-1,-1,-1,7,E01018065,0,4
2025010567929,2025,010567929,1,9,0,4,4,1,5,0,0,4,0,0,0,0,0,1,6,6,1,61,9,-1,-1,-1,-1,3,E01004349,0,3
2025010567930,2025,010567930,2,97,0,99,99,9,9,99,99,9,9,99,9,99,9,9,6,6,3,-1,-1,-1,-1,-1,-1,-1,-1,0,-1
2025010567930,2025,010567930,1,1,9,99,99,9,9,99,99,9,9,99,9,99,1,1,2,2,2,24,5,-1,-1,-1,-1,9,E01004587,0,1
2025010567931,2025,010567931,1,1,9,99,99,9,9,99,99,9,9,99,9,99,9,1,2,2,2,33,6,-1,-1,-1,-1,8,E01004507,0,1
2025010567931,2025,010567931,2,8,0,99,99,9,9,99,99,9,9,99,9,99,1,9,6,6,3,65,9,-1,-1,-1,-1,3,E01003124,0,1
2025010567934,2025,010567934,2,98,9,99,99,9,9,99,99,9,9,99,9,99,2,9,6,6,3,-1,-1,-1,-1,-1,-1,-1,-1,0,-1
2025010567934,2025,010567934,1,9,9,99,99,9,9,99,99,9,9,99,9,99,1,9,5,6,1,37,7,-1,-1,-1,-1,5,E01001973,0,4
2025010567936,2025,010567936,2,9,0,5,5,0,3,0,0,0,0,0,0,0,3,1,1,1,1,40,7,-1,-1,-1,-1,-1,-1,0,-1
2025010567936,2025,010567936,1,9,0,18,19,7,3,0,0,0,0,0,0,0,4,1,6,6,2,49,8,-1,-1,-1,-1,3,E01001858,0,1
2025010567937,2025,010567937,1,9,0,18,19,5,1,0,0,1,0,0,0,0,1,1,6,6,3,-1,-1,-1,-1,-1,-1,-1,-1,0,-1
2025010567938,2025,010567938,2,3,0,99,99,9,9,99,99,9,9,99,9,99,9,1,6,6,1,30,6,-1,-1,-1,-1,3,E01003560,0,1
2025010567938,2025,010567938,1,1,9,99,99,9,9,99,99,9,9,99,9,99,1,1,5,6,1,32,6,-1,-1,-1,-1,6,E01035491,0,3
2025010567944,2025,010567944,1,5,0,3,3,1,5,0,0,1,0,0,0,0,2,1,6,6,1,57,9,-1,-1,-1,-1,2,E01002778,0,2
2025010567944,2025,010567944,2,9,0,18,19,1,5,0,0,1,0,0,0,0,1,1,6,6,3,-1,-1,-1,-1,-1,-1,-1,-1,0,-1
2025010567945,2025,010567945,1,3,0,18,19,5,1,0,0,1,0,0,0,0,1,1,2,2,1,31,6,-1,-1,-1,-1,4,E01001552,0,3
2025010567948,2025,010567948,1,9,0,99,99,9,9,0,0,0,9,99,9,99,9,9,2,2,1,38,7,-1,-1,-1,-1,9,E01024353,0,4
2025010567948,2025,010567948,2,19,0,99,99,9,9,0,0,0,9,99,9,99,9,9,6,6,3,-1,-1,-1,-1,-1,-1,2,E01015280,0,5
2025010567949,2025,010567949,1,19,0,1,1,5,1,0,0,0,0,0,0,0,2,1,1,1,1,55,8,-1,-1,-1,-1,4,E01015796,0,4
2025010567950,2025,010567950,2,21,9,99,99,9,9,99,99,0,9,99,9,99,9,9,6,6,3,-1,-1,-1,-1,-1,-1,-1,-1,0,-1
2025010567950,2025,010567950,1,9,0,99,99,9,9,99,99,0,9,99,9,99,2,9,5,6,1,29,6,-1,-1,-1,-1,6,E01002625,0,2
2025010567959,2025,010567959,2,1,3,18,19,1,5,9,9,1,0,0,0,0,0,1,5,6,1,49,8,-1,-1,-1,-1,8,E01002483,0,2
2025010567959,2025,010567959,1,19,0,1,1,7,3,9,9,6,0,0,0,0,3,1,5,6,1,63,9,-1,-1,-1,-1,-1,-1,0,-1
2025010567962,2025,010567962,1,1,9,99,99,9,9,99,99,0,9,99,9,99,9,1,5,6,1,30,6,-1,-1,-1,-1,8,E01004194,0,1
2025010567962,2025,010567962,2,9,0,99,99,9,9,99,99,0,9,99,9,99,1,9,6,6,2,19,4,-1,-1,-1,-1,4,E01003448,0,1
2025010567963,2025,010567963,1,1,9,99,99,9,9,99,99,9,9,99,9,99,9,1,5,6,2,34,6,-1,-1,-1,-1,4,E01032639,0,1
2025010567963,2025,010567963,2,9,0,99,99,9,9,99,99,9,9,99,9,99,9,9,6,6,3,57,9,-1,-1,-1,-1,10,E01004558,0,1
2025010567965,2025,010567965,2,9,0,99,99,9,9,99,99,9,9,99,9,99,1,9,6,6,3,-1,-1,-1,-1,-1,-1,-1,-1,0,-1
2025010567965,2025,010567965,1,9,0,99,99,9,9,99,99,9,9,99,9,99,1,9,6,6,2,30,6,-1,-1,-1,-1,2,E01001147,0,1
2025010567967,2025,010567967,1,9,0,9,9,5,3,0,0,8,0,0,0,0,0,1,6,6,1,54,8,-1,-1,-1,-1,2,E01001051,0,2
2025010567967,2025,010567967,2,9,0,8,8,3,5,0,0,1,0,0,0,0,3,1,5,6,1,34,6,-1,-1,-1,-1,10,E01016767,0,4
2025010567967,2025,010567967,3,1,0,18,19,1,5,0,0,8,0,0,0,0,1,1,5,6,1,64,9,-1,-1,-1,-1,8,E01000649,0,1
2025010567968,2025,010567968,1,9,0,18,19,7,3,0,0,1,0,0,0,0,1,1,5,6,2,68,10,-1,-1,-1,-1,-1,-1,0,-1
2025010567969,2025,010567969,1,9,0,9,9,1,7,0,0,6,0,0,0,0,1,1,5,6,1,25,5,-1,-1,-1,-1,6,E01001214,0,1
2025010567971,2025,010567971,1,9,0,99,99,9,9,99,99,9,9,99,9,99,2,9,5,6,2,35,6,-1,-1,-1,-1,3,E01001938,0,3
2025010567975,2025,010567975,1,9,0,7,7,3,5,0,0,6,0,0,0,0,1,1,5,6,2,25,5,-1,-1,-1,-1,2,E01004444,0,2
2025010567975,2025,010567975,2,9,0,18,19,1,5,0,0,1,0,0,0,0,1,1,5,6,1,21,5,-1,-1,-1,-1,3,E01017493,0,4
2025010567977,2025,010567977,2,9,0,18,19,3,7,0,0,1,0,0,0,0,0,1,1,1,1,31,6,-1,-1,-1,-1,4,E01032639,0,1
2025010567977,2025,010567977,1,3,0,18,19,3,7,0,0,1,0,10,0,0,1,1,6,6,1,18,4,-1,-1,-1,-1,4,E01003165,0,1
2025010567981,2025,010567981,2,9,0,18,19,3,7,0,0,1,0,0,0,0,1,1,5,6,1,41,7,-1,-1,-1,-1,1,E01001562,0,1
2025010567981,2025,010567981,1,9,0,13,13,7,3,0,0,1,0,0,0,0,1,1,6,6,1,22,5,-1,-1,-1,-1,3,E01001547,0,2
2025010567982,2025,010567982,1,9,0,99,99,9,9,99,99,9,9,99,9,99,1,1,6,6,1,29,6,-1,-1,-1,-1,9,E01000751,0,1
2025010567983,2025,010567983,2,9,0,99,99,9,9,99,99,9,9,99,9,99,2,9,6,6,3,-1,-1,-1,-1,-1,-1,-1,-1,0,-1
2025010567983,2025,010567983,1,3,0,99,99,9,9,99,99,9,9,99,9,99,1,1,1,1,1,30,6,-1,-1,-1,-1,6,E01017809,0,4
2025010567986,2025,010567986,2,9,9,13,13,9,9,99,99,9,9,99,9,99,9,9,6,6,3,-1,-1,-1,-1,-1,-1,-1,-1,0,-1