collision_index,collision_year,collision_ref_no,vehicle_reference,vehicle_type,towing_and_articulation,vehicle_manoeuvre_historic,vehicle_manoeuvre,vehicle_direction_from,vehicle_direction_to,vehicle_location_restricted_lane_historic,vehicle_location_restricted_lane,junction_location,skidding_and_overturning,hit_object_in_carriageway,vehicle_leaving_carriageway,hit_object_off_carriageway,first_point_of_impact,vehicle_left_hand_drive,journey_purpose_of_driver_historic,journey_purpose_of_driver,sex_of_driver,age_of_driver,age_band_of_driver,engine_capacity_cc,propulsion_code,age_of_vehicle,generic_make_model,driver_imd_decile,lsoa_of_driver,escooter_flag,driver_distance_banding
2025010568856,2025,010568856,2,9,0,18,19,7,3,0,0,1,0,0,0,0,1,1,6,6,1,53,8,-1,-1,-1,-1,8,E01003904,0,1
2025010568856,2025,010568856,1,9,0,6,6,6,6,0,0,1,0,0,0,0,3,1,5,6,1,67,10,-1,-1,-1,-1,5,E01002671,0,1
2025010568857,2025,010568857,2,9,0,99,99,9,9,99,99,9,9,99,9,99,9,9,6,6,3,-1,-1,-1,-1,-1,-1,5,E01003640,0,1
2025010568857,2025,010568857,1,9,0,99,99,9,9,99,99,9,9,99,9,99,9,9,5,6,1,29,6,-1,-1,-1,-1,6,E01003755,0,1
2025010568858,2025,010568858,2,1,0,13,13,7,3,0,0,1,0,0,0,0,1,1,6,6,1,30,6,-1,-1,-1,-1,7,E01001882,0,1
2025010568858,2025,010568858,1,8,0,9,9,7,5,0,0,1,0,0,0,0,3,1,1,1,1,58,9,-1,-1,-1,-1,10,E01030408,0,3
2025010568859,2025,010568859,1,1,9,99,99,9,9,99,99,9,9,99,9,99,2,1,5,6,1,47,8,-1,-1,-1,-1,3,E01002068,0,2
2025010568859,2025,010568859,2,11,0,99,99,9,9,99,99,9,9,99,9,99,9,1,6,6,3,-1,-1,-1,-1,-1,-1,-1,-1,0,-1
2025010568868,2025,010568868,2,1,0,18,19,1,5,0,0,1,0,0,0,0,4,1,6,6,1,15,3,-1,-1,-1,-1,2,E01001787,0,1
2025010568868,2025,010568868,1,9,0,10,10,3,1,0,0,1,0,0,0,0,1,1,5,6,1,48,8,-1,-1,-1,-1,2,E01000028,0,3
2025010568870,2025,010568870,2,9,0,9,9,2,8,0,0,8,0,0,0,0,1,1,6,6,1,63,9,-1,-1,-1,-1,4,E01001768,0,1
2025010568870,2025,010568870,1,3,0,9,9,1,6,0,0,8,5,0,0,0,4,1,6,6,1,21,5,-1,-1,-1,-1,3,E01002018,0,1
2025010568871,2025,010568871,3,9,5,2,2,0,0,7,6,0,0,0,0,0,2,1,6,6,3,-1,-1,-1,-1,-1,-1,-1,-1,0,-1
2025010568871,2025,010568871,1,9,0,18,19,5,1,7,6,0,0,4,0,0,1,1,5,6,2,46,8,-1,-1,-1,-1,-1,-1,0,-1
2025010568871,2025,010568871,2,9,0,2,2,0,0,8,6,0,0,4,0,0,0,1,6,6,3,-1,-1,-1,-1,-1,-1,-1,-1,0,-1
2025010568873,2025,010568873,1,9,0,99,99,9,9,99,99,9,9,99,9,99,2,9,5,6,1,60,9,-1,-1,-1,-1,6,E01001350,0,1
2025010568873,2025,010568873,2,9,0,99,99,9,9,99,99,9,9,99,9,99,1,9,6,6,2,-1,-1,-1,-1,-1,-1,-1,-1,0,-1
2025010568881,2025,010568881,1,11,0,4,4,4,8,0,0,1,0,0,0,0,0,1,1,1,1,39,7,-1,-1,-1,-1,3,E01001311,0,2
2025010568884,2025,010568884,1,1,9,99,99,9,9,99,99,1,9,99,9,99,2,1,1,1,1,23,5,-1,-1,-1,-1,4,E01035686,0,2
2025010568884,2025,010568884,2,9,0,99,99,9,9,99,99,5,9,99,9,99,1,9,6,6,3,-1,-1,-1,-1,-1,-1,-1,-1,0,-1
2025010568886,2025,010568886,2,9,0,2,2,0,0,9,9,2,0,0,0,0,2,1,6,6,3,-1,-1,-1,-1,-1,-1,-1,-1,0,-1
2025010568886,2025,010568886,1,9,0,18,19,1,5,0,0,1,0,0,0,0,1,1,5,6,2,60,9,-1,-1,-1,-1,3,E01003720,0,1
2025010568886,2025,010568886,3,9,0,8,8,7,1,0,0,6,0,0,0,0,1,1,6,6,1,62,9,-1,-1,-1,-1,5,E01003704,0,1
2025010568887,2025,010568887,1,9,0,18,19,7,3,0,0,0,0,0,0,0,0,1,1,1,1,32,6,-1,-1,-1,-1,2,E01034149,0,1
2025010568887,2025,010568887,2,3,0,18,19,7,3,0,0,0,0,10,0,0,1,1,6,6,1,25,5,-1,-1,-1,-1,-1,-1,0,-1
2025010568887,2025,010568887,3,9,0,3,3,7,3,0,0,0,0,0,0,0,0,1,1,1,1,51,8,-1,-1,-1,-1,-1,-1,0,-1
2025010568889,2025,010568889,1,3,0,99,99,9,9,99,99,9,9,99,9,99,1,1,5,6,1,26,6,-1,-1,-1,-1,4,E01003025,0,1
2025010568889,2025,010568889,2,9,0,99,99,9,9,99,99,9,9,99,9,99,1,9,6,6,3,-1,-1,-1,-1,-1,-1,-1,-1,0,-1
2025010568899,2025,010568899,1,9,0,5,5,3,7,0,0,5,0,0,7,0,1,1,2,2,2,35,6,-1,-1,-1,-1,6,E01003394,0,2
2025010568899,2025,010568899,2,3,0,17,19,1,5,0,0,8,5,0,7,0,4,1,6,6,1,42,7,-1,-1,-1,-1,5,E01004177,0,1
2025010568900,2025,010568900,1,9,0,99,99,9,9,99,99,9,9,99,9,99,1,9,2,2,2,36,7,-1,-1,-1,-1,3,E01001493,0,1
2025010568900,2025,010568900,2,97,0,99,99,9,9,99,99,9,9,99,9,99,1,1,6,6,3,-1,-1,-1,-1,-1,-1,-1,-1,0,-1
2025010568904,2025,010568904,1,3,0,18,19,7,3,0,0,8,0,0,0,0,1,1,6,6,1,54,8,-1,-1,-1,-1,3,E01024583,0,4
2025010568904,2025,010568904,2,9,0,9,9,3,8,0,0,8,0,0,0,0,1,1,5,6,2,42,7,-1,-1,-1,-1,3,E01003286,0,1
2025010568909,2025,010568909,1,9,0,18,19,8,4,0,0,0,0,0,0,0,4,1,6,6,3,-1,-1,-1,-1,-1,-1,-1,-1,0,-1
2025010568909,2025,010568909,2,1,0,5,5,4,8,0,0,0,0,0,0,0,4,1,6,6,1,36,7,-1,-1,-1,-1,4,E01000031,0,1
2025010568916,2025,010568916,1,3,0,13,13,7,3,0,0,3,0,0,0,0,3,1,2,2,1,27,6,-1,-1,-1,-1,7,E01002655,0,1
2025010568916,2025,010568916,2,9,0,9,9,7,4,0,0,4,0,0,0,0,1,1,5,6,2,33,6,-1,-1,-1,-1,5,E01002607,0,1
2025010568924,2025,010568924,1,9,0,5,5,3,7,0,0,0,0,0,0,0,4,1,5,6,1,42,7,-1,-1,-1,-1,5,E01003724,0,3
2025010568924,2025,010568924,2,21,0,1,1,1,5,9,9,0,0,0,0,0,0,1,1,1,1,40,7,-1,-1,-1,-1,-1,-1,0,-1
2025010568925,2025,010568925,2,11,0,18,19,7,3,0,0,0,0,0,0,0,2,1,1,1,1,67,10,-1,-1,-1,-1,4,E01001793,0,1
2025010568925,2025,010568925,1,9,0,18,19,3,7,0,0,0,0,0,0,0,3,1,5,6,2,37,7,-1,-1,-1,-1,5,E01024551,0,4
2025010568926,2025,010568926,1,11,0,4,4,3,7,0,0,2,0,0,0,0,0,1,1,1,1,64,9,-1,-1,-1,-1,2,E01001507,0,1
2025010568928,2025,010568928,2,1,0,18,19,7,3,0,0,8,0,0,0,0,2,1,5,6,1,19,4,-1,-1,-1,-1,2,E01002041,0,1
2025010568928,2025,010568928,1,9,0,18,19,7,3,0,0,8,0,0,0,0,1,1,6,6,1,26,6,-1,-1,-1,-1,2,E01002096,0,1
2025010568929,2025,010568929,1,4,0,18,19,3,7,0,0,1,0,0,0,0,0,1,6,6,3,-1,-1,-1,-1,-1,-1,-1,-1,0,-1
2025010568932,2025,010568932,2,9,0,18,19,5,1,0,0,1,0,0,0,0,2,1,6,6,1,41,7,-1,-1,-1,-1,8,E01004479,0,1
2025010568932,2025,010568932,1,9,0,18,19,5,1,0,0,1,0,0,0,0,1,1,6,6,1,27,6,-1,-1,-1,-1,3,E01001109,0,2
2025010568932,2025,010568932,3,11,0,18,19,5,1,0,0,6,0,0,0,0,2,1,1,1,1,55,8,-1,-1,-1,-1,3,E01001111,0,2
2025010568936,2025,010568936,1,90,0,18,19,3,7,0,0,8,0,0,0,0,3,1,1,1,1,55,8,-1,-1,-1,-1,3,E01026075,0,5
2025010568936,2025,010568936,2,3,0,18,19,1,5,0,0,8,0,0,0,0,1,1,6,6,1,34,6,-1,-1,-1,-1,2,E01002760,0,1
2025010568937,2025,010568937,1,9,0,1,1,1,5,0,0,0,0,0,0,0,2,1,1,1,1,73,10,-1,-1,-1,-1,9,E01000659,0,4
2025010568938,2025,010568938,2,9,0,99,99,9,9,99,99,9,9,99,9,99,9,9,6,6,3,-1,-1,-1,-1,-1,-1,-1,-1,0,-1
2025010568938,2025,010568938,1,1,9,99,99,9,9,4,4,9,9,99,9,99,9,1,5,6,1,49,8,-1,-1,-1,-1,3,E01002729,0,1
2025010568943,2025,010568943,2,1,0,14,14,2,6,0,0,0,1,0,0,0,3,1,2,2,2,28,6,-1,-1,-1,-1,3,E01002056,0,1
2025010568943,2025,010568943,1,19,0,13,13,2,6,0,0,0,0,0,0,0,3,1,6,6,3,-1,-1,-1,-1,-1,-1,-1,-1,0,-1
2025010568945,2025,010568945,1,9,0,-1,-1,7,3,0,0,8,0,0,0,0,2,1,5,6,1,61,9,-1,-1,-1,-1,4,E01001816,0,2
2025010568945,2025,010568945,2,9,0,-1,-1,3,7,0,0,8,0,0,0,0,1,1,3,7,2,37,7,-1,-1,-1,-1,4,E01002070,0,1
2025010568945,2025,010568945,3,9,0,-1,-1,3,7,0,0,8,0,0,0,0,2,1,6,6,3,-1,-1,-1,-1,-1,-1,-1,-1,0,-1
2025010568947,2025,010568947,1,9,0,5,5,5,1,0,0,1,1,0,3,0,1,1,5,6,2,19,4,-1,-1,-1,-1,8,E01002372,0,1
2025010568949,2025,010568949,1,9,0,4,4,8,4,0,0,0,0,0,0,0,2,1,5,6,2,51,8,-1,-1,-1,-1,4,E01000561,0,1
2025010568949,2025,010568949,2,1,0,4,4,8,4,0,0,0,0,0,0,0,1,1,5,6,2,16,4,-1,-1,-1,-1,4,E01000561,0,1
2025010568952,2025,010568952,2,9,0,99,99,9,9,99,99,9,9,99,9,99,1,9,6,6,3,-1,-1,-1,-1,-1,-1,3,E01001502,0,3
2025010568952,2025,010568952,1,1,9,99,99,9,9,99,99,9,9,99,9,99,9,1,6,6,3,18,4,-1,-1,-1,-1,4,E01004760,0,1
2025010568958,2025,010568958,2,9,0,5,5,0,5,0,0,0,0,0,0,0,1,1,5,6,1,17,4,-1,-1,-1,-1,8,E01003814,0,1
2025010568958,2025,010568958,1,1,0,4,4,5,1,0,0,0,0,0,0,0,1,1,5,6,1,9,2,-1,-1,-1,-1,8,E01003815,0,1
2025010568961,2025,010568961,1,9,0,16,19,3,7,0,0,2,0,10,4,11,1,1,6,6,1,51,8,-1,-1,-1,-1,9,E01024146,0,2
2025010568962,2025,010568962,4,21,1,2,2,0,0,6,6,0,0,0,0,0,2,1,6,6,3,-1,-1,-1,-1,-1,-1,-1,-1,0,-1
2025010568962,2025,010568962,1,9,0,12,12,7,3,0,0,0,1,4,0,0,2,1,6,6,1,32,6,-1,-1,-1,-1,7,E01016401,0,4
2025010568962,2025,010568962,2,9,0,18,19,7,3,0,0,0,0,0,0,0,0,1,5,6,1,56,9,-1,-1,-1,-1,-1,-1,0,-1
2025010568962,2025,010568962,3,9,0,3,3,7,3,6,6,0,0,0,0,0,2,1,6,6,1,49,8,-1,-1,-1,-1,3,E01015921,0,4
2025010568964,2025,010568964,1,9,0,6,6,1,1,2,2,1,0,0,0,0,4,1,2,2,1,35,6,-1,-1,-1,-1,9,E01003749,0,2
2025010568964,2025,010568964,2,3,0,15,15,5,1,2,2,1,0,0,1,0,1,1,5,6,1,17,4,-1,-1,-1,-1,9,E01021453,0,4
2025010568966,2025,010568966,1,9,0,9,9,3,8,0,0,1,0,0,0,0,4,1,6,6,2,20,4,-1,-1,-1,-1,4,E01000929,0,1
2025010568966,2025,010568966,2,3,0,15,15,3,7,0,0,2,0,0,1,0,1,1,6,6,1,33,6,-1,-1,-1,-1,6,E01002062,0,2
2025010568968,2025,010568968,2,1,0,13,13,1,5,0,0,1,5,0,0,0,1,1,6,6,1,43,7,-1,-1,-1,-1,4,E01003180,0,1
2025010568968,2025,010568968,1,11,0,4,4,1,5,0,0,1,0,0,0,0,3,1,1,1,1,41,7,-1,-1,-1,-1,3,E01003942,0,1
2025010568970,2025,010568970,2,1,0,18,19,7,3,0,0,1,0,0,0,0,0,1,3,7,1,22,5,-1,-1,-1,-1,2,E01004241,0,1
2025010568970,2025,010568970,1,9,0,18,19,3,7,0,0,6,0,0,0,0,1,1,6,6,2,22,5,-1,-1,-1,-1,2,E01004268,0,1
2025010568985,2025,010568985,1,1,9,99,99,9,9,99,99,9,9,99,9,99,1,1,2,2,1,33,6,-1,-1,-1,-1,5,E01003195,0,3
2025010568985,2025,010568985,2,90,0,99,99,9,9,99,99,9,9,99,9,99,0,9,6,6,3,-1,-1,-1,-1,-1,-1,-1,-1,0,-1
2025010568988,2025,010568988,1,9,0,18,19,1,5,0,0,1,0,0,0,0,0,1,5,6,2,28,6,-1,-1,-1,-1,5,E01004371,0,1
2025010568992,2025,010568992,2,9,0,99,99,9,9,99,99,9,9,99,9,99,1,9,6,6,3,-1,-1,-1,-1,-1,-1,-1,-1,0,-1
2025010568992,2025,010568992,1,3,0,99,99,9,9,99,99,9,9,99,9,99,9,1,5,6,3,25,5,-1,-1,-1,-1,2,E01033926,0,2
2025010568995,2025,010568995,2,9,0,99,99,9,9,99,99,9,9,99,9,99,1,9,6,6,3,-1,-1,-1,-1,-1,-1,-1,-1,0,-1
2025010568995,2025,010568995,1,1,9,99,99,9,9,99,99,9,9,99,9,99,9,1,5,6,1,23,5,-1,-1,-1,-1,2,E01003021,0,1
2025010568995,2025,010568995,3,9,9,99,99,9,9,99,99,9,9,99,9,99,9,9,6,6,3,-1,-1,-1,-1,-1,-1,-1,-1,0,-1
2025010568996,2025,010568996,1,1,0,15,15,1,5,0,0,1,1,0,0,0,1,1,2,2,1,18,4,-1,-1,-1,-1,3,E01001969,0,1
2025010568996,2025,010568996,2,19,0,7,7,1,3,0,0,5,0,0,0,0,4,1,1,1,1,39,7,-1,-1,-1,-1,4,E01017581,0,4
2025010569003,2025,010569003,1,9,0,-1,-1,3,7,0,0,8,0,0,0,0,1,1,5,6,1,78,11,-1,-1,-1,-1,8,E01002321,0,1
2025010569003,2025,010569003,2,9,0,3,3,5,1,0,0,8,0,0,0,0,1,1,5,6,1,26,6,-1,-1,-1,-1,7,E01002265,0,1
2025010569004,2025,010569004,1,3,0,18,19,9,9,99,99,9,9,99,9,99,9,1,2,2,2,38,7,-1,-1,-1,-1,2,E01003087,0,1
2025010569004,2025,010569004,2,19,0,5,5,9,9,99,99,9,9,99,9,99,0,9,6,6,3,-1,-1,-1,-1,-1,-1,-1,-1,0,-1
2025010569005,2025,010569005,1,1,9,99,99,9,9,99,99,9,9,99,9,99,9,1,6,6,3,-1,-1,-1,-1,-1,-1,-1,-1,0,-1
2025010569006,2025,010569006,2,9,0,99,99,9,9,99,99,9,9,99,9,99,9,9,6,6,3,54,8,-1,-1,-1,-1,5,E01001407,0,1
2025010569006,2025,010569006,1,3,0,99,99,9,9,99,99,9,9,99,9,99,9,1,1,1,1,26,6,-1,-1,-1,-1,3,E01001546,0,1
2025010569008,2025,010569008,1,1,9,99,99,9,9,4,4,9,9,99,9,99,9,1,2,2,1,24,5,-1,-1,-1,-1,2,E01004298,0,1
2025010569008,2025,010569008,2,19,0,99,99,9,9,99,99,9,9,99,9,99,9,9,6,6,3,-1,-1,-1,-1,-1,-1,3,E01011601,0,5
2025010569009,2025,010569009,2,9,0,99,99,9,9,99,99,9,9,99,9,99,2,9,6,6,3,-1,-1,-1,-1,-1,-1,-1,-1,0,-1
2025010569009,2025,010569009,1,1,9,99,99,9,9,99,99,9,9,99,9,99,2,1,5,6,1,21,5,-1,-1,-1,-1,4,E01001883,0,1
2025010569011,2025,010569011,1,19,0,18,19,7,3,0,0,1,0,0,0,0,1,1,1,1,2,54,8,-1,-1,-1,-1,2,E01000096,0,1
2025010569018,2025,010569018,1,3,0,99,99,9,9,99,99,9,9,99,9,99,1,1,1,1,1,30,6,-1,-1,-1,-1,3,E01003526,0,1
2025010569018,2025,010569018,2,9,0,99,99,9,9,99,99,9,9,99,9,99,1,9,6,6,3,-1,-1,-1,-1,-1,-1,-1,-1,0,-1
2025010569020,2025,010569020,1,9,0,9,9,2,8,0,0,5,0,0,0,0,1,1,1,1,1,52,8,-1,-1,-1,-1,3,E01000046,0,2
2025010569022,2025,010569022,1,3,0,13,13,5,1,0,0,1,0,0,0,0,1,1,1,1,1,34,6,-1,-1,-1,-1,6,E01004481,0,1
2025010569022,2025,010569022,2,9,0,3,3,1,5,0,0,1,0,0,0,0,1,1,5,6,2,41,7,-1,-1,-1,-1,6,E01004636,0,1
2025010569024,2025,010569024,1,9,0,99,99,9,9,99,99,9,9,99,9,99,2,9,5,6,2,33,6,-1,-1,-1,-1,6,E01035281,0,3
2025010569024,2025,010569024,2,9,0,99,99,9,9,99,99,9,9,99,9,99,1,9,6,6,3,33,6,-1,-1,-1,-1,3,E01032562,0,2
2025010569027,2025,010569027,1,9,0,18,19,7,3,0,0,0,0,0,0,0,1,1,5,6,1,33,6,-1,-1,-1,-1,-1,-1,0,-1
2025010569028,2025,010569028,2,8,0,99,99,9,9,99,99,9,9,99,9,99,1,9,6,6,3,-1,-1,-1,-1,-1,-1,-1,-1,0,-1
2025010569028,2025,010569028,1,1,9,99,99,9,9,99,99,9,9,99,9,99,1,1,2,2,1,28,6,-1,-1,-1,-1,5,E01035487,0,1
2025010569030,2025,010569030,1,9,0,9,9,6,5,0,0,8,0,0,0,0,4,1,5,6,2,42,7,-1,-1,-1,-1,4,E01004642,0,1
2025010569030,2025,010569030,2,1,0,18,19,2,6,0,0,8,0,0,0,0,1,1,5,6,2,25,5,-1,-1,-1,-1,3,E01003182,0,2
2025010569032,2025,010569032,1,9,0,9,9,5,3,0,0,5,0,0,0,0,3,1,2,2,1,54,8,-1,-1,-1,-1,2,E01003601,0,1
2025010569032,2025,010569032,2,1,0,18,19,1,5,0,0,8,0,0,0,0,1,1,1,1,1,22,5,-1,-1,-1,-1,3,E01003618,0,1
2025010569035,2025,010569035,2,9,0,99,99,9,9,99,99,9,9,99,9,99,1,9,6,6,3,-1,-1,-1,-1,-1,-1,-1,-1,0,-1
2025010569035,2025,010569035,1,5,0,99,99,9,9,99,99,9,9,99,9,99,1,1,5,6,3,30,6,-1,-1,-1,-1,3,E01001831,0,3
2025010569039,2025,010569039,1,1,9,99,99,9,9,99,99,9,9,99,9,99,9,1,2,2,1,38,7,-1,-1,-1,-1,7,E01001302,0,3
2025010569044,2025,010569044,1,1,0,18,19,8,4,0,0,8,0,0,0,0,1,1,2,2,2,46,8,-1,-1,-1,-1,2,E01033709,0,1
2025010569044,2025,010569044,2,9,0,18,19,6,2,0,0,1,0,0,0,0,1,1,6,6,2,30,6,-1,-1,-1,-1,5,E01024595,0,4
2025010569045,2025,010569045,3,9,0,18,19,6,2,0,0,1,0,10,1,2,1,1,6,6,1,24,5,-1,-1,-1,-1,2,E01003336,0,3
2025010569045,2025,010569045,1,9,0,12,12,6,2,0,0,1,0,0,0,0,0,1,2,2,2,49,8,-1,-1,-1,-1,4,E01000408,0,1
2025010569045,2025,010569045,2,9,0,18,19,6,2,0,0,6,0,0,0,0,2,1,5,6,1,69,10,-1,-1,-1,-1,5,E01000467,0,1
2025010569048,2025,010569048,1,11,0,99,99,9,9,99,99,0,9,99,9,99,1,9,6,6,3,-1,-1,-1,-1,-1,-1,-1,-1,0,-1
2025010569049,2025,010569049,1,3,0,99,99,9,9,99,99,9,9,99,9,99,1,1,6,6,3,-1,-1,-1,-1,-1,-1,-1,-1,0,-1
2025010569051,2025,010569051,1,9,0,9,9,3,8,0,0,8,0,0,0,0,1,1,6,6,1,36,7,-1,-1,-1,-1,5,E01004750,0,1
2025010569051,2025,010569051,2,1,0,18,19,8,4,0,0,8,5,0,0,0,3,1,2,2,1,29,6,-1,-1,-1,-1,4,E01004066,0,1
2025010569054,2025,010569054,2,3,0,18,19,7,3,0,0,8,0,10,0,0,4,1,6,6,1,19,4,-1,-1,-1,-1,2,E01000744,0,1
2025010569054,2025,010569054,1,9,0,9,9,6,3,0,0,6,0,0,0,0,1,1,5,6,2,37,7,-1,-1,-1,-1,6,E01000706,0,1
2025010569056,2025,010569056,1,3,0,18,19,1,5,0,0,8,5,0,0,0,0,1,5,6,1,49,8,-1,-1,-1,-1,8,E01000388,0,3
2025010569056,2025,010569056,2,1,0,18,19,3,7,0,0,8,5,0,0,0,0,1,5,6,1,41,7,-1,-1,-1,-1,4,E01004421,0,2
2025010569062,2025,010569062,1,9,0,5,5,5,1,0,0,0,0,0,3,0,1,1,6,6,2,26,6,-1,-1,-1,-1,2,E01003063,0,3
2025010569066,2025,010569066,1,9,0,99,99,9,9,99,99,9,9,99,9,99,4,9,5,6,2,42,7,-1,-1,-1,-1,8,E01023433,0,4
2025010569066,2025,010569066,2,9,0,99,99,9,9,99,99,9,9,99,9,99,9,9,6,6,3,-1,-1,-1,-1,-1,-1,10,E01003846,0,1
2025010569070,2025,010569070,2,9,0,9,9,1,7,0,0,2,0,10,0,0,3,1,6,6,2,45,7,-1,-1,-1,-1,7,E01001313,0,1
2025010569070,2025,010569070,1,9,0,4,4,7,3,0,0,2,0,0,0,0,3,1,6,6,1,40,7,-1,-1,-1,-1,-1,-1,0,-1
2025010569072,2025,010569072,1,8,0,99,99,9,9,99,99,9,9,99,9,99,1,9,6,6,3,55,8,-1,-1,-1,-1,3,E01001970,0,1
2025010569073,2025,010569073,1,3,0,18,19,7,3,0,0,0,5,0,0,0,1,1,1,1,1,34,6,-1,-1,-1,-1,6,E01021906,0,4
2025010569073,2025,010569073,2,9,0,12,12,7,3,0,0,0,0,0,0,0,3,1,1,1,1,45,7,-1,-1,-1,-1,4,E01003485,0,1
2025010569074,2025,010569074,1,3,0,99,99,9,9,99,99,9,9,99,9,99,1,1,1,1,1,27,6,-1,-1,-1,-1,6,E01001295,0,1
2025010569074,2025,010569074,2,9,0,99,99,9,9,99,99,9,9,99,9,99,9,9,6,6,1,27,6,-1,-1,-1,-1,5,E01001344,0,1
2025010569075,2025,010569075,2,9,0,99,99,9,9,99,99,9,9,99,9,99,1,9,6,6,1,48,8,-1,-1,-1,-1,7,E01004077,0,1
2025010569075,2025,010569075,1,1,9,99,99,9,9,99,99,9,9,99,9,99,9,1,2,2,1,40,7,-1,-1,-1,-1,2,E01034148,0,1
2025010569085,2025,010569085,1,9,0,99,99,9,9,99,99,9,9,99,9,99,2,9,5,6,2,30,6,-1,-1,-1,-1,4,E01004437,0,1
2025010569085,2025,010569085,2,9,0,99,99,9,9,99,99,9,9,99,9,99,2,9,6,6,3,-1,-1,-1,-1,-1,-1,1,E01004399,0,1
2025010569086,2025,010569086,1,11,0,5,5,7,3,2,2,8,0,0,0,0,1,1,1,1,1,64,9,-1,-1,-1,-1,2,E01003984,0,1
2025010569087,2025,010569087,3,9,0,18,19,7,3,0,0,1,0,0,0,0,1,1,6,6,2,17,4,-1,-1,-1,-1,7,E01002337,0,1
2025010569087,2025,010569087,1,9,0,3,3,7,3,0,0,1,0,0,0,0,0,1,5,6,1,39,7,-1,-1,-1,-1,8,E01002321,0,1
2025010569087,2025,010569087,2,9,0,3,3,7,3,0,0,1,0,0,0,0,0,2,5,6,2,33,6,-1,-1,-1,-1,2,E01000015,0,1
2025010569089,2025,010569089,2,9,0,9,9,7,5,0,0,8,0,0,0,0,1,1,5,6,2,40,7,-1,-1,-1,-1,4,E01001296,0,1
2025010569089,2025,010569089,1,9,0,18,19,3,7,0,0,8,0,0,0,0,1,1,2,2,1,38,7,-1,-1,-1,-1,3,E01034609,0,1
2025010569098,2025,010569098,1,9,0,2,2,0,0,4,4,0,0,0,0,0,4,1,6,6,3,-1,-1,-1,-1,-1,-1,-1,-1,0,-1
2025010569098,2025,010569098,2,1,3,14,14,3,7,4,4,0,1,4,0,0,4,1,5,6,1,31,6,-1,-1,-1,-1,6,E01001198,0,1
2025010569099,2025,010569099,2,19,0,4,4,1,5,0,0,1,0,0,0,0,1,1,1,1,1,27,6,-1,-1,-1,-1,2,E01000079,0,2
2025010569099,2025,010569099,3,9,0,4,4,5,1,0,0,8,0,0,0,0,2,1,5,6,2,19,4,-1,-1,-1,-1,3,E01002375,0,2
2025010569099,2025,010569099,1,9,0,4,4,1,5,0,0,1,0,0,0,0,2,1,1,1,1,64,9,-1,-1,-1,-1,-1,-1,0,-1
2025010569102,2025,010569102,2,2,0,5,5,6,2,0,0,1,0,0,0,0,1,1,5,6,1,22,5,-1,-1,-1,-1,7,E01002423,0,1
2025010569102,2025,010569102,1,9,0,7,7,6,8,0,0,1,0,0,0,0,2,1,2,2,2,56,9,-1,-1,-1,-1,9,E01030322,0,3
2025010569106,2025,010569106,2,9,0,18,19,1,5,0,0,8,0,0,0,0,2,1,5,6,1,28,6,-1,-1,-1,-1,6,E01000069,0,1
2025010569106,2025,010569106,1,9,0,18,19,1,5,0,0,8,0,0,0,0,0,1,5,6,1,36,7,-1,-1,-1,-1,7,E01034462,0,4
2025010569107,2025,010569107,2,20,0,2,2,0,0,0,0,2,0,0,0,0,2,1,6,6,3,-1,-1,-1,-1,-1,-1,-1,-1,0,-1
2025010569107,2025,010569107,1,9,0,18,19,3,7,0,0,2,0,0,0,0,1,1,5,6,2,35,6,-1,-1,-1,-1,4,E01001406,0,1
2025010569108,2025,010569108,3,9,0,18,19,7,3,0,0,0,0,0,0,0,2,1,2,2,1,40,7,-1,-1,-1,-1,-1,-1,0,-1
2025010569108,2025,010569108,4,9,0,18,19,7,3,0,0,0,0,0,0,0,2,1,6,6,1,37,7,-1,-1,-1,-1,6,E01018187,0,4
2025010569108,2025,010569108,1,9,0,4,4,7,3,0,0,0,0,0,0,0,1,1,6,6,3,-1,-1,-1,-1,-1,-1,-1,-1,0,-1
2025010569108,2025,010569108,2,9,0,4,4,7,3,0,0,0,0,0,0,0,2,1,6,6,1,25,5,-1,-1,-1,-1,9,E01027042,0,4
2025010569111,2025,010569111,2,1,0,12,12,7,3,0,0,2,0,0,0,0,2,1,5,6,1,27,6,-1,-1,-1,-1,2,E01033866,0,1
2025010569111,2025,010569111,1,3,0,18,19,5,1,0,0,2,0,0,0,0,1,1,5,6,1,25,5,-1,-1,-1,-1,6,E01003033,0,1
2025010569112,2025,010569112,2,3,0,18,19,5,1,0,0,8,0,0,0,0,1,1,6,6,1,24,5,-1,-1,-1,-1,-1,-1,0,-1
2025010569112,2025,010569112,1,3,0,18,19,6,2,0,0,8,0,0,0,0,3,1,1,1,1,29,6,-1,-1,-1,-1,2,E01001151,0,2
2025010569114,2025,010569114,1,9,0,18,19,5,1,0,0,3,2,10,1,2,4,1,6,6,1,39,7,-1,-1,-1,-1,10,E01002419,0,1