collision_index,collision_year,collision_ref_no,vehicle_reference,vehicle_type,towing_and_articulation,vehicle_manoeuvre_historic,vehicle_manoeuvre,vehicle_direction_from,vehicle_direction_to,vehicle_location_restricted_lane_historic,vehicle_location_restricted_lane,junction_location,skidding_and_overturning,hit_object_in_carriageway,vehicle_leaving_carriageway,hit_object_off_carriageway,first_point_of_impact,vehicle_left_hand_drive,journey_purpose_of_driver_historic,journey_purpose_of_driver,sex_of_driver,age_of_driver,age_band_of_driver,engine_capacity_cc,propulsion_code,age_of_vehicle,generic_make_model,driver_imd_decile,lsoa_of_driver,escooter_flag,driver_distance_banding
2025010569115,2025,010569115,2,9,0,18,19,4,8,0,0,8,0,0,0,0,1,1,6,6,1,49,8,-1,-1,-1,-1,7,E01002789,0,2
2025010569115,2025,010569115,1,9,0,3,3,8,4,0,0,8,0,0,0,0,3,1,5,6,1,36,7,-1,-1,-1,-1,7,E01003393,0,3
2025010569115,2025,010569115,4,9,0,3,3,8,4,0,0,8,0,0,0,0,1,1,6,6,1,39,7,-1,-1,-1,-1,3,E01002056,0,1
2025010569115,2025,010569115,3,9,0,3,3,8,4,0,0,8,0,0,0,0,1,1,6,6,2,30,6,-1,-1,-1,-1,3,E01032765,0,1
2025010569118,2025,010569118,2,9,0,3,3,3,7,0,0,6,0,0,0,0,1,1,5,6,1,39,7,-1,-1,-1,-1,-1,-1,0,-1
2025010569118,2025,010569118,1,5,0,14,14,1,5,0,0,1,0,0,0,0,1,1,5,6,1,27,6,-1,-1,-1,-1,-1,-1,0,-1
2025010569119,2025,010569119,1,9,0,10,10,3,1,0,0,6,0,0,0,0,0,1,5,6,1,58,9,-1,-1,-1,-1,6,E01003459,0,1
2025010569119,2025,010569119,2,1,0,18,19,1,5,0,0,8,0,0,0,0,0,1,5,6,1,62,9,-1,-1,-1,-1,6,E01003459,0,1
2025010569121,2025,010569121,1,9,0,9,9,1,6,0,0,8,0,0,0,0,4,1,5,6,2,20,4,-1,-1,-1,-1,8,E01004472,0,1
2025010569121,2025,010569121,2,1,0,18,19,5,1,0,0,8,0,0,0,0,1,1,6,6,1,19,4,-1,-1,-1,-1,7,E01004583,0,1
2025010569123,2025,010569123,1,9,0,7,7,1,3,0,0,5,0,0,1,0,3,1,5,6,1,47,8,-1,-1,-1,-1,6,E01001184,0,2
2025010569123,2025,010569123,2,1,0,18,19,1,5,0,0,1,0,0,0,0,3,1,5,6,1,25,5,-1,-1,-1,-1,-1,-1,0,-1
2025010569124,2025,010569124,2,9,0,18,19,1,5,0,0,0,0,0,0,0,1,1,1,1,1,63,9,-1,-1,-1,-1,5,E01022266,0,5
2025010569124,2025,010569124,1,9,0,18,19,1,5,0,0,0,0,0,4,0,2,1,6,6,2,51,8,-1,-1,-1,-1,4,E01030746,0,1
2025010569125,2025,010569125,1,9,0,99,99,9,9,99,99,9,9,99,9,99,2,9,6,6,3,-1,-1,-1,-1,-1,-1,-1,-1,0,-1
2025010569126,2025,010569126,1,9,0,17,19,5,1,0,0,1,0,0,0,0,1,1,5,6,1,21,5,-1,-1,-1,-1,5,E01003721,0,1
2025010569126,2025,010569126,2,97,0,18,19,1,5,0,0,2,0,0,0,0,1,1,6,6,1,23,5,-1,-1,-1,-1,5,E01003721,0,1
2025010569127,2025,010569127,1,3,0,5,5,3,7,0,0,1,0,0,0,0,1,1,5,6,1,17,4,-1,-1,-1,-1,-1,-1,0,-1
2025010569128,2025,010569128,1,9,0,9,9,5,3,0,0,2,0,0,0,0,0,2,5,6,1,49,8,-1,-1,-1,-1,2,E01004702,0,2
2025010569128,2025,010569128,2,1,0,15,15,7,3,0,0,1,1,0,0,0,0,1,2,2,1,24,5,-1,-1,-1,-1,7,E01002423,0,3
2025010569129,2025,010569129,1,1,0,18,19,1,5,0,0,1,0,0,0,0,3,1,5,6,1,25,5,-1,-1,-1,-1,2,E01003963,0,3
2025010569129,2025,010569129,2,19,0,9,9,3,8,0,0,6,0,0,0,0,1,1,6,6,3,-1,-1,-1,-1,-1,-1,-1,-1,0,-1
2025010569130,2025,010569130,2,19,0,2,2,0,0,2,2,1,0,0,0,0,2,1,6,6,3,-1,-1,-1,-1,-1,-1,-1,-1,0,-1
2025010569130,2025,010569130,1,3,0,18,19,5,1,2,2,1,5,4,0,0,1,1,6,6,1,37,7,-1,-1,-1,-1,2,E01002069,0,1
2025010569134,2025,010569134,1,9,0,3,3,5,1,0,0,1,0,0,0,0,2,1,1,1,1,28,6,-1,-1,-1,-1,3,E01000089,0,3
2025010569134,2025,010569134,3,9,0,14,14,5,1,0,0,1,0,0,0,0,1,1,6,6,3,-1,-1,-1,-1,-1,-1,-1,-1,0,-1
2025010569134,2025,010569134,2,9,0,10,10,5,2,0,0,1,1,0,0,0,2,1,1,1,1,42,7,-1,-1,-1,-1,3,E01001166,0,3
2025010569136,2025,010569136,1,3,0,14,14,1,5,0,0,0,0,0,0,0,4,1,5,6,2,21,5,-1,-1,-1,-1,2,E01002872,0,2
2025010569136,2025,010569136,2,9,0,5,5,1,5,0,0,0,0,0,0,0,3,1,5,6,1,61,9,-1,-1,-1,-1,1,E01015309,0,5
2025010569144,2025,010569144,1,1,0,18,19,1,5,4,4,8,0,10,0,0,3,1,6,6,1,25,5,-1,-1,-1,-1,3,E01002772,0,1
2025010569144,2025,010569144,2,9,9,99,99,9,9,99,99,9,9,99,9,99,9,9,6,6,3,-1,-1,-1,-1,-1,-1,-1,-1,0,-1
2025010569146,2025,010569146,2,5,0,18,19,3,7,0,0,1,0,0,0,0,4,1,6,6,1,55,8,-1,-1,-1,-1,7,E01002883,0,2
2025010569146,2025,010569146,1,9,0,18,19,5,1,0,0,1,0,0,0,0,3,1,6,6,1,31,6,-1,-1,-1,-1,6,E01000927,0,1
2025010569149,2025,010569149,1,3,0,18,19,1,5,0,0,2,0,0,0,0,2,1,1,1,1,30,6,-1,-1,-1,-1,-1,-1,0,-1
2025010569149,2025,010569149,2,9,0,18,19,1,5,0,0,2,0,0,0,0,1,1,5,6,1,50,8,-1,-1,-1,-1,-1,-1,0,-1
2025010569156,2025,010569156,1,1,0,18,19,7,3,0,0,8,0,0,0,0,3,1,1,1,1,31,6,-1,-1,-1,-1,4,E01003117,0,1
2025010569157,2025,010569157,3,9,0,2,2,0,0,0,0,2,1,0,0,0,3,1,6,6,3,-1,-1,-1,-1,-1,-1,-1,-1,0,-1
2025010569157,2025,010569157,1,9,0,7,7,8,1,0,0,2,0,0,0,0,1,1,6,6,1,19,4,-1,-1,-1,-1,3,E01000404,0,1
2025010569157,2025,010569157,2,9,0,7,7,8,1,0,0,1,0,0,0,0,0,1,1,1,1,46,8,-1,-1,-1,-1,-1,-1,0,-1
2025010569159,2025,010569159,2,9,0,5,5,6,2,0,0,0,0,0,0,0,1,1,6,6,1,32,6,-1,-1,-1,-1,-1,-1,0,-1
2025010569159,2025,010569159,1,23,0,18,19,6,2,0,0,0,0,0,0,0,1,1,1,1,1,25,5,-1,-1,-1,-1,3,E01003522,0,1
2025010569162,2025,010569162,2,9,0,2,2,0,0,0,0,0,0,0,0,0,0,1,6,6,3,-1,-1,-1,-1,-1,-1,-1,-1,0,-1
2025010569162,2025,010569162,1,9,0,18,19,3,7,0,0,0,0,0,0,0,0,1,5,6,1,52,8,-1,-1,-1,-1,4,E01032566,0,1
2025010569164,2025,010569164,1,9,0,7,7,3,5,0,0,5,0,0,0,0,1,1,6,6,3,-1,-1,-1,-1,-1,-1,-1,-1,0,-1
2025010569170,2025,010569170,2,1,0,18,19,3,7,0,0,1,0,0,0,0,1,1,5,6,2,29,6,-1,-1,-1,-1,4,E01003230,0,1
2025010569170,2025,010569170,1,9,0,7,7,2,5,0,0,1,0,0,0,0,2,1,5,6,2,46,8,-1,-1,-1,-1,8,E01000710,0,1
2025010569177,2025,010569177,1,1,9,99,99,9,9,99,99,9,9,99,9,99,9,1,5,6,1,18,4,-1,-1,-1,-1,2,E01000544,0,1
2025010569181,2025,010569181,2,9,0,99,99,9,9,99,99,6,9,99,9,99,1,9,6,6,3,-1,-1,-1,-1,-1,-1,-1,-1,0,-1
2025010569181,2025,010569181,1,3,0,99,99,9,9,99,99,1,9,99,9,99,1,1,5,6,3,26,6,-1,-1,-1,-1,3,E01000510,0,1
2025010569194,2025,010569194,2,1,0,18,19,1,5,0,0,2,0,0,0,0,3,1,6,6,1,36,7,-1,-1,-1,-1,6,E01002919,0,2
2025010569194,2025,010569194,1,9,0,15,15,1,5,0,0,2,0,0,0,0,0,1,5,6,1,35,6,-1,-1,-1,-1,8,E01003426,0,2
2025010569207,2025,010569207,2,1,0,18,19,5,1,0,0,1,0,0,0,0,1,1,5,6,1,35,6,-1,-1,-1,-1,2,E01001438,0,1
2025010569207,2025,010569207,1,9,0,18,19,7,3,0,0,6,0,0,0,0,1,1,5,6,2,49,8,-1,-1,-1,-1,8,E01003271,0,4
2025010569208,2025,010569208,2,9,0,18,19,9,9,99,99,9,9,99,9,99,1,9,6,6,3,-1,-1,-1,-1,-1,-1,-1,-1,0,-1
2025010569208,2025,010569208,1,5,0,3,3,9,9,99,99,9,9,99,9,99,2,1,5,6,3,35,6,-1,-1,-1,-1,5,E01033708,0,1
2025010569219,2025,010569219,2,9,0,2,2,0,0,0,0,2,0,0,0,0,2,2,6,6,3,-1,-1,-1,-1,-1,-1,-1,-1,0,-1
2025010569219,2025,010569219,1,5,0,18,19,5,1,0,0,8,0,0,0,0,1,1,5,6,3,21,5,-1,-1,-1,-1,8,E01022139,0,5
2025010569221,2025,010569221,1,19,0,9,9,7,5,0,0,8,0,0,0,0,4,1,1,1,1,38,7,-1,-1,-1,-1,7,E01002570,0,2
2025010569221,2025,010569221,2,1,0,18,19,3,7,0,0,8,0,0,0,0,1,1,6,6,1,25,5,-1,-1,-1,-1,5,E01001741,0,2
2025010569222,2025,010569222,2,9,0,99,99,9,9,99,99,9,9,99,9,99,1,9,6,6,3,-1,-1,-1,-1,-1,-1,5,E01004048,0,1
2025010569222,2025,010569222,1,1,9,99,99,9,9,99,99,9,9,99,9,99,9,1,2,2,2,54,8,-1,-1,-1,-1,9,E01035488,0,1
2025010569226,2025,010569226,1,9,0,18,19,7,3,7,6,1,0,0,0,0,0,1,5,6,2,31,6,-1,-1,-1,-1,3,E01001747,0,2
2025010569227,2025,010569227,1,9,0,99,99,9,9,99,99,9,9,99,9,99,2,9,5,6,1,22,5,-1,-1,-1,-1,3,E01002045,0,2
2025010569227,2025,010569227,2,9,0,99,99,9,9,99,99,9,9,99,9,99,1,9,6,6,1,-1,-1,-1,-1,-1,-1,5,E01002000,0,2
2025010569231,2025,010569231,1,9,0,18,19,8,4,0,0,1,0,0,0,0,2,1,5,6,1,32,6,-1,-1,-1,-1,-1,-1,0,-1
2025010569231,2025,010569231,2,9,0,18,19,8,4,0,0,1,0,0,0,0,1,1,5,6,2,33,6,-1,-1,-1,-1,3,E01000506,0,1
2025010569233,2025,010569233,1,3,0,99,99,9,9,99,99,9,9,99,9,99,9,1,1,1,1,27,6,-1,-1,-1,-1,5,E01033083,0,1
2025010569236,2025,010569236,1,11,0,5,5,3,7,2,2,1,0,0,0,0,0,1,1,1,1,61,9,-1,-1,-1,-1,3,E01003143,0,1
2025010569238,2025,010569238,2,9,0,99,99,9,9,99,99,0,9,99,9,99,9,9,6,6,1,60,9,-1,-1,-1,-1,3,E01002370,0,3
2025010569238,2025,010569238,1,9,0,99,99,9,9,99,99,0,9,99,9,99,2,9,5,6,1,24,5,-1,-1,-1,-1,2,E01004241,0,3
2025010569243,2025,010569243,1,1,0,18,19,1,5,4,4,1,0,0,0,0,2,1,5,6,1,72,10,-1,-1,-1,-1,6,E01002849,0,1
2025010569243,2025,010569243,2,1,0,18,19,1,5,4,4,1,2,0,0,0,1,1,6,6,1,54,8,-1,-1,-1,-1,7,E01002582,0,1
2025010569244,2025,010569244,2,1,9,99,99,9,9,99,99,0,9,99,9,99,1,1,6,6,3,-1,-1,-1,-1,-1,-1,5,E01001853,0,1
2025010569244,2025,010569244,1,9,0,99,99,9,9,99,99,0,9,99,9,99,2,9,2,2,2,52,8,-1,-1,-1,-1,7,E01002982,0,2
2025010569251,2025,010569251,1,3,0,18,19,7,3,9,9,1,0,0,1,2,1,1,6,6,1,17,4,-1,-1,-1,-1,4,E01003999,0,1
2025010569252,2025,010569252,1,9,0,-1,-1,5,1,9,9,2,0,0,7,4,1,1,5,6,1,32,6,-1,-1,-1,-1,7,E01000442,0,1
2025010569255,2025,010569255,2,19,0,99,99,9,9,99,99,9,9,99,9,99,9,9,6,6,3,-1,-1,-1,-1,-1,-1,-1,-1,0,-1
2025010569255,2025,010569255,1,1,9,99,99,9,9,99,99,9,9,99,9,99,9,1,5,6,1,18,4,-1,-1,-1,-1,4,E01003090,0,1
2025010569256,2025,010569256,1,19,0,14,14,3,7,0,0,1,0,0,0,0,3,1,1,1,1,38,7,-1,-1,-1,-1,3,E01001215,0,1
2025010569258,2025,010569258,1,9,0,99,99,9,9,99,99,9,9,99,9,99,1,9,5,6,2,25,5,-1,-1,-1,-1,5,E01001393,0,3
2025010569258,2025,010569258,2,9,9,99,99,9,9,99,99,9,9,99,9,99,9,9,6,6,3,-1,-1,-1,-1,-1,-1,-1,-1,0,-1
2025010569258,2025,010569258,3,98,9,99,99,9,9,99,99,9,9,99,9,99,9,9,6,6,1,58,9,-1,-1,-1,-1,8,E01023541,0,2
2025010569261,2025,010569261,1,9,0,-1,-1,1,5,0,0,2,0,0,0,0,1,1,6,6,3,-1,-1,-1,-1,-1,-1,-1,-1,0,-1
2025010569264,2025,010569264,1,9,0,99,99,9,9,99,99,9,9,99,9,99,2,9,2,2,1,41,7,-1,-1,-1,-1,2,E01003300,0,1
2025010569267,2025,010569267,2,9,0,99,99,9,9,99,99,9,9,99,9,99,1,9,6,6,3,-1,-1,-1,-1,-1,-1,-1,-1,0,-1
2025010569267,2025,010569267,1,9,0,99,99,9,9,99,99,9,9,99,9,99,1,9,5,6,2,43,7,-1,-1,-1,-1,2,E01001430,0,1
2025010569270,2025,010569270,1,9,0,6,6,3,3,0,0,6,0,0,1,7,1,1,5,6,1,66,10,-1,-1,-1,-1,5,E01023843,0,3
2025010569270,2025,010569270,2,9,0,18,19,3,7,0,0,6,0,0,0,0,1,1,5,6,1,44,7,-1,-1,-1,-1,2,E01001334,0,2
2025010569271,2025,010569271,1,4,0,18,19,1,5,0,0,8,0,0,0,0,3,1,5,6,1,31,6,-1,-1,-1,-1,2,E01033882,0,1
2025010569274,2025,010569274,2,3,0,99,99,9,9,99,99,9,9,99,9,99,1,1,6,6,3,-1,-1,-1,-1,-1,-1,-1,-1,0,-1
2025010569274,2025,010569274,1,1,9,99,99,9,9,99,99,9,9,99,9,99,2,1,2,2,2,50,8,-1,-1,-1,-1,4,E01004303,0,1
2025010569286,2025,010569286,1,9,0,99,99,9,9,99,99,9,9,99,9,99,9,9,5,6,2,27,6,-1,-1,-1,-1,9,E01002256,0,1
2025010569287,2025,010569287,1,20,0,9,9,7,4,0,0,8,0,0,0,0,3,1,6,6,3,-1,-1,-1,-1,-1,-1,-1,-1,0,-1
2025010569288,2025,010569288,1,1,0,9,9,3,8,4,4,3,0,0,1,0,1,1,5,6,2,31,6,-1,-1,-1,-1,3,E01035658,0,1
2025010569291,2025,010569291,1,3,0,18,19,7,3,0,0,8,0,0,0,0,1,1,6,6,1,28,6,-1,-1,-1,-1,3,E01001154,0,1
2025010569291,2025,010569291,2,9,0,9,9,1,6,0,0,8,0,0,0,0,1,1,1,1,1,43,7,-1,-1,-1,-1,7,E01004173,0,1
2025010569292,2025,010569292,2,1,9,99,99,9,9,99,99,9,9,99,9,99,1,1,6,6,1,26,6,-1,-1,-1,-1,8,E01023541,0,3
2025010569292,2025,010569292,1,1,9,99,99,9,9,99,99,9,9,99,9,99,9,1,5,6,2,59,9,-1,-1,-1,-1,3,E01001789,0,1
2025010569293,2025,010569293,1,19,0,9,9,5,3,0,0,1,0,0,0,0,2,1,6,6,3,-1,-1,-1,-1,-1,-1,-1,-1,0,-1
2025010569296,2025,010569296,1,5,0,99,99,9,9,99,99,9,9,99,9,99,2,1,5,6,1,36,7,-1,-1,-1,-1,4,E01003406,0,3
2025010569296,2025,010569296,2,9,0,99,99,9,9,99,99,9,9,99,9,99,1,9,6,6,3,-1,-1,-1,-1,-1,-1,-1,-1,0,-1
2025010569298,2025,010569298,2,1,0,15,15,1,5,0,0,1,0,0,0,0,1,1,5,6,1,44,7,-1,-1,-1,-1,7,E01000843,0,1
2025010569298,2025,010569298,3,1,0,-1,-1,1,5,0,0,1,0,0,0,0,2,1,5,6,2,21,5,-1,-1,-1,-1,8,E01000122,0,3
2025010569298,2025,010569298,1,9,0,-1,-1,5,1,6,6,2,0,0,0,0,0,1,6,6,3,-1,-1,-1,-1,-1,-1,-1,-1,0,-1
2025010569300,2025,010569300,2,1,0,18,19,3,7,0,0,5,0,0,0,0,1,1,2,2,1,64,9,-1,-1,-1,-1,3,E01033881,0,1
2025010569300,2025,010569300,1,8,0,18,19,3,7,0,0,1,0,0,0,0,1,1,1,1,1,42,7,-1,-1,-1,-1,5,E01000471,0,3
2025010569301,2025,010569301,1,19,0,1,1,1,5,0,0,1,0,0,0,0,2,1,1,1,1,51,8,-1,-1,-1,-1,4,E01003597,0,2
2025010569301,2025,010569301,2,1,0,3,3,1,5,0,0,1,0,0,0,0,1,1,1,1,1,29,6,-1,-1,-1,-1,2,E01004198,0,1
2025010569302,2025,010569302,1,9,0,18,19,1,5,0,0,8,0,0,0,0,1,1,5,6,1,21,5,-1,-1,-1,-1,4,E01002405,0,1
2025010569304,2025,010569304,2,1,0,18,19,8,4,0,0,2,2,0,0,0,1,1,2,2,2,50,8,-1,-1,-1,-1,8,E01001307,0,1
2025010569304,2025,010569304,1,9,0,5,5,0,8,0,0,6,0,0,3,0,4,1,6,6,2,47,8,-1,-1,-1,-1,-1,-1,0,-1
2025010569306,2025,010569306,1,11,0,18,19,3,7,0,0,1,0,0,0,0,1,1,1,1,1,42,7,-1,-1,-1,-1,6,E01002329,0,2
2025010569311,2025,010569311,1,9,0,10,10,8,5,0,0,6,0,0,0,0,1,1,6,6,1,-1,-1,-1,-1,-1,-1,9,E01000201,0,3
2025010569311,2025,010569311,2,1,0,18,19,7,3,0,0,8,0,0,0,0,4,1,6,6,1,57,9,-1,-1,-1,-1,3,E01004573,0,2
2025010569313,2025,010569313,1,9,0,18,19,5,1,0,0,1,0,0,0,0,1,1,5,6,2,28,6,-1,-1,-1,-1,3,E01003572,0,1
2025010569319,2025,010569319,2,3,0,18,19,2,6,0,0,8,0,0,1,0,1,1,6,6,1,50,8,-1,-1,-1,-1,5,E01001041,0,1
2025010569319,2025,010569319,1,9,0,18,19,6,2,0,0,8,0,0,0,0,4,1,5,6,1,17,4,-1,-1,-1,-1,-1,-1,0,-1
2025010569323,2025,010569323,1,5,0,99,99,9,9,99,99,0,9,99,9,99,9,1,5,6,1,34,6,-1,-1,-1,-1,4,E01035007,0,4
2025010569323,2025,010569323,2,9,0,99,99,9,9,99,99,0,9,99,9,99,9,9,6,6,3,-1,-1,-1,-1,-1,-1,1,E01016063,0,4
2025010569325,2025,010569325,2,4,0,9,9,5,2,0,0,8,1,0,1,0,1,1,6,6,1,24,5,-1,-1,-1,-1,-1,-1,0,-1
2025010569325,2025,010569325,1,9,0,18,19,3,7,0,0,8,0,0,0,0,4,1,5,6,1,30,6,-1,-1,-1,-1,10,E01000756,0,2
2025010569327,2025,010569327,2,5,0,4,4,1,5,0,0,1,0,0,0,0,2,1,5,6,1,29,6,-1,-1,-1,-1,6,E01021187,0,4
2025010569327,2025,010569327,1,9,0,5,5,1,5,0,0,1,0,0,0,0,1,1,6,6,1,80,11,-1,-1,-1,-1,7,E01032570,0,2
2025010569329,2025,010569329,1,9,0,18,19,1,5,0,0,0,0,0,0,0,1,2,5,6,1,58,9,-1,-1,-1,-1,5,E01033083,0,1
2025010569332,2025,010569332,1,9,0,5,5,8,4,0,0,2,0,0,7,0,4,2,5,6,2,23,5,-1,-1,-1,-1,3,E01004322,0,1
2025010569335,2025,010569335,1,8,0,99,99,9,9,99,99,9,9,99,9,99,2,9,1,1,1,38,7,-1,-1,-1,-1,6,E01002142,0,4
2025010569335,2025,010569335,2,9,0,99,99,9,9,99,99,9,9,99,9,99,1,9,6,6,3,-1,-1,-1,-1,-1,-1,-1,-1,0,-1
2025010569340,2025,010569340,1,9,9,99,99,9,9,99,99,9,9,99,9,99,9,9,6,6,3,33,6,-1,-1,-1,-1,4,E01003301,0,1
2025010569340,2025,010569340,2,9,9,99,99,9,9,99,99,9,9,99,9,99,9,9,6,6,3,-1,-1,-1,-1,-1,-1,3,E01003990,0,1
2025010569342,2025,010569342,1,9,0,18,19,5,1,0,0,0,1,11,7,11,1,1,6,6,3,24,5,-1,-1,-1,-1,-1,-1,0,-1
2025010569345,2025,010569345,4,9,0,2,2,0,0,0,0,1,0,0,0,0,1,1,6,6,3,-1,-1,-1,-1,-1,-1,-1,-1,0,-1
2025010569345,2025,010569345,3,9,0,2,2,0,0,0,0,1,0,0,0,0,4,1,6,6,3,-1,-1,-1,-1,-1,-1,-1,-1,0,-1
2025010569345,2025,010569345,1,9,0,2,2,0,0,9,9,1,0,0,0,0,1,1,6,6,3,-1,-1,-1,-1,-1,-1,-1,-1,0,-1
2025010569345,2025,010569345,2,9,0,18,19,3,7,0,0,1,5,0,0,0,1,1,6,6,3,-1,-1,-1,-1,-1,-1,-1,-1,0,-1
2025010569349,2025,010569349,3,9,0,18,19,5,1,0,0,1,0,0,0,0,1,1,6,6,1,62,9,-1,-1,-1,-1,2,E01003238,0,1
2025010569349,2025,010569349,2,9,0,18,19,5,1,0,0,1,0,0,0,0,2,1,6,6,2,42,7,-1,-1,-1,-1,2,E01000661,0,1
2025010569349,2025,010569349,4,9,0,18,19,1,5,0,0,2,0,0,0,0,3,1,6,6,1,46,8,-1,-1,-1,-1,10,E01000767,0,1
2025010569349,2025,010569349,1,9,0,18,19,5,1,0,0,1,0,0,0,0,2,1,6,6,1,58,9,-1,-1,-1,-1,10,E01000771,0,1
2025010569361,2025,010569361,1,9,0,18,19,5,1,0,0,1,0,0,0,0,1,1,5,6,1,84,11,-1,-1,-1,-1,10,E01004180,0,1
2025010569361,2025,010569361,2,1,0,18,19,7,3,0,0,6,5,0,0,0,4,1,5,6,2,58,9,-1,-1,-1,-1,4,E01001165,0,1
2025010569366,2025,010569366,1,8,0,99,99,9,9,99,99,9,9,99,9,99,2,9,1,1,1,55,8,-1,-1,-1,-1,2,E01000027,0,3
2025010569366,2025,010569366,2,9,9,99,99,9,9,99,99,9,9,99,9,99,9,9,6,6,1,-1,-1,-1,-1,-1,-1,2,E01003060,0,1
2025010569374,2025,010569374,1,9,0,18,19,1,5,0,0,6,0,0,0,0,1,1,6,6,2,51,8,-1,-1,-1,-1,4,E01000164,0,1
2025010569374,2025,010569374,2,5,0,4,4,1,5,0,0,1,0,0,0,0,2,1,6,6,1,36,7,-1,-1,-1,-1,3,E01000184,0,1
2025010569375,2025,010569375,1,9,0,14,14,1,5,0,0,1,0,0,0,0,4,1,5,6,2,62,9,-1,-1,-1,-1,6,E01004353,0,1
2025010569375,2025,010569375,2,9,0,7,7,3,5,0,0,8,0,0,0,0,1,1,5,6,2,27,6,-1,-1,-1,-1,10,E01021745,0,1
2025010569376,2025,010569376,2,9,0,18,19,1,5,0,0,0,0,0,0,0,1,1,5,6,1,17,4,-1,-1,-1,-1,5,E01033083,0,1
2025010569376,2025,010569376,1,9,0,18,19,1,5,0,0,0,0,0,0,0,1,1,5,6,1,38,7,-1,-1,-1,-1,7,E01030722,0,2
2025010569376,2025,010569376,3,9,0,2,2,0,0,0,0,0,0,0,0,0,0,1,6,6,3,-1,-1,-1,-1,-1,-1,-1,-1,0,-1
2025010569380,2025,010569380,2,9,0,18,19,7,3,0,0,2,0,0,0,0,1,1,5,6,1,39,7,-1,-1,-1,-1,4,E01002643,0,1
2025010569380,2025,010569380,1,9,0,9,9,3,1,0,0,5,0,0,0,0,4,1,5,6,1,25,5,-1,-1,-1,-1,4,E01002486,0,1
2025010569383,2025,010569383,2,9,0,18,19,1,5,0,0,1,1,0,0,0,4,1,5,6,2,20,4,-1,-1,-1,-1,7,E01024737,0,4
2025010569383,2025,010569383,1,3,0,7,7,3,5,0,0,6,2,0,1,0,1,1,1,1,1,33,6,-1,-1,-1,-1,4,E01000719,0,1
2025010569383,2025,010569383,3,9,0,2,2,0,0,0,0,1,1,0,0,0,1,1,6,6,3,-1,-1,-1,-1,-1,-1,-1,-1,0,-1
2025010569385,2025,010569385,1,1,0,18,19,1,5,4,4,0,0,0,0,0,3,1,5,6,1,14,3,-1,-1,-1,-1,10,E01003870,0,1
2025010569386,2025,010569386,1,9,0,99,99,9,9,99,99,0,9,99,9,99,2,9,1,1,1,38,7,-1,-1,-1,-1,5,E01001524,0,2
2025010569386,2025,010569386,2,9,0,99,99,9,9,99,99,0,9,99,9,99,1,9,6,6,3,-1,-1,-1,-1,-1,-1,-1,-1,0,-1
2025010569388,2025,010569388,2,9,0,18,19,7,3,0,0,0,0,0,0,0,4,1,6,6,2,46,8,-1,-1,-1,-1,9,E01002416,0,2
2025010569388,2025,010569388,1,9,0,18,19,7,3,0,0,0,0,0,5,6,3,1,6,6,1,46,8,-1,-1,-1,-1,9,E01017968,0,4
2025010569396,2025,010569396,2,9,0,99,99,9,9,99,99,0,9,99,9,99,1,9,6,6,3,-1,-1,-1,-1,-1,-1,-1,-1,0,-1
2025010569396,2025,010569396,1,9,0,99,99,9,9,99,99,0,9,99,9,99,2,9,5,6,1,31,6,-1,-1,-1,-1,7,E01002298,0,1
2025010569397,2025,010569397,2,3,0,18,19,7,3,0,0,8,5,0,0,0,1,1,1,1,1,21,5,-1,-1,-1,-1,2,E01017602,0,4
2025010569397,2025,010569397,1,9,0,10,10,1,7,6,6,1,0,0,0,0,1,1,5,6,2,49,8,-1,-1,-1,-1,10,E01003466,0,3
2025010569400,2025,010569400,2,9,0,99,99,9,9,99,99,0,9,99,9,99,9,9,6,6,2,51,8,-1,-1,-1,-1,8,E01001617,0,1
2025010569400,2025,010569400,1,1,9,99,99,9,9,99,99,0,9,99,9,99,9,1,5,6,1,46,8,-1,-1,-1,-1,2,E01001603,0,1
2025010569410,2025,010569410,1,3,0,4,4,5,1,0,0,1,0,0,0,0,2,1,6,6,1,20,4,-1,-1,-1,-1,2,E01000040,0,1
2025010569410,2025,010569410,2,9,0,18,19,5,1,0,0,1,0,0,0,0,1,1,6,6,2,66,10,-1,-1,-1,-1,6,E01021472,0,3
2025010569417,2025,010569417,1,9,0,99,99,9,9,99,99,0,9,99,9,99,9,9,5,6,2,62,9,-1,-1,-1,-1,9,E01004135,0,1
2025010569417,2025,010569417,2,9,9,99,99,9,9,99,99,0,9,99,9,99,9,9,6,6,3,-1,-1,-1,-1,-1,-1,-1,-1,0,-1
2025010569418,2025,010569418,2,9,0,99,99,9,9,99,99,9,9,99,9,99,2,9,6,6,3,-1,-1,-1,-1,-1,-1,-1,-1,0,-1
2025010569418,2025,010569418,1,1,9,99,99,9,9,99,99,9,9,99,9,99,9,1,5,6,2,29,6,-1,-1,-1,-1,5,E01001910,0,1