collision_index,collision_year,collision_ref_no,vehicle_reference,vehicle_type,towing_and_articulation,vehicle_manoeuvre_historic,vehicle_manoeuvre,vehicle_direction_from,vehicle_direction_to,vehicle_location_restricted_lane_historic,vehicle_location_restricted_lane,junction_location,skidding_and_overturning,hit_object_in_carriageway,vehicle_leaving_carriageway,hit_object_off_carriageway,first_point_of_impact,vehicle_left_hand_drive,journey_purpose_of_driver_historic,journey_purpose_of_driver,sex_of_driver,age_of_driver,age_band_of_driver,engine_capacity_cc,propulsion_code,age_of_vehicle,generic_make_model,driver_imd_decile,lsoa_of_driver,escooter_flag,driver_distance_banding
2025010569420,2025,010569420,2,1,9,99,99,9,9,99,99,9,9,99,9,99,9,1,6,6,2,-1,-1,-1,-1,-1,-1,-1,-1,0,-1
2025010569420,2025,010569420,1,1,9,99,99,9,9,4,4,9,9,99,9,99,1,1,5,6,2,31,6,-1,-1,-1,-1,3,E01035671,0,2
2025010569422,2025,010569422,1,9,0,2,2,9,9,99,99,0,9,99,9,99,9,9,6,6,3,-1,-1,-1,-1,-1,-1,-1,-1,0,-1
2025010569423,2025,010569423,1,1,9,99,99,9,9,99,99,1,9,99,9,99,9,1,5,6,1,25,5,-1,-1,-1,-1,3,E01033704,0,1
2025010569423,2025,010569423,2,8,0,99,99,9,9,99,99,5,9,99,9,99,9,9,6,6,3,-1,-1,-1,-1,-1,-1,5,E01003662,0,3
2025010569424,2025,010569424,2,19,0,99,99,9,9,99,99,9,9,99,9,99,2,9,6,6,3,-1,-1,-1,-1,-1,-1,-1,-1,0,-1
2025010569424,2025,010569424,1,9,0,99,99,9,9,99,99,9,9,99,9,99,2,9,5,6,1,39,7,-1,-1,-1,-1,3,E01034473,0,2
2025010569428,2025,010569428,2,11,0,13,13,3,7,0,0,8,0,0,0,0,4,1,1,1,1,37,7,-1,-1,-1,-1,7,E01000370,0,2
2025010569428,2025,010569428,1,1,0,18,19,7,3,0,0,8,0,0,0,0,4,1,5,6,1,56,9,-1,-1,-1,-1,4,E01004274,0,1
2025010569432,2025,010569432,1,9,0,99,99,9,9,99,99,9,9,99,9,99,2,9,2,2,2,46,8,-1,-1,-1,-1,7,E01000438,0,2
2025010569432,2025,010569432,2,19,0,99,99,9,9,99,99,9,9,99,9,99,1,9,6,6,3,-1,-1,-1,-1,-1,-1,-1,-1,0,-1
2025010569433,2025,010569433,1,9,0,18,19,5,1,0,0,0,0,0,1,7,1,1,6,6,3,-1,-1,-1,-1,-1,-1,3,E01004235,0,4
2025010569433,2025,010569433,2,1,0,18,19,1,5,5,5,0,0,0,0,0,1,1,5,6,1,10,2,-1,-1,-1,-1,5,E01002501,0,2
2025010569435,2025,010569435,2,9,0,12,12,3,7,0,0,0,0,0,0,0,2,1,6,6,3,-1,-1,-1,-1,-1,-1,-1,-1,0,-1
2025010569435,2025,010569435,1,9,0,18,19,3,7,0,0,0,0,0,0,0,1,1,6,6,1,62,9,-1,-1,-1,-1,2,E01034479,0,2
2025010569437,2025,010569437,2,9,0,7,7,5,8,0,0,1,0,0,0,0,1,1,6,6,1,65,9,-1,-1,-1,-1,2,E01003049,0,2
2025010569437,2025,010569437,1,3,0,18,19,4,8,0,0,1,0,0,0,0,3,1,2,2,1,27,6,-1,-1,-1,-1,3,E01016071,0,4
2025010569438,2025,010569438,2,9,0,11,11,3,7,0,0,8,0,0,0,0,0,1,6,6,3,-1,-1,-1,-1,-1,-1,-1,-1,0,-1
2025010569438,2025,010569438,1,11,0,-1,-1,3,7,0,0,8,0,0,0,0,0,1,1,1,2,29,6,-1,-1,-1,-1,8,E01000704,0,2
2025010569442,2025,010569442,2,9,0,5,5,5,1,0,0,1,0,0,1,0,0,1,6,6,1,58,9,-1,-1,-1,-1,1,E01002026,0,2
2025010569442,2025,010569442,1,3,0,3,3,1,5,0,0,2,0,0,0,0,1,1,1,1,1,24,5,-1,-1,-1,-1,7,E01033911,0,2
2025010569447,2025,010569447,1,9,0,17,19,5,1,0,0,1,0,10,0,0,1,1,6,6,1,55,8,-1,-1,-1,-1,3,E01033744,0,1
2025010569450,2025,010569450,1,9,0,5,5,6,2,0,0,0,0,0,0,0,3,1,5,6,1,20,4,-1,-1,-1,-1,5,E01000975,0,1
2025010569450,2025,010569450,2,3,0,18,19,2,6,0,0,0,0,0,0,0,4,1,6,6,2,28,6,-1,-1,-1,-1,8,E01001046,0,1
2025010569452,2025,010569452,1,1,0,4,4,5,1,0,0,2,0,0,0,0,1,1,5,6,1,31,6,-1,-1,-1,-1,7,E01001866,0,1
2025010569452,2025,010569452,2,9,0,3,3,5,1,0,0,2,0,0,0,0,2,1,6,6,3,-1,-1,-1,-1,-1,-1,-1,-1,0,-1
2025010569455,2025,010569455,1,1,9,99,99,9,9,99,99,0,9,99,9,99,1,1,5,6,1,25,5,-1,-1,-1,-1,10,E01000682,0,4
2025010569455,2025,010569455,2,8,0,99,99,9,9,99,99,0,9,99,9,99,9,9,6,6,1,34,6,-1,-1,-1,-1,4,E01004303,0,2
2025010569459,2025,010569459,1,9,0,18,19,5,1,0,0,1,0,0,0,0,2,1,5,6,2,23,5,-1,-1,-1,-1,-1,-1,0,-1
2025010569459,2025,010569459,2,19,0,18,19,5,1,0,0,1,0,0,0,0,1,2,5,6,1,24,5,-1,-1,-1,-1,3,E01021289,0,3
2025010569461,2025,010569461,1,9,0,5,5,0,1,0,0,1,0,0,0,0,3,1,5,6,1,34,6,-1,-1,-1,-1,3,E01003088,0,2
2025010569461,2025,010569461,2,1,0,18,19,4,8,0,0,1,0,0,0,0,1,1,6,6,1,28,6,-1,-1,-1,-1,6,E01000549,0,1
2025010569463,2025,010569463,1,9,0,18,19,5,1,0,0,1,0,4,0,0,1,1,5,6,2,37,7,-1,-1,-1,-1,1,E01002857,0,1
2025010569467,2025,010569467,2,9,0,4,4,5,1,0,0,1,0,0,0,0,4,1,5,6,1,46,8,-1,-1,-1,-1,7,E01001679,0,2
2025010569467,2025,010569467,3,9,0,2,2,0,0,0,0,1,0,0,0,0,2,1,6,6,3,-1,-1,-1,-1,-1,-1,-1,-1,0,-1
2025010569467,2025,010569467,1,9,0,18,19,5,1,0,0,1,5,4,0,0,4,1,5,6,1,50,8,-1,-1,-1,-1,-1,-1,0,-1
2025010569468,2025,010569468,1,9,0,2,2,9,9,99,99,9,9,99,9,99,9,9,5,6,1,55,8,-1,-1,-1,-1,8,E01032776,0,1
2025010569468,2025,010569468,2,9,0,18,19,9,9,99,99,6,9,99,9,99,9,9,6,6,3,-1,-1,-1,-1,-1,-1,-1,-1,0,-1
2025010569471,2025,010569471,1,9,0,-1,-1,7,3,9,9,1,0,0,1,10,1,1,5,6,1,19,4,-1,-1,-1,-1,3,E01000785,0,1
2025010569472,2025,010569472,2,8,0,15,15,7,3,0,0,4,0,0,0,0,1,1,5,6,1,57,9,-1,-1,-1,-1,6,E01003713,0,3
2025010569472,2025,010569472,1,9,0,7,7,3,5,0,0,1,5,0,0,0,3,2,5,6,1,69,10,-1,-1,-1,-1,1,E01001429,0,2
2025010569473,2025,010569473,1,9,0,-1,-1,1,5,9,9,1,0,10,7,0,1,1,6,6,3,-1,-1,-1,-1,-1,-1,-1,-1,0,-1
2025010569474,2025,010569474,2,9,0,2,2,0,0,0,0,1,0,0,0,0,2,1,6,6,3,-1,-1,-1,-1,-1,-1,-1,-1,0,-1
2025010569474,2025,010569474,1,9,0,18,19,3,7,0,0,1,5,4,0,0,1,1,5,6,2,58,9,-1,-1,-1,-1,7,E01032811,0,4
2025010569479,2025,010569479,1,3,0,99,99,9,9,99,99,9,9,99,9,99,9,1,2,2,1,19,4,-1,-1,-1,-1,3,E01021328,0,4
2025010569479,2025,010569479,2,9,0,99,99,9,9,99,99,9,9,99,9,99,9,9,6,6,3,-1,-1,-1,-1,-1,-1,-1,-1,0,-1
2025010569480,2025,010569480,1,9,0,-1,-1,3,7,0,0,1,0,0,0,0,2,1,2,2,1,30,6,-1,-1,-1,-1,1,E01021323,0,4
2025010569480,2025,010569480,2,5,0,-1,-1,3,7,0,0,1,0,0,0,0,1,1,2,2,1,23,5,-1,-1,-1,-1,2,E01015897,0,4
2025010569481,2025,010569481,1,9,0,9,9,3,2,0,0,8,0,0,0,0,4,1,2,2,1,29,6,-1,-1,-1,-1,3,E01000718,0,2
2025010569481,2025,010569481,2,9,0,18,19,5,1,0,0,8,0,0,0,0,1,1,2,2,2,39,7,-1,-1,-1,-1,2,E01001172,0,1
2025010569486,2025,010569486,1,1,9,99,99,9,9,99,99,9,9,99,9,99,1,1,5,6,1,27,6,-1,-1,-1,-1,4,E01000872,0,1
2025010569486,2025,010569486,2,9,0,99,99,9,9,99,99,9,9,99,9,99,9,9,6,6,3,-1,-1,-1,-1,-1,-1,-1,-1,0,-1
2025010569489,2025,010569489,1,9,0,9,9,1,6,0,0,1,0,0,0,0,1,1,1,1,1,65,9,-1,-1,-1,-1,4,E01004729,0,1
2025010569494,2025,010569494,1,3,9,99,99,9,9,99,99,9,9,99,9,99,2,1,5,6,1,38,7,-1,-1,-1,-1,7,E01021801,0,3
2025010569494,2025,010569494,2,9,9,99,99,9,9,99,99,9,9,99,9,99,1,9,6,6,1,-1,-1,-1,-1,-1,-1,-1,-1,0,-1
2025010569498,2025,010569498,1,9,0,7,7,4,6,0,0,1,0,0,0,0,3,1,2,2,2,61,9,-1,-1,-1,-1,9,E01000808,0,3
2025010569504,2025,010569504,1,9,0,3,3,9,9,99,99,9,9,99,9,99,2,9,5,6,1,40,7,-1,-1,-1,-1,2,E01001868,0,1
2025010569504,2025,010569504,2,11,0,18,19,9,9,99,99,9,9,99,9,99,9,9,6,6,3,-1,-1,-1,-1,-1,-1,-1,-1,0,-1
2025010569505,2025,010569505,2,9,0,18,19,7,3,0,0,0,0,0,0,0,2,1,5,6,1,50,8,-1,-1,-1,-1,7,E01002887,0,4
2025010569505,2025,010569505,1,9,9,99,99,9,9,0,0,0,9,99,9,99,9,1,6,6,3,-1,-1,-1,-1,-1,-1,-1,-1,0,-1
2025010569510,2025,010569510,1,9,0,99,99,9,9,99,99,9,9,99,9,99,1,9,5,6,1,35,6,-1,-1,-1,-1,6,E01003392,0,1
2025010569510,2025,010569510,2,9,0,99,99,9,9,99,99,9,9,99,9,99,1,9,6,6,3,-1,-1,-1,-1,-1,-1,-1,-1,0,-1
2025010569512,2025,010569512,1,11,0,-1,-1,1,5,2,2,1,0,0,0,0,1,1,6,6,3,-1,-1,-1,-1,-1,-1,-1,-1,0,-1
2025010569515,2025,010569515,2,1,0,18,19,5,1,0,0,8,0,0,0,0,4,1,2,2,1,28,6,-1,-1,-1,-1,6,E01002020,0,1
2025010569515,2025,010569515,3,1,0,18,19,5,1,0,0,6,0,0,8,10,0,1,6,6,1,-1,-1,-1,-1,-1,-1,-1,-1,0,-1
2025010569515,2025,010569515,1,9,0,18,19,1,5,0,0,8,0,0,0,0,4,1,6,6,1,61,9,-1,-1,-1,-1,3,E01000908,0,1
2025010569517,2025,010569517,1,3,0,99,99,9,9,99,99,9,9,99,9,99,1,1,5,6,1,34,6,-1,-1,-1,-1,10,E01004556,0,1
2025010569517,2025,010569517,2,8,0,99,99,9,9,99,99,9,9,99,9,99,1,9,6,6,3,-1,-1,-1,-1,-1,-1,-1,-1,0,-1
2025010569518,2025,010569518,1,3,0,99,99,9,9,99,99,9,9,99,9,99,9,1,6,6,3,-1,-1,-1,-1,-1,-1,-1,-1,0,-1
2025010569526,2025,010569526,1,11,0,18,19,5,1,0,0,1,0,0,0,0,0,1,5,6,1,33,6,-1,-1,-1,-1,6,E01003279,0,2
2025010569528,2025,010569528,1,11,0,4,4,3,7,0,0,1,0,0,0,0,0,1,1,1,1,61,9,-1,-1,-1,-1,6,E01001040,0,1
2025010569530,2025,010569530,1,11,0,5,5,3,7,3,2,0,0,0,0,0,0,1,5,6,1,61,9,-1,-1,-1,-1,8,E01030706,0,3
2025010569531,2025,010569531,2,9,0,99,99,9,9,99,99,9,9,99,9,99,1,9,6,6,3,-1,-1,-1,-1,-1,-1,-1,-1,0,-1
2025010569531,2025,010569531,1,1,9,99,99,9,9,99,99,9,9,99,9,99,1,1,5,6,1,66,10,-1,-1,-1,-1,8,E01003670,0,1
2025010569534,2025,010569534,1,9,0,10,10,3,1,0,0,0,0,0,0,0,2,1,6,6,3,-1,-1,-1,-1,-1,-1,-1,-1,0,-1
2025010569534,2025,010569534,2,1,0,3,3,3,7,0,0,0,5,0,0,0,1,1,5,6,2,20,4,-1,-1,-1,-1,2,E01000086,0,3
2025010569536,2025,010569536,2,9,0,99,99,9,9,99,99,9,9,99,9,99,1,9,6,6,3,45,7,-1,-1,-1,-1,-1,-1,0,-1
2025010569536,2025,010569536,1,1,9,99,99,9,9,99,99,9,9,99,9,99,9,1,5,6,1,69,10,-1,-1,-1,-1,7,E01002789,0,1
2025010569541,2025,010569541,1,1,9,99,99,9,9,99,99,9,9,99,9,99,9,1,5,6,1,35,6,-1,-1,-1,-1,10,E01003425,0,2
2025010569541,2025,010569541,2,9,0,99,99,9,9,99,99,9,9,99,9,99,9,9,6,6,1,72,10,-1,-1,-1,-1,8,E01030991,0,4
2025010569550,2025,010569550,1,9,0,10,10,5,3,0,0,7,0,0,0,0,1,1,1,1,1,45,7,-1,-1,-1,-1,3,E01003630,0,2
2025010569550,2025,010569550,2,2,0,4,4,5,1,0,0,2,0,0,0,0,1,1,6,6,1,17,4,-1,-1,-1,-1,5,E01004501,0,3
2025010569553,2025,010569553,2,9,9,99,99,9,9,99,99,9,9,99,9,99,9,9,6,6,3,-1,-1,-1,-1,-1,-1,-1,-1,0,-1
2025010569553,2025,010569553,1,3,0,99,99,9,9,99,99,9,9,99,9,99,1,1,5,6,1,27,6,-1,-1,-1,-1,4,E01000634,0,3
2025010569554,2025,010569554,1,8,0,99,99,9,9,99,99,9,9,99,9,99,9,9,2,2,1,42,7,-1,-1,-1,-1,7,E01001566,0,1
2025010569567,2025,010569567,2,9,0,99,99,9,9,99,99,9,9,99,9,99,2,9,6,6,2,77,11,-1,-1,-1,-1,3,E01000367,0,1
2025010569567,2025,010569567,1,3,0,99,99,9,9,99,99,9,9,99,9,99,1,1,1,1,1,34,6,-1,-1,-1,-1,7,E01000334,0,1
2025010569569,2025,010569569,2,9,0,5,5,3,7,0,0,8,0,4,0,0,1,1,6,6,3,-1,-1,-1,-1,-1,-1,-1,-1,0,-1
2025010569569,2025,010569569,1,9,0,3,3,1,5,0,0,1,0,0,0,0,4,1,5,6,1,52,8,-1,-1,-1,-1,3,E01024570,0,4
2025010569573,2025,010569573,1,9,0,18,19,1,5,0,0,0,0,0,0,0,1,1,6,6,3,-1,-1,-1,-1,-1,-1,-1,-1,0,-1
2025010569578,2025,010569578,1,1,9,99,99,9,9,99,99,9,9,99,9,99,2,1,5,6,1,26,6,-1,-1,-1,-1,3,E01004397,0,2
2025010569581,2025,010569581,1,1,9,99,99,9,9,99,99,9,9,99,9,99,9,1,6,6,3,-1,-1,-1,-1,-1,-1,-1,-1,0,-1
2025010569581,2025,010569581,2,9,0,99,99,9,9,99,99,9,9,99,9,99,9,9,6,6,3,-1,-1,-1,-1,-1,-1,-1,-1,0,-1
2025010569584,2025,010569584,1,3,0,18,19,7,3,0,0,1,0,0,0,0,1,1,5,6,2,21,5,-1,-1,-1,-1,8,E01032577,0,1
2025010569584,2025,010569584,2,9,0,9,9,1,7,0,0,6,0,0,3,0,1,1,5,6,1,28,6,-1,-1,-1,-1,10,E01030475,0,4
2025010569589,2025,010569589,2,1,0,9,9,7,5,0,0,8,0,0,0,0,2,1,6,6,1,35,6,-1,-1,-1,-1,7,E01016831,0,4
2025010569589,2025,010569589,1,3,0,7,7,3,5,0,0,1,0,0,1,0,2,1,6,6,1,54,8,-1,-1,-1,-1,5,E01003639,0,3
2025010569592,2025,010569592,1,9,0,15,15,3,7,0,0,0,0,0,0,0,1,1,2,2,1,21,5,-1,-1,-1,-1,2,E01035685,0,2
2025010569592,2025,010569592,2,3,0,18,19,7,3,0,0,0,0,0,0,0,1,1,2,2,1,35,6,-1,-1,-1,-1,3,E01003564,0,1
2025010569593,2025,010569593,2,5,0,99,99,9,9,99,99,9,9,99,9,99,9,1,6,6,3,-1,-1,-1,-1,-1,-1,-1,-1,0,-1
2025010569593,2025,010569593,1,9,0,99,99,9,9,99,99,9,9,99,9,99,3,9,5,6,1,22,5,-1,-1,-1,-1,6,E01000937,0,1
2025010569600,2025,010569600,1,9,0,4,4,7,3,6,6,5,0,8,0,0,3,1,1,1,2,35,6,-1,-1,-1,-1,-1,-1,0,-1
2025010569600,2025,010569600,2,3,0,14,14,7,3,9,9,5,0,4,0,0,1,1,5,6,1,22,5,-1,-1,-1,-1,4,E01004756,0,1
2025010569603,2025,010569603,3,9,0,18,19,7,3,0,0,1,0,0,0,0,1,1,5,6,1,26,6,-1,-1,-1,-1,3,E01015052,0,5
2025010569603,2025,010569603,2,19,0,18,19,7,3,0,0,1,0,0,0,0,1,1,5,6,1,40,7,-1,-1,-1,-1,3,E01015172,0,5
2025010569603,2025,010569603,4,9,0,7,7,7,2,0,0,1,0,0,0,0,0,1,6,6,3,-1,-1,-1,-1,-1,-1,-1,-1,0,-1
2025010569603,2025,010569603,1,9,0,18,19,7,3,0,0,1,0,0,0,0,2,1,6,6,3,52,8,-1,-1,-1,-1,9,E01015941,0,4
2025010569604,2025,010569604,1,1,9,18,19,9,9,99,99,9,9,99,9,99,9,1,5,6,2,48,8,-1,-1,-1,-1,6,E01002556,0,1
2025010569604,2025,010569604,2,9,9,7,7,9,9,99,99,9,9,99,9,99,4,9,6,6,3,-1,-1,-1,-1,-1,-1,-1,-1,0,-1
2025010569612,2025,010569612,1,9,0,18,19,5,1,0,0,1,0,11,1,2,1,2,5,6,1,67,10,-1,-1,-1,-1,6,E01000479,0,1
2025010569612,2025,010569612,2,9,0,2,2,0,0,0,0,1,0,0,0,0,2,1,6,6,3,-1,-1,-1,-1,-1,-1,-1,-1,0,-1
2025010569613,2025,010569613,2,9,0,9,9,2,7,0,0,6,0,0,0,0,1,2,6,6,2,55,8,-1,-1,-1,-1,3,E01001744,0,1
2025010569613,2025,010569613,1,9,0,18,19,7,3,0,0,1,0,0,0,0,3,1,5,6,1,23,5,-1,-1,-1,-1,3,E01001246,0,3
2025010569615,2025,010569615,1,19,0,3,3,1,5,0,0,1,0,0,0,0,0,1,1,1,2,35,6,-1,-1,-1,-1,-1,-1,0,-1
2025010569615,2025,010569615,2,9,0,1,1,1,5,0,0,1,0,0,0,0,2,1,6,6,3,-1,-1,-1,-1,-1,-1,-1,-1,0,-1
2025010569615,2025,010569615,3,9,0,3,3,1,5,0,0,1,0,0,0,0,0,1,6,6,1,55,8,-1,-1,-1,-1,2,E01004444,0,1
2025010569617,2025,010569617,1,3,0,4,4,9,9,99,99,9,9,99,9,99,9,1,1,1,1,41,7,-1,-1,-1,-1,2,E01001877,0,2
2025010569617,2025,010569617,2,8,0,18,19,9,9,99,99,9,9,99,9,99,1,9,6,6,3,-1,-1,-1,-1,-1,-1,-1,-1,0,-1
2025010569618,2025,010569618,1,9,0,4,4,7,3,0,0,0,0,0,0,0,0,1,6,6,2,18,4,-1,-1,-1,-1,2,E01000374,0,1
2025010569618,2025,010569618,2,9,0,3,3,7,3,0,0,0,0,0,0,0,0,1,6,6,1,60,9,-1,-1,-1,-1,7,E01000328,0,1
2025010569618,2025,010569618,3,19,0,18,19,3,7,0,0,0,0,0,1,0,0,1,6,6,1,17,4,-1,-1,-1,-1,-1,-1,0,-1
2025010569619,2025,010569619,2,9,0,18,19,5,1,0,0,2,0,11,0,0,1,1,6,6,1,29,6,-1,-1,-1,-1,5,E01003262,0,1
2025010569619,2025,010569619,1,9,0,18,19,5,1,9,9,2,0,0,0,0,0,1,5,6,1,41,7,-1,-1,-1,-1,2,E01004008,0,1
2025010569621,2025,010569621,1,9,0,-1,-1,5,1,0,0,8,0,0,0,0,1,1,6,6,3,-1,-1,-1,-1,-1,-1,-1,-1,0,-1
2025010569627,2025,010569627,2,9,0,99,99,9,9,99,99,9,9,99,9,99,9,9,6,6,3,-1,-1,-1,-1,-1,-1,-1,-1,0,-1
2025010569627,2025,010569627,1,1,9,99,99,9,9,99,99,9,9,99,9,99,9,1,2,2,2,21,5,-1,-1,-1,-1,8,E01016545,0,4
2025010569628,2025,010569628,2,9,0,99,99,9,9,99,99,6,9,99,9,99,1,9,6,6,3,-1,-1,-1,-1,-1,-1,-1,-1,0,-1
2025010569628,2025,010569628,1,3,0,99,99,9,9,99,99,1,9,99,9,99,1,1,5,6,1,23,5,-1,-1,-1,-1,8,E01000562,0,3
2025010569630,2025,010569630,2,9,0,99,99,9,9,99,99,9,9,99,9,99,1,9,6,6,3,-1,-1,-1,-1,-1,-1,9,E01003876,0,1
2025010569630,2025,010569630,1,9,0,99,99,9,9,99,99,9,9,99,9,99,9,9,5,6,1,33,6,-1,-1,-1,-1,4,E01033082,0,1
2025010569634,2025,010569634,2,8,0,2,2,9,9,99,99,0,9,99,9,99,9,9,6,6,3,39,7,-1,-1,-1,-1,2,E01004574,0,1
2025010569634,2025,010569634,1,1,9,99,99,9,9,4,4,0,9,8,9,99,1,1,5,6,1,33,6,-1,-1,-1,-1,5,E01004547,0,1
2025010569637,2025,010569637,1,9,0,18,19,5,1,0,0,1,0,4,0,0,1,1,5,6,1,29,6,-1,-1,-1,-1,3,E01000984,0,1
2025010569637,2025,010569637,3,9,0,2,2,0,0,0,0,1,1,0,0,0,2,1,6,6,3,-1,-1,-1,-1,-1,-1,-1,-1,0,-1
2025010569637,2025,010569637,2,9,0,2,2,0,0,0,0,1,0,0,0,0,3,2,6,6,3,-1,-1,-1,-1,-1,-1,-1,-1,0,-1
2025010569638,2025,010569638,1,97,0,99,99,9,9,99,99,9,9,99,9,99,1,1,5,6,1,26,6,-1,-1,-1,-1,4,E01004019,0,2
2025010569638,2025,010569638,2,9,0,99,99,9,9,99,99,9,9,99,9,99,9,9,6,6,1,61,9,-1,-1,-1,-1,7,E01002700,0,1
2025010569640,2025,010569640,1,3,9,99,99,9,9,99,99,9,9,99,9,99,9,1,1,1,1,20,4,-1,-1,-1,-1,2,E01000533,0,2
2025010569640,2025,010569640,2,9,9,99,99,9,9,99,99,9,9,99,9,99,2,9,6,6,3,-1,-1,-1,-1,-1,-1,-1,-1,0,-1
2025010569641,2025,010569641,1,9,0,5,5,3,7,0,0,3,0,0,0,0,2,1,1,1,2,44,7,-1,-1,-1,-1,3,E01000441,0,3
2025010569641,2025,010569641,2,19,0,5,5,3,7,0,0,3,0,0,0,0,1,1,1,1,1,25,5,-1,-1,-1,-1,5,E01003715,0,3
2025010569647,2025,010569647,2,9,0,18,19,5,1,0,0,3,0,0,0,0,1,1,1,1,1,62,9,-1,-1,-1,-1,4,E01035652,0,3
2025010569647,2025,010569647,1,3,0,7,7,6,1,0,0,1,0,0,0,0,4,1,2,2,2,61,9,-1,-1,-1,-1,5,E01003842,0,3
2025010569648,2025,010569648,1,3,0,99,99,9,9,99,99,9,9,99,9,99,9,1,1,1,1,34,6,-1,-1,-1,-1,4,E01001635,0,1
2025010569648,2025,010569648,2,9,0,99,99,9,9,99,99,9,9,99,9,99,9,9,6,6,3,-1,-1,-1,-1,-1,-1,-1,-1,0,-1
2025010569649,2025,010569649,1,1,9,99,99,9,9,99,99,9,9,99,9,99,9,1,5,6,1,36,7,-1,-1,-1,-1,2,E01002561,0,1
2025010569649,2025,010569649,2,9,0,99,99,9,9,99,99,9,9,99,9,99,1,9,6,6,3,-1,-1,-1,-1,-1,-1,-1,-1,0,-1
2025010569650,2025,010569650,1,9,0,99,99,9,9,0,0,9,9,99,9,99,2,9,2,2,1,38,7,-1,-1,-1,-1,4,E01033834,0,4
2025010569650,2025,010569650,2,19,0,99,99,9,9,0,0,9,9,99,9,99,1,9,6,6,3,-1,-1,-1,-1,-1,-1,2,E01000126,0,1
2025010569651,2025,010569651,1,9,0,18,19,7,3,0,0,0,0,0,0,0,9,1,6,6,3,-1,-1,-1,-1,-1,-1,-1,-1,0,-1
2025010569655,2025,010569655,2,4,0,18,19,5,1,9,9,0,0,0,0,0,1,1,6,6,1,14,3,-1,-1,-1,-1,3,E01001620,0,1
2025010569655,2025,010569655,1,9,0,18,19,5,1,0,0,0,0,0,0,0,0,1,6,6,1,34,6,-1,-1,-1,-1,3,E01003221,0,1
2025010569659,2025,010569659,1,1,0,18,19,2,6,0,0,8,0,99,9,0,3,1,5,6,1,43,7,-1,-1,-1,-1,8,E01001569,0,1
2025010569659,2025,010569659,2,9,0,18,19,2,6,0,0,1,0,0,0,0,1,1,6,6,3,-1,-1,-1,-1,-1,-1,-1,-1,0,-1
2025010569660,2025,010569660,2,9,0,99,99,9,9,99,99,9,9,99,9,99,1,9,6,6,3,-1,-1,-1,-1,-1,-1,3,E01001819,0,2
2025010569660,2025,010569660,1,3,0,99,99,9,9,99,99,9,9,99,9,99,9,1,5,6,3,33,6,-1,-1,-1,-1,4,E01004430,0,2
2025010569661,2025,010569661,1,9,0,3,3,6,2,0,0,8,0,0,0,0,2,1,5,6,2,87,11,-1,-1,-1,-1,-1,-1,0,-1
2025010569661,2025,010569661,2,9,0,18,19,6,2,0,0,8,0,0,0,0,1,1,5,6,1,51,8,-1,-1,-1,-1,-1,-1,0,-1
2025010569663,2025,010569663,2,5,0,18,19,3,7,0,0,8,0,0,0,0,1,1,6,6,1,24,5,-1,-1,-1,-1,8,E01030853,0,2
2025010569663,2025,010569663,1,9,0,9,9,4,3,0,0,8,0,0,0,0,1,1,5,6,2,48,8,-1,-1,-1,-1,4,E01003389,0,2
2025010569664,2025,010569664,1,1,0,18,19,7,3,9,9,0,0,0,0,0,1,1,1,1,1,18,4,-1,-1,-1,-1,4,E01004326,0,1
2025010569665,2025,010569665,2,9,0,99,99,9,9,99,99,9,9,99,9,99,9,9,6,6,3,-1,-1,-1,-1,-1,-1,4,E01001799,0,1
2025010569665,2025,010569665,1,1,9,99,99,9,9,99,99,9,9,99,9,99,1,1,5,6,1,32,6,-1,-1,-1,-1,1,E01001811,0,1
2025010569670,2025,010569670,1,1,9,99,99,9,9,99,99,9,9,99,9,99,9,1,6,6,3,-1,-1,-1,-1,-1,-1,-1,-1,0,-1
2025010569677,2025,010569677,1,9,0,18,19,7,3,0,0,1,0,0,0,0,1,1,5,6,2,17,4,-1,-1,-1,-1,-1,-1,0,-1
2025010569679,2025,010569679,1,9,0,-1,-1,3,7,0,0,1,0,0,0,0,1,1,5,6,1,32,6,-1,-1,-1,-1,4,E01002055,0,1
2025010569681,2025,010569681,2,9,9,99,99,9,9,99,99,9,9,99,9,99,9,9,6,6,3,-1,-1,-1,-1,-1,-1,-1,-1,0,-1
2025010569681,2025,010569681,1,3,9,99,99,9,9,99,99,9,9,99,9,99,9,1,6,6,1,53,8,-1,-1,-1,-1,8,E01004623,0,1
2025010569682,2025,010569682,1,8,0,5,5,8,4,0,0,1,0,0,0,0,1,1,6,6,3,-1,-1,-1,-1,-1,-1,-1,-1,0,-1
2025010569683,2025,010569683,1,11,5,3,3,1,5,0,0,0,0,0,0,0,0,1,1,1,1,40,7,-1,-1,-1,-1,3,E01034201,0,1
2025010569684,2025,010569684,2,9,0,18,19,1,5,0,0,8,0,0,0,0,3,1,6,6,2,42,7,-1,-1,-1,-1,3,E01034391,0,1