collision_index,collision_year,collision_ref_no,vehicle_reference,vehicle_type,towing_and_articulation,vehicle_manoeuvre_historic,vehicle_manoeuvre,vehicle_direction_from,vehicle_direction_to,vehicle_location_restricted_lane_historic,vehicle_location_restricted_lane,junction_location,skidding_and_overturning,hit_object_in_carriageway,vehicle_leaving_carriageway,hit_object_off_carriageway,first_point_of_impact,vehicle_left_hand_drive,journey_purpose_of_driver_historic,journey_purpose_of_driver,sex_of_driver,age_of_driver,age_band_of_driver,engine_capacity_cc,propulsion_code,age_of_vehicle,generic_make_model,driver_imd_decile,lsoa_of_driver,escooter_flag,driver_distance_banding
2025010569684,2025,010569684,1,9,0,18,19,7,3,0,0,1,0,0,0,0,1,1,1,1,1,48,8,-1,-1,-1,-1,6,E01023305,0,4
2025010569685,2025,010569685,1,1,9,99,99,9,9,99,99,0,9,99,9,99,9,1,2,2,1,54,8,-1,-1,-1,-1,2,E01000470,0,1
2025010569685,2025,010569685,2,9,0,99,99,9,9,99,99,0,9,99,9,99,9,9,6,6,3,-1,-1,-1,-1,-1,-1,-1,-1,0,-1
2025010569692,2025,010569692,1,9,0,99,99,9,9,99,99,9,9,99,9,99,9,9,5,6,1,37,7,-1,-1,-1,-1,7,E01003646,0,2
2025010569693,2025,010569693,2,3,0,18,19,5,1,0,0,8,0,0,0,0,4,1,1,1,1,34,6,-1,-1,-1,-1,4,E01002558,0,1
2025010569693,2025,010569693,1,9,0,9,9,5,2,0,0,8,0,0,0,0,3,1,1,1,2,57,9,-1,-1,-1,-1,7,E01023137,0,4
2025010569696,2025,010569696,1,1,9,99,99,9,9,99,99,9,9,99,9,99,9,1,2,2,1,33,6,-1,-1,-1,-1,1,E01004042,0,1
2025010569696,2025,010569696,2,9,9,99,99,9,9,99,99,9,9,99,9,99,1,9,6,6,1,21,5,-1,-1,-1,-1,6,E01002955,0,3
2025010569697,2025,010569697,2,9,0,99,99,9,9,99,99,0,9,99,9,99,3,9,6,6,1,48,8,-1,-1,-1,-1,3,E01006528,0,5
2025010569697,2025,010569697,1,3,0,99,99,9,9,99,99,0,9,99,9,99,9,1,5,6,1,52,8,-1,-1,-1,-1,2,E01000096,0,3
2025010569699,2025,010569699,2,1,0,16,19,5,7,0,0,1,0,0,0,0,3,1,1,1,1,34,6,-1,-1,-1,-1,1,E01000596,0,1
2025010569699,2025,010569699,1,19,0,7,7,5,7,0,0,5,0,0,0,0,4,1,1,1,1,49,8,-1,-1,-1,-1,9,E01003795,0,4
2025010569701,2025,010569701,1,3,9,99,99,9,9,99,99,9,9,99,9,99,9,1,5,6,1,21,5,-1,-1,-1,-1,2,E01002087,0,1
2025010569701,2025,010569701,2,9,9,99,99,9,9,99,99,9,9,99,9,99,1,9,6,6,3,-1,-1,-1,-1,-1,-1,-1,-1,0,-1
2025010569713,2025,010569713,2,9,0,99,99,9,9,99,99,9,9,99,9,99,9,9,6,6,3,-1,-1,-1,-1,-1,-1,2,E01003207,0,2
2025010569713,2025,010569713,1,9,0,99,99,9,9,99,99,9,9,99,9,99,1,9,5,6,1,30,6,-1,-1,-1,-1,1,E01014829,0,5
2025010569715,2025,010569715,1,11,0,5,5,0,1,0,0,2,0,0,0,0,0,1,1,1,1,54,8,-1,-1,-1,-1,1,E01002673,0,1
2025010569726,2025,010569726,2,9,0,4,4,1,5,0,0,0,0,0,0,0,4,1,5,6,1,64,9,-1,-1,-1,-1,4,E01002622,0,2
2025010569726,2025,010569726,1,3,0,15,15,5,1,0,0,0,0,0,0,0,1,1,1,1,1,32,6,-1,-1,-1,-1,4,E01002393,0,1
2025010569729,2025,010569729,1,8,0,99,99,9,9,99,99,9,9,99,9,99,1,9,6,6,3,-1,-1,-1,-1,-1,-1,-1,-1,0,-1
2025010569738,2025,010569738,1,1,9,99,99,9,9,99,99,9,9,99,9,99,2,1,2,2,1,24,5,-1,-1,-1,-1,4,E01003031,0,2
2025010569738,2025,010569738,3,9,9,99,99,9,9,99,99,9,9,99,9,99,1,9,6,6,3,-1,-1,-1,-1,-1,-1,-1,-1,0,-1
2025010569738,2025,010569738,2,9,0,99,99,9,9,99,99,9,9,99,9,99,2,9,6,6,3,-1,-1,-1,-1,-1,-1,-1,-1,0,-1
2025010569739,2025,010569739,2,9,0,99,99,9,9,99,99,6,9,99,9,99,0,9,6,6,3,-1,-1,-1,-1,-1,-1,8,E01002494,0,4
2025010569739,2025,010569739,1,4,0,99,99,9,9,99,99,1,9,99,9,99,9,1,2,2,1,31,6,-1,-1,-1,-1,6,E01000960,0,2
2025010569743,2025,010569743,2,9,0,5,5,5,1,0,0,8,0,0,0,0,1,1,5,6,1,88,11,-1,-1,-1,-1,4,E01000788,0,1
2025010569743,2025,010569743,1,3,0,17,19,5,2,0,0,8,0,0,0,0,1,1,5,6,1,21,5,-1,-1,-1,-1,7,E01024798,0,4
2025010569744,2025,010569744,2,23,0,18,19,3,7,0,0,0,2,8,0,0,2,1,1,1,1,33,6,-1,-1,-1,-1,3,E01003523,0,1
2025010569744,2025,010569744,1,9,0,2,2,0,0,0,0,0,0,0,0,0,1,1,6,6,3,-1,-1,-1,-1,-1,-1,-1,-1,0,-1
2025010569748,2025,010569748,1,2,0,99,99,9,9,99,99,9,9,99,9,99,2,1,1,1,1,47,8,-1,-1,-1,-1,4,E01002665,0,2
2025010569748,2025,010569748,2,9,0,99,99,9,9,99,99,9,9,99,9,99,1,9,6,6,2,83,11,-1,-1,-1,-1,-1,-1,0,-1
2025010569749,2025,010569749,1,9,0,99,99,9,9,99,99,9,9,99,9,99,1,9,2,2,1,46,8,-1,-1,-1,-1,6,E01015950,0,4
2025010569749,2025,010569749,2,9,9,99,99,9,9,99,99,9,9,99,9,99,9,9,6,6,3,-1,-1,-1,-1,-1,-1,-1,-1,0,-1
2025010569752,2025,010569752,4,21,0,18,19,1,5,0,0,0,0,0,0,0,2,1,6,6,3,-1,-1,-1,-1,-1,-1,-1,-1,0,-1
2025010569752,2025,010569752,3,9,0,18,19,1,5,0,0,0,0,0,0,0,3,1,5,6,1,21,5,-1,-1,-1,-1,3,E01003490,0,1
2025010569752,2025,010569752,2,9,0,18,19,1,5,0,0,0,0,0,0,0,2,1,5,6,1,23,5,-1,-1,-1,-1,5,E01000070,0,1
2025010569752,2025,010569752,1,9,0,18,19,1,5,0,0,0,0,0,0,0,1,1,6,6,3,-1,-1,-1,-1,-1,-1,-1,-1,0,-1
2025010569754,2025,010569754,2,19,0,7,7,5,8,0,0,1,0,0,0,0,0,2,1,1,1,31,6,-1,-1,-1,-1,4,E01015930,0,4
2025010569754,2025,010569754,1,9,0,4,4,7,3,0,0,1,0,0,0,0,1,2,5,6,2,63,9,-1,-1,-1,-1,3,E01003992,0,1
2025010569762,2025,010569762,1,9,0,17,19,3,1,0,0,1,0,0,0,0,1,1,5,6,1,21,5,-1,-1,-1,-1,2,E01000368,0,1
2025010569762,2025,010569762,2,9,0,9,9,7,5,0,0,1,0,0,0,0,1,1,5,6,2,58,9,-1,-1,-1,-1,7,E01000377,0,1
2025010569763,2025,010569763,3,19,0,2,2,0,0,9,9,0,0,0,0,0,2,1,6,6,3,-1,-1,-1,-1,-1,-1,-1,-1,0,-1
2025010569763,2025,010569763,2,9,0,2,2,0,0,9,9,0,1,4,0,0,2,1,6,6,3,-1,-1,-1,-1,-1,-1,-1,-1,0,-1
2025010569763,2025,010569763,1,9,0,16,19,1,5,0,0,0,0,4,1,11,1,1,5,6,1,19,4,-1,-1,-1,-1,7,E01002338,0,1
2025010569765,2025,010569765,1,8,0,99,99,9,9,99,99,9,9,99,9,99,9,9,5,6,1,59,9,-1,-1,-1,-1,4,E01003440,0,1
2025010569765,2025,010569765,2,9,0,99,99,9,9,99,99,9,9,99,9,99,9,9,6,6,2,52,8,-1,-1,-1,-1,10,E01030398,0,2
2025010569766,2025,010569766,1,3,0,18,19,7,3,0,0,2,0,0,0,0,1,1,6,6,1,36,7,-1,-1,-1,-1,-1,-1,0,-1
2025010569767,2025,010569767,1,9,0,18,19,3,7,0,0,2,0,0,0,0,1,2,6,6,1,36,7,-1,-1,-1,-1,-1,-1,0,-1
2025010569767,2025,010569767,2,1,0,16,19,7,3,0,0,1,0,0,0,0,1,1,5,6,1,37,7,-1,-1,-1,-1,4,E01032639,0,2
2025010569769,2025,010569769,2,9,0,18,19,5,1,0,0,1,0,0,7,1,4,1,5,6,1,28,6,-1,-1,-1,-1,8,E01002157,0,1
2025010569769,2025,010569769,1,9,0,18,19,1,5,0,0,1,0,0,7,10,1,1,5,6,1,34,6,-1,-1,-1,-1,5,E01002129,0,1
2025010569770,2025,010569770,3,9,0,2,2,0,0,6,6,0,0,0,0,0,2,1,6,6,3,-1,-1,-1,-1,-1,-1,-1,-1,0,-1
2025010569770,2025,010569770,2,19,0,2,2,0,0,5,5,0,0,0,0,0,4,1,6,6,3,-1,-1,-1,-1,-1,-1,-1,-1,0,-1
2025010569770,2025,010569770,1,9,0,18,19,7,3,0,0,0,0,0,0,0,4,1,6,6,2,20,4,-1,-1,-1,-1,4,E01003257,0,4
2025010569772,2025,010569772,1,9,0,18,19,5,1,0,0,2,0,0,0,0,4,1,5,6,1,27,6,-1,-1,-1,-1,7,E01002173,0,1
2025010569772,2025,010569772,2,3,0,18,19,7,3,0,0,1,5,0,3,0,1,1,6,6,1,18,4,-1,-1,-1,-1,7,E01002204,0,1
2025010569773,2025,010569773,1,9,0,99,99,9,9,99,99,9,9,99,9,99,2,9,5,6,1,30,6,-1,-1,-1,-1,3,E01002638,0,2
2025010569773,2025,010569773,2,9,9,99,99,9,9,99,99,9,9,99,9,99,9,9,6,6,1,52,8,-1,-1,-1,-1,6,E01002680,0,1
2025010569774,2025,010569774,2,3,9,99,99,9,9,99,99,9,9,99,9,99,1,1,6,6,3,-1,-1,-1,-1,-1,-1,-1,-1,0,-1
2025010569774,2025,010569774,1,97,9,99,99,9,9,99,99,9,9,99,9,99,9,1,5,6,1,25,5,-1,-1,-1,-1,2,E01001012,0,2
2025010569778,2025,010569778,1,9,0,18,19,3,7,0,0,0,0,0,0,0,0,1,2,2,1,65,9,-1,-1,-1,-1,4,E01004339,0,2
2025010569778,2025,010569778,2,9,0,18,19,3,7,0,0,0,0,0,0,0,0,1,5,6,1,22,5,-1,-1,-1,-1,7,E01000267,0,2
2025010569780,2025,010569780,1,19,0,18,19,7,3,0,0,0,0,0,0,0,4,1,1,1,1,55,8,-1,-1,-1,-1,5,E01002546,0,2
2025010569780,2025,010569780,2,1,0,12,12,7,3,0,0,0,0,0,0,0,3,1,6,6,1,32,6,-1,-1,-1,-1,2,E01000604,0,1
2025010569781,2025,010569781,2,9,0,18,19,7,3,0,0,1,0,10,0,0,1,1,1,1,1,29,6,-1,-1,-1,-1,8,E01004498,0,2
2025010569781,2025,010569781,1,4,0,11,11,7,3,0,0,1,1,10,0,0,1,1,6,6,1,17,4,-1,-1,-1,-1,4,E01004617,0,2
2025010569783,2025,010569783,2,9,0,99,99,9,9,99,99,9,9,99,9,99,2,9,6,6,3,43,7,-1,-1,-1,-1,8,E01018296,0,4
2025010569783,2025,010569783,1,3,0,99,99,9,9,99,99,9,9,99,9,99,1,1,1,1,1,26,6,-1,-1,-1,-1,3,E01003564,0,2
2025010569786,2025,010569786,1,3,0,99,99,9,9,99,99,9,9,99,9,99,9,1,2,2,1,29,6,-1,-1,-1,-1,8,E01002238,0,1
2025010569786,2025,010569786,2,9,0,99,99,9,9,99,99,9,9,99,9,99,9,9,6,6,3,-1,-1,-1,-1,-1,-1,-1,-1,0,-1
2025010569793,2025,010569793,2,19,0,18,19,3,7,0,0,0,0,7,0,0,1,1,1,1,1,36,7,-1,-1,-1,-1,6,E01000365,0,2
2025010569793,2025,010569793,1,9,0,18,19,7,3,0,0,0,0,0,1,0,1,1,6,6,1,27,6,-1,-1,-1,-1,6,E01000663,0,1
2025010569794,2025,010569794,2,1,9,99,99,9,9,99,99,9,9,99,9,99,9,1,6,6,3,-1,-1,-1,-1,-1,-1,2,E01001250,0,1
2025010569794,2025,010569794,1,9,0,99,99,9,9,99,99,9,9,99,9,99,1,9,2,2,2,24,5,-1,-1,-1,-1,7,E01001308,0,2
2025010569799,2025,010569799,1,1,9,99,99,9,9,99,99,9,9,99,9,99,1,1,5,6,1,26,6,-1,-1,-1,-1,4,E01003058,0,2
2025010569799,2025,010569799,2,9,0,99,99,9,9,99,99,9,9,99,9,99,9,9,6,6,3,-1,-1,-1,-1,-1,-1,-1,-1,0,-1
2025010569806,2025,010569806,1,9,0,18,19,5,1,0,0,2,0,0,0,0,4,1,5,6,2,64,9,-1,-1,-1,-1,6,E01001419,0,1
2025010569807,2025,010569807,1,9,0,18,19,3,7,0,0,0,0,0,0,0,1,1,5,6,1,50,8,-1,-1,-1,-1,4,E01004376,0,1
2025010569809,2025,010569809,1,19,0,99,99,9,9,99,99,9,9,99,9,99,1,9,1,1,2,46,8,-1,-1,-1,-1,9,E01002961,0,1
2025010569811,2025,010569811,1,3,0,99,99,9,9,99,99,9,9,99,9,99,9,1,1,1,1,29,6,-1,-1,-1,-1,6,E01002135,0,2
2025010569811,2025,010569811,2,9,0,99,99,9,9,99,99,9,9,99,9,99,1,9,6,6,3,-1,-1,-1,-1,-1,-1,-1,-1,0,-1
2025010569812,2025,010569812,2,9,0,99,99,9,9,99,99,9,9,99,9,99,1,9,6,6,3,42,7,-1,-1,-1,-1,7,E01015969,0,4
2025010569812,2025,010569812,1,9,0,99,99,9,9,99,99,9,9,99,9,99,2,9,1,1,1,36,7,-1,-1,-1,-1,6,E01015925,0,3
2025010569813,2025,010569813,2,9,0,12,12,5,1,0,0,1,0,0,0,0,2,1,6,6,1,48,8,-1,-1,-1,-1,10,E01030778,0,4
2025010569813,2025,010569813,1,9,0,4,4,5,1,0,0,1,0,0,0,0,1,1,1,1,2,27,6,-1,-1,-1,-1,4,E01001898,0,3
2025010569817,2025,010569817,1,20,0,18,19,7,3,0,0,0,1,0,1,11,1,1,1,1,1,53,8,-1,-1,-1,-1,6,E01024152,0,4
2025010569819,2025,010569819,1,11,0,18,19,5,1,0,0,1,0,0,0,0,0,1,1,1,1,23,5,-1,-1,-1,-1,2,E01021320,0,3
2025010569824,2025,010569824,1,9,0,9,9,5,3,0,0,8,0,0,0,0,4,1,6,6,1,42,7,-1,-1,-1,-1,4,E01004274,0,1
2025010569824,2025,010569824,2,5,0,18,19,1,5,0,0,8,0,0,0,0,1,1,6,6,3,-1,-1,-1,-1,-1,-1,-1,-1,0,-1
2025010569825,2025,010569825,2,9,0,-1,-1,1,5,0,0,1,0,0,0,0,2,1,5,6,2,69,10,-1,-1,-1,-1,6,E01003437,0,1
2025010569825,2025,010569825,1,21,0,-1,-1,1,5,0,0,1,0,0,0,0,1,1,1,1,1,44,7,-1,-1,-1,-1,4,E01016157,0,4
2025010569826,2025,010569826,2,1,0,18,19,4,8,0,0,8,0,0,0,0,1,1,2,2,1,25,5,-1,-1,-1,-1,2,E01000939,0,1
2025010569826,2025,010569826,1,19,0,9,9,8,6,0,0,1,0,0,0,0,3,1,2,2,1,29,6,-1,-1,-1,-1,9,E01031004,0,4
2025010569827,2025,010569827,1,11,0,18,19,1,5,2,2,2,0,0,0,0,1,1,1,1,1,26,6,-1,-1,-1,-1,2,E01003194,0,1
2025010569831,2025,010569831,1,9,0,99,99,9,9,99,99,0,9,99,9,99,1,9,6,6,1,75,10,-1,-1,-1,-1,6,E01000218,0,1
2025010569836,2025,010569836,1,11,0,18,19,5,1,0,0,1,0,0,0,0,1,1,1,1,1,40,7,-1,-1,-1,-1,7,E01033463,0,2
2025010569836,2025,010569836,2,1,0,5,5,5,1,0,0,1,0,0,0,0,1,1,6,6,1,66,10,-1,-1,-1,-1,10,E01000896,0,1
2025010569837,2025,010569837,1,19,0,5,5,5,1,2,2,6,0,0,3,0,2,1,1,1,1,44,7,-1,-1,-1,-1,4,E01001321,0,2
2025010569837,2025,010569837,2,1,0,5,5,5,1,0,0,8,1,0,3,0,1,1,1,1,1,16,4,-1,-1,-1,-1,2,E01001361,0,1
2025010569838,2025,010569838,3,9,9,99,99,9,9,99,99,9,9,99,9,99,9,9,6,6,3,-1,-1,-1,-1,-1,-1,-1,-1,0,-1
2025010569838,2025,010569838,1,1,9,99,99,9,9,99,99,9,9,99,9,99,9,1,6,6,3,49,8,-1,-1,-1,-1,8,E01002963,0,1
2025010569838,2025,010569838,2,1,9,99,99,9,9,99,99,9,9,99,9,99,9,1,6,6,1,16,4,-1,-1,-1,-1,8,E01002963,0,1
2025010569840,2025,010569840,2,9,0,99,99,9,9,99,99,9,9,99,9,99,1,9,6,6,3,-1,-1,-1,-1,-1,-1,-1,-1,0,-1
2025010569840,2025,010569840,1,9,0,99,99,9,9,99,99,9,9,99,9,99,2,9,5,6,1,40,7,-1,-1,-1,-1,10,E01016561,0,4
2025010569841,2025,010569841,1,9,0,18,19,3,7,0,0,0,0,0,0,0,4,1,5,6,1,52,8,-1,-1,-1,-1,-1,-1,0,-1
2025010569842,2025,010569842,1,9,0,99,99,9,9,99,99,0,9,99,9,99,9,9,2,2,1,51,8,-1,-1,-1,-1,3,E01000044,0,2
2025010569842,2025,010569842,2,9,9,99,99,9,9,99,99,0,9,99,9,99,9,9,6,6,3,-1,-1,-1,-1,-1,-1,-1,-1,0,-1
2025010569843,2025,010569843,2,9,0,2,2,0,0,0,0,1,0,0,0,0,3,1,6,6,3,-1,-1,-1,-1,-1,-1,-1,-1,0,-1
2025010569843,2025,010569843,1,9,0,17,19,5,1,0,0,1,5,4,0,0,4,1,6,6,1,76,11,-1,-1,-1,-1,4,E01002393,0,1
2025010569845,2025,010569845,2,9,0,99,99,9,9,99,99,9,9,99,9,99,9,9,6,6,3,-1,-1,-1,-1,-1,-1,3,E01004719,0,3
2025010569845,2025,010569845,1,8,0,99,99,9,9,99,99,9,9,99,9,99,9,9,1,1,1,66,10,-1,-1,-1,-1,2,E01001479,0,1
2025010569846,2025,010569846,1,9,0,7,7,5,8,0,0,5,0,0,0,0,4,1,6,6,1,62,9,-1,-1,-1,-1,2,E01002720,0,2
2025010569846,2025,010569846,2,1,0,18,19,5,1,0,0,1,5,0,0,0,1,1,5,6,2,25,5,-1,-1,-1,-1,5,E01002899,0,1
2025010569851,2025,010569851,1,9,0,99,99,9,9,99,99,9,9,99,9,99,2,9,5,6,1,31,6,-1,-1,-1,-1,5,E01000467,0,2
2025010569851,2025,010569851,2,9,0,99,99,9,9,99,99,9,9,99,9,99,1,9,6,6,2,25,5,-1,-1,-1,-1,3,E01003298,0,2
2025010569858,2025,010569858,1,1,9,99,99,9,9,99,99,9,9,99,9,99,2,1,2,2,1,28,6,-1,-1,-1,-1,6,E01000631,0,2
2025010569858,2025,010569858,2,9,9,18,19,7,3,0,0,9,0,99,0,0,9,9,6,6,3,-1,-1,-1,-1,-1,-1,-1,-1,0,-1
2025010569862,2025,010569862,2,9,0,99,99,9,9,99,99,4,9,99,9,99,9,9,6,6,3,-1,-1,-1,-1,-1,-1,-1,-1,0,-1
2025010569862,2025,010569862,1,3,0,99,99,9,9,99,99,1,9,99,9,99,9,1,5,6,1,32,6,-1,-1,-1,-1,2,E01003516,0,1
2025010569871,2025,010569871,1,9,0,99,99,9,9,99,99,9,9,99,9,99,9,9,6,6,1,35,6,-1,-1,-1,-1,2,E01003187,0,1
2025010569875,2025,010569875,1,9,0,99,99,9,9,99,99,0,9,99,9,99,2,9,5,6,2,38,7,-1,-1,-1,-1,2,E01003576,0,1
2025010569886,2025,010569886,2,5,0,9,9,5,2,0,0,1,0,0,0,0,3,1,5,6,1,34,6,-1,-1,-1,-1,5,E01000745,0,2
2025010569886,2025,010569886,1,9,0,1,1,3,7,0,0,1,0,0,0,0,2,1,5,6,1,29,6,-1,-1,-1,-1,5,E01000975,0,1
2025010569891,2025,010569891,2,5,0,18,19,3,7,0,0,8,1,0,0,0,1,1,6,6,1,38,7,-1,-1,-1,-1,6,E01003153,0,2
2025010569891,2025,010569891,1,9,0,9,9,7,5,0,0,5,0,0,0,0,4,1,5,6,1,52,8,-1,-1,-1,-1,5,E01003166,0,1
2025010569892,2025,010569892,1,9,0,13,13,7,3,0,0,1,0,0,0,0,2,1,5,6,1,55,8,-1,-1,-1,-1,2,E01002392,0,1
2025010569892,2025,010569892,2,9,0,18,19,7,3,0,0,1,0,0,1,2,2,1,5,6,1,41,7,-1,-1,-1,-1,10,E01030878,0,4
2025010569896,2025,010569896,2,9,0,4,4,3,7,0,0,1,0,0,0,0,0,1,6,6,3,-1,-1,-1,-1,-1,-1,-1,-1,0,-1
2025010569896,2025,010569896,1,9,0,4,4,3,7,0,0,1,0,0,0,0,3,1,5,6,1,71,10,-1,-1,-1,-1,6,E01002674,0,3
2025010569902,2025,010569902,2,1,0,9,9,8,6,0,0,8,0,0,0,0,4,1,5,6,1,56,9,-1,-1,-1,-1,10,E01030506,0,2
2025010569902,2025,010569902,1,9,0,9,9,6,4,0,0,8,0,0,0,0,1,1,5,6,2,32,6,-1,-1,-1,-1,9,E01002916,0,1
2025010569904,2025,010569904,1,11,0,3,3,1,5,0,0,1,0,0,0,0,0,1,1,1,2,31,6,-1,-1,-1,-1,2,E01001052,0,3
2025010569904,2025,010569904,2,1,0,15,15,1,5,0,0,1,0,0,0,0,3,1,5,6,1,31,6,-1,-1,-1,-1,6,E01004551,0,1
2025010569906,2025,010569906,1,9,0,-1,-1,1,5,0,0,2,0,0,0,0,1,1,5,6,1,36,7,-1,-1,-1,-1,2,E01001364,0,1
2025010569914,2025,010569914,1,3,0,14,14,7,3,0,0,2,0,4,0,0,1,1,1,1,1,26,6,-1,-1,-1,-1,4,E01003529,0,2
2025010569914,2025,010569914,2,19,0,4,4,7,3,0,0,2,0,0,0,0,3,1,1,1,1,60,9,-1,-1,-1,-1,3,E01000016,0,1
2025010569918,2025,010569918,1,9,0,4,4,3,7,0,0,0,0,0,0,0,2,1,1,1,1,35,6,-1,-1,-1,-1,4,E01001286,0,2
2025010569918,2025,010569918,2,19,0,4,4,3,7,0,0,0,0,4,0,0,1,1,1,1,1,28,6,-1,-1,-1,-1,6,E01002668,0,2
2025010569920,2025,010569920,1,9,0,99,99,9,9,99,99,9,9,99,9,99,1,9,5,6,2,29,6,-1,-1,-1,-1,8,E01017838,0,4
2025010569921,2025,010569921,3,9,0,18,19,5,1,0,0,0,0,4,0,0,1,1,6,6,1,49,8,-1,-1,-1,-1,9,E01002192,0,1
2025010569921,2025,010569921,2,9,0,2,2,0,0,0,0,0,0,0,0,0,2,1,6,6,3,-1,-1,-1,-1,-1,-1,-1,-1,0,-1
2025010569921,2025,010569921,1,9,0,2,2,0,0,0,0,0,0,0,0,0,2,1,6,6,3,-1,-1,-1,-1,-1,-1,-1,-1,0,-1
2025010569923,2025,010569923,1,11,0,99,99,9,9,99,99,9,9,99,9,99,1,9,1,1,1,55,8,-1,-1,-1,-1,9,E01030401,0,3
2025010569923,2025,010569923,2,9,0,99,99,9,9,99,99,9,9,99,9,99,2,9,6,6,2,-1,-1,-1,-1,-1,-1,-1,-1,0,-1
2025010569924,2025,010569924,2,9,0,2,2,0,0,2,2,2,1,0,7,11,1,1,6,6,3,-1,-1,-1,-1,-1,-1,-1,-1,0,-1
2025010569924,2025,010569924,1,9,0,18,19,1,5,0,0,1,0,4,1,11,1,1,6,6,1,34,6,-1,-1,-1,-1,3,E01000640,0,1
2025010569930,2025,010569930,2,4,0,18,19,7,3,0,0,1,0,0,0,0,1,1,6,6,1,25,5,-1,-1,-1,-1,-1,-1,0,-1
2025010569930,2025,010569930,1,3,0,9,9,7,5,1,1,1,0,0,0,0,3,1,6,6,1,28,6,-1,-1,-1,-1,3,E01002753,0,1
2025010569931,2025,010569931,1,9,0,18,19,7,3,0,0,0,0,0,0,0,1,1,6,6,2,18,4,-1,-1,-1,-1,10,E01030512,0,3
2025010569932,2025,010569932,1,3,0,1,1,4,8,0,0,8,1,0,7,0,0,1,5,6,1,19,4,-1,-1,-1,-1,3,E01003819,0,1
2025010569932,2025,010569932,3,9,0,2,2,0,0,9,9,1,0,0,0,0,0,1,6,6,3,-1,-1,-1,-1,-1,-1,-1,-1,0,-1
2025010569932,2025,010569932,2,9,5,18,19,8,4,0,0,8,0,4,0,0,1,1,5,6,1,66,10,-1,-1,-1,-1,9,E01003818,0,1
2025010569933,2025,010569933,2,9,0,99,99,9,9,99,99,9,9,99,9,99,1,9,6,6,1,64,9,-1,-1,-1,-1,2,E01002782,0,3
2025010569933,2025,010569933,1,1,9,99,99,9,9,99,99,9,9,99,9,99,1,1,5,6,1,55,8,-1,-1,-1,-1,1,E01003318,0,1
2025010569935,2025,010569935,1,3,0,14,14,1,5,0,0,0,0,0,0,0,1,1,5,6,1,25,5,-1,-1,-1,-1,6,E01000623,0,2
2025010569937,2025,010569937,2,9,0,99,99,9,9,99,99,9,9,99,9,99,1,9,6,6,1,39,7,-1,-1,-1,-1,4,E01023543,0,1
2025010569937,2025,010569937,1,3,0,99,99,9,9,99,99,9,9,99,9,99,2,1,5,6,1,27,6,-1,-1,-1,-1,3,E01000130,0,1
2025010569940,2025,010569940,1,19,0,5,5,5,1,0,0,0,0,0,0,0,1,1,5,6,1,35,6,-1,-1,-1,-1,3,E01002243,0,4
2025010569947,2025,010569947,2,1,0,18,19,7,3,0,0,0,0,10,7,0,4,1,5,6,1,17,4,-1,-1,-1,-1,6,E01001068,0,1
2025010569947,2025,010569947,1,9,0,18,19,7,3,0,0,0,0,0,0,0,1,1,5,6,1,37,7,-1,-1,-1,-1,2,E01004013,0,3
2025010569948,2025,010569948,1,19,0,4,4,2,6,0,0,2,0,0,0,0,1,1,1,1,1,49,8,-1,-1,-1,-1,1,E01024610,0,4
2025010569953,2025,010569953,2,1,0,18,19,3,7,0,0,1,5,0,0,0,4,1,6,6,2,27,6,-1,-1,-1,-1,5,E01003156,0,1
2025010569953,2025,010569953,1,2,0,18,19,3,7,0,0,1,0,0,0,0,0,1,6,6,3,25,5,-1,-1,-1,-1,-1,-1,0,-1
2025010569955,2025,010569955,1,3,0,4,4,7,3,0,0,1,0,0,0,0,1,1,1,1,1,26,6,-1,-1,-1,-1,5,E01001895,0,1
2025010569955,2025,010569955,2,9,0,6,6,3,3,0,0,2,0,0,0,0,3,1,6,6,2,27,6,-1,-1,-1,-1,4,E01002850,0,1
2025010569958,2025,010569958,3,9,0,18,19,1,5,0,0,4,0,0,0,0,1,1,1,1,1,33,6,-1,-1,-1,-1,-1,-1,0,-1
2025010569958,2025,010569958,2,9,0,18,19,5,1,0,0,3,0,0,0,0,1,1,1,1,1,32,6,-1,-1,-1,-1,5,E01003666,0,3
2025010569958,2025,010569958,1,4,0,5,5,1,5,0,0,4,0,0,0,0,3,1,6,6,1,26,6,-1,-1,-1,-1,-1,-1,0,-1
2025010569964,2025,010569964,2,9,0,99,99,9,9,99,99,9,9,99,9,99,2,9,6,6,3,-1,-1,-1,-1,-1,-1,-1,-1,0,-1
2025010569964,2025,010569964,1,9,0,99,99,9,9,99,99,9,9,99,9,99,2,9,5,6,2,30,6,-1,-1,-1,-1,5,E01003739,0,1