collision_index,collision_year,collision_ref_no,vehicle_reference,vehicle_type,towing_and_articulation,vehicle_manoeuvre_historic,vehicle_manoeuvre,vehicle_direction_from,vehicle_direction_to,vehicle_location_restricted_lane_historic,vehicle_location_restricted_lane,junction_location,skidding_and_overturning,hit_object_in_carriageway,vehicle_leaving_carriageway,hit_object_off_carriageway,first_point_of_impact,vehicle_left_hand_drive,journey_purpose_of_driver_historic,journey_purpose_of_driver,sex_of_driver,age_of_driver,age_band_of_driver,engine_capacity_cc,propulsion_code,age_of_vehicle,generic_make_model,driver_imd_decile,lsoa_of_driver,escooter_flag,driver_distance_banding
2025010569968,2025,010569968,1,9,0,3,3,5,1,0,0,0,1,0,0,0,1,1,5,6,2,34,6,-1,-1,-1,-1,-1,-1,0,-1
2025010569968,2025,010569968,2,9,0,1,1,5,1,0,0,0,0,0,0,0,2,1,6,6,3,-1,-1,-1,-1,-1,-1,-1,-1,0,-1
2025010569969,2025,010569969,1,9,0,9,9,1,6,0,0,2,0,0,1,2,1,1,5,6,1,65,9,-1,-1,-1,-1,-1,-1,0,-1
2025010569970,2025,010569970,1,9,0,18,19,5,1,0,0,1,1,0,2,3,4,1,6,6,1,19,4,-1,-1,-1,-1,-1,-1,0,-1
2025010569972,2025,010569972,1,9,0,9,9,5,3,0,0,1,0,0,0,0,4,1,5,6,1,21,5,-1,-1,-1,-1,2,E01004223,0,1
2025010569972,2025,010569972,2,1,0,18,19,1,5,0,0,1,0,0,0,0,1,1,1,1,1,43,7,-1,-1,-1,-1,5,E01004439,0,1
2025010569973,2025,010569973,2,1,0,18,19,7,3,0,0,8,0,0,0,0,1,1,6,6,1,24,5,-1,-1,-1,-1,3,E01003099,0,1
2025010569973,2025,010569973,1,19,0,7,7,7,2,0,0,8,0,0,0,0,4,1,5,6,1,34,6,-1,-1,-1,-1,4,E01000189,0,3
2025010569974,2025,010569974,2,1,0,18,19,1,5,0,0,0,0,4,0,0,1,1,6,6,2,50,8,-1,-1,-1,-1,2,E01001734,0,1
2025010569974,2025,010569974,1,9,0,2,2,0,0,0,0,0,0,0,0,0,1,1,6,6,3,-1,-1,-1,-1,-1,-1,-1,-1,0,-1
2025010569979,2025,010569979,2,1,0,18,19,3,7,0,0,8,0,0,0,0,1,1,5,6,2,49,8,-1,-1,-1,-1,4,E01001942,0,1
2025010569979,2025,010569979,1,19,0,9,9,8,5,0,0,8,0,0,0,0,1,1,1,1,1,30,6,-1,-1,-1,-1,5,E01001348,0,2
2025010569980,2025,010569980,1,9,0,18,19,3,7,0,0,1,0,0,0,0,4,1,1,1,1,59,9,-1,-1,-1,-1,8,E01000237,0,1
2025010569980,2025,010569980,2,9,0,18,19,5,1,0,0,1,0,0,0,0,3,1,6,6,2,37,7,-1,-1,-1,-1,4,E01004760,0,2
2025010569981,2025,010569981,1,1,9,99,99,9,9,99,99,9,9,99,9,99,9,1,6,6,3,-1,-1,-1,-1,-1,-1,3,E01035641,0,1
2025010569998,2025,010569998,1,9,0,9,9,1,8,0,0,5,0,0,0,0,4,1,5,6,2,58,9,-1,-1,-1,-1,9,E01000115,0,1
2025010569998,2025,010569998,2,5,0,9,9,8,6,0,0,5,0,0,0,0,1,1,6,6,1,65,9,-1,-1,-1,-1,3,E01001969,0,1
2025010570005,2025,010570005,2,8,0,99,99,9,9,99,99,9,9,99,9,99,1,9,6,6,3,57,9,-1,-1,-1,-1,10,E01001101,0,3
2025010570005,2025,010570005,1,1,9,99,99,9,9,4,4,9,9,99,9,99,2,1,5,6,1,25,5,-1,-1,-1,-1,4,E01003091,0,1
2025010570006,2025,010570006,1,9,0,18,19,5,1,0,0,2,0,0,0,0,1,1,5,6,1,22,5,-1,-1,-1,-1,3,E01034141,0,1
2025010570006,2025,010570006,2,3,0,15,15,6,2,0,0,1,0,0,0,0,1,1,6,6,1,55,8,-1,-1,-1,-1,7,E01000986,0,1
2025010570012,2025,010570012,1,19,0,99,99,9,9,99,99,1,0,0,0,0,9,1,6,6,3,-1,-1,-1,-1,-1,-1,-1,-1,0,-1
2025010570017,2025,010570017,1,9,0,1,1,3,1,9,9,6,0,0,0,0,2,1,1,1,1,40,7,-1,-1,-1,-1,3,E01012197,0,5
2025010570018,2025,010570018,1,9,0,1,1,6,2,0,0,0,0,0,0,0,2,1,6,6,2,64,9,-1,-1,-1,-1,6,E01002828,0,1
2025010570019,2025,010570019,1,11,0,18,19,7,3,2,2,1,0,0,0,0,0,1,1,1,1,55,8,-1,-1,-1,-1,2,E01003497,0,2
2025010570024,2025,010570024,1,19,0,9,9,5,2,0,0,1,0,0,0,0,4,1,1,1,1,46,8,-1,-1,-1,-1,4,E01031569,0,4
2025010570024,2025,010570024,2,3,0,18,19,5,1,0,0,1,0,0,0,0,1,1,5,6,1,21,5,-1,-1,-1,-1,3,E01003450,0,1
2025010570026,2025,010570026,1,9,0,5,5,0,1,0,0,0,0,0,0,0,2,1,5,6,1,71,10,-1,-1,-1,-1,-1,-1,0,-1
2025010570027,2025,010570027,1,19,0,99,99,9,9,99,99,6,9,99,9,99,9,9,6,6,3,-1,-1,-1,-1,-1,-1,-1,-1,0,-1
2025010570029,2025,010570029,1,9,0,9,9,1,6,0,0,5,0,0,0,0,4,1,2,2,1,51,8,-1,-1,-1,-1,8,E01003709,0,3
2025010570029,2025,010570029,2,1,0,18,19,6,2,0,0,1,0,0,0,0,1,1,5,6,1,14,3,-1,-1,-1,-1,2,E01002800,0,1
2025010570030,2025,010570030,1,9,9,99,99,9,9,99,99,0,9,99,9,99,9,1,6,6,3,-1,-1,-1,-1,-1,-1,-1,-1,0,-1
2025010570031,2025,010570031,2,9,0,7,7,1,2,0,0,1,0,0,0,0,4,1,6,6,1,24,5,-1,-1,-1,-1,3,E01003993,0,1
2025010570031,2025,010570031,1,11,0,18,19,5,1,2,2,1,0,0,0,0,3,1,1,1,1,49,8,-1,-1,-1,-1,6,E01003359,0,2
2025010570033,2025,010570033,1,9,0,99,99,9,9,99,99,9,9,99,9,99,1,9,2,2,1,64,9,-1,-1,-1,-1,2,E01001332,0,1
2025010570042,2025,010570042,1,9,9,99,99,9,9,0,0,0,9,99,9,99,4,9,1,1,1,37,7,-1,-1,-1,-1,9,E01000873,0,3
2025010570042,2025,010570042,2,98,9,99,99,9,9,0,0,0,9,99,9,99,3,9,6,6,3,-1,-1,-1,-1,-1,-1,7,E01027010,0,4
2025010570043,2025,010570043,2,1,0,5,5,3,7,9,9,1,0,0,0,0,1,1,3,7,1,33,6,-1,-1,-1,-1,10,E01000813,0,1
2025010570043,2025,010570043,1,20,0,7,7,1,4,0,0,4,0,0,0,0,4,1,1,1,1,69,10,-1,-1,-1,-1,5,E01021313,0,4
2025010570045,2025,010570045,1,1,9,99,99,9,9,99,99,9,9,99,9,99,1,1,2,2,1,39,7,-1,-1,-1,-1,6,E01004463,0,1
2025010570045,2025,010570045,2,9,0,99,99,9,9,99,99,9,9,99,9,99,1,9,6,6,3,-1,-1,-1,-1,-1,-1,-1,-1,0,-1
2025010570048,2025,010570048,1,11,0,18,19,5,1,0,0,8,0,0,0,0,0,1,1,1,2,50,8,-1,-1,-1,-1,6,E01000575,0,2
2025010570048,2025,010570048,2,-1,0,18,19,3,7,0,0,8,0,0,0,0,0,1,6,6,3,-1,-1,-1,-1,-1,-1,-1,-1,1,-1
2025010570049,2025,010570049,1,9,0,1,1,1,5,0,0,0,0,0,0,0,2,1,6,6,1,32,6,-1,-1,-1,-1,7,E01002136,0,2
2025010570050,2025,010570050,1,9,5,6,6,1,1,0,0,5,0,11,7,11,1,1,6,6,2,65,9,-1,-1,-1,-1,2,E01002076,0,1
2025010570053,2025,010570053,2,19,0,18,19,7,3,0,0,2,0,0,0,0,2,1,1,1,1,44,7,-1,-1,-1,-1,6,E01021275,0,4
2025010570053,2025,010570053,3,9,5,18,19,7,3,0,0,2,0,0,0,0,2,1,5,6,2,29,6,-1,-1,-1,-1,8,E01000390,0,2
2025010570053,2025,010570053,1,19,0,5,5,7,3,0,0,2,0,0,0,0,1,1,2,2,1,36,7,-1,-1,-1,-1,3,E01003611,0,3
2025010570057,2025,010570057,2,9,0,99,99,9,9,99,99,9,9,99,9,99,9,9,6,6,3,-1,-1,-1,-1,-1,-1,4,E01028876,0,5
2025010570057,2025,010570057,1,1,9,99,99,9,9,99,99,9,9,99,9,99,9,1,5,6,2,36,7,-1,-1,-1,-1,3,E01035642,0,1
2025010570062,2025,010570062,2,1,0,7,7,1,4,0,0,8,0,0,0,0,1,1,6,6,1,16,4,-1,-1,-1,-1,2,E01003337,0,1
2025010570062,2025,010570062,1,9,0,17,19,7,3,0,0,8,0,0,0,0,1,1,6,6,2,19,4,-1,-1,-1,-1,2,E01001634,0,2
2025010570064,2025,010570064,1,9,9,14,14,7,3,99,99,3,0,99,0,0,1,9,6,6,3,67,10,-1,-1,-1,-1,4,E01003530,0,1
2025010570064,2025,010570064,2,9,0,99,99,9,9,8,6,2,0,0,0,0,1,1,1,1,1,51,8,-1,-1,-1,-1,4,E01003734,0,1
2025010570065,2025,010570065,2,9,0,99,99,9,9,99,99,9,9,99,9,99,9,9,6,6,3,37,7,-1,-1,-1,-1,7,E01004518,0,3
2025010570065,2025,010570065,1,1,9,99,99,9,9,99,99,9,9,99,9,99,1,1,2,2,1,40,7,-1,-1,-1,-1,5,E01003547,0,2
2025010570066,2025,010570066,1,1,0,18,19,5,1,0,0,1,0,0,0,0,1,1,6,6,1,25,5,-1,-1,-1,-1,4,E01003216,0,2
2025010570066,2025,010570066,2,9,0,9,9,3,8,0,0,1,0,0,0,0,3,1,6,6,2,-1,-1,-1,-1,-1,-1,3,E01034387,0,1
2025010570068,2025,010570068,2,3,0,18,19,8,4,0,0,1,0,0,0,0,4,1,2,2,1,21,5,-1,-1,-1,-1,6,E01002335,0,1
2025010570068,2025,010570068,1,9,0,10,10,3,8,9,9,6,0,0,0,0,1,1,5,6,1,69,10,-1,-1,-1,-1,8,E01002321,0,1
2025010570075,2025,010570075,2,9,0,9,9,1,6,0,0,0,0,0,0,0,3,1,5,6,1,39,7,-1,-1,-1,-1,8,E01034386,0,3
2025010570075,2025,010570075,1,9,0,13,13,1,5,0,0,0,0,0,0,0,1,1,1,1,2,37,7,-1,-1,-1,-1,2,E01003047,0,1
2025010570076,2025,010570076,1,11,0,5,5,7,3,0,0,0,0,0,0,0,0,1,1,1,1,60,9,-1,-1,-1,-1,3,E01001860,0,2
2025010570077,2025,010570077,2,20,0,18,19,3,7,0,0,1,0,0,0,0,4,1,6,6,1,37,7,-1,-1,-1,-1,7,E01002144,0,2
2025010570077,2025,010570077,1,3,0,11,11,3,7,0,0,1,2,10,0,0,1,1,6,6,1,31,6,-1,-1,-1,-1,7,E01001341,0,1
2025010570082,2025,010570082,1,9,0,99,99,9,9,99,99,9,9,99,9,99,9,9,5,6,1,37,7,-1,-1,-1,-1,4,E01003688,0,2
2025010570082,2025,010570082,2,9,0,99,99,9,9,99,99,9,9,99,9,99,9,9,6,6,3,-1,-1,-1,-1,-1,-1,2,E01001560,0,3
2025010570085,2025,010570085,1,9,0,99,99,9,9,99,99,9,9,99,9,99,2,9,5,6,1,43,7,-1,-1,-1,-1,3,E01000499,0,3
2025010570086,2025,010570086,2,9,0,99,99,9,9,99,99,9,9,99,9,99,0,9,6,6,3,32,6,-1,-1,-1,-1,4,E01001879,0,1
2025010570086,2025,010570086,1,1,9,99,99,9,9,99,99,9,9,99,9,99,0,1,5,6,1,63,9,-1,-1,-1,-1,8,E01001901,0,1
2025010570088,2025,010570088,1,98,0,7,7,4,7,0,0,5,0,0,0,0,1,1,1,1,1,68,10,-1,-1,-1,-1,5,E01021901,0,4
2025010570088,2025,010570088,2,1,0,18,19,4,8,0,0,1,0,0,0,0,2,1,2,2,2,30,6,-1,-1,-1,-1,4,E01004212,0,1
2025010570091,2025,010570091,1,11,0,5,5,5,1,0,0,1,0,0,0,0,0,1,1,1,2,28,6,-1,-1,-1,-1,4,E01002098,0,3
2025010570095,2025,010570095,1,5,0,18,19,5,1,0,0,2,0,0,0,0,0,1,1,1,1,37,7,-1,-1,-1,-1,4,E01034156,0,3
2025010570095,2025,010570095,2,3,0,18,19,5,1,0,0,2,0,10,1,2,1,1,6,6,1,16,4,-1,-1,-1,-1,2,E01003994,0,2
2025010570097,2025,010570097,2,9,0,3,3,7,3,0,0,1,0,0,0,0,2,1,6,6,1,22,5,-1,-1,-1,-1,2,E01033883,0,1
2025010570097,2025,010570097,3,9,0,13,13,3,7,0,0,1,0,0,0,0,0,1,6,6,2,30,6,-1,-1,-1,-1,8,E01017940,0,4
2025010570097,2025,010570097,1,9,0,5,5,7,3,0,0,1,0,4,0,0,1,1,5,6,2,38,7,-1,-1,-1,-1,4,E01003249,0,1
2025010570099,2025,010570099,1,5,0,-1,-1,7,3,0,0,8,1,4,0,0,1,1,2,2,1,25,5,-1,-1,-1,-1,5,E01002632,0,1
2025010570099,2025,010570099,2,9,0,2,2,0,0,0,0,8,0,0,0,0,3,1,6,6,3,-1,-1,-1,-1,-1,-1,-1,-1,0,-1
2025010570102,2025,010570102,1,9,0,18,19,5,1,8,6,0,0,4,0,0,1,1,6,6,1,27,6,-1,-1,-1,-1,5,E01000036,0,1
2025010570102,2025,010570102,2,9,0,18,19,5,1,0,0,0,0,0,0,0,1,1,6,6,1,21,5,-1,-1,-1,-1,6,E01002327,0,2
2025010570103,2025,010570103,1,11,0,18,19,5,1,0,0,8,0,0,0,0,1,1,1,1,1,55,8,-1,-1,-1,-1,2,E01001181,0,2
2025010570103,2025,010570103,2,9,0,18,19,1,5,0,0,8,1,0,3,0,1,1,5,6,2,25,5,-1,-1,-1,-1,8,E01035364,0,1
2025010570104,2025,010570104,1,1,9,99,99,9,9,99,99,9,9,99,9,99,1,1,5,6,1,15,3,-1,-1,-1,-1,2,E01001971,0,1
2025010570104,2025,010570104,2,9,0,99,99,9,9,99,99,9,9,99,9,99,9,9,6,6,3,-1,-1,-1,-1,-1,-1,-1,-1,0,-1
2025010570105,2025,010570105,2,5,0,14,14,3,7,0,0,1,0,0,0,0,1,1,6,6,1,33,6,-1,-1,-1,-1,5,E01000975,0,1
2025010570105,2025,010570105,1,9,0,9,9,3,1,0,0,1,0,0,0,0,1,1,5,6,1,48,8,-1,-1,-1,-1,4,E01001140,0,1
2025010570111,2025,010570111,2,1,0,18,19,7,3,0,0,1,0,0,0,0,1,1,5,6,1,48,8,-1,-1,-1,-1,4,E01034603,0,1
2025010570111,2025,010570111,1,9,0,9,9,4,1,0,0,1,0,0,0,0,4,1,6,6,1,52,8,-1,-1,-1,-1,6,E01002161,0,3
2025010570112,2025,010570112,2,9,0,9,9,8,7,0,0,5,0,0,7,0,1,1,6,6,2,21,5,-1,-1,-1,-1,6,E01000824,0,1
2025010570112,2025,010570112,1,3,0,18,19,4,8,0,0,8,0,0,0,0,1,1,5,6,1,17,4,-1,-1,-1,-1,9,E01000673,0,1
2025010570113,2025,010570113,1,11,0,4,4,4,8,2,2,0,0,0,0,0,0,1,5,6,1,19,4,-1,-1,-1,-1,1,E01000528,0,3
2025010570115,2025,010570115,1,1,9,99,99,9,9,99,99,9,9,99,9,99,9,1,2,2,1,47,8,-1,-1,-1,-1,3,E01000481,0,1
2025010570116,2025,010570116,1,2,0,4,4,3,7,0,0,0,0,0,0,0,1,1,2,2,1,17,4,-1,-1,-1,-1,4,E01001623,0,1
2025010570116,2025,010570116,2,9,0,4,4,3,7,0,0,0,0,0,0,0,2,1,6,6,2,35,6,-1,-1,-1,-1,4,E01003354,0,1
2025010570117,2025,010570117,2,9,0,99,99,9,9,99,99,9,9,99,9,99,2,9,6,6,3,-1,-1,-1,-1,-1,-1,-1,-1,0,-1
2025010570117,2025,010570117,1,9,0,99,99,9,9,99,99,9,9,99,9,99,2,9,2,2,1,31,6,-1,-1,-1,-1,2,E01004286,0,1
2025010570119,2025,010570119,1,11,0,5,5,3,7,2,2,0,0,0,0,0,0,1,1,1,1,53,8,-1,-1,-1,-1,2,E01001651,0,1
2025010570121,2025,010570121,1,1,9,99,99,9,9,4,4,1,9,99,9,99,1,1,2,2,1,42,7,-1,-1,-1,-1,6,E01003173,0,1
2025010570121,2025,010570121,2,9,0,99,99,9,9,99,99,5,9,99,9,99,9,9,6,6,3,-1,-1,-1,-1,-1,-1,-1,-1,0,-1
2025010570122,2025,010570122,2,1,0,7,7,3,5,0,0,2,0,0,0,0,1,1,6,6,2,32,6,-1,-1,-1,-1,3,E01003154,0,1
2025010570122,2025,010570122,1,9,0,18,19,1,5,0,0,2,0,0,0,0,2,1,6,6,1,29,6,-1,-1,-1,-1,2,E01013694,0,5
2025010570126,2025,010570126,2,19,0,2,2,0,0,0,0,1,0,0,0,0,1,1,6,6,3,-1,-1,-1,-1,-1,-1,-1,-1,0,-1
2025010570126,2025,010570126,1,8,0,17,19,3,7,0,0,1,0,4,0,0,1,1,1,1,1,53,8,-1,-1,-1,-1,6,E01003437,0,1
2025010570130,2025,010570130,1,8,0,4,4,5,1,0,0,1,0,0,0,0,2,1,5,6,2,59,9,-1,-1,-1,-1,8,E01001134,0,1
2025010570130,2025,010570130,2,9,0,4,4,5,1,0,0,1,0,0,0,0,1,1,6,6,1,28,6,-1,-1,-1,-1,-1,-1,0,-1
2025010570137,2025,010570137,1,9,0,3,3,7,3,0,0,1,1,0,0,0,2,1,5,6,1,49,8,-1,-1,-1,-1,5,E01004388,0,2
2025010570137,2025,010570137,2,9,0,18,19,7,3,0,0,1,0,0,0,0,1,1,6,6,3,-1,-1,-1,-1,-1,-1,-1,-1,0,-1
2025010570138,2025,010570138,2,9,0,2,2,0,0,0,0,0,0,0,0,0,3,1,6,6,3,-1,-1,-1,-1,-1,-1,-1,-1,0,-1
2025010570138,2025,010570138,1,9,0,16,19,5,1,0,0,0,5,4,0,0,1,1,6,6,2,28,6,-1,-1,-1,-1,8,E01001596,0,1
2025010570141,2025,010570141,2,9,0,99,99,9,9,99,99,9,9,99,9,99,9,9,6,6,3,-1,-1,-1,-1,-1,-1,-1,-1,0,-1
2025010570141,2025,010570141,1,9,0,99,99,9,9,99,99,9,9,99,9,99,9,9,5,6,2,23,5,-1,-1,-1,-1,6,E01003641,0,1
2025010570142,2025,010570142,2,1,0,18,19,5,1,4,4,1,0,0,0,0,1,1,2,2,2,33,6,-1,-1,-1,-1,3,E01004063,0,1
2025010570142,2025,010570142,1,9,0,7,7,5,8,4,4,1,0,0,0,0,4,1,5,6,1,64,9,-1,-1,-1,-1,3,E01001757,0,2
2025010570146,2025,010570146,1,9,0,9,9,6,5,4,4,8,0,0,0,0,0,1,1,1,2,42,7,-1,-1,-1,-1,3,E01002787,0,1
2025010570146,2025,010570146,2,1,0,18,19,5,1,4,4,8,0,0,0,0,0,1,2,2,2,32,6,-1,-1,-1,-1,8,E01000906,0,1
2025010570151,2025,010570151,1,5,0,18,19,5,1,0,0,6,0,0,0,0,1,1,2,2,1,36,7,-1,-1,-1,-1,-1,-1,0,-1
2025010570153,2025,010570153,2,1,0,18,19,1,5,0,0,2,0,0,0,0,1,1,2,2,1,21,5,-1,-1,-1,-1,3,E01002701,0,2
2025010570153,2025,010570153,1,9,0,3,3,1,5,0,0,2,0,0,0,0,2,1,5,6,2,34,6,-1,-1,-1,-1,2,E01000907,0,2
2025010570157,2025,010570157,1,9,0,3,3,4,8,0,0,0,0,0,0,0,4,1,5,6,1,24,5,-1,-1,-1,-1,6,E01001159,0,2
2025010570159,2025,010570159,1,3,0,18,19,5,1,0,0,1,0,0,3,0,2,1,6,6,3,25,5,-1,-1,-1,-1,-1,-1,0,-1
2025010570178,2025,010570178,1,8,0,99,99,9,9,99,99,9,9,99,9,99,9,9,5,6,1,49,8,-1,-1,-1,-1,1,E01010342,0,5
2025010570182,2025,010570182,1,9,0,99,99,9,9,99,99,9,9,99,9,99,9,9,5,6,1,60,9,-1,-1,-1,-1,8,E01003678,0,1
2025010570182,2025,010570182,2,9,0,99,99,9,9,99,99,9,9,99,9,99,9,9,6,6,3,-1,-1,-1,-1,-1,-1,8,E01003709,0,1
2025010570197,2025,010570197,1,1,9,99,99,9,9,99,99,9,9,99,9,99,9,1,5,6,2,31,6,-1,-1,-1,-1,-1,-1,0,-1
2025010570197,2025,010570197,2,1,9,99,99,9,9,99,99,9,9,99,9,99,1,1,6,6,3,-1,-1,-1,-1,-1,-1,-1,-1,0,-1
2025010570198,2025,010570198,2,9,0,2,2,0,0,0,0,1,0,0,0,0,3,1,6,6,3,-1,-1,-1,-1,-1,-1,-1,-1,0,-1
2025010570198,2025,010570198,1,1,0,18,19,5,1,0,0,2,0,8,0,0,4,1,1,1,1,29,6,-1,-1,-1,-1,4,E01000610,0,1
2025010570202,2025,010570202,1,9,0,99,99,9,9,99,99,9,9,99,9,99,1,9,5,6,2,46,8,-1,-1,-1,-1,7,E01032781,0,2
2025010570202,2025,010570202,2,1,9,99,99,9,9,99,99,9,9,99,9,99,9,1,6,6,3,-1,-1,-1,-1,-1,-1,-1,-1,0,-1
2025010570203,2025,010570203,1,9,0,9,9,1,6,0,0,8,0,0,0,0,4,1,5,6,1,64,9,-1,-1,-1,-1,8,E01000569,0,2
2025010570203,2025,010570203,2,9,0,-1,-1,3,7,0,0,8,0,0,0,0,1,1,5,6,1,36,7,-1,-1,-1,-1,6,E01001271,0,2
2025010570209,2025,010570209,1,11,0,16,19,7,1,0,0,2,0,0,0,0,0,1,1,1,1,59,9,-1,-1,-1,-1,3,E01004364,0,3
2025010570210,2025,010570210,1,9,0,4,4,5,1,0,0,1,0,0,0,0,2,1,2,2,2,29,6,-1,-1,-1,-1,6,E01034595,0,1
2025010570210,2025,010570210,2,10,0,7,7,5,7,0,0,5,0,0,0,0,1,1,1,1,1,44,7,-1,-1,-1,-1,3,E01002133,0,1
2025010570217,2025,010570217,2,9,0,7,7,5,8,0,0,8,0,0,0,0,4,1,6,6,1,58,9,-1,-1,-1,-1,10,E01004093,0,2
2025010570217,2025,010570217,1,4,0,18,19,5,1,2,2,8,5,0,0,0,3,1,2,2,1,34,6,-1,-1,-1,-1,7,E01001093,0,1
2025010570224,2025,010570224,1,1,9,99,99,9,9,99,99,9,9,99,9,99,1,1,2,2,2,35,6,-1,-1,-1,-1,6,E01002882,0,1
2025010570224,2025,010570224,2,8,0,99,99,9,9,99,99,9,9,99,9,99,0,9,6,6,3,-1,-1,-1,-1,-1,-1,-1,-1,0,-1
2025010570225,2025,010570225,1,11,0,16,19,3,7,0,0,1,0,0,0,0,0,1,5,6,1,49,8,-1,-1,-1,-1,5,E01003684,0,2
2025010570229,2025,010570229,2,9,0,18,19,7,3,0,0,0,0,0,0,0,3,2,5,6,1,30,6,-1,-1,-1,-1,2,E01003194,0,1
2025010570229,2025,010570229,4,9,0,18,19,7,3,0,0,0,0,0,0,0,3,1,5,6,2,43,7,-1,-1,-1,-1,-1,-1,0,-1
2025010570229,2025,010570229,1,9,0,18,19,1,5,6,6,0,5,10,7,11,1,1,6,6,1,60,9,-1,-1,-1,-1,-1,-1,0,-1
2025010570229,2025,010570229,3,9,0,18,19,7,3,0,0,0,0,0,0,0,3,2,6,6,1,39,7,-1,-1,-1,-1,-1,-1,0,-1
2025010570235,2025,010570235,2,11,0,4,4,5,1,0,0,0,0,4,0,0,4,1,1,1,1,28,6,-1,-1,-1,-1,6,E01002266,0,1
2025010570235,2025,010570235,1,9,0,2,2,0,0,0,0,0,0,0,0,0,4,1,6,6,3,-1,-1,-1,-1,-1,-1,-1,-1,0,-1
2025010570240,2025,010570240,2,9,0,99,99,9,9,99,99,9,9,99,9,99,9,9,6,6,3,38,7,-1,-1,-1,-1,9,E01000210,0,1
2025010570240,2025,010570240,1,1,9,99,99,9,9,99,99,9,9,99,9,99,9,1,5,6,2,31,6,-1,-1,-1,-1,6,E01000847,0,1
2025010570243,2025,010570243,1,9,0,1,1,5,1,0,0,1,0,0,0,0,2,1,5,6,2,25,5,-1,-1,-1,-1,4,E01001241,0,2
2025010570243,2025,010570243,2,1,0,18,19,1,5,9,9,1,5,0,0,0,1,1,6,6,1,40,7,-1,-1,-1,-1,-1,-1,0,-1
2025010570250,2025,010570250,1,9,0,99,99,9,9,99,99,0,9,99,9,99,2,9,1,1,1,36,7,-1,-1,-1,-1,4,E01004329,0,2
2025010570250,2025,010570250,2,23,9,99,99,9,9,99,99,0,9,99,9,99,1,9,6,6,3,-1,-1,-1,-1,-1,-1,2,E01004444,0,1
2025010570252,2025,010570252,1,9,0,4,4,1,5,0,0,1,0,0,0,0,4,1,5,6,1,57,9,-1,-1,-1,-1,6,E01016218,0,4
2025010570255,2025,010570255,2,9,0,4,4,1,5,0,0,0,0,0,7,2,0,1,6,6,1,19,4,-1,-1,-1,-1,-1,-1,0,-1
2025010570255,2025,010570255,3,9,0,1,1,1,5,0,0,0,0,0,0,0,1,1,5,6,1,51,8,-1,-1,-1,-1,10,E01017924,0,4
2025010570255,2025,010570255,1,9,0,18,19,1,5,0,0,0,0,0,0,0,0,1,1,1,1,34,6,-1,-1,-1,-1,-1,-1,0,-1
2025010570255,2025,010570255,4,9,0,18,19,5,1,0,0,0,0,0,0,0,3,1,5,6,1,36,7,-1,-1,-1,-1,4,E01001087,0,3
2025010570257,2025,010570257,1,9,0,99,99,9,9,99,99,9,9,99,9,99,9,9,5,6,1,21,5,-1,-1,-1,-1,5,E01000131,0,1
2025010570260,2025,010570260,2,3,0,17,19,8,5,0,0,8,1,0,0,0,0,1,1,1,1,35,6,-1,-1,-1,-1,5,E01003953,0,1
2025010570260,2025,010570260,1,19,0,17,19,8,5,0,0,8,0,0,0,0,0,1,1,1,1,32,6,-1,-1,-1,-1,9,E01024765,0,4
2025010570264,2025,010570264,1,11,0,18,19,7,3,0,0,0,0,0,0,0,0,1,1,1,1,26,6,-1,-1,-1,-1,7,E01024479,0,3
2025010570270,2025,010570270,1,9,0,4,4,5,1,0,0,1,0,0,0,0,4,1,6,6,2,23,5,-1,-1,-1,-1,5,E01000975,0,1
2025010570270,2025,010570270,2,9,0,7,7,3,6,0,0,6,0,0,0,0,1,1,6,6,1,45,7,-1,-1,-1,-1,5,E01003142,0,1
2025010570278,2025,010570278,1,2,0,7,7,5,7,0,0,1,0,0,0,0,1,1,5,6,1,22,5,-1,-1,-1,-1,5,E01016457,0,4
2025010570278,2025,010570278,2,9,0,9,9,1,7,0,0,1,0,0,0,0,1,1,6,6,1,54,8,-1,-1,-1,-1,2,E01001554,0,1
2025010570279,2025,010570279,2,9,0,9,9,5,3,0,0,4,0,0,0,0,1,1,6,6,3,35,6,-1,-1,-1,-1,-1,-1,0,-1
2025010570279,2025,010570279,1,1,0,7,7,3,5,0,0,4,0,0,0,0,3,1,5,6,1,30,6,-1,-1,-1,-1,3,E01035672,0,1
2025010570282,2025,010570282,1,9,0,1,1,1,5,0,0,0,0,0,0,0,3,1,5,6,1,44,7,-1,-1,-1,-1,3,E01002131,0,1
2025010570282,2025,010570282,2,9,0,3,3,1,5,0,0,0,0,0,0,0,1,1,5,6,1,22,5,-1,-1,-1,-1,6,E01000487,0,1
2025010570284,2025,010570284,2,9,0,18,19,5,1,0,0,8,0,0,0,0,1,1,6,6,1,63,9,-1,-1,-1,-1,-1,-1,0,-1