collision_index,collision_year,collision_ref_no,vehicle_reference,vehicle_type,towing_and_articulation,vehicle_manoeuvre_historic,vehicle_manoeuvre,vehicle_direction_from,vehicle_direction_to,vehicle_location_restricted_lane_historic,vehicle_location_restricted_lane,junction_location,skidding_and_overturning,hit_object_in_carriageway,vehicle_leaving_carriageway,hit_object_off_carriageway,first_point_of_impact,vehicle_left_hand_drive,journey_purpose_of_driver_historic,journey_purpose_of_driver,sex_of_driver,age_of_driver,age_band_of_driver,engine_capacity_cc,propulsion_code,age_of_vehicle,generic_make_model,driver_imd_decile,lsoa_of_driver,escooter_flag,driver_distance_banding
2025010570284,2025,010570284,1,9,0,18,19,5,1,0,0,8,0,0,0,0,1,1,6,6,1,46,8,-1,-1,-1,-1,-1,-1,0,-1
2025010570284,2025,010570284,3,9,0,18,19,1,5,0,0,8,0,0,0,0,1,1,5,6,2,81,11,-1,-1,-1,-1,-1,-1,0,-1
2025010570285,2025,010570285,1,9,0,3,3,1,5,0,0,1,0,0,0,0,2,1,3,7,1,54,8,-1,-1,-1,-1,4,E01003537,0,2
2025010570285,2025,010570285,3,9,0,10,10,1,7,0,0,7,0,0,0,0,1,1,6,6,3,-1,-1,-1,-1,-1,-1,-1,-1,0,-1
2025010570285,2025,010570285,2,9,0,3,3,1,5,0,0,1,0,0,0,0,2,1,1,1,1,63,9,-1,-1,-1,-1,3,E01003584,0,2
2025010570286,2025,010570286,2,9,0,18,19,1,5,0,0,1,0,0,0,0,1,1,5,6,2,25,5,-1,-1,-1,-1,1,E01004083,0,1
2025010570286,2025,010570286,1,9,0,9,9,3,1,0,0,6,0,0,0,0,3,1,5,6,1,21,5,-1,-1,-1,-1,2,E01017340,0,5
2025010570287,2025,010570287,2,3,0,9,9,1,6,0,0,1,0,0,0,0,3,1,6,6,1,30,6,-1,-1,-1,-1,3,E01003988,0,1
2025010570287,2025,010570287,1,9,0,9,9,7,5,0,0,2,0,0,0,0,1,1,5,6,1,49,8,-1,-1,-1,-1,3,E01033945,0,3
2025010570300,2025,010570300,2,19,3,9,9,1,7,0,0,1,0,0,0,0,1,1,1,1,1,40,7,-1,-1,-1,-1,1,E01035275,0,3
2025010570300,2025,010570300,1,9,0,5,5,3,7,0,0,2,0,0,0,0,3,1,5,6,1,44,7,-1,-1,-1,-1,3,E01003326,0,1
2025010570303,2025,010570303,2,1,0,18,19,3,7,0,0,8,0,0,0,0,4,1,6,6,1,70,10,-1,-1,-1,-1,4,E01000507,0,1
2025010570303,2025,010570303,1,9,0,3,3,4,8,0,0,4,0,0,0,0,1,1,5,6,1,22,5,-1,-1,-1,-1,6,E01000530,0,1
2025010570305,2025,010570305,1,9,0,12,12,7,4,0,0,0,0,0,0,0,1,1,5,6,1,48,8,-1,-1,-1,-1,-1,-1,0,-1
2025010570305,2025,010570305,2,3,0,13,13,7,3,0,0,0,1,0,0,0,1,1,5,6,1,27,6,-1,-1,-1,-1,-1,-1,0,-1
2025010570307,2025,010570307,2,9,0,99,99,9,9,99,99,9,9,99,9,99,9,9,6,6,1,-1,-1,-1,-1,-1,-1,-1,-1,0,-1
2025010570307,2025,010570307,1,1,9,99,99,9,9,99,99,9,9,99,9,99,1,1,2,2,1,58,9,-1,-1,-1,-1,1,E01002040,0,1
2025010570308,2025,010570308,1,19,0,5,5,3,7,0,0,4,0,0,0,0,1,1,5,6,1,56,9,-1,-1,-1,-1,3,E01004573,0,1
2025010570308,2025,010570308,2,1,0,7,7,3,6,0,0,3,0,0,0,0,2,1,5,6,1,57,9,-1,-1,-1,-1,10,E01030398,0,1
2025010570310,2025,010570310,2,19,0,5,5,1,5,0,0,8,0,0,0,0,1,1,6,6,3,-1,-1,-1,-1,-1,-1,-1,-1,0,-1
2025010570310,2025,010570310,1,3,0,3,3,1,5,0,0,8,0,0,0,0,2,1,2,2,1,28,6,-1,-1,-1,-1,2,E01003601,0,3
2025010570311,2025,010570311,2,1,0,9,9,7,5,0,0,8,0,0,0,0,3,1,6,6,1,18,4,-1,-1,-1,-1,4,E01001264,0,1
2025010570311,2025,010570311,1,9,0,9,9,5,2,0,0,1,0,0,0,0,4,1,5,6,2,68,10,-1,-1,-1,-1,8,E01002461,0,2
2025010570313,2025,010570313,1,9,0,9,9,1,7,0,0,5,0,0,0,0,1,1,5,6,1,28,6,-1,-1,-1,-1,6,E01001088,0,1
2025010570313,2025,010570313,2,2,0,13,13,1,5,0,0,7,0,0,0,0,4,1,5,6,1,16,4,-1,-1,-1,-1,5,E01001179,0,1
2025010570313,2025,010570313,3,3,0,18,19,1,5,0,0,1,0,0,0,0,2,1,6,6,3,-1,-1,-1,-1,-1,-1,-1,-1,0,-1
2025010570314,2025,010570314,1,9,0,18,19,7,3,0,0,8,1,0,7,1,4,1,5,6,1,21,5,-1,-1,-1,-1,4,E01034604,0,1
2025010570314,2025,010570314,2,9,0,18,19,1,5,0,0,8,1,0,3,1,1,1,6,6,3,25,5,-1,-1,-1,-1,-1,-1,0,-1
2025010570318,2025,010570318,1,3,0,99,99,9,9,99,99,9,9,99,9,99,1,1,5,6,1,27,6,-1,-1,-1,-1,3,E01003629,0,1
2025010570318,2025,010570318,2,9,0,99,99,9,9,99,99,9,9,99,9,99,1,9,6,6,3,-1,-1,-1,-1,-1,-1,-1,-1,0,-1
2025010570323,2025,010570323,2,9,0,5,5,9,9,99,99,9,9,99,9,99,9,9,6,6,3,-1,-1,-1,-1,-1,-1,6,E01000946,0,1
2025010570323,2025,010570323,1,1,9,18,19,9,9,99,99,9,9,99,9,99,9,1,5,6,2,37,7,-1,-1,-1,-1,3,E01035670,0,2
2025010570327,2025,010570327,1,19,0,7,7,5,8,0,0,5,0,0,0,0,4,1,1,1,2,22,5,-1,-1,-1,-1,3,E01001053,0,3
2025010570327,2025,010570327,2,1,0,15,15,5,1,0,0,1,0,0,0,0,3,1,6,6,1,23,5,-1,-1,-1,-1,-1,-1,0,-1
2025010570329,2025,010570329,3,9,0,18,19,1,5,0,0,4,0,0,0,0,0,1,1,1,1,30,6,-1,-1,-1,-1,5,E01000330,0,1
2025010570329,2025,010570329,2,9,0,5,5,1,5,0,0,4,0,0,0,0,1,1,5,6,1,67,10,-1,-1,-1,-1,-1,-1,0,-1
2025010570329,2025,010570329,4,9,0,18,19,1,5,0,0,4,0,0,0,0,0,1,5,6,2,41,7,-1,-1,-1,-1,3,E01003221,0,3
2025010570329,2025,010570329,1,9,0,18,19,1,5,0,0,4,0,0,3,1,1,1,5,6,1,18,4,-1,-1,-1,-1,-1,-1,0,-1
2025010570330,2025,010570330,1,9,0,18,19,7,3,0,0,0,0,0,0,0,1,1,5,6,2,36,7,-1,-1,-1,-1,2,E01035694,0,1
2025010570330,2025,010570330,2,1,0,18,19,5,1,0,0,0,0,0,0,0,0,1,5,6,2,30,6,-1,-1,-1,-1,7,E01004218,0,1
2025010570337,2025,010570337,1,9,0,2,2,0,0,0,0,2,0,0,0,0,4,1,6,6,3,-1,-1,-1,-1,-1,-1,-1,-1,0,-1
2025010570337,2025,010570337,2,1,0,-1,-1,2,5,0,0,2,1,4,0,0,1,1,5,6,1,38,7,-1,-1,-1,-1,5,E01000928,0,1
2025010570339,2025,010570339,1,2,0,99,99,9,9,99,99,0,9,99,9,99,0,1,6,6,3,-1,-1,-1,-1,-1,-1,-1,-1,0,-1
2025010570340,2025,010570340,2,8,0,99,99,9,9,99,99,9,9,99,9,99,1,9,6,6,3,-1,-1,-1,-1,-1,-1,-1,-1,0,-1
2025010570340,2025,010570340,1,1,9,99,99,9,9,99,99,9,9,99,9,99,2,1,2,2,1,32,6,-1,-1,-1,-1,5,E01000491,0,2
2025010570349,2025,010570349,1,9,0,99,99,9,9,99,99,9,9,99,9,99,9,9,6,6,3,-1,-1,-1,-1,-1,-1,-1,-1,0,-1
2025010570350,2025,010570350,2,9,0,5,5,1,5,0,0,4,0,0,0,0,1,1,5,6,1,28,6,-1,-1,-1,-1,2,E01001337,0,1
2025010570350,2025,010570350,1,3,0,5,5,1,5,0,0,3,0,0,0,0,2,1,6,6,1,28,6,-1,-1,-1,-1,5,E01001240,0,2
2025010570351,2025,010570351,1,4,0,17,19,3,7,0,0,3,1,0,0,0,2,1,6,6,1,54,8,-1,-1,-1,-1,10,E01004276,0,2
2025010570351,2025,010570351,2,9,0,17,19,3,7,0,0,3,0,0,0,0,1,1,6,6,1,34,6,-1,-1,-1,-1,6,E01034189,0,3
2025010570352,2025,010570352,1,9,0,18,19,3,7,0,0,6,0,0,0,0,0,1,6,6,2,43,7,-1,-1,-1,-1,3,E01004260,0,1
2025010570358,2025,010570358,2,9,0,99,99,9,9,99,99,6,9,99,9,99,9,9,6,6,3,-1,-1,-1,-1,-1,-1,-1,-1,0,-1
2025010570358,2025,010570358,1,1,9,99,99,9,9,99,99,1,9,99,9,99,2,1,5,6,1,16,4,-1,-1,-1,-1,4,E01003114,0,1
2025010570361,2025,010570361,1,3,0,15,15,6,2,9,9,1,0,0,1,0,1,1,6,6,3,-1,-1,-1,-1,-1,-1,-1,-1,0,-1
2025010570362,2025,010570362,1,8,0,18,19,5,1,0,0,1,0,0,0,0,0,1,1,1,2,44,7,-1,-1,-1,-1,3,E01001504,0,3
2025010570363,2025,010570363,1,9,0,9,9,6,4,0,0,0,0,0,0,0,1,1,1,1,1,27,6,-1,-1,-1,-1,3,E01002612,0,1
2025010570363,2025,010570363,2,9,0,18,19,8,4,0,0,0,0,0,0,0,2,1,5,6,2,22,5,-1,-1,-1,-1,4,E01002593,0,1
2025010570364,2025,010570364,1,3,0,18,19,9,9,99,99,0,9,99,9,99,1,1,1,1,1,25,5,-1,-1,-1,-1,3,E01004434,0,1
2025010570364,2025,010570364,2,9,0,6,6,9,9,99,99,0,9,99,9,99,2,9,6,6,3,-1,-1,-1,-1,-1,-1,3,E01004237,0,1
2025010570367,2025,010570367,1,1,0,10,10,3,8,0,0,5,0,0,0,0,2,1,6,6,2,25,5,-1,-1,-1,-1,3,E01003988,0,2
2025010570367,2025,010570367,2,3,0,18,19,7,3,0,0,1,0,0,0,0,1,1,6,6,3,24,5,-1,-1,-1,-1,-1,-1,0,-1
2025010570368,2025,010570368,2,9,0,99,99,9,9,99,99,9,9,99,9,99,1,9,6,6,3,-1,-1,-1,-1,-1,-1,-1,-1,0,-1
2025010570368,2025,010570368,1,9,0,99,99,9,9,99,99,9,9,99,9,99,1,9,5,6,1,29,6,-1,-1,-1,-1,5,E01000662,0,2
2025010570369,2025,010570369,2,9,0,18,19,1,5,0,0,1,0,0,1,0,1,1,6,6,1,33,6,-1,-1,-1,-1,5,E01000738,0,1
2025010570369,2025,010570369,1,9,0,18,19,5,1,0,0,2,0,0,0,0,3,1,5,6,2,53,8,-1,-1,-1,-1,8,E01000399,0,2
2025010570372,2025,010570372,1,9,0,18,19,3,7,0,0,0,0,0,0,0,1,1,5,6,1,37,7,-1,-1,-1,-1,4,E01001183,0,1
2025010570375,2025,010570375,1,1,9,99,99,9,9,99,99,9,9,99,9,99,9,1,5,6,1,47,8,-1,-1,-1,-1,9,E01023507,0,4
2025010570375,2025,010570375,2,9,0,99,99,9,9,99,99,9,9,99,9,99,1,9,6,6,3,-1,-1,-1,-1,-1,-1,-1,-1,0,-1
2025010570378,2025,010570378,2,1,0,18,19,1,5,8,6,8,0,0,0,0,1,1,6,6,1,30,6,-1,-1,-1,-1,3,E01004365,0,1
2025010570378,2025,010570378,1,9,0,5,5,3,7,0,0,1,0,0,0,0,1,1,2,2,1,47,8,-1,-1,-1,-1,2,E01034488,0,1
2025010570379,2025,010570379,1,9,0,5,5,1,5,0,0,1,0,0,0,0,1,1,5,6,2,64,9,-1,-1,-1,-1,5,E01002479,0,1
2025010570382,2025,010570382,1,9,0,1,1,3,7,0,0,1,0,0,0,0,2,1,5,6,1,70,10,-1,-1,-1,-1,5,E01000949,0,1
2025010570384,2025,010570384,1,9,0,17,19,7,5,0,0,8,0,0,0,0,1,1,6,6,3,-1,-1,-1,-1,-1,-1,-1,-1,0,-1
2025010570384,2025,010570384,2,3,0,18,19,5,1,0,0,8,0,0,0,0,1,1,1,1,1,25,5,-1,-1,-1,-1,8,E01003470,0,3
2025010570387,2025,010570387,2,8,0,5,5,3,7,0,0,1,0,0,0,0,1,1,1,1,2,64,9,-1,-1,-1,-1,8,E01021749,0,4
2025010570387,2025,010570387,1,5,0,18,19,1,5,0,0,6,0,0,0,0,1,1,6,6,1,21,5,-1,-1,-1,-1,2,E01034479,0,3
2025010570387,2025,010570387,3,9,0,2,2,0,0,0,0,2,0,4,0,0,4,1,6,6,3,-1,-1,-1,-1,-1,-1,-1,-1,0,-1
2025010570389,2025,010570389,1,11,0,8,8,7,1,0,0,2,0,0,0,0,0,1,5,6,1,24,5,-1,-1,-1,-1,6,E01003359,0,4
2025010570391,2025,010570391,1,9,0,99,99,9,9,99,99,0,9,99,9,99,9,9,6,6,3,-1,-1,-1,-1,-1,-1,-1,-1,0,-1
2025010570396,2025,010570396,1,9,0,17,19,8,7,0,0,4,0,0,0,0,1,1,6,6,1,64,9,-1,-1,-1,-1,-1,-1,0,-1
2025010570396,2025,010570396,2,3,0,18,19,6,2,0,0,4,0,0,0,0,2,1,1,1,1,35,6,-1,-1,-1,-1,-1,-1,0,-1
2025010570397,2025,010570397,1,5,0,18,19,5,1,0,0,0,2,0,0,0,1,1,6,6,1,20,4,-1,-1,-1,-1,4,E01003448,0,1
2025010570397,2025,010570397,2,9,0,18,19,1,5,0,0,0,0,0,0,0,1,1,6,6,1,46,8,-1,-1,-1,-1,7,E01004159,0,1
2025010570397,2025,010570397,3,9,0,2,2,0,0,0,0,0,0,0,0,0,2,1,6,6,3,-1,-1,-1,-1,-1,-1,-1,-1,0,-1
2025010570398,2025,010570398,2,9,0,99,99,9,9,99,99,9,9,99,9,99,1,9,6,6,3,-1,-1,-1,-1,-1,-1,-1,-1,0,-1
2025010570398,2025,010570398,1,9,0,99,99,9,9,99,99,9,9,99,9,99,2,9,5,6,2,32,6,-1,-1,-1,-1,7,E01000157,0,2
2025010570399,2025,010570399,2,9,0,9,9,7,6,0,0,1,0,0,0,0,3,1,6,6,2,32,6,-1,-1,-1,-1,6,E01004383,0,1
2025010570399,2025,010570399,1,23,0,18,19,3,7,0,0,1,0,4,0,0,1,1,6,6,1,38,7,-1,-1,-1,-1,-1,-1,0,-1
2025010570401,2025,010570401,1,23,0,18,19,1,5,0,0,0,0,11,0,0,1,1,6,6,3,-1,-1,-1,-1,-1,-1,-1,-1,0,-1
2025010570404,2025,010570404,1,3,0,18,19,3,7,0,0,0,0,0,0,0,4,1,6,6,1,36,7,-1,-1,-1,-1,2,E01003239,0,1
2025010570405,2025,010570405,1,9,3,18,19,5,1,0,0,6,0,0,0,0,3,1,6,6,1,24,5,-1,-1,-1,-1,9,E01024275,0,4
2025010570405,2025,010570405,2,11,0,5,5,5,1,0,0,6,0,0,0,0,1,1,1,1,1,48,8,-1,-1,-1,-1,3,E01001698,0,1
2025010570406,2025,010570406,2,9,0,9,9,7,5,0,0,5,0,0,0,0,3,1,5,6,2,43,7,-1,-1,-1,-1,5,E01004363,0,1
2025010570406,2025,010570406,1,1,0,15,15,7,3,0,0,1,5,0,0,0,1,1,5,6,1,27,6,-1,-1,-1,-1,4,E01003719,0,2
2025010570410,2025,010570410,1,9,0,7,7,1,3,0,0,1,0,0,3,0,1,1,6,6,1,36,7,-1,-1,-1,-1,4,E01001174,0,3
2025010570410,2025,010570410,2,4,0,18,19,1,5,0,0,1,0,0,0,0,4,1,5,6,1,28,6,-1,-1,-1,-1,1,E01002081,0,3
2025010570412,2025,010570412,1,9,0,99,99,9,9,99,99,9,9,99,9,99,9,9,6,6,2,32,6,-1,-1,-1,-1,4,E01002063,0,1
2025010570415,2025,010570415,1,11,0,18,19,5,1,0,0,1,0,0,0,0,1,1,1,1,1,64,9,-1,-1,-1,-1,4,E01002070,0,2
2025010570420,2025,010570420,1,9,0,2,2,0,0,9,9,2,0,10,0,0,1,1,6,6,3,-1,-1,-1,-1,-1,-1,-1,-1,0,-1
2025010570421,2025,010570421,1,9,0,18,19,4,8,0,0,3,0,0,1,7,1,1,5,6,1,19,4,-1,-1,-1,-1,2,E01002508,0,1
2025010570423,2025,010570423,1,9,0,18,19,2,6,9,9,8,1,0,3,11,1,1,6,6,1,34,6,-1,-1,-1,-1,3,E01016511,0,3
2025010570423,2025,010570423,2,9,0,2,2,0,0,9,9,1,0,0,0,0,3,1,6,6,3,-1,-1,-1,-1,-1,-1,-1,-1,0,-1
2025010570424,2025,010570424,1,9,0,18,19,1,5,0,0,0,5,4,0,0,1,1,6,6,2,27,6,-1,-1,-1,-1,7,E01000816,0,1
2025010570424,2025,010570424,2,9,0,2,2,0,0,9,9,0,0,4,0,0,4,1,6,6,3,-1,-1,-1,-1,-1,-1,-1,-1,0,-1
2025010570424,2025,010570424,3,9,0,2,2,0,0,9,9,0,0,4,0,0,2,1,6,6,3,-1,-1,-1,-1,-1,-1,-1,-1,0,-1
2025010570426,2025,010570426,1,3,0,18,19,4,8,0,0,1,0,0,0,0,1,1,1,1,1,43,7,-1,-1,-1,-1,4,E01004034,0,1
2025010570431,2025,010570431,1,9,0,17,19,1,5,9,9,1,2,10,3,2,1,1,6,6,1,22,5,-1,-1,-1,-1,3,E01004563,0,1
2025010570433,2025,010570433,1,11,0,4,4,6,2,2,2,0,0,0,0,0,1,1,6,6,3,-1,-1,-1,-1,-1,-1,-1,-1,0,-1
2025010570440,2025,010570440,1,1,9,99,99,9,9,99,99,9,9,99,9,99,9,1,5,6,1,30,6,-1,-1,-1,-1,3,E01035672,0,1
2025010570440,2025,010570440,2,9,0,99,99,9,9,99,99,9,9,99,9,99,1,9,6,6,3,-1,-1,-1,-1,-1,-1,-1,-1,0,-1
2025010570445,2025,010570445,1,9,0,99,99,9,9,99,99,9,9,99,9,99,9,9,5,6,2,60,9,-1,-1,-1,-1,3,E01001796,0,2
2025010570445,2025,010570445,2,9,0,99,99,9,9,99,99,9,9,99,9,99,9,9,6,6,3,-1,-1,-1,-1,-1,-1,-1,-1,0,-1
2025010570446,2025,010570446,2,1,0,18,19,3,7,0,0,1,0,0,0,0,1,1,5,6,1,-1,-1,-1,-1,-1,-1,5,E01002677,0,1
2025010570446,2025,010570446,1,9,0,7,7,3,5,0,0,5,0,0,0,0,1,1,5,6,2,39,7,-1,-1,-1,-1,6,E01002692,0,1
2025010570447,2025,010570447,1,9,0,18,19,7,3,0,0,2,0,0,0,0,2,1,5,6,1,39,7,-1,-1,-1,-1,2,E01002564,0,1
2025010570447,2025,010570447,2,9,0,18,19,7,3,0,0,2,0,0,0,0,1,1,5,6,1,22,5,-1,-1,-1,-1,8,E01005277,0,5
2025010570455,2025,010570455,2,9,0,99,99,9,9,99,99,9,9,99,9,99,1,9,6,6,3,-1,-1,-1,-1,-1,-1,-1,-1,0,-1
2025010570455,2025,010570455,1,3,0,99,99,9,9,99,99,9,9,99,9,99,1,1,5,6,1,24,5,-1,-1,-1,-1,3,E01033744,0,1
2025010570456,2025,010570456,1,5,0,5,5,7,3,0,0,3,0,0,0,0,1,1,2,2,1,61,9,-1,-1,-1,-1,6,E01002123,0,1
2025010570461,2025,010570461,1,9,0,18,19,5,1,0,0,0,0,0,7,11,1,1,5,6,1,88,11,-1,-1,-1,-1,5,E01000624,0,1
2025010570461,2025,010570461,2,9,0,2,2,0,0,0,0,0,0,0,0,0,3,1,6,6,3,-1,-1,-1,-1,-1,-1,-1,-1,0,-1
2025010570461,2025,010570461,3,9,0,2,2,0,0,0,0,0,0,0,0,0,2,1,6,6,3,-1,-1,-1,-1,-1,-1,-1,-1,0,-1
2025010570461,2025,010570461,4,9,0,2,2,0,0,0,0,0,0,0,0,0,2,1,6,6,3,-1,-1,-1,-1,-1,-1,-1,-1,0,-1
2025010570463,2025,010570463,2,1,0,18,19,3,7,0,0,1,0,0,0,0,3,1,5,6,1,28,6,-1,-1,-1,-1,8,E01001967,0,1
2025010570463,2025,010570463,1,9,0,5,5,1,5,0,0,6,0,0,0,0,4,1,6,6,3,-1,-1,-1,-1,-1,-1,-1,-1,0,-1
2025010570465,2025,010570465,2,3,0,13,13,6,2,0,0,0,0,0,0,0,1,1,1,1,1,34,6,-1,-1,-1,-1,-1,-1,0,-1
2025010570465,2025,010570465,1,19,0,9,9,6,3,0,0,0,0,0,0,0,3,1,6,6,1,45,7,-1,-1,-1,-1,-1,-1,0,-1
2025010570467,2025,010570467,2,9,0,2,2,0,0,0,0,2,0,0,0,0,1,1,6,6,3,-1,-1,-1,-1,-1,-1,-1,-1,0,-1
2025010570467,2025,010570467,1,3,0,14,14,3,7,0,0,2,1,0,0,0,1,1,6,6,1,21,5,-1,-1,-1,-1,3,E01003137,0,1
2025010570468,2025,010570468,2,2,0,18,19,3,7,1,1,0,2,0,0,0,1,1,1,1,1,22,5,-1,-1,-1,-1,8,E01002949,0,3
2025010570468,2025,010570468,1,9,0,2,2,0,0,0,0,0,0,0,0,0,0,1,6,6,3,-1,-1,-1,-1,-1,-1,-1,-1,0,-1
2025010570470,2025,010570470,2,1,0,9,9,3,1,0,0,8,0,0,0,0,3,1,5,6,1,25,5,-1,-1,-1,-1,4,E01002620,0,1
2025010570470,2025,010570470,1,9,0,9,9,3,1,0,0,8,0,0,0,0,3,1,5,6,1,22,5,-1,-1,-1,-1,4,E01002624,0,1
2025010570474,2025,010570474,1,9,0,99,99,9,9,99,99,9,9,99,9,99,1,9,6,6,3,-1,-1,-1,-1,-1,-1,-1,-1,0,-1
2025010570482,2025,010570482,2,9,0,9,9,3,1,0,0,8,0,0,7,0,3,1,5,6,2,35,6,-1,-1,-1,-1,2,E01024476,0,2
2025010570482,2025,010570482,1,9,0,14,14,7,3,0,0,1,0,0,7,0,1,1,1,1,1,26,6,-1,-1,-1,-1,3,E01003221,0,3
2025010570483,2025,010570483,1,9,0,99,99,9,9,99,99,9,9,99,9,99,2,9,5,6,2,37,7,-1,-1,-1,-1,3,E01000578,0,1
2025010570483,2025,010570483,2,9,9,99,99,9,9,99,99,9,9,99,9,99,9,9,6,6,2,25,5,-1,-1,-1,-1,7,E01035279,0,4
2025010570485,2025,010570485,1,9,0,16,19,4,8,0,0,8,1,0,0,0,1,2,2,2,1,69,10,-1,-1,-1,-1,10,E01004093,0,1
2025010570485,2025,010570485,2,9,0,9,9,6,4,0,0,2,0,0,0,0,3,1,5,6,2,26,6,-1,-1,-1,-1,10,E01032623,0,1
2025010570493,2025,010570493,1,9,0,9,9,5,2,0,0,2,0,0,0,0,1,1,5,6,1,20,4,-1,-1,-1,-1,5,E01002247,0,1
2025010570493,2025,010570493,2,3,0,15,15,1,5,0,0,1,0,0,0,0,1,1,6,6,1,30,6,-1,-1,-1,-1,5,E01002248,0,1
2025010570494,2025,010570494,1,19,4,18,19,5,1,0,0,3,0,0,0,0,0,1,1,1,1,71,10,-1,-1,-1,-1,4,W01000656,0,5
2025010570495,2025,010570495,1,10,0,99,99,9,9,99,99,0,9,99,9,99,1,9,5,6,1,45,7,-1,-1,-1,-1,3,E01003572,0,1
2025010570495,2025,010570495,2,19,0,99,99,9,9,99,99,0,9,99,9,99,2,9,6,6,3,-1,-1,-1,-1,-1,-1,-1,-1,0,-1
2025010570498,2025,010570498,2,1,9,99,99,9,9,99,99,0,9,99,9,99,9,1,6,6,3,-1,-1,-1,-1,-1,-1,7,E01001937,0,1
2025010570498,2025,010570498,1,9,0,99,99,9,9,99,99,0,9,99,9,99,9,9,5,6,2,34,6,-1,-1,-1,-1,8,E01004472,0,1
2025010570499,2025,010570499,1,9,0,4,4,4,8,0,0,0,0,0,0,0,2,1,5,6,2,39,7,-1,-1,-1,-1,10,E01023908,0,3
2025010570499,2025,010570499,2,3,0,18,19,4,8,0,0,0,0,0,0,0,1,1,5,6,1,17,4,-1,-1,-1,-1,1,E01001410,0,1
2025010570506,2025,010570506,2,9,0,2,2,0,0,0,0,8,0,8,0,0,1,1,6,6,3,-1,-1,-1,-1,-1,-1,-1,-1,0,-1
2025010570506,2025,010570506,1,9,0,18,19,5,1,0,0,8,5,4,0,0,4,1,6,6,2,24,5,-1,-1,-1,-1,9,E01000303,0,1
2025010570507,2025,010570507,1,9,0,18,19,1,5,0,0,0,0,0,0,0,3,1,5,6,2,56,9,-1,-1,-1,-1,4,E01004446,0,1
2025010570507,2025,010570507,2,3,0,18,19,1,5,0,0,0,1,0,0,0,4,1,6,6,1,38,7,-1,-1,-1,-1,2,E01003516,0,3
2025010570508,2025,010570508,1,9,0,10,10,5,3,0,0,8,0,0,0,0,0,1,5,6,2,41,7,-1,-1,-1,-1,2,E01001649,0,1
2025010570508,2025,010570508,2,9,0,18,19,5,1,0,0,8,0,4,0,0,1,1,5,6,1,61,9,-1,-1,-1,-1,3,E01003315,0,2
2025010570509,2025,010570509,1,9,0,-1,-1,1,5,0,0,2,0,0,0,0,4,1,6,6,3,-1,-1,-1,-1,-1,-1,-1,-1,0,-1
2025010570514,2025,010570514,1,11,9,5,5,0,1,0,0,0,9,99,9,99,0,1,6,6,3,-1,-1,-1,-1,-1,-1,6,E01003359,0,3
2025010570515,2025,010570515,1,9,0,9,9,7,4,0,0,1,1,4,0,0,1,1,6,6,3,-1,-1,-1,-1,-1,-1,-1,-1,0,-1
2025010570515,2025,010570515,3,9,0,2,2,0,0,0,0,2,0,0,0,0,1,1,6,6,3,-1,-1,-1,-1,-1,-1,-1,-1,0,-1
2025010570515,2025,010570515,4,9,0,2,2,0,0,0,0,2,0,0,0,0,4,1,6,6,3,-1,-1,-1,-1,-1,-1,-1,-1,0,-1
2025010570515,2025,010570515,2,9,0,5,5,5,1,0,0,6,0,0,0,0,3,1,6,6,1,61,9,-1,-1,-1,-1,4,E01001435,0,1
2025010570515,2025,010570515,5,9,0,2,2,0,0,0,0,1,0,0,0,0,0,1,6,6,3,-1,-1,-1,-1,-1,-1,-1,-1,0,-1
2025010570529,2025,010570529,2,9,0,2,2,0,0,0,0,0,0,0,7,0,1,2,6,6,3,-1,-1,-1,-1,-1,-1,-1,-1,0,-1
2025010570529,2025,010570529,1,9,0,13,13,1,5,0,0,0,5,4,0,0,1,1,6,6,1,43,7,-1,-1,-1,-1,3,E01004443,0,2
2025010570535,2025,010570535,2,9,0,18,19,3,7,0,0,1,0,0,0,0,1,1,5,6,1,22,5,-1,-1,-1,-1,4,E01001756,0,1
2025010570535,2025,010570535,1,9,0,3,3,1,5,0,0,1,0,0,0,0,4,1,5,6,1,42,7,-1,-1,-1,-1,7,E01024318,0,4
2025010570537,2025,010570537,2,9,0,2,2,0,0,0,0,0,0,4,0,0,2,1,6,6,3,-1,-1,-1,-1,-1,-1,-1,-1,0,-1
2025010570537,2025,010570537,1,9,0,18,19,1,5,0,0,0,5,4,0,0,1,1,2,2,2,37,7,-1,-1,-1,-1,2,E01032565,0,1
2025010570537,2025,010570537,3,9,0,2,2,0,0,0,0,0,0,0,0,0,0,1,6,6,3,-1,-1,-1,-1,-1,-1,-1,-1,0,-1
2025010570539,2025,010570539,2,1,0,18,19,5,1,0,0,1,0,0,0,0,1,1,5,6,1,28,6,-1,-1,-1,-1,5,E01035689,0,1
2025010570539,2025,010570539,1,9,0,7,7,3,6,0,0,5,0,0,0,0,3,1,5,6,1,21,5,-1,-1,-1,-1,7,E01022058,0,4
2025010570540,2025,010570540,1,19,0,18,19,8,4,0,0,0,0,0,0,0,1,1,5,6,1,25,5,-1,-1,-1,-1,2,E01015976,0,4
2025010570540,2025,010570540,2,1,0,5,5,2,6,0,0,0,2,0,0,0,3,1,5,6,1,29,6,-1,-1,-1,-1,6,E01001852,0,2