collision_index,collision_year,collision_ref_no,vehicle_reference,vehicle_type,towing_and_articulation,vehicle_manoeuvre_historic,vehicle_manoeuvre,vehicle_direction_from,vehicle_direction_to,vehicle_location_restricted_lane_historic,vehicle_location_restricted_lane,junction_location,skidding_and_overturning,hit_object_in_carriageway,vehicle_leaving_carriageway,hit_object_off_carriageway,first_point_of_impact,vehicle_left_hand_drive,journey_purpose_of_driver_historic,journey_purpose_of_driver,sex_of_driver,age_of_driver,age_band_of_driver,engine_capacity_cc,propulsion_code,age_of_vehicle,generic_make_model,driver_imd_decile,lsoa_of_driver,escooter_flag,driver_distance_banding
2025010570846,2025,010570846,1,9,0,18,19,7,3,0,0,1,0,0,0,0,1,1,5,6,2,28,6,-1,-1,-1,-1,3,E01000081,0,1
2025010570853,2025,010570853,1,2,0,18,19,5,1,0,0,1,1,0,0,0,1,1,6,6,3,25,5,-1,-1,-1,-1,-1,-1,0,-1
2025010570854,2025,010570854,2,1,0,5,5,2,6,0,0,1,0,0,0,0,4,1,1,1,1,27,6,-1,-1,-1,-1,3,E01004315,0,1
2025010570854,2025,010570854,1,8,0,9,9,1,6,0,0,2,0,0,0,0,1,1,1,1,1,46,8,-1,-1,-1,-1,-1,-1,0,-1
2025010570857,2025,010570857,2,1,0,18,19,1,5,0,0,6,5,0,0,0,1,1,6,6,1,32,6,-1,-1,-1,-1,-1,-1,0,-1
2025010570857,2025,010570857,1,9,0,18,19,3,7,0,0,1,0,0,0,0,1,1,1,1,1,40,7,-1,-1,-1,-1,8,E01001384,0,3
2025010570858,2025,010570858,2,9,0,17,19,3,7,0,0,1,0,0,0,0,3,1,5,6,2,41,7,-1,-1,-1,-1,3,E01000331,0,3
2025010570858,2025,010570858,1,3,0,7,7,7,8,0,0,3,0,0,0,0,4,1,1,1,1,38,7,-1,-1,-1,-1,3,E01003627,0,1
2025010570859,2025,010570859,1,9,9,99,99,9,9,99,99,9,9,99,9,99,9,9,5,6,1,39,7,-1,-1,-1,-1,7,E01033928,0,1
2025010570862,2025,010570862,2,9,0,2,2,0,0,6,6,1,0,0,0,0,3,1,6,6,3,-1,-1,-1,-1,-1,-1,-1,-1,0,-1
2025010570862,2025,010570862,1,9,0,18,19,5,1,0,0,1,0,4,0,0,1,1,6,6,2,48,8,-1,-1,-1,-1,4,E01000719,0,1
2025010570862,2025,010570862,3,9,0,2,2,0,0,6,6,1,0,0,0,0,1,1,6,6,3,-1,-1,-1,-1,-1,-1,-1,-1,0,-1
2025010570863,2025,010570863,2,1,0,18,19,6,2,0,0,8,0,0,0,0,4,1,2,2,1,22,5,-1,-1,-1,-1,3,E01003523,0,1
2025010570863,2025,010570863,1,9,0,9,9,2,8,0,0,5,0,0,0,0,1,1,5,6,1,20,4,-1,-1,-1,-1,3,E01003524,0,1
2025010570867,2025,010570867,2,9,0,99,99,9,9,99,99,9,9,99,9,99,1,9,6,6,3,-1,-1,-1,-1,-1,-1,-1,-1,0,-1
2025010570867,2025,010570867,1,3,0,99,99,9,9,99,99,9,9,99,9,99,2,1,5,6,1,24,5,-1,-1,-1,-1,7,E01003752,0,1
2025010570868,2025,010570868,1,9,0,18,19,5,1,0,0,0,0,0,0,0,0,1,6,6,1,72,10,-1,-1,-1,-1,2,E01001702,0,1
2025010570868,2025,010570868,2,9,0,18,19,1,5,0,0,0,0,0,0,0,0,1,6,6,1,63,9,-1,-1,-1,-1,4,E01032566,0,1
2025010570869,2025,010570869,1,1,9,99,99,9,9,99,99,9,9,99,9,99,1,1,1,1,3,24,5,-1,-1,-1,-1,4,E01004037,0,1
2025010570869,2025,010570869,2,19,0,99,99,9,9,99,99,9,9,99,9,99,2,9,6,6,3,-1,-1,-1,-1,-1,-1,-1,-1,0,-1
2025010570885,2025,010570885,2,19,0,99,99,9,9,99,99,9,9,99,9,99,2,9,6,6,1,63,9,-1,-1,-1,-1,7,E01003429,0,1
2025010570885,2025,010570885,1,3,0,99,99,9,9,99,99,9,9,99,9,99,1,1,5,6,1,47,8,-1,-1,-1,-1,2,E01003432,0,1
2025010570886,2025,010570886,1,8,0,6,6,1,1,0,0,0,0,0,0,0,3,1,6,6,1,65,9,-1,-1,-1,-1,2,E01033455,0,2
2025010570886,2025,010570886,2,1,0,18,19,1,5,0,0,0,0,0,0,0,3,1,6,6,2,40,7,-1,-1,-1,-1,3,E01002766,0,1
2025010570897,2025,010570897,2,8,0,99,99,9,9,99,99,9,9,99,9,99,9,9,6,6,3,-1,-1,-1,-1,-1,-1,-1,-1,0,-1
2025010570897,2025,010570897,1,3,0,99,99,9,9,99,99,9,9,8,9,99,9,1,1,1,1,39,7,-1,-1,-1,-1,3,E01000499,0,2
2025010570898,2025,010570898,1,3,0,18,19,5,1,0,0,0,0,0,0,0,0,1,6,6,1,35,6,-1,-1,-1,-1,-1,-1,0,-1
2025010570903,2025,010570903,2,22,0,18,19,3,7,0,0,2,0,0,0,0,3,1,5,6,1,54,8,-1,-1,-1,-1,2,E01002314,0,1
2025010570903,2025,010570903,1,9,0,4,4,5,1,0,0,1,0,0,0,0,1,1,3,7,2,36,7,-1,-1,-1,-1,2,E01002282,0,1
2025010570909,2025,010570909,1,19,0,5,5,4,8,0,0,2,0,0,1,0,1,1,1,1,1,26,6,-1,-1,-1,-1,6,E01003392,0,4
2025010570911,2025,010570911,2,98,0,99,99,9,9,0,0,9,9,99,9,99,1,1,6,6,3,-1,-1,-1,-1,-1,-1,4,E01016448,0,2
2025010570911,2025,010570911,1,9,0,99,99,9,9,0,0,9,9,99,9,99,9,9,5,6,1,37,7,-1,-1,-1,-1,9,E01004098,0,4
2025010570913,2025,010570913,2,19,0,99,99,9,9,99,99,9,9,99,9,99,9,9,6,6,3,20,4,-1,-1,-1,-1,-1,-1,0,-1
2025010570913,2025,010570913,1,23,0,99,99,9,9,99,99,9,9,99,9,99,9,1,1,1,1,23,5,-1,-1,-1,-1,6,E01034485,0,1
2025010570916,2025,010570916,1,1,9,99,99,9,9,99,99,9,9,99,9,99,2,1,5,6,2,30,6,-1,-1,-1,-1,3,E01001742,0,1
2025010570916,2025,010570916,2,9,0,99,99,9,9,99,99,9,9,99,9,99,1,9,6,6,3,-1,-1,-1,-1,-1,-1,-1,-1,0,-1
2025010570917,2025,010570917,2,1,0,9,9,3,1,0,0,1,0,0,0,0,3,1,2,2,2,31,6,-1,-1,-1,-1,3,E01004734,0,1
2025010570917,2025,010570917,1,9,0,18,19,5,1,0,0,1,0,0,0,0,4,1,6,6,3,-1,-1,-1,-1,-1,-1,-1,-1,0,-1
2025010570921,2025,010570921,1,1,0,18,19,7,3,0,0,1,0,0,1,0,1,1,6,6,1,-1,-1,-1,-1,-1,-1,-1,-1,0,-1
2025010570928,2025,010570928,2,1,0,18,19,1,5,0,0,9,0,0,0,0,9,1,6,6,1,60,9,-1,-1,-1,-1,3,E01001983,0,1
2025010570928,2025,010570928,1,9,0,6,6,1,1,0,0,9,0,0,0,0,9,9,6,6,3,-1,-1,-1,-1,-1,-1,-1,-1,0,-1
2025010570930,2025,010570930,1,9,0,18,19,4,8,0,0,0,1,10,1,5,1,1,1,1,1,30,6,-1,-1,-1,-1,5,E01002344,0,1
2025010570947,2025,010570947,1,9,0,99,99,9,9,99,99,9,9,99,9,99,9,9,1,1,1,39,7,-1,-1,-1,-1,4,E01001499,0,4
2025010570947,2025,010570947,2,19,0,99,99,9,9,99,99,9,9,99,9,99,9,9,6,6,3,-1,-1,-1,-1,-1,-1,-1,-1,0,-1
2025010570955,2025,010570955,2,9,9,99,99,9,9,99,99,9,9,99,9,99,9,9,6,6,1,67,10,-1,-1,-1,-1,4,E01000466,0,1
2025010570955,2025,010570955,1,9,0,99,99,9,9,99,99,9,9,99,9,99,9,9,2,2,1,38,7,-1,-1,-1,-1,1,E01001575,0,1
2025010570957,2025,010570957,1,3,0,99,99,9,9,99,99,9,9,99,9,99,9,1,5,6,1,32,6,-1,-1,-1,-1,3,E01001448,0,1
2025010570957,2025,010570957,2,9,0,99,99,9,9,99,99,9,9,99,9,99,9,9,6,6,3,-1,-1,-1,-1,-1,-1,-1,-1,0,-1
2025010570971,2025,010570971,1,9,0,99,99,9,9,99,99,9,9,99,9,99,2,9,5,6,1,39,7,-1,-1,-1,-1,9,E01002471,0,1
2025010570971,2025,010570971,2,19,0,99,99,9,9,99,99,9,9,99,9,99,1,9,6,6,3,-1,-1,-1,-1,-1,-1,9,E01002512,0,2
2025010570976,2025,010570976,2,1,0,18,19,1,5,0,0,8,0,0,0,0,4,1,6,6,1,40,7,-1,-1,-1,-1,5,E01002894,0,1
2025010570976,2025,010570976,1,9,0,18,19,3,7,0,0,8,0,0,0,0,1,1,1,1,1,47,8,-1,-1,-1,-1,2,E01000045,0,3
2025010570984,2025,010570984,2,5,0,18,19,5,1,0,0,1,0,0,0,0,4,1,5,6,1,60,9,-1,-1,-1,-1,5,E01023295,0,3
2025010570984,2025,010570984,1,9,0,12,12,5,1,0,0,1,0,0,0,0,3,1,5,6,2,23,5,-1,-1,-1,-1,4,E01032980,0,4
2025010570998,2025,010570998,2,9,0,99,99,9,9,99,99,9,9,99,9,99,1,9,6,6,3,-1,-1,-1,-1,-1,-1,9,E01023264,0,4
2025010570998,2025,010570998,1,9,0,99,99,9,9,99,99,9,9,99,9,99,9,9,6,6,2,38,7,-1,-1,-1,-1,9,E01001305,0,1
2025010571000,2025,010571000,1,1,9,99,99,9,9,99,99,9,9,99,9,99,9,1,2,2,2,22,5,-1,-1,-1,-1,7,E01024273,0,4
2025010571000,2025,010571000,2,9,0,99,99,9,9,99,99,9,9,99,9,99,1,9,6,6,3,-1,-1,-1,-1,-1,-1,4,E01002058,0,1
2025010571004,2025,010571004,2,9,0,6,6,5,5,0,0,0,0,0,0,0,3,1,6,6,1,37,7,-1,-1,-1,-1,2,E01003175,0,1
2025010571004,2025,010571004,1,5,0,18,19,5,1,0,0,0,0,0,0,0,4,1,5,6,1,25,5,-1,-1,-1,-1,6,E01003958,0,1
2025010571005,2025,010571005,1,9,9,99,99,9,9,99,99,9,9,99,9,99,9,9,6,6,1,-1,-1,-1,-1,-1,-1,2,E01012763,0,5
2025010571006,2025,010571006,1,9,0,18,19,5,1,0,0,0,0,0,0,0,1,1,6,6,3,-1,-1,-1,-1,-1,-1,-1,-1,0,-1
2025010571007,2025,010571007,2,8,0,-1,-1,7,3,0,0,8,0,0,0,0,1,1,6,6,3,-1,-1,-1,-1,-1,-1,-1,-1,0,-1
2025010571007,2025,010571007,1,3,0,3,3,7,3,0,0,2,0,0,0,0,2,1,6,6,1,60,9,-1,-1,-1,-1,9,E01001274,0,1
2025010571014,2025,010571014,1,9,9,99,99,9,9,99,99,9,9,99,9,99,9,9,6,6,3,-1,-1,-1,-1,-1,-1,-1,-1,0,-1
2025010571022,2025,010571022,1,9,0,7,7,1,3,0,0,2,0,7,0,0,1,1,5,6,1,26,6,-1,-1,-1,-1,6,E01032779,0,1
2025010571023,2025,010571023,1,9,0,9,9,1,7,0,0,6,0,0,0,0,1,1,5,6,2,43,7,-1,-1,-1,-1,5,E01003704,0,2
2025010571023,2025,010571023,2,9,0,18,19,1,5,0,0,2,0,0,0,0,1,1,5,6,1,25,5,-1,-1,-1,-1,2,E01004444,0,1
2025010571032,2025,010571032,2,9,0,18,19,8,4,0,0,8,0,0,0,0,1,1,1,1,1,28,6,-1,-1,-1,-1,6,E01034589,0,1
2025010571032,2025,010571032,1,9,0,9,9,8,5,0,0,1,0,0,0,0,3,1,3,7,1,40,7,-1,-1,-1,-1,7,E01002172,0,1
2025010571035,2025,010571035,1,23,0,18,19,1,5,0,0,8,0,0,0,0,1,1,6,6,3,-1,-1,-1,-1,-1,-1,-1,-1,0,-1
2025010571040,2025,010571040,2,9,0,3,3,3,7,0,0,1,0,0,0,0,3,1,6,6,3,-1,-1,-1,-1,-1,-1,-1,-1,0,-1
2025010571040,2025,010571040,1,3,0,3,3,5,1,0,0,1,0,0,0,0,3,1,2,2,1,38,7,-1,-1,-1,-1,3,E01004567,0,2
2025010571042,2025,010571042,2,9,0,9,9,5,3,0,0,8,0,0,0,0,1,1,2,2,1,50,8,-1,-1,-1,-1,6,E01034994,0,4
2025010571042,2025,010571042,1,9,0,18,19,1,5,0,0,8,0,0,0,0,1,1,6,6,2,23,5,-1,-1,-1,-1,2,E01003205,0,1
2025010571043,2025,010571043,1,9,0,99,99,9,9,0,0,0,0,0,0,0,1,9,6,6,3,-1,-1,-1,-1,-1,-1,-1,-1,0,-1
2025010571047,2025,010571047,1,9,0,99,99,9,9,99,99,0,9,99,9,99,1,9,6,6,2,54,8,-1,-1,-1,-1,4,E01018905,0,5
2025010571051,2025,010571051,1,9,0,4,4,7,3,0,0,2,0,0,0,0,4,1,5,6,1,53,8,-1,-1,-1,-1,4,E01003017,0,1
2025010571051,2025,010571051,2,1,0,15,15,7,3,0,0,1,5,0,0,0,1,1,6,6,1,17,4,-1,-1,-1,-1,3,E01033599,0,1
2025010571054,2025,010571054,1,3,0,5,5,0,1,0,0,5,0,0,0,0,1,1,5,6,1,41,7,-1,-1,-1,-1,1,E01001761,0,1
2025010571054,2025,010571054,2,1,0,14,14,7,3,0,0,6,0,0,0,0,1,1,6,6,1,42,7,-1,-1,-1,-1,3,E01001769,0,1
2025010571060,2025,010571060,2,1,0,17,19,3,7,0,0,8,0,0,0,0,1,1,6,6,2,42,7,-1,-1,-1,-1,5,E01002970,0,2
2025010571060,2025,010571060,1,9,0,17,19,3,7,0,0,8,0,0,0,0,3,1,5,6,2,74,10,-1,-1,-1,-1,10,E01004101,0,1
2025010571061,2025,010571061,3,11,9,2,2,0,0,99,99,9,0,99,0,0,9,1,6,6,3,-1,-1,-1,-1,-1,-1,-1,-1,0,-1
2025010571061,2025,010571061,2,9,9,99,99,9,9,99,99,9,0,99,9,99,9,9,6,6,1,-1,-1,-1,-1,-1,-1,-1,-1,0,-1
2025010571061,2025,010571061,1,90,0,18,19,1,5,0,0,9,0,99,9,99,9,1,6,6,1,35,6,-1,-1,-1,-1,3,E01000141,0,1
2025010571065,2025,010571065,2,19,0,3,3,6,2,0,0,1,0,0,0,0,1,1,6,6,1,54,8,-1,-1,-1,-1,-1,-1,0,-1
2025010571065,2025,010571065,1,9,0,7,7,2,4,0,0,8,0,7,0,0,1,1,1,1,1,41,7,-1,-1,-1,-1,3,E01027111,0,5
2025010571066,2025,010571066,1,19,0,18,19,1,5,0,0,0,0,0,1,0,1,1,5,6,1,40,7,-1,-1,-1,-1,5,E01001975,0,1
2025010571066,2025,010571066,2,1,0,18,19,1,5,0,0,0,0,0,0,0,1,1,5,6,2,47,8,-1,-1,-1,-1,5,E01001570,0,1
2025010571068,2025,010571068,1,3,0,-1,-1,3,7,0,0,8,5,0,7,0,0,1,2,2,1,44,7,-1,-1,-1,-1,3,E01003288,0,2
2025010571074,2025,010571074,1,90,0,-1,-1,7,3,0,0,1,0,0,0,0,1,1,1,1,1,47,8,-1,-1,-1,-1,4,E01003372,0,2
2025010571074,2025,010571074,3,9,0,-1,-1,7,3,0,0,1,0,0,0,0,2,1,1,1,1,39,7,-1,-1,-1,-1,2,E01003092,0,1
2025010571074,2025,010571074,2,19,0,-1,-1,7,3,0,0,1,0,0,0,0,2,1,1,1,1,43,7,-1,-1,-1,-1,10,E01028655,0,4
2025010571075,2025,010571075,2,9,0,99,99,9,9,99,99,9,9,99,9,99,1,9,6,6,3,-1,-1,-1,-1,-1,-1,-1,-1,0,-1
2025010571075,2025,010571075,1,3,0,99,99,9,9,99,99,9,9,99,9,99,9,1,1,1,1,-1,-1,-1,-1,-1,-1,6,E01002200,0,1
2025010571077,2025,010571077,1,11,0,18,19,5,1,2,2,2,0,0,0,0,0,1,1,1,1,34,6,-1,-1,-1,-1,9,E01000694,0,3
2025010571081,2025,010571081,2,1,5,3,3,5,1,4,4,1,0,0,0,0,1,1,1,1,2,49,8,-1,-1,-1,-1,7,E01003839,0,1
2025010571081,2025,010571081,1,9,0,6,6,1,1,0,0,1,0,0,1,0,1,1,5,6,1,43,7,-1,-1,-1,-1,6,E01030721,0,3
2025010571096,2025,010571096,1,9,0,1,1,1,5,5,5,8,0,0,0,0,2,1,1,1,1,41,7,-1,-1,-1,-1,2,E01003619,0,2
2025010571098,2025,010571098,1,9,9,18,19,6,2,99,99,9,0,99,0,0,9,9,6,6,3,-1,-1,-1,-1,-1,-1,-1,-1,0,-1
2025010571100,2025,010571100,2,1,9,99,99,9,9,99,99,9,9,99,9,99,9,1,6,6,1,-1,-1,-1,-1,-1,-1,-1,-1,0,-1
2025010571100,2025,010571100,1,9,9,-1,-1,1,5,99,99,9,9,99,9,99,9,9,6,6,1,37,7,-1,-1,-1,-1,2,E01002003,0,1
2025010571103,2025,010571103,1,9,0,99,99,9,9,99,99,9,9,99,9,99,2,9,6,6,3,-1,-1,-1,-1,-1,-1,4,E01002629,0,1
2025010571104,2025,010571104,3,19,0,18,19,6,2,0,0,1,0,0,0,0,1,1,6,6,3,-1,-1,-1,-1,-1,-1,-1,-1,0,-1
2025010571104,2025,010571104,1,9,0,3,3,6,2,0,0,1,0,0,0,0,2,1,6,6,2,20,4,-1,-1,-1,-1,8,E01002495,0,1
2025010571104,2025,010571104,2,3,0,4,4,6,2,0,0,1,0,0,0,0,1,1,6,6,1,30,6,-1,-1,-1,-1,7,E01002160,0,1
2025010571107,2025,010571107,2,9,0,2,2,0,0,0,0,0,0,0,0,0,4,1,6,6,3,-1,-1,-1,-1,-1,-1,-1,-1,0,-1
2025010571107,2025,010571107,3,9,0,2,2,0,0,0,0,0,0,0,0,0,2,1,6,6,3,-1,-1,-1,-1,-1,-1,-1,-1,0,-1
2025010571107,2025,010571107,1,9,0,17,19,3,7,0,0,0,0,4,0,0,1,1,6,6,1,-1,-1,-1,-1,-1,-1,-1,-1,0,-1
2025010571108,2025,010571108,1,9,0,18,19,7,3,0,0,3,0,0,0,0,1,1,5,6,1,85,11,-1,-1,-1,-1,3,E01001690,0,1
2025010571112,2025,010571112,1,8,0,99,99,9,9,99,99,9,9,99,9,99,9,9,1,1,1,65,9,-1,-1,-1,-1,6,E01015800,0,4
2025010571112,2025,010571112,2,9,0,99,99,9,9,99,99,9,9,99,9,99,9,9,6,6,3,-1,-1,-1,-1,-1,-1,-1,-1,0,-1
2025010571116,2025,010571116,1,97,9,18,19,1,5,99,99,9,9,0,9,99,1,1,6,6,3,-1,-1,-1,-1,-1,-1,-1,-1,0,-1
2025010571119,2025,010571119,2,19,4,-1,-1,7,3,0,0,8,0,0,0,0,2,1,6,6,3,-1,-1,-1,-1,-1,-1,-1,-1,0,-1
2025010571119,2025,010571119,1,9,0,-1,-1,7,3,0,0,8,0,0,0,0,1,1,6,6,1,78,11,-1,-1,-1,-1,-1,-1,0,-1
2025010571121,2025,010571121,1,9,0,5,5,1,5,0,0,0,5,0,1,10,4,1,2,2,1,24,5,-1,-1,-1,-1,5,E01003900,0,2
2025010571127,2025,010571127,1,3,0,99,99,9,9,99,99,0,9,99,9,99,0,1,5,6,1,19,4,-1,-1,-1,-1,3,E01003321,0,1
2025010571127,2025,010571127,2,19,0,99,99,9,9,99,99,0,9,99,9,99,9,1,6,6,3,-1,-1,-1,-1,-1,-1,-1,-1,0,-1
2025010571129,2025,010571129,3,9,0,12,12,1,5,0,0,0,1,0,5,6,2,1,2,2,1,32,6,-1,-1,-1,-1,3,E01003581,0,1
2025010571129,2025,010571129,2,9,0,18,19,1,5,0,0,0,0,0,0,0,0,1,2,2,1,40,7,-1,-1,-1,-1,4,E01003788,0,1
2025010571129,2025,010571129,1,9,0,18,19,1,5,0,0,0,0,0,0,0,1,1,6,6,1,30,6,-1,-1,-1,-1,5,E01004375,0,1
2025010571129,2025,010571129,4,9,0,4,4,1,5,0,0,0,0,0,0,0,3,1,5,6,1,53,8,-1,-1,-1,-1,-1,-1,0,-1
2025010571130,2025,010571130,1,9,0,7,7,5,7,0,0,4,0,0,0,0,1,1,5,6,1,62,9,-1,-1,-1,-1,4,E01003268,0,1
2025010571130,2025,010571130,2,1,0,7,7,5,7,0,0,8,0,0,0,0,1,1,5,6,1,34,6,-1,-1,-1,-1,3,E01033324,0,1
2025010571132,2025,010571132,2,9,0,99,99,9,9,99,99,9,9,99,9,99,1,9,6,6,3,-1,-1,-1,-1,-1,-1,-1,-1,0,-1
2025010571132,2025,010571132,1,9,0,99,99,9,9,99,99,9,9,99,9,99,2,9,2,2,1,35,6,-1,-1,-1,-1,5,E01002363,0,1
2025010571137,2025,010571137,2,5,0,18,19,5,1,0,0,1,0,0,3,0,3,1,6,6,1,46,8,-1,-1,-1,-1,7,E01017423,0,4
2025010571137,2025,010571137,1,9,0,10,10,1,7,0,0,5,0,0,3,0,1,1,1,1,1,37,7,-1,-1,-1,-1,3,E01000867,0,3
2025010571139,2025,010571139,1,11,0,4,4,5,1,0,0,2,0,0,0,0,0,1,5,6,1,46,8,-1,-1,-1,-1,7,E01003232,0,2
2025010571140,2025,010571140,2,9,0,18,19,1,5,0,0,1,0,4,0,0,1,1,6,6,3,-1,-1,-1,-1,-1,-1,-1,-1,0,-1
2025010571140,2025,010571140,1,9,0,3,3,1,5,0,0,1,0,0,0,0,2,1,5,6,2,71,10,-1,-1,-1,-1,7,E01026655,0,5
2025010571146,2025,010571146,1,11,0,18,19,1,5,0,0,1,0,0,0,0,0,1,1,1,1,54,8,-1,-1,-1,-1,6,E01023325,0,2
2025010571148,2025,010571148,1,9,0,99,99,9,9,99,99,9,9,99,9,99,2,9,5,6,1,45,7,-1,-1,-1,-1,5,E01035282,0,2
2025010571148,2025,010571148,2,9,9,99,99,9,9,99,99,9,9,99,9,99,9,9,6,6,3,-1,-1,-1,-1,-1,-1,-1,-1,0,-1
2025010571153,2025,010571153,1,1,9,99,99,9,9,99,99,9,9,99,9,99,1,1,5,6,1,32,6,-1,-1,-1,-1,3,E01004448,0,1
2025010571153,2025,010571153,2,9,0,99,99,9,9,99,99,9,9,99,9,99,1,9,6,6,1,30,6,-1,-1,-1,-1,4,E01004373,0,1
2025010571160,2025,010571160,1,1,9,99,99,9,9,99,99,9,9,99,9,99,9,1,2,2,2,33,6,-1,-1,-1,-1,6,E01002745,0,1
2025010571160,2025,010571160,2,9,0,99,99,9,9,99,99,9,9,99,9,99,1,9,6,6,3,-1,-1,-1,-1,-1,-1,-1,-1,0,-1
2025010571161,2025,010571161,2,9,0,99,99,9,9,99,99,9,9,99,9,99,1,9,6,6,3,-1,-1,-1,-1,-1,-1,-1,-1,0,-1
2025010571161,2025,010571161,1,9,0,99,99,9,9,99,99,9,9,99,9,99,9,9,5,6,2,22,5,-1,-1,-1,-1,10,E01023550,0,2
2025010571162,2025,010571162,2,3,0,18,19,3,7,0,0,8,0,0,0,0,1,1,6,6,1,19,4,-1,-1,-1,-1,3,E01001548,0,1
2025010571162,2025,010571162,1,9,0,9,9,7,4,0,0,8,0,0,0,0,1,1,2,2,2,46,8,-1,-1,-1,-1,1,E01001442,0,1
2025010571166,2025,010571166,1,11,0,18,19,5,1,0,0,1,0,0,0,0,1,1,1,1,1,22,5,-1,-1,-1,-1,4,E01034371,0,4
2025010571167,2025,010571167,2,9,0,7,7,1,3,0,0,1,0,0,0,0,1,1,5,6,2,55,8,-1,-1,-1,-1,3,E01003357,0,1
2025010571167,2025,010571167,1,9,0,9,9,3,1,0,0,1,0,0,0,0,3,1,5,6,2,38,7,-1,-1,-1,-1,6,E01001088,0,1
2025010571172,2025,010571172,2,1,0,7,7,8,2,0,0,8,2,0,0,0,1,1,6,6,1,16,4,-1,-1,-1,-1,3,E01002404,0,1
2025010571172,2025,010571172,1,9,0,10,10,6,4,0,0,3,0,0,0,0,3,1,5,6,2,29,6,-1,-1,-1,-1,4,E01034613,0,1
2025010571174,2025,010571174,2,11,0,2,2,0,0,2,2,0,0,0,0,0,2,1,6,6,3,-1,-1,-1,-1,-1,-1,-1,-1,0,-1
2025010571174,2025,010571174,1,3,0,18,19,1,5,0,0,0,0,4,0,0,1,1,5,6,1,18,4,-1,-1,-1,-1,5,E01004750,0,1
2025010571178,2025,010571178,2,1,0,18,19,3,7,0,0,8,0,0,0,0,1,1,2,2,2,28,6,-1,-1,-1,-1,2,E01002709,0,1
2025010571178,2025,010571178,1,9,0,9,9,7,5,0,0,8,0,0,0,0,1,1,5,6,2,30,6,-1,-1,-1,-1,3,E01001311,0,3
2025010571179,2025,010571179,2,3,0,18,19,6,2,0,0,8,5,0,0,0,3,1,6,6,1,23,5,-1,-1,-1,-1,6,E01002933,0,3
2025010571179,2025,010571179,1,9,0,9,9,2,8,0,0,8,0,0,0,0,1,1,5,6,2,35,6,-1,-1,-1,-1,8,E01002825,0,1
2025010571180,2025,010571180,1,1,9,99,99,9,9,99,99,9,9,99,9,99,1,1,2,2,1,40,7,-1,-1,-1,-1,8,E01003271,0,1
2025010571180,2025,010571180,2,9,0,99,99,9,9,99,99,9,9,99,9,99,9,9,6,6,3,-1,-1,-1,-1,-1,-1,-1,-1,0,-1
2025010571182,2025,010571182,2,-1,0,4,4,3,7,0,0,0,0,0,0,0,2,1,6,6,1,32,6,-1,-1,-1,-1,1,E01000528,1,2
2025010571182,2025,010571182,1,10,0,18,19,3,7,0,0,0,0,4,0,0,3,1,1,1,1,66,10,-1,-1,-1,-1,4,E01002079,0,3
2025010571183,2025,010571183,2,9,0,9,9,4,2,9,9,1,0,0,0,0,3,1,5,6,1,50,8,-1,-1,-1,-1,2,E01002033,0,1
2025010571183,2025,010571183,1,9,0,18,19,8,4,9,9,1,0,0,0,0,3,1,5,6,1,19,4,-1,-1,-1,-1,1,E01002026,0,1
2025010571187,2025,010571187,1,9,0,7,7,3,5,0,0,2,0,0,0,0,1,1,5,6,1,73,10,-1,-1,-1,-1,6,E01002374,0,1
2025010571187,2025,010571187,2,1,5,18,19,5,1,0,0,1,0,0,0,0,1,1,3,7,1,14,3,-1,-1,-1,-1,4,E01002350,0,1
2025010571190,2025,010571190,1,9,0,18,19,1,5,0,0,1,0,0,0,0,1,1,1,1,1,52,8,-1,-1,-1,-1,3,E01035666,0,1
2025010571192,2025,010571192,1,1,9,99,99,9,9,99,99,9,9,99,9,99,1,1,5,6,1,32,6,-1,-1,-1,-1,7,E01002816,0,1
2025010571192,2025,010571192,2,9,0,99,99,9,9,99,99,9,9,99,9,99,1,9,6,6,1,47,8,-1,-1,-1,-1,8,E01035713,0,1
2025010571195,2025,010571195,1,9,0,99,99,9,9,99,99,9,9,99,9,99,1,1,6,6,1,61,9,-1,-1,-1,-1,10,E01023595,0,4
2025010571196,2025,010571196,1,9,0,18,19,2,6,0,0,0,0,0,0,0,3,1,2,2,2,24,5,-1,-1,-1,-1,3,E01001325,0,2
2025010571198,2025,010571198,2,4,0,-1,-1,5,1,0,0,8,1,0,0,0,1,1,5,6,1,45,7,-1,-1,-1,-1,-1,-1,0,-1
2025010571198,2025,010571198,1,9,0,9,9,1,7,0,0,8,0,0,0,0,2,1,5,6,1,21,5,-1,-1,-1,-1,3,E01004389,0,1
2025010571200,2025,010571200,2,9,0,12,12,5,1,0,0,1,0,0,0,0,4,1,2,2,2,34,6,-1,-1,-1,-1,3,E01001111,0,3