collision_index,collision_year,collision_ref_no,vehicle_reference,vehicle_type,towing_and_articulation,vehicle_manoeuvre_historic,vehicle_manoeuvre,vehicle_direction_from,vehicle_direction_to,vehicle_location_restricted_lane_historic,vehicle_location_restricted_lane,junction_location,skidding_and_overturning,hit_object_in_carriageway,vehicle_leaving_carriageway,hit_object_off_carriageway,first_point_of_impact,vehicle_left_hand_drive,journey_purpose_of_driver_historic,journey_purpose_of_driver,sex_of_driver,age_of_driver,age_band_of_driver,engine_capacity_cc,propulsion_code,age_of_vehicle,generic_make_model,driver_imd_decile,lsoa_of_driver,escooter_flag,driver_distance_banding
2025010571200,2025,010571200,1,9,0,18,19,5,1,0,0,1,0,0,0,0,4,1,5,6,1,54,8,-1,-1,-1,-1,7,E01000457,0,1
2025010571201,2025,010571201,2,9,0,99,99,9,9,99,99,9,9,99,9,99,1,9,6,6,3,62,9,-1,-1,-1,-1,3,E01034206,0,2
2025010571201,2025,010571201,1,9,0,99,99,9,9,99,99,9,9,99,9,99,9,9,2,2,1,34,6,-1,-1,-1,-1,3,E01004235,0,1
2025010571202,2025,010571202,1,9,0,9,9,4,2,0,0,1,0,0,0,0,4,1,2,2,1,56,9,-1,-1,-1,-1,5,E01000567,0,1
2025010571202,2025,010571202,2,1,0,18,19,8,4,0,0,8,0,0,0,0,1,1,6,6,1,21,5,-1,-1,-1,-1,5,E01034599,0,1
2025010571206,2025,010571206,2,1,0,17,19,5,1,0,0,1,0,0,0,0,1,1,6,6,1,49,8,-1,-1,-1,-1,6,E01002353,0,2
2025010571206,2025,010571206,1,9,0,5,5,7,3,0,0,8,0,0,0,0,4,1,5,6,1,34,6,-1,-1,-1,-1,5,E01003714,0,1
2025010571208,2025,010571208,1,8,0,99,99,9,9,99,99,9,9,99,9,99,9,9,6,6,3,-1,-1,-1,-1,-1,-1,-1,-1,0,-1
2025010571211,2025,010571211,1,9,0,5,5,1,5,0,0,0,0,0,0,0,3,1,6,6,1,40,7,-1,-1,-1,-1,3,E01002052,0,1
2025010571211,2025,010571211,2,1,0,18,19,1,5,0,0,0,1,0,0,0,0,1,6,6,1,46,8,-1,-1,-1,-1,1,E01001813,0,1
2025010571214,2025,010571214,1,9,0,9,9,7,5,0,0,2,0,0,0,0,1,1,6,6,1,33,6,-1,-1,-1,-1,1,E01016063,0,4
2025010571214,2025,010571214,2,9,0,18,19,5,1,0,0,1,0,0,0,0,1,1,6,6,1,62,9,-1,-1,-1,-1,7,E01000700,0,1
2025010571215,2025,010571215,2,9,0,99,99,9,9,99,99,9,9,99,9,99,1,9,6,6,3,52,8,-1,-1,-1,-1,6,E01003345,0,1
2025010571215,2025,010571215,1,1,9,99,99,9,9,99,99,9,9,99,9,99,1,1,2,2,2,44,7,-1,-1,-1,-1,2,E01003303,0,1
2025010571219,2025,010571219,2,9,0,99,99,9,9,99,99,9,9,99,9,99,1,9,6,6,3,-1,-1,-1,-1,-1,-1,-1,-1,0,-1
2025010571219,2025,010571219,1,1,9,99,99,9,9,99,99,9,9,99,9,99,9,1,5,6,1,25,5,-1,-1,-1,-1,3,E01004305,0,1
2025010571220,2025,010571220,2,9,0,99,99,9,9,99,99,9,9,99,9,99,1,1,6,6,2,27,6,-1,-1,-1,-1,6,E01003706,0,1
2025010571220,2025,010571220,1,9,0,99,99,9,9,99,99,9,9,99,9,99,4,1,5,6,2,32,6,-1,-1,-1,-1,10,E01016384,0,4
2025010571228,2025,010571228,1,9,0,-1,-1,7,3,0,0,1,0,7,0,0,1,1,6,6,1,37,7,-1,-1,-1,-1,-1,-1,0,-1
2025010571228,2025,010571228,2,9,0,3,3,7,3,0,0,1,0,0,0,0,0,1,2,2,1,39,7,-1,-1,-1,-1,3,E01003221,0,1
2025010571230,2025,010571230,1,9,0,9,9,2,7,0,0,1,5,0,0,0,1,1,5,6,1,56,9,-1,-1,-1,-1,4,E01035485,0,2
2025010571230,2025,010571230,2,4,0,18,19,7,3,0,0,1,0,0,0,0,2,1,2,2,2,36,7,-1,-1,-1,-1,4,E01002893,0,1
2025010571231,2025,010571231,1,9,0,-1,-1,7,3,0,0,2,0,7,7,11,1,1,6,6,1,30,6,-1,-1,-1,-1,3,E01004283,0,2
2025010571231,2025,010571231,2,9,0,-1,-1,7,3,0,0,1,0,0,0,0,0,1,6,6,1,38,7,-1,-1,-1,-1,2,E01004008,0,1
2025010571232,2025,010571232,4,19,0,18,19,5,1,0,0,0,0,0,0,0,1,1,1,1,1,47,8,-1,-1,-1,-1,-1,-1,0,-1
2025010571232,2025,010571232,2,9,0,18,19,5,1,0,0,0,0,0,0,0,1,1,6,6,1,25,5,-1,-1,-1,-1,-1,-1,0,-1
2025010571232,2025,010571232,1,9,0,18,19,5,1,0,0,0,0,0,0,0,0,1,1,1,2,32,6,-1,-1,-1,-1,4,E01000922,0,1
2025010571232,2025,010571232,3,11,0,18,19,5,1,0,0,0,0,0,0,0,2,1,1,1,1,43,7,-1,-1,-1,-1,3,E01003993,0,2
2025010571233,2025,010571233,1,9,0,9,9,5,3,0,0,1,0,0,0,0,1,1,6,6,3,-1,-1,-1,-1,-1,-1,-1,-1,0,-1
2025010571238,2025,010571238,1,19,0,18,19,5,1,0,0,8,5,10,0,0,1,1,1,1,1,43,7,-1,-1,-1,-1,2,E01003304,0,2
2025010571239,2025,010571239,1,9,0,15,15,7,3,0,0,1,0,0,0,0,1,1,1,1,1,20,4,-1,-1,-1,-1,3,E01002649,0,1
2025010571240,2025,010571240,1,19,0,12,12,1,5,0,0,1,0,0,0,0,3,1,5,6,1,50,8,-1,-1,-1,-1,9,E01002112,0,1
2025010571240,2025,010571240,2,9,0,18,19,1,5,0,0,1,0,0,5,6,4,1,5,6,2,48,8,-1,-1,-1,-1,-1,-1,0,-1
2025010571243,2025,010571243,1,9,0,18,19,7,3,0,0,0,0,0,0,0,1,1,2,2,2,39,7,-1,-1,-1,-1,8,E01004352,0,1
2025010571248,2025,010571248,2,9,9,99,99,9,9,99,99,3,9,99,9,99,9,9,6,6,1,49,8,-1,-1,-1,-1,3,E01014674,0,5
2025010571248,2025,010571248,1,1,9,99,99,9,9,99,99,9,9,99,9,99,9,1,6,6,1,14,3,-1,-1,-1,-1,1,E01000105,0,3
2025010571251,2025,010571251,1,9,0,9,9,3,1,0,0,8,0,0,0,0,0,1,6,6,1,38,7,-1,-1,-1,-1,8,E01000967,0,1
2025010571251,2025,010571251,2,1,0,18,19,7,3,0,0,8,0,0,0,0,3,1,6,6,2,36,7,-1,-1,-1,-1,3,E01004675,0,1
2025010571255,2025,010571255,2,9,9,99,99,9,9,99,99,9,9,99,9,99,9,9,6,6,1,-1,-1,-1,-1,-1,-1,4,E01024372,0,4
2025010571255,2025,010571255,1,1,9,99,99,9,9,99,99,9,9,99,9,99,9,1,6,6,1,32,6,-1,-1,-1,-1,6,E01001573,0,1
2025010571256,2025,010571256,1,9,0,18,19,1,5,0,0,8,0,0,0,0,1,1,1,1,1,52,8,-1,-1,-1,-1,4,E01003171,0,3
2025010571257,2025,010571257,1,11,0,3,3,4,8,0,0,0,0,0,0,0,3,1,6,6,3,-1,-1,-1,-1,-1,-1,-1,-1,0,-1
2025010571260,2025,010571260,2,9,0,99,99,9,9,99,99,9,9,99,9,99,9,9,6,6,3,-1,-1,-1,-1,-1,-1,-1,-1,0,-1
2025010571260,2025,010571260,1,3,0,99,99,9,9,99,99,9,9,99,9,99,1,1,5,6,1,27,6,-1,-1,-1,-1,5,E01001260,0,1
2025010571261,2025,010571261,1,9,0,99,99,9,9,99,99,9,9,99,9,99,1,9,6,6,3,-1,-1,-1,-1,-1,-1,-1,-1,0,-1
2025010571262,2025,010571262,1,3,0,99,99,9,9,0,0,8,0,0,0,0,1,1,2,2,1,43,7,-1,-1,-1,-1,3,E01001548,0,3
2025010571262,2025,010571262,2,9,0,99,99,9,9,99,99,9,9,99,9,99,1,9,6,6,3,-1,-1,-1,-1,-1,-1,-1,-1,0,-1
2025010571263,2025,010571263,1,9,0,18,19,3,7,0,0,0,0,0,0,0,0,1,5,6,1,53,8,-1,-1,-1,-1,5,E01004127,0,1
2025010571264,2025,010571264,1,9,0,7,7,8,2,9,9,2,0,10,0,0,1,1,5,6,2,74,10,-1,-1,-1,-1,3,E01003374,0,1
2025010571270,2025,010571270,2,9,0,99,99,9,9,99,99,9,9,99,9,99,1,9,1,1,1,59,9,-1,-1,-1,-1,7,E01002166,0,2
2025010571270,2025,010571270,1,4,0,99,99,9,9,99,99,9,9,99,9,99,2,1,5,6,1,41,7,-1,-1,-1,-1,6,E01000193,0,2
2025010571275,2025,010571275,1,1,9,99,99,9,9,99,99,9,9,99,9,99,1,1,6,6,3,-1,-1,-1,-1,-1,-1,-1,-1,0,-1
2025010571276,2025,010571276,1,2,0,99,99,9,9,99,99,9,9,99,9,99,9,1,1,1,1,54,8,-1,-1,-1,-1,6,E01000581,0,1
2025010571276,2025,010571276,2,9,0,99,99,9,9,99,99,9,9,99,9,99,9,9,6,6,1,35,6,-1,-1,-1,-1,1,E01002853,0,1
2025010571283,2025,010571283,1,9,0,1,1,5,1,0,0,0,0,0,0,0,2,1,6,6,1,28,6,-1,-1,-1,-1,3,E01034219,0,2
2025010571285,2025,010571285,1,9,0,4,4,1,5,0,0,1,0,0,0,0,2,1,1,1,1,49,8,-1,-1,-1,-1,4,E01030750,0,1
2025010571285,2025,010571285,2,1,0,13,13,1,5,0,0,1,1,0,0,0,1,1,4,7,1,15,3,-1,-1,-1,-1,6,E01002601,0,1
2025010571288,2025,010571288,2,9,0,-1,-1,1,5,0,0,1,0,0,3,0,2,1,6,6,1,19,4,-1,-1,-1,-1,2,E01002969,0,1
2025010571288,2025,010571288,1,9,0,-1,-1,1,5,0,0,1,0,0,3,0,1,1,1,1,1,40,7,-1,-1,-1,-1,9,E01003356,0,1
2025010571295,2025,010571295,2,3,0,99,99,9,9,99,99,9,9,99,9,99,1,1,6,6,3,-1,-1,-1,-1,-1,-1,-1,-1,0,-1
2025010571295,2025,010571295,1,3,0,99,99,9,9,99,99,9,9,99,9,99,1,1,5,6,1,30,6,-1,-1,-1,-1,3,E01003539,0,1
2025010571296,2025,010571296,1,3,0,99,99,9,9,99,99,9,9,99,9,99,9,1,1,1,1,40,7,-1,-1,-1,-1,6,E01034590,0,2
2025010571296,2025,010571296,2,9,0,99,99,9,9,99,99,9,9,99,9,99,2,9,6,6,3,-1,-1,-1,-1,-1,-1,-1,-1,0,-1
2025010571298,2025,010571298,1,9,0,2,2,0,0,9,9,8,0,0,0,0,3,1,6,6,3,-1,-1,-1,-1,-1,-1,-1,-1,0,-1
2025010571298,2025,010571298,2,1,0,15,15,5,1,0,0,8,2,0,0,0,1,1,5,6,1,18,4,-1,-1,-1,-1,2,E01024294,0,4
2025010571299,2025,010571299,1,19,0,2,2,0,0,0,0,0,0,0,0,0,1,1,6,6,3,-1,-1,-1,-1,-1,-1,-1,-1,0,-1
2025010571299,2025,010571299,2,1,0,18,19,5,1,0,0,0,0,0,0,0,1,1,1,1,1,52,8,-1,-1,-1,-1,9,E01004638,0,1
2025010571300,2025,010571300,1,11,0,5,5,7,3,0,0,2,1,0,0,0,0,1,1,1,1,61,9,-1,-1,-1,-1,3,E01000094,0,2
2025010571302,2025,010571302,1,1,9,99,99,9,9,99,99,9,9,99,9,99,1,1,6,6,3,-1,-1,-1,-1,-1,-1,-1,-1,0,-1
2025010571303,2025,010571303,1,5,0,18,19,9,9,99,99,0,9,99,9,99,1,1,5,6,1,33,6,-1,-1,-1,-1,9,E01000969,0,2
2025010571303,2025,010571303,2,1,9,6,6,9,9,99,99,0,9,99,9,99,2,1,6,6,3,-1,-1,-1,-1,-1,-1,-1,-1,0,-1
2025010571304,2025,010571304,2,3,0,13,13,7,3,0,0,1,0,0,0,0,4,1,2,2,1,45,7,-1,-1,-1,-1,7,E01000585,0,1
2025010571304,2025,010571304,1,9,0,9,9,7,5,0,0,1,0,0,0,0,3,1,6,6,2,35,6,-1,-1,-1,-1,5,E01002866,0,1
2025010571307,2025,010571307,3,1,9,99,99,9,9,99,99,9,9,99,9,99,1,1,6,6,3,-1,-1,-1,-1,-1,-1,-1,-1,0,-1
2025010571307,2025,010571307,1,9,0,99,99,9,9,99,99,9,9,99,9,99,9,9,5,6,2,77,11,-1,-1,-1,-1,6,E01000487,0,1
2025010571307,2025,010571307,2,1,9,99,99,9,9,99,99,9,9,99,9,99,9,1,6,6,3,-1,-1,-1,-1,-1,-1,-1,-1,0,-1
2025010571308,2025,010571308,2,2,0,18,19,1,5,0,0,1,1,0,7,0,1,1,6,6,1,19,4,-1,-1,-1,-1,3,E01003560,0,1
2025010571308,2025,010571308,1,9,0,5,5,3,7,0,0,1,1,0,7,0,3,1,6,6,1,46,8,-1,-1,-1,-1,2,E01033587,0,1
2025010571309,2025,010571309,2,19,0,3,3,3,7,0,0,4,0,0,0,0,4,1,6,6,3,-1,-1,-1,-1,-1,-1,-1,-1,0,-1
2025010571309,2025,010571309,1,9,0,3,3,3,7,0,0,4,0,0,0,0,3,1,5,6,1,68,10,-1,-1,-1,-1,3,E01002585,0,1
2025010571314,2025,010571314,1,9,0,18,19,7,3,0,0,0,0,10,0,0,1,1,5,6,2,89,11,-1,-1,-1,-1,-1,-1,0,-1
2025010571314,2025,010571314,2,9,0,18,19,7,3,0,0,0,0,0,0,0,1,1,5,6,1,77,11,-1,-1,-1,-1,-1,-1,0,-1
2025010571318,2025,010571318,1,19,0,18,19,7,3,0,0,0,0,0,0,0,4,1,1,1,1,23,5,-1,-1,-1,-1,2,E01000890,0,2
2025010571320,2025,010571320,2,9,0,99,99,9,9,99,99,9,9,99,9,99,1,9,6,6,3,-1,-1,-1,-1,-1,-1,-1,-1,0,-1
2025010571320,2025,010571320,1,1,9,99,99,9,9,99,99,9,9,99,9,99,9,1,2,2,2,27,6,-1,-1,-1,-1,2,E01033587,0,1
2025010571321,2025,010571321,1,8,0,18,19,5,1,0,0,6,0,0,0,0,1,1,1,1,1,37,7,-1,-1,-1,-1,8,E01001927,0,2
2025010571323,2025,010571323,1,3,0,15,15,3,7,0,0,1,0,0,0,0,1,1,6,6,1,19,4,-1,-1,-1,-1,5,E01003262,0,1
2025010571323,2025,010571323,2,9,0,7,7,3,5,0,0,5,0,0,0,0,3,1,6,6,1,58,9,-1,-1,-1,-1,2,E01003190,0,1
2025010571326,2025,010571326,3,19,0,8,8,5,7,0,0,2,0,0,0,0,0,1,6,6,1,25,5,-1,-1,-1,-1,4,E01002624,0,3
2025010571326,2025,010571326,1,3,0,18,19,3,7,0,0,1,0,0,0,0,1,1,2,2,1,43,7,-1,-1,-1,-1,3,E01002413,0,1
2025010571326,2025,010571326,2,9,0,18,19,7,3,0,0,2,0,0,0,0,0,1,2,2,1,67,10,-1,-1,-1,-1,8,E01016576,0,3
2025010571331,2025,010571331,1,9,0,18,19,5,1,0,0,8,0,0,1,0,3,1,5,6,1,58,9,-1,-1,-1,-1,4,E01002594,0,1
2025010571331,2025,010571331,2,9,0,9,9,1,6,0,0,6,0,0,0,0,1,1,5,6,2,60,9,-1,-1,-1,-1,3,E01035242,0,4
2025010571332,2025,010571332,2,8,0,99,99,9,9,99,99,5,9,99,9,99,9,9,6,6,3,-1,-1,-1,-1,-1,-1,2,E01021288,0,4
2025010571332,2025,010571332,1,1,9,99,99,9,9,4,4,1,9,99,9,99,9,1,5,6,1,50,8,-1,-1,-1,-1,6,E01003314,0,3
2025010571334,2025,010571334,1,9,0,99,99,9,9,0,0,0,0,0,9,0,3,9,6,6,3,-1,-1,-1,-1,-1,-1,-1,-1,0,-1
2025010571334,2025,010571334,2,1,0,18,19,1,5,0,0,0,5,0,0,0,1,1,2,2,1,54,8,-1,-1,-1,-1,2,E01003991,0,1
2025010571342,2025,010571342,1,11,0,99,99,9,9,99,99,9,9,99,9,99,9,9,6,6,3,-1,-1,-1,-1,-1,-1,-1,-1,0,-1
2025010571347,2025,010571347,2,4,3,18,19,3,7,0,0,1,0,0,0,0,1,1,2,2,1,49,8,-1,-1,-1,-1,2,E01003065,0,2
2025010571347,2025,010571347,1,19,0,9,9,5,3,0,0,6,0,0,0,0,1,1,2,2,1,29,6,-1,-1,-1,-1,4,E01000035,0,3
2025010571353,2025,010571353,1,19,9,99,99,9,9,99,99,9,9,99,9,99,9,9,6,6,1,23,5,-1,-1,-1,-1,6,E01004450,0,3
2025010571355,2025,010571355,2,1,0,-1,-1,3,7,0,0,8,0,0,0,0,1,1,1,1,2,28,6,-1,-1,-1,-1,6,E01035491,0,1
2025010571355,2025,010571355,3,3,0,9,9,5,3,0,0,8,0,0,0,0,0,1,1,1,1,22,5,-1,-1,-1,-1,9,E01003834,0,3
2025010571355,2025,010571355,1,9,0,3,3,3,7,0,0,8,0,0,0,0,2,1,5,6,1,64,9,-1,-1,-1,-1,5,E01004591,0,1
2025010571356,2025,010571356,1,11,0,99,99,9,9,0,0,9,0,99,0,0,9,1,6,6,3,-1,-1,-1,-1,-1,-1,-1,-1,0,-1
2025010571358,2025,010571358,1,9,0,5,5,3,7,0,0,8,0,0,0,0,1,1,6,6,1,57,9,-1,-1,-1,-1,3,E01015503,0,5
2025010571358,2025,010571358,2,1,0,5,5,3,7,0,0,8,0,0,0,0,1,1,6,6,2,19,4,-1,-1,-1,-1,-1,-1,0,-1
2025010571368,2025,010571368,2,9,0,9,9,5,3,0,0,6,0,0,0,0,1,1,6,6,1,69,10,-1,-1,-1,-1,3,E01000315,0,1
2025010571368,2025,010571368,1,9,0,-1,-1,7,3,0,0,1,1,0,0,0,4,1,6,6,2,36,7,-1,-1,-1,-1,9,E01000178,0,1
2025010571377,2025,010571377,1,9,9,99,99,9,9,99,99,0,9,99,9,99,9,9,6,6,3,-1,-1,-1,-1,-1,-1,-1,-1,0,-1
2025010571386,2025,010571386,1,1,9,99,99,9,9,99,99,9,9,99,9,99,0,1,2,2,1,34,6,-1,-1,-1,-1,4,E01001047,0,1
2025010571386,2025,010571386,2,9,0,99,99,9,9,0,0,9,0,0,0,0,1,9,6,6,1,-1,-1,-1,-1,-1,-1,2,E01003070,0,1
2025010571388,2025,010571388,1,1,9,99,99,9,9,99,99,0,9,99,9,99,1,1,3,7,2,36,7,-1,-1,-1,-1,6,E01004021,0,1
2025010571388,2025,010571388,2,9,0,99,99,9,9,99,99,0,9,99,9,99,2,9,6,6,2,29,6,-1,-1,-1,-1,2,E01003984,0,1
2025010571390,2025,010571390,2,9,0,3,3,3,7,0,0,8,0,0,0,0,1,1,5,6,1,26,6,-1,-1,-1,-1,-1,-1,0,-1
2025010571390,2025,010571390,1,9,0,6,6,7,7,0,0,3,0,2,0,0,4,1,5,6,1,21,5,-1,-1,-1,-1,-1,-1,0,-1
2025010571390,2025,010571390,3,4,0,13,13,7,3,0,0,3,0,0,0,0,1,1,5,6,1,22,5,-1,-1,-1,-1,5,E01001648,0,2
2025010571392,2025,010571392,1,3,0,14,14,1,5,9,9,1,0,0,0,0,4,1,5,6,1,24,5,-1,-1,-1,-1,2,E01003330,0,1
2025010571392,2025,010571392,2,9,0,9,9,7,4,0,0,6,0,0,0,0,1,1,6,6,2,30,6,-1,-1,-1,-1,5,E01000801,0,1
2025010571394,2025,010571394,1,9,0,99,99,9,9,99,99,9,9,99,9,99,1,1,6,6,3,-1,-1,-1,-1,-1,-1,-1,-1,0,-1
2025010571401,2025,010571401,1,9,0,9,9,1,7,0,0,2,0,0,0,0,1,1,2,2,2,53,8,-1,-1,-1,-1,8,E01003659,0,1
2025010571401,2025,010571401,2,3,0,18,19,5,1,0,0,1,0,0,0,0,1,1,1,1,1,23,5,-1,-1,-1,-1,4,E01004432,0,1
2025010571404,2025,010571404,1,9,0,10,10,1,6,0,0,0,0,0,0,0,2,1,5,6,1,20,4,-1,-1,-1,-1,7,E01003434,0,1
2025010571404,2025,010571404,2,19,0,18,19,1,5,0,0,0,0,0,0,0,1,1,6,6,3,-1,-1,-1,-1,-1,-1,-1,-1,0,-1
2025010571405,2025,010571405,1,9,0,14,14,5,1,0,0,1,0,0,0,0,1,1,5,6,2,58,9,-1,-1,-1,-1,4,E01017905,0,4
2025010571405,2025,010571405,2,3,0,7,7,3,5,0,0,8,0,0,0,0,1,1,6,6,3,-1,-1,-1,-1,-1,-1,-1,-1,0,-1
2025010571406,2025,010571406,1,9,0,18,19,3,7,0,0,0,0,0,0,0,1,1,5,6,1,63,9,-1,-1,-1,-1,3,E01032786,0,1
2025010571407,2025,010571407,1,9,0,3,3,8,4,0,0,1,0,0,0,0,2,1,5,6,1,52,8,-1,-1,-1,-1,5,E01002718,0,1
2025010571407,2025,010571407,2,1,0,18,19,8,4,0,0,1,0,0,0,0,1,1,6,6,1,27,6,-1,-1,-1,-1,3,E01002721,0,1
2025010571408,2025,010571408,2,3,0,-1,-1,1,5,0,0,2,0,0,0,0,1,1,5,6,2,20,4,-1,-1,-1,-1,3,E01004669,0,1
2025010571408,2025,010571408,1,9,0,9,9,1,6,0,0,2,0,0,0,0,3,1,5,6,1,20,4,-1,-1,-1,-1,5,E01002815,0,1
2025010571410,2025,010571410,1,19,0,1,1,7,3,0,0,0,0,0,0,0,2,1,1,1,1,42,7,-1,-1,-1,-1,2,E01034173,0,3
2025010571411,2025,010571411,1,11,0,18,19,7,3,0,0,0,0,0,0,0,0,1,1,1,1,54,8,-1,-1,-1,-1,6,E01003359,0,4
2025010571412,2025,010571412,1,5,0,8,8,7,2,0,0,4,5,0,0,0,2,1,5,6,1,24,5,-1,-1,-1,-1,3,E01001858,0,2
2025010571412,2025,010571412,2,9,0,99,99,9,9,0,0,4,9,0,0,0,1,9,6,6,3,-1,-1,-1,-1,-1,-1,-1,-1,0,-1
2025010571418,2025,010571418,2,9,0,99,99,9,9,99,99,9,9,99,9,99,1,9,6,6,3,-1,-1,-1,-1,-1,-1,-1,-1,0,-1
2025010571418,2025,010571418,1,3,0,99,99,9,9,99,99,9,9,99,9,99,2,1,1,1,1,20,4,-1,-1,-1,-1,2,E01001328,0,2
2025010571423,2025,010571423,1,9,0,18,19,3,7,0,0,1,0,0,0,0,1,1,5,6,1,28,6,-1,-1,-1,-1,8,E01002348,0,1
2025010571424,2025,010571424,1,9,0,18,19,5,1,0,0,8,0,0,0,0,1,1,6,6,1,30,6,-1,-1,-1,-1,4,E01003733,0,1
2025010571425,2025,010571425,1,1,9,18,19,9,9,99,99,9,9,99,9,99,1,1,5,6,1,30,6,-1,-1,-1,-1,4,E01001836,0,1
2025010571425,2025,010571425,2,19,0,2,2,9,9,99,99,9,9,99,9,99,2,9,6,6,3,-1,-1,-1,-1,-1,-1,-1,-1,0,-1
2025010571426,2025,010571426,1,3,0,15,15,3,7,0,0,8,0,4,0,0,4,1,2,2,1,24,5,-1,-1,-1,-1,2,E01033937,0,2
2025010571426,2025,010571426,2,19,0,2,2,0,0,0,0,8,0,0,0,0,2,1,6,6,3,-1,-1,-1,-1,-1,-1,-1,-1,0,-1
2025010571426,2025,010571426,3,9,0,3,3,3,7,0,0,8,0,0,0,0,2,1,1,1,1,37,7,-1,-1,-1,-1,7,E01032767,0,2
2025010571431,2025,010571431,1,11,0,18,19,3,7,0,0,6,0,0,0,0,1,1,1,1,1,57,9,-1,-1,-1,-1,4,E01004643,0,2
2025010571436,2025,010571436,2,1,0,18,19,6,2,0,0,2,0,0,0,0,1,1,2,2,1,57,9,-1,-1,-1,-1,6,E01000145,0,2
2025010571436,2025,010571436,1,9,0,6,6,2,2,0,0,1,0,0,0,0,1,1,5,6,1,34,6,-1,-1,-1,-1,4,E01002645,0,3
2025010571440,2025,010571440,1,9,0,18,19,7,3,0,0,1,5,4,0,0,1,1,6,6,1,34,6,-1,-1,-1,-1,10,E01003874,0,1
2025010571440,2025,010571440,3,9,0,2,2,0,0,0,0,1,0,4,0,0,1,1,6,6,3,-1,-1,-1,-1,-1,-1,-1,-1,0,-1
2025010571440,2025,010571440,2,9,0,2,2,0,0,0,0,1,0,0,1,0,1,1,6,6,3,-1,-1,-1,-1,-1,-1,-1,-1,0,-1
2025010571442,2025,010571442,1,9,0,9,9,1,7,0,0,8,0,0,0,0,1,1,1,1,1,19,4,-1,-1,-1,-1,6,E01002618,0,1
2025010571442,2025,010571442,2,9,0,18,19,1,5,5,5,8,0,0,1,1,1,1,5,6,1,51,8,-1,-1,-1,-1,4,E01030750,0,2
2025010571444,2025,010571444,2,9,0,9,9,1,6,0,0,1,0,0,0,0,3,1,6,6,1,59,9,-1,-1,-1,-1,1,E01010140,0,5
2025010571444,2025,010571444,1,5,0,13,13,8,4,0,0,1,5,0,0,0,4,1,2,2,1,53,8,-1,-1,-1,-1,8,E01000665,0,4
2025010571445,2025,010571445,2,9,0,18,19,5,1,0,0,8,0,0,0,0,1,1,6,6,3,-1,-1,-1,-1,-1,-1,-1,-1,0,-1
2025010571445,2025,010571445,1,1,0,18,19,5,1,0,0,1,0,0,0,0,2,1,5,6,1,28,6,-1,-1,-1,-1,5,E01002492,0,1
2025010571451,2025,010571451,1,9,0,4,4,1,5,0,0,1,0,0,0,0,0,1,1,1,1,35,6,-1,-1,-1,-1,-1,-1,0,-1
2025010571451,2025,010571451,2,9,0,5,5,1,5,0,0,1,0,0,0,0,0,1,1,1,2,31,6,-1,-1,-1,-1,-1,-1,0,-1
2025010571451,2025,010571451,3,9,0,9,9,1,6,9,9,1,0,0,0,0,1,1,6,6,1,31,6,-1,-1,-1,-1,8,E01003225,0,1
2025010571459,2025,010571459,2,9,0,99,99,9,9,99,99,9,9,99,9,99,1,9,6,6,3,-1,-1,-1,-1,-1,-1,6,E01004059,0,1
2025010571459,2025,010571459,1,1,9,99,99,9,9,99,99,9,9,99,9,99,9,1,5,6,1,28,6,-1,-1,-1,-1,3,E01034192,0,1
2025010571471,2025,010571471,1,11,0,4,4,5,1,2,2,1,0,0,0,0,0,1,5,6,1,59,9,-1,-1,-1,-1,2,E01003059,0,3
2025010571472,2025,010571472,1,1,9,99,99,9,9,99,99,9,9,99,9,99,1,1,6,6,3,29,6,-1,-1,-1,-1,-1,-1,0,-1
2025010571477,2025,010571477,1,8,0,18,19,8,4,0,0,0,0,0,0,0,4,1,1,1,1,53,8,-1,-1,-1,-1,2,E01002720,0,2
2025010571477,2025,010571477,2,8,0,15,15,8,4,0,0,0,0,0,0,0,1,1,6,6,3,-1,-1,-1,-1,-1,-1,-1,-1,0,-1
2025010571478,2025,010571478,1,23,9,99,99,9,9,99,99,0,9,99,9,99,9,1,6,6,3,-1,-1,-1,-1,-1,-1,-1,-1,0,-1
2025010571480,2025,010571480,2,9,0,9,9,7,4,0,0,8,0,0,0,0,0,1,6,6,1,54,8,-1,-1,-1,-1,4,E01001165,0,1
2025010571480,2025,010571480,1,9,0,18,19,5,1,0,0,1,0,0,0,0,0,1,2,2,1,47,8,-1,-1,-1,-1,9,E01001067,0,2
2025010571482,2025,010571482,2,1,0,18,19,3,7,4,4,1,0,0,0,0,1,1,5,6,2,28,6,-1,-1,-1,-1,2,E01002831,0,1
2025010571482,2025,010571482,1,9,0,9,9,7,6,0,0,1,0,0,0,0,4,1,1,1,2,43,7,-1,-1,-1,-1,4,E01001898,0,1
2025010571484,2025,010571484,2,2,0,9,9,5,2,0,0,6,0,0,0,0,1,1,2,2,1,30,6,-1,-1,-1,-1,2,E01001549,0,1
2025010571484,2025,010571484,1,21,0,4,4,3,7,0,0,1,0,0,0,0,1,1,2,2,1,51,8,-1,-1,-1,-1,-1,-1,0,-1