collision_index,collision_year,collision_ref_no,vehicle_reference,vehicle_type,towing_and_articulation,vehicle_manoeuvre_historic,vehicle_manoeuvre,vehicle_direction_from,vehicle_direction_to,vehicle_location_restricted_lane_historic,vehicle_location_restricted_lane,junction_location,skidding_and_overturning,hit_object_in_carriageway,vehicle_leaving_carriageway,hit_object_off_carriageway,first_point_of_impact,vehicle_left_hand_drive,journey_purpose_of_driver_historic,journey_purpose_of_driver,sex_of_driver,age_of_driver,age_band_of_driver,engine_capacity_cc,propulsion_code,age_of_vehicle,generic_make_model,driver_imd_decile,lsoa_of_driver,escooter_flag,driver_distance_banding
2025010571488,2025,010571488,1,3,0,18,19,5,1,0,0,0,0,0,0,0,4,1,6,6,2,28,6,-1,-1,-1,-1,3,E01034392,0,1
2025010571488,2025,010571488,2,1,0,18,19,5,1,0,0,0,0,0,0,0,3,1,6,6,1,19,4,-1,-1,-1,-1,-1,-1,0,-1
2025010571491,2025,010571491,1,9,0,18,19,5,1,0,0,0,0,0,0,0,1,1,6,6,2,35,6,-1,-1,-1,-1,9,E01000648,0,1
2025010571495,2025,010571495,2,11,0,3,3,5,1,2,2,1,0,0,0,0,2,1,1,1,1,39,7,-1,-1,-1,-1,4,E01021309,0,4
2025010571495,2025,010571495,1,9,0,18,19,5,1,0,0,1,0,4,0,0,4,1,1,1,1,41,7,-1,-1,-1,-1,-1,-1,0,-1
2025010571496,2025,010571496,1,1,0,18,19,3,7,0,0,1,0,0,0,0,2,1,1,1,1,30,6,-1,-1,-1,-1,7,E01001204,0,1
2025010571499,2025,010571499,1,9,0,-1,-1,7,3,0,0,1,0,0,0,0,1,1,5,6,2,60,9,-1,-1,-1,-1,-1,-1,0,-1
2025010571502,2025,010571502,1,9,0,8,8,5,8,0,0,1,0,0,0,0,2,1,5,6,2,44,7,-1,-1,-1,-1,4,E01002014,0,1
2025010571502,2025,010571502,2,1,0,18,19,5,1,0,0,1,0,0,0,0,1,1,5,6,1,24,5,-1,-1,-1,-1,7,E01004307,0,2
2025010571503,2025,010571503,1,19,0,18,19,7,3,0,0,0,0,0,0,0,3,2,1,1,1,22,5,-1,-1,-1,-1,6,E01002331,0,2
2025010571506,2025,010571506,1,9,0,9,9,8,6,0,0,2,0,0,0,0,1,1,5,6,1,34,6,-1,-1,-1,-1,3,E01002056,0,2
2025010571506,2025,010571506,2,3,0,18,19,4,8,0,0,1,5,0,0,0,1,1,6,6,1,28,6,-1,-1,-1,-1,7,E01004493,0,2
2025010571519,2025,010571519,2,3,0,99,99,9,9,5,5,9,9,99,9,99,9,1,6,6,3,-1,-1,-1,-1,-1,-1,-1,-1,0,-1
2025010571519,2025,010571519,1,1,9,99,99,9,9,5,5,9,9,99,0,99,9,1,2,2,1,52,8,-1,-1,-1,-1,4,E01003249,0,1
2025010571524,2025,010571524,1,19,0,1,1,4,8,0,0,0,0,0,0,0,2,1,2,2,1,66,10,-1,-1,-1,-1,4,E01000571,0,1
2025010571528,2025,010571528,2,19,0,4,4,1,5,0,0,2,0,0,0,0,3,1,6,6,1,46,8,-1,-1,-1,-1,3,E01012358,0,5
2025010571528,2025,010571528,1,3,0,14,14,1,5,0,0,2,0,8,0,0,1,1,5,6,1,26,6,-1,-1,-1,-1,3,E01001186,0,1
2025010571529,2025,010571529,2,1,0,9,9,1,7,0,0,8,0,0,0,0,1,1,6,6,1,54,8,-1,-1,-1,-1,4,E01003220,0,1
2025010571529,2025,010571529,1,9,0,10,10,1,7,0,0,8,0,0,0,0,3,1,6,6,1,54,8,-1,-1,-1,-1,1,E01003347,0,1
2025010571531,2025,010571531,2,9,0,99,99,9,9,99,99,9,9,99,9,99,1,9,6,6,3,53,8,-1,-1,-1,-1,9,E01002926,0,1
2025010571531,2025,010571531,1,9,0,99,99,9,9,99,99,9,9,99,9,99,2,9,2,2,2,34,6,-1,-1,-1,-1,6,E01002921,0,1
2025010571543,2025,010571543,2,9,0,15,15,5,1,0,0,8,0,4,0,0,3,1,6,6,3,-1,-1,-1,-1,-1,-1,-1,-1,0,-1
2025010571543,2025,010571543,1,9,0,3,3,7,3,0,0,1,0,0,0,0,3,1,6,6,2,59,9,-1,-1,-1,-1,2,E01001152,0,1
2025010571544,2025,010571544,2,90,4,99,99,9,9,99,99,9,9,99,9,99,9,9,6,6,3,-1,-1,-1,-1,-1,-1,-1,-1,0,-1
2025010571544,2025,010571544,1,3,0,99,99,9,9,99,99,9,9,99,9,99,1,1,1,1,1,33,6,-1,-1,-1,-1,4,E01002663,0,1
2025010571546,2025,010571546,1,1,9,99,99,9,9,99,99,9,9,99,9,99,9,1,5,6,1,24,5,-1,-1,-1,-1,3,E01004231,0,1
2025010571546,2025,010571546,2,9,9,99,99,9,9,99,99,9,9,99,9,99,1,9,6,6,3,-1,-1,-1,-1,-1,-1,-1,-1,0,-1
2025010571550,2025,010571550,2,9,0,18,19,3,7,0,0,8,0,0,0,0,2,1,1,1,1,66,10,-1,-1,-1,-1,8,E01001307,0,3
2025010571550,2025,010571550,3,9,0,18,19,3,7,0,0,8,0,0,0,0,1,1,1,1,1,34,6,-1,-1,-1,-1,2,E01004537,0,1
2025010571550,2025,010571550,4,9,0,18,19,3,7,0,0,8,0,0,0,0,0,1,6,6,3,-1,-1,-1,-1,-1,-1,-1,-1,0,-1
2025010571550,2025,010571550,1,9,0,18,19,7,3,0,0,8,0,0,0,0,2,1,5,6,1,35,6,-1,-1,-1,-1,1,E01008593,0,5
2025010571551,2025,010571551,2,9,0,2,2,0,0,0,0,0,0,0,1,11,2,1,6,6,3,-1,-1,-1,-1,-1,-1,-1,-1,0,-1
2025010571551,2025,010571551,1,9,0,18,19,5,1,0,0,0,0,0,1,0,1,1,5,6,2,69,10,-1,-1,-1,-1,3,E01000735,0,1
2025010571554,2025,010571554,1,11,0,7,7,1,2,0,0,6,0,10,0,0,4,1,5,6,1,21,5,-1,-1,-1,-1,1,E01002038,0,1
2025010571556,2025,010571556,1,9,0,-1,-1,3,7,9,9,5,0,10,1,1,1,1,6,6,1,50,8,-1,-1,-1,-1,4,E01002589,0,1
2025010571558,2025,010571558,1,9,0,18,19,1,5,0,0,2,0,0,0,0,1,1,2,2,2,54,8,-1,-1,-1,-1,3,E01021328,0,4
2025010571559,2025,010571559,1,1,0,7,7,5,7,0,0,3,1,0,0,0,0,1,6,6,1,59,9,-1,-1,-1,-1,2,E01003059,0,1
2025010571560,2025,010571560,1,1,9,99,99,9,9,99,99,9,9,99,9,99,1,1,2,2,1,34,6,-1,-1,-1,-1,2,E01004272,0,1
2025010571560,2025,010571560,2,9,0,99,99,9,9,99,99,9,9,99,9,99,1,9,6,6,3,-1,-1,-1,-1,-1,-1,-1,-1,0,-1
2025010571562,2025,010571562,4,9,0,18,19,7,3,0,0,0,0,0,0,0,1,1,5,6,2,48,8,-1,-1,-1,-1,7,E01021369,0,4
2025010571562,2025,010571562,2,9,0,12,12,7,3,0,0,0,1,0,0,0,1,1,6,6,1,24,5,-1,-1,-1,-1,8,E01017776,0,4
2025010571562,2025,010571562,1,4,0,18,19,7,3,0,0,0,0,0,0,0,4,1,5,6,1,73,10,-1,-1,-1,-1,3,E01016072,0,4
2025010571562,2025,010571562,3,9,0,18,19,3,7,0,0,0,0,0,0,0,0,1,5,6,1,43,7,-1,-1,-1,-1,6,E01025683,0,5
2025010571563,2025,010571563,2,9,0,99,99,9,9,99,99,9,9,99,9,99,9,9,6,6,3,34,6,-1,-1,-1,-1,2,E01000626,0,2
2025010571563,2025,010571563,1,8,0,99,99,9,9,99,99,9,9,99,9,99,1,9,1,1,1,41,7,-1,-1,-1,-1,9,E01002468,0,3
2025010571567,2025,010571567,2,1,0,7,7,2,4,0,0,8,0,0,0,0,1,1,5,6,1,36,7,-1,-1,-1,-1,4,E01000625,0,2
2025010571567,2025,010571567,1,9,0,18,19,5,1,0,0,8,0,0,0,0,3,1,5,6,1,29,6,-1,-1,-1,-1,6,E01000927,0,1
2025010571569,2025,010571569,3,9,0,18,19,3,7,0,0,1,0,0,0,0,1,1,6,6,1,19,4,-1,-1,-1,-1,-1,-1,0,-1
2025010571569,2025,010571569,1,9,0,7,7,1,3,0,0,1,0,0,0,0,4,1,6,6,1,29,6,-1,-1,-1,-1,2,E01000034,0,2
2025010571569,2025,010571569,2,9,0,7,7,1,4,0,0,1,0,0,0,0,0,1,6,6,1,32,6,-1,-1,-1,-1,4,E01000068,0,1
2025010571570,2025,010571570,1,11,0,-1,-1,2,6,0,0,1,0,0,0,0,2,1,5,6,1,62,9,-1,-1,-1,-1,5,E01001570,0,2
2025010571570,2025,010571570,2,1,0,-1,-1,2,6,0,0,1,0,0,0,0,3,1,6,6,1,15,3,-1,-1,-1,-1,2,E01001729,0,1
2025010571571,2025,010571571,1,11,0,18,19,1,5,0,0,0,0,0,0,0,0,1,1,1,1,51,8,-1,-1,-1,-1,9,E01003812,0,1
2025010571575,2025,010571575,1,1,9,99,99,9,9,4,4,0,9,99,9,99,9,1,5,6,1,15,3,-1,-1,-1,-1,5,E01003284,0,3
2025010571575,2025,010571575,2,11,0,99,99,9,9,99,99,0,9,99,9,99,1,9,6,6,1,22,5,-1,-1,-1,-1,3,E01000137,0,2
2025010571577,2025,010571577,2,1,0,18,19,1,5,0,0,6,0,0,0,0,2,1,5,6,1,17,4,-1,-1,-1,-1,3,E01000130,0,1
2025010571577,2025,010571577,1,9,0,18,19,1,5,0,0,1,0,0,0,0,1,1,2,2,1,53,8,-1,-1,-1,-1,6,E01002170,0,1
2025010571579,2025,010571579,2,1,0,18,19,5,1,0,0,1,5,0,0,0,1,1,5,6,1,24,5,-1,-1,-1,-1,3,E01004062,0,1
2025010571579,2025,010571579,1,9,0,18,19,1,5,0,0,1,0,0,0,0,1,1,5,6,2,32,6,-1,-1,-1,-1,2,E01033587,0,3
2025010571582,2025,010571582,1,1,0,9,9,7,5,0,0,8,0,0,0,0,0,1,5,6,1,38,7,-1,-1,-1,-1,4,E01035655,0,1
2025010571585,2025,010571585,3,9,0,7,7,5,7,0,0,6,0,0,0,0,1,1,5,6,2,41,7,-1,-1,-1,-1,5,E01033743,0,3
2025010571585,2025,010571585,2,5,0,13,13,3,7,0,0,1,0,0,0,0,1,1,5,6,1,24,5,-1,-1,-1,-1,6,E01003705,0,1
2025010571585,2025,010571585,1,9,0,18,19,3,7,0,0,1,0,0,0,0,1,1,5,6,1,63,9,-1,-1,-1,-1,5,E01003690,0,1
2025010571591,2025,010571591,2,9,0,17,19,6,2,0,0,1,0,0,0,0,1,1,5,6,1,24,5,-1,-1,-1,-1,5,E01024421,0,4
2025010571591,2025,010571591,1,9,0,14,14,2,6,0,0,1,0,0,0,0,1,1,5,6,1,49,8,-1,-1,-1,-1,6,E01001869,0,1
2025010571592,2025,010571592,2,3,0,9,9,3,8,0,0,1,0,0,0,0,1,1,1,1,1,35,6,-1,-1,-1,-1,3,E01001203,0,1
2025010571592,2025,010571592,1,9,0,-1,-1,3,7,0,0,1,5,0,0,0,3,1,5,6,1,70,10,-1,-1,-1,-1,5,E01001240,0,1
2025010571595,2025,010571595,1,9,0,7,7,5,7,0,0,8,0,0,0,0,1,1,6,6,3,-1,-1,-1,-1,-1,-1,-1,-1,0,-1
2025010571600,2025,010571600,2,9,0,18,19,1,5,0,0,1,0,0,1,0,1,1,6,6,3,24,5,-1,-1,-1,-1,-1,-1,0,-1
2025010571600,2025,010571600,1,5,0,8,8,5,7,0,0,1,0,0,0,0,2,1,5,6,1,49,8,-1,-1,-1,-1,2,E01022819,0,4
2025010571604,2025,010571604,2,1,0,18,19,3,7,0,0,2,0,0,0,0,1,1,6,6,1,24,5,-1,-1,-1,-1,2,E01001462,0,3
2025010571604,2025,010571604,1,8,0,4,4,1,5,0,0,1,0,0,0,0,1,2,1,1,1,-1,-1,-1,-1,-1,-1,4,E01033930,0,3
2025010571605,2025,010571605,1,9,0,5,5,1,5,0,0,5,0,0,1,0,1,1,5,6,1,32,6,-1,-1,-1,-1,5,E01022520,0,4
2025010571607,2025,010571607,2,9,0,18,19,7,3,0,0,0,0,0,0,0,1,1,6,6,2,77,11,-1,-1,-1,-1,5,E01002369,0,1
2025010571607,2025,010571607,1,9,0,17,19,3,7,0,0,0,0,10,0,0,1,1,6,6,1,35,6,-1,-1,-1,-1,5,E01002361,0,1
2025010571612,2025,010571612,1,11,0,18,19,1,5,0,0,0,0,0,0,0,1,1,6,6,3,-1,-1,-1,-1,-1,-1,-1,-1,0,-1
2025010571613,2025,010571613,1,1,0,99,99,9,9,0,0,8,0,0,0,0,1,1,6,6,1,25,5,-1,-1,-1,-1,-1,-1,0,-1
2025010571614,2025,010571614,2,9,0,13,13,3,7,0,0,0,0,0,0,0,3,1,6,6,3,-1,-1,-1,-1,-1,-1,-1,-1,0,-1
2025010571614,2025,010571614,1,9,0,18,19,3,7,0,0,0,0,0,0,0,3,1,1,1,1,52,8,-1,-1,-1,-1,2,E01024306,0,4
2025010571618,2025,010571618,1,9,0,5,5,4,8,0,0,1,0,0,0,0,2,1,5,6,1,38,7,-1,-1,-1,-1,2,E01001282,0,3
2025010571618,2025,010571618,2,9,0,18,19,4,8,0,0,1,0,0,0,0,1,1,5,6,1,41,7,-1,-1,-1,-1,8,E01023569,0,3
2025010571619,2025,010571619,1,1,0,18,19,3,7,0,0,7,2,0,0,0,3,1,6,6,1,23,5,-1,-1,-1,-1,3,E01035671,0,1
2025010571621,2025,010571621,2,9,0,2,2,0,0,0,0,2,0,0,0,0,1,1,6,6,3,-1,-1,-1,-1,-1,-1,-1,-1,0,-1
2025010571621,2025,010571621,1,9,0,18,19,5,1,0,0,1,0,0,2,10,4,1,6,6,1,32,6,-1,-1,-1,-1,3,E01033934,0,1
2025010571623,2025,010571623,1,9,0,3,3,1,5,0,0,0,0,0,0,0,1,1,6,6,1,66,10,-1,-1,-1,-1,6,E01001869,0,1
2025010571623,2025,010571623,2,16,0,18,19,1,5,0,0,0,0,0,0,0,1,1,1,1,1,34,6,-1,-1,-1,-1,6,E01035718,0,1
2025010571624,2025,010571624,2,1,0,12,12,6,2,0,0,8,5,0,0,0,3,1,6,6,1,27,6,-1,-1,-1,-1,6,E01004636,0,1
2025010571624,2025,010571624,1,3,0,13,13,6,2,0,0,8,5,0,0,0,4,1,6,6,1,37,7,-1,-1,-1,-1,10,E01003802,0,1
2025010571628,2025,010571628,2,90,0,99,99,9,9,99,99,9,9,99,9,99,1,9,6,6,3,-1,-1,-1,-1,-1,-1,2,E01000934,0,1
2025010571628,2025,010571628,1,9,0,99,99,9,9,99,99,9,9,99,9,99,9,9,5,6,2,41,7,-1,-1,-1,-1,1,E01008340,0,5
2025010571633,2025,010571633,1,1,9,99,99,9,9,99,99,1,9,99,9,99,9,1,5,6,2,34,6,-1,-1,-1,-1,4,E01004526,0,1
2025010571633,2025,010571633,2,9,0,99,99,9,9,99,99,5,9,99,9,99,1,9,6,6,1,69,10,-1,-1,-1,-1,10,E01004594,0,1
2025010571639,2025,010571639,1,9,0,99,99,9,9,99,99,9,9,99,9,99,9,9,5,6,1,25,5,-1,-1,-1,-1,1,E01035276,0,3
2025010571640,2025,010571640,1,3,0,99,99,9,9,99,99,1,9,99,9,99,1,1,1,1,1,33,6,-1,-1,-1,-1,3,E01003315,0,2
2025010571640,2025,010571640,2,9,0,99,99,9,9,99,99,6,9,99,9,99,9,9,6,6,3,-1,-1,-1,-1,-1,-1,-1,-1,0,-1
2025010571643,2025,010571643,1,9,0,-1,-1,1,5,0,0,8,0,0,0,0,1,1,6,6,3,-1,-1,-1,-1,-1,-1,-1,-1,0,-1
2025010571643,2025,010571643,2,1,0,-1,-1,5,1,0,0,1,1,0,0,0,4,1,5,6,1,16,4,-1,-1,-1,-1,1,E01001442,0,1
2025010571645,2025,010571645,1,1,9,99,99,9,9,99,99,9,9,99,9,99,1,1,5,6,1,33,6,-1,-1,-1,-1,8,E01004514,0,1
2025010571645,2025,010571645,2,9,0,99,99,9,9,99,99,9,9,99,9,99,2,9,6,6,3,-1,-1,-1,-1,-1,-1,3,E01002712,0,3
2025010571649,2025,010571649,1,19,0,18,19,7,3,0,0,4,0,0,0,0,1,1,5,6,1,62,9,-1,-1,-1,-1,6,E01003359,0,3
2025010571649,2025,010571649,2,9,0,3,3,7,3,0,0,3,0,0,0,0,2,1,5,6,1,39,7,-1,-1,-1,-1,4,E01000769,0,3
2025010571651,2025,010571651,1,11,0,5,5,5,1,0,0,2,0,11,0,0,1,1,1,1,1,28,6,-1,-1,-1,-1,4,E01001666,0,2
2025010571662,2025,010571662,1,1,9,99,99,9,9,99,99,9,9,99,9,99,9,1,5,6,1,46,8,-1,-1,-1,-1,8,E01004514,0,3
2025010571662,2025,010571662,2,9,0,99,99,9,9,99,99,9,9,99,9,99,9,9,6,6,3,38,7,-1,-1,-1,-1,7,E01030414,0,1
2025010571663,2025,010571663,1,1,0,18,19,1,5,0,0,1,0,0,0,0,4,1,5,6,1,39,7,-1,-1,-1,-1,4,E01000634,0,1
2025010571665,2025,010571665,1,9,0,99,99,9,9,99,99,0,9,99,9,99,2,9,5,6,1,46,8,-1,-1,-1,-1,3,E01035670,0,3
2025010571665,2025,010571665,2,9,9,99,99,9,9,99,99,0,9,99,9,99,9,9,6,6,3,-1,-1,-1,-1,-1,-1,-1,-1,0,-1
2025010571667,2025,010571667,1,9,0,99,99,9,9,99,99,0,9,99,9,99,9,9,5,6,1,32,6,-1,-1,-1,-1,7,E01001093,0,3
2025010571667,2025,010571667,2,9,0,99,99,9,9,99,99,0,9,99,9,99,1,9,6,6,3,-1,-1,-1,-1,-1,-1,-1,-1,0,-1
2025010571670,2025,010571670,2,9,0,-1,-1,6,2,0,0,1,0,0,0,0,1,1,6,6,3,-1,-1,-1,-1,-1,-1,-1,-1,0,-1
2025010571670,2025,010571670,1,1,0,9,9,6,5,5,5,1,0,0,0,0,1,1,5,6,1,13,3,-1,-1,-1,-1,3,E01003571,0,1
2025010571676,2025,010571676,1,1,0,5,5,5,1,4,4,1,5,0,0,0,4,1,6,6,2,32,6,-1,-1,-1,-1,6,E01035719,0,1
2025010571680,2025,010571680,2,9,0,99,99,9,9,99,99,9,9,99,9,99,1,9,6,6,3,-1,-1,-1,-1,-1,-1,-1,-1,0,-1
2025010571680,2025,010571680,1,9,0,99,99,9,9,99,99,9,9,99,9,99,2,9,6,6,1,44,7,-1,-1,-1,-1,3,E01003729,0,1
2025010571687,2025,010571687,1,9,0,8,8,3,5,0,0,1,0,0,0,0,2,1,6,6,1,25,5,-1,-1,-1,-1,-1,-1,0,-1
2025010571689,2025,010571689,2,9,0,18,19,3,7,1,1,1,0,0,0,0,1,1,6,6,1,22,5,-1,-1,-1,-1,2,E01001515,0,1
2025010571689,2025,010571689,1,9,0,18,19,7,3,0,0,1,0,0,0,0,1,1,5,6,1,18,4,-1,-1,-1,-1,10,E01023567,0,3
2025010571692,2025,010571692,2,9,9,99,99,9,9,99,99,9,9,99,9,99,9,9,6,6,1,31,6,-1,-1,-1,-1,6,E01003791,0,3
2025010571692,2025,010571692,1,1,9,99,99,9,9,99,99,9,9,99,9,99,9,1,5,6,1,56,9,-1,-1,-1,-1,6,E01000321,0,2
2025010571695,2025,010571695,2,1,9,99,99,9,9,99,99,9,9,99,9,99,9,1,6,6,3,-1,-1,-1,-1,-1,-1,-1,-1,0,-1
2025010571695,2025,010571695,1,9,0,99,99,9,9,99,99,9,9,99,9,99,1,9,1,1,2,42,7,-1,-1,-1,-1,3,E01000226,0,2
2025010571700,2025,010571700,2,9,0,99,99,9,9,99,99,9,9,99,9,99,1,9,6,6,3,-1,-1,-1,-1,-1,-1,-1,-1,0,-1
2025010571700,2025,010571700,1,1,9,99,99,9,9,99,99,9,9,99,9,99,9,1,5,6,1,42,7,-1,-1,-1,-1,3,E01033132,0,1
2025010571707,2025,010571707,1,9,0,99,99,9,9,99,99,9,9,99,9,99,9,9,5,6,1,60,9,-1,-1,-1,-1,2,E01004236,0,1
2025010571707,2025,010571707,2,9,0,99,99,9,9,0,0,9,0,99,9,0,9,1,6,6,3,-1,-1,-1,-1,-1,-1,-1,-1,0,-1
2025010571708,2025,010571708,1,9,0,99,99,9,9,99,99,9,9,99,9,99,1,9,6,6,1,-1,-1,-1,-1,-1,-1,2,E01004255,0,1
2025010571710,2025,010571710,2,1,0,18,19,5,1,0,0,0,0,8,0,0,1,1,6,6,2,32,6,-1,-1,-1,-1,7,E01033489,0,1
2025010571710,2025,010571710,1,9,0,2,2,0,0,0,0,0,0,0,0,0,3,1,6,6,3,-1,-1,-1,-1,-1,-1,-1,-1,0,-1
2025010571711,2025,010571711,1,9,0,7,7,7,8,0,0,1,0,0,0,0,3,1,6,6,1,24,5,-1,-1,-1,-1,-1,-1,0,-1
2025010571711,2025,010571711,2,1,0,18,19,7,3,0,0,1,0,0,0,0,3,1,2,2,2,42,7,-1,-1,-1,-1,1,E01033874,0,1
2025010571713,2025,010571713,1,9,0,9,9,1,8,0,0,2,0,0,0,0,1,1,5,6,1,47,8,-1,-1,-1,-1,5,E01000583,0,1
2025010571713,2025,010571713,2,1,0,18,19,8,4,0,0,1,0,0,0,0,4,1,6,6,1,19,4,-1,-1,-1,-1,3,E01004679,0,1
2025010571715,2025,010571715,1,3,0,9,9,3,2,0,0,2,0,0,0,0,3,1,5,6,1,26,6,-1,-1,-1,-1,6,E01004347,0,2
2025010571715,2025,010571715,2,9,0,18,19,7,3,0,0,1,0,0,0,0,3,1,5,6,1,26,6,-1,-1,-1,-1,2,E01002751,0,2
2025010571717,2025,010571717,3,9,0,18,19,1,5,0,0,1,0,0,0,0,0,1,1,1,2,24,5,-1,-1,-1,-1,8,E01004498,0,1
2025010571717,2025,010571717,1,9,0,18,19,5,1,0,0,1,0,0,0,0,1,1,6,6,2,41,7,-1,-1,-1,-1,2,E01004570,0,1
2025010571717,2025,010571717,2,3,0,18,19,1,5,0,0,1,0,0,0,0,1,1,6,6,1,16,4,-1,-1,-1,-1,1,E01013693,0,5
2025010571720,2025,010571720,2,1,0,18,19,1,5,0,0,8,0,0,0,0,1,1,6,6,2,32,6,-1,-1,-1,-1,3,E01001823,0,1
2025010571720,2025,010571720,1,9,0,7,7,1,2,0,0,8,0,0,0,0,4,1,6,6,3,-1,-1,-1,-1,-1,-1,-1,-1,0,-1
2025010571725,2025,010571725,1,9,0,16,19,1,5,0,0,0,5,4,0,0,4,1,5,6,1,22,5,-1,-1,-1,-1,-1,-1,0,-1
2025010571725,2025,010571725,2,9,0,2,2,0,0,0,0,0,0,0,0,0,4,1,6,6,3,-1,-1,-1,-1,-1,-1,-1,-1,0,-1
2025010571725,2025,010571725,3,9,0,2,2,0,0,0,0,0,0,0,0,0,3,1,6,6,3,-1,-1,-1,-1,-1,-1,-1,-1,0,-1
2025010571726,2025,010571726,1,9,0,17,19,3,7,0,0,2,0,0,0,0,1,1,5,6,2,39,7,-1,-1,-1,-1,-1,-1,0,-1
2025010571726,2025,010571726,2,1,0,9,9,3,8,0,0,1,0,0,0,0,2,1,5,6,1,26,6,-1,-1,-1,-1,2,E01003483,0,1
2025010571727,2025,010571727,2,1,0,7,7,6,7,0,0,5,0,0,0,0,1,1,6,6,1,45,7,-1,-1,-1,-1,1,E01002037,0,1
2025010571727,2025,010571727,1,9,0,2,2,0,0,0,0,1,0,0,0,0,1,1,6,6,3,-1,-1,-1,-1,-1,-1,-1,-1,0,-1
2025010571729,2025,010571729,3,9,0,18,19,3,7,0,0,8,0,0,0,0,2,1,6,6,1,47,8,-1,-1,-1,-1,8,E01001680,0,1
2025010571729,2025,010571729,1,9,0,18,19,3,7,0,0,8,0,0,0,0,1,1,5,6,1,51,8,-1,-1,-1,-1,4,E01003301,0,1
2025010571729,2025,010571729,2,9,0,18,19,3,7,0,0,8,0,0,0,0,2,1,2,2,1,33,6,-1,-1,-1,-1,7,E01024360,0,4
2025010571733,2025,010571733,2,1,0,18,19,7,3,0,0,1,0,0,0,0,1,1,6,6,1,48,8,-1,-1,-1,-1,6,E01002834,0,1
2025010571733,2025,010571733,1,9,0,5,5,7,3,0,0,2,0,0,0,0,0,1,1,1,1,34,6,-1,-1,-1,-1,9,E01030712,0,4
2025010571734,2025,010571734,2,1,0,9,9,7,4,0,0,1,5,0,0,0,1,1,5,6,1,18,4,-1,-1,-1,-1,2,E01000902,0,2
2025010571734,2025,010571734,1,9,0,18,19,5,1,0,0,1,0,0,0,0,1,1,5,6,1,29,6,-1,-1,-1,-1,3,E01001725,0,1
2025010571736,2025,010571736,1,8,0,9,9,1,8,0,0,8,0,0,0,0,4,1,6,6,1,59,9,-1,-1,-1,-1,4,E01002444,0,4
2025010571739,2025,010571739,1,9,0,4,4,1,5,0,0,1,5,0,0,0,3,1,6,6,2,45,7,-1,-1,-1,-1,2,E01000034,0,4
2025010571740,2025,010571740,1,9,0,99,99,9,9,99,99,0,9,99,9,99,9,1,6,6,3,-1,-1,-1,-1,-1,-1,-1,-1,0,-1
2025010571744,2025,010571744,1,5,0,15,15,1,5,0,0,1,0,0,0,0,3,1,2,2,1,34,6,-1,-1,-1,-1,5,E01030579,0,4
2025010571744,2025,010571744,2,9,0,7,7,1,4,0,0,1,0,0,0,0,4,1,6,6,1,21,5,-1,-1,-1,-1,4,E01000029,0,3
2025010571747,2025,010571747,1,9,0,99,99,9,9,99,99,9,9,99,9,99,9,9,5,6,2,22,5,-1,-1,-1,-1,8,E01000253,0,1
2025010571747,2025,010571747,2,9,9,99,99,9,9,99,99,9,9,99,9,99,9,9,6,6,2,23,5,-1,-1,-1,-1,8,E01000225,0,1
2025010571754,2025,010571754,1,9,0,18,19,7,3,0,0,0,0,0,0,0,1,1,6,6,3,-1,-1,-1,-1,-1,-1,-1,-1,0,-1
2025010571756,2025,010571756,1,9,0,9,9,5,3,0,0,1,0,10,0,0,1,1,5,6,1,24,5,-1,-1,-1,-1,6,E01003693,0,3
2025010571757,2025,010571757,1,9,0,18,19,7,3,0,0,1,0,0,0,0,1,1,1,1,1,72,10,-1,-1,-1,-1,-1,-1,0,-1
2025010571758,2025,010571758,2,1,0,18,19,1,5,0,0,0,0,0,0,0,3,1,5,6,1,17,4,-1,-1,-1,-1,6,E01000203,0,1
2025010571758,2025,010571758,1,9,0,13,13,1,5,0,0,0,0,0,0,0,4,1,6,6,1,87,11,-1,-1,-1,-1,6,E01000318,0,1
2025010571773,2025,010571773,1,9,0,13,13,5,1,0,0,1,0,0,0,0,1,1,6,6,1,27,6,-1,-1,-1,-1,4,E01003308,0,1
2025010571773,2025,010571773,2,9,0,9,9,5,2,0,0,1,0,0,0,0,1,1,5,6,1,45,7,-1,-1,-1,-1,3,E01000062,0,3
2025010571773,2025,010571773,3,9,0,18,19,5,1,0,0,1,0,0,0,0,0,1,6,6,1,37,7,-1,-1,-1,-1,3,E01034180,0,2
2025010571779,2025,010571779,1,9,0,7,7,1,3,0,0,8,0,0,0,0,1,1,5,6,2,34,6,-1,-1,-1,-1,6,E01002531,0,1
2025010571779,2025,010571779,2,1,0,18,19,7,3,0,0,8,0,0,0,0,4,1,6,6,1,63,9,-1,-1,-1,-1,4,E01002447,0,1
2025010571783,2025,010571783,1,1,9,99,99,9,9,99,99,9,9,99,9,99,9,1,5,6,2,29,6,-1,-1,-1,-1,3,E01004365,0,1