collision_index,collision_year,collision_ref_no,vehicle_reference,vehicle_type,towing_and_articulation,vehicle_manoeuvre_historic,vehicle_manoeuvre,vehicle_direction_from,vehicle_direction_to,vehicle_location_restricted_lane_historic,vehicle_location_restricted_lane,junction_location,skidding_and_overturning,hit_object_in_carriageway,vehicle_leaving_carriageway,hit_object_off_carriageway,first_point_of_impact,vehicle_left_hand_drive,journey_purpose_of_driver_historic,journey_purpose_of_driver,sex_of_driver,age_of_driver,age_band_of_driver,engine_capacity_cc,propulsion_code,age_of_vehicle,generic_make_model,driver_imd_decile,lsoa_of_driver,escooter_flag,driver_distance_banding
2025010571783,2025,010571783,2,9,0,99,99,9,9,99,99,9,9,99,9,99,1,9,6,6,3,-1,-1,-1,-1,-1,-1,8,E01000212,0,3
2025010571786,2025,010571786,2,9,0,18,19,5,1,0,0,8,1,0,0,0,4,1,1,1,2,39,7,-1,-1,-1,-1,3,E01000998,0,2
2025010571786,2025,010571786,1,9,0,18,19,7,3,0,0,8,0,0,0,0,1,1,3,7,2,28,6,-1,-1,-1,-1,2,E01003197,0,1
2025010571786,2025,010571786,3,9,0,2,2,0,0,9,9,2,0,0,0,0,1,1,6,6,3,-1,-1,-1,-1,-1,-1,-1,-1,0,-1
2025010571787,2025,010571787,2,8,0,99,99,9,9,99,99,9,9,99,9,99,1,9,6,6,3,-1,-1,-1,-1,-1,-1,4,E01000947,0,2
2025010571787,2025,010571787,1,8,0,99,99,9,9,99,99,9,9,99,9,99,2,9,1,1,1,41,7,-1,-1,-1,-1,3,E01001089,0,2
2025010571788,2025,010571788,1,1,0,18,19,5,1,2,2,1,0,0,0,0,1,1,2,2,1,58,9,-1,-1,-1,-1,3,E01004063,0,2
2025010571788,2025,010571788,2,1,0,18,19,1,5,0,0,1,0,0,0,0,1,1,2,2,1,18,4,-1,-1,-1,-1,4,E01002884,0,1
2025010571791,2025,010571791,2,1,0,18,19,7,3,0,0,2,5,0,0,0,0,1,6,6,1,65,9,-1,-1,-1,-1,4,E01000478,0,1
2025010571791,2025,010571791,1,9,0,18,19,7,3,0,0,2,0,0,0,0,0,1,5,6,1,68,10,-1,-1,-1,-1,4,E01000474,0,1
2025010571801,2025,010571801,1,11,0,18,19,5,1,2,2,1,0,0,0,0,0,1,1,1,1,26,6,-1,-1,-1,-1,2,E01003497,0,1
2025010571806,2025,010571806,2,9,0,9,9,1,7,0,0,1,0,0,0,0,1,1,2,2,2,42,7,-1,-1,-1,-1,2,E01003047,0,1
2025010571806,2025,010571806,1,3,0,15,15,5,1,0,0,1,0,0,0,0,1,1,6,6,1,31,6,-1,-1,-1,-1,3,E01001089,0,1
2025010571810,2025,010571810,2,1,9,99,99,9,9,99,99,0,9,99,9,99,9,1,6,6,3,-1,-1,-1,-1,-1,-1,-1,-1,0,-1
2025010571810,2025,010571810,1,1,9,99,99,9,9,99,99,0,9,99,9,99,1,1,2,2,1,42,7,-1,-1,-1,-1,3,E01003979,0,1
2025010571814,2025,010571814,1,9,0,3,3,8,4,0,0,1,0,0,0,0,2,1,2,2,2,50,8,-1,-1,-1,-1,9,E01002156,0,1
2025010571814,2025,010571814,2,4,0,5,5,8,4,0,0,1,0,0,0,0,1,1,2,2,1,32,6,-1,-1,-1,-1,8,E01002157,0,1
2025010571816,2025,010571816,1,5,9,99,99,9,9,99,99,9,9,99,9,99,9,1,6,6,3,34,6,-1,-1,-1,-1,7,E01023373,0,4
2025010571816,2025,010571816,2,9,9,99,99,9,9,99,99,9,9,99,9,99,9,9,6,6,3,-1,-1,-1,-1,-1,-1,-1,-1,0,-1
2025010571817,2025,010571817,2,1,0,18,19,1,5,0,0,1,0,0,0,0,1,1,1,1,2,61,9,-1,-1,-1,-1,4,E01003136,0,1
2025010571817,2025,010571817,1,19,0,10,10,5,2,0,0,1,0,0,0,0,1,1,1,1,1,40,7,-1,-1,-1,-1,4,E01025789,0,5
2025010571822,2025,010571822,1,5,0,18,19,7,3,0,0,0,1,10,0,0,1,1,5,6,1,28,6,-1,-1,-1,-1,3,E01002345,0,2
2025010571823,2025,010571823,1,19,0,18,19,5,1,0,0,0,0,0,0,0,3,1,1,1,1,47,8,-1,-1,-1,-1,2,E01034176,0,1
2025010571825,2025,010571825,1,19,0,18,19,3,7,0,0,2,0,0,0,0,0,1,1,1,1,26,6,-1,-1,-1,-1,9,E01003897,0,1
2025010571825,2025,010571825,2,1,0,4,4,3,7,0,0,2,0,10,1,0,1,1,5,6,1,54,8,-1,-1,-1,-1,3,E01002603,0,2
2025010571826,2025,010571826,2,9,0,99,99,9,9,99,99,9,9,99,9,99,1,9,6,6,3,36,7,-1,-1,-1,-1,9,E01002255,0,1
2025010571826,2025,010571826,1,9,0,99,99,9,9,99,99,9,9,99,9,99,9,9,5,6,1,35,6,-1,-1,-1,-1,9,E01002255,0,1
2025010571828,2025,010571828,2,9,0,99,99,9,9,99,99,9,9,99,9,99,1,9,6,6,3,-1,-1,-1,-1,-1,-1,3,E01002527,0,1
2025010571828,2025,010571828,1,9,0,99,99,9,9,99,99,9,9,99,9,99,2,9,5,6,2,40,7,-1,-1,-1,-1,6,E01002410,0,1
2025010571829,2025,010571829,2,20,4,18,19,5,1,0,0,4,0,0,0,0,1,1,1,1,1,52,8,-1,-1,-1,-1,-1,-1,0,-1
2025010571829,2025,010571829,4,9,0,15,15,5,1,0,0,1,0,0,0,0,0,1,6,6,3,-1,-1,-1,-1,-1,-1,-1,-1,0,-1
2025010571829,2025,010571829,1,9,0,3,3,5,1,0,0,4,0,0,0,0,2,1,2,2,1,62,9,-1,-1,-1,-1,3,E01000373,0,1
2025010571829,2025,010571829,3,19,5,18,19,5,1,0,0,2,0,0,0,0,0,1,1,1,1,61,9,-1,-1,-1,-1,-1,-1,0,-1
2025010571833,2025,010571833,2,3,0,14,14,1,5,0,0,8,1,0,7,0,1,1,2,2,1,21,5,-1,-1,-1,-1,5,E01002611,0,1
2025010571833,2025,010571833,1,9,0,9,9,3,8,0,0,6,0,0,0,0,1,1,5,6,1,72,10,-1,-1,-1,-1,7,E01003903,0,1
2025010571836,2025,010571836,1,3,0,99,99,9,9,99,99,1,9,99,9,99,1,1,1,1,1,41,7,-1,-1,-1,-1,2,E01000509,0,2
2025010571836,2025,010571836,2,9,0,99,99,9,9,99,99,6,9,99,9,99,1,9,6,6,3,-1,-1,-1,-1,-1,-1,-1,-1,0,-1
2025010571837,2025,010571837,1,9,9,18,19,1,5,0,0,1,0,0,0,0,9,9,6,6,3,-1,-1,-1,-1,-1,-1,-1,-1,0,-1
2025010571838,2025,010571838,2,9,0,7,7,5,6,0,0,3,0,0,0,0,1,1,6,6,1,24,5,-1,-1,-1,-1,4,E01000819,0,2
2025010571838,2025,010571838,3,9,0,2,2,0,0,5,5,2,0,0,0,0,2,1,6,6,3,-1,-1,-1,-1,-1,-1,-1,-1,0,-1
2025010571838,2025,010571838,1,9,0,7,7,5,6,0,0,3,0,0,7,10,1,1,6,6,1,56,9,-1,-1,-1,-1,3,E01004023,0,2
2025010571840,2025,010571840,1,9,0,18,19,4,8,0,0,8,0,0,0,0,3,1,6,6,1,34,6,-1,-1,-1,-1,5,E01004048,0,1
2025010571840,2025,010571840,2,9,0,9,9,8,6,0,0,8,0,0,0,0,1,1,5,6,2,32,6,-1,-1,-1,-1,2,E01000743,0,2
2025010571845,2025,010571845,1,5,0,99,99,9,9,99,99,9,9,99,9,99,1,1,5,6,1,41,7,-1,-1,-1,-1,9,E01030654,0,4
2025010571845,2025,010571845,2,9,0,99,99,9,9,99,99,9,9,99,9,99,1,9,6,6,3,-1,-1,-1,-1,-1,-1,-1,-1,0,-1
2025010571847,2025,010571847,1,19,0,5,5,1,5,0,0,0,0,0,0,0,1,1,1,1,1,60,9,-1,-1,-1,-1,7,E01016205,0,4
2025010571847,2025,010571847,2,9,0,18,19,1,5,0,0,0,0,0,0,0,2,1,5,6,1,26,6,-1,-1,-1,-1,7,E01002675,0,1
2025010571848,2025,010571848,2,9,0,7,7,1,3,0,0,8,0,0,0,0,1,2,5,6,1,34,6,-1,-1,-1,-1,8,E01003678,0,3
2025010571848,2025,010571848,1,4,0,18,19,1,5,2,2,8,0,0,0,0,3,1,5,6,1,25,5,-1,-1,-1,-1,2,E01001755,0,1
2025010571850,2025,010571850,1,1,9,99,99,9,9,99,99,9,9,99,9,99,1,1,2,2,1,35,6,-1,-1,-1,-1,2,E01003087,0,2
2025010571850,2025,010571850,2,1,9,99,99,9,9,99,99,9,9,99,9,99,9,1,6,6,1,26,6,-1,-1,-1,-1,8,-1,0,5
2025010571852,2025,010571852,1,90,0,13,13,5,1,0,0,1,0,0,0,0,4,1,1,1,1,26,6,-1,-1,-1,-1,5,E01004363,0,1
2025010571858,2025,010571858,1,1,9,99,99,9,9,99,99,9,9,99,9,99,9,1,5,6,1,56,9,-1,-1,-1,-1,4,E01001140,0,1
2025010571858,2025,010571858,2,9,0,99,99,9,9,99,99,9,9,99,9,99,3,9,6,6,3,-1,-1,-1,-1,-1,-1,4,E01032568,0,1
2025010571862,2025,010571862,1,9,0,18,19,5,1,0,0,0,0,0,0,0,1,1,5,6,2,52,8,-1,-1,-1,-1,-1,-1,0,-1
2025010571863,2025,010571863,2,4,0,9,9,5,2,0,0,1,0,0,0,0,4,1,2,2,1,68,10,-1,-1,-1,-1,2,E01002735,0,1
2025010571863,2025,010571863,1,19,0,9,9,5,2,0,0,1,0,0,0,0,1,1,1,1,1,46,8,-1,-1,-1,-1,2,E01033932,0,3
2025010571864,2025,010571864,1,4,0,15,15,7,3,0,0,8,1,10,0,0,0,1,6,6,1,44,7,-1,-1,-1,-1,6,E01001471,0,1
2025010571866,2025,010571866,2,9,0,99,99,9,9,99,99,9,9,99,9,99,1,9,6,6,3,-1,-1,-1,-1,-1,-1,-1,-1,0,-1
2025010571866,2025,010571866,1,9,0,99,99,9,9,99,99,9,9,99,9,99,1,9,1,1,2,52,8,-1,-1,-1,-1,5,E01000620,0,3
2025010571876,2025,010571876,1,19,0,18,19,7,3,0,0,2,0,0,0,0,1,1,6,6,3,-1,-1,-1,-1,-1,-1,-1,-1,0,-1
2025010571877,2025,010571877,1,8,9,2,2,9,9,99,99,1,9,99,9,99,1,9,1,1,1,42,7,-1,-1,-1,-1,3,E01002065,0,1
2025010571877,2025,010571877,2,1,9,5,5,9,9,99,99,6,9,99,9,99,9,1,6,6,3,-1,-1,-1,-1,-1,-1,-1,-1,0,-1
2025010571879,2025,010571879,2,9,9,99,99,9,9,99,99,9,9,99,9,99,9,9,6,6,3,-1,-1,-1,-1,-1,-1,-1,-1,0,-1
2025010571879,2025,010571879,1,1,9,99,99,9,9,99,99,9,9,99,9,99,9,1,5,6,2,29,6,-1,-1,-1,-1,8,E01001904,0,1
2025010571886,2025,010571886,2,9,0,18,19,5,1,0,0,0,0,0,0,0,1,1,3,7,1,39,7,-1,-1,-1,-1,8,E01001454,0,3
2025010571886,2025,010571886,1,9,0,18,19,1,5,0,0,0,0,0,0,0,1,1,5,6,1,55,8,-1,-1,-1,-1,-1,-1,0,-1
2025010571891,2025,010571891,1,11,0,5,5,5,1,0,0,1,0,0,0,0,0,1,2,2,1,49,8,-1,-1,-1,-1,4,E01000312,0,3
2025010571893,2025,010571893,2,19,0,1,1,9,9,99,99,9,9,99,9,99,9,9,6,6,3,-1,-1,-1,-1,-1,-1,-1,-1,0,-1
2025010571893,2025,010571893,1,3,0,3,3,9,9,99,99,9,9,99,9,99,1,1,1,1,1,29,6,-1,-1,-1,-1,2,E01003488,0,2
2025010571896,2025,010571896,1,9,0,13,13,8,4,0,0,0,0,0,0,0,1,1,4,7,1,17,4,-1,-1,-1,-1,5,E01001335,0,1
2025010571902,2025,010571902,1,19,0,99,99,9,9,99,99,9,9,99,9,99,1,9,6,6,3,56,9,-1,-1,-1,-1,5,E01002001,0,1
2025010571905,2025,010571905,1,1,0,99,99,9,9,0,0,1,0,0,0,0,9,1,2,2,2,33,6,-1,-1,-1,-1,3,E01003917,0,1
2025010571905,2025,010571905,2,9,0,99,99,9,9,0,0,1,0,0,0,0,1,1,6,6,2,-1,-1,-1,-1,-1,-1,-1,-1,0,-1
2025010571907,2025,010571907,2,9,0,99,99,9,9,99,99,9,9,99,9,99,1,9,6,6,3,-1,-1,-1,-1,-1,-1,-1,-1,0,-1
2025010571907,2025,010571907,1,1,9,99,99,9,9,99,99,9,9,99,9,99,9,1,2,2,2,37,7,-1,-1,-1,-1,4,E01004337,0,1
2025010571914,2025,010571914,1,9,0,7,7,5,7,0,0,1,0,0,0,0,1,1,6,6,1,51,8,-1,-1,-1,-1,7,E01004619,0,1
2025010571914,2025,010571914,2,1,0,18,19,5,1,0,0,1,0,0,0,0,1,1,5,6,1,36,7,-1,-1,-1,-1,4,E01001376,0,1
2025010571915,2025,010571915,1,1,9,99,99,9,9,99,99,9,9,99,9,99,9,1,6,6,3,48,8,-1,-1,-1,-1,2,E01001848,0,1
2025010571915,2025,010571915,2,9,9,99,99,9,9,99,99,9,9,99,9,99,9,9,6,6,2,23,5,-1,-1,-1,-1,6,E01003711,0,3
2025010571919,2025,010571919,2,3,0,18,19,1,5,2,2,1,0,0,1,0,3,1,1,1,1,23,5,-1,-1,-1,-1,2,E01001911,0,2
2025010571919,2025,010571919,1,9,0,7,7,1,4,0,0,1,0,0,0,0,0,1,1,1,1,60,9,-1,-1,-1,-1,7,E01003139,0,1
2025010571926,2025,010571926,2,8,0,99,99,9,9,99,99,9,9,99,9,99,2,9,6,6,3,-1,-1,-1,-1,-1,-1,-1,-1,0,-1
2025010571926,2025,010571926,1,9,0,99,99,9,9,99,99,9,9,99,9,99,2,9,6,6,2,44,7,-1,-1,-1,-1,8,E01000967,0,1
2025010571928,2025,010571928,1,90,0,99,99,9,9,99,99,9,9,99,0,0,9,9,2,2,1,22,5,-1,-1,-1,-1,5,E01000620,0,2
2025010571930,2025,010571930,1,3,0,18,19,1,5,0,0,8,0,0,0,0,1,1,6,6,3,-1,-1,-1,-1,-1,-1,-1,-1,0,-1
2025010571931,2025,010571931,2,9,0,99,99,9,9,99,99,9,9,99,9,99,2,9,6,6,3,-1,-1,-1,-1,-1,-1,4,E01001002,0,3
2025010571931,2025,010571931,1,1,9,99,99,9,9,99,99,9,9,99,9,99,2,1,2,2,2,30,6,-1,-1,-1,-1,4,E01003043,0,1
2025010571933,2025,010571933,2,9,0,99,99,9,9,99,99,9,9,99,9,99,9,9,6,6,3,-1,-1,-1,-1,-1,-1,-1,-1,0,-1
2025010571933,2025,010571933,1,1,9,99,99,9,9,99,99,9,9,8,9,99,9,1,2,2,2,37,7,-1,-1,-1,-1,2,E01002003,0,2
2025010571934,2025,010571934,2,1,0,18,19,5,1,4,4,8,0,0,0,0,3,1,2,2,1,25,5,-1,-1,-1,-1,3,E01002730,0,1
2025010571934,2025,010571934,1,9,0,9,9,1,7,0,0,5,0,0,0,0,4,1,6,6,3,-1,-1,-1,-1,-1,-1,-1,-1,0,-1
2025010571936,2025,010571936,2,1,0,15,15,5,1,0,0,2,0,0,3,0,3,1,5,6,1,12,3,-1,-1,-1,-1,3,E01002052,0,1
2025010571936,2025,010571936,1,19,0,-1,-1,3,7,0,0,1,0,0,0,0,1,1,5,6,1,55,8,-1,-1,-1,-1,2,E01002094,0,1
2025010571944,2025,010571944,2,9,9,99,99,9,9,99,99,9,9,99,9,99,9,9,6,6,3,-1,-1,-1,-1,-1,-1,-1,-1,0,-1
2025010571944,2025,010571944,1,1,9,99,99,9,9,99,99,9,9,99,9,99,9,1,6,6,3,-1,-1,-1,-1,-1,-1,-1,-1,0,-1
2025010571949,2025,010571949,1,5,0,9,9,2,7,0,0,5,1,0,0,0,2,1,6,6,1,28,6,-1,-1,-1,-1,3,E01034045,0,1
2025010571949,2025,010571949,2,9,0,-1,-1,3,7,0,0,1,0,0,0,0,1,1,5,6,1,19,4,-1,-1,-1,-1,4,E01016474,0,4
2025010571956,2025,010571956,2,9,0,99,99,9,9,99,99,9,9,99,9,99,1,9,6,6,3,-1,-1,-1,-1,-1,-1,2,E01004424,0,2
2025010571956,2025,010571956,1,9,0,99,99,9,9,99,99,9,9,99,9,99,2,9,5,6,2,32,6,-1,-1,-1,-1,4,E01002250,0,1
2025010571962,2025,010571962,1,9,0,18,19,1,5,0,0,6,0,0,0,0,3,1,1,1,1,39,7,-1,-1,-1,-1,9,E01031593,0,4
2025010571962,2025,010571962,2,-1,0,18,19,5,1,0,0,6,0,0,0,0,4,1,2,2,1,51,8,-1,-1,-1,-1,2,E01003093,1,1
2025010571964,2025,010571964,1,11,0,99,99,9,9,99,99,9,9,99,9,99,1,9,6,6,1,39,7,-1,-1,-1,-1,3,E01001980,0,1
2025010571968,2025,010571968,1,9,0,7,7,4,5,0,0,2,0,0,0,0,1,1,1,1,1,65,9,-1,-1,-1,-1,1,E01001798,0,1
2025010571969,2025,010571969,2,9,0,18,19,5,1,0,0,6,0,0,0,0,1,1,6,6,3,-1,-1,-1,-1,-1,-1,-1,-1,0,-1
2025010571969,2025,010571969,1,1,0,18,19,5,1,0,0,8,0,0,0,0,4,1,5,6,1,18,4,-1,-1,-1,-1,2,E01003325,0,1
2025010571970,2025,010571970,1,1,0,-1,-1,3,7,0,0,1,0,10,0,0,1,1,5,6,1,30,6,-1,-1,-1,-1,2,E01001876,0,1
2025010571975,2025,010571975,1,19,0,99,99,9,9,99,99,9,9,99,9,99,9,9,6,6,3,-1,-1,-1,-1,-1,-1,-1,-1,0,-1
2025010571977,2025,010571977,2,90,0,99,99,9,9,99,99,9,9,99,9,99,1,9,6,6,3,-1,-1,-1,-1,-1,-1,4,E01002311,0,2
2025010571977,2025,010571977,1,9,0,99,99,9,9,99,99,9,9,99,9,99,2,9,2,2,1,23,5,-1,-1,-1,-1,5,E01034092,0,4
2025010571983,2025,010571983,2,19,0,99,99,9,9,99,99,9,9,99,9,99,1,9,6,6,3,-1,-1,-1,-1,-1,-1,-1,-1,0,-1
2025010571983,2025,010571983,1,3,0,99,99,9,9,99,99,9,9,99,9,99,2,1,1,1,1,36,7,-1,-1,-1,-1,8,E01001569,0,1
2025010571989,2025,010571989,2,9,0,18,19,7,3,0,0,1,0,0,0,0,1,1,1,1,1,40,7,-1,-1,-1,-1,2,E01003540,0,1
2025010571989,2025,010571989,1,9,0,18,19,1,5,0,0,2,0,0,0,0,3,1,6,6,1,26,6,-1,-1,-1,-1,4,E01003637,0,1
2025010571993,2025,010571993,1,9,0,99,99,9,9,99,99,9,9,99,9,99,2,9,5,6,1,30,6,-1,-1,-1,-1,8,E01031285,0,5
2025010571993,2025,010571993,2,9,0,99,99,9,9,99,99,9,9,99,9,99,1,9,6,6,3,-1,-1,-1,-1,-1,-1,-1,-1,0,-1
2025010571994,2025,010571994,2,1,0,14,14,7,3,9,9,2,0,0,0,0,1,1,5,6,2,44,7,-1,-1,-1,-1,8,E01003009,0,1
2025010571994,2025,010571994,1,19,0,4,4,7,3,0,0,2,0,0,0,0,1,1,1,1,1,23,5,-1,-1,-1,-1,5,E01002640,0,3
2025010571997,2025,010571997,1,9,0,7,7,5,7,0,0,8,0,0,0,0,1,1,3,7,1,35,6,-1,-1,-1,-1,5,E01004232,0,1
2025010571999,2025,010571999,2,9,0,99,99,9,9,99,99,9,9,99,9,99,1,9,6,6,3,-1,-1,-1,-1,-1,-1,-1,-1,0,-1
2025010571999,2025,010571999,3,9,0,99,99,9,9,99,99,9,9,99,9,99,2,9,6,6,3,-1,-1,-1,-1,-1,-1,-1,-1,0,-1
2025010571999,2025,010571999,1,8,0,99,99,9,9,99,99,9,9,99,9,99,2,9,1,1,1,60,9,-1,-1,-1,-1,3,E01001109,0,2
2025010572006,2025,010572006,1,9,0,99,99,9,9,99,99,9,9,99,9,99,2,9,1,1,1,31,6,-1,-1,-1,-1,3,E01000152,0,1
2025010572006,2025,010572006,2,9,0,99,99,9,9,99,99,9,9,99,9,99,1,9,6,6,1,-1,-1,-1,-1,-1,-1,5,E01002234,0,2
2025010572012,2025,010572012,1,9,0,99,99,9,9,99,99,9,9,99,9,99,1,9,6,6,3,-1,-1,-1,-1,-1,-1,-1,-1,0,-1
2025010572016,2025,010572016,2,9,0,99,99,9,9,99,99,9,9,99,9,99,1,9,6,6,3,-1,-1,-1,-1,-1,-1,-1,-1,0,-1
2025010572016,2025,010572016,1,3,0,99,99,9,9,99,99,9,9,99,9,99,9,1,5,6,1,37,7,-1,-1,-1,-1,5,E01000475,0,1
2025010572020,2025,010572020,1,9,0,9,9,5,3,0,0,8,0,0,0,0,1,1,5,6,1,41,7,-1,-1,-1,-1,1,E01001822,0,1
2025010572024,2025,010572024,1,21,0,9,9,5,3,0,0,8,5,0,0,0,0,1,1,1,1,33,6,-1,-1,-1,-1,5,E01034041,0,4
2025010572028,2025,010572028,1,8,0,18,19,1,5,0,0,9,9,99,9,0,9,1,6,6,3,-1,-1,-1,-1,-1,-1,-1,-1,0,-1
2025010572031,2025,010572031,2,1,0,18,19,5,1,0,0,1,0,8,0,0,1,1,1,1,2,47,8,-1,-1,-1,-1,3,E01032583,0,1
2025010572031,2025,010572031,1,9,0,3,3,5,1,0,0,1,0,8,0,0,3,1,1,1,1,63,9,-1,-1,-1,-1,3,E01000095,0,3
2025010572035,2025,010572035,2,9,0,18,19,7,3,0,0,1,0,0,0,0,0,1,1,1,1,32,6,-1,-1,-1,-1,8,E01034386,0,1
2025010572035,2025,010572035,1,9,0,10,10,7,4,0,0,1,0,0,0,0,3,1,5,6,1,86,11,-1,-1,-1,-1,-1,-1,0,-1
2025010572035,2025,010572035,3,9,0,18,19,1,5,0,0,2,0,0,0,0,3,1,5,6,1,51,8,-1,-1,-1,-1,5,E01000728,0,1
2025010572041,2025,010572041,1,9,0,9,9,5,4,0,0,0,0,0,0,0,1,1,3,7,2,36,7,-1,-1,-1,-1,2,E01004249,0,1
2025010572041,2025,010572041,2,1,0,7,7,5,6,0,0,0,5,0,0,0,1,1,3,7,2,10,2,-1,-1,-1,-1,3,E01004240,0,1
2025010572042,2025,010572042,2,9,0,18,19,5,1,0,0,1,0,0,0,0,1,1,5,6,2,20,4,-1,-1,-1,-1,5,E01002635,0,1
2025010572042,2025,010572042,1,4,0,10,10,5,2,0,0,1,0,0,0,0,2,1,2,2,1,28,6,-1,-1,-1,-1,5,E01033083,0,1
2025010572049,2025,010572049,1,9,0,18,19,1,5,0,0,1,0,0,0,0,1,1,5,6,1,52,8,-1,-1,-1,-1,3,E01003193,0,1
2025010572049,2025,010572049,2,20,0,9,9,3,1,0,0,6,0,0,0,0,1,1,1,1,1,61,9,-1,-1,-1,-1,2,E01015594,0,5
2025010572049,2025,010572049,3,9,0,2,2,0,0,0,0,2,0,0,0,0,4,1,6,6,3,-1,-1,-1,-1,-1,-1,-1,-1,0,-1
2025010572057,2025,010572057,2,19,0,99,99,9,9,99,99,5,9,99,9,99,3,9,6,6,3,-1,-1,-1,-1,-1,-1,5,E01000606,0,3
2025010572057,2025,010572057,1,1,9,99,99,9,9,99,99,1,9,99,9,99,1,1,2,2,1,44,7,-1,-1,-1,-1,7,E01000898,0,1
2025010572059,2025,010572059,2,9,0,18,19,2,6,0,0,0,0,0,0,0,2,1,6,6,3,31,6,-1,-1,-1,-1,8,E01001307,0,1
2025010572059,2025,010572059,3,9,0,4,4,2,6,0,0,0,0,0,0,0,2,1,6,6,2,35,6,-1,-1,-1,-1,3,E01001316,0,1
2025010572059,2025,010572059,1,9,0,18,19,2,6,0,0,0,0,0,0,0,1,1,6,6,1,32,6,-1,-1,-1,-1,-1,-1,0,-1
2025010572061,2025,010572061,2,19,0,99,99,9,9,99,99,9,9,99,9,99,9,9,6,6,2,-1,-1,-1,-1,-1,-1,3,E01000972,0,1
2025010572061,2025,010572061,1,1,9,99,99,9,9,99,99,9,9,99,9,99,1,1,5,6,2,56,9,-1,-1,-1,-1,6,E01000140,0,1
2025010572063,2025,010572063,1,1,9,99,99,9,9,99,99,9,9,99,9,99,9,1,5,6,2,39,7,-1,-1,-1,-1,3,E01002068,0,1
2025010572063,2025,010572063,2,9,0,99,99,9,9,99,99,9,9,99,9,99,1,9,6,6,3,-1,-1,-1,-1,-1,-1,-1,-1,0,-1
2025010572067,2025,010572067,2,1,0,18,19,3,7,0,0,6,0,0,1,0,4,1,5,6,2,47,8,-1,-1,-1,-1,4,E01004337,0,2
2025010572067,2025,010572067,1,19,0,5,5,5,1,0,0,8,0,0,0,0,1,1,1,1,1,58,9,-1,-1,-1,-1,4,E01000639,0,2
2025010572073,2025,010572073,1,11,0,18,19,5,1,0,0,1,0,0,0,0,0,1,1,1,1,36,7,-1,-1,-1,-1,3,E01002370,0,3
2025010572077,2025,010572077,1,9,0,9,9,1,7,0,0,0,0,0,0,0,1,1,6,6,2,30,6,-1,-1,-1,-1,8,E01004629,0,1
2025010572077,2025,010572077,2,1,0,18,19,5,1,0,0,0,0,0,0,0,1,1,6,6,2,21,5,-1,-1,-1,-1,4,E01001886,0,1
2025010572078,2025,010572078,1,1,9,99,99,9,9,99,99,9,9,99,9,99,1,1,6,6,3,-1,-1,-1,-1,-1,-1,-1,-1,0,-1
2025010572085,2025,010572085,3,9,0,18,19,7,3,0,0,0,0,0,0,0,2,1,5,6,2,37,7,-1,-1,-1,-1,9,E01001422,0,1
2025010572085,2025,010572085,2,9,0,18,19,7,3,0,0,0,0,0,0,0,2,1,6,6,1,47,8,-1,-1,-1,-1,-1,-1,0,-1
2025010572085,2025,010572085,1,9,5,18,19,7,3,0,0,0,0,0,0,0,1,1,6,6,1,83,11,-1,-1,-1,-1,-1,-1,0,-1
2025010572094,2025,010572094,1,9,0,1,1,7,3,0,0,6,0,0,0,0,2,1,5,6,1,33,6,-1,-1,-1,-1,6,E01004374,0,1
2025010572098,2025,010572098,1,9,0,9,9,1,7,0,0,2,0,0,3,0,1,1,5,6,2,20,4,-1,-1,-1,-1,3,E01003377,0,1
2025010572098,2025,010572098,2,1,0,3,3,1,5,0,0,2,0,0,0,0,2,1,5,6,2,53,8,-1,-1,-1,-1,9,E01003381,0,1
2025010572104,2025,010572104,1,9,0,18,19,3,7,0,0,1,0,0,0,0,1,1,2,2,2,54,8,-1,-1,-1,-1,-1,-1,0,-1
2025010572104,2025,010572104,3,9,0,18,19,3,7,0,0,1,0,0,0,0,2,1,6,6,1,66,10,-1,-1,-1,-1,-1,-1,0,-1
2025010572104,2025,010572104,2,9,0,18,19,3,7,0,0,1,0,0,0,0,2,1,6,6,1,31,6,-1,-1,-1,-1,-1,-1,0,-1
2025010572105,2025,010572105,1,9,0,7,7,1,4,0,0,6,0,0,0,0,1,1,5,6,1,41,7,-1,-1,-1,-1,-1,-1,0,-1
2025010572105,2025,010572105,2,1,0,18,19,7,3,0,0,1,0,0,0,0,1,1,2,2,2,28,6,-1,-1,-1,-1,9,E01031841,0,4
2025010572109,2025,010572109,1,9,0,4,4,5,1,0,0,0,0,0,0,0,1,1,5,6,1,32,6,-1,-1,-1,-1,5,E01000469,0,2
2025010572114,2025,010572114,2,1,0,18,19,1,5,0,0,0,2,0,0,0,1,1,6,6,2,26,6,-1,-1,-1,-1,-1,-1,0,-1