collision_index,collision_year,collision_ref_no,vehicle_reference,vehicle_type,towing_and_articulation,vehicle_manoeuvre_historic,vehicle_manoeuvre,vehicle_direction_from,vehicle_direction_to,vehicle_location_restricted_lane_historic,vehicle_location_restricted_lane,junction_location,skidding_and_overturning,hit_object_in_carriageway,vehicle_leaving_carriageway,hit_object_off_carriageway,first_point_of_impact,vehicle_left_hand_drive,journey_purpose_of_driver_historic,journey_purpose_of_driver,sex_of_driver,age_of_driver,age_band_of_driver,engine_capacity_cc,propulsion_code,age_of_vehicle,generic_make_model,driver_imd_decile,lsoa_of_driver,escooter_flag,driver_distance_banding
2025010572114,2025,010572114,1,1,0,13,13,1,5,0,0,0,2,0,1,0,2,1,6,6,1,45,7,-1,-1,-1,-1,9,E01004589,0,2
2025010572115,2025,010572115,1,9,0,9,9,1,6,0,0,8,0,0,0,0,1,1,5,6,1,52,8,-1,-1,-1,-1,4,E01000919,0,1
2025010572115,2025,010572115,2,1,0,18,19,5,1,0,0,8,5,0,0,0,3,1,1,1,1,29,6,-1,-1,-1,-1,5,E01000475,0,3
2025010572116,2025,010572116,2,4,0,18,19,5,1,0,0,8,0,0,0,0,1,1,6,6,3,-1,-1,-1,-1,-1,-1,-1,-1,0,-1
2025010572116,2025,010572116,1,3,0,18,19,5,1,0,0,8,0,0,0,0,4,1,6,6,1,32,6,-1,-1,-1,-1,3,E01004405,0,3
2025010572120,2025,010572120,2,9,0,99,99,9,9,99,99,0,9,99,9,99,1,9,6,6,3,-1,-1,-1,-1,-1,-1,-1,-1,0,-1
2025010572120,2025,010572120,1,9,0,99,99,9,9,99,99,0,9,99,9,99,2,9,5,6,1,53,8,-1,-1,-1,-1,7,E01003865,0,1
2025010572121,2025,010572121,1,4,0,99,99,9,9,99,99,9,9,99,9,99,9,1,5,6,1,21,5,-1,-1,-1,-1,10,E01004122,0,1
2025010572121,2025,010572121,2,9,0,99,99,9,9,99,99,9,9,99,9,99,1,9,6,6,3,-1,-1,-1,-1,-1,-1,9,E01002983,0,1
2025010572124,2025,010572124,1,9,0,7,7,3,5,0,0,5,0,0,0,0,0,1,6,6,3,-1,-1,-1,-1,-1,-1,-1,-1,0,-1
2025010572124,2025,010572124,2,1,0,18,19,3,7,0,0,1,1,0,0,0,0,1,2,2,2,42,7,-1,-1,-1,-1,9,E01003807,0,2
2025010572127,2025,010572127,1,3,0,18,19,6,2,0,0,1,0,0,0,0,2,1,6,6,3,-1,-1,-1,-1,-1,-1,-1,-1,0,-1
2025010572127,2025,010572127,2,1,0,5,5,6,2,0,0,1,5,0,0,0,2,1,5,6,1,16,4,-1,-1,-1,-1,3,E01003636,0,2
2025010572130,2025,010572130,1,9,0,18,19,7,3,0,0,0,0,0,0,0,1,1,6,6,1,58,9,-1,-1,-1,-1,6,E01034794,0,5
2025010572130,2025,010572130,2,9,0,18,19,7,3,0,0,0,0,0,0,0,2,1,6,6,1,66,10,-1,-1,-1,-1,8,E01002914,0,2
2025010572130,2025,010572130,3,19,0,18,19,7,3,0,0,0,0,0,0,0,2,1,1,1,1,30,6,-1,-1,-1,-1,3,E01002429,0,3
2025010572132,2025,010572132,5,9,0,18,19,1,5,0,0,1,0,0,0,0,1,1,6,6,1,46,8,-1,-1,-1,-1,3,E01004189,0,2
2025010572132,2025,010572132,2,9,0,18,19,1,5,0,0,1,0,0,0,0,0,1,6,6,2,59,9,-1,-1,-1,-1,5,E01030724,0,3
2025010572132,2025,010572132,1,9,0,18,19,1,5,0,0,1,0,0,0,0,2,1,6,6,2,36,7,-1,-1,-1,-1,10,E01030296,0,1
2025010572132,2025,010572132,3,9,0,18,19,1,5,0,0,1,0,0,0,0,2,1,6,6,2,54,8,-1,-1,-1,-1,5,E01030724,0,3
2025010572132,2025,010572132,4,9,0,18,19,1,5,0,0,1,0,0,0,0,1,1,6,6,2,47,8,-1,-1,-1,-1,5,E01002613,0,3
2025010572134,2025,010572134,2,9,0,99,99,9,9,99,99,0,9,99,9,99,9,9,6,6,1,37,7,-1,-1,-1,-1,3,E01002728,0,1
2025010572134,2025,010572134,1,1,9,99,99,9,9,99,99,0,9,99,9,99,1,1,2,2,1,47,8,-1,-1,-1,-1,5,E01004468,0,2
2025010572136,2025,010572136,2,9,0,10,10,7,5,0,0,8,0,0,0,0,4,1,5,6,2,36,7,-1,-1,-1,-1,5,E01001158,0,1
2025010572136,2025,010572136,1,3,0,18,19,5,1,0,0,8,0,0,0,0,1,1,1,1,1,40,7,-1,-1,-1,-1,6,E01004517,0,1
2025010572137,2025,010572137,1,9,0,9,9,1,7,0,0,6,0,0,0,0,2,1,6,6,2,44,7,-1,-1,-1,-1,3,E01003545,0,1
2025010572137,2025,010572137,2,1,0,7,7,1,3,0,0,6,0,0,0,0,1,1,6,6,1,57,9,-1,-1,-1,-1,2,E01003516,0,1
2025010572140,2025,010572140,1,3,0,18,19,7,3,0,0,0,0,0,0,0,2,1,5,6,1,46,8,-1,-1,-1,-1,2,E01016020,0,4
2025010572140,2025,010572140,2,9,0,12,12,7,3,0,0,0,0,0,0,0,1,1,6,6,2,23,5,-1,-1,-1,-1,2,E01004298,0,3
2025010572146,2025,010572146,3,9,0,99,99,9,9,99,99,9,9,99,9,99,2,9,6,6,3,-1,-1,-1,-1,-1,-1,2,E01002094,0,3
2025010572146,2025,010572146,1,9,0,99,99,9,9,99,99,9,9,99,9,99,2,9,5,6,2,27,6,-1,-1,-1,-1,7,E01001280,0,1
2025010572146,2025,010572146,2,9,0,99,99,9,9,99,99,9,9,99,9,99,1,9,6,6,3,-1,-1,-1,-1,-1,-1,-1,-1,0,-1
2025010572147,2025,010572147,1,9,0,18,19,3,7,0,0,0,0,0,0,0,4,1,1,1,1,25,5,-1,-1,-1,-1,-1,-1,0,-1
2025010572150,2025,010572150,1,11,0,5,5,3,7,0,0,0,0,0,0,0,1,1,1,1,1,53,8,-1,-1,-1,-1,5,E01001319,0,3
2025010572153,2025,010572153,1,9,0,16,19,3,5,0,0,3,0,0,0,0,4,1,5,6,1,60,9,-1,-1,-1,-1,3,E01000548,0,2
2025010572153,2025,010572153,2,2,0,15,15,3,7,0,0,8,0,0,0,0,1,1,5,6,1,51,8,-1,-1,-1,-1,4,E01000608,0,1
2025010572154,2025,010572154,2,1,0,14,14,6,2,0,0,0,0,0,0,0,2,1,5,6,2,49,8,-1,-1,-1,-1,3,E01004063,0,1
2025010572154,2025,010572154,1,97,0,14,14,6,2,0,0,0,0,0,0,0,1,1,6,6,3,-1,-1,-1,-1,-1,-1,-1,-1,0,-1
2025010572158,2025,010572158,2,1,0,18,19,3,7,0,0,1,2,0,0,0,1,1,5,6,2,40,7,-1,-1,-1,-1,5,E01000255,0,1
2025010572158,2025,010572158,1,9,0,8,8,1,2,0,0,4,0,0,0,0,3,1,5,6,2,72,10,-1,-1,-1,-1,8,E01000256,0,1
2025010572159,2025,010572159,1,19,0,5,5,7,3,0,0,1,0,0,0,0,1,1,1,1,1,40,7,-1,-1,-1,-1,5,E01000379,0,1
2025010572160,2025,010572160,2,9,0,99,99,9,9,99,99,9,9,99,9,99,1,9,6,6,3,-1,-1,-1,-1,-1,-1,4,E01034288,0,1
2025010572160,2025,010572160,1,5,0,99,99,9,9,99,99,9,9,99,9,99,9,1,5,6,3,67,10,-1,-1,-1,-1,10,E01004094,0,1
2025010572161,2025,010572161,2,9,0,99,99,9,9,99,99,9,9,99,9,99,1,9,6,6,2,53,8,-1,-1,-1,-1,3,E01003332,0,1
2025010572161,2025,010572161,1,1,9,99,99,9,9,99,99,9,9,99,9,99,1,1,2,2,1,58,9,-1,-1,-1,-1,6,E01000803,0,1
2025010572163,2025,010572163,2,19,9,99,99,9,9,99,99,0,9,99,9,99,1,9,6,6,3,-1,-1,-1,-1,-1,-1,-1,-1,0,-1
2025010572163,2025,010572163,1,8,0,99,99,9,9,99,99,0,9,99,9,99,9,9,1,1,1,43,7,-1,-1,-1,-1,3,E01002264,0,3
2025010572165,2025,010572165,1,9,0,4,4,5,1,0,0,0,0,0,0,0,3,1,1,1,1,36,7,-1,-1,-1,-1,5,E01001931,0,1
2025010572169,2025,010572169,1,11,9,99,99,9,9,99,99,9,9,99,9,99,9,9,6,6,3,-1,-1,-1,-1,-1,-1,-1,-1,0,-1
2025010572172,2025,010572172,1,3,0,99,99,9,9,99,99,9,9,99,9,99,1,1,1,1,1,27,6,-1,-1,-1,-1,6,E01002200,0,1
2025010572172,2025,010572172,2,9,0,99,99,9,9,99,99,9,9,99,9,99,1,9,6,6,3,-1,-1,-1,-1,-1,-1,-1,-1,0,-1
2025010572176,2025,010572176,1,9,0,16,19,7,3,0,0,0,0,0,0,0,1,1,5,6,1,53,8,-1,-1,-1,-1,-1,-1,0,-1
2025010572176,2025,010572176,2,9,0,17,19,3,7,0,0,0,0,0,0,0,1,1,2,2,2,57,9,-1,-1,-1,-1,-1,-1,0,-1
2025010572179,2025,010572179,1,1,9,99,99,9,9,99,99,9,9,99,9,99,9,1,5,6,1,15,3,-1,-1,-1,-1,8,E01000216,0,2
2025010572179,2025,010572179,2,9,0,99,99,9,9,99,99,9,9,99,9,99,1,9,6,6,3,-1,-1,-1,-1,-1,-1,-1,-1,0,-1
2025010572182,2025,010572182,2,9,0,99,99,9,9,99,99,9,9,99,9,99,1,9,6,6,3,-1,-1,-1,-1,-1,-1,-1,-1,0,-1
2025010572182,2025,010572182,1,1,9,99,99,9,9,99,99,9,9,99,9,99,9,1,2,2,1,24,5,-1,-1,-1,-1,3,E01001785,0,1
2025010572183,2025,010572183,1,1,0,18,19,5,1,0,0,1,0,0,0,0,1,1,6,6,1,54,8,-1,-1,-1,-1,5,E01004591,0,1
2025010572185,2025,010572185,1,11,0,18,19,5,1,0,0,0,0,0,0,0,1,1,1,1,1,56,9,-1,-1,-1,-1,3,E01001941,0,1
2025010572185,2025,010572185,2,1,0,9,9,7,5,0,0,0,0,0,0,0,1,1,6,6,1,24,5,-1,-1,-1,-1,4,E01003058,0,2
2025010572186,2025,010572186,1,9,0,2,2,0,0,0,0,0,0,0,0,0,2,1,6,6,3,-1,-1,-1,-1,-1,-1,-1,-1,0,-1
2025010572186,2025,010572186,2,3,0,18,19,7,3,0,0,0,0,4,0,0,1,1,1,1,1,29,6,-1,-1,-1,-1,-1,-1,0,-1
2025010572188,2025,010572188,1,9,0,18,19,1,5,9,9,0,0,10,1,10,1,1,6,6,3,-1,-1,-1,-1,-1,-1,-1,-1,0,-1
2025010572191,2025,010572191,2,9,0,18,19,5,1,0,0,8,0,0,0,0,4,1,5,6,1,51,8,-1,-1,-1,-1,8,E01034434,0,4
2025010572191,2025,010572191,1,9,0,18,19,7,3,0,0,8,0,0,0,0,1,1,5,6,1,35,6,-1,-1,-1,-1,4,E01003018,0,1
2025010572192,2025,010572192,2,1,0,18,19,7,3,0,0,8,0,0,0,0,3,1,2,2,1,24,5,-1,-1,-1,-1,9,E01004598,0,2
2025010572192,2025,010572192,1,19,0,18,19,5,1,0,0,8,0,0,0,0,1,1,1,1,1,38,7,-1,-1,-1,-1,5,E01001859,0,2
2025010572193,2025,010572193,2,9,9,99,99,9,9,99,99,9,9,99,9,99,9,9,6,6,3,-1,-1,-1,-1,-1,-1,-1,-1,0,-1
2025010572193,2025,010572193,1,9,0,99,99,9,9,99,99,9,9,99,9,99,2,9,5,6,2,50,8,-1,-1,-1,-1,3,E01000055,0,4
2025010572195,2025,010572195,1,11,0,18,19,5,1,0,0,0,0,0,0,0,4,1,1,1,2,46,8,-1,-1,-1,-1,6,E01003100,0,2
2025010572199,2025,010572199,1,9,0,99,99,9,9,99,99,0,9,99,9,99,2,9,2,2,2,63,9,-1,-1,-1,-1,3,E01003598,0,1
2025010572199,2025,010572199,2,9,9,18,19,1,5,99,99,0,9,0,0,0,1,9,6,6,3,-1,-1,-1,-1,-1,-1,-1,-1,0,-1
2025010572200,2025,010572200,1,9,0,9,9,7,5,0,0,1,0,0,1,0,1,1,4,7,1,34,6,-1,-1,-1,-1,7,E01003696,0,1
2025010572201,2025,010572201,2,9,0,99,99,9,9,99,99,9,9,99,9,99,1,9,6,6,2,29,6,-1,-1,-1,-1,3,E01003989,0,1
2025010572201,2025,010572201,1,9,0,99,99,9,9,99,99,9,9,99,9,99,9,9,2,2,1,41,7,-1,-1,-1,-1,7,E01003957,0,1
2025010572202,2025,010572202,2,9,0,99,99,9,9,99,99,9,9,99,9,99,9,9,6,6,3,-1,-1,-1,-1,-1,-1,-1,-1,0,-1
2025010572202,2025,010572202,1,1,9,99,99,9,9,99,99,9,9,99,9,99,1,1,2,2,1,26,6,-1,-1,-1,-1,4,E01033870,0,1
2025010572205,2025,010572205,1,1,0,99,99,9,9,0,0,1,0,0,0,0,1,1,2,2,1,25,5,-1,-1,-1,-1,2,E01004469,0,1
2025010572205,2025,010572205,2,11,0,99,99,9,9,0,0,1,0,0,0,0,0,1,6,6,3,-1,-1,-1,-1,-1,-1,-1,-1,0,-1
2025010572212,2025,010572212,3,1,9,99,99,9,9,99,99,9,9,99,9,99,1,1,6,6,3,-1,-1,-1,-1,-1,-1,-1,-1,0,-1
2025010572212,2025,010572212,2,1,9,99,99,9,9,99,99,9,9,99,9,99,1,1,6,6,3,-1,-1,-1,-1,-1,-1,-1,-1,0,-1
2025010572212,2025,010572212,1,1,9,99,99,9,9,99,99,9,9,99,9,99,9,1,2,2,1,53,8,-1,-1,-1,-1,7,E01030402,0,4
2025010572217,2025,010572217,1,9,0,7,7,1,4,0,0,6,0,0,0,0,4,1,2,2,1,22,5,-1,-1,-1,-1,-1,-1,0,-1
2025010572217,2025,010572217,2,3,0,18,19,3,7,0,0,1,0,0,1,11,1,1,2,2,1,35,6,-1,-1,-1,-1,-1,-1,0,-1
2025010572219,2025,010572219,1,11,9,99,99,9,9,99,99,9,0,99,9,99,9,1,6,6,3,-1,-1,-1,-1,-1,-1,-1,-1,0,-1
2025010572220,2025,010572220,2,9,0,99,99,9,9,99,99,9,9,99,9,99,1,9,6,6,1,29,6,-1,-1,-1,-1,2,E01032579,0,1
2025010572220,2025,010572220,1,1,9,99,99,9,9,99,99,9,9,99,9,99,9,1,2,2,1,34,6,-1,-1,-1,-1,3,E01034179,0,1
2025010572222,2025,010572222,2,9,0,99,99,9,9,99,99,9,9,99,9,99,1,9,6,6,3,-1,-1,-1,-1,-1,-1,-1,-1,0,-1
2025010572222,2025,010572222,1,3,0,99,99,9,9,99,99,9,9,99,9,99,1,1,1,1,3,38,7,-1,-1,-1,-1,3,E01001448,0,1
2025010572226,2025,010572226,1,5,0,99,99,9,9,99,99,0,9,99,9,99,9,1,5,6,1,40,7,-1,-1,-1,-1,3,E01004364,0,1
2025010572226,2025,010572226,2,9,0,99,99,9,9,99,99,0,9,99,9,99,9,9,6,6,3,-1,-1,-1,-1,-1,-1,-1,-1,0,-1
2025010572227,2025,010572227,1,9,0,18,19,5,1,0,0,1,0,0,0,0,1,1,6,6,3,-1,-1,-1,-1,-1,-1,-1,-1,0,-1
2025010572230,2025,010572230,2,9,9,99,99,9,9,99,99,9,9,99,9,99,9,9,6,6,3,-1,-1,-1,-1,-1,-1,-1,-1,0,-1
2025010572230,2025,010572230,1,1,9,99,99,9,9,99,99,9,9,99,9,99,1,1,2,2,2,46,8,-1,-1,-1,-1,5,E01004419,0,1
2025010572232,2025,010572232,2,1,0,18,19,7,3,4,4,0,0,0,0,0,0,1,6,6,2,35,6,-1,-1,-1,-1,8,E01004648,0,1
2025010572232,2025,010572232,1,9,0,6,6,7,7,0,0,0,0,0,0,0,0,1,2,2,1,33,6,-1,-1,-1,-1,9,E01016256,0,4
2025010572238,2025,010572238,2,3,0,15,15,1,5,0,0,1,2,0,0,0,1,1,2,2,1,26,6,-1,-1,-1,-1,5,E01002651,0,1
2025010572238,2025,010572238,1,9,0,18,19,1,5,0,0,1,0,0,0,0,1,1,2,2,1,60,9,-1,-1,-1,-1,2,E01002606,0,1
2025010572242,2025,010572242,1,19,0,7,7,5,6,1,1,8,0,0,0,0,0,1,1,1,2,44,7,-1,-1,-1,-1,4,E01003091,0,1
2025010572242,2025,010572242,2,1,0,18,19,5,1,0,0,1,1,0,0,0,1,1,1,1,1,24,5,-1,-1,-1,-1,5,E01003029,0,1
2025010572255,2025,010572255,1,9,0,18,19,5,1,0,0,8,0,0,0,0,3,1,6,6,3,-1,-1,-1,-1,-1,-1,-1,-1,0,-1
2025010572258,2025,010572258,2,5,0,18,19,3,7,0,0,0,0,0,0,0,1,1,2,2,1,34,6,-1,-1,-1,-1,9,E01021446,0,4
2025010572258,2025,010572258,1,9,0,11,11,3,7,0,0,0,0,0,0,0,4,1,2,2,1,20,4,-1,-1,-1,-1,-1,-1,0,-1
2025010572260,2025,010572260,1,9,0,18,19,5,1,0,0,1,0,0,0,0,2,1,1,1,1,52,8,-1,-1,-1,-1,8,E01004609,0,1
2025010572260,2025,010572260,2,9,0,18,19,5,1,0,0,1,0,0,0,0,1,1,1,1,1,31,6,-1,-1,-1,-1,8,E01004609,0,1
2025010572267,2025,010572267,1,19,0,-1,-1,7,3,0,0,8,0,0,0,0,1,1,2,2,1,50,8,-1,-1,-1,-1,-1,-1,0,-1
2025010572267,2025,010572267,2,1,0,-1,-1,5,1,0,0,8,2,0,0,0,4,1,5,6,2,17,4,-1,-1,-1,-1,2,E01002843,0,1
2025010572268,2025,010572268,1,9,0,99,99,9,9,99,99,0,9,99,9,99,2,9,6,6,2,55,8,-1,-1,-1,-1,3,E01001675,0,1
2025010572270,2025,010572270,2,1,0,3,3,7,3,0,0,1,0,0,0,0,2,1,1,1,1,56,9,-1,-1,-1,-1,5,E01001682,0,3
2025010572270,2025,010572270,1,8,0,5,5,7,3,0,0,1,0,0,0,0,1,1,5,6,1,64,9,-1,-1,-1,-1,5,E01015888,0,4
2025010572272,2025,010572272,1,5,0,18,19,5,1,9,9,1,1,10,0,0,1,1,6,6,1,45,7,-1,-1,-1,-1,7,E01003199,0,3
2025010572276,2025,010572276,1,9,0,4,4,1,5,0,0,1,0,0,0,0,4,1,5,6,1,67,10,-1,-1,-1,-1,-1,-1,0,-1
2025010572276,2025,010572276,2,1,0,18,19,1,5,0,0,1,1,0,1,0,1,1,5,6,1,17,4,-1,-1,-1,-1,3,E01003430,0,1
2025010572277,2025,010572277,2,1,0,18,19,5,1,0,0,8,0,0,0,0,1,1,6,6,1,46,8,-1,-1,-1,-1,5,E01001142,0,1
2025010572277,2025,010572277,1,9,0,9,9,1,7,0,0,1,0,0,0,0,1,1,3,7,1,53,8,-1,-1,-1,-1,3,E01001111,0,1
2025010572281,2025,010572281,1,9,0,9,9,7,5,0,0,5,0,0,0,0,3,1,5,6,1,33,6,-1,-1,-1,-1,5,E01000664,0,2
2025010572281,2025,010572281,2,5,0,13,13,7,3,0,0,8,5,0,0,0,4,1,5,6,1,34,6,-1,-1,-1,-1,10,E01000325,0,3
2025010572288,2025,010572288,1,11,0,18,19,7,3,0,0,0,0,0,0,0,1,1,1,1,1,39,7,-1,-1,-1,-1,4,E01004212,0,1
2025010572288,2025,010572288,2,8,0,5,5,7,3,0,0,0,0,0,0,0,3,1,6,6,1,48,8,-1,-1,-1,-1,-1,-1,0,-1
2025010572291,2025,010572291,2,1,0,18,19,3,7,5,5,0,0,0,0,0,3,1,2,2,2,26,6,-1,-1,-1,-1,2,E01003932,0,1
2025010572291,2025,010572291,1,19,0,5,5,1,5,9,9,0,0,0,0,0,1,1,2,2,1,57,9,-1,-1,-1,-1,9,E01000451,0,3
2025010572295,2025,010572295,2,1,0,18,19,7,3,0,0,1,0,0,1,0,1,1,6,6,1,46,8,-1,-1,-1,-1,5,E01002179,0,2
2025010572295,2025,010572295,1,19,0,7,7,5,6,0,0,6,0,0,0,0,1,1,2,2,1,34,6,-1,-1,-1,-1,3,E01000515,0,1
2025010572300,2025,010572300,1,9,0,18,19,7,3,0,0,8,0,0,0,0,2,1,6,6,2,40,7,-1,-1,-1,-1,3,E01001547,0,1
2025010572301,2025,010572301,1,9,0,18,19,7,3,0,0,8,0,0,0,0,1,1,6,6,3,-1,-1,-1,-1,-1,-1,-1,-1,0,-1
2025010572301,2025,010572301,2,1,0,18,19,1,5,4,4,8,5,0,1,0,3,1,2,2,1,46,8,-1,-1,-1,-1,4,E01001756,0,1
2025010572307,2025,010572307,2,8,0,99,99,9,9,99,99,9,9,99,9,99,9,9,6,6,3,-1,-1,-1,-1,-1,-1,2,E01004311,0,1
2025010572307,2025,010572307,1,1,9,99,99,9,9,99,99,9,9,8,9,99,1,1,5,6,1,51,8,-1,-1,-1,-1,-1,-1,0,-1
2025010572311,2025,010572311,2,2,0,99,99,9,9,99,99,9,9,99,9,99,1,1,6,6,3,-1,-1,-1,-1,-1,-1,-1,-1,0,-1
2025010572311,2025,010572311,1,1,9,99,99,9,9,99,99,9,9,99,9,99,9,1,2,2,1,49,8,-1,-1,-1,-1,4,E01003141,0,2
2025010572315,2025,010572315,1,3,0,99,99,9,9,99,99,9,9,99,9,99,2,1,2,2,1,24,5,-1,-1,-1,-1,5,E01002234,0,2
2025010572315,2025,010572315,2,9,0,99,99,9,9,99,99,9,9,99,9,99,1,9,6,6,3,-1,-1,-1,-1,-1,-1,-1,-1,0,-1
2025010572316,2025,010572316,2,9,0,99,99,9,9,99,99,9,9,99,9,99,1,9,6,6,3,-1,-1,-1,-1,-1,-1,-1,-1,0,-1
2025010572316,2025,010572316,1,3,0,99,99,9,9,99,99,9,9,99,9,99,1,1,1,1,1,27,6,-1,-1,-1,-1,3,E01003629,0,1
2025010572317,2025,010572317,1,9,0,18,19,1,5,0,0,1,0,0,0,0,1,1,5,6,1,24,5,-1,-1,-1,-1,3,E01000955,0,1
2025010572317,2025,010572317,2,1,0,5,5,5,1,0,0,1,0,0,0,0,1,1,5,6,2,25,5,-1,-1,-1,-1,6,E01001852,0,2
2025010572322,2025,010572322,1,11,0,4,4,7,3,2,2,1,0,0,0,0,0,1,1,1,1,60,9,-1,-1,-1,-1,8,E01004585,0,2
2025010572334,2025,010572334,1,3,0,18,19,3,7,9,9,2,0,0,0,0,1,1,5,6,2,23,5,-1,-1,-1,-1,5,E01002677,0,1
2025010572334,2025,010572334,2,9,0,9,9,1,7,9,9,2,0,0,0,0,3,1,2,2,1,48,8,-1,-1,-1,-1,4,E01002645,0,1
2025010572336,2025,010572336,5,9,0,18,19,1,5,0,0,1,1,0,0,0,2,1,6,6,1,30,6,-1,-1,-1,-1,7,E01016000,0,3
2025010572336,2025,010572336,3,9,0,18,19,1,5,0,0,1,1,0,0,0,3,1,6,6,1,55,8,-1,-1,-1,-1,-1,-1,0,-1
2025010572336,2025,010572336,4,9,0,18,19,1,5,0,0,1,1,0,0,0,2,1,6,6,1,52,8,-1,-1,-1,-1,4,E01000031,0,1
2025010572336,2025,010572336,2,9,0,18,19,1,5,0,0,1,1,0,0,0,3,1,6,6,1,39,7,-1,-1,-1,-1,9,E01002322,0,1
2025010572336,2025,010572336,1,9,0,18,19,1,5,0,0,1,5,0,2,7,3,1,6,6,2,46,8,-1,-1,-1,-1,2,E01000065,0,1
2025010572336,2025,010572336,6,11,0,3,3,1,5,0,0,1,0,0,0,0,3,1,1,1,1,63,9,-1,-1,-1,-1,4,E01003733,0,2
2025010572341,2025,010572341,1,8,0,18,19,7,3,0,0,0,0,0,0,0,1,1,1,1,1,40,7,-1,-1,-1,-1,5,E01033921,0,2
2025010572342,2025,010572342,1,9,0,9,9,4,2,0,0,8,0,0,0,0,1,1,5,6,1,44,7,-1,-1,-1,-1,5,E01000745,0,1
2025010572342,2025,010572342,2,1,0,18,19,7,3,0,0,8,0,0,0,0,3,1,5,6,1,39,7,-1,-1,-1,-1,9,E01000708,0,1
2025010572345,2025,010572345,1,9,0,8,8,1,3,5,5,1,0,0,0,0,0,1,3,7,2,50,8,-1,-1,-1,-1,6,E01001415,0,1
2025010572345,2025,010572345,2,5,0,9,9,1,7,5,5,1,0,0,0,0,2,1,5,6,1,28,6,-1,-1,-1,-1,2,E01002087,0,1
2025010572347,2025,010572347,1,9,0,18,19,7,3,0,0,0,0,0,0,0,1,1,1,1,1,31,6,-1,-1,-1,-1,3,E01034390,0,1
2025010572347,2025,010572347,2,3,0,18,19,7,3,0,0,0,0,0,0,0,2,1,5,6,1,17,4,-1,-1,-1,-1,4,E01001623,0,1
2025010572348,2025,010572348,1,9,9,99,99,9,9,99,99,9,9,99,9,99,9,1,6,6,1,-1,-1,-1,-1,-1,-1,-1,-1,0,-1
2025010572350,2025,010572350,1,9,0,18,19,5,1,0,0,8,0,0,0,0,1,1,6,6,2,65,9,-1,-1,-1,-1,-1,-1,0,-1
2025010572350,2025,010572350,2,9,0,18,19,1,5,0,0,8,0,0,0,0,1,1,6,6,1,78,11,-1,-1,-1,-1,4,E01002557,0,3
2025010572351,2025,010572351,2,97,0,9,9,1,7,0,0,8,0,0,0,0,4,1,6,6,3,-1,-1,-1,-1,-1,-1,-1,-1,0,-1
2025010572351,2025,010572351,1,1,0,18,19,5,1,0,0,8,0,0,0,0,1,1,5,6,1,26,6,-1,-1,-1,-1,5,E01003855,0,1
2025010572352,2025,010572352,1,9,0,5,5,3,7,0,0,1,0,0,0,0,1,1,6,6,1,31,6,-1,-1,-1,-1,7,E01001600,0,1
2025010572356,2025,010572356,1,9,0,18,19,3,7,0,0,1,0,10,0,0,3,1,2,2,1,48,8,-1,-1,-1,-1,9,E01030317,0,2
2025010572356,2025,010572356,2,9,0,9,9,7,6,0,0,5,0,0,0,0,1,1,5,6,2,80,11,-1,-1,-1,-1,3,E01003829,0,1
2025010572357,2025,010572357,1,1,0,18,19,1,5,4,4,1,0,0,0,0,1,1,5,6,1,26,6,-1,-1,-1,-1,5,E01015872,0,4
2025010572358,2025,010572358,1,9,0,17,19,1,7,0,0,1,0,0,0,0,3,1,6,6,2,35,6,-1,-1,-1,-1,2,E01002786,0,1
2025010572358,2025,010572358,2,1,0,7,7,7,1,0,0,1,0,0,0,0,1,1,6,6,2,21,5,-1,-1,-1,-1,4,E01002058,0,1
2025010572359,2025,010572359,1,1,9,99,99,9,9,99,99,9,9,99,9,99,1,1,5,6,1,31,6,-1,-1,-1,-1,4,E01000875,0,1
2025010572359,2025,010572359,2,9,0,99,99,9,9,99,99,9,9,99,9,99,9,9,6,6,3,63,9,-1,-1,-1,-1,8,E01000136,0,1
2025010572360,2025,010572360,2,9,0,4,4,3,7,0,0,0,0,0,0,0,1,1,2,2,1,31,6,-1,-1,-1,-1,3,E01000578,0,1
2025010572360,2025,010572360,1,3,0,4,4,3,7,0,0,0,0,0,0,0,2,1,1,1,1,31,6,-1,-1,-1,-1,-1,-1,0,-1
2025010572365,2025,010572365,2,9,0,3,3,3,7,0,0,0,0,0,0,0,2,1,5,6,1,45,7,-1,-1,-1,-1,2,E01001151,0,1
2025010572365,2025,010572365,3,9,0,14,14,3,7,0,0,0,0,0,0,0,1,1,6,6,3,-1,-1,-1,-1,-1,-1,2,E01009499,0,5
2025010572365,2025,010572365,4,9,0,4,4,3,7,0,0,0,0,0,0,0,2,1,5,6,1,26,6,-1,-1,-1,-1,5,E01003375,0,1
2025010572365,2025,010572365,1,3,0,18,19,3,7,0,0,0,0,0,0,0,1,1,6,6,1,19,4,-1,-1,-1,-1,4,E01003220,0,2