collision_index,collision_year,collision_ref_no,vehicle_reference,vehicle_type,towing_and_articulation,vehicle_manoeuvre_historic,vehicle_manoeuvre,vehicle_direction_from,vehicle_direction_to,vehicle_location_restricted_lane_historic,vehicle_location_restricted_lane,junction_location,skidding_and_overturning,hit_object_in_carriageway,vehicle_leaving_carriageway,hit_object_off_carriageway,first_point_of_impact,vehicle_left_hand_drive,journey_purpose_of_driver_historic,journey_purpose_of_driver,sex_of_driver,age_of_driver,age_band_of_driver,engine_capacity_cc,propulsion_code,age_of_vehicle,generic_make_model,driver_imd_decile,lsoa_of_driver,escooter_flag,driver_distance_banding
2025010572365,2025,010572365,5,9,0,14,14,3,7,0,0,0,0,0,0,0,1,1,6,6,3,-1,-1,-1,-1,-1,-1,-1,-1,0,-1
2025010572371,2025,010572371,2,19,0,99,99,9,9,99,99,9,9,99,9,99,9,9,6,6,1,47,8,-1,-1,-1,-1,8,E01021086,0,4
2025010572371,2025,010572371,1,1,9,99,99,9,9,99,99,9,9,99,9,99,9,1,1,1,1,47,8,-1,-1,-1,-1,2,E01003963,0,2
2025010572375,2025,010572375,2,9,0,18,19,7,3,0,0,0,0,0,0,0,1,1,6,6,3,-1,-1,-1,-1,-1,-1,-1,-1,0,-1
2025010572375,2025,010572375,1,9,0,3,3,7,3,0,0,0,0,0,0,0,2,1,6,6,1,33,6,-1,-1,-1,-1,3,E01000506,0,1
2025010572378,2025,010572378,1,4,0,18,19,1,5,0,0,0,1,0,0,0,1,1,2,2,1,39,7,-1,-1,-1,-1,3,E01000141,0,2
2025010572380,2025,010572380,2,1,0,7,7,1,4,0,0,5,0,0,0,0,0,1,1,1,1,40,7,-1,-1,-1,-1,10,E01000896,0,1
2025010572380,2025,010572380,1,9,0,9,9,1,6,0,0,5,0,0,0,0,0,1,1,1,1,47,8,-1,-1,-1,-1,2,E01033148,0,3
2025010572381,2025,010572381,1,19,0,99,99,9,9,99,99,0,9,99,9,99,9,9,6,6,3,-1,-1,-1,-1,-1,-1,-1,-1,0,-1
2025010572382,2025,010572382,3,19,0,2,2,0,0,9,9,2,0,0,0,0,3,1,6,6,3,-1,-1,-1,-1,-1,-1,-1,-1,0,-1
2025010572382,2025,010572382,1,9,0,18,19,5,1,9,9,1,0,4,1,11,1,1,6,6,2,57,9,-1,-1,-1,-1,3,E01001436,0,1
2025010572382,2025,010572382,2,9,0,2,2,0,0,0,0,2,0,0,0,0,2,1,6,6,3,-1,-1,-1,-1,-1,-1,-1,-1,0,-1
2025010572387,2025,010572387,1,3,0,18,19,9,9,99,99,9,9,99,9,99,9,1,5,6,1,32,6,-1,-1,-1,-1,8,E01000241,0,2
2025010572387,2025,010572387,2,9,0,9,9,9,9,99,99,9,9,99,9,99,1,9,6,6,1,50,8,-1,-1,-1,-1,3,E01023530,0,3
2025010572388,2025,010572388,1,8,0,99,99,9,9,99,99,9,9,99,9,99,2,9,1,1,1,44,7,-1,-1,-1,-1,3,E01001188,0,3
2025010572388,2025,010572388,2,9,9,99,99,9,9,99,99,9,9,99,9,99,9,9,6,6,3,-1,-1,-1,-1,-1,-1,-1,-1,0,-1
2025010572394,2025,010572394,1,1,0,18,19,1,5,0,0,0,0,0,0,0,0,1,6,6,3,-1,-1,-1,-1,-1,-1,-1,-1,0,-1
2025010572396,2025,010572396,1,9,0,18,19,3,7,0,0,1,1,2,0,0,3,1,6,6,3,-1,-1,-1,-1,-1,-1,-1,-1,0,-1
2025010572396,2025,010572396,3,20,0,2,2,0,0,0,0,1,0,0,0,0,0,1,6,6,3,-1,-1,-1,-1,-1,-1,-1,-1,0,-1
2025010572396,2025,010572396,2,20,0,2,2,0,0,0,0,1,0,0,1,7,3,1,6,6,3,-1,-1,-1,-1,-1,-1,-1,-1,0,-1
2025010572397,2025,010572397,2,3,0,15,15,3,7,0,0,8,0,0,0,0,1,1,2,2,1,25,5,-1,-1,-1,-1,-1,-1,0,-1
2025010572397,2025,010572397,1,9,0,9,9,7,5,0,0,8,0,0,0,0,4,1,5,6,1,32,6,-1,-1,-1,-1,-1,-1,0,-1
2025010572399,2025,010572399,1,1,9,99,99,9,9,99,99,9,9,99,9,99,9,1,6,6,2,-1,-1,-1,-1,-1,-1,-1,-1,0,-1
2025010572401,2025,010572401,1,9,0,3,3,1,5,0,0,2,0,0,0,0,2,1,1,1,1,64,9,-1,-1,-1,-1,10,E01000755,0,3
2025010572401,2025,010572401,2,1,0,18,19,1,5,0,0,2,0,0,0,0,2,1,6,6,1,-1,-1,-1,-1,-1,-1,-1,-1,0,-1
2025010572402,2025,010572402,1,9,0,4,4,3,7,0,0,2,0,0,0,0,1,1,6,6,3,25,5,-1,-1,-1,-1,-1,-1,0,-1
2025010572408,2025,010572408,1,3,0,99,99,9,9,99,99,9,9,99,9,99,2,1,2,2,1,54,8,-1,-1,-1,-1,6,E01002111,0,3
2025010572408,2025,010572408,2,3,0,99,99,9,9,99,99,9,9,99,9,99,1,1,6,6,3,-1,-1,-1,-1,-1,-1,-1,-1,0,-1
2025010572409,2025,010572409,2,1,0,18,19,1,5,0,0,1,0,0,0,0,1,1,1,1,1,47,8,-1,-1,-1,-1,4,E01001140,0,1
2025010572409,2025,010572409,1,9,0,9,9,1,6,0,0,5,0,0,0,0,3,1,2,2,1,34,6,-1,-1,-1,-1,3,E01001143,0,1
2025010572410,2025,010572410,1,20,0,7,7,7,1,0,0,6,0,0,0,0,1,1,1,1,1,50,8,-1,-1,-1,-1,5,E01023535,0,2
2025010572413,2025,010572413,2,9,0,12,12,2,6,0,0,1,0,0,0,0,3,1,2,2,1,23,5,-1,-1,-1,-1,-1,-1,0,-1
2025010572413,2025,010572413,1,5,0,18,19,2,6,0,0,1,1,0,0,0,1,1,6,6,1,49,8,-1,-1,-1,-1,-1,-1,0,-1
2025010572414,2025,010572414,1,9,0,9,9,6,4,0,0,8,0,0,0,0,4,1,2,2,1,29,6,-1,-1,-1,-1,7,W01001230,0,5
2025010572414,2025,010572414,2,3,0,-1,-1,2,6,0,0,1,0,0,0,0,4,1,2,2,1,61,9,-1,-1,-1,-1,4,E01002663,0,1
2025010572415,2025,010572415,1,8,0,5,5,1,5,0,0,1,0,0,0,0,3,1,1,1,1,-1,-1,-1,-1,-1,-1,-1,-1,0,-1
2025010572416,2025,010572416,1,9,0,99,99,9,9,99,99,9,9,99,9,99,2,9,6,6,2,29,6,-1,-1,-1,-1,3,E01003523,0,1
2025010572416,2025,010572416,2,9,0,99,99,9,9,99,99,9,9,99,9,99,1,9,6,6,3,-1,-1,-1,-1,-1,-1,-1,-1,0,-1
2025010572417,2025,010572417,1,9,0,18,19,3,7,2,2,1,0,0,1,1,3,1,1,1,1,35,6,-1,-1,-1,-1,-1,-1,0,-1
2025010572417,2025,010572417,2,9,0,18,19,7,3,0,0,1,0,0,0,0,3,1,1,1,1,61,9,-1,-1,-1,-1,3,E01023876,0,4
2025010572418,2025,010572418,2,20,9,99,99,9,9,9,9,0,9,99,9,99,9,9,6,6,3,-1,-1,-1,-1,-1,-1,-1,-1,0,-1
2025010572418,2025,010572418,1,1,9,99,99,9,9,99,99,0,9,99,9,99,9,1,2,2,1,56,9,-1,-1,-1,-1,7,E01029216,0,5
2025010572422,2025,010572422,1,9,0,17,19,3,1,0,0,1,0,0,3,0,0,1,3,7,1,57,9,-1,-1,-1,-1,-1,-1,0,-1
2025010572426,2025,010572426,2,19,0,18,19,7,3,0,0,0,0,0,0,0,1,1,1,1,1,40,7,-1,-1,-1,-1,2,E01027151,0,4
2025010572426,2025,010572426,1,9,0,3,3,7,3,0,0,0,0,0,0,0,2,1,5,6,1,52,8,-1,-1,-1,-1,10,E01028615,0,4
2025010572428,2025,010572428,1,9,0,99,99,9,9,99,99,9,9,99,9,99,2,9,2,2,1,42,7,-1,-1,-1,-1,7,E01001160,0,1
2025010572428,2025,010572428,2,8,9,99,99,9,9,99,99,9,9,99,9,99,1,9,6,6,3,66,10,-1,-1,-1,-1,6,E01001095,0,2
2025010572433,2025,010572433,1,3,0,99,99,9,9,99,99,9,9,99,9,99,1,1,2,2,1,40,7,-1,-1,-1,-1,6,E01000575,0,1
2025010572433,2025,010572433,2,9,0,99,99,9,9,99,99,9,9,99,9,99,1,9,6,6,3,-1,-1,-1,-1,-1,-1,-1,-1,0,-1
2025010572442,2025,010572442,1,9,0,99,99,9,9,99,99,9,9,99,9,99,9,9,6,6,3,-1,-1,-1,-1,-1,-1,-1,-1,0,-1
2025010572442,2025,010572442,2,1,9,99,99,9,9,99,99,9,9,99,9,99,1,1,6,6,3,-1,-1,-1,-1,-1,-1,8,E01000653,0,1
2025010572444,2025,010572444,2,19,0,18,19,7,3,0,0,8,0,0,0,0,1,1,2,2,1,54,8,-1,-1,-1,-1,2,E01002870,0,1
2025010572444,2025,010572444,1,9,0,5,5,3,7,0,0,1,0,0,0,0,1,1,5,6,1,50,8,-1,-1,-1,-1,2,E01002870,0,1
2025010572446,2025,010572446,1,9,9,5,5,1,5,99,99,9,9,99,9,0,1,9,6,6,1,33,6,-1,-1,-1,-1,4,E01002780,0,1
2025010572446,2025,010572446,2,1,0,5,5,5,1,0,0,1,9,0,9,0,4,1,2,2,1,50,8,-1,-1,-1,-1,4,E01001724,0,1
2025010572451,2025,010572451,2,9,0,17,19,8,4,0,0,8,0,0,0,0,3,1,6,6,3,24,5,-1,-1,-1,-1,-1,-1,0,-1
2025010572451,2025,010572451,1,9,0,4,4,8,4,0,0,8,0,0,0,0,2,1,5,6,2,56,9,-1,-1,-1,-1,-1,-1,0,-1
2025010572465,2025,010572465,2,98,0,99,99,9,9,99,99,9,9,99,9,99,9,9,6,6,3,-1,-1,-1,-1,-1,-1,-1,-1,0,-1
2025010572465,2025,010572465,1,1,9,99,99,9,9,99,99,9,9,99,9,99,9,1,1,1,2,38,7,-1,-1,-1,-1,3,E01003201,0,3
2025010572466,2025,010572466,1,9,0,99,99,9,9,99,99,9,9,99,9,99,9,9,2,2,2,26,6,-1,-1,-1,-1,3,E01002457,0,3
2025010572466,2025,010572466,2,9,0,99,99,9,9,99,99,9,9,99,9,99,1,9,6,6,3,-1,-1,-1,-1,-1,-1,10,E01035141,0,5
2025010572468,2025,010572468,2,9,0,12,12,5,1,0,0,1,0,0,1,0,3,1,6,6,2,56,9,-1,-1,-1,-1,7,E01000324,0,1
2025010572468,2025,010572468,1,90,0,5,5,5,1,0,0,1,0,0,1,0,4,1,6,6,1,34,6,-1,-1,-1,-1,3,E01000138,0,2
2025010572470,2025,010572470,1,9,0,9,9,7,5,0,0,8,0,0,0,0,1,1,5,6,2,95,11,-1,-1,-1,-1,9,E01003798,0,1
2025010572470,2025,010572470,2,1,0,18,19,3,7,0,0,8,0,0,0,0,1,1,5,6,1,78,11,-1,-1,-1,-1,7,E01004499,0,1
2025010572471,2025,010572471,1,9,0,9,9,7,4,0,0,8,0,0,0,0,1,1,2,2,1,24,5,-1,-1,-1,-1,5,E01003766,0,3
2025010572471,2025,010572471,2,1,0,18,19,7,3,4,4,1,0,0,0,0,1,1,6,6,1,43,7,-1,-1,-1,-1,8,E01004582,0,3
2025010572475,2025,010572475,1,1,9,99,99,9,9,99,99,9,9,99,9,99,1,1,5,6,1,44,7,-1,-1,-1,-1,10,E01003380,0,1
2025010572476,2025,010572476,1,1,9,99,99,9,9,99,99,9,9,99,9,99,1,1,5,6,1,22,5,-1,-1,-1,-1,2,E01003535,0,2
2025010572476,2025,010572476,2,90,0,99,99,9,9,99,99,9,0,99,9,99,1,9,6,6,3,-1,-1,-1,-1,-1,-1,-1,-1,0,-1
2025010572478,2025,010572478,2,9,0,18,19,3,7,0,0,0,0,0,0,0,1,1,1,1,1,53,8,-1,-1,-1,-1,4,E01000333,0,1
2025010572478,2025,010572478,1,9,0,6,6,7,7,0,0,0,0,0,0,0,3,1,3,7,2,46,8,-1,-1,-1,-1,4,E01001694,0,1
2025010572487,2025,010572487,1,1,0,18,19,1,5,0,0,0,0,0,0,0,0,1,6,6,2,70,10,-1,-1,-1,-1,7,E01000764,0,1
2025010572490,2025,010572490,1,19,0,18,19,3,7,9,9,1,0,0,0,0,3,1,1,1,1,35,6,-1,-1,-1,-1,7,E01002887,0,1
2025010572490,2025,010572490,2,1,0,18,19,3,7,0,0,1,0,0,0,0,3,1,5,6,1,77,11,-1,-1,-1,-1,4,E01002576,0,1
2025010572491,2025,010572491,2,3,0,-1,-1,4,8,0,0,1,0,0,0,0,4,1,6,6,1,52,8,-1,-1,-1,-1,5,E01001613,0,3
2025010572491,2025,010572491,1,9,0,9,9,1,6,0,0,1,0,0,0,0,3,1,6,6,2,35,6,-1,-1,-1,-1,2,E01003181,0,1
2025010572492,2025,010572492,1,9,0,5,5,7,3,0,0,6,0,0,0,0,1,1,1,1,1,50,8,-1,-1,-1,-1,3,E01004041,0,1
2025010572492,2025,010572492,2,1,0,18,19,7,3,0,0,6,0,0,0,0,1,1,5,6,1,58,9,-1,-1,-1,-1,3,E01003989,0,1
2025010572493,2025,010572493,2,9,0,9,9,8,5,0,0,8,0,0,0,0,1,1,6,6,3,-1,-1,-1,-1,-1,-1,-1,-1,0,-1
2025010572493,2025,010572493,1,9,0,7,7,4,6,0,0,1,0,0,0,0,1,1,3,7,2,51,8,-1,-1,-1,-1,-1,-1,0,-1
2025010572494,2025,010572494,2,9,0,99,99,9,9,99,99,9,9,99,9,99,2,9,6,6,3,-1,-1,-1,-1,-1,-1,-1,-1,0,-1
2025010572494,2025,010572494,1,9,0,99,99,9,9,99,99,9,9,99,9,99,2,9,2,2,1,37,7,-1,-1,-1,-1,5,E01001512,0,1
2025010572500,2025,010572500,1,19,0,99,99,9,9,99,99,9,9,99,9,99,2,9,1,1,2,42,7,-1,-1,-1,-1,9,E01000804,0,3
2025010572502,2025,010572502,1,97,0,18,19,5,1,0,0,2,0,11,0,0,1,1,6,6,3,-1,-1,-1,-1,-1,-1,-1,-1,0,-1
2025010572503,2025,010572503,2,11,9,14,14,5,1,99,99,9,9,99,9,99,9,1,1,1,3,25,5,-1,-1,-1,-1,-1,-1,0,-1
2025010572503,2025,010572503,1,9,0,99,99,9,9,0,0,9,0,0,3,0,0,1,3,7,2,33,6,-1,-1,-1,-1,3,E01002375,0,1
2025010572504,2025,010572504,2,9,0,3,3,8,4,0,0,0,0,0,0,0,1,1,5,6,1,82,11,-1,-1,-1,-1,-1,-1,0,-1
2025010572504,2025,010572504,3,9,0,2,2,0,0,0,0,0,0,0,0,0,1,1,6,6,3,-1,-1,-1,-1,-1,-1,-1,-1,0,-1
2025010572504,2025,010572504,1,9,0,18,19,4,8,9,9,0,1,0,1,0,1,1,5,6,1,18,4,-1,-1,-1,-1,6,E01001070,0,1
2025010572509,2025,010572509,2,8,0,99,99,9,9,0,0,0,0,0,0,0,9,9,6,6,3,-1,-1,-1,-1,-1,-1,-1,-1,0,-1
2025010572509,2025,010572509,1,9,0,99,99,9,9,0,0,0,0,0,0,0,9,9,6,6,3,64,9,-1,-1,-1,-1,8,E01024454,0,4
2025010572518,2025,010572518,2,9,0,99,99,9,9,99,99,9,9,99,9,99,9,9,6,6,3,-1,-1,-1,-1,-1,-1,-1,-1,0,-1
2025010572518,2025,010572518,1,1,9,99,99,9,9,99,99,9,9,99,9,99,9,1,2,2,2,30,6,-1,-1,-1,-1,9,E01004589,0,1
2025010572523,2025,010572523,1,9,0,18,19,3,7,0,0,2,0,0,0,0,4,1,5,6,2,43,7,-1,-1,-1,-1,2,E01003546,0,1
2025010572523,2025,010572523,2,9,0,18,19,5,1,0,0,1,0,0,1,0,1,1,6,6,3,-1,-1,-1,-1,-1,-1,-1,-1,0,-1
2025010572525,2025,010572525,1,3,0,13,13,1,5,0,0,0,0,0,0,0,4,1,5,6,1,21,5,-1,-1,-1,-1,4,E01018709,0,5
2025010572525,2025,010572525,2,9,0,18,19,1,5,0,0,0,0,0,0,0,3,1,5,6,1,64,9,-1,-1,-1,-1,7,E01004700,0,2
2025010572525,2025,010572525,3,9,0,18,19,1,5,0,0,0,0,0,0,0,4,1,1,1,1,49,8,-1,-1,-1,-1,3,E01023343,0,4
2025010572526,2025,010572526,2,9,0,99,99,9,9,99,99,9,9,99,9,99,9,9,6,6,3,-1,-1,-1,-1,-1,-1,-1,-1,0,-1
2025010572526,2025,010572526,1,11,0,99,99,9,9,99,99,9,9,99,9,99,1,9,5,6,1,43,7,-1,-1,-1,-1,5,E01000996,0,4
2025010572529,2025,010572529,2,9,0,99,99,9,9,99,99,9,9,99,9,99,1,9,6,6,3,-1,-1,-1,-1,-1,-1,-1,-1,0,-1
2025010572529,2025,010572529,1,3,0,99,99,9,9,99,99,9,9,99,9,99,2,1,1,1,1,18,4,-1,-1,-1,-1,5,E01003415,0,1
2025010572530,2025,010572530,2,1,0,5,5,5,1,0,0,4,0,0,0,0,4,1,1,1,1,27,6,-1,-1,-1,-1,3,E01000506,0,1
2025010572530,2025,010572530,1,9,0,5,5,8,4,0,0,4,0,0,0,0,1,1,2,2,1,47,8,-1,-1,-1,-1,5,E01001247,0,1
2025010572532,2025,010572532,1,1,3,5,5,3,7,0,0,8,0,0,0,0,3,1,2,2,1,50,8,-1,-1,-1,-1,7,E01003820,0,3
2025010572532,2025,010572532,2,1,0,4,4,3,7,0,0,1,0,0,0,0,4,1,2,2,1,40,7,-1,-1,-1,-1,5,E01000443,0,3
2025010572533,2025,010572533,2,1,0,-1,-1,5,1,0,0,1,1,0,0,0,1,1,1,1,1,22,5,-1,-1,-1,-1,2,E01033801,0,4
2025010572533,2025,010572533,1,19,0,13,13,1,5,0,0,1,0,0,0,0,1,1,6,6,1,53,8,-1,-1,-1,-1,7,E01017593,0,4
2025010572540,2025,010572540,1,9,0,18,19,1,5,0,0,1,0,0,0,0,3,1,5,6,2,66,10,-1,-1,-1,-1,7,E01004173,0,1
2025010572540,2025,010572540,3,19,0,18,19,5,1,0,0,1,1,0,0,0,0,1,5,6,1,44,7,-1,-1,-1,-1,2,E01004129,0,1
2025010572540,2025,010572540,2,9,0,18,19,5,1,0,0,2,0,10,1,0,3,1,5,6,2,23,5,-1,-1,-1,-1,9,E01026406,0,5
2025010572542,2025,010572542,1,9,0,10,10,3,1,0,0,1,0,0,0,0,1,1,6,6,1,24,5,-1,-1,-1,-1,7,E01023576,0,2
2025010572542,2025,010572542,2,5,0,13,13,7,3,0,0,1,0,0,0,0,1,1,6,6,1,37,7,-1,-1,-1,-1,4,E01000171,0,1
2025010572546,2025,010572546,1,9,0,99,99,9,9,99,99,9,9,99,9,99,1,9,6,6,3,-1,-1,-1,-1,-1,-1,8,E01023627,0,4
2025010572550,2025,010572550,2,1,0,18,19,3,7,0,0,1,0,0,0,0,1,1,5,6,1,17,4,-1,-1,-1,-1,1,E01001483,0,1
2025010572550,2025,010572550,1,9,0,18,19,7,3,0,0,1,0,0,0,0,1,2,5,6,1,43,7,-1,-1,-1,-1,4,E01001514,0,1
2025010572551,2025,010572551,2,2,0,99,99,9,9,99,99,9,9,99,9,99,2,1,6,6,3,-1,-1,-1,-1,-1,-1,-1,-1,0,-1
2025010572551,2025,010572551,1,1,9,99,99,9,9,99,99,9,9,99,9,99,2,1,2,2,1,61,9,-1,-1,-1,-1,6,E01004049,0,1
2025010572553,2025,010572553,1,5,0,3,3,3,7,0,0,1,0,0,0,0,0,1,1,1,1,60,9,-1,-1,-1,-1,-1,-1,0,-1
2025010572553,2025,010572553,2,9,0,3,3,3,7,0,0,1,0,4,0,0,1,1,1,1,2,33,6,-1,-1,-1,-1,3,E01003973,0,1
2025010572554,2025,010572554,3,3,0,18,19,7,3,0,0,1,0,0,0,0,4,1,5,6,1,40,7,-1,-1,-1,-1,3,E01000642,0,1
2025010572554,2025,010572554,1,9,0,18,19,1,5,0,0,1,0,0,7,7,1,1,5,6,2,74,10,-1,-1,-1,-1,1,E01000595,0,1
2025010572554,2025,010572554,2,9,0,18,19,1,5,0,0,1,0,0,0,0,2,1,1,1,1,55,8,-1,-1,-1,-1,6,E01000960,0,1
2025010572555,2025,010572555,2,3,0,13,13,7,3,0,0,8,0,0,0,0,1,1,6,6,1,31,6,-1,-1,-1,-1,3,E01034143,0,1
2025010572555,2025,010572555,1,9,0,9,9,7,5,0,0,8,0,0,0,0,3,1,6,6,2,24,5,-1,-1,-1,-1,3,E01003241,0,2
2025010572558,2025,010572558,1,9,0,99,99,9,9,99,99,9,9,99,9,99,4,9,2,2,3,27,6,-1,-1,-1,-1,2,E01023294,0,3
2025010572558,2025,010572558,2,9,0,99,99,9,9,99,99,9,9,99,9,99,9,9,6,6,3,55,8,-1,-1,-1,-1,6,E01004357,0,1
2025010572559,2025,010572559,1,1,9,99,99,9,9,99,99,9,9,99,9,99,9,1,1,1,2,38,7,-1,-1,-1,-1,3,E01003024,0,1
2025010572559,2025,010572559,2,90,0,99,99,9,9,99,99,9,9,99,9,99,1,9,6,6,3,-1,-1,-1,-1,-1,-1,-1,-1,0,-1
2025010572560,2025,010572560,1,1,9,99,99,9,9,99,99,9,9,99,9,99,9,1,5,6,1,37,7,-1,-1,-1,-1,2,E01002686,0,1
2025010572560,2025,010572560,2,9,0,99,99,9,9,99,99,9,9,99,9,99,9,9,6,6,3,-1,-1,-1,-1,-1,-1,-1,-1,0,-1
2025010572563,2025,010572563,2,9,0,9,9,3,1,0,0,6,0,0,0,0,1,1,6,6,3,-1,-1,-1,-1,-1,-1,-1,-1,0,-1
2025010572563,2025,010572563,1,9,0,3,3,7,3,0,0,6,0,0,0,0,2,1,5,6,1,26,6,-1,-1,-1,-1,2,E01002003,0,1
2025010572567,2025,010572567,1,3,0,18,19,6,2,0,0,3,0,0,0,0,1,1,6,6,1,28,6,-1,-1,-1,-1,5,E01002202,0,2
2025010572567,2025,010572567,2,9,0,18,19,6,2,0,0,3,0,0,0,0,3,1,6,6,1,26,6,-1,-1,-1,-1,10,E01023812,0,3
2025010572568,2025,010572568,2,11,0,2,2,0,0,0,0,2,0,0,0,0,2,1,6,6,3,-1,-1,-1,-1,-1,-1,-1,-1,0,-1
2025010572568,2025,010572568,3,9,0,3,3,5,1,0,0,1,0,4,0,0,2,1,5,6,1,49,8,-1,-1,-1,-1,3,E01004445,0,1
2025010572568,2025,010572568,1,11,0,3,3,5,1,0,0,1,0,0,0,0,1,1,1,1,1,63,9,-1,-1,-1,-1,2,E01003735,0,2
2025010572569,2025,010572569,1,19,9,99,99,9,9,99,99,9,0,0,0,0,9,9,6,6,1,59,9,-1,-1,-1,-1,1,E01001442,0,2
2025010572571,2025,010572571,1,1,9,18,19,9,9,99,99,9,9,99,9,99,9,1,2,2,1,34,6,-1,-1,-1,-1,5,E01033708,0,1
2025010572571,2025,010572571,2,8,0,5,5,9,9,99,99,9,9,99,9,99,9,9,6,6,3,-1,-1,-1,-1,-1,-1,6,E01001964,0,2
2025010572572,2025,010572572,2,1,0,18,19,3,7,4,4,0,5,0,1,0,1,1,2,2,1,36,7,-1,-1,-1,-1,4,E01002641,0,2
2025010572572,2025,010572572,1,9,0,7,7,3,6,4,4,0,0,0,1,0,1,1,5,6,1,24,5,-1,-1,-1,-1,-1,-1,0,-1
2025010572573,2025,010572573,2,9,0,99,99,9,9,99,99,9,9,99,9,99,1,9,6,6,2,53,8,-1,-1,-1,-1,4,E01024771,0,4
2025010572573,2025,010572573,1,1,9,99,99,9,9,99,99,9,9,99,9,99,1,1,5,6,1,19,4,-1,-1,-1,-1,4,E01000428,0,1
2025010572574,2025,010572574,2,9,0,99,99,9,9,99,99,9,9,99,9,99,1,9,6,6,3,-1,-1,-1,-1,-1,-1,-1,-1,0,-1
2025010572574,2025,010572574,1,9,0,99,99,9,9,99,99,9,9,99,9,99,2,9,5,6,1,35,6,-1,-1,-1,-1,3,E01004413,0,1
2025010572575,2025,010572575,1,1,9,99,99,9,9,99,99,0,9,99,9,99,9,1,2,2,1,40,7,-1,-1,-1,-1,2,E01001848,0,1
2025010572575,2025,010572575,2,19,0,99,99,9,9,99,99,0,9,99,9,99,1,9,6,6,3,-1,-1,-1,-1,-1,-1,-1,-1,0,-1
2025010572580,2025,010572580,2,9,0,9,9,1,7,0,0,1,0,0,0,0,1,1,6,6,3,-1,-1,-1,-1,-1,-1,2,E01002615,0,2
2025010572580,2025,010572580,1,5,0,14,14,5,1,0,0,1,0,0,0,0,1,1,1,1,1,43,7,-1,-1,-1,-1,6,E01001207,0,1
2025010572581,2025,010572581,1,1,9,99,99,9,9,99,99,9,9,99,9,99,9,1,2,2,2,48,8,-1,-1,-1,-1,3,E01003295,0,1
2025010572583,2025,010572583,1,8,0,18,19,5,1,0,0,0,0,0,0,0,3,1,1,1,1,28,6,-1,-1,-1,-1,3,E01000090,0,1
2025010572586,2025,010572586,2,9,0,2,2,0,0,0,0,2,0,0,0,0,2,1,6,6,3,-1,-1,-1,-1,-1,-1,-1,-1,0,-1
2025010572586,2025,010572586,3,9,0,-1,-1,3,7,0,0,2,0,0,0,0,1,1,5,6,1,22,5,-1,-1,-1,-1,-1,-1,0,-1
2025010572586,2025,010572586,1,9,0,2,2,0,0,0,0,2,0,10,1,0,2,1,6,6,3,-1,-1,-1,-1,-1,-1,-1,-1,0,-1
2025010572587,2025,010572587,1,9,0,18,19,1,5,0,0,8,0,7,1,7,1,1,5,6,1,75,10,-1,-1,-1,-1,10,E01002459,0,2
2025010572588,2025,010572588,1,9,0,4,4,5,1,0,0,0,0,0,7,0,2,1,5,6,1,27,6,-1,-1,-1,-1,4,E01000689,0,2
2025010572588,2025,010572588,2,9,0,18,19,5,1,0,0,0,0,0,0,0,1,1,5,6,2,41,7,-1,-1,-1,-1,10,E01022537,0,4
2025010572588,2025,010572588,3,9,0,18,19,5,1,0,0,0,0,0,0,0,1,1,5,6,1,23,5,-1,-1,-1,-1,7,E01000778,0,1
2025010572593,2025,010572593,2,2,0,5,5,7,3,0,0,7,1,0,0,0,2,1,1,1,1,35,6,-1,-1,-1,-1,7,E01003646,0,2
2025010572593,2025,010572593,1,9,0,5,5,7,3,0,0,6,0,4,0,0,1,1,6,6,1,21,5,-1,-1,-1,-1,3,E01023496,0,4
2025010572594,2025,010572594,2,8,0,6,6,9,9,99,99,9,9,99,9,99,9,9,6,6,3,-1,-1,-1,-1,-1,-1,-1,-1,0,-1
2025010572594,2025,010572594,1,1,9,18,19,9,9,99,99,9,9,99,9,99,1,1,5,6,1,31,6,-1,-1,-1,-1,-1,-1,0,-1
2025010572598,2025,010572598,3,1,0,18,19,7,3,0,0,1,0,0,0,0,1,1,6,6,1,38,7,-1,-1,-1,-1,3,E01002649,0,3
2025010572598,2025,010572598,1,9,0,9,9,5,3,0,0,1,0,0,0,0,0,1,1,1,1,28,6,-1,-1,-1,-1,7,E01003456,0,1
2025010572598,2025,010572598,2,9,0,18,19,7,3,0,0,1,0,0,0,0,2,1,6,6,1,32,6,-1,-1,-1,-1,9,E01035438,0,4
2025010572602,2025,010572602,1,19,0,1,1,1,5,0,0,0,0,0,0,0,2,1,1,1,1,23,5,-1,-1,-1,-1,2,E01002392,0,4
2025010572602,2025,010572602,2,8,0,3,3,5,1,0,0,0,0,0,0,0,1,1,1,1,1,50,8,-1,-1,-1,-1,3,E01035499,0,1
2025010572603,2025,010572603,2,1,0,5,5,1,5,0,0,8,0,0,0,0,1,1,6,6,1,53,8,-1,-1,-1,-1,6,E01001254,0,1
2025010572603,2025,010572603,1,9,0,9,9,3,1,0,0,6,0,0,0,0,3,1,5,6,1,25,5,-1,-1,-1,-1,2,E01034042,0,1