collision_index,collision_year,collision_ref_no,vehicle_reference,vehicle_type,towing_and_articulation,vehicle_manoeuvre_historic,vehicle_manoeuvre,vehicle_direction_from,vehicle_direction_to,vehicle_location_restricted_lane_historic,vehicle_location_restricted_lane,junction_location,skidding_and_overturning,hit_object_in_carriageway,vehicle_leaving_carriageway,hit_object_off_carriageway,first_point_of_impact,vehicle_left_hand_drive,journey_purpose_of_driver_historic,journey_purpose_of_driver,sex_of_driver,age_of_driver,age_band_of_driver,engine_capacity_cc,propulsion_code,age_of_vehicle,generic_make_model,driver_imd_decile,lsoa_of_driver,escooter_flag,driver_distance_banding
2025010573554,2025,010573554,2,9,0,18,19,3,7,0,0,0,0,0,0,0,3,1,1,1,1,50,8,-1,-1,-1,-1,4,E01002629,0,4
2025010573554,2025,010573554,1,5,0,14,14,3,7,0,0,0,1,0,0,0,3,1,2,2,2,21,5,-1,-1,-1,-1,-1,-1,0,-1
2025010573558,2025,010573558,2,9,0,99,99,9,9,99,99,9,9,99,9,99,9,9,6,6,3,-1,-1,-1,-1,-1,-1,-1,-1,0,-1
2025010573558,2025,010573558,1,9,0,99,99,9,9,99,99,9,9,99,9,99,1,9,2,2,1,41,7,-1,-1,-1,-1,2,E01001653,0,3
2025010573560,2025,010573560,1,1,9,99,99,9,9,99,99,9,9,99,9,99,1,1,6,6,3,-1,-1,-1,-1,-1,-1,-1,-1,0,-1
2025010573561,2025,010573561,1,1,9,99,99,9,9,99,99,9,9,99,9,99,9,1,5,6,1,68,10,-1,-1,-1,-1,6,E01002661,0,1
2025010573561,2025,010573561,2,90,0,99,99,9,9,99,99,9,9,99,9,99,1,9,6,6,3,-1,-1,-1,-1,-1,-1,-1,-1,0,-1
2025010573562,2025,010573562,1,9,0,99,99,9,9,99,99,9,9,99,9,99,3,9,2,2,2,39,7,-1,-1,-1,-1,7,E01015560,0,5
2025010573562,2025,010573562,2,9,0,99,99,9,9,99,99,9,9,99,9,99,1,9,6,6,1,35,6,-1,-1,-1,-1,4,E01002058,0,2
2025010573577,2025,010573577,1,11,0,5,5,5,1,8,6,0,0,0,0,0,0,1,1,1,1,27,6,-1,-1,-1,-1,2,E01000223,0,1
2025010573578,2025,010573578,2,9,0,-1,-1,1,5,0,0,9,0,0,0,0,1,1,5,6,1,21,5,-1,-1,-1,-1,8,E01022721,0,5
2025010573578,2025,010573578,1,5,0,-1,-1,1,5,0,0,8,0,0,0,0,1,1,5,6,1,61,9,-1,-1,-1,-1,6,E01002123,0,1
2025010573581,2025,010573581,1,9,9,18,19,5,1,0,0,9,9,11,0,0,1,1,6,6,3,-1,-1,-1,-1,-1,-1,-1,-1,0,-1
2025010573584,2025,010573584,1,9,0,4,4,5,1,0,0,1,0,0,0,0,1,1,5,6,2,36,7,-1,-1,-1,-1,3,E01000523,0,1
2025010573584,2025,010573584,2,1,0,9,9,7,5,0,0,2,0,0,0,0,3,1,5,6,1,12,3,-1,-1,-1,-1,2,E01000533,0,1
2025010573594,2025,010573594,1,3,9,99,99,9,9,99,99,9,9,99,9,99,9,1,5,6,2,36,7,-1,-1,-1,-1,5,E01002202,0,3
2025010573594,2025,010573594,2,9,0,99,99,9,9,99,99,9,9,99,9,99,9,9,6,6,3,-1,-1,-1,-1,-1,-1,4,E01001397,0,1
2025010573595,2025,010573595,4,9,0,7,7,6,7,0,0,0,0,0,0,0,0,1,1,1,1,39,7,-1,-1,-1,-1,2,E01003619,0,1
2025010573595,2025,010573595,2,19,0,3,3,5,1,0,0,0,0,0,0,0,2,1,1,1,1,56,9,-1,-1,-1,-1,3,E01003630,0,1
2025010573595,2025,010573595,1,8,0,3,3,5,1,0,0,0,0,0,0,0,2,1,1,1,1,57,9,-1,-1,-1,-1,3,E01003524,0,1
2025010573595,2025,010573595,3,9,0,18,19,5,1,0,0,0,0,0,0,0,1,1,6,6,1,21,5,-1,-1,-1,-1,-1,-1,0,-1
2025010573598,2025,010573598,1,11,0,18,19,3,7,2,2,0,0,0,0,0,0,1,1,1,1,35,6,-1,-1,-1,-1,3,E01004460,0,3
2025010573599,2025,010573599,1,9,0,99,99,9,9,99,99,9,9,99,9,99,1,9,6,6,3,-1,-1,-1,-1,-1,-1,-1,-1,0,-1
2025010573603,2025,010573603,2,9,0,99,99,9,9,99,99,9,9,99,9,99,1,9,6,6,1,31,6,-1,-1,-1,-1,4,E01003214,0,1
2025010573603,2025,010573603,1,9,0,99,99,9,9,99,99,9,9,99,9,99,2,9,5,6,1,23,5,-1,-1,-1,-1,4,E01004015,0,1
2025010573605,2025,010573605,2,3,0,18,19,1,5,0,0,1,0,0,0,0,1,1,1,1,1,26,6,-1,-1,-1,-1,3,E01002610,0,1
2025010573605,2025,010573605,1,19,0,9,9,1,8,0,0,1,0,0,0,0,2,1,1,1,1,45,7,-1,-1,-1,-1,3,E01002502,0,2
2025010573607,2025,010573607,2,90,0,4,4,1,5,0,0,1,0,0,0,0,1,1,6,6,2,33,6,-1,-1,-1,-1,2,E01003049,0,2
2025010573607,2025,010573607,1,5,0,9,9,7,5,0,0,8,0,0,0,0,1,1,5,6,1,29,6,-1,-1,-1,-1,6,E01000352,0,3
2025010573610,2025,010573610,2,9,0,18,19,7,3,0,0,1,1,10,7,0,3,1,2,2,2,38,7,-1,-1,-1,-1,3,E01004020,0,3
2025010573610,2025,010573610,1,9,0,18,19,5,1,0,0,1,0,10,0,0,1,1,4,7,1,17,4,-1,-1,-1,-1,4,E01004380,0,1
2025010573611,2025,010573611,1,9,0,99,99,9,9,99,99,9,9,99,9,99,3,9,5,6,1,29,6,-1,-1,-1,-1,3,E01002502,0,1
2025010573611,2025,010573611,2,9,9,99,99,9,9,99,99,9,9,99,9,99,9,9,6,6,3,-1,-1,-1,-1,-1,-1,3,E01001368,0,1
2025010573614,2025,010573614,1,3,0,5,5,7,3,9,9,2,0,0,0,0,3,1,1,1,1,28,6,-1,-1,-1,-1,-1,-1,0,-1
2025010573614,2025,010573614,2,9,0,1,1,1,5,0,0,1,0,4,0,0,2,1,6,6,1,46,8,-1,-1,-1,-1,6,E01033592,0,1
2025010573618,2025,010573618,1,9,0,18,19,7,3,0,0,1,0,0,0,0,1,1,6,6,1,30,6,-1,-1,-1,-1,2,E01000484,0,1
2025010573621,2025,010573621,2,9,0,99,99,9,9,99,99,9,9,99,9,99,9,9,6,6,3,-1,-1,-1,-1,-1,-1,-1,-1,0,-1
2025010573621,2025,010573621,1,1,9,99,99,9,9,99,99,9,9,99,9,99,1,1,5,6,2,29,6,-1,-1,-1,-1,3,E01035653,0,1
2025010573624,2025,010573624,2,5,0,14,14,7,3,0,0,1,0,0,0,0,1,1,5,6,1,27,6,-1,-1,-1,-1,-1,-1,0,-1
2025010573624,2025,010573624,1,9,0,9,9,7,5,0,0,5,0,0,0,0,1,1,5,6,1,30,6,-1,-1,-1,-1,-1,-1,0,-1
2025010573626,2025,010573626,1,1,0,18,19,3,7,4,4,1,0,0,0,0,1,1,6,6,1,24,5,-1,-1,-1,-1,5,E01004513,0,3
2025010573626,2025,010573626,2,1,0,9,9,5,3,0,0,6,0,0,0,0,1,1,6,6,1,36,7,-1,-1,-1,-1,6,E01034196,0,1
2025010573627,2025,010573627,1,9,0,9,9,8,6,0,0,6,0,10,0,0,1,1,6,6,1,19,4,-1,-1,-1,-1,6,E01002410,0,1
2025010573628,2025,010573628,1,98,0,99,99,9,9,99,99,9,9,99,9,99,2,9,6,6,1,61,9,-1,-1,-1,-1,10,E01002431,0,3
2025010573632,2025,010573632,1,9,0,18,19,3,7,0,0,1,0,0,0,0,1,1,1,1,1,32,6,-1,-1,-1,-1,9,E01003356,0,1
2025010573632,2025,010573632,2,4,0,18,19,3,7,9,9,6,0,0,0,0,1,1,6,6,1,25,5,-1,-1,-1,-1,-1,-1,0,-1
2025010573633,2025,010573633,1,1,9,99,99,9,9,99,99,9,9,99,9,99,2,1,5,6,1,34,6,-1,-1,-1,-1,7,E01002007,0,2
2025010573633,2025,010573633,2,19,0,99,99,9,9,99,99,9,9,99,9,99,1,9,6,6,3,-1,-1,-1,-1,-1,-1,2,E01001732,0,1
2025010573635,2025,010573635,1,9,0,7,7,1,3,0,0,6,0,0,0,0,4,1,6,6,1,25,5,-1,-1,-1,-1,3,E01035672,0,2
2025010573635,2025,010573635,2,3,0,18,19,7,3,0,0,1,0,0,0,0,1,1,6,6,1,22,5,-1,-1,-1,-1,2,E01033881,0,1
2025010573638,2025,010573638,1,3,0,-1,-1,3,7,0,0,1,0,0,0,0,2,1,2,2,1,28,6,-1,-1,-1,-1,5,E01033083,0,1
2025010573638,2025,010573638,2,9,0,-1,-1,3,7,0,0,8,0,0,0,0,1,1,6,6,3,-1,-1,-1,-1,-1,-1,-1,-1,0,-1
2025010573640,2025,010573640,1,9,0,99,99,9,9,99,99,4,9,99,9,99,2,9,5,6,1,34,6,-1,-1,-1,-1,6,E01017812,0,2
2025010573643,2025,010573643,1,1,0,5,5,1,5,0,0,1,2,0,0,0,1,1,1,1,1,46,8,-1,-1,-1,-1,2,E01003984,0,2
2025010573643,2025,010573643,2,3,0,5,5,5,1,0,0,1,1,0,1,0,0,1,6,6,1,38,7,-1,-1,-1,-1,7,E01003016,0,1
2025010573644,2025,010573644,1,9,0,12,12,5,1,0,0,0,5,7,0,0,2,1,5,6,1,41,7,-1,-1,-1,-1,8,E01000314,0,3
2025010573645,2025,010573645,2,9,0,16,19,4,5,0,0,0,0,0,0,0,0,1,5,6,1,19,4,-1,-1,-1,-1,-1,-1,0,-1
2025010573645,2025,010573645,1,9,0,16,19,1,4,0,0,0,0,10,7,4,1,1,6,6,1,21,5,-1,-1,-1,-1,2,E01001145,0,2
2025010573655,2025,010573655,1,1,9,99,99,9,9,99,99,9,9,99,9,99,1,1,2,2,1,45,7,-1,-1,-1,-1,10,E01032983,0,4
2025010573658,2025,010573658,1,1,9,99,99,9,9,99,99,9,9,99,9,99,9,1,2,2,2,31,6,-1,-1,-1,-1,3,E01002708,0,1
2025010573658,2025,010573658,2,9,0,99,99,9,9,99,99,9,9,99,9,99,1,9,6,6,3,59,9,-1,-1,-1,-1,3,E01002712,0,1
2025010573659,2025,010573659,1,19,0,18,19,3,7,0,0,3,0,0,0,0,4,1,1,1,1,51,8,-1,-1,-1,-1,8,E01018287,0,4
2025010573659,2025,010573659,2,9,0,18,19,3,7,0,0,4,0,0,0,0,1,1,6,6,1,13,3,-1,-1,-1,-1,6,E01034189,0,1
2025010573662,2025,010573662,1,19,0,9,9,7,5,0,0,8,0,0,0,0,4,1,1,1,1,57,9,-1,-1,-1,-1,7,E01012024,0,5
2025010573662,2025,010573662,2,5,0,3,3,7,3,0,0,1,2,0,0,0,1,1,6,6,1,43,7,-1,-1,-1,-1,-1,-1,0,-1
2025010573663,2025,010573663,1,1,9,99,99,9,9,99,99,9,9,99,9,99,9,1,2,2,1,45,7,-1,-1,-1,-1,4,E01003999,0,1
2025010573664,2025,010573664,2,23,0,18,19,7,3,5,5,0,0,0,0,0,1,1,2,2,1,24,5,-1,-1,-1,-1,8,E01001913,0,1
2025010573664,2025,010573664,1,1,0,18,19,7,3,5,5,0,0,0,0,0,1,1,5,6,1,66,10,-1,-1,-1,-1,5,E01002899,0,2
2025010573666,2025,010573666,2,3,0,9,9,5,3,0,0,1,0,0,0,0,4,1,1,1,1,29,6,-1,-1,-1,-1,3,E01000315,0,2
2025010573666,2025,010573666,1,19,0,18,19,1,5,0,0,1,0,0,0,0,1,1,1,1,1,42,7,-1,-1,-1,-1,8,E01000536,0,1
2025010573669,2025,010573669,1,3,0,99,99,9,9,99,99,9,9,99,9,99,9,1,1,1,1,42,7,-1,-1,-1,-1,3,E01032582,0,1
2025010573669,2025,010573669,2,11,0,99,99,9,9,99,99,9,9,99,9,99,9,9,6,6,3,-1,-1,-1,-1,-1,-1,-1,-1,0,-1
2025010573672,2025,010573672,1,9,0,99,99,9,9,99,99,9,9,99,9,99,2,1,6,6,3,-1,-1,-1,-1,-1,-1,-1,-1,0,-1
2025010573676,2025,010573676,2,9,0,99,99,9,9,99,99,0,9,99,9,99,9,9,6,6,2,-1,-1,-1,-1,-1,-1,5,E01034481,0,3
2025010573676,2025,010573676,1,1,9,99,99,9,9,99,99,0,9,99,9,99,9,1,2,2,1,35,6,-1,-1,-1,-1,3,E01004251,0,1
2025010573677,2025,010573677,1,9,0,1,1,5,1,0,0,0,0,0,0,0,2,9,6,6,3,-1,-1,-1,-1,-1,-1,-1,-1,0,-1
2025010573678,2025,010573678,1,11,0,3,3,5,1,2,2,2,0,0,0,0,0,1,1,1,1,24,5,-1,-1,-1,-1,2,E01000526,0,1
2025010573678,2025,010573678,2,3,0,14,14,5,1,0,0,1,0,4,0,0,1,1,2,2,1,27,6,-1,-1,-1,-1,-1,-1,0,-1
2025010573680,2025,010573680,2,9,0,3,3,5,1,0,0,1,0,0,1,0,1,1,5,6,1,36,7,-1,-1,-1,-1,-1,-1,0,-1
2025010573680,2025,010573680,3,9,0,3,3,5,1,0,0,1,0,0,1,0,1,1,2,2,2,49,8,-1,-1,-1,-1,-1,-1,0,-1
2025010573680,2025,010573680,1,9,0,3,3,5,1,0,0,1,0,0,0,0,2,2,6,6,2,66,10,-1,-1,-1,-1,-1,-1,0,-1
2025010573680,2025,010573680,4,9,0,4,4,5,1,0,0,1,0,0,0,0,1,1,6,6,3,-1,-1,-1,-1,-1,-1,-1,-1,0,-1
2025010573683,2025,010573683,2,9,0,5,5,5,1,0,0,1,0,0,0,0,1,1,5,6,1,32,6,-1,-1,-1,-1,5,E01003666,0,3
2025010573683,2025,010573683,1,3,0,6,6,1,1,0,0,1,0,0,0,0,2,1,6,6,1,22,5,-1,-1,-1,-1,-1,-1,0,-1
2025010573689,2025,010573689,1,9,0,2,2,0,0,99,99,9,9,99,9,99,1,1,6,6,3,-1,-1,-1,-1,-1,-1,-1,-1,0,-1
2025010573689,2025,010573689,2,9,9,99,99,9,9,99,99,9,9,99,9,99,9,9,6,6,3,-1,-1,-1,-1,-1,-1,-1,-1,0,-1
2025010573691,2025,010573691,1,11,0,14,14,1,5,2,2,0,0,0,0,0,4,1,1,1,1,26,6,-1,-1,-1,-1,3,E01003917,0,2
2025010573692,2025,010573692,1,9,0,99,99,9,9,99,99,9,9,99,9,99,9,9,6,6,2,73,10,-1,-1,-1,-1,8,E01002569,0,1
2025010573694,2025,010573694,1,9,0,9,9,5,2,0,0,1,0,0,0,0,4,1,2,2,1,72,10,-1,-1,-1,-1,6,E01000299,0,1
2025010573694,2025,010573694,2,19,0,18,19,1,5,0,0,8,0,0,0,0,1,1,1,1,1,49,8,-1,-1,-1,-1,6,E01004699,0,3
2025010573694,2025,010573694,3,19,0,3,3,3,7,0,0,1,0,0,0,0,1,1,1,1,1,29,6,-1,-1,-1,-1,6,E01000174,0,1
2025010573699,2025,010573699,1,11,9,99,99,9,9,99,99,9,9,99,9,99,9,9,6,6,3,-1,-1,-1,-1,-1,-1,-1,-1,0,-1
2025010573701,2025,010573701,2,9,0,99,99,9,9,99,99,9,9,99,9,99,2,9,6,6,3,-1,-1,-1,-1,-1,-1,10,E01003465,0,1
2025010573701,2025,010573701,1,9,0,99,99,9,9,99,99,9,9,99,9,99,3,9,6,6,1,56,9,-1,-1,-1,-1,10,E01003474,0,1
2025010573704,2025,010573704,2,9,9,99,99,9,9,99,99,9,9,99,9,99,9,9,6,6,3,-1,-1,-1,-1,-1,-1,-1,-1,0,-1
2025010573704,2025,010573704,1,1,9,-1,-1,1,5,99,99,9,9,99,9,99,9,1,3,7,1,-1,-1,-1,-1,-1,-1,2,E01003509,0,1
2025010573715,2025,010573715,1,19,0,7,7,1,4,0,0,8,0,0,0,0,4,1,1,1,1,40,7,-1,-1,-1,-1,3,E01004384,0,3
2025010573715,2025,010573715,2,1,0,18,19,1,5,0,0,8,0,0,0,0,1,1,2,2,1,31,6,-1,-1,-1,-1,6,E01002745,0,1
2025010573716,2025,010573716,2,5,0,15,15,4,8,0,0,2,0,0,0,0,1,1,1,1,1,57,9,-1,-1,-1,-1,8,E01034385,0,3
2025010573716,2025,010573716,1,9,0,3,3,8,4,0,0,2,0,0,0,0,0,1,1,1,1,61,9,-1,-1,-1,-1,9,E01004559,0,2
2025010573720,2025,010573720,2,4,0,18,19,6,2,2,2,1,0,0,0,0,2,1,5,6,1,42,7,-1,-1,-1,-1,6,E01034182,0,1
2025010573720,2025,010573720,1,9,0,7,7,6,8,0,0,8,0,0,0,0,1,1,5,6,2,34,6,-1,-1,-1,-1,6,E01021404,0,4
2025010573723,2025,010573723,1,9,0,9,9,3,1,0,0,6,0,0,0,0,4,1,2,2,2,41,7,-1,-1,-1,-1,2,E01003337,0,1
2025010573726,2025,010573726,1,3,0,99,99,9,9,99,99,9,9,99,9,99,9,1,5,6,1,22,5,-1,-1,-1,-1,2,E01001357,0,2
2025010573726,2025,010573726,2,9,0,99,99,9,9,99,99,9,9,99,9,99,9,9,6,6,3,-1,-1,-1,-1,-1,-1,-1,-1,0,-1
2025010573727,2025,010573727,2,19,0,99,99,9,9,99,99,9,9,99,9,99,9,9,6,6,1,-1,-1,-1,-1,-1,-1,-1,-1,0,-1
2025010573727,2025,010573727,1,1,9,99,99,9,9,99,99,9,9,99,9,99,1,1,2,2,1,25,5,-1,-1,-1,-1,4,E01001932,0,1
2025010573728,2025,010573728,1,1,9,99,99,9,9,99,99,9,9,99,9,99,1,1,1,1,1,39,7,-1,-1,-1,-1,2,E01001755,0,1
2025010573728,2025,010573728,2,9,0,99,99,9,9,99,99,9,9,99,9,99,2,9,6,6,3,-1,-1,-1,-1,-1,-1,-1,-1,0,-1
2025010573733,2025,010573733,1,3,9,99,99,9,9,99,99,9,9,99,9,99,1,1,1,1,1,27,6,-1,-1,-1,-1,4,E01024339,0,4
2025010573733,2025,010573733,2,9,0,99,99,9,9,99,99,9,9,99,9,99,2,9,6,6,3,-1,-1,-1,-1,-1,-1,-1,-1,0,-1
2025010573739,2025,010573739,2,1,0,11,11,8,4,0,0,1,0,0,0,0,1,1,6,6,1,20,4,-1,-1,-1,-1,3,E01004720,0,1
2025010573739,2025,010573739,1,9,0,9,9,5,2,0,0,1,0,0,0,0,1,2,5,6,1,30,6,-1,-1,-1,-1,2,E01002856,0,1
2025010573742,2025,010573742,1,9,0,5,5,1,5,0,0,1,0,0,0,0,1,1,5,6,1,37,7,-1,-1,-1,-1,4,E01002738,0,1
2025010573743,2025,010573743,2,9,0,5,5,7,3,0,0,1,0,0,0,0,1,1,5,6,1,45,7,-1,-1,-1,-1,1,E01001776,0,1
2025010573743,2025,010573743,1,5,0,14,14,7,3,0,0,1,0,0,0,0,4,1,5,6,1,28,6,-1,-1,-1,-1,1,E01004199,0,1
2025010573745,2025,010573745,2,9,0,99,99,9,9,99,99,0,9,99,9,99,2,9,6,6,3,-1,-1,-1,-1,-1,-1,3,E01004402,0,1
2025010573745,2025,010573745,1,9,0,99,99,9,9,99,99,0,9,99,9,99,1,9,5,6,2,67,10,-1,-1,-1,-1,3,E01004402,0,1
2025010573750,2025,010573750,2,19,0,99,99,9,9,99,99,9,9,99,9,99,1,9,6,6,3,-1,-1,-1,-1,-1,-1,-1,-1,0,-1
2025010573750,2025,010573750,1,1,9,99,99,9,9,99,99,9,9,99,9,99,9,1,2,2,1,51,8,-1,-1,-1,-1,4,E01002752,0,1
2025010573751,2025,010573751,1,1,9,99,99,9,9,99,99,9,9,99,9,99,2,1,5,6,1,43,7,-1,-1,-1,-1,2,E01001331,0,1
2025010573751,2025,010573751,2,98,0,99,99,9,9,99,99,9,9,99,9,99,1,9,6,6,1,-1,-1,-1,-1,-1,-1,8,E01017669,0,4
2025010573761,2025,010573761,2,1,0,18,19,5,1,4,4,1,0,0,1,0,1,1,1,1,1,52,8,-1,-1,-1,-1,9,E01002468,0,1
2025010573761,2025,010573761,1,9,0,9,9,5,2,0,0,5,0,0,0,0,4,1,2,2,1,54,8,-1,-1,-1,-1,9,E01002460,0,1
2025010573762,2025,010573762,2,1,0,18,19,3,7,0,0,8,0,0,0,0,4,1,6,6,1,22,5,-1,-1,-1,-1,7,E01001937,0,1
2025010573762,2025,010573762,1,19,0,18,19,5,1,0,0,8,0,0,0,0,4,1,1,1,1,53,8,-1,-1,-1,-1,5,E01002677,0,3
2025010573763,2025,010573763,2,9,0,18,19,5,1,0,0,0,0,0,0,0,2,1,2,2,2,42,7,-1,-1,-1,-1,10,E01021471,0,3
2025010573763,2025,010573763,1,9,0,18,19,5,1,0,0,0,0,0,0,0,1,1,5,6,1,47,8,-1,-1,-1,-1,3,E01021342,0,4
2025010573764,2025,010573764,1,11,0,9,9,5,3,0,0,2,0,0,0,0,0,1,1,1,1,70,10,-1,-1,-1,-1,7,E01000228,0,1
2025010573769,2025,010573769,2,9,9,99,99,9,9,99,99,9,9,99,9,99,9,9,6,6,3,-1,-1,-1,-1,-1,-1,-1,-1,0,-1
2025010573769,2025,010573769,1,9,0,99,99,9,9,99,99,9,9,99,9,99,2,9,5,6,2,50,8,-1,-1,-1,-1,8,E01001888,0,1
2025010573771,2025,010573771,1,9,0,15,15,2,6,0,0,1,0,0,0,0,1,1,5,6,2,18,4,-1,-1,-1,-1,10,E01000458,0,1
2025010573771,2025,010573771,2,9,0,9,9,3,2,0,0,2,0,0,0,0,4,1,5,6,2,47,8,-1,-1,-1,-1,-1,-1,0,-1
2025010573775,2025,010573775,1,5,0,13,13,5,1,0,0,1,0,0,0,0,1,1,2,2,1,42,7,-1,-1,-1,-1,8,E01035341,0,4
2025010573778,2025,010573778,1,1,0,7,7,3,6,0,0,7,0,0,0,0,1,1,2,2,1,30,6,-1,-1,-1,-1,4,E01002598,0,1
2025010573778,2025,010573778,2,9,0,9,9,5,2,0,0,8,0,0,0,0,1,1,6,6,3,-1,-1,-1,-1,-1,-1,-1,-1,0,-1
2025010573782,2025,010573782,1,9,9,99,99,9,9,99,99,9,9,99,9,99,9,1,6,6,3,48,8,-1,-1,-1,-1,2,E01001218,0,1
2025010573782,2025,010573782,2,9,0,99,99,9,9,99,99,9,0,99,9,99,9,1,6,6,3,-1,-1,-1,-1,-1,-1,-1,-1,0,-1
2025010573783,2025,010573783,2,19,0,9,9,7,5,0,0,1,0,0,0,0,1,1,1,1,1,38,7,-1,-1,-1,-1,2,E01002604,0,1
2025010573783,2025,010573783,1,9,0,18,19,1,5,0,0,1,0,0,0,0,4,1,5,6,2,30,6,-1,-1,-1,-1,7,E01030701,0,1
2025010573784,2025,010573784,1,8,0,10,10,1,6,0,0,1,0,0,0,0,1,1,1,1,1,45,7,-1,-1,-1,-1,5,E01033792,0,4
2025010573784,2025,010573784,2,3,0,14,14,1,5,0,0,1,0,0,0,0,1,1,6,6,1,64,9,-1,-1,-1,-1,3,E01003068,0,2
2025010573786,2025,010573786,2,3,0,11,11,7,3,0,0,1,1,0,0,0,1,1,1,1,1,23,5,-1,-1,-1,-1,4,E01003602,0,2
2025010573786,2025,010573786,1,9,0,4,4,7,3,0,0,1,0,0,0,0,2,1,1,1,1,40,7,-1,-1,-1,-1,3,E01000535,0,3
2025010573787,2025,010573787,2,20,0,18,19,7,3,0,0,1,0,10,2,7,1,1,1,1,1,38,7,-1,-1,-1,-1,2,E01000891,0,3
2025010573787,2025,010573787,1,9,0,8,8,1,3,0,0,2,0,0,1,7,1,1,5,6,2,47,8,-1,-1,-1,-1,6,E01003664,0,2
2025010573788,2025,010573788,1,5,0,18,19,1,5,0,0,0,0,0,0,0,1,1,2,2,1,21,5,-1,-1,-1,-1,3,E01001113,0,2
2025010573794,2025,010573794,1,1,9,99,99,9,9,99,99,0,9,99,9,99,1,1,6,6,1,-1,-1,-1,-1,-1,-1,-1,-1,0,-1
2025010573798,2025,010573798,3,1,0,18,19,6,2,0,0,2,0,0,0,0,2,1,5,6,1,19,4,-1,-1,-1,-1,8,E01002269,0,1
2025010573798,2025,010573798,1,3,0,18,19,6,2,0,0,2,0,0,0,0,0,1,6,6,1,35,6,-1,-1,-1,-1,4,E01003578,0,3
2025010573798,2025,010573798,2,1,0,18,19,6,2,0,0,2,0,0,0,0,1,1,5,6,1,73,10,-1,-1,-1,-1,7,E01002296,0,1
2025010573800,2025,010573800,1,1,0,18,19,7,3,0,0,1,0,0,0,0,1,1,4,7,1,16,4,-1,-1,-1,-1,6,E01004608,0,1
2025010573802,2025,010573802,1,9,0,5,5,5,1,0,0,1,0,10,1,0,1,1,2,2,1,62,9,-1,-1,-1,-1,2,E01033699,0,3
2025010573805,2025,010573805,2,9,0,9,9,3,8,0,0,8,0,0,0,0,4,1,6,6,1,23,5,-1,-1,-1,-1,2,E01004721,0,1
2025010573805,2025,010573805,1,3,0,18,19,8,4,0,0,8,5,0,0,0,1,1,1,1,1,32,6,-1,-1,-1,-1,5,E01002236,0,3
2025010573808,2025,010573808,1,9,0,18,19,3,7,0,0,2,5,4,0,0,3,1,6,6,1,29,6,-1,-1,-1,-1,-1,-1,0,-1
2025010573808,2025,010573808,2,9,0,2,2,0,0,0,0,2,0,0,0,0,2,1,6,6,3,-1,-1,-1,-1,-1,-1,-1,-1,0,-1
2025010573808,2025,010573808,3,19,0,2,2,0,0,0,0,2,0,0,0,0,1,1,6,6,3,-1,-1,-1,-1,-1,-1,-1,-1,0,-1
2025010573814,2025,010573814,2,1,0,9,9,1,6,0,0,1,0,0,0,0,2,1,1,1,1,34,6,-1,-1,-1,-1,9,E01003861,0,2
2025010573814,2025,010573814,1,97,0,18,19,1,5,0,0,1,0,0,0,0,1,1,6,6,3,-1,-1,-1,-1,-1,-1,-1,-1,0,-1
2025010573815,2025,010573815,1,22,0,18,19,5,1,9,9,1,5,10,0,0,0,1,5,6,1,43,7,-1,-1,-1,-1,2,E01003300,0,2
2025010573816,2025,010573816,1,5,0,17,19,1,5,9,9,8,5,10,3,11,0,1,5,6,1,31,6,-1,-1,-1,-1,5,E01033791,0,2
2025010573817,2025,010573817,2,19,0,9,9,1,6,0,0,1,0,0,0,0,4,2,6,6,1,26,6,-1,-1,-1,-1,4,E01004569,0,3
2025010573817,2025,010573817,1,3,0,18,19,7,3,0,0,1,5,0,0,0,1,1,6,6,1,22,5,-1,-1,-1,-1,3,E01003560,0,2
2025010573818,2025,010573818,1,9,0,4,4,3,7,0,0,1,0,0,0,0,1,1,2,2,1,55,8,-1,-1,-1,-1,2,E01003325,0,2
2025010573819,2025,010573819,1,11,9,99,99,9,9,99,99,1,9,99,9,99,9,1,1,1,1,21,5,-1,-1,-1,-1,8,E01014705,0,5
2025010573819,2025,010573819,2,1,9,99,99,9,9,99,99,1,9,99,9,99,9,1,5,6,1,27,6,-1,-1,-1,-1,8,E01004552,0,1
2025010573820,2025,010573820,2,1,0,3,3,3,7,0,0,1,5,0,0,0,1,1,5,6,1,21,5,-1,-1,-1,-1,7,E01032767,0,1
2025010573820,2025,010573820,1,9,0,14,14,3,7,0,0,1,0,4,0,0,1,1,6,6,3,-1,-1,-1,-1,-1,-1,-1,-1,0,-1
2025010573821,2025,010573821,1,3,0,99,99,9,9,99,99,9,9,99,9,99,1,1,5,6,2,29,6,-1,-1,-1,-1,8,E01030730,0,4
2025010573821,2025,010573821,2,9,0,99,99,9,9,99,99,9,9,99,9,99,9,9,6,6,3,-1,-1,-1,-1,-1,-1,-1,-1,0,-1