collision_index,collision_year,collision_ref_no,vehicle_reference,vehicle_type,towing_and_articulation,vehicle_manoeuvre_historic,vehicle_manoeuvre,vehicle_direction_from,vehicle_direction_to,vehicle_location_restricted_lane_historic,vehicle_location_restricted_lane,junction_location,skidding_and_overturning,hit_object_in_carriageway,vehicle_leaving_carriageway,hit_object_off_carriageway,first_point_of_impact,vehicle_left_hand_drive,journey_purpose_of_driver_historic,journey_purpose_of_driver,sex_of_driver,age_of_driver,age_band_of_driver,engine_capacity_cc,propulsion_code,age_of_vehicle,generic_make_model,driver_imd_decile,lsoa_of_driver,escooter_flag,driver_distance_banding
2025010573822,2025,010573822,2,9,0,99,99,9,9,99,99,9,9,99,9,99,1,9,6,6,3,-1,-1,-1,-1,-1,-1,-1,-1,0,-1
2025010573822,2025,010573822,1,3,0,99,99,9,9,99,99,9,9,99,9,99,9,1,1,1,1,39,7,-1,-1,-1,-1,2,E01004410,0,1
2025010573828,2025,010573828,3,9,0,2,2,0,0,0,0,2,0,0,0,0,2,1,6,6,3,-1,-1,-1,-1,-1,-1,-1,-1,0,-1
2025010573828,2025,010573828,1,9,0,18,19,3,7,0,0,1,5,4,0,0,1,1,2,2,2,26,6,-1,-1,-1,-1,2,E01002356,0,3
2025010573828,2025,010573828,2,9,0,2,2,0,0,0,0,2,0,0,0,0,1,1,6,6,3,-1,-1,-1,-1,-1,-1,-1,-1,0,-1
2025010573828,2025,010573828,4,9,0,2,2,0,0,0,0,2,0,0,0,0,2,1,6,6,3,-1,-1,-1,-1,-1,-1,-1,-1,0,-1
2025010573831,2025,010573831,2,9,0,10,10,5,2,0,0,2,0,0,0,0,1,1,6,6,2,46,8,-1,-1,-1,-1,9,E01003362,0,1
2025010573831,2025,010573831,1,9,0,18,19,3,7,0,0,1,0,0,1,10,1,1,6,6,1,44,7,-1,-1,-1,-1,5,E01003000,0,2
2025010573831,2025,010573831,3,9,0,18,19,3,7,0,0,1,0,0,0,0,1,1,6,6,2,98,11,-1,-1,-1,-1,9,E01003462,0,1
2025010573833,2025,010573833,1,1,9,99,99,9,9,99,99,0,9,99,9,99,1,1,6,6,3,-1,-1,-1,-1,-1,-1,-1,-1,0,-1
2025010573835,2025,010573835,1,3,0,5,5,7,3,0,0,1,0,0,0,0,1,1,6,6,1,34,6,-1,-1,-1,-1,2,E01001426,0,3
2025010573835,2025,010573835,2,5,0,4,4,7,3,0,0,1,0,0,0,0,1,1,1,1,1,32,6,-1,-1,-1,-1,5,E01003662,0,4
2025010573835,2025,010573835,3,5,0,7,7,7,2,0,0,5,0,0,0,0,0,1,1,1,1,30,6,-1,-1,-1,-1,5,E01003662,0,4
2025010573836,2025,010573836,1,3,0,99,99,9,9,99,99,9,9,99,9,99,2,1,1,1,1,30,6,-1,-1,-1,-1,7,E01002207,0,1
2025010573836,2025,010573836,2,9,0,99,99,9,9,99,99,9,9,99,9,99,1,9,6,6,3,-1,-1,-1,-1,-1,-1,7,E01002427,0,1
2025010573841,2025,010573841,1,9,0,1,1,9,9,99,99,9,9,99,9,99,2,9,6,6,2,-1,-1,-1,-1,-1,-1,-1,-1,0,-1
2025010573842,2025,010573842,2,9,0,99,99,9,9,99,99,9,9,99,9,99,1,9,6,6,3,35,6,-1,-1,-1,-1,-1,-1,0,-1
2025010573842,2025,010573842,1,3,0,99,99,9,9,99,99,9,9,99,9,99,9,1,1,1,1,26,6,-1,-1,-1,-1,1,E01000601,0,1
2025010573854,2025,010573854,1,9,0,99,99,9,9,99,99,0,9,99,9,99,9,9,5,6,1,83,11,-1,-1,-1,-1,10,E01003442,0,1
2025010573863,2025,010573863,1,9,0,4,4,1,5,0,0,8,1,0,0,0,3,1,5,6,1,33,6,-1,-1,-1,-1,2,E01001687,0,3
2025010573867,2025,010573867,2,9,0,9,9,3,8,0,0,1,0,0,0,0,1,1,6,6,1,27,6,-1,-1,-1,-1,3,E01034198,0,1
2025010573867,2025,010573867,1,9,0,18,19,3,7,0,0,5,0,0,0,0,3,2,1,1,1,19,4,-1,-1,-1,-1,2,E01034198,0,1
2025010573876,2025,010573876,1,8,9,99,99,9,9,99,99,9,9,99,9,99,9,9,6,6,3,-1,-1,-1,-1,-1,-1,-1,-1,0,-1
2025010573880,2025,010573880,2,9,0,10,10,1,6,0,0,1,0,4,3,0,1,2,3,7,2,26,6,-1,-1,-1,-1,5,E01002689,0,1
2025010573880,2025,010573880,1,9,0,18,19,7,3,0,0,1,1,10,7,11,4,1,5,6,2,57,9,-1,-1,-1,-1,3,E01001858,0,1
2025010573881,2025,010573881,1,1,0,18,19,1,5,0,0,1,0,0,0,0,1,1,6,6,3,25,5,-1,-1,-1,-1,-1,-1,0,-1
2025010573883,2025,010573883,1,9,0,5,5,7,3,0,0,1,0,4,0,0,1,1,6,6,1,39,7,-1,-1,-1,-1,-1,-1,0,-1
2025010573883,2025,010573883,2,9,0,3,3,7,3,0,0,1,0,0,0,0,2,1,6,6,2,53,8,-1,-1,-1,-1,-1,-1,0,-1
2025010573885,2025,010573885,1,19,0,18,19,3,7,0,0,1,0,0,0,0,1,1,1,1,1,59,9,-1,-1,-1,-1,2,E01003633,0,2
2025010573886,2025,010573886,2,9,0,99,99,9,9,99,99,9,9,99,9,99,1,9,6,6,3,-1,-1,-1,-1,-1,-1,-1,-1,0,-1
2025010573886,2025,010573886,1,3,0,99,99,9,9,99,99,9,9,99,9,99,1,1,5,6,2,33,6,-1,-1,-1,-1,2,E01003576,0,2
2025010573887,2025,010573887,1,9,0,18,19,7,3,0,0,2,0,0,0,0,1,2,5,6,2,44,7,-1,-1,-1,-1,3,E01001246,0,1
2025010573890,2025,010573890,1,9,0,99,99,9,9,99,99,9,9,99,9,99,9,9,6,6,1,43,7,-1,-1,-1,-1,4,E01002805,0,1
2025010573890,2025,010573890,2,1,9,99,99,9,9,99,99,9,9,99,9,99,1,1,6,6,1,-1,-1,-1,-1,-1,-1,-1,-1,0,-1
2025010573895,2025,010573895,1,11,0,7,7,3,5,0,0,8,0,0,0,0,4,1,5,6,1,37,7,-1,-1,-1,-1,3,E01001365,0,1
2025010573896,2025,010573896,2,19,0,99,99,9,9,99,99,9,9,99,9,99,9,9,1,1,1,34,6,-1,-1,-1,-1,6,E01001184,0,2
2025010573896,2025,010573896,1,1,9,99,99,9,9,99,99,9,9,99,9,99,9,1,2,2,1,31,6,-1,-1,-1,-1,3,E01034214,0,3
2025010573899,2025,010573899,1,5,0,14,14,4,8,0,0,0,0,0,0,0,0,1,2,2,1,49,8,-1,-1,-1,-1,7,E01002385,0,4
2025010573903,2025,010573903,1,9,0,99,99,9,9,99,99,9,9,99,9,99,2,9,6,6,3,-1,-1,-1,-1,-1,-1,-1,-1,0,-1
2025010573905,2025,010573905,2,98,0,99,99,9,9,99,99,9,9,99,9,99,1,9,6,6,3,-1,-1,-1,-1,-1,-1,-1,-1,0,-1
2025010573905,2025,010573905,1,3,0,99,99,9,9,99,99,9,9,99,9,99,2,1,5,6,1,24,5,-1,-1,-1,-1,6,E01002220,0,3
2025010573906,2025,010573906,1,9,0,18,19,1,5,0,0,0,0,0,0,0,1,1,6,6,3,-1,-1,-1,-1,-1,-1,-1,-1,0,-1
2025010573907,2025,010573907,1,9,0,9,9,5,2,0,0,5,0,0,0,0,4,1,2,2,1,36,7,-1,-1,-1,-1,10,E01022892,0,4
2025010573907,2025,010573907,2,1,0,18,19,1,5,0,0,8,5,0,0,0,1,1,2,2,1,30,6,-1,-1,-1,-1,4,E01002592,0,1
2025010573909,2025,010573909,1,1,9,99,99,9,9,99,99,9,9,99,9,99,1,1,2,2,2,52,8,-1,-1,-1,-1,6,E01003173,0,1
2025010573909,2025,010573909,2,9,0,99,99,9,9,99,99,9,9,99,9,99,9,9,6,6,3,-1,-1,-1,-1,-1,-1,-1,-1,0,-1
2025010573915,2025,010573915,2,19,0,99,99,9,9,99,99,9,9,99,9,99,9,9,6,6,3,-1,-1,-1,-1,-1,-1,-1,-1,0,-1
2025010573915,2025,010573915,1,3,0,99,99,9,9,99,99,9,9,99,9,99,1,1,2,2,1,27,6,-1,-1,-1,-1,1,E01000221,0,1
2025010573920,2025,010573920,1,9,0,99,99,9,9,99,99,9,9,99,9,99,1,9,6,6,3,-1,-1,-1,-1,-1,-1,-1,-1,0,-1
2025010573922,2025,010573922,1,1,9,99,99,9,9,99,99,9,9,99,9,99,1,1,5,6,1,20,4,-1,-1,-1,-1,6,E01004520,0,1
2025010573922,2025,010573922,2,20,0,99,99,9,9,99,99,9,9,99,9,99,9,9,6,6,3,66,10,-1,-1,-1,-1,10,E01030777,0,4
2025010573924,2025,010573924,2,9,0,99,99,9,9,99,99,9,9,99,9,99,1,9,6,6,3,24,5,-1,-1,-1,-1,2,E01004444,0,2
2025010573924,2025,010573924,1,9,0,99,99,9,9,99,99,9,9,99,9,99,9,9,2,2,1,23,5,-1,-1,-1,-1,9,E01002275,0,3
2025010573927,2025,010573927,1,9,0,18,19,7,3,0,0,0,0,0,0,0,2,1,5,6,2,30,6,-1,-1,-1,-1,7,E01004145,0,1
2025010573927,2025,010573927,2,9,0,5,5,3,7,0,0,0,0,0,0,0,1,1,5,6,2,31,6,-1,-1,-1,-1,3,E01003373,0,1
2025010573929,2025,010573929,1,3,0,9,9,5,3,0,0,6,0,0,0,0,4,1,5,6,1,19,4,-1,-1,-1,-1,4,E01001002,0,1
2025010573929,2025,010573929,2,9,0,9,9,3,8,0,0,6,0,0,0,0,3,1,6,6,3,-1,-1,-1,-1,-1,-1,-1,-1,0,-1
2025010573935,2025,010573935,1,9,0,99,99,9,9,99,99,9,9,99,9,99,1,9,6,6,3,-1,-1,-1,-1,-1,-1,8,E01001227,0,1
2025010573939,2025,010573939,1,11,0,9,9,1,6,0,0,1,0,0,0,0,0,1,5,6,1,59,9,-1,-1,-1,-1,3,E01004434,0,1
2025010573942,2025,010573942,1,3,0,99,99,9,9,99,99,9,9,99,9,99,9,1,1,1,1,41,7,-1,-1,-1,-1,6,E01004474,0,1
2025010573942,2025,010573942,2,9,0,99,99,9,9,99,99,9,9,99,9,99,9,9,6,6,3,-1,-1,-1,-1,-1,-1,-1,-1,0,-1
2025010573946,2025,010573946,2,9,0,99,99,9,9,99,99,9,9,99,9,99,1,9,6,6,3,-1,-1,-1,-1,-1,-1,-1,-1,0,-1
2025010573946,2025,010573946,1,9,0,99,99,9,9,99,99,9,9,99,9,99,2,9,5,6,2,29,6,-1,-1,-1,-1,3,E01002139,0,1
2025010573950,2025,010573950,1,1,9,99,99,9,9,99,99,9,9,99,9,99,1,1,2,2,1,21,5,-1,-1,-1,-1,2,E01001977,0,1
2025010573950,2025,010573950,2,9,0,99,99,9,9,99,99,9,9,99,9,99,9,9,6,6,1,36,7,-1,-1,-1,-1,5,E01002584,0,4
2025010573951,2025,010573951,2,3,0,13,13,7,3,0,0,1,0,0,0,0,1,1,5,6,1,24,5,-1,-1,-1,-1,3,E01032765,0,2
2025010573951,2025,010573951,1,90,0,9,9,7,5,0,0,8,0,0,0,0,3,1,1,1,1,31,6,-1,-1,-1,-1,9,E01024006,0,4
2025010573953,2025,010573953,2,19,0,13,13,9,9,99,99,9,9,99,9,99,9,9,6,6,1,62,9,-1,-1,-1,-1,4,E01003333,0,2
2025010573953,2025,010573953,1,1,9,18,19,9,9,4,4,9,9,99,9,99,9,1,5,6,1,23,5,-1,-1,-1,-1,3,E01004575,0,2
2025010573955,2025,010573955,1,9,0,18,19,5,1,0,0,0,0,0,0,0,1,1,6,6,1,34,6,-1,-1,-1,-1,-1,-1,0,-1
2025010573958,2025,010573958,1,9,0,18,19,8,4,0,0,0,0,0,0,0,1,1,5,6,1,48,8,-1,-1,-1,-1,2,E01016520,0,4
2025010573959,2025,010573959,1,8,0,18,19,3,7,0,0,1,0,0,0,0,3,1,1,1,1,46,8,-1,-1,-1,-1,-1,-1,0,-1
2025010573960,2025,010573960,2,5,0,18,19,4,8,2,2,8,0,0,0,0,1,1,2,2,1,35,6,-1,-1,-1,-1,4,E01000239,0,1
2025010573960,2025,010573960,1,9,0,7,7,1,4,0,0,1,0,0,1,0,4,1,6,6,1,64,9,-1,-1,-1,-1,8,E01000311,0,1
2025010573961,2025,010573961,1,9,0,9,9,7,5,0,0,8,0,0,0,0,1,1,6,6,1,47,8,-1,-1,-1,-1,8,E01002366,0,2
2025010573962,2025,010573962,1,1,9,99,99,9,9,99,99,9,9,99,9,99,9,1,2,2,2,26,6,-1,-1,-1,-1,4,E01004540,0,1
2025010573962,2025,010573962,2,9,0,99,99,9,9,99,99,9,9,99,9,99,9,9,6,6,3,-1,-1,-1,-1,-1,-1,-1,-1,0,-1
2025010573965,2025,010573965,2,9,0,18,19,3,7,0,0,1,0,0,0,0,1,1,6,6,3,-1,-1,-1,-1,-1,-1,-1,-1,0,-1
2025010573965,2025,010573965,1,1,0,18,19,1,5,0,0,6,5,0,0,0,1,1,5,6,1,20,4,-1,-1,-1,-1,4,E01034156,0,1
2025010573966,2025,010573966,1,3,0,9,9,2,8,0,0,1,0,0,1,0,2,1,1,1,1,26,6,-1,-1,-1,-1,4,E01002622,0,1
2025010573966,2025,010573966,2,9,0,3,3,3,7,0,0,1,0,0,0,0,1,1,5,6,2,41,7,-1,-1,-1,-1,4,E01001336,0,1
2025010573966,2025,010573966,3,3,0,10,10,3,1,0,0,1,0,0,0,0,2,1,5,6,1,36,7,-1,-1,-1,-1,2,E01001339,0,1
2025010573966,2025,010573966,4,9,0,9,9,2,8,0,0,1,0,0,0,0,1,1,6,6,3,-1,-1,-1,-1,-1,-1,-1,-1,0,-1
2025010573970,2025,010573970,1,9,0,5,5,7,3,0,0,1,0,0,0,0,1,1,6,6,3,-1,-1,-1,-1,-1,-1,-1,-1,0,-1
2025010573973,2025,010573973,1,9,0,17,19,3,1,0,0,8,0,0,0,0,4,1,1,1,1,52,8,-1,-1,-1,-1,6,E01000459,0,4
2025010573973,2025,010573973,2,1,0,5,5,7,3,0,0,5,5,0,0,0,1,1,1,1,1,27,6,-1,-1,-1,-1,5,E01002326,0,1
2025010573974,2025,010573974,2,1,0,18,19,3,7,0,0,2,5,0,0,0,1,1,6,6,2,28,6,-1,-1,-1,-1,8,E01002859,0,1
2025010573974,2025,010573974,1,3,0,18,19,3,7,0,0,2,5,0,0,0,1,1,5,6,1,32,6,-1,-1,-1,-1,4,E01002645,0,3
2025010573975,2025,010573975,2,9,0,99,99,9,9,99,99,9,9,99,9,99,2,9,6,6,3,-1,-1,-1,-1,-1,-1,-1,-1,0,-1
2025010573975,2025,010573975,1,9,0,99,99,9,9,99,99,9,9,99,9,99,2,9,6,6,2,36,7,-1,-1,-1,-1,2,E01001437,0,1
2025010573976,2025,010573976,2,1,0,9,9,2,7,0,0,1,0,0,0,0,3,1,5,6,1,30,6,-1,-1,-1,-1,2,E01003501,0,3
2025010573976,2025,010573976,1,4,0,18,19,3,7,0,0,1,0,0,0,0,3,1,5,6,1,17,4,-1,-1,-1,-1,10,E01003871,0,1
2025010573977,2025,010573977,1,9,0,99,99,9,9,99,99,0,9,99,9,99,9,9,2,2,2,32,6,-1,-1,-1,-1,8,E01015991,0,4
2025010573978,2025,010573978,1,9,0,18,19,7,3,0,0,1,0,0,0,0,0,1,6,6,1,27,6,-1,-1,-1,-1,5,E01003743,0,1
2025010573979,2025,010573979,1,3,0,18,19,2,6,0,0,1,0,0,0,0,1,1,1,1,1,24,5,-1,-1,-1,-1,6,E01004581,0,2
2025010573980,2025,010573980,2,19,0,99,99,9,9,99,99,9,9,99,9,99,9,9,6,6,1,38,7,-1,-1,-1,-1,3,E01016452,0,4
2025010573980,2025,010573980,1,1,9,99,99,9,9,99,99,9,9,99,9,99,1,1,2,2,1,33,6,-1,-1,-1,-1,5,E01003247,0,2
2025010573981,2025,010573981,2,4,0,13,13,7,3,1,1,1,0,0,0,0,1,1,5,6,1,54,8,-1,-1,-1,-1,2,E01000060,0,2
2025010573981,2025,010573981,1,9,0,9,9,1,6,0,0,8,0,0,0,0,1,1,5,6,2,48,8,-1,-1,-1,-1,6,E01002295,0,1
2025010573982,2025,010573982,2,9,0,6,6,3,3,0,0,1,0,0,0,0,0,1,5,6,1,25,5,-1,-1,-1,-1,2,E01003300,0,3
2025010573982,2025,010573982,1,3,0,13,13,3,7,0,0,1,0,0,0,0,1,1,6,6,1,42,7,-1,-1,-1,-1,8,E01000714,0,2
2025010573985,2025,010573985,2,3,0,4,4,3,7,0,0,1,0,0,0,0,1,1,6,6,2,42,7,-1,-1,-1,-1,3,E01032562,0,1
2025010573985,2025,010573985,1,9,0,9,9,5,3,0,0,5,0,0,0,0,1,1,6,6,1,57,9,-1,-1,-1,-1,6,E01003345,0,1
2025010573987,2025,010573987,1,9,0,3,3,2,6,0,0,2,0,0,0,0,2,1,5,6,2,71,10,-1,-1,-1,-1,-1,-1,0,-1
2025010573987,2025,010573987,2,1,0,5,5,2,6,0,0,2,0,0,0,0,1,1,5,6,1,20,4,-1,-1,-1,-1,2,E01000429,0,1
2025010573990,2025,010573990,1,9,0,5,5,5,1,0,0,1,0,0,0,0,1,1,1,1,2,65,9,-1,-1,-1,-1,-1,-1,0,-1
2025010573991,2025,010573991,1,4,0,14,14,6,2,0,0,1,0,0,0,0,2,1,5,6,1,38,7,-1,-1,-1,-1,4,E01001148,0,1
2025010573993,2025,010573993,2,3,0,18,19,1,5,0,0,0,0,0,0,0,1,1,6,6,1,21,5,-1,-1,-1,-1,5,E01001407,0,1
2025010573993,2025,010573993,1,19,0,18,19,5,1,0,0,0,0,0,0,0,3,1,6,6,1,45,7,-1,-1,-1,-1,-1,-1,0,-1
2025010573994,2025,010573994,2,1,0,18,19,8,4,4,4,2,0,0,0,0,3,1,6,6,2,31,6,-1,-1,-1,-1,5,E01033325,0,2
2025010573994,2025,010573994,1,11,0,18,19,8,4,0,0,2,0,0,0,0,4,1,5,6,1,36,7,-1,-1,-1,-1,3,E01001578,0,3
2025010573995,2025,010573995,1,1,9,99,99,9,9,99,99,0,9,99,9,0,9,1,6,6,3,-1,-1,-1,-1,-1,-1,-1,-1,0,-1
2025010573996,2025,010573996,1,4,0,3,3,3,7,0,0,0,0,0,0,0,1,1,6,6,1,41,7,-1,-1,-1,-1,4,E01004495,0,1
2025010573999,2025,010573999,2,5,0,18,19,1,5,0,0,8,0,0,0,0,1,1,6,6,1,25,5,-1,-1,-1,-1,-1,-1,0,-1
2025010573999,2025,010573999,1,9,0,10,10,2,8,0,0,8,0,0,1,0,4,1,6,6,2,46,8,-1,-1,-1,-1,2,E01002755,0,1
2025010574003,2025,010574003,1,11,0,99,99,9,9,99,99,9,9,99,9,99,1,9,5,6,2,39,7,-1,-1,-1,-1,3,E01002086,0,2
2025010574006,2025,010574006,1,23,0,14,14,5,1,0,0,2,0,7,0,0,1,1,1,1,1,39,7,-1,-1,-1,-1,6,E01002670,0,1
2025010574007,2025,010574007,1,9,0,18,19,3,7,0,0,8,0,0,0,0,1,1,5,6,1,42,7,-1,-1,-1,-1,-1,-1,0,-1
2025010574007,2025,010574007,2,1,0,9,9,7,5,0,0,8,0,0,0,0,1,1,6,6,1,24,5,-1,-1,-1,-1,8,E01000536,0,1
2025010574011,2025,010574011,2,9,0,99,99,9,9,99,99,9,9,99,9,99,9,9,6,6,3,-1,-1,-1,-1,-1,-1,-1,-1,0,-1
2025010574011,2025,010574011,1,9,0,99,99,9,9,99,99,9,9,99,9,99,2,9,5,6,1,19,4,-1,-1,-1,-1,2,E01000552,0,2
2025010574012,2025,010574012,3,9,0,18,19,1,5,0,0,1,0,0,0,0,2,1,5,6,1,26,6,-1,-1,-1,-1,2,E01011359,0,5
2025010574012,2025,010574012,2,9,0,9,9,6,5,0,0,1,0,0,0,0,1,1,5,6,1,22,5,-1,-1,-1,-1,2,E01004304,0,3
2025010574012,2025,010574012,1,8,0,18,19,2,6,0,0,1,0,0,0,0,1,1,5,6,1,25,5,-1,-1,-1,-1,6,E01003737,0,1
2025010574013,2025,010574013,2,1,0,18,19,5,1,0,0,1,0,0,0,0,1,1,5,6,2,28,6,-1,-1,-1,-1,-1,-1,0,-1
2025010574013,2025,010574013,1,9,0,18,19,3,7,0,0,1,0,0,0,0,1,1,6,6,1,33,6,-1,-1,-1,-1,4,E01004302,0,1
2025010574017,2025,010574017,1,1,9,99,99,9,9,99,99,9,9,99,9,99,1,1,6,6,3,-1,-1,-1,-1,-1,-1,-1,-1,0,-1
2025010574019,2025,010574019,1,9,0,18,19,1,5,1,1,8,0,0,0,0,1,1,5,6,1,30,6,-1,-1,-1,-1,2,E01001777,0,1
2025010574019,2025,010574019,2,1,0,9,9,3,1,0,0,8,0,0,0,0,1,1,1,1,2,55,8,-1,-1,-1,-1,2,E01002716,0,1
2025010574020,2025,010574020,2,9,0,99,99,9,9,99,99,9,9,99,9,99,9,9,6,6,3,-1,-1,-1,-1,-1,-1,-1,-1,0,-1
2025010574020,2025,010574020,1,9,0,99,99,9,9,99,99,9,9,99,9,99,9,9,5,6,1,36,7,-1,-1,-1,-1,3,E01000041,0,2
2025010574022,2025,010574022,2,1,0,5,5,0,3,0,0,1,0,0,0,0,1,1,5,6,1,39,7,-1,-1,-1,-1,6,E01003345,0,1
2025010574022,2025,010574022,1,9,0,9,9,1,7,0,0,2,0,0,0,0,1,1,5,6,1,61,9,-1,-1,-1,-1,5,E01004071,0,1
2025010574025,2025,010574025,6,9,0,2,2,0,0,0,0,0,0,0,0,0,3,1,6,6,3,-1,-1,-1,-1,-1,-1,-1,-1,0,-1
2025010574025,2025,010574025,3,9,0,2,2,0,0,0,0,0,0,0,0,0,3,1,6,6,3,-1,-1,-1,-1,-1,-1,-1,-1,0,-1
2025010574025,2025,010574025,5,9,0,2,2,0,0,0,0,0,0,0,0,0,2,1,6,6,3,-1,-1,-1,-1,-1,-1,-1,-1,0,-1
2025010574025,2025,010574025,7,9,0,2,2,0,0,0,0,0,0,0,0,0,3,1,6,6,3,-1,-1,-1,-1,-1,-1,-1,-1,0,-1
2025010574025,2025,010574025,2,9,0,18,19,1,5,0,0,0,0,0,0,0,1,1,6,6,1,32,6,-1,-1,-1,-1,-1,-1,0,-1
2025010574025,2025,010574025,1,9,0,18,19,5,1,0,0,0,0,0,0,0,1,1,1,1,1,44,7,-1,-1,-1,-1,-1,-1,0,-1
2025010574025,2025,010574025,4,9,0,2,2,0,0,0,0,0,0,0,0,0,3,1,6,6,3,-1,-1,-1,-1,-1,-1,-1,-1,0,-1
2025010574026,2025,010574026,1,9,0,18,19,7,3,0,0,1,0,0,0,0,1,1,5,6,1,67,10,-1,-1,-1,-1,5,E01001682,0,2
2025010574026,2025,010574026,2,1,0,18,19,3,7,0,0,2,0,0,0,0,1,1,6,6,1,23,5,-1,-1,-1,-1,2,E01004013,0,1
2025010574028,2025,010574028,2,1,0,14,14,5,1,0,0,0,0,0,0,0,3,1,5,6,1,27,6,-1,-1,-1,-1,7,E01002418,0,2
2025010574028,2025,010574028,1,9,0,5,5,0,1,0,0,0,0,8,0,0,3,1,6,6,1,-1,-1,-1,-1,-1,-1,3,E01001215,0,1
2025010574029,2025,010574029,2,9,0,18,19,7,3,0,0,8,0,0,0,0,1,1,5,6,1,35,6,-1,-1,-1,-1,-1,-1,0,-1
2025010574029,2025,010574029,1,9,0,9,9,3,1,0,0,8,0,0,0,0,1,1,5,6,1,18,4,-1,-1,-1,-1,-1,-1,0,-1
2025010574030,2025,010574030,1,9,0,18,19,1,5,0,0,8,0,10,7,10,1,1,6,6,2,35,6,-1,-1,-1,-1,3,E01003265,0,1
2025010574030,2025,010574030,3,9,0,18,19,5,1,0,0,1,0,0,0,0,3,1,6,6,2,40,7,-1,-1,-1,-1,3,E01003326,0,2
2025010574030,2025,010574030,2,9,0,18,19,5,1,0,0,1,0,0,0,0,4,1,5,6,2,33,6,-1,-1,-1,-1,7,E01003957,0,2
2025010574031,2025,010574031,1,1,0,18,19,2,6,0,0,1,0,0,0,0,3,1,5,6,2,34,6,-1,-1,-1,-1,5,E01032742,0,1
2025010574031,2025,010574031,2,9,0,9,9,1,6,0,0,2,0,0,0,0,1,1,6,6,3,-1,-1,-1,-1,-1,-1,-1,-1,0,-1
2025010574035,2025,010574035,1,9,0,18,19,1,5,0,0,0,0,4,0,0,1,1,5,6,1,30,6,-1,-1,-1,-1,1,E01013573,0,5
2025010574035,2025,010574035,2,9,0,18,19,1,5,0,0,0,0,0,0,0,2,1,5,6,1,57,9,-1,-1,-1,-1,5,E01033140,0,4
2025010574036,2025,010574036,1,3,9,99,99,9,9,99,99,9,9,99,9,99,2,1,5,6,1,27,6,-1,-1,-1,-1,3,E01003572,0,1
2025010574039,2025,010574039,2,9,0,6,6,6,6,0,0,0,0,0,0,0,3,1,5,6,2,25,5,-1,-1,-1,-1,2,E01003601,0,1
2025010574039,2025,010574039,1,3,0,13,13,6,2,0,0,0,5,0,0,0,4,1,1,1,1,24,5,-1,-1,-1,-1,3,E01003570,0,1
2025010574042,2025,010574042,2,9,0,18,19,5,1,0,0,1,0,0,0,0,1,1,5,6,1,32,6,-1,-1,-1,-1,4,E01002444,0,1
2025010574042,2025,010574042,1,9,0,9,9,7,6,0,0,1,0,0,0,0,4,1,6,6,1,32,6,-1,-1,-1,-1,4,E01002591,0,1
2025010574043,2025,010574043,2,3,0,9,9,7,6,0,0,1,0,0,0,0,1,1,6,6,1,24,5,-1,-1,-1,-1,7,E01001308,0,1
2025010574043,2025,010574043,1,9,0,18,19,5,1,0,0,1,0,0,0,0,1,1,5,6,1,40,7,-1,-1,-1,-1,3,E01017518,0,4
2025010574053,2025,010574053,1,1,0,18,19,5,1,0,0,6,0,0,0,0,1,1,6,6,1,65,9,-1,-1,-1,-1,10,E01003454,0,1
2025010574053,2025,010574053,2,9,0,18,19,2,6,0,0,2,0,0,0,0,3,2,6,6,3,-1,-1,-1,-1,-1,-1,6,E01030310,0,3
2025010574062,2025,010574062,2,9,9,99,99,9,9,99,99,9,9,99,9,99,9,9,6,6,3,-1,-1,-1,-1,-1,-1,-1,-1,0,-1
2025010574062,2025,010574062,1,3,0,99,99,9,9,99,99,9,9,99,9,99,1,1,5,6,1,31,6,-1,-1,-1,-1,2,E01016024,0,4
2025010574064,2025,010574064,1,9,0,6,6,5,5,0,0,1,0,0,0,0,3,1,5,6,2,45,7,-1,-1,-1,-1,10,E01016553,0,4
2025010574064,2025,010574064,2,19,0,18,19,5,1,0,0,1,0,0,7,11,1,1,1,1,1,43,7,-1,-1,-1,-1,4,E01003203,0,2
2025010574070,2025,010574070,1,9,0,18,19,1,5,0,0,1,0,0,0,0,4,1,5,6,1,47,8,-1,-1,-1,-1,8,E01004553,0,1
2025010574075,2025,010574075,1,9,0,7,7,8,2,0,0,1,0,0,1,0,4,1,3,7,1,41,7,-1,-1,-1,-1,3,E01004260,0,1
2025010574075,2025,010574075,2,1,0,-1,-1,8,4,0,0,1,5,0,1,0,3,1,6,6,1,47,8,-1,-1,-1,-1,3,E01004200,0,1
2025010574076,2025,010574076,2,1,9,99,99,9,9,99,99,9,9,99,9,99,9,1,6,6,3,-1,-1,-1,-1,-1,-1,-1,-1,0,-1
2025010574076,2025,010574076,1,9,0,99,99,9,9,99,99,9,9,99,9,99,9,9,5,6,2,24,5,-1,-1,-1,-1,5,E01023791,0,4