collision_index,collision_year,collision_ref_no,vehicle_reference,vehicle_type,towing_and_articulation,vehicle_manoeuvre_historic,vehicle_manoeuvre,vehicle_direction_from,vehicle_direction_to,vehicle_location_restricted_lane_historic,vehicle_location_restricted_lane,junction_location,skidding_and_overturning,hit_object_in_carriageway,vehicle_leaving_carriageway,hit_object_off_carriageway,first_point_of_impact,vehicle_left_hand_drive,journey_purpose_of_driver_historic,journey_purpose_of_driver,sex_of_driver,age_of_driver,age_band_of_driver,engine_capacity_cc,propulsion_code,age_of_vehicle,generic_make_model,driver_imd_decile,lsoa_of_driver,escooter_flag,driver_distance_banding
2025010574345,2025,010574345,1,9,0,6,6,5,5,0,0,1,0,0,0,0,1,1,1,1,1,63,9,-1,-1,-1,-1,1,E01001813,0,1
2025010574345,2025,010574345,2,5,0,18,19,1,5,0,0,1,0,0,0,0,3,1,5,6,1,19,4,-1,-1,-1,-1,10,E01021586,0,4
2025010574349,2025,010574349,1,9,0,99,99,9,9,99,99,9,9,99,9,99,1,9,6,6,3,-1,-1,-1,-1,-1,-1,-1,-1,0,-1
2025010574350,2025,010574350,2,9,0,18,19,5,1,0,0,1,0,0,0,0,0,1,6,6,3,-1,-1,-1,-1,-1,-1,-1,-1,0,-1
2025010574350,2025,010574350,1,9,0,13,13,5,1,0,0,1,0,0,0,0,1,1,6,6,1,24,5,-1,-1,-1,-1,1,E01003347,0,1
2025010574353,2025,010574353,1,3,0,10,10,3,8,0,0,1,0,0,0,0,2,1,2,2,1,57,9,-1,-1,-1,-1,2,E01001868,0,1
2025010574353,2025,010574353,2,9,0,10,10,3,8,0,0,1,0,0,0,0,1,1,6,6,3,-1,-1,-1,-1,-1,-1,-1,-1,0,-1
2025010574360,2025,010574360,1,1,9,99,99,9,9,99,99,9,9,99,9,99,9,1,5,6,2,31,6,-1,-1,-1,-1,9,E01001379,0,1
2025010574360,2025,010574360,2,9,0,99,99,9,9,99,99,9,9,99,9,99,9,9,6,6,3,-1,-1,-1,-1,-1,-1,-1,-1,0,-1
2025010574362,2025,010574362,1,9,0,10,10,3,8,0,0,1,0,0,0,0,3,1,5,6,2,83,11,-1,-1,-1,-1,7,E01000749,0,1
2025010574362,2025,010574362,2,9,0,18,19,5,1,0,0,1,0,0,0,0,1,2,5,6,1,43,7,-1,-1,-1,-1,7,E01000723,0,1
2025010574364,2025,010574364,2,1,0,7,7,3,6,0,0,2,0,0,0,0,1,1,6,6,2,21,5,-1,-1,-1,-1,5,E01001179,0,2
2025010574364,2025,010574364,1,9,0,18,19,5,1,0,0,1,0,0,0,0,3,1,5,6,2,26,6,-1,-1,-1,-1,2,E01003912,0,1
2025010574366,2025,010574366,2,9,0,18,19,3,7,0,0,0,0,0,0,0,0,1,5,6,1,28,6,-1,-1,-1,-1,2,E01003991,0,3
2025010574366,2025,010574366,1,9,0,18,19,3,7,9,9,0,0,0,1,4,1,1,5,6,1,31,6,-1,-1,-1,-1,6,E01003642,0,1
2025010574369,2025,010574369,1,9,0,18,19,3,7,0,0,8,0,0,0,0,4,1,5,6,2,65,9,-1,-1,-1,-1,4,E01002808,0,1
2025010574369,2025,010574369,2,3,0,18,19,5,1,0,0,8,5,0,0,0,3,1,2,2,1,34,6,-1,-1,-1,-1,2,E01002078,0,2
2025010574371,2025,010574371,1,9,0,18,19,3,7,9,9,0,0,0,1,10,1,1,6,6,1,30,6,-1,-1,-1,-1,3,E01035498,0,1
2025010574372,2025,010574372,2,1,0,18,19,1,5,0,0,8,0,0,0,0,1,1,5,6,1,37,7,-1,-1,-1,-1,4,E01001756,0,1
2025010574372,2025,010574372,1,9,0,7,7,1,3,0,0,8,0,0,0,0,1,1,5,6,1,29,6,-1,-1,-1,-1,4,E01002047,0,2
2025010574373,2025,010574373,1,1,9,99,99,9,9,99,99,9,9,99,9,99,2,1,5,6,1,28,6,-1,-1,-1,-1,3,E01000579,0,2
2025010574373,2025,010574373,2,9,0,99,99,9,9,99,99,9,9,99,9,99,1,9,6,6,2,19,4,-1,-1,-1,-1,6,E01003033,0,1
2025010574374,2025,010574374,1,8,0,9,9,7,5,0,0,8,0,0,0,0,1,1,5,6,1,63,9,-1,-1,-1,-1,6,E01002475,0,2
2025010574374,2025,010574374,2,19,0,18,19,3,7,0,0,8,0,0,0,0,1,1,6,6,1,43,7,-1,-1,-1,-1,3,E01002401,0,1
2025010574375,2025,010574375,2,9,0,18,19,9,9,99,99,9,9,99,9,99,1,9,6,6,1,-1,-1,-1,-1,-1,-1,6,E01024180,0,4
2025010574375,2025,010574375,1,4,0,3,3,9,9,99,99,9,9,99,9,99,2,1,1,1,1,54,8,-1,-1,-1,-1,5,E01033792,0,4
2025010574377,2025,010574377,1,9,0,17,19,6,2,0,0,0,0,0,1,4,1,1,5,6,1,20,4,-1,-1,-1,-1,-1,-1,0,-1
2025010574378,2025,010574378,1,1,9,99,99,9,9,99,99,9,9,99,9,99,9,1,5,6,1,31,6,-1,-1,-1,-1,2,E01035692,0,1
2025010574378,2025,010574378,2,9,0,99,99,9,9,99,99,9,9,99,9,99,9,9,6,6,3,-1,-1,-1,-1,-1,-1,5,E01003116,0,3
2025010574382,2025,010574382,1,3,0,18,19,7,3,0,0,1,0,0,0,0,3,1,5,6,1,30,6,-1,-1,-1,-1,-1,-1,0,-1
2025010574382,2025,010574382,2,9,0,9,9,6,4,0,0,6,0,0,0,0,2,1,1,1,1,35,6,-1,-1,-1,-1,2,E01001249,0,1
2025010574401,2025,010574401,1,19,0,9,9,8,5,0,0,6,0,0,0,0,1,1,1,1,1,56,9,-1,-1,-1,-1,4,E01002594,0,2
2025010574403,2025,010574403,1,11,0,18,19,5,1,0,0,1,0,0,0,0,1,1,1,1,2,56,9,-1,-1,-1,-1,4,E01004258,0,1
2025010574407,2025,010574407,1,3,0,99,99,9,9,99,99,0,9,99,9,99,9,1,5,6,1,40,7,-1,-1,-1,-1,3,E01035644,0,2
2025010574407,2025,010574407,2,9,0,99,99,9,9,99,99,0,9,99,9,99,9,9,6,6,3,-1,-1,-1,-1,-1,-1,-1,-1,0,-1
2025010574408,2025,010574408,1,1,0,18,19,7,3,0,0,1,0,0,0,0,1,1,2,2,1,58,9,-1,-1,-1,-1,10,E01028622,0,4
2025010574410,2025,010574410,2,1,0,17,19,7,3,0,0,1,5,0,0,0,1,1,2,2,1,28,6,-1,-1,-1,-1,5,E01000310,0,2
2025010574410,2025,010574410,1,9,0,9,9,1,7,0,0,6,0,0,7,10,1,1,5,6,2,34,6,-1,-1,-1,-1,6,E01000265,0,1
2025010574413,2025,010574413,1,9,9,99,99,9,9,0,0,9,9,99,9,99,1,9,6,6,3,-1,-1,-1,-1,-1,-1,-1,-1,0,-1
2025010574418,2025,010574418,1,1,9,99,99,9,9,99,99,9,9,99,9,99,1,1,5,6,1,42,7,-1,-1,-1,-1,2,E01034487,0,1
2025010574421,2025,010574421,1,3,9,99,99,9,9,99,99,9,9,99,9,99,2,1,1,1,3,21,5,-1,-1,-1,-1,3,E01000523,0,1
2025010574421,2025,010574421,2,9,9,99,99,9,9,99,99,9,9,99,9,99,1,9,6,6,3,-1,-1,-1,-1,-1,-1,-1,-1,0,-1
2025010574423,2025,010574423,1,11,0,18,19,5,1,0,0,1,0,0,0,0,0,1,1,1,1,46,8,-1,-1,-1,-1,3,E01021860,0,3
2025010574423,2025,010574423,2,9,0,18,19,5,1,0,0,1,0,0,0,0,0,1,6,6,1,47,8,-1,-1,-1,-1,4,E01004458,0,1
2025010574424,2025,010574424,2,9,9,99,99,9,9,99,99,9,9,99,9,99,9,9,6,6,3,-1,-1,-1,-1,-1,-1,-1,-1,0,-1
2025010574424,2025,010574424,1,9,0,99,99,9,9,99,99,9,9,99,9,99,2,9,5,6,2,53,8,-1,-1,-1,-1,3,E01003567,0,1
2025010574431,2025,010574431,1,3,0,99,99,9,9,99,99,9,9,8,9,99,9,1,1,1,1,36,7,-1,-1,-1,-1,4,E01001322,0,1
2025010574431,2025,010574431,2,9,0,99,99,9,9,99,99,9,9,99,9,99,9,9,6,6,3,-1,-1,-1,-1,-1,-1,-1,-1,0,-1
2025010574432,2025,010574432,2,9,0,9,9,3,1,0,0,2,0,0,0,0,3,1,2,2,1,33,6,-1,-1,-1,-1,8,E01000346,0,1
2025010574432,2025,010574432,1,3,0,13,13,1,5,0,0,1,0,0,0,0,1,1,2,2,1,19,4,-1,-1,-1,-1,7,E01000340,0,1
2025010574436,2025,010574436,2,9,0,99,99,9,9,99,99,9,9,99,9,99,2,9,6,6,3,18,4,-1,-1,-1,-1,10,E01023948,0,2
2025010574436,2025,010574436,1,1,9,99,99,9,9,99,99,9,9,99,9,99,9,1,5,6,2,42,7,-1,-1,-1,-1,5,E01001536,0,1
2025010574438,2025,010574438,1,19,0,9,9,1,7,0,0,8,1,0,1,0,1,1,1,1,1,26,6,-1,-1,-1,-1,1,E01000596,0,2
2025010574438,2025,010574438,2,5,0,15,15,5,1,2,2,8,0,0,1,0,1,1,5,6,1,61,9,-1,-1,-1,-1,9,E01003910,0,3
2025010574443,2025,010574443,2,9,9,99,99,9,9,0,0,9,9,0,0,0,9,1,6,6,1,54,8,-1,-1,-1,-1,-1,-1,0,-1
2025010574443,2025,010574443,1,9,5,10,10,5,2,0,0,1,9,99,0,0,9,1,6,6,1,37,7,-1,-1,-1,-1,2,E01003041,0,3
2025010574445,2025,010574445,1,90,0,5,5,3,7,0,0,1,0,0,0,0,0,1,1,1,1,66,10,-1,-1,-1,-1,3,E01004045,0,1
2025010574445,2025,010574445,2,1,0,5,5,3,7,0,0,1,0,0,0,0,0,1,2,2,2,31,6,-1,-1,-1,-1,5,E01003284,0,1
2025010574446,2025,010574446,1,1,9,99,99,9,9,99,99,9,9,99,9,99,9,1,2,2,1,23,5,-1,-1,-1,-1,5,E01035486,0,1
2025010574446,2025,010574446,2,9,0,99,99,9,9,99,99,9,9,99,9,99,1,9,6,6,3,-1,-1,-1,-1,-1,-1,2,E01000121,0,3
2025010574447,2025,010574447,2,9,0,99,99,9,9,99,99,9,9,99,9,99,9,9,6,6,3,-1,-1,-1,-1,-1,-1,10,E01000884,0,1
2025010574447,2025,010574447,1,1,9,99,99,9,9,99,99,9,9,99,9,99,9,1,2,2,2,24,5,-1,-1,-1,-1,9,E01000303,0,2
2025010574448,2025,010574448,1,9,0,99,99,9,9,99,99,9,9,99,9,99,2,9,6,6,2,31,6,-1,-1,-1,-1,4,E01004373,0,1
2025010574448,2025,010574448,2,3,0,99,99,9,9,99,99,9,9,99,9,99,1,9,6,6,3,-1,-1,-1,-1,-1,-1,-1,-1,0,-1
2025010574452,2025,010574452,1,9,0,99,99,9,9,99,99,9,9,99,9,99,9,9,5,6,2,64,9,-1,-1,-1,-1,6,E01004463,0,1
2025010574453,2025,010574453,2,97,0,99,99,9,9,99,99,0,9,99,9,99,9,1,6,6,3,-1,-1,-1,-1,-1,-1,9,E01017912,0,4
2025010574453,2025,010574453,1,1,9,99,99,9,9,99,99,0,9,99,9,99,9,1,2,2,1,49,8,-1,-1,-1,-1,2,E01001912,0,1
2025010574454,2025,010574454,1,19,0,1,1,3,6,0,0,2,0,0,0,0,2,1,1,1,1,35,6,-1,-1,-1,-1,6,E01021810,0,3
2025010574455,2025,010574455,1,11,0,99,99,9,9,99,99,0,9,99,9,99,9,9,6,6,1,26,6,-1,-1,-1,-1,2,E01001012,0,3
2025010574456,2025,010574456,1,5,0,13,13,5,1,0,0,1,0,0,0,0,1,1,5,6,1,24,5,-1,-1,-1,-1,6,E01000284,0,1
2025010574456,2025,010574456,2,19,0,9,9,5,2,0,0,1,0,0,0,0,4,1,6,6,1,58,9,-1,-1,-1,-1,6,E01000284,0,1
2025010574457,2025,010574457,1,11,0,18,19,5,1,0,0,6,0,0,0,0,0,1,1,1,1,55,8,-1,-1,-1,-1,-1,-1,0,-1
2025010574457,2025,010574457,2,19,0,18,19,3,7,0,0,6,0,0,3,0,0,1,6,6,3,-1,-1,-1,-1,-1,-1,-1,-1,0,-1
2025010574460,2025,010574460,1,8,0,9,9,7,5,0,0,2,0,0,0,0,1,1,1,1,1,58,9,-1,-1,-1,-1,2,E01001944,0,1
2025010574462,2025,010574462,1,9,0,6,6,7,7,0,0,1,0,0,0,0,1,1,2,2,1,50,8,-1,-1,-1,-1,2,E01003304,0,1
2025010574462,2025,010574462,2,4,0,13,13,7,3,0,0,1,0,0,0,0,1,1,2,2,1,33,6,-1,-1,-1,-1,6,E01003281,0,1
2025010574463,2025,010574463,2,97,0,99,99,9,9,99,99,9,9,99,9,99,1,9,6,6,3,-1,-1,-1,-1,-1,-1,-1,-1,0,-1
2025010574463,2025,010574463,1,1,9,99,99,9,9,99,99,9,9,99,9,99,1,1,5,6,1,21,5,-1,-1,-1,-1,2,E01002800,0,1
2025010574464,2025,010574464,2,9,0,-1,-1,5,1,0,0,2,0,0,0,0,1,1,6,6,3,-1,-1,-1,-1,-1,-1,-1,-1,0,-1
2025010574464,2025,010574464,1,1,0,-1,-1,1,5,0,0,2,5,4,0,0,3,1,6,6,2,29,6,-1,-1,-1,-1,3,E01004233,0,1
2025010574467,2025,010574467,1,1,9,99,99,9,9,99,99,0,9,99,9,99,9,1,5,6,1,42,7,-1,-1,-1,-1,7,E01015961,0,3
2025010574467,2025,010574467,2,11,9,18,19,1,5,0,0,0,0,0,0,0,0,9,1,1,2,24,5,-1,-1,-1,-1,2,E01002282,0,3
2025010574473,2025,010574473,2,9,0,99,99,9,9,99,99,9,9,99,9,99,9,9,6,6,3,-1,-1,-1,-1,-1,-1,10,W01001954,0,5
2025010574473,2025,010574473,1,1,9,99,99,9,9,99,99,9,9,99,9,99,9,1,5,6,1,28,6,-1,-1,-1,-1,8,E01001924,0,1
2025010574474,2025,010574474,2,9,9,99,99,9,9,99,99,9,9,99,9,99,1,9,6,6,2,-1,-1,-1,-1,-1,-1,5,E01001404,0,2
2025010574474,2025,010574474,1,3,9,99,99,9,9,99,99,9,9,99,9,99,2,1,1,1,1,30,6,-1,-1,-1,-1,4,E01000171,0,1
2025010574476,2025,010574476,1,1,9,99,99,9,9,99,99,9,9,99,9,99,1,1,6,6,3,-1,-1,-1,-1,-1,-1,-1,-1,0,-1
2025010574479,2025,010574479,1,11,0,9,9,1,7,0,0,8,0,0,0,0,0,1,1,1,1,31,6,-1,-1,-1,-1,3,E01032729,0,4
2025010574493,2025,010574493,2,9,0,99,99,9,9,99,99,0,9,99,9,99,1,9,6,6,3,-1,-1,-1,-1,-1,-1,-1,-1,0,-1
2025010574493,2025,010574493,1,9,0,99,99,9,9,99,99,0,9,99,9,99,9,9,5,6,1,24,5,-1,-1,-1,-1,4,E01000912,0,3
2025010574496,2025,010574496,1,9,0,18,19,6,2,0,0,1,0,0,0,0,1,1,6,6,3,-1,-1,-1,-1,-1,-1,-1,-1,0,-1
2025010574496,2025,010574496,2,1,0,7,7,6,1,0,0,1,2,0,0,0,2,1,2,2,1,28,6,-1,-1,-1,-1,4,E01002058,0,1
2025010574498,2025,010574498,1,97,0,18,19,3,7,0,0,3,0,0,0,0,1,1,6,6,3,-1,-1,-1,-1,-1,-1,-1,-1,0,-1
2025010574499,2025,010574499,1,19,5,9,9,8,7,0,0,1,0,0,0,0,1,1,1,1,1,33,6,-1,-1,-1,-1,4,E01024771,0,4
2025010574499,2025,010574499,2,1,0,18,19,5,1,0,0,1,0,0,0,0,1,1,5,6,1,35,6,-1,-1,-1,-1,6,E01004485,0,1
2025010574500,2025,010574500,2,9,0,99,99,9,9,99,99,9,9,99,9,99,1,9,6,6,3,-1,-1,-1,-1,-1,-1,4,E01003485,0,2
2025010574500,2025,010574500,1,3,0,99,99,9,9,99,99,9,9,99,9,99,1,1,1,1,1,27,6,-1,-1,-1,-1,7,E01003285,0,1
2025010574506,2025,010574506,6,9,0,2,2,0,0,0,0,0,0,0,0,0,4,1,6,6,3,-1,-1,-1,-1,-1,-1,-1,-1,0,-1
2025010574506,2025,010574506,5,9,0,2,2,0,0,0,0,0,0,0,0,0,2,1,6,6,3,-1,-1,-1,-1,-1,-1,-1,-1,0,-1
2025010574506,2025,010574506,1,9,0,18,19,5,1,0,0,0,0,4,0,0,1,1,6,6,1,33,6,-1,-1,-1,-1,1,-1,0,5
2025010574506,2025,010574506,3,9,0,2,2,0,0,0,0,0,0,4,0,0,1,1,6,6,3,-1,-1,-1,-1,-1,-1,-1,-1,0,-1
2025010574506,2025,010574506,4,9,0,2,2,0,0,0,0,0,0,4,0,0,3,1,6,6,3,-1,-1,-1,-1,-1,-1,-1,-1,0,-1
2025010574506,2025,010574506,2,5,0,4,4,1,5,0,0,0,0,0,0,0,1,1,5,6,1,32,6,-1,-1,-1,-1,5,E01003666,0,3
2025010574508,2025,010574508,1,1,9,99,99,9,9,99,99,9,9,99,9,99,9,1,2,2,2,24,5,-1,-1,-1,-1,5,E01003935,0,2
2025010574508,2025,010574508,2,19,0,99,99,9,9,99,99,9,9,99,9,99,1,9,6,6,1,24,5,-1,-1,-1,-1,-1,-1,0,-1
2025010574513,2025,010574513,1,9,0,9,9,8,6,0,0,1,0,0,0,0,1,1,5,6,1,60,9,-1,-1,-1,-1,6,E01002329,0,1
2025010574513,2025,010574513,2,1,0,18,19,7,3,4,4,1,2,0,0,0,1,1,2,2,1,34,6,-1,-1,-1,-1,7,E01002296,0,1
2025010574514,2025,010574514,2,1,0,18,19,3,7,0,0,1,0,0,0,0,1,1,5,6,1,39,7,-1,-1,-1,-1,10,E01000882,0,1
2025010574514,2025,010574514,1,9,0,5,5,5,1,0,0,1,0,0,0,0,1,1,5,6,1,43,7,-1,-1,-1,-1,9,E01004649,0,1
2025010574518,2025,010574518,2,9,0,11,11,5,1,0,0,0,0,0,0,0,0,1,6,6,1,67,10,-1,-1,-1,-1,1,E01002036,0,1
2025010574518,2025,010574518,1,11,0,18,19,5,1,2,2,0,0,0,0,0,0,1,1,1,1,29,6,-1,-1,-1,-1,5,E01003721,0,3
2025010574519,2025,010574519,1,9,0,7,7,1,2,0,0,5,0,0,0,0,1,1,6,6,3,-1,-1,-1,-1,-1,-1,-1,-1,0,-1
2025010574519,2025,010574519,2,1,0,18,19,5,1,0,0,1,0,0,0,0,1,1,2,2,1,26,6,-1,-1,-1,-1,3,E01001154,0,1
2025010574521,2025,010574521,2,1,0,18,19,3,7,0,0,1,0,0,0,0,3,1,5,6,1,29,6,-1,-1,-1,-1,4,E01028077,0,5
2025010574521,2025,010574521,1,8,0,14,14,7,3,0,0,1,0,0,0,0,1,1,1,1,1,54,8,-1,-1,-1,-1,5,E01001381,0,2
2025010574527,2025,010574527,2,11,0,99,99,9,9,99,99,9,9,99,9,99,1,9,6,6,1,28,6,-1,-1,-1,-1,4,E01004202,0,2
2025010574527,2025,010574527,1,9,0,99,99,9,9,99,99,9,9,99,9,99,2,9,5,6,2,37,7,-1,-1,-1,-1,2,E01003499,0,1
2025010574529,2025,010574529,1,9,0,16,19,3,6,0,0,3,0,0,0,0,4,1,1,1,1,37,7,-1,-1,-1,-1,6,E01001033,0,3
2025010574529,2025,010574529,2,1,0,17,19,3,7,0,0,3,0,0,0,0,3,1,2,2,2,39,7,-1,-1,-1,-1,4,E01003268,0,1
2025010574531,2025,010574531,2,9,0,18,19,1,5,0,0,8,0,0,0,0,0,1,5,6,1,43,7,-1,-1,-1,-1,2,E01003351,0,1
2025010574531,2025,010574531,1,9,0,18,19,3,7,0,0,8,0,0,0,0,1,1,1,1,1,40,7,-1,-1,-1,-1,3,E01003221,0,1
2025010574532,2025,010574532,1,9,0,99,99,9,9,99,99,9,9,99,9,99,2,9,2,2,1,28,6,-1,-1,-1,-1,3,E01001360,0,1
2025010574532,2025,010574532,2,9,0,99,99,9,9,99,99,9,9,99,9,99,1,9,6,6,3,-1,-1,-1,-1,-1,-1,7,E01004159,0,4
2025010574534,2025,010574534,1,9,0,5,5,4,8,0,0,8,0,0,0,0,1,1,5,6,1,43,7,-1,-1,-1,-1,3,E01001712,0,1
2025010574534,2025,010574534,2,90,0,9,9,1,6,0,0,8,0,0,0,0,4,1,1,1,2,27,6,-1,-1,-1,-1,6,E01000709,0,3
2025010574536,2025,010574536,2,11,0,9,9,5,3,0,0,0,0,0,0,0,1,1,1,1,1,44,7,-1,-1,-1,-1,3,E01000403,0,1
2025010574536,2025,010574536,1,9,0,7,7,7,2,0,0,0,0,0,0,0,2,1,3,7,2,31,6,-1,-1,-1,-1,4,E01033789,0,1
2025010574538,2025,010574538,1,9,0,18,19,7,3,0,0,1,0,0,0,0,1,1,5,6,1,27,6,-1,-1,-1,-1,2,E01001318,0,1
2025010574540,2025,010574540,2,20,0,99,99,9,9,99,99,9,9,99,9,99,9,9,6,6,3,-1,-1,-1,-1,-1,-1,-1,-1,0,-1
2025010574540,2025,010574540,1,1,9,99,99,9,9,99,99,9,9,99,9,99,0,1,1,1,1,29,6,-1,-1,-1,-1,10,-1,0,5
2025010574543,2025,010574543,2,1,0,18,19,1,5,4,4,1,0,0,0,0,1,1,2,2,2,31,6,-1,-1,-1,-1,5,E01004591,0,1
2025010574543,2025,010574543,1,19,0,7,7,1,2,0,0,8,0,0,0,0,4,1,1,1,1,47,8,-1,-1,-1,-1,7,E01004597,0,2
2025010574544,2025,010574544,2,3,0,13,13,5,1,0,0,1,1,0,0,0,4,1,5,6,2,20,4,-1,-1,-1,-1,2,E01001944,0,1
2025010574544,2025,010574544,1,9,0,9,9,5,2,0,0,8,0,0,0,0,3,1,6,6,1,31,6,-1,-1,-1,-1,8,E01002819,0,1
2025010574546,2025,010574546,2,9,0,6,6,1,1,0,0,0,0,0,0,0,3,1,6,6,1,37,7,-1,-1,-1,-1,8,E01000320,0,1
2025010574546,2025,010574546,1,3,0,5,5,1,5,0,0,0,0,0,0,0,0,1,6,6,1,37,7,-1,-1,-1,-1,3,E01000163,0,1
2025010574554,2025,010574554,1,1,0,18,19,3,7,0,0,0,0,0,0,0,0,1,6,6,2,28,6,-1,-1,-1,-1,3,E01035494,0,1
2025010574556,2025,010574556,1,8,0,99,99,9,9,99,99,0,9,99,9,99,2,9,1,1,1,47,8,-1,-1,-1,-1,2,E01002508,0,4
2025010574556,2025,010574556,2,9,0,99,99,9,9,99,99,0,9,99,9,99,1,9,6,6,3,-1,-1,-1,-1,-1,-1,-1,-1,0,-1
2025010574557,2025,010574557,2,19,5,18,19,5,1,0,0,2,0,0,0,0,1,1,1,1,1,50,8,-1,-1,-1,-1,5,E01004580,0,1
2025010574557,2025,010574557,1,19,0,18,19,1,5,0,0,1,0,0,0,0,1,1,1,1,1,19,4,-1,-1,-1,-1,6,E01035326,0,4
2025010574559,2025,010574559,2,1,0,18,19,1,5,0,0,0,0,0,0,0,1,1,6,6,1,22,5,-1,-1,-1,-1,-1,-1,0,-1
2025010574559,2025,010574559,1,3,0,18,19,5,1,0,0,0,0,0,0,0,1,1,5,6,2,20,4,-1,-1,-1,-1,6,E01002628,0,3
2025010574562,2025,010574562,2,9,0,99,99,9,9,99,99,6,9,99,9,99,1,9,6,6,3,-1,-1,-1,-1,-1,-1,6,E01000400,0,2
2025010574562,2025,010574562,1,1,9,99,99,9,9,99,99,1,9,99,9,99,1,1,2,2,1,29,6,-1,-1,-1,-1,2,E01003507,0,1
2025010574567,2025,010574567,1,9,0,99,99,9,9,99,99,0,9,99,9,99,9,9,1,1,2,47,8,-1,-1,-1,-1,7,E01004493,0,1
2025010574567,2025,010574567,2,3,9,99,99,9,9,99,99,0,9,99,9,99,1,1,6,6,3,-1,-1,-1,-1,-1,-1,2,E01004003,0,2
2025010574572,2025,010574572,2,8,0,11,11,7,3,0,0,0,1,0,0,0,1,1,5,6,1,48,8,-1,-1,-1,-1,1,E01024613,0,4
2025010574572,2025,010574572,1,8,0,4,4,7,3,6,6,0,0,0,0,0,2,1,1,1,1,51,8,-1,-1,-1,-1,4,E01003343,0,2
2025010574577,2025,010574577,2,5,0,18,19,1,5,0,0,1,0,0,0,0,1,1,1,1,1,50,8,-1,-1,-1,-1,8,E01001904,0,1
2025010574577,2025,010574577,1,9,0,9,9,6,3,0,0,1,0,0,0,0,3,1,5,6,1,18,4,-1,-1,-1,-1,4,E01004571,0,1
2025010574578,2025,010574578,2,9,0,9,9,1,7,0,0,8,0,0,0,0,1,1,2,2,1,55,8,-1,-1,-1,-1,2,E01021771,0,1
2025010574578,2025,010574578,1,9,0,18,19,5,1,0,0,8,0,0,0,0,1,1,2,2,1,58,9,-1,-1,-1,-1,2,E01003503,0,2
2025010574580,2025,010574580,2,3,0,99,99,9,9,2,2,9,9,99,9,99,9,1,6,6,3,-1,-1,-1,-1,-1,-1,4,E01001934,0,1
2025010574580,2025,010574580,1,1,9,99,99,9,9,2,2,9,9,99,9,99,9,1,2,2,1,33,6,-1,-1,-1,-1,8,E01033569,0,2
2025010574583,2025,010574583,1,19,0,18,19,5,1,0,0,1,0,0,7,0,3,1,1,1,1,54,8,-1,-1,-1,-1,2,E01003188,0,1
2025010574583,2025,010574583,2,1,0,9,9,3,8,0,0,8,0,0,0,0,1,1,2,2,2,50,8,-1,-1,-1,-1,4,E01003096,0,1
2025010574585,2025,010574585,2,9,0,99,99,9,9,99,99,9,9,99,9,99,9,9,6,6,3,-1,-1,-1,-1,-1,-1,-1,-1,0,-1
2025010574585,2025,010574585,1,3,0,99,99,9,9,99,99,9,9,99,9,99,9,1,5,6,1,41,7,-1,-1,-1,-1,4,E01003119,0,1
2025010574586,2025,010574586,1,1,9,99,99,9,9,99,99,9,9,99,9,99,9,1,5,6,1,34,6,-1,-1,-1,-1,6,E01004347,0,1
2025010574586,2025,010574586,2,9,0,99,99,9,9,99,99,9,9,99,9,99,1,9,6,6,3,-1,-1,-1,-1,-1,-1,-1,-1,0,-1
2025010574587,2025,010574587,1,8,0,99,99,9,9,99,99,0,9,99,9,99,1,9,1,1,1,38,7,-1,-1,-1,-1,9,E01002960,0,1
2025010574588,2025,010574588,1,9,0,18,19,5,1,0,0,1,0,0,0,0,1,1,1,1,1,36,7,-1,-1,-1,-1,9,E01004191,0,1
2025010574595,2025,010574595,1,5,0,99,99,9,9,99,99,9,9,99,9,99,1,1,5,6,1,22,5,-1,-1,-1,-1,10,E01002476,0,1
2025010574595,2025,010574595,2,9,0,99,99,9,9,99,99,9,9,99,9,99,9,9,6,6,1,70,10,-1,-1,-1,-1,7,E01002187,0,1
2025010574597,2025,010574597,1,1,0,18,19,1,5,2,2,1,0,0,0,0,1,1,6,6,1,-1,-1,-1,-1,-1,-1,-1,-1,0,-1
2025010574600,2025,010574600,1,9,0,9,9,5,4,0,0,1,0,0,0,0,1,1,3,7,2,23,5,-1,-1,-1,-1,4,E01001087,0,1
2025010574606,2025,010574606,1,-1,0,99,99,9,9,99,99,9,9,99,9,99,1,9,6,6,3,35,6,-1,-1,-1,-1,-1,-1,1,-1
2025010574611,2025,010574611,2,20,0,3,3,1,5,0,0,1,0,0,0,0,1,1,1,1,1,38,7,-1,-1,-1,-1,10,E01030560,0,2