collision_index,collision_year,collision_ref_no,vehicle_reference,vehicle_type,towing_and_articulation,vehicle_manoeuvre_historic,vehicle_manoeuvre,vehicle_direction_from,vehicle_direction_to,vehicle_location_restricted_lane_historic,vehicle_location_restricted_lane,junction_location,skidding_and_overturning,hit_object_in_carriageway,vehicle_leaving_carriageway,hit_object_off_carriageway,first_point_of_impact,vehicle_left_hand_drive,journey_purpose_of_driver_historic,journey_purpose_of_driver,sex_of_driver,age_of_driver,age_band_of_driver,engine_capacity_cc,propulsion_code,age_of_vehicle,generic_make_model,driver_imd_decile,lsoa_of_driver,escooter_flag,driver_distance_banding
2025010574611,2025,010574611,3,9,0,5,5,4,8,7,6,6,0,0,0,0,1,1,5,6,1,45,7,-1,-1,-1,-1,7,E01002985,0,1
2025010574611,2025,010574611,1,9,0,7,7,4,5,0,0,2,0,0,2,10,2,1,1,1,1,38,7,-1,-1,-1,-1,5,E01002118,0,4
2025010574613,2025,010574613,1,1,0,18,19,1,5,0,0,1,0,0,0,0,3,1,6,6,2,51,8,-1,-1,-1,-1,6,E01004548,0,1
2025010574613,2025,010574613,2,19,0,7,7,1,3,0,0,1,0,0,0,0,1,1,6,6,3,-1,-1,-1,-1,-1,-1,-1,-1,0,-1
2025010574615,2025,010574615,1,11,0,-1,-1,7,3,0,0,3,0,0,0,0,0,1,1,1,1,57,9,-1,-1,-1,-1,5,E01001975,0,1
2025010574622,2025,010574622,1,9,0,18,19,7,3,0,0,0,0,0,0,0,1,2,2,2,1,63,9,-1,-1,-1,-1,9,E01023577,0,3
2025010574622,2025,010574622,2,1,0,18,19,7,3,0,0,0,5,0,0,0,3,1,3,7,1,11,3,-1,-1,-1,-1,3,E01002086,0,1
2025010574625,2025,010574625,1,1,9,99,99,9,9,99,99,9,9,99,9,99,9,1,5,6,1,25,5,-1,-1,-1,-1,3,E01004257,0,1
2025010574625,2025,010574625,2,19,0,99,99,9,9,99,99,9,9,99,9,99,1,9,6,6,3,-1,-1,-1,-1,-1,-1,9,E01023308,0,4
2025010574628,2025,010574628,3,9,0,9,9,3,1,0,0,1,0,0,1,0,3,1,6,6,2,63,9,-1,-1,-1,-1,4,E01021775,0,3
2025010574628,2025,010574628,2,9,0,18,19,1,5,0,0,1,0,0,0,0,1,1,6,6,1,63,9,-1,-1,-1,-1,3,E01001476,0,2
2025010574628,2025,010574628,1,9,0,10,10,5,2,0,0,1,0,0,0,0,3,1,6,6,2,77,11,-1,-1,-1,-1,6,E01001408,0,1
2025010574630,2025,010574630,1,9,0,99,99,9,9,99,99,9,0,99,9,0,9,9,6,6,3,-1,-1,-1,-1,-1,-1,-1,-1,0,-1
2025010574635,2025,010574635,1,9,0,99,99,9,9,99,99,0,9,99,9,99,2,9,2,2,1,33,6,-1,-1,-1,-1,7,E01003416,0,3
2025010574635,2025,010574635,2,9,0,99,99,9,9,99,99,0,9,99,9,99,1,9,6,6,3,-1,-1,-1,-1,-1,-1,-1,-1,0,-1
2025010574639,2025,010574639,1,9,0,99,99,9,9,99,99,9,9,99,9,99,9,9,5,6,2,37,7,-1,-1,-1,-1,2,E01034190,0,1
2025010574639,2025,010574639,2,9,0,99,99,9,9,99,99,9,9,99,9,99,1,9,6,6,3,-1,-1,-1,-1,-1,-1,6,E01001644,0,1
2025010574648,2025,010574648,2,9,0,18,19,7,3,0,0,0,0,0,0,0,1,1,5,6,1,21,5,-1,-1,-1,-1,-1,-1,0,-1
2025010574648,2025,010574648,1,9,0,4,4,7,3,0,0,0,0,0,0,0,2,1,3,7,2,29,6,-1,-1,-1,-1,-1,-1,0,-1
2025010574649,2025,010574649,1,9,0,18,19,5,1,0,0,0,0,4,0,0,1,1,6,6,2,64,9,-1,-1,-1,-1,6,E01003226,0,1
2025010574649,2025,010574649,2,9,0,2,2,0,0,0,0,0,0,4,0,0,2,1,6,6,3,-1,-1,-1,-1,-1,-1,-1,-1,0,-1
2025010574649,2025,010574649,3,9,0,2,2,0,0,0,0,0,0,0,0,0,2,1,6,6,3,-1,-1,-1,-1,-1,-1,-1,-1,0,-1
2025010574650,2025,010574650,1,9,0,18,19,7,3,0,0,0,0,4,0,0,1,1,5,6,1,89,11,-1,-1,-1,-1,-1,-1,0,-1
2025010574650,2025,010574650,2,9,0,2,2,0,0,0,0,0,0,0,1,0,2,1,6,6,3,-1,-1,-1,-1,-1,-1,-1,-1,0,-1
2025010574653,2025,010574653,1,3,0,18,19,7,3,0,0,8,0,0,0,0,1,1,6,6,1,40,7,-1,-1,-1,-1,6,E01002124,0,1
2025010574653,2025,010574653,2,9,0,18,19,7,3,0,0,8,0,0,0,0,4,1,6,6,3,-1,-1,-1,-1,-1,-1,-1,-1,0,-1
2025010574654,2025,010574654,1,9,0,6,6,3,3,0,0,0,0,0,1,0,2,1,6,6,1,29,6,-1,-1,-1,-1,3,E01003387,0,2
2025010574655,2025,010574655,1,19,4,10,10,7,4,0,0,8,0,0,3,0,1,1,6,6,2,45,7,-1,-1,-1,-1,4,E01001285,0,2
2025010574655,2025,010574655,2,9,4,7,7,1,4,1,1,8,0,0,1,0,1,1,6,6,2,50,8,-1,-1,-1,-1,4,E01001317,0,3
2025010574657,2025,010574657,2,9,0,99,99,9,9,99,99,9,9,99,9,99,1,9,6,6,3,-1,-1,-1,-1,-1,-1,-1,-1,0,-1
2025010574657,2025,010574657,1,1,9,99,99,9,9,99,99,9,9,99,9,99,1,1,2,2,2,28,6,-1,-1,-1,-1,3,E01032786,0,1
2025010574658,2025,010574658,1,3,0,99,99,9,9,99,99,9,9,99,9,99,2,1,1,1,1,28,6,-1,-1,-1,-1,2,E01001361,0,1
2025010574658,2025,010574658,2,9,0,99,99,9,9,99,99,9,9,99,9,99,1,9,6,6,3,-1,-1,-1,-1,-1,-1,-1,-1,0,-1
2025010574659,2025,010574659,1,5,0,13,13,3,7,0,0,1,0,0,0,0,1,1,2,2,1,50,8,-1,-1,-1,-1,2,E01004390,0,3
2025010574662,2025,010574662,1,19,0,1,1,8,4,0,0,8,0,0,0,0,2,1,1,1,1,28,6,-1,-1,-1,-1,3,E01002772,0,1
2025010574663,2025,010574663,1,1,0,4,4,1,5,0,0,1,5,0,0,0,1,1,2,2,1,38,7,-1,-1,-1,-1,6,E01003411,0,1
2025010574669,2025,010574669,1,9,0,9,9,7,5,0,0,6,0,0,0,0,1,1,3,7,1,50,8,-1,-1,-1,-1,3,E01034219,0,1
2025010574669,2025,010574669,2,1,0,18,19,3,7,0,0,6,0,0,0,0,1,1,3,7,2,12,3,-1,-1,-1,-1,3,E01003615,0,1
2025010574670,2025,010574670,1,1,0,18,19,2,6,0,0,2,0,0,0,0,1,1,5,6,1,32,6,-1,-1,-1,-1,3,E01002562,0,2
2025010574675,2025,010574675,1,9,0,18,19,3,7,0,0,1,1,0,1,0,4,1,1,1,1,28,6,-1,-1,-1,-1,6,E01002113,0,2
2025010574675,2025,010574675,2,9,0,7,7,3,6,0,0,2,5,0,1,11,2,1,6,6,1,55,8,-1,-1,-1,-1,5,E01000255,0,1
2025010574677,2025,010574677,1,9,0,99,99,9,9,99,99,9,9,99,9,99,9,9,5,6,2,67,10,-1,-1,-1,-1,7,E01023572,0,2
2025010574677,2025,010574677,2,9,0,99,99,9,9,99,99,9,9,99,9,99,9,9,6,6,3,-1,-1,-1,-1,-1,-1,-1,-1,0,-1
2025010574684,2025,010574684,1,8,0,3,3,5,1,2,2,1,0,0,0,0,1,1,5,6,1,65,9,-1,-1,-1,-1,10,E01000681,0,4
2025010574684,2025,010574684,2,1,0,9,9,3,2,0,0,1,0,0,0,0,1,1,1,1,1,32,6,-1,-1,-1,-1,2,E01003501,0,2
2025010574685,2025,010574685,1,9,0,17,19,7,3,0,0,2,0,0,0,0,3,1,5,6,2,67,10,-1,-1,-1,-1,4,E01035006,0,4
2025010574686,2025,010574686,1,9,0,18,19,1,5,0,0,1,0,0,0,0,1,1,5,6,2,66,10,-1,-1,-1,-1,4,E01021808,0,2
2025010574686,2025,010574686,2,9,0,9,9,5,2,0,0,7,0,0,6,0,4,1,2,2,2,52,8,-1,-1,-1,-1,4,E01001478,0,1
2025010574687,2025,010574687,2,1,9,99,99,9,9,99,99,9,9,99,9,99,1,1,6,6,3,-1,-1,-1,-1,-1,-1,-1,-1,0,-1
2025010574687,2025,010574687,1,1,9,99,99,9,9,99,99,9,9,99,9,99,1,1,2,2,1,49,8,-1,-1,-1,-1,7,E01003001,0,3
2025010574688,2025,010574688,1,9,0,99,99,9,9,99,99,9,9,99,9,99,9,9,6,6,2,40,7,-1,-1,-1,-1,2,E01001078,0,2
2025010574688,2025,010574688,2,9,0,99,99,9,9,99,99,9,9,99,9,99,9,9,6,6,3,-1,-1,-1,-1,-1,-1,-1,-1,0,-1
2025010574697,2025,010574697,1,8,0,99,99,9,9,99,99,9,9,99,9,99,1,9,6,6,1,34,6,-1,-1,-1,-1,5,E01024179,0,4
2025010574698,2025,010574698,2,9,9,99,99,9,9,99,99,0,9,99,9,99,9,9,6,6,3,-1,-1,-1,-1,-1,-1,-1,-1,0,-1
2025010574698,2025,010574698,1,9,9,99,99,9,9,99,99,0,2,12,9,99,9,9,6,6,3,35,6,-1,-1,-1,-1,7,E01002336,0,1
2025010574703,2025,010574703,2,9,9,99,99,9,9,99,99,9,9,99,9,99,9,9,6,6,3,-1,-1,-1,-1,-1,-1,-1,-1,0,-1
2025010574703,2025,010574703,1,9,0,99,99,9,9,99,99,9,9,99,9,99,9,9,6,6,1,43,7,-1,-1,-1,-1,3,E01003528,0,1
2025010574703,2025,010574703,3,9,9,18,19,1,5,99,99,9,9,99,9,99,9,9,6,6,2,46,8,-1,-1,-1,-1,4,E01003549,0,1
2025010574704,2025,010574704,2,-1,0,18,19,1,5,0,0,2,0,0,0,0,2,1,6,6,1,11,3,-1,-1,-1,-1,4,E01002681,1,1
2025010574704,2025,010574704,1,9,0,7,7,5,7,0,0,1,0,0,0,0,1,1,6,6,2,-1,-1,-1,-1,-1,-1,-1,-1,0,-1
2025010574705,2025,010574705,1,9,0,99,99,9,9,99,99,9,9,99,9,99,9,9,5,6,2,35,6,-1,-1,-1,-1,3,E01003193,0,2
2025010574705,2025,010574705,2,9,0,99,99,9,9,99,99,9,9,99,9,99,2,9,6,6,3,39,7,-1,-1,-1,-1,6,E01024478,0,3
2025010574709,2025,010574709,1,4,0,15,15,3,7,0,0,8,0,0,0,0,1,1,6,6,1,20,4,-1,-1,-1,-1,8,E01004118,0,2
2025010574709,2025,010574709,2,9,0,7,7,3,5,0,0,1,0,0,0,0,1,1,1,1,2,59,9,-1,-1,-1,-1,3,E01002932,0,1
2025010574714,2025,010574714,2,9,0,9,9,6,3,0,0,8,0,0,0,0,1,1,5,6,1,33,6,-1,-1,-1,-1,2,E01003044,0,2
2025010574714,2025,010574714,1,4,0,18,19,5,1,0,0,8,0,0,0,0,1,1,6,6,1,32,6,-1,-1,-1,-1,8,E01004703,0,1
2025010574715,2025,010574715,1,1,9,99,99,9,9,99,99,1,9,99,9,99,9,1,2,2,1,22,5,-1,-1,-1,-1,3,E01004576,0,1
2025010574715,2025,010574715,2,19,0,99,99,9,9,99,99,5,9,99,9,99,9,9,6,6,1,-1,-1,-1,-1,-1,-1,-1,-1,0,-1
2025010574718,2025,010574718,4,9,0,18,19,1,5,0,0,0,0,0,0,0,1,1,6,6,1,62,9,-1,-1,-1,-1,4,E01023543,0,4
2025010574718,2025,010574718,2,19,0,4,4,2,6,0,0,0,0,0,0,0,1,1,1,1,1,29,6,-1,-1,-1,-1,2,E01001673,0,3
2025010574718,2025,010574718,1,9,0,18,19,6,2,0,0,0,0,0,0,0,1,1,6,6,2,53,8,-1,-1,-1,-1,6,E01001070,0,2
2025010574718,2025,010574718,3,9,0,18,19,1,5,0,0,0,0,0,0,0,1,1,6,6,2,42,7,-1,-1,-1,-1,3,E01000992,0,1
2025010574722,2025,010574722,2,1,0,18,19,3,7,0,0,8,0,0,0,0,1,1,5,6,1,62,9,-1,-1,-1,-1,6,E01003316,0,1
2025010574722,2025,010574722,1,9,0,9,9,1,7,0,0,6,0,0,0,0,3,1,2,2,1,41,7,-1,-1,-1,-1,3,E01003630,0,2
2025010574723,2025,010574723,1,9,0,9,9,3,8,0,0,1,0,0,0,0,3,1,1,1,1,67,10,-1,-1,-1,-1,9,E01003809,0,2
2025010574723,2025,010574723,2,1,0,18,19,5,1,0,0,8,0,0,0,0,3,1,2,2,2,23,5,-1,-1,-1,-1,6,E01000555,0,2
2025010574728,2025,010574728,2,1,0,18,19,5,1,0,0,1,1,0,0,0,1,1,5,6,1,19,4,-1,-1,-1,-1,7,E01030858,0,2
2025010574728,2025,010574728,1,9,0,3,3,5,1,0,0,1,0,0,0,0,2,1,5,6,2,35,6,-1,-1,-1,-1,10,E01004084,0,1
2025010574729,2025,010574729,2,1,0,18,19,1,5,0,0,1,0,0,0,0,3,1,2,2,1,58,9,-1,-1,-1,-1,5,E01003155,0,2
2025010574729,2025,010574729,1,9,0,16,19,3,5,0,0,1,0,0,0,0,1,1,5,6,1,27,6,-1,-1,-1,-1,2,E01004615,0,1
2025010574730,2025,010574730,1,1,0,18,19,3,7,4,4,8,0,0,0,0,1,1,2,2,1,49,8,-1,-1,-1,-1,7,E01000887,0,2
2025010574733,2025,010574733,1,11,0,18,19,5,1,0,0,1,0,0,0,0,0,1,1,1,1,24,5,-1,-1,-1,-1,5,E01000632,0,3
2025010574735,2025,010574735,2,3,0,18,19,4,8,0,0,1,0,0,0,0,4,1,6,6,1,19,4,-1,-1,-1,-1,-1,-1,0,-1
2025010574735,2025,010574735,1,9,0,9,9,4,2,0,0,5,0,0,0,0,3,1,6,6,1,72,10,-1,-1,-1,-1,9,E01000777,0,1
2025010574737,2025,010574737,1,3,0,99,99,9,9,99,99,9,9,99,9,99,9,1,2,2,2,28,6,-1,-1,-1,-1,4,E01001359,0,1
2025010574737,2025,010574737,2,9,0,99,99,9,9,99,99,9,9,99,9,99,9,9,6,6,3,-1,-1,-1,-1,-1,-1,2,E01002505,0,1
2025010574740,2025,010574740,1,4,0,9,9,3,1,0,0,1,0,0,0,0,1,1,2,2,1,23,5,-1,-1,-1,-1,3,E01003572,0,2
2025010574740,2025,010574740,2,19,0,9,9,5,3,0,0,2,0,0,0,0,3,1,1,1,1,45,7,-1,-1,-1,-1,1,E01004334,0,2
2025010574741,2025,010574741,2,9,0,99,99,9,9,99,99,9,9,99,9,99,9,9,6,6,3,74,10,-1,-1,-1,-1,2,E01001339,0,1
2025010574741,2025,010574741,1,1,9,99,99,9,9,99,99,9,9,99,9,99,1,1,2,2,1,37,7,-1,-1,-1,-1,4,E01001336,0,1
2025010574742,2025,010574742,1,9,0,99,99,9,9,99,99,9,9,99,9,99,0,9,6,6,2,43,7,-1,-1,-1,-1,6,E01033590,0,1
2025010574746,2025,010574746,1,9,0,99,99,9,9,99,99,0,9,99,9,99,9,9,6,6,1,41,7,-1,-1,-1,-1,3,E01034221,0,1
2025010574747,2025,010574747,2,9,0,18,19,7,3,0,0,0,0,0,0,0,1,1,6,6,3,-1,-1,-1,-1,-1,-1,-1,-1,0,-1
2025010574747,2025,010574747,1,1,0,18,19,3,7,0,0,0,0,0,0,0,1,1,2,2,2,29,6,-1,-1,-1,-1,9,E01002019,0,1
2025010574748,2025,010574748,1,19,0,15,15,3,7,0,0,1,0,0,0,0,1,1,6,6,1,33,6,-1,-1,-1,-1,2,E01003600,0,2
2025010574748,2025,010574748,2,1,0,7,7,3,5,0,0,1,0,0,0,0,1,1,6,6,1,25,5,-1,-1,-1,-1,5,E01032782,0,1
2025010574749,2025,010574749,2,1,0,18,19,3,7,0,0,0,0,0,0,0,3,1,6,6,1,12,3,-1,-1,-1,-1,6,E01002221,0,1
2025010574749,2025,010574749,1,9,0,18,19,1,5,0,0,0,0,0,0,0,1,1,6,6,1,35,6,-1,-1,-1,-1,6,E01002218,0,1
2025010574751,2025,010574751,1,9,0,99,99,9,9,99,99,9,9,99,9,99,2,9,3,7,2,29,6,-1,-1,-1,-1,5,E01030569,0,2
2025010574751,2025,010574751,2,9,0,99,99,9,9,99,99,9,9,99,9,99,9,9,6,6,3,27,6,-1,-1,-1,-1,4,E01034156,0,2
2025010574753,2025,010574753,2,1,0,18,19,1,5,0,0,6,0,0,0,0,2,1,5,6,1,48,8,-1,-1,-1,-1,3,E01003431,0,1
2025010574753,2025,010574753,1,9,0,13,13,7,3,0,0,5,0,0,0,0,1,1,5,6,1,21,5,-1,-1,-1,-1,5,E01003116,0,1
2025010574759,2025,010574759,2,9,0,99,99,9,9,99,99,0,9,99,9,99,1,9,6,6,3,-1,-1,-1,-1,-1,-1,-1,-1,0,-1
2025010574759,2025,010574759,1,9,0,99,99,9,9,99,99,0,9,99,9,99,2,9,2,2,2,51,8,-1,-1,-1,-1,10,E01021452,0,4
2025010574760,2025,010574760,2,1,0,18,19,1,5,0,0,1,0,0,0,0,1,1,6,6,1,47,8,-1,-1,-1,-1,7,E01003408,0,3
2025010574760,2025,010574760,1,9,0,7,7,3,5,0,0,1,0,0,0,0,1,1,6,6,2,23,5,-1,-1,-1,-1,2,E01003933,0,1
2025010574761,2025,010574761,1,9,0,17,19,7,5,0,0,8,0,0,0,0,1,1,6,6,1,28,6,-1,-1,-1,-1,2,E01002748,0,1
2025010574764,2025,010574764,1,9,0,9,9,7,5,0,0,1,0,0,0,0,4,1,5,6,2,72,10,-1,-1,-1,-1,-1,-1,0,-1
2025010574764,2025,010574764,2,3,0,18,19,3,7,0,0,2,0,0,0,0,1,1,5,6,1,23,5,-1,-1,-1,-1,10,E01030375,0,4
2025010574766,2025,010574766,2,3,0,18,19,3,7,0,0,1,0,0,0,0,1,1,6,6,1,32,6,-1,-1,-1,-1,4,E01004038,0,1
2025010574766,2025,010574766,1,9,0,18,19,1,5,0,0,1,0,0,0,0,4,1,6,6,1,32,6,-1,-1,-1,-1,3,E01003024,0,2
2025010574769,2025,010574769,1,9,0,18,19,1,5,0,0,1,0,0,0,0,4,1,5,6,1,47,8,-1,-1,-1,-1,9,E01002378,0,1
2025010574775,2025,010574775,2,1,0,12,12,1,5,4,4,1,0,0,0,0,0,1,6,6,2,41,7,-1,-1,-1,-1,3,E01035494,0,1
2025010574775,2025,010574775,1,2,3,18,19,5,1,2,2,1,0,0,0,0,0,1,5,6,1,52,8,-1,-1,-1,-1,6,E01001935,0,1
2025010574779,2025,010574779,1,9,0,99,99,9,9,99,99,9,9,99,9,99,9,9,5,6,2,29,6,-1,-1,-1,-1,7,E01004176,0,1
2025010574783,2025,010574783,2,9,0,5,5,3,7,0,0,6,0,0,0,0,1,1,6,6,1,19,4,-1,-1,-1,-1,3,E01000044,0,1
2025010574783,2025,010574783,1,9,0,18,19,1,5,0,0,8,0,0,0,0,4,1,5,6,1,18,4,-1,-1,-1,-1,2,E01000077,0,1
2025010574785,2025,010574785,2,9,0,4,4,5,1,0,0,1,0,0,0,0,1,1,5,6,1,40,7,-1,-1,-1,-1,6,E01000268,0,1
2025010574785,2025,010574785,1,9,0,4,4,5,1,0,0,1,0,0,0,0,3,1,5,6,1,54,8,-1,-1,-1,-1,3,E01000222,0,2
2025010574787,2025,010574787,1,1,9,99,99,9,9,99,99,9,9,99,9,99,9,1,2,2,1,49,8,-1,-1,-1,-1,5,E01004048,0,1
2025010574787,2025,010574787,2,9,0,99,99,9,9,99,99,9,9,99,9,99,9,9,6,6,1,22,5,-1,-1,-1,-1,4,E01003343,0,1
2025010574795,2025,010574795,1,9,0,9,9,3,8,0,0,1,0,0,0,0,1,1,6,6,1,27,6,-1,-1,-1,-1,-1,-1,0,-1
2025010574801,2025,010574801,1,3,0,18,19,7,3,0,0,0,0,0,0,0,1,1,6,6,1,-1,-1,-1,-1,-1,-1,-1,-1,0,-1
2025010574802,2025,010574802,1,19,0,6,6,3,3,0,0,1,0,0,0,0,3,1,6,6,1,25,5,-1,-1,-1,-1,5,E01002440,0,4
2025010574802,2025,010574802,2,1,0,13,13,3,7,0,0,1,5,0,0,0,1,1,5,6,1,26,6,-1,-1,-1,-1,3,E01001856,0,1
2025010574804,2025,010574804,2,9,0,99,99,9,9,99,99,9,9,99,9,99,1,9,6,6,1,47,8,-1,-1,-1,-1,4,E01001942,0,2
2025010574804,2025,010574804,1,1,9,99,99,9,9,99,99,9,9,99,9,99,1,1,5,6,2,35,6,-1,-1,-1,-1,6,E01000892,0,1
2025010574806,2025,010574806,2,9,0,7,7,9,9,99,99,9,9,99,9,99,9,9,6,6,3,-1,-1,-1,-1,-1,-1,-1,-1,0,-1
2025010574806,2025,010574806,1,1,9,18,19,9,9,99,99,9,9,99,9,99,1,1,2,2,1,34,6,-1,-1,-1,-1,-1,-1,0,-1
2025010574807,2025,010574807,1,9,0,18,19,1,5,0,0,0,0,0,0,0,0,1,3,7,2,52,8,-1,-1,-1,-1,3,E01000095,0,1
2025010574808,2025,010574808,2,9,0,99,99,9,9,99,99,9,9,99,9,99,1,9,6,6,3,-1,-1,-1,-1,-1,-1,-1,-1,0,-1
2025010574808,2025,010574808,1,1,9,99,99,9,9,99,99,9,9,99,9,99,1,1,5,6,1,34,6,-1,-1,-1,-1,2,E01000891,0,1
2025010574810,2025,010574810,2,1,9,99,99,9,9,99,99,9,9,99,9,99,1,1,6,6,3,-1,-1,-1,-1,-1,-1,-1,-1,0,-1
2025010574810,2025,010574810,1,9,0,99,99,9,9,99,99,9,9,99,9,99,9,9,5,6,1,27,6,-1,-1,-1,-1,4,E01004331,0,1
2025010574817,2025,010574817,1,1,9,99,99,9,9,99,99,9,9,99,9,99,1,1,1,1,2,29,6,-1,-1,-1,-1,4,E01002070,0,1
2025010574817,2025,010574817,2,9,9,99,99,9,9,99,99,9,9,99,9,99,9,9,5,6,3,-1,-1,-1,-1,-1,-1,-1,-1,0,-1
2025010574822,2025,010574822,2,1,0,18,19,7,3,0,0,0,0,0,0,0,2,1,2,2,1,21,5,-1,-1,-1,-1,5,E01004631,0,1
2025010574822,2025,010574822,1,9,0,18,19,7,3,0,0,0,0,0,0,0,1,2,6,6,2,37,7,-1,-1,-1,-1,4,E01004633,0,1
2025010574835,2025,010574835,1,11,0,16,19,2,6,0,0,0,0,0,0,0,4,1,1,1,1,39,7,-1,-1,-1,-1,4,E01004336,0,1
2025010574838,2025,010574838,1,9,0,18,19,5,1,0,0,2,0,0,0,0,4,1,2,2,1,29,6,-1,-1,-1,-1,-1,-1,0,-1
2025010574839,2025,010574839,1,9,0,10,10,1,7,0,0,2,0,0,0,0,1,1,5,6,1,72,10,-1,-1,-1,-1,-1,-1,0,-1
2025010574839,2025,010574839,2,9,0,7,7,5,7,0,0,2,0,0,0,0,1,1,6,6,1,-1,-1,-1,-1,-1,-1,7,E01035286,0,4
2025010574845,2025,010574845,2,11,0,2,2,0,0,2,2,0,0,0,0,0,2,1,6,6,3,-1,-1,-1,-1,-1,-1,-1,-1,0,-1
2025010574845,2025,010574845,1,11,0,6,6,5,5,2,2,0,0,4,7,0,1,1,1,1,2,46,8,-1,-1,-1,-1,2,E01034476,0,1
2025010574850,2025,010574850,1,21,4,18,19,5,1,0,0,2,0,0,0,0,3,1,1,1,1,54,8,-1,-1,-1,-1,6,E01023396,0,4
2025010574850,2025,010574850,2,19,0,18,19,5,1,0,0,2,0,0,0,0,0,1,1,1,1,42,7,-1,-1,-1,-1,-1,-1,0,-1
2025010574850,2025,010574850,3,9,0,18,19,5,1,0,0,2,0,0,0,0,0,1,1,1,2,54,8,-1,-1,-1,-1,-1,-1,0,-1
2025010574851,2025,010574851,1,3,0,99,99,9,9,99,99,9,9,99,9,99,1,1,1,1,2,39,7,-1,-1,-1,-1,2,E01000868,0,1
2025010574851,2025,010574851,2,9,0,99,99,9,9,99,99,9,9,99,9,99,1,9,6,6,3,-1,-1,-1,-1,-1,-1,-1,-1,0,-1
2025010574855,2025,010574855,2,19,0,18,19,1,5,0,0,8,0,0,0,0,9,2,6,6,3,-1,-1,-1,-1,-1,-1,-1,-1,0,-1
2025010574855,2025,010574855,1,1,9,99,99,9,9,99,99,9,9,99,9,99,1,1,5,6,2,22,5,-1,-1,-1,-1,4,E01003354,0,1
2025010574860,2025,010574860,1,9,0,5,5,0,5,0,0,1,0,0,0,0,0,1,2,2,1,48,8,-1,-1,-1,-1,-1,-1,0,-1
2025010574860,2025,010574860,2,9,0,18,19,1,5,0,0,1,0,0,0,0,0,1,2,2,1,58,9,-1,-1,-1,-1,-1,-1,0,-1
2025010574861,2025,010574861,1,1,0,18,19,1,5,0,0,8,0,0,0,0,1,1,4,7,3,23,5,-1,-1,-1,-1,-1,-1,0,-1
2025010574866,2025,010574866,1,1,9,99,99,9,9,4,4,9,9,99,9,99,1,1,5,6,2,25,5,-1,-1,-1,-1,3,E01004283,0,1
2025010574866,2025,010574866,2,9,0,99,99,9,9,99,99,9,9,99,9,99,1,9,6,6,1,60,9,-1,-1,-1,-1,5,E01022021,0,4
2025010574875,2025,010574875,1,9,0,99,99,9,9,99,99,9,9,99,9,99,2,9,5,6,2,30,6,-1,-1,-1,-1,8,E01001924,0,1
2025010574875,2025,010574875,2,11,0,99,99,9,9,99,99,9,9,99,9,99,9,1,6,6,1,56,9,-1,-1,-1,-1,2,E01003092,0,1
2025010574878,2025,010574878,1,5,0,4,4,3,7,0,0,0,0,0,0,0,2,1,2,2,1,61,9,-1,-1,-1,-1,7,E01004192,0,3
2025010574878,2025,010574878,2,19,0,4,4,3,7,0,0,0,0,0,0,0,1,1,1,1,1,53,8,-1,-1,-1,-1,7,E01003865,0,1
2025010574879,2025,010574879,1,3,0,99,99,9,9,99,99,9,9,99,9,99,9,1,1,1,1,33,6,-1,-1,-1,-1,8,E01004053,0,2
2025010574879,2025,010574879,2,9,0,99,99,9,9,99,99,9,9,99,9,99,1,9,6,6,3,-1,-1,-1,-1,-1,-1,-1,-1,0,-1
2025010574880,2025,010574880,1,19,0,10,10,1,7,0,0,1,0,0,0,0,1,1,1,1,1,29,6,-1,-1,-1,-1,7,E01013902,0,5
2025010574880,2025,010574880,2,1,0,18,19,3,7,0,0,1,0,0,0,0,1,1,2,2,1,31,6,-1,-1,-1,-1,4,E01003561,0,2
2025010574881,2025,010574881,2,9,0,7,7,5,7,0,0,0,0,0,0,0,4,1,6,6,3,-1,-1,-1,-1,-1,-1,-1,-1,0,-1
2025010574881,2025,010574881,1,11,0,18,19,5,1,0,0,0,0,0,0,0,3,1,1,1,1,21,5,-1,-1,-1,-1,2,E01003181,0,2
2025010574884,2025,010574884,1,9,9,99,99,9,9,99,99,9,9,99,9,99,1,9,6,6,3,-1,-1,-1,-1,-1,-1,9,E01013191,0,5
2025010574885,2025,010574885,1,9,0,14,14,7,3,0,0,0,0,0,1,0,1,1,2,2,2,48,8,-1,-1,-1,-1,5,E01002426,0,1
2025010574886,2025,010574886,2,9,0,99,99,9,9,99,99,9,9,99,9,99,9,9,6,6,3,-1,-1,-1,-1,-1,-1,-1,-1,0,-1
2025010574886,2025,010574886,1,9,0,99,99,9,9,99,99,9,9,99,9,99,9,9,5,6,1,54,8,-1,-1,-1,-1,4,E01035484,0,1
2025010574887,2025,010574887,2,1,9,99,99,9,9,99,99,0,9,99,9,99,1,1,6,6,3,-1,-1,-1,-1,-1,-1,-1,-1,0,-1