collision_index,collision_year,collision_ref_no,vehicle_reference,vehicle_type,towing_and_articulation,vehicle_manoeuvre_historic,vehicle_manoeuvre,vehicle_direction_from,vehicle_direction_to,vehicle_location_restricted_lane_historic,vehicle_location_restricted_lane,junction_location,skidding_and_overturning,hit_object_in_carriageway,vehicle_leaving_carriageway,hit_object_off_carriageway,first_point_of_impact,vehicle_left_hand_drive,journey_purpose_of_driver_historic,journey_purpose_of_driver,sex_of_driver,age_of_driver,age_band_of_driver,engine_capacity_cc,propulsion_code,age_of_vehicle,generic_make_model,driver_imd_decile,lsoa_of_driver,escooter_flag,driver_distance_banding
2025010575460,2025,010575460,2,9,0,6,6,3,3,0,0,1,0,0,0,0,1,1,5,6,1,47,8,-1,-1,-1,-1,3,E01001170,0,1
2025010575464,2025,010575464,1,1,0,99,99,9,9,0,0,9,0,99,9,99,2,1,2,2,1,45,7,-1,-1,-1,-1,4,E01033322,0,1
2025010575464,2025,010575464,2,9,9,18,19,1,5,99,99,9,9,99,9,99,1,9,6,6,1,-1,-1,-1,-1,-1,-1,-1,-1,0,-1
2025010575470,2025,010575470,1,9,0,18,19,1,5,0,0,6,0,0,0,0,3,1,5,6,1,39,7,-1,-1,-1,-1,-1,-1,0,-1
2025010575470,2025,010575470,2,9,0,18,19,7,3,0,0,1,0,0,0,0,1,1,5,6,1,78,11,-1,-1,-1,-1,-1,-1,0,-1
2025010575470,2025,010575470,3,9,0,18,19,7,3,0,0,1,0,0,0,0,4,1,5,6,1,38,7,-1,-1,-1,-1,-1,-1,0,-1
2025010575472,2025,010575472,2,4,0,18,19,1,5,0,0,1,0,0,0,0,1,1,5,6,1,28,6,-1,-1,-1,-1,2,E01023339,0,1
2025010575472,2025,010575472,1,9,0,9,9,1,7,0,0,1,0,0,0,0,1,1,3,7,2,46,8,-1,-1,-1,-1,3,E01001440,0,1
2025010575478,2025,010575478,1,9,0,5,5,1,5,0,0,1,0,0,0,0,3,1,5,6,1,40,7,-1,-1,-1,-1,2,E01002751,0,1
2025010575479,2025,010575479,2,1,0,18,19,7,3,0,0,8,0,0,0,0,1,1,6,6,2,27,6,-1,-1,-1,-1,6,E01001902,0,1
2025010575479,2025,010575479,1,19,0,7,7,7,1,0,0,8,0,0,0,0,1,1,1,1,1,60,9,-1,-1,-1,-1,8,E01001273,0,2
2025010575480,2025,010575480,1,9,0,4,4,7,3,0,0,1,0,0,0,0,2,1,5,6,1,55,8,-1,-1,-1,-1,-1,-1,0,-1
2025010575480,2025,010575480,2,1,0,18,19,7,3,0,0,1,0,0,0,0,1,1,6,6,1,33,6,-1,-1,-1,-1,5,E01004487,0,3
2025010575482,2025,010575482,2,9,0,99,99,9,9,99,99,9,9,99,9,99,1,9,6,6,2,53,8,-1,-1,-1,-1,5,E01003378,0,1
2025010575482,2025,010575482,1,9,0,99,99,9,9,99,99,9,9,99,9,99,2,9,5,6,2,31,6,-1,-1,-1,-1,2,E01016064,0,4
2025010575483,2025,010575483,2,5,0,13,13,7,3,0,0,1,0,0,0,0,4,1,5,6,1,26,6,-1,-1,-1,-1,2,E01004394,0,3
2025010575483,2025,010575483,1,9,0,9,9,7,6,0,0,1,0,0,0,0,3,1,5,6,1,64,9,-1,-1,-1,-1,9,E01002865,0,1
2025010575484,2025,010575484,1,9,0,-1,-1,1,5,9,9,2,0,10,3,11,1,1,6,6,3,-1,-1,-1,-1,-1,-1,-1,-1,0,-1
2025010575488,2025,010575488,2,3,0,18,19,5,1,0,0,0,0,0,0,0,1,1,1,1,2,42,7,-1,-1,-1,-1,1,E01001178,0,1
2025010575488,2025,010575488,1,9,0,3,3,5,1,0,0,0,0,0,0,0,2,1,6,6,1,52,8,-1,-1,-1,-1,7,E01000677,0,2
2025010575489,2025,010575489,2,4,0,99,99,9,9,99,99,9,9,99,9,99,1,1,6,6,1,30,6,-1,-1,-1,-1,7,E01003397,0,1
2025010575489,2025,010575489,1,9,0,99,99,9,9,99,99,9,9,99,9,99,9,9,5,6,1,38,7,-1,-1,-1,-1,4,E01003409,0,1
2025010575491,2025,010575491,2,1,0,18,19,5,1,0,0,0,0,0,0,0,4,1,5,6,1,18,4,-1,-1,-1,-1,3,E01003656,0,1
2025010575491,2025,010575491,1,9,0,18,19,7,3,0,0,0,0,0,0,0,1,1,5,6,2,42,7,-1,-1,-1,-1,-1,-1,0,-1
2025010575494,2025,010575494,1,9,0,18,19,6,2,0,0,8,0,4,0,0,1,1,5,6,1,69,10,-1,-1,-1,-1,6,E01001033,0,1
2025010575494,2025,010575494,2,9,0,2,2,0,0,0,0,8,0,0,1,11,3,1,6,6,3,-1,-1,-1,-1,-1,-1,-1,-1,0,-1
2025010575496,2025,010575496,1,3,0,18,19,1,5,0,0,8,0,0,0,0,4,1,2,2,1,46,8,-1,-1,-1,-1,10,E01016237,0,4
2025010575496,2025,010575496,2,11,0,18,19,3,7,3,2,4,0,0,0,0,1,1,1,1,1,73,10,-1,-1,-1,-1,6,E01016467,0,3
2025010575498,2025,010575498,1,9,0,99,99,9,9,0,0,9,9,99,3,99,4,9,6,6,3,-1,-1,-1,-1,-1,-1,-1,-1,0,-1
2025010575505,2025,010575505,2,8,0,99,99,9,9,99,99,9,9,99,9,99,1,9,6,6,3,-1,-1,-1,-1,-1,-1,-1,-1,0,-1
2025010575505,2025,010575505,1,1,9,99,99,9,9,99,99,9,9,99,9,99,9,1,5,6,1,32,6,-1,-1,-1,-1,4,E01002017,0,2
2025010575507,2025,010575507,2,9,0,7,7,3,6,0,0,5,0,0,0,0,1,1,5,6,1,42,7,-1,-1,-1,-1,8,E01002320,0,2
2025010575507,2025,010575507,1,11,0,18,19,3,7,0,0,1,0,0,0,0,3,1,1,1,1,22,5,-1,-1,-1,-1,3,E01000024,0,1
2025010575519,2025,010575519,1,1,9,99,99,9,9,99,99,9,9,99,9,99,1,1,2,2,1,52,8,-1,-1,-1,-1,10,E01024151,0,3
2025010575519,2025,010575519,2,1,9,99,99,9,9,99,99,9,9,99,9,99,1,1,6,6,3,-1,-1,-1,-1,-1,-1,-1,-1,0,-1
2025010575521,2025,010575521,3,1,0,9,9,3,1,0,0,8,0,0,0,0,1,1,5,6,2,49,8,-1,-1,-1,-1,3,E01035653,0,1
2025010575521,2025,010575521,2,19,0,18,19,1,5,0,0,1,0,0,0,0,0,1,1,1,1,60,9,-1,-1,-1,-1,9,E01017444,0,4
2025010575521,2025,010575521,1,9,0,4,4,5,1,0,0,8,0,0,0,0,1,1,2,2,1,52,8,-1,-1,-1,-1,4,E01002775,0,1
2025010575525,2025,010575525,2,9,0,99,99,9,9,99,99,9,9,99,9,99,9,9,6,6,1,-1,-1,-1,-1,-1,-1,-1,-1,0,-1
2025010575525,2025,010575525,1,1,9,99,99,9,9,99,99,9,9,99,9,99,9,1,5,6,1,40,7,-1,-1,-1,-1,7,E01032573,0,1
2025010575530,2025,010575530,1,9,0,2,2,0,0,0,0,0,0,0,0,0,2,1,6,6,3,-1,-1,-1,-1,-1,-1,-1,-1,0,-1
2025010575530,2025,010575530,3,9,0,4,4,8,4,0,0,0,0,4,0,0,1,1,5,6,1,79,11,-1,-1,-1,-1,9,E01002466,0,1
2025010575530,2025,010575530,2,19,0,2,2,0,0,0,0,0,0,0,0,0,0,1,6,6,3,-1,-1,-1,-1,-1,-1,-1,-1,0,-1
2025010575530,2025,010575530,4,9,0,3,3,8,4,0,0,0,0,0,0,0,1,1,6,6,1,38,7,-1,-1,-1,-1,-1,-1,0,-1
2025010575537,2025,010575537,2,9,9,99,99,9,9,99,99,9,9,99,9,99,9,9,6,6,3,-1,-1,-1,-1,-1,-1,-1,-1,0,-1
2025010575537,2025,010575537,1,1,9,99,99,9,9,99,99,9,9,99,9,99,9,1,6,6,3,38,7,-1,-1,-1,-1,5,E01003307,0,1
2025010575546,2025,010575546,2,9,0,9,9,7,4,0,0,1,0,0,0,0,3,1,5,6,1,39,7,-1,-1,-1,-1,-1,-1,0,-1
2025010575546,2025,010575546,1,3,0,13,13,8,4,0,0,8,2,0,0,0,4,1,5,6,1,52,8,-1,-1,-1,-1,-1,-1,0,-1
2025010575548,2025,010575548,1,9,0,9,9,5,3,0,0,8,0,0,0,0,1,1,5,6,1,22,5,-1,-1,-1,-1,2,E01003335,0,1
2025010575548,2025,010575548,2,3,0,18,19,3,7,0,0,8,0,0,0,0,1,1,2,2,1,30,6,-1,-1,-1,-1,-1,-1,0,-1
2025010575554,2025,010575554,1,1,9,99,99,9,9,99,99,9,9,99,9,99,9,1,5,6,1,31,6,-1,-1,-1,-1,8,E01004507,0,2
2025010575554,2025,010575554,2,9,0,99,99,9,9,99,99,9,9,99,9,99,9,9,6,6,2,39,7,-1,-1,-1,-1,4,E01003129,0,1
2025010575558,2025,010575558,4,90,0,18,19,1,5,0,0,0,0,0,0,0,2,1,1,1,1,27,6,-1,-1,-1,-1,7,E01026456,0,5
2025010575558,2025,010575558,3,9,0,18,19,1,5,0,0,0,0,0,0,0,2,1,6,6,1,46,8,-1,-1,-1,-1,8,E01000393,0,4
2025010575558,2025,010575558,2,9,0,18,19,1,5,0,0,0,1,0,0,0,1,1,6,6,1,24,5,-1,-1,-1,-1,-1,-1,0,-1
2025010575558,2025,010575558,1,9,0,18,19,1,5,0,0,0,0,0,0,0,2,1,6,6,1,30,6,-1,-1,-1,-1,10,E01016575,0,3
2025010575561,2025,010575561,1,8,0,18,19,7,3,0,0,1,0,0,0,0,1,1,6,6,3,-1,-1,-1,-1,-1,-1,-1,-1,0,-1
2025010575561,2025,010575561,2,9,0,3,3,7,3,0,0,1,0,0,0,0,2,1,5,6,1,55,8,-1,-1,-1,-1,7,E01004307,0,1
2025010575562,2025,010575562,2,1,0,18,19,1,5,0,0,1,0,0,0,0,3,1,6,6,2,26,6,-1,-1,-1,-1,7,E01004583,0,1
2025010575562,2025,010575562,1,9,0,9,9,1,8,0,0,6,0,0,0,0,1,1,1,1,1,48,8,-1,-1,-1,-1,-1,-1,0,-1
2025010575563,2025,010575563,1,8,0,99,99,9,9,99,99,9,9,99,9,99,2,9,2,2,2,47,8,-1,-1,-1,-1,1,E01000595,0,1
2025010575563,2025,010575563,2,9,0,99,99,9,9,99,99,9,9,99,9,99,1,9,6,6,3,-1,-1,-1,-1,-1,-1,5,E01021848,0,4
2025010575564,2025,010575564,2,9,9,99,99,9,9,0,0,9,0,0,0,0,9,1,6,6,3,-1,-1,-1,-1,-1,-1,-1,-1,0,-1
2025010575564,2025,010575564,1,9,0,99,99,9,9,1,1,9,0,0,0,0,9,9,5,6,2,26,6,-1,-1,-1,-1,4,E01002393,0,1
2025010575565,2025,010575565,1,11,0,18,19,6,2,0,0,0,0,0,0,0,1,1,1,1,1,20,4,-1,-1,-1,-1,2,E01035685,0,2
2025010575567,2025,010575567,2,9,0,18,19,3,7,0,0,8,0,0,0,0,3,1,5,6,2,29,6,-1,-1,-1,-1,8,E01000569,0,2
2025010575567,2025,010575567,1,9,0,18,19,1,5,0,0,2,0,0,0,0,1,1,5,6,1,39,7,-1,-1,-1,-1,3,E01017562,0,4
2025010575568,2025,010575568,1,9,0,18,19,1,5,0,0,8,0,0,0,0,1,1,2,2,1,62,9,-1,-1,-1,-1,3,E01000405,0,3
2025010575568,2025,010575568,2,1,0,18,19,3,7,0,0,8,0,0,0,0,1,1,5,6,1,41,7,-1,-1,-1,-1,5,E01003307,0,2
2025010575571,2025,010575571,2,9,0,9,9,3,1,0,0,6,0,0,0,0,1,2,6,6,2,63,9,-1,-1,-1,-1,2,E01002314,0,1
2025010575571,2025,010575571,1,9,0,9,9,5,3,0,0,5,0,0,0,0,3,1,6,6,2,50,8,-1,-1,-1,-1,3,E01002276,0,1
2025010575574,2025,010575574,1,8,0,9,9,1,7,0,0,8,0,0,0,0,1,1,1,1,1,56,9,-1,-1,-1,-1,3,E01001421,0,4
2025010575575,2025,010575575,1,9,0,18,19,3,7,0,0,0,0,0,0,0,1,1,5,6,1,18,4,-1,-1,-1,-1,2,E01002588,0,1
2025010575575,2025,010575575,2,9,0,18,19,3,7,0,0,0,1,10,6,10,1,1,5,6,1,26,6,-1,-1,-1,-1,7,E01003888,0,2
2025010575575,2025,010575575,4,9,0,18,19,7,3,0,0,0,0,0,0,0,1,1,6,6,3,-1,-1,-1,-1,-1,-1,-1,-1,0,-1
2025010575575,2025,010575575,3,9,0,18,19,3,7,0,0,0,0,0,0,0,4,1,2,2,1,56,9,-1,-1,-1,-1,2,E01002588,0,1
2025010575579,2025,010575579,1,9,0,18,19,7,3,0,0,1,0,0,0,0,4,1,6,6,3,-1,-1,-1,-1,-1,-1,4,E01001674,0,1
2025010575581,2025,010575581,1,23,0,99,99,9,9,99,99,9,9,99,9,99,9,1,1,1,1,25,5,-1,-1,-1,-1,7,E01002166,0,1
2025010575587,2025,010575587,2,9,0,18,19,1,5,0,0,0,0,0,0,0,2,1,5,6,1,33,6,-1,-1,-1,-1,-1,-1,0,-1
2025010575587,2025,010575587,1,9,0,18,19,1,5,0,0,0,0,0,0,0,1,1,6,6,2,33,6,-1,-1,-1,-1,1,E01002038,0,2
2025010575588,2025,010575588,1,9,0,99,99,9,9,99,99,0,9,99,9,99,2,9,5,6,2,41,7,-1,-1,-1,-1,4,E01001727,0,1
2025010575588,2025,010575588,2,9,0,99,99,9,9,99,99,0,9,99,9,99,9,9,6,6,3,-1,-1,-1,-1,-1,-1,-1,-1,0,-1
2025010575590,2025,010575590,1,11,0,5,5,4,8,0,0,0,0,0,0,0,0,1,5,6,1,59,9,-1,-1,-1,-1,7,E01023307,0,3
2025010575598,2025,010575598,2,9,0,18,19,5,1,0,0,1,0,0,0,0,4,1,5,6,1,28,6,-1,-1,-1,-1,3,E01003925,0,1
2025010575598,2025,010575598,1,9,0,18,19,1,5,0,0,2,0,0,0,0,3,1,6,6,1,33,6,-1,-1,-1,-1,-1,-1,0,-1
2025010575602,2025,010575602,1,8,0,18,19,3,7,0,0,0,0,0,0,0,2,1,1,1,1,43,7,-1,-1,-1,-1,3,E01000372,0,2
2025010575602,2025,010575602,2,9,0,18,19,3,7,0,0,0,0,0,0,0,1,1,5,6,2,18,4,-1,-1,-1,-1,2,E01000104,0,2
2025010575603,2025,010575603,1,19,0,18,19,1,5,0,0,0,0,0,0,0,1,1,1,1,1,51,8,-1,-1,-1,-1,8,E01000346,0,3
2025010575607,2025,010575607,1,3,0,3,3,1,5,0,0,2,0,0,0,0,1,1,6,6,1,18,4,-1,-1,-1,-1,4,E01001087,0,1
2025010575607,2025,010575607,2,9,0,1,1,1,5,0,0,2,0,0,0,0,2,1,6,6,1,29,6,-1,-1,-1,-1,5,E01003415,0,1
2025010575608,2025,010575608,2,9,0,2,2,0,0,0,0,2,0,0,0,0,2,1,6,6,3,-1,-1,-1,-1,-1,-1,-1,-1,0,-1
2025010575608,2025,010575608,1,9,0,18,19,1,5,0,0,2,0,4,0,0,4,1,2,2,1,62,9,-1,-1,-1,-1,3,E01001970,0,1
2025010575608,2025,010575608,3,9,0,18,19,1,5,0,0,2,0,0,0,0,1,1,6,6,3,-1,-1,-1,-1,-1,-1,-1,-1,0,-1
2025010575618,2025,010575618,1,11,0,18,19,3,7,2,2,0,0,0,0,0,3,1,1,1,3,33,6,-1,-1,-1,-1,4,E01033082,0,1
2025010575619,2025,010575619,1,9,0,18,19,1,5,0,0,1,9,0,0,0,9,1,6,6,1,57,9,-1,-1,-1,-1,3,E01001215,0,1
2025010575626,2025,010575626,2,9,0,10,10,3,1,0,0,1,0,0,0,0,1,1,6,6,2,32,6,-1,-1,-1,-1,2,E01003577,0,1
2025010575626,2025,010575626,1,9,0,7,7,1,3,0,0,1,0,0,0,0,1,2,2,2,1,45,7,-1,-1,-1,-1,5,E01003666,0,2
2025010575632,2025,010575632,1,9,0,99,99,9,9,99,99,9,9,99,9,99,9,9,1,1,1,19,4,-1,-1,-1,-1,2,E01032744,0,2
2025010575632,2025,010575632,2,9,0,99,99,9,9,99,99,9,9,99,9,99,9,9,6,6,3,-1,-1,-1,-1,-1,-1,-1,-1,0,-1
2025010575637,2025,010575637,2,9,0,9,9,7,5,0,0,4,0,0,0,0,4,1,6,6,1,45,7,-1,-1,-1,-1,7,E01002351,0,1
2025010575637,2025,010575637,1,9,0,18,19,3,7,0,0,4,0,0,0,0,1,1,6,6,2,70,10,-1,-1,-1,-1,9,E01002379,0,1
2025010575639,2025,010575639,2,9,0,18,19,9,9,99,99,1,9,99,9,99,1,9,6,6,3,-1,-1,-1,-1,-1,-1,3,E01002056,0,3
2025010575639,2025,010575639,1,9,0,3,3,9,9,99,99,2,9,99,9,99,2,9,5,6,2,39,7,-1,-1,-1,-1,4,E01003180,0,1
2025010575640,2025,010575640,2,9,9,99,99,9,9,99,99,9,9,99,9,99,9,9,6,6,3,-1,-1,-1,-1,-1,-1,-1,-1,0,-1
2025010575640,2025,010575640,1,1,9,99,99,9,9,99,99,9,9,99,9,99,9,1,2,2,1,38,7,-1,-1,-1,-1,7,E01004379,0,2
2025010575641,2025,010575641,1,9,0,99,99,9,9,99,99,0,9,99,9,99,9,9,5,6,1,36,7,-1,-1,-1,-1,4,E01002973,0,1
2025010575641,2025,010575641,2,9,0,6,6,1,1,0,0,0,0,0,9,99,9,9,6,6,3,-1,-1,-1,-1,-1,-1,-1,-1,0,-1
2025010575648,2025,010575648,3,9,0,3,3,5,1,0,0,0,0,0,0,0,4,1,6,6,1,76,11,-1,-1,-1,-1,5,E01000418,0,3
2025010575648,2025,010575648,2,9,0,12,12,5,1,0,0,0,0,0,0,0,0,1,6,6,1,73,10,-1,-1,-1,-1,5,E01004375,0,4
2025010575648,2025,010575648,1,4,0,3,3,5,1,0,0,0,0,0,0,0,2,1,6,6,1,21,5,-1,-1,-1,-1,10,E01000684,0,1
2025010575649,2025,010575649,2,1,9,99,99,9,9,99,99,9,9,99,9,99,1,1,6,6,3,-1,-1,-1,-1,-1,-1,-1,-1,0,-1
2025010575649,2025,010575649,1,1,9,99,99,9,9,99,99,9,9,99,9,99,9,1,5,6,2,55,8,-1,-1,-1,-1,4,E01003301,0,1
2025010575651,2025,010575651,1,9,0,9,9,5,3,0,0,8,0,0,0,0,0,1,1,1,1,23,5,-1,-1,-1,-1,6,E01033592,0,4
2025010575651,2025,010575651,2,9,0,18,19,5,1,0,0,8,0,0,0,0,0,1,6,6,1,64,9,-1,-1,-1,-1,8,E01034607,0,2
2025010575654,2025,010575654,1,4,0,18,19,7,3,0,0,1,1,0,0,0,1,1,2,2,1,28,6,-1,-1,-1,-1,10,E01004640,0,1
2025010575654,2025,010575654,2,3,0,9,9,3,1,0,0,1,0,0,0,0,3,1,1,1,1,40,7,-1,-1,-1,-1,8,E01004609,0,1
2025010575661,2025,010575661,2,1,0,18,19,8,4,4,4,1,2,0,0,0,0,1,5,6,1,61,9,-1,-1,-1,-1,4,E01000958,0,1
2025010575661,2025,010575661,1,9,0,10,10,4,2,4,4,8,0,0,0,0,0,1,6,6,3,-1,-1,-1,-1,-1,-1,4,E01003788,0,3
2025010575667,2025,010575667,2,9,0,6,6,2,2,0,0,0,0,0,0,0,4,1,1,1,1,36,7,-1,-1,-1,-1,-1,-1,0,-1
2025010575667,2025,010575667,1,3,0,18,19,2,6,0,0,0,0,0,0,0,1,1,5,6,1,33,6,-1,-1,-1,-1,3,E01004033,0,3
2025010575670,2025,010575670,1,9,0,9,9,8,7,0,0,1,0,0,0,0,1,1,2,2,1,31,6,-1,-1,-1,-1,3,E01001244,0,1
2025010575670,2025,010575670,2,3,0,18,19,1,5,0,0,1,5,0,0,0,4,1,1,1,1,19,4,-1,-1,-1,-1,5,E01001240,0,1
2025010575677,2025,010575677,2,1,9,99,99,9,9,99,99,9,9,99,9,99,9,1,6,6,3,-1,-1,-1,-1,-1,-1,-1,-1,0,-1
2025010575677,2025,010575677,1,9,0,99,99,9,9,99,99,9,9,99,9,99,1,9,6,6,3,-1,-1,-1,-1,-1,-1,-1,-1,0,-1
2025010575685,2025,010575685,2,9,0,9,9,5,2,0,0,6,0,0,0,0,1,1,6,6,1,47,8,-1,-1,-1,-1,6,E01001917,0,1
2025010575685,2025,010575685,1,5,0,9,9,6,5,0,0,5,0,0,0,0,3,1,2,2,1,38,7,-1,-1,-1,-1,9,E01032837,0,4
2025010575688,2025,010575688,1,3,0,18,19,7,3,0,0,1,0,0,0,0,1,1,6,6,1,24,5,-1,-1,-1,-1,4,E01003626,0,2
2025010575688,2025,010575688,2,9,0,5,5,1,5,0,0,2,0,0,0,0,1,1,5,6,1,50,8,-1,-1,-1,-1,2,E01004289,0,1
2025010575695,2025,010575695,1,1,9,99,99,9,9,99,99,9,9,99,9,99,9,1,5,6,2,42,7,-1,-1,-1,-1,9,E01003856,0,1
2025010575695,2025,010575695,2,9,0,99,99,9,9,99,99,9,9,99,9,99,0,9,6,6,3,-1,-1,-1,-1,-1,-1,-1,-1,0,-1
2025010575696,2025,010575696,1,9,0,14,14,7,3,5,5,2,1,11,5,1,1,1,5,6,1,21,5,-1,-1,-1,-1,6,E01003791,0,2
2025010575697,2025,010575697,2,1,0,18,19,7,3,0,0,1,5,0,0,0,4,1,5,6,1,18,4,-1,-1,-1,-1,2,E01002072,0,1
2025010575697,2025,010575697,1,19,0,7,7,3,5,0,0,1,0,0,1,0,1,2,1,1,1,29,6,-1,-1,-1,-1,4,E01001804,0,1
2025010575698,2025,010575698,2,9,0,6,6,7,7,0,0,2,0,0,0,0,3,1,6,6,1,32,6,-1,-1,-1,-1,4,E01000611,0,2
2025010575698,2025,010575698,1,3,0,18,19,7,3,0,0,2,5,0,0,0,1,1,6,6,1,25,5,-1,-1,-1,-1,6,E01002618,0,1
2025010575701,2025,010575701,1,11,0,5,5,8,4,2,2,1,0,0,0,0,0,1,6,6,3,25,5,-1,-1,-1,-1,-1,-1,0,-1
2025010575705,2025,010575705,1,9,0,99,99,9,9,99,99,9,9,99,9,99,2,9,6,6,3,-1,-1,-1,-1,-1,-1,-1,-1,0,-1
2025010575708,2025,010575708,2,1,0,7,7,3,5,0,0,8,0,0,0,0,1,1,5,6,1,27,6,-1,-1,-1,-1,5,E01033708,0,1
2025010575708,2025,010575708,1,9,0,9,9,5,3,0,0,8,0,0,0,0,1,1,6,6,3,-1,-1,-1,-1,-1,-1,-1,-1,0,-1
2025010575710,2025,010575710,1,9,0,18,19,1,5,0,0,3,0,0,0,0,1,1,6,6,3,-1,-1,-1,-1,-1,-1,-1,-1,0,-1
2025010575724,2025,010575724,1,9,9,99,99,9,9,99,99,9,9,99,9,99,9,9,6,6,3,-1,-1,-1,-1,-1,-1,-1,-1,0,-1
2025010575725,2025,010575725,2,9,0,6,6,5,5,0,0,0,0,0,0,0,2,1,6,6,1,21,5,-1,-1,-1,-1,2,E01002751,0,1
2025010575725,2025,010575725,1,3,0,18,19,1,5,0,0,0,0,0,0,0,1,1,5,6,1,29,6,-1,-1,-1,-1,1,E01004399,0,2
2025010575726,2025,010575726,2,9,0,99,99,9,9,99,99,9,9,99,9,99,1,9,6,6,1,-1,-1,-1,-1,-1,-1,-1,-1,0,-1
2025010575726,2025,010575726,1,1,9,99,99,9,9,99,99,9,9,99,9,99,9,1,5,6,2,29,6,-1,-1,-1,-1,7,E01004483,0,1
2025010575728,2025,010575728,1,11,0,3,3,3,7,0,0,0,0,4,0,0,0,1,1,1,1,48,8,-1,-1,-1,-1,7,E01000986,0,3
2025010575728,2025,010575728,2,-1,0,18,19,3,7,0,0,0,0,0,0,0,1,2,2,2,1,32,6,-1,-1,-1,-1,2,E01001900,1,1
2025010575732,2025,010575732,1,9,0,99,99,9,9,99,99,9,9,99,9,99,9,9,5,6,1,36,7,-1,-1,-1,-1,4,E01001444,0,1
2025010575737,2025,010575737,2,9,0,3,3,7,3,0,0,2,0,0,0,0,1,1,5,6,2,39,7,-1,-1,-1,-1,3,E01003624,0,1
2025010575737,2025,010575737,1,3,0,3,3,7,3,0,0,2,0,0,0,0,2,1,1,1,1,22,5,-1,-1,-1,-1,1,E01017250,0,5
2025010575739,2025,010575739,1,9,0,18,19,5,1,0,0,0,0,0,0,0,1,1,6,6,3,-1,-1,-1,-1,-1,-1,-1,-1,0,-1
2025010575748,2025,010575748,1,11,0,5,5,3,7,0,0,0,0,0,0,0,0,1,1,1,1,20,4,-1,-1,-1,-1,1,E01002082,0,2
2025010575752,2025,010575752,1,9,0,17,19,3,7,0,0,1,2,11,0,0,1,1,5,6,1,23,5,-1,-1,-1,-1,9,E01002378,0,1
2025010575755,2025,010575755,1,9,0,4,4,5,1,0,0,1,0,0,0,0,4,1,1,1,2,32,6,-1,-1,-1,-1,2,E01003047,0,1
2025010575755,2025,010575755,2,9,0,18,19,1,5,0,0,1,0,0,3,11,1,1,6,6,1,31,6,-1,-1,-1,-1,3,E01003120,0,1
2025010575757,2025,010575757,2,9,0,9,9,8,5,0,0,5,0,0,7,10,4,1,5,6,1,27,6,-1,-1,-1,-1,4,E01003736,0,1
2025010575757,2025,010575757,1,9,0,18,19,4,8,2,2,1,0,0,0,0,1,1,5,6,1,53,8,-1,-1,-1,-1,5,E01003684,0,1
2025010575761,2025,010575761,1,9,0,18,19,7,3,0,0,8,0,0,0,0,1,1,1,1,1,54,8,-1,-1,-1,-1,6,E01002556,0,1
2025010575761,2025,010575761,2,9,0,10,10,5,3,0,0,8,0,0,0,0,1,1,6,6,1,18,4,-1,-1,-1,-1,8,E01030847,0,4
2025010575763,2025,010575763,2,5,0,18,19,5,1,0,0,1,0,0,0,0,1,1,1,1,1,48,8,-1,-1,-1,-1,9,E01001017,0,2
2025010575763,2025,010575763,1,9,0,5,5,5,1,0,0,6,0,0,3,0,0,1,1,1,1,44,7,-1,-1,-1,-1,10,E01004104,0,1
2025010575764,2025,010575764,2,9,0,18,19,3,7,0,0,0,1,0,0,0,1,1,6,6,3,-1,-1,-1,-1,-1,-1,-1,-1,0,-1
2025010575764,2025,010575764,1,19,0,18,19,3,7,0,0,0,0,0,0,0,1,1,1,1,1,42,7,-1,-1,-1,-1,8,E01030835,0,4
2025010575765,2025,010575765,2,1,0,13,13,5,1,0,0,1,5,0,0,0,1,1,2,2,1,49,8,-1,-1,-1,-1,2,E01004570,0,1
2025010575765,2025,010575765,1,9,0,9,9,3,2,0,0,6,0,0,0,0,3,1,2,2,2,54,8,-1,-1,-1,-1,9,E01003464,0,1
2025010575766,2025,010575766,1,3,9,99,99,9,9,99,99,9,9,99,9,99,1,1,1,1,2,31,6,-1,-1,-1,-1,3,E01000184,0,2
2025010575766,2025,010575766,2,9,9,99,99,9,9,99,99,9,9,99,9,99,1,9,6,6,3,-1,-1,-1,-1,-1,-1,-1,-1,0,-1
2025010575767,2025,010575767,1,9,0,18,19,1,5,0,0,1,0,0,0,0,1,1,1,1,1,30,6,-1,-1,-1,-1,9,E01003356,0,1
2025010575767,2025,010575767,2,9,0,18,19,1,5,0,0,1,0,0,0,0,1,1,6,6,1,24,5,-1,-1,-1,-1,2,E01003087,0,1
2025010575771,2025,010575771,1,9,0,99,99,9,9,99,99,9,9,99,9,99,2,9,5,6,1,43,7,-1,-1,-1,-1,8,E01002340,0,1
2025010575771,2025,010575771,2,9,0,99,99,9,9,99,99,9,9,99,9,99,2,9,6,6,3,-1,-1,-1,-1,-1,-1,-1,-1,0,-1