collision_index,collision_year,collision_ref_no,vehicle_reference,vehicle_type,towing_and_articulation,vehicle_manoeuvre_historic,vehicle_manoeuvre,vehicle_direction_from,vehicle_direction_to,vehicle_location_restricted_lane_historic,vehicle_location_restricted_lane,junction_location,skidding_and_overturning,hit_object_in_carriageway,vehicle_leaving_carriageway,hit_object_off_carriageway,first_point_of_impact,vehicle_left_hand_drive,journey_purpose_of_driver_historic,journey_purpose_of_driver,sex_of_driver,age_of_driver,age_band_of_driver,engine_capacity_cc,propulsion_code,age_of_vehicle,generic_make_model,driver_imd_decile,lsoa_of_driver,escooter_flag,driver_distance_banding
2025010575772,2025,010575772,1,19,0,3,3,1,5,0,0,1,0,0,0,0,2,1,5,6,1,51,8,-1,-1,-1,-1,5,E01002762,0,2
2025010575772,2025,010575772,2,3,0,18,19,1,5,0,0,1,0,0,0,0,1,1,6,6,1,18,4,-1,-1,-1,-1,5,E01000224,0,1
2025010575777,2025,010575777,2,3,0,13,13,1,5,0,0,1,0,0,0,0,1,1,2,2,1,50,8,-1,-1,-1,-1,1,E01001410,0,2
2025010575777,2025,010575777,1,9,0,9,9,2,1,0,0,6,0,0,0,0,1,1,2,2,1,53,8,-1,-1,-1,-1,1,E01001790,0,1
2025010575786,2025,010575786,1,9,0,18,19,3,7,0,0,2,0,0,8,2,4,1,2,2,2,50,8,-1,-1,-1,-1,9,E01001614,0,2
2025010575786,2025,010575786,2,9,0,18,19,5,1,0,0,8,0,0,0,0,1,1,6,6,1,33,6,-1,-1,-1,-1,8,E01000651,0,1
2025010575787,2025,010575787,1,9,0,99,99,9,9,99,99,0,9,99,9,99,9,9,6,6,3,-1,-1,-1,-1,-1,-1,-1,-1,0,-1
2025010575789,2025,010575789,1,1,9,99,99,9,9,99,99,9,9,99,9,99,9,1,5,6,1,28,6,-1,-1,-1,-1,5,E01003186,0,1
2025010575789,2025,010575789,2,9,0,99,99,9,9,99,99,9,9,99,9,99,9,9,6,6,1,80,11,-1,-1,-1,-1,4,E01003098,0,1
2025010575799,2025,010575799,1,9,0,7,7,5,7,0,0,1,0,0,0,0,4,1,6,6,3,-1,-1,-1,-1,-1,-1,-1,-1,0,-1
2025010575799,2025,010575799,2,1,0,18,19,5,1,0,0,8,5,0,0,0,3,1,2,2,2,55,8,-1,-1,-1,-1,3,E01001833,0,1
2025010575801,2025,010575801,1,9,9,99,99,9,9,99,99,9,9,99,9,99,2,9,5,6,1,55,8,-1,-1,-1,-1,3,E01000998,0,2
2025010575801,2025,010575801,2,98,9,99,99,9,9,99,99,9,9,99,9,99,1,9,6,6,3,-1,-1,-1,-1,-1,-1,-1,-1,0,-1
2025010575803,2025,010575803,1,1,0,18,19,5,1,0,0,6,0,0,0,0,1,1,1,1,2,33,6,-1,-1,-1,-1,3,E01003248,0,1
2025010575803,2025,010575803,2,19,0,99,99,9,9,0,0,6,0,0,0,0,1,9,6,6,1,35,6,-1,-1,-1,-1,-1,-1,0,-1
2025010575807,2025,010575807,1,9,0,2,2,0,0,0,0,0,0,0,0,0,3,1,6,6,3,-1,-1,-1,-1,-1,-1,-1,-1,0,-1
2025010575807,2025,010575807,2,1,0,14,14,5,1,0,0,0,0,8,0,0,1,1,1,1,1,61,9,-1,-1,-1,-1,3,E01003297,0,1
2025010575808,2025,010575808,1,3,0,99,99,9,9,99,99,9,9,99,9,99,9,1,1,1,1,31,6,-1,-1,-1,-1,5,E01000475,0,1
2025010575812,2025,010575812,1,11,0,18,19,7,3,0,0,8,0,0,0,0,0,1,1,1,1,36,7,-1,-1,-1,-1,2,E01000045,0,4
2025010575815,2025,010575815,1,1,9,99,99,9,9,99,99,9,9,99,9,99,1,1,1,1,1,28,6,-1,-1,-1,-1,3,E01004257,0,1
2025010575815,2025,010575815,2,9,9,99,99,9,9,99,99,9,9,99,9,99,1,9,6,6,3,-1,-1,-1,-1,-1,-1,-1,-1,0,-1
2025010575816,2025,010575816,2,9,0,9,9,3,1,0,0,8,0,0,0,0,1,1,1,1,1,37,7,-1,-1,-1,-1,2,E01000603,0,2
2025010575816,2025,010575816,1,9,0,18,19,7,3,0,0,8,1,0,2,11,3,1,5,6,1,51,8,-1,-1,-1,-1,3,E01002765,0,1
2025010575819,2025,010575819,1,9,0,8,8,2,5,0,0,1,0,0,0,0,4,1,5,6,2,38,7,-1,-1,-1,-1,1,E01003517,0,3
2025010575819,2025,010575819,2,1,0,18,19,1,5,9,9,1,0,0,0,0,1,1,5,6,1,16,4,-1,-1,-1,-1,2,E01000104,0,1
2025010575827,2025,010575827,2,9,0,99,99,9,9,99,99,9,9,99,9,99,2,9,6,6,3,-1,-1,-1,-1,-1,-1,8,E01002008,0,2
2025010575827,2025,010575827,1,9,0,99,99,9,9,99,99,9,9,99,9,99,1,9,5,6,1,33,6,-1,-1,-1,-1,4,E01001499,0,1
2025010575828,2025,010575828,2,1,0,18,19,7,3,0,0,1,0,0,0,0,2,1,5,6,1,65,9,-1,-1,-1,-1,6,E01017827,0,3
2025010575828,2025,010575828,1,9,0,18,19,7,3,0,0,1,0,0,0,0,1,1,6,6,3,-1,-1,-1,-1,-1,-1,-1,-1,0,-1
2025010575829,2025,010575829,2,1,0,14,14,8,4,0,0,0,0,0,0,0,3,1,5,6,1,22,5,-1,-1,-1,-1,3,E01000545,0,1
2025010575829,2025,010575829,1,9,0,18,19,8,4,0,0,0,0,0,0,0,4,1,6,6,3,-1,-1,-1,-1,-1,-1,-1,-1,0,-1
2025010575831,2025,010575831,2,9,0,99,99,9,9,99,99,0,9,99,9,99,1,9,6,6,3,-1,-1,-1,-1,-1,-1,-1,-1,0,-1
2025010575831,2025,010575831,1,1,9,99,99,9,9,99,99,0,9,99,9,99,1,1,2,2,1,28,6,-1,-1,-1,-1,4,E01003171,0,2
2025010575834,2025,010575834,1,1,9,99,99,9,9,99,99,9,9,99,9,99,9,1,2,2,1,43,7,-1,-1,-1,-1,6,E01001964,0,1
2025010575834,2025,010575834,2,9,0,99,99,9,9,99,99,9,9,99,9,99,1,9,6,6,1,59,9,-1,-1,-1,-1,4,E01004454,0,2
2025010575841,2025,010575841,2,9,0,99,99,9,9,99,99,9,9,99,9,99,1,9,6,6,3,-1,-1,-1,-1,-1,-1,-1,-1,0,-1
2025010575841,2025,010575841,1,3,0,99,99,9,9,99,99,9,9,99,9,99,1,1,5,6,1,27,6,-1,-1,-1,-1,2,E01000289,0,2
2025010575842,2025,010575842,1,9,0,3,3,5,1,0,0,0,0,0,0,0,0,1,6,6,1,30,6,-1,-1,-1,-1,3,E01001504,0,1
2025010575842,2025,010575842,2,9,0,5,5,5,1,0,0,0,0,0,0,0,1,1,6,6,1,21,5,-1,-1,-1,-1,2,E01023294,0,2
2025010575844,2025,010575844,2,9,0,99,99,9,9,0,0,0,0,0,0,0,9,9,6,6,3,-1,-1,-1,-1,-1,-1,7,E01003643,0,1
2025010575844,2025,010575844,1,11,0,99,99,9,9,0,0,0,0,0,0,0,1,1,1,1,1,30,6,-1,-1,-1,-1,4,E01002308,0,2
2025010575849,2025,010575849,1,3,0,16,19,5,1,0,0,3,2,0,0,0,1,1,1,1,1,27,6,-1,-1,-1,-1,4,E01000633,0,4
2025010575850,2025,010575850,2,9,0,99,99,9,9,99,99,9,9,99,9,99,1,9,6,6,3,-1,-1,-1,-1,-1,-1,-1,-1,0,-1
2025010575850,2025,010575850,1,3,0,99,99,9,9,99,99,9,9,99,9,99,1,1,1,1,1,35,6,-1,-1,-1,-1,2,E01001012,0,2
2025010575851,2025,010575851,1,9,0,18,19,5,1,0,0,2,0,0,0,0,1,1,6,6,2,32,6,-1,-1,-1,-1,6,E01004447,0,1
2025010575853,2025,010575853,1,9,0,99,99,9,9,99,99,9,9,99,9,99,2,9,5,6,1,41,7,-1,-1,-1,-1,6,E01021972,0,4
2025010575859,2025,010575859,1,9,0,18,19,3,7,0,0,0,0,0,0,0,1,1,6,6,1,65,9,-1,-1,-1,-1,-1,-1,0,-1
2025010575860,2025,010575860,1,4,0,12,12,5,1,0,0,7,1,0,0,0,3,1,5,6,2,43,7,-1,-1,-1,-1,5,E01003953,0,3
2025010575860,2025,010575860,3,9,0,18,19,5,1,1,1,1,0,0,0,0,4,1,2,2,1,63,9,-1,-1,-1,-1,2,E01033353,0,5
2025010575860,2025,010575860,2,9,0,18,19,5,1,0,0,1,0,0,0,0,2,1,2,2,1,56,9,-1,-1,-1,-1,4,E01001376,0,2
2025010575861,2025,010575861,1,9,0,13,13,7,3,0,0,0,0,11,0,0,1,1,5,6,1,27,6,-1,-1,-1,-1,4,E01001724,0,1
2025010575868,2025,010575868,1,23,0,99,99,9,9,99,99,0,9,99,9,99,1,1,6,6,3,-1,-1,-1,-1,-1,-1,-1,-1,0,-1
2025010575869,2025,010575869,1,3,0,99,99,9,9,0,0,1,9,0,0,0,1,1,1,1,1,38,7,-1,-1,-1,-1,6,E01003771,0,2
2025010575869,2025,010575869,2,9,0,99,99,9,9,0,0,1,9,0,0,0,1,9,6,6,3,35,6,-1,-1,-1,-1,5,E01001418,0,3
2025010575872,2025,010575872,1,4,0,11,11,3,7,0,0,3,1,0,1,2,1,1,2,2,1,54,8,-1,-1,-1,-1,3,E01021342,0,4
2025010575872,2025,010575872,2,11,0,9,9,7,6,0,0,8,0,0,0,0,1,1,1,1,1,79,11,-1,-1,-1,-1,8,E01003649,0,1
2025010575874,2025,010575874,2,3,0,15,15,4,8,0,0,1,0,0,0,0,1,1,2,2,2,44,7,-1,-1,-1,-1,3,E01004012,0,1
2025010575874,2025,010575874,1,9,0,7,7,4,6,0,0,1,0,0,0,0,2,1,5,6,2,37,7,-1,-1,-1,-1,2,E01003987,0,1
2025010575875,2025,010575875,1,8,0,99,99,9,9,99,99,9,9,99,9,99,9,9,1,1,1,41,7,-1,-1,-1,-1,2,E01004298,0,3
2025010575880,2025,010575880,1,9,0,18,19,1,5,0,0,1,0,0,0,0,1,1,5,6,1,36,7,-1,-1,-1,-1,1,E01000528,0,1
2025010575882,2025,010575882,1,11,0,4,4,8,4,0,0,8,0,0,0,0,0,1,5,6,1,28,6,-1,-1,-1,-1,5,E01003704,0,2
2025010575883,2025,010575883,2,9,0,99,99,9,9,99,99,0,9,99,9,99,9,9,6,6,1,19,4,-1,-1,-1,-1,2,E01003508,0,1
2025010575883,2025,010575883,1,5,0,99,99,9,9,99,99,0,9,99,9,99,9,1,2,2,1,39,7,-1,-1,-1,-1,5,E01034481,0,2
2025010575886,2025,010575886,1,3,0,14,14,5,1,0,0,0,5,0,0,0,1,1,5,6,1,32,6,-1,-1,-1,-1,2,E01001777,0,2
2025010575887,2025,010575887,2,9,0,7,7,4,7,0,0,1,0,0,0,0,0,1,5,6,2,48,8,-1,-1,-1,-1,6,E01000555,0,1
2025010575887,2025,010575887,1,4,0,18,19,4,8,0,0,1,0,0,2,2,1,1,5,6,1,20,4,-1,-1,-1,-1,-1,-1,0,-1
2025010575889,2025,010575889,2,9,0,18,19,3,7,0,0,0,0,0,0,0,1,1,6,6,3,-1,-1,-1,-1,-1,-1,-1,-1,0,-1
2025010575889,2025,010575889,1,3,0,18,19,3,7,0,0,0,0,0,0,0,4,1,5,6,1,31,6,-1,-1,-1,-1,2,E01001558,0,1
2025010575898,2025,010575898,1,9,0,6,6,6,6,0,0,0,0,0,0,0,3,1,5,6,1,83,11,-1,-1,-1,-1,9,E01003905,0,1
2025010575898,2025,010575898,2,1,0,13,13,6,2,0,0,0,0,0,0,0,1,1,5,6,1,31,6,-1,-1,-1,-1,4,E01002645,0,1
2025010575900,2025,010575900,1,9,0,16,19,7,3,0,0,8,0,0,0,0,3,1,5,6,1,52,8,-1,-1,-1,-1,3,E01000510,0,2
2025010575900,2025,010575900,2,9,0,9,9,3,1,0,0,8,0,0,0,0,1,1,5,6,2,26,6,-1,-1,-1,-1,3,E01003938,0,4
2025010575902,2025,010575902,1,4,0,18,19,6,2,0,0,2,0,0,0,0,1,1,5,6,1,62,9,-1,-1,-1,-1,3,E01002139,0,2
2025010575905,2025,010575905,1,1,9,99,99,9,9,99,99,1,9,99,9,99,9,1,2,2,1,38,7,-1,-1,-1,-1,8,E01000862,0,1
2025010575905,2025,010575905,3,1,9,99,99,9,9,99,99,9,9,99,9,99,0,1,6,6,2,-1,-1,-1,-1,-1,-1,-1,-1,0,-1
2025010575905,2025,010575905,2,9,0,11,11,9,9,99,99,5,9,99,9,99,9,9,6,6,1,28,6,-1,-1,-1,-1,2,E01004757,0,1
2025010575906,2025,010575906,1,9,0,4,4,3,7,0,0,0,0,0,0,0,2,1,5,6,1,51,8,-1,-1,-1,-1,6,E01001527,0,1
2025010575906,2025,010575906,2,9,0,5,5,3,7,0,0,0,0,0,0,0,1,1,5,6,1,61,9,-1,-1,-1,-1,-1,-1,0,-1
2025010575909,2025,010575909,1,9,0,99,99,9,9,99,99,9,9,99,9,99,9,9,1,1,1,42,7,-1,-1,-1,-1,7,E01033928,0,2
2025010575909,2025,010575909,2,9,0,99,99,9,9,99,99,9,9,99,9,99,1,9,6,6,3,54,8,-1,-1,-1,-1,9,E01001992,0,1
2025010575909,2025,010575909,3,98,4,99,99,9,9,99,99,9,9,99,9,99,9,9,6,6,3,-1,-1,-1,-1,-1,-1,-1,-1,0,-1
2025010575915,2025,010575915,2,9,9,99,99,9,9,99,99,9,9,99,9,99,9,9,6,6,3,-1,-1,-1,-1,-1,-1,4,E01001636,0,2
2025010575915,2025,010575915,1,1,9,99,99,9,9,99,99,9,9,99,9,99,9,1,2,2,1,26,6,-1,-1,-1,-1,4,E01003730,0,1
2025010575918,2025,010575918,1,5,0,18,19,7,3,0,0,1,0,10,0,0,0,1,2,2,1,29,6,-1,-1,-1,-1,4,E01034613,0,2
2025010575922,2025,010575922,1,21,0,5,5,3,7,0,0,1,0,0,0,0,1,1,6,6,3,-1,-1,-1,-1,-1,-1,-1,-1,0,-1
2025010575924,2025,010575924,1,9,0,99,99,9,9,99,99,9,9,99,9,99,1,9,5,6,1,32,6,-1,-1,-1,-1,3,E01003595,0,1
2025010575924,2025,010575924,2,9,0,99,99,9,9,99,99,9,9,99,9,99,9,9,6,6,3,-1,-1,-1,-1,-1,-1,4,E01001738,0,1
2025010575927,2025,010575927,2,9,0,18,19,2,6,0,0,2,0,0,0,0,1,1,6,6,3,-1,-1,-1,-1,-1,-1,-1,-1,0,-1
2025010575927,2025,010575927,1,3,0,18,19,6,2,0,0,1,1,0,0,0,1,1,1,1,1,38,7,-1,-1,-1,-1,5,E01002212,0,1
2025010575931,2025,010575931,1,9,0,7,7,5,7,0,0,0,0,0,0,0,1,1,1,1,1,44,7,-1,-1,-1,-1,9,E01021661,0,4
2025010575932,2025,010575932,1,3,0,99,99,9,9,99,99,9,9,99,9,99,0,1,1,1,1,28,6,-1,-1,-1,-1,4,E01003578,0,1
2025010575932,2025,010575932,2,8,0,99,99,9,9,99,99,9,9,99,9,99,9,9,6,6,3,-1,-1,-1,-1,-1,-1,-1,-1,0,-1
2025010575934,2025,010575934,1,9,0,99,99,9,9,99,99,9,9,99,9,99,2,9,1,1,2,52,8,-1,-1,-1,-1,5,E01004644,0,2
2025010575934,2025,010575934,2,9,9,99,99,9,9,99,99,9,9,99,9,99,9,9,6,6,3,-1,-1,-1,-1,-1,-1,-1,-1,0,-1
2025010575935,2025,010575935,1,9,0,18,19,3,7,0,0,0,0,12,0,0,1,1,5,6,1,33,6,-1,-1,-1,-1,6,E01000332,0,1
2025010575936,2025,010575936,1,1,9,99,99,9,9,99,99,9,9,99,9,99,2,1,2,2,2,43,7,-1,-1,-1,-1,5,E01001381,0,1
2025010575936,2025,010575936,2,9,0,99,99,9,9,99,99,9,9,99,9,99,1,9,6,6,1,57,9,-1,-1,-1,-1,5,E01001859,0,1
2025010575939,2025,010575939,1,9,0,16,19,3,5,0,0,0,1,0,2,11,1,1,5,6,1,25,5,-1,-1,-1,-1,1,E01007655,0,5
2025010575941,2025,010575941,2,3,0,14,14,1,5,0,0,1,0,0,0,0,4,1,5,6,1,21,5,-1,-1,-1,-1,4,E01033790,0,1
2025010575941,2025,010575941,1,9,0,9,9,5,3,0,0,8,0,0,0,0,1,1,1,1,1,52,8,-1,-1,-1,-1,9,E01000455,0,1
2025010575942,2025,010575942,1,9,0,3,3,1,5,0,0,1,0,0,0,0,3,1,6,6,1,47,8,-1,-1,-1,-1,2,E01033883,0,1
2025010575942,2025,010575942,2,3,0,3,3,1,5,0,0,1,0,0,0,0,4,1,1,1,1,33,6,-1,-1,-1,-1,2,E01003918,0,1
2025010575944,2025,010575944,2,3,0,3,3,7,3,0,0,4,0,0,0,0,2,1,1,1,1,27,6,-1,-1,-1,-1,-1,-1,0,-1
2025010575944,2025,010575944,1,8,0,4,4,7,3,0,0,4,0,0,0,0,1,1,5,6,1,34,6,-1,-1,-1,-1,3,E01003563,0,1
2025010575952,2025,010575952,2,5,0,13,13,1,5,0,0,1,1,0,0,0,1,1,1,1,1,54,8,-1,-1,-1,-1,9,E01000831,0,1
2025010575952,2025,010575952,1,9,0,9,9,1,7,0,0,5,0,0,0,0,3,1,1,1,1,57,9,-1,-1,-1,-1,-1,-1,0,-1
2025010575953,2025,010575953,1,9,9,99,99,9,9,99,99,9,9,99,9,99,9,1,6,6,3,-1,-1,-1,-1,-1,-1,-1,-1,0,-1
2025010575954,2025,010575954,1,3,0,99,99,9,9,99,99,0,9,99,9,99,1,1,1,1,1,27,6,-1,-1,-1,-1,4,E01000571,0,3
2025010575954,2025,010575954,2,9,0,99,99,9,9,99,99,0,9,99,9,99,1,9,6,6,3,-1,-1,-1,-1,-1,-1,-1,-1,0,-1
2025010575962,2025,010575962,2,9,0,18,19,5,1,0,0,8,0,0,7,11,4,1,5,6,1,33,6,-1,-1,-1,-1,10,E01030416,0,1
2025010575962,2025,010575962,1,9,0,9,9,5,3,0,0,5,0,0,0,0,3,1,5,6,1,71,10,-1,-1,-1,-1,7,E01003419,0,1
2025010575963,2025,010575963,1,9,0,99,99,9,9,99,99,9,9,99,9,99,1,9,6,6,3,-1,-1,-1,-1,-1,-1,-1,-1,0,-1
2025010575963,2025,010575963,2,90,0,99,99,9,9,0,0,8,0,0,9,0,9,1,6,6,1,-1,-1,-1,-1,-1,-1,5,E01004056,0,1
2025010575964,2025,010575964,1,5,0,14,14,2,6,0,0,1,0,0,0,0,1,1,2,2,1,57,9,-1,-1,-1,-1,9,E01021824,0,4
2025010575964,2025,010575964,2,9,0,9,9,3,2,0,0,6,0,0,0,0,1,1,6,6,2,41,7,-1,-1,-1,-1,2,E01003633,0,2
2025010575971,2025,010575971,2,9,0,99,99,9,9,99,99,9,9,99,9,99,1,9,6,6,3,-1,-1,-1,-1,-1,-1,3,E01003069,0,2
2025010575971,2025,010575971,1,9,0,99,99,9,9,99,99,9,9,99,9,99,3,9,6,6,1,48,8,-1,-1,-1,-1,6,E01003153,0,1
2025010575976,2025,010575976,1,4,0,99,99,9,9,99,99,9,9,99,9,99,9,1,5,6,1,24,5,-1,-1,-1,-1,6,E01031614,0,4
2025010575976,2025,010575976,2,19,0,99,99,9,9,99,99,9,9,99,9,99,9,9,6,6,1,52,8,-1,-1,-1,-1,4,E01004536,0,1
2025010575977,2025,010575977,1,11,0,18,19,1,5,0,0,0,0,0,0,0,0,1,1,1,2,63,9,-1,-1,-1,-1,7,E01000306,0,1
2025010575981,2025,010575981,1,1,9,99,99,9,9,99,99,9,9,99,9,99,1,1,2,2,2,28,6,-1,-1,-1,-1,10,E01016637,0,4
2025010575981,2025,010575981,2,9,0,99,99,9,9,99,99,9,9,99,9,99,9,9,6,6,2,-1,-1,-1,-1,-1,-1,-1,-1,0,-1
2025010575983,2025,010575983,1,9,0,99,99,9,9,99,99,9,9,99,9,99,2,9,5,6,1,46,8,-1,-1,-1,-1,9,E01002152,0,1
2025010575983,2025,010575983,2,9,0,99,99,9,9,99,99,9,9,99,9,99,2,9,6,6,3,-1,-1,-1,-1,-1,-1,-1,-1,0,-1
2025010575988,2025,010575988,1,11,1,5,5,6,2,2,2,1,0,0,0,0,0,1,1,1,2,39,7,-1,-1,-1,-1,6,E01024282,0,3
2025010575990,2025,010575990,1,11,0,5,5,1,5,2,2,0,0,0,0,0,0,1,1,1,1,46,8,-1,-1,-1,-1,5,E01003156,0,3
2025010575993,2025,010575993,1,1,9,99,99,9,9,99,99,9,9,99,9,99,1,1,5,6,1,64,9,-1,-1,-1,-1,3,E01001844,0,1
2025010575993,2025,010575993,2,1,9,99,99,9,9,99,99,9,9,99,9,99,1,1,6,6,3,-1,-1,-1,-1,-1,-1,4,E01032764,0,1
2025010576001,2025,010576001,1,9,0,18,19,1,5,0,0,0,0,0,0,0,1,1,5,6,1,39,7,-1,-1,-1,-1,4,E01000571,0,1
2025010576003,2025,010576003,2,2,9,99,99,9,9,99,99,9,9,99,9,99,9,1,6,6,3,-1,-1,-1,-1,-1,-1,-1,-1,0,-1
2025010576003,2025,010576003,1,9,0,99,99,9,9,99,99,9,9,99,9,99,9,9,2,2,1,35,6,-1,-1,-1,-1,4,E01001336,0,1
2025010576005,2025,010576005,1,1,0,5,5,3,7,9,9,1,0,0,0,0,1,1,1,1,1,40,7,-1,-1,-1,-1,9,E01035489,0,1
2025010576008,2025,010576008,1,5,0,18,19,1,5,0,0,0,0,0,0,0,4,1,5,6,1,45,7,-1,-1,-1,-1,6,E01035281,0,4
2025010576010,2025,010576010,2,9,0,18,19,7,3,9,9,2,0,0,3,0,1,1,6,6,1,21,5,-1,-1,-1,-1,2,E01004757,0,1
2025010576010,2025,010576010,1,19,0,18,19,5,1,0,0,8,0,0,0,0,4,1,1,1,1,27,6,-1,-1,-1,-1,-1,-1,0,-1
2025010576012,2025,010576012,2,9,0,99,99,9,9,99,99,9,9,99,9,99,2,9,6,6,1,41,7,-1,-1,-1,-1,1,E01010486,0,5
2025010576012,2025,010576012,1,9,0,99,99,9,9,99,99,9,9,99,9,99,1,9,6,6,2,39,7,-1,-1,-1,-1,4,E01000741,0,1
2025010576014,2025,010576014,2,20,0,99,99,9,9,99,99,9,9,99,9,99,9,9,6,6,3,-1,-1,-1,-1,-1,-1,-1,-1,0,-1
2025010576014,2025,010576014,1,9,0,99,99,9,9,99,99,9,9,99,9,99,9,9,5,6,2,34,6,-1,-1,-1,-1,6,E01016471,0,3
2025010576017,2025,010576017,1,3,0,5,5,1,5,0,0,1,0,0,0,0,1,1,6,6,1,29,6,-1,-1,-1,-1,-1,-1,0,-1
2025010576020,2025,010576020,1,9,0,99,99,9,9,99,99,9,9,99,9,99,9,9,6,6,1,37,7,-1,-1,-1,-1,5,E01001315,0,1
2025010576020,2025,010576020,2,9,0,99,99,9,9,99,99,9,9,99,9,99,9,9,6,6,3,-1,-1,-1,-1,-1,-1,-1,-1,0,-1
2025010576024,2025,010576024,2,19,0,7,7,3,5,0,0,5,0,0,0,0,4,1,6,6,3,-1,-1,-1,-1,-1,-1,-1,-1,0,-1
2025010576024,2025,010576024,1,1,0,18,19,3,7,0,0,8,0,0,0,0,3,1,2,2,2,55,8,-1,-1,-1,-1,4,E01003568,0,1
2025010576025,2025,010576025,1,11,0,5,5,7,3,0,0,1,0,0,0,0,0,1,1,1,2,49,8,-1,-1,-1,-1,3,E01000796,0,2
2025010576029,2025,010576029,2,9,0,99,99,9,9,99,99,9,9,99,9,99,9,9,6,6,3,-1,-1,-1,-1,-1,-1,-1,-1,0,-1
2025010576029,2025,010576029,1,1,9,99,99,9,9,99,99,9,9,99,9,99,1,1,2,2,1,34,6,-1,-1,-1,-1,3,E01003182,0,1
2025010576038,2025,010576038,2,-1,0,13,13,7,3,0,0,0,0,0,0,0,2,1,5,6,1,20,4,-1,-1,-1,-1,2,E01035683,1,1
2025010576038,2025,010576038,1,9,0,5,5,7,3,0,0,0,0,0,0,0,1,1,5,6,1,18,4,-1,-1,-1,-1,7,E01004275,0,1
2025010576039,2025,010576039,1,11,0,18,19,3,7,0,0,8,0,0,0,0,1,1,1,1,1,45,7,-1,-1,-1,-1,2,E01002033,0,2
2025010576040,2025,010576040,1,1,9,99,99,9,9,99,99,9,9,8,9,99,9,1,5,6,1,43,7,-1,-1,-1,-1,7,E01002061,0,1
2025010576040,2025,010576040,2,20,0,99,99,9,9,99,99,9,9,99,9,99,3,9,6,6,3,-1,-1,-1,-1,-1,-1,5,E01021901,0,4
2025010576044,2025,010576044,2,19,0,99,99,9,9,99,99,9,9,99,9,99,4,9,6,6,3,-1,-1,-1,-1,-1,-1,-1,-1,0,-1
2025010576044,2025,010576044,1,1,9,99,99,9,9,99,99,9,9,99,9,99,9,1,5,6,2,21,5,-1,-1,-1,-1,4,E01003518,0,1
2025010576046,2025,010576046,2,9,0,99,99,9,9,99,99,9,9,99,9,99,1,9,6,6,3,-1,-1,-1,-1,-1,-1,-1,-1,0,-1
2025010576046,2025,010576046,1,3,0,99,99,9,9,99,99,9,9,99,9,99,9,1,5,6,1,21,5,-1,-1,-1,-1,1,E01000105,0,1
2025010576055,2025,010576055,2,20,1,99,99,9,9,99,99,9,9,99,9,99,2,9,6,6,3,-1,-1,-1,-1,-1,-1,-1,-1,0,-1
2025010576055,2025,010576055,1,9,9,99,99,9,9,99,99,9,9,99,9,99,9,9,6,6,1,30,6,-1,-1,-1,-1,-1,-1,0,-1
2025010576062,2025,010576062,2,8,0,99,99,9,9,99,99,9,9,99,9,99,1,9,6,6,1,-1,-1,-1,-1,-1,-1,3,E01002697,0,1
2025010576062,2025,010576062,1,1,9,99,99,9,9,99,99,9,9,99,9,99,1,1,2,2,1,37,7,-1,-1,-1,-1,3,E01035643,0,1
2025010576067,2025,010576067,1,9,0,99,99,9,9,99,99,9,9,99,9,99,2,9,5,6,1,32,6,-1,-1,-1,-1,1,E01005213,0,5
2025010576067,2025,010576067,2,9,0,99,99,9,9,99,99,9,9,99,9,99,1,9,6,6,3,-1,-1,-1,-1,-1,-1,-1,-1,0,-1
2025010576068,2025,010576068,1,1,9,99,99,9,9,99,99,9,9,99,9,99,9,1,2,2,2,60,9,-1,-1,-1,-1,4,E01001816,0,1
2025010576068,2025,010576068,2,1,9,99,99,9,9,99,99,9,9,99,9,99,1,1,6,6,3,-1,-1,-1,-1,-1,-1,-1,-1,0,-1
2025010576070,2025,010576070,1,5,0,18,19,3,7,0,0,0,0,0,0,0,4,1,5,6,1,50,8,-1,-1,-1,-1,3,E01030657,0,3
2025010576070,2025,010576070,2,9,0,12,12,3,7,0,0,0,0,0,0,0,4,1,5,6,1,38,7,-1,-1,-1,-1,8,E01016508,0,2
2025010576071,2025,010576071,1,9,0,15,15,5,1,2,2,2,0,0,0,0,1,1,5,6,1,22,5,-1,-1,-1,-1,2,E01003502,0,3
2025010576073,2025,010576073,2,9,0,18,19,3,7,0,0,0,0,0,0,0,1,1,6,6,3,-1,-1,-1,-1,-1,-1,-1,-1,0,-1
2025010576073,2025,010576073,1,-1,0,18,19,3,7,0,0,0,0,0,0,0,2,1,5,6,1,54,8,-1,-1,-1,-1,3,E01003229,1,1
2025010576074,2025,010576074,1,9,0,18,19,1,5,0,0,4,0,0,3,2,1,1,5,6,1,81,11,-1,-1,-1,-1,9,E01000807,0,1