collision_index,collision_year,collision_ref_no,vehicle_reference,vehicle_type,towing_and_articulation,vehicle_manoeuvre_historic,vehicle_manoeuvre,vehicle_direction_from,vehicle_direction_to,vehicle_location_restricted_lane_historic,vehicle_location_restricted_lane,junction_location,skidding_and_overturning,hit_object_in_carriageway,vehicle_leaving_carriageway,hit_object_off_carriageway,first_point_of_impact,vehicle_left_hand_drive,journey_purpose_of_driver_historic,journey_purpose_of_driver,sex_of_driver,age_of_driver,age_band_of_driver,engine_capacity_cc,propulsion_code,age_of_vehicle,generic_make_model,driver_imd_decile,lsoa_of_driver,escooter_flag,driver_distance_banding
2025010576076,2025,010576076,1,1,9,99,99,9,9,99,99,9,9,99,9,99,9,1,5,6,1,36,7,-1,-1,-1,-1,4,E01004038,0,1
2025010576076,2025,010576076,2,9,0,99,99,9,9,99,99,9,9,99,9,99,1,9,6,6,1,-1,-1,-1,-1,-1,-1,4,E01003406,0,3
2025010576079,2025,010576079,1,9,0,3,3,9,9,99,99,0,9,99,9,99,2,9,2,2,1,23,5,-1,-1,-1,-1,3,E01004573,0,1
2025010576079,2025,010576079,2,9,0,18,19,9,9,99,99,0,9,99,9,99,1,9,6,6,1,-1,-1,-1,-1,-1,-1,8,E01004506,0,1
2025010576083,2025,010576083,1,2,0,18,19,5,1,0,0,1,5,0,0,0,1,1,6,6,1,19,4,-1,-1,-1,-1,4,E01001684,0,3
2025010576086,2025,010576086,2,1,0,18,19,5,1,0,0,8,0,0,0,0,3,1,1,1,1,27,6,-1,-1,-1,-1,3,E01003924,0,1
2025010576086,2025,010576086,1,9,0,3,3,1,5,0,0,8,0,0,0,0,1,1,2,2,1,36,7,-1,-1,-1,-1,3,E01034206,0,3
2025010576087,2025,010576087,2,1,0,18,19,3,7,0,0,8,0,0,0,0,3,1,5,6,1,55,8,-1,-1,-1,-1,2,E01003159,0,1
2025010576087,2025,010576087,1,4,0,5,5,5,1,0,0,8,0,0,0,0,1,1,5,6,1,49,8,-1,-1,-1,-1,-1,-1,0,-1
2025010576091,2025,010576091,2,97,0,18,19,3,7,0,0,1,0,0,0,0,1,1,6,6,3,-1,-1,-1,-1,-1,-1,-1,-1,0,-1
2025010576091,2025,010576091,1,1,0,18,19,5,1,0,0,1,0,0,0,0,1,1,2,2,2,28,6,-1,-1,-1,-1,6,E01003279,0,1
2025010576099,2025,010576099,1,1,9,99,99,9,9,99,99,9,9,99,9,99,2,1,2,2,2,45,7,-1,-1,-1,-1,4,E01000787,0,1
2025010576099,2025,010576099,2,19,4,99,99,9,9,99,99,9,9,99,9,99,1,9,6,6,3,-1,-1,-1,-1,-1,-1,-1,-1,0,-1
2025010576100,2025,010576100,2,5,0,14,14,4,8,0,0,1,0,0,0,0,1,1,5,6,1,72,10,-1,-1,-1,-1,5,E01003341,0,1
2025010576100,2025,010576100,1,9,0,9,9,1,7,0,0,6,0,0,0,0,1,1,5,6,1,23,5,-1,-1,-1,-1,2,E01003041,0,2
2025010576101,2025,010576101,1,1,9,99,99,9,9,99,99,9,9,99,9,99,9,1,5,6,3,26,6,-1,-1,-1,-1,2,E01000868,0,1
2025010576101,2025,010576101,2,9,0,99,99,9,9,99,99,9,9,99,9,99,9,9,6,6,3,-1,-1,-1,-1,-1,-1,2,E01000858,0,1
2025010576106,2025,010576106,2,9,0,99,99,9,9,99,99,9,9,99,9,99,1,9,6,6,3,-1,-1,-1,-1,-1,-1,-1,-1,0,-1
2025010576106,2025,010576106,1,9,0,99,99,9,9,99,99,9,9,99,9,99,9,9,5,6,2,41,7,-1,-1,-1,-1,1,E01001562,0,1
2025010576108,2025,010576108,1,9,0,99,99,9,9,99,99,9,9,99,9,99,1,9,5,6,2,24,5,-1,-1,-1,-1,2,E01003553,0,3
2025010576109,2025,010576109,1,1,9,99,99,9,9,99,99,9,9,99,9,99,9,1,5,6,1,26,6,-1,-1,-1,-1,8,E01004510,0,1
2025010576109,2025,010576109,2,9,0,99,99,9,9,99,99,9,9,99,9,99,9,9,6,6,1,28,6,-1,-1,-1,-1,8,E01004545,0,1
2025010576110,2025,010576110,1,9,0,4,4,5,1,0,0,1,0,0,0,0,2,1,5,6,1,26,6,-1,-1,-1,-1,6,E01002020,0,1
2025010576110,2025,010576110,2,19,0,18,19,5,1,0,0,1,0,0,0,0,1,1,6,6,3,-1,-1,-1,-1,-1,-1,-1,-1,0,-1
2025010576114,2025,010576114,2,9,9,99,99,9,9,99,99,9,9,99,9,99,9,9,6,6,3,-1,-1,-1,-1,-1,-1,-1,-1,0,-1
2025010576114,2025,010576114,1,1,9,99,99,9,9,99,99,9,9,99,9,99,0,1,1,1,1,23,5,-1,-1,-1,-1,2,E01035683,0,1
2025010576117,2025,010576117,1,9,0,2,2,0,0,0,0,1,0,0,0,0,1,1,6,6,3,-1,-1,-1,-1,-1,-1,-1,-1,0,-1
2025010576117,2025,010576117,2,1,0,18,19,5,1,0,0,1,0,8,0,0,1,1,6,6,2,61,9,-1,-1,-1,-1,3,E01003584,0,1
2025010576121,2025,010576121,1,9,0,18,19,1,5,0,0,0,1,0,0,0,4,1,5,6,2,46,8,-1,-1,-1,-1,6,E01002586,0,1
2025010576121,2025,010576121,2,21,0,9,9,1,6,0,0,0,0,0,0,0,0,2,1,1,1,24,5,-1,-1,-1,-1,-1,-1,0,-1
2025010576123,2025,010576123,2,8,0,11,11,5,1,0,0,1,0,0,0,0,4,1,2,2,1,49,8,-1,-1,-1,-1,7,E01002171,0,2
2025010576123,2025,010576123,3,9,0,18,19,5,1,0,0,1,0,0,0,0,0,1,6,6,3,-1,-1,-1,-1,-1,-1,10,E01003874,0,1
2025010576123,2025,010576123,1,3,0,13,13,5,1,0,0,1,0,0,0,0,1,1,1,1,1,53,8,-1,-1,-1,-1,10,E01030394,0,3
2025010576126,2025,010576126,1,11,0,3,3,1,5,0,0,1,0,0,0,0,0,1,1,1,1,61,9,-1,-1,-1,-1,5,E01001974,0,1
2025010576126,2025,010576126,2,19,0,18,19,1,5,0,0,1,0,0,0,0,1,1,1,1,1,59,9,-1,-1,-1,-1,1,E01001442,0,2
2025010576127,2025,010576127,1,9,0,9,9,1,6,0,0,6,0,0,0,0,1,1,6,6,1,56,9,-1,-1,-1,-1,4,E01001174,0,1
2025010576127,2025,010576127,2,5,0,18,19,5,1,0,0,1,0,0,0,0,4,1,1,1,1,50,8,-1,-1,-1,-1,-1,-1,0,-1
2025010576129,2025,010576129,1,9,0,-1,-1,5,1,0,0,8,0,0,0,0,0,1,2,2,1,68,10,-1,-1,-1,-1,2,E01001191,0,2
2025010576129,2025,010576129,2,9,0,-1,-1,5,1,0,0,8,0,0,0,0,1,1,2,2,2,47,8,-1,-1,-1,-1,3,E01003334,0,1
2025010576129,2025,010576129,3,1,0,-1,-1,5,1,0,0,8,0,0,0,0,1,1,2,2,2,46,8,-1,-1,-1,-1,4,E01003230,0,1
2025010576133,2025,010576133,1,9,0,7,7,6,1,0,0,5,0,0,0,0,4,1,6,6,3,-1,-1,-1,-1,-1,-1,-1,-1,0,-1
2025010576133,2025,010576133,2,1,0,18,19,6,2,4,4,1,0,0,0,0,1,1,5,6,1,35,6,-1,-1,-1,-1,8,E01002453,0,1
2025010576141,2025,010576141,2,4,0,15,15,5,1,0,0,0,0,0,0,0,4,1,5,6,1,67,10,-1,-1,-1,-1,-1,-1,0,-1
2025010576141,2025,010576141,1,9,0,6,6,5,5,0,0,0,0,0,0,0,1,1,5,6,2,54,8,-1,-1,-1,-1,2,E01002316,0,2
2025010576142,2025,010576142,2,11,9,99,99,9,9,99,99,9,9,99,9,99,9,1,6,6,3,-1,-1,-1,-1,-1,-1,-1,-1,0,-1
2025010576142,2025,010576142,1,1,9,99,99,9,9,99,99,9,9,99,9,99,9,1,2,2,1,31,6,-1,-1,-1,-1,2,E01000533,0,1
2025010576144,2025,010576144,1,9,0,99,99,9,9,99,99,9,9,99,9,99,1,9,6,6,3,-1,-1,-1,-1,-1,-1,3,E01001688,0,1
2025010576146,2025,010576146,1,3,9,99,99,9,9,99,99,9,9,99,9,99,9,1,1,1,1,27,6,-1,-1,-1,-1,2,E01034149,0,4
2025010576146,2025,010576146,2,9,9,99,99,9,9,99,99,9,9,99,9,99,9,9,6,6,3,-1,-1,-1,-1,-1,-1,-1,-1,0,-1
2025010576154,2025,010576154,2,1,0,10,10,5,3,0,0,1,0,0,0,0,2,1,2,2,1,54,8,-1,-1,-1,-1,7,E01009506,0,5
2025010576154,2025,010576154,1,8,0,7,7,5,7,0,0,1,0,0,0,0,1,1,1,1,1,42,7,-1,-1,-1,-1,2,E01033877,0,1
2025010576156,2025,010576156,1,3,0,13,13,5,1,0,0,8,1,0,0,0,0,1,1,1,1,27,6,-1,-1,-1,-1,-1,-1,0,-1
2025010576160,2025,010576160,2,9,0,2,2,0,0,0,0,1,0,0,0,0,1,1,6,6,3,-1,-1,-1,-1,-1,-1,-1,-1,0,-1
2025010576160,2025,010576160,1,9,0,7,7,3,5,0,0,6,0,4,7,0,1,1,5,6,1,35,6,-1,-1,-1,-1,3,E01003321,0,1
2025010576161,2025,010576161,2,9,0,4,4,5,1,0,0,2,0,0,0,0,2,1,2,2,1,36,7,-1,-1,-1,-1,4,E01003220,0,2
2025010576161,2025,010576161,1,9,0,4,4,5,1,0,0,2,0,0,0,0,1,1,5,6,1,59,9,-1,-1,-1,-1,4,E01003212,0,2
2025010576162,2025,010576162,1,9,0,99,99,9,9,99,99,0,9,99,9,99,9,9,6,6,2,35,6,-1,-1,-1,-1,5,E01000338,0,1
2025010576162,2025,010576162,2,9,9,99,99,9,9,99,99,0,9,99,9,99,9,9,6,6,3,-1,-1,-1,-1,-1,-1,-1,-1,0,-1
2025010576169,2025,010576169,1,9,0,99,99,9,9,99,99,0,5,0,0,0,9,9,6,6,3,-1,-1,-1,-1,-1,-1,-1,-1,0,-1
2025010576177,2025,010576177,2,9,0,18,19,5,1,0,0,1,0,0,0,0,1,1,6,6,3,-1,-1,-1,-1,-1,-1,-1,-1,0,-1
2025010576177,2025,010576177,1,9,0,18,19,5,1,0,0,1,0,0,0,0,2,1,3,7,2,48,8,-1,-1,-1,-1,-1,-1,0,-1
2025010576178,2025,010576178,1,9,0,18,19,5,1,0,0,1,0,11,0,0,1,2,6,6,2,28,6,-1,-1,-1,-1,3,E01002701,0,2
2025010576179,2025,010576179,2,9,0,99,99,9,9,99,99,9,9,99,9,99,1,9,6,6,1,48,8,-1,-1,-1,-1,4,E01001148,0,1
2025010576179,2025,010576179,1,3,0,99,99,9,9,99,99,9,9,99,9,99,9,1,1,1,1,30,6,-1,-1,-1,-1,2,E01001118,0,1
2025010576180,2025,010576180,1,9,0,99,99,9,9,99,99,9,9,99,9,99,1,9,6,6,3,-1,-1,-1,-1,-1,-1,8,E01001901,0,1
2025010576181,2025,010576181,1,9,0,99,99,9,9,99,99,9,9,99,9,99,1,9,6,6,3,-1,-1,-1,-1,-1,-1,3,E01000090,0,1
2025010576184,2025,010576184,1,9,0,18,19,5,1,0,0,0,0,0,0,0,1,1,6,6,2,45,7,-1,-1,-1,-1,4,E01001435,0,1
2025010576184,2025,010576184,3,9,0,2,2,0,0,0,0,0,0,4,0,0,3,1,6,6,3,-1,-1,-1,-1,-1,-1,-1,-1,0,-1
2025010576184,2025,010576184,2,9,0,18,19,1,5,0,0,0,0,4,0,0,1,1,5,6,1,52,8,-1,-1,-1,-1,2,E01001437,0,1
2025010576187,2025,010576187,1,9,9,7,7,5,7,99,99,9,9,99,9,99,9,9,6,6,1,52,8,-1,-1,-1,-1,7,E01001084,0,2
2025010576190,2025,010576190,1,9,0,3,3,5,1,0,0,2,0,0,0,0,2,1,3,7,2,51,8,-1,-1,-1,-1,10,E01000278,0,1
2025010576190,2025,010576190,2,9,0,3,3,5,1,0,0,2,0,0,0,0,2,1,6,6,1,18,4,-1,-1,-1,-1,9,E01000115,0,1
2025010576190,2025,010576190,4,9,0,18,19,5,1,0,0,2,0,0,0,0,1,1,6,6,1,18,4,-1,-1,-1,-1,10,E01000272,0,1
2025010576190,2025,010576190,3,9,0,3,3,5,1,0,0,2,0,0,0,0,2,1,6,6,1,52,8,-1,-1,-1,-1,7,E01000160,0,1
2025010576191,2025,010576191,1,1,9,18,19,5,1,0,0,9,9,11,9,2,1,1,6,6,3,-1,-1,-1,-1,-1,-1,-1,-1,0,-1
2025010576194,2025,010576194,1,3,0,18,19,9,9,99,99,9,9,99,9,99,9,1,1,1,1,33,6,-1,-1,-1,-1,7,E01015978,0,3
2025010576194,2025,010576194,2,9,0,12,12,9,9,99,99,9,9,99,9,99,9,9,6,6,3,-1,-1,-1,-1,-1,-1,-1,-1,0,-1
2025010576196,2025,010576196,1,9,0,9,9,5,3,0,0,8,0,0,0,0,3,1,5,6,2,41,7,-1,-1,-1,-1,5,E01001315,0,1
2025010576196,2025,010576196,2,3,0,18,19,3,7,0,0,1,0,0,0,0,1,1,5,6,1,34,6,-1,-1,-1,-1,2,E01032744,0,1
2025010576201,2025,010576201,1,1,9,99,99,9,9,99,99,9,9,8,9,99,1,1,2,2,1,59,9,-1,-1,-1,-1,8,E01004504,0,2
2025010576201,2025,010576201,2,8,0,99,99,9,9,99,99,9,9,99,9,99,9,9,6,6,3,-1,-1,-1,-1,-1,-1,-1,-1,0,-1
2025010576201,2025,010576201,3,90,9,99,99,9,9,99,99,9,9,99,9,99,9,9,6,6,3,-1,-1,-1,-1,-1,-1,-1,-1,0,-1
2025010576213,2025,010576213,1,3,0,99,99,9,9,99,99,9,9,99,9,99,1,1,5,6,1,24,5,-1,-1,-1,-1,6,E01002220,0,2
2025010576213,2025,010576213,2,9,0,99,99,9,9,99,99,9,9,99,9,99,1,9,6,6,3,-1,-1,-1,-1,-1,-1,-1,-1,0,-1
2025010576216,2025,010576216,1,9,0,4,4,5,1,0,0,8,0,0,0,0,1,1,5,6,1,38,7,-1,-1,-1,-1,3,E01004167,0,1
2025010576216,2025,010576216,2,9,0,9,9,6,5,0,0,1,0,0,0,0,0,1,5,6,2,23,5,-1,-1,-1,-1,3,E01004167,0,1
2025010576218,2025,010576218,1,1,0,18,19,7,3,4,4,0,0,0,0,0,1,1,5,6,2,42,7,-1,-1,-1,-1,3,E01035668,0,1
2025010576219,2025,010576219,1,5,0,18,19,7,3,0,0,2,1,7,0,0,0,1,2,2,1,54,8,-1,-1,-1,-1,4,E01001511,0,3
2025010576222,2025,010576222,1,9,0,7,7,1,3,0,0,5,0,0,0,0,1,1,5,6,1,46,8,-1,-1,-1,-1,4,E01001435,0,2
2025010576223,2025,010576223,2,9,0,5,5,5,1,0,0,4,0,0,0,0,2,1,6,6,2,90,11,-1,-1,-1,-1,8,E01001994,0,1
2025010576223,2025,010576223,1,9,0,5,5,5,1,0,0,4,0,0,0,0,1,1,5,6,2,42,7,-1,-1,-1,-1,3,E01023300,0,3
2025010576233,2025,010576233,1,3,0,99,99,9,9,99,99,9,9,99,9,99,1,1,1,1,1,26,6,-1,-1,-1,-1,2,E01001161,0,1
2025010576233,2025,010576233,2,9,0,99,99,9,9,99,99,9,9,99,9,99,9,9,6,6,3,-1,-1,-1,-1,-1,-1,-1,-1,0,-1
2025010576239,2025,010576239,1,1,9,99,99,9,9,99,99,9,9,99,9,99,9,1,6,6,3,-1,-1,-1,-1,-1,-1,-1,-1,0,-1
2025010576243,2025,010576243,1,9,0,99,99,9,9,99,99,9,9,99,9,99,9,9,5,6,2,59,9,-1,-1,-1,-1,3,E01001192,0,1
2025010576243,2025,010576243,2,19,0,99,99,9,9,99,99,9,9,99,9,99,9,9,6,6,3,-1,-1,-1,-1,-1,-1,-1,-1,0,-1
2025010576244,2025,010576244,2,9,0,99,99,9,9,99,99,9,9,99,9,99,1,9,6,6,3,-1,-1,-1,-1,-1,-1,-1,-1,0,-1
2025010576244,2025,010576244,1,1,9,99,99,9,9,99,99,9,9,99,9,99,2,1,5,6,1,17,4,-1,-1,-1,-1,2,E01000533,0,1
2025010576245,2025,010576245,1,9,0,5,5,5,1,0,0,2,0,7,0,0,1,1,6,6,2,66,10,-1,-1,-1,-1,2,E01004702,0,1
2025010576248,2025,010576248,2,1,0,18,19,1,5,0,0,0,0,0,0,0,1,1,5,6,1,20,4,-1,-1,-1,-1,1,E01002037,0,1
2025010576248,2025,010576248,1,9,0,18,19,1,5,0,0,0,0,0,0,0,0,1,1,1,1,47,8,-1,-1,-1,-1,4,E01004212,0,2
2025010576252,2025,010576252,1,1,9,99,99,9,9,99,99,9,9,99,9,99,9,1,2,2,1,37,7,-1,-1,-1,-1,3,E01004060,0,1
2025010576256,2025,010576256,2,9,0,2,2,9,9,99,99,2,9,99,9,99,9,9,6,6,3,-1,-1,-1,-1,-1,-1,2,E01001947,0,1
2025010576256,2025,010576256,1,1,9,18,19,9,9,99,99,1,9,8,9,99,9,1,2,2,2,27,6,-1,-1,-1,-1,5,E01003022,0,1
2025010576258,2025,010576258,1,9,0,9,9,1,6,0,0,5,0,0,0,0,1,1,6,6,1,35,6,-1,-1,-1,-1,4,E01003388,0,1
2025010576258,2025,010576258,2,1,0,18,19,6,2,4,4,1,0,0,0,0,1,1,6,6,2,27,6,-1,-1,-1,-1,4,E01003136,0,1
2025010576261,2025,010576261,1,9,9,99,99,9,9,0,0,8,0,0,0,0,2,9,6,6,3,-1,-1,-1,-1,-1,-1,5,E01000323,0,3
2025010576261,2025,010576261,2,9,9,3,3,7,3,0,0,1,0,0,0,0,2,9,6,6,2,40,7,-1,-1,-1,-1,3,E01007488,0,5
2025010576265,2025,010576265,1,11,0,4,4,5,1,2,2,0,0,0,0,0,2,1,1,1,1,28,6,-1,-1,-1,-1,6,E01001829,0,1
2025010576265,2025,010576265,2,1,0,18,19,1,5,0,0,0,5,4,0,0,1,1,5,6,1,23,5,-1,-1,-1,-1,2,E01001878,0,2
2025010576266,2025,010576266,2,3,0,18,19,1,5,0,0,2,0,0,0,0,3,1,6,6,1,19,4,-1,-1,-1,-1,5,E01000738,0,2
2025010576266,2025,010576266,1,9,0,18,19,1,5,0,0,2,0,0,0,0,4,1,2,2,1,53,8,-1,-1,-1,-1,5,E01000664,0,2
2025010576268,2025,010576268,1,9,0,17,19,5,1,0,0,8,0,0,0,0,1,1,6,6,3,-1,-1,-1,-1,-1,-1,-1,-1,0,-1
2025010576268,2025,010576268,2,1,0,17,19,5,1,0,0,5,0,0,0,0,4,1,5,6,1,49,8,-1,-1,-1,-1,6,E01015780,0,4
2025010576274,2025,010576274,1,9,0,18,19,7,3,0,0,0,0,0,0,0,3,1,6,6,3,-1,-1,-1,-1,-1,-1,-1,-1,0,-1
2025010576283,2025,010576283,1,9,0,6,6,5,5,0,0,8,0,0,0,0,4,1,5,6,1,55,8,-1,-1,-1,-1,5,E01000619,0,1
2025010576283,2025,010576283,2,1,0,18,19,5,1,0,0,8,0,0,0,0,1,1,5,6,1,40,7,-1,-1,-1,-1,3,E01000548,0,1
2025010576288,2025,010576288,1,1,9,99,99,9,9,99,99,9,9,99,9,99,9,1,2,2,1,49,8,-1,-1,-1,-1,3,E01001578,0,1
2025010576288,2025,010576288,2,9,0,99,99,9,9,99,99,9,9,99,9,99,9,9,6,6,2,-1,-1,-1,-1,-1,-1,-1,-1,0,-1
2025010576289,2025,010576289,1,8,0,99,99,9,9,99,99,9,9,99,9,99,9,9,6,6,1,48,8,-1,-1,-1,-1,8,E01021755,0,4
2025010576293,2025,010576293,1,9,0,99,99,9,9,99,99,9,9,99,9,99,1,9,2,2,2,48,8,-1,-1,-1,-1,3,E01002303,0,3
2025010576293,2025,010576293,2,9,0,99,99,9,9,99,99,9,9,99,9,99,2,9,6,6,3,-1,-1,-1,-1,-1,-1,-1,-1,0,-1
2025010576295,2025,010576295,2,9,0,18,19,1,5,0,0,1,0,0,0,0,1,1,6,6,1,45,7,-1,-1,-1,-1,5,E01002718,0,1
2025010576295,2025,010576295,1,9,0,3,3,5,1,0,0,1,0,0,0,0,1,1,1,1,1,57,9,-1,-1,-1,-1,2,E01032787,0,1
2025010576297,2025,010576297,2,9,0,5,5,0,5,0,0,0,0,0,0,0,2,1,6,6,1,50,8,-1,-1,-1,-1,4,E01003602,0,1
2025010576297,2025,010576297,1,8,0,2,2,0,0,0,0,0,0,0,0,0,2,1,6,6,3,-1,-1,-1,-1,-1,-1,-1,-1,0,-1
2025010576299,2025,010576299,2,1,0,18,19,5,1,0,0,8,5,0,0,0,1,1,2,2,1,31,6,-1,-1,-1,-1,6,E01004728,0,1
2025010576299,2025,010576299,1,9,0,9,9,8,5,0,0,5,0,0,0,0,1,1,6,6,3,-1,-1,-1,-1,-1,-1,-1,-1,0,-1
2025010576300,2025,010576300,1,11,0,5,5,7,3,0,0,2,0,0,0,0,0,1,1,1,1,-1,-1,-1,-1,-1,-1,4,E01034033,0,2
2025010576302,2025,010576302,1,9,0,99,99,9,9,99,99,9,9,99,9,99,2,9,5,6,1,29,6,-1,-1,-1,-1,2,E01004288,0,3
2025010576302,2025,010576302,2,9,9,99,99,9,9,99,99,9,9,99,9,99,9,9,6,6,2,26,6,-1,-1,-1,-1,1,E01002842,0,4
2025010576304,2025,010576304,2,9,0,17,19,1,5,0,0,8,0,0,0,0,3,1,5,6,2,29,6,-1,-1,-1,-1,-1,-1,0,-1
2025010576304,2025,010576304,1,9,0,5,5,3,7,0,0,4,0,0,0,0,1,1,6,6,1,31,6,-1,-1,-1,-1,-1,-1,0,-1
2025010576307,2025,010576307,1,3,0,18,19,5,1,0,0,1,5,0,0,0,1,1,6,6,3,-1,-1,-1,-1,-1,-1,-1,-1,0,-1
2025010576308,2025,010576308,2,9,0,4,4,8,4,0,0,0,0,0,0,0,2,1,5,6,1,39,7,-1,-1,-1,-1,3,E01004400,0,2
2025010576308,2025,010576308,1,9,0,18,19,8,4,0,0,0,0,0,0,0,1,1,5,6,1,44,7,-1,-1,-1,-1,4,E01023933,0,3
2025010576309,2025,010576309,1,1,0,18,19,3,7,0,0,1,0,0,0,0,3,1,6,6,2,54,8,-1,-1,-1,-1,2,E01001839,0,1
2025010576309,2025,010576309,2,9,0,18,19,1,5,0,0,1,0,0,0,0,1,2,6,6,3,-1,-1,-1,-1,-1,-1,-1,-1,0,-1
2025010576311,2025,010576311,2,9,0,99,99,9,9,99,99,9,9,99,9,99,2,9,6,6,3,-1,-1,-1,-1,-1,-1,7,E01002974,0,3
2025010576311,2025,010576311,1,1,9,99,99,9,9,99,99,9,9,99,9,99,1,1,2,2,1,34,6,-1,-1,-1,-1,9,E01004593,0,2
2025010576315,2025,010576315,1,9,0,3,3,1,5,0,0,9,0,0,9,0,2,1,1,1,1,23,5,-1,-1,-1,-1,4,E01023543,0,2
2025010576315,2025,010576315,2,9,0,18,19,1,5,0,0,9,0,0,0,0,1,1,6,6,2,35,6,-1,-1,-1,-1,3,E01004719,0,2
2025010576326,2025,010576326,2,1,0,18,19,7,3,0,0,0,0,0,0,0,2,1,5,6,2,56,9,-1,-1,-1,-1,7,E01002925,0,1
2025010576326,2025,010576326,1,9,0,18,19,7,3,0,0,0,0,0,0,0,1,1,5,6,1,76,11,-1,-1,-1,-1,9,E01003873,0,1
2025010576334,2025,010576334,2,1,0,18,19,7,3,0,0,1,0,0,0,0,1,1,6,6,3,25,5,-1,-1,-1,-1,-1,-1,0,-1
2025010576334,2025,010576334,1,1,0,4,4,3,7,0,0,1,0,0,0,0,1,1,2,2,1,33,6,-1,-1,-1,-1,4,E01032764,0,2
2025010576339,2025,010576339,1,1,9,18,19,9,9,99,99,9,9,99,9,99,1,1,2,2,1,55,8,-1,-1,-1,-1,5,E01026249,0,5
2025010576339,2025,010576339,2,9,0,7,7,9,9,99,99,9,9,99,9,99,4,9,6,6,1,61,9,-1,-1,-1,-1,3,E01001239,0,1
2025010576340,2025,010576340,1,5,0,99,99,9,9,99,99,9,9,99,9,99,9,1,1,1,1,38,7,-1,-1,-1,-1,5,E01000995,0,1
2025010576340,2025,010576340,2,9,0,99,99,9,9,99,99,9,9,99,9,99,2,9,6,6,3,-1,-1,-1,-1,-1,-1,-1,-1,0,-1
2025010576341,2025,010576341,1,9,0,18,19,3,7,0,0,1,0,0,0,0,1,1,1,1,2,52,8,-1,-1,-1,-1,2,E01003323,0,2
2025010576343,2025,010576343,2,9,0,7,7,3,5,99,99,4,9,99,9,99,4,9,6,6,3,-1,-1,-1,-1,-1,-1,-1,-1,0,-1
2025010576343,2025,010576343,1,9,0,18,19,1,5,99,99,4,9,0,9,0,4,9,6,6,1,24,5,-1,-1,-1,-1,8,E01004111,0,1
2025010576351,2025,010576351,1,19,0,9,9,7,4,0,0,2,0,0,0,0,1,1,1,1,1,82,11,-1,-1,-1,-1,4,E01000473,0,2
2025010576351,2025,010576351,2,1,0,18,19,3,7,0,0,1,0,0,0,0,1,1,1,1,1,32,6,-1,-1,-1,-1,3,E01001669,0,3
2025010576353,2025,010576353,1,3,0,99,99,9,9,99,99,9,9,99,9,99,1,1,5,6,3,23,5,-1,-1,-1,-1,5,E01033741,0,3
2025010576353,2025,010576353,2,9,0,99,99,9,9,99,99,9,9,99,9,99,1,9,6,6,3,-1,-1,-1,-1,-1,-1,-1,-1,0,-1
2025010576358,2025,010576358,1,9,0,5,5,5,1,99,99,6,0,0,9,0,1,9,6,6,3,56,9,-1,-1,-1,-1,6,E01000795,0,1
2025010576359,2025,010576359,1,3,0,7,7,3,6,0,0,1,1,4,0,0,3,1,6,6,1,25,5,-1,-1,-1,-1,-1,-1,0,-1
2025010576359,2025,010576359,2,9,0,2,2,0,0,0,0,1,0,0,0,0,1,1,6,6,3,-1,-1,-1,-1,-1,-1,-1,-1,0,-1
2025010576364,2025,010576364,2,3,0,15,15,5,1,0,0,1,0,0,0,0,1,1,6,6,1,23,5,-1,-1,-1,-1,9,E01030412,0,2
2025010576364,2025,010576364,1,9,0,14,14,1,5,0,0,1,0,0,0,0,3,1,1,1,2,46,8,-1,-1,-1,-1,7,E01002971,0,1
2025010576369,2025,010576369,1,9,0,18,19,7,3,0,0,1,0,0,0,0,3,1,6,6,1,44,7,-1,-1,-1,-1,2,E01004324,0,1
2025010576373,2025,010576373,1,1,9,99,99,9,9,99,99,9,9,99,9,99,1,1,2,2,2,30,6,-1,-1,-1,-1,8,E01033487,0,1
2025010576373,2025,010576373,2,3,0,99,99,9,9,99,99,9,9,99,9,99,9,1,6,6,3,-1,-1,-1,-1,-1,-1,-1,-1,0,-1
2025010576378,2025,010576378,1,1,9,18,19,9,9,99,99,9,9,99,9,99,9,1,5,6,1,38,7,-1,-1,-1,-1,4,E01004229,0,1
2025010576378,2025,010576378,2,9,0,6,6,9,9,99,99,9,9,99,9,99,1,9,6,6,3,-1,-1,-1,-1,-1,-1,-1,-1,0,-1
2025010576380,2025,010576380,1,21,0,18,19,5,1,0,0,1,0,0,0,0,2,1,1,1,1,71,10,-1,-1,-1,-1,3,E01001372,0,3
2025010576380,2025,010576380,2,1,0,18,19,5,1,0,0,1,0,0,0,0,2,1,5,6,2,66,10,-1,-1,-1,-1,8,E01000910,0,2
2025010576381,2025,010576381,2,3,0,18,19,5,1,0,0,1,0,0,0,0,1,1,1,1,1,30,6,-1,-1,-1,-1,4,E01035254,0,2
2025010576381,2025,010576381,1,9,0,9,9,2,7,0,0,6,0,0,0,0,1,1,1,1,2,52,8,-1,-1,-1,-1,5,E01002455,0,2