collision_index,collision_year,collision_ref_no,vehicle_reference,vehicle_type,towing_and_articulation,vehicle_manoeuvre_historic,vehicle_manoeuvre,vehicle_direction_from,vehicle_direction_to,vehicle_location_restricted_lane_historic,vehicle_location_restricted_lane,junction_location,skidding_and_overturning,hit_object_in_carriageway,vehicle_leaving_carriageway,hit_object_off_carriageway,first_point_of_impact,vehicle_left_hand_drive,journey_purpose_of_driver_historic,journey_purpose_of_driver,sex_of_driver,age_of_driver,age_band_of_driver,engine_capacity_cc,propulsion_code,age_of_vehicle,generic_make_model,driver_imd_decile,lsoa_of_driver,escooter_flag,driver_distance_banding
2025010576384,2025,010576384,1,9,0,9,9,7,5,0,0,8,0,0,0,0,1,1,5,6,2,37,7,-1,-1,-1,-1,8,E01002289,0,1
2025010576387,2025,010576387,2,9,0,18,19,2,6,0,0,0,0,0,1,7,2,1,6,6,1,21,5,-1,-1,-1,-1,7,E01004307,0,3
2025010576387,2025,010576387,1,9,0,18,19,2,6,0,0,0,0,0,0,0,2,1,5,6,1,25,5,-1,-1,-1,-1,3,E01004322,0,3
2025010576387,2025,010576387,3,9,0,18,19,2,6,0,0,0,0,0,0,0,1,1,6,6,1,75,10,-1,-1,-1,-1,9,E01021789,0,2
2025010576389,2025,010576389,2,1,0,18,19,1,5,0,0,1,0,0,0,0,1,1,5,6,1,48,8,-1,-1,-1,-1,6,E01002347,0,3
2025010576389,2025,010576389,1,9,0,9,9,5,3,0,0,1,0,0,0,0,1,1,3,7,2,26,6,-1,-1,-1,-1,2,E01003501,0,1
2025010576391,2025,010576391,2,9,9,99,99,9,9,99,99,9,9,99,9,99,9,9,6,6,1,24,5,-1,-1,-1,-1,-1,-1,0,-1
2025010576391,2025,010576391,1,3,9,99,99,9,9,99,99,9,9,99,9,99,9,1,6,6,1,34,6,-1,-1,-1,-1,-1,-1,0,-1
2025010576396,2025,010576396,1,11,0,4,4,1,5,2,2,0,0,0,0,0,0,1,1,1,1,29,6,-1,-1,-1,-1,1,E01014653,0,5
2025010576397,2025,010576397,2,1,9,99,99,9,9,99,99,0,9,99,9,99,9,1,6,6,3,-1,-1,-1,-1,-1,-1,-1,-1,0,-1
2025010576397,2025,010576397,1,1,9,99,99,9,9,99,99,0,9,99,9,99,9,1,2,2,2,42,7,-1,-1,-1,-1,3,E01001980,0,2
2025010576398,2025,010576398,1,3,0,99,99,9,9,99,99,9,9,99,9,99,9,1,5,6,3,21,5,-1,-1,-1,-1,3,E01001215,0,3
2025010576398,2025,010576398,2,9,0,99,99,9,9,99,99,9,9,99,9,99,9,9,6,6,3,-1,-1,-1,-1,-1,-1,-1,-1,0,-1
2025010576399,2025,010576399,1,9,0,9,9,3,1,0,0,6,0,0,0,0,1,1,5,6,1,34,6,-1,-1,-1,-1,3,E01001806,0,2
2025010576401,2025,010576401,1,1,9,99,99,9,9,99,99,9,9,99,9,99,1,1,2,2,1,36,7,-1,-1,-1,-1,5,E01004232,0,1
2025010576401,2025,010576401,2,10,0,99,99,9,9,99,99,9,9,99,9,99,1,9,6,6,3,-1,-1,-1,-1,-1,-1,4,E01002738,0,1
2025010576404,2025,010576404,1,9,0,18,19,5,1,0,0,0,0,0,0,0,1,1,2,2,2,53,8,-1,-1,-1,-1,3,E01000184,0,2
2025010576405,2025,010576405,1,9,0,2,2,0,0,0,0,1,0,0,0,0,3,1,6,6,3,-1,-1,-1,-1,-1,-1,-1,-1,0,-1
2025010576405,2025,010576405,2,9,0,18,19,2,6,0,0,2,0,0,0,0,3,1,6,6,3,-1,-1,-1,-1,-1,-1,-1,-1,0,-1
2025010576406,2025,010576406,1,97,0,18,19,2,6,0,0,0,0,0,0,0,3,1,6,6,3,-1,-1,-1,-1,-1,-1,-1,-1,0,-1
2025010576415,2025,010576415,1,11,0,18,19,5,1,0,0,8,0,0,0,0,1,1,1,1,2,53,8,-1,-1,-1,-1,6,E01004086,0,2
2025010576417,2025,010576417,1,4,0,4,4,2,6,0,0,8,0,0,0,0,1,1,2,2,1,32,6,-1,-1,-1,-1,7,E01001867,0,1
2025010576425,2025,010576425,2,8,0,99,99,9,9,99,99,0,9,99,9,99,1,9,6,6,3,-1,-1,-1,-1,-1,-1,-1,-1,0,-1
2025010576425,2025,010576425,1,1,9,99,99,9,9,99,99,0,9,99,9,99,9,1,5,6,1,15,3,-1,-1,-1,-1,5,E01003684,0,1
2025010576433,2025,010576433,2,9,0,2,2,0,0,9,9,0,0,0,0,0,2,1,6,6,3,-1,-1,-1,-1,-1,-1,-1,-1,0,-1
2025010576433,2025,010576433,1,23,0,18,19,7,3,0,0,0,0,4,0,0,1,1,1,1,1,26,6,-1,-1,-1,-1,8,E01002340,0,2
2025010576436,2025,010576436,1,9,9,99,99,9,9,99,99,9,9,99,9,99,9,9,6,6,1,28,6,-1,-1,-1,-1,2,E01001332,0,2
2025010576446,2025,010576446,1,9,0,9,9,5,3,0,0,8,0,0,0,0,4,1,6,6,3,-1,-1,-1,-1,-1,-1,-1,-1,0,-1
2025010576446,2025,010576446,2,1,0,18,19,1,5,0,0,1,0,0,0,0,1,1,6,6,1,55,8,-1,-1,-1,-1,6,E01001254,0,1
2025010576448,2025,010576448,1,22,0,5,5,5,1,9,9,1,0,0,0,0,1,1,6,6,3,-1,-1,-1,-1,-1,-1,-1,-1,0,-1
2025010576453,2025,010576453,3,9,0,2,2,0,0,0,0,1,0,0,0,0,0,1,6,6,3,-1,-1,-1,-1,-1,-1,-1,-1,0,-1
2025010576453,2025,010576453,1,9,0,18,19,5,1,0,0,1,0,0,7,11,0,1,5,6,1,24,5,-1,-1,-1,-1,5,E01002525,0,4
2025010576453,2025,010576453,2,9,0,4,4,5,1,0,0,5,0,0,0,0,0,1,5,6,2,35,6,-1,-1,-1,-1,4,E01000068,0,1
2025010576454,2025,010576454,1,3,0,15,15,3,7,0,0,9,0,0,0,0,1,1,6,6,3,-1,-1,-1,-1,-1,-1,-1,-1,0,-1
2025010576460,2025,010576460,1,9,0,18,19,3,7,0,0,1,5,7,0,0,1,1,5,6,1,22,5,-1,-1,-1,-1,5,E01002219,0,1
2025010576462,2025,010576462,1,3,0,14,14,3,7,0,0,1,1,0,0,0,1,1,1,1,1,35,6,-1,-1,-1,-1,5,E01000003,0,1
2025010576465,2025,010576465,2,1,0,18,19,5,1,0,0,1,0,0,0,0,0,1,5,6,1,37,7,-1,-1,-1,-1,9,E01000672,0,1
2025010576465,2025,010576465,1,9,0,9,9,2,7,0,0,2,0,0,0,0,0,1,6,6,2,57,9,-1,-1,-1,-1,4,E01000428,0,2
2025010576468,2025,010576468,1,9,4,99,99,9,9,99,99,9,9,99,9,99,2,9,5,6,2,25,5,-1,-1,-1,-1,2,E01003305,0,1
2025010576468,2025,010576468,2,98,9,99,99,9,9,99,99,9,9,99,9,99,2,9,6,6,1,57,9,-1,-1,-1,-1,2,E01000470,0,3
2025010576470,2025,010576470,1,9,0,18,19,5,1,0,0,4,0,0,0,0,1,1,5,6,2,25,5,-1,-1,-1,-1,4,E01002583,0,2
2025010576470,2025,010576470,2,3,0,3,3,5,1,0,0,4,0,0,0,0,2,1,2,2,1,27,6,-1,-1,-1,-1,9,E01032576,0,1
2025010576473,2025,010576473,1,5,0,99,99,9,9,99,99,9,9,99,9,99,9,1,5,6,2,46,8,-1,-1,-1,-1,7,E01001598,0,2
2025010576473,2025,010576473,2,19,0,99,99,9,9,99,99,9,9,99,9,99,9,9,6,6,1,30,6,-1,-1,-1,-1,3,E01003135,0,2
2025010576476,2025,010576476,1,9,0,7,7,1,4,9,9,5,1,0,1,11,1,1,6,6,1,29,6,-1,-1,-1,-1,2,E01004013,0,1
2025010576477,2025,010576477,2,9,0,9,9,2,8,0,0,1,0,0,0,0,3,1,1,1,1,57,9,-1,-1,-1,-1,5,E01001632,0,3
2025010576477,2025,010576477,1,3,0,18,19,6,2,0,0,1,0,0,0,0,1,1,6,6,1,47,8,-1,-1,-1,-1,3,E01001981,0,3
2025010576486,2025,010576486,2,1,0,9,9,2,8,9,9,1,0,0,1,0,1,1,5,6,1,14,3,-1,-1,-1,-1,2,E01032565,0,1
2025010576486,2025,010576486,1,9,0,9,9,2,7,0,0,1,0,0,0,0,1,1,5,6,2,40,7,-1,-1,-1,-1,5,E01003340,0,2
2025010576488,2025,010576488,1,5,0,18,19,6,2,0,0,0,0,0,0,0,1,1,6,6,3,-1,-1,-1,-1,-1,-1,-1,-1,0,-1
2025010576496,2025,010576496,2,9,0,6,6,9,9,99,99,1,9,99,9,99,9,9,6,6,1,42,7,-1,-1,-1,-1,6,E01024173,0,4
2025010576496,2025,010576496,1,1,9,18,19,9,9,99,99,2,9,99,9,99,1,1,5,6,1,29,6,-1,-1,-1,-1,4,E01033871,0,1
2025010576500,2025,010576500,2,9,0,99,99,9,9,99,99,9,9,99,9,99,9,9,6,6,3,-1,-1,-1,-1,-1,-1,-1,-1,0,-1
2025010576500,2025,010576500,1,1,9,99,99,9,9,99,99,9,9,99,9,99,9,1,5,6,1,60,9,-1,-1,-1,-1,3,E01001830,0,1
2025010576506,2025,010576506,1,97,9,99,99,9,9,99,99,9,9,99,9,99,9,1,6,6,1,24,5,-1,-1,-1,-1,2,E01002800,0,1
2025010576506,2025,010576506,2,9,9,99,99,9,9,99,99,9,9,99,9,99,9,1,6,6,1,-1,-1,-1,-1,-1,-1,2,E01015754,0,4
2025010576508,2025,010576508,1,9,0,18,19,7,3,0,0,2,0,0,0,0,1,1,1,1,1,51,8,-1,-1,-1,-1,2,E01033939,0,2
2025010576513,2025,010576513,2,9,0,99,99,9,9,99,99,9,9,99,9,99,9,9,6,6,3,-1,-1,-1,-1,-1,-1,-1,-1,0,-1
2025010576513,2025,010576513,1,3,0,99,99,9,9,99,99,9,9,99,9,99,9,1,1,1,1,31,6,-1,-1,-1,-1,2,E01033882,0,3
2025010576515,2025,010576515,1,3,0,99,99,9,9,99,99,9,9,99,9,99,1,1,2,2,1,22,5,-1,-1,-1,-1,3,E01001980,0,3
2025010576515,2025,010576515,2,19,0,99,99,9,9,99,99,9,9,99,9,99,9,9,6,6,3,-1,-1,-1,-1,-1,-1,-1,-1,0,-1
2025010576518,2025,010576518,1,3,0,13,13,3,7,0,0,0,0,0,0,0,4,1,2,2,1,24,5,-1,-1,-1,-1,7,E01000668,0,1
2025010576518,2025,010576518,2,19,0,9,9,3,8,0,0,0,0,0,0,0,4,1,1,1,1,34,6,-1,-1,-1,-1,4,E01004590,0,3
2025010576519,2025,010576519,2,1,0,16,19,8,3,0,0,1,0,0,0,0,1,1,6,6,1,20,4,-1,-1,-1,-1,3,E01034615,0,1
2025010576519,2025,010576519,1,9,0,9,9,7,6,0,0,1,0,0,0,0,3,1,2,2,1,27,6,-1,-1,-1,-1,2,E01001649,0,4
2025010576526,2025,010576526,2,9,0,18,19,5,1,0,0,2,0,0,0,0,4,1,3,7,1,60,9,-1,-1,-1,-1,3,E01003387,0,1
2025010576526,2025,010576526,1,1,0,18,19,5,1,0,0,2,0,0,0,0,3,1,5,6,1,45,7,-1,-1,-1,-1,4,E01001183,0,1
2025010576527,2025,010576527,3,11,0,3,3,7,3,0,0,1,0,0,0,0,2,1,1,1,1,45,7,-1,-1,-1,-1,3,E01002068,0,1
2025010576527,2025,010576527,2,9,0,6,6,7,7,0,0,6,0,0,0,0,1,1,5,6,1,28,6,-1,-1,-1,-1,4,E01001793,0,1
2025010576527,2025,010576527,1,9,0,3,3,7,3,0,0,1,0,0,0,0,1,1,5,6,1,52,8,-1,-1,-1,-1,4,E01022040,0,4
2025010576531,2025,010576531,1,3,0,5,5,1,5,0,0,0,0,0,0,0,1,1,6,6,1,-1,-1,-1,-1,-1,-1,7,E01028607,0,4
2025010576532,2025,010576532,1,1,9,99,99,9,9,99,99,9,9,99,9,99,9,1,3,7,1,26,6,-1,-1,-1,-1,4,E01001137,0,1
2025010576532,2025,010576532,2,8,0,99,99,9,9,99,99,9,9,99,9,99,9,9,6,6,3,46,8,-1,-1,-1,-1,5,E01003217,0,1
2025010576540,2025,010576540,2,9,0,99,99,9,9,99,99,9,9,99,9,99,0,9,6,6,3,-1,-1,-1,-1,-1,-1,-1,-1,0,-1
2025010576540,2025,010576540,1,3,0,99,99,9,9,99,99,9,9,99,9,99,9,1,1,1,1,31,6,-1,-1,-1,-1,5,E01002167,0,2
2025010576544,2025,010576544,2,19,0,99,99,9,9,99,99,9,9,99,9,99,9,9,6,6,3,-1,-1,-1,-1,-1,-1,-1,-1,0,-1
2025010576544,2025,010576544,1,9,0,99,99,9,9,99,99,9,9,99,9,99,9,9,5,6,2,24,5,-1,-1,-1,-1,2,E01001787,0,1
2025010576549,2025,010576549,1,98,9,99,99,9,9,99,99,2,9,99,9,99,9,9,6,6,1,36,7,-1,-1,-1,-1,2,E01000072,0,3
2025010576551,2025,010576551,1,9,0,99,99,9,9,99,99,1,9,99,9,99,9,9,6,6,3,-1,-1,-1,-1,-1,-1,-1,-1,0,-1
2025010576555,2025,010576555,1,19,0,18,19,5,1,0,0,0,0,0,0,0,1,1,1,1,1,64,9,-1,-1,-1,-1,6,E01025652,0,5
2025010576558,2025,010576558,2,9,0,18,19,1,5,0,0,8,0,0,0,0,1,1,6,6,3,-1,-1,-1,-1,-1,-1,-1,-1,0,-1
2025010576558,2025,010576558,1,1,0,18,19,7,3,4,4,8,0,0,3,0,1,1,1,1,1,34,6,-1,-1,-1,-1,2,E01002852,0,1
2025010576562,2025,010576562,1,3,0,99,99,9,9,99,99,9,9,99,9,99,9,1,1,1,1,26,6,-1,-1,-1,-1,1,E01000601,0,1
2025010576562,2025,010576562,2,9,9,99,99,9,9,99,99,9,9,99,9,99,9,9,6,6,3,35,6,-1,-1,-1,-1,-1,-1,0,-1
2025010576567,2025,010576567,1,3,0,99,99,9,9,99,99,9,9,99,9,99,1,1,1,1,1,26,6,-1,-1,-1,-1,4,E01002641,0,1
2025010576567,2025,010576567,2,9,0,99,99,9,9,99,99,9,9,99,9,99,9,9,6,6,3,-1,-1,-1,-1,-1,-1,-1,-1,0,-1
2025010576568,2025,010576568,1,9,0,3,3,5,1,0,0,5,0,0,0,0,2,1,2,2,1,43,7,-1,-1,-1,-1,2,E01001250,0,1
2025010576568,2025,010576568,2,9,0,18,19,3,7,0,0,1,0,0,0,0,1,1,6,6,1,56,9,-1,-1,-1,-1,7,E01002687,0,1
2025010576569,2025,010576569,1,4,0,14,14,9,9,99,99,9,9,99,9,99,9,1,2,2,1,35,6,-1,-1,-1,-1,9,E01030403,0,3
2025010576569,2025,010576569,2,19,0,10,10,9,9,99,99,9,9,99,9,99,9,9,6,6,1,27,6,-1,-1,-1,-1,2,E01000939,0,2
2025010576572,2025,010576572,2,9,0,99,99,9,9,99,99,9,9,99,9,99,1,9,6,6,3,-1,-1,-1,-1,-1,-1,-1,-1,0,-1
2025010576572,2025,010576572,1,9,0,99,99,9,9,99,99,9,9,99,9,99,9,9,5,6,1,28,6,-1,-1,-1,-1,5,E01000251,0,3
2025010576573,2025,010576573,1,9,0,18,19,1,5,0,0,2,0,0,0,0,1,1,5,6,2,39,7,-1,-1,-1,-1,-1,-1,0,-1
2025010576580,2025,010576580,1,3,0,13,13,5,1,0,0,0,5,0,0,0,4,1,2,2,1,39,7,-1,-1,-1,-1,2,E01017089,0,4
2025010576580,2025,010576580,2,9,0,5,5,1,5,0,0,0,0,0,1,0,4,1,6,6,3,40,7,-1,-1,-1,-1,7,E01002975,0,2
2025010576581,2025,010576581,1,8,0,3,3,5,1,0,0,1,0,0,0,0,0,1,1,1,1,57,9,-1,-1,-1,-1,4,E01004531,0,1
2025010576581,2025,010576581,2,3,0,15,15,5,1,0,0,1,1,0,0,0,0,1,1,1,1,37,7,-1,-1,-1,-1,2,E01004008,0,1
2025010576586,2025,010576586,1,9,9,99,99,9,9,99,99,9,9,99,9,99,9,9,6,6,3,-1,-1,-1,-1,-1,-1,-1,-1,0,-1
2025010576586,2025,010576586,2,1,9,99,99,9,9,99,99,9,9,99,9,99,9,1,6,6,1,26,6,-1,-1,-1,-1,2,E01002786,0,2
2025010576592,2025,010576592,1,9,0,4,4,8,4,0,0,1,0,0,0,0,4,1,2,2,1,38,7,-1,-1,-1,-1,7,E01003016,0,1
2025010576592,2025,010576592,2,1,0,18,19,6,2,9,9,8,0,0,0,0,1,1,5,6,1,14,3,-1,-1,-1,-1,-1,-1,0,-1
2025010576599,2025,010576599,2,9,0,3,3,3,7,0,0,0,0,0,0,0,1,1,6,6,1,51,8,-1,-1,-1,-1,10,E01015885,0,4
2025010576599,2025,010576599,1,9,0,3,3,3,7,0,0,0,0,0,0,0,2,1,6,6,2,55,8,-1,-1,-1,-1,6,E01002327,0,2
2025010576603,2025,010576603,2,3,0,4,4,7,3,0,0,1,0,0,0,0,1,1,5,6,1,22,5,-1,-1,-1,-1,2,E01001899,0,1
2025010576603,2025,010576603,1,9,0,4,4,7,3,0,0,1,0,0,0,0,2,1,2,2,1,62,9,-1,-1,-1,-1,6,E01002844,0,2
2025010576604,2025,010576604,1,5,0,13,13,5,1,0,0,1,0,0,0,0,4,1,2,2,1,50,8,-1,-1,-1,-1,9,E01030389,0,3
2025010576604,2025,010576604,2,9,0,9,9,1,6,0,0,1,0,0,0,0,3,1,6,6,1,40,7,-1,-1,-1,-1,2,E01034043,0,1
2025010576605,2025,010576605,1,9,0,9,9,6,4,0,0,2,0,0,0,0,1,1,5,6,1,59,9,-1,-1,-1,-1,8,E01000703,0,1
2025010576610,2025,010576610,1,9,0,11,11,7,3,0,0,0,0,0,0,0,3,1,5,6,1,38,7,-1,-1,-1,-1,2,E01000102,0,2
2025010576610,2025,010576610,2,5,0,18,19,7,3,0,0,0,5,0,0,0,3,1,5,6,1,47,8,-1,-1,-1,-1,3,E01000046,0,1
2025010576612,2025,010576612,1,3,0,18,19,3,7,0,0,8,0,0,0,0,4,1,5,6,1,48,8,-1,-1,-1,-1,4,E01004296,0,2
2025010576612,2025,010576612,2,9,0,9,9,5,3,0,0,8,0,0,0,0,1,1,1,1,1,43,7,-1,-1,-1,-1,1,E01014118,0,5
2025010576613,2025,010576613,2,1,0,18,19,7,3,0,0,1,1,0,0,0,1,1,6,6,1,35,6,-1,-1,-1,-1,6,E01001295,0,1
2025010576613,2025,010576613,1,9,0,9,9,1,7,0,0,8,0,0,0,0,1,1,5,6,1,24,5,-1,-1,-1,-1,2,E01001219,0,1
2025010576617,2025,010576617,1,1,9,99,99,9,9,4,4,1,9,99,9,99,9,1,2,2,1,29,6,-1,-1,-1,-1,3,E01002906,0,1
2025010576617,2025,010576617,2,8,0,99,99,9,9,99,99,5,9,99,9,99,9,9,6,6,3,-1,-1,-1,-1,-1,-1,2,E01000951,0,1
2025010576619,2025,010576619,2,9,0,99,99,9,9,99,99,9,9,99,9,99,1,9,6,6,3,-1,-1,-1,-1,-1,-1,-1,-1,0,-1
2025010576619,2025,010576619,1,8,0,99,99,9,9,99,99,9,9,99,9,99,2,9,1,1,1,57,9,-1,-1,-1,-1,3,E01002638,0,3
2025010576623,2025,010576623,2,1,0,5,5,3,7,0,0,2,1,0,3,0,1,1,5,6,1,13,3,-1,-1,-1,-1,2,E01001786,0,1
2025010576623,2025,010576623,1,9,0,5,5,5,1,0,0,6,0,0,0,0,1,2,2,2,1,60,9,-1,-1,-1,-1,-1,-1,0,-1
2025010576625,2025,010576625,1,9,0,17,19,2,6,0,0,2,1,0,0,0,1,1,6,6,1,20,4,-1,-1,-1,-1,6,E01000140,0,1
2025010576625,2025,010576625,2,9,0,16,19,6,2,0,0,1,0,0,0,0,1,1,6,6,2,63,9,-1,-1,-1,-1,-1,-1,0,-1
2025010576627,2025,010576627,1,9,0,7,7,5,7,0,0,6,0,0,0,0,1,1,5,6,2,51,8,-1,-1,-1,-1,2,E01002097,0,2
2025010576627,2025,010576627,2,3,0,18,19,3,7,0,0,1,0,0,0,0,1,1,1,1,1,26,6,-1,-1,-1,-1,6,E01001451,0,1
2025010576630,2025,010576630,2,9,0,99,99,9,9,99,99,9,9,99,9,99,9,9,6,6,3,-1,-1,-1,-1,-1,-1,-1,-1,0,-1
2025010576630,2025,010576630,1,1,9,99,99,9,9,99,99,9,9,99,9,99,1,1,2,2,1,32,6,-1,-1,-1,-1,2,E01003176,0,2
2025010576631,2025,010576631,1,1,9,99,99,9,9,99,99,9,9,99,9,99,9,1,6,6,3,52,8,-1,-1,-1,-1,3,E01002046,0,1
2025010576631,2025,010576631,2,9,0,99,99,9,9,99,99,9,9,99,9,99,1,9,6,6,2,39,7,-1,-1,-1,-1,8,E01001398,0,2
2025010576632,2025,010576632,1,9,0,99,99,9,9,99,99,9,9,99,9,99,9,9,6,6,3,-1,-1,-1,-1,-1,-1,-1,-1,0,-1
2025010576634,2025,010576634,1,9,9,18,19,1,5,99,99,0,9,99,9,99,9,9,5,6,1,36,7,-1,-1,-1,-1,5,E01030587,0,4
2025010576634,2025,010576634,2,9,9,99,99,9,9,99,99,0,9,99,9,99,9,9,6,6,3,-1,-1,-1,-1,-1,-1,-1,-1,0,-1
2025010576641,2025,010576641,1,3,3,18,19,3,7,0,0,1,0,0,0,0,1,1,5,6,1,28,6,-1,-1,-1,-1,2,E01001161,0,2
2025010576641,2025,010576641,2,9,0,9,9,1,6,0,0,6,0,0,0,0,1,1,5,6,2,55,8,-1,-1,-1,-1,5,E01003276,0,3
2025010576643,2025,010576643,1,1,0,16,19,3,7,0,0,0,0,0,0,0,3,1,5,6,1,13,3,-1,-1,-1,-1,1,E01001846,0,1
2025010576644,2025,010576644,1,9,0,18,19,3,7,0,0,1,0,0,0,0,1,1,6,6,1,23,5,-1,-1,-1,-1,5,E01021263,0,4
2025010576644,2025,010576644,2,1,0,18,19,1,5,0,0,1,0,0,0,0,1,1,6,6,1,15,3,-1,-1,-1,-1,1,E01001790,0,1
2025010576648,2025,010576648,1,9,0,10,10,4,1,0,0,1,0,0,0,0,0,1,6,6,1,64,9,-1,-1,-1,-1,2,E01032565,0,1
2025010576648,2025,010576648,2,3,0,18,19,5,1,0,0,1,0,0,0,0,1,1,1,1,1,32,6,-1,-1,-1,-1,5,E01000799,0,1
2025010576651,2025,010576651,1,9,0,5,5,1,5,0,0,0,0,11,0,0,3,1,6,6,1,43,7,-1,-1,-1,-1,-1,-1,0,-1
2025010576651,2025,010576651,2,1,0,5,5,1,5,0,0,0,0,2,1,0,3,1,6,6,1,58,9,-1,-1,-1,-1,2,E01003046,0,1
2025010576652,2025,010576652,2,1,0,18,19,5,1,0,0,4,0,0,0,0,4,1,5,6,1,47,8,-1,-1,-1,-1,3,E01003980,0,3
2025010576652,2025,010576652,1,9,0,18,19,3,7,0,0,4,0,0,0,0,3,1,1,1,1,33,6,-1,-1,-1,-1,2,E01000151,0,1
2025010576653,2025,010576653,2,9,0,99,99,9,9,99,99,9,9,99,9,99,2,9,6,6,3,-1,-1,-1,-1,-1,-1,-1,-1,0,-1
2025010576653,2025,010576653,1,8,0,99,99,9,9,99,99,9,9,99,9,99,2,9,1,1,1,67,10,-1,-1,-1,-1,3,E01001744,0,1
2025010576655,2025,010576655,1,5,0,18,19,7,3,0,0,0,5,11,0,0,3,1,2,2,1,57,9,-1,-1,-1,-1,7,E01024515,0,4
2025010576656,2025,010576656,1,3,0,18,19,7,3,0,0,0,0,0,0,0,1,1,5,6,1,18,4,-1,-1,-1,-1,4,E01003767,0,1
2025010576656,2025,010576656,2,9,0,6,6,7,7,0,0,0,0,0,0,0,1,1,6,6,3,-1,-1,-1,-1,-1,-1,-1,-1,0,-1
2025010576657,2025,010576657,1,9,0,18,19,3,7,0,0,3,0,7,0,0,1,1,5,6,2,38,7,-1,-1,-1,-1,2,E01001878,0,1
2025010576662,2025,010576662,1,9,0,18,19,1,5,6,6,2,0,0,0,0,1,1,3,7,2,27,6,-1,-1,-1,-1,4,E01002592,0,1
2025010576663,2025,010576663,2,9,9,99,99,9,9,99,99,9,9,99,9,99,9,9,6,6,1,73,10,-1,-1,-1,-1,9,E01003810,0,1
2025010576663,2025,010576663,1,1,9,99,99,9,9,99,99,9,9,99,9,99,9,1,5,6,1,21,5,-1,-1,-1,-1,8,E01003815,0,1
2025010576667,2025,010576667,1,8,0,14,14,6,2,0,0,1,0,0,0,0,1,1,6,6,3,-1,-1,-1,-1,-1,-1,-1,-1,0,-1
2025010576668,2025,010576668,2,1,0,18,19,5,1,0,0,8,0,0,0,0,3,1,1,1,1,30,6,-1,-1,-1,-1,5,E01000554,0,1
2025010576668,2025,010576668,1,9,0,9,9,5,3,0,0,5,0,0,0,0,1,1,1,1,1,61,9,-1,-1,-1,-1,-1,-1,0,-1
2025010576672,2025,010576672,1,3,0,18,19,1,5,0,0,2,0,0,0,0,4,1,1,1,1,24,5,-1,-1,-1,-1,-1,-1,0,-1
2025010576672,2025,010576672,2,3,0,18,19,1,5,0,0,2,0,0,0,0,4,1,6,6,3,-1,-1,-1,-1,-1,-1,-1,-1,0,-1
2025010576673,2025,010576673,2,9,0,99,99,9,9,99,99,9,9,99,9,99,1,9,6,6,3,-1,-1,-1,-1,-1,-1,-1,-1,0,-1
2025010576673,2025,010576673,1,1,9,99,99,9,9,99,99,9,9,99,9,99,9,1,2,2,2,30,6,-1,-1,-1,-1,1,E01001847,0,2
2025010576674,2025,010576674,1,8,0,99,99,9,9,99,99,9,9,99,9,99,2,9,5,6,1,38,7,-1,-1,-1,-1,3,E01004567,0,2
2025010576674,2025,010576674,2,9,0,99,99,9,9,99,99,9,9,99,9,99,1,9,6,6,3,-1,-1,-1,-1,-1,-1,2,E01024599,0,4
2025010576675,2025,010576675,1,9,0,18,19,5,1,0,0,1,0,0,0,0,1,1,6,6,1,40,7,-1,-1,-1,-1,1,E01002034,0,2
2025010576675,2025,010576675,2,9,0,9,9,1,6,0,0,1,0,0,0,0,1,1,6,6,1,22,5,-1,-1,-1,-1,1,E01001425,0,1
2025010576681,2025,010576681,1,19,0,4,4,7,3,0,0,0,0,0,0,0,0,1,1,1,1,30,6,-1,-1,-1,-1,5,E01000330,0,1
2025010576682,2025,010576682,1,9,0,12,12,3,7,0,0,0,0,0,0,0,1,1,5,6,1,30,6,-1,-1,-1,-1,3,E01000062,0,2
2025010576682,2025,010576682,2,9,0,18,19,3,7,0,0,0,1,0,0,0,2,1,6,6,1,28,6,-1,-1,-1,-1,2,E01001395,0,4
2025010576683,2025,010576683,2,-1,0,18,19,5,1,0,0,1,0,0,0,0,1,1,6,6,1,27,6,-1,-1,-1,-1,8,E01033580,1,1
2025010576683,2025,010576683,1,9,0,18,19,1,5,0,0,8,0,0,0,0,1,1,6,6,3,-1,-1,-1,-1,-1,-1,-1,-1,0,-1
2025010576686,2025,010576686,2,9,0,18,19,1,5,0,0,8,0,0,0,0,1,1,5,6,1,28,6,-1,-1,-1,-1,3,E01004455,0,1
2025010576686,2025,010576686,1,9,0,18,19,5,1,0,0,8,0,0,0,0,1,1,5,6,2,39,7,-1,-1,-1,-1,4,E01004355,0,1
2025010576687,2025,010576687,1,19,0,18,19,7,3,0,0,8,0,0,0,0,4,1,6,6,3,-1,-1,-1,-1,-1,-1,-1,-1,0,-1