collision_index,collision_year,collision_ref_no,vehicle_reference,vehicle_type,towing_and_articulation,vehicle_manoeuvre_historic,vehicle_manoeuvre,vehicle_direction_from,vehicle_direction_to,vehicle_location_restricted_lane_historic,vehicle_location_restricted_lane,junction_location,skidding_and_overturning,hit_object_in_carriageway,vehicle_leaving_carriageway,hit_object_off_carriageway,first_point_of_impact,vehicle_left_hand_drive,journey_purpose_of_driver_historic,journey_purpose_of_driver,sex_of_driver,age_of_driver,age_band_of_driver,engine_capacity_cc,propulsion_code,age_of_vehicle,generic_make_model,driver_imd_decile,lsoa_of_driver,escooter_flag,driver_distance_banding
2025010576692,2025,010576692,1,1,9,99,99,9,9,99,99,9,9,99,9,99,9,1,2,2,1,31,6,-1,-1,-1,-1,3,E01017568,0,4
2025010576693,2025,010576693,2,9,0,18,19,1,5,0,0,1,0,0,0,0,1,1,6,6,3,-1,-1,-1,-1,-1,-1,-1,-1,0,-1
2025010576693,2025,010576693,1,-1,9,99,99,9,9,99,99,9,9,99,9,99,9,1,5,6,1,36,7,-1,-1,-1,-1,9,E01018384,1,5
2025010576694,2025,010576694,2,9,0,9,9,5,3,0,0,8,0,0,0,0,1,1,6,6,1,21,5,-1,-1,-1,-1,4,E01002058,0,1
2025010576694,2025,010576694,1,9,0,18,19,1,5,0,0,8,0,0,0,0,1,1,5,6,1,54,8,-1,-1,-1,-1,8,E01023312,0,3
2025010576695,2025,010576695,1,1,0,18,19,7,3,0,0,8,0,0,0,0,0,1,6,6,3,25,5,-1,-1,-1,-1,-1,-1,0,-1
2025010576696,2025,010576696,2,19,0,99,99,9,9,99,99,9,9,99,9,99,1,9,6,6,2,-1,-1,-1,-1,-1,-1,-1,-1,0,-1
2025010576696,2025,010576696,1,1,9,99,99,9,9,99,99,9,9,99,9,99,1,1,2,2,1,48,8,-1,-1,-1,-1,8,E01003817,0,2
2025010576703,2025,010576703,1,8,0,5,5,3,7,99,99,1,9,11,9,99,1,9,6,6,3,-1,-1,-1,-1,-1,-1,-1,-1,0,-1
2025010576704,2025,010576704,1,19,0,99,99,9,9,99,99,9,9,99,9,99,2,9,1,1,1,44,7,-1,-1,-1,-1,2,E01001911,0,1
2025010576704,2025,010576704,2,19,0,99,99,9,9,99,99,9,9,99,9,99,1,9,6,6,3,-1,-1,-1,-1,-1,-1,-1,-1,0,-1
2025010576707,2025,010576707,2,9,0,99,99,9,9,99,99,6,9,99,9,99,1,9,6,6,2,55,8,-1,-1,-1,-1,3,E01002603,0,2
2025010576707,2025,010576707,1,1,9,99,99,9,9,99,99,2,9,99,9,99,2,1,2,2,1,47,8,-1,-1,-1,-1,3,E01002649,0,1
2025010576708,2025,010576708,1,9,0,5,5,1,5,0,0,0,0,0,0,0,1,1,5,6,1,22,5,-1,-1,-1,-1,10,E01023949,0,1
2025010576709,2025,010576709,1,1,9,99,99,9,9,99,99,9,9,99,9,99,9,1,2,2,1,56,9,-1,-1,-1,-1,9,E01022859,0,4
2025010576709,2025,010576709,2,9,0,99,99,9,9,99,99,9,9,99,9,99,1,9,6,6,3,-1,-1,-1,-1,-1,-1,-1,-1,0,-1
2025010576715,2025,010576715,2,9,0,99,99,9,9,99,99,1,0,99,9,99,9,1,6,6,2,45,7,-1,-1,-1,-1,-1,-1,0,-1
2025010576715,2025,010576715,1,3,0,99,99,9,9,99,99,9,9,99,9,99,1,1,5,6,1,37,7,-1,-1,-1,-1,2,E01028520,0,4
2025010576717,2025,010576717,1,1,9,99,99,9,9,99,99,9,9,99,9,99,9,1,2,2,1,38,7,-1,-1,-1,-1,4,E01032764,0,1
2025010576717,2025,010576717,2,8,0,99,99,9,9,99,99,9,9,99,9,99,1,9,6,6,3,-1,-1,-1,-1,-1,-1,-1,-1,0,-1
2025010576718,2025,010576718,2,9,0,99,99,9,9,99,99,9,9,99,9,99,1,9,6,6,3,-1,-1,-1,-1,-1,-1,-1,-1,0,-1
2025010576718,2025,010576718,1,9,0,99,99,9,9,99,99,9,9,99,9,99,2,9,2,2,2,49,8,-1,-1,-1,-1,9,E01002539,0,2
2025010576721,2025,010576721,2,9,0,9,9,1,7,2,2,5,0,0,0,0,4,1,5,6,1,25,5,-1,-1,-1,-1,4,E01003018,0,1
2025010576721,2025,010576721,1,3,0,18,19,5,1,2,2,8,5,0,0,0,1,1,6,6,1,41,7,-1,-1,-1,-1,3,E01001116,0,2
2025010576724,2025,010576724,2,9,0,99,99,9,9,99,99,9,9,99,9,99,9,9,6,6,3,28,6,-1,-1,-1,-1,-1,-1,0,-1
2025010576724,2025,010576724,1,1,9,99,99,9,9,99,99,9,9,99,9,99,9,1,2,2,1,33,6,-1,-1,-1,-1,8,E01033728,0,3
2025010576726,2025,010576726,3,9,0,2,2,0,0,0,0,2,0,0,0,0,4,1,6,6,3,-1,-1,-1,-1,-1,-1,-1,-1,0,-1
2025010576726,2025,010576726,2,9,0,2,2,0,0,0,0,2,0,0,0,0,3,1,6,6,3,-1,-1,-1,-1,-1,-1,-1,-1,0,-1
2025010576726,2025,010576726,1,9,0,9,9,2,8,0,0,2,5,0,0,0,1,1,5,6,1,18,4,-1,-1,-1,-1,5,E01003740,0,1
2025010576729,2025,010576729,1,19,0,4,4,5,1,9,9,7,0,10,0,0,1,1,1,1,1,44,7,-1,-1,-1,-1,2,E01004301,0,1
2025010576735,2025,010576735,2,9,0,99,99,9,9,99,99,9,9,99,9,99,1,9,6,6,1,29,6,-1,-1,-1,-1,7,E01002268,0,2
2025010576735,2025,010576735,1,9,0,99,99,9,9,99,99,9,9,99,9,99,2,9,5,6,1,34,6,-1,-1,-1,-1,5,E01003661,0,1
2025010576736,2025,010576736,1,1,9,99,99,9,9,99,99,9,9,99,9,99,1,1,2,2,1,24,5,-1,-1,-1,-1,4,E01034029,0,1
2025010576736,2025,010576736,2,9,0,99,99,9,9,99,99,9,9,99,9,99,9,9,6,6,3,-1,-1,-1,-1,-1,-1,-1,-1,0,-1
2025010576746,2025,010576746,1,11,0,18,19,5,1,0,0,1,0,0,0,0,0,1,1,1,1,61,9,-1,-1,-1,-1,3,E01003950,0,2
2025010576746,2025,010576746,2,1,0,7,7,5,8,0,0,1,0,0,0,0,0,1,6,6,2,-1,-1,-1,-1,-1,-1,-1,-1,0,-1
2025010576747,2025,010576747,1,9,0,99,99,9,9,99,99,9,9,99,9,99,9,9,6,6,3,-1,-1,-1,-1,-1,-1,-1,-1,0,-1
2025010576752,2025,010576752,1,1,9,99,99,9,9,99,99,9,9,99,9,99,0,1,2,2,1,60,9,-1,-1,-1,-1,2,E01004464,0,1
2025010576752,2025,010576752,2,19,0,99,99,9,9,99,99,9,9,99,9,99,0,9,6,6,3,-1,-1,-1,-1,-1,-1,-1,-1,0,-1
2025010576755,2025,010576755,1,9,9,99,99,9,9,99,99,4,9,0,0,0,4,9,6,6,2,43,7,-1,-1,-1,-1,3,E01003251,0,1
2025010576755,2025,010576755,2,1,9,18,19,5,1,5,5,9,9,0,0,99,4,1,6,6,1,29,6,-1,-1,-1,-1,8,E01033736,0,2
2025010576756,2025,010576756,1,9,0,5,5,0,3,0,0,3,0,0,0,0,1,2,2,2,2,25,5,-1,-1,-1,-1,4,E01002808,0,1
2025010576761,2025,010576761,2,5,0,18,19,3,7,0,0,8,0,0,0,0,1,1,2,2,1,52,8,-1,-1,-1,-1,3,E01004237,0,1
2025010576761,2025,010576761,1,9,0,9,9,3,1,0,0,5,0,0,0,0,4,1,2,2,1,32,6,-1,-1,-1,-1,4,E01002796,0,1
2025010576766,2025,010576766,1,9,0,18,19,3,7,0,0,1,0,0,0,0,1,1,5,6,2,33,6,-1,-1,-1,-1,4,E01001481,0,1
2025010576767,2025,010576767,2,11,0,99,99,9,9,0,0,1,0,0,0,0,1,1,6,6,1,-1,-1,-1,-1,-1,-1,-1,-1,0,-1
2025010576767,2025,010576767,1,1,9,99,99,9,9,99,99,9,9,99,9,99,1,1,1,1,3,22,5,-1,-1,-1,-1,4,E01003210,0,1
2025010576768,2025,010576768,1,8,9,99,99,9,9,99,99,9,9,99,9,99,9,9,6,6,3,-1,-1,-1,-1,-1,-1,-1,-1,0,-1
2025010576777,2025,010576777,3,9,0,18,19,4,8,0,0,0,0,0,0,0,0,1,1,1,1,43,7,-1,-1,-1,-1,7,E01032767,0,2
2025010576777,2025,010576777,1,9,0,18,19,4,8,0,0,0,0,4,0,0,1,1,6,6,1,36,7,-1,-1,-1,-1,2,E01001464,0,1
2025010576777,2025,010576777,2,9,0,2,2,0,0,0,0,0,0,0,1,4,2,1,6,6,3,-1,-1,-1,-1,-1,-1,-1,-1,0,-1
2025010576778,2025,010576778,2,9,0,99,99,9,9,99,99,0,9,99,9,99,2,9,6,6,3,-1,-1,-1,-1,-1,-1,-1,-1,0,-1
2025010576778,2025,010576778,1,1,9,99,99,9,9,99,99,0,9,99,9,99,1,1,5,6,2,24,5,-1,-1,-1,-1,6,E01001237,0,1
2025010576785,2025,010576785,1,1,9,99,99,9,9,99,99,9,9,99,9,99,9,1,1,1,1,29,6,-1,-1,-1,-1,3,E01002766,0,1
2025010576785,2025,010576785,2,9,0,99,99,9,9,99,99,9,9,99,9,99,1,9,6,6,3,-1,-1,-1,-1,-1,-1,-1,-1,0,-1
2025010576791,2025,010576791,1,9,0,99,99,9,9,99,99,0,9,99,9,99,2,9,5,6,1,45,7,-1,-1,-1,-1,3,E01001488,0,1
2025010576791,2025,010576791,2,9,0,99,99,9,9,99,99,0,9,99,9,99,1,9,6,6,3,-1,-1,-1,-1,-1,-1,-1,-1,0,-1
2025010576793,2025,010576793,1,5,0,99,99,9,9,99,99,9,9,99,9,99,2,1,5,6,1,52,8,-1,-1,-1,-1,4,E01030750,0,2
2025010576793,2025,010576793,2,9,0,99,99,9,9,99,99,9,9,99,9,99,1,9,6,6,1,63,9,-1,-1,-1,-1,3,E01004445,0,4
2025010576800,2025,010576800,1,1,9,99,99,9,9,99,99,9,9,99,9,99,1,1,2,2,1,31,6,-1,-1,-1,-1,3,E01033946,0,2
2025010576800,2025,010576800,2,1,9,99,99,9,9,99,99,9,9,99,9,99,9,1,6,6,3,-1,-1,-1,-1,-1,-1,-1,-1,0,-1
2025010576801,2025,010576801,1,9,0,99,99,9,9,99,99,9,9,99,9,99,9,9,5,6,1,73,10,-1,-1,-1,-1,6,E01002628,0,1
2025010576801,2025,010576801,2,9,0,99,99,9,9,99,99,9,9,99,9,99,9,9,6,6,3,-1,-1,-1,-1,-1,-1,-1,-1,0,-1
2025010576802,2025,010576802,3,9,0,2,2,0,0,0,0,0,0,4,0,0,2,1,6,6,3,-1,-1,-1,-1,-1,-1,-1,-1,0,-1
2025010576802,2025,010576802,1,9,0,6,6,1,1,0,0,0,0,4,0,0,1,1,6,6,1,56,9,-1,-1,-1,-1,8,E01022060,0,4
2025010576802,2025,010576802,2,9,0,2,2,0,0,0,0,0,0,4,0,0,2,1,6,6,3,-1,-1,-1,-1,-1,-1,-1,-1,0,-1
2025010576803,2025,010576803,1,9,0,1,1,3,7,9,9,6,0,0,0,0,2,1,6,6,1,35,6,-1,-1,-1,-1,5,E01034293,0,4
2025010576806,2025,010576806,1,9,0,7,7,5,8,0,0,3,0,0,0,0,1,1,2,2,2,63,9,-1,-1,-1,-1,5,E01001418,0,3
2025010576806,2025,010576806,2,1,0,5,5,5,1,0,0,3,1,0,0,0,4,1,5,6,1,19,4,-1,-1,-1,-1,1,E01002039,0,2
2025010576807,2025,010576807,2,9,0,99,99,9,9,99,99,9,9,99,9,99,9,9,6,6,3,-1,-1,-1,-1,-1,-1,-1,-1,0,-1
2025010576807,2025,010576807,1,9,0,99,99,9,9,99,99,9,9,99,9,99,9,9,5,6,2,22,5,-1,-1,-1,-1,3,E01001362,0,1
2025010576809,2025,010576809,1,11,9,18,19,1,5,99,99,0,9,99,9,99,9,1,6,6,1,77,11,-1,-1,-1,-1,5,E01002626,0,2
2025010576812,2025,010576812,1,8,0,3,3,5,1,0,0,1,0,0,0,0,2,1,5,6,1,48,8,-1,-1,-1,-1,-1,-1,0,-1
2025010576812,2025,010576812,2,9,0,18,19,5,1,0,0,8,0,0,0,0,1,1,5,6,1,54,8,-1,-1,-1,-1,-1,-1,0,-1
2025010576815,2025,010576815,1,3,0,9,9,3,1,7,6,2,2,0,0,0,1,1,5,6,1,19,4,-1,-1,-1,-1,5,E01002913,0,1
2025010576815,2025,010576815,2,9,0,18,19,1,5,0,0,1,0,0,0,0,1,1,5,6,1,26,6,-1,-1,-1,-1,3,E01000876,0,2
2025010576827,2025,010576827,1,1,9,99,99,9,9,9,9,9,9,99,9,99,1,1,6,6,3,-1,-1,-1,-1,-1,-1,-1,-1,0,-1
2025010576833,2025,010576833,1,9,0,18,19,7,3,0,0,8,0,0,0,0,4,1,6,6,3,-1,-1,-1,-1,-1,-1,-1,-1,0,-1
2025010576834,2025,010576834,2,9,0,99,99,9,9,99,99,9,9,99,9,99,1,9,6,6,3,-1,-1,-1,-1,-1,-1,-1,-1,0,-1
2025010576834,2025,010576834,1,8,0,99,99,9,9,99,99,9,9,99,9,99,2,9,1,1,1,37,7,-1,-1,-1,-1,3,E01034139,0,3
2025010576835,2025,010576835,2,9,0,2,2,0,0,6,6,2,0,0,0,0,2,1,6,6,3,-1,-1,-1,-1,-1,-1,-1,-1,0,-1
2025010576835,2025,010576835,1,9,0,7,7,5,7,0,0,2,0,4,1,0,2,1,6,6,1,48,8,-1,-1,-1,-1,6,E01003843,0,1
2025010576835,2025,010576835,3,9,0,2,2,0,0,6,6,2,0,0,0,0,1,1,6,6,3,-1,-1,-1,-1,-1,-1,-1,-1,0,-1
2025010576840,2025,010576840,6,9,0,2,2,0,0,0,0,0,0,0,0,0,1,1,6,6,3,-1,-1,-1,-1,-1,-1,-1,-1,0,-1
2025010576840,2025,010576840,1,9,0,18,19,1,5,0,0,0,0,4,0,0,1,1,5,6,1,19,4,-1,-1,-1,-1,2,E01004420,0,2
2025010576840,2025,010576840,5,9,0,2,2,0,0,0,0,0,0,0,0,0,4,1,6,6,3,-1,-1,-1,-1,-1,-1,-1,-1,0,-1
2025010576840,2025,010576840,4,9,0,2,2,0,0,0,0,0,0,0,0,0,2,1,6,6,3,-1,-1,-1,-1,-1,-1,-1,-1,0,-1
2025010576840,2025,010576840,3,9,0,2,2,0,0,0,0,0,0,0,0,0,2,1,6,6,3,-1,-1,-1,-1,-1,-1,-1,-1,0,-1
2025010576840,2025,010576840,2,9,0,2,2,0,0,0,0,0,0,0,0,0,4,1,6,6,3,-1,-1,-1,-1,-1,-1,-1,-1,0,-1
2025010576842,2025,010576842,2,9,0,2,2,0,0,9,9,0,0,0,0,0,4,1,6,6,3,-1,-1,-1,-1,-1,-1,-1,-1,0,-1
2025010576842,2025,010576842,1,9,0,18,19,5,1,0,0,0,2,4,0,0,1,1,6,6,1,38,7,-1,-1,-1,-1,2,E01000018,0,1
2025010576843,2025,010576843,1,9,0,9,9,7,5,0,0,6,0,0,0,0,1,1,6,6,3,-1,-1,-1,-1,-1,-1,-1,-1,0,-1
2025010576847,2025,010576847,2,19,0,18,19,1,5,0,0,0,0,0,0,0,2,1,2,2,3,44,7,-1,-1,-1,-1,3,E01001629,0,3
2025010576847,2025,010576847,1,3,0,15,15,1,5,0,0,0,0,4,0,0,1,1,2,2,1,54,8,-1,-1,-1,-1,-1,-1,0,-1
2025010576848,2025,010576848,2,1,0,18,19,1,5,0,0,0,0,0,0,0,2,1,1,1,2,30,6,-1,-1,-1,-1,3,E01001188,0,2
2025010576848,2025,010576848,1,9,0,18,19,1,5,0,0,0,0,0,0,0,1,1,6,6,3,-1,-1,-1,-1,-1,-1,-1,-1,0,-1
2025010576852,2025,010576852,1,9,0,18,19,1,5,0,0,1,0,4,0,0,1,1,5,6,1,32,6,-1,-1,-1,-1,-1,-1,0,-1
2025010576852,2025,010576852,2,9,0,3,3,1,5,0,0,8,0,0,0,0,1,1,1,1,1,49,8,-1,-1,-1,-1,-1,-1,0,-1
2025010576854,2025,010576854,2,9,0,13,13,3,7,0,0,8,0,0,0,0,1,1,6,6,3,-1,-1,-1,-1,-1,-1,-1,-1,0,-1
2025010576854,2025,010576854,1,9,0,5,5,5,1,0,0,8,0,0,1,0,3,1,1,1,1,46,8,-1,-1,-1,-1,2,E01015749,0,4
2025010576857,2025,010576857,1,1,0,18,19,5,1,0,0,1,0,0,0,0,4,1,2,2,1,56,9,-1,-1,-1,-1,3,E01001759,0,1
2025010576857,2025,010576857,2,9,0,18,19,7,3,0,0,1,0,0,0,0,1,1,6,6,1,39,7,-1,-1,-1,-1,3,E01035678,0,1
2025010576858,2025,010576858,2,9,0,16,19,1,5,0,0,0,0,0,0,0,1,1,5,6,1,45,7,-1,-1,-1,-1,7,E01033463,0,1
2025010576858,2025,010576858,1,11,0,17,19,5,3,0,0,0,0,0,0,0,1,1,1,1,1,61,9,-1,-1,-1,-1,4,E01000497,0,1
2025010576863,2025,010576863,1,9,0,18,19,3,7,0,0,0,0,0,1,1,1,1,5,6,1,48,8,-1,-1,-1,-1,-1,-1,0,-1
2025010576863,2025,010576863,2,9,0,18,19,3,7,0,0,0,0,0,0,0,2,1,5,6,1,41,7,-1,-1,-1,-1,9,E01021446,0,2
2025010576868,2025,010576868,1,11,0,18,19,3,7,0,0,1,0,0,0,0,0,1,1,1,1,48,8,-1,-1,-1,-1,3,E01003579,0,2
2025010576879,2025,010576879,2,19,0,11,11,3,7,0,0,4,0,0,0,0,4,1,2,2,2,39,7,-1,-1,-1,-1,5,E01004391,0,1
2025010576879,2025,010576879,1,3,0,18,19,1,5,0,0,4,0,0,0,0,4,1,5,6,1,21,5,-1,-1,-1,-1,4,E01003568,0,1
2025010576880,2025,010576880,1,9,0,4,4,3,7,7,6,1,0,0,0,0,1,1,5,6,2,34,6,-1,-1,-1,-1,3,E01000622,0,1
2025010576888,2025,010576888,1,9,0,5,5,4,8,9,9,8,5,11,7,5,1,1,6,6,2,24,5,-1,-1,-1,-1,7,E01002181,0,3
2025010576889,2025,010576889,1,9,0,5,5,2,6,0,0,2,0,0,0,0,1,1,5,6,1,35,6,-1,-1,-1,-1,3,E01003580,0,1
2025010576891,2025,010576891,2,9,0,18,19,3,7,0,0,0,0,0,0,0,3,1,6,6,1,63,9,-1,-1,-1,-1,3,E01004400,0,1
2025010576891,2025,010576891,3,9,0,18,19,3,7,0,0,0,0,0,0,0,2,1,6,6,2,39,7,-1,-1,-1,-1,10,E01023502,0,4
2025010576891,2025,010576891,1,19,0,18,19,3,7,0,0,0,0,0,0,0,1,1,6,6,1,39,7,-1,-1,-1,-1,2,E01034487,0,1
2025010576895,2025,010576895,1,11,0,4,4,1,5,0,0,2,0,0,0,0,0,1,1,1,1,58,9,-1,-1,-1,-1,4,E01000621,0,1
2025010576896,2025,010576896,1,9,0,9,9,4,2,0,0,8,0,0,0,0,1,1,6,6,1,48,8,-1,-1,-1,-1,2,E01034173,0,1
2025010576896,2025,010576896,2,23,0,18,19,2,6,0,0,8,0,0,0,0,1,1,6,6,1,27,6,-1,-1,-1,-1,6,E01001573,0,1
2025010576898,2025,010576898,1,9,0,18,19,3,7,0,0,0,0,0,0,0,1,1,6,6,1,38,7,-1,-1,-1,-1,2,E01001977,0,3
2025010576898,2025,010576898,2,11,0,18,19,7,3,0,0,0,0,0,0,0,3,1,1,1,1,28,6,-1,-1,-1,-1,3,E01004271,0,2
2025010576905,2025,010576905,1,1,0,18,19,1,5,0,0,8,0,0,0,0,1,1,6,6,3,35,6,-1,-1,-1,-1,-1,-1,0,-1
2025010576907,2025,010576907,2,9,0,99,99,9,9,99,99,0,9,99,9,99,9,9,6,6,3,-1,-1,-1,-1,-1,-1,-1,-1,0,-1
2025010576907,2025,010576907,1,1,9,99,99,9,9,99,99,0,9,99,9,99,2,1,5,6,1,40,7,-1,-1,-1,-1,3,E01003589,0,3
2025010576908,2025,010576908,1,19,0,99,99,9,9,99,99,9,9,99,9,99,9,9,6,6,1,23,5,-1,-1,-1,-1,2,E01004311,0,1
2025010576911,2025,010576911,1,9,0,9,9,2,7,0,0,1,0,0,0,0,1,1,2,2,1,40,7,-1,-1,-1,-1,8,E01002495,0,2
2025010576911,2025,010576911,2,3,0,18,19,6,2,0,0,8,0,0,0,0,1,1,6,6,1,53,8,-1,-1,-1,-1,8,E01002238,0,1
2025010576916,2025,010576916,2,9,0,18,19,3,7,0,0,8,0,0,0,0,0,1,6,6,1,37,7,-1,-1,-1,-1,8,E01003674,0,3
2025010576916,2025,010576916,1,9,0,3,3,3,7,0,0,8,0,0,0,0,0,1,5,6,1,42,7,-1,-1,-1,-1,3,E01002325,0,1
2025010576921,2025,010576921,2,9,0,9,9,7,4,0,0,1,0,0,0,0,0,1,5,6,1,19,4,-1,-1,-1,-1,9,E01000773,0,1
2025010576921,2025,010576921,1,3,0,9,9,7,4,0,0,1,0,0,0,0,1,1,5,6,2,21,5,-1,-1,-1,-1,2,E01000627,0,4
2025010576922,2025,010576922,2,9,0,99,99,9,9,99,99,9,9,99,9,99,9,9,6,6,3,-1,-1,-1,-1,-1,-1,2,E01003995,0,1
2025010576922,2025,010576922,1,1,9,99,99,9,9,99,99,9,9,99,9,99,1,1,2,2,2,38,7,-1,-1,-1,-1,2,E01001786,0,2
2025010576927,2025,010576927,1,90,0,99,99,9,9,99,99,9,9,99,9,99,1,9,6,6,3,-1,-1,-1,-1,-1,-1,-1,-1,0,-1
2025010576928,2025,010576928,2,11,0,99,99,9,9,0,0,0,0,0,0,0,9,1,6,6,3,-1,-1,-1,-1,-1,-1,-1,-1,0,-1
2025010576928,2025,010576928,1,1,0,99,99,9,9,0,0,0,0,0,0,0,9,1,5,6,1,57,9,-1,-1,-1,-1,9,E01003877,0,1
2025010576930,2025,010576930,1,9,0,1,1,5,1,0,0,0,0,0,0,0,2,1,5,6,1,62,9,-1,-1,-1,-1,-1,-1,0,-1
2025010576931,2025,010576931,1,9,0,18,19,6,2,0,0,8,1,0,0,0,1,1,5,6,2,52,8,-1,-1,-1,-1,8,E01000256,0,1
2025010576932,2025,010576932,1,9,0,9,9,7,4,0,0,1,0,0,0,0,4,1,5,6,2,55,8,-1,-1,-1,-1,5,E01000609,0,1
2025010576934,2025,010576934,2,9,0,18,19,5,1,0,0,1,0,0,0,0,1,1,6,6,3,-1,-1,-1,-1,-1,-1,-1,-1,0,-1
2025010576934,2025,010576934,1,3,0,7,7,5,8,0,0,1,0,0,0,0,2,1,1,1,1,49,8,-1,-1,-1,-1,1,E01002026,0,1
2025010576937,2025,010576937,2,1,9,99,99,9,9,99,99,9,9,99,9,99,9,1,6,6,3,39,7,-1,-1,-1,-1,2,E01003159,0,2
2025010576937,2025,010576937,1,9,0,99,99,9,9,99,99,9,9,99,9,99,1,9,5,6,2,23,5,-1,-1,-1,-1,6,E01001159,0,1
2025010576940,2025,010576940,1,9,0,18,19,1,5,0,0,2,0,0,0,0,1,1,5,6,1,21,5,-1,-1,-1,-1,2,E01033939,0,2
2025010576940,2025,010576940,3,9,0,2,2,0,0,0,0,2,0,0,0,0,2,1,6,6,3,-1,-1,-1,-1,-1,-1,-1,-1,0,-1
2025010576940,2025,010576940,2,9,0,2,2,0,0,0,0,2,0,0,0,0,1,1,6,6,3,-1,-1,-1,-1,-1,-1,-1,-1,0,-1
2025010576941,2025,010576941,2,9,0,99,99,9,9,99,99,9,9,99,9,99,9,9,6,6,3,-1,-1,-1,-1,-1,-1,-1,-1,0,-1
2025010576941,2025,010576941,1,1,9,99,99,9,9,99,99,9,9,99,9,99,9,1,5,6,2,58,9,-1,-1,-1,-1,3,E01003120,0,1
2025010576942,2025,010576942,2,19,0,99,99,9,9,99,99,0,9,99,9,99,1,9,6,6,3,-1,-1,-1,-1,-1,-1,-1,-1,0,-1
2025010576942,2025,010576942,1,1,9,99,99,9,9,99,99,0,9,99,9,99,9,1,5,6,1,44,7,-1,-1,-1,-1,8,E01004297,0,1
2025010576947,2025,010576947,2,1,0,18,19,7,3,0,0,0,0,0,0,0,3,1,5,6,1,12,3,-1,-1,-1,-1,9,E01000686,0,1
2025010576947,2025,010576947,3,1,0,18,19,7,3,0,0,0,0,0,0,0,0,1,5,6,2,12,3,-1,-1,-1,-1,10,E01000793,0,1
2025010576947,2025,010576947,1,9,0,18,19,6,2,0,0,0,0,0,0,0,1,1,5,6,2,73,10,-1,-1,-1,-1,-1,-1,0,-1
2025010576948,2025,010576948,2,1,0,14,14,1,5,0,0,0,0,8,0,0,3,1,1,1,1,22,5,-1,-1,-1,-1,4,E01035670,0,1
2025010576948,2025,010576948,1,9,0,10,10,1,6,0,0,0,0,0,0,0,3,1,5,6,1,41,7,-1,-1,-1,-1,-1,-1,0,-1
2025010576949,2025,010576949,1,1,9,99,99,9,9,99,99,9,9,99,9,99,9,1,5,6,1,66,10,-1,-1,-1,-1,5,E01001607,0,2
2025010576949,2025,010576949,2,9,0,99,99,9,9,99,99,9,9,99,9,99,9,9,6,6,3,-1,-1,-1,-1,-1,-1,-1,-1,0,-1
2025010576956,2025,010576956,2,9,0,18,19,3,7,0,0,1,0,0,0,0,1,1,6,6,1,37,7,-1,-1,-1,-1,1,E01015789,0,4
2025010576956,2025,010576956,1,9,0,3,3,3,7,0,0,1,0,0,0,0,2,1,5,6,1,51,8,-1,-1,-1,-1,5,E01029970,0,4
2025010576963,2025,010576963,1,9,0,14,14,3,7,0,0,9,0,0,0,0,1,1,6,6,2,40,7,-1,-1,-1,-1,6,E01000663,0,1
2025010576966,2025,010576966,1,1,9,99,99,9,9,99,99,9,9,99,9,99,9,1,2,2,1,30,6,-1,-1,-1,-1,7,E01003157,0,1
2025010576966,2025,010576966,2,9,0,99,99,9,9,99,99,9,9,99,9,99,1,9,6,6,1,-1,-1,-1,-1,-1,-1,-1,-1,0,-1
2025010576968,2025,010576968,1,8,0,4,4,7,3,0,0,0,0,0,0,0,1,1,1,1,1,62,9,-1,-1,-1,-1,3,E01003573,0,1
2025010576975,2025,010576975,1,9,0,99,99,9,9,99,99,9,9,99,9,99,2,9,5,6,1,43,7,-1,-1,-1,-1,3,E01003438,0,1
2025010576975,2025,010576975,2,9,0,99,99,9,9,99,99,9,9,99,9,99,1,9,6,6,3,-1,-1,-1,-1,-1,-1,-1,-1,0,-1
2025010576976,2025,010576976,2,1,9,99,99,9,9,99,99,9,9,99,9,99,9,1,6,6,3,-1,-1,-1,-1,-1,-1,7,E01001133,0,1
2025010576976,2025,010576976,1,90,0,99,99,9,9,99,99,9,9,99,9,99,1,9,1,1,1,36,7,-1,-1,-1,-1,9,E01004121,0,3
2025010576978,2025,010576978,1,3,0,18,19,1,5,0,0,1,0,0,0,0,1,1,5,6,1,29,6,-1,-1,-1,-1,8,E01000366,0,2
2025010576978,2025,010576978,2,9,0,9,9,1,7,0,0,6,0,0,0,0,3,1,5,6,1,31,6,-1,-1,-1,-1,3,E01034206,0,1
2025010576987,2025,010576987,2,9,0,2,2,0,0,9,9,2,0,0,0,0,3,1,6,6,3,-1,-1,-1,-1,-1,-1,-1,-1,0,-1
2025010576987,2025,010576987,1,9,0,18,19,6,2,0,0,2,0,0,3,11,1,1,6,6,1,17,4,-1,-1,-1,-1,4,E01034617,0,1
2025010576996,2025,010576996,1,23,0,18,19,2,6,9,9,0,0,0,0,0,0,1,1,1,1,27,6,-1,-1,-1,-1,2,E01002615,0,1
2025010576999,2025,010576999,3,9,0,2,2,0,0,0,0,2,0,0,0,0,0,1,6,6,3,-1,-1,-1,-1,-1,-1,-1,-1,0,-1