collision_index,collision_year,collision_ref_no,vehicle_reference,vehicle_type,towing_and_articulation,vehicle_manoeuvre_historic,vehicle_manoeuvre,vehicle_direction_from,vehicle_direction_to,vehicle_location_restricted_lane_historic,vehicle_location_restricted_lane,junction_location,skidding_and_overturning,hit_object_in_carriageway,vehicle_leaving_carriageway,hit_object_off_carriageway,first_point_of_impact,vehicle_left_hand_drive,journey_purpose_of_driver_historic,journey_purpose_of_driver,sex_of_driver,age_of_driver,age_band_of_driver,engine_capacity_cc,propulsion_code,age_of_vehicle,generic_make_model,driver_imd_decile,lsoa_of_driver,escooter_flag,driver_distance_banding
2025010576999,2025,010576999,2,9,0,2,2,0,0,0,0,2,0,0,0,0,0,1,6,6,3,-1,-1,-1,-1,-1,-1,-1,-1,0,-1
2025010576999,2025,010576999,1,5,0,18,19,5,1,0,0,2,2,4,0,0,1,1,6,6,1,29,6,-1,-1,-1,-1,5,E01003276,0,1
2025010577001,2025,010577001,1,9,0,99,99,9,9,99,99,9,9,99,9,99,1,9,6,6,3,-1,-1,-1,-1,-1,-1,-1,-1,0,-1
2025010577003,2025,010577003,2,9,0,18,19,7,3,0,0,0,0,0,0,0,0,1,5,6,1,54,8,-1,-1,-1,-1,5,E01001407,0,1
2025010577003,2025,010577003,1,9,0,18,19,3,7,0,0,0,0,0,7,4,1,1,5,6,1,36,7,-1,-1,-1,-1,2,E01001464,0,2
2025010577004,2025,010577004,1,9,0,18,19,3,7,0,0,1,0,0,0,0,1,1,6,6,1,53,8,-1,-1,-1,-1,3,E01004251,0,1
2025010577005,2025,010577005,1,5,0,3,3,9,9,99,99,1,9,99,9,99,2,1,2,2,1,37,7,-1,-1,-1,-1,4,E01000472,0,3
2025010577005,2025,010577005,2,9,0,99,99,9,9,99,99,1,9,99,9,99,1,9,6,6,1,38,7,-1,-1,-1,-1,2,E01001076,0,4
2025010577006,2025,010577006,2,9,0,18,19,5,1,0,0,1,0,0,0,0,2,1,5,6,1,39,7,-1,-1,-1,-1,3,E01001006,0,1
2025010577006,2025,010577006,1,19,0,18,19,5,1,0,0,1,0,0,0,0,1,1,6,6,1,46,8,-1,-1,-1,-1,6,E01004178,0,1
2025010577009,2025,010577009,2,9,0,18,19,5,1,0,0,1,0,0,0,0,1,1,5,6,1,22,5,-1,-1,-1,-1,4,E01004201,0,1
2025010577009,2025,010577009,1,9,0,18,19,1,5,0,0,2,5,0,0,0,1,1,1,1,1,57,9,-1,-1,-1,-1,5,E01021869,0,4
2025010577011,2025,010577011,2,9,0,5,5,3,7,0,0,0,0,0,0,0,1,1,5,6,1,27,6,-1,-1,-1,-1,8,E01001384,0,3
2025010577011,2025,010577011,1,9,0,5,5,1,5,0,0,0,0,0,7,0,1,1,6,6,1,45,7,-1,-1,-1,-1,-1,-1,0,-1
2025010577012,2025,010577012,1,9,0,18,19,3,7,0,0,6,0,10,7,11,1,1,6,6,1,28,6,-1,-1,-1,-1,-1,-1,0,-1
2025010577012,2025,010577012,2,9,0,2,2,0,0,9,9,2,0,0,0,0,0,1,6,6,3,-1,-1,-1,-1,-1,-1,-1,-1,0,-1
2025010577013,2025,010577013,1,3,0,18,19,5,1,0,0,0,0,0,0,0,0,1,6,6,1,23,5,-1,-1,-1,-1,4,E01004124,0,3
2025010577013,2025,010577013,2,97,0,6,6,5,5,0,0,0,0,0,0,0,1,1,6,6,3,-1,-1,-1,-1,-1,-1,-1,-1,0,-1
2025010577018,2025,010577018,1,9,0,99,99,9,9,99,99,9,9,99,9,99,2,9,5,6,1,51,8,-1,-1,-1,-1,2,E01004316,0,1
2025010577024,2025,010577024,1,9,0,5,5,5,1,0,0,8,0,0,0,0,1,1,6,6,2,33,6,-1,-1,-1,-1,1,E01010924,0,5
2025010577024,2025,010577024,2,1,0,9,9,7,5,0,0,8,0,0,0,0,1,1,6,6,1,22,5,-1,-1,-1,-1,3,E01001239,0,2
2025010577028,2025,010577028,1,11,0,99,99,9,9,99,99,9,9,99,9,99,9,9,6,6,3,-1,-1,-1,-1,-1,-1,-1,-1,0,-1
2025010577029,2025,010577029,1,3,0,18,19,7,3,9,9,0,5,0,8,2,1,1,1,1,1,20,4,-1,-1,-1,-1,2,E01003087,0,2
2025010577029,2025,010577029,2,9,0,2,2,0,0,0,0,0,0,0,0,0,3,1,6,6,3,-1,-1,-1,-1,-1,-1,-1,-1,0,-1
2025010577035,2025,010577035,2,9,0,18,19,3,7,0,0,1,0,0,0,0,1,1,6,6,2,25,5,-1,-1,-1,-1,4,E01004426,0,2
2025010577035,2025,010577035,1,19,0,3,3,3,7,0,0,1,0,0,0,0,2,1,1,1,1,27,6,-1,-1,-1,-1,2,E01002392,0,4
2025010577037,2025,010577037,2,3,0,9,9,5,3,0,0,1,0,0,0,0,1,1,2,2,1,53,8,-1,-1,-1,-1,6,E01000142,0,3
2025010577037,2025,010577037,1,3,0,7,7,3,5,0,0,1,0,0,0,0,1,1,2,2,1,25,5,-1,-1,-1,-1,5,E01003147,0,2
2025010577041,2025,010577041,2,98,4,99,99,9,9,99,99,9,9,99,9,99,1,9,6,6,1,68,10,-1,-1,-1,-1,4,E01000613,0,2
2025010577041,2025,010577041,1,3,0,99,99,9,9,99,99,9,9,99,9,99,2,1,5,6,1,36,7,-1,-1,-1,-1,3,E01001239,0,2
2025010577043,2025,010577043,1,9,0,18,19,5,1,0,0,1,0,0,0,0,0,1,5,6,1,24,5,-1,-1,-1,-1,2,E01034148,0,1
2025010577043,2025,010577043,2,3,0,18,19,1,5,0,0,1,1,0,0,0,0,1,5,6,2,28,6,-1,-1,-1,-1,3,E01001169,0,1
2025010577046,2025,010577046,1,1,9,99,99,9,9,99,99,9,9,99,9,99,9,1,5,6,1,50,8,-1,-1,-1,-1,3,E01003182,0,3
2025010577046,2025,010577046,2,9,0,99,99,9,9,99,99,9,9,99,9,99,9,9,6,6,1,29,6,-1,-1,-1,-1,2,E01001702,0,3
2025010577053,2025,010577053,2,9,0,18,19,1,5,0,0,1,0,0,0,0,4,1,6,6,3,-1,-1,-1,-1,-1,-1,-1,-1,0,-1
2025010577053,2025,010577053,1,3,0,9,9,1,6,0,0,1,0,0,0,0,3,1,5,6,1,22,5,-1,-1,-1,-1,5,E01004348,0,1
2025010577055,2025,010577055,2,9,0,18,19,5,1,0,0,0,0,0,0,0,3,1,5,6,1,40,7,-1,-1,-1,-1,7,E01002187,0,3
2025010577055,2025,010577055,1,9,0,11,11,5,1,0,0,0,0,0,0,0,4,1,5,6,1,50,8,-1,-1,-1,-1,5,E01015753,0,4
2025010577056,2025,010577056,2,1,0,7,7,5,7,0,0,8,0,0,0,0,1,1,5,6,1,15,3,-1,-1,-1,-1,1,E01002034,0,1
2025010577056,2025,010577056,1,9,0,18,19,3,7,0,0,8,0,0,0,0,4,1,5,6,1,32,6,-1,-1,-1,-1,1,E01002082,0,1
2025010577057,2025,010577057,1,9,0,4,4,7,3,0,0,0,0,0,0,0,2,1,5,6,1,57,9,-1,-1,-1,-1,2,E01001842,0,2
2025010577057,2025,010577057,4,9,0,18,19,7,3,0,0,0,0,0,0,0,1,1,5,6,1,67,10,-1,-1,-1,-1,6,E01003760,0,1
2025010577057,2025,010577057,3,9,0,11,11,7,3,0,0,0,0,0,0,0,2,1,5,6,1,24,5,-1,-1,-1,-1,2,E01002722,0,2
2025010577057,2025,010577057,2,9,0,4,4,7,3,0,0,0,0,0,0,0,2,1,5,6,1,42,7,-1,-1,-1,-1,4,E01027187,0,4
2025010577058,2025,010577058,1,11,0,4,4,7,3,0,0,8,0,0,0,0,0,1,1,1,1,59,9,-1,-1,-1,-1,6,E01000150,0,1
2025010577059,2025,010577059,3,9,0,99,99,9,9,99,99,9,9,99,9,99,2,9,6,6,3,-1,-1,-1,-1,-1,-1,-1,-1,0,-1
2025010577059,2025,010577059,1,9,0,99,99,9,9,99,99,9,9,99,9,99,2,9,1,1,1,40,7,-1,-1,-1,-1,3,E01002637,0,1
2025010577059,2025,010577059,2,9,0,99,99,9,9,99,99,9,9,99,9,99,1,9,6,6,3,-1,-1,-1,-1,-1,-1,2,E01001333,0,1
2025010577061,2025,010577061,1,1,9,99,99,9,9,4,4,1,9,99,9,99,9,1,5,6,1,29,6,-1,-1,-1,-1,2,E01003943,0,1
2025010577061,2025,010577061,2,9,0,99,99,9,9,99,99,5,9,99,9,99,2,9,6,6,3,-1,-1,-1,-1,-1,-1,-1,-1,0,-1
2025010577062,2025,010577062,2,9,0,99,99,9,9,99,99,9,9,99,9,99,1,9,6,6,3,-1,-1,-1,-1,-1,-1,-1,-1,0,-1
2025010577062,2025,010577062,1,1,9,99,99,9,9,99,99,9,9,99,9,99,9,1,5,6,1,16,4,-1,-1,-1,-1,3,E01002045,0,1
2025010577063,2025,010577063,2,90,0,99,99,9,9,99,99,9,9,99,9,99,9,9,6,6,3,-1,-1,-1,-1,-1,-1,4,E01003603,0,2
2025010577063,2025,010577063,1,1,9,99,99,9,9,99,99,9,9,99,9,99,9,1,2,2,2,-1,-1,-1,-1,-1,-1,3,E01001722,0,1
2025010577065,2025,010577065,1,9,0,5,5,0,2,8,6,6,0,0,0,0,1,1,5,6,1,49,8,-1,-1,-1,-1,8,E01003844,0,1
2025010577067,2025,010577067,2,1,0,7,7,1,4,0,0,1,5,0,0,0,3,1,6,6,1,57,9,-1,-1,-1,-1,9,E01002450,0,1
2025010577067,2025,010577067,1,9,0,4,4,2,6,0,0,1,0,0,0,0,1,1,2,2,2,54,8,-1,-1,-1,-1,9,E01002450,0,1
2025010577073,2025,010577073,1,9,0,99,99,9,9,99,99,9,9,99,9,99,9,9,6,6,3,-1,-1,-1,-1,-1,-1,-1,-1,0,-1
2025010577075,2025,010577075,1,11,0,18,19,7,3,0,0,2,0,0,0,0,3,1,1,1,1,65,9,-1,-1,-1,-1,9,E01023847,0,3
2025010577078,2025,010577078,2,1,9,99,99,9,9,99,99,9,9,99,9,99,9,1,6,6,3,-1,-1,-1,-1,-1,-1,-1,-1,0,-1
2025010577078,2025,010577078,1,1,9,99,99,9,9,99,99,9,9,99,9,99,9,1,2,2,1,67,10,-1,-1,-1,-1,8,E01000840,0,3
2025010577089,2025,010577089,4,9,0,2,2,0,0,0,0,1,0,0,0,0,3,1,6,6,3,-1,-1,-1,-1,-1,-1,-1,-1,0,-1
2025010577089,2025,010577089,3,19,0,2,2,0,0,0,0,1,0,0,0,0,1,1,6,6,3,-1,-1,-1,-1,-1,-1,-1,-1,0,-1
2025010577089,2025,010577089,2,9,0,2,2,0,0,0,0,1,0,4,0,0,4,1,6,6,3,-1,-1,-1,-1,-1,-1,-1,-1,0,-1
2025010577089,2025,010577089,1,9,0,18,19,8,4,0,0,1,5,4,1,10,3,1,6,6,2,35,6,-1,-1,-1,-1,8,E01000419,0,1
2025010577090,2025,010577090,1,9,0,99,99,9,9,99,99,9,9,99,9,99,9,9,6,6,3,-1,-1,-1,-1,-1,-1,-1,-1,0,-1
2025010577096,2025,010577096,1,11,0,5,5,8,4,0,0,6,0,0,0,0,0,1,5,6,1,43,7,-1,-1,-1,-1,6,E01000321,0,2
2025010577096,2025,010577096,2,9,0,13,13,5,1,0,0,8,0,0,0,0,1,1,6,6,1,68,10,-1,-1,-1,-1,-1,-1,0,-1
2025010577103,2025,010577103,1,11,0,18,19,7,3,9,9,0,0,0,0,0,1,1,1,1,1,51,8,-1,-1,-1,-1,-1,-1,0,-1
2025010577107,2025,010577107,1,9,0,3,3,3,7,0,0,1,0,0,0,0,2,1,5,6,2,57,9,-1,-1,-1,-1,5,E01003666,0,1
2025010577107,2025,010577107,2,9,9,99,99,9,9,99,99,1,9,99,9,99,1,9,6,6,3,-1,-1,-1,-1,-1,-1,-1,-1,0,-1
2025010577108,2025,010577108,3,9,0,3,3,5,1,0,0,1,0,0,0,0,2,1,5,6,2,37,7,-1,-1,-1,-1,3,E01003950,0,1
2025010577108,2025,010577108,4,9,0,18,19,5,1,0,0,1,0,0,0,0,1,1,6,6,1,47,8,-1,-1,-1,-1,2,E01004456,0,3
2025010577108,2025,010577108,1,9,0,3,3,5,1,0,0,1,0,0,0,0,2,1,5,6,1,40,7,-1,-1,-1,-1,2,E01001673,0,3
2025010577108,2025,010577108,2,3,0,3,3,5,1,0,0,1,0,0,0,0,2,1,5,6,2,36,7,-1,-1,-1,-1,3,E01003975,0,1
2025010577114,2025,010577114,2,9,0,14,14,5,1,0,0,1,0,0,0,0,0,1,1,1,1,41,7,-1,-1,-1,-1,5,E01003666,0,3
2025010577114,2025,010577114,1,9,0,7,7,3,5,0,0,2,0,0,0,0,4,1,6,6,2,37,7,-1,-1,-1,-1,2,E01002720,0,1
2025010577120,2025,010577120,2,9,0,99,99,9,9,99,99,0,9,99,9,99,9,9,6,6,3,-1,-1,-1,-1,-1,-1,4,E01000531,0,3
2025010577120,2025,010577120,1,8,0,99,99,9,9,99,99,0,9,99,9,99,9,9,1,1,1,33,6,-1,-1,-1,-1,3,E01001008,0,2
2025010577121,2025,010577121,1,9,0,18,19,7,3,0,0,1,0,0,1,0,1,1,6,6,3,-1,-1,-1,-1,-1,-1,-1,-1,0,-1
2025010577124,2025,010577124,2,9,0,18,19,3,7,0,0,1,0,0,0,0,1,1,6,6,3,24,5,-1,-1,-1,-1,-1,-1,0,-1
2025010577124,2025,010577124,1,3,0,18,19,3,7,0,0,1,0,0,0,0,2,1,5,6,1,17,4,-1,-1,-1,-1,3,E01000495,0,2
2025010577127,2025,010577127,2,11,0,99,99,9,9,0,0,1,0,0,0,0,1,1,6,6,1,58,9,-1,-1,-1,-1,2,E01000533,0,2
2025010577127,2025,010577127,1,9,0,99,99,9,9,0,0,1,0,0,0,0,1,1,5,6,1,43,7,-1,-1,-1,-1,6,E01001881,0,1
2025010577128,2025,010577128,2,9,0,99,99,9,9,99,99,9,9,99,9,99,1,9,6,6,3,-1,-1,-1,-1,-1,-1,8,E01002657,0,3
2025010577128,2025,010577128,1,9,0,99,99,9,9,99,99,9,9,99,9,99,2,9,5,6,2,33,6,-1,-1,-1,-1,3,E01000152,0,1
2025010577131,2025,010577131,1,4,0,13,13,5,1,0,0,0,0,0,0,0,1,1,6,6,1,29,6,-1,-1,-1,-1,-1,-1,0,-1
2025010577131,2025,010577131,2,8,0,6,6,5,5,0,0,0,0,0,0,0,4,1,1,1,1,48,8,-1,-1,-1,-1,-1,-1,0,-1
2025010577136,2025,010577136,1,1,9,99,99,9,9,99,99,9,9,99,9,99,9,1,2,2,1,30,6,-1,-1,-1,-1,4,E01000428,0,2
2025010577136,2025,010577136,2,9,0,99,99,9,9,99,99,9,9,99,9,99,1,9,6,6,2,62,9,-1,-1,-1,-1,5,E01024703,0,4
2025010577137,2025,010577137,2,1,0,18,19,5,1,9,9,0,0,0,0,0,1,1,1,1,1,31,6,-1,-1,-1,-1,2,E01001155,0,1
2025010577137,2025,010577137,1,9,0,9,9,7,5,9,9,0,0,0,0,0,1,1,6,6,1,44,7,-1,-1,-1,-1,3,E01034141,0,1
2025010577141,2025,010577141,1,9,0,18,19,7,3,0,0,1,0,0,0,0,1,1,5,6,1,32,6,-1,-1,-1,-1,3,E01003431,0,1
2025010577141,2025,010577141,2,8,0,5,5,5,1,0,0,1,0,0,0,0,3,1,1,1,1,40,7,-1,-1,-1,-1,2,E01021316,0,4
2025010577143,2025,010577143,1,9,0,9,9,3,1,0,0,1,0,0,0,0,1,1,2,2,1,34,6,-1,-1,-1,-1,9,E01004133,0,2
2025010577143,2025,010577143,2,11,0,18,19,7,3,0,0,1,0,0,0,0,1,1,1,1,1,33,6,-1,-1,-1,-1,4,E01003448,0,2
2025010577153,2025,010577153,2,-1,0,4,4,7,3,0,0,1,0,0,0,0,1,2,5,6,1,42,7,-1,-1,-1,-1,3,E01003106,1,1
2025010577153,2025,010577153,1,9,0,6,6,3,3,0,0,1,0,0,0,0,3,1,5,6,1,31,6,-1,-1,-1,-1,-1,-1,0,-1
2025010577154,2025,010577154,2,9,0,99,99,9,9,99,99,9,9,99,9,99,9,9,6,6,3,-1,-1,-1,-1,-1,-1,1,E01012013,0,5
2025010577154,2025,010577154,1,1,9,99,99,9,9,99,99,9,9,99,9,99,1,1,5,6,1,18,4,-1,-1,-1,-1,3,E01003531,0,1
2025010577155,2025,010577155,1,9,0,9,9,3,1,0,0,8,1,10,0,0,4,1,2,2,1,46,8,-1,-1,-1,-1,4,E01001420,0,2
2025010577155,2025,010577155,2,9,0,18,19,2,6,0,0,8,0,0,0,0,1,1,5,6,1,29,6,-1,-1,-1,-1,7,E01001457,0,2
2025010577161,2025,010577161,2,9,0,18,19,7,3,0,0,6,0,0,0,0,0,1,5,6,1,67,10,-1,-1,-1,-1,4,E01002346,0,1
2025010577161,2025,010577161,1,9,0,9,9,1,7,0,0,8,0,0,0,0,1,1,5,6,1,47,8,-1,-1,-1,-1,7,E01015967,0,3
2025010577168,2025,010577168,2,9,0,99,99,9,9,99,99,9,9,99,9,99,9,9,6,6,3,-1,-1,-1,-1,-1,-1,-1,-1,0,-1
2025010577168,2025,010577168,1,1,9,99,99,9,9,99,99,9,9,99,9,99,9,1,2,2,1,26,6,-1,-1,-1,-1,2,E01001001,0,3
2025010577175,2025,010577175,1,9,0,18,19,1,5,99,99,9,0,99,0,0,3,9,3,7,2,46,8,-1,-1,-1,-1,3,E01001287,0,1
2025010577179,2025,010577179,2,9,9,99,99,9,9,99,99,9,9,99,9,99,1,9,6,6,3,-1,-1,-1,-1,-1,-1,-1,-1,0,-1
2025010577179,2025,010577179,1,3,9,99,99,9,9,99,99,9,9,99,9,99,1,1,1,1,1,25,5,-1,-1,-1,-1,3,E01001548,0,2
2025010577185,2025,010577185,1,1,0,18,19,7,3,4,4,8,0,0,0,0,1,1,2,2,1,52,8,-1,-1,-1,-1,2,E01004300,0,1
2025010577185,2025,010577185,2,8,0,7,7,7,1,0,0,5,0,0,0,0,1,1,2,2,1,44,7,-1,-1,-1,-1,7,E01003792,0,2
2025010577197,2025,010577197,2,9,0,99,99,9,9,99,99,9,9,99,9,99,1,9,6,6,1,49,8,-1,-1,-1,-1,10,E01000283,0,1
2025010577197,2025,010577197,1,1,9,99,99,9,9,99,99,9,9,99,9,99,2,1,5,6,1,70,10,-1,-1,-1,-1,10,E01000280,0,1
2025010577200,2025,010577200,2,9,0,99,99,9,9,99,99,9,9,99,9,99,9,9,6,6,3,-1,-1,-1,-1,-1,-1,-1,-1,0,-1
2025010577200,2025,010577200,1,3,0,99,99,9,9,99,99,9,9,99,9,99,9,1,5,6,3,28,6,-1,-1,-1,-1,5,E01002119,0,1
2025010577201,2025,010577201,2,1,0,18,19,1,5,4,4,1,0,0,0,0,1,1,6,6,1,31,6,-1,-1,-1,-1,4,E01000846,0,1
2025010577201,2025,010577201,1,19,0,7,7,5,8,0,0,5,0,0,0,0,1,1,1,1,1,31,6,-1,-1,-1,-1,4,E01027328,0,4
2025010577202,2025,010577202,2,9,0,99,99,9,9,99,99,9,9,99,9,99,1,9,6,6,3,34,6,-1,-1,-1,-1,-1,-1,0,-1
2025010577202,2025,010577202,1,9,0,99,99,9,9,99,99,9,9,99,9,99,2,9,2,2,1,54,8,-1,-1,-1,-1,3,E01001892,0,1
2025010577203,2025,010577203,1,3,0,99,99,9,9,99,99,9,9,99,9,99,1,1,5,6,1,26,6,-1,-1,-1,-1,8,E01002239,0,1
2025010577203,2025,010577203,2,9,0,99,99,9,9,99,99,9,9,99,9,99,9,9,6,6,3,-1,-1,-1,-1,-1,-1,-1,-1,0,-1
2025010577209,2025,010577209,1,11,0,4,4,1,5,0,0,1,0,0,0,0,0,1,1,1,1,30,6,-1,-1,-1,-1,3,E01000099,0,2
2025010577211,2025,010577211,2,1,9,99,99,9,9,99,99,0,9,99,9,99,1,1,6,6,3,-1,-1,-1,-1,-1,-1,-1,-1,0,-1
2025010577211,2025,010577211,1,1,9,99,99,9,9,99,99,0,9,99,9,99,1,1,2,2,1,49,8,-1,-1,-1,-1,3,E01003082,0,1
2025010577217,2025,010577217,1,1,9,99,99,9,9,99,99,9,9,99,9,99,9,1,5,6,1,37,7,-1,-1,-1,-1,3,E01004719,0,1
2025010577217,2025,010577217,2,9,0,99,99,9,9,99,99,9,9,99,9,99,9,9,6,6,3,-1,-1,-1,-1,-1,-1,-1,-1,0,-1
2025010577218,2025,010577218,1,3,0,99,99,9,9,99,99,9,9,99,9,99,9,1,1,1,1,35,6,-1,-1,-1,-1,2,E01000101,0,3
2025010577218,2025,010577218,2,3,0,99,99,9,9,99,99,9,9,99,9,99,1,1,6,6,3,-1,-1,-1,-1,-1,-1,-1,-1,0,-1
2025010577219,2025,010577219,1,5,0,18,19,5,1,0,0,8,0,0,0,0,1,1,6,6,1,35,6,-1,-1,-1,-1,4,E01033320,0,1
2025010577219,2025,010577219,2,9,0,9,9,1,6,0,0,1,0,0,0,0,1,1,2,2,1,33,6,-1,-1,-1,-1,2,E01003051,0,2
2025010577221,2025,010577221,2,9,0,99,99,9,9,99,99,9,9,99,9,99,1,9,6,6,3,38,7,-1,-1,-1,-1,8,E01004352,0,1
2025010577221,2025,010577221,1,19,0,99,99,9,9,99,99,9,9,99,9,99,2,9,5,6,1,50,8,-1,-1,-1,-1,9,E01023316,0,3
2025010577227,2025,010577227,2,9,0,99,99,9,9,99,99,0,9,99,9,99,9,9,6,6,1,-1,-1,-1,-1,-1,-1,-1,-1,0,-1
2025010577227,2025,010577227,1,9,0,99,99,9,9,99,99,0,9,99,9,99,9,9,5,6,2,25,5,-1,-1,-1,-1,3,E01000129,0,3
2025010577231,2025,010577231,1,9,0,5,5,3,7,0,0,2,0,0,0,0,4,1,2,2,1,35,6,-1,-1,-1,-1,3,E01002646,0,1
2025010577231,2025,010577231,2,19,0,9,9,1,7,0,0,6,0,0,0,0,1,1,1,1,1,42,7,-1,-1,-1,-1,7,E01016217,0,4
2025010577233,2025,010577233,1,1,0,18,19,7,3,5,5,0,5,0,0,0,1,1,5,6,1,62,9,-1,-1,-1,-1,5,E01003855,0,1
2025010577240,2025,010577240,1,8,0,99,99,9,9,99,99,9,9,99,9,99,1,9,6,6,3,-1,-1,-1,-1,-1,-1,-1,-1,0,-1
2025010577240,2025,010577240,3,9,0,99,99,9,9,99,99,9,9,99,9,99,1,9,6,6,3,-1,-1,-1,-1,-1,-1,-1,-1,0,-1
2025010577240,2025,010577240,2,9,0,99,99,9,9,99,99,9,9,99,9,99,2,9,6,6,3,-1,-1,-1,-1,-1,-1,-1,-1,0,-1
2025010577248,2025,010577248,1,8,0,99,99,9,9,99,99,0,9,99,9,99,1,9,1,1,1,48,8,-1,-1,-1,-1,5,E01003638,0,3
2025010577248,2025,010577248,2,9,0,99,99,9,9,99,99,0,9,99,9,99,1,9,6,6,3,-1,-1,-1,-1,-1,-1,-1,-1,0,-1
2025010577251,2025,010577251,2,19,0,1,1,9,9,99,99,0,9,99,9,99,2,9,6,6,3,49,8,-1,-1,-1,-1,5,E01033741,0,1
2025010577251,2025,010577251,1,3,0,3,3,9,9,99,99,0,9,99,9,99,1,1,5,6,1,26,6,-1,-1,-1,-1,2,E01001687,0,1
2025010577252,2025,010577252,1,11,0,4,4,1,5,0,0,2,0,0,0,0,0,1,5,6,1,22,5,-1,-1,-1,-1,4,E01001023,0,2
2025010577255,2025,010577255,2,3,0,10,10,1,7,0,0,1,0,0,0,0,4,1,1,1,1,56,9,-1,-1,-1,-1,3,E01001983,0,2
2025010577255,2025,010577255,1,9,0,8,8,5,7,0,0,1,0,0,0,0,1,1,1,1,1,43,7,-1,-1,-1,-1,2,E01002720,0,1
2025010577259,2025,010577259,2,9,0,99,99,9,9,99,99,9,9,99,9,99,9,9,6,6,3,-1,-1,-1,-1,-1,-1,-1,-1,0,-1
2025010577259,2025,010577259,1,5,0,99,99,9,9,99,99,9,9,99,9,99,9,1,5,6,1,49,8,-1,-1,-1,-1,3,E01000099,0,1
2025010577263,2025,010577263,1,9,0,99,99,9,9,99,99,9,9,99,9,99,1,9,2,2,1,36,7,-1,-1,-1,-1,7,E01002499,0,2
2025010577263,2025,010577263,2,9,9,99,99,9,9,99,99,9,9,99,9,99,9,9,6,6,3,-1,-1,-1,-1,-1,-1,-1,-1,0,-1
2025010577264,2025,010577264,1,3,0,99,99,9,9,99,99,0,9,99,9,99,1,1,5,6,1,19,4,-1,-1,-1,-1,3,E01000095,0,2
2025010577264,2025,010577264,2,20,0,99,99,9,9,99,99,0,9,99,9,99,1,9,6,6,3,-1,-1,-1,-1,-1,-1,3,E01000111,0,1
2025010577267,2025,010577267,1,2,0,9,9,3,8,0,0,1,0,0,0,0,4,1,1,1,1,25,5,-1,-1,-1,-1,5,E01000504,0,2
2025010577267,2025,010577267,2,19,0,9,9,3,8,0,0,1,0,0,0,0,3,1,1,1,1,45,7,-1,-1,-1,-1,8,E01015090,0,5
2025010577268,2025,010577268,1,9,0,10,10,3,1,0,0,1,0,0,0,0,3,1,2,2,1,39,7,-1,-1,-1,-1,3,E01001180,0,1
2025010577268,2025,010577268,2,9,0,18,19,7,3,0,0,1,0,0,0,0,1,1,6,6,1,32,6,-1,-1,-1,-1,2,E01004539,0,2
2025010577270,2025,010577270,2,9,0,99,99,9,9,99,99,9,9,99,9,99,1,9,6,6,3,-1,-1,-1,-1,-1,-1,-1,-1,0,-1
2025010577270,2025,010577270,1,3,0,99,99,9,9,99,99,9,9,99,9,99,9,1,5,6,1,24,5,-1,-1,-1,-1,5,E01002635,0,2
2025010577272,2025,010577272,1,9,0,99,99,9,9,99,99,9,9,99,9,99,9,9,6,6,1,55,8,-1,-1,-1,-1,2,E01001339,0,3
2025010577276,2025,010577276,1,3,0,18,19,3,7,0,0,2,0,4,0,0,1,1,6,6,1,45,7,-1,-1,-1,-1,2,E01002091,0,2
2025010577276,2025,010577276,2,9,0,2,2,0,0,0,0,2,0,0,0,0,3,1,6,6,3,-1,-1,-1,-1,-1,-1,-1,-1,0,-1
2025010577280,2025,010577280,1,1,9,99,99,9,9,99,99,9,9,99,9,99,1,1,5,6,1,32,6,-1,-1,-1,-1,4,E01002405,0,1
2025010577280,2025,010577280,2,9,0,99,99,9,9,99,99,9,9,99,9,99,9,9,6,6,3,-1,-1,-1,-1,-1,-1,2,E01001331,0,1
2025010577283,2025,010577283,1,1,9,99,99,9,9,99,99,9,9,99,9,99,9,1,2,2,1,44,7,-1,-1,-1,-1,4,E01003025,0,2
2025010577283,2025,010577283,2,9,9,99,99,9,9,99,99,9,9,99,9,99,1,9,6,6,3,49,8,-1,-1,-1,-1,9,E01029198,0,5
2025010577291,2025,010577291,1,8,9,99,99,9,9,99,99,9,9,99,9,99,9,9,6,6,1,-1,-1,-1,-1,-1,-1,-1,-1,0,-1
2025010577292,2025,010577292,2,19,0,99,99,9,9,99,99,9,9,99,9,99,1,9,6,6,3,-1,-1,-1,-1,-1,-1,-1,-1,0,-1
2025010577292,2025,010577292,1,9,0,99,99,9,9,99,99,9,9,99,9,99,2,9,2,2,1,21,5,-1,-1,-1,-1,5,E01003415,0,2
2025010577295,2025,010577295,1,19,0,18,19,5,1,0,0,0,0,0,0,0,1,1,2,2,1,51,8,-1,-1,-1,-1,-1,-1,0,-1