collision_index,collision_year,collision_ref_no,vehicle_reference,vehicle_type,towing_and_articulation,vehicle_manoeuvre_historic,vehicle_manoeuvre,vehicle_direction_from,vehicle_direction_to,vehicle_location_restricted_lane_historic,vehicle_location_restricted_lane,junction_location,skidding_and_overturning,hit_object_in_carriageway,vehicle_leaving_carriageway,hit_object_off_carriageway,first_point_of_impact,vehicle_left_hand_drive,journey_purpose_of_driver_historic,journey_purpose_of_driver,sex_of_driver,age_of_driver,age_band_of_driver,engine_capacity_cc,propulsion_code,age_of_vehicle,generic_make_model,driver_imd_decile,lsoa_of_driver,escooter_flag,driver_distance_banding
2025010577295,2025,010577295,2,9,0,5,5,3,7,0,0,0,0,0,0,0,3,1,2,2,1,52,8,-1,-1,-1,-1,-1,-1,0,-1
2025010577300,2025,010577300,1,9,0,99,99,9,9,99,99,6,9,99,9,99,1,9,2,2,2,40,7,-1,-1,-1,-1,9,E01017450,0,4
2025010577300,2025,010577300,2,1,9,99,99,9,9,99,99,1,9,99,9,99,1,1,6,6,3,-1,-1,-1,-1,-1,-1,-1,-1,0,-1
2025010577306,2025,010577306,1,3,0,18,19,3,7,0,0,0,1,0,0,0,0,1,5,6,1,19,4,-1,-1,-1,-1,5,E01002307,0,2
2025010577319,2025,010577319,1,3,0,18,19,5,1,0,0,0,0,0,0,0,1,1,5,6,1,22,5,-1,-1,-1,-1,8,E01003445,0,1
2025010577325,2025,010577325,1,9,0,5,5,0,2,0,0,0,0,0,0,0,4,1,6,6,2,33,6,-1,-1,-1,-1,3,E01034205,0,1
2025010577326,2025,010577326,1,9,0,99,99,9,9,0,0,8,0,0,0,0,4,9,5,6,1,38,7,-1,-1,-1,-1,9,E01017840,0,4
2025010577327,2025,010577327,2,9,0,9,9,7,5,0,0,1,0,0,0,0,1,1,5,6,1,48,8,-1,-1,-1,-1,4,E01001699,0,1
2025010577327,2025,010577327,1,3,0,18,19,7,3,0,0,1,0,0,0,0,1,1,1,1,1,23,5,-1,-1,-1,-1,4,E01003562,0,2
2025010577331,2025,010577331,1,19,0,2,2,0,0,9,9,0,0,0,1,0,1,1,6,6,3,-1,-1,-1,-1,-1,-1,-1,-1,0,-1
2025010577331,2025,010577331,2,9,0,18,19,4,8,0,0,0,0,4,0,0,1,1,6,6,1,42,7,-1,-1,-1,-1,7,E01002166,0,2
2025010577334,2025,010577334,2,1,0,14,14,3,7,0,0,1,0,8,9,99,3,1,2,2,1,33,6,-1,-1,-1,-1,3,E01035642,0,1
2025010577334,2025,010577334,1,8,0,2,2,0,0,0,0,1,0,0,0,0,0,1,6,6,3,-1,-1,-1,-1,-1,-1,-1,-1,0,-1
2025010577336,2025,010577336,1,19,0,18,19,1,5,0,0,2,0,0,0,0,1,1,6,6,3,-1,-1,-1,-1,-1,-1,-1,-1,0,-1
2025010577338,2025,010577338,1,1,9,99,99,9,9,99,99,0,9,99,9,99,9,1,6,6,3,-1,-1,-1,-1,-1,-1,-1,-1,0,-1
2025010577339,2025,010577339,1,1,9,99,99,9,9,99,99,9,9,99,9,99,2,1,5,6,1,54,8,-1,-1,-1,-1,5,E01002744,0,1
2025010577339,2025,010577339,2,9,0,99,99,9,9,99,99,9,9,99,9,99,1,9,6,6,3,82,11,-1,-1,-1,-1,4,E01002717,0,1
2025010577340,2025,010577340,1,9,0,18,19,7,3,0,0,0,0,7,0,0,1,1,6,6,1,60,9,-1,-1,-1,-1,8,E01000258,0,2
2025010577340,2025,010577340,2,11,0,18,19,3,7,0,0,0,0,0,0,0,1,1,1,1,1,65,9,-1,-1,-1,-1,2,E01004394,0,2
2025010577341,2025,010577341,2,9,0,18,19,7,3,0,0,8,0,0,0,0,1,1,6,6,1,36,7,-1,-1,-1,-1,10,E01003671,0,1
2025010577341,2025,010577341,1,5,0,18,19,5,1,0,0,8,0,0,0,0,4,1,5,6,1,19,4,-1,-1,-1,-1,7,E01004354,0,1
2025010577344,2025,010577344,2,3,0,18,19,4,8,0,0,2,5,0,0,0,1,1,6,6,1,23,5,-1,-1,-1,-1,3,E01002807,0,1
2025010577344,2025,010577344,1,9,0,7,7,2,4,0,0,6,0,0,0,0,1,1,2,2,1,60,9,-1,-1,-1,-1,2,E01004702,0,1
2025010577348,2025,010577348,1,19,0,9,9,6,4,0,0,8,0,0,0,0,3,1,1,1,1,35,6,-1,-1,-1,-1,6,E01003345,0,2
2025010577348,2025,010577348,2,4,0,13,13,6,2,0,0,1,0,0,0,0,1,1,1,1,1,45,7,-1,-1,-1,-1,10,E01016625,0,4
2025010577357,2025,010577357,1,9,0,5,5,3,7,0,0,0,0,0,0,0,1,1,6,6,2,54,8,-1,-1,-1,-1,2,E01003963,0,2
2025010577360,2025,010577360,1,19,5,5,5,5,1,0,0,1,0,0,0,0,1,1,1,1,1,49,8,-1,-1,-1,-1,6,E01023506,0,4
2025010577360,2025,010577360,2,1,0,5,5,5,1,0,0,1,0,0,0,0,4,1,6,6,1,18,4,-1,-1,-1,-1,3,E01003544,0,3
2025010577366,2025,010577366,1,11,0,5,5,0,1,2,2,1,0,0,1,0,0,1,6,6,3,-1,-1,-1,-1,-1,-1,-1,-1,0,-1
2025010577378,2025,010577378,2,1,0,7,7,1,3,4,4,5,0,0,9,0,1,1,6,6,1,17,4,-1,-1,-1,-1,3,E01004755,0,1
2025010577378,2025,010577378,1,9,0,7,7,1,3,0,0,5,9,0,9,0,1,9,6,6,1,-1,-1,-1,-1,-1,-1,-1,-1,0,-1
2025010577379,2025,010577379,1,11,9,99,99,9,9,99,99,9,9,99,9,99,9,1,6,6,3,-1,-1,-1,-1,-1,-1,-1,-1,0,-1
2025010577387,2025,010577387,1,1,9,99,99,9,9,99,99,0,9,99,9,99,1,1,6,6,3,-1,-1,-1,-1,-1,-1,-1,-1,0,-1
2025010577393,2025,010577393,1,4,0,99,99,9,9,99,99,0,9,99,9,99,1,1,1,1,1,38,7,-1,-1,-1,-1,6,E01002639,0,2
2025010577393,2025,010577393,2,9,0,99,99,9,9,99,99,0,9,99,9,99,2,9,6,6,3,-1,-1,-1,-1,-1,-1,-1,-1,0,-1
2025010577394,2025,010577394,1,9,0,99,99,9,9,99,99,9,9,99,9,99,2,9,2,2,1,24,5,-1,-1,-1,-1,4,E01001261,0,1
2025010577394,2025,010577394,2,9,0,99,99,9,9,99,99,9,9,99,9,99,1,9,6,6,3,-1,-1,-1,-1,-1,-1,-1,-1,0,-1
2025010577403,2025,010577403,1,9,0,18,19,7,3,0,0,0,1,10,0,0,1,1,6,6,2,64,9,-1,-1,-1,-1,2,E01000223,0,3
2025010577404,2025,010577404,1,5,0,8,8,2,4,0,0,6,0,0,0,0,2,1,6,6,1,55,8,-1,-1,-1,-1,9,E01003660,0,1
2025010577404,2025,010577404,2,19,0,8,8,2,4,0,0,6,0,0,0,0,1,1,6,6,1,53,8,-1,-1,-1,-1,2,E01000078,0,2
2025010577406,2025,010577406,1,9,0,99,99,9,9,99,99,9,9,99,9,99,2,9,5,6,1,44,7,-1,-1,-1,-1,6,E01035178,0,4
2025010577406,2025,010577406,2,9,0,99,99,9,9,99,99,9,9,99,9,99,1,9,6,6,3,-1,-1,-1,-1,-1,-1,2,E01001460,0,3
2025010577409,2025,010577409,2,5,0,13,13,7,3,0,0,8,0,8,0,0,1,1,6,6,1,57,9,-1,-1,-1,-1,7,E01004360,0,2
2025010577409,2025,010577409,3,9,0,5,5,7,3,0,0,8,0,0,0,0,0,1,6,6,1,44,7,-1,-1,-1,-1,5,E01002292,0,4
2025010577409,2025,010577409,1,9,0,5,5,7,3,0,0,8,0,0,0,0,3,1,5,6,1,75,10,-1,-1,-1,-1,5,E01025887,0,5
2025010577414,2025,010577414,1,1,0,18,19,1,5,5,5,2,0,0,0,0,1,1,6,6,1,25,5,-1,-1,-1,-1,-1,-1,0,-1
2025010577415,2025,010577415,1,3,0,99,99,9,9,99,99,9,9,99,9,99,9,1,5,6,1,39,7,-1,-1,-1,-1,7,E01003476,0,1
2025010577415,2025,010577415,2,20,0,99,99,9,9,99,99,9,9,99,9,99,9,9,6,6,1,-1,-1,-1,-1,-1,-1,10,E01031739,0,4
2025010577419,2025,010577419,1,3,0,99,99,9,9,99,99,9,9,99,9,99,9,1,5,6,1,24,5,-1,-1,-1,-1,3,E01003526,0,2
2025010577419,2025,010577419,2,9,9,99,99,9,9,99,99,9,9,99,9,99,9,1,6,6,3,-1,-1,-1,-1,-1,-1,-1,-1,0,-1
2025010577423,2025,010577423,2,8,0,18,19,3,7,0,0,0,1,4,0,0,1,1,1,1,1,46,8,-1,-1,-1,-1,4,E01023330,0,4
2025010577423,2025,010577423,1,9,0,4,4,3,7,0,0,0,0,0,1,6,2,1,6,6,1,38,7,-1,-1,-1,-1,6,E01002668,0,2
2025010577431,2025,010577431,1,3,0,99,99,9,9,99,99,9,9,99,9,99,1,1,1,1,1,42,7,-1,-1,-1,-1,4,E01001183,0,2
2025010577431,2025,010577431,2,9,0,99,99,9,9,99,99,9,9,99,9,99,1,9,6,6,3,-1,-1,-1,-1,-1,-1,-1,-1,0,-1
2025010577433,2025,010577433,2,9,0,99,99,9,9,99,99,9,9,99,9,99,1,9,6,6,3,-1,-1,-1,-1,-1,-1,-1,-1,0,-1
2025010577433,2025,010577433,1,5,0,99,99,9,9,99,99,9,9,99,9,99,1,1,5,6,1,33,6,-1,-1,-1,-1,3,E01023530,0,3
2025010577436,2025,010577436,1,9,9,99,99,9,9,99,99,9,9,99,9,99,9,9,6,6,1,-1,-1,-1,-1,-1,-1,-1,-1,0,-1
2025010577436,2025,010577436,2,1,9,99,99,9,9,99,99,9,9,99,9,99,9,1,6,6,1,10,2,-1,-1,-1,-1,1,E01002066,0,1
2025010577447,2025,010577447,2,9,0,99,99,9,9,99,99,0,9,99,9,99,9,9,6,6,3,39,7,-1,-1,-1,-1,2,E01003511,0,1
2025010577447,2025,010577447,1,1,9,99,99,9,9,99,99,0,9,99,9,99,1,1,5,6,1,18,4,-1,-1,-1,-1,2,E01034208,0,1
2025010577451,2025,010577451,2,3,9,5,5,3,7,0,0,0,9,99,9,0,9,1,6,6,1,26,6,-1,-1,-1,-1,2,E01001734,0,2
2025010577451,2025,010577451,1,3,0,5,5,3,7,0,0,0,0,0,1,1,2,1,6,6,1,29,6,-1,-1,-1,-1,7,E01004749,0,3
2025010577456,2025,010577456,1,9,0,99,99,9,9,0,0,0,9,99,9,99,3,1,2,2,2,25,5,-1,-1,-1,-1,3,E01033150,0,1
2025010577456,2025,010577456,2,98,0,99,99,9,9,0,0,0,9,99,9,99,0,1,6,6,3,-1,-1,-1,-1,-1,-1,6,E01001059,0,4
2025010577458,2025,010577458,1,9,0,1,1,3,7,0,0,0,0,0,0,0,3,1,5,6,1,49,8,-1,-1,-1,-1,4,E01004417,0,1
2025010577458,2025,010577458,2,3,0,18,19,5,1,0,0,0,0,0,0,0,1,1,5,6,1,17,4,-1,-1,-1,-1,4,E01004416,0,1
2025010577460,2025,010577460,1,11,0,18,19,3,7,0,0,1,0,0,0,0,4,1,1,1,1,33,6,-1,-1,-1,-1,3,E01002562,0,2
2025010577462,2025,010577462,1,3,0,18,19,5,1,0,0,1,0,0,0,0,0,1,6,6,2,28,6,-1,-1,-1,-1,5,E01000170,0,3
2025010577462,2025,010577462,2,9,0,18,19,5,1,0,0,1,0,0,0,0,0,1,5,6,1,48,8,-1,-1,-1,-1,8,E01000844,0,1
2025010577464,2025,010577464,2,9,0,99,99,9,9,99,99,9,9,99,9,99,9,9,6,6,1,43,7,-1,-1,-1,-1,1,E01012622,0,5
2025010577464,2025,010577464,1,9,0,99,99,9,9,99,99,9,9,99,9,99,9,9,5,6,2,40,7,-1,-1,-1,-1,8,E01000236,0,1
2025010577472,2025,010577472,1,8,0,9,9,6,3,0,0,1,0,0,0,0,4,1,1,1,1,55,8,-1,-1,-1,-1,3,E01021319,0,4
2025010577475,2025,010577475,2,5,0,18,19,5,1,0,0,1,2,0,0,0,3,1,5,6,1,42,7,-1,-1,-1,-1,5,E01000590,0,2
2025010577475,2025,010577475,1,11,0,9,9,1,6,0,0,8,0,0,0,0,4,1,1,1,1,50,8,-1,-1,-1,-1,2,E01000527,0,1
2025010577478,2025,010577478,2,9,0,9,9,5,2,0,0,6,0,0,0,0,3,1,6,6,1,32,6,-1,-1,-1,-1,4,E01002103,0,1
2025010577478,2025,010577478,1,5,0,18,19,3,7,0,0,1,0,0,0,0,1,1,2,2,1,48,8,-1,-1,-1,-1,9,E01030605,0,4
2025010577480,2025,010577480,1,19,0,5,5,0,7,0,0,8,0,0,0,0,0,1,6,6,1,19,4,-1,-1,-1,-1,2,E01002053,0,2
2025010577483,2025,010577483,2,1,0,7,7,1,4,0,0,4,0,0,0,0,1,1,6,6,2,32,6,-1,-1,-1,-1,9,E01004660,0,1
2025010577483,2025,010577483,1,21,0,7,7,1,4,0,0,4,0,0,0,0,4,1,1,1,1,46,8,-1,-1,-1,-1,10,E01024150,0,4
2025010577485,2025,010577485,1,9,0,10,10,3,1,0,0,2,0,0,0,0,1,1,5,6,2,71,10,-1,-1,-1,-1,4,E01033925,0,1
2025010577485,2025,010577485,2,3,0,15,15,3,7,0,0,2,0,0,1,0,4,1,5,6,1,29,6,-1,-1,-1,-1,5,E01002119,0,1
2025010577490,2025,010577490,1,9,0,18,19,5,1,0,0,8,0,0,0,0,1,1,6,6,1,38,7,-1,-1,-1,-1,3,E01023357,0,4
2025010577490,2025,010577490,2,9,0,9,9,1,6,0,0,1,0,0,0,0,1,1,6,6,1,29,6,-1,-1,-1,-1,9,E01000213,0,2
2025010577492,2025,010577492,2,9,0,99,99,9,9,0,0,8,0,0,0,0,4,9,6,6,1,-1,-1,-1,-1,-1,-1,-1,-1,0,-1
2025010577492,2025,010577492,1,9,0,99,99,9,9,0,0,8,0,0,0,0,3,9,5,6,2,27,6,-1,-1,-1,-1,9,E01002112,0,1
2025010577501,2025,010577501,2,8,9,99,99,9,9,99,99,9,9,99,9,99,9,9,6,6,3,-1,-1,-1,-1,-1,-1,-1,-1,0,-1
2025010577501,2025,010577501,1,1,9,99,99,9,9,99,99,9,9,99,9,99,9,1,2,2,1,54,8,-1,-1,-1,-1,3,E01000081,0,1
2025010577504,2025,010577504,3,11,0,3,3,3,7,2,2,0,0,0,0,0,0,1,1,1,3,-1,-1,-1,-1,-1,-1,-1,-1,0,-1
2025010577504,2025,010577504,2,1,0,5,5,5,1,0,0,0,5,0,1,0,3,1,6,6,1,22,5,-1,-1,-1,-1,3,E01004696,0,1
2025010577504,2025,010577504,1,3,0,18,19,3,7,0,0,0,1,0,0,0,1,1,6,6,1,24,5,-1,-1,-1,-1,2,E01015929,0,4
2025010577505,2025,010577505,2,9,0,18,19,5,1,0,0,1,0,0,0,0,1,1,6,6,2,50,8,-1,-1,-1,-1,-1,-1,0,-1
2025010577505,2025,010577505,1,9,0,3,3,5,1,0,0,1,0,0,0,0,2,1,6,6,1,44,7,-1,-1,-1,-1,7,E01032781,0,4
2025010577511,2025,010577511,2,8,0,99,99,9,9,99,99,0,9,99,9,99,9,9,6,6,3,-1,-1,-1,-1,-1,-1,-1,-1,0,-1
2025010577511,2025,010577511,1,1,9,99,99,9,9,99,99,0,9,99,9,99,1,1,2,2,1,46,8,-1,-1,-1,-1,7,E01003764,0,1
2025010577514,2025,010577514,1,9,0,99,99,9,9,99,99,9,9,99,9,99,9,9,5,6,2,32,6,-1,-1,-1,-1,7,E01030701,0,3
2025010577514,2025,010577514,2,9,0,99,99,9,9,99,99,9,9,99,9,99,9,9,6,6,3,-1,-1,-1,-1,-1,-1,-1,-1,0,-1
2025010577517,2025,010577517,2,9,0,18,19,1,5,0,0,8,0,0,0,0,4,1,5,6,2,18,4,-1,-1,-1,-1,5,E01000310,0,1
2025010577517,2025,010577517,1,9,0,5,5,3,7,0,0,8,0,0,0,0,1,1,5,6,2,61,9,-1,-1,-1,-1,5,E01001450,0,3
2025010577521,2025,010577521,2,8,0,4,4,3,7,0,0,1,0,0,0,0,1,1,5,6,1,49,8,-1,-1,-1,-1,2,E01004256,0,1
2025010577521,2025,010577521,1,9,0,4,4,3,7,0,0,1,0,0,0,0,1,1,6,6,1,58,9,-1,-1,-1,-1,10,E01030367,0,4
2025010577522,2025,010577522,1,9,0,18,19,3,7,0,0,8,0,0,0,0,1,1,5,6,1,21,5,-1,-1,-1,-1,6,E01004330,0,1
2025010577524,2025,010577524,1,1,9,99,99,9,9,99,99,9,9,99,9,99,1,1,5,6,1,54,8,-1,-1,-1,-1,4,E01001243,0,1
2025010577524,2025,010577524,2,9,0,99,99,9,9,99,99,9,9,99,9,99,0,9,6,6,3,-1,-1,-1,-1,-1,-1,-1,-1,0,-1
2025010577525,2025,010577525,2,9,0,99,99,9,9,99,99,9,9,99,9,99,9,9,6,6,1,-1,-1,-1,-1,-1,-1,5,E01000801,0,2
2025010577525,2025,010577525,1,1,9,99,99,9,9,99,99,9,9,99,9,99,1,1,5,6,2,30,6,-1,-1,-1,-1,5,E01003342,0,1
2025010577529,2025,010577529,1,9,0,18,19,3,7,0,0,8,0,0,1,7,1,1,5,6,1,20,4,-1,-1,-1,-1,2,E01000087,0,1
2025010577529,2025,010577529,2,9,0,9,9,1,6,0,0,8,0,0,0,0,1,1,5,6,1,44,7,-1,-1,-1,-1,9,E01015970,0,3
2025010577530,2025,010577530,2,-1,0,11,11,7,3,0,0,1,2,10,0,0,1,1,6,6,1,59,9,-1,-1,-1,-1,4,E01003405,1,1
2025010577530,2025,010577530,1,9,0,5,5,3,7,0,0,1,0,0,0,0,1,1,5,6,1,32,6,-1,-1,-1,-1,3,E01003387,0,1
2025010577533,2025,010577533,1,9,9,18,19,1,5,99,99,9,9,99,9,99,4,1,6,6,3,-1,-1,-1,-1,-1,-1,-1,-1,0,-1
2025010577534,2025,010577534,1,9,0,18,19,2,6,0,0,8,0,0,0,0,1,1,2,2,1,35,6,-1,-1,-1,-1,8,E01000393,0,1
2025010577534,2025,010577534,2,19,4,18,19,5,1,0,0,8,0,0,0,0,4,1,2,2,1,55,8,-1,-1,-1,-1,6,E01000407,0,1
2025010577535,2025,010577535,1,8,9,18,19,5,1,0,0,1,9,99,9,99,1,9,6,6,3,-1,-1,-1,-1,-1,-1,-1,-1,0,-1
2025010577537,2025,010577537,1,1,9,99,99,9,9,99,99,0,9,99,9,99,9,1,1,1,1,36,7,-1,-1,-1,-1,6,E01000855,0,1
2025010577537,2025,010577537,2,9,9,99,99,9,9,99,99,0,9,99,9,99,1,9,6,6,3,-1,-1,-1,-1,-1,-1,-1,-1,0,-1
2025010577539,2025,010577539,2,19,0,18,19,3,7,0,0,0,0,0,0,0,2,1,1,1,1,45,7,-1,-1,-1,-1,5,E01021380,0,4
2025010577539,2025,010577539,1,9,0,18,19,3,7,0,0,0,0,0,0,0,1,1,6,6,3,-1,-1,-1,-1,-1,-1,-1,-1,0,-1
2025010577539,2025,010577539,3,9,0,18,19,3,7,0,0,0,0,0,0,0,2,1,6,6,3,-1,-1,-1,-1,-1,-1,-1,-1,0,-1
2025010577540,2025,010577540,1,5,0,18,19,3,7,0,0,6,0,0,0,0,1,1,1,1,1,48,8,-1,-1,-1,-1,3,E01003221,0,2
2025010577540,2025,010577540,2,9,0,18,19,3,7,0,0,6,0,0,0,0,1,1,5,6,1,28,6,-1,-1,-1,-1,8,E01000910,0,2
2025010577544,2025,010577544,1,5,0,13,13,5,1,0,0,2,1,10,0,0,4,1,2,2,1,27,6,-1,-1,-1,-1,7,E01001093,0,2
2025010577553,2025,010577553,1,9,0,14,14,5,1,0,0,1,0,4,0,0,1,1,2,2,2,45,7,-1,-1,-1,-1,-1,-1,0,-1
2025010577553,2025,010577553,2,21,1,2,2,0,0,0,0,1,0,0,0,0,2,1,6,6,3,-1,-1,-1,-1,-1,-1,-1,-1,0,-1
2025010577592,2025,010577592,1,9,0,4,4,9,9,99,99,1,9,99,9,99,2,9,6,6,2,51,8,-1,-1,-1,-1,9,E01021124,0,4
2025010577592,2025,010577592,2,9,0,-1,-1,9,9,99,99,1,9,99,9,99,1,9,6,6,3,-1,-1,-1,-1,-1,-1,5,E01033099,0,1
2025010577596,2025,010577596,3,9,0,3,3,1,5,0,0,2,0,0,0,0,0,1,-1,-1,1,-1,-1,-1,-1,-1,-1,5,E01000450,0,1
2025010577596,2025,010577596,4,9,0,3,3,1,5,0,0,2,0,0,0,0,0,1,6,6,2,-1,-1,-1,-1,-1,-1,5,E01000450,0,1
2025010577596,2025,010577596,2,9,0,4,4,6,2,0,0,2,0,0,0,0,0,1,-1,-1,1,30,6,-1,-1,-1,-1,5,E01000330,0,1
2025010577596,2025,010577596,1,9,0,13,13,6,2,0,0,2,0,10,7,11,1,1,-1,-1,1,34,6,-1,-1,-1,-1,2,E01001655,0,2
2025010577597,2025,010577597,1,90,0,9,9,7,5,0,0,1,0,0,0,0,1,1,1,1,1,51,8,-1,-1,-1,-1,2,E01001559,0,2
2025010577597,2025,010577597,2,1,0,-1,-1,3,7,0,0,1,5,0,0,0,1,1,2,2,1,38,7,-1,-1,-1,-1,3,E01035641,0,1
2025010577601,2025,010577601,1,11,0,99,99,9,9,0,0,1,0,0,0,0,9,1,1,1,2,44,7,-1,-1,-1,-1,3,E01033914,0,1
2025010577601,2025,010577601,2,1,0,99,99,9,9,0,0,1,0,0,0,0,9,1,6,6,1,-1,-1,-1,-1,-1,-1,-1,-1,0,-1
2025010577604,2025,010577604,1,1,9,99,99,9,9,99,99,1,9,8,9,99,9,1,6,6,1,36,7,-1,-1,-1,-1,8,E01003004,0,3
2025010577604,2025,010577604,2,9,0,99,99,9,9,99,99,1,9,99,9,99,9,9,6,6,1,-1,-1,-1,-1,-1,-1,-1,-1,0,-1
2025010577606,2025,010577606,2,98,0,99,99,9,9,99,99,0,9,99,9,99,1,9,6,6,3,-1,-1,-1,-1,-1,-1,6,E01016231,0,4
2025010577606,2025,010577606,1,9,0,99,99,9,9,99,99,0,9,99,9,99,2,9,6,6,1,49,8,-1,-1,-1,-1,7,E01003906,0,1
2025010577608,2025,010577608,1,9,0,7,7,3,6,0,0,8,0,0,0,0,3,1,6,6,2,60,9,-1,-1,-1,-1,3,E01001446,0,3
2025010577608,2025,010577608,2,11,0,3,3,7,3,0,0,1,0,0,0,0,1,1,1,1,1,58,9,-1,-1,-1,-1,2,E01000907,0,2
2025010577610,2025,010577610,2,9,0,6,6,7,7,0,0,1,0,0,0,0,1,1,-1,-1,2,46,8,-1,-1,-1,-1,10,E01030368,0,2
2025010577610,2025,010577610,1,3,0,-1,-1,6,2,0,0,1,1,0,0,0,1,1,6,6,2,29,6,-1,-1,-1,-1,3,E01002932,0,1
2025010577612,2025,010577612,2,5,0,-1,-1,5,1,0,0,1,0,0,0,0,1,1,1,1,1,22,5,-1,-1,-1,-1,2,E01004757,0,1
2025010577612,2025,010577612,1,19,0,7,7,5,8,0,0,5,0,0,0,0,4,1,-1,-1,1,53,8,-1,-1,-1,-1,3,E01004719,0,1
2025010577613,2025,010577613,1,9,0,99,99,9,9,99,99,2,9,99,9,99,9,9,6,6,2,59,9,-1,-1,-1,-1,6,E01002485,0,1
2025010577613,2025,010577613,2,9,0,99,99,9,9,99,99,2,9,99,9,99,1,9,6,6,3,-1,-1,-1,-1,-1,-1,8,E01002436,0,1
2025010577617,2025,010577617,1,9,0,99,99,9,9,99,99,9,9,99,9,99,1,9,6,6,1,38,7,-1,-1,-1,-1,5,E01003685,0,1
2025010577617,2025,010577617,2,9,0,99,99,9,9,99,99,9,9,99,9,99,1,9,6,6,1,32,6,-1,-1,-1,-1,6,E01000566,0,4
2025010577618,2025,010577618,1,9,0,-1,-1,8,4,0,0,4,0,0,0,0,1,1,-1,-1,2,65,9,-1,-1,-1,-1,-1,-1,0,-1
2025010577618,2025,010577618,2,1,0,-1,-1,3,7,0,0,8,0,0,0,0,1,1,-1,-1,2,26,6,-1,-1,-1,-1,7,E01000228,0,2
2025010577621,2025,010577621,1,9,0,11,11,5,1,2,2,0,0,0,1,0,0,1,-1,-1,1,27,6,-1,-1,-1,-1,2,E01003783,0,3
2025010577621,2025,010577621,2,11,0,-1,-1,5,1,2,2,0,0,0,0,0,0,1,1,1,2,21,5,-1,-1,-1,-1,3,E01001503,0,2
2025010577622,2025,010577622,1,19,0,-1,-1,5,1,0,0,0,1,10,1,1,4,1,-1,-1,1,43,7,-1,-1,-1,-1,3,E01002701,0,2
2025010577625,2025,010577625,1,9,0,99,99,9,9,99,99,8,9,99,9,99,2,9,6,6,2,24,5,-1,-1,-1,-1,8,E01021433,0,1
2025010577625,2025,010577625,2,9,0,99,99,9,9,99,99,8,9,99,9,99,1,9,6,6,3,59,9,-1,-1,-1,-1,6,E01004353,0,3
2025010577636,2025,010577636,1,3,0,-1,-1,5,1,0,0,1,0,0,0,0,3,1,2,2,1,27,6,-1,-1,-1,-1,5,E01001658,0,3
2025010577636,2025,010577636,2,1,0,7,7,5,7,0,0,5,0,0,0,0,4,1,2,2,1,30,6,-1,-1,-1,-1,3,E01004322,0,2
2025010577638,2025,010577638,3,9,0,3,3,3,7,0,0,1,0,0,0,0,2,1,-1,-1,1,-1,-1,-1,-1,-1,-1,-1,-1,0,-1
2025010577638,2025,010577638,5,3,0,3,3,1,5,0,0,1,0,0,0,0,0,1,1,1,1,37,7,-1,-1,-1,-1,3,E01004010,0,2
2025010577638,2025,010577638,2,9,0,-1,-1,3,7,0,0,1,0,0,0,0,0,1,-1,-1,1,28,6,-1,-1,-1,-1,-1,-1,0,-1
2025010577638,2025,010577638,1,19,0,-1,-1,3,7,0,0,1,2,4,0,0,1,1,-1,-1,1,30,6,-1,-1,-1,-1,6,E01002792,0,1
2025010577638,2025,010577638,4,19,0,4,4,3,7,0,0,1,0,0,0,0,0,1,-1,-1,1,-1,-1,-1,-1,-1,-1,2,E01001815,0,1
2025010577639,2025,010577639,2,3,0,7,7,1,4,0,0,0,5,0,0,0,1,1,1,1,1,30,6,-1,-1,-1,-1,4,E01000531,0,1
2025010577639,2025,010577639,1,3,0,-1,-1,1,5,0,0,0,0,0,0,0,1,1,1,1,1,35,6,-1,-1,-1,-1,3,E01000138,0,1
2025010577644,2025,010577644,2,3,0,-1,-1,7,3,0,0,0,0,0,0,0,1,1,2,2,1,20,4,-1,-1,-1,-1,2,E01003239,0,1
2025010577644,2025,010577644,1,9,0,15,15,3,7,0,0,0,0,0,0,0,4,1,-1,-1,2,29,6,-1,-1,-1,-1,9,E01000708,0,1
2025010577646,2025,010577646,2,9,0,-1,-1,5,1,0,0,1,0,0,0,0,1,2,6,6,3,-1,-1,-1,-1,-1,-1,-1,-1,0,-1
2025010577646,2025,010577646,1,9,0,3,3,5,1,0,0,1,0,0,0,0,0,1,-1,-1,2,33,6,-1,-1,-1,-1,-1,-1,0,-1
2025010577647,2025,010577647,1,3,0,-1,-1,5,1,0,0,0,0,0,0,0,1,1,6,6,3,-1,-1,-1,-1,-1,-1,-1,-1,0,-1
2025010577656,2025,010577656,2,9,0,99,99,9,9,99,99,6,9,99,9,99,9,9,6,6,3,-1,-1,-1,-1,-1,-1,6,E01004451,0,1
2025010577656,2025,010577656,1,9,0,99,99,9,9,99,99,1,9,99,9,99,9,9,2,2,2,61,9,-1,-1,-1,-1,4,E01021996,0,4