collision_index,collision_year,collision_ref_no,vehicle_reference,vehicle_type,towing_and_articulation,vehicle_manoeuvre_historic,vehicle_manoeuvre,vehicle_direction_from,vehicle_direction_to,vehicle_location_restricted_lane_historic,vehicle_location_restricted_lane,junction_location,skidding_and_overturning,hit_object_in_carriageway,vehicle_leaving_carriageway,hit_object_off_carriageway,first_point_of_impact,vehicle_left_hand_drive,journey_purpose_of_driver_historic,journey_purpose_of_driver,sex_of_driver,age_of_driver,age_band_of_driver,engine_capacity_cc,propulsion_code,age_of_vehicle,generic_make_model,driver_imd_decile,lsoa_of_driver,escooter_flag,driver_distance_banding
2025010577963,2025,010577963,1,9,0,9,9,5,2,0,0,6,0,0,0,0,3,1,6,6,1,44,7,-1,-1,-1,-1,8,E01034386,0,2
2025010577966,2025,010577966,1,9,0,-1,-1,1,5,0,0,1,0,0,0,0,0,1,-1,-1,1,30,6,-1,-1,-1,-1,5,E01004439,0,1
2025010577966,2025,010577966,3,9,0,-1,-1,1,5,0,0,1,0,0,0,0,0,1,6,6,1,-1,-1,-1,-1,-1,-1,9,E01017807,0,4
2025010577966,2025,010577966,2,9,0,-1,-1,5,1,0,0,1,0,0,0,0,0,1,-1,-1,1,41,7,-1,-1,-1,-1,5,E01026435,0,5
2025010577967,2025,010577967,1,9,0,-1,-1,8,4,0,0,0,0,0,0,0,1,1,6,6,3,25,5,-1,-1,-1,-1,-1,-1,0,-1
2025010577970,2025,010577970,1,1,9,99,99,9,9,99,99,3,9,99,9,99,2,1,2,2,3,24,5,-1,-1,-1,-1,5,E01032769,0,1
2025010577970,2025,010577970,2,8,0,99,99,9,9,99,99,4,9,99,9,99,1,9,6,6,3,-1,-1,-1,-1,-1,-1,-1,-1,0,-1
2025010577971,2025,010577971,1,9,0,7,7,1,4,0,0,1,0,0,0,0,1,1,1,1,1,54,8,-1,-1,-1,-1,3,E01004231,0,1
2025010577972,2025,010577972,3,19,0,2,2,0,0,9,9,1,0,0,0,0,2,1,6,6,-1,-1,-1,-1,-1,-1,-1,-1,-1,0,-1
2025010577972,2025,010577972,2,4,0,-1,-1,7,3,0,0,2,0,4,0,0,1,1,6,6,1,44,7,-1,-1,-1,-1,1,E01003347,0,1
2025010577972,2025,010577972,1,9,0,-1,-1,7,3,0,0,1,0,0,0,0,0,1,-1,-1,1,34,6,-1,-1,-1,-1,3,E01003221,0,1
2025010577975,2025,010577975,1,9,0,99,99,9,9,99,99,9,9,99,9,99,2,9,6,6,1,61,9,-1,-1,-1,-1,5,E01001007,0,2
2025010577977,2025,010577977,1,9,0,-1,-1,7,3,0,0,0,0,0,0,0,4,1,-1,-1,1,54,8,-1,-1,-1,-1,4,E01001514,0,1
2025010577983,2025,010577983,1,9,0,99,99,9,9,99,99,8,9,99,9,99,1,9,6,6,2,58,9,-1,-1,-1,-1,7,E01002226,0,1
2025010577983,2025,010577983,2,9,0,99,99,9,9,99,99,8,9,99,9,99,9,9,6,6,3,-1,-1,-1,-1,-1,-1,-1,-1,0,-1
2025010577985,2025,010577985,1,90,0,99,99,9,9,99,99,9,9,99,9,99,1,9,6,6,3,-1,-1,-1,-1,-1,-1,-1,-1,0,-1
2025010577990,2025,010577990,1,11,0,-1,-1,3,7,2,2,0,0,0,0,0,4,1,1,1,1,22,5,-1,-1,-1,-1,3,E01002612,0,1
2025010577993,2025,010577993,2,9,0,99,99,9,9,99,99,8,9,99,9,99,9,9,6,6,3,37,7,-1,-1,-1,-1,2,E01002316,0,1
2025010577993,2025,010577993,1,3,0,99,99,9,9,99,99,8,9,99,9,99,2,1,1,1,1,26,6,-1,-1,-1,-1,9,E01002384,0,1
2025010577996,2025,010577996,1,9,0,99,99,9,9,99,99,4,9,99,9,99,1,9,6,6,1,29,6,-1,-1,-1,-1,5,E01001615,0,1
2025010577996,2025,010577996,2,9,0,99,99,9,9,99,99,4,9,99,9,99,2,9,6,6,3,-1,-1,-1,-1,-1,-1,-1,-1,0,-1
2025010577997,2025,010577997,1,1,9,99,99,9,9,99,99,9,9,99,9,99,9,1,6,6,2,31,6,-1,-1,-1,-1,7,E01001929,0,2
2025010577997,2025,010577997,2,9,0,99,99,9,9,99,99,9,9,99,9,99,9,9,6,6,1,48,8,-1,-1,-1,-1,1,E01005167,0,5
2025010577999,2025,010577999,1,3,0,99,99,9,9,99,99,0,9,99,9,99,1,1,1,1,1,37,7,-1,-1,-1,-1,7,E01002187,0,1
2025010577999,2025,010577999,2,9,0,99,99,9,9,99,99,0,9,99,9,99,1,9,6,6,3,-1,-1,-1,-1,-1,-1,-1,-1,0,-1
2025010578000,2025,010578000,1,3,0,-1,-1,1,5,0,0,1,1,0,0,0,1,1,6,6,3,-1,-1,-1,-1,-1,-1,-1,-1,0,-1
2025010578000,2025,010578000,2,1,0,9,9,3,1,0,0,2,0,0,0,0,1,1,6,6,1,35,6,-1,-1,-1,-1,8,E01003355,0,1
2025010578005,2025,010578005,2,9,0,99,99,9,9,99,99,4,9,99,9,99,9,9,6,6,1,45,7,-1,-1,-1,-1,6,E01002533,0,1
2025010578005,2025,010578005,1,1,9,99,99,9,9,99,99,4,9,99,9,99,9,1,6,6,1,35,6,-1,-1,-1,-1,5,E01001319,0,1
2025010578006,2025,010578006,1,9,0,9,9,1,7,0,0,2,0,0,0,0,3,1,6,6,2,46,8,-1,-1,-1,-1,7,E01002577,0,1
2025010578006,2025,010578006,2,3,0,13,13,5,1,0,0,1,0,0,0,0,1,1,6,6,1,19,4,-1,-1,-1,-1,9,E01002107,0,3
2025010578007,2025,010578007,1,11,0,-1,-1,3,7,0,0,1,0,0,0,0,1,1,1,1,1,62,9,-1,-1,-1,-1,7,E01001871,0,2
2025010578008,2025,010578008,1,9,0,-1,-1,4,8,0,0,0,0,0,0,0,4,1,6,6,3,-1,-1,-1,-1,-1,-1,-1,-1,0,-1
2025010578009,2025,010578009,1,9,0,-1,-1,8,4,0,0,0,0,0,0,0,1,1,6,6,1,62,9,-1,-1,-1,-1,2,E01002784,0,1
2025010578009,2025,010578009,2,1,0,-1,-1,4,8,0,0,0,0,0,0,0,1,1,-1,-1,1,13,3,-1,-1,-1,-1,3,E01004349,0,2
2025010578010,2025,010578010,1,9,0,4,4,7,3,0,0,0,0,0,0,0,2,1,-1,-1,1,22,5,-1,-1,-1,-1,4,E01001684,0,1
2025010578010,2025,010578010,2,3,0,-1,-1,7,3,0,0,0,0,0,0,0,1,1,1,1,1,34,6,-1,-1,-1,-1,4,E01003785,0,3
2025010578016,2025,010578016,2,9,0,5,5,7,3,0,0,1,0,12,0,0,1,1,-1,-1,1,34,6,-1,-1,-1,-1,6,E01034485,0,1
2025010578016,2025,010578016,1,3,0,9,9,7,5,0,0,1,0,12,0,0,1,1,6,6,1,34,6,-1,-1,-1,-1,2,E01004423,0,1
2025010578017,2025,010578017,2,9,0,7,7,9,9,99,99,9,9,99,9,99,2,9,6,6,1,68,10,-1,-1,-1,-1,1,E01001740,0,3
2025010578017,2025,010578017,1,1,9,-1,-1,9,9,99,99,9,9,99,9,99,1,1,6,6,1,20,4,-1,-1,-1,-1,6,E01004497,0,3
2025010578018,2025,010578018,1,9,0,9,9,8,6,0,0,1,0,0,0,0,4,1,-1,-1,2,51,8,-1,-1,-1,-1,4,E01003626,0,4
2025010578018,2025,010578018,2,3,0,-1,-1,4,8,0,0,1,0,0,0,0,1,1,-1,-1,2,30,6,-1,-1,-1,-1,4,E01000616,0,1
2025010578019,2025,010578019,2,3,0,-1,-1,1,5,0,0,1,0,0,0,0,1,1,6,6,1,37,7,-1,-1,-1,-1,6,E01002062,0,1
2025010578019,2025,010578019,1,9,0,10,10,5,3,0,0,2,0,0,0,0,1,1,-1,-1,1,23,5,-1,-1,-1,-1,2,E01001477,0,1
2025010578021,2025,010578021,1,3,0,13,13,3,7,0,0,2,0,0,0,0,1,1,6,6,1,17,4,-1,-1,-1,-1,1,E01002842,0,1
2025010578026,2025,010578026,2,9,0,7,7,3,4,0,0,0,0,0,0,0,4,1,-1,-1,1,17,4,-1,-1,-1,-1,4,E01001015,0,4
2025010578026,2025,010578026,1,11,0,-1,-1,3,7,2,2,0,0,0,0,0,1,1,1,1,1,55,8,-1,-1,-1,-1,4,E01001903,0,1
2025010578031,2025,010578031,2,9,0,-1,-1,7,3,0,0,2,0,0,1,0,3,1,2,2,1,49,8,-1,-1,-1,-1,8,E01003814,0,1
2025010578031,2025,010578031,1,9,0,-1,-1,5,1,0,0,1,0,0,0,0,3,1,6,6,1,38,7,-1,-1,-1,-1,10,E01003883,0,1
2025010578034,2025,010578034,2,9,0,7,7,3,5,0,0,6,0,0,0,0,1,1,6,6,1,58,9,-1,-1,-1,-1,3,E01001188,0,2
2025010578034,2025,010578034,1,3,0,-1,-1,1,5,0,0,1,0,0,0,0,1,1,6,6,1,22,5,-1,-1,-1,-1,7,E01001058,0,1
2025010578035,2025,010578035,1,11,0,4,4,7,3,0,0,1,0,0,0,0,1,1,1,1,1,61,9,-1,-1,-1,-1,-1,-1,0,-1
2025010578036,2025,010578036,1,9,0,-1,-1,1,5,0,0,2,5,10,0,0,1,1,6,6,1,27,6,-1,-1,-1,-1,-1,-1,0,-1
2025010578037,2025,010578037,1,9,0,4,4,5,1,0,0,0,0,0,0,0,2,1,-1,-1,1,44,7,-1,-1,-1,-1,2,E01002053,0,1
2025010578041,2025,010578041,1,9,0,99,99,9,9,99,99,0,9,99,9,99,1,9,6,6,2,33,6,-1,-1,-1,-1,3,E01034484,0,1
2025010578048,2025,010578048,2,9,9,99,99,9,9,99,99,1,9,99,9,99,9,9,6,6,3,-1,-1,-1,-1,-1,-1,-1,-1,0,-1
2025010578048,2025,010578048,1,1,9,99,99,9,9,99,99,1,9,99,9,99,9,1,2,2,1,33,6,-1,-1,-1,-1,6,E01004002,0,1
2025010578053,2025,010578053,2,9,0,3,3,1,5,0,0,1,0,0,7,3,2,1,-1,-1,1,-1,-1,-1,-1,-1,-1,-1,-1,0,-1
2025010578053,2025,010578053,1,9,0,-1,-1,5,1,0,0,1,0,0,0,0,1,1,-1,-1,2,28,6,-1,-1,-1,-1,6,E01002754,0,2
2025010578058,2025,010578058,1,9,0,6,6,5,5,0,0,0,0,0,0,0,2,1,-1,-1,1,29,6,-1,-1,-1,-1,5,E01001157,0,2
2025010578058,2025,010578058,2,-1,0,-1,-1,5,1,0,0,0,0,0,0,0,2,1,-1,-1,1,19,4,-1,-1,-1,-1,4,E01003127,0,1
2025010578061,2025,010578061,1,9,0,-1,-1,7,3,0,0,1,0,0,0,0,1,1,-1,-1,1,28,6,-1,-1,-1,-1,-1,-1,0,-1
2025010578061,2025,010578061,2,1,0,-1,-1,1,5,0,0,1,0,0,0,0,3,1,6,6,1,22,5,-1,-1,-1,-1,3,E01001591,0,1
2025010578063,2025,010578063,1,9,0,-1,-1,3,7,0,0,4,0,10,0,0,1,1,-1,-1,1,24,5,-1,-1,-1,-1,2,E01001625,0,1
2025010578069,2025,010578069,2,9,0,-1,-1,1,5,0,0,1,0,0,0,0,1,1,1,1,1,36,7,-1,-1,-1,-1,2,E01034208,0,1
2025010578069,2025,010578069,1,9,0,-1,-1,7,3,0,0,2,0,0,4,10,4,1,1,1,1,44,7,-1,-1,-1,-1,7,E01000414,0,2
2025010578070,2025,010578070,1,1,0,-1,-1,8,4,2,2,2,0,0,0,0,1,1,-1,-1,1,41,7,-1,-1,-1,-1,4,E01002707,0,1
2025010578074,2025,010578074,2,3,0,-1,-1,7,3,0,0,1,0,0,1,1,1,1,6,6,1,23,5,-1,-1,-1,-1,-1,-1,0,-1
2025010578074,2025,010578074,1,9,0,9,9,3,1,0,0,5,0,0,0,0,1,1,-1,-1,1,21,5,-1,-1,-1,-1,3,E01004710,0,2
2025010578076,2025,010578076,2,1,0,-1,-1,6,2,0,0,1,1,7,4,1,4,1,6,6,1,43,7,-1,-1,-1,-1,-1,-1,0,-1
2025010578076,2025,010578076,1,8,0,-1,-1,8,4,0,0,1,0,0,0,0,1,1,1,1,1,45,7,-1,-1,-1,-1,2,E01034479,0,3
2025010578078,2025,010578078,2,1,9,99,99,9,9,99,99,9,9,99,9,99,9,1,6,6,3,-1,-1,-1,-1,-1,-1,-1,-1,0,-1
2025010578078,2025,010578078,1,1,9,99,99,9,9,99,99,9,9,99,9,99,9,1,6,6,1,43,7,-1,-1,-1,-1,7,E01032771,0,1
2025010578080,2025,010578080,2,1,0,-1,-1,7,3,0,0,2,0,0,0,0,2,1,-1,-1,1,41,7,-1,-1,-1,-1,3,E01002730,0,1
2025010578080,2025,010578080,1,9,0,-1,-1,7,3,0,0,2,0,0,0,0,1,1,6,6,1,45,7,-1,-1,-1,-1,4,E01001739,0,1
2025010578090,2025,010578090,1,9,0,11,11,5,1,0,0,1,0,0,1,2,4,1,-1,-1,1,41,7,-1,-1,-1,-1,4,E01033929,0,1
2025010578092,2025,010578092,1,9,0,9,9,3,1,0,0,6,0,0,0,0,3,1,2,2,2,24,5,-1,-1,-1,-1,2,E01001849,0,1
2025010578092,2025,010578092,2,9,0,-1,-1,1,5,0,0,8,0,0,0,0,1,1,6,6,1,23,5,-1,-1,-1,-1,6,E01001163,0,3
2025010578094,2025,010578094,1,1,9,-1,-1,9,9,99,99,9,9,99,9,99,1,1,6,6,2,35,6,-1,-1,-1,-1,4,E01004057,0,3
2025010578094,2025,010578094,2,9,9,7,7,9,9,99,99,9,9,99,9,99,9,9,6,6,3,-1,-1,-1,-1,-1,-1,9,E01000667,0,1
2025010578096,2025,010578096,2,-1,0,-1,-1,7,3,0,0,8,0,0,0,0,0,1,6,6,1,53,8,-1,-1,-1,-1,8,E01000241,0,1
2025010578096,2025,010578096,1,9,0,-1,-1,3,7,0,0,6,0,0,0,0,1,1,6,6,1,29,6,-1,-1,-1,-1,6,E01000150,0,1
2025010578097,2025,010578097,1,9,0,-1,-1,0,0,0,0,0,0,0,0,0,3,1,-1,-1,2,44,7,-1,-1,-1,-1,7,E01017736,0,4
2025010578097,2025,010578097,2,1,0,-1,-1,6,2,0,0,0,0,8,0,0,1,1,-1,-1,1,58,9,-1,-1,-1,-1,-1,-1,0,-1
2025010578100,2025,010578100,2,1,9,99,99,9,9,99,99,1,9,99,9,99,1,1,6,6,3,-1,-1,-1,-1,-1,-1,5,E01033083,0,1
2025010578100,2025,010578100,1,9,0,99,99,9,9,99,99,8,9,99,9,99,1,9,6,6,1,38,7,-1,-1,-1,-1,6,E01002616,0,1
2025010578105,2025,010578105,1,1,0,-1,-1,1,5,0,0,0,0,0,1,0,1,1,-1,-1,1,36,7,-1,-1,-1,-1,-1,-1,0,-1
2025010578106,2025,010578106,1,97,0,-1,-1,5,1,0,0,1,0,99,9,99,9,1,6,6,3,-1,-1,-1,-1,-1,-1,-1,-1,0,-1
2025010578108,2025,010578108,1,8,0,99,99,9,9,99,99,1,9,99,9,99,9,9,6,6,1,58,9,-1,-1,-1,-1,6,E01001419,0,3
2025010578116,2025,010578116,1,11,0,5,5,5,1,2,2,1,0,0,0,0,0,1,1,1,2,32,6,-1,-1,-1,-1,4,E01003301,0,1
2025010578119,2025,010578119,2,9,0,3,3,1,5,0,0,0,0,0,0,0,3,1,-1,-1,1,-1,-1,-1,-1,-1,-1,5,E01001681,0,1
2025010578119,2025,010578119,3,9,0,3,3,1,5,0,0,0,0,0,0,0,4,1,-1,-1,2,-1,-1,-1,-1,-1,-1,5,E01001681,0,1
2025010578119,2025,010578119,1,9,0,-1,-1,7,3,0,0,0,5,0,0,0,4,1,-1,-1,2,20,4,-1,-1,-1,-1,2,E01024840,0,4
2025010578120,2025,010578120,2,9,0,99,99,9,9,99,99,1,9,99,9,99,9,9,6,6,3,-1,-1,-1,-1,-1,-1,-1,-1,0,-1
2025010578120,2025,010578120,1,1,9,99,99,9,9,99,99,1,9,99,9,99,9,1,1,1,1,25,5,-1,-1,-1,-1,6,E01003386,0,2
2025010578126,2025,010578126,1,9,0,-1,-1,5,1,0,0,1,0,0,0,0,1,1,6,6,1,33,6,-1,-1,-1,-1,3,E01001856,0,1
2025010578126,2025,010578126,2,3,0,-1,-1,3,7,0,0,1,5,0,0,0,1,1,6,6,1,17,4,-1,-1,-1,-1,6,E01001897,0,1
2025010578133,2025,010578133,1,1,0,-1,-1,1,5,0,0,0,0,0,0,0,1,1,6,6,3,-1,-1,-1,-1,-1,-1,-1,-1,0,-1
2025010578136,2025,010578136,2,9,0,2,2,0,0,9,9,0,0,0,0,0,4,1,6,6,-1,-1,-1,-1,-1,-1,-1,-1,-1,0,-1
2025010578136,2025,010578136,3,9,0,2,2,0,0,9,9,0,0,0,0,0,2,1,6,6,-1,-1,-1,-1,-1,-1,-1,-1,-1,0,-1
2025010578136,2025,010578136,1,9,0,4,4,6,2,0,0,0,0,4,0,0,4,1,-1,-1,1,17,4,-1,-1,-1,-1,2,E01004871,0,5
2025010578138,2025,010578138,1,3,0,-1,-1,8,4,0,0,0,0,0,0,0,4,1,-1,-1,1,24,5,-1,-1,-1,-1,6,E01002586,0,1
2025010578138,2025,010578138,2,9,0,9,9,2,8,0,0,0,0,0,0,0,3,1,-1,-1,1,62,9,-1,-1,-1,-1,10,E01028685,0,4
2025010578142,2025,010578142,2,4,0,99,99,9,9,99,99,0,9,99,9,99,9,1,6,6,3,-1,-1,-1,-1,-1,-1,-1,-1,0,-1
2025010578142,2025,010578142,1,1,9,99,99,9,9,99,99,0,9,99,9,99,9,1,1,1,1,52,8,-1,-1,-1,-1,3,E01001807,0,1
2025010578144,2025,010578144,2,1,0,-1,-1,1,5,0,0,0,0,0,0,0,2,1,2,2,1,26,6,-1,-1,-1,-1,2,E01003325,0,1
2025010578144,2025,010578144,1,9,0,-1,-1,1,5,0,0,0,0,0,0,0,1,1,2,2,3,25,5,-1,-1,-1,-1,-1,-1,0,-1
2025010578150,2025,010578150,2,9,0,99,99,9,9,99,99,4,9,99,9,99,1,9,6,6,2,-1,-1,-1,-1,-1,-1,4,E01004756,0,3
2025010578150,2025,010578150,1,9,0,99,99,9,9,99,99,4,9,99,9,99,2,9,1,1,1,47,8,-1,-1,-1,-1,6,E01002113,0,3
2025010578154,2025,010578154,1,9,0,-1,-1,1,5,0,0,0,0,0,0,0,2,1,-1,-1,1,25,5,-1,-1,-1,-1,-1,-1,0,-1
2025010578154,2025,010578154,2,9,0,-1,-1,1,5,0,0,0,0,0,0,0,1,1,-1,-1,1,46,8,-1,-1,-1,-1,5,E01004414,0,2
2025010578157,2025,010578157,1,9,0,-1,-1,7,3,0,0,0,1,7,1,11,1,1,6,6,2,40,7,-1,-1,-1,-1,3,E01003490,0,1
2025010578160,2025,010578160,2,9,0,99,99,9,9,99,99,9,9,99,9,99,1,9,6,6,3,38,7,-1,-1,-1,-1,5,E01034227,0,1
2025010578160,2025,010578160,1,1,9,99,99,9,9,99,99,9,9,99,9,99,1,1,6,6,2,23,5,-1,-1,-1,-1,5,E01034229,0,1
2025010578168,2025,010578168,2,9,0,99,99,9,9,99,99,9,9,99,9,99,1,9,6,6,1,36,7,-1,-1,-1,-1,6,E01000265,0,1
2025010578168,2025,010578168,1,9,0,99,99,9,9,99,99,9,9,99,9,99,9,9,6,6,1,32,6,-1,-1,-1,-1,5,E01001347,0,3
2025010578170,2025,010578170,2,1,9,-1,-1,9,9,99,99,1,9,99,9,99,2,1,6,6,2,-1,-1,-1,-1,-1,-1,-1,-1,0,-1
2025010578170,2025,010578170,1,9,0,3,3,9,9,99,99,1,9,99,9,99,2,9,6,6,2,34,6,-1,-1,-1,-1,6,E01004497,0,1
2025010578171,2025,010578171,2,9,0,11,11,3,7,0,0,0,0,0,0,0,4,1,-1,-1,1,33,6,-1,-1,-1,-1,4,E01016003,0,4
2025010578171,2025,010578171,1,5,0,-1,-1,3,7,0,0,0,1,10,0,0,3,1,6,6,1,40,7,-1,-1,-1,-1,1,E01021271,0,4
2025010578173,2025,010578173,1,9,0,99,99,9,9,99,99,0,9,99,9,99,9,9,6,6,1,40,7,-1,-1,-1,-1,7,E01000377,0,1
2025010578173,2025,010578173,2,8,0,99,99,9,9,99,99,0,9,99,9,99,9,9,6,6,1,56,9,-1,-1,-1,-1,1,E01033873,0,3
2025010578174,2025,010578174,1,9,0,99,99,9,9,99,99,0,9,99,9,99,2,9,6,6,1,-1,-1,-1,-1,-1,-1,3,E01000800,0,1
2025010578175,2025,010578175,1,9,0,-1,-1,8,4,0,0,1,0,0,0,0,0,1,6,6,1,33,6,-1,-1,-1,-1,2,E01001339,0,1
2025010578176,2025,010578176,1,9,0,99,99,9,9,99,99,9,9,99,9,99,1,9,6,6,1,57,9,-1,-1,-1,-1,10,E01005716,0,5
2025010578177,2025,010578177,1,9,0,99,99,9,9,99,99,9,9,99,9,99,2,9,6,6,3,-1,-1,-1,-1,-1,-1,9,E01031004,0,4
2025010578179,2025,010578179,1,1,0,5,5,3,7,5,5,2,2,0,0,0,1,1,-1,-1,1,12,3,-1,-1,-1,-1,-1,-1,0,-1
2025010578180,2025,010578180,1,3,0,-1,-1,3,7,0,0,1,0,0,0,0,3,1,-1,-1,1,45,7,-1,-1,-1,-1,2,E01002793,0,1
2025010578183,2025,010578183,1,3,0,-1,-1,5,1,0,0,3,0,0,0,0,2,1,-1,-1,1,19,4,-1,-1,-1,-1,5,E01016577,0,2
2025010578183,2025,010578183,2,9,0,-1,-1,5,1,0,0,3,0,0,0,0,4,1,6,6,3,-1,-1,-1,-1,-1,-1,-1,-1,0,-1
2025010578186,2025,010578186,1,1,0,-1,-1,6,2,0,0,1,0,0,0,0,1,1,6,6,3,-1,-1,-1,-1,-1,-1,-1,-1,0,-1
2025010578190,2025,010578190,2,1,0,-1,-1,3,7,0,0,1,0,0,0,0,1,1,6,6,1,15,3,-1,-1,-1,-1,6,E01001312,0,1
2025010578190,2025,010578190,1,11,0,-1,-1,1,5,0,0,1,0,0,0,0,1,1,1,1,1,55,8,-1,-1,-1,-1,8,E01003796,0,4
2025010578193,2025,010578193,1,90,0,99,99,9,9,99,99,1,9,99,9,99,1,9,-1,-1,3,-1,-1,-1,-1,-1,-1,-1,-1,0,-1
2025010578195,2025,010578195,1,9,9,99,99,9,9,99,99,4,9,99,9,99,2,9,6,6,2,46,8,-1,-1,-1,-1,2,E01001054,0,1
2025010578195,2025,010578195,2,9,0,99,99,9,9,99,99,4,9,99,9,99,1,9,6,6,3,-1,-1,-1,-1,-1,-1,-1,-1,0,-1
2025010578201,2025,010578201,1,99,9,99,99,9,9,99,99,6,9,99,9,99,9,1,6,6,3,-1,-1,-1,-1,-1,-1,-1,-1,0,-1
2025010578204,2025,010578204,2,9,9,99,99,9,9,0,0,1,0,99,0,0,9,1,6,6,1,34,6,-1,-1,-1,-1,6,E01002125,0,3
2025010578204,2025,010578204,1,1,9,99,99,9,9,99,99,9,9,99,9,99,9,1,6,6,1,51,8,-1,-1,-1,-1,3,E01001466,0,1
2025010578206,2025,010578206,1,9,0,99,99,9,9,99,99,9,9,99,9,99,2,9,6,6,1,28,6,-1,-1,-1,-1,3,E01017619,0,4
2025010578207,2025,010578207,2,9,9,99,99,9,9,99,99,9,9,99,9,99,9,9,6,6,3,-1,-1,-1,-1,-1,-1,-1,-1,0,-1
2025010578207,2025,010578207,1,9,0,99,99,9,9,99,99,9,9,99,9,99,2,9,6,6,3,-1,-1,-1,-1,-1,-1,4,E01021498,0,4
2025010578216,2025,010578216,1,9,0,-1,-1,7,3,0,0,0,0,0,0,0,1,1,6,6,3,-1,-1,-1,-1,-1,-1,-1,-1,0,-1
2025010578217,2025,010578217,1,9,0,7,7,1,3,0,0,1,1,0,1,11,1,1,6,6,1,25,5,-1,-1,-1,-1,-1,-1,0,-1
2025010578217,2025,010578217,2,19,0,-1,-1,3,7,0,0,1,0,0,0,0,1,1,1,1,1,37,7,-1,-1,-1,-1,5,E01002184,0,1
2025010578222,2025,010578222,2,5,0,-1,-1,7,3,0,0,4,0,0,0,0,2,1,6,6,1,52,8,-1,-1,-1,-1,9,E01023102,0,4
2025010578222,2025,010578222,1,8,0,-1,-1,7,3,0,0,4,0,0,0,0,1,1,1,1,1,48,8,-1,-1,-1,-1,3,E01034038,0,2
2025010578224,2025,010578224,2,9,9,99,99,9,9,99,99,6,9,99,9,99,9,9,6,6,3,-1,-1,-1,-1,-1,-1,-1,-1,0,-1
2025010578224,2025,010578224,1,9,0,99,99,9,9,99,99,8,9,99,9,99,9,9,6,6,2,30,6,-1,-1,-1,-1,2,E01001482,0,1
2025010578226,2025,010578226,2,9,0,1,1,1,5,0,0,1,0,0,0,0,2,9,6,6,2,-1,-1,-1,-1,-1,-1,-1,-1,0,-1
2025010578226,2025,010578226,1,9,9,3,3,5,1,0,0,1,0,0,0,0,1,9,6,6,2,48,8,-1,-1,-1,-1,3,E01002303,0,3
2025010578228,2025,010578228,1,3,9,99,99,9,9,99,99,0,9,99,9,99,9,1,1,1,3,20,4,-1,-1,-1,-1,2,E01004239,0,1
2025010578230,2025,010578230,2,9,0,99,99,9,9,99,99,0,9,99,9,99,9,9,-1,-1,3,-1,-1,-1,-1,-1,-1,-1,-1,0,-1
2025010578230,2025,010578230,1,9,0,99,99,9,9,99,99,0,9,99,9,99,9,9,-1,-1,2,22,5,-1,-1,-1,-1,8,E01004386,0,2
2025010578236,2025,010578236,1,9,0,-1,-1,1,5,0,0,1,0,10,0,0,9,9,6,6,1,36,7,-1,-1,-1,-1,5,E01000310,0,1
2025010578240,2025,010578240,1,1,9,99,99,9,9,99,99,1,9,99,9,99,1,1,6,6,3,-1,-1,-1,-1,-1,-1,-1,-1,0,-1
2025010578242,2025,010578242,1,99,9,99,99,9,9,99,99,0,9,99,9,99,1,1,6,6,3,-1,-1,-1,-1,-1,-1,-1,-1,0,-1
2025010578243,2025,010578243,1,1,0,-1,-1,7,3,0,0,1,0,0,0,0,1,1,6,6,1,43,7,-1,-1,-1,-1,2,E01000603,0,2
2025010578244,2025,010578244,1,3,9,99,99,9,9,99,99,9,9,99,9,99,9,1,6,6,3,-1,-1,-1,-1,-1,-1,-1,-1,0,-1
2025010578254,2025,010578254,2,19,0,99,99,9,9,99,99,1,9,99,9,99,1,9,6,6,3,42,7,-1,-1,-1,-1,3,E01004584,0,1
2025010578254,2025,010578254,1,9,0,99,99,9,9,99,99,1,9,99,9,99,2,9,6,6,2,34,6,-1,-1,-1,-1,5,E01033099,0,1
2025010578256,2025,010578256,1,9,0,9,9,7,4,0,0,5,0,0,0,0,1,1,6,6,2,69,10,-1,-1,-1,-1,-1,-1,0,-1
2025010578257,2025,010578257,1,8,0,99,99,9,9,99,99,9,9,99,9,99,1,9,6,6,3,-1,-1,-1,-1,-1,-1,-1,-1,0,-1
2025010578259,2025,010578259,1,1,9,99,99,9,9,99,99,9,9,99,9,99,1,1,6,6,3,-1,-1,-1,-1,-1,-1,-1,-1,0,-1
2025010578260,2025,010578260,2,1,0,-1,-1,3,7,0,0,0,0,0,0,0,1,1,6,6,1,17,4,-1,-1,-1,-1,1,E01001740,0,1
2025010578260,2025,010578260,1,8,0,-1,-1,7,3,0,0,0,0,0,0,0,1,1,1,1,1,60,9,-1,-1,-1,-1,3,E01035642,0,1
2025010578261,2025,010578261,2,9,0,99,99,9,9,99,99,9,9,99,9,99,1,9,6,6,3,-1,-1,-1,-1,-1,-1,-1,-1,0,-1
2025010578261,2025,010578261,1,4,0,99,99,9,9,99,99,9,9,99,9,99,1,1,6,6,1,28,6,-1,-1,-1,-1,8,E01028562,0,4