collision_index,collision_year,collision_ref_no,vehicle_reference,vehicle_type,towing_and_articulation,vehicle_manoeuvre_historic,vehicle_manoeuvre,vehicle_direction_from,vehicle_direction_to,vehicle_location_restricted_lane_historic,vehicle_location_restricted_lane,junction_location,skidding_and_overturning,hit_object_in_carriageway,vehicle_leaving_carriageway,hit_object_off_carriageway,first_point_of_impact,vehicle_left_hand_drive,journey_purpose_of_driver_historic,journey_purpose_of_driver,sex_of_driver,age_of_driver,age_band_of_driver,engine_capacity_cc,propulsion_code,age_of_vehicle,generic_make_model,driver_imd_decile,lsoa_of_driver,escooter_flag,driver_distance_banding
2025010578904,2025,010578904,1,8,0,99,99,9,9,99,99,0,9,99,9,99,2,9,1,1,1,46,8,-1,-1,-1,-1,4,E01003410,0,1
2025010578904,2025,010578904,2,9,0,99,99,9,9,99,99,0,9,99,9,99,1,9,6,6,1,41,7,-1,-1,-1,-1,3,E01003179,0,2
2025010578908,2025,010578908,2,9,0,99,99,9,9,99,99,2,9,99,9,99,9,9,6,6,3,63,9,-1,-1,-1,-1,6,E01016556,0,4
2025010578908,2025,010578908,1,1,9,99,99,9,9,99,99,1,9,8,9,99,9,1,2,2,1,35,6,-1,-1,-1,-1,9,E01004730,0,1
2025010578913,2025,010578913,1,9,0,-1,-1,6,2,0,0,1,0,0,0,0,1,1,2,2,2,38,7,-1,-1,-1,-1,-1,-1,0,-1
2025010578913,2025,010578913,2,9,0,3,3,6,2,0,0,1,0,0,0,0,2,1,2,2,1,34,6,-1,-1,-1,-1,6,E01023845,0,2
2025010578917,2025,010578917,2,11,0,99,99,9,9,0,0,0,0,0,0,0,9,1,1,1,3,-1,-1,-1,-1,-1,-1,-1,-1,0,-1
2025010578917,2025,010578917,1,8,0,99,99,9,9,0,0,0,0,0,0,0,9,1,1,1,3,-1,-1,-1,-1,-1,-1,-1,-1,0,-1
2025010578918,2025,010578918,2,9,0,99,99,9,9,99,99,9,9,99,9,99,3,9,6,6,1,26,6,-1,-1,-1,-1,4,E01001323,0,2
2025010578918,2025,010578918,1,1,9,99,99,9,9,99,99,9,9,99,9,99,9,1,6,6,1,41,7,-1,-1,-1,-1,7,E01000165,0,2
2025010578920,2025,010578920,2,9,9,99,99,9,9,99,99,9,9,99,9,99,9,9,6,6,3,-1,-1,-1,-1,-1,-1,3,E01003302,0,1
2025010578920,2025,010578920,1,1,9,99,99,9,9,99,99,9,9,99,9,99,9,1,6,6,3,29,6,-1,-1,-1,-1,1,E01004042,0,1
2025010578921,2025,010578921,1,9,0,9,9,5,2,0,0,1,0,0,0,0,4,1,-1,-1,2,58,9,-1,-1,-1,-1,2,E01002720,0,3
2025010578922,2025,010578922,1,1,9,99,99,9,9,99,99,1,9,99,9,99,2,1,6,6,1,41,7,-1,-1,-1,-1,4,E01001087,0,1
2025010578922,2025,010578922,2,9,0,99,99,9,9,99,99,1,9,99,9,99,1,9,6,6,3,-1,-1,-1,-1,-1,-1,-1,-1,0,-1
2025010578924,2025,010578924,1,11,0,-1,-1,3,7,0,0,4,0,0,0,0,0,1,1,1,1,39,7,-1,-1,-1,-1,3,E01001229,0,1
2025010578926,2025,010578926,1,9,0,-1,-1,7,3,0,0,1,0,0,0,0,1,1,2,2,1,31,6,-1,-1,-1,-1,-1,-1,0,-1
2025010578926,2025,010578926,2,9,0,-1,-1,3,7,0,0,1,0,0,0,0,1,1,6,6,2,48,8,-1,-1,-1,-1,8,E01024434,0,2
2025010578928,2025,010578928,1,9,0,3,3,5,1,0,0,1,0,0,0,0,2,1,6,6,2,40,7,-1,-1,-1,-1,9,E01001605,0,2
2025010578928,2025,010578928,2,19,0,4,4,5,1,0,0,1,0,0,0,0,1,1,6,6,3,35,6,-1,-1,-1,-1,2,-1,0,5
2025010578929,2025,010578929,1,9,0,99,99,9,9,99,99,9,9,99,9,99,9,9,2,2,2,34,6,-1,-1,-1,-1,6,E01002111,0,1
2025010578929,2025,010578929,2,9,0,99,99,9,9,99,99,9,9,99,9,99,1,9,6,6,3,-1,-1,-1,-1,-1,-1,-1,-1,0,-1
2025010578932,2025,010578932,1,8,0,5,5,1,5,0,0,0,0,0,0,0,1,1,-1,-1,1,43,7,-1,-1,-1,-1,5,E01004363,0,2
2025010578940,2025,010578940,1,9,0,9,9,4,1,0,0,5,0,0,0,0,1,1,2,2,1,38,7,-1,-1,-1,-1,2,E01004382,0,1
2025010578940,2025,010578940,2,1,0,-1,-1,8,4,0,0,1,0,0,0,0,1,1,-1,-1,1,30,6,-1,-1,-1,-1,9,E01003669,0,1
2025010578941,2025,010578941,2,98,9,99,99,9,9,99,99,9,9,99,9,99,9,9,1,1,3,-1,-1,-1,-1,-1,-1,10,E01017732,0,4
2025010578941,2025,010578941,1,1,9,99,99,9,9,99,99,9,9,99,9,99,9,1,2,2,1,44,7,-1,-1,-1,-1,9,E01000895,0,1
2025010578943,2025,010578943,2,9,0,99,99,9,9,99,99,8,9,99,9,99,1,9,6,6,3,-1,-1,-1,-1,-1,-1,-1,-1,0,-1
2025010578943,2025,010578943,1,1,9,99,99,9,9,99,99,8,9,99,9,99,9,1,2,2,1,56,9,-1,-1,-1,-1,9,E01002110,0,1
2025010578945,2025,010578945,1,1,9,99,99,9,9,99,99,1,9,99,9,99,1,1,2,2,1,27,6,-1,-1,-1,-1,7,E01004529,0,2
2025010578945,2025,010578945,2,9,0,99,99,9,9,99,99,5,9,99,9,99,4,9,6,6,1,66,10,-1,-1,-1,-1,3,E01003097,0,1
2025010578947,2025,010578947,1,9,0,2,2,0,0,0,0,0,0,0,0,0,2,1,6,6,-1,-1,-1,-1,-1,-1,-1,-1,-1,0,-1
2025010578947,2025,010578947,2,1,0,-1,-1,3,7,0,0,0,0,4,0,0,1,1,-1,-1,1,16,4,-1,-1,-1,-1,3,E01001731,0,1
2025010578949,2025,010578949,1,9,0,-1,-1,1,5,9,9,0,0,0,2,10,1,1,6,6,1,39,7,-1,-1,-1,-1,3,E01031455,0,4
2025010578953,2025,010578953,1,1,9,99,99,9,9,99,99,9,9,99,9,99,9,1,6,6,1,24,5,-1,-1,-1,-1,2,E01003514,0,1
2025010578953,2025,010578953,2,9,0,99,99,9,9,99,99,9,9,99,9,99,1,9,6,6,3,-1,-1,-1,-1,-1,-1,-1,-1,0,-1
2025010578958,2025,010578958,1,9,0,-1,-1,3,7,0,0,2,0,0,0,0,0,1,-1,-1,1,36,7,-1,-1,-1,-1,3,E01001830,0,1
2025010578958,2025,010578958,2,9,0,-1,-1,7,3,0,0,1,0,0,0,0,2,1,-1,-1,1,54,8,-1,-1,-1,-1,3,E01004402,0,2
2025010578958,2025,010578958,3,3,0,-1,-1,3,7,9,9,2,0,0,0,0,1,1,6,6,1,40,7,-1,-1,-1,-1,3,E01002701,0,1
2025010578962,2025,010578962,1,9,0,5,5,3,7,0,0,8,0,0,0,0,1,1,-1,-1,2,27,6,-1,-1,-1,-1,2,E01033880,0,2
2025010578962,2025,010578962,2,23,0,-1,-1,3,7,2,2,8,0,0,0,0,0,1,-1,-1,1,18,4,-1,-1,-1,-1,4,E01003224,0,1
2025010578964,2025,010578964,1,8,0,7,7,1,3,0,0,1,0,0,0,0,3,1,1,1,1,41,7,-1,-1,-1,-1,3,E01001365,0,2
2025010578964,2025,010578964,2,9,0,11,11,1,5,0,0,1,0,0,1,0,3,1,6,6,3,-1,-1,-1,-1,-1,-1,5,E01001272,0,2
2025010578965,2025,010578965,1,9,0,-1,-1,5,1,0,0,0,0,0,0,0,1,1,6,6,1,20,4,-1,-1,-1,-1,3,E01003321,0,2
2025010578973,2025,010578973,1,9,0,-1,-1,3,7,0,0,0,1,0,1,11,0,1,6,6,1,30,6,-1,-1,-1,-1,2,E01034488,0,1
2025010578973,2025,010578973,2,9,0,-1,-1,3,7,0,0,0,0,0,0,0,0,2,-1,-1,1,47,8,-1,-1,-1,-1,4,E01004401,0,1
2025010578974,2025,010578974,1,9,0,-1,-1,1,5,0,0,1,0,0,0,0,3,1,-1,-1,1,65,9,-1,-1,-1,-1,4,E01001879,0,1
2025010578974,2025,010578974,2,9,0,-1,-1,7,3,0,0,1,0,0,0,0,1,1,-1,-1,1,54,8,-1,-1,-1,-1,5,E01001933,0,1
2025010578975,2025,010578975,1,1,9,99,99,9,9,99,99,4,9,99,9,99,1,1,6,6,1,30,6,-1,-1,-1,-1,2,E01034479,0,1
2025010578975,2025,010578975,2,9,0,99,99,9,9,99,99,4,9,99,9,99,1,9,6,6,3,39,7,-1,-1,-1,-1,2,E01003488,0,1
2025010578978,2025,010578978,3,9,0,-1,-1,3,7,0,0,2,0,0,0,0,0,1,-1,-1,2,34,6,-1,-1,-1,-1,6,E01002353,0,2
2025010578978,2025,010578978,2,9,0,7,7,3,5,0,0,5,2,4,0,0,1,1,6,6,1,23,5,-1,-1,-1,-1,-1,-1,0,-1
2025010578978,2025,010578978,1,9,0,3,3,5,1,0,0,1,0,0,1,5,3,1,6,6,1,29,6,-1,-1,-1,-1,3,E01003768,0,1
2025010578980,2025,010578980,2,3,0,-1,-1,3,7,0,0,2,2,10,0,0,1,1,6,6,1,16,4,-1,-1,-1,-1,5,E01021499,0,4
2025010578980,2025,010578980,1,9,0,9,9,5,2,0,0,2,0,0,0,0,0,1,1,1,1,31,6,-1,-1,-1,-1,-1,-1,0,-1
2025010578989,2025,010578989,1,1,0,-1,-1,1,5,9,9,1,0,10,0,0,1,1,1,1,1,21,5,-1,-1,-1,-1,4,E01004462,0,1
2025010578990,2025,010578990,2,9,0,-1,-1,7,3,0,0,0,0,4,0,0,1,1,-1,-1,2,-1,-1,-1,-1,-1,-1,-1,-1,0,-1
2025010578990,2025,010578990,1,9,0,3,3,1,5,0,0,0,0,0,0,0,2,1,6,6,1,34,6,-1,-1,-1,-1,-1,-1,0,-1
2025010579004,2025,010579004,1,22,0,99,99,9,9,0,0,0,0,0,0,0,0,1,6,6,3,-1,-1,-1,-1,-1,-1,-1,-1,0,-1
2025010579005,2025,010579005,1,19,0,9,9,3,1,0,0,6,0,0,0,0,1,1,2,2,1,39,7,-1,-1,-1,-1,6,E01002182,0,3
2025010579005,2025,010579005,2,1,0,13,13,1,5,0,0,8,0,0,0,0,1,1,2,2,1,22,5,-1,-1,-1,-1,7,E01002060,0,1
2025010579012,2025,010579012,1,3,0,99,99,9,9,99,99,9,9,99,9,99,1,1,1,1,1,35,6,-1,-1,-1,-1,2,E01002067,0,2
2025010579012,2025,010579012,2,9,0,99,99,9,9,99,99,9,9,99,9,99,1,9,6,6,3,-1,-1,-1,-1,-1,-1,-1,-1,0,-1
2025010579014,2025,010579014,1,1,9,99,99,9,9,99,99,1,9,99,9,99,9,1,6,6,1,35,6,-1,-1,-1,-1,4,E01001953,0,1
2025010579014,2025,010579014,2,9,0,99,99,9,9,99,99,1,9,99,9,99,9,9,6,6,3,-1,-1,-1,-1,-1,-1,-1,-1,0,-1
2025010579018,2025,010579018,2,9,0,99,99,9,9,99,99,9,9,99,9,99,1,9,6,6,3,-1,-1,-1,-1,-1,-1,2,E01004289,0,1
2025010579018,2025,010579018,1,9,0,99,99,9,9,99,99,9,9,99,9,99,1,9,2,2,2,26,6,-1,-1,-1,-1,3,E01035674,0,1
2025010579023,2025,010579023,1,9,0,-1,-1,1,5,0,0,0,0,4,1,10,1,1,-1,-1,2,69,10,-1,-1,-1,-1,10,E01002195,0,1
2025010579023,2025,010579023,2,9,0,2,2,0,0,9,9,0,0,0,0,0,4,1,6,6,-1,-1,-1,-1,-1,-1,-1,-1,-1,0,-1
2025010579026,2025,010579026,3,9,0,-1,-1,1,5,0,0,2,0,0,0,0,0,1,-1,-1,1,45,7,-1,-1,-1,-1,4,E01004401,0,1
2025010579026,2025,010579026,2,9,0,-1,-1,5,1,0,0,1,0,0,0,0,1,1,2,2,2,43,7,-1,-1,-1,-1,3,E01004400,0,1
2025010579026,2025,010579026,1,9,0,-1,-1,1,5,0,0,2,0,0,0,0,1,1,6,6,1,42,7,-1,-1,-1,-1,2,E01004464,0,1
2025010579027,2025,010579027,2,9,0,3,3,1,5,0,0,1,0,0,0,0,3,1,-1,-1,1,-1,-1,-1,-1,-1,-1,7,E01003643,0,2
2025010579027,2025,010579027,1,9,0,3,3,1,5,0,0,1,0,0,0,0,4,1,-1,-1,1,37,7,-1,-1,-1,-1,2,E01000073,0,2
2025010579027,2025,010579027,3,9,0,-1,-1,1,5,0,0,1,2,4,0,0,3,1,6,6,2,61,9,-1,-1,-1,-1,2,E01002356,0,1
2025010579028,2025,010579028,2,9,0,99,99,9,9,99,99,5,9,99,9,99,1,9,6,6,3,-1,-1,-1,-1,-1,-1,5,E01035270,0,3
2025010579028,2025,010579028,1,3,0,99,99,9,9,99,99,1,9,99,9,99,1,1,6,6,1,37,7,-1,-1,-1,-1,5,E01000636,0,3
2025010579029,2025,010579029,2,9,0,99,99,9,9,99,99,9,9,99,9,99,9,9,6,6,3,-1,-1,-1,-1,-1,-1,-1,-1,0,-1
2025010579029,2025,010579029,1,3,0,99,99,9,9,99,99,9,9,99,9,99,1,1,6,6,1,22,5,-1,-1,-1,-1,3,E01001367,0,1
2025010579034,2025,010579034,1,9,0,-1,-1,4,8,0,0,0,0,0,0,0,1,1,2,2,1,58,9,-1,-1,-1,-1,10,E01003824,0,1
2025010579034,2025,010579034,2,9,0,-1,-1,8,4,0,0,0,0,0,0,0,1,1,2,2,2,30,6,-1,-1,-1,-1,-1,-1,0,-1
2025010579038,2025,010579038,2,1,0,-1,-1,3,7,0,0,6,0,0,0,0,1,1,6,6,1,40,7,-1,-1,-1,-1,7,E01000391,0,1
2025010579038,2025,010579038,1,9,0,7,7,3,6,0,0,6,0,0,0,0,1,1,2,2,2,23,5,-1,-1,-1,-1,8,E01000411,0,1
2025010579044,2025,010579044,1,11,0,-1,-1,1,5,0,0,2,0,0,0,0,4,1,1,1,1,68,10,-1,-1,-1,-1,1,E01003517,0,3
2025010579045,2025,010579045,2,9,0,99,99,9,9,99,99,0,9,99,9,99,9,9,6,6,3,21,5,-1,-1,-1,-1,1,E01001740,0,2
2025010579045,2025,010579045,1,23,0,99,99,9,9,99,99,0,9,99,9,99,9,1,2,2,1,40,7,-1,-1,-1,-1,6,E01023927,0,4
2025010579047,2025,010579047,2,9,0,-1,-1,1,5,0,0,6,0,0,0,0,4,1,-1,-1,2,76,11,-1,-1,-1,-1,-1,-1,0,-1
2025010579047,2025,010579047,1,9,0,10,10,3,2,0,0,6,0,0,0,0,1,2,-1,-1,2,76,11,-1,-1,-1,-1,-1,-1,0,-1
2025010579048,2025,010579048,2,9,0,-1,-1,1,5,0,0,0,0,0,0,0,1,1,6,6,3,-1,-1,-1,-1,-1,-1,-1,-1,0,-1
2025010579048,2025,010579048,1,9,0,4,4,1,5,0,0,0,0,0,0,0,2,1,-1,-1,2,67,10,-1,-1,-1,-1,10,E01023483,0,3
2025010579051,2025,010579051,2,19,0,-1,-1,0,0,0,0,2,0,0,0,0,2,2,6,6,1,78,11,-1,-1,-1,-1,4,E01001003,0,1
2025010579051,2025,010579051,1,9,0,7,7,4,7,9,9,2,0,4,2,2,1,1,-1,-1,2,24,5,-1,-1,-1,-1,3,E01001113,0,1
2025010579055,2025,010579055,1,19,0,5,5,4,8,0,0,6,0,0,0,0,1,1,1,1,1,36,7,-1,-1,-1,-1,2,E01001507,0,3
2025010579057,2025,010579057,1,9,0,15,15,1,5,0,0,2,0,0,0,0,4,1,6,6,1,25,5,-1,-1,-1,-1,-1,-1,0,-1
2025010579057,2025,010579057,2,1,0,-1,-1,1,5,0,0,2,0,0,0,0,3,1,1,1,2,56,9,-1,-1,-1,-1,2,E01003181,0,2
2025010579059,2025,010579059,2,9,0,3,3,2,6,0,0,1,0,0,0,0,1,1,6,6,3,-1,-1,-1,-1,-1,-1,-1,-1,0,-1
2025010579059,2025,010579059,1,9,0,3,3,2,6,0,0,1,0,0,0,0,2,1,6,6,1,28,6,-1,-1,-1,-1,3,E01004404,0,2
2025010579060,2025,010579060,1,3,0,13,13,5,1,0,0,1,0,0,0,0,2,1,-1,-1,1,25,5,-1,-1,-1,-1,3,E01001864,0,1
2025010579060,2025,010579060,2,9,0,5,5,5,1,0,0,1,0,0,0,0,1,1,6,6,3,-1,-1,-1,-1,-1,-1,-1,-1,0,-1
2025010579063,2025,010579063,1,19,0,7,7,5,7,0,0,5,1,0,0,0,4,1,1,1,1,69,10,-1,-1,-1,-1,-1,-1,0,-1
2025010579063,2025,010579063,2,1,0,-1,-1,3,7,0,0,8,0,0,0,0,3,1,-1,-1,1,27,6,-1,-1,-1,-1,3,E01002702,0,1
2025010579068,2025,010579068,1,9,0,-1,-1,7,3,0,0,6,0,0,0,0,3,1,-1,-1,1,64,9,-1,-1,-1,-1,5,E01000379,0,1
2025010579079,2025,010579079,1,9,0,-1,-1,3,7,0,0,0,0,0,1,0,3,1,-1,-1,1,37,7,-1,-1,-1,-1,-1,-1,0,-1
2025010579079,2025,010579079,2,19,0,12,12,7,3,9,9,0,0,0,7,11,1,1,1,1,1,34,6,-1,-1,-1,-1,2,E01003507,0,3
2025010579080,2025,010579080,1,11,0,-1,-1,3,7,0,0,1,0,0,0,0,0,1,1,1,1,56,9,-1,-1,-1,-1,2,E01001559,0,1
2025010579080,2025,010579080,2,8,0,6,6,1,1,0,0,1,0,0,0,0,0,1,6,6,3,-1,-1,-1,-1,-1,-1,-1,-1,0,-1
2025010579081,2025,010579081,2,9,0,-1,-1,4,8,0,0,6,0,0,0,0,3,1,-1,-1,1,71,10,-1,-1,-1,-1,4,E01002231,0,2
2025010579081,2025,010579081,1,9,0,-1,-1,2,6,0,0,1,0,0,0,0,1,1,-1,-1,1,46,8,-1,-1,-1,-1,3,E01000133,0,1
2025010579084,2025,010579084,2,-1,0,4,4,5,1,0,0,6,0,0,0,0,2,1,2,2,1,47,8,-1,-1,-1,-1,2,E01002032,0,2
2025010579084,2025,010579084,1,9,0,-1,-1,7,3,0,0,5,0,0,0,0,1,1,1,1,1,35,6,-1,-1,-1,-1,-1,-1,0,-1
2025010579093,2025,010579093,2,1,0,9,9,1,8,0,0,6,0,0,0,0,3,1,6,6,1,12,3,-1,-1,-1,-1,9,E01000371,0,1
2025010579093,2025,010579093,1,9,0,-1,-1,7,3,0,0,2,1,0,0,0,1,1,6,6,1,39,7,-1,-1,-1,-1,5,E01000375,0,1
2025010579098,2025,010579098,2,5,0,-1,-1,7,3,0,0,2,2,0,0,0,1,1,-1,-1,1,21,5,-1,-1,-1,-1,5,E01000928,0,1
2025010579098,2025,010579098,1,9,0,6,6,3,3,4,4,1,0,0,0,0,1,1,-1,-1,2,50,8,-1,-1,-1,-1,4,E01000944,0,1
2025010579100,2025,010579100,1,8,0,9,9,3,1,0,0,5,0,0,0,0,3,1,1,1,1,56,9,-1,-1,-1,-1,1,E01002037,0,1
2025010579100,2025,010579100,2,-1,0,-1,-1,7,3,0,0,1,0,0,0,0,1,1,6,6,1,16,4,-1,-1,-1,-1,3,E01033943,0,1
2025010579102,2025,010579102,1,9,0,-1,-1,0,0,0,0,0,0,0,0,0,3,1,6,6,2,-1,-1,-1,-1,-1,-1,3,E01003094,0,1
2025010579102,2025,010579102,2,23,0,14,14,2,6,6,6,0,0,4,0,0,1,1,1,1,1,40,7,-1,-1,-1,-1,5,E01034040,0,3
2025010579105,2025,010579105,2,9,0,99,99,9,9,99,99,1,9,99,9,99,9,9,6,6,3,-1,-1,-1,-1,-1,-1,-1,-1,0,-1
2025010579105,2025,010579105,1,9,0,99,99,9,9,99,99,1,9,99,9,99,9,9,6,6,2,38,7,-1,-1,-1,-1,3,E01002527,0,2
2025010579112,2025,010579112,1,9,0,-1,-1,7,3,0,0,1,0,0,0,0,1,1,6,6,3,-1,-1,-1,-1,-1,-1,-1,-1,0,-1
2025010579114,2025,010579114,1,9,0,-1,-1,8,4,0,0,1,0,0,7,5,1,1,-1,-1,2,79,11,-1,-1,-1,-1,2,E01002053,0,1
2025010579114,2025,010579114,3,11,0,3,3,8,4,0,0,2,0,0,0,0,2,1,1,1,2,32,6,-1,-1,-1,-1,3,E01002085,0,1
2025010579114,2025,010579114,4,9,0,10,10,5,2,0,0,1,0,0,0,0,1,1,6,6,1,39,7,-1,-1,-1,-1,3,E01001728,0,1
2025010579114,2025,010579114,2,9,0,3,3,8,4,0,0,2,0,0,0,0,2,1,-1,-1,1,57,9,-1,-1,-1,-1,2,E01002054,0,1
2025010579115,2025,010579115,1,3,0,-1,-1,3,7,0,0,6,0,0,0,0,1,1,6,6,3,-1,-1,-1,-1,-1,-1,-1,-1,0,-1
2025010579120,2025,010579120,1,9,0,9,9,4,1,0,0,1,0,0,0,0,4,1,-1,-1,2,43,7,-1,-1,-1,-1,2,E01004721,0,1
2025010579120,2025,010579120,2,1,0,7,7,1,4,4,4,1,0,0,0,0,1,1,-1,-1,1,25,5,-1,-1,-1,-1,7,-1,0,5
2025010579121,2025,010579121,1,3,0,-1,-1,3,7,0,0,8,0,0,0,0,0,1,-1,-1,1,18,4,-1,-1,-1,-1,-1,-1,0,-1
2025010579122,2025,010579122,3,9,0,3,3,7,3,0,0,0,0,0,0,0,3,1,6,6,1,33,6,-1,-1,-1,-1,5,E01002913,0,3
2025010579122,2025,010579122,2,3,0,14,14,7,3,0,0,0,0,0,0,0,2,1,1,1,1,23,5,-1,-1,-1,-1,4,E01001359,0,2
2025010579122,2025,010579122,1,9,0,-1,-1,7,3,0,0,0,0,0,0,0,1,1,6,6,1,22,5,-1,-1,-1,-1,4,E01030981,0,4
2025010579123,2025,010579123,1,8,0,-1,-1,5,1,0,0,8,0,0,0,0,3,1,1,1,1,59,9,-1,-1,-1,-1,7,E01002203,0,3
2025010579123,2025,010579123,2,8,0,-1,-1,3,7,0,0,1,0,0,0,0,1,1,-1,-1,1,45,7,-1,-1,-1,-1,3,E01003263,0,3
2025010579124,2025,010579124,1,19,0,-1,-1,0,0,0,0,0,0,0,0,0,3,1,1,1,1,50,8,-1,-1,-1,-1,3,E01001008,0,2
2025010579124,2025,010579124,2,1,0,-1,-1,5,1,0,0,0,0,0,0,0,1,1,2,2,2,46,8,-1,-1,-1,-1,10,E01030375,0,4
2025010579126,2025,010579126,1,9,0,-1,-1,5,1,9,9,0,0,0,1,11,1,2,-1,-1,1,42,7,-1,-1,-1,-1,3,E01003708,0,1
2025010579129,2025,010579129,2,9,0,7,7,9,9,99,99,5,9,99,9,99,9,9,6,6,3,21,5,-1,-1,-1,-1,3,E01003917,0,1
2025010579129,2025,010579129,1,1,9,99,99,9,9,2,2,2,9,99,9,99,9,1,2,2,1,35,6,-1,-1,-1,-1,3,E01004062,0,1
2025010579130,2025,010579130,1,9,0,-1,-1,8,4,0,0,5,0,0,0,0,1,1,-1,-1,1,34,6,-1,-1,-1,-1,4,E01000472,0,1
2025010579130,2025,010579130,2,3,0,4,4,8,4,0,0,5,0,0,0,0,3,1,6,6,1,26,6,-1,-1,-1,-1,2,E01001250,0,1
2025010579134,2025,010579134,1,9,0,-1,-1,1,5,9,9,1,0,0,0,0,1,1,-1,-1,2,39,7,-1,-1,-1,-1,2,E01004535,0,1
2025010579138,2025,010579138,4,9,0,-1,-1,7,3,0,0,1,0,0,0,0,1,1,-1,-1,1,27,6,-1,-1,-1,-1,-1,-1,0,-1
2025010579138,2025,010579138,5,11,0,-1,-1,7,3,2,2,1,0,0,0,0,0,1,1,1,1,-1,-1,-1,-1,-1,-1,4,E01015933,0,4
2025010579138,2025,010579138,2,9,0,-1,-1,5,1,0,0,6,0,0,0,0,4,1,-1,-1,1,28,6,-1,-1,-1,-1,4,E01004066,0,2
2025010579138,2025,010579138,1,9,0,-1,-1,5,1,0,0,6,0,0,0,0,0,1,-1,-1,1,38,7,-1,-1,-1,-1,3,E01001830,0,2
2025010579138,2025,010579138,3,9,0,-1,-1,3,7,0,0,2,0,0,0,0,0,1,-1,-1,1,30,6,-1,-1,-1,-1,3,E01032774,0,1
2025010579139,2025,010579139,1,9,0,99,99,9,9,99,99,1,9,99,9,99,2,9,6,6,1,50,8,-1,-1,-1,-1,7,E01002260,0,2
2025010579139,2025,010579139,2,9,9,99,99,9,9,99,99,1,9,99,9,99,9,9,6,6,3,-1,-1,-1,-1,-1,-1,-1,-1,0,-1
2025010579140,2025,010579140,1,1,9,99,99,9,9,99,99,0,9,99,9,99,9,1,1,1,1,42,7,-1,-1,-1,-1,3,E01001774,0,1
2025010579140,2025,010579140,2,8,9,99,99,9,9,99,99,0,9,99,9,99,9,9,6,6,3,-1,-1,-1,-1,-1,-1,-1,-1,0,-1
2025010579142,2025,010579142,2,9,0,99,99,9,9,0,0,0,9,99,9,99,9,9,6,6,3,-1,-1,-1,-1,-1,-1,-1,-1,0,-1
2025010579142,2025,010579142,1,9,0,99,99,9,9,0,0,0,9,99,9,99,9,9,6,6,1,31,6,-1,-1,-1,-1,1,E01021997,0,4
2025010579154,2025,010579154,2,9,0,-1,-1,3,7,0,0,0,0,0,0,0,2,1,-1,-1,1,56,9,-1,-1,-1,-1,2,E01034208,0,1
2025010579154,2025,010579154,1,9,0,-1,-1,3,7,0,0,0,0,0,0,0,1,1,-1,-1,1,48,8,-1,-1,-1,-1,4,E01034225,0,1
2025010579154,2025,010579154,3,9,0,-1,-1,3,7,0,0,0,0,0,0,0,2,1,-1,-1,1,27,6,-1,-1,-1,-1,3,E01004230,0,2
2025010579159,2025,010579159,1,9,0,-1,-1,0,0,0,0,0,0,0,0,0,3,2,1,1,1,52,8,-1,-1,-1,-1,-1,-1,0,-1
2025010579159,2025,010579159,2,1,0,-1,-1,5,1,0,0,0,0,0,0,0,3,1,-1,-1,1,28,6,-1,-1,-1,-1,7,E01004529,0,1
2025010579160,2025,010579160,1,9,0,-1,-1,5,1,0,0,1,0,0,0,0,4,1,-1,-1,1,37,7,-1,-1,-1,-1,2,E01004248,0,1
2025010579160,2025,010579160,2,9,0,-1,-1,5,1,0,0,1,0,0,0,0,4,1,6,6,3,-1,-1,-1,-1,-1,-1,-1,-1,0,-1
2025010579162,2025,010579162,2,1,0,-1,-1,5,1,2,2,6,0,0,0,0,3,1,6,6,1,22,5,-1,-1,-1,-1,-1,-1,0,-1
2025010579162,2025,010579162,1,9,0,-1,-1,1,5,0,0,1,0,0,0,0,1,1,6,6,1,-1,-1,-1,-1,-1,-1,-1,-1,0,-1
2025010579168,2025,010579168,1,9,0,-1,-1,3,7,0,0,1,1,10,2,2,1,1,-1,-1,1,26,6,-1,-1,-1,-1,5,E01024383,0,4
2025010579169,2025,010579169,2,19,0,-1,-1,3,7,0,0,1,0,0,0,0,1,1,6,6,1,24,5,-1,-1,-1,-1,-1,-1,0,-1
2025010579169,2025,010579169,1,9,0,9,9,3,1,0,0,1,0,0,0,0,4,1,6,6,2,65,9,-1,-1,-1,-1,-1,-1,0,-1
2025010579174,2025,010579174,1,19,0,6,6,3,3,99,99,8,0,0,9,0,3,1,1,1,1,35,6,-1,-1,-1,-1,7,E01032771,0,2
2025010579174,2025,010579174,2,1,0,-1,-1,7,3,0,0,1,0,0,0,0,1,1,-1,-1,1,39,7,-1,-1,-1,-1,2,E01004222,0,2
2025010579177,2025,010579177,1,3,0,99,99,9,9,99,99,9,9,99,9,99,1,1,1,1,1,25,5,-1,-1,-1,-1,4,E01003608,0,3
2025010579177,2025,010579177,2,9,0,99,99,9,9,99,99,9,9,99,9,99,1,9,6,6,3,-1,-1,-1,-1,-1,-1,-1,-1,0,-1
2025010579197,2025,010579197,2,1,0,99,99,9,9,99,99,1,9,99,9,99,9,1,2,2,1,22,5,-1,-1,-1,-1,1,E01003290,0,1
2025010579197,2025,010579197,1,9,9,99,99,9,9,99,99,2,9,99,9,99,9,9,6,6,3,-1,-1,-1,-1,-1,-1,-1,-1,0,-1