collision_index,collision_year,collision_ref_no,vehicle_reference,vehicle_type,towing_and_articulation,vehicle_manoeuvre_historic,vehicle_manoeuvre,vehicle_direction_from,vehicle_direction_to,vehicle_location_restricted_lane_historic,vehicle_location_restricted_lane,junction_location,skidding_and_overturning,hit_object_in_carriageway,vehicle_leaving_carriageway,hit_object_off_carriageway,first_point_of_impact,vehicle_left_hand_drive,journey_purpose_of_driver_historic,journey_purpose_of_driver,sex_of_driver,age_of_driver,age_band_of_driver,engine_capacity_cc,propulsion_code,age_of_vehicle,generic_make_model,driver_imd_decile,lsoa_of_driver,escooter_flag,driver_distance_banding
2025010579200,2025,010579200,2,9,0,-1,-1,7,3,0,0,0,0,0,0,0,4,1,6,6,1,47,8,-1,-1,-1,-1,7,E01021505,0,4
2025010579200,2025,010579200,3,9,0,-1,-1,7,3,0,0,0,0,0,0,0,3,1,6,6,2,29,6,-1,-1,-1,-1,8,E01024779,0,4
2025010579200,2025,010579200,1,5,0,-1,-1,3,7,0,0,0,0,0,0,0,4,1,-1,-1,1,36,7,-1,-1,-1,-1,3,E01003221,0,3
2025010579200,2025,010579200,4,8,0,-1,-1,7,3,0,0,0,0,0,0,0,2,1,1,1,1,44,7,-1,-1,-1,-1,2,E01002879,0,1
2025010579202,2025,010579202,1,9,0,6,6,1,1,0,0,1,0,0,0,0,1,1,6,6,1,41,7,-1,-1,-1,-1,-1,-1,0,-1
2025010579203,2025,010579203,2,1,0,-1,-1,5,1,5,5,1,0,0,0,0,1,1,-1,-1,2,28,6,-1,-1,-1,-1,6,E01001343,0,1
2025010579203,2025,010579203,1,9,0,9,9,1,7,5,5,1,0,0,0,0,1,1,-1,-1,1,43,7,-1,-1,-1,-1,4,E01001355,0,1
2025010579208,2025,010579208,1,1,9,-1,-1,9,9,4,4,0,9,99,9,99,9,1,6,6,1,45,7,-1,-1,-1,-1,7,E01033493,0,1
2025010579208,2025,010579208,2,8,0,11,11,9,9,99,99,0,9,99,9,99,9,9,6,6,3,45,7,-1,-1,-1,-1,3,E01035681,0,2
2025010579211,2025,010579211,2,9,0,-1,-1,3,7,0,0,1,0,0,0,0,1,1,-1,-1,1,68,10,-1,-1,-1,-1,3,E01003950,0,1
2025010579211,2025,010579211,1,9,0,3,3,7,3,0,0,1,0,0,0,0,2,1,1,1,2,35,6,-1,-1,-1,-1,4,E01003282,0,1
2025010579212,2025,010579212,2,1,0,-1,-1,4,8,0,0,8,0,0,0,0,4,1,6,6,1,44,7,-1,-1,-1,-1,8,E01002495,0,1
2025010579212,2025,010579212,1,9,0,5,5,6,2,0,0,8,0,0,0,0,1,1,-1,-1,1,46,8,-1,-1,-1,-1,-1,-1,0,-1
2025010579213,2025,010579213,1,9,0,-1,-1,3,7,0,0,1,0,0,0,0,1,1,-1,-1,1,54,8,-1,-1,-1,-1,4,E01002511,0,1
2025010579213,2025,010579213,2,9,0,-1,-1,5,1,0,0,1,0,0,0,0,1,1,-1,-1,1,66,10,-1,-1,-1,-1,-1,-1,0,-1
2025010579214,2025,010579214,1,9,0,-1,-1,5,1,0,0,1,0,7,0,0,1,1,-1,-1,2,26,6,-1,-1,-1,-1,-1,-1,0,-1
2025010579219,2025,010579219,1,11,0,-1,-1,5,1,0,0,2,0,0,0,0,0,1,1,1,1,47,8,-1,-1,-1,-1,2,E01000386,0,4
2025010579220,2025,010579220,1,9,0,9,9,4,1,0,0,5,0,0,0,0,4,1,-1,-1,1,78,11,-1,-1,-1,-1,2,E01001219,0,1
2025010579220,2025,010579220,3,9,0,3,3,1,5,0,0,6,0,0,0,0,1,1,-1,-1,1,26,6,-1,-1,-1,-1,4,E01034617,0,1
2025010579220,2025,010579220,2,9,0,-1,-1,3,7,0,0,1,0,0,0,0,1,1,-1,-1,1,22,5,-1,-1,-1,-1,3,E01001366,0,1
2025010579227,2025,010579227,1,9,0,-1,-1,3,7,0,0,0,0,0,0,0,3,1,6,6,3,-1,-1,-1,-1,-1,-1,-1,-1,0,-1
2025010579237,2025,010579237,2,9,0,99,99,9,9,99,99,5,9,99,9,99,9,9,6,6,3,-1,-1,-1,-1,-1,-1,-1,-1,0,-1
2025010579237,2025,010579237,1,1,9,99,99,9,9,99,99,8,9,99,9,99,9,1,6,6,2,30,6,-1,-1,-1,-1,7,E01004544,0,1
2025010579239,2025,010579239,1,9,0,-1,-1,3,7,0,0,0,0,0,0,0,1,1,-1,-1,2,47,8,-1,-1,-1,-1,-1,-1,0,-1
2025010579241,2025,010579241,1,11,0,-1,-1,2,6,0,0,1,0,0,0,0,0,1,1,1,1,43,7,-1,-1,-1,-1,3,E01001492,0,2
2025010579243,2025,010579243,1,2,0,99,99,9,9,99,99,4,9,99,9,99,0,1,6,6,1,35,6,-1,-1,-1,-1,4,E01001903,0,1
2025010579245,2025,010579245,1,1,9,99,99,9,9,99,99,9,9,99,9,99,9,1,6,6,1,21,5,-1,-1,-1,-1,4,E01003937,0,3
2025010579245,2025,010579245,2,98,1,99,99,9,9,99,99,9,9,99,9,99,9,9,6,6,3,-1,-1,-1,-1,-1,-1,-1,-1,0,-1
2025010579246,2025,010579246,2,9,0,99,99,9,9,0,0,1,0,0,0,0,0,9,6,6,3,-1,-1,-1,-1,-1,-1,-1,-1,0,-1
2025010579246,2025,010579246,1,1,0,-1,-1,1,5,4,4,1,0,0,0,0,1,1,2,2,1,42,7,-1,-1,-1,-1,6,E01002659,0,1
2025010579247,2025,010579247,2,9,0,99,99,9,9,99,99,0,9,99,9,99,9,9,6,6,3,-1,-1,-1,-1,-1,-1,-1,-1,0,-1
2025010579247,2025,010579247,1,9,0,99,99,9,9,99,99,0,9,99,9,99,9,9,6,6,2,37,7,-1,-1,-1,-1,3,E01000499,0,3
2025010579250,2025,010579250,1,9,0,99,99,9,9,99,99,9,9,99,9,99,1,9,6,6,3,-1,-1,-1,-1,-1,-1,-1,-1,0,-1
2025010579253,2025,010579253,2,9,3,-1,-1,8,4,0,0,0,0,0,1,0,4,1,6,6,2,26,6,-1,-1,-1,-1,9,E01002322,0,1
2025010579253,2025,010579253,1,9,0,9,9,5,2,0,0,0,0,0,7,0,1,1,-1,-1,1,44,7,-1,-1,-1,-1,4,E01000035,0,1
2025010579259,2025,010579259,1,9,0,99,99,9,9,99,99,1,9,99,9,99,1,9,6,6,3,-1,-1,-1,-1,-1,-1,-1,-1,0,-1
2025010579260,2025,010579260,1,9,0,-1,-1,3,7,0,0,0,1,10,1,11,1,1,6,6,1,23,5,-1,-1,-1,-1,-1,-1,0,-1
2025010579270,2025,010579270,1,8,0,-1,-1,5,1,0,0,4,0,0,0,0,1,1,6,6,3,-1,-1,-1,-1,-1,-1,-1,-1,0,-1
2025010579270,2025,010579270,2,1,0,9,9,5,4,0,0,3,0,0,0,0,1,1,-1,-1,1,49,8,-1,-1,-1,-1,6,E01003949,0,1
2025010579279,2025,010579279,1,9,0,99,99,9,9,99,99,9,9,99,9,99,2,9,6,6,2,33,6,-1,-1,-1,-1,3,E01034144,0,1
2025010579279,2025,010579279,2,19,9,99,99,9,9,99,99,9,9,99,9,99,9,9,6,6,1,36,7,-1,-1,-1,-1,5,E01002940,0,3
2025010579291,2025,010579291,1,1,9,99,99,9,9,99,99,1,9,99,9,99,1,1,6,6,2,47,8,-1,-1,-1,-1,8,E01002193,0,1
2025010579291,2025,010579291,2,9,0,99,99,9,9,99,99,6,9,99,9,99,9,9,6,6,2,27,6,-1,-1,-1,-1,9,E01002192,0,1
2025010579294,2025,010579294,1,9,0,-1,-1,6,2,0,0,1,0,10,7,0,1,1,-1,-1,1,41,7,-1,-1,-1,-1,7,E01002187,0,1
2025010579295,2025,010579295,2,1,0,-1,-1,1,5,4,4,1,0,0,0,0,1,1,2,2,1,61,9,-1,-1,-1,-1,2,E01004757,0,1
2025010579295,2025,010579295,1,9,0,7,7,1,4,0,0,5,0,0,0,0,1,2,6,6,1,35,6,-1,-1,-1,-1,3,E01004723,0,1
2025010579296,2025,010579296,1,9,0,-1,-1,7,3,0,0,1,0,0,0,0,1,1,-1,-1,1,28,6,-1,-1,-1,-1,2,E01002392,0,1
2025010579298,2025,010579298,2,8,0,99,99,9,9,99,99,9,9,99,9,99,1,9,6,6,3,38,7,-1,-1,-1,-1,8,E01003655,0,4
2025010579298,2025,010579298,1,9,0,99,99,9,9,99,99,9,9,99,9,99,9,9,6,6,2,20,4,-1,-1,-1,-1,3,E01000750,0,1
2025010579299,2025,010579299,2,9,0,99,99,9,9,99,99,0,9,99,9,99,1,9,6,6,1,-1,-1,-1,-1,-1,-1,2,E01001155,0,3
2025010579299,2025,010579299,1,9,0,99,99,9,9,99,99,0,9,99,9,99,2,9,6,6,1,42,7,-1,-1,-1,-1,9,E01002915,0,1
2025010579303,2025,010579303,2,9,0,7,7,6,8,0,0,1,0,10,1,11,1,1,6,6,1,29,6,-1,-1,-1,-1,5,E01021815,0,2
2025010579303,2025,010579303,1,9,0,-1,-1,6,2,0,0,1,0,0,0,0,0,1,-1,-1,1,25,5,-1,-1,-1,-1,4,E01004401,0,2
2025010579305,2025,010579305,1,9,0,-1,-1,7,3,0,0,4,1,0,0,0,1,1,6,6,1,21,5,-1,-1,-1,-1,2,E01000905,0,2
2025010579305,2025,010579305,2,9,0,-1,-1,7,3,0,0,4,0,0,0,0,0,1,1,1,1,35,6,-1,-1,-1,-1,4,E01000472,0,2
2025010579307,2025,010579307,1,9,0,1,1,7,3,0,0,6,0,0,0,0,2,1,-1,-1,1,63,9,-1,-1,-1,-1,10,E01030323,0,1
2025010579307,2025,010579307,2,9,0,-1,-1,1,5,0,0,1,0,0,0,0,4,1,6,6,1,-1,-1,-1,-1,-1,-1,4,E01030601,0,3
2025010579309,2025,010579309,2,1,0,-1,-1,8,4,0,0,0,5,0,0,0,1,1,1,1,1,37,7,-1,-1,-1,-1,3,E01032786,0,1
2025010579309,2025,010579309,1,8,0,5,5,8,4,0,0,0,0,0,0,0,3,1,6,6,3,57,9,-1,-1,-1,-1,2,E01004207,0,1
2025010579310,2025,010579310,1,9,0,-1,-1,5,1,0,0,4,1,0,0,0,1,1,-1,-1,1,65,9,-1,-1,-1,-1,-1,-1,0,-1
2025010579310,2025,010579310,3,9,0,-1,-1,0,0,0,0,4,0,0,0,0,1,1,1,1,1,44,7,-1,-1,-1,-1,7,E01002514,0,2
2025010579310,2025,010579310,2,9,0,-1,-1,7,3,0,0,4,0,0,1,0,1,1,6,6,1,31,6,-1,-1,-1,-1,-1,-1,0,-1
2025010579312,2025,010579312,1,9,0,-1,-1,3,7,0,0,0,0,4,0,0,1,1,-1,-1,2,56,9,-1,-1,-1,-1,3,E01000095,0,3
2025010579312,2025,010579312,2,9,0,2,2,0,0,0,0,0,0,0,0,0,4,1,6,6,-1,-1,-1,-1,-1,-1,-1,-1,-1,0,-1
2025010579319,2025,010579319,1,9,0,-1,-1,7,3,0,0,1,0,0,0,0,1,1,6,6,1,31,6,-1,-1,-1,-1,2,E01004219,0,2
2025010579319,2025,010579319,2,9,0,-1,-1,3,7,0,0,6,0,0,0,0,1,1,6,6,2,22,5,-1,-1,-1,-1,1,E01002093,0,3
2025010579320,2025,010579320,2,9,0,99,99,9,9,0,0,4,0,0,0,0,1,1,6,6,2,35,6,-1,-1,-1,-1,3,E01000011,0,1
2025010579320,2025,010579320,1,9,0,3,3,5,1,0,0,4,0,0,0,0,2,1,-1,-1,1,18,4,-1,-1,-1,-1,3,E01003564,0,1
2025010579326,2025,010579326,2,9,0,-1,-1,3,7,0,0,0,0,0,0,0,1,1,-1,-1,1,43,7,-1,-1,-1,-1,10,E01021805,0,3
2025010579326,2025,010579326,1,9,0,-1,-1,3,7,0,0,0,0,0,0,0,4,1,2,2,1,63,9,-1,-1,-1,-1,-1,-1,0,-1
2025010579327,2025,010579327,1,19,0,99,99,9,9,99,99,1,9,99,9,99,1,9,6,6,1,63,9,-1,-1,-1,-1,3,E01003708,0,3
2025010579333,2025,010579333,1,19,5,4,4,3,7,0,0,1,0,0,0,0,1,1,1,1,1,37,7,-1,-1,-1,-1,2,E01003546,0,4
2025010579333,2025,010579333,2,9,0,4,4,3,7,0,0,1,0,0,0,0,2,1,2,2,1,23,5,-1,-1,-1,-1,10,E01035582,0,4
2025010579335,2025,010579335,1,1,9,99,99,9,9,99,99,9,9,99,9,99,9,1,1,1,1,21,5,-1,-1,-1,-1,2,E01002054,0,1
2025010579335,2025,010579335,2,19,0,99,99,9,9,99,99,9,9,99,9,99,9,9,6,6,3,-1,-1,-1,-1,-1,-1,-1,-1,0,-1
2025010579339,2025,010579339,2,9,0,9,9,3,8,0,0,0,0,0,0,0,4,1,-1,-1,2,55,8,-1,-1,-1,-1,9,E01000694,0,1
2025010579339,2025,010579339,1,3,0,13,13,3,7,0,0,0,1,0,0,0,1,1,-1,-1,1,20,4,-1,-1,-1,-1,2,E01000743,0,2
2025010579341,2025,010579341,1,1,9,99,99,9,9,99,99,2,9,99,9,99,1,1,2,2,3,26,6,-1,-1,-1,-1,3,E01001792,0,1
2025010579341,2025,010579341,2,8,0,99,99,9,9,99,99,1,9,99,9,99,9,9,6,6,3,-1,-1,-1,-1,-1,-1,-1,-1,0,-1
2025010579343,2025,010579343,1,9,0,-1,-1,1,5,0,0,4,0,0,0,0,1,1,-1,-1,2,19,4,-1,-1,-1,-1,3,E01001372,0,1
2025010579343,2025,010579343,2,9,0,-1,-1,1,5,0,0,4,1,0,1,2,3,1,-1,-1,1,91,11,-1,-1,-1,-1,-1,-1,0,-1
2025010579347,2025,010579347,2,9,0,99,99,9,9,99,99,4,9,99,9,99,9,9,6,6,3,-1,-1,-1,-1,-1,-1,-1,-1,0,-1
2025010579347,2025,010579347,1,3,0,99,99,9,9,99,99,4,9,99,9,99,9,1,6,6,1,26,6,-1,-1,-1,-1,3,E01001239,0,2
2025010579348,2025,010579348,1,5,0,-1,-1,3,7,0,0,0,0,0,0,0,1,1,-1,-1,1,60,9,-1,-1,-1,-1,3,E01002185,0,2
2025010579348,2025,010579348,2,9,0,12,12,3,7,0,0,0,0,0,0,0,2,1,-1,-1,2,40,7,-1,-1,-1,-1,4,E01000472,0,3
2025010579350,2025,010579350,2,1,0,12,12,7,3,0,0,1,5,0,0,0,1,1,1,1,1,25,5,-1,-1,-1,-1,7,E01000650,0,1
2025010579350,2025,010579350,1,9,0,3,3,7,3,0,0,1,0,0,0,0,3,1,-1,-1,1,37,7,-1,-1,-1,-1,10,E01000682,0,2
2025010579352,2025,010579352,2,9,0,-1,-1,5,1,0,0,0,0,0,0,0,0,1,6,6,2,61,9,-1,-1,-1,-1,5,E01000037,0,1
2025010579352,2025,010579352,3,9,0,-1,-1,5,1,0,0,0,0,0,0,0,1,1,6,6,2,81,11,-1,-1,-1,-1,4,E01000039,0,1
2025010579352,2025,010579352,1,9,0,-1,-1,5,1,0,0,0,0,0,0,0,2,1,6,6,1,66,10,-1,-1,-1,-1,5,E01000037,0,1
2025010579354,2025,010579354,2,1,0,-1,-1,7,3,0,0,0,5,0,0,0,1,1,6,6,1,29,6,-1,-1,-1,-1,5,E01000996,0,1
2025010579354,2025,010579354,1,9,0,5,5,3,7,0,0,0,0,0,0,0,1,1,-1,-1,1,49,8,-1,-1,-1,-1,6,E01003085,0,1
2025010579355,2025,010579355,2,9,0,-1,-1,7,3,0,0,8,0,0,0,0,1,1,6,6,3,-1,-1,-1,-1,-1,-1,-1,-1,0,-1
2025010579355,2025,010579355,1,8,0,99,99,9,9,0,0,8,0,0,0,0,1,1,1,1,1,23,5,-1,-1,-1,-1,3,E01001434,0,4
2025010579356,2025,010579356,1,9,0,9,9,1,6,0,0,5,0,0,0,0,2,1,-1,-1,1,40,7,-1,-1,-1,-1,5,E01001251,0,1
2025010579356,2025,010579356,2,3,0,13,13,1,5,0,0,1,2,0,0,0,3,1,6,6,1,28,6,-1,-1,-1,-1,5,E01001240,0,2
2025010579359,2025,010579359,1,9,0,9,9,1,7,5,5,3,0,0,0,0,1,1,6,6,1,40,7,-1,-1,-1,-1,2,E01004312,0,2
2025010579363,2025,010579363,1,9,0,4,4,7,3,0,0,0,0,0,0,0,2,1,-1,-1,2,46,8,-1,-1,-1,-1,5,E01000067,0,1
2025010579363,2025,010579363,2,19,0,4,4,7,3,0,0,0,0,0,0,0,1,1,-1,-1,1,51,8,-1,-1,-1,-1,2,E01021014,0,4
2025010579367,2025,010579367,1,3,0,99,99,9,9,99,99,9,9,99,9,99,1,1,6,6,1,33,6,-1,-1,-1,-1,6,E01002170,0,2
2025010579367,2025,010579367,2,19,0,99,99,9,9,99,99,9,9,99,9,99,2,9,6,6,3,-1,-1,-1,-1,-1,-1,-1,-1,0,-1
2025010579374,2025,010579374,1,3,0,99,99,9,9,99,99,9,9,99,9,99,9,1,6,6,1,25,5,-1,-1,-1,-1,4,E01000976,0,2
2025010579374,2025,010579374,2,9,0,99,99,9,9,99,99,9,9,99,9,99,0,9,6,6,2,36,7,-1,-1,-1,-1,5,E01001037,0,2
2025010579376,2025,010579376,1,9,0,99,99,9,9,99,99,8,9,99,9,99,1,9,6,6,2,35,6,-1,-1,-1,-1,9,E01000713,0,2
2025010579378,2025,010579378,2,9,0,-1,-1,9,9,99,99,1,9,99,9,99,1,9,6,6,2,33,6,-1,-1,-1,-1,6,W01000847,0,5
2025010579378,2025,010579378,1,8,0,3,3,9,9,99,99,2,9,99,9,99,2,9,1,1,1,63,9,-1,-1,-1,-1,6,E01033592,0,4
2025010579380,2025,010579380,1,8,0,-1,-1,1,5,0,0,1,0,0,0,0,1,1,6,6,1,24,5,-1,-1,-1,-1,-1,-1,0,-1
2025010579394,2025,010579394,1,9,0,99,99,9,9,0,0,0,0,0,0,0,1,1,6,6,3,-1,-1,-1,-1,-1,-1,-1,-1,0,-1
2025010579399,2025,010579399,1,1,0,-1,-1,1,5,0,0,0,0,0,0,0,2,1,-1,-1,1,44,7,-1,-1,-1,-1,5,E01032790,0,1
2025010579401,2025,010579401,1,9,0,99,99,9,9,0,0,9,9,0,0,0,2,2,-1,-1,2,38,7,-1,-1,-1,-1,3,E01000009,0,4
2025010579401,2025,010579401,2,19,0,99,99,9,9,0,0,9,9,0,0,0,1,2,6,6,1,22,5,-1,-1,-1,-1,-1,-1,0,-1
2025010579414,2025,010579414,2,8,0,5,5,7,3,0,0,1,0,0,0,0,2,1,1,1,1,38,7,-1,-1,-1,-1,-1,-1,0,-1
2025010579414,2025,010579414,1,19,0,5,5,7,3,0,0,1,0,0,0,0,1,1,6,6,1,48,8,-1,-1,-1,-1,-1,-1,0,-1
2025010579422,2025,010579422,1,11,0,-1,-1,1,5,0,0,4,0,0,0,0,1,1,1,1,1,52,8,-1,-1,-1,-1,5,E01001179,0,1
2025010579422,2025,010579422,2,9,0,9,9,7,5,0,0,8,1,9,1,11,4,1,2,2,2,27,6,-1,-1,-1,-1,7,E01004186,0,1
2025010579427,2025,010579427,2,9,0,99,99,9,9,99,99,1,9,99,9,99,9,9,6,6,3,-1,-1,-1,-1,-1,-1,-1,-1,0,-1
2025010579427,2025,010579427,1,1,9,99,99,9,9,99,99,1,9,99,9,99,9,1,2,2,1,51,8,-1,-1,-1,-1,6,E01001988,0,1
2025010579431,2025,010579431,1,9,0,-1,-1,7,3,0,0,1,0,0,0,0,2,1,-1,-1,2,39,7,-1,-1,-1,-1,7,E01001058,0,1
2025010579431,2025,010579431,2,9,0,-1,-1,7,3,0,0,1,0,0,0,0,1,1,6,6,3,-1,-1,-1,-1,-1,-1,-1,-1,0,-1
2025010579437,2025,010579437,2,3,0,-1,-1,7,3,0,0,1,1,0,0,0,4,1,-1,-1,1,31,6,-1,-1,-1,-1,3,E01001143,0,1
2025010579437,2025,010579437,1,9,0,9,9,1,7,0,0,6,0,0,0,0,1,1,-1,-1,2,72,10,-1,-1,-1,-1,-1,-1,0,-1
2025010579438,2025,010579438,1,9,0,-1,-1,7,3,0,0,0,5,10,2,10,3,1,6,6,1,38,7,-1,-1,-1,-1,6,E01003002,0,2
2025010579439,2025,010579439,1,9,0,6,6,5,5,0,0,0,0,0,0,0,2,1,-1,-1,2,28,6,-1,-1,-1,-1,7,E01000674,0,1
2025010579439,2025,010579439,2,2,0,-1,-1,5,1,0,0,0,0,0,0,0,1,1,1,1,1,23,5,-1,-1,-1,-1,3,E01003235,0,1
2025010579443,2025,010579443,1,11,0,99,99,9,9,0,0,1,0,0,0,0,1,1,1,1,1,35,6,-1,-1,-1,-1,4,E01002130,0,2
2025010579443,2025,010579443,2,1,0,99,99,9,9,0,0,1,0,0,0,0,0,1,6,6,3,-1,-1,-1,-1,-1,-1,7,E01000309,0,1
2025010579453,2025,010579453,1,3,0,99,99,9,9,99,99,9,9,99,9,99,1,1,1,1,1,36,7,-1,-1,-1,-1,4,E01000616,0,1
2025010579453,2025,010579453,2,9,0,99,99,9,9,99,99,9,9,99,9,99,2,9,6,6,3,-1,-1,-1,-1,-1,-1,-1,-1,0,-1
2025010579455,2025,010579455,1,9,0,-1,-1,1,5,0,0,3,0,0,0,0,1,1,6,6,1,-1,-1,-1,-1,-1,-1,-1,-1,0,-1
2025010579456,2025,010579456,1,9,0,3,3,6,2,0,0,1,0,0,0,0,3,1,6,6,3,-1,-1,-1,-1,-1,-1,-1,-1,0,-1
2025010579456,2025,010579456,2,1,0,-1,-1,2,6,0,0,1,1,0,0,0,3,1,6,6,1,21,5,-1,-1,-1,-1,4,E01002446,0,4
2025010579459,2025,010579459,2,3,0,-1,-1,2,6,0,0,1,0,0,0,0,1,1,-1,-1,1,21,5,-1,-1,-1,-1,3,E01002906,0,1
2025010579459,2025,010579459,1,9,0,4,4,2,6,0,0,1,0,0,0,0,1,1,1,1,1,45,7,-1,-1,-1,-1,-1,-1,0,-1
2025010579470,2025,010579470,2,9,0,1,1,3,7,0,0,1,0,0,0,0,2,1,6,6,3,-1,-1,-1,-1,-1,-1,-1,-1,0,-1
2025010579470,2025,010579470,1,1,0,1,1,3,7,0,0,1,0,0,0,0,2,1,-1,-1,1,45,7,-1,-1,-1,-1,3,E01003611,0,1
2025010579477,2025,010579477,1,1,0,-1,-1,1,5,2,2,1,0,0,0,0,1,1,2,2,1,27,6,-1,-1,-1,-1,5,E01033917,0,3
2025010579477,2025,010579477,2,8,0,7,7,1,4,0,0,1,0,0,0,0,2,1,6,6,3,-1,-1,-1,-1,-1,-1,-1,-1,0,-1
2025010579478,2025,010579478,2,9,0,5,5,1,5,0,0,6,0,0,0,0,1,1,2,2,1,32,6,-1,-1,-1,-1,2,E01001409,0,1
2025010579478,2025,010579478,1,9,0,-1,-1,7,3,0,0,6,0,0,0,0,3,1,-1,-1,2,34,6,-1,-1,-1,-1,2,E01035585,0,1
2025010579479,2025,010579479,1,9,0,9,9,8,5,0,0,1,0,0,0,0,1,1,2,2,2,61,9,-1,-1,-1,-1,3,E01000226,0,2
2025010579483,2025,010579483,2,9,0,3,3,3,7,0,0,1,0,0,0,0,3,1,6,6,2,37,7,-1,-1,-1,-1,3,E01033881,0,1
2025010579483,2025,010579483,1,9,0,-1,-1,7,3,0,0,6,0,0,0,0,1,1,1,1,1,36,7,-1,-1,-1,-1,2,E01003045,0,1
2025010579485,2025,010579485,1,9,0,15,15,3,7,0,0,1,0,0,0,0,1,1,-1,-1,1,47,8,-1,-1,-1,-1,4,E01034616,0,4
2025010579485,2025,010579485,2,19,0,9,9,3,1,0,0,1,0,0,0,0,1,1,-1,-1,1,28,6,-1,-1,-1,-1,4,E01004212,0,2
2025010579492,2025,010579492,1,5,0,-1,-1,7,3,0,0,3,5,0,0,0,0,1,2,2,1,45,7,-1,-1,-1,-1,2,E01003092,0,2
2025010579492,2025,010579492,2,-1,0,-1,-1,5,1,0,0,8,0,0,0,0,0,1,6,6,2,56,9,-1,-1,-1,-1,6,E01002955,0,1
2025010579493,2025,010579493,1,9,0,-1,-1,0,0,0,0,0,0,0,0,0,3,1,1,1,1,52,8,-1,-1,-1,-1,2,E01003619,0,1
2025010579493,2025,010579493,2,9,0,-1,-1,1,5,0,0,0,0,8,7,0,4,1,1,1,1,56,9,-1,-1,-1,-1,1,E01004399,0,2
2025010579496,2025,010579496,1,11,0,5,5,5,1,2,2,1,0,0,0,0,0,1,1,1,1,31,6,-1,-1,-1,-1,8,E01021887,0,4
2025010579498,2025,010579498,1,1,9,-1,-1,9,9,99,99,1,9,99,9,99,9,1,6,6,3,33,6,-1,-1,-1,-1,-1,-1,0,-1
2025010579498,2025,010579498,2,19,9,7,7,9,9,99,99,5,9,99,9,99,9,9,6,6,3,-1,-1,-1,-1,-1,-1,-1,-1,0,-1
2025010579505,2025,010579505,1,19,0,99,99,9,9,99,99,2,9,99,9,99,2,9,6,6,1,37,7,-1,-1,-1,-1,5,E01002234,0,1
2025010579507,2025,010579507,4,9,0,3,3,2,6,0,0,1,0,0,0,0,4,1,-1,-1,1,46,8,-1,-1,-1,-1,-1,-1,0,-1
2025010579507,2025,010579507,1,9,0,-1,-1,2,6,0,0,1,0,4,0,0,1,1,6,6,1,17,4,-1,-1,-1,-1,8,E01034607,0,1
2025010579507,2025,010579507,2,9,0,-1,-1,2,6,0,0,1,0,0,0,0,2,1,-1,-1,1,26,6,-1,-1,-1,-1,5,E01002488,0,2
2025010579507,2025,010579507,3,9,0,2,2,0,0,0,0,1,0,0,0,0,1,1,6,6,-1,-1,-1,-1,-1,-1,-1,-1,-1,0,-1
2025010579514,2025,010579514,1,4,0,99,99,9,9,0,0,1,0,0,0,0,1,1,6,6,1,43,7,-1,-1,-1,-1,6,E01002754,0,1
2025010579514,2025,010579514,2,11,0,99,99,9,9,0,0,1,0,0,0,0,1,1,1,1,3,-1,-1,-1,-1,-1,-1,-1,-1,0,-1
2025010579517,2025,010579517,1,3,0,99,99,9,9,99,99,8,9,99,9,99,9,1,1,1,1,32,6,-1,-1,-1,-1,4,E01002594,0,2
2025010579517,2025,010579517,2,9,0,99,99,9,9,99,99,6,9,99,9,99,9,9,6,6,3,-1,-1,-1,-1,-1,-1,10,E01003866,0,1
2025010579522,2025,010579522,1,3,0,-1,-1,1,5,0,0,1,0,0,0,0,1,1,6,6,1,-1,-1,-1,-1,-1,-1,7,E01003957,0,1
2025010579528,2025,010579528,1,9,0,-1,-1,6,2,0,0,1,0,0,0,0,1,1,6,6,2,-1,-1,-1,-1,-1,-1,-1,-1,0,-1
2025010579529,2025,010579529,1,9,0,99,99,9,9,99,99,1,9,99,9,99,9,9,6,6,1,36,7,-1,-1,-1,-1,3,E01034206,0,2
2025010579532,2025,010579532,1,9,0,9,9,1,6,0,0,1,0,0,0,0,4,1,-1,-1,2,46,8,-1,-1,-1,-1,10,E01000771,0,1
2025010579534,2025,010579534,2,19,0,99,99,9,9,99,99,6,9,99,9,99,1,9,6,6,3,26,6,-1,-1,-1,-1,3,E01000867,0,1
2025010579534,2025,010579534,1,1,9,99,99,9,9,4,4,1,9,99,9,99,9,1,2,2,1,56,9,-1,-1,-1,-1,9,E01000894,0,1
2025010579535,2025,010579535,1,8,0,99,99,9,9,99,99,0,9,99,9,99,9,9,1,1,1,30,6,-1,-1,-1,-1,3,E01021858,0,4
2025010579535,2025,010579535,2,9,0,99,99,9,9,99,99,0,9,99,9,99,9,9,6,6,3,-1,-1,-1,-1,-1,-1,-1,-1,0,-1
2025010579537,2025,010579537,2,1,0,5,5,5,1,0,0,8,0,0,0,0,3,1,2,2,2,42,7,-1,-1,-1,-1,6,E01004608,0,1
2025010579537,2025,010579537,1,9,0,-1,-1,3,7,0,0,8,0,0,0,0,1,1,-1,-1,2,32,6,-1,-1,-1,-1,4,E01001898,0,1