collision_index,collision_year,collision_ref_no,vehicle_reference,vehicle_type,towing_and_articulation,vehicle_manoeuvre_historic,vehicle_manoeuvre,vehicle_direction_from,vehicle_direction_to,vehicle_location_restricted_lane_historic,vehicle_location_restricted_lane,junction_location,skidding_and_overturning,hit_object_in_carriageway,vehicle_leaving_carriageway,hit_object_off_carriageway,first_point_of_impact,vehicle_left_hand_drive,journey_purpose_of_driver_historic,journey_purpose_of_driver,sex_of_driver,age_of_driver,age_band_of_driver,engine_capacity_cc,propulsion_code,age_of_vehicle,generic_make_model,driver_imd_decile,lsoa_of_driver,escooter_flag,driver_distance_banding
2025010579543,2025,010579543,1,8,0,99,99,9,9,99,99,2,9,99,9,99,2,9,1,1,1,47,8,-1,-1,-1,-1,-1,-1,0,-1
2025010579547,2025,010579547,2,8,0,99,99,9,9,99,99,0,9,99,9,99,9,9,6,6,3,-1,-1,-1,-1,-1,-1,-1,-1,0,-1
2025010579547,2025,010579547,1,1,9,3,3,5,1,99,99,0,9,99,9,99,9,1,2,2,3,29,6,-1,-1,-1,-1,-1,-1,0,-1
2025010579550,2025,010579550,1,9,0,99,99,9,9,99,99,9,9,99,9,99,1,9,6,6,3,-1,-1,-1,-1,-1,-1,-1,-1,0,-1
2025010579553,2025,010579553,1,19,0,7,7,1,3,0,0,1,0,0,0,0,1,1,1,1,1,40,7,-1,-1,-1,-1,2,E01001161,0,2
2025010579553,2025,010579553,2,1,0,-1,-1,1,5,0,0,1,0,0,0,0,3,1,6,6,1,45,7,-1,-1,-1,-1,4,E01004538,0,1
2025010579555,2025,010579555,1,11,0,7,7,3,5,0,0,6,0,0,0,0,0,1,1,1,1,55,8,-1,-1,-1,-1,4,E01003354,0,2
2025010579557,2025,010579557,1,1,0,-1,-1,5,1,0,0,0,0,0,0,0,9,1,2,2,1,50,8,-1,-1,-1,-1,2,E01033486,0,1
2025010579559,2025,010579559,1,8,0,99,99,9,9,99,99,1,9,99,9,99,9,9,6,6,3,-1,-1,-1,-1,-1,-1,-1,-1,0,-1
2025010579563,2025,010579563,1,11,0,3,3,2,6,0,0,1,0,0,0,0,0,1,1,1,1,49,8,-1,-1,-1,-1,2,E01033713,0,1
2025010579569,2025,010579569,1,11,0,5,5,5,1,0,0,1,0,0,0,0,0,1,1,1,1,22,5,-1,-1,-1,-1,3,E01001116,0,2
2025010579570,2025,010579570,1,9,0,7,7,2,4,0,0,5,0,0,0,0,4,1,-1,-1,1,39,7,-1,-1,-1,-1,5,E01003142,0,1
2025010579570,2025,010579570,2,1,0,-1,-1,2,6,0,0,1,0,0,0,0,1,1,6,6,2,55,8,-1,-1,-1,-1,3,E01004528,0,1
2025010579579,2025,010579579,1,11,0,-1,-1,5,1,0,0,1,0,0,0,0,0,1,1,1,1,52,8,-1,-1,-1,-1,-1,-1,0,-1
2025010579583,2025,010579583,2,97,0,99,99,9,9,99,99,9,9,99,9,99,1,1,6,6,3,-1,-1,-1,-1,-1,-1,-1,-1,0,-1
2025010579583,2025,010579583,1,8,0,99,99,9,9,99,99,9,9,99,9,99,1,9,1,1,1,41,7,-1,-1,-1,-1,4,E01003555,0,2
2025010579587,2025,010579587,1,9,0,-1,-1,7,3,0,0,0,0,0,0,0,1,1,6,6,1,19,4,-1,-1,-1,-1,4,E01000286,0,1
2025010579589,2025,010579589,2,99,9,99,99,9,9,99,99,2,9,99,9,99,9,1,6,6,3,-1,-1,-1,-1,-1,-1,-1,-1,0,-1
2025010579589,2025,010579589,1,19,0,99,99,9,9,99,99,2,9,99,9,99,9,9,1,1,3,-1,-1,-1,-1,-1,-1,2,E01026834,0,5
2025010579597,2025,010579597,1,9,0,-1,-1,3,7,0,0,8,0,0,0,0,1,1,-1,-1,1,27,6,-1,-1,-1,-1,3,E01003989,0,2
2025010579597,2025,010579597,2,5,0,-1,-1,3,7,0,0,8,5,0,0,0,2,1,-1,-1,1,34,6,-1,-1,-1,-1,5,E01003685,0,3
2025010579599,2025,010579599,1,9,0,10,10,7,5,0,0,1,0,0,0,0,3,1,-1,-1,1,54,8,-1,-1,-1,-1,3,E01001819,0,1
2025010579599,2025,010579599,2,5,0,13,13,7,3,0,0,1,0,0,0,0,1,1,6,6,1,41,7,-1,-1,-1,-1,6,E01004330,0,2
2025010579601,2025,010579601,2,9,0,13,13,5,1,0,0,0,0,0,0,0,1,1,6,6,3,-1,-1,-1,-1,-1,-1,-1,-1,0,-1
2025010579601,2025,010579601,1,9,0,-1,-1,5,1,0,0,0,0,0,0,0,2,1,-1,-1,2,41,7,-1,-1,-1,-1,3,E01033150,0,1
2025010579604,2025,010579604,2,19,0,7,7,3,4,0,0,3,0,0,0,0,1,1,1,1,1,59,9,-1,-1,-1,-1,4,E01001297,0,1
2025010579604,2025,010579604,1,9,0,7,7,4,7,0,0,3,0,0,0,0,3,1,6,6,2,39,7,-1,-1,-1,-1,3,E01001311,0,1
2025010579610,2025,010579610,1,1,9,99,99,9,9,99,99,9,9,99,9,99,9,1,-1,-1,2,56,9,-1,-1,-1,-1,-1,-1,0,-1
2025010579610,2025,010579610,2,8,9,-1,-1,5,1,99,99,9,9,99,9,99,1,9,6,6,3,-1,-1,-1,-1,-1,-1,-1,-1,0,-1
2025010579612,2025,010579612,2,4,0,9,9,1,7,0,0,6,0,0,0,0,1,1,-1,-1,1,64,9,-1,-1,-1,-1,9,E01001385,0,1
2025010579612,2025,010579612,1,9,0,2,2,0,0,0,0,2,0,0,0,0,1,1,6,6,-1,-1,-1,-1,-1,-1,-1,-1,-1,0,-1
2025010579614,2025,010579614,1,3,0,5,5,7,3,0,0,1,0,0,0,0,1,1,1,1,1,28,6,-1,-1,-1,-1,2,E01001651,0,1
2025010579618,2025,010579618,2,9,0,99,99,9,9,99,99,9,9,99,9,99,1,9,6,6,3,-1,-1,-1,-1,-1,-1,3,E01000481,0,1
2025010579618,2025,010579618,1,1,9,99,99,9,9,99,99,9,9,99,9,99,2,1,6,6,1,33,6,-1,-1,-1,-1,3,E01000577,0,1
2025010579619,2025,010579619,1,9,0,99,99,9,9,99,99,9,9,99,9,99,2,9,6,6,2,63,9,-1,-1,-1,-1,5,E01001272,0,1
2025010579619,2025,010579619,2,1,9,99,99,9,9,99,99,9,9,99,9,99,2,1,6,6,3,-1,-1,-1,-1,-1,-1,-1,-1,0,-1
2025010579621,2025,010579621,1,1,9,99,99,9,9,99,99,5,9,99,9,99,2,1,6,6,1,16,4,-1,-1,-1,-1,2,E01003066,0,1
2025010579624,2025,010579624,1,5,0,99,99,9,9,99,99,1,9,99,9,99,2,1,2,2,1,28,6,-1,-1,-1,-1,5,E01002894,0,1
2025010579624,2025,010579624,3,9,9,-1,-1,1,5,99,99,1,9,99,9,99,9,9,6,6,3,-1,-1,-1,-1,-1,-1,-1,-1,0,-1
2025010579624,2025,010579624,2,9,0,99,99,9,9,99,99,1,9,99,9,99,1,9,6,6,3,34,6,-1,-1,-1,-1,-1,-1,0,-1
2025010579625,2025,010579625,1,11,0,7,7,6,7,0,0,3,0,0,0,0,4,1,1,1,1,53,8,-1,-1,-1,-1,2,E01001633,0,1
2025010579625,2025,010579625,2,1,0,9,9,7,6,0,0,4,0,0,0,0,4,1,-1,-1,1,29,6,-1,-1,-1,-1,8,E01000413,0,1
2025010579630,2025,010579630,1,5,0,-1,-1,7,3,0,0,0,1,0,0,0,0,1,6,6,1,38,7,-1,-1,-1,-1,2,E01001357,0,3
2025010579636,2025,010579636,2,9,0,-1,-1,5,1,0,0,8,0,0,0,0,1,1,6,6,3,-1,-1,-1,-1,-1,-1,-1,-1,0,-1
2025010579636,2025,010579636,1,5,0,-1,-1,5,1,0,0,4,1,0,1,7,2,1,6,6,1,32,6,-1,-1,-1,-1,3,E01030362,0,3
2025010579638,2025,010579638,1,19,0,-1,-1,7,3,0,0,1,0,0,0,0,1,1,2,2,1,42,7,-1,-1,-1,-1,3,E01000111,0,4
2025010579638,2025,010579638,2,1,0,-1,-1,5,1,9,9,1,0,0,0,0,4,1,6,6,1,20,4,-1,-1,-1,-1,5,E01002128,0,3
2025010579640,2025,010579640,2,9,0,3,3,1,5,0,0,1,0,0,0,0,2,2,6,6,1,49,8,-1,-1,-1,-1,2,E01004264,0,1
2025010579640,2025,010579640,1,11,0,-1,-1,1,5,0,0,1,0,0,1,0,1,1,1,1,1,25,5,-1,-1,-1,-1,3,E01004237,0,1
2025010579643,2025,010579643,1,9,0,-1,-1,8,4,0,0,1,0,0,0,0,2,1,6,6,1,68,10,-1,-1,-1,-1,8,E01000214,0,1
2025010579643,2025,010579643,2,1,0,-1,-1,8,4,0,0,1,0,0,0,0,1,1,-1,-1,1,14,3,-1,-1,-1,-1,6,E01000220,0,1
2025010579645,2025,010579645,2,9,0,99,99,9,9,99,99,6,9,99,9,99,1,9,6,6,3,-1,-1,-1,-1,-1,-1,-1,-1,0,-1
2025010579645,2025,010579645,1,9,0,99,99,9,9,99,99,1,9,99,9,99,1,9,6,6,1,43,7,-1,-1,-1,-1,5,E01002344,0,3
2025010579650,2025,010579650,2,9,0,99,99,9,9,99,99,4,9,99,9,99,1,9,6,6,3,-1,-1,-1,-1,-1,-1,1,E01002673,0,2
2025010579650,2025,010579650,1,9,0,99,99,9,9,99,99,4,9,99,9,99,2,9,2,2,2,23,5,-1,-1,-1,-1,4,E01034612,0,1
2025010579651,2025,010579651,1,9,0,9,9,3,1,0,0,8,0,0,0,0,4,1,6,6,1,20,4,-1,-1,-1,-1,9,E01000409,0,1
2025010579651,2025,010579651,2,3,0,-1,-1,3,7,0,0,8,0,0,0,0,3,1,6,6,1,33,6,-1,-1,-1,-1,5,E01001659,0,1
2025010579653,2025,010579653,1,1,9,99,99,9,9,99,99,1,9,99,9,99,1,1,1,1,1,22,5,-1,-1,-1,-1,3,E01004400,0,2
2025010579653,2025,010579653,2,98,0,99,99,9,9,99,99,1,9,99,9,99,9,1,6,6,3,41,7,-1,-1,-1,-1,3,E01004333,0,2
2025010579654,2025,010579654,2,1,0,-1,-1,1,5,0,0,1,0,0,0,0,2,1,6,6,1,25,5,-1,-1,-1,-1,8,E01002578,0,1
2025010579654,2025,010579654,1,9,0,-1,-1,1,5,0,0,1,0,0,0,0,1,1,6,6,1,18,4,-1,-1,-1,-1,4,E01002487,0,3
2025010579656,2025,010579656,1,1,9,99,99,9,9,99,99,1,9,99,9,99,9,1,6,6,1,33,6,-1,-1,-1,-1,3,E01001749,0,2
2025010579656,2025,010579656,2,9,0,99,99,9,9,99,99,5,9,99,9,99,1,9,6,6,3,-1,-1,-1,-1,-1,-1,3,E01003520,0,1
2025010579666,2025,010579666,2,9,0,99,99,9,9,99,99,9,9,99,9,99,9,9,6,6,3,-1,-1,-1,-1,-1,-1,-1,-1,0,-1
2025010579666,2025,010579666,1,3,0,99,99,9,9,99,99,9,9,99,9,99,9,1,2,2,1,22,5,-1,-1,-1,-1,7,E01001235,0,1
2025010579667,2025,010579667,1,1,0,-1,-1,3,7,0,0,1,0,0,0,0,1,1,2,2,1,39,7,-1,-1,-1,-1,1,E01003290,0,1
2025010579667,2025,010579667,2,9,0,7,7,5,7,0,0,6,0,0,0,0,1,1,6,6,1,24,5,-1,-1,-1,-1,6,E01000459,0,3
2025010579671,2025,010579671,2,9,9,99,99,9,9,99,99,9,9,99,9,99,2,9,6,6,3,-1,-1,-1,-1,-1,-1,-1,-1,0,-1
2025010579671,2025,010579671,1,3,9,99,99,9,9,99,99,9,9,99,9,99,9,1,1,1,1,51,8,-1,-1,-1,-1,5,E01000224,0,1
2025010579672,2025,010579672,1,19,0,99,99,9,9,99,99,1,9,99,9,99,9,9,6,6,3,-1,-1,-1,-1,-1,-1,-1,-1,0,-1
2025010579681,2025,010579681,1,9,9,99,99,9,9,99,99,9,9,99,9,99,9,9,6,6,3,-1,-1,-1,-1,-1,-1,-1,-1,0,-1
2025010579692,2025,010579692,1,10,0,-1,-1,7,3,0,0,0,0,0,0,0,1,1,-1,-1,1,41,7,-1,-1,-1,-1,2,E01000501,0,1
2025010579692,2025,010579692,2,9,0,-1,-1,1,5,0,0,0,0,0,0,0,3,1,6,6,1,85,11,-1,-1,-1,-1,2,E01033455,0,2
2025010579697,2025,010579697,2,90,0,99,99,9,9,0,0,9,0,99,0,0,9,9,1,1,1,-1,-1,-1,-1,-1,-1,10,E01024272,0,4
2025010579697,2025,010579697,1,9,0,99,99,9,9,0,0,9,0,99,0,0,0,9,6,6,1,36,7,-1,-1,-1,-1,5,E01033916,0,3
2025010579701,2025,010579701,1,1,9,99,99,9,9,99,99,1,9,99,9,99,9,1,6,6,2,48,8,-1,-1,-1,-1,6,E01000541,0,1
2025010579706,2025,010579706,1,9,0,-1,-1,3,7,0,0,1,0,0,3,0,1,1,6,6,2,65,9,-1,-1,-1,-1,-1,-1,0,-1
2025010579706,2025,010579706,2,1,0,-1,-1,1,5,9,9,1,0,0,1,0,3,1,-1,-1,1,13,3,-1,-1,-1,-1,2,E01002151,0,1
2025010579714,2025,010579714,2,2,0,99,99,9,9,99,99,9,9,99,9,99,2,1,6,6,3,34,6,-1,-1,-1,-1,-1,-1,0,-1
2025010579714,2025,010579714,1,19,0,99,99,9,9,99,99,9,9,99,9,99,1,9,6,6,1,20,4,-1,-1,-1,-1,5,E01003116,0,1
2025010579716,2025,010579716,1,19,0,-1,-1,5,1,0,0,0,0,0,0,0,1,9,6,6,3,-1,-1,-1,-1,-1,-1,-1,-1,0,-1
2025010579717,2025,010579717,1,9,0,99,99,9,9,99,99,9,9,99,9,99,1,9,2,2,1,19,4,-1,-1,-1,-1,4,E01001497,0,3
2025010579717,2025,010579717,2,9,0,99,99,9,9,99,99,9,9,99,9,99,2,9,6,6,3,-1,-1,-1,-1,-1,-1,7,E01034463,0,4
2025010579720,2025,010579720,1,1,9,99,99,9,9,99,99,9,9,99,9,99,9,1,6,6,1,68,10,-1,-1,-1,-1,5,E01002785,0,1
2025010579720,2025,010579720,2,19,0,99,99,9,9,99,99,9,9,99,9,99,9,9,6,6,1,47,8,-1,-1,-1,-1,3,E01000041,0,3
2025010579732,2025,010579732,1,11,0,5,5,1,5,2,2,2,0,0,0,0,0,1,1,1,1,55,8,-1,-1,-1,-1,-1,-1,0,-1
2025010579733,2025,010579733,1,11,0,-1,-1,1,5,0,0,1,0,0,0,0,1,1,1,1,1,35,6,-1,-1,-1,-1,5,E01004076,0,2
2025010579739,2025,010579739,1,9,0,-1,-1,7,3,0,0,8,0,0,0,0,1,1,6,6,2,36,7,-1,-1,-1,-1,5,E01033741,0,1
2025010579739,2025,010579739,2,1,0,-1,-1,5,1,0,0,8,0,0,0,0,1,1,6,6,1,18,4,-1,-1,-1,-1,3,E01001692,0,1
2025010579741,2025,010579741,1,4,0,-1,-1,2,6,0,0,8,0,0,3,0,4,1,6,6,2,44,7,-1,-1,-1,-1,5,E01004232,0,1
2025010579741,2025,010579741,2,3,0,9,9,6,4,0,0,1,0,0,0,0,3,1,6,6,3,-1,-1,-1,-1,-1,-1,4,E01003492,0,2
2025010579742,2025,010579742,1,11,0,-1,-1,1,5,0,0,0,0,0,0,0,0,1,1,1,1,60,9,-1,-1,-1,-1,6,E01003359,0,4
2025010579746,2025,010579746,1,9,0,1,1,1,5,0,0,6,1,0,0,0,2,1,1,1,1,31,6,-1,-1,-1,-1,6,E01001040,0,3
2025010579748,2025,010579748,1,1,0,-1,-1,3,7,4,4,1,0,0,0,0,1,1,6,6,1,31,6,-1,-1,-1,-1,3,E01003925,0,1
2025010579751,2025,010579751,1,1,9,99,99,9,9,99,99,8,9,99,9,99,9,1,6,6,2,26,6,-1,-1,-1,-1,1,E01001730,0,1
2025010579751,2025,010579751,2,9,0,99,99,9,9,99,99,8,9,99,9,99,9,9,6,6,3,-1,-1,-1,-1,-1,-1,-1,-1,0,-1
2025010579753,2025,010579753,1,3,0,99,99,9,9,99,99,8,9,99,9,99,9,1,1,1,1,32,6,-1,-1,-1,-1,4,E01002594,0,1
2025010579753,2025,010579753,2,9,9,99,99,9,9,99,99,6,9,99,9,99,1,9,6,6,3,-1,-1,-1,-1,-1,-1,10,E01003889,0,1
2025010579755,2025,010579755,1,1,0,-1,-1,3,7,0,0,5,0,0,0,0,1,1,1,1,1,17,4,-1,-1,-1,-1,4,E01003999,0,1
2025010579756,2025,010579756,1,19,0,-1,-1,7,3,0,0,1,0,0,1,0,3,1,6,6,1,48,8,-1,-1,-1,-1,3,E01024620,0,4
2025010579756,2025,010579756,2,1,0,-1,-1,7,3,0,0,8,0,0,0,0,1,1,6,6,1,21,5,-1,-1,-1,-1,8,E01001919,0,1
2025010579762,2025,010579762,1,9,9,-1,-1,2,6,99,99,0,9,99,9,0,9,9,6,6,1,57,9,-1,-1,-1,-1,4,E01001946,0,2
2025010579766,2025,010579766,1,-1,9,99,99,9,9,99,99,0,9,99,9,99,9,1,6,6,3,-1,-1,-1,-1,-1,-1,-1,-1,0,-1
2025010579769,2025,010579769,2,9,0,9,9,7,5,0,0,8,0,0,0,0,3,1,6,6,1,-1,-1,-1,-1,-1,-1,-1,-1,0,-1
2025010579769,2025,010579769,1,8,0,99,99,9,9,99,99,9,9,99,9,99,1,9,1,1,1,37,7,-1,-1,-1,-1,4,E01015959,0,4
2025010579773,2025,010579773,1,5,0,14,14,3,7,0,0,1,0,0,0,0,1,1,6,6,1,32,6,-1,-1,-1,-1,3,E01002823,0,1
2025010579777,2025,010579777,1,9,0,99,99,9,9,99,99,9,9,99,9,99,2,9,6,6,1,44,7,-1,-1,-1,-1,10,E01002196,0,1
2025010579777,2025,010579777,2,9,0,99,99,9,9,99,99,9,9,99,9,99,1,9,1,1,1,35,6,-1,-1,-1,-1,3,E01000485,0,1
2025010579778,2025,010579778,1,9,9,99,99,9,9,99,99,1,9,99,9,99,9,9,6,6,3,-1,-1,-1,-1,-1,-1,-1,-1,0,-1
2025010579781,2025,010579781,2,3,0,-1,-1,5,1,0,0,8,0,0,0,0,4,1,6,6,1,15,3,-1,-1,-1,-1,2,E01003168,0,1
2025010579781,2025,010579781,1,9,0,-1,-1,5,1,0,0,8,0,0,0,0,0,1,-1,-1,1,32,6,-1,-1,-1,-1,4,E01032639,0,2
2025010579782,2025,010579782,1,9,0,7,7,8,1,0,0,5,0,0,0,0,4,1,-1,-1,1,73,10,-1,-1,-1,-1,7,E01003456,0,3
2025010579782,2025,010579782,2,1,0,15,15,5,1,0,0,2,0,0,0,0,1,1,6,6,1,60,9,-1,-1,-1,-1,4,E01001397,0,3
2025010579789,2025,010579789,1,9,0,-1,-1,5,1,0,0,0,0,0,0,0,4,1,-1,-1,1,73,10,-1,-1,-1,-1,9,E01003467,0,1
2025010579791,2025,010579791,1,9,9,99,99,9,9,99,99,9,9,99,9,99,9,9,6,6,3,36,7,-1,-1,-1,-1,3,E01001698,0,1
2025010579792,2025,010579792,1,-1,9,99,99,9,9,99,99,9,9,99,9,99,9,1,6,6,3,-1,-1,-1,-1,-1,-1,3,E01000062,0,1
2025010579803,2025,010579803,1,9,0,-1,-1,5,1,0,0,2,0,0,0,0,3,1,-1,-1,1,79,11,-1,-1,-1,-1,5,E01003378,0,1
2025010579803,2025,010579803,2,1,0,-1,-1,5,1,0,0,2,0,10,0,0,3,1,2,2,2,36,7,-1,-1,-1,-1,7,E01003370,0,1
2025010579804,2025,010579804,1,19,0,1,1,1,5,0,0,0,0,0,0,0,4,1,1,1,1,21,5,-1,-1,-1,-1,3,E01003126,0,1
2025010579806,2025,010579806,2,1,0,-1,-1,3,7,0,0,5,0,0,0,0,1,1,6,6,1,19,4,-1,-1,-1,-1,6,E01004517,0,1
2025010579806,2025,010579806,1,9,0,-1,-1,1,5,0,0,5,0,0,0,0,3,1,6,6,2,21,5,-1,-1,-1,-1,4,E01003113,0,1
2025010579807,2025,010579807,2,9,0,99,99,9,9,99,99,9,9,99,9,99,2,9,6,6,3,-1,-1,-1,-1,-1,-1,-1,-1,0,-1
2025010579807,2025,010579807,1,3,0,99,99,9,9,99,99,9,9,99,9,99,1,1,2,2,1,31,6,-1,-1,-1,-1,4,E01021602,0,4
2025010579809,2025,010579809,2,9,0,99,99,9,9,99,99,2,9,99,9,99,1,1,6,6,2,79,11,-1,-1,-1,-1,2,E01000550,0,2
2025010579809,2025,010579809,1,1,9,99,99,9,9,99,99,2,9,99,9,99,2,1,2,2,2,28,6,-1,-1,-1,-1,4,E01003043,0,2
2025010579810,2025,010579810,2,19,0,12,12,9,9,99,99,1,9,99,9,99,9,9,6,6,1,-1,-1,-1,-1,-1,-1,5,E01001247,0,2
2025010579810,2025,010579810,1,1,9,15,15,9,9,99,99,1,9,99,9,99,9,1,2,2,1,45,7,-1,-1,-1,-1,10,E01003804,0,2
2025010579814,2025,010579814,1,20,0,3,3,1,5,0,0,0,0,0,0,0,2,1,1,1,3,-1,-1,-1,-1,-1,-1,-1,-1,0,-1
2025010579815,2025,010579815,1,9,0,14,14,6,2,0,0,1,0,0,0,0,1,1,2,2,1,41,7,-1,-1,-1,-1,-1,-1,0,-1
2025010579815,2025,010579815,2,1,0,14,14,6,2,0,0,1,0,0,0,0,1,1,6,6,1,42,7,-1,-1,-1,-1,6,E01002628,0,1
2025010579817,2025,010579817,4,9,0,3,3,1,5,0,0,0,0,0,0,0,4,1,-1,-1,1,-1,-1,-1,-1,-1,-1,-1,-1,0,-1
2025010579817,2025,010579817,2,9,0,-1,-1,7,3,0,0,0,0,0,0,0,1,1,6,6,3,-1,-1,-1,-1,-1,-1,-1,-1,0,-1
2025010579817,2025,010579817,1,3,0,-1,-1,3,7,0,0,0,5,0,0,0,1,1,-1,-1,1,20,4,-1,-1,-1,-1,-1,-1,0,-1
2025010579817,2025,010579817,3,9,0,3,3,1,5,0,0,0,0,0,0,0,3,1,-1,-1,2,-1,-1,-1,-1,-1,-1,-1,-1,0,-1
2025010579819,2025,010579819,2,9,0,99,99,9,9,99,99,0,9,99,9,99,1,9,6,6,3,-1,-1,-1,-1,-1,-1,2,E01000018,0,1
2025010579819,2025,010579819,1,9,0,99,99,9,9,99,99,0,9,99,9,99,2,9,6,6,2,53,8,-1,-1,-1,-1,6,E01003773,0,1
2025010579823,2025,010579823,3,19,0,3,3,1,5,0,0,0,0,0,0,0,3,1,-1,-1,1,-1,-1,-1,-1,-1,-1,3,E01033388,0,5
2025010579823,2025,010579823,2,9,0,-1,-1,7,3,0,0,0,0,0,0,0,1,1,6,6,2,51,8,-1,-1,-1,-1,-1,-1,0,-1
2025010579823,2025,010579823,1,9,0,-1,-1,7,3,0,0,0,1,0,0,0,1,1,6,6,1,20,4,-1,-1,-1,-1,4,E01023584,0,3
2025010579828,2025,010579828,2,1,0,-1,-1,7,3,4,4,1,0,0,0,0,1,1,6,6,1,21,5,-1,-1,-1,-1,4,E01004392,0,1
2025010579828,2025,010579828,1,9,0,7,7,7,8,0,0,5,0,0,0,0,4,1,-1,-1,2,24,5,-1,-1,-1,-1,2,E01033712,0,1
2025010579831,2025,010579831,1,19,0,-1,-1,1,5,0,0,8,0,0,0,0,4,1,2,2,1,55,8,-1,-1,-1,-1,-1,-1,0,-1
2025010579831,2025,010579831,2,1,0,-1,-1,1,5,2,2,8,0,0,0,0,1,1,-1,-1,1,23,5,-1,-1,-1,-1,4,E01004525,0,1
2025010579833,2025,010579833,1,1,0,-1,-1,2,6,0,0,1,9,99,9,99,9,1,-1,-1,1,40,7,-1,-1,-1,-1,2,E01003070,0,1
2025010579834,2025,010579834,2,3,0,99,99,9,9,99,99,9,9,99,9,99,9,1,6,6,3,81,11,-1,-1,-1,-1,-1,-1,0,-1
2025010579834,2025,010579834,1,1,9,99,99,9,9,99,99,9,9,99,9,99,9,1,6,6,2,37,7,-1,-1,-1,-1,7,E01004307,0,1
2025010579835,2025,010579835,2,3,0,-1,-1,5,1,0,0,1,0,0,7,0,1,1,-1,-1,1,24,5,-1,-1,-1,-1,-1,-1,0,-1
2025010579835,2025,010579835,1,9,0,9,9,5,4,0,0,5,0,0,0,0,1,1,6,6,2,38,7,-1,-1,-1,-1,-1,-1,0,-1
2025010579839,2025,010579839,1,9,0,-1,-1,6,2,0,0,8,0,0,0,0,1,1,-1,-1,1,35,6,-1,-1,-1,-1,9,E01003356,0,2
2025010579839,2025,010579839,2,3,0,7,7,5,8,0,0,2,2,10,7,0,2,1,6,6,1,23,5,-1,-1,-1,-1,8,E01003860,0,1
2025010579840,2025,010579840,2,4,0,7,7,2,4,0,0,8,0,0,0,0,1,1,6,6,1,35,6,-1,-1,-1,-1,2,E01004222,0,1
2025010579840,2025,010579840,1,9,0,-1,-1,3,7,0,0,1,0,0,0,0,4,1,-1,-1,1,56,9,-1,-1,-1,-1,9,E01000831,0,3
2025010579844,2025,010579844,1,23,9,99,99,9,9,99,99,8,9,99,9,99,2,1,6,6,1,17,4,-1,-1,-1,-1,-1,-1,0,-1
2025010579844,2025,010579844,2,9,0,99,99,9,9,99,99,8,9,99,9,99,1,9,6,6,2,-1,-1,-1,-1,-1,-1,-1,-1,0,-1
2025010579848,2025,010579848,1,9,0,-1,-1,5,1,0,0,0,0,0,0,0,4,1,2,2,1,50,8,-1,-1,-1,-1,3,E01002120,0,2
2025010579850,2025,010579850,1,8,0,-1,-1,5,1,2,2,0,0,0,0,0,1,1,1,1,1,43,7,-1,-1,-1,-1,7,E01002373,0,3
2025010579857,2025,010579857,1,9,0,9,9,1,6,0,0,8,0,7,1,0,4,1,6,6,1,64,9,-1,-1,-1,-1,9,E01003381,0,1
2025010579861,2025,010579861,1,9,0,-1,-1,1,5,0,0,8,0,0,0,0,2,1,2,2,2,56,9,-1,-1,-1,-1,2,E01002782,0,1
2025010579861,2025,010579861,2,1,0,-1,-1,1,5,0,0,8,0,0,0,0,1,1,2,2,1,23,5,-1,-1,-1,-1,5,E01002004,0,1
2025010579864,2025,010579864,1,9,0,12,12,5,1,0,0,0,0,0,0,0,3,1,-1,-1,1,46,8,-1,-1,-1,-1,3,E01024583,0,4
2025010579864,2025,010579864,2,1,0,-1,-1,5,1,0,0,0,0,0,0,0,1,1,-1,-1,1,24,5,-1,-1,-1,-1,2,E01003303,0,1
2025010579865,2025,010579865,2,9,0,-1,-1,7,3,0,0,2,0,0,0,0,1,1,1,1,1,55,8,-1,-1,-1,-1,5,E01003666,0,2
2025010579865,2025,010579865,3,9,0,-1,-1,7,3,0,0,2,0,0,0,0,1,1,1,1,1,40,7,-1,-1,-1,-1,5,E01003666,0,2
2025010579865,2025,010579865,1,9,0,-1,-1,3,7,0,0,2,0,0,0,0,1,1,6,6,1,46,8,-1,-1,-1,-1,-1,-1,0,-1
2025010579876,2025,010579876,1,9,0,-1,-1,7,3,0,0,0,0,0,0,0,1,1,2,2,2,58,9,-1,-1,-1,-1,4,E01001469,0,1
2025010579881,2025,010579881,2,90,0,7,7,1,3,0,0,8,0,0,0,0,2,1,1,1,1,56,9,-1,-1,-1,-1,-1,-1,0,-1
2025010579881,2025,010579881,1,5,0,-1,-1,1,5,0,0,8,1,0,0,0,1,1,6,6,1,31,6,-1,-1,-1,-1,-1,-1,0,-1
2025010579884,2025,010579884,2,20,9,99,99,9,9,99,99,1,9,99,9,99,9,9,6,6,3,-1,-1,-1,-1,-1,-1,-1,-1,0,-1
2025010579884,2025,010579884,1,9,4,99,99,9,9,99,99,1,9,99,9,99,2,9,6,6,1,31,6,-1,-1,-1,-1,4,E01003210,0,2
2025010579886,2025,010579886,1,9,9,99,99,9,9,99,99,6,9,99,9,99,9,9,6,6,1,45,7,-1,-1,-1,-1,7,E01002678,0,1