collision_index,collision_year,collision_ref_no,vehicle_reference,vehicle_type,towing_and_articulation,vehicle_manoeuvre_historic,vehicle_manoeuvre,vehicle_direction_from,vehicle_direction_to,vehicle_location_restricted_lane_historic,vehicle_location_restricted_lane,junction_location,skidding_and_overturning,hit_object_in_carriageway,vehicle_leaving_carriageway,hit_object_off_carriageway,first_point_of_impact,vehicle_left_hand_drive,journey_purpose_of_driver_historic,journey_purpose_of_driver,sex_of_driver,age_of_driver,age_band_of_driver,engine_capacity_cc,propulsion_code,age_of_vehicle,generic_make_model,driver_imd_decile,lsoa_of_driver,escooter_flag,driver_distance_banding
2025010579886,2025,010579886,2,19,9,99,99,9,9,99,99,6,9,99,9,99,9,9,6,6,3,-1,-1,-1,-1,-1,-1,-1,-1,0,-1
2025010579904,2025,010579904,2,1,0,-1,-1,1,5,0,0,1,5,0,0,0,1,1,1,1,1,30,6,-1,-1,-1,-1,6,E01003153,0,1
2025010579904,2025,010579904,1,9,0,7,7,1,3,0,0,5,0,0,0,0,1,1,1,1,1,37,7,-1,-1,-1,-1,7,E01003152,0,1
2025010579908,2025,010579908,1,1,0,-1,-1,1,5,0,0,9,9,99,9,99,9,1,6,6,1,42,7,-1,-1,-1,-1,4,E01030852,0,1
2025010579908,2025,010579908,2,9,0,5,5,3,7,0,0,6,5,99,9,99,9,9,6,6,3,-1,-1,-1,-1,-1,-1,-1,-1,0,-1
2025010579909,2025,010579909,2,9,0,99,99,9,9,99,99,0,9,99,9,99,2,9,6,6,3,-1,-1,-1,-1,-1,-1,-1,-1,0,-1
2025010579909,2025,010579909,1,5,0,99,99,9,9,99,99,0,9,99,9,99,1,1,6,6,1,31,6,-1,-1,-1,-1,3,E01004064,0,4
2025010579910,2025,010579910,1,3,0,99,99,9,9,99,99,9,9,99,9,99,9,1,1,1,1,26,6,-1,-1,-1,-1,4,E01000618,0,1
2025010579910,2025,010579910,2,9,0,99,99,9,9,99,99,9,9,99,9,99,1,9,6,6,3,-1,-1,-1,-1,-1,-1,5,E01000586,0,2
2025010579912,2025,010579912,2,9,9,99,99,9,9,99,99,5,9,99,9,99,1,9,6,6,3,-1,-1,-1,-1,-1,-1,-1,-1,0,-1
2025010579912,2025,010579912,1,3,9,99,99,9,9,99,99,1,9,99,9,99,9,1,1,1,1,40,7,-1,-1,-1,-1,2,E01001651,0,1
2025010579913,2025,010579913,2,19,0,99,99,9,9,99,99,0,9,99,9,99,1,9,6,6,1,-1,-1,-1,-1,-1,-1,-1,-1,0,-1
2025010579913,2025,010579913,1,9,0,99,99,9,9,99,99,0,9,99,9,99,2,9,6,6,1,28,6,-1,-1,-1,-1,5,E01001975,0,1
2025010579915,2025,010579915,1,3,0,99,99,9,9,99,99,0,9,99,9,99,9,1,6,6,1,27,6,-1,-1,-1,-1,3,E01001546,0,1
2025010579915,2025,010579915,2,9,0,99,99,9,9,99,99,0,9,99,9,99,9,9,6,6,3,-1,-1,-1,-1,-1,-1,3,E01001546,0,1
2025010579916,2025,010579916,2,9,0,99,99,9,9,0,0,8,9,0,0,0,2,9,6,6,2,79,11,-1,-1,-1,-1,10,E01000897,0,4
2025010579916,2025,010579916,1,5,0,99,99,9,9,0,0,8,9,0,0,0,3,1,2,2,1,54,8,-1,-1,-1,-1,4,E01004536,0,4
2025010579921,2025,010579921,2,1,9,99,99,9,9,99,99,8,9,99,9,99,9,1,2,2,1,23,5,-1,-1,-1,-1,-1,-1,0,-1
2025010579921,2025,010579921,1,9,0,99,99,9,9,99,99,6,9,99,9,99,1,9,6,6,3,-1,-1,-1,-1,-1,-1,-1,-1,0,-1
2025010579925,2025,010579925,1,11,0,-1,-1,5,1,2,2,1,0,0,0,0,1,1,1,1,2,57,9,-1,-1,-1,-1,3,E01002725,0,1
2025010579932,2025,010579932,1,9,0,99,99,9,9,99,99,0,9,99,9,99,9,9,6,6,1,26,6,-1,-1,-1,-1,8,E01001398,0,2
2025010579933,2025,010579933,1,9,0,9,9,4,2,0,0,1,0,0,0,0,1,1,6,6,2,48,8,-1,-1,-1,-1,6,E01000513,0,1
2025010579933,2025,010579933,2,1,0,-1,-1,8,4,0,0,1,0,0,0,0,3,1,2,2,1,34,6,-1,-1,-1,-1,5,E01033916,0,1
2025010579936,2025,010579936,2,3,0,9,9,1,6,0,0,8,0,4,0,0,0,1,-1,-1,1,71,10,-1,-1,-1,-1,8,E01032563,0,3
2025010579936,2025,010579936,1,9,0,9,9,6,3,0,0,1,0,0,0,0,3,1,-1,-1,2,23,5,-1,-1,-1,-1,-1,-1,0,-1
2025010579939,2025,010579939,1,9,0,99,99,9,9,99,99,1,9,99,9,99,3,9,6,6,2,32,6,-1,-1,-1,-1,3,E01003124,0,1
2025010579939,2025,010579939,2,9,9,99,99,9,9,99,99,6,9,99,9,99,1,9,6,6,3,-1,-1,-1,-1,-1,-1,-1,-1,0,-1
2025010579940,2025,010579940,1,9,0,12,12,5,1,0,0,5,0,0,0,0,3,1,-1,-1,1,30,6,-1,-1,-1,-1,2,E01015855,0,4
2025010579940,2025,010579940,2,3,0,11,11,5,1,0,0,5,0,0,0,0,4,1,1,1,1,26,6,-1,-1,-1,-1,4,E01004633,0,4
2025010579942,2025,010579942,2,9,0,99,99,9,9,99,99,9,9,99,9,99,1,9,6,6,3,-1,-1,-1,-1,-1,-1,5,E01002718,0,1
2025010579942,2025,010579942,1,8,0,99,99,9,9,99,99,9,9,99,9,99,1,9,6,6,1,57,9,-1,-1,-1,-1,2,E01032787,0,1
2025010579944,2025,010579944,2,9,0,99,99,9,9,99,99,6,9,99,9,99,1,9,6,6,3,-1,-1,-1,-1,-1,-1,2,E01003732,0,1
2025010579944,2025,010579944,1,3,0,99,99,9,9,99,99,1,9,99,9,99,9,1,1,1,1,33,6,-1,-1,-1,-1,3,E01001807,0,3
2025010579946,2025,010579946,1,11,0,5,5,8,4,2,2,0,0,0,0,0,0,1,1,1,1,44,7,-1,-1,-1,-1,4,E01000507,0,1
2025010579948,2025,010579948,2,5,0,-1,-1,3,7,0,0,1,0,0,0,0,1,1,6,6,1,36,7,-1,-1,-1,-1,6,E01002182,0,1
2025010579948,2025,010579948,1,9,0,9,9,5,2,0,0,8,0,0,0,0,4,1,6,6,2,35,6,-1,-1,-1,-1,7,E01033463,0,1
2025010579949,2025,010579949,1,9,0,-1,-1,1,5,0,0,8,0,0,0,0,1,1,6,6,2,29,6,-1,-1,-1,-1,4,E01002752,0,1
2025010579949,2025,010579949,2,19,0,-1,-1,1,5,0,0,8,0,0,0,0,2,1,1,1,1,59,9,-1,-1,-1,-1,5,E01001393,0,2
2025010579954,2025,010579954,2,9,0,-1,-1,5,1,0,0,1,0,4,0,0,1,1,-1,-1,1,35,6,-1,-1,-1,-1,5,E01032567,0,1
2025010579954,2025,010579954,1,9,0,-1,-1,0,0,0,0,1,0,0,0,0,2,1,6,6,1,24,5,-1,-1,-1,-1,2,E01001633,0,1
2025010579957,2025,010579957,1,9,0,-1,-1,8,4,0,0,8,0,0,0,0,4,1,6,6,2,30,6,-1,-1,-1,-1,2,E01004243,0,2
2025010579975,2025,010579975,1,1,9,99,99,9,9,99,99,1,9,99,9,99,1,1,2,2,1,34,6,-1,-1,-1,-1,8,E01000886,0,1
2025010579975,2025,010579975,2,1,9,99,99,9,9,99,99,6,9,99,9,99,9,1,6,6,3,-1,-1,-1,-1,-1,-1,-1,-1,0,-1
2025010579977,2025,010579977,1,9,0,-1,-1,7,3,0,0,0,0,0,0,0,0,1,6,6,2,21,5,-1,-1,-1,-1,4,E01001355,0,1
2025010579980,2025,010579980,2,9,0,99,99,9,9,99,99,1,9,99,9,99,1,9,-1,-1,1,45,7,-1,-1,-1,-1,4,E01016008,0,4
2025010579980,2025,010579980,1,1,9,99,99,9,9,99,99,1,9,99,9,99,1,1,-1,-1,3,39,7,-1,-1,-1,-1,2,E01004243,0,2
2025010579983,2025,010579983,1,1,9,99,99,9,9,99,99,1,9,99,9,99,9,1,2,2,2,45,7,-1,-1,-1,-1,3,E01001192,0,3
2025010579983,2025,010579983,2,9,0,99,99,9,9,99,99,6,9,99,9,99,1,9,6,6,3,20,4,-1,-1,-1,-1,5,E01002696,0,1
2025010579984,2025,010579984,2,9,0,99,99,9,9,99,99,5,9,99,9,99,9,9,6,6,3,-1,-1,-1,-1,-1,-1,-1,-1,0,-1
2025010579984,2025,010579984,1,1,9,99,99,9,9,99,99,1,9,99,9,99,1,1,6,6,1,56,9,-1,-1,-1,-1,5,E01003148,0,1
2025010579997,2025,010579997,1,1,9,99,99,9,9,99,99,1,9,99,9,99,9,1,6,6,1,45,7,-1,-1,-1,-1,5,E01004177,0,3
2025010579997,2025,010579997,2,90,0,99,99,9,9,99,99,1,9,99,9,99,1,1,6,6,1,60,9,-1,-1,-1,-1,2,E01004140,0,2
2025010580002,2025,010580002,1,9,0,-1,-1,7,3,9,9,2,0,10,3,11,1,1,6,6,1,30,6,-1,-1,-1,-1,3,E01003627,0,1
2025010580005,2025,010580005,1,11,0,5,5,7,3,0,0,0,0,0,0,0,4,1,1,1,1,35,6,-1,-1,-1,-1,5,E01016034,0,4
2025010580005,2025,010580005,2,1,0,-1,-1,7,3,4,4,0,5,0,1,0,3,1,2,2,1,51,8,-1,-1,-1,-1,9,E01035592,0,4
2025010580007,2025,010580007,2,8,9,99,99,9,9,99,99,9,9,99,9,99,1,9,6,6,3,-1,-1,-1,-1,-1,-1,-1,-1,0,-1
2025010580007,2025,010580007,1,1,9,99,99,9,9,99,99,9,9,99,9,99,9,1,6,6,1,31,6,-1,-1,-1,-1,3,E01003924,0,2
2025010580010,2025,010580010,1,1,9,99,99,9,9,99,99,1,9,99,9,99,1,1,6,6,1,28,6,-1,-1,-1,-1,2,E01033699,0,1
2025010580010,2025,010580010,2,19,0,99,99,9,9,99,99,1,9,99,9,99,9,9,6,6,3,-1,-1,-1,-1,-1,-1,-1,-1,0,-1
2025010580017,2025,010580017,2,8,0,99,99,9,9,99,99,1,9,99,9,99,1,9,-1,-1,3,-1,-1,-1,-1,-1,-1,-1,-1,0,-1
2025010580017,2025,010580017,1,1,9,99,99,9,9,99,99,1,9,99,9,99,9,1,-1,-1,2,32,6,-1,-1,-1,-1,4,E01001724,0,1
2025010580019,2025,010580019,2,8,0,99,99,9,9,99,99,0,9,99,9,99,9,9,6,6,3,-1,-1,-1,-1,-1,-1,-1,-1,0,-1
2025010580019,2025,010580019,1,1,9,99,99,9,9,99,99,0,9,8,9,99,1,1,6,6,1,29,6,-1,-1,-1,-1,1,E01002736,0,2
2025010580021,2025,010580021,1,9,0,9,9,1,6,0,0,5,0,0,0,0,3,1,6,6,2,50,8,-1,-1,-1,-1,5,E01000802,0,1
2025010580022,2025,010580022,1,9,0,-1,-1,3,7,0,0,0,0,0,1,0,1,1,6,6,2,38,7,-1,-1,-1,-1,2,E01004255,0,1
2025010580028,2025,010580028,1,1,0,7,7,5,6,0,0,1,0,0,0,0,1,1,-1,-1,1,36,7,-1,-1,-1,-1,4,E01004540,0,1
2025010580029,2025,010580029,2,19,0,99,99,9,9,99,99,9,9,99,9,99,9,9,6,6,3,-1,-1,-1,-1,-1,-1,-1,-1,0,-1
2025010580029,2025,010580029,1,1,9,99,99,9,9,99,99,9,9,99,9,99,9,1,2,2,2,57,9,-1,-1,-1,-1,3,E01003288,0,1
2025010580035,2025,010580035,2,1,0,9,9,7,4,0,0,1,0,0,0,0,4,1,6,6,1,15,3,-1,-1,-1,-1,1,E01001847,0,1
2025010580035,2025,010580035,1,9,0,-1,-1,1,5,0,0,1,0,0,0,0,1,1,-1,-1,2,28,6,-1,-1,-1,-1,2,E01001729,0,1
2025010580036,2025,010580036,1,19,0,9,9,1,7,0,0,6,0,0,0,0,1,1,-1,-1,1,50,8,-1,-1,-1,-1,5,E01003247,0,2
2025010580037,2025,010580037,2,9,0,99,99,9,9,99,99,9,9,99,9,99,1,9,6,6,2,32,6,-1,-1,-1,-1,10,E01003008,0,2
2025010580037,2025,010580037,1,1,9,99,99,9,9,99,99,9,9,99,9,99,2,1,2,2,3,37,7,-1,-1,-1,-1,4,E01001903,0,1
2025010580039,2025,010580039,1,9,0,9,9,6,4,0,0,4,0,0,0,0,1,1,2,2,2,78,11,-1,-1,-1,-1,6,E01003435,0,1
2025010580039,2025,010580039,2,3,0,14,14,7,3,0,0,8,0,0,0,0,1,1,6,6,1,17,4,-1,-1,-1,-1,7,E01001026,0,2
2025010580042,2025,010580042,2,1,9,99,99,9,9,99,99,1,9,99,9,99,9,1,6,6,1,-1,-1,-1,-1,-1,-1,-1,-1,0,-1
2025010580042,2025,010580042,1,9,0,99,99,9,9,99,99,1,9,99,9,99,1,9,6,6,3,-1,-1,-1,-1,-1,-1,-1,-1,0,-1
2025010580043,2025,010580043,4,9,0,3,3,1,5,0,0,1,0,0,0,0,2,1,6,6,2,-1,-1,-1,-1,-1,-1,4,E01001176,0,1
2025010580043,2025,010580043,2,9,0,2,2,0,0,0,0,1,0,0,0,0,2,1,-1,-1,1,-1,-1,-1,-1,-1,-1,7,E01001106,0,1
2025010580043,2025,010580043,1,9,0,-1,-1,5,1,0,0,2,1,0,0,0,1,1,-1,-1,1,20,4,-1,-1,-1,-1,6,E01004078,0,1
2025010580043,2025,010580043,3,9,0,3,3,1,5,0,0,1,0,0,0,0,2,1,-1,-1,1,-1,-1,-1,-1,-1,-1,7,E01001036,0,1
2025010580046,2025,010580046,1,9,0,-1,-1,3,7,0,0,8,0,0,0,0,1,1,1,1,1,31,6,-1,-1,-1,-1,2,E01004615,0,2
2025010580046,2025,010580046,2,1,0,-1,-1,5,1,0,0,8,0,0,0,0,4,1,6,6,1,18,4,-1,-1,-1,-1,4,E01003035,0,1
2025010580051,2025,010580051,1,9,0,7,7,7,1,0,0,0,0,0,0,0,2,1,6,6,3,-1,-1,-1,-1,-1,-1,-1,-1,0,-1
2025010580051,2025,010580051,2,1,0,-1,-1,1,5,0,0,0,0,0,0,0,1,1,2,2,1,33,6,-1,-1,-1,-1,8,E01001307,0,1
2025010580056,2025,010580056,2,9,9,99,99,9,9,99,99,0,9,99,9,99,9,9,6,6,2,49,8,-1,-1,-1,-1,2,E01002368,0,2
2025010580056,2025,010580056,1,9,0,99,99,9,9,99,99,0,9,99,9,99,9,9,6,6,1,60,9,-1,-1,-1,-1,4,E01003518,0,1
2025010580057,2025,010580057,3,9,0,3,3,1,5,0,0,0,0,0,0,0,0,1,-1,-1,1,-1,-1,-1,-1,-1,-1,-1,-1,0,-1
2025010580057,2025,010580057,1,9,0,-1,-1,5,1,0,0,0,0,4,0,0,1,1,6,6,1,31,6,-1,-1,-1,-1,5,E01000699,0,1
2025010580057,2025,010580057,2,19,0,3,3,1,5,0,0,0,0,0,0,0,1,1,-1,-1,1,-1,-1,-1,-1,-1,-1,-1,-1,0,-1
2025010580059,2025,010580059,1,9,0,-1,-1,1,5,0,0,1,0,10,0,0,1,1,-1,-1,2,41,7,-1,-1,-1,-1,3,E01001082,0,1
2025010580059,2025,010580059,2,11,0,9,9,3,1,0,0,6,0,0,1,11,1,1,1,1,2,51,8,-1,-1,-1,-1,3,E01001004,0,2
2025010580060,2025,010580060,1,3,0,-1,-1,1,5,0,0,8,0,0,0,0,3,1,1,1,1,38,7,-1,-1,-1,-1,-1,-1,0,-1
2025010580060,2025,010580060,2,9,0,7,7,5,8,0,0,8,0,0,0,0,3,1,-1,-1,1,48,8,-1,-1,-1,-1,-1,-1,0,-1
2025010580067,2025,010580067,2,1,0,-1,-1,3,7,0,0,8,1,0,0,0,1,1,-1,-1,2,19,4,-1,-1,-1,-1,-1,-1,0,-1
2025010580067,2025,010580067,1,9,0,-1,-1,1,5,0,0,8,0,0,0,0,3,1,6,6,3,-1,-1,-1,-1,-1,-1,-1,-1,0,-1
2025010580071,2025,010580071,2,8,0,-1,-1,0,0,6,6,8,0,0,0,0,1,1,6,6,1,39,7,-1,-1,-1,-1,3,E01000016,0,1
2025010580071,2025,010580071,1,19,0,-1,-1,6,2,0,0,2,0,4,0,0,1,1,6,6,1,40,7,-1,-1,-1,-1,4,E01000066,0,1
2025010580076,2025,010580076,1,3,0,-1,-1,7,3,0,0,0,0,0,0,0,1,1,6,6,1,26,6,-1,-1,-1,-1,2,E01000902,0,1
2025010580077,2025,010580077,2,9,0,9,9,3,1,0,0,1,0,0,0,0,2,1,6,6,1,51,8,-1,-1,-1,-1,10,E01030396,0,3
2025010580077,2025,010580077,1,9,0,-1,-1,1,5,0,0,1,0,0,0,0,1,1,-1,-1,1,20,4,-1,-1,-1,-1,7,E01024158,0,4
2025010580079,2025,010580079,1,9,0,-1,-1,1,5,0,0,0,0,0,0,0,1,1,1,1,1,35,6,-1,-1,-1,-1,3,E01003221,0,1
2025010580079,2025,010580079,2,3,0,-1,-1,1,5,9,9,0,1,10,1,10,1,1,6,6,1,20,4,-1,-1,-1,-1,2,E01000990,0,1
2025010580089,2025,010580089,2,1,0,-1,-1,5,1,0,0,1,0,0,1,0,1,1,2,2,1,43,7,-1,-1,-1,-1,3,E01003088,0,1
2025010580089,2025,010580089,1,9,0,7,7,5,8,0,0,5,0,0,0,0,4,1,1,1,1,45,7,-1,-1,-1,-1,8,E01004585,0,1
2025010580098,2025,010580098,1,3,0,5,5,6,2,0,0,1,5,0,0,0,1,1,6,6,1,59,9,-1,-1,-1,-1,4,E01033930,0,1
2025010580100,2025,010580100,2,9,0,99,99,9,9,99,99,1,9,99,9,99,1,9,6,6,3,-1,-1,-1,-1,-1,-1,-1,-1,0,-1
2025010580100,2025,010580100,1,9,0,99,99,9,9,99,99,1,9,99,9,99,2,9,6,6,1,29,6,-1,-1,-1,-1,8,E01004623,0,1
2025010580102,2025,010580102,1,19,0,4,4,7,3,0,0,0,0,0,0,0,2,1,1,1,1,24,5,-1,-1,-1,-1,5,E01002426,0,1
2025010580102,2025,010580102,3,90,0,-1,-1,3,7,0,0,0,1,0,0,0,1,1,1,1,1,44,7,-1,-1,-1,-1,9,E01032711,0,4
2025010580102,2025,010580102,2,9,0,-1,-1,3,7,0,0,0,0,0,0,0,2,1,6,6,1,58,9,-1,-1,-1,-1,5,E01002525,0,1
2025010580104,2025,010580104,1,3,0,99,99,9,9,99,99,9,9,99,9,99,9,1,2,2,1,30,6,-1,-1,-1,-1,2,E01002087,0,1
2025010580104,2025,010580104,2,9,0,99,99,9,9,99,99,9,9,99,9,99,9,9,6,6,3,-1,-1,-1,-1,-1,-1,-1,-1,0,-1
2025010580107,2025,010580107,1,1,9,99,99,9,9,99,99,1,9,99,9,99,9,1,6,6,2,-1,-1,-1,-1,-1,-1,-1,-1,0,-1
2025010580108,2025,010580108,4,9,0,4,4,3,7,0,0,0,0,0,0,0,1,1,2,2,1,45,7,-1,-1,-1,-1,6,E01002670,0,1
2025010580108,2025,010580108,11,9,0,4,4,1,5,0,0,0,0,0,0,0,1,1,2,2,1,26,6,-1,-1,-1,-1,-1,-1,0,-1
2025010580108,2025,010580108,9,8,0,4,4,1,5,0,0,0,0,0,0,0,3,1,1,1,1,50,8,-1,-1,-1,-1,-1,-1,0,-1
2025010580108,2025,010580108,3,9,0,4,4,3,7,0,0,0,0,0,0,0,2,1,6,6,2,40,7,-1,-1,-1,-1,10,E01003899,0,1
2025010580108,2025,010580108,5,9,0,4,4,3,7,0,0,0,0,0,0,0,1,1,2,2,1,40,7,-1,-1,-1,-1,-1,-1,0,-1
2025010580108,2025,010580108,17,9,0,4,4,1,5,0,0,0,0,0,0,0,1,1,2,2,1,28,6,-1,-1,-1,-1,7,E01028023,0,5
2025010580108,2025,010580108,15,9,0,4,4,5,1,0,0,0,0,0,0,0,2,1,2,2,1,64,9,-1,-1,-1,-1,8,E01017910,0,4
2025010580108,2025,010580108,7,9,0,4,4,5,1,0,0,0,0,0,0,0,3,1,2,2,1,24,5,-1,-1,-1,-1,4,E01002893,0,2
2025010580108,2025,010580108,1,9,0,13,13,7,3,0,0,0,1,0,0,0,1,1,6,6,1,28,6,-1,-1,-1,-1,4,E01001225,0,2
2025010580108,2025,010580108,8,9,0,4,4,5,1,0,0,0,0,0,0,0,3,1,6,6,1,33,6,-1,-1,-1,-1,-1,-1,0,-1
2025010580108,2025,010580108,2,9,0,-1,-1,7,3,0,0,0,0,0,0,0,0,1,-1,-1,1,42,7,-1,-1,-1,-1,4,E01002444,0,2
2025010580108,2025,010580108,13,9,0,4,4,5,1,0,0,0,0,0,0,0,1,1,6,6,2,69,10,-1,-1,-1,-1,-1,-1,0,-1
2025010580108,2025,010580108,10,9,0,4,4,1,5,0,0,0,0,0,0,0,3,2,6,6,2,26,6,-1,-1,-1,-1,3,E01002637,0,2
2025010580108,2025,010580108,16,9,0,4,4,5,1,0,0,0,0,0,0,0,3,1,2,2,2,41,7,-1,-1,-1,-1,-1,-1,0,-1
2025010580108,2025,010580108,6,9,0,4,4,5,1,0,0,0,0,0,0,0,1,1,6,6,1,72,10,-1,-1,-1,-1,-1,-1,0,-1
2025010580108,2025,010580108,14,19,0,4,4,5,1,0,0,0,0,0,0,0,3,1,1,1,1,36,7,-1,-1,-1,-1,-1,-1,0,-1
2025010580108,2025,010580108,12,9,0,4,4,1,5,0,0,0,1,0,0,0,2,1,6,6,2,59,9,-1,-1,-1,-1,-1,-1,0,-1
2025010580115,2025,010580115,1,11,0,9,9,4,1,0,0,5,0,0,0,0,3,1,1,1,1,64,9,-1,-1,-1,-1,4,E01000571,0,1
2025010580115,2025,010580115,2,3,0,-1,-1,4,8,0,0,1,5,0,0,0,4,1,6,6,1,28,6,-1,-1,-1,-1,4,E01000473,0,1
2025010580117,2025,010580117,2,9,0,15,15,3,7,0,0,2,0,0,0,0,3,1,6,6,3,-1,-1,-1,-1,-1,-1,-1,-1,0,-1
2025010580117,2025,010580117,1,1,0,-1,-1,7,3,0,0,2,5,0,0,0,3,1,-1,-1,1,50,8,-1,-1,-1,-1,6,E01001592,0,1
2025010580121,2025,010580121,1,1,0,99,99,9,9,4,4,1,0,8,9,0,3,1,2,2,1,41,7,-1,-1,-1,-1,5,E01003640,0,1
2025010580121,2025,010580121,2,9,0,2,2,0,0,0,0,1,0,0,0,0,3,9,6,6,1,62,9,-1,-1,-1,-1,3,E01003729,0,1
2025010580126,2025,010580126,1,3,0,15,15,6,2,2,2,1,0,0,0,0,1,1,-1,-1,1,37,7,-1,-1,-1,-1,3,E01004645,0,2
2025010580126,2025,010580126,2,20,0,7,7,6,8,2,2,8,0,0,0,0,4,1,1,1,1,32,6,-1,-1,-1,-1,10,E01031111,0,5
2025010580127,2025,010580127,2,9,0,-1,-1,3,7,0,0,8,0,0,0,0,1,1,6,6,2,60,9,-1,-1,-1,-1,3,E01004413,0,1
2025010580127,2025,010580127,1,9,0,-1,-1,1,5,0,0,8,0,0,0,0,4,1,-1,-1,2,22,5,-1,-1,-1,-1,7,E01004360,0,1
2025010580129,2025,010580129,1,8,0,99,99,9,9,99,99,9,9,99,9,99,9,9,1,1,1,29,6,-1,-1,-1,-1,2,E01004089,0,1
2025010580129,2025,010580129,2,9,0,99,99,9,9,99,99,9,9,99,9,99,9,9,6,6,1,24,5,-1,-1,-1,-1,3,E01001154,0,1
2025010580131,2025,010580131,2,9,9,99,99,9,9,99,99,0,9,99,9,99,9,1,6,6,3,55,8,-1,-1,-1,-1,4,E01001294,0,1
2025010580131,2025,010580131,1,9,9,99,99,9,9,99,99,0,9,99,9,99,1,1,6,6,1,60,9,-1,-1,-1,-1,4,E01001373,0,1
2025010580135,2025,010580135,2,90,9,-1,-1,1,5,99,99,1,0,99,0,0,9,9,6,6,3,-1,-1,-1,-1,-1,-1,-1,-1,0,-1
2025010580135,2025,010580135,1,9,0,99,99,9,9,99,99,1,9,99,9,99,9,9,6,6,2,39,7,-1,-1,-1,-1,3,E01033858,0,4
2025010580136,2025,010580136,2,19,0,2,2,0,0,6,6,0,0,0,0,0,2,1,6,6,-1,-1,-1,-1,-1,-1,-1,-1,-1,0,-1
2025010580136,2025,010580136,1,11,0,4,4,5,1,0,0,0,0,0,0,0,1,1,1,1,1,62,9,-1,-1,-1,-1,1,E01002082,0,1
2025010580137,2025,010580137,2,9,0,11,11,5,1,0,0,0,0,0,0,0,4,1,6,6,1,54,8,-1,-1,-1,-1,2,E01003196,0,3
2025010580137,2025,010580137,1,3,0,12,12,5,1,0,0,0,0,0,0,0,3,1,6,6,1,61,9,-1,-1,-1,-1,6,E01001837,0,1
2025010580143,2025,010580143,1,-1,0,14,14,3,7,0,0,1,0,0,0,0,1,1,-1,-1,1,54,8,-1,-1,-1,-1,5,E01000619,0,1
2025010580144,2025,010580144,2,21,0,99,99,9,9,99,99,6,9,99,9,99,1,9,6,6,3,-1,-1,-1,-1,-1,-1,-1,-1,0,-1
2025010580144,2025,010580144,1,1,9,99,99,9,9,99,99,2,9,99,9,99,9,1,6,6,1,62,9,-1,-1,-1,-1,4,E01003767,0,1
2025010580145,2025,010580145,2,1,0,-1,-1,5,1,0,0,0,5,0,1,0,3,1,2,2,2,50,8,-1,-1,-1,-1,3,E01003135,0,2
2025010580145,2025,010580145,1,9,0,15,15,5,1,0,0,0,1,0,2,4,3,1,6,6,1,20,4,-1,-1,-1,-1,6,E01001184,0,1
2025010580146,2025,010580146,1,3,0,-1,-1,1,5,0,0,0,0,0,0,0,1,1,6,6,3,-1,-1,-1,-1,-1,-1,-1,-1,0,-1
2025010580154,2025,010580154,1,1,0,4,4,5,1,0,0,2,0,0,1,0,2,1,-1,-1,1,17,4,-1,-1,-1,-1,4,E01004569,0,1
2025010580157,2025,010580157,1,9,0,4,4,1,5,0,0,0,0,0,0,0,2,2,-1,-1,1,37,7,-1,-1,-1,-1,4,E01016003,0,4
2025010580157,2025,010580157,3,9,0,4,4,1,5,0,0,0,0,4,0,0,1,1,-1,-1,1,17,4,-1,-1,-1,-1,6,E01024457,0,4
2025010580157,2025,010580157,2,9,0,4,4,1,5,0,0,0,0,4,0,0,2,1,-1,-1,1,30,6,-1,-1,-1,-1,8,E01015696,0,4
2025010580159,2025,010580159,2,9,0,9,9,3,1,0,0,6,0,0,0,0,1,1,6,6,2,43,7,-1,-1,-1,-1,10,E01000833,0,2
2025010580159,2025,010580159,1,9,0,9,9,1,8,0,0,5,0,0,0,0,3,1,-1,-1,2,26,6,-1,-1,-1,-1,4,E01001047,0,2
2025010580160,2025,010580160,1,9,0,-1,-1,8,4,0,0,3,0,0,0,0,1,1,2,2,1,55,8,-1,-1,-1,-1,8,E01002436,0,1
2025010580160,2025,010580160,2,1,0,4,4,8,4,0,0,3,0,0,0,0,2,1,-1,-1,1,60,9,-1,-1,-1,-1,10,E01023839,0,1
2025010580162,2025,010580162,1,9,0,-1,-1,3,7,0,0,4,0,7,0,0,1,1,2,2,1,22,5,-1,-1,-1,-1,5,E01003724,0,1
2025010580162,2025,010580162,2,9,0,5,5,5,1,0,0,4,0,0,0,0,3,1,1,1,2,47,8,-1,-1,-1,-1,-1,-1,0,-1
2025010580164,2025,010580164,2,9,0,-1,-1,4,8,0,0,0,0,0,0,0,1,1,6,6,2,31,6,-1,-1,-1,-1,-1,-1,0,-1
2025010580164,2025,010580164,1,9,0,13,13,8,4,0,0,0,0,0,7,0,1,1,6,6,1,24,5,-1,-1,-1,-1,9,E01000713,0,2
2025010580166,2025,010580166,1,9,0,99,99,9,9,99,99,8,9,99,9,99,2,9,6,6,1,27,6,-1,-1,-1,-1,3,E01004126,0,4