collision_index,collision_year,collision_ref_no,vehicle_reference,vehicle_type,towing_and_articulation,vehicle_manoeuvre_historic,vehicle_manoeuvre,vehicle_direction_from,vehicle_direction_to,vehicle_location_restricted_lane_historic,vehicle_location_restricted_lane,junction_location,skidding_and_overturning,hit_object_in_carriageway,vehicle_leaving_carriageway,hit_object_off_carriageway,first_point_of_impact,vehicle_left_hand_drive,journey_purpose_of_driver_historic,journey_purpose_of_driver,sex_of_driver,age_of_driver,age_band_of_driver,engine_capacity_cc,propulsion_code,age_of_vehicle,generic_make_model,driver_imd_decile,lsoa_of_driver,escooter_flag,driver_distance_banding
2025010580166,2025,010580166,2,9,9,99,99,9,9,99,99,8,9,99,9,99,9,1,6,6,2,20,4,-1,-1,-1,-1,5,E01001500,0,1
2025010580167,2025,010580167,2,1,0,11,11,3,7,0,0,8,0,0,0,0,4,1,-1,-1,1,13,3,-1,-1,-1,-1,8,E01004648,0,1
2025010580167,2025,010580167,1,9,0,-1,-1,5,1,0,0,8,0,0,0,0,1,2,2,2,2,54,8,-1,-1,-1,-1,4,E01000489,0,1
2025010580168,2025,010580168,2,19,9,99,99,9,9,99,99,6,9,0,0,0,9,9,6,6,1,-1,-1,-1,-1,-1,-1,5,E01034599,0,2
2025010580168,2025,010580168,1,1,0,99,99,9,9,99,99,1,0,99,0,0,0,1,6,6,3,28,6,-1,-1,-1,-1,7,E01001223,0,1
2025010580169,2025,010580169,2,1,0,-1,-1,1,5,0,0,0,0,10,0,0,1,1,2,2,1,46,8,-1,-1,-1,-1,-1,-1,0,-1
2025010580169,2025,010580169,1,8,0,-1,-1,1,5,0,0,0,0,0,0,0,2,1,1,1,1,55,8,-1,-1,-1,-1,10,E01000395,0,3
2025010580170,2025,010580170,1,3,0,99,99,9,9,99,99,0,9,99,9,99,9,1,2,2,2,36,7,-1,-1,-1,-1,4,E01001463,0,3
2025010580170,2025,010580170,2,9,0,99,99,9,9,99,99,0,9,99,9,99,2,9,6,6,3,-1,-1,-1,-1,-1,-1,-1,-1,0,-1
2025010580172,2025,010580172,2,19,9,99,99,9,9,99,99,6,9,99,9,99,9,9,6,6,3,-1,-1,-1,-1,-1,-1,-1,-1,0,-1
2025010580172,2025,010580172,1,9,0,99,99,9,9,99,99,1,9,99,9,99,9,9,6,6,1,30,6,-1,-1,-1,-1,2,E01001202,0,1
2025010580177,2025,010580177,2,1,0,-1,-1,1,5,0,0,8,0,0,0,0,4,1,2,2,1,48,8,-1,-1,-1,-1,6,E01001948,0,1
2025010580177,2025,010580177,1,9,0,7,7,1,3,0,0,8,0,0,0,0,4,1,6,6,2,26,6,-1,-1,-1,-1,3,E01016909,0,4
2025010580182,2025,010580182,1,3,0,99,99,9,9,99,99,9,9,99,9,99,9,1,1,1,1,29,6,-1,-1,-1,-1,8,E01001617,0,1
2025010580182,2025,010580182,2,9,0,99,99,9,9,99,99,9,9,99,9,99,9,9,6,6,3,-1,-1,-1,-1,-1,-1,-1,-1,0,-1
2025010580188,2025,010580188,1,1,9,99,99,9,9,99,99,1,9,99,9,99,9,1,6,6,2,15,3,-1,-1,-1,-1,8,E01001564,0,1
2025010580188,2025,010580188,2,9,0,99,99,9,9,99,99,1,9,99,9,99,1,9,6,6,3,-1,-1,-1,-1,-1,-1,8,E01001569,0,1
2025010580195,2025,010580195,2,9,0,99,99,9,9,99,99,5,9,99,9,99,9,9,6,6,2,-1,-1,-1,-1,-1,-1,-1,-1,0,-1
2025010580195,2025,010580195,1,1,9,99,99,9,9,99,99,2,9,99,9,99,9,1,6,6,1,21,5,-1,-1,-1,-1,1,E01002842,0,2
2025010580199,2025,010580199,2,9,0,3,3,1,5,0,0,1,0,0,0,0,2,1,-1,-1,1,34,6,-1,-1,-1,-1,4,E01023870,0,3
2025010580199,2025,010580199,1,9,0,-1,-1,1,5,0,0,1,0,0,0,0,1,1,2,2,1,48,8,-1,-1,-1,-1,7,E01001255,0,2
2025010580204,2025,010580204,1,3,0,14,14,3,7,0,0,8,0,0,0,0,1,1,1,1,1,24,5,-1,-1,-1,-1,2,E01015929,0,4
2025010580216,2025,010580216,1,11,0,4,4,3,7,2,2,1,0,0,0,0,0,1,1,1,1,48,8,-1,-1,-1,-1,2,E01001191,0,3
2025010580223,2025,010580223,1,9,0,5,5,6,2,0,0,1,0,0,7,4,1,1,-1,-1,1,74,10,-1,-1,-1,-1,6,E01002998,0,1
2025010580223,2025,010580223,2,9,0,1,1,6,2,0,0,1,0,0,0,0,2,1,-1,-1,2,57,9,-1,-1,-1,-1,10,E01030353,0,1
2025010580228,2025,010580228,1,9,9,99,99,9,9,99,99,1,9,99,9,99,9,9,6,6,3,-1,-1,-1,-1,-1,-1,-1,-1,0,-1
2025010580229,2025,010580229,2,9,0,99,99,9,9,99,99,0,9,99,9,99,1,1,6,6,3,-1,-1,-1,-1,-1,-1,-1,-1,0,-1
2025010580229,2025,010580229,1,9,0,99,99,9,9,99,99,0,9,99,9,99,9,1,6,6,1,34,6,-1,-1,-1,-1,3,E01003915,0,2
2025010580229,2025,010580229,3,1,9,99,99,9,9,99,99,0,9,99,9,99,2,1,6,6,3,-1,-1,-1,-1,-1,-1,-1,-1,0,-1
2025010580231,2025,010580231,1,9,0,99,99,9,9,0,0,4,0,0,0,0,3,1,6,6,2,25,5,-1,-1,-1,-1,3,E01034608,0,4
2025010580231,2025,010580231,2,2,0,99,99,9,9,0,0,4,0,0,0,0,1,1,6,6,1,-1,-1,-1,-1,-1,-1,-1,-1,0,-1
2025010580231,2025,010580231,3,11,0,99,99,9,9,0,0,4,0,0,0,0,1,1,1,1,3,-1,-1,-1,-1,-1,-1,-1,-1,0,-1
2025010580233,2025,010580233,1,11,0,7,7,1,3,0,0,8,0,0,0,0,0,1,1,1,1,54,8,-1,-1,-1,-1,8,E01000247,0,2
2025010580236,2025,010580236,1,1,0,-1,-1,8,4,0,0,3,0,0,0,0,2,1,2,2,1,40,7,-1,-1,-1,-1,3,E01000373,0,1
2025010580242,2025,010580242,1,1,9,99,99,9,9,99,99,9,9,99,9,99,1,1,6,6,3,-1,-1,-1,-1,-1,-1,-1,-1,0,-1
2025010580248,2025,010580248,1,9,0,2,2,0,0,0,0,2,0,0,0,0,3,1,6,6,-1,-1,-1,-1,-1,-1,-1,-1,-1,0,-1
2025010580248,2025,010580248,2,9,0,-1,-1,3,7,0,0,2,0,0,0,0,1,1,2,2,1,47,8,-1,-1,-1,-1,5,E01015718,0,4
2025010580250,2025,010580250,2,1,0,-1,-1,1,5,0,0,1,0,0,0,0,1,1,1,1,1,26,6,-1,-1,-1,-1,4,E01004208,0,1
2025010580250,2025,010580250,1,9,0,6,6,5,5,0,0,1,0,0,0,0,1,1,6,6,1,31,6,-1,-1,-1,-1,7,E01002427,0,4
2025010580252,2025,010580252,1,8,0,-1,-1,4,8,0,0,2,0,0,0,0,1,1,6,6,1,45,7,-1,-1,-1,-1,5,E01003690,0,3
2025010580255,2025,010580255,2,9,0,99,99,9,9,99,99,9,9,99,9,99,1,9,6,6,3,-1,-1,-1,-1,-1,-1,-1,-1,0,-1
2025010580255,2025,010580255,1,9,0,99,99,9,9,99,99,9,9,99,9,99,1,9,6,6,1,23,5,-1,-1,-1,-1,10,E01000836,0,2
2025010580262,2025,010580262,2,19,0,-1,-1,3,7,0,0,8,0,0,0,0,1,1,6,6,3,-1,-1,-1,-1,-1,-1,-1,-1,0,-1
2025010580262,2025,010580262,1,3,0,-1,-1,3,7,0,0,3,0,0,0,0,4,1,6,6,1,29,6,-1,-1,-1,-1,3,E01001154,0,1
2025010580263,2025,010580263,1,9,0,5,5,6,2,0,0,4,0,0,1,0,1,1,6,6,1,52,8,-1,-1,-1,-1,2,E01000484,0,1
2025010580266,2025,010580266,1,9,0,-1,-1,1,5,0,0,0,2,0,1,10,1,1,6,6,1,32,6,-1,-1,-1,-1,4,E01003339,0,1
2025010580267,2025,010580267,1,9,0,5,5,5,1,0,0,8,0,0,0,0,1,1,-1,-1,1,33,6,-1,-1,-1,-1,4,E01034604,0,2
2025010580267,2025,010580267,2,9,0,3,3,3,7,0,0,8,0,0,0,0,1,1,-1,-1,1,55,8,-1,-1,-1,-1,3,E01032730,0,3
2025010580279,2025,010580279,1,19,0,-1,-1,3,7,0,0,1,0,0,0,0,1,1,1,1,1,59,9,-1,-1,-1,-1,7,E01001304,0,2
2025010580279,2025,010580279,2,3,0,7,7,5,8,0,0,6,0,0,0,0,3,1,1,1,1,27,6,-1,-1,-1,-1,6,E01002662,0,1
2025010580281,2025,010580281,1,1,9,99,99,9,9,4,4,1,9,99,9,99,1,1,6,6,1,13,3,-1,-1,-1,-1,2,E01001868,0,1
2025010580281,2025,010580281,2,19,0,99,99,9,9,99,99,5,9,99,9,99,9,9,6,6,3,-1,-1,-1,-1,-1,-1,-1,-1,0,-1
2025010580283,2025,010580283,2,9,0,7,7,8,2,0,0,1,0,0,0,0,1,1,6,6,1,48,8,-1,-1,-1,-1,3,E01002774,0,1
2025010580283,2025,010580283,1,1,0,-1,-1,8,4,0,0,1,0,0,0,0,3,1,2,2,2,53,8,-1,-1,-1,-1,5,E01002733,0,1
2025010580284,2025,010580284,2,4,0,-1,-1,3,7,0,0,1,0,0,0,0,1,1,6,6,1,39,7,-1,-1,-1,-1,3,E01034178,0,1
2025010580284,2025,010580284,1,9,0,-1,-1,3,7,0,0,1,0,0,0,0,2,1,2,2,2,30,6,-1,-1,-1,-1,3,E01003352,0,2
2025010580285,2025,010580285,1,19,0,9,9,3,8,0,0,5,0,0,0,0,1,1,1,1,1,39,7,-1,-1,-1,-1,9,E01024186,0,4
2025010580285,2025,010580285,2,5,0,-1,-1,7,3,0,0,6,0,0,0,0,4,1,2,2,1,41,7,-1,-1,-1,-1,5,E01000146,0,2
2025010580286,2025,010580286,1,3,0,4,4,3,7,0,0,1,0,0,0,0,2,1,6,6,1,40,7,-1,-1,-1,-1,3,E01001862,0,2
2025010580286,2025,010580286,2,9,0,4,4,3,7,0,0,1,0,0,0,0,1,1,-1,-1,1,42,7,-1,-1,-1,-1,4,E01002547,0,3
2025010580287,2025,010580287,1,2,0,-1,-1,8,4,0,0,2,0,0,0,0,3,1,1,1,1,31,6,-1,-1,-1,-1,7,E01000573,0,1
2025010580288,2025,010580288,1,3,0,99,99,9,9,99,99,8,9,99,9,99,1,1,1,1,1,22,5,-1,-1,-1,-1,5,E01001247,0,2
2025010580288,2025,010580288,2,9,0,99,99,9,9,99,99,4,9,99,9,99,1,9,6,6,3,-1,-1,-1,-1,-1,-1,-1,-1,0,-1
2025010580291,2025,010580291,1,9,0,-1,-1,5,1,0,0,2,0,0,0,0,0,1,1,1,1,59,9,-1,-1,-1,-1,3,E01004044,0,2
2025010580295,2025,010580295,1,9,9,9,9,5,2,0,0,5,9,99,0,0,1,2,6,6,1,-1,-1,-1,-1,-1,-1,-1,-1,0,-1
2025010580298,2025,010580298,1,9,0,-1,-1,8,4,0,0,1,0,0,0,0,1,1,1,1,1,68,10,-1,-1,-1,-1,10,E01002459,0,1
2025010580299,2025,010580299,1,1,9,99,99,9,9,99,99,1,9,99,9,99,9,1,2,2,1,30,6,-1,-1,-1,-1,8,E01003709,0,2
2025010580299,2025,010580299,2,9,0,99,99,9,9,4,4,5,9,99,9,99,9,9,6,6,1,59,9,-1,-1,-1,-1,5,E01004345,0,1
2025010580301,2025,010580301,1,9,0,-1,-1,1,5,0,0,1,0,0,1,10,1,1,-1,-1,1,24,5,-1,-1,-1,-1,3,E01033944,0,1
2025010580303,2025,010580303,1,1,0,-1,-1,1,5,4,4,0,0,0,0,0,1,1,6,6,3,25,5,-1,-1,-1,-1,-1,-1,0,-1
2025010580309,2025,010580309,1,9,0,-1,-1,1,5,0,0,8,0,0,0,0,1,1,6,6,1,19,4,-1,-1,-1,-1,5,E01002699,0,1
2025010580310,2025,010580310,1,9,0,-1,-1,1,5,0,0,0,0,4,0,0,4,1,1,1,1,28,6,-1,-1,-1,-1,2,E01000526,0,1
2025010580310,2025,010580310,2,19,0,2,2,0,0,0,0,0,0,0,0,0,4,1,6,6,-1,-1,-1,-1,-1,-1,-1,-1,-1,0,-1
2025010580310,2025,010580310,3,19,0,3,3,1,5,0,0,0,0,0,0,0,0,1,6,6,3,-1,-1,-1,-1,-1,-1,-1,-1,0,-1
2025010580314,2025,010580314,2,9,0,-1,-1,1,5,0,0,3,0,0,0,0,1,1,6,6,2,32,6,-1,-1,-1,-1,9,E01024143,0,3
2025010580314,2025,010580314,1,9,0,9,9,5,2,0,0,3,0,0,0,0,2,1,6,6,2,38,7,-1,-1,-1,-1,7,E01000650,0,1
2025010580317,2025,010580317,2,1,0,9,9,4,2,0,0,5,0,0,0,0,4,1,-1,-1,1,13,3,-1,-1,-1,-1,2,E01003205,0,1
2025010580317,2025,010580317,1,9,0,-1,-1,4,8,0,0,5,9,99,0,0,4,9,6,6,2,28,6,-1,-1,-1,-1,3,E01001638,0,1
2025010580320,2025,010580320,1,9,0,5,5,7,3,0,0,1,0,0,0,0,4,2,-1,-1,1,36,7,-1,-1,-1,-1,-1,-1,0,-1
2025010580320,2025,010580320,2,1,0,5,5,7,3,0,0,1,0,0,0,0,4,1,-1,-1,1,34,6,-1,-1,-1,-1,4,E01033738,0,1
2025010580322,2025,010580322,2,1,0,13,13,1,5,0,0,8,0,0,0,0,1,1,-1,-1,1,60,9,-1,-1,-1,-1,6,E01001309,0,2
2025010580322,2025,010580322,1,9,0,7,7,1,3,0,0,2,0,0,0,0,4,1,6,6,1,52,8,-1,-1,-1,-1,7,E01002207,0,1
2025010580323,2025,010580323,3,9,0,7,7,5,8,0,0,1,0,0,0,0,1,1,-1,-1,1,31,6,-1,-1,-1,-1,4,E01002622,0,3
2025010580323,2025,010580323,2,19,0,-1,-1,7,3,0,0,5,0,0,0,0,1,1,1,1,1,43,7,-1,-1,-1,-1,5,E01016226,0,4
2025010580323,2025,010580323,1,9,0,7,7,5,8,0,0,1,0,0,0,0,2,1,1,1,1,45,7,-1,-1,-1,-1,9,E01000895,0,2
2025010580325,2025,010580325,1,11,0,5,5,2,6,2,2,0,0,0,0,0,0,1,1,1,1,50,8,-1,-1,-1,-1,3,E01034615,0,2
2025010580326,2025,010580326,2,9,0,-1,-1,9,9,99,99,0,9,99,9,99,1,9,6,6,3,-1,-1,-1,-1,-1,-1,2,E01001438,0,3
2025010580326,2025,010580326,1,9,0,3,3,9,9,99,99,0,9,99,9,99,2,9,1,1,1,40,7,-1,-1,-1,-1,4,E01003782,0,1
2025010580327,2025,010580327,2,9,0,9,9,5,3,0,0,6,0,0,0,0,1,1,-1,-1,1,42,7,-1,-1,-1,-1,10,E01028565,0,4
2025010580327,2025,010580327,1,11,0,3,3,7,3,0,0,1,0,0,0,0,3,1,1,1,1,56,9,-1,-1,-1,-1,4,E01000497,0,2
2025010580328,2025,010580328,2,5,0,-1,-1,5,1,0,0,8,0,0,0,0,0,1,1,1,1,36,7,-1,-1,-1,-1,-1,-1,0,-1
2025010580328,2025,010580328,1,19,0,-1,-1,5,1,0,0,8,0,0,0,0,1,1,1,1,1,25,5,-1,-1,-1,-1,4,E01003919,0,1
2025010580329,2025,010580329,1,3,0,-1,-1,2,6,0,0,1,0,0,0,0,1,1,1,1,1,25,5,-1,-1,-1,-1,5,E01003739,0,1
2025010580329,2025,010580329,2,9,0,9,9,5,2,0,0,1,0,0,0,0,1,1,2,2,2,31,6,-1,-1,-1,-1,2,E01003591,0,1
2025010580331,2025,010580331,1,90,0,15,15,7,3,0,0,1,0,0,0,0,1,1,6,6,3,24,5,-1,-1,-1,-1,-1,-1,0,-1
2025010580331,2025,010580331,2,1,0,5,5,7,3,4,4,1,5,0,1,0,1,1,-1,-1,1,24,5,-1,-1,-1,-1,-1,-1,0,-1
2025010580332,2025,010580332,2,8,0,-1,-1,5,1,0,0,1,0,0,0,0,1,1,-1,-1,1,52,8,-1,-1,-1,-1,2,E01035710,0,2
2025010580332,2025,010580332,1,19,0,10,10,4,1,0,0,1,0,0,0,0,2,1,6,6,1,59,9,-1,-1,-1,-1,5,E01003640,0,3
2025010580344,2025,010580344,2,9,0,99,99,9,9,99,99,2,9,99,9,99,1,9,6,6,3,34,6,-1,-1,-1,-1,6,E01000211,0,3
2025010580344,2025,010580344,1,3,0,99,99,9,9,99,99,6,9,99,9,99,2,1,1,1,1,40,7,-1,-1,-1,-1,5,E01000636,0,3
2025010580345,2025,010580345,1,3,0,99,99,9,9,99,99,9,9,99,9,99,1,1,1,1,1,30,6,-1,-1,-1,-1,6,E01000587,0,1
2025010580345,2025,010580345,2,9,0,99,99,9,9,99,99,9,9,99,9,99,1,9,6,6,3,53,8,-1,-1,-1,-1,4,E01000245,0,1
2025010580352,2025,010580352,1,1,9,99,99,9,9,99,99,8,9,99,9,99,9,1,1,1,1,29,6,-1,-1,-1,-1,4,E01004421,0,1
2025010580352,2025,010580352,2,9,9,99,99,9,9,99,99,5,9,99,9,99,9,9,6,6,3,-1,-1,-1,-1,-1,-1,-1,-1,0,-1
2025010580353,2025,010580353,2,9,0,-1,-1,1,5,0,0,0,0,0,0,0,1,1,6,6,3,-1,-1,-1,-1,-1,-1,-1,-1,0,-1
2025010580353,2025,010580353,1,11,0,4,4,7,3,2,2,0,0,0,0,0,0,1,1,1,2,48,8,-1,-1,-1,-1,2,E01003243,0,1
2025010580359,2025,010580359,1,9,0,9,9,5,2,0,0,0,0,0,0,0,1,1,6,6,2,28,6,-1,-1,-1,-1,9,E01002285,0,2
2025010580359,2025,010580359,2,5,0,-1,-1,2,6,0,0,0,2,0,0,0,4,1,-1,-1,2,46,8,-1,-1,-1,-1,6,E01023320,0,4
2025010580362,2025,010580362,2,11,0,5,5,7,3,0,0,1,0,0,0,0,1,1,1,1,1,25,5,-1,-1,-1,-1,4,E01001061,0,2
2025010580362,2025,010580362,1,9,0,10,10,6,3,0,0,1,0,0,0,0,2,1,6,6,1,32,6,-1,-1,-1,-1,5,E01001853,0,3
2025010580366,2025,010580366,1,11,0,5,5,5,1,0,0,1,0,0,0,0,0,1,1,1,1,59,9,-1,-1,-1,-1,3,E01001860,0,1
2025010580367,2025,010580367,1,1,9,99,99,9,9,99,99,9,9,99,9,99,1,1,6,6,1,24,5,-1,-1,-1,-1,5,E01004547,0,1
2025010580367,2025,010580367,2,19,0,99,99,9,9,99,99,9,9,99,9,99,9,9,6,6,1,25,5,-1,-1,-1,-1,3,E01003431,0,2
2025010580368,2025,010580368,1,3,0,15,15,5,1,0,0,2,0,0,1,0,1,1,-1,-1,1,27,6,-1,-1,-1,-1,5,E01004414,0,1
2025010580368,2025,010580368,3,9,0,2,2,0,0,0,0,2,0,0,0,0,2,1,6,6,-1,-1,-1,-1,-1,-1,-1,-1,-1,0,-1
2025010580368,2025,010580368,2,9,0,-1,-1,1,5,0,0,1,0,0,0,0,4,1,-1,-1,2,38,7,-1,-1,-1,-1,4,E01001465,0,1
2025010580368,2025,010580368,4,9,0,-1,-1,5,1,0,0,1,0,0,0,0,0,1,6,6,1,20,4,-1,-1,-1,-1,9,E01023912,0,4
2025010580369,2025,010580369,2,9,0,99,99,9,9,99,99,1,9,99,9,99,9,9,6,6,1,22,5,-1,-1,-1,-1,6,E01003641,0,4
2025010580369,2025,010580369,1,1,9,99,99,9,9,99,99,1,9,99,9,99,1,1,2,2,3,26,6,-1,-1,-1,-1,4,E01001297,0,1
2025010580370,2025,010580370,2,9,0,14,14,1,5,0,0,0,0,0,0,0,1,1,-1,-1,2,39,7,-1,-1,-1,-1,7,E01004493,0,1
2025010580370,2025,010580370,3,9,0,2,2,0,0,0,0,0,0,0,0,0,1,1,6,6,-1,-1,-1,-1,-1,-1,-1,-1,-1,0,-1
2025010580370,2025,010580370,1,9,0,-1,-1,4,8,0,0,0,1,4,0,0,4,1,1,1,1,58,9,-1,-1,-1,-1,5,E01015953,0,4
2025010580374,2025,010580374,1,3,0,99,99,9,9,99,99,0,9,99,9,99,2,1,1,1,1,25,5,-1,-1,-1,-1,3,E01003574,0,1
2025010580374,2025,010580374,2,9,0,99,99,9,9,99,99,0,9,99,9,99,1,9,6,6,1,33,6,-1,-1,-1,-1,3,E01000641,0,3
2025010580380,2025,010580380,2,98,0,99,99,9,9,99,99,9,9,99,9,99,9,9,6,6,3,-1,-1,-1,-1,-1,-1,9,E01031329,0,5
2025010580380,2025,010580380,1,1,9,99,99,9,9,99,99,9,9,99,9,99,9,1,2,2,2,29,6,-1,-1,-1,-1,5,E01003559,0,1
2025010580389,2025,010580389,2,9,0,5,5,9,9,99,99,1,9,99,9,99,1,9,6,6,2,83,11,-1,-1,-1,-1,8,E01001925,0,1
2025010580389,2025,010580389,1,1,9,99,99,9,9,99,99,1,9,99,9,99,9,1,6,6,1,32,6,-1,-1,-1,-1,7,E01001937,0,1
2025010580393,2025,010580393,2,9,0,-1,-1,5,1,0,0,1,0,0,0,0,1,1,2,2,1,33,6,-1,-1,-1,-1,10,E01003891,0,1
2025010580393,2025,010580393,1,9,0,-1,-1,1,5,0,0,1,0,0,0,0,1,1,2,2,1,43,7,-1,-1,-1,-1,-1,-1,0,-1
2025010580394,2025,010580394,2,9,0,99,99,9,9,99,99,0,9,99,9,99,9,9,6,6,3,-1,-1,-1,-1,-1,-1,-1,-1,0,-1
2025010580394,2025,010580394,1,9,0,99,99,9,9,99,99,0,9,99,9,99,9,9,6,6,2,31,6,-1,-1,-1,-1,3,E01003542,0,2
2025010580398,2025,010580398,1,9,0,-1,-1,5,1,0,0,0,0,0,0,0,1,1,6,6,3,-1,-1,-1,-1,-1,-1,-1,-1,0,-1
2025010580402,2025,010580402,1,1,0,-1,-1,5,1,0,0,0,0,99,0,0,2,1,-1,-1,1,36,7,-1,-1,-1,-1,7,E01035707,0,1
2025010580405,2025,010580405,2,1,0,3,3,4,8,0,0,1,0,0,0,0,1,1,-1,-1,1,53,8,-1,-1,-1,-1,2,E01002804,0,2
2025010580405,2025,010580405,1,19,0,9,9,6,4,0,0,6,0,0,0,0,1,1,6,6,3,-1,-1,-1,-1,-1,-1,9,E01003765,0,3
2025010580406,2025,010580406,1,9,0,-1,-1,4,8,0,0,2,0,0,0,0,1,1,6,6,3,-1,-1,-1,-1,-1,-1,-1,-1,0,-1
2025010580414,2025,010580414,2,9,0,-1,-1,7,3,0,0,0,0,0,0,0,3,1,6,6,1,25,5,-1,-1,-1,-1,1,E01003486,0,1
2025010580414,2025,010580414,1,9,0,-1,-1,3,7,0,0,0,0,0,0,0,1,1,6,6,1,40,7,-1,-1,-1,-1,1,E01003486,0,1
2025010580418,2025,010580418,2,9,0,-1,-1,3,7,0,0,1,0,0,0,0,1,1,-1,-1,1,22,5,-1,-1,-1,-1,10,E01000682,0,1
2025010580418,2025,010580418,1,9,0,9,9,1,7,0,0,6,0,0,0,0,3,1,2,2,2,22,5,-1,-1,-1,-1,6,E01003218,0,3
2025010580420,2025,010580420,1,9,0,-1,-1,8,4,9,9,0,0,10,8,10,1,1,6,6,3,-1,-1,-1,-1,-1,-1,-1,-1,0,-1
2025010580429,2025,010580429,1,9,0,4,4,1,5,0,0,0,0,0,0,0,3,1,1,1,1,34,6,-1,-1,-1,-1,6,E01001343,0,3
2025010580429,2025,010580429,2,1,0,-1,-1,2,6,0,0,0,0,8,0,0,1,1,2,2,1,36,7,-1,-1,-1,-1,3,E01003099,0,1
2025010580433,2025,010580433,1,1,9,99,99,9,9,99,99,0,9,99,9,99,1,1,6,6,3,-1,-1,-1,-1,-1,-1,-1,-1,0,-1
2025010580434,2025,010580434,3,9,9,99,99,9,9,99,99,0,9,99,9,99,9,9,6,6,2,34,6,-1,-1,-1,-1,2,E01004003,0,1
2025010580434,2025,010580434,1,1,9,99,99,9,9,99,99,0,9,99,9,99,1,1,2,2,1,28,6,-1,-1,-1,-1,5,E01003939,0,1
2025010580434,2025,010580434,2,1,9,99,99,9,9,99,99,0,9,99,9,99,1,1,6,6,3,-1,-1,-1,-1,-1,-1,-1,-1,0,-1
2025010580436,2025,010580436,2,9,9,99,99,9,9,99,99,4,9,99,9,99,9,9,6,6,3,-1,-1,-1,-1,-1,-1,-1,-1,0,-1
2025010580436,2025,010580436,1,9,9,99,99,9,9,99,99,3,9,99,9,99,9,9,6,6,3,-1,-1,-1,-1,-1,-1,-1,-1,0,-1
2025010580438,2025,010580438,1,1,9,99,99,9,9,99,99,9,9,99,9,99,9,1,2,2,1,32,6,-1,-1,-1,-1,5,E01003040,0,1
2025010580438,2025,010580438,2,9,0,99,99,9,9,99,99,9,9,99,9,99,9,9,6,6,1,66,10,-1,-1,-1,-1,4,E01003036,0,1
2025010580439,2025,010580439,2,9,0,-1,-1,7,3,0,0,6,0,0,0,0,1,1,1,1,1,45,7,-1,-1,-1,-1,9,E01000690,0,3
2025010580439,2025,010580439,1,3,0,-1,-1,3,7,0,0,6,0,0,0,0,1,1,1,1,1,31,6,-1,-1,-1,-1,2,E01002100,0,3
2025010580448,2025,010580448,2,9,0,99,99,9,9,99,99,0,9,99,9,99,1,9,6,6,3,-1,-1,-1,-1,-1,-1,2,E01000012,0,1
2025010580448,2025,010580448,1,9,0,99,99,9,9,99,99,0,9,99,9,99,2,9,6,6,1,38,7,-1,-1,-1,-1,3,E01003599,0,2
2025010580450,2025,010580450,1,11,0,4,4,7,3,2,2,2,0,0,0,0,0,1,1,1,1,53,8,-1,-1,-1,-1,6,E01001608,0,2
2025010580451,2025,010580451,1,9,0,99,99,9,9,99,99,9,9,99,9,99,9,9,6,6,1,41,7,-1,-1,-1,-1,6,E01001872,0,2
2025010580451,2025,010580451,2,9,0,99,99,9,9,99,99,9,0,99,9,99,9,9,6,6,1,30,6,-1,-1,-1,-1,4,E01000029,0,4
2025010580453,2025,010580453,1,3,0,99,99,9,9,2,2,2,9,99,9,99,1,1,2,2,1,27,6,-1,-1,-1,-1,4,E01001595,0,2
2025010580453,2025,010580453,2,9,0,99,99,9,9,99,99,5,9,99,9,99,9,9,6,6,3,-1,-1,-1,-1,-1,-1,-1,-1,0,-1
2025010580454,2025,010580454,2,8,0,-1,-1,7,3,0,0,3,1,0,0,0,2,1,1,1,1,62,9,-1,-1,-1,-1,6,E01003641,0,3
2025010580454,2025,010580454,1,8,0,-1,-1,7,3,0,0,3,1,0,0,0,4,1,1,1,1,36,7,-1,-1,-1,-1,6,E01000407,0,2
2025010580456,2025,010580456,1,1,0,-1,-1,3,7,0,0,1,0,7,0,0,0,1,6,6,1,42,7,-1,-1,-1,-1,3,E01015702,0,4
2025010580460,2025,010580460,2,3,0,-1,-1,5,1,0,0,8,0,0,0,0,1,1,2,2,1,24,5,-1,-1,-1,-1,-1,-1,0,-1
2025010580460,2025,010580460,1,9,0,4,4,5,1,0,0,8,0,0,0,0,2,1,-1,-1,1,33,6,-1,-1,-1,-1,6,E01003386,0,3
2025010580467,2025,010580467,2,1,0,-1,-1,1,5,4,4,1,5,0,0,0,1,1,-1,-1,2,25,5,-1,-1,-1,-1,6,E01003173,0,2
2025010580467,2025,010580467,1,9,0,7,7,1,4,0,0,1,0,0,0,0,4,1,6,6,3,-1,-1,-1,-1,-1,-1,-1,-1,0,-1
2025010580473,2025,010580473,2,1,0,-1,-1,3,7,0,0,8,5,0,0,0,1,1,1,1,1,56,9,-1,-1,-1,-1,4,E01002707,0,1
2025010580473,2025,010580473,1,9,0,9,9,7,5,0,0,8,0,0,0,0,1,1,1,1,1,42,7,-1,-1,-1,-1,-1,-1,0,-1