collision_index,collision_year,collision_ref_no,vehicle_reference,vehicle_type,towing_and_articulation,vehicle_manoeuvre_historic,vehicle_manoeuvre,vehicle_direction_from,vehicle_direction_to,vehicle_location_restricted_lane_historic,vehicle_location_restricted_lane,junction_location,skidding_and_overturning,hit_object_in_carriageway,vehicle_leaving_carriageway,hit_object_off_carriageway,first_point_of_impact,vehicle_left_hand_drive,journey_purpose_of_driver_historic,journey_purpose_of_driver,sex_of_driver,age_of_driver,age_band_of_driver,engine_capacity_cc,propulsion_code,age_of_vehicle,generic_make_model,driver_imd_decile,lsoa_of_driver,escooter_flag,driver_distance_banding
2025010580808,2025,010580808,2,9,0,9,9,9,9,99,99,5,9,99,9,99,1,9,6,6,3,-1,-1,-1,-1,-1,-1,-1,-1,0,-1
2025010580808,2025,010580808,1,1,9,-1,-1,9,9,99,99,1,9,99,9,99,9,1,6,6,3,27,6,-1,-1,-1,-1,7,E01004618,0,3
2025010580810,2025,010580810,1,1,0,-1,-1,8,4,0,0,1,0,0,0,0,2,1,-1,-1,1,39,7,-1,-1,-1,-1,5,E01002744,0,1
2025010580811,2025,010580811,1,1,0,-1,-1,5,1,0,0,0,0,0,0,0,1,1,-1,-1,1,17,4,-1,-1,-1,-1,-1,-1,0,-1
2025010580811,2025,010580811,2,9,0,-1,-1,4,8,0,0,0,0,0,0,0,1,1,6,6,3,-1,-1,-1,-1,-1,-1,-1,-1,0,-1
2025010580812,2025,010580812,2,9,0,99,99,9,9,99,99,9,9,99,9,99,9,9,6,6,3,-1,-1,-1,-1,-1,-1,-1,-1,0,-1
2025010580812,2025,010580812,1,9,0,99,99,9,9,99,99,9,9,99,9,99,2,9,6,6,2,28,6,-1,-1,-1,-1,8,E01030373,0,4
2025010580813,2025,010580813,1,9,0,-1,-1,3,7,0,0,1,0,0,0,0,1,1,6,6,1,38,7,-1,-1,-1,-1,4,E01004452,0,1
2025010580813,2025,010580813,4,9,0,3,3,1,5,0,0,1,0,0,0,0,1,1,-1,-1,1,-1,-1,-1,-1,-1,-1,7,E01003762,0,1
2025010580813,2025,010580813,3,9,0,3,3,1,5,0,0,1,0,0,0,0,0,1,-1,-1,1,-1,-1,-1,-1,-1,-1,4,E01004452,0,1
2025010580813,2025,010580813,2,9,0,3,3,1,5,0,0,1,0,0,0,0,2,1,-1,-1,2,-1,-1,-1,-1,-1,-1,7,E01004359,0,1
2025010580813,2025,010580813,5,9,0,3,3,1,5,0,0,1,0,0,0,0,1,1,-1,-1,1,-1,-1,-1,-1,-1,-1,7,E01004359,0,1
2025010580814,2025,010580814,1,3,0,14,14,3,7,0,0,0,0,0,0,0,1,1,6,6,1,23,5,-1,-1,-1,-1,-1,-1,0,-1
2025010580815,2025,010580815,1,9,0,-1,-1,7,3,0,0,0,0,0,0,0,1,1,-1,-1,1,35,6,-1,-1,-1,-1,5,W01001718,0,5
2025010580817,2025,010580817,2,9,9,99,99,9,9,99,99,1,9,99,9,99,9,9,6,6,3,-1,-1,-1,-1,-1,-1,-1,-1,0,-1
2025010580817,2025,010580817,1,3,0,99,99,9,9,99,99,6,9,99,9,99,9,1,-1,-1,1,23,5,-1,-1,-1,-1,3,E01000100,0,1
2025010580818,2025,010580818,1,9,0,99,99,9,9,99,99,9,9,99,9,99,1,9,2,2,2,41,7,-1,-1,-1,-1,2,E01000063,0,1
2025010580818,2025,010580818,2,9,0,99,99,9,9,99,99,9,9,99,9,99,1,9,6,6,3,-1,-1,-1,-1,-1,-1,-1,-1,0,-1
2025010580819,2025,010580819,2,1,9,99,99,9,9,99,99,9,9,99,9,99,2,1,6,6,3,-1,-1,-1,-1,-1,-1,-1,-1,0,-1
2025010580819,2025,010580819,1,9,0,99,99,9,9,99,99,9,9,99,9,99,2,9,6,6,1,69,10,-1,-1,-1,-1,3,E01034144,0,1
2025010580831,2025,010580831,1,9,0,4,4,5,1,0,0,0,0,0,0,0,0,1,6,6,2,53,8,-1,-1,-1,-1,3,E01002701,0,2
2025010580831,2025,010580831,2,3,0,4,4,5,1,0,0,0,0,0,0,0,1,1,6,6,1,24,5,-1,-1,-1,-1,3,E01001981,0,2
2025010580832,2025,010580832,1,3,0,99,99,9,9,99,99,6,9,99,9,99,1,1,1,1,1,37,7,-1,-1,-1,-1,7,E01001882,0,1
2025010580833,2025,010580833,2,9,0,-1,-1,5,1,0,0,1,0,0,0,0,1,1,1,1,1,45,7,-1,-1,-1,-1,-1,-1,0,-1
2025010580833,2025,010580833,1,9,0,-1,-1,5,1,0,0,1,0,0,0,0,4,1,6,6,1,16,4,-1,-1,-1,-1,2,E01004040,0,2
2025010580834,2025,010580834,2,9,0,-1,-1,3,7,0,0,1,0,0,0,0,1,1,-1,-1,2,28,6,-1,-1,-1,-1,3,E01003302,0,1
2025010580834,2025,010580834,1,9,0,-1,-1,5,1,0,0,1,0,0,0,0,3,1,-1,-1,1,18,4,-1,-1,-1,-1,2,E01003305,0,1
2025010580838,2025,010580838,1,9,0,5,5,4,8,0,0,0,0,0,0,0,1,1,6,6,3,-1,-1,-1,-1,-1,-1,-1,-1,0,-1
2025010580843,2025,010580843,2,9,0,99,99,9,9,99,99,9,9,99,9,99,1,9,6,6,3,-1,-1,-1,-1,-1,-1,-1,-1,0,-1
2025010580843,2025,010580843,1,9,0,99,99,9,9,99,99,9,9,99,9,99,2,9,6,6,1,34,6,-1,-1,-1,-1,1,E01024507,0,4
2025010580844,2025,010580844,2,9,0,-1,-1,1,5,0,0,0,0,0,0,0,1,1,2,2,1,57,9,-1,-1,-1,-1,4,E01000742,0,1
2025010580844,2025,010580844,1,9,0,-1,-1,5,1,0,0,0,0,0,0,0,0,1,2,2,1,40,7,-1,-1,-1,-1,2,E01034149,0,2
2025010580844,2025,010580844,4,9,0,2,2,0,0,0,0,0,0,4,0,0,1,1,6,6,-1,-1,-1,-1,-1,-1,-1,-1,-1,0,-1
2025010580844,2025,010580844,3,9,0,2,2,0,0,0,0,0,0,4,0,0,1,1,6,6,-1,-1,-1,-1,-1,-1,-1,-1,-1,0,-1
2025010580855,2025,010580855,2,9,0,99,99,9,9,99,99,9,9,99,9,99,9,9,6,6,3,-1,-1,-1,-1,-1,-1,-1,-1,0,-1
2025010580855,2025,010580855,1,3,9,99,99,9,9,99,99,9,9,99,9,99,9,1,1,1,1,35,6,-1,-1,-1,-1,5,E01001347,0,1
2025010580859,2025,010580859,1,1,0,-1,-1,7,3,2,2,8,0,0,0,0,3,1,6,6,1,34,6,-1,-1,-1,-1,9,E01030322,0,1
2025010580860,2025,010580860,1,9,0,99,99,9,9,99,99,9,9,99,9,99,2,9,6,6,3,35,6,-1,-1,-1,-1,6,E01017616,0,4
2025010580861,2025,010580861,1,11,0,-1,-1,5,1,1,1,1,0,0,0,0,1,1,-1,-1,1,23,5,-1,-1,-1,-1,7,E01004186,0,1
2025010580865,2025,010580865,1,9,0,-1,-1,4,8,0,0,2,0,0,0,0,1,1,6,6,2,38,7,-1,-1,-1,-1,2,E01004206,0,3
2025010580868,2025,010580868,2,98,9,99,99,9,9,99,99,1,9,99,9,99,9,1,6,6,3,-1,-1,-1,-1,-1,-1,-1,-1,0,-1
2025010580868,2025,010580868,1,9,0,99,99,9,9,99,99,1,9,99,9,99,2,9,6,6,2,35,6,-1,-1,-1,-1,3,E01002710,0,1
2025010580874,2025,010580874,2,11,0,-1,-1,3,7,9,9,2,0,10,7,1,1,1,1,1,1,56,9,-1,-1,-1,-1,3,E01003172,0,2
2025010580874,2025,010580874,1,9,0,-1,-1,3,7,0,0,2,0,0,0,0,2,1,1,1,1,60,9,-1,-1,-1,-1,4,E01003448,0,3
2025010580882,2025,010580882,1,9,0,-1,-1,5,1,0,0,1,0,0,0,0,3,1,-1,-1,2,43,7,-1,-1,-1,-1,6,E01004137,0,1
2025010580882,2025,010580882,2,10,0,5,5,7,3,0,0,1,0,0,0,0,1,1,-1,-1,2,41,7,-1,-1,-1,-1,10,E01030854,0,2
2025010580888,2025,010580888,2,9,0,99,99,9,9,99,99,1,9,99,9,99,2,9,6,6,3,-1,-1,-1,-1,-1,-1,-1,-1,0,-1
2025010580888,2025,010580888,1,9,0,99,99,9,9,99,99,1,9,99,9,99,9,9,6,6,2,45,7,-1,-1,-1,-1,1,E01004245,0,1
2025010580889,2025,010580889,1,19,0,9,9,4,2,0,0,1,0,0,0,0,3,1,2,2,1,37,7,-1,-1,-1,-1,8,E01024209,0,4
2025010580889,2025,010580889,2,3,0,14,14,5,1,0,0,1,0,0,0,0,4,1,6,6,1,30,6,-1,-1,-1,-1,2,E01000739,0,1
2025010580890,2025,010580890,1,3,0,3,3,9,9,99,99,2,9,99,9,99,1,1,1,1,1,29,6,-1,-1,-1,-1,6,E01001685,0,1
2025010580890,2025,010580890,2,9,0,1,1,9,9,99,99,2,9,99,9,99,2,9,6,6,3,-1,-1,-1,-1,-1,-1,4,E01033738,0,1
2025010580892,2025,010580892,1,3,0,99,99,9,9,99,99,9,9,99,9,99,9,1,1,1,1,37,7,-1,-1,-1,-1,1,E01001178,0,1
2025010580892,2025,010580892,2,9,0,99,99,9,9,99,99,9,9,99,9,99,1,9,6,6,3,-1,-1,-1,-1,-1,-1,-1,-1,0,-1
2025010580899,2025,010580899,1,8,0,99,99,9,9,99,99,4,9,99,9,99,2,9,1,1,1,61,9,-1,-1,-1,-1,2,E01002615,0,2
2025010580899,2025,010580899,2,9,0,99,99,9,9,99,99,4,9,99,9,99,1,9,6,6,3,-1,-1,-1,-1,-1,-1,-1,-1,0,-1
2025010580902,2025,010580902,1,1,0,-1,-1,5,1,5,5,6,0,0,0,0,1,1,2,2,1,36,7,-1,-1,-1,-1,7,E01004512,0,2
2025010580903,2025,010580903,1,9,0,3,3,4,8,0,0,1,0,4,0,0,2,2,6,6,1,53,8,-1,-1,-1,-1,3,E01003099,0,1
2025010580903,2025,010580903,2,1,0,3,3,4,8,0,0,2,5,0,0,0,2,1,-1,-1,1,57,9,-1,-1,-1,-1,7,E01004566,0,1
2025010580906,2025,010580906,2,3,0,-1,-1,7,3,0,0,1,0,0,0,0,3,1,1,1,1,28,6,-1,-1,-1,-1,-1,-1,0,-1
2025010580906,2025,010580906,1,9,0,9,9,7,4,0,0,1,0,0,0,0,1,2,-1,-1,1,32,6,-1,-1,-1,-1,8,E01002372,0,1
2025010580907,2025,010580907,2,19,0,-1,-1,5,1,0,0,0,0,0,0,0,1,1,1,1,1,53,8,-1,-1,-1,-1,9,E01000271,0,1
2025010580907,2025,010580907,1,9,0,-1,-1,1,5,0,0,0,0,0,0,0,1,1,2,2,1,31,6,-1,-1,-1,-1,-1,-1,0,-1
2025010580911,2025,010580911,2,1,0,15,15,3,7,0,0,1,0,0,0,0,1,1,6,6,1,48,8,-1,-1,-1,-1,3,E01034191,0,2
2025010580911,2025,010580911,1,9,0,3,3,3,7,0,0,1,0,0,0,0,4,1,1,1,1,67,10,-1,-1,-1,-1,3,E01034391,0,2
2025010580919,2025,010580919,1,9,0,99,99,9,9,99,99,0,9,99,9,99,1,9,6,6,3,-1,-1,-1,-1,-1,-1,-1,-1,0,-1
2025010580921,2025,010580921,1,1,0,13,13,1,5,0,0,1,0,0,0,0,1,1,1,1,1,48,8,-1,-1,-1,-1,2,E01001152,0,3
2025010580925,2025,010580925,1,9,0,9,9,8,6,0,0,1,0,0,0,0,4,1,2,2,1,27,6,-1,-1,-1,-1,6,E01001163,0,1
2025010580925,2025,010580925,2,1,0,-1,-1,4,8,0,0,1,0,0,0,0,1,1,-1,-1,1,18,4,-1,-1,-1,-1,7,E01001084,0,1
2025010580927,2025,010580927,4,1,0,-1,-1,6,2,0,0,2,0,0,0,0,0,1,-1,-1,1,27,6,-1,-1,-1,-1,2,E01003070,0,3
2025010580927,2025,010580927,1,9,0,9,9,1,6,0,0,1,0,0,0,0,3,1,-1,-1,2,74,10,-1,-1,-1,-1,7,E01000657,0,1
2025010580927,2025,010580927,3,1,0,-1,-1,6,2,0,0,1,0,0,0,0,1,1,-1,-1,1,29,6,-1,-1,-1,-1,1,E01001740,0,4
2025010580927,2025,010580927,2,1,0,-1,-1,6,2,0,0,1,0,0,0,0,1,1,-1,-1,1,32,6,-1,-1,-1,-1,6,E01003110,0,4
2025010580934,2025,010580934,2,19,0,7,7,1,2,0,0,3,0,0,0,0,4,1,2,2,1,38,7,-1,-1,-1,-1,4,E01004452,0,1
2025010580934,2025,010580934,1,3,0,7,7,1,2,0,0,3,0,0,0,0,3,1,6,6,1,29,6,-1,-1,-1,-1,2,E01004470,0,1
2025010580936,2025,010580936,1,9,0,7,7,1,4,0,0,5,1,0,0,0,4,1,-1,-1,1,51,8,-1,-1,-1,-1,3,E01000385,0,2
2025010580936,2025,010580936,2,3,0,-1,-1,1,5,0,0,8,5,0,0,0,1,1,2,2,1,43,7,-1,-1,-1,-1,9,E01000716,0,1
2025010580942,2025,010580942,1,9,0,-1,-1,1,5,0,0,0,0,0,0,0,4,1,2,2,1,26,6,-1,-1,-1,-1,5,E01002305,0,3
2025010580942,2025,010580942,2,1,0,-1,-1,1,5,0,0,0,0,0,0,0,3,1,6,6,1,71,10,-1,-1,-1,-1,3,E01003572,0,1
2025010580944,2025,010580944,2,8,0,99,99,9,9,99,99,1,9,99,9,99,1,9,6,6,3,-1,-1,-1,-1,-1,-1,-1,-1,0,-1
2025010580944,2025,010580944,1,3,0,99,99,9,9,99,99,1,9,99,9,99,2,1,1,1,1,41,7,-1,-1,-1,-1,2,E01001152,0,3
2025010580946,2025,010580946,1,9,0,-1,-1,3,7,0,0,0,0,10,2,4,1,1,-1,-1,1,18,4,-1,-1,-1,-1,7,E01000748,0,2
2025010580947,2025,010580947,1,1,9,5,5,9,9,99,99,1,9,99,9,99,2,1,2,2,1,29,6,-1,-1,-1,-1,6,E01001902,0,1
2025010580947,2025,010580947,2,9,0,5,5,9,9,99,99,1,9,99,9,99,1,9,6,6,1,66,10,-1,-1,-1,-1,3,E01015757,0,4
2025010580948,2025,010580948,1,9,0,9,9,5,3,0,0,6,0,0,0,0,1,1,-1,-1,2,53,8,-1,-1,-1,-1,1,E01000599,0,1
2025010580950,2025,010580950,1,9,0,5,5,7,3,0,0,8,0,0,0,0,3,1,6,6,1,45,7,-1,-1,-1,-1,3,E01003567,0,1
2025010580950,2025,010580950,2,21,1,5,5,7,3,0,0,8,0,0,0,0,4,1,6,6,1,-1,-1,-1,-1,-1,-1,8,E01030216,0,4
2025010580954,2025,010580954,2,1,0,9,9,8,7,0,0,4,0,0,7,10,1,1,1,1,1,24,5,-1,-1,-1,-1,3,E01000373,0,1
2025010580954,2025,010580954,1,9,0,7,7,6,1,0,0,3,0,0,7,10,1,1,-1,-1,1,64,9,-1,-1,-1,-1,7,E01001678,0,2
2025010580957,2025,010580957,1,1,9,99,99,9,9,99,99,0,9,8,9,99,9,1,6,6,2,30,6,-1,-1,-1,-1,7,E01002700,0,2
2025010580957,2025,010580957,2,9,0,99,99,9,9,99,99,0,9,99,9,99,9,9,6,6,3,53,8,-1,-1,-1,-1,3,E01004755,0,1
2025010580961,2025,010580961,1,9,0,99,99,9,9,99,99,9,9,99,9,99,9,9,6,6,2,24,5,-1,-1,-1,-1,3,E01001089,0,1
2025010580961,2025,010580961,2,3,0,99,99,9,9,99,99,9,9,99,9,99,2,1,6,6,3,26,6,-1,-1,-1,-1,2,E01004067,0,2
2025010580962,2025,010580962,1,1,0,13,13,5,1,0,0,0,0,0,0,0,4,1,-1,-1,1,18,4,-1,-1,-1,-1,7,E01002373,0,4
2025010580962,2025,010580962,2,19,0,14,14,5,1,0,0,0,0,0,0,0,3,2,1,1,1,64,9,-1,-1,-1,-1,7,E01004029,0,2
2025010580966,2025,010580966,2,1,0,-1,-1,1,5,0,0,1,0,0,0,0,4,1,-1,-1,1,53,8,-1,-1,-1,-1,9,E01001531,0,1
2025010580966,2025,010580966,1,9,0,7,7,3,5,0,0,8,0,0,0,0,1,1,-1,-1,1,35,6,-1,-1,-1,-1,3,E01000553,0,3
2025010580968,2025,010580968,2,1,0,9,9,1,7,0,0,2,2,0,0,0,1,1,6,6,2,17,4,-1,-1,-1,-1,3,E01001830,0,1
2025010580968,2025,010580968,1,9,0,-1,-1,3,7,0,0,2,0,0,0,0,3,1,2,2,2,32,6,-1,-1,-1,-1,2,E01001486,0,2
2025010580972,2025,010580972,1,9,0,4,4,5,1,0,0,9,0,0,9,99,2,1,2,2,1,55,8,-1,-1,-1,-1,4,E01001704,0,2
2025010580972,2025,010580972,2,3,0,-1,-1,5,1,99,99,9,9,4,9,99,1,1,6,6,3,-1,-1,-1,-1,-1,-1,-1,-1,0,-1
2025010580979,2025,010580979,2,19,0,99,99,9,9,99,99,9,9,99,9,99,2,9,6,6,3,-1,-1,-1,-1,-1,-1,-1,-1,0,-1
2025010580979,2025,010580979,1,3,0,99,99,9,9,99,99,9,9,99,9,99,1,1,6,6,1,31,6,-1,-1,-1,-1,3,E01032743,0,1
2025010580984,2025,010580984,1,3,0,15,15,7,3,0,0,1,0,0,0,0,1,1,-1,-1,1,35,6,-1,-1,-1,-1,2,E01000628,0,2
2025010580986,2025,010580986,1,9,0,99,99,9,9,99,99,9,9,99,9,99,1,9,6,6,2,24,5,-1,-1,-1,-1,4,E01003257,0,3
2025010580986,2025,010580986,2,9,0,99,99,9,9,99,99,9,9,99,9,99,1,9,6,6,3,-1,-1,-1,-1,-1,-1,-1,-1,0,-1
2025010580992,2025,010580992,2,19,0,99,99,9,9,99,99,2,9,99,9,99,1,1,6,6,3,-1,-1,-1,-1,-1,-1,-1,-1,0,-1
2025010580992,2025,010580992,1,1,9,99,99,9,9,99,99,2,9,99,9,99,9,1,6,6,1,15,3,-1,-1,-1,-1,3,E01004364,0,1
2025010580994,2025,010580994,1,1,9,99,99,9,9,99,99,0,9,99,9,99,9,1,2,2,1,52,8,-1,-1,-1,-1,4,E01003484,0,1
2025010580994,2025,010580994,2,9,0,99,99,9,9,99,99,0,9,99,9,99,9,9,6,6,3,-1,-1,-1,-1,-1,-1,-1,-1,0,-1
2025010580995,2025,010580995,2,9,0,-1,-1,7,3,0,0,1,0,4,1,10,1,1,6,6,1,43,7,-1,-1,-1,-1,-1,-1,0,-1
2025010580995,2025,010580995,1,9,0,4,4,5,1,9,9,1,0,4,7,7,4,1,6,6,1,27,6,-1,-1,-1,-1,5,E01000468,0,1
2025010580995,2025,010580995,3,9,0,3,3,1,5,0,0,2,0,10,0,0,3,1,1,1,1,51,8,-1,-1,-1,-1,4,E01001636,0,1
2025010580995,2025,010580995,4,9,0,-1,-1,5,1,0,0,1,0,0,0,0,0,1,-1,-1,1,41,7,-1,-1,-1,-1,5,E01001677,0,1
2025010580998,2025,010580998,1,9,0,-1,-1,5,1,0,0,0,0,0,0,0,4,1,6,6,1,29,6,-1,-1,-1,-1,2,E01004312,0,1
2025010580998,2025,010580998,2,1,0,-1,-1,1,5,0,0,0,1,0,0,0,1,1,6,6,2,42,7,-1,-1,-1,-1,3,E01004203,0,1
2025010581002,2025,010581002,2,-1,0,-1,-1,6,2,0,0,1,0,0,0,0,1,1,-1,-1,2,23,5,-1,-1,-1,-1,5,E01015953,0,4
2025010581002,2025,010581002,1,9,0,3,3,6,2,0,0,2,0,0,0,0,0,1,-1,-1,1,30,6,-1,-1,-1,-1,2,E01002091,0,1
2025010581005,2025,010581005,1,16,0,99,99,9,9,99,99,9,9,99,9,99,1,1,6,6,3,34,6,-1,-1,-1,-1,-1,-1,0,-1
2025010581006,2025,010581006,2,5,0,-1,-1,1,5,0,0,1,0,0,0,0,0,1,-1,-1,1,34,6,-1,-1,-1,-1,3,E01003221,0,1
2025010581006,2025,010581006,1,5,0,9,9,1,7,0,0,8,1,10,0,0,4,1,6,6,1,21,5,-1,-1,-1,-1,5,E01001194,0,2
2025010581010,2025,010581010,2,9,9,99,99,9,9,99,99,0,9,99,9,99,9,9,-1,-1,3,-1,-1,-1,-1,-1,-1,-1,-1,0,-1
2025010581010,2025,010581010,1,9,0,99,99,9,9,99,99,0,9,99,9,99,1,9,-1,-1,1,36,7,-1,-1,-1,-1,6,E01035699,0,1
2025010581011,2025,010581011,1,1,9,99,99,9,9,99,99,1,9,99,9,99,1,1,2,2,1,35,6,-1,-1,-1,-1,5,E01000146,0,2
2025010581011,2025,010581011,2,9,0,11,11,9,9,99,99,5,9,99,9,99,9,9,6,6,1,43,7,-1,-1,-1,-1,5,E01004668,0,1
2025010581013,2025,010581013,1,9,0,99,99,9,9,99,99,1,9,99,9,99,2,9,6,6,1,44,7,-1,-1,-1,-1,4,E01000610,0,2
2025010581013,2025,010581013,2,9,0,99,99,9,9,99,99,1,9,99,9,99,1,9,6,6,3,-1,-1,-1,-1,-1,-1,-1,-1,0,-1
2025010581015,2025,010581015,1,1,0,-1,-1,7,3,0,0,8,0,0,0,0,4,1,-1,-1,1,47,8,-1,-1,-1,-1,2,E01002633,0,2
2025010581020,2025,010581020,2,9,0,99,99,9,9,99,99,9,9,99,9,99,1,9,6,6,3,-1,-1,-1,-1,-1,-1,2,-1,0,5
2025010581020,2025,010581020,1,9,0,99,99,9,9,99,99,9,9,99,9,99,2,9,6,6,1,68,10,-1,-1,-1,-1,4,E01002088,0,1
2025010581021,2025,010581021,1,9,0,-1,-1,7,3,0,0,1,0,0,0,0,3,1,6,6,1,39,7,-1,-1,-1,-1,8,E01002477,0,2
2025010581021,2025,010581021,2,9,0,99,99,9,9,99,99,9,9,99,9,99,1,9,6,6,2,53,8,-1,-1,-1,-1,5,E01001344,0,1
2025010581026,2025,010581026,2,8,0,9,9,3,2,0,0,1,0,0,0,0,4,1,6,6,1,53,8,-1,-1,-1,-1,2,E01004241,0,1
2025010581026,2025,010581026,1,4,0,-1,-1,7,3,0,0,1,0,0,0,0,1,1,6,6,1,33,6,-1,-1,-1,-1,2,E01004214,0,1
2025010581028,2025,010581028,2,9,0,99,99,9,9,99,99,0,9,99,9,99,9,9,6,6,1,-1,-1,-1,-1,-1,-1,5,E01002455,0,2
2025010581028,2025,010581028,1,9,0,99,99,9,9,99,99,0,9,99,9,99,4,9,2,2,2,31,6,-1,-1,-1,-1,4,E01016514,0,2
2025010581031,2025,010581031,2,9,0,99,99,9,9,99,99,0,9,99,9,99,1,9,6,6,3,-1,-1,-1,-1,-1,-1,-1,-1,0,-1
2025010581031,2025,010581031,1,9,0,99,99,9,9,99,99,0,9,99,9,99,2,9,6,6,1,51,8,-1,-1,-1,-1,8,E01000253,0,1
2025010581036,2025,010581036,2,9,0,-1,-1,7,3,0,0,1,0,0,0,0,1,1,6,6,1,-1,-1,-1,-1,-1,-1,-1,-1,0,-1
2025010581036,2025,010581036,1,9,0,5,5,3,7,0,0,1,0,0,0,0,2,1,6,6,2,39,7,-1,-1,-1,-1,-1,-1,0,-1
2025010581037,2025,010581037,1,9,0,99,99,9,9,99,99,9,9,99,9,99,2,9,6,6,1,33,6,-1,-1,-1,-1,6,E01001597,0,1
2025010581037,2025,010581037,2,8,0,99,99,9,9,99,99,9,9,99,9,99,2,9,6,6,3,-1,-1,-1,-1,-1,-1,2,E01003994,0,3
2025010581040,2025,010581040,1,1,9,-1,-1,9,9,99,99,1,9,8,9,99,1,1,6,6,2,31,6,-1,-1,-1,-1,8,E01001374,0,2
2025010581040,2025,010581040,2,9,0,99,99,9,9,99,99,2,9,99,9,99,9,9,6,6,3,-1,-1,-1,-1,-1,-1,-1,-1,0,-1
2025010581042,2025,010581042,1,9,0,9,9,3,1,0,0,1,0,0,1,0,1,1,-1,-1,1,23,5,-1,-1,-1,-1,4,E01004336,0,1
2025010581046,2025,010581046,1,3,4,99,99,9,9,99,99,9,9,99,9,99,2,1,1,1,1,40,7,-1,-1,-1,-1,2,E01004222,0,1
2025010581046,2025,010581046,2,8,9,99,99,9,9,99,99,9,9,99,9,99,2,9,-1,-1,3,-1,-1,-1,-1,-1,-1,-1,-1,0,-1
2025010581049,2025,010581049,1,2,0,-1,-1,5,1,0,0,2,0,0,0,0,1,1,6,6,3,-1,-1,-1,-1,-1,-1,-1,-1,0,-1
2025010581053,2025,010581053,1,9,0,9,9,5,2,0,0,0,0,0,0,0,3,1,-1,-1,1,78,11,-1,-1,-1,-1,5,E01003084,0,1
2025010581053,2025,010581053,2,9,0,-1,-1,2,6,0,0,0,0,0,0,0,1,1,-1,-1,1,79,11,-1,-1,-1,-1,2,E01000744,0,1
2025010581057,2025,010581057,2,9,0,11,11,7,3,0,0,8,0,0,0,0,4,1,-1,-1,1,48,8,-1,-1,-1,-1,5,E01003862,0,2
2025010581057,2025,010581057,3,19,0,-1,-1,7,3,0,0,8,0,0,0,0,3,1,-1,-1,1,40,7,-1,-1,-1,-1,4,E01002446,0,3
2025010581057,2025,010581057,1,5,0,11,11,7,3,0,0,8,0,0,0,0,4,1,-1,-1,1,33,6,-1,-1,-1,-1,1,E01000599,0,1
2025010581063,2025,010581063,2,9,0,-1,-1,3,7,0,0,8,0,0,0,0,1,1,6,6,1,28,6,-1,-1,-1,-1,1,E01002880,0,1
2025010581063,2025,010581063,1,19,0,-1,-1,5,1,0,0,8,5,0,0,0,1,1,1,1,1,63,9,-1,-1,-1,-1,2,E01001773,0,3
2025010581068,2025,010581068,2,1,0,3,3,3,7,9,9,8,0,0,0,0,2,1,-1,-1,1,23,5,-1,-1,-1,-1,5,E01002660,0,1
2025010581068,2025,010581068,1,9,0,7,7,1,4,0,0,8,0,0,1,0,1,1,-1,-1,1,31,6,-1,-1,-1,-1,8,E01002569,0,2
2025010581072,2025,010581072,2,9,0,99,99,9,9,99,99,9,9,99,9,99,1,9,6,6,2,67,10,-1,-1,-1,-1,6,E01001266,0,3
2025010581072,2025,010581072,1,9,0,99,99,9,9,99,99,9,9,99,9,99,2,9,6,6,2,49,8,-1,-1,-1,-1,4,E01001261,0,3
2025010581073,2025,010581073,1,1,9,-1,-1,9,9,99,99,1,9,99,9,99,1,1,2,2,1,30,6,-1,-1,-1,-1,4,E01003268,0,2
2025010581073,2025,010581073,2,9,0,7,7,9,9,99,99,5,9,99,9,99,2,9,6,6,3,-1,-1,-1,-1,-1,-1,-1,-1,0,-1
2025010581074,2025,010581074,2,9,9,99,99,9,9,99,99,9,9,99,9,99,9,9,6,6,3,-1,-1,-1,-1,-1,-1,-1,-1,0,-1
2025010581074,2025,010581074,1,3,9,99,99,9,9,0,0,9,9,99,9,0,9,1,1,1,1,50,8,-1,-1,-1,-1,5,E01001571,0,1
2025010581077,2025,010581077,2,1,9,99,99,9,9,99,99,9,9,99,9,99,1,1,6,6,1,35,6,-1,-1,-1,-1,7,E01003906,0,1
2025010581077,2025,010581077,1,9,0,99,99,9,9,99,99,9,9,99,9,99,1,9,6,6,2,46,8,-1,-1,-1,-1,6,E01002668,0,1
2025010581082,2025,010581082,1,9,0,99,99,9,9,99,99,0,9,99,9,99,2,9,6,6,2,34,6,-1,-1,-1,-1,6,E01001149,0,1
2025010581083,2025,010581083,2,9,0,99,99,9,9,99,99,1,9,99,9,99,9,9,6,6,3,-1,-1,-1,-1,-1,-1,2,E01001702,0,1
2025010581083,2025,010581083,1,1,9,99,99,9,9,99,99,1,9,99,9,99,9,1,2,2,1,50,8,-1,-1,-1,-1,9,E01000440,0,1
2025010581086,2025,010581086,2,9,0,-1,-1,7,3,0,0,8,0,0,0,0,1,1,6,6,1,-1,-1,-1,-1,-1,-1,5,E01002010,0,1