collision_index,collision_year,collision_ref_no,vehicle_reference,vehicle_type,towing_and_articulation,vehicle_manoeuvre_historic,vehicle_manoeuvre,vehicle_direction_from,vehicle_direction_to,vehicle_location_restricted_lane_historic,vehicle_location_restricted_lane,junction_location,skidding_and_overturning,hit_object_in_carriageway,vehicle_leaving_carriageway,hit_object_off_carriageway,first_point_of_impact,vehicle_left_hand_drive,journey_purpose_of_driver_historic,journey_purpose_of_driver,sex_of_driver,age_of_driver,age_band_of_driver,engine_capacity_cc,propulsion_code,age_of_vehicle,generic_make_model,driver_imd_decile,lsoa_of_driver,escooter_flag,driver_distance_banding
2025010581086,2025,010581086,1,1,9,-1,-1,3,7,0,0,8,0,0,0,0,1,1,6,6,1,29,6,-1,-1,-1,-1,6,E01000218,0,1
2025010581099,2025,010581099,1,9,0,99,99,9,9,99,99,1,9,99,9,99,9,9,6,6,3,-1,-1,-1,-1,-1,-1,-1,-1,0,-1
2025010581100,2025,010581100,1,9,0,-1,-1,3,7,0,0,4,0,0,0,0,1,1,-1,-1,2,52,8,-1,-1,-1,-1,2,E01000074,0,4
2025010581100,2025,010581100,2,1,0,-1,-1,3,7,0,0,4,0,0,0,0,2,1,-1,-1,1,30,6,-1,-1,-1,-1,4,E01003118,0,4
2025010581104,2025,010581104,2,1,0,7,7,3,6,4,4,6,0,0,0,0,1,1,-1,-1,1,30,6,-1,-1,-1,-1,6,E01001352,0,1
2025010581104,2025,010581104,1,9,0,9,9,7,5,0,0,5,0,0,0,0,1,1,-1,-1,2,65,9,-1,-1,-1,-1,4,E01001252,0,1
2025010581106,2025,010581106,2,19,0,99,99,9,9,99,99,1,9,99,9,99,1,9,6,6,3,-1,-1,-1,-1,-1,-1,-1,-1,0,-1
2025010581106,2025,010581106,1,8,0,99,99,9,9,99,99,1,9,99,9,99,2,9,1,1,1,39,7,-1,-1,-1,-1,7,E01001383,0,2
2025010581110,2025,010581110,2,1,0,-1,-1,4,8,0,0,0,0,0,0,0,1,1,-1,-1,1,18,4,-1,-1,-1,-1,5,E01003204,0,1
2025010581110,2025,010581110,1,19,0,13,13,4,8,0,0,0,0,0,0,0,1,1,6,6,1,33,6,-1,-1,-1,-1,2,E01003197,0,1
2025010581114,2025,010581114,1,9,0,-1,-1,0,0,0,0,0,0,0,0,0,3,1,2,2,1,29,6,-1,-1,-1,-1,5,E01003654,0,4
2025010581119,2025,010581119,2,9,0,99,99,9,9,99,99,1,9,99,9,99,9,9,6,6,3,-1,-1,-1,-1,-1,-1,-1,-1,0,-1
2025010581119,2025,010581119,3,9,0,99,99,9,9,99,99,1,9,99,9,99,9,9,6,6,3,-1,-1,-1,-1,-1,-1,-1,-1,0,-1
2025010581119,2025,010581119,1,9,0,99,99,9,9,99,99,1,9,99,9,99,2,9,2,2,2,38,7,-1,-1,-1,-1,7,E01002204,0,2
2025010581122,2025,010581122,2,9,0,99,99,9,9,99,99,4,9,99,9,99,1,9,6,6,3,-1,-1,-1,-1,-1,-1,-1,-1,0,-1
2025010581122,2025,010581122,1,9,0,99,99,9,9,99,99,4,9,99,9,99,2,9,6,6,1,21,5,-1,-1,-1,-1,4,E01002631,0,3
2025010581125,2025,010581125,1,9,0,2,2,0,0,0,0,0,0,0,0,0,1,1,6,6,-1,-1,-1,-1,-1,-1,-1,-1,-1,0,-1
2025010581125,2025,010581125,2,19,0,-1,-1,1,5,0,0,0,0,0,0,0,1,1,1,1,1,68,10,-1,-1,-1,-1,4,E01001336,0,1
2025010581131,2025,010581131,1,1,9,99,99,9,9,99,99,0,9,99,9,99,2,1,2,2,1,53,8,-1,-1,-1,-1,6,E01001563,0,1
2025010581131,2025,010581131,2,2,0,99,99,9,9,99,99,0,9,99,9,99,1,1,-1,-1,3,-1,-1,-1,-1,-1,-1,-1,-1,0,-1
2025010581136,2025,010581136,1,9,0,-1,-1,5,1,0,0,0,0,7,0,0,1,1,6,6,1,43,7,-1,-1,-1,-1,5,E01001895,0,1
2025010581139,2025,010581139,1,9,0,7,7,6,1,0,0,8,0,0,0,0,1,1,6,6,3,-1,-1,-1,-1,-1,-1,5,E01000624,0,1
2025010581140,2025,010581140,2,9,0,99,99,9,9,99,99,9,9,99,9,99,9,9,6,6,3,-1,-1,-1,-1,-1,-1,-1,-1,0,-1
2025010581140,2025,010581140,1,9,0,99,99,9,9,99,99,9,9,99,9,99,2,9,6,6,2,47,8,-1,-1,-1,-1,6,E01002586,0,1
2025010581145,2025,010581145,2,9,0,9,9,1,7,0,0,2,0,99,0,0,3,9,6,6,1,-1,-1,-1,-1,-1,-1,-1,-1,0,-1
2025010581145,2025,010581145,1,1,0,-1,-1,1,5,4,4,2,0,99,0,0,1,1,6,6,1,38,7,-1,-1,-1,-1,3,E01034394,0,1
2025010581149,2025,010581149,1,8,9,99,99,9,9,99,99,2,9,99,0,0,9,9,6,6,1,71,10,-1,-1,-1,-1,9,E01000752,0,4
2025010581151,2025,010581151,1,3,9,99,99,9,9,99,99,9,9,99,9,99,1,1,1,1,1,40,7,-1,-1,-1,-1,3,E01003498,0,1
2025010581151,2025,010581151,2,9,9,99,99,9,9,99,99,9,9,99,9,99,9,9,6,6,3,-1,-1,-1,-1,-1,-1,-1,-1,0,-1
2025010581154,2025,010581154,2,9,0,99,99,9,9,99,99,9,9,99,9,99,1,9,6,6,3,-1,-1,-1,-1,-1,-1,-1,-1,0,-1
2025010581154,2025,010581154,1,3,0,99,99,9,9,99,99,9,9,99,9,99,2,1,6,6,1,26,6,-1,-1,-1,-1,1,E01000601,0,1
2025010581155,2025,010581155,1,9,0,-1,-1,7,3,0,0,6,0,7,0,0,1,1,6,6,1,34,6,-1,-1,-1,-1,3,E01003183,0,2
2025010581155,2025,010581155,2,9,0,-1,-1,7,3,0,0,1,0,0,0,0,0,1,1,1,1,37,7,-1,-1,-1,-1,3,E01001830,0,1
2025010581155,2025,010581155,3,3,0,4,4,7,3,0,0,1,0,0,0,0,2,1,1,1,1,56,9,-1,-1,-1,-1,4,E01004212,0,1
2025010581157,2025,010581157,1,9,0,99,99,9,9,99,99,0,9,99,9,99,2,9,6,6,1,43,7,-1,-1,-1,-1,2,E01002075,0,2
2025010581157,2025,010581157,2,9,0,99,99,9,9,99,99,0,9,99,9,99,1,9,6,6,3,-1,-1,-1,-1,-1,-1,-1,-1,0,-1
2025010581161,2025,010581161,1,11,0,4,4,7,3,0,0,1,0,0,0,0,0,1,1,1,2,43,7,-1,-1,-1,-1,2,E01000533,0,1
2025010581162,2025,010581162,1,9,0,7,7,1,2,9,9,5,5,0,0,0,1,1,-1,-1,2,90,11,-1,-1,-1,-1,2,E01034149,0,1
2025010581165,2025,010581165,1,3,0,99,99,9,9,99,99,9,9,99,9,99,1,1,2,2,1,30,6,-1,-1,-1,-1,4,E01003062,0,2
2025010581165,2025,010581165,2,8,0,99,99,9,9,99,99,9,9,99,9,99,9,9,6,6,1,41,7,-1,-1,-1,-1,3,E01003182,0,2
2025010581168,2025,010581168,1,9,0,99,99,9,9,99,99,9,9,99,9,99,2,9,6,6,1,32,6,-1,-1,-1,-1,7,E01000573,0,1
2025010581168,2025,010581168,2,9,9,99,99,9,9,99,99,9,9,99,9,99,9,9,6,6,2,49,8,-1,-1,-1,-1,1,E01000599,0,1
2025010581176,2025,010581176,1,9,0,-1,-1,3,7,0,0,1,0,0,0,0,1,1,6,6,1,75,10,-1,-1,-1,-1,3,E01002542,0,1
2025010581176,2025,010581176,2,1,0,5,5,3,7,0,0,1,0,0,0,0,1,1,6,6,2,10,2,-1,-1,-1,-1,3,E01002401,0,1
2025010581184,2025,010581184,1,1,0,-1,-1,3,7,5,5,0,0,0,0,0,1,1,-1,-1,1,35,6,-1,-1,-1,-1,8,E01003860,0,1
2025010581185,2025,010581185,2,19,0,99,99,9,9,99,99,9,9,99,9,99,9,9,6,6,1,51,8,-1,-1,-1,-1,-1,-1,0,-1
2025010581185,2025,010581185,1,1,9,99,99,9,9,99,99,9,9,99,9,99,9,1,2,2,1,56,9,-1,-1,-1,-1,7,E01003395,0,3
2025010581187,2025,010581187,3,19,0,4,4,5,1,0,0,0,0,0,0,0,1,1,2,2,1,32,6,-1,-1,-1,-1,2,E01000091,0,3
2025010581187,2025,010581187,2,20,0,12,12,5,1,0,0,0,2,0,0,0,1,1,1,1,1,47,8,-1,-1,-1,-1,6,E01012423,0,5
2025010581187,2025,010581187,1,21,1,4,4,5,1,0,0,0,0,0,0,0,2,1,1,1,1,51,8,-1,-1,-1,-1,6,E01009645,0,5
2025010581187,2025,010581187,4,19,4,-1,-1,5,1,0,0,0,0,0,0,0,2,2,1,1,1,51,8,-1,-1,-1,-1,-1,-1,0,-1
2025010581193,2025,010581193,2,9,9,99,99,9,9,99,99,9,9,99,9,99,9,9,6,6,1,-1,-1,-1,-1,-1,-1,4,E01000039,0,3
2025010581193,2025,010581193,1,9,0,99,99,9,9,99,99,9,9,99,9,99,2,9,6,6,3,-1,-1,-1,-1,-1,-1,2,E01003540,0,3
2025010581198,2025,010581198,4,9,0,2,2,0,0,0,0,0,0,0,0,0,2,1,6,6,-1,-1,-1,-1,-1,-1,-1,-1,-1,0,-1
2025010581198,2025,010581198,2,9,0,6,6,1,1,0,0,0,0,0,0,0,4,1,-1,-1,1,41,7,-1,-1,-1,-1,-1,-1,0,-1
2025010581198,2025,010581198,3,9,0,2,2,0,0,0,0,0,0,0,0,0,0,1,6,6,-1,-1,-1,-1,-1,-1,-1,-1,-1,0,-1
2025010581198,2025,010581198,1,9,0,-1,-1,5,1,0,0,0,1,0,0,0,1,1,6,6,3,-1,-1,-1,-1,-1,-1,-1,-1,0,-1
2025010581198,2025,010581198,5,9,0,2,2,0,0,0,0,0,0,0,0,0,1,1,6,6,-1,-1,-1,-1,-1,-1,-1,-1,-1,0,-1
2025010581201,2025,010581201,1,4,0,13,13,7,3,0,0,0,1,0,0,0,3,1,6,6,1,-1,-1,-1,-1,-1,-1,-1,-1,0,-1
2025010581201,2025,010581201,3,9,0,2,2,0,0,0,0,0,0,0,0,0,1,1,6,6,-1,-1,-1,-1,-1,-1,-1,-1,-1,0,-1
2025010581201,2025,010581201,2,1,0,-1,-1,7,3,0,0,0,2,0,0,0,3,1,6,6,1,38,7,-1,-1,-1,-1,2,E01001842,0,1
2025010581205,2025,010581205,1,9,0,-1,-1,3,7,0,0,3,0,0,0,0,1,1,6,6,1,35,6,-1,-1,-1,-1,3,E01004422,0,1
2025010581209,2025,010581209,1,1,9,99,99,9,9,99,99,1,9,99,9,99,1,1,6,6,3,55,8,-1,-1,-1,-1,3,E01002084,0,1
2025010581209,2025,010581209,2,90,9,7,7,9,9,99,99,5,9,99,9,99,9,9,1,1,1,67,10,-1,-1,-1,-1,3,E01002797,0,2
2025010581215,2025,010581215,1,9,0,99,99,9,9,99,99,9,9,99,9,99,9,9,6,6,2,75,10,-1,-1,-1,-1,9,E01004171,0,3
2025010581215,2025,010581215,2,1,9,99,99,9,9,99,99,9,9,99,9,99,9,1,6,6,3,17,4,-1,-1,-1,-1,10,E01030323,0,1
2025010581217,2025,010581217,1,9,0,99,99,9,9,99,99,6,9,99,9,99,9,9,6,6,3,-1,-1,-1,-1,-1,-1,3,E01001440,0,1
2025010581218,2025,010581218,1,11,0,-1,-1,8,4,0,0,8,0,0,0,0,2,1,1,1,1,45,7,-1,-1,-1,-1,3,E01003221,0,2
2025010581218,2025,010581218,2,1,0,-1,-1,8,4,0,0,8,0,0,0,0,1,1,-1,-1,1,53,8,-1,-1,-1,-1,3,E01003321,0,2
2025010581222,2025,010581222,2,9,0,-1,-1,5,1,0,0,0,0,0,0,0,1,1,6,6,2,42,7,-1,-1,-1,-1,3,E01000099,0,3
2025010581222,2025,010581222,1,9,0,4,4,5,1,0,0,0,0,0,0,0,2,1,6,6,2,27,6,-1,-1,-1,-1,6,E01032780,0,1
2025010581225,2025,010581225,1,8,0,9,9,1,7,0,0,8,0,0,0,0,1,1,6,6,1,48,8,-1,-1,-1,-1,6,E01002125,0,3
2025010581228,2025,010581228,1,1,0,-1,-1,7,3,0,0,0,0,0,0,0,1,1,6,6,3,-1,-1,-1,-1,-1,-1,-1,-1,0,-1
2025010581232,2025,010581232,1,9,0,-1,-1,2,6,0,0,1,0,0,0,0,1,1,-1,-1,2,63,9,-1,-1,-1,-1,7,E01004491,0,1
2025010581232,2025,010581232,2,9,0,10,10,1,6,0,0,1,0,0,0,0,2,1,-1,-1,1,26,6,-1,-1,-1,-1,4,E01004495,0,1
2025010581233,2025,010581233,1,9,0,-1,-1,3,7,0,0,1,0,0,0,0,1,1,6,6,2,30,6,-1,-1,-1,-1,6,E01003149,0,1
2025010581233,2025,010581233,2,3,0,-1,-1,3,7,0,0,1,0,0,0,0,1,1,6,6,2,-1,-1,-1,-1,-1,-1,-1,-1,0,-1
2025010581238,2025,010581238,1,1,9,99,99,9,9,99,99,0,9,99,9,99,1,1,6,6,3,-1,-1,-1,-1,-1,-1,-1,-1,0,-1
2025010581242,2025,010581242,4,9,0,3,3,7,3,0,0,4,0,0,0,0,2,1,6,6,1,38,7,-1,-1,-1,-1,6,E01002329,0,2
2025010581242,2025,010581242,1,9,0,-1,-1,7,3,0,0,4,1,4,0,0,1,1,1,1,1,27,6,-1,-1,-1,-1,-1,-1,0,-1
2025010581242,2025,010581242,2,8,0,3,3,7,3,0,0,4,0,0,0,0,2,1,6,6,1,58,9,-1,-1,-1,-1,4,E01002350,0,3
2025010581242,2025,010581242,3,3,0,3,3,7,3,0,0,4,0,0,0,0,2,1,6,6,1,24,5,-1,-1,-1,-1,3,E01003491,0,1
2025010581242,2025,010581242,5,9,0,3,3,7,3,0,0,4,0,0,0,0,2,1,6,6,1,33,6,-1,-1,-1,-1,5,E01002247,0,2
2025010581244,2025,010581244,1,1,9,99,99,9,9,99,99,1,9,99,9,99,9,1,2,2,1,45,7,-1,-1,-1,-1,10,E01023362,0,4
2025010581244,2025,010581244,2,19,0,99,99,9,9,99,99,1,9,99,9,99,9,9,-1,-1,1,-1,-1,-1,-1,-1,-1,4,E01023781,0,4
2025010581249,2025,010581249,1,1,9,99,99,9,9,99,99,9,9,99,9,99,1,1,6,6,1,46,8,-1,-1,-1,-1,-1,-1,0,-1
2025010581249,2025,010581249,2,9,0,99,99,9,9,99,99,9,9,99,9,99,1,9,6,6,3,24,5,-1,-1,-1,-1,5,E01035574,0,4
2025010581250,2025,010581250,1,9,0,-1,-1,3,7,0,0,0,0,0,1,10,1,1,-1,-1,1,26,6,-1,-1,-1,-1,-1,-1,0,-1
2025010581256,2025,010581256,1,11,9,99,99,9,9,99,99,0,5,99,9,99,9,1,6,6,3,-1,-1,-1,-1,-1,-1,-1,-1,0,-1
2025010581258,2025,010581258,2,4,0,99,99,9,9,99,99,1,9,99,9,99,1,1,6,6,3,-1,-1,-1,-1,-1,-1,-1,-1,0,-1
2025010581258,2025,010581258,1,9,0,99,99,9,9,99,99,1,9,99,9,99,2,9,6,6,1,29,6,-1,-1,-1,-1,3,E01034204,0,1
2025010581259,2025,010581259,1,1,9,-1,-1,5,1,0,0,8,0,0,0,0,4,1,2,2,1,46,8,-1,-1,-1,-1,2,-1,0,5
2025010581259,2025,010581259,2,9,0,-1,-1,1,5,0,0,1,0,0,0,0,3,1,6,6,1,-1,-1,-1,-1,-1,-1,4,E01004355,0,3
2025010581264,2025,010581264,1,3,0,-1,-1,8,4,9,9,6,2,10,7,0,1,1,6,6,1,36,7,-1,-1,-1,-1,5,E01004547,0,1
2025010581265,2025,010581265,2,1,9,99,99,9,9,99,99,9,9,99,9,99,9,1,6,6,1,-1,-1,-1,-1,-1,-1,3,E01003299,0,1
2025010581265,2025,010581265,1,9,0,99,99,9,9,99,99,9,9,99,9,99,9,9,6,6,3,-1,-1,-1,-1,-1,-1,-1,-1,0,-1
2025010581267,2025,010581267,2,9,0,-1,-1,3,7,9,9,8,0,0,0,0,3,1,6,6,1,56,9,-1,-1,-1,-1,4,E01003722,0,4
2025010581267,2025,010581267,1,19,0,-1,-1,5,1,0,0,8,0,0,0,0,1,1,1,1,1,43,7,-1,-1,-1,-1,2,E01021103,0,4
2025010581270,2025,010581270,1,9,0,-1,-1,7,3,0,0,0,0,10,1,7,1,1,2,2,1,24,5,-1,-1,-1,-1,4,E01000999,0,2
2025010581272,2025,010581272,1,-1,0,15,15,5,1,0,0,1,0,0,0,0,0,1,2,2,1,50,8,-1,-1,-1,-1,8,E01000991,0,2
2025010581278,2025,010581278,1,19,0,7,7,5,8,0,0,1,0,0,0,0,4,1,1,1,1,47,8,-1,-1,-1,-1,4,E01023891,0,4
2025010581278,2025,010581278,2,1,0,-1,-1,5,1,0,0,8,0,0,0,0,1,1,1,1,2,53,8,-1,-1,-1,-1,2,E01000550,0,1
2025010581279,2025,010581279,1,9,0,9,9,1,7,0,0,6,0,0,0,0,1,1,-1,-1,2,44,7,-1,-1,-1,-1,7,E01003754,0,1
2025010581279,2025,010581279,2,1,0,-1,-1,7,3,0,0,8,0,0,0,0,1,1,2,2,1,53,8,-1,-1,-1,-1,5,E01033787,0,1
2025010581284,2025,010581284,2,3,0,15,15,5,1,0,0,2,0,0,0,0,0,1,2,2,1,51,8,-1,-1,-1,-1,2,E01004289,0,1
2025010581284,2025,010581284,1,19,0,9,9,5,2,0,0,6,0,0,0,0,1,1,1,1,1,33,6,-1,-1,-1,-1,-1,-1,0,-1
2025010581285,2025,010581285,1,9,0,-1,-1,7,3,2,2,0,0,0,0,0,0,1,2,2,2,25,5,-1,-1,-1,-1,7,E01026330,0,5
2025010581285,2025,010581285,2,1,0,-1,-1,7,3,2,2,0,5,0,0,0,1,1,-1,-1,2,14,3,-1,-1,-1,-1,5,E01002011,0,1
2025010581288,2025,010581288,1,22,9,99,99,9,9,99,99,0,9,99,9,99,9,1,6,6,3,-1,-1,-1,-1,-1,-1,-1,-1,0,-1
2025010581293,2025,010581293,1,11,0,9,9,5,3,0,0,1,0,0,0,0,1,1,1,1,1,50,8,-1,-1,-1,-1,-1,-1,0,-1
2025010581306,2025,010581306,1,9,0,9,9,3,1,0,0,5,0,0,0,0,4,1,-1,-1,2,21,5,-1,-1,-1,-1,9,E01023461,0,4
2025010581306,2025,010581306,2,1,0,-1,-1,7,3,4,4,8,0,0,0,0,1,1,-1,-1,1,28,6,-1,-1,-1,-1,5,E01002987,0,3
2025010581307,2025,010581307,1,9,0,99,99,9,9,0,0,8,0,0,0,0,4,1,6,6,2,51,8,-1,-1,-1,-1,4,E01001397,0,1
2025010581307,2025,010581307,2,9,0,99,99,9,9,0,0,8,0,0,0,0,4,1,6,6,1,-1,-1,-1,-1,-1,-1,-1,-1,0,-1
2025010581310,2025,010581310,1,5,0,99,99,9,9,99,99,8,9,99,9,99,9,1,6,6,1,26,6,-1,-1,-1,-1,1,E01016900,0,4
2025010581310,2025,010581310,2,9,0,99,99,9,9,99,99,4,9,99,9,99,9,9,6,6,3,-1,-1,-1,-1,-1,-1,-1,-1,0,-1
2025010581315,2025,010581315,2,9,9,99,99,9,9,99,99,9,9,99,9,99,9,9,6,6,3,-1,-1,-1,-1,-1,-1,-1,-1,0,-1
2025010581315,2025,010581315,1,3,0,99,99,9,9,99,99,9,9,99,9,99,1,1,1,1,1,23,5,-1,-1,-1,-1,7,E01003397,0,3
2025010581318,2025,010581318,2,19,0,-1,-1,7,3,0,0,1,0,0,0,0,1,2,6,6,1,-1,-1,-1,-1,-1,-1,3,E01004613,0,2
2025010581318,2025,010581318,1,19,0,-1,-1,7,3,0,0,1,0,0,0,0,2,1,1,1,1,30,6,-1,-1,-1,-1,3,E01000998,0,3
2025010581319,2025,010581319,1,9,0,-1,-1,5,1,0,0,1,0,0,0,0,1,1,-1,-1,1,33,6,-1,-1,-1,-1,2,E01004335,0,1
2025010581320,2025,010581320,1,9,0,99,99,9,9,99,99,8,9,99,9,99,2,9,6,6,1,19,4,-1,-1,-1,-1,4,E01003146,0,2
2025010581320,2025,010581320,2,1,9,99,99,9,9,99,99,8,9,99,9,99,1,1,6,6,1,44,7,-1,-1,-1,-1,3,E01003357,0,2
2025010581322,2025,010581322,1,4,0,-1,-1,1,5,0,0,0,0,0,0,0,3,1,2,2,1,58,9,-1,-1,-1,-1,10,E01023412,0,4
2025010581322,2025,010581322,2,19,0,11,11,1,5,0,0,0,0,0,0,0,4,1,1,1,1,46,8,-1,-1,-1,-1,7,E01023886,0,3
2025010581323,2025,010581323,2,9,0,99,99,9,9,99,99,9,9,99,9,99,1,9,6,6,3,-1,-1,-1,-1,-1,-1,-1,-1,0,-1
2025010581323,2025,010581323,1,3,0,99,99,9,9,99,99,9,9,99,9,99,1,1,6,6,1,29,6,-1,-1,-1,-1,3,E01033933,0,3
2025010581326,2025,010581326,2,9,0,13,13,4,8,0,0,0,0,0,3,0,1,1,6,6,3,-1,-1,-1,-1,-1,-1,-1,-1,0,-1
2025010581326,2025,010581326,1,9,0,-1,-1,4,8,0,0,0,0,0,0,0,4,1,-1,-1,2,33,6,-1,-1,-1,-1,2,E01002314,0,1
2025010581328,2025,010581328,1,9,0,5,5,4,8,0,0,2,0,0,0,0,1,1,-1,-1,1,66,10,-1,-1,-1,-1,7,E01004018,0,1
2025010581328,2025,010581328,2,1,0,-1,-1,6,2,0,0,1,0,0,0,0,1,1,6,6,1,52,8,-1,-1,-1,-1,9,E01003652,0,3
2025010581329,2025,010581329,2,9,0,99,99,9,9,99,99,9,9,99,9,99,9,9,6,6,3,-1,-1,-1,-1,-1,-1,-1,-1,0,-1
2025010581329,2025,010581329,1,9,0,99,99,9,9,99,99,9,9,99,9,99,3,9,6,6,1,38,7,-1,-1,-1,-1,8,E01000786,0,3
2025010581330,2025,010581330,1,9,0,99,99,9,9,99,99,4,9,99,9,99,9,9,2,2,2,20,4,-1,-1,-1,-1,5,E01003494,0,3
2025010581330,2025,010581330,2,1,9,99,99,9,9,99,99,4,9,99,9,99,9,1,6,6,2,36,7,-1,-1,-1,-1,5,E01003941,0,1
2025010581331,2025,010581331,1,3,0,99,99,9,9,99,99,9,9,99,9,99,1,1,1,1,1,36,7,-1,-1,-1,-1,3,E01002085,0,2
2025010581331,2025,010581331,2,9,9,99,99,9,9,99,99,9,9,99,9,99,0,9,6,6,3,-1,-1,-1,-1,-1,-1,-1,-1,0,-1
2025010581334,2025,010581334,2,9,0,99,99,9,9,99,99,9,9,99,9,99,2,9,6,6,3,-1,-1,-1,-1,-1,-1,-1,-1,0,-1
2025010581334,2025,010581334,1,9,0,99,99,9,9,99,99,9,9,99,9,99,9,9,6,6,1,49,8,-1,-1,-1,-1,2,E01001318,0,4
2025010581336,2025,010581336,2,9,0,99,99,9,9,99,99,0,9,99,9,99,1,9,6,6,3,-1,-1,-1,-1,-1,-1,-1,-1,0,-1
2025010581336,2025,010581336,1,19,0,99,99,9,9,99,99,0,9,99,9,99,2,9,1,1,1,38,7,-1,-1,-1,-1,8,E01023893,0,3
2025010581340,2025,010581340,1,9,0,99,99,9,9,99,99,1,9,99,9,99,1,9,6,6,3,-1,-1,-1,-1,-1,-1,-1,-1,0,-1
2025010581342,2025,010581342,3,10,9,3,3,1,5,0,0,0,9,0,9,0,4,9,6,6,1,24,5,-1,-1,-1,-1,4,E01024557,0,4
2025010581342,2025,010581342,2,90,0,3,3,1,5,0,0,0,0,8,0,0,3,1,1,1,1,41,7,-1,-1,-1,-1,2,E01013585,0,5
2025010581342,2025,010581342,1,5,0,-1,-1,1,5,0,0,0,0,8,0,0,4,1,2,2,1,43,7,-1,-1,-1,-1,5,E01024342,0,4
2025010581343,2025,010581343,1,9,0,-1,-1,8,4,0,0,5,0,0,0,0,1,1,-1,-1,1,72,10,-1,-1,-1,-1,5,E01000619,0,1
2025010581343,2025,010581343,2,9,0,-1,-1,8,4,0,0,5,0,0,0,0,2,1,-1,-1,1,32,6,-1,-1,-1,-1,3,E01017619,0,4
2025010581350,2025,010581350,1,19,0,-1,-1,1,5,0,0,4,0,4,0,0,1,1,2,2,1,63,9,-1,-1,-1,-1,3,E01000735,0,1
2025010581350,2025,010581350,2,9,0,3,3,1,5,0,0,4,0,0,0,0,2,1,-1,-1,2,62,9,-1,-1,-1,-1,10,E01024446,0,1
2025010581350,2025,010581350,3,9,0,7,7,3,5,0,0,4,0,0,0,0,1,1,-1,-1,2,53,8,-1,-1,-1,-1,6,E01000825,0,2
2025010581350,2025,010581350,4,9,0,3,3,1,5,0,0,4,0,0,0,0,2,1,-1,-1,1,54,8,-1,-1,-1,-1,6,E01000709,0,3
2025010581352,2025,010581352,1,3,0,5,5,8,4,0,0,1,2,0,0,0,1,1,6,6,1,20,4,-1,-1,-1,-1,-1,-1,0,-1
2025010581352,2025,010581352,2,9,0,9,9,7,4,0,0,6,0,0,0,0,4,1,-1,-1,1,73,10,-1,-1,-1,-1,-1,-1,0,-1
2025010581356,2025,010581356,1,9,0,-1,-1,1,5,0,0,2,0,4,0,0,1,1,2,2,1,73,10,-1,-1,-1,-1,8,E01000123,0,1
2025010581356,2025,010581356,2,19,0,2,2,0,0,0,0,2,0,0,0,0,1,1,6,6,-1,-1,-1,-1,-1,-1,-1,-1,-1,0,-1
2025010581362,2025,010581362,1,97,0,3,3,1,5,0,0,1,0,99,0,0,9,1,6,6,2,38,7,-1,-1,-1,-1,9,E01000382,0,1
2025010581362,2025,010581362,2,9,0,-1,-1,1,5,0,0,1,0,99,0,0,9,9,6,6,3,-1,-1,-1,-1,-1,-1,-1,-1,0,-1
2025010581364,2025,010581364,1,9,0,7,7,3,5,0,0,5,0,0,0,0,1,1,1,1,1,41,7,-1,-1,-1,-1,6,E01003737,0,1
2025010581364,2025,010581364,2,1,0,15,15,3,7,0,0,1,0,0,0,0,1,1,1,1,1,20,4,-1,-1,-1,-1,6,E01003773,0,1
2025010581368,2025,010581368,1,9,0,-1,-1,4,8,0,0,4,0,9,1,8,1,1,6,6,1,80,11,-1,-1,-1,-1,-1,-1,0,-1
2025010581369,2025,010581369,1,9,0,-1,-1,5,1,0,0,1,0,8,1,0,4,1,1,1,1,56,9,-1,-1,-1,-1,-1,-1,0,-1
2025010581369,2025,010581369,2,1,0,15,15,1,5,0,0,1,0,0,1,0,1,1,2,2,1,40,7,-1,-1,-1,-1,5,E01001751,0,1
2025010581379,2025,010581379,3,9,0,2,2,0,0,0,0,0,0,0,0,0,2,1,6,6,-1,-1,-1,-1,-1,-1,-1,-1,-1,0,-1
2025010581379,2025,010581379,1,9,0,3,3,5,1,0,0,0,0,0,0,0,4,1,-1,-1,2,20,4,-1,-1,-1,-1,5,E01003638,0,1
2025010581379,2025,010581379,2,3,0,15,15,5,1,0,0,0,0,8,0,0,1,1,1,1,1,27,6,-1,-1,-1,-1,5,E01003666,0,1
2025010581382,2025,010581382,1,3,0,-1,-1,1,5,0,0,8,2,0,0,0,4,1,6,6,1,17,4,-1,-1,-1,-1,-1,-1,0,-1
2025010581382,2025,010581382,2,9,0,9,9,3,2,0,0,6,0,0,0,0,1,1,6,6,2,25,5,-1,-1,-1,-1,-1,-1,0,-1
2025010581383,2025,010581383,1,9,0,-1,-1,3,7,2,2,2,0,0,0,0,1,1,1,1,1,43,7,-1,-1,-1,-1,2,E01033587,0,1
2025010581388,2025,010581388,1,3,0,-1,-1,7,3,0,0,8,1,0,0,0,0,1,6,6,1,18,4,-1,-1,-1,-1,3,E01004000,0,2
2025010581389,2025,010581389,1,9,0,10,10,7,4,0,0,1,0,0,0,0,1,1,-1,-1,1,32,6,-1,-1,-1,-1,3,E01003491,0,1