collision_index,collision_year,collision_ref_no,vehicle_reference,vehicle_type,towing_and_articulation,vehicle_manoeuvre_historic,vehicle_manoeuvre,vehicle_direction_from,vehicle_direction_to,vehicle_location_restricted_lane_historic,vehicle_location_restricted_lane,junction_location,skidding_and_overturning,hit_object_in_carriageway,vehicle_leaving_carriageway,hit_object_off_carriageway,first_point_of_impact,vehicle_left_hand_drive,journey_purpose_of_driver_historic,journey_purpose_of_driver,sex_of_driver,age_of_driver,age_band_of_driver,engine_capacity_cc,propulsion_code,age_of_vehicle,generic_make_model,driver_imd_decile,lsoa_of_driver,escooter_flag,driver_distance_banding
2025010581670,2025,010581670,1,9,0,-1,-1,5,1,0,0,0,0,4,0,0,1,1,6,6,2,72,10,-1,-1,-1,-1,10,E01002431,0,1
2025010581673,2025,010581673,2,1,0,-1,-1,2,6,0,0,1,0,0,0,0,1,1,2,2,1,33,6,-1,-1,-1,-1,3,E01003950,0,1
2025010581673,2025,010581673,1,9,0,9,9,5,2,0,0,1,0,0,0,0,1,1,-1,-1,1,41,7,-1,-1,-1,-1,6,E01004002,0,1
2025010581680,2025,010581680,1,9,0,5,5,7,3,0,0,1,0,0,0,0,1,1,6,6,3,27,6,-1,-1,-1,-1,4,E01001216,0,1
2025010581684,2025,010581684,2,9,0,99,99,9,9,99,99,1,9,99,9,99,1,9,6,6,1,-1,-1,-1,-1,-1,-1,-1,-1,0,-1
2025010581684,2025,010581684,1,9,0,99,99,9,9,99,99,1,9,99,9,99,1,9,6,6,2,35,6,-1,-1,-1,-1,6,E01003411,0,1
2025010581687,2025,010581687,2,9,0,2,2,0,0,9,9,0,0,0,0,0,4,1,6,6,-1,-1,-1,-1,-1,-1,-1,-1,-1,0,-1
2025010581687,2025,010581687,1,9,0,-1,-1,5,1,0,0,0,2,4,0,0,1,1,6,6,1,32,6,-1,-1,-1,-1,-1,-1,0,-1
2025010581687,2025,010581687,3,9,0,2,2,0,0,9,9,0,0,0,0,0,1,1,6,6,-1,-1,-1,-1,-1,-1,-1,-1,-1,0,-1
2025010581688,2025,010581688,2,9,0,-1,-1,7,3,0,0,1,0,0,0,0,3,1,-1,-1,2,19,4,-1,-1,-1,-1,8,E01002452,0,1
2025010581688,2025,010581688,1,9,0,-1,-1,5,1,0,0,1,0,0,0,0,1,1,-1,-1,2,64,9,-1,-1,-1,-1,5,E01002454,0,1
2025010581695,2025,010581695,1,1,0,10,10,1,7,0,0,1,0,0,0,0,1,1,2,2,1,49,8,-1,-1,-1,-1,3,E01001177,0,1
2025010581698,2025,010581698,2,3,0,-1,-1,7,3,0,0,1,0,0,0,0,1,1,6,6,3,35,6,-1,-1,-1,-1,-1,-1,0,-1
2025010581698,2025,010581698,1,1,0,-1,-1,1,5,0,0,1,0,0,0,0,1,1,-1,-1,1,16,4,-1,-1,-1,-1,3,E01034200,0,1
2025010581699,2025,010581699,1,3,0,-1,-1,1,5,0,0,0,0,0,0,0,0,1,6,6,1,30,6,-1,-1,-1,-1,3,E01001814,0,2
2025010581701,2025,010581701,1,9,0,-1,-1,3,7,0,0,0,2,10,0,0,1,1,6,6,1,26,6,-1,-1,-1,-1,3,E01003979,0,1
2025010581702,2025,010581702,2,9,0,99,99,9,9,99,99,6,9,99,9,99,1,9,6,6,3,-1,-1,-1,-1,-1,-1,-1,-1,0,-1
2025010581702,2025,010581702,1,3,0,99,99,9,9,99,99,1,9,99,9,99,9,1,1,1,1,39,7,-1,-1,-1,-1,4,E01002079,0,2
2025010581714,2025,010581714,2,1,0,-1,-1,5,1,5,5,1,0,0,0,0,1,1,-1,-1,1,15,3,-1,-1,-1,-1,3,E01001491,0,1
2025010581714,2025,010581714,1,9,0,7,7,3,5,0,0,1,0,0,0,0,4,1,6,6,2,47,8,-1,-1,-1,-1,-1,-1,0,-1
2025010581719,2025,010581719,1,1,9,99,99,9,9,4,4,1,9,99,9,99,9,1,2,2,2,59,9,-1,-1,-1,-1,2,E01034175,0,1
2025010581719,2025,010581719,2,9,0,99,99,9,9,99,99,6,9,99,9,99,1,9,6,6,2,35,6,-1,-1,-1,-1,7,E01021077,0,4
2025010581723,2025,010581723,2,9,0,-1,-1,6,2,0,0,5,0,0,0,0,1,1,6,6,3,-1,-1,-1,-1,-1,-1,-1,-1,0,-1
2025010581723,2025,010581723,1,1,0,9,9,1,7,0,0,5,5,0,0,0,1,1,-1,-1,2,43,7,-1,-1,-1,-1,5,E01003067,0,1
2025010581724,2025,010581724,2,11,0,-1,-1,8,4,0,0,2,0,0,0,0,1,1,1,1,2,58,9,-1,-1,-1,-1,2,E01000078,0,2
2025010581724,2025,010581724,1,1,0,7,7,2,4,0,0,2,0,0,0,0,2,1,2,2,1,31,6,-1,-1,-1,-1,2,E01004464,0,2
2025010581725,2025,010581725,1,1,9,99,99,9,9,4,4,1,9,99,9,99,9,1,6,6,1,43,7,-1,-1,-1,-1,6,E01004450,0,3
2025010581725,2025,010581725,2,9,0,99,99,9,9,99,99,6,9,99,9,99,1,9,6,6,3,-1,-1,-1,-1,-1,-1,-1,-1,0,-1
2025010581729,2025,010581729,2,9,0,99,99,9,9,99,99,9,9,99,9,99,1,9,6,6,3,-1,-1,-1,-1,-1,-1,-1,-1,0,-1
2025010581729,2025,010581729,1,9,0,99,99,9,9,99,99,9,9,99,9,99,2,9,6,6,1,30,6,-1,-1,-1,-1,2,E01001193,0,1
2025010581731,2025,010581731,1,5,0,5,5,5,1,0,0,2,0,0,0,0,1,1,-1,-1,1,38,7,-1,-1,-1,-1,9,E01017429,0,4
2025010581746,2025,010581746,3,9,0,2,2,0,0,0,0,2,1,0,0,0,2,1,6,6,-1,-1,-1,-1,-1,-1,-1,-1,-1,0,-1
2025010581746,2025,010581746,4,3,0,13,13,3,7,0,0,2,0,0,0,0,0,1,6,6,1,-1,-1,-1,-1,-1,-1,-1,-1,0,-1
2025010581746,2025,010581746,1,10,0,-1,-1,3,7,0,0,2,0,0,0,0,1,1,1,1,1,73,10,-1,-1,-1,-1,4,E01001261,0,1
2025010581746,2025,010581746,2,9,0,2,2,0,0,0,0,2,0,0,0,0,1,1,6,6,-1,-1,-1,-1,-1,-1,-1,-1,-1,0,-1
2025010581749,2025,010581749,3,9,0,99,99,9,9,99,99,0,9,99,9,99,9,9,6,6,3,-1,-1,-1,-1,-1,-1,2,E01001755,0,2
2025010581749,2025,010581749,1,9,0,99,99,9,9,99,99,0,9,99,9,99,9,9,6,6,2,52,8,-1,-1,-1,-1,10,E01023451,0,4
2025010581749,2025,010581749,2,9,0,99,99,9,9,99,99,0,9,99,9,99,9,9,6,6,1,-1,-1,-1,-1,-1,-1,-1,-1,0,-1
2025010581750,2025,010581750,1,9,0,99,99,9,9,99,99,9,9,99,9,99,2,9,2,2,2,36,7,-1,-1,-1,-1,2,E01000091,0,3
2025010581750,2025,010581750,2,8,0,99,99,9,9,99,99,9,9,99,9,99,1,9,6,6,1,28,6,-1,-1,-1,-1,5,E01002247,0,3
2025010581754,2025,010581754,1,19,0,99,99,9,9,99,99,9,9,99,9,99,9,9,2,2,1,33,6,-1,-1,-1,-1,5,E01002119,0,1
2025010581754,2025,010581754,2,9,0,99,99,9,9,99,99,9,9,99,9,99,9,9,6,6,3,-1,-1,-1,-1,-1,-1,-1,-1,0,-1
2025010581755,2025,010581755,2,1,0,-1,-1,7,3,0,0,8,0,0,0,0,3,1,-1,-1,1,69,10,-1,-1,-1,-1,10,E01002195,0,1
2025010581755,2025,010581755,1,9,0,7,7,1,3,0,0,8,0,0,0,0,3,1,-1,-1,2,45,7,-1,-1,-1,-1,5,E01023350,0,3
2025010581761,2025,010581761,2,9,0,-1,-1,2,6,0,0,1,0,0,0,0,1,1,6,6,1,-1,-1,-1,-1,-1,-1,7,E01004143,0,2
2025010581761,2025,010581761,1,9,0,9,9,4,2,0,0,8,0,0,0,0,3,1,-1,-1,2,72,10,-1,-1,-1,-1,6,E01035280,0,4
2025010581762,2025,010581762,2,11,0,2,2,0,0,2,2,2,0,0,0,0,3,1,6,6,-1,-1,-1,-1,-1,-1,-1,-1,-1,0,-1
2025010581762,2025,010581762,1,3,0,-1,-1,6,2,0,0,2,0,0,0,0,1,1,-1,-1,1,24,5,-1,-1,-1,-1,2,E01002786,0,1
2025010581763,2025,010581763,2,3,0,15,15,1,5,0,0,2,1,0,0,0,2,1,1,1,1,22,5,-1,-1,-1,-1,4,E01002629,0,3
2025010581763,2025,010581763,1,9,0,9,9,7,5,0,0,6,0,0,0,0,1,1,-1,-1,2,35,6,-1,-1,-1,-1,6,E01017934,0,4
2025010581763,2025,010581763,3,19,0,-1,-1,1,5,0,0,2,0,0,0,0,2,1,2,2,1,47,8,-1,-1,-1,-1,6,E01002422,0,3
2025010581764,2025,010581764,2,9,0,99,99,9,9,99,99,8,9,99,9,99,1,9,6,6,2,60,9,-1,-1,-1,-1,9,E01003910,0,1
2025010581764,2025,010581764,1,1,9,99,99,9,9,99,99,8,9,99,9,99,1,1,6,6,2,17,4,-1,-1,-1,-1,4,E01002681,0,1
2025010581766,2025,010581766,1,9,0,2,2,0,0,99,99,2,9,99,9,99,9,9,6,6,1,51,8,-1,-1,-1,-1,4,E01002055,0,1
2025010581766,2025,010581766,2,9,0,-1,-1,9,9,99,99,1,9,99,9,99,9,9,6,6,3,-1,-1,-1,-1,-1,-1,-1,-1,0,-1
2025010581769,2025,010581769,1,9,9,99,99,9,9,0,0,8,0,0,0,0,2,9,6,6,2,68,10,-1,-1,-1,-1,4,E01000565,0,1
2025010581770,2025,010581770,1,4,0,99,99,9,9,2,2,1,9,99,9,99,1,1,6,6,1,20,4,-1,-1,-1,-1,8,E01003659,0,3
2025010581770,2025,010581770,2,9,0,99,99,9,9,99,99,5,9,99,9,99,9,9,6,6,3,31,6,-1,-1,-1,-1,3,E01003979,0,1
2025010581771,2025,010581771,1,9,0,-1,-1,5,1,0,0,1,0,0,0,0,0,1,6,6,1,60,9,-1,-1,-1,-1,9,E01003806,0,1
2025010581771,2025,010581771,2,1,0,-1,-1,5,1,0,0,1,0,0,0,0,1,1,-1,-1,1,24,5,-1,-1,-1,-1,4,E01002580,0,1
2025010581772,2025,010581772,2,9,0,4,4,7,3,0,0,1,0,0,0,0,2,1,6,6,1,42,7,-1,-1,-1,-1,5,E01001854,0,2
2025010581772,2025,010581772,1,9,0,-1,-1,7,3,0,0,1,0,0,0,0,1,1,6,6,1,19,4,-1,-1,-1,-1,3,E01008986,0,5
2025010581773,2025,010581773,1,11,9,2,2,0,0,99,99,0,9,99,9,99,9,9,6,6,3,-1,-1,-1,-1,-1,-1,-1,-1,0,-1
2025010581778,2025,010581778,2,9,0,7,7,1,3,0,0,9,0,99,0,0,9,9,6,6,3,-1,-1,-1,-1,-1,-1,-1,-1,0,-1
2025010581778,2025,010581778,1,1,0,-1,-1,5,1,0,0,9,0,99,0,0,9,1,6,6,1,59,9,-1,-1,-1,-1,3,E01003979,0,1
2025010581779,2025,010581779,1,19,0,5,5,5,1,0,0,4,0,0,0,0,0,1,1,1,1,60,9,-1,-1,-1,-1,3,E01003689,0,1
2025010581779,2025,010581779,3,9,0,4,4,3,7,0,0,3,0,0,0,0,2,1,-1,-1,2,50,8,-1,-1,-1,-1,4,E01003736,0,1
2025010581779,2025,010581779,2,9,0,4,4,3,7,0,0,3,0,0,0,0,0,1,1,1,1,50,8,-1,-1,-1,-1,2,E01000101,0,2
2025010581781,2025,010581781,2,1,0,-1,-1,3,7,0,0,8,0,0,0,0,1,1,-1,-1,2,21,5,-1,-1,-1,-1,4,E01002717,0,2
2025010581781,2025,010581781,1,8,0,-1,-1,5,1,0,0,8,0,0,0,0,3,1,1,1,1,52,8,-1,-1,-1,-1,3,E01000867,0,1
2025010581787,2025,010581787,2,1,0,-1,-1,5,1,99,99,9,0,99,0,0,9,1,6,6,3,-1,-1,-1,-1,-1,-1,-1,-1,0,-1
2025010581787,2025,010581787,1,9,0,9,9,1,7,99,99,9,0,99,0,0,9,9,6,6,2,53,8,-1,-1,-1,-1,10,E01004558,0,1
2025010581796,2025,010581796,2,9,0,7,7,5,8,0,0,8,0,0,1,0,1,1,6,6,1,71,10,-1,-1,-1,-1,5,E01021297,0,3
2025010581796,2025,010581796,1,9,0,9,9,7,5,0,0,8,0,0,0,0,3,1,2,2,2,52,8,-1,-1,-1,-1,5,E01002363,0,1
2025010581802,2025,010581802,2,9,0,4,4,1,5,0,0,0,0,0,0,0,2,1,-1,-1,1,43,7,-1,-1,-1,-1,6,E01018281,0,4
2025010581802,2025,010581802,1,9,0,-1,-1,1,5,0,0,0,0,0,0,0,1,1,-1,-1,1,59,9,-1,-1,-1,-1,-1,-1,0,-1
2025010581803,2025,010581803,1,9,0,9,9,1,6,0,0,8,0,0,0,0,1,1,-1,-1,2,46,8,-1,-1,-1,-1,3,E01001412,0,1
2025010581803,2025,010581803,2,-1,0,-1,-1,5,1,0,0,8,0,0,0,0,1,1,-1,-1,1,32,6,-1,-1,-1,-1,3,E01023343,0,2
2025010581804,2025,010581804,2,9,0,99,99,9,9,99,99,9,9,99,9,99,9,9,6,6,3,-1,-1,-1,-1,-1,-1,-1,-1,0,-1
2025010581804,2025,010581804,1,3,0,99,99,9,9,99,99,9,9,99,9,99,1,1,1,1,1,31,6,-1,-1,-1,-1,7,E01000701,0,1
2025010581807,2025,010581807,2,9,0,5,5,9,9,99,99,2,9,99,9,99,9,9,6,6,3,-1,-1,-1,-1,-1,-1,-1,-1,0,-1
2025010581807,2025,010581807,1,1,9,-1,-1,9,9,99,99,1,9,99,9,99,1,1,6,6,1,42,7,-1,-1,-1,-1,5,E01000928,0,1
2025010581808,2025,010581808,1,9,0,-1,-1,3,7,0,0,1,0,0,0,0,1,1,6,6,1,56,9,-1,-1,-1,-1,-1,-1,0,-1
2025010581808,2025,010581808,2,3,0,4,4,7,3,0,0,1,1,0,0,0,1,1,-1,-1,1,33,6,-1,-1,-1,-1,-1,-1,0,-1
2025010581810,2025,010581810,1,9,0,99,99,9,9,99,99,0,9,99,9,99,9,9,6,6,1,56,9,-1,-1,-1,-1,7,E01002177,0,1
2025010581810,2025,010581810,2,9,9,99,99,9,9,99,99,0,9,99,9,99,9,9,6,6,3,-1,-1,-1,-1,-1,-1,-1,-1,0,-1
2025010581814,2025,010581814,1,9,0,-1,-1,5,1,0,0,0,1,0,0,0,1,1,6,6,1,29,6,-1,-1,-1,-1,2,E01001409,0,1
2025010581814,2025,010581814,2,9,0,-1,-1,5,1,0,0,0,1,0,0,0,2,1,6,6,2,23,5,-1,-1,-1,-1,2,E01004241,0,3
2025010581816,2025,010581816,2,11,0,99,99,9,9,99,99,9,9,99,9,99,1,9,1,1,3,35,6,-1,-1,-1,-1,-1,-1,0,-1
2025010581816,2025,010581816,1,11,9,-1,-1,5,1,99,99,9,9,99,9,99,9,1,6,6,3,-1,-1,-1,-1,-1,-1,-1,-1,0,-1
2025010581820,2025,010581820,1,3,0,-1,-1,9,9,99,99,0,9,99,9,99,9,1,1,1,1,31,6,-1,-1,-1,-1,2,E01004289,0,3
2025010581820,2025,010581820,2,3,0,5,5,9,9,99,99,0,9,99,9,99,1,1,6,6,3,-1,-1,-1,-1,-1,-1,-1,-1,0,-1
2025010581827,2025,010581827,2,9,0,99,99,9,9,99,99,4,9,99,9,99,1,9,6,6,3,61,9,-1,-1,-1,-1,-1,-1,0,-1
2025010581827,2025,010581827,1,3,0,99,99,9,9,99,99,8,9,99,9,99,1,1,1,1,2,25,5,-1,-1,-1,-1,7,E01002171,0,1
2025010581829,2025,010581829,1,9,0,4,4,7,3,0,0,2,0,0,0,0,1,1,1,1,1,55,8,-1,-1,-1,-1,2,E01033881,0,1
2025010581832,2025,010581832,2,1,0,5,5,1,5,0,0,8,0,0,0,0,1,1,-1,-1,2,26,6,-1,-1,-1,-1,2,E01003092,0,1
2025010581832,2025,010581832,1,8,0,5,5,6,2,0,0,8,0,0,0,0,1,1,-1,-1,1,54,8,-1,-1,-1,-1,3,E01001669,0,3
2025010581833,2025,010581833,1,1,9,99,99,9,9,99,99,0,9,99,9,99,1,1,6,6,3,-1,-1,-1,-1,-1,-1,-1,-1,0,-1
2025010581839,2025,010581839,2,9,0,15,15,1,5,0,0,8,0,0,0,0,1,1,6,6,3,-1,-1,-1,-1,-1,-1,-1,-1,0,-1
2025010581839,2025,010581839,1,3,0,-1,-1,1,5,0,0,8,0,0,0,0,2,1,-1,-1,1,20,4,-1,-1,-1,-1,4,E01003578,0,1
2025010581841,2025,010581841,1,3,0,-1,-1,9,9,99,99,9,9,99,9,99,1,1,6,6,1,26,6,-1,-1,-1,-1,3,E01003615,0,2
2025010581841,2025,010581841,2,9,0,6,6,9,9,99,99,9,9,99,9,99,9,9,6,6,3,-1,-1,-1,-1,-1,-1,-1,-1,0,-1
2025010581842,2025,010581842,1,11,0,-1,-1,3,7,0,0,1,0,0,0,0,0,1,1,1,1,20,4,-1,-1,-1,-1,6,E01034486,0,1
2025010581842,2025,010581842,2,9,0,-1,-1,3,7,0,0,1,0,0,0,0,0,1,6,6,3,-1,-1,-1,-1,-1,-1,-1,-1,0,-1
2025010581842,2025,010581842,3,9,0,-1,-1,3,7,0,0,1,0,0,0,0,0,1,6,6,3,-1,-1,-1,-1,-1,-1,-1,-1,0,-1
2025010581845,2025,010581845,1,3,0,-1,-1,5,1,0,0,0,0,0,0,0,1,1,6,6,1,26,6,-1,-1,-1,-1,3,E01001177,0,1
2025010581845,2025,010581845,2,9,0,6,6,5,5,0,0,0,0,0,0,0,4,1,6,6,2,38,7,-1,-1,-1,-1,9,E01001094,0,1
2025010581851,2025,010581851,1,9,0,-1,-1,1,5,0,0,6,0,0,0,0,1,1,6,6,3,25,5,-1,-1,-1,-1,-1,-1,0,-1
2025010581851,2025,010581851,2,1,0,-1,-1,3,7,0,0,6,0,0,0,0,0,1,6,6,1,28,6,-1,-1,-1,-1,3,E01035680,0,1
2025010581853,2025,010581853,1,9,0,-1,-1,5,1,0,0,0,0,0,0,0,1,1,6,6,1,46,8,-1,-1,-1,-1,4,E01003165,0,1
2025010581858,2025,010581858,1,9,0,-1,-1,3,7,0,0,1,0,0,0,0,1,1,-1,-1,1,45,7,-1,-1,-1,-1,2,E01033702,0,1
2025010581858,2025,010581858,2,1,0,9,9,4,3,0,0,1,0,0,0,0,1,1,-1,-1,1,22,5,-1,-1,-1,-1,2,E01033702,0,1
2025010581866,2025,010581866,1,9,0,-1,-1,7,3,0,0,1,0,0,0,0,1,1,2,2,1,58,9,-1,-1,-1,-1,2,E01003075,0,1
2025010581868,2025,010581868,1,9,0,-1,-1,7,3,0,0,8,0,0,0,0,1,1,2,2,1,31,6,-1,-1,-1,-1,6,E01003702,0,1
2025010581868,2025,010581868,2,9,0,9,9,3,1,0,0,5,1,0,1,11,4,1,-1,-1,2,29,6,-1,-1,-1,-1,8,E01021744,0,1
2025010581870,2025,010581870,1,-1,0,5,5,3,7,4,4,8,0,0,0,0,1,1,6,6,3,-1,-1,-1,-1,-1,-1,-1,-1,1,-1
2025010581878,2025,010581878,2,1,0,-1,-1,1,5,0,0,0,0,0,0,0,1,1,2,2,2,59,9,-1,-1,-1,-1,5,E01003195,0,2
2025010581878,2025,010581878,1,4,0,-1,-1,5,1,0,0,0,0,0,0,0,1,1,6,6,3,-1,-1,-1,-1,-1,-1,-1,-1,0,-1
2025010581880,2025,010581880,2,1,0,-1,-1,5,1,0,0,0,0,0,0,0,3,1,-1,-1,1,36,7,-1,-1,-1,-1,6,E01000857,0,1
2025010581880,2025,010581880,1,9,0,6,6,5,5,0,0,0,0,0,0,0,3,1,-1,-1,1,52,8,-1,-1,-1,-1,3,E01001757,0,2
2025010581882,2025,010581882,2,9,0,-1,-1,1,5,0,0,4,0,0,0,0,1,1,-1,-1,1,54,8,-1,-1,-1,-1,-1,-1,0,-1
2025010581882,2025,010581882,1,9,0,-1,-1,1,5,0,0,4,5,0,0,0,3,2,-1,-1,2,20,4,-1,-1,-1,-1,-1,-1,0,-1
2025010581883,2025,010581883,2,1,0,-1,-1,3,7,0,0,0,0,0,0,0,1,1,6,6,1,45,7,-1,-1,-1,-1,-1,-1,0,-1
2025010581883,2025,010581883,1,4,0,4,4,3,7,0,0,0,0,0,0,0,2,1,-1,-1,1,23,5,-1,-1,-1,-1,-1,-1,0,-1
2025010581885,2025,010581885,1,3,0,-1,-1,5,1,0,0,0,0,0,0,0,1,1,6,6,1,37,7,-1,-1,-1,-1,1,E01001517,0,1
2025010581885,2025,010581885,2,9,0,6,6,5,5,0,0,0,0,0,0,0,1,1,-1,-1,2,20,4,-1,-1,-1,-1,4,E01030231,0,5
2025010581887,2025,010581887,1,23,0,-1,-1,1,5,0,0,1,0,0,0,0,4,1,6,6,2,61,9,-1,-1,-1,-1,-1,-1,0,-1
2025010581890,2025,010581890,2,1,0,-1,-1,7,3,0,0,1,0,0,0,0,1,1,1,1,1,24,5,-1,-1,-1,-1,4,E01002397,0,3
2025010581890,2025,010581890,3,1,0,-1,-1,7,3,0,0,8,0,0,0,0,1,1,1,1,1,28,6,-1,-1,-1,-1,3,E01000138,0,2
2025010581890,2025,010581890,1,9,0,9,9,1,7,0,0,6,0,0,0,0,1,1,2,2,2,27,6,-1,-1,-1,-1,2,E01001955,0,1
2025010581892,2025,010581892,2,9,0,99,99,9,9,99,99,2,9,99,9,99,9,9,6,6,3,-1,-1,-1,-1,-1,-1,-1,-1,0,-1
2025010581892,2025,010581892,1,1,9,99,99,9,9,99,99,1,9,8,9,99,9,1,6,6,1,24,5,-1,-1,-1,-1,-1,-1,0,-1
2025010581898,2025,010581898,1,9,0,-1,-1,0,0,0,0,1,0,0,0,0,1,1,-1,-1,2,45,7,-1,-1,-1,-1,1,E01002040,0,1
2025010581898,2025,010581898,2,9,0,1,1,7,3,0,0,1,0,0,0,0,2,1,-1,-1,1,57,9,-1,-1,-1,-1,2,E01001979,0,1
2025010581900,2025,010581900,1,1,9,99,99,9,9,99,99,9,9,99,9,99,2,1,6,6,1,34,6,-1,-1,-1,-1,4,E01000473,0,3
2025010581900,2025,010581900,2,19,0,99,99,9,9,99,99,9,9,99,9,99,1,9,6,6,3,-1,-1,-1,-1,-1,-1,9,E01024745,0,4
2025010581901,2025,010581901,1,19,0,-1,-1,2,6,0,0,0,0,0,0,0,0,1,2,2,1,32,6,-1,-1,-1,-1,8,E01004291,0,2
2025010581901,2025,010581901,2,19,0,-1,-1,2,6,0,0,0,0,0,0,0,0,1,1,1,1,49,8,-1,-1,-1,-1,5,E01003690,0,1
2025010581902,2025,010581902,2,9,0,7,7,6,8,0,0,1,0,0,1,0,0,1,6,6,3,-1,-1,-1,-1,-1,-1,-1,-1,0,-1
2025010581902,2025,010581902,1,11,0,-1,-1,4,8,0,0,1,0,0,0,0,0,1,1,1,1,37,7,-1,-1,-1,-1,3,E01000305,0,1
2025010581903,2025,010581903,1,9,0,-1,-1,7,3,0,0,0,0,0,0,0,1,1,6,6,3,24,5,-1,-1,-1,-1,-1,-1,0,-1
2025010581905,2025,010581905,1,9,0,-1,-1,1,5,0,0,0,5,0,0,0,1,1,-1,-1,1,18,4,-1,-1,-1,-1,7,E01000119,0,3
2025010581905,2025,010581905,2,9,0,2,2,0,0,0,0,0,0,0,0,0,0,1,6,6,-1,-1,-1,-1,-1,-1,-1,-1,-1,0,-1
2025010581909,2025,010581909,1,9,0,99,99,9,9,99,99,9,9,99,9,99,1,9,6,6,3,-1,-1,-1,-1,-1,-1,-1,-1,0,-1
2025010581918,2025,010581918,1,8,0,-1,-1,3,7,0,0,1,0,0,0,0,1,1,2,2,1,49,8,-1,-1,-1,-1,6,E01002246,0,1
2025010581918,2025,010581918,2,1,0,-1,-1,7,3,0,0,1,0,0,0,0,1,1,-1,-1,1,19,4,-1,-1,-1,-1,6,E01002246,0,1
2025010581921,2025,010581921,2,9,9,99,99,9,9,99,99,5,9,99,9,99,9,9,6,6,1,48,8,-1,-1,-1,-1,6,E01002485,0,3
2025010581921,2025,010581921,1,-1,9,99,99,9,9,99,99,1,9,99,9,99,9,1,6,6,2,29,6,-1,-1,-1,-1,2,E01032512,0,1
2025010581922,2025,010581922,2,9,0,2,2,0,0,0,0,0,0,4,0,0,1,1,6,6,-1,-1,-1,-1,-1,-1,-1,-1,-1,0,-1
2025010581922,2025,010581922,3,9,0,2,2,0,0,0,0,0,0,4,0,0,1,1,6,6,-1,-1,-1,-1,-1,-1,-1,-1,-1,0,-1
2025010581922,2025,010581922,1,8,0,-1,-1,6,2,0,0,0,5,4,0,0,1,1,1,1,1,46,8,-1,-1,-1,-1,2,E01000087,0,4
2025010581923,2025,010581923,2,1,0,-1,-1,5,1,4,4,6,5,0,0,0,4,1,2,2,1,44,7,-1,-1,-1,-1,5,E01001720,0,1
2025010581923,2025,010581923,1,9,0,9,9,1,6,0,0,1,0,0,0,0,1,1,6,6,1,59,9,-1,-1,-1,-1,2,E01000433,0,4
2025010581924,2025,010581924,2,9,0,-1,-1,5,1,0,0,1,0,0,0,0,1,1,6,6,1,60,9,-1,-1,-1,-1,7,E01000818,0,1
2025010581924,2025,010581924,1,9,0,-1,-1,1,5,0,0,2,0,0,0,0,1,1,6,6,1,24,5,-1,-1,-1,-1,4,E01001023,0,3
2025010581925,2025,010581925,1,1,0,-1,-1,5,1,4,4,1,0,0,0,0,4,1,6,6,1,46,8,-1,-1,-1,-1,6,E01031660,0,4
2025010581927,2025,010581927,1,3,0,-1,-1,5,1,0,0,0,1,0,0,0,4,1,2,2,2,24,5,-1,-1,-1,-1,5,E01001854,0,1
2025010581930,2025,010581930,1,9,0,9,9,5,2,0,0,2,0,0,0,0,1,1,6,6,2,28,6,-1,-1,-1,-1,3,E01001360,0,1
2025010581931,2025,010581931,1,3,0,5,5,1,5,0,0,0,0,0,0,0,1,1,1,1,1,27,6,-1,-1,-1,-1,-1,-1,0,-1
2025010581932,2025,010581932,2,9,0,-1,-1,1,5,0,0,4,0,0,0,0,1,1,6,6,3,-1,-1,-1,-1,-1,-1,-1,-1,0,-1
2025010581932,2025,010581932,1,9,0,-1,-1,1,5,0,0,8,0,0,0,0,2,1,6,6,2,37,7,-1,-1,-1,-1,1,E01000782,0,1
2025010581934,2025,010581934,1,19,0,-1,-1,7,3,0,0,0,0,0,0,0,1,1,1,1,1,50,8,-1,-1,-1,-1,2,E01003507,0,1
2025010581941,2025,010581941,2,9,0,2,2,0,0,0,0,0,0,0,0,0,2,1,6,6,-1,-1,-1,-1,-1,-1,-1,-1,-1,0,-1
2025010581941,2025,010581941,1,9,0,-1,-1,8,4,0,0,0,0,4,0,0,1,1,6,6,2,22,5,-1,-1,-1,-1,1,E01003192,0,3
2025010581942,2025,010581942,2,1,0,-1,-1,5,1,0,0,5,0,0,0,0,1,1,6,6,1,45,7,-1,-1,-1,-1,3,E01003922,0,1
2025010581942,2025,010581942,1,8,0,-1,-1,5,1,0,0,6,0,0,0,0,1,1,1,1,1,44,7,-1,-1,-1,-1,3,E01034395,0,2
2025010581943,2025,010581943,1,9,0,-1,-1,6,2,0,0,1,0,0,0,0,1,1,2,2,1,38,7,-1,-1,-1,-1,-1,-1,0,-1
2025010581948,2025,010581948,1,1,9,99,99,9,9,99,99,2,9,99,9,99,9,1,6,6,1,49,8,-1,-1,-1,-1,5,E01003704,0,1
2025010581948,2025,010581948,2,9,0,99,99,9,9,99,99,5,9,99,9,99,2,9,6,6,3,-1,-1,-1,-1,-1,-1,-1,-1,0,-1
2025010581949,2025,010581949,1,9,0,99,99,9,9,99,99,0,9,99,9,99,1,9,6,6,1,43,7,-1,-1,-1,-1,5,E01004601,0,3
2025010581951,2025,010581951,1,9,9,-1,-1,3,7,0,0,9,9,99,9,99,4,9,6,6,1,60,9,-1,-1,-1,-1,3,E01021811,0,3