collision_index,collision_year,collision_ref_no,vehicle_reference,vehicle_type,towing_and_articulation,vehicle_manoeuvre_historic,vehicle_manoeuvre,vehicle_direction_from,vehicle_direction_to,vehicle_location_restricted_lane_historic,vehicle_location_restricted_lane,junction_location,skidding_and_overturning,hit_object_in_carriageway,vehicle_leaving_carriageway,hit_object_off_carriageway,first_point_of_impact,vehicle_left_hand_drive,journey_purpose_of_driver_historic,journey_purpose_of_driver,sex_of_driver,age_of_driver,age_band_of_driver,engine_capacity_cc,propulsion_code,age_of_vehicle,generic_make_model,driver_imd_decile,lsoa_of_driver,escooter_flag,driver_distance_banding
2025010581959,2025,010581959,2,1,9,99,99,9,9,4,4,1,9,99,9,99,1,1,6,6,3,-1,-1,-1,-1,-1,-1,-1,-1,0,-1
2025010581959,2025,010581959,1,1,9,99,99,9,9,4,4,1,9,99,9,99,1,1,6,6,1,33,6,-1,-1,-1,-1,10,E01004276,0,1
2025010581961,2025,010581961,2,1,9,99,99,9,9,99,99,0,9,8,9,99,1,1,6,6,2,-1,-1,-1,-1,-1,-1,-1,-1,0,-1
2025010581961,2025,010581961,1,9,0,2,2,0,0,99,99,0,9,99,9,99,9,1,6,6,1,63,9,-1,-1,-1,-1,7,E01016236,0,4
2025010581966,2025,010581966,1,3,0,3,3,9,9,99,99,4,9,99,9,99,2,1,1,1,1,20,4,-1,-1,-1,-1,1,E01000643,0,3
2025010581966,2025,010581966,2,9,9,99,99,9,9,99,99,4,9,99,9,99,1,9,6,6,3,-1,-1,-1,-1,-1,-1,-1,-1,0,-1
2025010581968,2025,010581968,1,9,0,9,9,5,2,0,0,8,0,0,0,0,3,1,-1,-1,2,52,8,-1,-1,-1,-1,9,E01000695,0,1
2025010581968,2025,010581968,2,1,0,-1,-1,2,6,0,0,1,0,0,0,0,1,1,-1,-1,1,36,7,-1,-1,-1,-1,7,E01031543,0,4
2025010581971,2025,010581971,2,1,0,-1,-1,5,1,0,0,8,0,0,0,0,2,1,-1,-1,2,27,6,-1,-1,-1,-1,9,E01032189,0,5
2025010581971,2025,010581971,1,9,0,7,7,3,5,0,0,6,0,0,0,0,2,1,-1,-1,2,75,10,-1,-1,-1,-1,5,E01002899,0,1
2025010581972,2025,010581972,2,9,0,99,99,9,9,99,99,1,9,99,9,99,9,9,6,6,1,50,8,-1,-1,-1,-1,2,E01000289,0,1
2025010581972,2025,010581972,1,1,9,99,99,9,9,99,99,1,9,99,9,99,9,1,6,6,1,45,7,-1,-1,-1,-1,7,E01023540,0,1
2025010581974,2025,010581974,2,3,0,14,14,8,4,0,0,1,0,0,0,0,4,1,6,6,1,23,5,-1,-1,-1,-1,2,E01001729,0,1
2025010581974,2025,010581974,1,9,0,9,9,8,5,0,0,5,0,0,0,0,3,1,6,6,1,52,8,-1,-1,-1,-1,3,E01001785,0,1
2025010581977,2025,010581977,2,9,0,-1,-1,1,5,0,0,0,0,0,0,0,0,1,6,6,1,66,10,-1,-1,-1,-1,4,E01004208,0,2
2025010581977,2025,010581977,1,11,0,-1,-1,1,5,0,0,0,0,0,0,0,0,1,1,1,1,51,8,-1,-1,-1,-1,4,E01001618,0,2
2025010581978,2025,010581978,1,9,0,5,5,1,5,0,0,8,0,0,0,0,1,1,-1,-1,1,64,9,-1,-1,-1,-1,6,E01003781,0,3
2025010581978,2025,010581978,2,1,0,-1,-1,7,3,0,0,8,0,0,0,0,1,1,-1,-1,1,13,3,-1,-1,-1,-1,3,E01000545,0,1
2025010581984,2025,010581984,1,1,9,99,99,9,9,99,99,2,9,99,9,99,9,1,6,6,3,-1,-1,-1,-1,-1,-1,-1,-1,0,-1
2025010581985,2025,010581985,2,9,0,-1,-1,7,3,0,0,1,0,0,0,0,1,1,6,6,1,63,9,-1,-1,-1,-1,6,E01004178,0,1
2025010581985,2025,010581985,1,2,0,6,6,7,7,0,0,2,0,0,0,0,1,1,6,6,1,16,4,-1,-1,-1,-1,6,E01001159,0,2
2025010581986,2025,010581986,1,9,0,99,99,9,9,99,99,0,9,99,9,99,2,9,6,6,1,55,8,-1,-1,-1,-1,6,E01003707,0,1
2025010581986,2025,010581986,2,9,0,99,99,9,9,99,99,0,9,99,9,99,9,9,6,6,3,-1,-1,-1,-1,-1,-1,-1,-1,0,-1
2025010581989,2025,010581989,1,9,0,4,4,1,5,0,0,0,0,0,0,0,2,1,-1,-1,2,68,10,-1,-1,-1,-1,-1,-1,0,-1
2025010581989,2025,010581989,2,19,0,4,4,1,5,0,0,0,0,0,7,0,1,1,-1,-1,1,53,8,-1,-1,-1,-1,8,E01024439,0,1
2025010581990,2025,010581990,2,8,0,-1,-1,5,1,0,0,3,0,4,0,0,1,1,1,1,1,59,9,-1,-1,-1,-1,3,E01003924,0,1
2025010581990,2025,010581990,1,10,0,3,3,5,1,0,0,8,0,4,0,0,2,1,1,1,1,46,8,-1,-1,-1,-1,3,E01004734,0,1
2025010581991,2025,010581991,3,9,0,-1,-1,7,3,0,0,2,0,0,0,0,1,1,6,6,1,25,5,-1,-1,-1,-1,-1,-1,0,-1
2025010581991,2025,010581991,2,9,0,-1,-1,5,1,0,0,1,0,0,0,0,1,1,6,6,1,42,7,-1,-1,-1,-1,8,E01001044,0,1
2025010581991,2025,010581991,1,9,0,-1,-1,3,7,0,0,8,0,0,0,0,1,1,6,6,2,24,5,-1,-1,-1,-1,2,E01001193,0,1
2025010581996,2025,010581996,1,1,9,-1,-1,9,9,4,4,0,9,99,9,99,1,1,2,2,1,42,7,-1,-1,-1,-1,2,E01033586,0,1
2025010581996,2025,010581996,2,9,0,11,11,9,9,99,99,0,9,99,9,99,9,9,6,6,1,42,7,-1,-1,-1,-1,6,E01002473,0,4
2025010582001,2025,010582001,1,19,0,9,9,1,7,0,0,8,0,0,0,0,4,1,1,1,1,24,5,-1,-1,-1,-1,10,E01020382,0,5
2025010582001,2025,010582001,2,1,0,-1,-1,1,5,0,0,8,0,0,0,0,1,1,-1,-1,2,36,7,-1,-1,-1,-1,3,E01000908,0,1
2025010582003,2025,010582003,1,9,0,6,6,1,1,0,0,0,0,0,0,0,3,1,6,6,1,53,8,-1,-1,-1,-1,3,E01003723,0,1
2025010582003,2025,010582003,2,5,0,-1,-1,6,2,0,0,0,0,0,0,0,1,1,6,6,1,29,6,-1,-1,-1,-1,6,E01003702,0,1
2025010582008,2025,010582008,2,1,0,9,9,5,3,0,0,3,5,0,0,0,4,1,-1,-1,1,53,8,-1,-1,-1,-1,5,E01001381,0,1
2025010582008,2025,010582008,1,9,0,-1,-1,7,3,0,0,4,0,0,0,0,1,1,-1,-1,2,69,10,-1,-1,-1,-1,-1,-1,0,-1
2025010582011,2025,010582011,1,9,0,99,99,9,9,99,99,9,9,99,9,99,1,9,6,6,3,-1,-1,-1,-1,-1,-1,7,E01002159,0,1
2025010582012,2025,010582012,1,1,9,99,99,9,9,99,99,1,9,99,9,99,1,1,6,6,1,55,8,-1,-1,-1,-1,2,E01001773,0,1
2025010582012,2025,010582012,2,9,0,99,99,9,9,99,99,1,9,99,9,99,1,9,6,6,3,49,8,-1,-1,-1,-1,3,E01000024,0,3
2025010582017,2025,010582017,1,1,9,99,99,9,9,99,99,4,9,99,9,99,9,1,6,6,1,49,8,-1,-1,-1,-1,3,E01000016,0,3
2025010582017,2025,010582017,2,19,0,99,99,9,9,99,99,4,9,99,9,99,1,9,6,6,1,-1,-1,-1,-1,-1,-1,3,E01034143,0,3
2025010582019,2025,010582019,1,19,0,7,7,2,4,0,0,8,0,0,0,0,1,1,1,1,1,32,6,-1,-1,-1,-1,5,E01027138,0,4
2025010582032,2025,010582032,1,1,9,99,99,9,9,99,99,2,9,99,9,99,9,1,2,2,1,27,6,-1,-1,-1,-1,7,E01004620,0,2
2025010582032,2025,010582032,2,19,0,99,99,9,9,99,99,5,9,99,9,99,9,9,6,6,3,-1,-1,-1,-1,-1,-1,-1,-1,0,-1
2025010582034,2025,010582034,1,3,0,-1,-1,1,5,0,0,8,1,0,0,0,1,1,6,6,1,20,4,-1,-1,-1,-1,3,E01003256,0,1
2025010582034,2025,010582034,2,1,0,-1,-1,5,1,9,9,8,0,0,0,0,0,1,-1,-1,1,26,6,-1,-1,-1,-1,4,E01003549,0,3
2025010582036,2025,010582036,1,9,0,-1,-1,5,1,0,0,0,0,0,0,0,9,1,6,6,1,-1,-1,-1,-1,-1,-1,7,E01002373,0,1
2025010582036,2025,010582036,2,1,0,-1,-1,1,5,0,0,0,0,0,0,0,1,1,6,6,1,15,3,-1,-1,-1,-1,4,E01000035,0,1
2025010582038,2025,010582038,2,4,0,13,13,7,3,0,0,0,0,0,0,0,4,1,6,6,1,78,11,-1,-1,-1,-1,9,E01035488,0,1
2025010582038,2025,010582038,1,9,0,3,3,7,3,0,0,0,0,0,0,0,3,1,6,6,2,56,9,-1,-1,-1,-1,5,E01004641,0,1
2025010582043,2025,010582043,1,8,0,9,9,1,7,0,0,5,0,0,0,0,1,1,1,1,1,64,9,-1,-1,-1,-1,6,E01002319,0,4
2025010582052,2025,010582052,1,9,0,9,9,2,1,0,0,1,0,0,0,0,3,1,-1,-1,2,26,6,-1,-1,-1,-1,2,E01002615,0,1
2025010582052,2025,010582052,2,9,0,-1,-1,6,2,9,9,1,0,0,1,10,1,1,-1,-1,1,35,6,-1,-1,-1,-1,4,E01030743,0,2
2025010582053,2025,010582053,1,9,0,-1,-1,7,3,0,0,0,1,0,1,0,2,1,2,2,1,45,7,-1,-1,-1,-1,8,E01035179,0,4
2025010582053,2025,010582053,2,9,0,15,15,7,3,0,0,0,1,0,0,0,1,1,-1,-1,1,20,4,-1,-1,-1,-1,2,E01035685,0,1
2025010582054,2025,010582054,1,11,0,-1,-1,5,1,0,0,0,0,0,0,0,0,1,1,1,1,52,8,-1,-1,-1,-1,5,E01001150,0,1
2025010582058,2025,010582058,1,9,0,-1,-1,7,3,0,0,4,0,0,0,0,1,1,6,6,1,50,8,-1,-1,-1,-1,2,E01003087,0,2
2025010582058,2025,010582058,3,9,0,3,3,7,3,0,0,4,0,0,0,0,2,1,-1,-1,1,34,6,-1,-1,-1,-1,10,E01000897,0,2
2025010582058,2025,010582058,2,9,0,-1,-1,3,7,0,0,4,0,0,0,0,1,1,1,1,1,57,9,-1,-1,-1,-1,5,E01004565,0,1
2025010582060,2025,010582060,2,-1,0,-1,-1,5,1,0,0,0,0,0,0,0,1,1,-1,-1,1,59,9,-1,-1,-1,-1,3,E01001980,0,1
2025010582060,2025,010582060,1,8,0,6,6,1,1,0,0,0,0,0,0,0,3,1,1,1,1,51,8,-1,-1,-1,-1,9,E01021795,0,4
2025010582064,2025,010582064,3,9,0,-1,-1,3,7,0,0,8,0,0,0,0,3,1,6,6,1,46,8,-1,-1,-1,-1,6,E01021894,0,4
2025010582064,2025,010582064,1,9,0,3,3,3,7,0,0,8,0,0,0,0,2,1,-1,-1,1,29,6,-1,-1,-1,-1,5,E01003628,0,1
2025010582064,2025,010582064,2,9,0,11,11,3,7,0,0,8,0,0,0,0,3,1,-1,-1,1,21,5,-1,-1,-1,-1,-1,-1,0,-1
2025010582070,2025,010582070,1,9,0,4,4,3,7,0,0,1,0,0,0,0,4,1,-1,-1,1,31,6,-1,-1,-1,-1,2,E01003391,0,3
2025010582070,2025,010582070,2,1,0,13,13,3,7,0,0,1,2,0,0,0,3,1,-1,-1,2,14,3,-1,-1,-1,-1,3,E01003302,0,1
2025010582073,2025,010582073,2,1,0,-1,-1,5,1,0,0,2,0,0,0,0,3,1,-1,-1,1,45,7,-1,-1,-1,-1,2,E01003516,0,1
2025010582073,2025,010582073,1,9,0,7,7,5,7,0,0,1,0,0,0,0,1,1,-1,-1,2,23,5,-1,-1,-1,-1,4,E01003484,0,1
2025010582078,2025,010582078,2,3,0,-1,-1,5,1,0,0,0,0,0,0,0,1,1,-1,-1,1,26,6,-1,-1,-1,-1,3,E01003574,0,1
2025010582078,2025,010582078,1,9,0,9,9,6,4,0,0,0,0,0,0,0,2,1,-1,-1,1,30,6,-1,-1,-1,-1,2,E01024155,0,4
2025010582079,2025,010582079,2,1,0,7,7,1,3,0,0,8,0,0,0,0,3,1,-1,-1,2,35,6,-1,-1,-1,-1,3,E01002771,0,1
2025010582079,2025,010582079,1,9,0,7,7,1,3,0,0,1,0,0,0,0,4,1,6,6,1,34,6,-1,-1,-1,-1,2,E01000890,0,1
2025010582083,2025,010582083,1,9,0,-1,-1,7,3,0,0,4,0,0,0,0,1,1,-1,-1,2,47,8,-1,-1,-1,-1,-1,-1,0,-1
2025010582084,2025,010582084,2,9,0,6,6,1,1,0,0,0,0,0,0,0,3,1,6,6,3,-1,-1,-1,-1,-1,-1,-1,-1,0,-1
2025010582084,2025,010582084,1,3,0,14,14,1,5,0,0,0,0,0,0,0,4,1,-1,-1,1,46,8,-1,-1,-1,-1,4,E01000464,0,3
2025010582085,2025,010582085,1,9,0,1,1,1,5,99,99,9,0,99,9,99,2,1,-1,-1,1,44,7,-1,-1,-1,-1,7,E01002296,0,1
2025010582086,2025,010582086,1,9,0,9,9,1,7,0,0,1,0,0,0,0,1,1,-1,-1,2,19,4,-1,-1,-1,-1,9,E01030712,0,4
2025010582086,2025,010582086,2,9,0,-1,-1,5,1,0,0,1,0,0,1,7,1,1,6,6,1,27,6,-1,-1,-1,-1,2,E01002078,0,1
2025010582087,2025,010582087,1,9,0,9,9,2,8,0,0,1,0,0,3,0,1,1,-1,-1,2,85,11,-1,-1,-1,-1,4,E01001995,0,1
2025010582087,2025,010582087,2,9,0,-1,-1,8,4,0,0,1,5,0,0,0,4,1,-1,-1,2,36,7,-1,-1,-1,-1,9,E01003896,0,4
2025010582090,2025,010582090,2,1,0,5,5,1,5,0,0,1,0,0,0,0,1,1,6,6,1,78,11,-1,-1,-1,-1,-1,-1,0,-1
2025010582090,2025,010582090,1,9,0,9,9,3,1,0,0,1,0,0,0,0,1,1,6,6,1,63,9,-1,-1,-1,-1,8,E01001384,0,1
2025010582094,2025,010582094,2,9,0,99,99,9,9,99,99,1,9,99,9,99,1,9,6,6,3,-1,-1,-1,-1,-1,-1,-1,-1,0,-1
2025010582094,2025,010582094,1,1,9,99,99,9,9,99,99,1,9,99,9,99,2,1,6,6,1,39,7,-1,-1,-1,-1,3,E01035672,0,1
2025010582102,2025,010582102,1,9,0,99,99,9,9,99,99,9,9,99,9,99,2,9,6,6,2,40,7,-1,-1,-1,-1,1,E01002034,0,2
2025010582102,2025,010582102,2,9,0,99,99,9,9,99,99,9,9,99,9,99,2,9,6,6,3,-1,-1,-1,-1,-1,-1,8,E01000319,0,1
2025010582111,2025,010582111,2,9,0,2,2,0,0,9,9,2,0,0,0,0,2,1,6,6,-1,-1,-1,-1,-1,-1,-1,-1,-1,0,-1
2025010582111,2025,010582111,1,9,0,-1,-1,3,7,9,9,2,5,10,3,11,1,1,6,6,1,42,7,-1,-1,-1,-1,3,E01003269,0,1
2025010582115,2025,010582115,1,9,9,99,99,9,9,0,0,6,9,99,0,0,9,9,6,6,1,20,4,-1,-1,-1,-1,9,E01021825,0,4
2025010582115,2025,010582115,2,3,0,-1,-1,5,1,0,0,1,9,99,0,0,4,1,2,2,1,24,5,-1,-1,-1,-1,3,E01003539,0,1
2025010582117,2025,010582117,2,23,0,9,9,1,6,0,0,1,0,0,0,0,1,1,6,6,1,44,7,-1,-1,-1,-1,5,E01003913,0,1
2025010582117,2025,010582117,1,9,0,5,5,1,5,0,0,2,0,0,0,0,1,1,2,2,1,42,7,-1,-1,-1,-1,9,E01003471,0,3
2025010582120,2025,010582120,2,9,0,99,99,9,9,99,99,9,9,99,9,99,1,9,6,6,3,-1,-1,-1,-1,-1,-1,2,E01000056,0,3
2025010582120,2025,010582120,1,9,0,99,99,9,9,99,99,9,9,99,9,99,1,9,2,2,1,58,9,-1,-1,-1,-1,2,E01001477,0,3
2025010582121,2025,010582121,1,11,0,5,5,1,5,0,0,8,0,0,0,0,1,1,1,1,1,-1,-1,-1,-1,-1,-1,-1,-1,0,-1
2025010582122,2025,010582122,1,9,0,-1,-1,1,5,0,0,8,0,0,7,2,1,1,6,6,1,52,8,-1,-1,-1,-1,3,E01032562,0,1
2025010582123,2025,010582123,1,1,0,-1,-1,3,7,0,0,0,0,0,0,0,0,1,-1,-1,1,26,6,-1,-1,-1,-1,5,E01002000,0,2
2025010582125,2025,010582125,4,9,0,2,2,0,0,0,0,0,0,0,0,0,2,1,6,6,-1,-1,-1,-1,-1,-1,-1,-1,-1,0,-1
2025010582125,2025,010582125,2,9,0,2,2,0,0,0,0,0,0,4,0,0,0,1,6,6,-1,-1,-1,-1,-1,-1,-1,-1,-1,0,-1
2025010582125,2025,010582125,1,9,0,-1,-1,6,2,0,0,0,0,4,0,0,4,1,6,6,1,24,5,-1,-1,-1,-1,4,E01000466,0,2
2025010582125,2025,010582125,3,9,0,2,2,0,0,0,0,0,0,4,0,0,2,1,6,6,-1,-1,-1,-1,-1,-1,-1,-1,-1,0,-1
2025010582126,2025,010582126,1,9,0,-1,-1,3,7,0,0,1,1,0,1,4,3,1,-1,-1,1,25,5,-1,-1,-1,-1,-1,-1,0,-1
2025010582127,2025,010582127,1,2,0,7,7,1,2,0,0,5,0,0,0,0,1,1,1,1,1,-1,-1,-1,-1,-1,-1,-1,-1,0,-1
2025010582129,2025,010582129,1,1,9,99,99,9,9,99,99,1,9,99,9,99,1,1,6,6,2,30,6,-1,-1,-1,-1,9,E01003872,0,1
2025010582129,2025,010582129,2,97,0,99,99,9,9,99,99,1,9,99,9,99,1,1,6,6,3,25,5,-1,-1,-1,-1,5,E01002619,0,2
2025010582130,2025,010582130,1,3,0,-1,-1,8,4,0,0,4,0,0,3,0,1,1,-1,-1,1,22,5,-1,-1,-1,-1,3,E01003265,0,2
2025010582130,2025,010582130,2,1,0,-1,-1,7,3,0,0,4,0,0,0,0,4,1,2,2,1,26,6,-1,-1,-1,-1,2,E01003252,0,1
2025010582136,2025,010582136,1,9,0,3,3,5,1,0,0,0,0,0,0,0,4,1,6,6,2,88,11,-1,-1,-1,-1,8,E01001544,0,1
2025010582137,2025,010582137,1,9,0,9,9,3,2,0,0,5,0,0,0,0,1,1,-1,-1,1,79,11,-1,-1,-1,-1,10,E01004084,0,1
2025010582137,2025,010582137,2,1,0,-1,-1,7,3,1,1,1,5,0,0,0,3,1,2,2,1,28,6,-1,-1,-1,-1,4,E01001009,0,1
2025010582142,2025,010582142,1,1,9,99,99,9,9,99,99,1,9,99,9,99,1,1,6,6,1,58,9,-1,-1,-1,-1,5,E01032785,0,1
2025010582142,2025,010582142,2,1,9,99,99,9,9,99,99,1,9,99,9,99,1,1,6,6,3,-1,-1,-1,-1,-1,-1,-1,-1,0,-1
2025010582157,2025,010582157,1,8,0,99,99,9,9,99,99,0,9,99,9,99,2,9,1,1,1,41,7,-1,-1,-1,-1,3,E01001669,0,1
2025010582162,2025,010582162,3,9,0,5,5,1,5,0,0,0,0,0,0,0,2,1,-1,-1,2,55,8,-1,-1,-1,-1,3,E01001492,0,1
2025010582162,2025,010582162,1,3,0,11,11,1,5,0,0,0,0,0,0,0,1,1,6,6,1,22,5,-1,-1,-1,-1,3,E01001969,0,2
2025010582162,2025,010582162,2,9,0,5,5,1,5,0,0,0,0,0,0,0,1,1,-1,-1,2,25,5,-1,-1,-1,-1,-1,-1,0,-1
2025010582166,2025,010582166,2,3,0,9,9,2,7,0,0,0,0,0,0,0,1,1,6,6,1,25,5,-1,-1,-1,-1,3,E01003182,0,1
2025010582166,2025,010582166,1,3,0,-1,-1,6,2,0,0,0,0,0,0,0,1,1,6,6,1,21,5,-1,-1,-1,-1,5,E01003449,0,2
2025010582170,2025,010582170,1,9,0,7,7,3,6,0,0,1,0,0,0,0,4,1,6,6,1,37,7,-1,-1,-1,-1,5,E01003292,0,1
2025010582170,2025,010582170,2,1,0,7,7,3,6,0,0,1,0,0,0,0,3,1,6,6,1,58,9,-1,-1,-1,-1,2,E01003253,0,1
2025010582189,2025,010582189,1,9,0,99,99,9,9,99,99,4,9,99,9,99,2,9,6,6,2,37,7,-1,-1,-1,-1,7,E01003643,0,1
2025010582189,2025,010582189,2,9,0,99,99,9,9,99,99,4,9,99,9,99,1,9,6,6,3,35,6,-1,-1,-1,-1,7,E01003763,0,1
2025010582193,2025,010582193,1,9,0,9,9,3,1,0,0,8,0,10,0,0,2,1,-1,-1,2,22,5,-1,-1,-1,-1,7,E01000427,0,1
2025010582193,2025,010582193,2,3,0,-1,-1,3,7,0,0,8,0,10,0,0,1,1,6,6,1,20,4,-1,-1,-1,-1,3,E01000785,0,1
2025010582199,2025,010582199,2,1,9,99,99,9,9,99,99,9,9,99,9,99,9,1,6,6,3,-1,-1,-1,-1,-1,-1,-1,-1,0,-1
2025010582199,2025,010582199,1,9,0,99,99,9,9,99,99,9,9,99,9,99,4,9,6,6,2,60,9,-1,-1,-1,-1,9,E01017840,0,4
2025010582200,2025,010582200,1,10,0,99,99,9,9,99,99,9,9,99,9,99,9,9,6,6,1,33,6,-1,-1,-1,-1,6,E01002141,0,4
2025010582200,2025,010582200,2,8,0,99,99,9,9,99,99,9,9,99,9,99,9,9,6,6,3,-1,-1,-1,-1,-1,-1,-1,-1,0,-1
2025010582203,2025,010582203,1,9,0,9,9,1,6,0,0,8,0,0,0,0,1,1,-1,-1,1,23,5,-1,-1,-1,-1,3,E01001675,0,1
2025010582206,2025,010582206,1,19,0,-1,-1,7,3,0,0,1,0,0,0,0,4,1,1,1,1,39,7,-1,-1,-1,-1,6,E01001403,0,3
2025010582208,2025,010582208,2,9,0,-1,-1,3,7,0,0,0,0,0,0,0,2,1,1,1,2,41,7,-1,-1,-1,-1,2,E01000075,0,2
2025010582208,2025,010582208,3,9,0,-1,-1,3,7,0,0,0,0,0,0,0,1,1,-1,-1,1,44,7,-1,-1,-1,-1,-1,-1,0,-1
2025010582208,2025,010582208,1,9,0,-1,-1,3,7,0,0,0,0,0,0,0,4,1,6,6,1,23,5,-1,-1,-1,-1,5,E01023331,0,4
2025010582213,2025,010582213,3,9,0,4,4,3,7,0,0,0,0,0,0,0,2,1,6,6,1,27,6,-1,-1,-1,-1,5,E01003697,0,2
2025010582213,2025,010582213,2,9,0,4,4,3,7,0,0,0,0,0,0,0,2,1,6,6,2,31,6,-1,-1,-1,-1,1,E01014368,0,5
2025010582213,2025,010582213,1,9,0,4,4,3,7,0,0,0,0,0,0,0,1,1,6,6,3,-1,-1,-1,-1,-1,-1,-1,-1,0,-1
2025010582214,2025,010582214,2,9,0,-1,-1,3,7,0,0,1,0,0,0,0,1,1,6,6,2,34,6,-1,-1,-1,-1,-1,-1,0,-1
2025010582214,2025,010582214,1,9,0,9,9,5,2,0,0,8,0,0,1,0,1,1,6,6,2,43,7,-1,-1,-1,-1,3,E01004367,0,2
2025010582227,2025,010582227,2,9,0,99,99,9,9,99,99,4,9,99,9,99,1,9,6,6,3,-1,-1,-1,-1,-1,-1,-1,-1,0,-1
2025010582227,2025,010582227,1,9,0,99,99,9,9,99,99,4,9,99,9,99,2,9,6,6,1,27,6,-1,-1,-1,-1,5,E01004501,0,1
2025010582228,2025,010582228,1,9,0,99,99,9,9,99,99,1,9,99,9,99,2,9,6,6,2,32,6,-1,-1,-1,-1,10,E01021246,0,4
2025010582228,2025,010582228,2,9,0,99,99,9,9,99,99,1,9,99,9,99,1,9,6,6,3,-1,-1,-1,-1,-1,-1,-1,-1,0,-1
2025010582231,2025,010582231,1,3,0,-1,-1,5,1,0,0,1,1,0,0,0,3,1,6,6,1,29,6,-1,-1,-1,-1,4,E01004378,0,2
2025010582231,2025,010582231,2,9,0,7,7,5,7,0,0,1,0,0,0,0,4,1,6,6,2,43,7,-1,-1,-1,-1,6,E01001964,0,1
2025010582234,2025,010582234,1,11,0,99,99,9,9,99,99,9,9,99,9,99,9,1,6,6,3,-1,-1,-1,-1,-1,-1,-1,-1,0,-1
2025010582236,2025,010582236,2,19,3,-1,-1,3,7,0,0,0,2,0,0,0,1,1,6,6,1,28,6,-1,-1,-1,-1,7,E01002349,0,3
2025010582236,2025,010582236,1,19,0,-1,-1,3,7,0,0,0,2,0,0,0,2,1,1,1,1,51,8,-1,-1,-1,-1,4,E01021451,0,4
2025010582237,2025,010582237,2,9,0,-1,-1,1,5,0,0,3,0,0,0,0,3,1,-1,-1,1,18,4,-1,-1,-1,-1,7,E01003646,0,1
2025010582237,2025,010582237,1,9,0,13,13,1,5,0,0,3,0,0,0,0,4,1,-1,-1,2,22,5,-1,-1,-1,-1,5,E01003700,0,1
2025010582240,2025,010582240,2,99,9,99,99,9,9,99,99,9,9,99,9,99,9,1,6,6,3,-1,-1,-1,-1,-1,-1,-1,-1,0,-1
2025010582240,2025,010582240,1,9,9,99,99,9,9,99,99,9,9,99,9,99,9,9,6,6,3,57,9,-1,-1,-1,-1,3,E01004349,0,2
2025010582247,2025,010582247,1,3,0,-1,-1,5,1,0,0,8,0,0,0,0,4,1,2,2,1,32,6,-1,-1,-1,-1,9,E01001416,0,1
2025010582247,2025,010582247,2,9,0,7,7,4,5,0,0,6,0,0,0,0,1,1,6,6,1,25,5,-1,-1,-1,-1,6,E01001520,0,1
2025010582249,2025,010582249,1,2,0,-1,-1,6,2,0,0,1,0,0,0,0,1,1,1,1,1,28,6,-1,-1,-1,-1,4,E01003529,0,3
2025010582249,2025,010582249,2,9,0,6,6,6,6,0,0,1,0,0,0,0,1,1,1,1,1,45,7,-1,-1,-1,-1,4,E01003736,0,3
2025010582254,2025,010582254,1,3,0,-1,-1,3,7,0,0,0,0,0,0,0,0,1,-1,-1,1,22,5,-1,-1,-1,-1,-1,-1,0,-1
2025010582258,2025,010582258,1,5,0,-1,-1,1,5,0,0,1,0,0,0,0,0,1,6,6,1,35,6,-1,-1,-1,-1,3,E01035288,0,4
2025010582258,2025,010582258,2,19,0,-1,-1,3,7,1,1,1,0,0,0,0,0,1,1,1,3,20,4,-1,-1,-1,-1,4,E01001171,0,2
2025010582259,2025,010582259,1,9,0,-1,-1,2,6,0,0,0,1,0,1,7,4,1,6,6,2,19,4,-1,-1,-1,-1,-1,-1,0,-1
2025010582260,2025,010582260,2,-1,0,-1,-1,7,3,0,0,1,0,0,0,0,1,1,-1,-1,1,13,3,-1,-1,-1,-1,3,E01001436,0,1
2025010582260,2025,010582260,1,9,0,9,9,5,2,0,0,5,0,0,0,0,4,1,6,6,2,57,9,-1,-1,-1,-1,2,E01001439,0,1
2025010582263,2025,010582263,1,11,0,7,7,5,8,0,0,1,0,0,0,0,4,1,-1,-1,3,-1,-1,-1,-1,-1,-1,-1,-1,0,-1
2025010582263,2025,010582263,2,1,0,7,7,5,8,0,0,8,0,10,1,0,3,1,1,1,1,24,5,-1,-1,-1,-1,4,E01003568,0,1
2025010582265,2025,010582265,2,9,0,-1,-1,4,8,0,0,8,0,0,0,0,1,1,-1,-1,2,18,4,-1,-1,-1,-1,9,E01002498,0,2
2025010582265,2025,010582265,1,9,0,9,9,8,6,0,0,1,0,0,0,0,0,1,-1,-1,1,51,8,-1,-1,-1,-1,2,E01002505,0,1
2025010582267,2025,010582267,1,9,0,9,9,1,7,0,0,8,0,0,0,0,1,1,6,6,1,26,6,-1,-1,-1,-1,-1,-1,0,-1
2025010582267,2025,010582267,2,3,0,-1,-1,3,7,0,0,8,0,0,0,0,2,1,6,6,1,21,5,-1,-1,-1,-1,-1,-1,0,-1
2025010582269,2025,010582269,1,9,0,6,6,5,5,0,0,1,0,0,0,0,2,1,6,6,2,21,5,-1,-1,-1,-1,5,E01000994,0,1
2025010582275,2025,010582275,1,9,0,9,9,5,3,0,0,1,0,0,0,0,1,1,-1,-1,1,20,4,-1,-1,-1,-1,4,E01002050,0,1