collision_index,collision_year,collision_ref_no,vehicle_reference,vehicle_type,towing_and_articulation,vehicle_manoeuvre_historic,vehicle_manoeuvre,vehicle_direction_from,vehicle_direction_to,vehicle_location_restricted_lane_historic,vehicle_location_restricted_lane,junction_location,skidding_and_overturning,hit_object_in_carriageway,vehicle_leaving_carriageway,hit_object_off_carriageway,first_point_of_impact,vehicle_left_hand_drive,journey_purpose_of_driver_historic,journey_purpose_of_driver,sex_of_driver,age_of_driver,age_band_of_driver,engine_capacity_cc,propulsion_code,age_of_vehicle,generic_make_model,driver_imd_decile,lsoa_of_driver,escooter_flag,driver_distance_banding
2025010582275,2025,010582275,2,4,0,-1,-1,3,7,0,0,1,0,0,0,0,1,1,-1,-1,2,26,6,-1,-1,-1,-1,10,E01028357,0,5
2025010582284,2025,010582284,1,9,0,-1,-1,3,7,0,0,0,0,4,0,0,1,1,-1,-1,1,25,5,-1,-1,-1,-1,3,E01002765,0,2
2025010582284,2025,010582284,4,9,0,2,2,0,0,0,0,0,0,4,0,0,2,1,6,6,-1,-1,-1,-1,-1,-1,-1,-1,-1,0,-1
2025010582284,2025,010582284,5,9,0,2,2,0,0,0,0,0,0,0,0,0,1,1,6,6,-1,-1,-1,-1,-1,-1,-1,-1,-1,0,-1
2025010582284,2025,010582284,3,9,0,2,2,0,0,0,0,0,0,4,0,0,2,1,6,6,-1,-1,-1,-1,-1,-1,-1,-1,-1,0,-1
2025010582284,2025,010582284,2,9,0,2,2,0,0,0,0,0,0,4,0,0,2,1,6,6,-1,-1,-1,-1,-1,-1,-1,-1,-1,0,-1
2025010582286,2025,010582286,2,9,0,-1,-1,1,5,0,0,8,0,0,0,0,1,1,-1,-1,3,-1,-1,-1,-1,-1,-1,-1,-1,0,-1
2025010582286,2025,010582286,1,1,0,10,10,1,7,0,0,5,1,0,0,0,2,1,6,6,1,30,6,-1,-1,-1,-1,2,E01004722,0,1
2025010582291,2025,010582291,1,9,0,-1,-1,4,8,0,0,5,0,0,0,0,1,1,-1,-1,1,47,8,-1,-1,-1,-1,2,E01003047,0,2
2025010582291,2025,010582291,2,1,0,5,5,4,8,0,0,2,5,0,0,0,2,1,6,6,1,19,4,-1,-1,-1,-1,7,E01004107,0,2
2025010582292,2025,010582292,1,2,5,9,9,6,3,0,0,8,0,0,0,0,1,1,1,1,1,33,6,-1,-1,-1,-1,-1,-1,0,-1
2025010582292,2025,010582292,2,9,0,-1,-1,2,6,0,0,1,0,0,0,0,1,1,1,1,1,24,5,-1,-1,-1,-1,-1,-1,0,-1
2025010582293,2025,010582293,1,9,0,-1,-1,8,4,0,0,8,0,10,1,1,1,1,6,6,1,32,6,-1,-1,-1,-1,1,E01002855,0,1
2025010582294,2025,010582294,2,1,0,13,13,1,5,0,0,0,5,0,0,0,1,1,6,6,1,17,4,-1,-1,-1,-1,5,E01004348,0,1
2025010582294,2025,010582294,1,11,0,-1,-1,1,5,0,0,0,0,0,0,0,1,1,1,1,1,53,8,-1,-1,-1,-1,2,E01000890,0,3
2025010582298,2025,010582298,1,3,0,99,99,9,9,99,99,9,9,99,9,99,1,1,2,2,1,29,6,-1,-1,-1,-1,8,E01002238,0,3
2025010582298,2025,010582298,2,19,0,1,1,9,9,99,99,9,9,99,9,99,2,9,6,6,3,-1,-1,-1,-1,-1,-1,-1,-1,0,-1
2025010582300,2025,010582300,1,9,0,3,3,9,9,99,99,4,9,99,9,99,2,9,6,6,2,33,6,-1,-1,-1,-1,3,E01003073,0,1
2025010582300,2025,010582300,2,9,0,-1,-1,9,9,99,99,4,9,99,9,99,9,9,6,6,2,41,7,-1,-1,-1,-1,3,E01003976,0,1
2025010582304,2025,010582304,1,90,0,7,7,3,4,0,0,6,0,0,0,0,2,1,1,1,1,65,9,-1,-1,-1,-1,4,E01000171,0,3
2025010582306,2025,010582306,1,9,0,-1,-1,7,3,0,0,0,0,0,0,0,3,1,6,6,1,45,7,-1,-1,-1,-1,2,E01034479,0,2
2025010582308,2025,010582308,1,9,0,9,9,3,8,0,0,1,0,0,0,0,3,1,6,6,1,60,9,-1,-1,-1,-1,6,E01001350,0,1
2025010582308,2025,010582308,2,3,0,14,14,3,7,0,0,2,0,0,0,0,4,1,6,6,1,31,6,-1,-1,-1,-1,3,E01001930,0,1
2025010582310,2025,010582310,1,4,0,99,99,9,9,99,99,0,9,99,9,99,9,1,1,1,1,37,7,-1,-1,-1,-1,-1,-1,0,-1
2025010582310,2025,010582310,2,98,9,99,99,9,9,99,99,0,9,99,9,99,9,9,6,6,3,54,8,-1,-1,-1,-1,6,E01002062,0,2
2025010582311,2025,010582311,2,9,0,99,99,9,9,99,99,9,9,99,9,99,9,9,6,6,3,-1,-1,-1,-1,-1,-1,-1,-1,0,-1
2025010582311,2025,010582311,1,3,0,99,99,9,9,99,99,9,9,99,9,99,1,1,6,6,1,29,6,-1,-1,-1,-1,5,E01000636,0,3
2025010582318,2025,010582318,1,9,0,-1,-1,7,3,0,0,1,0,0,0,0,1,1,-1,-1,2,83,11,-1,-1,-1,-1,7,E01000250,0,1
2025010582323,2025,010582323,2,9,0,99,99,9,9,99,99,1,9,99,9,99,4,9,6,6,3,-1,-1,-1,-1,-1,-1,-1,-1,0,-1
2025010582323,2025,010582323,1,1,9,99,99,9,9,99,99,1,9,99,9,99,9,1,2,2,1,35,6,-1,-1,-1,-1,4,E01000559,0,1
2025010582325,2025,010582325,1,3,9,99,99,9,9,99,99,9,9,99,9,99,1,1,1,1,1,38,7,-1,-1,-1,-1,4,E01001353,0,1
2025010582325,2025,010582325,2,8,9,99,99,9,9,99,99,9,9,99,9,99,1,9,6,6,3,-1,-1,-1,-1,-1,-1,-1,-1,0,-1
2025010582327,2025,010582327,2,9,0,-1,-1,1,5,0,0,8,0,0,0,0,1,1,6,6,2,28,6,-1,-1,-1,-1,3,E01001365,0,1
2025010582327,2025,010582327,1,9,0,-1,-1,1,5,0,0,8,0,0,0,0,4,1,6,6,2,72,10,-1,-1,-1,-1,3,E01002429,0,1
2025010582335,2025,010582335,1,9,0,9,9,6,4,0,0,2,0,0,0,0,1,1,6,6,1,38,7,-1,-1,-1,-1,2,E01033485,0,1
2025010582337,2025,010582337,1,9,0,3,3,7,3,0,0,8,0,0,0,0,2,1,-1,-1,1,36,7,-1,-1,-1,-1,4,E01001635,0,1
2025010582337,2025,010582337,2,21,0,-1,-1,7,3,0,0,8,0,4,0,0,1,1,1,1,1,49,8,-1,-1,-1,-1,9,E01032735,0,4
2025010582339,2025,010582339,1,9,0,-1,-1,7,3,0,0,1,0,0,0,0,1,1,2,2,2,40,7,-1,-1,-1,-1,8,E01023245,0,4
2025010582346,2025,010582346,2,9,0,9,9,3,8,9,9,1,0,0,1,0,2,1,2,2,1,62,9,-1,-1,-1,-1,5,E01035697,0,1
2025010582346,2025,010582346,1,5,0,-1,-1,3,7,9,9,1,0,0,0,0,2,1,1,1,1,47,8,-1,-1,-1,-1,3,E01003976,0,1
2025010582347,2025,010582347,1,1,0,-1,-1,1,5,0,0,8,0,0,0,0,3,1,6,6,2,53,8,-1,-1,-1,-1,3,E01000908,0,1
2025010582347,2025,010582347,2,9,0,-1,-1,1,5,0,0,8,0,0,0,0,4,1,6,6,1,22,5,-1,-1,-1,-1,2,E01033939,0,3
2025010582357,2025,010582357,1,8,0,99,99,9,9,99,99,9,9,99,9,99,2,9,1,1,1,65,9,-1,-1,-1,-1,2,E01000104,0,3
2025010582357,2025,010582357,2,9,0,99,99,9,9,99,99,9,9,99,9,99,1,9,6,6,3,-1,-1,-1,-1,-1,-1,-1,-1,0,-1
2025010582361,2025,010582361,1,8,0,-1,-1,3,7,0,0,0,0,0,0,0,1,1,1,1,1,35,6,-1,-1,-1,-1,5,E01035696,0,1
2025010582374,2025,010582374,1,9,0,-1,-1,1,5,0,0,0,0,0,0,0,1,2,-1,-1,2,73,10,-1,-1,-1,-1,8,E01003774,0,1
2025010582375,2025,010582375,2,4,0,5,5,5,1,0,0,3,0,0,0,0,1,1,2,2,1,31,6,-1,-1,-1,-1,4,E01003448,0,2
2025010582375,2025,010582375,1,9,0,3,3,5,1,0,0,3,0,0,0,0,2,1,1,1,1,29,6,-1,-1,-1,-1,6,E01004621,0,1
2025010582379,2025,010582379,1,1,0,99,99,9,9,0,0,0,5,0,9,99,1,1,6,6,2,29,6,-1,-1,-1,-1,7,E01001891,0,1
2025010582391,2025,010582391,2,9,0,99,99,9,9,99,99,9,9,99,9,99,1,9,6,6,3,35,6,-1,-1,-1,-1,5,E01000144,0,1
2025010582391,2025,010582391,1,3,0,99,99,9,9,99,99,9,9,99,9,99,1,1,6,6,1,23,5,-1,-1,-1,-1,7,E01023572,0,3
2025010582392,2025,010582392,1,1,0,-1,-1,3,7,0,0,0,0,0,0,0,9,1,6,6,1,-1,-1,-1,-1,-1,-1,-1,-1,0,-1
2025010582393,2025,010582393,2,19,0,99,99,9,9,99,99,0,9,99,9,99,1,9,6,6,3,52,8,-1,-1,-1,-1,3,E01002771,0,1
2025010582393,2025,010582393,1,3,0,99,99,9,9,99,99,0,9,99,9,99,2,1,1,1,1,21,5,-1,-1,-1,-1,3,E01003579,0,3
2025010582394,2025,010582394,1,9,0,-1,-1,5,1,0,0,1,0,0,0,0,4,1,6,6,3,-1,-1,-1,-1,-1,-1,-1,-1,0,-1
2025010582397,2025,010582397,1,21,1,4,4,3,7,0,0,0,0,0,0,0,2,1,1,1,1,54,8,-1,-1,-1,-1,8,W01000223,0,5
2025010582397,2025,010582397,2,21,1,-1,-1,3,7,0,0,0,0,0,0,0,1,2,1,1,1,47,8,-1,-1,-1,-1,-1,-1,0,-1
2025010582398,2025,010582398,2,9,0,99,99,9,9,99,99,9,9,99,9,99,9,9,6,6,3,-1,-1,-1,-1,-1,-1,-1,-1,0,-1
2025010582398,2025,010582398,1,3,0,99,99,9,9,99,99,9,9,99,9,99,9,1,6,6,1,37,7,-1,-1,-1,-1,5,E01000607,0,1
2025010582400,2025,010582400,2,9,0,99,99,9,9,99,99,9,9,99,9,99,1,9,6,6,3,-1,-1,-1,-1,-1,-1,-1,-1,0,-1
2025010582400,2025,010582400,1,3,0,99,99,9,9,99,99,9,9,99,9,99,2,1,2,2,1,22,5,-1,-1,-1,-1,4,E01000571,0,1
2025010582405,2025,010582405,2,1,9,99,99,9,9,99,99,1,9,99,9,99,9,1,6,6,1,-1,-1,-1,-1,-1,-1,-1,-1,0,-1
2025010582405,2025,010582405,1,9,9,99,99,9,9,99,99,1,0,99,9,99,9,9,6,6,2,69,10,-1,-1,-1,-1,6,E01001451,0,1
2025010582410,2025,010582410,1,9,0,99,99,9,9,99,99,0,9,99,9,99,1,9,6,6,2,29,6,-1,-1,-1,-1,2,E01001654,0,1
2025010582414,2025,010582414,2,9,0,9,9,3,1,0,0,6,0,0,0,0,1,1,-1,-1,2,64,9,-1,-1,-1,-1,5,E01002454,0,1
2025010582414,2025,010582414,1,2,0,9,9,5,3,0,0,1,0,0,0,0,4,1,1,1,1,36,7,-1,-1,-1,-1,7,E01001308,0,2
2025010582417,2025,010582417,2,8,0,9,9,5,3,0,0,8,0,0,0,0,4,1,1,1,1,49,8,-1,-1,-1,-1,2,E01000083,0,3
2025010582417,2025,010582417,1,9,0,5,5,1,5,0,0,4,0,0,0,0,3,1,-1,-1,2,24,5,-1,-1,-1,-1,2,E01003300,0,2
2025010582423,2025,010582423,2,4,0,-1,-1,7,3,0,0,1,0,4,1,0,1,1,-1,-1,1,-1,-1,-1,-1,-1,-1,-1,-1,0,-1
2025010582423,2025,010582423,1,9,0,4,4,3,7,0,0,1,0,0,0,0,1,1,2,2,2,32,6,-1,-1,-1,-1,9,E01002537,0,2
2025010582424,2025,010582424,2,9,0,99,99,9,9,99,99,9,9,99,9,99,1,9,6,6,3,-1,-1,-1,-1,-1,-1,-1,-1,0,-1
2025010582424,2025,010582424,1,1,9,99,99,9,9,99,99,9,9,99,9,99,0,1,2,2,1,24,5,-1,-1,-1,-1,3,E01002703,0,1
2025010582428,2025,010582428,2,9,0,99,99,9,9,99,99,9,9,99,9,99,0,9,6,6,3,-1,-1,-1,-1,-1,-1,-1,-1,0,-1
2025010582428,2025,010582428,1,1,9,99,99,9,9,99,99,9,9,99,9,99,0,1,2,2,1,46,8,-1,-1,-1,-1,2,E01034175,0,2
2025010582439,2025,010582439,2,9,9,99,99,9,9,99,99,0,9,99,9,99,9,1,6,6,3,-1,-1,-1,-1,-1,-1,-1,-1,0,-1
2025010582439,2025,010582439,1,9,0,99,99,9,9,99,99,0,9,99,9,99,2,9,6,6,1,38,7,-1,-1,-1,-1,7,E01033928,0,2
2025010582440,2025,010582440,3,1,0,-1,-1,3,7,0,0,2,5,0,1,0,3,1,2,2,1,36,7,-1,-1,-1,-1,9,E01003856,0,2
2025010582440,2025,010582440,2,9,0,7,7,1,3,0,0,6,0,0,0,0,3,1,6,6,2,61,9,-1,-1,-1,-1,2,E01002840,0,1
2025010582440,2025,010582440,1,9,0,-1,-1,3,7,0,0,2,0,0,0,0,4,1,6,6,1,-1,-1,-1,-1,-1,-1,2,E01001899,0,1
2025010582443,2025,010582443,2,9,0,7,7,3,5,0,0,4,0,0,1,0,1,1,6,6,2,86,11,-1,-1,-1,-1,-1,-1,0,-1
2025010582443,2025,010582443,1,9,0,-1,-1,1,5,0,0,3,0,0,1,0,4,1,-1,-1,1,46,8,-1,-1,-1,-1,3,E01021800,0,1
2025010582446,2025,010582446,1,1,9,99,99,9,9,99,99,9,9,99,9,99,9,1,2,2,1,41,7,-1,-1,-1,-1,5,E01003019,0,1
2025010582446,2025,010582446,2,9,0,99,99,9,9,99,99,9,9,99,9,99,9,9,6,6,3,-1,-1,-1,-1,-1,-1,2,E01003128,0,1
2025010582455,2025,010582455,2,9,0,-1,-1,0,0,0,0,1,0,0,0,0,3,1,6,6,1,44,7,-1,-1,-1,-1,2,E01000096,0,3
2025010582455,2025,010582455,1,9,0,-1,-1,1,5,0,0,1,0,0,1,2,1,2,6,6,2,28,6,-1,-1,-1,-1,2,E01001978,0,1
2025010582456,2025,010582456,2,19,0,9,9,3,8,0,0,1,0,0,0,0,3,1,6,6,1,22,5,-1,-1,-1,-1,2,E01033932,0,1
2025010582456,2025,010582456,1,3,0,-1,-1,3,7,0,0,1,0,0,0,0,1,1,1,1,1,35,6,-1,-1,-1,-1,4,E01000612,0,1
2025010582460,2025,010582460,1,9,0,-1,-1,1,5,0,0,0,1,0,0,0,1,1,-1,-1,1,20,4,-1,-1,-1,-1,3,E01030676,0,4
2025010582462,2025,010582462,1,3,0,7,7,3,6,0,0,8,0,0,0,0,1,1,6,6,1,19,4,-1,-1,-1,-1,6,E01001184,0,1
2025010582462,2025,010582462,2,9,3,7,7,3,6,0,0,8,0,0,0,0,1,1,6,6,1,36,7,-1,-1,-1,-1,-1,-1,0,-1
2025010582464,2025,010582464,1,1,0,5,5,1,5,0,0,0,0,0,0,0,1,1,6,6,1,18,4,-1,-1,-1,-1,10,E01030560,0,4
2025010582464,2025,010582464,2,97,0,5,5,5,1,0,0,0,0,0,0,0,1,1,6,6,3,-1,-1,-1,-1,-1,-1,-1,-1,0,-1
2025010582467,2025,010582467,1,9,0,-1,-1,7,3,0,0,4,0,0,7,4,1,1,6,6,1,23,5,-1,-1,-1,-1,4,E01000610,0,1
2025010582470,2025,010582470,2,3,0,13,13,1,5,0,0,8,0,0,1,0,1,1,6,6,1,29,6,-1,-1,-1,-1,-1,-1,0,-1
2025010582470,2025,010582470,1,9,0,9,9,1,7,0,0,8,0,0,0,0,3,1,6,6,2,36,7,-1,-1,-1,-1,2,E01004088,0,1
2025010582471,2025,010582471,1,9,0,9,9,1,6,0,0,5,0,0,0,0,0,1,2,2,1,55,8,-1,-1,-1,-1,3,E01003377,0,1
2025010582471,2025,010582471,2,5,0,9,9,1,6,0,0,1,1,10,1,11,0,1,2,2,1,22,5,-1,-1,-1,-1,8,E01003428,0,1
2025010582473,2025,010582473,1,4,0,-1,-1,3,7,0,0,4,2,10,8,10,3,1,6,6,1,32,6,-1,-1,-1,-1,2,E01000526,0,1
2025010582478,2025,010582478,1,8,0,99,99,9,9,99,99,9,9,99,9,99,1,9,1,1,1,53,8,-1,-1,-1,-1,3,E01000041,0,2
2025010582478,2025,010582478,2,1,9,99,99,9,9,99,99,9,9,99,9,99,0,1,6,6,3,-1,-1,-1,-1,-1,-1,4,E01003608,0,1
2025010582479,2025,010582479,2,19,4,-1,-1,5,1,0,0,0,0,0,0,0,2,1,1,1,1,53,8,-1,-1,-1,-1,2,E01017169,0,5
2025010582479,2025,010582479,1,9,0,-1,-1,5,1,0,0,0,0,0,0,0,1,1,-1,-1,2,34,6,-1,-1,-1,-1,-1,-1,0,-1
2025010582480,2025,010582480,1,9,0,6,6,2,2,0,0,0,0,0,0,0,1,1,-1,-1,2,46,8,-1,-1,-1,-1,8,E01003004,0,1
2025010582480,2025,010582480,2,1,0,-1,-1,3,7,0,0,0,0,0,1,0,1,1,-1,-1,1,18,4,-1,-1,-1,-1,-1,-1,0,-1
2025010582485,2025,010582485,2,9,0,5,5,1,5,0,0,0,0,0,0,0,3,1,1,1,1,49,8,-1,-1,-1,-1,4,E01003118,0,1
2025010582485,2025,010582485,1,9,0,-1,-1,5,1,0,0,0,1,0,0,0,3,1,-1,-1,1,27,6,-1,-1,-1,-1,5,E01003116,0,1
2025010582486,2025,010582486,2,1,9,99,99,9,9,99,99,0,9,99,9,99,1,1,6,6,3,-1,-1,-1,-1,-1,-1,-1,-1,0,-1
2025010582486,2025,010582486,1,1,9,99,99,9,9,99,99,0,9,99,9,99,0,1,2,2,1,48,8,-1,-1,-1,-1,2,E01000931,0,1
2025010582487,2025,010582487,2,9,9,6,6,5,5,99,99,1,9,99,9,99,9,9,6,6,1,27,6,-1,-1,-1,-1,4,E01003343,0,1
2025010582487,2025,010582487,1,1,9,99,99,9,9,99,99,1,9,99,9,99,9,1,6,6,1,39,7,-1,-1,-1,-1,5,E01003262,0,1
2025010582488,2025,010582488,2,1,0,9,9,3,8,0,0,8,5,0,0,0,1,1,-1,-1,1,12,3,-1,-1,-1,-1,7,E01001346,0,1
2025010582488,2025,010582488,1,9,0,-1,-1,5,1,0,0,8,0,0,0,0,4,1,2,2,2,37,7,-1,-1,-1,-1,6,E01001207,0,1
2025010582491,2025,010582491,1,9,0,99,99,9,9,99,99,1,9,99,9,99,2,9,6,6,1,30,6,-1,-1,-1,-1,2,E01000022,0,1
2025010582491,2025,010582491,2,9,0,99,99,9,9,99,99,1,9,99,9,99,1,9,6,6,1,-1,-1,-1,-1,-1,-1,3,E01003524,0,2
2025010582493,2025,010582493,1,1,0,9,9,1,6,0,0,0,0,0,0,0,2,1,2,2,1,40,7,-1,-1,-1,-1,3,E01035667,0,1
2025010582493,2025,010582493,2,9,0,9,9,7,4,0,0,0,0,0,0,0,1,1,6,6,1,29,6,-1,-1,-1,-1,3,E01003542,0,2
2025010582502,2025,010582502,1,8,0,-1,-1,9,9,99,99,2,9,99,9,99,2,9,1,1,1,32,6,-1,-1,-1,-1,2,E01004204,0,2
2025010582502,2025,010582502,2,11,0,12,12,9,9,99,99,2,9,99,9,99,1,1,1,1,1,54,8,-1,-1,-1,-1,5,E01000799,0,1
2025010582504,2025,010582504,1,1,9,99,99,9,9,99,99,9,9,99,9,99,1,1,2,2,1,38,7,-1,-1,-1,-1,9,E01004135,0,4
2025010582504,2025,010582504,2,8,0,99,99,9,9,99,99,9,9,99,9,99,9,9,6,6,3,-1,-1,-1,-1,-1,-1,-1,-1,0,-1
2025010582510,2025,010582510,1,3,0,-1,-1,9,9,99,99,1,9,99,9,99,1,1,6,6,1,31,6,-1,-1,-1,-1,6,E01002218,0,3
2025010582510,2025,010582510,2,9,0,5,5,9,9,99,99,2,9,99,9,99,9,9,6,6,3,-1,-1,-1,-1,-1,-1,-1,-1,0,-1
2025010582514,2025,010582514,1,5,0,99,99,9,9,99,99,1,9,99,9,99,9,1,2,2,1,61,9,-1,-1,-1,-1,10,E01023816,0,4
2025010582520,2025,010582520,1,1,9,99,99,9,9,99,99,5,9,99,9,99,1,1,6,6,1,55,8,-1,-1,-1,-1,4,E01002098,0,3
2025010582520,2025,010582520,2,9,0,99,99,9,9,99,99,1,9,99,9,99,0,9,6,6,3,-1,-1,-1,-1,-1,-1,-1,-1,0,-1
2025010582522,2025,010582522,2,9,0,-1,-1,5,1,0,0,1,0,0,0,0,3,1,1,1,1,46,8,-1,-1,-1,-1,3,E01002400,0,1
2025010582522,2025,010582522,1,9,0,5,5,1,5,0,0,6,0,0,0,0,1,2,2,2,2,37,7,-1,-1,-1,-1,2,E01002528,0,1
2025010582524,2025,010582524,1,1,9,99,99,9,9,99,99,9,9,99,9,99,9,1,6,6,1,68,10,-1,-1,-1,-1,6,E01001997,0,1
2025010582524,2025,010582524,2,5,0,99,99,9,9,99,99,9,9,99,9,99,1,1,6,6,3,-1,-1,-1,-1,-1,-1,7,E01033928,0,1
2025010582528,2025,010582528,1,9,0,9,9,4,1,0,0,1,0,0,2,10,1,1,2,2,1,45,7,-1,-1,-1,-1,5,E01000733,0,1
2025010582528,2025,010582528,2,9,0,8,8,8,3,0,0,1,0,0,0,0,0,1,2,2,2,52,8,-1,-1,-1,-1,9,E01001606,0,2
2025010582530,2025,010582530,1,9,0,-1,-1,3,7,0,0,0,0,0,0,0,1,1,6,6,2,38,7,-1,-1,-1,-1,4,E01002250,0,1
2025010582531,2025,010582531,1,1,9,99,99,9,9,99,99,1,9,99,9,99,9,1,2,2,1,29,6,-1,-1,-1,-1,7,E01004493,0,1
2025010582534,2025,010582534,1,9,0,99,99,9,9,99,99,9,9,99,9,99,1,9,6,6,3,35,6,-1,-1,-1,-1,-1,-1,0,-1
2025010582537,2025,010582537,2,9,0,99,99,9,9,99,99,1,9,99,9,99,9,9,6,6,3,-1,-1,-1,-1,-1,-1,9,E01002225,0,3
2025010582537,2025,010582537,1,8,0,99,99,9,9,99,99,1,9,99,9,99,2,9,1,1,1,51,8,-1,-1,-1,-1,7,E01000442,0,4
2025010582538,2025,010582538,1,11,0,7,7,6,7,0,0,5,0,0,0,0,0,1,1,1,1,64,9,-1,-1,-1,-1,6,E01003359,0,4
2025010582540,2025,010582540,2,9,0,9,9,4,1,0,0,5,0,0,0,0,1,1,6,6,1,34,6,-1,-1,-1,-1,3,E01001011,0,1
2025010582540,2025,010582540,1,4,0,13,13,3,7,0,0,1,2,4,0,0,1,1,2,2,1,26,6,-1,-1,-1,-1,2,E01001010,0,1
2025010582545,2025,010582545,1,9,0,-1,-1,0,0,9,9,0,0,0,0,0,1,1,6,6,1,83,11,-1,-1,-1,-1,5,E01030569,0,1
2025010582546,2025,010582546,1,9,0,-1,-1,1,5,0,0,0,0,0,0,0,1,1,6,6,1,34,6,-1,-1,-1,-1,4,E01024377,0,4
2025010582546,2025,010582546,2,8,0,9,9,1,6,0,0,0,0,0,0,0,4,1,6,6,1,56,9,-1,-1,-1,-1,5,E01000468,0,1
2025010582549,2025,010582549,1,9,0,-1,-1,1,5,0,0,0,0,0,0,0,1,1,-1,-1,1,22,5,-1,-1,-1,-1,2,E01000034,0,1
2025010582549,2025,010582549,2,9,0,-1,-1,5,1,0,0,0,0,0,0,0,1,2,6,6,1,25,5,-1,-1,-1,-1,2,E01000033,0,1
2025010582555,2025,010582555,1,9,0,3,3,7,3,0,0,4,0,0,0,0,2,1,-1,-1,2,29,6,-1,-1,-1,-1,-1,-1,0,-1
2025010582555,2025,010582555,2,3,0,3,3,7,3,0,0,4,0,0,0,0,2,1,-1,-1,1,27,6,-1,-1,-1,-1,3,E01000130,0,3
2025010582555,2025,010582555,3,8,0,-1,-1,7,3,0,0,4,0,0,0,0,1,1,1,1,1,51,8,-1,-1,-1,-1,2,E01001462,0,1
2025010582564,2025,010582564,2,9,0,99,99,9,9,99,99,9,9,99,9,99,1,9,6,6,3,-1,-1,-1,-1,-1,-1,9,E01000692,0,1
2025010582564,2025,010582564,1,9,0,99,99,9,9,99,99,9,9,99,9,99,2,9,2,2,1,21,5,-1,-1,-1,-1,6,E01024172,0,3
2025010582571,2025,010582571,1,3,0,3,3,9,9,99,99,1,9,99,9,99,2,1,1,1,1,28,6,-1,-1,-1,-1,3,E01001862,0,1
2025010582571,2025,010582571,2,9,0,9,9,9,9,99,99,5,9,99,9,99,1,9,6,6,1,-1,-1,-1,-1,-1,-1,4,E01024029,0,4
2025010582572,2025,010582572,2,9,0,99,99,9,9,99,99,9,9,99,9,99,1,9,6,6,3,-1,-1,-1,-1,-1,-1,-1,-1,0,-1
2025010582572,2025,010582572,1,9,0,99,99,9,9,99,99,9,9,99,9,99,1,9,1,1,3,39,7,-1,-1,-1,-1,4,E01000976,0,1
2025010582574,2025,010582574,1,3,0,99,99,9,9,99,99,0,9,99,9,99,9,1,2,2,1,22,5,-1,-1,-1,-1,8,E01001314,0,2
2025010582574,2025,010582574,2,9,0,99,99,9,9,99,99,0,9,99,9,99,0,9,6,6,2,34,6,-1,-1,-1,-1,-1,-1,0,-1
2025010582579,2025,010582579,1,1,0,-1,-1,7,3,0,0,0,2,0,0,0,1,1,6,6,1,20,4,-1,-1,-1,-1,-1,-1,0,-1
2025010582581,2025,010582581,1,1,9,99,99,9,9,99,99,9,9,99,9,99,1,1,6,6,2,29,6,-1,-1,-1,-1,5,E01035646,0,1
2025010582581,2025,010582581,2,9,0,99,99,9,9,99,99,9,9,99,9,99,9,9,6,6,2,28,6,-1,-1,-1,-1,2,E01001849,0,1
2025010582583,2025,010582583,1,19,0,99,99,9,9,99,99,2,9,99,9,99,2,9,6,6,3,-1,-1,-1,-1,-1,-1,-1,-1,0,-1
2025010582584,2025,010582584,1,3,0,9,9,7,5,0,0,1,0,0,0,0,4,1,-1,-1,1,22,5,-1,-1,-1,-1,2,E01032512,0,1
2025010582584,2025,010582584,2,9,0,9,9,7,5,0,0,1,0,0,0,0,3,1,6,6,2,34,6,-1,-1,-1,-1,5,E01004676,0,1
2025010582598,2025,010582598,1,1,0,-1,-1,3,7,0,0,0,0,0,0,0,0,1,-1,-1,1,15,3,-1,-1,-1,-1,-1,-1,0,-1
2025010582608,2025,010582608,2,9,0,-1,-1,9,9,99,99,1,9,99,9,99,1,9,6,6,3,-1,-1,-1,-1,-1,-1,-1,-1,0,-1
2025010582608,2025,010582608,1,3,0,3,3,9,9,99,99,1,9,99,9,99,2,1,1,1,1,27,6,-1,-1,-1,-1,9,E01003682,0,2
2025010582610,2025,010582610,1,3,0,-1,-1,8,4,0,0,2,0,4,0,0,0,1,6,6,1,21,5,-1,-1,-1,-1,-1,-1,0,-1
2025010582610,2025,010582610,2,9,0,-1,-1,8,4,0,0,2,0,0,0,0,0,1,1,1,1,30,6,-1,-1,-1,-1,-1,-1,0,-1
2025010582612,2025,010582612,2,1,0,-1,-1,1,5,0,0,1,0,0,0,0,1,1,-1,-1,1,27,6,-1,-1,-1,-1,4,E01003035,0,1
2025010582612,2025,010582612,1,9,0,7,7,5,6,0,0,1,0,0,0,0,1,1,-1,-1,1,72,10,-1,-1,-1,-1,10,E01004478,0,1
2025010582613,2025,010582613,1,1,0,-1,-1,5,1,0,0,1,0,0,0,0,3,1,6,6,1,44,7,-1,-1,-1,-1,3,E01002723,0,1
2025010582614,2025,010582614,1,-1,0,-1,-1,3,7,4,4,2,0,0,0,0,1,1,2,2,1,31,6,-1,-1,-1,-1,3,E01003496,0,1