collision_index,collision_year,collision_ref_no,vehicle_reference,vehicle_type,towing_and_articulation,vehicle_manoeuvre_historic,vehicle_manoeuvre,vehicle_direction_from,vehicle_direction_to,vehicle_location_restricted_lane_historic,vehicle_location_restricted_lane,junction_location,skidding_and_overturning,hit_object_in_carriageway,vehicle_leaving_carriageway,hit_object_off_carriageway,first_point_of_impact,vehicle_left_hand_drive,journey_purpose_of_driver_historic,journey_purpose_of_driver,sex_of_driver,age_of_driver,age_band_of_driver,engine_capacity_cc,propulsion_code,age_of_vehicle,generic_make_model,driver_imd_decile,lsoa_of_driver,escooter_flag,driver_distance_banding
2025010582615,2025,010582615,2,9,0,-1,-1,7,3,0,0,0,0,0,0,0,1,1,-1,-1,2,27,6,-1,-1,-1,-1,3,E01003452,0,1
2025010582615,2025,010582615,1,8,0,4,4,7,3,0,0,0,0,0,0,0,2,1,-1,-1,1,52,8,-1,-1,-1,-1,4,E01003389,0,1
2025010582617,2025,010582617,2,5,0,-1,-1,3,7,0,0,8,1,0,0,0,2,1,2,2,1,34,6,-1,-1,-1,-1,-1,-1,0,-1
2025010582617,2025,010582617,1,9,0,-1,-1,3,7,0,0,8,0,0,0,0,2,1,2,2,1,42,7,-1,-1,-1,-1,5,E01034041,0,2
2025010582622,2025,010582622,1,2,0,-1,-1,5,1,0,0,1,2,0,1,0,3,1,1,1,2,24,5,-1,-1,-1,-1,3,E01001188,0,1
2025010582622,2025,010582622,2,9,0,-1,-1,3,7,0,0,6,0,0,0,0,1,1,2,2,1,35,6,-1,-1,-1,-1,3,E01003997,0,3
2025010582627,2025,010582627,2,9,0,5,5,1,5,0,0,8,0,0,2,11,4,1,-1,-1,2,56,9,-1,-1,-1,-1,2,E01000743,0,1
2025010582627,2025,010582627,1,9,0,-1,-1,3,7,0,0,8,0,0,0,0,1,1,-1,-1,1,21,5,-1,-1,-1,-1,2,E01001130,0,2
2025010582628,2025,010582628,1,9,0,99,99,9,9,99,99,9,9,99,9,99,9,9,6,6,3,72,10,-1,-1,-1,-1,4,E01030709,0,3
2025010582630,2025,010582630,2,9,0,99,99,9,9,99,99,0,9,99,0,0,9,9,6,6,3,-1,-1,-1,-1,-1,-1,-1,-1,0,-1
2025010582630,2025,010582630,1,1,9,99,99,9,9,99,99,0,9,99,9,99,1,1,2,2,1,53,8,-1,-1,-1,-1,9,E01003006,0,1
2025010582632,2025,010582632,2,3,0,14,14,1,5,0,0,1,0,0,0,0,1,1,6,6,1,31,6,-1,-1,-1,-1,5,E01034040,0,1
2025010582632,2025,010582632,1,9,0,9,9,3,8,0,0,8,0,0,0,0,1,1,2,2,1,27,6,-1,-1,-1,-1,3,E01001366,0,1
2025010582634,2025,010582634,1,9,0,99,99,9,9,99,99,9,9,99,9,99,1,9,6,6,3,-1,-1,-1,-1,-1,-1,-1,-1,0,-1
2025010582640,2025,010582640,2,1,0,5,5,6,2,4,4,1,5,0,1,0,1,1,1,1,1,39,7,-1,-1,-1,-1,3,E01003979,0,2
2025010582640,2025,010582640,1,1,0,7,7,8,2,0,0,1,5,0,1,0,2,1,-1,-1,1,75,10,-1,-1,-1,-1,3,E01001795,0,1
2025010582641,2025,010582641,1,9,0,5,5,5,1,0,0,0,0,0,0,0,1,1,-1,-1,1,31,6,-1,-1,-1,-1,5,E01003935,0,1
2025010582643,2025,010582643,1,11,0,5,5,1,5,0,0,1,0,0,0,0,0,1,1,1,1,45,7,-1,-1,-1,-1,6,E01003359,0,2
2025010582645,2025,010582645,1,9,0,9,9,5,2,0,0,2,0,0,0,0,1,1,-1,-1,1,26,6,-1,-1,-1,-1,2,E01000626,0,1
2025010582645,2025,010582645,2,3,0,9,9,5,3,0,0,2,0,0,0,0,2,1,1,1,1,33,6,-1,-1,-1,-1,4,E01000557,0,1
2025010582646,2025,010582646,1,9,0,3,3,7,3,0,0,0,0,0,0,0,1,1,6,6,1,24,5,-1,-1,-1,-1,2,E01034475,0,2
2025010582646,2025,010582646,2,9,0,-1,-1,3,7,0,0,0,0,0,0,0,1,1,1,1,2,47,8,-1,-1,-1,-1,2,E01004249,0,1
2025010582649,2025,010582649,2,19,0,3,3,1,5,0,0,0,0,0,0,0,2,1,-1,-1,1,45,7,-1,-1,-1,-1,5,E01001335,0,2
2025010582649,2025,010582649,1,9,0,5,5,1,5,0,0,0,0,0,0,0,1,1,-1,-1,1,21,5,-1,-1,-1,-1,6,E01000631,0,1
2025010582655,2025,010582655,1,10,0,-1,-1,8,4,2,2,1,0,0,0,0,1,1,1,1,1,48,8,-1,-1,-1,-1,9,E01034990,0,4
2025010582655,2025,010582655,2,9,0,9,9,4,2,2,2,1,0,0,0,0,1,1,-1,-1,1,29,6,-1,-1,-1,-1,7,E01015964,0,4
2025010582656,2025,010582656,2,9,0,99,99,9,9,99,99,9,9,99,9,99,1,9,6,6,3,-1,-1,-1,-1,-1,-1,-1,-1,0,-1
2025010582656,2025,010582656,1,9,0,99,99,9,9,99,99,9,9,99,9,99,2,9,6,6,2,27,6,-1,-1,-1,-1,2,E01000028,0,1
2025010582666,2025,010582666,1,9,0,13,13,3,7,0,0,4,0,0,3,0,1,1,6,6,3,-1,-1,-1,-1,-1,-1,-1,-1,0,-1
2025010582666,2025,010582666,2,9,0,11,11,5,1,0,0,3,0,0,0,0,1,1,-1,-1,2,37,7,-1,-1,-1,-1,9,E01002462,0,1
2025010582666,2025,010582666,3,9,0,-1,-1,3,7,0,0,4,0,0,0,0,0,1,-1,-1,1,38,7,-1,-1,-1,-1,-1,-1,0,-1
2025010582667,2025,010582667,1,1,9,99,99,9,9,99,99,0,9,99,9,99,9,1,6,6,1,47,8,-1,-1,-1,-1,5,E01002660,0,1
2025010582670,2025,010582670,2,3,0,9,9,5,3,0,0,4,0,0,0,0,1,1,6,6,1,28,6,-1,-1,-1,-1,2,E01001076,0,2
2025010582670,2025,010582670,1,9,0,-1,-1,1,5,0,0,4,0,0,0,0,1,1,2,2,2,76,11,-1,-1,-1,-1,8,E01030844,0,2
2025010582673,2025,010582673,2,9,0,99,99,9,9,99,99,1,9,99,9,99,1,9,2,2,3,-1,-1,-1,-1,-1,-1,-1,-1,0,-1
2025010582673,2025,010582673,1,3,0,99,99,9,9,99,99,1,9,99,9,99,9,1,1,1,1,30,6,-1,-1,-1,-1,3,E01003541,0,1
2025010582674,2025,010582674,1,2,0,-1,-1,8,4,0,0,0,1,6,0,0,2,1,6,6,1,83,11,-1,-1,-1,-1,6,E01004621,0,2
2025010582675,2025,010582675,2,1,0,-1,-1,7,3,0,0,8,5,0,0,0,2,1,6,6,2,23,5,-1,-1,-1,-1,2,E01003049,0,1
2025010582675,2025,010582675,1,9,0,9,9,5,2,9,9,8,0,0,0,0,1,1,6,6,3,-1,-1,-1,-1,-1,-1,-1,-1,0,-1
2025010582680,2025,010582680,1,9,9,99,99,9,9,99,99,9,9,99,9,99,9,9,6,6,3,-1,-1,-1,-1,-1,-1,-1,-1,0,-1
2025010582682,2025,010582682,2,1,9,99,99,9,9,99,99,6,9,99,9,99,9,1,1,1,3,-1,-1,-1,-1,-1,-1,-1,-1,0,-1
2025010582682,2025,010582682,1,9,0,99,99,9,9,99,99,1,9,99,9,99,9,9,6,6,2,58,9,-1,-1,-1,-1,3,E01003997,0,1
2025010582684,2025,010582684,2,19,0,2,2,0,0,0,0,0,0,0,0,0,2,1,6,6,-1,-1,-1,-1,-1,-1,-1,-1,-1,0,-1
2025010582684,2025,010582684,1,11,0,-1,-1,7,3,0,0,0,0,4,0,0,1,1,1,1,2,51,8,-1,-1,-1,-1,9,E01023442,0,4
2025010582692,2025,010582692,1,9,0,-1,-1,1,5,0,0,8,1,0,0,0,1,1,1,1,1,40,7,-1,-1,-1,-1,2,E01003243,0,1
2025010582695,2025,010582695,1,9,0,99,99,9,9,99,99,2,9,8,9,99,9,9,6,6,2,28,6,-1,-1,-1,-1,2,E01001574,0,1
2025010582695,2025,010582695,2,9,0,2,2,0,0,99,99,2,9,99,9,99,9,9,6,6,3,-1,-1,-1,-1,-1,-1,-1,-1,0,-1
2025010582696,2025,010582696,2,1,0,-1,-1,1,5,0,0,1,0,0,0,0,1,1,6,6,2,19,4,-1,-1,-1,-1,6,E01001201,0,1
2025010582696,2025,010582696,1,9,0,7,7,3,6,0,0,1,0,0,0,0,1,2,6,6,1,30,6,-1,-1,-1,-1,-1,-1,0,-1
2025010582697,2025,010582697,2,1,0,-1,-1,3,7,0,0,1,0,0,0,0,2,1,-1,-1,1,28,6,-1,-1,-1,-1,5,E01035486,0,1
2025010582697,2025,010582697,1,19,0,3,3,3,7,0,0,1,0,0,0,0,0,1,1,1,1,31,6,-1,-1,-1,-1,5,E01015953,0,4
2025010582698,2025,010582698,1,1,0,-1,-1,7,3,4,4,1,5,0,0,0,3,1,6,6,2,63,9,-1,-1,-1,-1,9,E01003807,0,1
2025010582698,2025,010582698,2,1,9,13,13,7,3,4,4,1,5,99,9,99,9,1,6,6,3,-1,-1,-1,-1,-1,-1,-1,-1,0,-1
2025010582705,2025,010582705,2,9,0,7,7,9,9,99,99,1,9,99,9,99,9,9,6,6,3,-1,-1,-1,-1,-1,-1,-1,-1,0,-1
2025010582705,2025,010582705,1,1,9,-1,-1,9,9,99,99,1,9,99,9,99,9,1,2,2,1,40,7,-1,-1,-1,-1,6,E01003642,0,1
2025010582707,2025,010582707,1,3,0,99,99,9,9,99,99,8,9,99,9,99,1,1,1,1,1,37,7,-1,-1,-1,-1,7,E01002166,0,1
2025010582707,2025,010582707,2,9,0,99,99,9,9,99,99,8,9,99,9,99,1,9,6,6,3,-1,-1,-1,-1,-1,-1,-1,-1,0,-1
2025010582709,2025,010582709,1,3,0,99,99,9,9,99,99,9,9,99,9,99,9,1,1,1,1,45,7,-1,-1,-1,-1,6,E01002556,0,1
2025010582709,2025,010582709,2,9,0,99,99,9,9,99,99,9,9,99,9,99,0,9,6,6,3,32,6,-1,-1,-1,-1,9,E01030712,0,1
2025010582710,2025,010582710,2,9,0,99,99,9,9,99,99,4,9,99,9,99,1,9,6,6,3,-1,-1,-1,-1,-1,-1,-1,-1,0,-1
2025010582710,2025,010582710,1,1,9,99,99,9,9,99,99,8,9,99,9,99,9,1,6,6,2,25,5,-1,-1,-1,-1,7,E01002007,0,1
2025010582717,2025,010582717,2,11,0,99,99,9,9,99,99,1,9,99,9,99,9,9,6,6,1,-1,-1,-1,-1,-1,-1,4,W01001622,0,5
2025010582717,2025,010582717,1,9,0,99,99,9,9,99,99,5,9,99,9,99,9,9,6,6,2,44,7,-1,-1,-1,-1,6,E01004560,0,1
2025010582719,2025,010582719,1,19,0,9,9,5,2,0,0,1,0,0,0,0,1,1,1,1,1,33,6,-1,-1,-1,-1,3,E01003594,0,1
2025010582719,2025,010582719,2,1,0,-1,-1,1,5,0,0,1,1,0,0,0,1,1,-1,-1,1,18,4,-1,-1,-1,-1,4,E01001836,0,1
2025010582720,2025,010582720,1,9,0,5,5,1,5,0,0,4,0,0,0,0,1,1,-1,-1,2,65,9,-1,-1,-1,-1,7,E01002538,0,2
2025010582720,2025,010582720,2,1,0,9,9,7,5,0,0,4,0,0,0,0,2,1,1,1,1,54,8,-1,-1,-1,-1,8,E01016567,0,3
2025010582724,2025,010582724,1,5,0,99,99,9,9,99,99,9,9,99,9,99,9,1,2,2,1,46,8,-1,-1,-1,-1,2,E01004268,0,2
2025010582724,2025,010582724,2,1,9,99,99,9,9,99,99,9,9,99,9,99,9,1,6,6,3,-1,-1,-1,-1,-1,-1,-1,-1,0,-1
2025010582731,2025,010582731,3,9,9,99,99,9,9,99,99,9,9,99,9,99,9,9,6,6,1,33,6,-1,-1,-1,-1,2,E01003540,0,1
2025010582731,2025,010582731,1,9,0,99,99,9,9,99,99,9,9,99,9,99,1,9,1,1,1,19,4,-1,-1,-1,-1,1,E01001442,0,3
2025010582731,2025,010582731,2,9,0,99,99,9,9,99,99,9,9,99,9,99,9,9,6,6,3,19,4,-1,-1,-1,-1,4,E01003782,0,1
2025010582736,2025,010582736,1,9,0,1,1,5,1,0,0,0,0,0,0,0,3,1,-1,-1,1,78,11,-1,-1,-1,-1,9,E01000829,0,1
2025010582737,2025,010582737,2,3,0,-1,-1,5,1,2,2,1,1,0,0,0,4,1,2,2,2,31,6,-1,-1,-1,-1,7,E01003414,0,2
2025010582737,2025,010582737,1,19,0,11,11,5,1,0,0,5,0,0,0,0,4,1,1,1,1,56,9,-1,-1,-1,-1,7,E01034828,0,4
2025010582738,2025,010582738,1,3,0,-1,-1,1,5,0,0,1,0,0,1,0,1,1,1,1,1,32,6,-1,-1,-1,-1,2,E01001777,0,2
2025010582739,2025,010582739,1,11,0,3,3,1,5,2,2,0,0,0,0,0,0,1,1,1,1,50,8,-1,-1,-1,-1,3,E01003627,0,3
2025010582742,2025,010582742,3,9,0,4,4,3,7,0,0,0,0,0,0,0,1,1,6,6,2,47,8,-1,-1,-1,-1,2,E01000084,0,1
2025010582742,2025,010582742,1,9,0,4,4,3,7,0,0,0,0,0,0,0,2,1,-1,-1,2,35,6,-1,-1,-1,-1,-1,-1,0,-1
2025010582742,2025,010582742,2,9,0,4,4,3,7,0,0,0,0,0,0,0,1,1,-1,-1,2,31,6,-1,-1,-1,-1,-1,-1,0,-1
2025010582743,2025,010582743,1,9,0,99,99,9,9,99,99,5,9,99,9,99,9,9,2,2,2,30,6,-1,-1,-1,-1,4,E01033729,0,1
2025010582743,2025,010582743,2,3,0,99,99,9,9,99,99,2,9,99,9,99,0,1,6,6,3,-1,-1,-1,-1,-1,-1,-1,-1,0,-1
2025010582746,2025,010582746,1,1,0,-1,-1,3,7,0,0,1,0,0,0,0,3,1,1,1,1,25,5,-1,-1,-1,-1,-1,-1,0,-1
2025010582752,2025,010582752,1,5,0,-1,-1,4,8,0,0,8,5,0,1,10,3,1,-1,-1,1,35,6,-1,-1,-1,-1,-1,-1,0,-1
2025010582752,2025,010582752,2,9,0,-1,-1,4,8,0,0,8,0,0,0,0,4,1,-1,-1,2,84,11,-1,-1,-1,-1,-1,-1,0,-1
2025010582753,2025,010582753,1,9,0,-1,-1,5,1,0,0,8,0,0,0,0,4,1,6,6,1,38,7,-1,-1,-1,-1,9,E01000293,0,1
2025010582754,2025,010582754,1,3,0,99,99,9,9,99,99,9,9,99,9,99,9,1,6,6,1,39,7,-1,-1,-1,-1,2,E01000509,0,1
2025010582754,2025,010582754,2,9,0,99,99,9,9,99,99,9,9,99,9,99,9,9,6,6,3,-1,-1,-1,-1,-1,-1,-1,-1,0,-1
2025010582756,2025,010582756,1,8,0,5,5,7,3,0,0,8,0,0,0,0,1,1,1,1,1,46,8,-1,-1,-1,-1,6,E01001563,0,3
2025010582756,2025,010582756,2,1,0,-1,-1,1,5,0,0,1,0,0,0,0,1,1,6,6,1,47,8,-1,-1,-1,-1,5,E01004591,0,1
2025010582757,2025,010582757,2,19,0,-1,-1,1,5,0,0,0,0,0,0,0,0,1,1,1,1,53,8,-1,-1,-1,-1,9,E01004937,0,5
2025010582757,2025,010582757,1,11,0,-1,-1,1,5,2,2,0,0,0,0,0,3,1,1,1,1,34,6,-1,-1,-1,-1,2,E01009788,0,5
2025010582760,2025,010582760,1,3,0,99,99,9,9,99,99,9,9,99,9,99,9,1,2,2,1,19,4,-1,-1,-1,-1,5,E01000251,0,3
2025010582760,2025,010582760,2,8,0,99,99,9,9,99,99,9,9,99,9,99,9,9,6,6,3,-1,-1,-1,-1,-1,-1,-1,-1,0,-1
2025010582761,2025,010582761,1,9,0,-1,-1,1,5,0,0,1,0,0,0,0,3,1,-1,-1,2,67,10,-1,-1,-1,-1,10,E01000758,0,1
2025010582763,2025,010582763,2,1,0,-1,-1,3,7,0,0,1,0,0,0,0,1,1,6,6,1,60,9,-1,-1,-1,-1,3,E01003616,0,1
2025010582763,2025,010582763,1,9,0,5,5,4,8,0,0,1,0,0,1,0,3,1,6,6,1,68,10,-1,-1,-1,-1,-1,-1,0,-1
2025010582765,2025,010582765,2,9,9,99,99,9,9,99,99,9,9,99,9,99,1,9,6,6,3,-1,-1,-1,-1,-1,-1,-1,-1,0,-1
2025010582765,2025,010582765,1,1,9,99,99,9,9,99,99,9,9,99,9,99,9,1,-1,-1,1,41,7,-1,-1,-1,-1,6,E01003702,0,1
2025010582769,2025,010582769,2,19,0,3,3,5,1,0,0,1,0,0,0,0,2,1,1,1,1,57,9,-1,-1,-1,-1,9,E01003362,0,3
2025010582769,2025,010582769,1,23,0,14,14,5,1,0,0,1,0,0,0,0,1,1,1,1,1,-1,-1,-1,-1,-1,-1,4,E01000472,0,3
2025010582786,2025,010582786,2,1,0,-1,-1,5,1,0,0,1,0,0,0,0,1,1,-1,-1,1,44,7,-1,-1,-1,-1,3,E01001969,0,1
2025010582786,2025,010582786,1,9,0,9,9,1,7,0,0,1,0,0,0,0,3,2,-1,-1,1,56,9,-1,-1,-1,-1,8,E01017983,0,4
2025010582794,2025,010582794,1,1,0,-1,-1,3,7,0,0,0,2,0,0,0,1,1,6,6,1,21,5,-1,-1,-1,-1,4,E01003119,0,1
2025010582794,2025,010582794,2,9,0,3,3,3,7,0,0,0,0,0,0,0,2,1,6,6,2,65,9,-1,-1,-1,-1,5,E01003029,0,1
2025010582795,2025,010582795,1,19,0,99,99,9,9,0,0,1,0,0,0,0,1,9,6,6,3,-1,-1,-1,-1,-1,-1,-1,-1,0,-1
2025010582796,2025,010582796,1,9,0,-1,-1,7,3,0,0,0,0,0,0,0,1,1,-1,-1,2,75,10,-1,-1,-1,-1,3,E01000630,0,1
2025010582796,2025,010582796,2,1,0,-1,-1,7,3,0,0,0,5,0,0,0,2,1,1,1,1,52,8,-1,-1,-1,-1,3,E01033936,0,1
2025010582799,2025,010582799,1,9,0,99,99,9,9,99,99,9,9,99,9,99,2,9,6,6,1,55,8,-1,-1,-1,-1,6,E01003787,0,1
2025010582799,2025,010582799,2,11,0,-1,-1,5,1,0,0,7,0,0,0,0,3,1,6,6,3,-1,-1,-1,-1,-1,-1,-1,-1,0,-1
2025010582800,2025,010582800,2,8,9,2,2,0,0,99,99,2,9,99,9,99,9,9,6,6,1,37,7,-1,-1,-1,-1,5,E01003862,0,2
2025010582800,2025,010582800,1,1,9,99,99,9,9,99,99,1,9,99,9,99,9,1,2,2,1,38,7,-1,-1,-1,-1,7,E01004749,0,1
2025010582801,2025,010582801,1,9,0,9,9,7,5,0,0,2,0,0,0,0,3,1,6,6,1,67,10,-1,-1,-1,-1,3,E01003520,0,1
2025010582815,2025,010582815,2,9,0,5,5,9,9,99,99,1,9,99,9,99,1,9,6,6,3,-1,-1,-1,-1,-1,-1,-1,-1,0,-1
2025010582815,2025,010582815,1,1,9,5,5,9,9,99,99,2,9,99,9,99,9,1,2,2,2,36,7,-1,-1,-1,-1,3,E01002729,0,1
2025010582817,2025,010582817,2,3,0,-1,-1,1,5,0,0,1,0,0,0,0,1,1,1,1,1,26,6,-1,-1,-1,-1,-1,-1,0,-1
2025010582817,2025,010582817,1,9,0,7,7,7,1,0,0,6,0,0,0,0,1,1,-1,-1,1,50,8,-1,-1,-1,-1,6,E01000322,0,2
2025010582823,2025,010582823,1,9,9,99,99,9,9,99,99,9,9,99,9,99,9,9,6,6,3,-1,-1,-1,-1,-1,-1,-1,-1,0,-1
2025010582827,2025,010582827,2,19,9,99,99,9,9,99,99,9,9,99,9,99,2,9,6,6,1,53,8,-1,-1,-1,-1,8,E01004075,0,1
2025010582827,2025,010582827,1,1,9,99,99,9,9,99,99,9,9,99,9,99,1,1,2,2,2,39,7,-1,-1,-1,-1,2,E01003325,0,1
2025010582831,2025,010582831,2,1,0,-1,-1,7,3,0,0,1,0,0,0,0,4,1,-1,-1,1,27,6,-1,-1,-1,-1,3,E01003960,0,1
2025010582831,2025,010582831,1,19,0,9,9,3,1,0,0,5,0,0,0,0,1,1,1,1,1,51,8,-1,-1,-1,-1,5,E01035598,0,3
2025010582833,2025,010582833,1,11,0,-1,-1,5,1,0,0,0,0,0,0,0,2,1,1,1,1,48,8,-1,-1,-1,-1,9,E01002460,0,3
2025010582837,2025,010582837,1,9,0,-1,-1,3,7,0,0,0,0,0,0,0,4,1,6,6,2,50,8,-1,-1,-1,-1,-1,-1,0,-1
2025010582838,2025,010582838,1,9,0,-1,-1,7,3,0,0,0,0,0,0,0,4,1,6,6,1,53,8,-1,-1,-1,-1,-1,-1,0,-1
2025010582843,2025,010582843,1,9,0,9,9,3,1,0,0,6,0,0,0,0,1,1,-1,-1,2,20,4,-1,-1,-1,-1,6,E01001293,0,1
2025010582843,2025,010582843,2,9,0,-1,-1,7,3,0,0,1,0,0,0,0,1,1,1,1,1,40,7,-1,-1,-1,-1,9,E01030705,0,3
2025010582846,2025,010582846,3,9,0,10,10,5,2,0,0,1,0,0,0,0,1,1,6,6,1,37,7,-1,-1,-1,-1,9,E01001017,0,2
2025010582846,2025,010582846,4,19,0,10,10,5,2,0,0,1,0,0,0,0,1,1,6,6,1,36,7,-1,-1,-1,-1,6,E01020959,0,4
2025010582846,2025,010582846,2,9,0,10,10,5,2,0,0,1,0,0,0,0,1,1,6,6,2,26,6,-1,-1,-1,-1,2,E01004524,0,2
2025010582846,2025,010582846,1,9,0,1,1,1,5,0,0,1,0,0,0,0,2,1,6,6,1,81,11,-1,-1,-1,-1,8,E01004080,0,1
2025010582849,2025,010582849,1,9,0,7,7,1,4,0,0,1,0,0,0,0,4,1,-1,-1,1,30,6,-1,-1,-1,-1,6,E01000274,0,1
2025010582849,2025,010582849,2,3,0,15,15,1,5,0,0,1,0,0,0,0,3,1,-1,-1,1,43,7,-1,-1,-1,-1,-1,-1,0,-1
2025010582853,2025,010582853,1,19,0,7,7,2,5,0,0,5,0,0,0,0,4,1,1,1,1,40,7,-1,-1,-1,-1,-1,-1,0,-1
2025010582858,2025,010582858,1,9,0,-1,-1,3,7,0,0,1,1,0,0,0,1,1,-1,-1,2,39,7,-1,-1,-1,-1,7,E01003754,0,1
2025010582858,2025,010582858,2,1,0,-1,-1,1,5,0,0,2,0,0,0,0,1,1,-1,-1,1,12,3,-1,-1,-1,-1,6,E01003772,0,1
2025010582860,2025,010582860,1,20,0,-1,-1,1,5,0,0,1,0,0,0,0,0,1,6,6,3,-1,-1,-1,-1,-1,-1,-1,-1,0,-1
2025010582864,2025,010582864,1,9,0,5,5,2,6,0,0,1,0,0,0,0,1,1,6,6,1,26,6,-1,-1,-1,-1,2,E01004702,0,3
2025010582864,2025,010582864,2,1,0,3,3,2,6,0,0,1,0,0,0,0,2,1,2,2,1,37,7,-1,-1,-1,-1,8,E01003426,0,1
2025010582869,2025,010582869,1,9,0,7,7,4,6,0,0,5,0,0,0,0,1,1,6,6,1,52,8,-1,-1,-1,-1,-1,-1,0,-1
2025010582869,2025,010582869,2,1,0,4,4,7,3,4,4,1,0,0,0,0,1,1,6,6,1,29,6,-1,-1,-1,-1,5,E01001889,0,2
2025010582870,2025,010582870,2,1,0,-1,-1,7,3,0,0,1,0,0,0,0,4,1,1,1,1,28,6,-1,-1,-1,-1,3,E01003988,0,3
2025010582870,2025,010582870,1,9,0,1,1,3,7,0,0,1,0,0,0,0,2,2,-1,-1,2,30,6,-1,-1,-1,-1,2,E01001395,0,1
2025010582873,2025,010582873,1,9,0,9,9,3,8,0,0,5,0,0,0,0,1,1,-1,-1,1,18,4,-1,-1,-1,-1,8,E01000413,0,2
2025010582873,2025,010582873,2,3,0,-1,-1,7,3,0,0,1,1,0,0,0,1,1,6,6,1,20,4,-1,-1,-1,-1,6,E01004049,0,1
2025010582878,2025,010582878,2,9,0,99,99,9,9,99,99,9,9,99,9,99,2,9,6,6,1,25,5,-1,-1,-1,-1,5,E01002894,0,2
2025010582878,2025,010582878,1,90,0,99,99,9,9,99,99,9,9,99,9,99,1,9,6,6,1,46,8,-1,-1,-1,-1,2,E01004615,0,1
2025010582879,2025,010582879,1,9,0,9,9,4,1,0,0,1,0,7,0,0,1,1,-1,-1,2,61,9,-1,-1,-1,-1,9,E01002996,0,1
2025010582887,2025,010582887,2,3,0,-1,-1,5,1,0,0,4,0,0,1,1,1,1,6,6,1,30,6,-1,-1,-1,-1,6,E01002662,0,1
2025010582887,2025,010582887,1,9,0,6,6,5,5,0,0,3,0,9,7,10,1,1,1,1,2,50,8,-1,-1,-1,-1,6,E01003843,0,1
2025010582888,2025,010582888,2,9,0,2,2,0,0,0,0,0,0,0,0,0,1,1,6,6,-1,-1,-1,-1,-1,-1,-1,-1,-1,0,-1
2025010582888,2025,010582888,1,9,0,-1,-1,3,7,0,0,0,0,4,0,0,1,1,6,6,2,37,7,-1,-1,-1,-1,3,E01001366,0,1
2025010582888,2025,010582888,3,19,0,2,2,0,0,0,0,0,0,0,0,0,2,1,6,6,-1,-1,-1,-1,-1,-1,-1,-1,-1,0,-1
2025010582896,2025,010582896,2,11,0,4,4,7,3,0,0,5,0,0,0,0,2,1,6,6,3,-1,-1,-1,-1,-1,-1,-1,-1,0,-1
2025010582896,2025,010582896,1,1,0,4,4,7,3,0,0,1,0,0,0,0,1,1,6,6,1,56,9,-1,-1,-1,-1,8,E01004545,0,1
2025010582899,2025,010582899,1,9,0,-1,-1,3,7,0,0,1,0,0,0,0,1,1,1,1,1,48,8,-1,-1,-1,-1,5,E01032785,0,3
2025010582899,2025,010582899,2,3,0,7,7,1,4,0,0,1,2,0,0,0,1,1,-1,-1,1,18,4,-1,-1,-1,-1,7,E01004518,0,2
2025010582901,2025,010582901,2,1,0,-1,-1,7,3,0,0,8,0,0,0,0,1,1,6,6,1,-1,-1,-1,-1,-1,-1,-1,-1,0,-1
2025010582901,2025,010582901,1,9,0,9,9,3,1,0,0,8,0,0,0,0,1,1,2,2,1,23,5,-1,-1,-1,-1,2,E01015729,0,4
2025010582910,2025,010582910,2,9,0,99,99,9,9,99,99,9,9,99,9,99,1,9,6,6,3,-1,-1,-1,-1,-1,-1,-1,-1,0,-1
2025010582910,2025,010582910,1,3,0,99,99,9,9,99,99,9,9,99,9,99,9,1,6,6,1,26,6,-1,-1,-1,-1,3,E01001445,0,3
2025010582911,2025,010582911,2,9,0,9,9,9,9,99,99,5,9,99,9,99,9,9,6,6,3,-1,-1,-1,-1,-1,-1,-1,-1,0,-1
2025010582911,2025,010582911,1,1,9,99,99,9,9,4,4,1,9,99,9,99,1,1,1,1,1,27,6,-1,-1,-1,-1,3,E01001831,0,3
2025010582921,2025,010582921,1,9,0,-1,-1,0,0,0,0,1,0,0,1,1,1,1,-1,-1,1,49,8,-1,-1,-1,-1,5,E01016013,0,1
2025010582924,2025,010582924,2,9,0,99,99,9,9,99,99,1,9,99,9,99,1,9,6,6,3,-1,-1,-1,-1,-1,-1,-1,-1,0,-1
2025010582924,2025,010582924,1,9,0,99,99,9,9,99,99,1,9,99,9,99,2,9,2,2,2,24,5,-1,-1,-1,-1,4,E01002491,0,3
2025010582933,2025,010582933,2,9,0,99,99,9,9,99,99,9,9,99,9,99,9,9,6,6,3,-1,-1,-1,-1,-1,-1,-1,-1,0,-1
2025010582933,2025,010582933,1,9,0,99,99,9,9,99,99,9,9,99,9,99,9,9,2,2,1,37,7,-1,-1,-1,-1,3,E01033933,0,1
2025010582934,2025,010582934,1,9,0,99,99,9,9,99,99,0,9,99,9,99,9,9,6,6,1,52,8,-1,-1,-1,-1,5,E01030658,0,2
2025010582934,2025,010582934,2,9,9,99,99,9,9,99,99,0,9,99,9,99,9,9,6,6,2,44,7,-1,-1,-1,-1,10,E01003881,0,1