collision_index,collision_year,collision_ref_no,vehicle_reference,vehicle_type,towing_and_articulation,vehicle_manoeuvre_historic,vehicle_manoeuvre,vehicle_direction_from,vehicle_direction_to,vehicle_location_restricted_lane_historic,vehicle_location_restricted_lane,junction_location,skidding_and_overturning,hit_object_in_carriageway,vehicle_leaving_carriageway,hit_object_off_carriageway,first_point_of_impact,vehicle_left_hand_drive,journey_purpose_of_driver_historic,journey_purpose_of_driver,sex_of_driver,age_of_driver,age_band_of_driver,engine_capacity_cc,propulsion_code,age_of_vehicle,generic_make_model,driver_imd_decile,lsoa_of_driver,escooter_flag,driver_distance_banding
2025010582937,2025,010582937,1,1,9,99,99,9,9,99,99,9,9,99,9,99,1,1,2,2,2,45,7,-1,-1,-1,-1,8,E01001965,0,1
2025010582937,2025,010582937,2,9,0,99,99,9,9,99,99,9,9,99,9,99,9,9,6,6,1,77,11,-1,-1,-1,-1,6,E01001998,0,1
2025010582943,2025,010582943,1,1,9,99,99,9,9,99,99,9,9,99,9,99,9,1,2,2,2,27,6,-1,-1,-1,-1,6,E01003153,0,1
2025010582943,2025,010582943,2,9,0,99,99,9,9,99,99,9,9,99,9,99,1,9,6,6,3,-1,-1,-1,-1,-1,-1,-1,-1,0,-1
2025010582948,2025,010582948,1,5,0,99,99,9,9,99,99,4,9,99,9,99,2,1,6,6,1,30,6,-1,-1,-1,-1,3,E01001372,0,1
2025010582948,2025,010582948,2,9,0,99,99,9,9,99,99,4,9,99,9,99,1,9,6,6,3,-1,-1,-1,-1,-1,-1,-1,-1,0,-1
2025010582952,2025,010582952,1,1,9,99,99,9,9,99,99,9,9,99,9,99,2,1,1,1,1,20,4,-1,-1,-1,-1,5,E01000491,0,1
2025010582952,2025,010582952,2,9,0,99,99,9,9,99,99,9,9,99,9,99,1,9,6,6,3,-1,-1,-1,-1,-1,-1,-1,-1,0,-1
2025010582955,2025,010582955,1,1,9,-1,-1,9,9,99,99,1,9,8,9,99,9,1,6,6,1,34,6,-1,-1,-1,-1,3,E01004287,0,1
2025010582955,2025,010582955,2,8,0,99,99,9,9,99,99,2,9,99,9,99,9,9,6,6,3,56,9,-1,-1,-1,-1,3,E01003582,0,2
2025010582957,2025,010582957,2,3,0,-1,-1,3,7,0,0,0,0,0,0,0,3,1,1,1,1,46,8,-1,-1,-1,-1,2,E01004298,0,3
2025010582957,2025,010582957,1,9,0,11,11,3,7,0,0,0,0,0,0,0,1,1,-1,-1,2,31,6,-1,-1,-1,-1,10,E01030756,0,3
2025010582959,2025,010582959,2,1,0,-1,-1,5,1,0,0,8,0,0,1,0,1,1,6,6,1,29,6,-1,-1,-1,-1,4,E01000613,0,3
2025010582959,2025,010582959,1,8,0,-1,-1,5,1,0,0,8,0,0,0,0,2,1,1,1,1,-1,-1,-1,-1,-1,-1,3,E01001764,0,1
2025010582960,2025,010582960,1,1,9,99,99,9,9,99,99,1,9,99,9,99,1,1,6,6,1,43,7,-1,-1,-1,-1,7,E01002925,0,1
2025010582960,2025,010582960,2,1,9,99,99,9,9,99,99,1,9,99,9,99,1,1,6,6,3,-1,-1,-1,-1,-1,-1,-1,-1,0,-1
2025010582966,2025,010582966,1,11,0,12,12,5,1,0,0,0,0,0,0,0,1,1,1,1,1,44,7,-1,-1,-1,-1,8,E01030384,0,2
2025010582968,2025,010582968,1,3,0,99,99,9,9,99,99,9,9,99,9,99,9,1,1,1,1,32,6,-1,-1,-1,-1,7,E01002176,0,2
2025010582968,2025,010582968,2,9,0,99,99,9,9,99,99,9,9,99,9,99,1,9,6,6,3,-1,-1,-1,-1,-1,-1,1,E01001013,0,4
2025010582970,2025,010582970,1,9,0,7,7,4,6,0,0,5,0,0,0,0,4,1,6,6,3,-1,-1,-1,-1,-1,-1,9,E01000695,0,1
2025010582973,2025,010582973,1,9,0,9,9,7,4,0,0,1,0,0,0,0,1,1,-1,-1,1,38,7,-1,-1,-1,-1,5,E01004549,0,1
2025010582973,2025,010582973,2,1,0,4,4,7,3,0,0,1,0,0,0,0,0,1,-1,-1,1,10,2,-1,-1,-1,-1,5,E01004631,0,1
2025010582981,2025,010582981,1,3,0,99,99,9,9,99,99,1,9,99,9,99,9,1,2,2,1,23,5,-1,-1,-1,-1,6,E01001342,0,3
2025010582981,2025,010582981,2,9,0,99,99,9,9,99,99,6,9,99,9,99,9,9,6,6,3,-1,-1,-1,-1,-1,-1,-1,-1,0,-1
2025010582982,2025,010582982,1,1,0,-1,-1,7,3,0,0,8,0,0,0,0,4,1,6,6,1,35,6,-1,-1,-1,-1,3,E01003975,0,1
2025010582982,2025,010582982,2,19,0,9,9,3,1,0,0,5,0,0,0,0,4,1,1,1,1,57,9,-1,-1,-1,-1,4,E01004028,0,1
2025010582994,2025,010582994,1,1,9,99,99,9,9,99,99,1,9,99,9,99,1,1,6,6,1,29,6,-1,-1,-1,-1,-1,-1,0,-1
2025010582994,2025,010582994,2,9,0,99,99,9,9,99,99,6,9,99,9,99,2,9,6,6,3,36,7,-1,-1,-1,-1,7,E01030592,0,2
2025010582997,2025,010582997,1,9,0,-1,-1,3,7,0,0,0,0,0,0,0,4,1,-1,-1,1,24,5,-1,-1,-1,-1,3,E01004226,0,1
2025010583004,2025,010583004,1,1,0,14,14,7,3,0,0,2,2,0,1,0,0,1,1,1,1,41,7,-1,-1,-1,-1,2,E01004740,0,1
2025010583008,2025,010583008,1,5,0,14,14,4,8,0,0,0,0,0,0,0,0,1,2,2,1,45,7,-1,-1,-1,-1,6,E01017810,0,4
2025010583012,2025,010583012,1,9,0,10,10,1,7,0,0,2,0,0,0,0,1,1,-1,-1,2,33,6,-1,-1,-1,-1,2,E01033938,0,1
2025010583012,2025,010583012,2,1,0,-1,-1,7,3,0,0,1,0,0,0,0,4,1,6,6,1,28,6,-1,-1,-1,-1,2,E01033939,0,1
2025010583013,2025,010583013,2,1,0,-1,-1,5,1,0,0,1,0,0,1,0,1,1,-1,-1,1,55,8,-1,-1,-1,-1,3,E01033934,0,1
2025010583013,2025,010583013,1,9,0,9,9,1,6,0,0,1,0,0,1,0,1,1,6,6,1,60,9,-1,-1,-1,-1,4,E01000546,0,1
2025010583015,2025,010583015,2,9,0,99,99,9,9,99,99,9,9,99,9,99,1,9,2,2,3,-1,-1,-1,-1,-1,-1,4,E01002794,0,1
2025010583015,2025,010583015,1,8,0,99,99,9,9,99,99,9,9,99,9,99,2,9,1,1,1,45,7,-1,-1,-1,-1,3,E01000095,0,3
2025010583017,2025,010583017,2,9,9,99,99,9,9,99,99,5,9,99,9,99,9,9,6,6,3,-1,-1,-1,-1,-1,-1,-1,-1,0,-1
2025010583017,2025,010583017,1,1,9,99,99,9,9,4,4,1,9,99,9,99,9,1,2,2,1,32,6,-1,-1,-1,-1,3,E01004263,0,1
2025010583020,2025,010583020,1,9,0,-1,-1,5,1,0,0,2,0,0,0,0,1,1,-1,-1,1,33,6,-1,-1,-1,-1,3,E01003977,0,2
2025010583020,2025,010583020,2,8,0,6,6,1,1,0,0,1,0,0,0,0,1,1,1,1,1,55,8,-1,-1,-1,-1,10,E01000458,0,4
2025010583022,2025,010583022,1,9,0,99,99,9,9,99,99,0,9,99,9,99,9,9,6,6,2,53,8,-1,-1,-1,-1,6,E01001563,0,1
2025010583022,2025,010583022,2,23,9,99,99,9,9,99,99,0,9,99,9,99,9,1,6,6,1,-1,-1,-1,-1,-1,-1,-1,-1,0,-1
2025010583027,2025,010583027,2,8,0,99,99,9,9,99,99,6,9,99,9,99,1,9,6,6,3,-1,-1,-1,-1,-1,-1,-1,-1,0,-1
2025010583027,2025,010583027,1,1,9,99,99,9,9,99,99,1,9,99,9,99,9,1,6,6,2,43,7,-1,-1,-1,-1,3,E01001805,0,2
2025010583029,2025,010583029,2,9,0,-1,-1,7,3,0,0,8,0,0,0,0,1,1,6,6,2,72,10,-1,-1,-1,-1,8,E01004293,0,1
2025010583029,2025,010583029,1,1,0,-1,-1,1,5,0,0,2,0,0,0,0,3,1,1,1,2,24,5,-1,-1,-1,-1,2,E01003512,0,2
2025010583034,2025,010583034,1,19,0,6,6,6,6,0,0,0,0,0,0,0,3,1,2,2,1,30,6,-1,-1,-1,-1,3,E01002413,0,2
2025010583034,2025,010583034,2,3,0,-1,-1,6,2,0,0,0,0,0,0,0,1,1,2,2,1,25,5,-1,-1,-1,-1,6,E01017810,0,3
2025010583036,2025,010583036,2,9,0,99,99,9,9,99,99,6,9,99,9,99,1,9,6,6,3,-1,-1,-1,-1,-1,-1,-1,-1,0,-1
2025010583036,2025,010583036,1,1,9,99,99,9,9,4,4,1,9,99,9,99,9,1,2,2,2,28,6,-1,-1,-1,-1,4,E01004043,0,1
2025010583039,2025,010583039,1,9,0,99,99,9,9,99,99,8,9,99,9,99,1,9,6,6,3,-1,-1,-1,-1,-1,-1,-1,-1,0,-1
2025010583040,2025,010583040,1,1,0,-1,-1,7,3,0,0,8,0,0,0,0,1,1,2,2,1,51,8,-1,-1,-1,-1,6,E01002910,0,1
2025010583040,2025,010583040,2,9,0,3,3,7,3,0,0,1,0,0,0,0,1,1,6,6,2,37,7,-1,-1,-1,-1,4,E01001932,0,1
2025010583041,2025,010583041,1,9,0,-1,-1,3,7,0,0,0,0,0,0,0,1,1,2,2,1,43,7,-1,-1,-1,-1,10,E01000772,0,1
2025010583041,2025,010583041,3,9,0,2,2,0,0,0,0,0,0,0,0,0,1,1,6,6,-1,-1,-1,-1,-1,-1,-1,-1,-1,0,-1
2025010583041,2025,010583041,2,9,0,-1,-1,7,3,0,0,0,0,0,0,0,1,1,-1,-1,2,57,9,-1,-1,-1,-1,10,E01000772,0,1
2025010583048,2025,010583048,1,19,0,-1,-1,7,3,0,0,8,0,0,0,0,3,1,2,2,1,29,6,-1,-1,-1,-1,8,E01000399,0,1
2025010583049,2025,010583049,1,1,9,99,99,9,9,99,99,9,9,99,9,99,1,1,6,6,3,-1,-1,-1,-1,-1,-1,10,E01030366,0,4
2025010583050,2025,010583050,1,5,0,-1,-1,7,3,0,0,0,0,0,0,0,1,1,-1,-1,1,22,5,-1,-1,-1,-1,4,E01000380,0,2
2025010583050,2025,010583050,2,19,0,-1,-1,7,3,0,0,0,0,0,0,0,2,1,6,6,1,-1,-1,-1,-1,-1,-1,-1,-1,0,-1
2025010583053,2025,010583053,1,1,9,99,99,9,9,99,99,9,9,8,9,99,9,1,2,2,2,33,6,-1,-1,-1,-1,6,E01002628,0,1
2025010583053,2025,010583053,2,9,0,99,99,9,9,99,99,9,9,99,9,99,9,9,6,6,3,-1,-1,-1,-1,-1,-1,-1,-1,0,-1
2025010583055,2025,010583055,2,8,0,99,99,9,9,99,99,9,9,99,9,99,1,9,6,6,3,-1,-1,-1,-1,-1,-1,-1,-1,0,-1
2025010583055,2025,010583055,1,1,9,99,99,9,9,99,99,9,9,99,9,99,9,1,2,2,1,18,4,-1,-1,-1,-1,3,E01001969,0,1
2025010583062,2025,010583062,1,97,0,99,99,9,9,99,99,9,9,99,9,99,1,1,6,6,3,-1,-1,-1,-1,-1,-1,-1,-1,0,-1
2025010583068,2025,010583068,1,19,0,9,9,5,3,0,0,8,0,0,0,0,1,1,1,1,1,20,4,-1,-1,-1,-1,7,E01002570,0,2
2025010583072,2025,010583072,1,1,0,-1,-1,5,1,0,0,2,0,0,0,0,1,1,1,1,1,33,6,-1,-1,-1,-1,2,E01003049,0,1
2025010583073,2025,010583073,1,5,0,15,15,7,3,0,0,0,0,0,0,0,1,1,6,6,3,24,5,-1,-1,-1,-1,-1,-1,0,-1
2025010583080,2025,010583080,2,9,0,99,99,9,9,99,99,9,9,99,9,99,9,9,6,6,3,51,8,-1,-1,-1,-1,9,E01030856,0,2
2025010583080,2025,010583080,1,1,9,99,99,9,9,99,99,9,9,99,9,99,9,1,6,6,1,29,6,-1,-1,-1,-1,4,E01001097,0,1
2025010583085,2025,010583085,2,9,0,99,99,9,9,99,99,9,9,99,9,99,1,9,6,6,1,71,10,-1,-1,-1,-1,6,E01001163,0,1
2025010583085,2025,010583085,1,9,0,99,99,9,9,99,99,9,9,99,9,99,2,9,6,6,1,35,6,-1,-1,-1,-1,4,E01001497,0,4
2025010583086,2025,010583086,2,97,0,99,99,9,9,99,99,4,9,99,9,99,9,9,6,6,3,-1,-1,-1,-1,-1,-1,-1,-1,0,-1
2025010583086,2025,010583086,1,8,0,99,99,9,9,99,99,4,9,99,9,99,2,9,1,1,1,56,9,-1,-1,-1,-1,4,E01003537,0,2
2025010583087,2025,010583087,2,1,0,-1,-1,3,7,0,0,0,2,0,0,0,1,1,6,6,1,20,4,-1,-1,-1,-1,9,E01004595,0,2
2025010583087,2025,010583087,1,8,0,6,6,3,3,0,0,0,0,0,7,11,3,2,1,1,1,68,10,-1,-1,-1,-1,5,E01003186,0,2
2025010583095,2025,010583095,1,9,0,9,9,5,2,0,0,8,0,0,0,0,3,1,-1,-1,2,22,5,-1,-1,-1,-1,9,E01000410,0,1
2025010583095,2025,010583095,2,3,0,-1,-1,3,7,0,0,8,0,0,0,0,1,1,-1,-1,1,26,6,-1,-1,-1,-1,2,E01000052,0,2
2025010583096,2025,010583096,1,-1,0,4,4,3,7,9,9,1,0,0,1,0,2,1,6,6,1,13,3,-1,-1,-1,-1,3,E01002345,0,1
2025010583096,2025,010583096,2,1,9,-1,-1,1,5,9,9,1,9,0,9,0,1,1,6,6,3,-1,-1,-1,-1,-1,-1,-1,-1,0,-1
2025010583097,2025,010583097,1,9,0,-1,-1,8,4,0,0,0,0,0,0,0,3,1,6,6,3,-1,-1,-1,-1,-1,-1,-1,-1,0,-1
2025010583100,2025,010583100,1,9,0,-1,-1,5,1,0,0,0,0,10,1,10,1,1,6,6,1,-1,-1,-1,-1,-1,-1,-1,-1,0,-1
2025010583104,2025,010583104,1,11,0,7,7,6,1,0,0,4,0,0,0,0,0,1,1,1,1,24,5,-1,-1,-1,-1,2,E01003556,0,1
2025010583113,2025,010583113,2,5,0,99,99,9,9,99,99,9,9,99,9,99,9,1,6,6,1,40,7,-1,-1,-1,-1,4,E01001355,0,1
2025010583113,2025,010583113,1,1,9,99,99,9,9,99,99,9,9,99,9,99,9,1,6,6,1,61,9,-1,-1,-1,-1,4,E01001197,0,1
2025010583117,2025,010583117,3,9,0,-1,-1,3,7,0,0,4,0,0,0,0,1,1,6,6,1,35,6,-1,-1,-1,-1,2,E01003576,0,1
2025010583117,2025,010583117,1,9,0,3,3,3,7,0,0,4,0,0,0,0,2,1,6,6,2,46,8,-1,-1,-1,-1,7,E01003738,0,1
2025010583117,2025,010583117,2,9,0,3,3,3,7,0,0,4,0,0,0,0,2,1,-1,-1,2,24,5,-1,-1,-1,-1,3,E01003723,0,2
2025010583120,2025,010583120,2,9,0,99,99,9,9,99,99,9,9,99,9,99,2,9,6,6,3,-1,-1,-1,-1,-1,-1,-1,-1,0,-1
2025010583120,2025,010583120,1,9,0,99,99,9,9,99,99,9,9,99,9,99,1,9,6,6,1,46,8,-1,-1,-1,-1,6,E01002724,0,1
2025010583121,2025,010583121,1,9,0,-1,-1,1,5,9,9,2,0,0,0,0,1,1,2,2,2,27,6,-1,-1,-1,-1,5,E01023400,0,4
2025010583124,2025,010583124,1,9,0,99,99,9,9,99,99,0,9,99,9,99,9,9,6,6,3,-1,-1,-1,-1,-1,-1,-1,-1,0,-1
2025010583125,2025,010583125,1,9,0,99,99,9,9,99,99,6,9,99,9,99,1,9,6,6,2,40,7,-1,-1,-1,-1,9,E01003648,0,1
2025010583126,2025,010583126,1,9,0,99,99,9,9,0,0,8,0,0,0,0,9,9,1,1,1,60,9,-1,-1,-1,-1,4,E01004038,0,1
2025010583126,2025,010583126,2,1,0,99,99,9,9,0,0,8,9,0,0,0,9,1,6,6,3,-1,-1,-1,-1,-1,-1,-1,-1,0,-1
2025010583129,2025,010583129,1,1,0,4,4,1,5,0,0,1,0,0,0,0,1,1,-1,-1,1,13,3,-1,-1,-1,-1,4,E01000489,0,1
2025010583129,2025,010583129,2,19,0,10,10,5,2,0,0,1,0,0,0,0,1,1,6,6,1,25,5,-1,-1,-1,-1,-1,-1,0,-1
2025010583139,2025,010583139,2,8,0,99,99,9,9,99,99,6,9,99,9,99,1,9,6,6,1,60,9,-1,-1,-1,-1,4,E01000464,0,1
2025010583139,2025,010583139,1,1,9,99,99,9,9,99,99,1,9,99,9,99,9,1,6,6,1,30,6,-1,-1,-1,-1,2,E01001579,0,1
2025010583143,2025,010583143,2,9,0,-1,-1,1,5,0,0,0,0,0,0,0,1,1,6,6,2,40,7,-1,-1,-1,-1,3,E01001446,0,2
2025010583143,2025,010583143,3,9,0,-1,-1,1,5,0,0,0,0,0,0,0,1,1,6,6,1,43,7,-1,-1,-1,-1,3,E01001504,0,1
2025010583143,2025,010583143,1,19,0,-1,-1,1,5,0,0,0,0,0,0,0,2,1,1,1,1,29,6,-1,-1,-1,-1,2,E01001460,0,1
2025010583145,2025,010583145,1,4,0,-1,-1,3,7,0,0,2,0,0,0,0,1,1,-1,-1,1,27,6,-1,-1,-1,-1,4,E01001050,0,1
2025010583145,2025,010583145,2,9,0,9,9,7,5,0,0,1,0,0,0,0,1,1,-1,-1,2,50,8,-1,-1,-1,-1,9,E01004079,0,1
2025010583148,2025,010583148,1,19,0,7,7,5,8,0,0,3,0,0,0,0,4,1,1,1,1,42,7,-1,-1,-1,-1,10,E01004154,0,1
2025010583148,2025,010583148,2,9,0,-1,-1,6,2,0,0,3,0,0,0,0,3,1,-1,-1,2,36,7,-1,-1,-1,-1,6,E01035493,0,2
2025010583153,2025,010583153,2,1,9,99,99,9,9,99,99,9,9,99,9,99,9,1,6,6,3,-1,-1,-1,-1,-1,-1,-1,-1,0,-1
2025010583153,2025,010583153,1,9,0,99,99,9,9,99,99,9,9,99,9,99,9,9,6,6,1,47,8,-1,-1,-1,-1,2,E01033875,0,1
2025010583156,2025,010583156,1,3,0,99,99,9,9,99,99,1,9,99,9,99,9,1,2,2,1,28,6,-1,-1,-1,-1,5,E01030677,0,4
2025010583156,2025,010583156,2,9,0,99,99,9,9,99,99,6,9,99,9,99,9,9,6,6,3,-1,-1,-1,-1,-1,-1,-1,-1,0,-1
2025010583158,2025,010583158,2,9,0,99,99,9,9,99,99,8,9,99,9,99,0,9,6,6,3,-1,-1,-1,-1,-1,-1,-1,-1,0,-1
2025010583158,2025,010583158,1,1,9,99,99,9,9,99,99,4,9,99,9,99,0,1,2,2,1,42,7,-1,-1,-1,-1,9,E01003362,0,1
2025010583160,2025,010583160,1,1,0,-1,-1,1,5,0,0,9,0,99,0,0,9,1,6,6,1,-1,-1,-1,-1,-1,-1,-1,-1,0,-1
2025010583162,2025,010583162,1,19,0,-1,-1,1,5,9,9,0,0,0,1,0,4,1,1,1,1,75,10,-1,-1,-1,-1,6,E01003770,0,2
2025010583163,2025,010583163,1,9,0,9,9,7,4,0,0,6,0,0,0,0,1,1,6,6,1,64,9,-1,-1,-1,-1,9,E01003795,0,3
2025010583166,2025,010583166,2,9,0,99,99,9,9,99,99,6,9,99,9,99,1,9,6,6,1,27,6,-1,-1,-1,-1,-1,-1,0,-1
2025010583166,2025,010583166,1,1,9,99,99,9,9,99,99,5,9,99,9,99,9,1,6,6,3,28,6,-1,-1,-1,-1,2,E01001056,0,3
2025010583169,2025,010583169,2,19,0,99,99,9,9,99,99,5,9,99,9,99,9,9,6,6,3,-1,-1,-1,-1,-1,-1,-1,-1,0,-1
2025010583169,2025,010583169,1,1,9,99,99,9,9,4,4,1,9,99,9,99,9,1,6,6,1,24,5,-1,-1,-1,-1,3,E01002712,0,1
2025010583171,2025,010583171,2,9,0,-1,-1,3,7,0,0,0,1,0,0,0,3,1,6,6,2,28,6,-1,-1,-1,-1,8,E01003673,0,2
2025010583171,2025,010583171,1,21,5,11,11,3,7,0,0,0,0,0,0,0,4,1,1,1,1,58,9,-1,-1,-1,-1,9,E01021479,0,4
2025010583173,2025,010583173,2,19,0,-1,-1,3,7,0,0,9,0,99,0,0,9,9,6,6,3,-1,-1,-1,-1,-1,-1,-1,-1,0,-1
2025010583173,2025,010583173,1,9,0,-1,-1,1,5,0,0,9,0,99,0,0,9,9,6,6,2,45,7,-1,-1,-1,-1,2,E01000060,0,3
2025010583174,2025,010583174,1,9,0,7,7,8,1,5,5,1,0,0,0,0,3,1,6,6,2,37,7,-1,-1,-1,-1,6,E01003737,0,3
2025010583174,2025,010583174,2,1,0,-1,-1,8,4,5,5,1,0,0,0,0,1,1,6,6,1,55,8,-1,-1,-1,-1,9,E01000424,0,3
2025010583180,2025,010583180,2,9,0,99,99,9,9,99,99,9,9,99,9,99,1,9,6,6,2,28,6,-1,-1,-1,-1,6,E01002124,0,1
2025010583180,2025,010583180,1,5,0,99,99,9,9,99,99,9,9,99,9,99,1,1,6,6,1,35,6,-1,-1,-1,-1,5,E01033171,0,5
2025010583181,2025,010583181,1,9,0,99,99,9,9,99,99,9,9,99,9,99,1,9,6,6,3,-1,-1,-1,-1,-1,-1,-1,-1,0,-1
2025010583181,2025,010583181,2,1,9,99,99,9,9,99,99,9,9,99,9,99,9,1,6,6,3,-1,-1,-1,-1,-1,-1,-1,-1,0,-1
2025010583186,2025,010583186,1,9,0,99,99,9,9,99,99,2,9,99,9,99,2,9,6,6,1,61,9,-1,-1,-1,-1,6,E01000850,0,1
2025010583186,2025,010583186,2,8,0,99,99,9,9,99,99,1,9,99,9,99,2,9,6,6,3,-1,-1,-1,-1,-1,-1,-1,-1,0,-1
2025010583190,2025,010583190,1,8,9,99,99,9,9,99,99,9,9,99,9,99,9,9,6,6,3,-1,-1,-1,-1,-1,-1,-1,-1,0,-1
2025010583194,2025,010583194,1,3,0,-1,-1,1,5,0,0,1,0,0,0,0,1,1,1,1,1,35,6,-1,-1,-1,-1,6,E01002111,0,2
2025010583195,2025,010583195,1,8,0,-1,-1,5,1,0,0,2,0,0,0,0,4,1,6,6,3,46,8,-1,-1,-1,-1,3,E01001637,0,1
2025010583200,2025,010583200,1,1,9,99,99,9,9,99,99,4,9,99,9,99,9,1,2,2,1,48,8,-1,-1,-1,-1,3,E01001941,0,1
2025010583200,2025,010583200,2,9,0,99,99,9,9,99,99,4,9,99,9,99,1,9,6,6,3,-1,-1,-1,-1,-1,-1,-1,-1,0,-1
2025010583202,2025,010583202,1,9,0,-1,-1,3,7,9,9,0,0,0,0,0,1,1,2,2,2,36,7,-1,-1,-1,-1,7,E01004159,0,1
2025010583209,2025,010583209,1,9,0,-1,-1,6,2,0,0,0,0,0,0,0,1,1,-1,-1,1,57,9,-1,-1,-1,-1,5,E01000194,0,2
2025010583213,2025,010583213,1,3,0,-1,-1,1,5,0,0,1,0,0,1,0,1,1,-1,-1,1,29,6,-1,-1,-1,-1,7,E01001075,0,2
2025010583213,2025,010583213,2,9,0,9,9,3,1,0,0,8,0,0,0,0,4,1,6,6,2,23,5,-1,-1,-1,-1,6,E01001184,0,1
2025010583214,2025,010583214,2,9,0,9,9,5,3,0,0,1,0,0,1,0,4,1,-1,-1,2,39,7,-1,-1,-1,-1,3,E01034392,0,1
2025010583214,2025,010583214,1,1,0,-1,-1,1,5,0,0,1,0,0,7,0,1,1,1,1,1,18,4,-1,-1,-1,-1,5,E01003195,0,1
2025010583215,2025,010583215,2,9,0,99,99,9,9,99,99,9,9,99,9,99,1,9,6,6,3,-1,-1,-1,-1,-1,-1,-1,-1,0,-1
2025010583215,2025,010583215,1,9,0,99,99,9,9,99,99,9,9,99,9,99,2,9,6,6,1,31,6,-1,-1,-1,-1,2,E01034475,0,1
2025010583216,2025,010583216,1,9,9,99,99,9,9,99,99,9,9,99,9,99,9,9,6,6,3,-1,-1,-1,-1,-1,-1,2,E01003049,0,1
2025010583219,2025,010583219,1,1,0,7,7,3,6,0,0,1,0,0,0,0,2,1,2,2,2,41,7,-1,-1,-1,-1,6,E01002628,0,1
2025010583219,2025,010583219,2,9,0,7,7,3,6,0,0,1,0,0,0,0,1,1,2,2,2,43,7,-1,-1,-1,-1,5,E01002632,0,1
2025010583229,2025,010583229,1,9,0,-1,-1,7,3,0,0,1,0,0,0,0,3,1,6,6,2,17,4,-1,-1,-1,-1,2,E01001660,0,1
2025010583229,2025,010583229,2,1,0,9,9,5,3,0,0,6,0,0,0,0,1,1,6,6,1,18,4,-1,-1,-1,-1,2,E01000739,0,2
2025010583230,2025,010583230,2,1,0,-1,-1,8,4,0,0,0,0,0,0,0,2,1,6,6,1,39,7,-1,-1,-1,-1,6,E01003233,0,2
2025010583230,2025,010583230,1,8,0,7,7,1,3,0,0,0,0,0,0,0,0,1,1,1,1,55,8,-1,-1,-1,-1,5,E01035646,0,1
2025010583231,2025,010583231,2,9,0,9,9,7,5,0,0,5,0,0,0,0,1,2,-1,-1,2,52,8,-1,-1,-1,-1,9,E01003875,0,1
2025010583231,2025,010583231,1,4,0,15,15,3,7,4,4,1,0,0,0,0,1,1,2,2,1,43,7,-1,-1,-1,-1,6,E01002656,0,2
2025010583232,2025,010583232,1,5,0,-1,-1,5,1,0,0,0,5,0,0,0,1,1,6,6,3,-1,-1,-1,-1,-1,-1,-1,-1,0,-1
2025010583235,2025,010583235,1,5,0,-1,-1,7,3,0,0,0,0,0,0,0,3,1,-1,-1,1,30,6,-1,-1,-1,-1,4,E01003608,0,1
2025010583235,2025,010583235,2,9,0,11,11,7,3,0,0,0,0,0,0,0,4,1,6,6,3,-1,-1,-1,-1,-1,-1,-1,-1,0,-1
2025010583236,2025,010583236,1,9,0,5,5,5,1,0,0,1,0,0,0,0,1,1,-1,-1,1,59,9,-1,-1,-1,-1,3,E01002909,0,1
2025010583237,2025,010583237,2,9,0,99,99,9,9,99,99,9,9,99,9,99,0,9,6,6,1,22,5,-1,-1,-1,-1,2,E01003236,0,1
2025010583237,2025,010583237,1,1,9,99,99,9,9,99,99,9,9,99,9,99,0,1,2,2,2,21,5,-1,-1,-1,-1,2,E01003243,0,1
2025010583238,2025,010583238,1,9,0,99,99,9,9,99,99,9,9,99,9,99,9,9,6,6,1,58,9,-1,-1,-1,-1,3,E01002217,0,1
2025010583238,2025,010583238,2,9,0,99,99,9,9,99,99,9,9,99,9,99,1,9,6,6,3,-1,-1,-1,-1,-1,-1,6,E01002170,0,1
2025010583242,2025,010583242,1,1,9,5,5,5,1,99,99,1,9,99,9,99,9,1,1,1,2,21,5,-1,-1,-1,-1,3,E01004267,0,2
2025010583242,2025,010583242,2,8,9,99,99,9,9,99,99,1,9,99,9,99,9,9,6,6,3,-1,-1,-1,-1,-1,-1,-1,-1,0,-1
2025010583243,2025,010583243,1,8,0,99,99,9,9,99,99,9,9,99,9,99,2,9,6,6,3,-1,-1,-1,-1,-1,-1,5,E01000194,0,1
2025010583244,2025,010583244,1,23,0,-1,-1,1,5,0,0,1,0,0,0,0,1,1,6,6,1,15,3,-1,-1,-1,-1,2,E01003087,0,1
2025010583246,2025,010583246,1,9,0,1,1,1,5,9,9,2,0,4,7,0,4,1,-1,-1,2,40,7,-1,-1,-1,-1,6,E01004330,0,1
2025010583246,2025,010583246,2,9,0,2,2,0,0,0,0,2,0,8,0,0,2,1,6,6,-1,-1,-1,-1,-1,-1,-1,-1,-1,0,-1
2025010583249,2025,010583249,2,9,0,-1,-1,7,3,0,0,0,0,0,0,0,1,1,1,1,1,34,6,-1,-1,-1,-1,-1,-1,0,-1