collision_index,collision_year,collision_ref_no,vehicle_reference,vehicle_type,towing_and_articulation,vehicle_manoeuvre_historic,vehicle_manoeuvre,vehicle_direction_from,vehicle_direction_to,vehicle_location_restricted_lane_historic,vehicle_location_restricted_lane,junction_location,skidding_and_overturning,hit_object_in_carriageway,vehicle_leaving_carriageway,hit_object_off_carriageway,first_point_of_impact,vehicle_left_hand_drive,journey_purpose_of_driver_historic,journey_purpose_of_driver,sex_of_driver,age_of_driver,age_band_of_driver,engine_capacity_cc,propulsion_code,age_of_vehicle,generic_make_model,driver_imd_decile,lsoa_of_driver,escooter_flag,driver_distance_banding
2025010583899,2025,010583899,3,9,0,-1,-1,2,6,0,0,0,0,0,0,0,1,1,6,6,3,-1,-1,-1,-1,-1,-1,-1,-1,0,-1
2025010583899,2025,010583899,2,9,0,3,3,2,6,0,0,0,0,0,0,0,2,9,6,6,3,-1,-1,-1,-1,-1,-1,-1,-1,0,-1
2025010583911,2025,010583911,1,8,0,99,99,9,9,99,99,9,9,99,9,99,2,9,1,1,1,55,8,-1,-1,-1,-1,7,E01021765,0,1
2025010583911,2025,010583911,2,9,9,99,99,9,9,99,99,9,9,99,9,99,9,9,6,6,1,21,5,-1,-1,-1,-1,3,E01023310,0,3
2025010583914,2025,010583914,2,8,9,1,1,1,5,99,99,9,9,99,9,99,9,9,-1,-1,3,-1,-1,-1,-1,-1,-1,-1,-1,0,-1
2025010583914,2025,010583914,1,9,9,99,99,9,9,99,99,9,9,99,9,99,9,9,6,6,1,46,8,-1,-1,-1,-1,2,E01000905,0,1
2025010583932,2025,010583932,1,9,0,99,99,9,9,0,0,0,0,0,0,0,1,1,6,6,2,-1,-1,-1,-1,-1,-1,-1,-1,0,-1
2025010583942,2025,010583942,1,5,0,99,99,9,9,99,99,9,9,99,9,99,9,1,2,2,1,43,7,-1,-1,-1,-1,9,E01002992,0,2
2025010583942,2025,010583942,2,9,0,99,99,9,9,99,99,9,9,99,9,99,9,9,6,6,3,-1,-1,-1,-1,-1,-1,-1,-1,0,-1
2025010583942,2025,010583942,3,8,0,99,99,9,9,99,99,9,9,99,9,99,9,9,6,6,3,-1,-1,-1,-1,-1,-1,-1,-1,0,-1
2025010583959,2025,010583959,2,9,0,99,99,9,9,99,99,9,9,99,9,99,1,9,6,6,3,-1,-1,-1,-1,-1,-1,-1,-1,0,-1
2025010583959,2025,010583959,1,9,0,99,99,9,9,99,99,9,9,99,9,99,2,9,6,6,1,26,6,-1,-1,-1,-1,2,E01001361,0,1
2025010583977,2025,010583977,1,97,0,99,99,9,9,99,99,9,9,99,9,99,1,9,6,6,1,-1,-1,-1,-1,-1,-1,-1,-1,0,-1
2025010583987,2025,010583987,2,9,0,99,99,9,9,99,99,9,9,99,9,99,9,9,6,6,3,-1,-1,-1,-1,-1,-1,-1,-1,0,-1
2025010583987,2025,010583987,1,1,9,99,99,9,9,99,99,9,9,99,9,99,9,1,6,6,1,43,7,-1,-1,-1,-1,4,E01003733,0,1
2025010583997,2025,010583997,1,-1,0,-1,-1,1,5,99,99,1,9,99,9,99,9,1,6,6,2,-1,-1,-1,-1,-1,-1,-1,-1,0,-1
2025010583999,2025,010583999,2,98,0,99,99,9,9,99,99,9,9,99,9,99,9,9,6,6,1,39,7,-1,-1,-1,-1,2,E01004570,0,1
2025010583999,2025,010583999,1,1,9,99,99,9,9,99,99,9,9,99,9,99,1,1,2,2,1,25,5,-1,-1,-1,-1,3,E01003056,0,2
2025010584009,2025,010584009,1,1,0,-1,-1,7,3,0,0,8,5,99,0,0,4,1,2,2,1,44,7,-1,-1,-1,-1,2,E01033875,0,1
2025010584010,2025,010584010,2,3,0,13,13,8,4,0,0,8,0,0,0,0,1,1,6,6,3,-1,-1,-1,-1,-1,-1,-1,-1,0,-1
2025010584010,2025,010584010,1,1,0,-1,-1,8,4,0,0,8,5,0,0,0,1,1,-1,-1,1,29,6,-1,-1,-1,-1,5,E01003913,0,2
2025010584019,2025,010584019,2,97,0,99,99,9,9,99,99,4,9,99,9,99,1,9,6,6,3,-1,-1,-1,-1,-1,-1,-1,-1,0,-1
2025010584019,2025,010584019,1,1,9,99,99,9,9,99,99,4,9,99,9,99,2,1,6,6,1,30,6,-1,-1,-1,-1,9,E01003877,0,3
2025010584031,2025,010584031,1,1,9,99,99,9,9,99,99,1,9,99,9,99,1,1,6,6,1,28,6,-1,-1,-1,-1,8,E01001924,0,1
2025010584031,2025,010584031,2,9,0,99,99,9,9,99,99,5,9,99,9,99,9,9,6,6,3,-1,-1,-1,-1,-1,-1,-1,-1,0,-1
2025010584040,2025,010584040,1,1,9,99,99,9,9,99,99,9,0,99,9,99,9,1,6,6,3,-1,-1,-1,-1,-1,-1,-1,-1,0,-1
2025010584044,2025,010584044,1,9,0,99,99,9,9,99,99,9,9,99,9,99,1,9,6,6,3,-1,-1,-1,-1,-1,-1,-1,-1,0,-1
2025010584102,2025,010584102,2,9,0,99,99,9,9,99,99,9,9,99,9,99,9,9,6,6,3,35,6,-1,-1,-1,-1,2,E01000101,0,1
2025010584102,2025,010584102,1,3,0,99,99,9,9,99,99,9,9,99,9,99,1,1,6,6,1,31,6,-1,-1,-1,-1,3,E01000089,0,1
2025010584133,2025,010584133,1,9,0,11,11,5,1,0,0,6,0,0,0,0,1,9,6,6,3,-1,-1,-1,-1,-1,-1,-1,-1,0,-1
2025010584134,2025,010584134,1,9,9,99,99,9,9,99,99,9,9,99,9,99,9,9,6,6,2,19,4,-1,-1,-1,-1,9,E01002450,0,1
2025010584134,2025,010584134,2,9,9,99,99,9,9,99,99,9,9,99,9,99,9,9,6,6,2,29,6,-1,-1,-1,-1,9,E01017912,0,4
2025010584164,2025,010584164,1,1,9,99,99,9,9,99,99,0,9,99,9,99,9,1,6,6,1,33,6,-1,-1,-1,-1,5,E01004624,0,1
2025010584164,2025,010584164,2,20,0,99,99,9,9,99,99,0,9,99,9,99,9,9,6,6,1,26,6,-1,-1,-1,-1,4,E01029373,0,5
2025010584177,2025,010584177,1,9,0,99,99,9,9,99,99,1,9,99,9,99,1,9,6,6,3,-1,-1,-1,-1,-1,-1,-1,-1,0,-1
2025010584192,2025,010584192,1,1,9,99,99,9,9,99,99,8,9,99,9,99,9,1,1,1,1,24,5,-1,-1,-1,-1,8,E01004552,0,1
2025010584192,2025,010584192,2,9,9,99,99,9,9,99,99,8,9,99,9,99,9,9,6,6,3,-1,-1,-1,-1,-1,-1,-1,-1,0,-1
2025010584195,2025,010584195,1,-1,9,99,99,9,9,99,99,9,9,99,9,99,9,1,6,6,3,-1,-1,-1,-1,-1,-1,-1,-1,0,-1
2025010584209,2025,010584209,1,9,9,99,99,9,9,99,99,0,9,99,9,99,9,9,6,6,1,-1,-1,-1,-1,-1,-1,1,E01001846,0,2
2025010584209,2025,010584209,2,9,9,99,99,9,9,99,99,0,9,99,9,99,9,9,6,6,3,-1,-1,-1,-1,-1,-1,-1,-1,0,-1
2025010584215,2025,010584215,2,9,0,99,99,9,9,99,99,5,9,99,9,99,1,9,6,6,3,-1,-1,-1,-1,-1,-1,-1,-1,0,-1
2025010584215,2025,010584215,1,1,9,99,99,9,9,99,99,1,9,99,9,99,1,1,6,6,1,27,6,-1,-1,-1,-1,3,E01003915,0,2
2025010584220,2025,010584220,1,11,2,99,99,9,9,99,99,0,9,99,9,99,9,9,6,6,3,42,7,-1,-1,-1,-1,6,E01004488,0,1
2025010584230,2025,010584230,2,9,0,10,10,1,6,0,0,1,0,0,0,0,4,1,6,6,2,55,8,-1,-1,-1,-1,2,E01000902,0,1
2025010584230,2025,010584230,1,9,0,3,3,1,5,0,0,1,0,0,0,0,1,1,6,6,1,31,6,-1,-1,-1,-1,2,E01015754,0,4
2025010584230,2025,010584230,3,5,0,3,3,1,5,0,0,1,0,0,0,0,2,1,6,6,1,24,5,-1,-1,-1,-1,2,E01002800,0,1
2025010584246,2025,010584246,1,9,0,99,99,9,9,99,99,4,9,99,9,99,2,9,6,6,2,42,7,-1,-1,-1,-1,5,E01000728,0,1
2025010584246,2025,010584246,2,9,0,99,99,9,9,99,99,4,9,99,9,99,1,9,6,6,3,-1,-1,-1,-1,-1,-1,3,E01000735,0,1
2025010584248,2025,010584248,1,97,0,-1,-1,5,1,0,0,0,0,0,0,0,2,1,6,6,1,20,4,-1,-1,-1,-1,4,E01000114,0,1
2025010584248,2025,010584248,2,9,0,-1,-1,5,1,0,0,0,0,0,0,0,1,1,6,6,3,29,6,-1,-1,-1,-1,2,E01002368,0,1
2025010584264,2025,010584264,2,19,0,99,99,9,9,99,99,1,9,99,9,99,1,9,6,6,3,-1,-1,-1,-1,-1,-1,4,E01033415,0,4
2025010584264,2025,010584264,1,9,0,99,99,9,9,99,99,6,9,99,9,99,1,9,2,2,2,23,5,-1,-1,-1,-1,4,E01001148,0,2
2025010584304,2025,010584304,1,1,0,99,99,9,9,99,99,9,9,99,9,99,9,1,6,6,3,-1,-1,-1,-1,-1,-1,-1,-1,0,-1
2025010584343,2025,010584343,2,-1,9,99,99,9,9,99,99,9,9,99,9,99,9,9,6,6,1,16,4,-1,-1,-1,-1,3,E01004567,0,1
2025010584343,2025,010584343,1,9,0,99,99,9,9,99,99,9,9,99,9,99,1,9,6,6,3,-1,-1,-1,-1,-1,-1,-1,-1,0,-1
2025010584360,2025,010584360,1,9,9,99,99,9,9,99,99,8,9,99,9,99,9,9,6,6,1,53,8,-1,-1,-1,-1,3,E01002404,0,1
2025010584374,2025,010584374,2,1,9,99,99,9,9,99,99,9,9,99,9,99,1,1,6,6,3,-1,-1,-1,-1,-1,-1,8,E01000389,0,3
2025010584374,2025,010584374,1,1,9,99,99,9,9,99,99,9,9,99,9,99,9,1,6,6,2,49,8,-1,-1,-1,-1,5,E01001607,0,3
2025010584398,2025,010584398,1,8,0,99,99,9,9,99,99,2,9,99,9,99,2,9,1,1,1,53,8,-1,-1,-1,-1,5,E01003913,0,2
2025010584398,2025,010584398,2,9,0,99,99,9,9,99,99,6,9,99,9,99,1,9,6,6,3,-1,-1,-1,-1,-1,-1,-1,-1,0,-1
2025010584423,2025,010584423,1,97,0,4,4,1,5,99,99,9,0,99,0,0,9,1,6,6,1,22,5,-1,-1,-1,-1,7,E01001585,0,1
2025010584423,2025,010584423,2,9,0,-1,-1,1,5,99,99,9,0,99,0,0,9,9,6,6,2,21,5,-1,-1,-1,-1,2,E01001654,0,1
2025010584426,2025,010584426,1,11,0,-1,-1,5,1,0,0,0,0,0,0,0,9,1,1,1,3,-1,-1,-1,-1,-1,-1,-1,-1,0,-1
2025010584436,2025,010584436,1,1,0,-1,-1,5,1,99,99,9,0,99,0,0,9,9,6,6,1,27,6,-1,-1,-1,-1,2,E01033327,0,1
2025010584436,2025,010584436,2,9,0,-1,-1,5,1,99,99,9,0,99,0,0,9,9,6,6,3,-1,-1,-1,-1,-1,-1,3,E01003352,0,2
2025010584459,2025,010584459,1,3,0,99,99,9,9,99,99,0,9,99,9,99,1,1,6,6,1,25,5,-1,-1,-1,-1,3,E01002408,0,3
2025010584459,2025,010584459,2,9,0,99,99,9,9,99,99,0,9,99,9,99,9,9,6,6,3,-1,-1,-1,-1,-1,-1,-1,-1,0,-1
2025010584530,2025,010584530,1,9,9,99,99,9,9,99,99,1,9,99,9,99,9,9,6,6,3,-1,-1,-1,-1,-1,-1,-1,-1,0,-1
2025010584590,2025,010584590,2,1,0,-1,-1,5,1,4,4,8,0,99,0,0,3,1,2,2,1,26,6,-1,-1,-1,-1,6,E01002656,0,1
2025010584590,2025,010584590,1,9,0,9,9,1,6,4,4,5,0,99,1,99,1,1,1,1,1,39,7,-1,-1,-1,-1,2,E01001958,0,2
2025010584591,2025,010584591,1,1,9,99,99,9,9,99,99,9,9,99,9,99,1,1,2,2,1,30,6,-1,-1,-1,-1,7,E01004499,0,1
2025010584591,2025,010584591,2,9,0,99,99,9,9,99,99,9,9,99,9,99,4,9,6,6,3,-1,-1,-1,-1,-1,-1,-1,-1,0,-1
2025010584615,2025,010584615,1,3,0,99,99,9,9,99,99,9,9,99,9,99,2,1,1,1,1,24,5,-1,-1,-1,-1,2,E01003535,0,1
2025010584615,2025,010584615,2,9,0,99,99,9,9,99,99,9,9,99,9,99,1,9,6,6,3,33,6,-1,-1,-1,-1,3,E01015924,0,3
2025010584630,2025,010584630,1,3,0,99,99,9,9,99,99,1,9,99,9,99,9,1,6,6,1,35,6,-1,-1,-1,-1,8,E01002164,0,1
2025010584630,2025,010584630,2,9,0,99,99,9,9,99,99,1,9,99,9,99,1,9,6,6,3,-1,-1,-1,-1,-1,-1,-1,-1,0,-1
2025010584638,2025,010584638,1,3,0,-1,-1,9,9,99,99,0,9,99,9,99,9,1,2,2,1,23,5,-1,-1,-1,-1,2,E01002737,0,1
2025010584638,2025,010584638,2,9,0,11,11,9,9,99,99,0,9,99,9,99,9,9,6,6,3,-1,-1,-1,-1,-1,-1,-1,-1,0,-1
2025010584640,2025,010584640,1,1,9,99,99,9,9,4,4,0,9,99,9,99,9,1,2,2,1,54,8,-1,-1,-1,-1,10,E01002934,0,3
2025010584640,2025,010584640,2,10,0,6,6,9,9,99,99,0,9,99,9,99,0,9,6,6,3,-1,-1,-1,-1,-1,-1,-1,-1,0,-1
2025010584663,2025,010584663,1,8,0,3,3,9,9,99,99,0,9,99,9,99,2,9,1,1,1,32,6,-1,-1,-1,-1,4,E01016822,0,4
2025010584663,2025,010584663,2,9,0,-1,-1,9,9,99,99,0,9,99,9,99,1,9,6,6,3,-1,-1,-1,-1,-1,-1,-1,-1,0,-1
2025010584797,2025,010584797,1,9,9,99,99,9,9,99,99,4,9,99,9,99,2,1,6,6,3,-1,-1,-1,-1,-1,-1,-1,-1,0,-1
2025010584797,2025,010584797,2,1,0,-1,-1,1,5,99,99,4,9,0,0,0,2,1,6,6,1,28,6,-1,-1,-1,-1,10,E01026907,0,5
2025010584891,2025,010584891,2,1,9,-1,-1,1,5,0,0,8,9,0,0,0,1,1,6,6,1,30,6,-1,-1,-1,-1,4,E01004411,0,1
2025010584891,2025,010584891,1,9,0,99,99,9,9,99,99,5,9,99,9,99,4,9,6,6,3,37,7,-1,-1,-1,-1,6,E01021472,0,4
2025010584917,2025,010584917,2,1,9,99,99,9,9,99,99,0,9,99,9,99,1,1,6,6,3,-1,-1,-1,-1,-1,-1,-1,-1,0,-1
2025010584917,2025,010584917,1,1,9,99,99,9,9,99,99,0,9,99,9,99,1,1,1,1,2,44,7,-1,-1,-1,-1,2,E01004524,0,1
2025010585069,2025,010585069,1,9,0,99,99,9,9,99,99,9,9,99,9,99,9,9,6,6,2,42,7,-1,-1,-1,-1,3,E01004675,0,1
2025010585069,2025,010585069,2,19,9,99,99,9,9,99,99,9,9,99,9,99,0,9,6,6,3,-1,-1,-1,-1,-1,-1,4,E01024167,0,4
2025010585127,2025,010585127,2,1,0,99,99,9,9,99,99,9,9,99,9,99,9,1,6,6,3,-1,-1,-1,-1,-1,-1,-1,-1,0,-1
2025010585127,2025,010585127,1,1,9,99,99,9,9,99,99,9,9,99,9,99,9,1,2,2,1,26,6,-1,-1,-1,-1,5,E01004221,0,1
2025010585193,2025,010585193,2,9,9,99,99,9,9,99,99,9,9,99,9,99,9,9,6,6,3,-1,-1,-1,-1,-1,-1,-1,-1,0,-1
2025010585193,2025,010585193,1,3,9,99,99,9,9,99,99,9,9,99,9,99,9,1,1,1,1,51,8,-1,-1,-1,-1,3,E01032574,0,1
2025010585206,2025,010585206,1,1,9,99,99,9,9,99,99,1,2,99,9,99,9,1,6,6,2,-1,-1,-1,-1,-1,-1,-1,-1,0,-1
2025010585209,2025,010585209,1,1,9,99,99,9,9,99,99,1,9,99,9,99,9,1,2,2,1,36,7,-1,-1,-1,-1,4,E01002643,0,1
2025010585209,2025,010585209,2,9,0,99,99,9,9,99,99,1,9,99,9,99,1,9,6,6,3,-1,-1,-1,-1,-1,-1,-1,-1,0,-1
2025010585238,2025,010585238,2,9,0,99,99,9,9,99,99,9,9,99,9,99,1,9,6,6,3,75,10,-1,-1,-1,-1,7,E01001269,0,1
2025010585238,2025,010585238,1,9,0,99,99,9,9,99,99,9,9,99,9,99,2,9,2,2,2,23,5,-1,-1,-1,-1,8,E01002132,0,1
2025010585298,2025,010585298,1,11,0,7,7,1,3,2,2,5,0,0,1,0,2,1,6,6,3,-1,-1,-1,-1,-1,-1,-1,-1,0,-1
2025010585298,2025,010585298,2,1,0,-1,-1,1,5,4,4,1,0,0,0,0,2,1,6,6,1,-1,-1,-1,-1,-1,-1,2,E01003912,0,1
2025010585321,2025,010585321,2,9,0,99,99,9,9,99,99,0,9,99,9,99,1,9,6,6,3,-1,-1,-1,-1,-1,-1,3,E01002445,0,1
2025010585321,2025,010585321,1,9,0,99,99,9,9,99,99,0,9,99,9,99,2,9,2,2,1,34,6,-1,-1,-1,-1,4,E01034617,0,1
2025010585351,2025,010585351,1,3,0,99,99,9,9,0,0,8,0,0,0,0,3,1,1,1,1,32,6,-1,-1,-1,-1,8,E01000574,0,1
2025010585351,2025,010585351,2,9,0,99,99,9,9,0,0,8,0,0,0,0,1,9,1,1,3,-1,-1,-1,-1,-1,-1,-1,-1,0,-1
2025010585475,2025,010585475,1,3,0,13,13,9,9,99,99,1,9,99,9,99,1,1,2,2,1,30,6,-1,-1,-1,-1,4,E01004408,0,1
2025010585475,2025,010585475,2,1,9,12,12,9,9,99,99,1,9,99,9,99,1,1,6,6,3,-1,-1,-1,-1,-1,-1,-1,-1,0,-1
2025010585500,2025,010585500,1,9,0,99,99,9,9,99,99,0,9,99,9,99,1,9,6,6,3,-1,-1,-1,-1,-1,-1,-1,-1,0,-1
2025010585554,2025,010585554,1,9,0,2,2,0,0,99,99,1,9,99,9,99,2,9,6,6,2,31,6,-1,-1,-1,-1,8,E01001044,0,4
2025010585554,2025,010585554,2,9,0,1,1,9,9,99,99,1,9,99,9,99,2,9,6,6,3,35,6,-1,-1,-1,-1,-1,-1,0,-1
2025010585584,2025,010585584,2,98,9,99,99,9,9,99,99,0,9,99,9,99,2,9,6,6,3,-1,-1,-1,-1,-1,-1,-1,-1,0,-1
2025010585584,2025,010585584,1,9,0,99,99,9,9,99,99,0,9,99,9,99,2,9,2,2,2,27,6,-1,-1,-1,-1,3,E01003430,0,1
2025010585785,2025,010585785,1,9,0,99,99,9,9,99,99,0,9,99,9,99,2,9,6,6,1,23,5,-1,-1,-1,-1,4,E01003565,0,1
2025010585785,2025,010585785,2,9,0,99,99,9,9,99,99,0,9,99,9,99,1,9,6,6,3,-1,-1,-1,-1,-1,-1,-1,-1,0,-1
2025010585806,2025,010585806,2,9,0,99,99,9,9,99,99,6,9,99,9,99,9,9,6,6,1,27,6,-1,-1,-1,-1,5,E01001268,0,3
2025010585806,2025,010585806,1,1,9,99,99,9,9,99,99,1,9,99,9,99,9,1,6,6,1,26,6,-1,-1,-1,-1,2,E01000550,0,1
2025010585854,2025,010585854,1,9,9,99,99,9,9,99,99,1,9,99,9,99,9,9,6,6,3,-1,-1,-1,-1,-1,-1,-1,-1,0,-1
2025010585994,2025,010585994,2,9,0,99,99,9,9,99,99,0,9,99,9,99,9,9,6,6,3,-1,-1,-1,-1,-1,-1,-1,-1,0,-1
2025010585994,2025,010585994,1,1,9,99,99,9,9,99,99,0,9,99,9,99,9,1,1,1,1,41,7,-1,-1,-1,-1,4,E01003118,0,3
2025010586005,2025,010586005,1,1,9,99,99,9,9,99,99,0,0,99,9,99,9,1,6,6,3,-1,-1,-1,-1,-1,-1,-1,-1,0,-1
2025010586014,2025,010586014,1,9,0,99,99,9,9,99,99,1,9,99,9,99,0,9,6,6,2,-1,-1,-1,-1,-1,-1,2,E01001579,0,1
2025010586176,2025,010586176,1,9,0,-1,-1,1,5,0,0,1,0,0,0,0,2,1,6,6,1,70,10,-1,-1,-1,-1,2,E01001057,0,1
2025010586256,2025,010586256,1,5,0,14,14,9,9,99,99,1,9,99,9,99,9,1,2,2,1,63,9,-1,-1,-1,-1,10,E01030616,0,3
2025010586256,2025,010586256,2,9,0,9,9,9,9,99,99,5,9,99,9,99,9,9,6,6,3,-1,-1,-1,-1,-1,-1,-1,-1,0,-1
2025010586290,2025,010586290,1,5,0,-1,-1,8,4,0,0,8,5,0,0,0,1,1,6,6,1,28,6,-1,-1,-1,-1,3,E01004064,0,1
2025010586290,2025,010586290,2,1,0,-1,-1,2,6,0,0,8,0,0,0,0,3,1,6,6,1,33,6,-1,-1,-1,-1,3,E01003925,0,1
2025010586454,2025,010586454,2,9,0,99,99,9,9,99,99,0,9,99,9,99,9,9,6,6,3,-1,-1,-1,-1,-1,-1,-1,-1,0,-1
2025010586454,2025,010586454,1,9,0,99,99,9,9,99,99,0,9,99,9,99,2,9,6,6,2,42,7,-1,-1,-1,-1,3,E01003631,0,1
2025010586544,2025,010586544,1,9,0,6,6,1,1,0,0,1,0,0,0,0,1,1,1,1,1,45,7,-1,-1,-1,-1,2,E01016458,0,4
2025010586544,2025,010586544,2,1,0,-1,-1,1,5,0,0,1,0,0,0,0,1,1,6,6,1,17,4,-1,-1,-1,-1,-1,-1,0,-1
2025010586551,2025,010586551,1,1,9,99,99,9,9,99,99,9,9,99,9,99,9,1,6,6,2,37,7,-1,-1,-1,-1,5,E01002004,0,2
2025010586551,2025,010586551,2,9,0,99,99,9,9,99,99,9,9,99,9,99,9,1,6,6,3,-1,-1,-1,-1,-1,-1,6,E01000946,0,1
2025010586555,2025,010586555,1,19,0,99,99,9,9,99,99,9,9,99,9,99,9,9,2,2,1,36,7,-1,-1,-1,-1,3,E01004755,0,2
2025010586555,2025,010586555,2,9,0,99,99,9,9,99,99,9,9,99,9,99,1,9,2,2,3,-1,-1,-1,-1,-1,-1,-1,-1,0,-1
2025010586573,2025,010586573,2,4,0,99,99,9,9,99,99,9,9,99,9,99,9,1,2,2,3,-1,-1,-1,-1,-1,-1,-1,-1,0,-1
2025010586573,2025,010586573,1,1,9,99,99,9,9,99,99,9,9,99,9,99,1,1,2,2,1,34,6,-1,-1,-1,-1,2,E01001758,0,1
2025010586599,2025,010586599,2,3,0,-1,-1,8,4,0,0,2,0,4,0,0,1,1,2,2,1,19,4,-1,-1,-1,-1,3,E01004397,0,3
2025010586599,2025,010586599,1,9,0,2,2,0,0,0,0,2,0,0,0,0,2,1,6,6,-1,-1,-1,-1,-1,-1,-1,-1,-1,0,-1
2025010586607,2025,010586607,1,8,0,99,99,9,9,0,0,0,0,0,0,0,9,9,6,6,3,-1,-1,-1,-1,-1,-1,-1,-1,0,-1
2025010586653,2025,010586653,1,9,0,99,99,9,9,99,99,9,9,99,9,99,2,9,6,6,1,46,8,-1,-1,-1,-1,2,E01001324,0,1
2025010586779,2025,010586779,1,1,9,99,99,9,9,99,99,0,9,99,9,99,1,1,2,2,1,57,9,-1,-1,-1,-1,4,E01033082,0,2
2025010586779,2025,010586779,2,9,0,99,99,9,9,99,99,0,9,99,9,99,9,1,6,6,3,-1,-1,-1,-1,-1,-1,-1,-1,0,-1
2025010586810,2025,010586810,1,1,9,99,99,9,9,4,4,0,9,99,9,99,1,1,6,6,1,41,7,-1,-1,-1,-1,3,E01004409,0,1
2025010586992,2025,010586992,1,1,9,99,99,9,9,99,99,8,9,99,9,99,9,1,6,6,2,38,7,-1,-1,-1,-1,5,E01002456,0,1
2025010586992,2025,010586992,2,9,0,99,99,9,9,99,99,8,9,99,9,99,9,9,6,6,2,51,8,-1,-1,-1,-1,5,E01002454,0,1
2025010586995,2025,010586995,2,9,9,-1,-1,2,6,99,99,0,9,99,9,99,9,9,6,6,3,-1,-1,-1,-1,-1,-1,-1,-1,0,-1
2025010586995,2025,010586995,1,19,9,-1,-1,2,6,99,99,0,9,99,9,99,9,9,6,6,1,30,6,-1,-1,-1,-1,-1,-1,0,-1
2025010587131,2025,010587131,1,9,0,-1,-1,1,5,0,0,0,5,10,2,4,4,1,6,6,2,64,9,-1,-1,-1,-1,5,E01003715,0,1
2025010587131,2025,010587131,2,19,0,-1,-1,1,5,0,0,0,0,0,0,0,0,1,1,1,1,40,7,-1,-1,-1,-1,4,E01001499,0,3
2025010587304,2025,010587304,1,19,0,99,99,9,9,99,99,9,9,99,9,99,9,9,6,6,3,-1,-1,-1,-1,-1,-1,-1,-1,0,-1
2025010587304,2025,010587304,2,-1,9,99,99,9,9,99,99,9,9,99,9,99,9,9,6,6,1,-1,-1,-1,-1,-1,-1,3,E01001503,0,1
2025010587361,2025,010587361,1,8,0,99,99,9,9,99,99,9,9,99,9,99,1,9,6,6,3,-1,-1,-1,-1,-1,-1,-1,-1,0,-1
2025010587558,2025,010587558,2,1,9,99,99,9,9,99,99,9,9,99,9,99,1,1,6,6,3,-1,-1,-1,-1,-1,-1,-1,-1,0,-1
2025010587558,2025,010587558,1,1,9,99,99,9,9,99,99,9,9,99,9,99,1,1,6,6,2,56,9,-1,-1,-1,-1,6,E01003958,0,1
2025010587886,2025,010587886,1,11,0,-1,-1,5,1,2,2,1,0,0,0,0,0,1,1,1,1,-1,-1,-1,-1,-1,-1,-1,-1,0,-1
2025010587886,2025,010587886,2,9,0,-1,-1,5,1,0,0,1,0,0,0,0,4,1,6,6,2,31,6,-1,-1,-1,-1,2,E01003918,0,1
2025010587890,2025,010587890,1,3,0,99,99,9,9,99,99,9,9,99,9,99,9,1,1,1,1,42,7,-1,-1,-1,-1,3,E01001508,0,2
2025010587890,2025,010587890,2,9,0,99,99,9,9,99,99,9,9,99,9,99,9,9,6,6,3,-1,-1,-1,-1,-1,-1,-1,-1,0,-1
2025010587908,2025,010587908,1,9,0,99,99,9,9,99,99,9,9,99,9,99,9,9,6,6,1,48,8,-1,-1,-1,-1,3,E01004364,0,1
2025010587946,2025,010587946,1,9,9,4,4,1,5,0,0,8,9,99,9,99,9,1,6,6,1,-1,-1,-1,-1,-1,-1,5,E01003142,0,1
2025010587949,2025,010587949,2,19,0,99,99,9,9,99,99,6,9,99,9,99,1,9,6,6,3,-1,-1,-1,-1,-1,-1,4,E01023870,0,4
2025010587949,2025,010587949,1,1,9,99,99,9,9,99,99,1,9,99,9,99,9,1,2,2,1,55,8,-1,-1,-1,-1,4,E01030983,0,4
2025010588102,2025,010588102,2,9,9,-1,-1,2,6,0,0,3,0,0,0,0,1,9,6,6,3,-1,-1,-1,-1,-1,-1,-1,-1,0,-1
2025010588102,2025,010588102,1,9,0,3,3,6,2,0,0,4,0,0,0,0,1,1,6,6,2,59,9,-1,-1,-1,-1,-1,-1,0,-1
2025010588313,2025,010588313,2,9,0,99,99,9,9,99,99,9,9,99,9,99,9,9,6,6,3,-1,-1,-1,-1,-1,-1,-1,-1,0,-1
2025010588313,2025,010588313,1,8,0,99,99,9,9,99,99,9,9,99,9,99,9,9,1,1,1,34,6,-1,-1,-1,-1,3,E01002672,0,1
2025010588423,2025,010588423,1,1,9,-1,-1,1,5,4,4,1,9,99,9,99,9,1,6,6,2,47,8,-1,-1,-1,-1,5,E01007980,0,5
2025010588423,2025,010588423,2,9,9,-1,-1,5,1,0,0,6,0,99,9,99,9,9,6,6,3,-1,-1,-1,-1,-1,-1,-1,-1,0,-1
2025010588452,2025,010588452,2,9,0,9,9,9,9,99,99,5,9,99,9,99,1,9,6,6,1,33,6,-1,-1,-1,-1,4,E01001636,0,1