collision_index,collision_year,collision_ref_no,vehicle_reference,vehicle_type,towing_and_articulation,vehicle_manoeuvre_historic,vehicle_manoeuvre,vehicle_direction_from,vehicle_direction_to,vehicle_location_restricted_lane_historic,vehicle_location_restricted_lane,junction_location,skidding_and_overturning,hit_object_in_carriageway,vehicle_leaving_carriageway,hit_object_off_carriageway,first_point_of_impact,vehicle_left_hand_drive,journey_purpose_of_driver_historic,journey_purpose_of_driver,sex_of_driver,age_of_driver,age_band_of_driver,engine_capacity_cc,propulsion_code,age_of_vehicle,generic_make_model,driver_imd_decile,lsoa_of_driver,escooter_flag,driver_distance_banding
2025010588452,2025,010588452,1,1,9,-1,-1,9,9,99,99,1,9,99,9,99,9,1,2,2,2,42,7,-1,-1,-1,-1,7,E01000340,0,1
2025010588454,2025,010588454,2,19,9,99,99,9,9,99,99,0,0,99,0,0,9,9,6,6,1,-1,-1,-1,-1,-1,-1,-1,-1,0,-1
2025010588454,2025,010588454,1,1,9,10,10,8,6,0,0,0,0,99,9,99,9,1,6,6,1,67,10,-1,-1,-1,-1,4,E01002802,0,1
2025010588482,2025,010588482,2,8,0,11,11,9,9,99,99,1,9,99,9,99,1,9,6,6,3,-1,-1,-1,-1,-1,-1,-1,-1,0,-1
2025010588482,2025,010588482,1,1,9,5,5,9,9,4,4,1,9,99,9,99,2,1,2,2,1,52,8,-1,-1,-1,-1,9,E01030381,0,3
2025010588664,2025,010588664,1,1,9,99,99,9,9,99,99,9,9,99,9,99,2,1,6,6,2,33,6,-1,-1,-1,-1,3,E01004460,0,1
2025010588664,2025,010588664,2,19,0,99,99,9,9,99,99,9,9,99,9,99,9,9,6,6,3,-1,-1,-1,-1,-1,-1,-1,-1,0,-1
2025010588819,2025,010588819,1,9,0,-1,-1,1,5,0,0,1,0,0,0,0,0,1,6,6,3,-1,-1,-1,-1,-1,-1,-1,-1,0,-1
2025010589228,2025,010589228,1,9,9,99,99,9,9,99,99,9,9,99,9,99,9,9,6,6,3,-1,-1,-1,-1,-1,-1,-1,-1,0,-1
2025010589304,2025,010589304,1,9,9,99,99,9,9,99,99,9,9,99,9,99,9,9,6,6,3,-1,-1,-1,-1,-1,-1,-1,-1,0,-1
2025010589341,2025,010589341,1,11,0,-1,-1,5,1,99,99,9,9,0,0,0,4,1,6,6,3,-1,-1,-1,-1,-1,-1,-1,-1,0,-1
2025010589502,2025,010589502,1,9,9,99,99,9,9,99,99,1,9,99,9,99,9,9,6,6,3,-1,-1,-1,-1,-1,-1,-1,-1,0,-1
2025010589767,2025,010589767,2,9,9,99,99,9,9,99,99,9,9,99,9,99,9,9,6,6,3,-1,-1,-1,-1,-1,-1,-1,-1,0,-1
2025010589767,2025,010589767,1,9,0,99,99,9,9,99,99,9,9,99,9,99,2,9,6,6,1,27,6,-1,-1,-1,-1,4,E01000997,0,1
2025010590215,2025,010590215,1,1,9,99,99,9,9,99,99,2,9,99,9,99,2,1,2,2,1,54,8,-1,-1,-1,-1,7,E01003152,0,2
2025010590215,2025,010590215,2,1,9,99,99,9,9,99,99,2,9,99,9,99,1,1,6,6,1,-1,-1,-1,-1,-1,-1,-1,-1,0,-1
2025010590398,2025,010590398,1,9,0,99,99,9,9,99,99,9,9,99,9,99,9,9,6,6,3,34,6,-1,-1,-1,-1,3,E01001004,0,1
2025010590632,2025,010590632,1,9,0,99,99,9,9,99,99,8,9,99,0,0,9,9,6,6,1,36,7,-1,-1,-1,-1,8,E01003421,0,1
2025010590640,2025,010590640,2,9,0,99,99,9,9,99,99,1,9,99,9,99,2,9,6,6,3,-1,-1,-1,-1,-1,-1,-1,-1,0,-1
2025010590640,2025,010590640,1,1,9,99,99,9,9,99,99,1,9,99,9,99,2,1,6,6,1,30,6,-1,-1,-1,-1,-1,-1,0,-1
2025010590772,2025,010590772,2,1,9,99,99,9,9,99,99,1,9,99,9,99,9,1,6,6,3,30,6,-1,-1,-1,-1,3,E01001731,0,1
2025010590772,2025,010590772,1,9,9,99,99,9,9,99,99,6,9,99,9,99,9,9,6,6,3,-1,-1,-1,-1,-1,-1,-1,-1,0,-1
2025010590960,2025,010590960,1,9,0,-1,-1,5,1,0,0,0,0,0,0,0,9,9,6,6,2,80,11,-1,-1,-1,-1,4,E01001883,0,1
2025010590960,2025,010590960,2,1,0,-1,-1,7,3,0,0,0,0,0,0,0,2,1,-1,-1,2,75,10,-1,-1,-1,-1,5,E01004513,0,1
2025010591596,2025,010591596,1,9,0,99,99,9,9,99,99,9,9,99,9,99,9,9,6,6,3,-1,-1,-1,-1,-1,-1,-1,-1,0,-1
2025010591650,2025,010591650,1,1,9,99,99,9,9,99,99,9,9,99,9,99,9,1,6,6,1,36,7,-1,-1,-1,-1,3,E01003377,0,1
2025010591650,2025,010591650,2,9,0,99,99,9,9,99,99,9,9,99,9,99,1,9,6,6,3,49,8,-1,-1,-1,-1,5,E01031571,0,4
2025010591666,2025,010591666,1,9,0,-1,-1,4,8,0,0,1,0,0,0,0,1,1,6,6,1,19,4,-1,-1,-1,-1,2,E01000020,0,1
2025010591666,2025,010591666,2,9,0,1,1,1,3,9,9,6,0,0,0,0,2,1,6,6,2,34,6,-1,-1,-1,-1,3,E01000011,0,1
2025010591686,2025,010591686,1,3,0,99,99,9,9,99,99,9,9,99,9,99,9,1,6,6,1,22,5,-1,-1,-1,-1,8,E01000426,0,3
2025010591686,2025,010591686,2,9,0,99,99,9,9,99,99,9,9,99,9,99,9,9,6,6,2,36,7,-1,-1,-1,-1,3,E01001841,0,1
2025010591800,2025,010591800,1,8,0,99,99,9,9,0,0,8,0,0,0,0,4,9,1,1,1,57,9,-1,-1,-1,-1,3,E01000111,0,1
2025010591865,2025,010591865,2,9,0,1,1,9,9,99,99,2,9,99,9,99,2,9,6,6,2,57,9,-1,-1,-1,-1,8,E01021766,0,1
2025010591865,2025,010591865,1,9,0,99,99,9,9,99,99,1,9,99,9,99,1,9,6,6,1,44,7,-1,-1,-1,-1,6,E01003653,0,1
2025010592597,2025,010592597,1,9,0,-1,-1,3,7,0,0,1,1,0,1,1,0,1,6,6,1,24,5,-1,-1,-1,-1,3,E01000176,0,3
2025010592922,2025,010592922,1,4,0,99,99,9,9,99,99,0,9,99,9,99,1,1,6,6,1,26,6,-1,-1,-1,-1,4,E01001582,0,2
2025010592922,2025,010592922,2,9,0,99,99,9,9,99,99,0,9,99,9,99,9,9,6,6,3,-1,-1,-1,-1,-1,-1,-1,-1,0,-1
2025010593045,2025,010593045,1,5,0,99,99,9,9,99,99,9,9,99,9,99,1,1,6,6,1,60,9,-1,-1,-1,-1,7,E01024740,0,4
2025010594005,2025,010594005,1,11,9,-1,-1,1,5,99,99,9,9,99,9,99,9,1,6,6,1,-1,-1,-1,-1,-1,-1,-1,-1,0,-1
2025010594027,2025,010594027,2,9,0,5,5,9,9,99,99,0,9,99,9,99,0,9,6,6,3,-1,-1,-1,-1,-1,-1,6,E01003085,0,1
2025010594027,2025,010594027,1,1,9,-1,-1,9,9,99,99,0,9,99,9,99,0,1,6,6,2,67,10,-1,-1,-1,-1,6,E01003085,0,1
2025010594834,2025,010594834,1,9,0,99,99,9,9,99,99,8,9,99,9,99,2,9,6,6,1,53,8,-1,-1,-1,-1,-1,-1,0,-1
2025010594936,2025,010594936,1,9,0,4,4,5,1,0,0,1,0,0,0,0,1,2,6,6,3,-1,-1,-1,-1,-1,-1,-1,-1,0,-1
2025010594936,2025,010594936,2,1,0,-1,-1,5,1,0,0,1,0,0,0,0,3,1,2,2,1,53,8,-1,-1,-1,-1,2,E01001971,0,1
2025010597743,2025,010597743,1,1,9,99,99,9,9,99,99,9,9,99,9,99,1,1,6,6,3,-1,-1,-1,-1,-1,-1,-1,-1,0,-1
2025010598768,2025,010598768,1,4,0,99,99,9,9,0,0,1,0,0,0,0,2,1,6,6,1,38,7,-1,-1,-1,-1,4,E01002050,0,2
2025010598768,2025,010598768,2,20,0,99,99,9,9,0,0,1,0,0,0,0,1,9,6,6,3,-1,-1,-1,-1,-1,-1,-1,-1,0,-1
2025010599272,2025,010599272,2,9,0,-1,-1,1,5,0,0,0,0,0,0,0,1,1,-1,-1,1,43,7,-1,-1,-1,-1,-1,-1,0,-1
2025010599272,2025,010599272,1,19,0,1,1,1,5,0,0,0,0,0,0,0,2,1,6,6,1,44,7,-1,-1,-1,-1,7,E01003956,0,1
2025010599583,2025,010599583,1,99,9,99,99,9,9,99,99,9,9,99,9,99,9,1,6,6,3,-1,-1,-1,-1,-1,-1,-1,-1,0,-1
2025010599795,2025,010599795,1,1,9,99,99,9,9,99,99,9,9,99,9,99,9,1,6,6,1,44,7,-1,-1,-1,-1,5,E01000144,0,1
2025010599795,2025,010599795,2,9,9,99,99,9,9,99,99,9,9,99,9,99,9,9,6,6,2,-1,-1,-1,-1,-1,-1,-1,-1,0,-1
2025010599968,2025,010599968,2,9,9,-1,-1,7,3,0,0,1,9,0,0,0,1,9,6,6,1,-1,-1,-1,-1,-1,-1,6,E01016057,0,4
2025010599968,2025,010599968,1,9,0,3,3,7,3,0,0,1,9,0,0,0,2,9,6,6,1,50,8,-1,-1,-1,-1,4,E01003042,0,3
2025010600635,2025,010600635,2,98,0,99,99,9,9,99,99,1,9,99,9,99,9,9,6,6,3,-1,-1,-1,-1,-1,-1,-1,-1,0,-1
2025010600635,2025,010600635,1,1,9,99,99,9,9,99,99,1,9,99,9,99,9,1,2,2,1,44,7,-1,-1,-1,-1,6,E01002801,0,1
2025010601021,2025,010601021,2,19,0,99,99,9,9,99,99,9,9,99,9,99,2,9,6,6,3,-1,-1,-1,-1,-1,-1,-1,-1,0,-1
2025010601021,2025,010601021,1,9,0,99,99,9,9,99,99,9,9,99,9,99,2,9,6,6,2,37,7,-1,-1,-1,-1,7,E01000748,0,3
2025010601230,2025,010601230,2,11,0,99,99,9,9,99,99,9,9,99,9,99,0,9,6,6,3,-1,-1,-1,-1,-1,-1,-1,-1,0,-1
2025010601230,2025,010601230,1,1,9,99,99,9,9,4,4,9,9,99,9,99,1,1,2,2,1,38,7,-1,-1,-1,-1,7,E01004534,0,1
2025010601419,2025,010601419,2,8,0,99,99,9,9,99,99,9,9,99,9,99,1,9,6,6,3,-1,-1,-1,-1,-1,-1,-1,-1,0,-1
2025010601419,2025,010601419,1,1,9,99,99,9,9,99,99,9,9,99,9,99,2,1,6,6,1,18,4,-1,-1,-1,-1,3,E01002756,0,2
2025010602695,2025,010602695,2,9,0,99,99,9,9,99,99,9,9,99,9,99,1,9,6,6,3,-1,-1,-1,-1,-1,-1,-1,-1,0,-1
2025010602695,2025,010602695,1,9,0,99,99,9,9,99,99,9,9,99,9,99,9,9,6,6,3,-1,-1,-1,-1,-1,-1,7,E01001058,0,1
2025010603088,2025,010603088,1,5,0,99,99,9,9,99,99,0,9,99,9,99,9,1,6,6,1,45,7,-1,-1,-1,-1,1,E01021500,0,4
2025010603088,2025,010603088,2,9,0,99,99,9,9,99,99,0,9,99,9,99,1,9,6,6,3,-1,-1,-1,-1,-1,-1,-1,-1,0,-1
2025010603608,2025,010603608,2,9,0,99,99,9,9,99,99,9,9,99,9,99,9,9,6,6,3,-1,-1,-1,-1,-1,-1,-1,-1,0,-1
2025010603608,2025,010603608,1,23,0,99,99,9,9,99,99,9,9,99,9,99,2,1,6,6,1,27,6,-1,-1,-1,-1,6,E01004697,0,1
2025010603913,2025,010603913,1,11,0,4,4,5,1,0,0,2,0,0,0,0,1,1,1,1,1,56,9,-1,-1,-1,-1,2,E01003483,0,1
2025010605077,2025,010605077,1,3,0,99,99,9,9,99,99,9,9,99,9,99,1,1,6,6,1,28,6,-1,-1,-1,-1,4,E01003596,0,1
2025010605077,2025,010605077,2,9,0,99,99,9,9,99,99,9,9,99,9,99,2,9,6,6,3,-1,-1,-1,-1,-1,-1,-1,-1,0,-1
2025031536472,2025,031536472,1,21,1,-1,19,1,5,-1,0,0,3,0,1,4,1,1,-1,1,1,49,8,-1,-1,-1,-1,-1,-1,0,-1
2025031536670,2025,031536670,1,9,0,-1,19,8,3,-1,0,8,5,0,3,1,1,1,-1,6,1,43,7,-1,-1,-1,-1,3,E01019272,0,1
2025031536774,2025,031536774,3,11,0,-1,19,3,7,-1,0,0,0,0,0,0,1,1,-1,1,1,56,9,-1,-1,-1,-1,-1,-1,0,-1
2025031536774,2025,031536774,2,9,0,-1,19,3,7,-1,0,0,0,0,0,0,1,1,-1,9,2,64,9,-1,-1,-1,-1,7,E01027478,0,4
2025031536774,2025,031536774,1,9,0,-1,19,7,3,-1,0,0,1,0,0,0,3,1,-1,2,2,23,5,-1,-1,-1,-1,2,E01008263,0,4
2025031536922,2025,031536922,2,9,0,-1,4,4,8,-1,0,0,0,0,0,0,1,1,-1,6,1,40,7,-1,-1,-1,-1,-1,-1,0,-1
2025031536922,2025,031536922,1,9,0,-1,4,4,8,-1,0,0,0,0,0,0,2,1,-1,6,2,73,10,-1,-1,-1,-1,-1,-1,0,-1
2025031537165,2025,031537165,1,9,0,-1,19,1,5,-1,0,1,1,0,0,0,1,1,-1,2,2,34,6,-1,-1,-1,-1,6,E01019354,0,1
2025031537290,2025,031537290,1,9,0,-1,19,1,5,-1,0,0,1,0,0,0,3,1,-1,9,1,32,6,-1,-1,-1,-1,-1,-1,0,-1
2025031537881,2025,031537881,1,9,0,-1,19,1,5,-1,0,0,1,0,2,10,2,1,-1,9,2,20,4,-1,-1,-1,-1,6,E01019088,0,4
2025031537881,2025,031537881,2,9,0,-1,19,1,5,-1,0,0,0,0,0,0,1,1,-1,9,2,22,5,-1,-1,-1,-1,8,E01019366,0,4
2025031538118,2025,031538118,1,9,0,-1,19,2,8,-1,0,0,1,0,1,0,1,1,-1,2,1,34,6,-1,-1,-1,-1,1,E01004811,0,5
2025031538230,2025,031538230,1,9,0,-1,15,5,1,-1,0,0,1,7,0,0,3,1,-1,6,1,43,7,-1,-1,-1,-1,9,-1,0,5
2025031538230,2025,031538230,2,9,0,-1,12,5,1,-1,0,0,1,0,0,0,4,1,-1,9,2,23,5,-1,-1,-1,-1,6,-1,0,5
2025031538327,2025,031538327,1,9,0,-1,19,3,7,-1,0,0,5,0,2,7,1,1,-1,9,1,29,6,-1,-1,-1,-1,1,E01019156,0,4
2025031538811,2025,031538811,1,17,4,-1,9,4,8,-1,0,1,0,0,0,0,3,1,-1,1,1,32,6,-1,-1,-1,-1,-1,-1,0,-1
2025031538811,2025,031538811,2,19,0,-1,19,4,8,-1,0,1,0,0,0,0,1,1,-1,1,1,40,7,-1,-1,-1,-1,1,E01019122,0,1
2025031539202,2025,031539202,1,9,0,-1,19,7,3,-1,0,0,0,0,0,0,1,1,-1,9,2,82,11,-1,-1,-1,-1,10,E01019249,0,2
2025031539378,2025,031539378,1,9,0,-1,9,1,3,-1,0,0,0,0,0,0,2,1,-1,9,2,48,8,-1,-1,-1,-1,-1,-1,0,-1
2025031539378,2025,031539378,2,9,0,-1,4,1,5,-1,0,0,0,0,0,0,1,1,-1,9,2,25,5,-1,-1,-1,-1,-1,-1,0,-1
2025031539531,2025,031539531,1,9,0,-1,5,7,4,-1,0,2,0,0,0,0,1,1,-1,1,2,53,8,-1,-1,-1,-1,2,E01033160,0,1
2025031539531,2025,031539531,2,8,0,-1,19,5,4,-1,0,1,0,0,0,0,4,1,-1,6,1,61,9,-1,-1,-1,-1,8,E01019185,0,1
2025031539727,2025,031539727,1,8,0,-1,6,5,1,-1,0,8,0,0,0,0,2,1,-1,1,1,64,9,-1,-1,-1,-1,-1,-1,0,-1
2025031539822,2025,031539822,1,9,0,-1,19,4,8,-1,0,8,0,0,0,0,1,1,-1,9,1,39,7,-1,-1,-1,-1,4,E01008211,0,4
2025031539822,2025,031539822,2,9,0,-1,5,7,3,-1,0,4,0,0,0,0,1,1,-1,9,2,22,5,-1,-1,-1,-1,4,E01019215,0,1
2025031539955,2025,031539955,1,9,0,-1,-1,-1,-1,-1,-1,-1,-1,-1,-1,0,-1,1,-1,6,2,48,8,-1,-1,-1,-1,-1,-1,0,-1
2025031540328,2025,031540328,1,9,0,-1,2,0,0,-1,-1,0,0,4,0,0,2,1,-1,9,1,75,10,-1,-1,-1,-1,8,E01019370,0,1
2025031540328,2025,031540328,2,19,0,-1,2,0,0,-1,-1,0,0,0,0,0,3,1,-1,6,2,53,8,-1,-1,-1,-1,-1,-1,0,-1
2025031540346,2025,031540346,2,9,0,-1,19,6,2,-1,0,1,0,0,0,0,1,1,-1,6,1,64,9,-1,-1,-1,-1,-1,-1,0,-1
2025031540346,2025,031540346,1,9,0,-1,9,1,6,-1,0,6,0,0,0,0,4,1,-1,6,1,78,11,-1,-1,-1,-1,9,E01018333,0,5
2025031540541,2025,031540541,1,9,-1,-1,-1,8,5,-1,-1,0,-1,-1,-1,0,-1,9,-1,6,3,-1,-1,-1,-1,-1,-1,-1,-1,0,-1
2025031540564,2025,031540564,1,9,0,-1,9,3,7,-1,0,2,0,0,0,0,4,1,-1,9,1,62,9,-1,-1,-1,-1,3,E01019161,0,1
2025031540564,2025,031540564,2,4,0,-1,19,5,2,-1,0,1,0,0,0,0,1,1,-1,6,1,48,8,-1,-1,-1,-1,2,E01019138,0,1
2025031540721,2025,031540721,1,9,0,-1,9,5,7,-1,0,1,1,0,3,0,1,1,-1,9,1,41,7,-1,-1,-1,-1,1,E01025151,0,4
2025031540827,2025,031540827,1,9,0,-1,3,5,1,-1,0,0,0,0,0,0,2,1,-1,9,2,36,7,-1,-1,-1,-1,3,E01019291,0,1
2025031540827,2025,031540827,2,9,0,-1,19,5,1,-1,0,0,0,0,0,0,1,1,-1,9,1,75,10,-1,-1,-1,-1,3,E01019271,0,1
2025031541218,2025,031541218,1,19,0,-1,9,7,4,-1,0,1,2,0,0,0,1,1,-1,1,1,20,4,-1,-1,-1,-1,9,-1,0,4
2025031541266,2025,031541266,1,9,0,-1,19,2,6,-1,0,0,0,0,0,0,1,9,-1,6,3,-1,-1,-1,-1,-1,-1,-1,-1,0,-1
2025031541455,2025,031541455,1,9,0,-1,5,2,6,-1,0,1,0,0,0,0,1,1,-1,6,2,43,7,-1,-1,-1,-1,1,E01019280,0,1
2025031542134,2025,031542134,1,9,0,-1,9,5,3,-1,0,1,0,0,0,0,1,1,-1,9,1,49,8,-1,-1,-1,-1,7,E01019148,0,1
2025031542141,2025,031542141,1,9,0,-1,5,4,4,-1,0,8,0,0,0,0,1,1,-1,6,2,92,11,-1,-1,-1,-1,9,E01019355,0,1
2025031542141,2025,031542141,2,9,0,-1,19,6,8,-1,0,1,0,0,1,0,1,1,-1,6,1,17,4,-1,-1,-1,-1,6,E01019356,0,3
2025031542142,2025,031542142,3,9,0,-1,19,5,1,-1,0,0,0,4,0,0,1,1,-1,6,1,72,10,-1,-1,-1,-1,1,E01019280,0,2
2025031542142,2025,031542142,2,9,0,-1,2,1,2,-1,0,0,0,0,0,0,2,1,-1,6,-1,-1,-1,-1,-1,-1,-1,-1,-1,0,-1
2025031542142,2025,031542142,1,21,0,-1,2,2,3,-1,0,0,0,0,0,0,1,1,-1,6,-1,-1,-1,-1,-1,-1,-1,-1,-1,0,-1
2025031542248,2025,031542248,1,9,0,-1,19,1,5,-1,0,4,0,0,0,0,1,1,-1,9,1,82,11,-1,-1,-1,-1,-1,-1,0,-1
2025031542248,2025,031542248,2,1,0,-1,7,3,7,-1,0,4,0,0,0,0,1,1,-1,6,1,56,9,-1,-1,-1,-1,-1,-1,0,-1
2025031542336,2025,031542336,1,9,0,-1,19,3,7,-1,9,2,0,0,3,11,1,1,-1,6,1,74,10,-1,-1,-1,-1,8,E01019322,0,1
2025031543100,2025,031543100,3,9,0,-1,3,5,8,-1,0,1,0,0,0,0,1,1,-1,1,1,24,5,-1,-1,-1,-1,4,E01019215,0,1
2025031543100,2025,031543100,2,9,0,-1,19,8,4,-1,0,8,0,0,0,0,1,1,-1,9,1,23,5,-1,-1,-1,-1,4,E01019216,0,1
2025031543100,2025,031543100,1,19,0,-1,5,6,4,-1,0,2,0,0,0,0,1,1,-1,1,1,56,9,-1,-1,-1,-1,2,E01019230,0,1
2025031543534,2025,031543534,1,9,0,-1,14,7,3,-1,0,1,0,4,1,0,1,1,-1,6,1,18,4,-1,-1,-1,-1,2,E01019269,0,2
2025031543534,2025,031543534,2,9,0,-1,2,0,0,-1,0,1,0,0,1,0,2,1,-1,6,-1,-1,-1,-1,-1,-1,-1,-1,-1,0,-1
2025031543698,2025,031543698,1,9,0,-1,19,8,3,-1,0,2,0,0,0,0,1,1,-1,1,1,25,5,-1,-1,-1,-1,4,E01019080,0,3
2025031543698,2025,031543698,2,9,0,-1,19,3,8,-1,0,1,5,0,1,2,1,1,-1,6,2,64,9,-1,-1,-1,-1,2,E01019265,0,1
2025031543723,2025,031543723,2,9,0,-1,19,7,3,-1,0,0,5,0,0,0,1,1,-1,9,1,25,5,-1,-1,-1,-1,6,E01019320,0,4
2025031543723,2025,031543723,1,9,0,-1,19,3,7,-1,0,0,0,0,0,0,1,1,-1,9,1,68,10,-1,-1,-1,-1,6,E01019088,0,3
2025031543732,2025,031543732,1,9,-1,-1,-1,8,4,-1,-1,0,-1,-1,-1,0,-1,9,-1,9,2,37,7,-1,-1,-1,-1,-1,-1,0,-1
2025031543732,2025,031543732,2,9,-1,-1,15,8,5,-1,-1,0,-1,-1,-1,0,-1,9,-1,6,3,27,6,-1,-1,-1,-1,-1,-1,0,-1
2025031544209,2025,031544209,1,9,0,-1,7,7,2,-1,0,8,0,0,0,0,1,9,-1,6,1,62,9,-1,-1,-1,-1,8,E01019242,0,1
2025031544227,2025,031544227,1,9,0,-1,7,5,1,-1,0,0,1,0,0,0,3,1,-1,6,1,21,5,-1,-1,-1,-1,5,E01019123,0,3
2025031545496,2025,031545496,1,9,0,-1,19,5,1,-1,0,0,0,0,0,0,1,1,-1,1,2,25,5,-1,-1,-1,-1,4,E01019332,0,4
2025031545496,2025,031545496,2,9,0,-1,19,5,2,-1,0,0,0,7,7,0,3,1,-1,9,1,41,7,-1,-1,-1,-1,1,-1,0,5
2025031545496,2025,031545496,4,9,0,-1,19,5,1,-1,0,0,0,0,0,0,1,1,-1,9,1,35,6,-1,-1,-1,-1,5,-1,0,5
2025031545496,2025,031545496,5,9,0,-1,19,1,1,-1,0,0,0,0,0,0,2,1,-1,9,1,52,8,-1,-1,-1,-1,6,E01019319,0,4
2025031545496,2025,031545496,3,9,0,-1,19,5,5,-1,0,0,0,0,0,0,1,1,-1,9,1,45,7,-1,-1,-1,-1,3,E01005059,0,5
2025031545589,2025,031545589,1,9,0,-1,7,6,8,-1,0,8,0,0,0,0,1,1,-1,6,1,58,9,-1,-1,-1,-1,6,E01019131,0,1
2025031545589,2025,031545589,3,17,4,-1,19,8,4,-1,0,1,0,0,0,0,3,1,-1,1,1,41,7,-1,-1,-1,-1,7,E01019093,0,4
2025031545589,2025,031545589,2,19,0,-1,13,8,4,-1,0,1,0,0,0,0,1,1,-1,2,1,41,7,-1,-1,-1,-1,4,E01019102,0,4
2025031545745,2025,031545745,1,21,4,-1,19,4,8,-1,0,0,2,0,0,0,3,1,-1,1,1,35,6,-1,-1,-1,-1,-1,-1,0,-1
2025031545914,2025,031545914,1,19,0,-1,19,4,8,-1,0,0,2,0,0,0,4,1,-1,1,1,37,7,-1,-1,-1,-1,-1,-1,0,-1
2025031546795,2025,031546795,1,9,0,-1,9,5,2,-1,0,5,0,0,0,0,1,1,-1,6,2,68,10,-1,-1,-1,-1,4,E01019364,0,1
2025031546949,2025,031546949,1,9,0,-1,13,3,7,-1,0,0,2,0,1,0,3,1,-1,9,2,49,8,-1,-1,-1,-1,5,E01014304,0,5
2025031546949,2025,031546949,2,9,0,-1,19,7,3,-1,0,0,0,0,0,0,3,1,-1,8,1,37,7,-1,-1,-1,-1,4,E01019332,0,3
2025031547057,2025,031547057,4,9,0,-1,19,2,6,-1,0,0,0,0,0,0,1,1,-1,6,1,33,6,-1,-1,-1,-1,3,E01019120,0,4
2025031547057,2025,031547057,1,19,0,-1,19,6,2,-1,0,0,0,0,0,0,1,1,-1,2,1,33,6,-1,-1,-1,-1,7,E01019254,0,3
2025031547057,2025,031547057,3,9,0,-1,19,2,6,-1,0,0,0,0,0,0,1,1,-1,6,2,58,9,-1,-1,-1,-1,10,E01019261,0,4
2025031547057,2025,031547057,2,9,0,-1,19,2,6,-1,0,0,0,0,0,0,1,1,-1,6,2,46,8,-1,-1,-1,-1,8,E01019258,0,4
2025031547422,2025,031547422,2,9,0,-1,19,6,2,-1,0,0,0,0,0,0,2,1,-1,9,2,38,7,-1,-1,-1,-1,2,E01019111,0,4
2025031547422,2025,031547422,1,19,0,-1,19,6,6,-1,0,0,1,0,0,0,1,1,-1,2,1,18,4,-1,-1,-1,-1,6,E01034075,0,4
2025031547574,2025,031547574,2,19,0,-1,19,8,4,-1,0,1,0,0,0,0,3,1,-1,2,1,38,7,-1,-1,-1,-1,7,E01019125,0,3
2025031547574,2025,031547574,3,9,0,-1,19,8,4,-1,0,1,0,11,0,0,1,1,-1,2,1,40,7,-1,-1,-1,-1,5,E01019123,0,3
2025031547574,2025,031547574,1,9,0,-1,19,4,8,-1,0,1,0,0,0,0,1,1,-1,2,1,28,6,-1,-1,-1,-1,5,E01019123,0,4
2025031547697,2025,031547697,1,17,-1,-1,-1,-1,-1,-1,-1,0,-1,-1,-1,0,-1,9,-1,1,1,-1,-1,-1,-1,-1,-1,-1,-1,0,-1
2025031547939,2025,031547939,2,1,0,-1,19,3,7,-1,9,0,0,0,0,0,4,1,-1,6,1,54,8,-1,-1,-1,-1,-1,-1,0,-1
2025031547939,2025,031547939,1,9,0,-1,2,0,0,-1,0,0,0,0,0,0,1,1,-1,6,2,52,8,-1,-1,-1,-1,-1,-1,0,-1
2025031547979,2025,031547979,1,9,0,-1,19,5,1,-1,0,0,0,0,0,0,3,1,-1,6,2,56,9,-1,-1,-1,-1,6,E01019354,0,3
2025031548077,2025,031548077,1,9,0,-1,19,1,5,-1,0,0,0,0,0,0,1,1,-1,2,1,42,7,-1,-1,-1,-1,4,E01019168,0,1
2025031548077,2025,031548077,2,3,0,-1,19,1,5,-1,0,0,0,0,0,0,2,1,-1,2,1,58,9,-1,-1,-1,-1,8,E01019153,0,1
2025031548475,2025,031548475,1,9,0,-1,9,5,2,-1,0,5,0,0,0,0,1,1,-1,6,2,69,10,-1,-1,-1,-1,-1,-1,0,-1
2025031548475,2025,031548475,2,5,0,-1,19,1,5,-1,0,1,0,0,0,0,1,1,-1,6,1,60,9,-1,-1,-1,-1,4,E01034075,0,1
2025031548864,2025,031548864,1,9,0,-1,19,5,1,-1,0,0,0,0,7,0,1,1,-1,9,1,83,11,-1,-1,-1,-1,7,E01019357,0,4
2025031548984,2025,031548984,1,9,0,-1,19,1,5,-1,0,0,0,0,0,0,1,1,-1,6,1,59,9,-1,-1,-1,-1,5,E01019182,0,1
2025031549250,2025,031549250,2,9,-1,-1,-1,-1,-1,-1,-1,-1,-1,-1,-1,0,-1,9,-1,9,1,30,6,-1,-1,-1,-1,7,E01019148,0,1
2025031549250,2025,031549250,1,22,0,-1,-1,-1,-1,-1,0,-1,0,-1,-1,0,1,1,-1,9,1,41,7,-1,-1,-1,-1,-1,-1,0,-1
2025031549257,2025,031549257,1,9,0,-1,19,1,5,-1,0,0,0,0,0,0,1,1,-1,6,2,30,6,-1,-1,-1,-1,-1,-1,0,-1
2025031549321,2025,031549321,1,9,0,-1,19,5,8,-1,0,0,5,0,7,11,1,1,-1,9,2,18,4,-1,-1,-1,-1,5,E01019298,0,3
2025031549741,2025,031549741,1,9,0,-1,19,4,8,-1,0,0,1,0,0,0,1,1,-1,6,1,52,8,-1,-1,-1,-1,10,E01019241,0,3