collision_index,collision_year,collision_ref_no,vehicle_reference,vehicle_type,towing_and_articulation,vehicle_manoeuvre_historic,vehicle_manoeuvre,vehicle_direction_from,vehicle_direction_to,vehicle_location_restricted_lane_historic,vehicle_location_restricted_lane,junction_location,skidding_and_overturning,hit_object_in_carriageway,vehicle_leaving_carriageway,hit_object_off_carriageway,first_point_of_impact,vehicle_left_hand_drive,journey_purpose_of_driver_historic,journey_purpose_of_driver,sex_of_driver,age_of_driver,age_band_of_driver,engine_capacity_cc,propulsion_code,age_of_vehicle,generic_make_model,driver_imd_decile,lsoa_of_driver,escooter_flag,driver_distance_banding
2025031568755,2025,031568755,1,9,0,-1,19,6,3,-1,0,0,2,0,2,4,1,1,-1,6,1,48,8,-1,-1,-1,-1,7,E01004940,0,5
2025031568757,2025,031568757,2,9,0,-1,19,3,7,-1,0,0,0,0,0,0,1,1,-1,1,1,53,8,-1,-1,-1,-1,7,E01019395,0,4
2025031568757,2025,031568757,1,9,0,-1,19,7,3,-1,0,0,0,0,0,0,1,1,-1,1,2,63,9,-1,-1,-1,-1,9,E01025090,0,3
2025031569041,2025,031569041,1,9,0,-1,9,5,1,-1,0,5,0,0,0,0,3,1,-1,9,1,72,10,-1,-1,-1,-1,6,E01019100,0,1
2025031569041,2025,031569041,2,3,0,-1,13,5,1,-1,0,1,0,0,7,0,1,1,-1,9,1,18,4,-1,-1,-1,-1,-1,-1,0,-1
2025031569147,2025,031569147,2,9,0,-1,5,1,2,-1,0,8,0,0,0,0,3,1,-1,2,1,63,9,-1,-1,-1,-1,8,E01019262,0,1
2025031569147,2025,031569147,1,1,0,-1,13,6,2,-1,0,8,0,0,0,0,4,1,-1,2,1,48,8,-1,-1,-1,-1,2,E01034076,0,1
2025031569160,2025,031569160,2,1,0,-1,14,8,4,-1,0,8,0,0,0,0,1,1,-1,9,1,55,8,-1,-1,-1,-1,6,E01019346,0,1
2025031569160,2025,031569160,1,9,0,-1,2,8,4,-1,0,1,0,0,0,0,3,1,-1,9,2,67,10,-1,-1,-1,-1,6,E01019346,0,1
2025031569267,2025,031569267,2,21,0,-1,2,0,0,-1,0,0,0,0,0,0,2,1,-1,6,-1,-1,-1,-1,-1,-1,-1,-1,-1,0,-1
2025031569267,2025,031569267,1,9,0,-1,19,6,8,-1,0,0,0,4,0,0,1,1,-1,6,3,38,7,-1,-1,-1,-1,-1,-1,0,-1
2025031569787,2025,031569787,1,9,0,-1,4,8,8,-1,0,0,0,0,0,0,1,1,-1,9,1,18,4,-1,-1,-1,-1,5,E01019338,0,3
2025031569787,2025,031569787,2,9,0,-1,4,8,8,-1,0,0,0,0,0,0,2,1,-1,9,1,33,6,-1,-1,-1,-1,7,E01019134,0,4
2025031569787,2025,031569787,3,9,0,-1,4,8,1,-1,0,0,0,0,0,0,2,1,-1,2,2,39,7,-1,-1,-1,-1,4,E01019229,0,4
2025031569877,2025,031569877,1,5,0,-1,15,7,7,-1,0,0,1,0,0,0,1,1,-1,6,1,73,10,-1,-1,-1,-1,5,E01019094,0,4
2025031569882,2025,031569882,2,9,0,-1,19,5,1,-1,0,0,1,0,0,0,1,1,-1,6,1,67,10,-1,-1,-1,-1,6,-1,0,3
2025031569882,2025,031569882,3,9,4,-1,19,5,1,-1,0,0,1,0,0,0,1,1,-1,6,1,34,6,-1,-1,-1,-1,2,-1,0,5
2025031569882,2025,031569882,1,9,0,-1,19,5,1,-1,0,0,1,0,0,0,1,1,-1,6,1,32,6,-1,-1,-1,-1,6,E01025788,0,5
2025031571317,2025,031571317,1,9,0,-1,-1,-1,-1,-1,-1,-1,-1,-1,-1,0,-1,2,-1,6,3,-1,-1,-1,-1,-1,-1,-1,-1,0,-1
2025031571407,2025,031571407,1,17,0,-1,4,5,1,-1,0,0,0,0,0,0,1,1,-1,2,1,25,5,-1,-1,-1,-1,-1,-1,0,-1
2025031571407,2025,031571407,2,97,0,-1,19,1,5,-1,0,0,1,0,0,0,1,1,-1,6,1,59,9,-1,-1,-1,-1,-1,-1,0,-1
2025031571642,2025,031571642,1,97,0,-1,19,1,5,-1,0,0,1,0,1,0,1,1,-1,9,1,76,11,-1,-1,-1,-1,8,E01019322,0,2
2025031571759,2025,031571759,2,19,0,-1,7,1,5,-1,0,5,0,0,0,0,1,1,-1,6,1,-1,-1,-1,-1,-1,-1,4,E01019118,0,4
2025031571759,2025,031571759,1,1,0,-1,4,1,5,-1,0,1,0,0,0,0,1,1,-1,6,1,28,6,-1,-1,-1,-1,8,E01034068,0,1
2025031572244,2025,031572244,1,5,0,-1,19,5,1,-1,0,1,1,0,0,0,3,1,-1,9,1,70,10,-1,-1,-1,-1,-1,-1,0,-1
2025031572258,2025,031572258,2,9,0,-1,3,5,8,-1,0,1,0,0,0,0,2,1,-1,9,1,57,9,-1,-1,-1,-1,8,E01006285,0,5
2025031572258,2025,031572258,1,9,0,-1,19,5,8,-1,0,1,0,0,0,0,1,1,-1,9,1,30,6,-1,-1,-1,-1,3,E01019211,0,1
2025031572330,2025,031572330,1,9,0,-1,19,7,2,-1,0,0,5,9,7,0,1,1,-1,9,1,53,8,-1,-1,-1,-1,1,E01034069,0,2
2025031572432,2025,031572432,1,9,0,-1,19,1,5,-1,0,0,0,10,0,0,4,1,-1,9,1,19,4,-1,-1,-1,-1,5,E01019225,0,1
2025031572576,2025,031572576,2,1,0,-1,19,3,7,-1,0,8,0,0,0,0,1,1,-1,2,2,34,6,-1,-1,-1,-1,3,E01019236,0,1
2025031572576,2025,031572576,1,9,0,-1,19,7,3,-1,0,4,0,0,0,0,1,1,-1,9,2,66,10,-1,-1,-1,-1,9,E01019255,0,1
2025031572713,2025,031572713,1,97,0,-1,7,2,4,-1,0,8,0,0,1,0,4,1,-1,6,2,18,4,-1,-1,-1,-1,4,E01019389,0,1
2025031572713,2025,031572713,2,9,0,-1,9,7,4,-1,0,8,0,0,3,0,1,1,-1,9,1,84,11,-1,-1,-1,-1,4,E01019389,0,1
2025031572913,2025,031572913,2,9,0,-1,19,5,3,-1,0,6,0,0,0,0,2,1,-1,2,1,53,8,-1,-1,-1,-1,2,E01019138,0,3
2025031572913,2025,031572913,1,9,0,-1,19,6,3,-1,0,1,0,0,1,10,3,1,-1,1,2,59,9,-1,-1,-1,-1,5,E01019388,0,1
2025031573142,2025,031573142,1,5,0,-1,19,4,8,-1,0,0,0,0,0,0,4,1,-1,9,1,21,5,-1,-1,-1,-1,2,E01024951,0,4
2025031573181,2025,031573181,1,9,-1,-1,-1,-1,-1,-1,-1,0,-1,-1,-1,0,-1,9,-1,6,2,-1,-1,-1,-1,-1,-1,-1,-1,0,-1
2025031573226,2025,031573226,1,97,-1,-1,-1,-1,-1,-1,-1,-1,-1,-1,-1,0,-1,1,-1,6,1,66,10,-1,-1,-1,-1,-1,-1,0,-1
2025031573226,2025,031573226,2,9,-1,-1,-1,-1,-1,-1,-1,-1,-1,-1,-1,0,-1,9,-1,6,3,-1,-1,-1,-1,-1,-1,-1,-1,0,-1
2025031573361,2025,031573361,1,9,0,-1,3,6,2,-1,0,0,0,0,0,0,1,1,-1,2,2,37,7,-1,-1,-1,-1,-1,-1,0,-1
2025031573492,2025,031573492,1,9,0,-1,19,5,1,-1,0,1,0,0,0,0,1,1,-1,9,2,41,7,-1,-1,-1,-1,7,E01019203,0,1
2025031573492,2025,031573492,2,9,0,-1,19,7,3,-1,0,1,5,0,2,0,3,1,-1,9,2,65,9,-1,-1,-1,-1,4,E01019107,0,1
2025031573577,2025,031573577,2,3,0,-1,19,6,2,-1,0,1,0,0,0,0,1,1,-1,6,1,22,5,-1,-1,-1,-1,7,E01019323,0,3
2025031573577,2025,031573577,1,9,0,-1,9,1,6,-1,0,2,0,0,0,0,3,1,-1,9,2,46,8,-1,-1,-1,-1,8,E01019224,0,4
2025031573775,2025,031573775,1,9,0,-1,9,5,1,-1,0,6,0,0,0,0,3,2,-1,6,2,38,7,-1,-1,-1,-1,-1,-1,0,-1
2025031573825,2025,031573825,2,9,0,-1,19,6,1,-1,0,8,0,0,0,0,1,1,-1,6,1,20,4,-1,-1,-1,-1,8,E01019329,0,4
2025031573825,2025,031573825,1,9,0,-1,19,4,8,-1,0,8,0,0,0,0,0,1,-1,9,1,24,5,-1,-1,-1,-1,6,E01020685,0,4
2025031573980,2025,031573980,1,9,0,-1,13,7,3,-1,0,1,5,0,7,0,4,1,-1,9,1,51,8,-1,-1,-1,-1,8,E01019101,0,4
2025031573980,2025,031573980,2,19,0,-1,13,7,3,-1,0,1,0,0,0,0,3,1,-1,1,1,65,9,-1,-1,-1,-1,7,E01025089,0,4
2025031574002,2025,031574002,2,21,1,-1,19,6,2,-1,0,0,0,0,0,0,1,1,-1,1,1,42,7,-1,-1,-1,-1,7,-1,0,5
2025031574002,2025,031574002,1,9,0,-1,12,6,2,-1,0,0,0,0,0,0,2,2,-1,9,2,85,11,-1,-1,-1,-1,-1,-1,0,-1
2025031574005,2025,031574005,1,9,0,-1,19,1,5,-1,0,0,0,0,0,0,1,1,-1,9,2,69,10,-1,-1,-1,-1,6,E01019275,0,2
2025031574030,2025,031574030,1,9,4,-1,3,3,7,-1,0,0,0,0,0,0,2,1,-1,9,1,71,10,-1,-1,-1,-1,7,E01019323,0,1
2025031574327,2025,031574327,1,97,0,-1,19,1,5,-1,0,0,2,0,0,0,0,1,-1,9,1,45,7,-1,-1,-1,-1,2,E01019175,0,1
2025031574416,2025,031574416,2,9,0,-1,4,5,1,-1,0,1,0,0,0,0,1,1,-1,9,1,63,9,-1,-1,-1,-1,-1,-1,0,-1
2025031574416,2025,031574416,1,9,0,-1,9,2,6,-1,0,8,0,0,0,0,1,1,-1,9,2,27,6,-1,-1,-1,-1,-1,-1,0,-1
2025031574419,2025,031574419,2,9,0,-1,19,8,4,-1,0,0,0,0,1,0,1,1,-1,9,2,32,6,-1,-1,-1,-1,8,E01019331,0,4
2025031574419,2025,031574419,1,9,0,-1,19,4,8,-1,0,0,0,0,7,4,1,1,-1,9,2,24,5,-1,-1,-1,-1,7,E01034074,0,1
2025031574517,2025,031574517,2,9,0,-1,19,2,6,-1,0,0,0,0,0,0,1,1,-1,6,2,23,5,-1,-1,-1,-1,3,E01019194,0,2
2025031574517,2025,031574517,1,9,0,-1,9,1,6,-1,0,0,0,0,0,0,2,1,-1,6,1,62,9,-1,-1,-1,-1,2,E01019267,0,4
2025031574579,2025,031574579,1,9,0,-1,19,1,5,-1,0,0,0,0,0,0,1,1,-1,6,2,18,4,-1,-1,-1,-1,-1,-1,0,-1
2025031574804,2025,031574804,1,9,0,-1,5,3,7,-1,0,1,0,0,0,0,1,1,-1,6,2,51,8,-1,-1,-1,-1,1,E01019160,0,1
2025031574969,2025,031574969,1,9,0,-1,9,7,5,-1,0,6,0,0,0,0,1,1,-1,2,2,27,6,-1,-1,-1,-1,5,E01019394,0,2
2025031574969,2025,031574969,2,5,0,-1,13,5,1,-1,0,1,0,0,0,0,1,1,-1,9,1,78,11,-1,-1,-1,-1,7,E01019395,0,3
2025031575042,2025,031575042,1,5,0,-1,19,1,6,-1,5,0,0,7,7,10,1,1,-1,6,1,23,5,-1,-1,-1,-1,-1,-1,0,-1
2025031575235,2025,031575235,2,21,1,-1,4,3,7,-1,0,0,0,0,0,0,2,1,-1,1,1,53,8,-1,-1,-1,-1,8,E01025109,0,4
2025031575235,2025,031575235,1,3,0,-1,4,3,7,-1,0,0,0,0,0,0,1,1,-1,9,1,18,4,-1,-1,-1,-1,5,E01019201,0,1
2025031575343,2025,031575343,2,1,0,-1,19,4,7,-1,0,2,0,0,0,0,1,1,-1,6,2,52,8,-1,-1,-1,-1,5,E01019220,0,1
2025031575343,2025,031575343,1,9,0,-1,9,8,4,-1,0,1,0,0,0,0,4,1,-1,6,1,28,6,-1,-1,-1,-1,2,E01019234,0,1
2025031575529,2025,031575529,1,9,0,-1,19,3,7,-1,0,6,0,0,0,0,3,2,-1,6,2,57,9,-1,-1,-1,-1,-1,-1,0,-1
2025031575950,2025,031575950,1,97,0,-1,9,1,4,-1,0,1,1,0,0,0,3,1,-1,2,1,58,9,-1,-1,-1,-1,-1,-1,0,-1
2025031575978,2025,031575978,1,2,0,-1,19,6,7,-1,0,1,0,0,0,0,0,1,-1,6,1,66,10,-1,-1,-1,-1,-1,-1,0,-1
2025031576043,2025,031576043,2,9,-1,-1,-1,-1,-1,-1,-1,-1,-1,-1,-1,0,-1,1,-1,6,2,41,7,-1,-1,-1,-1,4,E01019327,0,4
2025031576043,2025,031576043,1,9,-1,-1,-1,-1,-1,-1,-1,-1,-1,-1,-1,0,-1,1,-1,6,1,51,8,-1,-1,-1,-1,6,E01019235,0,1
2025031576127,2025,031576127,1,9,-1,-1,-1,-1,-1,-1,-1,0,-1,-1,-1,0,-1,1,-1,6,1,-1,-1,-1,-1,-1,-1,-1,-1,0,-1
2025031576221,2025,031576221,1,9,0,-1,19,1,5,-1,0,0,0,0,0,0,1,1,-1,9,1,77,11,-1,-1,-1,-1,6,E01019384,0,3
2025031576221,2025,031576221,2,9,0,-1,4,1,5,-1,0,0,0,0,0,0,2,1,-1,9,1,61,9,-1,-1,-1,-1,8,E01019366,0,1
2025031576403,2025,031576403,1,11,0,-1,9,8,6,-1,0,1,0,0,0,0,1,1,-1,1,1,58,9,-1,-1,-1,-1,1,E01019164,0,1
2025031576403,2025,031576403,2,1,0,-1,19,2,6,-1,0,8,0,0,0,0,1,1,-1,6,1,29,6,-1,-1,-1,-1,1,E01019141,0,1
2025031576805,2025,031576805,3,9,0,-1,2,0,0,-1,0,0,0,0,0,0,1,1,-1,6,-1,-1,-1,-1,-1,-1,-1,-1,-1,0,-1
2025031576805,2025,031576805,1,9,0,-1,7,3,7,-1,0,0,0,0,7,10,1,1,-1,1,1,48,8,-1,-1,-1,-1,-1,-1,0,-1
2025031576805,2025,031576805,2,9,0,-1,9,7,3,-1,0,0,0,0,0,0,3,1,-1,2,2,41,7,-1,-1,-1,-1,-1,-1,0,-1
2025031576938,2025,031576938,1,9,0,-1,19,3,7,-1,0,0,1,0,0,0,1,1,-1,9,1,81,11,-1,-1,-1,-1,2,E01025173,0,4
2025031576974,2025,031576974,1,9,0,-1,19,8,5,-1,0,0,2,0,1,11,1,1,-1,9,1,18,4,-1,-1,-1,-1,8,E01019253,0,4
2025031577182,2025,031577182,1,9,0,-1,4,4,7,-1,0,0,1,0,0,0,1,1,-1,9,1,76,11,-1,-1,-1,-1,6,E01019264,0,4
2025031577182,2025,031577182,2,9,0,-1,4,4,8,-1,0,0,0,0,0,0,2,1,-1,1,1,22,5,-1,-1,-1,-1,4,E01027376,0,5
2025031577227,2025,031577227,1,9,0,-1,19,8,4,-1,0,0,5,0,1,0,1,1,-1,9,1,20,4,-1,-1,-1,-1,7,-1,0,5
2025031577290,2025,031577290,1,9,0,-1,19,7,4,-1,0,0,2,0,0,0,1,1,-1,9,1,17,4,-1,-1,-1,-1,9,E01019334,0,1
2025031577535,2025,031577535,1,97,0,-1,19,3,7,-1,0,0,1,0,0,0,4,1,-1,9,1,33,6,-1,-1,-1,-1,-1,-1,0,-1
2025031577569,2025,031577569,1,9,0,-1,15,8,8,-1,0,0,0,0,0,0,1,1,-1,9,1,18,4,-1,-1,-1,-1,2,E01019277,0,2
2025031577569,2025,031577569,2,17,0,-1,4,1,1,-1,0,0,0,0,0,0,2,1,-1,1,1,77,11,-1,-1,-1,-1,7,E01019091,0,1
2025031577934,2025,031577934,1,5,0,-1,19,1,5,-1,0,0,0,0,0,0,3,1,-1,9,1,27,6,-1,-1,-1,-1,-1,-1,0,-1
2025031578323,2025,031578323,1,5,0,-1,13,3,6,-1,0,0,2,0,0,0,1,1,-1,9,1,50,8,-1,-1,-1,-1,2,E01012479,0,5
2025031578323,2025,031578323,2,9,0,-1,19,3,7,-1,0,0,0,0,0,0,0,9,-1,6,3,-1,-1,-1,-1,-1,-1,-1,-1,0,-1
2025031578401,2025,031578401,1,19,0,-1,19,8,3,-1,0,0,0,0,7,11,1,1,-1,9,1,80,11,-1,-1,-1,-1,4,E01019309,0,1
2025031578438,2025,031578438,1,97,0,-1,19,4,8,-1,0,1,0,0,0,0,0,1,-1,9,1,23,5,-1,-1,-1,-1,2,E01034076,0,1
2025031578452,2025,031578452,1,19,0,-1,19,1,5,-1,0,0,0,0,0,0,4,1,-1,9,1,55,8,-1,-1,-1,-1,6,-1,0,5
2025031578538,2025,031578538,1,11,0,-1,19,2,6,-1,0,1,0,0,0,0,1,1,-1,1,2,57,9,-1,-1,-1,-1,2,E01019299,0,3
2025031578580,2025,031578580,2,9,0,-1,19,5,1,-1,0,0,0,0,0,0,1,1,-1,6,1,72,10,-1,-1,-1,-1,8,E01019153,0,3
2025031578580,2025,031578580,1,9,0,-1,3,1,2,-1,0,0,0,0,0,0,1,1,-1,1,1,38,7,-1,-1,-1,-1,5,E01019298,0,2
2025031578605,2025,031578605,1,9,0,-1,19,3,8,-1,0,1,1,11,1,0,1,1,-1,9,1,84,11,-1,-1,-1,-1,7,E01019350,0,1
2025031578781,2025,031578781,2,9,0,-1,19,6,2,-1,0,1,0,0,0,0,3,1,-1,2,2,63,9,-1,-1,-1,-1,7,E01034077,0,1
2025031578781,2025,031578781,1,9,0,-1,19,4,8,-1,0,6,0,0,0,0,1,1,-1,2,2,61,9,-1,-1,-1,-1,5,E01019371,0,3
2025031578848,2025,031578848,1,3,0,-1,13,8,8,-1,0,1,0,0,0,0,1,1,-1,9,1,17,4,-1,-1,-1,-1,7,E01019125,0,2
2025031578848,2025,031578848,2,9,0,-1,9,8,2,-1,0,5,0,0,0,0,3,1,-1,9,2,26,6,-1,-1,-1,-1,6,E01019100,0,1
2025031578865,2025,031578865,2,9,0,-1,19,1,2,-1,0,0,0,0,0,0,4,1,-1,9,2,40,7,-1,-1,-1,-1,-1,-1,0,-1
2025031578865,2025,031578865,1,9,0,-1,19,7,1,-1,0,0,0,0,7,0,1,1,-1,9,1,22,5,-1,-1,-1,-1,-1,-1,0,-1
2025031579102,2025,031579102,1,9,0,-1,9,7,3,-1,0,8,0,0,0,0,1,1,-1,6,1,79,11,-1,-1,-1,-1,-1,-1,0,-1
2025031579102,2025,031579102,2,9,0,-1,19,1,5,-1,0,1,0,0,0,0,1,1,-1,6,2,33,6,-1,-1,-1,-1,-1,-1,0,-1
2025031579276,2025,031579276,2,9,0,-1,19,7,3,-1,0,8,0,0,1,0,1,1,-1,9,2,36,7,-1,-1,-1,-1,5,E01019339,0,2
2025031579276,2025,031579276,1,9,0,-1,9,6,3,-1,0,8,0,0,1,0,4,1,-1,9,2,73,10,-1,-1,-1,-1,7,E01019311,0,1
2025031579328,2025,031579328,2,9,0,-1,19,6,2,-1,0,8,0,0,0,0,1,1,-1,9,2,44,7,-1,-1,-1,-1,9,E01019179,0,1
2025031579328,2025,031579328,1,9,0,-1,5,5,8,-1,0,6,0,0,0,0,1,1,-1,2,2,24,5,-1,-1,-1,-1,7,E01019146,0,2
2025031579369,2025,031579369,1,9,0,-1,19,7,3,-1,0,8,0,0,0,0,1,1,-1,2,2,28,6,-1,-1,-1,-1,6,E01019196,0,2
2025031579369,2025,031579369,2,9,0,-1,9,4,1,-1,0,8,0,0,0,0,4,1,-1,9,1,58,9,-1,-1,-1,-1,5,E01020308,0,5
2025031579465,2025,031579465,1,9,0,-1,9,6,4,-1,0,2,0,0,0,0,4,1,-1,9,2,72,10,-1,-1,-1,-1,5,E01019371,0,1
2025031579465,2025,031579465,2,1,0,-1,19,1,6,-1,0,1,0,0,0,0,1,1,-1,9,1,61,9,-1,-1,-1,-1,7,E01019387,0,2
2025031579613,2025,031579613,1,9,0,-1,19,1,4,-1,0,0,5,11,7,4,1,1,-1,9,1,21,5,-1,-1,-1,-1,8,E01025547,0,4
2025031579633,2025,031579633,1,9,0,-1,9,7,7,-1,-1,0,0,0,0,0,3,1,-1,9,1,54,8,-1,-1,-1,-1,10,E01025476,0,5
2025031579633,2025,031579633,2,9,0,-1,19,7,3,-1,0,0,0,0,0,0,1,1,-1,9,2,50,8,-1,-1,-1,-1,9,E01025595,0,5
2025031579909,2025,031579909,1,9,0,-1,19,3,7,-1,0,0,2,0,1,4,1,1,-1,9,1,43,7,-1,-1,-1,-1,8,E01019101,0,1
2025031580130,2025,031580130,1,9,0,-1,19,7,3,-1,0,0,0,11,7,0,1,1,-1,9,1,18,4,-1,-1,-1,-1,4,E01019389,0,2
2025031580379,2025,031580379,2,9,0,-1,2,0,0,-1,0,0,0,0,0,0,2,1,-1,6,-1,-1,-1,-1,-1,-1,-1,-1,-1,0,-1
2025031580379,2025,031580379,3,9,0,-1,2,0,0,-1,0,0,0,0,0,0,2,1,-1,6,-1,-1,-1,-1,-1,-1,-1,-1,-1,0,-1
2025031580379,2025,031580379,1,9,0,-1,19,4,1,-1,9,0,0,0,2,11,1,1,-1,9,1,38,7,-1,-1,-1,-1,3,E01019210,0,1
2025031580465,2025,031580465,1,9,0,-1,19,1,7,-1,0,8,0,0,0,0,4,1,-1,6,2,58,9,-1,-1,-1,-1,4,E01019098,0,1
2025031580597,2025,031580597,2,9,0,-1,19,4,8,-1,0,1,0,0,0,0,2,1,-1,2,1,39,7,-1,-1,-1,-1,10,E01019361,0,1
2025031580597,2025,031580597,1,4,0,-1,19,4,8,-1,0,1,0,0,0,0,1,1,-1,2,2,47,8,-1,-1,-1,-1,10,E01019368,0,1
2025031580671,2025,031580671,2,9,0,-1,19,3,7,-1,0,1,0,0,0,0,0,1,-1,9,2,27,6,-1,-1,-1,-1,3,E01019194,0,3
2025031580671,2025,031580671,1,9,0,-1,9,2,7,-1,0,6,0,0,0,0,1,9,-1,9,1,91,11,-1,-1,-1,-1,10,E01019241,0,3
2025031580739,2025,031580739,1,9,0,-1,5,8,4,-1,0,1,0,0,0,0,1,1,-1,6,1,20,4,-1,-1,-1,-1,3,E01019194,0,1
2025031580739,2025,031580739,2,9,0,-1,3,6,2,-1,0,8,0,0,0,0,4,1,-1,6,2,65,9,-1,-1,-1,-1,-1,-1,0,-1
2025031580795,2025,031580795,2,1,0,-1,19,4,2,-1,0,8,0,0,0,0,1,1,-1,6,1,63,9,-1,-1,-1,-1,5,E01019259,0,4
2025031580795,2025,031580795,1,19,0,-1,9,1,4,-1,0,8,0,0,0,0,1,1,-1,9,1,38,7,-1,-1,-1,-1,1,E01019193,0,4
2025031581271,2025,031581271,1,9,-1,-1,-1,-1,-1,-1,-1,0,-1,-1,-1,0,-1,9,-1,1,3,-1,-1,-1,-1,-1,-1,-1,-1,0,-1
2025031581494,2025,031581494,2,3,0,-1,19,1,5,-1,0,8,0,0,0,0,1,1,-1,2,1,17,4,-1,-1,-1,-1,3,E01019272,0,2
2025031581494,2025,031581494,1,9,0,-1,9,5,3,-1,0,5,0,0,0,0,2,1,-1,6,2,77,11,-1,-1,-1,-1,10,E01019300,0,1
2025031581964,2025,031581964,1,9,0,-1,5,1,5,-1,0,0,0,0,0,0,1,1,-1,1,2,-1,-1,-1,-1,-1,-1,-1,-1,0,-1
2025031581964,2025,031581964,2,2,0,-1,19,1,5,-1,0,0,0,0,0,0,1,1,-1,6,1,16,4,-1,-1,-1,-1,-1,-1,0,-1
2025031582438,2025,031582438,1,9,0,-1,19,5,1,-1,0,0,5,0,1,11,1,1,-1,9,1,21,5,-1,-1,-1,-1,7,E01019212,0,1
2025031582489,2025,031582489,1,11,0,-1,19,4,8,-1,0,2,0,0,0,0,1,1,-1,1,1,29,6,-1,-1,-1,-1,6,E01027484,0,4
2025031582571,2025,031582571,1,2,0,-1,7,8,3,-1,0,5,1,0,0,0,4,1,-1,9,1,51,8,-1,-1,-1,-1,9,E01019334,0,1
2025031582574,2025,031582574,1,5,0,-1,19,5,1,-1,0,0,2,0,0,0,1,1,-1,6,1,22,5,-1,-1,-1,-1,1,E01012621,0,4
2025031582574,2025,031582574,3,9,0,-1,19,5,1,-1,0,0,2,0,7,0,2,1,-1,6,1,29,6,-1,-1,-1,-1,7,E01019357,0,4
2025031582633,2025,031582633,1,5,0,-1,19,8,4,-1,0,0,0,0,1,0,4,1,-1,9,1,50,8,-1,-1,-1,-1,1,E01004996,0,5
2025031583490,2025,031583490,1,9,0,-1,4,6,2,-1,0,0,0,0,0,0,4,1,-1,6,2,72,10,-1,-1,-1,-1,-1,-1,0,-1
2025031583490,2025,031583490,2,1,0,-1,19,2,6,-1,0,0,0,0,0,0,1,1,-1,6,1,54,8,-1,-1,-1,-1,-1,-1,0,-1
2025031583516,2025,031583516,1,5,-1,-1,-1,-1,-1,-1,-1,0,-1,-1,-1,0,-1,1,-1,9,2,31,6,-1,-1,-1,-1,7,E01024430,0,5
2025031583574,2025,031583574,1,9,0,-1,4,7,2,-1,0,1,0,0,0,0,1,1,-1,1,1,25,5,-1,-1,-1,-1,-1,-1,0,-1
2025031583574,2025,031583574,2,9,0,-1,3,7,2,-1,0,4,0,0,0,0,2,1,-1,6,2,52,8,-1,-1,-1,-1,-1,-1,0,-1
2025031583608,2025,031583608,1,9,0,-1,19,8,8,-1,0,2,0,0,0,0,1,1,-1,9,2,37,7,-1,-1,-1,-1,2,E01019172,0,1
2025031584536,2025,031584536,1,17,5,-1,19,3,8,-1,0,0,2,0,1,0,4,1,-1,1,1,18,4,-1,-1,-1,-1,9,E01019347,0,1
2025031584632,2025,031584632,2,9,0,-1,19,8,3,-1,0,0,0,0,0,0,1,1,-1,9,1,63,9,-1,-1,-1,-1,6,E01019385,0,2
2025031584632,2025,031584632,1,9,0,-1,19,3,8,-1,0,0,0,0,0,0,1,1,-1,2,1,24,5,-1,-1,-1,-1,2,E01010407,0,5
2025031584641,2025,031584641,2,9,0,-1,19,4,6,-1,0,1,0,0,0,0,1,2,-1,6,1,44,7,-1,-1,-1,-1,7,E01025003,0,4
2025031584641,2025,031584641,1,5,0,-1,19,4,7,-1,0,1,0,0,0,0,4,1,-1,6,1,57,9,-1,-1,-1,-1,7,E01019379,0,2
2025031584700,2025,031584700,1,9,0,-1,19,8,3,-1,0,0,0,0,0,0,1,1,-1,9,2,20,4,-1,-1,-1,-1,10,E01019300,0,2
2025031584940,2025,031584940,1,9,0,-1,19,3,7,-1,0,0,0,0,0,0,1,1,-1,6,1,50,8,-1,-1,-1,-1,-1,-1,0,-1
2025031584940,2025,031584940,2,1,0,-1,19,5,1,-1,0,0,1,0,0,0,1,1,-1,6,1,12,3,-1,-1,-1,-1,1,E01019295,0,1
2025031585004,2025,031585004,1,9,0,-1,9,3,8,-1,0,8,0,0,0,0,1,1,-1,9,1,61,9,-1,-1,-1,-1,-1,-1,0,-1
2025031585004,2025,031585004,2,1,0,-1,19,7,3,-1,0,1,0,0,0,0,1,1,-1,6,1,37,7,-1,-1,-1,-1,3,E01019194,0,1
2025031585036,2025,031585036,1,5,0,-1,5,1,5,-1,0,0,1,0,0,0,0,1,-1,9,1,56,9,-1,-1,-1,-1,5,E01006946,0,5
2025031585181,2025,031585181,2,9,0,-1,5,3,7,-1,0,1,0,0,0,0,3,1,-1,6,2,39,7,-1,-1,-1,-1,-1,-1,0,-1
2025031585181,2025,031585181,1,1,0,-1,19,3,7,-1,0,1,0,0,0,0,3,1,-1,6,1,31,6,-1,-1,-1,-1,-1,-1,0,-1
2025031585224,2025,031585224,1,8,0,-1,19,6,4,-1,0,2,0,0,0,0,1,1,-1,1,1,55,8,-1,-1,-1,-1,2,E01019267,0,2
2025031585307,2025,031585307,2,9,0,-1,19,3,7,-1,0,0,0,0,0,0,3,9,-1,9,2,74,10,-1,-1,-1,-1,5,E01019310,0,1
2025031585307,2025,031585307,1,9,0,-1,19,7,3,-1,0,0,1,0,0,0,1,1,-1,9,1,19,4,-1,-1,-1,-1,10,E01035203,0,4
2025031585307,2025,031585307,3,19,0,-1,19,3,7,-1,0,0,0,0,0,0,3,9,-1,9,1,32,6,-1,-1,-1,-1,9,E01019328,0,2
2025031585345,2025,031585345,2,9,0,-1,9,1,2,-1,0,1,0,0,0,0,1,1,-1,9,1,41,7,-1,-1,-1,-1,5,E01019123,0,1