collision_index,collision_year,collision_ref_no,vehicle_reference,vehicle_type,towing_and_articulation,vehicle_manoeuvre_historic,vehicle_manoeuvre,vehicle_direction_from,vehicle_direction_to,vehicle_location_restricted_lane_historic,vehicle_location_restricted_lane,junction_location,skidding_and_overturning,hit_object_in_carriageway,vehicle_leaving_carriageway,hit_object_off_carriageway,first_point_of_impact,vehicle_left_hand_drive,journey_purpose_of_driver_historic,journey_purpose_of_driver,sex_of_driver,age_of_driver,age_band_of_driver,engine_capacity_cc,propulsion_code,age_of_vehicle,generic_make_model,driver_imd_decile,lsoa_of_driver,escooter_flag,driver_distance_banding
2025031585345,2025,031585345,1,9,0,-1,9,2,1,-1,0,6,0,0,0,0,-1,9,-1,6,3,-1,-1,-1,-1,-1,-1,-1,-1,0,-1
2025031585345,2025,031585345,3,5,0,-1,19,5,1,-1,0,1,0,0,0,0,1,1,-1,9,1,58,9,-1,-1,-1,-1,1,E01019112,0,1
2025031585659,2025,031585659,1,5,0,-1,15,6,8,-1,0,0,5,0,0,0,1,1,-1,6,1,22,5,-1,-1,-1,-1,-1,-1,0,-1
2025031585668,2025,031585668,1,97,0,-1,19,7,3,-1,0,0,0,0,0,0,1,1,-1,6,3,-1,-1,-1,-1,-1,-1,-1,-1,0,-1
2025031585668,2025,031585668,2,5,0,-1,6,3,3,-1,0,0,0,0,0,0,3,1,-1,9,1,66,10,-1,-1,-1,-1,3,E01019194,0,1
2025031585668,2025,031585668,3,9,0,-1,2,0,0,-1,0,0,0,0,0,0,2,1,-1,6,-1,-1,-1,-1,-1,-1,-1,-1,-1,0,-1
2025031585786,2025,031585786,1,9,0,-1,19,4,8,-1,9,0,1,0,2,11,1,1,-1,9,1,22,5,-1,-1,-1,-1,-1,-1,0,-1
2025031585855,2025,031585855,2,9,0,-1,99,-1,-1,-1,0,0,0,0,0,0,1,1,-1,6,1,41,7,-1,-1,-1,-1,5,E01019339,0,3
2025031585855,2025,031585855,1,9,0,-1,4,-1,-1,-1,0,0,0,0,0,0,2,1,-1,6,1,47,8,-1,-1,-1,-1,1,E01011626,0,5
2025031585876,2025,031585876,1,9,0,-1,19,3,3,-1,0,0,0,0,7,0,1,1,-1,6,2,31,6,-1,-1,-1,-1,8,E01019366,0,1
2025031585958,2025,031585958,1,9,0,-1,15,5,1,-1,0,1,0,0,0,0,1,1,-1,6,1,74,10,-1,-1,-1,-1,-1,-1,0,-1
2025031586028,2025,031586028,1,9,0,-1,19,3,7,-1,0,0,0,0,1,0,1,1,-1,9,1,22,5,-1,-1,-1,-1,-1,-1,0,-1
2025031586119,2025,031586119,2,9,0,-1,19,8,3,-1,0,1,0,0,0,0,1,1,-1,9,1,50,8,-1,-1,-1,-1,5,E01019094,0,1
2025031586119,2025,031586119,1,9,0,-1,5,6,1,-1,0,2,0,0,0,0,1,1,-1,9,1,34,6,-1,-1,-1,-1,1,E01019301,0,4
2025031586285,2025,031586285,1,9,0,-1,19,3,6,-1,0,0,0,0,7,0,1,1,-1,9,1,78,11,-1,-1,-1,-1,8,E01019092,0,2
2025031586331,2025,031586331,1,9,0,-1,-1,-1,-1,-1,-1,-1,-1,-1,-1,0,-1,1,-1,6,1,-1,-1,-1,-1,-1,-1,-1,-1,0,-1
2025031586337,2025,031586337,1,9,0,-1,19,8,4,-1,0,0,0,0,1,11,1,1,-1,6,1,82,11,-1,-1,-1,-1,5,E01008535,0,5
2025031586923,2025,031586923,1,5,0,-1,19,3,7,-1,0,0,2,0,1,10,1,1,-1,9,1,38,7,-1,-1,-1,-1,4,E01027498,0,4
2025031587320,2025,031587320,1,9,0,-1,9,8,6,-1,0,5,0,0,0,0,4,1,-1,9,2,73,10,-1,-1,-1,-1,5,E01019386,0,3
2025031587320,2025,031587320,2,5,0,-1,19,4,8,-1,0,1,0,0,0,0,1,1,-1,6,1,44,7,-1,-1,-1,-1,4,E01025100,0,3
2025031587460,2025,031587460,1,9,0,-1,20,5,4,-1,9,0,0,0,0,0,1,2,-1,9,1,53,8,-1,-1,-1,-1,-1,-1,0,-1
2025031587460,2025,031587460,2,9,0,-1,2,0,0,-1,-1,0,0,0,0,0,1,1,-1,6,2,19,4,-1,-1,-1,-1,7,E01019375,0,1
2025031587972,2025,031587972,1,9,0,-1,19,7,4,-1,0,0,2,0,1,0,1,1,-1,6,1,22,5,-1,-1,-1,-1,3,E01019222,0,3
2025031589320,2025,031589320,1,9,0,-1,8,1,5,-1,0,1,0,0,0,0,1,1,-1,9,2,56,9,-1,-1,-1,-1,9,E01019287,0,1
2025031589464,2025,031589464,1,9,0,-1,4,7,3,-1,0,2,0,0,0,0,3,1,-1,2,1,60,9,-1,-1,-1,-1,-1,-1,0,-1
2025031589464,2025,031589464,2,1,-1,-1,-1,-1,-1,-1,-1,-1,-1,-1,-1,0,3,1,-1,2,1,63,9,-1,-1,-1,-1,-1,-1,0,-1
2025031589585,2025,031589585,1,9,0,-1,19,5,1,-1,0,1,0,0,0,0,3,1,-1,6,1,28,6,-1,-1,-1,-1,-1,-1,0,-1
2025031589646,2025,031589646,1,17,0,-1,19,3,7,-1,0,0,0,0,7,0,1,1,-1,1,1,85,11,-1,-1,-1,-1,-1,-1,0,-1
2025031589653,2025,031589653,2,9,0,-1,19,1,6,-1,0,0,0,0,0,0,1,1,-1,2,1,26,6,-1,-1,-1,-1,4,E01019389,0,3
2025031589653,2025,031589653,1,9,0,-1,6,5,5,-1,0,0,0,0,0,0,1,1,-1,9,2,27,6,-1,-1,-1,-1,5,E01019388,0,3
2025031589852,2025,031589852,1,19,0,-1,9,7,5,-1,0,1,0,0,0,0,4,1,-1,1,1,36,7,-1,-1,-1,-1,5,E01019278,0,1
2025031589871,2025,031589871,2,9,0,-1,19,4,8,-1,0,3,0,0,0,0,1,1,-1,2,2,36,7,-1,-1,-1,-1,7,E01025131,0,4
2025031589871,2025,031589871,1,9,0,-1,9,7,4,-1,0,6,0,0,0,0,3,1,-1,9,2,72,10,-1,-1,-1,-1,5,E01007426,0,5
2025031590096,2025,031590096,1,9,0,-1,19,2,6,-1,0,0,0,0,7,0,1,1,-1,6,2,76,11,-1,-1,-1,-1,8,E01019262,0,1
2025031590108,2025,031590108,1,9,0,-1,19,5,1,-1,0,0,0,0,1,11,1,1,-1,1,1,42,7,-1,-1,-1,-1,9,E01011278,0,5
2025031590162,2025,031590162,1,9,0,-1,9,2,7,-1,4,6,0,0,0,0,1,1,-1,2,1,26,6,-1,-1,-1,-1,8,E01019330,0,1
2025031590448,2025,031590448,2,9,0,-1,19,5,2,-1,0,0,0,0,0,0,1,1,-1,9,1,49,8,-1,-1,-1,-1,4,E01017251,0,5
2025031590448,2025,031590448,1,19,0,-1,19,2,6,-1,0,0,0,0,0,0,1,1,-1,1,1,34,6,-1,-1,-1,-1,3,E01025097,0,4
2025031590533,2025,031590533,2,9,0,-1,19,7,1,-1,0,0,0,0,0,0,1,1,-1,6,2,64,9,-1,-1,-1,-1,-1,-1,0,-1
2025031590533,2025,031590533,1,9,0,-1,19,1,7,-1,0,0,0,0,0,0,1,1,-1,6,1,62,9,-1,-1,-1,-1,-1,-1,0,-1
2025031591042,2025,031591042,1,9,0,-1,19,8,4,-1,0,0,0,0,0,0,1,1,-1,9,1,19,4,-1,-1,-1,-1,7,E01019240,0,1
2025031591042,2025,031591042,2,9,0,-1,19,8,4,-1,0,0,0,0,0,0,2,1,-1,2,1,40,7,-1,-1,-1,-1,5,E01019201,0,3
2025031591042,2025,031591042,3,9,0,-1,19,8,4,-1,0,0,0,0,0,0,2,1,-1,2,2,36,7,-1,-1,-1,-1,7,E01034072,0,1
2025031591323,2025,031591323,1,9,0,-1,10,1,7,-1,0,6,0,0,0,0,4,1,-1,9,1,32,6,-1,-1,-1,-1,8,E01019373,0,1
2025031591323,2025,031591323,2,9,0,-1,10,3,1,-1,0,5,0,0,0,0,3,1,-1,9,1,56,9,-1,-1,-1,-1,6,E01025167,0,1
2025031591337,2025,031591337,2,9,0,-1,19,1,6,-1,0,0,0,0,0,0,3,1,-1,9,2,29,6,-1,-1,-1,-1,3,E01019208,0,2
2025031591337,2025,031591337,1,3,0,-1,19,6,1,-1,0,0,0,0,0,0,1,1,-1,7,2,28,6,-1,-1,-1,-1,-1,-1,0,-1
2025031591427,2025,031591427,2,9,0,-1,2,0,0,-1,0,0,0,0,0,0,3,1,-1,6,-1,-1,-1,-1,-1,-1,-1,-1,-1,0,-1
2025031591427,2025,031591427,1,9,0,-1,19,2,6,-1,0,0,0,0,0,0,4,9,-1,6,3,20,4,-1,-1,-1,-1,-1,-1,0,-1
2025031591534,2025,031591534,2,9,0,-1,7,2,8,-1,0,1,0,0,0,0,3,1,-1,1,1,37,7,-1,-1,-1,-1,-1,-1,0,-1
2025031591534,2025,031591534,1,1,0,-1,19,4,8,-1,0,1,0,0,0,0,1,1,-1,6,1,46,8,-1,-1,-1,-1,-1,-1,0,-1
2025031591647,2025,031591647,2,9,0,-1,19,2,6,-1,0,0,0,0,0,0,1,1,-1,9,1,25,5,-1,-1,-1,-1,8,E01007067,0,4
2025031591647,2025,031591647,1,9,0,-1,19,7,2,-1,0,0,0,0,0,0,1,1,-1,9,1,56,9,-1,-1,-1,-1,5,E01019394,0,1
2025031591757,2025,031591757,1,9,0,-1,19,2,7,-1,0,0,0,4,0,0,1,1,-1,9,1,39,7,-1,-1,-1,-1,4,E01019137,0,1
2025031591757,2025,031591757,2,9,0,-1,2,0,0,-1,0,0,0,0,0,0,2,1,-1,6,1,85,11,-1,-1,-1,-1,7,E01019136,0,1
2025031591944,2025,031591944,1,3,0,-1,19,5,1,-1,9,0,0,0,1,11,4,1,-1,6,1,59,9,-1,-1,-1,-1,5,E01019186,0,1
2025031592022,2025,031592022,2,1,0,-1,19,2,6,-1,9,1,0,0,0,0,1,1,-1,9,1,13,3,-1,-1,-1,-1,-1,-1,0,-1
2025031592022,2025,031592022,1,9,0,-1,7,8,3,-1,9,6,0,0,0,0,0,1,-1,9,1,44,7,-1,-1,-1,-1,-1,-1,0,-1
2025031593104,2025,031593104,2,1,-1,-1,-1,-1,-1,-1,-1,-1,-1,-1,-1,0,-1,1,-1,6,1,53,8,-1,-1,-1,-1,5,E01019188,0,1
2025031593104,2025,031593104,1,9,-1,-1,-1,-1,-1,-1,-1,-1,-1,-1,-1,0,-1,9,-1,6,2,38,7,-1,-1,-1,-1,-1,-1,0,-1
2025031593392,2025,031593392,2,9,0,-1,19,7,3,-1,0,0,0,0,0,0,1,1,-1,9,1,81,11,-1,-1,-1,-1,7,E01019397,0,4
2025031593392,2025,031593392,1,5,0,-1,19,3,7,-1,0,0,5,0,0,0,1,1,-1,6,1,63,9,-1,-1,-1,-1,7,E01025463,0,4
2025031593493,2025,031593493,1,9,0,-1,9,1,8,-1,0,6,0,0,0,0,1,1,-1,6,1,38,7,-1,-1,-1,-1,-1,-1,0,-1
2025031593493,2025,031593493,2,9,0,-1,19,8,4,-1,0,8,0,0,7,0,4,1,-1,9,2,44,7,-1,-1,-1,-1,-1,-1,0,-1
2025031593543,2025,031593543,1,9,0,-1,19,2,6,-1,0,1,0,0,0,0,1,1,-1,6,1,74,10,-1,-1,-1,-1,8,E01019378,0,2
2025031593543,2025,031593543,2,9,0,-1,4,2,8,-1,0,1,0,0,0,0,2,1,-1,9,1,65,9,-1,-1,-1,-1,10,E01017648,0,5
2025031593917,2025,031593917,1,3,0,-1,19,6,3,-1,0,0,0,0,0,0,2,1,-1,6,1,21,5,-1,-1,-1,-1,-1,-1,0,-1
2025031594255,2025,031594255,2,97,0,-1,20,0,0,-1,0,0,0,0,0,0,1,1,-1,9,1,84,11,-1,-1,-1,-1,5,E01012325,0,4
2025031594255,2025,031594255,1,97,0,-1,19,5,1,-1,0,0,0,0,0,0,1,1,-1,9,2,66,10,-1,-1,-1,-1,5,E01022270,0,5
2025031594823,2025,031594823,1,9,0,-1,19,5,1,-1,0,0,0,0,0,0,1,1,-1,6,1,19,4,-1,-1,-1,-1,5,E01019286,0,2
2025031595240,2025,031595240,2,9,0,-1,2,7,5,-1,0,0,0,0,0,0,1,1,-1,6,-1,-1,-1,-1,-1,-1,-1,-1,-1,0,-1
2025031595240,2025,031595240,1,9,0,-1,19,5,1,-1,0,0,0,4,0,0,1,1,-1,6,1,75,10,-1,-1,-1,-1,5,E01019394,0,2
2025031595413,2025,031595413,1,9,0,-1,9,7,4,-1,0,5,0,0,0,0,1,9,-1,6,3,-1,-1,-1,-1,-1,-1,-1,-1,0,-1
2025031595671,2025,031595671,2,9,0,-1,19,1,5,-1,0,0,0,0,0,0,1,1,-1,6,2,28,6,-1,-1,-1,-1,-1,-1,0,-1
2025031595671,2025,031595671,1,9,0,-1,19,5,1,-1,0,0,0,0,0,0,1,1,-1,6,2,60,9,-1,-1,-1,-1,-1,-1,0,-1
2025031595818,2025,031595818,1,9,0,-1,-1,-1,-1,-1,-1,-1,-1,-1,-1,0,1,9,-1,6,3,-1,-1,-1,-1,-1,-1,-1,-1,0,-1
2025031595818,2025,031595818,2,9,0,-1,-1,-1,-1,-1,-1,-1,-1,-1,-1,0,2,1,-1,6,1,48,8,-1,-1,-1,-1,-1,-1,0,-1
2025031595831,2025,031595831,1,8,0,-1,19,6,2,-1,0,0,0,0,0,0,1,1,-1,6,3,-1,-1,-1,-1,-1,-1,-1,-1,0,-1
2025031595865,2025,031595865,1,9,0,-1,19,1,5,-1,0,0,1,0,1,0,4,1,-1,9,1,27,6,-1,-1,-1,-1,7,E01019219,0,1
2025031595994,2025,031595994,2,9,-1,-1,-1,-1,-1,-1,-1,-1,-1,-1,-1,0,-1,9,-1,9,2,-1,-1,-1,-1,-1,-1,-1,-1,0,-1
2025031595994,2025,031595994,1,19,-1,-1,-1,-1,-1,-1,-1,-1,-1,-1,-1,0,-1,9,-1,1,1,-1,-1,-1,-1,-1,-1,-1,-1,0,-1
2025031596476,2025,031596476,2,1,0,-1,9,6,4,-1,0,8,0,0,0,0,2,1,-1,9,1,58,9,-1,-1,-1,-1,3,E01019126,0,1
2025031596476,2025,031596476,1,9,0,-1,7,8,4,-1,0,8,0,0,0,0,3,1,-1,9,2,72,10,-1,-1,-1,-1,3,E01019126,0,1
2025031596490,2025,031596490,2,4,0,-1,19,3,7,-1,0,1,0,0,0,0,4,1,-1,9,1,54,8,-1,-1,-1,-1,-1,-1,0,-1
2025031596490,2025,031596490,1,9,0,-1,9,5,3,-1,0,2,0,0,0,0,1,1,-1,9,2,79,11,-1,-1,-1,-1,-1,-1,0,-1
2025031596772,2025,031596772,2,98,0,-1,19,1,5,-1,0,0,0,0,0,0,1,1,-1,1,1,26,6,-1,-1,-1,-1,5,E01025206,0,4
2025031596772,2025,031596772,1,3,0,-1,13,5,1,-1,0,0,0,0,0,0,3,1,-1,2,1,19,4,-1,-1,-1,-1,6,E01019354,0,3
2025031596779,2025,031596779,1,9,0,-1,19,2,6,-1,0,0,0,0,0,0,1,1,-1,9,2,30,6,-1,-1,-1,-1,-1,-1,0,-1
2025031597565,2025,031597565,1,9,0,-1,3,1,1,-1,0,0,0,2,0,0,0,9,-1,6,1,60,9,-1,-1,-1,-1,5,E01019339,0,1
2025031597607,2025,031597607,2,9,0,-1,19,2,7,-1,0,0,0,0,0,0,3,1,-1,9,1,66,10,-1,-1,-1,-1,5,E01019388,0,1
2025031597607,2025,031597607,1,2,0,-1,4,7,2,-1,0,0,0,0,0,0,3,1,-1,9,1,16,4,-1,-1,-1,-1,7,E01019379,0,1
2025031597630,2025,031597630,2,4,0,-1,19,8,4,-1,0,1,0,0,0,0,1,1,-1,2,1,32,6,-1,-1,-1,-1,7,E01034074,0,1
2025031597630,2025,031597630,1,9,0,-1,9,3,8,-1,0,2,0,0,0,0,3,1,-1,9,1,26,6,-1,-1,-1,-1,2,E01019234,0,1
2025031597776,2025,031597776,1,9,0,-1,5,2,6,-1,-1,0,0,0,0,0,0,1,-1,6,1,-1,-1,-1,-1,-1,-1,-1,-1,0,-1
2025031597809,2025,031597809,1,9,0,-1,19,6,3,-1,0,0,1,0,0,0,4,1,-1,9,1,26,6,-1,-1,-1,-1,2,E01004855,0,4
2025031597811,2025,031597811,1,9,0,-1,19,1,5,-1,0,0,0,0,7,0,1,1,-1,2,1,63,9,-1,-1,-1,-1,7,E01019337,0,1
2025031598140,2025,031598140,1,9,0,-1,7,7,3,-1,0,1,0,0,0,0,1,2,-1,6,1,44,7,-1,-1,-1,-1,-1,-1,0,-1
2025031598140,2025,031598140,2,9,0,-1,19,1,5,-1,0,1,0,0,0,0,3,2,-1,6,2,75,10,-1,-1,-1,-1,-1,-1,0,-1
2025031598197,2025,031598197,1,21,0,-1,7,3,5,-1,0,8,0,0,0,0,4,1,-1,1,1,54,8,-1,-1,-1,-1,1,E01006369,0,4
2025031598705,2025,031598705,1,9,0,-1,19,7,3,-1,0,0,0,0,1,4,1,1,-1,9,1,54,8,-1,-1,-1,-1,3,-1,0,5
2025031598713,2025,031598713,1,9,0,-1,19,4,8,-1,0,0,1,0,0,0,1,1,-1,9,1,37,7,-1,-1,-1,-1,2,E01011043,0,5
2025031598775,2025,031598775,1,9,0,-1,19,5,1,-1,0,0,1,2,0,0,3,1,-1,9,1,43,7,-1,-1,-1,-1,6,E01019235,0,1
2025031599119,2025,031599119,1,9,0,-1,9,3,8,-1,0,6,0,0,0,0,1,1,-1,6,2,46,8,-1,-1,-1,-1,-1,-1,0,-1
2025031599119,2025,031599119,2,9,0,-1,19,1,4,-1,0,1,0,0,0,0,4,1,-1,9,2,71,10,-1,-1,-1,-1,9,E01019303,0,3
2025031599535,2025,031599535,2,9,0,-1,3,4,8,-1,0,0,0,0,0,0,1,1,-1,9,2,28,6,-1,-1,-1,-1,-1,-1,0,-1
2025031599535,2025,031599535,1,9,0,-1,1,8,4,-1,0,0,0,0,0,0,2,1,-1,9,1,42,7,-1,-1,-1,-1,-1,-1,0,-1
2025031599553,2025,031599553,2,9,0,-1,19,7,3,-1,0,0,0,0,0,0,2,1,-1,6,1,19,4,-1,-1,-1,-1,10,E01019393,0,3
2025031599553,2025,031599553,1,9,0,-1,19,7,3,-1,0,0,0,0,0,0,1,1,-1,6,1,20,4,-1,-1,-1,-1,3,E01019187,0,2
2025031599618,2025,031599618,1,9,0,-1,9,3,7,-1,0,2,0,0,0,0,3,9,-1,2,2,41,7,-1,-1,-1,-1,9,E01019129,0,1
2025031599618,2025,031599618,2,2,0,-1,19,8,4,-1,0,1,0,0,0,0,1,1,-1,9,1,16,4,-1,-1,-1,-1,6,E01019100,0,1
2025031599670,2025,031599670,1,1,0,-1,13,1,5,-1,0,0,0,0,7,0,4,1,-1,9,1,70,10,-1,-1,-1,-1,6,W01001930,0,5
2025031599670,2025,031599670,2,1,0,-1,19,1,5,-1,0,0,0,0,0,0,3,1,-1,9,1,75,10,-1,-1,-1,-1,6,W01000339,0,5
2025031599699,2025,031599699,1,9,0,-1,9,1,5,-1,0,1,0,0,0,0,1,1,-1,6,1,31,6,-1,-1,-1,-1,-1,-1,0,-1
2025031599825,2025,031599825,1,9,0,-1,9,6,2,-1,0,8,0,0,0,0,1,1,-1,2,2,31,6,-1,-1,-1,-1,3,E01019236,0,1
2025031599825,2025,031599825,2,19,0,-1,19,2,4,-1,0,1,0,0,0,0,1,1,-1,1,1,45,7,-1,-1,-1,-1,-1,-1,0,-1
2025031600179,2025,031600179,1,9,0,-1,19,1,5,-1,0,2,0,0,0,0,3,9,-1,9,1,79,11,-1,-1,-1,-1,7,E01019136,0,1
2025031600179,2025,031600179,2,1,0,-1,19,8,5,-1,0,2,0,0,0,0,4,1,-1,9,1,61,9,-1,-1,-1,-1,5,E01019132,0,1
2025031600676,2025,031600676,2,9,0,-1,5,7,7,-1,0,6,0,0,0,0,1,1,-1,9,1,79,11,-1,-1,-1,-1,10,E01025278,0,4
2025031600676,2025,031600676,1,9,0,-1,19,2,2,-1,0,1,0,0,3,11,1,1,-1,6,2,45,7,-1,-1,-1,-1,-1,-1,0,-1
2025031601176,2025,031601176,1,19,0,-1,19,5,1,-1,0,0,0,0,7,0,1,1,-1,6,1,58,9,-1,-1,-1,-1,4,E01019229,0,2
2025031601194,2025,031601194,1,1,0,-1,9,1,5,-1,0,0,5,0,0,0,3,1,-1,9,1,66,10,-1,-1,-1,-1,-1,-1,0,-1
2025031601197,2025,031601197,1,9,0,-1,19,8,4,-1,0,2,1,0,1,10,4,1,-1,9,2,18,4,-1,-1,-1,-1,1,E01019121,0,4
2025031601203,2025,031601203,2,9,0,-1,19,3,6,-1,0,0,0,0,1,0,3,1,-1,6,1,30,6,-1,-1,-1,-1,1,E01008289,0,4
2025031601203,2025,031601203,1,9,4,-1,13,6,3,-1,0,0,0,0,1,11,2,1,-1,6,-1,-1,-1,-1,-1,-1,-1,-1,-1,0,-1
2025031601506,2025,031601506,1,9,0,-1,19,1,5,-1,1,0,1,0,1,0,1,1,-1,9,1,16,4,-1,-1,-1,-1,-1,-1,0,-1
2025031601609,2025,031601609,1,3,0,-1,19,7,3,-1,0,0,0,10,0,0,0,1,-1,9,2,41,7,-1,-1,-1,-1,-1,-1,0,-1
2025031602009,2025,031602009,1,11,0,-1,19,5,1,-1,0,0,0,0,0,0,0,1,-1,1,1,50,8,-1,-1,-1,-1,5,E01019182,0,1
2025031602448,2025,031602448,1,9,0,-1,19,5,2,-1,0,1,0,0,0,0,1,1,-1,9,1,76,11,-1,-1,-1,-1,-1,-1,0,-1
2025031602448,2025,031602448,2,9,0,-1,19,2,5,-1,0,1,0,0,0,0,1,1,-1,9,1,84,11,-1,-1,-1,-1,-1,-1,0,-1
2025031602505,2025,031602505,1,9,0,-1,19,1,5,-1,0,0,0,0,0,0,1,1,-1,1,1,58,9,-1,-1,-1,-1,9,E01028986,0,5
2025031602514,2025,031602514,2,9,0,-1,2,0,0,-1,0,0,0,0,0,0,1,1,-1,6,-1,-1,-1,-1,-1,-1,-1,-1,-1,0,-1
2025031602514,2025,031602514,1,9,0,-1,5,4,1,-1,0,0,0,4,0,0,1,1,-1,6,1,44,7,-1,-1,-1,-1,-1,-1,0,-1
2025031603167,2025,031603167,1,9,0,-1,19,2,5,-1,0,0,0,0,0,0,3,1,-1,9,1,31,6,-1,-1,-1,-1,-1,-1,0,-1
2025031603167,2025,031603167,2,9,0,-1,19,5,2,-1,0,0,0,11,1,0,3,1,-1,9,1,77,11,-1,-1,-1,-1,-1,-1,0,-1
2025031603515,2025,031603515,1,4,0,-1,7,5,1,-1,0,0,0,0,0,0,1,1,-1,1,1,22,5,-1,-1,-1,-1,-1,-1,0,-1
2025031603515,2025,031603515,2,1,0,-1,19,1,5,-1,0,0,0,0,0,0,1,1,-1,9,2,53,8,-1,-1,-1,-1,4,E01019318,0,3
2025031603515,2025,031603515,3,1,0,-1,19,1,5,-1,0,0,1,0,0,0,1,1,-1,9,1,63,9,-1,-1,-1,-1,6,E01019317,0,3
2025031603577,2025,031603577,1,3,0,-1,19,1,5,-1,0,0,5,0,0,0,1,1,-1,9,1,17,4,-1,-1,-1,-1,6,E01025585,0,4
2025031603577,2025,031603577,2,9,0,-1,10,7,7,-1,0,0,0,0,0,0,2,1,-1,9,1,31,6,-1,-1,-1,-1,5,E01025168,0,1
2025031603647,2025,031603647,2,9,0,-1,4,8,4,-1,0,0,0,0,0,0,1,1,-1,6,1,77,11,-1,-1,-1,-1,6,E01019346,0,1
2025031603647,2025,031603647,1,9,0,-1,19,4,8,-1,0,0,0,0,1,0,1,1,-1,1,2,38,7,-1,-1,-1,-1,-1,-1,0,-1
2025031603724,2025,031603724,2,9,0,-1,2,0,0,-1,0,1,0,0,0,0,3,1,-1,9,2,53,8,-1,-1,-1,-1,-1,-1,0,-1
2025031603724,2025,031603724,1,9,0,-1,19,3,7,-1,0,8,0,0,1,0,1,1,-1,9,1,47,8,-1,-1,-1,-1,-1,-1,0,-1
2025031603790,2025,031603790,1,9,0,-1,19,3,7,-1,0,0,0,0,0,0,3,1,-1,9,2,89,11,-1,-1,-1,-1,7,E01019212,0,2
2025031603975,2025,031603975,2,8,0,-1,2,-1,-1,-1,0,0,0,0,0,0,3,1,-1,6,1,-1,-1,-1,-1,-1,-1,-1,-1,0,-1
2025031603975,2025,031603975,1,1,0,-1,19,-1,-1,-1,0,0,0,0,0,0,1,1,-1,2,1,30,6,-1,-1,-1,-1,4,E01019389,0,3
2025031604827,2025,031604827,1,9,-1,-1,-1,-1,-1,-1,-1,-1,-1,-1,-1,0,-1,9,-1,6,1,-1,-1,-1,-1,-1,-1,-1,-1,0,-1
2025031605013,2025,031605013,3,9,0,-1,2,0,0,-1,0,0,0,4,0,0,1,1,-1,6,-1,-1,-1,-1,-1,-1,-1,-1,-1,0,-1
2025031605013,2025,031605013,1,9,0,-1,1,3,7,-1,0,0,0,4,0,0,2,1,-1,6,1,33,6,-1,-1,-1,-1,2,E01019111,0,1
2025031605013,2025,031605013,4,9,0,-1,2,0,0,-1,0,0,0,0,0,0,2,1,-1,6,-1,-1,-1,-1,-1,-1,-1,-1,-1,0,-1
2025031605013,2025,031605013,2,9,0,-1,19,3,7,-1,0,0,0,0,0,0,1,1,-1,8,1,47,8,-1,-1,-1,-1,4,E01019332,0,4
2025031605016,2025,031605016,1,9,0,-1,9,3,7,-1,0,0,0,0,0,0,1,1,-1,6,-1,-1,-1,-1,-1,-1,-1,-1,-1,0,-1
2025031605164,2025,031605164,2,9,0,-1,4,1,5,-1,0,0,0,0,0,0,1,1,-1,2,1,60,9,-1,-1,-1,-1,4,E01019340,0,1
2025031605164,2025,031605164,1,3,0,-1,19,1,8,-1,0,0,2,0,0,0,1,1,-1,2,1,21,5,-1,-1,-1,-1,4,E01019340,0,1
2025031605213,2025,031605213,1,9,0,-1,11,1,5,-1,0,0,0,0,0,0,4,1,-1,6,2,67,10,-1,-1,-1,-1,1,E01025083,0,4
2025031605213,2025,031605213,2,21,1,-1,19,1,5,-1,0,0,0,0,0,0,3,1,-1,1,1,34,6,-1,-1,-1,-1,4,-1,0,5
2025031605517,2025,031605517,1,4,0,-1,19,6,2,-1,0,8,0,12,0,0,1,1,-1,9,1,56,9,-1,-1,-1,-1,9,E01019328,0,4
2025031605894,2025,031605894,1,9,0,-1,9,1,2,-1,0,1,0,0,0,0,1,1,-1,6,2,47,8,-1,-1,-1,-1,4,-1,0,5
2025031605894,2025,031605894,3,98,0,-1,19,5,1,-1,0,1,0,0,0,0,1,1,-1,6,1,22,5,-1,-1,-1,-1,-1,-1,0,-1
2025031605899,2025,031605899,1,9,0,-1,19,3,7,-1,0,7,0,0,0,0,3,1,-1,9,1,18,4,-1,-1,-1,-1,5,E01019226,0,1
2025031605899,2025,031605899,2,9,0,-1,19,8,5,-1,0,1,0,0,0,0,1,1,-1,9,2,67,10,-1,-1,-1,-1,4,E01019228,0,3
2025031605958,2025,031605958,1,5,0,-1,19,2,6,-1,0,0,0,0,0,0,2,1,-1,9,1,64,9,-1,-1,-1,-1,-1,-1,0,-1
2025031605958,2025,031605958,2,5,0,-1,19,2,6,-1,0,0,0,0,0,0,2,1,-1,9,1,39,7,-1,-1,-1,-1,-1,-1,0,-1
2025031606024,2025,031606024,2,9,0,-1,19,5,1,-1,0,2,0,0,0,0,1,1,-1,6,1,76,11,-1,-1,-1,-1,-1,-1,0,-1
2025031606024,2025,031606024,1,9,0,-1,9,7,5,-1,0,6,0,0,1,0,3,1,-1,6,1,18,4,-1,-1,-1,-1,-1,-1,0,-1
2025031606056,2025,031606056,2,5,0,-1,4,4,8,-1,0,0,0,0,0,0,2,1,-1,9,1,60,9,-1,-1,-1,-1,2,E01020639,0,5
2025031606056,2025,031606056,3,9,0,-1,4,4,8,-1,0,0,0,0,0,0,2,1,-1,9,2,30,6,-1,-1,-1,-1,3,E01012715,0,4
2025031606056,2025,031606056,1,5,0,-1,19,4,8,-1,0,0,1,0,0,0,1,1,-1,9,1,63,9,-1,-1,-1,-1,3,E01008461,0,5
2025031606677,2025,031606677,2,9,0,-1,19,7,5,-1,0,0,0,0,0,0,4,1,-1,2,2,29,6,-1,-1,-1,-1,5,E01019083,0,4
2025031606677,2025,031606677,1,9,0,-1,9,7,1,-1,0,0,0,0,0,0,1,1,-1,6,2,65,9,-1,-1,-1,-1,6,E01019256,0,2