collision_index,collision_year,collision_ref_no,vehicle_reference,vehicle_type,towing_and_articulation,vehicle_manoeuvre_historic,vehicle_manoeuvre,vehicle_direction_from,vehicle_direction_to,vehicle_location_restricted_lane_historic,vehicle_location_restricted_lane,junction_location,skidding_and_overturning,hit_object_in_carriageway,vehicle_leaving_carriageway,hit_object_off_carriageway,first_point_of_impact,vehicle_left_hand_drive,journey_purpose_of_driver_historic,journey_purpose_of_driver,sex_of_driver,age_of_driver,age_band_of_driver,engine_capacity_cc,propulsion_code,age_of_vehicle,generic_make_model,driver_imd_decile,lsoa_of_driver,escooter_flag,driver_distance_banding
2025031606802,2025,031606802,1,9,0,-1,19,4,8,-1,-1,0,2,4,7,0,1,1,-1,9,1,17,4,-1,-1,-1,-1,4,E01019247,0,3
2025031606802,2025,031606802,2,19,0,-1,2,0,0,-1,-1,0,0,0,7,0,1,1,-1,6,1,39,7,-1,-1,-1,-1,-1,-1,0,-1
2025031606915,2025,031606915,2,98,0,-1,2,3,3,-1,0,2,0,0,0,0,4,1,-1,1,1,26,6,-1,-1,-1,-1,8,E01019224,0,2
2025031606915,2025,031606915,1,98,0,-1,19,3,7,-1,0,2,0,4,0,0,4,1,-1,1,1,26,6,-1,-1,-1,-1,1,E01019245,0,1
2025031607054,2025,031607054,1,9,-1,-1,-1,-1,-1,-1,-1,0,-1,-1,-1,0,2,9,-1,6,2,23,5,-1,-1,-1,-1,5,E01019189,0,1
2025031607054,2025,031607054,2,-1,-1,-1,-1,-1,-1,-1,-1,0,-1,-1,-1,0,-1,9,-1,9,1,29,6,-1,-1,-1,-1,-1,-1,1,-1
2025031607146,2025,031607146,1,9,0,-1,19,7,3,-1,0,0,0,0,7,0,1,1,-1,2,1,44,7,-1,-1,-1,-1,7,E01012202,0,4
2025031607146,2025,031607146,2,9,0,-1,19,7,3,-1,0,0,0,0,0,0,1,1,-1,6,2,24,5,-1,-1,-1,-1,5,E01019325,0,1
2025031607238,2025,031607238,2,9,0,-1,19,1,5,-1,0,1,1,0,7,0,1,1,-1,6,1,54,8,-1,-1,-1,-1,-1,-1,0,-1
2025031607238,2025,031607238,1,9,0,-1,19,3,7,-1,0,2,1,0,7,0,3,1,-1,6,2,31,6,-1,-1,-1,-1,6,E01019088,0,3
2025031607294,2025,031607294,1,9,0,-1,19,1,5,-1,0,0,2,7,1,0,4,1,-1,9,1,18,4,-1,-1,-1,-1,1,-1,0,5
2025031607353,2025,031607353,2,5,0,-1,19,7,3,-1,0,0,0,0,1,0,1,1,-1,9,1,46,8,-1,-1,-1,-1,3,-1,0,5
2025031607353,2025,031607353,1,9,0,-1,19,3,7,-1,0,0,0,0,0,0,1,1,-1,9,2,42,7,-1,-1,-1,-1,5,E01019314,0,3
2025031607353,2025,031607353,3,9,0,-1,19,7,3,-1,0,0,0,0,0,0,1,1,-1,9,1,56,9,-1,-1,-1,-1,5,E01019132,0,4
2025031607947,2025,031607947,1,19,0,-1,3,3,7,-1,0,0,0,0,0,0,1,1,-1,1,1,22,5,-1,-1,-1,-1,10,E01019249,0,1
2025031607947,2025,031607947,2,9,0,-1,3,3,7,-1,0,0,0,0,0,0,2,1,-1,9,1,68,10,-1,-1,-1,-1,5,E01019201,0,2
2025031607948,2025,031607948,2,17,4,-1,7,4,3,-1,0,0,0,0,0,0,4,1,-1,1,1,27,6,-1,-1,-1,-1,7,E01019200,0,3
2025031607948,2025,031607948,1,9,0,-1,19,8,4,-1,0,0,0,0,0,0,1,1,-1,6,2,37,7,-1,-1,-1,-1,3,E01019333,0,3
2025031608029,2025,031608029,1,9,0,-1,19,3,7,-1,0,0,1,0,7,11,1,1,-1,9,2,21,5,-1,-1,-1,-1,5,E01019394,0,1
2025031608070,2025,031608070,1,19,0,-1,19,3,6,-1,0,1,0,0,0,0,4,1,-1,9,1,46,8,-1,-1,-1,-1,-1,-1,0,-1
2025031608424,2025,031608424,1,19,-1,-1,1,7,7,-1,-1,0,-1,-1,-1,-1,-1,9,-1,6,1,39,7,-1,-1,-1,-1,9,E01019358,0,1
2025031608587,2025,031608587,2,19,0,-1,19,6,2,-1,0,0,0,0,0,0,2,1,-1,6,1,24,5,-1,-1,-1,-1,5,E01019380,0,3
2025031608587,2025,031608587,3,9,0,-1,4,6,2,-1,0,0,0,0,0,0,2,1,-1,9,1,48,8,-1,-1,-1,-1,1,E01019156,0,3
2025031608587,2025,031608587,1,9,0,-1,19,6,2,-1,0,0,1,4,1,9,1,1,-1,6,1,34,6,-1,-1,-1,-1,8,E01019390,0,1
2025031608699,2025,031608699,1,5,0,-1,19,6,2,-1,0,0,0,12,0,0,1,1,-1,9,1,57,9,-1,-1,-1,-1,-1,-1,0,-1
2025031608700,2025,031608700,1,19,0,-1,9,1,5,-1,0,6,0,0,0,0,1,1,-1,6,1,76,11,-1,-1,-1,-1,6,E01019351,0,1
2025031608700,2025,031608700,2,2,0,-1,19,6,2,-1,0,1,0,0,0,0,1,1,-1,6,1,17,4,-1,-1,-1,-1,5,E01019144,0,1
2025031608822,2025,031608822,1,9,0,-1,1,6,3,-1,0,0,0,0,0,0,1,1,-1,9,1,25,5,-1,-1,-1,-1,1,E01019158,0,1
2025031609180,2025,031609180,1,9,0,-1,1,5,5,-1,0,2,0,0,0,0,2,1,-1,6,1,71,10,-1,-1,-1,-1,-1,-1,0,-1
2025031609406,2025,031609406,1,9,0,-1,5,2,1,-1,0,1,0,0,3,10,1,1,-1,9,1,81,11,-1,-1,-1,-1,4,E01027953,0,5
2025031609545,2025,031609545,2,1,0,-1,19,5,8,-1,0,8,0,0,0,0,4,1,-1,6,1,37,7,-1,-1,-1,-1,2,E01019234,0,1
2025031609545,2025,031609545,1,19,0,-1,19,5,1,-1,0,1,0,0,0,0,1,1,-1,6,3,-1,-1,-1,-1,-1,-1,-1,-1,0,-1
2025031609731,2025,031609731,1,9,0,-1,14,7,3,-1,0,0,0,0,7,0,1,1,-1,6,1,17,4,-1,-1,-1,-1,5,E01019314,0,1
2025031609737,2025,031609737,1,5,0,-1,19,5,1,-1,0,0,2,0,1,0,3,1,-1,9,1,67,10,-1,-1,-1,-1,5,E01019094,0,4
2025031609737,2025,031609737,2,5,0,-1,19,1,4,-1,0,0,2,0,7,0,3,1,-1,9,1,52,8,-1,-1,-1,-1,5,E01020650,0,4
2025031618882,2025,031618882,1,9,0,-1,9,2,4,-1,0,0,0,11,0,0,1,1,-1,9,1,21,5,-1,-1,-1,-1,1,E01034069,0,4
2025031618882,2025,031618882,2,9,0,-1,7,6,2,-1,0,0,0,11,0,0,1,1,-1,9,1,43,7,-1,-1,-1,-1,7,E01019350,0,1
2025031651812,2025,031651812,2,9,0,-1,19,8,3,-1,0,0,0,0,0,0,2,1,-1,1,2,37,7,-1,-1,-1,-1,2,E01020895,0,4
2025031651812,2025,031651812,1,20,0,-1,19,8,3,-1,0,0,0,0,0,0,1,1,-1,9,1,25,5,-1,-1,-1,-1,8,E01012269,0,4
2025041536596,2025,041536596,2,98,0,-1,2,1,1,-1,0,0,1,0,0,0,2,1,-1,6,-1,-1,-1,-1,-1,-1,-1,-1,-1,0,-1
2025041536596,2025,041536596,1,9,0,-1,19,1,1,-1,0,0,0,4,0,0,1,1,-1,1,2,50,8,-1,-1,-1,-1,1,E01012739,0,2
2025041536685,2025,041536685,1,9,0,-1,19,5,1,-1,0,0,2,0,0,0,1,1,-1,2,1,22,5,-1,-1,-1,-1,7,E01025052,0,1
2025041536739,2025,041536739,1,97,0,-1,19,5,1,-1,0,2,1,0,0,0,4,1,-1,2,1,34,6,-1,-1,-1,-1,10,E01025377,0,1
2025041536994,2025,041536994,1,9,0,-1,5,2,4,-1,0,0,0,0,0,0,1,1,-1,9,1,32,6,-1,-1,-1,-1,9,E01034348,0,1
2025041536994,2025,041536994,2,1,0,-1,19,2,4,-1,0,0,0,0,0,0,3,1,-1,6,1,47,8,-1,-1,-1,-1,8,E01025443,0,1
2025041537034,2025,041537034,1,9,0,-1,19,5,1,-1,0,0,0,0,0,0,1,1,-1,9,1,34,6,-1,-1,-1,-1,1,E01024925,0,1
2025041537062,2025,041537062,2,9,0,-1,19,1,5,-1,0,0,0,0,0,0,1,1,-1,9,1,73,10,-1,-1,-1,-1,3,E01006998,0,4
2025041537062,2025,041537062,1,9,0,-1,19,5,1,-1,0,0,1,0,1,0,4,1,-1,2,1,19,4,-1,-1,-1,-1,4,E01024975,0,2
2025041537069,2025,041537069,1,9,0,-1,19,3,1,-1,0,0,1,0,1,9,3,1,-1,9,1,22,5,-1,-1,-1,-1,7,E01011630,0,4
2025041537092,2025,041537092,2,9,0,-1,-1,-1,-1,-1,0,-1,0,0,0,0,1,9,-1,6,3,-1,-1,-1,-1,-1,-1,-1,-1,0,-1
2025041537092,2025,041537092,1,1,0,-1,19,3,7,-1,0,8,0,0,0,0,2,1,-1,9,1,12,3,-1,-1,-1,-1,7,E01025029,0,1
2025041537102,2025,041537102,1,9,0,-1,19,5,1,-1,0,0,1,0,0,0,1,1,-1,2,2,53,8,-1,-1,-1,-1,3,E01025149,0,1
2025041537145,2025,041537145,1,9,0,-1,19,1,5,-1,0,0,1,0,2,1,4,1,-1,1,1,31,6,-1,-1,-1,-1,5,E01025331,0,2
2025041537239,2025,041537239,1,9,0,-1,-1,-1,-1,-1,0,0,0,0,0,0,-1,9,-1,6,3,-1,-1,-1,-1,-1,-1,-1,-1,0,-1
2025041537319,2025,041537319,2,97,0,-1,19,-1,-1,-1,0,8,0,0,0,0,-1,1,-1,9,1,58,9,-1,-1,-1,-1,8,E01025074,0,1
2025041537319,2025,041537319,1,98,0,-1,19,3,7,-1,0,6,0,0,0,0,1,1,-1,6,3,-1,-1,-1,-1,-1,-1,-1,-1,0,-1
2025041537384,2025,041537384,1,9,0,-1,19,3,7,-1,0,0,0,0,0,0,1,1,-1,9,1,52,8,-1,-1,-1,-1,9,E01024997,0,3
2025041537398,2025,041537398,2,98,0,-1,19,6,2,-1,0,0,5,0,0,0,1,1,-1,9,1,33,6,-1,-1,-1,-1,7,E01025301,0,3
2025041537398,2025,041537398,1,9,0,-1,19,2,6,-1,0,0,0,0,0,0,1,1,-1,1,1,24,5,-1,-1,-1,-1,1,E01012655,0,1
2025041537436,2025,041537436,2,9,0,-1,5,5,1,-1,0,0,0,0,1,0,4,1,-1,9,2,31,6,-1,-1,-1,-1,5,E01025395,0,1
2025041537436,2025,041537436,1,97,0,-1,12,5,1,-1,0,0,0,0,0,0,3,1,-1,9,1,26,6,-1,-1,-1,-1,1,E01004958,0,3
2025041537515,2025,041537515,1,9,0,-1,19,1,2,-1,0,0,0,0,1,4,1,1,-1,9,1,18,4,-1,-1,-1,-1,7,E01025326,0,1
2025041537631,2025,041537631,1,9,0,-1,19,5,1,-1,0,1,0,0,0,0,1,1,-1,2,1,35,6,-1,-1,-1,-1,1,E01025224,0,4
2025041537732,2025,041537732,1,9,0,-1,19,-1,-1,-1,0,0,0,0,0,0,-1,9,-1,6,3,-1,-1,-1,-1,-1,-1,-1,-1,0,-1
2025041537750,2025,041537750,1,9,0,-1,19,-1,1,-1,0,0,0,0,0,0,4,9,-1,6,3,-1,-1,-1,-1,-1,-1,-1,-1,0,-1
2025041537793,2025,041537793,1,1,0,-1,19,3,7,-1,1,0,0,0,0,0,1,1,-1,9,1,37,7,-1,-1,-1,-1,1,E01025579,0,4
2025041537793,2025,041537793,2,9,0,-1,19,1,5,-1,0,0,0,0,0,0,4,1,-1,9,1,47,8,-1,-1,-1,-1,4,E01025252,0,1
2025041537931,2025,041537931,1,9,0,-1,19,1,5,-1,0,0,0,0,0,0,1,9,-1,1,1,33,6,-1,-1,-1,-1,2,E01025245,0,1
2025041538081,2025,041538081,2,9,0,-1,19,1,5,-1,0,0,0,0,1,0,1,1,-1,2,1,55,8,-1,-1,-1,-1,2,E01025210,0,1
2025041538081,2025,041538081,1,9,0,-1,15,5,1,-1,0,0,5,0,7,0,4,1,-1,2,1,32,6,-1,-1,-1,-1,6,E01010908,0,4
2025041538301,2025,041538301,1,9,0,-1,14,1,5,-1,0,5,0,0,0,0,2,1,-1,6,1,40,7,-1,-1,-1,-1,6,E01034343,0,4
2025041538301,2025,041538301,2,9,0,-1,3,1,5,-1,0,1,0,0,0,0,2,1,-1,9,1,29,6,-1,-1,-1,-1,1,E01006660,0,4
2025041538301,2025,041538301,3,9,0,-1,8,7,3,-1,0,1,0,0,0,0,1,1,-1,9,1,44,7,-1,-1,-1,-1,6,E01025027,0,1
2025041538309,2025,041538309,1,9,0,-1,19,3,7,-1,0,0,0,0,0,0,1,1,-1,9,1,26,6,-1,-1,-1,-1,2,E01025077,0,1
2025041538309,2025,041538309,2,9,0,-1,19,7,3,-1,0,0,0,0,0,0,1,1,-1,9,1,27,6,-1,-1,-1,-1,2,E01025055,0,1
2025041538315,2025,041538315,1,9,0,-1,5,1,1,-1,0,4,0,0,3,0,1,1,-1,2,1,55,8,-1,-1,-1,-1,2,E01011533,0,4
2025041538315,2025,041538315,2,9,0,-1,19,5,4,-1,0,3,0,0,0,0,3,1,-1,6,1,25,5,-1,-1,-1,-1,1,E01012745,0,1
2025041538434,2025,041538434,2,9,0,-1,2,0,0,-1,0,0,0,0,0,0,3,1,-1,6,-1,-1,-1,-1,-1,-1,-1,-1,-1,0,-1
2025041538434,2025,041538434,3,9,0,-1,19,3,7,-1,0,0,1,0,0,0,1,1,-1,6,1,20,4,-1,-1,-1,-1,2,E01012605,0,1
2025041538434,2025,041538434,1,9,0,-1,19,3,7,-1,0,0,1,0,0,0,1,1,-1,7,1,40,7,-1,-1,-1,-1,4,E01012607,0,1
2025041538513,2025,041538513,1,9,0,-1,19,3,7,-1,0,1,1,0,1,4,1,1,-1,6,2,43,7,-1,-1,-1,-1,9,E01025257,0,1
2025041538691,2025,041538691,2,98,0,-1,19,3,7,-1,0,0,0,0,0,0,2,1,-1,1,1,38,7,-1,-1,-1,-1,8,E01034350,0,1
2025041538691,2025,041538691,4,9,0,-1,19,3,7,-1,0,0,0,0,0,0,2,1,-1,2,2,58,9,-1,-1,-1,-1,9,E01025451,0,1
2025041538691,2025,041538691,1,9,0,-1,19,3,7,-1,0,0,0,4,1,0,1,1,-1,6,1,17,4,-1,-1,-1,-1,4,E01025459,0,1
2025041538691,2025,041538691,3,9,0,-1,2,0,0,-1,0,0,0,0,0,0,2,1,-1,9,1,21,5,-1,-1,-1,-1,3,E01025460,0,1
2025041538927,2025,041538927,1,9,0,-1,19,5,1,-1,0,0,2,0,1,3,1,1,-1,9,1,21,5,-1,-1,-1,-1,1,E01034137,0,4
2025041539059,2025,041539059,1,9,0,-1,19,1,5,-1,0,4,0,0,0,0,1,1,-1,9,2,24,5,-1,-1,-1,-1,9,E01025303,0,3
2025041539059,2025,041539059,2,9,0,-1,5,1,5,-1,0,3,0,0,0,0,2,1,-1,9,1,45,7,-1,-1,-1,-1,2,E01012605,0,4
2025041539108,2025,041539108,2,9,0,-1,3,3,5,-1,0,1,0,0,0,0,1,1,-1,2,2,37,7,-1,-1,-1,-1,5,E01025458,0,1
2025041539108,2025,041539108,1,3,0,-1,19,1,5,-1,0,2,5,0,0,0,1,1,-1,1,1,32,6,-1,-1,-1,-1,8,E01025425,0,1
2025041539124,2025,041539124,1,9,0,-1,19,4,8,-1,0,1,0,0,0,0,3,1,-1,9,1,20,4,-1,-1,-1,-1,1,E01025182,0,2
2025041539124,2025,041539124,2,98,0,-1,19,2,8,-1,0,1,0,0,0,0,2,1,-1,2,1,59,9,-1,-1,-1,-1,3,E01024866,0,1
2025041539230,2025,041539230,1,9,0,-1,19,-1,-1,-1,0,0,0,0,0,0,-1,9,-1,6,3,-1,-1,-1,-1,-1,-1,-1,-1,0,-1
2025041539310,2025,041539310,1,9,0,-1,19,5,1,-1,0,1,1,0,0,0,4,1,-1,2,1,26,6,-1,-1,-1,-1,3,E01012708,0,1
2025041539310,2025,041539310,2,9,0,-1,19,5,1,-1,0,1,0,0,0,0,2,1,-1,2,1,24,5,-1,-1,-1,-1,2,E01012696,0,1
2025041539410,2025,041539410,1,9,0,-1,19,3,7,-1,0,1,1,0,0,0,1,2,-1,9,1,33,6,-1,-1,-1,-1,1,E01025186,0,1
2025041539626,2025,041539626,1,9,0,-1,19,-1,-1,-1,0,0,0,0,0,0,-1,9,-1,6,3,-1,-1,-1,-1,-1,-1,-1,-1,0,-1
2025041539717,2025,041539717,1,9,0,-1,19,5,1,-1,0,1,1,0,0,0,1,2,-1,6,3,-1,-1,-1,-1,-1,-1,-1,-1,0,-1
2025041539717,2025,041539717,2,9,0,-1,5,5,1,-1,0,1,0,0,0,0,2,1,-1,1,3,-1,-1,-1,-1,-1,-1,-1,-1,0,-1
2025041539818,2025,041539818,2,9,0,-1,19,1,5,-1,0,1,0,0,0,0,1,1,-1,6,2,44,7,-1,-1,-1,-1,1,E01012656,0,1
2025041539818,2025,041539818,1,9,0,-1,19,3,7,-1,0,1,0,0,0,0,1,1,-1,1,2,54,8,-1,-1,-1,-1,1,E01012625,0,1
2025041539903,2025,041539903,1,1,0,-1,19,-1,-1,-1,0,0,1,4,0,0,1,1,-1,9,1,17,4,-1,-1,-1,-1,1,E01012721,0,1
2025041539903,2025,041539903,2,9,0,-1,2,0,0,-1,0,0,0,0,0,0,2,1,-1,6,3,-1,-1,-1,-1,-1,-1,-1,-1,0,-1
2025041539914,2025,041539914,2,9,0,-1,5,5,1,-1,0,2,0,0,0,0,3,1,-1,9,1,36,7,-1,-1,-1,-1,3,E01012585,0,1
2025041539914,2025,041539914,1,9,0,-1,19,1,5,-1,0,8,0,0,0,0,-1,1,-1,6,3,-1,-1,-1,-1,-1,-1,-1,-1,0,-1
2025041539930,2025,041539930,1,9,0,-1,19,3,7,-1,0,0,0,0,0,0,4,1,-1,6,3,-1,-1,-1,-1,-1,-1,-1,-1,0,-1
2025041539930,2025,041539930,2,90,0,-1,19,1,5,-1,0,0,0,0,0,0,2,1,-1,9,1,37,7,-1,-1,-1,-1,1,E01012671,0,1
2025041539933,2025,041539933,1,9,0,-1,7,3,5,-1,0,1,0,0,0,0,4,1,-1,6,1,36,7,-1,-1,-1,-1,3,E01025138,0,1
2025041539933,2025,041539933,2,1,0,-1,19,3,7,-1,0,1,0,0,0,0,3,1,-1,1,1,45,7,-1,-1,-1,-1,1,E01025117,0,1
2025041539940,2025,041539940,1,9,0,-1,1,4,8,-1,0,2,0,0,0,0,2,1,-1,6,1,53,8,-1,-1,-1,-1,7,E01025003,0,1
2025041539972,2025,041539972,1,9,0,-1,19,5,1,-1,0,8,0,0,1,0,1,1,-1,6,1,74,10,-1,-1,-1,-1,1,E01006447,0,2
2025041539972,2025,041539972,2,9,0,-1,19,8,6,-1,0,8,0,0,0,0,3,1,-1,9,1,72,10,-1,-1,-1,-1,10,E01025476,0,1
2025041540016,2025,041540016,2,1,0,-1,19,7,3,-1,0,3,0,0,0,0,1,1,-1,2,1,24,5,-1,-1,-1,-1,2,E01025264,0,1
2025041540016,2025,041540016,1,9,0,-1,7,1,3,-1,0,4,0,0,0,0,3,9,-1,6,3,-1,-1,-1,-1,-1,-1,-1,-1,0,-1
2025041540020,2025,041540020,1,9,0,-1,19,3,7,-1,0,0,0,0,0,0,1,1,-1,9,2,46,8,-1,-1,-1,-1,3,E01024884,0,1
2025041540205,2025,041540205,1,9,0,-1,7,5,3,-1,0,6,0,0,0,0,3,1,-1,9,2,80,11,-1,-1,-1,-1,6,E01025607,0,1
2025041540240,2025,041540240,2,9,0,-1,19,5,1,-1,0,1,0,0,0,0,1,1,-1,9,1,22,5,-1,-1,-1,-1,2,E01012642,0,1
2025041540240,2025,041540240,1,9,0,-1,19,3,7,-1,0,2,0,0,0,0,4,1,-1,6,2,44,7,-1,-1,-1,-1,2,E01012608,0,1
2025041540246,2025,041540246,2,9,0,-1,19,5,1,-1,0,2,0,0,0,0,1,1,-1,9,2,22,5,-1,-1,-1,-1,4,E01012693,0,1
2025041540246,2025,041540246,1,9,0,-1,19,5,1,-1,0,1,1,0,0,0,1,1,-1,2,2,44,7,-1,-1,-1,-1,1,E01012670,0,1
2025041540352,2025,041540352,3,90,0,-1,19,3,7,-1,0,8,0,0,0,0,0,1,-1,1,1,30,6,-1,-1,-1,-1,1,E01012745,0,1
2025041540352,2025,041540352,1,9,0,-1,9,1,7,-1,0,8,0,0,0,0,3,1,-1,9,2,48,8,-1,-1,-1,-1,1,E01012675,0,1
2025041540352,2025,041540352,2,9,0,-1,19,5,1,-1,0,8,0,0,0,0,3,1,-1,9,1,18,4,-1,-1,-1,-1,3,E01012669,0,2
2025041540359,2025,041540359,2,1,0,-1,19,5,1,-1,0,1,0,0,0,0,4,1,-1,2,1,41,7,-1,-1,-1,-1,2,E01012608,0,1
2025041540359,2025,041540359,1,9,0,-1,9,7,5,-1,0,6,0,0,0,0,1,1,-1,1,1,56,9,-1,-1,-1,-1,2,E01012579,0,1
2025041540391,2025,041540391,2,9,0,-1,19,1,5,-1,0,1,0,0,0,0,2,1,-1,7,2,35,6,-1,-1,-1,-1,1,E01025070,0,1
2025041540391,2025,041540391,1,9,0,-1,19,1,5,-1,0,1,0,0,0,0,1,1,-1,2,1,39,7,-1,-1,-1,-1,1,E01025070,0,1
2025041540400,2025,041540400,2,9,0,-1,19,1,5,-1,0,8,0,0,0,0,1,1,-1,6,2,25,5,-1,-1,-1,-1,1,E01024877,0,3
2025041540400,2025,041540400,1,9,0,-1,9,5,3,-1,0,8,0,0,0,0,3,1,-1,6,1,55,8,-1,-1,-1,-1,7,E01031253,0,5
2025041540430,2025,041540430,1,98,0,-1,12,1,5,-1,0,0,0,0,0,0,3,1,-1,1,1,50,8,-1,-1,-1,-1,5,E01004888,0,1
2025041540430,2025,041540430,2,9,0,-1,19,1,5,-1,0,0,0,0,0,0,4,1,-1,9,2,35,6,-1,-1,-1,-1,8,E01025012,0,4
2025041540432,2025,041540432,2,9,0,-1,9,7,3,-1,0,8,0,0,0,0,3,1,-1,2,1,42,7,-1,-1,-1,-1,3,E01012691,0,1
2025041540432,2025,041540432,1,9,0,-1,19,3,7,-1,0,8,1,0,0,0,1,1,-1,1,1,52,8,-1,-1,-1,-1,2,E01012734,0,1
2025041540447,2025,041540447,1,9,0,-1,19,-1,-1,-1,0,1,0,0,0,0,-1,9,-1,6,3,-1,-1,-1,-1,-1,-1,-1,-1,0,-1
2025041540503,2025,041540503,1,9,0,-1,19,1,5,-1,0,1,0,0,7,11,1,1,-1,1,1,39,7,-1,-1,-1,-1,7,E01025546,0,1
2025041540511,2025,041540511,1,9,0,-1,19,1,6,-1,0,0,2,0,1,9,1,1,-1,9,1,41,7,-1,-1,-1,-1,2,E01004872,0,3
2025041540512,2025,041540512,1,9,0,-1,19,1,5,-1,0,0,0,0,0,0,4,1,-1,6,1,79,11,-1,-1,-1,-1,2,E01025310,0,2
2025041540562,2025,041540562,1,9,0,-1,9,5,1,-1,0,1,0,0,7,10,1,1,-1,9,1,41,7,-1,-1,-1,-1,2,E01025244,0,1
2025041540562,2025,041540562,2,9,0,-1,19,5,1,-1,0,1,0,0,0,0,1,1,-1,9,1,42,7,-1,-1,-1,-1,5,E01025458,0,1
2025041540614,2025,041540614,3,9,0,-1,19,3,8,-1,0,1,0,0,0,0,1,1,-1,6,2,24,5,-1,-1,-1,-1,1,E01006306,0,4
2025041540614,2025,041540614,1,9,0,-1,19,8,3,-1,0,3,0,0,0,0,1,1,-1,6,2,41,7,-1,-1,-1,-1,8,E01024948,0,3
2025041540614,2025,041540614,2,9,0,-1,19,3,8,-1,0,1,0,0,1,0,1,1,-1,6,1,24,5,-1,-1,-1,-1,7,E01025033,0,3
2025041540723,2025,041540723,4,9,0,-1,19,5,1,-1,0,0,5,0,0,0,4,1,-1,6,1,49,8,-1,-1,-1,-1,8,E01025108,0,4
2025041540723,2025,041540723,2,98,0,-1,19,5,1,-1,0,0,0,0,0,0,4,1,-1,1,1,66,10,-1,-1,-1,-1,6,E01032353,0,5
2025041540723,2025,041540723,3,98,0,-1,19,5,2,-1,0,0,0,0,0,0,4,1,-1,1,1,43,7,-1,-1,-1,-1,1,E01006660,0,4
2025041540723,2025,041540723,1,9,0,-1,19,5,1,-1,0,0,0,0,0,0,4,1,-1,6,1,50,8,-1,-1,-1,-1,8,E01025416,0,3
2025041540764,2025,041540764,1,9,0,-1,7,3,8,-1,9,1,0,0,0,0,3,1,-1,9,1,45,7,-1,-1,-1,-1,2,E01025244,0,1
2025041540764,2025,041540764,2,97,0,-1,19,7,3,-1,0,1,0,0,0,0,1,1,-1,6,1,47,8,-1,-1,-1,-1,10,E01024977,0,3
2025041540922,2025,041540922,1,9,0,-1,19,-1,-1,-1,0,8,0,0,0,0,-1,9,-1,6,3,-1,-1,-1,-1,-1,-1,-1,-1,0,-1
2025041540922,2025,041540922,2,9,0,-1,9,5,3,-1,0,8,0,0,0,0,4,1,-1,6,1,45,7,-1,-1,-1,-1,8,E01024971,0,1
2025041541043,2025,041541043,1,9,0,-1,19,3,7,-1,0,0,0,0,0,0,2,1,-1,2,2,41,7,-1,-1,-1,-1,6,E01034763,0,1
2025041541043,2025,041541043,2,98,0,-1,19,3,7,-1,0,0,0,0,0,0,1,1,-1,1,1,37,7,-1,-1,-1,-1,7,E01025096,0,2
2025041541078,2025,041541078,2,9,0,-1,4,7,3,-1,0,0,0,0,0,0,2,1,-1,2,1,57,9,-1,-1,-1,-1,5,E01025331,0,4
2025041541078,2025,041541078,1,9,0,-1,19,3,7,-1,0,0,0,0,0,0,1,1,-1,2,1,27,6,-1,-1,-1,-1,6,E01025195,0,3
2025041541329,2025,041541329,2,9,0,-1,2,0,0,-1,0,0,1,0,0,0,2,1,-1,6,-1,-1,-1,-1,-1,-1,-1,-1,-1,0,-1
2025041541329,2025,041541329,1,9,0,-1,19,2,6,-1,0,0,0,4,0,0,1,1,-1,2,2,27,6,-1,-1,-1,-1,5,E01025168,0,2
2025041541465,2025,041541465,1,9,0,-1,5,7,3,-1,0,0,0,0,0,0,1,1,-1,9,2,50,8,-1,-1,-1,-1,6,E01034342,0,2
2025041541548,2025,041541548,2,97,0,-1,19,2,6,-1,0,1,1,0,0,0,1,1,-1,1,1,51,8,-1,-1,-1,-1,2,E01024942,0,1
2025041541548,2025,041541548,1,98,0,-1,9,3,1,-1,0,6,0,0,0,0,1,1,-1,1,1,41,7,-1,-1,-1,-1,4,E01034345,0,1
2025041541578,2025,041541578,1,9,0,-1,19,5,1,-1,0,0,0,0,0,0,1,1,-1,9,1,66,10,-1,-1,-1,-1,5,E01025128,0,1
2025041541642,2025,041541642,2,98,0,-1,19,5,1,-1,0,0,0,0,0,0,2,1,-1,1,1,40,7,-1,-1,-1,-1,6,-1,0,5
2025041541642,2025,041541642,3,98,0,-1,19,5,1,-1,0,0,0,1,0,0,0,1,-1,1,1,41,7,-1,-1,-1,-1,7,E01018800,0,5
2025041541642,2025,041541642,1,9,0,-1,19,5,1,-1,0,0,0,0,1,0,1,1,-1,6,1,35,6,-1,-1,-1,-1,3,E01025312,0,1
2025041541739,2025,041541739,1,9,0,-1,19,5,1,-1,0,0,0,0,0,0,1,1,-1,1,1,53,8,-1,-1,-1,-1,4,E01007213,0,4
2025041541739,2025,041541739,2,9,0,-1,19,5,1,-1,0,0,0,0,0,0,2,1,-1,1,1,57,9,-1,-1,-1,-1,9,E01006365,0,3
2025041541856,2025,041541856,1,1,0,-1,19,7,3,-1,0,8,0,0,0,0,1,1,-1,9,1,61,9,-1,-1,-1,-1,10,E01025259,0,1
2025041541856,2025,041541856,2,9,0,-1,9,3,1,-1,0,8,0,0,0,0,0,1,-1,2,1,25,5,-1,-1,-1,-1,7,E01025251,0,1
2025041541930,2025,041541930,2,9,0,-1,19,7,3,-1,0,8,0,0,0,0,4,1,-1,6,1,32,6,-1,-1,-1,-1,1,E01025250,0,1