collision_index,collision_year,collision_ref_no,vehicle_reference,vehicle_type,towing_and_articulation,vehicle_manoeuvre_historic,vehicle_manoeuvre,vehicle_direction_from,vehicle_direction_to,vehicle_location_restricted_lane_historic,vehicle_location_restricted_lane,junction_location,skidding_and_overturning,hit_object_in_carriageway,vehicle_leaving_carriageway,hit_object_off_carriageway,first_point_of_impact,vehicle_left_hand_drive,journey_purpose_of_driver_historic,journey_purpose_of_driver,sex_of_driver,age_of_driver,age_band_of_driver,engine_capacity_cc,propulsion_code,age_of_vehicle,generic_make_model,driver_imd_decile,lsoa_of_driver,escooter_flag,driver_distance_banding
2025041541930,2025,041541930,1,9,0,-1,12,7,3,-1,0,8,0,0,0,0,1,1,-1,9,1,26,6,-1,-1,-1,-1,3,E01025099,0,4
2025041541965,2025,041541965,1,9,0,-1,19,5,1,-1,0,1,0,0,0,0,4,1,-1,6,1,46,8,-1,-1,-1,-1,8,E01007002,0,2
2025041542024,2025,041542024,2,1,0,-1,7,5,3,-1,0,4,0,0,0,0,4,1,-1,9,1,76,11,-1,-1,-1,-1,2,E01025263,0,1
2025041542024,2025,041542024,1,9,0,-1,7,5,3,-1,0,4,0,0,1,0,4,1,-1,9,1,82,11,-1,-1,-1,-1,1,E01025260,0,1
2025041542026,2025,041542026,1,9,0,-1,19,1,5,-1,0,1,0,0,0,0,1,1,-1,9,1,80,11,-1,-1,-1,-1,6,E01025585,0,1
2025041542087,2025,041542087,1,9,0,-1,9,4,2,-1,0,6,0,0,0,0,1,1,-1,6,1,80,11,-1,-1,-1,-1,1,E01024925,0,1
2025041542125,2025,041542125,1,9,0,-1,19,7,3,-1,0,0,0,0,0,0,1,1,-1,6,3,-1,-1,-1,-1,-1,-1,-1,-1,0,-1
2025041542147,2025,041542147,2,1,0,-1,19,7,3,-1,0,4,0,0,0,0,1,1,-1,6,1,32,6,-1,-1,-1,-1,4,E01012665,0,1
2025041542147,2025,041542147,1,9,0,-1,19,1,5,-1,0,4,0,0,0,0,1,1,-1,9,1,52,8,-1,-1,-1,-1,6,E01025555,0,1
2025041542162,2025,041542162,2,98,0,-1,19,4,8,-1,0,8,0,0,0,0,1,1,-1,1,1,67,10,-1,-1,-1,-1,2,E01007026,0,4
2025041542162,2025,041542162,1,9,0,-1,19,6,2,-1,0,8,0,0,1,1,3,1,-1,2,2,23,5,-1,-1,-1,-1,8,E01025142,0,1
2025041542177,2025,041542177,2,97,0,-1,19,1,5,-1,0,1,0,0,0,0,1,1,-1,6,1,47,8,-1,-1,-1,-1,9,E01025553,0,1
2025041542177,2025,041542177,1,9,0,-1,9,5,1,-1,0,1,0,0,0,0,1,1,-1,9,1,34,6,-1,-1,-1,-1,9,E01025553,0,1
2025041542188,2025,041542188,1,9,0,-1,19,3,7,-1,0,0,1,0,7,2,1,1,-1,9,1,54,8,-1,-1,-1,-1,3,E01012587,0,2
2025041542197,2025,041542197,2,9,0,-1,7,1,4,-1,0,2,1,10,4,11,1,1,-1,6,2,38,7,-1,-1,-1,-1,5,E01012645,0,1
2025041542197,2025,041542197,1,9,0,-1,19,7,4,-1,0,1,1,10,0,0,4,1,-1,6,1,27,6,-1,-1,-1,-1,3,E01012632,0,1
2025041542444,2025,041542444,2,9,0,-1,5,7,3,-1,0,1,0,0,0,0,1,1,-1,2,2,39,7,-1,-1,-1,-1,3,E01025271,0,1
2025041542444,2025,041542444,1,9,0,-1,9,5,1,-1,0,1,0,0,0,0,0,1,-1,6,3,-1,-1,-1,-1,-1,-1,-1,-1,0,-1
2025041542444,2025,041542444,3,9,0,-1,5,7,5,-1,0,1,0,0,0,0,2,1,-1,2,1,62,9,-1,-1,-1,-1,6,E01025002,0,3
2025041542450,2025,041542450,1,9,0,-1,19,3,7,-1,0,0,1,0,7,10,4,1,-1,1,2,26,6,-1,-1,-1,-1,6,E01025334,0,2
2025041542588,2025,041542588,3,9,0,-1,19,1,5,-1,0,0,0,0,0,0,2,1,-1,2,2,35,6,-1,-1,-1,-1,1,E01012648,0,3
2025041542588,2025,041542588,2,9,0,-1,19,1,5,-1,0,0,0,0,0,0,2,1,-1,1,1,45,7,-1,-1,-1,-1,3,E01010959,0,4
2025041542588,2025,041542588,1,9,0,-1,19,1,5,-1,0,0,0,0,0,0,1,1,-1,2,1,57,9,-1,-1,-1,-1,9,E01004842,0,4
2025041542653,2025,041542653,1,23,0,-1,19,1,5,-1,0,1,0,0,0,0,1,1,-1,9,1,25,5,-1,-1,-1,-1,3,E01025399,0,1
2025041542653,2025,041542653,2,19,0,-1,4,7,3,-1,0,2,0,0,0,0,2,9,-1,1,3,-1,-1,-1,-1,-1,-1,-1,-1,0,-1
2025041542689,2025,041542689,2,9,0,-1,19,7,3,-1,0,1,0,0,0,0,1,1,-1,9,1,76,11,-1,-1,-1,-1,4,E01025001,0,1
2025041542689,2025,041542689,1,9,0,-1,19,5,1,-1,0,1,0,0,0,0,1,1,-1,9,2,67,10,-1,-1,-1,-1,4,E01025017,0,1
2025041542689,2025,041542689,3,9,0,-1,10,1,6,-1,0,1,0,0,0,0,4,1,-1,9,1,48,8,-1,-1,-1,-1,7,E01025004,0,1
2025041542708,2025,041542708,1,9,0,-1,19,3,7,-1,0,0,0,0,0,0,1,1,-1,6,2,63,9,-1,-1,-1,-1,4,E01024880,0,1
2025041542708,2025,041542708,3,98,0,-1,2,0,0,-1,0,0,0,0,0,0,0,1,-1,6,-1,-1,-1,-1,-1,-1,-1,-1,-1,0,-1
2025041542708,2025,041542708,2,98,0,-1,2,0,0,-1,0,0,0,0,0,0,0,1,-1,1,1,33,6,-1,-1,-1,-1,2,E01025220,0,3
2025041542745,2025,041542745,2,9,0,-1,19,5,1,-1,0,0,0,0,1,0,1,1,-1,2,1,22,5,-1,-1,-1,-1,3,E01024943,0,1
2025041542745,2025,041542745,1,9,0,-1,19,1,5,-1,0,0,0,0,0,0,1,1,-1,9,2,79,11,-1,-1,-1,-1,10,E01024965,0,2
2025041543039,2025,041543039,1,9,0,-1,13,3,7,-1,0,1,0,0,0,0,1,1,-1,2,1,54,8,-1,-1,-1,-1,9,E01025165,0,1
2025041543143,2025,041543143,2,9,0,-1,9,5,1,-1,0,6,0,0,0,0,3,1,-1,9,1,81,11,-1,-1,-1,-1,6,E01025608,0,2
2025041543143,2025,041543143,1,9,0,-1,19,3,7,-1,0,1,0,0,0,0,1,1,-1,2,1,66,10,-1,-1,-1,-1,1,E01012683,0,2
2025041543146,2025,041543146,1,9,0,-1,19,1,5,-1,0,1,0,0,0,0,1,1,-1,1,2,-1,-1,-1,-1,-1,-1,1,E01025382,0,3
2025041543146,2025,041543146,2,98,0,-1,19,1,5,-1,0,4,0,0,0,0,2,1,-1,1,1,49,8,-1,-1,-1,-1,2,E01025390,0,3
2025041543248,2025,041543248,1,9,0,-1,19,5,1,-1,0,0,0,0,7,9,1,1,-1,6,1,39,7,-1,-1,-1,-1,2,E01025264,0,2
2025041543248,2025,041543248,2,9,0,-1,19,1,5,-1,0,0,0,0,0,0,1,1,-1,6,1,20,4,-1,-1,-1,-1,7,E01025559,0,1
2025041543248,2025,041543248,3,9,0,-1,19,5,1,-1,0,0,0,0,0,0,3,1,-1,6,2,54,8,-1,-1,-1,-1,1,E01006305,0,4
2025041543265,2025,041543265,1,9,0,-1,19,5,1,-1,0,1,1,0,0,0,1,1,-1,9,1,17,4,-1,-1,-1,-1,9,E01025553,0,1
2025041543336,2025,041543336,1,9,0,-1,19,5,1,-1,0,0,0,0,0,0,1,1,-1,9,2,60,9,-1,-1,-1,-1,8,E01025564,0,1
2025041543336,2025,041543336,2,-1,0,-1,19,-1,-1,-1,0,0,0,0,0,0,-1,9,-1,6,1,13,3,-1,-1,-1,-1,6,E01025541,1,1
2025041543345,2025,041543345,2,9,0,-1,19,5,1,-1,0,0,0,0,0,0,3,1,-1,9,2,26,6,-1,-1,-1,-1,10,E01025015,0,1
2025041543345,2025,041543345,1,9,0,-1,7,1,5,-1,0,0,0,0,0,0,1,1,-1,6,1,18,4,-1,-1,-1,-1,2,E01012742,0,3
2025041543358,2025,041543358,1,9,0,-1,19,5,1,-1,0,0,0,0,0,0,1,1,-1,9,1,28,6,-1,-1,-1,-1,1,E01012621,0,2
2025041543358,2025,041543358,2,9,0,-1,19,1,5,-1,0,0,0,0,0,0,2,1,-1,9,1,65,9,-1,-1,-1,-1,2,E01004990,0,4
2025041543376,2025,041543376,1,9,0,-1,15,2,6,-1,0,1,0,4,0,0,4,1,-1,9,2,83,11,-1,-1,-1,-1,5,E01024917,0,1
2025041543376,2025,041543376,2,9,0,-1,2,2,6,-1,0,1,0,0,0,0,3,1,-1,6,-1,-1,-1,-1,-1,-1,-1,-1,-1,0,-1
2025041543438,2025,041543438,1,9,0,-1,7,1,5,-1,0,0,0,0,1,4,1,1,-1,6,1,26,6,-1,-1,-1,-1,4,E01033281,0,1
2025041543480,2025,041543480,1,9,0,-1,19,5,1,-1,0,0,0,0,0,0,1,1,-1,9,1,61,9,-1,-1,-1,-1,4,E01025073,0,1
2025041543480,2025,041543480,2,9,0,-1,9,5,3,-1,0,0,0,0,0,0,2,1,-1,9,1,35,6,-1,-1,-1,-1,1,E01025070,0,1
2025041543545,2025,041543545,1,9,0,-1,5,1,5,-1,0,8,0,0,0,0,1,1,-1,1,1,50,8,-1,-1,-1,-1,1,E01004841,0,3
2025041543547,2025,041543547,1,98,0,-1,19,4,8,-1,0,0,0,0,0,0,1,1,-1,9,1,71,10,-1,-1,-1,-1,9,E01007034,0,1
2025041543547,2025,041543547,2,9,0,-1,4,8,4,-1,0,0,0,0,0,0,3,1,-1,9,2,35,6,-1,-1,-1,-1,5,E01007057,0,1
2025041543599,2025,041543599,1,9,0,-1,19,3,7,-1,0,1,0,0,0,0,1,1,-1,6,2,31,6,-1,-1,-1,-1,9,E01025346,0,1
2025041543641,2025,041543641,1,9,0,-1,19,5,1,-1,0,4,0,0,0,0,1,1,-1,9,1,69,10,-1,-1,-1,-1,3,E01025379,0,1
2025041543641,2025,041543641,2,1,0,-1,19,3,7,-1,0,3,0,0,0,0,4,1,-1,9,1,73,10,-1,-1,-1,-1,8,E01025358,0,1
2025041543657,2025,041543657,3,9,0,-1,2,0,0,-1,0,0,0,0,0,0,3,1,-1,6,-1,-1,-1,-1,-1,-1,-1,-1,-1,0,-1
2025041543657,2025,041543657,2,9,0,-1,2,0,0,-1,0,0,0,0,0,0,4,1,-1,6,-1,-1,-1,-1,-1,-1,-1,-1,-1,0,-1
2025041543657,2025,041543657,1,9,0,-1,19,4,8,-1,0,0,5,0,0,0,1,1,-1,6,1,60,9,-1,-1,-1,-1,2,E01025075,0,1
2025041543657,2025,041543657,4,9,0,-1,2,0,0,-1,0,0,0,0,0,0,2,1,-1,6,-1,-1,-1,-1,-1,-1,-1,-1,-1,0,-1
2025041543677,2025,041543677,1,9,0,-1,9,4,2,-1,0,1,0,0,0,0,4,1,-1,6,2,83,11,-1,-1,-1,-1,10,E01025337,0,1
2025041543677,2025,041543677,2,9,0,-1,2,4,1,-1,0,8,0,0,0,0,0,1,-1,6,1,52,8,-1,-1,-1,-1,2,E01012579,0,1
2025041543751,2025,041543751,2,9,0,-1,19,5,1,-1,0,0,0,0,0,0,4,1,-1,9,2,29,6,-1,-1,-1,-1,10,E01025255,0,1
2025041543751,2025,041543751,1,9,0,-1,9,7,5,-1,0,0,0,0,0,0,1,1,-1,9,1,72,10,-1,-1,-1,-1,8,E01025241,0,1
2025041543765,2025,041543765,2,9,0,-1,19,5,1,-1,0,1,0,0,0,0,2,1,-1,9,2,49,8,-1,-1,-1,-1,1,E01012671,0,2
2025041543765,2025,041543765,1,98,0,-1,19,5,1,-1,0,1,0,0,0,0,1,1,-1,9,1,18,4,-1,-1,-1,-1,1,E01025046,0,4
2025041543989,2025,041543989,1,98,0,-1,19,1,5,-1,0,1,0,0,0,0,-1,9,-1,6,3,-1,-1,-1,-1,-1,-1,-1,-1,0,-1
2025041543989,2025,041543989,3,9,0,-1,3,1,5,-1,0,8,0,0,0,0,2,1,-1,9,1,74,10,-1,-1,-1,-1,10,E01025327,0,2
2025041543989,2025,041543989,2,9,0,-1,3,1,5,-1,0,1,0,0,0,0,2,1,-1,1,1,36,7,-1,-1,-1,-1,1,E01012643,0,3
2025041544088,2025,041544088,1,9,0,-1,9,4,8,-1,0,1,0,7,0,0,3,1,-1,9,1,82,11,-1,-1,-1,-1,2,E01012676,0,1
2025041544165,2025,041544165,1,98,0,-1,19,1,5,-1,0,0,0,0,0,0,1,1,-1,1,2,52,8,-1,-1,-1,-1,2,E01004969,0,4
2025041544165,2025,041544165,2,9,0,-1,19,1,5,-1,0,0,0,0,0,0,2,1,-1,2,2,25,5,-1,-1,-1,-1,3,E01025460,0,3
2025041544186,2025,041544186,2,98,0,-1,19,3,7,-1,0,0,0,0,0,0,2,1,-1,2,1,19,4,-1,-1,-1,-1,2,E01024959,0,3
2025041544186,2025,041544186,4,9,0,-1,19,3,7,-1,0,0,0,0,0,0,1,1,-1,2,1,19,4,-1,-1,-1,-1,7,E01025462,0,3
2025041544186,2025,041544186,1,98,0,-1,19,3,7,-1,0,0,0,0,0,0,2,1,-1,2,2,31,6,-1,-1,-1,-1,3,E01025442,0,3
2025041544186,2025,041544186,3,9,0,-1,19,3,7,-1,0,0,0,0,0,0,1,1,-1,2,1,34,6,-1,-1,-1,-1,6,E01034340,0,3
2025041544194,2025,041544194,1,9,0,-1,9,7,5,-1,0,1,0,0,0,0,1,1,-1,9,2,60,9,-1,-1,-1,-1,1,E01024953,0,1
2025041544380,2025,041544380,1,9,0,-1,19,6,1,-1,0,8,0,0,1,11,1,1,-1,2,2,57,9,-1,-1,-1,-1,3,E01024931,0,1
2025041544380,2025,041544380,2,9,0,-1,19,5,1,-1,0,8,0,0,0,0,0,9,-1,6,3,-1,-1,-1,-1,-1,-1,-1,-1,0,-1
2025041544454,2025,041544454,2,9,0,-1,5,4,7,-1,0,4,0,0,3,0,2,1,-1,1,2,35,6,-1,-1,-1,-1,2,E01034833,0,3
2025041544454,2025,041544454,1,9,0,-1,19,4,7,-1,0,4,0,0,1,0,2,1,-1,1,1,41,7,-1,-1,-1,-1,1,E01006664,0,3
2025041544467,2025,041544467,1,9,0,-1,19,3,7,-1,0,0,5,10,8,0,3,2,-1,6,1,31,6,-1,-1,-1,-1,2,E01025173,0,2
2025041544491,2025,041544491,1,9,0,-1,19,7,3,-1,0,0,0,0,0,0,1,1,-1,6,1,41,7,-1,-1,-1,-1,8,E01025242,0,4
2025041544491,2025,041544491,2,22,0,-1,19,1,5,-1,0,0,0,0,0,0,2,1,-1,6,2,57,9,-1,-1,-1,-1,1,E01012687,0,1
2025041544729,2025,041544729,2,9,0,-1,19,5,1,-1,0,1,0,0,0,0,1,1,-1,1,2,21,5,-1,-1,-1,-1,2,E01012677,0,1
2025041544729,2025,041544729,1,9,0,-1,9,1,6,-1,0,1,0,0,0,0,4,1,-1,1,1,37,7,-1,-1,-1,-1,1,E01012672,0,1
2025041544925,2025,041544925,2,9,0,-1,2,1,6,-1,0,0,0,0,0,0,3,1,-1,6,-1,-1,-1,-1,-1,-1,-1,-1,-1,0,-1
2025041544925,2025,041544925,1,9,0,-1,19,6,1,-1,0,0,0,0,0,0,4,1,-1,9,1,27,6,-1,-1,-1,-1,5,E01025239,0,3
2025041544961,2025,041544961,1,9,0,-1,19,1,5,-1,0,0,0,0,0,0,1,1,-1,6,3,-1,-1,-1,-1,-1,-1,-1,-1,0,-1
2025041544961,2025,041544961,2,97,0,-1,19,5,1,-1,0,0,0,0,0,0,1,1,-1,6,1,23,5,-1,-1,-1,-1,1,E01025369,0,1
2025041544972,2025,041544972,1,9,0,-1,9,5,3,-1,0,6,0,0,0,0,1,1,-1,9,1,68,10,-1,-1,-1,-1,6,E01025562,0,1
2025041544972,2025,041544972,2,9,0,-1,19,3,7,-1,0,8,0,0,0,0,1,1,-1,2,1,35,6,-1,-1,-1,-1,2,E01012711,0,3
2025041544984,2025,041544984,2,9,0,-1,19,1,5,-1,0,0,0,0,0,0,0,1,-1,9,1,67,10,-1,-1,-1,-1,3,-1,0,5
2025041544984,2025,041544984,1,9,0,-1,19,1,5,-1,0,0,0,11,1,4,1,1,-1,9,1,51,8,-1,-1,-1,-1,10,-1,0,5
2025041545033,2025,041545033,2,1,0,-1,19,1,5,-1,0,1,0,0,0,0,4,1,-1,9,2,54,8,-1,-1,-1,-1,7,E01025089,0,1
2025041545033,2025,041545033,1,9,0,-1,8,7,3,-1,0,6,0,0,3,0,1,1,-1,6,2,50,8,-1,-1,-1,-1,8,E01025088,0,1
2025041545053,2025,041545053,1,9,0,-1,4,3,7,-1,0,0,1,0,0,0,1,1,-1,2,1,20,4,-1,-1,-1,-1,2,E01025578,0,2
2025041545053,2025,041545053,2,97,0,-1,4,3,7,-1,0,0,0,0,0,0,2,1,-1,2,1,18,4,-1,-1,-1,-1,5,E01025031,0,2
2025041545160,2025,041545160,1,98,4,-1,19,1,5,-1,0,0,3,0,0,0,4,1,-1,1,1,23,5,-1,-1,-1,-1,6,E01025114,0,4
2025041545160,2025,041545160,2,9,0,-1,19,1,5,-1,0,0,0,0,0,0,4,1,-1,2,1,52,8,-1,-1,-1,-1,9,E01024976,0,3
2025041545309,2025,041545309,2,9,0,-1,3,1,5,-1,0,1,0,0,0,0,2,2,-1,9,1,47,8,-1,-1,-1,-1,5,E01025235,0,1
2025041545309,2025,041545309,3,9,0,-1,3,1,5,-1,0,1,0,0,0,0,2,2,-1,9,1,35,6,-1,-1,-1,-1,9,E01025461,0,1
2025041545309,2025,041545309,1,9,0,-1,19,1,5,-1,0,1,0,0,0,0,1,2,-1,6,1,35,6,-1,-1,-1,-1,9,E01025257,0,1
2025041545387,2025,041545387,1,9,0,-1,19,2,6,-1,0,0,0,0,1,10,1,1,-1,2,1,38,7,-1,-1,-1,-1,5,E01025479,0,2
2025041545413,2025,041545413,1,1,0,-1,19,1,5,-1,0,1,0,0,0,0,1,1,-1,1,1,25,5,-1,-1,-1,-1,2,E01025274,0,1
2025041545413,2025,041545413,2,9,0,-1,19,5,1,-1,0,1,0,0,0,0,1,1,-1,9,1,38,7,-1,-1,-1,-1,1,E01025290,0,1
2025041545471,2025,041545471,1,9,0,-1,5,7,5,-1,0,2,0,0,0,0,3,1,-1,2,2,37,7,-1,-1,-1,-1,2,E01025208,0,2
2025041545471,2025,041545471,2,9,0,-1,19,5,1,-1,0,1,0,0,0,0,4,1,-1,9,1,61,9,-1,-1,-1,-1,1,E01025230,0,1
2025041545474,2025,041545474,2,98,0,-1,19,8,4,-1,0,0,0,11,0,0,4,1,-1,1,1,53,8,-1,-1,-1,-1,1,E01025238,0,3
2025041545474,2025,041545474,1,9,0,-1,5,8,4,-1,0,0,0,0,0,0,3,1,-1,1,1,55,8,-1,-1,-1,-1,2,E01025247,0,3
2025041545484,2025,041545484,1,9,0,-1,5,7,3,-1,9,6,0,0,0,0,1,1,-1,9,2,26,6,-1,-1,-1,-1,8,E01025191,0,1
2025041545484,2025,041545484,2,9,0,-1,19,6,2,-1,0,2,0,0,0,0,1,1,-1,9,2,37,7,-1,-1,-1,-1,7,E01025199,0,1
2025041545491,2025,041545491,1,9,0,-1,19,4,8,-1,0,8,0,0,0,0,-1,9,-1,6,3,-1,-1,-1,-1,-1,-1,-1,-1,0,-1
2025041545492,2025,041545492,2,1,0,-1,19,-1,-1,-1,0,0,0,0,0,0,-1,1,-1,6,1,43,7,-1,-1,-1,-1,3,E01025249,0,1
2025041545492,2025,041545492,1,9,0,-1,19,3,7,-1,0,0,0,0,0,0,4,1,-1,1,1,43,7,-1,-1,-1,-1,3,E01025234,0,1
2025041545541,2025,041545541,2,97,0,-1,19,7,3,-1,0,1,5,0,0,0,1,1,-1,2,1,30,6,-1,-1,-1,-1,3,E01024943,0,1
2025041545541,2025,041545541,1,9,0,-1,9,3,7,-1,0,5,0,0,0,0,1,1,-1,2,1,74,10,-1,-1,-1,-1,2,E01024959,0,1
2025041545617,2025,041545617,1,9,0,-1,19,2,2,-1,0,4,0,7,0,0,1,1,-1,1,2,26,6,-1,-1,-1,-1,8,E01025516,0,1
2025041545617,2025,041545617,2,98,0,-1,19,6,6,-1,0,8,0,0,0,0,1,1,-1,1,1,24,5,-1,-1,-1,-1,5,E01025508,0,3
2025041545786,2025,041545786,1,98,0,-1,4,1,5,-1,0,0,0,0,0,0,4,1,-1,1,1,58,9,-1,-1,-1,-1,5,E01025053,0,4
2025041545865,2025,041545865,1,9,0,-1,7,5,7,-1,0,8,5,0,0,0,1,1,-1,9,2,56,9,-1,-1,-1,-1,3,E01025234,0,1
2025041545865,2025,041545865,2,11,0,-1,19,6,2,-1,0,1,0,0,0,0,1,1,-1,1,1,48,8,-1,-1,-1,-1,2,E01025244,0,1
2025041545920,2025,041545920,2,1,0,-1,19,1,5,-1,0,8,0,0,0,0,1,1,-1,6,1,52,8,-1,-1,-1,-1,1,E01006305,0,2
2025041545920,2025,041545920,1,9,0,-1,9,5,2,-1,0,8,0,0,0,0,1,1,-1,6,2,48,8,-1,-1,-1,-1,9,E01004884,0,1
2025041545955,2025,041545955,1,9,0,-1,19,3,2,-1,1,8,0,0,0,0,1,1,-1,9,2,52,8,-1,-1,-1,-1,4,E01025265,0,2
2025041545998,2025,041545998,1,9,0,-1,9,2,8,-1,0,6,0,0,0,0,1,1,-1,9,1,25,5,-1,-1,-1,-1,10,E01025403,0,1
2025041546060,2025,041546060,2,9,0,-1,19,5,1,-1,0,0,0,0,0,0,1,1,-1,9,1,66,10,-1,-1,-1,-1,5,E01014052,0,5
2025041546060,2025,041546060,1,9,0,-1,19,5,1,-1,0,0,1,0,0,0,1,1,-1,9,1,48,8,-1,-1,-1,-1,7,E01035379,0,4
2025041546110,2025,041546110,2,9,0,-1,19,7,3,-1,0,1,0,0,0,0,1,1,-1,1,1,49,8,-1,-1,-1,-1,5,E01025243,0,1
2025041546110,2025,041546110,1,9,0,-1,5,1,7,-1,0,8,0,0,0,0,1,1,-1,9,1,55,8,-1,-1,-1,-1,4,W01000238,0,4
2025041546111,2025,041546111,1,9,0,-1,19,1,5,-1,0,0,1,0,0,0,1,1,-1,9,2,30,6,-1,-1,-1,-1,7,E01025559,0,4
2025041546111,2025,041546111,3,9,0,-1,19,1,5,-1,0,0,1,0,0,0,3,1,-1,9,1,52,8,-1,-1,-1,-1,5,E01012599,0,2
2025041546111,2025,041546111,2,98,0,-1,19,1,5,-1,0,0,1,0,0,0,3,1,-1,1,1,43,7,-1,-1,-1,-1,5,E01005398,0,4
2025041546129,2025,041546129,1,9,0,-1,19,1,5,-1,0,1,0,0,0,0,1,9,-1,6,1,62,9,-1,-1,-1,-1,10,E01034764,0,2
2025041546129,2025,041546129,2,9,0,-1,19,5,1,-1,0,1,0,0,0,0,3,9,-1,6,1,60,9,-1,-1,-1,-1,6,E01025329,0,1
2025041546153,2025,041546153,1,1,0,-1,19,5,1,-1,0,0,0,0,0,0,2,1,-1,6,1,39,7,-1,-1,-1,-1,9,E01025553,0,1
2025041546153,2025,041546153,2,98,0,-1,19,5,1,-1,0,0,0,0,0,0,1,1,-1,1,1,54,8,-1,-1,-1,-1,9,E01025553,0,1
2025041546179,2025,041546179,1,97,0,-1,19,3,7,-1,0,0,1,0,0,0,4,1,-1,9,1,52,8,-1,-1,-1,-1,2,E01025116,0,2
2025041546229,2025,041546229,1,9,0,-1,19,3,7,-1,0,0,0,0,5,0,3,1,-1,9,2,21,5,-1,-1,-1,-1,3,E01025221,0,1
2025041546298,2025,041546298,1,9,0,-1,9,3,7,-1,0,1,0,0,0,0,1,1,-1,9,1,29,6,-1,-1,-1,-1,1,E01025067,0,1
2025041546298,2025,041546298,2,9,0,-1,19,5,1,-1,0,1,0,0,0,0,1,1,-1,6,1,26,6,-1,-1,-1,-1,1,E01034336,0,1
2025041546302,2025,041546302,1,90,0,-1,19,5,1,-1,4,5,0,0,0,0,1,1,-1,6,1,23,5,-1,-1,-1,-1,2,E01025263,0,1
2025041546302,2025,041546302,3,1,0,-1,-1,-1,-1,-1,-1,5,-1,-1,-1,0,-1,1,-1,6,3,-1,-1,-1,-1,-1,-1,-1,-1,0,-1
2025041546302,2025,041546302,2,1,0,-1,19,-1,-1,-1,0,5,0,0,0,0,-1,1,-1,6,3,-1,-1,-1,-1,-1,-1,-1,-1,0,-1
2025041546370,2025,041546370,1,9,0,-1,19,7,6,-1,0,0,0,0,0,0,1,1,-1,6,2,56,9,-1,-1,-1,-1,3,E01034348,0,1
2025041546419,2025,041546419,2,97,0,-1,3,3,7,-1,0,0,0,0,0,0,2,1,-1,9,1,64,9,-1,-1,-1,-1,8,E01024920,0,1
2025041546419,2025,041546419,1,9,0,-1,5,3,7,-1,0,0,0,0,0,0,1,1,-1,9,2,42,7,-1,-1,-1,-1,3,E01024926,0,1
2025041546430,2025,041546430,1,9,0,-1,19,3,7,-1,0,0,0,0,0,0,3,1,-1,9,1,82,11,-1,-1,-1,-1,8,E01025302,0,1
2025041546435,2025,041546435,1,1,0,-1,19,-1,-1,-1,0,0,0,0,0,0,1,1,-1,6,1,77,11,-1,-1,-1,-1,9,E01025404,0,2
2025041546435,2025,041546435,2,9,0,-1,19,2,6,-1,0,0,0,0,0,0,4,1,-1,9,2,75,10,-1,-1,-1,-1,9,E01025437,0,1
2025041546453,2025,041546453,1,9,0,-1,19,6,4,-1,0,0,1,0,0,0,4,1,-1,9,2,25,5,-1,-1,-1,-1,3,E01025234,0,1
2025041546488,2025,041546488,2,9,0,-1,2,6,4,-1,0,0,1,0,0,0,2,1,-1,9,2,53,8,-1,-1,-1,-1,7,E01025004,0,1
2025041546488,2025,041546488,1,9,0,-1,19,7,3,-1,0,0,0,0,0,0,1,1,-1,6,1,30,6,-1,-1,-1,-1,1,E01025006,0,1
2025041546519,2025,041546519,1,9,0,-1,19,7,3,-1,0,0,0,0,5,0,3,1,-1,2,1,50,8,-1,-1,-1,-1,1,E01025230,0,2
2025041546628,2025,041546628,1,9,0,-1,9,4,8,-1,0,2,0,0,0,0,3,1,-1,2,1,67,10,-1,-1,-1,-1,2,E01033223,0,1
2025041546628,2025,041546628,2,1,0,-1,15,4,8,-1,0,1,0,0,0,0,1,1,-1,2,1,27,6,-1,-1,-1,-1,1,E01025248,0,1
2025041546737,2025,041546737,1,9,0,-1,9,7,3,-1,9,0,0,0,0,0,1,1,-1,6,1,45,7,-1,-1,-1,-1,2,E01024986,0,1
2025041546785,2025,041546785,1,98,0,-1,19,1,5,-1,0,0,5,0,0,0,3,1,-1,1,1,61,9,-1,-1,-1,-1,3,E01014334,0,5
2025041546791,2025,041546791,2,1,0,-1,19,5,1,-1,0,1,0,0,0,0,1,1,-1,6,1,44,7,-1,-1,-1,-1,1,E01012678,0,1
2025041546791,2025,041546791,1,9,0,-1,9,7,5,-1,0,8,0,0,0,0,1,1,-1,9,1,31,6,-1,-1,-1,-1,2,E01012711,0,1
2025041547012,2025,041547012,1,23,0,-1,19,3,7,-1,0,1,1,0,0,0,0,1,-1,9,1,52,8,-1,-1,-1,-1,3,E01024866,0,1
2025041547015,2025,041547015,1,9,0,-1,19,1,5,-1,0,0,0,0,0,0,3,1,-1,9,2,51,8,-1,-1,-1,-1,1,E01025590,0,3
2025041547039,2025,041547039,2,1,0,-1,19,1,5,-1,0,8,0,0,0,0,1,1,-1,2,1,62,9,-1,-1,-1,-1,7,E01024921,0,2
2025041547039,2025,041547039,1,9,0,-1,5,4,1,-1,0,6,0,0,0,0,1,1,-1,6,1,21,5,-1,-1,-1,-1,2,E01012658,0,3
2025041547098,2025,041547098,1,11,0,-1,19,5,1,-1,0,1,0,0,0,0,1,1,-1,1,1,61,9,-1,-1,-1,-1,2,E01025268,0,1