collision_index,collision_year,collision_ref_no,vehicle_reference,vehicle_type,towing_and_articulation,vehicle_manoeuvre_historic,vehicle_manoeuvre,vehicle_direction_from,vehicle_direction_to,vehicle_location_restricted_lane_historic,vehicle_location_restricted_lane,junction_location,skidding_and_overturning,hit_object_in_carriageway,vehicle_leaving_carriageway,hit_object_off_carriageway,first_point_of_impact,vehicle_left_hand_drive,journey_purpose_of_driver_historic,journey_purpose_of_driver,sex_of_driver,age_of_driver,age_band_of_driver,engine_capacity_cc,propulsion_code,age_of_vehicle,generic_make_model,driver_imd_decile,lsoa_of_driver,escooter_flag,driver_distance_banding
2025041551702,2025,041551702,1,9,0,-1,5,1,5,-1,0,8,0,0,0,0,1,1,-1,1,1,35,6,-1,-1,-1,-1,3,E01025209,0,1
2025041551748,2025,041551748,3,9,0,-1,3,5,2,-1,0,0,0,0,0,0,1,1,-1,1,1,54,8,-1,-1,-1,-1,5,E01025448,0,1
2025041551748,2025,041551748,1,9,0,-1,19,5,1,-1,0,0,1,0,6,0,1,1,-1,9,1,66,10,-1,-1,-1,-1,3,E01025262,0,1
2025041551748,2025,041551748,2,9,0,-1,19,7,3,-1,0,0,0,0,0,0,1,1,-1,9,2,33,6,-1,-1,-1,-1,9,E01025455,0,1
2025041551834,2025,041551834,1,9,0,-1,19,8,4,-1,0,0,0,11,1,11,1,1,-1,9,1,23,5,-1,-1,-1,-1,7,E01010952,0,4
2025041551861,2025,041551861,2,1,0,-1,19,1,5,-1,0,0,0,0,0,0,3,1,-1,9,1,16,4,-1,-1,-1,-1,6,E01025495,0,1
2025041551861,2025,041551861,1,9,0,-1,19,-1,-1,-1,0,0,0,0,0,0,4,9,-1,6,3,-1,-1,-1,-1,-1,-1,-1,-1,0,-1
2025041551861,2025,041551861,3,1,0,-1,19,1,5,-1,0,0,0,0,0,0,3,1,-1,9,1,14,3,-1,-1,-1,-1,6,E01025495,0,1
2025041551868,2025,041551868,1,9,0,-1,19,3,7,-1,0,0,5,10,1,11,1,1,-1,9,1,32,6,-1,-1,-1,-1,2,E01012676,0,3
2025041551878,2025,041551878,2,9,0,-1,19,-1,-1,-1,0,0,0,0,0,0,0,9,-1,6,3,-1,-1,-1,-1,-1,-1,-1,-1,0,-1
2025041551878,2025,041551878,4,98,0,-1,2,0,0,-1,0,0,0,0,0,0,4,1,-1,6,-1,-1,-1,-1,-1,-1,-1,-1,-1,0,-1
2025041551878,2025,041551878,1,9,0,-1,19,3,7,-1,0,0,0,0,7,11,1,1,-1,9,1,34,6,-1,-1,-1,-1,4,E01024960,0,3
2025041551878,2025,041551878,3,9,0,-1,9,3,7,-1,0,0,0,0,0,0,2,1,-1,9,1,46,8,-1,-1,-1,-1,7,E01012582,0,1
2025041551883,2025,041551883,1,9,0,-1,19,7,3,-1,0,0,0,0,0,0,1,1,-1,6,1,72,10,-1,-1,-1,-1,8,E01034352,0,1
2025041551936,2025,041551936,2,9,0,-1,2,2,4,-1,0,1,0,0,0,0,1,1,-1,9,2,33,6,-1,-1,-1,-1,4,E01012633,0,1
2025041551936,2025,041551936,1,9,0,-1,19,4,2,-1,0,2,0,0,0,0,1,1,-1,6,3,-1,-1,-1,-1,-1,-1,-1,-1,0,-1
2025041551941,2025,041551941,2,98,0,-1,19,5,1,-1,0,0,0,0,0,0,1,1,-1,6,2,26,6,-1,-1,-1,-1,1,E01025118,0,1
2025041551941,2025,041551941,1,9,0,-1,19,5,1,-1,0,0,0,0,0,0,2,1,-1,6,2,77,11,-1,-1,-1,-1,8,E01025086,0,1
2025041551949,2025,041551949,1,9,0,-1,19,5,1,-1,0,0,0,0,0,0,1,1,-1,6,3,-1,-1,-1,-1,-1,-1,-1,-1,0,-1
2025041552252,2025,041552252,1,9,0,-1,12,1,5,-1,0,0,0,0,4,6,1,1,-1,9,1,47,8,-1,-1,-1,-1,8,E01034347,0,2
2025041552252,2025,041552252,2,9,0,-1,19,1,5,-1,0,0,0,0,4,6,1,1,-1,9,1,26,6,-1,-1,-1,-1,6,E01025329,0,4
2025041552276,2025,041552276,2,9,0,-1,3,7,3,-1,0,1,0,0,0,0,2,2,-1,6,2,58,9,-1,-1,-1,-1,2,E01025529,0,2
2025041552276,2025,041552276,1,9,0,-1,5,7,3,-1,0,1,0,0,0,0,1,1,-1,9,2,50,8,-1,-1,-1,-1,8,E01007101,0,2
2025041552298,2025,041552298,2,11,0,-1,19,1,5,-1,0,8,0,4,0,0,1,1,-1,1,1,54,8,-1,-1,-1,-1,4,E01025360,0,3
2025041552298,2025,041552298,3,9,0,-1,2,0,0,-1,9,8,0,0,0,0,4,1,-1,6,-1,-1,-1,-1,-1,-1,-1,-1,-1,0,-1
2025041552298,2025,041552298,1,9,0,-1,19,5,1,-1,0,8,0,0,0,0,1,1,-1,9,2,32,6,-1,-1,-1,-1,3,E01025379,0,1
2025041552444,2025,041552444,1,9,0,-1,19,6,6,-1,0,0,1,10,7,11,1,2,-1,1,1,40,7,-1,-1,-1,-1,1,E01025186,0,2
2025041552445,2025,041552445,2,9,0,-1,7,7,5,-1,0,8,0,0,0,0,1,1,-1,2,1,48,8,-1,-1,-1,-1,5,E01025428,0,2
2025041552445,2025,041552445,1,9,0,-1,19,1,5,-1,0,8,0,0,0,0,1,1,-1,2,1,32,6,-1,-1,-1,-1,5,E01024954,0,1
2025041552526,2025,041552526,2,9,0,-1,19,7,3,-1,0,1,0,0,0,0,1,1,-1,2,1,29,6,-1,-1,-1,-1,1,E01012631,0,1
2025041552526,2025,041552526,1,97,0,-1,12,3,1,-1,0,1,0,0,0,0,4,1,-1,2,1,30,6,-1,-1,-1,-1,2,E01025077,0,1
2025041552588,2025,041552588,1,98,0,-1,19,5,1,-1,0,0,1,0,0,0,1,1,-1,1,1,33,6,-1,-1,-1,-1,8,E01025180,0,4
2025041552588,2025,041552588,3,98,0,-1,19,5,1,-1,0,0,0,0,0,0,2,1,-1,1,1,58,9,-1,-1,-1,-1,6,E01010639,0,4
2025041552588,2025,041552588,2,98,0,-1,4,5,1,-1,0,0,0,0,0,0,3,1,-1,1,1,20,4,-1,-1,-1,-1,5,E01025061,0,3
2025041552663,2025,041552663,1,9,0,-1,9,5,1,-1,0,2,0,0,0,0,1,1,-1,9,1,28,6,-1,-1,-1,-1,6,E01025562,0,3
2025041552663,2025,041552663,2,9,0,-1,9,5,1,-1,0,2,0,0,0,0,2,1,-1,9,1,51,8,-1,-1,-1,-1,1,E01012673,0,1
2025041552679,2025,041552679,1,-1,0,-1,19,3,7,-1,0,1,0,0,0,0,0,9,-1,6,1,13,3,-1,-1,-1,-1,1,E01012720,1,1
2025041552679,2025,041552679,2,9,0,-1,8,3,7,-1,0,6,0,0,0,0,1,1,-1,2,2,46,8,-1,-1,-1,-1,8,E01025551,0,1
2025041552791,2025,041552791,1,98,0,-1,19,3,7,-1,0,1,0,0,0,0,1,1,-1,6,1,75,10,-1,-1,-1,-1,4,E01012703,0,1
2025041552854,2025,041552854,1,9,0,-1,5,3,7,-1,1,0,0,0,0,0,1,1,-1,2,1,51,8,-1,-1,-1,-1,8,E01025409,0,1
2025041552854,2025,041552854,2,9,0,-1,9,7,5,-1,0,0,0,0,0,0,4,1,-1,9,1,21,5,-1,-1,-1,-1,-1,-1,0,-1
2025041552878,2025,041552878,1,9,0,-1,9,1,7,-1,0,1,0,0,0,0,3,1,-1,2,2,64,9,-1,-1,-1,-1,2,E01025091,0,1
2025041552878,2025,041552878,2,9,0,-1,19,7,3,-1,0,1,0,0,0,0,1,1,-1,2,2,49,8,-1,-1,-1,-1,7,E01025597,0,4
2025041552964,2025,041552964,2,9,0,-1,19,7,3,-1,0,0,0,0,0,0,1,1,-1,2,2,55,8,-1,-1,-1,-1,10,E01025015,0,2
2025041552964,2025,041552964,1,9,0,-1,19,7,3,-1,0,0,0,0,0,0,1,1,-1,2,2,25,5,-1,-1,-1,-1,6,E01025026,0,3
2025041552964,2025,041552964,3,9,0,-1,19,7,3,-1,0,0,0,0,0,0,2,1,-1,2,2,33,6,-1,-1,-1,-1,6,E01034340,0,3
2025041552975,2025,041552975,1,9,0,-1,7,1,5,-1,0,0,0,0,0,0,1,1,-1,9,1,49,8,-1,-1,-1,-1,6,E01012747,0,1
2025041553114,2025,041553114,2,9,0,-1,2,1,1,-1,0,0,0,0,0,0,2,1,-1,1,1,17,4,-1,-1,-1,-1,10,E01025440,0,2
2025041553114,2025,041553114,1,9,0,-1,19,1,5,-1,0,0,0,0,0,0,1,1,-1,9,2,33,6,-1,-1,-1,-1,8,E01025413,0,1
2025041553237,2025,041553237,2,9,0,-1,2,7,3,-1,0,0,0,0,0,0,1,1,-1,9,2,18,4,-1,-1,-1,-1,7,E01025048,0,1
2025041553237,2025,041553237,1,9,0,-1,2,5,1,-1,0,0,0,0,0,0,2,1,-1,6,-1,-1,-1,-1,-1,-1,-1,-1,-1,0,-1
2025041553279,2025,041553279,2,9,0,-1,4,7,3,-1,0,0,0,0,0,0,2,1,-1,1,2,46,8,-1,-1,-1,-1,7,E01025463,0,3
2025041553279,2025,041553279,1,9,0,-1,4,7,3,-1,0,0,0,0,0,0,1,1,-1,1,2,52,8,-1,-1,-1,-1,1,E01025445,0,3
2025041553299,2025,041553299,2,9,0,-1,4,3,7,-1,0,0,0,0,0,0,2,1,-1,9,2,47,8,-1,-1,-1,-1,10,E01025475,0,2
2025041553299,2025,041553299,1,9,0,-1,4,3,7,-1,0,0,0,0,0,0,1,9,-1,1,1,55,8,-1,-1,-1,-1,6,E01025486,0,2
2025041553352,2025,041553352,3,98,0,-1,19,3,7,-1,0,0,0,0,0,0,2,1,-1,2,1,36,7,-1,-1,-1,-1,3,E01024884,0,3
2025041553352,2025,041553352,2,9,0,-1,19,3,7,-1,0,0,0,0,0,0,2,1,-1,2,1,28,6,-1,-1,-1,-1,5,E01012616,0,2
2025041553352,2025,041553352,1,9,0,-1,19,-1,-1,-1,0,0,0,0,0,0,2,9,-1,6,1,42,7,-1,-1,-1,-1,3,E01024892,0,4
2025041553420,2025,041553420,1,9,0,-1,19,3,7,-1,0,0,0,0,0,0,4,1,-1,1,2,41,7,-1,-1,-1,-1,3,E01025099,0,1
2025041553429,2025,041553429,1,23,0,-1,19,-1,-1,-1,9,0,0,0,-1,0,-1,1,-1,6,3,-1,-1,-1,-1,-1,-1,-1,-1,0,-1
2025041553556,2025,041553556,1,9,0,-1,19,1,5,-1,0,0,0,0,0,0,2,1,-1,9,2,77,11,-1,-1,-1,-1,1,E01012736,0,1
2025041553571,2025,041553571,2,9,0,-1,9,5,5,-1,0,8,0,0,0,0,1,2,-1,9,1,52,8,-1,-1,-1,-1,2,E01012623,0,1
2025041553571,2025,041553571,1,9,0,-1,19,7,7,-1,0,1,1,0,0,0,4,2,-1,9,2,37,7,-1,-1,-1,-1,7,E01012584,0,1
2025041553611,2025,041553611,1,9,0,-1,19,1,5,-1,0,0,0,0,0,0,1,1,-1,6,2,55,8,-1,-1,-1,-1,8,E01024901,0,3
2025041553611,2025,041553611,2,9,0,-1,19,1,5,-1,0,0,0,0,0,0,2,1,-1,9,2,57,9,-1,-1,-1,-1,2,E01024883,0,3
2025041553615,2025,041553615,1,9,0,-1,19,1,1,-1,0,1,0,0,0,0,1,1,-1,9,1,17,4,-1,-1,-1,-1,6,E01025107,0,1
2025041553615,2025,041553615,2,98,0,-1,9,5,5,-1,0,1,0,0,0,0,1,1,-1,1,1,19,4,-1,-1,-1,-1,8,E01025105,0,1
2025041553688,2025,041553688,1,9,0,-1,9,7,3,-1,0,1,0,0,0,0,3,1,-1,6,1,83,11,-1,-1,-1,-1,5,E01025235,0,1
2025041553688,2025,041553688,2,9,0,-1,19,5,1,-1,0,1,0,0,0,0,1,1,-1,6,1,23,5,-1,-1,-1,-1,9,E01025328,0,3
2025041553689,2025,041553689,1,9,0,-1,19,2,2,-1,0,0,0,0,0,0,4,1,-1,6,1,92,11,-1,-1,-1,-1,7,E01025339,0,1
2025041553901,2025,041553901,1,1,0,-1,19,8,4,-1,0,2,0,0,0,0,1,1,-1,6,1,19,4,-1,-1,-1,-1,1,E01025528,0,1
2025041553901,2025,041553901,2,9,0,-1,19,2,6,-1,0,8,0,0,0,0,1,1,-1,9,2,64,9,-1,-1,-1,-1,5,E01025525,0,1
2025041553914,2025,041553914,1,9,0,-1,19,8,3,-1,0,0,0,0,0,0,1,1,-1,9,1,75,10,-1,-1,-1,-1,9,E01025133,0,1
2025041553924,2025,041553924,1,9,0,-1,19,1,5,-1,0,1,0,0,0,0,1,1,-1,6,3,-1,-1,-1,-1,-1,-1,-1,-1,0,-1
2025041553924,2025,041553924,2,9,0,-1,2,3,7,-1,0,1,0,0,0,0,4,1,-1,9,2,24,5,-1,-1,-1,-1,2,E01025075,0,1
2025041553942,2025,041553942,2,9,0,-1,11,7,1,-1,0,3,0,0,0,0,4,1,-1,9,2,27,6,-1,-1,-1,-1,9,E01025566,0,1
2025041553942,2025,041553942,1,9,0,-1,9,5,3,-1,0,3,0,0,0,0,1,1,-1,9,2,47,8,-1,-1,-1,-1,9,E01025558,0,3
2025041553960,2025,041553960,1,9,0,-1,4,7,3,-1,0,4,0,9,3,11,1,1,-1,9,2,74,10,-1,-1,-1,-1,7,E01025594,0,4
2025041553961,2025,041553961,1,98,0,-1,19,-1,-1,-1,0,0,0,0,0,0,-1,9,-1,6,3,-1,-1,-1,-1,-1,-1,-1,-1,0,-1
2025041553961,2025,041553961,2,1,0,-1,19,5,1,-1,0,0,0,0,0,0,3,1,-1,9,2,40,7,-1,-1,-1,-1,4,E01025587,0,1
2025041553976,2025,041553976,4,9,0,-1,19,5,1,-1,0,0,0,0,0,0,1,1,-1,6,1,47,8,-1,-1,-1,-1,1,-1,0,5
2025041553976,2025,041553976,1,9,0,-1,19,1,5,-1,0,0,0,0,0,0,1,1,-1,9,2,52,8,-1,-1,-1,-1,4,E01025314,0,1
2025041553976,2025,041553976,3,9,0,-1,2,0,0,-1,0,0,0,0,0,0,1,1,-1,6,-1,-1,-1,-1,-1,-1,-1,-1,-1,0,-1
2025041553976,2025,041553976,2,9,0,-1,19,5,1,-1,0,0,0,4,0,0,2,1,-1,9,2,34,6,-1,-1,-1,-1,1,E01024925,0,3
2025041554252,2025,041554252,2,1,0,-1,19,7,3,-1,0,1,1,0,0,0,1,1,-1,9,1,17,4,-1,-1,-1,-1,3,E01025150,0,1
2025041554252,2025,041554252,1,9,0,-1,9,-1,-1,-1,0,1,0,0,0,0,-1,9,-1,6,3,-1,-1,-1,-1,-1,-1,-1,-1,0,-1
2025041554280,2025,041554280,1,9,0,-1,19,1,5,-1,0,1,0,0,0,0,1,1,-1,6,3,-1,-1,-1,-1,-1,-1,-1,-1,0,-1
2025041554280,2025,041554280,3,9,0,-1,19,1,5,-1,0,1,0,0,0,0,2,1,-1,6,3,-1,-1,-1,-1,-1,-1,-1,-1,0,-1
2025041554280,2025,041554280,2,9,0,-1,19,1,5,-1,0,1,0,0,0,0,2,1,-1,6,1,40,7,-1,-1,-1,-1,1,E01012671,0,1
2025041554292,2025,041554292,1,9,0,-1,9,5,3,-1,0,1,0,0,0,0,4,1,-1,9,1,40,7,-1,-1,-1,-1,3,E01012708,0,1
2025041554292,2025,041554292,3,9,0,-1,7,3,5,-1,0,1,0,0,1,0,3,1,-1,9,1,28,6,-1,-1,-1,-1,4,E01012710,0,1
2025041554292,2025,041554292,2,9,0,-1,19,1,5,-1,0,1,0,0,0,0,1,1,-1,9,1,22,5,-1,-1,-1,-1,9,E01025600,0,1
2025041554317,2025,041554317,1,9,0,-1,19,4,8,-1,0,1,0,0,0,0,1,1,-1,6,1,75,10,-1,-1,-1,-1,6,E01025020,0,1
2025041554367,2025,041554367,1,1,0,-1,19,3,7,-1,0,1,0,0,0,0,1,1,-1,9,2,42,7,-1,-1,-1,-1,4,E01025288,0,1
2025041554367,2025,041554367,2,9,0,-1,19,3,7,-1,0,1,0,0,0,0,2,1,-1,9,1,24,5,-1,-1,-1,-1,2,E01025269,0,1
2025041554370,2025,041554370,2,9,0,-1,19,5,1,-1,0,1,0,0,0,0,2,1,-1,2,1,52,8,-1,-1,-1,-1,2,E01012629,0,1
2025041554370,2025,041554370,1,9,0,-1,19,1,5,-1,0,1,0,0,0,0,3,1,-1,9,2,27,6,-1,-1,-1,-1,3,E01024933,0,3
2025041554376,2025,041554376,2,9,0,-1,9,1,5,-1,0,6,0,0,0,0,3,1,-1,2,2,29,6,-1,-1,-1,-1,7,E01006947,0,3
2025041554376,2025,041554376,1,98,0,-1,19,2,6,-1,0,8,0,0,0,0,4,2,-1,1,1,53,8,-1,-1,-1,-1,-1,-1,0,-1
2025041554388,2025,041554388,2,9,0,-1,19,7,3,-1,0,1,0,0,0,0,3,1,-1,9,1,36,7,-1,-1,-1,-1,1,E01024885,0,1
2025041554388,2025,041554388,1,9,0,-1,9,5,3,-1,0,1,0,0,0,0,1,1,-1,9,1,86,11,-1,-1,-1,-1,2,E01024890,0,1
2025041554397,2025,041554397,1,9,0,-1,9,6,8,-1,0,8,0,0,0,0,1,1,-1,6,2,78,11,-1,-1,-1,-1,2,E01012688,0,1
2025041554397,2025,041554397,2,97,0,-1,19,8,4,-1,0,8,0,0,0,0,3,1,-1,1,1,60,9,-1,-1,-1,-1,10,E01025019,0,2
2025041554421,2025,041554421,1,9,0,-1,19,2,6,-1,0,0,0,10,1,11,1,1,-1,9,1,33,6,-1,-1,-1,-1,1,E01025182,0,1
2025041554423,2025,041554423,1,9,0,-1,19,1,5,-1,0,1,0,0,0,0,1,1,-1,9,2,26,6,-1,-1,-1,-1,7,E01025266,0,1
2025041554423,2025,041554423,2,98,0,-1,19,7,3,-1,9,1,0,0,1,2,4,1,-1,1,1,28,6,-1,-1,-1,-1,10,E01025403,0,2
2025041554484,2025,041554484,2,9,0,-1,19,5,1,-1,0,1,0,0,0,0,1,1,-1,9,1,65,9,-1,-1,-1,-1,9,E01025378,0,2
2025041554484,2025,041554484,1,97,0,-1,19,7,3,-1,0,6,0,0,0,0,3,1,-1,9,1,17,4,-1,-1,-1,-1,1,E01004957,0,3
2025041554486,2025,041554486,1,9,0,-1,19,1,5,-1,0,0,0,0,0,0,4,1,-1,9,1,70,10,-1,-1,-1,-1,4,E01025556,0,2
2025041554498,2025,041554498,1,9,0,-1,19,3,7,-1,0,8,0,0,0,0,3,1,-1,9,2,24,5,-1,-1,-1,-1,6,E01025541,0,2
2025041554498,2025,041554498,2,90,0,-1,19,1,5,-1,0,8,0,0,0,0,1,1,-1,9,1,17,4,-1,-1,-1,-1,1,E01012744,0,1
2025041554499,2025,041554499,1,9,0,-1,-1,-1,-1,-1,-1,0,0,0,0,0,-1,9,-1,2,1,29,6,-1,-1,-1,-1,1,E01025154,0,1
2025041554520,2025,041554520,1,90,0,-1,19,-1,-1,-1,0,0,0,0,0,0,-1,9,-1,6,3,-1,-1,-1,-1,-1,-1,-1,-1,0,-1
2025041554576,2025,041554576,1,98,0,-1,19,3,7,-1,0,0,0,0,0,0,1,1,-1,1,2,38,7,-1,-1,-1,-1,9,E01011528,0,4
2025041554576,2025,041554576,2,9,0,-1,19,3,7,-1,0,0,1,0,1,0,1,1,-1,9,1,76,11,-1,-1,-1,-1,9,E01024916,0,4
2025041554578,2025,041554578,1,9,0,-1,19,3,7,-1,0,0,0,0,0,0,4,9,-1,6,3,-1,-1,-1,-1,-1,-1,-1,-1,0,-1
2025041554611,2025,041554611,1,11,0,-1,19,1,5,-1,0,0,0,0,0,0,1,1,-1,1,1,57,9,-1,-1,-1,-1,3,E01025368,0,3
2025041554679,2025,041554679,1,9,0,-1,19,-1,-1,-1,0,0,0,0,0,0,-1,9,-1,6,3,-1,-1,-1,-1,-1,-1,-1,-1,0,-1
2025041554779,2025,041554779,1,9,0,-1,19,1,5,-1,0,0,5,4,0,0,1,1,-1,9,2,64,9,-1,-1,-1,-1,9,E01025354,0,1
2025041554779,2025,041554779,3,9,0,-1,2,1,5,-1,0,0,0,0,0,0,2,1,-1,6,-1,-1,-1,-1,-1,-1,-1,-1,-1,0,-1
2025041554779,2025,041554779,2,9,0,-1,2,5,1,-1,0,0,0,0,1,0,1,1,-1,6,1,54,8,-1,-1,-1,-1,9,E01025354,0,1
2025041554781,2025,041554781,1,9,0,-1,19,1,5,-1,0,0,0,0,0,0,1,1,-1,1,1,41,7,-1,-1,-1,-1,2,E01025292,0,3
2025041554781,2025,041554781,2,9,0,-1,2,1,5,-1,0,0,0,0,0,0,0,1,-1,6,-1,-1,-1,-1,-1,-1,-1,-1,-1,0,-1
2025041554807,2025,041554807,2,9,0,-1,19,5,1,-1,0,8,0,0,0,0,1,1,-1,2,1,41,7,-1,-1,-1,-1,6,E01025066,0,3
2025041554807,2025,041554807,1,9,0,-1,19,3,7,-1,0,8,0,0,0,0,1,1,-1,6,1,25,5,-1,-1,-1,-1,10,E01025403,0,1
2025041554877,2025,041554877,2,97,0,-1,19,3,7,-1,0,8,0,0,0,0,1,1,-1,9,1,18,4,-1,-1,-1,-1,2,E01025269,0,1
2025041554877,2025,041554877,1,9,0,-1,9,7,3,-1,0,1,0,0,0,0,4,1,-1,9,1,79,11,-1,-1,-1,-1,3,E01025271,0,1
2025041554953,2025,041554953,1,9,0,-1,19,7,3,-1,0,0,1,10,6,9,4,1,-1,9,1,29,6,-1,-1,-1,-1,1,E01006637,0,4
2025041554953,2025,041554953,2,97,0,-1,19,3,4,-1,0,0,2,10,4,9,1,1,-1,9,1,43,7,-1,-1,-1,-1,3,E01012741,0,1
2025041554958,2025,041554958,2,9,0,-1,19,5,1,-1,0,1,0,0,0,0,2,1,-1,6,1,33,6,-1,-1,-1,-1,1,E01012698,0,1
2025041554958,2025,041554958,1,9,0,-1,19,5,1,-1,0,1,0,0,0,0,1,1,-1,6,3,-1,-1,-1,-1,-1,-1,-1,-1,0,-1
2025041555206,2025,041555206,3,98,0,-1,2,0,0,-1,0,1,0,0,0,0,0,1,-1,6,-1,-1,-1,-1,-1,-1,-1,-1,-1,0,-1
2025041555206,2025,041555206,2,9,0,-1,19,5,1,-1,0,1,0,0,0,0,4,1,-1,9,2,25,5,-1,-1,-1,-1,3,E01010670,0,4
2025041555206,2025,041555206,1,98,0,-1,9,3,7,-1,0,1,0,0,0,0,-1,9,-1,6,3,-1,-1,-1,-1,-1,-1,-1,-1,0,-1
2025041555248,2025,041555248,2,98,0,-1,7,2,2,-1,0,1,0,0,0,0,3,1,-1,1,1,52,8,-1,-1,-1,-1,4,E01025556,0,1
2025041555248,2025,041555248,1,23,0,-1,13,2,2,-1,0,1,1,0,1,0,1,1,-1,6,1,19,4,-1,-1,-1,-1,7,E01025603,0,1
2025041555358,2025,041555358,1,97,0,-1,19,5,1,-1,0,0,0,0,0,0,1,1,-1,6,3,-1,-1,-1,-1,-1,-1,-1,-1,0,-1
2025041555672,2025,041555672,2,9,0,-1,19,5,1,-1,0,0,0,0,0,0,4,1,-1,9,1,50,8,-1,-1,-1,-1,1,E01025283,0,1
2025041555672,2025,041555672,1,98,0,-1,4,5,1,-1,0,0,0,0,0,0,3,1,-1,9,1,37,7,-1,-1,-1,-1,4,E01025261,0,2
2025041555728,2025,041555728,1,9,0,-1,7,4,2,-1,0,8,0,0,0,0,1,1,-1,9,1,41,7,-1,-1,-1,-1,1,E01012721,0,1
2025041555728,2025,041555728,3,9,0,-1,9,2,8,-1,0,1,0,0,0,0,1,1,-1,9,1,41,7,-1,-1,-1,-1,2,E01012705,0,1
2025041555728,2025,041555728,2,9,0,-1,19,7,3,-1,0,1,0,0,0,0,1,1,-1,9,2,39,7,-1,-1,-1,-1,6,E01025027,0,1
2025041555916,2025,041555916,1,9,0,-1,5,7,3,-1,0,0,0,0,0,0,1,1,-1,9,1,71,10,-1,-1,-1,-1,9,E01025545,0,1
2025041556096,2025,041556096,1,-1,0,-1,19,1,5,-1,9,1,0,0,0,0,0,1,-1,6,1,33,6,-1,-1,-1,-1,1,E01012675,1,1
2025041556115,2025,041556115,1,9,0,-1,19,5,1,-1,0,1,0,0,0,0,1,1,-1,9,1,27,6,-1,-1,-1,-1,1,E01025423,0,1
2025041556123,2025,041556123,1,9,0,-1,19,1,3,-1,0,8,0,0,0,0,3,1,-1,9,1,75,10,-1,-1,-1,-1,1,E01012600,0,1
2025041556123,2025,041556123,2,9,0,-1,19,3,5,-1,0,8,0,0,0,0,4,1,-1,9,1,38,7,-1,-1,-1,-1,1,E01012595,0,1
2025041556333,2025,041556333,2,9,0,-1,13,3,7,-1,0,0,0,0,0,0,1,1,-1,2,2,45,7,-1,-1,-1,-1,5,E01012616,0,2
2025041556333,2025,041556333,1,98,0,-1,19,-1,-1,-1,0,0,0,0,0,0,-1,9,-1,6,1,58,9,-1,-1,-1,-1,1,E01025045,0,3
2025041556445,2025,041556445,1,9,0,-1,12,7,3,-1,-1,0,2,0,1,0,1,1,-1,1,1,30,6,-1,-1,-1,-1,10,E01018693,0,4
2025041556508,2025,041556508,1,9,0,-1,7,5,7,-1,0,0,0,0,1,2,1,1,-1,1,2,81,11,-1,-1,-1,-1,1,E01012720,0,1
2025041556520,2025,041556520,1,9,0,-1,9,7,1,-1,0,5,0,0,0,0,1,1,-1,1,2,28,6,-1,-1,-1,-1,1,E01012752,0,4
2025041556520,2025,041556520,2,1,0,-1,19,7,1,-1,0,1,0,0,0,0,1,1,-1,6,2,62,9,-1,-1,-1,-1,8,E01024973,0,3
2025041556542,2025,041556542,2,9,0,-1,9,3,7,-1,0,0,1,0,1,0,3,1,-1,9,2,19,4,-1,-1,-1,-1,8,E01025413,0,1
2025041556542,2025,041556542,1,9,0,-1,19,3,7,-1,0,0,0,0,0,0,1,1,-1,9,1,26,6,-1,-1,-1,-1,2,E01012573,0,3
2025041556554,2025,041556554,2,9,0,-1,9,3,5,-1,0,4,0,0,0,0,1,1,-1,9,2,64,9,-1,-1,-1,-1,3,E01012685,0,1
2025041556554,2025,041556554,1,9,0,-1,19,5,1,-1,0,4,0,0,0,0,3,1,-1,9,2,50,8,-1,-1,-1,-1,1,E01012695,0,1
2025041556557,2025,041556557,2,9,0,-1,19,7,3,-1,0,2,0,0,0,0,1,1,-1,9,1,31,6,-1,-1,-1,-1,2,E01012711,0,1
2025041556557,2025,041556557,1,9,0,-1,19,7,3,-1,0,1,0,0,0,0,3,9,-1,6,3,-1,-1,-1,-1,-1,-1,-1,-1,0,-1
2025041556563,2025,041556563,1,9,0,-1,19,8,6,-1,0,0,1,0,7,4,1,1,-1,9,1,19,4,-1,-1,-1,-1,8,E01006476,0,3
2025041556720,2025,041556720,1,98,0,-1,19,1,5,-1,0,0,0,0,0,0,3,1,-1,1,1,57,9,-1,-1,-1,-1,3,E01024884,0,3
2025041556827,2025,041556827,2,9,0,-1,19,1,5,-1,0,1,0,0,0,0,1,1,-1,6,1,57,9,-1,-1,-1,-1,1,E01012709,0,1
2025041556827,2025,041556827,1,9,0,-1,10,5,3,-1,0,1,0,0,0,0,1,1,-1,6,1,30,6,-1,-1,-1,-1,7,E01025565,0,3
2025041556836,2025,041556836,2,9,0,-1,19,1,5,-1,0,4,0,0,0,0,1,1,-1,7,2,38,7,-1,-1,-1,-1,9,E01025437,0,1
2025041556836,2025,041556836,1,9,0,-1,9,3,1,-1,0,6,0,0,0,0,1,1,-1,9,2,18,4,-1,-1,-1,-1,10,E01025439,0,1
2025041556856,2025,041556856,1,22,0,-1,19,1,5,-1,9,1,0,0,0,0,1,1,-1,6,1,68,10,-1,-1,-1,-1,3,E01012714,0,1
2025041556953,2025,041556953,1,9,0,-1,19,1,5,-1,9,8,0,0,1,2,1,1,-1,9,2,27,6,-1,-1,-1,-1,4,E01012701,0,1
2025041557040,2025,041557040,1,9,0,-1,19,3,7,-1,0,1,0,0,0,0,1,1,-1,9,1,60,9,-1,-1,-1,-1,7,E01012597,0,1