collision_index,collision_year,collision_ref_no,vehicle_reference,vehicle_type,towing_and_articulation,vehicle_manoeuvre_historic,vehicle_manoeuvre,vehicle_direction_from,vehicle_direction_to,vehicle_location_restricted_lane_historic,vehicle_location_restricted_lane,junction_location,skidding_and_overturning,hit_object_in_carriageway,vehicle_leaving_carriageway,hit_object_off_carriageway,first_point_of_impact,vehicle_left_hand_drive,journey_purpose_of_driver_historic,journey_purpose_of_driver,sex_of_driver,age_of_driver,age_band_of_driver,engine_capacity_cc,propulsion_code,age_of_vehicle,generic_make_model,driver_imd_decile,lsoa_of_driver,escooter_flag,driver_distance_banding
2025041562484,2025,041562484,3,9,0,-1,5,5,1,-1,0,1,0,0,0,0,1,1,-1,9,1,62,9,-1,-1,-1,-1,1,E01025592,0,1
2025041562666,2025,041562666,2,98,0,-1,19,3,7,-1,0,8,0,0,0,0,3,2,-1,1,2,34,6,-1,-1,-1,-1,-1,-1,0,-1
2025041562666,2025,041562666,1,9,0,-1,11,3,7,-1,0,3,0,0,0,0,4,1,-1,9,1,32,6,-1,-1,-1,-1,6,E01025495,0,3
2025041562676,2025,041562676,1,97,0,-1,19,1,5,-1,0,0,0,0,5,6,4,1,-1,6,1,49,8,-1,-1,-1,-1,10,E01025534,0,4
2025041562677,2025,041562677,2,23,0,-1,4,7,7,-1,0,1,0,0,0,0,1,1,-1,6,1,23,5,-1,-1,-1,-1,10,E01025126,0,1
2025041562677,2025,041562677,1,9,0,-1,9,3,1,-1,0,1,0,0,0,0,1,1,-1,2,2,52,8,-1,-1,-1,-1,6,E01025123,0,2
2025041562685,2025,041562685,1,9,0,-1,19,1,5,-1,0,0,0,0,0,0,1,1,-1,9,1,53,8,-1,-1,-1,-1,1,E01012898,0,5
2025041562685,2025,041562685,3,9,0,-1,19,1,5,-1,0,0,0,0,0,0,4,9,-1,1,1,38,7,-1,-1,-1,-1,6,E01025002,0,4
2025041562729,2025,041562729,1,97,0,-1,19,3,7,-1,0,0,0,0,1,11,1,1,-1,6,1,28,6,-1,-1,-1,-1,6,E01024985,0,2
2025041562739,2025,041562739,1,9,0,-1,19,7,3,-1,0,0,0,0,0,0,1,1,-1,9,2,40,7,-1,-1,-1,-1,4,E01025216,0,1
2025041562747,2025,041562747,1,9,0,-1,2,0,0,-1,0,0,0,0,0,0,2,1,-1,6,3,-1,-1,-1,-1,-1,-1,-1,-1,0,-1
2025041562757,2025,041562757,1,9,0,-1,19,4,8,-1,0,0,5,0,7,4,1,1,-1,6,1,32,6,-1,-1,-1,-1,2,E01025521,0,1
2025041562779,2025,041562779,1,9,0,-1,19,1,5,-1,0,0,5,0,7,0,1,1,-1,9,1,18,4,-1,-1,-1,-1,6,E01025486,0,1
2025041562880,2025,041562880,2,1,0,-1,19,1,5,-1,9,1,0,0,7,10,4,1,-1,6,1,21,5,-1,-1,-1,-1,3,E01025379,0,1
2025041562880,2025,041562880,1,9,0,-1,19,3,7,-1,0,1,0,0,0,0,1,1,-1,6,2,24,5,-1,-1,-1,-1,2,E01025397,0,1
2025041562892,2025,041562892,1,9,0,-1,19,1,5,-1,0,0,0,0,0,0,1,1,-1,9,2,48,8,-1,-1,-1,-1,5,E01025031,0,1
2025041562892,2025,041562892,2,9,0,-1,19,5,1,-1,0,0,0,0,0,0,1,1,-1,9,1,33,6,-1,-1,-1,-1,1,E01012724,0,1
2025041562900,2025,041562900,1,9,0,-1,19,8,4,-1,0,1,0,0,0,0,4,1,-1,9,1,44,7,-1,-1,-1,-1,4,E01024871,0,1
2025041562927,2025,041562927,1,9,0,-1,19,7,4,-1,0,5,0,0,0,0,1,1,-1,6,1,78,11,-1,-1,-1,-1,10,E01025434,0,1
2025041562927,2025,041562927,2,1,0,-1,19,1,4,-1,0,1,0,0,0,0,4,1,-1,9,1,36,7,-1,-1,-1,-1,8,E01034351,0,1
2025041562981,2025,041562981,1,9,0,-1,13,7,3,-1,0,0,0,0,1,7,1,1,-1,9,1,37,7,-1,-1,-1,-1,-1,-1,0,-1
2025041562981,2025,041562981,2,98,0,-1,19,7,3,-1,0,0,0,0,0,0,3,1,-1,1,1,23,5,-1,-1,-1,-1,2,E01005111,0,4
2025041562981,2025,041562981,3,9,0,-1,19,7,3,-1,0,0,0,0,0,0,3,1,-1,9,1,43,7,-1,-1,-1,-1,10,E01027615,0,5
2025041563115,2025,041563115,2,97,0,-1,19,3,7,-1,0,1,0,0,0,0,1,1,-1,2,1,33,6,-1,-1,-1,-1,5,E01025479,0,1
2025041563115,2025,041563115,1,9,0,-1,9,7,3,-1,0,1,0,0,0,0,1,1,-1,1,1,81,11,-1,-1,-1,-1,9,E01025491,0,1
2025041563166,2025,041563166,1,9,0,-1,19,7,3,-1,0,2,0,0,0,0,1,1,-1,9,2,80,11,-1,-1,-1,-1,2,E01024941,0,3
2025041563215,2025,041563215,2,9,0,-1,19,1,5,-1,0,1,0,0,0,0,1,1,-1,9,2,49,8,-1,-1,-1,-1,1,E01025112,0,1
2025041563215,2025,041563215,1,9,0,-1,19,3,7,-1,0,1,0,0,0,0,3,1,-1,9,1,70,10,-1,-1,-1,-1,4,E01025119,0,1
2025041563227,2025,041563227,1,9,0,-1,19,3,7,-1,0,0,0,0,0,0,3,1,-1,2,1,30,6,-1,-1,-1,-1,3,E01012588,0,2
2025041563257,2025,041563257,1,90,0,-1,19,5,1,-1,0,0,1,0,5,6,1,1,-1,1,1,59,9,-1,-1,-1,-1,4,-1,0,5
2025041563302,2025,041563302,2,9,0,-1,9,2,8,-1,0,8,0,0,0,0,2,1,-1,2,2,24,5,-1,-1,-1,-1,9,E01025348,0,3
2025041563302,2025,041563302,1,97,0,-1,19,2,6,-1,0,1,0,0,0,0,2,1,-1,1,1,21,5,-1,-1,-1,-1,-1,-1,0,-1
2025041563407,2025,041563407,2,9,0,-1,2,7,3,-1,0,0,0,0,0,0,2,1,-1,1,1,36,7,-1,-1,-1,-1,3,E01012632,0,1
2025041563407,2025,041563407,1,98,0,-1,19,7,3,-1,0,0,5,4,0,0,1,1,-1,9,1,20,4,-1,-1,-1,-1,9,E01012488,0,4
2025041563539,2025,041563539,2,9,0,-1,19,5,1,-1,0,0,1,0,0,0,2,1,-1,1,1,58,9,-1,-1,-1,-1,9,E01006314,0,2
2025041563539,2025,041563539,1,9,0,-1,13,5,1,-1,0,0,0,0,0,0,1,1,-1,9,1,20,4,-1,-1,-1,-1,8,E01034351,0,1
2025041563541,2025,041563541,1,9,0,-1,9,5,1,-1,9,2,0,11,1,4,1,1,-1,6,1,91,11,-1,-1,-1,-1,2,E01012692,0,1
2025041563607,2025,041563607,2,98,0,-1,19,3,7,-1,0,0,0,0,0,0,2,1,-1,1,1,-1,-1,-1,-1,-1,-1,8,E01034436,0,5
2025041563607,2025,041563607,1,9,0,-1,19,1,7,-1,0,0,0,0,0,0,1,1,-1,6,1,32,6,-1,-1,-1,-1,1,E01025287,0,2
2025041563706,2025,041563706,2,9,0,-1,19,3,7,-1,0,0,0,0,4,0,1,1,-1,6,2,22,5,-1,-1,-1,-1,7,E01025029,0,1
2025041563706,2025,041563706,1,9,0,-1,12,3,7,-1,0,0,0,0,4,0,1,1,-1,9,1,51,8,-1,-1,-1,-1,8,E01025277,0,3
2025041563730,2025,041563730,1,9,0,-1,19,1,5,-1,0,0,0,0,1,0,1,1,-1,9,1,23,5,-1,-1,-1,-1,1,E01034233,0,4
2025041563730,2025,041563730,3,9,0,-1,19,1,5,-1,0,0,0,0,0,0,0,1,-1,9,1,26,6,-1,-1,-1,-1,7,E01025400,0,3
2025041563730,2025,041563730,2,9,0,-1,19,1,5,-1,0,0,0,0,2,0,2,1,-1,9,2,41,7,-1,-1,-1,-1,8,E01011200,0,4
2025041563751,2025,041563751,2,9,0,-1,2,1,1,-1,0,1,0,0,0,0,3,1,-1,6,-1,-1,-1,-1,-1,-1,-1,-1,-1,0,-1
2025041563751,2025,041563751,1,9,0,-1,14,1,1,-1,0,1,0,0,0,0,1,1,-1,1,1,61,9,-1,-1,-1,-1,1,E01025183,0,1
2025041563846,2025,041563846,1,98,0,-1,7,3,5,-1,0,6,0,0,0,0,1,2,-1,6,1,-1,-1,-1,-1,-1,-1,-1,-1,0,-1
2025041563876,2025,041563876,1,9,0,-1,19,5,4,-1,0,2,0,0,0,0,1,1,-1,6,1,31,6,-1,-1,-1,-1,1,E01025117,0,1
2025041563902,2025,041563902,2,9,0,-1,2,0,0,-1,0,0,0,0,0,0,3,1,-1,6,-1,-1,-1,-1,-1,-1,-1,-1,-1,0,-1
2025041563902,2025,041563902,3,9,0,-1,2,0,0,-1,0,0,0,0,0,0,1,1,-1,6,-1,-1,-1,-1,-1,-1,-1,-1,-1,0,-1
2025041563902,2025,041563902,1,9,0,-1,19,4,8,-1,0,0,0,4,0,0,1,1,-1,9,2,36,7,-1,-1,-1,-1,1,E01025186,0,1
2025041563961,2025,041563961,1,9,0,-1,19,7,3,-1,0,8,0,0,0,0,4,1,-1,6,2,-1,-1,-1,-1,-1,-1,3,E01012740,0,1
2025041564078,2025,041564078,2,9,0,-1,2,0,0,-1,0,0,0,0,0,0,2,2,-1,6,-1,-1,-1,-1,-1,-1,-1,-1,-1,0,-1
2025041564078,2025,041564078,1,9,0,-1,19,8,4,-1,0,0,5,0,0,0,1,1,-1,7,2,37,7,-1,-1,-1,-1,5,E01025401,0,2
2025041564078,2025,041564078,3,9,0,-1,2,0,0,-1,0,0,0,0,0,0,2,1,-1,6,-1,-1,-1,-1,-1,-1,-1,-1,-1,0,-1
2025041564134,2025,041564134,1,9,0,-1,19,8,4,-1,0,2,0,0,0,0,3,1,-1,2,1,41,7,-1,-1,-1,-1,1,E01025283,0,2
2025041564134,2025,041564134,2,9,0,-1,11,8,4,-1,0,2,0,0,0,0,4,1,-1,1,1,31,6,-1,-1,-1,-1,1,E01012577,0,3
2025041564158,2025,041564158,2,1,0,-1,19,7,3,-1,9,1,0,0,0,0,3,1,-1,7,1,5,1,-1,-1,-1,-1,6,E01025421,0,1
2025041564158,2025,041564158,1,98,0,-1,19,7,3,-1,0,8,0,0,0,0,4,9,-1,6,3,-1,-1,-1,-1,-1,-1,-1,-1,0,-1
2025041564167,2025,041564167,2,1,0,-1,19,5,1,-1,0,0,0,0,0,0,1,1,-1,2,1,57,9,-1,-1,-1,-1,8,E01025513,0,3
2025041564167,2025,041564167,1,9,0,-1,19,3,7,-1,0,0,0,0,1,0,1,1,-1,2,2,34,6,-1,-1,-1,-1,7,E01025411,0,2
2025041564221,2025,041564221,1,9,0,-1,19,1,5,-1,0,8,0,0,0,0,1,1,-1,1,1,36,7,-1,-1,-1,-1,1,E01033224,0,1
2025041564292,2025,041564292,2,9,0,-1,19,8,6,-1,0,0,0,0,0,0,2,1,-1,6,1,43,7,-1,-1,-1,-1,1,E01012746,0,1
2025041564292,2025,041564292,3,9,0,-1,19,8,6,-1,0,0,0,0,0,0,2,1,-1,6,2,54,8,-1,-1,-1,-1,4,E01012664,0,2
2025041564292,2025,041564292,1,9,0,-1,19,8,6,-1,0,0,0,0,0,0,1,1,-1,6,1,21,5,-1,-1,-1,-1,5,E01012706,0,1
2025041564299,2025,041564299,2,9,0,-1,4,5,1,-1,0,1,0,0,0,0,2,1,-1,6,-1,-1,-1,-1,-1,-1,-1,-1,-1,0,-1
2025041564299,2025,041564299,1,9,0,-1,19,5,1,-1,0,1,0,0,0,0,1,1,-1,9,1,79,11,-1,-1,-1,-1,1,E01025185,0,1
2025041564301,2025,041564301,1,9,0,-1,19,7,3,-1,0,8,0,0,0,0,1,1,-1,2,2,56,9,-1,-1,-1,-1,1,E01025528,0,1
2025041564331,2025,041564331,1,98,0,-1,5,4,8,-1,0,2,0,0,0,0,1,1,-1,6,1,47,8,-1,-1,-1,-1,9,E01012598,0,3
2025041564605,2025,041564605,1,9,0,-1,1,1,5,-1,0,1,0,0,0,0,2,1,-1,6,1,63,9,-1,-1,-1,-1,9,E01025545,0,1
2025041564606,2025,041564606,1,9,0,-1,7,5,1,-1,0,0,0,0,0,0,1,1,-1,2,1,36,7,-1,-1,-1,-1,1,E01025185,0,1
2025041564606,2025,041564606,2,9,0,-1,7,5,1,-1,0,0,0,0,0,0,2,1,-1,2,2,44,7,-1,-1,-1,-1,4,E01033281,0,3
2025041564671,2025,041564671,1,23,0,-1,19,-1,-1,-1,9,1,0,0,0,0,-1,1,-1,6,3,-1,-1,-1,-1,-1,-1,-1,-1,0,-1
2025041564683,2025,041564683,1,9,0,-1,19,1,5,-1,0,2,0,0,0,0,1,1,-1,9,1,40,7,-1,-1,-1,-1,6,E01034763,0,1
2025041564683,2025,041564683,2,9,0,-1,19,1,5,-1,0,2,0,0,0,0,2,1,-1,9,2,31,6,-1,-1,-1,-1,3,E01025143,0,1
2025041564841,2025,041564841,2,1,0,-1,9,2,4,-1,0,8,5,0,0,0,1,1,-1,2,1,35,6,-1,-1,-1,-1,1,E01025584,0,1
2025041564841,2025,041564841,1,9,0,-1,9,4,1,-1,0,8,0,0,0,0,4,1,-1,6,1,77,11,-1,-1,-1,-1,5,E01025591,0,1
2025041564942,2025,041564942,1,9,0,-1,19,8,8,-1,0,0,0,0,0,0,3,1,-1,9,1,38,7,-1,-1,-1,-1,8,E01034349,0,1
2025041565065,2025,041565065,2,98,0,-1,19,7,3,-1,0,0,0,0,0,0,2,1,-1,1,1,52,8,-1,-1,-1,-1,8,E01034351,0,1
2025041565065,2025,041565065,1,9,0,-1,19,7,3,-1,0,0,0,0,0,0,1,1,-1,9,2,32,6,-1,-1,-1,-1,5,E01004934,0,4
2025041565066,2025,041565066,2,9,0,-1,19,5,1,-1,0,0,0,0,5,0,4,1,-1,6,1,45,7,-1,-1,-1,-1,1,E01024953,0,1
2025041565066,2025,041565066,1,98,0,-1,11,5,1,-1,0,0,0,0,0,0,4,1,-1,1,1,36,7,-1,-1,-1,-1,3,E01006719,0,4
2025041565158,2025,041565158,1,9,0,-1,19,5,1,-1,0,1,0,0,0,0,1,1,-1,6,1,37,7,-1,-1,-1,-1,6,E01012747,0,1
2025041565158,2025,041565158,2,98,0,-1,19,1,5,-1,0,1,0,4,0,0,1,1,-1,6,1,31,6,-1,-1,-1,-1,4,E01012716,0,1
2025041565158,2025,041565158,3,9,0,-1,2,0,0,-1,9,1,1,0,0,0,1,1,-1,6,-1,-1,-1,-1,-1,-1,-1,-1,-1,0,-1
2025041565162,2025,041565162,1,9,0,-1,19,2,6,-1,0,1,1,11,1,11,1,1,-1,9,1,19,4,-1,-1,-1,-1,4,E01025370,0,1
2025041565164,2025,041565164,1,9,0,-1,19,5,1,-1,0,0,2,0,0,0,2,1,-1,9,1,17,4,-1,-1,-1,-1,8,E01024948,0,1
2025041565174,2025,041565174,2,9,0,-1,19,3,7,-1,0,8,1,0,0,0,1,1,-1,9,2,30,6,-1,-1,-1,-1,5,E01012645,0,3
2025041565174,2025,041565174,3,9,0,-1,19,7,3,-1,0,8,0,0,0,0,3,1,-1,9,1,36,7,-1,-1,-1,-1,8,E01034338,0,3
2025041565174,2025,041565174,1,9,0,-1,9,1,5,-1,0,6,0,0,0,0,1,1,-1,9,1,27,6,-1,-1,-1,-1,3,E01025312,0,1
2025041565231,2025,041565231,2,1,0,-1,19,7,3,-1,0,4,0,0,0,0,3,1,-1,9,1,59,9,-1,-1,-1,-1,9,E01025342,0,3
2025041565231,2025,041565231,1,9,0,-1,19,3,7,-1,0,4,0,0,0,0,1,1,-1,9,2,35,6,-1,-1,-1,-1,5,E01025331,0,2
2025041565271,2025,041565271,2,1,0,-1,7,5,7,-1,0,2,0,0,0,0,2,1,-1,7,1,16,4,-1,-1,-1,-1,1,E01025236,0,1
2025041565271,2025,041565271,1,9,0,-1,19,-1,-1,-1,0,1,0,0,0,0,-1,9,-1,6,3,-1,-1,-1,-1,-1,-1,-1,-1,0,-1
2025041565272,2025,041565272,1,97,0,-1,19,1,5,-1,9,0,0,0,0,0,1,1,-1,9,1,17,4,-1,-1,-1,-1,9,E01025240,0,1
2025041565337,2025,041565337,1,-1,0,-1,19,1,5,-1,0,2,2,10,1,11,1,1,-1,6,2,9,2,-1,-1,-1,-1,1,E01012625,1,1
2025041565337,2025,041565337,2,9,0,-1,10,6,3,-1,0,1,0,0,0,0,0,1,-1,9,1,35,6,-1,-1,-1,-1,7,E01012602,0,1
2025041565412,2025,041565412,1,9,0,-1,12,5,1,-1,0,1,0,0,0,0,3,1,-1,2,1,52,8,-1,-1,-1,-1,7,E01012592,0,2
2025041565412,2025,041565412,2,9,0,-1,19,5,1,-1,0,1,1,0,0,0,4,1,-1,6,2,39,7,-1,-1,-1,-1,4,E01025035,0,2
2025041565470,2025,041565470,2,9,0,-1,19,4,8,-1,0,8,0,0,0,0,1,1,-1,6,1,49,8,-1,-1,-1,-1,4,E01025113,0,1
2025041565470,2025,041565470,1,-1,0,-1,19,6,2,-1,0,8,0,0,0,0,1,1,-1,6,1,15,3,-1,-1,-1,-1,1,E01025171,0,1
2025041565509,2025,041565509,1,9,0,-1,7,7,3,-1,0,4,0,0,0,0,4,1,-1,2,1,19,4,-1,-1,-1,-1,9,E01025600,0,1
2025041565509,2025,041565509,2,1,0,-1,19,7,3,-1,0,1,0,0,0,0,1,1,-1,6,1,34,6,-1,-1,-1,-1,4,E01012690,0,1
2025041565517,2025,041565517,1,-1,0,-1,3,1,5,-1,0,1,0,0,0,0,1,9,-1,6,1,17,4,-1,-1,-1,-1,1,E01033691,1,4
2025041565517,2025,041565517,2,98,0,-1,19,7,3,-1,0,8,0,0,0,0,1,1,-1,9,1,39,7,-1,-1,-1,-1,3,E01025368,0,1
2025041565526,2025,041565526,2,9,0,-1,19,7,3,-1,0,8,0,0,0,0,3,1,-1,9,2,43,7,-1,-1,-1,-1,6,E01024961,0,1
2025041565526,2025,041565526,1,9,0,-1,5,3,7,-1,0,6,0,0,1,10,1,1,-1,9,1,88,11,-1,-1,-1,-1,6,E01006364,0,3
2025041565585,2025,041565585,1,9,0,-1,19,3,7,-1,0,0,5,0,8,11,1,1,-1,6,1,36,7,-1,-1,-1,-1,4,E01025073,0,3
2025041565586,2025,041565586,2,9,0,-1,19,7,3,-1,0,1,0,0,0,0,1,1,-1,9,2,33,6,-1,-1,-1,-1,9,E01024937,0,1
2025041565586,2025,041565586,1,1,0,-1,19,5,1,-1,0,6,0,0,0,0,4,1,-1,9,1,16,4,-1,-1,-1,-1,8,E01034353,0,1
2025041565619,2025,041565619,3,98,0,-1,19,-1,-1,-1,0,0,0,0,0,0,-1,9,-1,6,1,57,9,-1,-1,-1,-1,4,E01025057,0,2
2025041565619,2025,041565619,2,9,0,-1,19,-1,-1,-1,0,0,0,0,0,0,-1,9,-1,6,2,44,7,-1,-1,-1,-1,3,E01024911,0,3
2025041565619,2025,041565619,1,98,0,-1,19,-1,-1,-1,0,0,0,0,0,0,-1,9,-1,6,1,30,6,-1,-1,-1,-1,8,E01025180,0,4
2025041565619,2025,041565619,4,9,0,-1,19,-1,-1,-1,0,0,0,0,0,0,-1,9,-1,6,2,21,5,-1,-1,-1,-1,1,E01025230,0,3
2025041565636,2025,041565636,1,98,0,-1,19,5,1,-1,0,0,0,4,0,0,1,1,-1,9,1,19,4,-1,-1,-1,-1,7,E01012602,0,1
2025041565636,2025,041565636,2,9,0,-1,2,0,0,-1,0,0,0,0,1,0,2,1,-1,6,3,-1,-1,-1,-1,-1,-1,-1,-1,0,-1
2025041565679,2025,041565679,1,9,0,-1,4,1,1,-1,0,0,5,11,0,0,0,1,-1,2,1,24,5,-1,-1,-1,-1,9,E01025319,0,1
2025041565851,2025,041565851,2,9,0,-1,19,5,1,-1,0,0,0,0,7,0,2,1,-1,1,1,46,8,-1,-1,-1,-1,7,E01010505,0,5
2025041565851,2025,041565851,1,9,0,-1,19,5,1,-1,0,0,0,0,5,0,1,1,-1,9,1,78,11,-1,-1,-1,-1,3,E01012731,0,4
2025041565914,2025,041565914,1,9,0,-1,12,3,7,-1,0,0,0,0,1,0,1,1,-1,6,1,35,6,-1,-1,-1,-1,9,E01019343,0,4
2025041565914,2025,041565914,2,9,0,-1,19,3,7,-1,1,0,0,0,1,0,1,1,-1,6,2,46,8,-1,-1,-1,-1,7,E01024999,0,2
2025041565930,2025,041565930,2,22,0,-1,19,-1,-1,-1,0,1,0,0,0,0,1,1,-1,6,1,46,8,-1,-1,-1,-1,1,E01012680,0,1
2025041565930,2025,041565930,1,9,0,-1,19,7,3,-1,0,1,0,0,0,0,4,1,-1,6,1,37,7,-1,-1,-1,-1,3,E01012588,0,4
2025041565966,2025,041565966,2,9,0,-1,15,5,1,-1,0,0,0,0,0,0,3,1,-1,1,1,54,8,-1,-1,-1,-1,1,E01025229,0,3
2025041565966,2025,041565966,1,9,0,-1,9,5,1,-1,0,0,0,0,0,0,1,1,-1,1,1,41,7,-1,-1,-1,-1,1,E01034335,0,1
2025041565990,2025,041565990,1,97,0,-1,4,8,8,-1,0,0,0,4,1,0,1,1,-1,7,1,19,4,-1,-1,-1,-1,5,E01024588,0,5
2025041565990,2025,041565990,2,9,0,-1,2,8,8,-1,0,0,0,0,0,0,4,1,-1,9,2,56,9,-1,-1,-1,-1,9,E01025127,0,1
2025041565997,2025,041565997,2,9,0,-1,19,5,1,-1,0,1,0,0,0,0,0,1,-1,2,1,58,9,-1,-1,-1,-1,3,E01025271,0,2
2025041565997,2025,041565997,1,9,0,-1,9,7,5,-1,0,8,0,0,0,0,1,1,-1,2,2,29,6,-1,-1,-1,-1,2,E01025292,0,1
2025041566028,2025,041566028,1,9,0,-1,9,1,5,-1,0,1,0,0,0,0,1,1,-1,6,1,-1,-1,-1,-1,-1,-1,-1,-1,0,-1
2025041566028,2025,041566028,2,9,0,-1,5,3,7,-1,0,1,0,0,0,0,1,1,-1,9,2,46,8,-1,-1,-1,-1,3,E01025267,0,1
2025041566098,2025,041566098,2,9,0,-1,19,3,7,-1,0,0,2,0,1,0,3,1,-1,6,2,39,7,-1,-1,-1,-1,1,E01012603,0,1
2025041566098,2025,041566098,1,9,0,-1,19,3,7,-1,0,0,0,0,0,0,4,1,-1,6,1,22,5,-1,-1,-1,-1,8,E01025324,0,1
2025041566154,2025,041566154,1,9,0,-1,9,1,5,-1,0,6,0,0,0,0,2,1,-1,9,1,30,6,-1,-1,-1,-1,9,E01034764,0,1
2025041566154,2025,041566154,2,9,0,-1,19,4,8,-1,0,1,0,0,0,0,1,1,-1,2,2,53,8,-1,-1,-1,-1,1,E01025062,0,1
2025041566172,2025,041566172,1,9,0,-1,19,7,3,-1,0,0,0,0,0,0,4,1,-1,2,1,24,5,-1,-1,-1,-1,7,E01025251,0,1
2025041567115,2025,041567115,2,97,0,-1,19,7,3,-1,0,1,0,0,0,0,4,1,-1,1,1,47,8,-1,-1,-1,-1,5,E01025013,0,1
2025041567115,2025,041567115,1,9,0,-1,5,1,5,-1,0,2,0,0,0,0,1,1,-1,2,2,23,5,-1,-1,-1,-1,5,E01025009,0,1
2025041568840,2025,041568840,1,-1,0,-1,19,3,7,-1,5,8,0,0,0,0,1,1,-1,6,1,21,5,-1,-1,-1,-1,1,E01025139,1,1
2025041572158,2025,041572158,2,11,0,-1,19,7,3,-1,0,1,0,0,0,0,1,1,-1,1,1,45,7,-1,-1,-1,-1,2,E01024941,0,3
2025041572158,2025,041572158,1,9,0,-1,9,7,3,-1,0,8,0,0,0,0,4,1,-1,6,2,48,8,-1,-1,-1,-1,5,E01025243,0,1
2025041572184,2025,041572184,1,9,0,-1,9,3,7,-1,0,1,0,0,0,0,1,2,-1,6,2,26,6,-1,-1,-1,-1,3,E01025150,0,1
2025041572184,2025,041572184,2,1,0,-1,19,7,3,-1,0,1,0,0,0,0,1,1,-1,6,1,51,8,-1,-1,-1,-1,10,E01025126,0,1
2025041572264,2025,041572264,2,9,0,-1,19,1,5,-1,0,8,0,0,3,11,4,1,-1,1,2,41,7,-1,-1,-1,-1,2,E01012658,0,2
2025041572264,2025,041572264,1,9,0,-1,19,4,8,-1,0,8,0,0,0,0,1,1,-1,9,1,78,11,-1,-1,-1,-1,5,E01025080,0,1
2025041572272,2025,041572272,1,98,0,-1,9,1,7,-1,0,6,0,0,0,0,1,1,-1,1,1,45,7,-1,-1,-1,-1,6,E01006423,0,4
2025041572272,2025,041572272,2,97,0,-1,9,3,1,-1,0,5,0,0,0,0,3,1,-1,6,1,34,6,-1,-1,-1,-1,6,E01025514,0,2
2025041572361,2025,041572361,1,1,0,-1,19,1,5,-1,0,1,5,4,3,0,1,1,-1,9,1,17,4,-1,-1,-1,-1,1,E01012595,0,1
2025041572361,2025,041572361,2,9,0,-1,19,3,7,-1,0,1,0,0,0,0,3,1,-1,2,2,25,5,-1,-1,-1,-1,2,E01012623,0,1
2025041572361,2025,041572361,3,9,0,-1,2,0,0,-1,0,2,0,4,0,0,2,1,-1,6,-1,-1,-1,-1,-1,-1,-1,-1,-1,0,-1
2025041572443,2025,041572443,2,9,0,-1,10,7,4,-1,0,0,0,0,0,0,1,1,-1,2,1,56,9,-1,-1,-1,-1,3,E01025359,0,1
2025041572443,2025,041572443,1,9,0,-1,19,1,7,-1,0,0,0,0,0,0,1,1,-1,6,2,54,8,-1,-1,-1,-1,1,E01025389,0,1
2025041572443,2025,041572443,3,9,0,-1,10,7,4,-1,0,0,0,0,0,0,1,1,-1,2,2,56,9,-1,-1,-1,-1,3,E01025376,0,1
2025041572464,2025,041572464,2,9,0,-1,19,7,3,-1,0,0,0,0,0,0,0,1,-1,1,1,46,8,-1,-1,-1,-1,1,E01025290,0,4
2025041572464,2025,041572464,1,23,0,-1,19,7,3,-1,0,0,2,0,1,0,4,1,-1,6,1,14,3,-1,-1,-1,-1,5,E01025053,0,1
2025041572666,2025,041572666,1,9,0,-1,19,8,8,-1,0,0,0,0,0,0,4,1,-1,2,2,46,8,-1,-1,-1,-1,5,E01005018,0,2
2025041572746,2025,041572746,1,9,0,-1,19,1,1,-1,0,0,0,4,1,0,1,2,-1,9,1,39,7,-1,-1,-1,-1,1,E01025296,0,4
2025041572746,2025,041572746,2,9,0,-1,2,1,1,-1,0,0,0,0,0,0,3,2,-1,6,3,-1,-1,-1,-1,-1,-1,-1,-1,0,-1
2025041573134,2025,041573134,1,98,0,-1,19,5,1,-1,0,0,0,0,0,0,1,1,-1,2,1,50,8,-1,-1,-1,-1,7,E01025266,0,2
2025041573134,2025,041573134,2,9,0,-1,4,5,1,-1,0,0,0,0,0,0,2,1,-1,2,1,56,9,-1,-1,-1,-1,7,E01012717,0,4
2025041573298,2025,041573298,1,9,0,-1,19,-1,-1,-1,0,1,0,0,0,0,-1,9,-1,6,3,-1,-1,-1,-1,-1,-1,-1,-1,0,-1
2025041573298,2025,041573298,2,9,0,-1,9,5,1,-1,0,1,0,0,0,0,2,1,-1,9,2,27,6,-1,-1,-1,-1,2,E01025055,0,1
2025041573301,2025,041573301,2,98,0,-1,19,5,1,-1,0,0,0,0,0,0,1,1,-1,1,1,36,7,-1,-1,-1,-1,4,E01025459,0,3
2025041573301,2025,041573301,1,98,0,-1,19,1,5,-1,0,0,0,0,0,0,1,1,-1,9,1,34,6,-1,-1,-1,-1,9,E01025273,0,2
2025041573347,2025,041573347,1,98,0,-1,19,5,1,-1,0,0,0,0,0,0,1,1,-1,2,1,38,7,-1,-1,-1,-1,3,E01009928,0,5
2025041573347,2025,041573347,2,9,0,-1,19,5,1,-1,0,0,0,0,0,0,1,1,-1,9,1,19,4,-1,-1,-1,-1,7,E01025199,0,1
2025041573365,2025,041573365,1,9,0,-1,19,8,6,-1,0,0,0,0,0,0,1,1,-1,6,1,32,6,-1,-1,-1,-1,1,E01025189,0,1
2025041573365,2025,041573365,2,9,0,-1,19,6,8,-1,0,0,0,0,0,0,1,1,-1,6,1,48,8,-1,-1,-1,-1,1,E01025229,0,1