collision_index,collision_year,collision_ref_no,vehicle_reference,vehicle_type,towing_and_articulation,vehicle_manoeuvre_historic,vehicle_manoeuvre,vehicle_direction_from,vehicle_direction_to,vehicle_location_restricted_lane_historic,vehicle_location_restricted_lane,junction_location,skidding_and_overturning,hit_object_in_carriageway,vehicle_leaving_carriageway,hit_object_off_carriageway,first_point_of_impact,vehicle_left_hand_drive,journey_purpose_of_driver_historic,journey_purpose_of_driver,sex_of_driver,age_of_driver,age_band_of_driver,engine_capacity_cc,propulsion_code,age_of_vehicle,generic_make_model,driver_imd_decile,lsoa_of_driver,escooter_flag,driver_distance_banding
2025041595410,2025,041595410,1,9,0,-1,19,8,4,-1,0,1,0,0,0,0,3,1,-1,2,1,46,8,-1,-1,-1,-1,1,E01012646,0,1
2025041595444,2025,041595444,1,9,0,-1,9,3,7,-1,0,0,1,0,3,4,1,1,-1,9,1,17,4,-1,-1,-1,-1,4,E01025587,0,4
2025041595494,2025,041595494,1,9,0,-1,19,7,3,-1,0,1,0,0,0,0,1,1,-1,6,1,18,4,-1,-1,-1,-1,1,E01025296,0,1
2025041595494,2025,041595494,2,9,0,-1,4,7,3,-1,0,1,0,0,0,0,2,1,-1,6,2,37,7,-1,-1,-1,-1,10,E01025259,0,1
2025041595547,2025,041595547,1,1,0,-1,19,0,0,-1,0,3,0,0,0,0,4,1,-1,6,2,54,8,-1,-1,-1,-1,1,E01025238,0,1
2025041595729,2025,041595729,1,1,0,-1,19,7,3,-1,9,1,0,0,0,0,3,1,-1,9,1,14,3,-1,-1,-1,-1,8,E01025513,0,2
2025041595729,2025,041595729,2,9,0,-1,19,3,7,-1,0,1,0,0,0,0,4,1,-1,9,1,58,9,-1,-1,-1,-1,6,E01025486,0,1
2025041595734,2025,041595734,1,9,0,-1,19,1,5,-1,0,4,0,0,0,0,1,1,-1,6,2,24,5,-1,-1,-1,-1,3,E01025452,0,1
2025041595734,2025,041595734,2,9,0,-1,9,1,3,-1,0,4,0,0,0,0,4,1,-1,2,1,59,9,-1,-1,-1,-1,5,E01007063,0,3
2025041595742,2025,041595742,1,9,0,-1,9,5,1,-1,0,6,0,0,0,0,3,1,-1,2,1,21,5,-1,-1,-1,-1,3,E01025054,0,2
2025041595742,2025,041595742,2,9,0,-1,19,7,3,-1,0,1,0,0,0,0,1,1,-1,2,1,56,9,-1,-1,-1,-1,2,E01024883,0,1
2025041595797,2025,041595797,2,98,0,-1,19,5,3,-1,0,0,0,0,0,0,1,1,-1,9,1,29,6,-1,-1,-1,-1,1,E01025527,0,1
2025041595797,2025,041595797,1,9,0,-1,19,3,5,-1,0,0,0,0,0,0,1,1,-1,9,1,35,6,-1,-1,-1,-1,8,E01006230,0,2
2025041595803,2025,041595803,1,9,0,-1,19,1,1,-1,0,0,0,0,0,0,1,1,-1,9,2,76,11,-1,-1,-1,-1,2,-1,0,5
2025041595803,2025,041595803,3,9,0,-1,19,5,5,-1,0,0,0,0,0,0,1,1,-1,2,1,40,7,-1,-1,-1,-1,3,E01012726,0,2
2025041595803,2025,041595803,2,9,0,-1,19,5,5,-1,0,0,0,0,1,0,3,1,-1,9,2,42,7,-1,-1,-1,-1,1,E01012684,0,1
2025041596071,2025,041596071,1,98,0,-1,19,1,1,-1,0,2,0,0,0,0,3,1,-1,6,1,71,10,-1,-1,-1,-1,10,E01025278,0,2
2025041596071,2025,041596071,2,98,0,-1,19,3,3,-1,0,1,1,0,0,0,1,2,-1,9,1,26,6,-1,-1,-1,-1,6,E01012610,0,3
2025041596088,2025,041596088,2,9,0,-1,9,3,6,-1,0,1,0,0,7,11,1,1,-1,7,2,49,8,-1,-1,-1,-1,9,E01024979,0,1
2025041596088,2025,041596088,1,9,0,-1,19,2,6,-1,0,1,0,0,7,0,1,1,-1,9,2,56,9,-1,-1,-1,-1,7,E01012597,0,2
2025041596091,2025,041596091,1,97,0,-1,19,5,1,-1,0,0,0,0,8,6,1,1,-1,9,1,35,6,-1,-1,-1,-1,1,E01025154,0,1
2025041596092,2025,041596092,2,1,0,-1,19,6,2,-1,0,8,0,0,0,0,4,1,-1,9,1,38,7,-1,-1,-1,-1,4,E01024975,0,2
2025041596092,2025,041596092,1,98,0,-1,7,4,6,-1,0,6,0,0,0,0,1,9,-1,6,3,-1,-1,-1,-1,-1,-1,-1,-1,0,-1
2025041596095,2025,041596095,2,9,0,-1,19,1,5,-1,0,3,0,0,0,0,3,1,-1,2,1,17,4,-1,-1,-1,-1,8,E01034338,0,1
2025041596095,2025,041596095,1,9,0,-1,9,3,1,-1,0,4,0,0,0,0,1,1,-1,9,2,73,10,-1,-1,-1,-1,8,E01024948,0,1
2025041596102,2025,041596102,2,9,0,-1,2,0,0,-1,9,0,0,4,0,0,3,1,-1,6,-1,-1,-1,-1,-1,-1,-1,-1,-1,0,-1
2025041596102,2025,041596102,1,9,0,-1,19,4,8,-1,9,0,0,0,1,10,1,1,-1,6,2,60,9,-1,-1,-1,-1,6,E01025338,0,1
2025041596222,2025,041596222,2,9,0,-1,19,7,3,-1,0,2,0,0,0,0,1,1,-1,9,1,44,7,-1,-1,-1,-1,2,E01012630,0,1
2025041596222,2025,041596222,1,23,0,-1,19,1,5,-1,0,1,0,0,0,0,1,1,-1,9,1,18,4,-1,-1,-1,-1,1,E01012641,0,1
2025041596521,2025,041596521,2,97,0,-1,19,1,1,-1,0,0,0,0,0,0,3,1,-1,2,1,29,6,-1,-1,-1,-1,3,E01025312,0,1
2025041596521,2025,041596521,1,9,0,-1,19,7,1,-1,0,0,0,0,0,0,3,1,-1,2,1,32,6,-1,-1,-1,-1,3,E01012585,0,3
2025041596563,2025,041596563,1,9,0,-1,19,5,1,-1,0,2,0,0,0,0,1,1,-1,2,2,37,7,-1,-1,-1,-1,1,E01025070,0,1
2025041596583,2025,041596583,1,9,0,-1,19,1,5,-1,0,0,0,0,0,0,1,1,-1,9,1,26,6,-1,-1,-1,-1,4,E01005892,0,4
2025041596583,2025,041596583,2,9,0,-1,19,1,5,-1,0,0,0,0,0,0,2,1,-1,9,1,42,7,-1,-1,-1,-1,10,E01006926,0,4
2025041596739,2025,041596739,2,9,0,-1,19,7,3,-1,0,1,0,0,0,0,1,1,-1,9,1,83,11,-1,-1,-1,-1,3,E01012731,0,1
2025041596739,2025,041596739,1,9,0,-1,9,5,1,-1,0,2,0,0,7,11,4,1,-1,9,2,30,6,-1,-1,-1,-1,3,E01012731,0,1
2025041596881,2025,041596881,1,9,0,-1,9,3,7,-1,0,1,0,0,0,0,1,1,-1,9,1,28,6,-1,-1,-1,-1,4,E01025252,0,1
2025041596881,2025,041596881,2,9,0,-1,19,7,3,-1,0,1,0,0,0,0,1,1,-1,9,1,26,6,-1,-1,-1,-1,1,E01025295,0,1
2025041596882,2025,041596882,1,9,0,-1,19,1,5,-1,0,0,0,0,1,1,1,1,-1,9,2,18,4,-1,-1,-1,-1,8,E01025416,0,1
2025041596884,2025,041596884,2,9,0,-1,19,5,1,-1,0,4,0,0,0,0,4,1,-1,9,1,41,7,-1,-1,-1,-1,1,E01012678,0,1
2025041596884,2025,041596884,1,9,0,-1,19,5,1,-1,0,4,0,0,0,0,3,1,-1,9,1,19,4,-1,-1,-1,-1,6,E01025562,0,2
2025041596889,2025,041596889,2,1,0,-1,19,1,5,-1,0,0,5,0,0,0,4,1,-1,6,1,27,6,-1,-1,-1,-1,2,E01025247,0,1
2025041596889,2025,041596889,1,9,0,-1,9,7,5,-1,0,0,0,0,0,0,1,1,-1,2,2,22,5,-1,-1,-1,-1,5,E01025235,0,1
2025041596984,2025,041596984,2,23,0,-1,19,3,7,-1,0,1,0,0,0,0,1,1,-1,1,1,41,7,-1,-1,-1,-1,1,E01012695,0,1
2025041596984,2025,041596984,1,9,0,-1,19,3,7,-1,0,1,0,0,0,0,-1,9,-1,6,3,-1,-1,-1,-1,-1,-1,-1,-1,0,-1
2025041596986,2025,041596986,1,98,0,-1,19,2,6,-1,0,1,1,0,1,3,1,1,-1,9,1,36,7,-1,-1,-1,-1,7,E01025599,0,1
2025041597154,2025,041597154,2,1,0,-1,19,3,7,-1,4,0,0,0,0,0,3,1,-1,9,1,33,6,-1,-1,-1,-1,4,E01011206,0,4
2025041597154,2025,041597154,1,9,0,-1,9,7,3,-1,4,0,0,0,0,0,1,2,-1,9,1,53,8,-1,-1,-1,-1,7,E01024990,0,1
2025041597293,2025,041597293,1,9,0,-1,19,3,1,-1,0,0,1,0,8,5,1,1,-1,9,1,47,8,-1,-1,-1,-1,9,E01025461,0,1
2025041597298,2025,041597298,1,9,0,-1,19,7,3,-1,0,2,1,10,1,9,1,1,-1,9,1,21,5,-1,-1,-1,-1,5,E01025573,0,3
2025041597307,2025,041597307,2,5,0,-1,19,8,4,-1,0,1,1,0,0,0,4,1,-1,9,1,35,6,-1,-1,-1,-1,10,E01005020,0,3
2025041597307,2025,041597307,1,98,0,-1,9,4,1,-1,0,1,0,0,0,0,4,1,-1,1,1,29,6,-1,-1,-1,-1,6,E01024861,0,2
2025041597350,2025,041597350,2,9,0,-1,9,1,2,-1,0,0,0,0,0,0,2,1,-1,6,1,19,4,-1,-1,-1,-1,9,E01025343,0,1
2025041597350,2025,041597350,1,9,0,-1,12,1,1,-1,0,0,0,0,0,0,1,1,-1,6,1,21,5,-1,-1,-1,-1,1,E01025188,0,2
2025041597440,2025,041597440,1,9,0,-1,19,1,5,-1,0,0,0,0,0,0,1,1,-1,6,1,21,5,-1,-1,-1,-1,1,E01025082,0,1
2025041597440,2025,041597440,2,9,0,-1,3,5,1,-1,0,0,0,0,0,0,3,1,-1,6,1,34,6,-1,-1,-1,-1,1,E01034336,0,2
2025041597440,2025,041597440,3,9,0,-1,19,5,3,-1,0,0,0,0,0,0,3,1,-1,6,3,-1,-1,-1,-1,-1,-1,-1,-1,0,-1
2025041597472,2025,041597472,1,97,0,-1,9,3,1,-1,0,8,1,0,0,0,3,1,-1,9,1,57,9,-1,-1,-1,-1,3,E01025554,0,2
2025041597585,2025,041597585,2,9,0,-1,9,3,1,-1,0,8,0,0,0,0,3,1,-1,1,2,27,6,-1,-1,-1,-1,2,E01025247,0,1
2025041597585,2025,041597585,1,9,0,-1,19,1,5,-1,0,8,0,0,0,0,1,1,-1,6,2,26,6,-1,-1,-1,-1,2,E01004846,0,4
2025041597591,2025,041597591,2,9,0,-1,7,7,3,-1,0,0,0,0,0,0,3,1,-1,9,1,46,8,-1,-1,-1,-1,4,E01018744,0,4
2025041597591,2025,041597591,1,98,0,-1,7,7,3,-1,0,0,0,0,0,0,4,1,-1,2,1,51,8,-1,-1,-1,-1,9,E01006320,0,3
2025041597606,2025,041597606,2,9,0,-1,19,5,1,-1,0,0,0,0,0,0,3,1,-1,9,1,77,11,-1,-1,-1,-1,2,E01005708,0,4
2025041597606,2025,041597606,1,9,0,-1,19,1,5,-1,0,0,0,0,0,0,1,1,-1,2,2,33,6,-1,-1,-1,-1,1,E01033224,0,4
2025041597606,2025,041597606,3,90,0,-1,19,5,1,-1,0,0,0,0,0,0,1,1,-1,9,1,45,7,-1,-1,-1,-1,2,E01005708,0,4
2025041597656,2025,041597656,2,9,0,-1,19,1,5,-1,0,0,5,2,0,0,3,1,-1,2,2,27,6,-1,-1,-1,-1,1,E01012594,0,1
2025041597656,2025,041597656,1,9,0,-1,9,5,3,-1,0,0,0,0,0,0,3,1,-1,9,2,43,7,-1,-1,-1,-1,2,E01025247,0,3
2025041597745,2025,041597745,1,9,0,-1,-1,-1,-1,-1,0,0,0,0,0,0,-1,9,-1,6,3,-1,-1,-1,-1,-1,-1,-1,-1,0,-1
2025041597806,2025,041597806,1,9,0,-1,9,3,7,-1,0,0,1,0,1,2,1,9,-1,6,1,37,7,-1,-1,-1,-1,1,E01025036,0,2
2025041597852,2025,041597852,2,9,0,-1,19,3,7,-1,0,1,0,0,0,0,2,1,-1,1,1,59,9,-1,-1,-1,-1,1,E01024898,0,1
2025041597852,2025,041597852,1,9,0,-1,19,3,3,-1,0,1,0,0,0,0,1,1,-1,6,1,18,4,-1,-1,-1,-1,4,E01024880,0,1
2025041598018,2025,041598018,1,9,0,-1,19,-1,-1,-1,0,1,0,0,0,0,1,9,-1,6,3,-1,-1,-1,-1,-1,-1,-1,-1,0,-1
2025041598018,2025,041598018,2,9,0,-1,4,5,1,-1,0,1,0,0,0,0,2,1,-1,6,1,18,4,-1,-1,-1,-1,1,E01025084,0,2
2025041598174,2025,041598174,1,9,0,-1,9,2,6,-1,0,0,0,0,0,0,1,1,-1,6,1,19,4,-1,-1,-1,-1,3,E01004834,0,4
2025041598174,2025,041598174,2,9,0,-1,19,2,4,-1,0,0,0,2,3,0,1,1,-1,9,2,55,8,-1,-1,-1,-1,8,E01025241,0,3
2025041598286,2025,041598286,1,9,0,-1,9,7,3,-1,0,8,0,0,0,0,1,1,-1,9,2,53,8,-1,-1,-1,-1,2,E01025284,0,1
2025041598286,2025,041598286,2,22,0,-1,19,1,5,-1,0,8,5,0,0,0,3,1,-1,9,2,61,9,-1,-1,-1,-1,2,E01025284,0,1
2025041598383,2025,041598383,2,9,0,-1,9,3,7,-1,0,0,0,0,0,0,1,1,-1,6,2,65,9,-1,-1,-1,-1,8,E01024939,0,1
2025041598383,2025,041598383,1,9,0,-1,13,8,4,-1,0,0,0,0,0,0,1,1,-1,2,2,32,6,-1,-1,-1,-1,5,E01024928,0,1
2025041598453,2025,041598453,1,9,0,-1,19,8,4,-1,0,1,0,0,0,0,1,9,-1,6,1,30,6,-1,-1,-1,-1,2,E01005435,0,4
2025041598453,2025,041598453,2,1,0,-1,19,4,8,-1,0,1,5,0,0,0,1,1,-1,1,1,28,6,-1,-1,-1,-1,2,E01025232,0,1
2025041598511,2025,041598511,1,9,0,-1,5,1,5,-1,-1,0,0,0,0,0,2,1,-1,6,3,-1,-1,-1,-1,-1,-1,-1,-1,0,-1
2025041598548,2025,041598548,2,9,0,-1,19,6,2,-1,0,3,0,0,0,0,3,9,-1,6,1,36,7,-1,-1,-1,-1,4,E01025212,0,1
2025041598548,2025,041598548,1,1,0,-1,9,2,6,-1,0,4,5,0,0,0,1,1,-1,9,1,26,6,-1,-1,-1,-1,8,E01025214,0,1
2025041598576,2025,041598576,1,-1,0,-1,19,3,7,-1,0,0,0,0,0,0,3,1,-1,9,1,13,3,-1,-1,-1,-1,5,E01025474,1,1
2025041598576,2025,041598576,2,9,0,-1,19,1,5,-1,0,0,0,0,0,0,1,1,-1,9,1,18,4,-1,-1,-1,-1,5,E01025474,0,1
2025041598584,2025,041598584,1,9,0,-1,19,1,5,-1,0,1,0,4,0,0,1,1,-1,9,2,40,7,-1,-1,-1,-1,4,E01025030,0,1
2025041598584,2025,041598584,2,9,0,-1,2,5,1,-1,9,2,0,0,0,0,1,1,-1,6,-1,-1,-1,-1,-1,-1,-1,-1,-1,0,-1
2025041598596,2025,041598596,2,9,0,-1,9,5,3,-1,0,2,0,0,0,0,4,1,-1,2,2,43,7,-1,-1,-1,-1,3,E01012617,0,2
2025041598596,2025,041598596,1,97,0,-1,19,3,7,-1,0,1,0,0,7,10,1,1,-1,6,1,29,6,-1,-1,-1,-1,2,E01012591,0,1
2025041598608,2025,041598608,2,9,0,-1,19,1,5,-1,0,8,0,0,0,0,1,1,-1,9,1,59,9,-1,-1,-1,-1,3,E01012708,0,1
2025041598608,2025,041598608,1,9,0,-1,9,5,3,-1,0,1,0,0,0,0,4,1,-1,9,2,39,7,-1,-1,-1,-1,2,E01012705,0,1
2025041598755,2025,041598755,3,9,0,-1,19,5,1,-1,0,1,0,0,0,0,3,1,-1,9,2,47,8,-1,-1,-1,-1,9,E01025316,0,2
2025041598755,2025,041598755,2,9,0,-1,19,-1,-1,-1,0,1,0,0,0,0,-1,9,-1,6,3,-1,-1,-1,-1,-1,-1,-1,-1,0,-1
2025041598755,2025,041598755,1,97,0,-1,19,5,1,-1,0,1,0,0,0,0,1,1,-1,2,1,21,5,-1,-1,-1,-1,4,E01025304,0,3
2025041598772,2025,041598772,1,9,0,-1,19,7,3,-1,0,0,0,0,0,0,1,1,-1,9,1,53,8,-1,-1,-1,-1,8,E01025506,0,1
2025041598793,2025,041598793,1,9,0,-1,19,1,5,-1,0,0,0,0,1,0,1,1,-1,6,-1,-1,-1,-1,-1,-1,-1,-1,-1,0,-1
2025041598805,2025,041598805,1,19,0,-1,19,2,6,-1,0,0,0,0,0,0,4,1,-1,2,1,37,7,-1,-1,-1,-1,5,E01025458,0,4
2025041598805,2025,041598805,2,16,0,-1,19,2,6,-1,0,0,0,0,0,0,3,1,-1,6,2,29,6,-1,-1,-1,-1,3,E01025356,0,2
2025041598817,2025,041598817,2,1,0,-1,19,5,1,-1,0,1,0,0,0,0,4,1,-1,6,2,30,6,-1,-1,-1,-1,1,E01025006,0,1
2025041598817,2025,041598817,1,9,0,-1,5,7,1,-1,0,6,0,0,0,0,1,1,-1,6,1,70,10,-1,-1,-1,-1,6,E01025002,0,1
2025041598821,2025,041598821,1,9,0,-1,19,1,5,-1,0,0,0,0,0,0,1,1,-1,6,2,23,5,-1,-1,-1,-1,1,E01012621,0,1
2025041598821,2025,041598821,2,9,0,-1,19,1,5,-1,0,0,0,0,0,0,2,1,-1,6,2,61,9,-1,-1,-1,-1,8,E01012612,0,1
2025041598828,2025,041598828,1,9,0,-1,19,1,5,-1,0,8,0,0,1,0,1,1,-1,6,2,53,8,-1,-1,-1,-1,5,E01025013,0,1
2025041598835,2025,041598835,1,9,0,-1,1,5,1,-1,0,0,0,0,0,0,2,1,-1,2,2,62,9,-1,-1,-1,-1,1,E01012655,0,1
2025041598855,2025,041598855,1,9,0,-1,19,5,1,-1,9,0,0,0,0,0,1,1,-1,6,1,77,11,-1,-1,-1,-1,7,E01025576,0,1
2025041598866,2025,041598866,2,9,0,-1,2,0,0,-1,0,0,0,0,0,0,1,9,-1,6,-1,-1,-1,-1,-1,-1,-1,-1,-1,0,-1
2025041598866,2025,041598866,1,9,0,-1,19,1,5,-1,0,0,0,0,1,0,1,9,-1,9,1,76,11,-1,-1,-1,-1,4,E01025605,0,4
2025041598877,2025,041598877,1,3,0,-1,19,1,3,-1,0,0,0,0,0,0,1,1,-1,6,1,21,5,-1,-1,-1,-1,1,E01024910,0,3
2025041598877,2025,041598877,2,9,0,-1,19,1,1,-1,0,0,0,0,0,0,1,1,-1,6,2,27,6,-1,-1,-1,-1,6,E01025367,0,4
2025041598985,2025,041598985,2,9,0,-1,19,7,3,-1,0,8,0,0,7,11,4,1,-1,1,1,27,6,-1,-1,-1,-1,2,E01012689,0,2
2025041598985,2025,041598985,1,9,0,-1,19,1,5,-1,0,1,0,0,3,11,1,1,-1,6,1,23,5,-1,-1,-1,-1,4,E01005630,0,4
2025041599058,2025,041599058,1,9,0,-1,19,4,8,-1,0,1,0,0,0,0,-1,9,-1,6,1,48,8,-1,-1,-1,-1,1,E01025042,0,1
2025041599058,2025,041599058,2,9,0,-1,19,4,8,-1,0,8,0,0,0,0,2,1,-1,6,2,68,10,-1,-1,-1,-1,7,E01025033,0,2
2025041599142,2025,041599142,2,9,0,-1,7,7,3,-1,0,0,0,0,0,0,1,1,-1,9,2,39,7,-1,-1,-1,-1,1,E01012578,0,1
2025041599142,2025,041599142,1,1,0,-1,19,5,1,-1,9,0,5,0,1,0,1,1,-1,9,1,38,7,-1,-1,-1,-1,1,E01034336,0,1
2025041599340,2025,041599340,1,9,0,-1,7,5,1,-1,0,1,0,0,0,0,3,1,-1,6,1,88,11,-1,-1,-1,-1,3,-1,0,5
2025041599340,2025,041599340,2,9,0,-1,19,5,1,-1,0,1,0,0,0,0,2,1,-1,6,1,17,4,-1,-1,-1,-1,6,E01025555,0,2
2025041599340,2025,041599340,3,9,0,-1,4,5,1,-1,0,1,0,0,0,0,0,1,-1,6,1,61,9,-1,-1,-1,-1,9,E01025595,0,1
2025041599427,2025,041599427,1,9,0,-1,19,5,1,-1,0,0,2,0,2,7,1,1,-1,9,1,32,6,-1,-1,-1,-1,4,E01012604,0,3
2025041599427,2025,041599427,2,90,0,-1,19,5,1,-1,0,0,0,0,0,0,2,1,-1,9,1,57,9,-1,-1,-1,-1,9,E01005926,0,4
2025041599430,2025,041599430,2,9,0,-1,9,7,3,-1,0,1,0,0,0,0,3,1,-1,9,2,21,5,-1,-1,-1,-1,1,E01025083,0,1
2025041599430,2025,041599430,1,9,0,-1,7,1,5,-1,0,1,5,0,0,0,3,1,-1,6,3,-1,-1,-1,-1,-1,-1,-1,-1,0,-1
2025041599460,2025,041599460,1,9,0,-1,19,3,7,-1,0,8,0,0,0,0,4,2,-1,9,2,20,4,-1,-1,-1,-1,1,E01025184,0,1
2025041599460,2025,041599460,2,9,0,-1,19,5,1,-1,0,8,0,0,0,0,1,1,-1,6,2,74,10,-1,-1,-1,-1,1,E01025227,0,1
2025041599466,2025,041599466,2,9,0,-1,2,0,0,-1,0,0,0,0,0,0,2,1,-1,6,1,29,6,-1,-1,-1,-1,1,E01034336,0,1
2025041599466,2025,041599466,1,9,0,-1,19,3,7,-1,0,0,0,0,0,0,1,1,-1,6,2,31,6,-1,-1,-1,-1,1,E01012655,0,2
2025041599466,2025,041599466,3,9,0,-1,2,0,0,-1,0,0,0,0,0,0,2,1,-1,6,-1,-1,-1,-1,-1,-1,-1,-1,-1,0,-1
2025041599548,2025,041599548,2,9,0,-1,19,1,1,-1,0,0,0,0,0,0,3,1,-1,1,1,54,8,-1,-1,-1,-1,4,E01012701,0,3
2025041599548,2025,041599548,1,98,0,-1,11,1,1,-1,0,0,0,0,0,0,3,1,-1,2,1,59,9,-1,-1,-1,-1,7,E01025029,0,2
2025041599583,2025,041599583,1,1,0,-1,19,7,3,-1,0,2,0,0,0,0,4,1,-1,6,1,17,4,-1,-1,-1,-1,4,E01025216,0,1
2025041599583,2025,041599583,2,9,0,-1,19,1,5,-1,0,1,0,0,0,0,1,1,-1,9,1,18,4,-1,-1,-1,-1,1,E01025217,0,1
2025041599603,2025,041599603,2,9,0,-1,3,7,3,-1,0,0,1,0,0,0,2,1,-1,9,1,35,6,-1,-1,-1,-1,2,E01024902,0,1
2025041599603,2025,041599603,3,98,0,-1,2,3,7,-1,0,0,1,0,0,0,2,1,-1,2,1,51,8,-1,-1,-1,-1,8,E01024901,0,1
2025041599603,2025,041599603,1,98,0,-1,19,3,7,-1,0,0,0,0,0,0,1,9,-1,6,3,-1,-1,-1,-1,-1,-1,-1,-1,0,-1
2025041599762,2025,041599762,1,9,0,-1,19,5,1,-1,0,0,0,0,2,10,4,1,-1,9,1,61,9,-1,-1,-1,-1,6,E01027559,0,3
2025041599916,2025,041599916,2,9,0,-1,19,4,8,-1,0,1,0,0,0,0,1,1,-1,2,2,27,6,-1,-1,-1,-1,2,E01025072,0,1
2025041599916,2025,041599916,1,9,0,-1,9,5,4,-1,0,6,0,0,0,0,3,1,-1,9,1,67,10,-1,-1,-1,-1,8,E01025056,0,1
2025041599921,2025,041599921,1,9,0,-1,7,3,7,-1,0,6,0,11,1,2,4,1,-1,6,2,29,6,-1,-1,-1,-1,1,E01025445,0,1
2025041599921,2025,041599921,2,98,0,-1,19,7,5,-1,0,1,1,0,0,0,1,1,-1,6,1,35,6,-1,-1,-1,-1,9,E01024976,0,1
2025041599927,2025,041599927,1,9,0,-1,9,7,1,-1,0,6,0,0,0,0,1,1,-1,9,2,79,11,-1,-1,-1,-1,5,E01025153,0,1
2025041600005,2025,041600005,2,9,0,-1,19,1,5,-1,0,2,0,4,0,0,2,1,-1,9,2,48,8,-1,-1,-1,-1,9,E01025545,0,2
2025041600005,2025,041600005,1,9,0,-1,19,1,5,-1,0,2,0,0,0,0,1,1,-1,9,1,66,10,-1,-1,-1,-1,2,E01012676,0,1
2025041600005,2025,041600005,3,11,0,-1,2,1,5,-1,0,2,0,0,0,0,2,1,-1,1,1,39,7,-1,-1,-1,-1,1,E01012709,0,1
2025041600018,2025,041600018,1,97,0,-1,19,1,5,-1,0,0,1,10,8,6,1,1,-1,9,1,20,4,-1,-1,-1,-1,2,E01006284,0,4
2025041600198,2025,041600198,2,9,0,-1,2,7,7,-1,0,0,0,0,0,0,4,1,-1,6,-1,-1,-1,-1,-1,-1,-1,-1,-1,0,-1
2025041600198,2025,041600198,1,9,0,-1,15,3,7,-1,0,0,0,4,2,0,4,1,-1,9,2,51,8,-1,-1,-1,-1,6,E01025002,0,1
2025041600220,2025,041600220,2,1,0,-1,19,7,3,-1,0,8,0,0,0,0,4,1,-1,6,1,51,8,-1,-1,-1,-1,1,E01024906,0,1
2025041600220,2025,041600220,1,9,0,-1,19,7,3,-1,0,6,0,0,0,0,1,9,-1,6,3,-1,-1,-1,-1,-1,-1,-1,-1,0,-1
2025041600234,2025,041600234,1,98,0,-1,5,3,7,-1,0,1,0,0,0,0,0,1,-1,6,-1,-1,-1,-1,-1,-1,-1,-1,-1,0,-1
2025041600234,2025,041600234,2,9,0,-1,8,3,7,-1,0,1,0,0,0,0,2,1,-1,9,2,31,6,-1,-1,-1,-1,9,E01025545,0,2
2025041600258,2025,041600258,2,9,0,-1,19,5,1,-1,0,1,1,0,0,0,3,1,-1,2,2,51,8,-1,-1,-1,-1,2,E01025116,0,1
2025041600258,2025,041600258,1,9,0,-1,19,3,7,-1,0,1,0,0,0,0,4,1,-1,6,-1,-1,-1,-1,-1,-1,-1,-1,-1,0,-1
2025041600278,2025,041600278,2,22,0,-1,19,3,7,-1,0,0,0,0,0,0,1,1,-1,6,2,78,11,-1,-1,-1,-1,10,E01025466,0,1
2025041600278,2025,041600278,1,9,0,-1,19,5,1,-1,0,0,0,0,0,0,3,1,-1,6,2,75,10,-1,-1,-1,-1,3,E01025429,0,1
2025041600281,2025,041600281,2,9,0,-1,19,1,5,-1,0,1,0,0,0,0,1,1,-1,9,1,28,6,-1,-1,-1,-1,1,E01025575,0,1
2025041600281,2025,041600281,1,1,0,-1,9,5,1,-1,0,1,0,0,0,0,1,1,-1,9,1,9,2,-1,-1,-1,-1,1,E01025579,0,1
2025041600286,2025,041600286,1,9,0,-1,19,1,5,-1,0,0,0,0,0,0,2,1,-1,6,1,47,8,-1,-1,-1,-1,3,E01025460,0,1
2025041600286,2025,041600286,2,97,0,-1,11,1,5,-1,0,0,5,0,1,0,3,1,-1,9,1,36,7,-1,-1,-1,-1,5,E01025401,0,2
2025041600330,2025,041600330,1,9,0,-1,19,7,3,-1,0,1,0,0,0,0,1,1,-1,2,1,45,7,-1,-1,-1,-1,3,E01025262,0,1
2025041600349,2025,041600349,2,9,0,-1,19,7,3,-1,0,1,0,0,0,0,1,1,-1,9,2,30,6,-1,-1,-1,-1,1,E01025582,0,1
2025041600349,2025,041600349,3,9,0,-1,7,1,5,-1,0,6,0,0,0,0,1,1,-1,9,2,49,8,-1,-1,-1,-1,7,E01021542,0,5
2025041600349,2025,041600349,1,9,0,-1,9,3,7,-1,0,8,0,0,7,0,4,1,-1,9,1,81,11,-1,-1,-1,-1,9,E01025566,0,2
2025041600350,2025,041600350,2,9,0,-1,7,5,1,-1,0,1,0,0,0,0,1,1,-1,6,1,53,8,-1,-1,-1,-1,2,E01025578,0,1
2025041600350,2025,041600350,1,9,0,-1,9,7,3,-1,0,1,0,0,0,0,1,1,-1,9,1,22,5,-1,-1,-1,-1,3,E01025554,0,1
2025041600428,2025,041600428,1,9,0,-1,19,5,1,-1,0,0,0,0,0,0,1,1,-1,7,2,42,7,-1,-1,-1,-1,1,E01025067,0,1
2025041600428,2025,041600428,2,9,0,-1,2,1,5,-1,0,0,0,0,0,0,1,2,-1,6,-1,-1,-1,-1,-1,-1,-1,-1,-1,0,-1
2025041600447,2025,041600447,2,9,0,-1,19,5,1,-1,0,0,0,0,0,0,1,1,-1,9,2,55,8,-1,-1,-1,-1,1,E01025423,0,1