collision_index,collision_year,collision_ref_no,vehicle_reference,vehicle_type,towing_and_articulation,vehicle_manoeuvre_historic,vehicle_manoeuvre,vehicle_direction_from,vehicle_direction_to,vehicle_location_restricted_lane_historic,vehicle_location_restricted_lane,junction_location,skidding_and_overturning,hit_object_in_carriageway,vehicle_leaving_carriageway,hit_object_off_carriageway,first_point_of_impact,vehicle_left_hand_drive,journey_purpose_of_driver_historic,journey_purpose_of_driver,sex_of_driver,age_of_driver,age_band_of_driver,engine_capacity_cc,propulsion_code,age_of_vehicle,generic_make_model,driver_imd_decile,lsoa_of_driver,escooter_flag,driver_distance_banding
2025041604764,2025,041604764,1,9,0,-1,7,5,1,-1,0,1,0,0,0,0,3,1,-1,6,3,-1,-1,-1,-1,-1,-1,-1,-1,0,-1
2025041604764,2025,041604764,2,9,0,-1,19,7,3,-1,0,8,0,0,0,0,4,1,-1,2,1,73,10,-1,-1,-1,-1,1,E01012643,0,1
2025041604830,2025,041604830,1,9,0,-1,4,1,5,-1,0,0,0,0,0,0,1,1,-1,9,2,78,11,-1,-1,-1,-1,4,E01012604,0,1
2025041604840,2025,041604840,1,9,0,-1,5,5,1,-1,0,1,0,0,0,0,3,1,-1,2,1,35,6,-1,-1,-1,-1,3,E01012726,0,1
2025041604840,2025,041604840,2,9,0,-1,19,3,7,-1,0,1,0,0,0,0,1,1,-1,2,2,38,7,-1,-1,-1,-1,1,E01012674,0,1
2025041604937,2025,041604937,2,97,0,-1,19,7,3,-1,0,0,0,0,0,0,3,1,-1,2,1,21,5,-1,-1,-1,-1,1,E01025606,0,2
2025041604937,2025,041604937,1,9,0,-1,19,7,3,-1,0,0,0,0,0,0,-1,9,-1,6,3,-1,-1,-1,-1,-1,-1,-1,-1,0,-1
2025041604981,2025,041604981,1,90,1,-1,19,5,1,-1,0,0,0,0,0,0,3,9,-1,6,3,-1,-1,-1,-1,-1,-1,-1,-1,0,-1
2025041604981,2025,041604981,2,9,0,-1,19,5,1,-1,0,0,0,0,0,0,4,1,-1,9,2,20,4,-1,-1,-1,-1,4,E01012710,0,4
2025041605008,2025,041605008,2,9,0,-1,19,1,5,-1,0,2,0,0,0,0,2,1,-1,9,2,34,6,-1,-1,-1,-1,10,E01025255,0,1
2025041605008,2025,041605008,1,1,0,-1,19,1,5,-1,0,2,0,0,0,0,1,1,-1,9,1,18,4,-1,-1,-1,-1,3,E01025300,0,1
2025041605021,2025,041605021,1,9,0,-1,4,1,5,-1,0,1,0,0,0,0,1,1,-1,9,1,73,10,-1,-1,-1,-1,1,E01025423,0,1
2025041605021,2025,041605021,2,9,0,-1,3,5,1,-1,0,4,0,0,0,0,2,1,-1,9,2,21,5,-1,-1,-1,-1,10,E01025454,0,1
2025041605041,2025,041605041,2,9,0,-1,19,1,5,-1,0,1,0,0,0,0,1,9,-1,9,2,22,5,-1,-1,-1,-1,3,E01025149,0,4
2025041605041,2025,041605041,1,9,0,-1,10,3,1,-1,0,1,0,0,0,0,1,9,-1,9,2,37,7,-1,-1,-1,-1,10,E01025158,0,4
2025041605101,2025,041605101,2,9,0,-1,19,7,3,-1,0,0,0,0,0,0,2,1,-1,2,1,36,7,-1,-1,-1,-1,1,E01012681,0,2
2025041605101,2025,041605101,1,9,0,-1,19,7,3,-1,0,0,0,4,0,0,1,1,-1,9,2,80,11,-1,-1,-1,-1,7,E01025586,0,2
2025041605161,2025,041605161,1,9,0,-1,5,3,1,-1,0,1,0,0,0,0,3,1,-1,6,2,68,10,-1,-1,-1,-1,6,E01007033,0,3
2025041605161,2025,041605161,2,9,0,-1,19,1,5,-1,0,1,0,0,0,0,1,1,-1,9,1,65,9,-1,-1,-1,-1,6,E01025495,0,1
2025041605173,2025,041605173,1,97,0,-1,19,6,2,-1,0,0,1,0,0,0,1,1,-1,9,1,80,11,-1,-1,-1,-1,4,E01025119,0,2
2025041605184,2025,041605184,2,9,0,-1,19,6,2,-1,0,1,0,0,1,0,4,1,-1,6,2,40,7,-1,-1,-1,-1,4,E01024969,0,1
2025041605184,2025,041605184,1,98,0,-1,9,8,5,-1,0,8,0,0,0,0,1,1,-1,2,1,55,8,-1,-1,-1,-1,4,E01024960,0,2
2025041605230,2025,041605230,2,9,0,-1,2,0,0,-1,0,1,0,0,0,0,3,1,-1,6,-1,-1,-1,-1,-1,-1,-1,-1,-1,0,-1
2025041605230,2025,041605230,1,17,0,-1,19,5,1,-1,0,1,0,0,0,0,1,1,-1,2,1,57,9,-1,-1,-1,-1,6,E01025367,0,2
2025041605477,2025,041605477,2,90,0,-1,19,5,1,-1,0,6,0,0,0,0,1,1,-1,6,1,35,6,-1,-1,-1,-1,4,E01012716,0,1
2025041605477,2025,041605477,1,9,0,-1,19,3,7,-1,0,1,0,0,0,0,1,1,-1,6,1,52,8,-1,-1,-1,-1,1,E01012744,0,2
2025041605521,2025,041605521,1,9,0,-1,9,7,5,-1,9,8,0,0,0,0,1,1,-1,9,2,31,6,-1,-1,-1,-1,3,E01012740,0,1
2025041605553,2025,041605553,1,9,0,-1,5,1,5,-1,0,8,0,0,0,0,1,2,-1,2,2,51,8,-1,-1,-1,-1,4,E01025459,0,4
2025041605553,2025,041605553,2,1,0,-1,19,6,1,-1,0,1,0,0,0,0,1,1,-1,2,2,-1,-1,-1,-1,-1,-1,8,E01025012,0,2
2025041605556,2025,041605556,2,9,0,-1,4,5,1,-1,0,1,0,0,0,0,2,1,-1,9,2,30,6,-1,-1,-1,-1,1,E01025083,0,1
2025041605556,2025,041605556,1,9,0,-1,19,5,1,-1,0,1,0,0,0,0,1,1,-1,6,1,53,8,-1,-1,-1,-1,4,E01025431,0,4
2025041605615,2025,041605615,1,97,0,-1,19,3,7,-1,0,0,0,0,0,0,1,1,-1,9,1,53,8,-1,-1,-1,-1,1,E01025110,0,1
2025041605615,2025,041605615,2,9,0,-1,19,7,3,-1,0,0,0,0,0,0,2,1,-1,1,1,50,8,-1,-1,-1,-1,10,E01025126,0,2
2025041605731,2025,041605731,2,9,0,-1,19,8,8,-1,0,2,0,0,0,0,1,1,-1,9,1,26,6,-1,-1,-1,-1,3,E01025469,0,1
2025041605731,2025,041605731,1,9,0,-1,19,4,5,-1,0,1,0,0,0,0,3,1,-1,9,1,18,4,-1,-1,-1,-1,2,E01006876,0,2
2025041605740,2025,041605740,2,9,0,-1,2,0,0,-1,0,2,0,0,0,0,4,2,-1,6,-1,-1,-1,-1,-1,-1,-1,-1,-1,0,-1
2025041605740,2025,041605740,1,9,0,-1,19,5,1,-1,0,1,1,0,0,0,1,9,-1,9,1,47,8,-1,-1,-1,-1,3,E01017595,0,5
2025041605760,2025,041605760,2,9,0,-1,19,7,3,-1,0,8,0,0,0,0,3,1,-1,1,1,29,6,-1,-1,-1,-1,3,E01012587,0,4
2025041605760,2025,041605760,1,97,0,-1,19,1,5,-1,0,1,1,0,0,0,1,1,-1,1,1,18,4,-1,-1,-1,-1,5,E01025031,0,1
2025041605765,2025,041605765,1,23,0,-1,19,5,1,-1,0,0,2,10,1,2,1,1,-1,9,1,18,4,-1,-1,-1,-1,5,E01025444,0,1
2025041605797,2025,041605797,1,9,0,-1,19,1,5,-1,0,0,0,0,0,0,1,1,-1,6,3,-1,-1,-1,-1,-1,-1,-1,-1,0,-1
2025041605797,2025,041605797,2,9,0,-1,19,5,1,-1,0,0,0,0,0,0,2,1,-1,9,1,68,10,-1,-1,-1,-1,7,-1,0,5
2025041605817,2025,041605817,1,9,0,-1,19,3,7,-1,0,1,0,0,0,0,1,1,-1,9,1,60,9,-1,-1,-1,-1,2,E01024951,0,1
2025041605817,2025,041605817,2,9,0,-1,19,3,7,-1,0,4,0,0,0,0,2,1,-1,9,2,31,6,-1,-1,-1,-1,1,E01012594,0,2
2025041605833,2025,041605833,3,9,0,-1,19,6,3,-1,0,0,0,0,0,0,1,1,-1,6,1,39,7,-1,-1,-1,-1,8,E01012628,0,1
2025041605833,2025,041605833,1,97,0,-1,13,3,6,-1,0,0,5,0,7,11,1,1,-1,6,1,19,4,-1,-1,-1,-1,2,E01005263,0,4
2025041605833,2025,041605833,2,9,0,-1,19,3,6,-1,0,0,0,0,0,0,0,1,-1,9,2,33,6,-1,-1,-1,-1,3,E01024889,0,4
2025041605874,2025,041605874,1,9,0,-1,9,2,2,-1,0,1,1,0,3,11,1,1,-1,9,1,17,4,-1,-1,-1,-1,7,E01025546,0,1
2025041605900,2025,041605900,2,97,0,-1,13,5,1,-1,0,1,5,0,7,0,4,1,-1,9,1,60,9,-1,-1,-1,-1,8,E01005493,0,1
2025041605900,2025,041605900,1,98,0,-1,19,-1,-1,-1,0,1,0,0,0,0,-1,9,-1,6,3,-1,-1,-1,-1,-1,-1,-1,-1,0,-1
2025041605907,2025,041605907,2,9,0,-1,2,0,0,-1,0,2,0,0,0,0,1,1,-1,6,-1,-1,-1,-1,-1,-1,-1,-1,-1,0,-1
2025041605907,2025,041605907,1,9,0,-1,2,0,0,-1,0,1,0,4,0,0,2,1,-1,9,2,59,9,-1,-1,-1,-1,8,E01034347,0,2
2025041605997,2025,041605997,1,9,0,-1,19,5,1,-1,0,0,0,0,0,0,1,1,-1,9,1,78,11,-1,-1,-1,-1,9,E01024994,0,1
2025041605997,2025,041605997,2,9,0,-1,2,1,5,-1,0,0,0,0,0,0,1,1,-1,7,2,49,8,-1,-1,-1,-1,9,E01025022,0,1
2025041606007,2025,041606007,2,9,0,-1,7,5,7,-1,0,1,0,0,0,0,4,1,-1,9,2,37,7,-1,-1,-1,-1,1,E01025493,0,1
2025041606007,2025,041606007,1,1,0,-1,19,7,3,-1,9,1,0,0,0,0,1,1,-1,9,1,14,3,-1,-1,-1,-1,2,E01025529,0,1
2025041606032,2025,041606032,1,9,0,-1,7,1,7,-1,0,0,5,7,0,0,1,1,-1,9,2,28,6,-1,-1,-1,-1,9,E01024994,0,2
2025041606036,2025,041606036,1,9,0,-1,19,4,8,-1,0,4,0,0,0,0,4,1,-1,7,1,73,10,-1,-1,-1,-1,3,E01012644,0,1
2025041606036,2025,041606036,2,9,0,-1,9,8,4,-1,0,8,0,0,0,0,1,1,-1,9,1,28,6,-1,-1,-1,-1,3,E01012585,0,1
2025041606045,2025,041606045,1,9,0,-1,2,4,2,-1,9,0,0,0,0,0,3,1,-1,6,2,80,11,-1,-1,-1,-1,7,E01025203,0,1
2025041606067,2025,041606067,3,9,0,-1,2,7,3,-1,0,1,0,0,0,0,2,1,-1,6,-1,-1,-1,-1,-1,-1,-1,-1,-1,0,-1
2025041606067,2025,041606067,2,9,0,-1,2,0,0,-1,0,1,0,0,0,0,4,1,-1,6,-1,-1,-1,-1,-1,-1,-1,-1,-1,0,-1
2025041606067,2025,041606067,1,9,0,-1,19,7,3,-1,0,1,0,0,1,0,4,1,-1,9,2,59,9,-1,-1,-1,-1,1,E01012631,0,1
2025041606086,2025,041606086,1,98,0,-1,19,7,3,-1,0,0,0,0,0,0,1,1,-1,1,1,41,7,-1,-1,-1,-1,2,E01005438,0,4
2025041606086,2025,041606086,2,9,0,-1,3,7,3,-1,0,0,0,0,0,0,2,1,-1,9,1,61,9,-1,-1,-1,-1,1,E01012001,0,5
2025041606095,2025,041606095,1,9,0,-1,19,5,1,-1,0,1,5,0,7,0,1,2,-1,6,1,21,5,-1,-1,-1,-1,2,E01012576,0,1
2025041606095,2025,041606095,2,9,0,-1,19,1,5,-1,0,1,0,0,0,0,1,2,-1,6,1,29,6,-1,-1,-1,-1,4,E01012593,0,1
2025041606147,2025,041606147,2,9,0,-1,19,5,1,-1,0,0,0,0,0,0,2,1,-1,9,2,57,9,-1,-1,-1,-1,1,E01006509,0,4
2025041606147,2025,041606147,1,9,0,-1,12,5,1,-1,0,0,0,0,0,0,1,1,-1,9,1,72,10,-1,-1,-1,-1,9,E01018560,0,4
2025041606147,2025,041606147,4,9,0,-1,19,5,1,-1,0,0,0,0,0,0,3,1,-1,9,1,28,6,-1,-1,-1,-1,2,E01025397,0,4
2025041606147,2025,041606147,3,9,0,-1,19,5,1,-1,0,0,0,0,0,0,4,1,-1,6,1,54,8,-1,-1,-1,-1,7,E01006231,0,3
2025041606202,2025,041606202,1,9,0,-1,13,5,1,-1,0,3,0,0,0,0,4,1,-1,9,1,27,6,-1,-1,-1,-1,8,E01025542,0,1
2025041606202,2025,041606202,3,9,0,-1,4,1,5,-1,0,1,0,0,0,0,1,1,-1,9,2,40,7,-1,-1,-1,-1,6,E01010221,0,5
2025041606202,2025,041606202,2,9,0,-1,19,5,1,-1,0,3,0,0,8,0,1,1,-1,9,2,58,9,-1,-1,-1,-1,3,E01012668,0,1
2025041606300,2025,041606300,1,9,0,-1,9,3,1,-1,0,2,0,0,0,0,1,1,-1,6,2,82,11,-1,-1,-1,-1,9,E01025560,0,1
2025041606300,2025,041606300,2,9,0,-1,19,5,1,-1,0,2,0,0,0,0,1,1,-1,7,2,47,8,-1,-1,-1,-1,9,E01025553,0,1
2025041606302,2025,041606302,1,9,0,-1,19,3,7,-1,0,1,5,0,1,0,4,1,-1,9,1,43,7,-1,-1,-1,-1,8,E01019352,0,3
2025041606310,2025,041606310,2,9,0,-1,19,7,3,-1,0,0,0,0,0,0,1,1,-1,6,-1,-1,-1,-1,-1,-1,-1,-1,-1,0,-1
2025041606310,2025,041606310,1,1,0,-1,19,7,3,-1,0,0,0,0,0,0,1,1,-1,9,2,51,8,-1,-1,-1,-1,1,E01025250,0,1
2025041606325,2025,041606325,2,9,0,-1,9,1,7,-1,0,4,0,0,0,0,1,1,-1,6,1,58,9,-1,-1,-1,-1,1,E01012675,0,1
2025041606325,2025,041606325,1,9,0,-1,6,3,7,-1,0,4,0,0,0,0,3,1,-1,2,2,37,7,-1,-1,-1,-1,8,E01025551,0,1
2025041606341,2025,041606341,2,9,0,-1,19,8,4,-1,0,0,2,0,1,2,1,1,-1,9,1,18,4,-1,-1,-1,-1,1,E01005660,0,4
2025041606341,2025,041606341,1,9,0,-1,6,4,8,-1,0,0,1,0,0,0,1,1,-1,9,1,75,10,-1,-1,-1,-1,2,E01007091,0,3
2025041606350,2025,041606350,2,9,0,-1,2,0,0,-1,0,1,0,0,0,0,2,1,-1,6,-1,-1,-1,-1,-1,-1,-1,-1,-1,0,-1
2025041606350,2025,041606350,1,9,0,-1,19,3,7,-1,0,1,0,2,0,0,1,1,-1,6,2,48,8,-1,-1,-1,-1,4,E01025567,0,1
2025041606356,2025,041606356,1,9,0,-1,19,5,1,-1,0,0,0,0,0,0,2,1,-1,2,1,30,6,-1,-1,-1,-1,8,E01025272,0,1
2025041606356,2025,041606356,2,9,0,-1,19,5,1,-1,0,0,0,0,0,0,1,1,-1,2,1,25,5,-1,-1,-1,-1,3,E01025407,0,3
2025041606578,2025,041606578,1,9,0,-1,19,5,1,-1,0,8,0,0,0,0,1,1,-1,6,1,38,7,-1,-1,-1,-1,1,E01012596,0,1
2025041606578,2025,041606578,2,9,0,-1,1,5,7,-1,0,8,0,0,1,0,2,1,-1,6,2,21,5,-1,-1,-1,-1,7,E01012581,0,1
2025041606588,2025,041606588,1,9,0,-1,19,7,4,-1,0,2,0,0,0,0,1,1,-1,9,2,18,4,-1,-1,-1,-1,2,E01012576,0,1
2025041606589,2025,041606589,1,9,0,-1,9,3,7,-1,0,5,0,0,0,0,2,1,-1,6,1,42,7,-1,-1,-1,-1,3,E01012644,0,1
2025041606589,2025,041606589,2,9,0,-1,19,7,3,-1,0,1,0,0,0,0,1,1,-1,6,2,33,6,-1,-1,-1,-1,8,E01012613,0,1
2025041606595,2025,041606595,2,9,0,-1,9,7,3,-1,0,0,0,0,0,0,3,1,-1,9,1,47,8,-1,-1,-1,-1,5,E01027828,0,5
2025041606595,2025,041606595,1,9,0,-1,13,7,3,-1,0,0,0,0,0,0,1,1,-1,9,2,61,9,-1,-1,-1,-1,10,E01025019,0,1
2025041606628,2025,041606628,2,9,0,-1,19,1,5,-1,0,0,0,0,0,0,2,1,-1,6,1,58,9,-1,-1,-1,-1,5,E01012616,0,3
2025041606628,2025,041606628,1,98,0,-1,19,1,5,-1,0,0,0,0,0,0,1,1,-1,1,1,51,8,-1,-1,-1,-1,1,E01010466,0,5
2025041606628,2025,041606628,3,9,0,-1,19,1,5,-1,0,0,0,0,0,0,2,1,-1,6,2,68,10,-1,-1,-1,-1,9,E01025316,0,2
2025041606647,2025,041606647,1,9,0,-1,19,6,6,-1,0,1,0,0,0,0,1,1,-1,9,2,63,9,-1,-1,-1,-1,5,E01024888,0,2
2025041606674,2025,041606674,2,9,0,-1,19,5,7,-1,0,0,0,0,0,0,3,1,-1,9,1,65,9,-1,-1,-1,-1,10,E01024963,0,3
2025041606674,2025,041606674,1,9,0,-1,19,1,5,-1,0,0,0,0,0,0,3,1,-1,9,2,21,5,-1,-1,-1,-1,2,E01012580,0,3
2025041606777,2025,041606777,3,9,0,-1,19,5,1,-1,0,0,0,0,0,0,2,1,-1,9,1,75,10,-1,-1,-1,-1,10,E01025468,0,3
2025041606777,2025,041606777,4,9,0,-1,19,5,1,-1,0,0,0,0,8,0,1,1,-1,9,2,26,6,-1,-1,-1,-1,1,E01034335,0,4
2025041606777,2025,041606777,1,98,0,-1,15,1,5,-1,0,0,0,0,0,0,3,1,-1,1,1,32,6,-1,-1,-1,-1,6,E01006803,0,4
2025041606777,2025,041606777,2,9,0,-1,19,1,5,-1,0,0,0,0,0,0,2,1,-1,9,1,45,7,-1,-1,-1,-1,7,E01024922,0,2
2025041606787,2025,041606787,1,9,0,-1,19,1,5,-1,0,0,0,10,0,0,1,1,-1,9,1,59,9,-1,-1,-1,-1,1,E01024858,0,1
2025041606807,2025,041606807,1,9,0,-1,19,3,7,-1,0,1,0,0,0,0,1,1,-1,9,1,58,9,-1,-1,-1,-1,7,E01024993,0,2
2025041606863,2025,041606863,1,9,0,-1,19,3,7,-1,0,0,0,0,0,0,1,1,-1,6,3,-1,-1,-1,-1,-1,-1,-1,-1,0,-1
2025041606863,2025,041606863,2,9,0,-1,19,7,3,-1,0,0,0,0,0,0,1,1,-1,2,1,42,7,-1,-1,-1,-1,9,E01025318,0,1
2025041607024,2025,041607024,2,1,0,-1,19,5,1,-1,0,0,5,4,0,0,1,1,-1,6,1,36,7,-1,-1,-1,-1,1,E01025295,0,1
2025041607024,2025,041607024,1,9,0,-1,2,1,1,-1,0,0,0,0,0,0,3,1,-1,6,1,40,7,-1,-1,-1,-1,9,E01025299,0,1
2025041607025,2025,041607025,1,1,0,-1,19,5,1,-1,0,0,0,0,0,0,3,1,-1,9,1,14,3,-1,-1,-1,-1,2,E01012692,0,1
2025041607025,2025,041607025,2,9,0,-1,19,5,1,-1,0,0,0,0,0,0,4,1,-1,2,1,36,7,-1,-1,-1,-1,1,E01012749,0,1
2025041607056,2025,041607056,1,9,0,-1,19,7,1,-1,0,0,0,0,0,0,1,1,-1,9,2,28,6,-1,-1,-1,-1,1,E01012707,0,1
2025041607056,2025,041607056,2,9,0,-1,6,1,5,-1,0,0,0,0,0,0,3,1,-1,1,1,47,8,-1,-1,-1,-1,2,E01024941,0,4
2025041607186,2025,041607186,2,9,0,-1,9,3,5,-1,0,3,0,0,0,0,3,1,-1,9,2,35,6,-1,-1,-1,-1,1,E01012595,0,1
2025041607186,2025,041607186,1,9,0,-1,9,1,3,-1,0,4,0,0,0,0,1,1,-1,9,2,74,10,-1,-1,-1,-1,7,E01012602,0,1
2025041607200,2025,041607200,1,9,0,-1,9,7,4,-1,0,8,0,0,0,0,3,1,-1,6,1,83,11,-1,-1,-1,-1,1,E01025382,0,1
2025041607200,2025,041607200,2,1,0,-1,19,4,8,-1,0,8,0,0,0,0,1,1,-1,9,1,53,8,-1,-1,-1,-1,8,E01005493,0,2
2025041607202,2025,041607202,1,9,0,-1,19,3,7,-1,0,0,0,0,0,0,1,1,-1,1,1,77,11,-1,-1,-1,-1,8,E01025204,0,4
2025041607202,2025,041607202,2,9,0,-1,19,3,7,-1,0,0,0,0,0,0,2,1,-1,1,1,56,9,-1,-1,-1,-1,8,E01024913,0,4
2025041607267,2025,041607267,1,97,0,-1,19,3,5,-1,0,0,0,0,0,0,0,1,-1,6,-1,-1,-1,-1,-1,-1,-1,-1,-1,0,-1
2025041607267,2025,041607267,2,1,0,-1,7,3,5,-1,0,0,0,0,0,0,0,1,-1,9,1,18,4,-1,-1,-1,-1,1,E01012670,0,1
2025041607282,2025,041607282,2,22,0,-1,19,5,1,-1,0,8,5,0,0,0,0,1,-1,6,2,81,11,-1,-1,-1,-1,3,E01025111,0,1
2025041607282,2025,041607282,1,9,0,-1,19,-1,-1,-1,0,1,0,0,0,0,0,9,-1,6,3,-1,-1,-1,-1,-1,-1,-1,-1,0,-1
2025041607341,2025,041607341,1,9,0,-1,19,1,5,-1,0,0,0,0,0,0,1,1,-1,1,1,52,8,-1,-1,-1,-1,1,E01012709,0,4
2025041607341,2025,041607341,2,9,0,-1,19,1,5,-1,0,0,0,0,0,0,2,1,-1,6,2,23,5,-1,-1,-1,-1,7,E01025647,0,5
2025041607424,2025,041607424,1,98,0,-1,19,1,5,-1,9,0,0,0,0,0,-1,1,-1,6,3,-1,-1,-1,-1,-1,-1,-1,-1,0,-1
2025041607525,2025,041607525,2,9,0,-1,9,8,4,-1,0,8,0,0,0,0,3,1,-1,6,1,29,6,-1,-1,-1,-1,1,E01034336,0,1
2025041607525,2025,041607525,1,97,0,-1,19,8,4,-1,0,1,1,0,7,0,1,1,-1,9,1,20,4,-1,-1,-1,-1,1,E01025382,0,3
2025041607550,2025,041607550,2,9,0,-1,19,3,3,-1,0,0,0,0,0,0,3,1,-1,2,2,50,8,-1,-1,-1,-1,3,E01012632,0,1
2025041607550,2025,041607550,1,9,0,-1,7,3,3,-1,9,0,0,0,7,0,4,1,-1,2,2,27,6,-1,-1,-1,-1,1,E01012631,0,1
2025041607624,2025,041607624,1,9,0,-1,19,3,7,-1,0,0,5,11,0,0,3,1,-1,2,1,20,4,-1,-1,-1,-1,10,E01025414,0,1
2025041607702,2025,041607702,2,9,0,-1,7,8,1,-1,0,8,0,0,0,0,1,1,-1,9,1,33,6,-1,-1,-1,-1,2,E01012734,0,1
2025041607702,2025,041607702,1,1,0,-1,19,1,5,-1,0,1,5,0,0,0,1,1,-1,6,1,16,4,-1,-1,-1,-1,1,E01012709,0,1
2025041607710,2025,041607710,3,1,0,-1,19,7,3,-1,0,0,0,0,0,0,1,1,-1,9,1,47,8,-1,-1,-1,-1,7,E01006236,0,4
2025041607710,2025,041607710,1,1,0,-1,19,7,3,-1,0,0,0,0,0,0,1,1,-1,9,1,50,8,-1,-1,-1,-1,10,E01006372,0,4
2025041607710,2025,041607710,2,9,0,-1,19,7,3,-1,0,0,1,0,0,0,1,1,-1,9,1,36,7,-1,-1,-1,-1,1,E01025181,0,2
2025041607861,2025,041607861,1,9,0,-1,-1,-1,-1,-1,-1,0,-1,-1,-1,0,-1,9,-1,6,3,-1,-1,-1,-1,-1,-1,-1,-1,0,-1
2025041607861,2025,041607861,2,-1,0,-1,19,5,1,-1,0,0,0,0,0,0,2,1,-1,9,1,13,3,-1,-1,-1,-1,1,E01025049,1,1
2025041607968,2025,041607968,1,9,0,-1,9,3,7,-1,0,2,0,0,0,0,3,1,-1,1,2,39,7,-1,-1,-1,-1,9,E01025408,0,1
2025041607968,2025,041607968,2,9,0,-1,19,1,5,-1,0,1,0,0,0,0,1,1,-1,6,1,46,8,-1,-1,-1,-1,4,E01024927,0,3
2025041607982,2025,041607982,2,98,0,-1,19,1,5,-1,0,1,0,0,0,0,1,1,-1,2,1,35,6,-1,-1,-1,-1,6,E01005801,0,4
2025041607982,2025,041607982,1,9,0,-1,9,3,7,-1,1,6,0,0,0,0,3,1,-1,7,2,42,7,-1,-1,-1,-1,9,E01025477,0,1
2025041608107,2025,041608107,1,97,0,-1,19,5,5,-1,0,0,5,0,0,0,4,1,-1,9,1,60,9,-1,-1,-1,-1,8,E01024920,0,4
2025041608135,2025,041608135,3,9,0,-1,19,3,7,-1,0,1,1,0,1,0,4,1,-1,9,2,48,8,-1,-1,-1,-1,3,E01025034,0,1
2025041608135,2025,041608135,2,9,0,-1,19,7,3,-1,0,8,1,11,1,0,2,1,-1,9,1,22,5,-1,-1,-1,-1,1,E01025083,0,1
2025041608135,2025,041608135,1,9,0,-1,9,5,3,-1,0,8,0,0,0,0,4,1,-1,9,1,52,8,-1,-1,-1,-1,6,E01025078,0,1
2025041608182,2025,041608182,2,1,0,-1,19,7,3,-1,0,6,0,0,0,0,1,1,-1,9,2,11,3,-1,-1,-1,-1,1,E01012638,0,1
2025041608182,2025,041608182,1,9,0,-1,19,1,5,-1,0,1,0,0,0,0,-1,9,-1,6,3,-1,-1,-1,-1,-1,-1,-1,-1,0,-1
2025041608184,2025,041608184,1,9,0,-1,19,7,3,-1,0,0,0,0,0,0,4,1,-1,6,1,22,5,-1,-1,-1,-1,1,E01034336,0,1
2025041608217,2025,041608217,1,9,0,-1,5,3,7,-1,0,0,0,0,0,0,4,1,-1,6,1,25,5,-1,-1,-1,-1,5,E01006008,0,4
2025041608360,2025,041608360,1,9,0,-1,9,3,1,-1,0,8,0,0,0,0,1,1,-1,9,1,26,6,-1,-1,-1,-1,1,E01020569,0,5
2025041608360,2025,041608360,2,9,0,-1,19,5,1,-1,0,8,5,0,0,0,3,1,-1,6,1,21,5,-1,-1,-1,-1,4,E01025526,0,1
2025041608441,2025,041608441,3,9,0,-1,2,0,0,-1,0,0,0,0,0,0,1,1,-1,9,1,44,7,-1,-1,-1,-1,6,E01034341,0,1
2025041608441,2025,041608441,2,9,0,-1,2,0,0,-1,0,0,0,0,0,0,3,1,-1,9,1,66,10,-1,-1,-1,-1,9,E01024947,0,1
2025041608441,2025,041608441,1,9,0,-1,5,5,1,-1,0,0,0,10,0,0,1,1,-1,9,1,75,10,-1,-1,-1,-1,8,E01024971,0,1
2025041608444,2025,041608444,1,9,0,-1,19,5,1,-1,0,8,0,0,0,0,1,1,-1,9,1,82,11,-1,-1,-1,-1,4,E01019274,0,4
2025041608444,2025,041608444,2,9,0,-1,9,7,3,-1,0,8,0,0,0,0,3,1,-1,9,2,80,11,-1,-1,-1,-1,10,E01025015,0,3
2025041608501,2025,041608501,2,9,0,-1,19,1,5,-1,0,8,0,0,0,0,1,2,-1,9,1,57,9,-1,-1,-1,-1,1,E01025189,0,1
2025041608501,2025,041608501,1,23,0,-1,19,7,3,-1,0,1,0,0,1,0,3,1,-1,6,3,-1,-1,-1,-1,-1,-1,-1,-1,0,-1
2025041608621,2025,041608621,2,9,0,-1,19,6,2,-1,0,0,0,0,0,0,3,1,-1,9,1,28,6,-1,-1,-1,-1,5,E01006951,0,1
2025041608621,2025,041608621,1,9,0,-1,19,2,6,-1,0,0,0,0,0,0,3,1,-1,2,2,36,7,-1,-1,-1,-1,6,E01025514,0,1
2025041608662,2025,041608662,1,9,0,-1,19,2,6,-1,0,1,0,0,0,0,1,1,-1,6,1,51,8,-1,-1,-1,-1,8,E01034338,0,4
2025041608680,2025,041608680,1,9,0,-1,19,7,3,-1,9,0,1,10,7,11,1,1,-1,6,1,21,5,-1,-1,-1,-1,-1,-1,0,-1
2025041608690,2025,041608690,1,9,0,-1,19,7,3,-1,0,0,1,0,1,11,3,1,-1,9,1,19,4,-1,-1,-1,-1,9,E01025491,0,1
2025041608933,2025,041608933,1,9,0,-1,19,1,7,-1,0,0,1,0,1,2,1,1,-1,9,1,24,5,-1,-1,-1,-1,10,E01025126,0,1
2025041608975,2025,041608975,1,9,0,-1,19,3,7,-1,0,0,2,0,0,0,3,1,-1,6,1,18,4,-1,-1,-1,-1,7,E01025546,0,2