collision_index,collision_year,collision_ref_no,vehicle_reference,vehicle_type,towing_and_articulation,vehicle_manoeuvre_historic,vehicle_manoeuvre,vehicle_direction_from,vehicle_direction_to,vehicle_location_restricted_lane_historic,vehicle_location_restricted_lane,junction_location,skidding_and_overturning,hit_object_in_carriageway,vehicle_leaving_carriageway,hit_object_off_carriageway,first_point_of_impact,vehicle_left_hand_drive,journey_purpose_of_driver_historic,journey_purpose_of_driver,sex_of_driver,age_of_driver,age_band_of_driver,engine_capacity_cc,propulsion_code,age_of_vehicle,generic_make_model,driver_imd_decile,lsoa_of_driver,escooter_flag,driver_distance_banding
2025052500389,2025,052500389,1,8,0,9,9,2,1,0,0,1,0,0,0,0,3,1,6,6,1,59,9,-1,-1,-1,-1,1,E01007127,0,1
2025052500390,2025,052500390,1,1,0,18,19,3,7,0,0,0,0,0,0,0,1,1,6,6,1,-1,-1,-1,-1,-1,-1,2,E01007216,0,2
2025052500391,2025,052500391,2,9,0,18,19,1,5,0,0,0,0,0,0,0,2,1,5,6,1,46,8,-1,-1,-1,-1,1,E01007139,0,2
2025052500391,2025,052500391,1,3,0,18,19,1,5,0,0,0,0,0,0,0,1,1,5,6,1,26,6,-1,-1,-1,-1,6,E01007287,0,1
2025052500393,2025,052500393,1,9,0,18,19,5,1,0,0,0,5,4,0,0,4,1,5,6,2,22,5,-1,-1,-1,-1,3,E01006925,0,1
2025052500393,2025,052500393,2,9,0,2,2,0,0,0,0,0,0,0,0,0,4,1,6,6,3,-1,-1,-1,-1,-1,-1,-1,-1,0,-1
2025052500394,2025,052500394,1,9,0,18,19,3,7,0,0,0,0,0,0,0,1,1,5,6,1,83,11,-1,-1,-1,-1,2,E01007249,0,1
2025052500394,2025,052500394,2,9,0,4,4,3,7,0,0,0,0,0,0,0,2,1,5,6,2,51,8,-1,-1,-1,-1,1,E01007303,0,1
2025052500395,2025,052500395,1,19,0,9,9,1,5,0,0,1,0,0,0,0,1,1,2,2,1,27,6,-1,-1,-1,-1,1,E01006703,0,4
2025052500395,2025,052500395,2,9,0,18,19,5,1,0,0,1,0,0,0,0,3,1,2,2,1,61,9,-1,-1,-1,-1,3,E01006388,0,2
2025052500398,2025,052500398,2,9,0,18,19,3,7,0,0,0,0,0,0,0,3,1,6,6,2,40,7,-1,-1,-1,-1,6,E01025514,0,1
2025052500398,2025,052500398,1,9,0,18,19,7,3,0,0,0,0,0,0,0,3,1,6,6,1,73,10,-1,-1,-1,-1,5,E01006972,0,1
2025052500400,2025,052500400,1,9,0,1,1,4,8,0,0,1,0,0,0,0,2,1,6,6,3,-1,-1,-1,-1,-1,-1,-1,-1,0,-1
2025052500402,2025,052500402,1,9,0,9,9,3,1,0,0,1,0,0,0,0,1,1,5,6,1,52,8,-1,-1,-1,-1,7,E01024991,0,4
2025052500402,2025,052500402,2,9,0,18,19,1,5,0,0,1,0,0,0,0,1,1,5,6,1,21,5,-1,-1,-1,-1,9,E01007025,0,2
2025052500403,2025,052500403,1,1,0,18,19,5,1,0,0,0,0,0,0,0,1,1,5,6,1,9,2,-1,-1,-1,-1,1,E01006699,0,1
2025052500404,2025,052500404,2,9,0,10,10,2,8,0,0,8,0,0,0,0,2,1,3,7,2,48,8,-1,-1,-1,-1,1,E01034396,0,1
2025052500404,2025,052500404,1,9,0,9,9,2,8,0,0,8,0,0,0,0,1,1,2,2,3,-1,-1,-1,-1,-1,-1,-1,-1,0,-1
2025052500405,2025,052500405,1,9,0,18,19,7,3,0,0,0,0,0,1,11,1,1,5,6,2,18,4,-1,-1,-1,-1,5,E01006930,0,2
2025052500407,2025,052500407,1,9,0,18,19,5,1,0,0,1,5,0,0,0,4,1,1,1,1,-1,-1,-1,-1,-1,-1,-1,-1,0,-1
2025052500407,2025,052500407,2,9,0,9,9,5,3,0,0,8,0,0,0,0,3,1,6,6,1,54,8,-1,-1,-1,-1,1,E01032508,0,2
2025052500409,2025,052500409,2,9,0,18,19,3,7,0,0,1,0,0,0,0,1,1,5,6,2,20,4,-1,-1,-1,-1,1,E01006450,0,1
2025052500409,2025,052500409,1,9,0,5,5,5,1,0,0,1,0,0,0,0,1,1,2,2,1,50,8,-1,-1,-1,-1,1,E01006769,0,1
2025052500410,2025,052500410,1,19,0,5,5,5,1,0,0,1,0,0,0,0,1,1,6,6,1,50,8,-1,-1,-1,-1,8,E01006774,0,2
2025052500410,2025,052500410,2,1,0,18,19,3,7,0,0,1,0,0,0,0,4,1,5,6,1,59,9,-1,-1,-1,-1,3,E01006835,0,1
2025052500414,2025,052500414,1,19,0,18,19,8,4,0,0,1,0,0,0,0,1,1,6,6,2,-1,-1,-1,-1,-1,-1,-1,-1,0,-1
2025052500414,2025,052500414,2,9,0,3,3,8,4,0,0,2,0,0,0,0,2,1,5,6,2,28,6,-1,-1,-1,-1,3,E01034840,0,1
2025052500415,2025,052500415,1,9,0,9,9,7,5,0,0,1,0,0,0,0,3,1,6,6,1,-1,-1,-1,-1,-1,-1,1,E01006693,0,1
2025052500415,2025,052500415,2,1,0,3,3,1,5,0,0,1,0,0,0,0,1,1,5,6,1,25,5,-1,-1,-1,-1,6,-1,0,4
2025052500416,2025,052500416,2,9,0,18,19,1,5,0,0,0,0,0,0,0,3,1,5,6,2,50,8,-1,-1,-1,-1,1,E01007009,0,1
2025052500416,2025,052500416,1,9,0,11,11,1,5,0,0,0,0,0,0,0,4,1,6,6,3,-1,-1,-1,-1,-1,-1,-1,-1,0,-1
2025052500418,2025,052500418,1,9,0,9,9,5,3,0,0,1,0,0,0,0,3,1,3,7,2,32,6,-1,-1,-1,-1,1,E01033228,0,1
2025052500418,2025,052500418,2,9,0,7,7,3,5,0,0,2,0,0,0,0,1,1,5,6,2,55,8,-1,-1,-1,-1,2,E01032511,0,2
2025052500419,2025,052500419,1,9,0,7,7,1,5,0,0,6,0,0,0,0,4,1,5,6,1,40,7,-1,-1,-1,-1,6,E01006911,0,1
2025052500420,2025,052500420,2,9,0,5,5,7,5,0,0,1,0,0,0,0,4,1,5,6,1,55,8,-1,-1,-1,-1,-1,-1,0,-1
2025052500420,2025,052500420,1,1,0,18,19,5,1,0,0,1,0,0,0,0,1,1,5,6,1,31,6,-1,-1,-1,-1,1,E01006598,0,1
2025052500422,2025,052500422,2,1,0,4,4,1,5,0,0,0,0,0,0,0,4,1,6,6,1,7,2,-1,-1,-1,-1,1,E01006573,0,1
2025052500422,2025,052500422,1,9,0,1,1,1,5,0,0,0,0,0,0,0,2,1,6,6,1,33,6,-1,-1,-1,-1,3,E01033757,0,1
2025052500424,2025,052500424,1,9,0,18,19,7,3,0,0,1,0,0,0,0,1,1,5,6,1,34,6,-1,-1,-1,-1,7,E01006471,0,1
2025052500424,2025,052500424,2,1,0,18,19,7,3,0,0,1,0,0,0,0,2,1,6,6,1,55,8,-1,-1,-1,-1,-1,-1,0,-1
2025052500428,2025,052500428,1,11,0,18,19,5,1,0,0,0,0,0,0,0,1,1,1,1,1,57,9,-1,-1,-1,-1,1,E01006764,0,1
2025052500429,2025,052500429,1,9,0,7,7,3,5,0,0,1,0,0,0,0,4,1,6,6,3,-1,-1,-1,-1,-1,-1,-1,-1,0,-1
2025052500430,2025,052500430,1,9,0,7,7,1,3,0,0,1,0,0,0,0,3,1,6,6,3,-1,-1,-1,-1,-1,-1,-1,-1,0,-1
2025052500431,2025,052500431,2,1,0,18,19,3,7,0,0,1,0,0,0,0,1,1,5,6,1,51,8,-1,-1,-1,-1,1,E01006460,0,1
2025052500431,2025,052500431,1,9,0,5,5,2,5,0,0,1,0,0,0,0,4,1,6,6,2,-1,-1,-1,-1,-1,-1,-1,-1,0,-1
2025052500432,2025,052500432,1,9,0,18,19,8,4,0,0,0,0,0,0,0,4,1,6,6,2,50,8,-1,-1,-1,-1,1,E01006673,0,1
2025052500432,2025,052500432,2,1,0,18,19,3,7,0,0,0,0,0,0,0,1,1,5,6,1,32,6,-1,-1,-1,-1,2,E01006523,0,1
2025052500433,2025,052500433,1,9,0,18,19,1,5,0,0,0,0,0,0,0,4,1,5,6,1,52,8,-1,-1,-1,-1,1,E01006739,0,2
2025052500434,2025,052500434,1,90,0,18,19,8,4,0,0,0,0,0,0,0,0,1,5,6,1,9,2,-1,-1,-1,-1,8,E01006580,0,1
2025052500435,2025,052500435,2,9,0,18,19,2,6,0,0,8,0,0,0,0,1,1,5,6,1,26,6,-1,-1,-1,-1,2,E01032505,0,2
2025052500435,2025,052500435,1,9,0,9,9,6,4,0,0,8,0,0,0,0,4,1,5,6,1,80,11,-1,-1,-1,-1,1,E01006544,0,1
2025052500436,2025,052500436,1,9,0,7,7,5,7,0,0,8,0,0,0,0,1,1,5,6,2,44,7,-1,-1,-1,-1,1,E01006429,0,1
2025052500438,2025,052500438,2,11,0,2,2,0,0,0,0,0,0,0,0,0,2,1,1,1,1,45,7,-1,-1,-1,-1,1,E01006779,0,1
2025052500438,2025,052500438,1,9,0,18,19,4,8,0,0,0,0,0,0,0,1,1,5,6,2,45,7,-1,-1,-1,-1,7,E01026536,0,5
2025052500439,2025,052500439,1,9,0,18,19,5,8,0,0,1,0,0,0,0,4,1,6,6,3,-1,-1,-1,-1,-1,-1,-1,-1,0,-1
2025052500440,2025,052500440,2,8,0,18,19,6,2,0,0,8,0,0,0,0,3,1,6,6,1,81,11,-1,-1,-1,-1,5,E01006929,0,1
2025052500440,2025,052500440,1,19,0,9,9,2,8,0,0,1,0,0,0,0,1,1,6,6,1,50,8,-1,-1,-1,-1,4,E01007212,0,4
2025052500441,2025,052500441,2,5,0,18,19,5,1,0,0,4,0,0,0,0,2,1,5,6,1,56,9,-1,-1,-1,-1,1,E01006483,0,2
2025052500441,2025,052500441,1,9,0,18,19,5,1,0,0,4,0,0,0,0,1,1,5,6,3,-1,-1,-1,-1,-1,-1,-1,-1,0,-1
2025052500444,2025,052500444,2,1,0,18,19,1,5,0,0,0,0,0,0,0,1,1,5,6,1,44,7,-1,-1,-1,-1,1,E01006695,0,1
2025052500444,2025,052500444,1,8,0,6,6,5,5,0,0,0,0,0,0,0,4,1,5,6,1,48,8,-1,-1,-1,-1,1,E01006556,0,1
2025052500445,2025,052500445,1,9,0,18,19,7,3,0,0,0,0,0,0,0,1,1,5,6,1,69,10,-1,-1,-1,-1,5,E01032905,0,1
2025052500445,2025,052500445,2,9,0,2,2,0,0,0,0,0,0,0,0,0,2,1,5,6,3,-1,-1,-1,-1,-1,-1,-1,-1,0,-1
2025052500446,2025,052500446,2,9,0,18,19,4,8,0,0,0,0,0,0,0,1,2,5,6,1,26,6,-1,-1,-1,-1,1,E01006690,0,1
2025052500446,2025,052500446,1,9,0,18,19,8,4,0,0,0,0,0,0,0,4,1,6,6,3,-1,-1,-1,-1,-1,-1,-1,-1,0,-1
2025052500448,2025,052500448,1,11,0,7,7,3,5,0,0,8,0,0,0,0,4,1,1,1,1,44,7,-1,-1,-1,-1,1,E01012437,0,4
2025052500449,2025,052500449,2,9,0,9,9,1,7,0,0,8,0,0,0,0,1,1,1,1,1,-1,-1,-1,-1,-1,-1,-1,-1,0,-1
2025052500449,2025,052500449,1,3,0,9,9,1,7,0,0,8,0,0,0,0,2,1,5,6,3,-1,-1,-1,-1,-1,-1,-1,-1,0,-1
2025052500450,2025,052500450,2,9,0,18,19,5,1,0,0,1,2,0,6,0,2,1,5,6,1,46,8,-1,-1,-1,-1,2,E01006813,0,2
2025052500450,2025,052500450,1,9,0,18,19,5,1,0,0,1,0,0,0,0,1,1,5,6,1,54,8,-1,-1,-1,-1,2,E01007136,0,4
2025052500451,2025,052500451,2,9,0,18,19,3,7,0,0,1,0,0,0,0,0,1,1,1,1,-1,-1,-1,-1,-1,-1,-1,-1,0,-1
2025052500451,2025,052500451,1,90,0,7,7,7,1,0,0,8,0,10,7,0,1,1,6,6,1,24,5,-1,-1,-1,-1,1,E01033763,0,1
2025052500452,2025,052500452,1,9,0,18,19,1,5,0,0,0,0,0,0,0,3,1,5,6,1,37,7,-1,-1,-1,-1,1,E01007289,0,1
2025052500453,2025,052500453,1,9,0,18,19,1,5,0,0,0,0,0,0,0,1,1,6,6,1,22,5,-1,-1,-1,-1,9,E01007259,0,2
2025052500454,2025,052500454,1,9,0,9,9,6,2,0,0,1,0,0,0,0,3,1,2,2,1,36,7,-1,-1,-1,-1,5,E01032905,0,2
2025052500454,2025,052500454,2,1,0,18,19,2,7,0,0,1,0,0,0,0,3,1,5,6,1,63,9,-1,-1,-1,-1,7,E01006666,0,1
2025052500455,2025,052500455,2,9,0,7,7,1,5,0,0,8,0,0,0,0,4,1,5,6,1,24,5,-1,-1,-1,-1,1,E01007124,0,1
2025052500455,2025,052500455,1,11,0,5,5,1,5,0,0,8,0,0,0,0,1,1,1,1,1,32,6,-1,-1,-1,-1,2,E01018538,0,3
2025052500456,2025,052500456,1,9,0,18,19,3,7,0,0,1,0,0,0,0,1,1,6,6,1,-1,-1,-1,-1,-1,-1,-1,-1,0,-1
2025052500456,2025,052500456,2,8,0,3,3,3,7,0,0,8,0,0,0,0,2,1,5,6,1,40,7,-1,-1,-1,-1,1,E01006644,0,1
2025052500458,2025,052500458,1,1,0,18,19,3,7,0,0,0,0,0,0,0,0,1,6,6,1,50,8,-1,-1,-1,-1,5,E01006553,0,2
2025052500461,2025,052500461,2,9,0,18,19,6,1,0,0,0,0,0,0,0,0,1,1,1,1,-1,-1,-1,-1,-1,-1,-1,-1,0,-1
2025052500461,2025,052500461,1,1,0,18,19,6,2,0,0,0,0,10,0,0,0,1,6,6,1,33,6,-1,-1,-1,-1,1,E01034838,0,1
2025052500462,2025,052500462,1,8,0,18,19,2,6,0,0,0,0,0,0,0,1,1,6,6,1,-1,-1,-1,-1,-1,-1,-1,-1,0,-1
2025052500463,2025,052500463,2,9,0,2,2,0,0,0,0,0,0,4,0,0,3,1,6,6,3,-1,-1,-1,-1,-1,-1,-1,-1,0,-1
2025052500463,2025,052500463,1,9,0,18,19,5,1,0,0,0,0,0,0,0,4,1,1,1,1,49,8,-1,-1,-1,-1,4,E01007213,0,1
2025052500464,2025,052500464,2,9,0,4,4,2,5,0,0,8,0,0,0,0,2,1,5,6,1,24,5,-1,-1,-1,-1,1,E01006734,0,1
2025052500464,2025,052500464,1,8,0,18,19,2,5,0,0,4,0,0,0,0,1,1,1,1,1,25,5,-1,-1,-1,-1,1,E01006412,0,1
2025052500465,2025,052500465,1,9,0,18,19,1,5,0,0,1,0,0,0,0,1,1,6,6,3,-1,-1,-1,-1,-1,-1,-1,-1,0,-1
2025052500465,2025,052500465,2,11,0,3,3,1,5,0,0,1,0,0,0,0,2,1,1,1,1,60,9,-1,-1,-1,-1,2,E01006551,0,1
2025052500466,2025,052500466,1,9,0,9,9,2,1,0,0,1,0,0,0,0,3,1,2,2,1,42,7,-1,-1,-1,-1,8,E01007002,0,1
2025052500466,2025,052500466,2,97,0,13,13,2,6,0,0,1,0,0,0,0,1,1,6,6,1,59,9,-1,-1,-1,-1,8,E01006928,0,1
2025052500467,2025,052500467,1,9,0,7,7,8,4,0,0,1,0,0,0,0,4,1,6,6,2,-1,-1,-1,-1,-1,-1,-1,-1,0,-1
2025052500467,2025,052500467,2,1,0,18,19,4,8,0,0,1,0,0,0,0,1,1,5,6,1,20,4,-1,-1,-1,-1,10,W01001561,0,5
2025052500468,2025,052500468,1,3,0,18,19,1,5,0,0,0,0,0,0,0,1,1,5,6,1,32,6,-1,-1,-1,-1,3,E01007233,0,1
2025052500468,2025,052500468,2,9,0,3,3,1,5,0,0,0,0,0,0,0,2,1,1,1,2,56,9,-1,-1,-1,-1,1,E01006461,0,3
2025052500469,2025,052500469,2,19,0,18,19,3,7,0,0,1,0,0,0,0,1,1,5,6,3,-1,-1,-1,-1,-1,-1,-1,-1,0,-1
2025052500469,2025,052500469,1,9,0,18,19,5,1,0,0,6,0,0,0,0,3,1,5,6,2,71,10,-1,-1,-1,-1,3,E01006998,0,1
2025052500471,2025,052500471,1,9,0,7,7,6,1,0,0,8,0,0,0,0,2,1,5,6,3,-1,-1,-1,-1,-1,-1,-1,-1,0,-1
2025052500471,2025,052500471,2,9,0,7,7,6,1,0,0,8,0,0,0,0,1,1,1,1,1,-1,-1,-1,-1,-1,-1,5,E01006427,0,3
2025052500472,2025,052500472,2,9,0,18,19,3,7,0,0,8,0,0,0,0,1,1,5,6,2,72,10,-1,-1,-1,-1,4,E01007231,0,1
2025052500472,2025,052500472,1,9,0,18,19,1,5,0,0,6,0,0,8,1,1,1,5,6,1,47,8,-1,-1,-1,-1,1,E01005104,0,4
2025052500473,2025,052500473,2,9,0,2,2,0,0,0,0,0,0,0,0,0,2,1,5,6,1,28,6,-1,-1,-1,-1,1,E01007092,0,1
2025052500473,2025,052500473,1,8,0,18,19,3,7,0,0,0,0,0,0,0,1,1,1,1,1,41,7,-1,-1,-1,-1,5,E01006490,0,2
2025052500474,2025,052500474,1,19,0,13,13,2,6,0,0,0,0,0,0,0,0,1,6,6,3,-1,-1,-1,-1,-1,-1,-1,-1,0,-1
2025052500474,2025,052500474,2,1,0,18,19,2,6,0,0,0,0,0,0,0,0,1,2,2,1,49,8,-1,-1,-1,-1,1,E01006734,0,1
2025052500475,2025,052500475,1,8,0,5,5,4,8,0,0,0,0,0,0,0,4,1,1,1,3,-1,-1,-1,-1,-1,-1,-1,-1,0,-1
2025052500476,2025,052500476,2,9,0,18,19,5,1,0,0,6,0,0,0,0,1,1,6,6,2,43,7,-1,-1,-1,-1,8,E01007023,0,3
2025052500476,2025,052500476,1,9,0,12,12,5,1,0,0,6,0,0,0,0,1,1,6,6,2,25,5,-1,-1,-1,-1,4,E01006625,0,2
2025052500477,2025,052500477,2,97,0,18,19,1,5,0,0,1,0,0,0,0,3,1,5,6,1,68,10,-1,-1,-1,-1,2,E01006958,0,2
2025052500477,2025,052500477,1,9,0,11,11,1,5,0,0,1,0,0,0,0,4,1,6,6,3,-1,-1,-1,-1,-1,-1,-1,-1,0,-1
2025052500478,2025,052500478,1,9,0,18,19,8,5,0,0,1,0,0,0,0,1,1,6,6,2,26,6,-1,-1,-1,-1,1,E01032508,0,1
2025052500478,2025,052500478,2,9,0,4,4,8,5,0,0,1,0,0,0,0,2,1,5,6,1,65,9,-1,-1,-1,-1,4,E01012394,0,3
2025052500479,2025,052500479,1,9,0,18,19,5,1,0,0,0,0,0,0,0,4,1,6,6,3,-1,-1,-1,-1,-1,-1,-1,-1,0,-1
2025052500480,2025,052500480,1,90,0,1,1,2,5,0,0,8,0,0,0,0,2,1,1,1,1,-1,-1,-1,-1,-1,-1,-1,-1,0,-1
2025052500482,2025,052500482,2,9,0,2,2,0,0,0,0,0,0,0,0,0,2,1,5,6,2,54,8,-1,-1,-1,-1,6,E01007037,0,1
2025052500482,2025,052500482,1,19,0,18,19,5,1,0,0,0,0,0,0,0,1,1,5,6,1,39,7,-1,-1,-1,-1,1,E01007087,0,1
2025052500484,2025,052500484,1,9,0,5,5,7,3,0,0,8,0,0,0,0,1,1,6,6,3,-1,-1,-1,-1,-1,-1,-1,-1,0,-1
2025052500486,2025,052500486,1,4,0,4,4,8,4,0,0,5,1,0,0,0,0,1,5,6,1,41,7,-1,-1,-1,-1,1,E01006691,0,1
2025052500486,2025,052500486,2,9,0,18,19,4,8,0,0,6,0,0,0,0,0,1,1,1,1,32,6,-1,-1,-1,-1,1,E01006481,0,2
2025052500488,2025,052500488,1,10,0,18,19,5,1,0,0,1,0,0,0,0,1,1,1,1,1,-1,-1,-1,-1,-1,-1,-1,-1,0,-1
2025052500488,2025,052500488,2,9,0,18,19,1,5,0,0,1,0,0,0,0,1,1,5,6,1,19,4,-1,-1,-1,-1,10,E01007190,0,1
2025052500489,2025,052500489,1,9,0,18,19,4,8,0,0,0,0,0,0,0,4,1,2,2,2,37,7,-1,-1,-1,-1,4,E01006537,0,2
2025052500490,2025,052500490,1,9,0,18,19,2,6,0,0,1,0,0,0,0,4,1,2,2,2,44,7,-1,-1,-1,-1,7,E01007065,0,1
2025052500492,2025,052500492,1,9,0,18,19,1,5,0,0,1,0,0,3,2,1,1,5,6,1,65,9,-1,-1,-1,-1,8,E01006668,0,1
2025052500493,2025,052500493,1,9,0,9,9,3,7,0,0,1,0,0,0,0,1,1,5,6,3,-1,-1,-1,-1,-1,-1,-1,-1,0,-1
2025052500494,2025,052500494,1,9,0,18,19,2,6,0,0,0,0,0,0,0,1,1,5,6,1,19,4,-1,-1,-1,-1,1,E01006505,0,1
2025052500494,2025,052500494,2,9,0,18,19,2,6,0,0,0,0,0,0,0,2,1,2,2,2,23,5,-1,-1,-1,-1,6,E01033756,0,3
2025052500496,2025,052500496,1,5,0,5,5,1,5,0,0,0,0,7,1,11,1,1,2,2,1,34,6,-1,-1,-1,-1,5,E01006894,0,1
2025052500498,2025,052500498,1,9,0,4,4,3,7,0,0,0,0,0,0,0,4,1,1,1,1,66,10,-1,-1,-1,-1,2,E01025471,0,4
2025052500500,2025,052500500,1,9,0,18,19,5,1,0,0,0,0,0,0,0,1,1,6,6,3,-1,-1,-1,-1,-1,-1,-1,-1,0,-1
2025052500501,2025,052500501,2,9,0,2,2,0,0,0,0,0,0,0,0,0,2,1,5,6,3,-1,-1,-1,-1,-1,-1,-1,-1,0,-1
2025052500501,2025,052500501,1,9,5,18,19,7,3,0,0,0,5,0,0,0,4,1,5,6,2,26,6,-1,-1,-1,-1,6,E01007028,0,2
2025052500502,2025,052500502,1,9,0,18,19,4,8,0,0,1,0,0,0,0,1,1,6,6,2,38,7,-1,-1,-1,-1,1,E01006716,0,1
2025052500502,2025,052500502,2,9,0,4,4,4,8,0,0,1,0,0,0,0,2,1,6,6,2,24,5,-1,-1,-1,-1,1,E01006679,0,1
2025052500503,2025,052500503,2,9,0,2,2,0,0,0,0,0,0,0,0,0,3,1,5,6,2,64,9,-1,-1,-1,-1,2,E01006797,0,1
2025052500503,2025,052500503,1,9,0,18,19,1,5,0,0,0,0,0,0,0,1,1,5,6,2,66,10,-1,-1,-1,-1,6,E01006420,0,1
2025052500504,2025,052500504,1,9,0,18,19,1,5,0,0,1,0,0,0,0,1,1,6,6,1,47,8,-1,-1,-1,-1,6,E01007225,0,1
2025052500504,2025,052500504,2,1,0,18,19,3,7,0,0,1,0,0,0,0,4,1,5,6,1,65,9,-1,-1,-1,-1,1,E01034838,0,2
2025052500505,2025,052500505,1,9,0,18,19,1,6,0,0,1,0,0,0,0,1,1,6,6,3,-1,-1,-1,-1,-1,-1,-1,-1,0,-1
2025052500505,2025,052500505,2,1,0,18,19,6,1,0,0,1,0,0,0,0,4,1,2,2,2,51,8,-1,-1,-1,-1,1,E01006676,0,1
2025052500507,2025,052500507,2,9,0,4,4,5,1,0,0,1,0,0,0,0,2,1,6,6,1,34,6,-1,-1,-1,-1,2,E01006819,0,1
2025052500507,2025,052500507,1,9,0,18,19,5,1,0,0,1,0,0,0,0,1,1,6,6,3,-1,-1,-1,-1,-1,-1,-1,-1,0,-1
2025052500509,2025,052500509,2,1,0,18,19,4,8,0,0,0,0,0,0,0,3,1,6,6,1,57,9,-1,-1,-1,-1,10,E01006943,0,1
2025052500509,2025,052500509,1,9,0,3,3,4,8,0,0,0,0,0,0,0,4,1,6,6,1,60,9,-1,-1,-1,-1,2,E01007088,0,1
2025052500510,2025,052500510,2,11,0,18,19,7,3,0,0,1,0,0,0,0,3,1,1,1,1,62,9,-1,-1,-1,-1,1,E01007131,0,2
2025052500510,2025,052500510,1,9,0,18,19,5,1,0,0,1,0,0,0,0,1,1,2,2,2,72,10,-1,-1,-1,-1,2,E01007249,0,1
2025052500517,2025,052500517,2,1,0,18,19,4,8,0,0,1,0,0,0,0,4,1,4,7,1,13,3,-1,-1,-1,-1,1,E01034838,0,1
2025052500517,2025,052500517,1,9,0,18,19,6,2,0,0,1,0,0,0,0,1,1,6,6,2,-1,-1,-1,-1,-1,-1,-1,-1,0,-1
2025052500518,2025,052500518,2,9,0,18,19,7,3,0,0,1,0,0,0,0,1,1,5,6,1,71,10,-1,-1,-1,-1,1,E01034401,0,2
2025052500518,2025,052500518,1,9,0,9,9,3,1,0,0,1,0,0,0,0,1,1,3,7,2,46,8,-1,-1,-1,-1,1,E01006778,0,1
2025052500519,2025,052500519,2,5,0,18,19,7,3,0,0,8,0,0,0,0,1,1,5,6,1,68,10,-1,-1,-1,-1,6,E01007192,0,2
2025052500519,2025,052500519,1,9,0,6,6,3,3,0,0,8,0,0,0,0,4,1,5,6,2,86,11,-1,-1,-1,-1,5,E01007159,0,1
2025052500520,2025,052500520,2,9,0,6,6,3,3,0,0,8,0,0,0,0,4,1,6,6,2,26,6,-1,-1,-1,-1,5,E01006576,0,2
2025052500520,2025,052500520,1,9,0,5,5,1,5,0,0,4,0,0,0,0,1,1,6,6,3,-1,-1,-1,-1,-1,-1,-1,-1,0,-1
2025052500521,2025,052500521,2,22,0,18,19,7,3,0,0,1,0,0,0,0,3,1,6,6,1,62,9,-1,-1,-1,-1,1,E01006690,0,1
2025052500521,2025,052500521,1,9,0,7,7,7,1,0,0,1,0,0,0,0,4,1,6,6,3,-1,-1,-1,-1,-1,-1,-1,-1,0,-1
2025052500522,2025,052500522,2,19,0,4,4,7,3,0,0,1,0,0,0,0,2,1,5,6,1,46,8,-1,-1,-1,-1,2,E01007232,0,2
2025052500522,2025,052500522,1,9,0,18,19,7,3,0,0,1,0,0,0,0,1,1,6,6,3,-1,-1,-1,-1,-1,-1,-1,-1,0,-1
2025052500524,2025,052500524,2,9,0,7,7,7,1,0,0,8,0,0,0,0,1,1,5,6,2,65,9,-1,-1,-1,-1,4,E01006846,0,1
2025052500524,2025,052500524,1,1,0,18,19,3,7,0,0,8,0,0,0,0,3,1,5,6,1,12,3,-1,-1,-1,-1,2,E01006899,0,1
2025052500525,2025,052500525,1,9,0,9,9,2,8,0,0,1,0,0,0,0,3,1,6,6,3,-1,-1,-1,-1,-1,-1,-1,-1,0,-1
2025052500526,2025,052500526,2,3,0,18,19,7,3,0,0,8,0,0,0,0,1,1,5,6,1,17,4,-1,-1,-1,-1,1,E01033794,0,1
2025052500526,2025,052500526,1,19,0,18,19,1,5,0,0,8,0,0,0,0,3,1,5,6,1,33,6,-1,-1,-1,-1,8,E01006281,0,3
2025052500527,2025,052500527,2,9,0,2,2,0,0,0,0,0,0,4,0,0,2,1,6,6,3,-1,-1,-1,-1,-1,-1,-1,-1,0,-1
2025052500527,2025,052500527,3,9,0,2,2,0,0,0,0,0,0,0,0,0,2,1,6,6,3,-1,-1,-1,-1,-1,-1,-1,-1,0,-1
2025052500527,2025,052500527,1,9,0,18,19,3,7,0,0,0,1,4,0,0,1,1,6,6,1,23,5,-1,-1,-1,-1,2,E01007214,0,1
2025052500528,2025,052500528,1,90,0,18,19,1,5,0,0,0,0,0,0,0,1,1,6,6,3,-1,-1,-1,-1,-1,-1,-1,-1,0,-1
2025052500529,2025,052500529,1,9,0,11,11,8,4,0,0,1,0,0,0,0,4,1,6,6,3,-1,-1,-1,-1,-1,-1,-1,-1,0,-1
2025052500531,2025,052500531,2,9,0,18,19,5,1,0,0,8,0,0,1,4,3,1,5,6,1,40,7,-1,-1,-1,-1,3,E01006627,0,1
2025052500531,2025,052500531,1,9,0,18,19,3,7,0,0,6,0,0,0,0,1,1,5,6,1,20,4,-1,-1,-1,-1,1,E01006569,0,1
2025052500532,2025,052500532,1,9,0,18,19,6,2,0,0,0,0,4,0,0,1,1,5,6,2,18,4,-1,-1,-1,-1,7,E01007310,0,1
2025052500532,2025,052500532,2,9,0,2,2,0,0,0,0,0,0,0,0,0,1,1,5,6,3,-1,-1,-1,-1,-1,-1,-1,-1,0,-1