collision_index,collision_year,collision_ref_no,vehicle_reference,vehicle_type,towing_and_articulation,vehicle_manoeuvre_historic,vehicle_manoeuvre,vehicle_direction_from,vehicle_direction_to,vehicle_location_restricted_lane_historic,vehicle_location_restricted_lane,junction_location,skidding_and_overturning,hit_object_in_carriageway,vehicle_leaving_carriageway,hit_object_off_carriageway,first_point_of_impact,vehicle_left_hand_drive,journey_purpose_of_driver_historic,journey_purpose_of_driver,sex_of_driver,age_of_driver,age_band_of_driver,engine_capacity_cc,propulsion_code,age_of_vehicle,generic_make_model,driver_imd_decile,lsoa_of_driver,escooter_flag,driver_distance_banding
2025052500683,2025,052500683,1,9,0,1,1,5,1,0,0,1,0,0,0,0,2,1,6,6,3,-1,-1,-1,-1,-1,-1,-1,-1,0,-1
2025052500684,2025,052500684,1,3,0,18,19,7,3,0,0,0,0,0,0,0,1,1,2,2,1,35,6,-1,-1,-1,-1,1,E01033097,0,3
2025052500684,2025,052500684,2,9,0,18,19,7,3,0,0,0,0,0,0,0,2,1,2,2,1,37,7,-1,-1,-1,-1,7,E01025499,0,3
2025052500685,2025,052500685,1,9,0,18,19,5,1,0,0,1,0,0,0,0,1,1,5,6,2,65,9,-1,-1,-1,-1,9,E01006917,0,1
2025052500685,2025,052500685,2,9,0,18,19,5,1,0,0,1,0,0,0,0,2,1,5,6,2,53,8,-1,-1,-1,-1,4,E01006846,0,1
2025052500686,2025,052500686,1,9,0,18,19,3,7,0,0,8,0,0,0,0,4,1,2,2,2,42,7,-1,-1,-1,-1,1,E01006816,0,4
2025052500686,2025,052500686,2,9,0,18,19,5,1,0,0,1,0,0,0,0,1,1,5,6,2,41,7,-1,-1,-1,-1,6,E01006939,0,1
2025052500691,2025,052500691,2,3,0,18,19,5,1,0,0,1,0,0,0,0,3,1,5,6,1,19,4,-1,-1,-1,-1,8,E01006230,0,4
2025052500691,2025,052500691,1,9,0,18,19,5,1,0,0,1,0,0,0,0,4,1,1,1,1,44,7,-1,-1,-1,-1,9,E01012531,0,2
2025052500693,2025,052500693,2,9,0,18,19,6,2,0,0,8,0,0,7,0,4,1,5,6,2,68,10,-1,-1,-1,-1,8,E01006936,0,1
2025052500693,2025,052500693,1,9,0,18,19,8,4,0,0,8,0,0,0,0,1,1,5,6,2,29,6,-1,-1,-1,-1,2,E01006667,0,3
2025052500695,2025,052500695,1,5,0,-1,-1,-1,-1,0,0,0,-1,0,-1,0,-1,1,5,6,1,31,6,-1,-1,-1,-1,2,E01007141,0,1
2025052500696,2025,052500696,1,9,0,18,19,5,1,0,0,0,0,0,0,0,1,1,5,6,1,30,6,-1,-1,-1,-1,8,E01007002,0,4
2025052500696,2025,052500696,2,9,0,18,19,5,1,0,0,0,1,0,1,4,2,1,5,6,1,53,8,-1,-1,-1,-1,1,E01006871,0,2
2025052500697,2025,052500697,2,1,0,18,19,7,3,0,0,0,0,0,7,11,3,1,6,6,1,15,3,-1,-1,-1,-1,1,E01007209,0,1
2025052500697,2025,052500697,1,9,0,18,19,5,1,0,0,0,0,0,0,0,1,1,6,6,3,-1,-1,-1,-1,-1,-1,-1,-1,0,-1
2025052500698,2025,052500698,1,9,0,18,19,7,3,0,0,2,0,0,0,0,1,1,6,6,3,-1,-1,-1,-1,-1,-1,-1,-1,0,-1
2025052500699,2025,052500699,1,19,0,9,9,3,1,0,0,0,0,0,0,0,1,1,1,1,1,25,5,-1,-1,-1,-1,4,E01006897,0,3
2025052500699,2025,052500699,2,9,0,2,2,0,0,0,0,0,0,0,0,0,2,1,1,1,1,50,8,-1,-1,-1,-1,4,E01006641,0,2
2025052500701,2025,052500701,2,9,0,5,5,7,3,0,0,1,0,0,0,0,1,1,5,6,1,54,8,-1,-1,-1,-1,4,E01004785,0,4
2025052500701,2025,052500701,1,23,0,9,9,1,5,0,0,8,0,0,0,0,1,1,6,6,1,18,4,-1,-1,-1,-1,1,E01006779,0,1
2025052500702,2025,052500702,1,90,0,18,19,8,4,0,0,1,0,0,0,0,1,1,6,6,1,-1,-1,-1,-1,-1,-1,-1,-1,0,-1
2025052500703,2025,052500703,2,9,4,18,19,1,5,0,0,1,0,0,0,0,1,1,1,1,1,25,5,-1,-1,-1,-1,1,E01006653,0,1
2025052500703,2025,052500703,1,9,0,7,7,3,5,0,0,1,0,0,0,0,1,1,6,6,2,66,10,-1,-1,-1,-1,2,E01006624,0,2
2025052500703,2025,052500703,3,9,0,18,19,5,1,0,0,1,0,0,0,0,1,1,6,6,2,62,9,-1,-1,-1,-1,7,E01007043,0,1
2025052500704,2025,052500704,2,9,0,18,19,1,5,0,0,8,0,0,0,0,1,1,6,6,2,18,4,-1,-1,-1,-1,5,E01007069,0,1
2025052500704,2025,052500704,1,9,0,9,9,5,3,0,0,8,0,0,0,0,1,1,6,6,2,51,8,-1,-1,-1,-1,6,E01007045,0,1
2025052500706,2025,052500706,2,9,0,18,19,3,7,0,0,7,2,0,1,0,1,1,2,2,2,26,6,-1,-1,-1,-1,7,W01000331,0,4
2025052500706,2025,052500706,1,9,0,18,19,3,7,0,0,7,0,0,0,0,2,1,6,6,1,74,10,-1,-1,-1,-1,3,E01006246,0,3
2025052500706,2025,052500706,3,9,0,4,4,3,7,0,0,7,0,0,0,0,3,1,5,6,1,41,7,-1,-1,-1,-1,7,E01006303,0,3
2025052500707,2025,052500707,2,9,0,9,9,7,3,0,0,8,0,0,0,0,1,1,5,6,1,36,7,-1,-1,-1,-1,2,E01006845,0,1
2025052500707,2025,052500707,1,1,0,18,19,3,7,0,0,8,0,0,0,0,1,1,6,6,1,40,7,-1,-1,-1,-1,1,E01006834,0,2
2025052500708,2025,052500708,1,9,0,18,19,1,5,0,0,0,0,0,0,0,4,1,5,6,1,70,10,-1,-1,-1,-1,2,E01007136,0,1
2025052500708,2025,052500708,2,9,0,2,2,0,0,0,0,0,0,0,0,0,4,1,6,6,3,-1,-1,-1,-1,-1,-1,-1,-1,0,-1
2025052500708,2025,052500708,3,9,0,2,2,0,0,0,0,0,0,0,0,0,1,1,6,6,3,-1,-1,-1,-1,-1,-1,-1,-1,0,-1
2025052500709,2025,052500709,1,9,0,7,7,3,5,0,0,1,0,0,7,0,1,1,2,2,1,48,8,-1,-1,-1,-1,2,E01006415,0,2
2025052500709,2025,052500709,2,9,0,3,3,7,3,0,0,1,0,0,0,0,4,1,6,6,1,55,8,-1,-1,-1,-1,1,E01006746,0,1
2025052500710,2025,052500710,2,9,0,18,19,1,5,0,0,0,0,0,0,0,2,1,5,6,1,36,7,-1,-1,-1,-1,1,E01006767,0,1
2025052500710,2025,052500710,1,9,0,18,19,1,5,0,0,0,1,0,0,0,1,1,5,6,1,54,8,-1,-1,-1,-1,6,E01007246,0,2
2025052500711,2025,052500711,2,1,0,3,3,3,7,0,0,8,0,0,0,0,1,1,5,6,1,63,9,-1,-1,-1,-1,10,E01007188,0,2
2025052500711,2025,052500711,1,9,0,18,19,4,1,0,0,1,0,0,0,0,4,1,6,6,2,26,6,-1,-1,-1,-1,8,E01007260,0,1
2025052500715,2025,052500715,1,9,0,18,19,4,8,0,0,1,0,0,0,0,1,1,6,6,3,-1,-1,-1,-1,-1,-1,-1,-1,0,-1
2025052500716,2025,052500716,1,98,0,1,1,7,3,0,0,1,0,0,0,0,2,1,6,6,3,-1,-1,-1,-1,-1,-1,-1,-1,0,-1
2025052500717,2025,052500717,1,11,0,18,19,4,2,0,0,8,0,0,0,0,4,1,1,1,1,56,9,-1,-1,-1,-1,1,E01006737,0,2
2025052500718,2025,052500718,1,9,0,18,19,7,3,0,0,0,0,0,0,0,1,1,6,6,1,46,8,-1,-1,-1,-1,1,E01006873,0,1
2025052500720,2025,052500720,1,9,0,18,19,7,3,0,0,0,0,0,0,0,4,1,1,1,1,18,4,-1,-1,-1,-1,1,E01006739,0,1
2025052500721,2025,052500721,2,1,0,18,19,6,2,0,0,0,0,0,0,0,1,1,2,2,1,31,6,-1,-1,-1,-1,1,E01006647,0,1
2025052500721,2025,052500721,1,9,0,3,3,6,2,0,0,0,0,0,0,0,4,1,6,6,3,-1,-1,-1,-1,-1,-1,-1,-1,0,-1
2025052500725,2025,052500725,1,9,0,10,10,2,7,0,0,1,0,0,0,0,1,1,5,6,1,45,7,-1,-1,-1,-1,1,E01007092,0,1
2025052500725,2025,052500725,2,1,0,18,19,6,2,0,0,8,0,0,0,0,1,1,5,6,1,46,8,-1,-1,-1,-1,1,E01006981,0,1
2025052500727,2025,052500727,1,9,0,15,15,1,5,0,0,1,0,0,0,0,4,1,6,6,2,67,10,-1,-1,-1,-1,9,E01025533,0,2
2025052500727,2025,052500727,2,9,0,18,19,5,1,0,0,8,0,0,0,0,1,1,6,6,1,41,7,-1,-1,-1,-1,3,E01024933,0,4
2025052500727,2025,052500727,3,9,0,18,19,5,1,0,0,8,0,0,0,0,4,1,6,6,1,54,8,-1,-1,-1,-1,7,E01025507,0,1
2025052500728,2025,052500728,1,9,0,11,11,8,3,0,0,1,0,0,0,0,4,1,6,6,3,-1,-1,-1,-1,-1,-1,-1,-1,0,-1
2025052500728,2025,052500728,2,97,0,18,19,8,3,0,0,1,0,0,0,0,3,1,5,6,1,32,6,-1,-1,-1,-1,8,E01006684,0,1
2025052500730,2025,052500730,1,9,0,18,19,8,4,0,0,0,0,0,0,0,1,1,6,6,3,-1,-1,-1,-1,-1,-1,-1,-1,0,-1
2025052500730,2025,052500730,2,9,0,18,19,4,8,0,0,0,0,0,0,0,1,1,6,6,2,50,8,-1,-1,-1,-1,1,E01006963,0,1
2025052500731,2025,052500731,1,9,0,9,9,6,8,0,0,5,0,0,0,0,1,1,1,1,1,38,7,-1,-1,-1,-1,3,E01004854,0,4
2025052500731,2025,052500731,2,2,0,18,19,8,4,0,0,1,0,0,0,0,1,1,2,2,1,22,5,-1,-1,-1,-1,1,E01006766,0,2
2025052500732,2025,052500732,2,9,0,18,19,5,1,0,0,8,0,0,0,0,1,1,5,6,1,17,4,-1,-1,-1,-1,-1,-1,0,-1
2025052500732,2025,052500732,1,9,0,9,9,7,5,0,0,6,0,0,0,0,1,1,5,6,2,22,5,-1,-1,-1,-1,8,E01006476,0,1
2025052500734,2025,052500734,1,9,0,18,19,7,3,0,0,1,0,0,0,0,1,1,5,6,3,-1,-1,-1,-1,-1,-1,-1,-1,0,-1
2025052500734,2025,052500734,2,-1,-1,-1,-1,-1,-1,0,0,-1,-1,0,-1,0,-1,-1,-1,-1,1,38,7,-1,-1,-1,-1,1,E01006610,0,1
2025052500737,2025,052500737,2,9,0,7,7,7,3,0,0,8,0,0,0,0,4,1,5,6,2,38,7,-1,-1,-1,-1,4,E01007112,0,1
2025052500737,2025,052500737,1,5,0,18,19,7,3,0,0,8,0,0,1,11,3,1,5,6,1,32,6,-1,-1,-1,-1,2,E01007136,0,1
2025052500738,2025,052500738,2,9,0,8,8,7,3,0,0,1,0,0,0,0,2,1,5,6,1,41,7,-1,-1,-1,-1,8,E01011310,0,5
2025052500738,2025,052500738,1,9,0,18,19,7,3,0,0,1,0,0,0,0,1,1,5,6,2,29,6,-1,-1,-1,-1,-1,-1,0,-1
2025052500739,2025,052500739,1,9,0,18,19,5,1,0,0,6,0,0,0,0,1,1,5,6,1,33,6,-1,-1,-1,-1,6,E01006424,0,1
2025052500739,2025,052500739,2,9,0,18,19,3,7,0,0,8,0,0,0,0,1,1,5,6,2,66,10,-1,-1,-1,-1,1,E01006735,0,2
2025052500740,2025,052500740,2,1,0,18,19,1,5,0,0,0,0,0,0,0,3,1,6,6,1,45,7,-1,-1,-1,-1,3,E01006431,0,1
2025052500740,2025,052500740,1,9,0,7,7,1,3,0,0,0,0,0,0,0,4,1,6,6,1,-1,-1,-1,-1,-1,-1,-1,-1,0,-1
2025052500741,2025,052500741,1,8,0,5,5,4,8,0,0,8,0,0,0,0,4,1,1,1,3,-1,-1,-1,-1,-1,-1,-1,-1,0,-1
2025052500743,2025,052500743,1,9,0,14,14,7,3,0,0,0,0,0,0,0,1,1,6,6,3,-1,-1,-1,-1,-1,-1,-1,-1,0,-1
2025052500744,2025,052500744,1,9,0,3,3,5,1,0,0,1,0,0,0,0,1,1,5,6,2,33,6,-1,-1,-1,-1,2,E01006477,0,1
2025052500744,2025,052500744,2,9,0,7,7,5,1,0,0,1,0,0,0,0,4,1,5,6,1,44,7,-1,-1,-1,-1,1,E01006505,0,1
2025052500745,2025,052500745,2,9,0,18,19,7,3,0,0,0,0,0,0,0,1,1,5,6,1,45,7,-1,-1,-1,-1,1,E01034836,0,1
2025052500745,2025,052500745,1,90,0,18,19,5,1,0,0,0,0,0,0,0,1,1,5,6,2,19,4,-1,-1,-1,-1,1,E01007130,0,1
2025052500746,2025,052500746,1,9,0,18,19,7,3,0,0,0,2,0,0,0,1,1,5,6,3,-1,-1,-1,-1,-1,-1,-1,-1,0,-1
2025052500746,2025,052500746,2,9,0,18,19,7,3,0,0,0,1,0,0,0,2,1,5,6,1,55,8,-1,-1,-1,-1,6,E01006577,0,1
2025052500748,2025,052500748,1,9,0,1,1,5,1,0,0,0,0,0,0,0,2,1,1,1,3,43,7,-1,-1,-1,-1,1,E01005624,0,4
2025052500749,2025,052500749,2,19,0,2,2,0,0,0,0,0,0,0,0,0,2,1,5,6,3,-1,-1,-1,-1,-1,-1,-1,-1,0,-1
2025052500749,2025,052500749,1,9,0,18,19,6,2,0,0,0,0,4,0,0,1,1,5,6,2,75,10,-1,-1,-1,-1,2,E01006667,0,1
2025052500750,2025,052500750,2,1,0,13,13,8,3,0,0,1,0,0,0,0,1,1,6,6,1,-1,-1,-1,-1,-1,-1,2,E01006482,0,2
2025052500750,2025,052500750,1,9,0,9,9,8,5,0,0,1,0,0,0,0,3,1,6,6,2,27,6,-1,-1,-1,-1,1,E01032508,0,1
2025052500751,2025,052500751,1,9,0,18,19,4,8,0,0,0,1,0,2,10,1,1,5,6,1,32,6,-1,-1,-1,-1,5,E01007152,0,1
2025052500753,2025,052500753,2,9,0,7,7,5,1,0,0,5,0,0,1,1,2,1,6,6,1,43,7,-1,-1,-1,-1,9,E01018376,0,3
2025052500753,2025,052500753,1,9,0,18,19,5,1,0,0,1,0,0,0,0,1,1,2,2,1,32,6,-1,-1,-1,-1,7,E01007242,0,2
2025052500754,2025,052500754,1,8,0,6,6,6,6,0,0,0,0,0,0,0,1,1,1,1,1,68,10,-1,-1,-1,-1,2,E01006449,0,2
2025052500754,2025,052500754,2,1,0,18,19,2,6,0,0,0,0,0,0,0,1,1,1,1,1,33,6,-1,-1,-1,-1,1,E01006673,0,1
2025052500755,2025,052500755,1,8,0,18,19,7,3,0,0,0,0,0,0,0,1,1,6,6,3,-1,-1,-1,-1,-1,-1,-1,-1,0,-1
2025052500756,2025,052500756,1,9,0,5,5,7,3,0,0,1,0,0,0,0,1,1,6,6,1,26,6,-1,-1,-1,-1,1,E01006702,0,1
2025052500756,2025,052500756,2,9,0,18,19,4,8,0,0,1,0,0,0,0,1,1,5,6,2,57,9,-1,-1,-1,-1,5,E01006488,0,1
2025052500758,2025,052500758,1,9,0,17,19,8,5,0,0,8,1,10,1,4,1,1,5,6,1,51,8,-1,-1,-1,-1,1,E01006844,0,1
2025052500758,2025,052500758,2,9,0,8,8,2,6,0,0,1,0,0,1,0,3,1,5,6,1,46,8,-1,-1,-1,-1,1,E01006812,0,1
2025052500760,2025,052500760,1,9,0,18,19,5,1,0,0,0,0,0,0,0,1,1,1,1,2,-1,-1,-1,-1,-1,-1,-1,-1,0,-1
2025052500760,2025,052500760,2,9,0,18,19,5,1,0,0,0,0,0,0,0,2,1,6,6,2,29,6,-1,-1,-1,-1,3,E01034841,0,1
2025052500760,2025,052500760,3,9,0,18,19,1,5,0,0,0,0,0,0,0,1,1,6,6,2,25,5,-1,-1,-1,-1,3,E01007169,0,1
2025052500763,2025,052500763,2,9,0,3,3,1,5,0,0,1,0,0,0,0,2,1,1,1,1,47,8,-1,-1,-1,-1,1,E01006697,0,1
2025052500763,2025,052500763,1,9,0,18,19,1,5,0,0,1,0,0,0,0,1,1,6,6,3,-1,-1,-1,-1,-1,-1,-1,-1,0,-1
2025052500765,2025,052500765,1,9,0,5,5,3,7,0,0,1,0,0,0,0,1,1,6,6,2,36,7,-1,-1,-1,-1,1,E01006701,0,1
2025052500767,2025,052500767,2,9,0,4,4,6,2,0,0,1,0,0,0,0,3,1,6,6,2,29,6,-1,-1,-1,-1,5,E01006804,0,1
2025052500767,2025,052500767,1,9,0,7,7,3,6,0,0,5,0,0,0,0,1,1,6,6,2,50,8,-1,-1,-1,-1,7,E01006808,0,1
2025052500770,2025,052500770,1,9,0,18,19,3,7,0,0,1,0,0,0,0,3,1,5,6,2,36,7,-1,-1,-1,-1,3,E01007240,0,1
2025052500771,2025,052500771,2,9,0,18,19,3,7,0,0,0,0,0,0,0,4,1,5,6,1,18,4,-1,-1,-1,-1,5,E01006951,0,1
2025052500771,2025,052500771,1,1,0,18,19,5,1,0,0,0,0,0,0,0,1,1,5,6,1,36,7,-1,-1,-1,-1,1,E01033094,0,1
2025052500773,2025,052500773,1,23,0,18,19,6,2,0,0,0,0,0,0,0,1,1,6,6,1,12,3,-1,-1,-1,-1,1,E01007275,0,1
2025052500774,2025,052500774,2,9,0,18,19,7,3,0,0,1,0,0,3,1,1,1,6,6,3,-1,-1,-1,-1,-1,-1,-1,-1,0,-1
2025052500774,2025,052500774,1,9,0,18,19,1,5,0,0,1,0,0,2,6,3,1,6,6,2,54,8,-1,-1,-1,-1,8,E01024956,0,4
2025052500775,2025,052500775,2,9,0,9,9,3,5,0,0,1,0,0,0,0,4,1,5,6,1,19,4,-1,-1,-1,-1,1,E01006638,0,1
2025052500775,2025,052500775,1,9,0,18,19,3,7,0,0,1,0,0,0,0,1,1,5,6,1,31,6,-1,-1,-1,-1,1,E01006766,0,2
2025052500776,2025,052500776,1,9,0,18,19,7,3,0,0,0,0,0,0,0,1,1,5,6,2,65,9,-1,-1,-1,-1,1,E01006754,0,1
2025052500776,2025,052500776,2,19,0,2,2,0,0,0,0,0,0,0,0,0,1,1,5,6,3,-1,-1,-1,-1,-1,-1,-1,-1,0,-1
2025052500777,2025,052500777,1,1,0,18,19,5,1,0,0,1,0,0,0,0,1,1,6,6,1,11,3,-1,-1,-1,-1,1,E01007290,0,1
2025052500777,2025,052500777,2,9,0,5,5,7,3,0,0,1,0,0,0,0,4,1,5,6,2,44,7,-1,-1,-1,-1,5,E01007143,0,1
2025052500778,2025,052500778,1,9,0,18,19,7,3,0,0,0,0,0,0,0,1,1,5,6,3,-1,-1,-1,-1,-1,-1,-1,-1,0,-1
2025052500781,2025,052500781,1,9,0,5,5,5,1,0,0,1,0,0,0,0,1,1,6,6,2,50,8,-1,-1,-1,-1,2,E01006456,0,2
2025052500781,2025,052500781,2,9,0,18,19,3,7,0,0,1,0,0,0,0,4,1,5,6,1,52,8,-1,-1,-1,-1,1,E01006500,0,2
2025052500782,2025,052500782,1,9,0,18,19,1,5,0,0,0,0,0,0,0,1,1,5,6,3,-1,-1,-1,-1,-1,-1,-1,-1,0,-1
2025052500783,2025,052500783,1,8,0,18,19,1,5,0,0,1,0,0,0,0,1,1,1,1,1,22,5,-1,-1,-1,-1,1,E01004857,0,4
2025052500785,2025,052500785,2,19,0,2,2,0,0,0,0,0,0,0,0,0,2,1,5,6,3,-1,-1,-1,-1,-1,-1,-1,-1,0,-1
2025052500785,2025,052500785,1,9,0,18,19,3,7,0,0,0,0,0,0,0,1,1,6,6,1,71,10,-1,-1,-1,-1,2,E01007276,0,1
2025052500786,2025,052500786,1,9,0,9,9,5,1,0,0,8,0,0,0,0,4,1,5,6,1,46,8,-1,-1,-1,-1,1,E01006610,0,2
2025052500786,2025,052500786,2,9,0,18,19,1,5,0,0,1,0,0,1,11,1,1,5,6,2,22,5,-1,-1,-1,-1,3,E01006793,0,2
2025052500787,2025,052500787,1,9,0,16,19,1,5,0,0,0,2,0,5,6,3,1,2,2,1,58,9,-1,-1,-1,-1,6,E01007305,0,2
2025052500788,2025,052500788,1,9,0,18,19,3,7,0,0,0,0,0,0,0,1,1,5,6,3,-1,-1,-1,-1,-1,-1,-1,-1,0,-1
2025052500789,2025,052500789,2,19,0,2,2,0,0,0,0,0,0,0,0,0,1,1,5,6,3,-1,-1,-1,-1,-1,-1,-1,-1,0,-1
2025052500789,2025,052500789,1,19,0,18,19,1,5,0,0,0,0,0,7,4,1,1,2,2,1,56,9,-1,-1,-1,-1,2,E01006924,0,1
2025052500790,2025,052500790,1,8,0,5,5,3,7,0,0,0,0,0,0,0,0,1,1,1,1,-1,-1,-1,-1,-1,-1,-1,-1,0,-1
2025052500792,2025,052500792,2,9,0,2,2,0,0,0,0,0,0,0,0,0,2,1,5,6,1,33,6,-1,-1,-1,-1,2,E01018314,0,4
2025052500792,2025,052500792,1,9,0,18,19,8,4,0,0,0,0,0,0,0,1,1,6,6,1,54,8,-1,-1,-1,-1,10,E01001456,0,5
2025052500793,2025,052500793,2,9,0,18,19,6,2,0,0,8,0,0,0,0,3,1,6,6,1,-1,-1,-1,-1,-1,-1,10,E01018562,0,3
2025052500793,2025,052500793,1,9,0,11,11,6,2,0,0,8,0,0,0,0,4,1,6,6,3,-1,-1,-1,-1,-1,-1,-1,-1,0,-1
2025052500794,2025,052500794,1,1,0,18,19,5,1,0,0,0,0,0,0,0,1,1,6,6,3,-1,-1,-1,-1,-1,-1,-1,-1,0,-1
2025052500797,2025,052500797,1,1,0,18,19,6,2,0,0,0,0,0,0,0,0,1,6,6,1,9,2,-1,-1,-1,-1,5,E01006488,0,1
2025052500798,2025,052500798,1,9,0,5,5,7,3,0,0,1,0,0,0,0,1,1,6,6,1,27,6,-1,-1,-1,-1,3,E01007137,0,1
2025052500798,2025,052500798,2,8,0,18,19,5,1,0,0,1,0,0,0,0,4,1,1,1,1,35,6,-1,-1,-1,-1,1,E01007017,0,3
2025052500799,2025,052500799,2,8,0,18,19,7,3,0,0,1,0,0,0,0,4,1,1,1,1,29,6,-1,-1,-1,-1,8,E01034409,0,1
2025052500799,2025,052500799,1,9,0,9,9,1,7,0,0,6,0,0,0,0,1,1,2,2,2,25,5,-1,-1,-1,-1,7,E01007077,0,3
2025052500801,2025,052500801,1,4,0,11,11,5,3,0,0,0,0,0,0,0,1,1,6,6,1,52,8,-1,-1,-1,-1,2,E01004817,0,4
2025052500802,2025,052500802,1,5,0,16,19,5,7,0,0,0,1,0,0,0,3,1,6,6,1,34,6,-1,-1,-1,-1,1,E01007125,0,1
2025052500803,2025,052500803,1,9,0,5,5,1,5,0,0,1,0,0,0,0,1,1,5,6,2,26,6,-1,-1,-1,-1,2,E01006845,0,1
2025052500803,2025,052500803,2,9,0,18,19,7,3,0,0,8,0,0,0,0,1,1,5,6,2,39,7,-1,-1,-1,-1,4,E01006846,0,1
2025052500805,2025,052500805,2,9,0,18,19,3,7,0,0,0,0,0,0,0,4,1,5,6,2,47,8,-1,-1,-1,-1,3,E01006459,0,2
2025052500805,2025,052500805,1,9,0,1,1,5,1,0,0,0,0,0,0,0,2,1,5,6,1,22,5,-1,-1,-1,-1,3,E01006719,0,1
2025052500807,2025,052500807,1,9,0,18,19,1,5,0,0,0,0,0,0,0,1,1,3,7,2,71,10,-1,-1,-1,-1,1,E01006903,0,1
2025052500808,2025,052500808,1,11,0,4,4,8,4,0,0,1,0,0,0,0,0,1,1,1,1,42,7,-1,-1,-1,-1,-1,-1,0,-1
2025052500809,2025,052500809,1,9,0,1,1,6,2,0,0,0,0,0,0,0,2,1,6,6,1,-1,-1,-1,-1,-1,-1,-1,-1,0,-1
2025052500810,2025,052500810,1,9,0,5,5,3,7,0,0,1,0,0,0,0,1,1,6,6,2,33,6,-1,-1,-1,-1,3,E01006652,0,1
2025052500810,2025,052500810,2,1,0,18,19,1,5,0,0,1,0,0,0,0,1,1,6,6,1,15,3,-1,-1,-1,-1,2,E01006492,0,1
2025052500811,2025,052500811,2,9,0,9,9,3,7,0,0,6,0,0,0,0,0,1,2,2,2,45,7,-1,-1,-1,-1,1,E01006692,0,1
2025052500811,2025,052500811,3,9,0,2,2,0,0,0,0,1,0,0,0,0,3,1,5,6,1,82,11,-1,-1,-1,-1,4,E01006617,0,1
2025052500811,2025,052500811,1,9,0,18,19,6,2,0,0,1,0,4,0,0,1,1,2,2,1,54,8,-1,-1,-1,-1,4,E01006640,0,1
2025052500812,2025,052500812,2,3,0,18,19,2,6,0,0,1,1,0,0,0,0,1,6,6,1,63,9,-1,-1,-1,-1,10,E01025468,0,4
2025052500812,2025,052500812,1,9,0,9,9,6,4,0,0,1,0,0,0,0,0,1,5,6,2,66,10,-1,-1,-1,-1,9,E01007184,0,2
2025052500814,2025,052500814,1,3,0,18,19,8,4,0,0,0,0,0,0,0,3,1,5,6,1,30,6,-1,-1,-1,-1,1,E01006875,0,1
2025052500814,2025,052500814,2,10,0,18,19,4,8,0,0,0,0,0,0,0,0,1,1,1,1,-1,-1,-1,-1,-1,-1,-1,-1,0,-1
2025052500815,2025,052500815,2,9,0,18,19,1,5,0,0,1,0,0,0,0,1,1,1,1,1,23,5,-1,-1,-1,-1,1,E01006547,0,1
2025052500815,2025,052500815,1,9,0,9,9,5,3,0,0,5,0,0,0,0,1,1,5,6,2,36,7,-1,-1,-1,-1,1,E01006764,0,1
2025052500817,2025,052500817,2,9,0,18,19,1,5,0,0,1,0,0,0,0,1,1,5,6,1,57,9,-1,-1,-1,-1,1,E01006632,0,1
2025052500817,2025,052500817,1,9,0,9,9,4,8,0,0,6,0,0,0,0,3,1,1,1,2,39,7,-1,-1,-1,-1,1,E01006552,0,1
2025052500820,2025,052500820,1,21,1,7,7,7,1,0,0,8,0,0,0,0,4,1,2,2,1,34,6,-1,-1,-1,-1,1,E01006847,0,1
2025052500821,2025,052500821,2,1,0,18,19,7,3,0,0,8,0,0,0,0,4,1,4,7,1,12,3,-1,-1,-1,-1,1,E01007293,0,1
2025052500821,2025,052500821,1,9,0,7,7,3,5,0,0,1,0,0,0,0,4,1,6,6,3,-1,-1,-1,-1,-1,-1,-1,-1,0,-1
2025052500822,2025,052500822,1,9,0,18,19,7,3,0,0,0,0,0,0,0,4,1,6,6,3,-1,-1,-1,-1,-1,-1,-1,-1,0,-1
2025052500823,2025,052500823,1,9,0,18,19,5,1,0,0,1,0,0,0,0,1,1,6,6,3,-1,-1,-1,-1,-1,-1,-1,-1,0,-1
2025052500823,2025,052500823,2,9,0,3,3,1,5,0,0,1,0,0,0,0,2,1,6,6,2,23,5,-1,-1,-1,-1,1,E01006448,0,2
2025052500824,2025,052500824,2,9,0,18,19,5,1,0,0,8,0,0,0,0,4,1,5,6,2,43,7,-1,-1,-1,-1,1,E01006504,0,2
2025052500824,2025,052500824,1,9,0,6,6,7,7,0,0,8,0,0,0,0,1,1,1,1,1,-1,-1,-1,-1,-1,-1,-1,-1,0,-1
2025052500825,2025,052500825,1,19,0,18,19,7,3,0,0,0,0,0,0,0,0,1,6,6,3,-1,-1,-1,-1,-1,-1,-1,-1,0,-1
2025052500827,2025,052500827,1,1,0,7,7,3,1,0,0,3,0,0,0,0,1,1,5,6,1,50,8,-1,-1,-1,-1,1,E01007228,0,1
2025052500828,2025,052500828,1,23,0,18,19,1,6,0,0,0,0,0,0,0,1,1,5,6,1,35,6,-1,-1,-1,-1,1,E01006564,0,1
2025052500828,2025,052500828,2,9,0,18,19,7,3,0,0,0,0,0,0,0,1,1,2,2,2,24,5,-1,-1,-1,-1,7,E01025473,0,3
2025052500829,2025,052500829,1,19,0,18,19,1,5,0,0,0,0,0,0,0,1,1,2,2,1,72,10,-1,-1,-1,-1,7,E01006947,0,1