collision_index,collision_year,collision_ref_no,vehicle_reference,vehicle_type,towing_and_articulation,vehicle_manoeuvre_historic,vehicle_manoeuvre,vehicle_direction_from,vehicle_direction_to,vehicle_location_restricted_lane_historic,vehicle_location_restricted_lane,junction_location,skidding_and_overturning,hit_object_in_carriageway,vehicle_leaving_carriageway,hit_object_off_carriageway,first_point_of_impact,vehicle_left_hand_drive,journey_purpose_of_driver_historic,journey_purpose_of_driver,sex_of_driver,age_of_driver,age_band_of_driver,engine_capacity_cc,propulsion_code,age_of_vehicle,generic_make_model,driver_imd_decile,lsoa_of_driver,escooter_flag,driver_distance_banding
2025052500830,2025,052500830,1,9,0,5,5,7,3,0,0,4,0,0,0,0,1,1,5,6,1,40,7,-1,-1,-1,-1,5,E01006942,0,2
2025052500831,2025,052500831,1,9,0,9,9,5,3,0,0,8,0,0,0,0,4,1,6,6,1,61,9,-1,-1,-1,-1,5,E01006142,0,4
2025052500831,2025,052500831,2,9,0,18,19,1,5,0,0,8,0,0,0,0,1,1,6,6,1,36,7,-1,-1,-1,-1,1,E01034401,0,1
2025052500833,2025,052500833,3,9,0,18,19,4,6,0,0,0,0,0,0,0,1,1,5,6,2,27,6,-1,-1,-1,-1,8,E01007165,0,1
2025052500833,2025,052500833,1,9,0,18,19,8,2,0,0,0,0,0,0,0,1,1,5,6,2,33,6,-1,-1,-1,-1,6,E01007307,0,3
2025052500833,2025,052500833,2,9,0,18,19,4,6,0,0,0,0,0,0,0,3,1,5,6,1,-1,-1,-1,-1,-1,-1,8,E01007170,0,1
2025052500834,2025,052500834,1,4,0,17,19,2,6,0,0,0,0,0,1,4,3,1,5,6,1,29,6,-1,-1,-1,-1,2,E01006655,0,1
2025052500835,2025,052500835,1,9,0,18,19,3,7,0,0,0,0,0,0,0,3,1,5,6,2,29,6,-1,-1,-1,-1,5,E01006669,0,1
2025052500836,2025,052500836,1,9,0,18,19,1,5,0,0,0,0,0,0,0,1,1,6,6,2,72,10,-1,-1,-1,-1,6,E01006794,0,2
2025052500838,2025,052500838,1,9,0,5,5,8,6,0,0,1,0,0,0,0,1,1,5,6,3,-1,-1,-1,-1,-1,-1,-1,-1,0,-1
2025052500838,2025,052500838,2,3,0,9,9,8,6,0,0,1,0,0,0,0,3,1,5,6,1,35,6,-1,-1,-1,-1,1,E01006673,0,1
2025052500839,2025,052500839,1,8,0,5,5,3,7,0,0,1,0,0,0,0,4,1,1,1,3,-1,-1,-1,-1,-1,-1,-1,-1,0,-1
2025052500840,2025,052500840,2,90,0,18,19,2,6,0,0,1,0,0,0,0,1,1,6,6,1,43,7,-1,-1,-1,-1,1,E01006761,0,1
2025052500840,2025,052500840,1,9,0,5,5,1,4,0,0,1,0,0,0,0,1,1,3,7,2,38,7,-1,-1,-1,-1,1,E01006607,0,1
2025052500841,2025,052500841,1,97,0,18,19,7,3,0,0,8,0,0,0,0,1,1,6,6,1,18,4,-1,-1,-1,-1,5,E01033799,0,1
2025052500841,2025,052500841,2,9,0,9,9,5,3,0,0,8,0,0,0,0,3,1,5,6,3,-1,-1,-1,-1,-1,-1,-1,-1,0,-1
2025052500842,2025,052500842,2,9,0,18,19,5,1,0,0,0,0,0,0,0,1,1,6,6,1,38,7,-1,-1,-1,-1,9,E01012500,0,2
2025052500842,2025,052500842,1,9,0,18,19,1,5,0,0,0,0,0,0,0,1,1,6,6,2,56,9,-1,-1,-1,-1,1,E01006849,0,2
2025052500843,2025,052500843,1,9,0,17,19,5,2,0,0,0,0,0,0,0,1,1,6,6,2,58,9,-1,-1,-1,-1,1,E01006458,0,1
2025052500843,2025,052500843,2,97,0,16,19,2,5,0,0,0,0,0,0,0,1,1,5,6,1,23,5,-1,-1,-1,-1,1,E01006494,0,1
2025052500844,2025,052500844,2,9,0,18,19,3,7,0,0,0,0,0,0,0,3,1,5,6,2,32,6,-1,-1,-1,-1,1,E01006572,0,1
2025052500844,2025,052500844,1,1,0,18,19,1,5,0,0,0,0,0,0,0,1,1,5,6,1,15,3,-1,-1,-1,-1,1,E01006708,0,1
2025052500845,2025,052500845,1,9,0,1,1,5,1,0,0,0,0,0,0,0,2,1,5,6,2,58,9,-1,-1,-1,-1,7,E01006683,0,1
2025052500851,2025,052500851,1,97,0,18,19,1,5,0,0,0,0,0,0,0,2,1,6,6,3,-1,-1,-1,-1,-1,-1,-1,-1,0,-1
2025052500851,2025,052500851,2,1,0,5,5,1,5,0,0,0,0,0,0,0,2,1,2,2,1,54,8,-1,-1,-1,-1,1,E01006877,0,1
2025052500852,2025,052500852,2,90,0,18,19,5,1,0,0,0,0,0,0,0,1,1,5,6,2,13,3,-1,-1,-1,-1,1,E01006455,0,1
2025052500852,2025,052500852,1,8,0,18,19,5,1,0,0,0,0,0,0,0,1,1,2,2,1,35,6,-1,-1,-1,-1,-1,-1,0,-1
2025052500853,2025,052500853,1,1,0,18,19,2,6,0,0,0,0,0,0,0,1,1,6,6,3,-1,-1,-1,-1,-1,-1,-1,-1,0,-1
2025052500854,2025,052500854,1,9,0,12,12,8,4,0,0,1,0,0,0,0,0,1,6,6,3,-1,-1,-1,-1,-1,-1,-1,-1,0,-1
2025052500854,2025,052500854,2,9,0,14,14,8,4,0,0,1,0,0,0,0,0,1,6,6,2,59,9,-1,-1,-1,-1,1,E01006560,0,1
2025052500855,2025,052500855,1,9,0,18,19,8,4,0,0,0,0,0,0,0,1,1,6,6,3,-1,-1,-1,-1,-1,-1,-1,-1,0,-1
2025052500855,2025,052500855,2,1,0,18,19,8,4,0,0,0,0,0,0,0,2,1,6,6,1,74,10,-1,-1,-1,-1,-1,-1,0,-1
2025052500856,2025,052500856,1,11,0,4,4,7,3,0,0,0,0,0,0,0,0,1,1,1,1,-1,-1,-1,-1,-1,-1,-1,-1,0,-1
2025052500857,2025,052500857,1,9,0,18,19,7,3,0,0,1,0,0,0,0,1,1,6,6,1,-1,-1,-1,-1,-1,-1,-1,-1,0,-1
2025052500858,2025,052500858,3,9,0,2,2,0,0,0,0,0,0,0,0,0,2,1,5,6,3,-1,-1,-1,-1,-1,-1,-1,-1,0,-1
2025052500858,2025,052500858,1,9,0,18,19,3,7,0,0,0,0,0,0,0,3,1,5,6,1,36,7,-1,-1,-1,-1,1,E01006735,0,1
2025052500858,2025,052500858,2,3,0,18,19,3,7,0,0,0,0,0,1,0,2,1,5,6,1,35,6,-1,-1,-1,-1,1,E01006735,0,1
2025052500859,2025,052500859,1,9,0,18,19,5,1,0,0,0,0,0,0,0,1,1,2,2,1,24,5,-1,-1,-1,-1,9,E01007025,0,1
2025052500860,2025,052500860,2,9,0,3,3,3,7,0,0,0,0,0,0,0,2,1,2,2,1,26,6,-1,-1,-1,-1,1,E01006874,0,3
2025052500860,2025,052500860,1,19,0,18,19,3,7,0,0,0,0,4,0,0,1,1,2,2,1,45,7,-1,-1,-1,-1,7,E01007105,0,3
2025052500861,2025,052500861,1,9,0,1,1,1,5,0,0,0,0,0,0,0,2,1,6,6,1,31,6,-1,-1,-1,-1,5,E01006840,0,2
2025052500862,2025,052500862,1,9,0,10,10,5,3,0,0,1,0,0,0,0,1,1,2,2,2,32,6,-1,-1,-1,-1,6,E01006949,0,1
2025052500862,2025,052500862,2,9,0,5,5,3,7,0,0,1,0,0,0,0,1,1,2,2,2,27,6,-1,-1,-1,-1,4,E01007001,0,1
2025052500863,2025,052500863,1,9,0,5,5,6,2,0,0,0,0,0,0,0,1,1,5,6,3,-1,-1,-1,-1,-1,-1,-1,-1,0,-1
2025052500865,2025,052500865,2,1,0,18,19,7,3,0,0,0,0,0,0,0,1,1,5,6,1,39,7,-1,-1,-1,-1,1,E01007007,0,1
2025052500865,2025,052500865,1,9,0,18,19,1,5,0,0,0,0,0,0,0,3,1,2,2,2,34,6,-1,-1,-1,-1,1,E01006493,0,2
2025052500868,2025,052500868,3,9,0,4,4,5,1,0,0,0,0,0,0,0,2,1,2,2,2,48,8,-1,-1,-1,-1,3,E01006959,0,3
2025052500868,2025,052500868,2,9,0,4,4,5,1,0,0,0,0,0,0,0,2,1,2,2,2,55,8,-1,-1,-1,-1,1,E01006541,0,3
2025052500868,2025,052500868,1,9,0,18,19,5,1,0,0,0,0,0,0,0,1,1,6,6,1,49,8,-1,-1,-1,-1,1,E01006429,0,1
2025052500869,2025,052500869,1,3,0,18,19,3,5,0,0,8,0,0,0,0,3,1,6,6,1,44,7,-1,-1,-1,-1,8,E01006580,0,1
2025052500869,2025,052500869,2,9,0,18,19,1,5,0,0,8,0,0,0,0,1,1,6,6,2,57,9,-1,-1,-1,-1,3,E01006587,0,1
2025052500871,2025,052500871,2,90,0,18,19,1,5,0,0,0,0,0,0,0,1,1,5,6,1,43,7,-1,-1,-1,-1,8,E01007888,0,4
2025052500871,2025,052500871,1,9,0,18,19,5,1,0,0,0,0,0,0,0,4,1,1,1,1,-1,-1,-1,-1,-1,-1,1,E01006678,0,1
2025052500872,2025,052500872,2,9,0,18,19,7,3,0,0,0,0,0,0,0,3,1,5,6,2,38,7,-1,-1,-1,-1,5,E01006465,0,1
2025052500872,2025,052500872,1,21,4,11,11,7,3,0,0,0,0,0,0,0,1,1,1,1,3,-1,-1,-1,-1,-1,-1,-1,-1,0,-1
2025052500872,2025,052500872,3,19,0,18,19,7,3,0,0,0,0,0,0,0,4,1,2,2,3,-1,-1,-1,-1,-1,-1,-1,-1,0,-1
2025052500873,2025,052500873,1,90,0,18,19,2,6,0,0,0,0,0,0,0,1,1,2,2,1,28,6,-1,-1,-1,-1,5,E01033762,0,1
2025052500874,2025,052500874,1,1,0,18,19,5,1,0,0,0,0,0,0,0,1,1,6,6,1,17,4,-1,-1,-1,-1,1,E01007269,0,1
2025052500876,2025,052500876,1,90,0,18,19,6,2,0,0,0,0,0,0,0,0,1,5,6,1,14,3,-1,-1,-1,-1,1,E01006607,0,1
2025052500877,2025,052500877,2,20,0,18,19,7,3,0,0,0,0,0,0,0,2,1,1,1,1,66,10,-1,-1,-1,-1,5,E01006491,0,3
2025052500877,2025,052500877,3,9,0,3,3,7,3,0,0,0,0,0,0,0,4,1,5,6,3,-1,-1,-1,-1,-1,-1,-1,-1,0,-1
2025052500877,2025,052500877,1,9,0,18,19,7,3,0,0,0,0,0,0,0,1,1,5,6,2,84,11,-1,-1,-1,-1,1,E01007175,0,1
2025052500879,2025,052500879,1,9,0,18,19,3,7,0,0,0,0,0,0,0,3,1,2,2,1,54,8,-1,-1,-1,-1,1,E01006776,0,1
2025052500880,2025,052500880,1,8,0,18,19,2,4,0,0,6,0,0,0,0,1,1,1,1,1,52,8,-1,-1,-1,-1,1,E01005024,0,4
2025052500880,2025,052500880,2,9,0,18,19,1,5,0,0,1,5,0,0,0,3,1,5,6,2,40,7,-1,-1,-1,-1,7,E01025507,0,2
2025052500881,2025,052500881,1,19,0,16,19,7,3,0,0,0,0,0,0,0,1,1,5,6,1,30,6,-1,-1,-1,-1,2,E01006496,0,1
2025052500881,2025,052500881,2,9,0,17,19,3,7,0,0,0,5,0,0,0,3,1,2,2,1,59,9,-1,-1,-1,-1,3,E01006543,0,3
2025052500882,2025,052500882,2,11,0,18,19,1,5,0,0,8,0,0,0,0,4,1,1,1,1,70,10,-1,-1,-1,-1,1,E01006691,0,1
2025052500882,2025,052500882,1,8,0,7,7,7,1,0,0,6,0,0,1,10,3,1,1,1,1,35,6,-1,-1,-1,-1,2,E01006522,0,1
2025052500884,2025,052500884,1,9,0,18,19,7,3,0,0,0,0,0,1,7,1,1,5,6,2,20,4,-1,-1,-1,-1,10,E01018658,0,4
2025052500886,2025,052500886,2,3,0,18,19,5,1,0,0,0,0,0,0,0,1,1,6,6,1,19,4,-1,-1,-1,-1,3,E01006925,0,1
2025052500886,2025,052500886,1,9,0,9,9,5,7,0,0,0,0,0,0,0,1,2,6,6,1,64,9,-1,-1,-1,-1,9,E01007032,0,1
2025052500886,2025,052500886,3,19,0,2,2,0,0,0,0,0,0,0,0,0,2,1,6,6,3,-1,-1,-1,-1,-1,-1,-1,-1,0,-1
2025052500887,2025,052500887,1,9,0,18,19,5,1,0,0,1,0,0,0,0,3,1,5,6,2,48,8,-1,-1,-1,-1,1,E01006770,0,1
2025052500887,2025,052500887,2,9,0,9,9,7,5,0,0,1,0,0,0,0,1,1,5,6,2,62,9,-1,-1,-1,-1,5,E01006472,0,1
2025052500890,2025,052500890,2,1,0,18,19,1,5,0,0,1,0,0,0,0,3,1,5,6,3,-1,-1,-1,-1,-1,-1,-1,-1,0,-1
2025052500890,2025,052500890,1,9,0,9,9,3,7,0,0,1,0,0,0,0,1,1,1,1,1,23,5,-1,-1,-1,-1,1,E01007290,0,1
2025052500892,2025,052500892,2,9,0,18,19,3,7,0,0,1,0,0,0,0,2,1,5,6,1,50,8,-1,-1,-1,-1,4,E01019168,0,4
2025052500892,2025,052500892,1,9,0,18,19,3,7,0,0,1,0,0,0,0,1,1,5,6,2,28,6,-1,-1,-1,-1,1,E01007087,0,1
2025052500893,2025,052500893,2,1,0,18,19,1,5,0,0,1,0,0,0,0,3,1,5,6,1,33,6,-1,-1,-1,-1,2,E01006966,0,1
2025052500893,2025,052500893,1,9,0,7,7,1,4,0,0,1,0,0,0,0,4,1,6,6,1,-1,-1,-1,-1,-1,-1,-1,-1,0,-1
2025052500894,2025,052500894,1,9,0,5,5,1,5,0,0,1,0,0,0,0,1,1,6,6,3,-1,-1,-1,-1,-1,-1,-1,-1,0,-1
2025052500894,2025,052500894,2,1,0,18,19,7,3,0,0,1,0,0,0,0,1,1,6,6,2,54,8,-1,-1,-1,-1,5,E01006512,0,1
2025052500895,2025,052500895,2,1,0,18,19,7,3,0,0,8,0,0,0,0,3,1,6,6,1,45,7,-1,-1,-1,-1,1,E01007122,0,1
2025052500895,2025,052500895,1,19,0,11,11,7,3,0,0,8,0,0,0,0,4,1,1,1,3,-1,-1,-1,-1,-1,-1,-1,-1,0,-1
2025052500896,2025,052500896,1,8,0,18,19,7,3,0,0,0,0,0,0,0,1,1,1,1,3,-1,-1,-1,-1,-1,-1,-1,-1,0,-1
2025052500897,2025,052500897,1,19,0,18,19,8,4,0,0,0,0,0,0,0,4,1,6,6,3,-1,-1,-1,-1,-1,-1,-1,-1,0,-1
2025052500898,2025,052500898,1,9,0,18,19,5,8,0,0,0,0,0,0,0,1,1,6,6,3,-1,-1,-1,-1,-1,-1,-1,-1,0,-1
2025052500899,2025,052500899,2,8,0,5,5,1,5,0,0,8,0,0,0,0,4,1,5,6,1,35,6,-1,-1,-1,-1,3,E01002672,0,5
2025052500899,2025,052500899,1,1,0,18,19,3,7,0,0,8,0,0,0,0,1,1,5,6,1,16,4,-1,-1,-1,-1,1,E01033763,0,1
2025052500901,2025,052500901,1,9,0,18,19,7,3,0,0,0,0,0,0,0,1,1,5,6,2,78,11,-1,-1,-1,-1,1,E01006660,0,1
2025052500902,2025,052500902,2,1,0,18,19,7,3,0,0,1,0,0,0,0,1,1,5,6,1,20,4,-1,-1,-1,-1,1,E01007005,0,2
2025052500902,2025,052500902,1,9,0,5,5,1,5,0,0,1,0,0,0,0,3,1,6,6,3,-1,-1,-1,-1,-1,-1,-1,-1,0,-1
2025052500903,2025,052500903,3,9,0,12,12,6,2,0,0,0,0,0,0,0,2,1,5,6,1,49,8,-1,-1,-1,-1,8,E01025277,0,4
2025052500903,2025,052500903,2,9,0,18,19,6,2,0,0,0,0,0,0,0,1,1,5,6,1,40,7,-1,-1,-1,-1,1,E01006736,0,3
2025052500903,2025,052500903,1,9,0,18,19,2,6,0,0,0,0,0,0,0,0,1,6,6,3,-1,-1,-1,-1,-1,-1,-1,-1,0,-1
2025052500905,2025,052500905,1,1,0,18,19,3,7,0,0,8,0,0,0,0,1,1,6,6,1,21,5,-1,-1,-1,-1,2,E01006751,0,2
2025052500907,2025,052500907,1,5,0,16,19,5,1,0,0,7,0,10,0,0,3,1,5,6,1,49,8,-1,-1,-1,-1,1,E01007215,0,1
2025052500909,2025,052500909,1,9,0,18,19,8,2,0,0,1,0,0,0,0,1,1,6,6,3,-1,-1,-1,-1,-1,-1,-1,-1,0,-1
2025052500909,2025,052500909,2,90,0,18,19,6,2,0,0,1,0,0,0,0,4,1,2,2,1,45,7,-1,-1,-1,-1,1,E01006614,0,1
2025052500911,2025,052500911,1,19,0,5,5,1,5,0,0,1,0,0,0,0,4,1,6,6,1,45,7,-1,-1,-1,-1,7,E01006689,0,2
2025052500912,2025,052500912,1,1,0,18,19,3,7,0,0,8,0,0,0,0,1,1,5,6,1,20,4,-1,-1,-1,-1,-1,-1,0,-1
2025052500912,2025,052500912,2,9,0,8,8,1,5,0,0,8,0,0,0,0,4,1,2,2,1,52,8,-1,-1,-1,-1,1,E01006660,0,1
2025052500915,2025,052500915,2,9,0,5,5,7,3,0,0,1,0,0,0,0,3,1,1,1,1,45,7,-1,-1,-1,-1,1,E01006771,0,1
2025052500915,2025,052500915,1,9,0,5,5,5,1,0,0,1,0,0,0,0,1,1,2,2,1,45,7,-1,-1,-1,-1,8,E01012410,0,3
2025052500916,2025,052500916,2,1,0,18,19,3,7,0,0,8,0,0,0,0,1,1,2,2,1,54,8,-1,-1,-1,-1,7,E01006579,0,1
2025052500916,2025,052500916,1,9,0,9,9,7,3,0,0,8,0,0,0,0,1,1,2,2,1,42,7,-1,-1,-1,-1,7,E01006589,0,1
2025052500918,2025,052500918,1,9,0,5,5,1,5,0,0,1,0,0,0,0,1,1,6,6,3,-1,-1,-1,-1,-1,-1,-1,-1,0,-1
2025052500918,2025,052500918,2,9,0,18,19,3,7,0,0,1,0,0,0,0,4,1,6,6,2,25,5,-1,-1,-1,-1,7,E01001093,0,5
2025052500920,2025,052500920,1,9,0,9,9,1,3,0,0,8,0,0,0,0,1,1,2,2,1,50,8,-1,-1,-1,-1,1,E01007127,0,1
2025052500920,2025,052500920,2,1,0,17,19,3,5,0,0,8,0,0,0,0,1,1,5,6,1,-1,-1,-1,-1,-1,-1,5,E01007163,0,1
2025052500921,2025,052500921,2,9,0,2,2,0,0,0,0,0,0,0,0,0,3,1,5,6,3,-1,-1,-1,-1,-1,-1,-1,-1,0,-1
2025052500921,2025,052500921,1,9,0,13,13,8,4,0,0,0,0,0,0,0,4,1,6,6,3,-1,-1,-1,-1,-1,-1,-1,-1,0,-1
2025052500923,2025,052500923,1,19,0,18,19,1,5,0,0,0,0,0,0,0,1,1,6,6,1,49,8,-1,-1,-1,-1,6,E01007225,0,3
2025052500923,2025,052500923,2,9,0,18,19,1,5,0,0,0,0,0,0,0,2,1,6,6,3,-1,-1,-1,-1,-1,-1,-1,-1,0,-1
2025052500924,2025,052500924,1,19,0,18,19,5,1,0,0,0,0,0,0,0,1,1,1,1,1,60,9,-1,-1,-1,-1,7,E01006829,0,3
2025052500924,2025,052500924,2,19,0,3,3,5,1,0,0,0,0,0,0,0,2,1,1,1,1,26,6,-1,-1,-1,-1,1,E01006638,0,2
2025052500924,2025,052500924,3,9,0,3,3,5,1,0,0,0,0,0,0,0,2,1,5,6,1,74,10,-1,-1,-1,-1,1,E01006478,0,3
2025052500926,2025,052500926,1,8,0,9,9,3,7,0,0,8,0,0,0,0,1,1,1,1,1,48,8,-1,-1,-1,-1,1,E01006692,0,1
2025052500927,2025,052500927,1,9,0,18,19,5,1,0,0,0,5,0,0,0,1,1,5,6,2,29,6,-1,-1,-1,-1,3,E01007000,0,1
2025052500927,2025,052500927,2,9,0,2,2,0,0,0,0,0,0,0,0,0,2,1,5,6,3,-1,-1,-1,-1,-1,-1,-1,-1,0,-1
2025052500928,2025,052500928,2,9,0,17,19,7,3,0,0,0,0,0,0,0,1,1,5,6,1,28,6,-1,-1,-1,-1,3,E01007302,0,1
2025052500928,2025,052500928,1,19,0,16,19,3,7,0,0,0,0,0,0,0,1,1,5,6,1,38,7,-1,-1,-1,-1,9,E01007258,0,1
2025052500931,2025,052500931,2,9,0,18,19,7,3,0,0,3,1,0,0,0,4,2,1,1,2,54,8,-1,-1,-1,-1,1,E01006812,0,1
2025052500931,2025,052500931,1,9,0,18,19,1,5,0,0,4,0,0,0,0,1,2,6,6,1,33,6,-1,-1,-1,-1,6,E01006911,0,1
2025052500932,2025,052500932,1,9,0,6,6,8,8,0,0,8,0,0,0,0,1,1,6,6,2,58,9,-1,-1,-1,-1,5,E01006669,0,1
2025052500933,2025,052500933,1,9,0,18,19,8,4,0,0,0,0,0,0,0,1,1,6,6,2,78,11,-1,-1,-1,-1,5,E01006840,0,1
2025052500934,2025,052500934,2,1,0,18,19,1,5,0,0,1,0,0,0,0,3,1,4,7,1,12,3,-1,-1,-1,-1,1,E01007008,0,1
2025052500934,2025,052500934,1,9,0,18,19,7,3,0,0,1,0,0,0,0,1,1,6,6,2,57,9,-1,-1,-1,-1,3,E01025065,0,4
2025052500935,2025,052500935,1,2,0,18,19,1,5,0,0,1,0,0,0,0,1,1,5,6,1,17,4,-1,-1,-1,-1,2,E01006712,0,1
2025052500937,2025,052500937,1,9,0,18,19,1,5,0,0,1,0,0,0,0,1,1,5,6,1,74,10,-1,-1,-1,-1,5,E01006488,0,1
2025052500937,2025,052500937,2,9,0,18,19,7,3,0,0,1,0,0,0,0,1,1,2,2,1,50,8,-1,-1,-1,-1,9,E01006524,0,1
2025052500938,2025,052500938,1,19,0,18,19,3,1,0,0,8,0,0,0,0,1,1,1,1,1,44,7,-1,-1,-1,-1,1,E01006599,0,3
2025052500940,2025,052500940,1,9,0,18,19,5,1,0,0,1,0,0,0,0,3,1,2,2,1,24,5,-1,-1,-1,-1,2,E01007054,0,2
2025052500943,2025,052500943,2,9,0,18,19,7,3,0,0,8,0,0,0,0,3,1,5,6,1,54,8,-1,-1,-1,-1,9,E01006264,0,1
2025052500943,2025,052500943,3,9,0,3,3,1,5,0,0,2,0,0,0,0,1,1,5,6,1,33,6,-1,-1,-1,-1,2,E01004871,0,3
2025052500943,2025,052500943,1,9,0,18,19,5,1,0,0,4,0,0,1,0,1,1,5,6,1,41,7,-1,-1,-1,-1,3,E01006272,0,2
2025052500944,2025,052500944,2,9,0,18,19,3,7,0,0,8,0,0,0,0,4,1,5,6,1,54,8,-1,-1,-1,-1,1,E01006549,0,1
2025052500944,2025,052500944,1,9,0,7,7,3,7,0,0,1,0,0,0,0,1,1,5,6,2,51,8,-1,-1,-1,-1,1,E01034397,0,2
2025052500948,2025,052500948,1,8,0,18,19,2,8,0,0,1,0,0,0,0,4,1,1,1,1,24,5,-1,-1,-1,-1,2,E01006514,0,1
2025052500949,2025,052500949,2,9,0,3,3,4,1,0,0,0,0,0,0,0,2,1,6,6,2,28,6,-1,-1,-1,-1,5,E01006475,0,1
2025052500949,2025,052500949,1,9,0,18,19,4,1,0,0,0,0,0,0,0,1,1,6,6,2,38,7,-1,-1,-1,-1,1,E01006478,0,1
2025052500950,2025,052500950,2,9,0,4,4,2,6,0,0,1,0,0,0,0,2,1,5,6,2,30,6,-1,-1,-1,-1,2,E01019500,0,5
2025052500950,2025,052500950,1,9,0,18,19,2,6,0,0,1,0,0,0,0,1,1,6,6,1,52,8,-1,-1,-1,-1,3,E01006743,0,1
2025052500951,2025,052500951,1,90,0,18,19,5,1,0,0,0,0,0,0,0,1,1,6,6,2,40,7,-1,-1,-1,-1,1,E01007006,0,1
2025052500952,2025,052500952,1,9,0,18,19,8,4,0,0,0,0,0,0,0,1,1,1,1,1,33,6,-1,-1,-1,-1,2,E01007091,0,3
2025052500954,2025,052500954,1,23,0,18,19,6,2,0,0,2,0,0,0,0,1,1,5,6,1,17,4,-1,-1,-1,-1,1,E01006544,0,1
2025052500954,2025,052500954,2,9,0,18,19,2,6,0,0,2,0,0,0,0,1,1,1,1,1,-1,-1,-1,-1,-1,-1,1,E01006755,0,3
2025052500955,2025,052500955,2,1,0,18,19,6,2,0,0,0,0,0,0,0,4,1,6,6,1,17,4,-1,-1,-1,-1,5,E01006473,0,1
2025052500955,2025,052500955,1,9,0,2,2,0,0,0,0,0,0,0,0,0,3,1,6,6,3,-1,-1,-1,-1,-1,-1,-1,-1,0,-1
2025052500956,2025,052500956,1,8,0,17,19,4,8,0,0,1,0,0,0,0,4,1,5,6,1,48,8,-1,-1,-1,-1,1,E01006776,0,1
2025052500957,2025,052500957,1,9,0,-1,-1,5,1,0,0,1,0,0,0,0,4,1,6,6,2,58,9,-1,-1,-1,-1,-1,-1,0,-1
2025052500958,2025,052500958,1,9,0,-1,-1,3,7,0,0,0,0,0,0,0,1,1,2,2,2,49,8,-1,-1,-1,-1,2,E01007263,0,1
2025052500959,2025,052500959,1,9,0,7,7,5,7,0,0,1,0,0,0,0,1,1,6,6,1,-1,-1,-1,-1,-1,-1,-1,-1,0,-1
2025052500960,2025,052500960,1,9,0,9,9,1,3,0,0,8,0,0,0,0,4,1,-1,-1,2,34,6,-1,-1,-1,-1,2,E01008634,0,5
2025052500960,2025,052500960,2,5,0,-1,-1,1,5,0,0,8,0,0,0,0,1,1,6,6,1,34,6,-1,-1,-1,-1,8,E01007097,0,1
2025052500962,2025,052500962,2,8,0,-1,-1,1,5,0,0,1,0,0,0,0,2,1,1,1,1,-1,-1,-1,-1,-1,-1,1,E01006442,0,2
2025052500962,2025,052500962,1,9,0,10,10,1,5,0,0,1,0,0,0,0,1,1,6,6,2,28,6,-1,-1,-1,-1,4,E01006887,0,2
2025052500963,2025,052500963,2,90,0,18,19,1,5,0,0,0,0,0,0,0,1,1,5,6,1,43,7,-1,-1,-1,-1,8,E01007888,0,4
2025052500963,2025,052500963,1,9,0,18,19,5,1,0,0,0,0,0,0,0,4,1,1,1,1,-1,-1,-1,-1,-1,-1,1,E01006678,0,1
2025052500966,2025,052500966,2,9,0,-1,-1,5,1,0,0,0,0,0,0,0,1,1,6,6,1,47,8,-1,-1,-1,-1,4,E01006897,0,1
2025052500966,2025,052500966,1,19,4,-1,-1,1,5,0,0,0,0,0,0,0,0,1,6,6,2,47,8,-1,-1,-1,-1,2,E01006898,0,1
2025052500969,2025,052500969,1,9,0,-1,-1,3,7,0,0,0,0,12,0,0,1,1,2,2,2,48,8,-1,-1,-1,-1,7,E01006498,0,1
2025052500970,2025,052500970,2,1,0,17,19,7,3,0,0,1,0,0,0,0,1,1,5,6,1,72,10,-1,-1,-1,-1,9,E01007032,0,1
2025052500970,2025,052500970,1,9,0,7,7,1,5,0,0,6,0,0,0,0,3,1,6,6,2,56,9,-1,-1,-1,-1,6,E01007029,0,1
2025052500971,2025,052500971,1,3,0,18,19,3,7,0,0,0,0,0,0,0,0,1,5,6,2,28,6,-1,-1,-1,-1,1,E01006662,0,1
2025052500972,2025,052500972,1,1,0,18,19,1,5,0,0,0,0,0,0,0,1,1,6,6,3,-1,-1,-1,-1,-1,-1,-1,-1,0,-1
2025052500973,2025,052500973,1,9,0,5,5,7,3,0,0,0,0,0,0,0,1,1,6,6,2,-1,-1,-1,-1,-1,-1,-1,-1,0,-1
2025052500973,2025,052500973,2,1,0,18,19,1,7,0,0,0,0,0,0,0,1,1,6,6,2,15,3,-1,-1,-1,-1,1,E01033794,0,1
2025052500974,2025,052500974,1,9,0,18,19,3,7,0,0,1,0,0,0,0,1,1,6,6,1,20,4,-1,-1,-1,-1,10,E01034496,0,5
2025052500975,2025,052500975,1,9,0,18,19,3,7,0,0,8,0,0,0,0,1,1,6,6,2,33,6,-1,-1,-1,-1,2,E01006575,0,2
2025052500975,2025,052500975,2,9,0,4,4,3,7,0,0,8,0,0,0,0,2,1,6,6,2,37,7,-1,-1,-1,-1,1,E01006732,0,1
2025052500976,2025,052500976,1,9,0,1,1,3,7,0,0,8,0,0,0,0,2,1,6,6,1,74,10,-1,-1,-1,-1,8,E01006889,0,3