collision_index,collision_year,collision_ref_no,vehicle_reference,vehicle_type,towing_and_articulation,vehicle_manoeuvre_historic,vehicle_manoeuvre,vehicle_direction_from,vehicle_direction_to,vehicle_location_restricted_lane_historic,vehicle_location_restricted_lane,junction_location,skidding_and_overturning,hit_object_in_carriageway,vehicle_leaving_carriageway,hit_object_off_carriageway,first_point_of_impact,vehicle_left_hand_drive,journey_purpose_of_driver_historic,journey_purpose_of_driver,sex_of_driver,age_of_driver,age_band_of_driver,engine_capacity_cc,propulsion_code,age_of_vehicle,generic_make_model,driver_imd_decile,lsoa_of_driver,escooter_flag,driver_distance_banding
2025052500976,2025,052500976,2,1,0,3,3,7,3,0,0,8,0,0,0,0,1,1,6,6,1,50,8,-1,-1,-1,-1,1,E01006762,0,1
2025052500977,2025,052500977,3,8,0,2,2,0,0,0,0,0,0,0,0,0,2,1,2,2,1,42,7,-1,-1,-1,-1,8,E01025214,0,4
2025052500977,2025,052500977,1,9,0,4,4,7,3,0,0,0,0,4,0,0,1,1,5,6,1,82,11,-1,-1,-1,-1,7,E01007065,0,3
2025052500977,2025,052500977,2,8,0,2,2,0,0,0,0,0,0,0,0,0,2,1,2,2,1,60,9,-1,-1,-1,-1,1,E01007051,0,2
2025052500978,2025,052500978,1,9,0,9,9,2,8,0,0,2,0,0,0,0,3,1,6,6,2,23,5,-1,-1,-1,-1,4,E01007001,0,1
2025052500978,2025,052500978,2,4,0,9,9,6,8,0,0,2,0,0,0,0,3,1,5,6,1,56,9,-1,-1,-1,-1,1,E01006288,0,4
2025052500979,2025,052500979,1,90,0,18,19,3,7,0,0,0,0,0,0,0,1,1,6,6,1,17,4,-1,-1,-1,-1,5,E01033762,0,1
2025052500979,2025,052500979,2,10,0,4,4,3,7,0,0,0,0,0,0,0,2,1,1,1,1,49,8,-1,-1,-1,-1,2,E01006492,0,3
2025052500980,2025,052500980,1,9,0,18,19,3,7,0,0,0,0,0,0,0,4,1,6,6,3,-1,-1,-1,-1,-1,-1,-1,-1,0,-1
2025052500980,2025,052500980,2,1,0,18,19,3,7,0,0,0,0,0,0,0,4,1,6,6,1,24,5,-1,-1,-1,-1,1,E01006676,0,1
2025052500981,2025,052500981,2,1,0,5,5,4,8,0,0,4,0,0,0,0,3,1,6,6,1,66,10,-1,-1,-1,-1,2,E01006451,0,2
2025052500981,2025,052500981,1,9,0,5,5,4,8,0,0,4,0,0,0,0,4,1,6,6,3,-1,-1,-1,-1,-1,-1,-1,-1,0,-1
2025052500982,2025,052500982,3,9,0,18,19,7,3,0,0,8,0,0,0,0,1,1,5,6,1,70,10,-1,-1,-1,-1,7,E01006792,0,1
2025052500982,2025,052500982,1,21,0,18,19,3,7,0,0,8,0,0,0,0,1,1,2,2,1,61,9,-1,-1,-1,-1,6,E01006221,0,4
2025052500982,2025,052500982,2,19,0,10,10,7,1,0,0,8,0,0,0,0,2,1,2,2,1,47,8,-1,-1,-1,-1,1,E01006756,0,1
2025052500983,2025,052500983,1,9,0,18,19,1,5,0,0,0,5,4,0,0,1,1,6,6,1,41,7,-1,-1,-1,-1,4,E01007231,0,1
2025052500983,2025,052500983,2,9,0,2,2,0,0,0,0,0,0,0,0,0,1,1,6,6,3,-1,-1,-1,-1,-1,-1,-1,-1,0,-1
2025052500984,2025,052500984,2,9,0,18,19,3,7,0,0,1,0,0,0,0,1,1,5,6,2,28,6,-1,-1,-1,-1,2,E01006710,0,1
2025052500984,2025,052500984,1,23,0,7,7,8,2,0,0,6,0,0,0,0,1,1,5,6,1,17,4,-1,-1,-1,-1,1,E01006771,0,1
2025052500985,2025,052500985,2,3,0,-1,-1,6,2,0,0,1,1,0,0,0,1,1,2,2,1,31,6,-1,-1,-1,-1,2,E01007263,0,1
2025052500985,2025,052500985,1,19,0,9,9,4,2,0,0,8,0,0,0,0,4,1,1,1,1,45,7,-1,-1,-1,-1,1,E01007011,0,3
2025052500986,2025,052500986,1,9,0,18,19,2,7,0,0,8,0,0,0,0,1,1,5,6,2,29,6,-1,-1,-1,-1,3,E01006568,0,2
2025052500986,2025,052500986,2,9,0,18,19,7,3,0,0,1,0,0,3,9,3,1,5,6,1,33,6,-1,-1,-1,-1,6,E01012423,0,1
2025052500989,2025,052500989,1,9,0,18,19,5,1,0,0,1,0,0,0,0,1,1,5,6,2,38,7,-1,-1,-1,-1,2,E01006352,0,2
2025052500989,2025,052500989,2,9,0,18,19,7,3,0,0,6,0,0,0,0,3,1,5,6,1,35,6,-1,-1,-1,-1,1,E01006850,0,1
2025052500990,2025,052500990,2,9,0,17,19,5,1,0,0,4,0,0,0,0,1,1,5,6,2,29,6,-1,-1,-1,-1,1,E01006437,0,3
2025052500990,2025,052500990,1,19,0,16,19,1,5,0,0,8,0,0,0,0,1,1,5,6,1,39,7,-1,-1,-1,-1,6,E01018570,0,2
2025052500991,2025,052500991,1,1,0,9,9,3,7,0,0,0,0,0,0,0,4,1,5,6,1,9,2,-1,-1,-1,-1,1,E01006644,0,1
2025052500991,2025,052500991,2,8,0,18,19,5,1,0,0,0,0,0,0,0,1,1,1,1,1,54,8,-1,-1,-1,-1,2,E01006713,0,1
2025052500992,2025,052500992,1,9,0,9,9,6,7,0,0,8,0,0,0,0,1,1,5,6,2,49,8,-1,-1,-1,-1,1,E01006812,0,1
2025052500992,2025,052500992,2,5,0,8,8,7,5,0,0,1,0,0,0,0,1,1,5,6,1,73,10,-1,-1,-1,-1,5,E01006804,0,1
2025052500993,2025,052500993,1,9,0,9,9,7,5,0,0,1,0,0,0,0,1,1,5,6,3,-1,-1,-1,-1,-1,-1,-1,-1,0,-1
2025052500993,2025,052500993,2,19,0,18,19,3,7,0,0,1,0,0,0,0,1,1,1,1,1,48,8,-1,-1,-1,-1,8,E01006936,0,1
2025052500994,2025,052500994,2,1,0,18,19,4,8,0,0,0,0,0,0,0,2,1,6,6,1,18,4,-1,-1,-1,-1,1,E01007277,0,1
2025052500994,2025,052500994,1,9,0,18,19,4,8,0,0,0,0,0,0,0,1,1,6,6,3,-1,-1,-1,-1,-1,-1,-1,-1,0,-1
2025052500995,2025,052500995,2,90,0,18,19,7,5,0,0,1,0,0,0,0,1,1,6,6,1,42,7,-1,-1,-1,-1,4,E01033760,0,1
2025052500995,2025,052500995,1,9,0,18,19,3,7,0,0,8,0,0,0,0,3,1,1,1,3,-1,-1,-1,-1,-1,-1,-1,-1,0,-1
2025052500996,2025,052500996,1,9,0,11,11,1,5,0,0,8,0,0,0,0,4,1,6,6,3,-1,-1,-1,-1,-1,-1,-1,-1,0,-1
2025052500996,2025,052500996,2,9,0,18,19,1,5,0,0,8,0,0,0,0,3,1,1,1,2,51,8,-1,-1,-1,-1,10,W01000307,0,4
2025052500997,2025,052500997,1,9,0,4,4,7,3,0,0,0,0,0,0,0,4,1,6,6,1,63,9,-1,-1,-1,-1,8,W01001972,0,4
2025052500998,2025,052500998,1,9,0,18,19,1,5,0,0,0,0,0,0,0,3,1,2,2,2,39,7,-1,-1,-1,-1,1,E01006716,0,1
2025052500999,2025,052500999,2,1,0,18,19,5,1,0,0,0,0,0,0,0,4,1,5,6,1,16,4,-1,-1,-1,-1,1,E01006612,0,1
2025052500999,2025,052500999,1,9,0,5,5,7,3,0,0,0,0,0,0,0,1,1,6,6,3,-1,-1,-1,-1,-1,-1,-1,-1,0,-1
2025052501000,2025,052501000,1,9,0,18,19,3,7,0,0,1,0,0,0,0,2,1,6,6,1,34,6,-1,-1,-1,-1,1,E01006470,0,2
2025052501000,2025,052501000,2,19,0,18,19,3,7,0,0,1,0,0,0,0,1,1,6,6,1,32,6,-1,-1,-1,-1,8,E01006888,0,3
2025052501001,2025,052501001,2,8,0,18,19,5,1,0,0,1,0,0,0,0,1,1,1,1,1,68,10,-1,-1,-1,-1,1,E01034401,0,1
2025052501001,2025,052501001,1,9,0,5,5,3,7,0,0,6,0,0,0,0,3,1,5,6,1,48,8,-1,-1,-1,-1,1,E01034401,0,1
2025052501002,2025,052501002,1,9,0,1,1,3,7,0,0,0,0,0,0,0,2,1,6,6,1,60,9,-1,-1,-1,-1,5,E01007226,0,1
2025052501003,2025,052501003,1,9,0,18,19,7,3,0,0,0,0,0,0,0,1,1,3,7,2,32,6,-1,-1,-1,-1,5,E01006490,0,2
2025052501004,2025,052501004,1,9,0,9,9,1,2,0,0,8,0,0,0,0,4,1,5,6,1,20,4,-1,-1,-1,-1,8,E01012395,0,2
2025052501004,2025,052501004,2,9,0,18,19,1,5,0,0,8,0,0,0,0,1,1,5,6,2,41,7,-1,-1,-1,-1,7,E01006589,0,1
2025052501005,2025,052501005,1,3,0,7,7,7,1,0,0,5,0,0,0,0,4,1,2,2,1,27,6,-1,-1,-1,-1,1,E01006701,0,1
2025052501006,2025,052501006,2,1,0,5,5,1,5,0,0,0,0,0,0,0,3,1,6,6,1,-1,-1,-1,-1,-1,-1,1,E01006690,0,1
2025052501006,2025,052501006,1,9,0,18,19,6,2,0,0,0,0,0,0,0,1,1,6,6,3,-1,-1,-1,-1,-1,-1,-1,-1,0,-1
2025052501007,2025,052501007,1,9,0,18,19,2,6,0,0,1,0,0,0,0,1,1,6,6,1,26,6,-1,-1,-1,-1,1,E01006728,0,1
2025052501008,2025,052501008,1,19,0,18,19,4,8,0,0,0,0,0,0,0,4,1,6,6,3,-1,-1,-1,-1,-1,-1,-1,-1,0,-1
2025052501009,2025,052501009,2,1,0,18,19,1,5,0,0,8,0,0,0,0,3,1,5,6,1,81,11,-1,-1,-1,-1,8,E01007067,0,2
2025052501009,2025,052501009,1,9,0,9,9,5,3,0,0,8,0,0,0,0,1,1,1,1,1,71,10,-1,-1,-1,-1,9,E01006932,0,1
2025052501010,2025,052501010,5,9,0,10,10,5,3,0,0,8,0,0,0,0,0,1,5,6,1,32,6,-1,-1,-1,-1,3,E01006568,0,1
2025052501010,2025,052501010,2,9,0,18,19,5,1,0,0,8,0,0,0,0,0,1,1,1,1,-1,-1,-1,-1,-1,-1,1,E01006648,0,2
2025052501010,2025,052501010,4,11,0,18,19,1,5,0,0,8,0,0,0,0,0,1,1,1,1,21,5,-1,-1,-1,-1,1,E01012442,0,3
2025052501010,2025,052501010,3,9,0,18,19,5,1,0,0,8,0,0,0,0,0,1,1,1,1,-1,-1,-1,-1,-1,-1,-1,-1,0,-1
2025052501010,2025,052501010,1,9,0,18,19,5,1,0,0,8,0,0,1,11,1,1,5,6,1,24,5,-1,-1,-1,-1,5,E01006488,0,1
2025052501011,2025,052501011,1,9,0,18,19,8,4,0,0,1,0,0,0,0,3,1,6,6,1,40,7,-1,-1,-1,-1,9,E01007258,0,3
2025052501011,2025,052501011,2,9,0,5,5,2,6,0,0,1,0,0,0,0,1,1,5,6,1,30,6,-1,-1,-1,-1,1,E01007130,0,2
2025052501012,2025,052501012,1,9,0,4,4,7,3,0,0,0,0,0,0,0,2,1,6,6,2,49,8,-1,-1,-1,-1,5,E01006578,0,1
2025052501012,2025,052501012,2,1,0,18,19,7,3,0,0,0,0,0,0,0,1,1,4,7,1,-1,-1,-1,-1,-1,-1,1,E01006754,0,2
2025052501013,2025,052501013,1,8,0,6,6,1,1,0,0,0,0,0,0,0,0,1,2,2,1,31,6,-1,-1,-1,-1,2,E01004849,0,4
2025052501013,2025,052501013,2,90,0,18,19,5,1,0,0,0,0,0,0,0,0,1,5,6,1,13,3,-1,-1,-1,-1,5,E01033796,0,1
2025052501014,2025,052501014,2,9,0,4,4,5,1,0,0,0,0,0,0,0,2,1,6,6,2,27,6,-1,-1,-1,-1,2,E01006788,0,2
2025052501014,2025,052501014,1,9,0,18,19,5,1,0,0,0,0,0,0,0,1,1,6,6,2,-1,-1,-1,-1,-1,-1,-1,-1,0,-1
2025052501015,2025,052501015,2,9,0,6,6,1,1,0,0,0,0,0,0,0,4,1,6,6,1,49,8,-1,-1,-1,-1,5,E01006595,0,2
2025052501015,2025,052501015,1,9,0,18,19,6,1,0,0,0,0,0,0,0,1,1,6,6,3,-1,-1,-1,-1,-1,-1,-1,-1,0,-1
2025052501016,2025,052501016,1,23,0,7,7,5,7,0,0,0,1,0,1,0,2,1,5,6,1,23,5,-1,-1,-1,-1,1,E01006458,0,1
2025052501016,2025,052501016,2,9,0,18,19,5,1,0,0,0,0,0,0,0,1,1,1,1,1,-1,-1,-1,-1,-1,-1,-1,-1,0,-1
2025052501017,2025,052501017,2,9,0,18,19,3,7,0,0,1,0,0,0,0,1,1,2,2,2,27,6,-1,-1,-1,-1,2,E01006536,0,1
2025052501017,2025,052501017,1,9,0,18,19,1,5,0,0,5,0,0,0,0,4,1,2,2,2,60,9,-1,-1,-1,-1,4,E01029797,0,4
2025052501018,2025,052501018,2,3,0,18,19,7,3,0,0,8,0,0,0,0,3,1,1,1,1,30,6,-1,-1,-1,-1,1,E01006546,0,1
2025052501018,2025,052501018,1,9,0,9,9,7,1,0,0,8,0,0,0,0,1,1,5,6,1,22,5,-1,-1,-1,-1,9,E01023562,0,5
2025052501019,2025,052501019,1,21,0,18,19,8,4,0,0,0,0,0,0,0,4,1,1,1,3,-1,-1,-1,-1,-1,-1,-1,-1,0,-1
2025052501020,2025,052501020,1,9,0,1,1,4,8,0,0,0,0,0,0,0,2,1,6,6,3,-1,-1,-1,-1,-1,-1,-1,-1,0,-1
2025052501020,2025,052501020,2,1,0,18,19,8,4,0,0,0,0,0,0,0,3,1,4,7,2,12,3,-1,-1,-1,-1,2,E01006970,0,1
2025052501021,2025,052501021,1,4,0,4,4,3,7,0,0,1,0,0,0,0,0,1,2,2,2,44,7,-1,-1,-1,-1,1,E01034837,0,1
2025052501023,2025,052501023,2,11,0,4,4,3,7,0,0,0,0,0,0,0,3,1,1,1,1,57,9,-1,-1,-1,-1,1,E01006642,0,2
2025052501023,2025,052501023,1,9,0,18,19,3,7,0,0,0,0,0,0,0,1,1,6,6,2,26,6,-1,-1,-1,-1,1,E01006775,0,2
2025052501024,2025,052501024,2,1,0,18,19,7,3,0,0,1,0,0,0,0,1,1,2,2,1,41,7,-1,-1,-1,-1,2,E01006667,0,2
2025052501024,2025,052501024,1,9,0,9,9,7,3,0,0,1,0,0,0,0,1,1,1,1,1,43,7,-1,-1,-1,-1,4,E01015776,0,5
2025052501025,2025,052501025,2,9,0,18,19,3,7,0,0,0,0,0,0,0,2,1,5,6,1,35,6,-1,-1,-1,-1,7,E01007198,0,1
2025052501025,2025,052501025,1,9,0,18,19,3,7,0,0,0,0,0,0,0,1,1,5,6,2,78,11,-1,-1,-1,-1,6,E01007196,0,1
2025052501026,2025,052501026,1,9,0,11,11,4,8,0,0,8,0,0,0,0,4,1,6,6,3,-1,-1,-1,-1,-1,-1,-1,-1,0,-1
2025052501026,2025,052501026,2,4,0,18,19,4,8,0,0,8,0,0,0,0,3,1,6,6,1,49,8,-1,-1,-1,-1,6,E01007246,0,2
2025052501027,2025,052501027,2,9,0,18,19,3,7,0,0,1,0,0,0,0,4,1,6,6,1,-1,-1,-1,-1,-1,-1,-1,-1,0,-1
2025052501027,2025,052501027,1,1,0,5,5,5,1,0,0,1,0,0,0,0,1,1,5,6,1,18,4,-1,-1,-1,-1,1,E01006817,0,1
2025052501028,2025,052501028,2,1,0,18,19,2,6,0,0,1,0,0,0,0,1,1,5,6,1,12,3,-1,-1,-1,-1,3,E01006652,0,1
2025052501028,2025,052501028,1,9,0,18,19,6,2,0,0,1,0,0,0,0,1,1,6,6,3,-1,-1,-1,-1,-1,-1,-1,-1,0,-1
2025052501029,2025,052501029,1,9,0,18,19,1,5,0,0,0,0,0,0,0,1,1,6,6,3,-1,-1,-1,-1,-1,-1,-1,-1,0,-1
2025052501030,2025,052501030,2,9,0,18,19,3,7,0,0,1,0,0,0,0,3,1,5,6,1,61,9,-1,-1,-1,-1,3,E01007049,0,3
2025052501030,2025,052501030,1,9,0,5,5,1,4,0,0,1,0,0,0,0,4,1,6,6,1,78,11,-1,-1,-1,-1,2,E01006907,0,1
2025052501031,2025,052501031,1,9,0,18,19,5,8,0,0,8,0,0,0,0,1,1,5,6,1,80,11,-1,-1,-1,-1,7,E01007105,0,1
2025052501032,2025,052501032,2,1,0,18,19,1,5,0,0,1,0,0,0,0,3,1,6,6,1,16,4,-1,-1,-1,-1,1,E01007291,0,1
2025052501032,2025,052501032,1,9,0,18,19,7,3,0,0,1,0,0,0,0,1,1,6,6,1,-1,-1,-1,-1,-1,-1,-1,-1,0,-1
2025052501033,2025,052501033,1,9,0,18,19,6,2,0,0,0,0,0,0,0,1,1,5,6,1,36,7,-1,-1,-1,-1,1,E01007092,0,1
2025052501034,2025,052501034,1,9,0,6,6,1,1,0,0,1,0,0,0,0,1,1,6,6,3,-1,-1,-1,-1,-1,-1,-1,-1,0,-1
2025052501034,2025,052501034,2,1,0,18,19,3,7,0,0,1,0,0,0,0,2,1,6,6,1,23,5,-1,-1,-1,-1,1,E01007269,0,1
2025052501035,2025,052501035,1,1,0,18,19,7,3,0,0,0,0,0,0,0,2,1,4,7,1,13,3,-1,-1,-1,-1,9,E01007266,0,1
2025052501035,2025,052501035,2,9,0,18,19,1,5,0,0,0,0,0,0,0,4,1,5,6,2,39,7,-1,-1,-1,-1,9,E01007266,0,1
2025052501036,2025,052501036,1,9,0,1,1,3,7,0,0,0,0,0,0,0,2,1,5,6,1,65,9,-1,-1,-1,-1,5,E01007063,0,1
2025052501037,2025,052501037,3,9,0,18,19,3,7,0,0,0,0,0,0,0,2,1,6,6,2,65,9,-1,-1,-1,-1,9,E01007266,0,1
2025052501037,2025,052501037,2,9,0,18,19,3,7,0,0,0,0,0,0,0,2,1,6,6,1,63,9,-1,-1,-1,-1,9,E01034696,0,5
2025052501037,2025,052501037,1,9,0,18,19,3,7,0,0,0,0,0,0,0,1,1,6,6,2,35,6,-1,-1,-1,-1,4,E01007202,0,1
2025052501037,2025,052501037,4,9,0,18,19,3,7,0,0,0,0,0,0,0,1,1,6,6,2,27,6,-1,-1,-1,-1,9,E01007259,0,1
2025052501038,2025,052501038,1,9,0,18,19,1,5,0,0,0,0,0,7,1,1,1,2,2,2,51,8,-1,-1,-1,-1,5,E01006933,0,2
2025052501039,2025,052501039,2,9,0,3,3,4,8,0,0,1,0,0,0,0,1,1,5,6,1,45,7,-1,-1,-1,-1,1,E01006437,0,2
2025052501039,2025,052501039,1,9,0,9,9,4,2,0,0,8,0,0,0,0,1,1,5,6,2,42,7,-1,-1,-1,-1,1,E01006548,0,1
2025052501040,2025,052501040,1,9,0,9,9,3,1,0,0,6,1,0,2,11,1,1,5,6,2,25,5,-1,-1,-1,-1,1,E01006509,0,2
2025052501041,2025,052501041,1,5,0,17,19,3,7,0,0,0,1,0,0,0,1,1,1,1,1,20,4,-1,-1,-1,-1,1,E01006757,0,1
2025052501042,2025,052501042,1,9,0,7,7,3,1,0,0,1,0,0,0,0,1,1,6,6,1,39,7,-1,-1,-1,-1,2,E01006624,0,1
2025052501042,2025,052501042,2,9,0,3,3,5,4,0,0,1,0,0,0,0,3,1,6,6,2,22,5,-1,-1,-1,-1,1,E01006412,0,1
2025052501044,2025,052501044,1,5,0,18,19,5,1,0,0,0,0,0,0,0,1,1,5,6,1,57,9,-1,-1,-1,-1,7,E01006947,0,1
2025052501044,2025,052501044,2,9,0,9,9,5,3,0,0,0,0,0,0,0,3,1,5,6,2,55,8,-1,-1,-1,-1,6,E01007029,0,1
2025052501045,2025,052501045,1,-1,0,18,19,1,5,0,0,0,0,0,0,0,3,1,1,1,3,-1,-1,-1,-1,-1,-1,-1,-1,0,-1
2025052501047,2025,052501047,1,9,0,18,19,3,7,0,0,0,0,0,0,0,1,1,5,6,1,77,11,-1,-1,-1,-1,4,E01006887,0,1
2025052501048,2025,052501048,1,9,0,8,8,1,5,0,0,1,0,0,0,0,3,1,6,6,1,59,9,-1,-1,-1,-1,4,E01032507,0,1
2025052501048,2025,052501048,2,1,0,18,19,5,3,0,0,1,0,0,0,0,4,1,5,6,2,47,8,-1,-1,-1,-1,2,E01032506,0,1
2025052501049,2025,052501049,1,9,0,18,19,1,5,0,0,8,0,0,0,0,0,1,1,1,1,-1,-1,-1,-1,-1,-1,-1,-1,0,-1
2025052501049,2025,052501049,2,23,0,18,19,1,5,0,0,8,1,0,0,0,4,1,5,6,1,34,6,-1,-1,-1,-1,1,E01007017,0,1
2025052501050,2025,052501050,2,1,0,18,19,2,6,0,0,0,0,0,0,0,2,1,5,6,1,13,3,-1,-1,-1,-1,3,E01007060,0,1
2025052501050,2025,052501050,1,9,0,18,19,2,6,0,0,0,0,0,0,0,1,1,5,6,1,51,8,-1,-1,-1,-1,3,E01006996,0,1
2025052501051,2025,052501051,2,1,0,5,5,5,1,0,0,1,0,0,0,0,3,1,6,6,1,29,6,-1,-1,-1,-1,1,E01006775,0,2
2025052501051,2025,052501051,1,9,0,7,7,3,5,0,0,6,0,0,0,0,1,1,5,6,2,41,7,-1,-1,-1,-1,1,E01006791,0,1
2025052501052,2025,052501052,1,9,0,9,9,7,5,0,0,5,0,0,0,0,4,1,5,6,1,29,6,-1,-1,-1,-1,1,E01006984,0,1
2025052501052,2025,052501052,2,9,0,18,19,3,7,0,0,1,0,0,0,0,1,1,1,1,3,-1,-1,-1,-1,-1,-1,-1,-1,0,-1
2025052501053,2025,052501053,2,1,0,18,19,7,3,0,0,1,0,0,0,0,1,1,2,2,1,24,5,-1,-1,-1,-1,-1,-1,0,-1
2025052501053,2025,052501053,1,9,0,9,9,3,1,0,0,1,0,0,0,0,1,1,5,6,2,75,10,-1,-1,-1,-1,1,E01006872,0,1
2025052501054,2025,052501054,1,9,0,9,9,1,7,0,0,1,0,0,0,0,1,9,6,6,3,-1,-1,-1,-1,-1,-1,-1,-1,0,-1
2025052501055,2025,052501055,2,9,0,7,7,1,3,0,0,8,0,0,0,0,1,9,6,6,1,22,5,-1,-1,-1,-1,1,E01033747,0,1
2025052501055,2025,052501055,1,9,0,18,19,1,5,0,0,8,0,0,0,0,3,1,5,6,1,41,7,-1,-1,-1,-1,1,E01006563,0,1
2025052501056,2025,052501056,1,19,9,7,7,4,6,0,0,6,0,0,0,0,1,1,6,6,3,-1,-1,-1,-1,-1,-1,-1,-1,0,-1
2025052501057,2025,052501057,1,8,0,5,5,3,7,0,0,1,0,0,0,0,1,1,1,1,3,-1,-1,-1,-1,-1,-1,-1,-1,0,-1
2025052501057,2025,052501057,2,1,0,18,19,1,5,0,0,1,0,0,0,0,1,1,6,6,1,30,6,-1,-1,-1,-1,1,E01007122,0,2
2025052501058,2025,052501058,1,8,0,1,1,2,7,0,0,1,0,0,0,0,2,1,6,6,3,-1,-1,-1,-1,-1,-1,-1,-1,0,-1
2025052501059,2025,052501059,1,9,0,18,19,2,6,0,0,0,0,0,0,0,1,1,6,6,2,20,4,-1,-1,-1,-1,8,E01007268,0,1
2025052501059,2025,052501059,2,9,0,4,4,2,6,0,0,0,0,0,0,0,2,1,6,6,2,39,7,-1,-1,-1,-1,3,E01007297,0,1
2025052501060,2025,052501060,1,9,0,18,19,2,6,0,0,4,0,0,0,0,1,1,6,6,3,-1,-1,-1,-1,-1,-1,-1,-1,0,-1
2025052501061,2025,052501061,1,8,0,5,5,6,2,0,0,1,0,0,0,0,1,1,6,6,1,29,6,-1,-1,-1,-1,2,E01005066,0,4
2025052501062,2025,052501062,5,9,0,18,19,7,3,0,0,0,0,0,0,0,0,1,1,1,1,-1,-1,-1,-1,-1,-1,-1,-1,0,-1
2025052501062,2025,052501062,1,9,0,18,19,3,7,0,0,0,1,0,7,0,1,1,5,6,1,34,6,-1,-1,-1,-1,-1,-1,0,-1
2025052501062,2025,052501062,2,9,0,18,19,7,3,0,0,0,0,0,0,0,1,1,5,6,1,35,6,-1,-1,-1,-1,1,E01007087,0,1
2025052501062,2025,052501062,3,9,0,18,19,3,7,0,0,0,0,0,0,0,0,1,1,1,3,-1,-1,-1,-1,-1,-1,-1,-1,0,-1
2025052501062,2025,052501062,4,9,0,18,19,3,7,0,0,0,0,0,0,0,4,1,1,1,1,48,8,-1,-1,-1,-1,-1,-1,0,-1
2025052501063,2025,052501063,2,9,0,18,19,1,5,0,0,1,0,0,0,0,1,1,5,6,2,72,10,-1,-1,-1,-1,1,E01006450,0,1
2025052501063,2025,052501063,1,90,0,18,19,3,7,0,0,1,0,0,0,0,1,1,5,6,1,44,7,-1,-1,-1,-1,1,E01033228,0,1
2025052501064,2025,052501064,1,1,0,18,19,1,4,0,0,8,0,0,0,0,4,1,2,2,2,34,6,-1,-1,-1,-1,4,E01032507,0,1
2025052501064,2025,052501064,2,9,0,18,19,3,7,0,0,8,0,0,0,0,1,1,5,6,1,23,5,-1,-1,-1,-1,1,E01034403,0,1
2025052501065,2025,052501065,2,16,0,18,19,1,5,0,0,1,0,0,0,0,3,1,5,6,2,19,4,-1,-1,-1,-1,9,E01007258,0,1
2025052501065,2025,052501065,1,9,0,13,13,1,5,0,0,1,0,0,0,0,4,1,6,6,3,-1,-1,-1,-1,-1,-1,-1,-1,0,-1
2025052501066,2025,052501066,2,1,0,18,19,3,7,0,0,0,0,0,0,0,2,1,2,2,1,34,6,-1,-1,-1,-1,2,E01006744,0,1
2025052501066,2025,052501066,1,9,0,18,19,3,7,0,0,0,0,0,0,0,1,1,6,6,1,-1,-1,-1,-1,-1,-1,-1,-1,0,-1
2025052501067,2025,052501067,1,9,0,5,5,4,1,0,0,1,0,0,0,0,1,1,6,6,2,55,8,-1,-1,-1,-1,1,E01006913,0,3
2025052501067,2025,052501067,2,1,0,18,19,3,7,0,0,1,0,0,0,0,4,1,5,6,2,35,6,-1,-1,-1,-1,2,E01006464,0,2
2025052501068,2025,052501068,2,9,0,9,9,3,7,0,0,8,0,0,0,0,3,1,5,6,1,38,7,-1,-1,-1,-1,4,E01006688,0,2
2025052501068,2025,052501068,1,3,0,18,19,1,5,0,0,1,0,0,0,0,1,1,6,6,3,-1,-1,-1,-1,-1,-1,-1,-1,0,-1
2025052501069,2025,052501069,1,1,0,18,19,7,3,0,0,8,0,0,0,0,4,1,6,6,1,15,3,-1,-1,-1,-1,9,E01006796,0,1
2025052501069,2025,052501069,2,9,0,5,5,1,5,0,0,8,0,0,0,0,1,1,5,6,2,26,6,-1,-1,-1,-1,3,E01006671,0,2
2025052501070,2025,052501070,2,1,0,18,19,1,5,0,0,1,0,0,0,0,1,1,5,6,1,25,5,-1,-1,-1,-1,1,E01006632,0,1
2025052501070,2025,052501070,1,9,0,5,5,2,6,0,0,1,0,0,0,0,3,1,6,6,2,-1,-1,-1,-1,-1,-1,-1,-1,0,-1
2025052501071,2025,052501071,1,9,0,18,19,4,8,0,0,1,0,0,0,0,1,1,2,2,2,47,8,-1,-1,-1,-1,5,E01032905,0,2
2025052501071,2025,052501071,2,9,0,18,19,7,3,0,0,8,0,10,1,2,1,1,5,6,3,59,9,-1,-1,-1,-1,7,E01006814,0,1
2025052501072,2025,052501072,1,9,0,18,19,6,8,0,0,8,0,0,0,0,1,2,5,6,1,89,11,-1,-1,-1,-1,2,E01007047,0,1
2025052501073,2025,052501073,1,9,0,9,9,6,2,0,0,6,0,0,0,0,3,1,5,6,1,60,9,-1,-1,-1,-1,7,E01006800,0,1
2025052501073,2025,052501073,2,9,0,18,19,6,8,0,0,8,0,0,0,0,1,1,5,6,2,38,7,-1,-1,-1,-1,1,E01012445,0,3
2025052501074,2025,052501074,2,9,0,18,19,5,1,0,0,2,0,0,0,0,4,1,5,6,1,60,9,-1,-1,-1,-1,1,E01006567,0,1
2025052501074,2025,052501074,1,1,0,18,19,7,3,0,0,1,0,0,0,0,1,1,5,6,1,10,2,-1,-1,-1,-1,1,E01006638,0,1