collision_index,collision_year,collision_ref_no,vehicle_reference,vehicle_type,towing_and_articulation,vehicle_manoeuvre_historic,vehicle_manoeuvre,vehicle_direction_from,vehicle_direction_to,vehicle_location_restricted_lane_historic,vehicle_location_restricted_lane,junction_location,skidding_and_overturning,hit_object_in_carriageway,vehicle_leaving_carriageway,hit_object_off_carriageway,first_point_of_impact,vehicle_left_hand_drive,journey_purpose_of_driver_historic,journey_purpose_of_driver,sex_of_driver,age_of_driver,age_band_of_driver,engine_capacity_cc,propulsion_code,age_of_vehicle,generic_make_model,driver_imd_decile,lsoa_of_driver,escooter_flag,driver_distance_banding
2025052501075,2025,052501075,1,9,0,3,3,3,7,0,0,0,0,0,0,0,4,1,1,1,1,50,8,-1,-1,-1,-1,1,E01006754,0,3
2025052501075,2025,052501075,2,90,0,18,19,3,7,0,0,0,0,0,0,0,3,1,1,1,1,56,9,-1,-1,-1,-1,2,E01033751,0,1
2025052501076,2025,052501076,1,9,0,4,4,6,2,0,0,0,0,0,0,0,3,1,6,6,1,-1,-1,-1,-1,-1,-1,-1,-1,0,-1
2025052501076,2025,052501076,2,97,0,13,13,6,2,0,0,0,0,0,0,0,1,1,6,6,1,18,4,-1,-1,-1,-1,4,E01007046,0,1
2025052501077,2025,052501077,1,9,0,5,5,5,1,0,0,0,0,0,0,0,1,1,6,6,3,-1,-1,-1,-1,-1,-1,-1,-1,0,-1
2025052501077,2025,052501077,2,9,0,18,19,3,7,0,0,0,0,0,0,0,4,1,5,6,1,57,9,-1,-1,-1,-1,1,E01007121,0,1
2025052501078,2025,052501078,1,9,0,18,19,3,7,0,0,0,0,0,0,0,4,1,6,6,3,-1,-1,-1,-1,-1,-1,-1,-1,0,-1
2025052501079,2025,052501079,2,16,0,18,19,3,7,0,0,0,0,0,0,0,2,1,1,1,3,-1,-1,-1,-1,-1,-1,-1,-1,0,-1
2025052501079,2025,052501079,1,5,0,18,19,3,7,0,0,0,0,0,0,0,4,1,5,6,1,34,6,-1,-1,-1,-1,1,E01007220,0,2
2025052501080,2025,052501080,1,23,0,18,19,6,8,0,0,0,0,0,0,0,3,1,5,6,3,-1,-1,-1,-1,-1,-1,-1,-1,0,-1
2025052501080,2025,052501080,2,9,0,18,19,8,2,0,0,0,0,0,0,0,1,1,1,1,1,-1,-1,-1,-1,-1,-1,1,E01006678,0,1
2025052501081,2025,052501081,1,9,0,18,19,8,4,0,0,0,0,0,0,0,1,1,6,6,2,28,6,-1,-1,-1,-1,3,E01018497,0,4
2025052501081,2025,052501081,2,9,0,4,4,8,4,0,0,0,0,0,0,0,2,1,5,6,1,74,10,-1,-1,-1,-1,1,E01007179,0,1
2025052501082,2025,052501082,1,9,0,18,19,1,5,0,0,1,0,0,0,0,1,1,5,6,1,52,8,-1,-1,-1,-1,1,E01006979,0,1
2025052501082,2025,052501082,2,9,0,10,10,5,3,0,0,5,0,0,0,0,1,1,1,1,1,65,9,-1,-1,-1,-1,1,E01006416,0,2
2025052501083,2025,052501083,1,19,0,18,19,5,1,0,0,1,0,0,0,0,1,1,2,2,1,35,6,-1,-1,-1,-1,1,E01006608,0,1
2025052501083,2025,052501083,2,3,0,18,19,5,1,0,0,1,0,0,0,0,2,1,2,2,1,58,9,-1,-1,-1,-1,1,E01006548,0,1
2025052501084,2025,052501084,1,9,0,8,8,1,7,0,0,6,0,0,0,0,4,1,5,6,1,35,6,-1,-1,-1,-1,1,E01006679,0,1
2025052501085,2025,052501085,1,1,0,18,19,4,8,0,0,0,0,0,0,0,1,1,6,6,3,-1,-1,-1,-1,-1,-1,-1,-1,0,-1
2025052501086,2025,052501086,1,19,0,18,19,8,4,0,0,0,0,0,0,0,2,1,6,6,3,-1,-1,-1,-1,-1,-1,-1,-1,0,-1
2025052501087,2025,052501087,1,9,0,6,6,5,5,0,0,0,0,0,0,0,2,1,6,6,3,-1,-1,-1,-1,-1,-1,-1,-1,0,-1
2025052501088,2025,052501088,1,9,0,18,19,8,4,0,0,1,0,0,0,0,4,1,6,6,2,42,7,-1,-1,-1,-1,3,E01006719,0,1
2025052501088,2025,052501088,2,4,0,18,19,8,4,0,0,1,0,0,0,0,2,1,5,6,1,21,5,-1,-1,-1,-1,1,E01006767,0,1
2025052501090,2025,052501090,2,9,0,18,19,1,5,0,0,8,0,0,0,0,4,1,5,6,1,46,8,-1,-1,-1,-1,5,E01033799,0,3
2025052501090,2025,052501090,1,9,0,18,19,3,7,0,0,8,0,0,1,11,1,1,6,6,3,-1,-1,-1,-1,-1,-1,-1,-1,0,-1
2025052501091,2025,052501091,2,9,0,18,19,1,5,0,0,8,0,0,0,0,1,1,2,2,1,55,8,-1,-1,-1,-1,1,E01006658,0,1
2025052501091,2025,052501091,1,9,0,9,9,3,1,0,0,6,0,0,0,0,3,1,5,6,1,86,11,-1,-1,-1,-1,2,E01006510,0,1
2025052501092,2025,052501092,1,9,0,18,19,1,5,0,0,0,0,0,0,0,0,1,1,1,3,-1,-1,-1,-1,-1,-1,-1,-1,0,-1
2025052501093,2025,052501093,1,9,0,16,19,7,3,0,0,0,0,0,0,0,3,1,6,6,2,47,8,-1,-1,-1,-1,10,E01006209,0,4
2025052501095,2025,052501095,1,19,0,16,19,7,3,0,0,0,0,0,0,0,4,1,6,6,3,-1,-1,-1,-1,-1,-1,-1,-1,0,-1
2025052501097,2025,052501097,1,9,0,7,7,1,3,0,0,6,0,0,0,0,1,1,5,6,1,18,4,-1,-1,-1,-1,1,E01012436,0,3
2025052501097,2025,052501097,2,1,0,18,19,7,3,0,0,1,0,0,0,0,1,1,5,6,1,76,11,-1,-1,-1,-1,5,E01006472,0,1
2025052501098,2025,052501098,1,8,0,5,5,5,1,0,0,1,0,0,0,0,1,1,1,1,3,-1,-1,-1,-1,-1,-1,-1,-1,0,-1
2025052501098,2025,052501098,2,10,0,18,19,3,7,0,0,1,0,0,0,0,4,1,1,1,1,-1,-1,-1,-1,-1,-1,-1,-1,0,-1
2025052501099,2025,052501099,1,9,0,9,9,7,5,0,0,1,0,0,0,0,4,1,6,6,2,61,9,-1,-1,-1,-1,4,E01033281,0,4
2025052501099,2025,052501099,2,1,0,18,19,1,5,0,0,8,0,0,0,0,1,1,6,6,3,29,6,-1,-1,-1,-1,1,E01007210,0,1
2025052501100,2025,052501100,1,9,0,1,1,1,3,0,0,1,0,0,0,0,2,1,6,6,2,66,10,-1,-1,-1,-1,6,E01025514,0,3
2025052501101,2025,052501101,1,9,0,2,2,0,0,0,0,0,0,0,0,0,2,1,6,6,3,-1,-1,-1,-1,-1,-1,-1,-1,0,-1
2025052501103,2025,052501103,1,9,0,18,19,1,5,0,0,1,0,0,0,0,1,1,5,6,2,40,7,-1,-1,-1,-1,5,E01007039,0,1
2025052501103,2025,052501103,2,9,0,4,4,1,5,0,0,1,0,0,0,0,2,1,5,6,2,36,7,-1,-1,-1,-1,5,E01033799,0,1
2025052501104,2025,052501104,1,5,0,18,19,5,1,0,0,0,1,10,0,0,1,1,5,6,1,18,4,-1,-1,-1,-1,3,E01018534,0,2
2025052501105,2025,052501105,2,9,0,18,19,3,7,0,0,8,0,0,0,0,1,1,5,6,1,20,4,-1,-1,-1,-1,1,E01006540,0,2
2025052501105,2025,052501105,1,1,0,18,19,1,5,0,0,8,0,0,0,0,2,1,5,6,2,48,8,-1,-1,-1,-1,1,E01006637,0,1
2025052501106,2025,052501106,3,9,0,2,2,0,0,0,0,2,0,0,0,0,2,1,5,6,3,-1,-1,-1,-1,-1,-1,-1,-1,0,-1
2025052501106,2025,052501106,2,21,1,18,19,5,1,0,0,8,0,0,0,0,4,1,1,1,2,34,6,-1,-1,-1,-1,9,E01018500,0,4
2025052501106,2025,052501106,1,9,0,18,19,5,1,0,0,8,0,0,1,0,3,1,5,6,1,70,10,-1,-1,-1,-1,1,E01006961,0,1
2025052501108,2025,052501108,1,9,0,18,19,2,6,0,0,1,0,0,0,0,1,1,6,6,1,44,7,-1,-1,-1,-1,2,E01007205,0,2
2025052501108,2025,052501108,2,9,0,3,3,2,6,0,0,1,0,0,0,0,2,1,5,6,2,48,8,-1,-1,-1,-1,8,E01007073,0,2
2025052501109,2025,052501109,1,1,0,18,19,3,7,0,0,0,0,0,0,0,3,1,4,7,1,14,3,-1,-1,-1,-1,1,E01007011,0,1
2025052501109,2025,052501109,2,9,0,18,19,5,1,0,0,0,0,0,0,0,1,1,6,6,2,29,6,-1,-1,-1,-1,3,E01007022,0,1
2025052501110,2025,052501110,2,9,0,18,19,4,8,0,0,0,0,0,1,1,4,1,2,2,1,37,7,-1,-1,-1,-1,8,E01006362,0,2
2025052501110,2025,052501110,1,9,0,12,12,4,8,0,0,0,0,0,0,0,4,1,5,6,1,20,4,-1,-1,-1,-1,9,E01006825,0,2
2025052501112,2025,052501112,1,5,0,18,19,1,5,0,0,0,0,0,0,0,0,1,1,1,1,-1,-1,-1,-1,-1,-1,-1,-1,0,-1
2025052501112,2025,052501112,2,1,0,18,19,7,3,0,0,0,0,0,0,0,0,1,5,6,1,28,6,-1,-1,-1,-1,2,E01007052,0,2
2025052501114,2025,052501114,2,9,0,18,19,5,1,0,0,1,0,0,0,0,1,1,2,2,1,29,6,-1,-1,-1,-1,1,E01006746,0,1
2025052501114,2025,052501114,1,9,0,18,19,7,3,0,0,6,0,0,0,0,1,1,2,2,2,35,6,-1,-1,-1,-1,2,E01007038,0,2
2025052501115,2025,052501115,2,9,0,2,2,0,0,0,0,0,0,0,0,0,4,1,5,6,3,-1,-1,-1,-1,-1,-1,-1,-1,0,-1
2025052501115,2025,052501115,1,9,0,18,19,5,1,0,0,0,0,0,0,0,4,1,5,6,3,-1,-1,-1,-1,-1,-1,-1,-1,0,-1
2025052501117,2025,052501117,3,9,0,2,2,0,0,0,0,2,0,0,0,0,1,1,6,6,3,-1,-1,-1,-1,-1,-1,-1,-1,0,-1
2025052501117,2025,052501117,1,9,0,5,5,3,7,0,0,1,0,0,0,0,1,1,5,6,2,54,8,-1,-1,-1,-1,3,E01006906,0,1
2025052501117,2025,052501117,2,9,0,2,2,0,0,0,0,1,0,4,0,0,1,1,5,6,3,-1,-1,-1,-1,-1,-1,-1,-1,0,-1
2025052501118,2025,052501118,1,11,0,18,19,1,5,0,0,8,0,0,0,0,1,1,6,6,3,-1,-1,-1,-1,-1,-1,-1,-1,0,-1
2025052501118,2025,052501118,2,1,0,18,19,1,5,0,0,3,0,0,0,0,2,1,6,6,1,16,4,-1,-1,-1,-1,1,E01007204,0,1
2025052501119,2025,052501119,2,9,0,3,3,6,2,0,0,1,0,0,0,0,2,1,5,6,2,35,6,-1,-1,-1,-1,9,E01006989,0,1
2025052501119,2025,052501119,1,19,0,18,19,6,2,0,0,1,0,0,0,0,1,1,6,6,1,50,8,-1,-1,-1,-1,8,E01006928,0,1
2025052501121,2025,052501121,1,19,0,18,19,7,3,0,0,0,0,0,5,6,3,1,1,1,1,-1,-1,-1,-1,-1,-1,1,E01006877,0,3
2025052501121,2025,052501121,2,9,0,18,19,3,7,0,0,0,0,0,0,0,3,1,6,6,2,40,7,-1,-1,-1,-1,6,E01006591,0,2
2025052501122,2025,052501122,1,9,0,18,19,5,1,0,0,0,0,0,0,0,1,1,5,6,1,42,7,-1,-1,-1,-1,3,E01006459,0,1
2025052501123,2025,052501123,1,9,0,18,19,5,1,0,0,0,0,0,0,0,1,1,5,6,1,54,8,-1,-1,-1,-1,1,E01007125,0,1
2025052501124,2025,052501124,1,8,0,18,19,3,7,0,0,0,0,0,0,0,1,1,6,6,3,-1,-1,-1,-1,-1,-1,-1,-1,0,-1
2025052501125,2025,052501125,1,9,0,18,19,8,4,0,0,1,0,0,0,0,1,1,6,6,1,44,7,-1,-1,-1,-1,5,E01006576,0,2
2025052501125,2025,052501125,2,90,0,18,19,2,6,0,0,1,0,0,0,0,3,1,2,2,2,21,5,-1,-1,-1,-1,5,E01006490,0,3
2025052501126,2025,052501126,1,9,0,9,9,5,1,0,0,8,0,0,1,1,1,1,5,6,3,89,11,-1,-1,-1,-1,5,E01025428,0,4
2025052501127,2025,052501127,1,90,0,18,19,6,2,0,0,2,0,0,0,0,1,1,4,7,3,-1,-1,-1,-1,-1,-1,-1,-1,0,-1
2025052501129,2025,052501129,1,1,0,18,19,8,4,0,0,0,1,0,0,0,1,1,4,7,1,14,3,-1,-1,-1,-1,1,E01007086,0,1
2025052501129,2025,052501129,2,9,0,18,19,4,8,0,0,0,0,0,0,0,1,1,2,2,2,61,9,-1,-1,-1,-1,2,E01007054,0,1
2025052501130,2025,052501130,2,9,0,18,19,7,3,0,0,4,0,0,0,0,2,1,5,6,1,36,7,-1,-1,-1,-1,8,E01006827,0,1
2025052501130,2025,052501130,1,9,0,11,11,7,3,0,0,3,0,0,0,0,1,1,5,6,2,49,8,-1,-1,-1,-1,9,E01007034,0,4
2025052501131,2025,052501131,2,9,0,18,19,7,3,0,0,3,0,0,0,0,1,1,5,6,2,-1,-1,-1,-1,-1,-1,5,E01007014,0,1
2025052501131,2025,052501131,1,9,0,18,19,1,5,0,0,4,0,0,0,0,3,1,5,6,2,42,7,-1,-1,-1,-1,1,E01006446,0,2
2025052501133,2025,052501133,2,1,0,5,5,5,3,0,0,1,0,0,0,0,4,1,6,6,1,65,9,-1,-1,-1,-1,2,E01006948,0,1
2025052501133,2025,052501133,1,9,0,3,3,1,5,0,0,1,0,0,0,0,1,1,2,2,2,26,6,-1,-1,-1,-1,6,E01007059,0,1
2025052501134,2025,052501134,1,9,0,10,10,7,3,0,0,1,0,0,0,0,0,1,5,6,1,30,6,-1,-1,-1,-1,4,E01035375,0,4
2025052501134,2025,052501134,2,1,0,18,19,7,3,0,0,1,0,0,0,0,0,1,2,2,1,41,7,-1,-1,-1,-1,8,E01006597,0,2
2025052501135,2025,052501135,2,4,0,18,19,8,4,0,0,1,0,0,0,0,1,1,6,6,1,31,6,-1,-1,-1,-1,2,E01007294,0,1
2025052501135,2025,052501135,1,9,0,4,4,8,4,0,0,1,0,0,0,0,2,1,6,6,3,-1,-1,-1,-1,-1,-1,-1,-1,0,-1
2025052501136,2025,052501136,1,8,0,1,1,3,7,0,0,0,0,0,0,0,2,1,1,1,1,-1,-1,-1,-1,-1,-1,-1,-1,0,-1
2025052501137,2025,052501137,1,9,0,1,1,7,3,0,0,0,0,0,0,0,2,1,5,6,2,23,5,-1,-1,-1,-1,7,E01029018,0,5
2025052501138,2025,052501138,1,9,0,3,3,5,1,0,0,8,0,0,0,0,2,1,6,6,2,55,8,-1,-1,-1,-1,1,E01006674,0,1
2025052501138,2025,052501138,2,9,0,14,14,3,7,0,0,1,0,0,0,0,1,1,6,6,1,29,6,-1,-1,-1,-1,1,E01006642,0,1
2025052501139,2025,052501139,2,5,0,4,4,1,5,0,0,1,1,0,0,0,1,1,5,6,1,25,5,-1,-1,-1,-1,1,E01006695,0,1
2025052501139,2025,052501139,1,9,0,4,4,1,5,0,0,1,0,0,0,0,2,1,5,6,1,24,5,-1,-1,-1,-1,4,E01026787,0,5
2025052501140,2025,052501140,2,1,0,18,19,2,6,0,0,1,0,0,0,0,1,1,6,6,2,36,7,-1,-1,-1,-1,7,E01007031,0,1
2025052501140,2025,052501140,1,9,0,5,5,3,7,0,0,1,0,0,0,0,1,1,6,6,3,-1,-1,-1,-1,-1,-1,-1,-1,0,-1
2025052501141,2025,052501141,2,8,0,9,9,1,7,0,0,4,0,0,0,0,1,1,1,1,1,44,7,-1,-1,-1,-1,2,E01006912,0,1
2025052501141,2025,052501141,1,9,0,18,19,5,1,0,0,4,0,0,0,0,1,1,2,2,1,22,5,-1,-1,-1,-1,2,E01006915,0,1
2025052501142,2025,052501142,2,1,0,18,19,4,8,0,0,8,0,0,0,0,4,1,5,6,1,52,8,-1,-1,-1,-1,1,E01007119,0,2
2025052501142,2025,052501142,1,9,0,7,7,8,7,0,0,1,0,0,0,0,4,9,6,6,3,-1,-1,-1,-1,-1,-1,-1,-1,0,-1
2025052501143,2025,052501143,1,9,0,18,19,6,2,0,0,0,0,0,0,0,1,1,6,6,3,-1,-1,-1,-1,-1,-1,-1,-1,0,-1
2025052501144,2025,052501144,1,9,0,18,19,5,1,0,0,0,0,0,0,0,4,1,1,1,1,48,8,-1,-1,-1,-1,1,E01034401,0,1
2025052501144,2025,052501144,2,1,0,18,19,5,1,0,0,0,0,0,0,0,3,1,5,6,1,48,8,-1,-1,-1,-1,1,E01006764,0,1
2025052501145,2025,052501145,2,1,0,18,19,1,5,0,0,1,0,0,0,0,1,1,5,6,1,35,6,-1,-1,-1,-1,1,E01006562,0,1
2025052501145,2025,052501145,1,9,0,4,4,1,5,0,0,1,0,0,0,0,2,1,1,1,1,48,8,-1,-1,-1,-1,5,E01007226,0,2
2025052501147,2025,052501147,1,9,0,18,19,5,1,0,0,0,0,0,0,0,1,1,6,6,1,89,11,-1,-1,-1,-1,1,E01007215,0,1
2025052501148,2025,052501148,1,90,0,18,19,6,2,0,0,2,0,0,0,0,1,1,2,2,1,5,1,-1,-1,-1,-1,1,E01007085,0,1
2025052501148,2025,052501148,2,9,0,9,9,2,4,0,0,2,0,0,0,0,3,1,3,7,2,41,7,-1,-1,-1,-1,1,E01007089,0,1
2025052501149,2025,052501149,2,9,0,18,19,1,5,0,0,0,0,0,0,0,1,1,5,6,2,74,10,-1,-1,-1,-1,5,E01006802,0,1
2025052501149,2025,052501149,1,9,0,18,19,5,1,0,0,0,0,0,0,0,1,1,5,6,2,71,10,-1,-1,-1,-1,8,E01006368,0,1
2025052501150,2025,052501150,1,9,0,1,1,5,1,0,0,1,0,0,0,0,2,1,6,6,1,-1,-1,-1,-1,-1,-1,-1,-1,0,-1
2025052501151,2025,052501151,1,9,0,4,4,1,5,0,0,2,0,0,0,0,1,2,5,6,2,88,11,-1,-1,-1,-1,2,E01006868,0,1
2025052501152,2025,052501152,2,5,0,18,19,6,2,0,0,1,0,0,0,0,1,1,2,2,1,35,6,-1,-1,-1,-1,2,E01006832,0,1
2025052501152,2025,052501152,1,9,0,9,9,7,3,0,0,8,0,0,0,0,1,1,2,2,2,56,9,-1,-1,-1,-1,10,E01012393,0,2
2025052501154,2025,052501154,1,9,0,18,19,8,3,0,0,1,0,0,0,0,1,1,6,6,2,82,11,-1,-1,-1,-1,9,E01006806,0,1
2025052501154,2025,052501154,2,9,0,4,4,8,3,0,0,1,0,0,0,0,2,1,5,6,2,41,7,-1,-1,-1,-1,1,E01006850,0,1
2025052501155,2025,052501155,1,9,0,16,19,1,5,0,0,0,0,0,0,0,1,1,5,6,1,45,7,-1,-1,-1,-1,7,E01007144,0,1
2025052501155,2025,052501155,2,9,0,17,19,5,1,0,0,0,0,0,0,0,3,1,5,6,2,56,9,-1,-1,-1,-1,7,E01007144,0,1
2025052501156,2025,052501156,2,1,0,18,19,1,6,0,0,0,0,0,0,0,2,1,5,6,1,64,9,-1,-1,-1,-1,5,E01006256,0,3
2025052501156,2025,052501156,1,9,0,3,3,1,6,0,0,0,0,0,0,0,1,1,5,6,1,77,11,-1,-1,-1,-1,8,E01032904,0,2
2025052501157,2025,052501157,1,9,0,18,19,3,7,0,0,0,0,0,0,0,1,1,6,6,3,-1,-1,-1,-1,-1,-1,-1,-1,0,-1
2025052501157,2025,052501157,2,1,0,18,19,3,7,0,0,0,0,0,0,0,2,1,5,6,1,17,4,-1,-1,-1,-1,2,E01007020,0,1
2025052501158,2025,052501158,1,9,0,18,19,5,1,0,0,0,0,0,0,0,1,1,5,6,2,59,9,-1,-1,-1,-1,4,E01006485,0,1
2025052501159,2025,052501159,1,9,0,18,19,8,4,0,0,0,0,0,0,0,1,2,5,6,1,73,10,-1,-1,-1,-1,4,E01034406,0,1
2025052501160,2025,052501160,1,9,0,18,19,7,3,0,0,0,0,0,0,0,1,1,5,6,2,37,7,-1,-1,-1,-1,1,E01034838,0,1
2025052501160,2025,052501160,2,9,0,18,19,7,3,0,0,0,0,0,0,0,2,1,5,6,1,20,4,-1,-1,-1,-1,5,E01006781,0,2
2025052501161,2025,052501161,2,9,0,18,19,6,2,0,0,0,0,0,0,0,3,1,5,6,2,58,9,-1,-1,-1,-1,8,E01012389,0,2
2025052501161,2025,052501161,1,21,4,11,11,6,2,0,0,0,0,0,0,0,4,1,1,1,1,46,8,-1,-1,-1,-1,2,E01007054,0,3
2025052501162,2025,052501162,1,23,0,18,19,6,2,0,0,1,0,0,0,0,1,1,5,6,1,16,4,-1,-1,-1,-1,1,E01006690,0,1
2025052501162,2025,052501162,2,9,0,10,10,4,1,0,0,8,0,0,0,0,4,1,5,6,1,43,7,-1,-1,-1,-1,1,E01006760,0,1
2025052501163,2025,052501163,1,9,0,17,19,2,8,0,0,8,0,0,0,0,1,1,5,6,2,70,10,-1,-1,-1,-1,10,E01018554,0,2
2025052501163,2025,052501163,2,9,0,16,19,8,2,0,0,8,0,0,0,0,1,1,5,6,2,32,6,-1,-1,-1,-1,2,E01007218,0,3
2025052501164,2025,052501164,1,9,0,1,1,2,7,0,0,0,0,0,0,0,2,1,5,6,2,23,5,-1,-1,-1,-1,1,E01006674,0,1
2025052501164,2025,052501164,2,1,0,18,19,7,3,0,0,0,0,0,0,0,1,1,5,6,1,63,9,-1,-1,-1,-1,1,E01006674,0,1
2025052501165,2025,052501165,1,4,0,18,19,5,1,0,0,2,0,7,0,0,1,1,6,6,1,35,6,-1,-1,-1,-1,1,E01006844,0,1
2025052501166,2025,052501166,1,90,0,18,19,3,7,0,0,0,0,0,0,0,1,1,6,6,1,24,5,-1,-1,-1,-1,4,E01006747,0,1
2025052501167,2025,052501167,1,9,0,9,9,7,3,0,0,8,0,0,0,0,1,1,2,2,1,30,6,-1,-1,-1,-1,1,E01033794,0,1
2025052501167,2025,052501167,2,9,0,18,19,3,7,0,0,8,0,0,0,0,1,1,5,6,1,31,6,-1,-1,-1,-1,4,E01012469,0,1
2025052501168,2025,052501168,2,1,0,18,19,8,4,0,0,1,0,0,0,0,2,1,2,2,1,25,5,-1,-1,-1,-1,3,E01006681,0,1
2025052501168,2025,052501168,1,9,0,18,19,8,4,0,0,1,0,0,0,0,1,1,6,6,3,-1,-1,-1,-1,-1,-1,-1,-1,0,-1
2025052501169,2025,052501169,2,9,0,4,4,5,1,0,0,1,0,0,0,0,2,1,6,6,1,40,7,-1,-1,-1,-1,2,E01006945,0,1
2025052501169,2025,052501169,1,9,0,18,19,5,1,0,0,1,0,0,0,0,1,1,6,6,1,-1,-1,-1,-1,-1,-1,-1,-1,0,-1
2025052501170,2025,052501170,1,9,0,18,19,5,1,0,0,0,0,0,0,0,1,1,5,6,1,78,11,-1,-1,-1,-1,9,E01007195,0,3
2025052501170,2025,052501170,2,4,0,3,3,5,1,0,0,0,0,0,0,0,2,1,5,6,1,27,6,-1,-1,-1,-1,1,E01006778,0,1
2025052501171,2025,052501171,1,9,0,5,5,5,1,0,0,0,0,0,0,0,1,1,6,6,3,-1,-1,-1,-1,-1,-1,-1,-1,0,-1
2025052501172,2025,052501172,1,9,0,4,4,8,5,0,0,8,0,0,0,0,2,1,2,2,2,39,7,-1,-1,-1,-1,3,E01006533,0,2
2025052501172,2025,052501172,2,1,0,18,19,8,5,0,0,8,0,0,0,0,1,1,6,6,1,25,5,-1,-1,-1,-1,2,E01006722,0,1
2025052501173,2025,052501173,1,23,0,18,19,8,4,0,0,8,0,0,0,0,1,1,6,6,3,-1,-1,-1,-1,-1,-1,-1,-1,0,-1
2025052501173,2025,052501173,2,1,0,9,9,4,2,0,0,8,0,0,0,0,1,1,5,6,1,46,8,-1,-1,-1,-1,1,E01006467,0,2
2025052501174,2025,052501174,1,9,0,1,1,7,3,0,0,0,0,0,0,0,2,1,6,6,2,-1,-1,-1,-1,-1,-1,-1,-1,0,-1
2025052501174,2025,052501174,2,9,0,1,1,1,5,0,0,0,0,0,0,0,3,1,5,6,1,39,7,-1,-1,-1,-1,1,E01006507,0,1
2025052501175,2025,052501175,1,9,0,12,12,4,8,0,0,0,0,0,0,0,3,1,6,6,1,28,6,-1,-1,-1,-1,5,E01006593,0,2
2025052501175,2025,052501175,2,9,0,18,19,4,8,0,0,0,0,0,0,0,4,1,5,6,1,45,7,-1,-1,-1,-1,3,E01007234,0,3
2025052501176,2025,052501176,1,19,0,7,7,5,7,0,0,1,0,0,0,0,4,1,6,6,3,-1,-1,-1,-1,-1,-1,-1,-1,0,-1
2025052501177,2025,052501177,2,1,0,4,4,4,8,0,0,0,0,0,0,0,2,1,4,7,1,12,3,-1,-1,-1,-1,6,E01007222,0,3
2025052501177,2025,052501177,1,9,0,4,4,4,8,0,0,0,0,0,0,0,1,1,6,6,3,-1,-1,-1,-1,-1,-1,-1,-1,0,-1
2025052501178,2025,052501178,1,9,0,9,9,3,5,0,0,1,0,0,0,0,3,1,6,6,3,-1,-1,-1,-1,-1,-1,-1,-1,0,-1
2025052501179,2025,052501179,2,1,0,18,19,5,1,0,0,1,0,0,0,0,1,1,5,6,1,12,3,-1,-1,-1,-1,1,E01007273,0,1
2025052501179,2025,052501179,1,9,0,4,4,3,7,0,0,1,0,0,0,0,4,1,5,6,1,69,10,-1,-1,-1,-1,2,E01007244,0,1
2025052501180,2025,052501180,1,9,0,18,19,5,1,0,0,8,0,8,0,0,4,1,6,6,3,-1,-1,-1,-1,-1,-1,-1,-1,0,-1
2025052501181,2025,052501181,1,9,0,18,19,1,5,0,0,0,0,0,0,0,1,1,5,6,1,19,4,-1,-1,-1,-1,-1,-1,0,-1
2025052501182,2025,052501182,1,9,0,9,9,3,7,0,0,1,0,0,0,0,1,1,5,6,3,-1,-1,-1,-1,-1,-1,-1,-1,0,-1
2025052501182,2025,052501182,2,9,0,18,19,5,1,0,0,0,0,7,0,2,1,1,2,2,2,44,7,-1,-1,-1,-1,10,E01018562,0,2
2025052501183,2025,052501183,2,9,0,18,19,7,3,0,0,1,0,0,0,0,2,1,6,6,1,35,6,-1,-1,-1,-1,8,E01006348,0,1
2025052501183,2025,052501183,1,9,0,18,19,7,3,0,0,1,0,0,0,0,1,1,6,6,1,35,6,-1,-1,-1,-1,3,E01006282,0,2
2025052501183,2025,052501183,3,9,0,18,19,3,7,0,0,1,0,0,0,0,2,1,6,6,2,53,8,-1,-1,-1,-1,2,E01006284,0,2
2025052501184,2025,052501184,2,9,0,4,4,3,7,0,0,0,0,0,0,0,2,1,5,6,1,34,6,-1,-1,-1,-1,1,E01018520,0,3
2025052501184,2025,052501184,1,19,0,18,19,3,7,0,0,0,0,0,0,0,1,1,5,6,1,25,5,-1,-1,-1,-1,7,E01012475,0,3
2025052501185,2025,052501185,1,9,0,18,19,1,5,0,0,0,0,0,0,0,4,1,5,6,2,20,4,-1,-1,-1,-1,1,E01034396,0,1
2025052501186,2025,052501186,1,9,0,18,19,2,6,0,0,1,0,0,0,0,4,1,5,6,1,64,9,-1,-1,-1,-1,1,E01007019,0,1
2025052501187,2025,052501187,1,9,0,18,19,3,7,0,0,0,0,0,0,0,1,1,5,6,3,-1,-1,-1,-1,-1,-1,-1,-1,0,-1
2025052501187,2025,052501187,2,1,0,4,4,3,7,0,0,0,0,0,0,0,2,1,5,6,1,14,3,-1,-1,-1,-1,8,E01007101,0,1
2025052501188,2025,052501188,2,4,0,4,4,2,6,0,0,0,0,0,0,0,4,1,4,7,1,20,4,-1,-1,-1,-1,8,E01006888,0,1
2025052501188,2025,052501188,1,9,0,1,1,8,4,0,0,0,0,0,0,0,2,1,6,6,2,48,8,-1,-1,-1,-1,8,E01006888,0,1
2025052501190,2025,052501190,1,9,0,18,19,5,1,0,0,0,0,0,0,0,1,1,1,1,1,-1,-1,-1,-1,-1,-1,-1,-1,0,-1