collision_index,collision_year,collision_ref_no,vehicle_reference,vehicle_type,towing_and_articulation,vehicle_manoeuvre_historic,vehicle_manoeuvre,vehicle_direction_from,vehicle_direction_to,vehicle_location_restricted_lane_historic,vehicle_location_restricted_lane,junction_location,skidding_and_overturning,hit_object_in_carriageway,vehicle_leaving_carriageway,hit_object_off_carriageway,first_point_of_impact,vehicle_left_hand_drive,journey_purpose_of_driver_historic,journey_purpose_of_driver,sex_of_driver,age_of_driver,age_band_of_driver,engine_capacity_cc,propulsion_code,age_of_vehicle,generic_make_model,driver_imd_decile,lsoa_of_driver,escooter_flag,driver_distance_banding
2025052501190,2025,052501190,2,23,0,18,19,5,1,0,0,0,0,0,0,0,2,1,6,6,1,19,4,-1,-1,-1,-1,1,E01006766,0,1
2025052501192,2025,052501192,2,9,0,18,19,7,3,0,0,1,0,0,0,0,4,1,3,7,2,43,7,-1,-1,-1,-1,2,E01006910,0,1
2025052501192,2025,052501192,1,9,0,18,19,1,5,0,0,1,0,0,0,0,1,1,1,1,1,54,8,-1,-1,-1,-1,1,E01006692,0,3
2025052501193,2025,052501193,1,2,0,18,19,4,8,0,0,0,0,0,0,0,3,1,5,6,1,56,9,-1,-1,-1,-1,1,E01006567,0,1
2025052501193,2025,052501193,2,9,0,4,4,4,8,0,0,0,0,0,0,0,4,1,5,6,2,49,8,-1,-1,-1,-1,5,E01006488,0,1
2025052501196,2025,052501196,6,9,0,3,3,3,7,0,0,8,0,0,0,0,3,1,5,6,1,51,8,-1,-1,-1,-1,2,E01006536,0,1
2025052501196,2025,052501196,3,9,0,3,3,3,7,0,0,8,0,0,0,0,3,1,5,6,1,53,8,-1,-1,-1,-1,6,E01006596,0,1
2025052501196,2025,052501196,2,9,0,3,3,3,1,0,0,8,0,0,0,0,3,1,2,2,1,49,8,-1,-1,-1,-1,8,E01006582,0,1
2025052501196,2025,052501196,4,9,0,3,3,3,7,0,0,8,0,0,0,0,3,1,5,6,1,33,6,-1,-1,-1,-1,7,E01006683,0,1
2025052501196,2025,052501196,5,9,0,3,3,3,7,0,0,8,0,0,0,0,3,1,5,6,1,38,7,-1,-1,-1,-1,7,E01006689,0,1
2025052501196,2025,052501196,1,11,0,9,9,1,7,0,0,1,0,0,0,0,1,1,1,1,1,62,9,-1,-1,-1,-1,1,E01006756,0,1
2025052501197,2025,052501197,1,9,0,18,19,5,1,0,0,0,0,0,0,0,1,1,5,6,1,82,11,-1,-1,-1,-1,1,E01006908,0,1
2025052501198,2025,052501198,1,19,0,18,19,5,1,0,0,6,0,0,0,0,1,1,1,1,1,41,7,-1,-1,-1,-1,3,E01001448,0,5
2025052501199,2025,052501199,1,9,0,18,19,8,4,0,0,0,0,0,0,0,1,1,6,6,2,66,10,-1,-1,-1,-1,1,E01033097,0,1
2025052501200,2025,052501200,1,1,0,18,19,3,7,0,0,0,0,0,0,0,4,1,5,6,1,62,9,-1,-1,-1,-1,3,E01006619,0,2
2025052501201,2025,052501201,2,9,0,9,9,8,4,0,0,0,0,0,0,0,2,1,1,1,1,-1,-1,-1,-1,-1,-1,3,E01006743,0,3
2025052501201,2025,052501201,1,9,0,18,19,8,4,0,0,0,0,0,0,0,1,1,5,6,2,31,6,-1,-1,-1,-1,1,E01006732,0,1
2025052501203,2025,052501203,2,1,0,18,19,8,4,0,0,0,0,0,0,0,1,1,4,7,1,16,4,-1,-1,-1,-1,2,E01006858,0,4
2025052501203,2025,052501203,1,9,0,18,19,4,8,0,0,0,0,0,0,0,4,1,5,6,2,51,8,-1,-1,-1,-1,2,E01006456,0,1
2025052501204,2025,052501204,1,9,0,5,5,2,6,0,0,0,0,0,0,0,1,1,5,6,1,53,8,-1,-1,-1,-1,5,E01006665,0,2
2025052501205,2025,052501205,1,19,0,18,19,2,6,0,0,0,0,0,0,0,1,1,1,1,1,54,8,-1,-1,-1,-1,1,E01006919,0,1
2025052501205,2025,052501205,2,19,0,2,2,0,0,0,0,0,0,0,0,0,2,1,6,6,3,-1,-1,-1,-1,-1,-1,-1,-1,0,-1
2025052501207,2025,052501207,2,9,0,16,19,2,5,0,0,0,1,0,0,0,1,1,6,6,1,-1,-1,-1,-1,-1,-1,2,E01006464,0,1
2025052501207,2025,052501207,1,9,0,17,19,5,2,0,0,0,0,0,0,0,3,1,1,1,3,-1,-1,-1,-1,-1,-1,-1,-1,0,-1
2025052501208,2025,052501208,1,9,0,4,4,4,8,0,0,1,0,7,0,0,0,1,5,6,1,40,7,-1,-1,-1,-1,8,E01035389,0,4
2025052501209,2025,052501209,2,9,0,18,19,2,6,0,0,0,0,0,0,0,1,1,5,6,2,26,6,-1,-1,-1,-1,1,E01007273,0,2
2025052501209,2025,052501209,1,1,0,18,19,4,8,0,0,0,0,0,0,0,3,1,6,6,1,12,3,-1,-1,-1,-1,1,E01007133,0,2
2025052501210,2025,052501210,2,1,0,4,4,6,2,0,0,8,0,0,0,0,4,1,6,6,1,45,7,-1,-1,-1,-1,2,E01007024,0,1
2025052501210,2025,052501210,1,19,0,5,5,6,2,0,0,8,0,0,0,0,1,1,6,6,3,-1,-1,-1,-1,-1,-1,-1,-1,0,-1
2025052501211,2025,052501211,1,9,0,18,19,4,8,0,0,0,0,0,0,0,1,1,5,6,1,76,11,-1,-1,-1,-1,8,E01007097,0,1
2025052501211,2025,052501211,2,9,0,18,19,8,4,0,0,0,0,0,0,0,1,1,5,6,3,-1,-1,-1,-1,-1,-1,-1,-1,0,-1
2025052501212,2025,052501212,1,8,0,5,5,6,2,0,0,0,0,0,0,0,4,1,1,1,1,-1,-1,-1,-1,-1,-1,-1,-1,0,-1
2025052501213,2025,052501213,2,9,0,18,19,3,7,0,0,0,0,0,0,0,3,1,5,6,2,22,5,-1,-1,-1,-1,1,E01006903,0,3
2025052501213,2025,052501213,1,21,1,11,11,3,7,0,0,0,0,0,0,0,4,1,1,1,1,-1,-1,-1,-1,-1,-1,-1,-1,0,-1
2025052501214,2025,052501214,1,1,0,18,19,5,1,0,0,0,0,0,0,0,0,1,5,6,1,50,8,-1,-1,-1,-1,1,E01007121,0,1
2025052501215,2025,052501215,1,9,0,5,5,4,8,0,0,0,0,0,0,0,1,1,6,6,3,-1,-1,-1,-1,-1,-1,-1,-1,0,-1
2025052501216,2025,052501216,1,9,0,9,9,1,7,0,0,1,0,0,0,0,1,1,6,6,3,-1,-1,-1,-1,-1,-1,-1,-1,0,-1
2025052501217,2025,052501217,2,1,0,18,19,5,1,0,0,1,0,0,0,0,2,1,5,6,1,46,8,-1,-1,-1,-1,3,E01006550,0,1
2025052501217,2025,052501217,1,9,0,9,9,7,5,0,0,6,0,0,3,0,1,1,5,6,1,42,7,-1,-1,-1,-1,3,E01006587,0,1
2025052501218,2025,052501218,1,9,0,4,4,4,8,0,0,0,0,0,0,0,1,1,5,6,2,37,7,-1,-1,-1,-1,1,E01006763,0,2
2025052501218,2025,052501218,2,1,0,18,19,8,4,0,0,0,0,0,0,0,1,1,6,6,1,30,6,-1,-1,-1,-1,2,E01007024,0,1
2025052501219,2025,052501219,1,9,0,18,19,5,1,0,0,0,0,0,0,0,3,1,6,6,3,-1,-1,-1,-1,-1,-1,-1,-1,0,-1
2025052501220,2025,052501220,1,9,0,18,19,4,1,0,0,8,0,0,0,0,1,1,6,6,1,41,7,-1,-1,-1,-1,2,E01006523,0,2
2025052501220,2025,052501220,2,1,0,5,5,6,2,0,0,8,0,0,0,0,3,1,4,7,1,12,3,-1,-1,-1,-1,2,E01007024,0,2
2025052501221,2025,052501221,2,9,0,18,19,1,5,0,0,0,0,0,0,0,1,1,5,6,2,46,8,-1,-1,-1,-1,6,E01018679,0,4
2025052501221,2025,052501221,1,90,0,18,19,3,7,0,0,0,0,0,0,0,1,1,5,6,1,20,4,-1,-1,-1,-1,1,E01006552,0,1
2025052501222,2025,052501222,1,23,0,18,19,7,3,0,0,0,0,4,0,0,1,1,5,6,1,28,6,-1,-1,-1,-1,2,E01006845,0,1
2025052501222,2025,052501222,2,9,0,2,2,0,0,0,0,0,0,0,0,0,2,1,6,6,3,-1,-1,-1,-1,-1,-1,-1,-1,0,-1
2025052501223,2025,052501223,1,21,0,18,19,7,3,0,0,0,0,0,0,0,3,1,1,1,3,-1,-1,-1,-1,-1,-1,-1,-1,0,-1
2025052501224,2025,052501224,1,9,0,18,19,3,7,0,0,1,0,0,0,0,1,1,6,6,1,-1,-1,-1,-1,-1,-1,-1,-1,0,-1
2025052501224,2025,052501224,2,9,0,3,3,3,7,0,0,1,0,0,0,0,2,1,6,6,1,67,10,-1,-1,-1,-1,1,E01006412,0,2
2025052501225,2025,052501225,2,9,0,10,10,5,7,0,0,8,0,0,1,0,1,1,5,6,2,26,6,-1,-1,-1,-1,5,E01006438,0,1
2025052501225,2025,052501225,1,9,0,18,19,1,3,0,0,8,0,0,0,0,1,1,5,6,2,20,4,-1,-1,-1,-1,1,E01006672,0,1
2025052501226,2025,052501226,2,23,0,18,19,1,5,0,0,1,0,0,0,0,4,1,5,6,1,8,2,-1,-1,-1,-1,3,E01018710,0,4
2025052501226,2025,052501226,1,9,0,18,19,3,7,0,0,1,0,0,0,0,1,1,5,6,1,66,10,-1,-1,-1,-1,1,E01006467,0,1
2025052501228,2025,052501228,1,9,0,6,6,5,5,0,0,0,0,4,0,0,2,1,6,6,3,-1,-1,-1,-1,-1,-1,-1,-1,0,-1
2025052501229,2025,052501229,1,5,0,16,19,5,1,0,0,0,0,0,4,6,1,1,5,6,1,27,6,-1,-1,-1,-1,5,E01006265,0,2
2025052501229,2025,052501229,2,5,0,16,19,5,1,0,0,0,0,0,0,0,1,1,5,6,1,31,6,-1,-1,-1,-1,1,E01006812,0,1
2025052501230,2025,052501230,2,9,0,18,19,7,3,0,0,1,0,0,0,0,1,1,5,6,1,43,7,-1,-1,-1,-1,7,E01006923,0,1
2025052501230,2025,052501230,1,9,0,9,9,3,7,0,0,5,0,0,0,0,4,1,5,6,2,85,11,-1,-1,-1,-1,8,E01006921,0,1
2025052501231,2025,052501231,2,9,0,18,19,5,1,0,0,8,0,0,0,0,1,1,6,6,1,26,6,-1,-1,-1,-1,10,E01007281,0,3
2025052501231,2025,052501231,1,9,0,9,9,1,7,0,0,8,0,0,0,0,1,1,6,6,2,20,4,-1,-1,-1,-1,9,E01016626,0,5
2025052501232,2025,052501232,2,9,0,4,4,1,5,0,0,0,0,0,1,0,2,1,5,6,2,50,8,-1,-1,-1,-1,4,E01007312,0,2
2025052501232,2025,052501232,1,9,0,18,19,1,5,0,0,0,0,0,0,0,1,1,2,2,1,60,9,-1,-1,-1,-1,9,W01000260,0,3
2025052501233,2025,052501233,1,9,0,18,19,7,3,0,0,1,0,0,0,0,1,1,6,6,2,-1,-1,-1,-1,-1,-1,-1,-1,0,-1
2025052501233,2025,052501233,2,9,0,4,4,7,3,0,0,1,0,0,0,0,2,1,5,6,3,-1,-1,-1,-1,-1,-1,-1,-1,0,-1
2025052501234,2025,052501234,1,9,0,18,19,5,3,0,0,0,0,0,0,0,4,1,2,2,2,64,9,-1,-1,-1,-1,3,E01006550,0,1
2025052501235,2025,052501235,1,11,0,18,19,1,5,0,0,1,0,0,0,0,1,1,1,1,1,23,5,-1,-1,-1,-1,2,E01025245,0,4
2025052501236,2025,052501236,1,9,0,18,19,1,5,0,0,0,0,0,0,0,1,1,5,6,1,23,5,-1,-1,-1,-1,1,E01006615,0,2
2025052501236,2025,052501236,2,9,0,18,19,5,1,0,0,0,0,0,0,0,1,1,1,1,2,63,9,-1,-1,-1,-1,4,E01007053,0,1
2025052501237,2025,052501237,1,9,0,18,19,1,5,0,0,1,0,0,0,0,1,1,6,6,3,-1,-1,-1,-1,-1,-1,-1,-1,0,-1
2025052501237,2025,052501237,2,1,0,4,4,1,5,0,0,1,0,0,0,0,2,1,5,6,2,52,8,-1,-1,-1,-1,1,E01006678,0,1
2025052501238,2025,052501238,1,19,0,9,9,1,7,0,0,2,0,0,0,0,1,1,6,6,1,-1,-1,-1,-1,-1,-1,6,E01007287,0,2
2025052501238,2025,052501238,2,1,0,18,19,6,3,0,0,8,0,0,0,0,4,1,4,7,1,13,3,-1,-1,-1,-1,6,E01007196,0,1
2025052501239,2025,052501239,2,9,0,18,19,5,1,0,0,0,0,0,0,0,1,1,6,6,1,77,11,-1,-1,-1,-1,1,E01006875,0,3
2025052501239,2025,052501239,1,9,0,16,19,1,5,0,0,0,0,0,7,0,1,1,2,2,2,47,8,-1,-1,-1,-1,3,E01006639,0,1
2025052501240,2025,052501240,2,9,0,3,3,0,1,0,0,1,0,0,0,0,2,1,5,6,2,52,8,-1,-1,-1,-1,1,E01006711,0,1
2025052501240,2025,052501240,3,9,0,3,3,0,1,0,0,1,0,0,0,0,0,1,1,1,1,-1,-1,-1,-1,-1,-1,1,E01006678,0,1
2025052501240,2025,052501240,1,9,0,18,19,0,1,0,0,1,0,4,0,0,1,1,6,6,2,25,5,-1,-1,-1,-1,5,E01006488,0,1
2025052501241,2025,052501241,1,2,0,18,19,1,5,0,0,0,0,0,0,0,1,1,5,6,1,27,6,-1,-1,-1,-1,4,E01006625,0,1
2025052501242,2025,052501242,1,9,0,16,19,1,5,0,0,0,0,0,0,0,1,1,5,6,2,62,9,-1,-1,-1,-1,1,E01007119,0,2
2025052501242,2025,052501242,2,9,0,17,19,5,1,0,0,0,0,0,0,0,1,1,5,6,1,73,10,-1,-1,-1,-1,8,E01007285,0,1
2025052501243,2025,052501243,2,1,0,18,19,5,1,0,0,0,0,0,0,0,2,1,5,6,1,17,4,-1,-1,-1,-1,1,E01006756,0,1
2025052501243,2025,052501243,1,9,0,13,13,5,1,0,0,0,0,0,0,0,1,1,6,6,3,-1,-1,-1,-1,-1,-1,-1,-1,0,-1
2025052501244,2025,052501244,1,9,0,5,5,6,2,0,0,0,0,0,0,0,4,1,6,6,3,-1,-1,-1,-1,-1,-1,-1,-1,0,-1
2025052501246,2025,052501246,1,9,0,18,19,1,5,0,0,0,0,0,0,0,1,1,5,6,2,59,9,-1,-1,-1,-1,3,E01006982,0,1
2025052501248,2025,052501248,1,9,0,18,19,6,2,0,0,6,0,0,0,0,4,1,1,1,1,40,7,-1,-1,-1,-1,2,E01006522,0,2
2025052501249,2025,052501249,2,5,0,18,19,2,6,0,0,1,0,0,0,0,1,1,5,6,1,33,6,-1,-1,-1,-1,2,E01006783,0,2
2025052501249,2025,052501249,1,8,0,9,9,6,2,0,0,5,0,0,0,0,1,1,1,1,1,41,7,-1,-1,-1,-1,1,E01034401,0,1
2025052501250,2025,052501250,1,11,0,7,7,3,5,0,0,8,0,0,0,0,4,1,1,1,1,41,7,-1,-1,-1,-1,2,E01006718,0,2
2025052501251,2025,052501251,1,9,0,9,9,1,7,0,0,2,0,0,0,0,1,1,5,6,1,36,7,-1,-1,-1,-1,1,E01006467,0,1
2025052501252,2025,052501252,1,8,0,5,5,7,3,0,0,0,0,0,0,0,1,1,1,1,3,-1,-1,-1,-1,-1,-1,-1,-1,0,-1
2025052501252,2025,052501252,2,8,0,4,4,7,3,0,0,0,0,0,0,0,2,1,1,1,1,27,6,-1,-1,-1,-1,2,E01006722,0,1
2025052501253,2025,052501253,2,9,0,4,4,5,1,0,0,4,0,0,0,0,2,1,5,6,2,46,8,-1,-1,-1,-1,5,E01006576,0,2
2025052501253,2025,052501253,1,9,0,18,19,5,1,0,0,4,0,0,0,0,1,1,6,6,3,-1,-1,-1,-1,-1,-1,-1,-1,0,-1
2025052501254,2025,052501254,1,21,1,5,5,1,5,0,0,0,0,0,0,0,1,1,1,1,1,52,8,-1,-1,-1,-1,3,E01015882,0,5
2025052501255,2025,052501255,2,9,0,9,9,6,2,0,0,0,0,0,0,0,3,1,5,6,1,26,6,-1,-1,-1,-1,1,E01006673,0,1
2025052501255,2025,052501255,1,4,0,18,19,6,2,0,0,0,0,0,0,0,4,1,5,6,1,32,6,-1,-1,-1,-1,3,E01006554,0,1
2025052501256,2025,052501256,1,1,0,18,19,3,7,0,0,0,0,0,0,0,1,1,6,6,3,-1,-1,-1,-1,-1,-1,-1,-1,0,-1
2025052501256,2025,052501256,2,1,0,4,4,5,1,0,0,0,0,0,0,0,4,1,5,6,1,54,8,-1,-1,-1,-1,2,E01006876,0,1
2025052501257,2025,052501257,1,9,0,18,19,6,2,0,0,0,0,0,0,0,1,1,6,6,3,-1,-1,-1,-1,-1,-1,-1,-1,0,-1
2025052501258,2025,052501258,2,1,0,5,5,3,7,0,0,1,0,0,0,0,4,1,2,2,1,36,7,-1,-1,-1,-1,1,E01007129,0,1
2025052501258,2025,052501258,1,9,0,14,14,5,1,0,0,1,0,0,0,0,1,1,6,6,3,-1,-1,-1,-1,-1,-1,-1,-1,0,-1
2025052501259,2025,052501259,1,9,0,18,19,5,1,0,0,6,0,0,0,0,1,1,5,6,1,88,11,-1,-1,-1,-1,6,E01007305,0,1
2025052501259,2025,052501259,2,9,0,18,19,3,7,0,0,8,0,0,0,0,1,1,5,6,1,67,10,-1,-1,-1,-1,5,E01007252,0,1
2025052501260,2025,052501260,1,19,0,4,4,7,3,0,0,1,0,0,0,0,1,1,1,1,1,43,7,-1,-1,-1,-1,1,E01006109,0,4
2025052501261,2025,052501261,1,9,0,3,3,1,5,0,0,3,0,0,0,0,2,1,5,6,2,52,8,-1,-1,-1,-1,6,E01006901,0,1
2025052501261,2025,052501261,2,19,0,3,3,1,5,0,0,3,0,0,0,0,1,9,6,6,3,-1,-1,-1,-1,-1,-1,-1,-1,0,-1
2025052501262,2025,052501262,1,9,0,18,19,8,4,0,0,0,0,0,0,0,4,1,5,6,2,75,10,-1,-1,-1,-1,4,E01006628,0,1
2025052501264,2025,052501264,1,8,0,4,4,3,7,0,0,0,0,0,0,0,0,1,1,1,1,-1,-1,-1,-1,-1,-1,-1,-1,0,-1
2025052501265,2025,052501265,1,9,0,5,5,4,8,0,0,0,0,0,0,0,1,1,6,6,1,70,10,-1,-1,-1,-1,1,E01006413,0,1
2025052501265,2025,052501265,2,1,0,18,19,2,6,0,0,0,0,0,0,0,3,1,6,6,1,49,8,-1,-1,-1,-1,1,E01006440,0,1
2025052501267,2025,052501267,1,9,0,18,19,5,1,0,0,0,0,0,0,0,1,1,6,6,3,-1,-1,-1,-1,-1,-1,-1,-1,0,-1
2025052501268,2025,052501268,2,9,0,18,19,3,7,0,0,1,0,0,0,0,1,1,1,1,2,31,6,-1,-1,-1,-1,2,E01006772,0,3
2025052501268,2025,052501268,1,1,0,9,9,1,3,0,0,2,1,0,0,0,3,1,5,6,1,19,4,-1,-1,-1,-1,2,E01007300,0,1
2025052501269,2025,052501269,2,9,0,6,6,7,7,0,0,0,0,0,0,0,3,1,5,6,1,49,8,-1,-1,-1,-1,1,E01007139,0,2
2025052501269,2025,052501269,1,9,0,18,19,7,3,0,0,0,0,0,0,0,1,1,5,6,1,33,6,-1,-1,-1,-1,1,E01006642,0,1
2025052501282,2025,052501282,2,21,0,18,19,5,1,0,0,0,0,0,0,0,2,1,1,1,1,23,5,-1,-1,-1,-1,6,E01010027,0,5
2025052501282,2025,052501282,1,8,0,18,19,5,1,0,0,0,0,0,0,0,1,1,1,1,1,39,7,-1,-1,-1,-1,5,E01018717,0,4
2025052501289,2025,052501289,1,9,0,18,19,0,2,0,0,1,0,0,0,0,2,1,1,1,1,38,7,-1,-1,-1,-1,1,E01006563,0,1
2025052501290,2025,052501290,2,9,0,18,19,2,6,0,0,8,0,0,0,0,1,1,5,6,2,37,7,-1,-1,-1,-1,1,E01006732,0,1
2025052501290,2025,052501290,1,9,0,9,9,5,2,0,0,8,0,0,0,0,1,1,5,6,2,40,7,-1,-1,-1,-1,1,E01006730,0,1
2025052501302,2025,052501302,1,9,0,18,19,1,5,0,0,0,0,0,0,0,0,1,1,1,1,-1,-1,-1,-1,-1,-1,-1,-1,0,-1
2025052501302,2025,052501302,2,1,0,18,19,1,7,0,0,0,1,4,0,0,1,1,5,6,1,33,6,-1,-1,-1,-1,1,E01007295,0,1
2025052501302,2025,052501302,3,9,0,2,2,0,0,0,0,0,0,0,0,0,1,1,6,6,3,-1,-1,-1,-1,-1,-1,-1,-1,0,-1
2025052501320,2025,052501320,2,21,0,5,5,3,7,0,0,1,0,0,0,0,4,1,1,1,1,-1,-1,-1,-1,-1,-1,-1,-1,0,-1
2025052501320,2025,052501320,1,8,0,12,12,3,7,0,0,1,0,0,0,0,3,1,1,1,1,49,8,-1,-1,-1,-1,1,E01006957,0,2
2025052501343,2025,052501343,1,23,0,18,19,7,3,0,0,0,0,0,0,0,1,1,5,6,1,45,7,-1,-1,-1,-1,2,E01006783,0,3
2025052501365,2025,052501365,2,9,0,2,2,0,0,0,0,0,0,0,0,0,4,1,5,6,3,-1,-1,-1,-1,-1,-1,-1,-1,0,-1
2025052501365,2025,052501365,1,9,0,18,19,2,1,0,0,0,0,0,0,0,4,1,5,6,2,73,10,-1,-1,-1,-1,1,E01007304,0,1
2025052501413,2025,052501413,1,9,0,18,19,3,7,0,0,0,0,0,0,0,1,1,6,6,3,-1,-1,-1,-1,-1,-1,-1,-1,0,-1
2025052501413,2025,052501413,2,90,0,5,5,5,1,0,0,0,0,0,0,0,3,1,2,2,2,21,5,-1,-1,-1,-1,1,E01033763,0,1
2025052501418,2025,052501418,1,9,0,17,19,5,7,0,0,8,0,0,0,0,1,1,5,6,2,66,10,-1,-1,-1,-1,1,E01006950,0,1
2025052501418,2025,052501418,2,1,0,16,19,3,7,0,0,8,0,0,0,0,2,1,2,2,1,59,9,-1,-1,-1,-1,5,E01006933,0,1
2025052501475,2025,052501475,2,9,0,-1,-1,5,1,0,0,0,0,0,0,0,1,9,6,6,3,-1,-1,-1,-1,-1,-1,-1,-1,0,-1
2025052501475,2025,052501475,1,1,0,-1,-1,3,7,0,0,0,0,0,0,0,3,1,-1,-1,1,12,3,-1,-1,-1,-1,1,E01006658,0,1
2025052501513,2025,052501513,2,9,0,18,19,7,3,0,0,1,0,0,0,0,0,1,6,6,1,32,6,-1,-1,-1,-1,4,E01006954,0,2
2025052501513,2025,052501513,1,9,0,18,19,5,1,0,0,6,0,0,1,0,4,1,5,6,1,29,6,-1,-1,-1,-1,6,E01033756,0,1
2025052501558,2025,052501558,1,9,0,17,19,7,3,0,0,1,0,0,0,0,1,1,2,2,3,-1,-1,-1,-1,-1,-1,-1,-1,0,-1
2025052501558,2025,052501558,2,9,0,3,3,7,3,0,0,1,0,0,0,0,2,1,2,2,2,32,6,-1,-1,-1,-1,1,E01034400,0,1
2025052501575,2025,052501575,1,9,0,18,19,3,7,0,0,0,0,0,0,0,1,1,5,6,1,51,8,-1,-1,-1,-1,8,E01012395,0,1
2025052501575,2025,052501575,2,1,0,18,19,5,1,0,0,0,0,0,0,0,3,1,5,6,1,68,10,-1,-1,-1,-1,3,E01006890,0,1
2025052501789,2025,052501789,1,9,0,18,19,3,7,0,0,0,0,0,0,0,4,1,6,6,1,60,9,-1,-1,-1,-1,2,E01006899,0,1
2025061536649,2025,061536649,2,9,0,-1,19,8,1,-1,0,1,0,0,0,0,1,1,-1,9,1,50,8,-1,-1,-1,-1,-1,-1,0,-1
2025061536649,2025,061536649,1,1,0,-1,19,1,8,-1,0,1,0,0,0,0,1,1,-1,6,1,13,3,-1,-1,-1,-1,-1,-1,0,-1
2025061536693,2025,061536693,1,9,0,-1,19,1,5,-1,0,0,1,7,4,0,3,1,-1,9,2,25,5,-1,-1,-1,-1,4,E01005436,0,3
2025061536977,2025,061536977,1,9,0,-1,19,4,8,-1,0,0,0,0,0,0,1,1,-1,2,1,36,7,-1,-1,-1,-1,1,E01005383,0,1
2025061537024,2025,061537024,1,19,0,-1,9,1,3,-1,0,0,0,0,0,0,1,1,-1,2,1,22,5,-1,-1,-1,-1,-1,-1,0,-1
2025061537091,2025,061537091,2,98,5,-1,2,0,0,-1,0,0,0,0,0,0,1,1,-1,1,1,35,6,-1,-1,-1,-1,-1,-1,0,-1
2025061537091,2025,061537091,1,9,0,-1,19,1,4,-1,0,0,1,4,0,0,1,1,-1,9,1,32,6,-1,-1,-1,-1,1,E01004839,0,1
2025061537258,2025,061537258,1,9,0,-1,10,-1,-1,-1,0,4,0,0,0,0,3,1,-1,6,1,-1,-1,-1,-1,-1,-1,10,E01006098,0,1
2025061537258,2025,061537258,2,1,0,-1,9,-1,-1,-1,0,4,2,9,0,0,3,1,-1,6,1,39,7,-1,-1,-1,-1,7,E01006099,0,1
2025061537318,2025,061537318,1,9,0,-1,7,1,7,-1,0,5,0,0,0,0,1,2,-1,1,1,43,7,-1,-1,-1,-1,9,E01018593,0,2
2025061537318,2025,061537318,2,9,0,-1,9,7,3,-1,0,6,0,0,0,0,1,2,-1,1,2,53,8,-1,-1,-1,-1,2,E01005938,0,3
2025061537418,2025,061537418,1,9,0,-1,9,8,5,-1,0,6,0,0,0,0,3,1,-1,9,2,47,8,-1,-1,-1,-1,2,E01005200,0,1
2025061537418,2025,061537418,2,1,0,-1,19,5,1,-1,0,1,0,0,0,0,1,1,-1,9,1,63,9,-1,-1,-1,-1,4,E01005994,0,2
2025061537419,2025,061537419,1,9,0,-1,19,8,4,-1,0,0,1,0,0,0,1,1,-1,8,2,29,6,-1,-1,-1,-1,-1,-1,0,-1
2025061537419,2025,061537419,3,19,0,-1,3,8,4,-1,0,0,0,0,0,0,0,1,-1,8,2,25,5,-1,-1,-1,-1,-1,-1,0,-1
2025061537419,2025,061537419,2,9,0,-1,3,8,4,-1,0,0,0,0,0,0,2,1,-1,8,2,31,6,-1,-1,-1,-1,-1,-1,0,-1
2025061537425,2025,061537425,2,9,0,-1,19,1,5,-1,0,0,0,0,0,0,3,1,-1,6,2,39,7,-1,-1,-1,-1,10,E01005927,0,3
2025061537425,2025,061537425,1,9,0,-1,19,1,3,-1,0,0,0,0,0,0,1,1,-1,6,1,39,7,-1,-1,-1,-1,2,E01005462,0,1
2025061537425,2025,061537425,3,9,0,-1,19,1,4,-1,0,0,0,4,0,0,1,1,-1,6,1,19,4,-1,-1,-1,-1,-1,-1,0,-1
2025061537444,2025,061537444,1,9,0,-1,19,5,8,-1,0,1,0,0,0,0,1,1,-1,9,1,53,8,-1,-1,-1,-1,4,E01005025,0,1
2025061537497,2025,061537497,1,9,0,-1,19,3,7,-1,0,1,0,11,7,1,4,2,-1,9,2,36,7,-1,-1,-1,-1,1,E01005967,0,3
2025061537580,2025,061537580,1,1,0,-1,19,-1,-1,-1,0,8,5,0,0,0,4,1,-1,6,1,51,8,-1,-1,-1,-1,7,E01006379,0,1
2025061537580,2025,061537580,2,9,0,-1,7,-1,-1,-1,0,6,0,0,0,0,1,1,-1,6,2,38,7,-1,-1,-1,-1,1,E01006288,0,1
2025061537581,2025,061537581,3,9,0,-1,19,6,2,-1,0,0,0,0,0,0,1,1,-1,9,1,27,6,-1,-1,-1,-1,10,E01018574,0,4
2025061537581,2025,061537581,1,9,0,-1,12,6,2,-1,0,0,0,0,1,0,1,1,-1,2,1,31,6,-1,-1,-1,-1,4,E01010598,0,4
2025061537581,2025,061537581,4,9,0,-1,19,6,2,-1,0,0,0,0,0,0,1,1,-1,9,2,24,5,-1,-1,-1,-1,3,E01005567,0,3
2025061537581,2025,061537581,5,9,0,-1,19,6,2,-1,0,0,0,0,0,0,1,1,-1,6,1,49,8,-1,-1,-1,-1,4,E01005439,0,3
2025061537581,2025,061537581,2,19,0,-1,19,6,2,-1,0,0,0,0,0,0,1,1,-1,1,1,20,4,-1,-1,-1,-1,7,E01005644,0,2
2025061537594,2025,061537594,1,3,0,-1,19,1,5,-1,0,0,0,0,0,0,0,1,-1,6,1,-1,-1,-1,-1,-1,-1,-1,-1,0,-1