collision_index,collision_year,collision_ref_no,vehicle_reference,vehicle_type,towing_and_articulation,vehicle_manoeuvre_historic,vehicle_manoeuvre,vehicle_direction_from,vehicle_direction_to,vehicle_location_restricted_lane_historic,vehicle_location_restricted_lane,junction_location,skidding_and_overturning,hit_object_in_carriageway,vehicle_leaving_carriageway,hit_object_off_carriageway,first_point_of_impact,vehicle_left_hand_drive,journey_purpose_of_driver_historic,journey_purpose_of_driver,sex_of_driver,age_of_driver,age_band_of_driver,engine_capacity_cc,propulsion_code,age_of_vehicle,generic_make_model,driver_imd_decile,lsoa_of_driver,escooter_flag,driver_distance_banding
2025061537609,2025,061537609,2,9,0,-1,19,-1,-1,-1,0,1,0,0,0,0,2,1,-1,6,3,-1,-1,-1,-1,-1,-1,-1,-1,0,-1
2025061537609,2025,061537609,1,9,0,-1,8,1,2,-1,0,1,0,0,0,0,2,1,-1,6,2,65,9,-1,-1,-1,-1,3,E01005181,0,1
2025061537679,2025,061537679,1,9,0,-1,19,1,5,-1,0,0,0,0,1,0,1,1,-1,9,2,66,10,-1,-1,-1,-1,4,E01005724,0,1
2025061537871,2025,061537871,1,1,0,-1,19,-1,-1,-1,0,8,0,0,0,0,3,1,-1,6,1,62,9,-1,-1,-1,-1,8,E01006279,0,2
2025061537871,2025,061537871,2,9,0,-1,9,-1,-1,-1,0,5,0,0,0,0,1,1,-1,6,1,-1,-1,-1,-1,-1,-1,-1,-1,0,-1
2025061537934,2025,061537934,2,9,0,-1,19,-1,-1,-1,99,0,0,0,0,0,1,1,-1,6,3,-1,-1,-1,-1,-1,-1,-1,-1,0,-1
2025061537934,2025,061537934,1,9,0,-1,19,-1,-1,-1,99,0,0,0,0,0,2,1,-1,6,1,32,6,-1,-1,-1,-1,2,E01005890,0,1
2025061537952,2025,061537952,2,9,0,-1,2,0,0,-1,0,1,0,0,0,0,1,1,-1,9,1,65,9,-1,-1,-1,-1,7,E01005715,0,1
2025061537952,2025,061537952,1,9,0,-1,19,1,5,-1,0,1,1,4,0,0,4,1,-1,2,1,34,6,-1,-1,-1,-1,2,E01005659,0,1
2025061537982,2025,061537982,1,9,0,-1,9,4,2,-1,0,8,0,0,1,11,1,1,-1,9,1,21,5,-1,-1,-1,-1,1,E01005253,0,2
2025061538007,2025,061538007,2,2,0,-1,19,3,7,-1,0,1,0,0,0,0,1,1,-1,2,1,58,9,-1,-1,-1,-1,3,E01025359,0,2
2025061538007,2025,061538007,1,9,0,-1,9,7,5,-1,0,8,0,0,0,0,1,1,-1,2,1,19,4,-1,-1,-1,-1,8,E01005357,0,2
2025061538303,2025,061538303,3,9,0,-1,19,7,3,-1,0,8,0,0,0,0,3,1,-1,9,2,44,7,-1,-1,-1,-1,5,E01004981,0,4
2025061538303,2025,061538303,1,1,0,-1,19,5,1,-1,0,8,0,0,0,0,4,1,-1,6,3,-1,-1,-1,-1,-1,-1,-1,-1,0,-1
2025061538303,2025,061538303,2,9,0,-1,19,3,7,-1,0,8,0,0,0,0,1,1,-1,9,1,40,7,-1,-1,-1,-1,5,E01006021,0,1
2025061538376,2025,061538376,2,9,0,-1,9,1,7,-1,0,6,0,0,0,0,4,1,-1,7,2,40,7,-1,-1,-1,-1,-1,-1,0,-1
2025061538376,2025,061538376,1,9,0,-1,19,4,8,-1,0,2,0,0,0,0,4,1,-1,6,2,47,8,-1,-1,-1,-1,-1,-1,0,-1
2025061538477,2025,061538477,2,1,0,-1,19,6,2,-1,9,0,0,0,0,0,1,1,-1,1,2,29,6,-1,-1,-1,-1,4,E01006186,0,1
2025061538477,2025,061538477,1,9,0,-1,9,2,6,-1,0,0,0,0,0,0,1,1,-1,2,1,28,6,-1,-1,-1,-1,4,E01006188,0,1
2025061538570,2025,061538570,4,9,0,-1,19,3,5,-1,0,1,0,0,0,0,1,1,-1,6,1,81,11,-1,-1,-1,-1,7,E01005676,0,1
2025061538570,2025,061538570,1,9,0,-1,3,3,5,-1,0,2,0,0,0,0,2,1,-1,6,1,39,7,-1,-1,-1,-1,-1,-1,0,-1
2025061538570,2025,061538570,2,9,0,-1,3,3,5,-1,0,2,0,0,0,0,2,1,-1,6,1,32,6,-1,-1,-1,-1,-1,-1,0,-1
2025061538570,2025,061538570,3,9,0,-1,3,3,5,-1,0,2,0,0,0,0,2,1,-1,1,1,43,7,-1,-1,-1,-1,2,E01006338,0,2
2025061538611,2025,061538611,5,9,0,-1,2,1,1,-1,0,1,0,0,0,0,2,2,-1,6,-1,-1,-1,-1,-1,-1,-1,-1,-1,0,-1
2025061538611,2025,061538611,1,9,0,-1,19,3,7,-1,0,1,0,0,0,0,1,2,-1,9,1,16,4,-1,-1,-1,-1,-1,-1,0,-1
2025061538611,2025,061538611,4,9,0,-1,3,1,1,-1,0,1,0,0,0,0,4,2,-1,9,1,40,7,-1,-1,-1,-1,-1,-1,0,-1
2025061538611,2025,061538611,6,9,0,-1,2,0,0,-1,0,1,0,0,0,0,2,2,-1,6,-1,-1,-1,-1,-1,-1,-1,-1,-1,0,-1
2025061538611,2025,061538611,2,9,0,-1,19,3,7,-1,0,1,0,0,0,0,0,1,-1,1,1,33,6,-1,-1,-1,-1,-1,-1,0,-1
2025061538611,2025,061538611,3,9,0,-1,3,1,1,-1,0,1,0,0,0,0,1,2,-1,9,1,42,7,-1,-1,-1,-1,-1,-1,0,-1
2025061538667,2025,061538667,1,9,0,-1,4,5,1,-1,0,0,0,0,0,0,4,1,-1,1,1,45,7,-1,-1,-1,-1,3,E01005249,0,3
2025061538667,2025,061538667,2,9,0,-1,4,5,1,-1,0,0,0,0,0,0,1,1,-1,6,2,51,8,-1,-1,-1,-1,7,E01004892,0,2
2025061538709,2025,061538709,1,9,0,-1,9,7,3,-1,0,0,0,0,0,0,0,1,-1,6,3,-1,-1,-1,-1,-1,-1,-1,-1,0,-1
2025061538709,2025,061538709,2,9,0,-1,19,7,3,-1,0,0,0,0,0,0,0,9,-1,6,3,-1,-1,-1,-1,-1,-1,-1,-1,0,-1
2025061538709,2025,061538709,3,5,0,-1,15,7,3,-1,0,0,0,7,0,0,1,1,-1,9,1,-1,-1,-1,-1,-1,-1,2,E01005438,0,2
2025061538724,2025,061538724,1,9,0,-1,19,3,7,-1,0,0,1,0,1,0,1,1,-1,9,1,29,6,-1,-1,-1,-1,1,E01005433,0,2
2025061538736,2025,061538736,2,9,0,-1,7,-1,-1,-1,0,5,0,0,0,0,4,1,-1,6,3,-1,-1,-1,-1,-1,-1,-1,-1,0,-1
2025061538736,2025,061538736,1,1,0,-1,19,-1,-1,-1,0,1,5,0,0,0,1,1,-1,6,1,30,6,-1,-1,-1,-1,1,E01034232,0,1
2025061538746,2025,061538746,1,9,0,-1,19,-1,-1,-1,0,1,9,99,3,99,4,1,-1,6,3,-1,-1,-1,-1,-1,-1,-1,-1,0,-1
2025061538907,2025,061538907,1,9,0,-1,19,5,1,-1,0,1,0,0,0,0,1,1,-1,9,2,58,9,-1,-1,-1,-1,2,E01005886,0,1
2025061539133,2025,061539133,2,9,-1,-1,-1,-1,-1,-1,-1,0,-1,-1,-1,0,-1,9,-1,6,1,34,6,-1,-1,-1,-1,2,E01005071,0,2
2025061539133,2025,061539133,1,9,0,-1,-1,-1,-1,-1,-1,0,-1,-1,-1,0,-1,1,-1,6,2,19,4,-1,-1,-1,-1,7,E01006125,0,1
2025061539195,2025,061539195,1,9,0,-1,8,-1,-1,-1,0,4,0,0,0,0,2,1,-1,6,2,38,7,-1,-1,-1,-1,3,E01004993,0,1
2025061539214,2025,061539214,5,9,0,-1,2,0,0,-1,0,0,0,0,0,0,3,1,-1,6,-1,-1,-1,-1,-1,-1,-1,-1,-1,0,-1
2025061539214,2025,061539214,1,9,0,-1,19,1,5,-1,0,0,0,0,0,0,4,1,-1,9,1,33,6,-1,-1,-1,-1,1,E01005568,0,2
2025061539214,2025,061539214,3,9,0,-1,2,0,0,-1,0,0,0,0,0,0,3,1,-1,6,-1,-1,-1,-1,-1,-1,-1,-1,-1,0,-1
2025061539214,2025,061539214,4,9,0,-1,2,0,0,-1,0,0,0,0,0,0,3,1,-1,6,-1,-1,-1,-1,-1,-1,-1,-1,-1,0,-1
2025061539340,2025,061539340,1,9,0,-1,1,1,5,-1,0,0,0,0,0,0,1,1,-1,6,2,25,5,-1,-1,-1,-1,1,E01006360,0,1
2025061539534,2025,061539534,2,3,0,-1,9,6,2,-1,0,6,0,0,0,0,1,1,-1,1,1,30,6,-1,-1,-1,-1,2,E01005460,0,1
2025061539534,2025,061539534,1,9,0,-1,9,7,6,-1,0,6,0,0,0,0,1,2,-1,9,1,55,8,-1,-1,-1,-1,2,E01005250,0,1
2025061539641,2025,061539641,1,9,0,-1,99,1,2,-1,99,1,0,0,0,0,1,1,-1,6,3,-1,-1,-1,-1,-1,-1,-1,-1,0,-1
2025061539655,2025,061539655,1,8,0,-1,19,3,3,-1,0,0,0,0,0,0,3,1,-1,1,1,49,8,-1,-1,-1,-1,2,E01033675,0,1
2025061539655,2025,061539655,2,9,0,-1,19,7,7,-1,0,0,0,0,0,0,3,1,-1,6,1,45,7,-1,-1,-1,-1,5,E01005296,0,1
2025061539666,2025,061539666,1,9,0,-1,19,8,1,-1,5,0,0,0,0,0,1,1,-1,6,-1,30,6,-1,-1,-1,-1,-1,-1,0,-1
2025061539793,2025,061539793,2,9,0,-1,19,7,2,-1,0,8,0,0,0,0,0,1,-1,6,1,35,6,-1,-1,-1,-1,1,E01034113,0,2
2025061539793,2025,061539793,1,9,0,-1,19,7,2,-1,0,8,0,11,0,0,4,1,-1,6,1,25,5,-1,-1,-1,-1,2,E01005438,0,1
2025061539897,2025,061539897,1,9,0,-1,19,-1,-1,-1,0,1,9,11,1,1,4,1,-1,6,2,45,7,-1,-1,-1,-1,4,E01005866,0,1
2025061539897,2025,061539897,2,9,0,-1,15,-1,-1,-1,2,1,9,11,1,11,9,1,-1,6,1,-1,-1,-1,-1,-1,-1,2,W01000288,0,4
2025061539912,2025,061539912,1,9,0,-1,14,1,5,-1,0,5,0,0,0,0,1,1,-1,9,1,40,7,-1,-1,-1,-1,2,E01005207,0,1
2025061539994,2025,061539994,2,9,0,-1,2,0,0,-1,9,2,0,0,0,0,2,1,-1,6,-1,-1,-1,-1,-1,-1,-1,-1,-1,0,-1
2025061539994,2025,061539994,1,8,0,-1,19,2,6,-1,0,2,1,4,0,0,1,1,-1,1,1,-1,-1,-1,-1,-1,-1,-1,-1,0,-1
2025061540062,2025,061540062,2,9,0,-1,19,5,1,-1,0,1,0,0,0,0,3,1,-1,6,1,44,7,-1,-1,-1,-1,3,E01005916,0,1
2025061540062,2025,061540062,1,9,0,-1,9,5,2,-1,0,8,0,0,0,0,3,1,-1,6,1,39,7,-1,-1,-1,-1,-1,-1,0,-1
2025061540071,2025,061540071,3,9,0,-1,5,6,7,-1,0,3,0,0,0,0,2,1,-1,6,1,34,6,-1,-1,-1,-1,1,E01005707,0,1
2025061540071,2025,061540071,2,9,0,-1,5,6,3,-1,0,3,0,0,3,0,1,1,-1,6,1,55,8,-1,-1,-1,-1,1,E01004863,0,1
2025061540071,2025,061540071,1,9,0,-1,5,6,7,-1,0,3,0,0,0,0,1,1,-1,6,1,32,6,-1,-1,-1,-1,2,E01004906,0,1
2025061540245,2025,061540245,2,9,0,-1,19,-1,-1,-1,0,8,0,0,0,0,4,1,-1,6,3,-1,-1,-1,-1,-1,-1,-1,-1,0,-1
2025061540245,2025,061540245,1,9,0,-1,19,-1,-1,-1,0,8,1,0,0,0,1,1,-1,6,1,20,4,-1,-1,-1,-1,4,E01005888,0,1
2025061540330,2025,061540330,1,9,0,-1,3,-1,-1,-1,0,0,0,4,0,0,2,1,-1,6,1,40,7,-1,-1,-1,-1,3,E01006358,0,1
2025061540330,2025,061540330,2,20,0,-1,3,-1,-1,-1,0,0,0,4,0,0,1,1,-1,6,3,-1,-1,-1,-1,-1,-1,-1,-1,0,-1
2025061540347,2025,061540347,1,9,0,-1,19,2,6,-1,0,0,0,0,0,0,1,2,-1,9,2,45,7,-1,-1,-1,-1,1,E01033669,0,1
2025061540415,2025,061540415,1,9,0,-1,15,1,5,-1,0,1,0,0,0,0,1,1,-1,9,1,23,5,-1,-1,-1,-1,3,E01005921,0,1
2025061540415,2025,061540415,2,11,0,-1,2,0,0,-1,0,1,0,0,0,0,3,1,-1,1,2,56,9,-1,-1,-1,-1,-1,-1,0,-1
2025061540507,2025,061540507,1,19,0,-1,9,3,7,-1,0,1,0,0,0,0,1,1,-1,1,1,60,9,-1,-1,-1,-1,8,E01004769,0,2
2025061540542,2025,061540542,1,3,0,-1,19,-1,-1,-1,0,8,2,0,0,0,4,1,-1,2,1,24,5,-1,-1,-1,-1,1,E01005077,0,1
2025061540542,2025,061540542,2,9,0,-1,9,-1,-1,-1,0,6,0,0,0,0,3,1,-1,6,1,-1,-1,-1,-1,-1,-1,-1,-1,0,-1
2025061540630,2025,061540630,1,9,0,-1,3,5,1,-1,0,1,0,0,0,0,2,1,-1,6,2,56,9,-1,-1,-1,-1,9,E01025380,0,3
2025061540630,2025,061540630,2,9,0,-1,19,5,1,-1,0,1,0,0,0,0,1,1,-1,6,3,-1,-1,-1,-1,-1,-1,-1,-1,0,-1
2025061540655,2025,061540655,2,19,0,-1,19,8,4,-1,0,0,0,0,0,0,1,1,-1,9,1,30,6,-1,-1,-1,-1,1,E01012640,0,4
2025061540655,2025,061540655,1,9,0,-1,19,8,5,-1,0,0,0,0,1,2,2,1,-1,9,2,37,7,-1,-1,-1,-1,1,E01005142,0,1
2025061540688,2025,061540688,1,9,0,-1,19,7,3,-1,0,3,0,0,1,0,1,9,-1,6,1,34,6,-1,-1,-1,-1,3,E01005355,0,1
2025061540698,2025,061540698,1,9,0,-1,19,5,1,-1,0,1,0,0,0,0,4,9,-1,6,3,50,8,-1,-1,-1,-1,-1,-1,0,-1
2025061540698,2025,061540698,2,1,0,-1,19,6,1,-1,0,1,0,0,0,0,3,1,-1,9,1,15,3,-1,-1,-1,-1,1,E01006360,0,1
2025061540727,2025,061540727,1,9,0,-1,19,-1,-1,-1,0,0,1,0,0,0,2,1,-1,6,2,47,8,-1,-1,-1,-1,9,E01018696,0,4
2025061541092,2025,061541092,4,9,0,-1,19,5,1,-1,0,8,0,0,0,0,0,9,-1,1,1,25,5,-1,-1,-1,-1,-1,-1,0,-1
2025061541092,2025,061541092,3,9,0,-1,19,5,1,-1,0,8,0,0,0,0,0,9,-1,1,1,40,7,-1,-1,-1,-1,-1,-1,0,-1
2025061541092,2025,061541092,2,9,0,-1,19,2,6,-1,0,8,1,0,0,0,1,1,-1,9,1,39,7,-1,-1,-1,-1,4,E01005346,0,2
2025061541092,2025,061541092,1,9,0,-1,19,5,1,-1,0,8,0,0,0,0,3,1,-1,8,1,29,6,-1,-1,-1,-1,2,E01034119,0,1
2025061541140,2025,061541140,1,9,0,-1,9,2,5,-1,0,5,0,0,0,0,1,1,-1,9,2,40,7,-1,-1,-1,-1,2,E01005473,0,1
2025061541140,2025,061541140,2,9,0,-1,19,2,6,-1,0,8,0,0,0,0,1,1,-1,9,2,20,4,-1,-1,-1,-1,-1,-1,0,-1
2025061541321,2025,061541321,2,9,0,-1,19,5,1,-1,0,8,0,0,0,0,1,1,-1,2,1,35,6,-1,-1,-1,-1,2,E01005354,0,1
2025061541321,2025,061541321,1,3,0,-1,9,5,7,-1,0,8,0,0,0,0,4,1,-1,6,1,24,5,-1,-1,-1,-1,1,E01005377,0,1
2025061541373,2025,061541373,2,98,4,-1,13,1,5,-1,0,0,0,0,0,0,4,1,-1,6,1,66,10,-1,-1,-1,-1,-1,-1,0,-1
2025061541373,2025,061541373,1,1,0,-1,19,1,5,-1,0,0,0,0,0,0,3,1,-1,6,2,65,9,-1,-1,-1,-1,7,E01006053,0,1
2025061541419,2025,061541419,2,1,0,-1,19,-1,-1,-1,9,9,0,0,0,0,3,1,-1,6,3,-1,-1,-1,-1,-1,-1,-1,-1,0,-1
2025061541419,2025,061541419,1,9,0,-1,9,-1,-1,-1,0,5,0,0,0,0,3,1,-1,6,1,54,8,-1,-1,-1,-1,2,E01005262,0,1
2025061541814,2025,061541814,1,9,0,-1,19,-1,-1,-1,0,0,0,0,0,0,1,1,-1,6,2,41,7,-1,-1,-1,-1,3,E01005506,0,1
2025061541894,2025,061541894,2,9,0,-1,19,3,7,-1,0,2,0,4,3,0,1,9,-1,6,3,-1,-1,-1,-1,-1,-1,-1,-1,0,-1
2025061541894,2025,061541894,1,9,0,-1,8,7,3,-1,0,2,0,0,0,0,1,1,-1,6,2,62,9,-1,-1,-1,-1,-1,-1,0,-1
2025061541928,2025,061541928,2,9,0,-1,9,4,6,-1,0,1,0,0,0,0,1,1,-1,9,2,33,6,-1,-1,-1,-1,-1,-1,0,-1
2025061541928,2025,061541928,1,4,0,-1,19,8,4,-1,0,1,0,0,0,0,1,1,-1,6,1,32,6,-1,-1,-1,-1,2,E01005652,0,1
2025061541939,2025,061541939,1,9,0,-1,19,7,3,-1,0,6,0,0,0,0,1,9,-1,6,3,50,8,-1,-1,-1,-1,-1,-1,0,-1
2025061541950,2025,061541950,1,9,0,-1,9,-1,-1,-1,99,0,0,0,0,0,1,1,-1,6,3,-1,-1,-1,-1,-1,-1,-1,-1,0,-1
2025061541988,2025,061541988,1,9,0,-1,11,7,4,-1,0,0,0,0,0,0,2,1,-1,9,1,26,6,-1,-1,-1,-1,1,E01005689,0,1
2025061541988,2025,061541988,2,5,0,-1,19,7,4,-1,0,0,1,0,0,0,1,1,-1,2,1,37,7,-1,-1,-1,-1,2,E01006380,0,2
2025061542021,2025,061542021,1,9,0,-1,3,-1,-1,-1,0,0,0,0,0,0,2,1,-1,6,1,53,8,-1,-1,-1,-1,2,E01005593,0,3
2025061542021,2025,061542021,2,9,0,-1,12,-1,-1,-1,0,0,0,0,0,0,1,1,-1,6,2,-1,-1,-1,-1,-1,-1,-1,-1,0,-1
2025061542053,2025,061542053,1,9,0,-1,2,0,0,-1,9,0,0,0,0,0,1,1,-1,9,1,61,9,-1,-1,-1,-1,4,E01005834,0,1
2025061542063,2025,061542063,1,1,0,-1,19,-1,-1,-1,0,8,5,10,7,0,3,1,-1,2,1,50,8,-1,-1,-1,-1,5,E01005305,0,1
2025061542063,2025,061542063,2,19,0,-1,9,-1,-1,-1,0,5,0,99,0,0,1,1,-1,6,1,-1,-1,-1,-1,-1,-1,-1,-1,0,-1
2025061542107,2025,061542107,2,9,0,-1,19,3,7,-1,0,3,0,0,0,0,4,1,-1,9,1,37,7,-1,-1,-1,-1,1,E01006240,0,1
2025061542107,2025,061542107,1,9,0,-1,19,5,1,-1,0,4,0,0,0,0,1,1,-1,9,2,54,8,-1,-1,-1,-1,4,E01006286,0,1
2025061542151,2025,061542151,1,5,0,-1,19,1,1,-1,0,8,2,0,3,0,3,1,-1,2,1,43,7,-1,-1,-1,-1,8,E01019766,0,4
2025061542159,2025,061542159,1,9,0,-1,12,4,8,-1,-1,0,5,10,0,0,1,1,-1,2,1,49,8,-1,-1,-1,-1,1,E01005586,0,3
2025061542167,2025,061542167,1,9,0,-1,19,7,3,-1,0,0,1,4,0,0,1,1,-1,6,1,26,6,-1,-1,-1,-1,1,E01006031,0,1
2025061542167,2025,061542167,2,9,0,-1,2,0,0,-1,0,0,0,0,0,0,1,1,-1,6,-1,-1,-1,-1,-1,-1,-1,-1,-1,0,-1
2025061542240,2025,061542240,2,9,0,-1,19,1,5,-1,0,0,0,0,0,0,2,1,-1,9,1,35,6,-1,-1,-1,-1,1,E01005464,0,4
2025061542240,2025,061542240,1,9,0,-1,19,1,5,-1,0,0,0,0,0,0,1,1,-1,9,2,21,5,-1,-1,-1,-1,1,E01033097,0,4
2025061542471,2025,061542471,2,9,0,-1,19,-1,-1,-1,0,0,0,0,0,0,1,1,-1,6,1,-1,-1,-1,-1,-1,-1,1,E01005104,0,1
2025061542471,2025,061542471,1,9,0,-1,19,-1,-1,-1,0,0,0,0,0,0,2,1,-1,6,2,29,6,-1,-1,-1,-1,1,E01034233,0,2
2025061542480,2025,061542480,2,9,0,-1,7,-1,-1,-1,0,1,0,0,0,0,4,1,-1,6,3,-1,-1,-1,-1,-1,-1,-1,-1,0,-1
2025061542480,2025,061542480,1,1,0,-1,19,-1,-1,-1,4,2,2,10,1,10,3,1,-1,2,2,30,6,-1,-1,-1,-1,3,E01005297,0,1
2025061542483,2025,061542483,2,1,0,-1,19,1,5,-1,9,8,0,0,0,0,3,1,-1,6,1,46,8,-1,-1,-1,-1,-1,-1,0,-1
2025061542483,2025,061542483,1,19,0,-1,7,3,1,-1,0,5,0,0,1,0,1,1,-1,1,1,22,5,-1,-1,-1,-1,3,E01013254,0,5
2025061542538,2025,061542538,1,9,-1,-1,-1,-1,-1,-1,-1,-1,-1,-1,-1,0,-1,9,-1,6,3,-1,-1,-1,-1,-1,-1,-1,-1,0,-1
2025061542538,2025,061542538,2,9,-1,-1,-1,-1,-1,-1,-1,-1,-1,-1,-1,0,-1,9,-1,6,2,26,6,-1,-1,-1,-1,8,E01005785,0,3
2025061542602,2025,061542602,1,1,0,-1,19,2,5,-1,4,8,0,0,0,0,3,1,-1,2,2,26,6,-1,-1,-1,-1,1,E01005243,0,1
2025061542602,2025,061542602,2,9,0,-1,7,4,5,-1,4,5,0,0,0,0,4,1,-1,6,1,18,4,-1,-1,-1,-1,4,E01006141,0,1
2025061542607,2025,061542607,1,9,0,-1,13,7,3,-1,0,1,0,10,0,0,4,1,-1,1,2,41,7,-1,-1,-1,-1,1,E01005762,0,1
2025061542607,2025,061542607,2,9,0,-1,9,7,3,-1,0,1,0,0,0,0,1,1,-1,6,2,70,10,-1,-1,-1,-1,7,E01005765,0,1
2025061542723,2025,061542723,2,9,0,-1,19,5,1,-1,0,2,0,0,0,0,2,1,-1,9,1,51,8,-1,-1,-1,-1,2,E01005354,0,1
2025061542723,2025,061542723,1,9,0,-1,13,5,8,-1,0,2,0,0,0,0,1,1,-1,9,1,29,6,-1,-1,-1,-1,4,E01005436,0,1
2025061542723,2025,061542723,3,9,0,-1,19,8,4,-1,0,2,0,0,0,0,1,1,-1,9,1,44,7,-1,-1,-1,-1,1,E01005463,0,1
2025061543073,2025,061543073,2,1,0,-1,19,3,7,-1,0,2,0,0,0,0,1,1,-1,6,1,15,3,-1,-1,-1,-1,1,E01005123,0,1
2025061543073,2025,061543073,1,9,0,-1,19,1,5,-1,0,8,0,0,0,0,1,1,-1,6,2,35,6,-1,-1,-1,-1,2,E01034128,0,1
2025061543219,2025,061543219,1,9,0,-1,7,5,1,-1,0,0,0,0,0,0,1,1,-1,1,1,21,5,-1,-1,-1,-1,3,E01004832,0,3
2025061543236,2025,061543236,2,9,0,-1,19,1,5,-1,0,0,0,0,0,0,1,1,-1,9,1,37,7,-1,-1,-1,-1,2,E01010930,0,3
2025061543236,2025,061543236,1,9,0,-1,19,5,1,-1,0,0,0,0,0,0,1,1,-1,2,2,22,5,-1,-1,-1,-1,1,E01005486,0,2
2025061543325,2025,061543325,1,9,0,-1,9,1,5,-1,0,8,0,0,0,0,3,1,-1,9,1,22,5,-1,-1,-1,-1,6,E01005863,0,1
2025061543360,2025,061543360,1,9,0,-1,19,7,7,-1,0,0,0,0,0,0,1,1,-1,6,1,77,11,-1,-1,-1,-1,8,E01004903,0,1
2025061543360,2025,061543360,2,9,0,-1,2,0,0,-1,0,0,0,0,0,0,2,1,-1,6,-1,-1,-1,-1,-1,-1,-1,-1,-1,0,-1
2025061543397,2025,061543397,1,9,0,-1,9,2,8,-1,0,6,0,0,0,0,3,1,-1,7,1,39,7,-1,-1,-1,-1,6,E01005523,0,1
2025061543414,2025,061543414,2,19,0,-1,9,-1,-1,-1,0,6,0,0,0,0,1,1,-1,6,1,-1,-1,-1,-1,-1,-1,5,E01004981,0,2
2025061543414,2025,061543414,1,9,0,-1,19,-1,-1,-1,0,1,0,0,0,0,3,1,-1,6,1,67,10,-1,-1,-1,-1,1,E01004960,0,1
2025061543419,2025,061543419,1,9,0,-1,19,5,1,-1,0,0,0,0,0,0,1,2,-1,6,2,33,6,-1,-1,-1,-1,7,E01005170,0,2
2025061543419,2025,061543419,2,9,0,-1,4,5,1,-1,0,0,0,0,0,0,2,1,-1,9,2,41,7,-1,-1,-1,-1,2,E01018645,0,3
2025061543423,2025,061543423,2,5,0,-1,13,-1,-1,-1,0,0,0,0,0,0,1,1,-1,6,1,-1,-1,-1,-1,-1,-1,1,E01005141,0,1
2025061543423,2025,061543423,1,9,0,-1,9,-1,-1,-1,0,0,0,0,0,0,3,1,-1,1,1,33,6,-1,-1,-1,-1,3,E01004978,0,2
2025061543457,2025,061543457,1,9,0,-1,99,-1,-1,-1,99,9,0,99,0,0,4,1,-1,6,1,42,7,-1,-1,-1,-1,3,E01006860,0,2
2025061543560,2025,061543560,1,19,0,-1,1,7,3,-1,0,8,0,7,0,0,2,1,-1,1,1,24,5,-1,-1,-1,-1,-1,-1,0,-1
2025061543650,2025,061543650,1,9,0,-1,19,2,6,-1,-1,0,0,0,1,11,1,1,-1,9,2,81,11,-1,-1,-1,-1,5,E01011178,0,3
2025061543814,2025,061543814,2,1,0,-1,19,5,1,-1,0,0,0,0,0,0,3,1,-1,9,2,31,6,-1,-1,-1,-1,1,E01005245,0,1
2025061543814,2025,061543814,1,9,0,-1,19,3,7,-1,0,0,0,0,0,0,1,1,-1,9,-1,22,5,-1,-1,-1,-1,-1,-1,0,-1
2025061543815,2025,061543815,1,9,0,-1,19,7,3,-1,0,0,2,10,2,0,4,1,-1,6,1,36,7,-1,-1,-1,-1,-1,-1,0,-1
2025061543838,2025,061543838,1,8,0,-1,11,7,7,-1,0,0,0,0,0,0,1,1,-1,1,1,55,8,-1,-1,-1,-1,2,E01005460,0,3
2025061543857,2025,061543857,1,9,0,-1,1,1,5,-1,0,2,0,0,0,0,2,9,-1,6,3,-1,-1,-1,-1,-1,-1,-1,-1,0,-1
2025061543857,2025,061543857,2,8,0,-1,2,0,0,-1,0,2,0,0,0,0,1,9,-1,1,1,30,6,-1,-1,-1,-1,1,E01004869,0,3
2025061543993,2025,061543993,1,9,0,-1,4,-1,-1,-1,0,2,0,0,0,0,2,1,-1,6,2,34,6,-1,-1,-1,-1,9,E01005413,0,1
2025061543993,2025,061543993,2,9,0,-1,19,-1,-1,-1,0,2,0,0,0,0,1,1,-1,6,1,-1,-1,-1,-1,-1,-1,9,E01005413,0,1
2025061544149,2025,061544149,1,9,0,-1,11,6,2,-1,0,0,0,0,0,0,4,1,-1,6,2,63,9,-1,-1,-1,-1,4,E01006044,0,1
2025061544149,2025,061544149,2,4,0,-1,19,6,2,-1,0,0,0,0,0,0,1,1,-1,6,1,59,9,-1,-1,-1,-1,1,E01005826,0,2
2025061544157,2025,061544157,2,9,0,-1,2,0,0,-1,0,0,0,0,0,0,2,1,-1,9,1,62,9,-1,-1,-1,-1,-1,-1,0,-1
2025061544157,2025,061544157,1,9,0,-1,19,1,5,-1,0,0,0,4,0,0,1,1,-1,9,1,77,11,-1,-1,-1,-1,8,E01006279,0,1
2025061544157,2025,061544157,3,9,0,-1,2,0,0,-1,0,0,0,0,0,0,3,1,-1,6,-1,-1,-1,-1,-1,-1,-1,-1,-1,0,-1
2025061544182,2025,061544182,1,9,0,-1,9,1,5,-1,0,1,0,0,0,0,1,1,-1,9,1,68,10,-1,-1,-1,-1,8,E01006281,0,1
2025061544182,2025,061544182,2,1,0,-1,19,3,7,-1,0,1,0,0,0,0,3,1,-1,2,1,33,6,-1,-1,-1,-1,8,E01006279,0,1
2025061544196,2025,061544196,1,9,0,-1,19,-1,-1,-1,0,-1,-1,-1,-1,0,2,9,-1,2,2,40,7,-1,-1,-1,-1,3,E01005244,0,1
2025061544196,2025,061544196,2,9,-1,-1,-1,-1,-1,-1,-1,-1,-1,-1,-1,0,1,9,-1,2,1,-1,-1,-1,-1,-1,-1,3,E01005216,0,1
2025061544204,2025,061544204,1,9,0,-1,19,8,6,-1,0,0,0,0,0,0,1,1,-1,9,1,81,11,-1,-1,-1,-1,8,E01012473,0,3
2025061544250,2025,061544250,1,11,5,-1,2,1,5,-1,0,0,0,0,0,0,1,1,-1,1,1,25,5,-1,-1,-1,-1,10,E01018584,0,3