collision_index,collision_year,collision_ref_no,vehicle_reference,vehicle_type,towing_and_articulation,vehicle_manoeuvre_historic,vehicle_manoeuvre,vehicle_direction_from,vehicle_direction_to,vehicle_location_restricted_lane_historic,vehicle_location_restricted_lane,junction_location,skidding_and_overturning,hit_object_in_carriageway,vehicle_leaving_carriageway,hit_object_off_carriageway,first_point_of_impact,vehicle_left_hand_drive,journey_purpose_of_driver_historic,journey_purpose_of_driver,sex_of_driver,age_of_driver,age_band_of_driver,engine_capacity_cc,propulsion_code,age_of_vehicle,generic_make_model,driver_imd_decile,lsoa_of_driver,escooter_flag,driver_distance_banding
2025061549851,2025,061549851,1,9,0,-1,8,4,1,-1,0,4,0,0,0,0,1,1,-1,6,2,70,10,-1,-1,-1,-1,1,E01019728,0,1
2025061549851,2025,061549851,2,9,0,-1,9,1,3,-1,0,4,0,0,0,0,2,1,-1,6,2,36,7,-1,-1,-1,-1,2,E01006069,0,1
2025061549906,2025,061549906,2,98,0,-1,9,1,8,-1,0,1,0,0,0,0,1,1,-1,1,1,45,7,-1,-1,-1,-1,1,E01005703,0,1
2025061549906,2025,061549906,1,1,0,-1,19,1,1,-1,9,1,0,0,0,0,1,1,-1,6,1,14,3,-1,-1,-1,-1,1,E01005665,0,1
2025061549953,2025,061549953,1,9,0,-1,13,8,4,-1,0,2,0,0,0,0,1,1,-1,6,2,83,11,-1,-1,-1,-1,6,E01006221,0,1
2025061549953,2025,061549953,2,9,0,-1,19,4,8,-1,0,1,0,0,1,0,1,1,-1,6,1,62,9,-1,-1,-1,-1,2,E01006352,0,1
2025061549953,2025,061549953,3,9,0,-1,14,8,4,-1,0,2,0,0,0,0,2,1,-1,2,1,29,6,-1,-1,-1,-1,5,E01006268,0,1
2025061549957,2025,061549957,2,9,0,-1,19,1,5,-1,0,2,0,0,0,0,1,1,-1,9,2,25,5,-1,-1,-1,-1,6,E01010636,0,4
2025061549957,2025,061549957,1,9,0,-1,9,4,1,-1,0,2,0,0,0,0,3,1,-1,9,1,27,6,-1,-1,-1,-1,2,E01011123,0,4
2025061550027,2025,061550027,1,9,0,-1,19,5,1,-1,0,8,0,0,0,0,3,2,-1,1,1,61,9,-1,-1,-1,-1,1,E01005092,0,1
2025061550028,2025,061550028,1,9,0,-1,19,2,6,-1,0,1,0,0,0,0,1,1,-1,1,1,27,6,-1,-1,-1,-1,-1,-1,0,-1
2025061550193,2025,061550193,1,19,0,-1,10,3,7,-1,0,1,0,0,0,0,1,1,-1,6,1,43,7,-1,-1,-1,-1,4,E01005491,0,1
2025061550193,2025,061550193,2,9,0,-1,99,3,7,-1,99,1,9,99,9,99,9,9,-1,9,2,-1,-1,-1,-1,-1,-1,10,E01006381,0,4
2025061550206,2025,061550206,1,9,0,-1,19,1,5,-1,0,1,0,0,0,0,4,1,-1,2,1,23,5,-1,-1,-1,-1,8,E01005442,0,1
2025061550274,2025,061550274,2,1,0,-1,99,-1,-1,-1,99,9,9,99,0,0,9,1,-1,6,3,-1,-1,-1,-1,-1,-1,-1,-1,0,-1
2025061550274,2025,061550274,1,9,0,-1,19,-1,-1,-1,0,1,0,0,0,0,4,1,-1,6,1,54,8,-1,-1,-1,-1,1,E01005389,0,1
2025061550362,2025,061550362,2,9,0,-1,2,0,0,-1,0,0,0,0,0,0,1,1,-1,6,-1,-1,-1,-1,-1,-1,-1,-1,-1,0,-1
2025061550362,2025,061550362,1,9,0,-1,19,1,5,-1,0,0,0,4,0,0,1,1,-1,6,2,40,7,-1,-1,-1,-1,1,E01005123,0,1
2025061550362,2025,061550362,3,9,0,-1,2,0,0,-1,0,0,0,0,0,0,1,1,-1,6,-1,-1,-1,-1,-1,-1,-1,-1,-1,0,-1
2025061550408,2025,061550408,2,19,0,-1,3,4,7,-1,0,1,0,0,0,0,0,1,-1,6,1,38,7,-1,-1,-1,-1,-1,-1,0,-1
2025061550408,2025,061550408,1,9,0,-1,5,4,8,-1,0,1,0,0,0,0,4,1,-1,9,2,30,6,-1,-1,-1,-1,2,E01004887,0,2
2025061550411,2025,061550411,2,9,0,-1,5,-1,-1,-1,5,6,0,1,0,0,4,1,-1,6,2,-1,-1,-1,-1,-1,-1,-1,-1,0,-1
2025061550411,2025,061550411,1,9,0,-1,19,-1,-1,-1,0,8,0,1,0,0,3,1,-1,6,2,28,6,-1,-1,-1,-1,4,E01006049,0,3
2025061550441,2025,061550441,2,9,0,-1,19,1,1,-1,0,1,0,0,0,0,1,9,-1,6,3,30,6,-1,-1,-1,-1,-1,-1,0,-1
2025061550441,2025,061550441,1,9,0,-1,3,1,1,-1,0,1,0,0,0,0,2,1,-1,6,2,29,6,-1,-1,-1,-1,3,E01006159,0,3
2025061550629,2025,061550629,2,9,0,-1,9,-1,-1,-1,4,5,0,0,0,0,1,2,-1,6,1,-1,-1,-1,-1,-1,-1,-1,-1,0,-1
2025061550629,2025,061550629,1,1,0,-1,19,-1,-1,-1,4,8,2,0,0,0,3,1,-1,2,1,23,5,-1,-1,-1,-1,4,E01033664,0,1
2025061550729,2025,061550729,2,9,0,-1,3,1,5,-1,0,1,0,0,0,0,1,1,-1,6,3,28,6,-1,-1,-1,-1,3,E01005215,0,1
2025061550729,2025,061550729,1,8,0,-1,3,1,5,-1,0,1,0,0,0,0,2,1,-1,1,1,39,7,-1,-1,-1,-1,3,E01005210,0,1
2025061550820,2025,061550820,1,9,5,-1,2,5,1,-1,0,0,0,0,0,0,4,1,-1,9,1,18,4,-1,-1,-1,-1,9,E01005695,0,3
2025061550902,2025,061550902,2,1,0,-1,99,-1,-1,-1,0,9,9,0,0,0,1,1,-1,6,1,-1,-1,-1,-1,-1,-1,-1,-1,0,-1
2025061550902,2025,061550902,1,9,0,-1,10,-1,-1,-1,0,2,0,0,0,0,3,1,-1,6,2,41,7,-1,-1,-1,-1,3,E01005273,0,1
2025061550957,2025,061550957,1,9,0,-1,12,-1,-1,-1,0,9,1,0,0,0,3,1,-1,6,2,29,6,-1,-1,-1,-1,2,E01004959,0,1
2025061550968,2025,061550968,1,9,0,-1,9,7,3,-1,0,0,0,0,1,0,1,2,-1,2,2,50,8,-1,-1,-1,-1,-1,-1,0,-1
2025061550983,2025,061550983,4,98,1,-1,19,5,3,-1,0,1,0,0,0,0,0,1,-1,1,1,46,8,-1,-1,-1,-1,2,E01006869,0,2
2025061550983,2025,061550983,3,9,0,-1,5,5,3,-1,0,1,0,0,0,0,1,1,-1,9,2,19,4,-1,-1,-1,-1,4,E01006837,0,2
2025061550983,2025,061550983,2,9,0,-1,5,5,3,-1,0,1,0,0,0,0,1,1,-1,9,1,50,8,-1,-1,-1,-1,7,E01006363,0,3
2025061550983,2025,061550983,1,9,0,-1,19,3,7,-1,0,1,0,0,0,0,1,1,-1,9,1,58,9,-1,-1,-1,-1,4,E01006332,0,1
2025061551010,2025,061551010,2,11,0,-1,13,-1,-1,-1,0,8,0,0,3,0,9,1,-1,6,3,-1,-1,-1,-1,-1,-1,-1,-1,0,-1
2025061551010,2025,061551010,1,1,0,-1,7,-1,-1,-1,4,8,-1,0,0,0,2,1,-1,2,2,30,6,-1,-1,-1,-1,1,E01005624,0,1
2025061551022,2025,061551022,1,11,0,-1,19,5,8,-1,0,2,0,0,0,0,4,1,-1,1,1,41,7,-1,-1,-1,-1,2,E01006033,0,3
2025061551080,2025,061551080,1,9,0,-1,5,1,5,-1,0,2,0,0,0,0,4,1,-1,6,1,34,6,-1,-1,-1,-1,-1,-1,0,-1
2025061551115,2025,061551115,1,9,0,-1,19,6,2,-1,0,8,0,0,0,0,2,1,-1,6,2,29,6,-1,-1,-1,-1,10,E01004967,0,1
2025061551115,2025,061551115,2,9,0,-1,19,6,2,-1,0,8,0,0,0,0,1,1,-1,6,1,-1,-1,-1,-1,-1,-1,-1,-1,0,-1
2025061551123,2025,061551123,2,9,0,-1,19,5,1,-1,0,8,0,0,0,0,3,1,-1,6,2,33,6,-1,-1,-1,-1,1,E01005344,0,1
2025061551123,2025,061551123,1,9,0,-1,9,3,1,-1,0,8,0,0,0,0,1,1,-1,6,-1,30,6,-1,-1,-1,-1,-1,-1,0,-1
2025061551182,2025,061551182,2,1,0,-1,14,5,3,-1,0,1,0,1,0,0,1,1,-1,2,1,39,7,-1,-1,-1,-1,-1,-1,0,-1
2025061551182,2025,061551182,1,9,0,-1,9,7,4,-1,0,2,0,0,0,0,1,1,-1,6,2,82,11,-1,-1,-1,-1,10,E01025478,0,4
2025061551274,2025,061551274,2,9,0,-1,19,6,2,-1,0,0,0,0,0,0,0,1,-1,1,1,29,6,-1,-1,-1,-1,1,E01034113,0,2
2025061551274,2025,061551274,1,9,0,-1,19,6,2,-1,0,0,0,0,0,0,1,1,-1,9,1,18,4,-1,-1,-1,-1,2,E01034109,0,2
2025061551331,2025,061551331,2,9,0,-1,19,1,5,-1,0,8,0,0,0,0,3,1,-1,2,2,31,6,-1,-1,-1,-1,2,E01005526,0,1
2025061551331,2025,061551331,1,9,0,-1,13,1,5,-1,0,8,0,0,0,0,4,1,-1,2,2,42,7,-1,-1,-1,-1,3,E01005505,0,1
2025061551373,2025,061551373,1,8,0,-1,10,-1,-1,-1,0,1,1,0,0,0,4,1,-1,1,1,35,6,-1,-1,-1,-1,1,E01005610,0,1
2025061551373,2025,061551373,2,9,0,-1,19,-1,-1,-1,0,1,0,0,0,0,4,1,-1,6,2,-1,-1,-1,-1,-1,-1,1,E01033669,0,1
2025061551432,2025,061551432,1,9,0,-1,-1,-1,-1,-1,-1,-1,-1,-1,-1,0,-1,1,-1,6,3,-1,-1,-1,-1,-1,-1,-1,-1,0,-1
2025061551472,2025,061551472,2,9,0,-1,19,5,2,-1,0,0,0,0,0,0,1,1,-1,1,2,24,5,-1,-1,-1,-1,2,E01005661,0,3
2025061551472,2025,061551472,1,9,0,-1,19,2,5,-1,0,0,0,0,0,0,1,1,-1,6,1,27,6,-1,-1,-1,-1,5,E01005301,0,1
2025061551481,2025,061551481,1,9,0,-1,19,3,7,-1,0,0,0,0,0,0,1,1,-1,1,1,56,9,-1,-1,-1,-1,2,E01005999,0,1
2025061551482,2025,061551482,1,1,0,-1,19,-1,-1,-1,0,8,1,0,0,0,1,1,-1,6,1,26,6,-1,-1,-1,-1,4,E01033993,0,1
2025061551482,2025,061551482,2,9,0,-1,9,-1,-1,-1,0,5,1,0,0,0,4,1,-1,6,3,-1,-1,-1,-1,-1,-1,-1,-1,0,-1
2025061551484,2025,061551484,1,9,0,-1,19,5,2,-1,0,1,0,0,0,0,1,1,-1,7,2,32,6,-1,-1,-1,-1,3,E01005505,0,1
2025061551487,2025,061551487,2,1,0,-1,19,-1,-1,-1,9,1,0,0,0,0,1,1,-1,6,1,-1,-1,-1,-1,-1,-1,3,E01005641,0,1
2025061551487,2025,061551487,1,9,0,-1,5,-1,-1,-1,99,6,0,0,0,0,1,1,-1,6,1,66,10,-1,-1,-1,-1,3,E01005727,0,1
2025061551491,2025,061551491,1,9,0,-1,9,1,8,-1,0,8,0,0,0,0,1,1,-1,9,1,28,6,-1,-1,-1,-1,7,E01005691,0,1
2025061551523,2025,061551523,4,9,0,-1,2,0,0,-1,0,0,0,0,0,0,1,1,-1,6,-1,-1,-1,-1,-1,-1,-1,-1,-1,0,-1
2025061551523,2025,061551523,3,9,0,-1,2,0,0,-1,0,0,0,0,0,0,1,1,-1,6,-1,-1,-1,-1,-1,-1,-1,-1,-1,0,-1
2025061551523,2025,061551523,6,9,0,-1,2,0,0,-1,0,0,0,0,0,0,1,1,-1,6,-1,-1,-1,-1,-1,-1,-1,-1,-1,0,-1
2025061551523,2025,061551523,5,9,0,-1,2,0,0,-1,0,0,0,0,0,0,1,1,-1,6,-1,-1,-1,-1,-1,-1,-1,-1,-1,0,-1
2025061551523,2025,061551523,1,9,0,-1,19,7,3,-1,0,0,0,0,0,0,1,1,-1,6,1,18,4,-1,-1,-1,-1,1,E01004869,0,1
2025061551523,2025,061551523,7,9,0,-1,2,0,0,-1,0,0,0,0,0,0,1,1,-1,6,-1,-1,-1,-1,-1,-1,-1,-1,-1,0,-1
2025061551523,2025,061551523,2,9,0,-1,19,7,3,-1,0,0,0,0,0,0,0,1,-1,1,1,34,6,-1,-1,-1,-1,2,E01004817,0,1
2025061551531,2025,061551531,1,9,0,-1,12,7,3,-1,0,0,0,0,0,0,3,1,-1,6,2,41,7,-1,-1,-1,-1,4,E01005850,0,3
2025061551531,2025,061551531,2,97,0,-1,19,7,3,-1,0,0,0,0,0,0,4,1,-1,6,1,56,9,-1,-1,-1,-1,10,E01007957,0,4
2025061551555,2025,061551555,1,9,0,-1,19,7,5,-1,0,8,0,0,0,0,1,1,-1,2,2,71,10,-1,-1,-1,-1,8,E01005493,0,1
2025061551579,2025,061551579,2,9,0,-1,9,3,1,-1,0,1,0,0,0,0,3,9,-1,9,2,32,6,-1,-1,-1,-1,1,E01006336,0,1
2025061551579,2025,061551579,1,9,0,-1,19,3,7,-1,0,1,0,0,0,0,4,9,-1,6,3,-1,-1,-1,-1,-1,-1,-1,-1,0,-1
2025061551595,2025,061551595,2,9,0,-1,7,-1,-1,-1,0,6,9,0,0,0,3,1,-1,6,3,-1,-1,-1,-1,-1,-1,-1,-1,0,-1
2025061551595,2025,061551595,1,9,0,-1,19,-1,-1,-1,0,1,9,0,0,0,1,1,-1,6,1,36,7,-1,-1,-1,-1,9,E01005786,0,3
2025061551684,2025,061551684,1,9,0,-1,19,-1,-1,-1,0,0,1,0,0,0,1,1,-1,2,2,19,4,-1,-1,-1,-1,7,E01012554,0,2
2025061551684,2025,061551684,2,9,0,-1,11,-1,-1,-1,0,0,0,0,0,0,2,1,-1,6,1,-1,-1,-1,-1,-1,-1,5,E01004908,0,2
2025061551706,2025,061551706,1,9,0,-1,3,-1,-1,-1,0,9,0,0,0,0,2,1,-1,2,2,58,9,-1,-1,-1,-1,5,E01005750,0,1
2025061551706,2025,061551706,2,9,0,-1,19,-1,-1,-1,0,9,0,0,0,0,1,1,-1,6,3,-1,-1,-1,-1,-1,-1,-1,-1,0,-1
2025061551750,2025,061551750,1,9,0,-1,19,6,2,-1,0,2,0,0,1,0,9,1,-1,6,1,-1,-1,-1,-1,-1,-1,4,E01034116,0,1
2025061551766,2025,061551766,2,9,0,-1,9,3,7,-1,0,1,0,0,0,0,3,1,-1,2,2,61,9,-1,-1,-1,-1,5,E01006118,0,1
2025061551766,2025,061551766,1,1,0,-1,13,3,7,-1,0,8,0,0,0,0,1,1,-1,6,1,13,3,-1,-1,-1,-1,2,E01005605,0,1
2025061551832,2025,061551832,1,1,0,-1,19,3,7,-1,9,0,0,0,0,0,3,1,-1,6,1,13,3,-1,-1,-1,-1,1,E01005164,0,1
2025061551832,2025,061551832,2,5,0,-1,19,3,7,-1,0,0,0,0,0,0,0,1,-1,8,1,-1,-1,-1,-1,-1,-1,-1,-1,0,-1
2025061551832,2025,061551832,3,5,0,-1,19,3,7,-1,0,0,0,0,0,0,0,1,-1,8,1,-1,-1,-1,-1,-1,-1,-1,-1,0,-1
2025061551859,2025,061551859,1,9,0,-1,2,-1,-1,-1,99,0,0,0,0,0,1,1,-1,6,3,-1,-1,-1,-1,-1,-1,-1,-1,0,-1
2025061551971,2025,061551971,2,9,0,-1,99,-1,-1,-1,0,9,9,0,0,0,2,1,-1,6,2,-1,-1,-1,-1,-1,-1,9,E01012450,0,4
2025061551971,2025,061551971,1,9,0,-1,10,-1,-1,-1,0,2,0,0,0,0,2,1,-1,2,2,32,6,-1,-1,-1,-1,4,E01005184,0,1
2025061552061,2025,061552061,1,2,0,-1,19,-1,-1,-1,0,1,1,4,0,0,1,1,-1,6,1,18,4,-1,-1,-1,-1,3,E01005518,0,1
2025061552061,2025,061552061,2,9,0,-1,5,-1,-1,-1,0,1,0,4,0,0,3,1,-1,6,2,-1,-1,-1,-1,-1,-1,5,E01005520,0,1
2025061552106,2025,061552106,1,9,0,-1,7,1,1,-1,0,2,0,0,0,0,1,1,-1,6,2,22,5,-1,-1,-1,-1,-1,-1,0,-1
2025061552117,2025,061552117,2,9,0,-1,9,2,8,-1,0,0,0,0,1,10,4,1,-1,9,2,23,5,-1,-1,-1,-1,1,E01007220,0,4
2025061552117,2025,061552117,1,9,0,-1,19,6,2,-1,0,0,0,0,0,0,1,1,-1,9,1,69,10,-1,-1,-1,-1,4,E01006189,0,1
2025061552132,2025,061552132,1,9,0,-1,9,1,6,-1,0,8,0,0,0,0,0,1,-1,9,1,38,7,-1,-1,-1,-1,1,E01033330,0,1
2025061552132,2025,061552132,2,1,0,-1,19,4,8,-1,0,1,0,0,0,0,1,1,-1,6,1,21,5,-1,-1,-1,-1,1,E01005287,0,1
2025061552164,2025,061552164,1,18,-1,-1,19,6,2,-1,1,0,0,0,0,0,3,1,-1,1,1,31,6,-1,-1,-1,-1,1,E01005270,0,2
2025061552221,2025,061552221,1,9,0,-1,19,8,2,-1,0,8,0,0,0,0,0,9,-1,6,1,34,6,-1,-1,-1,-1,4,E01005728,0,2
2025061552301,2025,061552301,3,1,0,-1,19,-1,-1,-1,4,0,0,0,0,0,1,1,-1,2,1,35,6,-1,-1,-1,-1,2,E01032906,0,1
2025061552301,2025,061552301,1,9,0,-1,2,-1,-1,-1,99,0,0,0,0,0,4,1,-1,6,3,-1,-1,-1,-1,-1,-1,-1,-1,0,-1
2025061552316,2025,061552316,2,9,0,-1,19,1,6,-1,0,1,0,0,0,0,1,1,-1,9,1,36,7,-1,-1,-1,-1,1,E01005463,0,1
2025061552316,2025,061552316,1,8,0,-1,9,4,2,-1,0,6,0,0,0,0,3,1,-1,1,1,47,8,-1,-1,-1,-1,1,E01005429,0,1
2025061552362,2025,061552362,1,9,0,-1,19,5,2,-1,0,0,0,0,0,0,4,1,-1,9,1,38,7,-1,-1,-1,-1,2,E01005237,0,2
2025061552362,2025,061552362,2,9,0,-1,19,5,1,-1,0,0,1,0,0,0,3,1,-1,9,1,64,9,-1,-1,-1,-1,1,E01033984,0,3
2025061552362,2025,061552362,3,9,0,-1,19,6,2,-1,0,0,1,0,4,0,1,1,-1,9,1,60,9,-1,-1,-1,-1,7,E01006172,0,2
2025061552371,2025,061552371,1,9,0,-1,19,8,4,-1,0,0,0,4,0,0,1,1,-1,9,2,22,5,-1,-1,-1,-1,2,E01005250,0,1
2025061552371,2025,061552371,2,9,0,-1,2,0,0,-1,0,0,0,0,0,0,3,1,-1,6,-1,-1,-1,-1,-1,-1,-1,-1,-1,0,-1
2025061552371,2025,061552371,3,9,0,-1,19,5,8,-1,0,0,0,0,0,0,1,1,-1,9,1,21,5,-1,-1,-1,-1,4,E01004831,0,3
2025061552375,2025,061552375,1,9,0,-1,19,8,2,-1,0,8,0,0,0,0,1,1,-1,1,1,39,7,-1,-1,-1,-1,1,E01005430,0,3
2025061552457,2025,061552457,1,9,0,-1,19,4,8,-1,0,0,0,0,0,0,1,9,-1,6,3,-1,-1,-1,-1,-1,-1,-1,-1,0,-1
2025061552457,2025,061552457,2,19,0,-1,3,4,8,-1,0,0,0,0,0,0,2,1,-1,1,1,41,7,-1,-1,-1,-1,6,E01005939,0,3
2025061552500,2025,061552500,3,9,0,-1,19,3,7,-1,0,0,0,4,0,0,1,1,-1,6,3,-1,-1,-1,-1,-1,-1,-1,-1,0,-1
2025061552500,2025,061552500,1,9,0,-1,3,3,7,-1,0,0,0,0,0,0,2,1,-1,6,1,40,7,-1,-1,-1,-1,1,E01005432,0,2
2025061552500,2025,061552500,2,9,0,-1,3,3,7,-1,0,0,0,4,0,0,1,1,-1,6,2,-1,-1,-1,-1,-1,-1,7,E01027496,0,5
2025061552551,2025,061552551,2,9,0,-1,19,-1,-1,-1,0,4,0,0,0,0,1,1,-1,6,1,-1,-1,-1,-1,-1,-1,2,E01005603,0,1
2025061552551,2025,061552551,1,1,0,-1,19,-1,-1,-1,0,8,0,0,0,0,4,1,-1,2,2,29,6,-1,-1,-1,-1,7,E01006155,0,1
2025061552557,2025,061552557,2,98,0,-1,19,7,3,-1,0,8,0,0,0,0,1,1,-1,1,1,26,6,-1,-1,-1,-1,3,E01033979,0,1
2025061552557,2025,061552557,1,9,0,-1,9,4,1,-1,0,6,0,0,0,0,4,1,-1,2,2,24,5,-1,-1,-1,-1,3,E01033978,0,1
2025061552763,2025,061552763,2,9,0,-1,19,-1,-1,-1,0,8,1,0,0,0,1,1,-1,6,1,32,6,-1,-1,-1,-1,1,E01005612,0,1
2025061552763,2025,061552763,1,9,0,-1,9,-1,-1,-1,0,8,0,0,0,0,1,1,-1,6,3,-1,-1,-1,-1,-1,-1,-1,-1,0,-1
2025061552778,2025,061552778,2,9,0,-1,19,1,5,-1,0,1,0,0,0,0,1,1,-1,1,1,43,7,-1,-1,-1,-1,1,E01034113,0,2
2025061552778,2025,061552778,5,9,0,-1,19,1,5,-1,0,1,0,0,0,0,1,1,-1,1,1,43,7,-1,-1,-1,-1,2,E01004871,0,3
2025061552778,2025,061552778,1,9,0,-1,1,7,3,-1,0,1,0,0,0,0,2,1,-1,6,1,21,5,-1,-1,-1,-1,-1,-1,0,-1
2025061552778,2025,061552778,3,9,0,-1,4,1,5,-1,0,1,0,0,0,0,1,1,-1,1,1,43,7,-1,-1,-1,-1,1,E01034113,0,2
2025061552778,2025,061552778,4,9,0,-1,2,0,0,-1,0,1,0,0,0,0,1,1,-1,6,-1,-1,-1,-1,-1,-1,-1,-1,-1,0,-1
2025061552805,2025,061552805,2,9,0,-1,19,1,5,-1,0,1,0,0,0,0,1,1,-1,6,1,-1,-1,-1,-1,-1,-1,2,E01004976,0,1
2025061552805,2025,061552805,1,9,0,-1,5,1,5,-1,0,1,1,99,0,0,2,1,-1,2,2,34,6,-1,-1,-1,-1,1,E01005487,0,2
2025061552819,2025,061552819,2,8,0,-1,19,3,7,-1,0,1,0,0,0,0,4,1,-1,2,1,32,6,-1,-1,-1,-1,3,E01006179,0,2
2025061552819,2025,061552819,1,9,0,-1,19,5,1,-1,0,1,0,0,3,0,1,1,-1,6,-1,-1,-1,-1,-1,-1,-1,-1,-1,0,-1
2025061552827,2025,061552827,1,9,0,-1,5,-1,-1,-1,0,4,0,99,0,0,1,1,-1,7,1,68,10,-1,-1,-1,-1,2,E01005603,0,1
2025061552827,2025,061552827,2,1,0,-1,19,-1,-1,-1,0,4,0,0,0,0,4,1,-1,6,2,29,6,-1,-1,-1,-1,7,E01006155,0,1
2025061553046,2025,061553046,2,8,-1,-1,2,0,0,-1,-1,2,0,0,0,0,3,1,-1,6,3,-1,-1,-1,-1,-1,-1,-1,-1,0,-1
2025061553046,2025,061553046,1,1,0,-1,19,3,7,-1,0,1,0,0,0,0,1,1,-1,6,1,29,6,-1,-1,-1,-1,1,E01005656,0,1
2025061553125,2025,061553125,1,99,-1,-1,-1,-1,-1,-1,-1,-1,-1,-1,-1,0,-1,9,-1,6,1,-1,-1,-1,-1,-1,-1,-1,-1,0,-1
2025061553159,2025,061553159,2,97,0,-1,99,-1,-1,-1,99,0,2,10,0,0,9,1,-1,6,1,-1,-1,-1,-1,-1,-1,2,E01004847,0,1
2025061553159,2025,061553159,3,9,0,-1,5,-1,-1,-1,99,0,9,0,1,0,1,1,-1,6,1,65,9,-1,-1,-1,-1,-1,-1,0,-1
2025061553159,2025,061553159,1,9,0,-1,2,-1,-1,-1,99,0,0,0,0,0,1,9,-1,6,1,-1,-1,-1,-1,-1,-1,-1,-1,0,-1
2025061553329,2025,061553329,1,9,0,-1,9,7,4,-1,0,8,0,0,0,0,3,1,-1,9,1,40,7,-1,-1,-1,-1,2,E01005438,0,1
2025061553364,2025,061553364,1,11,0,-1,5,1,5,-1,2,0,0,0,0,0,4,1,-1,1,-1,-1,-1,-1,-1,-1,-1,-1,-1,0,-1
2025061553519,2025,061553519,2,9,0,-1,19,1,5,-1,0,1,0,0,0,0,1,1,-1,6,2,46,8,-1,-1,-1,-1,1,E01004801,0,1
2025061553519,2025,061553519,1,9,0,-1,9,3,1,-1,0,2,0,0,0,0,3,1,-1,9,2,26,6,-1,-1,-1,-1,2,E01004873,0,1
2025061553529,2025,061553529,2,4,0,-1,13,1,5,-1,9,0,2,0,7,0,1,1,-1,2,1,31,6,-1,-1,-1,-1,3,E01006805,0,1
2025061553529,2025,061553529,1,9,0,-1,9,1,5,-1,0,0,0,0,0,0,0,1,-1,9,1,78,11,-1,-1,-1,-1,2,E01006262,0,1
2025061553561,2025,061553561,1,9,0,-1,9,5,1,-1,0,1,0,0,0,0,1,1,-1,6,1,21,5,-1,-1,-1,-1,2,E01034001,0,1
2025061553577,2025,061553577,1,9,0,-1,5,2,1,-1,0,1,0,0,0,0,1,1,-1,6,2,27,6,-1,-1,-1,-1,-1,-1,0,-1
2025061553583,2025,061553583,1,9,-1,-1,-1,-1,-1,-1,-1,-1,-1,-1,-1,0,-1,9,-1,6,3,-1,-1,-1,-1,-1,-1,-1,-1,0,-1
2025061553586,2025,061553586,1,9,0,-1,5,1,3,-1,0,6,0,0,0,0,1,1,-1,2,1,36,7,-1,-1,-1,-1,1,E01006369,0,4
2025061553586,2025,061553586,2,9,0,-1,19,3,7,-1,0,1,0,0,0,0,1,1,-1,9,1,22,5,-1,-1,-1,-1,3,E01004955,0,1
2025061553599,2025,061553599,2,9,0,-1,99,1,1,-1,99,1,9,99,0,0,1,1,-1,6,3,30,6,-1,-1,-1,-1,-1,-1,0,-1
2025061553599,2025,061553599,1,8,0,-1,99,1,1,-1,99,1,9,99,0,0,1,1,-1,1,1,31,6,-1,-1,-1,-1,2,E01025366,0,4
2025061553614,2025,061553614,1,9,0,-1,-1,-1,-1,-1,-1,-1,-1,-1,-1,0,-1,1,-1,6,1,-1,-1,-1,-1,-1,-1,1,E01005086,0,2
2025061553669,2025,061553669,1,9,0,-1,19,4,8,-1,0,0,0,0,1,0,1,1,-1,9,2,34,6,-1,-1,-1,-1,1,E01005136,0,1
2025061553763,2025,061553763,2,9,0,-1,10,6,4,-1,0,1,0,0,0,0,2,1,-1,9,1,31,6,-1,-1,-1,-1,1,E01005381,0,1
2025061553763,2025,061553763,1,9,0,-1,9,6,4,-1,0,1,0,0,0,0,1,1,-1,6,3,-1,-1,-1,-1,-1,-1,-1,-1,0,-1
2025061553827,2025,061553827,1,5,0,-1,19,1,5,-1,0,1,9,99,0,0,1,1,-1,2,1,56,9,-1,-1,-1,-1,1,E01006016,0,1
2025061553827,2025,061553827,2,19,0,-1,19,7,3,-1,0,8,9,99,0,0,4,1,-1,6,1,-1,-1,-1,-1,-1,-1,5,E01006008,0,1
2025061553885,2025,061553885,2,1,0,-1,19,1,5,-1,0,8,0,0,0,0,2,1,-1,6,1,10,2,-1,-1,-1,-1,10,E01006367,0,1
2025061553885,2025,061553885,1,9,-1,-1,-1,-1,-1,-1,-1,8,-1,-1,-1,0,1,9,-1,6,3,-1,-1,-1,-1,-1,-1,-1,-1,0,-1
2025061553989,2025,061553989,1,5,0,-1,19,3,7,-1,0,0,0,0,0,0,4,1,-1,6,1,52,8,-1,-1,-1,-1,-1,-1,0,-1
2025061554016,2025,061554016,2,1,0,-1,19,5,1,-1,0,0,0,0,0,0,1,1,-1,6,1,56,9,-1,-1,-1,-1,8,E01018665,0,2
2025061554016,2025,061554016,1,9,0,-1,5,3,1,-1,0,0,0,0,0,0,3,1,-1,6,2,61,9,-1,-1,-1,-1,10,E01018694,0,4
2025061554023,2025,061554023,1,9,0,-1,19,7,3,-1,0,2,0,0,0,0,4,1,-1,1,1,64,9,-1,-1,-1,-1,1,E01005430,0,1
2025061554056,2025,061554056,2,9,0,-1,9,-1,-1,-1,0,5,0,0,0,0,4,1,-1,6,1,-1,-1,-1,-1,-1,-1,-1,-1,0,-1
2025061554056,2025,061554056,1,9,0,-1,19,-1,-1,-1,0,8,0,0,0,0,1,1,-1,2,1,25,5,-1,-1,-1,-1,7,E01005359,0,1
2025061554107,2025,061554107,1,-1,0,-1,9,5,2,-1,2,6,0,0,0,0,3,1,-1,9,1,22,5,-1,-1,-1,-1,6,E01005694,1,1
2025061554107,2025,061554107,2,11,0,-1,5,4,8,-1,2,1,0,0,0,0,1,1,-1,1,1,62,9,-1,-1,-1,-1,1,E01006249,0,3