collision_index,collision_year,collision_ref_no,vehicle_reference,vehicle_type,towing_and_articulation,vehicle_manoeuvre_historic,vehicle_manoeuvre,vehicle_direction_from,vehicle_direction_to,vehicle_location_restricted_lane_historic,vehicle_location_restricted_lane,junction_location,skidding_and_overturning,hit_object_in_carriageway,vehicle_leaving_carriageway,hit_object_off_carriageway,first_point_of_impact,vehicle_left_hand_drive,journey_purpose_of_driver_historic,journey_purpose_of_driver,sex_of_driver,age_of_driver,age_band_of_driver,engine_capacity_cc,propulsion_code,age_of_vehicle,generic_make_model,driver_imd_decile,lsoa_of_driver,escooter_flag,driver_distance_banding
2025061559047,2025,061559047,2,9,0,-1,9,-1,-1,-1,0,6,0,0,0,0,1,1,-1,6,1,-1,-1,-1,-1,-1,-1,-1,-1,0,-1
2025061559047,2025,061559047,1,1,0,-1,19,-1,-1,-1,4,1,1,0,0,0,4,1,-1,6,2,28,6,-1,-1,-1,-1,3,E01005181,0,1
2025061559089,2025,061559089,1,9,0,-1,19,5,1,-1,0,0,0,0,0,0,4,1,-1,9,2,33,6,-1,-1,-1,-1,2,E01005163,0,1
2025061559172,2025,061559172,1,9,-1,-1,-1,-1,-1,-1,-1,-1,-1,-1,-1,0,-1,9,-1,6,3,-1,-1,-1,-1,-1,-1,-1,-1,0,-1
2025061559178,2025,061559178,1,9,0,-1,4,2,7,-1,0,0,0,0,0,0,1,1,-1,6,2,64,9,-1,-1,-1,-1,5,E01006206,0,1
2025061559209,2025,061559209,1,9,0,-1,9,5,3,-1,0,8,0,0,0,0,1,1,-1,6,2,33,6,-1,-1,-1,-1,6,E01004963,0,2
2025061559209,2025,061559209,2,9,0,-1,19,1,5,-1,0,8,0,0,0,0,1,1,-1,6,2,37,7,-1,-1,-1,-1,7,-1,0,5
2025061559222,2025,061559222,2,21,1,-1,2,7,4,-1,0,0,0,0,0,0,2,1,-1,1,1,35,6,-1,-1,-1,-1,1,E01012407,0,4
2025061559222,2025,061559222,1,9,0,-1,19,7,3,-1,-1,0,1,4,0,0,1,1,-1,6,2,41,7,-1,-1,-1,-1,3,E01006325,0,2
2025061559230,2025,061559230,1,9,0,-1,19,1,5,-1,0,1,0,0,0,0,1,1,-1,9,1,31,6,-1,-1,-1,-1,3,E01005302,0,1
2025061559230,2025,061559230,2,9,0,-1,9,5,3,-1,0,1,0,0,0,0,1,1,-1,9,2,53,8,-1,-1,-1,-1,6,E01006146,0,1
2025061559239,2025,061559239,2,1,0,-1,19,4,8,-1,0,8,0,0,0,0,1,1,-1,9,1,66,10,-1,-1,-1,-1,9,E01012569,0,3
2025061559239,2025,061559239,1,9,0,-1,9,1,6,-1,0,8,0,0,0,0,1,1,-1,9,1,47,8,-1,-1,-1,-1,5,E01006355,0,1
2025061559350,2025,061559350,2,1,-1,-1,-1,-1,-1,-1,-1,0,-1,-1,-1,0,-1,1,-1,6,2,-1,-1,-1,-1,-1,-1,1,E01005230,0,1
2025061559350,2025,061559350,1,9,-1,-1,-1,-1,-1,-1,-1,0,-1,-1,-1,0,-1,9,-1,6,3,-1,-1,-1,-1,-1,-1,1,E01004870,0,3
2025061559376,2025,061559376,1,9,0,-1,14,3,5,-1,0,0,0,4,8,0,1,1,-1,9,1,23,5,-1,-1,-1,-1,8,E01005570,0,2
2025061559376,2025,061559376,2,9,0,-1,2,0,0,-1,9,0,0,0,1,0,1,1,-1,6,-1,-1,-1,-1,-1,-1,-1,-1,-1,0,-1
2025061559431,2025,061559431,2,9,0,-1,5,-1,-1,-1,0,0,9,0,0,0,1,1,-1,6,3,-1,-1,-1,-1,-1,-1,-1,-1,0,-1
2025061559431,2025,061559431,1,9,0,-1,2,-1,-1,-1,0,0,9,0,0,0,2,1,-1,7,1,19,4,-1,-1,-1,-1,3,E01012390,0,4
2025061559449,2025,061559449,2,9,0,-1,19,0,0,-1,0,0,0,0,0,0,3,1,-1,9,2,64,9,-1,-1,-1,-1,3,E01006104,0,1
2025061559449,2025,061559449,4,9,0,-1,2,0,0,-1,0,0,0,0,0,0,1,1,-1,9,1,29,6,-1,-1,-1,-1,3,E01006104,0,1
2025061559449,2025,061559449,1,97,0,-1,19,7,1,-1,0,0,0,4,0,0,1,1,-1,9,1,-1,-1,-1,-1,-1,-1,-1,-1,0,-1
2025061559449,2025,061559449,3,9,0,-1,2,0,0,-1,0,0,0,0,0,0,3,1,-1,9,1,26,6,-1,-1,-1,-1,1,E01005599,0,2
2025061559465,2025,061559465,3,9,0,-1,19,6,2,-1,0,0,0,0,0,0,1,1,-1,1,2,63,9,-1,-1,-1,-1,-1,-1,0,-1
2025061559465,2025,061559465,1,9,0,-1,19,6,2,-1,0,0,0,0,0,0,1,1,-1,1,1,30,6,-1,-1,-1,-1,-1,-1,0,-1
2025061559465,2025,061559465,2,9,0,-1,19,6,2,-1,0,0,0,0,0,0,1,1,-1,1,1,35,6,-1,-1,-1,-1,7,E01011399,0,4
2025061559465,2025,061559465,4,9,0,-1,19,6,2,-1,0,0,0,0,0,0,1,1,-1,6,1,37,7,-1,-1,-1,-1,-1,-1,0,-1
2025061559474,2025,061559474,1,9,0,-1,9,5,1,-1,0,3,0,0,0,0,4,1,-1,6,1,18,4,-1,-1,-1,-1,-1,-1,0,-1
2025061559474,2025,061559474,2,9,0,-1,3,7,3,-1,0,3,0,0,0,0,3,1,-1,9,1,81,11,-1,-1,-1,-1,-1,-1,0,-1
2025061559474,2025,061559474,3,9,0,-1,19,5,1,-1,0,3,0,0,0,0,1,1,-1,1,1,25,5,-1,-1,-1,-1,1,E01034113,0,3
2025061559491,2025,061559491,1,19,0,-1,19,2,5,-1,0,1,0,0,0,0,1,9,-1,6,1,-1,-1,-1,-1,-1,-1,3,E01005267,0,2
2025061559491,2025,061559491,2,8,-1,-1,9,7,5,-1,0,2,0,0,0,0,4,9,-1,2,1,56,9,-1,-1,-1,-1,4,E01005126,0,1
2025061559529,2025,061559529,2,9,0,-1,9,2,8,-1,0,0,0,0,0,0,1,1,-1,6,1,40,7,-1,-1,-1,-1,7,E01005359,0,1
2025061559529,2025,061559529,1,23,0,-1,19,6,2,-1,0,0,0,0,0,0,1,1,-1,6,1,25,5,-1,-1,-1,-1,1,E01005569,0,1
2025061559530,2025,061559530,1,9,0,-1,19,1,6,-1,0,2,0,0,0,0,4,1,-1,9,1,70,10,-1,-1,-1,-1,8,E01005017,0,1
2025061559607,2025,061559607,2,8,0,-1,3,7,7,-1,0,0,0,0,0,0,2,1,-1,6,1,29,6,-1,-1,-1,-1,1,E01005067,0,1
2025061559607,2025,061559607,1,9,0,-1,5,7,7,-1,0,0,0,0,0,0,1,1,-1,6,1,42,7,-1,-1,-1,-1,4,E01005217,0,1
2025061559607,2025,061559607,3,8,0,-1,3,7,7,-1,0,0,0,0,0,0,2,1,-1,1,1,34,6,-1,-1,-1,-1,2,E01005950,0,2
2025061559644,2025,061559644,1,9,0,-1,19,3,7,-1,0,1,0,0,0,0,3,1,-1,9,1,45,7,-1,-1,-1,-1,3,E01005476,0,1
2025061559644,2025,061559644,2,1,0,-1,19,5,1,-1,0,1,0,0,0,0,1,1,-1,9,1,57,9,-1,-1,-1,-1,1,E01005466,0,1
2025061559648,2025,061559648,2,8,0,-1,99,1,1,-1,99,1,9,0,0,0,9,1,-1,6,3,30,6,-1,-1,-1,-1,-1,-1,0,-1
2025061559648,2025,061559648,1,5,0,-1,19,1,1,-1,0,1,2,0,0,0,3,1,-1,2,1,62,9,-1,-1,-1,-1,1,E01032920,0,1
2025061559722,2025,061559722,2,9,0,-1,19,8,4,-1,0,8,0,0,0,0,3,1,-1,9,1,43,7,-1,-1,-1,-1,6,E01005037,0,1
2025061559722,2025,061559722,1,9,0,-1,9,4,1,-1,0,8,0,0,0,0,3,1,-1,6,2,42,7,-1,-1,-1,-1,1,E01005664,0,3
2025061559891,2025,061559891,2,9,0,-1,19,8,4,-1,0,0,0,0,0,0,3,1,-1,2,2,31,6,-1,-1,-1,-1,9,E01012493,0,4
2025061559891,2025,061559891,1,5,0,-1,13,8,4,-1,0,0,0,0,0,0,4,1,-1,6,1,49,8,-1,-1,-1,-1,3,E01012470,0,3
2025061559932,2025,061559932,1,9,0,-1,19,-1,-1,-1,9,0,0,0,1,99,4,1,-1,6,3,-1,-1,-1,-1,-1,-1,-1,-1,0,-1
2025061559948,2025,061559948,1,9,0,-1,19,7,4,-1,0,0,0,0,0,0,3,1,-1,1,1,23,5,-1,-1,-1,-1,4,E01032914,0,1
2025061559951,2025,061559951,2,9,0,-1,19,-1,-1,-1,0,0,0,0,0,0,1,1,-1,6,3,-1,-1,-1,-1,-1,-1,-1,-1,0,-1
2025061559951,2025,061559951,1,9,0,-1,19,-1,-1,-1,0,0,0,2,0,0,2,1,-1,6,2,23,5,-1,-1,-1,-1,2,E01004980,0,1
2025061560010,2025,061560010,2,9,0,-1,19,5,1,-1,0,8,0,0,0,0,1,9,-1,8,1,65,9,-1,-1,-1,-1,-1,-1,0,-1
2025061560010,2025,061560010,1,9,0,-1,19,3,7,-1,0,8,0,0,0,0,1,9,-1,8,2,32,6,-1,-1,-1,-1,8,E01006299,0,3
2025061560045,2025,061560045,1,9,0,-1,19,1,5,-1,0,0,0,7,7,10,1,1,-1,1,1,56,9,-1,-1,-1,-1,3,E01005363,0,1
2025061560082,2025,061560082,1,9,0,-1,19,5,1,-1,0,0,2,0,7,0,1,1,-1,9,1,30,6,-1,-1,-1,-1,8,E01019746,0,1
2025061560095,2025,061560095,1,8,0,-1,9,5,4,-1,0,8,0,0,0,0,1,9,-1,6,1,40,7,-1,-1,-1,-1,-1,-1,0,-1
2025061560262,2025,061560262,1,9,0,-1,19,7,3,-1,0,8,0,0,0,0,1,1,-1,6,2,57,9,-1,-1,-1,-1,8,E01024973,0,1
2025061560262,2025,061560262,2,9,0,-1,19,3,7,-1,0,8,1,0,0,0,3,1,-1,6,2,70,10,-1,-1,-1,-1,10,E01006237,0,1
2025061560262,2025,061560262,3,9,0,-1,19,3,7,-1,0,8,0,0,0,0,3,1,-1,6,2,71,10,-1,-1,-1,-1,7,E01006317,0,1
2025061560272,2025,061560272,1,9,0,-1,3,-1,-1,-1,0,8,0,0,0,0,2,1,-1,6,2,22,5,-1,-1,-1,-1,8,E01005049,0,2
2025061560272,2025,061560272,2,9,-1,-1,19,-1,-1,-1,0,3,0,0,0,0,1,9,-1,6,2,-1,-1,-1,-1,-1,-1,1,E01005709,0,1
2025061560276,2025,061560276,1,9,0,-1,10,5,1,-1,0,1,0,0,7,0,1,1,-1,9,1,52,8,-1,-1,-1,-1,3,E01006041,0,1
2025061560292,2025,061560292,1,9,0,-1,19,2,6,-1,0,0,0,0,1,0,1,1,-1,9,1,20,4,-1,-1,-1,-1,-1,-1,0,-1
2025061560295,2025,061560295,2,9,0,-1,99,-1,-1,-1,0,1,9,0,0,0,2,1,-1,6,2,-1,-1,-1,-1,-1,-1,-1,-1,0,-1
2025061560295,2025,061560295,1,9,0,-1,19,-1,-1,-1,0,2,0,0,0,0,1,1,-1,6,2,23,5,-1,-1,-1,-1,6,E01004880,0,1
2025061560305,2025,061560305,2,9,0,-1,19,7,3,-1,0,8,0,0,0,0,1,1,-1,9,1,34,6,-1,-1,-1,-1,-1,-1,0,-1
2025061560305,2025,061560305,1,1,0,-1,19,1,5,-1,0,8,0,0,0,0,3,1,-1,1,1,33,6,-1,-1,-1,-1,1,E01034137,0,1
2025061560357,2025,061560357,1,9,0,-1,19,4,8,-1,0,1,0,0,0,0,1,9,-1,6,1,-1,-1,-1,-1,-1,-1,7,E01006045,0,1
2025061560357,2025,061560357,2,9,-1,-1,3,4,8,-1,0,1,0,0,0,0,2,9,-1,6,1,59,9,-1,-1,-1,-1,5,E01005977,0,1
2025061560403,2025,061560403,1,9,0,-1,19,5,1,-1,0,0,0,0,0,0,1,1,-1,9,1,78,11,-1,-1,-1,-1,3,E01005480,0,1
2025061560403,2025,061560403,2,11,0,-1,2,1,5,-1,0,0,0,0,0,0,1,1,-1,1,1,53,8,-1,-1,-1,-1,-1,-1,0,-1
2025061560455,2025,061560455,1,9,0,-1,19,8,2,-1,0,0,0,0,7,0,1,1,-1,9,2,35,6,-1,-1,-1,-1,5,E01005396,0,1
2025061560544,2025,061560544,1,9,0,-1,-1,-1,-1,-1,-1,0,-1,-1,-1,0,-1,1,-1,6,3,-1,-1,-1,-1,-1,-1,-1,-1,0,-1
2025061560562,2025,061560562,1,19,0,-1,9,8,6,-1,0,6,0,0,0,0,1,1,-1,1,1,38,7,-1,-1,-1,-1,3,E01005554,0,2
2025061560562,2025,061560562,2,9,0,-1,19,6,2,-1,0,1,0,0,0,0,1,1,-1,6,2,54,8,-1,-1,-1,-1,2,E01005224,0,1
2025061560651,2025,061560651,1,11,0,-1,19,5,3,-1,0,0,0,0,0,0,4,1,-1,1,1,37,7,-1,-1,-1,-1,1,E01005427,0,2
2025061560726,2025,061560726,1,9,0,-1,19,3,3,-1,9,0,1,0,1,10,1,1,-1,9,2,65,9,-1,-1,-1,-1,3,E01005480,0,1
2025061560812,2025,061560812,1,9,0,-1,3,-1,-1,-1,0,0,0,0,0,0,2,1,-1,2,2,30,6,-1,-1,-1,-1,2,E01005224,0,1
2025061560869,2025,061560869,1,21,0,-1,10,-1,-1,-1,99,6,0,0,0,0,2,1,-1,1,1,41,7,-1,-1,-1,-1,5,E01006375,0,4
2025061560869,2025,061560869,2,9,0,-1,99,-1,-1,-1,99,6,0,4,0,0,1,1,-1,6,1,-1,-1,-1,-1,-1,-1,-1,-1,0,-1
2025061560936,2025,061560936,2,9,0,-1,19,1,1,-1,0,8,0,0,0,0,1,1,-1,1,2,53,8,-1,-1,-1,-1,3,E01006020,0,1
2025061560936,2025,061560936,1,8,0,-1,19,7,7,-1,0,8,0,0,1,11,1,2,-1,1,1,52,8,-1,-1,-1,-1,2,E01005222,0,2
2025061560972,2025,061560972,1,21,0,-1,19,3,7,-1,0,0,0,0,0,0,1,1,-1,1,1,58,9,-1,-1,-1,-1,4,E01004767,0,3
2025061560979,2025,061560979,1,1,0,-1,10,-1,-1,-1,0,1,9,0,0,0,2,1,-1,2,1,18,4,-1,-1,-1,-1,1,E01006108,0,1
2025061560979,2025,061560979,2,9,0,-1,19,-1,-1,-1,0,9,9,0,0,0,1,1,-1,6,3,-1,-1,-1,-1,-1,-1,-1,-1,0,-1
2025061561047,2025,061561047,3,9,0,-1,19,6,2,-1,0,0,0,0,1,7,4,1,-1,9,1,38,7,-1,-1,-1,-1,4,E01018437,0,4
2025061561047,2025,061561047,2,21,1,-1,19,6,2,-1,0,0,0,0,0,0,1,1,-1,1,1,43,7,-1,-1,-1,-1,2,E01005471,0,2
2025061561047,2025,061561047,4,19,5,-1,19,6,2,-1,0,0,5,0,0,0,1,1,-1,9,1,43,7,-1,-1,-1,-1,1,E01005315,0,4
2025061561047,2025,061561047,1,9,0,-1,12,6,2,-1,0,0,0,0,0,0,3,1,-1,9,1,28,6,-1,-1,-1,-1,3,E01010825,0,4
2025061561060,2025,061561060,2,9,0,-1,19,-1,-1,-1,0,9,9,99,1,0,1,1,-1,6,3,-1,-1,-1,-1,-1,-1,-1,-1,0,-1
2025061561060,2025,061561060,1,9,0,-1,19,-1,-1,-1,0,9,9,99,1,2,3,1,-1,6,2,38,7,-1,-1,-1,-1,2,E01004814,0,1
2025061561178,2025,061561178,1,9,0,-1,19,5,1,-1,0,4,0,0,0,0,1,1,-1,9,2,79,11,-1,-1,-1,-1,10,E01006372,0,2
2025061561178,2025,061561178,2,1,0,-1,9,3,1,-1,0,8,0,0,0,0,2,1,-1,9,1,26,6,-1,-1,-1,-1,4,E01006219,0,1
2025061561201,2025,061561201,1,9,0,-1,19,5,1,-1,0,0,0,0,1,0,1,1,-1,9,2,37,7,-1,-1,-1,-1,9,E01019731,0,1
2025061561201,2025,061561201,2,1,0,-1,5,5,1,-1,0,0,0,0,0,0,4,1,-1,9,1,58,9,-1,-1,-1,-1,7,E01033670,0,3
2025061561404,2025,061561404,1,8,0,-1,2,6,2,-1,0,0,0,8,0,0,3,1,-1,9,1,32,6,-1,-1,-1,-1,3,E01005712,0,3
2025061561508,2025,061561508,2,8,0,-1,-1,-1,-1,-1,-1,-1,-1,-1,-1,0,-1,1,-1,6,1,-1,-1,-1,-1,-1,-1,3,E01005181,0,1
2025061561508,2025,061561508,1,1,0,-1,-1,-1,-1,-1,-1,-1,-1,-1,-1,0,1,1,-1,6,1,37,7,-1,-1,-1,-1,4,E01005298,0,1
2025061561524,2025,061561524,2,19,0,-1,4,-1,-1,-1,0,6,0,99,0,0,1,1,-1,6,1,47,8,-1,-1,-1,-1,3,E01005310,0,2
2025061561524,2025,061561524,1,9,0,-1,19,-1,-1,-1,0,6,0,99,0,0,2,1,-1,6,1,50,8,-1,-1,-1,-1,1,E01034121,0,2
2025061561558,2025,061561558,1,9,0,-1,19,7,3,-1,0,0,0,0,0,0,4,1,-1,9,1,34,6,-1,-1,-1,-1,6,E01006245,0,2
2025061561558,2025,061561558,2,9,0,-1,3,7,3,-1,0,0,0,0,1,0,2,1,-1,9,2,18,4,-1,-1,-1,-1,3,E01006335,0,1
2025061561565,2025,061561565,2,9,0,-1,7,-1,-1,-1,0,8,0,0,0,0,4,1,-1,6,3,-1,-1,-1,-1,-1,-1,-1,-1,0,-1
2025061561565,2025,061561565,1,1,0,-1,19,-1,-1,-1,4,1,0,0,0,0,3,1,-1,7,1,16,4,-1,-1,-1,-1,5,E01005168,0,1
2025061561579,2025,061561579,2,1,0,-1,9,-1,-1,-1,0,5,0,0,0,0,4,1,-1,6,3,-1,-1,-1,-1,-1,-1,-1,-1,0,-1
2025061561579,2025,061561579,1,9,0,-1,9,-1,-1,-1,0,5,0,0,0,0,4,1,-1,6,2,57,9,-1,-1,-1,-1,10,E01006083,0,1
2025061561602,2025,061561602,2,9,0,-1,10,4,8,-1,0,0,0,0,0,0,2,1,-1,9,2,59,9,-1,-1,-1,-1,1,E01005381,0,2
2025061561602,2025,061561602,1,9,0,-1,19,6,2,-1,0,0,0,0,1,0,1,1,-1,2,1,38,7,-1,-1,-1,-1,1,E01010583,0,4
2025061561602,2025,061561602,3,9,0,-1,19,2,6,-1,0,0,0,0,0,0,3,1,-1,9,1,63,9,-1,-1,-1,-1,2,E01006036,0,3
2025061561605,2025,061561605,2,9,0,-1,9,-1,-1,-1,0,8,0,0,0,0,4,1,-1,6,2,57,9,-1,-1,-1,-1,10,E01006083,0,1
2025061561605,2025,061561605,1,1,0,-1,10,-1,-1,-1,0,8,0,0,0,0,4,1,-1,6,1,18,4,-1,-1,-1,-1,3,E01018611,0,2
2025061561698,2025,061561698,2,9,-1,-1,8,1,3,-1,0,8,0,0,0,0,-1,9,-1,6,2,52,8,-1,-1,-1,-1,4,E01005896,0,1
2025061561698,2025,061561698,1,9,-1,-1,-1,-1,-1,-1,-1,-1,-1,-1,-1,0,-1,9,-1,6,2,-1,-1,-1,-1,-1,-1,-1,-1,0,-1
2025061561935,2025,061561935,1,9,0,-1,9,4,5,-1,0,5,0,0,0,0,1,1,-1,9,2,89,11,-1,-1,-1,-1,7,E01005173,0,1
2025061561940,2025,061561940,1,1,0,-1,19,-1,-1,-1,0,8,5,0,0,0,1,1,-1,6,1,30,6,-1,-1,-1,-1,6,E01005306,0,1
2025061561940,2025,061561940,2,9,0,-1,9,-1,-1,-1,0,6,0,0,0,0,3,1,-1,6,2,-1,-1,-1,-1,-1,-1,-1,-1,0,-1
2025061562018,2025,061562018,2,9,0,-1,13,-1,-1,-1,0,1,0,0,0,0,4,1,-1,6,1,-1,-1,-1,-1,-1,-1,-1,-1,0,-1
2025061562018,2025,061562018,1,1,0,-1,19,-1,-1,-1,0,1,0,0,0,0,3,1,-1,6,1,42,7,-1,-1,-1,-1,10,E01005883,0,1
2025061562050,2025,061562050,1,3,0,-1,14,-1,-1,-1,0,0,1,0,0,0,1,1,-1,6,1,39,7,-1,-1,-1,-1,2,E01005817,0,1
2025061562050,2025,061562050,2,9,0,-1,2,-1,-1,-1,99,0,0,99,0,0,3,1,-1,6,1,-1,-1,-1,-1,-1,-1,-1,-1,0,-1
2025061562116,2025,061562116,2,9,0,-1,7,5,7,-1,0,2,0,0,3,11,1,1,-1,6,1,26,6,-1,-1,-1,-1,2,E01005999,0,3
2025061562116,2025,061562116,1,9,0,-1,19,3,7,-1,0,2,0,0,0,0,1,1,-1,9,2,72,10,-1,-1,-1,-1,9,E01005803,0,1
2025061562123,2025,061562123,2,3,0,-1,19,5,1,-1,0,8,1,0,0,0,1,1,-1,6,1,54,8,-1,-1,-1,-1,-1,-1,0,-1
2025061562123,2025,061562123,1,9,0,-1,9,1,3,-1,0,8,0,0,0,0,1,1,-1,6,1,33,6,-1,-1,-1,-1,1,E01005205,0,1
2025061562144,2025,061562144,1,9,0,-1,7,2,4,-1,0,1,0,0,0,0,1,1,-1,9,1,27,6,-1,-1,-1,-1,1,E01005166,0,1
2025061562344,2025,061562344,2,9,0,-1,19,-1,-1,-1,0,0,0,0,0,0,1,1,-1,6,2,-1,-1,-1,-1,-1,-1,-1,-1,0,-1
2025061562344,2025,061562344,1,9,0,-1,4,-1,-1,-1,0,0,0,0,0,0,2,1,-1,2,1,30,6,-1,-1,-1,-1,8,E01005713,0,2
2025061562469,2025,061562469,1,9,-1,-1,-1,-1,-1,-1,-1,0,-1,-1,-1,0,-1,9,-1,6,3,-1,-1,-1,-1,-1,-1,-1,-1,0,-1
2025061562556,2025,061562556,1,9,0,-1,19,6,2,-1,0,0,0,0,0,0,1,1,-1,6,1,39,7,-1,-1,-1,-1,-1,-1,0,-1
2025061562571,2025,061562571,1,8,0,-1,19,3,7,-1,0,0,0,0,0,0,1,1,-1,1,1,47,8,-1,-1,-1,-1,7,E01006046,0,1
2025061562633,2025,061562633,1,9,0,-1,99,-1,-1,-1,0,0,9,99,0,0,4,1,-1,6,3,-1,-1,-1,-1,-1,-1,-1,-1,0,-1
2025061562679,2025,061562679,1,1,0,-1,19,-1,-1,-1,5,0,0,0,0,0,1,1,-1,1,1,28,6,-1,-1,-1,-1,3,E01005273,0,1
2025061562679,2025,061562679,2,19,0,-1,7,-1,-1,-1,0,0,0,0,0,0,1,1,-1,1,1,40,7,-1,-1,-1,-1,1,E01005077,0,2
2025061562938,2025,061562938,2,19,0,-1,19,-1,-1,-1,99,0,0,0,0,0,4,1,-1,6,1,53,8,-1,-1,-1,-1,1,E01005482,0,1
2025061562938,2025,061562938,1,9,0,-1,5,-1,-1,-1,0,0,0,0,0,0,3,1,-1,6,2,42,7,-1,-1,-1,-1,6,E01005523,0,1
2025061562956,2025,061562956,1,1,0,-1,9,-1,-1,-1,0,0,0,0,0,0,1,1,-1,1,1,35,6,-1,-1,-1,-1,3,E01005628,0,1
2025061562956,2025,061562956,2,9,0,-1,19,-1,-1,-1,0,0,0,0,0,0,3,1,-1,6,3,-1,-1,-1,-1,-1,-1,-1,-1,0,-1
2025061562971,2025,061562971,2,3,0,-1,19,8,3,-1,0,0,2,7,0,0,3,1,-1,9,1,20,4,-1,-1,-1,-1,2,E01005343,0,1
2025061562971,2025,061562971,1,9,0,-1,15,8,3,-1,0,0,0,0,0,0,0,9,-1,6,1,50,8,-1,-1,-1,-1,-1,-1,0,-1
2025061563019,2025,061563019,1,9,0,-1,19,1,5,-1,0,1,5,10,7,0,1,1,-1,6,2,41,7,-1,-1,-1,-1,1,E01005085,0,1
2025061563019,2025,061563019,2,8,0,-1,19,5,1,-1,0,1,0,0,0,0,4,1,-1,1,1,30,6,-1,-1,-1,-1,1,E01004869,0,4
2025061563093,2025,061563093,2,21,1,-1,19,-1,-1,-1,0,1,0,0,0,0,3,1,-1,1,1,30,6,-1,-1,-1,-1,8,E01005417,0,3
2025061563093,2025,061563093,1,1,0,-1,19,-1,-1,-1,0,1,0,0,1,0,3,1,-1,6,1,43,7,-1,-1,-1,-1,7,E01005367,0,2
2025061563097,2025,061563097,1,9,0,-1,19,3,7,-1,0,1,0,0,0,0,4,1,-1,6,1,52,8,-1,-1,-1,-1,-1,-1,0,-1
2025061563116,2025,061563116,1,-1,0,-1,19,-1,-1,-1,99,9,0,0,0,0,1,1,-1,6,1,31,6,-1,-1,-1,-1,2,E01005633,0,1
2025061563116,2025,061563116,2,9,0,-1,19,-1,-1,-1,99,9,0,0,0,0,3,1,-1,6,3,-1,-1,-1,-1,-1,-1,-1,-1,0,-1
2025061563158,2025,061563158,1,9,0,-1,4,-1,-1,-1,0,0,0,0,0,0,1,1,-1,2,2,26,6,-1,-1,-1,-1,6,E01005007,0,1
2025061563158,2025,061563158,2,9,0,-1,4,-1,-1,-1,0,0,0,0,0,0,2,1,-1,6,3,-1,-1,-1,-1,-1,-1,-1,-1,0,-1
2025061563220,2025,061563220,1,9,-1,-1,-1,-1,-1,-1,-1,-1,-1,-1,-1,0,-1,9,-1,6,3,-1,-1,-1,-1,-1,-1,-1,-1,0,-1
2025061563354,2025,061563354,3,97,0,-1,13,1,1,-1,0,0,0,0,0,0,1,1,-1,9,1,42,7,-1,-1,-1,-1,7,E01005393,0,2
2025061563354,2025,061563354,2,9,0,-1,13,3,7,-1,0,0,0,0,0,0,1,1,-1,9,1,64,9,-1,-1,-1,-1,-1,-1,0,-1
2025061563354,2025,061563354,1,9,0,-1,19,3,7,-1,0,0,0,0,0,0,2,1,-1,6,2,53,8,-1,-1,-1,-1,5,E01005396,0,2
2025061563367,2025,061563367,2,9,0,-1,4,2,4,-1,0,1,0,0,0,0,1,1,-1,2,1,55,8,-1,-1,-1,-1,8,E01005867,0,3
2025061563367,2025,061563367,1,1,0,-1,19,4,7,-1,0,8,0,0,0,0,2,1,-1,6,1,34,6,-1,-1,-1,-1,1,E01005662,0,1
2025061563765,2025,061563765,1,9,0,-1,19,-1,-1,-1,0,0,0,0,0,0,2,1,-1,2,1,32,6,-1,-1,-1,-1,1,E01006241,0,2
2025061563765,2025,061563765,2,5,0,-1,19,-1,-1,-1,0,0,0,0,0,0,1,1,-1,6,1,-1,-1,-1,-1,-1,-1,-1,-1,0,-1
2025061563768,2025,061563768,2,9,0,-1,5,-1,-1,-1,0,1,0,0,0,0,1,1,-1,6,3,-1,-1,-1,-1,-1,-1,-1,-1,0,-1
2025061563768,2025,061563768,1,9,0,-1,5,-1,-1,-1,0,1,0,0,0,0,2,1,-1,6,1,28,6,-1,-1,-1,-1,4,E01005630,0,1
2025061563799,2025,061563799,1,5,0,-1,19,-1,-1,-1,0,1,5,0,0,0,3,1,-1,2,1,57,9,-1,-1,-1,-1,4,E01012521,0,4
2025061563799,2025,061563799,2,9,0,-1,19,-1,-1,-1,0,1,0,0,0,0,4,1,-1,6,1,45,7,-1,-1,-1,-1,5,E01005301,0,1
2025061563802,2025,061563802,2,9,0,-1,19,2,7,-1,0,0,0,0,0,0,0,1,-1,1,1,42,7,-1,-1,-1,-1,1,E01004979,0,3
2025061563802,2025,061563802,1,9,0,-1,9,5,2,-1,0,0,0,0,0,0,0,1,-1,1,1,-1,-1,-1,-1,-1,-1,-1,-1,0,-1
2025061563878,2025,061563878,2,9,0,-1,5,-1,-1,-1,0,0,0,99,0,0,3,1,-1,6,3,-1,-1,-1,-1,-1,-1,-1,-1,0,-1
2025061563878,2025,061563878,1,9,0,-1,5,-1,-1,-1,0,0,0,0,0,0,4,1,-1,2,1,21,5,-1,-1,-1,-1,7,E01005749,0,1
2025061563910,2025,061563910,2,8,0,-1,19,1,5,-1,0,1,0,0,0,0,4,1,-1,9,1,52,8,-1,-1,-1,-1,2,E01006054,0,3
2025061563910,2025,061563910,1,9,0,-1,19,1,5,-1,0,1,0,0,0,0,3,1,-1,6,1,35,6,-1,-1,-1,-1,1,E01005234,0,1
2025061563918,2025,061563918,2,-1,0,-1,19,7,7,-1,0,8,0,0,0,0,1,1,-1,6,1,14,3,-1,-1,-1,-1,3,E01005012,1,1
2025061563918,2025,061563918,1,9,0,-1,19,4,8,-1,0,1,0,0,0,0,1,1,-1,2,2,43,7,-1,-1,-1,-1,2,E01034109,0,2
2025061564006,2025,061564006,1,9,0,-1,19,-1,-1,-1,0,1,0,4,0,0,2,1,-1,2,1,26,6,-1,-1,-1,-1,8,E01006921,0,4