collision_index,collision_year,collision_ref_no,vehicle_reference,vehicle_type,towing_and_articulation,vehicle_manoeuvre_historic,vehicle_manoeuvre,vehicle_direction_from,vehicle_direction_to,vehicle_location_restricted_lane_historic,vehicle_location_restricted_lane,junction_location,skidding_and_overturning,hit_object_in_carriageway,vehicle_leaving_carriageway,hit_object_off_carriageway,first_point_of_impact,vehicle_left_hand_drive,journey_purpose_of_driver_historic,journey_purpose_of_driver,sex_of_driver,age_of_driver,age_band_of_driver,engine_capacity_cc,propulsion_code,age_of_vehicle,generic_make_model,driver_imd_decile,lsoa_of_driver,escooter_flag,driver_distance_banding
2025061564006,2025,061564006,2,20,0,-1,9,-1,-1,-1,0,1,0,4,0,0,2,1,-1,6,3,-1,-1,-1,-1,-1,-1,-1,-1,0,-1
2025061564071,2025,061564071,3,1,0,-1,5,-1,-1,-1,9,8,0,0,0,0,3,1,-1,6,1,43,7,-1,-1,-1,-1,4,E01005208,0,1
2025061564071,2025,061564071,1,9,0,-1,5,-1,-1,-1,99,6,0,0,0,0,1,1,-1,6,3,-1,-1,-1,-1,-1,-1,-1,-1,0,-1
2025061564096,2025,061564096,1,9,0,-1,19,1,5,-1,0,2,0,0,0,0,1,1,-1,9,2,63,9,-1,-1,-1,-1,9,E01004989,0,1
2025061564096,2025,061564096,2,9,0,-1,2,0,0,-1,0,-1,0,0,0,0,1,1,-1,9,1,39,7,-1,-1,-1,-1,-1,-1,0,-1
2025061564096,2025,061564096,3,9,0,-1,2,0,0,-1,0,-1,0,0,0,0,1,1,-1,9,1,51,8,-1,-1,-1,-1,-1,-1,0,-1
2025061564119,2025,061564119,1,9,-1,-1,-1,-1,-1,-1,-1,-1,-1,-1,-1,0,-1,9,-1,6,3,-1,-1,-1,-1,-1,-1,-1,-1,0,-1
2025061564119,2025,061564119,2,9,-1,-1,-1,-1,-1,-1,-1,-1,-1,-1,-1,0,-1,9,-1,6,1,35,6,-1,-1,-1,-1,3,E01005026,0,2
2025061564147,2025,061564147,1,19,0,-1,9,-1,-1,-1,0,1,9,0,0,0,2,9,-1,6,3,-1,-1,-1,-1,-1,-1,-1,-1,0,-1
2025061564147,2025,061564147,2,9,0,-1,19,-1,-1,-1,0,2,1,0,0,0,2,1,-1,6,2,40,7,-1,-1,-1,-1,9,E01012566,0,4
2025061564244,2025,061564244,1,19,-1,-1,-1,-1,-1,-1,0,8,-1,-1,-1,0,-1,9,-1,6,3,-1,-1,-1,-1,-1,-1,-1,-1,0,-1
2025061564264,2025,061564264,2,22,0,-1,5,5,1,-1,0,6,0,0,0,0,3,1,-1,6,1,54,8,-1,-1,-1,-1,1,E01005381,0,1
2025061564264,2025,061564264,1,11,0,-1,19,3,7,-1,0,1,0,0,0,0,1,1,-1,1,1,26,6,-1,-1,-1,-1,1,E01032920,0,1
2025061564272,2025,061564272,1,9,0,-1,9,5,3,-1,0,1,0,0,0,0,4,1,-1,9,1,27,6,-1,-1,-1,-1,1,E01005429,0,1
2025061564272,2025,061564272,2,5,0,-1,19,1,5,-1,0,1,0,0,0,0,1,1,-1,2,1,66,10,-1,-1,-1,-1,5,E01006022,0,2
2025061564282,2025,061564282,1,19,0,-1,3,-1,-1,-1,0,4,0,0,0,0,3,1,-1,2,1,37,7,-1,-1,-1,-1,6,E01005836,0,1
2025061564282,2025,061564282,2,11,0,-1,4,-1,-1,-1,0,4,0,0,0,0,3,1,-1,6,3,-1,-1,-1,-1,-1,-1,-1,-1,0,-1
2025061564307,2025,061564307,2,9,0,-1,19,8,4,-1,0,1,0,0,0,0,3,1,-1,9,2,43,7,-1,-1,-1,-1,1,E01005707,0,1
2025061564307,2025,061564307,1,9,0,-1,13,8,4,-1,0,1,0,0,1,4,1,1,-1,9,1,35,6,-1,-1,-1,-1,1,E01005703,0,1
2025061564342,2025,061564342,2,5,0,-1,19,4,1,-1,0,1,0,0,0,0,1,1,-1,6,1,38,7,-1,-1,-1,-1,-1,-1,0,-1
2025061564342,2025,061564342,1,9,0,-1,9,7,4,-1,0,1,0,0,0,0,1,1,-1,6,1,17,4,-1,-1,-1,-1,2,E01005199,0,1
2025061564383,2025,061564383,1,11,-1,-1,-1,-1,-1,-1,-1,0,-1,-1,-1,0,-1,9,-1,6,3,-1,-1,-1,-1,-1,-1,-1,-1,0,-1
2025061564504,2025,061564504,3,9,0,-1,3,8,4,-1,0,2,0,0,0,0,4,1,-1,9,2,47,8,-1,-1,-1,-1,1,E01005094,0,1
2025061564504,2025,061564504,2,9,0,-1,7,2,4,-1,0,6,0,0,0,0,0,1,-1,1,1,34,6,-1,-1,-1,-1,1,E01005202,0,1
2025061564504,2025,061564504,1,9,0,-1,7,2,4,-1,0,6,0,4,0,0,1,9,-1,6,1,-1,-1,-1,-1,-1,-1,-1,-1,0,-1
2025061564594,2025,061564594,2,9,0,-1,19,-1,-1,-1,0,0,0,0,0,0,9,1,-1,6,3,-1,-1,-1,-1,-1,-1,-1,-1,0,-1
2025061564594,2025,061564594,1,9,0,-1,14,-1,-1,-1,0,0,0,0,0,0,3,1,-1,6,2,29,6,-1,-1,-1,-1,1,E01005314,0,1
2025061564643,2025,061564643,2,9,0,-1,19,3,7,-1,0,0,1,0,7,0,1,1,-1,9,2,45,7,-1,-1,-1,-1,3,E01005332,0,1
2025061564643,2025,061564643,1,9,0,-1,13,7,3,-1,0,0,1,7,7,10,1,1,-1,6,1,21,5,-1,-1,-1,-1,3,E01005474,0,2
2025061564643,2025,061564643,3,9,0,-1,19,7,3,-1,0,0,0,0,0,0,0,1,-1,1,1,31,6,-1,-1,-1,-1,-1,-1,0,-1
2025061564649,2025,061564649,1,9,0,-1,3,-1,-1,-1,0,0,0,0,0,0,2,1,-1,1,1,34,6,-1,-1,-1,-1,1,E01005266,0,3
2025061564649,2025,061564649,2,9,0,-1,3,-1,-1,-1,0,0,0,99,0,0,1,1,-1,6,3,-1,-1,-1,-1,-1,-1,2,E01005438,0,1
2025061564673,2025,061564673,1,9,0,-1,19,5,1,-1,0,0,0,0,0,0,1,1,-1,6,1,48,8,-1,-1,-1,-1,5,E01019715,0,4
2025061564774,2025,061564774,1,9,0,-1,19,5,1,-1,0,8,0,0,0,0,1,1,-1,6,-1,-1,-1,-1,-1,-1,-1,-1,-1,0,-1
2025061564905,2025,061564905,2,1,0,-1,19,4,8,-1,0,8,0,0,0,0,-1,1,-1,6,1,20,4,-1,-1,-1,-1,1,E01004825,0,3
2025061564905,2025,061564905,1,9,0,-1,19,6,2,-1,0,8,0,0,0,0,1,9,-1,6,1,24,5,-1,-1,-1,-1,9,E01005038,0,1
2025061565042,2025,061565042,1,9,0,-1,14,-1,-1,-1,0,0,0,99,0,0,4,1,-1,6,3,-1,-1,-1,-1,-1,-1,-1,-1,0,-1
2025061565051,2025,061565051,1,9,0,-1,19,1,5,-1,0,8,0,0,0,0,1,1,-1,6,1,52,8,-1,-1,-1,-1,-1,-1,0,-1
2025061565051,2025,061565051,2,9,0,-1,19,3,8,-1,0,8,0,0,3,0,3,1,-1,9,1,29,6,-1,-1,-1,-1,-1,-1,0,-1
2025061565109,2025,061565109,2,22,0,-1,19,6,2,-1,0,6,0,0,0,0,3,1,-1,6,1,63,9,-1,-1,-1,-1,1,E01005586,0,1
2025061565109,2025,061565109,1,11,0,-1,19,4,8,-1,0,1,0,0,0,0,1,1,-1,1,1,49,8,-1,-1,-1,-1,1,E01033676,0,3
2025061565355,2025,061565355,1,9,0,-1,19,2,5,-1,0,2,0,0,0,0,4,1,-1,9,2,46,8,-1,-1,-1,-1,2,E01005951,0,1
2025061565386,2025,061565386,1,9,0,-1,19,7,4,-1,0,1,0,0,0,0,4,2,-1,9,1,43,7,-1,-1,-1,-1,1,E01005004,0,2
2025061565386,2025,061565386,2,9,0,-1,4,1,6,-1,0,1,0,0,3,0,1,2,-1,9,1,23,5,-1,-1,-1,-1,1,E01025396,0,3
2025061565450,2025,061565450,1,9,0,-1,19,3,7,-1,9,0,0,10,1,11,1,1,-1,9,1,20,4,-1,-1,-1,-1,1,E01004841,0,1
2025061565455,2025,061565455,1,4,0,-1,19,5,1,-1,0,0,0,4,0,0,1,1,-1,6,1,22,5,-1,-1,-1,-1,-1,-1,0,-1
2025061565455,2025,061565455,2,9,0,-1,2,0,0,-1,0,0,0,0,0,0,2,1,-1,6,1,31,6,-1,-1,-1,-1,2,E01005220,0,3
2025061565460,2025,061565460,1,9,0,-1,19,7,3,-1,0,0,0,0,0,0,1,1,-1,6,1,41,7,-1,-1,-1,-1,2,E01006238,0,1
2025061565460,2025,061565460,2,9,0,-1,19,3,7,-1,0,0,0,0,0,0,4,1,-1,6,1,30,6,-1,-1,-1,-1,-1,-1,0,-1
2025061565488,2025,061565488,1,9,0,-1,19,7,3,-1,0,8,1,0,0,0,1,1,-1,6,1,40,7,-1,-1,-1,-1,1,E01005097,0,1
2025061565488,2025,061565488,2,9,0,-1,9,7,5,-1,0,8,1,0,0,0,1,1,-1,6,2,32,6,-1,-1,-1,-1,1,E01004839,0,4
2025061565570,2025,061565570,1,9,0,-1,19,7,7,-1,1,8,0,0,0,0,1,1,-1,6,1,45,7,-1,-1,-1,-1,1,E01006000,0,1
2025061565570,2025,061565570,2,18,-1,-1,19,3,7,-1,1,8,0,0,0,0,1,1,-1,1,1,51,8,-1,-1,-1,-1,-1,-1,0,-1
2025061565696,2025,061565696,1,9,0,-1,19,3,7,-1,0,0,0,0,0,0,1,1,-1,6,1,28,6,-1,-1,-1,-1,2,E01010338,0,5
2025061565702,2025,061565702,2,9,0,-1,-1,-1,-1,-1,-1,0,-1,-1,-1,0,-1,2,-1,9,1,-1,-1,-1,-1,-1,-1,9,E01005545,0,1
2025061565702,2025,061565702,1,9,0,-1,-1,-1,-1,-1,-1,0,-1,-1,-1,0,-1,9,-1,6,2,77,11,-1,-1,-1,-1,8,E01005409,0,3
2025061565732,2025,061565732,2,9,0,-1,19,-1,-1,-1,0,0,0,0,8,0,2,1,-1,6,1,-1,-1,-1,-1,-1,-1,-1,-1,0,-1
2025061565732,2025,061565732,1,9,0,-1,4,-1,-1,-1,0,0,0,0,8,0,2,1,-1,2,1,39,7,-1,-1,-1,-1,7,E01004891,0,2
2025061565819,2025,061565819,1,9,0,-1,7,3,5,-1,0,5,0,0,0,0,0,1,-1,6,1,22,5,-1,-1,-1,-1,-1,-1,0,-1
2025061565894,2025,061565894,1,9,0,-1,-1,-1,-1,-1,-1,-1,-1,-1,-1,0,-1,2,-1,6,3,-1,-1,-1,-1,-1,-1,-1,-1,0,-1
2025061565948,2025,061565948,2,9,0,-1,19,6,7,-1,0,1,0,0,1,0,4,1,-1,6,2,80,11,-1,-1,-1,-1,3,E01005531,0,1
2025061565948,2025,061565948,1,9,0,-1,9,1,2,-1,0,1,0,0,0,0,1,1,-1,6,1,58,9,-1,-1,-1,-1,3,E01005535,0,1
2025061565953,2025,061565953,2,9,0,-1,3,3,7,-1,0,1,0,0,0,0,2,1,-1,1,1,24,5,-1,-1,-1,-1,1,E01005427,0,1
2025061565953,2025,061565953,1,9,0,-1,4,3,7,-1,0,1,0,0,0,0,1,1,-1,6,1,21,5,-1,-1,-1,-1,1,E01005428,0,1
2025061565964,2025,061565964,2,3,0,-1,5,5,1,-1,0,1,0,0,0,0,2,1,-1,6,1,19,4,-1,-1,-1,-1,-1,-1,0,-1
2025061565964,2025,061565964,1,9,0,-1,5,5,1,-1,0,1,0,0,0,0,1,1,-1,9,2,64,9,-1,-1,-1,-1,1,E01033948,0,2
2025061566003,2025,061566003,1,98,0,-1,5,1,5,-1,9,6,0,0,0,0,1,9,-1,1,1,62,9,-1,-1,-1,-1,-1,-1,0,-1
2025061566111,2025,061566111,2,9,0,-1,19,3,7,-1,0,8,0,0,0,0,4,9,-1,9,1,24,5,-1,-1,-1,-1,2,E01033982,0,1
2025061566111,2025,061566111,1,9,0,-1,19,5,1,-1,0,8,0,0,0,0,3,1,-1,9,2,52,8,-1,-1,-1,-1,4,E01005696,0,1
2025061566179,2025,061566179,1,1,0,-1,19,-1,-1,-1,4,1,2,0,0,0,1,1,-1,2,1,39,7,-1,-1,-1,-1,1,E01005213,0,1
2025061566179,2025,061566179,2,8,0,-1,9,-1,-1,-1,4,5,0,0,0,0,2,1,-1,6,3,-1,-1,-1,-1,-1,-1,-1,-1,0,-1
2025061566305,2025,061566305,1,9,0,-1,-1,-1,-1,-1,-1,8,-1,-1,-1,0,-1,1,-1,6,3,-1,-1,-1,-1,-1,-1,-1,-1,0,-1
2025061566463,2025,061566463,1,9,0,-1,9,5,3,-1,0,6,0,0,0,0,1,9,-1,6,3,-1,-1,-1,-1,-1,-1,-1,-1,0,-1
2025061566469,2025,061566469,1,9,0,-1,4,7,3,-1,0,0,0,0,0,0,4,1,-1,1,1,42,7,-1,-1,-1,-1,1,E01005213,0,1
2025061566469,2025,061566469,2,1,0,-1,19,7,3,-1,0,0,0,4,0,0,1,1,-1,2,1,39,7,-1,-1,-1,-1,5,E01006129,0,2
2025061566526,2025,061566526,2,3,0,-1,99,-1,-1,-1,0,5,9,99,0,0,9,1,-1,6,1,-1,-1,-1,-1,-1,-1,5,E01005507,0,3
2025061566526,2025,061566526,1,9,0,-1,4,-1,-1,-1,0,5,0,0,0,0,2,1,-1,6,1,37,7,-1,-1,-1,-1,1,E01004823,0,1
2025061566541,2025,061566541,1,9,0,-1,19,7,3,-1,0,8,0,11,3,11,4,1,-1,1,1,57,9,-1,-1,-1,-1,1,E01005472,0,1
2025061566714,2025,061566714,1,9,0,-1,5,4,6,-1,0,2,0,0,0,0,1,1,-1,9,2,59,9,-1,-1,-1,-1,1,E01006334,0,1
2025061566714,2025,061566714,2,22,0,-1,9,2,8,-1,0,8,0,0,0,0,3,1,-1,9,1,85,11,-1,-1,-1,-1,9,E01006331,0,1
2025061566739,2025,061566739,3,9,0,-1,19,5,1,-1,0,0,0,0,0,0,1,1,-1,6,1,52,8,-1,-1,-1,-1,6,E01004790,0,1
2025061566739,2025,061566739,1,9,0,-1,19,1,5,-1,0,0,1,0,0,0,1,1,-1,6,1,25,5,-1,-1,-1,-1,8,E01004791,0,1
2025061566739,2025,061566739,2,9,0,-1,19,5,1,-1,0,0,0,0,0,0,1,1,-1,6,1,37,7,-1,-1,-1,-1,8,E01004897,0,2
2025061566863,2025,061566863,1,9,0,-1,19,4,8,-1,0,6,0,0,0,0,1,1,-1,9,1,59,9,-1,-1,-1,-1,3,E01005116,0,2
2025061566901,2025,061566901,3,9,0,-1,10,1,7,-1,0,1,0,0,0,0,1,1,-1,9,1,17,4,-1,-1,-1,-1,5,E01006206,0,1
2025061566901,2025,061566901,2,9,0,-1,19,4,8,-1,0,1,0,0,0,0,1,1,-1,9,1,36,7,-1,-1,-1,-1,4,E01005073,0,1
2025061566901,2025,061566901,1,-1,0,-1,19,7,4,-1,0,1,0,0,0,0,1,1,-1,6,1,14,3,-1,-1,-1,-1,1,E01005117,1,1
2025061566922,2025,061566922,1,9,0,-1,19,7,7,-1,0,8,0,0,0,0,4,9,-1,6,2,35,6,-1,-1,-1,-1,-1,-1,0,-1
2025061566940,2025,061566940,2,5,0,-1,19,3,7,-1,0,8,0,0,0,0,1,1,-1,6,1,35,6,-1,-1,-1,-1,1,E01006289,0,3
2025061566940,2025,061566940,1,98,0,-1,9,7,5,-1,0,8,0,0,0,0,1,1,-1,1,1,30,6,-1,-1,-1,-1,1,E01007128,0,4
2025061566989,2025,061566989,2,21,1,-1,19,3,7,-1,0,8,0,0,0,0,3,1,-1,1,1,58,9,-1,-1,-1,-1,7,E01005367,0,2
2025061566989,2025,061566989,1,9,0,-1,7,3,6,-1,0,8,0,0,1,0,4,1,-1,1,1,28,6,-1,-1,-1,-1,1,E01013590,0,4
2025061566990,2025,061566990,2,9,0,-1,19,-1,-1,-1,0,0,0,0,0,0,0,9,-1,6,3,-1,-1,-1,-1,-1,-1,-1,-1,0,-1
2025061566990,2025,061566990,1,9,0,-1,19,-1,-1,-1,0,0,0,0,0,0,0,9,-1,6,1,49,8,-1,-1,-1,-1,1,E01004850,0,1
2025061567252,2025,061567252,2,8,0,-1,2,-1,-1,-1,0,0,0,0,0,0,3,1,-1,6,1,-1,-1,-1,-1,-1,-1,1,E01005953,0,1
2025061567252,2025,061567252,1,1,0,-1,14,-1,-1,-1,0,0,2,0,0,0,4,1,-1,2,2,55,8,-1,-1,-1,-1,2,E01005966,0,1
2025061567296,2025,061567296,1,1,0,-1,19,-1,-1,-1,0,8,0,0,0,0,3,1,-1,2,2,44,7,-1,-1,-1,-1,9,E01004924,0,1
2025061567296,2025,061567296,2,9,0,-1,7,-1,-1,-1,0,8,0,99,0,0,4,1,-1,6,1,-1,-1,-1,-1,-1,-1,7,E01004845,0,1
2025061567312,2025,061567312,1,9,0,-1,19,-1,-1,-1,0,0,1,0,0,0,3,1,-1,2,1,46,8,-1,-1,-1,-1,3,E01005139,0,1
2025061567312,2025,061567312,2,9,0,-1,9,-1,-1,-1,0,0,0,0,0,0,3,1,-1,6,3,-1,-1,-1,-1,-1,-1,-1,-1,0,-1
2025061567348,2025,061567348,2,9,0,-1,7,-1,-1,-1,0,1,0,0,0,0,1,1,-1,6,3,-1,-1,-1,-1,-1,-1,-1,-1,0,-1
2025061567348,2025,061567348,1,9,0,-1,19,-1,-1,-1,0,9,0,0,0,0,4,1,-1,6,2,50,8,-1,-1,-1,-1,10,E01004967,0,1
2025061567391,2025,061567391,3,9,0,-1,19,3,7,-1,0,0,0,0,0,0,2,1,-1,1,1,36,7,-1,-1,-1,-1,5,E01005647,0,2
2025061567391,2025,061567391,4,9,0,-1,19,7,3,-1,0,0,0,0,0,0,2,1,-1,9,2,32,6,-1,-1,-1,-1,-1,-1,0,-1
2025061567391,2025,061567391,5,9,0,-1,19,7,3,-1,0,0,0,0,1,0,3,1,-1,9,1,64,9,-1,-1,-1,-1,7,E01006053,0,4
2025061567391,2025,061567391,1,21,1,-1,19,3,1,-1,0,0,0,0,6,0,1,1,-1,1,2,54,8,-1,-1,-1,-1,-1,-1,0,-1
2025061567391,2025,061567391,2,9,0,-1,19,3,7,-1,0,0,0,0,0,0,1,1,-1,9,1,26,6,-1,-1,-1,-1,2,E01010852,0,4
2025061567479,2025,061567479,1,9,0,-1,9,5,7,-1,0,2,0,0,0,0,1,1,-1,2,1,40,7,-1,-1,-1,-1,1,E01005612,0,1
2025061567511,2025,061567511,1,9,-1,-1,-1,-1,-1,-1,-1,-1,-1,-1,-1,0,-1,9,-1,6,1,43,7,-1,-1,-1,-1,1,E01006109,0,1
2025061567511,2025,061567511,2,9,-1,-1,-1,-1,-1,-1,-1,-1,-1,-1,-1,0,-1,9,-1,6,1,40,7,-1,-1,-1,-1,6,E01005365,0,2
2025061567572,2025,061567572,1,9,0,-1,19,1,4,-1,0,8,0,0,0,0,1,1,-1,6,1,44,7,-1,-1,-1,-1,-1,-1,0,-1
2025061567572,2025,061567572,2,9,0,-1,9,6,3,-1,0,8,0,0,0,0,1,1,-1,6,2,29,6,-1,-1,-1,-1,9,E01016092,0,5
2025061567589,2025,061567589,1,9,0,-1,4,-1,-1,-1,0,7,0,0,0,0,2,1,-1,7,1,31,6,-1,-1,-1,-1,7,E01005771,0,1
2025061567601,2025,061567601,2,3,0,-1,19,3,7,-1,0,0,0,0,0,0,0,1,-1,6,1,20,4,-1,-1,-1,-1,-1,-1,0,-1
2025061567601,2025,061567601,1,19,0,-1,4,1,5,-1,0,0,0,0,0,0,3,1,-1,1,1,42,7,-1,-1,-1,-1,-1,-1,0,-1
2025061567651,2025,061567651,1,9,0,-1,19,5,1,-1,0,0,0,0,0,0,4,1,-1,6,2,76,11,-1,-1,-1,-1,6,E01005390,0,1
2025061567685,2025,061567685,3,9,0,-1,19,1,5,-1,0,1,0,0,0,0,1,9,-1,6,3,30,6,-1,-1,-1,-1,-1,-1,0,-1
2025061567685,2025,061567685,2,9,0,-1,19,1,5,-1,0,1,0,0,0,0,2,1,-1,9,2,40,7,-1,-1,-1,-1,6,E01005037,0,2
2025061567730,2025,061567730,1,1,0,-1,9,-1,-1,-1,0,3,2,0,0,0,1,1,-1,6,1,19,4,-1,-1,-1,-1,7,E01005791,0,1
2025061567730,2025,061567730,2,9,0,-1,19,-1,-1,-1,0,4,0,0,0,0,3,1,-1,6,1,-1,-1,-1,-1,-1,-1,-1,-1,0,-1
2025061567822,2025,061567822,2,9,0,-1,3,7,3,-1,0,0,0,0,0,0,2,1,-1,9,1,58,9,-1,-1,-1,-1,1,E01005232,0,1
2025061567822,2025,061567822,1,9,0,-1,3,7,1,-1,0,0,0,0,0,0,1,1,-1,9,1,28,6,-1,-1,-1,-1,-1,-1,0,-1
2025061567854,2025,061567854,2,3,0,-1,19,5,1,-1,0,2,1,4,0,0,1,1,-1,9,2,17,4,-1,-1,-1,-1,3,E01005853,0,1
2025061567854,2025,061567854,3,9,0,-1,2,0,0,-1,0,2,0,4,0,0,1,1,-1,6,1,57,9,-1,-1,-1,-1,7,E01006182,0,2
2025061567854,2025,061567854,1,9,0,-1,9,7,3,-1,0,8,0,0,0,0,0,1,-1,6,1,75,10,-1,-1,-1,-1,8,E01005776,0,2
2025061567953,2025,061567953,2,9,-1,-1,-1,-1,-1,-1,-1,-1,-1,-1,-1,0,-1,9,-1,6,3,-1,-1,-1,-1,-1,-1,-1,-1,0,-1
2025061567953,2025,061567953,1,9,0,-1,4,-1,-1,-1,0,-1,0,0,0,0,2,1,-1,6,2,38,7,-1,-1,-1,-1,2,E01005818,0,1
2025061567960,2025,061567960,2,9,-1,-1,5,-1,-1,-1,0,0,0,0,0,0,1,1,-1,6,3,-1,-1,-1,-1,-1,-1,-1,-1,0,-1
2025061567960,2025,061567960,1,1,0,-1,3,-1,-1,-1,0,0,0,0,0,0,2,1,-1,6,1,26,6,-1,-1,-1,-1,5,E01005305,0,1
2025061567978,2025,061567978,1,9,0,-1,19,-1,-1,-1,0,0,0,0,7,0,2,1,-1,6,2,31,6,-1,-1,-1,-1,1,E01005324,0,1
2025061567978,2025,061567978,2,9,0,-1,99,-1,-1,-1,99,0,9,99,3,99,1,1,-1,6,3,-1,-1,-1,-1,-1,-1,-1,-1,0,-1
2025061567984,2025,061567984,1,9,0,-1,19,1,3,-1,0,0,5,0,0,0,1,1,-1,9,1,17,4,-1,-1,-1,-1,2,E01005431,0,2
2025061568030,2025,061568030,1,98,0,-1,19,8,4,-1,0,8,0,0,0,0,4,1,-1,1,1,56,9,-1,-1,-1,-1,-1,-1,0,-1
2025061568030,2025,061568030,2,1,0,-1,19,8,4,-1,0,8,0,0,0,0,3,1,-1,6,1,13,3,-1,-1,-1,-1,5,E01006256,0,1
2025061568049,2025,061568049,1,19,0,-1,1,7,5,-1,0,8,0,0,0,0,2,1,-1,9,1,37,7,-1,-1,-1,-1,4,E01005540,0,1
2025061568119,2025,061568119,1,9,0,-1,19,1,7,-1,0,8,0,0,0,0,1,1,-1,9,2,80,11,-1,-1,-1,-1,2,E01004838,0,1
2025061568151,2025,061568151,1,9,0,-1,2,0,0,-1,0,0,0,0,0,0,4,1,-1,6,2,44,7,-1,-1,-1,-1,1,E01005467,0,1
2025061568164,2025,061568164,1,9,0,-1,9,3,3,-1,0,0,0,0,0,0,1,1,-1,6,2,57,9,-1,-1,-1,-1,1,E01005484,0,1
2025061568164,2025,061568164,2,9,0,-1,19,5,1,-1,0,0,0,0,0,0,1,1,-1,6,2,25,5,-1,-1,-1,-1,2,E01005590,0,1
2025061568247,2025,061568247,1,9,0,-1,19,-1,-1,-1,0,0,0,0,0,0,4,1,-1,6,1,63,9,-1,-1,-1,-1,5,E01005229,0,3
2025061568252,2025,061568252,1,9,0,-1,5,-1,-1,-1,0,0,0,11,0,0,4,1,-1,6,2,55,8,-1,-1,-1,-1,6,E01004919,0,2
2025061568252,2025,061568252,2,1,0,-1,19,-1,-1,-1,0,0,9,11,0,0,3,1,-1,6,1,-1,-1,-1,-1,-1,-1,-1,-1,0,-1
2025061568262,2025,061568262,1,9,0,-1,19,2,5,-1,0,0,0,0,0,0,1,1,-1,2,2,20,4,-1,-1,-1,-1,1,E01005610,0,2
2025061568262,2025,061568262,2,9,0,-1,19,5,6,-1,0,0,0,0,0,0,2,1,-1,9,1,41,7,-1,-1,-1,-1,7,E01005644,0,1
2025061568310,2025,061568310,1,9,0,-1,8,-1,-1,-1,0,0,0,0,0,0,2,1,-1,6,2,32,6,-1,-1,-1,-1,7,E01006046,0,2
2025061568310,2025,061568310,2,9,-1,-1,-1,-1,-1,-1,-1,0,-1,-1,-1,0,-1,9,-1,6,3,-1,-1,-1,-1,-1,-1,-1,-1,0,-1
2025061568368,2025,061568368,2,9,0,-1,19,1,4,-1,0,1,0,0,0,0,2,1,-1,9,1,25,5,-1,-1,-1,-1,1,E01005104,0,1
2025061568368,2025,061568368,3,9,0,-1,2,0,0,-1,0,1,0,0,0,0,3,2,-1,6,-1,-1,-1,-1,-1,-1,-1,-1,-1,0,-1
2025061568368,2025,061568368,1,5,0,-1,13,1,4,-1,0,1,5,0,0,0,1,1,-1,9,1,42,7,-1,-1,-1,-1,2,E01005207,0,1
2025061568626,2025,061568626,1,9,0,-1,19,1,5,-1,0,0,0,0,0,0,1,1,-1,9,1,17,4,-1,-1,-1,-1,4,E01005499,0,1
2025061568698,2025,061568698,1,9,0,-1,2,-1,-1,-1,0,0,0,0,0,0,2,1,-1,6,1,37,7,-1,-1,-1,-1,3,E01005934,0,1
2025061568698,2025,061568698,2,9,-1,-1,-1,-1,-1,-1,-1,0,-1,-1,-1,0,-1,9,-1,6,2,-1,-1,-1,-1,-1,-1,3,E01005998,0,2
2025061568735,2025,061568735,1,2,0,-1,19,7,3,-1,0,8,0,0,0,0,1,1,-1,6,1,17,4,-1,-1,-1,-1,1,E01005097,0,1
2025061568756,2025,061568756,1,9,0,-1,5,3,7,-1,0,6,0,0,3,0,2,1,-1,6,3,-1,-1,-1,-1,-1,-1,-1,-1,0,-1
2025061568759,2025,061568759,1,9,0,-1,1,0,1,-1,-1,1,0,0,0,0,2,2,-1,6,-1,0,1,-1,-1,-1,-1,-1,-1,0,-1
2025061568790,2025,061568790,1,8,0,-1,5,8,8,-1,0,2,0,0,0,0,1,1,-1,1,1,41,7,-1,-1,-1,-1,1,E01005234,0,1
2025061568843,2025,061568843,1,9,0,-1,19,2,7,-1,0,0,0,0,1,0,1,1,-1,6,1,18,4,-1,-1,-1,-1,2,E01004868,0,1
2025061568975,2025,061568975,1,1,0,-1,19,-1,-1,-1,4,0,0,8,1,0,4,1,-1,6,2,37,7,-1,-1,-1,-1,5,E01005296,0,1
2025061568975,2025,061568975,2,9,-1,-1,-1,-1,-1,-1,-1,0,-1,-1,-1,0,-1,9,-1,6,3,-1,-1,-1,-1,-1,-1,-1,-1,0,-1
2025061568990,2025,061568990,1,9,0,-1,19,3,7,-1,0,0,0,0,0,0,2,1,-1,6,2,35,6,-1,-1,-1,-1,1,E01005692,0,3
2025061568990,2025,061568990,2,8,0,-1,19,3,7,-1,0,0,0,0,0,0,1,1,-1,1,1,44,7,-1,-1,-1,-1,2,E01011230,0,3
2025061569032,2025,061569032,1,9,-1,-1,-1,-1,-1,-1,-1,0,-1,-1,-1,0,-1,9,-1,6,2,33,6,-1,-1,-1,-1,5,E01005873,0,2
2025061569032,2025,061569032,2,9,-1,-1,-1,-1,-1,-1,-1,0,-1,-1,-1,0,-1,9,-1,6,3,-1,-1,-1,-1,-1,-1,-1,-1,0,-1
2025061569060,2025,061569060,2,9,0,-1,4,7,3,-1,0,0,0,0,0,0,0,1,-1,1,1,-1,-1,-1,-1,-1,-1,-1,-1,0,-1
2025061569060,2025,061569060,1,5,0,-1,5,5,2,-1,9,0,1,0,7,0,1,1,-1,6,1,37,7,-1,-1,-1,-1,-1,-1,0,-1
2025061569191,2025,061569191,2,1,0,-1,99,-1,-1,-1,0,8,0,0,0,0,4,1,-1,6,2,-1,-1,-1,-1,-1,-1,10,E01006147,0,1
2025061569191,2025,061569191,1,9,0,-1,9,-1,-1,-1,0,8,0,0,0,0,0,1,-1,6,1,59,9,-1,-1,-1,-1,10,E01006195,0,1
2025061569229,2025,061569229,1,9,0,-1,19,2,6,-1,0,2,0,0,1,0,1,1,-1,9,1,22,5,-1,-1,-1,-1,2,E01005958,0,1