collision_index,collision_year,collision_ref_no,vehicle_reference,vehicle_type,towing_and_articulation,vehicle_manoeuvre_historic,vehicle_manoeuvre,vehicle_direction_from,vehicle_direction_to,vehicle_location_restricted_lane_historic,vehicle_location_restricted_lane,junction_location,skidding_and_overturning,hit_object_in_carriageway,vehicle_leaving_carriageway,hit_object_off_carriageway,first_point_of_impact,vehicle_left_hand_drive,journey_purpose_of_driver_historic,journey_purpose_of_driver,sex_of_driver,age_of_driver,age_band_of_driver,engine_capacity_cc,propulsion_code,age_of_vehicle,generic_make_model,driver_imd_decile,lsoa_of_driver,escooter_flag,driver_distance_banding
2025061569280,2025,061569280,1,9,0,-1,1,-1,-1,-1,0,4,0,0,0,0,2,1,-1,2,2,52,8,-1,-1,-1,-1,1,E01005948,0,3
2025061569519,2025,061569519,2,9,0,-1,3,-1,-1,-1,0,9,0,0,0,0,4,1,-1,6,1,-1,-1,-1,-1,-1,-1,1,E01005189,0,2
2025061569519,2025,061569519,1,1,0,-1,19,-1,-1,-1,9,9,9,0,1,99,3,1,-1,2,2,25,5,-1,-1,-1,-1,5,E01005304,0,1
2025061569536,2025,061569536,2,19,0,-1,19,5,1,-1,0,8,0,0,0,0,4,1,-1,2,1,37,7,-1,-1,-1,-1,-1,-1,0,-1
2025061569536,2025,061569536,1,19,0,-1,7,7,1,-1,0,4,0,0,0,0,1,1,-1,1,1,44,7,-1,-1,-1,-1,-1,-1,0,-1
2025061569570,2025,061569570,2,9,0,-1,-1,-1,-1,-1,-1,0,-1,-1,-1,0,-1,1,-1,6,3,-1,-1,-1,-1,-1,-1,-1,-1,0,-1
2025061569570,2025,061569570,1,9,0,-1,-1,-1,-1,-1,-1,0,-1,-1,-1,0,-1,1,-1,6,1,34,6,-1,-1,-1,-1,6,E01005626,0,1
2025061569700,2025,061569700,1,9,0,-1,4,-1,-1,-1,0,7,0,0,0,0,2,1,-1,7,2,45,7,-1,-1,-1,-1,1,E01034112,0,1
2025061569793,2025,061569793,1,11,0,-1,19,4,8,-1,0,8,0,0,0,0,1,2,-1,1,1,47,8,-1,-1,-1,-1,1,E01005328,0,3
2025061569916,2025,061569916,1,9,0,-1,19,1,5,-1,0,2,0,4,0,0,1,1,-1,9,1,29,6,-1,-1,-1,-1,9,E01019720,0,4
2025061569916,2025,061569916,3,9,0,-1,2,0,0,-1,0,2,0,4,0,0,2,1,-1,6,-1,-1,-1,-1,-1,-1,-1,-1,-1,0,-1
2025061569916,2025,061569916,2,8,0,-1,2,0,0,-1,0,2,0,4,0,0,2,1,-1,6,-1,-1,-1,-1,-1,-1,-1,-1,-1,0,-1
2025061569964,2025,061569964,2,9,-1,-1,-1,-1,-1,-1,-1,0,-1,-1,-1,0,-1,9,-1,6,1,-1,-1,-1,-1,-1,-1,10,E01005927,0,1
2025061569964,2025,061569964,1,9,-1,-1,-1,-1,-1,-1,-1,0,-1,-1,-1,0,-1,9,-1,6,2,-1,-1,-1,-1,-1,-1,5,E01005777,0,1
2025061570077,2025,061570077,2,1,0,-1,19,1,1,-1,0,1,0,0,0,0,1,1,-1,6,1,30,6,-1,-1,-1,-1,6,E01005176,0,1
2025061570077,2025,061570077,1,9,0,-1,19,1,1,-1,0,1,0,0,0,0,1,2,-1,1,3,30,6,-1,-1,-1,-1,-1,-1,0,-1
2025061570087,2025,061570087,1,9,0,-1,19,-1,-1,-1,0,2,0,0,0,0,4,1,-1,6,1,71,10,-1,-1,-1,-1,2,E01004929,0,1
2025061570087,2025,061570087,2,9,0,-1,9,-1,-1,-1,0,6,0,0,0,0,1,1,-1,6,1,-1,-1,-1,-1,-1,-1,3,E01005975,0,4
2025061570092,2025,061570092,1,9,-1,-1,-1,-1,-1,-1,-1,-1,-1,-1,-1,0,-1,9,-1,6,3,-1,-1,-1,-1,-1,-1,-1,-1,0,-1
2025061570092,2025,061570092,2,9,-1,-1,-1,-1,-1,-1,-1,-1,-1,-1,-1,0,-1,9,-1,6,1,-1,-1,-1,-1,-1,-1,1,E01005501,0,1
2025061570197,2025,061570197,1,9,0,-1,19,8,2,-1,0,0,0,0,0,0,4,1,-1,6,2,65,9,-1,-1,-1,-1,3,E01005541,0,1
2025061570334,2025,061570334,1,9,0,-1,19,6,2,-1,0,0,0,0,0,0,1,1,-1,6,2,24,5,-1,-1,-1,-1,2,E01005233,0,2
2025061570334,2025,061570334,2,9,0,-1,3,6,2,-1,0,0,0,0,0,0,2,1,-1,6,2,29,6,-1,-1,-1,-1,7,E01006077,0,2
2025061570438,2025,061570438,2,1,0,-1,19,5,1,-1,4,1,0,0,0,0,2,1,-1,2,2,43,7,-1,-1,-1,-1,7,E01006155,0,1
2025061570438,2025,061570438,1,19,0,-1,5,7,3,-1,4,6,0,0,0,0,3,1,-1,9,1,24,5,-1,-1,-1,-1,1,E01005101,0,3
2025061570500,2025,061570500,1,9,-1,-1,-1,-1,-1,-1,-1,0,-1,-1,-1,0,-1,9,-1,6,1,35,6,-1,-1,-1,-1,6,E01005010,0,1
2025061570500,2025,061570500,2,1,-1,-1,-1,-1,-1,-1,-1,0,-1,-1,-1,0,-1,1,-1,6,2,60,9,-1,-1,-1,-1,4,E01005006,0,2
2025061570511,2025,061570511,2,-1,0,-1,19,-1,-1,-1,0,0,9,99,1,0,9,1,-1,6,3,-1,-1,-1,-1,-1,-1,-1,-1,0,-1
2025061570511,2025,061570511,1,9,0,-1,19,-1,-1,-1,0,0,0,0,0,0,3,1,-1,2,2,50,8,-1,-1,-1,-1,6,E01012564,0,4
2025061570523,2025,061570523,1,9,-1,-1,-1,-1,-1,-1,-1,0,-1,-1,-1,0,2,9,-1,6,2,73,10,-1,-1,-1,-1,3,E01005480,0,1
2025061570523,2025,061570523,2,9,-1,-1,-1,-1,-1,-1,-1,0,-1,-1,-1,0,-1,9,-1,6,3,-1,-1,-1,-1,-1,-1,-1,-1,0,-1
2025061570815,2025,061570815,2,5,0,-1,19,7,3,-1,0,0,5,0,0,0,1,1,-1,9,1,53,8,-1,-1,-1,-1,8,E01006285,0,2
2025061570815,2025,061570815,1,9,0,-1,6,3,7,-1,0,0,0,0,0,0,4,1,-1,6,1,18,4,-1,-1,-1,-1,9,E01004893,0,2
2025061570841,2025,061570841,2,-1,0,-1,19,5,1,-1,0,0,0,0,0,0,3,1,-1,6,1,12,3,-1,-1,-1,-1,3,E01005621,1,1
2025061570841,2025,061570841,1,9,0,-1,19,7,3,-1,0,0,0,10,0,0,1,1,-1,9,1,23,5,-1,-1,-1,-1,2,E01005616,0,1
2025061570864,2025,061570864,3,9,0,-1,2,0,0,-1,0,0,0,0,0,0,3,1,-1,6,-1,-1,-1,-1,-1,-1,-1,-1,-1,0,-1
2025061570864,2025,061570864,1,9,0,-1,-1,-1,-1,-1,-1,0,-1,-1,-1,-1,-1,1,-1,6,3,-1,-1,-1,-1,-1,-1,-1,-1,0,-1
2025061570864,2025,061570864,2,9,0,-1,5,3,8,-1,0,0,0,0,0,0,1,1,-1,8,1,0,1,-1,-1,-1,-1,6,E01011885,0,4
2025061571014,2025,061571014,2,1,0,-1,4,1,3,-1,0,0,0,0,0,0,2,1,-1,6,1,16,4,-1,-1,-1,-1,-1,-1,0,-1
2025061571014,2025,061571014,1,9,0,-1,4,1,3,-1,0,0,0,0,0,0,4,1,-1,1,1,35,6,-1,-1,-1,-1,1,E01034113,0,2
2025061571062,2025,061571062,1,23,0,-1,19,7,3,-1,0,8,0,0,0,0,4,1,-1,6,1,35,6,-1,-1,-1,-1,1,E01005319,0,1
2025061571062,2025,061571062,2,9,0,-1,19,1,5,-1,0,8,0,0,0,0,1,1,-1,9,2,23,5,-1,-1,-1,-1,-1,-1,0,-1
2025061571118,2025,061571118,1,9,0,-1,19,1,5,-1,0,0,0,0,0,0,1,1,-1,9,2,50,8,-1,-1,-1,-1,-1,-1,0,-1
2025061571122,2025,061571122,2,9,0,-1,19,-1,-1,-1,0,8,1,99,1,0,1,1,-1,6,1,-1,-1,-1,-1,-1,-1,3,E01005480,0,1
2025061571122,2025,061571122,1,9,0,-1,5,-1,-1,-1,0,8,0,0,0,0,1,1,-1,6,1,24,5,-1,-1,-1,-1,9,E01005573,0,1
2025061571152,2025,061571152,1,9,0,-1,19,1,5,-1,0,8,0,0,0,0,1,1,-1,6,1,31,6,-1,-1,-1,-1,-1,-1,0,-1
2025061571152,2025,061571152,2,1,0,-1,19,7,3,-1,9,8,0,0,0,0,1,1,-1,6,1,17,4,-1,-1,-1,-1,-1,-1,0,-1
2025061571319,2025,061571319,1,5,0,-1,19,3,7,-1,0,0,1,10,1,0,1,1,-1,6,1,21,5,-1,-1,-1,-1,-1,-1,0,-1
2025061571361,2025,061571361,1,9,0,-1,19,7,3,-1,0,1,0,0,0,0,1,1,-1,9,2,59,9,-1,-1,-1,-1,-1,-1,0,-1
2025061571361,2025,061571361,3,8,0,-1,3,7,3,-1,0,1,0,0,0,0,2,1,-1,1,1,54,8,-1,-1,-1,-1,-1,-1,0,-1
2025061571361,2025,061571361,2,8,0,-1,3,3,7,-1,0,1,0,0,0,0,2,1,-1,1,1,35,6,-1,-1,-1,-1,-1,-1,0,-1
2025061571429,2025,061571429,2,1,0,-1,-1,-1,-1,-1,-1,0,-1,-1,-1,0,1,1,-1,2,1,45,7,-1,-1,-1,-1,2,E01005221,0,1
2025061571429,2025,061571429,1,19,0,-1,-1,-1,-1,-1,-1,0,-1,-1,-1,0,4,1,-1,6,1,35,6,-1,-1,-1,-1,1,E01005755,0,1
2025061571574,2025,061571574,2,9,0,-1,19,4,1,-1,0,1,0,0,0,0,1,1,-1,6,1,40,7,-1,-1,-1,-1,2,E01024941,0,2
2025061571574,2025,061571574,1,9,0,-1,9,1,7,-1,0,1,0,0,0,0,4,1,-1,6,1,34,6,-1,-1,-1,-1,4,E01006853,0,3
2025061571582,2025,061571582,1,9,0,-1,19,3,7,-1,0,0,0,0,0,0,4,1,-1,2,2,49,8,-1,-1,-1,-1,3,E01006035,0,1
2025061571770,2025,061571770,1,1,0,-1,19,1,1,-1,4,1,0,0,1,0,1,1,-1,6,2,22,5,-1,-1,-1,-1,1,E01005232,0,1
2025061571770,2025,061571770,2,9,0,-1,7,1,1,-1,0,1,0,99,0,0,4,1,-1,6,3,30,6,-1,-1,-1,-1,-1,-1,0,-1
2025061571795,2025,061571795,2,9,0,-1,5,6,3,-1,0,0,0,0,3,0,2,1,-1,6,1,28,6,-1,-1,-1,-1,-1,-1,0,-1
2025061571795,2025,061571795,1,9,0,-1,19,8,3,-1,0,0,1,0,1,0,1,1,-1,6,1,20,4,-1,-1,-1,-1,-1,-1,0,-1
2025061571815,2025,061571815,1,9,0,-1,10,5,7,-1,0,2,0,0,0,0,3,1,-1,9,1,57,9,-1,-1,-1,-1,-1,-1,0,-1
2025061571815,2025,061571815,2,1,0,-1,19,7,3,-1,0,1,0,0,0,0,1,1,-1,2,1,32,6,-1,-1,-1,-1,-1,-1,0,-1
2025061571832,2025,061571832,1,9,0,-1,15,6,2,-1,0,8,0,0,0,0,4,9,-1,6,3,-1,-1,-1,-1,-1,-1,-1,-1,0,-1
2025061571832,2025,061571832,2,9,0,-1,19,6,2,-1,0,1,0,0,0,0,0,1,-1,1,1,44,7,-1,-1,-1,-1,-1,-1,0,-1
2025061571832,2025,061571832,3,9,0,-1,3,6,2,-1,0,1,0,0,0,0,3,1,-1,6,2,55,8,-1,-1,-1,-1,6,E01005961,0,1
2025061571878,2025,061571878,1,9,0,-1,19,3,7,-1,0,0,0,0,0,0,1,1,-1,9,1,36,7,-1,-1,-1,-1,-1,-1,0,-1
2025061571895,2025,061571895,1,9,0,-1,19,1,5,-1,0,0,0,0,0,0,1,1,-1,9,1,49,8,-1,-1,-1,-1,2,E01005237,0,1
2025061571901,2025,061571901,1,11,0,-1,19,7,3,-1,0,1,0,0,0,0,4,1,-1,1,1,42,7,-1,-1,-1,-1,3,E01006272,0,2
2025061571903,2025,061571903,1,9,0,-1,9,8,1,-1,0,8,0,0,0,0,4,1,-1,9,1,89,11,-1,-1,-1,-1,7,E01005691,0,1
2025061571903,2025,061571903,2,3,0,-1,19,8,4,-1,0,1,0,0,0,0,1,1,-1,9,2,32,6,-1,-1,-1,-1,2,E01005704,0,1
2025061571941,2025,061571941,1,3,0,-1,19,7,3,-1,0,8,0,0,0,0,1,1,-1,1,2,27,6,-1,-1,-1,-1,1,E01006357,0,1
2025061571941,2025,061571941,2,9,0,-1,14,3,7,-1,0,8,0,0,0,0,1,9,-1,1,3,24,5,-1,-1,-1,-1,1,E01006357,0,1
2025061572016,2025,061572016,2,1,0,-1,10,5,7,-1,0,1,0,0,0,0,1,1,-1,2,1,46,8,-1,-1,-1,-1,2,E01005224,0,1
2025061572016,2025,061572016,1,9,0,-1,9,7,1,-1,0,8,0,0,0,0,2,1,-1,6,2,28,6,-1,-1,-1,-1,1,E01005243,0,2
2025061572087,2025,061572087,2,97,0,-1,15,3,7,-1,0,1,1,0,0,0,1,1,-1,6,1,46,8,-1,-1,-1,-1,4,E01006044,0,1
2025061572087,2025,061572087,1,9,0,-1,9,7,3,-1,0,5,0,0,0,0,4,1,-1,2,1,37,7,-1,-1,-1,-1,2,E01005937,0,2
2025061572319,2025,061572319,2,9,0,-1,19,8,4,-1,0,8,0,0,0,0,1,1,-1,2,2,36,7,-1,-1,-1,-1,2,E01005122,0,1
2025061572319,2025,061572319,1,9,0,-1,19,7,4,-1,0,8,0,0,0,0,4,1,-1,9,1,41,7,-1,-1,-1,-1,2,E01005122,0,1
2025061572398,2025,061572398,2,9,0,-1,99,-1,-1,-1,0,0,0,0,0,0,1,1,-1,6,1,-1,-1,-1,-1,-1,-1,-1,-1,0,-1
2025061572398,2025,061572398,1,19,0,-1,4,-1,-1,-1,0,0,0,0,0,0,2,1,-1,1,1,45,7,-1,-1,-1,-1,1,E01004848,0,3
2025061572478,2025,061572478,1,9,0,-1,19,5,1,-1,0,1,0,0,0,0,1,1,-1,6,3,30,6,-1,-1,-1,-1,-1,-1,0,-1
2025061572478,2025,061572478,2,1,0,-1,19,4,8,-1,0,1,0,0,0,0,1,1,-1,6,1,50,8,-1,-1,-1,-1,2,E01005580,0,1
2025061572482,2025,061572482,1,9,0,-1,-1,-1,-1,-1,-1,0,-1,-1,-1,0,1,2,-1,6,2,53,8,-1,-1,-1,-1,5,E01021848,0,5
2025061572482,2025,061572482,2,9,0,-1,-1,-1,-1,-1,-1,0,-1,-1,-1,0,-1,2,-1,6,3,-1,-1,-1,-1,-1,-1,-1,-1,0,-1
2025061572523,2025,061572523,1,9,0,-1,19,7,3,-1,0,8,0,0,0,0,1,2,-1,6,1,-1,-1,-1,-1,-1,-1,2,E01006380,0,3
2025061572523,2025,061572523,2,9,0,-1,19,7,3,-1,0,8,0,0,0,0,1,2,-1,6,2,-1,-1,-1,-1,-1,-1,3,E01005710,0,3
2025061572604,2025,061572604,1,9,0,-1,19,7,3,-1,0,0,0,0,0,0,1,1,-1,2,1,38,7,-1,-1,-1,-1,2,E01006112,0,2
2025061572841,2025,061572841,2,8,0,-1,19,-1,-1,-1,0,0,0,99,3,99,2,1,-1,6,1,-1,-1,-1,-1,-1,-1,-1,-1,0,-1
2025061572841,2025,061572841,1,8,0,-1,19,-1,-1,-1,0,0,0,99,3,99,1,1,-1,1,1,50,8,-1,-1,-1,-1,1,E01005826,0,3
2025061572967,2025,061572967,1,1,0,-1,19,-1,-1,-1,0,1,2,0,0,0,1,1,-1,2,1,31,6,-1,-1,-1,-1,1,E01005324,0,1
2025061572967,2025,061572967,2,9,0,-1,13,-1,-1,-1,0,1,0,0,0,0,4,1,-1,6,3,-1,-1,-1,-1,-1,-1,2,E01005460,0,1
2025061573112,2025,061573112,2,9,0,-1,-1,-1,-1,-1,-1,-1,-1,-1,-1,0,-1,2,-1,6,1,-1,-1,-1,-1,-1,-1,1,E01005682,0,2
2025061573112,2025,061573112,1,9,0,-1,-1,-1,-1,-1,-1,-1,-1,-1,-1,0,-1,2,-1,6,2,24,5,-1,-1,-1,-1,8,E01005865,0,1
2025061573118,2025,061573118,1,9,-1,-1,-1,-1,-1,-1,-1,0,-1,-1,-1,0,-1,9,-1,6,2,19,4,-1,-1,-1,-1,4,E01005362,0,1
2025061573118,2025,061573118,2,9,-1,-1,-1,-1,-1,-1,-1,0,-1,-1,-1,0,-1,9,-1,6,2,-1,-1,-1,-1,-1,-1,1,E01005141,0,1
2025061573150,2025,061573150,2,1,0,-1,19,6,2,-1,0,1,0,0,0,0,2,1,-1,6,1,47,8,-1,-1,-1,-1,8,E01006131,0,1
2025061573150,2025,061573150,1,9,0,-1,7,1,2,-1,0,8,0,0,0,0,1,1,-1,6,2,84,11,-1,-1,-1,-1,8,E01006131,0,1
2025061573182,2025,061573182,1,1,0,-1,5,1,5,-1,0,1,0,0,0,0,1,1,-1,9,1,63,9,-1,-1,-1,-1,4,E01025360,0,2
2025061573182,2025,061573182,2,9,0,-1,9,7,4,-1,0,7,0,0,1,0,1,9,-1,6,2,-1,-1,-1,-1,-1,-1,-1,-1,0,-1
2025061573295,2025,061573295,2,9,0,-1,5,-1,-1,-1,0,6,0,0,0,0,3,1,-1,6,1,43,7,-1,-1,-1,-1,1,E01005189,0,1
2025061573295,2025,061573295,1,9,0,-1,19,-1,-1,-1,0,8,0,0,0,0,4,1,-1,2,1,23,5,-1,-1,-1,-1,1,E01034120,0,1
2025061573318,2025,061573318,2,23,0,-1,19,2,6,-1,0,1,0,0,0,0,1,1,-1,6,2,17,4,-1,-1,-1,-1,1,E01004942,0,1
2025061573318,2025,061573318,1,9,0,-1,19,8,4,-1,0,3,0,0,0,0,4,1,-1,2,2,49,8,-1,-1,-1,-1,1,E01004942,0,1
2025061573509,2025,061573509,3,9,0,-1,2,0,0,-1,0,8,0,0,0,0,1,1,-1,6,-1,-1,-1,-1,-1,-1,-1,-1,-1,0,-1
2025061573509,2025,061573509,1,9,0,-1,19,3,7,-1,0,8,0,0,0,0,1,1,-1,6,-1,-1,-1,-1,-1,-1,-1,-1,-1,0,-1
2025061573509,2025,061573509,2,9,0,-1,19,1,5,-1,0,8,0,0,0,0,1,1,-1,6,2,22,5,-1,-1,-1,-1,5,E01006371,0,1
2025061573647,2025,061573647,1,9,0,-1,19,3,7,-1,0,2,0,0,0,0,1,1,-1,9,1,28,6,-1,-1,-1,-1,9,E01005157,0,1
2025061573783,2025,061573783,4,9,0,-1,2,0,0,-1,0,8,0,0,0,0,2,1,-1,6,-1,-1,-1,-1,-1,-1,-1,-1,-1,0,-1
2025061573783,2025,061573783,2,9,0,-1,19,1,5,-1,0,8,0,0,0,0,0,1,-1,8,1,31,6,-1,-1,-1,-1,5,E01018648,0,3
2025061573783,2025,061573783,3,9,0,-1,19,5,1,-1,0,8,0,0,0,0,0,1,-1,6,2,-1,-1,-1,-1,-1,-1,9,E01005860,0,1
2025061573783,2025,061573783,1,9,0,-1,19,5,1,-1,9,8,0,0,0,0,1,1,-1,6,3,-1,-1,-1,-1,-1,-1,-1,-1,0,-1
2025061573800,2025,061573800,2,21,0,-1,19,7,3,-1,0,0,0,0,0,0,2,9,-1,1,1,50,8,-1,-1,-1,-1,6,E01004998,0,3
2025061573800,2025,061573800,3,9,0,-1,19,7,3,-1,0,0,0,0,0,0,1,9,-1,9,1,82,11,-1,-1,-1,-1,8,E01010971,0,4
2025061573800,2025,061573800,1,11,0,-1,19,7,3,-1,0,0,0,0,0,0,1,1,-1,1,1,52,8,-1,-1,-1,-1,2,E01007467,0,4
2025061573823,2025,061573823,1,8,0,-1,5,-1,-1,-1,0,0,0,0,0,0,0,1,-1,6,1,-1,-1,-1,-1,-1,-1,-1,-1,0,-1
2025061573834,2025,061573834,1,19,0,-1,5,2,6,-1,0,2,0,0,0,0,1,1,-1,2,1,65,9,-1,-1,-1,-1,-1,-1,0,-1
2025061573834,2025,061573834,2,1,0,-1,19,7,3,-1,0,8,0,0,0,0,4,1,-1,6,1,13,3,-1,-1,-1,-1,-1,-1,0,-1
2025061573863,2025,061573863,1,9,0,-1,5,3,1,-1,0,2,0,0,0,0,1,1,-1,9,1,30,6,-1,-1,-1,-1,-1,-1,0,-1
2025061573887,2025,061573887,1,9,0,-1,19,7,3,-1,0,0,0,0,0,0,1,1,-1,6,-1,-1,-1,-1,-1,-1,-1,-1,-1,0,-1
2025061573887,2025,061573887,2,19,1,-1,19,3,7,-1,0,0,0,0,0,0,1,1,-1,6,-1,-1,-1,-1,-1,-1,-1,-1,-1,0,-1
2025061573969,2025,061573969,3,9,0,-1,19,1,5,-1,0,0,0,0,0,0,0,1,-1,6,-1,-1,-1,-1,-1,-1,-1,-1,-1,0,-1
2025061573969,2025,061573969,1,9,0,-1,19,8,4,-1,0,0,0,0,0,0,2,1,-1,6,3,-1,-1,-1,-1,-1,-1,-1,-1,0,-1
2025061573969,2025,061573969,2,5,0,-1,19,8,4,-1,0,0,2,0,0,0,1,1,-1,1,1,56,9,-1,-1,-1,-1,5,E01027826,0,5
2025061573972,2025,061573972,2,1,0,-1,19,1,5,-1,0,8,1,0,0,0,0,1,-1,9,1,52,8,-1,-1,-1,-1,8,E01005357,0,3
2025061573972,2025,061573972,1,8,0,-1,10,5,2,-1,0,8,0,0,7,0,0,9,-1,1,3,-1,-1,-1,-1,-1,-1,-1,-1,0,-1
2025061573988,2025,061573988,1,9,0,-1,19,7,3,-1,0,8,0,0,0,0,1,1,-1,6,-1,-1,-1,-1,-1,-1,-1,-1,-1,0,-1
2025061573989,2025,061573989,1,9,0,-1,-1,-1,-1,-1,-1,0,-1,-1,-1,0,-1,1,-1,2,1,86,11,-1,-1,-1,-1,3,E01004917,0,1
2025061574004,2025,061574004,2,9,0,-1,2,0,0,-1,0,9,0,0,0,0,2,1,-1,6,3,-1,-1,-1,-1,-1,-1,-1,-1,0,-1
2025061574004,2025,061574004,1,1,0,-1,7,-1,-1,-1,0,2,0,4,0,0,1,1,-1,2,1,53,8,-1,-1,-1,-1,7,E01006149,0,1
2025061574039,2025,061574039,1,9,0,-1,4,-1,-1,-1,0,0,0,0,0,0,1,1,-1,2,1,64,9,-1,-1,-1,-1,8,E01005784,0,2
2025061574046,2025,061574046,1,9,0,-1,5,5,1,-1,0,2,0,0,0,0,1,1,-1,6,1,38,7,-1,-1,-1,-1,7,E01025375,0,2
2025061574174,2025,061574174,1,9,0,-1,19,1,5,-1,0,0,0,0,0,0,3,1,-1,9,1,33,6,-1,-1,-1,-1,1,E01005448,0,1
2025061574197,2025,061574197,1,9,0,-1,10,6,4,-1,0,1,0,0,0,0,1,1,-1,6,2,42,7,-1,-1,-1,-1,2,E01009953,0,5
2025061574197,2025,061574197,2,9,0,-1,19,2,5,-1,0,1,0,0,0,0,1,1,-1,6,1,33,6,-1,-1,-1,-1,4,E01005436,0,1
2025061574214,2025,061574214,1,9,0,-1,19,-1,-1,-1,0,2,0,0,0,0,1,1,-1,6,1,56,9,-1,-1,-1,-1,4,E01006044,0,1
2025061574214,2025,061574214,2,1,0,-1,99,-1,-1,-1,99,6,5,0,0,0,3,1,-1,6,3,-1,-1,-1,-1,-1,-1,-1,-1,0,-1
2025061574241,2025,061574241,1,9,0,-1,19,-1,-1,-1,99,0,0,99,0,0,4,1,-1,6,3,-1,-1,-1,-1,-1,-1,-1,-1,0,-1
2025061574243,2025,061574243,1,9,0,-1,19,3,7,-1,0,0,0,10,1,1,1,1,-1,9,2,50,8,-1,-1,-1,-1,2,E01004881,0,2
2025061574292,2025,061574292,5,9,0,-1,19,1,5,-1,0,0,0,0,0,0,0,1,-1,8,1,32,6,-1,-1,-1,-1,-1,-1,0,-1
2025061574292,2025,061574292,4,9,0,-1,19,1,5,-1,0,0,0,0,0,0,0,1,-1,8,1,30,6,-1,-1,-1,-1,1,E01034113,0,2
2025061574292,2025,061574292,3,9,0,-1,19,1,5,-1,0,0,0,0,0,0,4,1,-1,8,1,25,5,-1,-1,-1,-1,1,E01005107,0,2
2025061574292,2025,061574292,2,9,0,-1,19,1,5,-1,0,0,0,0,0,0,2,1,-1,8,1,34,6,-1,-1,-1,-1,-1,-1,0,-1
2025061574292,2025,061574292,1,9,0,-1,19,1,5,-1,0,0,0,0,0,0,1,1,-1,9,1,28,6,-1,-1,-1,-1,-1,-1,0,-1
2025061574368,2025,061574368,1,9,0,-1,7,1,7,-1,0,5,0,0,0,0,1,1,-1,9,1,36,7,-1,-1,-1,-1,-1,-1,0,-1
2025061574368,2025,061574368,2,1,0,-1,19,5,1,-1,0,8,0,0,0,0,4,1,-1,9,1,70,10,-1,-1,-1,-1,6,E01018595,0,1
2025061574424,2025,061574424,1,9,0,-1,4,-1,-1,-1,0,1,0,0,0,0,2,1,-1,6,2,33,6,-1,-1,-1,-1,7,E01004786,0,1
2025061574424,2025,061574424,2,19,0,-1,99,-1,-1,-1,0,1,0,10,2,0,1,1,-1,6,3,-1,-1,-1,-1,-1,-1,-1,-1,0,-1
2025061574455,2025,061574455,1,9,0,-1,9,-1,-1,-1,99,9,9,99,1,99,4,1,-1,6,3,-1,-1,-1,-1,-1,-1,-1,-1,0,-1
2025061574486,2025,061574486,2,1,0,-1,19,3,7,-1,0,0,0,0,0,0,3,1,-1,9,1,52,8,-1,-1,-1,-1,9,E01005806,0,1
2025061574486,2025,061574486,1,9,0,-1,15,3,8,-1,0,0,0,11,0,0,4,9,-1,6,3,-1,-1,-1,-1,-1,-1,-1,-1,0,-1
2025061574506,2025,061574506,1,9,0,-1,19,-1,-1,-1,0,0,0,0,0,0,1,1,-1,6,2,36,7,-1,-1,-1,-1,6,E01004800,0,2
2025061574539,2025,061574539,1,9,0,-1,19,8,4,-1,0,0,5,4,0,0,1,2,-1,9,1,37,7,-1,-1,-1,-1,1,E01005135,0,2
2025061574539,2025,061574539,2,9,0,-1,2,0,0,-1,0,0,0,0,0,0,3,2,-1,6,-1,-1,-1,-1,-1,-1,-1,-1,-1,0,-1
2025061574548,2025,061574548,2,9,-1,-1,-1,-1,-1,-1,-1,0,-1,-1,-1,0,-1,9,-1,6,3,-1,-1,-1,-1,-1,-1,-1,-1,0,-1
2025061574548,2025,061574548,1,1,0,-1,4,-1,-1,-1,0,0,2,8,0,0,3,1,-1,2,2,27,6,-1,-1,-1,-1,1,E01005065,0,1
2025061574583,2025,061574583,1,9,0,-1,9,7,3,-1,0,0,1,0,1,11,1,1,-1,6,1,34,6,-1,-1,-1,-1,2,E01005938,0,2
2025061574583,2025,061574583,3,1,0,-1,19,5,1,-1,9,0,0,0,0,0,2,1,-1,6,1,18,4,-1,-1,-1,-1,2,E01005976,0,1
2025061574583,2025,061574583,2,9,0,-1,6,7,3,-1,0,0,0,0,0,0,0,1,-1,1,1,40,7,-1,-1,-1,-1,1,E01034113,0,1
2025061574599,2025,061574599,2,9,0,-1,19,1,5,-1,0,8,0,0,0,0,3,1,-1,6,1,40,7,-1,-1,-1,-1,1,E01005667,0,1
2025061574599,2025,061574599,1,9,0,-1,9,7,3,-1,0,8,0,0,0,0,1,1,-1,6,1,43,7,-1,-1,-1,-1,6,E01033999,0,1
2025061574659,2025,061574659,1,11,0,-1,5,1,8,-1,0,2,0,0,0,0,1,1,-1,1,1,35,6,-1,-1,-1,-1,-1,-1,0,-1
2025061574690,2025,061574690,2,9,0,-1,-1,-1,-1,-1,-1,0,0,0,0,0,-1,9,-1,6,3,-1,-1,-1,-1,-1,-1,-1,-1,0,-1
2025061574690,2025,061574690,1,9,0,-1,-1,-1,-1,-1,0,0,0,0,0,0,4,9,-1,6,3,-1,-1,-1,-1,-1,-1,1,E01005228,0,1
2025061574707,2025,061574707,1,1,-1,-1,-1,-1,-1,-1,-1,0,-1,-1,-1,0,-1,1,-1,6,1,24,5,-1,-1,-1,-1,3,E01004796,0,2
2025061574707,2025,061574707,2,9,0,-1,-1,-1,-1,-1,0,0,0,0,0,0,-1,9,-1,1,1,50,8,-1,-1,-1,-1,1,E01004793,0,1
2025061574853,2025,061574853,1,9,0,-1,7,6,2,-1,0,5,0,0,0,0,1,1,-1,9,1,49,8,-1,-1,-1,-1,6,E01005364,0,1
2025061575007,2025,061575007,1,9,0,-1,5,-1,-1,-1,0,1,0,0,0,0,4,1,-1,2,1,45,7,-1,-1,-1,-1,3,E01033302,0,4