collision_index,collision_year,collision_ref_no,vehicle_reference,vehicle_type,towing_and_articulation,vehicle_manoeuvre_historic,vehicle_manoeuvre,vehicle_direction_from,vehicle_direction_to,vehicle_location_restricted_lane_historic,vehicle_location_restricted_lane,junction_location,skidding_and_overturning,hit_object_in_carriageway,vehicle_leaving_carriageway,hit_object_off_carriageway,first_point_of_impact,vehicle_left_hand_drive,journey_purpose_of_driver_historic,journey_purpose_of_driver,sex_of_driver,age_of_driver,age_band_of_driver,engine_capacity_cc,propulsion_code,age_of_vehicle,generic_make_model,driver_imd_decile,lsoa_of_driver,escooter_flag,driver_distance_banding
2025061575010,2025,061575010,1,9,0,-1,10,-1,-1,-1,99,6,0,99,0,0,1,2,-1,6,3,-1,-1,-1,-1,-1,-1,-1,-1,0,-1
2025061575095,2025,061575095,1,3,0,-1,19,1,5,-1,0,1,1,0,0,0,1,1,-1,6,1,28,6,-1,-1,-1,-1,-1,-1,0,-1
2025061575095,2025,061575095,2,9,0,-1,19,1,5,-1,0,1,0,0,0,0,0,1,-1,1,1,30,6,-1,-1,-1,-1,-1,-1,0,-1
2025061575095,2025,061575095,3,9,0,-1,9,1,3,-1,0,1,0,0,0,0,3,1,-1,1,1,55,8,-1,-1,-1,-1,2,E01005027,0,1
2025061575100,2025,061575100,1,9,0,-1,20,2,6,-1,9,0,0,0,0,0,1,1,-1,9,1,85,11,-1,-1,-1,-1,3,E01006272,0,1
2025061575352,2025,061575352,1,9,0,-1,7,1,3,-1,0,6,0,0,0,0,4,1,-1,6,2,28,6,-1,-1,-1,-1,-1,-1,0,-1
2025061575352,2025,061575352,2,1,0,-1,19,1,3,-1,0,8,0,0,0,0,4,1,-1,6,1,38,7,-1,-1,-1,-1,2,E01005702,0,1
2025061575421,2025,061575421,1,9,0,-1,19,7,3,-1,0,1,0,0,7,0,1,1,-1,9,2,72,10,-1,-1,-1,-1,9,E01004784,0,1
2025061575443,2025,061575443,1,4,0,-1,19,3,8,-1,0,1,2,0,1,0,3,1,-1,9,1,60,9,-1,-1,-1,-1,1,E01004856,0,2
2025061575556,2025,061575556,1,2,0,-1,9,4,7,-1,0,8,0,0,7,0,1,1,-1,6,1,19,4,-1,-1,-1,-1,3,E01006217,0,1
2025061575556,2025,061575556,2,9,0,-1,9,7,1,-1,0,1,0,0,0,0,0,1,-1,1,1,36,7,-1,-1,-1,-1,1,E01034113,0,4
2025061575590,2025,061575590,2,9,-1,-1,-1,-1,-1,-1,-1,-1,-1,-1,-1,0,-1,9,-1,6,3,-1,-1,-1,-1,-1,-1,-1,-1,0,-1
2025061575590,2025,061575590,1,9,-1,-1,-1,-1,-1,-1,-1,-1,-1,-1,-1,0,-1,9,-1,6,1,17,4,-1,-1,-1,-1,5,E01005824,0,1
2025061575713,2025,061575713,2,1,0,-1,19,2,6,-1,0,1,0,0,0,0,1,1,-1,6,2,60,9,-1,-1,-1,-1,-1,-1,0,-1
2025061575713,2025,061575713,1,9,0,-1,9,6,3,-1,0,1,0,0,0,0,1,1,-1,6,3,35,6,-1,-1,-1,-1,-1,-1,0,-1
2025061575758,2025,061575758,1,9,0,-1,-1,-1,-1,-1,0,0,0,0,0,0,-1,9,-1,6,2,43,7,-1,-1,-1,-1,9,E01006154,0,1
2025061575964,2025,061575964,2,9,0,-1,7,2,4,-1,0,0,0,0,0,0,2,1,-1,9,1,20,4,-1,-1,-1,-1,3,E01004874,0,1
2025061575964,2025,061575964,3,9,0,-1,1,6,4,-1,0,0,0,0,0,0,0,1,-1,6,1,24,5,-1,-1,-1,-1,3,E01003729,0,5
2025061575964,2025,061575964,1,9,0,-1,7,2,4,-1,0,0,0,0,0,0,1,1,-1,6,1,35,6,-1,-1,-1,-1,3,E01004816,0,1
2025061576088,2025,061576088,2,19,-1,-1,1,-1,-1,-1,0,0,0,0,0,0,-1,9,-1,6,1,29,6,-1,-1,-1,-1,5,E01019752,0,3
2025061576088,2025,061576088,1,8,-1,-1,3,-1,-1,-1,0,0,0,0,0,0,1,9,-1,1,1,44,7,-1,-1,-1,-1,9,E01005038,0,1
2025061576262,2025,061576262,1,8,0,-1,9,1,2,-1,0,5,0,0,0,0,0,1,-1,9,1,41,7,-1,-1,-1,-1,-1,-1,0,-1
2025061576267,2025,061576267,1,9,0,-1,9,-1,-1,-1,0,6,0,0,0,0,2,1,-1,6,1,35,6,-1,-1,-1,-1,3,E01005149,0,1
2025061576364,2025,061576364,1,19,0,-1,5,1,3,-1,0,1,0,0,0,0,4,1,-1,1,2,44,7,-1,-1,-1,-1,1,E01005205,0,1
2025061576364,2025,061576364,2,3,0,-1,5,5,1,-1,0,1,0,0,0,0,1,1,-1,6,1,24,5,-1,-1,-1,-1,1,E01005205,0,1
2025061576451,2025,061576451,2,1,0,-1,15,1,5,-1,0,0,0,0,1,0,3,1,-1,6,1,13,3,-1,-1,-1,-1,-1,-1,0,-1
2025061576451,2025,061576451,1,9,0,-1,19,1,5,-1,0,0,0,0,0,0,4,1,-1,9,2,64,9,-1,-1,-1,-1,9,E01005748,0,1
2025061576505,2025,061576505,1,9,0,-1,19,6,1,-1,0,0,0,10,3,2,1,1,-1,6,3,-1,-1,-1,-1,-1,-1,-1,-1,0,-1
2025061576505,2025,061576505,2,9,0,-1,9,4,1,-1,0,0,0,0,0,0,4,1,-1,9,1,36,7,-1,-1,-1,-1,1,E01005578,0,1
2025061576579,2025,061576579,1,9,-1,-1,-1,-1,-1,-1,0,0,-1,-1,-1,0,3,9,-1,9,1,24,5,-1,-1,-1,-1,8,E01025549,0,4
2025061576579,2025,061576579,2,9,-1,-1,-1,-1,-1,-1,0,0,-1,-1,-1,0,1,9,-1,6,3,-1,-1,-1,-1,-1,-1,1,E01012754,0,4
2025061576638,2025,061576638,1,9,0,-1,10,3,1,-1,0,1,0,0,0,0,1,1,-1,9,2,76,11,-1,-1,-1,-1,3,E01005171,0,1
2025061576755,2025,061576755,1,9,0,-1,3,-1,-1,-1,99,0,0,0,0,0,2,1,-1,6,1,58,9,-1,-1,-1,-1,3,E01006114,0,1
2025061576755,2025,061576755,2,9,0,-1,4,-1,-1,-1,99,0,0,0,0,0,1,1,-1,6,1,-1,-1,-1,-1,-1,-1,-1,-1,0,-1
2025061576786,2025,061576786,1,9,0,-1,9,3,7,-1,0,8,0,0,0,0,3,1,-1,6,2,36,7,-1,-1,-1,-1,2,E01005460,0,1
2025061576786,2025,061576786,2,9,0,-1,19,8,5,-1,0,8,0,0,0,0,1,1,-1,6,2,57,9,-1,-1,-1,-1,1,E01005430,0,1
2025061576830,2025,061576830,1,1,0,-1,4,-1,-1,-1,9,6,0,0,0,0,1,1,-1,6,1,15,3,-1,-1,-1,-1,5,E01004997,0,1
2025061576830,2025,061576830,2,9,0,-1,4,-1,-1,-1,0,6,0,10,1,0,1,1,-1,6,3,-1,-1,-1,-1,-1,-1,-1,-1,0,-1
2025061576832,2025,061576832,1,9,0,-1,19,3,7,-1,0,0,0,0,0,0,3,1,-1,1,1,56,9,-1,-1,-1,-1,8,E01006018,0,1
2025061576914,2025,061576914,2,9,0,-1,19,2,8,-1,0,0,0,0,0,0,3,1,-1,1,2,29,6,-1,-1,-1,-1,1,E01005113,0,2
2025061576914,2025,061576914,1,9,0,-1,19,2,6,-1,0,0,0,0,0,0,1,1,-1,9,1,34,6,-1,-1,-1,-1,4,E01012716,0,4
2025061576997,2025,061576997,1,9,0,-1,19,3,7,-1,0,1,0,0,0,0,1,1,-1,9,1,20,4,-1,-1,-1,-1,1,E01005087,0,2
2025061576997,2025,061576997,2,9,0,-1,19,6,2,-1,0,2,0,0,0,0,3,1,-1,9,1,39,7,-1,-1,-1,-1,1,E01033688,0,1
2025061577006,2025,061577006,1,9,0,-1,11,8,4,-1,0,0,0,0,0,0,4,1,-1,9,2,20,4,-1,-1,-1,-1,10,E01018653,0,2
2025061577006,2025,061577006,2,3,0,-1,15,8,4,-1,0,0,0,0,0,0,0,1,-1,9,1,24,5,-1,-1,-1,-1,3,E01004874,0,3
2025061577086,2025,061577086,2,9,0,-1,19,-1,-1,-1,0,4,0,0,0,0,1,1,-1,6,2,-1,-1,-1,-1,-1,-1,5,E01005993,0,1
2025061577086,2025,061577086,1,1,0,-1,19,-1,-1,-1,0,8,5,0,0,0,2,1,-1,2,1,45,7,-1,-1,-1,-1,9,E01005412,0,2
2025061577144,2025,061577144,4,9,0,-1,2,7,3,-1,9,1,1,4,0,0,2,1,-1,1,1,55,8,-1,-1,-1,-1,1,E01006011,0,3
2025061577144,2025,061577144,3,9,0,-1,2,7,3,-1,9,1,0,0,0,0,2,1,-1,6,-1,-1,-1,-1,-1,-1,-1,-1,-1,0,-1
2025061577144,2025,061577144,1,9,0,-1,19,7,3,-1,0,1,1,4,0,0,1,1,-1,9,1,35,6,-1,-1,-1,-1,3,E01005479,0,1
2025061577144,2025,061577144,2,9,0,-1,2,7,3,-1,9,1,1,4,0,0,2,1,-1,6,1,30,6,-1,-1,-1,-1,6,E01005395,0,1
2025061577171,2025,061577171,1,9,0,-1,9,6,4,-1,0,8,0,0,0,0,1,1,-1,6,1,17,4,-1,-1,-1,-1,-1,-1,0,-1
2025061577171,2025,061577171,2,9,0,-1,19,4,8,-1,0,8,0,0,0,0,1,1,-1,9,1,83,11,-1,-1,-1,-1,3,E01033979,0,1
2025061577171,2025,061577171,3,9,0,-1,19,6,4,-1,0,8,0,0,0,0,0,1,-1,1,2,50,8,-1,-1,-1,-1,4,E01005730,0,1
2025061577245,2025,061577245,1,9,0,-1,5,6,2,-1,0,1,0,0,7,11,1,1,-1,9,1,31,6,-1,-1,-1,-1,2,E01005887,0,2
2025061577245,2025,061577245,2,19,0,-1,5,6,8,-1,0,2,0,0,0,0,1,1,-1,9,1,28,6,-1,-1,-1,-1,-1,-1,0,-1
2025061577509,2025,061577509,2,9,0,-1,19,-1,-1,-1,0,0,0,99,0,0,1,1,-1,6,1,-1,-1,-1,-1,-1,-1,-1,-1,0,-1
2025061577509,2025,061577509,1,9,0,-1,19,-1,-1,-1,0,0,0,0,0,0,2,1,-1,6,2,23,5,-1,-1,-1,-1,10,E01025468,0,2
2025061577522,2025,061577522,2,9,0,-1,19,6,3,-1,0,0,0,0,0,0,2,1,-1,9,1,57,9,-1,-1,-1,-1,-1,-1,0,-1
2025061577522,2025,061577522,1,9,0,-1,19,7,3,-1,0,0,0,0,0,0,1,1,-1,1,2,62,9,-1,-1,-1,-1,-1,-1,0,-1
2025061577547,2025,061577547,1,9,0,-1,19,4,8,-1,0,8,0,0,0,0,3,1,-1,6,3,30,6,-1,-1,-1,-1,-1,-1,0,-1
2025061577547,2025,061577547,2,1,0,-1,19,3,7,-1,0,8,0,0,0,0,1,1,-1,1,1,21,5,-1,-1,-1,-1,3,E01005149,0,2
2025061577577,2025,061577577,1,9,0,-1,7,1,2,-1,0,1,0,0,0,0,3,1,-1,9,2,49,8,-1,-1,-1,-1,-1,-1,0,-1
2025061577577,2025,061577577,2,1,5,-1,19,3,7,-1,0,8,0,0,0,0,3,1,-1,6,1,46,8,-1,-1,-1,-1,-1,-1,0,-1
2025061577644,2025,061577644,1,9,0,-1,19,3,5,-1,0,8,0,0,0,0,1,9,-1,6,3,-1,-1,-1,-1,-1,-1,-1,-1,0,-1
2025061577644,2025,061577644,2,9,0,-1,19,1,5,-1,0,8,0,0,0,0,1,9,-1,6,3,-1,-1,-1,-1,-1,-1,-1,-1,0,-1
2025061577724,2025,061577724,1,3,0,-1,19,1,5,-1,9,6,1,0,7,0,1,1,-1,6,1,25,5,-1,-1,-1,-1,-1,-1,0,-1
2025061577744,2025,061577744,1,9,0,-1,19,3,7,-1,0,0,0,0,0,0,1,1,-1,6,1,34,6,-1,-1,-1,-1,2,E01006073,0,2
2025061577770,2025,061577770,1,9,0,-1,4,1,5,-1,0,4,0,0,0,0,2,1,-1,2,1,30,6,-1,-1,-1,-1,2,E01004838,0,1
2025061577770,2025,061577770,2,9,0,-1,19,1,5,-1,0,4,0,0,0,0,1,1,-1,9,2,-1,-1,-1,-1,-1,-1,-1,-1,0,-1
2025061577785,2025,061577785,2,1,0,-1,19,5,6,-1,0,0,0,0,0,0,1,1,-1,6,1,11,3,-1,-1,-1,-1,1,E01005464,0,1
2025061577785,2025,061577785,1,9,0,-1,19,7,3,-1,0,0,0,0,0,0,3,1,-1,6,1,41,7,-1,-1,-1,-1,1,E01005466,0,1
2025061577835,2025,061577835,2,9,0,-1,19,4,1,-1,0,1,0,0,0,0,1,1,-1,9,1,85,11,-1,-1,-1,-1,-1,-1,0,-1
2025061577835,2025,061577835,1,9,0,-1,9,2,7,-1,0,5,0,0,0,0,4,1,-1,9,2,32,6,-1,-1,-1,-1,1,E01005874,0,1
2025061577964,2025,061577964,2,9,0,-1,19,-1,-1,-1,0,9,0,0,0,0,1,1,-1,6,1,-1,-1,-1,-1,-1,-1,8,E01005880,0,3
2025061577964,2025,061577964,1,9,0,-1,3,-1,-1,-1,0,2,0,0,0,0,2,1,-1,6,1,42,7,-1,-1,-1,-1,2,E01005072,0,2
2025061578158,2025,061578158,2,90,0,-1,19,3,7,-1,0,1,0,0,0,0,1,1,-1,9,1,48,8,-1,-1,-1,-1,4,E01034116,0,1
2025061578158,2025,061578158,1,98,-1,-1,5,2,7,-1,0,1,0,0,0,0,3,9,-1,6,3,-1,-1,-1,-1,-1,-1,-1,-1,0,-1
2025061578200,2025,061578200,1,9,0,-1,9,5,8,-1,0,6,0,0,0,0,4,1,-1,1,1,40,7,-1,-1,-1,-1,1,E01005592,0,4
2025061578232,2025,061578232,1,9,0,-1,99,-1,-1,-1,0,0,0,99,0,0,2,1,-1,6,1,22,5,-1,-1,-1,-1,4,E01006188,0,1
2025061578232,2025,061578232,2,9,0,-1,99,-1,-1,-1,0,0,0,99,0,0,1,1,-1,6,2,-1,-1,-1,-1,-1,-1,5,E01005963,0,2
2025061578327,2025,061578327,2,97,0,-1,19,1,5,-1,0,8,0,0,0,0,1,1,-1,6,1,17,4,-1,-1,-1,-1,1,E01006065,0,1
2025061578327,2025,061578327,1,9,0,-1,19,7,3,-1,0,8,0,0,0,0,4,1,-1,6,2,-1,-1,-1,-1,-1,-1,1,E01006023,0,1
2025061578327,2025,061578327,3,9,0,-1,2,0,0,-1,0,8,0,0,0,0,4,1,-1,6,-1,-1,-1,-1,-1,-1,-1,-1,-1,0,-1
2025061578356,2025,061578356,1,9,0,-1,9,3,5,-1,0,5,0,0,0,0,1,1,-1,9,1,44,7,-1,-1,-1,-1,-1,-1,0,-1
2025061578380,2025,061578380,2,9,-1,-1,-1,-1,-1,-1,-1,-1,-1,-1,-1,0,-1,9,-1,6,3,-1,-1,-1,-1,-1,-1,-1,-1,0,-1
2025061578380,2025,061578380,1,9,0,-1,3,-1,-1,-1,0,1,0,0,0,0,3,1,-1,6,2,59,9,-1,-1,-1,-1,10,E01006343,0,3
2025061578466,2025,061578466,1,9,-1,-1,-1,-1,-1,-1,-1,0,-1,-1,-1,0,-1,9,-1,6,1,-1,-1,-1,-1,-1,-1,-1,-1,0,-1
2025061578573,2025,061578573,1,1,0,-1,19,2,6,-1,0,0,0,0,0,0,1,1,-1,6,1,25,5,-1,-1,-1,-1,-1,-1,0,-1
2025061578577,2025,061578577,1,9,0,-1,19,6,3,-1,0,0,0,0,0,0,4,9,-1,6,3,-1,-1,-1,-1,-1,-1,-1,-1,0,-1
2025061578577,2025,061578577,2,1,0,-1,15,8,3,-1,0,0,0,0,0,0,1,1,-1,9,1,56,9,-1,-1,-1,-1,-1,-1,0,-1
2025061578610,2025,061578610,1,9,0,-1,19,3,7,-1,0,0,0,0,0,0,3,1,-1,6,1,24,5,-1,-1,-1,-1,1,E01005429,0,1
2025061578738,2025,061578738,1,9,0,-1,-1,-1,-1,-1,-1,-1,-1,-1,-1,0,-1,9,-1,6,3,-1,-1,-1,-1,-1,-1,-1,-1,0,-1
2025061578738,2025,061578738,3,9,-1,-1,-1,-1,-1,-1,-1,-1,-1,-1,-1,0,-1,9,-1,8,1,-1,-1,-1,-1,-1,-1,-1,-1,0,-1
2025061578738,2025,061578738,2,9,0,-1,3,-1,-1,-1,99,6,0,99,0,0,3,1,-1,6,2,32,6,-1,-1,-1,-1,2,E01005670,0,1
2025061578761,2025,061578761,2,9,0,-1,5,1,5,-1,0,1,0,0,0,0,2,1,-1,6,1,29,6,-1,-1,-1,-1,3,E01018487,0,4
2025061578761,2025,061578761,1,9,0,-1,19,1,5,-1,0,1,5,0,1,0,1,1,-1,9,1,88,11,-1,-1,-1,-1,9,E01005055,0,1
2025061578818,2025,061578818,1,9,0,-1,19,8,4,-1,0,2,0,0,0,0,1,1,-1,9,1,41,7,-1,-1,-1,-1,1,E01006417,0,4
2025061578904,2025,061578904,1,9,0,-1,9,5,3,-1,0,6,0,0,3,11,1,1,-1,9,2,46,8,-1,-1,-1,-1,1,E01005202,0,1
2025061579119,2025,061579119,1,4,0,-1,9,1,8,-1,9,0,1,10,1,0,1,1,-1,9,2,56,9,-1,-1,-1,-1,-1,-1,0,-1
2025061579292,2025,061579292,1,9,-1,-1,19,3,7,-1,0,8,0,0,0,0,1,9,-1,6,2,-1,-1,-1,-1,-1,-1,1,E01034113,0,1
2025061579292,2025,061579292,2,9,0,-1,14,-1,-1,-1,0,8,0,4,0,0,3,1,-1,6,2,41,7,-1,-1,-1,-1,1,E01005077,0,1
2025061579305,2025,061579305,2,9,0,-1,9,-1,-1,-1,99,1,0,0,0,0,1,1,-1,6,2,-1,-1,-1,-1,-1,-1,-1,-1,0,-1
2025061579305,2025,061579305,1,1,0,-1,19,-1,-1,-1,0,2,5,0,0,0,1,1,-1,2,1,30,6,-1,-1,-1,-1,1,E01005477,0,1
2025061579344,2025,061579344,1,8,0,-1,9,3,1,-1,0,8,0,0,0,0,4,1,-1,1,1,56,9,-1,-1,-1,-1,-1,-1,0,-1
2025061579344,2025,061579344,2,1,0,-1,19,6,2,-1,0,8,0,0,0,0,1,1,-1,6,1,16,4,-1,-1,-1,-1,1,E01005552,0,1
2025061579407,2025,061579407,1,9,0,-1,19,5,8,-1,0,8,0,0,0,0,2,1,-1,6,2,53,8,-1,-1,-1,-1,-1,-1,0,-1
2025061579407,2025,061579407,2,9,0,-1,2,0,0,-1,0,8,0,0,0,0,2,1,-1,6,-1,-1,-1,-1,-1,-1,-1,-1,-1,0,-1
2025061579491,2025,061579491,1,9,0,-1,19,3,7,-1,0,1,1,0,0,0,1,2,-1,9,1,21,5,-1,-1,-1,-1,-1,-1,0,-1
2025061579491,2025,061579491,2,9,0,-1,8,5,3,-1,0,2,0,0,0,0,3,2,-1,9,1,55,8,-1,-1,-1,-1,10,E01006137,0,4
2025061579547,2025,061579547,1,9,0,-1,7,1,2,-1,0,1,0,0,0,0,1,1,-1,9,1,30,6,-1,-1,-1,-1,-1,-1,0,-1
2025061579547,2025,061579547,3,9,0,-1,19,1,2,-1,0,1,0,0,0,0,0,1,-1,1,1,40,7,-1,-1,-1,-1,-1,-1,0,-1
2025061579547,2025,061579547,2,9,0,-1,19,3,7,-1,0,1,0,0,0,0,3,1,-1,9,1,66,10,-1,-1,-1,-1,7,E01005414,0,2
2025061579566,2025,061579566,1,9,0,-1,19,3,7,-1,0,1,0,0,0,0,3,1,-1,9,2,42,7,-1,-1,-1,-1,7,E01006053,0,1
2025061579566,2025,061579566,2,9,0,-1,19,7,3,-1,0,1,0,0,0,0,4,1,-1,9,1,64,9,-1,-1,-1,-1,8,E01005416,0,1
2025061579654,2025,061579654,2,9,0,-1,12,-1,-1,-1,0,1,0,0,0,0,1,1,-1,6,1,-1,-1,-1,-1,-1,-1,1,E01004787,0,1
2025061579654,2025,061579654,1,9,0,-1,9,-1,-1,-1,0,1,0,0,0,0,3,1,-1,1,2,46,8,-1,-1,-1,-1,2,E01004868,0,1
2025061579697,2025,061579697,1,9,0,-1,5,3,7,-1,0,1,0,0,0,0,1,1,-1,9,2,40,7,-1,-1,-1,-1,-1,-1,0,-1
2025061579732,2025,061579732,1,9,0,-1,19,4,8,-1,0,0,0,0,0,0,1,1,-1,9,2,63,9,-1,-1,-1,-1,10,E01006381,0,1
2025061579732,2025,061579732,2,11,0,-1,19,8,4,-1,0,0,0,0,0,0,1,1,-1,1,1,27,6,-1,-1,-1,-1,1,E01024886,0,4
2025061579823,2025,061579823,1,19,0,-1,19,7,3,-1,0,0,0,0,0,0,1,1,-1,6,1,57,9,-1,-1,-1,-1,1,E01010821,0,4
2025061579823,2025,061579823,2,9,0,-1,19,7,3,-1,0,0,0,0,0,0,2,1,-1,6,2,31,6,-1,-1,-1,-1,2,E01012370,0,4
2025061579877,2025,061579877,1,9,0,-1,19,1,5,-1,0,0,0,0,0,0,0,1,-1,6,3,-1,-1,-1,-1,-1,-1,-1,-1,0,-1
2025061579877,2025,061579877,2,9,0,-1,19,1,5,-1,0,0,0,0,0,0,1,1,-1,1,1,26,6,-1,-1,-1,-1,2,E01034119,0,1
2025061579877,2025,061579877,3,9,0,-1,19,5,1,-1,0,0,0,0,0,0,1,1,-1,9,1,26,6,-1,-1,-1,-1,3,E01034127,0,1
2025061580246,2025,061580246,2,9,0,-1,9,-1,-1,-1,2,6,0,0,0,0,1,1,-1,6,2,-1,-1,-1,-1,-1,-1,1,E01005167,0,1
2025061580246,2025,061580246,1,11,0,-1,19,-1,-1,-1,2,8,0,0,0,0,4,1,-1,6,2,51,8,-1,-1,-1,-1,1,E01005225,0,1
2025061580247,2025,061580247,1,9,0,-1,4,7,3,-1,0,0,0,0,0,0,2,1,-1,9,1,54,8,-1,-1,-1,-1,1,E01033217,0,3
2025061580247,2025,061580247,3,8,0,-1,19,7,3,-1,0,0,0,0,0,0,1,1,-1,1,1,38,7,-1,-1,-1,-1,3,E01010761,0,4
2025061580247,2025,061580247,2,9,0,-1,4,7,3,-1,0,0,0,0,0,0,2,1,-1,1,1,41,7,-1,-1,-1,-1,2,E01006862,0,4
2025061580274,2025,061580274,1,9,0,-1,19,7,3,-1,0,2,0,0,0,0,1,1,-1,6,1,17,4,-1,-1,-1,-1,-1,-1,0,-1
2025061580274,2025,061580274,4,9,0,-1,19,7,3,-1,9,2,0,0,0,0,4,1,-1,1,1,54,8,-1,-1,-1,-1,2,E01005960,0,1
2025061580274,2025,061580274,5,9,0,-1,2,7,3,-1,0,2,0,0,1,0,3,1,-1,6,1,56,9,-1,-1,-1,-1,6,E01005345,0,2
2025061580274,2025,061580274,3,9,0,-1,19,7,3,-1,0,2,0,0,0,0,0,1,-1,1,1,40,7,-1,-1,-1,-1,1,E01034113,0,2
2025061580274,2025,061580274,2,9,0,-1,19,7,3,-1,0,2,0,0,0,0,0,1,-1,1,1,40,7,-1,-1,-1,-1,1,E01034113,0,2
2025061580321,2025,061580321,3,9,0,-1,2,0,0,-1,0,0,0,0,0,0,3,1,-1,6,-1,-1,-1,-1,-1,-1,-1,-1,-1,0,-1
2025061580321,2025,061580321,2,9,0,-1,2,0,0,-1,0,0,0,0,0,0,4,1,-1,6,-1,-1,-1,-1,-1,-1,-1,-1,-1,0,-1
2025061580321,2025,061580321,1,9,0,-1,19,2,6,-1,0,0,0,0,0,0,3,1,-1,1,2,49,8,-1,-1,-1,-1,2,E01004817,0,2
2025061580363,2025,061580363,1,11,0,-1,5,-1,-1,-1,2,8,0,0,0,0,4,1,-1,1,1,43,7,-1,-1,-1,-1,1,E01004850,0,1
2025061580457,2025,061580457,1,9,-1,-1,-1,-1,-1,-1,-1,-1,-1,-1,-1,0,-1,9,-1,6,2,-1,-1,-1,-1,-1,-1,-1,-1,0,-1
2025061580457,2025,061580457,2,9,-1,-1,-1,-1,-1,-1,-1,-1,-1,-1,-1,0,-1,9,-1,6,1,64,9,-1,-1,-1,-1,5,E01005305,0,1
2025061580459,2025,061580459,1,9,0,-1,19,-1,-1,-1,0,8,0,0,0,0,3,1,-1,6,1,31,6,-1,-1,-1,-1,10,E01004771,0,1
2025061580459,2025,061580459,2,9,0,-1,19,-1,-1,-1,0,8,0,0,0,0,1,1,-1,6,1,42,7,-1,-1,-1,-1,2,E01004929,0,1
2025061580520,2025,061580520,1,9,-1,-1,4,-1,-1,-1,99,0,3,99,0,0,1,1,-1,2,2,36,7,-1,-1,-1,-1,4,E01005838,0,1
2025061580520,2025,061580520,2,19,-1,-1,4,-1,-1,-1,99,0,3,0,0,0,2,1,-1,6,1,-1,-1,-1,-1,-1,-1,-1,-1,0,-1
2025061580531,2025,061580531,2,1,0,-1,9,7,4,-1,0,3,0,0,0,0,1,1,-1,9,2,60,9,-1,-1,-1,-1,-1,-1,0,-1
2025061580531,2025,061580531,1,9,0,-1,19,2,6,-1,0,4,0,0,0,0,1,1,-1,9,1,75,10,-1,-1,-1,-1,-1,-1,0,-1
2025061580577,2025,061580577,2,9,0,-1,19,3,7,-1,0,1,0,0,0,0,1,1,-1,8,1,30,6,-1,-1,-1,-1,-1,-1,0,-1
2025061580577,2025,061580577,3,9,0,-1,19,5,1,-1,0,1,0,0,0,0,0,1,-1,1,1,33,6,-1,-1,-1,-1,-1,-1,0,-1
2025061580577,2025,061580577,1,9,0,-1,19,5,1,-1,0,1,0,0,0,0,1,1,-1,9,1,21,5,-1,-1,-1,-1,4,E01005840,0,2
2025061580718,2025,061580718,1,9,0,-1,2,0,0,-1,0,0,0,0,0,0,4,1,-1,6,-1,-1,-1,-1,-1,-1,-1,-1,-1,0,-1
2025061580776,2025,061580776,1,9,0,-1,19,1,5,-1,0,6,0,0,0,0,1,2,-1,1,1,47,8,-1,-1,-1,-1,4,E01025212,0,4
2025061580776,2025,061580776,2,9,0,-1,19,7,3,-1,0,8,0,0,0,0,4,2,-1,9,2,30,6,-1,-1,-1,-1,2,E01005160,0,1
2025061580851,2025,061580851,4,9,0,-1,2,0,0,-1,9,0,0,0,0,0,3,1,-1,6,-1,-1,-1,-1,-1,-1,-1,-1,-1,0,-1
2025061580851,2025,061580851,1,9,0,-1,19,4,1,-1,0,0,0,0,7,0,4,1,-1,9,1,90,11,-1,-1,-1,-1,7,E01004896,0,2
2025061580851,2025,061580851,3,9,0,-1,2,0,0,-1,9,0,0,0,0,0,3,1,-1,6,-1,-1,-1,-1,-1,-1,-1,-1,-1,0,-1
2025061580851,2025,061580851,6,9,0,-1,2,0,0,-1,9,0,0,0,0,0,1,1,-1,6,-1,-1,-1,-1,-1,-1,-1,-1,-1,0,-1
2025061580851,2025,061580851,5,9,0,-1,2,0,0,-1,9,0,0,0,0,0,3,1,-1,6,-1,-1,-1,-1,-1,-1,-1,-1,-1,0,-1
2025061580851,2025,061580851,2,9,0,-1,19,2,6,-1,0,0,0,0,0,0,4,1,-1,9,2,24,5,-1,-1,-1,-1,6,E01004790,0,2
2025061581078,2025,061581078,1,9,0,-1,7,-1,-1,-1,0,1,0,0,0,0,1,1,-1,2,2,28,6,-1,-1,-1,-1,3,E01005522,0,4
2025061581078,2025,061581078,2,1,0,-1,15,-1,-1,-1,99,1,2,0,0,0,1,1,-1,6,1,-1,-1,-1,-1,-1,-1,-1,-1,0,-1
2025061581110,2025,061581110,2,19,0,-1,2,0,0,-1,0,0,0,0,0,0,2,1,-1,1,1,48,8,-1,-1,-1,-1,4,E01005045,0,3
2025061581110,2025,061581110,1,20,0,-1,1,1,5,-1,0,0,0,0,0,0,2,1,-1,1,1,63,9,-1,-1,-1,-1,1,E01006064,0,3
2025061581259,2025,061581259,1,11,0,-1,19,5,1,-1,0,0,0,0,0,0,4,1,-1,1,1,59,9,-1,-1,-1,-1,-1,-1,0,-1
2025061581283,2025,061581283,1,9,0,-1,19,1,7,-1,0,0,2,0,7,0,1,1,-1,9,2,19,4,-1,-1,-1,-1,7,E01005555,0,2
2025061581295,2025,061581295,1,1,0,-1,19,1,5,-1,4,8,0,0,0,0,1,1,-1,2,1,32,6,-1,-1,-1,-1,4,E01033656,0,1
2025061581295,2025,061581295,2,9,0,-1,10,2,4,-1,0,1,0,0,0,0,1,1,-1,2,2,24,5,-1,-1,-1,-1,-1,-1,0,-1
2025061581311,2025,061581311,2,1,0,-1,19,7,3,-1,0,8,0,0,0,0,1,1,-1,6,1,28,6,-1,-1,-1,-1,-1,-1,0,-1
2025061581311,2025,061581311,1,9,0,-1,7,5,3,-1,0,8,0,0,0,0,1,1,-1,6,1,26,6,-1,-1,-1,-1,-1,-1,0,-1