collision_index,collision_year,collision_ref_no,vehicle_reference,vehicle_type,towing_and_articulation,vehicle_manoeuvre_historic,vehicle_manoeuvre,vehicle_direction_from,vehicle_direction_to,vehicle_location_restricted_lane_historic,vehicle_location_restricted_lane,junction_location,skidding_and_overturning,hit_object_in_carriageway,vehicle_leaving_carriageway,hit_object_off_carriageway,first_point_of_impact,vehicle_left_hand_drive,journey_purpose_of_driver_historic,journey_purpose_of_driver,sex_of_driver,age_of_driver,age_band_of_driver,engine_capacity_cc,propulsion_code,age_of_vehicle,generic_make_model,driver_imd_decile,lsoa_of_driver,escooter_flag,driver_distance_banding
2025061581409,2025,061581409,1,9,0,-1,1,2,6,-1,9,8,0,0,0,0,2,1,-1,9,2,20,4,-1,-1,-1,-1,8,E01005329,0,1
2025061581417,2025,061581417,1,9,0,-1,19,-1,-1,-1,0,4,0,0,0,0,1,1,-1,2,1,43,7,-1,-1,-1,-1,10,E01025337,0,4
2025061581417,2025,061581417,2,3,0,-1,19,-1,-1,-1,0,4,2,0,9,0,1,1,-1,6,1,-1,-1,-1,-1,-1,-1,2,E01006107,0,2
2025061581511,2025,061581511,2,1,0,-1,19,2,3,-1,0,1,5,0,0,0,4,1,-1,9,1,62,9,-1,-1,-1,-1,1,E01005382,0,2
2025061581511,2025,061581511,1,9,0,-1,7,2,3,-1,0,1,0,0,0,0,3,1,-1,9,2,38,7,-1,-1,-1,-1,2,E01005237,0,2
2025061581517,2025,061581517,2,3,0,-1,19,1,5,-1,0,1,0,10,1,11,3,1,-1,6,1,26,6,-1,-1,-1,-1,2,E01025390,0,3
2025061581517,2025,061581517,3,9,0,-1,2,0,0,-1,5,2,0,0,0,0,3,1,-1,6,-1,-1,-1,-1,-1,-1,-1,-1,-1,0,-1
2025061581517,2025,061581517,1,9,0,-1,9,5,3,-1,0,2,0,0,0,0,1,1,-1,1,1,42,7,-1,-1,-1,-1,3,E01005355,0,2
2025061581625,2025,061581625,2,9,0,-1,19,4,2,-1,0,1,0,0,0,0,1,9,-1,6,1,23,5,-1,-1,-1,-1,1,E01034138,0,1
2025061581625,2025,061581625,1,9,0,-1,19,3,7,-1,0,1,5,10,0,0,4,9,-1,6,1,51,8,-1,-1,-1,-1,1,E01005198,0,1
2025061581768,2025,061581768,1,1,0,-1,19,-1,-1,-1,2,8,1,99,0,0,3,1,-1,2,1,57,9,-1,-1,-1,-1,3,E01006115,0,1
2025061581871,2025,061581871,2,9,0,-1,4,4,8,-1,0,1,0,0,0,0,2,2,-1,6,1,44,7,-1,-1,-1,-1,-1,-1,0,-1
2025061581871,2025,061581871,1,19,0,-1,4,4,8,-1,0,1,0,0,0,0,1,1,-1,6,1,30,6,-1,-1,-1,-1,6,E01005114,0,1
2025061581874,2025,061581874,2,5,0,-1,19,1,4,-1,0,0,0,0,0,0,1,1,-1,9,1,36,7,-1,-1,-1,-1,2,E01005659,0,1
2025061581874,2025,061581874,1,9,0,-1,5,7,4,-1,0,0,0,0,0,0,4,1,-1,1,1,46,8,-1,-1,-1,-1,4,E01005673,0,2
2025061581939,2025,061581939,2,1,0,-1,19,5,1,-1,0,0,0,0,0,0,1,1,-1,9,1,13,3,-1,-1,-1,-1,7,E01005033,0,1
2025061581939,2025,061581939,1,9,0,-1,9,1,5,-1,0,0,0,0,0,0,1,1,-1,9,1,45,7,-1,-1,-1,-1,7,E01005033,0,1
2025061582021,2025,061582021,2,1,0,-1,19,-1,-1,-1,0,6,0,0,0,0,1,1,-1,6,3,-1,-1,-1,-1,-1,-1,-1,-1,0,-1
2025061582021,2025,061582021,1,9,0,-1,4,-1,-1,-1,0,1,0,0,0,0,1,1,-1,2,2,56,9,-1,-1,-1,-1,8,E01004982,0,3
2025061582028,2025,061582028,2,9,0,-1,7,-1,-1,-1,0,0,0,0,0,0,4,2,-1,2,2,53,8,-1,-1,-1,-1,4,E01005896,0,1
2025061582028,2025,061582028,1,1,0,-1,19,-1,-1,-1,0,0,5,0,0,0,1,1,-1,2,2,27,6,-1,-1,-1,-1,2,E01005220,0,1
2025061582036,2025,061582036,3,9,0,-1,19,3,7,-1,0,4,0,0,0,0,1,1,-1,6,1,22,5,-1,-1,-1,-1,7,E01012540,0,3
2025061582036,2025,061582036,4,9,0,-1,19,3,7,-1,0,8,0,0,0,0,1,1,-1,2,2,36,7,-1,-1,-1,-1,2,E01005633,0,1
2025061582036,2025,061582036,1,9,0,-1,19,5,5,-1,0,1,0,0,0,0,1,1,-1,6,1,34,6,-1,-1,-1,-1,7,E01005783,0,3
2025061582036,2025,061582036,2,9,0,-1,19,5,5,-1,0,1,0,0,0,0,0,1,-1,8,1,46,8,-1,-1,-1,-1,4,E01005730,0,2
2025061582043,2025,061582043,1,9,0,-1,5,8,8,-1,0,6,0,0,0,0,2,1,-1,9,2,46,8,-1,-1,-1,-1,4,E01006188,0,1
2025061582043,2025,061582043,2,9,0,-1,5,8,8,-1,0,6,0,0,0,0,1,1,-1,1,1,31,6,-1,-1,-1,-1,4,E01006186,0,1
2025061582046,2025,061582046,1,8,0,-1,2,-1,-1,-1,0,0,9,0,1,0,1,1,-1,6,3,-1,-1,-1,-1,-1,-1,-1,-1,0,-1
2025061582074,2025,061582074,1,9,0,-1,19,3,7,-1,0,0,0,0,0,0,3,1,-1,9,1,34,6,-1,-1,-1,-1,4,E01005816,0,1
2025061582150,2025,061582150,2,9,0,-1,19,6,3,-1,0,1,0,0,0,0,1,1,-1,2,1,29,6,-1,-1,-1,-1,3,E01025063,0,4
2025061582150,2025,061582150,1,9,0,-1,19,2,6,-1,0,2,0,0,0,0,1,1,-1,6,2,43,7,-1,-1,-1,-1,6,E01005053,0,1
2025061582266,2025,061582266,1,1,0,-1,19,-1,-1,-1,0,1,0,0,0,0,3,1,-1,6,1,53,8,-1,-1,-1,-1,1,E01004946,0,2
2025061582266,2025,061582266,2,9,0,-1,19,-1,-1,-1,0,1,0,0,0,0,4,1,-1,6,2,-1,-1,-1,-1,-1,-1,1,E01025207,0,4
2025061582269,2025,061582269,1,9,5,-1,9,3,1,-1,0,8,0,0,0,0,1,1,-1,9,1,37,7,-1,-1,-1,-1,-1,-1,0,-1
2025061582269,2025,061582269,2,9,5,-1,19,7,3,-1,0,8,0,0,0,0,3,1,-1,9,2,49,8,-1,-1,-1,-1,-1,-1,0,-1
2025061582404,2025,061582404,1,9,0,-1,4,-1,-1,-1,0,9,0,0,0,0,2,1,-1,2,2,46,8,-1,-1,-1,-1,3,E01006217,0,1
2025061582404,2025,061582404,2,97,0,-1,99,-1,-1,-1,0,9,0,0,0,0,1,1,-1,6,1,-1,-1,-1,-1,-1,-1,3,E01006282,0,2
2025061582490,2025,061582490,1,-1,0,-1,19,-1,-1,-1,9,0,0,0,0,0,1,1,-1,6,3,-1,-1,-1,-1,-1,-1,-1,-1,0,-1
2025061582503,2025,061582503,1,3,0,-1,5,3,3,-1,0,0,1,0,0,0,4,1,-1,6,1,18,4,-1,-1,-1,-1,-1,-1,0,-1
2025061582503,2025,061582503,2,9,0,-1,5,3,3,-1,0,0,5,2,0,0,4,1,-1,6,2,19,4,-1,-1,-1,-1,-1,-1,0,-1
2025061582567,2025,061582567,1,9,0,-1,19,6,2,-1,0,1,0,0,0,0,1,1,-1,9,1,58,9,-1,-1,-1,-1,7,E01005016,0,1
2025061582737,2025,061582737,1,9,0,-1,19,1,5,-1,0,8,0,0,0,0,3,1,-1,6,1,21,5,-1,-1,-1,-1,1,E01005205,0,2
2025061582737,2025,061582737,2,9,0,-1,19,5,1,-1,0,8,0,0,0,0,1,1,-1,6,2,25,5,-1,-1,-1,-1,2,E01005188,0,1
2025061582779,2025,061582779,1,9,0,-1,19,7,3,-1,0,8,0,0,0,0,1,1,-1,9,2,42,7,-1,-1,-1,-1,4,E01006187,0,1
2025061582859,2025,061582859,2,9,0,-1,19,1,1,-1,0,1,0,0,0,0,0,1,-1,1,1,-1,-1,-1,-1,-1,-1,-1,-1,0,-1
2025061582859,2025,061582859,1,9,0,-1,19,1,1,-1,0,1,0,0,0,0,3,1,-1,1,2,21,5,-1,-1,-1,-1,2,E01034119,0,1
2025061582992,2025,061582992,1,11,0,-1,-1,-1,-1,-1,-1,0,-1,-1,-1,0,-1,1,-1,1,1,-1,-1,-1,-1,-1,-1,1,E01004996,0,1
2025061583176,2025,061583176,2,9,0,-1,19,1,5,-1,0,8,0,0,0,0,3,1,-1,6,1,51,8,-1,-1,-1,-1,1,E01005349,0,1
2025061583176,2025,061583176,1,90,0,-1,19,7,3,-1,0,6,0,0,0,0,1,1,-1,6,1,20,4,-1,-1,-1,-1,1,E01005135,0,1
2025061583181,2025,061583181,1,9,0,-1,19,3,7,-1,0,2,0,0,0,0,1,2,-1,6,2,52,8,-1,-1,-1,-1,3,E01005481,0,1
2025061583243,2025,061583243,2,1,0,-1,99,-1,-1,-1,0,9,0,0,0,0,9,1,-1,6,3,-1,-1,-1,-1,-1,-1,-1,-1,0,-1
2025061583243,2025,061583243,1,9,0,-1,7,-1,-1,-1,0,5,0,0,0,0,4,1,-1,6,1,58,9,-1,-1,-1,-1,6,E01005861,0,1
2025061583291,2025,061583291,2,1,0,-1,5,7,3,-1,0,1,0,0,0,0,4,1,-1,9,1,53,8,-1,-1,-1,-1,9,E01005848,0,1
2025061583291,2025,061583291,1,11,0,-1,5,3,7,-1,0,1,0,0,0,0,3,1,-1,1,1,26,6,-1,-1,-1,-1,2,E01005980,0,3
2025061583448,2025,061583448,1,1,0,-1,19,-1,-1,-1,0,8,5,0,0,0,3,1,-1,2,1,64,9,-1,-1,-1,-1,8,E01006243,0,1
2025061583448,2025,061583448,2,9,0,-1,15,-1,-1,-1,0,8,0,0,0,0,4,1,-1,9,2,32,6,-1,-1,-1,-1,2,E01019267,0,5
2025061583522,2025,061583522,1,1,0,-1,9,-1,-1,-1,0,8,0,0,0,0,2,1,-1,2,2,58,9,-1,-1,-1,-1,3,E01004875,0,1
2025061583522,2025,061583522,2,9,0,-1,99,-1,-1,-1,0,9,0,0,0,0,4,1,-1,6,1,-1,-1,-1,-1,-1,-1,-1,-1,0,-1
2025061583589,2025,061583589,2,1,0,-1,19,1,5,-1,9,8,0,0,0,0,1,1,-1,1,1,63,9,-1,-1,-1,-1,2,E01004852,0,1
2025061583589,2025,061583589,1,9,0,-1,19,5,1,-1,0,2,0,0,0,0,4,1,-1,6,1,11,3,-1,-1,-1,-1,4,E01004831,0,1
2025061583682,2025,061583682,1,9,0,-1,-1,-1,-1,-1,-1,0,-1,-1,-1,0,-1,2,-1,6,1,42,7,-1,-1,-1,-1,3,E01005718,0,1
2025061583682,2025,061583682,2,8,0,-1,-1,-1,-1,-1,-1,0,-1,-1,-1,0,-1,2,-1,6,1,55,8,-1,-1,-1,-1,1,E01005731,0,1
2025061583835,2025,061583835,1,9,0,-1,19,8,4,-1,0,0,0,0,0,0,4,1,-1,9,2,49,8,-1,-1,-1,-1,1,E01005496,0,1
2025061583895,2025,061583895,2,1,0,-1,19,5,1,-1,0,0,0,0,0,0,1,1,-1,2,1,47,8,-1,-1,-1,-1,1,E01005065,0,1
2025061583895,2025,061583895,1,9,0,-1,7,5,3,-1,0,0,0,0,0,0,1,1,-1,9,1,31,6,-1,-1,-1,-1,1,E01005024,0,3
2025061583901,2025,061583901,1,9,0,-1,19,-1,-1,-1,0,0,9,0,0,0,1,1,-1,6,2,44,7,-1,-1,-1,-1,7,E01006251,0,2
2025061583901,2025,061583901,2,9,0,-1,19,3,7,-1,0,0,0,0,0,0,4,1,-1,6,3,-1,-1,-1,-1,-1,-1,-1,-1,0,-1
2025061583913,2025,061583913,1,9,0,-1,19,7,3,-1,0,4,0,0,0,0,1,1,-1,1,1,27,6,-1,-1,-1,-1,4,E01006184,0,1
2025061583913,2025,061583913,2,9,0,-1,4,7,3,-1,0,4,0,0,1,0,2,1,-1,2,2,32,6,-1,-1,-1,-1,2,E01004902,0,3
2025061583916,2025,061583916,1,98,0,-1,19,4,8,-1,0,0,0,0,0,0,1,1,-1,6,3,25,5,-1,-1,-1,-1,-1,-1,0,-1
2025061584012,2025,061584012,1,9,0,-1,5,-1,-1,-1,0,1,0,0,0,0,2,1,-1,7,2,20,4,-1,-1,-1,-1,1,E01034234,0,1
2025061584012,2025,061584012,2,97,0,-1,19,-1,-1,-1,0,9,9,0,0,0,1,1,-1,6,1,-1,-1,-1,-1,-1,-1,-1,-1,0,-1
2025061584027,2025,061584027,2,1,0,-1,-1,-1,-1,-1,-1,-1,-1,-1,-1,-1,-1,1,-1,6,1,21,5,-1,-1,-1,-1,4,E01005184,0,1
2025061584027,2025,061584027,1,9,0,-1,-1,-1,-1,-1,-1,-1,-1,-1,-1,-1,-1,1,-1,6,2,18,4,-1,-1,-1,-1,9,E01006162,0,2
2025061584075,2025,061584075,1,9,0,-1,9,-1,-1,-1,0,1,9,0,0,0,3,1,-1,6,2,26,6,-1,-1,-1,-1,4,E01005444,0,1
2025061584081,2025,061584081,1,1,0,-1,19,-1,-1,-1,0,0,0,0,0,0,1,1,-1,2,2,31,6,-1,-1,-1,-1,1,E01034134,0,1
2025061584081,2025,061584081,2,19,0,-1,9,-1,-1,-1,0,0,0,0,0,0,4,1,-1,6,3,-1,-1,-1,-1,-1,-1,-1,-1,0,-1
2025061584135,2025,061584135,1,9,0,-1,1,5,1,-1,0,1,0,0,0,0,2,9,-1,6,2,42,7,-1,-1,-1,-1,1,E01005191,0,1
2025061584142,2025,061584142,1,9,0,-1,13,3,7,-1,0,0,0,0,0,0,1,1,-1,9,1,21,5,-1,-1,-1,-1,1,E01005564,0,2
2025061584142,2025,061584142,3,9,0,-1,19,7,3,-1,0,0,0,0,0,0,2,1,-1,9,2,47,8,-1,-1,-1,-1,2,E01005566,0,2
2025061584142,2025,061584142,2,5,0,-1,19,7,3,-1,0,0,5,0,0,0,1,1,-1,9,1,19,4,-1,-1,-1,-1,2,E01010930,0,3
2025061584197,2025,061584197,1,9,0,-1,19,2,6,-1,0,8,0,0,0,0,1,1,-1,6,1,38,7,-1,-1,-1,-1,3,E01005481,0,1
2025061584197,2025,061584197,2,19,0,-1,9,6,2,-1,0,8,0,0,0,0,1,1,-1,1,1,30,6,-1,-1,-1,-1,6,E01005694,0,3
2025061584332,2025,061584332,2,9,0,-1,99,-1,-1,-1,99,0,9,0,0,0,9,1,-1,6,3,-1,-1,-1,-1,-1,-1,-1,-1,0,-1
2025061584332,2025,061584332,1,3,0,-1,99,-1,-1,-1,99,0,9,0,0,0,3,1,-1,1,1,37,7,-1,-1,-1,-1,1,E01005167,0,3
2025061584336,2025,061584336,2,9,0,-1,-1,-1,-1,-1,-1,0,-1,-1,-1,0,-1,2,-1,6,1,-1,-1,-1,-1,-1,-1,4,E01005728,0,1
2025061584336,2025,061584336,1,1,-1,-1,-1,-1,-1,-1,-1,0,-1,-1,-1,0,-1,1,-1,6,1,21,5,-1,-1,-1,-1,1,E01005731,0,1
2025061584338,2025,061584338,2,9,-1,-1,-1,-1,-1,-1,-1,0,-1,-1,-1,0,-1,9,-1,6,3,-1,-1,-1,-1,-1,-1,-1,-1,0,-1
2025061584338,2025,061584338,1,9,-1,-1,-1,-1,-1,-1,-1,0,-1,-1,-1,0,-1,9,-1,6,3,30,6,-1,-1,-1,-1,1,E01005167,0,1
2025061584405,2025,061584405,1,9,0,-1,9,6,6,-1,0,2,0,0,0,0,0,2,-1,7,1,45,7,-1,-1,-1,-1,9,E01005572,0,1
2025061584483,2025,061584483,2,9,-1,-1,-1,-1,-1,-1,-1,-1,-1,-1,-1,0,-1,9,-1,6,3,-1,-1,-1,-1,-1,-1,-1,-1,0,-1
2025061584483,2025,061584483,1,9,-1,-1,-1,-1,-1,-1,-1,-1,-1,-1,-1,0,-1,9,-1,6,3,-1,-1,-1,-1,-1,-1,1,E01005529,0,1
2025061584583,2025,061584583,3,1,0,-1,-1,-1,-1,-1,-1,0,-1,-1,-1,0,-1,1,-1,6,1,42,7,-1,-1,-1,-1,2,E01005593,0,1
2025061584583,2025,061584583,1,9,0,-1,-1,-1,-1,-1,-1,0,-1,-1,-1,0,-1,1,-1,6,2,63,9,-1,-1,-1,-1,4,E01005558,0,1
2025061584583,2025,061584583,4,9,0,-1,-1,-1,-1,-1,-1,0,-1,-1,-1,0,-1,1,-1,6,2,-1,-1,-1,-1,-1,-1,4,E01005558,0,1
2025061584583,2025,061584583,2,1,0,-1,-1,-1,-1,-1,-1,0,-1,-1,-1,0,-1,1,-1,6,3,-1,-1,-1,-1,-1,-1,-1,-1,0,-1
2025061584678,2025,061584678,4,9,0,-1,2,0,0,-1,0,0,0,0,0,0,2,1,-1,6,-1,-1,-1,-1,-1,-1,-1,-1,-1,0,-1
2025061584678,2025,061584678,2,9,0,-1,2,0,0,-1,0,0,0,0,0,0,2,1,-1,6,-1,-1,-1,-1,-1,-1,-1,-1,-1,0,-1
2025061584678,2025,061584678,1,9,0,-1,19,5,1,-1,9,0,0,0,1,0,1,1,-1,6,1,33,6,-1,-1,-1,-1,3,E01005358,0,1
2025061584678,2025,061584678,3,9,0,-1,2,0,0,-1,0,0,0,0,0,0,2,1,-1,6,-1,-1,-1,-1,-1,-1,-1,-1,-1,0,-1
2025061584719,2025,061584719,2,9,0,-1,19,6,2,-1,0,0,0,0,0,0,1,1,-1,6,2,47,8,-1,-1,-1,-1,-1,-1,0,-1
2025061584719,2025,061584719,1,9,0,-1,19,6,2,-1,0,0,0,0,0,0,1,1,-1,6,1,41,7,-1,-1,-1,-1,1,E01004866,0,1
2025061584719,2025,061584719,3,9,0,-1,19,6,2,-1,0,0,0,0,0,0,2,1,-1,6,1,24,5,-1,-1,-1,-1,2,E01004824,0,1
2025061584723,2025,061584723,2,9,0,-1,5,-1,-1,-1,0,0,0,0,0,0,1,1,-1,6,2,26,6,-1,-1,-1,-1,1,E01033948,0,1
2025061584723,2025,061584723,1,1,0,-1,5,-1,-1,-1,0,0,0,0,0,0,3,1,-1,2,1,47,8,-1,-1,-1,-1,3,E01005752,0,1
2025061584732,2025,061584732,2,9,0,-1,7,-1,-1,-1,99,5,0,99,0,0,1,1,-1,6,1,-1,-1,-1,-1,-1,-1,-1,-1,0,-1
2025061584732,2025,061584732,1,1,0,-1,19,-1,-1,-1,99,9,5,99,0,0,3,1,-1,7,2,32,6,-1,-1,-1,-1,4,E01005150,0,1
2025061584760,2025,061584760,1,98,0,-1,19,5,1,-1,0,8,0,0,0,0,1,9,-1,1,1,47,8,-1,-1,-1,-1,1,E01012445,0,3
2025061584760,2025,061584760,2,9,-1,-1,19,5,1,-1,0,8,0,0,0,0,2,9,-1,6,2,62,9,-1,-1,-1,-1,3,E01005718,0,3
2025061584891,2025,061584891,1,9,0,-1,2,5,1,-1,9,0,0,0,0,0,2,1,-1,9,2,38,7,-1,-1,-1,-1,3,E01006014,0,1
2025061584966,2025,061584966,1,9,0,-1,19,7,2,-1,0,1,0,0,0,0,3,1,-1,9,2,25,5,-1,-1,-1,-1,-1,-1,0,-1
2025061584966,2025,061584966,2,9,0,-1,19,2,7,-1,0,1,0,0,0,0,1,1,-1,6,3,18,4,-1,-1,-1,-1,-1,-1,0,-1
2025061585042,2025,061585042,1,9,0,-1,19,7,3,-1,0,0,1,0,0,0,1,1,-1,6,1,47,8,-1,-1,-1,-1,3,E01005297,0,2
2025061585100,2025,061585100,2,1,0,-1,19,2,8,-1,0,1,0,0,0,0,1,1,-1,6,1,12,3,-1,-1,-1,-1,1,E01005256,0,1
2025061585100,2025,061585100,1,9,0,-1,9,7,5,-1,0,1,0,0,0,0,4,9,-1,6,2,58,9,-1,-1,-1,-1,2,E01005260,0,1
2025061585107,2025,061585107,3,21,1,-1,3,3,6,-1,0,0,0,0,0,0,2,1,-1,1,1,37,7,-1,-1,-1,-1,1,E01005081,0,3
2025061585107,2025,061585107,2,9,0,-1,3,2,6,-1,0,0,0,0,0,0,1,1,-1,9,2,69,10,-1,-1,-1,-1,10,E01018667,0,4
2025061585107,2025,061585107,1,9,0,-1,19,2,6,-1,0,0,0,0,0,0,1,1,-1,1,1,60,9,-1,-1,-1,-1,5,E01025395,0,3
2025061585118,2025,061585118,1,8,0,-1,-1,-1,-1,-1,-1,0,-1,-1,-1,0,-1,1,-1,1,1,21,5,-1,-1,-1,-1,-1,-1,0,-1
2025061585180,2025,061585180,1,1,0,-1,4,-1,-1,-1,0,0,0,8,0,0,1,1,-1,2,1,45,7,-1,-1,-1,-1,5,E01005942,0,1
2025061585180,2025,061585180,2,8,0,-1,3,-1,-1,-1,0,0,0,8,0,0,4,1,-1,6,3,-1,-1,-1,-1,-1,-1,-1,-1,0,-1
2025061585237,2025,061585237,2,5,0,-1,19,7,3,-1,0,8,0,0,0,0,1,1,-1,2,1,35,6,-1,-1,-1,-1,6,E01005177,0,1
2025061585237,2025,061585237,1,9,0,-1,9,3,1,-1,0,8,0,0,0,0,4,1,-1,2,1,36,7,-1,-1,-1,-1,10,E01005741,0,3
2025061585367,2025,061585367,2,11,0,-1,19,-1,-1,-1,2,9,0,99,0,0,4,1,-1,6,3,-1,-1,-1,-1,-1,-1,-1,-1,0,-1
2025061585367,2025,061585367,1,1,0,-1,19,-1,-1,-1,4,9,0,10,2,0,3,1,-1,6,2,24,5,-1,-1,-1,-1,5,E01014335,0,4
2025061585451,2025,061585451,1,9,0,-1,19,7,3,-1,0,0,0,0,0,0,1,1,-1,6,1,77,11,-1,-1,-1,-1,1,E01005325,0,1
2025061585481,2025,061585481,2,9,0,-1,19,5,1,-1,0,0,0,0,0,0,1,9,-1,9,2,35,6,-1,-1,-1,-1,1,E01005707,0,3
2025061585481,2025,061585481,3,9,0,-1,19,1,5,-1,0,0,0,8,0,0,4,9,-1,1,1,27,6,-1,-1,-1,-1,1,E01034113,0,1
2025061585481,2025,061585481,1,9,0,-1,19,1,5,-1,0,0,0,0,0,0,1,9,-1,6,1,20,4,-1,-1,-1,-1,6,E01014292,0,4
2025061585481,2025,061585481,4,9,0,-1,19,1,5,-1,0,0,0,0,0,0,0,9,-1,1,1,24,5,-1,-1,-1,-1,-1,-1,0,-1
2025061585503,2025,061585503,1,9,0,-1,19,7,3,-1,0,0,0,0,0,0,1,1,-1,6,1,68,10,-1,-1,-1,-1,1,E01005721,0,1
2025061585545,2025,061585545,1,9,0,-1,12,6,2,-1,0,0,1,0,0,0,1,1,-1,6,1,19,4,-1,-1,-1,-1,2,E01005462,0,2
2025061585577,2025,061585577,2,22,0,-1,19,5,1,-1,0,0,0,0,0,0,1,1,-1,6,2,71,10,-1,-1,-1,-1,7,E01004891,0,1
2025061585577,2025,061585577,1,20,0,-1,19,3,7,-1,0,0,0,0,0,0,4,2,-1,9,1,29,6,-1,-1,-1,-1,4,E01004776,0,1
2025061585578,2025,061585578,1,3,0,-1,7,8,4,-1,0,1,1,0,0,0,1,1,-1,6,1,34,6,-1,-1,-1,-1,2,E01006322,0,1
2025061585578,2025,061585578,3,8,0,-1,4,5,8,-1,0,1,0,0,0,0,1,1,-1,1,1,27,6,-1,-1,-1,-1,2,E01004814,0,2
2025061585578,2025,061585578,4,9,0,-1,19,5,8,-1,0,1,0,0,0,0,3,1,-1,9,2,52,8,-1,-1,-1,-1,8,E01006243,0,1
2025061585578,2025,061585578,2,9,0,-1,19,7,3,-1,0,1,0,0,0,0,0,1,-1,8,1,35,6,-1,-1,-1,-1,-1,-1,0,-1
2025061585616,2025,061585616,2,9,0,-1,9,3,7,-1,0,8,0,0,0,0,1,1,-1,6,2,34,6,-1,-1,-1,-1,1,E01005344,0,1
2025061585616,2025,061585616,1,1,0,-1,19,7,3,-1,0,8,0,0,0,0,1,1,-1,6,1,62,9,-1,-1,-1,-1,1,E01005433,0,1
2025061585642,2025,061585642,2,1,0,-1,19,1,5,-1,2,1,0,0,0,0,3,1,-1,1,1,25,5,-1,-1,-1,-1,-1,-1,0,-1
2025061585642,2025,061585642,3,9,0,-1,8,2,5,-1,0,2,0,0,0,0,1,1,-1,9,2,37,7,-1,-1,-1,-1,2,E01005960,0,1
2025061585642,2025,061585642,1,9,0,-1,9,5,2,-1,0,5,0,0,0,0,1,1,-1,9,1,42,7,-1,-1,-1,-1,1,E01006027,0,2
2025061585703,2025,061585703,1,3,0,-1,19,-1,-1,-1,0,0,1,0,0,0,0,1,-1,6,1,25,5,-1,-1,-1,-1,2,E01006297,0,3
2025061585716,2025,061585716,3,9,0,-1,99,-1,-1,-1,99,9,9,99,9,99,1,1,-1,6,2,-1,-1,-1,-1,-1,-1,-1,-1,0,-1
2025061585716,2025,061585716,1,9,0,-1,4,-1,-1,-1,0,1,0,0,0,0,2,1,-1,6,2,62,9,-1,-1,-1,-1,1,E01005219,0,1
2025061585785,2025,061585785,2,1,0,-1,19,3,7,-1,1,8,1,0,0,0,3,1,-1,6,1,47,8,-1,-1,-1,-1,1,E01005197,0,1
2025061585785,2025,061585785,1,9,0,-1,19,3,7,-1,0,1,0,0,0,0,4,1,-1,9,1,31,6,-1,-1,-1,-1,3,E01005297,0,2
2025061585993,2025,061585993,1,9,0,-1,19,-1,-1,-1,0,0,0,0,0,0,2,1,-1,6,2,38,7,-1,-1,-1,-1,3,E01006035,0,1
2025061585993,2025,061585993,2,1,0,-1,19,-1,-1,-1,0,0,0,0,0,0,2,1,-1,6,3,-1,-1,-1,-1,-1,-1,-1,-1,0,-1
2025061586078,2025,061586078,2,1,0,-1,19,2,6,-1,4,0,0,0,0,0,4,1,-1,6,1,33,6,-1,-1,-1,-1,8,E01006078,0,2
2025061586078,2025,061586078,1,1,0,-1,19,2,6,-1,4,0,0,0,0,0,1,1,-1,6,1,-1,-1,-1,-1,-1,-1,-1,-1,0,-1
2025061586116,2025,061586116,2,1,0,-1,19,-1,-1,-1,0,8,0,0,0,0,1,1,-1,6,1,-1,-1,-1,-1,-1,-1,1,E01005288,0,2
2025061586116,2025,061586116,1,9,0,-1,5,-1,-1,-1,0,8,0,0,0,0,1,1,-1,7,2,47,8,-1,-1,-1,-1,8,E01006174,0,1
2025061586264,2025,061586264,1,9,0,-1,7,5,8,-1,0,1,0,0,0,0,1,9,-1,6,3,-1,-1,-1,-1,-1,-1,-1,-1,0,-1
2025061586380,2025,061586380,2,9,0,-1,19,2,6,-1,0,1,0,0,0,0,1,1,-1,9,2,20,4,-1,-1,-1,-1,3,E01006836,0,1
2025061586380,2025,061586380,1,1,0,-1,9,4,2,-1,0,6,0,0,0,0,1,1,-1,9,1,17,4,-1,-1,-1,-1,2,E01006218,0,1
2025061586420,2025,061586420,1,9,0,-1,13,1,5,-1,0,0,0,0,0,0,1,1,-1,8,2,29,6,-1,-1,-1,-1,1,E01034113,0,3
2025061586420,2025,061586420,2,9,0,-1,9,1,5,-1,0,0,0,0,0,0,3,1,-1,6,1,32,6,-1,-1,-1,-1,7,E01025362,0,4
2025061586455,2025,061586455,1,9,0,-1,5,-1,-1,-1,9,0,0,0,0,0,2,1,-1,6,3,-1,-1,-1,-1,-1,-1,-1,-1,0,-1
2025061586475,2025,061586475,1,9,0,-1,19,3,7,-1,0,1,0,0,0,0,3,1,-1,9,1,23,5,-1,-1,-1,-1,1,E01033687,0,1
2025061586475,2025,061586475,2,1,0,-1,19,1,5,-1,0,2,0,0,0,0,1,1,-1,9,1,18,4,-1,-1,-1,-1,8,E01006102,0,3
2025061586483,2025,061586483,1,9,0,-1,9,5,3,-1,0,8,0,0,0,0,0,1,-1,1,2,38,7,-1,-1,-1,-1,2,E01005890,0,1
2025061586498,2025,061586498,1,9,0,-1,19,1,5,-1,0,0,0,0,0,0,1,1,-1,6,2,26,6,-1,-1,-1,-1,8,E01018661,0,3
2025061586498,2025,061586498,2,9,0,-1,3,3,7,-1,0,0,0,0,0,0,2,1,-1,2,1,33,6,-1,-1,-1,-1,10,E01006209,0,1
2025061586520,2025,061586520,1,19,0,-1,9,2,1,-1,0,2,0,0,0,0,1,1,-1,2,1,59,9,-1,-1,-1,-1,6,E01004910,0,1
2025061586562,2025,061586562,2,9,-1,-1,-1,-1,-1,-1,-1,-1,-1,-1,-1,0,3,9,-1,6,2,70,10,-1,-1,-1,-1,7,E01005468,0,1