collision_index,collision_year,collision_ref_no,vehicle_reference,vehicle_type,towing_and_articulation,vehicle_manoeuvre_historic,vehicle_manoeuvre,vehicle_direction_from,vehicle_direction_to,vehicle_location_restricted_lane_historic,vehicle_location_restricted_lane,junction_location,skidding_and_overturning,hit_object_in_carriageway,vehicle_leaving_carriageway,hit_object_off_carriageway,first_point_of_impact,vehicle_left_hand_drive,journey_purpose_of_driver_historic,journey_purpose_of_driver,sex_of_driver,age_of_driver,age_band_of_driver,engine_capacity_cc,propulsion_code,age_of_vehicle,generic_make_model,driver_imd_decile,lsoa_of_driver,escooter_flag,driver_distance_banding
2025061592119,2025,061592119,1,9,0,-1,5,-1,-1,-1,99,0,0,0,0,0,3,1,-1,6,2,35,6,-1,-1,-1,-1,2,E01005274,0,1
2025061592147,2025,061592147,2,9,0,-1,19,5,1,-1,0,1,0,0,0,0,1,1,-1,2,2,52,8,-1,-1,-1,-1,8,E01005058,0,1
2025061592147,2025,061592147,1,9,0,-1,9,7,1,-1,0,1,0,0,0,0,4,1,-1,1,1,56,9,-1,-1,-1,-1,3,E01005059,0,1
2025061592187,2025,061592187,1,9,0,-1,10,3,7,-1,0,1,0,0,0,0,2,9,-1,6,1,57,9,-1,-1,-1,-1,8,E01006161,0,1
2025061592187,2025,061592187,2,1,0,-1,19,3,7,-1,0,1,0,0,0,0,1,1,-1,9,1,13,3,-1,-1,-1,-1,1,E01006168,0,1
2025061592202,2025,061592202,1,9,0,-1,9,1,3,-1,0,8,0,0,0,0,1,1,-1,9,1,69,10,-1,-1,-1,-1,6,E01005936,0,1
2025061592202,2025,061592202,2,3,0,-1,19,1,5,-1,0,8,0,0,0,0,1,1,-1,9,1,21,5,-1,-1,-1,-1,1,E01006023,0,1
2025061592343,2025,061592343,1,9,0,-1,2,-1,-1,-1,9,0,0,11,1,10,4,1,-1,6,1,32,6,-1,-1,-1,-1,6,E01018612,0,3
2025061592343,2025,061592343,2,9,-1,-1,-1,-1,-1,-1,0,0,0,0,0,0,-1,9,-1,1,3,-1,-1,-1,-1,-1,-1,-1,-1,0,-1
2025061592474,2025,061592474,1,9,-1,-1,-1,-1,-1,-1,-1,0,-1,-1,-1,0,-1,9,-1,6,3,-1,-1,-1,-1,-1,-1,-1,-1,0,-1
2025061592518,2025,061592518,1,9,0,-1,19,-1,-1,-1,0,0,0,0,0,0,4,1,-1,6,1,31,6,-1,-1,-1,-1,2,E01033668,0,1
2025061592518,2025,061592518,2,90,0,-1,7,-1,-1,-1,0,0,0,0,0,0,1,9,-1,6,1,-1,-1,-1,-1,-1,-1,-1,-1,0,-1
2025061592539,2025,061592539,1,9,0,-1,3,-1,-1,-1,0,3,0,4,0,0,2,1,-1,6,3,-1,-1,-1,-1,-1,-1,-1,-1,0,-1
2025061592539,2025,061592539,2,9,0,-1,3,-1,-1,-1,0,3,0,4,0,0,2,1,-1,2,1,33,6,-1,-1,-1,-1,1,E01005061,0,2
2025061592580,2025,061592580,1,9,0,-1,3,-1,-1,-1,0,0,0,0,0,0,2,1,-1,6,1,49,8,-1,-1,-1,-1,5,E01006129,0,1
2025061592580,2025,061592580,2,9,0,-1,3,-1,-1,-1,0,0,0,0,0,0,1,1,-1,6,3,-1,-1,-1,-1,-1,-1,1,E01005180,0,2
2025061592639,2025,061592639,1,9,0,-1,19,-1,-1,-1,0,3,0,0,0,0,2,1,-1,2,1,27,6,-1,-1,-1,-1,2,E01006107,0,1
2025061592639,2025,061592639,2,9,0,-1,9,-1,-1,-1,0,4,0,0,0,0,3,1,-1,6,2,-1,-1,-1,-1,-1,-1,5,E01006074,0,1
2025061592707,2025,061592707,1,9,0,-1,9,3,1,-1,0,0,0,7,0,0,1,1,-1,9,1,73,10,-1,-1,-1,-1,8,E01004984,0,1
2025061592718,2025,061592718,1,9,0,-1,19,5,2,-1,0,0,0,6,1,0,1,1,-1,9,1,26,6,-1,-1,-1,-1,2,E01006322,0,1
2025061592778,2025,061592778,2,3,-1,-1,-1,-1,-1,-1,0,-1,-1,-1,-1,0,3,1,-1,6,1,53,8,-1,-1,-1,-1,1,E01005662,0,4
2025061592778,2025,061592778,1,9,-1,-1,19,-1,-1,-1,0,-1,-1,-1,-1,0,0,9,-1,6,3,-1,-1,-1,-1,-1,-1,-1,-1,0,-1
2025061592794,2025,061592794,1,9,0,-1,-1,-1,-1,-1,-1,0,-1,-1,-1,0,-1,9,-1,6,1,56,9,-1,-1,-1,-1,1,E01011045,0,4
2025061592794,2025,061592794,2,9,0,-1,-1,-1,-1,-1,-1,0,-1,-1,-1,0,-1,2,-1,6,1,-1,-1,-1,-1,-1,-1,2,E01005593,0,2
2025061592827,2025,061592827,1,9,-1,-1,-1,-1,-1,-1,-1,0,-1,-1,-1,0,-1,9,-1,6,3,-1,-1,-1,-1,-1,-1,-1,-1,0,-1
2025061592862,2025,061592862,1,9,-1,-1,19,-1,-1,-1,-1,0,-1,-1,-1,0,1,9,-1,1,1,-1,-1,-1,-1,-1,-1,-1,-1,0,-1
2025061592867,2025,061592867,1,9,0,-1,-1,-1,-1,-1,-1,0,-1,-1,-1,0,-1,1,-1,6,3,-1,-1,-1,-1,-1,-1,-1,-1,0,-1
2025061592870,2025,061592870,2,9,0,-1,19,2,6,-1,0,0,0,0,0,0,1,1,-1,6,2,62,9,-1,-1,-1,-1,5,W01000217,0,4
2025061592870,2025,061592870,1,23,0,-1,15,6,2,-1,0,0,0,0,0,0,1,1,-1,6,1,17,4,-1,-1,-1,-1,2,E01006036,0,1
2025061592882,2025,061592882,1,9,-1,-1,-1,-1,-1,-1,-1,-1,-1,-1,-1,0,-1,9,-1,1,1,-1,-1,-1,-1,-1,-1,2,E01005950,0,2
2025061592882,2025,061592882,2,11,-1,-1,-1,-1,-1,-1,-1,-1,-1,-1,-1,0,-1,9,-1,1,1,55,8,-1,-1,-1,-1,7,E01005701,0,2
2025061593001,2025,061593001,2,9,0,-1,9,-1,-1,-1,0,8,0,0,0,0,1,1,-1,6,1,-1,-1,-1,-1,-1,-1,1,E01005683,0,1
2025061593001,2025,061593001,1,1,0,-1,19,-1,-1,-1,0,8,2,0,0,0,4,1,-1,2,1,62,9,-1,-1,-1,-1,10,E01004949,0,2
2025061593011,2025,061593011,1,9,0,-1,5,6,2,-1,0,0,0,0,0,0,1,2,-1,1,2,56,9,-1,-1,-1,-1,7,E01005373,0,1
2025061593011,2025,061593011,2,97,0,-1,19,5,1,-1,0,0,0,0,0,0,4,1,-1,9,1,56,9,-1,-1,-1,-1,2,E01005954,0,2
2025061593016,2025,061593016,1,9,4,-1,5,5,3,-1,0,6,0,0,0,0,3,1,-1,1,1,49,8,-1,-1,-1,-1,3,E01005986,0,2
2025061593016,2025,061593016,2,3,0,-1,9,5,3,-1,0,6,0,0,0,0,4,1,-1,6,1,33,6,-1,-1,-1,-1,9,E01019767,0,3
2025061593032,2025,061593032,2,1,0,-1,19,-1,-1,-1,0,0,1,4,0,0,2,1,-1,6,3,-1,-1,-1,-1,-1,-1,-1,-1,0,-1
2025061593032,2025,061593032,1,9,0,-1,2,-1,-1,-1,0,0,0,0,0,0,2,1,-1,6,2,53,8,-1,-1,-1,-1,2,E01006214,0,1
2025061593061,2025,061593061,1,9,0,-1,4,-1,-1,-1,0,1,0,0,0,0,1,1,-1,7,1,52,8,-1,-1,-1,-1,1,E01005665,0,1
2025061593061,2025,061593061,2,1,0,-1,19,-1,-1,-1,0,6,0,0,0,0,1,1,-1,6,1,7,2,-1,-1,-1,-1,1,E01005660,0,1
2025061593070,2025,061593070,1,9,0,-1,10,-1,-1,-1,0,6,0,0,0,0,1,1,-1,6,2,-1,-1,-1,-1,-1,-1,2,E01004772,0,1
2025061593108,2025,061593108,2,9,0,-1,19,-1,-1,-1,0,4,0,0,0,0,1,1,-1,6,1,-1,-1,-1,-1,-1,-1,7,E01005983,0,1
2025061593108,2025,061593108,1,9,0,-1,3,-1,-1,-1,0,4,0,0,0,0,2,1,-1,2,1,51,8,-1,-1,-1,-1,4,E01005751,0,1
2025061593157,2025,061593157,1,9,0,-1,10,-1,-1,-1,0,8,0,0,0,0,2,1,-1,6,2,47,8,-1,-1,-1,-1,1,E01005124,0,1
2025061593157,2025,061593157,2,9,0,-1,99,-1,-1,-1,0,8,0,0,0,0,1,1,-1,6,3,-1,-1,-1,-1,-1,-1,-1,-1,0,-1
2025061593177,2025,061593177,1,9,0,-1,19,5,1,-1,0,0,0,0,0,0,3,1,-1,9,1,23,5,-1,-1,-1,-1,1,E01032915,0,1
2025061593188,2025,061593188,2,9,0,-1,19,1,1,-1,0,0,0,0,0,0,3,2,-1,6,1,37,7,-1,-1,-1,-1,1,E01004856,0,2
2025061593188,2025,061593188,1,9,0,-1,19,1,1,-1,0,0,0,0,0,0,1,2,-1,1,1,-1,-1,-1,-1,-1,-1,5,E01025508,0,4
2025061593463,2025,061593463,2,8,0,-1,99,-1,-1,-1,99,0,9,99,9,99,1,1,-1,6,1,-1,-1,-1,-1,-1,-1,1,E01004812,0,1
2025061593570,2025,061593570,2,97,0,-1,19,4,8,-1,0,8,0,0,0,0,1,1,-1,6,1,16,4,-1,-1,-1,-1,1,E01005611,0,1
2025061593570,2025,061593570,1,9,0,-1,9,4,8,-1,0,5,0,0,0,0,3,1,-1,9,2,24,5,-1,-1,-1,-1,1,E01011134,0,4
2025061593609,2025,061593609,1,9,0,-1,4,3,3,-1,0,2,0,0,0,0,1,2,-1,1,1,32,6,-1,-1,-1,-1,-1,-1,0,-1
2025061593609,2025,061593609,2,23,0,-1,5,4,4,-1,9,6,0,0,0,0,3,1,-1,6,1,29,6,-1,-1,-1,-1,-1,-1,0,-1
2025061593623,2025,061593623,1,9,0,-1,19,7,7,-1,0,8,1,0,7,0,1,1,-1,6,1,37,7,-1,-1,-1,-1,-1,-1,0,-1
2025061593716,2025,061593716,1,9,0,-1,19,3,7,-1,0,8,0,0,0,0,1,1,-1,2,2,19,4,-1,-1,-1,-1,7,E01005989,0,1
2025061593876,2025,061593876,3,9,0,-1,2,0,0,-1,0,1,0,0,0,0,3,1,-1,6,-1,-1,-1,-1,-1,-1,-1,-1,-1,0,-1
2025061593876,2025,061593876,1,9,0,-1,2,0,0,-1,0,1,0,0,0,0,3,1,-1,9,1,64,9,-1,-1,-1,-1,6,E01005387,0,1
2025061593876,2025,061593876,2,9,0,-1,19,7,3,-1,0,1,0,0,0,0,4,1,-1,9,2,35,6,-1,-1,-1,-1,3,E01005440,0,1
2025061593897,2025,061593897,1,9,0,-1,3,-1,-1,-1,0,0,0,0,0,0,2,1,-1,2,2,19,4,-1,-1,-1,-1,5,E01005175,0,1
2025061593897,2025,061593897,2,9,0,-1,19,-1,-1,-1,0,0,0,0,0,0,1,1,-1,6,1,-1,-1,-1,-1,-1,-1,-1,-1,0,-1
2025061594025,2025,061594025,1,97,0,-1,19,6,2,-1,0,1,0,0,0,0,4,1,-1,6,1,13,3,-1,-1,-1,-1,1,E01005129,0,1
2025061594025,2025,061594025,2,9,0,-1,19,6,4,-1,0,1,0,0,0,0,1,1,-1,6,1,44,7,-1,-1,-1,-1,1,E01006000,0,1
2025061594064,2025,061594064,2,9,0,-1,19,7,3,-1,0,4,0,0,1,0,1,1,-1,9,2,24,5,-1,-1,-1,-1,-1,-1,0,-1
2025061594064,2025,061594064,1,9,0,-1,19,5,1,-1,0,4,0,0,0,0,1,2,-1,9,1,31,6,-1,-1,-1,-1,9,E01005572,0,1
2025061594334,2025,061594334,1,9,0,-1,19,7,2,-1,0,8,0,0,0,0,3,1,-1,9,1,64,9,-1,-1,-1,-1,9,E01005860,0,1
2025061594334,2025,061594334,2,1,0,-1,19,5,1,-1,0,8,0,0,0,0,4,1,-1,9,1,30,6,-1,-1,-1,-1,2,E01005764,0,1
2025061594356,2025,061594356,1,1,0,-1,15,-1,-1,-1,0,0,5,0,0,0,3,1,-1,2,2,60,9,-1,-1,-1,-1,3,E01005158,0,1
2025061594356,2025,061594356,2,9,0,-1,15,-1,-1,-1,0,0,0,99,0,0,4,1,-1,6,3,-1,-1,-1,-1,-1,-1,-1,-1,0,-1
2025061594425,2025,061594425,1,9,0,-1,7,1,7,-1,0,0,0,0,7,10,3,1,-1,9,1,23,5,-1,-1,-1,-1,-1,-1,0,-1
2025061594537,2025,061594537,1,9,0,-1,7,6,8,-1,0,1,0,0,0,0,1,1,-1,2,1,53,8,-1,-1,-1,-1,9,E01005052,0,1
2025061594571,2025,061594571,1,9,0,-1,-1,-1,-1,-1,0,0,0,0,0,0,9,1,-1,6,1,-1,-1,-1,-1,-1,-1,-1,-1,0,-1
2025061594575,2025,061594575,1,1,0,-1,14,6,2,-1,0,2,0,0,0,0,1,1,-1,1,1,52,8,-1,-1,-1,-1,-1,-1,0,-1
2025061594617,2025,061594617,2,9,0,-1,19,2,5,-1,0,0,0,0,0,0,1,1,-1,9,2,76,11,-1,-1,-1,-1,9,E01018664,0,2
2025061594617,2025,061594617,1,9,0,-1,3,2,5,-1,0,0,0,0,0,0,0,1,-1,9,1,23,5,-1,-1,-1,-1,2,E01032608,0,4
2025061594702,2025,061594702,1,9,0,-1,19,5,1,-1,0,8,0,0,0,0,3,1,-1,6,1,28,6,-1,-1,-1,-1,1,E01005428,0,1
2025061594706,2025,061594706,1,9,0,-1,19,5,1,-1,0,1,0,0,0,0,1,1,-1,6,2,54,8,-1,-1,-1,-1,5,E01005956,0,1
2025061594706,2025,061594706,2,1,5,-1,7,7,3,-1,0,1,0,0,0,0,3,1,-1,6,1,10,2,-1,-1,-1,-1,5,E01005956,0,1
2025061594805,2025,061594805,2,9,0,-1,4,5,1,-1,0,0,0,0,0,0,1,1,-1,9,1,78,11,-1,-1,-1,-1,1,E01005253,0,1
2025061594805,2025,061594805,1,9,0,-1,7,3,5,-1,0,0,1,0,0,0,1,1,-1,9,1,21,5,-1,-1,-1,-1,1,E01005383,0,2
2025061594859,2025,061594859,1,9,0,-1,19,-1,-1,-1,99,9,9,0,0,0,4,1,-1,6,1,26,6,-1,-1,-1,-1,1,E01005563,0,1
2025061594859,2025,061594859,2,9,0,-1,19,-1,-1,-1,99,9,9,0,0,0,3,1,-1,6,1,-1,-1,-1,-1,-1,-1,-1,-1,0,-1
2025061594917,2025,061594917,2,9,-1,-1,-1,-1,-1,-1,-1,0,-1,-1,-1,0,-1,9,-1,6,3,-1,-1,-1,-1,-1,-1,-1,-1,0,-1
2025061594917,2025,061594917,1,9,0,-1,99,-1,-1,-1,99,0,9,99,9,99,2,1,-1,6,1,47,8,-1,-1,-1,-1,6,E01004880,0,1
2025061594931,2025,061594931,1,9,0,-1,19,4,8,-1,5,0,2,0,1,0,4,1,-1,9,1,24,5,-1,-1,-1,-1,8,E01005768,0,1
2025061594966,2025,061594966,1,9,0,-1,19,7,3,-1,0,1,0,0,0,0,4,1,-1,1,1,37,7,-1,-1,-1,-1,1,E01005578,0,4
2025061594966,2025,061594966,2,1,0,-1,19,1,5,-1,0,1,0,0,0,0,1,1,-1,9,1,40,7,-1,-1,-1,-1,1,E01005287,0,1
2025061594970,2025,061594970,2,9,0,-1,2,0,0,-1,0,0,0,0,0,0,0,1,-1,6,2,39,7,-1,-1,-1,-1,1,E01005707,0,1
2025061594970,2025,061594970,1,9,0,-1,19,7,3,-1,0,0,0,0,0,0,1,1,-1,6,2,70,10,-1,-1,-1,-1,10,E01032486,0,3
2025061594972,2025,061594972,2,19,-1,-1,-1,-1,-1,-1,-1,0,-1,-1,-1,0,-1,2,-1,6,3,-1,-1,-1,-1,-1,-1,2,E01006415,0,4
2025061594972,2025,061594972,1,9,0,-1,-1,-1,-1,-1,-1,0,-1,-1,-1,0,-1,2,-1,6,1,37,7,-1,-1,-1,-1,3,E01005013,0,1
2025061595156,2025,061595156,1,9,0,-1,-1,-1,-1,-1,-1,-1,-1,-1,-1,-1,-1,1,-1,6,2,26,6,-1,-1,-1,-1,5,E01006070,0,2
2025061595156,2025,061595156,2,9,-1,-1,-1,-1,-1,-1,-1,-1,-1,-1,-1,0,-1,9,-1,6,2,23,5,-1,-1,-1,-1,2,E01005980,0,1
2025061595298,2025,061595298,1,9,0,-1,19,4,8,-1,0,0,0,0,0,0,1,1,-1,9,2,66,10,-1,-1,-1,-1,8,E01005837,0,1
2025061595312,2025,061595312,2,9,0,-1,99,-1,-1,-1,0,4,9,0,0,0,1,1,-1,6,1,-1,-1,-1,-1,-1,-1,-1,-1,0,-1
2025061595312,2025,061595312,1,1,0,-1,19,-1,-1,-1,0,3,2,0,0,0,4,1,-1,6,1,56,9,-1,-1,-1,-1,5,E01004936,0,2
2025061595347,2025,061595347,2,9,0,-1,19,7,3,-1,0,1,0,0,0,0,0,1,-1,1,1,25,5,-1,-1,-1,-1,1,E01034113,0,2
2025061595347,2025,061595347,1,9,0,-1,7,7,3,-1,0,6,0,0,0,0,1,1,-1,6,1,16,4,-1,-1,-1,-1,-1,-1,0,-1
2025061595347,2025,061595347,3,9,0,-1,19,1,5,-1,0,1,0,0,0,0,1,1,-1,6,2,45,7,-1,-1,-1,-1,8,E01004971,0,1
2025061595394,2025,061595394,1,9,0,-1,13,7,3,-1,0,0,2,0,1,10,1,1,-1,9,1,20,4,-1,-1,-1,-1,6,E01007565,0,4
2025061595568,2025,061595568,1,9,0,-1,19,4,8,-1,0,0,1,0,1,4,1,1,-1,9,1,18,4,-1,-1,-1,-1,3,E01005297,0,2
2025061595568,2025,061595568,2,9,0,-1,12,4,8,-1,0,0,0,0,0,0,2,1,-1,9,2,34,6,-1,-1,-1,-1,5,E01005268,0,1
2025061595599,2025,061595599,1,9,-1,-1,-1,-1,-1,-1,-1,0,-1,-1,-1,0,-1,9,-1,6,1,40,7,-1,-1,-1,-1,-1,-1,0,-1
2025061595643,2025,061595643,2,9,0,-1,19,3,7,-1,0,0,0,0,0,0,1,1,-1,1,2,33,6,-1,-1,-1,-1,2,E01034119,0,1
2025061595643,2025,061595643,5,98,0,-1,2,8,3,-1,0,0,0,0,0,0,0,1,-1,1,1,47,8,-1,-1,-1,-1,1,E01005527,0,3
2025061595643,2025,061595643,3,19,0,-1,19,3,7,-1,0,0,0,0,0,0,0,1,-1,1,1,23,5,-1,-1,-1,-1,2,E01034119,0,1
2025061595643,2025,061595643,4,19,0,-1,19,3,7,-1,0,0,0,0,0,0,0,1,-1,1,1,25,5,-1,-1,-1,-1,2,E01034119,0,1
2025061595643,2025,061595643,1,23,0,-1,14,7,3,-1,0,0,0,0,0,0,3,1,-1,9,1,24,5,-1,-1,-1,-1,1,E01005065,0,1
2025061595653,2025,061595653,1,1,0,-1,19,2,6,-1,0,6,0,0,0,0,1,1,-1,6,1,36,7,-1,-1,-1,-1,2,E01033983,0,1
2025061595653,2025,061595653,2,8,0,-1,19,1,4,-1,0,8,0,0,0,0,4,1,-1,9,1,53,8,-1,-1,-1,-1,1,E01005243,0,1
2025061595697,2025,061595697,1,9,0,-1,5,5,5,-1,0,2,0,0,0,0,1,1,-1,9,1,80,11,-1,-1,-1,-1,6,E01006216,0,1
2025061595764,2025,061595764,1,9,0,-1,19,3,7,-1,0,8,0,0,0,0,4,1,-1,2,2,49,8,-1,-1,-1,-1,9,E01006075,0,4
2025061595764,2025,061595764,2,2,0,-1,12,3,7,-1,0,8,0,0,0,0,3,1,-1,9,1,22,5,-1,-1,-1,-1,5,E01006022,0,1
2025061595788,2025,061595788,1,11,0,-1,19,2,6,-1,0,1,0,0,0,0,1,1,-1,1,1,27,6,-1,-1,-1,-1,1,E01005085,0,2
2025061595847,2025,061595847,1,9,-1,-1,-1,-1,-1,-1,-1,0,-1,-1,-1,0,1,9,-1,9,1,43,7,-1,-1,-1,-1,5,E01004833,0,1
2025061595847,2025,061595847,2,9,-1,-1,19,-1,-1,-1,0,0,0,0,0,0,1,9,-1,6,3,-1,-1,-1,-1,-1,-1,-1,-1,0,-1
2025061595872,2025,061595872,1,11,-1,-1,13,5,1,-1,0,0,0,0,0,0,4,9,-1,1,1,-1,-1,-1,-1,-1,-1,-1,-1,0,-1
2025061595872,2025,061595872,2,1,0,-1,19,5,1,-1,2,0,0,0,0,0,3,1,-1,6,1,20,4,-1,-1,-1,-1,4,E01005185,0,1
2025061596034,2025,061596034,1,9,0,-1,19,-1,-1,-1,0,8,0,0,0,0,3,1,-1,2,2,39,7,-1,-1,-1,-1,2,E01004966,0,3
2025061596034,2025,061596034,2,9,0,-1,3,-1,-1,-1,0,8,0,99,0,0,4,1,-1,6,3,-1,-1,-1,-1,-1,-1,-1,-1,0,-1
2025061596147,2025,061596147,2,9,0,-1,2,0,0,-1,0,2,0,0,0,0,1,1,-1,1,2,56,9,-1,-1,-1,-1,5,E01005520,0,1
2025061596147,2025,061596147,1,9,0,-1,19,3,7,-1,0,1,0,4,0,0,1,1,-1,6,3,-1,-1,-1,-1,-1,-1,-1,-1,0,-1
2025061596223,2025,061596223,1,9,0,-1,4,-1,-1,-1,0,1,9,1,0,0,1,1,-1,6,2,32,6,-1,-1,-1,-1,8,E01006174,0,1
2025061596245,2025,061596245,2,9,0,-1,19,7,3,-1,0,0,1,0,0,0,2,2,-1,9,1,25,5,-1,-1,-1,-1,8,E01032485,0,1
2025061596245,2025,061596245,1,9,0,-1,19,3,7,-1,0,0,1,0,1,11,1,2,-1,9,1,18,4,-1,-1,-1,-1,9,E01004965,0,1
2025061596255,2025,061596255,2,5,0,-1,19,1,5,-1,0,1,0,0,0,0,1,1,-1,1,1,54,8,-1,-1,-1,-1,-1,-1,0,-1
2025061596255,2025,061596255,1,9,0,-1,9,2,6,-1,0,1,0,0,0,0,3,1,-1,6,1,75,10,-1,-1,-1,-1,-1,-1,0,-1
2025061596367,2025,061596367,1,99,-1,-1,-1,-1,-1,-1,-1,0,-1,-1,-1,0,-1,9,-1,6,3,-1,-1,-1,-1,-1,-1,-1,-1,0,-1
2025061596456,2025,061596456,1,-1,0,-1,5,-1,-1,-1,0,9,5,99,0,0,4,1,-1,2,1,35,6,-1,-1,-1,-1,1,E01005667,0,1
2025061596456,2025,061596456,2,9,0,-1,19,-1,-1,-1,0,9,0,99,0,0,1,1,-1,6,1,-1,-1,-1,-1,-1,-1,-1,-1,0,-1
2025061596471,2025,061596471,2,9,0,-1,1,-1,-1,-1,0,0,9,0,0,0,2,1,-1,6,3,-1,-1,-1,-1,-1,-1,-1,-1,0,-1
2025061596471,2025,061596471,1,9,0,-1,3,-1,-1,-1,0,0,0,0,0,0,1,1,-1,6,2,39,7,-1,-1,-1,-1,10,E01004949,0,1
2025061596533,2025,061596533,1,1,0,-1,7,1,3,-1,0,5,1,0,0,0,1,1,-1,6,1,15,3,-1,-1,-1,-1,6,E01005364,0,1
2025061596550,2025,061596550,2,9,-1,-1,99,-1,-1,-1,99,0,9,0,0,0,9,1,-1,6,3,-1,-1,-1,-1,-1,-1,-1,-1,0,-1
2025061596550,2025,061596550,1,1,0,-1,99,-1,-1,-1,99,0,9,0,0,0,1,1,-1,2,1,36,7,-1,-1,-1,-1,3,E01005567,0,1
2025061596622,2025,061596622,2,9,0,-1,7,-1,-1,-1,0,0,1,99,7,99,1,1,-1,6,1,-1,-1,-1,-1,-1,-1,-1,-1,0,-1
2025061596622,2025,061596622,1,9,0,-1,2,-1,-1,-1,99,0,0,10,7,11,3,1,-1,6,1,36,7,-1,-1,-1,-1,2,E01005915,0,2
2025061596661,2025,061596661,1,9,0,-1,4,7,1,-1,0,1,0,0,0,0,0,1,-1,1,1,38,7,-1,-1,-1,-1,2,E01034118,0,1
2025061596661,2025,061596661,2,9,0,-1,1,5,1,-1,0,1,0,0,0,0,-1,1,-1,6,1,-1,-1,-1,-1,-1,-1,-1,-1,0,-1
2025061596667,2025,061596667,2,19,0,-1,12,-1,-1,-1,0,0,0,0,0,0,3,1,-1,6,1,-1,-1,-1,-1,-1,-1,-1,-1,0,-1
2025061596667,2025,061596667,1,9,0,-1,14,-1,-1,-1,0,0,0,0,0,0,4,1,-1,2,2,22,5,-1,-1,-1,-1,7,E01005676,0,1
2025061596704,2025,061596704,2,9,0,-1,9,1,5,-1,0,1,0,0,0,0,3,1,-1,9,1,32,6,-1,-1,-1,-1,1,E01006369,0,1
2025061596704,2025,061596704,1,23,0,-1,19,1,7,-1,0,1,1,0,0,0,0,1,-1,6,1,44,7,-1,-1,-1,-1,1,E01006306,0,1
2025061596789,2025,061596789,1,9,0,-1,5,-1,-1,-1,0,0,0,1,0,0,1,1,-1,6,2,35,6,-1,-1,-1,-1,5,E01004997,0,1
2025061596789,2025,061596789,2,9,-1,-1,-1,-1,-1,-1,-1,0,-1,-1,-1,0,-1,9,-1,9,1,60,9,-1,-1,-1,-1,-1,-1,0,-1
2025061596808,2025,061596808,1,9,0,-1,19,1,5,-1,0,8,0,0,0,0,1,1,-1,9,2,45,7,-1,-1,-1,-1,3,E01025379,0,3
2025061596808,2025,061596808,2,9,0,-1,19,3,7,-1,0,8,0,0,0,0,1,1,-1,1,2,28,6,-1,-1,-1,-1,5,E01005507,0,2
2025061596911,2025,061596911,1,9,0,-1,19,3,7,-1,0,0,0,0,1,4,1,1,-1,6,1,20,4,-1,-1,-1,-1,4,E01004767,0,1
2025061596911,2025,061596911,2,9,0,-1,9,3,5,-1,0,0,0,0,0,0,1,1,-1,9,2,80,11,-1,-1,-1,-1,6,E01004790,0,1
2025061596915,2025,061596915,2,9,0,-1,15,-1,-1,-1,0,1,0,99,0,0,9,1,-1,6,3,-1,-1,-1,-1,-1,-1,-1,-1,0,-1
2025061596915,2025,061596915,1,9,0,-1,19,-1,-1,-1,0,1,1,0,0,0,3,1,-1,6,2,25,5,-1,-1,-1,-1,1,E01005119,0,3
2025061596930,2025,061596930,1,9,0,-1,19,5,1,-1,0,0,0,10,1,0,1,1,-1,6,3,30,6,-1,-1,-1,-1,-1,-1,0,-1
2025061596968,2025,061596968,2,9,0,-1,19,8,1,-1,0,1,0,0,0,0,1,1,-1,6,1,39,7,-1,-1,-1,-1,1,E01011235,0,4
2025061596968,2025,061596968,1,19,0,-1,19,2,2,-1,0,1,0,0,0,0,1,1,-1,8,2,21,5,-1,-1,-1,-1,2,E01034119,0,1
2025061597172,2025,061597172,1,9,0,-1,19,7,3,-1,0,0,0,0,0,0,0,1,-1,9,2,23,5,-1,-1,-1,-1,4,E01024891,0,4
2025061597172,2025,061597172,2,9,0,-1,4,7,3,-1,0,0,0,0,0,0,2,1,-1,9,2,36,7,-1,-1,-1,-1,-1,-1,0,-1
2025061597241,2025,061597241,1,9,0,-1,19,6,2,-1,0,0,5,0,0,0,4,1,-1,9,1,23,5,-1,-1,-1,-1,2,E01034119,0,2
2025061597294,2025,061597294,1,8,0,-1,19,6,2,-1,9,0,0,0,0,0,1,9,-1,1,1,44,7,-1,-1,-1,-1,-1,-1,0,-1
2025061597334,2025,061597334,1,1,0,-1,99,-1,-1,-1,99,9,9,99,0,0,3,1,-1,7,1,20,4,-1,-1,-1,-1,3,E01005210,0,1
2025061597334,2025,061597334,2,8,0,-1,99,-1,-1,-1,99,9,9,99,0,0,4,1,-1,6,3,-1,-1,-1,-1,-1,-1,2,E01005280,0,1
2025061597383,2025,061597383,2,9,-1,-1,-1,-1,-1,-1,-1,-1,-1,-1,-1,0,-1,9,-1,6,2,36,7,-1,-1,-1,-1,6,E01007246,0,4
2025061597383,2025,061597383,1,9,-1,-1,-1,-1,-1,-1,-1,-1,-1,-1,-1,0,-1,9,-1,6,3,-1,-1,-1,-1,-1,-1,-1,-1,0,-1
2025061597702,2025,061597702,1,8,-1,-1,-1,-1,-1,-1,-1,-1,-1,-1,-1,0,-1,9,-1,6,3,-1,-1,-1,-1,-1,-1,-1,-1,0,-1
2025061597810,2025,061597810,1,9,0,-1,19,1,5,-1,0,0,0,0,0,0,1,1,-1,6,-1,-1,-1,-1,-1,-1,-1,-1,-1,0,-1
2025061598307,2025,061598307,1,8,0,-1,19,7,3,-1,0,2,0,0,0,0,4,1,-1,1,1,49,8,-1,-1,-1,-1,1,E01005129,0,1
2025061598334,2025,061598334,2,8,0,-1,-1,-1,-1,-1,-1,-1,-1,-1,-1,0,-1,9,-1,6,3,-1,-1,-1,-1,-1,-1,1,E01005239,0,2