collision_index,collision_year,collision_ref_no,vehicle_reference,vehicle_type,towing_and_articulation,vehicle_manoeuvre_historic,vehicle_manoeuvre,vehicle_direction_from,vehicle_direction_to,vehicle_location_restricted_lane_historic,vehicle_location_restricted_lane,junction_location,skidding_and_overturning,hit_object_in_carriageway,vehicle_leaving_carriageway,hit_object_off_carriageway,first_point_of_impact,vehicle_left_hand_drive,journey_purpose_of_driver_historic,journey_purpose_of_driver,sex_of_driver,age_of_driver,age_band_of_driver,engine_capacity_cc,propulsion_code,age_of_vehicle,generic_make_model,driver_imd_decile,lsoa_of_driver,escooter_flag,driver_distance_banding
2025061598334,2025,061598334,1,9,0,-1,-1,-1,-1,-1,0,-1,-1,-1,-1,0,2,9,-1,9,2,39,7,-1,-1,-1,-1,3,E01005872,0,1
2025061598366,2025,061598366,1,11,0,-1,-1,-1,-1,-1,-1,0,-1,-1,-1,0,-1,9,-1,1,1,23,5,-1,-1,-1,-1,1,E01005197,0,2
2025061598366,2025,061598366,2,9,-1,-1,-1,-1,-1,-1,0,0,-1,-1,-1,0,0,9,-1,6,3,-1,-1,-1,-1,-1,-1,-1,-1,0,-1
2025061598393,2025,061598393,1,9,0,-1,19,1,1,-1,0,0,0,0,0,0,1,2,-1,6,2,30,6,-1,-1,-1,-1,8,E01006281,0,1
2025061598393,2025,061598393,3,1,0,-1,14,-1,-1,-1,0,0,0,0,0,0,4,1,-1,6,1,60,9,-1,-1,-1,-1,4,E01006286,0,1
2025061598407,2025,061598407,1,9,0,-1,19,1,1,-1,0,1,0,0,0,0,1,2,-1,6,3,30,6,-1,-1,-1,-1,-1,-1,0,-1
2025061598407,2025,061598407,2,9,0,-1,19,1,1,-1,0,1,0,0,0,0,1,2,-1,6,2,33,6,-1,-1,-1,-1,8,E01005001,0,1
2025061598428,2025,061598428,2,9,0,-1,-1,-1,-1,-1,-1,0,-1,-1,-1,0,-1,2,-1,6,3,-1,-1,-1,-1,-1,-1,3,E01006313,0,2
2025061598428,2025,061598428,1,9,0,-1,-1,-1,-1,-1,-1,0,-1,-1,-1,0,-1,9,-1,6,2,49,8,-1,-1,-1,-1,9,E01006319,0,2
2025061598441,2025,061598441,1,1,-1,-1,19,-1,-1,-1,4,1,4,10,1,0,1,1,-1,6,1,44,7,-1,-1,-1,-1,8,E01024939,0,3
2025061598441,2025,061598441,2,9,0,-1,19,-1,-1,-1,0,8,0,0,0,0,4,1,-1,6,1,53,8,-1,-1,-1,-1,1,E01004879,0,1
2025061598490,2025,061598490,2,9,-1,-1,4,-1,-1,-1,0,0,0,0,0,0,-1,9,-1,6,3,-1,-1,-1,-1,-1,-1,-1,-1,0,-1
2025061598490,2025,061598490,1,9,-1,-1,-1,-1,-1,-1,-1,0,-1,-1,-1,0,-1,9,-1,6,3,61,9,-1,-1,-1,-1,10,E01006124,0,1
2025061598522,2025,061598522,1,19,0,-1,2,-1,-1,-1,9,1,0,0,1,0,2,1,-1,1,1,45,7,-1,-1,-1,-1,9,E01004924,0,1
2025061598540,2025,061598540,2,9,0,-1,4,7,3,-1,0,0,0,0,0,0,2,1,-1,6,1,36,7,-1,-1,-1,-1,1,E01005099,0,3
2025061598540,2025,061598540,1,21,1,-1,4,7,3,-1,0,0,0,0,0,0,1,1,-1,1,1,59,9,-1,-1,-1,-1,3,E01006388,0,3
2025061598605,2025,061598605,2,3,0,-1,19,2,7,-1,0,0,0,4,0,0,1,1,-1,9,1,20,4,-1,-1,-1,-1,6,E01006259,0,1
2025061598605,2025,061598605,1,9,0,-1,4,2,4,-1,0,0,0,0,0,0,2,2,-1,9,2,44,7,-1,-1,-1,-1,2,E01006253,0,1
2025061598659,2025,061598659,2,9,0,-1,99,-1,-1,-1,0,0,9,1,0,0,1,1,-1,6,3,-1,-1,-1,-1,-1,-1,-1,-1,0,-1
2025061598659,2025,061598659,1,9,0,-1,3,-1,-1,-1,0,0,0,1,0,0,2,1,-1,6,1,50,8,-1,-1,-1,-1,4,E01005499,0,1
2025061598709,2025,061598709,2,9,0,-1,9,1,7,-1,0,6,0,0,0,0,3,1,-1,9,1,79,11,-1,-1,-1,-1,-1,-1,0,-1
2025061598709,2025,061598709,1,98,0,-1,19,7,3,-1,0,1,0,0,0,0,1,1,-1,2,1,46,8,-1,-1,-1,-1,-1,-1,0,-1
2025061598721,2025,061598721,2,5,0,-1,19,7,3,-1,0,0,0,0,0,0,1,1,-1,2,1,32,6,-1,-1,-1,-1,8,E01005784,0,1
2025061598721,2025,061598721,1,9,0,-1,19,8,3,-1,0,0,0,0,0,0,2,1,-1,9,1,25,5,-1,-1,-1,-1,1,E01010702,0,4
2025061598758,2025,061598758,2,9,0,-1,19,-1,-1,-1,0,8,0,0,0,0,1,1,-1,6,2,-1,-1,-1,-1,-1,-1,7,E01005492,0,1
2025061598758,2025,061598758,1,9,0,-1,5,-1,-1,-1,0,8,1,0,0,0,1,1,-1,6,1,17,4,-1,-1,-1,-1,9,E01005573,0,1
2025061598766,2025,061598766,2,9,0,-1,19,-1,-1,-1,0,6,0,11,0,0,1,1,-1,6,2,-1,-1,-1,-1,-1,-1,4,E01005029,0,1
2025061598766,2025,061598766,1,9,0,-1,4,-1,-1,-1,0,1,0,0,0,0,4,1,-1,6,2,36,7,-1,-1,-1,-1,1,E01004960,0,1
2025061598807,2025,061598807,1,1,0,-1,19,5,1,-1,0,0,0,0,0,0,1,1,-1,9,1,40,7,-1,-1,-1,-1,7,E01006089,0,4
2025061598811,2025,061598811,2,19,0,-1,3,-1,-1,-1,0,1,0,0,0,0,3,1,-1,6,1,-1,-1,-1,-1,-1,-1,-1,-1,0,-1
2025061598811,2025,061598811,1,5,0,-1,14,-1,-1,-1,0,1,0,0,0,0,4,1,-1,2,1,58,9,-1,-1,-1,-1,2,E01006329,0,2
2025061598839,2025,061598839,1,9,0,-1,7,3,5,-1,0,8,0,0,0,0,1,1,-1,6,2,29,6,-1,-1,-1,-1,6,E01019732,0,2
2025061598839,2025,061598839,2,9,0,-1,19,1,5,-1,0,8,0,0,0,0,4,1,-1,6,1,20,4,-1,-1,-1,-1,3,E01025221,0,4
2025061598970,2025,061598970,2,9,0,-1,3,-1,-1,-1,0,8,0,0,0,0,1,1,-1,6,2,38,7,-1,-1,-1,-1,7,E01006046,0,1
2025061598970,2025,061598970,1,9,0,-1,9,-1,-1,-1,0,2,1,0,0,0,3,1,-1,6,2,30,6,-1,-1,-1,-1,8,E01006024,0,1
2025061599137,2025,061599137,1,9,0,-1,14,8,4,-1,0,1,1,0,1,4,4,1,-1,1,1,26,6,-1,-1,-1,-1,-1,-1,0,-1
2025061599137,2025,061599137,2,19,0,-1,9,1,7,-1,0,1,0,0,0,0,1,1,-1,2,1,42,7,-1,-1,-1,-1,5,E01006268,0,1
2025061599301,2025,061599301,1,9,0,-1,5,2,6,-1,0,0,0,0,0,0,1,9,-1,6,3,-1,-1,-1,-1,-1,-1,-1,-1,0,-1
2025061599325,2025,061599325,1,9,0,-1,3,3,1,-1,0,1,0,0,0,0,1,1,-1,6,1,35,6,-1,-1,-1,-1,1,E01005657,0,2
2025061599325,2025,061599325,2,1,0,-1,19,2,4,-1,0,8,0,0,0,0,4,1,-1,6,1,54,8,-1,-1,-1,-1,8,E01006161,0,1
2025061599552,2025,061599552,1,9,0,-1,19,-1,-1,-1,0,0,0,0,0,0,4,1,-1,2,2,45,7,-1,-1,-1,-1,6,E01005961,0,1
2025061599552,2025,061599552,2,19,0,-1,12,-1,-1,-1,0,0,0,0,0,0,4,1,-1,6,1,-1,-1,-1,-1,-1,-1,-1,-1,0,-1
2025061599576,2025,061599576,1,19,0,-1,1,-1,-1,-1,9,0,0,0,0,0,2,1,-1,6,1,49,8,-1,-1,-1,-1,7,E01006149,0,2
2025061599657,2025,061599657,2,1,0,-1,19,-1,-1,-1,0,0,1,0,0,0,1,1,-1,6,3,-1,-1,-1,-1,-1,-1,-1,-1,0,-1
2025061599657,2025,061599657,1,9,0,-1,9,-1,-1,-1,0,0,0,0,0,0,3,1,-1,2,2,25,5,-1,-1,-1,-1,2,E01025471,0,2
2025061599692,2025,061599692,1,9,0,-1,19,6,2,-1,0,1,0,0,0,0,3,1,-1,9,1,49,8,-1,-1,-1,-1,4,E01005084,0,1
2025061599711,2025,061599711,1,8,0,-1,19,1,5,-1,0,6,0,0,0,0,1,1,-1,1,1,35,6,-1,-1,-1,-1,-1,-1,0,-1
2025061599729,2025,061599729,3,9,0,-1,19,3,7,-1,0,0,0,12,0,0,1,1,-1,6,1,48,8,-1,-1,-1,-1,2,E01006718,0,4
2025061599729,2025,061599729,1,9,0,-1,19,3,7,-1,0,0,0,0,0,0,0,9,-1,6,3,-1,-1,-1,-1,-1,-1,-1,-1,0,-1
2025061599729,2025,061599729,2,9,0,-1,19,3,7,-1,0,0,0,0,0,0,1,1,-1,9,1,23,5,-1,-1,-1,-1,2,E01004814,0,2
2025061599733,2025,061599733,1,20,0,-1,2,7,7,-1,0,2,0,0,0,0,3,1,-1,6,1,60,9,-1,-1,-1,-1,-1,-1,0,-1
2025061599773,2025,061599773,1,9,0,-1,19,1,5,-1,0,0,2,0,6,0,1,1,-1,6,1,22,5,-1,-1,-1,-1,8,E01011200,0,4
2025061599800,2025,061599800,2,9,-1,-1,-1,-1,-1,-1,-1,0,-1,-1,-1,0,-1,9,-1,6,3,-1,-1,-1,-1,-1,-1,-1,-1,0,-1
2025061599800,2025,061599800,1,9,0,-1,99,-1,-1,-1,99,0,9,99,9,99,3,1,-1,6,2,-1,-1,-1,-1,-1,-1,3,E01005495,0,1
2025061599897,2025,061599897,4,9,0,-1,3,7,3,-1,0,0,0,0,0,0,2,1,-1,6,1,62,9,-1,-1,-1,-1,4,E01035392,0,3
2025061599897,2025,061599897,2,9,0,-1,3,7,3,-1,0,0,0,4,0,0,2,1,-1,6,1,71,10,-1,-1,-1,-1,1,E01025590,0,4
2025061599897,2025,061599897,1,9,0,-1,5,7,3,-1,0,0,0,4,0,0,1,1,-1,6,1,30,6,-1,-1,-1,-1,1,E01005317,0,3
2025061599897,2025,061599897,3,9,0,-1,3,7,3,-1,0,0,0,0,0,0,2,1,-1,1,1,34,6,-1,-1,-1,-1,5,E01005873,0,3
2025061599949,2025,061599949,2,-1,0,-1,19,5,1,-1,9,0,0,0,0,0,3,1,-1,6,2,11,3,-1,-1,-1,-1,1,E01006357,1,1
2025061599949,2025,061599949,1,9,0,-1,19,3,7,-1,0,0,0,0,0,0,1,1,-1,9,2,29,6,-1,-1,-1,-1,1,E01006357,0,1
2025061599978,2025,061599978,2,9,0,-1,19,7,3,-1,0,1,0,0,0,0,2,1,-1,6,1,63,9,-1,-1,-1,-1,2,E01006069,0,1
2025061599978,2025,061599978,1,9,0,-1,10,7,3,-1,0,1,0,0,0,0,1,1,-1,6,1,31,6,-1,-1,-1,-1,1,E01006016,0,1
2025061600094,2025,061600094,1,1,0,-1,19,1,6,-1,0,0,0,4,0,0,4,1,-1,9,1,25,5,-1,-1,-1,-1,6,W01000565,0,5
2025061600094,2025,061600094,2,1,0,-1,19,1,6,-1,0,0,0,11,0,0,3,1,-1,9,1,35,6,-1,-1,-1,-1,-1,-1,0,-1
2025061600094,2025,061600094,3,9,0,-1,2,0,0,-1,0,0,0,0,0,0,3,1,-1,9,1,70,10,-1,-1,-1,-1,8,E01011848,0,4
2025061600094,2025,061600094,4,9,0,-1,2,0,0,-1,0,0,0,0,0,0,3,1,-1,6,-1,-1,-1,-1,-1,-1,-1,-1,-1,0,-1
2025061600165,2025,061600165,1,9,0,-1,9,1,7,-1,0,6,0,0,0,0,4,1,-1,6,1,76,11,-1,-1,-1,-1,-1,-1,0,-1
2025061600165,2025,061600165,2,1,0,-1,-1,-1,-1,-1,-1,-1,-1,-1,-1,0,3,1,-1,6,1,22,5,-1,-1,-1,-1,-1,-1,0,-1
2025061600292,2025,061600292,2,9,0,-1,-1,-1,-1,-1,-1,8,-1,-1,-1,0,-1,9,-1,6,3,-1,-1,-1,-1,-1,-1,-1,-1,0,-1
2025061600292,2025,061600292,1,9,0,-1,19,6,2,-1,0,8,0,0,1,0,3,1,-1,2,2,34,6,-1,-1,-1,-1,2,E01005369,0,1
2025061600352,2025,061600352,1,11,0,-1,19,-1,-1,-1,-1,1,-1,-1,-1,0,-1,1,-1,1,2,35,6,-1,-1,-1,-1,1,E01005132,0,1
2025061600479,2025,061600479,2,9,0,-1,8,6,3,-1,0,1,0,0,0,0,1,1,-1,9,1,30,6,-1,-1,-1,-1,1,E01005191,0,1
2025061600479,2025,061600479,1,9,0,-1,19,4,8,-1,0,8,0,0,3,0,3,1,-1,9,1,36,7,-1,-1,-1,-1,-1,-1,0,-1
2025061600489,2025,061600489,1,19,0,-1,19,2,6,-1,0,8,0,0,0,0,4,1,-1,1,1,58,9,-1,-1,-1,-1,1,E01006289,0,2
2025061600557,2025,061600557,1,9,0,-1,19,3,7,-1,0,2,0,0,0,0,1,1,-1,1,1,33,6,-1,-1,-1,-1,4,E01005300,0,1
2025061600632,2025,061600632,2,9,0,-1,5,-1,-1,-1,0,0,0,0,0,0,3,1,-1,6,1,-1,-1,-1,-1,-1,-1,-1,-1,0,-1
2025061600632,2025,061600632,1,9,0,-1,19,-1,-1,-1,0,0,0,0,0,0,4,1,-1,6,2,44,7,-1,-1,-1,-1,3,E01006388,0,1
2025061600653,2025,061600653,2,9,0,-1,19,-1,-1,-1,0,1,0,0,0,0,1,1,-1,6,1,-1,-1,-1,-1,-1,-1,5,E01011161,0,4
2025061600653,2025,061600653,1,9,0,-1,3,-1,-1,-1,0,1,0,0,0,0,2,1,-1,2,1,28,6,-1,-1,-1,-1,2,E01005105,0,2
2025061600695,2025,061600695,1,9,0,-1,5,5,8,-1,0,5,0,0,0,0,4,1,-1,9,1,19,4,-1,-1,-1,-1,6,E01005307,0,1
2025061600695,2025,061600695,2,5,0,-1,19,6,2,-1,0,1,0,0,0,0,1,1,-1,9,1,56,9,-1,-1,-1,-1,-1,-1,0,-1
2025061600705,2025,061600705,1,9,0,-1,3,-1,-1,-1,0,0,0,1,0,0,2,1,-1,6,1,73,10,-1,-1,-1,-1,2,E01005678,0,2
2025061600705,2025,061600705,2,9,0,-1,99,-1,-1,-1,0,0,0,1,0,0,1,1,-1,6,3,-1,-1,-1,-1,-1,-1,1,E01005232,0,1
2025061600732,2025,061600732,1,9,0,-1,11,5,1,-1,9,0,0,0,1,0,1,1,-1,6,2,78,11,-1,-1,-1,-1,1,E01005352,0,3
2025061600778,2025,061600778,1,9,0,-1,-1,-1,-1,-1,0,0,-1,-1,-1,0,2,9,-1,9,2,20,4,-1,-1,-1,-1,3,E01004932,0,2
2025061600778,2025,061600778,2,9,0,-1,-1,-1,-1,-1,0,0,-1,-1,-1,0,1,9,-1,6,1,18,4,-1,-1,-1,-1,7,E01006287,0,2
2025061600786,2025,061600786,1,1,0,-1,19,-1,-1,-1,0,0,0,10,0,0,3,1,-1,2,1,41,7,-1,-1,-1,-1,2,E01005890,0,2
2025061600786,2025,061600786,2,9,0,-1,13,-1,-1,-1,0,0,0,0,0,0,4,1,-1,6,3,-1,-1,-1,-1,-1,-1,-1,-1,0,-1
2025061600801,2025,061600801,1,9,0,-1,19,-1,-1,-1,0,0,0,7,1,10,2,1,-1,2,1,41,7,-1,-1,-1,-1,1,E01005257,0,1
2025061600801,2025,061600801,2,98,-1,-1,-1,-1,-1,-1,-1,0,-1,-1,-1,0,-1,1,-1,6,3,-1,-1,-1,-1,-1,-1,-1,-1,0,-1
2025061600835,2025,061600835,1,9,0,-1,-1,-1,-1,-1,-1,-1,-1,-1,-1,0,-1,9,-1,6,3,31,6,-1,-1,-1,-1,-1,-1,0,-1
2025061600835,2025,061600835,2,9,0,-1,-1,-1,-1,-1,-1,-1,-1,-1,-1,0,-1,9,-1,6,2,-1,-1,-1,-1,-1,-1,1,E01006144,0,1
2025061600882,2025,061600882,2,1,0,-1,19,5,1,-1,0,0,0,0,0,0,2,1,-1,6,1,60,9,-1,-1,-1,-1,4,E01005151,0,1
2025061600882,2025,061600882,1,9,0,-1,19,5,1,-1,0,0,0,0,0,0,1,1,-1,6,2,59,9,-1,-1,-1,-1,2,E01006112,0,1
2025061600883,2025,061600883,1,9,0,-1,13,8,4,-1,9,1,0,4,0,0,1,2,-1,2,1,56,9,-1,-1,-1,-1,-1,-1,0,-1
2025061600883,2025,061600883,2,9,0,-1,2,0,0,-1,0,1,0,0,0,0,4,2,-1,6,-1,-1,-1,-1,-1,-1,-1,-1,-1,0,-1
2025061600892,2025,061600892,1,9,0,-1,3,-1,-1,-1,0,0,9,0,0,0,2,1,-1,6,1,25,5,-1,-1,-1,-1,8,E01006299,0,2
2025061600892,2025,061600892,2,9,0,-1,19,-1,-1,-1,0,0,9,0,0,0,1,1,-1,6,1,-1,-1,-1,-1,-1,-1,-1,-1,0,-1
2025061600900,2025,061600900,2,9,0,-1,19,6,3,-1,0,1,0,0,0,0,1,1,-1,6,2,-1,-1,-1,-1,-1,-1,2,E01004817,0,1
2025061600900,2025,061600900,1,9,0,-1,19,4,8,-1,0,1,0,0,0,0,4,1,-1,1,1,-1,-1,-1,-1,-1,-1,2,E01004815,0,1
2025061600936,2025,061600936,1,9,0,-1,19,5,1,-1,0,8,0,0,0,0,1,1,-1,9,1,28,6,-1,-1,-1,-1,1,E01004946,0,2
2025061601018,2025,061601018,1,9,0,-1,-1,-1,-1,-1,-1,0,-1,-1,-1,0,-1,1,-1,6,3,-1,-1,-1,-1,-1,-1,-1,-1,0,-1
2025061601018,2025,061601018,2,9,-1,-1,-1,-1,-1,-1,-1,0,-1,-1,-1,0,-1,9,-1,2,1,37,7,-1,-1,-1,-1,7,E01005791,0,2
2025061601072,2025,061601072,1,9,0,-1,19,3,7,-1,0,0,0,0,0,0,1,1,-1,6,2,48,8,-1,-1,-1,-1,1,E01005239,0,1
2025061601166,2025,061601166,1,9,0,-1,19,6,1,-1,0,0,0,0,1,7,1,2,-1,1,1,47,8,-1,-1,-1,-1,5,E01005898,0,1
2025061601207,2025,061601207,1,9,0,-1,9,4,2,-1,0,8,0,0,0,0,4,1,-1,9,2,33,6,-1,-1,-1,-1,3,E01005102,0,1
2025061601207,2025,061601207,2,1,0,-1,19,8,4,-1,0,8,0,0,0,0,1,1,-1,2,1,19,4,-1,-1,-1,-1,3,E01034126,0,2
2025061601293,2025,061601293,2,9,0,-1,19,7,3,-1,0,8,0,0,0,0,3,1,-1,9,1,19,4,-1,-1,-1,-1,1,E01005112,0,1
2025061601293,2025,061601293,1,9,0,-1,19,5,1,-1,0,8,0,0,0,0,1,1,-1,6,1,17,4,-1,-1,-1,-1,1,E01005314,0,1
2025061601386,2025,061601386,1,8,0,-1,19,3,7,-1,0,1,0,0,0,0,1,1,-1,1,1,-1,-1,-1,-1,-1,-1,-1,-1,0,-1
2025061601406,2025,061601406,2,1,0,-1,19,1,5,-1,0,8,0,0,0,0,1,1,-1,6,1,11,3,-1,-1,-1,-1,2,E01004929,0,1
2025061601406,2025,061601406,1,9,0,-1,19,7,3,-1,0,1,0,0,0,0,4,1,-1,2,2,31,6,-1,-1,-1,-1,2,E01004798,0,1
2025061601430,2025,061601430,2,3,0,-1,13,1,5,-1,0,0,0,0,0,0,1,1,-1,6,1,-1,-1,-1,-1,-1,-1,-1,-1,0,-1
2025061601430,2025,061601430,1,9,0,-1,5,3,5,-1,0,0,0,0,0,0,1,1,-1,6,2,24,5,-1,-1,-1,-1,1,E01006296,0,1
2025061601505,2025,061601505,1,9,0,-1,4,5,1,-1,0,0,0,0,0,0,1,1,-1,9,2,60,9,-1,-1,-1,-1,4,E01005622,0,3
2025061601526,2025,061601526,1,9,0,-1,-1,-1,-1,-1,-1,-1,-1,-1,-1,0,-1,9,-1,6,3,-1,-1,-1,-1,-1,-1,-1,-1,0,-1
2025061601566,2025,061601566,2,8,0,-1,3,-1,-1,-1,0,1,0,0,0,0,4,1,-1,6,3,-1,-1,-1,-1,-1,-1,-1,-1,0,-1
2025061601566,2025,061601566,1,1,0,-1,15,-1,-1,-1,0,1,0,0,0,0,3,1,-1,2,1,37,7,-1,-1,-1,-1,7,E01006165,0,2
2025061601582,2025,061601582,1,9,0,-1,19,3,7,-1,0,2,0,0,0,0,1,9,-1,2,2,34,6,-1,-1,-1,-1,9,E01005843,0,1
2025061601629,2025,061601629,2,9,0,-1,9,6,3,-1,1,8,0,0,1,0,3,1,-1,6,1,19,4,-1,-1,-1,-1,10,E01004967,0,2
2025061601629,2025,061601629,1,5,0,-1,19,2,5,-1,0,8,0,0,0,0,1,1,-1,6,1,61,9,-1,-1,-1,-1,9,E01024916,0,3
2025061601633,2025,061601633,1,9,0,-1,19,7,3,-1,0,0,0,0,0,0,1,9,-1,1,1,26,6,-1,-1,-1,-1,1,E01005427,0,4
2025061601633,2025,061601633,2,8,0,-1,19,7,3,-1,0,0,0,0,0,0,2,1,-1,9,1,26,6,-1,-1,-1,-1,1,E01005585,0,4
2025061601642,2025,061601642,1,19,0,-1,15,6,3,-1,0,0,0,0,0,0,4,1,-1,1,1,61,9,-1,-1,-1,-1,8,E01005571,0,1
2025061601670,2025,061601670,1,9,-1,-1,-1,-1,-1,-1,-1,0,-1,-1,-1,0,-1,9,-1,6,3,-1,-1,-1,-1,-1,-1,-1,-1,0,-1
2025061601725,2025,061601725,1,8,0,-1,5,8,4,-1,0,0,0,0,0,0,1,1,-1,1,1,37,7,-1,-1,-1,-1,-1,-1,0,-1
2025061601834,2025,061601834,1,9,0,-1,19,8,4,-1,0,0,0,0,0,0,1,1,-1,6,1,45,7,-1,-1,-1,-1,6,E01004963,0,2
2025061601834,2025,061601834,2,9,0,-1,19,4,8,-1,0,0,0,0,0,0,1,1,-1,6,1,75,10,-1,-1,-1,-1,2,E01004817,0,1
2025061601862,2025,061601862,2,9,0,-1,19,-1,-1,-1,5,0,0,99,1,0,1,2,-1,6,3,-1,-1,-1,-1,-1,-1,-1,-1,0,-1
2025061601862,2025,061601862,1,1,0,-1,19,-1,-1,-1,4,0,1,99,1,0,1,1,-1,6,1,33,6,-1,-1,-1,-1,1,E01005192,0,1
2025061601865,2025,061601865,1,-1,0,-1,19,8,4,-1,9,1,0,0,0,0,0,1,-1,6,1,13,3,-1,-1,-1,-1,2,E01005027,1,1
2025061601961,2025,061601961,1,9,0,-1,19,1,5,-1,0,1,0,0,0,0,1,1,-1,9,2,28,6,-1,-1,-1,-1,-1,-1,0,-1
2025061602003,2025,061602003,1,9,0,-1,19,6,2,-1,0,0,5,0,0,0,1,1,-1,6,2,53,8,-1,-1,-1,-1,1,E01004857,0,1
2025061602129,2025,061602129,1,9,0,-1,10,6,4,-1,0,1,0,0,0,0,1,1,-1,6,2,50,8,-1,-1,-1,-1,10,E01004792,0,1
2025061602129,2025,061602129,2,97,0,-1,19,3,7,-1,0,1,0,0,0,0,1,1,-1,6,1,44,7,-1,-1,-1,-1,2,E01004922,0,1
2025061602130,2025,061602130,1,9,0,-1,5,1,1,-1,0,1,0,4,1,0,1,1,-1,6,1,31,6,-1,-1,-1,-1,8,E01005417,0,1
2025061602130,2025,061602130,2,9,0,-1,19,1,1,-1,0,1,0,0,0,0,1,1,-1,1,1,33,6,-1,-1,-1,-1,1,E01005324,0,1
2025061602130,2025,061602130,3,9,0,-1,19,1,1,-1,0,1,0,0,0,0,0,1,-1,8,1,31,6,-1,-1,-1,-1,-1,-1,0,-1
2025061602148,2025,061602148,2,9,0,-1,19,-1,-1,-1,0,9,9,99,0,0,1,1,-1,6,1,-1,-1,-1,-1,-1,-1,-1,-1,0,-1
2025061602148,2025,061602148,1,1,0,-1,19,-1,-1,-1,0,9,9,99,0,0,4,1,-1,2,1,35,6,-1,-1,-1,-1,2,E01033675,0,1
2025061602156,2025,061602156,1,9,0,-1,19,3,7,-1,0,1,0,0,0,0,1,9,-1,6,1,20,4,-1,-1,-1,-1,-1,-1,0,-1
2025061602213,2025,061602213,1,9,0,-1,9,1,6,-1,0,8,0,0,0,0,1,2,-1,6,2,32,6,-1,-1,-1,-1,2,E01025059,0,4
2025061602213,2025,061602213,2,9,0,-1,19,6,2,-1,0,8,0,0,0,0,4,1,-1,6,2,19,4,-1,-1,-1,-1,1,E01004946,0,1
2025061602446,2025,061602446,1,1,0,-1,19,-1,-1,-1,4,0,5,0,0,0,1,1,-1,6,1,40,7,-1,-1,-1,-1,8,E01013409,0,5
2025061602446,2025,061602446,2,11,0,-1,19,-1,-1,-1,0,0,0,11,0,0,0,1,-1,6,3,-1,-1,-1,-1,-1,-1,-1,-1,0,-1
2025061602497,2025,061602497,2,1,0,-1,5,-1,-1,-1,0,0,0,0,0,0,1,1,-1,6,3,-1,-1,-1,-1,-1,-1,-1,-1,0,-1
2025061602497,2025,061602497,1,9,0,-1,19,-1,-1,-1,0,0,0,0,0,0,3,1,-1,6,2,57,9,-1,-1,-1,-1,3,E01005524,0,1
2025061602547,2025,061602547,2,9,0,-1,7,-1,-1,-1,0,1,0,0,0,0,1,1,-1,6,1,-1,-1,-1,-1,-1,-1,3,E01005853,0,1
2025061602547,2025,061602547,1,1,0,-1,19,-1,-1,-1,0,8,5,0,0,0,3,1,-1,6,1,38,7,-1,-1,-1,-1,7,E01005847,0,1
2025061602663,2025,061602663,2,9,0,-1,19,2,6,-1,0,8,0,0,0,0,3,2,-1,1,1,49,8,-1,-1,-1,-1,4,E01005436,0,2
2025061602663,2025,061602663,1,9,0,-1,9,6,4,-1,0,8,0,0,0,0,1,2,-1,9,1,52,8,-1,-1,-1,-1,6,E01025514,0,4
2025061602667,2025,061602667,1,9,0,-1,9,3,1,-1,0,6,0,0,0,0,1,1,-1,9,1,48,8,-1,-1,-1,-1,1,E01005243,0,1
2025061602861,2025,061602861,2,9,0,-1,5,-1,-1,-1,0,0,0,0,0,0,1,1,-1,6,1,-1,-1,-1,-1,-1,-1,1,E01005984,0,2
2025061602861,2025,061602861,1,9,0,-1,19,-1,-1,-1,0,0,0,0,1,0,3,1,-1,6,2,47,8,-1,-1,-1,-1,10,E01005812,0,1
2025061602888,2025,061602888,1,9,0,-1,19,2,6,-1,0,0,0,0,0,0,1,1,-1,6,2,36,7,-1,-1,-1,-1,-1,-1,0,-1
2025061602900,2025,061602900,2,9,0,-1,-1,-1,-1,-1,-1,0,-1,-1,-1,0,-1,1,-1,6,2,-1,-1,-1,-1,-1,-1,-1,-1,0,-1
2025061602900,2025,061602900,1,9,0,-1,4,-1,-1,-1,0,0,0,0,0,0,2,1,-1,6,1,19,4,-1,-1,-1,-1,1,E01004787,0,2
2025061603009,2025,061603009,2,5,0,-1,19,5,1,-1,0,1,0,0,0,0,1,1,-1,9,1,32,6,-1,-1,-1,-1,2,E01005674,0,1
2025061603009,2025,061603009,1,9,0,-1,7,2,4,-1,0,2,5,0,0,0,1,1,-1,9,1,43,7,-1,-1,-1,-1,2,E01005650,0,1
2025061603059,2025,061603059,2,8,0,-1,3,5,1,-1,0,2,0,0,0,0,2,1,-1,1,1,56,9,-1,-1,-1,-1,4,E01033685,0,1
2025061603059,2025,061603059,1,9,0,-1,19,5,1,-1,2,1,0,0,0,0,1,1,-1,1,1,27,6,-1,-1,-1,-1,1,E01005202,0,1
2025061603090,2025,061603090,1,1,0,-1,19,4,8,-1,0,8,0,0,0,0,1,1,-1,6,1,16,4,-1,-1,-1,-1,8,E01005955,0,1
2025061603090,2025,061603090,2,9,0,-1,19,6,2,-1,0,2,0,0,0,0,3,1,-1,9,1,52,8,-1,-1,-1,-1,2,E01005946,0,1
2025061603116,2025,061603116,1,9,0,-1,4,-1,-1,-1,0,0,1,0,0,0,4,1,-1,6,2,34,6,-1,-1,-1,-1,2,E01006295,0,1
2025061603118,2025,061603118,1,9,0,-1,9,4,3,-1,0,8,1,0,0,0,3,1,-1,6,1,78,11,-1,-1,-1,-1,7,E01006363,0,1
2025061603131,2025,061603131,2,9,0,-1,19,3,7,-1,0,2,0,0,0,0,3,1,-1,9,1,75,10,-1,-1,-1,-1,5,E01019752,0,3
2025061603131,2025,061603131,1,9,0,-1,19,3,7,-1,0,2,0,0,8,0,3,1,-1,9,2,71,10,-1,-1,-1,-1,6,E01005627,0,3