collision_index,collision_year,collision_ref_no,vehicle_reference,vehicle_type,towing_and_articulation,vehicle_manoeuvre_historic,vehicle_manoeuvre,vehicle_direction_from,vehicle_direction_to,vehicle_location_restricted_lane_historic,vehicle_location_restricted_lane,junction_location,skidding_and_overturning,hit_object_in_carriageway,vehicle_leaving_carriageway,hit_object_off_carriageway,first_point_of_impact,vehicle_left_hand_drive,journey_purpose_of_driver_historic,journey_purpose_of_driver,sex_of_driver,age_of_driver,age_band_of_driver,engine_capacity_cc,propulsion_code,age_of_vehicle,generic_make_model,driver_imd_decile,lsoa_of_driver,escooter_flag,driver_distance_banding
2025061603153,2025,061603153,1,9,0,-1,19,8,5,-1,0,0,0,0,0,0,4,1,-1,1,1,32,6,-1,-1,-1,-1,1,E01005121,0,1
2025061603178,2025,061603178,1,3,0,-1,19,4,8,-1,0,8,1,0,1,0,4,1,-1,9,1,19,4,-1,-1,-1,-1,4,E01012593,0,3
2025061603221,2025,061603221,1,8,0,-1,7,4,8,-1,0,5,0,0,0,0,1,1,-1,1,1,53,8,-1,-1,-1,-1,-1,-1,0,-1
2025061603240,2025,061603240,2,8,0,-1,-1,-1,-1,-1,-1,-1,-1,-1,-1,0,-1,2,-1,6,3,-1,-1,-1,-1,-1,-1,1,E01005466,0,2
2025061603240,2025,061603240,1,9,0,-1,3,-1,-1,-1,0,4,0,0,0,0,2,1,-1,6,1,67,10,-1,-1,-1,-1,1,E01005485,0,2
2025061603281,2025,061603281,1,9,0,-1,19,2,3,-1,0,0,1,10,1,0,1,1,-1,6,1,20,4,-1,-1,-1,-1,1,E01034232,0,1
2025061603281,2025,061603281,2,9,0,-1,19,6,7,-1,0,0,0,0,0,0,1,1,-1,6,1,24,5,-1,-1,-1,-1,2,E01005337,0,1
2025061603330,2025,061603330,2,9,0,-1,19,7,3,-1,0,8,0,0,0,0,1,1,-1,6,1,18,4,-1,-1,-1,-1,1,E01006443,0,4
2025061603330,2025,061603330,1,9,0,-1,9,2,1,-1,0,5,5,0,7,11,1,1,-1,6,1,32,6,-1,-1,-1,-1,1,E01005429,0,1
2025061603386,2025,061603386,1,9,0,-1,5,7,3,-1,0,1,0,0,0,0,4,1,-1,6,1,20,4,-1,-1,-1,-1,4,E01034344,0,3
2025061603446,2025,061603446,4,9,0,-1,19,1,4,-1,0,0,0,0,0,0,2,1,-1,6,1,36,7,-1,-1,-1,-1,4,E01005035,0,2
2025061603446,2025,061603446,5,9,0,-1,19,8,4,-1,0,0,0,0,0,0,4,1,-1,6,-1,40,7,-1,-1,-1,-1,-1,-1,0,-1
2025061603446,2025,061603446,1,9,0,-1,19,1,5,-1,0,0,0,0,3,0,1,9,-1,6,1,25,5,-1,-1,-1,-1,-1,-1,0,-1
2025061603446,2025,061603446,2,9,0,-1,19,1,4,-1,0,0,0,0,0,0,2,1,-1,6,1,50,8,-1,-1,-1,-1,2,E01004873,0,2
2025061603446,2025,061603446,3,21,1,-1,19,1,4,-1,0,0,0,0,0,0,3,1,-1,1,1,50,8,-1,-1,-1,-1,2,E01008889,0,5
2025061603497,2025,061603497,1,9,0,-1,6,7,3,-1,0,0,0,0,0,0,3,1,-1,9,1,56,9,-1,-1,-1,-1,1,E01005186,0,1
2025061603497,2025,061603497,2,9,0,-1,19,3,7,-1,0,0,0,0,0,0,1,1,-1,8,1,31,6,-1,-1,-1,-1,5,E01018648,0,4
2025061603509,2025,061603509,1,9,0,-1,19,6,2,-1,0,0,0,10,1,0,1,1,-1,9,1,71,10,-1,-1,-1,-1,2,E01005946,0,1
2025061603667,2025,061603667,1,9,0,-1,99,-1,-1,-1,99,9,0,0,0,0,2,9,-1,6,2,44,7,-1,-1,-1,-1,1,E01005081,0,1
2025061603700,2025,061603700,1,9,0,-1,9,3,2,-1,0,1,0,0,0,0,4,1,-1,9,1,34,6,-1,-1,-1,-1,3,E01005015,0,3
2025061603700,2025,061603700,2,1,0,-1,19,8,3,-1,0,1,0,0,1,0,1,1,-1,9,1,29,6,-1,-1,-1,-1,1,E01005683,0,2
2025061603885,2025,061603885,2,9,0,-1,3,4,8,-1,0,1,0,0,0,0,1,1,-1,6,2,48,8,-1,-1,-1,-1,10,E01005808,0,1
2025061603885,2025,061603885,4,9,0,-1,19,4,8,-1,0,1,0,0,0,0,1,1,-1,9,1,60,9,-1,-1,-1,-1,8,E01005768,0,1
2025061603885,2025,061603885,3,9,0,-1,3,4,2,-1,0,1,0,0,0,0,2,1,-1,9,2,38,7,-1,-1,-1,-1,7,E01005783,0,1
2025061603885,2025,061603885,1,9,0,-1,10,3,2,-1,0,1,0,0,0,0,2,1,-1,1,2,28,6,-1,-1,-1,-1,9,E01005802,0,1
2025061604193,2025,061604193,1,21,4,-1,19,2,6,-1,0,0,1,0,0,0,4,1,-1,1,1,32,6,-1,-1,-1,-1,2,E01009953,0,5
2025061604269,2025,061604269,1,9,0,-1,19,8,4,-1,0,1,0,0,0,0,1,1,-1,6,1,69,10,-1,-1,-1,-1,7,E01006087,0,1
2025061604287,2025,061604287,1,9,-1,-1,-1,-1,-1,-1,-1,0,-1,-1,-1,0,-1,9,-1,6,3,-1,-1,-1,-1,-1,-1,1,E01005203,0,1
2025061604288,2025,061604288,2,98,-1,-1,14,-1,-1,-1,0,0,0,0,0,0,-1,9,-1,6,3,-1,-1,-1,-1,-1,-1,-1,-1,0,-1
2025061604288,2025,061604288,1,9,0,-1,2,-1,-1,-1,0,0,0,0,0,0,-1,9,-1,6,3,57,9,-1,-1,-1,-1,9,E01006140,0,1
2025061604324,2025,061604324,1,9,0,-1,1,1,1,-1,0,0,0,0,0,0,2,2,-1,6,3,67,10,-1,-1,-1,-1,10,E01004808,0,1
2025061604411,2025,061604411,1,9,0,-1,19,-1,-1,-1,0,0,0,1,0,0,4,1,-1,6,2,23,5,-1,-1,-1,-1,-1,-1,0,-1
2025061604411,2025,061604411,2,9,0,-1,-1,-1,-1,-1,-1,0,-1,-1,-1,0,-1,2,-1,6,3,42,7,-1,-1,-1,-1,3,E01005524,0,2
2025061604526,2025,061604526,1,19,5,-1,2,7,3,-1,0,0,0,0,0,0,2,1,-1,6,1,61,9,-1,-1,-1,-1,1,E01006361,0,3
2025061604554,2025,061604554,2,9,0,-1,19,1,5,-1,0,1,0,0,0,0,2,1,-1,6,1,-1,-1,-1,-1,-1,-1,-1,-1,0,-1
2025061604554,2025,061604554,1,9,0,-1,19,1,5,-1,0,1,0,0,0,0,1,1,-1,6,1,28,6,-1,-1,-1,-1,1,E01034124,0,2
2025061604554,2025,061604554,3,9,0,-1,19,1,5,-1,0,1,0,0,0,0,2,1,-1,6,1,57,9,-1,-1,-1,-1,7,E01006182,0,1
2025061604562,2025,061604562,1,3,0,-1,19,1,3,-1,0,0,0,10,2,0,1,1,-1,9,1,40,7,-1,-1,-1,-1,1,E01005227,0,3
2025061604562,2025,061604562,2,9,0,-1,19,5,1,-1,0,0,0,0,0,0,0,1,-1,9,2,71,10,-1,-1,-1,-1,6,E01005625,0,1
2025061604567,2025,061604567,2,9,0,-1,4,-1,-1,-1,0,0,0,1,0,0,3,1,-1,6,3,-1,-1,-1,-1,-1,-1,-1,-1,0,-1
2025061604567,2025,061604567,1,9,0,-1,19,-1,-1,-1,0,0,0,1,0,0,4,1,-1,2,2,49,8,-1,-1,-1,-1,4,E01005126,0,3
2025061604584,2025,061604584,2,9,0,-1,19,4,8,-1,0,8,0,0,0,0,3,1,-1,6,2,39,7,-1,-1,-1,-1,7,E01006149,0,3
2025061604584,2025,061604584,1,9,0,-1,7,4,6,-1,0,8,0,0,0,0,1,1,-1,1,1,29,6,-1,-1,-1,-1,-1,-1,0,-1
2025061604681,2025,061604681,2,1,0,-1,19,3,7,-1,0,0,0,0,0,0,4,1,-1,6,1,10,2,-1,-1,-1,-1,1,E01006168,0,1
2025061604681,2025,061604681,1,9,0,-1,19,1,5,-1,0,0,0,0,0,0,3,1,-1,9,2,32,6,-1,-1,-1,-1,1,E01006168,0,1
2025061604789,2025,061604789,2,9,-1,-1,19,1,5,-1,0,8,0,0,0,0,1,9,-1,6,3,-1,-1,-1,-1,-1,-1,-1,-1,0,-1
2025061604789,2025,061604789,1,9,-1,-1,9,6,3,-1,0,8,0,0,0,0,4,9,-1,7,2,28,6,-1,-1,-1,-1,9,E01005848,0,1
2025061604968,2025,061604968,2,21,1,-1,7,7,6,-1,0,0,0,0,0,0,4,1,-1,1,1,53,8,-1,-1,-1,-1,6,E01006048,0,1
2025061604968,2025,061604968,1,9,0,-1,15,3,7,-1,0,0,0,0,1,0,1,1,-1,6,1,24,5,-1,-1,-1,-1,2,E01005366,0,3
2025061605078,2025,061605078,1,9,0,-1,9,4,2,-1,0,8,0,0,0,0,1,1,-1,6,2,31,6,-1,-1,-1,-1,1,E01006213,0,1
2025061605159,2025,061605159,1,9,0,-1,5,-1,-1,-1,0,0,0,0,0,0,2,1,-1,6,1,63,9,-1,-1,-1,-1,4,E01019730,0,3
2025061605159,2025,061605159,2,9,0,-1,5,-1,-1,-1,0,0,0,0,0,0,1,1,-1,6,3,-1,-1,-1,-1,-1,-1,-1,-1,0,-1
2025061605181,2025,061605181,2,9,0,-1,19,-1,-1,-1,0,1,9,99,0,0,4,1,-1,6,3,-1,-1,-1,-1,-1,-1,-1,-1,0,-1
2025061605181,2025,061605181,1,1,0,-1,19,-1,-1,-1,0,1,9,0,0,0,3,1,-1,2,1,31,6,-1,-1,-1,-1,2,E01033980,0,1
2025061605226,2025,061605226,2,9,0,-1,13,-1,-1,-1,0,8,0,0,0,0,4,1,-1,6,1,-1,-1,-1,-1,-1,-1,-1,-1,0,-1
2025061605226,2025,061605226,1,9,0,-1,19,-1,-1,-1,0,8,0,0,0,0,2,1,-1,6,2,47,8,-1,-1,-1,-1,1,E01005624,0,1
2025061605226,2025,061605226,3,9,0,-1,13,-1,-1,-1,0,8,0,0,0,0,3,1,-1,6,1,-1,-1,-1,-1,-1,-1,-1,-1,0,-1
2025061605227,2025,061605227,1,9,0,-1,19,3,3,-1,0,1,0,0,0,0,4,1,-1,6,1,44,7,-1,-1,-1,-1,9,E01004807,0,1
2025061605227,2025,061605227,2,1,0,-1,19,6,2,-1,0,8,0,0,0,0,2,1,-1,6,1,16,4,-1,-1,-1,-1,1,E01004926,0,1
2025061605378,2025,061605378,1,9,0,-1,19,5,3,-1,0,0,0,0,0,0,1,1,-1,6,1,39,7,-1,-1,-1,-1,5,E01007882,0,4
2025061605378,2025,061605378,3,9,0,-1,19,5,3,-1,0,0,0,0,0,0,2,1,-1,6,1,30,6,-1,-1,-1,-1,1,E01008061,0,4
2025061605378,2025,061605378,2,9,0,-1,19,5,3,-1,0,0,0,0,0,0,1,1,-1,6,1,26,6,-1,-1,-1,-1,5,E01033010,0,4
2025061605471,2025,061605471,3,9,0,-1,19,5,1,-1,0,0,0,0,0,0,1,1,-1,1,1,22,5,-1,-1,-1,-1,3,E01005686,0,4
2025061605471,2025,061605471,4,19,0,-1,19,5,1,-1,0,0,0,0,0,0,1,1,-1,1,1,59,9,-1,-1,-1,-1,1,E01012724,0,4
2025061605471,2025,061605471,1,9,0,-1,2,5,1,-1,0,0,0,0,0,0,0,1,-1,6,2,58,9,-1,-1,-1,-1,4,E01003301,0,5
2025061605471,2025,061605471,2,9,0,-1,19,5,1,-1,0,0,0,0,0,0,1,1,-1,1,1,43,7,-1,-1,-1,-1,1,E01006305,0,2
2025061605595,2025,061605595,2,9,0,-1,4,-1,-1,-1,0,0,0,1,0,0,1,1,-1,6,3,-1,-1,-1,-1,-1,-1,-1,-1,0,-1
2025061605595,2025,061605595,1,9,0,-1,2,-1,-1,-1,0,0,0,0,0,0,2,1,-1,6,1,44,7,-1,-1,-1,-1,4,E01005957,0,1
2025061605623,2025,061605623,1,9,0,-1,19,6,2,-1,0,1,0,0,0,0,1,2,-1,9,1,20,4,-1,-1,-1,-1,2,E01004966,0,1
2025061605623,2025,061605623,2,9,0,-1,4,6,2,-1,0,8,0,0,0,0,2,2,-1,9,2,56,9,-1,-1,-1,-1,4,E01004961,0,1
2025061605623,2025,061605623,3,9,0,-1,3,6,2,-1,0,2,0,0,0,0,2,2,-1,9,2,28,6,-1,-1,-1,-1,3,E01004964,0,1
2025061605659,2025,061605659,1,1,0,-1,19,6,2,-1,0,8,0,0,0,0,1,1,-1,1,1,23,5,-1,-1,-1,-1,1,E01005639,0,3
2025061605659,2025,061605659,2,9,0,-1,9,2,8,-1,0,8,0,0,0,0,2,1,-1,9,2,37,7,-1,-1,-1,-1,2,E01005974,0,2
2025061605720,2025,061605720,1,9,0,-1,19,8,4,-1,0,1,0,0,0,0,4,1,-1,9,1,20,4,-1,-1,-1,-1,2,E01005902,0,1
2025061605764,2025,061605764,1,9,0,-1,19,4,8,-1,0,0,0,0,0,0,4,1,-1,9,1,26,6,-1,-1,-1,-1,2,E01005326,0,1
2025061605768,2025,061605768,2,21,0,-1,19,2,6,-1,0,8,0,0,0,0,4,1,-1,1,2,33,6,-1,-1,-1,-1,3,E01018732,0,4
2025061605768,2025,061605768,1,9,0,-1,19,4,8,-1,0,8,0,0,0,0,1,1,-1,9,2,59,9,-1,-1,-1,-1,1,E01005919,0,1
2025061605779,2025,061605779,1,8,0,-1,19,3,7,-1,0,0,0,0,0,0,1,1,-1,1,1,47,8,-1,-1,-1,-1,1,E01005063,0,1
2025061605825,2025,061605825,2,8,0,-1,19,6,2,-1,0,4,0,0,0,0,4,1,-1,1,1,39,7,-1,-1,-1,-1,-1,-1,0,-1
2025061605825,2025,061605825,1,8,0,-1,19,8,4,-1,0,6,0,0,0,0,1,1,-1,1,2,29,6,-1,-1,-1,-1,1,E01006614,0,4
2025061605917,2025,061605917,1,1,0,-1,19,-1,-1,-1,0,0,1,0,0,0,1,1,-1,2,1,21,5,-1,-1,-1,-1,4,E01006399,0,1
2025061605917,2025,061605917,2,9,0,-1,9,-1,-1,-1,0,0,0,0,0,0,9,2,-1,6,1,-1,-1,-1,-1,-1,-1,3,E01006358,0,1
2025061605950,2025,061605950,2,9,0,-1,9,-1,-1,-1,99,9,0,99,0,0,4,1,-1,6,1,-1,-1,-1,-1,-1,-1,-1,-1,0,-1
2025061605950,2025,061605950,1,9,0,-1,19,-1,-1,-1,0,9,0,99,0,0,3,1,-1,6,2,37,7,-1,-1,-1,-1,7,E01005851,0,1
2025061605979,2025,061605979,1,19,0,-1,19,-1,-1,-1,0,1,1,0,0,0,4,1,-1,6,1,53,8,-1,-1,-1,-1,1,E01005287,0,1
2025061605979,2025,061605979,2,9,0,-1,13,-1,-1,-1,0,1,9,0,0,0,3,1,-1,6,1,-1,-1,-1,-1,-1,-1,8,E01007678,0,4
2025061605981,2025,061605981,1,1,0,-1,19,5,2,-1,9,0,0,0,0,0,1,1,-1,9,1,15,3,-1,-1,-1,-1,-1,-1,0,-1
2025061606006,2025,061606006,1,8,0,-1,5,5,5,-1,0,2,1,0,0,0,1,1,-1,1,1,35,6,-1,-1,-1,-1,2,E01006111,0,1
2025061606017,2025,061606017,1,3,0,-1,19,2,6,-1,0,0,0,0,0,0,4,1,-1,9,1,30,6,-1,-1,-1,-1,3,E01005478,0,1
2025061606017,2025,061606017,2,1,0,-1,19,4,8,-1,0,0,0,0,0,0,4,1,-1,6,2,6,2,-1,-1,-1,-1,3,E01005478,0,1
2025061606049,2025,061606049,1,9,0,-1,19,6,2,-1,0,2,0,0,0,0,4,1,-1,9,1,29,6,-1,-1,-1,-1,-1,-1,0,-1
2025061606049,2025,061606049,2,9,0,-1,19,6,2,-1,0,1,0,0,0,0,0,1,-1,1,1,48,8,-1,-1,-1,-1,-1,-1,0,-1
2025061606049,2025,061606049,3,9,0,-1,9,2,6,-1,0,1,0,0,0,0,4,1,-1,9,1,21,5,-1,-1,-1,-1,5,E01005269,0,1
2025061606049,2025,061606049,4,9,0,-1,19,2,6,-1,0,1,0,0,0,0,1,1,-1,1,1,-1,-1,-1,-1,-1,-1,-1,-1,0,-1
2025061606055,2025,061606055,1,8,0,-1,19,3,7,-1,0,8,0,0,0,0,3,1,-1,1,1,30,6,-1,-1,-1,-1,4,E01004831,0,1
2025061606058,2025,061606058,2,9,0,-1,19,8,4,-1,0,0,0,0,0,0,1,1,-1,9,1,25,5,-1,-1,-1,-1,2,E01005308,0,2
2025061606058,2025,061606058,1,1,0,-1,5,6,2,-1,0,0,0,0,0,0,4,1,-1,9,1,17,4,-1,-1,-1,-1,1,E01005130,0,1
2025061606069,2025,061606069,1,9,0,-1,19,0,2,-1,0,0,0,0,0,0,2,1,-1,6,1,33,6,-1,-1,-1,-1,-1,-1,0,-1
2025061606114,2025,061606114,2,9,0,-1,19,4,1,-1,0,1,0,0,1,0,1,1,-1,9,1,34,6,-1,-1,-1,-1,7,E01005016,0,3
2025061606114,2025,061606114,1,9,0,-1,19,1,4,-1,0,2,0,0,7,0,1,1,-1,9,1,29,6,-1,-1,-1,-1,1,E01004859,0,2
2025061606129,2025,061606129,1,-1,0,-1,7,1,4,-1,0,2,0,0,0,0,1,1,-1,9,2,16,4,-1,-1,-1,-1,1,E01004841,1,1
2025061606143,2025,061606143,1,9,0,-1,3,-1,-1,-1,0,0,0,0,0,0,2,1,-1,6,2,61,9,-1,-1,-1,-1,6,E01025078,0,4
2025061606143,2025,061606143,2,9,0,-1,3,-1,-1,-1,0,0,0,0,0,0,1,1,-1,6,3,-1,-1,-1,-1,-1,-1,-1,-1,0,-1
2025061606158,2025,061606158,2,1,0,-1,19,8,5,-1,2,1,0,0,0,0,1,1,-1,1,1,31,6,-1,-1,-1,-1,1,E01012646,0,4
2025061606158,2025,061606158,1,9,0,-1,9,5,2,-1,0,5,0,0,7,11,4,1,-1,9,1,54,8,-1,-1,-1,-1,2,E01033665,0,1
2025061606182,2025,061606182,1,9,0,-1,5,2,7,-1,0,1,0,0,0,0,1,1,-1,1,1,52,8,-1,-1,-1,-1,2,E01005027,0,1
2025061606235,2025,061606235,1,11,0,-1,4,-1,-1,-1,0,1,0,0,0,0,0,1,-1,1,1,34,6,-1,-1,-1,-1,7,E01005330,0,2
2025061606250,2025,061606250,2,9,0,-1,19,1,5,-1,0,8,0,0,0,0,4,1,-1,9,2,33,6,-1,-1,-1,-1,4,E01005025,0,1
2025061606250,2025,061606250,1,9,0,-1,19,7,7,-1,0,8,0,0,0,0,1,1,-1,9,2,47,8,-1,-1,-1,-1,3,E01005474,0,2
2025061606268,2025,061606268,2,5,0,-1,19,1,5,-1,0,0,0,0,0,0,4,1,-1,1,1,39,7,-1,-1,-1,-1,-1,-1,0,-1
2025061606268,2025,061606268,1,9,0,-1,5,3,7,-1,0,0,0,0,0,0,1,1,-1,6,1,54,8,-1,-1,-1,-1,4,E01033685,0,3
2025061606284,2025,061606284,2,9,0,-1,9,2,4,-1,0,5,0,0,0,0,3,1,-1,9,2,45,7,-1,-1,-1,-1,-1,-1,0,-1
2025061606284,2025,061606284,1,9,0,-1,15,2,2,-1,0,8,0,0,0,0,4,1,-1,8,1,-1,-1,-1,-1,-1,-1,-1,-1,0,-1
2025061606296,2025,061606296,2,19,0,-1,19,6,2,-1,0,0,0,0,1,0,3,1,-1,1,1,63,9,-1,-1,-1,-1,5,E01027835,0,5
2025061606296,2025,061606296,1,9,0,-1,19,6,1,-1,0,0,1,0,1,0,4,1,-1,9,2,39,7,-1,-1,-1,-1,1,E01005585,0,1
2025061606451,2025,061606451,1,9,0,-1,19,7,3,-1,0,0,0,0,7,4,1,1,-1,2,2,56,9,-1,-1,-1,-1,2,E01005122,0,1
2025061606560,2025,061606560,1,19,0,-1,9,8,1,-1,0,5,0,0,0,0,4,1,-1,1,1,24,5,-1,-1,-1,-1,-1,-1,0,-1
2025061606560,2025,061606560,2,1,0,-1,19,7,3,-1,0,1,0,0,0,0,1,1,-1,6,1,75,10,-1,-1,-1,-1,-1,-1,0,-1
2025061606583,2025,061606583,1,11,0,-1,4,-1,-1,-1,2,2,0,0,0,0,0,1,-1,1,2,54,8,-1,-1,-1,-1,3,E01005916,0,1
2025061606681,2025,061606681,2,9,0,-1,19,-1,-1,-1,0,1,0,99,0,0,9,1,-1,6,1,-1,-1,-1,-1,-1,-1,2,E01004867,0,1
2025061606681,2025,061606681,1,9,0,-1,2,-1,-1,-1,0,1,0,0,0,0,2,1,-1,2,2,32,6,-1,-1,-1,-1,2,E01004814,0,1
2025061606738,2025,061606738,2,9,0,-1,19,7,5,-1,0,1,0,0,0,0,0,1,-1,8,1,26,6,-1,-1,-1,-1,1,E01005202,0,1
2025061606738,2025,061606738,3,9,0,-1,19,6,1,-1,0,8,0,0,0,0,4,1,-1,6,1,60,9,-1,-1,-1,-1,-1,-1,0,-1
2025061606738,2025,061606738,1,9,0,-1,19,7,4,-1,0,5,0,0,0,0,1,1,-1,6,1,30,6,-1,-1,-1,-1,1,E01011673,0,4
2025061606738,2025,061606738,4,9,0,-1,19,2,3,-1,0,1,0,0,0,0,0,1,-1,6,1,41,7,-1,-1,-1,-1,-1,-1,0,-1
2025061606827,2025,061606827,1,9,0,-1,7,8,2,-1,0,2,1,0,0,0,1,1,-1,6,1,22,5,-1,-1,-1,-1,4,E01005346,0,1
2025061606827,2025,061606827,2,9,0,-1,13,6,2,-1,0,1,0,0,0,0,4,1,-1,6,2,42,7,-1,-1,-1,-1,3,E01005372,0,1
2025061607020,2025,061607020,2,9,0,-1,8,-1,-1,-1,0,0,0,99,7,99,4,1,-1,6,3,-1,-1,-1,-1,-1,-1,-1,-1,0,-1
2025061607020,2025,061607020,1,1,0,-1,19,-1,-1,-1,5,0,0,0,3,0,1,1,-1,2,2,30,6,-1,-1,-1,-1,6,E01033684,0,1
2025061607221,2025,061607221,1,1,0,-1,99,-1,-1,-1,4,9,0,0,0,0,4,1,-1,2,1,21,5,-1,-1,-1,-1,1,E01004948,0,1
2025061607221,2025,061607221,2,9,-1,-1,-1,-1,-1,-1,-1,-1,-1,-1,-1,0,-1,9,-1,6,3,-1,-1,-1,-1,-1,-1,-1,-1,0,-1
2025061607254,2025,061607254,7,9,0,-1,20,0,0,-1,0,8,0,0,0,0,2,9,-1,6,-1,-1,-1,-1,-1,-1,-1,-1,-1,0,-1
2025061607254,2025,061607254,5,9,0,-1,19,6,7,-1,0,8,0,0,0,0,0,9,-1,1,2,-1,-1,-1,-1,-1,-1,-1,-1,0,-1
2025061607254,2025,061607254,2,9,0,-1,2,0,0,-1,0,8,0,0,0,0,1,9,-1,1,1,-1,-1,-1,-1,-1,-1,-1,-1,0,-1
2025061607254,2025,061607254,6,9,0,-1,20,0,0,-1,0,8,0,0,0,0,2,9,-1,6,-1,-1,-1,-1,-1,-1,-1,-1,-1,0,-1
2025061607254,2025,061607254,4,98,0,-1,2,0,0,-1,0,8,0,0,0,0,4,9,-1,6,-1,-1,-1,-1,-1,-1,-1,-1,-1,0,-1
2025061607254,2025,061607254,1,98,0,-1,1,6,3,-1,0,8,0,0,0,0,2,9,-1,6,1,-1,-1,-1,-1,-1,-1,-1,-1,0,-1
2025061607254,2025,061607254,3,98,0,-1,4,6,2,-1,0,8,0,0,0,0,1,9,-1,1,1,-1,-1,-1,-1,-1,-1,-1,-1,0,-1
2025061607257,2025,061607257,2,1,0,-1,19,-1,-1,-1,0,0,5,0,1,0,1,1,-1,2,1,33,6,-1,-1,-1,-1,2,E01005279,0,2
2025061607257,2025,061607257,1,9,0,-1,9,-1,-1,-1,0,0,0,0,7,0,4,1,-1,6,3,-1,-1,-1,-1,-1,-1,-1,-1,0,-1
2025061607269,2025,061607269,1,3,0,-1,19,-1,-1,-1,0,8,1,0,0,0,3,1,-1,6,1,18,4,-1,-1,-1,-1,2,E01005514,0,1
2025061607269,2025,061607269,2,8,0,-1,7,-1,-1,-1,99,2,0,0,0,0,0,1,-1,6,3,-1,-1,-1,-1,-1,-1,-1,-1,0,-1
2025061607277,2025,061607277,1,8,0,-1,10,-1,-1,-1,0,0,0,0,0,0,2,1,-1,1,1,47,8,-1,-1,-1,-1,1,E01005264,0,2
2025061607277,2025,061607277,2,9,0,-1,10,-1,-1,-1,0,0,0,0,0,0,3,1,-1,6,3,-1,-1,-1,-1,-1,-1,-1,-1,0,-1
2025061607309,2025,061607309,1,9,-1,-1,-1,-1,-1,-1,-1,-1,-1,-1,-1,0,-1,9,-1,6,3,-1,-1,-1,-1,-1,-1,-1,-1,0,-1
2025061607505,2025,061607505,1,9,0,-1,19,1,5,-1,0,1,0,0,0,0,3,1,-1,6,2,63,9,-1,-1,-1,-1,3,E01005316,0,2
2025061607505,2025,061607505,2,9,0,-1,19,7,3,-1,0,1,0,0,0,0,1,1,-1,6,1,44,7,-1,-1,-1,-1,4,E01005300,0,1
2025061607507,2025,061607507,1,9,0,-1,19,3,7,-1,0,1,1,0,0,0,1,1,-1,6,1,27,6,-1,-1,-1,-1,1,E01024878,0,4
2025061607507,2025,061607507,2,9,0,-1,19,3,7,-1,0,1,1,0,0,0,2,1,-1,9,2,42,7,-1,-1,-1,-1,1,E01005061,0,1
2025061607515,2025,061607515,1,9,0,-1,1,2,8,-1,0,0,0,0,3,11,1,1,-1,9,2,38,7,-1,-1,-1,-1,3,E01006126,0,3
2025061607516,2025,061607516,4,9,0,-1,3,7,3,-1,0,0,0,0,0,0,2,1,-1,9,2,47,8,-1,-1,-1,-1,10,E01005739,0,1
2025061607516,2025,061607516,2,9,0,-1,3,7,3,-1,0,0,0,0,0,0,2,1,-1,9,2,30,6,-1,-1,-1,-1,1,E01005703,0,1
2025061607516,2025,061607516,3,9,0,-1,3,7,3,-1,0,0,0,0,0,0,2,1,-1,9,1,42,7,-1,-1,-1,-1,7,E01006379,0,1
2025061607516,2025,061607516,1,9,0,-1,19,7,3,-1,0,0,0,0,0,0,1,1,-1,9,1,41,7,-1,-1,-1,-1,2,E01005702,0,1
2025061607716,2025,061607716,1,9,0,-1,5,-1,-1,-1,0,0,0,0,1,0,4,1,-1,2,2,18,4,-1,-1,-1,-1,10,E01004952,0,2
2025061607716,2025,061607716,2,19,0,-1,19,-1,-1,-1,0,0,0,0,0,0,3,1,-1,6,3,-1,-1,-1,-1,-1,-1,-1,-1,0,-1
2025061607747,2025,061607747,2,9,0,-1,19,1,1,-1,0,3,0,0,0,0,1,9,-1,1,1,41,7,-1,-1,-1,-1,4,E01004767,0,1
2025061607747,2025,061607747,1,9,0,-1,9,1,1,-1,0,3,1,0,1,11,1,9,-1,6,1,22,5,-1,-1,-1,-1,2,E01011028,0,4
2025061607747,2025,061607747,3,9,0,-1,19,1,1,-1,0,3,0,0,0,0,1,9,-1,1,1,30,6,-1,-1,-1,-1,-1,-1,0,-1
2025061607775,2025,061607775,2,1,0,-1,19,5,4,-1,0,1,2,0,0,0,1,1,-1,2,1,36,7,-1,-1,-1,-1,7,E01018623,0,3
2025061607775,2025,061607775,1,9,0,-1,5,8,7,-1,0,6,0,0,0,0,1,1,-1,2,1,52,8,-1,-1,-1,-1,8,E01005776,0,1
2025061607811,2025,061607811,1,9,0,-1,-1,-1,-1,-1,-1,-1,-1,-1,-1,0,-1,2,-1,6,1,80,11,-1,-1,-1,-1,8,E01005049,0,1
2025061607826,2025,061607826,1,9,0,-1,19,7,3,-1,0,1,0,0,0,0,1,1,-1,6,1,33,6,-1,-1,-1,-1,-1,-1,0,-1
2025061607826,2025,061607826,3,9,0,-1,19,3,7,-1,0,2,0,0,0,0,1,1,-1,6,2,28,6,-1,-1,-1,-1,2,E01004815,0,1
2025061607826,2025,061607826,2,9,0,-1,19,3,7,-1,0,2,0,0,0,0,1,1,-1,6,2,29,6,-1,-1,-1,-1,2,E01004772,0,2
2025061607838,2025,061607838,1,19,0,-1,5,4,2,-1,0,6,0,0,7,0,1,1,-1,2,1,53,8,-1,-1,-1,-1,5,E01004779,0,1
2025061607880,2025,061607880,1,19,-1,-1,-1,-1,-1,-1,-1,0,-1,-1,-1,0,-1,9,-1,1,1,-1,-1,-1,-1,-1,-1,-1,-1,0,-1
2025061607880,2025,061607880,2,9,-1,-1,19,3,7,-1,0,0,0,0,0,0,4,9,-1,6,1,33,6,-1,-1,-1,-1,1,E01005239,0,1