collision_index,collision_year,collision_ref_no,vehicle_reference,vehicle_type,towing_and_articulation,vehicle_manoeuvre_historic,vehicle_manoeuvre,vehicle_direction_from,vehicle_direction_to,vehicle_location_restricted_lane_historic,vehicle_location_restricted_lane,junction_location,skidding_and_overturning,hit_object_in_carriageway,vehicle_leaving_carriageway,hit_object_off_carriageway,first_point_of_impact,vehicle_left_hand_drive,journey_purpose_of_driver_historic,journey_purpose_of_driver,sex_of_driver,age_of_driver,age_band_of_driver,engine_capacity_cc,propulsion_code,age_of_vehicle,generic_make_model,driver_imd_decile,lsoa_of_driver,escooter_flag,driver_distance_banding
2025070029730,2025,070029730,2,9,5,-1,19,7,3,-1,0,1,0,0,0,0,4,1,-1,9,2,27,6,-1,-1,-1,-1,1,E01012533,0,1
2025070029730,2025,070029730,1,9,0,-1,10,1,2,-1,0,1,0,0,0,0,1,1,-1,6,1,55,8,-1,-1,-1,-1,2,E01012534,0,1
2025070032586,2025,070032586,1,9,0,-1,19,8,4,-1,0,0,0,0,7,11,1,1,-1,9,2,61,9,-1,-1,-1,-1,7,E01018372,0,3
2025070033409,2025,070033409,1,19,0,-1,7,1,5,-1,0,5,0,0,0,0,1,1,-1,2,1,24,5,-1,-1,-1,-1,1,E01006872,0,3
2025070033409,2025,070033409,2,3,0,-1,19,7,3,-1,0,2,0,0,0,0,3,1,-1,9,1,18,4,-1,-1,-1,-1,2,E01012482,0,1
2025070034526,2025,070034526,1,19,0,-1,13,3,7,-1,0,1,0,0,0,0,1,1,-1,6,3,0,1,-1,-1,-1,-1,-1,-1,0,-1
2025070034526,2025,070034526,2,9,0,-1,5,5,7,-1,0,2,0,0,0,0,4,1,-1,6,2,35,6,-1,-1,-1,-1,10,E01018321,0,1
2025070035862,2025,070035862,1,9,0,-1,19,4,8,-1,0,6,0,0,7,0,1,1,-1,2,1,43,7,-1,-1,-1,-1,8,E01012385,0,3
2025070035862,2025,070035862,2,9,0,-1,19,7,3,-1,0,1,0,0,0,0,1,1,-1,6,1,78,11,-1,-1,-1,-1,10,E01012553,0,1
2025070036060,2025,070036060,2,9,9,-1,99,7,6,-1,0,4,9,99,9,99,9,9,-1,6,3,-1,-1,-1,-1,-1,-1,-1,-1,0,-1
2025070036060,2025,070036060,1,9,9,-1,99,7,6,-1,0,4,9,99,9,99,2,9,-1,6,2,84,11,-1,-1,-1,-1,8,E01018469,0,1
2025070036616,2025,070036616,1,9,0,-1,9,5,1,-1,0,8,0,0,0,0,1,1,-1,6,2,40,7,-1,-1,-1,-1,7,W01000331,0,3
2025070036616,2025,070036616,2,9,0,-1,19,1,5,-1,0,8,0,0,0,0,1,1,-1,6,1,47,8,-1,-1,-1,-1,6,-1,0,5
2025070037287,2025,070037287,1,9,0,-1,4,5,1,-1,0,8,0,0,3,0,1,1,-1,2,1,55,8,-1,-1,-1,-1,-1,-1,0,-1
2025070037287,2025,070037287,2,1,0,-1,19,7,3,-1,0,1,0,0,0,0,2,1,-1,2,1,52,8,-1,-1,-1,-1,3,E01012390,0,1
2025070037307,2025,070037307,1,21,1,-1,11,3,6,-1,0,1,0,0,0,0,4,1,-1,1,1,59,9,-1,-1,-1,-1,1,E01027819,0,5
2025070037307,2025,070037307,2,9,0,-1,19,3,7,-1,0,1,0,0,0,0,3,1,-1,6,1,29,6,-1,-1,-1,-1,3,E01004777,0,3
2025070037692,2025,070037692,1,9,0,-1,19,9,9,-1,0,0,0,0,0,0,9,1,-1,6,2,-1,-1,-1,-1,-1,-1,10,E01018583,0,1
2025070037692,2025,070037692,2,9,0,-1,2,0,0,-1,0,0,0,0,0,0,-1,1,-1,6,1,36,7,-1,-1,-1,-1,10,E01018584,0,1
2025070038695,2025,070038695,1,9,9,-1,19,9,9,-1,99,0,9,0,9,0,2,1,-1,6,3,-1,-1,-1,-1,-1,-1,-1,-1,0,-1
2025070038695,2025,070038695,2,9,0,-1,19,9,9,-1,0,0,0,0,0,0,1,1,-1,6,2,18,4,-1,-1,-1,-1,9,E01018655,0,2
2025070039030,2025,070039030,3,9,0,-1,19,1,5,-1,0,8,0,0,1,1,1,1,-1,9,1,80,11,-1,-1,-1,-1,5,E01018308,0,1
2025070039030,2025,070039030,1,19,0,-1,4,5,1,-1,0,1,0,0,0,0,1,1,-1,1,1,51,8,-1,-1,-1,-1,2,E01029543,0,4
2025070039030,2025,070039030,2,9,0,-1,10,5,1,-1,0,1,0,0,0,0,2,1,-1,6,2,23,5,-1,-1,-1,-1,7,E01018371,0,3
2025070039344,2025,070039344,1,9,0,-1,9,2,2,-1,0,5,0,0,0,0,3,1,-1,7,2,25,5,-1,-1,-1,-1,10,E01018530,0,1
2025070039344,2025,070039344,2,9,0,-1,19,2,4,-1,0,8,0,0,0,0,4,1,-1,9,1,46,8,-1,-1,-1,-1,1,E01005349,0,4
2025070039422,2025,070039422,1,9,0,-1,13,7,3,-1,0,8,0,0,0,0,1,1,-1,6,2,31,6,-1,-1,-1,-1,6,E01018352,0,3
2025070039422,2025,070039422,2,1,0,-1,9,7,3,-1,0,1,0,0,0,0,2,1,-1,6,2,59,9,-1,-1,-1,-1,9,E01018531,0,1
2025070039458,2025,070039458,1,9,0,-1,19,7,3,-1,0,0,0,0,7,3,1,1,-1,9,1,92,11,-1,-1,-1,-1,8,E01018677,0,1
2025070040992,2025,070040992,1,8,0,-1,7,5,3,-1,0,1,0,0,0,0,1,1,-1,6,1,-1,-1,-1,-1,-1,-1,-1,-1,0,-1
2025070041253,2025,070041253,1,21,2,-1,5,3,7,-1,0,1,0,0,0,0,1,1,-1,1,1,48,8,-1,-1,-1,-1,2,E01006868,0,2
2025070041642,2025,070041642,2,1,0,-1,9,6,2,-1,0,1,5,0,0,0,1,-1,-1,2,1,55,8,-1,-1,-1,-1,8,E01018363,0,1
2025070041642,2025,070041642,1,9,0,-1,9,2,6,-1,0,1,0,0,0,0,1,1,-1,6,1,82,11,-1,-1,-1,-1,8,E01018363,0,1
2025070041711,2025,070041711,1,9,0,-1,10,7,3,-1,0,6,0,0,0,0,1,1,-1,9,2,43,7,-1,-1,-1,-1,9,E01012549,0,1
2025070041711,2025,070041711,2,9,0,-1,19,5,1,-1,0,8,0,0,0,0,4,1,-1,9,2,38,7,-1,-1,-1,-1,2,E01012545,0,1
2025070041789,2025,070041789,1,9,0,-1,4,4,8,-1,0,0,0,0,0,0,1,1,-1,2,1,21,5,-1,-1,-1,-1,8,E01005784,0,2
2025070041789,2025,070041789,2,9,0,-1,4,4,8,-1,0,0,0,0,0,0,2,1,-1,2,1,64,9,-1,-1,-1,-1,5,E01005304,0,3
2025070041789,2025,070041789,3,8,0,-1,4,4,8,-1,0,0,0,0,0,0,2,1,-1,1,1,35,6,-1,-1,-1,-1,2,E01005233,0,3
2025070043097,2025,070043097,1,9,0,-1,9,5,7,-1,0,6,0,0,0,0,1,1,-1,2,1,47,8,-1,-1,-1,-1,2,E01012388,0,1
2025070043097,2025,070043097,2,1,0,-1,19,7,3,-1,0,1,0,0,0,0,4,1,-1,6,2,61,9,-1,-1,-1,-1,8,E01012389,0,1
2025070043964,2025,070043964,1,19,0,-1,19,7,3,-1,0,1,0,0,1,11,1,1,-1,1,1,47,8,-1,-1,-1,-1,-1,-1,0,-1
2025070044288,2025,070044288,1,9,9,-1,9,1,7,-1,0,6,0,0,0,0,1,1,-1,6,2,-1,-1,-1,-1,-1,-1,-1,-1,0,-1
2025070044288,2025,070044288,2,1,0,-1,19,7,3,-1,0,1,0,0,0,0,4,1,-1,6,1,27,6,-1,-1,-1,-1,7,E01018432,0,1
2025070045477,2025,070045477,2,9,0,-1,12,3,7,-1,0,9,0,0,0,0,2,1,-1,9,2,22,5,-1,-1,-1,-1,1,E01018740,0,2
2025070045477,2025,070045477,1,9,0,-1,19,3,7,-1,0,9,0,0,0,0,1,9,-1,6,1,-1,-1,-1,-1,-1,-1,9,E01018692,0,2
2025070046589,2025,070046589,1,9,0,-1,4,5,1,-1,0,0,9,0,0,0,1,1,-1,6,1,-1,-1,-1,-1,-1,-1,-1,-1,0,-1
2025070046589,2025,070046589,2,9,0,-1,4,5,1,-1,0,0,0,0,0,0,2,1,-1,6,1,22,5,-1,-1,-1,-1,7,E01018412,0,3
2025070047528,2025,070047528,1,9,0,-1,13,2,6,-1,0,8,0,0,0,0,4,1,-1,6,2,47,8,-1,-1,-1,-1,3,E01018552,0,1
2025070047528,2025,070047528,2,1,0,-1,9,2,6,-1,0,8,0,99,0,99,3,1,-1,9,1,39,7,-1,-1,-1,-1,2,E01035365,0,1
2025070047554,2025,070047554,1,9,0,-1,19,2,5,-1,0,2,0,0,0,0,3,1,-1,9,2,52,8,-1,-1,-1,-1,3,E01018446,0,1
2025070047613,2025,070047613,1,9,0,-1,19,5,1,-1,0,-1,1,12,0,0,1,1,-1,2,2,20,4,-1,-1,-1,-1,9,E01018723,0,1
2025070047613,2025,070047613,2,9,0,-1,2,0,0,-1,9,8,0,0,0,0,2,1,-1,6,3,23,5,-1,-1,-1,-1,7,E01018725,0,1
2025070047915,2025,070047915,1,9,0,-1,19,1,7,-1,0,1,0,10,0,0,1,1,-1,6,1,18,4,-1,-1,-1,-1,10,E01018389,0,2
2025070048549,2025,070048549,1,9,0,-1,19,3,7,-1,0,0,0,10,2,2,4,1,-1,6,1,20,4,-1,-1,-1,-1,8,E01012462,0,1
2025070049090,2025,070049090,1,9,0,-1,19,7,3,-1,0,1,1,10,7,11,1,1,-1,9,1,23,5,-1,-1,-1,-1,7,E01018540,0,1
2025070049139,2025,070049139,1,9,0,-1,9,4,8,-1,0,1,0,0,0,0,3,1,-1,6,2,54,8,-1,-1,-1,-1,10,E01018690,0,1
2025070049139,2025,070049139,2,4,0,-1,14,4,8,-1,0,1,5,0,0,0,1,1,-1,6,1,57,9,-1,-1,-1,-1,9,E01018568,0,2
2025070049263,2025,070049263,1,9,0,-1,5,1,1,-1,9,5,0,0,9,11,1,2,-1,9,2,67,10,-1,-1,-1,-1,6,E01012423,0,1
2025070049608,2025,070049608,1,9,0,-1,5,6,2,-1,0,3,0,0,0,0,4,1,-1,9,1,42,7,-1,-1,-1,-1,10,E01018471,0,1
2025070049943,2025,070049943,2,9,0,-1,4,5,5,-1,0,0,0,0,0,0,2,1,-1,9,1,58,9,-1,-1,-1,-1,9,E01023565,0,5
2025070049943,2025,070049943,1,19,0,-1,19,5,5,-1,0,0,0,0,0,0,1,1,-1,6,3,-1,-1,-1,-1,-1,-1,-1,-1,0,-1
2025070051199,2025,070051199,1,19,0,-1,19,1,5,-1,0,2,0,0,0,0,0,1,-1,9,1,36,7,-1,-1,-1,-1,8,E01005043,0,4
2025070052053,2025,070052053,2,9,0,-1,10,1,5,-1,0,2,0,0,0,0,0,1,-1,6,1,39,7,-1,-1,-1,-1,4,E01032931,0,1
2025070052053,2025,070052053,1,1,0,-1,8,1,5,-1,0,2,0,0,0,1,4,1,-1,6,2,38,7,-1,-1,-1,-1,4,E01032931,0,1
2025070052146,2025,070052146,1,9,0,-1,19,5,3,-1,0,3,0,0,0,0,3,1,-1,9,1,50,8,-1,-1,-1,-1,1,E01012424,0,1
2025070052618,2025,070052618,2,9,0,-1,19,8,6,-1,0,1,0,0,0,0,1,1,-1,6,1,23,5,-1,-1,-1,-1,10,W01000286,0,3
2025070052618,2025,070052618,1,9,0,-1,3,1,1,-1,0,1,0,0,0,0,1,1,-1,6,1,35,6,-1,-1,-1,-1,8,W01000256,0,3
2025070052927,2025,070052927,1,19,0,-1,9,6,3,-1,0,1,0,0,0,1,1,1,-1,9,1,63,9,-1,-1,-1,-1,9,E01018560,0,1
2025070052927,2025,070052927,2,9,0,-1,19,2,6,-1,0,8,0,0,0,0,1,1,-1,6,2,23,5,-1,-1,-1,-1,3,E01007137,0,2
2025070053501,2025,070053501,1,9,0,-1,4,6,2,-1,0,1,0,0,0,0,1,9,-1,6,2,0,1,-1,-1,-1,-1,-1,-1,0,-1
2025070053501,2025,070053501,2,9,0,-1,3,4,2,-1,0,1,0,0,0,0,2,1,-1,2,2,21,5,-1,-1,-1,-1,-1,-1,0,-1
2025070053556,2025,070053556,2,21,1,-1,19,5,1,-1,0,0,0,0,0,0,3,1,-1,1,1,28,6,-1,-1,-1,-1,-1,-1,0,-1
2025070053556,2025,070053556,1,9,0,-1,19,5,1,-1,0,0,1,0,0,6,4,1,-1,9,2,21,5,-1,-1,-1,-1,2,E01005471,0,4
2025070055057,2025,070055057,1,99,9,-1,99,9,9,-1,0,8,-1,-1,-1,0,9,9,-1,6,3,-1,-1,-1,-1,-1,-1,-1,-1,0,-1
2025070055707,2025,070055707,1,9,0,-1,11,5,1,-1,0,0,0,0,1,2,1,1,-1,9,1,78,11,-1,-1,-1,-1,1,E01006903,0,2
2025070055818,2025,070055818,1,9,0,-1,19,3,7,-1,0,0,9,0,0,0,1,1,-1,6,1,25,5,-1,-1,-1,-1,9,E01018375,0,4
2025070055818,2025,070055818,2,9,0,-1,4,3,7,-1,0,0,0,0,0,0,2,1,-1,6,1,35,6,-1,-1,-1,-1,7,E01035371,0,2
2025070056871,2025,070056871,2,1,0,-1,9,7,5,-1,0,3,0,0,0,0,0,1,-1,6,2,36,7,-1,-1,-1,-1,3,E01018497,0,1
2025070056871,2025,070056871,1,9,0,-1,19,3,7,-1,0,4,0,0,0,0,0,9,-1,6,1,51,8,-1,-1,-1,-1,7,E01018433,0,2
2025070058133,2025,070058133,2,19,0,-1,19,1,1,-1,0,0,0,0,0,0,2,1,-1,6,1,36,7,-1,-1,-1,-1,7,E01006829,0,3
2025070058133,2025,070058133,1,19,0,-1,19,1,1,-1,0,0,0,0,0,0,1,1,-1,6,1,69,10,-1,-1,-1,-1,5,W01000452,0,5
2025070058838,2025,070058838,1,1,0,-1,19,4,8,-1,0,0,0,0,0,0,3,-1,-1,6,1,25,5,-1,-1,-1,-1,6,E01006208,0,3
2025070058838,2025,070058838,2,9,9,-1,19,8,4,-1,0,0,1,0,0,0,1,-1,-1,6,3,-1,-1,-1,-1,-1,-1,-1,-1,0,-1
2025070059918,2025,070059918,1,9,0,-1,19,1,5,-1,0,0,0,0,0,0,4,9,-1,6,3,-1,-1,-1,-1,-1,-1,-1,-1,0,-1
2025070061580,2025,070061580,1,9,0,-1,19,5,1,-1,0,0,0,0,0,0,1,1,-1,9,1,76,11,-1,-1,-1,-1,5,E01034676,0,1
2025070061580,2025,070061580,2,9,0,-1,19,1,5,-1,0,0,0,0,0,0,1,1,-1,9,2,28,6,-1,-1,-1,-1,5,E01034676,0,1
2025070061689,2025,070061689,1,8,0,-1,15,7,5,-1,9,3,0,10,1,0,1,1,-1,1,1,82,11,-1,-1,-1,-1,9,E01005855,0,2
2025070061766,2025,070061766,2,1,0,-1,19,8,8,-1,0,1,0,0,0,0,1,1,-1,6,1,24,5,-1,-1,-1,-1,9,E01018473,0,1
2025070061766,2025,070061766,1,9,0,-1,19,4,4,-1,0,2,0,0,0,0,1,1,-1,9,2,60,9,-1,-1,-1,-1,10,E01018408,0,3
2025070061817,2025,070061817,1,8,0,-1,19,7,3,-1,0,8,1,10,0,0,3,1,-1,1,1,34,6,-1,-1,-1,-1,1,E01005766,0,2
2025070061817,2025,070061817,2,9,0,-1,19,1,5,-1,0,8,0,0,0,0,1,1,-1,6,1,44,7,-1,-1,-1,-1,6,E01018612,0,1
2025070061824,2025,070061824,1,9,0,-1,7,1,5,-1,0,4,0,10,1,2,1,1,-1,9,1,89,11,-1,-1,-1,-1,5,E01018418,0,2
2025070062239,2025,070062239,1,9,0,-1,9,8,2,-1,0,8,0,0,0,0,1,9,-1,6,3,-1,-1,-1,-1,-1,-1,-1,-1,0,-1
2025070063751,2025,070063751,1,9,0,-1,10,7,3,-1,0,1,0,0,0,0,1,1,-1,9,1,64,9,-1,-1,-1,-1,8,E01018440,0,1
2025070063751,2025,070063751,2,9,0,-1,19,3,7,-1,0,1,0,0,0,0,1,2,-1,9,2,63,9,-1,-1,-1,-1,6,E01034668,0,1
2025070064121,2025,070064121,3,9,0,-1,8,3,5,-1,0,4,0,0,0,0,3,1,-1,9,2,45,7,-1,-1,-1,-1,9,E01012531,0,1
2025070064121,2025,070064121,1,9,0,-1,19,1,5,-1,0,4,0,0,0,0,1,1,-1,9,2,78,11,-1,-1,-1,-1,7,E01012561,0,1
2025070064121,2025,070064121,2,9,0,-1,9,5,3,-1,0,8,5,0,0,0,4,1,-1,9,1,26,6,-1,-1,-1,-1,2,E01012570,0,1
2025070064689,2025,070064689,2,9,0,-1,2,0,0,-1,0,8,0,0,0,0,0,1,-1,6,3,-1,-1,-1,-1,-1,-1,-1,-1,0,-1
2025070064689,2025,070064689,3,9,0,-1,19,1,5,-1,0,8,0,0,0,0,1,1,-1,2,1,53,8,-1,-1,-1,-1,1,E01018521,0,1
2025070064689,2025,070064689,1,9,0,-1,2,0,0,-1,0,8,0,0,0,0,2,1,-1,6,1,53,8,-1,-1,-1,-1,8,E01018323,0,3
2025070064969,2025,070064969,2,9,0,-1,19,1,5,-1,0,8,0,0,0,0,1,1,-1,9,2,28,6,-1,-1,-1,-1,6,E01018421,0,1
2025070064969,2025,070064969,1,9,0,-1,19,5,1,-1,0,8,0,0,0,0,1,1,-1,9,2,55,8,-1,-1,-1,-1,4,E01018396,0,3
2025070065076,2025,070065076,2,9,0,-1,13,1,5,-1,0,1,5,10,0,0,2,1,-1,6,1,18,4,-1,-1,-1,-1,-1,-1,0,-1
2025070065076,2025,070065076,1,9,0,-1,13,4,8,-1,0,8,0,0,0,0,4,1,-1,1,1,17,4,-1,-1,-1,-1,-1,-1,0,-1
2025070065076,2025,070065076,3,9,0,-1,4,4,8,-1,0,8,0,0,0,0,1,1,-1,2,1,39,7,-1,-1,-1,-1,-1,-1,0,-1
2025070066053,2025,070066053,1,9,0,-1,19,5,1,-1,0,4,0,0,7,2,1,1,-1,6,2,46,8,-1,-1,-1,-1,8,E01018458,0,3
2025070066392,2025,070066392,1,9,0,-1,19,5,1,-1,0,4,0,0,0,0,1,1,-1,6,1,22,5,-1,-1,-1,-1,9,W01000299,0,4
2025070066392,2025,070066392,2,9,0,-1,3,5,1,-1,0,4,0,0,0,0,2,1,-1,6,2,61,9,-1,-1,-1,-1,6,E01018682,0,3
2025070066722,2025,070066722,2,1,0,-1,10,7,3,-1,0,1,0,0,0,0,1,1,-1,9,2,69,10,-1,-1,-1,-1,5,E01018308,0,1
2025070066722,2025,070066722,1,9,0,-1,9,5,7,-1,0,5,0,0,0,0,1,1,-1,9,2,80,11,-1,-1,-1,-1,5,E01018308,0,1
2025070067365,2025,070067365,1,8,0,-1,9,7,1,-1,0,8,0,0,0,0,1,1,-1,1,1,52,8,-1,-1,-1,-1,9,E01012562,0,1
2025070067385,2025,070067385,2,1,0,-1,19,7,7,-1,0,0,0,0,1,0,4,1,-1,9,1,33,6,-1,-1,-1,-1,9,E01029767,0,3
2025070067385,2025,070067385,1,19,0,-1,15,7,7,-1,0,0,5,0,0,0,4,1,-1,6,1,32,6,-1,-1,-1,-1,-1,-1,0,-1
2025070067463,2025,070067463,2,9,0,-1,10,3,1,-1,0,1,0,0,0,0,2,9,-1,6,3,-1,-1,-1,-1,-1,-1,-1,-1,0,-1
2025070067463,2025,070067463,1,11,0,-1,4,3,7,-1,0,1,0,0,0,0,1,1,-1,9,3,-1,-1,-1,-1,-1,-1,-1,-1,0,-1
2025070068587,2025,070068587,1,9,0,-1,19,7,3,-1,0,0,1,0,1,7,1,2,-1,9,1,51,8,-1,-1,-1,-1,4,E01018726,0,2
2025070069390,2025,070069390,1,1,0,-1,19,7,3,-1,0,0,0,0,0,0,1,1,-1,6,2,23,5,-1,-1,-1,-1,5,E01018483,0,1
2025070069390,2025,070069390,2,9,0,-1,5,7,3,-1,0,0,0,0,0,0,3,1,-1,6,1,-1,-1,-1,-1,-1,-1,-1,-1,0,-1
2025070070504,2025,070070504,1,9,0,-1,19,1,5,-1,0,0,0,0,0,0,1,1,-1,9,2,57,9,-1,-1,-1,-1,10,E01018705,0,1
2025070074095,2025,070074095,1,9,0,-1,19,4,8,-1,0,1,0,0,0,0,3,1,-1,9,1,93,11,-1,-1,-1,-1,6,E01018336,0,2
2025070075225,2025,070075225,1,19,-1,-1,19,8,4,-1,0,1,0,0,0,0,9,1,-1,6,3,0,1,-1,-1,-1,-1,-1,-1,0,-1
2025070076264,2025,070076264,2,9,0,-1,19,5,1,-1,0,8,0,0,0,0,0,1,-1,9,1,20,4,-1,-1,-1,-1,9,E01018560,0,2
2025070076264,2025,070076264,1,9,0,-1,9,7,3,-1,0,8,0,0,0,0,0,1,-1,8,1,33,6,-1,-1,-1,-1,9,E01018737,0,4
2025070077253,2025,070077253,2,9,0,-1,19,5,1,-1,0,0,0,0,0,0,1,1,-1,9,2,47,8,-1,-1,-1,-1,-1,-1,0,-1
2025070077253,2025,070077253,1,5,0,-1,7,3,7,-1,0,0,1,0,7,0,4,1,-1,9,1,43,7,-1,-1,-1,-1,9,E01018431,0,1
2025070078465,2025,070078465,2,9,0,-1,19,6,2,-1,0,8,0,0,0,0,1,1,-1,9,1,43,7,-1,-1,-1,-1,9,E01012375,0,1
2025070078465,2025,070078465,1,9,0,-1,19,8,8,-1,0,8,0,0,0,0,1,1,-1,8,1,31,6,-1,-1,-1,-1,8,E01012532,0,2
2025070079566,2025,070079566,2,9,0,-1,19,5,1,-1,0,0,0,0,0,0,1,1,-1,9,2,39,7,-1,-1,-1,-1,8,E01012495,0,1
2025070079566,2025,070079566,1,9,0,-1,12,1,5,-1,0,0,0,0,0,0,1,1,-1,6,1,64,9,-1,-1,-1,-1,3,E01005363,0,4
2025070079829,2025,070079829,1,9,0,-1,19,6,2,-1,0,1,0,0,0,0,1,1,-1,6,1,31,6,-1,-1,-1,-1,2,E01018716,0,1
2025070081530,2025,070081530,2,9,0,-1,9,5,1,-1,0,0,0,0,0,0,3,1,-1,9,2,34,6,-1,-1,-1,-1,7,E01005170,0,4
2025070081530,2025,070081530,1,9,0,-1,7,1,5,-1,0,0,0,0,0,0,1,1,-1,9,1,82,11,-1,-1,-1,-1,5,E01018689,0,1
2025070084014,2025,070084014,1,9,0,-1,14,8,8,-1,0,1,0,0,0,0,3,1,-1,6,2,20,4,-1,-1,-1,-1,-1,-1,0,-1
2025070084014,2025,070084014,2,9,0,-1,3,4,4,-1,0,6,0,0,0,0,3,2,-1,6,2,34,6,-1,-1,-1,-1,1,E01012420,0,1
2025070084859,2025,070084859,1,5,0,-1,19,5,1,-1,0,0,0,10,1,11,4,1,-1,9,1,44,7,-1,-1,-1,-1,8,E01018415,0,4
2025070085107,2025,070085107,1,9,0,-1,9,4,2,-1,0,2,0,0,0,0,1,1,-1,2,1,62,9,-1,-1,-1,-1,3,E01018482,0,1
2025070085107,2025,070085107,2,1,0,-1,19,6,2,-1,0,8,0,0,0,0,3,1,-1,2,1,32,6,-1,-1,-1,-1,8,E01018510,0,1
2025070086404,2025,070086404,2,19,0,-1,19,2,6,-1,0,4,0,0,0,0,1,1,-1,6,1,32,6,-1,-1,-1,-1,9,E01018492,0,1
2025070086404,2025,070086404,1,9,0,-1,19,2,6,-1,0,4,0,0,0,0,3,1,-1,6,1,54,8,-1,-1,-1,-1,5,E01018479,0,1
2025070087017,2025,070087017,1,9,0,-1,19,3,7,-1,0,3,0,0,0,0,1,1,-1,9,1,83,11,-1,-1,-1,-1,5,E01007159,0,4
2025070087017,2025,070087017,2,9,0,-1,19,1,7,-1,0,3,0,0,0,0,4,1,-1,9,1,49,8,-1,-1,-1,-1,10,E01028097,0,4
2025070087429,2025,070087429,2,9,0,-1,19,5,1,-1,0,0,0,0,0,0,1,1,-1,6,2,51,8,-1,-1,-1,-1,8,E01029794,0,4
2025070087429,2025,070087429,1,9,0,-1,19,1,5,-1,0,0,0,0,0,0,1,1,-1,6,1,22,5,-1,-1,-1,-1,7,W01000346,0,2
2025070088570,2025,070088570,1,5,0,-1,19,5,1,-1,0,7,0,0,7,0,1,1,-1,9,1,34,6,-1,-1,-1,-1,1,E01005662,0,4
2025070089359,2025,070089359,1,9,0,-1,7,5,3,-1,0,1,0,0,0,0,3,9,-1,6,3,-1,-1,-1,-1,-1,-1,-1,-1,0,-1
2025070089359,2025,070089359,2,1,0,-1,19,5,1,-1,0,1,0,0,0,0,4,1,-1,6,1,48,8,-1,-1,-1,-1,6,E01012491,0,1
2025070089419,2025,070089419,2,9,0,-1,4,1,5,-1,0,0,0,0,0,0,2,1,-1,9,1,27,6,-1,-1,-1,-1,8,E01025272,0,4
2025070089419,2025,070089419,3,9,0,-1,4,1,5,-1,0,0,0,0,0,0,2,1,-1,9,2,50,8,-1,-1,-1,-1,10,E01022694,0,5
2025070089419,2025,070089419,1,9,0,-1,19,1,5,-1,0,0,1,0,0,0,1,1,-1,9,1,23,5,-1,-1,-1,-1,9,E01035101,0,4
2025070089682,2025,070089682,1,9,0,-1,9,5,3,-1,0,1,0,0,0,0,1,1,-1,6,1,33,6,-1,-1,-1,-1,2,E01012431,0,1
2025070090493,2025,070090493,1,1,0,-1,19,1,5,-1,0,8,0,0,0,0,1,1,-1,9,1,15,3,-1,-1,-1,-1,2,E01012525,0,1
2025070090493,2025,070090493,2,9,0,-1,5,3,7,-1,0,8,0,0,0,0,1,1,-1,6,1,39,7,-1,-1,-1,-1,1,E01012455,0,1
2025070090598,2025,070090598,1,9,0,-1,19,6,2,-1,0,1,0,0,0,0,1,1,-1,2,2,43,7,-1,-1,-1,-1,8,E01012435,0,1
2025070090598,2025,070090598,2,11,0,-1,19,4,8,-1,2,1,0,0,0,0,1,1,-1,1,1,60,9,-1,-1,-1,-1,1,E01006672,0,4
2025070092316,2025,070092316,1,9,0,-1,19,5,1,-1,0,0,0,0,0,0,1,1,-1,9,1,63,9,-1,-1,-1,-1,2,E01012413,0,1
2025070095872,2025,070095872,2,9,0,-1,3,6,2,-1,0,1,0,0,0,0,2,1,-1,6,2,46,8,-1,-1,-1,-1,10,E01018438,0,2
2025070095872,2025,070095872,1,9,0,-1,19,7,3,-1,0,1,0,0,0,0,1,1,-1,6,1,42,7,-1,-1,-1,-1,6,E01018422,0,1
2025070096093,2025,070096093,2,9,0,-1,4,6,2,-1,0,1,0,0,0,0,2,1,-1,9,2,30,6,-1,-1,-1,-1,1,E01012533,0,1
2025070096093,2025,070096093,1,9,0,-1,19,6,2,-1,0,1,0,0,0,0,1,1,-1,9,1,51,8,-1,-1,-1,-1,4,E01012454,0,1
2025070098818,2025,070098818,2,19,0,-1,19,4,1,-1,0,1,0,0,0,0,1,1,-1,1,1,38,7,-1,-1,-1,-1,6,E01029789,0,4
2025070098818,2025,070098818,1,9,0,-1,19,1,4,-1,0,1,0,0,0,0,1,1,-1,6,1,45,7,-1,-1,-1,-1,3,E01018731,0,2
2025070098819,2025,070098819,1,9,0,-1,7,7,5,-1,0,8,0,0,0,0,1,1,-1,6,1,45,7,-1,-1,-1,-1,3,E01018731,0,2
2025070098819,2025,070098819,2,9,0,-1,3,5,1,-1,0,1,0,0,0,0,3,1,-1,2,2,48,8,-1,-1,-1,-1,6,E01018679,0,1
2025070099914,2025,070099914,1,5,0,-1,19,2,6,-1,0,0,1,10,7,0,4,1,-1,2,1,30,6,-1,-1,-1,-1,4,E01012510,0,1
2025070100087,2025,070100087,1,9,0,-1,19,8,4,-1,0,0,0,0,0,0,3,1,-1,1,1,45,7,-1,-1,-1,-1,9,E01033372,0,3
2025070100173,2025,070100173,1,9,0,-1,19,1,5,-1,0,0,0,0,0,0,4,9,-1,6,3,-1,-1,-1,-1,-1,-1,-1,-1,0,-1
2025070100299,2025,070100299,2,19,0,-1,12,5,1,-1,0,0,0,0,0,0,3,9,-1,6,3,-1,-1,-1,-1,-1,-1,-1,-1,0,-1
2025070100299,2025,070100299,1,21,1,-1,12,5,1,-1,0,0,0,0,0,0,0,9,-1,6,3,-1,-1,-1,-1,-1,-1,-1,-1,0,-1