collision_index,collision_year,collision_ref_no,vehicle_reference,vehicle_type,towing_and_articulation,vehicle_manoeuvre_historic,vehicle_manoeuvre,vehicle_direction_from,vehicle_direction_to,vehicle_location_restricted_lane_historic,vehicle_location_restricted_lane,junction_location,skidding_and_overturning,hit_object_in_carriageway,vehicle_leaving_carriageway,hit_object_off_carriageway,first_point_of_impact,vehicle_left_hand_drive,journey_purpose_of_driver_historic,journey_purpose_of_driver,sex_of_driver,age_of_driver,age_band_of_driver,engine_capacity_cc,propulsion_code,age_of_vehicle,generic_make_model,driver_imd_decile,lsoa_of_driver,escooter_flag,driver_distance_banding
2025070100299,2025,070100299,3,9,0,-1,13,5,1,-1,0,0,0,0,5,10,4,1,-1,1,1,37,7,-1,-1,-1,-1,10,E01005815,0,4
2025070101658,2025,070101658,2,9,0,-1,2,0,0,-1,0,0,0,0,0,0,0,1,-1,6,1,29,6,-1,-1,-1,-1,6,E01035327,0,5
2025070101658,2025,070101658,1,9,0,-1,14,3,7,-1,0,0,0,0,0,0,0,9,-1,6,1,-1,-1,-1,-1,-1,-1,-1,-1,0,-1
2025070101995,2025,070101995,2,3,0,-1,19,5,1,-1,0,5,0,0,0,0,4,1,-1,2,1,29,6,-1,-1,-1,-1,3,E01012539,0,1
2025070101995,2025,070101995,1,9,0,-1,5,7,3,-1,0,2,0,0,0,0,1,1,-1,9,2,56,9,-1,-1,-1,-1,10,E01035386,0,1
2025070102124,2025,070102124,1,-1,0,-1,19,3,7,-1,0,8,0,0,0,0,2,1,-1,6,1,14,3,-1,-1,-1,-1,1,E01012367,0,1
2025070102124,2025,070102124,2,8,0,-1,19,5,1,-1,0,2,0,0,0,0,1,1,-1,1,1,45,7,-1,-1,-1,-1,2,E01005280,0,4
2025070103169,2025,070103169,1,9,9,-1,9,1,6,-1,0,1,9,0,7,0,9,9,-1,6,3,60,9,-1,-1,-1,-1,-1,-1,0,-1
2025070104712,2025,070104712,1,9,9,-1,19,2,6,-1,0,9,0,0,9,99,9,9,-1,6,3,-1,-1,-1,-1,-1,-1,-1,-1,0,-1
2025070104712,2025,070104712,2,1,0,-1,99,7,3,-1,0,9,2,0,0,99,9,1,-1,6,1,20,4,-1,-1,-1,-1,10,E01018321,0,1
2025070108808,2025,070108808,1,9,0,-1,9,1,5,-1,0,6,0,0,0,0,1,1,-1,1,2,21,5,-1,-1,-1,-1,10,E01018690,0,3
2025070108808,2025,070108808,2,5,0,-1,13,7,3,-1,0,1,0,0,0,0,4,1,-1,9,1,60,9,-1,-1,-1,-1,5,E01018741,0,4
2025070110793,2025,070110793,2,1,0,-1,19,5,1,-1,0,8,0,0,0,0,1,1,-1,2,2,58,9,-1,-1,-1,-1,8,E01018555,0,1
2025070110793,2025,070110793,1,9,0,-1,7,7,1,-1,0,8,0,0,0,0,1,1,-1,6,1,52,8,-1,-1,-1,-1,4,E01019147,0,4
2025070112451,2025,070112451,1,9,0,-1,4,3,7,-1,0,0,0,0,0,0,2,1,-1,2,1,64,9,-1,-1,-1,-1,-1,-1,0,-1
2025070112451,2025,070112451,2,9,0,-1,4,3,7,-1,0,0,0,0,0,0,1,1,-1,6,1,34,6,-1,-1,-1,-1,7,E01018345,0,4
2025070113490,2025,070113490,1,19,0,-1,4,6,2,-1,0,0,1,0,0,0,1,1,-1,1,1,36,7,-1,-1,-1,-1,4,E01016003,0,5
2025070113490,2025,070113490,2,9,0,-1,4,6,2,-1,0,0,1,0,0,0,1,1,-1,1,1,28,6,-1,-1,-1,-1,10,E01007146,0,3
2025070113490,2025,070113490,3,9,0,-1,4,6,2,-1,0,0,0,0,0,0,2,1,-1,1,1,39,7,-1,-1,-1,-1,1,E01007155,0,4
2025070114207,2025,070114207,2,4,0,-1,19,3,7,-1,0,8,0,0,0,0,1,1,-1,6,1,71,10,-1,-1,-1,-1,9,E01018494,0,1
2025070114207,2025,070114207,1,9,0,-1,1,3,5,-1,0,6,0,0,0,0,2,1,-1,1,1,62,9,-1,-1,-1,-1,7,E01018457,0,1
2025070114850,2025,070114850,1,9,0,-1,5,5,1,-1,0,8,0,0,0,0,1,1,-1,1,2,27,6,-1,-1,-1,-1,10,E01012553,0,1
2025070114850,2025,070114850,2,9,0,-1,19,3,7,-1,0,1,0,0,0,0,1,1,-1,9,1,79,11,-1,-1,-1,-1,10,E01006347,0,3
2025070115539,2025,070115539,1,9,0,-1,19,2,6,-1,0,1,0,0,0,0,1,1,-1,6,2,41,7,-1,-1,-1,-1,6,E01018399,0,1
2025070115539,2025,070115539,2,9,0,-1,3,2,6,-1,0,1,0,0,0,0,2,1,-1,1,2,53,8,-1,-1,-1,-1,7,E01018499,0,3
2025070115675,2025,070115675,2,9,0,-1,3,8,4,-1,0,1,0,0,0,0,4,1,-1,9,2,60,9,-1,-1,-1,-1,9,E01018680,0,3
2025070115675,2025,070115675,1,20,0,-1,19,6,2,-1,0,1,0,0,1,0,1,1,-1,1,1,41,7,-1,-1,-1,-1,2,E01008693,0,5
2025070118932,2025,070118932,1,9,0,-1,19,4,8,-1,0,0,1,0,7,4,1,2,-1,2,2,37,7,-1,-1,-1,-1,-1,-1,0,-1
2025070120107,2025,070120107,2,1,0,-1,99,9,9,-1,0,1,9,99,9,99,9,1,-1,6,1,27,6,-1,-1,-1,-1,9,E01018537,0,1
2025070120107,2025,070120107,1,19,0,-1,99,9,9,-1,99,5,9,99,9,99,9,1,-1,6,1,70,10,-1,-1,-1,-1,5,E01007243,0,2
2025070120351,2025,070120351,3,9,0,-1,5,1,8,-1,0,3,0,0,1,0,4,1,-1,6,2,66,10,-1,-1,-1,-1,7,E01012561,0,1
2025070120351,2025,070120351,2,5,0,-1,5,1,8,-1,0,3,0,0,0,0,2,1,-1,1,1,18,4,-1,-1,-1,-1,9,E01018737,0,4
2025070120351,2025,070120351,1,9,0,-1,19,1,2,-1,9,3,0,0,1,0,1,1,-1,9,3,13,3,-1,-1,-1,-1,1,E01012520,0,1
2025070120357,2025,070120357,2,9,0,-1,2,0,0,-1,-1,0,0,0,0,0,3,1,-1,6,1,55,8,-1,-1,-1,-1,5,E01006864,0,2
2025070120357,2025,070120357,1,9,0,-1,5,1,8,-1,9,0,0,0,2,0,4,1,-1,6,3,13,3,-1,-1,-1,-1,1,E01012520,0,1
2025070120413,2025,070120413,1,17,5,-1,19,2,6,-1,0,1,3,0,0,0,3,1,-1,1,1,24,5,-1,-1,-1,-1,9,E01018508,0,3
2025070120413,2025,070120413,2,9,0,-1,3,6,2,-1,0,1,0,0,0,0,3,1,-1,1,2,47,8,-1,-1,-1,-1,7,E01018736,0,1
2025070120990,2025,070120990,1,9,0,-1,7,1,5,-1,0,1,0,0,0,0,1,1,-1,1,2,36,7,-1,-1,-1,-1,6,E01018635,0,1
2025070120990,2025,070120990,2,1,0,-1,19,1,5,-1,0,1,0,0,0,0,3,-1,-1,9,1,27,6,-1,-1,-1,-1,3,E01018646,0,1
2025070122601,2025,070122601,2,5,0,-1,19,5,1,-1,0,1,0,0,0,0,1,1,-1,6,1,48,8,-1,-1,-1,-1,3,E01018729,0,1
2025070122601,2025,070122601,1,9,0,-1,9,5,3,-1,0,8,0,0,0,0,4,1,-1,9,2,69,10,-1,-1,-1,-1,8,E01018691,0,1
2025070123992,2025,070123992,1,9,0,-1,9,7,3,-1,0,6,0,0,0,0,3,1,-1,9,2,44,7,-1,-1,-1,-1,2,E01012457,0,1
2025070123992,2025,070123992,2,3,0,-1,19,5,1,-1,0,1,0,0,0,0,1,1,-1,2,2,25,5,-1,-1,-1,-1,2,E01012525,0,1
2025070124547,2025,070124547,1,9,0,-1,5,5,1,-1,0,2,0,0,0,0,1,1,-1,9,1,39,7,-1,-1,-1,-1,7,E01018372,0,3
2025070125267,2025,070125267,1,9,0,-1,19,4,8,-1,0,0,5,0,0,0,1,1,-1,6,1,30,6,-1,-1,-1,-1,9,E01033372,0,3
2025070126824,2025,070126824,2,21,1,-1,19,2,6,-1,0,0,0,0,0,0,1,1,-1,1,1,57,9,-1,-1,-1,-1,2,E01014247,0,3
2025070126824,2025,070126824,1,9,0,-1,19,6,8,-1,0,0,0,0,0,0,1,1,-1,9,1,77,11,-1,-1,-1,-1,7,E01014301,0,3
2025070128232,2025,070128232,2,1,0,-1,19,3,1,-1,0,3,0,0,0,0,3,1,-1,6,1,31,6,-1,-1,-1,-1,7,E01034662,0,3
2025070128232,2025,070128232,1,9,0,-1,19,7,3,-1,0,3,0,0,0,0,3,1,-1,6,1,60,9,-1,-1,-1,-1,9,E01018494,0,2
2025070129390,2025,070129390,2,97,0,-1,19,5,1,-1,0,1,0,0,0,0,1,1,-1,6,1,18,4,-1,-1,-1,-1,10,E01018506,0,1
2025070129390,2025,070129390,1,9,0,-1,9,1,5,-1,0,8,0,0,0,0,4,1,-1,2,1,43,7,-1,-1,-1,-1,3,E01018446,0,1
2025070130971,2025,070130971,2,9,0,-1,19,2,4,-1,0,0,0,0,0,0,1,1,-1,9,1,78,11,-1,-1,-1,-1,9,E01018536,0,1
2025070130971,2025,070130971,1,9,0,-1,19,8,6,-1,0,0,0,0,0,0,1,1,-1,9,1,81,11,-1,-1,-1,-1,10,E01007146,0,2
2025070131769,2025,070131769,1,21,0,-1,9,6,2,-1,0,0,0,0,0,0,1,1,-1,1,1,52,8,-1,-1,-1,-1,-1,-1,0,-1
2025070131769,2025,070131769,2,9,0,-1,9,3,6,-1,0,0,0,0,0,0,1,1,-1,9,2,35,6,-1,-1,-1,-1,7,E01018371,0,1
2025070132941,2025,070132941,1,9,0,-1,2,0,0,-1,0,0,0,0,0,0,0,2,-1,1,1,38,7,-1,-1,-1,-1,2,E01018316,0,1
2025070133431,2025,070133431,2,19,0,-1,19,7,1,-1,0,0,0,11,0,10,1,1,-1,2,1,39,7,-1,-1,-1,-1,3,E01018435,0,1
2025070133431,2025,070133431,1,9,0,-1,19,1,7,-1,0,0,0,10,0,3,4,1,-1,2,1,32,6,-1,-1,-1,-1,-1,-1,0,-1
2025070134385,2025,070134385,2,9,0,-1,19,1,5,-1,0,0,1,0,0,0,3,1,-1,9,2,56,9,-1,-1,-1,-1,6,E01032460,0,5
2025070134385,2025,070134385,1,21,1,-1,11,1,5,-1,0,0,1,0,0,0,4,1,-1,1,1,64,9,-1,-1,-1,-1,1,E01012381,0,4
2025070134604,2025,070134604,2,21,1,-1,19,5,1,-1,0,0,0,0,0,0,4,1,-1,1,1,61,9,-1,-1,-1,-1,1,E01005422,0,4
2025070134604,2025,070134604,1,9,0,-1,19,6,2,-1,0,0,0,0,0,6,3,1,-1,6,2,86,11,-1,-1,-1,-1,10,E01018608,0,1
2025070134973,2025,070134973,2,5,0,-1,19,5,1,-1,0,3,5,0,0,0,4,1,-1,9,1,55,8,-1,-1,-1,-1,7,E01018331,0,1
2025070134973,2025,070134973,1,9,0,-1,5,7,3,-1,0,4,0,0,0,0,3,1,-1,9,1,47,8,-1,-1,-1,-1,8,E01018677,0,4
2025070135653,2025,070135653,2,1,0,-1,19,1,5,-1,0,0,0,0,0,0,1,1,-1,6,1,18,4,-1,-1,-1,-1,10,E01035388,0,1
2025070135653,2025,070135653,1,9,0,-1,19,1,5,-1,0,0,0,0,0,0,2,1,-1,6,3,32,6,-1,-1,-1,-1,-1,-1,0,-1
2025070136522,2025,070136522,1,9,0,-1,19,6,2,-1,0,0,0,0,0,0,3,1,-1,6,1,60,9,-1,-1,-1,-1,6,E01012426,0,3
2025070136522,2025,070136522,2,9,0,-1,19,2,6,-1,0,0,0,0,0,11,3,1,-1,6,1,86,11,-1,-1,-1,-1,8,E01012472,0,1
2025070137366,2025,070137366,1,1,0,-1,19,7,3,-1,0,1,0,0,0,0,4,1,-1,9,2,11,3,-1,-1,-1,-1,9,E01012488,0,2
2025070137366,2025,070137366,2,9,0,-1,19,1,5,-1,0,2,0,0,0,0,1,1,-1,9,2,17,4,-1,-1,-1,-1,9,E01012493,0,1
2025070137384,2025,070137384,1,9,9,-1,19,1,5,-1,0,0,0,0,0,0,3,1,-1,6,1,70,10,-1,-1,-1,-1,-1,-1,0,-1
2025070137384,2025,070137384,2,9,0,-1,3,5,1,-1,0,0,0,0,0,0,3,1,-1,6,2,25,5,-1,-1,-1,-1,3,E01018629,0,3
2025070137989,2025,070137989,2,9,0,-1,19,6,2,-1,0,8,0,0,0,0,3,1,-1,2,2,62,9,-1,-1,-1,-1,-1,-1,0,-1
2025070137989,2025,070137989,1,3,0,-1,9,4,8,-1,0,8,2,0,0,0,1,1,-1,6,2,56,9,-1,-1,-1,-1,4,E01018549,0,1
2025070138268,2025,070138268,1,1,0,-1,19,6,2,-1,9,1,0,0,0,0,1,1,-1,1,1,21,5,-1,-1,-1,-1,-1,-1,0,-1
2025070139003,2025,070139003,2,9,0,-1,19,7,3,-1,0,8,0,0,1,1,3,1,-1,9,1,19,4,-1,-1,-1,-1,1,E01005112,0,1
2025070139003,2025,070139003,1,9,0,-1,19,5,1,-1,0,8,0,0,0,0,1,1,-1,6,1,17,4,-1,-1,-1,-1,1,E01005314,0,1
2025070140236,2025,070140236,1,9,0,-1,19,1,5,-1,0,0,5,0,0,0,1,1,-1,6,1,37,7,-1,-1,-1,-1,9,E01004768,0,4
2025070140655,2025,070140655,2,9,0,-1,4,1,5,-1,0,0,0,0,0,0,2,1,-1,6,2,51,8,-1,-1,-1,-1,7,E01009554,0,5
2025070140655,2025,070140655,1,9,0,-1,19,1,5,-1,0,0,0,0,0,0,1,1,-1,6,1,32,6,-1,-1,-1,-1,3,E01012511,0,3
2025070146208,2025,070146208,1,9,0,-1,5,3,7,-1,0,4,0,0,0,0,3,1,-1,2,2,21,5,-1,-1,-1,-1,4,E01012464,0,1
2025070146208,2025,070146208,2,9,0,-1,19,5,1,-1,0,4,0,0,0,0,1,1,-1,9,1,33,6,-1,-1,-1,-1,2,E01006838,0,3
2025070147800,2025,070147800,1,9,0,-1,19,7,3,-1,0,0,0,0,0,0,4,1,-1,9,2,72,10,-1,-1,-1,-1,8,E01018341,0,1
2025070148561,2025,070148561,1,19,0,-1,19,5,1,-1,0,0,0,0,0,0,1,1,-1,9,1,37,7,-1,-1,-1,-1,8,E01018469,0,1
2025070149272,2025,070149272,1,9,0,-1,19,3,7,-1,0,4,0,0,0,0,1,1,-1,1,2,22,5,-1,-1,-1,-1,3,E01006177,0,3
2025070149272,2025,070149272,2,9,0,-1,9,1,3,-1,0,8,1,0,0,0,1,1,-1,2,1,62,9,-1,-1,-1,-1,6,E01018617,0,1
2025070152020,2025,070152020,1,9,0,-1,19,3,7,-1,0,0,0,4,0,0,1,1,-1,9,1,28,6,-1,-1,-1,-1,2,E01035365,0,1
2025070152020,2025,070152020,2,9,0,-1,2,0,0,-1,0,0,0,0,0,0,1,1,-1,6,2,29,6,-1,-1,-1,-1,-1,-1,0,-1
2025070152258,2025,070152258,2,9,0,-1,19,8,4,-1,0,8,0,0,7,11,4,1,-1,9,1,53,8,-1,-1,-1,-1,8,E01018707,0,1
2025070152258,2025,070152258,1,9,0,-1,19,5,1,-1,0,8,0,0,0,0,1,1,-1,6,1,40,7,-1,-1,-1,-1,6,E01012552,0,4
2025070152894,2025,070152894,1,9,0,-1,19,7,3,-1,0,8,2,10,0,0,4,1,-1,9,2,21,5,-1,-1,-1,-1,1,E01004866,0,4
2025070153292,2025,070153292,1,9,0,-1,8,3,6,-1,0,6,0,0,0,0,1,1,-1,6,2,45,7,-1,-1,-1,-1,2,E01012379,0,1
2025070153633,2025,070153633,2,9,0,-1,19,7,3,-1,0,8,0,0,0,11,1,1,-1,9,2,43,7,-1,-1,-1,-1,6,E01018679,0,1
2025070153633,2025,070153633,1,9,0,-1,19,1,5,-1,0,8,0,0,0,11,1,1,-1,1,2,21,5,-1,-1,-1,-1,7,E01035371,0,1
2025070153851,2025,070153851,1,9,0,-1,19,7,3,-1,0,0,1,0,1,0,1,1,-1,6,1,26,6,-1,-1,-1,-1,6,E01025121,0,4
2025070161562,2025,070161562,1,9,0,-1,19,7,3,-1,0,0,0,0,0,0,4,1,-1,6,1,24,5,-1,-1,-1,-1,6,E01018566,0,3
2025070162500,2025,070162500,1,9,0,-1,14,7,3,-1,0,8,0,0,0,0,1,1,-1,7,2,46,8,-1,-1,-1,-1,9,E01012562,0,1
2025070162500,2025,070162500,2,11,0,-1,2,0,0,-1,0,8,0,0,0,0,2,1,-1,1,1,54,8,-1,-1,-1,-1,3,E01012507,0,2
2025070162687,2025,070162687,1,9,0,-1,19,7,3,-1,0,0,0,0,0,10,3,1,-1,6,1,30,6,-1,-1,-1,-1,-1,-1,0,-1
2025070162687,2025,070162687,2,9,0,-1,19,7,3,-1,0,0,0,0,0,0,0,1,-1,1,1,62,9,-1,-1,-1,-1,9,E01018737,0,4
2025070162687,2025,070162687,3,9,0,-1,19,3,7,-1,0,0,0,0,0,0,3,1,-1,6,1,41,7,-1,-1,-1,-1,9,E01018536,0,2
2025070163385,2025,070163385,1,9,0,-1,1,8,4,-1,9,6,0,0,0,0,2,1,-1,9,2,91,11,-1,-1,-1,-1,-1,-1,0,-1
2025070164314,2025,070164314,1,9,0,-1,19,6,2,-1,0,1,0,0,0,0,1,1,-1,9,1,63,9,-1,-1,-1,-1,6,E01018422,0,1
2025070164314,2025,070164314,2,9,0,-1,9,7,4,-1,0,1,0,0,0,0,1,1,-1,9,1,60,9,-1,-1,-1,-1,2,E01034670,0,2
2025070164440,2025,070164440,2,1,0,-1,3,3,7,-1,-1,4,0,0,0,0,1,1,-1,9,1,14,3,-1,-1,-1,-1,1,E01035368,0,1
2025070164440,2025,070164440,1,9,0,-1,5,3,7,-1,9,4,0,0,0,0,1,1,-1,9,2,45,7,-1,-1,-1,-1,7,W01000115,0,4
2025070164737,2025,070164737,1,9,0,-1,13,6,2,-1,0,8,0,0,0,0,0,1,-1,6,1,40,7,-1,-1,-1,-1,-1,-1,0,-1
2025070164737,2025,070164737,2,1,0,-1,19,6,2,-1,0,8,0,10,1,0,4,1,-1,6,1,55,8,-1,-1,-1,-1,10,E01018663,0,1
2025070165609,2025,070165609,1,9,0,-1,13,7,1,-1,0,8,0,0,0,0,1,1,-1,9,2,23,5,-1,-1,-1,-1,8,E01018458,0,2
2025070165609,2025,070165609,2,4,0,-1,19,3,7,-1,0,8,5,0,0,0,1,1,-1,2,1,38,7,-1,-1,-1,-1,8,E01018440,0,3
2025070166198,2025,070166198,2,1,0,-1,19,5,2,-1,0,8,0,0,1,0,4,1,-1,9,1,35,6,-1,-1,-1,-1,8,E01005785,0,2
2025070166198,2025,070166198,1,9,0,-1,5,7,2,-1,0,6,0,0,0,0,1,1,-1,6,2,52,8,-1,-1,-1,-1,7,E01018582,0,1
2025070168128,2025,070168128,1,9,0,-1,19,5,1,-1,0,6,1,4,7,11,1,1,-1,9,2,42,7,-1,-1,-1,-1,1,E01018521,0,1
2025070168575,2025,070168575,1,9,0,-1,19,3,5,-1,9,1,0,0,1,2,1,1,-1,6,1,45,7,-1,-1,-1,-1,-1,-1,0,-1
2025070168579,2025,070168579,1,19,0,-1,19,3,7,-1,0,0,0,0,0,1,1,1,-1,1,1,44,7,-1,-1,-1,-1,7,E01018409,0,1
2025070169068,2025,070169068,2,9,0,-1,3,3,7,-1,0,0,0,0,0,0,2,1,-1,6,1,49,8,-1,-1,-1,-1,9,E01018474,0,1
2025070169068,2025,070169068,3,9,0,-1,3,7,3,-1,0,0,0,0,0,0,2,1,-1,6,1,33,6,-1,-1,-1,-1,10,E01018700,0,3
2025070169068,2025,070169068,1,20,0,-1,19,7,3,-1,0,0,0,0,0,0,1,1,-1,2,1,49,8,-1,-1,-1,-1,6,E01018472,0,1
2025070169840,2025,070169840,1,19,0,-1,99,1,5,-1,0,2,0,0,0,0,1,1,-1,1,1,30,6,-1,-1,-1,-1,-1,-1,0,-1
2025070170110,2025,070170110,1,19,0,-1,9,1,7,-1,0,6,0,0,0,0,1,1,-1,1,1,64,9,-1,-1,-1,-1,1,E01014266,0,3
2025070170508,2025,070170508,2,21,1,-1,19,3,7,-1,0,0,0,0,0,0,3,1,-1,1,1,42,7,-1,-1,-1,-1,1,E01006703,0,3
2025070170508,2025,070170508,1,3,0,-1,19,3,7,-1,0,0,0,0,0,0,1,1,-1,6,1,38,7,-1,-1,-1,-1,1,E01006984,0,4
2025070170508,2025,070170508,3,9,0,-1,19,3,7,-1,0,0,0,0,0,0,4,1,-1,1,1,38,7,-1,-1,-1,-1,2,E01012370,0,1
2025070170547,2025,070170547,1,9,0,-1,19,1,5,-1,0,1,0,0,0,0,1,1,-1,6,1,36,7,-1,-1,-1,-1,7,E01028892,0,3
2025070170547,2025,070170547,2,9,0,-1,4,1,5,-1,0,1,0,0,0,0,2,1,-1,6,2,30,6,-1,-1,-1,-1,7,E01018357,0,2
2025070171035,2025,070171035,1,9,0,-1,13,1,5,-1,0,0,0,0,0,0,4,1,-1,6,1,40,7,-1,-1,-1,-1,-1,-1,0,-1
2025070171035,2025,070171035,2,1,0,-1,19,1,5,-1,0,0,0,0,0,0,3,1,-1,6,1,13,3,-1,-1,-1,-1,2,E01018730,0,1
2025070171050,2025,070171050,1,9,0,-1,13,5,1,-1,0,1,1,0,7,11,4,1,-1,6,1,21,5,-1,-1,-1,-1,4,E01018535,0,1
2025070171050,2025,070171050,2,9,0,-1,9,5,1,-1,0,1,0,0,0,0,3,1,-1,2,2,64,9,-1,-1,-1,-1,3,E01007240,0,3
2025070171197,2025,070171197,2,3,0,-1,19,7,3,-1,0,8,0,0,0,0,1,1,-1,9,1,72,10,-1,-1,-1,-1,-1,-1,0,-1
2025070171197,2025,070171197,1,9,0,-1,19,3,7,-1,0,4,0,0,0,0,4,1,-1,9,1,28,6,-1,-1,-1,-1,10,E01018530,0,4
2025070171867,2025,070171867,1,9,0,-1,19,4,8,-1,0,1,0,0,0,4,3,1,-1,2,1,19,4,-1,-1,-1,-1,8,E01007285,0,3
2025070171952,2025,070171952,1,9,0,-1,19,8,4,-1,0,0,0,0,0,0,3,1,-1,6,2,40,7,-1,-1,-1,-1,-1,-1,0,-1
2025070172119,2025,070172119,1,9,0,-1,19,2,8,-1,0,0,0,0,0,0,3,1,-1,6,3,50,8,-1,-1,-1,-1,3,E01003573,0,5
2025070173392,2025,070173392,2,1,0,-1,19,5,1,-1,0,1,0,0,0,0,1,1,-1,6,1,36,7,-1,-1,-1,-1,9,E01012555,0,1
2025070173392,2025,070173392,1,9,0,-1,9,1,5,-1,0,5,0,0,0,0,4,1,-1,6,3,29,6,-1,-1,-1,-1,-1,-1,0,-1
2025070175822,2025,070175822,2,9,0,-1,19,4,8,-1,0,0,5,0,0,0,4,1,-1,6,1,44,7,-1,-1,-1,-1,4,E01025918,0,4
2025070175822,2025,070175822,1,21,1,-1,12,4,8,-1,0,0,0,0,0,0,3,2,-1,1,1,47,8,-1,-1,-1,-1,-1,-1,0,-1
2025070176061,2025,070176061,1,9,0,-1,19,6,2,-1,0,8,0,0,0,0,1,1,-1,6,2,49,8,-1,-1,-1,-1,7,E01018409,0,1
2025070176061,2025,070176061,2,9,0,-1,19,2,6,-1,0,1,0,0,0,0,1,1,-1,9,1,46,8,-1,-1,-1,-1,2,E01014252,0,3
2025070176903,2025,070176903,1,9,0,-1,19,7,3,-1,0,0,2,0,1,2,2,1,-1,9,1,25,5,-1,-1,-1,-1,1,E01012455,0,2
2025070177891,2025,070177891,2,9,4,-1,3,3,5,-1,0,1,0,-1,-1,-1,2,1,-1,6,1,41,7,-1,-1,-1,-1,9,E01018358,0,1
2025070177891,2025,070177891,1,9,0,-1,4,3,5,-1,0,4,1,0,0,0,1,9,-1,6,1,52,8,-1,-1,-1,-1,9,E01018688,0,3
2025070177947,2025,070177947,1,9,0,-1,19,6,2,-1,0,1,0,0,0,0,1,1,-1,6,1,48,8,-1,-1,-1,-1,1,E01007131,0,3
2025070178357,2025,070178357,1,9,0,-1,19,9,9,-1,0,2,0,0,0,99,1,9,-1,6,3,40,7,-1,-1,-1,-1,-1,-1,0,-1
2025070178606,2025,070178606,1,9,0,-1,19,5,3,-1,0,2,0,0,0,0,1,1,-1,9,1,22,5,-1,-1,-1,-1,9,E01018474,0,1
2025070179017,2025,070179017,2,1,0,-1,19,3,7,-1,0,8,0,0,0,0,1,1,-1,6,1,17,4,-1,-1,-1,-1,1,E01012508,0,1
2025070179017,2025,070179017,1,9,0,-1,19,5,3,-1,0,6,0,0,0,0,1,9,-1,6,2,40,7,-1,-1,-1,-1,-1,-1,0,-1
2025070179570,2025,070179570,1,3,0,-1,19,1,6,-1,0,2,2,0,1,9,1,1,-1,2,2,19,4,-1,-1,-1,-1,5,E01018479,0,1
2025070180004,2025,070180004,1,9,0,-1,19,2,6,-1,0,0,0,0,0,0,1,1,-1,1,1,59,9,-1,-1,-1,-1,9,E01012463,0,1
2025070183089,2025,070183089,1,1,0,-1,19,6,2,-1,0,8,0,0,0,0,1,1,-1,6,1,30,6,-1,-1,-1,-1,8,E01012548,0,1
2025070183089,2025,070183089,2,9,0,-1,19,4,8,-1,0,8,0,0,0,0,4,1,-1,2,1,46,8,-1,-1,-1,-1,4,E01012510,0,1
2025070184690,2025,070184690,4,9,0,-1,19,3,7,-1,0,0,0,0,0,0,1,1,-1,6,2,35,6,-1,-1,-1,-1,9,E01018545,0,1
2025070184690,2025,070184690,2,9,0,-1,19,3,7,-1,0,0,0,0,0,0,1,1,-1,6,1,52,8,-1,-1,-1,-1,9,E01018544,0,1
2025070184690,2025,070184690,3,9,0,-1,19,3,7,-1,0,0,0,0,0,0,1,1,-1,6,2,61,9,-1,-1,-1,-1,5,E01018532,0,1
2025070184690,2025,070184690,1,9,0,-1,19,3,7,-1,0,0,0,0,0,0,2,1,-1,6,1,35,6,-1,-1,-1,-1,4,E01018535,0,1
2025070184727,2025,070184727,3,8,0,-1,4,5,1,-1,0,1,0,0,0,0,1,1,-1,1,1,40,7,-1,-1,-1,-1,2,E01018477,0,1
2025070184727,2025,070184727,1,9,0,-1,9,1,5,-1,0,8,0,0,0,0,4,1,-1,2,2,29,6,-1,-1,-1,-1,1,E01018745,0,3
2025070184727,2025,070184727,2,9,0,-1,19,3,7,-1,0,1,0,0,0,0,1,1,-1,9,2,57,9,-1,-1,-1,-1,7,E01018395,0,3
2025070186537,2025,070186537,1,9,9,-1,19,5,1,-1,0,0,0,0,0,0,4,9,-1,6,3,40,7,-1,-1,-1,-1,-1,-1,0,-1
2025070186537,2025,070186537,2,1,0,-1,19,5,1,-1,0,0,0,0,0,0,3,1,-1,2,1,22,5,-1,-1,-1,-1,9,E01018680,0,1
2025070186871,2025,070186871,1,8,0,-1,5,5,1,-1,0,0,0,0,0,0,3,1,-1,6,1,-1,-1,-1,-1,-1,-1,-1,-1,0,-1
2025070186871,2025,070186871,2,9,0,-1,2,0,0,-1,0,0,0,0,0,0,0,1,-1,6,1,36,7,-1,-1,-1,-1,1,E01018466,0,1
2025070187475,2025,070187475,1,19,0,-1,7,6,2,-1,0,8,0,0,0,0,2,1,-1,1,1,31,6,-1,-1,-1,-1,3,-1,0,4
2025070187475,2025,070187475,3,19,0,-1,19,6,2,-1,0,1,0,0,0,0,1,1,-1,1,1,53,8,-1,-1,-1,-1,5,E01007426,0,4
2025070187475,2025,070187475,2,20,0,-1,19,6,2,-1,0,1,0,0,0,0,1,1,-1,1,1,30,6,-1,-1,-1,-1,1,E01005723,0,4
2025070187671,2025,070187671,1,9,0,-1,9,5,6,-1,9,8,0,0,0,0,1,1,-1,9,1,77,11,-1,-1,-1,-1,9,E01018559,0,2
2025070187671,2025,070187671,2,1,0,-1,19,1,1,-1,9,1,0,0,0,0,1,1,-1,9,1,33,6,-1,-1,-1,-1,-1,-1,0,-1