collision_index,collision_year,collision_ref_no,vehicle_reference,vehicle_type,towing_and_articulation,vehicle_manoeuvre_historic,vehicle_manoeuvre,vehicle_direction_from,vehicle_direction_to,vehicle_location_restricted_lane_historic,vehicle_location_restricted_lane,junction_location,skidding_and_overturning,hit_object_in_carriageway,vehicle_leaving_carriageway,hit_object_off_carriageway,first_point_of_impact,vehicle_left_hand_drive,journey_purpose_of_driver_historic,journey_purpose_of_driver,sex_of_driver,age_of_driver,age_band_of_driver,engine_capacity_cc,propulsion_code,age_of_vehicle,generic_make_model,driver_imd_decile,lsoa_of_driver,escooter_flag,driver_distance_banding
2025070187925,2025,070187925,2,9,0,-1,19,7,3,-1,0,0,0,0,0,0,1,1,-1,6,2,38,7,-1,-1,-1,-1,2,E01012391,0,1
2025070187925,2025,070187925,1,9,0,-1,4,3,7,-1,0,0,0,0,0,0,2,1,-1,6,2,46,8,-1,-1,-1,-1,1,E01012381,0,1
2025070187979,2025,070187979,2,1,0,-1,19,3,7,-1,0,8,0,0,0,0,2,1,-1,6,2,45,7,-1,-1,-1,-1,4,E01018511,0,1
2025070187979,2025,070187979,1,9,0,-1,9,5,7,-1,0,6,0,0,0,0,1,1,-1,1,2,21,5,-1,-1,-1,-1,3,E01018482,0,1
2025070188128,2025,070188128,3,9,0,-1,19,1,1,-1,0,1,0,0,0,0,1,1,-1,2,1,29,6,-1,-1,-1,-1,9,E01018692,0,3
2025070188128,2025,070188128,2,98,0,-1,19,2,2,-1,0,2,-1,-1,3,0,1,1,-1,2,1,24,5,-1,-1,-1,-1,-1,-1,0,-1
2025070188128,2025,070188128,1,9,0,-1,9,1,1,-1,0,1,0,0,0,0,1,1,-1,2,2,23,5,-1,-1,-1,-1,6,E01018481,0,3
2025070188352,2025,070188352,2,9,0,-1,3,7,4,-1,0,8,0,0,0,0,4,1,-1,9,1,72,10,-1,-1,-1,-1,9,E01018403,0,1
2025070188352,2025,070188352,1,1,0,-1,99,7,4,-1,0,4,0,0,0,0,1,1,-1,6,1,52,8,-1,-1,-1,-1,2,E01018400,0,1
2025070190128,2025,070190128,1,1,0,-1,19,4,8,-1,0,0,5,0,0,0,4,1,-1,9,1,59,9,-1,-1,-1,-1,10,E01018576,0,1
2025070190678,2025,070190678,3,9,1,-1,4,5,1,-1,0,0,0,0,0,0,4,1,-1,6,1,54,8,-1,-1,-1,-1,2,E01006380,0,3
2025070190678,2025,070190678,4,9,0,-1,4,5,1,-1,0,0,0,0,0,0,1,1,-1,6,1,44,7,-1,-1,-1,-1,1,E01006615,0,4
2025070190678,2025,070190678,1,9,0,-1,11,5,1,-1,0,0,0,0,0,0,4,1,-1,6,1,37,7,-1,-1,-1,-1,4,E01006332,0,3
2025070190678,2025,070190678,2,21,0,-1,19,5,1,-1,0,0,0,0,0,0,1,1,-1,1,1,44,7,-1,-1,-1,-1,3,E01007058,0,4
2025070190989,2025,070190989,1,9,0,-1,5,2,8,-1,0,4,0,0,0,0,1,1,-1,2,1,21,5,-1,-1,-1,-1,2,E01018739,0,3
2025070190989,2025,070190989,2,9,0,-1,5,2,8,-1,0,4,1,0,0,0,2,1,-1,6,2,45,7,-1,-1,-1,-1,10,E01018505,0,1
2025070191271,2025,070191271,1,1,0,-1,11,4,8,-1,0,2,0,0,0,0,4,1,-1,9,1,15,3,-1,-1,-1,-1,7,E01007144,0,1
2025070191271,2025,070191271,2,9,0,-1,19,4,8,-1,0,2,0,0,0,0,1,1,-1,9,2,81,11,-1,-1,-1,-1,10,E01007186,0,1
2025070192247,2025,070192247,1,9,0,-1,5,3,7,-1,0,2,0,0,0,0,4,1,-1,6,3,37,7,-1,-1,-1,-1,2,E01018645,0,1
2025070192369,2025,070192369,1,5,0,-1,4,5,1,-1,0,0,1,0,0,0,0,1,-1,9,1,33,6,-1,-1,-1,-1,3,E01007137,0,4
2025070192378,2025,070192378,1,9,0,-1,19,7,3,-1,0,0,0,0,0,0,1,1,-1,1,2,26,6,-1,-1,-1,-1,3,E01012429,0,1
2025070193776,2025,070193776,1,9,0,-1,7,3,5,-1,0,3,0,0,0,0,3,1,-1,6,1,20,4,-1,-1,-1,-1,7,E01018360,0,1
2025070193776,2025,070193776,2,9,0,-1,4,5,1,-1,0,4,0,0,0,0,3,2,-1,6,2,66,10,-1,-1,-1,-1,9,E01018560,0,1
2025070194261,2025,070194261,1,9,0,-1,19,6,2,-1,0,1,0,0,0,0,1,1,-1,6,1,70,10,-1,-1,-1,-1,1,E01018748,0,1
2025070194261,2025,070194261,2,9,0,-1,3,6,2,-1,0,1,0,0,0,0,2,1,-1,6,2,33,6,-1,-1,-1,-1,1,E01018745,0,1
2025070194591,2025,070194591,2,9,0,-1,19,5,1,-1,0,0,0,0,0,0,2,1,-1,9,2,62,9,-1,-1,-1,-1,4,E01006896,0,3
2025070194591,2025,070194591,1,20,4,-1,19,5,1,-1,0,0,0,0,0,0,1,1,-1,1,1,60,9,-1,-1,-1,-1,5,E01006491,0,4
2025070195776,2025,070195776,1,9,0,-1,14,3,7,-1,0,0,0,0,0,0,3,1,-1,6,1,41,7,-1,-1,-1,-1,-1,-1,0,-1
2025070195776,2025,070195776,2,3,0,-1,3,3,7,-1,0,0,0,0,0,0,4,1,-1,6,2,39,7,-1,-1,-1,-1,6,E01018735,0,4
2025070196596,2025,070196596,2,9,0,-1,19,5,1,-1,0,1,0,6,1,7,4,1,-1,6,2,43,7,-1,-1,-1,-1,10,E01018619,0,3
2025070196596,2025,070196596,1,9,0,-1,19,5,1,-1,0,1,1,4,0,0,2,1,-1,9,1,74,10,-1,-1,-1,-1,9,E01018390,0,2
2025070196596,2025,070196596,3,9,0,-1,4,1,5,-1,0,1,0,0,0,0,1,1,-1,6,2,17,4,-1,-1,-1,-1,6,E01018425,0,2
2025070198599,2025,070198599,1,9,0,-1,19,4,8,-1,0,6,0,0,0,0,4,1,-1,9,2,72,10,-1,-1,-1,-1,3,E01018534,0,1
2025070198599,2025,070198599,2,5,0,-1,19,2,6,-1,0,1,0,0,0,0,1,1,-1,9,1,22,5,-1,-1,-1,-1,3,E01018534,0,1
2025070198697,2025,070198697,2,5,0,-1,4,6,2,-1,0,0,0,0,0,0,2,1,-1,9,1,57,9,-1,-1,-1,-1,2,E01005818,0,4
2025070198697,2025,070198697,1,9,0,-1,19,6,2,-1,0,0,0,0,0,0,1,1,-1,9,1,61,9,-1,-1,-1,-1,-1,-1,0,-1
2025070199036,2025,070199036,2,1,0,-1,4,5,1,-1,0,0,0,0,0,0,1,1,-1,9,2,21,5,-1,-1,-1,-1,6,E01018679,0,4
2025070199036,2025,070199036,1,9,0,-1,4,5,1,-1,0,0,0,0,0,0,9,1,-1,6,3,-1,-1,-1,-1,-1,-1,-1,-1,0,-1
2025070199041,2025,070199041,2,1,0,-1,19,3,7,-1,0,1,0,0,0,0,1,1,-1,9,1,47,8,-1,-1,-1,-1,8,E01018577,0,1
2025070199041,2025,070199041,1,9,0,-1,9,7,3,-1,0,2,0,0,0,0,4,2,-1,9,2,26,6,-1,-1,-1,-1,6,E01018630,0,1
2025070199352,2025,070199352,1,97,0,-1,19,5,1,-1,0,1,2,0,1,4,1,1,-1,2,1,19,4,-1,-1,-1,-1,10,E01018325,0,1
2025070199448,2025,070199448,3,19,0,-1,2,0,0,-1,0,0,0,0,0,0,2,1,-1,6,1,77,11,-1,-1,-1,-1,-1,-1,0,-1
2025070199448,2025,070199448,1,9,0,-1,2,0,0,-1,0,0,0,0,0,0,2,1,-1,9,2,63,9,-1,-1,-1,-1,3,E01018729,0,4
2025070199448,2025,070199448,2,9,0,-1,2,0,0,-1,0,0,0,0,0,0,2,1,-1,6,2,33,6,-1,-1,-1,-1,-1,-1,0,-1
2025070199895,2025,070199895,2,9,0,-1,4,3,7,-1,0,0,0,0,0,0,2,1,-1,6,2,59,9,-1,-1,-1,-1,4,E01005084,0,4
2025070199895,2025,070199895,1,9,0,-1,19,3,7,-1,0,0,0,0,0,0,1,1,-1,6,1,-1,-1,-1,-1,-1,-1,9,E01031475,0,5
2025070200525,2025,070200525,2,9,0,-1,19,1,5,-1,0,1,0,0,0,0,1,1,-1,9,2,81,11,-1,-1,-1,-1,10,E01018608,0,1
2025070200525,2025,070200525,1,9,0,-1,9,3,1,-1,0,6,0,0,0,0,1,1,-1,1,2,57,9,-1,-1,-1,-1,9,E01018581,0,2
2025070200556,2025,070200556,2,1,0,-1,-1,6,3,-1,0,8,0,0,0,0,3,1,-1,6,2,37,7,-1,-1,-1,-1,9,E01018581,0,3
2025070200556,2025,070200556,1,9,0,-1,19,4,8,-1,0,8,0,0,0,0,1,1,-1,6,1,39,7,-1,-1,-1,-1,9,E01018664,0,2
2025070202494,2025,070202494,1,9,0,-1,19,7,3,-1,0,8,0,0,0,0,4,1,-1,9,2,31,6,-1,-1,-1,-1,3,E01005618,0,3
2025070203702,2025,070203702,1,9,0,-1,19,8,4,-1,0,4,0,9,3,4,1,1,-1,2,1,38,7,-1,-1,-1,-1,1,E01009326,0,4
2025070203881,2025,070203881,2,19,0,-1,11,3,7,-1,0,1,0,0,0,0,2,1,-1,2,1,32,6,-1,-1,-1,-1,2,E01006439,0,3
2025070203881,2025,070203881,1,9,0,-1,4,3,7,-1,0,1,0,0,0,0,1,1,-1,1,1,17,4,-1,-1,-1,-1,8,E01032904,0,3
2025070203881,2025,070203881,3,9,0,-1,4,3,7,-1,0,1,0,0,0,0,2,1,-1,2,2,29,6,-1,-1,-1,-1,7,E01006531,0,3
2025070204213,2025,070204213,2,1,0,-1,19,7,3,-1,0,0,0,0,1,0,3,1,-1,9,1,71,10,-1,-1,-1,-1,5,E01019723,0,4
2025070204213,2025,070204213,1,19,9,-1,13,7,3,-1,0,0,0,0,0,0,4,9,-1,6,3,-1,-1,-1,-1,-1,-1,-1,-1,0,-1
2025070204618,2025,070204618,1,9,0,-1,19,4,8,-1,0,0,0,7,1,10,1,1,-1,9,1,64,9,-1,-1,-1,-1,3,E01018423,0,2
2025070204925,2025,070204925,2,3,0,-1,19,7,3,-1,0,1,0,0,0,0,1,1,-1,9,1,17,4,-1,-1,-1,-1,9,E01012492,0,1
2025070204925,2025,070204925,1,9,0,-1,7,7,1,-1,0,1,0,0,0,0,3,1,-1,6,2,47,8,-1,-1,-1,-1,10,E01012449,0,1
2025070205553,2025,070205553,2,19,0,-1,10,5,1,-1,0,-1,-1,-1,0,0,2,1,-1,1,1,50,8,-1,-1,-1,-1,10,E01018392,0,3
2025070205553,2025,070205553,1,19,0,-1,19,5,1,-1,0,1,0,0,0,0,1,-1,-1,1,1,29,6,-1,-1,-1,-1,8,E01018718,0,3
2025070205680,2025,070205680,1,19,9,-1,2,0,0,-1,0,0,0,0,0,0,4,1,-1,6,1,-1,-1,-1,-1,-1,-1,-1,-1,0,-1
2025070205821,2025,070205821,1,3,0,-1,14,1,5,-1,0,8,0,0,0,0,4,1,-1,2,1,21,5,-1,-1,-1,-1,9,E01019597,0,4
2025070205821,2025,070205821,2,8,0,-1,7,1,5,-1,0,1,0,0,0,0,3,1,-1,1,1,23,5,-1,-1,-1,-1,2,E01005199,0,4
2025070206930,2025,070206930,1,9,9,-1,99,3,3,-1,0,1,0,0,0,0,1,9,-1,6,1,-1,-1,-1,-1,-1,-1,-1,-1,0,-1
2025070206930,2025,070206930,2,1,0,-1,9,5,3,-1,0,1,0,0,0,0,4,1,-1,2,1,31,6,-1,-1,-1,-1,8,E01018577,0,1
2025070208296,2025,070208296,2,21,1,-1,19,3,7,-1,0,0,0,0,0,0,1,2,-1,1,1,39,7,-1,-1,-1,-1,-1,-1,0,-1
2025070208296,2025,070208296,1,19,0,-1,19,7,3,-1,0,0,0,0,8,0,1,1,-1,1,1,39,7,-1,-1,-1,-1,5,E01006265,0,4
2025070208381,2025,070208381,1,19,0,-1,19,7,3,-1,0,0,0,0,0,0,0,1,-1,1,1,28,6,-1,-1,-1,-1,8,E01012529,0,4
2025070208381,2025,070208381,2,5,0,-1,19,7,3,-1,0,0,0,11,0,0,1,1,-1,9,1,80,11,-1,-1,-1,-1,9,E01006825,0,4
2025070208653,2025,070208653,1,8,0,-1,19,3,7,-1,0,0,0,0,0,0,1,1,-1,1,1,56,9,-1,-1,-1,-1,3,E01005171,0,2
2025070208713,2025,070208713,1,19,9,-1,19,9,9,-1,0,0,0,0,0,0,9,1,-1,6,1,39,7,-1,-1,-1,-1,1,E01014367,0,3
2025070208713,2025,070208713,2,19,0,-1,19,9,9,-1,0,0,0,0,0,0,9,1,-1,6,2,66,10,-1,-1,-1,-1,7,E01029771,0,1
2025070208837,2025,070208837,1,19,0,-1,19,5,1,-1,0,0,1,0,0,0,1,1,-1,2,1,25,5,-1,-1,-1,-1,1,E01006672,0,4
2025070208837,2025,070208837,2,9,0,-1,4,5,1,-1,0,0,0,0,0,0,2,1,-1,2,1,55,8,-1,-1,-1,-1,9,E01025451,0,4
2025070208959,2025,070208959,2,9,0,-1,19,3,7,-1,0,0,0,0,0,0,2,1,-1,6,1,58,9,-1,-1,-1,-1,-1,-1,0,-1
2025070208959,2025,070208959,1,19,0,-1,19,3,7,-1,0,0,0,0,0,0,1,1,-1,6,1,41,7,-1,-1,-1,-1,-1,-1,0,-1
2025070208959,2025,070208959,3,8,0,-1,19,3,7,-1,0,0,0,0,0,0,2,1,-1,6,1,31,6,-1,-1,-1,-1,1,E01014330,0,3
2025070211716,2025,070211716,2,21,4,-1,4,9,9,-1,0,0,0,0,0,0,2,9,-1,6,3,-1,-1,-1,-1,-1,-1,-1,-1,0,-1
2025070211716,2025,070211716,1,21,9,-1,19,1,5,-1,0,0,0,0,0,0,1,1,-1,1,1,42,7,-1,-1,-1,-1,8,E01029788,0,4
2025070212029,2025,070212029,1,9,0,-1,19,8,2,-1,0,2,0,0,0,0,4,1,-1,9,2,33,6,-1,-1,-1,-1,3,E01018611,0,2
2025070213675,2025,070213675,2,1,0,-1,19,7,3,-1,0,6,0,0,0,0,2,1,-1,6,2,52,8,-1,-1,-1,-1,3,E01012505,0,1
2025070213675,2025,070213675,1,9,0,-1,19,3,8,-1,0,6,0,0,0,0,2,1,-1,6,2,29,6,-1,-1,-1,-1,8,E01012496,0,1
2025070214358,2025,070214358,3,19,0,-1,19,5,1,-1,0,1,0,0,0,0,1,1,-1,1,1,44,7,-1,-1,-1,-1,9,E01005740,0,3
2025070214358,2025,070214358,4,19,0,-1,19,5,1,-1,0,1,0,0,0,0,1,1,-1,1,1,36,7,-1,-1,-1,-1,1,E01024855,0,4
2025070214358,2025,070214358,5,9,0,-1,19,5,1,-1,0,1,0,0,0,0,1,1,-1,9,1,78,11,-1,-1,-1,-1,9,W01000260,0,4
2025070214358,2025,070214358,1,9,0,-1,19,5,1,-1,0,1,0,0,0,0,2,1,-1,2,1,66,10,-1,-1,-1,-1,2,E01006344,0,3
2025070214358,2025,070214358,2,19,0,-1,19,5,1,-1,0,1,0,0,0,0,1,1,-1,2,1,21,5,-1,-1,-1,-1,6,E01012501,0,2
2025070214830,2025,070214830,1,9,0,-1,6,1,1,-1,0,0,0,0,0,0,1,1,-1,9,2,54,8,-1,-1,-1,-1,1,E01005074,0,3
2025070214830,2025,070214830,2,9,0,-1,19,1,5,-1,0,0,1,0,0,0,4,1,-1,9,2,42,7,-1,-1,-1,-1,5,E01018308,0,4
2025070218278,2025,070218278,1,9,0,-1,9,5,3,-1,0,4,0,0,1,0,1,1,-1,9,1,21,5,-1,-1,-1,-1,6,E01018679,0,3
2025070218278,2025,070218278,2,9,0,-1,19,1,5,-1,0,3,0,0,0,1,1,1,-1,9,1,50,8,-1,-1,-1,-1,9,E01018333,0,1
2025070220437,2025,070220437,1,90,0,-1,19,1,5,-1,0,8,0,0,0,0,1,1,-1,9,1,16,4,-1,-1,-1,-1,3,E01012369,0,1
2025070220437,2025,070220437,2,8,0,-1,9,7,1,-1,0,8,0,0,0,0,4,1,-1,1,1,72,10,-1,-1,-1,-1,2,E01012379,0,1
2025070221735,2025,070221735,1,9,0,-1,19,5,1,-1,0,0,0,0,0,0,4,1,-1,6,1,80,11,-1,-1,-1,-1,1,E01018466,0,1
2025070222529,2025,070222529,1,8,0,-1,4,7,7,-1,0,0,0,0,0,0,0,1,-1,9,1,63,9,-1,-1,-1,-1,6,E01012414,0,1
2025070222790,2025,070222790,1,9,0,-1,19,2,5,-1,0,2,0,0,0,0,1,1,-1,6,1,56,9,-1,-1,-1,-1,9,E01012519,0,1
2025070222790,2025,070222790,2,9,0,-1,19,5,8,-1,0,1,0,0,0,0,1,1,-1,6,1,85,11,-1,-1,-1,-1,9,E01012516,0,1
2025070222951,2025,070222951,1,9,9,-1,2,0,0,-1,0,0,0,0,0,0,1,9,-1,6,2,-1,-1,-1,-1,-1,-1,-1,-1,0,-1
2025070222995,2025,070222995,1,9,0,-1,9,1,5,-1,0,6,0,0,1,0,3,1,-1,9,2,46,8,-1,-1,-1,-1,8,E01012529,0,1
2025070222995,2025,070222995,2,3,0,-1,19,2,5,-1,0,1,0,0,0,0,1,1,-1,2,1,47,8,-1,-1,-1,-1,9,E01012494,0,1
2025070223518,2025,070223518,1,9,0,-1,4,5,1,-1,0,1,0,0,0,0,1,9,-1,6,2,40,7,-1,-1,-1,-1,-1,-1,0,-1
2025070223518,2025,070223518,2,1,0,-1,19,3,7,-1,0,1,-1,-1,-1,0,4,1,-1,7,1,16,4,-1,-1,-1,-1,5,E01018319,0,1
2025070225309,2025,070225309,1,19,0,-1,19,7,3,-1,0,0,0,0,0,0,1,1,-1,1,1,67,10,-1,-1,-1,-1,8,E01012983,0,5
2025070225667,2025,070225667,2,9,0,-1,19,3,7,-1,0,1,0,0,0,0,4,1,-1,9,1,84,11,-1,-1,-1,-1,8,E01012532,0,1
2025070225667,2025,070225667,1,1,0,-1,19,5,1,-1,0,1,0,0,0,0,1,1,-1,9,1,28,6,-1,-1,-1,-1,7,E01012527,0,1
2025070225912,2025,070225912,2,9,0,-1,19,7,3,-1,0,0,0,0,0,0,2,1,-1,1,1,40,7,-1,-1,-1,-1,4,E01031583,0,5
2025070225912,2025,070225912,3,20,0,-1,19,7,3,-1,0,0,0,0,0,0,3,1,-1,1,1,39,7,-1,-1,-1,-1,2,E01005421,0,4
2025070225912,2025,070225912,1,9,0,-1,19,7,3,-1,0,0,0,0,0,0,1,1,-1,9,1,45,7,-1,-1,-1,-1,1,E01005251,0,4
2025070226054,2025,070226054,1,9,0,-1,19,3,7,-1,0,0,0,0,0,0,1,1,-1,6,2,55,8,-1,-1,-1,-1,5,E01018547,0,1
2025070226666,2025,070226666,1,1,0,-1,19,5,1,-1,9,2,1,10,0,10,1,1,-1,9,1,33,6,-1,-1,-1,-1,4,E01018594,0,1
2025070226698,2025,070226698,2,9,0,-1,4,1,5,-1,0,8,0,0,0,0,1,1,-1,6,2,35,6,-1,-1,-1,-1,2,E01018685,0,1
2025070226698,2025,070226698,1,9,0,-1,9,5,1,-1,0,8,0,0,0,0,1,1,-1,6,2,63,9,-1,-1,-1,-1,3,E01007169,0,3
2025070228940,2025,070228940,2,8,0,-1,19,7,3,-1,0,1,0,0,0,0,1,1,-1,1,1,74,10,-1,-1,-1,-1,6,E01012524,0,1
2025070228940,2025,070228940,1,9,0,-1,9,2,7,-1,0,1,0,0,0,0,1,1,-1,9,2,34,6,-1,-1,-1,-1,-1,-1,0,-1
2025070229006,2025,070229006,2,90,0,-1,19,2,6,-1,0,1,0,0,0,0,1,1,-1,1,2,26,6,-1,-1,-1,-1,4,E01006261,0,3
2025070229006,2025,070229006,1,9,0,-1,9,5,1,-1,0,6,0,0,0,0,3,-1,-1,9,1,74,10,-1,-1,-1,-1,9,E01012494,0,3
2025070229230,2025,070229230,1,9,0,-1,6,5,5,-1,0,8,0,0,0,0,1,1,-1,6,2,36,7,-1,-1,-1,-1,2,E01018714,0,1
2025070230754,2025,070230754,2,9,0,-1,4,7,1,-1,0,1,0,0,0,0,2,1,-1,9,1,63,9,-1,-1,-1,-1,10,E01018407,0,1
2025070230754,2025,070230754,1,9,0,-1,19,7,1,-1,0,1,0,0,0,0,1,1,-1,9,2,54,8,-1,-1,-1,-1,-1,-1,0,-1
2025070231460,2025,070231460,2,9,0,-1,4,5,1,-1,0,1,0,0,0,0,1,1,-1,9,1,76,11,-1,-1,-1,-1,9,E01018593,0,1
2025070231460,2025,070231460,1,9,0,-1,5,3,1,-1,0,6,0,0,0,0,1,1,-1,6,3,-1,-1,-1,-1,-1,-1,-1,-1,0,-1
2025070231530,2025,070231530,1,9,0,-1,13,5,1,-1,0,8,0,0,0,0,4,1,-1,9,1,18,4,-1,-1,-1,-1,7,E01018417,0,2
2025070231530,2025,070231530,2,5,0,-1,13,5,1,-1,0,8,0,0,0,0,3,1,-1,9,1,63,9,-1,-1,-1,-1,7,E01018429,0,1
2025070231773,2025,070231773,2,1,0,-1,19,1,1,-1,0,8,0,0,0,0,4,1,-1,6,1,51,8,-1,-1,-1,-1,9,E01029767,0,4
2025070231773,2025,070231773,1,19,0,-1,19,5,1,-1,0,4,0,0,0,0,3,1,-1,6,1,-1,-1,-1,-1,-1,-1,4,W01000238,0,4
2025070231833,2025,070231833,2,9,0,-1,19,3,7,-1,0,8,0,0,0,0,1,1,-1,9,1,67,10,-1,-1,-1,-1,4,E01018647,0,1
2025070231833,2025,070231833,1,1,0,-1,9,5,7,-1,0,6,0,0,0,0,1,1,-1,6,1,25,5,-1,-1,-1,-1,4,E01018618,0,1
2025070232630,2025,070232630,2,9,0,-1,19,2,6,-1,0,1,0,0,0,0,1,1,-1,2,2,59,9,-1,-1,-1,-1,8,E01012385,0,1
2025070232630,2025,070232630,1,9,0,-1,19,8,4,-1,0,6,5,0,0,0,4,1,-1,2,2,24,5,-1,-1,-1,-1,4,E01012404,0,2
2025070235489,2025,070235489,1,9,0,-1,9,1,2,-1,0,5,0,0,0,0,1,1,-1,9,2,71,10,-1,-1,-1,-1,3,E01012369,0,1
2025070235932,2025,070235932,1,9,0,-1,19,6,2,-1,0,8,0,0,0,0,1,1,-1,6,2,38,7,-1,-1,-1,-1,2,E01034670,0,1
2025070237676,2025,070237676,1,9,0,-1,19,5,1,-1,0,0,0,0,0,0,4,1,-1,9,1,42,7,-1,-1,-1,-1,8,E01018681,0,1
2025070237728,2025,070237728,2,9,0,-1,4,5,7,-1,0,2,0,0,0,0,2,9,-1,6,3,-1,-1,-1,-1,-1,-1,-1,-1,0,-1
2025070237728,2025,070237728,1,9,0,-1,19,5,7,-1,0,2,0,0,0,0,1,1,-1,1,2,50,8,-1,-1,-1,-1,9,E01033378,0,1
2025070238219,2025,070238219,2,9,0,-1,4,7,3,-1,0,0,0,0,0,0,2,1,-1,9,2,22,5,-1,-1,-1,-1,7,E01012527,0,1
2025070238219,2025,070238219,1,3,0,-1,19,7,3,-1,0,0,0,0,0,0,1,1,-1,2,1,20,4,-1,-1,-1,-1,8,E01012557,0,2
2025070238492,2025,070238492,1,90,0,-1,19,5,1,-1,0,0,2,0,0,0,0,1,-1,6,1,20,4,-1,-1,-1,-1,6,E01018421,0,1
2025070238606,2025,070238606,2,1,0,-1,99,5,1,-1,0,8,0,0,0,0,3,1,-1,6,1,34,6,-1,-1,-1,-1,2,E01012525,0,1
2025070238606,2025,070238606,1,9,9,-1,19,3,7,-1,0,8,0,0,0,0,1,1,-1,6,1,-1,-1,-1,-1,-1,-1,-1,-1,0,-1
2025070238885,2025,070238885,2,9,0,-1,9,1,7,-1,0,6,0,0,0,0,3,1,-1,6,1,41,7,-1,-1,-1,-1,7,E01018448,0,1
2025070238885,2025,070238885,1,9,0,-1,19,7,3,-1,0,1,0,0,0,0,3,1,-1,6,2,21,5,-1,-1,-1,-1,5,E01018426,0,3
2025070242627,2025,070242627,2,9,0,-1,19,3,7,-1,0,8,0,0,0,0,3,1,-1,9,1,83,11,-1,-1,-1,-1,9,E01018376,0,1
2025070242627,2025,070242627,1,9,0,-1,19,1,5,-1,0,8,0,0,0,0,1,1,-1,9,1,26,6,-1,-1,-1,-1,10,E01018377,0,1
2025070242814,2025,070242814,2,9,0,-1,3,1,5,-1,0,1,0,0,0,0,2,1,-1,6,2,36,7,-1,-1,-1,-1,6,E01018679,0,3
2025070242814,2025,070242814,1,9,0,-1,19,1,5,-1,0,1,0,0,0,0,1,1,-1,6,1,37,7,-1,-1,-1,-1,2,E01018739,0,2
2025070243029,2025,070243029,1,9,0,-1,9,7,3,-1,0,5,0,0,0,0,1,1,-1,9,1,74,10,-1,-1,-1,-1,10,E01018414,0,4
2025070243029,2025,070243029,2,4,0,-1,19,3,7,-1,0,1,0,0,0,0,1,1,-1,9,1,67,10,-1,-1,-1,-1,1,E01018462,0,3
2025070243867,2025,070243867,2,9,0,-1,3,1,5,-1,0,2,-1,-1,-1,0,2,9,-1,9,1,31,6,-1,-1,-1,-1,1,E01035366,0,1
2025070243867,2025,070243867,1,9,0,-1,4,1,5,-1,0,2,0,0,0,0,1,9,-1,6,1,18,4,-1,-1,-1,-1,5,E01018367,0,2
2025070244107,2025,070244107,2,9,0,-1,19,1,5,-1,0,0,0,0,0,0,4,1,-1,6,1,51,8,-1,-1,-1,-1,7,E01034100,0,4
2025070244107,2025,070244107,1,9,0,-1,19,1,5,-1,0,0,0,0,0,7,3,1,-1,6,2,67,10,-1,-1,-1,-1,8,E01006936,0,4
2025070244107,2025,070244107,3,9,0,-1,19,1,5,-1,-1,0,0,0,0,0,0,1,-1,6,1,41,7,-1,-1,-1,-1,1,E01014256,0,3
2025070245055,2025,070245055,1,3,0,-1,4,5,8,-1,0,1,1,0,0,0,1,1,-1,1,1,31,6,-1,-1,-1,-1,3,W01000329,0,4
2025070246248,2025,070246248,2,9,0,-1,19,2,6,-1,0,1,0,0,0,0,1,1,-1,9,1,77,11,-1,-1,-1,-1,6,E01007201,0,3
2025070246248,2025,070246248,1,9,0,-1,9,3,7,-1,0,1,0,0,7,0,1,1,-1,9,2,18,4,-1,-1,-1,-1,6,W01000442,0,4
2025070247310,2025,070247310,1,3,0,-1,7,6,2,-1,1,0,5,0,0,0,4,1,-1,6,1,21,5,-1,-1,-1,-1,3,E01012497,0,1
2025070249041,2025,070249041,1,9,0,-1,13,1,5,-1,0,0,0,0,0,0,1,9,-1,6,3,-1,-1,-1,-1,-1,-1,-1,-1,0,-1
2025070249041,2025,070249041,2,1,0,-1,19,1,5,-1,0,0,1,0,0,0,2,1,-1,9,1,63,9,-1,-1,-1,-1,10,E01018389,0,2
2025070250228,2025,070250228,1,9,0,-1,19,4,2,-1,0,2,0,0,0,0,1,1,-1,9,1,85,11,-1,-1,-1,-1,6,E01018735,0,1
2025070250228,2025,070250228,2,22,0,-1,19,8,4,-1,0,1,0,0,0,0,1,1,-1,9,1,78,11,-1,-1,-1,-1,3,E01018746,0,1
2025070250228,2025,070250228,3,9,0,-1,2,0,0,-1,0,1,0,0,0,0,1,1,-1,6,2,-1,-1,-1,-1,-1,-1,-1,-1,0,-1
2025070251403,2025,070251403,1,9,0,-1,19,7,3,-1,0,1,0,0,0,0,1,1,-1,2,1,41,7,-1,-1,-1,-1,6,E01018355,0,1
2025070251403,2025,070251403,2,9,0,-1,19,7,3,-1,0,1,0,0,0,0,1,1,-1,2,2,36,7,-1,-1,-1,-1,6,E01018355,0,1
2025070251457,2025,070251457,2,9,0,-1,4,2,6,-1,0,0,0,0,0,0,2,1,-1,6,1,55,8,-1,-1,-1,-1,2,E01029564,0,4
2025070251457,2025,070251457,1,9,0,-1,4,2,6,-1,0,0,0,0,0,0,2,-1,-1,6,3,-1,-1,-1,-1,-1,-1,-1,-1,0,-1
2025070251857,2025,070251857,1,9,0,-1,12,8,1,-1,0,8,0,0,0,0,4,1,-1,9,1,28,6,-1,-1,-1,-1,1,E01006817,0,1