collision_index,collision_year,collision_ref_no,vehicle_reference,vehicle_type,towing_and_articulation,vehicle_manoeuvre_historic,vehicle_manoeuvre,vehicle_direction_from,vehicle_direction_to,vehicle_location_restricted_lane_historic,vehicle_location_restricted_lane,junction_location,skidding_and_overturning,hit_object_in_carriageway,vehicle_leaving_carriageway,hit_object_off_carriageway,first_point_of_impact,vehicle_left_hand_drive,journey_purpose_of_driver_historic,journey_purpose_of_driver,sex_of_driver,age_of_driver,age_band_of_driver,engine_capacity_cc,propulsion_code,age_of_vehicle,generic_make_model,driver_imd_decile,lsoa_of_driver,escooter_flag,driver_distance_banding
2025070301696,2025,070301696,2,5,0,-1,13,3,7,-1,0,0,0,0,0,0,9,1,-1,6,1,55,8,-1,-1,-1,-1,8,E01018443,0,3
2025070302196,2025,070302196,2,9,0,-1,4,5,1,-1,0,8,0,0,0,0,2,1,-1,9,1,39,7,-1,-1,-1,-1,5,E01018319,0,2
2025070302196,2025,070302196,1,9,0,-1,4,5,1,-1,0,8,0,0,0,0,1,1,-1,9,2,34,6,-1,-1,-1,-1,1,W01001969,0,3
2025070304652,2025,070304652,1,90,0,-1,19,5,1,-1,0,6,0,0,0,0,4,1,-1,6,2,9,2,-1,-1,-1,-1,2,E01018316,0,1
2025070304652,2025,070304652,2,90,0,-1,7,3,5,-1,0,6,0,0,0,0,1,1,-1,1,1,46,8,-1,-1,-1,-1,1,E01018317,0,1
2025070305578,2025,070305578,1,9,0,-1,9,1,8,-1,0,5,0,0,0,0,4,1,-1,9,1,33,6,-1,-1,-1,-1,5,E01006346,0,2
2025070305578,2025,070305578,2,9,0,-1,19,5,1,-1,0,1,0,0,0,0,1,1,-1,7,2,17,4,-1,-1,-1,-1,1,E01012537,0,1
2025070305578,2025,070305578,3,9,0,-1,8,7,1,-1,0,1,0,0,0,0,3,1,-1,2,1,27,6,-1,-1,-1,-1,5,E01006576,0,3
2025070306128,2025,070306128,1,1,0,-1,19,1,1,-1,0,0,0,0,0,0,2,1,-1,6,1,27,6,-1,-1,-1,-1,-1,-1,0,-1
2025070306128,2025,070306128,2,4,0,-1,19,1,1,-1,0,0,0,0,0,0,1,1,-1,2,1,42,7,-1,-1,-1,-1,-1,-1,0,-1
2025070306849,2025,070306849,2,1,0,-1,19,5,1,-1,0,1,2,0,0,0,1,1,-1,6,1,45,7,-1,-1,-1,-1,-1,-1,0,-1
2025070306849,2025,070306849,1,9,0,-1,5,7,5,-1,0,8,0,0,0,0,3,1,-1,1,2,39,7,-1,-1,-1,-1,8,E01018565,0,3
2025070307423,2025,070307423,2,19,0,-1,19,7,3,-1,-1,0,0,0,0,0,2,1,-1,1,1,51,8,-1,-1,-1,-1,3,E01010600,0,4
2025070307423,2025,070307423,1,9,0,-1,19,7,3,-1,-1,0,0,0,0,0,1,1,-1,9,1,63,9,-1,-1,-1,-1,6,E01014178,0,4
2025070308329,2025,070308329,1,9,0,-1,9,5,3,-1,0,5,0,0,0,0,4,1,-1,9,1,59,9,-1,-1,-1,-1,2,E01035365,0,1
2025070308329,2025,070308329,2,90,0,-1,19,1,5,-1,9,1,2,0,0,0,4,1,-1,6,1,25,5,-1,-1,-1,-1,-1,-1,0,-1
2025070308372,2025,070308372,2,9,0,-1,19,3,7,-1,0,0,0,0,0,0,1,1,-1,6,2,-1,-1,-1,-1,-1,-1,-1,-1,0,-1
2025070308372,2025,070308372,1,1,0,-1,19,7,3,-1,0,0,9,0,0,0,1,-1,-1,9,1,65,9,-1,-1,-1,-1,10,E01006081,0,4
2025070309669,2025,070309669,2,9,0,-1,19,2,6,-1,0,0,0,0,0,0,1,1,-1,9,2,53,8,-1,-1,-1,-1,8,E01012386,0,1
2025070309669,2025,070309669,1,19,0,-1,9,6,2,-1,0,0,0,0,0,0,3,1,-1,1,1,22,5,-1,-1,-1,-1,7,E01007315,0,4
2025070311256,2025,070311256,1,2,0,-1,19,1,5,-1,0,1,0,6,0,0,1,1,-1,9,1,18,4,-1,-1,-1,-1,6,E01018421,0,1
2025070311256,2025,070311256,2,9,0,-1,19,7,3,-1,0,2,0,0,0,0,1,1,-1,9,1,40,7,-1,-1,-1,-1,6,E01018749,0,1
2025070311488,2025,070311488,2,9,0,-1,19,3,7,-1,0,8,0,0,7,0,4,1,-1,9,1,67,10,-1,-1,-1,-1,8,E01007148,0,1
2025070311488,2025,070311488,1,9,0,-1,19,5,1,-1,0,6,0,0,0,0,1,1,-1,7,2,27,6,-1,-1,-1,-1,7,E01018379,0,3
2025070312940,2025,070312940,1,9,0,-1,12,3,7,-1,0,0,0,0,0,0,3,9,-1,6,3,-1,-1,-1,-1,-1,-1,-1,-1,0,-1
2025070312940,2025,070312940,2,9,0,-1,19,3,7,-1,0,0,0,0,0,0,4,1,-1,7,2,45,7,-1,-1,-1,-1,2,E01006826,0,3
2025070313800,2025,070313800,2,9,0,-1,4,1,5,-1,0,0,0,0,0,0,2,1,-1,9,2,53,8,-1,-1,-1,-1,3,E01032527,0,5
2025070313800,2025,070313800,1,9,0,-1,19,1,5,-1,0,0,0,0,0,0,1,1,-1,6,1,28,6,-1,-1,-1,-1,3,E01029810,0,4
2025070314553,2025,070314553,2,98,9,-1,4,5,1,-1,0,0,0,0,0,0,2,9,-1,6,3,-1,-1,-1,-1,-1,-1,-1,-1,0,-1
2025070314553,2025,070314553,1,8,0,-1,4,5,1,-1,0,0,0,0,0,0,1,1,-1,1,1,53,8,-1,-1,-1,-1,9,E01012500,0,2
2025070314883,2025,070314883,1,9,0,-1,7,5,3,-1,0,6,0,0,0,0,1,1,-1,6,3,-1,-1,-1,-1,-1,-1,-1,-1,0,-1
2025070314883,2025,070314883,2,8,0,-1,19,7,3,-1,0,8,0,0,0,0,3,1,-1,1,1,48,8,-1,-1,-1,-1,-1,-1,0,-1
2025070315779,2025,070315779,2,9,0,-1,4,8,4,-1,0,2,0,0,0,0,2,1,-1,9,2,20,4,-1,-1,-1,-1,8,E01018727,0,1
2025070315779,2025,070315779,3,9,0,-1,4,8,6,-1,0,2,0,0,0,0,2,1,-1,9,2,53,8,-1,-1,-1,-1,5,E01018689,0,2
2025070315779,2025,070315779,1,9,0,-1,4,8,4,-1,0,2,0,0,0,0,1,1,-1,9,1,19,4,-1,-1,-1,-1,6,E01029814,0,4
2025070316082,2025,070316082,2,9,0,-1,19,2,6,-1,0,0,0,0,0,0,3,1,-1,9,1,68,10,-1,-1,-1,-1,3,E01025111,0,4
2025070316082,2025,070316082,1,9,0,-1,19,2,6,-1,0,0,5,0,0,0,1,1,-1,9,1,86,11,-1,-1,-1,-1,3,W01000298,0,4
2025070318459,2025,070318459,1,9,0,-1,19,3,7,-1,0,0,0,0,0,0,1,9,-1,6,3,-1,-1,-1,-1,-1,-1,-1,-1,0,-1
2025070318459,2025,070318459,3,1,0,-1,19,7,3,-1,0,0,0,0,0,0,3,1,-1,9,1,16,4,-1,-1,-1,-1,6,E01018617,0,2
2025070318459,2025,070318459,2,1,0,-1,19,7,3,-1,0,0,0,0,0,0,2,1,-1,9,1,14,3,-1,-1,-1,-1,9,E01018669,0,1
2025070319636,2025,070319636,1,3,0,-1,19,5,8,-1,9,0,1,10,7,11,1,1,-1,2,1,25,5,-1,-1,-1,-1,4,E01018535,0,1
2025070320097,2025,070320097,1,9,0,-1,19,5,1,-1,0,2,0,0,0,0,1,1,-1,6,2,61,9,-1,-1,-1,-1,3,E01012507,0,1
2025070320218,2025,070320218,2,5,0,-1,4,3,5,-1,0,0,0,0,0,0,2,1,-1,6,1,56,9,-1,-1,-1,-1,2,E01018685,0,2
2025070320218,2025,070320218,1,9,0,-1,4,3,5,-1,0,0,0,0,0,0,2,1,-1,6,2,52,8,-1,-1,-1,-1,9,E01018368,0,1
2025070321003,2025,070321003,2,9,0,-1,10,3,7,-1,0,1,1,0,1,11,3,1,-1,6,2,60,9,-1,-1,-1,-1,4,E01018647,0,1
2025070321003,2025,070321003,1,9,0,-1,14,3,7,-1,0,1,1,0,7,4,1,1,-1,9,1,29,6,-1,-1,-1,-1,1,E01005081,0,4
2025070321342,2025,070321342,2,9,0,-1,13,1,5,-1,0,0,0,0,0,0,4,1,-1,9,1,26,6,-1,-1,-1,-1,8,-1,0,5
2025070321342,2025,070321342,1,9,0,-1,12,1,5,-1,0,0,0,0,0,0,1,1,-1,9,1,33,6,-1,-1,-1,-1,1,E01014287,0,4
2025070323464,2025,070323464,2,1,0,-1,19,1,5,-1,0,8,0,0,0,0,4,1,-1,9,1,15,3,-1,-1,-1,-1,2,E01012525,0,1
2025070323464,2025,070323464,1,9,0,-1,19,3,7,-1,0,1,0,0,0,0,1,9,-1,6,3,-1,-1,-1,-1,-1,-1,-1,-1,0,-1
2025070323600,2025,070323600,1,9,0,-1,19,1,5,-1,0,0,0,0,0,0,1,1,-1,6,2,22,5,-1,-1,-1,-1,10,E01018370,0,2
2025070323600,2025,070323600,2,9,0,-1,19,5,1,-1,0,0,0,0,0,0,1,1,-1,9,1,50,8,-1,-1,-1,-1,7,E01018357,0,3
2025070323815,2025,070323815,1,9,0,-1,19,7,2,-1,0,0,1,0,1,0,1,1,-1,2,2,27,6,-1,-1,-1,-1,1,E01018745,0,1
2025070325645,2025,070325645,2,3,0,-1,9,5,3,-1,0,8,0,0,0,0,4,1,-1,2,1,51,8,-1,-1,-1,-1,3,E01018729,0,2
2025070325645,2025,070325645,1,9,0,-1,19,1,5,-1,0,8,0,0,0,0,1,1,-1,9,2,72,10,-1,-1,-1,-1,8,E01018677,0,1
2025070325863,2025,070325863,3,9,0,-1,19,1,5,-1,0,0,1,0,4,0,1,1,-1,9,1,64,9,-1,-1,-1,-1,9,E01018518,0,4
2025070325863,2025,070325863,1,9,0,-1,19,1,5,-1,0,0,1,0,4,6,1,1,-1,9,2,74,10,-1,-1,-1,-1,7,E01019382,0,4
2025070325863,2025,070325863,2,9,0,-1,19,1,5,-1,0,0,1,0,4,6,1,1,-1,9,1,79,11,-1,-1,-1,-1,8,E01014111,0,4
2025070326701,2025,070326701,1,3,0,-1,3,3,7,-1,9,0,0,10,1,2,1,1,-1,6,1,53,8,-1,-1,-1,-1,1,E01012438,0,1
2025070326885,2025,070326885,2,9,0,-1,19,3,3,-1,0,1,0,0,0,0,2,1,-1,6,1,62,9,-1,-1,-1,-1,9,E01012514,0,2
2025070326885,2025,070326885,1,9,0,-1,19,3,3,-1,0,1,0,0,0,0,1,1,-1,6,1,30,6,-1,-1,-1,-1,6,E01012501,0,1
2025070326954,2025,070326954,1,9,0,-1,19,1,5,-1,0,0,2,10,7,11,1,1,-1,9,1,29,6,-1,-1,-1,-1,-1,-1,0,-1
2025070327294,2025,070327294,1,9,0,-1,5,4,1,-1,99,1,0,0,0,0,1,9,-1,6,3,-1,-1,-1,-1,-1,-1,-1,-1,0,-1
2025070327294,2025,070327294,2,9,0,-1,19,3,7,-1,0,2,0,0,0,0,0,1,-1,1,1,49,8,-1,-1,-1,-1,3,E01005158,0,4
2025070327739,2025,070327739,2,10,0,-1,19,1,5,-1,0,1,0,0,0,0,1,1,-1,1,1,64,9,-1,-1,-1,-1,10,E01018366,0,2
2025070327739,2025,070327739,1,1,0,-1,9,3,7,-1,0,6,0,0,0,0,3,1,-1,9,1,15,3,-1,-1,-1,-1,6,E01018566,0,1
2025070327741,2025,070327741,2,9,0,-1,3,4,7,-1,0,1,0,0,0,0,2,1,-1,6,1,33,6,-1,-1,-1,-1,1,E01019568,0,4
2025070327741,2025,070327741,1,9,0,-1,19,4,7,-1,0,1,0,0,0,0,1,1,-1,6,1,35,6,-1,-1,-1,-1,6,E01033262,0,4
2025070327896,2025,070327896,1,9,0,-1,19,4,8,-1,0,0,0,0,1,11,4,1,-1,9,2,69,10,-1,-1,-1,-1,7,E01018670,0,1
2025070328366,2025,070328366,4,9,0,-1,4,3,7,-1,0,1,0,0,0,0,2,1,-1,9,1,75,10,-1,-1,-1,-1,2,E01012479,0,1
2025070328366,2025,070328366,1,9,0,-1,4,3,7,-1,0,1,0,0,0,0,1,1,-1,9,1,82,11,-1,-1,-1,-1,9,E01012493,0,1
2025070328366,2025,070328366,2,9,0,-1,4,3,7,-1,0,1,0,0,0,0,3,1,-1,9,2,30,6,-1,-1,-1,-1,2,E01012391,0,3
2025070328366,2025,070328366,3,9,0,-1,4,3,7,-1,0,1,0,0,0,0,2,1,-1,9,2,55,8,-1,-1,-1,-1,9,E01012493,0,1
2025070329472,2025,070329472,2,1,0,-1,19,7,5,-1,0,0,9,8,0,0,1,1,-1,6,2,27,6,-1,-1,-1,-1,-1,-1,0,-1
2025070329472,2025,070329472,1,19,0,-1,19,7,5,-1,0,0,0,0,0,0,1,1,-1,6,1,-1,-1,-1,-1,-1,-1,-1,-1,0,-1
2025070330820,2025,070330820,2,5,0,-1,19,1,5,-1,0,8,0,0,0,0,4,1,-1,2,1,41,7,-1,-1,-1,-1,1,E01018738,0,1
2025070330820,2025,070330820,1,19,0,-1,19,3,7,-1,0,4,0,0,0,0,1,1,-1,2,1,59,9,-1,-1,-1,-1,1,E01024953,0,4
2025070330903,2025,070330903,1,1,0,-1,19,2,6,-1,0,6,0,0,0,0,4,1,-1,7,1,15,3,-1,-1,-1,-1,6,E01018743,0,1
2025070330903,2025,070330903,2,19,0,-1,19,6,2,-1,0,1,0,0,0,0,3,1,-1,2,1,63,9,-1,-1,-1,-1,6,E01018743,0,1
2025070331312,2025,070331312,1,9,0,-1,19,1,5,-1,0,6,0,0,0,0,1,1,-1,6,3,-1,-1,-1,-1,-1,-1,-1,-1,0,-1
2025070331312,2025,070331312,2,1,0,-1,19,3,7,-1,0,8,0,0,0,0,3,1,-1,6,1,19,4,-1,-1,-1,-1,5,E01018496,0,1
2025070331852,2025,070331852,2,9,0,-1,19,3,7,-1,0,1,0,0,0,0,1,1,-1,6,2,67,10,-1,-1,-1,-1,1,E01018466,0,1
2025070331852,2025,070331852,1,8,0,-1,5,1,3,-1,0,6,0,0,0,0,3,1,-1,1,1,51,8,-1,-1,-1,-1,1,E01005564,0,4
2025070331853,2025,070331853,1,9,0,-1,13,2,6,-1,0,2,0,0,0,0,1,9,-1,6,1,-1,-1,-1,-1,-1,-1,-1,-1,0,-1
2025070331853,2025,070331853,2,9,0,-1,5,2,6,-1,0,2,0,0,0,0,3,1,-1,9,2,20,4,-1,-1,-1,-1,7,E01012527,0,2
2025070332361,2025,070332361,1,9,0,-1,19,1,5,-1,0,4,0,0,0,0,2,1,-1,6,2,39,7,-1,-1,-1,-1,2,E01035365,0,1
2025070332361,2025,070332361,2,9,0,-1,19,5,1,-1,0,4,0,0,0,0,0,1,-1,6,2,39,7,-1,-1,-1,-1,8,E01018528,0,1
2025070332420,2025,070332420,2,9,0,-1,4,5,1,-1,0,0,0,0,0,0,2,1,-1,2,1,19,4,-1,-1,-1,-1,4,W01000423,0,3
2025070332420,2025,070332420,1,9,0,-1,19,5,1,-1,0,0,0,0,0,0,1,1,-1,9,2,36,7,-1,-1,-1,-1,2,W01000379,0,3
2025070332463,2025,070332463,2,9,0,-1,19,4,8,-1,0,8,0,0,0,0,1,1,-1,2,1,30,6,-1,-1,-1,-1,2,E01012370,0,1
2025070332463,2025,070332463,1,1,0,-1,19,2,6,-1,0,8,0,0,0,0,4,1,-1,9,1,14,3,-1,-1,-1,-1,3,E01012368,0,1
2025070332642,2025,070332642,2,9,0,-1,19,2,6,-1,0,4,0,0,0,0,2,1,-1,6,1,40,7,-1,-1,-1,-1,8,E01012462,0,1
2025070332642,2025,070332642,1,9,0,-1,19,2,6,-1,0,4,0,0,0,0,1,9,-1,6,2,-1,-1,-1,-1,-1,-1,-1,-1,0,-1
2025070333882,2025,070333882,1,9,0,-1,19,5,5,-1,0,1,0,0,7,1,1,1,-1,1,2,54,8,-1,-1,-1,-1,3,E01012523,0,1
2025070335024,2025,070335024,3,9,0,-1,19,7,3,-1,0,8,0,0,0,0,3,1,-1,2,1,27,6,-1,-1,-1,-1,2,E01018485,0,1
2025070335024,2025,070335024,1,9,0,-1,19,7,3,-1,0,8,0,0,0,0,3,1,-1,6,3,-1,-1,-1,-1,-1,-1,-1,-1,0,-1
2025070335024,2025,070335024,2,9,0,-1,19,5,1,-1,0,1,0,0,0,0,1,1,-1,7,1,19,4,-1,-1,-1,-1,7,E01018371,0,4
2025070336927,2025,070336927,2,3,0,-1,19,3,7,-1,0,0,0,0,0,0,1,1,-1,2,1,32,6,-1,-1,-1,-1,-1,-1,0,-1
2025070336927,2025,070336927,1,1,0,-1,19,3,7,-1,0,0,0,0,0,0,2,1,-1,6,1,64,9,-1,-1,-1,-1,-1,-1,0,-1
2025070336943,2025,070336943,2,9,0,-1,3,1,5,-1,0,3,0,0,0,0,2,1,-1,9,1,66,10,-1,-1,-1,-1,6,E01034675,0,2
2025070336943,2025,070336943,3,99,0,-1,3,1,5,-1,0,3,0,0,0,0,2,1,-1,6,2,-1,-1,-1,-1,-1,-1,-1,-1,0,-1
2025070336943,2025,070336943,1,9,0,-1,4,1,5,-1,0,3,0,0,0,0,1,1,-1,9,1,68,10,-1,-1,-1,-1,5,E01018460,0,1
2025070340050,2025,070340050,1,9,0,-1,19,3,7,-1,0,0,0,0,0,0,1,1,-1,9,1,89,11,-1,-1,-1,-1,-1,-1,0,-1
2025070341633,2025,070341633,2,9,0,-1,19,3,7,-1,0,0,0,0,0,0,3,1,-1,6,1,22,5,-1,-1,-1,-1,-1,-1,0,-1
2025070341633,2025,070341633,1,9,0,-1,9,7,3,-1,0,0,0,0,0,0,3,1,-1,6,1,78,11,-1,-1,-1,-1,6,E01018332,0,1
2025070342240,2025,070342240,2,3,0,-1,99,1,5,-1,0,1,9,0,0,0,9,1,-1,6,1,20,4,-1,-1,-1,-1,5,E01029802,0,3
2025070342240,2025,070342240,1,19,9,-1,99,1,5,-1,0,1,9,0,0,0,1,1,-1,6,3,-1,-1,-1,-1,-1,-1,-1,-1,0,-1
2025070345600,2025,070345600,1,9,0,-1,13,7,3,-1,0,0,0,0,7,0,3,1,-1,9,1,37,7,-1,-1,-1,-1,1,E01006678,0,4
2025070345600,2025,070345600,2,9,0,-1,19,3,7,-1,0,0,1,0,7,0,3,1,-1,9,1,70,10,-1,-1,-1,-1,3,E01018732,0,1
2025070345600,2025,070345600,3,9,0,-1,19,7,3,-1,0,0,0,0,1,0,1,1,-1,9,1,46,8,-1,-1,-1,-1,9,E01018419,0,2
2025070346856,2025,070346856,2,9,0,-1,2,0,0,-1,0,0,0,0,0,0,3,1,-1,6,1,-1,-1,-1,-1,-1,-1,-1,-1,0,-1
2025070346856,2025,070346856,1,90,0,-1,19,7,3,-1,9,0,0,4,0,0,1,1,-1,9,1,14,3,-1,-1,-1,-1,1,E01012422,0,1
2025070349357,2025,070349357,1,9,0,-1,19,2,6,-1,0,0,0,4,0,0,1,1,-1,2,1,40,7,-1,-1,-1,-1,7,E01010897,0,4
2025070349357,2025,070349357,2,98,0,-1,2,0,0,-1,0,0,0,0,0,0,2,1,-1,1,1,48,8,-1,-1,-1,-1,4,E01012481,0,2
2025070349627,2025,070349627,1,9,0,-1,9,4,2,-1,0,5,0,0,0,0,1,1,-1,6,1,-1,-1,-1,-1,-1,-1,-1,-1,0,-1
2025070349627,2025,070349627,2,4,0,-1,19,8,4,-1,0,1,1,0,0,0,4,1,-1,9,1,61,9,-1,-1,-1,-1,10,E01018576,0,1
2025070349970,2025,070349970,2,9,0,-1,19,7,3,-1,0,2,0,0,0,0,3,1,-1,7,1,51,8,-1,-1,-1,-1,8,E01018341,0,2
2025070349970,2025,070349970,1,21,1,-1,5,3,5,-1,0,1,0,0,0,0,3,1,-1,1,1,45,7,-1,-1,-1,-1,8,W01001972,0,3
2025070350794,2025,070350794,1,9,0,-1,19,3,7,-1,0,1,0,0,0,0,0,1,-1,6,1,19,4,-1,-1,-1,-1,6,E01014264,0,3
2025070350794,2025,070350794,3,90,0,-1,19,3,7,-1,0,1,0,0,0,0,0,1,-1,1,1,55,8,-1,-1,-1,-1,-1,-1,0,-1
2025070350794,2025,070350794,2,1,0,-1,12,3,7,-1,0,1,0,0,0,0,0,1,-1,2,1,11,3,-1,-1,-1,-1,9,E01018419,0,1
2025070352012,2025,070352012,1,9,0,-1,19,5,1,-1,0,0,2,0,0,0,4,1,-1,9,1,19,4,-1,-1,-1,-1,6,E01018679,0,2
2025070352813,2025,070352813,2,1,0,-1,19,1,5,-1,0,2,0,0,0,0,4,1,-1,6,2,11,3,-1,-1,-1,-1,5,E01012544,0,1
2025070352813,2025,070352813,1,9,0,-1,19,7,3,-1,0,2,0,0,0,0,1,1,-1,6,3,-1,-1,-1,-1,-1,-1,-1,-1,0,-1
2025070353559,2025,070353559,2,1,0,-1,19,1,5,-1,0,1,0,0,0,0,1,1,-1,9,1,47,8,-1,-1,-1,-1,1,E01034835,0,3
2025070353559,2025,070353559,1,9,0,-1,19,3,7,-1,0,6,0,0,0,0,1,1,-1,6,1,32,6,-1,-1,-1,-1,-1,-1,0,-1
2025070353635,2025,070353635,1,9,0,-1,9,7,5,-1,0,6,0,0,0,0,1,1,-1,9,1,92,11,-1,-1,-1,-1,9,E01018581,0,1
2025070353635,2025,070353635,2,9,0,-1,19,5,1,-1,0,8,1,0,0,0,1,1,-1,9,1,43,7,-1,-1,-1,-1,6,E01018425,0,3
2025070353943,2025,070353943,2,9,0,-1,19,7,3,-1,0,1,0,0,0,0,4,1,-1,6,2,19,4,-1,-1,-1,-1,10,E01018695,0,1
2025070353943,2025,070353943,1,9,0,-1,5,1,3,-1,0,8,0,0,9,0,4,1,-1,6,1,25,5,-1,-1,-1,-1,-1,-1,0,-1
2025070354399,2025,070354399,2,9,0,-1,19,5,1,-1,0,1,0,0,0,0,2,1,-1,6,1,39,7,-1,-1,-1,-1,6,E01034667,0,1
2025070354399,2025,070354399,1,20,0,-1,19,5,1,-1,0,1,0,0,0,0,1,1,-1,6,1,62,9,-1,-1,-1,-1,10,E01018667,0,3
2025070355935,2025,070355935,1,20,0,-1,19,1,5,-1,0,7,0,0,0,0,1,1,-1,2,1,42,7,-1,-1,-1,-1,6,E01006216,0,2
2025070355935,2025,070355935,2,9,0,-1,4,1,5,-1,0,7,0,0,0,0,2,1,-1,1,2,47,8,-1,-1,-1,-1,1,E01025527,0,3
2025070357404,2025,070357404,1,11,0,-1,19,3,7,-1,0,8,0,0,0,0,1,1,-1,1,1,69,10,-1,-1,-1,-1,3,E01018402,0,1
2025070357404,2025,070357404,2,9,0,-1,3,3,7,-1,0,8,0,0,0,0,2,1,-1,6,1,66,10,-1,-1,-1,-1,9,E01029682,0,4
2025070357425,2025,070357425,1,1,0,-1,5,5,1,-1,0,1,0,0,0,0,4,1,-1,9,1,17,4,-1,-1,-1,-1,6,E01018749,0,1
2025070357425,2025,070357425,2,19,0,-1,19,5,1,-1,0,1,0,0,0,0,4,1,-1,1,1,60,9,-1,-1,-1,-1,9,E01018737,0,1
2025070357726,2025,070357726,2,9,0,-1,19,7,3,-1,0,0,1,0,0,0,2,1,-1,9,2,19,4,-1,-1,-1,-1,5,E01016580,0,5
2025070357726,2025,070357726,3,9,0,-1,19,7,3,-1,0,0,1,0,1,0,4,1,-1,9,1,33,6,-1,-1,-1,-1,5,E01026003,0,5
2025070357726,2025,070357726,4,21,0,-1,19,7,3,-1,0,0,0,0,0,0,3,1,-1,1,1,67,10,-1,-1,-1,-1,7,E01018192,0,5
2025070357726,2025,070357726,1,9,0,-1,19,7,3,-1,0,0,1,0,0,0,1,1,-1,9,1,31,6,-1,-1,-1,-1,2,E01006785,0,3
2025070357788,2025,070357788,1,9,0,-1,19,3,7,-1,0,0,1,11,1,10,1,1,-1,2,2,33,6,-1,-1,-1,-1,8,E01018493,0,1
2025070357870,2025,070357870,1,9,0,-1,19,7,3,-1,0,0,0,0,0,0,1,1,-1,9,2,32,6,-1,-1,-1,-1,3,E01018729,0,1
2025070357870,2025,070357870,2,9,0,-1,19,3,7,-1,0,0,0,0,0,0,1,1,-1,2,2,37,7,-1,-1,-1,-1,8,E01012385,0,1
2025070359065,2025,070359065,1,9,0,-1,10,1,5,-1,0,6,0,0,7,0,1,1,-1,2,1,36,7,-1,-1,-1,-1,3,E01018672,0,3
2025070359065,2025,070359065,2,9,0,-1,19,5,1,-1,0,1,0,0,0,0,1,1,-1,2,1,37,7,-1,-1,-1,-1,2,E01018459,0,2
2025070360256,2025,070360256,1,9,0,-1,5,7,3,-1,9,0,0,0,0,0,3,1,-1,1,1,33,6,-1,-1,-1,-1,2,E01014309,0,4
2025070360256,2025,070360256,2,1,0,-1,19,5,1,-1,9,0,0,0,0,0,1,1,-1,9,1,10,2,-1,-1,-1,-1,5,E01018479,0,1
2025070360294,2025,070360294,2,3,0,-1,3,6,2,-1,0,0,0,0,0,0,2,1,-1,6,1,23,5,-1,-1,-1,-1,7,E01018736,0,1
2025070360294,2025,070360294,1,9,0,-1,4,6,2,-1,0,0,0,0,0,0,1,1,-1,6,1,78,11,-1,-1,-1,-1,3,E01018732,0,1
2025070360785,2025,070360785,2,19,0,-1,19,1,5,-1,0,0,0,0,0,0,1,1,-1,2,1,41,7,-1,-1,-1,-1,6,E01034668,0,2
2025070360785,2025,070360785,1,5,0,-1,14,5,1,-1,0,0,1,0,0,0,1,1,-1,6,1,52,8,-1,-1,-1,-1,-1,-1,0,-1
2025070360937,2025,070360937,2,9,0,-1,19,1,5,-1,0,0,0,0,0,0,2,1,-1,6,1,28,6,-1,-1,-1,-1,2,E01012608,0,4
2025070360937,2025,070360937,5,9,0,-1,19,1,5,-1,0,0,0,0,0,0,2,1,-1,6,1,36,7,-1,-1,-1,-1,1,E01012640,0,4
2025070360937,2025,070360937,4,19,0,-1,19,1,5,-1,0,0,0,0,0,0,2,1,-1,2,1,55,8,-1,-1,-1,-1,10,E01019641,0,4
2025070360937,2025,070360937,1,9,0,-1,19,1,5,-1,0,0,0,0,0,0,1,1,-1,6,1,53,8,-1,-1,-1,-1,4,E01032684,0,3
2025070360937,2025,070360937,3,9,0,-1,19,1,5,-1,0,0,0,0,0,0,2,1,-1,2,1,73,10,-1,-1,-1,-1,9,E01018365,0,4
2025070361078,2025,070361078,2,9,0,-1,9,7,5,-1,0,6,0,0,0,0,1,1,-1,2,1,51,8,-1,-1,-1,-1,8,E01007280,0,3
2025070361078,2025,070361078,1,5,0,-1,13,5,1,-1,0,1,1,0,7,11,1,1,-1,9,1,53,8,-1,-1,-1,-1,8,W01000275,0,2
2025070362432,2025,070362432,1,9,0,-1,5,7,1,-1,0,2,0,0,0,0,3,2,-1,9,2,84,11,-1,-1,-1,-1,10,E01018667,0,1
2025070362432,2025,070362432,2,9,0,-1,19,5,1,-1,0,2,0,0,0,0,1,1,-1,9,1,33,6,-1,-1,-1,-1,8,E01018580,0,2
2025070363723,2025,070363723,1,1,0,-1,19,7,3,-1,0,1,0,0,0,0,1,1,-1,6,1,39,7,-1,-1,-1,-1,1,E01018462,0,1
2025070363723,2025,070363723,2,9,0,-1,7,5,7,-1,0,2,0,0,0,0,1,1,-1,6,2,43,7,-1,-1,-1,-1,3,E01018446,0,1
2025070364505,2025,070364505,1,9,0,-1,9,8,6,-1,0,5,0,0,0,0,4,1,-1,6,1,38,7,-1,-1,-1,-1,4,E01018512,0,1
2025070364505,2025,070364505,2,9,0,-1,19,4,8,-1,0,1,0,0,0,0,1,1,-1,9,2,20,4,-1,-1,-1,-1,7,E01018432,0,3
2025070364781,2025,070364781,1,9,0,-1,19,2,6,-1,0,0,0,0,0,0,1,1,-1,2,1,38,7,-1,-1,-1,-1,4,E01006294,0,2
2025070364781,2025,070364781,2,9,0,-1,19,4,2,-1,0,0,0,0,0,0,1,1,-1,9,1,56,9,-1,-1,-1,-1,1,E01006324,0,1