collision_index,collision_year,collision_ref_no,vehicle_reference,vehicle_type,towing_and_articulation,vehicle_manoeuvre_historic,vehicle_manoeuvre,vehicle_direction_from,vehicle_direction_to,vehicle_location_restricted_lane_historic,vehicle_location_restricted_lane,junction_location,skidding_and_overturning,hit_object_in_carriageway,vehicle_leaving_carriageway,hit_object_off_carriageway,first_point_of_impact,vehicle_left_hand_drive,journey_purpose_of_driver_historic,journey_purpose_of_driver,sex_of_driver,age_of_driver,age_band_of_driver,engine_capacity_cc,propulsion_code,age_of_vehicle,generic_make_model,driver_imd_decile,lsoa_of_driver,escooter_flag,driver_distance_banding
2025070494000,2025,070494000,1,1,0,-1,99,5,1,-1,99,1,0,0,0,0,9,1,-1,6,1,-1,-1,-1,-1,-1,-1,-1,-1,0,-1
2025070494036,2025,070494036,2,9,0,-1,4,3,7,-1,0,8,0,0,0,0,2,1,-1,6,2,21,5,-1,-1,-1,-1,9,E01018383,0,1
2025070494036,2025,070494036,1,9,0,-1,19,3,7,-1,0,8,1,0,0,0,1,1,-1,2,1,64,9,-1,-1,-1,-1,9,E01018368,0,2
2025070494166,2025,070494166,2,9,0,-1,4,7,3,-1,0,1,0,0,0,0,2,2,-1,6,2,34,6,-1,-1,-1,-1,10,E01012447,0,3
2025070494166,2025,070494166,1,4,0,-1,5,7,3,-1,0,1,0,0,0,0,1,1,-1,6,1,18,4,-1,-1,-1,-1,6,E01012414,0,1
2025070494291,2025,070494291,1,9,0,-1,5,7,3,-1,0,0,0,0,1,4,1,1,-1,2,1,53,8,-1,-1,-1,-1,7,E01006125,0,3
2025070494592,2025,070494592,2,9,0,-1,19,6,8,-1,0,3,0,0,0,0,3,1,-1,9,1,22,5,-1,-1,-1,-1,9,E01006857,0,1
2025070494592,2025,070494592,1,3,0,-1,7,6,8,-1,0,3,2,0,0,0,4,1,-1,9,1,22,5,-1,-1,-1,-1,2,E01033300,0,1
2025070495990,2025,070495990,1,19,0,-1,5,7,2,-1,0,4,0,0,0,0,0,1,-1,1,1,32,6,-1,-1,-1,-1,8,E01018591,0,2
2025070496349,2025,070496349,1,9,0,-1,4,8,4,-1,0,1,0,0,0,0,1,9,-1,2,2,36,7,-1,-1,-1,-1,1,E01035366,0,1
2025070496349,2025,070496349,2,9,0,-1,4,8,4,-1,0,1,0,0,0,0,2,1,-1,9,2,41,7,-1,-1,-1,-1,2,E01007136,0,2
2025070496777,2025,070496777,2,9,0,-1,9,7,5,-1,0,4,0,0,0,0,2,1,-1,7,1,34,6,-1,-1,-1,-1,10,E01018362,0,1
2025070496777,2025,070496777,1,9,0,-1,19,5,1,-1,0,4,0,0,0,0,1,1,-1,6,2,37,7,-1,-1,-1,-1,-1,-1,0,-1
2025070496963,2025,070496963,1,1,0,-1,5,2,3,-1,0,1,0,0,0,0,4,1,-1,2,1,10,2,-1,-1,-1,-1,6,E01018352,0,1
2025070496963,2025,070496963,3,9,0,-1,3,1,2,-1,0,1,0,0,0,0,4,1,-1,2,2,30,6,-1,-1,-1,-1,1,W01000414,0,3
2025070496963,2025,070496963,2,1,0,-1,19,1,2,-1,9,1,0,0,1,0,4,1,-1,2,1,9,2,-1,-1,-1,-1,-1,-1,0,-1
2025070496980,2025,070496980,1,9,0,-1,19,7,3,-1,-1,0,0,10,1,3,1,1,-1,9,1,71,10,-1,-1,-1,-1,9,E01018544,0,1
2025070497922,2025,070497922,2,1,0,-1,19,6,2,-1,0,8,0,0,0,0,4,1,-1,6,1,20,4,-1,-1,-1,-1,2,E01033300,0,1
2025070497922,2025,070497922,1,9,0,-1,19,8,4,-1,0,8,0,0,0,0,1,1,-1,6,2,66,10,-1,-1,-1,-1,9,E01012566,0,1
2025070501947,2025,070501947,1,9,0,-1,7,3,7,-1,0,1,0,0,0,0,1,1,-1,9,1,54,8,-1,-1,-1,-1,3,E01018347,0,1
2025070502516,2025,070502516,1,9,0,-1,9,6,2,-1,0,1,0,0,0,0,3,1,-1,9,1,75,10,-1,-1,-1,-1,4,E01012464,0,2
2025070502516,2025,070502516,2,9,0,-1,19,2,6,-1,0,8,0,0,0,0,1,1,-1,9,1,40,7,-1,-1,-1,-1,8,E01034242,0,4
2025070502614,2025,070502614,1,9,0,-1,9,4,2,-1,0,1,0,0,0,0,1,1,-1,1,2,53,8,-1,-1,-1,-1,4,E01018447,0,3
2025070502614,2025,070502614,2,9,0,-1,19,2,4,-1,0,1,0,0,0,0,1,1,-1,6,1,60,9,-1,-1,-1,-1,7,E01018395,0,1
2025070503371,2025,070503371,2,9,0,-1,19,7,3,-1,0,1,0,0,0,0,2,1,-1,9,2,53,8,-1,-1,-1,-1,9,E01012450,0,1
2025070503371,2025,070503371,1,9,0,-1,19,7,3,-1,0,1,0,0,0,0,1,1,-1,9,1,17,4,-1,-1,-1,-1,5,E01005617,0,2
2025070503900,2025,070503900,2,9,0,-1,19,3,7,-1,0,0,0,0,0,0,1,1,-1,6,1,58,9,-1,-1,-1,-1,6,W01000147,0,4
2025070503900,2025,070503900,1,9,0,-1,4,7,3,-1,0,0,0,0,0,0,2,1,-1,6,1,-1,-1,-1,-1,-1,-1,8,W01000252,0,4
2025070505514,2025,070505514,1,5,0,-1,19,4,4,-1,0,8,2,10,1,7,1,1,-1,6,1,61,9,-1,-1,-1,-1,7,E01018708,0,3
2025070506812,2025,070506812,2,9,0,-1,4,7,3,-1,0,0,0,0,0,0,2,1,-1,6,2,40,7,-1,-1,-1,-1,2,E01004847,0,3
2025070506812,2025,070506812,1,9,0,-1,19,7,3,-1,0,0,0,0,0,0,1,1,-1,2,2,27,6,-1,-1,-1,-1,4,E01012464,0,1
2025070507428,2025,070507428,1,1,0,-1,99,1,5,-1,0,0,0,0,0,0,3,1,-1,6,1,-1,-1,-1,-1,-1,-1,-1,-1,0,-1
2025070507428,2025,070507428,2,19,0,-1,99,5,1,-1,0,0,0,0,0,0,3,1,-1,6,1,55,8,-1,-1,-1,-1,8,E01018604,0,1
2025070508708,2025,070508708,1,9,0,-1,19,5,1,-1,0,0,0,0,0,0,4,1,-1,6,2,33,6,-1,-1,-1,-1,1,E01012403,0,1
2025070510039,2025,070510039,2,9,0,-1,19,4,8,-1,0,8,0,0,0,0,1,1,-1,9,1,23,5,-1,-1,-1,-1,7,E01018371,0,1
2025070510039,2025,070510039,1,5,0,-1,19,8,4,-1,0,6,0,0,0,0,3,1,-1,6,1,27,6,-1,-1,-1,-1,7,E01018335,0,2
2025070510071,2025,070510071,1,19,0,-1,19,6,2,-1,0,8,0,0,0,0,1,1,-1,9,1,19,4,-1,-1,-1,-1,10,E01030324,0,5
2025070510071,2025,070510071,2,9,0,-1,10,2,6,-1,0,1,0,0,1,11,1,1,-1,9,2,33,6,-1,-1,-1,-1,3,E01018337,0,3
2025070511145,2025,070511145,2,9,0,-1,19,7,3,-1,0,8,0,0,0,0,1,1,-1,9,1,41,7,-1,-1,-1,-1,3,E01031264,0,5
2025070511145,2025,070511145,1,9,0,-1,19,5,1,-1,0,8,0,7,8,1,4,1,-1,9,1,27,6,-1,-1,-1,-1,5,E01029802,0,3
2025070511162,2025,070511162,1,9,0,-1,7,5,1,-1,0,5,0,0,0,0,1,1,-1,6,2,42,7,-1,-1,-1,-1,9,E01018723,0,2
2025070511162,2025,070511162,2,1,0,-1,19,1,5,-1,0,6,2,0,1,9,1,1,-1,9,1,60,9,-1,-1,-1,-1,9,E01018723,0,2
2025070513791,2025,070513791,1,8,0,-1,1,7,3,-1,0,0,0,0,0,0,2,1,-1,6,1,-1,-1,-1,-1,-1,-1,-1,-1,0,-1
2025070514212,2025,070514212,1,9,0,-1,19,3,7,-1,0,0,0,0,0,0,1,1,-1,6,1,62,9,-1,-1,-1,-1,-1,-1,0,-1
2025070514212,2025,070514212,2,1,0,-1,19,1,5,-1,0,0,0,0,0,0,3,1,-1,6,1,38,7,-1,-1,-1,-1,5,E01012440,0,1
2025070515757,2025,070515757,1,8,0,-1,19,3,7,-1,0,0,0,11,1,99,1,1,-1,6,1,35,6,-1,-1,-1,-1,1,E01005722,0,4
2025070516824,2025,070516824,2,1,0,-1,3,5,1,-1,0,1,9,99,9,99,1,-1,-1,6,1,12,3,-1,-1,-1,-1,-1,-1,0,-1
2025070516824,2025,070516824,1,9,0,-1,3,2,4,-1,0,1,0,0,0,0,1,1,-1,6,2,60,9,-1,-1,-1,-1,9,E01012463,0,1
2025070516834,2025,070516834,1,19,0,-1,9,6,4,-1,0,9,0,0,0,0,1,1,-1,6,1,68,10,-1,-1,-1,-1,3,W01000329,0,1
2025070516834,2025,070516834,2,1,0,-1,19,6,4,-1,5,9,0,0,0,0,1,1,-1,6,1,10,2,-1,-1,-1,-1,1,E01018311,0,1
2025070517026,2025,070517026,1,21,0,-1,19,1,5,-1,0,0,0,0,0,0,1,1,-1,1,1,40,7,-1,-1,-1,-1,3,E01012539,0,2
2025070517026,2025,070517026,2,9,0,-1,19,1,5,-1,0,0,0,0,0,0,2,1,-1,6,2,49,8,-1,-1,-1,-1,3,E01012505,0,1
2025070517329,2025,070517329,1,9,0,-1,19,9,9,-1,0,2,0,0,0,0,1,1,-1,6,2,19,4,-1,-1,-1,-1,3,E01018446,0,1
2025070517329,2025,070517329,2,9,0,-1,3,3,1,-1,0,2,0,0,0,0,2,1,-1,9,2,29,6,-1,-1,-1,-1,7,E01034673,0,2
2025070518767,2025,070518767,2,9,0,-1,9,8,1,-1,9,0,0,0,0,0,1,1,-1,2,2,44,7,-1,-1,-1,-1,2,E01012406,0,1
2025070518767,2025,070518767,1,1,0,-1,19,4,4,-1,9,0,0,0,0,0,1,1,-1,9,1,36,7,-1,-1,-1,-1,2,E01012406,0,1
2025070520205,2025,070520205,2,5,0,-1,19,2,6,-1,0,8,0,0,0,0,1,1,-1,9,1,69,10,-1,-1,-1,-1,9,E01018470,0,4
2025070520205,2025,070520205,1,9,0,-1,9,4,2,-1,0,6,0,0,0,0,3,1,-1,9,2,48,8,-1,-1,-1,-1,10,E01018324,0,2
2025070520480,2025,070520480,2,9,0,-1,19,3,7,-1,0,1,0,0,0,0,1,1,-1,6,2,70,10,-1,-1,-1,-1,3,E01018672,0,1
2025070520480,2025,070520480,1,9,0,-1,9,5,3,-1,0,8,0,0,1,0,1,1,-1,6,2,70,10,-1,-1,-1,-1,7,E01018708,0,1
2025070521395,2025,070521395,1,9,0,-1,9,4,2,-1,0,6,0,0,0,0,1,1,-1,2,2,58,9,-1,-1,-1,-1,10,E01018320,0,1
2025070521771,2025,070521771,3,9,0,-1,4,3,7,-1,0,0,0,0,0,0,2,1,-1,6,2,28,6,-1,-1,-1,-1,1,E01012381,0,1
2025070521771,2025,070521771,1,90,0,-1,4,3,7,-1,0,0,0,0,0,0,1,1,-1,6,1,17,4,-1,-1,-1,-1,4,E01012405,0,1
2025070521771,2025,070521771,2,9,0,-1,4,3,7,-1,0,0,0,0,0,0,2,1,-1,6,2,30,6,-1,-1,-1,-1,1,E01012381,0,1
2025070522010,2025,070522010,1,3,0,-1,19,7,3,-1,0,1,1,0,0,0,1,1,-1,1,1,25,5,-1,-1,-1,-1,4,E01035375,0,1
2025070522010,2025,070522010,2,9,0,-1,3,7,3,-1,0,1,0,0,0,0,2,1,-1,9,2,40,7,-1,-1,-1,-1,1,E01018310,0,1
2025070522250,2025,070522250,1,9,0,-1,19,3,5,-1,0,8,0,0,0,0,1,1,-1,9,1,18,4,-1,-1,-1,-1,9,E01012556,0,2
2025070522250,2025,070522250,2,9,0,-1,19,1,3,-1,0,8,0,0,0,0,1,1,-1,9,1,60,9,-1,-1,-1,-1,10,E01012489,0,1
2025070523623,2025,070523623,2,9,0,-1,19,5,1,-1,0,1,0,0,0,0,1,1,-1,9,2,49,8,-1,-1,-1,-1,9,E01018599,0,1
2025070523623,2025,070523623,1,9,0,-1,9,3,5,-1,0,6,0,0,0,0,1,1,-1,9,2,78,11,-1,-1,-1,-1,9,E01012519,0,1
2025070524575,2025,070524575,1,9,0,-1,19,4,8,-1,0,8,0,0,0,-1,1,1,-1,6,2,-1,-1,-1,-1,-1,-1,-1,-1,0,-1
2025070524575,2025,070524575,2,9,0,-1,1,8,4,-1,0,5,0,0,0,0,0,1,-1,1,1,72,10,-1,-1,-1,-1,10,W01000325,0,3
2025070525198,2025,070525198,2,9,0,-1,4,7,3,-1,0,0,0,0,0,0,2,1,-1,2,1,18,4,-1,-1,-1,-1,6,E01005875,0,4
2025070525198,2025,070525198,1,9,0,-1,19,7,3,-1,0,0,0,0,0,0,1,1,-1,9,2,53,8,-1,-1,-1,-1,8,E01004971,0,4
2025070527559,2025,070527559,1,9,0,-1,9,1,3,-1,0,2,0,0,0,0,1,1,-1,9,2,69,10,-1,-1,-1,-1,9,E01018518,0,1
2025070527637,2025,070527637,2,9,0,-1,99,9,9,-1,0,1,9,99,9,99,9,9,-1,6,1,-1,-1,-1,-1,-1,-1,-1,-1,0,-1
2025070527637,2025,070527637,1,1,0,-1,99,9,9,-1,99,1,9,99,9,99,9,1,-1,6,1,12,3,-1,-1,-1,-1,1,E01018520,0,1
2025070528582,2025,070528582,1,1,0,-1,19,8,4,-1,0,0,0,0,0,0,1,1,-1,9,1,16,4,-1,-1,-1,-1,1,E01018317,0,1
2025070528582,2025,070528582,2,9,0,-1,2,0,0,-1,9,0,0,0,0,0,2,1,-1,9,2,59,9,-1,-1,-1,-1,2,E01018312,0,1
2025070528596,2025,070528596,1,9,0,-1,7,7,3,-1,0,1,0,0,0,0,4,9,-1,6,1,-1,-1,-1,-1,-1,-1,-1,-1,0,-1
2025070528596,2025,070528596,2,1,0,-1,19,7,3,-1,0,1,0,0,0,0,1,1,-1,1,1,20,4,-1,-1,-1,-1,5,E01018504,0,2
2025070530390,2025,070530390,2,9,0,-1,2,0,0,-1,0,0,0,0,0,0,3,1,-1,9,1,67,10,-1,-1,-1,-1,-1,-1,0,-1
2025070530390,2025,070530390,1,9,0,-1,19,8,4,-1,0,0,5,4,0,0,4,1,-1,9,2,77,11,-1,-1,-1,-1,10,E01018413,0,3
2025070530664,2025,070530664,1,19,9,-1,99,9,9,-1,99,0,9,99,9,99,9,9,-1,6,3,50,8,-1,-1,-1,-1,-1,-1,0,-1
2025070530831,2025,070530831,2,9,0,-1,10,1,5,-1,0,1,0,0,0,0,3,1,-1,6,2,48,8,-1,-1,-1,-1,3,E01018746,0,2
2025070530831,2025,070530831,1,5,0,-1,14,1,5,-1,0,5,0,0,0,0,1,1,-1,9,1,61,9,-1,-1,-1,-1,7,E01018429,0,4
2025070532174,2025,070532174,1,9,0,-1,19,5,1,-1,0,0,0,0,0,0,1,1,-1,6,3,43,7,-1,-1,-1,-1,8,E01012557,0,1
2025070532807,2025,070532807,1,1,0,-1,14,7,2,-1,0,0,9,99,0,0,1,1,-1,6,1,40,7,-1,-1,-1,-1,-1,-1,0,-1
2025070533159,2025,070533159,1,9,0,-1,19,8,2,-1,0,0,5,4,0,0,1,1,-1,9,2,88,11,-1,-1,-1,-1,7,E01012560,0,2
2025070533159,2025,070533159,2,9,0,-1,2,0,0,-1,0,0,0,0,0,0,0,1,-1,9,1,-1,-1,-1,-1,-1,-1,7,E01030527,0,5
2025070533159,2025,070533159,3,9,0,-1,19,4,2,-1,0,0,0,0,0,0,3,1,-1,9,2,67,10,-1,-1,-1,-1,10,E01012513,0,1
2025070533357,2025,070533357,2,1,0,-1,19,2,6,-1,0,0,0,0,1,0,1,1,-1,6,2,61,9,-1,-1,-1,-1,-1,-1,0,-1
2025070533357,2025,070533357,1,9,0,-1,19,2,6,-1,0,0,0,0,0,0,1,2,-1,9,2,53,8,-1,-1,-1,-1,8,E01007280,0,2
2025070536093,2025,070536093,2,4,0,-1,13,7,3,-1,0,1,0,0,0,0,4,1,-1,9,1,21,5,-1,-1,-1,-1,8,E01018681,0,3
2025070536093,2025,070536093,1,9,0,-1,9,7,3,-1,0,5,0,0,0,0,4,1,-1,9,2,74,10,-1,-1,-1,-1,10,E01012461,0,3
2025070536973,2025,070536973,3,98,0,-1,2,0,0,-1,0,2,0,0,0,0,0,1,-1,6,3,-1,-1,-1,-1,-1,-1,-1,-1,0,-1
2025070536973,2025,070536973,1,9,0,-1,1,1,1,-1,0,1,0,0,0,0,0,-1,-1,6,3,30,6,-1,-1,-1,-1,-1,-1,0,-1
2025070536973,2025,070536973,2,9,0,-1,1,5,1,-1,0,2,0,0,0,0,2,1,-1,9,3,19,4,-1,-1,-1,-1,-1,-1,0,-1
2025070537067,2025,070537067,1,9,0,-1,19,7,3,-1,0,2,1,0,0,0,3,1,-1,9,2,75,10,-1,-1,-1,-1,8,E01012389,0,1
2025070537067,2025,070537067,2,9,0,-1,19,7,3,-1,0,2,0,0,0,0,1,1,-1,9,2,36,7,-1,-1,-1,-1,1,E01012437,0,2
2025070537067,2025,070537067,3,9,0,-1,19,7,3,-1,0,2,0,0,0,0,3,1,-1,9,2,48,8,-1,-1,-1,-1,-1,-1,0,-1
2025070537695,2025,070537695,1,9,9,-1,2,0,0,-1,9,1,0,0,0,0,1,1,-1,6,1,86,11,-1,-1,-1,-1,8,E01012548,0,1
2025070542556,2025,070542556,2,9,0,-1,3,3,7,-1,0,8,0,0,0,0,2,1,-1,9,1,19,4,-1,-1,-1,-1,1,E01006863,0,4
2025070542556,2025,070542556,1,9,0,-1,4,3,7,-1,0,8,0,0,0,0,1,1,-1,6,1,29,6,-1,-1,-1,-1,5,E01005636,0,4
2025070555394,2025,070555394,2,19,0,-1,3,4,7,-1,0,1,0,0,0,0,2,1,-1,1,2,23,5,-1,-1,-1,-1,7,E01018711,0,2
2025070555394,2025,070555394,1,11,0,-1,19,4,7,-1,0,1,0,0,0,0,1,9,-1,1,1,-1,-1,-1,-1,-1,-1,-1,-1,0,-1
2025070589219,2025,070589219,1,20,1,-1,19,3,7,-1,0,1,1,0,0,0,1,1,-1,6,1,38,7,-1,-1,-1,-1,5,E01018367,0,2
2025070589219,2025,070589219,2,9,0,-1,10,3,7,-1,0,1,0,0,0,0,2,1,-1,2,2,22,5,-1,-1,-1,-1,2,E01018546,0,1
2025070750775,2025,070750775,2,9,0,-1,3,1,5,-1,0,8,0,0,0,0,2,1,-1,9,2,26,6,-1,-1,-1,-1,1,W01000414,0,3
2025070750775,2025,070750775,1,9,0,-1,12,1,5,-1,0,8,0,0,0,0,1,1,-1,6,1,40,7,-1,-1,-1,-1,-1,-1,0,-1
2025101537021,2025,101537021,2,9,0,-1,19,2,6,-1,0,8,0,0,1,0,1,1,-1,9,1,72,10,-1,-1,-1,-1,2,E01008456,0,1
2025101537021,2025,101537021,1,9,0,-1,19,8,4,-1,0,8,0,0,3,0,4,1,-1,9,1,26,6,-1,-1,-1,-1,1,E01008436,0,2
2025101537466,2025,101537466,2,9,0,-1,2,0,0,-1,0,0,0,0,0,0,4,1,-1,6,-1,-1,-1,-1,-1,-1,-1,-1,-1,0,-1
2025101537466,2025,101537466,1,9,0,-1,19,7,3,-1,0,0,0,4,0,0,1,1,-1,9,1,89,11,-1,-1,-1,-1,3,E01008708,0,1
2025101537466,2025,101537466,3,9,0,-1,2,0,0,-1,0,0,0,0,0,0,1,1,-1,6,-1,-1,-1,-1,-1,-1,-1,-1,-1,0,-1
2025101537471,2025,101537471,1,9,0,-1,19,1,5,-1,0,3,0,0,0,0,4,1,-1,9,2,40,7,-1,-1,-1,-1,-1,-1,0,-1
2025101537471,2025,101537471,2,3,0,-1,9,7,5,-1,0,3,0,0,0,0,4,1,-1,9,1,44,7,-1,-1,-1,-1,-1,-1,0,-1
2025101537540,2025,101537540,1,9,0,-1,5,8,4,-1,0,8,0,0,0,0,1,1,-1,9,2,66,10,-1,-1,-1,-1,7,E01008642,0,1
2025101537540,2025,101537540,2,1,0,-1,5,1,4,-1,0,8,0,0,0,0,3,1,-1,6,1,14,3,-1,-1,-1,-1,-1,-1,0,-1
2025101537569,2025,101537569,1,9,0,-1,5,5,1,-1,0,0,0,0,0,0,4,1,-1,6,2,32,6,-1,-1,-1,-1,3,E01008594,0,1
2025101537601,2025,101537601,1,9,0,-1,4,7,3,-1,0,1,0,0,0,0,4,1,-1,9,1,45,7,-1,-1,-1,-1,10,E01008495,0,1
2025101537616,2025,101537616,1,9,0,-1,19,1,5,-1,0,0,0,0,0,0,1,1,-1,6,2,40,7,-1,-1,-1,-1,-1,-1,0,-1
2025101537616,2025,101537616,2,9,0,-1,3,1,5,-1,0,0,0,0,0,0,2,1,-1,6,2,20,4,-1,-1,-1,-1,4,E01008209,0,2
2025101537650,2025,101537650,1,9,0,-1,19,7,3,-1,0,3,0,0,0,0,3,1,-1,9,1,67,10,-1,-1,-1,-1,5,E01008535,0,1
2025101537795,2025,101537795,2,9,0,-1,19,3,7,-1,0,0,0,0,0,0,1,9,-1,6,2,17,4,-1,-1,-1,-1,6,E01027532,0,1
2025101537795,2025,101537795,1,9,0,-1,5,5,2,-1,0,0,0,0,0,0,3,9,-1,6,1,59,9,-1,-1,-1,-1,1,E01027427,0,1
2025101538018,2025,101538018,1,9,0,-1,19,5,1,-1,0,0,0,0,0,0,1,1,-1,6,1,42,7,-1,-1,-1,-1,4,E01008578,0,2
2025101538018,2025,101538018,2,9,0,-1,19,5,1,-1,0,0,0,0,0,0,2,1,-1,2,2,36,7,-1,-1,-1,-1,2,E01020840,0,4
2025101538094,2025,101538094,1,9,-1,-1,19,3,6,-1,0,0,0,0,0,0,4,9,-1,2,2,33,6,-1,-1,-1,-1,7,E01008360,0,1
2025101538396,2025,101538396,1,9,0,-1,9,7,4,-1,0,8,0,0,0,0,1,1,-1,6,1,37,7,-1,-1,-1,-1,8,E01027499,0,1
2025101538599,2025,101538599,1,9,0,-1,19,6,2,-1,0,8,0,0,0,0,1,1,-1,6,1,43,7,-1,-1,-1,-1,2,E01008456,0,1
2025101538599,2025,101538599,2,9,0,-1,9,1,6,-1,0,6,0,0,0,0,3,1,-1,6,2,56,9,-1,-1,-1,-1,3,E01008451,0,1
2025101538717,2025,101538717,1,90,0,-1,19,1,5,-1,0,1,0,0,1,0,0,1,-1,6,2,48,8,-1,-1,-1,-1,1,E01008400,0,4
2025101538717,2025,101538717,2,9,0,-1,19,7,3,-1,0,8,0,0,0,0,1,1,-1,2,1,35,6,-1,-1,-1,-1,5,E01027365,0,2
2025101538803,2025,101538803,2,9,0,-1,19,7,3,-1,0,8,0,0,1,0,1,1,-1,2,1,30,6,-1,-1,-1,-1,2,E01008449,0,2
2025101538803,2025,101538803,1,9,0,-1,19,1,5,-1,0,6,0,0,0,0,3,1,-1,2,1,57,9,-1,-1,-1,-1,2,E01008628,0,2
2025101538895,2025,101538895,1,9,0,-1,19,2,6,-1,0,0,0,0,0,0,1,9,-1,6,1,40,7,-1,-1,-1,-1,7,E01030851,0,5
2025101538895,2025,101538895,2,9,0,-1,3,2,6,-1,0,0,0,0,0,0,2,9,-1,6,2,29,6,-1,-1,-1,-1,9,E01027521,0,1
2025101538965,2025,101538965,1,9,0,-1,19,6,2,-1,0,0,1,0,7,0,3,9,-1,6,2,34,6,-1,-1,-1,-1,1,E01027519,0,4
2025101538971,2025,101538971,2,9,0,-1,19,2,2,-1,0,0,1,0,1,0,1,2,-1,7,1,30,6,-1,-1,-1,-1,7,E01008585,0,2
2025101538971,2025,101538971,1,9,0,-1,2,0,0,-1,0,0,1,0,0,0,1,2,-1,6,1,77,11,-1,-1,-1,-1,8,E01008677,0,1
2025101539024,2025,101539024,1,9,0,-1,19,6,1,-1,0,0,0,0,0,0,3,1,-1,6,1,40,7,-1,-1,-1,-1,-1,-1,0,-1
2025101539076,2025,101539076,2,9,0,-1,5,2,6,-1,0,1,0,0,0,0,1,1,-1,9,1,17,4,-1,-1,-1,-1,2,E01027398,0,2
2025101539076,2025,101539076,1,9,0,-1,9,6,2,-1,0,1,0,0,0,0,1,1,-1,9,1,87,11,-1,-1,-1,-1,5,E01008190,0,3
2025101539200,2025,101539200,1,9,0,-1,19,4,8,-1,9,2,0,0,1,0,1,9,-1,6,1,23,5,-1,-1,-1,-1,5,E01027386,0,1
2025101539322,2025,101539322,1,9,0,-1,9,5,3,-1,0,8,0,0,0,0,1,9,-1,6,1,18,4,-1,-1,-1,-1,10,E01027471,0,3
2025101539398,2025,101539398,2,9,-1,-1,19,2,6,-1,0,0,0,0,0,0,3,9,-1,9,2,23,5,-1,-1,-1,-1,7,E01020725,0,1
2025101539398,2025,101539398,1,99,-1,-1,19,6,2,-1,0,0,0,0,0,0,1,9,-1,6,3,-1,-1,-1,-1,-1,-1,-1,-1,0,-1
2025101539400,2025,101539400,1,9,0,-1,7,8,3,-1,0,3,0,0,0,0,1,9,-1,6,1,26,6,-1,-1,-1,-1,1,E01008712,0,1
2025101539449,2025,101539449,1,9,0,-1,9,3,8,-1,0,8,0,0,0,0,3,9,-1,6,2,35,6,-1,-1,-1,-1,2,E01008537,0,1
2025101539449,2025,101539449,2,1,0,-1,19,1,5,-1,0,8,5,0,0,0,1,1,-1,6,1,65,9,-1,-1,-1,-1,7,E01008465,0,1
2025101539520,2025,101539520,1,9,0,-1,19,4,7,-1,0,8,0,0,0,0,4,1,-1,7,1,45,7,-1,-1,-1,-1,2,E01008769,0,1
2025101539895,2025,101539895,8,9,0,-1,5,5,2,-1,0,2,0,0,0,0,2,1,-1,1,1,42,7,-1,-1,-1,-1,-1,-1,0,-1
2025101539895,2025,101539895,9,9,0,-1,5,1,6,-1,0,2,0,0,0,0,1,1,-1,6,1,61,9,-1,-1,-1,-1,1,E01008730,0,1
2025101540075,2025,101540075,2,9,0,-1,19,2,6,-1,0,0,0,0,0,0,1,1,-1,2,2,44,7,-1,-1,-1,-1,-1,-1,0,-1
2025101540075,2025,101540075,1,9,0,-1,19,2,6,-1,0,0,0,0,0,0,1,1,-1,9,1,22,5,-1,-1,-1,-1,-1,-1,0,-1
2025101540276,2025,101540276,2,9,0,-1,19,1,6,-1,0,8,0,0,0,0,0,1,-1,6,2,28,6,-1,-1,-1,-1,6,E01027532,0,1
2025101540276,2025,101540276,1,9,0,-1,11,1,4,-1,0,8,0,0,0,0,0,9,-1,6,2,68,10,-1,-1,-1,-1,2,E01033716,0,1
2025101540306,2025,101540306,1,9,0,-1,9,5,3,-1,0,8,0,0,0,0,4,1,-1,6,2,-1,-1,-1,-1,-1,-1,9,E01008617,0,1
2025101540317,2025,101540317,2,9,0,-1,19,5,1,-1,0,0,0,0,0,0,1,1,-1,6,1,26,6,-1,-1,-1,-1,-1,-1,0,-1
2025101540317,2025,101540317,1,9,0,-1,19,1,5,-1,0,0,0,0,7,4,1,1,-1,6,1,62,9,-1,-1,-1,-1,3,E01008462,0,1
2025101540324,2025,101540324,2,9,0,-1,3,1,5,-1,0,0,0,0,0,0,2,1,-1,6,1,32,6,-1,-1,-1,-1,6,E01008750,0,3
2025101540324,2025,101540324,1,9,0,-1,19,1,5,-1,0,0,0,0,0,0,1,1,-1,6,1,19,4,-1,-1,-1,-1,2,E01020795,0,4
2025101540368,2025,101540368,2,19,0,-1,19,8,3,-1,0,0,0,0,0,0,1,1,-1,6,1,28,6,-1,-1,-1,-1,3,E01008568,0,1
2025101540368,2025,101540368,1,9,0,-1,3,8,3,-1,0,0,0,0,0,0,2,1,-1,9,2,68,10,-1,-1,-1,-1,3,E01032484,0,3
2025101540557,2025,101540557,2,9,0,-1,5,5,2,-1,0,1,0,0,0,0,1,1,-1,9,1,66,10,-1,-1,-1,-1,3,E01008753,0,3
2025101540557,2025,101540557,3,8,0,-1,7,7,5,-1,0,3,0,0,0,0,4,1,-1,9,1,52,8,-1,-1,-1,-1,-1,-1,0,-1
2025101540706,2025,101540706,2,9,-1,-1,19,7,3,-1,0,0,0,0,0,0,4,9,-1,2,1,21,5,-1,-1,-1,-1,1,E01008482,0,2
2025101540706,2025,101540706,1,9,0,-1,6,3,7,-1,0,0,0,0,0,0,1,9,-1,6,1,26,6,-1,-1,-1,-1,-1,-1,0,-1