collision_index,collision_year,collision_ref_no,vehicle_reference,vehicle_type,towing_and_articulation,vehicle_manoeuvre_historic,vehicle_manoeuvre,vehicle_direction_from,vehicle_direction_to,vehicle_location_restricted_lane_historic,vehicle_location_restricted_lane,junction_location,skidding_and_overturning,hit_object_in_carriageway,vehicle_leaving_carriageway,hit_object_off_carriageway,first_point_of_impact,vehicle_left_hand_drive,journey_purpose_of_driver_historic,journey_purpose_of_driver,sex_of_driver,age_of_driver,age_band_of_driver,engine_capacity_cc,propulsion_code,age_of_vehicle,generic_make_model,driver_imd_decile,lsoa_of_driver,escooter_flag,driver_distance_banding
2025101540720,2025,101540720,2,9,0,-1,2,3,7,-1,0,1,0,0,0,0,2,1,-1,6,2,35,6,-1,-1,-1,-1,5,E01008740,0,1
2025101540720,2025,101540720,1,9,0,-1,19,3,7,-1,0,1,0,0,0,0,1,1,-1,6,3,-1,-1,-1,-1,-1,-1,-1,-1,0,-1
2025101540914,2025,101540914,2,9,0,-1,19,1,5,-1,0,0,0,0,0,0,2,1,-1,2,2,40,7,-1,-1,-1,-1,9,E01020779,0,4
2025101540914,2025,101540914,1,9,0,-1,19,1,5,-1,0,0,0,0,5,0,1,1,-1,2,2,71,10,-1,-1,-1,-1,2,E01008296,0,1
2025101540988,2025,101540988,2,21,1,-1,19,1,5,-1,0,0,0,0,0,0,2,1,-1,1,1,40,7,-1,-1,-1,-1,8,E01008538,0,3
2025101540988,2025,101540988,1,9,0,-1,19,1,5,-1,0,0,0,0,0,0,1,1,-1,2,1,28,6,-1,-1,-1,-1,1,E01008841,0,2
2025101540988,2025,101540988,3,9,0,-1,19,1,5,-1,0,0,0,0,0,0,1,1,-1,2,1,48,8,-1,-1,-1,-1,-1,-1,0,-1
2025101541076,2025,101541076,1,9,0,-1,9,7,3,-1,0,3,0,0,0,0,4,1,-1,6,2,38,7,-1,-1,-1,-1,8,E01008446,0,1
2025101541076,2025,101541076,2,97,0,-1,19,3,7,-1,0,4,1,0,0,0,1,1,-1,9,1,17,4,-1,-1,-1,-1,2,E01008324,0,1
2025101541127,2025,101541127,1,11,0,-1,4,5,1,-1,0,0,0,0,0,0,1,1,-1,1,1,54,8,-1,-1,-1,-1,5,E01008686,0,1
2025101541127,2025,101541127,2,9,0,-1,9,5,1,-1,0,0,0,0,0,0,2,1,-1,9,1,73,10,-1,-1,-1,-1,5,E01008622,0,1
2025101541149,2025,101541149,2,9,0,-1,9,3,1,-1,0,5,0,0,0,0,3,1,-1,9,1,18,4,-1,-1,-1,-1,1,E01008821,0,1
2025101541149,2025,101541149,1,9,-1,-1,13,3,7,-1,0,1,0,0,0,0,1,9,-1,6,1,-1,-1,-1,-1,-1,-1,-1,-1,0,-1
2025101541179,2025,101541179,1,9,0,-1,9,4,2,-1,0,6,0,0,0,0,3,1,-1,9,1,77,11,-1,-1,-1,-1,8,E01008287,0,1
2025101541198,2025,101541198,1,9,0,-1,19,1,5,-1,0,1,0,0,0,0,1,1,-1,2,2,58,9,-1,-1,-1,-1,4,E01027373,0,4
2025101541198,2025,101541198,2,9,0,-1,12,1,5,-1,0,6,0,0,0,0,2,1,-1,2,1,24,5,-1,-1,-1,-1,8,E01008538,0,4
2025101541290,2025,101541290,1,9,-1,-1,19,3,7,-1,0,0,0,0,0,0,1,9,-1,6,3,-1,-1,-1,-1,-1,-1,-1,-1,0,-1
2025101541402,2025,101541402,2,9,0,-1,19,4,1,-1,0,4,0,99,0,0,1,1,-1,6,1,47,8,-1,-1,-1,-1,1,E01008380,0,1
2025101541402,2025,101541402,1,1,0,-1,19,2,7,-1,0,8,0,0,0,0,4,1,-1,6,1,58,9,-1,-1,-1,-1,7,E01008374,0,1
2025101541556,2025,101541556,1,9,0,-1,19,7,3,-1,0,1,0,0,0,0,1,1,-1,9,1,49,8,-1,-1,-1,-1,-1,-1,0,-1
2025101541654,2025,101541654,1,9,0,-1,14,4,8,-1,0,0,0,0,0,0,1,1,-1,2,1,46,8,-1,-1,-1,-1,9,E01008680,0,3
2025101541694,2025,101541694,2,1,0,-1,9,5,1,-1,0,8,0,0,0,0,1,1,-1,9,1,37,7,-1,-1,-1,-1,3,E01008413,0,1
2025101541694,2025,101541694,1,9,0,-1,9,1,7,-1,0,8,0,0,0,0,1,1,-1,2,2,60,9,-1,-1,-1,-1,10,E01008371,0,1
2025101541871,2025,101541871,2,9,0,-1,3,5,1,-1,0,1,0,0,0,0,2,1,-1,1,1,72,10,-1,-1,-1,-1,8,E01020611,0,1
2025101541871,2025,101541871,1,9,0,-1,19,5,1,-1,0,1,0,0,0,0,1,1,-1,9,2,29,6,-1,-1,-1,-1,1,E01008191,0,1
2025101541952,2025,101541952,1,9,0,-1,9,2,4,-1,0,8,0,0,0,0,4,1,-1,8,1,67,10,-1,-1,-1,-1,8,E01008199,0,1
2025101542038,2025,101542038,1,9,0,-1,19,1,5,-1,5,5,0,0,0,0,1,1,-1,7,1,55,8,-1,-1,-1,-1,6,E01027479,0,1
2025101542066,2025,101542066,1,8,0,-1,7,3,5,-1,0,5,0,0,1,0,4,1,-1,1,1,52,8,-1,-1,-1,-1,1,E01008331,0,1
2025101542245,2025,101542245,2,9,0,-1,2,0,0,-1,9,0,0,0,0,0,1,1,-1,6,-1,-1,-1,-1,-1,-1,-1,-1,-1,0,-1
2025101542245,2025,101542245,1,9,0,-1,19,5,1,-1,0,0,5,4,0,0,1,1,-1,9,1,87,11,-1,-1,-1,-1,3,E01020591,0,1
2025101542271,2025,101542271,1,9,0,-1,4,6,2,-1,0,0,0,0,0,0,1,1,-1,9,2,31,6,-1,-1,-1,-1,-1,-1,0,-1
2025101542351,2025,101542351,1,11,0,-1,7,7,2,-1,2,8,0,0,0,0,0,1,-1,1,1,40,7,-1,-1,-1,-1,4,E01008209,0,3
2025101542356,2025,101542356,1,9,0,-1,5,4,2,-1,0,6,1,0,0,0,1,1,-1,9,1,64,9,-1,-1,-1,-1,3,E01012026,0,4
2025101542356,2025,101542356,2,9,0,-1,19,2,6,-1,0,8,0,0,0,0,1,1,-1,2,1,31,6,-1,-1,-1,-1,3,E01008865,0,1
2025101542365,2025,101542365,3,1,0,-1,10,7,3,-1,0,1,0,0,0,0,1,1,-1,6,1,66,10,-1,-1,-1,-1,10,E01033551,0,1
2025101542365,2025,101542365,1,9,0,-1,9,1,7,-1,0,8,0,99,0,0,9,1,-1,6,1,42,7,-1,-1,-1,-1,4,E01008502,0,1
2025101542429,2025,101542429,1,9,0,-1,5,8,4,-1,0,0,0,0,0,0,1,1,-1,6,1,81,11,-1,-1,-1,-1,1,E01027540,0,1
2025101542429,2025,101542429,2,9,0,-1,19,8,4,-1,0,0,0,0,0,0,4,1,-1,9,2,21,5,-1,-1,-1,-1,1,E01033076,0,4
2025101542521,2025,101542521,1,97,0,-1,19,2,6,-1,0,8,0,0,0,0,1,1,-1,6,3,18,4,-1,-1,-1,-1,-1,-1,0,-1
2025101542582,2025,101542582,1,9,0,-1,5,5,1,-1,0,0,0,0,0,0,0,9,-1,6,3,-1,-1,-1,-1,-1,-1,-1,-1,0,-1
2025101542582,2025,101542582,2,11,0,-1,19,4,8,-1,0,0,0,0,0,0,0,1,-1,1,1,36,7,-1,-1,-1,-1,1,E01027426,0,3
2025101542584,2025,101542584,1,11,0,-1,7,1,3,-1,0,4,0,0,0,0,4,1,-1,1,2,36,7,-1,-1,-1,-1,-1,-1,0,-1
2025101542679,2025,101542679,1,9,0,-1,4,1,5,-1,0,1,0,0,0,0,3,1,-1,6,2,68,10,-1,-1,-1,-1,4,E01027375,0,1
2025101542715,2025,101542715,1,9,0,-1,5,1,7,-1,0,6,0,0,0,0,1,1,-1,6,1,56,9,-1,-1,-1,-1,3,E01008536,0,1
2025101542943,2025,101542943,1,9,-1,-1,-1,0,0,-1,-1,0,-1,-1,-1,0,4,9,-1,6,1,-1,-1,-1,-1,-1,-1,8,E01008531,0,1
2025101542945,2025,101542945,2,9,0,-1,3,7,2,-1,0,0,0,0,0,0,2,9,-1,6,2,27,6,-1,-1,-1,-1,1,E01027542,0,1
2025101542945,2025,101542945,1,9,0,-1,19,7,2,-1,0,0,0,0,0,0,1,9,-1,6,3,-1,-1,-1,-1,-1,-1,-1,-1,0,-1
2025101543025,2025,101543025,1,9,0,-1,7,7,2,-1,0,5,0,0,0,0,1,9,-1,6,1,58,9,-1,-1,-1,-1,10,E01027468,0,1
2025101543025,2025,101543025,2,3,0,-1,19,6,2,-1,0,1,5,0,0,0,1,1,-1,6,2,25,5,-1,-1,-1,-1,1,E01008330,0,1
2025101543050,2025,101543050,1,9,0,-1,2,2,1,-1,0,0,0,0,1,0,4,1,-1,6,-1,-1,-1,-1,-1,-1,-1,-1,-1,0,-1
2025101543081,2025,101543081,1,9,0,-1,7,5,7,-1,0,6,0,0,0,0,1,9,-1,6,1,36,7,-1,-1,-1,-1,1,E01008817,0,1
2025101543150,2025,101543150,1,9,0,-1,19,8,4,-1,0,8,0,0,0,0,1,9,-1,6,3,-1,-1,-1,-1,-1,-1,-1,-1,0,-1
2025101543150,2025,101543150,2,19,0,-1,3,8,5,-1,0,8,0,0,0,0,2,1,-1,1,1,46,8,-1,-1,-1,-1,-1,-1,0,-1
2025101543168,2025,101543168,2,19,0,-1,19,8,4,-1,0,0,0,0,0,0,3,1,-1,1,1,54,8,-1,-1,-1,-1,3,E01008672,0,3
2025101543168,2025,101543168,1,9,0,-1,6,4,8,-1,0,0,0,0,0,0,1,1,-1,6,1,20,4,-1,-1,-1,-1,1,E01008540,0,3
2025101543271,2025,101543271,1,11,0,-1,-1,1,5,-1,-1,0,-1,-1,-1,0,-1,1,-1,1,1,39,7,-1,-1,-1,-1,7,E01008585,0,2
2025101543339,2025,101543339,2,1,-1,-1,-1,1,4,-1,-1,-1,-1,-1,-1,0,-1,1,-1,6,1,33,6,-1,-1,-1,-1,1,E01008666,0,1
2025101543339,2025,101543339,1,9,-1,-1,-1,5,8,-1,-1,-1,-1,-1,-1,0,-1,9,-1,6,1,65,9,-1,-1,-1,-1,4,E01008637,0,1
2025101543343,2025,101543343,1,9,0,-1,19,-1,-1,-1,0,2,0,0,0,0,-1,1,-1,6,1,31,6,-1,-1,-1,-1,7,E01034519,0,1
2025101543359,2025,101543359,1,9,-1,-1,-1,2,7,-1,-1,0,-1,-1,-1,0,-1,9,-1,6,2,-1,-1,-1,-1,-1,-1,5,E01035637,0,3
2025101543359,2025,101543359,2,9,-1,-1,-1,7,3,-1,-1,0,-1,-1,-1,0,-1,9,-1,6,2,35,6,-1,-1,-1,-1,2,E01008307,0,4
2025101543429,2025,101543429,1,9,0,-1,9,5,3,-1,0,0,0,0,0,0,1,1,-1,6,1,33,6,-1,-1,-1,-1,1,E01008204,0,1
2025101543429,2025,101543429,2,3,0,-1,19,3,7,-1,0,0,0,0,0,0,4,1,-1,6,1,27,6,-1,-1,-1,-1,-1,-1,0,-1
2025101543439,2025,101543439,1,9,0,-1,7,5,8,-1,0,8,0,0,0,0,1,9,-1,6,3,-1,-1,-1,-1,-1,-1,-1,-1,0,-1
2025101543542,2025,101543542,2,9,0,-1,19,3,7,-1,0,0,0,0,7,7,1,1,-1,9,1,39,7,-1,-1,-1,-1,9,E01027491,0,3
2025101543542,2025,101543542,1,9,0,-1,19,3,7,-1,0,0,0,7,5,0,1,1,-1,9,1,40,7,-1,-1,-1,-1,5,E01027480,0,3
2025101543551,2025,101543551,1,9,0,-1,19,7,3,-1,0,0,0,0,0,0,1,1,-1,9,1,20,4,-1,-1,-1,-1,6,E01027484,0,3
2025101543592,2025,101543592,2,9,0,-1,3,1,5,-1,0,4,0,0,0,0,2,9,-1,6,2,45,7,-1,-1,-1,-1,3,E01008576,0,1
2025101543592,2025,101543592,1,9,0,-1,19,1,5,-1,0,4,0,0,0,0,1,9,-1,6,1,22,5,-1,-1,-1,-1,8,E01008538,0,1
2025101543642,2025,101543642,2,9,0,-1,19,2,6,-1,0,0,0,0,0,0,2,9,-1,6,2,40,7,-1,-1,-1,-1,5,E01008343,0,1
2025101543642,2025,101543642,1,9,0,-1,19,2,6,-1,-1,0,0,0,0,0,1,9,-1,6,1,-1,-1,-1,-1,-1,-1,-1,-1,0,-1
2025101543708,2025,101543708,1,9,0,-1,19,6,2,-1,9,0,0,0,1,5,1,1,-1,6,-1,-1,-1,-1,-1,-1,-1,-1,-1,0,-1
2025101544077,2025,101544077,1,9,0,-1,5,6,2,-1,0,8,0,0,0,0,4,1,-1,6,1,19,4,-1,-1,-1,-1,2,E01008630,0,2
2025101544077,2025,101544077,2,9,0,-1,19,8,4,-1,0,8,0,0,0,0,1,1,-1,6,2,23,5,-1,-1,-1,-1,4,E01008676,0,1
2025101544258,2025,101544258,1,9,0,-1,19,1,5,-1,0,0,1,0,1,0,1,1,-1,9,1,38,7,-1,-1,-1,-1,6,E01027511,0,2
2025101544274,2025,101544274,1,9,0,-1,7,1,3,-1,0,3,0,0,0,0,1,1,-1,1,2,55,8,-1,-1,-1,-1,8,E01035012,0,5
2025101544290,2025,101544290,1,9,0,-1,19,7,3,-1,0,1,0,7,0,0,1,1,-1,6,1,41,7,-1,-1,-1,-1,-1,-1,0,-1
2025101544296,2025,101544296,2,9,0,-1,19,1,5,-1,0,1,0,0,0,0,4,2,-1,9,1,22,5,-1,-1,-1,-1,7,E01034519,0,2
2025101544296,2025,101544296,1,9,0,-1,9,3,7,-1,0,2,0,0,0,0,1,2,-1,9,-1,16,4,-1,-1,-1,-1,-1,-1,0,-1
2025101544307,2025,101544307,2,9,0,-1,19,2,6,-1,0,8,1,0,0,0,4,1,-1,6,1,52,8,-1,-1,-1,-1,2,E01008645,0,1
2025101544307,2025,101544307,1,9,0,-1,5,4,8,-1,0,8,0,0,0,0,1,9,-1,6,3,40,7,-1,-1,-1,-1,-1,-1,0,-1
2025101544313,2025,101544313,1,9,0,-1,9,5,3,-1,0,8,0,0,1,0,1,1,-1,2,1,18,4,-1,-1,-1,-1,10,E01027456,0,2
2025101544313,2025,101544313,2,9,0,-1,19,1,5,-1,0,1,0,0,1,0,3,1,-1,2,1,32,6,-1,-1,-1,-1,1,E01027424,0,2
2025101544417,2025,101544417,2,9,0,-1,3,4,8,-1,0,8,0,0,0,0,2,1,-1,6,2,52,8,-1,-1,-1,-1,10,E01008269,0,1
2025101544417,2025,101544417,1,9,0,-1,19,4,8,-1,0,8,0,0,0,0,1,1,-1,6,1,46,8,-1,-1,-1,-1,9,E01008184,0,2
2025101544499,2025,101544499,1,9,0,-1,5,6,2,-1,0,0,0,0,0,0,0,1,-1,6,2,-1,-1,-1,-1,-1,-1,-1,-1,0,-1
2025101544499,2025,101544499,2,9,0,-1,19,6,2,-1,0,0,1,0,0,0,0,1,-1,6,2,53,8,-1,-1,-1,-1,4,E01008502,0,2
2025101544520,2025,101544520,2,21,5,-1,19,7,3,-1,0,1,0,0,7,0,1,1,-1,1,1,49,8,-1,-1,-1,-1,2,E01013038,0,5
2025101544520,2025,101544520,1,9,0,-1,5,1,5,-1,0,6,0,0,0,0,3,1,-1,6,1,52,8,-1,-1,-1,-1,8,E01027495,0,4
2025101544619,2025,101544619,1,9,0,-1,19,3,6,-1,0,4,0,0,0,0,1,1,-1,6,1,42,7,-1,-1,-1,-1,2,E01008487,0,1
2025101544619,2025,101544619,2,9,0,-1,19,1,5,-1,0,3,0,0,0,0,2,1,-1,9,1,40,7,-1,-1,-1,-1,1,E01011354,0,5
2025101544711,2025,101544711,1,4,0,-1,19,1,5,-1,0,6,0,0,0,0,1,1,-1,9,1,69,10,-1,-1,-1,-1,-1,-1,0,-1
2025101544711,2025,101544711,2,9,0,-1,5,7,3,-1,0,1,0,0,0,0,1,1,-1,6,2,28,6,-1,-1,-1,-1,-1,-1,0,-1
2025101544755,2025,101544755,1,1,0,-1,19,5,1,-1,0,8,0,0,0,0,1,1,-1,6,1,-1,-1,-1,-1,-1,-1,-1,-1,0,-1
2025101544755,2025,101544755,2,9,0,-1,9,7,5,-1,0,8,0,0,0,0,3,1,-1,6,2,21,5,-1,-1,-1,-1,1,E01008232,0,1
2025101544946,2025,101544946,1,9,0,-1,19,2,6,-1,0,8,0,0,0,0,4,9,-1,6,2,-1,-1,-1,-1,-1,-1,-1,-1,0,-1
2025101545116,2025,101545116,1,9,0,-1,19,6,2,-1,0,0,2,0,7,0,4,1,-1,9,1,18,4,-1,-1,-1,-1,-1,-1,0,-1
2025101545268,2025,101545268,2,11,0,-1,5,8,3,-1,0,4,0,0,0,0,0,9,-1,1,1,24,5,-1,-1,-1,-1,7,E01008534,0,2
2025101545268,2025,101545268,1,9,-1,-1,6,5,4,-1,0,4,0,0,0,0,0,9,-1,6,3,-1,-1,-1,-1,-1,-1,-1,-1,0,-1
2025101545344,2025,101545344,2,1,0,-1,19,2,5,-1,0,3,0,0,0,0,4,1,-1,6,1,30,6,-1,-1,-1,-1,8,E01008313,0,1
2025101545344,2025,101545344,1,19,0,-1,5,4,7,-1,0,3,0,0,0,0,1,9,-1,6,1,37,7,-1,-1,-1,-1,10,E01008563,0,3
2025101545390,2025,101545390,1,98,-1,-1,19,2,6,-1,0,1,0,0,0,0,1,9,-1,6,1,50,8,-1,-1,-1,-1,6,E01008176,0,1
2025101545390,2025,101545390,2,9,-1,-1,3,3,7,-1,0,1,0,0,0,0,2,9,-1,6,2,65,9,-1,-1,-1,-1,2,E01008697,0,2
2025101545467,2025,101545467,1,9,0,-1,9,1,7,-1,0,5,0,0,0,0,1,1,-1,9,1,76,11,-1,-1,-1,-1,4,E01027387,0,1
2025101545609,2025,101545609,1,9,0,-1,19,8,5,-1,0,0,0,0,7,4,1,1,-1,9,1,20,4,-1,-1,-1,-1,9,E01008620,0,1
2025101545623,2025,101545623,1,9,0,-1,19,5,3,-1,0,0,5,4,0,0,1,1,-1,2,2,30,6,-1,-1,-1,-1,3,E01008241,0,3
2025101545623,2025,101545623,2,9,0,-1,2,0,0,-1,0,0,0,0,0,0,2,1,-1,6,-1,-1,-1,-1,-1,-1,-1,-1,-1,0,-1
2025101546016,2025,101546016,1,19,0,-1,19,1,5,-1,0,0,5,0,1,0,1,1,-1,1,1,23,5,-1,-1,-1,-1,-1,-1,0,-1
2025101546130,2025,101546130,1,1,0,-1,19,8,4,-1,0,4,5,0,0,0,4,1,-1,6,1,55,8,-1,-1,-1,-1,7,E01020601,0,2
2025101546130,2025,101546130,2,9,0,-1,9,1,4,-1,0,4,0,0,0,0,3,1,-1,6,1,62,9,-1,-1,-1,-1,2,E01008755,0,1
2025101546144,2025,101546144,1,9,0,-1,1,7,3,-1,0,0,0,0,0,0,2,1,-1,9,1,31,6,-1,-1,-1,-1,9,E01008493,0,3
2025101546156,2025,101546156,2,9,0,-1,19,5,8,-1,0,8,0,0,0,0,4,1,-1,2,2,42,7,-1,-1,-1,-1,4,E01008514,0,1
2025101546156,2025,101546156,1,19,0,-1,19,7,2,-1,0,8,0,0,0,0,3,1,-1,1,1,58,9,-1,-1,-1,-1,2,E01008599,0,2
2025101546158,2025,101546158,2,9,0,-1,3,7,3,-1,0,0,0,0,0,0,1,1,-1,6,1,26,6,-1,-1,-1,-1,-1,-1,0,-1
2025101546158,2025,101546158,1,9,0,-1,3,7,3,-1,0,0,0,0,0,0,2,1,-1,6,2,60,9,-1,-1,-1,-1,-1,-1,0,-1
2025101546176,2025,101546176,1,9,0,-1,5,7,1,-1,0,0,0,0,0,0,1,9,-1,6,1,45,7,-1,-1,-1,-1,-1,-1,0,-1
2025101546176,2025,101546176,2,1,0,-1,19,1,5,-1,5,0,0,0,0,0,3,1,-1,7,1,13,3,-1,-1,-1,-1,-1,-1,0,-1
2025101546177,2025,101546177,2,9,0,-1,3,3,7,-1,0,0,0,0,0,0,2,1,-1,6,2,68,10,-1,-1,-1,-1,9,E01020600,0,3
2025101546177,2025,101546177,1,19,0,-1,19,3,7,-1,0,0,0,0,0,0,1,1,-1,1,2,29,6,-1,-1,-1,-1,3,E01008468,0,2
2025101546189,2025,101546189,2,9,0,-1,2,0,0,-1,0,0,1,0,0,0,3,1,-1,6,-1,-1,-1,-1,-1,-1,-1,-1,-1,0,-1
2025101546189,2025,101546189,1,9,0,-1,19,5,1,-1,0,0,5,4,0,0,1,1,-1,9,1,77,11,-1,-1,-1,-1,3,E01008208,0,1
2025101546224,2025,101546224,1,9,0,-1,19,3,7,-1,0,0,0,0,0,0,2,9,-1,6,3,18,4,-1,-1,-1,-1,-1,-1,0,-1
2025101546224,2025,101546224,2,9,0,-1,19,3,7,-1,0,0,0,4,0,0,1,1,-1,6,1,27,6,-1,-1,-1,-1,1,E01035619,0,1
2025101546224,2025,101546224,3,9,0,-1,19,3,7,-1,0,0,0,4,0,0,1,1,-1,6,1,34,6,-1,-1,-1,-1,2,E01008377,0,1
2025101546332,2025,101546332,1,9,0,-1,19,8,4,-1,0,2,0,0,0,0,3,9,-1,6,2,51,8,-1,-1,-1,-1,2,E01008645,0,1
2025101546466,2025,101546466,1,9,0,-1,19,5,1,-1,0,0,5,11,1,0,3,1,-1,9,1,46,8,-1,-1,-1,-1,1,E01008703,0,1
2025101546526,2025,101546526,2,9,0,-1,19,1,5,-1,0,0,0,0,0,0,2,1,-1,9,1,49,8,-1,-1,-1,-1,1,E01008823,0,1
2025101546526,2025,101546526,1,9,0,-1,19,1,5,-1,0,0,0,11,4,0,4,1,-1,9,2,22,5,-1,-1,-1,-1,1,E01012867,0,5
2025101546812,2025,101546812,1,8,0,-1,5,8,4,-1,0,2,0,0,0,0,4,9,-1,1,1,-1,-1,-1,-1,-1,-1,4,E01008172,0,2
2025101546875,2025,101546875,1,9,0,-1,19,7,3,-1,0,4,0,0,0,0,1,1,-1,6,1,23,5,-1,-1,-1,-1,5,E01008362,0,1
2025101546875,2025,101546875,2,9,0,-1,19,4,1,-1,0,3,0,0,0,0,4,1,-1,6,2,31,6,-1,-1,-1,-1,2,E01008428,0,1
2025101546890,2025,101546890,1,11,0,-1,-1,6,2,-1,-1,0,-1,-1,-1,0,-1,1,-1,1,1,40,7,-1,-1,-1,-1,-1,-1,0,-1
2025101546986,2025,101546986,3,9,0,-1,7,7,3,-1,0,0,0,0,0,0,3,1,-1,6,1,-1,-1,-1,-1,-1,-1,-1,-1,0,-1
2025101546986,2025,101546986,2,9,0,-1,2,3,7,-1,0,0,0,0,0,0,2,1,-1,6,1,-1,-1,-1,-1,-1,-1,9,E01031717,0,5
2025101546986,2025,101546986,1,9,0,-1,19,3,7,-1,0,0,0,0,0,0,1,1,-1,6,1,67,10,-1,-1,-1,-1,-1,-1,0,-1
2025101546998,2025,101546998,1,11,0,-1,19,7,3,-1,0,8,0,0,0,0,1,1,-1,1,1,31,6,-1,-1,-1,-1,1,E01008212,0,2
2025101547017,2025,101547017,1,9,0,-1,3,5,1,-1,0,0,0,0,0,0,2,1,-1,2,2,36,7,-1,-1,-1,-1,5,E01008225,0,3
2025101547017,2025,101547017,2,9,0,-1,4,5,1,-1,0,0,0,0,0,0,1,1,-1,6,2,-1,-1,-1,-1,-1,-1,3,E01008379,0,2
2025101547126,2025,101547126,1,98,0,-1,19,1,5,-1,0,2,0,0,1,0,4,1,-1,1,1,56,9,-1,-1,-1,-1,1,E01008037,0,5
2025101547142,2025,101547142,2,9,0,-1,19,7,3,-1,0,0,0,0,1,0,1,1,-1,9,1,63,9,-1,-1,-1,-1,8,E01027504,0,1
2025101547142,2025,101547142,3,9,0,-1,19,7,3,-1,0,0,0,0,1,0,1,1,-1,9,2,23,5,-1,-1,-1,-1,2,E01020670,0,4
2025101547142,2025,101547142,1,9,0,-1,19,7,3,-1,0,0,0,0,1,0,2,1,-1,9,1,28,6,-1,-1,-1,-1,1,E01033547,0,4
2025101547180,2025,101547180,1,9,0,-1,9,1,7,-1,0,6,0,0,0,0,3,1,-1,9,2,62,9,-1,-1,-1,-1,3,E01020593,0,3
2025101547180,2025,101547180,2,1,0,-1,19,7,3,-1,0,1,0,0,0,0,1,1,-1,9,1,27,6,-1,-1,-1,-1,1,E01035623,0,1
2025101547220,2025,101547220,1,1,-1,-1,-1,8,3,-1,-1,-1,-1,-1,-1,0,-1,1,-1,6,1,26,6,-1,-1,-1,-1,-1,-1,0,-1
2025101547279,2025,101547279,1,9,-1,-1,-1,4,2,-1,-1,-1,-1,-1,-1,0,-1,9,-1,6,1,-1,-1,-1,-1,-1,-1,-1,-1,0,-1
2025101547279,2025,101547279,2,9,-1,-1,-1,6,2,-1,-1,-1,-1,-1,-1,0,-1,9,-1,6,1,35,6,-1,-1,-1,-1,3,E01008396,0,1
2025101547309,2025,101547309,2,9,-1,-1,-1,2,6,-1,-1,0,-1,-1,-1,0,-1,9,-1,6,1,20,4,-1,-1,-1,-1,10,E01008547,0,1
2025101547309,2025,101547309,1,9,-1,-1,-1,2,6,-1,-1,0,-1,-1,-1,0,-1,9,-1,6,1,20,4,-1,-1,-1,-1,1,E01027422,0,3
2025101547354,2025,101547354,2,9,-1,-1,-1,4,1,-1,-1,-1,-1,-1,-1,0,-1,9,-1,1,1,23,5,-1,-1,-1,-1,3,E01035617,0,1
2025101547354,2025,101547354,1,9,-1,-1,-1,4,8,-1,-1,-1,-1,-1,-1,0,-1,9,-1,6,1,27,6,-1,-1,-1,-1,3,E01008240,0,1
2025101547448,2025,101547448,2,90,0,-1,9,3,5,-1,0,1,0,0,0,0,0,1,-1,1,2,31,6,-1,-1,-1,-1,-1,-1,0,-1
2025101547448,2025,101547448,1,90,0,-1,5,5,3,-1,0,2,0,0,0,0,0,1,-1,6,1,35,6,-1,-1,-1,-1,-1,-1,0,-1
2025101547488,2025,101547488,2,9,0,-1,9,5,1,-1,0,1,0,0,0,0,1,1,-1,9,1,54,8,-1,-1,-1,-1,5,E01035631,0,2
2025101547488,2025,101547488,1,9,0,-1,19,1,5,-1,0,1,1,0,0,0,1,1,-1,9,1,19,4,-1,-1,-1,-1,10,E01027458,0,1
2025101547573,2025,101547573,1,9,0,-1,10,5,1,-1,0,8,0,0,0,0,1,1,-1,2,1,21,5,-1,-1,-1,-1,6,E01027532,0,1
2025101547573,2025,101547573,2,-1,0,-1,19,1,5,-1,0,8,0,0,0,0,1,1,-1,9,1,12,3,-1,-1,-1,-1,1,E01027540,1,1
2025101547622,2025,101547622,1,9,0,-1,9,7,4,-1,0,2,0,0,0,0,4,1,-1,2,2,55,8,-1,-1,-1,-1,10,E01008522,0,1
2025101547677,2025,101547677,1,9,0,-1,1,6,2,-1,0,0,0,0,0,0,2,9,-1,1,3,-1,-1,-1,-1,-1,-1,-1,-1,0,-1
2025101547720,2025,101547720,1,9,-1,-1,-1,5,1,-1,-1,-1,-1,-1,-1,0,-1,9,-1,6,2,19,4,-1,-1,-1,-1,1,E01008703,0,1
2025101547720,2025,101547720,2,9,-1,-1,-1,5,1,-1,-1,-1,-1,-1,-1,0,-1,9,-1,6,2,34,6,-1,-1,-1,-1,8,E01008760,0,1
2025101547764,2025,101547764,1,9,0,-1,4,1,5,-1,0,2,0,0,0,0,1,1,-1,2,2,19,4,-1,-1,-1,-1,4,E01033718,0,3
2025101547764,2025,101547764,2,9,0,-1,4,1,5,-1,0,2,0,0,0,0,2,1,-1,2,2,30,6,-1,-1,-1,-1,9,E01027526,0,3
2025101547858,2025,101547858,1,9,-1,-1,-1,4,8,-1,-1,0,-1,-1,-1,0,-1,9,-1,6,1,-1,-1,-1,-1,-1,-1,-1,-1,0,-1
2025101547858,2025,101547858,2,9,-1,-1,-1,4,2,-1,-1,0,-1,-1,-1,0,-1,9,-1,6,2,75,10,-1,-1,-1,-1,10,E01008557,0,1
2025101548079,2025,101548079,1,9,0,-1,19,5,1,-1,0,0,0,0,0,0,1,1,-1,9,2,50,8,-1,-1,-1,-1,4,-1,0,2
2025101548166,2025,101548166,1,11,0,-1,5,7,3,-1,2,0,0,0,0,0,0,9,-1,1,1,60,9,-1,-1,-1,-1,4,E01008162,0,1
2025101548199,2025,101548199,1,9,0,-1,19,6,2,-1,0,0,0,0,5,0,1,1,-1,6,1,41,7,-1,-1,-1,-1,1,E01027546,0,1