collision_index,collision_year,collision_ref_no,vehicle_reference,vehicle_type,towing_and_articulation,vehicle_manoeuvre_historic,vehicle_manoeuvre,vehicle_direction_from,vehicle_direction_to,vehicle_location_restricted_lane_historic,vehicle_location_restricted_lane,junction_location,skidding_and_overturning,hit_object_in_carriageway,vehicle_leaving_carriageway,hit_object_off_carriageway,first_point_of_impact,vehicle_left_hand_drive,journey_purpose_of_driver_historic,journey_purpose_of_driver,sex_of_driver,age_of_driver,age_band_of_driver,engine_capacity_cc,propulsion_code,age_of_vehicle,generic_make_model,driver_imd_decile,lsoa_of_driver,escooter_flag,driver_distance_banding
2025101548199,2025,101548199,2,9,0,-1,3,6,2,-1,0,0,0,0,0,0,2,1,-1,1,1,38,7,-1,-1,-1,-1,10,E01032549,0,4
2025101548199,2025,101548199,3,9,0,-1,3,6,2,-1,0,0,0,0,0,0,2,1,-1,1,1,54,8,-1,-1,-1,-1,1,E01008669,0,4
2025101548358,2025,101548358,1,97,0,-1,19,8,3,-1,0,0,0,4,0,0,1,1,-1,6,1,20,4,-1,-1,-1,-1,1,E01008436,0,1
2025101548358,2025,101548358,2,8,0,-1,2,0,0,-1,0,0,0,0,0,0,1,1,-1,1,1,33,6,-1,-1,-1,-1,3,E01008288,0,2
2025101548423,2025,101548423,1,9,0,-1,5,2,6,-1,0,8,0,0,0,0,1,1,-1,6,1,-1,-1,-1,-1,-1,-1,-1,-1,0,-1
2025101548423,2025,101548423,2,1,0,-1,19,8,4,-1,4,8,0,0,0,0,4,1,-1,6,1,33,6,-1,-1,-1,-1,1,E01008164,0,1
2025101548479,2025,101548479,1,9,0,-1,4,1,5,-1,0,2,0,0,0,0,1,1,-1,2,1,21,5,-1,-1,-1,-1,9,E01008238,0,1
2025101548479,2025,101548479,2,9,0,-1,4,1,5,-1,0,2,0,0,0,0,2,1,-1,6,2,39,7,-1,-1,-1,-1,1,E01008227,0,1
2025101548479,2025,101548479,3,9,0,-1,4,1,5,-1,0,2,0,0,0,0,2,1,-1,6,1,56,9,-1,-1,-1,-1,1,E01008191,0,1
2025101548545,2025,101548545,1,9,0,-1,19,8,4,-1,0,0,0,0,1,0,1,1,-1,2,2,39,7,-1,-1,-1,-1,4,E01019218,0,4
2025101548569,2025,101548569,2,9,0,-1,3,5,8,-1,0,0,0,0,0,0,2,1,-1,2,1,56,9,-1,-1,-1,-1,2,E01027541,0,3
2025101548569,2025,101548569,1,9,0,-1,19,4,8,-1,0,0,0,0,0,0,1,1,-1,2,2,36,7,-1,-1,-1,-1,6,E01027428,0,2
2025101548642,2025,101548642,1,9,0,-1,9,8,6,-1,0,3,0,0,0,0,1,1,-1,6,2,26,6,-1,-1,-1,-1,-1,-1,0,-1
2025101548787,2025,101548787,1,9,0,-1,19,2,6,-1,0,8,0,0,0,0,4,1,-1,1,1,33,6,-1,-1,-1,-1,2,E01008860,0,2
2025101549119,2025,101549119,1,9,0,-1,5,3,7,-1,0,8,0,0,0,0,1,1,-1,6,2,19,4,-1,-1,-1,-1,8,E01008323,0,2
2025101549119,2025,101549119,2,9,0,-1,19,2,6,-1,0,8,0,0,0,0,1,1,-1,6,2,23,5,-1,-1,-1,-1,3,E01008396,0,1
2025101549149,2025,101549149,1,97,0,-1,19,7,3,-1,1,0,0,0,0,0,4,1,-1,6,1,20,4,-1,-1,-1,-1,1,E01008165,0,1
2025101549376,2025,101549376,2,9,0,-1,10,2,6,-1,0,8,0,0,0,0,2,1,-1,6,1,22,5,-1,-1,-1,-1,7,E01008188,0,1
2025101549376,2025,101549376,1,9,0,-1,19,2,6,-1,0,8,0,0,0,0,1,1,-1,6,1,-1,-1,-1,-1,-1,-1,-1,-1,0,-1
2025101549384,2025,101549384,2,9,0,-1,9,3,1,-1,0,8,0,0,0,0,4,1,-1,9,2,43,7,-1,-1,-1,-1,9,E01008620,0,2
2025101549384,2025,101549384,1,9,0,-1,19,5,1,-1,0,8,0,0,8,0,3,1,-1,6,2,20,4,-1,-1,-1,-1,3,E01008241,0,1
2025101549445,2025,101549445,2,1,0,-1,19,8,4,-1,0,8,5,0,0,0,4,1,-1,9,1,56,9,-1,-1,-1,-1,10,E01008270,0,2
2025101549445,2025,101549445,1,11,0,-1,9,3,1,-1,0,8,0,0,0,0,1,1,-1,1,1,53,8,-1,-1,-1,-1,3,E01008258,0,2
2025101549521,2025,101549521,1,9,0,-1,4,1,5,-1,0,0,0,0,4,2,1,1,-1,9,1,19,4,-1,-1,-1,-1,1,E01027540,0,3
2025101549521,2025,101549521,2,9,0,-1,12,1,5,-1,0,0,0,0,4,0,1,1,-1,9,1,52,8,-1,-1,-1,-1,7,E01027473,0,1
2025101549656,2025,101549656,2,-1,0,-1,19,1,1,-1,0,8,0,0,0,0,1,1,-1,2,2,40,7,-1,-1,-1,-1,2,E01008543,1,1
2025101549656,2025,101549656,1,9,0,-1,7,2,6,-1,0,6,0,0,0,0,3,9,-1,9,1,31,6,-1,-1,-1,-1,2,E01008543,0,1
2025101549685,2025,101549685,1,97,0,-1,19,7,3,-1,0,8,0,0,0,0,1,1,-1,6,1,35,6,-1,-1,-1,-1,-1,-1,0,-1
2025101549685,2025,101549685,2,11,0,-1,9,3,1,-1,0,8,0,0,0,0,4,1,-1,1,1,63,9,-1,-1,-1,-1,3,E01008510,0,1
2025101549732,2025,101549732,1,9,0,-1,19,7,3,-1,0,0,0,0,0,0,1,1,-1,6,1,35,6,-1,-1,-1,-1,-1,-1,0,-1
2025101549732,2025,101549732,2,1,0,-1,19,5,1,-1,0,0,0,0,0,0,1,1,-1,9,1,16,4,-1,-1,-1,-1,1,E01008392,0,1
2025101549798,2025,101549798,1,9,0,-1,19,8,3,-1,0,0,0,0,0,0,4,9,-1,6,3,35,6,-1,-1,-1,-1,-1,-1,0,-1
2025101549849,2025,101549849,1,9,0,-1,7,2,5,-1,0,2,0,0,0,0,1,1,-1,9,1,78,11,-1,-1,-1,-1,2,E01008645,0,1
2025101549849,2025,101549849,2,11,0,-1,4,1,5,-1,0,2,0,0,0,0,2,1,-1,1,1,60,9,-1,-1,-1,-1,3,E01008595,0,2
2025101549896,2025,101549896,2,97,0,-1,19,1,5,-1,0,8,0,0,0,0,4,1,-1,9,1,14,3,-1,-1,-1,-1,1,E01027431,0,1
2025101549896,2025,101549896,1,9,0,-1,5,3,7,-1,0,8,0,0,0,0,1,1,-1,6,1,31,6,-1,-1,-1,-1,6,E01027428,0,1
2025101550012,2025,101550012,2,9,0,-1,19,6,2,-1,0,8,0,0,0,0,3,1,-1,9,1,73,10,-1,-1,-1,-1,3,E01020742,0,3
2025101550012,2025,101550012,1,90,0,-1,13,6,2,-1,0,4,1,0,0,0,1,1,-1,9,-1,-1,-1,-1,-1,-1,-1,-1,-1,0,-1
2025101550046,2025,101550046,2,9,0,-1,19,4,6,-1,0,8,0,0,0,0,3,1,-1,2,2,40,7,-1,-1,-1,-1,2,E01008221,0,3
2025101550046,2025,101550046,1,9,0,-1,19,4,8,-1,0,1,2,10,0,0,1,1,-1,9,1,74,10,-1,-1,-1,-1,3,E01008804,0,1
2025101550060,2025,101550060,1,9,0,-1,7,2,5,-1,0,8,0,0,0,0,4,9,-1,6,3,45,7,-1,-1,-1,-1,-1,-1,0,-1
2025101550060,2025,101550060,2,1,0,-1,7,6,7,-1,0,8,0,0,0,0,3,1,-1,9,1,32,6,-1,-1,-1,-1,1,E01008839,0,1
2025101550065,2025,101550065,2,9,0,-1,19,1,5,-1,0,0,0,0,0,0,1,1,-1,6,2,27,6,-1,-1,-1,-1,1,E01008389,0,1
2025101550065,2025,101550065,1,9,0,-1,19,5,1,-1,0,0,1,0,0,0,1,1,-1,6,1,50,8,-1,-1,-1,-1,-1,-1,0,-1
2025101550078,2025,101550078,1,9,0,-1,6,7,3,-1,0,0,0,0,0,0,1,2,-1,9,2,58,9,-1,-1,-1,-1,1,E01008604,0,1
2025101550078,2025,101550078,2,4,0,-1,15,7,3,-1,0,0,2,0,0,0,1,1,-1,6,1,29,6,-1,-1,-1,-1,3,E01008678,0,1
2025101550180,2025,101550180,2,1,0,-1,19,6,3,-1,0,8,0,0,0,0,1,1,-1,7,1,12,3,-1,-1,-1,-1,-1,-1,0,-1
2025101550180,2025,101550180,1,9,0,-1,5,4,7,-1,0,8,0,0,0,0,4,1,-1,9,1,32,6,-1,-1,-1,-1,1,E01008610,0,1
2025101550217,2025,101550217,1,9,0,-1,19,6,1,-1,0,8,0,0,0,0,1,1,-1,9,1,56,9,-1,-1,-1,-1,-1,-1,0,-1
2025101550217,2025,101550217,2,9,0,-1,19,8,4,-1,0,8,0,0,0,0,4,1,-1,9,2,25,5,-1,-1,-1,-1,1,E01008773,0,1
2025101550280,2025,101550280,2,9,0,-1,19,5,1,-1,0,1,0,0,0,0,2,1,-1,2,2,23,5,-1,-1,-1,-1,4,E01008471,0,1
2025101550280,2025,101550280,1,9,0,-1,3,5,1,-1,0,1,0,0,0,0,1,1,-1,9,1,29,6,-1,-1,-1,-1,2,E01020686,0,4
2025101550307,2025,101550307,1,9,0,-1,19,1,5,-1,0,0,0,0,0,0,1,1,-1,9,1,77,11,-1,-1,-1,-1,-1,-1,0,-1
2025101550377,2025,101550377,1,9,0,-1,19,7,3,-1,0,0,5,0,8,0,1,1,-1,1,2,41,7,-1,-1,-1,-1,5,E01027474,0,4
2025101550460,2025,101550460,1,9,0,-1,19,5,1,-1,0,0,1,1,0,0,1,1,-1,9,2,28,6,-1,-1,-1,-1,-1,-1,0,-1
2025101550460,2025,101550460,2,9,0,-1,2,0,0,-1,9,0,0,0,7,0,3,1,-1,6,-1,-1,-1,-1,-1,-1,-1,-1,-1,0,-1
2025101550564,2025,101550564,1,9,0,-1,9,1,7,-1,0,6,0,0,0,0,1,1,-1,6,1,29,6,-1,-1,-1,-1,5,E01008246,0,2
2025101550602,2025,101550602,2,22,0,-1,7,6,8,-1,0,2,5,0,0,0,1,1,-1,9,1,79,11,-1,-1,-1,-1,5,E01008582,0,1
2025101550602,2025,101550602,1,19,0,-1,1,8,6,-1,0,1,0,0,0,0,2,1,-1,1,1,35,6,-1,-1,-1,-1,1,E01008817,0,4
2025101550637,2025,101550637,1,9,0,-1,4,1,5,-1,0,0,0,0,0,0,1,1,-1,9,2,21,5,-1,-1,-1,-1,-1,-1,0,-1
2025101550672,2025,101550672,1,9,0,-1,-1,-1,-1,-1,-1,0,-1,-1,-1,0,-1,1,-1,6,1,48,8,-1,-1,-1,-1,10,E01008420,0,1
2025101550672,2025,101550672,2,9,-1,-1,-1,-1,-1,-1,-1,0,-1,-1,-1,0,-1,1,-1,6,3,59,9,-1,-1,-1,-1,1,E01008380,0,1
2025101550692,2025,101550692,2,1,0,-1,19,1,4,-1,0,0,0,0,0,0,4,1,-1,2,2,58,9,-1,-1,-1,-1,9,E01008581,0,2
2025101550692,2025,101550692,1,9,0,-1,9,7,2,-1,0,0,0,0,0,0,4,9,-1,6,3,18,4,-1,-1,-1,-1,-1,-1,0,-1
2025101550724,2025,101550724,3,9,0,-1,2,0,0,-1,9,0,0,0,0,0,3,1,-1,6,-1,-1,-1,-1,-1,-1,-1,-1,-1,0,-1
2025101550724,2025,101550724,2,9,0,-1,19,7,3,-1,0,0,1,4,0,0,1,1,-1,2,1,19,4,-1,-1,-1,-1,2,E01008810,0,1
2025101550724,2025,101550724,1,9,0,-1,2,0,0,-1,0,0,0,0,0,0,2,1,-1,1,1,31,6,-1,-1,-1,-1,4,E01008707,0,1
2025101550727,2025,101550727,2,9,0,-1,4,7,3,-1,0,0,0,0,0,0,2,1,-1,6,2,36,7,-1,-1,-1,-1,2,E01008860,0,1
2025101550727,2025,101550727,1,9,0,-1,19,7,3,-1,0,0,0,0,0,0,1,1,-1,6,1,31,6,-1,-1,-1,-1,-1,-1,0,-1
2025101550777,2025,101550777,1,9,0,-1,6,6,5,-1,0,8,0,0,0,0,3,1,-1,9,1,32,6,-1,-1,-1,-1,3,E01008396,0,1
2025101550777,2025,101550777,2,1,0,-1,19,3,5,-1,0,2,0,0,0,0,1,1,-1,6,1,15,3,-1,-1,-1,-1,-1,-1,0,-1
2025101550837,2025,101550837,1,9,0,-1,5,4,2,-1,0,0,0,0,0,0,1,1,-1,6,2,30,6,-1,-1,-1,-1,-1,-1,0,-1
2025101550837,2025,101550837,2,1,0,-1,19,6,2,-1,0,0,0,0,0,0,3,1,-1,7,1,13,3,-1,-1,-1,-1,3,E01008488,0,1
2025101551155,2025,101551155,1,9,0,-1,19,5,8,-1,0,8,0,0,0,0,1,9,-1,6,1,35,6,-1,-1,-1,-1,-1,-1,0,-1
2025101551155,2025,101551155,2,9,0,-1,3,5,8,-1,0,8,0,0,0,0,2,1,-1,9,2,51,8,-1,-1,-1,-1,1,E01008400,0,1
2025101551285,2025,101551285,1,9,0,-1,19,3,7,-1,0,1,0,0,0,0,4,1,-1,9,2,84,11,-1,-1,-1,-1,9,E01027481,0,1
2025101551285,2025,101551285,2,1,0,-1,19,3,7,-1,0,1,0,0,0,0,2,1,-1,9,2,73,10,-1,-1,-1,-1,6,E01027490,0,1
2025101551294,2025,101551294,1,9,0,-1,19,5,1,-1,0,0,0,0,0,0,1,9,-1,6,3,-1,-1,-1,-1,-1,-1,-1,-1,0,-1
2025101551294,2025,101551294,2,9,0,-1,19,5,1,-1,0,0,0,0,0,0,2,1,-1,6,2,34,6,-1,-1,-1,-1,-1,-1,0,-1
2025101551313,2025,101551313,1,9,0,-1,5,3,7,-1,0,1,0,0,0,0,4,1,-1,1,1,45,7,-1,-1,-1,-1,-1,-1,0,-1
2025101551394,2025,101551394,1,9,0,-1,19,1,5,-1,0,0,0,11,0,0,1,1,-1,6,2,20,4,-1,-1,-1,-1,10,E01027357,0,4
2025101551436,2025,101551436,2,9,0,-1,19,3,7,-1,0,0,0,0,0,0,1,1,-1,9,2,51,8,-1,-1,-1,-1,3,E01008183,0,2
2025101551436,2025,101551436,1,9,0,-1,19,7,3,-1,0,0,0,0,0,0,1,1,-1,2,1,53,8,-1,-1,-1,-1,3,E01020631,0,3
2025101551648,2025,101551648,1,9,0,-1,19,1,5,-1,0,0,0,0,0,0,1,9,-1,6,2,64,9,-1,-1,-1,-1,1,E01008390,0,1
2025101551648,2025,101551648,2,9,0,-1,12,1,5,-1,0,0,0,0,0,0,2,1,-1,2,1,20,4,-1,-1,-1,-1,9,E01008448,0,2
2025101551848,2025,101551848,2,9,0,-1,19,6,2,-1,0,1,0,0,0,0,3,1,-1,9,2,25,5,-1,-1,-1,-1,5,E01012323,0,4
2025101551848,2025,101551848,1,9,0,-1,19,2,6,-1,0,1,5,0,1,0,3,1,-1,6,1,79,11,-1,-1,-1,-1,1,E01027542,0,1
2025101551944,2025,101551944,2,9,0,-1,19,5,1,-1,0,0,0,0,0,0,2,1,-1,6,2,27,6,-1,-1,-1,-1,1,E01027543,0,3
2025101551944,2025,101551944,1,19,0,-1,19,5,1,-1,0,0,1,0,0,0,1,1,-1,2,1,42,7,-1,-1,-1,-1,2,E01027395,0,1
2025101551948,2025,101551948,2,9,0,-1,19,8,4,-1,0,8,0,0,0,0,3,9,-1,6,2,33,6,-1,-1,-1,-1,9,E01008782,0,1
2025101551948,2025,101551948,1,9,0,-1,9,6,4,-1,0,6,0,0,0,0,1,9,-1,6,1,-1,-1,-1,-1,-1,-1,3,E01008763,0,1
2025101551964,2025,101551964,2,9,0,-1,3,7,2,-1,0,1,0,0,0,0,2,9,-1,6,1,68,10,-1,-1,-1,-1,6,E01027532,0,1
2025101551964,2025,101551964,1,19,0,-1,19,7,2,-1,0,4,0,0,0,0,1,9,-1,6,1,38,7,-1,-1,-1,-1,-1,-1,0,-1
2025101551986,2025,101551986,1,1,0,-1,19,2,6,-1,0,1,0,0,0,0,1,1,-1,6,1,-1,-1,-1,-1,-1,-1,-1,-1,0,-1
2025101551986,2025,101551986,2,9,0,-1,3,2,7,-1,0,1,0,0,0,0,2,9,-1,6,1,19,4,-1,-1,-1,-1,8,E01008370,0,1
2025101552007,2025,101552007,1,9,0,-1,19,7,3,-1,0,8,0,0,0,0,1,9,-1,6,1,-1,-1,-1,-1,-1,-1,-1,-1,0,-1
2025101552007,2025,101552007,2,-1,0,-1,19,5,1,-1,0,8,0,0,0,0,4,1,-1,6,1,16,4,-1,-1,-1,-1,1,E01008327,1,2
2025101552115,2025,101552115,1,9,0,-1,19,1,5,-1,0,1,0,7,3,0,1,1,-1,9,2,40,7,-1,-1,-1,-1,1,E01027527,0,1
2025101552128,2025,101552128,1,9,0,-1,9,5,1,-1,0,0,0,10,7,0,3,9,-1,6,2,20,4,-1,-1,-1,-1,2,E01008337,0,2
2025101552185,2025,101552185,1,9,0,-1,19,5,1,-1,0,0,0,0,0,0,1,1,-1,9,1,39,7,-1,-1,-1,-1,3,E01008219,0,2
2025101552185,2025,101552185,2,9,0,-1,19,5,1,-1,0,0,0,0,0,0,2,1,-1,1,1,32,6,-1,-1,-1,-1,5,E01008284,0,1
2025101552197,2025,101552197,1,9,0,-1,19,3,7,-1,0,0,0,0,4,0,4,1,-1,9,1,53,8,-1,-1,-1,-1,10,E01008271,0,2
2025101552228,2025,101552228,1,11,-1,-1,-1,8,4,-1,-1,-1,-1,-1,-1,0,-1,9,-1,1,1,59,9,-1,-1,-1,-1,2,E01008791,0,3
2025101552258,2025,101552258,2,9,-1,-1,3,4,8,-1,0,1,0,0,0,0,-1,9,-1,6,2,38,7,-1,-1,-1,-1,2,E01008625,0,1
2025101552258,2025,101552258,1,9,0,-1,-1,4,8,-1,-1,-1,-1,-1,-1,0,-1,1,-1,6,2,-1,-1,-1,-1,-1,-1,2,E01008601,0,1
2025101552275,2025,101552275,1,-1,-1,-1,-1,2,6,-1,-1,0,-1,-1,-1,0,-1,9,-1,6,1,-1,-1,-1,-1,-1,-1,-1,-1,1,-1
2025101552506,2025,101552506,2,1,0,-1,9,2,7,-1,0,3,2,0,0,0,2,1,-1,2,2,28,6,-1,-1,-1,-1,9,E01008368,0,1
2025101552506,2025,101552506,1,19,0,-1,5,4,8,-1,0,4,0,99,0,0,1,1,-1,6,3,-1,-1,-1,-1,-1,-1,-1,-1,0,-1
2025101552553,2025,101552553,2,9,0,-1,3,4,8,-1,0,0,0,99,1,0,2,1,-1,9,2,30,6,-1,-1,-1,-1,6,E01012366,0,4
2025101552553,2025,101552553,1,9,0,-1,19,4,8,-1,0,0,0,0,0,0,1,1,-1,6,1,-1,-1,-1,-1,-1,-1,-1,-1,0,-1
2025101552626,2025,101552626,1,11,0,-1,7,1,7,-1,0,6,0,0,0,0,1,1,-1,1,1,51,8,-1,-1,-1,-1,7,E01008570,0,2
2025101552715,2025,101552715,1,9,0,-1,20,0,0,-1,0,0,0,0,0,0,1,1,-1,9,1,42,7,-1,-1,-1,-1,4,E01008707,0,1
2025101552852,2025,101552852,1,9,0,-1,20,7,3,-1,0,0,0,0,0,0,1,1,-1,2,1,56,9,-1,-1,-1,-1,1,E01011977,0,4
2025101552852,2025,101552852,2,9,0,-1,4,7,3,-1,0,0,0,7,0,0,2,1,-1,2,1,42,7,-1,-1,-1,-1,10,E01012303,0,4
2025101552905,2025,101552905,1,9,0,-1,19,7,3,-1,0,0,0,0,0,0,1,1,-1,6,2,84,11,-1,-1,-1,-1,7,E01008529,0,1
2025101552905,2025,101552905,2,9,0,-1,2,0,0,-1,0,0,0,0,0,0,1,1,-1,6,1,29,6,-1,-1,-1,-1,9,E01008611,0,2
2025101552925,2025,101552925,2,9,0,-1,19,5,1,-1,0,0,0,0,1,0,1,1,-1,9,1,-1,-1,-1,-1,-1,-1,-1,-1,0,-1
2025101552925,2025,101552925,1,9,0,-1,13,5,1,-1,0,0,0,0,0,0,0,1,-1,6,-1,-1,-1,-1,-1,-1,-1,-1,-1,0,-1
2025101552933,2025,101552933,1,9,0,-1,19,7,3,-1,0,1,0,0,0,0,1,1,-1,9,1,60,9,-1,-1,-1,-1,6,E01008687,0,3
2025101552933,2025,101552933,2,1,0,-1,19,5,1,-1,0,6,0,0,0,0,2,1,-1,6,1,11,3,-1,-1,-1,-1,2,E01008231,0,1
2025101553022,2025,101553022,1,99,-1,-1,-1,-1,-1,-1,-1,-1,-1,-1,-1,0,-1,9,-1,6,3,-1,-1,-1,-1,-1,-1,-1,-1,0,-1
2025101553443,2025,101553443,1,9,0,-1,9,7,5,-1,0,6,0,0,0,0,3,1,-1,2,2,34,6,-1,-1,-1,-1,-1,-1,0,-1
2025101553481,2025,101553481,2,4,-1,-1,-1,6,2,-1,-1,0,-1,-1,-1,0,-1,1,-1,6,1,27,6,-1,-1,-1,-1,2,E01008339,0,2
2025101553481,2025,101553481,1,8,-1,-1,-1,6,2,-1,-1,0,-1,-1,-1,0,-1,9,-1,1,1,-1,-1,-1,-1,-1,-1,1,E01008305,0,1
2025101553566,2025,101553566,1,21,0,-1,5,0,3,-1,0,1,0,0,0,0,4,1,-1,1,1,28,6,-1,-1,-1,-1,2,E01007323,0,5
2025101554287,2025,101554287,1,9,-1,-1,-1,-1,-1,-1,-1,-1,-1,-1,-1,0,-1,9,-1,6,2,31,6,-1,-1,-1,-1,-1,-1,0,-1
2025101554287,2025,101554287,2,4,-1,-1,10,-1,-1,-1,0,1,0,0,0,0,-1,1,-1,6,1,27,6,-1,-1,-1,-1,5,E01008233,0,1
2025101554327,2025,101554327,2,9,0,-1,19,8,8,-1,0,8,0,0,0,0,3,1,-1,6,1,29,6,-1,-1,-1,-1,-1,-1,0,-1
2025101554327,2025,101554327,1,9,0,-1,5,7,7,-1,0,6,0,0,0,0,1,1,-1,6,2,49,8,-1,-1,-1,-1,-1,-1,0,-1
2025101554337,2025,101554337,1,11,0,-1,19,1,5,-1,0,0,0,0,0,0,1,1,-1,1,1,60,9,-1,-1,-1,-1,5,E01008178,0,2
2025101554532,2025,101554532,1,9,0,-1,19,5,1,-1,0,0,1,0,7,3,1,1,-1,9,1,22,5,-1,-1,-1,-1,10,E01033479,0,4
2025101554581,2025,101554581,3,9,0,-1,4,7,3,-1,0,0,0,0,0,0,2,1,-1,9,1,51,8,-1,-1,-1,-1,1,E01008327,0,2
2025101554581,2025,101554581,4,9,0,-1,4,7,3,-1,0,0,0,0,0,0,2,1,-1,9,1,33,6,-1,-1,-1,-1,2,E01002033,0,5
2025101554581,2025,101554581,2,9,0,-1,4,7,3,-1,0,0,0,0,0,0,2,1,-1,1,1,30,6,-1,-1,-1,-1,2,E01020737,0,4
2025101554581,2025,101554581,1,9,0,-1,4,7,3,-1,0,0,0,0,0,0,1,1,-1,9,1,21,5,-1,-1,-1,-1,2,E01027530,0,4
2025101554593,2025,101554593,1,9,0,-1,19,1,6,-1,0,0,1,0,0,0,0,9,-1,6,3,18,4,-1,-1,-1,-1,-1,-1,0,-1
2025101554857,2025,101554857,1,9,0,-1,1,6,2,-1,0,0,0,0,0,0,2,9,-1,6,3,20,4,-1,-1,-1,-1,-1,-1,0,-1
2025101554940,2025,101554940,2,9,0,-1,19,3,7,-1,0,0,0,0,0,0,1,1,-1,9,1,59,9,-1,-1,-1,-1,7,E01008765,0,1
2025101554940,2025,101554940,3,97,0,-1,19,5,1,-1,0,0,0,0,0,0,0,1,-1,6,3,-1,-1,-1,-1,-1,-1,-1,-1,0,-1
2025101554940,2025,101554940,1,9,0,-1,19,7,3,-1,0,0,1,0,0,0,1,1,-1,6,1,34,6,-1,-1,-1,-1,7,E01008781,0,1
2025101555022,2025,101555022,1,9,0,-1,19,5,1,-1,0,8,0,0,0,0,1,1,-1,6,1,26,6,-1,-1,-1,-1,1,E01008737,0,1
2025101555022,2025,101555022,2,-1,0,-1,19,7,3,-1,5,8,0,0,0,0,3,1,-1,6,1,24,5,-1,-1,-1,-1,3,E01008708,1,1
2025101555065,2025,101555065,1,1,0,-1,-1,8,4,-1,-1,-1,-1,-1,-1,0,-1,1,-1,6,1,-1,-1,-1,-1,-1,-1,-1,-1,0,-1
2025101555065,2025,101555065,2,9,0,-1,19,2,6,-1,0,8,0,0,0,0,3,9,-1,6,2,57,9,-1,-1,-1,-1,1,E01027546,0,1
2025101555153,2025,101555153,1,9,0,-1,5,7,3,-1,0,6,0,0,0,0,1,1,-1,2,1,56,9,-1,-1,-1,-1,6,E01008685,0,2
2025101555155,2025,101555155,1,99,-1,-1,19,2,6,-1,0,0,0,0,0,0,1,9,-1,6,3,-1,-1,-1,-1,-1,-1,-1,-1,0,-1
2025101555257,2025,101555257,1,23,0,-1,19,7,3,-1,0,8,0,0,0,0,1,1,-1,6,1,-1,-1,-1,-1,-1,-1,-1,-1,0,-1
2025101555257,2025,101555257,2,9,0,-1,19,1,5,-1,0,8,0,0,0,0,3,9,-1,6,2,44,7,-1,-1,-1,-1,4,E01008614,0,2
2025101555471,2025,101555471,1,9,0,-1,15,1,5,-1,0,8,0,0,0,0,3,9,-1,6,3,-1,-1,-1,-1,-1,-1,-1,-1,0,-1
2025101555471,2025,101555471,2,9,0,-1,8,1,5,-1,0,8,0,0,0,0,4,9,-1,6,2,44,7,-1,-1,-1,-1,9,E01020635,0,2
2025101555473,2025,101555473,1,9,-1,-1,-1,6,1,-1,-1,1,-1,-1,-1,0,-1,9,-1,6,2,52,8,-1,-1,-1,-1,1,E01008591,0,1
2025101555521,2025,101555521,1,23,-1,-1,-1,8,4,-1,-1,-1,-1,-1,-1,0,-1,1,-1,6,1,-1,-1,-1,-1,-1,-1,-1,-1,0,-1
2025101555521,2025,101555521,2,9,-1,-1,-1,4,8,-1,-1,-1,-1,-1,-1,0,-1,9,-1,6,2,65,9,-1,-1,-1,-1,1,E01033547,0,1
2025101555562,2025,101555562,2,-1,-1,-1,-1,4,2,-1,-1,0,-1,-1,-1,0,-1,1,-1,6,1,28,6,-1,-1,-1,-1,10,E01008371,1,1
2025101555562,2025,101555562,1,9,-1,-1,-1,5,8,-1,-1,0,-1,-1,-1,0,-1,9,-1,6,1,-1,-1,-1,-1,-1,-1,6,E01008434,0,1
2025101555593,2025,101555593,1,9,0,-1,9,6,4,-1,0,2,0,0,0,0,4,1,-1,1,1,50,8,-1,-1,-1,-1,1,E01008391,0,1
2025101555593,2025,101555593,2,1,0,-1,19,2,6,-1,0,2,0,10,0,0,1,1,-1,9,1,46,8,-1,-1,-1,-1,1,E01008436,0,1
2025101555896,2025,101555896,2,9,0,-1,19,2,6,-1,0,8,0,0,0,0,4,9,-1,1,1,64,9,-1,-1,-1,-1,6,E01027532,0,2
2025101555896,2025,101555896,1,19,0,-1,9,5,2,-1,0,6,0,0,0,0,1,1,-1,6,1,-1,-1,-1,-1,-1,-1,-1,-1,0,-1
2025101556069,2025,101556069,3,9,0,-1,19,5,1,-1,0,1,0,0,0,0,1,1,-1,9,2,39,7,-1,-1,-1,-1,-1,-1,0,-1
2025101556069,2025,101556069,1,9,0,-1,9,3,1,-1,0,6,0,0,0,0,3,1,-1,2,1,54,8,-1,-1,-1,-1,7,E01027450,0,3
2025101556069,2025,101556069,2,9,0,-1,19,1,5,-1,0,8,0,0,0,0,1,1,-1,9,1,75,10,-1,-1,-1,-1,3,E01020633,0,4
2025101556234,2025,101556234,1,21,1,-1,13,5,1,-1,0,1,1,0,7,0,1,1,-1,1,1,67,10,-1,-1,-1,-1,1,E01005595,0,5
2025101556234,2025,101556234,2,9,0,-1,9,5,1,-1,0,1,1,0,7,0,3,1,-1,1,1,38,7,-1,-1,-1,-1,3,E01035610,0,4
2025101556249,2025,101556249,2,9,0,-1,9,5,3,-1,0,6,0,0,0,0,4,1,-1,6,2,87,11,-1,-1,-1,-1,7,E01008465,0,1
2025101556249,2025,101556249,1,9,0,-1,19,3,7,-1,0,1,0,0,0,0,4,1,-1,2,1,44,7,-1,-1,-1,-1,5,E01008233,0,2
2025101556277,2025,101556277,1,9,0,-1,19,3,7,-1,0,8,0,0,0,0,-1,9,-1,6,2,46,8,-1,-1,-1,-1,3,E01008857,0,1
2025101556800,2025,101556800,2,1,0,-1,19,2,6,-1,0,8,5,0,0,0,2,1,-1,7,1,12,3,-1,-1,-1,-1,2,E01008701,0,1
2025101556800,2025,101556800,1,99,0,-1,19,5,1,-1,0,8,0,0,0,0,1,9,-1,6,3,-1,-1,-1,-1,-1,-1,-1,-1,0,-1