collision_index,collision_year,collision_ref_no,vehicle_reference,vehicle_type,towing_and_articulation,vehicle_manoeuvre_historic,vehicle_manoeuvre,vehicle_direction_from,vehicle_direction_to,vehicle_location_restricted_lane_historic,vehicle_location_restricted_lane,junction_location,skidding_and_overturning,hit_object_in_carriageway,vehicle_leaving_carriageway,hit_object_off_carriageway,first_point_of_impact,vehicle_left_hand_drive,journey_purpose_of_driver_historic,journey_purpose_of_driver,sex_of_driver,age_of_driver,age_band_of_driver,engine_capacity_cc,propulsion_code,age_of_vehicle,generic_make_model,driver_imd_decile,lsoa_of_driver,escooter_flag,driver_distance_banding
2025101582506,2025,101582506,1,9,0,-1,2,0,0,-1,0,0,0,0,0,0,3,1,-1,9,2,85,11,-1,-1,-1,-1,10,E01027492,0,1
2025101582562,2025,101582562,1,8,0,-1,5,6,2,-1,0,8,0,0,0,0,1,1,-1,1,1,47,8,-1,-1,-1,-1,4,E01008404,0,2
2025101582564,2025,101582564,2,9,0,-1,19,4,8,-1,0,0,0,0,0,0,2,1,-1,6,1,29,6,-1,-1,-1,-1,1,E01008257,0,1
2025101582564,2025,101582564,1,9,0,-1,19,4,8,-1,0,0,0,0,0,0,1,1,-1,6,2,61,9,-1,-1,-1,-1,3,E01008379,0,2
2025101582564,2025,101582564,3,9,0,-1,19,4,8,-1,0,0,0,0,0,0,2,1,-1,6,2,31,6,-1,-1,-1,-1,8,E01020611,0,2
2025101582581,2025,101582581,2,1,0,-1,19,3,7,-1,0,8,5,0,0,0,4,1,-1,6,1,62,9,-1,-1,-1,-1,5,E01008178,0,2
2025101582581,2025,101582581,1,9,0,-1,5,5,3,-1,0,8,0,0,0,0,1,1,-1,6,1,55,8,-1,-1,-1,-1,9,E01027481,0,2
2025101582635,2025,101582635,1,9,0,-1,5,3,7,-1,0,1,0,0,0,0,4,1,-1,9,2,22,5,-1,-1,-1,-1,10,E01008366,0,1
2025101582869,2025,101582869,1,9,0,-1,19,6,2,-1,0,1,0,0,0,0,1,1,-1,9,1,19,4,-1,-1,-1,-1,4,E01008814,0,1
2025101582869,2025,101582869,2,9,0,-1,9,8,5,-1,0,6,0,0,0,0,3,1,-1,9,1,53,8,-1,-1,-1,-1,1,E01020762,0,3
2025101583048,2025,101583048,1,8,0,-1,9,1,7,-1,0,8,0,0,0,0,3,1,-1,1,1,62,9,-1,-1,-1,-1,1,E01008285,0,1
2025101583048,2025,101583048,2,1,0,-1,13,7,3,-1,0,8,0,0,0,0,1,1,-1,2,1,46,8,-1,-1,-1,-1,2,E01008645,0,2
2025101583112,2025,101583112,1,97,0,-1,15,1,5,-1,0,1,0,0,0,0,1,1,-1,6,1,17,4,-1,-1,-1,-1,1,E01008180,0,1
2025101583112,2025,101583112,2,9,0,-1,9,1,7,-1,0,1,0,0,0,0,4,1,-1,2,1,19,4,-1,-1,-1,-1,8,E01008278,0,1
2025101583172,2025,101583172,2,1,0,-1,19,7,3,-1,0,1,0,0,0,0,1,1,-1,6,1,15,3,-1,-1,-1,-1,1,E01008300,0,1
2025101583172,2025,101583172,1,9,0,-1,9,5,7,-1,0,1,0,0,0,0,3,1,-1,6,-1,31,6,-1,-1,-1,-1,2,E01008383,0,1
2025101583200,2025,101583200,2,90,0,-1,19,7,4,-1,0,8,0,0,7,0,1,1,-1,9,1,54,8,-1,-1,-1,-1,5,E01035630,0,4
2025101583200,2025,101583200,1,9,0,-1,9,2,8,-1,0,8,0,0,1,0,3,1,-1,9,1,40,7,-1,-1,-1,-1,9,-1,0,5
2025101583361,2025,101583361,2,9,0,-1,3,7,3,-1,0,0,0,0,0,0,2,9,-1,6,2,32,6,-1,-1,-1,-1,2,E01008645,0,1
2025101583361,2025,101583361,1,9,0,-1,19,7,3,-1,0,0,0,0,0,0,1,9,-1,6,1,41,7,-1,-1,-1,-1,1,E01008849,0,2
2025101583381,2025,101583381,1,19,0,-1,19,2,6,-1,0,0,0,0,0,0,4,9,-1,1,1,50,8,-1,-1,-1,-1,1,E01008301,0,1
2025101583466,2025,101583466,1,9,0,-1,9,7,5,-1,0,8,0,0,0,0,1,1,-1,9,2,35,6,-1,-1,-1,-1,5,E01008766,0,2
2025101583466,2025,101583466,2,5,0,-1,19,3,7,-1,0,1,0,0,1,0,3,1,-1,9,1,73,10,-1,-1,-1,-1,4,E01008814,0,1
2025101583945,2025,101583945,1,23,0,-1,19,1,5,-1,0,0,0,0,0,0,1,1,-1,6,1,18,4,-1,-1,-1,-1,4,E01020661,0,3
2025101583945,2025,101583945,2,9,0,-1,5,0,1,-1,0,0,0,0,0,0,1,1,-1,9,1,57,9,-1,-1,-1,-1,7,E01008364,0,2
2025101583992,2025,101583992,1,9,0,-1,1,7,3,-1,9,0,0,0,0,0,2,1,-1,9,1,32,6,-1,-1,-1,-1,1,E01027426,0,1
2025101583995,2025,101583995,1,9,0,-1,19,3,7,-1,0,2,0,0,0,0,1,1,-1,6,1,29,6,-1,-1,-1,-1,6,E01027490,0,3
2025101584221,2025,101584221,2,19,0,-1,9,7,3,-1,0,5,0,0,0,0,3,1,-1,1,1,32,6,-1,-1,-1,-1,5,E01008293,0,3
2025101584221,2025,101584221,1,5,0,-1,19,7,3,-1,0,1,0,0,0,0,1,1,-1,2,1,37,7,-1,-1,-1,-1,3,E01008594,0,1
2025101584366,2025,101584366,1,9,0,-1,5,2,3,-1,9,0,0,0,0,0,1,1,-1,9,1,47,8,-1,-1,-1,-1,-1,-1,0,-1
2025101584464,2025,101584464,1,9,0,-1,5,3,7,-1,0,1,0,0,0,0,3,1,-1,9,1,31,6,-1,-1,-1,-1,3,E01008396,0,1
2025101584464,2025,101584464,2,9,0,-1,14,5,3,-1,0,8,0,0,0,0,1,1,-1,6,3,-1,-1,-1,-1,-1,-1,-1,-1,0,-1
2025101584527,2025,101584527,2,9,0,-1,3,5,1,-1,0,0,0,0,0,0,2,1,-1,7,2,29,6,-1,-1,-1,-1,1,E01008482,0,1
2025101584527,2025,101584527,1,9,0,-1,19,5,1,-1,0,0,0,0,0,0,1,9,-1,6,1,45,7,-1,-1,-1,-1,-1,-1,0,-1
2025101584839,2025,101584839,1,9,0,-1,1,1,5,-1,0,0,0,0,0,0,2,9,-1,6,1,26,6,-1,-1,-1,-1,1,E01008389,0,1
2025101584839,2025,101584839,2,9,0,-1,19,5,1,-1,0,0,0,0,0,0,1,9,-1,6,1,33,6,-1,-1,-1,-1,3,E01008532,0,1
2025101584904,2025,101584904,2,9,0,-1,3,4,8,-1,0,0,0,0,0,0,1,1,-1,6,1,60,9,-1,-1,-1,-1,3,E01034513,0,1
2025101584904,2025,101584904,1,9,0,-1,19,4,8,-1,0,0,0,0,0,0,1,1,-1,6,1,44,7,-1,-1,-1,-1,7,E01008642,0,1
2025101584908,2025,101584908,1,9,0,-1,19,4,8,-1,0,0,0,0,0,0,1,9,-1,6,2,-1,-1,-1,-1,-1,-1,-1,-1,0,-1
2025101584941,2025,101584941,2,9,0,-1,19,7,3,-1,0,1,0,0,0,0,1,1,-1,9,1,46,8,-1,-1,-1,-1,2,E01020784,0,2
2025101584941,2025,101584941,1,9,0,-1,19,3,6,-1,0,1,0,0,0,0,1,1,-1,2,1,22,5,-1,-1,-1,-1,3,E01008753,0,1
2025101584969,2025,101584969,1,9,0,-1,19,5,1,-1,0,8,0,0,0,0,1,9,-1,6,3,-1,-1,-1,-1,-1,-1,-1,-1,0,-1
2025101585139,2025,101585139,1,9,0,-1,-1,-1,-1,-1,-1,0,-1,-1,-1,0,-1,9,-1,6,1,22,5,-1,-1,-1,-1,-1,-1,0,-1
2025101585139,2025,101585139,2,11,0,-1,4,7,3,-1,-1,0,0,0,0,0,4,1,-1,1,1,43,7,-1,-1,-1,-1,6,E01008574,0,1
2025101585238,2025,101585238,6,9,0,-1,2,5,1,-1,0,1,0,0,0,0,2,1,-1,6,1,34,6,-1,-1,-1,-1,2,E01020705,0,4
2025101585238,2025,101585238,3,9,0,-1,2,5,1,-1,0,1,0,0,0,0,2,1,-1,6,1,88,11,-1,-1,-1,-1,7,E01020637,0,2
2025101585238,2025,101585238,4,19,0,-1,19,5,1,-1,0,1,1,0,0,0,1,1,-1,1,1,34,6,-1,-1,-1,-1,2,E01020639,0,3
2025101585238,2025,101585238,5,9,0,-1,2,5,1,-1,0,1,0,0,0,0,2,1,-1,6,1,77,11,-1,-1,-1,-1,2,E01020894,0,4
2025101585271,2025,101585271,1,9,0,-1,19,4,8,-1,0,0,0,0,0,0,1,9,-1,6,1,30,6,-1,-1,-1,-1,1,E01008600,0,2
2025101585271,2025,101585271,2,9,0,-1,4,5,8,-1,0,0,0,0,0,0,2,9,-1,6,1,19,4,-1,-1,-1,-1,3,E01008763,0,2
2025101585284,2025,101585284,2,1,0,-1,9,2,8,-1,0,0,0,0,0,0,4,1,-1,6,1,47,8,-1,-1,-1,-1,10,E01008549,0,1
2025101585284,2025,101585284,1,9,0,-1,19,4,8,-1,0,0,0,0,0,0,1,9,-1,6,1,60,9,-1,-1,-1,-1,3,E01027432,0,1
2025101585321,2025,101585321,2,1,-1,-1,-1,-1,-1,-1,-1,-1,-1,-1,-1,0,-1,1,-1,6,1,24,5,-1,-1,-1,-1,10,E01008355,0,1
2025101585321,2025,101585321,1,9,0,-1,-1,-1,-1,-1,-1,-1,-1,-1,-1,0,1,9,-1,6,1,75,10,-1,-1,-1,-1,-1,-1,0,-1
2025101585332,2025,101585332,1,9,0,-1,19,5,1,-1,0,4,0,0,0,0,1,1,-1,6,2,33,6,-1,-1,-1,-1,5,E01035626,0,1
2025101585332,2025,101585332,2,9,0,-1,4,5,1,-1,0,4,0,0,0,0,2,1,-1,9,2,50,8,-1,-1,-1,-1,4,E01008514,0,2
2025101585405,2025,101585405,1,9,0,-1,19,5,1,-1,0,1,2,0,1,0,1,1,-1,6,1,27,6,-1,-1,-1,-1,1,E01008459,0,2
2025101585405,2025,101585405,2,9,0,-1,19,3,7,-1,0,1,0,0,0,0,1,1,-1,6,2,42,7,-1,-1,-1,-1,1,E01008389,0,1
2025101585472,2025,101585472,1,9,0,-1,9,6,2,-1,0,1,0,0,0,0,1,1,-1,6,2,-1,-1,-1,-1,-1,-1,-1,-1,0,-1
2025101585603,2025,101585603,1,9,-1,-1,1,1,5,-1,0,0,0,4,0,0,-1,9,-1,6,1,26,6,-1,-1,-1,-1,1,E01008389,0,1
2025101585603,2025,101585603,2,9,-1,-1,2,1,5,-1,0,0,0,0,0,0,-1,9,-1,6,1,33,6,-1,-1,-1,-1,3,E01008532,0,1
2025101585680,2025,101585680,1,9,0,-1,19,5,1,-1,0,0,0,0,0,0,1,1,-1,6,1,45,7,-1,-1,-1,-1,-1,-1,0,-1
2025101585850,2025,101585850,1,1,0,-1,19,3,7,-1,0,8,2,0,0,0,1,1,-1,6,1,70,10,-1,-1,-1,-1,-1,-1,0,-1
2025101585850,2025,101585850,2,9,0,-1,7,3,5,-1,0,3,0,0,0,0,3,1,-1,9,1,25,5,-1,-1,-1,-1,2,E01008298,0,1
2025101585930,2025,101585930,2,1,0,-1,19,7,3,-1,4,1,2,0,0,0,2,1,-1,6,1,60,9,-1,-1,-1,-1,10,E01008420,0,1
2025101585930,2025,101585930,1,9,0,-1,5,1,3,-1,0,4,0,0,0,0,4,1,-1,6,2,24,5,-1,-1,-1,-1,3,E01027411,0,2
2025101586081,2025,101586081,2,5,0,-1,19,8,4,-1,0,2,0,0,1,0,3,1,-1,9,1,42,7,-1,-1,-1,-1,2,E01008481,0,4
2025101586081,2025,101586081,1,19,0,-1,9,5,4,-1,0,6,0,0,0,0,4,1,-1,1,1,62,9,-1,-1,-1,-1,3,E01008208,0,4
2025101586151,2025,101586151,2,1,0,-1,19,5,1,-1,0,0,0,0,1,0,2,1,-1,9,1,25,5,-1,-1,-1,-1,-1,-1,0,-1
2025101586151,2025,101586151,1,9,0,-1,19,1,5,-1,0,0,0,0,0,0,2,2,-1,2,1,38,7,-1,-1,-1,-1,-1,-1,0,-1
2025101586195,2025,101586195,1,9,0,-1,19,5,1,-1,9,0,0,0,0,0,1,1,-1,6,3,-1,-1,-1,-1,-1,-1,-1,-1,0,-1
2025101586208,2025,101586208,2,9,0,-1,20,3,7,-1,0,0,0,0,0,0,4,1,-1,1,1,38,7,-1,-1,-1,-1,1,E01008220,0,2
2025101586208,2025,101586208,1,-1,0,-1,19,3,7,-1,0,0,0,8,0,0,4,1,-1,1,1,10,2,-1,-1,-1,-1,-1,-1,1,-1
2025101586214,2025,101586214,3,98,0,-1,19,1,5,-1,0,0,0,0,0,0,3,1,-1,6,1,43,7,-1,-1,-1,-1,3,E01008182,0,2
2025101586214,2025,101586214,1,9,0,-1,19,5,1,-1,0,0,0,0,0,0,1,1,-1,6,2,25,5,-1,-1,-1,-1,4,E01027433,0,3
2025101586214,2025,101586214,2,9,0,-1,19,1,5,-1,0,0,0,0,0,0,3,1,-1,6,2,29,6,-1,-1,-1,-1,3,E01008247,0,2
2025101586299,2025,101586299,1,9,0,-1,7,1,3,-1,0,8,0,0,0,0,1,1,-1,6,3,40,7,-1,-1,-1,-1,-1,-1,0,-1
2025101586299,2025,101586299,2,-1,0,-1,9,3,1,-1,0,8,5,0,0,0,1,9,-1,2,1,24,5,-1,-1,-1,-1,4,E01035621,1,1
2025101586375,2025,101586375,1,9,0,-1,11,7,3,-1,0,0,0,0,0,0,2,1,-1,6,1,41,7,-1,-1,-1,-1,7,E01008528,0,1
2025101586375,2025,101586375,2,9,0,-1,19,7,3,-1,0,0,0,0,0,0,1,1,-1,6,2,33,6,-1,-1,-1,-1,1,E01008575,0,2
2025101586429,2025,101586429,3,19,0,-1,19,5,1,-1,0,0,0,0,1,0,1,1,-1,1,1,38,7,-1,-1,-1,-1,-1,-1,0,-1
2025101586429,2025,101586429,1,9,0,-1,19,1,5,-1,0,0,0,0,7,0,3,1,-1,9,1,69,10,-1,-1,-1,-1,5,E01008190,0,4
2025101586429,2025,101586429,2,21,1,-1,19,5,1,-1,0,0,5,0,7,0,3,1,-1,1,1,65,9,-1,-1,-1,-1,10,E01033550,0,4
2025101586436,2025,101586436,2,8,0,-1,19,7,3,-1,0,8,0,0,0,0,1,1,-1,2,1,42,7,-1,-1,-1,-1,3,E01008451,0,1
2025101586436,2025,101586436,1,9,0,-1,5,1,5,-1,0,1,0,0,1,0,1,9,-1,6,1,18,4,-1,-1,-1,-1,-1,-1,0,-1
2025101586517,2025,101586517,1,9,0,-1,19,3,7,-1,0,0,0,0,1,0,1,1,-1,6,1,68,10,-1,-1,-1,-1,5,E01027487,0,2
2025101586659,2025,101586659,1,9,-1,-1,-1,7,4,-1,-1,-1,-1,-1,-1,0,-1,9,-1,6,2,57,9,-1,-1,-1,-1,5,E01008727,0,2
2025101586659,2025,101586659,2,-1,-1,-1,-1,7,4,-1,-1,-1,-1,-1,-1,0,-1,1,-1,6,1,10,2,-1,-1,-1,-1,-1,-1,1,-1
2025101586701,2025,101586701,2,9,0,-1,2,6,3,-1,0,0,0,0,0,0,4,1,-1,9,2,28,6,-1,-1,-1,-1,4,E01008711,0,1
2025101586701,2025,101586701,1,9,0,-1,19,2,7,-1,0,0,0,0,0,0,4,9,-1,6,1,74,10,-1,-1,-1,-1,5,E01008790,0,1
2025101586739,2025,101586739,1,9,0,-1,19,1,4,-1,0,0,0,0,0,0,0,1,-1,9,1,17,4,-1,-1,-1,-1,5,E01008343,0,1
2025101587155,2025,101587155,2,1,0,-1,19,3,7,-1,0,0,0,0,0,0,3,1,-1,6,1,71,10,-1,-1,-1,-1,-1,-1,0,-1
2025101587155,2025,101587155,1,9,0,-1,9,1,5,-1,0,0,0,0,0,0,1,1,-1,1,1,20,4,-1,-1,-1,-1,-1,-1,0,-1
2025101587259,2025,101587259,2,9,0,-1,2,0,0,-1,0,1,0,0,0,0,2,1,-1,6,-1,-1,-1,-1,-1,-1,-1,-1,-1,0,-1
2025101587259,2025,101587259,1,9,0,-1,19,3,7,-1,0,1,5,0,0,0,1,1,-1,6,1,20,4,-1,-1,-1,-1,1,E01008762,0,1
2025101587332,2025,101587332,2,9,-1,-1,-1,5,8,-1,-1,-1,-1,-1,-1,0,-1,9,-1,2,2,47,8,-1,-1,-1,-1,-1,-1,0,-1
2025101587332,2025,101587332,1,1,-1,-1,19,7,3,-1,-1,-1,-1,-1,-1,0,-1,1,-1,9,1,11,3,-1,-1,-1,-1,-1,-1,0,-1
2025101587581,2025,101587581,2,1,0,-1,19,7,3,-1,0,0,0,0,0,0,2,1,-1,6,2,7,2,-1,-1,-1,-1,1,E01008390,0,1
2025101587581,2025,101587581,1,9,0,-1,7,7,1,-1,0,0,0,0,0,0,1,9,-1,6,1,40,7,-1,-1,-1,-1,-1,-1,0,-1
2025101587657,2025,101587657,2,9,0,-1,19,7,3,-1,0,0,0,0,0,0,4,1,-1,6,2,64,9,-1,-1,-1,-1,6,E01008314,0,3
2025101587657,2025,101587657,1,9,0,-1,1,1,3,-1,0,0,0,0,0,0,2,1,-1,6,1,38,7,-1,-1,-1,-1,2,E01008405,0,1
2025101587660,2025,101587660,2,1,0,-1,14,5,1,-1,0,1,0,0,0,0,1,1,-1,6,1,22,5,-1,-1,-1,-1,1,E01027426,0,1
2025101587660,2025,101587660,1,9,0,-1,19,1,5,-1,0,1,0,0,0,0,1,1,-1,6,2,63,9,-1,-1,-1,-1,1,E01027427,0,1
2025101587724,2025,101587724,2,9,0,-1,3,4,7,-1,0,0,0,0,0,0,2,1,-1,6,2,42,7,-1,-1,-1,-1,4,E01008356,0,1
2025101587724,2025,101587724,1,19,0,-1,19,4,7,-1,0,0,0,0,0,0,1,1,-1,6,1,54,8,-1,-1,-1,-1,4,E01008866,0,3
2025101587756,2025,101587756,1,9,0,-1,19,5,1,-1,0,1,0,0,0,0,1,1,-1,1,1,44,7,-1,-1,-1,-1,5,E01008236,0,1
2025101587757,2025,101587757,1,97,0,-1,19,4,8,-1,0,1,0,0,0,0,1,1,-1,6,1,30,6,-1,-1,-1,-1,-1,-1,0,-1
2025101587769,2025,101587769,1,9,0,-1,19,7,3,-1,0,0,0,0,0,0,0,1,-1,2,1,52,8,-1,-1,-1,-1,-1,-1,0,-1
2025101587769,2025,101587769,2,9,0,-1,19,7,3,-1,0,0,1,0,2,0,3,1,-1,6,2,50,8,-1,-1,-1,-1,-1,-1,0,-1
2025101587769,2025,101587769,3,9,0,-1,19,7,3,-1,0,0,0,0,0,0,1,1,-1,1,1,53,8,-1,-1,-1,-1,3,E01020881,0,4
2025101587988,2025,101587988,1,9,0,-1,9,7,5,-1,0,5,0,0,0,0,3,1,-1,9,2,22,5,-1,-1,-1,-1,3,E01008503,0,1
2025101587988,2025,101587988,2,9,0,-1,14,7,3,-1,0,1,0,0,0,0,4,1,-1,1,2,-1,-1,-1,-1,-1,-1,3,E01008468,0,1
2025101588086,2025,101588086,2,19,0,-1,19,8,4,-1,0,2,0,0,0,0,1,1,-1,6,1,31,6,-1,-1,-1,-1,7,E01008469,0,2
2025101588086,2025,101588086,1,9,0,-1,19,8,1,-1,0,1,0,0,0,0,2,1,-1,6,2,40,7,-1,-1,-1,-1,6,E01035615,0,1
2025101588143,2025,101588143,2,9,0,-1,19,3,6,-1,0,0,0,0,0,0,4,1,-1,6,2,26,6,-1,-1,-1,-1,1,E01008841,0,3
2025101588143,2025,101588143,1,9,0,-1,11,2,6,-1,0,0,0,0,0,0,3,1,-1,6,1,40,7,-1,-1,-1,-1,4,E01008646,0,2
2025101588148,2025,101588148,1,9,0,-1,9,3,7,-1,0,8,0,0,0,0,1,1,-1,9,2,65,9,-1,-1,-1,-1,6,E01008250,0,1
2025101588160,2025,101588160,1,19,0,-1,19,3,7,-1,0,2,0,0,0,0,1,1,-1,6,1,40,7,-1,-1,-1,-1,-1,-1,0,-1
2025101588160,2025,101588160,2,9,0,-1,10,3,1,-1,0,2,0,0,0,0,3,1,-1,6,1,46,8,-1,-1,-1,-1,3,E01008183,0,2
2025101588247,2025,101588247,1,9,0,-1,7,1,3,-1,0,1,0,11,0,0,4,1,-1,6,1,62,9,-1,-1,-1,-1,1,E01008439,0,1
2025101588720,2025,101588720,2,9,0,-1,3,3,7,-1,0,4,0,0,0,0,2,1,-1,1,1,37,7,-1,-1,-1,-1,3,E01008831,0,1
2025101588720,2025,101588720,1,9,0,-1,4,3,7,-1,0,1,0,0,0,0,1,9,-1,6,2,23,5,-1,-1,-1,-1,2,E01008769,0,1
2025101588766,2025,101588766,2,9,0,-1,19,3,7,-1,0,8,0,0,0,0,4,1,-1,6,1,61,9,-1,-1,-1,-1,9,E01027482,0,1
2025101588766,2025,101588766,1,9,0,-1,7,1,3,-1,0,8,0,0,0,0,0,9,-1,6,2,-1,-1,-1,-1,-1,-1,-1,-1,0,-1
2025101588766,2025,101588766,3,9,0,-1,2,0,0,-1,0,8,0,0,0,0,4,1,-1,6,3,-1,-1,-1,-1,-1,-1,-1,-1,0,-1
2025101588805,2025,101588805,1,9,0,-1,7,6,8,-1,0,8,0,0,0,0,1,1,-1,6,1,28,6,-1,-1,-1,-1,1,E01008666,0,1
2025101588805,2025,101588805,2,9,0,-1,19,4,8,-1,0,8,0,0,0,0,4,1,-1,6,1,27,6,-1,-1,-1,-1,9,E01008674,0,1
2025101588860,2025,101588860,1,11,0,-1,2,0,0,-1,0,0,0,0,0,0,0,1,-1,1,1,-1,-1,-1,-1,-1,-1,-1,-1,0,-1
2025101588872,2025,101588872,1,9,-1,-1,-1,8,4,-1,0,4,0,0,0,0,1,9,-1,6,2,43,7,-1,-1,-1,-1,-1,-1,0,-1
2025101588872,2025,101588872,2,9,-1,-1,3,8,4,-1,0,4,0,0,0,0,2,9,-1,2,2,28,6,-1,-1,-1,-1,3,E01020616,0,3
2025101588885,2025,101588885,1,11,0,-1,4,8,4,-1,0,0,0,0,0,0,0,1,-1,1,1,46,8,-1,-1,-1,-1,10,E01033163,0,3
2025101588928,2025,101588928,2,5,0,-1,19,6,2,-1,0,0,5,0,0,0,4,1,-1,6,2,38,7,-1,-1,-1,-1,1,E01027540,0,1
2025101588928,2025,101588928,1,9,0,-1,5,6,2,-1,0,0,0,0,0,0,3,9,-1,6,2,-1,-1,-1,-1,-1,-1,-1,-1,0,-1
2025101589089,2025,101589089,1,9,0,-1,5,3,7,-1,0,4,0,0,0,0,1,1,-1,1,1,50,8,-1,-1,-1,-1,6,E01008315,0,1
2025101589089,2025,101589089,2,1,0,-1,19,1,5,-1,0,8,0,0,0,0,4,1,-1,6,1,59,9,-1,-1,-1,-1,9,E01008365,0,1
2025101589170,2025,101589170,1,20,0,-1,4,1,5,-1,0,0,0,0,0,0,1,1,-1,1,1,39,7,-1,-1,-1,-1,2,E01020793,0,4
2025101589170,2025,101589170,3,9,0,-1,4,1,5,-1,0,0,0,0,0,0,2,1,-1,9,1,62,9,-1,-1,-1,-1,4,E01008679,0,3
2025101589170,2025,101589170,2,9,0,-1,4,1,5,-1,0,0,0,0,7,0,2,1,-1,6,2,43,7,-1,-1,-1,-1,1,E01008216,0,3
2025101589209,2025,101589209,1,19,0,-1,4,5,1,-1,0,1,0,0,0,0,2,1,-1,9,1,58,9,-1,-1,-1,-1,9,E01011655,0,5
2025101589209,2025,101589209,2,8,0,-1,4,5,1,-1,0,1,0,0,1,0,1,1,-1,1,1,52,8,-1,-1,-1,-1,3,E01027388,0,4
2025101589289,2025,101589289,1,9,0,-1,5,7,3,-1,0,1,0,0,0,0,1,1,-1,6,1,77,11,-1,-1,-1,-1,1,E01008841,0,2
2025101589289,2025,101589289,2,97,0,-1,19,5,1,-1,0,2,0,0,0,0,1,1,-1,6,1,16,4,-1,-1,-1,-1,5,E01008766,0,1
2025101589361,2025,101589361,1,9,0,-1,19,1,4,-1,0,8,0,0,0,0,1,1,-1,6,2,52,8,-1,-1,-1,-1,4,E01008711,0,1
2025101589361,2025,101589361,3,9,0,-1,3,2,6,-1,0,8,0,0,0,0,2,1,-1,6,3,-1,-1,-1,-1,-1,-1,-1,-1,0,-1
2025101589361,2025,101589361,2,9,0,-1,19,2,6,-1,0,8,0,0,0,0,3,1,-1,6,2,35,6,-1,-1,-1,-1,9,E01008621,0,1
2025101589408,2025,101589408,1,9,0,-1,19,8,4,-1,0,0,0,0,0,0,1,1,-1,6,2,51,8,-1,-1,-1,-1,3,E01027359,0,1
2025101589408,2025,101589408,2,9,0,-1,3,8,4,-1,0,0,0,0,0,0,2,1,-1,6,2,31,6,-1,-1,-1,-1,8,E01027356,0,1
2025101589519,2025,101589519,1,9,0,-1,5,3,7,-1,0,0,0,0,0,0,1,2,-1,9,1,36,7,-1,-1,-1,-1,-1,-1,0,-1
2025101589657,2025,101589657,1,9,0,-1,19,5,1,-1,0,8,0,0,0,0,1,1,-1,6,2,50,8,-1,-1,-1,-1,2,E01027534,0,4
2025101589657,2025,101589657,2,9,0,-1,19,7,3,-1,0,1,0,7,1,1,4,1,-1,6,1,77,11,-1,-1,-1,-1,10,E01027357,0,1
2025101589699,2025,101589699,1,-1,0,-1,19,5,1,-1,9,8,0,0,0,0,1,1,-1,6,1,-1,-1,-1,-1,-1,-1,-1,-1,1,-1
2025101589701,2025,101589701,1,9,0,-1,19,1,4,-1,0,0,0,0,0,0,1,1,-1,9,2,67,10,-1,-1,-1,-1,10,E01008317,0,1
2025101589707,2025,101589707,1,1,0,-1,5,7,3,-1,0,0,0,0,0,0,3,1,-1,9,1,19,4,-1,-1,-1,-1,2,E01008692,0,1
2025101589707,2025,101589707,2,9,0,-1,4,5,1,-1,0,0,0,0,0,0,1,1,-1,1,1,-1,-1,-1,-1,-1,-1,1,E01008667,0,1
2025101589713,2025,101589713,2,9,0,-1,12,1,5,-1,0,0,0,0,0,0,1,1,-1,9,1,-1,-1,-1,-1,-1,-1,1,E01008301,0,1
2025101589713,2025,101589713,1,9,0,-1,19,1,5,-1,0,0,0,0,0,0,2,1,-1,9,2,-1,-1,-1,-1,-1,-1,9,E01003747,0,5
2025101589741,2025,101589741,2,9,0,-1,19,5,3,-1,0,8,0,0,0,0,1,1,-1,9,1,23,5,-1,-1,-1,-1,3,E01008598,0,1
2025101589741,2025,101589741,1,9,0,-1,-1,-1,-1,-1,-1,1,-1,-1,-1,0,-1,1,-1,6,3,-1,-1,-1,-1,-1,-1,-1,-1,0,-1
2025101589846,2025,101589846,1,9,0,-1,11,4,8,-1,0,3,0,0,0,0,-1,9,-1,6,2,-1,-1,-1,-1,-1,-1,-1,-1,0,-1
2025101589846,2025,101589846,2,9,-1,-1,19,4,0,-1,0,3,0,0,0,0,-1,9,-1,6,2,45,7,-1,-1,-1,-1,1,E01008340,0,1
2025101589911,2025,101589911,1,11,0,-1,19,5,1,-1,0,8,0,0,0,0,4,9,-1,1,3,-1,-1,-1,-1,-1,-1,-1,-1,0,-1
2025101589911,2025,101589911,2,9,0,-1,2,0,0,-1,0,8,0,0,0,0,4,9,-1,6,3,-1,-1,-1,-1,-1,-1,-1,-1,0,-1
2025101589964,2025,101589964,2,1,0,-1,19,6,2,-1,0,8,5,0,0,0,1,1,-1,9,1,54,8,-1,-1,-1,-1,9,E01008378,0,2
2025101589964,2025,101589964,1,9,0,-1,9,2,6,-1,0,8,0,0,0,0,3,1,-1,6,2,-1,-1,-1,-1,-1,-1,-1,-1,0,-1
2025101590143,2025,101590143,1,9,0,-1,19,5,2,-1,0,0,0,0,0,0,1,1,-1,9,1,59,9,-1,-1,-1,-1,4,E01020681,0,3
2025101590143,2025,101590143,5,9,0,-1,4,5,2,-1,0,0,0,0,0,0,2,1,-1,6,1,55,8,-1,-1,-1,-1,2,E01008613,0,1
2025101590143,2025,101590143,4,9,0,-1,4,5,2,-1,0,0,0,0,0,0,2,1,-1,6,2,46,8,-1,-1,-1,-1,1,E01008600,0,2
2025101590143,2025,101590143,2,9,0,-1,4,5,2,-1,0,0,0,0,0,0,2,1,-1,6,1,41,7,-1,-1,-1,-1,4,E01008597,0,2
2025101590143,2025,101590143,3,9,0,-1,4,5,2,-1,0,0,0,0,0,0,2,1,-1,6,1,63,9,-1,-1,-1,-1,2,E01008613,0,1