collision_index,collision_year,collision_ref_no,vehicle_reference,vehicle_type,towing_and_articulation,vehicle_manoeuvre_historic,vehicle_manoeuvre,vehicle_direction_from,vehicle_direction_to,vehicle_location_restricted_lane_historic,vehicle_location_restricted_lane,junction_location,skidding_and_overturning,hit_object_in_carriageway,vehicle_leaving_carriageway,hit_object_off_carriageway,first_point_of_impact,vehicle_left_hand_drive,journey_purpose_of_driver_historic,journey_purpose_of_driver,sex_of_driver,age_of_driver,age_band_of_driver,engine_capacity_cc,propulsion_code,age_of_vehicle,generic_make_model,driver_imd_decile,lsoa_of_driver,escooter_flag,driver_distance_banding
2025101590259,2025,101590259,2,9,0,-1,3,6,3,-1,0,1,0,0,0,0,2,9,-1,6,1,26,6,-1,-1,-1,-1,5,E01008206,0,2
2025101590259,2025,101590259,1,9,0,-1,19,6,3,-1,0,1,0,0,0,0,1,9,-1,6,2,-1,-1,-1,-1,-1,-1,-1,-1,0,-1
2025101590327,2025,101590327,1,9,0,-1,10,5,3,-1,0,1,0,0,0,0,0,9,-1,6,3,-1,-1,-1,-1,-1,-1,-1,-1,0,-1
2025101590327,2025,101590327,2,11,0,-1,19,5,1,-1,0,1,0,0,0,0,0,9,-1,1,1,60,9,-1,-1,-1,-1,6,E01020608,0,2
2025101590527,2025,101590527,2,9,0,-1,9,3,7,-1,0,3,0,0,0,0,1,1,-1,9,1,36,7,-1,-1,-1,-1,2,E01008584,0,2
2025101590527,2025,101590527,1,5,0,-1,19,3,7,-1,0,3,0,0,0,0,4,1,-1,2,1,52,8,-1,-1,-1,-1,1,E01008545,0,1
2025101590762,2025,101590762,2,9,0,-1,5,8,4,-1,0,4,0,0,0,0,3,1,-1,1,1,28,6,-1,-1,-1,-1,2,E01008489,0,1
2025101590762,2025,101590762,1,19,0,-1,19,8,4,-1,0,4,0,0,0,0,1,1,-1,6,1,40,7,-1,-1,-1,-1,-1,-1,0,-1
2025101590876,2025,101590876,1,19,0,-1,19,8,4,-1,0,0,0,4,0,0,1,1,-1,1,1,24,5,-1,-1,-1,-1,1,E01009158,0,5
2025101590876,2025,101590876,2,9,0,-1,4,8,4,-1,0,0,0,0,0,0,2,1,-1,9,2,32,6,-1,-1,-1,-1,4,E01008306,0,2
2025101590894,2025,101590894,1,9,0,-1,19,6,2,-1,0,0,0,0,0,0,1,1,-1,7,1,43,7,-1,-1,-1,-1,3,E01008654,0,1
2025101590894,2025,101590894,2,9,0,-1,3,6,2,-1,0,0,0,0,0,0,2,1,-1,7,1,39,7,-1,-1,-1,-1,2,E01008645,0,1
2025101590900,2025,101590900,1,9,0,-1,19,4,8,-1,0,2,0,0,0,0,2,1,-1,6,1,48,8,-1,-1,-1,-1,4,E01008768,0,1
2025101590900,2025,101590900,2,98,0,-1,19,5,8,-1,0,1,0,0,0,0,2,1,-1,1,1,40,7,-1,-1,-1,-1,-1,-1,0,-1
2025101590900,2025,101590900,3,9,0,-1,19,5,8,-1,0,2,0,0,0,0,2,1,-1,6,1,40,7,-1,-1,-1,-1,4,E01008768,0,1
2025101591177,2025,101591177,2,9,0,-1,20,6,1,-1,0,0,0,0,0,0,2,1,-1,6,1,38,7,-1,-1,-1,-1,5,E01008811,0,3
2025101591177,2025,101591177,1,9,0,-1,12,5,1,-1,0,0,0,0,1,0,2,1,-1,6,2,72,10,-1,-1,-1,-1,5,E01008236,0,1
2025101591193,2025,101591193,1,19,0,-1,4,4,8,-1,0,0,0,0,0,0,1,9,-1,6,1,-1,-1,-1,-1,-1,-1,-1,-1,0,-1
2025101591193,2025,101591193,2,9,0,-1,4,4,8,-1,0,0,0,0,0,0,2,1,-1,6,2,47,8,-1,-1,-1,-1,2,E01020806,0,4
2025101591209,2025,101591209,1,9,0,-1,4,3,7,-1,0,1,0,0,0,0,1,9,-1,6,1,-1,-1,-1,-1,-1,-1,-1,-1,0,-1
2025101591209,2025,101591209,2,9,0,-1,4,3,7,-1,0,1,0,0,0,0,2,9,-1,6,1,43,7,-1,-1,-1,-1,3,E01008202,0,1
2025101591217,2025,101591217,1,1,0,-1,19,1,5,-1,0,8,5,0,0,0,1,1,-1,6,1,18,4,-1,-1,-1,-1,-1,-1,0,-1
2025101591217,2025,101591217,2,9,0,-1,19,3,7,-1,0,8,0,0,0,0,3,1,-1,6,2,35,6,-1,-1,-1,-1,2,E01008698,0,1
2025101591259,2025,101591259,1,19,0,-1,19,1,5,-1,0,0,1,0,0,0,1,1,-1,6,-1,-1,-1,-1,-1,-1,-1,-1,-1,0,-1
2025101591259,2025,101591259,2,8,0,-1,19,1,5,-1,0,0,5,0,1,0,2,1,-1,1,1,30,6,-1,-1,-1,-1,1,E01035619,0,3
2025101591267,2025,101591267,2,9,0,-1,19,5,1,-1,0,0,0,0,0,0,0,1,-1,6,1,45,7,-1,-1,-1,-1,-1,-1,0,-1
2025101591267,2025,101591267,3,9,0,-1,19,2,5,-1,1,0,0,0,0,0,1,1,-1,6,1,62,9,-1,-1,-1,-1,3,E01035624,0,1
2025101591267,2025,101591267,1,9,0,-1,13,6,1,-1,0,0,1,0,0,0,3,1,-1,6,1,36,7,-1,-1,-1,-1,4,E01020636,0,2
2025101591278,2025,101591278,1,-1,0,-1,5,5,1,-1,0,0,5,0,0,0,1,1,-1,9,2,58,9,-1,-1,-1,-1,-1,-1,1,-1
2025101591336,2025,101591336,1,-1,0,-1,19,1,5,-1,0,2,0,7,0,0,1,1,-1,9,1,13,3,-1,-1,-1,-1,3,E01008594,1,2
2025101591548,2025,101591548,1,97,0,-1,19,2,6,-1,0,2,2,0,0,0,1,1,-1,6,1,18,4,-1,-1,-1,-1,8,E01008808,0,1
2025101591597,2025,101591597,1,9,0,-1,19,7,3,-1,0,0,0,0,0,0,1,1,-1,6,1,52,8,-1,-1,-1,-1,-1,-1,0,-1
2025101591716,2025,101591716,1,9,0,-1,19,5,1,-1,0,0,0,0,0,0,1,1,-1,9,1,89,11,-1,-1,-1,-1,9,E01027367,0,4
2025101591836,2025,101591836,1,9,0,-1,19,1,5,-1,0,8,0,0,0,0,1,1,-1,9,1,74,10,-1,-1,-1,-1,9,E01008316,0,1
2025101591836,2025,101591836,2,9,0,-1,19,7,3,-1,0,8,0,0,0,0,1,1,-1,1,1,63,9,-1,-1,-1,-1,1,E01008388,0,1
2025101592069,2025,101592069,1,9,0,-1,1,3,7,-1,9,0,0,0,0,0,2,1,-1,6,2,64,9,-1,-1,-1,-1,8,E01008868,0,1
2025101592194,2025,101592194,1,1,0,-1,5,7,3,-1,0,0,2,0,0,0,0,1,-1,9,1,21,5,-1,-1,-1,-1,1,E01008227,0,1
2025101592194,2025,101592194,3,9,0,-1,2,0,0,-1,0,0,0,0,0,0,2,1,-1,6,-1,-1,-1,-1,-1,-1,-1,-1,-1,0,-1
2025101592194,2025,101592194,2,9,0,-1,4,5,1,-1,0,0,0,0,0,0,0,1,-1,1,2,27,6,-1,-1,-1,-1,10,E01008264,0,1
2025101592278,2025,101592278,1,9,0,-1,19,3,7,-1,0,4,0,0,0,0,3,1,-1,6,2,19,4,-1,-1,-1,-1,1,E01027393,0,1
2025101592278,2025,101592278,2,9,0,-1,19,1,5,-1,0,4,0,0,0,0,1,1,-1,6,2,62,9,-1,-1,-1,-1,2,E01027391,0,1
2025101592302,2025,101592302,1,9,0,-1,19,-1,-1,-1,0,0,0,0,0,0,1,1,-1,6,3,-1,-1,-1,-1,-1,-1,-1,-1,0,-1
2025101592302,2025,101592302,2,1,0,-1,19,-1,-1,-1,0,0,0,0,0,0,2,1,-1,6,1,53,8,-1,-1,-1,-1,-1,-1,0,-1
2025101592324,2025,101592324,2,11,0,-1,19,2,6,-1,0,0,0,0,0,0,2,1,-1,1,1,59,9,-1,-1,-1,-1,3,E01008508,0,3
2025101592324,2025,101592324,1,1,0,-1,19,6,2,-1,0,0,0,0,0,0,2,1,-1,6,1,-1,-1,-1,-1,-1,-1,-1,-1,0,-1
2025101592377,2025,101592377,1,9,0,-1,19,2,6,-1,0,0,0,0,0,0,1,9,-1,6,3,-1,-1,-1,-1,-1,-1,-1,-1,0,-1
2025101592660,2025,101592660,1,9,0,-1,19,7,3,-1,0,1,0,0,0,0,3,1,-1,9,1,31,6,-1,-1,-1,-1,3,E01008488,0,1
2025101592717,2025,101592717,1,9,0,-1,5,7,3,-1,0,0,0,0,0,0,1,1,-1,6,1,92,11,-1,-1,-1,-1,10,E01008418,0,2
2025101592894,2025,101592894,2,9,0,-1,7,1,5,-1,0,1,0,0,0,0,4,1,-1,6,1,-1,-1,-1,-1,-1,-1,-1,-1,0,-1
2025101592894,2025,101592894,1,1,0,-1,19,1,5,-1,0,1,2,0,0,0,3,1,-1,7,2,31,6,-1,-1,-1,-1,5,E01008178,0,2
2025101592913,2025,101592913,2,20,1,-1,19,7,3,-1,0,0,0,0,0,0,2,1,-1,1,1,53,8,-1,-1,-1,-1,3,E01008576,0,1
2025101592913,2025,101592913,1,9,0,-1,19,7,3,-1,0,0,2,10,0,0,1,1,-1,6,2,65,9,-1,-1,-1,-1,-1,-1,0,-1
2025101592937,2025,101592937,1,11,0,-1,19,6,2,-1,0,2,0,0,0,0,1,9,-1,1,1,-1,-1,-1,-1,-1,-1,-1,-1,0,-1
2025101592937,2025,101592937,2,9,0,-1,2,0,0,-1,0,2,0,0,0,0,2,1,-1,6,1,33,6,-1,-1,-1,-1,1,E01008828,0,1
2025101593026,2025,101593026,1,9,0,-1,19,3,7,-1,0,0,0,0,0,0,1,1,-1,2,2,35,6,-1,-1,-1,-1,-1,-1,0,-1
2025101593166,2025,101593166,1,97,0,-1,19,2,7,-1,0,1,2,0,1,11,1,1,-1,6,1,23,5,-1,-1,-1,-1,1,E01008484,0,2
2025101593344,2025,101593344,2,1,0,-1,19,1,5,-1,0,8,0,0,0,0,1,1,-1,6,2,28,6,-1,-1,-1,-1,8,E01008323,0,1
2025101593344,2025,101593344,1,9,0,-1,9,5,3,-1,0,5,0,0,0,0,4,1,-1,6,1,59,9,-1,-1,-1,-1,10,E01008418,0,1
2025101593408,2025,101593408,1,9,0,-1,9,4,1,-1,0,6,0,0,0,0,4,9,-1,6,1,50,8,-1,-1,-1,-1,-1,-1,0,-1
2025101593512,2025,101593512,2,1,0,-1,10,5,2,-1,0,1,0,0,0,0,2,1,-1,9,1,76,11,-1,-1,-1,-1,5,E01027365,0,1
2025101593512,2025,101593512,1,9,0,-1,19,5,1,-1,0,1,0,0,0,0,1,1,-1,9,1,73,10,-1,-1,-1,-1,4,E01027374,0,3
2025101593587,2025,101593587,1,8,0,-1,5,8,4,-1,0,8,0,0,0,0,3,1,-1,6,1,-1,-1,-1,-1,-1,-1,-1,-1,0,-1
2025101593587,2025,101593587,2,1,0,-1,14,8,4,-1,0,8,5,0,0,0,4,1,-1,2,1,56,9,-1,-1,-1,-1,10,E01008418,0,1
2025101593711,2025,101593711,2,1,-1,-1,-1,7,3,-1,-1,0,-1,-1,-1,0,-1,1,-1,9,1,12,3,-1,-1,-1,-1,-1,-1,0,-1
2025101593711,2025,101593711,1,9,-1,-1,-1,5,1,-1,-1,0,-1,-1,-1,0,-1,9,-1,6,1,47,8,-1,-1,-1,-1,-1,-1,0,-1
2025101593769,2025,101593769,1,9,-1,-1,-1,-1,-1,-1,-1,-1,-1,-1,-1,0,-1,9,-1,6,1,45,7,-1,-1,-1,-1,-1,-1,0,-1
2025101593867,2025,101593867,1,9,-1,-1,-1,8,4,-1,-1,-1,-1,-1,-1,0,-1,9,-1,6,1,27,6,-1,-1,-1,-1,-1,-1,0,-1
2025101593867,2025,101593867,2,9,-1,-1,-1,4,8,-1,-1,-1,-1,-1,-1,0,-1,9,-1,6,2,68,10,-1,-1,-1,-1,1,E01008427,0,2
2025101594082,2025,101594082,1,9,0,-1,12,8,4,-1,0,0,0,0,0,0,0,9,-1,6,3,0,1,-1,-1,-1,-1,-1,-1,0,-1
2025101594082,2025,101594082,2,5,0,-1,19,8,4,-1,0,0,0,0,0,0,0,1,-1,9,1,19,4,-1,-1,-1,-1,-1,-1,0,-1
2025101594118,2025,101594118,1,9,0,-1,19,1,5,-1,0,0,0,0,0,0,1,1,-1,6,1,17,4,-1,-1,-1,-1,7,E01008273,0,2
2025101594121,2025,101594121,1,9,0,-1,9,3,1,-1,0,2,0,0,0,0,1,1,-1,6,1,23,5,-1,-1,-1,-1,10,E01008311,0,3
2025101594121,2025,101594121,2,9,0,-1,19,5,1,-1,0,2,0,0,0,0,3,1,-1,2,2,20,4,-1,-1,-1,-1,8,E01008234,0,1
2025101594125,2025,101594125,1,9,0,-1,12,8,4,-1,0,0,0,0,0,0,3,1,-1,6,1,72,10,-1,-1,-1,-1,1,E01008380,0,1
2025101594125,2025,101594125,2,9,0,-1,19,8,4,-1,0,0,0,0,0,0,4,1,-1,2,2,27,6,-1,-1,-1,-1,2,E01008383,0,2
2025101594133,2025,101594133,3,1,0,-1,19,3,7,-1,0,6,5,0,0,0,4,1,-1,9,1,12,3,-1,-1,-1,-1,1,E01027540,0,1
2025101594133,2025,101594133,1,9,0,-1,19,5,1,-1,0,2,0,0,0,0,1,9,-1,6,3,-1,-1,-1,-1,-1,-1,-1,-1,0,-1
2025101594394,2025,101594394,2,9,0,-1,9,7,5,-1,0,0,0,0,7,0,3,1,-1,9,1,75,10,-1,-1,-1,-1,4,E01008470,0,3
2025101594394,2025,101594394,1,9,0,-1,19,5,1,-1,0,0,0,0,7,0,1,1,-1,2,2,36,7,-1,-1,-1,-1,1,E01027527,0,2
2025101594440,2025,101594440,1,8,-1,-1,19,6,3,-1,0,0,0,0,0,0,1,9,-1,1,1,-1,-1,-1,-1,-1,-1,-1,-1,0,-1
2025101594458,2025,101594458,2,1,0,-1,19,7,2,-1,4,0,0,0,0,0,-1,1,-1,6,2,49,8,-1,-1,-1,-1,5,E01008588,0,1
2025101594458,2025,101594458,1,9,0,-1,9,3,1,-1,4,0,0,0,0,0,1,9,-1,6,2,-1,-1,-1,-1,-1,-1,-1,-1,0,-1
2025101594466,2025,101594466,1,9,0,-1,5,3,7,-1,0,0,0,0,0,0,1,1,-1,6,1,69,10,-1,-1,-1,-1,9,E01027465,0,2
2025101594560,2025,101594560,1,9,0,-1,19,6,2,-1,0,1,0,0,7,2,1,1,-1,9,1,88,11,-1,-1,-1,-1,-1,-1,0,-1
2025101594743,2025,101594743,2,8,0,-1,3,2,5,-1,0,0,0,0,0,0,2,1,-1,1,1,61,9,-1,-1,-1,-1,4,E01008554,0,1
2025101594743,2025,101594743,1,9,0,-1,19,2,5,-1,0,0,0,0,0,0,1,1,-1,6,1,20,4,-1,-1,-1,-1,10,E01008548,0,1
2025101594773,2025,101594773,1,9,0,-1,9,5,3,-1,0,8,0,0,0,0,3,1,-1,6,1,24,5,-1,-1,-1,-1,3,E01008700,0,1
2025101594785,2025,101594785,1,9,0,-1,9,1,7,-1,0,8,0,0,0,0,1,1,-1,6,1,47,8,-1,-1,-1,-1,2,E01008840,0,1
2025101594785,2025,101594785,2,9,0,-1,5,3,7,-1,0,8,0,0,0,0,2,1,-1,9,1,53,8,-1,-1,-1,-1,3,E01008694,0,1
2025101594802,2025,101594802,1,9,0,-1,19,7,1,-1,0,0,0,7,0,0,1,1,-1,9,1,82,11,-1,-1,-1,-1,-1,-1,0,-1
2025101594838,2025,101594838,1,9,0,-1,5,1,5,-1,0,4,0,0,0,0,2,1,-1,6,1,26,6,-1,-1,-1,-1,-1,-1,0,-1
2025101594838,2025,101594838,2,5,0,-1,19,8,2,-1,0,8,0,0,0,0,1,1,-1,9,1,33,6,-1,-1,-1,-1,1,E01008340,0,1
2025101594849,2025,101594849,1,9,0,-1,19,1,1,-1,0,0,0,0,0,0,1,1,-1,9,1,40,7,-1,-1,-1,-1,6,E01027383,0,1
2025101594849,2025,101594849,2,9,0,-1,3,1,1,-1,0,0,0,0,0,0,2,1,-1,9,1,71,10,-1,-1,-1,-1,7,E01008765,0,4
2025101595061,2025,101595061,2,9,0,-1,19,4,8,-1,0,0,0,0,0,0,4,1,-1,6,1,77,11,-1,-1,-1,-1,5,E01008293,0,2
2025101595061,2025,101595061,1,1,0,-1,2,0,0,-1,0,0,5,0,0,0,0,1,-1,6,1,66,10,-1,-1,-1,-1,9,E01008368,0,2
2025101595065,2025,101595065,1,23,0,-1,19,3,7,-1,0,2,0,0,0,0,1,1,-1,6,1,16,4,-1,-1,-1,-1,-1,-1,0,-1
2025101595101,2025,101595101,2,9,0,-1,3,4,8,-1,0,8,0,0,0,0,2,1,-1,6,1,23,5,-1,-1,-1,-1,1,E01008392,0,1
2025101595101,2025,101595101,1,9,0,-1,19,4,8,-1,0,8,0,0,0,0,1,1,-1,6,1,-1,-1,-1,-1,-1,-1,-1,-1,0,-1
2025101595221,2025,101595221,1,9,0,-1,19,4,1,-1,0,0,0,0,0,0,4,1,-1,6,1,53,8,-1,-1,-1,-1,6,E01027466,0,1
2025101595259,2025,101595259,1,9,0,-1,19,2,6,-1,0,0,0,0,0,0,4,1,-1,6,2,43,7,-1,-1,-1,-1,1,E01008712,0,1
2025101595405,2025,101595405,4,9,0,-1,9,8,4,-1,0,1,0,0,0,0,0,1,-1,9,1,54,8,-1,-1,-1,-1,5,-1,0,5
2025101595405,2025,101595405,5,9,0,-1,19,4,8,-1,0,1,0,0,0,0,1,1,-1,9,1,46,8,-1,-1,-1,-1,7,E01012235,0,5
2025101595405,2025,101595405,3,9,0,-1,19,8,4,-1,0,1,0,0,0,0,2,1,-1,9,2,48,8,-1,-1,-1,-1,8,E01008560,0,4
2025101595405,2025,101595405,2,9,0,-1,4,8,4,-1,0,1,0,0,0,0,2,1,-1,9,2,60,9,-1,-1,-1,-1,5,E01027386,0,4
2025101595405,2025,101595405,1,9,0,-1,19,8,4,-1,0,1,0,0,0,0,1,1,-1,6,1,50,8,-1,-1,-1,-1,3,E01008240,0,4
2025101595451,2025,101595451,2,9,0,-1,2,0,0,-1,0,0,1,0,0,0,2,1,-1,6,1,66,10,-1,-1,-1,-1,3,E01008748,0,1
2025101595451,2025,101595451,1,9,0,-1,19,4,8,-1,0,0,1,4,0,0,1,1,-1,9,1,40,7,-1,-1,-1,-1,1,E01020727,0,1
2025101595471,2025,101595471,2,9,0,-1,19,7,3,-1,0,8,0,0,0,0,4,1,-1,6,1,55,8,-1,-1,-1,-1,10,E01008311,0,1
2025101595471,2025,101595471,1,9,0,-1,19,1,5,-1,0,4,0,0,0,0,1,1,-1,6,2,75,10,-1,-1,-1,-1,10,E01008579,0,1
2025101595499,2025,101595499,1,9,0,-1,9,2,6,-1,0,0,0,0,0,0,1,1,-1,9,1,53,8,-1,-1,-1,-1,5,E01027477,0,2
2025101595499,2025,101595499,2,9,0,-1,19,6,2,-1,0,0,0,0,0,0,1,1,-1,9,2,38,7,-1,-1,-1,-1,2,E01008757,0,4
2025101595540,2025,101595540,3,9,0,-1,3,6,2,-1,0,1,0,0,0,0,3,1,-1,9,1,34,6,-1,-1,-1,-1,7,E01035636,0,2
2025101595540,2025,101595540,2,19,0,-1,9,8,6,-1,0,8,0,0,0,0,3,1,-1,1,1,33,6,-1,-1,-1,-1,6,E01008195,0,1
2025101595540,2025,101595540,1,1,0,-1,13,8,6,-1,0,8,0,0,0,0,1,1,-1,2,1,20,4,-1,-1,-1,-1,1,E01008400,0,1
2025101595546,2025,101595546,1,9,0,-1,19,2,6,-1,0,0,0,0,0,0,1,1,-1,6,3,-1,-1,-1,-1,-1,-1,-1,-1,0,-1
2025101595546,2025,101595546,2,9,0,-1,3,2,5,-1,0,0,0,0,0,0,2,1,-1,1,1,20,4,-1,-1,-1,-1,1,E01008846,0,1
2025101595740,2025,101595740,1,-1,0,-1,19,4,8,-1,0,6,0,0,0,0,1,1,-1,6,1,15,3,-1,-1,-1,-1,2,E01008571,1,1
2025101595740,2025,101595740,2,98,0,-1,19,3,7,-1,0,2,0,0,0,0,4,1,-1,1,1,49,8,-1,-1,-1,-1,8,E01027420,0,2
2025101595809,2025,101595809,2,21,0,-1,19,1,5,-1,0,1,0,0,0,0,1,1,-1,1,1,32,6,-1,-1,-1,-1,-1,-1,0,-1
2025101595809,2025,101595809,1,9,0,-1,19,5,1,-1,0,1,0,0,7,0,1,1,-1,1,1,29,6,-1,-1,-1,-1,5,E01008629,0,4
2025101595834,2025,101595834,2,1,0,-1,19,2,6,-1,0,1,0,0,0,0,1,1,-1,6,1,34,6,-1,-1,-1,-1,1,E01008438,0,1
2025101595834,2025,101595834,1,9,0,-1,9,1,3,-1,0,1,0,0,0,0,1,1,-1,2,1,33,6,-1,-1,-1,-1,2,E01008336,0,2
2025101595928,2025,101595928,1,99,0,-1,19,1,5,-1,0,0,0,0,0,0,1,9,-1,6,3,-1,-1,-1,-1,-1,-1,-1,-1,0,-1
2025101595948,2025,101595948,1,11,0,-1,4,7,3,-1,0,8,0,0,0,0,0,1,-1,1,1,45,7,-1,-1,-1,-1,4,E01008209,0,3
2025101596230,2025,101596230,2,9,0,-1,5,6,2,-1,0,1,0,0,0,0,1,1,-1,9,1,56,9,-1,-1,-1,-1,-1,-1,0,-1
2025101596230,2025,101596230,1,9,0,-1,5,4,8,-1,0,8,0,0,0,0,3,1,-1,9,2,59,9,-1,-1,-1,-1,9,E01008498,0,1
2025101596337,2025,101596337,2,9,0,-1,3,8,4,-1,0,0,0,0,0,0,2,1,-1,6,1,32,6,-1,-1,-1,-1,1,E01008164,0,1
2025101596337,2025,101596337,1,9,0,-1,19,8,4,-1,0,0,0,0,0,0,1,9,-1,6,1,40,7,-1,-1,-1,-1,-1,-1,0,-1
2025101596440,2025,101596440,2,97,0,-1,19,7,3,-1,0,2,0,0,0,0,3,1,-1,6,1,30,6,-1,-1,-1,-1,8,E01008538,0,1
2025101596440,2025,101596440,1,9,0,-1,19,1,5,-1,0,2,0,0,0,0,1,1,-1,6,2,27,6,-1,-1,-1,-1,7,E01008528,0,2
2025101596567,2025,101596567,2,98,0,-1,19,7,3,-1,0,8,1,0,1,99,1,1,-1,6,1,40,7,-1,-1,-1,-1,-1,-1,0,-1
2025101596567,2025,101596567,1,9,0,-1,2,7,5,-1,0,8,1,0,3,0,2,1,-1,6,2,25,5,-1,-1,-1,-1,4,E01027498,0,1
2025101596568,2025,101596568,2,5,0,-1,19,4,8,-1,0,1,0,0,0,0,2,1,-1,2,1,43,7,-1,-1,-1,-1,-1,-1,0,-1
2025101596568,2025,101596568,1,9,0,-1,9,8,4,-1,0,1,0,0,0,0,3,1,-1,6,2,81,11,-1,-1,-1,-1,3,E01008265,0,1
2025101596611,2025,101596611,1,11,0,-1,19,1,5,-1,2,0,1,0,0,0,1,1,-1,1,2,23,5,-1,-1,-1,-1,1,E01027427,0,3
2025101596611,2025,101596611,2,-1,0,-1,19,2,6,-1,2,0,0,0,0,0,1,1,-1,6,1,15,3,-1,-1,-1,-1,-1,-1,1,-1
2025101596716,2025,101596716,1,9,0,-1,2,3,7,-1,9,0,0,0,0,0,2,1,-1,9,1,18,4,-1,-1,-1,-1,-1,-1,0,-1
2025101596716,2025,101596716,3,9,0,-1,2,0,0,-1,9,0,0,0,0,0,2,1,-1,6,-1,-1,-1,-1,-1,-1,-1,-1,-1,0,-1
2025101596716,2025,101596716,2,9,0,-1,19,3,7,-1,9,0,1,0,7,11,1,1,-1,6,-1,30,6,-1,-1,-1,-1,-1,-1,0,-1
2025101596738,2025,101596738,2,9,0,-1,19,1,5,-1,0,0,0,0,0,0,3,1,-1,9,1,23,5,-1,-1,-1,-1,-1,-1,0,-1
2025101596738,2025,101596738,1,9,0,-1,19,1,5,-1,0,0,0,0,0,0,1,1,-1,1,1,63,9,-1,-1,-1,-1,-1,-1,0,-1
2025101596738,2025,101596738,3,9,0,-1,19,5,1,-1,0,0,0,0,1,0,1,1,-1,6,2,88,11,-1,-1,-1,-1,-1,-1,0,-1
2025101596801,2025,101596801,1,23,0,-1,19,3,7,-1,0,1,0,0,0,0,1,1,-1,6,1,20,4,-1,-1,-1,-1,-1,-1,0,-1
2025101596801,2025,101596801,2,9,0,-1,3,7,4,-1,0,2,0,0,0,0,1,9,-1,6,1,40,7,-1,-1,-1,-1,9,E01020721,0,3
2025101596896,2025,101596896,1,23,0,-1,19,6,2,-1,0,0,0,0,0,0,0,1,-1,6,1,-1,-1,-1,-1,-1,-1,-1,-1,0,-1
2025101596951,2025,101596951,2,1,0,-1,19,5,1,-1,0,0,5,0,0,0,3,1,-1,6,2,57,9,-1,-1,-1,-1,10,E01008371,0,1
2025101596951,2025,101596951,1,9,0,-1,19,2,6,-1,0,0,0,0,0,0,1,1,-1,9,1,21,5,-1,-1,-1,-1,10,E01025973,0,5
2025101597009,2025,101597009,1,9,0,-1,19,5,1,-1,0,0,0,0,0,0,1,9,-1,6,3,36,7,-1,-1,-1,-1,2,E01008744,0,2
2025101597009,2025,101597009,2,9,0,-1,19,5,1,-1,0,0,5,0,0,0,2,1,-1,9,2,57,9,-1,-1,-1,-1,9,E01020698,0,3
2025101597070,2025,101597070,2,9,0,-1,3,3,7,-1,0,1,0,0,0,0,2,9,-1,1,2,41,7,-1,-1,-1,-1,2,E01008584,0,3
2025101597070,2025,101597070,1,19,0,-1,3,3,7,-1,0,1,0,0,0,0,1,9,-1,6,3,-1,-1,-1,-1,-1,-1,-1,-1,0,-1
2025101597098,2025,101597098,1,9,0,-1,14,8,4,-1,0,0,0,0,0,0,1,1,-1,6,2,42,7,-1,-1,-1,-1,4,E01008555,0,1
2025101597098,2025,101597098,2,9,0,-1,3,8,4,-1,0,0,0,0,0,0,2,1,-1,6,2,40,7,-1,-1,-1,-1,2,E01008489,0,1
2025101597098,2025,101597098,3,9,0,-1,2,0,0,-1,0,0,0,0,0,0,2,1,-1,6,2,53,8,-1,-1,-1,-1,9,E01008562,0,1
2025101597123,2025,101597123,1,8,0,-1,13,5,1,-1,0,0,0,0,0,0,3,1,-1,6,1,40,7,-1,-1,-1,-1,2,E01008449,0,1
2025101597123,2025,101597123,2,1,0,-1,19,5,1,-1,0,0,0,0,0,0,2,1,-1,6,1,48,8,-1,-1,-1,-1,6,E01008411,0,1
2025101597200,2025,101597200,1,9,0,-1,19,1,5,-1,9,0,0,0,7,11,1,1,-1,9,1,44,7,-1,-1,-1,-1,-1,-1,0,-1
2025101597361,2025,101597361,2,9,-1,-1,-1,4,8,-1,-1,-1,-1,-1,-1,0,-1,9,-1,1,1,-1,-1,-1,-1,-1,-1,7,E01005819,0,5
2025101597361,2025,101597361,1,1,-1,-1,-1,6,1,-1,-1,-1,-1,-1,-1,0,-1,1,-1,6,2,-1,-1,-1,-1,-1,-1,-1,-1,0,-1
2025101597386,2025,101597386,1,9,-1,-1,-1,2,6,-1,-1,0,-1,-1,-1,0,-1,9,-1,6,1,-1,-1,-1,-1,-1,-1,-1,-1,0,-1
2025101597386,2025,101597386,2,1,-1,-1,-1,8,5,-1,-1,0,-1,-1,-1,0,-1,1,-1,9,2,8,2,-1,-1,-1,-1,1,E01008746,0,1
2025101597390,2025,101597390,1,99,-1,-1,19,8,4,-1,0,0,0,0,0,0,-1,9,-1,6,3,-1,-1,-1,-1,-1,-1,-1,-1,0,-1
2025101597390,2025,101597390,2,8,-1,-1,19,4,8,-1,0,0,0,0,0,0,-1,9,-1,1,1,-1,-1,-1,-1,-1,-1,-1,-1,0,-1
2025101597528,2025,101597528,1,9,0,-1,19,6,2,-1,0,0,0,0,2,11,1,1,-1,9,1,49,8,-1,-1,-1,-1,4,E01008779,0,1
2025101597528,2025,101597528,2,9,0,-1,2,0,0,-1,0,0,0,0,0,0,2,1,-1,6,-1,-1,-1,-1,-1,-1,-1,-1,-1,0,-1
2025101597528,2025,101597528,3,9,0,-1,2,0,0,-1,0,0,0,0,0,0,2,1,-1,6,-1,-1,-1,-1,-1,-1,-1,-1,-1,0,-1
2025101597592,2025,101597592,1,9,0,-1,7,1,3,-1,0,0,0,0,0,0,3,1,-1,9,1,21,5,-1,-1,-1,-1,1,E01008289,0,1
2025101597689,2025,101597689,1,9,0,-1,19,1,5,-1,0,0,0,12,1,0,1,1,-1,9,1,46,8,-1,-1,-1,-1,3,E01033901,0,5