collision_index,collision_year,collision_ref_no,vehicle_reference,vehicle_type,towing_and_articulation,vehicle_manoeuvre_historic,vehicle_manoeuvre,vehicle_direction_from,vehicle_direction_to,vehicle_location_restricted_lane_historic,vehicle_location_restricted_lane,junction_location,skidding_and_overturning,hit_object_in_carriageway,vehicle_leaving_carriageway,hit_object_off_carriageway,first_point_of_impact,vehicle_left_hand_drive,journey_purpose_of_driver_historic,journey_purpose_of_driver,sex_of_driver,age_of_driver,age_band_of_driver,engine_capacity_cc,propulsion_code,age_of_vehicle,generic_make_model,driver_imd_decile,lsoa_of_driver,escooter_flag,driver_distance_banding
2025101597849,2025,101597849,1,9,-1,-1,9,4,8,-1,0,6,0,0,0,0,1,9,-1,6,2,29,6,-1,-1,-1,-1,5,E01035637,0,1
2025101597849,2025,101597849,2,1,0,-1,19,8,6,-1,0,1,0,0,0,0,4,1,-1,6,1,34,6,-1,-1,-1,-1,6,E01008195,0,2
2025101598021,2025,101598021,1,1,0,-1,19,5,1,-1,0,0,0,0,0,0,4,1,-1,6,1,-1,-1,-1,-1,-1,-1,2,E01008692,0,1
2025101598021,2025,101598021,2,9,0,-1,19,7,3,-1,0,0,0,0,0,0,1,9,-1,6,2,31,6,-1,-1,-1,-1,1,E01008688,0,1
2025101598090,2025,101598090,1,9,0,-1,5,8,4,-1,0,8,0,0,0,0,3,9,-1,6,2,36,7,-1,-1,-1,-1,-1,-1,0,-1
2025101598190,2025,101598190,2,1,0,-1,19,3,8,-1,0,1,0,0,0,0,2,1,-1,2,1,34,6,-1,-1,-1,-1,1,E01008333,0,1
2025101598190,2025,101598190,1,9,0,-1,5,5,2,-1,0,8,0,0,0,0,3,1,-1,6,2,-1,-1,-1,-1,-1,-1,-1,-1,0,-1
2025101598315,2025,101598315,1,9,0,-1,19,3,7,-1,0,0,0,7,1,10,1,1,-1,9,2,40,7,-1,-1,-1,-1,1,E01008838,0,2
2025101598356,2025,101598356,1,19,0,-1,9,5,2,-1,0,8,0,0,0,0,0,9,-1,6,3,-1,-1,-1,-1,-1,-1,-1,-1,0,-1
2025101598356,2025,101598356,2,1,-1,-1,19,7,2,-1,0,8,2,0,0,0,0,1,-1,2,1,29,6,-1,-1,-1,-1,4,E01008277,0,1
2025101598373,2025,101598373,2,1,0,-1,7,5,1,-1,0,3,0,0,0,0,-1,1,-1,6,2,51,8,-1,-1,-1,-1,3,E01008871,0,1
2025101598373,2025,101598373,1,9,0,-1,7,5,1,-1,0,3,0,0,0,0,-1,9,-1,6,1,-1,-1,-1,-1,-1,-1,-1,-1,0,-1
2025101598396,2025,101598396,2,9,0,-1,3,7,3,-1,0,0,0,0,0,0,2,9,-1,6,1,29,6,-1,-1,-1,-1,2,E01008449,0,1
2025101598396,2025,101598396,1,9,0,-1,19,7,3,-1,0,0,0,0,0,0,1,9,-1,6,1,-1,-1,-1,-1,-1,-1,-1,-1,0,-1
2025101598451,2025,101598451,1,9,0,-1,19,4,8,-1,0,1,0,0,0,0,1,1,-1,2,2,32,6,-1,-1,-1,-1,2,E01008263,0,2
2025101598451,2025,101598451,2,1,0,-1,19,1,5,-1,0,6,0,0,0,0,3,1,-1,6,1,42,7,-1,-1,-1,-1,5,E01033556,0,1
2025101598473,2025,101598473,2,9,0,-1,2,0,0,-1,0,8,0,0,0,0,3,9,-1,6,3,-1,-1,-1,-1,-1,-1,-1,-1,0,-1
2025101598473,2025,101598473,1,9,0,-1,1,5,1,-1,0,8,0,0,0,0,2,9,-1,6,1,-1,-1,-1,-1,-1,-1,-1,-1,0,-1
2025101598651,2025,101598651,2,9,0,-1,12,6,2,-1,0,0,0,0,0,0,2,1,-1,6,2,28,6,-1,-1,-1,-1,4,E01027373,0,4
2025101598651,2025,101598651,1,98,0,-1,19,6,2,-1,0,0,0,0,0,0,1,1,-1,6,1,51,8,-1,-1,-1,-1,10,E01027401,0,2
2025101598810,2025,101598810,1,9,0,-1,19,3,7,-1,0,0,0,0,0,0,4,1,-1,6,2,62,9,-1,-1,-1,-1,-1,-1,0,-1
2025101599118,2025,101599118,1,9,0,-1,19,7,3,-1,-1,0,0,4,0,0,1,1,-1,9,2,56,9,-1,-1,-1,-1,2,E01019227,0,4
2025101599118,2025,101599118,2,21,0,-1,2,7,3,-1,-1,0,0,0,0,0,2,1,-1,1,1,54,8,-1,-1,-1,-1,1,E01020555,0,5
2025101599127,2025,101599127,2,9,0,-1,7,1,6,-1,0,3,0,0,0,0,3,9,-1,6,2,67,10,-1,-1,-1,-1,3,E01032483,0,1
2025101599127,2025,101599127,1,9,0,-1,7,2,6,-1,0,3,0,0,0,0,3,9,-1,6,1,58,9,-1,-1,-1,-1,9,E01012048,0,4
2025101599152,2025,101599152,1,9,0,-1,11,3,7,-1,0,3,0,0,0,0,0,9,-1,6,1,-1,-1,-1,-1,-1,-1,-1,-1,0,-1
2025101599152,2025,101599152,2,5,0,-1,3,3,7,-1,0,3,0,0,0,0,0,1,-1,2,2,32,6,-1,-1,-1,-1,3,E01008462,0,2
2025101599161,2025,101599161,2,9,0,-1,3,7,4,-1,0,1,0,0,0,0,2,1,-1,6,1,68,10,-1,-1,-1,-1,10,E01008319,0,1
2025101599161,2025,101599161,1,9,0,-1,19,6,4,-1,0,1,0,0,0,0,1,1,-1,6,1,30,6,-1,-1,-1,-1,-1,-1,0,-1
2025101599425,2025,101599425,3,9,0,-1,4,4,8,-1,0,0,0,0,0,0,2,1,-1,6,1,-1,-1,-1,-1,-1,-1,-1,-1,0,-1
2025101599425,2025,101599425,1,9,0,-1,19,4,8,-1,0,0,0,0,0,0,1,1,-1,6,1,38,7,-1,-1,-1,-1,1,E01008459,0,3
2025101599425,2025,101599425,2,9,0,-1,19,4,8,-1,0,0,0,0,0,0,1,1,-1,6,1,32,6,-1,-1,-1,-1,6,E01035614,0,3
2025101599526,2025,101599526,1,9,0,-1,11,4,8,-1,0,0,0,0,0,0,1,1,-1,6,2,24,5,-1,-1,-1,-1,-1,-1,0,-1
2025101599526,2025,101599526,2,9,0,-1,4,4,8,-1,0,0,0,0,0,0,2,1,-1,1,1,61,9,-1,-1,-1,-1,-1,-1,0,-1
2025101599621,2025,101599621,1,9,0,-1,4,5,1,-1,2,0,0,0,0,0,1,1,-1,6,1,48,8,-1,-1,-1,-1,-1,-1,0,-1
2025101599785,2025,101599785,1,9,0,-1,9,1,7,-1,0,6,0,0,0,0,1,1,-1,6,1,25,5,-1,-1,-1,-1,2,E01008699,0,2
2025101599817,2025,101599817,1,9,0,-1,7,2,4,-1,0,8,0,0,0,0,3,9,-1,6,1,-1,-1,-1,-1,-1,-1,-1,-1,0,-1
2025101599942,2025,101599942,1,9,0,-1,19,8,4,-1,0,1,0,0,7,0,1,1,-1,9,1,26,6,-1,-1,-1,-1,4,-1,0,5
2025101599942,2025,101599942,2,9,0,-1,5,3,8,-1,0,6,0,0,0,0,1,1,-1,9,2,31,6,-1,-1,-1,-1,2,E01008281,0,4
2025101600103,2025,101600103,2,9,0,-1,2,0,0,-1,0,0,0,0,0,0,1,1,-1,6,3,-1,-1,-1,-1,-1,-1,-1,-1,0,-1
2025101600103,2025,101600103,3,9,0,-1,2,0,0,-1,0,0,0,0,0,0,-1,1,-1,6,3,-1,-1,-1,-1,-1,-1,-1,-1,0,-1
2025101600103,2025,101600103,1,9,0,-1,19,1,6,-1,0,0,0,0,0,0,1,1,-1,2,2,45,7,-1,-1,-1,-1,6,E01008387,0,2
2025101600139,2025,101600139,3,9,0,-1,3,0,0,-1,0,0,0,0,0,0,2,1,-1,9,2,36,7,-1,-1,-1,-1,-1,-1,0,-1
2025101600139,2025,101600139,2,9,0,-1,3,4,8,-1,0,0,0,0,0,0,2,1,-1,9,1,29,6,-1,-1,-1,-1,-1,-1,0,-1
2025101600139,2025,101600139,1,9,0,-1,19,4,8,-1,0,0,0,0,0,0,1,1,-1,2,1,34,6,-1,-1,-1,-1,-1,-1,0,-1
2025101600321,2025,101600321,1,1,0,-1,19,8,4,-1,0,1,5,0,0,0,3,1,-1,6,1,47,8,-1,-1,-1,-1,4,E01008637,0,1
2025101600321,2025,101600321,2,9,0,-1,4,8,3,-1,99,1,0,0,0,0,4,1,-1,6,2,40,7,-1,-1,-1,-1,-1,-1,0,-1
2025101600549,2025,101600549,2,9,0,-1,19,5,2,-1,0,8,0,0,0,0,3,1,-1,2,2,19,4,-1,-1,-1,-1,9,E01032647,0,1
2025101600549,2025,101600549,1,98,0,-1,12,6,2,-1,0,8,0,0,0,0,1,9,-1,6,3,40,7,-1,-1,-1,-1,-1,-1,0,-1
2025101600788,2025,101600788,1,23,0,-1,19,1,5,-1,0,0,0,0,0,0,1,1,-1,9,1,23,5,-1,-1,-1,-1,-1,-1,0,-1
2025101600788,2025,101600788,2,23,0,-1,19,5,1,-1,0,0,0,0,0,0,1,1,-1,9,1,15,3,-1,-1,-1,-1,1,E01008232,0,1
2025101600790,2025,101600790,2,9,0,-1,2,0,0,-1,0,0,0,0,0,0,1,1,-1,6,-1,-1,-1,-1,-1,-1,-1,-1,-1,0,-1
2025101600790,2025,101600790,1,9,0,-1,19,3,7,-1,9,0,0,0,1,0,1,1,-1,9,2,49,8,-1,-1,-1,-1,7,E01008585,0,2
2025101600846,2025,101600846,1,9,0,-1,19,5,1,-1,0,1,0,0,0,0,4,1,-1,6,1,38,7,-1,-1,-1,-1,1,E01027431,0,3
2025101600846,2025,101600846,2,11,0,-1,19,5,1,-1,0,1,0,0,0,0,3,1,-1,1,1,57,9,-1,-1,-1,-1,5,E01027500,0,3
2025101601127,2025,101601127,1,9,0,-1,5,2,4,-1,0,0,0,99,0,0,3,1,-1,2,2,28,6,-1,-1,-1,-1,2,E01008339,0,1
2025101601127,2025,101601127,2,8,0,-1,19,3,7,-1,2,0,0,99,0,0,1,1,-1,6,1,-1,-1,-1,-1,-1,-1,-1,-1,0,-1
2025101601216,2025,101601216,1,9,0,-1,15,5,1,-1,0,0,0,0,0,0,0,9,-1,6,3,-1,-1,-1,-1,-1,-1,-1,-1,0,-1
2025101601216,2025,101601216,3,21,0,-1,19,1,5,-1,0,0,0,0,0,0,0,1,-1,1,1,36,7,-1,-1,-1,-1,8,E01027489,0,4
2025101601216,2025,101601216,2,9,0,-1,19,5,1,-1,0,0,1,0,8,0,1,1,-1,6,1,43,7,-1,-1,-1,-1,6,E01008559,0,4
2025101601270,2025,101601270,2,9,0,-1,19,3,7,-1,0,0,1,0,1,0,1,1,-1,6,2,47,8,-1,-1,-1,-1,9,E01008378,0,1
2025101601270,2025,101601270,1,9,0,-1,9,7,5,-1,0,0,0,0,0,0,4,1,-1,9,2,22,5,-1,-1,-1,-1,2,E01008401,0,2
2025101601280,2025,101601280,2,9,0,-1,7,8,4,-1,0,4,0,0,0,0,1,1,-1,9,2,55,8,-1,-1,-1,-1,-1,-1,0,-1
2025101601280,2025,101601280,1,1,0,-1,5,5,2,-1,0,4,1,0,0,0,1,1,-1,1,-1,48,8,-1,-1,-1,-1,-1,-1,0,-1
2025101601512,2025,101601512,1,9,0,-1,5,3,7,-1,0,0,0,0,0,0,1,1,-1,6,1,30,6,-1,-1,-1,-1,-1,-1,0,-1
2025101601544,2025,101601544,1,9,0,-1,19,6,2,-1,0,0,0,0,0,0,1,9,-1,6,3,-1,-1,-1,-1,-1,-1,-1,-1,0,-1
2025101601544,2025,101601544,2,1,0,-1,2,0,0,-1,0,0,5,0,0,0,2,1,-1,7,1,13,3,-1,-1,-1,-1,1,E01008302,0,1
2025101601675,2025,101601675,2,9,0,-1,19,7,7,-1,0,2,0,0,0,0,1,1,-1,2,2,41,7,-1,-1,-1,-1,-1,-1,0,-1
2025101601675,2025,101601675,1,9,0,-1,9,3,5,-1,0,2,0,0,0,0,1,1,-1,6,1,22,5,-1,-1,-1,-1,-1,-1,0,-1
2025101601789,2025,101601789,2,9,0,-1,4,7,3,-1,0,0,0,0,0,0,1,1,-1,2,1,23,5,-1,-1,-1,-1,2,E01008757,0,1
2025101601789,2025,101601789,1,9,0,-1,4,7,3,-1,0,0,0,0,0,0,0,1,-1,6,3,40,7,-1,-1,-1,-1,-1,-1,0,-1
2025101601801,2025,101601801,2,9,-1,-1,9,8,6,-1,0,0,0,0,0,0,3,9,-1,6,2,39,7,-1,-1,-1,-1,1,E01008330,0,1
2025101601801,2025,101601801,1,2,0,-1,19,7,3,-1,9,0,5,0,0,0,1,1,-1,9,1,18,4,-1,-1,-1,-1,-1,-1,0,-1
2025101601893,2025,101601893,1,9,0,-1,19,2,7,-1,0,1,0,0,0,0,1,1,-1,6,1,19,4,-1,-1,-1,-1,9,E01008556,0,1
2025101601893,2025,101601893,2,9,0,-1,19,8,5,-1,0,2,0,0,0,0,1,1,-1,6,1,59,9,-1,-1,-1,-1,4,E01008483,0,1
2025101601996,2025,101601996,1,9,0,-1,9,5,3,-1,0,2,0,0,0,0,1,1,-1,6,1,61,9,-1,-1,-1,-1,1,E01008291,0,1
2025101602195,2025,101602195,1,-1,0,-1,19,4,1,-1,9,0,0,0,0,0,1,1,-1,6,1,15,3,-1,-1,-1,-1,3,E01008396,1,1
2025101602195,2025,101602195,2,-1,0,-1,19,4,8,-1,9,0,0,0,0,0,0,1,-1,1,1,14,3,-1,-1,-1,-1,1,E01008295,1,1
2025101602288,2025,101602288,2,9,0,-1,9,1,7,-1,0,8,0,0,0,0,3,9,-1,6,2,49,8,-1,-1,-1,-1,2,E01008337,0,1
2025101602288,2025,101602288,1,9,0,-1,9,7,5,-1,0,8,0,0,0,0,1,9,-1,6,1,-1,-1,-1,-1,-1,-1,7,E01008458,0,1
2025101602297,2025,101602297,1,-1,0,-1,15,5,1,-1,0,1,5,4,0,0,1,9,-1,6,1,19,4,-1,-1,-1,-1,3,E01008349,1,1
2025101602297,2025,101602297,2,9,0,-1,2,0,0,-1,0,1,0,0,0,0,2,1,-1,6,3,-1,-1,-1,-1,-1,-1,-1,-1,0,-1
2025101602320,2025,101602320,1,9,0,-1,19,5,1,-1,0,0,0,0,0,0,4,9,-1,6,3,-1,-1,-1,-1,-1,-1,-1,-1,0,-1
2025101602334,2025,101602334,2,9,0,-1,3,1,5,-1,0,0,0,0,0,0,2,9,-1,6,3,47,8,-1,-1,-1,-1,5,E01035637,0,3
2025101602334,2025,101602334,1,9,0,-1,19,1,5,-1,0,0,0,0,0,0,1,9,-1,6,1,-1,-1,-1,-1,-1,-1,9,E01032712,0,5
2025101602371,2025,101602371,1,1,0,-1,19,3,7,-1,0,8,0,0,0,0,1,1,-1,6,1,17,4,-1,-1,-1,-1,3,E01008375,0,1
2025101602371,2025,101602371,2,9,0,-1,8,5,7,-1,0,8,0,0,0,0,4,1,-1,9,2,64,9,-1,-1,-1,-1,2,E01008377,0,1
2025101602490,2025,101602490,2,1,0,-1,19,1,5,-1,0,1,0,0,0,0,1,1,-1,6,2,47,8,-1,-1,-1,-1,10,E01033550,0,2
2025101602490,2025,101602490,1,9,0,-1,9,5,3,-1,0,1,0,0,0,0,4,1,-1,6,1,65,9,-1,-1,-1,-1,4,E01020899,0,4
2025101602671,2025,101602671,1,98,0,-1,1,-1,-1,-1,9,0,-1,-1,-1,0,-1,9,-1,6,3,-1,-1,-1,-1,-1,-1,-1,-1,0,-1
2025101602686,2025,101602686,1,9,0,-1,19,8,4,-1,0,0,0,0,0,0,4,9,-1,6,2,47,8,-1,-1,-1,-1,3,E01027421,0,2
2025101602686,2025,101602686,2,1,0,-1,19,8,4,-1,0,0,0,0,0,0,3,1,-1,6,1,53,8,-1,-1,-1,-1,1,E01008164,0,3
2025101602768,2025,101602768,1,9,0,-1,-1,-1,-1,-1,-1,0,-1,-1,-1,0,1,9,-1,6,3,-1,-1,-1,-1,-1,-1,-1,-1,0,-1
2025101602768,2025,101602768,2,9,0,-1,-1,-1,-1,-1,-1,0,-1,-1,-1,0,2,9,-1,6,1,43,7,-1,-1,-1,-1,3,E01008568,0,4
2025101603021,2025,101603021,1,9,0,-1,19,5,1,-1,0,0,0,0,0,0,2,1,-1,9,1,27,6,-1,-1,-1,-1,3,E01008569,0,2
2025101603021,2025,101603021,2,11,0,-1,19,5,1,-1,0,0,0,0,0,0,1,1,-1,1,1,60,9,-1,-1,-1,-1,1,E01008400,0,3
2025101603098,2025,101603098,1,9,0,-1,19,7,3,-1,0,8,0,0,0,0,3,1,-1,6,3,18,4,-1,-1,-1,-1,-1,-1,0,-1
2025101603098,2025,101603098,2,1,0,-1,19,5,1,-1,0,8,0,0,0,0,1,1,-1,9,1,36,7,-1,-1,-1,-1,-1,-1,0,-1
2025101603103,2025,101603103,1,9,0,-1,3,7,3,-1,0,1,0,0,0,0,4,1,-1,6,1,25,5,-1,-1,-1,-1,3,E01008694,0,3
2025101603103,2025,101603103,2,23,0,-1,15,7,3,-1,4,1,0,0,0,0,1,1,-1,9,1,23,5,-1,-1,-1,-1,1,E01008437,0,1
2025101603284,2025,101603284,1,97,0,-1,19,1,5,-1,0,0,0,0,7,0,3,1,-1,9,1,40,7,-1,-1,-1,-1,10,E01016632,0,5
2025101603391,2025,101603391,1,9,0,-1,19,5,1,-1,0,6,5,4,0,0,1,1,-1,6,1,44,7,-1,-1,-1,-1,-1,-1,0,-1
2025101603391,2025,101603391,2,9,0,-1,2,0,0,-1,0,6,0,0,0,0,1,1,-1,6,-1,-1,-1,-1,-1,-1,-1,-1,-1,0,-1
2025101603434,2025,101603434,2,9,0,-1,3,3,7,-1,0,8,0,0,0,0,2,1,-1,6,1,58,9,-1,-1,-1,-1,1,E01008607,0,4
2025101603434,2025,101603434,1,9,0,-1,19,3,7,-1,0,8,0,0,0,0,1,2,-1,6,2,36,7,-1,-1,-1,-1,10,E01033551,0,2
2025101603533,2025,101603533,2,9,0,-1,5,1,5,-1,0,3,1,10,7,0,4,1,-1,9,1,27,6,-1,-1,-1,-1,1,E01008223,0,1
2025101603533,2025,101603533,1,9,0,-1,9,1,3,-1,0,3,0,0,0,0,1,1,-1,9,2,37,7,-1,-1,-1,-1,9,E01012231,0,4
2025101603670,2025,101603670,1,9,0,-1,19,3,2,-1,0,8,0,0,0,0,4,1,-1,9,2,34,6,-1,-1,-1,-1,-1,-1,0,-1
2025101603821,2025,101603821,2,1,0,-1,19,1,5,-1,0,1,0,0,0,0,3,1,-1,9,1,60,9,-1,-1,-1,-1,-1,-1,0,-1
2025101603821,2025,101603821,1,9,0,-1,5,7,3,-1,0,1,0,0,0,0,1,1,-1,9,1,35,6,-1,-1,-1,-1,-1,-1,0,-1
2025101603857,2025,101603857,1,23,0,-1,-1,-1,-1,-1,-1,0,-1,-1,-1,0,1,1,-1,9,1,-1,-1,-1,-1,-1,-1,-1,-1,0,-1
2025101603909,2025,101603909,1,8,0,-1,7,5,3,-1,0,8,0,0,0,0,1,1,-1,1,1,27,6,-1,-1,-1,-1,3,E01008208,0,2
2025101603909,2025,101603909,2,-1,0,-1,19,6,2,-1,0,8,5,0,0,0,4,1,-1,6,2,-1,-1,-1,-1,-1,-1,-1,-1,1,-1
2025101604021,2025,101604021,2,9,0,-1,9,3,8,-1,0,8,0,0,0,0,3,1,-1,6,2,51,8,-1,-1,-1,-1,6,E01027490,0,1
2025101604021,2025,101604021,1,9,0,-1,9,8,4,-1,0,8,0,0,0,0,1,1,-1,6,1,-1,-1,-1,-1,-1,-1,-1,-1,0,-1
2025101604055,2025,101604055,1,9,0,-1,19,3,5,-1,0,1,0,0,0,0,0,1,-1,6,1,40,7,-1,-1,-1,-1,7,E01012204,0,4
2025101604055,2025,101604055,2,9,0,-1,9,6,5,-1,0,1,1,7,0,0,1,1,-1,6,2,21,5,-1,-1,-1,-1,7,E01027438,0,2
2025101604064,2025,101604064,1,9,0,-1,1,7,3,-1,0,0,0,0,0,0,2,1,-1,6,1,22,5,-1,-1,-1,-1,-1,-1,0,-1
2025101604075,2025,101604075,2,9,0,-1,19,6,2,-1,0,0,0,0,0,0,1,1,-1,9,2,75,10,-1,-1,-1,-1,8,E01008801,0,1
2025101604075,2025,101604075,1,1,0,-1,19,8,4,-1,0,0,5,0,0,0,1,1,-1,9,1,23,5,-1,-1,-1,-1,1,E01027951,0,5
2025101604254,2025,101604254,3,9,0,-1,19,4,8,-1,0,1,0,0,0,0,0,1,-1,6,2,41,7,-1,-1,-1,-1,-1,-1,0,-1
2025101604254,2025,101604254,2,9,0,-1,19,4,8,-1,0,1,0,0,0,0,0,1,-1,6,2,28,6,-1,-1,-1,-1,3,E01008805,0,1
2025101604254,2025,101604254,1,5,0,-1,15,4,8,-1,0,4,2,7,3,0,1,1,-1,6,1,38,7,-1,-1,-1,-1,7,E01020601,0,3
2025101604259,2025,101604259,1,9,0,-1,7,5,3,-1,0,5,0,0,1,0,1,1,-1,1,1,46,8,-1,-1,-1,-1,2,E01008512,0,1
2025101604345,2025,101604345,1,9,0,-1,19,6,2,-1,0,8,0,0,0,0,1,1,-1,6,2,58,9,-1,-1,-1,-1,2,E01008281,0,1
2025101604345,2025,101604345,2,9,0,-1,2,0,0,-1,0,8,0,0,0,0,4,1,-1,6,3,-1,-1,-1,-1,-1,-1,-1,-1,0,-1
2025101604452,2025,101604452,1,11,0,-1,19,4,6,-1,0,0,0,0,0,0,0,1,-1,1,1,38,7,-1,-1,-1,-1,4,E01008209,0,3
2025101604499,2025,101604499,1,-1,0,-1,14,7,3,-1,0,6,0,7,0,0,1,1,-1,9,1,15,3,-1,-1,-1,-1,-1,-1,1,-1
2025101604499,2025,101604499,2,9,0,-1,9,3,1,-1,0,1,0,0,0,0,1,1,-1,9,1,52,8,-1,-1,-1,-1,-1,-1,0,-1
2025101604555,2025,101604555,2,9,-1,-1,19,5,1,-1,0,0,0,0,0,0,4,9,-1,6,1,-1,-1,-1,-1,-1,-1,-1,-1,0,-1
2025101604555,2025,101604555,1,1,0,-1,19,7,3,-1,0,0,5,0,0,0,1,1,-1,7,1,13,3,-1,-1,-1,-1,10,E01027400,0,1
2025101604613,2025,101604613,2,9,-1,-1,-1,-1,-1,-1,-1,-1,-1,-1,-1,0,-1,9,-1,6,1,44,7,-1,-1,-1,-1,4,E01033548,0,2
2025101604613,2025,101604613,1,1,-1,-1,-1,-1,-1,-1,-1,-1,-1,-1,-1,0,-1,1,-1,6,1,15,3,-1,-1,-1,-1,-1,-1,0,-1
2025101604847,2025,101604847,2,1,0,-1,19,1,5,-1,5,8,0,0,0,0,1,1,-1,2,1,58,9,-1,-1,-1,-1,-1,-1,0,-1
2025101604847,2025,101604847,1,9,0,-1,7,1,3,-1,0,8,0,0,0,0,1,1,-1,9,2,39,7,-1,-1,-1,-1,6,E01035614,0,2
2025101604858,2025,101604858,1,11,0,-1,19,4,8,-1,0,8,0,0,0,0,3,1,-1,1,3,-1,-1,-1,-1,-1,-1,-1,-1,0,-1
2025101604858,2025,101604858,2,9,0,-1,19,4,8,-1,0,8,0,0,0,0,4,1,-1,6,1,25,5,-1,-1,-1,-1,5,E01008740,0,1
2025101605028,2025,101605028,2,1,0,-1,19,7,3,-1,4,8,5,0,0,0,4,1,-1,6,1,60,9,-1,-1,-1,-1,1,E01008348,0,1
2025101605028,2025,101605028,1,9,0,-1,7,1,3,-1,0,8,0,0,0,0,1,1,-1,6,2,43,7,-1,-1,-1,-1,1,E01008438,0,1
2025101605264,2025,101605264,2,-1,0,-1,19,3,7,-1,0,0,0,0,0,0,1,1,-1,9,2,12,3,-1,-1,-1,-1,3,E01027461,1,1
2025101605264,2025,101605264,1,9,0,-1,19,1,5,-1,0,0,0,0,0,0,1,1,-1,2,1,36,7,-1,-1,-1,-1,5,E01035630,0,1
2025101605285,2025,101605285,2,9,0,-1,19,5,1,-1,0,8,0,0,0,0,1,1,-1,6,2,34,6,-1,-1,-1,-1,-1,-1,0,-1
2025101605285,2025,101605285,1,9,0,-1,19,3,7,-1,0,8,0,0,0,0,4,1,-1,6,2,39,7,-1,-1,-1,-1,3,E01008318,0,1
2025101605323,2025,101605323,2,9,0,-1,19,3,7,-1,0,0,0,4,0,0,1,1,-1,6,2,27,6,-1,-1,-1,-1,9,E01020708,0,3
2025101605323,2025,101605323,1,9,0,-1,2,0,0,-1,0,0,0,0,0,0,2,1,-1,6,-1,-1,-1,-1,-1,-1,-1,-1,-1,0,-1
2025101605364,2025,101605364,2,1,0,-1,19,8,5,-1,0,8,0,0,0,0,2,1,-1,2,1,42,7,-1,-1,-1,-1,4,E01008496,0,2
2025101605364,2025,101605364,1,9,0,-1,5,2,5,-1,0,4,0,0,0,0,1,1,-1,6,2,54,8,-1,-1,-1,-1,1,E01035622,0,3
2025101605382,2025,101605382,2,3,0,-1,13,6,2,-1,0,1,1,0,1,0,1,1,-1,2,1,17,4,-1,-1,-1,-1,-1,-1,0,-1
2025101605382,2025,101605382,1,98,0,-1,9,6,2,-1,0,5,0,0,0,0,2,1,-1,6,1,55,8,-1,-1,-1,-1,2,E01027423,0,4
2025101605399,2025,101605399,2,9,0,-1,5,6,2,-1,0,1,0,0,0,0,3,1,-1,6,2,82,11,-1,-1,-1,-1,-1,-1,0,-1
2025101605399,2025,101605399,1,98,4,-1,19,4,8,-1,0,1,0,0,0,0,1,1,-1,1,1,49,8,-1,-1,-1,-1,-1,-1,0,-1
2025101605400,2025,101605400,2,1,0,-1,19,6,2,-1,0,0,0,0,0,0,1,1,-1,2,1,37,7,-1,-1,-1,-1,5,E01008539,0,2
2025101605400,2025,101605400,1,9,0,-1,6,2,6,-1,0,0,0,0,0,0,1,1,-1,6,1,27,6,-1,-1,-1,-1,1,E01012092,0,4
2025101605470,2025,101605470,1,9,0,-1,7,6,1,-1,0,0,0,0,0,0,1,1,-1,1,1,64,9,-1,-1,-1,-1,2,E01008705,0,3
2025101605470,2025,101605470,2,-1,0,-1,19,6,3,-1,0,0,0,0,0,0,2,1,-1,6,1,14,3,-1,-1,-1,-1,7,E01008534,1,1
2025101605520,2025,101605520,2,9,0,-1,19,2,6,-1,0,8,0,0,0,0,1,1,-1,9,1,61,9,-1,-1,-1,-1,3,E01008694,0,1
2025101605520,2025,101605520,1,9,0,-1,19,1,5,-1,0,8,0,0,0,0,4,1,-1,9,1,88,11,-1,-1,-1,-1,2,E01008822,0,1
2025101605520,2025,101605520,3,1,0,-1,3,5,1,-1,0,1,0,0,0,0,3,1,-1,6,1,67,10,-1,-1,-1,-1,2,E01008810,0,1
2025101605523,2025,101605523,2,9,4,-1,19,1,5,-1,0,2,0,0,3,0,0,1,-1,6,1,50,8,-1,-1,-1,-1,4,E01035202,0,5
2025101605523,2025,101605523,1,9,0,-1,9,5,3,-1,0,2,0,0,0,0,0,1,-1,6,2,67,10,-1,-1,-1,-1,6,E01020657,0,4
2025101605529,2025,101605529,1,9,0,-1,5,1,4,-1,0,4,0,0,0,0,1,9,-1,6,1,25,5,-1,-1,-1,-1,3,E01008636,0,3
2025101605529,2025,101605529,2,9,0,-1,5,1,5,-1,0,4,0,0,0,0,2,9,-1,6,1,60,9,-1,-1,-1,-1,8,E01008862,0,1
2025101605771,2025,101605771,2,9,0,-1,19,1,3,-1,0,8,0,0,0,0,1,1,-1,6,2,30,6,-1,-1,-1,-1,1,E01008204,0,1
2025101605771,2025,101605771,1,9,0,-1,7,1,2,-1,0,3,0,0,0,0,4,2,-1,6,3,-1,-1,-1,-1,-1,-1,-1,-1,0,-1
2025101605853,2025,101605853,2,9,0,-1,19,5,1,-1,0,0,0,0,0,0,1,1,-1,6,1,29,6,-1,-1,-1,-1,8,E01027356,0,4
2025101605853,2025,101605853,1,9,0,-1,19,1,5,-1,0,0,0,0,0,0,1,1,-1,6,1,17,4,-1,-1,-1,-1,4,E01027374,0,1
2025101605947,2025,101605947,3,9,0,-1,19,8,1,-1,0,1,0,0,0,0,0,1,-1,1,1,-1,-1,-1,-1,-1,-1,-1,-1,0,-1
2025101605947,2025,101605947,1,9,0,-1,9,2,6,-1,0,1,0,0,0,0,4,1,-1,9,-1,-1,-1,-1,-1,-1,-1,-1,-1,0,-1
2025101605947,2025,101605947,2,9,0,-1,4,7,3,-1,0,1,0,0,0,0,3,1,-1,6,2,47,8,-1,-1,-1,-1,-1,-1,0,-1
2025101605951,2025,101605951,2,99,0,-1,19,1,5,-1,0,0,0,0,0,0,0,9,-1,6,3,50,8,-1,-1,-1,-1,-1,-1,0,-1