collision_index,collision_year,collision_ref_no,vehicle_reference,vehicle_type,towing_and_articulation,vehicle_manoeuvre_historic,vehicle_manoeuvre,vehicle_direction_from,vehicle_direction_to,vehicle_location_restricted_lane_historic,vehicle_location_restricted_lane,junction_location,skidding_and_overturning,hit_object_in_carriageway,vehicle_leaving_carriageway,hit_object_off_carriageway,first_point_of_impact,vehicle_left_hand_drive,journey_purpose_of_driver_historic,journey_purpose_of_driver,sex_of_driver,age_of_driver,age_band_of_driver,engine_capacity_cc,propulsion_code,age_of_vehicle,generic_make_model,driver_imd_decile,lsoa_of_driver,escooter_flag,driver_distance_banding
2025101605951,2025,101605951,1,9,0,-1,19,1,5,-1,0,0,0,0,0,0,1,1,-1,6,2,30,6,-1,-1,-1,-1,-1,-1,0,-1
2025101605956,2025,101605956,1,9,0,-1,19,1,5,-1,0,0,0,0,1,0,1,1,-1,2,1,54,8,-1,-1,-1,-1,8,E01006622,0,5
2025101605956,2025,101605956,2,17,4,-1,10,5,1,-1,0,0,0,0,0,0,1,1,-1,1,1,54,8,-1,-1,-1,-1,6,E01027371,0,2
2025101605961,2025,101605961,2,21,1,-1,19,5,1,-1,0,0,0,0,0,0,3,1,-1,1,1,31,6,-1,-1,-1,-1,3,E01034584,0,5
2025101605961,2025,101605961,3,9,0,-1,19,5,1,-1,0,0,5,0,0,0,4,1,-1,6,1,48,8,-1,-1,-1,-1,-1,-1,0,-1
2025101605961,2025,101605961,1,9,0,-1,12,5,1,-1,0,0,0,0,0,0,3,1,-1,6,1,18,4,-1,-1,-1,-1,-1,-1,0,-1
2025101606101,2025,101606101,1,9,0,-1,1,7,4,-1,0,0,0,0,0,0,2,1,-1,6,3,40,7,-1,-1,-1,-1,-1,-1,0,-1
2025101606180,2025,101606180,3,9,0,-1,19,2,6,-1,0,0,0,0,0,0,1,1,-1,6,1,37,7,-1,-1,-1,-1,2,E01008632,0,1
2025101606180,2025,101606180,2,9,0,-1,4,2,6,-1,0,0,0,0,0,0,2,1,-1,2,1,47,8,-1,-1,-1,-1,3,E01008639,0,1
2025101606180,2025,101606180,1,9,0,-1,4,2,6,-1,0,0,0,0,0,0,2,1,-1,6,2,41,7,-1,-1,-1,-1,1,E01008604,0,1
2025101606200,2025,101606200,1,9,0,-1,19,0,0,-1,0,0,0,0,0,0,1,1,-1,9,2,61,9,-1,-1,-1,-1,6,E01008195,0,1
2025101606200,2025,101606200,2,9,0,-1,2,0,0,-1,0,0,0,4,0,0,1,1,-1,6,-1,-1,-1,-1,-1,-1,-1,-1,-1,0,-1
2025101606200,2025,101606200,3,9,0,-1,2,0,0,-1,0,0,0,0,0,0,2,1,-1,6,-1,-1,-1,-1,-1,-1,-1,-1,-1,0,-1
2025101606326,2025,101606326,1,3,0,-1,19,6,1,-1,0,0,0,0,0,0,4,1,-1,6,1,16,4,-1,-1,-1,-1,-1,-1,0,-1
2025101606326,2025,101606326,2,8,0,-1,19,1,6,-1,0,0,0,0,0,0,1,1,-1,9,1,41,7,-1,-1,-1,-1,3,E01008396,0,1
2025101606364,2025,101606364,1,9,0,-1,19,8,4,-1,0,0,0,0,0,0,1,1,-1,9,1,38,7,-1,-1,-1,-1,5,E01008740,0,1
2025101606414,2025,101606414,1,9,0,-1,-1,-1,-1,-1,-1,-1,-1,-1,-1,0,-1,9,-1,6,3,-1,-1,-1,-1,-1,-1,-1,-1,0,-1
2025101606414,2025,101606414,2,8,0,-1,-1,-1,-1,-1,-1,-1,-1,-1,-1,0,-1,9,-1,1,1,34,6,-1,-1,-1,-1,1,E01008590,0,1
2025101606532,2025,101606532,1,9,0,-1,6,0,1,-1,0,0,0,0,0,0,1,1,-1,6,2,30,6,-1,-1,-1,-1,10,E01027403,0,1
2025101606532,2025,101606532,2,9,0,-1,6,7,3,-1,0,0,0,0,0,0,3,1,-1,2,2,18,4,-1,-1,-1,-1,4,E01027433,0,1
2025101606879,2025,101606879,1,8,0,-1,19,8,5,-1,0,0,0,0,0,0,4,9,-1,1,3,-1,-1,-1,-1,-1,-1,-1,-1,0,-1
2025101606933,2025,101606933,1,9,0,-1,19,6,2,-1,0,0,0,0,0,0,1,9,-1,6,1,38,7,-1,-1,-1,-1,3,E01008451,0,2
2025101606933,2025,101606933,2,9,0,-1,19,6,2,-1,0,0,0,0,0,0,2,9,-1,6,1,35,6,-1,-1,-1,-1,8,E01008527,0,2
2025101607051,2025,101607051,1,11,-1,-1,-1,-1,-1,-1,-1,0,-1,-1,-1,0,0,9,-1,6,1,-1,-1,-1,-1,-1,-1,4,E01008244,0,2
2025101607072,2025,101607072,1,9,-1,-1,11,6,2,-1,0,0,0,0,0,0,4,9,-1,6,2,18,4,-1,-1,-1,-1,3,E01008805,0,1
2025101607072,2025,101607072,2,11,0,-1,19,6,3,-1,0,0,0,0,0,0,3,9,-1,6,1,24,5,-1,-1,-1,-1,4,E01008675,0,3
2025101607347,2025,101607347,1,11,0,-1,5,1,5,-1,0,0,0,0,0,0,4,9,-1,1,3,-1,-1,-1,-1,-1,-1,-1,-1,0,-1
2025101607365,2025,101607365,3,9,0,-1,4,1,6,-1,0,4,0,0,0,0,2,9,-1,6,2,24,5,-1,-1,-1,-1,6,E01008411,0,2
2025101607365,2025,101607365,1,9,0,-1,19,1,5,-1,0,4,0,0,0,0,1,9,-1,6,1,-1,-1,-1,-1,-1,-1,3,E01008349,0,1
2025101607365,2025,101607365,2,9,0,-1,4,1,6,-1,0,4,0,0,0,0,2,9,-1,6,1,54,8,-1,-1,-1,-1,6,E01008387,0,1
2025101607411,2025,101607411,1,9,0,-1,-1,-1,-1,-1,-1,0,-1,-1,-1,0,1,9,-1,6,3,-1,-1,-1,-1,-1,-1,-1,-1,0,-1
2025101607411,2025,101607411,2,9,0,-1,-1,-1,-1,-1,-1,0,-1,-1,-1,0,2,9,-1,6,1,32,6,-1,-1,-1,-1,5,E01020617,0,2
2025101607415,2025,101607415,2,1,-1,-1,-1,5,1,-1,0,0,-1,-1,-1,0,1,1,-1,9,1,11,3,-1,-1,-1,-1,-1,-1,0,-1
2025101607415,2025,101607415,1,9,-1,-1,19,5,1,-1,0,0,0,0,0,0,-1,9,-1,6,1,23,5,-1,-1,-1,-1,2,E01008282,0,2
2025101607446,2025,101607446,1,9,0,-1,19,2,6,-1,0,0,0,0,0,0,3,1,-1,1,1,-1,-1,-1,-1,-1,-1,2,E01027391,0,2
2025101607452,2025,101607452,2,9,0,-1,19,2,2,-1,0,0,0,0,0,0,3,1,-1,9,2,53,8,-1,-1,-1,-1,9,E01027507,0,3
2025101607452,2025,101607452,1,9,0,-1,9,3,1,-1,0,0,0,0,0,0,3,1,-1,9,1,50,8,-1,-1,-1,-1,2,E01008405,0,1
2025101607603,2025,101607603,2,5,0,-1,3,3,7,-1,0,0,5,0,0,0,2,1,-1,6,1,47,8,-1,-1,-1,-1,5,E01008787,0,3
2025101607603,2025,101607603,1,9,0,-1,19,3,7,-1,0,0,0,0,0,0,1,1,-1,2,2,23,5,-1,-1,-1,-1,1,E01008610,0,2
2025101607833,2025,101607833,1,9,0,-1,9,1,5,-1,0,8,0,0,0,0,1,9,-1,6,1,59,9,-1,-1,-1,-1,1,E01008773,0,3
2025101607833,2025,101607833,2,9,0,-1,19,3,1,-1,0,8,0,0,0,0,1,9,-1,6,1,-1,-1,-1,-1,-1,-1,-1,-1,0,-1
2025101607875,2025,101607875,1,9,-1,-1,14,7,3,-1,0,0,0,0,0,0,4,9,-1,6,2,-1,-1,-1,-1,-1,-1,-1,-1,0,-1
2025101608000,2025,101608000,1,8,0,-1,6,7,3,-1,0,0,0,0,0,0,1,1,-1,6,1,58,9,-1,-1,-1,-1,-1,-1,0,-1
2025101608000,2025,101608000,2,11,0,-1,19,3,7,-1,0,0,0,0,7,0,1,1,-1,1,1,66,10,-1,-1,-1,-1,-1,-1,0,-1
2025101608035,2025,101608035,2,21,1,-1,3,5,1,-1,0,8,0,0,0,0,1,1,-1,1,1,-1,-1,-1,-1,-1,-1,-1,-1,0,-1
2025101608035,2025,101608035,1,9,0,-1,5,8,3,-1,0,3,0,0,0,0,1,1,-1,2,2,38,7,-1,-1,-1,-1,9,E01008562,0,2
2025101608195,2025,101608195,1,9,0,-1,19,7,3,-1,0,8,0,0,0,0,1,1,-1,1,1,43,7,-1,-1,-1,-1,-1,-1,0,-1
2025101608316,2025,101608316,1,9,0,-1,19,3,7,-1,0,0,0,0,0,0,1,1,-1,6,1,40,7,-1,-1,-1,-1,6,E01008577,0,1
2025101608416,2025,101608416,1,8,0,-1,5,1,5,-1,2,0,0,0,0,0,3,1,-1,1,1,43,7,-1,-1,-1,-1,3,E01008656,0,2
2025101608653,2025,101608653,1,9,0,-1,4,7,3,-1,0,0,0,0,0,0,1,1,-1,6,2,69,10,-1,-1,-1,-1,-1,-1,0,-1
2025101608738,2025,101608738,1,9,0,-1,5,2,6,-1,0,0,0,0,0,0,0,1,-1,6,3,-1,-1,-1,-1,-1,-1,-1,-1,0,-1
2025101608738,2025,101608738,2,11,0,-1,19,2,6,-1,0,0,0,0,0,0,0,1,-1,1,1,24,5,-1,-1,-1,-1,3,E01008753,0,2
2025101608764,2025,101608764,1,9,0,-1,19,2,6,-1,0,0,0,0,0,0,1,1,-1,6,2,46,8,-1,-1,-1,-1,5,E01027474,0,1
2025101608791,2025,101608791,1,9,0,-1,19,8,4,-1,0,0,0,0,0,0,1,9,-1,6,3,-1,-1,-1,-1,-1,-1,-1,-1,0,-1
2025101608814,2025,101608814,2,9,0,-1,2,0,0,-1,0,1,0,0,0,0,4,1,-1,6,1,29,6,-1,-1,-1,-1,10,E01008321,0,1
2025101608814,2025,101608814,1,9,0,-1,19,7,3,-1,0,1,0,4,0,0,1,1,-1,1,2,56,9,-1,-1,-1,-1,-1,-1,0,-1
2025101608988,2025,101608988,1,9,0,-1,19,5,1,-1,0,3,0,0,0,0,4,1,-1,8,1,43,7,-1,-1,-1,-1,-1,-1,0,-1
2025101608988,2025,101608988,2,9,0,-1,19,6,2,-1,0,4,0,0,1,0,3,1,-1,9,1,70,10,-1,-1,-1,-1,10,E01008466,0,1
2025101609112,2025,101609112,1,9,0,-1,19,4,8,-1,0,0,0,0,0,0,4,1,-1,6,3,-1,-1,-1,-1,-1,-1,-1,-1,0,-1
2025101609131,2025,101609131,1,9,0,-1,19,1,5,-1,0,0,0,0,0,0,1,1,-1,6,1,36,7,-1,-1,-1,-1,4,E01008675,0,1
2025101609131,2025,101609131,2,9,0,-1,4,1,5,-1,0,0,0,0,0,0,2,1,-1,6,2,30,6,-1,-1,-1,-1,8,E01008266,0,3
2025101609334,2025,101609334,2,9,0,-1,19,3,7,-1,0,0,0,0,0,0,3,1,-1,6,2,63,9,-1,-1,-1,-1,6,E01027447,0,1
2025101609334,2025,101609334,1,5,0,-1,19,7,3,-1,0,0,1,0,0,0,3,1,-1,9,1,43,7,-1,-1,-1,-1,6,E01027447,0,2
2025101609442,2025,101609442,2,5,0,-1,5,4,2,-1,0,0,0,0,0,0,4,1,-1,9,1,45,7,-1,-1,-1,-1,10,E01008495,0,3
2025101609442,2025,101609442,1,90,0,-1,15,6,2,-1,0,0,0,0,0,0,1,9,-1,1,1,-1,-1,-1,-1,-1,-1,-1,-1,0,-1
2025101609521,2025,101609521,1,11,0,-1,4,8,4,-1,0,0,0,0,0,0,0,9,-1,1,1,-1,-1,-1,-1,-1,-1,-1,-1,0,-1
2025101609632,2025,101609632,1,9,0,-1,9,5,7,-1,0,2,0,0,0,0,3,1,-1,6,2,57,9,-1,-1,-1,-1,4,E01033718,0,1
2025101609632,2025,101609632,2,1,0,-1,19,7,3,-1,0,1,0,0,0,0,1,1,-1,9,1,35,6,-1,-1,-1,-1,5,E01027452,0,1
2025101609804,2025,101609804,1,9,0,-1,19,5,1,-1,0,8,0,0,0,0,1,1,-1,9,1,30,6,-1,-1,-1,-1,9,E01027074,0,5
2025101609804,2025,101609804,2,9,0,-1,19,7,3,-1,0,8,0,0,7,0,3,1,-1,9,1,44,7,-1,-1,-1,-1,6,E01008177,0,4
2025101609889,2025,101609889,2,9,0,-1,3,1,5,-1,0,1,0,0,0,0,2,1,-1,9,1,28,6,-1,-1,-1,-1,-1,-1,0,-1
2025101609889,2025,101609889,3,11,0,-1,3,1,5,-1,0,1,0,0,0,0,1,1,-1,1,1,28,6,-1,-1,-1,-1,7,E01008761,0,1
2025101609889,2025,101609889,1,9,0,-1,13,1,5,-1,0,1,0,0,1,0,1,1,-1,9,1,28,6,-1,-1,-1,-1,-1,-1,0,-1
2025101609918,2025,101609918,2,9,0,-1,19,1,5,-1,0,0,0,0,0,0,1,1,-1,2,2,47,8,-1,-1,-1,-1,6,E01008387,0,2
2025101609918,2025,101609918,1,9,0,-1,19,5,1,-1,0,0,0,0,0,0,1,1,-1,2,1,36,7,-1,-1,-1,-1,10,E01012299,0,4
2025101609927,2025,101609927,1,9,0,-1,5,2,4,-1,0,1,0,0,3,0,1,1,-1,1,1,-1,-1,-1,-1,-1,-1,-1,-1,0,-1
2025101610017,2025,101610017,1,19,0,-1,1,5,1,-1,0,1,0,0,0,0,2,9,-1,1,1,-1,-1,-1,-1,-1,-1,-1,-1,0,-1
2025101610017,2025,101610017,2,9,0,-1,3,5,1,-1,0,2,0,0,0,0,-1,9,-1,9,2,30,6,-1,-1,-1,-1,-1,-1,0,-1
2025101610047,2025,101610047,1,11,0,-1,5,4,6,-1,0,1,0,0,0,0,1,9,-1,1,1,37,7,-1,-1,-1,-1,2,E01027443,0,3
2025101610133,2025,101610133,2,1,0,-1,19,5,1,-1,0,8,0,0,0,0,-1,1,-1,6,1,17,4,-1,-1,-1,-1,-1,-1,0,-1
2025101610133,2025,101610133,1,9,0,-1,-1,-1,-1,-1,-1,-1,-1,-1,-1,0,-1,9,-1,6,1,53,8,-1,-1,-1,-1,7,E01008458,0,3
2025101610181,2025,101610181,2,9,0,-1,9,8,5,-1,0,8,0,0,0,0,1,1,-1,6,1,-1,-1,-1,-1,-1,-1,-1,-1,0,-1
2025101610181,2025,101610181,1,9,0,-1,5,3,7,-1,0,8,0,0,0,0,3,1,-1,6,2,34,6,-1,-1,-1,-1,4,E01033718,0,1
2025101610227,2025,101610227,1,9,0,-1,1,2,6,-1,0,0,0,0,0,0,2,1,-1,9,1,71,10,-1,-1,-1,-1,4,E01027361,0,1
2025101610350,2025,101610350,1,9,0,-1,19,3,7,-1,0,0,0,0,0,0,1,9,-1,2,1,40,7,-1,-1,-1,-1,6,E01008577,0,1
2025101611370,2025,101611370,1,2,0,-1,19,3,7,-1,0,0,0,0,1,11,1,1,-1,9,1,14,3,-1,-1,-1,-1,1,E01008482,0,1
2025101611510,2025,101611510,1,9,0,-1,19,3,7,-1,0,1,0,0,0,0,4,9,-1,9,2,47,8,-1,-1,-1,-1,-1,-1,0,-1
2025101611538,2025,101611538,2,4,0,-1,19,1,5,-1,0,8,0,0,0,0,1,1,-1,6,1,46,8,-1,-1,-1,-1,1,E01008590,0,2
2025101611538,2025,101611538,1,9,0,-1,9,3,8,-1,0,6,0,0,0,0,3,1,-1,6,1,-1,-1,-1,-1,-1,-1,-1,-1,0,-1
2025101612593,2025,101612593,3,9,0,-1,19,3,7,-1,0,8,0,0,0,0,1,2,-1,6,2,53,8,-1,-1,-1,-1,4,E01020656,0,3
2025101612593,2025,101612593,2,9,0,-1,9,7,5,-1,0,8,0,0,0,0,1,2,-1,9,2,31,6,-1,-1,-1,-1,1,E01008438,0,1
2025101612868,2025,101612868,2,1,0,-1,19,3,7,-1,0,0,0,4,0,0,1,1,-1,9,1,31,6,-1,-1,-1,-1,-1,-1,0,-1
2025101612868,2025,101612868,1,9,0,-1,4,3,7,-1,0,0,0,0,0,0,2,2,-1,9,1,58,9,-1,-1,-1,-1,-1,-1,0,-1
2025101612980,2025,101612980,1,11,0,-1,4,8,4,-1,0,8,0,0,0,0,0,1,-1,1,2,43,7,-1,-1,-1,-1,2,E01008812,0,2
2025101613591,2025,101613591,1,9,0,-1,5,7,3,-1,0,1,0,0,0,0,1,1,-1,6,1,29,6,-1,-1,-1,-1,6,E01008268,0,2
2025101613591,2025,101613591,2,3,0,-1,9,3,1,-1,0,5,0,0,1,0,3,1,-1,1,1,44,7,-1,-1,-1,-1,1,E01008303,0,1
2025101618272,2025,101618272,1,9,0,-1,19,5,1,-1,0,0,0,0,0,0,4,1,-1,6,1,40,7,-1,-1,-1,-1,1,E01008297,0,1
2025101618788,2025,101618788,2,9,0,-1,19,5,1,-1,0,0,0,0,0,0,3,1,-1,6,2,55,8,-1,-1,-1,-1,2,E01008173,0,1
2025101618788,2025,101618788,1,9,0,-1,11,5,1,-1,0,0,0,0,0,0,4,1,-1,6,2,33,6,-1,-1,-1,-1,3,E01008718,0,3
2025101623132,2025,101623132,1,9,0,-1,19,5,1,-1,0,0,5,0,0,0,1,1,-1,6,1,21,5,-1,-1,-1,-1,9,E01007602,0,5
2025101630254,2025,101630254,1,23,0,-1,19,2,6,-1,0,1,0,0,0,0,1,1,-1,6,1,29,6,-1,-1,-1,-1,1,E01008733,0,1
2025101630254,2025,101630254,2,9,0,-1,9,6,4,-1,0,1,0,0,0,0,1,1,-1,6,1,27,6,-1,-1,-1,-1,2,E01008810,0,1
2025101632606,2025,101632606,2,9,0,-1,19,1,5,-1,0,0,0,0,0,0,1,1,-1,9,2,62,9,-1,-1,-1,-1,2,E01020596,0,3
2025101632606,2025,101632606,1,5,0,-1,19,5,1,-1,0,0,1,0,8,0,1,1,-1,9,1,32,6,-1,-1,-1,-1,4,E01008356,0,1
2025101641392,2025,101641392,2,9,0,-1,19,3,7,-1,0,0,0,0,0,0,0,1,-1,9,1,22,5,-1,-1,-1,-1,-1,-1,0,-1
2025101641392,2025,101641392,1,9,0,-1,13,7,3,-1,0,0,5,0,1,0,1,1,-1,9,1,18,4,-1,-1,-1,-1,1,E01027539,0,2
2025101641764,2025,101641764,1,9,0,-1,13,3,7,-1,0,0,0,0,0,0,4,1,-1,6,2,31,6,-1,-1,-1,-1,2,E01027528,0,1
2025101641764,2025,101641764,2,23,0,-1,19,7,3,-1,0,0,0,0,0,0,3,1,-1,6,1,52,8,-1,-1,-1,-1,2,E01027528,0,1
2025101645788,2025,101645788,1,5,0,-1,19,7,3,-1,0,0,2,0,8,11,1,1,-1,9,1,62,9,-1,-1,-1,-1,3,E01008226,0,4
2025111536895,2025,111536895,1,9,0,-1,19,6,2,-1,0,0,0,0,0,0,1,1,-1,6,1,49,8,-1,-1,-1,-1,8,E01007899,0,5
2025111536895,2025,111536895,3,9,0,-1,3,5,2,-1,0,0,0,0,0,0,2,1,-1,9,2,40,7,-1,-1,-1,-1,4,-1,0,5
2025111536895,2025,111536895,2,9,0,-1,3,5,2,-1,0,0,0,10,4,6,2,1,-1,6,1,35,6,-1,-1,-1,-1,9,E01008368,0,4
2025111537071,2025,111537071,1,9,0,-1,19,7,3,-1,0,0,2,0,0,0,1,1,-1,9,2,18,4,-1,-1,-1,-1,2,E01020744,0,1
2025111537169,2025,111537169,1,9,0,-1,19,7,3,-1,0,1,0,0,0,0,1,1,-1,6,3,30,6,-1,-1,-1,-1,-1,-1,0,-1
2025111537169,2025,111537169,2,9,0,-1,9,7,5,-1,0,1,0,0,0,0,2,1,-1,9,2,32,6,-1,-1,-1,-1,3,E01020876,0,3
2025111537703,2025,111537703,2,9,0,-1,19,1,5,-1,0,0,0,0,1,0,3,1,-1,1,1,67,10,-1,-1,-1,-1,3,E01020722,0,1
2025111537703,2025,111537703,1,9,0,-1,19,5,1,-1,0,0,0,0,7,0,1,1,-1,9,1,74,10,-1,-1,-1,-1,3,E01020699,0,1
2025111538156,2025,111538156,2,1,0,-1,19,8,5,-1,0,4,5,0,0,0,1,1,-1,6,3,30,6,-1,-1,-1,-1,-1,-1,0,-1
2025111538156,2025,111538156,1,9,0,-1,9,5,1,-1,0,4,0,0,0,0,3,1,-1,9,2,37,7,-1,-1,-1,-1,9,E01020600,0,1
2025111538420,2025,111538420,1,9,0,-1,4,1,2,-1,0,0,1,0,0,0,3,1,-1,2,1,55,8,-1,-1,-1,-1,1,E01020907,0,1
2025111539203,2025,111539203,1,9,0,-1,7,1,3,-1,0,0,0,0,0,0,1,1,-1,6,1,59,9,-1,-1,-1,-1,3,E01020808,0,1
2025111539203,2025,111539203,2,9,0,-1,19,3,7,-1,0,0,0,0,1,0,1,1,-1,6,2,54,8,-1,-1,-1,-1,3,E01034509,0,3
2025111539329,2025,111539329,2,9,0,-1,2,0,0,-1,0,0,0,0,0,0,3,1,-1,6,3,-1,-1,-1,-1,-1,-1,-1,-1,0,-1
2025111539329,2025,111539329,1,9,0,-1,19,4,8,-1,0,0,0,0,0,0,4,1,-1,6,1,31,6,-1,-1,-1,-1,6,E01020714,0,1
2025111540673,2025,111540673,1,9,0,-1,19,8,4,-1,0,0,1,0,1,2,1,1,-1,6,1,27,6,-1,-1,-1,-1,1,E01011955,0,2
2025111540768,2025,111540768,1,9,0,-1,19,5,1,-1,0,0,0,0,0,0,1,1,-1,6,3,30,6,-1,-1,-1,-1,-1,-1,0,-1
2025111540768,2025,111540768,2,19,0,-1,5,5,1,-1,0,0,0,0,0,0,2,1,-1,1,1,52,8,-1,-1,-1,-1,1,E01012088,0,4
2025111540794,2025,111540794,1,9,0,-1,4,5,1,-1,0,0,2,0,7,0,1,1,-1,6,1,50,8,-1,-1,-1,-1,3,E01035624,0,1
2025111541168,2025,111541168,2,21,1,-1,19,6,2,-1,0,0,3,0,1,0,1,1,-1,1,1,43,7,-1,-1,-1,-1,5,E01019613,0,5
2025111541168,2025,111541168,1,9,0,-1,19,2,6,-1,0,0,0,0,1,0,1,1,-1,6,1,29,6,-1,-1,-1,-1,2,E01020860,0,1
2025111541212,2025,111541212,2,9,0,-1,7,2,5,-1,0,1,0,0,0,0,2,1,-1,6,2,46,8,-1,-1,-1,-1,10,E01012347,0,1
2025111541212,2025,111541212,1,9,0,-1,7,2,5,-1,0,1,0,0,0,0,1,1,-1,6,2,28,6,-1,-1,-1,-1,2,E01012350,0,1
2025111541242,2025,111541242,1,9,0,-1,19,8,3,-1,0,0,1,0,0,0,4,1,-1,9,2,51,8,-1,-1,-1,-1,8,E01020854,0,1
2025111541261,2025,111541261,1,9,0,-1,11,2,5,-1,0,3,0,0,0,0,1,1,-1,6,3,30,6,-1,-1,-1,-1,-1,-1,0,-1
2025111541261,2025,111541261,2,9,0,-1,19,2,5,-1,0,3,0,0,0,0,2,1,-1,9,1,35,6,-1,-1,-1,-1,4,E01008875,0,1
2025111541277,2025,111541277,1,9,0,-1,19,4,8,-1,0,0,0,0,0,0,1,1,-1,6,1,40,7,-1,-1,-1,-1,-1,-1,0,-1
2025111541277,2025,111541277,2,9,0,-1,4,4,8,-1,0,0,0,0,0,0,2,1,-1,2,1,43,7,-1,-1,-1,-1,3,E01012340,0,1
2025111541494,2025,111541494,1,9,0,-1,14,1,5,-1,0,0,0,0,0,0,1,1,-1,9,1,36,7,-1,-1,-1,-1,1,E01020775,0,1
2025111541623,2025,111541623,1,98,0,-1,9,1,5,-1,0,1,0,0,0,0,1,1,-1,2,1,44,7,-1,-1,-1,-1,2,E01020869,0,3
2025111541623,2025,111541623,2,1,0,-1,19,5,1,-1,0,1,0,0,1,0,3,1,-1,9,1,58,9,-1,-1,-1,-1,9,E01020813,0,1
2025111541700,2025,111541700,3,9,0,-1,19,1,5,-1,0,0,0,0,0,0,1,1,-1,9,1,38,7,-1,-1,-1,-1,10,E01033551,0,4
2025111541700,2025,111541700,2,19,0,-1,19,1,5,-1,0,0,0,0,0,0,2,1,-1,9,1,31,6,-1,-1,-1,-1,1,E01027363,0,4
2025111541700,2025,111541700,1,9,0,-1,19,1,5,-1,0,0,0,0,0,0,1,1,-1,6,2,40,7,-1,-1,-1,-1,4,E01008835,0,4
2025111542442,2025,111542442,1,9,0,-1,7,5,7,-1,0,0,0,0,0,0,1,1,-1,6,1,25,5,-1,-1,-1,-1,8,E01034966,0,4
2025111542442,2025,111542442,2,9,0,-1,8,5,7,-1,0,0,0,0,0,0,2,1,-1,9,2,35,6,-1,-1,-1,-1,3,E01027612,0,3
2025111542652,2025,111542652,1,8,0,-1,19,8,5,-1,0,0,0,0,0,0,1,1,-1,1,1,24,5,-1,-1,-1,-1,2,E01008719,0,3
2025111542989,2025,111542989,1,9,0,-1,19,2,5,-1,0,2,0,0,0,0,1,1,-1,6,2,30,6,-1,-1,-1,-1,-1,-1,0,-1
2025111543035,2025,111543035,1,19,0,-1,19,1,4,-1,0,4,0,0,0,0,1,1,-1,1,1,36,7,-1,-1,-1,-1,3,E01034503,0,3
2025111543035,2025,111543035,2,9,0,-1,3,1,4,-1,0,4,0,0,0,0,2,1,-1,9,2,50,8,-1,-1,-1,-1,7,E01020862,0,2
2025111543063,2025,111543063,1,9,0,-1,19,8,4,-1,0,0,0,0,0,0,3,9,-1,6,1,27,6,-1,-1,-1,-1,8,E01020851,0,1
2025111543795,2025,111543795,1,9,0,-1,1,8,4,-1,0,0,0,0,0,0,2,1,-1,6,2,30,6,-1,-1,-1,-1,-1,-1,0,-1
2025111543800,2025,111543800,2,9,0,-1,19,3,7,-1,0,0,0,0,0,0,2,1,-1,9,1,22,5,-1,-1,-1,-1,2,E01020878,0,1
2025111543800,2025,111543800,1,9,0,-1,19,3,7,-1,0,0,0,0,0,0,1,1,-1,6,1,18,4,-1,-1,-1,-1,6,E01020888,0,2
2025111543800,2025,111543800,3,9,0,-1,19,3,7,-1,0,0,0,0,0,0,-1,1,-1,6,3,30,6,-1,-1,-1,-1,-1,-1,0,-1
2025111543932,2025,111543932,1,9,0,-1,19,3,7,-1,0,0,1,0,0,0,3,1,-1,6,1,44,7,-1,-1,-1,-1,2,E01020599,0,1
2025111543932,2025,111543932,2,19,0,-1,19,7,3,-1,0,0,0,0,0,0,3,1,-1,6,1,47,8,-1,-1,-1,-1,4,E01020620,0,1
2025111544071,2025,111544071,1,9,0,-1,19,3,7,-1,0,3,0,0,0,0,1,1,-1,6,2,25,5,-1,-1,-1,-1,1,E01012314,0,1
2025111544071,2025,111544071,2,1,0,-1,19,1,5,-1,0,4,0,0,0,0,1,1,-1,6,1,48,8,-1,-1,-1,-1,4,E01012311,0,1
2025111544346,2025,111544346,1,9,0,-1,9,4,2,-1,0,0,0,0,0,0,1,1,-1,6,1,24,5,-1,-1,-1,-1,3,E01012117,0,4
2025111544346,2025,111544346,2,97,0,-1,19,8,4,-1,0,0,0,0,0,0,3,1,-1,6,1,18,4,-1,-1,-1,-1,6,E01035183,0,1
2025111544385,2025,111544385,2,9,0,-1,3,8,4,-1,0,1,0,0,0,0,2,1,-1,6,2,18,4,-1,-1,-1,-1,3,E01020674,0,2
2025111544385,2025,111544385,1,9,0,-1,19,8,4,-1,0,1,0,0,0,0,1,1,-1,6,1,30,6,-1,-1,-1,-1,-1,-1,0,-1
2025111544762,2025,111544762,2,9,0,-1,10,7,6,-1,0,1,0,0,0,0,2,1,-1,6,1,37,7,-1,-1,-1,-1,2,E01012274,0,3
2025111544762,2025,111544762,1,98,4,-1,19,7,3,-1,0,1,0,0,0,0,1,1,-1,6,1,30,6,-1,-1,-1,-1,-1,-1,0,-1
2025111545626,2025,111545626,2,9,0,-1,10,3,8,-1,0,1,0,0,0,0,2,9,-1,6,2,31,6,-1,-1,-1,-1,4,E01008172,0,1
2025111545626,2025,111545626,1,9,0,-1,19,3,7,-1,0,1,0,0,0,0,1,9,-1,6,1,19,4,-1,-1,-1,-1,-1,-1,0,-1
2025111545860,2025,111545860,2,9,0,-1,3,5,1,-1,0,0,0,0,0,0,2,1,-1,2,2,31,6,-1,-1,-1,-1,3,E01020669,0,2
2025111545860,2025,111545860,1,17,0,-1,19,5,1,-1,0,0,0,4,0,0,1,1,-1,9,2,68,10,-1,-1,-1,-1,5,E01020665,0,1
2025111546263,2025,111546263,1,9,0,-1,13,1,5,-1,0,0,0,0,1,0,1,1,-1,6,1,19,4,-1,-1,-1,-1,-1,-1,0,-1