collision_index,collision_year,collision_ref_no,vehicle_reference,vehicle_type,towing_and_articulation,vehicle_manoeuvre_historic,vehicle_manoeuvre,vehicle_direction_from,vehicle_direction_to,vehicle_location_restricted_lane_historic,vehicle_location_restricted_lane,junction_location,skidding_and_overturning,hit_object_in_carriageway,vehicle_leaving_carriageway,hit_object_off_carriageway,first_point_of_impact,vehicle_left_hand_drive,journey_purpose_of_driver_historic,journey_purpose_of_driver,sex_of_driver,age_of_driver,age_band_of_driver,engine_capacity_cc,propulsion_code,age_of_vehicle,generic_make_model,driver_imd_decile,lsoa_of_driver,escooter_flag,driver_distance_banding
2025111570173,2025,111570173,2,9,0,-1,19,1,5,-1,0,0,1,0,0,0,4,1,-1,9,1,20,4,-1,-1,-1,-1,1,E01020745,0,1
2025111570833,2025,111570833,1,19,0,-1,11,3,7,-1,0,2,0,0,0,0,3,1,-1,1,1,40,7,-1,-1,-1,-1,2,E01020877,0,3
2025111571527,2025,111571527,2,9,0,-1,19,4,8,-1,0,3,0,0,0,0,4,1,-1,9,2,22,5,-1,-1,-1,-1,9,E01020610,0,1
2025111571527,2025,111571527,1,9,0,-1,9,4,1,-1,0,3,0,0,0,0,3,1,-1,6,1,30,6,-1,-1,-1,-1,-1,-1,0,-1
2025111571661,2025,111571661,2,9,0,-1,2,0,0,-1,0,0,0,0,0,0,3,1,-1,9,2,30,6,-1,-1,-1,-1,7,E01020859,0,2
2025111571661,2025,111571661,1,9,0,-1,19,4,8,-1,0,0,0,0,0,0,1,9,-1,6,2,62,9,-1,-1,-1,-1,1,E01020844,0,1
2025111572168,2025,111572168,2,21,1,-1,19,5,1,-1,0,0,0,0,0,0,3,1,-1,1,1,56,9,-1,-1,-1,-1,5,E01014335,0,5
2025111572168,2025,111572168,1,19,0,-1,19,1,5,-1,0,0,0,0,1,0,1,1,-1,1,1,38,7,-1,-1,-1,-1,-1,-1,0,-1
2025111572868,2025,111572868,2,9,0,-1,4,6,2,-1,0,0,0,0,0,0,2,1,-1,2,1,48,8,-1,-1,-1,-1,6,E01020821,0,1
2025111572868,2025,111572868,1,9,0,-1,4,6,2,-1,0,0,1,0,0,0,1,1,-1,6,1,33,6,-1,-1,-1,-1,2,E01020877,0,2
2025111573000,2025,111573000,1,9,0,-1,19,6,2,-1,0,0,5,0,0,0,3,1,-1,6,2,47,8,-1,-1,-1,-1,5,E01020676,0,1
2025111573000,2025,111573000,2,9,0,-1,4,2,6,-1,0,0,0,0,0,0,3,1,-1,9,1,29,6,-1,-1,-1,-1,4,E01020812,0,4
2025111573011,2025,111573011,1,9,0,-1,19,6,2,-1,0,0,0,0,0,0,1,1,-1,9,2,30,6,-1,-1,-1,-1,2,E01012305,0,1
2025111573513,2025,111573513,1,9,0,-1,1,5,7,-1,0,6,0,0,0,0,4,1,-1,6,2,33,6,-1,-1,-1,-1,2,E01020645,0,1
2025111573701,2025,111573701,1,9,0,-1,-1,-1,-1,-1,-1,0,-1,-1,-1,0,-1,9,-1,6,3,30,6,-1,-1,-1,-1,-1,-1,0,-1
2025111573701,2025,111573701,2,9,0,-1,2,0,0,-1,0,0,0,0,0,0,3,1,-1,9,1,43,7,-1,-1,-1,-1,7,E01020703,0,1
2025111573948,2025,111573948,1,5,0,-1,19,1,5,-1,0,0,1,0,0,0,3,1,-1,9,1,63,9,-1,-1,-1,-1,3,E01020699,0,2
2025111574309,2025,111574309,1,9,0,-1,9,1,6,-1,0,6,0,0,0,0,3,1,-1,9,1,61,9,-1,-1,-1,-1,-1,-1,0,-1
2025111574309,2025,111574309,2,5,0,-1,19,6,2,-1,0,1,2,0,0,0,1,1,-1,9,1,41,7,-1,-1,-1,-1,-1,-1,0,-1
2025111574448,2025,111574448,1,5,0,-1,13,3,7,-1,0,1,2,0,7,0,1,1,-1,9,1,72,10,-1,-1,-1,-1,-1,-1,0,-1
2025111574448,2025,111574448,2,9,0,-1,9,3,1,-1,0,1,0,0,0,0,4,1,-1,9,1,35,6,-1,-1,-1,-1,2,E01020606,0,4
2025111574496,2025,111574496,1,9,0,-1,19,5,8,-1,0,4,0,0,0,0,1,1,-1,2,1,20,4,-1,-1,-1,-1,3,E01020621,0,1
2025111574496,2025,111574496,2,1,0,-1,19,2,6,-1,0,8,0,0,0,0,4,1,-1,6,1,77,11,-1,-1,-1,-1,7,E01020709,0,1
2025111574664,2025,111574664,2,19,0,-1,2,0,0,-1,0,0,0,0,0,0,3,1,-1,6,3,30,6,-1,-1,-1,-1,-1,-1,0,-1
2025111574664,2025,111574664,1,3,0,-1,19,4,8,-1,0,0,0,0,0,0,4,1,-1,7,1,22,5,-1,-1,-1,-1,2,E01020874,0,1
2025111574799,2025,111574799,1,99,0,-1,19,3,7,-1,0,0,0,0,0,0,1,9,-1,6,3,30,6,-1,-1,-1,-1,-1,-1,0,-1
2025111574854,2025,111574854,1,19,4,-1,19,1,5,-1,0,0,0,0,0,0,0,9,-1,6,3,30,6,-1,-1,-1,-1,-1,-1,0,-1
2025111575087,2025,111575087,2,1,0,-1,19,5,1,-1,0,1,0,0,0,0,3,1,-1,9,1,67,10,-1,-1,-1,-1,4,E01020607,0,1
2025111575087,2025,111575087,1,9,0,-1,19,3,7,-1,0,1,0,0,0,0,1,1,-1,9,1,20,4,-1,-1,-1,-1,-1,-1,0,-1
2025111575167,2025,111575167,2,1,0,-1,19,2,6,-1,0,2,0,0,0,0,2,1,-1,6,1,53,8,-1,-1,-1,-1,7,E01012345,0,1
2025111575167,2025,111575167,1,9,0,-1,19,2,6,-1,0,2,0,0,0,0,1,1,-1,6,2,89,11,-1,-1,-1,-1,7,E01012345,0,1
2025111575167,2025,111575167,3,1,0,-1,19,2,6,-1,0,2,0,0,0,0,2,1,-1,6,1,12,3,-1,-1,-1,-1,7,E01012345,0,1
2025111575192,2025,111575192,2,9,0,-1,19,3,8,-1,0,1,0,0,0,0,1,1,-1,9,2,41,7,-1,-1,-1,-1,2,E01020768,0,1
2025111575192,2025,111575192,1,9,0,-1,9,2,8,-1,0,6,0,0,0,0,4,1,-1,6,1,30,6,-1,-1,-1,-1,-1,-1,0,-1
2025111575202,2025,111575202,1,9,0,-1,19,7,3,-1,0,1,0,0,0,0,1,1,-1,6,1,42,7,-1,-1,-1,-1,4,E01012319,0,1
2025111575217,2025,111575217,1,9,0,-1,19,3,7,-1,0,1,0,0,0,0,1,1,-1,6,1,65,9,-1,-1,-1,-1,2,E01012350,0,1
2025111575217,2025,111575217,2,19,0,-1,4,3,7,-1,0,1,0,0,0,0,2,1,-1,6,1,57,9,-1,-1,-1,-1,1,E01012354,0,1
2025111575783,2025,111575783,1,19,0,-1,11,2,6,-1,0,0,0,0,0,0,3,1,-1,6,1,49,8,-1,-1,-1,-1,-1,-1,0,-1
2025111575783,2025,111575783,2,19,0,-1,4,2,6,-1,0,0,0,0,0,0,1,1,-1,1,1,39,7,-1,-1,-1,-1,9,E01020610,0,4
2025111575887,2025,111575887,1,9,0,-1,6,3,7,-1,0,0,0,0,0,0,4,1,-1,9,1,33,6,-1,-1,-1,-1,2,E01020647,0,1
2025111575887,2025,111575887,2,3,0,-1,19,3,7,-1,0,0,0,0,0,0,1,1,-1,6,1,20,4,-1,-1,-1,-1,2,E01020648,0,1
2025111576524,2025,111576524,2,9,0,-1,3,1,5,-1,0,0,0,0,0,0,2,1,-1,9,1,76,11,-1,-1,-1,-1,1,E01020880,0,4
2025111576524,2025,111576524,1,9,0,-1,19,1,5,-1,0,0,0,4,0,0,1,1,-1,2,1,39,7,-1,-1,-1,-1,2,E01020820,0,3
2025111576524,2025,111576524,3,9,0,-1,3,1,5,-1,0,0,0,0,0,0,4,1,-1,9,1,32,6,-1,-1,-1,-1,5,E01020695,0,3
2025111576993,2025,111576993,1,9,0,-1,1,7,3,-1,0,0,0,0,0,0,2,1,-1,9,1,21,5,-1,-1,-1,-1,1,E01020724,0,1
2025111577025,2025,111577025,2,9,0,-1,7,8,1,-1,0,5,0,0,0,0,3,1,-1,1,1,27,6,-1,-1,-1,-1,3,E01020799,0,1
2025111577025,2025,111577025,1,97,0,-1,19,4,8,-1,9,2,0,11,0,0,1,1,-1,6,1,45,7,-1,-1,-1,-1,2,E01034501,0,1
2025111577308,2025,111577308,1,5,0,-1,19,7,3,-1,0,0,5,0,0,0,1,1,-1,6,1,37,7,-1,-1,-1,-1,-1,-1,0,-1
2025111577308,2025,111577308,4,9,0,-1,19,3,7,-1,0,0,0,0,0,0,1,1,-1,6,2,51,8,-1,-1,-1,-1,-1,-1,0,-1
2025111577308,2025,111577308,3,97,0,-1,19,7,3,-1,0,0,0,0,0,0,1,1,-1,6,1,44,7,-1,-1,-1,-1,-1,-1,0,-1
2025111577308,2025,111577308,2,9,0,-1,19,3,7,-1,0,0,0,0,0,0,1,1,-1,6,1,44,7,-1,-1,-1,-1,-1,-1,0,-1
2025111577330,2025,111577330,1,9,0,-1,13,6,8,-1,0,0,0,0,7,0,1,1,-1,9,2,34,6,-1,-1,-1,-1,3,E01011718,0,5
2025111577353,2025,111577353,2,9,0,-1,4,5,1,-1,0,1,0,0,0,0,0,1,-1,9,2,50,8,-1,-1,-1,-1,5,E01020695,0,1
2025111577353,2025,111577353,1,9,0,-1,19,5,1,-1,0,1,0,0,0,0,1,1,-1,9,2,34,6,-1,-1,-1,-1,3,E01020789,0,2
2025111577507,2025,111577507,1,9,0,-1,19,1,5,-1,0,0,1,0,7,1,1,1,-1,1,2,45,7,-1,-1,-1,-1,2,E01020770,0,1
2025111578082,2025,111578082,1,9,0,-1,9,2,1,-1,0,8,0,0,0,0,3,1,-1,6,2,30,6,-1,-1,-1,-1,-1,-1,0,-1
2025111578082,2025,111578082,2,1,0,-1,19,6,2,-1,0,1,0,0,0,0,3,1,-1,9,1,39,7,-1,-1,-1,-1,3,E01034503,0,1
2025111578112,2025,111578112,2,9,0,-1,19,2,6,-1,0,8,0,0,0,0,3,1,-1,6,2,35,6,-1,-1,-1,-1,1,E01020762,0,1
2025111578112,2025,111578112,1,19,0,-1,19,8,4,-1,0,8,1,0,0,0,1,1,-1,6,1,30,6,-1,-1,-1,-1,-1,-1,0,-1
2025111578129,2025,111578129,2,1,0,-1,19,8,4,-1,0,1,0,0,0,0,3,1,-1,6,1,69,10,-1,-1,-1,-1,8,E01008868,0,2
2025111578129,2025,111578129,1,8,0,-1,7,8,2,-1,0,1,0,0,0,0,4,1,-1,6,1,40,7,-1,-1,-1,-1,-1,-1,0,-1
2025111578150,2025,111578150,2,9,0,-1,3,6,2,-1,0,0,0,0,0,0,2,1,-1,6,1,33,6,-1,-1,-1,-1,8,E01020750,0,1
2025111578150,2025,111578150,1,9,0,-1,19,6,2,-1,0,0,0,0,0,0,1,1,-1,6,3,30,6,-1,-1,-1,-1,-1,-1,0,-1
2025111578516,2025,111578516,1,9,0,-1,19,2,6,-1,0,0,0,0,0,0,1,1,-1,6,2,30,6,-1,-1,-1,-1,-1,-1,0,-1
2025111578516,2025,111578516,2,9,0,-1,8,2,4,-1,0,0,0,0,0,0,2,1,-1,6,1,20,4,-1,-1,-1,-1,2,E01020675,0,1
2025111578592,2025,111578592,2,1,0,-1,19,3,7,-1,4,8,0,0,0,0,4,1,-1,6,1,13,3,-1,-1,-1,-1,10,E01012315,0,1
2025111578592,2025,111578592,1,9,0,-1,19,5,1,-1,0,8,0,0,0,0,1,1,-1,6,1,77,11,-1,-1,-1,-1,-1,-1,0,-1
2025111578615,2025,111578615,2,9,0,-1,19,8,4,-1,0,1,0,0,0,0,3,1,-1,6,2,50,8,-1,-1,-1,-1,7,E01020637,0,1
2025111578615,2025,111578615,1,9,0,-1,19,6,2,-1,0,1,0,0,7,0,1,1,-1,6,1,58,9,-1,-1,-1,-1,1,E01008425,0,4
2025111578921,2025,111578921,2,9,0,-1,19,8,6,-1,0,8,0,0,0,0,1,1,-1,6,1,67,10,-1,-1,-1,-1,5,E01012323,0,1
2025111578921,2025,111578921,1,3,0,-1,19,6,8,-1,0,1,0,0,0,0,4,1,-1,1,1,38,7,-1,-1,-1,-1,2,E01012362,0,1
2025111578976,2025,111578976,2,9,0,-1,19,3,7,-1,0,1,0,0,0,0,4,1,-1,6,1,40,7,-1,-1,-1,-1,3,E01008763,0,3
2025111578976,2025,111578976,1,9,0,-1,19,1,5,-1,0,8,0,0,0,0,1,1,-1,6,2,38,7,-1,-1,-1,-1,2,E01020599,0,1
2025111578998,2025,111578998,1,9,0,-1,19,5,1,-1,0,0,0,0,0,0,1,9,-1,6,3,30,6,-1,-1,-1,-1,-1,-1,0,-1
2025111579616,2025,111579616,1,9,0,-1,19,5,1,-1,0,1,0,0,0,0,1,1,-1,9,1,18,4,-1,-1,-1,-1,6,E01020654,0,1
2025111579616,2025,111579616,3,9,0,-1,9,5,3,-1,0,1,0,0,0,0,0,1,-1,9,1,55,8,-1,-1,-1,-1,3,E01020653,0,1
2025111579616,2025,111579616,2,9,0,-1,4,5,1,-1,0,1,0,0,0,0,1,1,-1,9,1,43,7,-1,-1,-1,-1,2,E01020670,0,1
2025111580043,2025,111580043,2,4,0,-1,19,7,3,-1,0,1,0,0,0,0,3,1,-1,9,1,26,6,-1,-1,-1,-1,5,E01020864,0,4
2025111580043,2025,111580043,1,9,0,-1,5,1,3,-1,0,6,0,0,0,0,4,1,-1,9,2,56,9,-1,-1,-1,-1,6,E01012338,0,1
2025111580345,2025,111580345,2,9,0,-1,19,2,6,-1,0,0,0,0,0,0,1,1,-1,9,1,33,6,-1,-1,-1,-1,2,E01020694,0,1
2025111580345,2025,111580345,1,9,0,-1,19,6,2,-1,0,0,0,0,7,4,1,1,-1,6,1,32,6,-1,-1,-1,-1,-1,-1,0,-1
2025111580386,2025,111580386,2,9,0,-1,19,1,5,-1,0,1,2,0,1,0,3,1,-1,2,2,34,6,-1,-1,-1,-1,4,E01020900,0,1
2025111580386,2025,111580386,1,9,0,-1,5,7,3,-1,0,6,0,0,1,0,1,1,-1,2,1,33,6,-1,-1,-1,-1,2,E01020877,0,2
2025111580406,2025,111580406,1,9,0,-1,4,5,4,-1,0,1,0,0,0,0,1,1,-1,6,3,30,6,-1,-1,-1,-1,-1,-1,0,-1
2025111580406,2025,111580406,2,9,0,-1,8,5,4,-1,0,2,0,0,0,0,2,1,-1,9,2,28,6,-1,-1,-1,-1,3,E01020699,0,2
2025111580918,2025,111580918,1,9,0,-1,7,8,2,-1,0,1,0,0,0,0,1,1,-1,6,1,30,6,-1,-1,-1,-1,-1,-1,0,-1
2025111580918,2025,111580918,2,9,0,-1,8,8,2,-1,0,1,0,0,0,0,2,1,-1,9,1,37,7,-1,-1,-1,-1,4,E01020899,0,2
2025111581438,2025,111581438,2,9,0,-1,10,5,3,-1,0,1,0,0,0,0,2,1,-1,9,2,40,7,-1,-1,-1,-1,3,E01020649,0,1
2025111581438,2025,111581438,1,9,0,-1,19,5,1,-1,0,1,0,0,0,0,1,1,-1,6,2,30,6,-1,-1,-1,-1,-1,-1,0,-1
2025111581464,2025,111581464,2,9,0,-1,19,7,3,-1,0,0,0,0,0,0,1,1,-1,9,2,55,8,-1,-1,-1,-1,2,E01034506,0,2
2025111581464,2025,111581464,1,9,0,-1,19,3,7,-1,0,0,0,0,0,0,1,1,-1,9,1,30,6,-1,-1,-1,-1,1,E01020907,0,1
2025111581497,2025,111581497,2,9,0,-1,4,3,7,-1,0,1,0,0,0,0,2,1,-1,2,2,52,8,-1,-1,-1,-1,4,E01008624,0,3
2025111581497,2025,111581497,1,9,0,-1,19,3,7,-1,0,1,0,0,0,0,1,1,-1,6,1,46,8,-1,-1,-1,-1,-1,-1,0,-1
2025111581642,2025,111581642,1,11,0,-1,5,0,3,-1,0,0,0,0,0,0,4,1,-1,1,1,36,7,-1,-1,-1,-1,2,E01020845,0,3
2025111581664,2025,111581664,1,9,0,-1,19,1,5,-1,0,1,0,0,0,0,1,1,-1,9,1,31,6,-1,-1,-1,-1,3,E01020811,0,1
2025111581664,2025,111581664,3,11,0,-1,19,5,1,-1,0,1,0,0,1,4,1,1,-1,1,2,60,9,-1,-1,-1,-1,2,E01020838,0,3
2025111581664,2025,111581664,2,9,0,-1,9,1,7,-1,0,1,0,0,0,0,2,1,-1,9,1,29,6,-1,-1,-1,-1,3,E01020811,0,1
2025111582139,2025,111582139,1,9,0,-1,19,1,5,-1,0,0,1,0,7,11,1,1,-1,6,1,25,5,-1,-1,-1,-1,2,E01020892,0,1
2025111582164,2025,111582164,1,1,0,-1,19,3,7,-1,9,0,0,0,0,0,0,1,-1,6,1,58,9,-1,-1,-1,-1,5,E01020740,0,1
2025111582824,2025,111582824,3,9,0,-1,3,3,7,-1,0,0,0,0,0,0,0,1,-1,6,1,37,7,-1,-1,-1,-1,6,E01008802,0,3
2025111582824,2025,111582824,1,9,0,-1,19,3,7,-1,0,0,0,0,0,0,2,1,-1,6,1,27,6,-1,-1,-1,-1,3,E01020789,0,1
2025111582824,2025,111582824,2,9,0,-1,19,3,7,-1,0,0,0,0,0,0,1,1,-1,6,1,59,9,-1,-1,-1,-1,5,E01033161,0,2
2025111583031,2025,111583031,1,9,0,-1,19,5,1,-1,0,8,0,0,0,0,1,1,-1,6,1,63,9,-1,-1,-1,-1,3,E01034503,0,2
2025111583031,2025,111583031,2,9,0,-1,19,7,3,-1,0,8,0,0,0,0,3,1,-1,9,1,75,10,-1,-1,-1,-1,5,E01020848,0,2
2025111583187,2025,111583187,2,19,0,-1,19,5,1,-1,0,0,0,0,0,0,2,1,-1,1,1,62,9,-1,-1,-1,-1,-1,-1,0,-1
2025111583187,2025,111583187,1,9,0,-1,19,5,1,-1,0,0,0,0,0,0,1,1,-1,6,2,76,11,-1,-1,-1,-1,-1,-1,0,-1
2025111583196,2025,111583196,2,9,0,-1,5,2,6,-1,0,0,0,0,0,0,2,1,-1,9,1,35,6,-1,-1,-1,-1,9,E01020664,0,2
2025111583196,2025,111583196,1,9,0,-1,19,2,6,-1,0,0,0,0,0,0,1,1,-1,6,3,30,6,-1,-1,-1,-1,-1,-1,0,-1
2025111583210,2025,111583210,1,9,0,-1,19,1,5,-1,0,0,0,0,0,0,1,1,-1,6,1,61,9,-1,-1,-1,-1,3,E01008833,0,3
2025111583221,2025,111583221,2,1,0,-1,19,5,1,-1,0,1,0,0,0,0,3,1,-1,9,1,43,7,-1,-1,-1,-1,5,E01008741,0,1
2025111583221,2025,111583221,1,9,0,-1,10,1,5,-1,0,1,0,0,0,0,1,1,-1,9,1,73,10,-1,-1,-1,-1,10,E01033163,0,1
2025111583687,2025,111583687,2,9,0,-1,19,8,4,-1,0,8,0,0,3,0,1,1,-1,6,2,33,6,-1,-1,-1,-1,3,E01035624,0,1
2025111583687,2025,111583687,1,9,0,-1,5,5,2,-1,0,1,0,0,0,0,1,1,-1,6,1,36,7,-1,-1,-1,-1,2,E01008840,0,4
2025111584231,2025,111584231,1,5,0,-1,12,2,8,-1,0,8,0,0,1,0,4,1,-1,6,1,48,8,-1,-1,-1,-1,4,E01020818,0,2
2025111584231,2025,111584231,2,19,0,-1,9,2,8,-1,0,8,0,0,0,0,0,1,-1,6,3,30,6,-1,-1,-1,-1,-1,-1,0,-1
2025111584266,2025,111584266,1,9,0,-1,19,6,2,-1,0,0,0,0,0,0,1,1,-1,9,2,41,7,-1,-1,-1,-1,4,E01020818,0,1
2025111584309,2025,111584309,1,9,0,-1,9,7,5,-1,0,8,0,0,0,0,3,1,-1,9,1,19,4,-1,-1,-1,-1,2,E01012342,0,1
2025111584309,2025,111584309,2,9,0,-1,10,5,3,-1,0,1,0,0,0,0,3,1,-1,9,2,28,6,-1,-1,-1,-1,9,E01012335,0,2
2025111584401,2025,111584401,1,9,0,-1,19,5,1,-1,0,0,0,0,0,0,3,1,-1,6,1,28,6,-1,-1,-1,-1,5,E01020676,0,1
2025111584401,2025,111584401,2,90,0,-1,15,1,5,-1,0,0,0,0,0,0,3,1,-1,9,1,9,2,-1,-1,-1,-1,5,E01020676,0,1
2025111584436,2025,111584436,2,9,0,-1,19,8,2,-1,0,3,0,0,0,0,3,1,-1,6,2,30,6,-1,-1,-1,-1,-1,-1,0,-1
2025111584436,2025,111584436,1,9,0,-1,19,8,2,-1,0,3,0,0,0,0,4,1,-1,6,2,18,4,-1,-1,-1,-1,5,E01020640,0,2
2025111584458,2025,111584458,1,9,0,-1,19,7,3,-1,0,0,0,0,0,0,4,1,-1,6,3,30,6,-1,-1,-1,-1,-1,-1,0,-1
2025111584736,2025,111584736,1,11,0,-1,19,1,3,-1,0,2,0,0,0,0,1,1,-1,6,1,61,9,-1,-1,-1,-1,-1,-1,0,-1
2025111584782,2025,111584782,1,9,0,-1,19,3,7,-1,0,0,2,10,7,11,1,1,-1,9,2,45,7,-1,-1,-1,-1,4,E01020693,0,1
2025111585623,2025,111585623,2,97,0,-1,19,7,3,-1,0,1,0,0,0,0,4,1,-1,9,1,65,9,-1,-1,-1,-1,7,E01013175,0,5
2025111585623,2025,111585623,1,9,0,-1,5,1,6,-1,0,8,0,0,0,0,1,1,-1,2,2,21,5,-1,-1,-1,-1,4,E01020891,0,1
2025111585658,2025,111585658,1,9,0,-1,19,8,4,-1,0,0,2,0,0,0,1,1,-1,9,1,21,5,-1,-1,-1,-1,10,E01027768,0,3
2025111585789,2025,111585789,1,8,0,-1,19,3,7,-1,0,0,0,0,0,0,1,1,-1,1,1,61,9,-1,-1,-1,-1,-1,-1,0,-1
2025111586019,2025,111586019,1,9,0,-1,19,5,1,-1,0,0,0,0,0,0,1,9,-1,6,1,19,4,-1,-1,-1,-1,1,E01020762,0,1
2025111586156,2025,111586156,1,9,0,-1,9,2,8,-1,0,8,0,0,0,0,4,1,-1,6,1,52,8,-1,-1,-1,-1,7,E01020627,0,1
2025111586232,2025,111586232,1,-1,0,-1,19,7,3,-1,0,1,0,0,0,0,1,1,-1,9,1,15,3,-1,-1,-1,-1,2,E01020751,1,1
2025111586232,2025,111586232,2,9,0,-1,4,7,3,-1,0,1,0,0,0,0,2,1,-1,2,1,58,9,-1,-1,-1,-1,8,E01020756,0,1
2025111586296,2025,111586296,2,5,0,-1,19,7,3,-1,0,1,0,0,0,0,1,1,-1,6,1,77,11,-1,-1,-1,-1,-1,-1,0,-1
2025111586296,2025,111586296,1,9,0,-1,9,1,7,-1,0,1,0,0,0,0,1,1,-1,6,2,79,11,-1,-1,-1,-1,3,E01020789,0,1
2025111586398,2025,111586398,1,9,0,-1,2,0,0,-1,0,0,0,0,0,0,3,1,-1,1,2,39,7,-1,-1,-1,-1,1,E01020816,0,3
2025111586398,2025,111586398,2,1,0,-1,19,8,2,-1,0,0,0,4,0,0,1,1,-1,9,1,17,4,-1,-1,-1,-1,1,E01020724,0,1
2025111586472,2025,111586472,1,5,0,-1,19,3,7,-1,0,0,1,12,0,0,3,1,-1,9,1,54,8,-1,-1,-1,-1,3,E01033205,0,3
2025111586679,2025,111586679,1,9,0,-1,9,6,4,-1,0,8,1,0,0,0,1,1,-1,6,1,38,7,-1,-1,-1,-1,3,E01008753,0,3
2025111586679,2025,111586679,2,9,0,-1,19,8,4,-1,0,8,0,0,0,0,3,1,-1,6,2,49,8,-1,-1,-1,-1,3,E01020746,0,1
2025111586769,2025,111586769,2,1,0,-1,19,3,7,-1,0,1,0,0,0,0,4,1,-1,2,2,48,8,-1,-1,-1,-1,9,E01020721,0,1
2025111586769,2025,111586769,1,19,0,-1,5,4,3,-1,0,1,0,0,0,0,1,1,-1,2,1,55,8,-1,-1,-1,-1,2,E01008825,0,3
2025111587557,2025,111587557,1,9,0,-1,19,5,1,-1,0,0,0,0,0,0,1,1,-1,6,1,19,4,-1,-1,-1,-1,2,E01012305,0,1
2025111588511,2025,111588511,2,5,0,-1,19,1,5,-1,0,0,0,0,0,0,1,1,-1,9,1,58,9,-1,-1,-1,-1,3,E01034500,0,3
2025111588511,2025,111588511,1,9,0,-1,12,5,1,-1,0,0,0,0,0,0,1,1,-1,9,2,63,9,-1,-1,-1,-1,3,E01027749,0,4
2025111588991,2025,111588991,2,9,0,-1,5,5,1,-1,0,2,0,0,0,0,1,1,-1,2,2,27,6,-1,-1,-1,-1,4,E01020818,0,2
2025111588991,2025,111588991,1,9,0,-1,19,5,7,-1,0,4,0,0,0,0,1,1,-1,1,1,37,7,-1,-1,-1,-1,9,E01020702,0,1
2025111589251,2025,111589251,2,9,0,-1,2,0,0,-1,0,1,0,0,0,0,4,1,-1,6,3,30,6,-1,-1,-1,-1,-1,-1,0,-1
2025111589251,2025,111589251,1,9,0,-1,19,2,6,-1,0,1,0,0,0,0,1,1,-1,6,3,30,6,-1,-1,-1,-1,3,E01020591,0,4
2025111589286,2025,111589286,1,9,0,-1,1,6,2,-1,0,0,0,0,0,0,2,1,-1,6,1,79,11,-1,-1,-1,-1,6,E01020858,0,3
2025111589704,2025,111589704,2,9,0,-1,3,1,5,-1,0,1,0,0,0,0,2,1,-1,9,1,55,8,-1,-1,-1,-1,7,E01020720,0,1
2025111589704,2025,111589704,1,19,0,-1,19,1,5,-1,0,1,0,0,0,0,1,1,-1,6,3,30,6,-1,-1,-1,-1,-1,-1,0,-1
2025111589762,2025,111589762,1,9,0,-1,9,8,6,-1,0,2,0,0,0,0,3,1,-1,6,1,33,6,-1,-1,-1,-1,2,E01012342,0,1
2025111589762,2025,111589762,2,9,0,-1,19,6,2,-1,0,1,0,0,0,0,4,1,-1,6,1,83,11,-1,-1,-1,-1,2,E01012307,0,1
2025111589834,2025,111589834,2,97,0,-1,4,2,6,-1,0,0,0,0,0,0,0,1,-1,6,1,56,9,-1,-1,-1,-1,4,E01020900,0,3
2025111589834,2025,111589834,1,9,4,-1,9,6,4,-1,0,0,0,0,0,0,0,1,-1,6,1,30,6,-1,-1,-1,-1,7,E01020862,0,1
2025111589834,2025,111589834,3,5,0,-1,4,2,6,-1,0,0,0,0,0,0,0,1,-1,6,1,55,8,-1,-1,-1,-1,-1,-1,0,-1
2025111590158,2025,111590158,2,1,0,-1,19,1,5,-1,0,8,0,0,0,0,4,1,-1,6,1,41,7,-1,-1,-1,-1,5,E01012325,0,1
2025111590158,2025,111590158,1,9,0,-1,19,7,3,-1,0,4,0,0,0,0,1,1,-1,6,1,33,6,-1,-1,-1,-1,2,E01012332,0,1
2025111590159,2025,111590159,1,9,0,-1,9,7,5,-1,0,6,0,0,0,0,1,1,-1,6,1,45,7,-1,-1,-1,-1,9,E01035186,0,1
2025111590275,2025,111590275,1,9,0,-1,19,6,2,-1,0,8,0,0,0,0,4,1,-1,6,2,24,5,-1,-1,-1,-1,2,E01008281,0,3
2025111590275,2025,111590275,2,9,0,-1,19,8,4,-1,0,8,0,0,0,0,1,1,-1,6,2,56,9,-1,-1,-1,-1,4,E01020641,0,1
2025111590412,2025,111590412,2,90,0,-1,7,5,3,-1,0,5,0,0,0,0,3,1,-1,6,1,53,8,-1,-1,-1,-1,-1,-1,0,-1
2025111590412,2025,111590412,1,9,0,-1,9,3,8,-1,0,5,0,0,0,0,3,1,-1,9,2,19,4,-1,-1,-1,-1,7,E01020796,0,3
2025111590665,2025,111590665,1,5,0,-1,19,8,5,-1,0,0,0,0,0,0,0,1,-1,6,1,65,9,-1,-1,-1,-1,-1,-1,0,-1
2025111591466,2025,111591466,2,5,0,-1,14,1,5,-1,0,8,0,0,0,0,1,1,-1,9,1,74,10,-1,-1,-1,-1,4,E01020678,0,1
2025111591466,2025,111591466,1,9,0,-1,9,1,7,-1,0,8,0,0,0,0,3,1,-1,9,2,40,7,-1,-1,-1,-1,6,E01020654,0,1
2025111591916,2025,111591916,2,9,0,-1,3,5,1,-1,0,0,0,0,0,0,1,1,-1,7,1,40,7,-1,-1,-1,-1,1,E01020907,0,1
2025111591916,2025,111591916,1,9,0,-1,5,5,1,-1,0,0,0,0,0,0,2,1,-1,6,3,30,6,-1,-1,-1,-1,-1,-1,0,-1