collision_index,collision_year,collision_ref_no,vehicle_reference,vehicle_type,towing_and_articulation,vehicle_manoeuvre_historic,vehicle_manoeuvre,vehicle_direction_from,vehicle_direction_to,vehicle_location_restricted_lane_historic,vehicle_location_restricted_lane,junction_location,skidding_and_overturning,hit_object_in_carriageway,vehicle_leaving_carriageway,hit_object_off_carriageway,first_point_of_impact,vehicle_left_hand_drive,journey_purpose_of_driver_historic,journey_purpose_of_driver,sex_of_driver,age_of_driver,age_band_of_driver,engine_capacity_cc,propulsion_code,age_of_vehicle,generic_make_model,driver_imd_decile,lsoa_of_driver,escooter_flag,driver_distance_banding
2025111592298,2025,111592298,1,9,0,-1,19,8,4,-1,0,1,0,0,0,0,3,1,-1,6,1,30,6,-1,-1,-1,-1,-1,-1,0,-1
2025111592298,2025,111592298,2,9,0,-1,10,8,6,-1,0,1,0,0,0,0,2,1,-1,9,1,32,6,-1,-1,-1,-1,3,E01008202,0,4
2025111592340,2025,111592340,2,1,0,-1,19,2,6,-1,0,8,5,0,0,0,3,1,-1,9,1,21,5,-1,-1,-1,-1,10,E01033195,0,1
2025111592340,2025,111592340,1,19,0,-1,9,6,5,-1,0,8,0,0,0,0,1,1,-1,6,1,71,10,-1,-1,-1,-1,10,E01020732,0,1
2025111592581,2025,111592581,2,9,0,-1,2,0,0,-1,0,0,0,0,0,0,1,1,-1,9,1,40,7,-1,-1,-1,-1,7,E01012209,0,3
2025111592581,2025,111592581,1,9,0,-1,19,6,2,-1,0,0,0,4,0,0,1,1,-1,9,2,18,4,-1,-1,-1,-1,6,E01012366,0,1
2025111592585,2025,111592585,1,5,0,-1,19,3,7,-1,0,0,0,0,0,0,1,1,-1,2,1,53,8,-1,-1,-1,-1,3,E01020861,0,3
2025111592585,2025,111592585,2,9,0,-1,4,3,7,-1,0,0,0,0,0,0,2,1,-1,6,1,32,6,-1,-1,-1,-1,2,E01020869,0,3
2025111593745,2025,111593745,1,98,0,-1,1,2,4,-1,0,0,0,0,0,0,3,1,-1,1,1,38,7,-1,-1,-1,-1,5,E01020676,0,2
2025111594071,2025,111594071,2,11,0,-1,19,7,3,-1,0,0,0,0,0,0,0,9,-1,1,1,38,7,-1,-1,-1,-1,2,E01008825,0,3
2025111594071,2025,111594071,1,9,0,-1,14,3,7,-1,0,0,0,0,0,0,0,9,-1,6,3,30,6,-1,-1,-1,-1,-1,-1,0,-1
2025111594964,2025,111594964,1,9,0,-1,19,3,7,-1,0,1,0,0,0,0,1,1,-1,6,3,-1,-1,-1,-1,-1,-1,-1,-1,0,-1
2025111595010,2025,111595010,1,3,0,-1,19,7,3,-1,0,0,0,0,0,0,4,1,-1,9,1,16,4,-1,-1,-1,-1,5,E01034507,0,1
2025111595010,2025,111595010,2,3,0,-1,19,7,3,-1,0,0,0,0,0,0,3,1,-1,6,1,30,6,-1,-1,-1,-1,-1,-1,0,-1
2025111595446,2025,111595446,2,1,0,-1,19,4,8,-1,0,0,0,0,0,0,1,1,-1,6,1,30,6,-1,-1,-1,-1,3,E01020677,0,1
2025111595446,2025,111595446,1,9,0,-1,5,6,8,-1,0,0,0,0,0,0,4,1,-1,2,1,35,6,-1,-1,-1,-1,4,E01020630,0,3
2025111595487,2025,111595487,2,99,0,-1,5,5,1,-1,0,6,0,0,0,0,0,9,-1,6,3,30,6,-1,-1,-1,-1,-1,-1,0,-1
2025111595487,2025,111595487,1,11,0,-1,10,7,5,-1,0,1,0,0,0,0,0,1,-1,1,1,63,9,-1,-1,-1,-1,2,E01020792,0,3
2025111595849,2025,111595849,2,9,0,-1,19,7,3,-1,0,4,0,0,0,0,1,1,-1,6,2,17,4,-1,-1,-1,-1,3,E01012340,0,1
2025111595849,2025,111595849,1,9,0,-1,5,8,4,-1,0,2,0,0,0,0,3,1,-1,6,1,84,11,-1,-1,-1,-1,5,E01012325,0,1
2025111595874,2025,111595874,1,9,0,-1,19,4,2,-1,0,0,0,0,0,0,1,1,-1,6,2,20,4,-1,-1,-1,-1,4,E01020903,0,2
2025111596001,2025,111596001,1,17,0,-1,19,2,8,-1,0,1,0,0,0,0,1,1,-1,1,1,57,9,-1,-1,-1,-1,4,E01020693,0,1
2025111596727,2025,111596727,2,23,0,-1,19,5,1,-1,0,8,0,0,7,1,4,1,-1,6,1,14,3,-1,-1,-1,-1,3,E01020811,0,1
2025111596727,2025,111596727,1,9,0,-1,5,7,3,-1,0,8,0,0,0,0,1,1,-1,6,1,37,7,-1,-1,-1,-1,3,E01020811,0,1
2025111596768,2025,111596768,1,97,0,-1,19,5,1,-1,0,6,0,0,0,0,1,1,-1,6,1,23,5,-1,-1,-1,-1,-1,-1,0,-1
2025111596768,2025,111596768,2,9,0,-1,19,3,7,-1,0,6,1,0,0,0,1,1,-1,2,1,27,6,-1,-1,-1,-1,5,E01020650,0,2
2025111596994,2025,111596994,1,9,0,-1,4,5,2,-1,0,1,0,0,0,0,4,1,-1,6,1,30,6,-1,-1,-1,-1,1,E01035187,0,1
2025111597996,2025,111597996,1,9,0,-1,19,8,2,-1,0,0,0,0,7,0,1,1,-1,6,1,24,5,-1,-1,-1,-1,3,E01020633,0,1
2025111598042,2025,111598042,2,8,0,-1,4,6,2,-1,-1,0,0,0,0,0,2,1,-1,6,1,43,7,-1,-1,-1,-1,1,E01020767,0,1
2025111598042,2025,111598042,1,9,0,-1,19,6,2,-1,0,0,0,0,0,0,1,1,-1,6,1,30,6,-1,-1,-1,-1,-1,-1,0,-1
2025111598042,2025,111598042,3,9,0,-1,4,6,2,-1,-1,0,0,0,0,0,2,1,-1,6,1,55,8,-1,-1,-1,-1,3,E01020746,0,1
2025111598272,2025,111598272,2,97,0,-1,19,1,5,-1,0,1,0,0,0,0,1,1,-1,9,1,23,5,-1,-1,-1,-1,1,E01020816,0,1
2025111598272,2025,111598272,1,9,0,-1,9,6,3,-1,0,5,0,0,0,0,1,1,-1,2,2,36,7,-1,-1,-1,-1,1,E01020844,0,1
2025111598895,2025,111598895,1,9,0,-1,19,1,5,-1,-1,0,0,4,0,0,1,1,-1,6,1,42,7,-1,-1,-1,-1,9,E01033465,0,2
2025111598895,2025,111598895,2,21,1,-1,2,0,0,-1,-1,0,0,0,0,0,2,1,-1,1,1,48,8,-1,-1,-1,-1,3,-1,0,5
2025111599259,2025,111599259,1,9,0,-1,19,8,4,-1,0,0,2,7,1,0,1,1,-1,6,1,53,8,-1,-1,-1,-1,4,E01020810,0,2
2025111599757,2025,111599757,1,97,0,-1,19,5,1,-1,0,0,0,0,0,0,1,1,-1,6,1,31,6,-1,-1,-1,-1,2,E01020743,0,1
2025111599757,2025,111599757,2,9,0,-1,6,7,3,-1,0,0,0,0,0,0,1,1,-1,6,2,39,7,-1,-1,-1,-1,3,E01020760,0,2
2025111600917,2025,111600917,1,9,0,-1,9,2,8,-1,0,8,0,0,0,0,1,1,-1,2,1,22,5,-1,-1,-1,-1,2,E01020797,0,1
2025111600917,2025,111600917,2,2,0,-1,19,8,4,-1,0,8,0,0,0,0,1,1,-1,2,1,21,5,-1,-1,-1,-1,2,E01020797,0,1
2025111601283,2025,111601283,2,1,0,-1,19,3,7,-1,0,0,2,0,0,0,1,1,-1,6,1,63,9,-1,-1,-1,-1,9,E01012336,0,1
2025111601283,2025,111601283,1,9,0,-1,19,5,1,-1,0,0,0,0,0,0,0,1,-1,6,1,87,11,-1,-1,-1,-1,3,E01012340,0,1
2025111601325,2025,111601325,1,1,0,-1,5,3,7,-1,0,1,0,0,0,0,1,1,-1,6,1,6,2,-1,-1,-1,-1,3,E01020834,0,1
2025111601325,2025,111601325,2,8,0,-1,19,7,1,-1,0,1,0,0,0,0,2,1,-1,1,1,44,7,-1,-1,-1,-1,7,E01020709,0,4
2025111601334,2025,111601334,1,9,0,-1,19,7,1,-1,0,0,0,0,0,0,1,1,-1,2,2,26,6,-1,-1,-1,-1,2,E01020838,0,1
2025111601334,2025,111601334,2,9,0,-1,19,7,1,-1,0,0,0,0,0,0,2,1,-1,6,2,30,6,-1,-1,-1,-1,-1,-1,0,-1
2025111601434,2025,111601434,2,9,0,-1,2,0,0,-1,0,0,0,0,0,0,1,1,-1,6,1,65,9,-1,-1,-1,-1,1,E01020902,0,1
2025111601434,2025,111601434,3,9,0,-1,2,0,0,-1,0,0,0,0,0,0,1,1,-1,6,2,63,9,-1,-1,-1,-1,1,E01020902,0,1
2025111601434,2025,111601434,1,97,0,-1,19,5,1,-1,0,0,2,0,0,0,1,1,-1,6,3,30,6,-1,-1,-1,-1,-1,-1,0,-1
2025111601716,2025,111601716,2,9,0,-1,19,3,7,-1,0,0,0,0,0,0,1,1,-1,9,1,60,9,-1,-1,-1,-1,4,E01020688,0,1
2025111601716,2025,111601716,1,9,0,-1,19,7,3,-1,0,0,1,0,0,0,1,1,-1,6,2,25,5,-1,-1,-1,-1,4,E01020688,0,1
2025111601918,2025,111601918,2,9,0,-1,19,1,5,-1,0,1,0,0,0,0,1,1,-1,6,2,24,5,-1,-1,-1,-1,-1,-1,0,-1
2025111601918,2025,111601918,1,9,0,-1,9,3,1,-1,0,6,0,0,0,0,3,1,-1,6,2,27,6,-1,-1,-1,-1,-1,-1,0,-1
2025111602196,2025,111602196,1,98,0,-1,15,4,1,-1,0,1,1,10,0,0,1,1,-1,6,-1,-1,-1,-1,-1,-1,-1,-1,-1,0,-1
2025111602196,2025,111602196,2,9,0,-1,4,4,1,-1,0,1,0,0,0,0,2,1,-1,6,2,47,8,-1,-1,-1,-1,6,E01012366,0,1
2025111602196,2025,111602196,3,9,0,-1,4,4,1,-1,0,1,0,0,0,0,2,1,-1,6,1,42,7,-1,-1,-1,-1,2,E01012357,0,1
2025111603083,2025,111603083,1,9,0,-1,15,1,5,-1,9,0,0,0,0,0,3,1,-1,6,1,83,11,-1,-1,-1,-1,6,E01020776,0,1
2025111603160,2025,111603160,1,1,0,-1,19,1,5,-1,0,0,0,0,0,0,3,1,-1,9,1,12,3,-1,-1,-1,-1,6,E01035183,0,1
2025111603160,2025,111603160,2,9,0,-1,4,3,7,-1,0,0,0,0,0,0,1,1,-1,9,1,34,6,-1,-1,-1,-1,5,E01012323,0,1
2025111603357,2025,111603357,2,9,0,-1,19,7,3,-1,0,0,0,0,0,0,3,1,-1,9,2,37,7,-1,-1,-1,-1,2,E01020798,0,1
2025111603357,2025,111603357,1,9,0,-1,19,3,7,-1,0,0,0,0,0,0,3,1,-1,6,1,30,6,-1,-1,-1,-1,-1,-1,0,-1
2025111603489,2025,111603489,1,9,0,-1,12,1,5,-1,0,0,5,7,8,0,1,1,-1,6,1,79,11,-1,-1,-1,-1,7,E01034499,0,1
2025111603835,2025,111603835,1,9,0,-1,5,1,5,-1,0,6,0,0,0,0,3,1,-1,1,1,22,5,-1,-1,-1,-1,1,E01012352,0,4
2025111603835,2025,111603835,2,9,0,-1,19,7,3,-1,0,1,0,0,7,0,1,1,-1,1,2,59,9,-1,-1,-1,-1,7,E01020857,0,1
2025111603837,2025,111603837,1,97,0,-1,19,2,6,-1,0,8,0,0,0,0,1,1,-1,6,1,30,6,-1,-1,-1,-1,4,E01020783,0,1
2025111603837,2025,111603837,2,8,0,-1,19,8,4,-1,0,8,0,0,0,0,4,1,-1,1,1,52,8,-1,-1,-1,-1,4,E01008707,0,2
2025111605001,2025,111605001,2,9,0,-1,19,8,4,-1,0,8,0,0,0,0,3,1,-1,6,2,18,4,-1,-1,-1,-1,3,E01020789,0,1
2025111605001,2025,111605001,1,9,0,-1,19,4,8,-1,0,8,0,0,0,0,3,9,-1,6,3,30,6,-1,-1,-1,-1,-1,-1,0,-1
2025111605622,2025,111605622,1,9,0,-1,9,3,5,-1,0,5,0,0,0,0,1,1,-1,9,2,30,6,-1,-1,-1,-1,1,E01012318,0,1
2025111605622,2025,111605622,2,1,0,-1,19,5,1,-1,0,1,0,0,0,0,1,1,-1,1,2,30,6,-1,-1,-1,-1,-1,-1,0,-1
2025111605995,2025,111605995,1,5,0,-1,19,3,7,-1,0,0,2,12,0,0,1,1,-1,1,1,49,8,-1,-1,-1,-1,6,E01020714,0,1
2025111606252,2025,111606252,2,9,0,-1,19,1,5,-1,0,0,1,0,0,0,1,1,-1,6,1,30,6,-1,-1,-1,-1,1,E01020724,0,4
2025111606252,2025,111606252,1,19,0,-1,19,1,5,-1,0,0,0,0,0,0,2,1,-1,6,1,51,8,-1,-1,-1,-1,10,E01033163,0,4
2025111606343,2025,111606343,2,5,0,-1,19,8,4,-1,0,1,0,0,0,0,1,1,-1,2,1,32,6,-1,-1,-1,-1,7,E01034519,0,1
2025111606343,2025,111606343,1,9,0,-1,9,4,8,-1,0,1,0,0,0,0,4,1,-1,6,2,65,9,-1,-1,-1,-1,2,E01020596,0,1
2025111606714,2025,111606714,1,9,0,-1,19,5,1,-1,0,8,0,0,0,0,3,1,-1,9,1,50,8,-1,-1,-1,-1,2,E01008719,0,1
2025111606714,2025,111606714,2,9,0,-1,19,3,7,-1,0,1,0,0,0,0,1,1,-1,9,1,78,11,-1,-1,-1,-1,3,E01008748,0,1
2025111606720,2025,111606720,1,9,0,-1,5,5,1,-1,0,0,0,0,0,0,1,1,-1,6,1,25,5,-1,-1,-1,-1,1,E01020758,0,2
2025111606884,2025,111606884,1,9,0,-1,19,8,3,-1,0,0,0,8,0,0,4,1,-1,6,2,76,11,-1,-1,-1,-1,8,E01012329,0,1
2025111606884,2025,111606884,2,9,0,-1,2,0,0,-1,0,0,0,0,0,0,4,1,-1,7,2,27,6,-1,-1,-1,-1,7,E01033481,0,2
2025111607526,2025,111607526,2,9,0,-1,11,7,3,-1,0,0,2,0,7,4,4,1,-1,9,2,20,4,-1,-1,-1,-1,5,E01020848,0,2
2025111607526,2025,111607526,1,9,0,-1,15,7,3,-1,0,0,1,0,7,4,3,1,-1,9,1,32,6,-1,-1,-1,-1,2,E01020874,0,1
2025111607587,2025,111607587,1,5,0,-1,5,8,4,-1,0,1,2,6,0,0,1,1,-1,9,2,65,9,-1,-1,-1,-1,3,E01020834,0,4
2025111607780,2025,111607780,1,9,0,-1,19,1,4,-1,0,3,0,0,0,0,4,1,-1,1,1,38,7,-1,-1,-1,-1,1,E01012041,0,4
2025111607780,2025,111607780,2,9,0,-1,5,1,6,-1,0,4,0,7,3,1,3,1,-1,6,2,74,10,-1,-1,-1,-1,4,E01020832,0,3
2025111607940,2025,111607940,2,9,0,-1,19,8,4,-1,0,1,0,0,0,0,4,1,-1,6,1,26,6,-1,-1,-1,-1,3,E01020621,0,2
2025111607940,2025,111607940,1,9,0,-1,5,7,2,-1,0,1,0,0,0,0,3,1,-1,6,1,59,9,-1,-1,-1,-1,1,E01008333,0,3
2025111608826,2025,111608826,1,5,0,-1,19,4,8,-1,0,0,2,0,0,0,4,1,-1,9,1,75,10,-1,-1,-1,-1,-1,-1,0,-1
2025111608978,2025,111608978,1,23,0,-1,19,2,6,-1,0,0,1,9,1,11,1,1,-1,9,1,21,5,-1,-1,-1,-1,4,E01020875,0,2
2025111609394,2025,111609394,2,1,0,-1,19,1,5,-1,0,4,1,0,0,0,1,1,-1,6,1,26,6,-1,-1,-1,-1,-1,-1,0,-1
2025111609394,2025,111609394,1,9,0,-1,19,2,5,-1,0,4,0,0,0,0,1,1,-1,6,2,22,5,-1,-1,-1,-1,5,E01020619,0,1
2025111609481,2025,111609481,1,19,0,-1,19,3,7,-1,0,0,0,0,0,0,3,1,-1,6,1,38,7,-1,-1,-1,-1,-1,-1,0,-1
2025111609481,2025,111609481,2,98,0,-1,19,7,3,-1,0,0,1,0,0,0,1,1,-1,1,1,60,9,-1,-1,-1,-1,-1,-1,0,-1
2025111609481,2025,111609481,4,9,0,-1,19,3,7,-1,0,0,0,0,0,0,1,1,-1,6,1,54,8,-1,-1,-1,-1,-1,-1,0,-1
2025111609481,2025,111609481,3,19,0,-1,19,3,7,-1,0,0,0,0,0,0,1,1,-1,6,1,30,6,-1,-1,-1,-1,-1,-1,0,-1
2025111609907,2025,111609907,1,9,0,-1,19,7,2,-1,0,1,0,0,0,0,0,1,-1,6,1,30,6,-1,-1,-1,-1,-1,-1,0,-1
2025111609907,2025,111609907,2,9,0,-1,4,7,2,-1,0,1,0,0,0,0,2,1,-1,6,2,45,7,-1,-1,-1,-1,3,E01020811,0,3
2025111609928,2025,111609928,1,4,0,-1,19,5,1,-1,0,0,2,12,0,0,1,1,-1,6,1,22,5,-1,-1,-1,-1,3,E01004645,0,5
2025111611379,2025,111611379,1,9,0,-1,19,5,3,-1,0,0,0,0,1,0,0,1,-1,9,1,18,4,-1,-1,-1,-1,7,E01027473,0,4
2025111612952,2025,111612952,2,9,0,-1,19,5,3,-1,0,2,0,0,0,0,1,1,-1,2,1,60,9,-1,-1,-1,-1,2,E01020675,0,1
2025111612952,2025,111612952,1,1,0,-1,19,1,5,-1,0,1,0,0,0,0,3,1,-1,9,1,11,3,-1,-1,-1,-1,5,E01020663,0,1
2025111613253,2025,111613253,2,9,0,-1,10,1,5,-1,0,5,0,0,0,0,2,1,-1,9,2,22,5,-1,-1,-1,-1,3,E01020861,0,1
2025111613253,2025,111613253,3,9,0,-1,19,5,1,-1,0,1,0,0,0,0,1,1,-1,9,2,49,8,-1,-1,-1,-1,3,E01020658,0,3
2025111613253,2025,111613253,1,9,0,-1,19,1,5,-1,0,1,0,0,0,0,1,1,-1,9,1,18,4,-1,-1,-1,-1,6,E01020858,0,1
2025111613599,2025,111613599,2,19,0,-1,19,7,3,-1,0,0,0,0,0,0,2,1,-1,1,1,30,6,-1,-1,-1,-1,1,E01008746,0,1
2025111613599,2025,111613599,1,97,0,-1,19,7,3,-1,0,0,2,0,0,0,1,1,-1,1,1,40,7,-1,-1,-1,-1,2,E01020820,0,3
2025111614057,2025,111614057,1,1,0,-1,19,7,3,-1,9,0,0,0,0,0,1,1,-1,9,1,15,3,-1,-1,-1,-1,2,E01020769,0,1
2025111614057,2025,111614057,2,9,0,-1,19,3,7,-1,0,0,0,0,0,0,4,1,-1,2,1,25,5,-1,-1,-1,-1,2,E01020809,0,2
2025111614203,2025,111614203,2,9,0,-1,19,5,1,-1,0,3,0,0,0,0,1,1,-1,2,2,53,8,-1,-1,-1,-1,2,E01020773,0,1
2025111614203,2025,111614203,1,9,0,-1,19,5,1,-1,0,6,5,0,0,0,1,1,-1,6,1,33,6,-1,-1,-1,-1,2,E01020784,0,1
2025111616167,2025,111616167,1,1,0,-1,12,5,7,-1,0,0,0,0,0,0,3,1,-1,9,1,34,6,-1,-1,-1,-1,1,E01020757,0,1
2025122500007,2025,122500007,1,19,0,7,7,1,3,0,0,5,0,0,0,0,1,1,1,1,1,63,9,-1,-1,-1,-1,7,E01027921,0,2
2025122500007,2025,122500007,2,5,0,18,19,3,1,0,0,1,0,0,0,0,1,1,1,1,1,44,7,-1,-1,-1,-1,9,E01027652,0,4
2025122500011,2025,122500011,1,9,0,1,1,1,5,9,9,0,0,0,0,0,2,1,6,6,2,65,9,-1,-1,-1,-1,6,E01027689,0,1
2025122500015,2025,122500015,1,9,0,16,19,4,1,0,0,0,0,0,1,0,1,1,5,6,1,83,11,-1,-1,-1,-1,4,E01034957,0,1
2025122500015,2025,122500015,2,9,0,17,19,1,4,0,0,0,0,0,1,0,1,1,5,6,1,41,7,-1,-1,-1,-1,9,E01027583,0,2
2025122500031,2025,122500031,1,9,0,18,19,1,5,0,0,0,0,4,1,7,1,1,6,6,1,65,9,-1,-1,-1,-1,6,E01035614,0,5
2025122500031,2025,122500031,2,9,0,2,2,0,0,6,6,0,0,0,0,0,2,1,6,6,1,55,8,-1,-1,-1,-1,8,E01027644,0,2
2025122500052,2025,122500052,1,9,0,18,19,3,7,0,0,0,0,0,0,0,3,1,5,6,1,35,6,-1,-1,-1,-1,5,E01027802,0,2
2025122500052,2025,122500052,2,9,0,18,19,7,3,0,0,0,0,0,0,0,3,1,6,6,2,45,7,-1,-1,-1,-1,8,E01027801,0,2
2025122500058,2025,122500058,2,9,0,2,2,0,0,0,0,0,0,0,0,0,2,1,6,6,2,64,9,-1,-1,-1,-1,-1,-1,0,-1
2025122500058,2025,122500058,1,21,1,18,19,1,5,0,0,0,0,1,1,0,1,1,1,1,1,65,9,-1,-1,-1,-1,7,-1,0,5
2025122500058,2025,122500058,3,9,0,2,2,0,0,0,0,0,0,0,0,0,1,1,6,6,1,41,7,-1,-1,-1,-1,10,E01027675,0,4
2025122500060,2025,122500060,2,9,0,18,19,1,5,0,0,1,0,0,0,0,1,1,5,6,1,61,9,-1,-1,-1,-1,6,E01027703,0,2
2025122500060,2025,122500060,1,9,0,9,9,5,3,0,0,5,0,0,1,11,4,1,5,6,2,50,8,-1,-1,-1,-1,8,E01011653,0,3
2025122500085,2025,122500085,1,9,0,18,19,1,5,0,0,8,0,0,1,9,3,1,5,6,1,87,11,-1,-1,-1,-1,7,E01027713,0,1
2025122500085,2025,122500085,2,9,0,9,9,8,5,0,0,8,0,0,0,0,4,1,5,6,3,20,4,-1,-1,-1,-1,9,E01027714,0,1
2025122500092,2025,122500092,1,9,0,18,19,1,5,0,0,0,0,0,0,0,1,1,2,2,1,24,5,-1,-1,-1,-1,8,E01027644,0,2
2025122500103,2025,122500103,1,3,0,99,99,9,9,99,99,0,0,99,9,99,9,1,6,6,1,20,4,-1,-1,-1,-1,3,E01027909,0,1
2025122500111,2025,122500111,2,9,0,3,3,5,1,0,0,0,0,0,0,0,2,1,6,6,2,54,8,-1,-1,-1,-1,6,E01027705,0,3
2025122500111,2025,122500111,1,19,0,18,19,5,1,0,0,0,0,0,0,0,1,1,5,6,1,33,6,-1,-1,-1,-1,7,E01027680,0,1
2025122500111,2025,122500111,3,9,0,3,3,5,1,0,0,0,0,0,0,0,2,1,6,6,1,48,8,-1,-1,-1,-1,10,E01027709,0,3
2025122500120,2025,122500120,2,19,0,18,19,5,1,0,0,0,0,0,0,0,1,1,1,1,1,60,9,-1,-1,-1,-1,-1,-1,0,-1
2025122500120,2025,122500120,1,9,0,17,19,1,5,0,0,0,0,10,0,0,1,1,5,6,2,54,8,-1,-1,-1,-1,5,E01027678,0,4
2025122500125,2025,122500125,1,3,0,18,19,8,4,0,0,8,1,0,0,0,4,1,6,6,1,35,6,-1,-1,-1,-1,6,E01027790,0,1
2025122500127,2025,122500127,1,9,0,18,19,3,7,0,0,0,0,0,0,0,1,1,5,6,2,47,8,-1,-1,-1,-1,2,E01012863,0,4
2025122500128,2025,122500128,1,9,0,18,19,1,5,0,0,0,0,0,0,0,1,1,5,6,2,55,8,-1,-1,-1,-1,10,E01027855,0,1
2025122500128,2025,122500128,2,9,0,18,19,5,1,0,0,0,0,0,0,0,1,1,5,6,2,74,10,-1,-1,-1,-1,5,E01027851,0,1
2025122500131,2025,122500131,3,9,0,3,3,5,1,0,0,2,0,0,0,0,1,1,6,6,1,25,5,-1,-1,-1,-1,7,E01027601,0,4
2025122500131,2025,122500131,1,9,0,5,5,1,5,0,0,2,0,0,3,0,1,1,5,6,2,78,11,-1,-1,-1,-1,8,E01027702,0,4
2025122500131,2025,122500131,2,9,0,18,19,3,7,0,0,1,0,0,0,0,1,1,6,6,2,41,7,-1,-1,-1,-1,10,E01027718,0,1
2025122500137,2025,122500137,1,8,0,7,7,3,5,0,0,8,0,0,0,0,1,1,1,1,1,49,8,-1,-1,-1,-1,1,E01010736,0,4
2025122500137,2025,122500137,2,9,0,18,19,8,4,0,0,8,0,0,0,0,4,1,5,6,1,53,8,-1,-1,-1,-1,4,E01029867,0,5
2025122500140,2025,122500140,1,9,0,18,19,1,5,0,0,0,0,0,0,0,1,1,1,1,1,53,8,-1,-1,-1,-1,5,E01034507,0,4
2025122500140,2025,122500140,3,19,0,18,19,5,1,0,0,0,0,0,1,0,1,1,1,1,1,30,6,-1,-1,-1,-1,8,E01027808,0,4
2025122500140,2025,122500140,2,9,0,18,19,5,1,0,0,0,0,0,1,0,3,1,1,1,2,64,9,-1,-1,-1,-1,4,E01027803,0,4
2025122500142,2025,122500142,1,9,0,10,10,5,3,0,0,1,0,0,0,0,3,1,6,6,2,34,6,-1,-1,-1,-1,6,E01027720,0,1
2025122500142,2025,122500142,2,9,0,7,7,3,5,0,0,5,0,0,0,0,1,1,6,6,1,49,8,-1,-1,-1,-1,9,E01027690,0,1
2025122500143,2025,122500143,1,9,0,9,9,1,5,0,0,2,0,0,0,0,1,1,6,6,3,-1,-1,-1,-1,-1,-1,-1,-1,0,-1
2025122500143,2025,122500143,2,1,0,18,19,1,5,0,0,2,0,0,0,0,3,1,5,6,2,25,5,-1,-1,-1,-1,10,E01027606,0,1
2025122500149,2025,122500149,1,9,0,16,19,7,3,0,0,0,1,0,7,4,1,1,5,6,1,25,5,-1,-1,-1,-1,8,E01010695,0,1
2025122500157,2025,122500157,1,9,0,16,19,4,8,0,0,0,1,7,1,0,4,1,6,6,1,45,7,-1,-1,-1,-1,1,E01011660,0,3
2025122500157,2025,122500157,2,9,0,16,19,4,8,0,0,0,0,0,1,0,1,1,6,6,1,70,10,-1,-1,-1,-1,6,E01030061,0,5
2025122500168,2025,122500168,1,9,0,16,19,8,4,0,0,0,5,10,7,1,1,1,5,6,2,73,10,-1,-1,-1,-1,2,E01027864,0,2
2025122500177,2025,122500177,1,9,0,14,14,8,4,0,0,0,0,0,0,0,1,1,5,6,1,79,11,-1,-1,-1,-1,8,E01027896,0,1
2025122500177,2025,122500177,2,9,0,2,2,0,0,0,0,0,0,10,0,0,1,1,5,6,1,50,8,-1,-1,-1,-1,9,E01027897,0,1
2025122500179,2025,122500179,1,9,0,18,19,4,8,0,0,2,0,0,0,0,1,1,6,6,2,73,10,-1,-1,-1,-1,9,E01027714,0,1
2025122500179,2025,122500179,2,1,0,18,19,3,7,0,0,1,0,0,0,0,2,1,6,6,1,66,10,-1,-1,-1,-1,9,E01027708,0,1
2025122500184,2025,122500184,2,21,0,18,19,1,5,0,0,1,0,0,0,0,1,1,1,1,1,65,9,-1,-1,-1,-1,7,E01027486,0,5
2025122500184,2025,122500184,1,9,0,10,10,1,5,0,0,5,0,0,0,0,2,1,1,1,1,27,6,-1,-1,-1,-1,5,E01027889,0,1
2025122500189,2025,122500189,1,3,0,4,4,6,2,0,0,0,0,0,0,0,2,1,5,6,2,19,4,-1,-1,-1,-1,2,E01013448,0,1
2025122500189,2025,122500189,2,9,0,18,19,6,2,0,0,0,0,0,0,0,1,1,5,6,1,21,5,-1,-1,-1,-1,7,E01013412,0,1
2025122500190,2025,122500190,1,9,0,18,19,6,2,0,0,0,1,0,0,0,1,1,5,6,1,18,4,-1,-1,-1,-1,6,E01027758,0,1
2025122500191,2025,122500191,1,9,0,18,19,1,5,0,0,0,0,0,0,0,4,1,6,6,1,33,6,-1,-1,-1,-1,9,E01027745,0,4
2025122500192,2025,122500192,2,9,0,18,19,4,8,0,0,4,0,0,0,0,2,1,5,6,2,35,6,-1,-1,-1,-1,7,E01013396,0,2
2025122500192,2025,122500192,1,9,0,18,19,4,8,0,0,4,0,0,0,0,1,1,5,6,1,39,7,-1,-1,-1,-1,-1,-1,0,-1
2025122500194,2025,122500194,2,9,0,16,19,8,4,0,0,0,0,0,0,0,1,1,6,6,1,51,8,-1,-1,-1,-1,9,E01027687,0,1
2025122500194,2025,122500194,1,9,0,4,4,8,4,0,0,0,0,0,1,0,2,1,6,6,2,39,7,-1,-1,-1,-1,9,E01027687,0,1
2025122500196,2025,122500196,1,9,0,7,7,8,4,0,0,8,0,0,0,0,4,1,6,6,2,49,8,-1,-1,-1,-1,2,E01013347,0,1
2025122500196,2025,122500196,2,1,0,18,19,8,4,4,4,1,0,0,0,0,1,1,2,2,2,37,7,-1,-1,-1,-1,8,E01013400,0,1