collision_index,collision_year,collision_ref_no,vehicle_reference,vehicle_type,towing_and_articulation,vehicle_manoeuvre_historic,vehicle_manoeuvre,vehicle_direction_from,vehicle_direction_to,vehicle_location_restricted_lane_historic,vehicle_location_restricted_lane,junction_location,skidding_and_overturning,hit_object_in_carriageway,vehicle_leaving_carriageway,hit_object_off_carriageway,first_point_of_impact,vehicle_left_hand_drive,journey_purpose_of_driver_historic,journey_purpose_of_driver,sex_of_driver,age_of_driver,age_band_of_driver,engine_capacity_cc,propulsion_code,age_of_vehicle,generic_make_model,driver_imd_decile,lsoa_of_driver,escooter_flag,driver_distance_banding
2025122500204,2025,122500204,1,3,0,18,19,4,8,0,0,3,0,10,0,0,3,1,6,6,1,23,5,-1,-1,-1,-1,9,E01013429,0,1
2025122500205,2025,122500205,1,9,0,9,9,5,3,0,0,1,0,0,0,0,4,2,5,6,1,25,5,-1,-1,-1,-1,10,E01034975,0,1
2025122500205,2025,122500205,2,5,0,18,19,1,5,0,0,1,0,0,0,0,1,1,6,6,1,23,5,-1,-1,-1,-1,6,E01027915,0,1
2025122500208,2025,122500208,2,9,0,18,19,6,2,0,0,0,1,0,1,9,1,1,5,6,1,38,7,-1,-1,-1,-1,6,E01027686,0,4
2025122500208,2025,122500208,1,5,0,18,19,2,6,0,0,0,1,0,0,0,1,1,5,6,1,64,9,-1,-1,-1,-1,10,E01027655,0,4
2025122500215,2025,122500215,1,1,0,18,19,5,1,0,0,1,0,0,0,0,1,1,6,6,1,25,5,-1,-1,-1,-1,10,E01013360,0,1
2025122500215,2025,122500215,2,9,0,4,4,3,7,0,0,1,0,0,0,0,4,1,6,6,2,32,6,-1,-1,-1,-1,9,E01034755,0,3
2025122500216,2025,122500216,1,9,0,17,19,3,7,0,0,0,0,0,7,0,1,1,2,2,1,46,8,-1,-1,-1,-1,1,E01011901,0,4
2025122500216,2025,122500216,2,9,0,16,19,7,3,0,0,0,0,0,0,0,1,1,5,6,2,26,6,-1,-1,-1,-1,8,E01013024,0,4
2025122500217,2025,122500217,1,9,0,9,9,1,7,0,0,6,0,0,0,0,1,1,1,1,1,49,8,-1,-1,-1,-1,5,E01010604,0,3
2025122500217,2025,122500217,2,9,0,9,9,5,1,0,0,5,1,0,0,0,0,1,5,6,2,19,4,-1,-1,-1,-1,6,E01010644,0,1
2025122500218,2025,122500218,1,9,0,18,19,1,5,0,0,0,1,0,1,9,1,1,5,6,2,20,4,-1,-1,-1,-1,9,E01008782,0,4
2025122500220,2025,122500220,1,9,0,10,10,3,7,0,0,1,0,0,0,0,2,1,5,6,2,37,7,-1,-1,-1,-1,8,E01027677,0,3
2025122500220,2025,122500220,2,21,0,18,19,3,7,0,0,8,0,0,0,0,1,1,1,1,1,68,10,-1,-1,-1,-1,5,E01027582,0,4
2025122500221,2025,122500221,2,1,0,18,19,5,1,0,0,2,0,0,0,0,4,1,1,1,1,75,10,-1,-1,-1,-1,9,E01027792,0,1
2025122500221,2025,122500221,1,9,0,5,5,3,5,0,0,2,0,0,0,0,1,1,5,6,1,56,9,-1,-1,-1,-1,5,E01027793,0,1
2025122500224,2025,122500224,1,9,0,7,7,8,4,0,0,1,0,0,0,0,1,1,5,6,2,50,8,-1,-1,-1,-1,1,E01011426,0,3
2025122500224,2025,122500224,2,9,0,18,19,6,2,0,0,8,0,0,1,11,4,1,5,6,1,86,11,-1,-1,-1,-1,9,E01027922,0,1
2025122500226,2025,122500226,1,9,0,17,19,2,6,0,0,0,5,0,1,9,1,1,5,6,1,21,5,-1,-1,-1,-1,9,E01000266,0,5
2025122500228,2025,122500228,1,19,0,7,7,1,7,0,0,8,5,0,1,1,1,1,1,1,1,50,8,-1,-1,-1,-1,4,E01012118,0,4
2025122500231,2025,122500231,1,9,0,18,19,8,4,0,0,0,2,0,7,11,3,1,5,6,1,56,9,-1,-1,-1,-1,6,E01027616,0,2
2025122500232,2025,122500232,1,8,0,17,19,8,4,0,0,0,2,0,0,0,1,1,3,7,1,43,7,-1,-1,-1,-1,2,E01010658,0,4
2025122500233,2025,122500233,2,9,0,3,3,1,5,0,0,1,0,0,0,0,2,1,5,6,2,27,6,-1,-1,-1,-1,7,E01027756,0,2
2025122500233,2025,122500233,1,9,0,18,19,1,5,0,0,1,0,0,0,0,1,1,5,6,1,35,6,-1,-1,-1,-1,10,E01034958,0,1
2025122500234,2025,122500234,1,9,0,18,19,5,1,0,0,1,0,0,0,0,1,1,6,6,2,46,8,-1,-1,-1,-1,4,E01034983,0,1
2025122500234,2025,122500234,2,9,0,9,9,1,7,0,0,1,0,0,0,0,1,1,6,6,2,26,6,-1,-1,-1,-1,8,E01013348,0,4
2025122500236,2025,122500236,1,9,0,6,6,5,5,0,0,0,0,0,0,0,3,1,2,2,2,27,6,-1,-1,-1,-1,9,E01027879,0,1
2025122500236,2025,122500236,2,5,0,18,19,5,1,0,0,0,0,0,0,0,4,1,5,6,1,36,7,-1,-1,-1,-1,6,E01027923,0,2
2025122500237,2025,122500237,2,8,0,18,19,3,7,0,0,8,0,0,0,0,1,1,6,6,2,59,9,-1,-1,-1,-1,9,E01027747,0,2
2025122500237,2025,122500237,1,9,0,9,9,5,3,0,0,8,0,0,0,0,3,1,6,6,2,32,6,-1,-1,-1,-1,7,E01027604,0,1
2025122500238,2025,122500238,2,3,0,18,19,5,1,0,0,1,0,0,0,0,0,1,6,6,1,50,8,-1,-1,-1,-1,10,E01027721,0,1
2025122500238,2025,122500238,1,8,0,9,9,3,1,0,0,6,0,0,0,0,0,1,6,6,3,-1,-1,-1,-1,-1,-1,-1,-1,0,-1
2025122500241,2025,122500241,1,3,0,18,19,5,1,0,0,1,1,0,0,0,0,1,2,2,2,35,6,-1,-1,-1,-1,3,E01011758,0,4
2025122500242,2025,122500242,1,9,0,18,19,1,5,0,0,0,0,0,5,6,1,1,5,6,2,18,4,-1,-1,-1,-1,3,E01011718,0,3
2025122500243,2025,122500243,2,5,0,3,3,6,2,0,0,0,0,0,0,0,1,1,6,6,1,36,7,-1,-1,-1,-1,8,E01034959,0,1
2025122500243,2025,122500243,1,19,0,1,1,2,6,0,0,0,0,0,0,0,2,1,1,1,1,-1,-1,-1,-1,-1,-1,-1,-1,0,-1
2025122500245,2025,122500245,1,9,0,18,19,7,3,0,0,0,0,0,0,0,3,1,5,6,1,58,9,-1,-1,-1,-1,10,E01027596,0,2
2025122500245,2025,122500245,2,9,0,18,19,3,7,0,0,0,1,6,8,11,2,1,2,2,1,48,8,-1,-1,-1,-1,7,E01027622,0,3
2025122500245,2025,122500245,3,9,0,18,19,7,3,0,0,0,0,0,0,0,3,1,5,6,1,52,8,-1,-1,-1,-1,7,E01027600,0,1
2025122500246,2025,122500246,2,9,0,18,19,5,1,0,0,0,0,0,1,10,1,1,6,6,1,72,10,-1,-1,-1,-1,8,E01027644,0,1
2025122500246,2025,122500246,1,9,0,18,19,1,5,0,0,0,0,0,0,0,1,1,6,6,2,88,11,-1,-1,-1,-1,7,E01027647,0,1
2025122500247,2025,122500247,1,9,0,18,19,5,1,0,0,1,0,0,0,0,0,1,6,6,3,-1,-1,-1,-1,-1,-1,-1,-1,0,-1
2025122500251,2025,122500251,1,9,0,9,9,3,8,0,0,1,0,0,0,0,4,1,5,6,1,38,7,-1,-1,-1,-1,1,E01027819,0,3
2025122500251,2025,122500251,2,9,0,18,19,6,3,0,0,1,0,0,0,0,1,1,5,6,2,44,7,-1,-1,-1,-1,4,E01027803,0,2
2025122500252,2025,122500252,1,1,0,18,19,8,4,4,4,0,0,0,0,0,1,1,6,6,2,28,6,-1,-1,-1,-1,10,E01013339,0,1
2025122500252,2025,122500252,2,1,0,18,19,8,4,0,0,0,0,0,0,0,2,1,6,6,3,-1,-1,-1,-1,-1,-1,-1,-1,0,-1
2025122500255,2025,122500255,2,9,0,9,9,5,1,0,0,1,0,0,0,0,1,1,2,2,1,62,9,-1,-1,-1,-1,4,E01034979,0,2
2025122500255,2025,122500255,1,9,0,18,19,1,5,0,0,1,0,0,1,0,1,1,2,2,2,33,6,-1,-1,-1,-1,10,E01034975,0,1
2025122500256,2025,122500256,2,9,0,5,5,5,3,0,0,4,0,0,0,0,3,1,5,6,1,46,8,-1,-1,-1,-1,9,E01027894,0,1
2025122500256,2025,122500256,1,1,0,18,19,7,3,0,0,3,0,0,0,0,1,1,1,1,2,50,8,-1,-1,-1,-1,3,E01027908,0,1
2025122500257,2025,122500257,1,19,0,1,1,6,2,0,0,0,0,0,0,0,2,1,1,1,3,-1,-1,-1,-1,-1,-1,-1,-1,0,-1
2025122500257,2025,122500257,2,9,0,3,3,2,6,0,0,0,0,0,0,0,1,1,5,6,2,38,7,-1,-1,-1,-1,7,E01027814,0,1
2025122500258,2025,122500258,1,9,0,9,9,1,7,0,0,5,0,0,0,0,4,1,6,6,2,54,8,-1,-1,-1,-1,6,E01013441,0,1
2025122500258,2025,122500258,2,1,0,18,19,5,1,4,4,8,0,0,0,0,1,1,6,6,1,21,5,-1,-1,-1,-1,1,E01008712,0,5
2025122500259,2025,122500259,2,9,0,18,19,3,7,0,0,0,0,0,0,0,2,1,5,6,2,61,9,-1,-1,-1,-1,8,E01027924,0,4
2025122500259,2025,122500259,1,9,0,18,19,3,7,0,0,0,1,0,0,0,1,1,5,6,2,31,6,-1,-1,-1,-1,6,E01035048,0,3
2025122500259,2025,122500259,3,9,0,18,19,3,7,0,0,0,0,0,0,0,2,1,5,6,1,51,8,-1,-1,-1,-1,7,E01025743,0,5
2025122500261,2025,122500261,2,1,0,18,19,4,8,0,0,8,0,0,0,0,1,1,5,6,2,71,10,-1,-1,-1,-1,9,E01027845,0,1
2025122500261,2025,122500261,1,9,0,7,7,7,8,0,0,6,0,0,0,0,3,1,5,6,2,45,7,-1,-1,-1,-1,9,E01027845,0,1
2025122500263,2025,122500263,2,9,0,17,19,8,4,0,0,0,2,0,0,0,1,1,6,6,1,47,8,-1,-1,-1,-1,7,E01010647,0,3
2025122500263,2025,122500263,3,9,0,17,19,8,4,0,0,0,1,0,1,11,1,1,6,6,1,48,8,-1,-1,-1,-1,10,E01010648,0,3
2025122500263,2025,122500263,5,9,0,17,19,8,4,0,0,0,0,0,0,0,3,1,6,6,2,46,8,-1,-1,-1,-1,7,E01010641,0,3
2025122500263,2025,122500263,1,19,0,17,19,8,4,0,0,0,2,0,1,11,1,1,6,6,1,24,5,-1,-1,-1,-1,6,E01010636,0,4
2025122500263,2025,122500263,6,9,0,17,19,8,4,0,0,0,1,0,0,0,1,1,6,6,2,52,8,-1,-1,-1,-1,9,E01010692,0,3
2025122500263,2025,122500263,4,9,0,17,19,8,4,0,0,0,1,0,1,11,1,1,6,6,1,42,7,-1,-1,-1,-1,10,E01010646,0,3
2025122500264,2025,122500264,1,90,0,1,1,6,2,0,0,1,0,0,0,0,4,1,1,1,2,31,6,-1,-1,-1,-1,9,E01027632,0,4
2025122500265,2025,122500265,2,1,0,18,19,7,3,0,0,3,0,0,0,0,4,1,1,1,1,41,7,-1,-1,-1,-1,6,E01027915,0,1
2025122500265,2025,122500265,1,9,0,18,19,1,5,0,0,4,0,0,0,0,1,1,5,6,2,34,6,-1,-1,-1,-1,10,E01034976,0,1
2025122500266,2025,122500266,1,5,0,17,19,5,1,0,0,1,0,0,1,0,0,1,5,6,1,43,7,-1,-1,-1,-1,7,E01027877,0,3
2025122500267,2025,122500267,3,9,0,3,3,1,5,0,0,0,0,0,0,0,2,1,6,6,1,49,8,-1,-1,-1,-1,8,E01007889,0,4
2025122500267,2025,122500267,2,9,0,3,3,1,5,0,0,0,0,0,0,0,2,1,6,6,1,25,5,-1,-1,-1,-1,4,E01034979,0,2
2025122500267,2025,122500267,1,9,0,18,19,1,5,0,0,0,1,0,0,0,1,1,6,6,1,36,7,-1,-1,-1,-1,8,E01027895,0,1
2025122500268,2025,122500268,1,99,0,1,1,9,9,0,0,1,0,0,0,0,2,9,6,6,3,-1,-1,-1,-1,-1,-1,-1,-1,0,-1
2025122500269,2025,122500269,1,9,0,18,19,1,5,0,0,0,0,0,0,0,1,1,6,6,1,40,7,-1,-1,-1,-1,7,E01027684,0,1
2025122500270,2025,122500270,1,19,0,9,9,4,1,0,0,4,0,0,0,0,1,1,1,1,1,42,7,-1,-1,-1,-1,3,E01012832,0,4
2025122500270,2025,122500270,2,1,0,18,19,8,4,0,0,4,0,0,0,0,1,1,1,1,1,59,9,-1,-1,-1,-1,9,E01027791,0,1
2025122500271,2025,122500271,1,9,4,18,19,4,8,0,0,0,0,0,7,11,3,1,5,6,1,24,5,-1,-1,-1,-1,5,E01019325,0,4
2025122500272,2025,122500272,2,3,0,18,19,1,5,0,0,8,0,0,0,0,3,1,1,1,1,26,6,-1,-1,-1,-1,10,E01027595,0,3
2025122500272,2025,122500272,1,9,0,9,9,5,3,0,0,8,0,0,0,0,1,1,5,6,1,60,9,-1,-1,-1,-1,10,E01013433,0,1
2025122500273,2025,122500273,1,9,0,18,19,6,2,0,0,0,0,0,0,0,2,1,5,6,2,61,9,-1,-1,-1,-1,10,E01027561,0,1
2025122500273,2025,122500273,2,9,0,18,19,6,2,0,0,0,0,0,0,0,1,1,2,2,2,36,7,-1,-1,-1,-1,10,E01027561,0,1
2025122500274,2025,122500274,1,19,0,1,1,3,7,0,0,0,0,0,0,0,2,1,1,1,1,42,7,-1,-1,-1,-1,5,E01027608,0,4
2025122500275,2025,122500275,1,9,0,18,19,7,3,0,0,0,1,0,1,11,1,1,6,6,1,39,7,-1,-1,-1,-1,7,W01000115,0,5
2025122500276,2025,122500276,1,9,0,7,7,3,4,0,0,8,0,0,0,0,1,1,6,6,3,-1,-1,-1,-1,-1,-1,-1,-1,0,-1
2025122500277,2025,122500277,1,9,0,18,19,4,8,0,0,0,0,0,1,10,1,1,6,6,1,19,4,-1,-1,-1,-1,10,E01013411,0,1
2025122500278,2025,122500278,2,9,0,18,19,1,5,0,0,0,0,0,1,0,1,1,6,6,1,21,5,-1,-1,-1,-1,3,E01027629,0,4
2025122500278,2025,122500278,1,9,0,18,19,5,1,0,0,0,0,0,0,0,1,1,6,6,2,73,10,-1,-1,-1,-1,7,E01027622,0,1
2025122500279,2025,122500279,1,20,0,18,19,6,2,0,0,1,0,0,0,0,1,1,1,1,1,28,6,-1,-1,-1,-1,1,E01008887,0,5
2025122500280,2025,122500280,1,9,0,18,19,8,4,0,0,0,0,0,0,0,1,1,5,6,2,19,4,-1,-1,-1,-1,5,E01027793,0,4
2025122500280,2025,122500280,2,9,0,18,19,8,4,0,0,0,0,0,0,0,2,1,5,6,1,59,9,-1,-1,-1,-1,9,E01013438,0,2
2025122500281,2025,122500281,1,9,0,18,19,6,2,0,0,1,0,0,0,0,1,1,2,2,1,25,5,-1,-1,-1,-1,5,E01027851,0,1
2025122500282,2025,122500282,1,1,0,18,19,7,3,0,0,1,0,0,0,0,1,1,6,6,1,69,10,-1,-1,-1,-1,6,E01010765,0,3
2025122500284,2025,122500284,1,3,0,18,19,8,4,0,0,0,0,0,1,0,1,1,2,2,1,19,4,-1,-1,-1,-1,4,E01013390,0,4
2025122500285,2025,122500285,1,9,0,18,19,1,5,0,0,0,0,0,0,0,1,1,6,6,2,24,5,-1,-1,-1,-1,7,E01027877,0,1
2025122500285,2025,122500285,2,9,0,18,19,1,5,0,0,0,0,0,0,0,2,1,6,6,2,22,5,-1,-1,-1,-1,7,E01027877,0,1
2025122500286,2025,122500286,1,9,0,7,7,5,7,0,0,5,0,0,0,0,1,1,6,6,1,80,11,-1,-1,-1,-1,5,E01013446,0,1
2025122500286,2025,122500286,2,1,0,17,19,3,7,0,0,1,0,0,0,0,4,1,2,2,2,61,9,-1,-1,-1,-1,6,E01013384,0,1
2025122500287,2025,122500287,2,9,0,18,19,7,3,0,0,8,0,0,0,0,1,1,5,6,1,61,9,-1,-1,-1,-1,7,E01027592,0,4
2025122500287,2025,122500287,1,9,0,9,9,3,1,0,0,1,0,0,0,0,1,1,6,6,1,34,6,-1,-1,-1,-1,8,E01034964,0,1
2025122500288,2025,122500288,1,9,0,18,19,6,3,0,0,1,0,0,0,0,2,1,5,6,2,72,10,-1,-1,-1,-1,4,E01027840,0,2
2025122500288,2025,122500288,2,9,0,3,3,6,3,0,0,1,0,0,0,0,2,1,5,6,1,42,7,-1,-1,-1,-1,7,E01012207,0,4
2025122500289,2025,122500289,2,19,0,17,19,5,1,0,0,8,0,0,1,0,1,1,6,6,1,78,11,-1,-1,-1,-1,10,E01013351,0,4
2025122500289,2025,122500289,1,9,0,9,9,1,5,0,0,1,0,0,0,0,1,1,6,6,2,35,6,-1,-1,-1,-1,10,E01027607,0,2
2025122500290,2025,122500290,2,1,0,2,2,0,0,0,0,8,0,0,0,0,4,1,5,6,1,-1,-1,-1,-1,-1,-1,-1,-1,0,-1
2025122500290,2025,122500290,1,9,0,16,19,4,7,0,0,8,0,0,0,0,1,1,5,6,2,23,5,-1,-1,-1,-1,6,E01027628,0,1
2025122500291,2025,122500291,2,90,0,18,19,3,7,0,0,0,0,0,0,0,2,1,6,6,3,-1,-1,-1,-1,-1,-1,-1,-1,0,-1
2025122500291,2025,122500291,1,19,0,18,19,3,7,0,0,0,0,12,0,0,1,1,1,1,1,31,6,-1,-1,-1,-1,1,E01007491,0,2
2025122500292,2025,122500292,2,9,0,18,19,1,5,0,0,0,0,0,0,0,4,1,6,6,2,57,9,-1,-1,-1,-1,6,E01034984,0,1
2025122500292,2025,122500292,1,9,0,1,1,7,3,0,0,0,0,0,0,0,1,1,6,6,2,19,4,-1,-1,-1,-1,9,E01027903,0,2
2025122500293,2025,122500293,1,9,0,7,7,3,5,0,0,5,0,0,0,0,1,1,5,6,1,53,8,-1,-1,-1,-1,10,E01013436,0,1
2025122500294,2025,122500294,1,9,0,4,4,8,4,0,0,0,0,0,0,0,1,1,2,2,2,43,7,-1,-1,-1,-1,5,E01011400,0,4
2025122500294,2025,122500294,3,9,0,3,3,8,4,0,0,0,0,0,0,0,2,1,2,2,1,19,4,-1,-1,-1,-1,10,E01011703,0,2
2025122500294,2025,122500294,5,9,0,18,19,4,8,0,0,0,0,0,0,0,3,1,2,2,1,23,5,-1,-1,-1,-1,10,E01027732,0,1
2025122500294,2025,122500294,2,9,0,3,3,8,4,0,0,0,0,0,0,0,2,1,2,2,2,33,6,-1,-1,-1,-1,6,E01011704,0,2
2025122500294,2025,122500294,4,9,0,3,3,8,4,0,0,0,0,0,0,0,2,1,2,2,1,46,8,-1,-1,-1,-1,10,E01033496,0,4
2025122500295,2025,122500295,1,1,0,18,19,7,3,0,0,0,0,0,0,0,1,1,6,6,1,47,8,-1,-1,-1,-1,6,E01013441,0,1
2025122500297,2025,122500297,3,9,0,4,4,1,5,0,0,0,0,0,0,0,1,1,5,6,2,22,5,-1,-1,-1,-1,3,E01005310,0,4
2025122500297,2025,122500297,4,9,0,4,4,1,5,0,0,0,0,0,0,0,2,1,5,6,1,39,7,-1,-1,-1,-1,5,E01011892,0,4
2025122500297,2025,122500297,2,9,0,4,4,1,5,0,0,0,0,0,5,6,2,1,5,6,1,68,10,-1,-1,-1,-1,5,E01026783,0,5
2025122500297,2025,122500297,1,19,0,4,4,1,5,0,0,0,0,0,0,0,1,1,1,1,1,32,6,-1,-1,-1,-1,6,E01033033,0,4
2025122500298,2025,122500298,1,9,0,9,9,1,7,0,0,6,0,0,0,0,3,1,6,6,2,38,7,-1,-1,-1,-1,4,E01013416,0,1
2025122500298,2025,122500298,2,3,0,18,19,7,3,0,0,1,0,0,0,0,1,1,6,6,1,58,9,-1,-1,-1,-1,6,E01013383,0,1
2025122500299,2025,122500299,1,19,0,1,1,5,1,0,0,0,0,0,0,0,2,1,1,1,1,29,6,-1,-1,-1,-1,7,E01027646,0,1
2025122500300,2025,122500300,1,9,0,14,14,3,7,0,0,0,0,0,0,0,1,9,6,6,3,-1,-1,-1,-1,-1,-1,-1,-1,0,-1
2025122500301,2025,122500301,2,9,0,8,8,1,3,0,0,1,0,0,0,0,2,1,6,6,2,49,8,-1,-1,-1,-1,8,E01027635,0,2
2025122500301,2025,122500301,1,9,0,8,8,1,3,0,0,1,0,0,0,0,1,1,6,6,1,36,7,-1,-1,-1,-1,9,E01027631,0,3
2025122500302,2025,122500302,1,5,0,13,13,3,7,0,0,0,0,0,1,9,1,1,6,6,1,60,9,-1,-1,-1,-1,3,E01011242,0,4
2025122500302,2025,122500302,2,9,0,18,19,7,3,0,0,0,0,0,0,0,3,1,5,6,1,33,6,-1,-1,-1,-1,10,E01027914,0,1
2025122500302,2025,122500302,3,9,0,18,19,3,7,0,0,0,0,0,0,0,3,1,5,6,1,46,8,-1,-1,-1,-1,1,E01011659,0,3
2025122500303,2025,122500303,2,21,1,18,19,1,5,0,0,0,0,0,0,0,2,1,1,1,1,27,6,-1,-1,-1,-1,3,E01034510,0,4
2025122500303,2025,122500303,1,9,0,18,19,1,5,0,0,0,0,0,0,0,1,1,1,1,1,41,7,-1,-1,-1,-1,3,W01001832,0,5
2025122500305,2025,122500305,1,4,0,17,19,7,2,0,0,8,1,0,0,0,0,1,5,6,1,63,9,-1,-1,-1,-1,4,E01027841,0,1
2025122500306,2025,122500306,1,9,0,9,9,5,3,0,0,8,0,0,0,0,1,1,6,6,2,59,9,-1,-1,-1,-1,10,E01027675,0,1
2025122500307,2025,122500307,1,9,0,9,9,7,5,0,0,6,0,0,0,0,1,1,6,6,1,18,4,-1,-1,-1,-1,7,E01027647,0,1
2025122500307,2025,122500307,2,9,0,18,19,5,1,0,0,8,1,0,1,4,1,1,6,6,2,36,7,-1,-1,-1,-1,8,E01027695,0,1
2025122500308,2025,122500308,3,9,0,4,4,1,5,0,0,0,1,0,0,0,1,1,2,2,2,27,6,-1,-1,-1,-1,3,E01034509,0,4
2025122500308,2025,122500308,2,9,0,3,3,1,5,0,0,0,0,0,0,0,1,1,3,7,2,36,7,-1,-1,-1,-1,8,E01027771,0,1
2025122500308,2025,122500308,1,9,0,3,3,1,5,0,0,0,0,0,0,0,2,1,2,2,1,21,5,-1,-1,-1,-1,10,E01025015,0,4
2025122500309,2025,122500309,1,9,0,17,19,7,3,0,0,0,1,0,1,4,1,1,2,2,1,18,4,-1,-1,-1,-1,8,E01027688,0,1
2025122500310,2025,122500310,1,9,0,18,19,5,1,0,0,2,0,0,0,0,1,1,3,7,1,70,10,-1,-1,-1,-1,7,E01027756,0,1
2025122500311,2025,122500311,1,4,0,4,4,7,3,0,0,1,0,0,0,0,1,1,1,1,1,30,6,-1,-1,-1,-1,4,E01012776,0,4
2025122500311,2025,122500311,2,9,0,4,4,7,3,0,0,1,0,0,0,0,2,1,5,6,2,64,9,-1,-1,-1,-1,6,E01027720,0,3
2025122500312,2025,122500312,1,9,0,17,19,7,3,0,0,0,5,0,1,4,1,1,5,6,1,48,8,-1,-1,-1,-1,2,E01027579,0,4
2025122500312,2025,122500312,2,9,0,16,19,3,7,0,0,0,0,0,0,0,1,1,6,6,3,-1,-1,-1,-1,-1,-1,-1,-1,0,-1
2025122500313,2025,122500313,2,19,0,10,10,8,6,0,0,5,0,0,0,0,2,1,1,1,1,41,7,-1,-1,-1,-1,9,E01011398,0,4
2025122500313,2025,122500313,1,9,0,18,19,8,4,0,0,8,0,0,0,0,1,1,5,6,1,19,4,-1,-1,-1,-1,6,E01011883,0,4
2025122500314,2025,122500314,2,9,0,9,9,8,4,0,0,1,0,0,7,4,2,1,5,6,2,46,8,-1,-1,-1,-1,10,E01027576,0,1
2025122500314,2025,122500314,1,9,4,18,19,8,4,0,0,1,0,0,0,0,1,1,1,1,1,83,11,-1,-1,-1,-1,10,E01019393,0,4
2025122500315,2025,122500315,2,9,0,18,19,1,5,0,0,0,0,0,0,0,3,1,1,1,2,46,8,-1,-1,-1,-1,-1,-1,0,-1
2025122500315,2025,122500315,1,9,0,18,19,1,5,0,0,0,0,0,0,0,4,1,6,6,1,25,5,-1,-1,-1,-1,6,E01019336,0,5
2025122500315,2025,122500315,3,21,1,18,19,1,5,0,0,0,0,0,0,0,3,1,6,6,1,42,7,-1,-1,-1,-1,6,E01025897,0,5
2025122500316,2025,122500316,1,9,0,9,9,5,3,0,0,8,0,0,0,0,1,1,5,6,1,34,6,-1,-1,-1,-1,3,E01013386,0,1
2025122500316,2025,122500316,2,9,0,18,19,1,5,0,0,8,0,0,0,0,1,1,5,6,2,36,7,-1,-1,-1,-1,3,E01013394,0,1
2025122500320,2025,122500320,2,9,0,18,19,3,7,0,0,0,0,0,0,0,3,1,5,6,1,74,10,-1,-1,-1,-1,7,E01027633,0,2
2025122500320,2025,122500320,1,19,0,18,19,7,3,0,0,0,0,0,7,0,3,1,5,6,1,74,10,-1,-1,-1,-1,4,E01027609,0,1
2025122500321,2025,122500321,1,9,0,18,19,4,8,0,0,0,2,0,0,0,4,1,6,6,1,18,4,-1,-1,-1,-1,6,E01010644,0,1
2025122500322,2025,122500322,2,9,0,18,19,6,2,0,0,1,0,0,0,0,1,1,5,6,2,83,11,-1,-1,-1,-1,10,E01012071,0,1
2025122500322,2025,122500322,1,9,0,9,9,6,4,0,0,1,0,0,0,0,2,1,1,1,2,27,6,-1,-1,-1,-1,10,E01027598,0,1
2025122500323,2025,122500323,2,3,0,18,19,7,3,0,0,1,0,0,0,0,1,1,5,6,1,16,4,-1,-1,-1,-1,8,E01027640,0,1
2025122500323,2025,122500323,1,9,0,9,9,3,1,0,0,5,0,0,0,0,1,1,5,6,2,25,5,-1,-1,-1,-1,9,E01027690,0,1
2025122500324,2025,122500324,2,19,0,9,9,6,3,0,0,8,0,0,0,0,3,1,1,1,1,38,7,-1,-1,-1,-1,1,E01025293,0,4
2025122500324,2025,122500324,1,11,0,18,19,6,2,0,0,1,0,0,0,0,1,1,1,1,1,60,9,-1,-1,-1,-1,1,E01024857,0,3
2025122500326,2025,122500326,3,9,0,17,19,7,4,0,0,4,0,7,7,1,4,1,6,6,2,51,8,-1,-1,-1,-1,6,E01025351,0,4
2025122500326,2025,122500326,2,9,0,4,4,7,4,0,0,3,0,0,0,0,4,1,6,6,1,39,7,-1,-1,-1,-1,9,E01027725,0,2
2025122500326,2025,122500326,1,9,0,17,19,7,4,0,0,8,0,0,0,0,1,1,6,6,2,60,9,-1,-1,-1,-1,10,E01032549,0,4
2025122500327,2025,122500327,2,1,0,18,19,3,7,0,0,8,0,0,0,0,4,1,6,6,1,45,7,-1,-1,-1,-1,7,E01027601,0,2
2025122500327,2025,122500327,1,9,0,18,19,5,1,0,0,8,0,0,0,0,3,1,6,6,1,62,9,-1,-1,-1,-1,5,E01027800,0,3
2025122500328,2025,122500328,1,9,0,3,3,3,7,0,0,1,0,0,0,0,1,1,1,1,1,26,6,-1,-1,-1,-1,8,E01027617,0,3
2025122500329,2025,122500329,1,9,0,18,19,3,7,0,0,2,0,0,0,0,4,1,2,2,2,38,7,-1,-1,-1,-1,5,E01027796,0,2
2025122500332,2025,122500332,1,9,0,8,8,3,5,0,0,6,0,0,0,0,1,1,6,6,2,36,7,-1,-1,-1,-1,3,E01013445,0,1
2025122500333,2025,122500333,1,99,0,18,19,2,6,0,0,0,0,0,0,0,9,9,6,6,3,-1,-1,-1,-1,-1,-1,-1,-1,0,-1
2025122500334,2025,122500334,2,17,0,17,19,7,3,0,0,0,0,0,0,0,1,1,1,1,1,35,6,-1,-1,-1,-1,10,E01027641,0,2