collision_index,collision_year,collision_ref_no,vehicle_reference,vehicle_type,towing_and_articulation,vehicle_manoeuvre_historic,vehicle_manoeuvre,vehicle_direction_from,vehicle_direction_to,vehicle_location_restricted_lane_historic,vehicle_location_restricted_lane,junction_location,skidding_and_overturning,hit_object_in_carriageway,vehicle_leaving_carriageway,hit_object_off_carriageway,first_point_of_impact,vehicle_left_hand_drive,journey_purpose_of_driver_historic,journey_purpose_of_driver,sex_of_driver,age_of_driver,age_band_of_driver,engine_capacity_cc,propulsion_code,age_of_vehicle,generic_make_model,driver_imd_decile,lsoa_of_driver,escooter_flag,driver_distance_banding
2025122500334,2025,122500334,1,9,0,16,19,3,7,0,0,0,0,0,0,0,1,1,4,7,1,18,4,-1,-1,-1,-1,7,E01011700,0,1
2025122500335,2025,122500335,2,1,0,18,19,5,1,0,0,1,0,0,0,0,2,1,2,2,1,29,6,-1,-1,-1,-1,9,E01013414,0,4
2025122500335,2025,122500335,1,9,0,7,7,5,7,0,0,5,0,0,0,0,4,1,1,1,1,20,4,-1,-1,-1,-1,7,E01027647,0,2
2025122500336,2025,122500336,1,9,0,18,19,7,3,0,0,1,0,0,0,0,1,1,5,6,1,60,9,-1,-1,-1,-1,4,E01003062,0,5
2025122500336,2025,122500336,2,9,0,10,10,7,3,0,0,1,0,0,0,0,2,1,5,6,1,38,7,-1,-1,-1,-1,5,E01027776,0,1
2025122500337,2025,122500337,1,9,0,18,19,1,5,0,0,0,0,0,0,0,1,1,2,2,1,55,8,-1,-1,-1,-1,8,E01027695,0,1
2025122500338,2025,122500338,2,9,0,9,9,6,3,0,0,2,0,0,0,0,1,1,6,6,2,67,10,-1,-1,-1,-1,7,E01027585,0,3
2025122500338,2025,122500338,1,9,0,18,19,3,8,0,0,1,0,0,0,0,4,1,6,6,1,23,5,-1,-1,-1,-1,6,E01027763,0,1
2025122500341,2025,122500341,1,1,0,18,19,4,8,0,0,1,0,0,0,0,3,1,2,2,2,52,8,-1,-1,-1,-1,9,E01013392,0,1
2025122500341,2025,122500341,2,4,0,9,9,4,6,0,0,1,0,0,0,0,1,1,6,6,1,82,11,-1,-1,-1,-1,9,E01013392,0,1
2025122500342,2025,122500342,1,9,0,18,19,2,6,0,0,0,0,0,0,0,2,1,2,2,2,28,6,-1,-1,-1,-1,9,E01027922,0,1
2025122500343,2025,122500343,2,9,0,18,19,7,3,0,0,2,0,0,0,0,4,1,6,6,1,30,6,-1,-1,-1,-1,7,E01027633,0,3
2025122500343,2025,122500343,1,8,0,9,9,5,3,0,0,6,0,0,0,0,4,1,1,1,1,53,8,-1,-1,-1,-1,8,E01027746,0,3
2025122500344,2025,122500344,1,9,0,7,7,1,3,0,0,0,1,7,7,9,1,1,5,6,1,21,5,-1,-1,-1,-1,10,E01013061,0,2
2025122500345,2025,122500345,2,9,0,18,19,5,1,0,0,8,0,0,0,0,4,1,5,6,2,50,8,-1,-1,-1,-1,9,E01027687,0,1
2025122500345,2025,122500345,1,11,0,7,7,7,1,0,0,8,0,0,0,0,1,1,1,1,1,36,7,-1,-1,-1,-1,6,E01027726,0,3
2025122500346,2025,122500346,1,9,0,18,19,5,1,0,0,1,0,0,7,0,1,1,5,6,1,72,10,-1,-1,-1,-1,3,-1,0,5
2025122500346,2025,122500346,2,9,0,2,2,0,0,9,9,1,0,0,0,0,1,1,1,1,1,61,9,-1,-1,-1,-1,5,E01034968,0,3
2025122500347,2025,122500347,1,9,0,18,19,4,1,0,0,0,5,0,1,4,4,1,5,6,1,62,9,-1,-1,-1,-1,8,-1,0,5
2025122500348,2025,122500348,1,20,0,18,19,3,7,0,0,0,0,0,0,0,1,1,1,1,1,65,9,-1,-1,-1,-1,7,E01027816,0,1
2025122500348,2025,122500348,2,1,0,18,19,5,1,0,0,0,0,0,0,0,3,1,6,6,1,24,5,-1,-1,-1,-1,7,E01027860,0,1
2025122500349,2025,122500349,2,9,0,18,19,1,5,0,0,0,1,0,1,10,3,1,2,2,1,32,6,-1,-1,-1,-1,5,E01027892,0,1
2025122500349,2025,122500349,1,9,0,18,19,5,1,0,0,0,1,0,1,0,2,1,6,6,1,21,5,-1,-1,-1,-1,9,E01011419,0,3
2025122500352,2025,122500352,1,9,0,18,19,3,7,0,0,0,5,0,7,10,1,1,6,6,2,24,5,-1,-1,-1,-1,9,E01027588,0,2
2025122500353,2025,122500353,2,9,0,5,5,5,7,0,0,6,0,0,0,0,3,1,5,6,1,76,11,-1,-1,-1,-1,5,E01027773,0,1
2025122500353,2025,122500353,1,9,0,18,19,3,7,0,0,1,0,0,0,0,1,1,5,6,2,20,4,-1,-1,-1,-1,9,E01027765,0,1
2025122500355,2025,122500355,1,9,0,4,4,4,8,0,0,1,0,7,0,0,3,1,5,6,1,77,11,-1,-1,-1,-1,2,E01013444,0,1
2025122500356,2025,122500356,1,9,0,4,4,2,6,0,0,1,0,0,0,0,1,1,5,6,2,41,7,-1,-1,-1,-1,9,E01027631,0,3
2025122500356,2025,122500356,2,9,0,3,3,2,6,0,0,1,0,0,0,0,2,1,5,6,1,64,9,-1,-1,-1,-1,4,E01027609,0,1
2025122500357,2025,122500357,1,9,0,18,19,1,5,0,0,1,0,10,1,4,1,1,6,6,1,89,11,-1,-1,-1,-1,8,E01013428,0,1
2025122500357,2025,122500357,2,9,0,9,9,1,5,0,0,1,0,0,0,0,0,1,6,6,3,-1,-1,-1,-1,-1,-1,-1,-1,0,-1
2025122500359,2025,122500359,2,19,0,18,19,5,1,0,0,1,0,0,7,0,1,1,3,7,1,49,8,-1,-1,-1,-1,6,E01027797,0,1
2025122500359,2025,122500359,1,9,0,18,19,7,3,0,0,1,0,0,0,0,1,1,2,2,1,62,9,-1,-1,-1,-1,9,E01027792,0,3
2025122500360,2025,122500360,1,9,0,18,19,2,6,0,0,4,0,0,0,0,1,1,5,6,1,40,7,-1,-1,-1,-1,5,E01013382,0,1
2025122500360,2025,122500360,3,1,0,18,19,1,4,0,0,8,0,0,0,0,4,1,5,6,1,47,8,-1,-1,-1,-1,9,E01013368,0,1
2025122500360,2025,122500360,2,1,0,18,19,1,4,0,0,8,0,0,0,0,4,1,5,6,1,54,8,-1,-1,-1,-1,9,E01013368,0,1
2025122500361,2025,122500361,1,9,0,9,9,3,1,0,0,5,0,0,0,0,3,1,6,6,1,86,11,-1,-1,-1,-1,-1,-1,0,-1
2025122500361,2025,122500361,2,3,0,13,13,3,7,0,0,8,0,0,7,0,1,1,6,6,1,18,4,-1,-1,-1,-1,5,E01027793,0,1
2025122500362,2025,122500362,2,9,0,3,3,1,5,0,0,0,0,0,0,0,2,1,5,6,1,60,9,-1,-1,-1,-1,4,E01034983,0,1
2025122500362,2025,122500362,1,3,0,18,19,1,5,0,0,0,0,0,0,0,1,1,4,7,1,17,4,-1,-1,-1,-1,5,E01027889,0,2
2025122500363,2025,122500363,1,9,0,9,9,7,5,0,0,6,1,0,0,0,1,1,2,2,2,43,7,-1,-1,-1,-1,9,E01027894,0,3
2025122500363,2025,122500363,2,5,0,15,15,5,1,0,0,8,0,0,0,0,3,1,2,2,1,32,6,-1,-1,-1,-1,-1,-1,0,-1
2025122500364,2025,122500364,1,19,0,18,19,3,7,0,0,1,0,0,0,0,0,1,6,6,3,-1,-1,-1,-1,-1,-1,-1,-1,0,-1
2025122500364,2025,122500364,2,16,0,18,19,6,7,0,0,1,0,0,0,0,0,1,5,6,2,54,8,-1,-1,-1,-1,7,E01027627,0,2
2025122500367,2025,122500367,1,9,0,9,9,2,6,0,0,8,0,0,0,0,1,1,2,2,2,28,6,-1,-1,-1,-1,8,E01027668,0,1
2025122500367,2025,122500367,2,1,0,18,19,4,8,9,9,1,0,0,0,0,4,1,2,2,2,26,6,-1,-1,-1,-1,7,E01027673,0,1
2025122500368,2025,122500368,2,3,0,14,14,5,1,0,0,1,0,0,0,0,1,1,1,1,1,39,7,-1,-1,-1,-1,1,E01012267,0,4
2025122500368,2025,122500368,1,9,0,9,9,7,5,0,0,8,0,0,0,0,3,1,6,6,3,41,7,-1,-1,-1,-1,6,E01013364,0,1
2025122500370,2025,122500370,1,9,0,7,7,3,7,0,0,6,0,0,0,0,1,1,6,6,2,84,11,-1,-1,-1,-1,9,E01013357,0,1
2025122500370,2025,122500370,2,9,0,9,9,7,3,0,0,5,0,0,0,0,3,1,6,6,1,28,6,-1,-1,-1,-1,1,E01011370,0,4
2025122500371,2025,122500371,2,1,0,5,5,4,1,0,0,6,0,0,0,0,3,1,4,7,1,11,3,-1,-1,-1,-1,10,E01013411,0,1
2025122500371,2025,122500371,1,9,0,9,9,1,7,0,0,1,0,0,0,0,1,1,5,6,2,79,11,-1,-1,-1,-1,7,E01013419,0,1
2025122500372,2025,122500372,4,9,0,18,19,7,3,0,0,1,0,0,0,0,1,1,6,6,2,37,7,-1,-1,-1,-1,9,E01013414,0,2
2025122500372,2025,122500372,2,9,0,3,3,7,3,0,0,1,0,0,0,0,2,1,6,6,2,49,8,-1,-1,-1,-1,7,E01027696,0,3
2025122500372,2025,122500372,3,9,0,3,3,7,3,0,0,1,0,0,0,0,2,1,6,6,1,22,5,-1,-1,-1,-1,7,E01027696,0,2
2025122500372,2025,122500372,1,19,0,3,3,7,3,0,0,1,0,0,0,0,2,1,1,1,1,60,9,-1,-1,-1,-1,9,E01013341,0,2
2025122500373,2025,122500373,1,9,0,18,19,1,5,0,0,4,0,0,0,0,1,1,6,6,2,21,5,-1,-1,-1,-1,3,E01012162,0,3
2025122500373,2025,122500373,2,9,0,9,9,7,5,0,0,8,0,0,0,0,4,2,6,6,2,67,10,-1,-1,-1,-1,10,E01027623,0,1
2025122500374,2025,122500374,2,19,0,18,19,1,5,0,0,0,0,0,0,0,1,1,6,6,3,-1,-1,-1,-1,-1,-1,-1,-1,0,-1
2025122500374,2025,122500374,1,19,0,18,19,5,1,0,0,0,0,0,0,0,1,1,1,1,1,41,7,-1,-1,-1,-1,3,E01012277,0,4
2025122500375,2025,122500375,2,9,0,18,19,1,5,0,0,0,0,0,0,0,1,1,5,6,1,70,10,-1,-1,-1,-1,7,E01027601,0,3
2025122500375,2025,122500375,1,9,0,9,9,7,3,0,0,0,0,0,1,0,3,1,5,6,2,59,9,-1,-1,-1,-1,5,E01027778,0,3
2025122500376,2025,122500376,2,1,0,16,19,2,5,0,0,1,0,0,0,0,1,1,5,6,1,50,8,-1,-1,-1,-1,8,E01027586,0,2
2025122500376,2025,122500376,1,9,0,13,13,5,2,0,0,1,0,0,0,0,1,1,5,6,1,24,5,-1,-1,-1,-1,10,E01027555,0,2
2025122500377,2025,122500377,2,19,0,18,19,6,2,0,0,0,0,0,0,0,0,1,1,1,1,54,8,-1,-1,-1,-1,4,E01027787,0,3
2025122500377,2025,122500377,1,9,0,13,13,6,2,0,0,0,2,0,8,4,1,1,2,2,2,30,6,-1,-1,-1,-1,10,E01013440,0,3
2025122500378,2025,122500378,2,9,0,10,10,2,1,0,0,1,0,0,0,0,2,1,5,6,1,67,10,-1,-1,-1,-1,5,E01027594,0,3
2025122500378,2025,122500378,1,20,0,18,19,2,6,0,0,6,0,0,0,0,1,1,1,1,1,20,4,-1,-1,-1,-1,6,E01011070,0,4
2025122500379,2025,122500379,1,21,0,16,19,3,7,0,0,0,5,0,7,8,1,1,1,1,1,30,6,-1,-1,-1,-1,8,E01034967,0,4
2025122500380,2025,122500380,1,21,2,7,7,3,5,9,9,8,0,0,0,0,1,1,1,1,1,48,8,-1,-1,-1,-1,6,E01027780,0,4
2025122500381,2025,122500381,1,9,0,1,1,3,7,0,0,2,0,0,0,0,2,9,6,6,3,-1,-1,-1,-1,-1,-1,-1,-1,0,-1
2025122500381,2025,122500381,2,9,0,18,19,7,3,0,0,2,0,0,0,0,1,1,6,6,1,32,6,-1,-1,-1,-1,1,E01010938,0,4
2025122500382,2025,122500382,1,9,0,18,19,5,1,9,9,0,0,0,0,0,1,1,6,6,1,54,8,-1,-1,-1,-1,6,E01013442,0,3
2025122500383,2025,122500383,1,9,0,7,7,7,1,0,0,8,0,0,0,0,1,1,5,6,3,-1,-1,-1,-1,-1,-1,-1,-1,0,-1
2025122500385,2025,122500385,1,9,0,10,10,1,3,0,0,1,0,0,0,0,1,1,6,6,1,17,4,-1,-1,-1,-1,7,E01027724,0,2
2025122500385,2025,122500385,2,9,0,5,5,5,1,0,0,1,0,0,0,0,0,1,6,6,3,-1,-1,-1,-1,-1,-1,-1,-1,0,-1
2025122500386,2025,122500386,2,9,0,18,19,5,1,0,0,0,0,0,0,0,2,1,1,1,2,19,4,-1,-1,-1,-1,-1,-1,0,-1
2025122500386,2025,122500386,1,5,0,18,19,5,1,0,0,0,0,0,0,0,1,1,5,6,1,65,9,-1,-1,-1,-1,6,E01011273,0,4
2025122500387,2025,122500387,1,5,0,16,19,7,3,0,0,0,0,0,0,0,1,1,6,6,1,55,8,-1,-1,-1,-1,7,E01011998,0,4
2025122500387,2025,122500387,2,9,0,17,19,3,7,0,0,0,0,0,1,0,3,1,6,6,2,52,8,-1,-1,-1,-1,7,E01027646,0,1
2025122500389,2025,122500389,1,9,0,18,19,7,3,0,0,0,0,0,0,0,4,1,6,6,1,22,5,-1,-1,-1,-1,2,E01027864,0,1
2025122500390,2025,122500390,1,1,0,18,19,4,8,0,0,0,0,0,0,0,1,1,2,2,2,29,6,-1,-1,-1,-1,8,E01013348,0,1
2025122500391,2025,122500391,1,9,0,18,19,4,8,0,0,0,0,0,1,4,1,1,5,6,1,65,9,-1,-1,-1,-1,2,E01010717,0,4
2025122500392,2025,122500392,1,9,0,9,9,7,3,0,0,1,0,0,3,7,3,1,5,6,1,91,11,-1,-1,-1,-1,6,E01027557,0,1
2025122500392,2025,122500392,2,9,0,18,19,3,7,0,0,1,0,0,7,7,1,1,5,6,1,79,11,-1,-1,-1,-1,9,E01011708,0,4
2025122500393,2025,122500393,2,9,0,8,8,8,4,0,0,1,0,0,0,0,4,1,6,6,1,63,9,-1,-1,-1,-1,9,E01013357,0,1
2025122500393,2025,122500393,1,1,0,18,19,2,6,0,0,8,0,0,0,0,1,1,1,1,1,15,3,-1,-1,-1,-1,1,E01013443,0,1
2025122500394,2025,122500394,1,1,0,18,19,5,1,0,0,0,0,0,0,0,0,1,5,6,1,81,11,-1,-1,-1,-1,2,E01011785,0,4
2025122500395,2025,122500395,1,9,0,9,9,7,5,0,0,1,0,0,1,11,1,1,1,1,1,41,7,-1,-1,-1,-1,9,E01012998,0,4
2025122500396,2025,122500396,1,9,0,13,13,4,8,0,0,0,1,0,1,4,1,1,5,6,1,65,9,-1,-1,-1,-1,2,E01013399,0,1
2025122500396,2025,122500396,2,9,0,18,19,4,8,0,0,0,0,0,0,0,0,1,6,6,2,22,5,-1,-1,-1,-1,8,E01013343,0,1
2025122500397,2025,122500397,1,8,0,5,5,3,7,0,0,0,0,0,0,0,0,1,4,7,1,42,7,-1,-1,-1,-1,1,E01010737,0,4
2025122500398,2025,122500398,2,19,0,2,2,0,0,0,0,0,0,0,0,0,3,1,1,1,1,25,5,-1,-1,-1,-1,1,E01011665,0,4
2025122500398,2025,122500398,1,9,0,18,19,1,5,0,0,0,0,4,0,0,1,1,5,6,2,47,8,-1,-1,-1,-1,6,E01027616,0,1
2025122500399,2025,122500399,2,9,0,18,19,3,7,0,0,8,0,0,0,0,1,1,6,6,2,56,9,-1,-1,-1,-1,5,E01027884,0,1
2025122500399,2025,122500399,1,19,0,9,9,1,7,0,0,6,0,0,0,0,4,1,6,6,1,23,5,-1,-1,-1,-1,5,E01027884,0,1
2025122500400,2025,122500400,1,9,0,8,8,1,2,0,0,1,0,0,0,0,1,1,3,7,1,69,10,-1,-1,-1,-1,4,E01027710,0,1
2025122500400,2025,122500400,2,9,0,8,8,1,2,0,0,2,0,0,0,0,2,1,1,1,2,32,6,-1,-1,-1,-1,7,E01027707,0,1
2025122500401,2025,122500401,2,9,0,18,19,3,7,0,0,1,0,0,0,0,1,1,6,6,3,56,9,-1,-1,-1,-1,6,E01012912,0,4
2025122500401,2025,122500401,1,9,0,9,9,1,7,0,0,6,0,0,0,0,3,1,6,6,2,56,9,-1,-1,-1,-1,8,E01011800,0,4
2025122500402,2025,122500402,1,9,0,4,4,5,1,0,0,0,0,0,0,0,1,1,6,6,2,47,8,-1,-1,-1,-1,4,E01013416,0,1
2025122500402,2025,122500402,2,1,0,4,4,1,5,0,0,0,0,0,0,0,1,1,1,1,1,30,6,-1,-1,-1,-1,9,E01013414,0,1
2025122500403,2025,122500403,2,19,0,18,19,7,3,0,0,1,0,0,0,0,1,1,6,6,1,52,8,-1,-1,-1,-1,6,E01027774,0,2
2025122500403,2025,122500403,1,19,0,18,19,1,5,0,0,8,0,0,3,0,1,1,1,1,1,28,6,-1,-1,-1,-1,2,E01010836,0,4
2025122500406,2025,122500406,1,3,0,18,19,7,3,0,0,3,0,0,0,0,1,1,1,1,1,22,5,-1,-1,-1,-1,1,E01027805,0,1
2025122500406,2025,122500406,2,9,0,5,5,1,5,0,0,4,0,0,0,0,1,1,1,1,1,45,7,-1,-1,-1,-1,8,E01027836,0,2
2025122500407,2025,122500407,1,10,0,18,19,8,4,0,0,1,0,0,0,0,1,1,1,1,1,61,9,-1,-1,-1,-1,10,E01013376,0,3
2025122500407,2025,122500407,2,9,0,7,7,8,4,0,0,1,0,0,0,0,2,1,1,1,1,21,5,-1,-1,-1,-1,5,E01027778,0,4
2025122500408,2025,122500408,1,1,0,18,19,7,3,0,0,0,0,12,0,0,1,1,5,6,1,59,9,-1,-1,-1,-1,10,E01027786,0,2
2025122500409,2025,122500409,1,9,0,18,19,8,4,0,0,0,0,0,0,0,1,1,5,6,1,23,5,-1,-1,-1,-1,3,E01013366,0,1
2025122500410,2025,122500410,1,1,0,18,19,6,2,0,0,1,0,0,0,0,1,1,1,1,1,17,4,-1,-1,-1,-1,9,E01013338,0,1
2025122500410,2025,122500410,2,9,0,4,4,4,8,0,0,1,0,0,0,0,4,1,6,6,1,53,8,-1,-1,-1,-1,10,E01013060,0,3
2025122500411,2025,122500411,1,9,3,18,19,1,5,0,0,0,0,0,0,0,2,1,5,6,1,71,10,-1,-1,-1,-1,4,E01012167,0,4
2025122500411,2025,122500411,2,21,1,18,19,1,5,0,0,0,0,0,0,0,1,1,1,1,1,48,8,-1,-1,-1,-1,9,E01010953,0,4
2025122500412,2025,122500412,1,9,0,7,7,1,5,0,0,1,0,0,0,0,4,1,5,6,2,31,6,-1,-1,-1,-1,10,E01012303,0,4
2025122500412,2025,122500412,2,1,0,18,19,1,5,0,0,1,0,0,0,0,1,1,6,6,1,43,7,-1,-1,-1,-1,3,E01013350,0,1
2025122500413,2025,122500413,1,9,0,18,19,8,4,0,0,0,0,0,0,0,1,1,2,2,1,22,5,-1,-1,-1,-1,7,E01027647,0,2
2025122500413,2025,122500413,2,9,0,18,19,4,8,0,0,0,0,0,0,0,1,1,2,2,1,64,9,-1,-1,-1,-1,8,E01027694,0,3
2025122500414,2025,122500414,1,9,0,7,7,7,1,0,0,1,0,0,0,0,1,9,6,6,3,-1,-1,-1,-1,-1,-1,-1,-1,0,-1
2025122500415,2025,122500415,1,9,0,16,19,1,5,0,0,0,0,0,7,11,1,1,5,6,1,18,4,-1,-1,-1,-1,3,E01027861,0,2
2025122500416,2025,122500416,2,21,1,18,19,5,1,0,0,8,0,0,0,0,1,1,1,1,1,22,5,-1,-1,-1,-1,6,-1,0,5
2025122500416,2025,122500416,1,9,0,18,19,5,1,0,0,3,0,0,0,0,2,1,5,6,2,23,5,-1,-1,-1,-1,6,E01027770,0,2
2025122500417,2025,122500417,2,9,0,18,19,1,5,0,0,0,0,0,0,0,4,1,6,6,1,29,6,-1,-1,-1,-1,10,E01034958,0,2
2025122500417,2025,122500417,1,21,1,18,19,1,5,0,0,0,0,0,4,0,3,1,1,1,1,56,9,-1,-1,-1,-1,-1,-1,0,-1
2025122500418,2025,122500418,1,9,0,16,19,3,5,0,0,2,5,0,7,9,1,1,5,6,1,17,4,-1,-1,-1,-1,2,E01013448,0,2
2025122500419,2025,122500419,2,9,0,7,7,1,3,0,0,2,0,0,0,0,1,1,5,6,2,24,5,-1,-1,-1,-1,8,E01033184,0,1
2025122500419,2025,122500419,1,9,0,8,8,3,6,0,0,8,0,0,0,0,3,1,5,6,2,24,5,-1,-1,-1,-1,8,E01033184,0,1
2025122500420,2025,122500420,1,9,0,9,9,6,3,0,0,8,0,0,0,0,1,1,5,6,2,83,11,-1,-1,-1,-1,10,E01010646,0,2
2025122500420,2025,122500420,2,9,0,18,19,4,8,0,0,8,0,0,0,0,1,1,5,6,1,76,11,-1,-1,-1,-1,2,E01010716,0,3
2025122500422,2025,122500422,2,9,0,16,19,4,8,0,0,0,0,0,0,0,1,1,6,6,1,83,11,-1,-1,-1,-1,7,E01027681,0,1
2025122500422,2025,122500422,1,9,0,17,19,8,4,0,0,0,0,0,1,0,1,1,6,6,1,34,6,-1,-1,-1,-1,7,E01027681,0,2
2025122500423,2025,122500423,1,9,0,18,19,5,1,0,0,0,0,0,1,0,1,1,6,6,1,86,11,-1,-1,-1,-1,10,E01027709,0,1
2025122500423,2025,122500423,2,9,0,18,19,1,5,0,0,0,5,0,1,0,1,1,6,6,1,29,6,-1,-1,-1,-1,4,E01032371,0,5
2025122500424,2025,122500424,1,9,0,18,19,5,3,0,0,0,0,0,0,0,1,1,5,6,1,26,6,-1,-1,-1,-1,1,E01027820,0,1
2025122500426,2025,122500426,1,9,0,18,19,5,1,0,0,0,0,0,0,0,1,1,6,6,2,32,6,-1,-1,-1,-1,6,E01027878,0,1
2025122500427,2025,122500427,1,5,0,2,2,0,0,0,0,0,0,0,0,0,0,1,5,6,1,56,9,-1,-1,-1,-1,8,E01013450,0,2
2025122500465,2025,122500465,1,9,0,18,19,3,7,0,0,5,0,0,0,0,4,1,5,6,2,26,6,-1,-1,-1,-1,3,E01027862,0,1
2025122500465,2025,122500465,2,1,0,12,12,5,1,0,0,6,0,0,0,0,1,1,4,7,2,10,2,-1,-1,-1,-1,9,E01027859,0,1
2025122500466,2025,122500466,1,5,0,18,19,5,1,0,0,0,0,12,0,0,1,1,5,6,1,71,10,-1,-1,-1,-1,1,E01027805,0,4
2025122500467,2025,122500467,1,8,0,18,19,1,5,0,0,8,0,0,0,0,1,1,1,1,1,47,8,-1,-1,-1,-1,1,E01010700,0,4
2025122500468,2025,122500468,1,9,0,9,9,4,1,0,0,6,0,0,0,0,1,1,5,6,2,57,9,-1,-1,-1,-1,7,E01027627,0,3
2025122500469,2025,122500469,2,1,0,18,19,7,3,0,0,8,0,0,0,0,4,1,5,6,1,68,10,-1,-1,-1,-1,9,E01027597,0,1
2025122500469,2025,122500469,1,9,0,5,5,1,5,0,0,4,0,0,0,0,1,1,5,6,3,-1,-1,-1,-1,-1,-1,-1,-1,0,-1
2025122500470,2025,122500470,3,19,0,4,4,1,5,0,0,0,0,0,0,0,3,1,1,1,1,58,9,-1,-1,-1,-1,1,E01008164,0,4
2025122500470,2025,122500470,1,9,0,18,19,1,5,0,0,0,0,0,0,0,1,1,1,1,1,28,6,-1,-1,-1,-1,8,E01027919,0,4
2025122500470,2025,122500470,2,9,0,4,4,1,5,0,0,0,0,0,0,0,2,1,1,1,2,26,6,-1,-1,-1,-1,8,E01027644,0,1
2025122500473,2025,122500473,1,4,0,18,19,5,1,0,0,0,0,0,7,11,1,1,6,6,1,62,9,-1,-1,-1,-1,7,E01027666,0,3
2025122500475,2025,122500475,3,9,0,2,2,0,0,0,0,0,0,4,0,0,3,1,6,6,3,-1,-1,-1,-1,-1,-1,-1,-1,0,-1
2025122500475,2025,122500475,2,9,0,18,19,7,3,0,0,0,0,1,0,0,1,1,5,6,1,23,5,-1,-1,-1,-1,5,E01027800,0,4
2025122500475,2025,122500475,1,9,0,13,13,3,7,0,0,0,0,1,0,0,1,1,5,6,2,80,11,-1,-1,-1,-1,5,E01027826,0,1
2025122500476,2025,122500476,1,9,0,18,19,8,1,0,0,0,2,0,1,11,1,1,6,6,1,65,9,-1,-1,-1,-1,5,E01027590,0,2
2025122500477,2025,122500477,2,1,0,18,19,3,7,4,4,1,0,10,0,0,0,1,6,6,2,19,4,-1,-1,-1,-1,6,E01013364,0,1
2025122500477,2025,122500477,1,9,0,10,10,3,7,0,0,1,0,0,0,0,0,1,6,6,1,40,7,-1,-1,-1,-1,7,E01013363,0,1
2025122500478,2025,122500478,2,8,0,18,19,5,1,0,0,0,0,0,0,0,1,1,6,6,1,51,8,-1,-1,-1,-1,1,E01012262,0,4
2025122500478,2025,122500478,1,9,0,18,19,1,5,0,0,0,0,0,0,0,1,1,6,6,1,19,4,-1,-1,-1,-1,5,E01027773,0,1
2025122500479,2025,122500479,1,9,4,7,7,5,7,0,0,8,0,0,0,0,4,1,5,6,3,76,11,-1,-1,-1,-1,5,E01034969,0,1
2025122500479,2025,122500479,2,1,0,7,7,5,7,0,0,8,0,0,0,0,3,1,5,6,1,57,9,-1,-1,-1,-1,7,E01027788,0,1
2025122500480,2025,122500480,1,9,0,9,9,6,8,0,0,2,0,0,1,1,1,1,5,6,1,72,10,-1,-1,-1,-1,7,E01016209,0,5
2025122500482,2025,122500482,1,5,0,4,4,5,2,0,0,1,1,0,0,0,3,1,6,6,1,42,7,-1,-1,-1,-1,3,E01027906,0,3
2025122500484,2025,122500484,1,8,0,9,9,7,5,0,0,5,0,0,0,0,1,1,1,1,1,44,7,-1,-1,-1,-1,3,E01013385,0,1
2025122500485,2025,122500485,2,9,0,18,19,5,1,0,0,0,0,0,1,0,2,1,6,6,1,28,6,-1,-1,-1,-1,7,E01029480,0,5
2025122500485,2025,122500485,1,9,0,18,19,5,1,0,0,0,0,0,0,0,1,1,6,6,3,-1,-1,-1,-1,-1,-1,-1,-1,0,-1
2025122500487,2025,122500487,1,9,0,18,19,4,8,0,0,0,0,0,0,0,3,1,5,6,2,20,4,-1,-1,-1,-1,2,E01027825,0,1
2025122500488,2025,122500488,2,9,0,18,19,5,1,0,0,0,0,0,0,0,2,1,6,6,3,-1,-1,-1,-1,-1,-1,-1,-1,0,-1
2025122500488,2025,122500488,1,9,0,13,13,5,1,0,0,0,0,0,1,4,1,1,6,6,1,19,4,-1,-1,-1,-1,6,E01027758,0,1
2025122500489,2025,122500489,1,4,0,14,14,7,3,0,0,0,0,0,0,0,4,1,5,6,1,17,4,-1,-1,-1,-1,7,E01027877,0,1
2025122500490,2025,122500490,1,9,0,9,9,3,5,0,0,8,0,0,0,0,3,1,5,6,2,25,5,-1,-1,-1,-1,7,E01013418,0,2
2025122500490,2025,122500490,3,9,0,10,10,7,5,0,0,1,0,0,0,0,4,1,5,6,1,70,10,-1,-1,-1,-1,9,E01013342,0,1
2025122500490,2025,122500490,2,9,0,18,19,1,5,0,0,8,0,0,0,0,1,1,5,6,1,36,7,-1,-1,-1,-1,8,E01027875,0,1
2025122500492,2025,122500492,1,9,0,18,19,3,7,0,0,0,0,0,0,0,3,1,6,6,1,24,5,-1,-1,-1,-1,8,E01027634,0,2
2025122500492,2025,122500492,2,3,0,18,19,7,3,0,0,0,0,0,0,0,1,1,2,2,1,43,7,-1,-1,-1,-1,7,E01027622,0,1
2025122500495,2025,122500495,1,19,0,18,19,4,8,0,0,0,0,0,0,0,3,1,6,6,1,50,8,-1,-1,-1,-1,6,E01027570,0,1