collision_index,collision_year,collision_ref_no,vehicle_reference,vehicle_type,towing_and_articulation,vehicle_manoeuvre_historic,vehicle_manoeuvre,vehicle_direction_from,vehicle_direction_to,vehicle_location_restricted_lane_historic,vehicle_location_restricted_lane,junction_location,skidding_and_overturning,hit_object_in_carriageway,vehicle_leaving_carriageway,hit_object_off_carriageway,first_point_of_impact,vehicle_left_hand_drive,journey_purpose_of_driver_historic,journey_purpose_of_driver,sex_of_driver,age_of_driver,age_band_of_driver,engine_capacity_cc,propulsion_code,age_of_vehicle,generic_make_model,driver_imd_decile,lsoa_of_driver,escooter_flag,driver_distance_banding
2025122500613,2025,122500613,1,9,0,4,4,7,3,0,0,0,0,0,0,0,1,1,6,6,1,19,4,-1,-1,-1,-1,2,E01011771,0,4
2025122500614,2025,122500614,2,9,0,3,3,3,7,0,0,0,0,0,0,0,2,1,1,1,2,49,8,-1,-1,-1,-1,10,E01027671,0,1
2025122500614,2025,122500614,1,9,0,18,19,3,7,0,0,0,0,0,0,0,1,1,1,1,2,22,5,-1,-1,-1,-1,6,E01027703,0,2
2025122500617,2025,122500617,1,9,0,18,19,4,2,0,0,4,0,0,0,0,3,1,5,6,2,50,8,-1,-1,-1,-1,9,E01027894,0,1
2025122500617,2025,122500617,2,1,0,18,19,2,6,0,0,8,0,0,0,0,1,1,5,6,1,63,9,-1,-1,-1,-1,9,E01027882,0,1
2025122500618,2025,122500618,1,9,0,9,9,2,1,0,0,8,0,7,0,0,4,1,6,6,1,28,6,-1,-1,-1,-1,10,E01027670,0,1
2025122500618,2025,122500618,2,9,0,18,19,7,2,0,0,1,0,0,0,0,1,1,6,6,2,28,6,-1,-1,-1,-1,7,E01027738,0,1
2025122500621,2025,122500621,1,3,0,16,19,6,2,0,0,0,0,10,0,0,3,1,2,2,1,28,6,-1,-1,-1,-1,5,E01034971,0,2
2025122500623,2025,122500623,1,4,0,5,5,8,4,0,0,2,0,0,1,0,1,1,5,6,1,70,10,-1,-1,-1,-1,1,E01032542,0,4
2025122500624,2025,122500624,1,1,0,18,19,8,4,0,0,0,0,0,0,0,3,1,5,6,2,59,9,-1,-1,-1,-1,10,E01013354,0,1
2025122500624,2025,122500624,2,9,0,13,13,8,4,0,0,0,0,0,0,0,1,1,1,1,1,47,8,-1,-1,-1,-1,1,E01010624,0,4
2025122500625,2025,122500625,1,9,0,2,2,0,0,0,0,1,0,0,0,0,2,1,6,6,2,57,9,-1,-1,-1,-1,6,E01027584,0,1
2025122500626,2025,122500626,1,5,0,18,19,3,7,0,0,0,0,0,0,0,1,1,6,6,1,65,9,-1,-1,-1,-1,3,E01011936,0,4
2025122500626,2025,122500626,2,9,0,3,3,3,7,0,0,0,0,0,0,0,2,1,5,6,1,67,10,-1,-1,-1,-1,10,E01027671,0,1
2025122500627,2025,122500627,1,9,0,18,19,7,3,0,0,0,0,0,0,0,1,1,6,6,1,51,8,-1,-1,-1,-1,9,E01013431,0,1
2025122500627,2025,122500627,2,1,0,18,19,2,7,0,0,0,0,0,0,0,4,1,6,6,1,17,4,-1,-1,-1,-1,2,E01013444,0,1
2025122500628,2025,122500628,1,4,0,17,19,2,6,0,0,0,2,0,0,0,3,1,6,6,1,34,6,-1,-1,-1,-1,6,E01007684,0,5
2025122500629,2025,122500629,1,9,0,17,19,6,2,0,0,0,5,0,7,4,1,1,5,6,1,23,5,-1,-1,-1,-1,1,E01027819,0,2
2025122500630,2025,122500630,1,9,0,13,13,5,1,0,0,0,0,0,0,0,4,1,6,6,3,-1,-1,-1,-1,-1,-1,-1,-1,0,-1
2025122500630,2025,122500630,2,1,0,18,19,5,1,0,0,0,0,0,0,0,3,1,6,6,1,12,3,-1,-1,-1,-1,10,E01013375,0,1
2025122500631,2025,122500631,2,1,0,5,5,7,3,9,9,1,0,0,0,0,1,1,6,6,1,23,5,-1,-1,-1,-1,1,E01027907,0,1
2025122500631,2025,122500631,1,3,0,9,9,3,1,0,0,5,0,0,0,0,1,1,6,6,1,19,4,-1,-1,-1,-1,3,E01027906,0,1
2025122500632,2025,122500632,1,9,0,18,19,7,3,0,0,0,0,0,1,4,1,1,6,6,2,32,6,-1,-1,-1,-1,6,E01027790,0,4
2025122500633,2025,122500633,1,9,0,1,1,1,5,0,0,0,0,0,0,0,2,1,6,6,3,-1,-1,-1,-1,-1,-1,-1,-1,0,-1
2025122500634,2025,122500634,1,9,0,18,19,3,7,0,0,0,2,0,7,11,1,1,5,6,2,56,9,-1,-1,-1,-1,8,E01027753,0,3
2025122500635,2025,122500635,1,9,0,18,19,1,5,0,0,1,0,0,0,0,1,1,2,2,2,22,5,-1,-1,-1,-1,8,E01027635,0,2
2025122500635,2025,122500635,2,9,0,4,4,1,5,0,0,1,0,0,0,0,2,1,5,6,2,43,7,-1,-1,-1,-1,8,E01034959,0,1
2025122500636,2025,122500636,2,9,0,18,19,5,7,0,0,8,0,0,0,0,4,1,6,6,2,19,4,-1,-1,-1,-1,10,E01027719,0,1
2025122500636,2025,122500636,1,9,0,5,5,3,7,0,0,8,0,0,0,0,1,1,2,2,2,36,7,-1,-1,-1,-1,8,E01034964,0,1
2025122500637,2025,122500637,1,9,0,5,5,3,7,0,0,6,0,0,0,0,1,1,5,6,1,31,6,-1,-1,-1,-1,7,E01027799,0,3
2025122500637,2025,122500637,2,9,0,18,19,5,1,0,0,8,5,0,1,9,3,1,2,2,1,50,8,-1,-1,-1,-1,5,E01027776,0,3
2025122500639,2025,122500639,2,9,0,18,19,2,6,0,0,1,0,0,0,0,2,1,6,6,1,73,10,-1,-1,-1,-1,3,E01013447,0,1
2025122500639,2025,122500639,1,1,0,18,19,2,6,0,0,1,0,0,0,0,1,1,6,6,1,36,7,-1,-1,-1,-1,7,E01033070,0,1
2025122500640,2025,122500640,1,9,0,18,19,1,5,0,0,0,5,0,5,6,3,1,6,6,1,19,4,-1,-1,-1,-1,5,E01020726,0,4
2025122500641,2025,122500641,2,5,0,18,19,6,2,0,0,0,0,0,0,0,1,1,5,6,1,30,6,-1,-1,-1,-1,1,E01007369,0,5
2025122500641,2025,122500641,1,5,0,6,6,6,6,0,0,0,0,0,0,0,2,1,5,6,1,29,6,-1,-1,-1,-1,1,E01011361,0,4
2025122500642,2025,122500642,2,10,0,4,4,4,8,0,0,1,0,0,0,0,2,1,5,6,1,42,7,-1,-1,-1,-1,4,E01026259,0,5
2025122500642,2025,122500642,1,19,0,18,19,4,8,0,0,8,0,0,1,11,1,1,1,1,1,31,6,-1,-1,-1,-1,6,E01027570,0,1
2025122500643,2025,122500643,1,9,0,9,9,6,4,0,0,8,0,0,0,0,1,1,6,6,3,-1,-1,-1,-1,-1,-1,-1,-1,0,-1
2025122500643,2025,122500643,2,1,0,4,4,4,2,0,0,1,0,0,0,0,1,1,5,6,1,40,7,-1,-1,-1,-1,3,E01013386,0,2
2025122500644,2025,122500644,1,9,0,5,5,1,5,0,0,8,0,0,0,0,1,1,5,6,2,34,6,-1,-1,-1,-1,7,E01027657,0,3
2025122500644,2025,122500644,2,9,0,18,19,5,1,0,0,8,0,0,0,0,1,1,5,6,1,35,6,-1,-1,-1,-1,1,E01011618,0,4
2025122500645,2025,122500645,1,5,0,17,19,4,8,0,0,1,1,0,1,0,3,1,5,6,1,73,10,-1,-1,-1,-1,4,E01025394,0,4
2025122500646,2025,122500646,1,11,0,18,19,8,4,0,0,1,0,0,0,0,4,1,1,1,1,54,8,-1,-1,-1,-1,6,E01027915,0,4
2025122500646,2025,122500646,2,8,0,7,7,2,4,0,0,1,0,0,0,0,3,1,1,1,1,24,5,-1,-1,-1,-1,10,E01008321,0,5
2025122500647,2025,122500647,1,9,0,18,19,1,5,0,0,3,0,0,0,0,1,1,2,2,2,57,9,-1,-1,-1,-1,9,E01027588,0,3
2025122500648,2025,122500648,2,9,0,4,4,3,7,0,0,4,0,0,0,0,2,1,6,6,2,40,7,-1,-1,-1,-1,8,E01027640,0,2
2025122500648,2025,122500648,1,9,0,4,4,3,7,0,0,4,0,0,0,0,1,1,6,6,2,45,7,-1,-1,-1,-1,4,E01013390,0,3
2025122500649,2025,122500649,2,9,0,2,2,0,0,0,0,0,0,0,0,0,1,1,6,6,3,-1,-1,-1,-1,-1,-1,-1,-1,0,-1
2025122500649,2025,122500649,1,9,0,18,19,3,7,0,0,0,0,0,7,0,1,1,1,1,1,71,10,-1,-1,-1,-1,7,E01027622,0,1
2025122500650,2025,122500650,1,9,0,18,19,7,3,0,0,0,1,0,1,4,1,1,2,2,2,18,4,-1,-1,-1,-1,-1,-1,0,-1
2025122500651,2025,122500651,2,9,0,18,19,1,7,0,0,8,0,0,0,0,1,1,5,6,2,48,8,-1,-1,-1,-1,5,E01027590,0,3
2025122500651,2025,122500651,1,9,0,9,9,5,7,0,0,1,0,0,0,0,4,1,2,2,1,36,7,-1,-1,-1,-1,9,E01027632,0,1
2025122500652,2025,122500652,2,5,0,13,13,2,6,0,0,0,0,0,0,0,1,1,5,6,1,63,9,-1,-1,-1,-1,4,E01020899,0,4
2025122500652,2025,122500652,1,9,0,6,6,2,2,0,0,0,0,0,0,0,3,1,5,6,1,78,11,-1,-1,-1,-1,10,E01011649,0,4
2025122500653,2025,122500653,1,9,0,18,19,7,3,0,0,1,0,0,1,4,1,1,5,6,2,25,5,-1,-1,-1,-1,2,E01027864,0,4
2025122500654,2025,122500654,1,9,0,18,19,8,4,0,0,0,0,0,0,0,1,1,1,1,1,32,6,-1,-1,-1,-1,2,E01027827,0,1
2025122500655,2025,122500655,1,9,0,18,19,1,5,0,0,0,0,0,0,0,3,1,1,1,1,45,7,-1,-1,-1,-1,8,E01011716,0,4
2025122500656,2025,122500656,1,9,0,9,9,7,5,0,0,6,0,0,0,0,1,1,5,6,2,48,8,-1,-1,-1,-1,8,E01027603,0,2
2025122500656,2025,122500656,2,5,0,18,19,5,1,0,0,8,1,0,7,11,4,1,6,6,1,53,8,-1,-1,-1,-1,9,E01027589,0,3
2025122500657,2025,122500657,1,20,0,18,19,2,6,0,0,1,0,0,0,0,1,1,1,1,1,71,10,-1,-1,-1,-1,8,E01027644,0,3
2025122500657,2025,122500657,2,9,0,9,9,4,6,0,0,1,0,0,0,0,4,1,5,6,2,39,7,-1,-1,-1,-1,8,E01027919,0,4
2025122500658,2025,122500658,1,19,4,16,19,3,7,0,0,1,0,0,0,0,0,1,5,6,1,58,9,-1,-1,-1,-1,8,E01027896,0,1
2025122500658,2025,122500658,2,9,0,17,19,7,3,0,0,1,0,0,0,0,4,1,5,6,1,79,11,-1,-1,-1,-1,10,E01027880,0,2
2025122500659,2025,122500659,1,9,0,18,19,7,3,0,0,0,1,0,1,11,1,1,5,6,1,17,4,-1,-1,-1,-1,2,E01034514,0,4
2025122500660,2025,122500660,2,9,0,18,19,1,5,0,0,8,0,0,0,0,1,1,1,1,2,28,6,-1,-1,-1,-1,7,E01027760,0,4
2025122500660,2025,122500660,1,9,0,9,9,3,1,0,0,2,0,0,0,0,3,1,5,6,2,17,4,-1,-1,-1,-1,8,E01027759,0,1
2025122500661,2025,122500661,1,9,0,18,19,8,4,0,0,1,0,0,0,0,1,1,2,2,1,33,6,-1,-1,-1,-1,3,E01011804,0,2
2025122500661,2025,122500661,2,9,0,18,19,4,8,0,0,1,0,0,0,0,1,1,6,6,1,20,4,-1,-1,-1,-1,1,E01010811,0,4
2025122500662,2025,122500662,3,19,0,2,2,0,0,0,0,2,0,0,0,0,2,1,5,6,3,-1,-1,-1,-1,-1,-1,-1,-1,0,-1
2025122500662,2025,122500662,1,9,0,18,19,8,4,0,0,6,0,4,0,0,1,1,6,6,1,24,5,-1,-1,-1,-1,5,E01027835,0,3
2025122500662,2025,122500662,2,9,0,2,2,0,0,0,0,2,0,0,0,0,2,1,5,6,3,-1,-1,-1,-1,-1,-1,-1,-1,0,-1
2025122500663,2025,122500663,2,9,0,2,2,0,0,0,0,1,0,0,0,0,1,1,6,6,3,-1,-1,-1,-1,-1,-1,-1,-1,0,-1
2025122500663,2025,122500663,1,1,0,18,19,2,6,9,9,1,1,0,0,0,1,1,4,7,1,12,3,-1,-1,-1,-1,4,E01027818,0,1
2025122500664,2025,122500664,2,8,0,18,19,1,5,0,0,6,0,0,0,0,3,1,1,1,1,42,7,-1,-1,-1,-1,5,E01010668,0,4
2025122500664,2025,122500664,1,9,0,18,19,7,3,0,0,2,0,0,0,0,1,1,5,6,2,34,6,-1,-1,-1,-1,3,E01033067,0,1
2025122500665,2025,122500665,2,19,0,16,19,1,5,0,0,0,0,0,7,0,1,1,1,1,2,27,6,-1,-1,-1,-1,4,-1,0,5
2025122500665,2025,122500665,1,9,0,18,19,8,4,0,0,0,0,0,0,0,1,1,5,6,1,17,4,-1,-1,-1,-1,9,E01027745,0,4
2025122500666,2025,122500666,1,4,0,18,19,2,6,0,0,0,0,0,0,0,0,1,6,6,1,21,5,-1,-1,-1,-1,9,E01027903,0,2
2025122500667,2025,122500667,2,9,0,18,19,7,3,0,0,0,0,0,0,0,3,1,5,6,2,23,5,-1,-1,-1,-1,1,E01025218,0,3
2025122500667,2025,122500667,1,19,0,13,13,7,3,0,0,0,0,0,0,0,4,1,5,6,1,38,7,-1,-1,-1,-1,8,E01025178,0,2
2025122500668,2025,122500668,2,5,0,18,19,7,3,0,0,0,1,0,1,0,1,1,5,6,1,42,7,-1,-1,-1,-1,7,E01033259,0,4
2025122500668,2025,122500668,3,9,0,18,19,3,7,0,0,0,0,0,0,0,1,1,5,6,2,41,7,-1,-1,-1,-1,6,E01027637,0,4
2025122500668,2025,122500668,1,5,0,18,19,7,3,0,0,0,1,0,1,0,1,1,5,6,1,42,7,-1,-1,-1,-1,4,E01013353,0,4
2025122500669,2025,122500669,1,1,0,18,19,6,2,0,0,1,0,0,0,0,2,1,2,2,1,56,9,-1,-1,-1,-1,8,E01027815,0,2
2025122500669,2025,122500669,2,8,0,9,9,8,6,0,0,1,0,0,0,0,0,1,1,1,3,30,6,-1,-1,-1,-1,9,E01027859,0,1
2025122500670,2025,122500670,1,1,0,16,19,5,3,0,0,0,1,0,7,0,3,1,6,6,1,64,9,-1,-1,-1,-1,2,E01011558,0,3
2025122500671,2025,122500671,1,9,0,9,9,5,1,0,0,0,0,0,0,0,0,1,5,6,2,28,6,-1,-1,-1,-1,6,E01012334,0,3
2025122500671,2025,122500671,2,1,0,99,99,5,3,99,99,0,0,99,9,99,9,1,6,6,2,77,11,-1,-1,-1,-1,-1,-1,0,-1
2025122500672,2025,122500672,1,9,0,14,14,5,1,0,0,0,0,0,0,0,1,1,6,6,2,60,9,-1,-1,-1,-1,5,E01027871,0,1
2025122500673,2025,122500673,1,9,0,17,19,1,5,0,0,0,1,0,1,9,0,1,5,6,2,18,4,-1,-1,-1,-1,2,E01013444,0,3
2025122500674,2025,122500674,1,9,0,18,19,7,3,0,0,0,5,0,1,11,1,1,2,2,1,18,4,-1,-1,-1,-1,10,E01027683,0,2
2025122500675,2025,122500675,1,9,0,9,9,1,6,0,0,8,0,0,0,0,1,1,5,6,2,40,7,-1,-1,-1,-1,5,E01027706,0,1
2025122500675,2025,122500675,2,1,0,17,19,6,3,0,0,8,0,0,0,0,4,1,5,6,1,60,9,-1,-1,-1,-1,10,E01027709,0,1
2025122500677,2025,122500677,2,9,0,18,19,5,1,0,0,1,0,0,0,0,1,1,6,6,2,37,7,-1,-1,-1,-1,4,E01027723,0,1
2025122500677,2025,122500677,1,9,0,10,10,5,1,0,0,1,0,0,0,0,2,1,6,6,2,46,8,-1,-1,-1,-1,8,E01027640,0,1
2025122500678,2025,122500678,1,9,0,14,14,7,3,0,0,0,0,0,0,0,1,1,5,6,1,64,9,-1,-1,-1,-1,3,E01033067,0,1
2025122500680,2025,122500680,2,1,0,18,19,2,6,4,4,1,0,0,0,0,1,1,2,2,2,40,7,-1,-1,-1,-1,10,E01013337,0,1
2025122500680,2025,122500680,1,19,0,7,7,2,5,0,0,1,0,0,0,0,4,1,1,1,2,32,6,-1,-1,-1,-1,7,E01013406,0,1
2025122500681,2025,122500681,1,19,0,16,19,5,8,0,0,0,0,0,0,0,0,1,1,1,1,60,9,-1,-1,-1,-1,4,E01034972,0,1
2025122500682,2025,122500682,2,9,0,4,4,7,3,0,0,1,0,0,0,0,1,1,6,6,1,28,6,-1,-1,-1,-1,4,E01008830,0,5
2025122500682,2025,122500682,1,9,0,4,4,6,3,0,0,1,0,0,0,0,2,1,6,6,2,35,6,-1,-1,-1,-1,10,E01013060,0,2
2025122500684,2025,122500684,1,9,0,9,9,1,5,0,0,1,0,0,0,0,4,1,5,6,2,62,9,-1,-1,-1,-1,8,E01022408,0,5
2025122500684,2025,122500684,2,5,0,18,19,5,1,0,0,1,0,0,0,0,1,1,5,6,1,58,9,-1,-1,-1,-1,10,E01008517,0,5
2025122500685,2025,122500685,1,3,0,18,19,2,6,0,0,0,1,0,0,0,4,1,2,2,1,18,4,-1,-1,-1,-1,6,E01013384,0,1
2025122500686,2025,122500686,1,5,0,5,5,8,5,0,0,6,1,0,1,0,0,1,6,6,1,67,10,-1,-1,-1,-1,10,E01027699,0,1
2025122500687,2025,122500687,1,9,0,1,1,1,5,0,0,0,0,0,0,0,2,1,6,6,3,-1,-1,-1,-1,-1,-1,-1,-1,0,-1
2025122500688,2025,122500688,1,9,0,16,19,1,5,0,0,0,0,0,1,6,4,1,5,6,1,23,5,-1,-1,-1,-1,1,E01012195,0,4
2025122500689,2025,122500689,1,9,0,5,5,5,1,0,0,4,0,0,0,0,3,1,5,6,2,86,11,-1,-1,-1,-1,6,E01027557,0,2
2025122500689,2025,122500689,2,9,0,9,9,1,7,0,0,3,0,0,0,0,4,1,5,6,3,72,10,-1,-1,-1,-1,8,E01027563,0,2
2025122500690,2025,122500690,1,9,0,17,19,5,1,0,0,0,2,0,1,4,1,1,5,6,2,24,5,-1,-1,-1,-1,1,E01010826,0,4
2025122500691,2025,122500691,1,9,0,3,3,1,5,0,0,0,0,0,0,0,4,1,3,7,1,42,7,-1,-1,-1,-1,8,E01013434,0,1
2025122500691,2025,122500691,2,1,0,18,19,1,5,0,0,0,0,0,0,0,3,1,6,6,1,47,8,-1,-1,-1,-1,9,E01013429,0,1
2025122500692,2025,122500692,1,9,0,9,9,7,5,0,0,2,0,0,0,0,3,1,6,6,2,54,8,-1,-1,-1,-1,8,E01027886,0,2
2025122500692,2025,122500692,2,5,0,5,5,3,1,0,0,1,0,0,0,0,4,1,6,6,1,40,7,-1,-1,-1,-1,10,E01034975,0,1
2025122500693,2025,122500693,2,19,0,2,2,0,0,0,0,1,0,0,0,0,2,1,6,6,3,-1,-1,-1,-1,-1,-1,-1,-1,0,-1
2025122500693,2025,122500693,1,9,0,18,19,7,3,0,0,1,0,0,0,0,1,1,1,1,2,57,9,-1,-1,-1,-1,6,E01027769,0,1
2025122500694,2025,122500694,1,9,0,5,5,5,1,0,0,0,0,0,0,0,4,1,1,1,1,32,6,-1,-1,-1,-1,7,E01013406,0,1
2025122500694,2025,122500694,2,1,0,18,19,1,6,0,0,0,0,0,0,0,4,1,4,7,1,13,3,-1,-1,-1,-1,3,E01013410,0,1
2025122500695,2025,122500695,1,19,0,4,4,3,8,0,0,1,0,0,0,0,1,1,5,6,1,45,7,-1,-1,-1,-1,9,E01027737,0,4
2025122500695,2025,122500695,2,8,0,4,4,3,8,0,0,1,0,0,0,0,2,1,1,1,2,66,10,-1,-1,-1,-1,3,E01010591,0,4
2025122500695,2025,122500695,3,9,0,18,19,3,8,0,0,1,0,0,0,0,2,1,5,6,1,62,9,-1,-1,-1,-1,10,E01013425,0,2
2025122500696,2025,122500696,1,9,0,18,19,3,7,0,0,0,0,0,0,0,1,1,6,6,3,-1,-1,-1,-1,-1,-1,-1,-1,0,-1
2025122500696,2025,122500696,2,1,0,18,19,3,7,0,0,0,0,0,1,0,2,1,6,6,1,22,5,-1,-1,-1,-1,5,E01027871,0,1
2025122500697,2025,122500697,1,9,0,18,19,3,7,0,0,8,0,0,1,10,1,1,5,6,1,21,5,-1,-1,-1,-1,9,E01027894,0,1
2025122500697,2025,122500697,2,8,0,18,19,5,1,0,0,8,0,0,0,0,1,1,1,1,1,47,8,-1,-1,-1,-1,4,E01034983,0,1
2025122500698,2025,122500698,1,3,0,18,19,2,6,1,1,8,1,0,0,0,0,1,1,1,1,18,4,-1,-1,-1,-1,3,E01027862,0,1
2025122500698,2025,122500698,2,9,0,5,5,4,8,0,0,4,0,0,0,0,0,1,5,6,1,75,10,-1,-1,-1,-1,5,E01010788,0,5
2025122500699,2025,122500699,1,5,0,16,19,6,2,0,0,0,0,0,8,4,1,1,5,6,1,18,4,-1,-1,-1,-1,7,E01011393,0,2
2025122500700,2025,122500700,1,1,0,18,19,8,4,0,0,0,0,0,0,0,0,1,5,6,1,24,5,-1,-1,-1,-1,6,E01027744,0,1
2025122500701,2025,122500701,2,9,0,9,9,5,3,0,0,2,0,0,0,0,1,1,3,7,2,27,6,-1,-1,-1,-1,7,E01013393,0,1
2025122500701,2025,122500701,1,9,0,7,7,3,5,0,0,2,0,0,0,0,2,1,6,6,2,49,8,-1,-1,-1,-1,4,E01013353,0,1
2025122500702,2025,122500702,1,9,0,17,19,7,3,0,0,0,5,0,1,1,1,1,5,6,1,54,8,-1,-1,-1,-1,1,E01033277,0,4
2025122500703,2025,122500703,2,9,0,4,4,5,1,0,0,0,0,0,0,0,2,1,2,2,1,45,7,-1,-1,-1,-1,5,E01011384,0,2
2025122500703,2025,122500703,1,9,0,18,19,5,1,0,0,0,0,0,0,0,1,1,5,6,1,54,8,-1,-1,-1,-1,3,E01011489,0,3
2025122500703,2025,122500703,3,9,0,4,4,5,1,0,0,0,0,0,0,0,2,1,5,6,1,32,6,-1,-1,-1,-1,9,E01027588,0,4
2025122500704,2025,122500704,1,9,0,7,7,3,5,0,0,5,0,0,0,0,1,1,6,6,1,54,8,-1,-1,-1,-1,6,E01027873,0,1
2025122500705,2025,122500705,2,9,0,2,2,0,0,9,9,0,0,0,0,0,2,1,5,6,3,-1,-1,-1,-1,-1,-1,-1,-1,0,-1
2025122500705,2025,122500705,1,9,0,17,19,3,7,0,0,0,0,0,7,0,1,1,5,6,2,18,4,-1,-1,-1,-1,7,E01027622,0,1
2025122500706,2025,122500706,1,9,0,18,19,5,2,0,0,0,0,0,1,0,4,1,6,6,1,85,11,-1,-1,-1,-1,7,E01010753,0,4
2025122500707,2025,122500707,1,9,0,18,19,3,6,0,0,4,0,0,0,0,1,1,6,6,1,57,9,-1,-1,-1,-1,10,E01013379,0,1
2025122500707,2025,122500707,2,1,0,18,19,2,4,0,0,8,0,0,0,0,1,1,5,6,2,25,5,-1,-1,-1,-1,6,E01013364,0,1
2025122500708,2025,122500708,1,9,0,18,19,7,3,0,0,0,0,0,0,0,4,1,6,6,3,-1,-1,-1,-1,-1,-1,-1,-1,0,-1
2025122500709,2025,122500709,1,21,1,4,4,3,7,0,0,1,1,0,0,0,1,1,1,1,1,58,9,-1,-1,-1,-1,8,E01013242,0,4
2025122500709,2025,122500709,2,20,0,4,4,3,7,0,0,1,0,0,0,0,2,1,1,1,1,40,7,-1,-1,-1,-1,9,E01034761,0,2
2025122500710,2025,122500710,1,3,0,14,14,7,3,0,0,8,0,0,0,0,4,1,5,6,1,18,4,-1,-1,-1,-1,7,E01027661,0,1
2025122500710,2025,122500710,2,19,0,13,13,7,3,0,0,8,0,0,0,0,3,1,1,1,1,61,9,-1,-1,-1,-1,6,E01027720,0,1
2025122500711,2025,122500711,1,9,0,18,19,8,4,0,0,1,0,0,0,0,0,1,5,6,1,49,8,-1,-1,-1,-1,8,E01027568,0,2
2025122500711,2025,122500711,2,16,0,18,19,8,4,0,0,1,0,0,0,0,0,1,5,6,2,29,6,-1,-1,-1,-1,3,E01025192,0,1
2025122500712,2025,122500712,2,1,0,18,19,6,2,0,0,4,0,0,0,0,3,1,2,2,1,34,6,-1,-1,-1,-1,2,E01013444,0,1
2025122500712,2025,122500712,1,9,0,9,9,1,6,0,0,4,0,0,0,0,1,1,5,6,1,24,5,-1,-1,-1,-1,2,E01013444,0,1
2025122500713,2025,122500713,2,9,0,2,2,0,0,0,0,2,0,0,0,0,0,1,6,6,3,-1,-1,-1,-1,-1,-1,-1,-1,0,-1
2025122500713,2025,122500713,1,9,0,4,4,5,1,0,0,2,0,0,0,0,1,1,6,6,1,49,8,-1,-1,-1,-1,10,E01013380,0,1
2025122500714,2025,122500714,1,9,0,18,19,7,3,0,0,5,0,0,0,0,1,1,6,6,2,24,5,-1,-1,-1,-1,10,E01013354,0,1
2025122500714,2025,122500714,3,19,0,18,19,7,3,0,0,5,0,0,0,0,2,1,1,1,1,54,8,-1,-1,-1,-1,7,E01027713,0,4
2025122500714,2025,122500714,2,9,0,18,19,7,3,0,0,5,0,0,0,0,2,1,6,6,2,24,5,-1,-1,-1,-1,8,E01011406,0,4
2025122500715,2025,122500715,1,5,0,17,19,7,3,0,0,0,0,0,1,9,4,1,5,6,1,49,8,-1,-1,-1,-1,6,E01010933,0,4
2025122500716,2025,122500716,1,1,0,14,14,1,7,9,9,5,0,10,0,0,1,1,5,6,2,48,8,-1,-1,-1,-1,8,E01013400,0,1
2025122500717,2025,122500717,1,9,0,18,19,2,6,0,0,0,0,0,1,4,1,1,5,6,1,20,4,-1,-1,-1,-1,2,E01010740,0,4
2025122500718,2025,122500718,2,9,0,16,19,7,2,0,0,0,0,0,0,0,1,1,5,6,1,31,6,-1,-1,-1,-1,6,E01027570,0,1
2025122500718,2025,122500718,1,9,0,16,19,4,7,0,0,0,0,0,7,11,1,1,5,6,1,76,11,-1,-1,-1,-1,2,E01011157,0,4
2025122500720,2025,122500720,1,9,0,7,7,3,5,0,0,6,0,0,0,0,1,1,6,6,1,67,10,-1,-1,-1,-1,8,E01013403,0,1
2025122500720,2025,122500720,2,1,0,18,19,1,5,4,4,1,0,0,0,0,4,1,1,1,2,54,8,-1,-1,-1,-1,3,E01013410,0,1
2025122500721,2025,122500721,1,9,0,5,5,5,7,0,0,4,0,0,0,0,1,1,2,2,1,31,6,-1,-1,-1,-1,6,E01005936,0,4
2025122500721,2025,122500721,2,1,0,18,19,3,7,0,0,8,0,0,0,0,4,1,5,6,1,78,11,-1,-1,-1,-1,10,E01011888,0,4
2025122500722,2025,122500722,1,9,0,13,13,5,1,0,0,0,0,0,0,0,1,1,2,2,1,25,5,-1,-1,-1,-1,6,E01005010,0,4
2025122500722,2025,122500722,2,19,0,5,5,1,5,0,0,0,0,0,0,0,1,1,5,6,1,49,8,-1,-1,-1,-1,7,E01027666,0,1
2025122500722,2025,122500722,3,11,0,5,5,5,1,0,0,0,0,0,0,0,2,1,4,7,1,77,11,-1,-1,-1,-1,8,E01034958,0,3
2025122500723,2025,122500723,2,5,0,18,19,2,6,0,0,8,0,0,0,0,1,1,5,6,1,65,9,-1,-1,-1,-1,6,E01012152,0,2
2025122500723,2025,122500723,1,9,0,18,19,4,2,0,0,6,0,0,0,0,1,1,5,6,1,22,5,-1,-1,-1,-1,7,E01027627,0,3
2025122500724,2025,122500724,2,9,0,10,10,3,1,0,0,1,0,0,0,0,2,1,5,6,2,26,6,-1,-1,-1,-1,4,E01034982,0,1