collision_index,collision_year,collision_ref_no,vehicle_reference,vehicle_type,towing_and_articulation,vehicle_manoeuvre_historic,vehicle_manoeuvre,vehicle_direction_from,vehicle_direction_to,vehicle_location_restricted_lane_historic,vehicle_location_restricted_lane,junction_location,skidding_and_overturning,hit_object_in_carriageway,vehicle_leaving_carriageway,hit_object_off_carriageway,first_point_of_impact,vehicle_left_hand_drive,journey_purpose_of_driver_historic,journey_purpose_of_driver,sex_of_driver,age_of_driver,age_band_of_driver,engine_capacity_cc,propulsion_code,age_of_vehicle,generic_make_model,driver_imd_decile,lsoa_of_driver,escooter_flag,driver_distance_banding
2025122500863,2025,122500863,2,9,0,17,19,6,3,0,0,1,0,0,0,0,3,1,6,6,2,38,7,-1,-1,-1,-1,8,E01012983,0,3
2025122500863,2025,122500863,1,9,0,9,9,3,8,0,0,5,0,0,0,0,4,1,1,1,1,-1,-1,-1,-1,-1,-1,-1,-1,0,-1
2025122500864,2025,122500864,1,9,0,17,19,7,3,0,0,0,2,0,7,4,1,1,5,6,1,37,7,-1,-1,-1,-1,9,E01027894,0,2
2025122500868,2025,122500868,1,1,0,18,19,8,4,0,0,8,0,0,0,0,1,1,5,6,2,32,6,-1,-1,-1,-1,2,E01013349,0,1
2025122500868,2025,122500868,2,9,0,9,9,4,2,0,0,5,0,0,0,0,4,1,5,6,1,55,8,-1,-1,-1,-1,8,E01013127,0,3
2025122500871,2025,122500871,1,9,0,17,19,2,6,0,0,0,5,0,1,4,1,1,6,6,1,45,7,-1,-1,-1,-1,7,E01027799,0,1
2025122500871,2025,122500871,2,9,0,16,19,6,2,0,0,0,0,0,0,0,1,1,6,6,1,76,11,-1,-1,-1,-1,6,E01027775,0,2
2025122500872,2025,122500872,1,9,0,17,19,3,1,0,0,8,0,0,1,11,1,1,5,6,1,75,10,-1,-1,-1,-1,9,E01027583,0,2
2025122500878,2025,122500878,1,9,0,18,19,6,2,0,0,0,5,0,7,11,1,1,5,6,1,60,9,-1,-1,-1,-1,7,E01010593,0,4
2025122500879,2025,122500879,1,9,0,5,5,3,5,0,0,4,0,0,0,0,1,1,1,1,2,38,7,-1,-1,-1,-1,10,E01013451,0,3
2025122500879,2025,122500879,2,1,0,18,19,2,4,0,0,3,0,0,0,0,4,1,5,6,1,49,8,-1,-1,-1,-1,9,E01013344,0,1
2025122500881,2025,122500881,2,9,0,9,9,8,5,0,0,1,0,0,0,0,3,1,1,1,1,54,8,-1,-1,-1,-1,1,E01010710,0,3
2025122500881,2025,122500881,1,9,0,15,15,8,4,0,0,1,0,0,7,3,4,1,5,6,1,41,7,-1,-1,-1,-1,10,E01027576,0,1
2025122500882,2025,122500882,1,11,0,5,5,8,4,0,0,2,0,0,0,0,1,1,1,1,2,63,9,-1,-1,-1,-1,5,E01034970,0,4
2025122500883,2025,122500883,1,19,0,18,19,6,2,0,0,2,0,0,0,0,1,1,6,6,1,55,8,-1,-1,-1,-1,8,E01013428,0,1
2025122500884,2025,122500884,1,19,0,18,19,8,4,0,0,2,0,0,1,11,1,1,1,1,1,64,9,-1,-1,-1,-1,2,E01027824,0,2
2025122500885,2025,122500885,2,1,0,7,7,1,3,0,0,4,0,0,0,0,1,1,6,6,1,61,9,-1,-1,-1,-1,9,E01013357,0,1
2025122500885,2025,122500885,1,9,0,18,19,7,3,0,0,3,0,0,0,0,4,1,6,6,2,72,10,-1,-1,-1,-1,10,E01013354,0,1
2025122500886,2025,122500886,1,5,0,9,9,3,7,0,0,0,1,0,1,0,1,1,1,1,1,22,5,-1,-1,-1,-1,9,E01027714,0,1
2025122500887,2025,122500887,1,9,0,18,19,1,5,0,0,0,0,0,4,6,1,1,6,6,1,31,6,-1,-1,-1,-1,10,E01034958,0,4
2025122500887,2025,122500887,2,9,0,18,19,1,5,0,0,0,0,0,4,6,2,1,6,6,1,43,7,-1,-1,-1,-1,5,E01020695,0,4
2025122500889,2025,122500889,2,9,0,18,19,7,3,0,0,0,0,0,0,0,1,1,6,6,2,54,8,-1,-1,-1,-1,10,E01019830,0,4
2025122500889,2025,122500889,1,9,0,18,19,3,7,0,0,0,0,0,0,0,1,1,6,6,1,52,8,-1,-1,-1,-1,2,E01025072,0,4
2025122500890,2025,122500890,1,9,0,18,19,5,1,0,0,1,0,0,0,0,1,1,6,6,1,42,7,-1,-1,-1,-1,5,E01027892,0,3
2025122500890,2025,122500890,2,9,0,8,8,5,7,0,0,1,0,0,0,0,2,1,6,6,1,40,7,-1,-1,-1,-1,2,E01011807,0,3
2025122500892,2025,122500892,1,9,0,16,19,4,7,0,0,0,1,0,8,11,1,1,2,2,1,18,4,-1,-1,-1,-1,6,E01027573,0,3
2025122500893,2025,122500893,2,9,0,18,19,1,5,0,0,0,0,0,0,0,1,1,5,6,1,46,8,-1,-1,-1,-1,7,E01011719,0,4
2025122500893,2025,122500893,1,9,0,18,19,5,1,0,0,0,0,0,0,0,1,1,5,6,2,36,7,-1,-1,-1,-1,6,E01024957,0,4
2025122500895,2025,122500895,2,3,0,18,19,4,8,0,0,8,0,0,0,0,0,1,4,7,1,20,4,-1,-1,-1,-1,2,E01011724,0,4
2025122500895,2025,122500895,1,9,0,18,19,6,1,0,0,7,0,0,0,0,1,1,1,1,1,40,7,-1,-1,-1,-1,10,E01011401,0,4
2025122500896,2025,122500896,2,5,0,18,19,3,7,0,0,1,0,0,0,0,1,1,5,6,1,38,7,-1,-1,-1,-1,5,E01027871,0,1
2025122500896,2025,122500896,1,9,0,9,9,7,3,0,0,6,0,0,0,0,3,1,5,6,1,52,8,-1,-1,-1,-1,1,E01034972,0,1
2025122500897,2025,122500897,2,3,0,14,14,5,1,0,0,1,0,0,0,0,1,1,1,1,1,29,6,-1,-1,-1,-1,1,E01027805,0,1
2025122500897,2025,122500897,1,9,0,9,9,7,5,0,0,6,0,0,0,0,1,1,5,6,2,20,4,-1,-1,-1,-1,2,E01027852,0,1
2025122500898,2025,122500898,1,17,0,18,19,1,5,5,5,0,2,0,7,9,1,1,6,6,1,18,4,-1,-1,-1,-1,6,E01027763,0,2
2025122500901,2025,122500901,1,3,0,17,19,7,3,0,0,0,0,0,1,0,0,1,5,6,1,21,5,-1,-1,-1,-1,8,E01027771,0,4
2025122500906,2025,122500906,2,9,0,18,19,1,5,0,0,2,0,0,0,0,1,1,2,2,1,61,9,-1,-1,-1,-1,9,E01005843,0,5
2025122500906,2025,122500906,1,9,0,18,19,7,3,0,0,2,5,0,0,0,1,1,5,6,1,66,10,-1,-1,-1,-1,6,E01027774,0,2
2025122500911,2025,122500911,4,9,0,18,19,3,7,0,0,0,1,0,0,0,1,1,5,6,2,31,6,-1,-1,-1,-1,6,E01011835,0,4
2025122500911,2025,122500911,3,9,0,18,19,3,7,0,0,0,0,0,0,0,2,1,5,6,2,27,6,-1,-1,-1,-1,8,E01027801,0,4
2025122500911,2025,122500911,1,19,0,18,19,3,7,0,0,0,0,0,0,0,0,1,1,1,1,62,9,-1,-1,-1,-1,9,E01027791,0,2
2025122500911,2025,122500911,2,9,0,18,19,3,7,0,0,0,0,0,0,0,0,1,1,1,1,47,8,-1,-1,-1,-1,6,E01004912,0,5
2025122500914,2025,122500914,1,9,0,16,19,6,2,0,0,0,0,0,0,0,1,1,5,6,2,19,4,-1,-1,-1,-1,1,E01025226,0,2
2025122500914,2025,122500914,2,20,0,17,19,2,6,0,0,0,0,0,0,0,3,1,1,1,1,42,7,-1,-1,-1,-1,6,E01025202,0,1
2025122500916,2025,122500916,1,9,0,18,19,5,1,0,0,0,0,0,7,9,1,1,5,6,2,32,6,-1,-1,-1,-1,10,E01027596,0,1
2025122500916,2025,122500916,2,9,0,18,19,1,5,0,0,0,0,0,1,9,1,1,5,6,2,64,9,-1,-1,-1,-1,9,E01034756,0,4
2025122500917,2025,122500917,1,19,0,7,7,5,7,0,0,2,0,0,0,0,1,1,1,1,1,64,9,-1,-1,-1,-1,3,E01027749,0,1
2025122500917,2025,122500917,2,11,0,18,19,7,3,0,0,1,0,0,0,0,3,1,1,1,1,63,9,-1,-1,-1,-1,6,E01012310,0,3
2025122500918,2025,122500918,2,1,0,17,19,8,3,0,0,0,0,0,0,0,3,1,5,6,3,64,9,-1,-1,-1,-1,10,E01010773,0,1
2025122500918,2025,122500918,1,9,0,15,15,8,3,0,0,0,0,0,3,0,4,1,5,6,3,88,11,-1,-1,-1,-1,10,E01010696,0,1
2025122500919,2025,122500919,2,19,0,18,19,1,5,0,0,0,5,0,1,0,3,1,6,6,1,58,9,-1,-1,-1,-1,6,E01027689,0,3
2025122500919,2025,122500919,3,19,0,18,19,1,5,0,0,0,0,0,0,0,1,1,6,6,1,45,7,-1,-1,-1,-1,1,E01009935,0,5
2025122500919,2025,122500919,1,9,0,13,13,1,5,0,0,0,0,0,0,0,1,1,6,6,2,18,4,-1,-1,-1,-1,7,E01027713,0,1
2025122500920,2025,122500920,1,9,0,7,7,6,8,0,0,1,0,0,0,0,1,1,5,6,1,39,7,-1,-1,-1,-1,9,E01027844,0,1
2025122500920,2025,122500920,2,9,0,18,19,8,4,0,0,1,0,0,0,0,1,1,5,6,1,78,11,-1,-1,-1,-1,8,E01027836,0,1
2025122500921,2025,122500921,1,9,0,17,19,2,6,0,0,0,0,0,0,0,1,1,5,6,2,62,9,-1,-1,-1,-1,9,E01027642,0,4
2025122500921,2025,122500921,2,9,0,16,19,7,2,0,0,0,0,0,0,0,1,1,5,6,1,86,11,-1,-1,-1,-1,5,E01027800,0,3
2025122500922,2025,122500922,2,9,0,18,19,7,3,0,0,0,0,0,0,0,2,1,5,6,1,49,8,-1,-1,-1,-1,2,E01020618,0,4
2025122500922,2025,122500922,1,9,0,15,15,5,1,0,0,0,0,0,1,4,3,1,5,6,2,38,7,-1,-1,-1,-1,3,E01035610,0,4
2025122500923,2025,122500923,1,9,0,18,19,7,3,0,0,0,1,0,1,4,1,1,5,6,1,50,8,-1,-1,-1,-1,9,E01027894,0,1
2025122500925,2025,122500925,1,19,0,18,19,1,5,0,0,0,0,0,0,0,4,1,1,1,1,65,9,-1,-1,-1,-1,1,E01027804,0,4
2025122500926,2025,122500926,1,9,0,9,9,6,2,0,0,2,0,0,0,0,0,1,5,6,1,28,6,-1,-1,-1,-1,7,E01027739,0,1
2025122500926,2025,122500926,2,5,0,4,4,2,6,0,0,1,1,0,0,0,0,1,5,6,3,-1,-1,-1,-1,-1,-1,-1,-1,0,-1
2025122500928,2025,122500928,2,19,0,4,4,7,3,0,0,0,0,0,0,0,1,1,5,6,2,42,7,-1,-1,-1,-1,3,E01013386,0,4
2025122500928,2025,122500928,1,9,0,13,13,3,7,0,0,0,0,0,0,0,1,1,6,6,1,20,4,-1,-1,-1,-1,5,E01012054,0,4
2025122500932,2025,122500932,1,19,0,1,1,1,2,0,0,0,0,0,0,0,2,1,1,1,1,56,9,-1,-1,-1,-1,5,E01027842,0,1
2025122500935,2025,122500935,1,9,0,18,19,6,2,0,0,0,5,0,0,0,1,1,6,6,1,78,11,-1,-1,-1,-1,7,E01027707,0,4
2025122500935,2025,122500935,3,9,0,18,19,2,6,0,0,0,0,0,0,0,4,1,6,6,2,32,6,-1,-1,-1,-1,7,E01011687,0,3
2025122500935,2025,122500935,2,9,0,18,19,2,6,0,0,0,0,0,0,0,1,1,6,6,2,48,8,-1,-1,-1,-1,10,E01010771,0,3
2025122500936,2025,122500936,1,9,0,16,19,5,1,0,0,0,0,0,8,11,1,1,5,6,1,22,5,-1,-1,-1,-1,5,E01027776,0,2
2025122500937,2025,122500937,1,5,0,17,19,8,4,0,0,0,1,0,2,11,1,1,5,6,1,51,8,-1,-1,-1,-1,5,E01025331,0,4
2025122500937,2025,122500937,2,5,0,17,19,8,4,0,0,0,1,0,0,0,1,1,5,6,1,28,6,-1,-1,-1,-1,8,E01010861,0,4
2025122500942,2025,122500942,2,1,0,18,19,5,1,0,0,0,0,0,0,0,3,1,5,6,2,55,8,-1,-1,-1,-1,10,E01027660,0,1
2025122500942,2025,122500942,1,9,0,18,19,5,1,0,0,0,0,0,0,0,4,1,6,6,3,-1,-1,-1,-1,-1,-1,-1,-1,0,-1
2025122500943,2025,122500943,1,9,0,10,10,1,5,0,0,0,5,0,7,0,1,1,2,2,1,33,6,-1,-1,-1,-1,9,E01027632,0,1
2025122500944,2025,122500944,1,9,0,18,19,1,5,0,0,0,0,10,0,0,1,1,5,6,1,26,6,-1,-1,-1,-1,4,E01018044,0,5
2025122500952,2025,122500952,1,9,0,4,4,7,3,0,0,0,0,0,0,0,1,1,2,2,2,43,7,-1,-1,-1,-1,10,E01027721,0,1
2025122500955,2025,122500955,1,9,0,5,5,7,3,9,9,0,0,0,0,0,4,1,5,6,1,78,11,-1,-1,-1,-1,4,E01010708,0,3
2025122500957,2025,122500957,1,5,0,16,19,5,7,0,0,0,1,12,0,0,0,1,6,6,1,64,9,-1,-1,-1,-1,5,E01010945,0,4
2025122500958,2025,122500958,1,19,0,2,2,0,0,6,6,0,0,4,0,0,1,1,5,6,2,75,10,-1,-1,-1,-1,8,E01013127,0,1
2025122500958,2025,122500958,2,9,0,2,2,0,0,6,6,0,0,0,0,0,2,1,6,6,1,45,7,-1,-1,-1,-1,10,E01013452,0,1
2025122500959,2025,122500959,1,9,0,15,15,5,1,0,0,0,0,4,0,0,1,1,5,6,1,78,11,-1,-1,-1,-1,8,E01012309,0,3
2025122500964,2025,122500964,1,9,0,18,19,2,6,0,0,0,0,0,0,0,1,1,5,6,1,66,10,-1,-1,-1,-1,7,E01027860,0,1
2025122500964,2025,122500964,2,1,0,18,19,6,2,0,0,0,0,0,0,0,1,1,5,6,2,29,6,-1,-1,-1,-1,9,E01027859,0,1
2025122500967,2025,122500967,1,1,0,18,19,2,6,0,0,1,0,0,0,0,1,1,6,6,1,58,9,-1,-1,-1,-1,8,E01013343,0,1
2025122500971,2025,122500971,1,9,0,9,9,6,3,0,0,5,0,0,0,0,3,1,5,6,1,55,8,-1,-1,-1,-1,1,E01024877,0,4
2025122500971,2025,122500971,2,5,0,13,13,6,2,0,0,1,0,0,0,0,4,1,5,6,1,44,7,-1,-1,-1,-1,10,E01034958,0,3
2025122500972,2025,122500972,1,9,0,5,5,7,3,0,0,6,0,0,0,0,3,2,6,6,1,49,8,-1,-1,-1,-1,8,E01027656,0,1
2025122500972,2025,122500972,2,3,0,14,14,4,8,0,0,1,0,0,0,0,1,1,6,6,1,33,6,-1,-1,-1,-1,6,E01027741,0,1
2025122500976,2025,122500976,1,9,0,18,19,5,1,0,0,0,0,0,0,0,1,1,5,6,2,44,7,-1,-1,-1,-1,7,E01011687,0,4
2025122500978,2025,122500978,1,9,0,18,19,1,3,0,0,0,2,0,7,10,1,1,1,1,2,39,7,-1,-1,-1,-1,3,E01027651,0,3
2025122500980,2025,122500980,2,19,0,18,19,5,1,0,0,1,0,0,0,0,4,1,1,1,1,78,11,-1,-1,-1,-1,5,E01027835,0,2
2025122500980,2025,122500980,1,9,0,5,5,7,3,0,0,6,0,0,0,0,1,1,6,6,2,69,10,-1,-1,-1,-1,8,E01027836,0,2
2025122500981,2025,122500981,2,1,0,17,19,6,8,0,0,0,0,0,0,0,3,1,6,6,1,72,10,-1,-1,-1,-1,7,E01011942,0,3
2025122500981,2025,122500981,1,9,0,16,19,4,2,0,0,0,0,0,0,0,1,1,6,6,2,19,4,-1,-1,-1,-1,2,E01011854,0,2
2025122500981,2025,122500981,3,1,0,17,19,6,8,0,0,0,0,0,0,0,3,1,6,6,1,83,11,-1,-1,-1,-1,1,E01011081,0,4
2025122500982,2025,122500982,2,5,0,18,19,8,4,0,0,1,0,0,0,0,1,1,5,6,1,58,9,-1,-1,-1,-1,3,E01013350,0,1
2025122500982,2025,122500982,1,9,0,10,10,8,5,0,0,1,0,0,0,0,2,1,5,6,2,37,7,-1,-1,-1,-1,8,E01013421,0,1
2025122500986,2025,122500986,1,9,0,9,9,4,6,0,0,2,0,0,0,0,3,1,5,6,2,26,6,-1,-1,-1,-1,8,E01027808,0,2
2025122500987,2025,122500987,1,9,0,18,19,8,4,0,0,0,0,0,0,0,1,1,6,6,1,24,5,-1,-1,-1,-1,6,E01027809,0,1
2025122500987,2025,122500987,2,1,0,12,12,4,5,0,0,0,0,0,0,0,3,1,6,6,1,14,3,-1,-1,-1,-1,1,E01027819,0,1
2025122500996,2025,122500996,1,9,0,18,19,5,1,0,0,1,0,0,0,0,1,1,5,6,2,75,10,-1,-1,-1,-1,1,E01027740,0,1
2025122500997,2025,122500997,1,9,0,18,19,4,8,0,0,0,0,0,0,0,1,1,6,6,2,77,11,-1,-1,-1,-1,8,E01027761,0,1
2025122500997,2025,122500997,2,9,0,2,2,0,0,0,0,0,0,0,0,0,1,1,6,6,1,28,6,-1,-1,-1,-1,7,E01027766,0,1
2025122501000,2025,122501000,2,5,0,18,19,3,7,0,0,1,0,0,0,0,1,1,5,6,1,60,9,-1,-1,-1,-1,8,E01013033,0,4
2025122501000,2025,122501000,1,9,0,9,9,7,3,0,0,5,0,0,0,0,2,1,5,6,1,41,7,-1,-1,-1,-1,10,E01010773,0,4
2025122501009,2025,122501009,2,1,0,18,19,7,3,0,0,2,0,0,0,0,1,1,4,7,2,15,3,-1,-1,-1,-1,1,E01027806,0,1
2025122501009,2025,122501009,1,9,0,18,19,6,2,0,0,8,0,0,0,0,1,2,3,7,2,28,6,-1,-1,-1,-1,4,E01027811,0,1
2025122501010,2025,122501010,1,9,0,4,4,3,7,0,0,0,0,0,0,0,2,1,6,6,2,39,7,-1,-1,-1,-1,7,E01012614,0,4
2025122501010,2025,122501010,2,9,0,18,19,3,7,0,0,0,0,0,0,0,1,1,6,6,2,28,6,-1,-1,-1,-1,7,E01010587,0,3
2025122501012,2025,122501012,1,9,0,12,12,2,5,0,0,7,0,0,1,4,1,1,5,6,2,20,4,-1,-1,-1,-1,7,E01012324,0,2
2025122501012,2025,122501012,2,19,0,18,19,2,5,0,0,1,0,0,0,0,0,1,6,6,1,20,4,-1,-1,-1,-1,7,E01010858,0,4
2025122501015,2025,122501015,1,9,0,13,13,1,5,0,0,0,0,0,7,11,1,1,5,6,1,44,7,-1,-1,-1,-1,7,E01027587,0,2
2025122501015,2025,122501015,3,9,0,18,19,1,5,0,0,0,0,0,7,11,2,1,5,6,2,62,9,-1,-1,-1,-1,7,E01027756,0,1
2025122501015,2025,122501015,2,9,0,9,9,7,5,0,0,0,0,0,0,0,1,1,5,6,2,19,4,-1,-1,-1,-1,6,E01027758,0,1
2025122501016,2025,122501016,3,9,0,4,4,8,4,0,0,0,0,0,0,0,2,1,6,6,1,37,7,-1,-1,-1,-1,9,E01027704,0,1
2025122501016,2025,122501016,2,9,0,4,4,8,4,0,0,0,0,0,0,0,2,1,6,6,1,84,11,-1,-1,-1,-1,6,E01027669,0,1
2025122501016,2025,122501016,1,9,0,4,4,8,4,0,0,0,0,0,0,0,1,1,6,6,2,54,8,-1,-1,-1,-1,7,E01027673,0,1
2025122501021,2025,122501021,2,9,0,4,4,3,4,0,0,0,0,0,0,0,0,1,5,6,1,67,10,-1,-1,-1,-1,7,E01019617,0,4
2025122501021,2025,122501021,1,1,0,18,19,3,4,0,0,0,1,0,0,0,2,1,5,6,1,63,9,-1,-1,-1,-1,7,E01011592,0,4
2025122501027,2025,122501027,2,9,0,18,19,8,4,0,0,8,0,0,0,0,2,1,2,2,1,20,4,-1,-1,-1,-1,6,E01027636,0,3
2025122501027,2025,122501027,1,3,0,18,19,2,6,0,0,6,0,0,3,11,3,1,6,6,1,17,4,-1,-1,-1,-1,7,E01013419,0,3
2025122501029,2025,122501029,1,1,0,18,19,7,3,0,0,1,0,0,0,0,1,1,4,7,1,15,3,-1,-1,-1,-1,3,E01013447,0,1
2025122501029,2025,122501029,2,9,0,3,3,7,3,0,0,1,0,0,0,0,2,1,2,2,1,33,6,-1,-1,-1,-1,3,E01013350,0,1
2025122501030,2025,122501030,1,9,0,18,19,7,3,9,9,2,0,0,1,0,1,1,6,6,3,-1,-1,-1,-1,-1,-1,-1,-1,0,-1
2025122501036,2025,122501036,1,9,0,9,9,6,2,0,0,0,0,0,0,0,3,1,5,6,1,22,5,-1,-1,-1,-1,4,E01027818,0,1
2025122501036,2025,122501036,2,3,0,13,13,6,2,0,0,0,0,0,0,0,1,1,5,6,1,18,4,-1,-1,-1,-1,4,E01027779,0,4
2025122501037,2025,122501037,1,9,0,16,19,4,1,0,0,0,1,0,0,0,1,1,2,2,1,27,6,-1,-1,-1,-1,2,E01013945,0,5
2025122501037,2025,122501037,2,9,0,18,19,8,4,0,0,0,0,0,0,0,1,1,3,7,1,52,8,-1,-1,-1,-1,6,E01027769,0,1
2025122501040,2025,122501040,1,3,0,18,19,6,2,0,0,0,0,0,0,0,0,1,2,2,1,21,5,-1,-1,-1,-1,7,E01012365,0,4
2025122501041,2025,122501041,1,5,0,17,19,2,6,0,0,8,0,0,0,0,3,1,5,6,1,48,8,-1,-1,-1,-1,6,E01025330,0,3
2025122501043,2025,122501043,2,1,0,18,19,6,2,0,0,8,0,0,0,0,1,1,2,2,3,38,7,-1,-1,-1,-1,6,E01013442,0,1
2025122501043,2025,122501043,1,9,0,7,7,8,2,0,0,6,0,0,0,0,1,1,6,6,3,-1,-1,-1,-1,-1,-1,-1,-1,0,-1
2025122501046,2025,122501046,2,1,0,11,11,7,3,0,0,8,0,0,0,0,3,1,1,1,1,33,6,-1,-1,-1,-1,7,E01027646,0,2
2025122501046,2025,122501046,1,8,0,11,11,7,3,0,0,8,0,0,0,0,1,1,1,1,3,-1,-1,-1,-1,-1,-1,-1,-1,0,-1
2025122501047,2025,122501047,1,9,0,16,19,3,7,0,0,0,0,0,0,0,1,1,6,6,2,43,7,-1,-1,-1,-1,6,E01027769,0,2
2025122501047,2025,122501047,2,9,0,17,19,7,3,0,0,0,0,0,0,0,1,1,6,6,2,45,7,-1,-1,-1,-1,9,E01027745,0,1
2025122501047,2025,122501047,3,9,0,18,19,7,3,0,0,0,0,0,0,0,3,1,6,6,2,47,8,-1,-1,-1,-1,8,E01027746,0,1
2025122501049,2025,122501049,1,9,0,18,19,5,1,0,0,4,0,0,0,0,1,1,5,6,1,38,7,-1,-1,-1,-1,4,E01013390,0,1
2025122501049,2025,122501049,2,1,0,9,9,3,7,0,0,3,0,0,0,0,1,1,1,1,2,26,6,-1,-1,-1,-1,7,E01013345,0,1
2025122501050,2025,122501050,1,19,0,9,9,5,3,0,0,5,0,0,0,0,1,1,1,1,1,53,8,-1,-1,-1,-1,5,E01027868,0,1
2025122501052,2025,122501052,2,9,0,18,19,7,3,0,0,8,0,0,1,0,1,1,5,6,2,61,9,-1,-1,-1,-1,6,E01027637,0,1
2025122501052,2025,122501052,1,9,0,18,19,5,1,0,0,1,0,0,7,1,4,1,5,6,2,20,4,-1,-1,-1,-1,8,E01034959,0,2
2025122501053,2025,122501053,1,5,0,18,19,8,4,0,0,1,0,0,0,0,1,1,5,6,1,21,5,-1,-1,-1,-1,8,E01027620,0,4
2025122501053,2025,122501053,2,9,0,9,9,8,4,0,0,8,0,0,0,0,3,1,5,6,1,42,7,-1,-1,-1,-1,10,E01028779,0,5
2025122501055,2025,122501055,2,19,0,18,19,1,5,0,0,0,0,11,0,0,1,1,1,1,1,43,7,-1,-1,-1,-1,5,E01011731,0,4
2025122501055,2025,122501055,1,9,0,18,19,1,5,0,0,0,0,0,0,0,0,1,6,6,3,-1,-1,-1,-1,-1,-1,-1,-1,0,-1
2025122501056,2025,122501056,1,9,0,18,19,3,7,0,0,1,0,10,0,0,1,1,6,6,2,57,9,-1,-1,-1,-1,8,E01027839,0,1
2025122501056,2025,122501056,2,9,0,7,7,5,7,0,0,8,0,0,0,0,0,1,6,6,3,-1,-1,-1,-1,-1,-1,-1,-1,0,-1
2025122501059,2025,122501059,1,9,0,18,19,5,1,0,0,0,0,0,0,0,4,1,6,6,3,-1,-1,-1,-1,-1,-1,-1,-1,0,-1
2025122501060,2025,122501060,1,19,0,18,19,6,2,0,0,2,0,0,0,0,1,1,5,6,1,46,8,-1,-1,-1,-1,2,E01027827,0,1
2025122501063,2025,122501063,2,9,0,18,19,1,5,0,0,1,0,0,0,0,1,1,5,6,2,20,4,-1,-1,-1,-1,5,E01027851,0,1
2025122501063,2025,122501063,1,3,0,4,4,5,3,0,0,1,1,0,0,0,1,1,5,6,1,17,4,-1,-1,-1,-1,2,E01027824,0,1
2025122501064,2025,122501064,1,9,0,9,9,3,7,0,0,1,0,0,0,0,2,1,2,2,1,43,7,-1,-1,-1,-1,8,E01034966,0,2
2025122501064,2025,122501064,2,9,0,18,19,7,3,0,0,1,0,0,0,0,1,1,2,2,3,34,6,-1,-1,-1,-1,8,E01027759,0,1
2025122501069,2025,122501069,1,9,0,18,19,6,3,0,0,0,0,0,0,0,1,1,2,2,2,42,7,-1,-1,-1,-1,5,E01011774,0,4
2025122501070,2025,122501070,1,9,0,18,19,6,1,0,0,0,0,0,0,0,1,1,6,6,1,23,5,-1,-1,-1,-1,6,E01027689,0,2
2025122501070,2025,122501070,2,9,0,18,19,1,6,0,0,0,0,0,0,0,1,1,6,6,2,33,6,-1,-1,-1,-1,-1,-1,0,-1
2025122501070,2025,122501070,4,9,0,18,19,6,1,0,0,0,0,0,0,0,1,1,6,6,1,72,10,-1,-1,-1,-1,-1,-1,0,-1
2025122501070,2025,122501070,3,9,0,18,19,6,1,0,0,0,0,0,0,0,1,1,6,6,1,54,8,-1,-1,-1,-1,-1,-1,0,-1
2025122501075,2025,122501075,1,9,0,16,19,7,3,0,0,0,1,10,7,4,4,1,6,6,1,51,8,-1,-1,-1,-1,-1,-1,0,-1
2025122501079,2025,122501079,1,9,0,17,19,4,8,0,0,0,0,0,1,11,1,1,5,6,2,69,10,-1,-1,-1,-1,8,E01027568,0,1
2025122501081,2025,122501081,1,9,0,17,19,3,1,0,0,0,0,0,0,0,3,1,5,6,1,35,6,-1,-1,-1,-1,8,E01020597,0,4
2025122501081,2025,122501081,2,4,0,16,19,1,3,0,0,0,0,0,0,0,1,1,5,6,1,70,10,-1,-1,-1,-1,7,E01027760,0,1
2025122501083,2025,122501083,2,9,0,18,19,2,6,0,0,8,0,0,0,0,1,1,5,6,2,42,7,-1,-1,-1,-1,2,E01033899,0,4
2025122501083,2025,122501083,1,9,0,9,9,8,6,0,0,8,0,0,0,0,1,1,5,6,1,78,11,-1,-1,-1,-1,9,E01027894,0,4
2025122501083,2025,122501083,3,9,0,3,3,2,6,0,0,1,0,0,0,0,1,1,5,6,2,50,8,-1,-1,-1,-1,2,E01011852,0,4
2025122501087,2025,122501087,2,9,0,18,19,4,8,0,0,8,0,0,0,0,1,1,1,1,2,37,7,-1,-1,-1,-1,8,E01013391,0,4
2025122501087,2025,122501087,1,9,0,9,9,7,4,0,0,6,0,0,0,0,3,1,1,1,1,60,9,-1,-1,-1,-1,2,E01011949,0,4
2025122501089,2025,122501089,2,4,0,3,3,1,5,0,0,0,0,0,0,0,1,1,5,6,1,66,10,-1,-1,-1,-1,9,E01012346,0,1
2025122501089,2025,122501089,1,17,4,1,1,5,1,0,0,0,0,0,0,0,2,1,1,1,1,24,5,-1,-1,-1,-1,6,E01027637,0,4
2025122501094,2025,122501094,1,9,0,18,19,7,3,0,0,2,0,0,7,11,1,1,5,6,1,19,4,-1,-1,-1,-1,8,E01027682,0,2