collision_index,collision_year,collision_ref_no,vehicle_reference,vehicle_type,towing_and_articulation,vehicle_manoeuvre_historic,vehicle_manoeuvre,vehicle_direction_from,vehicle_direction_to,vehicle_location_restricted_lane_historic,vehicle_location_restricted_lane,junction_location,skidding_and_overturning,hit_object_in_carriageway,vehicle_leaving_carriageway,hit_object_off_carriageway,first_point_of_impact,vehicle_left_hand_drive,journey_purpose_of_driver_historic,journey_purpose_of_driver,sex_of_driver,age_of_driver,age_band_of_driver,engine_capacity_cc,propulsion_code,age_of_vehicle,generic_make_model,driver_imd_decile,lsoa_of_driver,escooter_flag,driver_distance_banding
2025122501100,2025,122501100,1,9,0,18,19,1,5,0,0,0,0,0,0,0,4,1,5,6,2,21,5,-1,-1,-1,-1,8,E01027876,0,3
2025122501100,2025,122501100,2,9,0,2,2,0,0,0,0,0,0,0,0,0,3,1,5,6,2,85,11,-1,-1,-1,-1,9,E01034762,0,1
2025122501105,2025,122501105,2,9,0,18,19,3,7,0,0,0,5,0,1,0,0,1,5,6,2,52,8,-1,-1,-1,-1,8,E01027558,0,1
2025122501105,2025,122501105,3,9,0,18,19,7,3,0,0,0,0,0,0,0,0,1,6,6,3,-1,-1,-1,-1,-1,-1,-1,-1,0,-1
2025122501105,2025,122501105,1,9,0,18,19,7,3,0,0,0,0,0,0,0,0,1,6,6,3,-1,-1,-1,-1,-1,-1,-1,-1,0,-1
2025122501106,2025,122501106,1,9,0,18,19,7,3,0,0,6,0,0,0,0,3,1,5,6,2,76,11,-1,-1,-1,-1,6,E01027637,0,1
2025122501106,2025,122501106,2,9,0,18,19,5,1,0,0,1,0,0,0,0,1,1,5,6,1,22,5,-1,-1,-1,-1,1,E01013573,0,5
2025122501120,2025,122501120,1,9,0,4,4,3,7,0,0,1,0,0,0,0,3,1,5,6,1,41,7,-1,-1,-1,-1,10,E01027639,0,1
2025122501120,2025,122501120,2,19,0,13,13,3,7,0,0,1,0,0,0,0,4,1,1,1,1,50,8,-1,-1,-1,-1,6,E01027720,0,1
2025122501132,2025,122501132,1,19,0,5,5,3,7,0,0,6,2,0,0,0,3,1,1,1,1,59,9,-1,-1,-1,-1,9,E01027745,0,1
2025122501132,2025,122501132,2,9,0,18,19,1,5,0,0,1,0,0,0,0,1,1,1,1,1,28,6,-1,-1,-1,-1,2,E01005100,0,5
2025122501136,2025,122501136,1,9,0,18,19,4,2,0,0,4,0,0,0,0,1,1,2,2,1,44,7,-1,-1,-1,-1,10,E01013354,0,1
2025122501136,2025,122501136,2,1,0,18,19,4,6,0,0,4,0,0,0,0,2,1,6,6,1,56,9,-1,-1,-1,-1,10,E01013417,0,1
2025122501138,2025,122501138,2,5,0,17,19,1,6,0,0,1,0,0,0,0,1,1,5,6,1,39,7,-1,-1,-1,-1,8,E01013407,0,1
2025122501138,2025,122501138,1,9,0,12,12,1,6,0,0,1,0,0,0,0,3,1,5,6,2,54,8,-1,-1,-1,-1,6,E01018674,0,5
2025122501154,2025,122501154,2,9,0,18,19,5,1,0,0,0,0,0,7,11,1,1,5,6,1,74,10,-1,-1,-1,-1,4,E01010708,0,2
2025122501154,2025,122501154,1,9,0,18,19,1,5,0,0,0,0,0,7,0,1,1,5,6,1,74,10,-1,-1,-1,-1,8,E01027566,0,1
2025131536459,2025,131536459,1,9,0,-1,19,1,1,-1,0,0,0,0,0,0,1,1,-1,6,1,54,8,-1,-1,-1,-1,4,E01010746,0,3
2025131536482,2025,131536482,1,9,0,-1,9,1,7,-1,0,2,0,0,0,0,1,1,-1,6,1,64,9,-1,-1,-1,-1,1,E01011317,0,1
2025131536498,2025,131536498,2,19,0,-1,19,5,1,-1,0,1,0,0,0,0,0,1,-1,8,1,31,6,-1,-1,-1,-1,1,E01034582,0,1
2025131536498,2025,131536498,1,9,0,-1,-1,-1,-1,-1,-1,1,-1,-1,-1,-1,-1,1,-1,6,1,35,6,-1,-1,-1,-1,-1,-1,0,-1
2025131536517,2025,131536517,1,9,0,-1,7,5,8,-1,0,5,0,10,7,1,3,1,-1,6,1,38,7,-1,-1,-1,-1,1,E01010841,0,1
2025131536525,2025,131536525,1,9,0,-1,19,6,2,-1,0,0,2,0,1,4,1,1,-1,6,1,27,6,-1,-1,-1,-1,1,E01011354,0,2
2025131536543,2025,131536543,2,9,0,-1,9,5,3,-1,0,6,0,0,0,0,3,1,-1,1,1,43,7,-1,-1,-1,-1,1,E01011361,0,1
2025131536543,2025,131536543,1,9,0,-1,19,3,7,-1,0,1,0,0,0,0,1,1,-1,9,1,39,7,-1,-1,-1,-1,1,E01011340,0,1
2025131536557,2025,131536557,2,9,0,-1,2,2,6,-1,0,0,0,0,0,0,2,1,-1,6,3,-1,-1,-1,-1,-1,-1,-1,-1,0,-1
2025131536557,2025,131536557,1,90,0,-1,19,2,6,-1,0,0,0,0,0,0,1,1,-1,6,3,-1,-1,-1,-1,-1,-1,-1,-1,0,-1
2025131536684,2025,131536684,1,90,0,-1,19,1,5,-1,0,0,5,0,7,0,1,1,-1,6,1,30,6,-1,-1,-1,-1,1,E01010819,0,1
2025131536714,2025,131536714,1,9,0,-1,19,1,5,-1,0,0,1,0,1,1,1,1,-1,9,1,39,7,-1,-1,-1,-1,4,E01011876,0,1
2025131536719,2025,131536719,1,3,0,-1,7,1,1,-1,0,1,0,0,0,0,4,1,-1,2,2,54,8,-1,-1,-1,-1,7,E01011299,0,2
2025131536844,2025,131536844,1,9,0,-1,19,6,2,-1,0,8,0,0,0,0,4,1,-1,6,2,55,8,-1,-1,-1,-1,1,E01034583,0,1
2025131536844,2025,131536844,2,9,0,-1,19,2,2,-1,0,8,0,0,0,0,4,1,-1,6,2,76,11,-1,-1,-1,-1,5,E01010939,0,1
2025131536889,2025,131536889,1,11,0,-1,19,1,5,-1,0,0,0,0,0,0,4,1,-1,1,1,35,6,-1,-1,-1,-1,3,E01011841,0,1
2025131536905,2025,131536905,1,9,0,-1,19,8,4,-1,0,0,0,0,0,0,1,1,-1,9,2,69,10,-1,-1,-1,-1,7,E01010917,0,2
2025131536905,2025,131536905,2,19,0,-1,2,0,0,-1,0,0,0,0,0,0,1,1,-1,6,-1,-1,-1,-1,-1,-1,-1,-1,-1,0,-1
2025131536927,2025,131536927,1,9,0,-1,19,1,5,-1,0,0,0,0,0,0,1,1,-1,9,1,50,8,-1,-1,-1,-1,1,E01007916,0,4
2025131536927,2025,131536927,2,9,0,-1,19,1,5,-1,0,0,0,0,0,0,2,1,-1,9,1,81,11,-1,-1,-1,-1,1,E01033672,0,4
2025131536958,2025,131536958,2,9,0,-1,9,3,5,-1,0,5,0,0,0,0,2,1,-1,6,1,38,7,-1,-1,-1,-1,1,E01010607,0,1
2025131536958,2025,131536958,1,97,0,-1,13,-1,-1,-1,0,8,-1,-1,-1,-1,-1,1,-1,6,3,-1,-1,-1,-1,-1,-1,-1,-1,0,-1
2025131536986,2025,131536986,2,9,0,-1,19,3,7,-1,0,1,0,0,0,0,4,1,-1,6,-1,0,1,-1,-1,-1,-1,-1,-1,0,-1
2025131536986,2025,131536986,1,9,0,-1,3,3,7,-1,0,1,0,0,0,0,1,1,-1,9,2,41,7,-1,-1,-1,-1,3,E01010629,0,1
2025131537003,2025,131537003,1,9,0,-1,19,4,8,-1,0,2,0,0,0,0,1,1,-1,9,1,23,5,-1,-1,-1,-1,2,E01010752,0,1
2025131537005,2025,131537005,2,3,0,-1,19,6,2,-1,0,8,0,0,0,0,1,1,-1,6,1,22,5,-1,-1,-1,-1,1,E01011811,0,1
2025131537005,2025,131537005,1,9,0,-1,9,2,3,-1,0,8,0,0,0,0,3,1,-1,6,1,56,9,-1,-1,-1,-1,3,E01011806,0,1
2025131537047,2025,131537047,2,9,0,-1,19,5,1,-1,0,8,0,0,0,0,-1,1,-1,6,3,1,1,-1,-1,-1,-1,-1,-1,0,-1
2025131537047,2025,131537047,3,9,0,-1,19,5,1,-1,0,8,0,0,0,0,0,1,-1,1,1,30,6,-1,-1,-1,-1,6,E01011885,0,2
2025131537047,2025,131537047,1,3,0,-1,19,5,1,-1,0,8,0,0,0,0,1,1,-1,6,1,34,6,-1,-1,-1,-1,3,E01011691,0,1
2025131537059,2025,131537059,1,9,0,-1,9,3,1,-1,0,5,0,0,0,0,1,1,-1,9,1,45,7,-1,-1,-1,-1,2,E01011223,0,1
2025131537061,2025,131537061,1,9,0,-1,19,5,1,-1,0,0,1,0,1,11,4,1,-1,6,1,20,4,-1,-1,-1,-1,2,E01010961,0,1
2025131537215,2025,131537215,4,9,0,-1,19,5,1,-1,0,0,0,0,0,0,0,1,-1,6,1,28,6,-1,-1,-1,-1,3,E01011175,0,1
2025131537215,2025,131537215,1,9,0,-1,19,5,1,-1,0,0,1,0,0,0,3,1,-1,6,1,27,6,-1,-1,-1,-1,2,E01011230,0,1
2025131537215,2025,131537215,2,9,0,-1,19,1,5,-1,0,0,0,0,0,0,3,1,-1,1,1,60,9,-1,-1,-1,-1,7,E01011145,0,1
2025131537215,2025,131537215,3,9,0,-1,19,1,5,-1,0,0,0,0,0,0,3,1,-1,1,1,26,6,-1,-1,-1,-1,1,E01011082,0,1
2025131537220,2025,131537220,1,9,0,-1,9,8,4,-1,0,1,0,0,0,0,1,1,-1,6,2,30,6,-1,-1,-1,-1,5,E01011782,0,2
2025131537220,2025,131537220,2,9,0,-1,19,5,1,-1,0,1,0,0,0,0,1,1,-1,6,2,50,8,-1,-1,-1,-1,5,E01011765,0,1
2025131537242,2025,131537242,1,9,0,-1,-1,-1,-1,-1,-1,-1,-1,-1,-1,0,-1,1,-1,6,3,-1,-1,-1,-1,-1,-1,-1,-1,0,-1
2025131537242,2025,131537242,2,9,0,-1,19,5,1,-1,0,2,0,0,0,0,4,1,-1,6,1,42,7,-1,-1,-1,-1,3,E01010834,0,1
2025131537281,2025,131537281,1,9,0,-1,4,5,1,-1,0,1,0,0,0,0,2,1,-1,6,2,51,8,-1,-1,-1,-1,5,E01010689,0,1
2025131537281,2025,131537281,2,19,0,-1,19,5,1,-1,0,1,0,0,0,0,1,2,-1,6,3,-1,-1,-1,-1,-1,-1,-1,-1,0,-1
2025131537291,2025,131537291,2,90,0,-1,8,7,1,-1,0,8,0,0,0,0,2,1,-1,6,3,-1,-1,-1,-1,-1,-1,-1,-1,0,-1
2025131537291,2025,131537291,1,90,0,-1,19,7,1,-1,0,1,0,0,0,0,1,1,-1,6,3,-1,-1,-1,-1,-1,-1,-1,-1,0,-1
2025131537461,2025,131537461,1,9,0,-1,19,1,3,-1,0,1,0,0,0,0,4,1,-1,9,2,58,9,-1,-1,-1,-1,4,E01011233,0,4
2025131537465,2025,131537465,1,9,0,-1,19,5,1,-1,0,0,0,0,1,0,1,1,-1,6,1,59,9,-1,-1,-1,-1,7,E01011592,0,1
2025131537468,2025,131537468,1,9,0,-1,19,7,3,-1,0,0,1,0,0,0,4,1,-1,6,1,19,4,-1,-1,-1,-1,3,E01010599,0,2
2025131537577,2025,131537577,2,9,0,-1,4,2,6,-1,0,2,0,0,0,0,2,1,-1,6,2,28,6,-1,-1,-1,-1,1,E01010850,0,2
2025131537577,2025,131537577,1,9,0,-1,-1,-1,-1,-1,-1,-1,-1,-1,-1,0,-1,1,-1,6,3,-1,-1,-1,-1,-1,-1,-1,-1,0,-1
2025131537598,2025,131537598,1,9,0,-1,19,1,5,-1,0,8,0,0,0,0,3,1,-1,9,1,20,4,-1,-1,-1,-1,1,E01011730,0,1
2025131537598,2025,131537598,2,9,0,-1,19,3,7,-1,0,8,0,0,0,0,3,1,-1,6,1,40,7,-1,-1,-1,-1,7,E01011556,0,2
2025131537614,2025,131537614,1,9,0,-1,5,1,5,-1,0,0,1,0,0,0,1,1,-1,6,2,86,11,-1,-1,-1,-1,9,E01011186,0,1
2025131537637,2025,131537637,2,9,0,-1,5,5,1,-1,0,0,0,0,0,0,3,1,-1,6,1,26,6,-1,-1,-1,-1,1,E01011004,0,1
2025131537637,2025,131537637,1,9,0,-1,-1,-1,-1,-1,-1,0,-1,-1,-1,-1,1,1,-1,6,3,-1,-1,-1,-1,-1,-1,-1,-1,0,-1
2025131537669,2025,131537669,1,9,0,-1,-1,-1,-1,-1,-1,-1,-1,-1,-1,-1,-1,1,-1,6,3,0,1,-1,-1,-1,-1,-1,-1,0,-1
2025131537672,2025,131537672,2,9,0,-1,19,1,5,-1,0,0,0,0,0,0,2,1,-1,6,2,47,8,-1,-1,-1,-1,2,E01010815,0,1
2025131537672,2025,131537672,1,9,0,-1,19,1,5,-1,0,0,0,0,0,0,1,1,-1,6,2,42,7,-1,-1,-1,-1,1,E01010817,0,1
2025131537673,2025,131537673,1,9,0,-1,19,7,3,-1,0,0,2,0,1,11,1,1,-1,9,2,31,6,-1,-1,-1,-1,2,E01027854,0,4
2025131537691,2025,131537691,2,1,0,-1,19,3,7,-1,0,8,0,0,0,0,4,1,-1,6,2,37,7,-1,-1,-1,-1,2,E01010778,0,1
2025131537691,2025,131537691,1,9,0,-1,19,1,5,-1,0,2,0,0,0,0,4,1,-1,2,1,32,6,-1,-1,-1,-1,3,E01010591,0,1
2025131537740,2025,131537740,1,9,0,-1,5,4,1,-1,0,4,0,0,0,0,1,1,-1,9,2,21,5,-1,-1,-1,-1,3,E01029568,0,4
2025131537740,2025,131537740,2,3,0,-1,19,1,5,-1,0,8,0,0,0,0,1,1,-1,9,1,19,4,-1,-1,-1,-1,3,E01011758,0,1
2025131537758,2025,131537758,2,9,0,-1,19,2,6,-1,0,0,0,0,0,0,1,1,-1,1,1,55,8,-1,-1,-1,-1,3,E01010949,0,1
2025131537758,2025,131537758,1,9,0,-1,19,6,2,-1,0,0,0,0,2,0,1,1,-1,9,1,25,5,-1,-1,-1,-1,4,E01010951,0,1
2025131537815,2025,131537815,1,9,0,-1,19,1,5,-1,9,0,0,0,0,0,1,1,-1,6,3,-1,-1,-1,-1,-1,-1,-1,-1,0,-1
2025131537823,2025,131537823,2,9,0,-1,19,7,3,-1,0,0,0,0,0,0,2,1,-1,2,1,54,8,-1,-1,-1,-1,1,E01005583,0,3
2025131537823,2025,131537823,1,9,0,-1,19,7,3,-1,0,0,0,0,0,0,1,1,-1,6,1,46,8,-1,-1,-1,-1,1,E01011729,0,4
2025131537836,2025,131537836,1,9,0,-1,19,4,8,-1,0,8,0,0,2,7,1,1,-1,6,1,25,5,-1,-1,-1,-1,4,E01025198,0,4
2025131537888,2025,131537888,2,9,0,-1,2,0,0,-1,0,0,0,0,0,0,1,1,-1,6,-1,-1,-1,-1,-1,-1,-1,-1,-1,0,-1
2025131537888,2025,131537888,1,9,0,-1,19,4,8,-1,0,0,0,0,7,0,1,1,-1,6,1,61,9,-1,-1,-1,-1,4,E01032489,0,1
2025131537888,2025,131537888,3,9,0,-1,2,0,0,-1,0,0,0,0,0,0,2,1,-1,6,-1,-1,-1,-1,-1,-1,-1,-1,-1,0,-1
2025131537893,2025,131537893,1,9,0,-1,-1,-1,-1,-1,-1,-1,-1,-1,-1,-1,-1,1,-1,6,3,-1,-1,-1,-1,-1,-1,-1,-1,0,-1
2025131537893,2025,131537893,2,9,0,-1,5,4,8,-1,0,1,0,0,0,0,1,1,-1,9,1,42,7,-1,-1,-1,-1,1,E01010743,0,1
2025131538137,2025,131538137,3,98,0,-1,19,5,1,-1,0,0,0,0,0,0,3,1,-1,2,1,52,8,-1,-1,-1,-1,5,E01027564,0,1
2025131538137,2025,131538137,2,9,0,-1,13,5,1,-1,0,0,1,0,0,0,2,1,-1,2,2,25,5,-1,-1,-1,-1,8,E01027556,0,1
2025131538137,2025,131538137,1,9,0,-1,19,5,5,-1,0,0,0,0,0,0,2,1,-1,2,1,23,5,-1,-1,-1,-1,10,E01027565,0,1
2025131538137,2025,131538137,4,9,0,-1,19,1,5,-1,0,0,0,0,0,0,0,1,-1,6,-1,-1,-1,-1,-1,-1,-1,-1,-1,0,-1
2025131538296,2025,131538296,1,9,0,-1,19,5,1,-1,0,1,1,0,0,0,1,1,-1,1,1,40,7,-1,-1,-1,-1,1,E01010719,0,1
2025131538340,2025,131538340,1,9,0,-1,19,5,1,-1,0,0,1,0,1,2,1,2,-1,6,1,52,8,-1,-1,-1,-1,5,E01011009,0,2
2025131538421,2025,131538421,1,9,0,-1,-1,-1,-1,-1,-1,-1,-1,-1,-1,-1,-1,1,-1,6,3,-1,-1,-1,-1,-1,-1,-1,-1,0,-1
2025131538421,2025,131538421,2,9,0,-1,-1,-1,-1,-1,-1,-1,-1,-1,-1,-1,-1,1,-1,9,1,20,4,-1,-1,-1,-1,1,E01010623,0,1
2025131538448,2025,131538448,1,9,0,-1,19,8,1,-1,0,0,2,7,2,10,1,1,-1,7,2,38,7,-1,-1,-1,-1,3,E01011783,0,1
2025131538503,2025,131538503,2,9,0,-1,19,7,3,-1,0,2,0,0,1,0,3,1,-1,6,1,34,6,-1,-1,-1,-1,1,E01011140,0,1
2025131538503,2025,131538503,1,9,0,-1,19,5,1,-1,0,2,1,0,3,11,1,1,-1,2,1,26,6,-1,-1,-1,-1,2,E01011259,0,1
2025131538531,2025,131538531,1,9,0,-1,-1,-1,-1,-1,-1,-1,-1,-1,-1,-1,-1,1,-1,6,3,-1,-1,-1,-1,-1,-1,-1,-1,0,-1
2025131538539,2025,131538539,1,9,0,-1,2,3,8,-1,0,8,1,0,0,0,0,1,-1,6,-1,-1,-1,-1,-1,-1,-1,-1,-1,0,-1
2025131538603,2025,131538603,1,9,0,-1,19,3,7,-1,0,4,0,0,0,0,2,1,-1,9,1,61,9,-1,-1,-1,-1,5,E01011164,0,1
2025131538603,2025,131538603,2,9,0,-1,19,3,7,-1,0,4,0,0,0,0,1,1,-1,1,1,23,5,-1,-1,-1,-1,1,E01011140,0,1
2025131539021,2025,131539021,2,21,0,-1,19,7,3,-1,0,0,0,0,0,0,2,1,-1,1,1,52,8,-1,-1,-1,-1,2,E01010869,0,1
2025131539021,2025,131539021,1,9,0,-1,19,7,3,-1,0,0,0,0,0,0,1,1,-1,6,1,24,5,-1,-1,-1,-1,1,E01010965,0,2
2025131539075,2025,131539075,3,9,0,-1,19,1,1,-1,0,4,0,0,0,0,0,1,-1,8,1,34,6,-1,-1,-1,-1,1,E01010614,0,3
2025131539075,2025,131539075,2,9,0,-1,19,1,1,-1,0,3,0,0,0,0,0,1,-1,1,1,49,8,-1,-1,-1,-1,1,E01010614,0,3
2025131539075,2025,131539075,4,9,0,-1,19,1,1,-1,0,8,5,0,1,0,2,1,-1,1,1,50,8,-1,-1,-1,-1,1,E01010701,0,1
2025131539075,2025,131539075,1,9,0,-1,19,1,1,-1,0,4,1,0,0,0,-1,1,-1,6,1,17,4,-1,-1,-1,-1,3,E01010793,0,2
2025131539166,2025,131539166,1,9,0,-1,19,4,6,-1,0,8,0,0,0,0,4,1,-1,9,1,46,8,-1,-1,-1,-1,2,E01010993,0,1
2025131539292,2025,131539292,1,9,0,-1,19,6,2,-1,0,0,0,0,0,0,4,1,-1,6,1,27,6,-1,-1,-1,-1,7,E01011410,0,3
2025131539292,2025,131539292,2,9,0,-1,6,6,2,-1,0,0,0,0,0,0,1,1,-1,6,2,44,7,-1,-1,-1,-1,2,E01011079,0,4
2025131539332,2025,131539332,1,9,0,-1,-1,-1,-1,-1,-1,0,-1,-1,-1,-1,-1,1,-1,6,3,-1,-1,-1,-1,-1,-1,-1,-1,0,-1
2025131539336,2025,131539336,1,9,0,-1,-1,-1,-1,-1,-1,0,-1,-1,-1,-1,-1,1,-1,6,3,-1,-1,-1,-1,-1,-1,-1,-1,0,-1
2025131539404,2025,131539404,1,9,0,-1,19,1,5,-1,0,1,5,10,1,1,1,1,-1,9,1,76,11,-1,-1,-1,-1,6,E01033034,0,1
2025131539427,2025,131539427,1,9,0,-1,12,1,1,-1,0,0,1,7,0,0,1,1,-1,9,2,20,4,-1,-1,-1,-1,4,E01011165,0,3
2025131539436,2025,131539436,1,9,0,-1,4,1,5,-1,0,1,0,0,0,0,3,1,-1,9,2,60,9,-1,-1,-1,-1,5,E01011300,0,1
2025131539525,2025,131539525,2,9,0,-1,19,6,2,-1,0,1,0,0,0,0,1,1,-1,9,1,57,9,-1,-1,-1,-1,5,E01011798,0,1
2025131539525,2025,131539525,1,9,0,-1,19,2,6,-1,0,1,0,0,0,0,1,1,-1,9,2,79,11,-1,-1,-1,-1,5,E01011830,0,1
2025131539532,2025,131539532,2,9,0,-1,19,1,5,-1,0,2,0,0,0,0,1,1,-1,9,1,25,5,-1,-1,-1,-1,2,E01011807,0,1
2025131539532,2025,131539532,1,9,0,-1,9,5,3,-1,0,1,0,0,0,0,1,1,-1,9,2,77,11,-1,-1,-1,-1,3,E01011804,0,1
2025131539556,2025,131539556,1,9,0,-1,19,2,6,-1,0,0,0,0,0,0,1,1,-1,6,2,26,6,-1,-1,-1,-1,1,E01010712,0,3
2025131539556,2025,131539556,2,9,0,-1,19,6,2,-1,0,0,0,0,0,0,1,1,-1,6,1,51,8,-1,-1,-1,-1,1,E01010631,0,2
2025131539564,2025,131539564,1,90,0,-1,-1,-1,-1,-1,-1,0,-1,-1,-1,0,-1,1,-1,6,3,18,4,-1,-1,-1,-1,-1,-1,0,-1
2025131539564,2025,131539564,2,5,0,-1,-1,-1,-1,-1,-1,0,-1,-1,-1,0,-1,1,-1,6,3,18,4,-1,-1,-1,-1,-1,-1,0,-1
2025131539576,2025,131539576,1,9,0,-1,19,2,6,-1,0,0,0,0,0,0,1,1,-1,6,3,-1,-1,-1,-1,-1,-1,-1,-1,0,-1
2025131539576,2025,131539576,2,9,0,-1,19,8,4,-1,0,0,0,0,0,0,4,1,-1,9,2,21,5,-1,-1,-1,-1,1,E01010880,0,1
2025131539587,2025,131539587,1,9,0,-1,19,5,1,-1,0,8,0,0,0,0,2,1,-1,2,2,53,8,-1,-1,-1,-1,3,E01013045,0,4
2025131539587,2025,131539587,2,9,0,-1,19,5,1,-1,0,8,0,0,0,0,1,1,-1,9,2,48,8,-1,-1,-1,-1,4,E01011909,0,1
2025131539605,2025,131539605,2,9,0,-1,19,7,3,-1,0,1,0,0,0,0,3,1,-1,9,2,48,8,-1,-1,-1,-1,2,E01011925,0,2
2025131539605,2025,131539605,1,9,0,-1,9,3,8,-1,0,1,0,0,0,0,4,1,-1,9,2,26,6,-1,-1,-1,-1,4,E01019167,0,5
2025131539638,2025,131539638,1,1,0,-1,19,4,8,-1,0,1,0,0,0,0,3,1,-1,9,1,13,3,-1,-1,-1,-1,2,E01032502,0,1
2025131539638,2025,131539638,2,9,0,-1,13,4,8,-1,0,1,0,0,0,0,4,1,-1,9,1,39,7,-1,-1,-1,-1,4,E01011462,0,1
2025131539662,2025,131539662,1,9,0,-1,19,3,7,-1,0,4,0,0,0,0,1,1,-1,2,2,58,9,-1,-1,-1,-1,1,E01011792,0,3
2025131539662,2025,131539662,2,9,0,-1,19,1,5,-1,0,8,0,0,0,0,4,1,-1,1,1,64,9,-1,-1,-1,-1,1,E01011144,0,3
2025131539693,2025,131539693,1,9,0,-1,19,4,8,-1,0,0,0,0,0,0,1,1,-1,6,2,31,6,-1,-1,-1,-1,4,E01011921,0,1
2025131539693,2025,131539693,2,9,0,-1,19,2,4,-1,0,0,0,0,0,0,1,1,-1,6,2,36,7,-1,-1,-1,-1,5,E01011793,0,1
2025131539852,2025,131539852,1,9,0,-1,9,7,2,-1,0,0,0,0,0,0,1,1,-1,6,3,-1,-1,-1,-1,-1,-1,-1,-1,0,-1
2025131539856,2025,131539856,1,9,0,-1,4,5,1,-1,0,0,0,0,0,0,1,1,-1,6,-1,0,1,-1,-1,-1,-1,-1,-1,0,-1
2025131539856,2025,131539856,2,9,0,-1,4,5,1,-1,0,0,0,0,0,0,2,1,-1,1,1,42,7,-1,-1,-1,-1,1,E01011143,0,3
2025131539919,2025,131539919,1,9,0,-1,-1,-1,-1,-1,0,1,-1,-1,-1,0,-1,1,-1,6,1,-1,-1,-1,-1,-1,-1,-1,-1,0,-1
2025131539932,2025,131539932,1,9,0,-1,19,1,5,-1,0,0,0,0,0,0,4,1,-1,1,1,30,6,-1,-1,-1,-1,2,E01010715,0,3
2025131539957,2025,131539957,2,9,0,-1,19,5,1,-1,0,1,0,0,0,0,1,1,-1,6,2,23,5,-1,-1,-1,-1,1,E01011864,0,1
2025131539957,2025,131539957,1,9,0,-1,-1,-1,-1,-1,-1,-1,-1,-1,-1,-1,-1,1,-1,6,3,-1,-1,-1,-1,-1,-1,-1,-1,0,-1
2025131540001,2025,131540001,1,9,0,-1,19,3,7,-1,0,0,5,0,0,0,1,1,-1,9,1,29,6,-1,-1,-1,-1,1,E01005581,0,2
2025131540002,2025,131540002,1,9,0,-1,2,0,0,-1,9,1,0,0,0,0,4,1,-1,6,-1,-1,-1,-1,-1,-1,-1,-1,-1,0,-1
2025131540002,2025,131540002,2,9,0,-1,9,1,6,-1,0,1,1,4,0,0,4,1,-1,6,2,32,6,-1,-1,-1,-1,1,E01011686,0,1
2025131540042,2025,131540042,1,9,0,-1,19,5,1,-1,0,0,0,4,0,0,1,2,-1,2,1,49,8,-1,-1,-1,-1,2,E01011343,0,2
2025131540042,2025,131540042,2,21,0,-1,2,0,0,-1,0,0,0,0,0,0,2,2,-1,6,-1,-1,-1,-1,-1,-1,-1,-1,-1,0,-1
2025131540045,2025,131540045,1,9,0,-1,7,3,5,-1,0,8,0,0,0,0,1,1,-1,6,1,29,6,-1,-1,-1,-1,5,E01011303,0,1
2025131540093,2025,131540093,1,9,0,-1,19,7,3,-1,0,8,0,0,0,0,1,1,-1,7,1,41,7,-1,-1,-1,-1,5,E01032551,0,4
2025131540093,2025,131540093,2,9,0,-1,19,5,1,-1,0,8,0,0,0,0,3,1,-1,1,1,52,8,-1,-1,-1,-1,8,E01007599,0,4
2025131540237,2025,131540237,2,9,0,-1,2,0,0,-1,9,0,0,0,0,0,3,1,-1,6,1,59,9,-1,-1,-1,-1,3,E01011257,0,1
2025131540237,2025,131540237,1,9,0,-1,-1,-1,-1,-1,-1,0,-1,-1,-1,-1,-1,1,-1,6,3,-1,-1,-1,-1,-1,-1,-1,-1,0,-1
2025131540292,2025,131540292,1,90,0,-1,19,5,1,-1,0,0,0,0,0,0,1,1,-1,6,3,-1,-1,-1,-1,-1,-1,-1,-1,0,-1
2025131540313,2025,131540313,1,9,0,-1,19,1,5,-1,0,0,0,0,0,0,1,1,-1,9,2,86,11,-1,-1,-1,-1,10,E01032504,0,1
2025131540335,2025,131540335,1,11,0,-1,19,5,1,-1,0,0,0,0,0,0,4,1,-1,1,1,46,8,-1,-1,-1,-1,1,E01010719,0,3
2025131540338,2025,131540338,1,19,0,-1,5,1,5,-1,0,8,0,0,0,0,1,1,-1,1,1,58,9,-1,-1,-1,-1,3,E01011469,0,1
2025131540338,2025,131540338,2,1,0,-1,19,1,5,-1,0,1,0,0,0,0,1,1,-1,6,1,57,9,-1,-1,-1,-1,1,E01011366,0,1
2025131540356,2025,131540356,1,9,0,-1,-1,-1,-1,-1,-1,0,-1,-1,-1,-1,-1,1,-1,6,3,-1,-1,-1,-1,-1,-1,-1,-1,0,-1
2025131540356,2025,131540356,2,9,0,-1,19,7,1,-1,0,0,0,0,0,0,3,1,-1,6,1,40,7,-1,-1,-1,-1,1,E01011101,0,3
2025131540372,2025,131540372,1,8,0,-1,19,7,3,-1,0,0,0,11,0,0,1,1,-1,1,1,71,10,-1,-1,-1,-1,3,E01011087,0,3
2025131540399,2025,131540399,1,9,0,-1,9,5,2,-1,0,1,0,0,7,0,4,1,-1,2,2,24,5,-1,-1,-1,-1,3,E01011647,0,1
2025131540399,2025,131540399,2,9,0,-1,19,1,5,-1,1,1,0,0,0,0,1,1,-1,9,1,48,8,-1,-1,-1,-1,10,E01011516,0,1
2025131540428,2025,131540428,2,9,0,-1,19,7,3,-1,0,1,0,0,7,11,1,1,-1,9,2,27,6,-1,-1,-1,-1,1,E01033691,0,4