collision_index,collision_year,collision_ref_no,vehicle_reference,vehicle_type,towing_and_articulation,vehicle_manoeuvre_historic,vehicle_manoeuvre,vehicle_direction_from,vehicle_direction_to,vehicle_location_restricted_lane_historic,vehicle_location_restricted_lane,junction_location,skidding_and_overturning,hit_object_in_carriageway,vehicle_leaving_carriageway,hit_object_off_carriageway,first_point_of_impact,vehicle_left_hand_drive,journey_purpose_of_driver_historic,journey_purpose_of_driver,sex_of_driver,age_of_driver,age_band_of_driver,engine_capacity_cc,propulsion_code,age_of_vehicle,generic_make_model,driver_imd_decile,lsoa_of_driver,escooter_flag,driver_distance_banding
2025131544259,2025,131544259,1,97,0,-1,-1,-1,-1,-1,-1,0,-1,-1,-1,0,-1,1,-1,6,3,-1,-1,-1,-1,-1,-1,-1,-1,0,-1
2025131544338,2025,131544338,1,98,0,-1,15,3,3,-1,0,1,0,0,0,0,4,1,-1,6,3,-1,-1,-1,-1,-1,-1,-1,-1,0,-1
2025131544338,2025,131544338,2,1,0,-1,19,3,3,-1,4,1,0,0,0,0,3,1,-1,9,1,23,5,-1,-1,-1,-1,3,E01011612,0,2
2025131544356,2025,131544356,1,19,0,-1,5,4,6,-1,9,0,0,0,0,0,1,1,-1,1,1,61,9,-1,-1,-1,-1,1,E01010609,0,1
2025131544420,2025,131544420,1,3,0,-1,19,6,2,-1,0,0,0,0,0,0,1,1,-1,2,1,17,4,-1,-1,-1,-1,7,E01010760,0,3
2025131544460,2025,131544460,1,9,0,-1,6,3,7,-1,0,8,0,0,0,0,3,1,-1,6,1,63,9,-1,-1,-1,-1,7,E01010905,0,3
2025131544460,2025,131544460,2,1,0,-1,14,3,3,-1,0,8,0,0,0,0,4,1,-1,1,1,44,7,-1,-1,-1,-1,8,E01011219,0,3
2025131544490,2025,131544490,2,9,0,-1,19,1,5,-1,0,8,0,0,0,0,1,1,-1,6,1,29,6,-1,-1,-1,-1,2,E01010725,0,3
2025131544490,2025,131544490,1,9,0,-1,9,5,3,-1,0,8,0,0,0,0,4,1,-1,9,1,34,6,-1,-1,-1,-1,2,E01033692,0,1
2025131544545,2025,131544545,1,9,0,-1,19,3,3,-1,0,8,0,2,0,0,4,2,-1,9,2,49,8,-1,-1,-1,-1,7,E01010881,0,2
2025131544545,2025,131544545,2,9,0,-1,19,7,7,-1,0,1,0,0,0,0,1,2,-1,6,2,31,6,-1,-1,-1,-1,8,E01010568,0,3
2025131544590,2025,131544590,1,9,0,-1,19,7,3,-1,0,2,0,0,0,0,4,1,-1,9,1,25,5,-1,-1,-1,-1,1,E01010809,0,1
2025131544906,2025,131544906,1,9,0,-1,19,8,4,-1,0,0,0,0,1,0,1,1,-1,6,1,75,10,-1,-1,-1,-1,4,E01011794,0,4
2025131544906,2025,131544906,2,21,0,-1,19,2,6,-1,0,0,0,0,7,0,1,1,-1,1,1,41,7,-1,-1,-1,-1,4,E01011891,0,3
2025131544928,2025,131544928,2,9,0,-1,-1,-1,-1,-1,-1,-1,-1,-1,-1,-1,4,1,-1,6,2,44,7,-1,-1,-1,-1,8,E01011595,0,1
2025131544928,2025,131544928,1,9,0,-1,-1,-1,-1,-1,-1,-1,-1,-1,-1,-1,1,1,-1,6,3,-1,-1,-1,-1,-1,-1,-1,-1,0,-1
2025131544956,2025,131544956,1,9,0,-1,9,2,5,-1,0,8,0,0,0,0,4,1,-1,9,2,34,6,-1,-1,-1,-1,6,E01010786,0,1
2025131544956,2025,131544956,2,9,0,-1,19,3,7,-1,0,8,0,0,0,0,3,1,-1,9,1,45,7,-1,-1,-1,-1,1,E01010813,0,1
2025131545017,2025,131545017,1,9,0,-1,19,1,5,-1,0,0,0,0,0,0,1,1,-1,9,1,66,10,-1,-1,-1,-1,7,E01011712,0,2
2025131545017,2025,131545017,2,9,0,-1,19,1,5,-1,0,0,0,0,0,0,2,1,-1,9,1,52,8,-1,-1,-1,-1,9,E01011116,0,4
2025131545098,2025,131545098,1,9,0,-1,19,5,1,-1,0,0,0,0,0,0,1,1,-1,1,2,30,6,-1,-1,-1,-1,2,E01011369,0,1
2025131545114,2025,131545114,1,9,0,-1,19,1,5,-1,0,0,5,0,7,11,1,1,-1,9,1,53,8,-1,-1,-1,-1,4,E01010750,0,1
2025131545209,2025,131545209,2,9,0,-1,19,1,1,-1,0,0,0,0,0,0,0,1,-1,6,1,73,10,-1,-1,-1,-1,5,E01011384,0,1
2025131545209,2025,131545209,1,9,0,-1,19,1,1,-1,0,0,0,0,0,0,0,1,-1,1,1,50,8,-1,-1,-1,-1,3,E01010020,0,5
2025131545224,2025,131545224,1,9,0,-1,19,1,1,-1,0,0,0,0,0,0,3,1,-1,2,-1,42,7,-1,-1,-1,-1,3,E01010601,0,1
2025131545421,2025,131545421,1,9,0,-1,19,6,2,-1,0,0,5,10,0,0,1,1,-1,9,2,23,5,-1,-1,-1,-1,-1,-1,0,-1
2025131545438,2025,131545438,1,9,0,-1,11,5,5,-1,0,1,0,0,0,0,2,1,-1,1,1,33,6,-1,-1,-1,-1,1,E01011430,0,1
2025131545438,2025,131545438,2,20,0,-1,19,5,5,-1,0,1,0,0,0,0,1,1,-1,9,1,31,6,-1,-1,-1,-1,1,E01011471,0,1
2025131545516,2025,131545516,2,9,0,-1,2,0,0,-1,0,0,0,0,0,0,3,1,-1,6,-1,-1,-1,-1,-1,-1,-1,-1,-1,0,-1
2025131545516,2025,131545516,1,9,0,-1,19,3,7,-1,0,0,5,4,0,0,4,1,-1,2,1,58,9,-1,-1,-1,-1,6,E01011070,0,1
2025131545518,2025,131545518,1,4,0,-1,15,1,3,-1,0,8,0,0,0,0,4,1,-1,2,1,17,4,-1,-1,-1,-1,7,E01011193,0,1
2025131545518,2025,131545518,2,9,0,-1,9,1,3,-1,0,8,0,0,0,0,3,1,-1,9,1,56,9,-1,-1,-1,-1,5,E01011928,0,1
2025131545560,2025,131545560,1,9,0,-1,19,5,1,-1,0,0,0,0,0,0,3,1,-1,9,1,55,8,-1,-1,-1,-1,2,E01010916,0,1
2025131545565,2025,131545565,1,9,0,-1,-1,-1,-1,-1,-1,0,-1,-1,-1,0,-1,1,-1,6,3,-1,-1,-1,-1,-1,-1,-1,-1,0,-1
2025131545640,2025,131545640,2,9,0,-1,19,1,1,-1,0,1,0,0,0,0,1,1,-1,6,-1,50,8,-1,-1,-1,-1,4,E01033694,0,2
2025131545640,2025,131545640,1,9,0,-1,7,1,7,-1,0,1,0,0,2,11,2,1,-1,7,1,30,6,-1,-1,-1,-1,3,E01010595,0,1
2025131545657,2025,131545657,1,9,0,-1,9,6,7,-1,0,0,0,0,0,0,1,1,-1,2,2,30,6,-1,-1,-1,-1,3,E01010741,0,2
2025131545731,2025,131545731,1,9,0,-1,19,7,3,-1,0,0,0,0,0,0,4,1,-1,6,2,0,1,-1,-1,-1,-1,-1,-1,0,-1
2025131545856,2025,131545856,2,9,0,-1,20,7,3,-1,0,8,0,0,0,0,2,1,-1,9,1,24,5,-1,-1,-1,-1,6,E01011416,0,1
2025131545856,2025,131545856,1,3,0,-1,19,7,3,-1,4,8,1,0,1,0,1,1,-1,2,1,28,6,-1,-1,-1,-1,7,E01011418,0,1
2025131545947,2025,131545947,1,9,0,-1,19,3,7,-1,0,0,0,0,1,11,1,1,-1,6,1,45,7,-1,-1,-1,-1,1,E01011255,0,2
2025131545947,2025,131545947,2,9,0,-1,2,1,1,-1,9,0,0,0,0,0,1,1,-1,6,-1,-1,-1,-1,-1,-1,-1,-1,-1,0,-1
2025131545951,2025,131545951,1,9,0,-1,19,7,3,-1,0,1,0,0,0,0,1,1,-1,9,1,20,4,-1,-1,-1,-1,10,E01011593,0,1
2025131545988,2025,131545988,2,-1,0,-1,19,5,1,-1,9,1,0,0,0,0,4,1,-1,6,-1,-1,-1,-1,-1,-1,-1,-1,-1,1,-1
2025131545988,2025,131545988,1,9,0,-1,19,5,5,-1,0,1,0,0,0,0,1,1,-1,6,-1,0,1,-1,-1,-1,-1,-1,-1,0,-1
2025131546002,2025,131546002,1,9,0,-1,19,7,3,-1,0,0,0,0,7,0,1,1,-1,6,1,18,4,-1,-1,-1,-1,7,E01011193,0,2
2025131546002,2025,131546002,2,9,0,-1,19,7,3,-1,0,0,0,0,0,0,0,1,-1,9,1,35,6,-1,-1,-1,-1,8,E01007362,0,2
2025131546013,2025,131546013,1,9,0,-1,19,2,8,-1,0,4,0,0,0,0,1,1,-1,9,2,53,8,-1,-1,-1,-1,3,E01011307,0,1
2025131546050,2025,131546050,1,9,0,-1,19,3,7,-1,0,6,0,0,0,0,1,1,-1,6,2,33,6,-1,-1,-1,-1,6,E01011827,0,1
2025131546078,2025,131546078,1,9,0,-1,19,3,7,-1,0,0,0,0,2,7,4,1,-1,1,1,39,7,-1,-1,-1,-1,5,E01011063,0,3
2025131546086,2025,131546086,1,9,0,-1,19,3,4,-1,0,8,0,0,0,0,4,1,-1,1,2,24,5,-1,-1,-1,-1,7,E01011418,0,3
2025131546086,2025,131546086,2,9,0,-1,19,1,5,-1,0,1,0,0,0,0,1,1,-1,1,1,49,8,-1,-1,-1,-1,4,E01011031,0,2
2025131546096,2025,131546096,1,9,0,-1,7,5,1,-1,0,2,0,0,0,0,1,1,-1,6,1,36,7,-1,-1,-1,-1,8,E01011589,0,1
2025131546124,2025,131546124,2,22,0,-1,19,7,3,-1,4,0,0,0,0,0,1,1,-1,9,2,80,11,-1,-1,-1,-1,1,E01011473,0,1
2025131546124,2025,131546124,1,9,0,-1,7,5,1,-1,0,0,0,0,0,0,4,1,-1,1,1,65,9,-1,-1,-1,-1,3,E01011612,0,2
2025131546170,2025,131546170,1,9,0,-1,19,1,1,-1,0,0,1,10,0,0,3,1,-1,9,1,45,7,-1,-1,-1,-1,3,E01011469,0,1
2025131546195,2025,131546195,1,9,0,-1,19,2,6,-1,0,0,0,6,0,0,4,1,-1,6,1,26,6,-1,-1,-1,-1,3,E01010741,0,1
2025131546230,2025,131546230,1,9,0,-1,19,5,1,-1,0,0,0,0,0,0,4,1,-1,9,1,20,4,-1,-1,-1,-1,2,E01010916,0,1
2025131546304,2025,131546304,2,9,0,-1,19,5,1,-1,0,0,1,0,0,0,1,1,-1,6,1,24,5,-1,-1,-1,-1,2,E01010665,0,2
2025131546304,2025,131546304,3,9,0,-1,2,0,0,-1,0,0,0,0,0,0,2,1,-1,6,-1,-1,-1,-1,-1,-1,-1,-1,-1,0,-1
2025131546304,2025,131546304,1,9,0,-1,19,5,1,-1,0,0,0,0,0,0,2,1,-1,6,1,38,7,-1,-1,-1,-1,3,E01010662,0,2
2025131546335,2025,131546335,1,9,0,-1,19,6,2,-1,0,0,1,0,0,0,1,1,-1,9,1,39,7,-1,-1,-1,-1,3,E01011175,0,1
2025131546366,2025,131546366,2,9,0,-1,8,0,0,-1,0,5,0,0,0,0,2,1,-1,6,2,47,8,-1,-1,-1,-1,4,E01013390,0,4
2025131546366,2025,131546366,1,9,0,-1,19,7,3,-1,0,1,0,0,0,0,1,1,-1,6,3,-1,-1,-1,-1,-1,-1,-1,-1,0,-1
2025131546395,2025,131546395,2,9,0,-1,19,1,5,-1,0,0,0,0,0,0,1,1,-1,6,1,21,5,-1,-1,-1,-1,6,E01011012,0,1
2025131546395,2025,131546395,1,9,0,-1,19,1,5,-1,0,0,0,0,0,0,2,1,-1,6,1,32,6,-1,-1,-1,-1,2,E01011079,0,2
2025131546400,2025,131546400,1,9,0,-1,-1,-1,-1,-1,-1,0,-1,-1,-1,-1,-1,1,-1,6,3,0,1,-1,-1,-1,-1,1,E01010833,0,1
2025131546402,2025,131546402,1,9,0,-1,19,2,4,-1,0,0,0,0,0,0,1,1,-1,6,3,-1,-1,-1,-1,-1,-1,-1,-1,0,-1
2025131546402,2025,131546402,2,9,0,-1,19,2,4,-1,0,0,0,0,0,0,2,1,-1,6,2,32,6,-1,-1,-1,-1,9,E01011946,0,1
2025131546472,2025,131546472,1,19,0,-1,-1,-1,-1,-1,-1,-1,-1,-1,-1,-1,-1,1,-1,6,3,0,1,-1,-1,-1,-1,-1,-1,0,-1
2025131546491,2025,131546491,1,9,0,-1,19,7,3,-1,0,0,0,0,0,0,1,1,-1,9,1,54,8,-1,-1,-1,-1,2,E01011918,0,1
2025131546799,2025,131546799,2,9,0,-1,19,1,5,-1,0,1,0,0,0,0,1,1,-1,1,1,40,7,-1,-1,-1,-1,5,E01011022,0,3
2025131546799,2025,131546799,1,9,0,-1,19,6,3,-1,0,8,0,0,0,0,3,1,-1,1,1,39,7,-1,-1,-1,-1,1,E01011107,0,1
2025131546834,2025,131546834,1,9,0,-1,9,5,8,-1,0,1,0,0,1,0,1,1,-1,6,-1,-1,-1,-1,-1,-1,-1,-1,-1,0,-1
2025131546839,2025,131546839,1,9,0,-1,19,5,1,-1,0,0,0,0,8,11,3,1,-1,9,2,82,11,-1,-1,-1,-1,4,E01011787,0,1
2025131546918,2025,131546918,2,9,0,-1,3,3,7,-1,0,0,0,0,0,0,2,1,-1,9,2,58,9,-1,-1,-1,-1,2,E01032492,0,1
2025131546918,2025,131546918,1,21,0,-1,19,3,7,-1,0,0,0,0,0,0,1,1,-1,6,1,-1,-1,-1,-1,-1,-1,-1,-1,0,-1
2025131546920,2025,131546920,1,21,0,-1,19,4,4,-1,0,0,0,0,0,0,1,1,-1,1,1,31,6,-1,-1,-1,-1,2,E01011315,0,3
2025131546927,2025,131546927,1,9,0,-1,19,3,7,-1,0,8,0,0,0,0,2,1,-1,2,2,63,9,-1,-1,-1,-1,7,E01010952,0,3
2025131546927,2025,131546927,2,98,0,-1,19,3,7,-1,0,8,0,0,0,0,1,1,-1,1,1,64,9,-1,-1,-1,-1,3,E01010986,0,3
2025131546940,2025,131546940,1,9,0,-1,19,1,5,-1,0,0,0,0,0,0,4,1,-1,6,1,19,4,-1,-1,-1,-1,3,E01011037,0,1
2025131546941,2025,131546941,1,9,0,-1,5,1,5,-1,0,0,0,0,0,0,1,1,-1,9,1,41,7,-1,-1,-1,-1,1,E01011106,0,1
2025131546973,2025,131546973,1,9,0,-1,4,3,7,-1,0,0,0,0,0,0,2,1,-1,9,2,62,9,-1,-1,-1,-1,2,E01011166,0,1
2025131546973,2025,131546973,3,9,0,-1,4,3,7,-1,0,0,0,0,0,0,2,1,-1,9,1,31,6,-1,-1,-1,-1,3,E01011033,0,1
2025131546973,2025,131546973,4,9,0,-1,4,3,7,-1,0,0,0,0,0,0,1,1,-1,6,3,-1,-1,-1,-1,-1,-1,-1,-1,0,-1
2025131546973,2025,131546973,2,9,0,-1,4,3,7,-1,0,0,0,0,0,0,2,1,-1,9,1,19,4,-1,-1,-1,-1,1,E01011134,0,1
2025131546990,2025,131546990,1,9,0,-1,-1,-1,-1,-1,-1,0,-1,-1,-1,0,-1,1,-1,6,3,-1,-1,-1,-1,-1,-1,-1,-1,0,-1
2025131547008,2025,131547008,1,9,0,-1,-1,-1,-1,-1,-1,-1,-1,-1,-1,-1,-1,1,-1,6,3,-1,-1,-1,-1,-1,-1,-1,-1,0,-1
2025131547068,2025,131547068,1,9,0,-1,19,1,5,-1,0,0,0,0,0,0,4,1,-1,9,1,21,5,-1,-1,-1,-1,1,E01010831,0,1
2025131547068,2025,131547068,2,9,0,-1,-1,-1,-1,-1,-1,0,-1,-1,-1,0,-1,1,-1,6,3,-1,-1,-1,-1,-1,-1,-1,-1,0,-1
2025131547083,2025,131547083,1,9,0,-1,19,5,1,-1,0,0,0,0,0,0,4,1,-1,6,1,27,6,-1,-1,-1,-1,1,E01011361,0,1
2025131547085,2025,131547085,1,9,0,-1,10,1,5,-1,0,0,0,0,0,0,1,1,-1,9,2,44,7,-1,-1,-1,-1,1,E01011138,0,2
2025131547089,2025,131547089,1,9,0,-1,7,7,5,-1,0,6,0,0,0,0,1,2,-1,6,1,54,8,-1,-1,-1,-1,2,E01011752,0,1
2025131547096,2025,131547096,2,9,0,-1,15,5,1,-1,0,8,0,0,0,0,4,1,-1,9,1,19,4,-1,-1,-1,-1,1,E01012314,0,4
2025131547096,2025,131547096,1,9,0,-1,9,5,1,-1,0,8,0,0,0,0,3,1,-1,1,1,32,6,-1,-1,-1,-1,3,E01010763,0,2
2025131547120,2025,131547120,2,1,0,-1,19,5,1,-1,0,2,0,0,0,0,3,1,-1,6,1,55,8,-1,-1,-1,-1,2,E01010836,0,1
2025131547120,2025,131547120,1,9,0,-1,-1,-1,-1,-1,-1,1,-1,-1,-1,-1,-1,1,-1,6,3,0,1,-1,-1,-1,-1,-1,-1,0,-1
2025131547274,2025,131547274,1,9,0,-1,-1,-1,-1,-1,-1,-1,-1,-1,-1,0,-1,1,-1,6,3,-1,-1,-1,-1,-1,-1,-1,-1,0,-1
2025131547274,2025,131547274,2,1,0,-1,19,2,6,-1,0,1,0,0,0,0,0,1,-1,6,1,37,7,-1,-1,-1,-1,5,E01011026,0,1
2025131547324,2025,131547324,1,98,0,-1,19,6,2,-1,0,0,0,0,0,0,4,1,-1,6,3,-1,-1,-1,-1,-1,-1,-1,-1,0,-1
2025131547497,2025,131547497,1,9,0,-1,9,5,1,-1,0,5,0,0,0,0,3,1,-1,6,2,62,9,-1,-1,-1,-1,2,E01011331,0,2
2025131547497,2025,131547497,2,9,0,-1,10,1,5,-1,0,1,0,0,0,0,1,1,-1,6,2,42,7,-1,-1,-1,-1,1,E01011622,0,1
2025131547500,2025,131547500,2,9,0,-1,5,1,5,-1,0,0,0,0,0,0,1,1,-1,6,3,-1,-1,-1,-1,-1,-1,-1,-1,0,-1
2025131547500,2025,131547500,1,9,0,-1,3,1,5,-1,0,0,0,0,0,0,2,1,-1,6,-1,-1,-1,-1,-1,-1,-1,-1,-1,0,-1
2025131547504,2025,131547504,2,9,0,-1,4,1,5,-1,0,0,0,0,0,0,2,1,-1,9,1,54,8,-1,-1,-1,-1,4,E01010750,0,2
2025131547504,2025,131547504,1,9,0,-1,4,1,5,-1,0,0,0,0,0,0,2,1,-1,6,2,32,6,-1,-1,-1,-1,3,E01010914,0,3
2025131547504,2025,131547504,3,9,0,-1,4,1,5,-1,0,0,1,0,0,0,1,1,-1,9,1,22,5,-1,-1,-1,-1,10,E01010947,0,1
2025131547508,2025,131547508,1,98,0,-1,5,5,1,-1,0,2,0,0,0,0,4,1,-1,2,1,51,8,-1,-1,-1,-1,9,E01027672,0,3
2025131547515,2025,131547515,1,9,0,-1,19,7,3,-1,0,0,0,0,0,0,1,1,-1,1,1,48,8,-1,-1,-1,-1,3,E01010810,0,2
2025131547516,2025,131547516,1,9,0,-1,19,7,3,-1,0,6,0,0,0,0,4,1,-1,2,2,51,8,-1,-1,-1,-1,1,E01010874,0,1
2025131547516,2025,131547516,2,9,0,-1,19,1,5,-1,0,2,0,0,0,0,3,1,-1,8,1,28,6,-1,-1,-1,-1,1,E01010730,0,1
2025131547549,2025,131547549,1,9,0,-1,9,1,7,-1,9,0,0,10,1,0,4,1,-1,6,1,18,4,-1,-1,-1,-1,1,E01011003,0,1
2025131547616,2025,131547616,2,9,0,-1,9,5,5,-1,0,0,0,0,0,0,1,1,-1,7,1,30,6,-1,-1,-1,-1,2,E01010940,0,2
2025131547616,2025,131547616,1,3,0,-1,19,1,1,-1,0,0,0,0,0,0,1,1,-1,2,1,24,5,-1,-1,-1,-1,1,E01010880,0,1
2025131547722,2025,131547722,1,9,0,-1,19,3,7,-1,0,0,0,0,0,0,3,1,-1,9,1,59,9,-1,-1,-1,-1,3,E01011304,0,2
2025131547771,2025,131547771,3,9,0,-1,4,1,5,-1,0,8,0,0,0,0,2,1,-1,6,2,38,7,-1,-1,-1,-1,9,E01011698,0,4
2025131547771,2025,131547771,2,9,0,-1,4,1,5,-1,0,8,0,0,0,0,2,1,-1,2,2,22,5,-1,-1,-1,-1,4,E01011753,0,2
2025131547771,2025,131547771,1,19,0,-1,19,1,5,-1,0,8,0,0,0,0,1,1,-1,1,1,42,7,-1,-1,-1,-1,2,E01010837,0,4
2025131547856,2025,131547856,1,9,0,-1,19,4,8,-1,0,1,0,0,1,2,3,1,-1,7,2,36,7,-1,-1,-1,-1,8,E01011115,0,1
2025131547856,2025,131547856,2,19,0,-1,3,3,7,-1,0,1,0,0,0,0,4,1,-1,6,1,38,7,-1,-1,-1,-1,9,E01011189,0,1
2025131547918,2025,131547918,1,9,0,-1,19,4,8,-1,0,8,0,0,0,0,1,1,-1,6,1,0,1,-1,-1,-1,-1,-1,-1,0,-1
2025131547920,2025,131547920,1,9,0,-1,19,3,3,-1,0,0,0,0,0,0,1,1,-1,9,1,72,10,-1,-1,-1,-1,6,E01010639,0,1
2025131547920,2025,131547920,2,9,0,-1,3,3,3,-1,0,0,0,0,0,0,2,1,-1,9,1,53,8,-1,-1,-1,-1,8,E01011590,0,3
2025131547920,2025,131547920,3,9,0,-1,3,3,3,-1,0,0,0,0,0,0,2,1,-1,2,1,38,7,-1,-1,-1,-1,1,E01010701,0,1
2025131547921,2025,131547921,2,9,0,-1,2,0,0,-1,0,0,1,0,0,0,2,1,-1,6,-1,-1,-1,-1,-1,-1,-1,-1,-1,0,-1
2025131547921,2025,131547921,1,9,0,-1,19,2,6,-1,0,0,0,4,0,0,1,1,-1,9,2,89,11,-1,-1,-1,-1,9,E01011713,0,1
2025131547954,2025,131547954,2,9,0,-1,9,5,3,-1,0,6,0,0,0,0,3,1,-1,6,1,26,6,-1,-1,-1,-1,4,E01011891,0,1
2025131547954,2025,131547954,1,4,0,-1,19,5,1,-1,0,2,0,0,0,0,1,1,-1,9,1,56,9,-1,-1,-1,-1,4,E01011876,0,1
2025131547962,2025,131547962,1,9,0,-1,-1,-1,-1,-1,-1,0,-1,-1,-1,0,-1,1,-1,6,3,-1,-1,-1,-1,-1,-1,-1,-1,0,-1
2025131547962,2025,131547962,2,1,0,-1,19,1,5,-1,0,0,0,0,0,0,1,1,-1,2,1,53,8,-1,-1,-1,-1,5,E01010585,0,1
2025131547965,2025,131547965,2,1,0,-1,19,2,6,-1,0,1,0,0,0,0,3,1,-1,6,1,51,8,-1,-1,-1,-1,2,E01011123,0,1
2025131547965,2025,131547965,1,9,0,-1,13,2,6,-1,0,1,0,0,0,0,4,1,-1,6,3,-1,-1,-1,-1,-1,-1,-1,-1,0,-1
2025131547993,2025,131547993,2,2,0,-1,12,5,1,-1,0,0,0,0,0,0,4,1,-1,2,1,59,9,-1,-1,-1,-1,3,E01011242,0,1
2025131547993,2025,131547993,1,9,0,-1,12,5,1,-1,0,0,0,0,0,0,3,1,-1,1,1,65,9,-1,-1,-1,-1,8,E01010937,0,2
2025131548000,2025,131548000,2,3,0,-1,19,4,8,-1,0,1,0,0,0,0,1,1,-1,2,1,21,5,-1,-1,-1,-1,3,E01011090,0,1
2025131548000,2025,131548000,1,9,0,-1,5,5,1,-1,0,8,0,0,0,0,1,1,-1,9,2,59,9,-1,-1,-1,-1,3,E01011843,0,4
2025131548035,2025,131548035,1,9,0,-1,19,7,1,-1,9,1,0,0,1,0,1,1,-1,2,1,23,5,-1,-1,-1,-1,1,E01010839,0,1
2025131548044,2025,131548044,1,23,0,-1,19,7,3,-1,0,0,0,0,0,0,0,1,-1,6,1,24,5,-1,-1,-1,-1,2,E01010649,0,2
2025131548045,2025,131548045,1,1,0,-1,19,2,6,-1,0,8,0,0,0,0,3,1,-1,1,1,36,7,-1,-1,-1,-1,5,E01035045,0,1
2025131548045,2025,131548045,2,11,0,-1,19,2,6,-1,0,8,0,0,0,0,4,1,-1,1,1,49,8,-1,-1,-1,-1,2,E01011136,0,3
2025131548050,2025,131548050,2,9,0,-1,19,1,5,-1,0,0,0,0,0,0,1,1,-1,1,1,36,7,-1,-1,-1,-1,2,E01010630,0,3
2025131548050,2025,131548050,1,9,0,-1,19,1,5,-1,0,0,1,0,1,4,2,1,-1,1,1,53,8,-1,-1,-1,-1,1,E01011130,0,1
2025131548057,2025,131548057,2,90,0,-1,19,1,5,-1,0,8,0,0,0,0,1,1,-1,9,1,17,4,-1,-1,-1,-1,2,E01011016,0,1
2025131548057,2025,131548057,1,9,0,-1,5,1,5,-1,0,8,0,0,0,0,1,1,-1,1,1,44,7,-1,-1,-1,-1,2,E01011016,0,1
2025131548111,2025,131548111,1,9,0,-1,5,7,7,-1,0,1,0,0,0,0,1,1,-1,2,2,41,7,-1,-1,-1,-1,3,E01010657,0,1
2025131548240,2025,131548240,1,9,0,-1,19,1,1,-1,0,4,0,0,0,0,2,1,-1,2,2,26,6,-1,-1,-1,-1,5,E01010991,0,2
2025131548240,2025,131548240,2,9,0,-1,19,1,1,-1,0,4,0,0,0,0,1,1,-1,7,2,21,5,-1,-1,-1,-1,1,E01010712,0,4
2025131548277,2025,131548277,1,9,0,-1,19,1,5,-1,0,2,0,0,0,0,3,1,-1,9,1,28,6,-1,-1,-1,-1,1,E01010713,0,1
2025131548331,2025,131548331,2,8,0,-1,-1,-1,-1,-1,0,1,-1,-1,-1,0,-1,1,-1,6,3,0,1,-1,-1,-1,-1,-1,-1,0,-1
2025131548331,2025,131548331,1,11,0,-1,19,1,5,-1,0,1,0,0,0,0,3,1,-1,1,2,35,6,-1,-1,-1,-1,1,E01011922,0,1
2025131548353,2025,131548353,2,9,0,-1,2,0,0,-1,0,0,0,0,0,0,4,1,-1,6,-1,-1,-1,-1,-1,-1,-1,-1,-1,0,-1
2025131548353,2025,131548353,1,19,0,-1,19,1,5,-1,0,0,0,0,7,0,3,1,-1,1,1,46,8,-1,-1,-1,-1,9,E01011086,0,1
2025131548388,2025,131548388,1,10,0,-1,9,1,2,-1,0,1,1,0,7,11,1,1,-1,9,1,50,8,-1,-1,-1,-1,2,E01011230,0,2
2025131548457,2025,131548457,1,9,0,-1,19,5,1,-1,0,8,0,0,0,0,1,1,-1,6,3,-1,-1,-1,-1,-1,-1,-1,-1,0,-1
2025131548457,2025,131548457,2,9,0,-1,2,5,1,-1,0,8,0,0,0,0,2,1,-1,6,3,-1,-1,-1,-1,-1,-1,-1,-1,0,-1
2025131548471,2025,131548471,2,9,0,-1,19,2,6,-1,0,2,0,0,0,0,1,1,-1,6,1,28,6,-1,-1,-1,-1,1,E01011143,0,1
2025131548471,2025,131548471,1,9,0,-1,19,6,2,-1,0,1,0,0,0,0,1,1,-1,6,1,23,5,-1,-1,-1,-1,5,E01011022,0,1
2025131548492,2025,131548492,1,9,0,-1,19,8,4,-1,0,1,0,0,0,0,1,1,-1,9,2,21,5,-1,-1,-1,-1,7,E01011329,0,1
2025131548508,2025,131548508,1,9,0,-1,9,1,7,-1,0,5,0,0,0,0,1,1,-1,2,2,25,5,-1,-1,-1,-1,3,E01011822,0,1
2025131548573,2025,131548573,2,9,0,-1,19,3,7,-1,0,0,0,0,0,0,1,1,-1,1,2,65,9,-1,-1,-1,-1,2,E01011912,0,1
2025131548573,2025,131548573,3,9,0,-1,19,5,3,-1,0,0,0,0,0,0,3,1,-1,7,2,46,8,-1,-1,-1,-1,6,E01011885,0,1
2025131548573,2025,131548573,1,9,0,-1,19,1,3,-1,0,0,1,0,0,0,1,1,-1,7,2,35,6,-1,-1,-1,-1,8,E01011886,0,1
2025131548612,2025,131548612,1,9,0,-1,19,1,3,-1,0,8,5,0,7,0,3,1,-1,6,1,32,6,-1,-1,-1,-1,6,E01033033,0,3
2025131548730,2025,131548730,1,9,0,-1,19,1,5,-1,1,0,1,0,0,0,1,1,-1,9,2,46,8,-1,-1,-1,-1,7,E01010672,0,1
2025131548730,2025,131548730,2,98,0,-1,19,5,1,-1,0,0,0,0,1,11,1,1,-1,1,1,31,6,-1,-1,-1,-1,5,E01010754,0,2
2025131548859,2025,131548859,1,9,0,-1,19,7,3,-1,0,0,0,0,1,4,4,1,-1,6,1,62,9,-1,-1,-1,-1,8,E01011857,0,1
2025131548923,2025,131548923,1,9,0,-1,19,3,7,-1,0,1,0,0,0,0,1,1,-1,9,2,24,5,-1,-1,-1,-1,7,E01011072,0,1
2025131548925,2025,131548925,1,9,0,-1,19,7,3,-1,0,1,0,0,1,0,1,1,-1,9,1,68,10,-1,-1,-1,-1,6,E01011110,0,1