collision_index,collision_year,collision_ref_no,vehicle_reference,vehicle_type,towing_and_articulation,vehicle_manoeuvre_historic,vehicle_manoeuvre,vehicle_direction_from,vehicle_direction_to,vehicle_location_restricted_lane_historic,vehicle_location_restricted_lane,junction_location,skidding_and_overturning,hit_object_in_carriageway,vehicle_leaving_carriageway,hit_object_off_carriageway,first_point_of_impact,vehicle_left_hand_drive,journey_purpose_of_driver_historic,journey_purpose_of_driver,sex_of_driver,age_of_driver,age_band_of_driver,engine_capacity_cc,propulsion_code,age_of_vehicle,generic_make_model,driver_imd_decile,lsoa_of_driver,escooter_flag,driver_distance_banding
2025131548933,2025,131548933,1,9,0,-1,-1,-1,-1,-1,-1,0,-1,-1,-1,0,-1,1,-1,6,3,-1,-1,-1,-1,-1,-1,-1,-1,0,-1
2025131548940,2025,131548940,1,9,0,-1,19,1,5,-1,0,8,0,0,0,0,3,1,-1,9,1,40,7,-1,-1,-1,-1,2,E01032502,0,1
2025131548968,2025,131548968,1,9,0,-1,5,3,7,-1,0,1,0,0,0,0,1,1,-1,1,1,62,9,-1,-1,-1,-1,3,E01010789,0,1
2025131549008,2025,131549008,1,1,0,-1,5,1,5,-1,9,0,0,0,0,0,2,1,-1,9,1,21,5,-1,-1,-1,-1,7,E01035041,0,1
2025131549011,2025,131549011,2,9,0,-1,19,7,3,-1,0,0,0,0,0,0,0,1,-1,6,-1,-1,-1,-1,-1,-1,-1,-1,-1,0,-1
2025131549011,2025,131549011,1,9,0,-1,19,7,3,-1,0,0,0,0,2,2,1,1,-1,6,1,36,7,-1,-1,-1,-1,2,E01032607,0,3
2025131549125,2025,131549125,1,9,0,-1,19,5,1,-1,0,0,0,0,1,5,1,1,-1,6,1,68,10,-1,-1,-1,-1,3,E01013087,0,5
2025131549196,2025,131549196,1,19,0,-1,2,3,7,-1,0,0,0,0,0,0,2,1,-1,6,-1,-1,-1,-1,-1,-1,-1,-1,-1,0,-1
2025131549196,2025,131549196,2,9,0,-1,5,7,3,-1,0,0,0,0,1,0,2,1,-1,9,2,68,10,-1,-1,-1,-1,2,E01011167,0,1
2025131549206,2025,131549206,1,9,0,-1,4,2,6,-1,0,0,0,0,0,0,1,1,-1,6,3,-1,-1,-1,-1,-1,-1,-1,-1,0,-1
2025131549206,2025,131549206,2,9,0,-1,5,2,6,-1,0,0,0,0,0,0,2,1,-1,6,2,38,7,-1,-1,-1,-1,4,E01010756,0,2
2025131549308,2025,131549308,1,19,0,-1,19,1,5,-1,0,0,0,0,0,0,1,1,-1,6,1,20,4,-1,-1,-1,-1,3,E01011307,0,2
2025131549308,2025,131549308,2,9,0,-1,2,0,0,-1,0,0,0,0,0,0,0,1,-1,6,-1,-1,-1,-1,-1,-1,-1,-1,-1,0,-1
2025131549316,2025,131549316,1,9,0,-1,19,3,7,-1,0,1,0,0,0,0,1,1,-1,9,1,26,6,-1,-1,-1,-1,8,E01010698,0,2
2025131549316,2025,131549316,2,9,0,-1,19,5,1,-1,0,8,0,0,0,0,3,1,-1,9,1,48,8,-1,-1,-1,-1,1,E01010702,0,2
2025131549430,2025,131549430,2,9,0,-1,19,1,5,-1,0,1,0,0,0,0,1,1,-1,6,2,51,8,-1,-1,-1,-1,6,E01011738,0,1
2025131549430,2025,131549430,1,9,0,-1,9,5,1,-1,0,1,1,0,0,0,3,1,-1,1,1,36,7,-1,-1,-1,-1,1,E01011899,0,3
2025131549454,2025,131549454,1,9,0,-1,2,7,3,-1,9,0,0,0,0,0,4,1,-1,6,1,39,7,-1,-1,-1,-1,8,E01011638,0,1
2025131549465,2025,131549465,2,9,0,-1,5,2,6,-1,0,4,0,0,0,0,3,1,-1,6,1,77,11,-1,-1,-1,-1,7,E01010572,0,2
2025131549465,2025,131549465,1,11,0,-1,19,6,8,-1,0,4,0,1,0,0,4,1,-1,1,1,50,8,-1,-1,-1,-1,3,E01011519,0,2
2025131549480,2025,131549480,1,9,0,-1,-1,-1,-1,-1,-1,-1,-1,-1,-1,-1,-1,1,-1,6,3,-1,-1,-1,-1,-1,-1,-1,-1,0,-1
2025131549480,2025,131549480,2,9,0,-1,19,6,2,-1,0,8,0,0,0,0,4,1,-1,1,1,47,8,-1,-1,-1,-1,1,E01010739,0,3
2025131549500,2025,131549500,1,9,0,-1,5,7,3,-1,0,2,0,0,0,0,2,1,-1,2,-1,19,4,-1,-1,-1,-1,9,E01011946,0,1
2025131549500,2025,131549500,2,3,0,-1,19,5,1,-1,0,1,0,0,0,0,4,1,-1,2,1,35,6,-1,-1,-1,-1,3,E01007354,0,3
2025131549525,2025,131549525,1,90,0,-1,-1,-1,-1,-1,-1,0,-1,-1,-1,0,-1,1,-1,6,3,-1,-1,-1,-1,-1,-1,-1,-1,0,-1
2025131549579,2025,131549579,1,9,0,-1,19,7,3,-1,0,0,0,6,0,0,1,1,-1,9,1,20,4,-1,-1,-1,-1,5,E01007342,0,2
2025131549677,2025,131549677,1,9,0,-1,19,7,3,-1,0,0,0,0,0,0,1,1,-1,2,2,54,8,-1,-1,-1,-1,3,E01011489,0,2
2025131549677,2025,131549677,2,9,0,-1,4,7,3,-1,0,0,0,0,0,0,2,1,-1,6,1,57,9,-1,-1,-1,-1,1,E01011346,0,1
2025131549752,2025,131549752,1,9,0,-1,19,5,1,-1,0,8,0,0,0,0,1,1,-1,1,2,23,5,-1,-1,-1,-1,4,E01029830,0,5
2025131549753,2025,131549753,1,9,0,-1,19,1,5,-1,0,1,0,0,0,0,1,1,-1,6,1,65,9,-1,-1,-1,-1,9,E01011566,0,2
2025131549753,2025,131549753,2,9,0,-1,8,0,0,-1,0,1,0,0,0,0,2,1,-1,6,1,53,8,-1,-1,-1,-1,6,E01011693,0,1
2025131549767,2025,131549767,1,19,0,-1,8,1,3,-1,0,0,0,0,0,0,1,1,-1,1,1,45,7,-1,-1,-1,-1,9,E01010687,0,1
2025131549767,2025,131549767,2,9,0,-1,19,7,3,-1,0,0,0,0,0,0,4,1,-1,6,2,61,9,-1,-1,-1,-1,9,E01010687,0,1
2025131549799,2025,131549799,1,21,0,-1,19,5,1,-1,0,0,0,0,0,0,1,1,-1,1,1,55,8,-1,-1,-1,-1,10,E01011888,0,3
2025131549799,2025,131549799,2,9,0,-1,19,5,1,-1,0,0,0,0,0,0,2,1,-1,6,1,85,11,-1,-1,-1,-1,4,E01021374,0,5
2025131549802,2025,131549802,1,9,0,-1,9,1,3,-1,9,1,0,0,0,0,1,1,-1,9,1,29,6,-1,-1,-1,-1,2,E01011028,0,1
2025131549819,2025,131549819,2,9,0,-1,2,0,0,-1,0,0,0,0,0,0,3,1,-1,6,-1,-1,-1,-1,-1,-1,-1,-1,-1,0,-1
2025131549819,2025,131549819,1,9,0,-1,19,3,7,-1,0,0,5,0,0,0,3,1,-1,6,1,59,9,-1,-1,-1,-1,3,E01010751,0,1
2025131549819,2025,131549819,3,9,0,-1,2,0,0,-1,0,0,0,0,0,0,2,1,-1,1,1,45,7,-1,-1,-1,-1,2,E01010759,0,1
2025131549865,2025,131549865,1,9,0,-1,9,5,1,-1,0,6,0,0,0,0,3,1,-1,6,1,51,8,-1,-1,-1,-1,10,E01010766,0,3
2025131549947,2025,131549947,3,9,0,-1,19,3,7,-1,0,1,0,0,0,0,2,1,-1,6,1,29,6,-1,-1,-1,-1,4,E01010656,0,1
2025131549947,2025,131549947,2,9,0,-1,19,3,7,-1,0,1,0,0,0,0,2,1,-1,9,1,47,8,-1,-1,-1,-1,3,E01011258,0,3
2025131549947,2025,131549947,1,9,0,-1,-1,-1,-1,-1,0,1,-1,-1,-1,0,-1,1,-1,6,3,-1,-1,-1,-1,-1,-1,-1,-1,0,-1
2025131549969,2025,131549969,2,9,0,-1,9,7,3,-1,0,0,0,0,1,0,1,1,-1,6,-1,-1,-1,-1,-1,-1,-1,-1,-1,0,-1
2025131549969,2025,131549969,1,1,0,-1,19,7,3,-1,0,0,0,0,0,0,3,1,-1,1,1,29,6,-1,-1,-1,-1,1,E01011671,0,1
2025131549974,2025,131549974,2,9,0,-1,19,1,5,-1,0,1,0,0,0,0,1,1,-1,1,1,58,9,-1,-1,-1,-1,1,E01010850,0,2
2025131549974,2025,131549974,1,9,0,-1,9,3,7,-1,0,2,0,0,0,0,2,1,-1,1,1,44,7,-1,-1,-1,-1,2,E01005030,0,4
2025131550021,2025,131550021,1,9,0,-1,19,7,3,-1,0,0,2,0,1,0,4,1,-1,6,1,15,3,-1,-1,-1,-1,3,E01010959,0,2
2025131550034,2025,131550034,1,97,0,-1,19,1,7,-1,0,1,0,0,0,0,1,1,-1,6,1,47,8,-1,-1,-1,-1,6,E01011827,0,3
2025131550120,2025,131550120,1,9,0,-1,9,3,3,-1,0,0,0,0,0,0,1,1,-1,2,2,77,11,-1,-1,-1,-1,9,E01011011,0,2
2025131550120,2025,131550120,2,3,0,-1,19,3,3,-1,0,0,0,0,0,0,1,1,-1,6,1,21,5,-1,-1,-1,-1,5,E01011928,0,1
2025131550215,2025,131550215,1,9,0,-1,19,7,3,-1,0,8,0,0,0,0,1,1,-1,6,1,41,7,-1,-1,-1,-1,8,E01011590,0,2
2025131550218,2025,131550218,1,9,0,-1,7,7,1,-1,0,1,0,0,1,0,-1,1,-1,6,3,-1,-1,-1,-1,-1,-1,-1,-1,0,-1
2025131550218,2025,131550218,2,1,0,-1,19,7,3,-1,4,1,0,0,0,0,1,1,-1,9,1,69,10,-1,-1,-1,-1,9,E01011419,0,2
2025131550339,2025,131550339,2,19,0,-1,19,3,7,-1,0,0,0,0,0,0,3,1,-1,1,1,40,7,-1,-1,-1,-1,2,E01011815,0,2
2025131550339,2025,131550339,1,9,0,-1,11,3,7,-1,0,0,0,0,0,0,4,1,-1,6,1,-1,-1,-1,-1,-1,-1,-1,-1,0,-1
2025131550363,2025,131550363,1,8,0,-1,4,1,5,-1,0,0,0,0,0,0,1,1,-1,6,3,-1,-1,-1,-1,-1,-1,-1,-1,0,-1
2025131550364,2025,131550364,2,9,0,-1,7,1,7,-1,0,5,0,0,0,0,-1,1,-1,6,3,-1,-1,-1,-1,-1,-1,-1,-1,0,-1
2025131550364,2025,131550364,1,1,0,-1,7,1,7,-1,0,5,5,0,0,0,3,1,-1,9,1,38,7,-1,-1,-1,-1,1,E01010745,0,1
2025131550387,2025,131550387,1,9,0,-1,-1,-1,-1,-1,-1,0,-1,-1,-1,-1,-1,1,-1,6,3,-1,-1,-1,-1,-1,-1,-1,-1,0,-1
2025131550415,2025,131550415,2,9,0,-1,2,1,1,-1,0,0,0,0,0,0,3,1,-1,6,2,29,6,-1,-1,-1,-1,4,E01011777,0,2
2025131550415,2025,131550415,1,9,0,-1,-1,-1,-1,-1,-1,0,-1,-1,-1,0,-1,1,-1,6,3,-1,-1,-1,-1,-1,-1,-1,-1,0,-1
2025131550416,2025,131550416,2,9,0,-1,19,3,7,-1,0,0,0,0,0,0,4,1,-1,6,2,56,9,-1,-1,-1,-1,3,E01010949,0,1
2025131550416,2025,131550416,3,9,0,-1,19,3,7,-1,0,0,0,0,0,0,0,1,-1,6,-1,-1,-1,-1,-1,-1,-1,-1,-1,0,-1
2025131550416,2025,131550416,1,9,0,-1,9,5,3,-1,0,0,0,0,0,0,1,1,-1,6,2,48,8,-1,-1,-1,-1,10,E01010946,0,1
2025131550427,2025,131550427,1,9,0,-1,6,1,5,-1,0,0,0,0,0,0,3,1,-1,6,1,70,10,-1,-1,-1,-1,3,E01010584,0,4
2025131550427,2025,131550427,2,9,0,-1,19,1,5,-1,0,0,0,0,0,0,1,1,-1,2,2,23,5,-1,-1,-1,-1,1,E01011360,0,3
2025131550497,2025,131550497,1,9,0,-1,19,3,7,-1,0,0,2,0,0,0,4,1,-1,2,1,40,7,-1,-1,-1,-1,1,E01005746,0,4
2025131550583,2025,131550583,1,9,0,-1,9,7,3,-1,0,5,0,0,0,0,2,1,-1,2,2,24,5,-1,-1,-1,-1,5,E01011446,0,3
2025131550583,2025,131550583,2,11,0,-1,19,7,3,-1,0,1,0,0,0,0,1,1,-1,1,1,60,9,-1,-1,-1,-1,5,E01011417,0,3
2025131550696,2025,131550696,1,90,0,-1,19,1,5,-1,9,8,5,0,0,0,4,1,-1,9,1,37,7,-1,-1,-1,-1,2,E01011813,0,1
2025131550756,2025,131550756,2,9,0,-1,19,4,8,-1,0,2,0,0,0,0,3,1,-1,7,2,32,6,-1,-1,-1,-1,2,E01011126,0,1
2025131550756,2025,131550756,1,9,0,-1,-1,-1,-1,-1,-1,-1,-1,-1,-1,-1,-1,1,-1,6,3,-1,-1,-1,-1,-1,-1,-1,-1,0,-1
2025131550782,2025,131550782,1,1,0,-1,19,1,5,-1,0,2,0,0,0,0,-1,1,-1,6,3,-1,-1,-1,-1,-1,-1,-1,-1,0,-1
2025131550883,2025,131550883,1,9,0,-1,19,7,7,-1,0,0,0,4,0,0,1,1,-1,2,1,57,9,-1,-1,-1,-1,1,E01010830,0,1
2025131550883,2025,131550883,3,19,0,-1,2,0,0,-1,0,0,0,0,0,0,2,1,-1,6,-1,-1,-1,-1,-1,-1,-1,-1,-1,0,-1
2025131550883,2025,131550883,2,98,0,-1,2,0,0,-1,0,0,0,0,0,0,1,1,-1,6,-1,-1,-1,-1,-1,-1,-1,-1,-1,0,-1
2025131550888,2025,131550888,2,9,0,-1,3,8,6,-1,0,0,0,0,0,0,2,1,-1,9,2,31,6,-1,-1,-1,-1,1,E01011344,0,1
2025131550888,2025,131550888,1,9,0,-1,19,8,4,-1,0,0,0,0,0,0,1,1,-1,9,1,63,9,-1,-1,-1,-1,1,E01011342,0,1
2025131550946,2025,131550946,1,9,0,-1,9,5,1,-1,0,1,0,0,0,0,3,1,-1,1,2,38,7,-1,-1,-1,-1,4,E01011823,0,1
2025131550946,2025,131550946,2,1,0,-1,19,1,5,-1,0,1,0,0,0,0,1,1,-1,2,1,49,8,-1,-1,-1,-1,7,E01011825,0,1
2025131550992,2025,131550992,2,9,0,-1,7,-1,-1,-1,0,0,-1,-1,-1,-1,-1,1,-1,6,3,0,1,-1,-1,-1,-1,-1,-1,0,-1
2025131550992,2025,131550992,1,9,0,-1,19,6,2,-1,0,0,0,0,0,0,1,1,-1,9,1,33,6,-1,-1,-1,-1,2,E01011028,0,1
2025131551001,2025,131551001,1,9,0,-1,19,7,3,-1,0,0,0,0,0,0,1,1,-1,9,2,62,9,-1,-1,-1,-1,9,E01011844,0,1
2025131551011,2025,131551011,2,1,0,-1,4,3,7,-1,0,3,0,0,0,0,4,1,-1,1,1,34,6,-1,-1,-1,-1,3,E01011779,0,1
2025131551011,2025,131551011,1,9,0,-1,7,5,1,-1,0,3,0,-1,-1,-1,-1,1,-1,6,3,-1,-1,-1,-1,-1,-1,-1,-1,0,-1
2025131551012,2025,131551012,1,9,0,-1,-1,5,1,-1,-1,1,0,0,0,0,1,1,-1,6,1,21,5,-1,-1,-1,-1,2,E01011000,0,1
2025131551012,2025,131551012,2,19,0,-1,19,1,5,-1,0,8,0,0,0,0,1,1,-1,9,1,32,6,-1,-1,-1,-1,6,E01010975,0,1
2025131551163,2025,131551163,2,21,0,-1,19,3,7,-1,0,0,0,0,0,0,1,1,-1,1,1,63,9,-1,-1,-1,-1,1,E01011735,0,2
2025131551163,2025,131551163,1,20,0,-1,19,8,4,-1,0,0,0,0,0,0,2,1,-1,1,1,60,9,-1,-1,-1,-1,8,E01010307,0,5
2025131551262,2025,131551262,2,1,0,-1,19,1,5,-1,0,1,0,0,0,0,1,1,-1,6,1,39,7,-1,-1,-1,-1,8,E01011573,0,1
2025131551262,2025,131551262,1,9,0,-1,9,3,7,-1,0,6,0,0,0,0,1,1,-1,6,2,53,8,-1,-1,-1,-1,7,E01011276,0,1
2025131551367,2025,131551367,1,1,0,-1,14,3,7,-1,0,8,5,0,0,0,0,1,-1,9,1,41,7,-1,-1,-1,-1,1,E01010666,0,1
2025131551396,2025,131551396,1,9,0,-1,19,3,7,-1,0,0,0,0,0,0,1,1,-1,2,2,25,5,-1,-1,-1,-1,4,E01010678,0,1
2025131551399,2025,131551399,3,20,0,-1,19,1,1,-1,0,2,0,0,0,0,3,1,-1,1,1,45,7,-1,-1,-1,-1,9,E01025693,0,5
2025131551399,2025,131551399,4,9,0,-1,3,5,5,-1,0,1,0,0,0,0,2,1,-1,9,1,53,8,-1,-1,-1,-1,1,E01011677,0,1
2025131551399,2025,131551399,2,9,0,-1,3,5,5,-1,0,1,0,0,0,0,2,1,-1,1,1,41,7,-1,-1,-1,-1,3,E01010867,0,3
2025131551399,2025,131551399,5,9,0,-1,3,5,5,-1,0,1,0,0,0,0,2,2,-1,9,1,69,10,-1,-1,-1,-1,7,E01011692,0,1
2025131551399,2025,131551399,1,11,0,-1,19,5,5,-1,0,1,0,0,0,0,1,1,-1,1,1,53,8,-1,-1,-1,-1,2,E01011369,0,1
2025131551419,2025,131551419,1,9,0,-1,7,5,7,-1,0,6,0,10,0,0,1,1,-1,6,2,50,8,-1,-1,-1,-1,7,E01010760,0,3
2025131551419,2025,131551419,2,11,0,-1,19,3,7,-1,0,1,0,0,0,0,4,1,-1,1,1,37,7,-1,-1,-1,-1,1,E01011093,0,1
2025131551423,2025,131551423,1,9,0,-1,19,1,5,-1,0,0,0,0,0,0,4,1,-1,6,2,22,5,-1,-1,-1,-1,2,E01010715,0,1
2025131551437,2025,131551437,1,9,0,-1,-1,-1,-1,-1,-1,-1,-1,-1,-1,-1,-1,1,-1,6,3,-1,-1,-1,-1,-1,-1,-1,-1,0,-1
2025131551438,2025,131551438,1,9,0,-1,19,1,5,-1,0,0,0,0,0,0,4,1,-1,6,2,21,5,-1,-1,-1,-1,2,E01033898,0,1
2025131551446,2025,131551446,1,98,0,-1,9,5,2,-1,0,8,0,0,0,0,3,1,-1,6,1,-1,-1,-1,-1,-1,-1,-1,-1,0,-1
2025131551446,2025,131551446,2,3,0,-1,10,2,6,-1,0,8,5,0,0,0,1,1,-1,6,1,43,7,-1,-1,-1,-1,9,E01011923,0,1
2025131551449,2025,131551449,1,9,0,-1,19,7,3,-1,0,0,0,4,0,0,1,1,-1,9,2,66,10,-1,-1,-1,-1,1,E01011742,0,2
2025131551449,2025,131551449,3,9,0,-1,2,0,0,-1,9,0,0,0,0,0,1,1,-1,6,-1,-1,-1,-1,-1,-1,-1,-1,-1,0,-1
2025131551449,2025,131551449,4,9,0,-1,2,0,0,-1,9,0,0,0,0,0,1,1,-1,6,-1,-1,-1,-1,-1,-1,-1,-1,-1,0,-1
2025131551449,2025,131551449,2,19,0,-1,2,0,0,-1,9,0,0,0,0,0,3,1,-1,6,-1,-1,-1,-1,-1,-1,-1,-1,-1,0,-1
2025131551503,2025,131551503,1,9,0,-1,19,1,5,-1,0,0,0,0,0,0,1,1,-1,1,1,63,9,-1,-1,-1,-1,2,E01011781,0,1
2025131551508,2025,131551508,1,19,0,-1,19,1,5,-1,0,0,0,0,0,0,1,1,-1,6,1,51,8,-1,-1,-1,-1,9,E01011887,0,1
2025131551516,2025,131551516,2,9,0,-1,9,3,3,-1,0,0,0,0,0,0,1,1,-1,1,1,39,7,-1,-1,-1,-1,3,E01011225,0,3
2025131551516,2025,131551516,1,9,0,-1,19,7,7,-1,0,0,0,0,0,0,3,1,-1,9,1,21,5,-1,-1,-1,-1,2,E01011157,0,2
2025131551526,2025,131551526,4,9,0,-1,19,5,1,-1,0,0,0,0,0,0,1,1,-1,1,1,40,7,-1,-1,-1,-1,6,E01011885,0,1
2025131551526,2025,131551526,1,9,0,-1,6,7,3,-1,0,0,0,0,0,0,3,1,-1,6,-1,0,1,-1,-1,-1,-1,-1,-1,0,-1
2025131551526,2025,131551526,3,9,0,-1,19,3,7,-1,0,0,0,0,0,0,0,1,-1,1,1,40,7,-1,-1,-1,-1,1,E01010614,0,3
2025131551526,2025,131551526,2,9,0,-1,19,3,7,-1,0,0,0,0,0,0,1,1,-1,1,1,62,9,-1,-1,-1,-1,6,E01027834,0,4
2025131551570,2025,131551570,2,9,0,-1,19,5,1,-1,0,0,0,0,0,0,1,1,-1,9,1,68,10,-1,-1,-1,-1,3,E01010584,0,1
2025131551570,2025,131551570,1,9,0,-1,19,1,5,-1,0,0,0,0,0,0,3,1,-1,6,1,49,8,-1,-1,-1,-1,3,E01010584,0,1
2025131551587,2025,131551587,1,9,0,-1,19,3,7,-1,0,0,0,0,0,0,4,1,-1,2,2,24,5,-1,-1,-1,-1,5,E01011479,0,2
2025131551601,2025,131551601,1,9,0,-1,19,5,1,-1,0,1,0,0,0,0,2,1,-1,9,2,64,9,-1,-1,-1,-1,1,E01010653,0,1
2025131551601,2025,131551601,2,9,0,-1,19,3,7,-1,0,1,1,0,-1,0,1,1,-1,6,3,0,1,-1,-1,-1,-1,-1,-1,0,-1
2025131551609,2025,131551609,1,8,0,-1,1,3,7,-1,0,8,0,0,0,0,2,1,-1,6,1,49,8,-1,-1,-1,-1,1,E01011140,0,1
2025131551625,2025,131551625,1,9,0,-1,19,8,4,-1,0,0,0,0,0,0,1,1,-1,9,1,45,7,-1,-1,-1,-1,1,E01010814,0,1
2025131551637,2025,131551637,2,9,0,-1,19,7,1,-1,0,0,0,0,0,0,4,1,-1,6,2,24,5,-1,-1,-1,-1,3,E01010810,0,3
2025131551637,2025,131551637,1,11,0,-1,12,7,1,-1,2,0,0,0,7,0,3,1,-1,6,3,-1,-1,-1,-1,-1,-1,-1,-1,0,-1
2025131551655,2025,131551655,2,9,0,-1,19,4,8,-1,0,8,0,0,0,0,2,1,-1,9,2,35,6,-1,-1,-1,-1,5,E01010578,0,3
2025131551655,2025,131551655,1,9,0,-1,19,4,8,-1,0,8,0,0,0,0,1,1,-1,6,2,0,1,-1,-1,-1,-1,-1,-1,0,-1
2025131551697,2025,131551697,1,9,0,-1,-1,-1,-1,-1,-1,-1,-1,-1,-1,-1,-1,1,-1,6,3,-1,-1,-1,-1,-1,-1,-1,-1,0,-1
2025131551709,2025,131551709,1,9,0,-1,1,7,1,-1,0,0,0,0,0,0,2,1,-1,9,1,42,7,-1,-1,-1,-1,1,E01011347,0,1
2025131551738,2025,131551738,1,9,0,-1,14,3,7,-1,0,0,0,0,0,0,4,1,-1,6,2,-1,-1,-1,-1,-1,-1,-1,-1,0,-1
2025131551738,2025,131551738,2,9,0,-1,3,3,7,-1,0,0,0,0,0,0,3,1,-1,6,1,32,6,-1,-1,-1,-1,1,E01011790,0,1
2025131551744,2025,131551744,2,9,0,-1,5,3,7,-1,0,1,0,0,0,0,1,1,-1,1,1,47,8,-1,-1,-1,-1,9,E01011311,0,2
2025131551744,2025,131551744,1,9,0,-1,19,1,5,-1,0,1,0,0,0,0,1,1,-1,9,2,63,9,-1,-1,-1,-1,1,E01011360,0,1
2025131551747,2025,131551747,1,9,0,-1,5,5,1,-1,0,0,0,0,0,0,3,1,-1,6,1,0,1,-1,-1,-1,-1,-1,-1,0,-1
2025131551747,2025,131551747,2,1,0,-1,19,3,7,-1,0,0,0,0,0,0,4,1,-1,2,1,22,5,-1,-1,-1,-1,5,E01011479,0,1
2025131551773,2025,131551773,2,9,0,-1,19,3,7,-1,0,8,0,0,0,0,4,1,-1,2,2,34,6,-1,-1,-1,-1,6,E01011600,0,2
2025131551773,2025,131551773,1,5,0,-1,19,5,1,-1,0,8,2,0,0,0,1,1,-1,6,1,31,6,-1,-1,-1,-1,6,E01027735,0,2
2025131551790,2025,131551790,1,9,0,-1,-1,-1,-1,-1,-1,0,-1,-1,-1,0,-1,1,-1,6,3,-1,-1,-1,-1,-1,-1,-1,-1,0,-1
2025131551875,2025,131551875,2,9,0,-1,9,4,2,-1,0,8,0,0,0,0,1,1,-1,9,1,18,4,-1,-1,-1,-1,8,E01034586,0,1
2025131551875,2025,131551875,1,3,0,-1,19,2,6,-1,0,1,0,0,0,0,1,1,-1,9,1,32,6,-1,-1,-1,-1,8,E01011210,0,1
2025131551895,2025,131551895,1,9,0,-1,9,6,2,-1,0,1,0,0,0,0,1,1,-1,6,2,53,8,-1,-1,-1,-1,8,E01032503,0,1
2025131551895,2025,131551895,2,9,0,-1,19,2,6,-1,0,1,0,0,0,0,1,1,-1,6,1,37,7,-1,-1,-1,-1,5,E01011264,0,1
2025131551927,2025,131551927,1,9,0,-1,19,1,5,-1,0,0,0,0,1,1,1,1,-1,1,1,39,7,-1,-1,-1,-1,1,E01010614,0,3
2025131551927,2025,131551927,2,9,0,-1,7,1,3,-1,0,0,0,0,0,0,4,1,-1,1,1,43,7,-1,-1,-1,-1,1,E01010614,0,3
2025131551932,2025,131551932,3,9,0,-1,19,4,8,-1,0,8,0,0,0,0,0,1,-1,6,-1,-1,-1,-1,-1,-1,-1,-1,-1,0,-1
2025131551932,2025,131551932,1,9,0,-1,19,4,8,-1,0,8,0,0,0,0,1,1,-1,6,3,0,1,-1,-1,-1,-1,-1,-1,0,-1
2025131551932,2025,131551932,2,9,0,-1,2,4,8,-1,0,8,1,0,8,11,2,1,-1,1,2,32,6,-1,-1,-1,-1,4,E01010898,0,2
2025131551943,2025,131551943,1,9,0,-1,-1,-1,-1,-1,-1,0,-1,-1,-1,-1,-1,1,-1,6,3,-1,-1,-1,-1,-1,-1,-1,-1,0,-1
2025131551984,2025,131551984,1,9,0,-1,-1,-1,-1,-1,-1,-1,-1,-1,-1,-1,-1,1,-1,6,3,-1,-1,-1,-1,-1,-1,-1,-1,0,-1
2025131551984,2025,131551984,2,9,0,-1,19,7,3,-1,0,1,0,0,0,0,0,1,-1,1,1,31,6,-1,-1,-1,-1,1,E01011661,0,2
2025131551987,2025,131551987,1,9,0,-1,19,5,1,-1,0,0,0,0,0,0,3,1,-1,2,1,36,7,-1,-1,-1,-1,4,E01010890,0,2
2025131552038,2025,131552038,1,9,0,-1,12,1,3,-1,0,2,0,0,0,0,3,1,-1,6,2,69,10,-1,-1,-1,-1,1,E01011789,0,1
2025131552038,2025,131552038,2,11,0,-1,19,7,3,-1,0,2,0,0,0,0,4,1,-1,1,1,42,7,-1,-1,-1,-1,1,E01007729,0,3
2025131552065,2025,131552065,2,90,0,-1,19,4,8,-1,0,0,0,0,0,0,2,1,-1,9,1,38,7,-1,-1,-1,-1,3,E01035042,0,1
2025131552065,2025,131552065,3,9,0,-1,19,4,8,-1,0,0,0,0,0,0,1,1,-1,1,2,44,7,-1,-1,-1,-1,1,E01011357,0,1
2025131552065,2025,131552065,1,9,0,-1,19,4,8,-1,0,0,0,0,0,0,2,1,-1,9,1,51,8,-1,-1,-1,-1,2,E01011331,0,2
2025131552108,2025,131552108,4,9,0,-1,2,0,0,-1,0,2,0,0,0,0,2,1,-1,6,-1,-1,-1,-1,-1,-1,-1,-1,-1,0,-1
2025131552108,2025,131552108,2,9,0,-1,19,7,3,-1,0,8,0,0,0,0,3,1,-1,6,1,28,6,-1,-1,-1,-1,1,E01011227,0,1
2025131552108,2025,131552108,3,9,0,-1,2,0,0,-1,0,2,0,0,0,0,2,1,-1,6,-1,-1,-1,-1,-1,-1,-1,-1,-1,0,-1
2025131552108,2025,131552108,1,9,0,-1,19,5,1,-1,0,8,0,0,0,0,1,1,-1,9,2,18,4,-1,-1,-1,-1,5,E01011239,0,1
2025131552149,2025,131552149,1,9,0,-1,19,5,1,-1,0,8,0,0,0,0,1,1,-1,9,1,66,10,-1,-1,-1,-1,6,E01011308,0,1
2025131552154,2025,131552154,1,9,0,-1,19,1,5,-1,0,2,0,0,0,0,1,1,-1,6,1,34,6,-1,-1,-1,-1,1,E01011032,0,1
2025131552161,2025,131552161,1,9,0,-1,19,7,3,-1,0,0,0,0,0,0,1,1,-1,6,2,39,7,-1,-1,-1,-1,3,E01010827,0,1
2025131552161,2025,131552161,2,9,0,-1,2,0,0,-1,0,0,0,0,1,0,2,1,-1,6,-1,-1,-1,-1,-1,-1,-1,-1,-1,0,-1
2025131552227,2025,131552227,1,9,0,-1,19,2,6,-1,0,0,0,0,0,0,4,1,-1,9,1,18,4,-1,-1,-1,-1,2,E01011027,0,1
2025131552227,2025,131552227,2,9,0,-1,19,6,2,-1,0,0,0,0,0,0,1,1,-1,2,1,53,8,-1,-1,-1,-1,5,E01011058,0,1