collision_index,collision_year,collision_ref_no,vehicle_reference,vehicle_type,towing_and_articulation,vehicle_manoeuvre_historic,vehicle_manoeuvre,vehicle_direction_from,vehicle_direction_to,vehicle_location_restricted_lane_historic,vehicle_location_restricted_lane,junction_location,skidding_and_overturning,hit_object_in_carriageway,vehicle_leaving_carriageway,hit_object_off_carriageway,first_point_of_impact,vehicle_left_hand_drive,journey_purpose_of_driver_historic,journey_purpose_of_driver,sex_of_driver,age_of_driver,age_band_of_driver,engine_capacity_cc,propulsion_code,age_of_vehicle,generic_make_model,driver_imd_decile,lsoa_of_driver,escooter_flag,driver_distance_banding
2025131552284,2025,131552284,2,9,0,-1,2,3,7,-1,-1,0,0,0,0,0,2,1,-1,6,1,39,7,-1,-1,-1,-1,1,E01010736,0,4
2025131552284,2025,131552284,1,9,0,-1,19,3,7,-1,-1,0,0,0,0,0,1,1,-1,6,3,-1,-1,-1,-1,-1,-1,-1,-1,0,-1
2025131552309,2025,131552309,2,9,0,-1,19,1,5,-1,0,0,0,0,0,0,1,1,-1,6,2,35,6,-1,-1,-1,-1,5,E01011202,0,1
2025131552309,2025,131552309,1,9,0,-1,9,5,1,-1,0,0,1,0,0,0,1,1,-1,9,1,46,8,-1,-1,-1,-1,2,E01011837,0,4
2025131552323,2025,131552323,1,9,0,-1,19,7,3,-1,0,0,0,0,0,0,1,1,-1,1,1,36,7,-1,-1,-1,-1,1,E01011664,0,2
2025131552331,2025,131552331,1,9,0,-1,7,8,2,-1,0,0,0,0,6,0,1,1,-1,6,1,73,10,-1,-1,-1,-1,5,E01011766,0,1
2025131552331,2025,131552331,2,9,0,-1,19,2,2,-1,0,0,0,0,6,9,1,1,-1,9,2,27,6,-1,-1,-1,-1,8,E01011929,0,2
2025131552386,2025,131552386,1,9,0,-1,19,7,3,-1,0,8,0,0,0,0,1,1,-1,6,1,35,6,-1,-1,-1,-1,4,E01010708,0,3
2025131552412,2025,131552412,2,9,0,-1,7,1,5,-1,0,0,0,0,0,0,4,1,-1,6,1,72,10,-1,-1,-1,-1,8,E01011934,0,1
2025131552412,2025,131552412,1,9,0,-1,19,7,3,-1,0,0,0,0,0,0,1,1,-1,6,1,28,6,-1,-1,-1,-1,4,E01011114,0,2
2025131552424,2025,131552424,1,9,0,-1,19,1,5,-1,0,8,0,0,0,0,1,1,-1,6,2,26,6,-1,-1,-1,-1,7,E01010672,0,2
2025131552424,2025,131552424,2,9,0,-1,9,3,5,-1,0,8,0,0,0,0,3,1,-1,6,-1,35,6,-1,-1,-1,-1,2,E01011421,0,3
2025131552589,2025,131552589,2,9,0,-1,19,1,5,-1,0,0,0,0,0,0,1,1,-1,6,1,27,6,-1,-1,-1,-1,6,E01033033,0,1
2025131552589,2025,131552589,1,9,0,-1,-1,-1,-1,-1,-1,0,-1,-1,-1,-1,-1,1,-1,6,3,-1,-1,-1,-1,-1,-1,-1,-1,0,-1
2025131552661,2025,131552661,2,9,0,-1,5,7,5,-1,0,8,0,0,0,0,4,1,-1,6,1,42,7,-1,-1,-1,-1,2,E01011234,0,3
2025131552661,2025,131552661,1,9,0,-1,5,3,1,-1,0,8,0,0,0,0,0,1,-1,6,3,-1,-1,-1,-1,-1,-1,-1,-1,0,-1
2025131552738,2025,131552738,1,1,0,-1,19,7,3,-1,0,8,0,0,0,0,1,1,-1,2,1,36,7,-1,-1,-1,-1,7,E01011692,0,1
2025131552738,2025,131552738,2,9,0,-1,9,5,1,-1,0,8,0,0,0,0,4,1,-1,9,2,30,6,-1,-1,-1,-1,10,E01011266,0,3
2025131552848,2025,131552848,2,19,0,-1,9,5,1,-1,0,1,5,7,0,0,1,1,-1,1,1,27,6,-1,-1,-1,-1,4,E01011634,0,2
2025131552848,2025,131552848,1,9,0,-1,19,5,1,-1,0,1,0,0,0,0,1,1,-1,1,1,48,8,-1,-1,-1,-1,1,E01011347,0,1
2025131552851,2025,131552851,1,19,0,-1,13,7,3,-1,0,0,1,0,0,0,4,1,-1,1,1,31,6,-1,-1,-1,-1,1,E01007718,0,3
2025131552851,2025,131552851,3,9,0,-1,19,3,7,-1,0,0,0,0,0,0,1,1,-1,1,1,26,6,-1,-1,-1,-1,1,E01007566,0,3
2025131552851,2025,131552851,2,9,0,-1,19,3,7,-1,0,0,1,0,0,0,1,1,-1,1,1,48,8,-1,-1,-1,-1,4,E01007567,0,3
2025131552895,2025,131552895,2,9,0,-1,19,5,1,-1,0,8,0,0,0,0,2,1,-1,6,1,32,6,-1,-1,-1,-1,2,E01011237,0,1
2025131552895,2025,131552895,1,9,0,-1,9,1,7,-1,0,1,0,0,0,0,1,1,-1,7,2,53,8,-1,-1,-1,-1,2,E01011232,0,1
2025131552931,2025,131552931,1,9,0,-1,19,1,5,-1,0,8,0,4,0,0,4,1,-1,9,1,83,11,-1,-1,-1,-1,4,E01010951,0,1
2025131552931,2025,131552931,2,9,0,-1,2,0,0,-1,0,8,0,0,0,0,4,1,-1,6,-1,-1,-1,-1,-1,-1,-1,-1,-1,0,-1
2025131552931,2025,131552931,3,9,0,-1,2,0,0,-1,0,8,0,0,0,0,4,1,-1,6,-1,-1,-1,-1,-1,-1,-1,-1,-1,0,-1
2025131552934,2025,131552934,1,9,0,-1,7,6,8,-1,0,1,0,0,0,0,1,1,-1,6,3,0,1,-1,-1,-1,-1,1,E01010838,0,1
2025131552940,2025,131552940,1,9,0,-1,11,5,1,-1,0,0,0,0,0,0,4,1,-1,9,1,45,7,-1,-1,-1,-1,7,E01012939,0,4
2025131552940,2025,131552940,2,1,0,-1,19,5,1,-1,4,0,0,0,0,0,1,1,-1,9,1,36,7,-1,-1,-1,-1,3,E01032498,0,1
2025131552950,2025,131552950,2,9,0,-1,19,5,1,-1,0,0,0,0,0,0,4,1,-1,2,1,35,6,-1,-1,-1,-1,4,E01011669,0,1
2025131552950,2025,131552950,1,9,0,-1,19,3,7,-1,0,0,0,0,0,0,1,1,-1,6,2,71,10,-1,-1,-1,-1,9,E01027725,0,3
2025131552958,2025,131552958,1,9,0,-1,13,7,3,-1,0,1,0,0,0,0,1,1,-1,6,3,-1,-1,-1,-1,-1,-1,-1,-1,0,-1
2025131552958,2025,131552958,2,9,0,-1,7,1,3,-1,0,6,0,0,0,0,1,1,-1,6,2,48,8,-1,-1,-1,-1,3,E01011784,0,2
2025131552972,2025,131552972,1,3,0,-1,19,3,7,-1,0,0,1,0,0,0,3,1,-1,2,1,33,6,-1,-1,-1,-1,2,E01011538,0,1
2025131553011,2025,131553011,1,9,0,-1,19,6,2,-1,0,0,0,0,0,0,1,1,-1,9,2,36,7,-1,-1,-1,-1,2,E01011681,0,1
2025131553161,2025,131553161,1,9,0,-1,5,8,1,-1,0,8,0,0,0,0,1,1,-1,9,1,34,6,-1,-1,-1,-1,1,E01010627,0,1
2025131553162,2025,131553162,1,9,0,-1,-1,-1,-1,-1,-1,0,-1,-1,-1,-1,-1,1,-1,6,3,-1,-1,-1,-1,-1,-1,-1,-1,0,-1
2025131553162,2025,131553162,2,98,0,-1,19,7,3,-1,0,0,0,0,0,0,3,1,-1,6,1,28,6,-1,-1,-1,-1,2,E01005886,0,4
2025131553182,2025,131553182,1,9,0,-1,7,5,7,-1,0,0,0,0,0,0,1,1,-1,6,1,58,9,-1,-1,-1,-1,3,E01011875,0,1
2025131553184,2025,131553184,1,9,0,-1,19,1,5,-1,0,8,1,0,8,11,1,1,-1,9,1,19,4,-1,-1,-1,-1,1,E01010745,0,1
2025131553194,2025,131553194,2,3,0,-1,19,3,7,-1,0,2,1,0,0,0,1,1,-1,9,1,33,6,-1,-1,-1,-1,5,E01011006,0,1
2025131553194,2025,131553194,1,9,0,-1,7,5,7,-1,0,2,0,0,0,0,1,1,-1,9,2,38,7,-1,-1,-1,-1,1,E01026149,0,4
2025131553205,2025,131553205,1,9,0,-1,19,3,3,-1,0,1,0,0,0,0,1,1,-1,7,1,33,6,-1,-1,-1,-1,2,E01010615,0,1
2025131553213,2025,131553213,1,9,0,-1,19,1,3,-1,0,0,0,0,0,0,-1,1,-1,6,3,-1,-1,-1,-1,-1,-1,-1,-1,0,-1
2025131553221,2025,131553221,1,9,0,-1,19,1,5,-1,0,0,0,0,0,0,4,1,-1,9,2,25,5,-1,-1,-1,-1,6,E01011693,0,1
2025131553248,2025,131553248,3,9,0,-1,2,0,0,-1,9,1,0,0,0,0,2,1,-1,6,-1,-1,-1,-1,-1,-1,-1,-1,-1,0,-1
2025131553248,2025,131553248,1,9,0,-1,7,3,5,-1,0,1,0,0,0,0,3,1,-1,9,1,25,5,-1,-1,-1,-1,1,E01011354,0,1
2025131553248,2025,131553248,2,9,0,-1,19,1,5,-1,0,1,0,0,0,0,1,1,-1,1,2,47,8,-1,-1,-1,-1,5,E01011356,0,1
2025131553542,2025,131553542,1,9,0,-1,19,5,1,-1,0,0,0,0,0,0,1,1,-1,9,1,33,6,-1,-1,-1,-1,8,E01011496,0,3
2025131553542,2025,131553542,4,9,0,-1,3,5,1,-1,0,0,0,0,0,0,2,1,-1,2,2,42,7,-1,-1,-1,-1,8,E01027891,0,3
2025131553542,2025,131553542,3,9,0,-1,3,5,1,-1,0,0,0,0,0,0,2,1,-1,2,1,22,5,-1,-1,-1,-1,2,E01011805,0,3
2025131553542,2025,131553542,2,9,0,-1,3,5,1,-1,0,0,0,0,0,0,2,1,-1,2,1,40,7,-1,-1,-1,-1,10,E01034978,0,2
2025131553557,2025,131553557,1,9,0,-1,-1,-1,-1,-1,-1,0,-1,-1,-1,-1,-1,1,-1,6,3,-1,-1,-1,-1,-1,-1,-1,-1,0,-1
2025131553565,2025,131553565,2,9,0,-1,-1,-1,-1,-1,-1,0,-1,-1,-1,-1,-1,1,-1,2,1,36,7,-1,-1,-1,-1,4,E01011898,0,3
2025131553565,2025,131553565,1,9,0,-1,-1,-1,-1,-1,-1,0,-1,-1,-1,-1,-1,1,-1,6,3,-1,-1,-1,-1,-1,-1,-1,-1,0,-1
2025131553585,2025,131553585,1,9,0,-1,19,7,7,-1,0,3,0,0,0,0,1,1,-1,9,1,25,5,-1,-1,-1,-1,1,E01010674,0,2
2025131553585,2025,131553585,2,9,0,-1,19,1,1,-1,0,4,0,0,1,0,3,1,-1,9,1,70,10,-1,-1,-1,-1,2,E01010619,0,1
2025131553596,2025,131553596,2,9,0,-1,9,5,3,-1,0,8,0,0,0,0,1,1,-1,2,1,72,10,-1,-1,-1,-1,10,E01011654,0,1
2025131553596,2025,131553596,3,9,0,-1,2,0,0,-1,0,8,0,0,0,0,4,1,-1,6,-1,-1,-1,-1,-1,-1,-1,-1,-1,0,-1
2025131553596,2025,131553596,1,90,0,-1,19,3,7,-1,0,8,0,0,0,0,1,1,-1,9,1,18,4,-1,-1,-1,-1,10,E01011654,0,1
2025131553610,2025,131553610,1,9,0,-1,9,5,1,-1,0,8,0,0,0,0,1,1,-1,6,1,27,6,-1,-1,-1,-1,1,E01010813,0,1
2025131553610,2025,131553610,2,1,0,-1,19,7,3,-1,0,8,0,0,0,0,1,1,-1,2,1,16,4,-1,-1,-1,-1,3,E01010810,0,1
2025131553631,2025,131553631,1,11,0,-1,19,7,3,-1,0,8,0,0,0,0,4,1,-1,1,2,51,8,-1,-1,-1,-1,1,E01007411,0,3
2025131553631,2025,131553631,2,9,0,-1,19,5,1,-1,0,1,0,0,0,0,1,1,-1,6,1,39,7,-1,-1,-1,-1,6,E01011802,0,1
2025131553637,2025,131553637,1,9,0,-1,19,8,4,-1,0,0,0,0,0,0,1,1,-1,6,3,-1,-1,-1,-1,-1,-1,-1,-1,0,-1
2025131553646,2025,131553646,2,21,0,-1,2,0,0,-1,0,8,0,0,0,0,4,1,-1,6,-1,-1,-1,-1,-1,-1,-1,-1,-1,0,-1
2025131553646,2025,131553646,1,9,0,-1,19,1,1,-1,0,8,0,0,0,0,1,1,-1,9,2,28,6,-1,-1,-1,-1,2,E01011166,0,1
2025131553687,2025,131553687,2,9,0,-1,9,2,2,-1,0,1,0,0,0,0,1,1,-1,2,1,22,5,-1,-1,-1,-1,1,E01010613,0,3
2025131553687,2025,131553687,1,9,0,-1,19,2,2,-1,0,1,0,0,0,0,1,1,-1,2,2,56,9,-1,-1,-1,-1,1,E01011620,0,1
2025131553738,2025,131553738,1,9,0,-1,5,8,8,-1,0,0,0,0,0,0,4,1,-1,2,2,41,7,-1,-1,-1,-1,5,E01011534,0,1
2025131553745,2025,131553745,1,9,0,-1,20,0,3,-1,9,0,0,0,0,0,1,1,-1,1,1,63,9,-1,-1,-1,-1,6,E01011651,0,2
2025131553767,2025,131553767,2,90,0,-1,9,5,1,-1,0,0,0,0,0,0,3,1,-1,1,1,31,6,-1,-1,-1,-1,9,E01011404,0,2
2025131553767,2025,131553767,1,3,0,-1,14,1,5,-1,0,0,0,0,0,0,1,1,-1,6,1,20,4,-1,-1,-1,-1,3,E01011304,0,2
2025131553775,2025,131553775,3,9,0,-1,19,5,1,-1,0,0,0,0,0,0,1,1,-1,1,-1,47,8,-1,-1,-1,-1,8,E01011573,0,1
2025131553775,2025,131553775,4,9,0,-1,19,5,1,-1,0,0,0,0,0,0,1,1,-1,1,1,33,6,-1,-1,-1,-1,3,E01028187,0,5
2025131553775,2025,131553775,1,9,0,-1,19,5,1,-1,0,0,0,0,0,0,2,2,-1,1,2,47,8,-1,-1,-1,-1,8,E01010574,0,2
2025131553775,2025,131553775,2,9,0,-1,19,5,1,-1,0,0,0,0,0,0,2,1,-1,1,2,34,6,-1,-1,-1,-1,7,E01010647,0,2
2025131553971,2025,131553971,1,98,0,-1,19,-1,-1,-1,0,1,-1,-1,-1,-1,1,1,-1,6,3,0,1,-1,-1,-1,-1,-1,-1,0,-1
2025131553971,2025,131553971,2,1,0,-1,19,4,6,-1,0,1,0,0,0,0,1,1,-1,6,1,25,5,-1,-1,-1,-1,1,E01011433,0,1
2025131554014,2025,131554014,1,9,0,-1,-1,-1,-1,-1,-1,0,-1,-1,-1,0,-1,1,-1,6,3,-1,-1,-1,-1,-1,-1,-1,-1,0,-1
2025131554027,2025,131554027,1,9,0,-1,19,1,1,-1,0,8,1,0,1,0,1,1,-1,6,1,29,6,-1,-1,-1,-1,3,E01010761,0,1
2025131554027,2025,131554027,2,9,0,-1,5,1,1,-1,0,8,0,0,0,0,4,1,-1,6,2,25,5,-1,-1,-1,-1,6,E01010636,0,2
2025131554053,2025,131554053,1,9,0,-1,19,5,1,-1,0,8,5,0,3,0,4,1,-1,1,1,55,8,-1,-1,-1,-1,1,E01010624,0,1
2025131554053,2025,131554053,2,9,0,-1,19,7,3,-1,0,8,0,0,0,0,1,1,-1,9,1,37,7,-1,-1,-1,-1,3,E01010602,0,1
2025131554068,2025,131554068,1,9,0,-1,11,5,1,-1,0,0,2,0,0,0,4,2,-1,9,2,30,6,-1,-1,-1,-1,2,E01005538,0,4
2025131554094,2025,131554094,3,9,0,-1,2,0,0,-1,0,0,0,0,0,0,3,1,-1,6,-1,-1,-1,-1,-1,-1,-1,-1,-1,0,-1
2025131554094,2025,131554094,1,9,0,-1,6,5,1,-1,0,0,0,0,0,0,4,1,-1,9,1,60,9,-1,-1,-1,-1,1,E01010723,0,1
2025131554094,2025,131554094,2,9,0,-1,19,1,5,-1,0,0,0,0,0,0,1,1,-1,8,-1,24,5,-1,-1,-1,-1,4,E01010708,0,1
2025131554175,2025,131554175,1,19,0,-1,7,3,1,-1,0,0,0,0,0,0,4,1,-1,1,1,56,9,-1,-1,-1,-1,7,E01010931,0,2
2025131554175,2025,131554175,2,1,0,-1,19,7,3,-1,0,0,0,0,0,0,1,1,-1,7,2,12,3,-1,-1,-1,-1,1,E01010826,0,1
2025131554319,2025,131554319,1,9,0,-1,4,6,2,-1,0,0,0,0,0,0,3,1,-1,9,2,77,11,-1,-1,-1,-1,1,E01010718,0,1
2025131554357,2025,131554357,1,9,0,-1,15,2,6,-1,0,1,0,0,0,0,4,1,-1,6,3,-1,-1,-1,-1,-1,-1,-1,-1,0,-1
2025131554357,2025,131554357,2,9,0,-1,9,2,8,-1,0,8,0,0,0,0,1,1,-1,9,2,30,6,-1,-1,-1,-1,7,E01011599,0,1
2025131554373,2025,131554373,1,9,0,-1,-1,-1,-1,-1,-1,0,-1,-1,-1,-1,-1,1,-1,6,3,-1,-1,-1,-1,-1,-1,-1,-1,0,-1
2025131554377,2025,131554377,1,20,0,-1,1,1,5,-1,0,0,0,0,0,0,2,1,-1,6,-1,-1,-1,-1,-1,-1,-1,-1,-1,0,-1
2025131554396,2025,131554396,1,9,0,-1,19,7,3,-1,0,0,0,0,0,0,1,1,-1,2,2,30,6,-1,-1,-1,-1,10,E01011411,0,2
2025131554400,2025,131554400,1,9,0,-1,19,3,7,-1,0,8,0,0,0,0,1,1,-1,6,2,42,7,-1,-1,-1,-1,3,E01033901,0,3
2025131554400,2025,131554400,3,9,0,-1,19,3,7,-1,0,8,0,0,0,0,2,1,-1,6,1,48,8,-1,-1,-1,-1,5,E01007669,0,4
2025131554400,2025,131554400,2,9,0,-1,19,3,7,-1,0,8,0,0,4,0,2,1,-1,9,1,33,6,-1,-1,-1,-1,4,E01012776,0,4
2025131554416,2025,131554416,1,9,0,-1,-1,-1,-1,-1,-1,-1,-1,-1,-1,-1,-1,1,-1,6,3,-1,-1,-1,-1,-1,-1,-1,-1,0,-1
2025131554455,2025,131554455,1,9,0,-1,7,1,7,-1,0,1,0,0,0,0,-1,1,-1,6,3,0,1,-1,-1,-1,-1,-1,-1,0,-1
2025131554455,2025,131554455,2,1,0,-1,19,5,5,-1,0,1,0,0,0,0,4,1,-1,6,1,14,3,-1,-1,-1,-1,1,E01011620,0,1
2025131554478,2025,131554478,1,9,0,-1,9,3,5,-1,0,2,0,0,0,0,1,1,-1,1,1,48,8,-1,-1,-1,-1,1,E01010737,0,1
2025131554494,2025,131554494,2,11,0,-1,2,2,6,-1,2,0,0,0,0,0,2,1,-1,1,1,53,8,-1,-1,-1,-1,7,E01011531,0,2
2025131554494,2025,131554494,1,9,0,-1,19,2,6,-1,0,0,0,0,0,0,4,1,-1,6,1,31,6,-1,-1,-1,-1,1,E01011429,0,1
2025131554530,2025,131554530,2,-1,0,-1,19,5,1,-1,9,8,1,0,0,0,4,1,-1,1,2,41,7,-1,-1,-1,-1,2,E01011313,1,1
2025131554530,2025,131554530,1,9,0,-1,19,-1,-1,-1,0,1,-1,-1,-1,-1,-1,1,-1,6,3,0,1,-1,-1,-1,-1,-1,-1,0,-1
2025131554591,2025,131554591,2,9,0,-1,9,2,6,-1,0,1,0,0,0,0,0,1,-1,9,1,48,8,-1,-1,-1,-1,1,E01010674,0,1
2025131554591,2025,131554591,1,9,0,-1,9,8,4,-1,0,1,0,0,0,0,1,1,-1,6,3,-1,-1,-1,-1,-1,-1,-1,-1,0,-1
2025131554616,2025,131554616,1,19,0,-1,12,3,7,-1,5,0,0,0,7,0,1,1,-1,1,1,36,7,-1,-1,-1,-1,1,E01010676,0,1
2025131554638,2025,131554638,2,9,0,-1,19,2,4,-1,0,1,0,0,0,0,1,1,-1,9,2,70,10,-1,-1,-1,-1,6,E01011308,0,1
2025131554638,2025,131554638,1,9,0,-1,9,5,2,-1,0,8,0,0,0,0,3,1,-1,9,2,62,9,-1,-1,-1,-1,9,E01027904,0,2
2025131554641,2025,131554641,2,9,0,-1,13,3,7,-1,0,0,1,7,0,0,0,1,-1,6,1,54,8,-1,-1,-1,-1,8,E01011930,0,2
2025131554641,2025,131554641,1,9,0,-1,-1,-1,-1,-1,-1,0,-1,-1,-1,-1,-1,1,-1,6,3,-1,-1,-1,-1,-1,-1,-1,-1,0,-1
2025131554691,2025,131554691,1,9,0,-1,9,-1,-1,-1,0,8,-1,-1,-1,-1,-1,1,-1,6,3,-1,-1,-1,-1,-1,-1,-1,-1,0,-1
2025131554705,2025,131554705,2,9,0,-1,19,7,3,-1,0,8,0,0,7,11,1,1,-1,9,2,45,7,-1,-1,-1,-1,7,E01010899,0,2
2025131554705,2025,131554705,1,9,0,-1,13,3,7,-1,0,8,0,0,0,0,1,1,-1,6,1,22,5,-1,-1,-1,-1,1,E01010667,0,2
2025131554705,2025,131554705,3,9,0,-1,19,3,7,-1,0,8,0,0,0,0,0,1,-1,1,1,54,8,-1,-1,-1,-1,6,E01010927,0,1
2025131554713,2025,131554713,2,9,0,-1,19,3,3,-1,0,0,0,0,0,0,1,1,-1,6,2,28,6,-1,-1,-1,-1,4,E01010750,0,1
2025131554713,2025,131554713,1,9,0,-1,6,3,7,-1,0,0,0,0,0,0,3,1,-1,6,1,28,6,-1,-1,-1,-1,3,E01010741,0,1
2025131554717,2025,131554717,1,98,0,-1,12,1,2,-1,9,3,0,0,3,0,4,1,-1,1,1,45,7,-1,-1,-1,-1,7,E01011512,0,1
2025131554740,2025,131554740,3,9,0,-1,19,5,5,-1,0,8,0,0,0,0,1,1,-1,1,1,49,8,-1,-1,-1,-1,1,E01010807,0,4
2025131554740,2025,131554740,1,9,0,-1,19,1,1,-1,0,8,0,0,0,0,1,1,-1,6,2,40,7,-1,-1,-1,-1,1,E01011864,0,3
2025131554740,2025,131554740,2,9,0,-1,19,5,5,-1,0,8,0,0,0,0,0,1,-1,1,2,26,6,-1,-1,-1,-1,8,E01011109,0,4
2025131554750,2025,131554750,1,9,0,-1,19,5,1,-1,0,0,2,0,1,10,1,1,-1,6,3,-1,-1,-1,-1,-1,-1,-1,-1,0,-1
2025131554761,2025,131554761,2,9,0,-1,19,6,2,-1,0,2,0,0,0,0,1,1,-1,6,1,24,5,-1,-1,-1,-1,1,E01010832,0,1
2025131554761,2025,131554761,1,9,0,-1,19,2,6,-1,0,2,0,0,0,0,1,1,-1,6,1,41,7,-1,-1,-1,-1,1,E01010777,0,1
2025131554784,2025,131554784,1,9,0,-1,19,1,5,-1,0,8,1,0,0,0,3,1,-1,6,1,39,7,-1,-1,-1,-1,3,E01035043,0,1
2025131554784,2025,131554784,2,9,0,-1,19,1,5,-1,0,8,0,0,0,0,1,1,-1,6,-1,0,1,-1,-1,-1,-1,-1,-1,0,-1
2025131554785,2025,131554785,1,9,0,-1,9,5,1,-1,0,1,0,0,0,0,1,1,-1,9,1,27,6,-1,-1,-1,-1,1,E01011282,0,3
2025131554785,2025,131554785,2,9,0,-1,19,1,5,-1,0,1,0,0,0,0,1,1,-1,9,1,39,7,-1,-1,-1,-1,9,E01010570,0,1
2025131554792,2025,131554792,1,9,0,-1,4,5,3,-1,0,2,0,0,0,0,1,1,-1,8,1,23,5,-1,-1,-1,-1,1,E01010730,0,2
2025131554827,2025,131554827,1,9,0,-1,4,5,1,-1,0,8,0,0,0,0,2,1,-1,9,1,32,6,-1,-1,-1,-1,6,E01027734,0,3
2025131554827,2025,131554827,2,9,0,-1,4,5,1,-1,0,8,0,0,0,0,-1,1,-1,6,3,0,1,-1,-1,-1,-1,-1,-1,0,-1
2025131554830,2025,131554830,1,9,0,-1,19,3,7,-1,0,1,0,0,0,0,1,1,-1,6,1,24,5,-1,-1,-1,-1,5,E01011124,0,2
2025131554830,2025,131554830,2,9,0,-1,19,3,7,-1,0,1,0,0,0,0,2,1,-1,6,2,60,9,-1,-1,-1,-1,2,E01011061,0,1
2025131554831,2025,131554831,2,9,0,-1,2,0,0,-1,0,0,0,0,0,0,3,1,-1,6,3,-1,-1,-1,-1,-1,-1,-1,-1,0,-1
2025131554831,2025,131554831,1,9,0,-1,19,1,5,-1,0,0,0,0,0,0,4,1,-1,6,3,-1,-1,-1,-1,-1,-1,-1,-1,0,-1
2025131554837,2025,131554837,2,9,0,-1,19,7,7,-1,0,3,0,0,0,0,4,1,-1,6,2,33,6,-1,-1,-1,-1,1,E01011434,0,3
2025131554837,2025,131554837,1,19,0,-1,5,1,5,-1,0,3,0,0,0,0,-1,1,-1,6,3,-1,-1,-1,-1,-1,-1,-1,-1,0,-1
2025131554847,2025,131554847,2,9,0,-1,4,1,1,-1,0,8,0,0,0,0,4,1,-1,1,3,22,5,-1,-1,-1,-1,1,E01011740,0,1
2025131554847,2025,131554847,1,19,0,-1,-1,-1,-1,-1,-1,8,-1,-1,-1,0,-1,1,-1,6,3,-1,-1,-1,-1,-1,-1,-1,-1,0,-1
2025131554902,2025,131554902,1,9,0,-1,19,7,3,-1,0,8,0,0,0,0,4,1,-1,6,3,-1,-1,-1,-1,-1,-1,-1,-1,0,-1
2025131554946,2025,131554946,1,9,0,-1,19,1,1,-1,0,0,0,0,0,0,4,1,-1,9,2,39,7,-1,-1,-1,-1,6,E01010927,0,1
2025131554987,2025,131554987,1,9,0,-1,19,7,3,-1,0,0,2,0,0,0,1,1,-1,9,1,17,4,-1,-1,-1,-1,9,E01011713,0,3
2025131554990,2025,131554990,2,9,0,-1,19,2,2,-1,0,1,0,0,0,0,1,2,-1,9,1,55,8,-1,-1,-1,-1,3,E01011647,0,1
2025131554990,2025,131554990,1,9,0,-1,19,5,5,-1,0,1,0,0,0,0,4,2,-1,9,1,28,6,-1,-1,-1,-1,3,E01011908,0,3
2025131555176,2025,131555176,2,9,0,-1,19,1,5,-1,0,1,0,0,0,0,1,1,-1,9,2,53,8,-1,-1,-1,-1,3,E01011260,0,1
2025131555176,2025,131555176,1,9,0,-1,9,7,1,-1,0,6,0,0,0,0,1,1,-1,1,1,34,6,-1,-1,-1,-1,3,E01011903,0,2
2025131555247,2025,131555247,1,9,0,-1,19,5,1,-1,0,0,0,0,0,0,1,1,-1,9,2,74,10,-1,-1,-1,-1,9,E01013431,0,4
2025131555247,2025,131555247,2,9,0,-1,4,5,1,-1,0,0,0,0,0,0,2,1,-1,9,1,38,7,-1,-1,-1,-1,5,E01007687,0,4
2025131555255,2025,131555255,2,3,0,-1,13,7,3,-1,0,8,1,0,0,0,4,1,-1,6,1,55,8,-1,-1,-1,-1,7,E01010879,0,2
2025131555255,2025,131555255,1,9,0,-1,7,1,7,-1,0,6,0,0,0,0,2,1,-1,6,3,34,6,-1,-1,-1,-1,4,E01010756,0,1
2025131555266,2025,131555266,2,9,0,-1,19,7,3,-1,0,8,0,0,0,0,1,1,-1,6,2,60,9,-1,-1,-1,-1,6,E01010686,0,1
2025131555266,2025,131555266,1,9,0,-1,9,1,5,-1,0,6,0,0,3,0,3,1,-1,6,2,33,6,-1,-1,-1,-1,8,E01010568,0,1
2025131555299,2025,131555299,1,9,0,-1,19,7,3,-1,0,0,0,0,0,0,1,1,-1,9,1,26,6,-1,-1,-1,-1,1,E01011294,0,1
2025131555372,2025,131555372,2,9,0,-1,19,3,7,-1,0,8,0,0,1,0,1,1,-1,6,2,36,7,-1,-1,-1,-1,1,E01011428,0,3
2025131555372,2025,131555372,1,9,0,-1,9,-1,-1,-1,0,1,0,0,0,0,-1,1,-1,6,1,53,8,-1,-1,-1,-1,4,E01011644,0,3
2025131555378,2025,131555378,1,21,0,-1,19,5,1,-1,0,0,0,0,0,0,1,1,-1,1,1,28,6,-1,-1,-1,-1,2,E01006826,0,4
2025131555378,2025,131555378,2,9,0,-1,19,5,1,-1,0,0,0,0,0,0,2,1,-1,6,2,39,7,-1,-1,-1,-1,3,E01011843,0,4
2025131555378,2025,131555378,3,21,0,-1,19,5,1,-1,0,0,0,0,0,0,2,2,-1,1,1,51,8,-1,-1,-1,-1,-1,-1,0,-1
2025131555386,2025,131555386,2,11,0,-1,19,5,1,-1,0,2,0,0,0,0,1,1,-1,1,1,54,8,-1,-1,-1,-1,2,E01011002,0,2
2025131555386,2025,131555386,1,9,0,-1,19,5,1,-1,0,2,0,0,0,0,2,1,-1,2,1,50,8,-1,-1,-1,-1,1,E01011001,0,2
2025131555550,2025,131555550,1,9,0,-1,19,3,7,-1,0,0,0,0,0,0,1,1,-1,9,2,35,6,-1,-1,-1,-1,1,E01010811,0,1
2025131555619,2025,131555619,1,98,0,-1,19,3,7,-1,0,4,0,0,0,0,4,1,-1,9,1,42,7,-1,-1,-1,-1,4,E01011613,0,1
2025131555650,2025,131555650,2,9,0,-1,2,0,0,-1,0,0,0,0,0,0,2,1,-1,6,-1,-1,-1,-1,-1,-1,-1,-1,-1,0,-1