collision_index,collision_year,collision_ref_no,vehicle_reference,vehicle_type,towing_and_articulation,vehicle_manoeuvre_historic,vehicle_manoeuvre,vehicle_direction_from,vehicle_direction_to,vehicle_location_restricted_lane_historic,vehicle_location_restricted_lane,junction_location,skidding_and_overturning,hit_object_in_carriageway,vehicle_leaving_carriageway,hit_object_off_carriageway,first_point_of_impact,vehicle_left_hand_drive,journey_purpose_of_driver_historic,journey_purpose_of_driver,sex_of_driver,age_of_driver,age_band_of_driver,engine_capacity_cc,propulsion_code,age_of_vehicle,generic_make_model,driver_imd_decile,lsoa_of_driver,escooter_flag,driver_distance_banding
2025131555650,2025,131555650,1,9,0,-1,19,3,7,-1,0,0,5,4,0,0,1,1,-1,6,2,53,8,-1,-1,-1,-1,2,E01011028,0,1
2025131555656,2025,131555656,1,9,0,-1,-1,-1,-1,-1,-1,-1,-1,-1,-1,-1,-1,1,-1,6,3,-1,-1,-1,-1,-1,-1,-1,-1,0,-1
2025131555664,2025,131555664,1,9,0,-1,19,5,1,-1,0,0,0,0,0,0,2,1,-1,9,1,56,9,-1,-1,-1,-1,3,E01010794,0,1
2025131555664,2025,131555664,2,9,0,-1,19,5,1,-1,0,0,0,0,0,0,1,1,-1,9,1,44,7,-1,-1,-1,-1,8,E01010790,0,1
2025131555686,2025,131555686,2,9,0,-1,2,0,0,-1,0,0,0,0,0,0,0,1,-1,6,3,-1,-1,-1,-1,-1,-1,-1,-1,0,-1
2025131555686,2025,131555686,1,9,0,-1,19,4,8,-1,0,0,0,0,0,0,3,1,-1,9,1,30,6,-1,-1,-1,-1,1,E01011432,0,1
2025131555699,2025,131555699,2,9,0,-1,9,1,7,-1,0,8,0,0,0,0,3,1,-1,9,1,68,10,-1,-1,-1,-1,1,E01010611,0,3
2025131555699,2025,131555699,1,9,0,-1,9,7,1,-1,0,8,0,0,0,0,1,1,-1,9,2,57,9,-1,-1,-1,-1,10,E01027700,0,3
2025131555699,2025,131555699,3,9,0,-1,19,7,3,-1,0,8,0,0,0,0,1,1,-1,9,1,34,6,-1,-1,-1,-1,7,E01010775,0,3
2025131555712,2025,131555712,2,9,0,-1,-1,-1,-1,-1,-1,0,-1,-1,-1,-1,-1,1,-1,6,3,-1,-1,-1,-1,-1,-1,-1,-1,0,-1
2025131555712,2025,131555712,1,9,0,-1,19,5,1,-1,0,0,0,0,1,0,4,1,-1,2,1,32,6,-1,-1,-1,-1,9,E01011567,0,1
2025131555752,2025,131555752,2,9,0,-1,13,4,8,-1,0,1,0,0,0,0,4,1,-1,6,-1,-1,-1,-1,-1,-1,-1,-1,-1,0,-1
2025131555752,2025,131555752,1,9,0,-1,9,4,8,-1,0,8,0,0,0,0,3,1,-1,9,1,49,8,-1,-1,-1,-1,1,E01010666,0,1
2025131555755,2025,131555755,1,9,0,-1,19,5,1,-1,0,8,0,0,0,0,1,1,-1,2,1,39,7,-1,-1,-1,-1,9,E01011306,0,1
2025131555777,2025,131555777,2,9,0,-1,2,1,1,-1,0,0,0,0,0,0,4,2,-1,6,-1,-1,-1,-1,-1,-1,-1,-1,-1,0,-1
2025131555777,2025,131555777,1,9,0,-1,2,4,4,-1,9,0,0,0,0,0,2,1,-1,6,-1,-1,-1,-1,-1,-1,-1,-1,-1,0,-1
2025131555784,2025,131555784,2,19,0,-1,5,5,5,-1,0,2,1,0,0,0,-1,1,-1,6,3,30,6,-1,-1,-1,-1,-1,-1,0,-1
2025131555784,2025,131555784,1,9,0,-1,5,4,5,-1,0,2,1,0,0,0,1,1,-1,9,2,31,6,-1,-1,-1,-1,8,E01011590,0,1
2025131555784,2025,131555784,4,9,0,-1,2,5,5,-1,0,2,0,0,0,0,2,1,-1,6,-1,-1,-1,-1,-1,-1,-1,-1,-1,0,-1
2025131555784,2025,131555784,3,98,0,-1,2,5,5,-1,0,2,0,0,0,0,1,1,-1,6,-1,-1,-1,-1,-1,-1,-1,-1,-1,0,-1
2025131555850,2025,131555850,1,98,0,-1,11,4,8,-1,0,0,0,0,0,0,4,1,-1,1,1,44,7,-1,-1,-1,-1,1,E01027952,0,4
2025131555850,2025,131555850,2,9,0,-1,19,4,8,-1,0,0,0,0,0,0,3,1,-1,2,2,27,6,-1,-1,-1,-1,10,E01007935,0,4
2025131555856,2025,131555856,1,9,0,-1,5,5,1,-1,0,0,0,0,0,0,1,1,-1,9,2,18,4,-1,-1,-1,-1,7,E01011176,0,2
2025131555899,2025,131555899,2,9,0,-1,7,5,1,-1,0,0,1,0,0,0,0,2,-1,1,2,25,5,-1,-1,-1,-1,1,E01011336,0,1
2025131555899,2025,131555899,1,9,0,-1,4,5,1,-1,0,0,0,0,0,0,2,2,-1,6,2,38,7,-1,-1,-1,-1,7,E01011051,0,2
2025131555899,2025,131555899,3,9,0,-1,4,5,1,-1,0,0,0,0,0,0,1,2,-1,2,1,52,8,-1,-1,-1,-1,10,E01011266,0,3
2025131555919,2025,131555919,1,9,0,-1,19,3,7,-1,0,0,0,0,0,0,1,1,-1,6,3,0,1,-1,-1,-1,-1,-1,-1,0,-1
2025131556037,2025,131556037,1,9,0,-1,19,4,8,-1,0,8,0,0,0,0,1,1,-1,9,2,87,11,-1,-1,-1,-1,5,E01011248,0,1
2025131556037,2025,131556037,2,9,0,-1,2,0,0,-1,0,8,0,0,0,0,1,1,-1,6,-1,-1,-1,-1,-1,-1,-1,-1,-1,0,-1
2025131556053,2025,131556053,1,9,0,-1,19,3,7,-1,0,0,0,0,0,0,1,1,-1,6,3,-1,-1,-1,-1,-1,-1,-1,-1,0,-1
2025131556053,2025,131556053,2,9,0,-1,3,3,7,-1,0,0,0,0,0,0,2,1,-1,9,2,55,8,-1,-1,-1,-1,8,E01011773,0,2
2025131556129,2025,131556129,1,9,0,-1,13,4,4,-1,0,0,1,0,0,0,2,1,-1,6,-1,23,5,-1,-1,-1,-1,-1,-1,0,-1
2025131556129,2025,131556129,3,9,0,-1,19,1,5,-1,0,0,0,0,0,0,0,1,-1,6,-1,23,5,-1,-1,-1,-1,-1,-1,0,-1
2025131556129,2025,131556129,2,9,0,-1,19,5,1,-1,0,0,1,0,0,0,1,1,-1,6,1,57,9,-1,-1,-1,-1,5,E01010939,0,1
2025131556139,2025,131556139,1,9,0,-1,5,5,5,-1,0,0,0,0,0,0,3,1,-1,6,1,68,10,-1,-1,-1,-1,2,E01011852,0,2
2025131556172,2025,131556172,1,9,0,-1,19,8,4,-1,0,0,0,0,0,0,3,1,-1,1,1,27,6,-1,-1,-1,-1,9,E01011302,0,3
2025131556172,2025,131556172,2,9,0,-1,5,6,2,-1,0,0,0,0,0,0,4,1,-1,2,1,50,8,-1,-1,-1,-1,4,E01007353,0,4
2025131556187,2025,131556187,2,9,0,-1,19,7,3,-1,0,2,0,0,0,0,4,1,-1,6,2,19,4,-1,-1,-1,-1,5,E01010685,0,3
2025131556187,2025,131556187,1,9,0,-1,7,7,3,-1,0,6,0,0,0,0,3,1,-1,6,2,83,11,-1,-1,-1,-1,9,E01011515,0,1
2025131556337,2025,131556337,1,9,0,-1,19,2,7,-1,0,8,0,0,0,0,3,1,-1,6,3,-1,-1,-1,-1,-1,-1,-1,-1,0,-1
2025131556337,2025,131556337,2,9,0,-1,7,2,5,-1,0,8,0,0,0,0,4,1,-1,9,2,34,6,-1,-1,-1,-1,6,E01011651,0,3
2025131556371,2025,131556371,2,9,0,-1,13,5,1,-1,0,1,0,0,0,0,1,1,-1,1,2,20,4,-1,-1,-1,-1,4,E01010890,0,1
2025131556371,2025,131556371,1,9,0,-1,13,5,1,-1,0,1,0,0,0,0,2,1,-1,6,2,75,10,-1,-1,-1,-1,7,E01010892,0,1
2025131556447,2025,131556447,1,98,0,-1,19,7,3,-1,0,0,0,0,0,0,1,1,-1,6,1,29,6,-1,-1,-1,-1,3,E01011257,0,1
2025131556447,2025,131556447,2,98,0,-1,9,5,7,-1,0,0,0,0,1,0,3,1,-1,2,1,40,7,-1,-1,-1,-1,1,E01013300,0,4
2025131556462,2025,131556462,1,9,0,-1,9,3,1,-1,0,5,0,0,0,0,1,1,-1,9,1,55,8,-1,-1,-1,-1,3,E01010834,0,1
2025131556467,2025,131556467,1,8,0,-1,5,1,5,-1,0,0,0,0,0,0,3,1,-1,1,1,46,8,-1,-1,-1,-1,1,E01011677,0,1
2025131556467,2025,131556467,2,1,0,-1,19,1,5,-1,0,0,0,0,0,0,4,1,-1,1,1,57,9,-1,-1,-1,-1,3,E01011691,0,1
2025131556529,2025,131556529,1,9,0,-1,-1,-1,-1,-1,-1,1,-1,-1,-1,-1,-1,1,-1,6,3,-1,-1,-1,-1,-1,-1,-1,-1,0,-1
2025131556535,2025,131556535,2,9,0,-1,19,1,5,-1,0,8,0,0,0,0,1,1,-1,9,2,32,6,-1,-1,-1,-1,4,E01011613,0,1
2025131556535,2025,131556535,1,9,0,-1,5,3,1,-1,0,6,0,0,0,0,3,1,-1,6,2,37,7,-1,-1,-1,-1,4,E01011613,0,1
2025131556552,2025,131556552,1,9,0,-1,19,7,3,-1,0,0,0,0,0,0,1,1,-1,9,1,67,10,-1,-1,-1,-1,2,E01015601,0,5
2025131556567,2025,131556567,1,9,0,-1,19,5,1,-1,0,0,0,0,0,0,1,1,-1,2,2,18,4,-1,-1,-1,-1,4,E01011218,0,1
2025131556567,2025,131556567,2,9,0,-1,19,1,5,-1,0,0,0,0,0,0,1,1,-1,2,1,57,9,-1,-1,-1,-1,1,E01008015,0,4
2025131556626,2025,131556626,1,9,0,-1,9,3,1,-1,0,1,0,0,0,0,3,1,-1,2,2,24,5,-1,-1,-1,-1,5,E01010578,0,3
2025131556626,2025,131556626,2,3,0,-1,19,3,7,-1,0,1,0,0,0,0,4,1,-1,2,1,18,4,-1,-1,-1,-1,2,E01010974,0,1
2025131556772,2025,131556772,3,9,0,-1,19,3,7,-1,0,0,0,0,0,0,1,1,-1,6,1,71,10,-1,-1,-1,-1,3,E01010602,0,1
2025131556772,2025,131556772,1,9,0,-1,19,7,3,-1,0,0,5,4,0,0,1,1,-1,9,1,74,10,-1,-1,-1,-1,6,E01011273,0,1
2025131556772,2025,131556772,2,9,0,-1,2,0,0,-1,0,0,0,0,1,11,2,1,-1,6,-1,-1,-1,-1,-1,-1,-1,-1,-1,0,-1
2025131556788,2025,131556788,1,9,0,-1,-1,-1,-1,-1,-1,0,-1,-1,-1,-1,-1,1,-1,6,3,-1,-1,-1,-1,-1,-1,-1,-1,0,-1
2025131556801,2025,131556801,1,9,0,-1,9,8,5,-1,-1,1,-1,-1,-1,-1,1,1,-1,6,3,-1,-1,-1,-1,-1,-1,-1,-1,0,-1
2025131556834,2025,131556834,1,9,0,-1,19,7,3,-1,0,8,0,0,0,0,3,1,-1,6,2,36,7,-1,-1,-1,-1,3,E01010794,0,1
2025131556834,2025,131556834,2,9,0,-1,19,1,5,-1,0,4,0,0,0,0,1,1,-1,2,1,29,6,-1,-1,-1,-1,1,E01010635,0,1
2025131556835,2025,131556835,2,9,0,-1,3,3,7,-1,0,2,0,0,1,0,2,1,-1,6,1,42,7,-1,-1,-1,-1,5,E01010754,0,2
2025131556835,2025,131556835,1,9,0,-1,19,3,7,-1,0,2,0,0,0,0,1,1,-1,6,3,0,1,-1,-1,-1,-1,-1,-1,0,-1
2025131556912,2025,131556912,2,9,0,-1,2,0,0,-1,0,2,0,0,0,0,1,1,-1,6,-1,-1,-1,-1,-1,-1,-1,-1,-1,0,-1
2025131556912,2025,131556912,1,9,0,-1,2,0,0,-1,0,2,0,0,0,0,1,1,-1,6,-1,-1,-1,-1,-1,-1,-1,-1,-1,0,-1
2025131556912,2025,131556912,4,9,0,-1,-1,-1,-1,-1,-1,2,-1,-1,-1,-1,-1,1,-1,6,3,-1,-1,-1,-1,-1,-1,-1,-1,0,-1
2025131556912,2025,131556912,3,9,0,-1,-1,-1,-1,-1,0,2,-1,-1,-1,-1,-1,1,-1,6,3,-1,-1,-1,-1,-1,-1,-1,-1,0,-1
2025131556937,2025,131556937,1,9,0,-1,19,2,6,-1,0,0,0,0,0,0,1,1,-1,1,2,44,7,-1,-1,-1,-1,3,E01032498,0,3
2025131556962,2025,131556962,1,9,0,-1,7,8,4,-1,0,1,0,0,7,0,1,1,-1,6,-1,-1,-1,-1,-1,-1,-1,-1,-1,0,-1
2025131556962,2025,131556962,2,9,0,-1,19,2,6,-1,0,1,0,0,0,0,2,1,-1,1,1,46,8,-1,-1,-1,-1,1,E01033035,0,1
2025131556966,2025,131556966,1,9,0,-1,19,8,8,-1,0,1,1,4,0,0,1,1,-1,6,1,22,5,-1,-1,-1,-1,7,E01010972,0,2
2025131556966,2025,131556966,2,9,0,-1,2,0,0,-1,0,1,0,4,0,0,1,1,-1,6,-1,-1,-1,-1,-1,-1,-1,-1,-1,0,-1
2025131556995,2025,131556995,1,9,0,-1,19,2,6,-1,0,1,0,0,0,0,1,1,-1,6,2,28,6,-1,-1,-1,-1,5,E01033010,0,1
2025131556995,2025,131556995,2,11,0,-1,19,6,2,-1,0,1,0,0,0,0,1,1,-1,1,1,39,7,-1,-1,-1,-1,1,E01011483,0,1
2025131557044,2025,131557044,2,9,0,-1,2,1,5,-1,0,0,0,0,0,0,1,1,-1,1,2,28,6,-1,-1,-1,-1,1,E01011293,0,4
2025131557044,2025,131557044,1,9,0,-1,19,1,5,-1,0,0,0,4,0,0,1,1,-1,9,1,30,6,-1,-1,-1,-1,9,E01011698,0,1
2025131557067,2025,131557067,1,1,0,-1,19,5,1,-1,0,8,0,0,0,0,1,1,-1,9,1,53,8,-1,-1,-1,-1,6,E01011885,0,3
2025131557067,2025,131557067,2,9,0,-1,5,7,3,-1,0,4,0,0,0,0,3,1,-1,6,1,66,10,-1,-1,-1,-1,2,E01011814,0,1
2025131557069,2025,131557069,1,23,0,-1,19,1,3,-1,0,0,0,0,0,0,0,1,-1,6,1,17,4,-1,-1,-1,-1,1,E01011657,0,1
2025131557081,2025,131557081,1,3,0,-1,19,7,3,-1,0,8,0,0,0,0,1,1,-1,9,1,19,4,-1,-1,-1,-1,1,E01011468,0,1
2025131557081,2025,131557081,2,9,0,-1,19,7,3,-1,0,8,0,0,0,0,2,1,-1,6,1,46,8,-1,-1,-1,-1,1,E01011660,0,2
2025131557094,2025,131557094,1,98,0,-1,-1,-1,-1,-1,-1,-1,-1,-1,-1,-1,-1,1,-1,6,3,-1,-1,-1,-1,-1,-1,-1,-1,0,-1
2025131557094,2025,131557094,2,23,0,-1,5,2,7,-1,0,1,0,0,0,0,1,1,-1,6,1,18,4,-1,-1,-1,-1,4,E01010890,0,1
2025131557115,2025,131557115,1,9,0,-1,19,4,2,-1,0,8,5,0,7,11,1,1,-1,6,1,63,9,-1,-1,-1,-1,4,E01010884,0,1
2025131557126,2025,131557126,2,9,0,-1,9,3,7,-1,0,1,0,0,0,0,2,1,-1,6,2,54,8,-1,-1,-1,-1,4,E01007587,0,3
2025131557126,2025,131557126,1,9,0,-1,19,3,7,-1,0,1,0,0,0,0,1,1,-1,6,1,83,11,-1,-1,-1,-1,7,E01011768,0,1
2025131557139,2025,131557139,1,11,0,-1,7,3,5,-1,0,5,0,0,0,0,4,1,-1,1,1,50,8,-1,-1,-1,-1,1,E01011337,0,1
2025131557192,2025,131557192,1,9,0,-1,9,6,2,-1,0,8,0,0,0,0,1,1,-1,2,1,41,7,-1,-1,-1,-1,3,E01033268,0,4
2025131557192,2025,131557192,2,9,0,-1,19,2,6,-1,0,8,0,0,0,0,3,1,-1,2,1,36,7,-1,-1,-1,-1,2,E01011079,0,1
2025131557208,2025,131557208,1,23,0,-1,19,1,3,-1,0,0,0,0,0,0,0,1,-1,6,1,17,4,-1,-1,-1,-1,1,E01011657,0,1
2025131557402,2025,131557402,2,9,0,-1,19,4,8,-1,0,1,0,0,0,0,2,1,-1,6,2,40,7,-1,-1,-1,-1,1,E01010618,0,1
2025131557402,2025,131557402,1,9,0,-1,19,3,7,-1,0,2,0,0,0,0,1,1,-1,6,-1,0,1,-1,-1,-1,-1,-1,-1,0,-1
2025131557410,2025,131557410,1,9,0,-1,19,5,1,-1,9,0,0,0,1,2,1,1,-1,6,1,28,6,-1,-1,-1,-1,1,E01011342,0,1
2025131557574,2025,131557574,1,98,0,-1,19,7,3,-1,0,4,0,0,0,0,4,1,-1,6,-1,49,8,-1,-1,-1,-1,2,E01011262,0,1
2025131557574,2025,131557574,2,98,0,-1,9,1,7,-1,0,4,0,0,0,0,1,1,-1,6,1,43,7,-1,-1,-1,-1,1,E01012867,0,4
2025131557699,2025,131557699,1,9,0,-1,5,3,7,-1,0,3,0,0,0,0,4,1,-1,6,2,52,8,-1,-1,-1,-1,3,E01033769,0,4
2025131557699,2025,131557699,2,9,0,-1,19,1,5,-1,0,1,0,0,0,0,4,1,-1,6,2,76,11,-1,-1,-1,-1,9,E01011146,0,3
2025131557716,2025,131557716,1,9,0,-1,19,1,5,-1,0,0,0,0,0,0,1,1,-1,6,1,61,9,-1,-1,-1,-1,5,E01011534,0,3
2025131557719,2025,131557719,1,9,0,-1,19,5,1,-1,0,8,0,0,0,0,3,1,-1,2,1,36,7,-1,-1,-1,-1,10,E01006237,0,4
2025131557722,2025,131557722,2,9,0,-1,19,5,1,-1,0,8,0,0,1,0,3,1,-1,6,2,67,10,-1,-1,-1,-1,8,E01011520,0,1
2025131557722,2025,131557722,3,9,0,-1,2,5,1,-1,9,8,0,0,0,0,1,1,-1,6,-1,-1,-1,-1,-1,-1,-1,-1,-1,0,-1
2025131557722,2025,131557722,1,9,0,-1,9,3,1,-1,0,6,0,0,1,0,1,1,-1,6,-1,77,11,-1,-1,-1,-1,3,E01011523,0,1
2025131557723,2025,131557723,1,9,0,-1,9,6,1,-1,0,2,0,0,0,0,1,1,-1,9,1,52,8,-1,-1,-1,-1,3,E01010987,0,1
2025131557778,2025,131557778,1,9,0,-1,19,1,5,-1,0,2,0,0,0,0,1,1,-1,9,1,33,6,-1,-1,-1,-1,1,E01011025,0,1
2025131557790,2025,131557790,2,9,0,-1,9,6,2,-1,0,6,0,0,0,0,3,1,-1,9,2,78,11,-1,-1,-1,-1,8,E01010645,0,1
2025131557790,2025,131557790,1,97,0,-1,19,4,8,-1,0,1,0,0,0,0,1,1,-1,9,1,62,9,-1,-1,-1,-1,10,E01027565,0,1
2025131557955,2025,131557955,1,9,0,-1,-1,-1,-1,-1,-1,0,-1,-1,-1,-1,-1,1,-1,6,3,-1,-1,-1,-1,-1,-1,-1,-1,0,-1
2025131557977,2025,131557977,1,9,0,-1,19,3,7,-1,0,0,0,0,0,0,1,1,-1,2,1,76,11,-1,-1,-1,-1,3,E01011245,0,3
2025131558014,2025,131558014,1,9,0,-1,2,7,3,-1,0,0,0,0,0,0,2,1,-1,6,1,0,1,-1,-1,-1,-1,-1,-1,0,-1
2025131558014,2025,131558014,3,9,0,-1,19,7,3,-1,0,0,0,0,0,0,1,1,-1,9,2,36,7,-1,-1,-1,-1,4,E01010756,0,1
2025131558014,2025,131558014,2,9,0,-1,19,7,3,-1,0,0,0,0,0,0,2,1,-1,9,1,22,5,-1,-1,-1,-1,4,E01010756,0,1
2025131558058,2025,131558058,2,19,0,-1,2,6,2,-1,0,0,0,4,0,0,2,1,-1,6,-1,-1,-1,-1,-1,-1,-1,-1,-1,0,-1
2025131558058,2025,131558058,1,9,0,-1,19,6,2,-1,0,0,0,0,1,0,1,1,-1,9,2,34,6,-1,-1,-1,-1,2,E01011321,0,1
2025131558058,2025,131558058,3,19,0,-1,2,6,2,-1,0,0,0,4,0,0,2,1,-1,6,-1,-1,-1,-1,-1,-1,-1,-1,-1,0,-1
2025131558106,2025,131558106,1,9,0,-1,-1,-1,-1,-1,-1,0,-1,-1,-1,0,-1,1,-1,6,3,-1,-1,-1,-1,-1,-1,-1,-1,0,-1
2025131558127,2025,131558127,1,9,0,-1,19,2,6,-1,0,0,0,0,0,0,1,1,-1,6,2,40,7,-1,-1,-1,-1,7,E01008786,0,5
2025131558127,2025,131558127,2,9,0,-1,19,2,6,-1,0,0,0,0,0,0,2,1,-1,6,1,25,5,-1,-1,-1,-1,2,-1,0,5
2025131558172,2025,131558172,1,90,0,-1,-1,-1,-1,-1,5,0,-1,-1,-1,-1,-1,1,-1,6,3,-1,-1,-1,-1,-1,-1,-1,-1,0,-1
2025131558181,2025,131558181,2,8,0,-1,19,1,5,-1,0,0,0,0,0,0,3,1,-1,1,1,42,7,-1,-1,-1,-1,3,E01010629,0,1
2025131558181,2025,131558181,1,9,0,-1,19,5,1,-1,0,0,0,0,0,0,1,1,-1,6,1,43,7,-1,-1,-1,-1,5,E01010581,0,1
2025131558185,2025,131558185,1,9,0,-1,5,6,6,-1,0,8,0,0,0,0,3,1,-1,6,2,42,7,-1,-1,-1,-1,1,E01011790,0,1
2025131558185,2025,131558185,2,9,0,-1,19,6,6,-1,0,8,0,0,0,0,4,1,-1,6,1,32,6,-1,-1,-1,-1,1,E01011792,0,1
2025131558188,2025,131558188,2,19,0,-1,19,5,1,-1,0,0,0,0,0,0,2,1,-1,1,2,37,7,-1,-1,-1,-1,5,E01011586,0,3
2025131558188,2025,131558188,1,9,0,-1,19,5,1,-1,0,0,0,0,0,0,1,1,-1,9,1,75,10,-1,-1,-1,-1,4,E01010878,0,1
2025131558188,2025,131558188,3,9,0,-1,19,5,1,-1,0,0,0,0,0,0,2,1,-1,6,1,29,6,-1,-1,-1,-1,3,E01011049,0,2
2025131558193,2025,131558193,1,9,0,-1,4,1,3,-1,0,0,0,0,0,0,1,1,-1,1,1,31,6,-1,-1,-1,-1,1,E01011917,0,2
2025131558238,2025,131558238,2,9,0,-1,9,7,5,-1,0,1,0,0,0,0,3,1,-1,6,2,50,8,-1,-1,-1,-1,9,E01011046,0,1
2025131558238,2025,131558238,1,9,0,-1,19,1,3,-1,0,1,0,0,0,0,3,1,-1,2,2,24,5,-1,-1,-1,-1,1,E01010964,0,2
2025131558269,2025,131558269,2,9,0,-1,19,1,5,-1,0,1,0,0,0,0,1,1,-1,2,1,53,8,-1,-1,-1,-1,1,E01007466,0,4
2025131558269,2025,131558269,1,9,0,-1,5,3,7,-1,0,8,0,0,0,0,4,1,-1,9,1,27,6,-1,-1,-1,-1,4,E01011921,0,1
2025131558269,2025,131558269,3,9,0,-1,10,7,3,-1,0,8,0,0,0,0,3,1,-1,2,2,29,6,-1,-1,-1,-1,7,E01011247,0,3
2025131558347,2025,131558347,2,9,0,-1,19,5,1,-1,0,0,0,0,0,0,1,1,-1,2,-1,40,7,-1,-1,-1,-1,4,E01007359,0,1
2025131558347,2025,131558347,1,9,0,-1,19,1,5,-1,0,0,1,0,0,0,1,1,-1,9,1,21,5,-1,-1,-1,-1,5,E01007361,0,1
2025131558479,2025,131558479,1,9,0,-1,19,1,5,-1,0,8,0,0,0,0,3,1,-1,9,2,39,7,-1,-1,-1,-1,4,E01011114,0,1
2025131558480,2025,131558480,2,9,0,-1,3,6,2,-1,0,0,0,0,0,0,2,1,-1,2,2,21,5,-1,-1,-1,-1,1,E01010666,0,2
2025131558480,2025,131558480,1,9,0,-1,-1,-1,-1,-1,-1,0,-1,-1,-1,0,-1,1,-1,6,3,-1,-1,-1,-1,-1,-1,-1,-1,0,-1
2025131558484,2025,131558484,1,98,0,-1,15,7,3,-1,0,0,0,0,0,0,4,1,-1,1,1,27,6,-1,-1,-1,-1,2,E01011726,0,1
2025131558504,2025,131558504,2,9,0,-1,19,4,8,-1,0,0,0,0,0,0,2,1,-1,6,3,-1,-1,-1,-1,-1,-1,-1,-1,0,-1
2025131558504,2025,131558504,1,9,0,-1,19,4,8,-1,0,0,0,0,0,0,1,1,-1,6,3,-1,-1,-1,-1,-1,-1,-1,-1,0,-1
2025131558519,2025,131558519,1,9,0,-1,11,1,1,-1,0,8,0,0,0,0,1,1,-1,6,2,22,5,-1,-1,-1,-1,2,E01011028,0,1
2025131558520,2025,131558520,1,11,0,-1,-1,-1,-1,-1,-1,0,-1,-1,-1,-1,-1,1,-1,6,3,-1,-1,-1,-1,-1,-1,-1,-1,0,-1
2025131558643,2025,131558643,1,9,0,-1,-1,-1,-1,-1,-1,8,-1,-1,-1,0,-1,1,-1,6,3,-1,-1,-1,-1,-1,-1,-1,-1,0,-1
2025131558674,2025,131558674,1,9,0,-1,2,5,3,-1,9,0,0,0,0,0,4,1,-1,9,1,18,4,-1,-1,-1,-1,5,E01011648,0,2
2025131558700,2025,131558700,2,9,0,-1,19,7,3,-1,0,0,0,0,0,0,2,1,-1,6,-1,22,5,-1,-1,-1,-1,1,E01011740,0,3
2025131558700,2025,131558700,4,23,0,-1,19,7,3,-1,0,0,0,0,0,0,2,1,-1,6,1,59,9,-1,-1,-1,-1,5,E01011392,0,3
2025131558700,2025,131558700,5,9,0,-1,19,7,3,-1,0,0,0,0,0,0,1,1,-1,6,1,19,4,-1,-1,-1,-1,5,E01011610,0,2
2025131558700,2025,131558700,3,9,0,-1,19,7,3,-1,0,0,0,0,0,0,1,1,-1,6,2,37,7,-1,-1,-1,-1,1,E01011363,0,1
2025131558700,2025,131558700,1,9,0,-1,-1,-1,-1,-1,-1,0,-1,-1,-1,-1,-1,1,-1,6,3,0,1,-1,-1,-1,-1,-1,-1,0,-1
2025131558781,2025,131558781,2,9,0,-1,19,7,2,-1,0,0,0,0,0,0,1,1,-1,9,1,34,6,-1,-1,-1,-1,5,E01027918,0,3
2025131558781,2025,131558781,1,9,0,-1,2,0,0,-1,0,0,0,0,1,0,2,1,-1,6,-1,-1,-1,-1,-1,-1,-1,-1,-1,0,-1
2025131558846,2025,131558846,1,9,0,-1,5,5,1,-1,0,0,0,0,0,0,1,1,-1,1,1,40,7,-1,-1,-1,-1,1,E01011811,0,1
2025131558866,2025,131558866,1,9,0,-1,19,8,4,-1,0,0,5,0,2,11,4,2,-1,9,1,19,4,-1,-1,-1,-1,5,E01010888,0,1
2025131558868,2025,131558868,1,9,0,-1,-1,-1,-1,-1,-1,-1,-1,-1,-1,-1,-1,1,-1,6,3,-1,-1,-1,-1,-1,-1,-1,-1,0,-1
2025131558868,2025,131558868,2,1,0,-1,19,7,3,-1,5,8,5,0,0,0,3,1,-1,1,1,33,6,-1,-1,-1,-1,9,E01013344,0,4
2025131559038,2025,131559038,1,9,0,-1,9,3,1,-1,0,0,0,0,0,0,3,1,-1,9,1,56,9,-1,-1,-1,-1,10,E01011173,0,3
2025131559038,2025,131559038,2,9,0,-1,19,1,5,-1,0,0,0,0,0,0,1,1,-1,9,1,19,4,-1,-1,-1,-1,5,E01010991,0,1
2025131559077,2025,131559077,1,19,0,-1,19,3,7,-1,0,1,0,0,0,0,1,1,-1,2,1,46,8,-1,-1,-1,-1,1,E01011560,0,1
2025131559077,2025,131559077,2,9,0,-1,4,3,7,-1,0,1,0,0,0,0,2,1,-1,6,1,66,10,-1,-1,-1,-1,1,E01011354,0,1
2025131559077,2025,131559077,3,9,0,-1,4,3,7,-1,0,1,0,0,0,0,2,1,-1,6,2,35,6,-1,-1,-1,-1,10,E01011563,0,2
2025131559101,2025,131559101,1,9,0,-1,7,1,5,-1,0,8,0,0,0,0,1,1,-1,9,2,35,6,-1,-1,-1,-1,10,E01010936,0,1
2025131559133,2025,131559133,1,19,0,-1,19,8,8,-1,0,0,0,0,0,0,3,1,-1,6,1,42,7,-1,-1,-1,-1,6,E01011636,0,3
2025131559137,2025,131559137,2,9,0,-1,3,5,1,-1,0,0,0,0,0,0,2,1,-1,2,2,25,5,-1,-1,-1,-1,5,E01007347,0,3
2025131559137,2025,131559137,1,9,0,-1,19,5,1,-1,0,0,0,0,0,0,1,1,-1,6,1,-1,-1,-1,-1,-1,-1,-1,-1,0,-1
2025131559153,2025,131559153,1,9,0,-1,2,5,1,-1,0,8,0,0,0,0,2,1,-1,6,-1,-1,-1,-1,-1,-1,-1,-1,-1,0,-1
2025131559167,2025,131559167,1,9,0,-1,-1,-1,-1,-1,-1,-1,-1,-1,-1,-1,-1,1,-1,6,3,-1,-1,-1,-1,-1,-1,-1,-1,0,-1
2025131559197,2025,131559197,1,9,0,-1,19,5,1,-1,0,0,0,0,0,0,1,1,-1,9,1,44,7,-1,-1,-1,-1,1,E01011623,0,1