collision_index,collision_year,collision_ref_no,vehicle_reference,vehicle_type,towing_and_articulation,vehicle_manoeuvre_historic,vehicle_manoeuvre,vehicle_direction_from,vehicle_direction_to,vehicle_location_restricted_lane_historic,vehicle_location_restricted_lane,junction_location,skidding_and_overturning,hit_object_in_carriageway,vehicle_leaving_carriageway,hit_object_off_carriageway,first_point_of_impact,vehicle_left_hand_drive,journey_purpose_of_driver_historic,journey_purpose_of_driver,sex_of_driver,age_of_driver,age_band_of_driver,engine_capacity_cc,propulsion_code,age_of_vehicle,generic_make_model,driver_imd_decile,lsoa_of_driver,escooter_flag,driver_distance_banding
2025131565642,2025,131565642,1,9,0,-1,9,7,3,-1,0,0,2,0,1,9,4,1,-1,9,1,40,7,-1,-1,-1,-1,2,E01011907,0,2
2025131565676,2025,131565676,1,9,0,-1,19,1,5,-1,0,0,0,4,0,0,1,1,-1,6,1,24,5,-1,-1,-1,-1,1,E01011434,0,1
2025131565676,2025,131565676,2,9,0,-1,19,1,5,-1,0,0,0,0,0,0,0,1,-1,1,1,34,6,-1,-1,-1,-1,6,E01011885,0,3
2025131565676,2025,131565676,3,9,0,-1,2,0,0,-1,0,0,0,0,0,0,2,1,-1,6,-1,-1,-1,-1,-1,-1,-1,-1,-1,0,-1
2025131565744,2025,131565744,1,9,0,-1,19,5,1,-1,0,8,0,0,-1,0,-1,1,-1,6,3,-1,-1,-1,-1,-1,-1,-1,-1,0,-1
2025131565805,2025,131565805,2,19,0,-1,19,2,6,-1,0,0,0,0,0,0,1,1,-1,1,1,28,6,-1,-1,-1,-1,9,E01025343,0,4
2025131565805,2025,131565805,1,9,0,-1,19,6,2,-1,0,0,0,0,7,0,1,1,-1,9,1,37,7,-1,-1,-1,-1,4,E01010664,0,2
2025131565827,2025,131565827,1,98,0,-1,-1,-1,-1,-1,-1,-1,-1,-1,-1,-1,-1,1,-1,6,3,-1,-1,-1,-1,-1,-1,-1,-1,0,-1
2025131565853,2025,131565853,2,9,0,-1,19,1,5,-1,0,0,0,0,0,0,1,1,-1,9,2,41,7,-1,-1,-1,-1,1,E01011730,0,1
2025131565853,2025,131565853,1,90,0,-1,5,5,1,-1,0,0,0,0,0,0,1,1,-1,9,1,26,6,-1,-1,-1,-1,1,E01010831,0,2
2025131565929,2025,131565929,1,9,0,-1,19,1,5,-1,0,0,0,0,0,0,3,1,-1,9,2,38,7,-1,-1,-1,-1,3,E01011175,0,2
2025131565957,2025,131565957,1,-1,0,-1,19,1,5,-1,0,0,2,0,0,0,0,1,-1,6,1,21,5,-1,-1,-1,-1,5,E01011400,1,1
2025131566000,2025,131566000,2,9,0,-1,19,5,5,-1,0,8,0,0,0,0,2,1,-1,9,2,45,7,-1,-1,-1,-1,3,E01011319,0,3
2025131566000,2025,131566000,1,9,0,-1,19,5,5,-1,0,8,0,0,0,0,1,1,-1,9,1,62,9,-1,-1,-1,-1,1,E01011081,0,1
2025131566000,2025,131566000,3,9,0,-1,19,5,5,-1,0,8,0,0,0,0,1,1,-1,9,2,56,9,-1,-1,-1,-1,5,E01011009,0,1
2025131566013,2025,131566013,1,9,0,-1,19,5,2,-1,0,0,0,10,1,10,3,2,-1,9,2,34,6,-1,-1,-1,-1,5,E01011352,0,1
2025131566062,2025,131566062,1,97,0,-1,9,3,1,-1,0,1,5,0,0,0,4,1,-1,6,1,47,8,-1,-1,-1,-1,1,E01011899,0,1
2025131566062,2025,131566062,2,9,0,-1,9,1,7,-1,0,8,0,0,0,0,1,1,-1,6,1,51,8,-1,-1,-1,-1,2,E01011018,0,2
2025131566072,2025,131566072,1,9,0,-1,19,1,3,-1,0,0,1,0,0,0,1,1,-1,6,1,18,4,-1,-1,-1,-1,1,E01011426,0,1
2025131566087,2025,131566087,1,9,0,-1,9,7,3,-1,0,0,0,0,0,0,1,1,-1,6,1,23,5,-1,-1,-1,-1,2,E01010749,0,1
2025131566092,2025,131566092,3,9,0,-1,2,0,0,-1,0,0,0,0,0,0,2,1,-1,6,-1,-1,-1,-1,-1,-1,-1,-1,-1,0,-1
2025131566092,2025,131566092,2,9,0,-1,2,0,0,-1,0,0,0,0,0,0,2,1,-1,6,-1,-1,-1,-1,-1,-1,-1,-1,-1,0,-1
2025131566092,2025,131566092,1,9,0,-1,19,8,8,-1,0,0,0,4,0,0,1,1,-1,1,1,45,7,-1,-1,-1,-1,1,E01010811,0,2
2025131566095,2025,131566095,2,9,0,-1,2,0,0,-1,0,2,0,0,0,0,3,1,-1,6,-1,-1,-1,-1,-1,-1,-1,-1,-1,0,-1
2025131566095,2025,131566095,1,9,0,-1,19,7,3,-1,0,1,0,4,7,3,4,1,-1,9,1,20,4,-1,-1,-1,-1,3,E01034585,0,1
2025131566159,2025,131566159,1,19,0,-1,19,6,2,-1,0,0,0,0,0,0,2,1,-1,9,1,51,8,-1,-1,-1,-1,7,E01007750,0,4
2025131566159,2025,131566159,2,9,0,-1,19,6,2,-1,0,0,0,0,0,0,1,1,-1,2,2,30,6,-1,-1,-1,-1,8,E01027891,0,3
2025131566166,2025,131566166,1,9,0,-1,7,6,2,-1,0,0,0,0,1,0,4,1,-1,2,1,29,6,-1,-1,-1,-1,7,E01011599,0,2
2025131566166,2025,131566166,2,9,0,-1,19,6,2,-1,0,0,0,0,0,0,3,1,-1,9,2,52,8,-1,-1,-1,-1,6,E01011521,0,1
2025131566204,2025,131566204,1,11,0,-1,19,2,6,-1,0,0,1,0,7,11,1,1,-1,1,1,77,11,-1,-1,-1,-1,2,E01010792,0,2
2025131566237,2025,131566237,2,9,0,-1,19,5,1,-1,0,0,0,0,0,0,4,1,-1,1,2,38,7,-1,-1,-1,-1,3,E01010761,0,1
2025131566237,2025,131566237,1,9,0,-1,12,5,1,-1,0,0,0,0,0,0,3,1,-1,7,2,53,8,-1,-1,-1,-1,1,E01010812,0,1
2025131566403,2025,131566403,1,9,0,-1,19,1,5,-1,0,0,0,0,1,0,1,1,-1,1,1,63,9,-1,-1,-1,-1,6,E01014865,0,5
2025131566403,2025,131566403,2,9,0,-1,2,0,0,-1,0,0,0,0,0,0,2,1,-1,6,-1,-1,-1,-1,-1,-1,-1,-1,-1,0,-1
2025131566406,2025,131566406,2,9,0,-1,19,5,1,-1,0,1,0,0,1,0,4,1,-1,9,2,60,9,-1,-1,-1,-1,3,E01007363,0,1
2025131566406,2025,131566406,1,9,0,-1,9,7,5,-1,0,2,0,0,0,0,4,1,-1,9,1,77,11,-1,-1,-1,-1,4,E01011634,0,3
2025131566408,2025,131566408,1,9,0,-1,9,6,3,-1,0,6,0,0,0,0,3,1,-1,6,1,34,6,-1,-1,-1,-1,2,E01011912,0,1
2025131566408,2025,131566408,2,9,0,-1,19,7,7,-1,0,1,0,0,0,0,4,1,-1,6,1,27,6,-1,-1,-1,-1,7,E01011889,0,1
2025131566412,2025,131566412,2,9,0,-1,19,7,3,-1,0,1,0,0,0,0,1,1,-1,9,1,18,4,-1,-1,-1,-1,1,E01010722,0,1
2025131566412,2025,131566412,1,9,0,-1,5,5,1,-1,0,6,0,0,0,0,1,1,-1,9,2,20,4,-1,-1,-1,-1,6,E01027560,0,2
2025131566412,2025,131566412,3,10,0,-1,2,3,7,-1,9,1,0,0,0,0,0,1,-1,6,-1,-1,-1,-1,-1,-1,-1,-1,-1,0,-1
2025131566413,2025,131566413,1,9,0,-1,-1,-1,-1,-1,-1,8,-1,-1,-1,0,1,1,-1,6,3,-1,-1,-1,-1,-1,-1,-1,-1,0,-1
2025131566424,2025,131566424,1,9,0,-1,1,5,1,-1,0,0,0,0,0,0,3,1,-1,9,2,43,7,-1,-1,-1,-1,2,E01011379,0,1
2025131566436,2025,131566436,1,9,0,-1,-1,-1,-1,-1,-1,-1,-1,-1,-1,0,-1,1,-1,6,3,-1,-1,-1,-1,-1,-1,-1,-1,0,-1
2025131566450,2025,131566450,1,3,0,-1,19,4,8,-1,0,0,0,0,1,0,4,1,-1,6,1,29,6,-1,-1,-1,-1,1,E01024909,0,4
2025131566453,2025,131566453,1,9,0,-1,19,1,1,-1,0,0,0,0,0,0,1,1,-1,1,1,37,7,-1,-1,-1,-1,1,E01010611,0,1
2025131566458,2025,131566458,2,1,0,-1,15,7,7,-1,0,1,5,0,0,0,1,1,-1,2,1,37,7,-1,-1,-1,-1,9,E01011685,0,1
2025131566458,2025,131566458,1,19,0,-1,7,7,5,-1,0,5,0,0,1,0,4,1,-1,9,1,64,9,-1,-1,-1,-1,4,E01024134,0,5
2025131566483,2025,131566483,1,9,0,-1,19,7,3,-1,0,0,0,0,0,0,1,1,-1,9,1,38,7,-1,-1,-1,-1,1,E01035199,0,4
2025131566498,2025,131566498,2,9,0,-1,5,7,5,-1,0,0,0,0,0,0,3,2,-1,9,2,24,5,-1,-1,-1,-1,1,E01010841,0,1
2025131566498,2025,131566498,1,9,0,-1,19,1,5,-1,0,0,0,0,0,0,3,2,-1,2,1,32,6,-1,-1,-1,-1,8,E01011857,0,4
2025131566547,2025,131566547,2,9,0,-1,19,3,7,-1,0,8,0,0,0,0,3,1,-1,1,1,51,8,-1,-1,-1,-1,1,E01011360,0,1
2025131566547,2025,131566547,1,9,0,-1,5,1,5,-1,0,8,0,0,0,0,1,1,-1,6,1,59,9,-1,-1,-1,-1,1,E01011340,0,1
2025131566625,2025,131566625,1,9,0,-1,19,7,3,-1,0,8,0,0,0,0,1,1,-1,9,1,84,11,-1,-1,-1,-1,4,E01011206,0,1
2025131566625,2025,131566625,2,9,0,-1,3,7,3,-1,0,8,0,0,0,0,2,1,-1,2,2,36,7,-1,-1,-1,-1,7,E01011152,0,1
2025131566625,2025,131566625,3,9,0,-1,3,7,3,-1,0,8,0,0,0,0,2,1,-1,9,2,72,10,-1,-1,-1,-1,8,E01011211,0,1
2025131566790,2025,131566790,1,19,0,-1,1,-1,-1,-1,-1,8,0,0,0,0,2,1,-1,6,3,18,4,-1,-1,-1,-1,-1,-1,0,-1
2025131566790,2025,131566790,2,9,0,-1,10,5,3,-1,0,8,0,0,0,0,4,1,-1,2,1,45,7,-1,-1,-1,-1,1,E01011332,0,3
2025131566803,2025,131566803,1,19,0,-1,19,6,2,-1,0,0,0,0,0,0,1,1,-1,6,3,-1,-1,-1,-1,-1,-1,-1,-1,0,-1
2025131566803,2025,131566803,2,19,0,-1,19,6,2,-1,0,0,0,0,0,0,0,1,-1,1,1,52,8,-1,-1,-1,-1,3,E01010675,0,1
2025131566819,2025,131566819,1,9,0,-1,19,1,1,-1,0,0,0,0,0,0,1,1,-1,9,1,33,6,-1,-1,-1,-1,1,E01010964,0,3
2025131566819,2025,131566819,2,9,0,-1,19,1,1,-1,0,0,0,0,0,0,2,1,-1,9,1,73,10,-1,-1,-1,-1,7,E01010590,0,1
2025131566835,2025,131566835,1,9,0,-1,-1,-1,-1,-1,-1,0,-1,-1,-1,-1,-1,1,-1,6,3,-1,-1,-1,-1,-1,-1,-1,-1,0,-1
2025131566835,2025,131566835,2,9,0,-1,5,1,1,-1,0,0,0,0,0,0,2,1,-1,2,2,41,7,-1,-1,-1,-1,6,E01011885,0,1
2025131566842,2025,131566842,2,9,0,-1,5,1,1,-1,0,0,0,0,0,0,2,1,-1,2,2,41,7,-1,-1,-1,-1,6,E01011885,0,1
2025131566842,2025,131566842,1,9,0,-1,-1,-1,-1,-1,-1,0,-1,-1,-1,-1,-1,1,-1,6,3,-1,-1,-1,-1,-1,-1,-1,-1,0,-1
2025131566898,2025,131566898,2,9,0,-1,19,1,5,-1,0,1,0,0,0,0,1,1,-1,9,2,30,6,-1,-1,-1,-1,2,E01011854,0,1
2025131566898,2025,131566898,1,9,0,-1,9,5,3,-1,0,8,0,0,0,0,1,1,-1,9,1,26,6,-1,-1,-1,-1,1,E01011869,0,2
2025131566919,2025,131566919,2,9,0,-1,2,0,0,-1,0,0,0,0,0,0,2,1,-1,6,-1,-1,-1,-1,-1,-1,-1,-1,-1,0,-1
2025131566919,2025,131566919,1,9,0,-1,19,5,1,-1,0,0,0,0,0,0,1,1,-1,9,1,39,7,-1,-1,-1,-1,1,E01011360,0,1
2025131566945,2025,131566945,1,9,0,-1,5,5,1,-1,0,0,0,0,0,0,1,1,-1,6,1,49,8,-1,-1,-1,-1,7,E01012476,0,4
2025131566945,2025,131566945,2,9,0,-1,19,1,5,-1,0,0,0,0,0,0,1,1,-1,2,1,27,6,-1,-1,-1,-1,7,E01027684,0,2
2025131566950,2025,131566950,2,9,0,-1,19,6,2,-1,0,1,0,0,0,0,1,1,-1,9,1,78,11,-1,-1,-1,-1,8,E01011203,0,1
2025131566950,2025,131566950,1,9,0,-1,19,3,7,-1,0,1,0,0,0,0,4,1,-1,9,1,19,4,-1,-1,-1,-1,6,E01011074,0,2
2025131567073,2025,131567073,1,9,0,-1,19,1,5,-1,0,0,0,0,0,0,-1,1,-1,6,3,-1,-1,-1,-1,-1,-1,-1,-1,0,-1
2025131567147,2025,131567147,1,9,0,-1,19,-1,-1,-1,0,1,-1,-1,-1,-1,-1,1,-1,6,1,-1,-1,-1,-1,-1,-1,-1,-1,0,-1
2025131567151,2025,131567151,1,9,0,-1,19,3,7,-1,0,1,0,0,0,0,1,1,-1,6,2,35,6,-1,-1,-1,-1,6,E01027560,0,3
2025131567151,2025,131567151,2,9,0,-1,3,3,7,-1,0,1,0,0,0,0,2,1,-1,6,1,61,9,-1,-1,-1,-1,5,E01010689,0,1
2025131567250,2025,131567250,1,9,0,-1,-1,-1,-1,-1,-1,0,-1,-1,-1,-1,-1,1,-1,6,3,-1,-1,-1,-1,-1,-1,-1,-1,0,-1
2025131567293,2025,131567293,1,9,0,-1,12,8,4,-1,0,8,0,0,0,0,1,1,-1,9,2,28,6,-1,-1,-1,-1,7,E01010760,0,2
2025131567331,2025,131567331,1,1,0,-1,11,7,3,-1,0,1,0,0,0,0,3,1,-1,9,1,64,9,-1,-1,-1,-1,3,E01011806,0,3
2025131567331,2025,131567331,2,1,0,-1,19,7,3,-1,0,1,0,0,0,0,3,1,-1,9,1,63,9,-1,-1,-1,-1,4,E01011777,0,2
2025131567337,2025,131567337,1,1,0,-1,5,3,7,-1,4,7,0,0,0,0,1,1,-1,9,1,11,3,-1,-1,-1,-1,1,E01011324,0,1
2025131567337,2025,131567337,2,19,4,-1,7,5,1,-1,0,3,0,0,0,0,2,1,-1,1,1,43,7,-1,-1,-1,-1,3,E01007449,0,4
2025131567398,2025,131567398,1,9,0,-1,-1,-1,-1,-1,-1,0,-1,-1,-1,-1,-1,1,-1,6,3,0,1,-1,-1,-1,-1,-1,-1,0,-1
2025131567410,2025,131567410,2,9,0,-1,19,1,5,-1,0,0,0,0,0,0,3,1,-1,1,1,43,7,-1,-1,-1,-1,1,E01010624,0,2
2025131567410,2025,131567410,1,9,0,-1,19,5,1,-1,0,0,0,0,0,0,1,1,-1,9,1,89,11,-1,-1,-1,-1,3,E01011267,0,1
2025131567417,2025,131567417,2,19,0,-1,9,3,3,-1,0,1,0,9,0,0,4,1,-1,1,1,28,6,-1,-1,-1,-1,10,E01011696,0,4
2025131567417,2025,131567417,1,9,0,-1,15,3,4,-1,0,1,0,0,0,0,3,1,-1,1,1,47,8,-1,-1,-1,-1,3,E01011944,0,3
2025131567435,2025,131567435,2,9,0,-1,19,3,7,-1,0,2,0,0,0,0,1,1,-1,6,1,20,4,-1,-1,-1,-1,9,E01011508,0,1
2025131567435,2025,131567435,1,9,0,-1,5,7,3,-1,0,6,0,0,0,0,1,1,-1,6,2,19,4,-1,-1,-1,-1,7,E01011413,0,2
2025131567731,2025,131567731,2,9,0,-1,9,7,5,-1,0,8,0,0,0,0,3,1,-1,2,1,55,8,-1,-1,-1,-1,1,E01011372,0,1
2025131567731,2025,131567731,1,9,0,-1,19,7,3,-1,0,8,0,0,0,0,1,1,-1,2,2,50,8,-1,-1,-1,-1,1,E01011466,0,1
2025131567748,2025,131567748,1,9,0,-1,19,7,3,-1,0,1,0,0,0,0,0,1,-1,6,2,56,9,-1,-1,-1,-1,2,E01011582,0,1
2025131567825,2025,131567825,2,1,0,-1,19,1,5,-1,0,8,2,0,0,0,1,1,-1,2,2,57,9,-1,-1,-1,-1,1,E01011667,0,1
2025131567825,2025,131567825,1,9,0,-1,7,5,7,-1,0,8,0,0,0,0,1,1,-1,9,1,85,11,-1,-1,-1,-1,1,E01011661,0,1
2025131567844,2025,131567844,1,9,0,-1,19,1,5,-1,0,8,0,0,0,0,1,1,-1,9,1,25,5,-1,-1,-1,-1,1,E01010841,0,2
2025131567844,2025,131567844,2,9,0,-1,19,7,3,-1,0,8,0,0,0,0,1,1,-1,9,1,31,6,-1,-1,-1,-1,8,E01011520,0,1
2025131567879,2025,131567879,2,90,0,-1,2,1,1,-1,9,8,0,0,0,0,2,1,-1,6,-1,-1,-1,-1,-1,-1,-1,-1,-1,0,-1
2025131567879,2025,131567879,1,19,0,-1,19,1,1,-1,0,8,0,0,0,0,1,1,-1,9,1,46,8,-1,-1,-1,-1,5,E01011026,0,3
2025131567932,2025,131567932,1,9,0,-1,11,7,3,-1,0,0,0,0,7,0,1,1,-1,6,1,26,6,-1,-1,-1,-1,2,E01007878,0,4
2025131567997,2025,131567997,2,9,0,-1,19,6,1,-1,1,0,0,0,0,0,2,1,-1,9,1,56,9,-1,-1,-1,-1,2,E01005238,0,4
2025131567997,2025,131567997,3,9,0,-1,19,5,1,-1,0,0,0,0,0,0,2,1,-1,6,2,50,8,-1,-1,-1,-1,3,E01011519,0,2
2025131567997,2025,131567997,1,9,0,-1,19,5,1,-1,0,0,0,0,0,0,1,1,-1,9,2,44,7,-1,-1,-1,-1,3,E01025011,0,4
2025131568018,2025,131568018,2,9,0,-1,19,1,5,-1,0,8,0,0,0,0,1,1,-1,9,1,59,9,-1,-1,-1,-1,3,E01011267,0,4
2025131568018,2025,131568018,3,9,0,-1,19,1,5,-1,0,1,0,0,0,0,1,1,-1,9,2,29,6,-1,-1,-1,-1,4,E01011823,0,1
2025131568018,2025,131568018,1,9,0,-1,13,1,5,-1,0,8,0,0,0,0,1,1,-1,9,1,28,6,-1,-1,-1,-1,1,E01011764,0,3
2025131568019,2025,131568019,1,9,0,-1,9,5,1,-1,0,2,0,0,0,0,1,1,-1,6,2,35,6,-1,-1,-1,-1,1,E01011373,0,1
2025131568040,2025,131568040,1,9,0,-1,19,1,5,-1,0,8,0,0,0,0,4,1,-1,9,2,57,9,-1,-1,-1,-1,7,E01011825,0,4
2025131568040,2025,131568040,2,20,0,-1,19,3,7,-1,0,1,0,0,0,0,1,1,-1,1,1,32,6,-1,-1,-1,-1,1,E01010625,0,1
2025131568068,2025,131568068,1,9,0,-1,10,7,5,-1,0,6,0,0,0,0,1,1,-1,1,2,59,9,-1,-1,-1,-1,10,E01011213,0,1
2025131568092,2025,131568092,4,9,0,-1,19,1,5,-1,0,0,0,0,0,0,1,1,-1,9,1,71,10,-1,-1,-1,-1,8,-1,0,5
2025131568092,2025,131568092,1,9,0,-1,19,1,5,-1,0,0,1,0,0,0,1,1,-1,9,2,18,4,-1,-1,-1,-1,10,E01027683,0,2
2025131568092,2025,131568092,3,9,0,-1,19,1,5,-1,0,0,0,0,0,0,2,1,-1,9,1,37,7,-1,-1,-1,-1,2,E01013611,0,5
2025131568092,2025,131568092,2,21,0,-1,19,1,5,-1,0,0,0,0,0,0,3,1,-1,1,1,54,8,-1,-1,-1,-1,6,E01011305,0,3
2025131568127,2025,131568127,1,9,0,-1,19,5,1,-1,0,0,0,0,0,0,1,1,-1,9,1,85,11,-1,-1,-1,-1,2,E01011912,0,4
2025131568140,2025,131568140,2,9,0,-1,9,3,7,-1,0,0,0,0,0,0,3,1,-1,9,1,32,6,-1,-1,-1,-1,8,E01011716,0,3
2025131568140,2025,131568140,1,9,0,-1,19,1,5,-1,0,0,0,0,0,0,1,1,-1,9,1,24,5,-1,-1,-1,-1,6,E01011646,0,3
2025131568143,2025,131568143,1,9,0,-1,7,3,7,-1,0,8,0,0,0,0,1,1,-1,9,2,18,4,-1,-1,-1,-1,4,E01025200,0,3
2025131568165,2025,131568165,2,9,0,-1,19,5,1,-1,0,0,0,0,0,0,3,2,-1,6,2,40,7,-1,-1,-1,-1,7,E01010672,0,1
2025131568165,2025,131568165,1,19,0,-1,19,1,5,-1,0,0,1,0,0,0,1,1,-1,1,1,24,5,-1,-1,-1,-1,1,E01010723,0,1
2025131568210,2025,131568210,2,9,0,-1,19,1,2,-1,0,8,0,0,0,0,1,1,-1,6,-1,25,5,-1,-1,-1,-1,1,E01011106,0,1
2025131568210,2025,131568210,1,9,0,-1,5,1,5,-1,0,8,0,0,0,0,3,1,-1,9,2,74,10,-1,-1,-1,-1,2,E01011103,0,1
2025131568250,2025,131568250,1,9,0,-1,2,0,0,-1,0,0,0,0,0,0,2,1,-1,6,-1,-1,-1,-1,-1,-1,-1,-1,-1,0,-1
2025131568279,2025,131568279,1,11,0,-1,19,3,3,-1,0,0,0,0,1,0,1,1,-1,1,1,46,8,-1,-1,-1,-1,1,E01010737,0,3
2025131568292,2025,131568292,2,1,0,-1,19,5,1,-1,0,1,0,0,0,0,1,1,-1,6,-1,-1,-1,-1,-1,-1,-1,-1,-1,0,-1
2025131568292,2025,131568292,1,9,0,-1,7,5,1,-1,0,1,0,0,0,0,4,1,-1,1,1,46,8,-1,-1,-1,-1,1,E01011431,0,1
2025131568296,2025,131568296,2,9,0,-1,7,1,3,-1,0,2,0,0,0,0,2,1,-1,6,1,42,7,-1,-1,-1,-1,3,E01010834,0,1
2025131568296,2025,131568296,1,9,0,-1,-1,-1,-1,-1,-1,-1,-1,-1,-1,-1,-1,1,-1,6,3,-1,-1,-1,-1,-1,-1,-1,-1,0,-1
2025131568299,2025,131568299,4,9,0,-1,2,0,0,-1,0,0,0,0,0,0,0,1,-1,6,-1,-1,-1,-1,-1,-1,-1,-1,-1,0,-1
2025131568299,2025,131568299,5,9,0,-1,2,0,0,-1,0,0,0,0,0,0,0,1,-1,6,-1,-1,-1,-1,-1,-1,-1,-1,-1,0,-1
2025131568299,2025,131568299,1,9,0,-1,19,3,7,-1,0,0,0,0,1,0,4,1,-1,6,1,49,8,-1,-1,-1,-1,6,E01010918,0,2
2025131568299,2025,131568299,2,9,0,-1,2,0,0,-1,0,0,0,0,0,0,2,1,-1,6,-1,-1,-1,-1,-1,-1,-1,-1,-1,0,-1
2025131568299,2025,131568299,3,9,0,-1,2,0,0,-1,0,0,0,0,0,0,2,1,-1,6,-1,-1,-1,-1,-1,-1,-1,-1,-1,0,-1
2025131568328,2025,131568328,1,98,0,-1,-1,-1,-1,-1,-1,0,-1,-1,-1,-1,-1,1,-1,6,3,-1,-1,-1,-1,-1,-1,-1,-1,0,-1
2025131568328,2025,131568328,2,1,0,-1,19,5,1,-1,4,0,5,0,0,0,1,1,-1,6,2,29,6,-1,-1,-1,-1,1,E01032500,0,1
2025131568336,2025,131568336,2,90,0,-1,-1,-1,-1,-1,-1,3,-1,-1,-1,-1,-1,1,-1,6,3,1,1,-1,-1,-1,-1,-1,-1,0,-1
2025131568336,2025,131568336,1,1,0,-1,19,1,5,-1,9,1,0,0,8,0,2,1,-1,9,1,14,3,-1,-1,-1,-1,6,E01010927,0,1
2025131568358,2025,131568358,3,9,0,-1,2,0,0,-1,0,8,0,0,0,0,0,1,-1,9,1,33,6,-1,-1,-1,-1,6,E01022489,0,5
2025131568358,2025,131568358,2,3,0,-1,19,7,3,-1,0,8,2,0,0,0,1,1,-1,9,1,32,6,-1,-1,-1,-1,1,E01011838,0,1
2025131568358,2025,131568358,1,9,0,-1,6,3,7,-1,0,8,0,0,0,0,4,1,-1,9,2,32,6,-1,-1,-1,-1,1,E01011745,0,2
2025131568371,2025,131568371,2,1,0,-1,19,1,1,-1,0,1,0,0,0,0,1,1,-1,1,1,62,9,-1,-1,-1,-1,2,E01032608,0,1
2025131568371,2025,131568371,1,9,0,-1,9,7,2,-1,0,1,0,0,0,0,4,1,-1,2,2,24,5,-1,-1,-1,-1,1,E01032500,0,1
2025131568382,2025,131568382,1,9,0,-1,19,5,1,-1,0,8,0,0,0,0,3,1,-1,1,2,40,7,-1,-1,-1,-1,7,E01011889,0,1
2025131568388,2025,131568388,1,9,0,-1,19,7,3,-1,0,0,5,0,0,0,1,1,-1,9,2,17,4,-1,-1,-1,-1,7,E01011719,0,1
2025131568405,2025,131568405,2,9,0,-1,19,3,7,-1,0,1,0,0,0,0,0,1,-1,1,1,33,6,-1,-1,-1,-1,1,E01010614,0,2
2025131568405,2025,131568405,1,9,0,-1,19,3,7,-1,0,1,0,0,3,11,1,1,-1,9,1,32,6,-1,-1,-1,-1,1,E01010736,0,1
2025131568407,2025,131568407,2,9,0,-1,19,2,6,-1,0,1,0,0,0,0,-1,1,-1,6,3,-1,-1,-1,-1,-1,-1,-1,-1,0,-1
2025131568407,2025,131568407,3,9,0,-1,2,0,0,-1,0,2,0,0,0,0,2,1,-1,6,-1,-1,-1,-1,-1,-1,-1,-1,-1,0,-1
2025131568407,2025,131568407,1,9,0,-1,20,6,2,-1,0,1,0,0,7,0,1,1,-1,2,1,24,5,-1,-1,-1,-1,1,E01010735,0,1
2025131568507,2025,131568507,1,9,0,-1,7,3,7,-1,1,1,0,0,0,0,2,1,-1,6,1,42,7,-1,-1,-1,-1,1,E01010663,0,1
2025131568507,2025,131568507,2,9,0,-1,4,3,7,-1,0,1,0,0,0,0,2,1,-1,2,1,47,8,-1,-1,-1,-1,5,E01010668,0,1
2025131568507,2025,131568507,3,9,0,-1,19,3,7,-1,0,1,0,0,0,0,1,1,-1,6,1,21,5,-1,-1,-1,-1,1,E01033697,0,1
2025131568548,2025,131568548,1,8,0,-1,-1,-1,-1,-1,-1,-1,-1,-1,-1,-1,-1,1,-1,6,3,-1,-1,-1,-1,-1,-1,-1,-1,0,-1
2025131568605,2025,131568605,1,1,0,-1,-1,-1,-1,-1,-1,0,-1,-1,-1,0,-1,1,-1,6,3,-1,-1,-1,-1,-1,-1,-1,-1,0,-1
2025131568606,2025,131568606,2,1,0,-1,19,1,5,-1,4,8,0,0,0,0,3,1,-1,6,-1,-1,-1,-1,-1,-1,-1,-1,-1,0,-1
2025131568606,2025,131568606,1,20,0,-1,19,7,3,-1,0,1,0,0,0,0,1,1,-1,1,1,40,7,-1,-1,-1,-1,3,E01010794,0,1
2025131568621,2025,131568621,1,9,0,-1,19,3,7,-1,-1,0,0,0,0,0,1,1,-1,6,1,20,4,-1,-1,-1,-1,2,E01011040,0,1
2025131568621,2025,131568621,2,9,0,-1,2,0,0,-1,-1,0,0,0,0,0,2,1,-1,6,-1,-1,-1,-1,-1,-1,-1,-1,-1,0,-1
2025131568677,2025,131568677,1,19,0,-1,1,1,5,-1,0,0,0,0,0,0,2,1,-1,1,1,35,6,-1,-1,-1,-1,2,E01011015,0,3
2025131568709,2025,131568709,1,9,0,-1,7,3,5,-1,0,0,0,0,0,0,1,1,-1,2,2,37,7,-1,-1,-1,-1,1,E01011901,0,1
2025131568709,2025,131568709,2,9,0,-1,19,1,5,-1,0,0,0,0,0,0,1,1,-1,9,2,18,4,-1,-1,-1,-1,5,E01011892,0,1
2025131568738,2025,131568738,2,9,0,-1,19,7,3,-1,0,8,0,0,0,0,1,1,-1,2,2,60,9,-1,-1,-1,-1,1,E01010739,0,1
2025131568738,2025,131568738,1,9,0,-1,19,5,1,-1,0,8,0,0,0,0,1,1,-1,2,2,28,6,-1,-1,-1,-1,3,E01010591,0,2
2025131568784,2025,131568784,1,9,0,-1,19,5,1,-1,0,8,0,0,0,0,1,1,-1,9,2,21,5,-1,-1,-1,-1,4,E01010865,0,2
2025131568799,2025,131568799,1,8,0,-1,7,1,1,-1,0,0,0,0,0,0,-1,1,-1,6,3,-1,-1,-1,-1,-1,-1,-1,-1,0,-1
2025131568801,2025,131568801,1,9,0,-1,2,0,0,-1,0,0,0,0,0,0,3,1,-1,6,1,65,9,-1,-1,-1,-1,1,E01011082,0,1