collision_index,collision_year,collision_ref_no,vehicle_reference,vehicle_type,towing_and_articulation,vehicle_manoeuvre_historic,vehicle_manoeuvre,vehicle_direction_from,vehicle_direction_to,vehicle_location_restricted_lane_historic,vehicle_location_restricted_lane,junction_location,skidding_and_overturning,hit_object_in_carriageway,vehicle_leaving_carriageway,hit_object_off_carriageway,first_point_of_impact,vehicle_left_hand_drive,journey_purpose_of_driver_historic,journey_purpose_of_driver,sex_of_driver,age_of_driver,age_band_of_driver,engine_capacity_cc,propulsion_code,age_of_vehicle,generic_make_model,driver_imd_decile,lsoa_of_driver,escooter_flag,driver_distance_banding
2025131568801,2025,131568801,2,-1,0,-1,19,1,5,-1,9,0,0,0,0,0,1,1,-1,9,1,10,2,-1,-1,-1,-1,6,E01011083,1,1
2025131568816,2025,131568816,2,9,0,-1,19,7,3,-1,0,1,0,0,7,10,3,1,-1,9,1,25,5,-1,-1,-1,-1,5,E01011480,0,1
2025131568816,2025,131568816,1,9,0,-1,19,5,1,-1,0,1,0,0,7,0,1,1,-1,1,1,45,7,-1,-1,-1,-1,3,E01011936,0,3
2025131568898,2025,131568898,1,3,0,-1,19,1,5,-1,0,1,0,0,0,0,1,1,-1,2,1,26,6,-1,-1,-1,-1,5,E01010948,0,3
2025131568898,2025,131568898,2,9,0,-1,5,3,7,-1,0,2,0,0,0,0,3,1,-1,2,1,49,8,-1,-1,-1,-1,2,E01011295,0,2
2025131568914,2025,131568914,2,1,0,-1,19,1,5,-1,0,1,0,0,0,0,1,1,-1,9,1,11,3,-1,-1,-1,-1,3,E01011489,0,1
2025131568914,2025,131568914,1,9,0,-1,9,1,3,-1,0,5,0,0,7,0,3,1,-1,9,1,69,10,-1,-1,-1,-1,9,E01011453,0,1
2025131569117,2025,131569117,1,3,0,-1,19,3,7,-1,0,8,0,0,0,0,4,1,-1,6,1,28,6,-1,-1,-1,-1,2,E01011615,0,1
2025131569117,2025,131569117,2,1,0,-1,19,5,1,-1,0,8,0,0,0,0,1,1,-1,6,1,50,8,-1,-1,-1,-1,1,E01011626,0,1
2025131569165,2025,131569165,1,9,0,-1,19,2,6,-1,0,0,0,0,1,10,1,1,-1,9,2,75,10,-1,-1,-1,-1,2,E01010983,0,1
2025131569182,2025,131569182,1,11,0,-1,19,5,1,-1,0,1,0,0,0,0,4,1,-1,1,1,50,8,-1,-1,-1,-1,3,E01011519,0,2
2025131569188,2025,131569188,2,1,0,-1,19,3,7,-1,0,2,0,0,0,0,3,1,-1,6,1,55,8,-1,-1,-1,-1,6,E01011521,0,3
2025131569188,2025,131569188,1,9,0,-1,7,3,7,-1,0,5,0,0,0,0,4,1,-1,6,3,-1,-1,-1,-1,-1,-1,-1,-1,0,-1
2025131569193,2025,131569193,2,9,0,-1,19,5,1,-1,0,8,0,0,0,0,3,1,-1,9,1,27,6,-1,-1,-1,-1,1,E01007370,0,4
2025131569193,2025,131569193,1,9,0,-1,19,1,5,-1,0,8,0,0,0,0,1,1,-1,2,1,26,6,-1,-1,-1,-1,5,E01011356,0,2
2025131569195,2025,131569195,1,9,0,-1,19,1,5,-1,0,0,0,0,0,0,1,1,-1,6,1,39,7,-1,-1,-1,-1,1,E01010735,0,3
2025131569204,2025,131569204,1,9,0,-1,12,5,1,-1,0,1,0,0,0,0,3,1,-1,6,1,54,8,-1,-1,-1,-1,9,E01011515,0,1
2025131569204,2025,131569204,2,11,0,-1,19,5,1,-1,0,1,0,0,0,0,4,1,-1,1,1,46,8,-1,-1,-1,-1,1,E01011366,0,1
2025131569206,2025,131569206,1,9,0,-1,19,8,4,-1,0,8,0,0,0,0,4,1,-1,9,2,32,6,-1,-1,-1,-1,7,E01011707,0,1
2025131569207,2025,131569207,1,4,0,-1,19,7,2,-1,0,0,0,4,0,0,1,1,-1,9,1,18,4,-1,-1,-1,-1,3,E01011037,0,3
2025131569207,2025,131569207,2,9,0,-1,2,7,2,-1,0,0,0,0,0,0,2,1,-1,6,-1,-1,-1,-1,-1,-1,-1,-1,-1,0,-1
2025131569259,2025,131569259,2,19,0,-1,9,7,4,-1,0,6,0,0,0,0,0,1,-1,1,1,19,4,-1,-1,-1,-1,5,E01011009,0,1
2025131569259,2025,131569259,1,5,0,-1,19,5,1,-1,0,1,2,0,0,0,4,1,-1,6,1,31,6,-1,-1,-1,-1,6,E01011005,0,1
2025131569286,2025,131569286,1,1,0,-1,19,5,1,-1,0,0,0,0,0,0,1,1,-1,6,1,22,5,-1,-1,-1,-1,8,E01011694,0,1
2025131569286,2025,131569286,2,9,0,-1,3,5,1,-1,0,0,0,0,0,0,2,1,-1,1,1,43,7,-1,-1,-1,-1,8,E01011514,0,1
2025131569505,2025,131569505,1,9,0,-1,12,1,5,-1,0,0,0,0,0,0,4,1,-1,6,1,58,9,-1,-1,-1,-1,1,E01011917,0,1
2025131569505,2025,131569505,2,21,0,-1,19,1,5,-1,0,0,0,0,0,0,0,1,-1,1,1,67,10,-1,-1,-1,-1,10,E01019727,0,4
2025131569528,2025,131569528,1,9,0,-1,19,5,1,-1,0,2,0,0,0,0,3,1,-1,7,2,41,7,-1,-1,-1,-1,1,E01010826,0,1
2025131569584,2025,131569584,2,5,0,-1,19,5,1,-1,0,8,0,0,1,0,4,1,-1,2,1,28,6,-1,-1,-1,-1,1,E01011080,0,1
2025131569584,2025,131569584,1,9,0,-1,9,5,1,-1,0,8,0,0,1,0,3,1,-1,2,1,54,8,-1,-1,-1,-1,5,E01011228,0,1
2025131569735,2025,131569735,2,3,0,-1,19,8,4,-1,0,8,2,0,0,0,4,1,-1,6,1,53,8,-1,-1,-1,-1,5,E01011788,0,1
2025131569735,2025,131569735,1,8,0,-1,6,6,8,-1,0,8,0,0,0,0,3,1,-1,6,1,-1,-1,-1,-1,-1,-1,4,E01011787,0,2
2025131569738,2025,131569738,1,9,0,-1,5,1,5,-1,0,8,0,0,0,0,1,1,-1,6,2,49,8,-1,-1,-1,-1,1,E01011790,0,2
2025131569799,2025,131569799,1,9,0,-1,19,5,1,-1,0,0,0,0,0,0,1,1,-1,6,1,59,9,-1,-1,-1,-1,5,E01011300,0,2
2025131569799,2025,131569799,2,9,0,-1,19,7,3,-1,0,0,0,0,0,0,4,1,-1,6,1,28,6,-1,-1,-1,-1,1,E01011434,0,1
2025131569820,2025,131569820,1,9,4,-1,19,2,2,-1,0,8,0,0,0,0,4,1,-1,1,1,53,8,-1,-1,-1,-1,4,E01011233,0,1
2025131569863,2025,131569863,2,9,0,-1,19,7,3,-1,0,8,0,0,3,0,1,1,-1,9,1,66,10,-1,-1,-1,-1,5,E01011058,0,1
2025131569863,2025,131569863,1,9,0,-1,19,5,8,-1,0,8,0,0,0,0,1,1,-1,9,2,62,9,-1,-1,-1,-1,2,E01010869,0,1
2025131569863,2025,131569863,3,9,0,-1,2,0,0,-1,0,2,0,0,0,0,3,1,-1,6,-1,-1,-1,-1,-1,-1,-1,-1,-1,0,-1
2025131569879,2025,131569879,1,9,0,-1,19,7,3,-1,0,0,0,0,0,0,3,1,-1,6,2,18,4,-1,-1,-1,-1,2,E01010778,0,1
2025131569897,2025,131569897,2,9,0,-1,19,7,3,-1,0,0,0,0,0,0,1,1,-1,9,2,50,8,-1,-1,-1,-1,10,E01010773,0,1
2025131569897,2025,131569897,1,9,0,-1,9,7,3,-1,0,0,0,0,0,0,1,1,-1,9,2,20,4,-1,-1,-1,-1,1,E01010702,0,3
2025131569912,2025,131569912,2,9,0,-1,19,3,7,-1,0,8,0,0,0,0,3,1,-1,9,1,28,6,-1,-1,-1,-1,1,E01010996,0,2
2025131569912,2025,131569912,1,98,0,-1,19,1,5,-1,0,8,0,0,0,0,1,1,-1,1,1,34,6,-1,-1,-1,-1,2,E01005817,0,4
2025131569991,2025,131569991,2,9,0,-1,6,3,7,-1,0,0,0,0,0,0,4,1,-1,9,1,41,7,-1,-1,-1,-1,8,E01011520,0,2
2025131569991,2025,131569991,1,9,0,-1,19,3,7,-1,0,0,0,0,0,0,3,1,-1,9,2,35,6,-1,-1,-1,-1,3,E01011523,0,1
2025131570071,2025,131570071,2,9,0,-1,2,0,0,-1,0,0,0,0,0,0,4,1,-1,6,3,-1,-1,-1,-1,-1,-1,-1,-1,0,-1
2025131570071,2025,131570071,1,9,0,-1,-1,-1,-1,-1,-1,0,-1,-1,-1,-1,-1,1,-1,6,3,-1,-1,-1,-1,-1,-1,-1,-1,0,-1
2025131570079,2025,131570079,1,9,0,-1,1,5,1,-1,0,8,0,0,0,0,2,1,-1,6,3,-1,-1,-1,-1,-1,-1,-1,-1,0,-1
2025131570150,2025,131570150,1,9,0,-1,9,4,6,-1,0,1,0,0,0,0,3,1,-1,9,1,56,9,-1,-1,-1,-1,4,E01010898,0,1
2025131570150,2025,131570150,2,1,0,-1,9,4,6,-1,0,1,0,0,0,0,0,1,-1,9,1,68,10,-1,-1,-1,-1,7,E01010896,0,1
2025131570208,2025,131570208,1,1,0,-1,19,7,2,-1,0,8,0,0,0,0,4,1,-1,9,1,70,10,-1,-1,-1,-1,9,E01011508,0,1
2025131570208,2025,131570208,2,90,0,-1,7,1,5,-1,0,8,0,0,0,0,1,1,-1,2,1,41,7,-1,-1,-1,-1,9,E01011566,0,1
2025131570246,2025,131570246,2,9,0,-1,2,4,2,-1,0,0,0,0,0,0,0,1,-1,6,-1,-1,-1,-1,-1,-1,-1,-1,-1,0,-1
2025131570246,2025,131570246,1,9,0,-1,-1,-1,-1,-1,-1,0,-1,-1,-1,-1,1,1,-1,6,3,-1,-1,-1,-1,-1,-1,-1,-1,0,-1
2025131570307,2025,131570307,1,9,0,-1,5,2,6,-1,0,0,0,0,0,0,-1,1,-1,1,1,47,8,-1,-1,-1,-1,3,E01011260,0,3
2025131570315,2025,131570315,1,9,0,-1,19,3,7,-1,0,8,0,0,0,0,4,1,-1,6,1,71,10,-1,-1,-1,-1,1,E01010724,0,1
2025131570319,2025,131570319,1,9,0,-1,19,5,1,-1,0,0,0,0,0,0,1,1,-1,6,1,38,7,-1,-1,-1,-1,1,E01011620,0,1
2025131570355,2025,131570355,2,9,0,-1,19,7,3,-1,0,8,0,0,0,0,4,1,-1,6,1,41,7,-1,-1,-1,-1,2,E01010619,0,1
2025131570355,2025,131570355,1,8,0,-1,9,6,7,-1,0,8,0,0,0,0,1,1,-1,1,1,34,6,-1,-1,-1,-1,2,E01010621,0,1
2025131570412,2025,131570412,1,5,0,-1,19,3,7,-1,0,0,0,0,1,9,4,1,-1,6,1,28,6,-1,-1,-1,-1,1,E01005467,0,3
2025131570433,2025,131570433,1,1,0,-1,19,3,4,-1,0,2,0,0,1,11,1,1,-1,6,1,21,5,-1,-1,-1,-1,3,E01011691,0,1
2025131570649,2025,131570649,2,9,0,-1,19,5,1,-1,0,0,0,0,0,0,2,1,-1,6,1,53,8,-1,-1,-1,-1,10,E01018695,0,5
2025131570649,2025,131570649,3,9,0,-1,19,5,1,-1,0,0,0,0,1,0,3,1,-1,1,1,57,9,-1,-1,-1,-1,3,E01012277,0,4
2025131570649,2025,131570649,1,9,0,-1,19,5,1,-1,0,0,0,0,0,0,1,1,-1,9,1,59,9,-1,-1,-1,-1,10,E01023377,0,5
2025131570649,2025,131570649,4,9,0,-1,19,5,1,-1,0,0,0,0,0,0,4,1,-1,9,1,32,6,-1,-1,-1,-1,5,-1,0,5
2025131570719,2025,131570719,1,9,0,-1,19,5,1,-1,0,0,5,0,2,0,1,1,-1,6,1,33,6,-1,-1,-1,-1,6,E01011053,0,1
2025131570719,2025,131570719,2,9,0,-1,9,5,1,-1,0,0,0,0,0,0,2,1,-1,6,2,63,9,-1,-1,-1,-1,2,E01011126,0,1
2025131570721,2025,131570721,1,9,0,-1,19,2,6,-1,0,0,0,0,0,0,1,1,-1,9,1,58,9,-1,-1,-1,-1,5,E01011537,0,1
2025131570726,2025,131570726,1,9,0,-1,-1,-1,-1,-1,-1,0,-1,-1,-1,-1,-1,1,-1,6,3,-1,-1,-1,-1,-1,-1,-1,-1,0,-1
2025131570744,2025,131570744,1,9,0,-1,9,3,7,-1,0,8,0,0,7,0,3,1,-1,9,1,60,9,-1,-1,-1,-1,9,E01018219,0,5
2025131570744,2025,131570744,2,9,0,-1,19,3,7,-1,0,8,0,0,7,1,1,1,-1,9,2,73,10,-1,-1,-1,-1,1,E01011378,0,3
2025131570760,2025,131570760,1,21,1,-1,11,3,7,-1,0,0,0,0,0,0,4,1,-1,1,1,58,9,-1,-1,-1,-1,5,E01013249,0,4
2025131570760,2025,131570760,2,9,0,-1,19,3,7,-1,0,0,0,0,0,0,3,1,-1,9,2,53,8,-1,-1,-1,-1,2,E01011060,0,3
2025131570771,2025,131570771,1,9,0,-1,-1,-1,-1,-1,-1,-1,-1,-1,-1,-1,-1,1,-1,6,3,-1,-1,-1,-1,-1,-1,-1,-1,0,-1
2025131570774,2025,131570774,2,9,0,-1,10,3,7,-1,0,6,0,0,0,0,3,1,-1,9,1,27,6,-1,-1,-1,-1,1,E01011792,0,2
2025131570774,2025,131570774,1,9,0,-1,7,5,1,-1,0,1,0,0,0,0,1,1,-1,9,1,79,11,-1,-1,-1,-1,2,E01011872,0,1
2025131570802,2025,131570802,2,9,0,-1,9,7,5,-1,0,8,0,0,0,0,1,1,-1,9,2,22,5,-1,-1,-1,-1,6,E01010915,0,1
2025131570802,2025,131570802,1,9,0,-1,19,3,7,-1,0,1,0,0,0,0,1,1,-1,9,1,20,4,-1,-1,-1,-1,7,E01010892,0,2
2025131570809,2025,131570809,1,9,0,-1,19,7,3,-1,0,1,0,0,0,0,1,1,-1,9,1,33,6,-1,-1,-1,-1,7,E01011506,0,1
2025131570809,2025,131570809,2,9,0,-1,19,5,1,-1,0,8,0,0,1,1,3,1,-1,9,1,20,4,-1,-1,-1,-1,9,E01029799,0,5
2025131570809,2025,131570809,3,9,0,-1,3,7,3,-1,0,1,0,0,0,0,2,1,-1,9,1,36,7,-1,-1,-1,-1,3,E01011606,0,2
2025131570847,2025,131570847,1,9,0,-1,19,1,5,-1,0,0,0,0,0,0,0,1,-1,7,1,37,7,-1,-1,-1,-1,1,E01011347,0,1
2025131570861,2025,131570861,2,20,0,-1,19,3,7,-1,0,0,0,0,0,0,2,1,-1,1,1,38,7,-1,-1,-1,-1,1,E01011869,0,4
2025131570861,2025,131570861,1,9,0,-1,11,3,7,-1,0,0,0,0,0,0,1,1,-1,9,1,54,8,-1,-1,-1,-1,8,E01011210,0,2
2025131570945,2025,131570945,1,9,0,-1,-1,-1,-1,-1,-1,0,-1,-1,-1,-1,-1,1,-1,6,1,32,6,-1,-1,-1,-1,4,E01010898,0,1
2025131570945,2025,131570945,2,9,0,-1,2,0,0,-1,9,0,0,0,0,0,2,1,-1,6,-1,-1,-1,-1,-1,-1,-1,-1,-1,0,-1
2025131570945,2025,131570945,3,9,0,-1,2,0,0,-1,9,0,0,0,0,0,2,1,-1,6,-1,-1,-1,-1,-1,-1,-1,-1,-1,0,-1
2025131570954,2025,131570954,2,19,0,-1,10,3,7,-1,0,0,0,0,0,0,2,1,-1,6,1,37,7,-1,-1,-1,-1,2,E01011014,0,2
2025131570954,2025,131570954,1,9,0,-1,19,3,7,-1,0,0,0,0,0,0,1,1,-1,6,2,80,11,-1,-1,-1,-1,7,E01011630,0,1
2025131570954,2025,131570954,3,90,0,-1,-1,-1,-1,-1,-1,0,-1,-1,-1,-1,-1,1,-1,6,3,-1,-1,-1,-1,-1,-1,-1,-1,0,-1
2025131571022,2025,131571022,1,9,0,-1,9,7,5,-1,9,5,0,0,0,0,1,1,-1,6,3,-1,-1,-1,-1,-1,-1,-1,-1,0,-1
2025131571022,2025,131571022,2,1,0,-1,19,3,7,-1,9,2,0,0,0,0,1,1,-1,2,1,26,6,-1,-1,-1,-1,2,E01010779,0,1
2025131571085,2025,131571085,1,9,0,-1,1,5,1,-1,0,-1,0,0,0,0,2,1,-1,6,3,-1,-1,-1,-1,-1,-1,-1,-1,0,-1
2025131571106,2025,131571106,1,9,0,-1,19,7,3,-1,0,1,0,0,0,0,1,2,-1,6,1,80,11,-1,-1,-1,-1,10,E01011703,0,1
2025131571167,2025,131571167,1,9,0,-1,19,1,5,-1,0,0,0,0,8,1,1,1,-1,6,1,24,5,-1,-1,-1,-1,5,E01011407,0,2
2025131571167,2025,131571167,2,19,0,-1,7,7,1,-1,0,0,0,0,0,0,1,1,-1,1,1,26,6,-1,-1,-1,-1,4,E01011921,0,2
2025131571176,2025,131571176,2,98,0,-1,-1,-1,-1,-1,0,1,-1,-1,-1,-1,1,1,-1,6,3,0,1,-1,-1,-1,-1,-1,-1,0,-1
2025131571176,2025,131571176,1,9,0,-1,4,3,7,-1,0,1,0,0,0,0,2,1,-1,9,1,29,6,-1,-1,-1,-1,3,E01010704,0,1
2025131571211,2025,131571211,1,9,0,-1,19,5,1,-1,0,0,0,0,7,11,3,1,-1,9,2,19,4,-1,-1,-1,-1,1,E01011497,0,3
2025131571242,2025,131571242,1,9,0,-1,19,1,5,-1,0,1,0,0,0,0,4,1,-1,6,2,33,6,-1,-1,-1,-1,4,E01011705,0,3
2025131571242,2025,131571242,2,1,0,-1,19,2,6,-1,0,1,0,0,0,0,1,1,-1,6,2,11,3,-1,-1,-1,-1,1,E01011659,0,1
2025131571280,2025,131571280,2,9,0,-1,19,8,4,-1,0,8,0,0,0,0,1,1,-1,6,2,43,7,-1,-1,-1,-1,4,E01011839,0,3
2025131571280,2025,131571280,1,9,0,-1,-1,-1,-1,-1,-1,-1,-1,-1,-1,-1,-1,1,-1,6,3,-1,-1,-1,-1,-1,-1,-1,-1,0,-1
2025131571315,2025,131571315,1,9,0,-1,2,0,0,-1,0,0,0,0,0,0,2,1,-1,9,1,61,9,-1,-1,-1,-1,5,E01011793,0,2
2025131571315,2025,131571315,2,19,0,-1,19,1,5,-1,0,0,0,0,0,0,1,1,-1,6,1,31,6,-1,-1,-1,-1,4,E01011545,0,1
2025131571336,2025,131571336,1,9,0,-1,19,1,1,-1,0,0,1,0,7,0,1,1,-1,9,1,17,4,-1,-1,-1,-1,5,E01011226,0,1
2025131571358,2025,131571358,2,9,0,-1,19,3,1,-1,0,0,0,0,0,0,1,1,-1,6,3,-1,-1,-1,-1,-1,-1,-1,-1,0,-1
2025131571358,2025,131571358,1,9,0,-1,5,3,1,-1,0,0,0,0,0,0,2,1,-1,6,3,-1,-1,-1,-1,-1,-1,-1,-1,0,-1
2025131571370,2025,131571370,1,9,0,-1,-1,-1,-1,-1,-1,0,-1,-1,-1,0,-1,1,-1,6,3,-1,-1,-1,-1,-1,-1,-1,-1,0,-1
2025131571370,2025,131571370,2,9,0,-1,19,5,1,-1,0,0,0,0,0,0,3,1,-1,1,1,35,6,-1,-1,-1,-1,3,E01010801,0,1
2025131571380,2025,131571380,2,9,0,-1,9,1,5,-1,0,0,0,0,0,0,4,1,-1,9,1,74,10,-1,-1,-1,-1,2,E01011485,0,1
2025131571380,2025,131571380,1,5,0,-1,19,3,7,-1,0,0,5,0,0,0,1,1,-1,9,1,29,6,-1,-1,-1,-1,1,E01032494,0,1
2025131571381,2025,131571381,2,9,0,-1,9,5,1,-1,0,1,0,0,0,0,2,1,-1,9,2,20,4,-1,-1,-1,-1,2,E01011771,0,3
2025131571381,2025,131571381,1,9,0,-1,19,1,5,-1,0,1,0,0,0,0,3,1,-1,9,1,46,8,-1,-1,-1,-1,2,E01011854,0,1
2025131571397,2025,131571397,3,9,0,-1,19,3,5,-1,0,1,0,0,0,0,0,1,-1,6,3,-1,-1,-1,-1,-1,-1,-1,-1,0,-1
2025131571397,2025,131571397,1,1,0,-1,19,3,7,-1,0,8,2,0,0,0,1,1,-1,6,3,-1,-1,-1,-1,-1,-1,-1,-1,0,-1
2025131571397,2025,131571397,2,9,0,-1,19,1,5,-1,0,1,0,0,0,0,1,1,-1,9,1,33,6,-1,-1,-1,-1,1,E01011899,0,3
2025131571403,2025,131571403,1,9,0,-1,1,5,3,-1,9,0,0,0,0,0,2,1,-1,6,3,-1,-1,-1,-1,-1,-1,-1,-1,0,-1
2025131571405,2025,131571405,2,20,0,-1,7,3,7,-1,0,3,5,0,0,0,3,2,-1,6,-1,31,6,-1,-1,-1,-1,-1,-1,0,-1
2025131571405,2025,131571405,1,9,0,-1,7,3,7,-1,0,3,0,0,0,0,4,1,-1,6,2,40,7,-1,-1,-1,-1,5,E01010818,0,1
2025131571418,2025,131571418,1,90,0,-1,19,1,5,-1,0,0,0,0,0,0,1,1,-1,6,1,34,6,-1,-1,-1,-1,2,E01010910,0,1
2025131571435,2025,131571435,1,9,0,-1,19,4,8,-1,0,0,0,0,0,0,1,1,-1,2,1,22,5,-1,-1,-1,-1,2,E01010630,0,1
2025131571435,2025,131571435,2,9,0,-1,9,4,8,-1,0,0,0,0,0,0,3,1,-1,9,1,43,7,-1,-1,-1,-1,1,E01010809,0,1
2025131571439,2025,131571439,2,9,0,-1,19,5,1,-1,0,0,0,0,0,0,1,1,-1,6,2,39,7,-1,-1,-1,-1,5,E01011063,0,1
2025131571439,2025,131571439,1,9,0,-1,19,1,5,-1,0,0,0,0,1,0,1,1,-1,6,1,52,8,-1,-1,-1,-1,5,E01011063,0,1
2025131571465,2025,131571465,1,9,0,-1,19,1,5,-1,0,0,5,0,0,0,1,1,-1,6,1,39,7,-1,-1,-1,-1,2,E01010806,0,1
2025131571465,2025,131571465,2,9,0,-1,2,0,0,-1,0,0,0,0,0,0,1,1,-1,6,-1,-1,-1,-1,-1,-1,-1,-1,-1,0,-1
2025131571465,2025,131571465,3,9,0,-1,2,0,0,-1,0,0,0,0,0,0,2,1,-1,6,-1,-1,-1,-1,-1,-1,-1,-1,-1,0,-1
2025131571478,2025,131571478,1,9,0,-1,19,5,1,-1,0,1,1,0,0,0,1,1,-1,9,1,76,11,-1,-1,-1,-1,6,E01010634,0,1
2025131571478,2025,131571478,2,9,0,-1,19,1,5,-1,0,2,1,0,1,0,3,1,-1,9,2,48,8,-1,-1,-1,-1,1,E01010722,0,3
2025131571820,2025,131571820,1,9,0,-1,19,1,5,-1,0,0,0,0,0,0,1,1,-1,6,1,58,9,-1,-1,-1,-1,2,E01010752,0,1
2025131571824,2025,131571824,1,9,0,-1,19,1,5,-1,0,1,0,0,0,0,-1,1,-1,6,3,0,1,-1,-1,-1,-1,-1,-1,0,-1
2025131571831,2025,131571831,1,9,0,-1,7,5,7,-1,0,8,0,0,0,0,1,1,-1,1,1,46,8,-1,-1,-1,-1,4,E01010951,0,2
2025131571835,2025,131571835,2,11,0,-1,19,7,3,-1,0,0,0,0,0,0,1,1,-1,1,1,32,6,-1,-1,-1,-1,10,E01010936,0,1
2025131571835,2025,131571835,1,9,0,-1,7,3,7,-1,0,0,1,0,0,0,1,1,-1,9,2,22,5,-1,-1,-1,-1,1,E01010996,0,1
2025131571869,2025,131571869,2,9,0,-1,2,3,7,-1,9,0,0,0,0,0,2,1,-1,6,-1,-1,-1,-1,-1,-1,-1,-1,-1,0,-1
2025131571869,2025,131571869,1,9,0,-1,19,7,3,-1,0,0,5,4,0,0,1,1,-1,6,-1,-1,-1,-1,-1,-1,-1,-1,-1,0,-1
2025131571869,2025,131571869,3,9,0,-1,2,3,7,-1,9,0,0,0,0,0,2,1,-1,6,-1,-1,-1,-1,-1,-1,-1,-1,-1,0,-1
2025131571869,2025,131571869,4,9,0,-1,2,7,3,-1,9,0,0,0,0,0,2,1,-1,6,-1,-1,-1,-1,-1,-1,-1,-1,-1,0,-1
2025131571923,2025,131571923,1,9,0,-1,1,1,2,-1,0,0,0,0,0,0,2,1,-1,6,-1,25,5,-1,-1,-1,-1,-1,-1,0,-1
2025131571934,2025,131571934,2,9,0,-1,5,1,1,-1,0,6,0,0,0,0,3,1,-1,6,1,49,8,-1,-1,-1,-1,5,E01010685,0,1
2025131571934,2025,131571934,3,9,0,-1,2,1,1,-1,0,8,0,0,0,0,2,1,-1,6,-1,-1,-1,-1,-1,-1,-1,-1,-1,0,-1
2025131571934,2025,131571934,1,9,0,-1,19,1,1,-1,0,1,0,0,0,0,1,1,-1,6,1,25,5,-1,-1,-1,-1,5,E01011264,0,1
2025131571958,2025,131571958,2,9,0,-1,2,6,2,-1,0,2,0,0,0,0,3,1,-1,6,-1,-1,-1,-1,-1,-1,-1,-1,-1,0,-1
2025131571958,2025,131571958,3,9,0,-1,2,6,2,-1,0,2,0,0,0,0,2,1,-1,6,-1,-1,-1,-1,-1,-1,-1,-1,-1,0,-1
2025131571958,2025,131571958,1,9,0,-1,19,6,2,-1,0,2,5,0,0,0,1,1,-1,9,2,25,5,-1,-1,-1,-1,1,E01033697,0,1
2025131572076,2025,131572076,1,19,0,-1,19,2,6,-1,0,1,0,0,0,0,4,1,-1,1,1,54,8,-1,-1,-1,-1,1,E01011790,0,1
2025131572132,2025,131572132,1,9,0,-1,19,7,3,-1,0,0,0,4,0,0,1,1,-1,1,1,77,11,-1,-1,-1,-1,8,E01010698,0,1
2025131572132,2025,131572132,2,9,0,-1,2,0,0,-1,0,0,0,0,0,0,4,1,-1,6,-1,-1,-1,-1,-1,-1,-1,-1,-1,0,-1
2025131572233,2025,131572233,1,90,0,-1,-1,-1,-1,-1,-1,0,-1,-1,-1,-1,-1,1,-1,6,3,0,1,-1,-1,-1,-1,-1,-1,0,-1
2025131572233,2025,131572233,2,1,0,-1,14,5,1,-1,0,0,0,0,0,0,2,1,-1,9,1,29,6,-1,-1,-1,-1,9,E01011711,0,1
2025131572268,2025,131572268,1,9,0,-1,19,3,7,-1,0,8,0,0,0,0,1,1,-1,7,2,59,9,-1,-1,-1,-1,1,E01010832,0,1
2025131572341,2025,131572341,1,9,0,-1,-1,-1,-1,-1,-1,0,-1,-1,-1,0,-1,1,-1,6,3,99,11,-1,-1,-1,-1,-1,-1,0,-1
2025131572341,2025,131572341,2,23,0,-1,19,7,3,-1,0,0,0,0,0,0,2,1,-1,6,1,43,7,-1,-1,-1,-1,2,E01011166,0,3
2025131572416,2025,131572416,1,9,0,-1,19,1,5,-1,0,8,0,0,7,0,3,1,-1,9,1,21,5,-1,-1,-1,-1,2,E01033692,0,1
2025131572416,2025,131572416,2,9,0,-1,19,3,7,-1,0,8,0,0,0,0,1,1,-1,9,1,59,9,-1,-1,-1,-1,4,E01010603,0,1
2025131572425,2025,131572425,1,9,0,-1,-1,-1,-1,-1,-1,0,-1,-1,-1,-1,-1,1,-1,6,3,30,6,-1,-1,-1,-1,-1,-1,0,-1
2025131572442,2025,131572442,2,19,0,-1,5,5,7,-1,0,0,0,0,0,0,1,1,-1,2,1,53,8,-1,-1,-1,-1,5,E01010939,0,1
2025131572442,2025,131572442,1,9,0,-1,8,5,7,-1,0,0,0,0,0,0,2,1,-1,1,1,35,6,-1,-1,-1,-1,2,E01010929,0,1
2025131572446,2025,131572446,2,9,0,-1,2,0,0,-1,0,0,0,0,0,0,1,1,-1,6,1,74,10,-1,-1,-1,-1,2,E01011251,0,1
2025131572446,2025,131572446,1,3,0,-1,19,2,8,-1,0,0,0,11,0,0,1,1,-1,6,1,18,4,-1,-1,-1,-1,3,E01011249,0,1
2025131572486,2025,131572486,1,9,0,-1,19,1,1,-1,0,0,0,0,0,0,3,1,-1,2,2,22,5,-1,-1,-1,-1,7,E01010897,0,3
2025131572657,2025,131572657,2,98,0,-1,19,1,5,-1,0,8,0,0,0,0,4,1,-1,6,1,24,5,-1,-1,-1,-1,4,E01007344,0,2
2025131572657,2025,131572657,1,9,0,-1,-1,-1,-1,-1,-1,-1,-1,-1,-1,-1,-1,1,-1,6,3,-1,-1,-1,-1,-1,-1,-1,-1,0,-1
2025131572661,2025,131572661,1,9,0,-1,5,3,7,-1,-1,0,0,0,0,0,4,1,-1,6,3,-1,-1,-1,-1,-1,-1,-1,-1,0,-1
2025131572756,2025,131572756,2,19,0,-1,19,7,3,-1,0,8,0,7,0,0,1,1,-1,8,2,32,6,-1,-1,-1,-1,6,E01011308,0,2
2025131572756,2025,131572756,1,9,0,-1,19,5,1,-1,0,8,0,7,0,0,4,1,-1,6,1,79,11,-1,-1,-1,-1,7,E01011399,0,3