collision_index,collision_year,collision_ref_no,vehicle_reference,vehicle_type,towing_and_articulation,vehicle_manoeuvre_historic,vehicle_manoeuvre,vehicle_direction_from,vehicle_direction_to,vehicle_location_restricted_lane_historic,vehicle_location_restricted_lane,junction_location,skidding_and_overturning,hit_object_in_carriageway,vehicle_leaving_carriageway,hit_object_off_carriageway,first_point_of_impact,vehicle_left_hand_drive,journey_purpose_of_driver_historic,journey_purpose_of_driver,sex_of_driver,age_of_driver,age_band_of_driver,engine_capacity_cc,propulsion_code,age_of_vehicle,generic_make_model,driver_imd_decile,lsoa_of_driver,escooter_flag,driver_distance_banding
2025131583524,2025,131583524,2,9,0,-1,19,1,1,-1,0,0,0,0,0,0,1,1,-1,9,2,42,7,-1,-1,-1,-1,2,E01010717,0,1
2025131583524,2025,131583524,1,9,0,-1,5,2,1,-1,0,0,0,0,0,0,1,1,-1,6,1,22,5,-1,-1,-1,-1,2,E01024904,0,4
2025131583525,2025,131583525,3,9,0,-1,2,2,6,-1,0,1,0,0,0,0,1,1,-1,6,-1,-1,-1,-1,-1,-1,-1,-1,-1,0,-1
2025131583525,2025,131583525,1,9,0,-1,19,4,2,-1,0,1,0,4,0,0,1,1,-1,9,2,28,6,-1,-1,-1,-1,6,E01011517,0,1
2025131583525,2025,131583525,2,9,0,-1,7,3,7,-1,0,8,0,0,0,0,1,1,-1,9,1,19,4,-1,-1,-1,-1,1,E01011361,0,1
2025131583537,2025,131583537,2,9,0,-1,9,5,4,-1,0,1,0,0,0,0,1,1,-1,1,2,37,7,-1,-1,-1,-1,8,E01011873,0,1
2025131583537,2025,131583537,1,9,0,-1,12,1,4,-1,0,1,0,0,0,0,3,1,-1,1,2,51,8,-1,-1,-1,-1,8,E01011873,0,1
2025131583565,2025,131583565,1,9,0,-1,-1,-1,-1,-1,-1,-1,-1,-1,-1,-1,-1,1,-1,6,3,-1,-1,-1,-1,-1,-1,-1,-1,0,-1
2025131583565,2025,131583565,2,9,0,-1,19,5,1,-1,0,1,0,0,0,0,3,1,-1,2,2,58,9,-1,-1,-1,-1,6,E01010920,0,1
2025131583585,2025,131583585,1,9,0,-1,19,5,1,-1,0,0,0,0,0,0,1,1,-1,6,2,39,7,-1,-1,-1,-1,1,E01011378,0,1
2025131583615,2025,131583615,1,1,0,-1,19,5,1,-1,9,0,0,0,0,0,1,1,-1,6,1,11,3,-1,-1,-1,-1,1,E01010811,0,1
2025131583615,2025,131583615,2,9,0,-1,19,1,5,-1,0,0,0,0,0,0,1,1,-1,6,1,48,8,-1,-1,-1,-1,1,E01010739,0,1
2025131583616,2025,131583616,2,1,0,-1,19,1,5,-1,0,0,0,0,0,0,1,1,-1,9,1,20,4,-1,-1,-1,-1,7,E01033016,0,1
2025131583616,2025,131583616,1,9,0,-1,5,5,1,-1,0,0,0,0,0,0,1,1,-1,9,2,57,9,-1,-1,-1,-1,1,E01011423,0,1
2025131583631,2025,131583631,1,9,0,-1,19,5,5,-1,0,8,0,0,0,0,1,1,-1,6,3,-1,-1,-1,-1,-1,-1,-1,-1,0,-1
2025131583789,2025,131583789,1,3,0,-1,13,1,7,-1,0,8,0,0,0,0,1,1,-1,6,1,47,8,-1,-1,-1,-1,2,E01011321,0,1
2025131583789,2025,131583789,2,9,0,-1,9,1,7,-1,0,5,0,0,0,0,3,1,-1,9,1,40,7,-1,-1,-1,-1,1,E01011284,0,1
2025131583817,2025,131583817,1,9,0,-1,-1,-1,-1,-1,-1,0,-1,-1,-1,-1,-1,1,-1,6,3,0,1,-1,-1,-1,-1,-1,-1,0,-1
2025131583826,2025,131583826,2,9,0,-1,19,5,1,-1,0,0,0,0,0,0,1,1,-1,6,1,74,10,-1,-1,-1,-1,7,E01010879,0,1
2025131583826,2025,131583826,1,9,0,-1,6,5,1,-1,0,0,0,0,0,0,3,1,-1,6,2,40,7,-1,-1,-1,-1,4,E01010951,0,1
2025131583851,2025,131583851,2,1,0,-1,19,2,6,-1,0,8,5,0,0,0,3,1,-1,9,1,35,6,-1,-1,-1,-1,2,E01011859,0,1
2025131583851,2025,131583851,1,9,0,-1,9,6,4,-1,0,5,-1,-1,-1,-1,1,1,-1,6,3,-1,-1,-1,-1,-1,-1,-1,-1,0,-1
2025131583896,2025,131583896,2,4,0,-1,19,8,3,-1,0,1,5,0,0,0,1,1,-1,2,1,35,6,-1,-1,-1,-1,5,E01011065,0,3
2025131583896,2025,131583896,1,9,0,-1,14,-1,-1,-1,0,8,0,0,0,0,1,1,-1,6,3,35,6,-1,-1,-1,-1,-1,-1,0,-1
2025131583896,2025,131583896,3,9,0,-1,19,1,3,-1,0,8,0,0,0,0,3,2,-1,2,2,38,7,-1,-1,-1,-1,7,E01011604,0,1
2025131583905,2025,131583905,1,9,0,-1,9,1,7,-1,0,5,0,0,0,0,4,1,-1,6,2,40,7,-1,-1,-1,-1,10,E01034976,0,3
2025131583905,2025,131583905,2,9,0,-1,19,1,5,-1,0,8,0,0,0,0,1,1,-1,6,2,56,9,-1,-1,-1,-1,6,E01011308,0,2
2025131583935,2025,131583935,1,8,0,-1,-1,-1,-1,-1,-1,0,-1,-1,-1,-1,-1,1,-1,6,3,0,1,-1,-1,-1,-1,-1,-1,0,-1
2025131583968,2025,131583968,2,1,0,-1,19,7,3,-1,4,0,0,0,0,0,1,1,-1,2,1,65,9,-1,-1,-1,-1,7,E01011592,0,2
2025131583968,2025,131583968,1,9,0,-1,7,7,3,-1,0,0,0,0,1,0,4,1,-1,2,2,37,7,-1,-1,-1,-1,3,E01010791,0,3
2025131583977,2025,131583977,1,9,0,-1,19,5,5,-1,0,0,0,0,0,0,1,1,-1,9,2,84,11,-1,-1,-1,-1,2,E01011582,0,1
2025131583977,2025,131583977,2,9,0,-1,19,5,5,-1,0,0,0,0,0,0,2,1,-1,9,1,29,6,-1,-1,-1,-1,5,E01011269,0,1
2025131583988,2025,131583988,1,11,0,-1,5,3,1,-1,0,5,0,0,0,0,1,1,-1,1,1,52,8,-1,-1,-1,-1,2,E01011321,0,1
2025131583988,2025,131583988,4,9,0,-1,5,3,1,-1,0,5,0,0,0,0,2,1,-1,9,2,39,7,-1,-1,-1,-1,1,E01011368,0,1
2025131583988,2025,131583988,3,9,0,-1,4,3,1,-1,0,5,0,0,0,0,2,1,-1,6,1,0,1,-1,-1,-1,-1,2,E01011369,0,1
2025131583988,2025,131583988,2,9,0,-1,5,3,1,-1,0,5,0,0,0,0,2,1,-1,9,2,35,6,-1,-1,-1,-1,2,E01011321,0,1
2025131584041,2025,131584041,1,98,0,-1,5,2,6,-1,0,0,0,0,0,0,1,1,-1,6,2,43,7,-1,-1,-1,-1,4,E01011077,0,1
2025131584043,2025,131584043,1,9,0,-1,19,5,3,-1,0,1,0,0,0,0,4,1,-1,9,2,45,7,-1,-1,-1,-1,2,E01011128,0,1
2025131584079,2025,131584079,1,97,0,-1,19,1,1,-1,9,1,0,0,0,0,1,1,-1,6,3,20,4,-1,-1,-1,-1,-1,-1,0,-1
2025131584087,2025,131584087,1,9,0,-1,19,1,5,-1,0,0,0,0,1,0,1,1,-1,9,2,35,6,-1,-1,-1,-1,1,E01011663,0,1
2025131584128,2025,131584128,1,9,0,-1,9,8,4,-1,0,6,0,0,0,0,1,1,-1,6,1,24,5,-1,-1,-1,-1,1,E01010679,0,1
2025131584128,2025,131584128,2,9,0,-1,19,6,2,-1,0,1,0,0,0,0,4,1,-1,6,1,55,8,-1,-1,-1,-1,4,E01010746,0,1
2025131584223,2025,131584223,1,11,0,-1,9,3,5,-1,0,8,0,0,0,0,1,1,-1,1,1,59,9,-1,-1,-1,-1,2,E01011137,0,3
2025131584245,2025,131584245,1,90,0,-1,19,3,7,-1,0,1,0,0,0,0,1,1,-1,6,3,-1,-1,-1,-1,-1,-1,-1,-1,0,-1
2025131584286,2025,131584286,1,9,0,-1,9,5,3,-1,0,6,0,0,0,0,4,1,-1,6,3,-1,-1,-1,-1,-1,-1,-1,-1,0,-1
2025131584286,2025,131584286,2,1,0,-1,19,7,3,-1,0,2,0,0,0,0,3,1,-1,6,1,33,6,-1,-1,-1,-1,2,E01011926,0,2
2025131584379,2025,131584379,1,3,0,-1,19,5,1,-1,0,0,1,0,0,0,4,1,-1,9,1,36,7,-1,-1,-1,-1,1,E01011427,0,1
2025131584500,2025,131584500,2,1,0,-1,19,5,1,-1,0,0,0,0,0,0,1,1,-1,2,-1,34,6,-1,-1,-1,-1,3,E01011529,0,2
2025131584500,2025,131584500,1,9,0,-1,4,5,1,-1,0,0,0,0,0,0,4,1,-1,1,1,46,8,-1,-1,-1,-1,3,E01010601,0,3
2025131584510,2025,131584510,1,9,0,-1,19,1,5,-1,0,0,0,0,0,0,3,1,-1,2,2,29,6,-1,-1,-1,-1,5,E01010585,0,1
2025131584523,2025,131584523,1,9,0,-1,-1,-1,-1,-1,-1,-1,-1,-1,-1,-1,-1,1,-1,6,3,-1,-1,-1,-1,-1,-1,-1,-1,0,-1
2025131584523,2025,131584523,2,9,0,-1,19,1,5,-1,0,8,0,0,0,0,3,1,-1,6,1,25,5,-1,-1,-1,-1,3,E01010825,0,1
2025131584542,2025,131584542,1,9,0,-1,19,8,4,-1,0,0,0,0,0,0,1,1,-1,6,1,55,8,-1,-1,-1,-1,4,E01011192,0,1
2025131584542,2025,131584542,2,9,0,-1,19,8,4,-1,0,0,0,0,0,0,2,1,-1,1,2,41,7,-1,-1,-1,-1,10,E01011113,0,2
2025131584584,2025,131584584,2,9,0,-1,5,-1,-1,-1,-1,0,0,0,0,0,-1,1,-1,6,3,-1,-1,-1,-1,-1,-1,-1,-1,0,-1
2025131584584,2025,131584584,1,9,0,-1,19,7,5,-1,0,0,0,0,0,0,3,1,-1,6,1,32,6,-1,-1,-1,-1,3,E01011519,0,2
2025131584591,2025,131584591,1,9,0,-1,9,2,6,-1,0,8,0,0,0,0,3,1,-1,6,3,-1,-1,-1,-1,-1,-1,-1,-1,0,-1
2025131584591,2025,131584591,2,1,0,-1,19,7,3,-1,0,1,0,0,0,0,1,1,-1,9,1,18,4,-1,-1,-1,-1,2,E01010864,0,1
2025131584629,2025,131584629,1,9,0,-1,10,1,5,-1,0,6,0,0,0,0,3,1,-1,9,2,86,11,-1,-1,-1,-1,8,E01011848,0,1
2025131584629,2025,131584629,2,9,0,-1,19,1,5,-1,0,1,0,0,0,0,1,1,-1,9,1,66,10,-1,-1,-1,-1,5,E01011770,0,2
2025131584672,2025,131584672,3,9,0,-1,-1,-1,-1,-1,-1,1,-1,-1,-1,-1,-1,1,-1,6,3,-1,-1,-1,-1,-1,-1,-1,-1,0,-1
2025131584672,2025,131584672,1,9,0,-1,9,8,4,-1,0,1,0,0,0,0,2,1,-1,6,2,50,8,-1,-1,-1,-1,7,E01010901,0,1
2025131584672,2025,131584672,2,9,0,-1,4,8,4,-1,0,1,0,0,0,0,2,1,-1,9,2,34,6,-1,-1,-1,-1,2,E01010894,0,1
2025131584791,2025,131584791,1,9,0,-1,-1,-1,-1,-1,-1,-1,-1,-1,-1,-1,-1,1,-1,6,3,0,1,-1,-1,-1,-1,-1,-1,0,-1
2025131584939,2025,131584939,2,3,0,-1,19,7,3,-1,0,0,0,0,0,0,1,1,-1,6,1,36,7,-1,-1,-1,-1,5,E01011435,0,2
2025131584939,2025,131584939,1,9,0,-1,9,3,7,-1,0,0,0,0,0,0,3,1,-1,1,1,71,10,-1,-1,-1,-1,3,E01010601,0,1
2025131584957,2025,131584957,2,3,0,-1,19,8,4,-1,0,1,1,0,7,3,3,1,-1,6,1,56,9,-1,-1,-1,-1,7,E01011604,0,1
2025131584957,2025,131584957,1,9,0,-1,9,4,8,-1,0,5,0,0,0,0,1,1,-1,2,1,71,10,-1,-1,-1,-1,3,E01010601,0,1
2025131584967,2025,131584967,1,9,0,-1,-1,-1,-1,-1,-1,0,-1,-1,-1,-1,-1,1,-1,6,3,-1,-1,-1,-1,-1,-1,-1,-1,0,-1
2025131584967,2025,131584967,2,9,0,-1,19,1,5,-1,0,0,0,0,2,0,3,1,-1,6,1,38,7,-1,-1,-1,-1,1,E01011492,0,3
2025131585005,2025,131585005,1,9,0,-1,19,3,3,-1,0,0,0,0,0,0,1,1,-1,6,2,40,7,-1,-1,-1,-1,1,E01010802,0,3
2025131585005,2025,131585005,2,9,0,-1,19,7,5,-1,0,0,0,0,0,0,3,1,-1,6,1,59,9,-1,-1,-1,-1,7,E01011069,0,3
2025131585014,2025,131585014,2,1,0,-1,5,1,1,-1,0,8,0,0,0,0,1,1,-1,6,1,35,6,-1,-1,-1,-1,1,E01011361,0,1
2025131585014,2025,131585014,1,9,0,-1,19,5,4,-1,0,8,0,0,0,0,1,1,-1,1,1,43,7,-1,-1,-1,-1,2,E01010619,0,3
2025131585038,2025,131585038,2,9,0,-1,3,7,3,-1,0,0,0,0,0,0,2,1,-1,9,1,47,8,-1,-1,-1,-1,2,E01010974,0,3
2025131585038,2025,131585038,1,9,0,-1,-1,-1,-1,-1,-1,0,-1,-1,-1,-1,-1,1,-1,6,3,-1,-1,-1,-1,-1,-1,-1,-1,0,-1
2025131585117,2025,131585117,1,9,0,-1,19,5,3,-1,0,1,0,0,0,0,4,1,-1,9,2,45,7,-1,-1,-1,-1,2,E01011128,0,1
2025131585117,2025,131585117,2,1,0,-1,19,1,3,-1,0,6,5,0,0,0,1,1,-1,9,1,11,3,-1,-1,-1,-1,2,E01011128,0,1
2025131585130,2025,131585130,1,9,0,-1,-1,-1,-1,-1,-1,0,-1,-1,-1,0,-1,1,-1,6,3,-1,-1,-1,-1,-1,-1,-1,-1,0,-1
2025131585145,2025,131585145,1,5,0,-1,9,5,1,-1,0,8,0,0,0,0,1,1,-1,9,1,41,7,-1,-1,-1,-1,1,E01010735,0,1
2025131585145,2025,131585145,2,2,0,-1,5,-1,-1,-1,0,1,0,-1,-1,-1,1,1,-1,6,3,0,1,-1,-1,-1,-1,-1,-1,0,-1
2025131585146,2025,131585146,1,23,0,-1,19,7,3,-1,0,8,0,0,0,0,1,1,-1,9,1,19,4,-1,-1,-1,-1,1,E01011372,0,1
2025131585146,2025,131585146,2,9,0,-1,19,5,1,-1,0,8,0,0,0,0,4,1,-1,9,1,31,6,-1,-1,-1,-1,-1,-1,0,-1
2025131585159,2025,131585159,1,9,0,-1,19,2,6,-1,0,1,5,0,1,10,1,1,-1,9,2,21,5,-1,-1,-1,-1,9,E01010687,0,4
2025131585159,2025,131585159,2,19,0,-1,19,2,6,-1,0,1,0,0,0,0,4,1,-1,1,1,34,6,-1,-1,-1,-1,1,E01011284,0,3
2025131585160,2025,131585160,1,9,0,-1,19,4,4,-1,0,0,2,0,0,0,4,1,-1,2,2,21,5,-1,-1,-1,-1,9,E01011566,0,3
2025131585176,2025,131585176,1,9,0,-1,19,4,2,-1,0,0,1,10,8,11,3,1,-1,9,1,26,6,-1,-1,-1,-1,7,E01010858,0,2
2025131585176,2025,131585176,2,9,0,-1,19,4,8,-1,0,0,0,0,0,0,0,1,-1,9,1,54,8,-1,-1,-1,-1,3,E01010595,0,1
2025131585188,2025,131585188,1,9,0,-1,-1,-1,-1,-1,-1,0,-1,-1,-1,-1,-1,1,-1,6,3,-1,-1,-1,-1,-1,-1,-1,-1,0,-1
2025131585188,2025,131585188,2,1,0,-1,-1,-1,-1,-1,-1,0,-1,-1,-1,-1,-1,1,-1,9,1,16,4,-1,-1,-1,-1,3,E01011249,0,1
2025131585231,2025,131585231,1,9,0,-1,19,5,1,-1,0,0,0,0,0,0,1,1,-1,6,2,35,6,-1,-1,-1,-1,3,E01010848,0,1
2025131585231,2025,131585231,2,9,0,-1,19,5,1,-1,0,0,0,0,0,0,2,1,-1,6,2,33,6,-1,-1,-1,-1,1,E01010666,0,1
2025131585231,2025,131585231,3,9,0,-1,5,5,1,-1,0,0,0,0,0,0,0,2,-1,6,3,0,1,-1,-1,-1,-1,-1,-1,0,-1
2025131585262,2025,131585262,1,9,0,-1,9,7,3,-1,0,8,0,0,0,0,3,1,-1,1,1,27,6,-1,-1,-1,-1,3,E01011033,0,3
2025131585262,2025,131585262,2,9,0,-1,19,3,7,-1,0,8,0,0,0,0,3,1,-1,9,1,63,9,-1,-1,-1,-1,8,E01011930,0,1
2025131585296,2025,131585296,2,9,0,-1,3,3,7,-1,0,0,0,0,0,0,2,1,-1,6,1,47,8,-1,-1,-1,-1,5,E01011736,0,1
2025131585296,2025,131585296,1,9,0,-1,19,3,7,-1,0,0,0,0,0,0,1,1,-1,6,3,-1,-1,-1,-1,-1,-1,-1,-1,0,-1
2025131585299,2025,131585299,2,9,0,-1,11,5,1,-1,0,0,0,0,0,0,3,1,-1,2,2,45,7,-1,-1,-1,-1,2,E01010740,0,1
2025131585299,2025,131585299,1,9,0,-1,7,-1,-1,-1,0,0,-1,-1,-1,-1,-1,1,-1,6,3,-1,-1,-1,-1,-1,-1,-1,-1,0,-1
2025131585391,2025,131585391,2,9,0,-1,19,7,3,-1,0,1,0,4,0,0,1,1,-1,6,2,22,5,-1,-1,-1,-1,5,E01011666,0,2
2025131585391,2025,131585391,1,19,0,-1,3,7,3,-1,0,8,0,0,0,0,2,1,-1,1,1,53,8,-1,-1,-1,-1,5,E01007361,0,4
2025131585396,2025,131585396,1,9,0,-1,9,5,3,-1,0,6,0,0,0,0,1,1,-1,6,3,-1,-1,-1,-1,-1,-1,-1,-1,0,-1
2025131585396,2025,131585396,2,9,0,-1,19,3,7,-1,0,8,0,0,0,0,4,1,-1,6,1,53,8,-1,-1,-1,-1,10,E01030316,0,5
2025131585464,2025,131585464,1,9,0,-1,9,5,8,-1,0,8,0,0,0,0,0,1,-1,1,1,31,6,-1,-1,-1,-1,1,E01011366,0,1
2025131585464,2025,131585464,2,1,0,-1,19,3,7,-1,4,8,5,0,0,0,0,1,-1,1,1,27,6,-1,-1,-1,-1,2,E01033003,0,1
2025131585491,2025,131585491,1,9,0,-1,-1,-1,-1,-1,-1,8,-1,-1,-1,0,-1,1,-1,6,3,-1,-1,-1,-1,-1,-1,-1,-1,0,-1
2025131585568,2025,131585568,1,9,0,-1,19,5,1,-1,0,8,0,0,0,0,1,1,-1,6,1,41,7,-1,-1,-1,-1,4,E01011158,0,1
2025131585568,2025,131585568,2,9,0,-1,14,5,1,-1,9,8,5,0,7,10,1,1,-1,6,1,32,6,-1,-1,-1,-1,2,E01011232,0,3
2025131585605,2025,131585605,2,9,0,-1,9,3,2,-1,0,0,0,0,0,0,4,1,-1,9,2,42,7,-1,-1,-1,-1,5,E01010990,0,2
2025131585605,2025,131585605,1,9,0,-1,-1,-1,-1,-1,-1,0,-1,-1,-1,-1,-1,1,-1,6,3,-1,-1,-1,-1,-1,-1,-1,-1,0,-1
2025131585629,2025,131585629,2,3,0,-1,19,4,8,-1,0,0,0,0,0,0,1,1,-1,9,1,55,8,-1,-1,-1,-1,3,E01011871,0,1
2025131585629,2025,131585629,1,9,0,-1,9,2,6,-1,0,0,0,0,0,0,4,1,-1,9,1,34,6,-1,-1,-1,-1,2,E01032492,0,4
2025131585646,2025,131585646,1,19,0,-1,19,5,1,-1,0,0,0,0,0,0,1,1,-1,1,1,39,7,-1,-1,-1,-1,1,E01007727,0,4
2025131585646,2025,131585646,2,9,0,-1,4,5,1,-1,0,0,0,0,0,0,2,1,-1,9,2,33,6,-1,-1,-1,-1,6,E01014175,0,5
2025131585679,2025,131585679,2,9,0,-1,19,3,7,-1,0,0,0,0,0,0,1,1,-1,9,-1,31,6,-1,-1,-1,-1,8,E01011185,0,1
2025131585679,2025,131585679,1,9,0,-1,19,3,7,-1,0,0,0,0,0,0,1,1,-1,9,1,79,11,-1,-1,-1,-1,8,E01011187,0,1
2025131585696,2025,131585696,1,9,0,-1,9,3,1,-1,0,8,0,0,0,0,1,1,-1,6,3,-1,-1,-1,-1,-1,-1,-1,-1,0,-1
2025131585696,2025,131585696,2,1,0,-1,19,7,3,-1,0,8,0,0,0,0,1,1,-1,6,1,18,4,-1,-1,-1,-1,1,E01010632,0,1
2025131585722,2025,131585722,1,11,0,-1,19,3,7,-1,0,8,0,0,0,0,1,1,-1,1,1,70,10,-1,-1,-1,-1,5,E01035047,0,1
2025131585724,2025,131585724,2,9,0,-1,19,3,7,-1,0,8,0,0,0,0,1,1,-1,9,2,48,8,-1,-1,-1,-1,2,E01011060,0,3
2025131585724,2025,131585724,1,9,0,-1,9,1,3,-1,0,8,0,0,0,0,1,1,-1,9,2,78,11,-1,-1,-1,-1,10,E01033495,0,4
2025131585743,2025,131585743,1,9,0,-1,19,7,3,-1,0,1,0,0,0,0,1,1,-1,6,1,27,6,-1,-1,-1,-1,4,E01010854,0,2
2025131585743,2025,131585743,4,9,0,-1,2,0,0,-1,0,2,0,0,0,0,1,1,-1,6,-1,-1,-1,-1,-1,-1,-1,-1,-1,0,-1
2025131585743,2025,131585743,2,9,0,-1,9,1,7,-1,0,6,0,0,0,0,1,1,-1,6,2,46,8,-1,-1,-1,-1,3,E01010669,0,1
2025131585743,2025,131585743,3,9,0,-1,2,0,0,-1,0,2,0,0,0,0,1,1,-1,6,-1,-1,-1,-1,-1,-1,-1,-1,-1,0,-1
2025131585752,2025,131585752,1,9,0,-1,19,7,3,-1,0,1,0,0,0,0,1,1,-1,9,1,20,4,-1,-1,-1,-1,2,E01011040,0,1
2025131585752,2025,131585752,2,9,0,-1,9,3,7,-1,0,6,0,0,0,0,3,1,-1,6,3,-1,-1,-1,-1,-1,-1,-1,-1,0,-1
2025131585816,2025,131585816,1,9,0,-1,19,1,3,-1,0,8,0,0,0,0,1,1,-1,6,1,75,10,-1,-1,-1,-1,1,E01010802,0,1
2025131585816,2025,131585816,2,5,0,-1,19,7,3,-1,0,8,0,0,0,0,1,1,-1,6,1,47,8,-1,-1,-1,-1,7,E01010587,0,1
2025131585856,2025,131585856,1,9,0,-1,19,3,7,-1,0,0,1,10,7,4,1,1,-1,6,2,21,5,-1,-1,-1,-1,3,E01010877,0,2
2025131585907,2025,131585907,1,9,0,-1,7,1,1,-1,0,1,0,0,0,0,4,1,-1,6,2,63,9,-1,-1,-1,-1,1,E01011621,0,1
2025131585907,2025,131585907,2,1,0,-1,19,1,1,-1,0,1,0,0,0,0,1,1,-1,6,2,62,9,-1,-1,-1,-1,1,E01011357,0,1
2025131585959,2025,131585959,1,9,0,-1,9,6,2,-1,0,0,0,0,0,0,1,1,-1,9,2,55,8,-1,-1,-1,-1,1,E01011723,0,1
2025131585959,2025,131585959,2,5,0,-1,19,2,6,-1,0,0,5,0,0,0,1,1,-1,9,1,40,7,-1,-1,-1,-1,3,E01011722,0,1
2025131586012,2025,131586012,1,9,0,-1,5,8,4,-1,9,0,0,0,0,0,3,1,-1,9,1,50,8,-1,-1,-1,-1,1,E01010748,0,1
2025131586017,2025,131586017,1,9,0,-1,19,7,3,-1,0,2,0,0,0,0,1,1,-1,6,1,77,11,-1,-1,-1,-1,7,E01010972,0,1
2025131586017,2025,131586017,2,9,0,-1,19,3,7,-1,0,1,0,0,0,0,1,1,-1,9,1,59,9,-1,-1,-1,-1,6,E01010999,0,1
2025131586030,2025,131586030,2,1,0,-1,10,7,1,-1,0,8,0,0,0,0,3,1,-1,9,1,66,10,-1,-1,-1,-1,8,E01010907,0,1
2025131586030,2025,131586030,1,9,0,-1,10,7,1,-1,0,8,0,0,0,0,4,2,-1,9,1,23,5,-1,-1,-1,-1,4,E01010923,0,3
2025131586037,2025,131586037,1,9,0,-1,19,7,3,-1,0,0,5,0,7,11,1,1,-1,6,1,54,8,-1,-1,-1,-1,6,E01011734,0,1
2025131586079,2025,131586079,1,-1,0,-1,19,7,3,-1,0,0,0,0,0,0,1,1,-1,6,1,47,8,-1,-1,-1,-1,1,E01010622,1,1
2025131586211,2025,131586211,1,9,0,-1,5,5,1,-1,0,4,0,0,0,0,1,1,-1,9,2,23,5,-1,-1,-1,-1,1,E01011656,0,1
2025131586211,2025,131586211,2,9,0,-1,4,5,1,-1,0,4,0,0,0,0,2,1,-1,7,2,37,7,-1,-1,-1,-1,1,E01011626,0,1
2025131586392,2025,131586392,1,9,0,-1,9,5,1,-1,0,8,0,0,0,0,1,1,-1,9,1,53,8,-1,-1,-1,-1,1,E01010710,0,1
2025131586392,2025,131586392,2,1,0,-1,19,3,7,-1,0,1,5,0,0,0,1,1,-1,9,1,11,3,-1,-1,-1,-1,1,E01010710,0,1
2025131586457,2025,131586457,1,9,0,-1,7,3,7,-1,0,1,0,0,1,0,3,1,-1,6,3,-1,-1,-1,-1,-1,-1,-1,-1,0,-1
2025131586458,2025,131586458,1,23,0,-1,19,1,1,-1,9,0,0,0,0,0,1,1,-1,6,3,-1,-1,-1,-1,-1,-1,-1,-1,0,-1
2025131586458,2025,131586458,2,1,0,-1,19,1,1,-1,9,0,0,0,0,0,1,1,-1,6,1,31,6,-1,-1,-1,-1,-1,-1,0,-1
2025131586504,2025,131586504,1,9,0,-1,19,-1,-1,-1,0,1,0,-1,-1,-1,4,1,-1,9,1,22,5,-1,-1,-1,-1,2,E01011448,0,1
2025131586524,2025,131586524,2,9,0,-1,19,5,1,-1,0,8,0,0,0,0,1,1,-1,1,1,81,11,-1,-1,-1,-1,10,E01010646,0,1
2025131586524,2025,131586524,1,9,0,-1,9,8,4,-1,0,8,0,0,0,0,1,1,-1,9,1,17,4,-1,-1,-1,-1,3,E01010704,0,2
2025131586525,2025,131586525,1,9,0,-1,7,2,6,-1,0,2,0,0,0,0,1,1,-1,9,1,33,6,-1,-1,-1,-1,2,E01011840,0,1
2025131586680,2025,131586680,1,9,0,-1,19,1,5,-1,0,0,2,0,7,4,2,1,-1,6,1,23,5,-1,-1,-1,-1,4,E01011891,0,1
2025131586812,2025,131586812,1,9,0,-1,-1,-1,-1,-1,-1,0,-1,-1,-1,0,-1,1,-1,6,3,-1,-1,-1,-1,-1,-1,-1,-1,0,-1
2025131586812,2025,131586812,2,9,0,-1,19,1,1,-1,0,0,0,0,0,0,4,1,-1,6,1,25,5,-1,-1,-1,-1,4,E01011777,0,4
2025131586900,2025,131586900,1,9,0,-1,19,5,1,-1,0,2,0,0,0,0,3,1,-1,9,1,63,9,-1,-1,-1,-1,1,E01011667,0,1
2025131586900,2025,131586900,2,9,0,-1,5,3,7,-1,0,2,0,0,0,0,1,1,-1,9,1,37,7,-1,-1,-1,-1,1,E01011667,0,1
2025131586969,2025,131586969,1,9,0,-1,7,1,5,-1,0,1,0,0,0,0,-1,1,-1,6,3,17,4,-1,-1,-1,-1,-1,-1,0,-1
2025131586969,2025,131586969,2,9,0,-1,7,1,5,-1,0,1,0,0,0,0,2,1,-1,2,2,57,9,-1,-1,-1,-1,1,E01011620,0,1
2025131586995,2025,131586995,1,9,0,-1,-1,-1,-1,-1,-1,-1,-1,-1,-1,-1,-1,1,-1,6,3,0,1,-1,-1,-1,-1,-1,-1,0,-1
2025131587234,2025,131587234,1,9,0,-1,19,1,4,-1,0,0,0,0,0,0,1,1,-1,1,2,35,6,-1,-1,-1,-1,8,E01011507,0,1
2025131587234,2025,131587234,2,9,0,-1,9,4,8,-1,0,0,0,0,8,0,1,1,-1,9,1,19,4,-1,-1,-1,-1,1,E01011422,0,1
2025131587275,2025,131587275,1,9,0,-1,19,5,1,-1,0,0,0,0,0,0,1,1,-1,6,1,22,5,-1,-1,-1,-1,3,E01010629,0,1
2025131587366,2025,131587366,1,9,0,-1,-1,-1,-1,-1,-1,0,-1,-1,-1,-1,-1,1,-1,6,3,-1,-1,-1,-1,-1,-1,-1,-1,0,-1
2025131587439,2025,131587439,1,9,0,-1,19,7,3,-1,0,1,0,0,0,0,1,1,-1,9,1,36,7,-1,-1,-1,-1,1,E01010731,0,1
2025131587500,2025,131587500,2,9,0,-1,2,0,0,-1,0,1,1,0,0,0,3,1,-1,6,-1,-1,-1,-1,-1,-1,-1,-1,-1,0,-1
2025131587500,2025,131587500,1,9,0,-1,19,5,1,-1,0,1,0,4,0,0,1,1,-1,9,2,81,11,-1,-1,-1,-1,7,E01011176,0,1