collision_index,collision_year,collision_ref_no,vehicle_reference,vehicle_type,towing_and_articulation,vehicle_manoeuvre_historic,vehicle_manoeuvre,vehicle_direction_from,vehicle_direction_to,vehicle_location_restricted_lane_historic,vehicle_location_restricted_lane,junction_location,skidding_and_overturning,hit_object_in_carriageway,vehicle_leaving_carriageway,hit_object_off_carriageway,first_point_of_impact,vehicle_left_hand_drive,journey_purpose_of_driver_historic,journey_purpose_of_driver,sex_of_driver,age_of_driver,age_band_of_driver,engine_capacity_cc,propulsion_code,age_of_vehicle,generic_make_model,driver_imd_decile,lsoa_of_driver,escooter_flag,driver_distance_banding
2025131587527,2025,131587527,1,9,0,-1,19,7,3,-1,0,0,0,0,0,0,1,1,-1,2,1,56,9,-1,-1,-1,-1,6,E01011142,0,3
2025131587527,2025,131587527,2,9,0,-1,2,7,3,-1,0,0,0,0,0,0,2,1,-1,2,1,64,9,-1,-1,-1,-1,2,E01011914,0,2
2025131587527,2025,131587527,3,9,0,-1,2,7,3,-1,0,0,0,0,0,0,2,1,-1,6,-1,-1,-1,-1,-1,-1,-1,-1,-1,0,-1
2025131587534,2025,131587534,1,9,0,-1,19,7,3,-1,0,0,0,0,0,0,1,1,-1,9,2,55,8,-1,-1,-1,-1,3,E01010703,0,1
2025131587594,2025,131587594,1,1,0,-1,19,5,1,-1,0,2,1,0,0,0,4,1,-1,7,1,12,3,-1,-1,-1,-1,1,E01011348,0,1
2025131587594,2025,131587594,2,9,0,-1,19,8,4,-1,0,2,0,0,0,0,1,1,-1,9,1,59,9,-1,-1,-1,-1,3,E01033002,0,1
2025131587616,2025,131587616,1,97,0,-1,19,5,1,-1,0,1,0,0,0,0,3,1,-1,9,1,58,9,-1,-1,-1,-1,7,E01010931,0,2
2025131587616,2025,131587616,2,9,0,-1,19,5,1,-1,0,2,0,0,0,0,1,1,-1,9,1,40,7,-1,-1,-1,-1,5,E01015718,0,5
2025131587661,2025,131587661,1,9,0,-1,4,7,3,-1,0,1,0,0,0,0,2,1,-1,9,1,61,9,-1,-1,-1,-1,9,E01011874,0,2
2025131587661,2025,131587661,2,4,0,-1,4,7,3,-1,0,1,0,0,0,0,1,1,-1,9,1,55,8,-1,-1,-1,-1,1,E01011850,0,1
2025131587669,2025,131587669,1,9,0,-1,4,1,5,-1,0,0,0,0,0,0,2,1,-1,9,1,73,10,-1,-1,-1,-1,2,E01010942,0,1
2025131587669,2025,131587669,2,9,0,-1,19,1,5,-1,0,0,0,0,0,0,1,1,-1,9,1,22,5,-1,-1,-1,-1,5,E01010939,0,1
2025131587723,2025,131587723,2,9,0,-1,6,3,7,-1,0,8,0,0,0,0,3,1,-1,1,1,43,7,-1,-1,-1,-1,1,E01010842,0,4
2025131587723,2025,131587723,1,9,0,-1,19,7,3,-1,0,8,0,0,0,0,1,1,-1,9,2,79,11,-1,-1,-1,-1,5,E01011782,0,1
2025131587726,2025,131587726,1,9,0,-1,9,1,7,-1,0,0,0,0,0,0,1,1,-1,6,3,-1,-1,-1,-1,-1,-1,-1,-1,0,-1
2025131587726,2025,131587726,2,9,0,-1,19,7,7,-1,0,0,0,0,0,0,3,1,-1,6,2,32,6,-1,-1,-1,-1,4,E01011823,0,2
2025131587728,2025,131587728,2,9,0,-1,5,3,1,-1,0,6,0,0,0,0,4,1,-1,6,1,30,6,-1,-1,-1,-1,1,E01010710,0,4
2025131587728,2025,131587728,1,19,0,-1,19,1,5,-1,0,1,0,0,0,0,4,1,-1,1,1,50,8,-1,-1,-1,-1,9,E01011117,0,4
2025131587739,2025,131587739,2,21,0,-1,19,3,7,-1,0,0,0,0,0,0,1,1,-1,1,1,40,7,-1,-1,-1,-1,5,E01011757,0,3
2025131587739,2025,131587739,3,9,0,-1,19,3,7,-1,0,0,0,0,0,0,1,1,-1,9,1,41,7,-1,-1,-1,-1,-1,-1,0,-1
2025131587739,2025,131587739,1,9,0,-1,19,3,7,-1,0,0,0,0,5,0,3,1,-1,9,2,60,9,-1,-1,-1,-1,3,E01011245,0,2
2025131587777,2025,131587777,1,9,0,-1,19,3,7,-1,0,8,0,0,0,0,1,1,-1,9,1,39,7,-1,-1,-1,-1,3,E01011920,0,1
2025131587777,2025,131587777,2,9,0,-1,19,7,3,-1,0,8,0,0,0,0,4,1,-1,2,2,17,4,-1,-1,-1,-1,5,E01011818,0,2
2025131587816,2025,131587816,2,19,0,-1,19,7,3,-1,0,1,0,0,0,0,4,1,-1,1,1,55,8,-1,-1,-1,-1,5,E01010990,0,2
2025131587816,2025,131587816,3,9,0,-1,19,7,3,-1,0,1,0,0,7,0,2,1,-1,9,1,74,10,-1,-1,-1,-1,6,E01010932,0,1
2025131587816,2025,131587816,1,9,0,-1,19,7,3,-1,0,1,1,0,0,0,1,1,-1,9,1,33,6,-1,-1,-1,-1,1,E01010742,0,1
2025131587827,2025,131587827,1,9,0,-1,-1,-1,-1,-1,-1,0,-1,-1,-1,0,-1,1,-1,6,3,0,1,-1,-1,-1,-1,-1,-1,0,-1
2025131587831,2025,131587831,2,19,0,-1,19,5,1,-1,0,0,0,0,0,0,1,1,-1,6,2,21,5,-1,-1,-1,-1,9,E01013426,0,4
2025131587831,2025,131587831,1,9,0,-1,20,5,1,-1,0,0,0,0,0,0,3,1,-1,6,1,43,7,-1,-1,-1,-1,5,E01011407,0,1
2025131587846,2025,131587846,1,9,0,-1,19,1,5,-1,0,0,0,0,0,0,1,1,-1,6,2,35,6,-1,-1,-1,-1,5,E01035053,0,1
2025131587846,2025,131587846,3,9,0,-1,2,1,5,-1,0,0,0,0,0,0,2,1,-1,6,3,-1,-1,-1,-1,-1,-1,-1,-1,0,-1
2025131587846,2025,131587846,2,9,0,-1,2,1,5,-1,0,0,0,0,0,0,3,1,-1,6,1,71,10,-1,-1,-1,-1,6,E01035048,0,1
2025131587894,2025,131587894,2,1,0,-1,19,5,1,-1,4,1,0,0,0,0,4,1,-1,6,1,37,7,-1,-1,-1,-1,1,E01011316,0,1
2025131587894,2025,131587894,1,9,0,-1,9,7,3,-1,0,6,0,0,0,0,1,1,-1,6,1,50,8,-1,-1,-1,-1,1,E01011366,0,1
2025131587915,2025,131587915,1,9,0,-1,19,1,5,-1,0,1,0,0,0,0,3,1,-1,2,1,48,8,-1,-1,-1,-1,1,E01011378,0,1
2025131587915,2025,131587915,2,9,0,-1,5,3,7,-1,0,6,0,0,0,0,3,1,-1,9,2,73,10,-1,-1,-1,-1,10,E01011376,0,1
2025131587922,2025,131587922,2,9,0,-1,19,5,1,-1,0,0,0,0,1,0,0,1,-1,9,2,64,9,-1,-1,-1,-1,4,E01010992,0,1
2025131587922,2025,131587922,1,9,0,-1,-1,-1,-1,-1,-1,0,-1,-1,-1,-1,1,1,-1,6,3,-1,-1,-1,-1,-1,-1,-1,-1,0,-1
2025131588026,2025,131588026,1,22,0,-1,19,7,3,-1,0,0,5,0,0,0,4,1,-1,9,1,60,9,-1,-1,-1,-1,1,E01010824,0,1
2025131588059,2025,131588059,3,11,0,-1,2,0,0,-1,0,1,0,4,0,0,2,2,-1,6,-1,-1,-1,-1,-1,-1,-1,-1,-1,0,-1
2025131588059,2025,131588059,2,9,0,-1,2,0,0,-1,0,1,0,0,0,0,2,2,-1,6,-1,-1,-1,-1,-1,-1,-1,-1,-1,0,-1
2025131588059,2025,131588059,5,9,0,-1,2,0,0,-1,0,1,0,0,0,0,2,2,-1,6,-1,-1,-1,-1,-1,-1,-1,-1,-1,0,-1
2025131588059,2025,131588059,4,9,0,-1,2,0,0,-1,0,1,0,4,0,0,2,2,-1,6,-1,-1,-1,-1,-1,-1,-1,-1,-1,0,-1
2025131588059,2025,131588059,1,9,0,-1,19,7,1,-1,0,1,0,0,0,0,1,2,-1,9,1,30,6,-1,-1,-1,-1,1,E01010674,0,2
2025131588119,2025,131588119,2,1,0,-1,19,1,1,-1,0,1,0,0,0,0,4,1,-1,2,1,22,5,-1,-1,-1,-1,-1,-1,0,-1
2025131588119,2025,131588119,1,9,0,-1,5,1,5,-1,0,1,-1,-1,-1,0,-1,1,-1,6,3,-1,-1,-1,-1,-1,-1,-1,-1,0,-1
2025131588237,2025,131588237,1,9,0,-1,1,2,6,-1,0,0,0,0,0,0,2,1,-1,6,1,37,7,-1,-1,-1,-1,2,E01011533,0,1
2025131588296,2025,131588296,1,9,0,-1,19,1,5,-1,0,0,0,0,0,0,0,1,-1,1,1,30,6,-1,-1,-1,-1,1,E01010614,0,2
2025131588296,2025,131588296,2,9,0,-1,19,1,5,-1,0,0,0,0,1,0,1,1,-1,6,1,15,3,-1,-1,-1,-1,2,E01010682,0,1
2025131588296,2025,131588296,3,9,0,-1,3,1,5,-1,0,0,0,0,0,0,4,1,-1,6,1,20,4,-1,-1,-1,-1,3,E01013932,0,5
2025131588299,2025,131588299,1,9,0,-1,-1,-1,-1,-1,-1,0,-1,-1,-1,-1,-1,1,-1,6,3,0,1,-1,-1,-1,-1,-1,-1,0,-1
2025131588348,2025,131588348,2,9,0,-1,19,5,1,-1,0,0,0,0,0,0,3,1,-1,9,2,34,6,-1,-1,-1,-1,1,E01011140,0,1
2025131588348,2025,131588348,1,9,0,-1,19,5,1,-1,0,0,5,0,0,0,1,1,-1,9,2,25,5,-1,-1,-1,-1,1,E01011059,0,2
2025131588357,2025,131588357,2,9,0,-1,-1,-1,-1,-1,0,1,-1,-1,-1,0,-1,1,-1,6,3,0,1,-1,-1,-1,-1,-1,-1,0,-1
2025131588357,2025,131588357,1,9,0,-1,19,3,7,-1,0,1,0,0,7,0,3,1,-1,1,1,56,9,-1,-1,-1,-1,2,E01011043,0,2
2025131588362,2025,131588362,1,9,0,-1,19,1,1,-1,0,1,0,0,0,0,1,1,-1,6,2,22,5,-1,-1,-1,-1,1,E01010622,0,1
2025131588362,2025,131588362,2,9,0,-1,19,1,1,-1,0,1,0,0,0,0,1,1,-1,6,2,42,7,-1,-1,-1,-1,1,E01010732,0,1
2025131588376,2025,131588376,1,9,0,-1,5,3,7,-1,0,6,0,0,3,0,1,1,-1,9,2,48,8,-1,-1,-1,-1,-1,-1,0,-1
2025131588376,2025,131588376,2,5,0,-1,19,1,5,-1,0,1,0,0,0,0,1,1,-1,6,2,55,8,-1,-1,-1,-1,1,E01034582,0,2
2025131588446,2025,131588446,2,9,0,-1,19,5,2,-1,0,8,0,0,0,0,4,1,-1,6,2,22,5,-1,-1,-1,-1,5,E01019873,0,4
2025131588446,2025,131588446,1,9,0,-1,19,1,2,-1,0,4,0,0,0,0,1,1,-1,6,3,-1,-1,-1,-1,-1,-1,-1,-1,0,-1
2025131588459,2025,131588459,1,9,0,-1,9,5,1,-1,0,8,0,0,0,0,2,1,-1,9,1,52,8,-1,-1,-1,-1,2,E01010942,0,1
2025131588459,2025,131588459,2,97,0,-1,13,-1,-1,-1,0,1,0,-1,-1,-1,-1,1,-1,9,1,19,4,-1,-1,-1,-1,7,E01010760,0,1
2025131588481,2025,131588481,1,9,0,-1,12,3,7,-1,0,0,0,0,0,0,3,1,-1,9,-1,22,5,-1,-1,-1,-1,1,E01010654,0,3
2025131588481,2025,131588481,2,4,0,-1,7,3,7,-1,0,0,1,0,0,0,4,1,-1,9,2,69,10,-1,-1,-1,-1,2,E01011547,0,1
2025131588499,2025,131588499,1,9,0,-1,19,3,7,-1,0,1,0,0,0,0,4,2,-1,9,1,44,7,-1,-1,-1,-1,4,E01011287,0,1
2025131588507,2025,131588507,2,9,0,-1,19,2,6,-1,0,0,0,0,0,0,3,1,-1,9,1,33,6,-1,-1,-1,-1,2,E01011853,0,1
2025131588507,2025,131588507,1,5,0,-1,13,2,6,-1,0,0,0,0,1,10,1,1,-1,9,1,65,9,-1,-1,-1,-1,2,E01007435,0,3
2025131588534,2025,131588534,2,9,0,-1,19,1,5,-1,0,0,0,0,1,0,3,1,-1,9,1,26,6,-1,-1,-1,-1,8,E01011767,0,1
2025131588534,2025,131588534,1,9,0,-1,19,5,1,-1,0,0,0,0,7,9,3,1,-1,6,1,28,6,-1,-1,-1,-1,2,E01011781,0,2
2025131588583,2025,131588583,1,9,0,-1,19,1,5,-1,0,0,5,7,0,0,1,1,-1,1,1,26,6,-1,-1,-1,-1,1,E01011340,0,2
2025131588585,2025,131588585,1,9,0,-1,3,1,5,-1,0,3,0,0,0,0,2,1,-1,2,2,32,6,-1,-1,-1,-1,2,E01011020,0,1
2025131588585,2025,131588585,2,98,0,-1,-1,-1,-1,-1,-1,2,-1,-1,-1,-1,-1,1,-1,6,3,-1,-1,-1,-1,-1,-1,-1,-1,0,-1
2025131588592,2025,131588592,1,1,0,-1,19,1,5,-1,0,1,0,0,0,0,1,1,-1,6,1,46,8,-1,-1,-1,-1,10,E01011797,0,2
2025131588592,2025,131588592,2,9,0,-1,9,2,4,-1,0,8,0,11,3,0,1,2,-1,9,1,26,6,-1,-1,-1,-1,9,E01011199,0,2
2025131588739,2025,131588739,2,9,0,-1,10,6,2,-1,0,1,0,0,0,0,3,1,-1,2,1,34,6,-1,-1,-1,-1,1,E01013677,0,5
2025131588739,2025,131588739,1,9,0,-1,19,4,4,-1,0,1,0,0,0,0,1,1,-1,2,2,23,5,-1,-1,-1,-1,4,E01011870,0,1
2025131588776,2025,131588776,1,21,0,-1,19,7,7,-1,0,0,0,0,0,0,1,1,-1,1,1,44,7,-1,-1,-1,-1,1,E01012836,0,4
2025131588776,2025,131588776,2,9,0,-1,19,7,7,-1,0,0,0,0,0,0,2,1,-1,1,2,27,6,-1,-1,-1,-1,8,E01011297,0,3
2025131588833,2025,131588833,1,9,0,-1,-1,-1,-1,-1,-1,-1,-1,-1,-1,-1,-1,1,-1,6,3,-1,-1,-1,-1,-1,-1,-1,-1,0,-1
2025131588840,2025,131588840,1,9,0,-1,19,5,1,-1,0,1,0,0,0,0,1,1,-1,9,2,39,7,-1,-1,-1,-1,4,E01011801,0,3
2025131588840,2025,131588840,2,9,0,-1,19,5,1,-1,0,2,0,0,0,0,2,1,-1,1,1,33,6,-1,-1,-1,-1,1,E01011349,0,1
2025131588840,2025,131588840,3,9,0,-1,19,5,1,-1,0,2,0,0,0,0,2,1,-1,9,1,28,6,-1,-1,-1,-1,2,E01011331,0,3
2025131588892,2025,131588892,2,21,0,-1,19,8,8,-1,0,0,0,0,0,0,1,1,-1,1,1,63,9,-1,-1,-1,-1,1,E01034583,0,4
2025131588892,2025,131588892,1,9,0,-1,7,1,8,-1,0,0,0,0,1,0,1,1,-1,2,1,39,7,-1,-1,-1,-1,1,E01011433,0,2
2025131588917,2025,131588917,2,9,0,-1,5,1,5,-1,0,1,0,0,0,0,1,1,-1,6,1,24,5,-1,-1,-1,-1,3,E01010669,0,1
2025131588917,2025,131588917,1,9,0,-1,2,1,5,-1,0,1,0,0,0,0,2,1,-1,6,1,30,6,-1,-1,-1,-1,3,E01010584,0,1
2025131588937,2025,131588937,1,9,0,-1,19,1,5,-1,0,1,0,0,0,0,3,1,-1,9,1,52,8,-1,-1,-1,-1,9,E01011046,0,1
2025131588961,2025,131588961,1,9,0,-1,-1,-1,-1,-1,-1,0,-1,-1,-1,0,-1,1,-1,6,3,-1,-1,-1,-1,-1,-1,-1,-1,0,-1
2025131588961,2025,131588961,2,9,0,-1,4,1,5,-1,0,0,0,0,0,0,2,1,-1,6,2,44,7,-1,-1,-1,-1,1,E01011082,0,1
2025131589000,2025,131589000,2,9,0,-1,19,2,6,-1,0,8,0,0,0,0,1,1,-1,9,2,32,6,-1,-1,-1,-1,4,E01005231,0,4
2025131589000,2025,131589000,1,5,0,-1,19,2,7,-1,0,8,0,0,0,0,3,1,-1,9,1,68,10,-1,-1,-1,-1,7,E01010901,0,1
2025131589015,2025,131589015,1,9,0,-1,5,1,1,-1,0,0,0,0,0,0,1,1,-1,6,-1,-1,-1,-1,-1,-1,-1,-1,-1,0,-1
2025131589015,2025,131589015,2,90,0,-1,19,5,5,-1,0,0,0,0,0,0,2,1,-1,8,2,32,6,-1,-1,-1,-1,7,E01011072,0,2
2025131589019,2025,131589019,1,5,0,-1,4,7,1,-1,0,1,0,0,0,0,2,1,-1,2,1,46,8,-1,-1,-1,-1,3,E01010867,0,3
2025131589019,2025,131589019,2,9,0,-1,5,7,1,-1,0,1,0,0,0,0,1,2,-1,2,2,42,7,-1,-1,-1,-1,7,E01011511,0,1
2025131589087,2025,131589087,2,9,0,-1,19,6,2,-1,0,0,0,0,0,0,1,1,-1,6,2,29,6,-1,-1,-1,-1,1,E01011725,0,1
2025131589087,2025,131589087,1,9,0,-1,19,6,2,-1,0,0,0,0,0,0,1,1,-1,6,1,32,6,-1,-1,-1,-1,1,E01011467,0,3
2025131589087,2025,131589087,3,9,0,-1,19,6,2,-1,0,0,0,0,0,0,2,1,-1,6,1,39,7,-1,-1,-1,-1,2,E01011424,0,3
2025131589149,2025,131589149,1,2,0,-1,19,1,5,-1,0,1,0,0,0,0,1,1,-1,2,1,16,4,-1,-1,-1,-1,1,E01011917,0,1
2025131589174,2025,131589174,1,9,0,-1,19,5,1,-1,0,2,0,0,0,0,3,1,-1,9,1,43,7,-1,-1,-1,-1,1,E01011357,0,1
2025131589351,2025,131589351,1,9,0,-1,19,1,5,-1,-1,0,5,0,1,2,3,1,-1,9,1,23,5,-1,-1,-1,-1,2,E01010738,0,1
2025131589372,2025,131589372,2,9,0,-1,5,3,7,-1,0,7,0,0,0,0,2,1,-1,6,2,41,7,-1,-1,-1,-1,1,E01010610,0,1
2025131589372,2025,131589372,1,9,0,-1,5,3,7,-1,0,1,0,0,0,0,-1,1,-1,6,3,-1,-1,-1,-1,-1,-1,-1,-1,0,-1
2025131589391,2025,131589391,2,9,0,-1,19,1,5,-1,0,0,0,0,0,0,2,1,-1,2,1,18,4,-1,-1,-1,-1,5,E01011407,0,1
2025131589391,2025,131589391,1,9,0,-1,-1,-1,-1,-1,-1,0,-1,-1,-1,0,-1,1,-1,6,3,-1,-1,-1,-1,-1,-1,-1,-1,0,-1
2025131589427,2025,131589427,2,1,0,-1,19,5,1,-1,4,0,5,0,0,0,4,1,-1,6,1,53,8,-1,-1,-1,-1,6,E01035050,0,1
2025131589427,2025,131589427,1,9,0,-1,2,5,1,-1,-1,0,0,0,0,0,3,1,-1,6,2,33,6,-1,-1,-1,-1,1,E01011475,0,1
2025131589499,2025,131589499,2,23,0,-1,3,3,7,-1,0,0,0,0,0,0,2,1,-1,6,2,30,6,-1,-1,-1,-1,3,E01010657,0,1
2025131589499,2025,131589499,1,9,0,-1,10,3,7,-1,0,0,0,0,0,0,1,1,-1,6,3,-1,-1,-1,-1,-1,-1,-1,-1,0,-1
2025131589569,2025,131589569,1,9,0,-1,19,7,3,-1,0,0,0,0,0,0,1,1,-1,6,1,32,6,-1,-1,-1,-1,1,E01027363,0,5
2025131589569,2025,131589569,2,9,0,-1,19,7,3,-1,0,0,0,0,0,0,2,1,-1,6,1,71,10,-1,-1,-1,-1,10,E01011888,0,4
2025131589639,2025,131589639,3,9,0,-1,19,8,4,-1,0,0,0,0,0,0,0,1,-1,9,2,20,4,-1,-1,-1,-1,2,E01011859,0,4
2025131589639,2025,131589639,2,9,0,-1,19,4,8,-1,0,0,0,0,0,0,0,1,-1,6,-1,50,8,-1,-1,-1,-1,-1,-1,0,-1
2025131589639,2025,131589639,1,9,0,-1,19,8,4,-1,0,0,1,0,0,0,0,1,-1,9,1,20,4,-1,-1,-1,-1,5,E01011892,0,1
2025131589648,2025,131589648,1,97,0,-1,19,1,1,-1,0,6,0,0,0,0,3,1,-1,6,1,29,6,-1,-1,-1,-1,2,E01010717,0,3
2025131589648,2025,131589648,2,10,0,-1,19,1,1,-1,0,1,0,0,0,0,1,1,-1,6,1,42,7,-1,-1,-1,-1,1,E01010819,0,1
2025131589864,2025,131589864,2,9,0,-1,19,5,1,-1,0,0,0,0,0,0,2,1,-1,6,2,32,6,-1,-1,-1,-1,7,E01011692,0,1
2025131589864,2025,131589864,1,9,0,-1,19,5,1,-1,0,0,0,0,0,0,1,1,-1,6,1,31,6,-1,-1,-1,-1,1,E01011677,0,1
2025131589938,2025,131589938,2,19,0,-1,9,2,6,-1,0,8,0,0,0,0,1,1,-1,1,1,28,6,-1,-1,-1,-1,3,E01011257,0,1
2025131589938,2025,131589938,1,9,0,-1,19,8,4,-1,0,8,0,0,0,0,4,1,-1,6,1,58,9,-1,-1,-1,-1,2,E01011137,0,1
2025131589946,2025,131589946,1,9,0,-1,19,4,2,-1,0,0,0,0,0,0,3,1,-1,9,2,58,9,-1,-1,-1,-1,8,E01011893,0,3
2025131589966,2025,131589966,1,11,0,-1,19,5,1,-1,0,0,0,0,0,0,1,1,-1,1,1,51,8,-1,-1,-1,-1,2,E01010738,0,1
2025131589966,2025,131589966,2,1,0,-1,11,3,5,-1,0,0,0,0,0,0,1,1,-1,6,3,-1,-1,-1,-1,-1,-1,-1,-1,0,-1
2025131589972,2025,131589972,1,9,0,-1,7,3,4,-1,0,5,0,0,1,0,0,1,-1,6,3,-1,-1,-1,-1,-1,-1,-1,-1,0,-1
2025131589972,2025,131589972,2,90,0,-1,19,3,7,-1,0,8,0,0,0,0,1,1,-1,2,1,33,6,-1,-1,-1,-1,1,E01011616,0,1
2025131589976,2025,131589976,2,9,0,-1,2,0,0,-1,0,0,0,0,0,0,4,1,-1,6,-1,-1,-1,-1,-1,-1,-1,-1,-1,0,-1
2025131589976,2025,131589976,1,9,0,-1,19,5,1,-1,0,0,5,0,0,0,4,1,-1,9,2,81,11,-1,-1,-1,-1,1,E01011227,0,1
2025131590002,2025,131590002,1,9,0,-1,-1,-1,-1,-1,-1,-1,-1,-1,-1,-1,-1,1,-1,6,3,-1,-1,-1,-1,-1,-1,-1,-1,0,-1
2025131590002,2025,131590002,2,1,0,-1,19,5,1,-1,0,8,0,0,3,0,3,1,-1,6,3,12,3,-1,-1,-1,-1,2,E01032606,0,1
2025131590029,2025,131590029,1,9,0,-1,19,4,8,-1,0,0,0,0,0,0,4,1,-1,9,2,29,6,-1,-1,-1,-1,2,E01011104,0,1
2025131590055,2025,131590055,2,9,0,-1,19,7,3,-1,0,0,0,0,0,0,3,1,-1,2,1,62,9,-1,-1,-1,-1,10,E01011411,0,3
2025131590055,2025,131590055,1,9,0,-1,11,7,3,-1,0,0,1,0,1,2,4,1,-1,6,1,34,6,-1,-1,-1,-1,2,E01011632,0,3
2025131590112,2025,131590112,1,97,0,-1,19,7,3,-1,0,8,0,0,0,0,1,1,-1,6,1,17,4,-1,-1,-1,-1,1,E01010625,0,1
2025131590136,2025,131590136,1,-1,0,-1,19,3,7,-1,9,0,0,0,0,0,1,1,-1,9,1,16,4,-1,-1,-1,-1,1,E01011372,1,1
2025131590171,2025,131590171,1,9,0,-1,5,7,3,-1,9,0,0,0,0,0,0,1,-1,6,-1,0,1,-1,-1,-1,-1,-1,-1,0,-1
2025131590171,2025,131590171,2,98,0,-1,2,0,0,-1,9,0,0,0,0,0,0,1,-1,6,-1,-1,-1,-1,-1,-1,-1,-1,-1,0,-1
2025131590209,2025,131590209,1,9,0,-1,-1,-1,-1,-1,-1,-1,-1,-1,-1,-1,-1,1,-1,6,2,-1,-1,-1,-1,-1,-1,-1,-1,0,-1
2025131590212,2025,131590212,1,9,0,-1,19,2,8,-1,0,0,0,7,0,0,1,1,-1,9,2,43,7,-1,-1,-1,-1,3,E01011597,0,2
2025131590310,2025,131590310,1,1,0,-1,-1,-1,-1,-1,-1,0,-1,-1,-1,-1,-1,1,-1,6,3,-1,-1,-1,-1,-1,-1,-1,-1,0,-1
2025131590351,2025,131590351,1,9,0,-1,19,6,4,-1,0,4,0,0,0,0,0,1,-1,6,3,-1,-1,-1,-1,-1,-1,-1,-1,0,-1
2025131590351,2025,131590351,2,9,0,-1,19,4,2,-1,0,4,0,0,0,0,2,1,-1,6,1,52,8,-1,-1,-1,-1,2,E01011781,0,2
2025131590455,2025,131590455,1,9,0,-1,9,1,7,-1,0,0,0,0,0,0,0,1,-1,9,1,30,6,-1,-1,-1,-1,1,E01010833,0,1
2025131590499,2025,131590499,1,97,0,-1,13,5,1,-1,0,0,0,0,0,0,1,1,-1,6,1,27,6,-1,-1,-1,-1,1,E01010680,0,1
2025131590499,2025,131590499,2,9,0,-1,9,3,7,-1,0,0,0,0,0,0,3,1,-1,6,2,40,7,-1,-1,-1,-1,3,E01010825,0,1
2025131590559,2025,131590559,2,3,0,-1,19,3,7,-1,0,1,0,0,0,0,1,1,-1,9,1,19,4,-1,-1,-1,-1,5,E01011147,0,1
2025131590559,2025,131590559,1,9,0,-1,9,1,5,-1,1,8,0,0,0,0,1,1,-1,9,2,49,8,-1,-1,-1,-1,8,E01011185,0,2
2025131590581,2025,131590581,1,9,0,-1,4,1,5,-1,0,0,0,0,0,0,2,1,-1,9,1,29,6,-1,-1,-1,-1,7,E01013953,0,4
2025131590581,2025,131590581,2,9,0,-1,19,1,5,-1,0,0,0,0,0,0,1,1,-1,9,2,24,5,-1,-1,-1,-1,2,E01010804,0,1
2025131590628,2025,131590628,1,9,0,-1,19,1,5,-1,0,0,0,0,0,0,1,1,-1,9,2,43,7,-1,-1,-1,-1,3,E01011822,0,1
2025131590670,2025,131590670,1,9,0,-1,7,5,7,-1,0,0,0,0,0,0,1,1,-1,6,1,39,7,-1,-1,-1,-1,2,E01011355,0,1
2025131590670,2025,131590670,2,9,0,-1,19,5,1,-1,0,0,0,0,0,0,0,1,-1,1,1,32,6,-1,-1,-1,-1,6,E01011885,0,2
2025131590823,2025,131590823,1,9,0,-1,4,3,7,-1,0,1,0,0,0,0,2,1,-1,9,2,47,8,-1,-1,-1,-1,8,E01007380,0,3
2025131590823,2025,131590823,2,9,0,-1,19,3,7,-1,0,1,0,0,0,0,1,1,-1,7,2,46,8,-1,-1,-1,-1,8,E01011115,0,1
2025131590839,2025,131590839,1,9,0,-1,5,6,6,-1,0,0,0,0,0,0,1,1,-1,6,2,23,5,-1,-1,-1,-1,1,E01011789,0,1
2025131590839,2025,131590839,2,1,0,-1,5,8,8,-1,0,0,0,0,0,0,2,1,-1,6,1,10,2,-1,-1,-1,-1,1,E01011792,0,1
2025131590888,2025,131590888,2,9,0,-1,9,5,2,-1,0,8,0,0,0,0,1,1,-1,1,1,46,8,-1,-1,-1,-1,1,E01010624,0,1
2025131590888,2025,131590888,1,9,0,-1,19,1,5,-1,0,8,0,0,1,11,1,1,-1,9,2,38,7,-1,-1,-1,-1,3,E01010602,0,1
2025131590910,2025,131590910,1,11,0,-1,5,1,5,-1,0,1,0,0,0,0,0,1,-1,1,1,54,8,-1,-1,-1,-1,7,E01011637,0,1
2025131590944,2025,131590944,2,9,0,-1,19,3,7,-1,0,8,0,0,0,0,4,1,-1,1,1,22,5,-1,-1,-1,-1,4,E01010603,0,1
2025131590944,2025,131590944,1,9,0,-1,19,1,5,-1,0,6,0,0,0,0,2,1,-1,1,2,49,8,-1,-1,-1,-1,3,E01010601,0,1
2025131590985,2025,131590985,2,5,0,-1,19,5,1,-1,0,0,0,0,0,0,1,1,-1,6,1,33,6,-1,-1,-1,-1,1,E01011491,0,1
2025131590985,2025,131590985,1,9,0,-1,19,1,5,-1,0,0,0,0,0,0,1,1,-1,6,1,73,10,-1,-1,-1,-1,7,E01011550,0,1
2025131590985,2025,131590985,3,9,0,-1,19,7,3,-1,0,0,0,0,0,0,1,1,-1,9,2,19,4,-1,-1,-1,-1,7,E01011550,0,1
2025131590999,2025,131590999,1,9,0,-1,-1,-1,-1,-1,-1,-1,-1,-1,-1,-1,-1,1,-1,6,3,-1,-1,-1,-1,-1,-1,-1,-1,0,-1
2025131591086,2025,131591086,1,9,0,-1,-1,-1,-1,-1,-1,0,-1,-1,-1,-1,-1,1,-1,6,1,19,4,-1,-1,-1,-1,1,E01011493,0,1
2025131591099,2025,131591099,1,98,0,-1,11,1,5,-1,0,0,2,0,1,4,1,2,-1,1,1,68,10,-1,-1,-1,-1,1,E01020673,0,5
2025131591125,2025,131591125,4,9,0,-1,2,0,0,-1,0,0,0,0,0,0,2,1,-1,6,-1,-1,-1,-1,-1,-1,-1,-1,-1,0,-1