collision_index,collision_year,collision_ref_no,vehicle_reference,vehicle_type,towing_and_articulation,vehicle_manoeuvre_historic,vehicle_manoeuvre,vehicle_direction_from,vehicle_direction_to,vehicle_location_restricted_lane_historic,vehicle_location_restricted_lane,junction_location,skidding_and_overturning,hit_object_in_carriageway,vehicle_leaving_carriageway,hit_object_off_carriageway,first_point_of_impact,vehicle_left_hand_drive,journey_purpose_of_driver_historic,journey_purpose_of_driver,sex_of_driver,age_of_driver,age_band_of_driver,engine_capacity_cc,propulsion_code,age_of_vehicle,generic_make_model,driver_imd_decile,lsoa_of_driver,escooter_flag,driver_distance_banding
2025131598273,2025,131598273,2,9,0,-1,19,3,7,-1,0,0,0,0,0,0,2,1,-1,9,1,30,6,-1,-1,-1,-1,6,E01011062,0,1
2025131598316,2025,131598316,2,1,0,-1,9,1,1,-1,0,8,0,0,0,0,2,1,-1,9,2,19,4,-1,-1,-1,-1,9,E01011011,0,1
2025131598316,2025,131598316,1,11,0,-1,19,1,5,-1,0,8,0,0,0,0,1,1,-1,1,1,38,7,-1,-1,-1,-1,9,E01011118,0,2
2025131598426,2025,131598426,1,9,0,-1,19,2,6,-1,9,8,5,10,1,0,1,1,-1,9,2,76,11,-1,-1,-1,-1,3,E01010781,0,1
2025131598438,2025,131598438,1,9,0,-1,19,5,1,-1,0,1,0,0,0,0,1,2,-1,9,2,70,10,-1,-1,-1,-1,7,E01028731,0,5
2025131598438,2025,131598438,2,9,0,-1,5,3,7,-1,0,1,0,0,7,0,4,1,-1,6,1,75,10,-1,-1,-1,-1,4,E01010978,0,2
2025131598665,2025,131598665,2,9,0,-1,5,6,2,-1,0,4,0,0,0,0,2,1,-1,9,2,30,6,-1,-1,-1,-1,5,E01011928,0,2
2025131598665,2025,131598665,1,9,0,-1,5,6,2,-1,0,4,0,0,0,0,1,1,-1,2,1,22,5,-1,-1,-1,-1,7,E01011890,0,1
2025131598698,2025,131598698,1,9,0,-1,4,5,1,-1,0,0,0,0,0,0,1,1,-1,6,-1,0,1,-1,-1,-1,-1,-1,-1,0,-1
2025131598698,2025,131598698,2,9,0,-1,19,5,1,-1,0,0,0,0,0,0,2,1,-1,9,2,61,9,-1,-1,-1,-1,5,E01011855,0,4
2025131598729,2025,131598729,1,9,0,-1,19,5,1,-1,0,0,0,0,0,0,1,1,-1,9,2,23,5,-1,-1,-1,-1,8,E01011181,0,1
2025131598729,2025,131598729,2,9,0,-1,19,5,1,-1,0,0,0,0,0,0,1,1,-1,9,2,70,10,-1,-1,-1,-1,9,E01011567,0,4
2025131598742,2025,131598742,1,9,0,-1,19,8,4,-1,0,0,0,0,0,0,3,1,-1,9,2,63,9,-1,-1,-1,-1,7,E01010228,0,5
2025131598747,2025,131598747,1,9,0,-1,9,1,5,-1,0,1,0,0,0,0,4,1,-1,6,2,70,10,-1,-1,-1,-1,4,E01011031,0,1
2025131598759,2025,131598759,1,9,0,-1,11,1,5,-1,0,0,0,0,1,2,4,1,-1,1,2,54,8,-1,-1,-1,-1,5,E01011820,0,2
2025131598759,2025,131598759,2,9,0,-1,11,1,5,-1,9,0,0,0,0,0,1,2,-1,9,1,19,4,-1,-1,-1,-1,-1,-1,0,-1
2025131598762,2025,131598762,2,9,0,-1,4,6,2,-1,0,0,0,0,0,0,2,1,-1,9,2,34,6,-1,-1,-1,-1,6,E01011308,0,1
2025131598762,2025,131598762,1,9,0,-1,5,6,2,-1,0,0,0,0,0,0,1,1,-1,9,2,29,6,-1,-1,-1,-1,8,E01032488,0,1
2025131598762,2025,131598762,3,11,0,-1,-1,-1,-1,-1,0,0,-1,-1,-1,-1,-1,1,-1,6,3,0,1,-1,-1,-1,-1,-1,-1,0,-1
2025131598906,2025,131598906,1,9,0,-1,9,8,5,-1,0,5,0,0,0,0,1,1,-1,9,1,26,6,-1,-1,-1,-1,3,E01011523,0,3
2025131598906,2025,131598906,2,1,0,-1,19,4,8,-1,0,8,0,0,0,0,3,1,-1,9,1,22,5,-1,-1,-1,-1,10,E01031201,0,5
2025131598959,2025,131598959,1,9,0,-1,-1,-1,-1,-1,-1,0,-1,-1,-1,-1,-1,1,-1,6,3,-1,-1,-1,-1,-1,-1,-1,-1,0,-1
2025131599039,2025,131599039,1,9,0,-1,10,1,7,-1,0,6,1,0,0,0,1,1,-1,9,1,41,7,-1,-1,-1,-1,1,E01010722,0,1
2025131599039,2025,131599039,2,20,0,-1,19,7,7,-1,0,1,0,0,0,0,4,1,-1,1,1,53,8,-1,-1,-1,-1,5,E01010668,0,3
2025131599108,2025,131599108,1,9,0,-1,9,3,8,-1,0,8,0,0,0,0,1,1,-1,6,1,23,5,-1,-1,-1,-1,3,E01010810,0,1
2025131599120,2025,131599120,1,9,0,-1,-1,-1,-1,-1,-1,-1,-1,-1,-1,-1,4,1,-1,6,3,-1,-1,-1,-1,-1,-1,-1,-1,0,-1
2025131599120,2025,131599120,2,1,0,-1,19,6,2,-1,4,8,2,0,0,0,1,1,-1,6,1,37,7,-1,-1,-1,-1,2,E01011137,0,1
2025131599124,2025,131599124,1,9,0,-1,4,4,6,-1,9,0,0,7,1,4,1,1,-1,9,2,46,8,-1,-1,-1,-1,6,E01011607,0,1
2025131599271,2025,131599271,1,9,0,-1,19,8,4,-1,0,1,0,0,0,0,1,1,-1,6,1,99,11,-1,-1,-1,-1,9,E01010576,0,1
2025131599370,2025,131599370,1,98,0,-1,19,7,3,-1,0,0,0,0,0,0,4,1,-1,1,1,57,9,-1,-1,-1,-1,4,E01008614,0,5
2025131599370,2025,131599370,2,1,0,-1,19,7,3,-1,0,0,0,0,0,0,2,1,-1,7,1,14,3,-1,-1,-1,-1,3,E01011523,0,1
2025131599450,2025,131599450,1,9,0,-1,-1,-1,-1,-1,-1,-1,-1,-1,-1,-1,-1,1,-1,6,3,-1,-1,-1,-1,-1,-1,-1,-1,0,-1
2025131599511,2025,131599511,1,9,0,-1,-1,-1,-1,-1,-1,0,-1,-1,-1,-1,-1,1,-1,6,3,-1,-1,-1,-1,-1,-1,-1,-1,0,-1
2025131599511,2025,131599511,2,9,0,-1,9,3,7,-1,0,0,0,0,0,0,3,1,-1,6,2,44,7,-1,-1,-1,-1,9,E01011572,0,1
2025131599582,2025,131599582,1,9,0,-1,9,3,7,-1,0,1,0,0,0,0,1,1,-1,9,2,81,11,-1,-1,-1,-1,10,E01011455,0,2
2025131599582,2025,131599582,2,1,0,-1,19,7,3,-1,0,1,0,0,0,0,1,1,-1,6,1,51,8,-1,-1,-1,-1,4,E01011463,0,2
2025131599605,2025,131599605,1,9,0,-1,19,5,1,-1,0,0,0,0,1,4,1,1,-1,9,1,80,11,-1,-1,-1,-1,8,E01011406,0,1
2025131599617,2025,131599617,1,9,0,-1,5,7,5,-1,0,6,0,0,0,0,3,1,-1,1,1,52,8,-1,-1,-1,-1,9,E01011568,0,1
2025131599617,2025,131599617,2,1,0,-1,19,5,1,-1,0,1,0,0,0,0,1,1,-1,9,1,30,6,-1,-1,-1,-1,3,E01019270,0,5
2025131599644,2025,131599644,1,9,0,-1,9,1,5,-1,0,1,0,0,0,0,4,1,-1,9,1,47,8,-1,-1,-1,-1,1,E01011364,0,1
2025131599644,2025,131599644,2,9,0,-1,19,5,1,-1,0,1,0,0,0,0,1,1,-1,1,1,33,6,-1,-1,-1,-1,1,E01011677,0,1
2025131599707,2025,131599707,1,9,0,-1,20,7,1,-1,9,8,0,0,0,0,1,1,-1,9,1,29,6,-1,-1,-1,-1,1,E01011312,0,1
2025131599717,2025,131599717,2,9,0,-1,19,5,1,-1,0,8,1,0,7,0,3,1,-1,6,1,18,4,-1,-1,-1,-1,7,E01010972,0,1
2025131599717,2025,131599717,3,9,0,-1,2,5,1,-1,0,8,0,0,0,0,1,9,-1,6,-1,-1,-1,-1,-1,-1,-1,-1,-1,0,-1
2025131599717,2025,131599717,1,9,0,-1,19,3,7,-1,0,8,0,0,0,0,1,1,-1,6,2,25,5,-1,-1,-1,-1,8,E01010971,0,1
2025131599742,2025,131599742,1,97,0,-1,19,3,2,-1,0,2,0,0,0,0,3,1,-1,6,1,21,5,-1,-1,-1,-1,2,E01011341,0,1
2025131599742,2025,131599742,2,9,0,-1,19,2,4,-1,0,1,0,0,0,0,4,1,-1,9,2,21,5,-1,-1,-1,-1,7,E01011588,0,3
2025131599771,2025,131599771,1,19,0,-1,9,1,1,-1,-1,0,1,0,7,4,1,1,-1,2,1,64,9,-1,-1,-1,-1,2,E01011334,0,3
2025131599849,2025,131599849,2,1,0,-1,19,6,2,-1,0,1,0,0,0,0,1,1,-1,2,1,32,6,-1,-1,-1,-1,4,E01010878,0,1
2025131599849,2025,131599849,1,9,0,-1,-1,-1,-1,-1,-1,-1,-1,-1,-1,-1,-1,1,-1,6,3,-1,-1,-1,-1,-1,-1,-1,-1,0,-1
2025131599910,2025,131599910,1,97,0,-1,19,5,1,-1,0,0,0,0,0,0,1,1,-1,6,1,21,5,-1,-1,-1,-1,3,E01011776,0,1
2025131599917,2025,131599917,2,9,0,-1,19,3,7,-1,0,1,1,0,1,0,1,1,-1,9,1,31,6,-1,-1,-1,-1,3,E01011915,0,1
2025131599917,2025,131599917,1,9,0,-1,19,1,5,-1,0,1,1,-1,7,11,1,1,-1,6,3,25,5,-1,-1,-1,-1,-1,-1,0,-1
2025131599991,2025,131599991,2,9,0,-1,19,5,1,-1,0,8,0,0,0,0,1,1,-1,9,1,24,5,-1,-1,-1,-1,5,E01010939,0,1
2025131599991,2025,131599991,1,9,0,-1,19,7,3,-1,0,8,0,0,0,0,1,1,-1,9,1,59,9,-1,-1,-1,-1,1,E01010928,0,1
2025131599994,2025,131599994,1,4,0,-1,-1,-1,-1,-1,-1,8,-1,-1,-1,0,-1,1,-1,6,3,21,5,-1,-1,-1,-1,-1,-1,0,-1
2025131599997,2025,131599997,2,9,0,-1,19,1,5,-1,9,1,0,0,0,0,1,1,-1,9,1,29,6,-1,-1,-1,-1,4,E01011320,0,1
2025131599997,2025,131599997,1,9,0,-1,6,1,8,-1,9,1,0,0,0,0,2,1,-1,1,1,47,8,-1,-1,-1,-1,1,E01011371,0,1
2025131599999,2025,131599999,1,9,0,-1,19,5,1,-1,0,8,0,0,0,0,1,1,-1,2,1,34,6,-1,-1,-1,-1,8,E01011884,0,1
2025131600002,2025,131600002,2,9,0,-1,5,1,1,-1,0,6,0,0,4,0,1,1,-1,6,2,22,5,-1,-1,-1,-1,2,E01010930,0,1
2025131600002,2025,131600002,1,9,0,-1,4,1,1,-1,0,1,0,0,0,0,4,1,-1,9,1,52,8,-1,-1,-1,-1,1,E01011001,0,1
2025131600003,2025,131600003,2,9,0,-1,9,6,4,-1,0,8,0,0,0,0,1,1,-1,1,1,45,7,-1,-1,-1,-1,1,E01011346,0,1
2025131600003,2025,131600003,1,9,0,-1,19,4,8,-1,0,1,0,0,0,0,4,1,-1,1,1,35,6,-1,-1,-1,-1,1,E01011739,0,2
2025131600008,2025,131600008,1,9,0,-1,19,5,1,-1,0,0,0,0,0,0,1,1,-1,9,2,19,4,-1,-1,-1,-1,1,E01011140,0,2
2025131600019,2025,131600019,2,9,0,-1,2,0,0,-1,0,0,0,0,0,0,2,1,-1,6,-1,-1,-1,-1,-1,-1,-1,-1,-1,0,-1
2025131600019,2025,131600019,1,98,0,-1,2,0,0,-1,0,0,0,0,0,0,1,1,-1,6,-1,-1,-1,-1,-1,-1,-1,-1,-1,0,-1
2025131600020,2025,131600020,2,9,0,-1,10,7,5,-1,0,8,0,0,0,0,3,1,-1,9,2,44,7,-1,-1,-1,-1,3,E01010595,0,1
2025131600020,2025,131600020,1,9,0,-1,9,5,3,-1,0,8,0,0,0,0,4,1,-1,6,3,0,1,-1,-1,-1,-1,-1,-1,0,-1
2025131600042,2025,131600042,1,3,0,-1,19,1,5,-1,0,0,0,0,0,0,1,1,-1,9,1,18,4,-1,-1,-1,-1,2,E01011852,0,1
2025131600042,2025,131600042,2,9,0,-1,5,5,1,-1,0,0,0,0,7,0,1,1,-1,9,1,32,6,-1,-1,-1,-1,4,E01011839,0,1
2025131600052,2025,131600052,2,-1,0,-1,19,5,1,-1,0,0,0,0,0,0,1,1,-1,9,1,16,4,-1,-1,-1,-1,5,E01011902,1,1
2025131600052,2025,131600052,1,9,0,-1,19,7,3,-1,0,0,0,0,0,0,1,1,-1,9,1,18,4,-1,-1,-1,-1,2,E01011907,0,1
2025131600121,2025,131600121,2,9,0,-1,19,1,1,-1,0,8,0,0,0,0,2,1,-1,6,1,40,7,-1,-1,-1,-1,7,E01011604,0,2
2025131600121,2025,131600121,1,9,0,-1,-1,-1,-1,-1,-1,8,-1,-1,-1,0,-1,1,-1,6,3,-1,-1,-1,-1,-1,-1,-1,-1,0,-1
2025131600137,2025,131600137,1,1,0,-1,19,1,1,-1,0,0,0,0,0,0,1,1,-1,9,2,30,6,-1,-1,-1,-1,8,E01011169,0,2
2025131600143,2025,131600143,2,9,0,-1,19,4,8,-1,0,1,0,0,0,0,1,1,-1,9,2,51,8,-1,-1,-1,-1,2,E01011615,0,1
2025131600143,2025,131600143,1,9,0,-1,19,7,3,-1,0,2,0,0,0,0,1,1,-1,6,2,28,6,-1,-1,-1,-1,1,E01011625,0,1
2025131600164,2025,131600164,2,9,0,-1,10,5,1,-1,0,1,0,0,0,0,1,2,-1,9,2,38,7,-1,-1,-1,-1,7,E01011399,0,1
2025131600164,2025,131600164,1,2,0,-1,19,3,7,-1,0,1,0,0,0,0,1,1,-1,9,1,59,9,-1,-1,-1,-1,2,E01011246,0,4
2025131600166,2025,131600166,1,97,0,-1,19,1,1,-1,0,8,0,0,0,0,1,1,-1,6,1,42,7,-1,-1,-1,-1,1,E01010612,0,1
2025131600192,2025,131600192,1,9,0,-1,5,7,5,-1,0,6,0,0,0,0,1,1,-1,9,1,60,9,-1,-1,-1,-1,6,E01011500,0,1
2025131600192,2025,131600192,2,5,0,-1,19,5,1,-1,0,1,0,0,7,0,1,1,-1,9,1,36,7,-1,-1,-1,-1,1,E01011901,0,2
2025131600221,2025,131600221,1,9,0,-1,20,6,2,-1,0,0,0,0,0,0,1,1,-1,6,3,-1,-1,-1,-1,-1,-1,-1,-1,0,-1
2025131600263,2025,131600263,2,1,0,-1,19,3,3,-1,0,1,0,0,0,0,-1,1,-1,6,3,-1,-1,-1,-1,-1,-1,-1,-1,0,-1
2025131600263,2025,131600263,1,22,0,-1,19,1,1,-1,4,1,0,0,0,0,3,1,-1,6,1,45,7,-1,-1,-1,-1,1,E01033021,0,1
2025131600268,2025,131600268,3,9,0,-1,2,0,0,-1,9,0,0,0,0,0,1,1,-1,6,-1,-1,-1,-1,-1,-1,-1,-1,-1,0,-1
2025131600268,2025,131600268,1,9,0,-1,19,1,5,-1,0,0,0,0,0,0,1,1,-1,9,1,21,5,-1,-1,-1,-1,3,E01011944,0,1
2025131600268,2025,131600268,2,9,0,-1,2,0,0,-1,9,0,0,0,0,0,1,1,-1,6,-1,-1,-1,-1,-1,-1,-1,-1,-1,0,-1
2025131600268,2025,131600268,4,9,0,-1,2,0,0,-1,9,0,0,0,0,0,1,1,-1,6,-1,-1,-1,-1,-1,-1,-1,-1,-1,0,-1
2025131600325,2025,131600325,1,9,0,-1,14,5,1,-1,0,0,1,0,0,0,1,1,-1,9,1,22,5,-1,-1,-1,-1,4,E01011129,0,3
2025131600325,2025,131600325,2,9,0,-1,19,5,1,-1,0,0,0,0,1,0,2,1,-1,9,1,28,6,-1,-1,-1,-1,2,E01011230,0,1
2025131600325,2025,131600325,3,9,0,-1,2,5,1,-1,0,0,0,0,0,0,3,1,-1,6,-1,-1,-1,-1,-1,-1,-1,-1,-1,0,-1
2025131600430,2025,131600430,2,1,0,-1,19,7,3,-1,0,8,0,0,0,0,1,1,-1,9,2,57,9,-1,-1,-1,-1,10,E01011458,0,3
2025131600430,2025,131600430,1,9,0,-1,9,3,1,-1,0,8,0,0,0,0,1,1,-1,9,1,27,6,-1,-1,-1,-1,2,E01011639,0,2
2025131600452,2025,131600452,1,98,0,-1,19,3,7,-1,0,1,0,0,0,0,3,1,-1,6,3,-1,-1,-1,-1,-1,-1,-1,-1,0,-1
2025131600452,2025,131600452,2,98,0,-1,3,7,3,-1,0,1,0,0,0,0,3,1,-1,1,1,20,4,-1,-1,-1,-1,1,E01010723,0,4
2025131600482,2025,131600482,1,9,0,-1,4,1,5,-1,0,0,0,0,0,0,1,1,-1,6,1,35,6,-1,-1,-1,-1,7,E01010587,0,1
2025131600537,2025,131600537,1,90,0,-1,7,8,1,-1,0,0,0,0,0,0,3,1,-1,9,2,33,6,-1,-1,-1,-1,10,E01011932,0,1
2025131600709,2025,131600709,1,9,0,-1,19,7,1,-1,0,0,0,0,1,11,1,1,-1,6,1,19,4,-1,-1,-1,-1,1,E01011094,0,1
2025131600742,2025,131600742,2,9,0,-1,19,4,8,-1,0,0,0,0,0,0,4,1,-1,9,1,19,4,-1,-1,-1,-1,4,E01011335,0,1
2025131600742,2025,131600742,1,1,0,-1,9,4,8,-1,0,0,2,0,0,0,3,1,-1,9,1,18,4,-1,-1,-1,-1,4,E01011287,0,1
2025131600833,2025,131600833,1,8,0,-1,19,3,7,-1,0,0,0,0,0,0,1,1,-1,9,1,28,6,-1,-1,-1,-1,3,E01011258,0,4
2025131600854,2025,131600854,1,9,0,-1,7,5,1,-1,0,6,0,0,0,0,1,1,-1,9,1,66,10,-1,-1,-1,-1,2,E01011232,0,1
2025131600869,2025,131600869,1,9,0,-1,4,1,5,-1,0,0,0,0,0,0,1,1,-1,6,1,35,6,-1,-1,-1,-1,7,E01010587,0,1
2025131600869,2025,131600869,2,1,0,-1,19,1,5,-1,0,0,0,0,0,0,1,1,-1,6,1,10,2,-1,-1,-1,-1,7,E01010587,0,1
2025131600928,2025,131600928,1,97,0,-1,19,1,5,-1,0,1,1,0,1,1,3,1,-1,9,1,35,6,-1,-1,-1,-1,1,E01011756,0,3
2025131601015,2025,131601015,2,9,0,-1,2,0,0,-1,0,0,0,0,0,0,2,1,-1,6,-1,-1,-1,-1,-1,-1,-1,-1,-1,0,-1
2025131601015,2025,131601015,1,5,0,-1,19,5,1,-1,0,0,5,4,0,0,1,1,-1,2,1,21,5,-1,-1,-1,-1,4,E01011933,0,1
2025131601033,2025,131601033,1,9,0,-1,9,1,7,-1,0,3,0,0,1,0,4,1,-1,9,2,46,8,-1,-1,-1,-1,2,E01011141,0,1
2025131601033,2025,131601033,2,9,0,-1,-1,-1,-1,-1,0,1,-1,-1,-1,0,1,1,-1,6,3,0,1,-1,-1,-1,-1,-1,-1,0,-1
2025131601132,2025,131601132,2,9,0,-1,19,3,7,-1,0,0,0,0,0,0,2,1,-1,2,2,40,7,-1,-1,-1,-1,4,E01011206,0,2
2025131601132,2025,131601132,1,9,0,-1,19,3,7,-1,0,0,0,0,0,0,1,1,-1,9,1,35,6,-1,-1,-1,-1,4,E01015614,0,5
2025131601168,2025,131601168,1,4,0,-1,19,3,7,-1,0,0,2,0,3,11,1,1,-1,6,1,35,6,-1,-1,-1,-1,1,E01011756,0,3
2025131601287,2025,131601287,1,9,0,-1,19,3,7,-1,0,0,0,0,0,0,1,1,-1,1,2,22,5,-1,-1,-1,-1,4,E01011834,0,2
2025131601287,2025,131601287,2,19,0,-1,4,3,7,-1,0,0,0,0,0,0,2,1,-1,1,1,33,6,-1,-1,-1,-1,4,E01011808,0,2
2025131601387,2025,131601387,2,9,0,-1,19,1,5,-1,0,0,0,0,0,0,0,1,-1,8,1,23,5,-1,-1,-1,-1,7,E01034268,0,2
2025131601387,2025,131601387,1,2,0,-1,4,1,5,-1,0,0,0,10,0,0,1,1,-1,9,1,20,4,-1,-1,-1,-1,3,E01011936,0,1
2025131601414,2025,131601414,1,9,0,-1,19,2,6,-1,0,0,0,0,0,0,4,1,-1,6,1,46,8,-1,-1,-1,-1,3,E01011035,0,1
2025131601489,2025,131601489,1,9,0,-1,4,1,5,-1,0,0,0,0,0,0,2,1,-1,9,2,47,8,-1,-1,-1,-1,6,E01025279,0,4
2025131601489,2025,131601489,2,21,0,-1,19,1,5,-1,0,0,0,0,0,0,1,1,-1,1,1,58,9,-1,-1,-1,-1,3,E01011153,0,2
2025131601491,2025,131601491,2,5,0,-1,19,7,3,-1,0,0,0,0,2,11,1,1,-1,9,1,41,7,-1,-1,-1,-1,1,E01011740,0,1
2025131601491,2025,131601491,1,9,0,-1,-1,-1,-1,-1,-1,0,-1,-1,-1,-1,-1,1,-1,6,3,-1,-1,-1,-1,-1,-1,-1,-1,0,-1
2025131601527,2025,131601527,1,23,0,-1,11,5,1,-1,0,1,0,0,0,0,3,1,-1,6,1,16,4,-1,-1,-1,-1,4,E01011545,0,1
2025131601527,2025,131601527,2,9,0,-1,7,1,5,-1,0,1,0,0,0,0,1,1,-1,9,2,71,10,-1,-1,-1,-1,3,E01011529,0,1
2025131601534,2025,131601534,2,9,0,-1,2,0,0,-1,0,0,0,0,1,0,2,1,-1,6,-1,-1,-1,-1,-1,-1,-1,-1,-1,0,-1
2025131601534,2025,131601534,1,9,0,-1,19,1,5,-1,0,0,0,4,0,0,1,1,-1,9,1,79,11,-1,-1,-1,-1,8,E01027591,0,4
2025131601548,2025,131601548,1,9,0,-1,19,7,3,-1,0,8,0,0,0,0,1,1,-1,7,1,23,5,-1,-1,-1,-1,7,E01011112,0,3
2025131601548,2025,131601548,2,9,0,-1,19,5,1,-1,0,8,0,0,0,0,4,1,-1,2,1,31,6,-1,-1,-1,-1,3,E01011212,0,2
2025131601559,2025,131601559,3,9,0,-1,2,0,0,-1,0,2,0,0,0,0,2,1,-1,6,-1,-1,-1,-1,-1,-1,-1,-1,-1,0,-1
2025131601559,2025,131601559,1,19,0,-1,19,5,5,-1,0,8,0,0,6,0,1,1,-1,1,1,40,7,-1,-1,-1,-1,1,E01011510,0,1
2025131601559,2025,131601559,2,9,0,-1,19,3,7,-1,0,8,0,0,0,0,3,1,-1,9,1,49,8,-1,-1,-1,-1,3,E01011761,0,3
2025131601559,2025,131601559,4,9,0,-1,2,0,0,-1,0,2,0,0,0,0,2,1,-1,6,-1,-1,-1,-1,-1,-1,-1,-1,-1,0,-1
2025131601592,2025,131601592,1,9,0,-1,15,3,7,-1,0,1,0,0,0,0,1,1,-1,9,1,55,8,-1,-1,-1,-1,1,E01011426,0,1
2025131601592,2025,131601592,2,9,0,-1,6,3,7,-1,0,2,0,0,0,0,3,1,-1,9,2,39,7,-1,-1,-1,-1,1,E01011429,0,1
2025131601691,2025,131601691,2,9,0,-1,2,1,5,-1,0,0,0,0,0,0,2,1,-1,6,-1,-1,-1,-1,-1,-1,-1,-1,-1,0,-1
2025131601691,2025,131601691,1,9,0,-1,19,1,5,-1,0,0,5,0,0,0,4,1,-1,9,1,26,6,-1,-1,-1,-1,1,E01011029,0,1
2025131601707,2025,131601707,1,9,0,-1,15,8,4,-1,9,0,0,0,8,2,1,1,-1,9,1,18,4,-1,-1,-1,-1,1,E01010719,0,1
2025131601707,2025,131601707,2,9,0,-1,4,4,8,-1,0,0,0,0,0,0,4,1,-1,9,2,45,7,-1,-1,-1,-1,10,E01027565,0,2
2025131601710,2025,131601710,2,9,0,-1,2,6,2,-1,-1,2,0,0,0,0,1,1,-1,6,-1,-1,-1,-1,-1,-1,-1,-1,-1,0,-1
2025131601710,2025,131601710,1,9,0,-1,19,6,2,-1,0,2,5,0,0,0,1,1,-1,2,1,25,5,-1,-1,-1,-1,1,E01010755,0,1
2025131601811,2025,131601811,2,3,0,-1,19,7,3,-1,0,1,0,0,0,0,1,1,-1,6,1,25,5,-1,-1,-1,-1,2,E01011681,0,1
2025131601811,2025,131601811,1,9,0,-1,9,3,1,-1,0,5,0,0,0,0,1,1,-1,1,1,41,7,-1,-1,-1,-1,2,E01011014,0,3
2025131601915,2025,131601915,2,9,0,-1,2,0,0,-1,0,0,0,0,0,0,3,1,-1,6,3,-1,-1,-1,-1,-1,-1,-1,-1,0,-1
2025131601915,2025,131601915,1,9,0,-1,19,2,6,-1,0,0,0,0,0,0,4,1,-1,6,3,-1,-1,-1,-1,-1,-1,-1,-1,0,-1
2025131601926,2025,131601926,2,21,0,-1,11,6,2,-1,0,1,0,0,0,0,4,1,-1,1,1,22,5,-1,-1,-1,-1,3,E01011532,0,3
2025131601926,2025,131601926,1,9,0,-1,19,6,4,-1,0,1,0,0,0,0,3,1,-1,9,2,18,4,-1,-1,-1,-1,1,E01011742,0,1
2025131601959,2025,131601959,1,9,0,-1,19,4,5,-1,0,0,0,0,0,0,3,1,-1,9,2,44,7,-1,-1,-1,-1,1,E01011025,0,1
2025131601973,2025,131601973,1,9,0,-1,19,7,3,-1,0,0,0,0,0,0,1,1,-1,1,1,48,8,-1,-1,-1,-1,7,E01013295,0,4
2025131601973,2025,131601973,2,19,0,-1,19,7,3,-1,0,0,0,0,0,0,2,1,-1,1,1,45,7,-1,-1,-1,-1,4,E01011772,0,3
2025131601974,2025,131601974,1,9,0,-1,19,1,1,-1,0,0,0,0,7,0,4,1,-1,9,1,19,4,-1,-1,-1,-1,9,E01011353,0,1
2025131601974,2025,131601974,2,9,0,-1,19,2,2,-1,0,0,0,1,0,0,1,1,-1,6,1,55,8,-1,-1,-1,-1,9,E01011655,0,1
2025131601993,2025,131601993,2,1,0,-1,19,1,7,-1,0,0,0,0,0,0,1,1,-1,6,2,7,2,-1,-1,-1,-1,2,E01011771,0,1
2025131601993,2025,131601993,1,9,0,-1,5,3,5,-1,0,0,0,0,0,0,1,1,-1,6,2,20,4,-1,-1,-1,-1,2,E01011771,0,1
2025131602013,2025,131602013,1,9,0,-1,6,7,3,-1,0,2,0,0,0,0,2,1,-1,6,1,19,4,-1,-1,-1,-1,5,E01010729,0,1
2025131602013,2025,131602013,2,97,0,-1,19,5,1,-1,0,1,5,0,0,0,1,1,-1,6,1,42,7,-1,-1,-1,-1,3,E01011048,0,4
2025131602036,2025,131602036,2,1,0,-1,19,8,4,-1,0,0,0,0,0,0,1,1,-1,6,1,11,3,-1,-1,-1,-1,8,E01011170,0,1
2025131602036,2025,131602036,1,9,0,-1,-1,-1,-1,-1,-1,0,-1,-1,-1,0,-1,1,-1,6,3,-1,-1,-1,-1,-1,-1,-1,-1,0,-1
2025131602105,2025,131602105,2,9,0,-1,2,1,5,-1,-1,0,0,0,1,0,2,1,-1,6,-1,-1,-1,-1,-1,-1,-1,-1,-1,0,-1
2025131602105,2025,131602105,1,9,0,-1,19,1,5,-1,0,0,0,0,7,10,1,1,-1,9,2,33,6,-1,-1,-1,-1,1,E01010614,0,1
2025131602146,2025,131602146,1,23,0,-1,-1,-1,-1,-1,0,1,-1,-1,-1,-1,-1,1,-1,1,1,20,4,-1,-1,-1,-1,10,E01011213,0,1
2025131602168,2025,131602168,1,23,0,-1,19,2,6,-1,9,0,2,0,0,0,1,1,-1,6,1,45,7,-1,-1,-1,-1,5,E01011678,0,1
2025131602318,2025,131602318,2,9,0,-1,19,5,1,-1,0,0,0,0,0,0,1,1,-1,6,1,39,7,-1,-1,-1,-1,3,E01011330,0,1
2025131602318,2025,131602318,1,9,0,-1,19,5,1,-1,0,0,0,0,0,0,2,1,-1,6,2,41,7,-1,-1,-1,-1,3,E01011608,0,1
2025131602362,2025,131602362,2,9,0,-1,19,5,1,-1,0,0,0,0,0,0,0,1,-1,8,1,26,6,-1,-1,-1,-1,4,E01010708,0,1
2025131602362,2025,131602362,1,19,0,-1,-1,-1,-1,-1,-1,0,-1,-1,-1,-1,1,1,-1,6,1,43,7,-1,-1,-1,-1,1,E01010713,0,1
2025131602417,2025,131602417,2,1,0,-1,19,6,2,-1,9,0,5,0,0,0,3,1,-1,6,3,-1,-1,-1,-1,-1,-1,-1,-1,0,-1
2025131602417,2025,131602417,1,9,0,-1,-1,-1,-1,-1,-1,0,-1,-1,-1,-1,-1,1,-1,6,3,-1,-1,-1,-1,-1,-1,-1,-1,0,-1
2025131602475,2025,131602475,1,9,0,-1,19,1,5,-1,0,0,0,0,0,0,1,1,-1,6,1,90,11,-1,-1,-1,-1,5,E01011058,0,1