collision_index,collision_year,collision_ref_no,vehicle_reference,vehicle_type,towing_and_articulation,vehicle_manoeuvre_historic,vehicle_manoeuvre,vehicle_direction_from,vehicle_direction_to,vehicle_location_restricted_lane_historic,vehicle_location_restricted_lane,junction_location,skidding_and_overturning,hit_object_in_carriageway,vehicle_leaving_carriageway,hit_object_off_carriageway,first_point_of_impact,vehicle_left_hand_drive,journey_purpose_of_driver_historic,journey_purpose_of_driver,sex_of_driver,age_of_driver,age_band_of_driver,engine_capacity_cc,propulsion_code,age_of_vehicle,generic_make_model,driver_imd_decile,lsoa_of_driver,escooter_flag,driver_distance_banding
2025131602475,2025,131602475,2,9,0,-1,2,0,0,-1,0,0,0,0,0,0,2,1,-1,6,-1,-1,-1,-1,-1,-1,-1,-1,-1,0,-1
2025131602512,2025,131602512,1,1,0,-1,19,3,7,-1,0,8,0,0,0,0,4,1,-1,6,1,27,6,-1,-1,-1,-1,1,E01011625,0,2
2025131602512,2025,131602512,2,9,0,-1,5,1,5,-1,0,8,0,0,0,0,1,1,-1,9,2,32,6,-1,-1,-1,-1,3,E01011333,0,1
2025131602532,2025,131602532,2,9,0,-1,19,3,7,-1,0,0,0,0,0,0,1,1,-1,9,1,74,10,-1,-1,-1,-1,4,E01025394,0,4
2025131602532,2025,131602532,1,9,0,-1,6,1,7,-1,0,0,0,0,0,0,1,1,-1,9,2,40,7,-1,-1,-1,-1,5,E01011147,0,3
2025131602555,2025,131602555,1,9,0,-1,19,5,1,-1,0,8,0,0,0,0,4,1,-1,9,2,28,6,-1,-1,-1,-1,-1,-1,0,-1
2025131602573,2025,131602573,1,9,0,-1,12,3,7,-1,0,1,0,0,0,0,2,1,-1,2,1,33,6,-1,-1,-1,-1,10,E01010947,0,1
2025131602573,2025,131602573,2,5,0,-1,19,3,7,-1,0,1,0,0,0,0,1,1,-1,2,1,39,7,-1,-1,-1,-1,7,E01010905,0,1
2025131602705,2025,131602705,2,9,0,-1,5,5,7,-1,0,8,0,0,0,0,1,2,-1,2,1,18,4,-1,-1,-1,-1,5,E01010689,0,3
2025131602705,2025,131602705,1,9,5,-1,19,3,3,-1,0,8,0,0,0,0,1,2,-1,6,3,-1,-1,-1,-1,-1,-1,-1,-1,0,-1
2025131602710,2025,131602710,2,9,0,-1,4,6,2,-1,0,0,0,0,0,0,2,1,-1,1,2,51,8,-1,-1,-1,-1,2,E01010815,0,1
2025131602710,2025,131602710,1,1,0,-1,-1,-1,-1,-1,-1,0,-1,-1,-1,-1,-1,1,-1,6,3,-1,-1,-1,-1,-1,-1,-1,-1,0,-1
2025131602718,2025,131602718,1,8,0,-1,-1,-1,-1,-1,-1,-1,-1,-1,-1,-1,-1,1,-1,6,3,-1,-1,-1,-1,-1,-1,-1,-1,0,-1
2025131602725,2025,131602725,2,9,0,-1,4,3,7,-1,0,0,0,0,0,0,2,1,-1,9,2,61,9,-1,-1,-1,-1,1,E01010817,0,1
2025131602725,2025,131602725,1,9,0,-1,2,3,7,-1,0,0,0,0,0,0,2,1,-1,1,2,44,7,-1,-1,-1,-1,1,E01010736,0,1
2025131602729,2025,131602729,1,9,0,-1,5,4,4,-1,0,0,0,0,0,0,2,1,-1,1,1,45,7,-1,-1,-1,-1,2,E01010837,0,1
2025131602729,2025,131602729,2,9,0,-1,4,4,4,-1,0,0,0,0,0,0,1,1,-1,6,1,18,4,-1,-1,-1,-1,-1,-1,0,-1
2025131602739,2025,131602739,1,9,0,-1,-1,-1,-1,-1,-1,0,-1,-1,-1,-1,-1,1,-1,6,3,-1,-1,-1,-1,-1,-1,-1,-1,0,-1
2025131602739,2025,131602739,2,1,0,-1,19,3,7,-1,9,0,0,0,0,0,3,1,-1,6,1,19,4,-1,-1,-1,-1,1,E01011081,0,1
2025131602747,2025,131602747,1,9,0,-1,19,3,4,-1,0,0,0,0,0,0,1,1,-1,9,2,49,8,-1,-1,-1,-1,3,E01011098,0,1
2025131602747,2025,131602747,2,9,0,-1,19,4,8,-1,0,0,0,0,0,0,1,1,-1,9,2,51,8,-1,-1,-1,-1,8,E01011200,0,1
2025131602777,2025,131602777,1,9,0,-1,19,2,6,-1,0,0,5,4,0,0,1,1,-1,9,1,51,8,-1,-1,-1,-1,2,E01011925,0,2
2025131602777,2025,131602777,2,9,0,-1,2,0,0,-1,0,0,0,0,0,0,2,1,-1,6,-1,-1,-1,-1,-1,-1,-1,-1,-1,0,-1
2025131602781,2025,131602781,2,9,0,-1,2,0,0,-1,0,0,0,0,0,0,2,1,-1,6,-1,-1,-1,-1,-1,-1,-1,-1,-1,0,-1
2025131602781,2025,131602781,1,9,0,-1,19,2,6,-1,0,0,5,4,0,0,1,1,-1,9,1,51,8,-1,-1,-1,-1,2,E01011925,0,2
2025131602782,2025,131602782,2,9,0,-1,19,3,7,-1,0,8,0,0,0,0,3,1,-1,6,1,49,8,-1,-1,-1,-1,3,E01010981,0,1
2025131602782,2025,131602782,1,9,0,-1,6,7,5,-1,0,8,0,0,0,0,1,1,-1,6,1,17,4,-1,-1,-1,-1,6,E01010922,0,1
2025131602810,2025,131602810,1,19,0,-1,-1,-1,-1,-1,-1,1,-1,-1,-1,0,-1,1,-1,6,3,-1,-1,-1,-1,-1,-1,-1,-1,0,-1
2025131602819,2025,131602819,1,9,0,-1,9,7,5,-1,0,2,0,0,0,0,1,1,-1,9,2,32,6,-1,-1,-1,-1,1,E01011725,0,1
2025131602825,2025,131602825,1,9,0,-1,19,7,3,-1,0,0,0,0,0,0,1,1,-1,6,3,-1,-1,-1,-1,-1,-1,-1,-1,0,-1
2025131602829,2025,131602829,1,97,0,-1,-1,-1,-1,-1,-1,0,-1,-1,-1,-1,-1,1,-1,6,3,-1,-1,-1,-1,-1,-1,-1,-1,0,-1
2025131602837,2025,131602837,1,19,0,-1,-1,-1,-1,-1,-1,0,-1,-1,-1,-1,-1,1,-1,6,3,-1,-1,-1,-1,-1,-1,-1,-1,0,-1
2025131602846,2025,131602846,1,9,0,-1,-1,-1,-1,-1,-1,0,-1,-1,-1,-1,-1,1,-1,6,3,-1,-1,-1,-1,-1,-1,-1,-1,0,-1
2025131602847,2025,131602847,1,9,0,-1,19,5,1,-1,0,0,0,0,0,0,1,1,-1,9,1,72,10,-1,-1,-1,-1,8,E01010862,0,1
2025131602847,2025,131602847,2,9,0,-1,19,5,1,-1,0,0,0,0,0,0,3,1,-1,9,1,75,10,-1,-1,-1,-1,8,E01010862,0,1
2025131602847,2025,131602847,3,9,0,-1,19,5,1,-1,0,0,0,0,0,0,1,1,-1,9,2,22,5,-1,-1,-1,-1,6,E01027557,0,3
2025131602849,2025,131602849,2,3,0,-1,-1,-1,-1,-1,-1,-1,-1,-1,-1,-1,-1,1,-1,6,1,36,7,-1,-1,-1,-1,8,E01011115,0,1
2025131602849,2025,131602849,1,9,0,-1,-1,-1,-1,-1,-1,-1,-1,-1,-1,-1,-1,1,-1,6,3,-1,-1,-1,-1,-1,-1,-1,-1,0,-1
2025131602862,2025,131602862,3,9,0,-1,5,8,4,-1,0,0,0,0,0,0,1,1,-1,2,2,46,8,-1,-1,-1,-1,2,E01032487,0,1
2025131602862,2025,131602862,1,9,0,-1,5,8,4,-1,0,0,0,0,0,0,2,1,-1,9,2,28,6,-1,-1,-1,-1,2,E01011141,0,3
2025131602862,2025,131602862,2,9,0,-1,5,8,4,-1,0,0,0,0,0,0,1,1,-1,9,2,49,8,-1,-1,-1,-1,1,E01011504,0,2
2025131602877,2025,131602877,1,9,0,-1,19,6,2,-1,0,0,0,0,8,11,1,1,-1,2,1,35,6,-1,-1,-1,-1,3,E01010789,0,1
2025131602877,2025,131602877,3,9,0,-1,19,2,6,-1,0,0,0,0,0,0,1,1,-1,6,1,28,6,-1,-1,-1,-1,1,E01010674,0,1
2025131602877,2025,131602877,2,9,0,-1,3,5,8,-1,0,0,0,0,0,0,2,1,-1,6,2,34,6,-1,-1,-1,-1,3,E01011523,0,3
2025131602910,2025,131602910,1,9,0,-1,-1,-1,-1,-1,-1,0,-1,-1,-1,-1,-1,1,-1,6,1,0,1,-1,-1,-1,-1,-1,-1,0,-1
2025131602914,2025,131602914,1,9,0,-1,19,3,7,-1,0,0,5,0,0,0,1,1,-1,6,-1,-1,-1,-1,-1,-1,-1,-1,-1,0,-1
2025131602920,2025,131602920,1,9,0,-1,19,1,3,-1,0,8,0,0,0,0,1,1,-1,1,1,31,6,-1,-1,-1,-1,1,E01011370,0,2
2025131602920,2025,131602920,2,9,0,-1,19,5,3,-1,0,8,0,0,0,0,4,1,-1,1,1,33,6,-1,-1,-1,-1,1,E01011347,0,1
2025131602949,2025,131602949,1,9,0,-1,19,3,7,-1,0,0,5,0,0,0,1,1,-1,6,-1,-1,-1,-1,-1,-1,-1,-1,-1,0,-1
2025131602952,2025,131602952,2,9,0,-1,19,7,6,-1,0,0,0,0,0,0,1,2,-1,9,2,60,9,-1,-1,-1,-1,9,E01010692,0,2
2025131602952,2025,131602952,1,9,0,-1,19,4,4,-1,0,0,0,0,7,0,1,1,-1,9,1,63,9,-1,-1,-1,-1,9,E01010576,0,1
2025131602965,2025,131602965,1,9,0,-1,9,5,1,-1,0,1,1,0,0,0,1,1,-1,1,1,32,6,-1,-1,-1,-1,3,E01011519,0,3
2025131602974,2025,131602974,2,9,0,-1,19,1,3,-1,0,0,0,0,0,0,1,1,-1,1,1,35,6,-1,-1,-1,-1,6,E01011885,0,1
2025131602974,2025,131602974,1,9,0,-1,1,3,7,-1,0,0,0,0,0,0,2,1,-1,6,3,-1,-1,-1,-1,-1,-1,-1,-1,0,-1
2025131602978,2025,131602978,1,9,0,-1,3,5,1,-1,0,0,0,0,0,0,2,1,-1,1,1,49,8,-1,-1,-1,-1,1,E01011094,0,1
2025131602978,2025,131602978,2,9,0,-1,4,5,1,-1,0,0,0,0,0,0,3,1,-1,6,1,30,6,-1,-1,-1,-1,4,E01010890,0,2
2025131603050,2025,131603050,1,9,0,-1,19,5,1,-1,0,0,0,0,0,0,4,1,-1,6,3,-1,-1,-1,-1,-1,-1,-1,-1,0,-1
2025131603063,2025,131603063,1,9,0,-1,19,1,1,-1,0,0,0,0,0,0,1,1,-1,6,1,26,6,-1,-1,-1,-1,1,E01033693,0,1
2025131603066,2025,131603066,1,9,0,-1,-1,-1,-1,-1,-1,-1,-1,-1,-1,0,-1,1,-1,6,3,-1,-1,-1,-1,-1,-1,-1,-1,0,-1
2025131603066,2025,131603066,2,3,0,-1,-1,-1,-1,-1,-1,-1,-1,-1,-1,0,-1,1,-1,6,1,36,7,-1,-1,-1,-1,8,E01011115,0,1
2025131603110,2025,131603110,1,9,0,-1,-1,-1,-1,-1,-1,0,-1,-1,-1,0,-1,1,-1,6,3,-1,-1,-1,-1,-1,-1,-1,-1,0,-1
2025131603125,2025,131603125,1,9,0,-1,19,1,5,-1,0,2,0,0,0,0,3,1,-1,9,1,76,11,-1,-1,-1,-1,9,E01011937,0,1
2025131603220,2025,131603220,2,9,0,-1,19,1,5,-1,0,0,0,0,0,0,1,1,-1,9,2,24,5,-1,-1,-1,-1,3,E01011240,0,1
2025131603220,2025,131603220,1,9,0,-1,9,1,3,-1,0,0,0,0,0,0,4,1,-1,9,1,37,7,-1,-1,-1,-1,1,E01011101,0,1
2025131603265,2025,131603265,1,9,0,-1,-1,-1,-1,-1,-1,1,-1,-1,-1,-1,1,1,-1,6,1,27,6,-1,-1,-1,-1,8,E01010574,0,1
2025131603268,2025,131603268,1,9,0,-1,19,1,1,-1,0,0,0,0,0,0,1,1,-1,6,1,22,5,-1,-1,-1,-1,1,E01011504,0,1
2025131603268,2025,131603268,2,9,0,-1,2,0,0,-1,0,0,0,0,1,0,1,1,-1,6,-1,-1,-1,-1,-1,-1,-1,-1,-1,0,-1
2025131603280,2025,131603280,1,19,0,-1,19,1,5,-1,0,0,5,11,0,0,1,1,-1,9,1,41,7,-1,-1,-1,-1,9,E01010589,0,1
2025131603294,2025,131603294,3,19,0,-1,2,1,1,-1,0,0,0,0,0,0,1,1,-1,6,-1,-1,-1,-1,-1,-1,-1,-1,-1,0,-1
2025131603294,2025,131603294,2,9,0,-1,19,7,7,-1,0,0,0,0,0,0,0,1,-1,1,1,39,7,-1,-1,-1,-1,1,E01010614,0,1
2025131603294,2025,131603294,1,9,0,-1,13,7,7,-1,0,0,5,4,0,0,1,1,-1,6,1,20,4,-1,-1,-1,-1,1,E01010829,0,1
2025131603298,2025,131603298,2,9,0,-1,19,3,7,-1,0,1,0,0,0,0,4,1,-1,6,1,51,8,-1,-1,-1,-1,2,E01011918,0,1
2025131603298,2025,131603298,1,19,0,-1,10,5,2,-1,0,1,0,0,0,0,1,1,-1,1,1,38,7,-1,-1,-1,-1,4,E01011831,0,1
2025131603347,2025,131603347,1,23,0,-1,-1,-1,-1,-1,-1,0,-1,-1,-1,-1,-1,1,-1,6,3,-1,-1,-1,-1,-1,-1,-1,-1,0,-1
2025131603403,2025,131603403,1,11,0,-1,5,2,2,-1,0,8,0,0,0,0,1,1,-1,1,1,51,8,-1,-1,-1,-1,1,E01011080,0,1
2025131603511,2025,131603511,2,9,0,-1,19,7,7,-1,0,0,0,0,0,0,1,1,-1,6,1,54,8,-1,-1,-1,-1,10,E01011455,0,1
2025131603511,2025,131603511,1,9,0,-1,9,1,2,-1,0,0,0,0,0,0,1,1,-1,6,1,57,9,-1,-1,-1,-1,1,E01010653,0,1
2025131603532,2025,131603532,2,9,0,-1,19,5,5,-1,0,0,0,1,0,0,3,1,-1,6,2,60,9,-1,-1,-1,-1,6,E01011057,0,3
2025131603532,2025,131603532,1,9,0,-1,19,1,1,-1,0,0,0,0,0,0,1,1,-1,6,2,77,11,-1,-1,-1,-1,9,E01017841,0,5
2025131603602,2025,131603602,1,9,0,-1,9,5,1,-1,0,8,0,0,0,0,1,1,-1,9,2,82,11,-1,-1,-1,-1,9,E01010953,0,1
2025131603617,2025,131603617,1,11,0,-1,19,1,1,-1,0,0,0,0,0,0,1,1,-1,1,1,40,7,-1,-1,-1,-1,3,E01011330,0,2
2025131603637,2025,131603637,1,98,0,-1,9,7,1,-1,0,8,0,0,0,0,3,1,-1,6,1,-1,-1,-1,-1,-1,-1,-1,-1,0,-1
2025131603637,2025,131603637,2,9,0,-1,10,1,5,-1,0,8,0,0,0,0,1,1,-1,9,2,34,6,-1,-1,-1,-1,3,E01011824,0,1
2025131603638,2025,131603638,1,9,0,-1,-1,-1,-1,-1,-1,-1,-1,-1,-1,-1,-1,1,-1,6,3,-1,-1,-1,-1,-1,-1,-1,-1,0,-1
2025131603646,2025,131603646,1,9,0,-1,19,2,6,-1,0,2,0,0,0,0,4,1,-1,9,1,52,8,-1,-1,-1,-1,5,E01011248,0,1
2025131603671,2025,131603671,1,9,0,-1,19,5,1,-1,0,0,0,0,0,0,1,1,-1,9,1,56,9,-1,-1,-1,-1,10,E01022433,0,5
2025131603731,2025,131603731,1,9,0,-1,-1,-1,-1,-1,-1,0,-1,-1,-1,-1,-1,1,-1,6,3,-1,-1,-1,-1,-1,-1,-1,-1,0,-1
2025131603731,2025,131603731,2,9,0,-1,19,5,1,-1,0,0,0,4,0,0,2,1,-1,6,1,59,9,-1,-1,-1,-1,3,E01010793,0,1
2025131603731,2025,131603731,3,19,0,-1,2,5,1,-1,0,0,0,0,0,0,2,1,-1,6,-1,-1,-1,-1,-1,-1,-1,-1,-1,0,-1
2025131603742,2025,131603742,1,9,0,-1,9,5,3,-1,0,8,0,0,0,0,3,1,-1,6,1,27,6,-1,-1,-1,-1,4,E01011921,0,2
2025131603742,2025,131603742,2,9,0,-1,19,3,7,-1,0,1,0,0,0,0,1,1,-1,6,1,53,8,-1,-1,-1,-1,2,E01011020,0,1
2025131603742,2025,131603742,3,9,0,-1,-1,-1,-1,-1,0,8,-1,-1,-1,-1,-1,1,-1,6,3,-1,-1,-1,-1,-1,-1,-1,-1,0,-1
2025131603750,2025,131603750,2,9,0,-1,9,4,8,-1,0,1,0,0,0,0,2,1,-1,9,1,59,9,-1,-1,-1,-1,3,E01011585,0,2
2025131603750,2025,131603750,1,9,0,-1,19,4,8,-1,0,1,0,0,0,0,1,1,-1,9,2,80,11,-1,-1,-1,-1,4,E01027723,0,3
2025131603757,2025,131603757,2,9,0,-1,3,4,8,-1,0,0,0,0,0,0,2,1,-1,6,2,20,4,-1,-1,-1,-1,9,E01012566,0,4
2025131603757,2025,131603757,3,9,0,-1,19,6,2,-1,0,0,0,0,0,0,2,1,-1,6,2,24,5,-1,-1,-1,-1,3,E01011647,0,1
2025131603757,2025,131603757,1,9,0,-1,4,6,2,-1,0,0,0,0,0,0,1,1,-1,6,1,42,7,-1,-1,-1,-1,1,E01011428,0,1
2025131603762,2025,131603762,2,9,0,-1,14,8,4,-1,0,1,0,0,0,0,3,1,-1,9,2,62,9,-1,-1,-1,-1,9,E01011566,0,2
2025131603762,2025,131603762,1,1,0,-1,7,6,8,-1,0,8,5,0,0,0,1,1,-1,9,2,10,2,-1,-1,-1,-1,1,E01011340,0,1
2025131603769,2025,131603769,3,1,0,-1,19,6,2,-1,0,1,0,0,0,0,3,1,-1,1,1,35,6,-1,-1,-1,-1,3,E01035042,0,1
2025131603769,2025,131603769,2,9,0,-1,3,2,6,-1,0,1,0,0,0,0,4,1,-1,6,1,54,8,-1,-1,-1,-1,7,E01011714,0,1
2025131603769,2025,131603769,1,9,0,-1,15,2,6,-1,0,1,0,0,6,0,3,1,-1,6,2,18,4,-1,-1,-1,-1,1,E01011429,0,1
2025131603961,2025,131603961,1,98,0,-1,5,3,7,-1,0,1,0,0,0,0,1,1,-1,9,1,53,8,-1,-1,-1,-1,1,E01010618,0,1
2025131603999,2025,131603999,1,9,0,-1,-1,-1,-1,-1,-1,0,-1,-1,-1,-1,-1,1,-1,6,3,-1,-1,-1,-1,-1,-1,-1,-1,0,-1
2025131603999,2025,131603999,2,98,0,-1,2,0,0,-1,0,0,0,0,0,0,2,1,-1,6,2,33,6,-1,-1,-1,-1,2,E01011771,0,1
2025131604005,2025,131604005,1,9,0,-1,19,3,7,-1,0,0,0,0,0,0,1,1,-1,1,1,29,6,-1,-1,-1,-1,7,E01005516,0,3
2025131604005,2025,131604005,2,9,0,-1,19,3,7,-1,0,0,0,0,0,0,2,1,-1,9,1,63,9,-1,-1,-1,-1,1,E01005433,0,4
2025131604011,2025,131604011,1,9,0,-1,5,7,7,-1,0,1,0,0,0,0,4,1,-1,2,2,32,6,-1,-1,-1,-1,2,E01011128,0,1
2025131604011,2025,131604011,2,9,0,-1,19,1,1,-1,0,1,0,0,0,0,1,1,-1,2,1,58,9,-1,-1,-1,-1,2,E01011016,0,1
2025131604035,2025,131604035,2,9,0,-1,19,2,7,-1,0,1,0,0,0,0,1,1,-1,1,2,51,8,-1,-1,-1,-1,5,E01033695,0,1
2025131604035,2025,131604035,1,1,0,-1,5,8,4,-1,0,8,0,0,0,0,1,1,-1,1,1,43,7,-1,-1,-1,-1,2,E01010836,0,1
2025131604074,2025,131604074,1,19,0,-1,9,1,5,-1,0,8,0,0,0,0,1,1,-1,2,1,32,6,-1,-1,-1,-1,2,E01032502,0,3
2025131604074,2025,131604074,2,1,0,-1,19,5,1,-1,0,8,0,0,0,0,1,1,-1,2,1,59,9,-1,-1,-1,-1,7,E01011412,0,1
2025131604078,2025,131604078,2,9,0,-1,9,7,3,-1,0,1,1,0,0,0,4,1,-1,9,2,82,11,-1,-1,-1,-1,5,E01011830,0,1
2025131604078,2025,131604078,1,9,0,-1,19,5,1,-1,0,1,0,0,0,0,1,1,-1,6,1,20,4,-1,-1,-1,-1,4,E01011933,0,1
2025131604123,2025,131604123,1,9,0,-1,-1,-1,-1,-1,-1,-1,-1,-1,-1,-1,-1,1,-1,6,3,-1,-1,-1,-1,-1,-1,-1,-1,0,-1
2025131604142,2025,131604142,1,9,0,-1,-1,-1,-1,-1,-1,0,-1,-1,-1,-1,-1,1,-1,6,3,-1,-1,-1,-1,-1,-1,-1,-1,0,-1
2025131604142,2025,131604142,2,9,0,-1,4,3,7,-1,0,0,0,0,0,0,2,1,-1,6,1,40,7,-1,-1,-1,-1,8,E01007691,0,4
2025131604199,2025,131604199,1,21,0,-1,9,7,3,-1,0,0,2,0,1,1,4,1,-1,1,1,65,9,-1,-1,-1,-1,7,E01027684,0,4
2025131604224,2025,131604224,1,9,0,-1,3,7,3,-1,0,8,0,0,0,0,2,1,-1,2,1,20,4,-1,-1,-1,-1,1,E01011422,0,1
2025131604224,2025,131604224,2,1,0,-1,19,7,3,-1,0,8,0,0,0,0,1,1,-1,2,1,30,6,-1,-1,-1,-1,1,E01011658,0,1
2025131604225,2025,131604225,1,11,0,-1,5,5,1,-1,0,0,0,0,0,0,1,1,-1,1,1,60,9,-1,-1,-1,-1,4,E01013029,0,4
2025131604225,2025,131604225,2,9,0,-1,5,5,1,-1,0,0,0,0,0,0,2,1,-1,6,1,61,9,-1,-1,-1,-1,9,E01011353,0,1
2025131604230,2025,131604230,1,9,0,-1,12,3,7,-1,0,8,0,0,0,0,4,1,-1,9,1,25,5,-1,-1,-1,-1,1,E01011911,0,1
2025131604231,2025,131604231,1,9,0,-1,19,1,5,-1,0,0,1,0,0,0,1,1,-1,9,1,23,5,-1,-1,-1,-1,4,E01011772,0,3
2025131604231,2025,131604231,2,9,0,-1,19,1,5,-1,0,0,0,0,0,0,2,1,-1,9,1,25,5,-1,-1,-1,-1,7,E01011895,0,1
2025131604266,2025,131604266,1,9,0,-1,19,7,1,-1,0,8,0,0,0,0,1,1,-1,9,2,18,4,-1,-1,-1,-1,5,E01011392,0,1
2025131604266,2025,131604266,2,9,0,-1,19,1,7,-1,0,8,0,0,0,0,1,1,-1,9,1,60,9,-1,-1,-1,-1,5,E01011390,0,1
2025131604441,2025,131604441,1,9,0,-1,19,5,1,-1,0,8,0,0,0,0,3,1,-1,6,1,67,10,-1,-1,-1,-1,8,E01010861,0,3
2025131604528,2025,131604528,1,9,0,-1,14,7,3,-1,0,8,0,0,0,0,4,1,-1,6,1,0,1,-1,-1,-1,-1,-1,-1,0,-1
2025131604528,2025,131604528,2,9,0,-1,2,7,3,-1,0,8,0,0,0,0,3,1,-1,6,3,-1,-1,-1,-1,-1,-1,-1,-1,0,-1
2025131604578,2025,131604578,1,9,0,-1,19,5,1,-1,0,0,0,0,0,0,1,1,-1,6,2,51,8,-1,-1,-1,-1,9,E01011221,0,2
2025131604578,2025,131604578,2,9,0,-1,19,5,1,-1,0,0,0,0,0,0,1,1,-1,6,2,47,8,-1,-1,-1,-1,5,E01011164,0,1
2025131604578,2025,131604578,5,9,0,-1,2,0,0,-1,0,0,0,0,0,0,2,1,-1,6,-1,-1,-1,-1,-1,-1,-1,-1,-1,0,-1
2025131604578,2025,131604578,3,9,0,-1,2,0,0,-1,0,0,0,0,0,0,2,1,-1,6,-1,-1,-1,-1,-1,-1,-1,-1,-1,0,-1
2025131604578,2025,131604578,4,9,0,-1,2,0,0,-1,0,0,0,0,0,0,2,1,-1,6,-1,-1,-1,-1,-1,-1,-1,-1,-1,0,-1
2025131604634,2025,131604634,2,1,0,-1,19,7,3,-1,0,4,0,0,0,0,1,1,-1,6,1,16,4,-1,-1,-1,-1,1,E01011740,0,1
2025131604634,2025,131604634,1,90,0,-1,-1,-1,-1,-1,-1,-1,-1,-1,-1,-1,-1,1,-1,6,3,-1,-1,-1,-1,-1,-1,-1,-1,0,-1
2025131604702,2025,131604702,1,9,0,-1,19,1,5,-1,0,8,0,0,0,0,1,1,-1,9,2,19,4,-1,-1,-1,-1,5,E01010604,0,2
2025131604703,2025,131604703,1,9,0,-1,19,1,5,-1,0,8,0,0,0,0,1,1,-1,9,2,19,4,-1,-1,-1,-1,5,E01010604,0,2
2025131604715,2025,131604715,1,9,0,-1,9,7,5,-1,0,2,0,0,0,0,1,1,-1,9,2,32,6,-1,-1,-1,-1,1,E01011725,0,1
2025131604728,2025,131604728,2,9,0,-1,19,3,7,-1,0,8,0,0,0,0,4,1,-1,9,2,36,7,-1,-1,-1,-1,8,E01027891,0,3
2025131604728,2025,131604728,1,9,0,-1,19,5,1,-1,0,1,0,0,0,0,1,1,-1,1,1,35,6,-1,-1,-1,-1,4,-1,0,5
2025131604742,2025,131604742,3,9,0,-1,19,3,7,-1,0,8,0,0,0,0,1,1,-1,6,1,37,7,-1,-1,-1,-1,1,E01011360,0,1
2025131604742,2025,131604742,2,1,0,-1,19,5,1,-1,0,8,0,0,0,0,1,1,-1,9,1,8,2,-1,-1,-1,-1,1,E01011375,0,1
2025131604742,2025,131604742,1,1,0,-1,19,5,1,-1,0,8,0,0,0,0,2,1,-1,9,1,11,3,-1,-1,-1,-1,1,E01011360,0,1
2025131604750,2025,131604750,1,9,0,-1,-1,-1,-1,-1,-1,8,-1,-1,-1,0,-1,1,-1,6,3,-1,-1,-1,-1,-1,-1,-1,-1,0,-1
2025131604762,2025,131604762,1,9,0,-1,19,2,6,-1,-1,8,5,0,7,0,1,1,-1,6,1,23,5,-1,-1,-1,-1,1,E01010996,0,2
2025131604763,2025,131604763,1,9,0,-1,19,4,8,-1,0,0,1,4,0,0,1,1,-1,6,1,22,5,-1,-1,-1,-1,1,E01011144,0,1
2025131604763,2025,131604763,3,9,0,-1,2,0,0,-1,0,0,0,0,0,0,2,1,-1,6,-1,-1,-1,-1,-1,-1,-1,-1,-1,0,-1
2025131604763,2025,131604763,2,98,0,-1,2,0,0,-1,0,0,0,4,0,0,2,1,-1,9,1,41,7,-1,-1,-1,-1,2,E01011234,0,3
2025131604953,2025,131604953,3,9,0,-1,11,1,1,-1,0,8,0,0,1,0,4,1,-1,6,1,61,9,-1,-1,-1,-1,2,E01011900,0,1
2025131604953,2025,131604953,2,9,0,-1,11,1,1,-1,0,8,0,0,1,0,2,1,-1,6,1,63,9,-1,-1,-1,-1,5,E01011757,0,2
2025131604953,2025,131604953,1,9,0,-1,11,1,1,-1,0,8,0,0,7,11,1,1,-1,6,1,61,9,-1,-1,-1,-1,1,E01011747,0,3
2025131605004,2025,131605004,1,98,0,-1,-1,-1,-1,-1,-1,-1,-1,-1,-1,-1,-1,1,-1,6,3,-1,-1,-1,-1,-1,-1,-1,-1,0,-1
2025131605017,2025,131605017,1,9,0,-1,4,1,1,-1,0,1,0,0,0,0,1,1,-1,9,1,37,7,-1,-1,-1,-1,3,E01011908,0,1
2025131605026,2025,131605026,1,10,0,-1,-1,-1,-1,-1,-1,0,-1,-1,-1,-1,-1,1,-1,6,3,-1,-1,-1,-1,-1,-1,-1,-1,0,-1
2025131605102,2025,131605102,1,9,0,-1,9,5,1,-1,0,8,5,11,0,0,1,1,-1,9,2,74,10,-1,-1,-1,-1,6,E01011607,0,1
2025131605170,2025,131605170,2,4,0,-1,3,1,5,-1,0,0,0,0,0,0,2,1,-1,1,1,62,9,-1,-1,-1,-1,2,E01010815,0,2
2025131605170,2025,131605170,1,19,0,-1,19,1,5,-1,1,0,0,0,0,0,1,1,-1,1,1,46,8,-1,-1,-1,-1,8,E01011200,0,2
2025131605211,2025,131605211,1,9,0,-1,19,1,5,-1,0,8,0,0,1,0,3,1,-1,6,2,58,9,-1,-1,-1,-1,2,E01011061,0,1
2025131605211,2025,131605211,2,9,0,-1,19,7,3,-1,0,8,0,0,0,0,1,1,-1,6,1,27,6,-1,-1,-1,-1,3,E01011606,0,2
2025131605224,2025,131605224,1,9,0,-1,19,5,1,-1,0,2,0,0,0,0,4,1,-1,6,2,44,7,-1,-1,-1,-1,4,E01011052,0,1
2025131605224,2025,131605224,2,9,0,-1,9,6,2,-1,0,8,0,0,0,0,1,1,-1,6,1,78,11,-1,-1,-1,-1,7,E01011050,0,1
2025131605263,2025,131605263,3,9,0,-1,5,1,5,-1,0,8,0,0,0,0,1,1,-1,1,1,26,6,-1,-1,-1,-1,3,E01009045,0,5
2025131605263,2025,131605263,2,9,0,-1,19,5,1,-1,0,8,0,0,0,0,1,1,-1,1,1,25,5,-1,-1,-1,-1,-1,-1,0,-1
2025131605263,2025,131605263,1,9,0,-1,5,5,1,-1,0,8,1,0,0,0,1,1,-1,6,3,-1,-1,-1,-1,-1,-1,-1,-1,0,-1
2025131605317,2025,131605317,1,9,0,-1,19,1,1,-1,0,1,0,0,0,0,3,1,-1,6,2,65,9,-1,-1,-1,-1,8,E01010573,0,1