collision_index,collision_year,collision_ref_no,vehicle_reference,vehicle_type,towing_and_articulation,vehicle_manoeuvre_historic,vehicle_manoeuvre,vehicle_direction_from,vehicle_direction_to,vehicle_location_restricted_lane_historic,vehicle_location_restricted_lane,junction_location,skidding_and_overturning,hit_object_in_carriageway,vehicle_leaving_carriageway,hit_object_off_carriageway,first_point_of_impact,vehicle_left_hand_drive,journey_purpose_of_driver_historic,journey_purpose_of_driver,sex_of_driver,age_of_driver,age_band_of_driver,engine_capacity_cc,propulsion_code,age_of_vehicle,generic_make_model,driver_imd_decile,lsoa_of_driver,escooter_flag,driver_distance_banding
2025131605317,2025,131605317,2,23,0,-1,-1,-1,-1,-1,-1,-1,-1,-1,-1,0,-1,1,-1,6,1,11,3,-1,-1,-1,-1,1,E01010777,0,1
2025131605460,2025,131605460,1,9,0,-1,19,5,1,-1,0,0,0,0,0,0,1,1,-1,9,1,36,7,-1,-1,-1,-1,1,E01009202,0,5
2025131605460,2025,131605460,2,9,0,-1,19,5,1,-1,0,0,0,0,0,0,2,1,-1,9,1,46,8,-1,-1,-1,-1,9,E01018365,0,5
2025131605583,2025,131605583,1,9,0,-1,19,1,5,-1,0,1,0,0,0,0,1,1,-1,9,2,32,6,-1,-1,-1,-1,1,E01010995,0,1
2025131605708,2025,131605708,1,9,0,-1,19,1,5,-1,0,0,0,0,0,0,2,1,-1,9,1,45,7,-1,-1,-1,-1,4,E01010853,0,1
2025131605708,2025,131605708,2,9,0,-1,19,1,5,-1,0,0,0,0,0,0,1,1,-1,9,2,18,4,-1,-1,-1,-1,3,E01010675,0,1
2025131605712,2025,131605712,2,9,0,-1,2,0,0,-1,0,1,0,0,0,0,2,1,-1,6,-1,-1,-1,-1,-1,-1,-1,-1,-1,0,-1
2025131605712,2025,131605712,1,9,0,-1,19,1,5,-1,0,1,1,4,0,0,1,1,-1,9,1,49,8,-1,-1,-1,-1,4,E01010865,0,1
2025131605774,2025,131605774,1,9,0,-1,5,3,7,-1,0,0,0,0,0,0,2,1,-1,2,1,40,7,-1,-1,-1,-1,10,E01013066,0,4
2025131605774,2025,131605774,2,9,0,-1,19,3,7,-1,0,0,0,0,0,0,1,1,-1,2,1,42,7,-1,-1,-1,-1,9,E01011508,0,1
2025131605823,2025,131605823,2,9,0,-1,3,7,3,-1,0,0,0,0,0,0,2,1,-1,6,3,-1,-1,-1,-1,-1,-1,-1,-1,0,-1
2025131605823,2025,131605823,1,9,0,-1,19,7,3,-1,0,0,0,0,0,0,1,1,-1,6,3,-1,-1,-1,-1,-1,-1,-1,-1,0,-1
2025131605827,2025,131605827,3,9,0,-1,4,7,3,-1,0,0,0,0,0,0,2,1,-1,2,2,33,6,-1,-1,-1,-1,7,E01010952,0,4
2025131605827,2025,131605827,1,9,0,-1,19,7,3,-1,0,0,0,0,0,0,1,1,-1,6,2,64,9,-1,-1,-1,-1,7,E01007301,0,5
2025131605827,2025,131605827,2,9,0,-1,4,7,3,-1,0,0,0,0,0,0,2,1,-1,9,1,41,7,-1,-1,-1,-1,1,E01006732,0,4
2025131605855,2025,131605855,1,9,0,-1,7,5,7,-1,0,8,0,0,0,0,4,1,-1,6,1,-1,-1,-1,-1,-1,-1,-1,-1,0,-1
2025131605931,2025,131605931,1,23,0,-1,-1,-1,-1,-1,-1,0,-1,-1,-1,-1,-1,1,-1,6,3,-1,-1,-1,-1,-1,-1,-1,-1,0,-1
2025131605943,2025,131605943,1,9,0,-1,13,1,5,-1,0,1,0,0,2,11,4,1,-1,9,1,36,7,-1,-1,-1,-1,1,E01011865,0,1
2025131605943,2025,131605943,2,9,0,-1,9,1,5,-1,0,1,0,0,0,0,1,1,-1,6,2,17,4,-1,-1,-1,-1,7,E01011768,0,1
2025131605954,2025,131605954,1,9,0,-1,9,6,2,-1,0,8,0,0,0,0,4,1,-1,9,2,54,8,-1,-1,-1,-1,8,E01027924,0,4
2025131605954,2025,131605954,2,19,0,-1,19,1,5,-1,0,8,0,0,0,0,1,1,-1,1,1,37,7,-1,-1,-1,-1,1,E01011468,0,1
2025131605993,2025,131605993,2,9,0,-1,19,7,3,-1,0,8,0,0,0,0,1,1,-1,1,1,33,6,-1,-1,-1,-1,7,E01010785,0,2
2025131605993,2025,131605993,1,9,0,-1,19,7,3,-1,0,1,0,0,0,0,1,1,-1,9,1,35,6,-1,-1,-1,-1,1,E01010623,0,1
2025131606043,2025,131606043,1,9,0,-1,4,2,2,-1,0,8,0,0,0,0,0,1,-1,8,1,0,1,-1,-1,-1,-1,6,E01011885,0,3
2025131606043,2025,131606043,2,4,0,-1,-1,-1,-1,-1,-1,8,-1,-1,-1,0,-1,1,-1,6,1,18,4,-1,-1,-1,-1,2,E01011726,0,1
2025131606100,2025,131606100,1,1,0,-1,19,5,1,-1,0,1,0,10,0,0,1,1,-1,9,1,36,7,-1,-1,-1,-1,1,E01011473,0,1
2025131606124,2025,131606124,1,9,0,-1,-1,-1,-1,-1,-1,-1,-1,-1,-1,-1,-1,1,-1,6,3,-1,-1,-1,-1,-1,-1,-1,-1,0,-1
2025131606126,2025,131606126,1,9,0,-1,-1,-1,-1,-1,-1,1,-1,-1,-1,0,-1,1,-1,6,3,-1,-1,-1,-1,-1,-1,-1,-1,0,-1
2025131606149,2025,131606149,1,9,0,-1,19,1,5,-1,0,1,0,0,0,0,4,1,-1,6,1,32,6,-1,-1,-1,-1,2,E01011043,0,1
2025131606170,2025,131606170,2,1,0,-1,19,5,3,-1,0,1,0,0,0,0,3,1,-1,6,1,60,9,-1,-1,-1,-1,1,E01011358,0,1
2025131606170,2025,131606170,1,9,0,-1,-1,-1,-1,-1,0,1,-1,-1,-1,0,-1,1,-1,6,3,-1,-1,-1,-1,-1,-1,-1,-1,0,-1
2025131606177,2025,131606177,1,9,0,-1,-1,-1,-1,-1,0,1,-1,-1,-1,0,-1,1,-1,6,3,-1,-1,-1,-1,-1,-1,-1,-1,0,-1
2025131606177,2025,131606177,2,1,0,-1,19,5,3,-1,0,1,0,0,0,0,3,1,-1,6,1,60,9,-1,-1,-1,-1,1,E01011358,0,1
2025131606185,2025,131606185,2,9,0,-1,19,1,5,-1,0,0,0,0,0,0,1,1,-1,9,2,38,7,-1,-1,-1,-1,4,E01010598,0,1
2025131606185,2025,131606185,1,9,0,-1,4,1,5,-1,0,0,0,0,0,0,2,1,-1,9,1,68,10,-1,-1,-1,-1,4,E01010656,0,1
2025131606212,2025,131606212,1,9,0,-1,19,7,3,-1,0,1,0,4,0,0,1,1,-1,9,2,73,10,-1,-1,-1,-1,7,E01010858,0,2
2025131606212,2025,131606212,3,9,0,-1,2,0,0,-1,0,1,0,0,0,0,2,1,-1,6,-1,-1,-1,-1,-1,-1,-1,-1,-1,0,-1
2025131606212,2025,131606212,2,9,0,-1,2,0,0,-1,0,1,0,0,0,0,1,1,-1,6,-1,-1,-1,-1,-1,-1,-1,-1,-1,0,-1
2025131606217,2025,131606217,2,9,0,-1,5,6,2,-1,0,0,0,0,0,0,1,1,-1,9,1,45,7,-1,-1,-1,-1,2,E01011141,0,1
2025131606217,2025,131606217,1,3,0,-1,19,3,7,-1,0,0,0,0,0,0,1,1,-1,9,1,18,4,-1,-1,-1,-1,2,E01011253,0,2
2025131606222,2025,131606222,1,1,0,-1,12,1,3,-1,0,0,0,0,0,0,2,1,-1,9,1,22,5,-1,-1,-1,-1,-1,-1,0,-1
2025131606222,2025,131606222,2,9,0,-1,19,1,3,-1,0,0,0,0,0,0,1,1,-1,9,1,50,8,-1,-1,-1,-1,1,E01011623,0,1
2025131606229,2025,131606229,1,23,0,-1,-1,-1,-1,-1,-1,0,-1,-1,-1,-1,-1,1,-1,6,3,-1,-1,-1,-1,-1,-1,-1,-1,0,-1
2025131606229,2025,131606229,2,90,0,-1,19,1,5,-1,5,0,0,0,0,0,1,2,-1,2,1,36,7,-1,-1,-1,-1,2,E01011724,0,1
2025131606254,2025,131606254,1,9,0,-1,-1,-1,-1,-1,-1,0,-1,-1,-1,0,-1,1,-1,6,3,-1,-1,-1,-1,-1,-1,-1,-1,0,-1
2025131606254,2025,131606254,2,9,0,-1,19,7,3,-1,0,0,0,0,0,0,3,1,-1,9,2,42,7,-1,-1,-1,-1,4,E01011545,0,2
2025131606293,2025,131606293,1,9,0,-1,19,1,5,-1,0,0,2,0,0,0,4,1,-1,9,1,18,4,-1,-1,-1,-1,10,E01011947,0,1
2025131606313,2025,131606313,2,9,0,-1,20,0,0,-1,-1,8,0,0,0,0,2,1,-1,6,-1,-1,-1,-1,-1,-1,-1,-1,-1,0,-1
2025131606313,2025,131606313,1,9,0,-1,19,3,7,-1,0,1,0,0,0,0,1,1,-1,6,1,36,7,-1,-1,-1,-1,2,E01010993,0,1
2025131606313,2025,131606313,3,9,0,-1,2,0,0,-1,0,8,0,4,0,0,2,1,-1,6,-1,-1,-1,-1,-1,-1,-1,-1,-1,0,-1
2025131606435,2025,131606435,1,3,0,-1,19,1,5,-1,0,8,0,0,7,0,1,1,-1,6,1,24,5,-1,-1,-1,-1,2,E01010778,0,3
2025131606435,2025,131606435,2,9,0,-1,9,1,5,-1,0,8,0,0,0,0,0,1,-1,1,2,53,8,-1,-1,-1,-1,5,E01019534,0,4
2025131606596,2025,131606596,1,9,0,-1,19,4,8,-1,0,0,0,0,0,0,1,1,-1,9,1,30,6,-1,-1,-1,-1,2,E01007942,0,4
2025131606596,2025,131606596,2,9,0,-1,19,8,4,-1,0,0,0,0,0,0,1,1,-1,9,1,42,7,-1,-1,-1,-1,5,E01011108,0,2
2025131606615,2025,131606615,1,9,0,-1,-1,-1,-1,-1,-1,0,-1,-1,-1,-1,-1,1,-1,6,3,-1,-1,-1,-1,-1,-1,-1,-1,0,-1
2025131606624,2025,131606624,1,9,0,-1,19,7,7,-1,0,0,0,0,0,0,1,1,-1,9,1,73,10,-1,-1,-1,-1,9,E01011713,0,2
2025131606705,2025,131606705,2,19,0,-1,19,1,5,-1,0,8,0,0,0,0,1,1,-1,1,1,37,7,-1,-1,-1,-1,1,E01011468,0,1
2025131606705,2025,131606705,1,9,0,-1,9,6,2,-1,0,8,0,0,0,0,4,1,-1,9,2,54,8,-1,-1,-1,-1,8,E01027924,0,4
2025131606811,2025,131606811,2,19,0,-1,9,5,1,-1,0,8,0,0,0,0,3,1,-1,9,1,55,8,-1,-1,-1,-1,1,E01011133,0,1
2025131606811,2025,131606811,1,9,0,-1,11,7,1,-1,0,8,0,0,1,0,1,1,-1,9,2,21,5,-1,-1,-1,-1,5,E01011164,0,1
2025131606819,2025,131606819,1,11,0,-1,19,5,1,-1,0,1,0,0,0,0,1,1,-1,1,1,53,8,-1,-1,-1,-1,2,E01011552,0,3
2025131606819,2025,131606819,3,9,0,-1,9,7,3,-1,0,6,0,0,0,0,1,1,-1,2,1,26,6,-1,-1,-1,-1,3,E01011822,0,1
2025131606819,2025,131606819,2,9,0,-1,7,1,7,-1,0,5,0,0,0,0,1,1,-1,6,2,66,10,-1,-1,-1,-1,5,E01011821,0,1
2025131606841,2025,131606841,1,9,0,-1,19,7,3,-1,0,0,2,10,8,11,3,1,-1,6,1,46,8,-1,-1,-1,-1,4,E01011263,0,3
2025131606841,2025,131606841,2,9,0,-1,19,7,3,-1,0,0,0,0,0,0,0,1,-1,8,1,0,1,-1,-1,-1,-1,6,E01011885,0,3
2025131606909,2025,131606909,1,17,0,-1,19,1,5,-1,0,0,1,11,0,0,1,1,-1,1,1,68,10,-1,-1,-1,-1,6,E01011182,0,1
2025131606923,2025,131606923,1,90,0,-1,19,1,5,-1,0,0,0,0,0,0,1,1,-1,6,3,0,1,-1,-1,-1,-1,-1,-1,0,-1
2025131606937,2025,131606937,2,9,0,-1,19,3,7,-1,0,0,1,0,0,0,1,1,-1,9,1,30,6,-1,-1,-1,-1,3,E01011175,0,2
2025131606937,2025,131606937,3,9,0,-1,2,0,0,-1,0,0,0,0,0,0,3,1,-1,6,-1,-1,-1,-1,-1,-1,-1,-1,-1,0,-1
2025131606937,2025,131606937,1,9,0,-1,15,7,3,-1,0,0,0,0,0,0,3,1,-1,9,2,69,10,-1,-1,-1,-1,6,E01011070,0,2
2025131606966,2025,131606966,1,9,0,-1,5,3,6,-1,0,8,0,0,0,0,1,1,-1,6,3,0,1,-1,-1,-1,-1,-1,-1,0,-1
2025131606979,2025,131606979,1,23,0,-1,19,4,2,-1,0,1,0,0,0,0,1,1,-1,6,3,-1,-1,-1,-1,-1,-1,-1,-1,0,-1
2025131607017,2025,131607017,2,9,0,-1,4,1,5,-1,0,1,0,0,0,0,2,1,-1,9,2,19,4,-1,-1,-1,-1,1,E01011665,0,3
2025131607017,2025,131607017,1,9,0,-1,4,1,5,-1,0,1,0,0,0,0,1,1,-1,9,2,54,8,-1,-1,-1,-1,2,E01011912,0,1
2025131607037,2025,131607037,1,9,0,-1,7,1,3,-1,0,8,0,0,0,0,1,1,-1,6,3,-1,-1,-1,-1,-1,-1,-1,-1,0,-1
2025131607037,2025,131607037,2,9,0,-1,10,3,7,-1,0,8,0,0,0,0,1,1,-1,9,1,20,4,-1,-1,-1,-1,7,E01008049,0,4
2025131607057,2025,131607057,1,90,0,-1,1,7,3,-1,0,0,0,0,0,0,2,2,-1,1,1,45,7,-1,-1,-1,-1,1,E01011094,0,3
2025131607085,2025,131607085,1,9,0,-1,2,5,3,-1,9,0,0,0,0,0,4,1,-1,9,1,18,4,-1,-1,-1,-1,5,E01011648,0,2
2025131607085,2025,131607085,2,1,0,-1,19,4,8,-1,0,0,0,0,0,0,1,1,-1,2,1,46,8,-1,-1,-1,-1,1,E01011364,0,1
2025131607132,2025,131607132,2,9,0,-1,4,1,5,-1,0,0,0,0,0,0,4,1,-1,9,1,56,9,-1,-1,-1,-1,1,E01011746,0,1
2025131607132,2025,131607132,1,9,0,-1,4,1,5,-1,0,0,0,0,0,0,3,1,-1,9,1,70,10,-1,-1,-1,-1,1,E01011740,0,1
2025131607193,2025,131607193,1,9,0,-1,-1,-1,-1,-1,0,1,-1,-1,-1,-1,-1,1,-1,6,3,-1,-1,-1,-1,-1,-1,-1,-1,0,-1
2025131607193,2025,131607193,2,1,0,-1,19,5,1,-1,4,1,5,0,0,0,3,1,-1,6,1,26,6,-1,-1,-1,-1,2,E01010836,0,3
2025131607197,2025,131607197,2,9,0,-1,4,1,5,-1,0,0,0,0,0,0,2,1,-1,9,1,67,10,-1,-1,-1,-1,1,E01011492,0,1
2025131607197,2025,131607197,1,9,0,-1,19,1,5,-1,0,0,0,0,0,0,1,1,-1,9,1,50,8,-1,-1,-1,-1,1,E01011473,0,1
2025131607219,2025,131607219,2,9,0,-1,19,3,7,-1,0,0,0,0,0,0,1,1,-1,9,2,61,9,-1,-1,-1,-1,1,E01011475,0,1
2025131607219,2025,131607219,1,97,0,-1,19,7,3,-1,0,0,0,0,0,0,3,1,-1,6,1,39,7,-1,-1,-1,-1,1,E01011475,0,1
2025131607228,2025,131607228,1,9,0,-1,7,3,7,-1,0,0,5,11,0,0,1,1,-1,6,1,54,8,-1,-1,-1,-1,5,E01011610,0,3
2025131607261,2025,131607261,3,9,0,-1,2,0,0,-1,-1,2,0,0,0,0,3,1,-1,6,-1,-1,-1,-1,-1,-1,-1,-1,-1,0,-1
2025131607261,2025,131607261,2,9,0,-1,7,6,4,-1,0,2,5,4,0,0,1,1,-1,2,1,51,8,-1,-1,-1,-1,2,E01010837,0,1
2025131607261,2025,131607261,4,9,0,-1,2,0,0,-1,-1,2,0,4,0,0,3,1,-1,6,-1,-1,-1,-1,-1,-1,-1,-1,-1,0,-1
2025131607261,2025,131607261,1,9,0,-1,2,0,0,-1,-1,2,0,4,0,0,3,1,-1,6,-1,-1,-1,-1,-1,-1,-1,-1,-1,0,-1
2025131607289,2025,131607289,2,9,0,-1,19,1,5,-1,0,8,0,0,0,0,3,1,-1,9,1,25,5,-1,-1,-1,-1,5,E01011818,0,2
2025131607289,2025,131607289,1,97,0,-1,19,-1,-1,-1,0,2,-1,-1,-1,-1,-1,1,-1,6,3,-1,-1,-1,-1,-1,-1,-1,-1,0,-1
2025131607304,2025,131607304,2,1,0,-1,7,1,8,-1,0,0,0,0,0,0,0,1,-1,6,1,19,4,-1,-1,-1,-1,1,E01010721,0,1
2025131607304,2025,131607304,1,9,0,-1,7,3,1,-1,0,0,0,0,0,0,1,1,-1,6,3,-1,-1,-1,-1,-1,-1,-1,-1,0,-1
2025131607512,2025,131607512,1,9,0,-1,9,3,7,-1,0,1,0,0,0,0,1,1,-1,6,1,0,1,-1,-1,-1,-1,-1,-1,0,-1
2025131607512,2025,131607512,2,1,0,-1,19,1,5,-1,0,1,0,0,0,0,4,1,-1,9,2,44,7,-1,-1,-1,-1,1,E01010722,0,1
2025131607556,2025,131607556,1,9,0,-1,19,5,7,-1,0,0,0,0,1,11,1,1,-1,9,1,23,5,-1,-1,-1,-1,1,E01010812,0,1
2025131607568,2025,131607568,1,9,0,-1,19,3,7,-1,0,0,0,0,0,0,1,1,-1,6,1,49,8,-1,-1,-1,-1,5,E01011465,0,2
2025131607612,2025,131607612,1,9,0,-1,19,7,3,-1,0,0,0,0,0,0,3,1,-1,6,2,77,11,-1,-1,-1,-1,5,E01033695,0,2
2025131607633,2025,131607633,2,19,0,-1,19,1,5,-1,0,0,0,0,0,0,2,1,-1,2,1,36,7,-1,-1,-1,-1,7,E01013406,0,4
2025131607633,2025,131607633,1,9,0,-1,19,1,5,-1,0,0,0,0,0,0,1,1,-1,6,1,26,6,-1,-1,-1,-1,4,E01013334,0,4
2025131607633,2025,131607633,3,9,0,-1,5,1,5,-1,0,0,0,0,0,0,2,1,-1,1,1,36,7,-1,-1,-1,-1,7,E01013406,0,4
2025131607715,2025,131607715,2,9,0,-1,1,0,0,-1,0,0,0,0,0,0,2,1,-1,9,1,79,11,-1,-1,-1,-1,7,E01012950,0,5
2025131607715,2025,131607715,1,9,0,-1,2,0,0,-1,0,0,0,0,0,0,1,1,-1,6,-1,-1,-1,-1,-1,-1,-1,-1,-1,0,-1
2025131607773,2025,131607773,2,9,0,-1,5,5,1,-1,0,3,0,0,0,0,2,1,-1,6,2,44,7,-1,-1,-1,-1,1,E01007440,0,3
2025131607773,2025,131607773,1,9,0,-1,19,5,1,-1,0,3,0,0,0,0,1,1,-1,6,2,25,5,-1,-1,-1,-1,2,E01007651,0,3
2025131607776,2025,131607776,1,98,0,-1,9,7,1,-1,0,1,0,0,0,0,3,1,-1,1,1,25,5,-1,-1,-1,-1,9,E01027894,0,3
2025131607776,2025,131607776,2,9,0,-1,19,7,3,-1,0,1,0,0,0,0,3,1,-1,1,1,41,7,-1,-1,-1,-1,3,E01011779,0,2
2025131607843,2025,131607843,2,1,0,-1,19,3,7,-1,0,1,0,0,0,0,1,1,-1,1,1,14,3,-1,-1,-1,-1,2,E01011927,0,1
2025131607843,2025,131607843,1,9,0,-1,19,1,5,-1,0,1,0,0,0,0,1,1,-1,6,1,47,8,-1,-1,-1,-1,4,E01011898,0,1
2025131607863,2025,131607863,1,9,0,-1,7,1,1,-1,0,1,0,0,0,0,1,1,-1,6,1,79,11,-1,-1,-1,-1,7,E01011692,0,1
2025131607863,2025,131607863,2,1,0,-1,19,2,2,-1,0,1,0,0,0,0,1,1,-1,6,-1,-1,-1,-1,-1,-1,-1,-1,-1,0,-1
2025131607924,2025,131607924,1,9,0,-1,9,1,1,-1,0,1,0,0,0,0,0,1,-1,7,1,32,6,-1,-1,-1,-1,2,E01011250,0,1
2025131608024,2025,131608024,2,23,0,-1,-1,-1,-1,-1,-1,0,-1,-1,-1,-1,-1,1,-1,6,3,-1,-1,-1,-1,-1,-1,-1,-1,0,-1
2025131608024,2025,131608024,1,11,0,-1,2,1,5,-1,0,0,0,0,0,0,0,1,-1,1,1,47,8,-1,-1,-1,-1,1,E01010676,0,1
2025131608030,2025,131608030,1,9,0,-1,10,5,7,-1,0,2,0,0,0,0,4,1,-1,1,2,74,10,-1,-1,-1,-1,8,E01010568,0,1
2025131608038,2025,131608038,1,21,0,-1,12,7,7,-1,0,0,0,0,0,0,3,2,-1,1,1,48,8,-1,-1,-1,-1,-1,-1,0,-1
2025131608038,2025,131608038,2,9,0,-1,19,7,7,-1,0,0,0,0,0,0,3,1,-1,2,2,47,8,-1,-1,-1,-1,8,E01007381,0,4
2025131608048,2025,131608048,1,9,0,-1,19,5,1,-1,0,1,0,0,0,0,1,1,-1,9,1,17,4,-1,-1,-1,-1,2,E01011139,0,1
2025131608048,2025,131608048,2,9,0,-1,7,5,1,-1,0,1,0,0,0,0,2,1,-1,9,1,67,10,-1,-1,-1,-1,5,E01011026,0,1
2025131608056,2025,131608056,1,1,0,-1,19,5,3,-1,0,2,5,0,0,0,3,1,-1,9,1,11,3,-1,-1,-1,-1,4,E01011787,0,1
2025131608056,2025,131608056,2,9,0,-1,19,3,7,-1,0,1,0,0,0,0,3,1,-1,9,1,25,5,-1,-1,-1,-1,5,E01011788,0,1
2025131608088,2025,131608088,1,9,0,-1,19,3,7,-1,0,1,0,0,0,0,1,1,-1,9,1,41,7,-1,-1,-1,-1,3,E01011944,0,1
2025131608111,2025,131608111,1,9,0,-1,19,3,7,-1,0,0,5,0,2,0,3,1,-1,1,1,19,4,-1,-1,-1,-1,1,E01011093,0,1
2025131608162,2025,131608162,1,9,0,-1,-1,-1,-1,-1,-1,0,-1,-1,-1,-1,-1,1,-1,6,3,-1,-1,-1,-1,-1,-1,-1,-1,0,-1
2025131608211,2025,131608211,1,9,0,-1,7,5,8,-1,0,6,0,0,0,0,1,1,-1,6,1,48,8,-1,-1,-1,-1,1,E01034121,0,4
2025131608211,2025,131608211,2,9,0,-1,19,3,7,-1,0,6,0,0,0,0,4,1,-1,6,1,47,8,-1,-1,-1,-1,3,E01010671,0,1
2025131608215,2025,131608215,1,9,0,-1,19,2,7,-1,0,0,0,7,4,2,1,1,-1,1,1,47,8,-1,-1,-1,-1,1,E01033021,0,1
2025131608283,2025,131608283,1,9,0,-1,19,1,5,-1,0,2,0,0,0,0,1,1,-1,7,1,40,7,-1,-1,-1,-1,1,E01010807,0,1
2025131608404,2025,131608404,2,9,0,-1,8,7,2,-1,0,7,0,0,0,0,2,1,-1,6,1,38,7,-1,-1,-1,-1,1,E01006560,0,5
2025131608404,2025,131608404,1,9,0,-1,19,7,2,-1,0,1,0,0,0,0,1,1,-1,6,3,-1,-1,-1,-1,-1,-1,-1,-1,0,-1
2025131608437,2025,131608437,1,9,0,-1,-1,-1,-1,-1,-1,-1,-1,-1,-1,-1,-1,1,-1,6,3,-1,-1,-1,-1,-1,-1,-1,-1,0,-1
2025131608456,2025,131608456,1,9,0,-1,19,1,5,-1,0,0,0,0,0,0,1,1,-1,2,2,34,6,-1,-1,-1,-1,3,E01011601,0,1
2025131608456,2025,131608456,2,1,0,-1,5,3,7,-1,0,0,0,0,0,0,4,1,-1,9,1,11,3,-1,-1,-1,-1,3,E01011601,0,1
2025131608471,2025,131608471,1,9,0,-1,9,1,5,-1,0,6,0,0,1,0,3,1,-1,1,1,36,7,-1,-1,-1,-1,1,E01011917,0,2
2025131608471,2025,131608471,2,21,0,-1,19,3,7,-1,0,8,0,0,0,0,1,1,-1,1,1,49,8,-1,-1,-1,-1,1,E01011746,0,2
2025131608509,2025,131608509,1,9,0,-1,-1,-1,-1,-1,-1,-1,-1,-1,-1,0,-1,1,-1,6,3,-1,-1,-1,-1,-1,-1,-1,-1,0,-1
2025131608509,2025,131608509,2,9,0,-1,19,4,4,-1,0,3,0,0,0,0,3,1,-1,6,1,18,4,-1,-1,-1,-1,1,E01011911,0,1
2025131608585,2025,131608585,2,1,0,-1,19,1,5,-1,0,0,0,0,0,0,1,1,-1,6,1,33,6,-1,-1,-1,-1,1,E01032497,0,1
2025131608585,2025,131608585,1,9,0,-1,20,1,5,-1,0,0,0,0,7,0,2,1,-1,6,2,41,7,-1,-1,-1,-1,1,E01032497,0,1
2025131608604,2025,131608604,2,23,0,-1,12,5,7,-1,0,8,0,0,0,0,1,1,-1,2,1,29,6,-1,-1,-1,-1,3,E01010597,0,1
2025131608604,2025,131608604,1,9,0,-1,19,5,7,-1,0,8,0,0,0,0,1,1,-1,6,1,74,10,-1,-1,-1,-1,4,E01010633,0,1
2025131608614,2025,131608614,1,9,0,-1,19,1,5,-1,2,8,1,0,0,0,1,1,-1,9,1,20,4,-1,-1,-1,-1,3,E01010791,0,1
2025131608614,2025,131608614,2,9,0,-1,9,5,3,-1,0,5,0,0,0,0,4,1,-1,9,1,39,7,-1,-1,-1,-1,2,E01010792,0,1
2025131608617,2025,131608617,2,9,0,-1,6,7,3,-1,0,1,0,0,0,0,3,1,-1,9,1,37,7,-1,-1,-1,-1,2,E01010805,0,1
2025131608617,2025,131608617,1,5,0,-1,11,1,4,-1,0,2,2,0,0,0,1,1,-1,6,1,31,6,-1,-1,-1,-1,1,E01010843,0,1
2025131608658,2025,131608658,1,9,0,-1,19,7,3,-1,0,2,0,4,7,3,1,1,-1,6,1,53,8,-1,-1,-1,-1,1,E01011348,0,1
2025131608658,2025,131608658,2,9,0,-1,2,0,0,-1,0,2,0,0,0,0,3,1,-1,6,-1,-1,-1,-1,-1,-1,-1,-1,-1,0,-1
2025131608710,2025,131608710,2,1,0,-1,19,1,5,-1,2,8,0,0,0,0,1,1,-1,6,1,50,8,-1,-1,-1,-1,1,E01011510,0,1
2025131608710,2025,131608710,1,9,0,-1,7,1,5,-1,0,5,0,0,0,0,4,1,-1,6,1,31,6,-1,-1,-1,-1,1,E01011358,0,1
2025131608713,2025,131608713,2,9,0,-1,9,1,3,-1,0,6,0,0,0,0,1,1,-1,2,2,27,6,-1,-1,-1,-1,3,E01010789,0,1
2025131608713,2025,131608713,1,9,0,-1,19,1,5,-1,0,1,0,0,0,0,3,1,-1,7,2,39,7,-1,-1,-1,-1,2,E01010799,0,1
2025131608714,2025,131608714,1,11,0,-1,19,1,5,-1,0,6,0,0,0,0,1,1,-1,1,1,51,8,-1,-1,-1,-1,1,E01011659,0,2
2025131608787,2025,131608787,1,90,0,-1,-1,-1,-1,-1,-1,0,-1,-1,-1,-1,-1,1,-1,6,3,-1,-1,-1,-1,-1,-1,-1,-1,0,-1
2025131608850,2025,131608850,1,9,0,-1,19,5,3,-1,0,0,0,0,1,0,4,2,-1,6,1,23,5,-1,-1,-1,-1,7,E01027890,0,3
2025131608864,2025,131608864,1,9,0,-1,19,1,5,-1,0,1,0,0,7,11,1,1,-1,9,1,19,4,-1,-1,-1,-1,5,E01011766,0,2
2025131608864,2025,131608864,2,9,0,-1,9,3,7,-1,0,6,0,0,0,0,1,1,-1,9,2,38,7,-1,-1,-1,-1,3,E01011920,0,1
2025131608930,2025,131608930,2,9,0,-1,13,7,3,-1,0,8,0,0,0,0,0,1,-1,8,1,32,6,-1,-1,-1,-1,7,E01011569,0,3
2025131608930,2025,131608930,1,5,0,-1,13,7,3,-1,0,8,0,0,0,0,1,1,-1,6,1,18,4,-1,-1,-1,-1,1,E01011695,0,3
2025131608930,2025,131608930,3,9,0,-1,9,7,5,-1,0,5,0,0,0,0,2,1,-1,9,1,22,5,-1,-1,-1,-1,7,E01027505,0,5
2025131608935,2025,131608935,1,9,0,-1,19,5,1,-1,0,0,0,0,1,11,1,1,-1,9,1,37,7,-1,-1,-1,-1,2,E01011538,0,4
2025131608962,2025,131608962,1,9,0,-1,5,7,3,-1,2,2,0,0,0,0,3,1,-1,9,1,37,7,-1,-1,-1,-1,10,E01011516,0,1
2025131608962,2025,131608962,2,1,0,-1,19,7,3,-1,0,2,0,0,0,0,3,1,-1,9,1,51,8,-1,-1,-1,-1,7,E01011506,0,1
2025131609027,2025,131609027,1,9,0,-1,19,5,1,-1,0,0,5,0,0,0,4,1,-1,9,1,18,4,-1,-1,-1,-1,8,E01027693,0,4
2025131609035,2025,131609035,2,9,0,-1,19,2,2,-1,0,1,1,0,0,0,1,1,-1,9,1,30,6,-1,-1,-1,-1,5,E01011446,0,1