collision_index,collision_year,collision_ref_no,vehicle_reference,vehicle_type,towing_and_articulation,vehicle_manoeuvre_historic,vehicle_manoeuvre,vehicle_direction_from,vehicle_direction_to,vehicle_location_restricted_lane_historic,vehicle_location_restricted_lane,junction_location,skidding_and_overturning,hit_object_in_carriageway,vehicle_leaving_carriageway,hit_object_off_carriageway,first_point_of_impact,vehicle_left_hand_drive,journey_purpose_of_driver_historic,journey_purpose_of_driver,sex_of_driver,age_of_driver,age_band_of_driver,engine_capacity_cc,propulsion_code,age_of_vehicle,generic_make_model,driver_imd_decile,lsoa_of_driver,escooter_flag,driver_distance_banding
2025131609035,2025,131609035,1,9,0,-1,19,2,2,-1,0,1,1,0,0,0,1,1,-1,9,1,18,4,-1,-1,-1,-1,5,E01009072,0,5
2025131609064,2025,131609064,1,9,0,-1,7,5,1,-1,9,2,0,0,1,10,1,1,-1,9,1,52,8,-1,-1,-1,-1,3,E01010825,0,3
2025131609109,2025,131609109,2,1,0,-1,19,1,5,-1,0,1,0,0,0,0,1,1,-1,6,1,71,10,-1,-1,-1,-1,7,E01011162,0,1
2025131609109,2025,131609109,1,9,0,-1,7,1,5,-1,0,1,0,0,0,0,4,1,-1,1,1,69,10,-1,-1,-1,-1,2,E01011018,0,1
2025131609134,2025,131609134,1,90,0,-1,-1,-1,-1,-1,-1,0,-1,-1,-1,-1,-1,1,-1,6,3,-1,-1,-1,-1,-1,-1,-1,-1,0,-1
2025131609138,2025,131609138,1,98,0,-1,19,1,5,-1,9,0,0,0,0,0,4,2,-1,6,3,-1,-1,-1,-1,-1,-1,-1,-1,0,-1
2025131609166,2025,131609166,1,9,0,-1,7,7,3,-1,0,8,0,0,0,0,4,1,-1,6,1,63,9,-1,-1,-1,-1,2,E01011251,0,2
2025131609166,2025,131609166,2,1,0,-1,19,7,3,-1,0,1,0,0,3,11,3,1,-1,6,1,51,8,-1,-1,-1,-1,2,E01011166,0,1
2025131609171,2025,131609171,1,9,0,-1,19,1,1,-1,0,0,0,0,8,3,1,1,-1,6,1,37,7,-1,-1,-1,-1,2,E01010912,0,3
2025131609185,2025,131609185,1,9,0,-1,19,1,5,-1,0,0,0,0,0,0,1,1,-1,9,1,56,9,-1,-1,-1,-1,5,E01011480,0,2
2025131609189,2025,131609189,1,9,0,-1,19,3,7,-1,0,0,1,0,0,0,1,1,-1,6,1,20,4,-1,-1,-1,-1,1,E01011346,0,1
2025131609212,2025,131609212,2,9,0,-1,19,4,8,-1,1,0,1,0,0,0,1,1,-1,6,1,29,6,-1,-1,-1,-1,2,E01011424,0,1
2025131609212,2025,131609212,1,9,0,-1,9,8,1,-1,0,0,1,0,0,0,2,1,-1,6,1,70,10,-1,-1,-1,-1,6,E01011738,0,2
2025131609226,2025,131609226,1,98,0,-1,19,2,6,-1,0,0,0,0,0,0,4,1,-1,6,3,-1,-1,-1,-1,-1,-1,-1,-1,0,-1
2025131609244,2025,131609244,1,9,0,-1,19,1,5,-1,0,0,0,0,0,0,1,1,-1,1,1,28,6,-1,-1,-1,-1,1,E01011863,0,3
2025131609245,2025,131609245,2,9,0,-1,19,7,3,-1,0,0,0,0,0,0,1,1,-1,1,1,24,5,-1,-1,-1,-1,3,E01011647,0,1
2025131609245,2025,131609245,1,90,0,-1,19,5,1,-1,0,0,0,0,0,0,1,1,-1,9,1,7,2,-1,-1,-1,-1,3,E01011718,0,1
2025131609248,2025,131609248,3,90,0,-1,19,5,1,-1,0,0,0,0,0,0,2,1,-1,6,-1,-1,-1,-1,-1,-1,-1,-1,-1,0,-1
2025131609248,2025,131609248,2,9,0,-1,19,5,1,-1,0,0,0,0,0,0,2,1,-1,9,1,52,8,-1,-1,-1,-1,1,E01011324,0,4
2025131609248,2025,131609248,1,9,0,-1,19,5,1,-1,0,0,0,0,0,0,1,1,-1,9,2,26,6,-1,-1,-1,-1,2,E01003057,0,5
2025131609269,2025,131609269,1,9,0,-1,19,6,2,-1,0,0,0,0,0,0,1,1,-1,6,2,26,6,-1,-1,-1,-1,1,E01011163,0,1
2025131609332,2025,131609332,1,9,0,-1,19,1,5,-1,0,8,0,0,0,0,4,1,-1,6,1,32,6,-1,-1,-1,-1,2,E01011043,0,1
2025131609332,2025,131609332,2,1,0,-1,4,1,5,-1,0,8,0,0,0,0,2,1,-1,6,1,8,2,-1,-1,-1,-1,2,E01011043,0,1
2025131609523,2025,131609523,2,9,0,-1,19,3,7,-1,0,0,0,0,0,0,1,1,-1,9,1,53,8,-1,-1,-1,-1,2,E01011341,0,1
2025131609523,2025,131609523,1,9,0,-1,19,1,5,-1,0,0,5,0,0,0,4,1,-1,9,2,53,8,-1,-1,-1,-1,6,E01011734,0,2
2025131609598,2025,131609598,2,9,0,-1,9,4,6,-1,0,1,0,0,0,0,3,1,-1,2,2,60,9,-1,-1,-1,-1,9,E01011554,0,1
2025131609598,2025,131609598,1,3,0,-1,14,4,4,-1,0,1,1,0,0,0,1,1,-1,9,2,28,6,-1,-1,-1,-1,1,E01011560,0,1
2025131609613,2025,131609613,2,9,0,-1,19,8,4,-1,0,0,0,0,0,0,2,1,-1,9,2,55,8,-1,-1,-1,-1,2,E01011481,0,1
2025131609613,2025,131609613,1,9,0,-1,19,8,4,-1,0,0,0,0,0,0,1,1,-1,9,2,28,6,-1,-1,-1,-1,10,E01011458,0,1
2025131609630,2025,131609630,1,9,0,-1,19,7,3,-1,0,8,0,0,0,0,1,1,-1,6,1,21,5,-1,-1,-1,-1,1,E01010842,0,1
2025131609642,2025,131609642,1,9,0,-1,19,3,7,-1,0,8,0,0,1,0,1,1,-1,6,1,74,10,-1,-1,-1,-1,5,E01011161,0,3
2025131609668,2025,131609668,1,9,0,-1,19,1,1,-1,0,0,1,0,0,0,1,1,-1,9,1,30,6,-1,-1,-1,-1,1,E01033697,0,3
2025131609692,2025,131609692,2,9,0,-1,10,5,3,-1,0,8,0,0,0,0,1,1,-1,6,1,37,7,-1,-1,-1,-1,1,E01010960,0,1
2025131609692,2025,131609692,1,1,0,-1,19,3,7,-1,0,8,0,0,0,0,1,1,-1,6,1,32,6,-1,-1,-1,-1,6,E01010927,0,1
2025131609695,2025,131609695,1,9,0,-1,9,2,6,-1,0,5,0,0,0,0,4,1,-1,6,-1,-1,-1,-1,-1,-1,-1,-1,-1,0,-1
2025131609695,2025,131609695,2,1,0,-1,19,6,2,-1,0,1,5,0,0,0,1,1,-1,6,1,29,6,-1,-1,-1,-1,6,E01011442,0,1
2025131609832,2025,131609832,1,9,0,-1,19,4,8,-1,0,0,0,0,0,0,1,1,-1,9,1,22,5,-1,-1,-1,-1,3,E01011608,0,2
2025131609832,2025,131609832,2,9,0,-1,19,8,4,-1,0,0,0,0,0,0,1,1,-1,1,1,64,9,-1,-1,-1,-1,9,E01011456,0,1
2025131610148,2025,131610148,1,9,0,-1,9,1,3,-1,0,0,0,0,0,0,3,1,-1,6,1,36,7,-1,-1,-1,-1,1,E01011623,0,1
2025131610172,2025,131610172,2,9,0,-1,19,1,1,-1,0,8,0,0,0,0,4,1,-1,6,1,34,6,-1,-1,-1,-1,2,E01025059,0,4
2025131610172,2025,131610172,1,9,0,-1,5,1,1,-1,0,8,0,0,0,0,1,1,-1,6,1,27,6,-1,-1,-1,-1,5,E01010934,0,1
2025131610251,2025,131610251,2,9,0,-1,19,1,5,-1,0,1,0,0,7,0,1,1,-1,6,1,42,7,-1,-1,-1,-1,8,E01034269,0,1
2025131610251,2025,131610251,4,9,0,-1,4,5,1,-1,0,1,0,0,0,0,1,1,-1,9,1,78,11,-1,-1,-1,-1,6,E01007570,0,3
2025131610251,2025,131610251,1,9,0,-1,9,8,4,-1,0,6,0,0,7,0,1,1,-1,9,1,70,10,-1,-1,-1,-1,2,E01011856,0,1
2025131610251,2025,131610251,3,9,0,-1,10,4,1,-1,0,8,0,0,0,0,1,1,-1,9,2,30,6,-1,-1,-1,-1,4,E01011858,0,1
2025131610284,2025,131610284,2,9,0,-1,9,-1,-1,-1,0,8,0,0,0,0,3,1,-1,6,3,-1,-1,-1,-1,-1,-1,-1,-1,0,-1
2025131610284,2025,131610284,1,97,0,-1,13,-1,-1,-1,0,1,1,0,7,0,1,1,-1,6,1,22,5,-1,-1,-1,-1,1,E01011745,0,1
2025131610888,2025,131610888,1,9,0,-1,19,7,3,-1,0,8,0,0,0,0,4,1,-1,6,2,27,6,-1,-1,-1,-1,1,E01010809,0,3
2025131610923,2025,131610923,1,9,0,-1,5,1,4,-1,0,0,0,0,0,0,1,1,-1,9,1,26,6,-1,-1,-1,-1,8,E01011595,0,1
2025131610923,2025,131610923,2,9,0,-1,5,1,6,-1,0,0,0,0,0,0,1,1,-1,9,1,41,7,-1,-1,-1,-1,2,E01011594,0,1
2025131611331,2025,131611331,1,9,0,-1,19,2,6,-1,0,0,0,0,0,0,3,1,-1,6,1,75,10,-1,-1,-1,-1,8,E01011826,0,1
2025131611344,2025,131611344,2,1,0,-1,7,5,5,-1,0,0,0,0,0,0,1,1,-1,6,1,27,6,-1,-1,-1,-1,1,E01011720,0,1
2025131611344,2025,131611344,1,9,0,-1,19,5,5,-1,0,0,0,0,0,0,4,1,-1,2,1,45,7,-1,-1,-1,-1,1,E01011360,0,1
2025131611792,2025,131611792,1,9,0,-1,19,6,2,-1,0,0,0,0,0,0,3,1,-1,6,1,32,6,-1,-1,-1,-1,6,E01027797,0,4
2025131611792,2025,131611792,2,9,0,-1,2,0,0,-1,0,0,0,0,0,0,3,1,-1,6,-1,-1,-1,-1,-1,-1,-1,-1,-1,0,-1
2025131611893,2025,131611893,1,9,0,-1,19,7,3,-1,0,0,0,0,0,0,1,1,-1,6,1,34,6,-1,-1,-1,-1,3,E01010791,0,2
2025131611893,2025,131611893,2,9,0,-1,19,7,3,-1,0,0,0,0,0,0,1,1,-1,6,1,36,7,-1,-1,-1,-1,3,E01010704,0,1
2025131611919,2025,131611919,2,1,0,-1,7,7,1,-1,0,0,5,0,0,0,3,1,-1,2,1,27,6,-1,-1,-1,-1,5,E01018138,0,5
2025131611919,2025,131611919,1,9,0,-1,15,7,1,-1,0,0,0,0,0,0,4,1,-1,6,1,-1,-1,-1,-1,-1,-1,-1,-1,0,-1
2025131612682,2025,131612682,1,9,0,-1,19,1,5,-1,0,0,0,0,0,0,4,1,-1,7,2,34,6,-1,-1,-1,-1,1,E01011471,0,1
2025131612779,2025,131612779,1,9,0,-1,19,1,5,-1,0,0,0,0,0,0,-1,1,-1,6,2,18,4,-1,-1,-1,-1,1,E01010829,0,1
2025131617261,2025,131617261,1,9,0,-1,19,1,5,-1,0,1,0,0,0,0,1,1,-1,6,1,49,8,-1,-1,-1,-1,1,E01010659,0,1
2025131617261,2025,131617261,2,1,0,-1,19,3,7,-1,0,1,0,0,0,0,4,1,-1,9,1,13,3,-1,-1,-1,-1,1,E01010845,0,1
2025131619724,2025,131619724,1,9,0,-1,9,1,3,-1,0,0,0,0,0,0,1,1,-1,7,2,40,7,-1,-1,-1,-1,1,E01010679,0,1
2025131619724,2025,131619724,2,1,0,-1,19,1,5,-1,9,0,0,0,0,0,3,1,-1,6,1,48,8,-1,-1,-1,-1,2,E01010752,0,2
2025131619828,2025,131619828,1,9,0,-1,19,7,3,-1,-1,1,0,0,0,0,1,1,-1,6,3,-1,-1,-1,-1,-1,-1,-1,-1,0,-1
2025131621398,2025,131621398,1,9,0,-1,19,5,1,-1,0,8,0,0,0,0,3,1,-1,1,1,38,7,-1,-1,-1,-1,1,E01011426,0,1
2025131621398,2025,131621398,2,1,0,-1,19,3,7,-1,0,8,0,0,0,0,1,1,-1,9,1,8,2,-1,-1,-1,-1,1,E01011433,0,1
2025131621569,2025,131621569,2,1,0,-1,19,4,8,-1,0,0,5,0,0,0,1,1,-1,6,1,29,6,-1,-1,-1,-1,2,E01011128,0,1
2025131621569,2025,131621569,1,9,0,-1,9,8,4,-1,0,0,0,0,0,0,1,1,-1,2,2,52,8,-1,-1,-1,-1,6,E01033696,0,3
2025131622343,2025,131622343,1,90,0,-1,19,3,3,-1,0,8,0,0,0,0,3,2,-1,1,1,25,5,-1,-1,-1,-1,-1,-1,0,-1
2025131622343,2025,131622343,2,9,0,-1,11,3,3,-1,0,8,5,0,0,0,4,1,-1,2,2,39,7,-1,-1,-1,-1,3,E01010675,0,2
2025131622644,2025,131622644,1,9,0,-1,19,3,7,-1,0,0,0,0,0,0,4,1,-1,6,2,37,7,-1,-1,-1,-1,-1,-1,0,-1
2025131625369,2025,131625369,1,9,0,-1,1,1,7,-1,0,8,0,0,0,0,2,1,-1,6,3,-1,-1,-1,-1,-1,-1,-1,-1,0,-1
2025131625369,2025,131625369,2,90,0,-1,-1,-1,-1,-1,-1,-1,-1,-1,-1,0,-1,1,-1,6,3,-1,-1,-1,-1,-1,-1,-1,-1,0,-1
2025131625457,2025,131625457,2,9,0,-1,19,1,5,-1,0,8,0,0,0,0,4,1,-1,1,1,64,9,-1,-1,-1,-1,1,E01010674,0,2
2025131625457,2025,131625457,1,9,0,-1,19,3,7,-1,0,4,1,0,0,0,1,1,-1,6,1,42,7,-1,-1,-1,-1,7,E01010785,0,2
2025131625457,2025,131625457,3,9,0,-1,19,3,7,-1,0,1,0,0,0,0,0,1,-1,8,-1,29,6,-1,-1,-1,-1,5,E01010604,0,1
2025131626217,2025,131626217,1,9,0,-1,9,5,4,-1,0,1,0,0,0,0,3,1,-1,6,-1,0,1,-1,-1,-1,-1,1,E01011423,0,2
2025131626217,2025,131626217,2,9,0,-1,19,1,1,-1,0,1,0,0,0,0,1,1,-1,9,2,32,6,-1,-1,-1,-1,7,E01011299,0,3
2025131629865,2025,131629865,2,9,0,-1,2,0,0,-1,9,2,0,0,0,0,1,1,-1,6,-1,-1,-1,-1,-1,-1,-1,-1,-1,0,-1
2025131629865,2025,131629865,4,9,0,-1,2,0,0,-1,9,2,0,0,0,0,2,1,-1,6,-1,-1,-1,-1,-1,-1,-1,-1,-1,0,-1
2025131629865,2025,131629865,3,98,0,-1,2,0,0,-1,9,2,0,0,0,0,2,1,-1,6,-1,-1,-1,-1,-1,-1,-1,-1,-1,0,-1
2025131629865,2025,131629865,1,9,0,-1,-1,-1,-1,-1,-1,1,-1,-1,-1,0,-1,1,-1,2,1,26,6,-1,-1,-1,-1,3,E01010825,0,1
2025131630135,2025,131630135,2,9,0,-1,2,0,0,-1,5,8,0,0,0,0,3,1,-1,6,-1,-1,-1,-1,-1,-1,-1,-1,-1,0,-1
2025131630135,2025,131630135,1,9,0,-1,19,1,1,-1,0,8,0,0,0,0,4,1,-1,6,2,19,4,-1,-1,-1,-1,1,E01010924,0,1
2025131630135,2025,131630135,3,9,0,-1,2,0,0,-1,5,8,0,0,0,0,2,1,-1,6,-1,-1,-1,-1,-1,-1,-1,-1,-1,0,-1
2025131631759,2025,131631759,3,9,0,-1,19,7,3,-1,0,0,0,0,0,0,0,1,-1,8,1,23,5,-1,-1,-1,-1,7,E01034268,0,1
2025131631759,2025,131631759,2,9,0,-1,19,3,7,-1,0,0,0,0,0,0,1,1,-1,2,2,47,8,-1,-1,-1,-1,2,E01011840,0,1
2025131631759,2025,131631759,1,9,0,-1,4,3,7,-1,0,0,0,0,0,0,2,1,-1,1,1,71,10,-1,-1,-1,-1,2,E01011840,0,1
2025141536588,2025,141536588,1,9,0,-1,19,4,1,-1,0,2,1,0,1,5,1,1,-1,1,1,50,8,-1,-1,-1,-1,1,E01007339,0,1
2025141536589,2025,141536589,1,9,0,-1,19,1,5,-1,0,1,0,0,0,0,1,9,-1,6,3,-1,-1,-1,-1,-1,-1,-1,-1,0,-1
2025141536602,2025,141536602,1,9,0,-1,4,3,7,-1,0,2,0,0,0,0,3,1,-1,6,1,22,5,-1,-1,-1,-1,1,E01007472,0,3
2025141536602,2025,141536602,2,97,0,-1,19,3,7,-1,0,2,0,0,0,0,1,1,-1,6,1,15,3,-1,-1,-1,-1,3,E01007451,0,2
2025141536669,2025,141536669,2,9,0,-1,19,5,1,-1,0,0,0,0,0,0,1,1,-1,2,1,28,6,-1,-1,-1,-1,7,E01007754,0,1
2025141536669,2025,141536669,1,9,0,-1,19,5,1,-1,0,0,0,0,6,0,1,1,-1,6,1,42,7,-1,-1,-1,-1,-1,-1,0,-1
2025141536945,2025,141536945,1,9,0,-1,19,3,7,-1,9,0,1,0,1,0,1,1,-1,6,1,45,7,-1,-1,-1,-1,3,E01007488,0,1
2025141537026,2025,141537026,3,9,0,-1,19,2,6,-1,0,1,0,0,0,0,2,2,-1,9,1,30,6,-1,-1,-1,-1,9,E01019559,0,3
2025141537026,2025,141537026,1,98,0,-1,19,2,6,-1,0,1,0,0,0,0,1,2,-1,9,1,21,5,-1,-1,-1,-1,8,E01018577,0,4
2025141537026,2025,141537026,2,97,0,-1,19,2,6,-1,0,1,0,0,0,0,2,1,-1,9,1,44,7,-1,-1,-1,-1,10,E01007955,0,1
2025141537042,2025,141537042,2,9,0,-1,5,1,5,-1,0,1,0,0,1,10,1,1,-1,2,1,43,7,-1,-1,-1,-1,1,E01007794,0,2
2025141537042,2025,141537042,1,9,0,-1,9,5,3,-1,0,8,0,0,0,0,1,1,-1,9,1,18,4,-1,-1,-1,-1,7,E01007711,0,1
2025141537210,2025,141537210,1,9,0,-1,9,5,1,-1,0,3,1,0,3,11,1,1,-1,9,2,29,6,-1,-1,-1,-1,1,E01007511,0,1
2025141537356,2025,141537356,1,9,0,-1,7,6,8,-1,0,8,0,0,0,0,1,1,-1,1,1,42,7,-1,-1,-1,-1,1,E01008103,0,1
2025141537356,2025,141537356,2,1,0,-1,19,6,6,-1,0,1,0,0,0,0,4,1,-1,2,1,64,9,-1,-1,-1,-1,8,E01008038,0,1
2025141537427,2025,141537427,1,9,0,-1,19,4,8,-1,0,8,0,0,0,0,1,1,-1,9,1,37,7,-1,-1,-1,-1,7,E01011561,0,4
2025141537427,2025,141537427,2,9,0,-1,9,6,4,-1,0,8,0,0,0,0,3,1,-1,9,1,47,8,-1,-1,-1,-1,3,E01007357,0,1
2025141537692,2025,141537692,2,9,0,-1,9,7,3,-1,0,1,0,0,7,0,1,1,-1,6,1,45,7,-1,-1,-1,-1,1,E01007735,0,2
2025141537692,2025,141537692,1,9,0,-1,19,2,6,-1,0,1,0,0,0,0,1,1,-1,9,2,38,7,-1,-1,-1,-1,2,E01007800,0,3
2025141537822,2025,141537822,1,9,0,-1,19,1,5,-1,0,1,1,0,0,0,1,1,-1,2,1,60,9,-1,-1,-1,-1,1,E01007949,0,2
2025141537822,2025,141537822,2,9,0,-1,2,5,1,-1,0,1,0,0,0,0,1,1,-1,1,2,63,9,-1,-1,-1,-1,2,E01007367,0,3
2025141537855,2025,141537855,1,9,0,-1,19,1,5,-1,0,0,0,0,0,0,1,1,-1,6,-1,-1,-1,-1,-1,-1,-1,-1,-1,0,-1
2025141537855,2025,141537855,2,9,0,-1,2,0,0,-1,9,0,0,0,0,0,2,1,-1,6,-1,-1,-1,-1,-1,-1,-1,-1,-1,0,-1
2025141537855,2025,141537855,3,98,0,-1,2,0,0,-1,9,0,0,0,0,0,2,1,-1,6,-1,-1,-1,-1,-1,-1,-1,-1,-1,0,-1
2025141537869,2025,141537869,1,9,0,-1,19,5,1,-1,0,1,1,0,7,0,1,1,-1,9,1,46,8,-1,-1,-1,-1,2,E01007784,0,1
2025141537869,2025,141537869,2,11,0,-1,2,5,1,-1,0,1,0,0,0,0,1,1,-1,1,1,61,9,-1,-1,-1,-1,3,E01007340,0,3
2025141537978,2025,141537978,1,9,0,-1,19,6,2,-1,0,1,0,0,0,0,1,1,-1,1,1,34,6,-1,-1,-1,-1,1,E01007716,0,2
2025141538091,2025,141538091,2,9,0,-1,19,2,5,-1,0,0,0,0,0,0,3,1,-1,9,1,58,9,-1,-1,-1,-1,5,E01034253,0,2
2025141538091,2025,141538091,1,9,0,-1,19,2,5,-1,0,0,1,0,0,0,1,1,-1,9,1,41,7,-1,-1,-1,-1,1,E01007715,0,2
2025141538210,2025,141538210,1,9,0,-1,11,3,1,-1,0,0,1,0,0,0,1,1,-1,1,1,23,5,-1,-1,-1,-1,2,E01007914,0,1
2025141538497,2025,141538497,1,9,0,-1,19,8,4,-1,0,0,2,0,0,0,1,1,-1,6,2,77,11,-1,-1,-1,-1,8,E01007599,0,1
2025141538497,2025,141538497,2,98,0,-1,2,0,0,-1,0,0,0,0,0,0,2,1,-1,6,-1,-1,-1,-1,-1,-1,-1,-1,-1,0,-1
2025141538823,2025,141538823,2,9,0,-1,5,7,2,-1,0,1,0,0,0,0,3,1,-1,6,2,60,9,-1,-1,-1,-1,10,E01007937,0,1
2025141538823,2025,141538823,1,1,0,-1,19,6,2,-1,0,1,0,0,0,0,1,1,-1,6,1,32,6,-1,-1,-1,-1,10,E01007929,0,1
2025141539077,2025,141539077,2,9,0,-1,4,1,5,-1,0,1,0,0,0,0,2,9,-1,6,3,-1,-1,-1,-1,-1,-1,-1,-1,0,-1
2025141539077,2025,141539077,1,9,0,-1,19,1,5,-1,0,1,0,0,0,0,1,1,-1,6,1,85,11,-1,-1,-1,-1,8,E01007520,0,1
2025141539132,2025,141539132,1,19,0,-1,19,8,4,-1,0,0,0,0,0,0,1,1,-1,9,1,55,8,-1,-1,-1,-1,7,E01007750,0,2
2025141539234,2025,141539234,1,9,0,-1,5,3,5,-1,0,6,0,0,0,0,3,1,-1,2,1,21,5,-1,-1,-1,-1,1,E01007856,0,2
2025141539234,2025,141539234,2,9,0,-1,19,1,5,-1,0,1,0,0,0,0,1,1,-1,2,1,39,7,-1,-1,-1,-1,2,E01007397,0,1
2025141539608,2025,141539608,1,9,0,-1,4,4,8,-1,0,3,0,0,0,0,1,1,-1,2,2,38,7,-1,-1,-1,-1,6,E01008153,0,1
2025141539659,2025,141539659,1,9,0,-1,19,2,6,-1,0,1,1,0,1,1,1,1,-1,1,1,66,10,-1,-1,-1,-1,1,E01008018,0,2
2025141539916,2025,141539916,1,9,0,-1,3,1,5,-1,0,8,0,0,0,0,3,1,-1,9,2,31,6,-1,-1,-1,-1,2,E01007405,0,1
2025141539916,2025,141539916,2,11,0,-1,9,5,1,-1,0,2,0,0,0,0,2,9,-1,6,3,-1,-1,-1,-1,-1,-1,-1,-1,0,-1
2025141539936,2025,141539936,2,9,0,-1,19,5,1,-1,0,1,0,0,0,0,1,1,-1,9,1,35,6,-1,-1,-1,-1,3,E01007676,0,2
2025141539936,2025,141539936,1,9,0,-1,19,5,1,-1,0,1,0,0,0,0,2,1,-1,9,1,50,8,-1,-1,-1,-1,1,E01008060,0,1
2025141540095,2025,141540095,1,9,0,-1,19,8,4,-1,0,0,0,0,0,0,1,1,-1,9,1,23,5,-1,-1,-1,-1,6,E01008111,0,1
2025141540366,2025,141540366,2,9,0,-1,4,3,6,-1,0,0,0,4,0,0,1,1,-1,9,1,43,7,-1,-1,-1,-1,2,E01007517,0,1
2025141540366,2025,141540366,3,9,0,-1,4,3,7,-1,0,0,0,0,0,0,2,1,-1,6,1,44,7,-1,-1,-1,-1,1,E01034236,0,1
2025141540366,2025,141540366,1,9,0,-1,4,3,7,-1,0,0,0,4,0,0,2,1,-1,6,1,69,10,-1,-1,-1,-1,1,E01007499,0,1
2025141540370,2025,141540370,1,9,0,-1,7,3,7,-1,0,0,0,0,0,0,0,1,-1,9,2,34,6,-1,-1,-1,-1,8,E01007756,0,2
2025141540370,2025,141540370,2,97,0,-1,11,3,7,-1,0,0,0,0,0,0,1,1,-1,2,1,27,6,-1,-1,-1,-1,1,E01007721,0,1
2025141540560,2025,141540560,1,9,0,-1,3,8,4,-1,0,2,0,0,0,0,3,1,-1,6,1,73,10,-1,-1,-1,-1,3,E01007963,0,1
2025141540560,2025,141540560,2,9,0,-1,19,7,2,-1,0,2,0,0,0,0,1,9,-1,6,3,-1,-1,-1,-1,-1,-1,-1,-1,0,-1
2025141540635,2025,141540635,1,9,0,-1,19,4,8,-1,0,8,0,0,1,1,1,1,-1,9,1,22,5,-1,-1,-1,-1,1,E01008011,0,1
2025141540635,2025,141540635,2,9,0,-1,19,5,1,-1,0,8,0,0,1,2,1,1,-1,9,2,65,9,-1,-1,-1,-1,7,E01007834,0,2
2025141540677,2025,141540677,2,9,0,-1,4,1,5,-1,0,0,0,0,0,0,2,1,-1,9,1,34,6,-1,-1,-1,-1,4,E01033273,0,4
2025141540677,2025,141540677,1,9,0,-1,4,1,5,-1,0,0,0,0,0,0,2,1,-1,6,1,32,6,-1,-1,-1,-1,2,E01011139,0,3
2025141540677,2025,141540677,3,9,0,-1,19,1,5,-1,0,0,0,0,0,0,1,1,-1,6,1,61,9,-1,-1,-1,-1,10,E01034764,0,4
2025141540856,2025,141540856,1,9,0,-1,19,6,2,-1,0,0,0,0,0,0,1,1,-1,1,1,22,5,-1,-1,-1,-1,6,E01033262,0,3
2025141540861,2025,141540861,2,9,0,-1,-1,-1,-1,-1,-1,0,-1,-1,-1,0,-1,9,-1,6,3,-1,-1,-1,-1,-1,-1,-1,-1,0,-1
2025141540861,2025,141540861,1,22,0,-1,-1,-1,-1,-1,-1,0,-1,-1,-1,0,-1,1,-1,6,1,52,8,-1,-1,-1,-1,3,E01007449,0,1
2025141540985,2025,141540985,1,9,0,-1,12,1,5,-1,0,0,0,0,0,0,3,1,-1,2,1,19,4,-1,-1,-1,-1,1,E01007461,0,2
2025141540985,2025,141540985,2,98,0,-1,19,1,5,-1,0,0,0,0,4,0,1,1,-1,1,1,57,9,-1,-1,-1,-1,7,E01011536,0,4
2025141541020,2025,141541020,2,9,0,-1,5,3,7,-1,0,4,0,0,0,0,3,1,-1,2,2,61,9,-1,-1,-1,-1,9,E01007624,0,1
2025141541020,2025,141541020,1,9,0,-1,9,7,5,-1,0,8,0,0,0,0,1,1,-1,9,1,17,4,-1,-1,-1,-1,6,E01007565,0,1
2025141541068,2025,141541068,1,9,0,-1,19,7,3,-1,0,0,0,0,0,0,1,1,-1,6,2,36,7,-1,-1,-1,-1,6,E01007456,0,3
2025141541068,2025,141541068,2,9,0,-1,19,3,7,-1,0,0,0,0,0,0,1,1,-1,1,1,45,7,-1,-1,-1,-1,5,E01010788,0,4
2025141541264,2025,141541264,2,9,0,-1,19,8,4,-1,0,1,0,0,0,0,1,9,-1,1,1,27,6,-1,-1,-1,-1,1,E01007708,0,2
2025141541264,2025,141541264,1,9,0,-1,19,8,4,-1,0,1,0,0,0,0,2,1,-1,9,2,48,8,-1,-1,-1,-1,1,E01008055,0,1
2025141541393,2025,141541393,1,9,0,-1,19,5,1,-1,0,2,0,4,0,0,1,9,-1,6,1,19,4,-1,-1,-1,-1,9,E01008141,0,2
2025141541393,2025,141541393,2,98,0,-1,2,0,0,-1,0,8,0,0,0,0,2,9,-1,1,1,35,6,-1,-1,-1,-1,1,E01007764,0,3
2025141541394,2025,141541394,1,9,0,-1,9,1,7,-1,0,8,0,0,0,0,1,1,-1,9,1,24,5,-1,-1,-1,-1,1,E01008062,0,1
2025141541408,2025,141541408,1,9,0,-1,4,1,5,-1,0,0,0,0,0,0,1,1,-1,6,1,51,8,-1,-1,-1,-1,1,E01007715,0,2
2025141541408,2025,141541408,2,9,0,-1,4,1,5,-1,0,0,0,0,0,0,2,1,-1,1,1,56,9,-1,-1,-1,-1,6,E01007853,0,3
2025141541470,2025,141541470,1,9,0,-1,19,8,4,-1,0,8,0,0,0,0,1,1,-1,9,2,25,5,-1,-1,-1,-1,3,E01007557,0,1
2025141541597,2025,141541597,1,9,0,-1,5,1,1,-1,0,1,0,0,0,0,1,1,-1,9,1,26,6,-1,-1,-1,-1,1,E01007495,0,3
2025141541597,2025,141541597,2,9,0,-1,4,1,1,-1,0,1,0,0,0,0,1,1,-1,9,2,21,5,-1,-1,-1,-1,5,E01007640,0,1
2025141541702,2025,141541702,2,97,0,-1,19,2,4,-1,0,8,0,0,0,0,3,1,-1,6,1,66,10,-1,-1,-1,-1,3,E01034258,0,1