collision_index,collision_year,collision_ref_no,vehicle_reference,vehicle_type,towing_and_articulation,vehicle_manoeuvre_historic,vehicle_manoeuvre,vehicle_direction_from,vehicle_direction_to,vehicle_location_restricted_lane_historic,vehicle_location_restricted_lane,junction_location,skidding_and_overturning,hit_object_in_carriageway,vehicle_leaving_carriageway,hit_object_off_carriageway,first_point_of_impact,vehicle_left_hand_drive,journey_purpose_of_driver_historic,journey_purpose_of_driver,sex_of_driver,age_of_driver,age_band_of_driver,engine_capacity_cc,propulsion_code,age_of_vehicle,generic_make_model,driver_imd_decile,lsoa_of_driver,escooter_flag,driver_distance_banding
2025141549407,2025,141549407,1,98,0,-1,9,1,3,-1,0,0,0,0,7,1,1,1,-1,9,1,47,8,-1,-1,-1,-1,2,E01007435,0,2
2025141549407,2025,141549407,2,9,0,-1,2,0,0,-1,0,0,0,0,0,0,3,1,-1,6,-1,-1,-1,-1,-1,-1,-1,-1,-1,0,-1
2025141549542,2025,141549542,1,1,0,-1,19,7,3,-1,0,0,0,11,0,0,1,1,-1,6,1,19,4,-1,-1,-1,-1,4,E01034605,0,5
2025141549543,2025,141549543,1,9,0,-1,19,5,1,-1,0,2,0,0,0,0,1,9,-1,6,3,-1,-1,-1,-1,-1,-1,-1,-1,0,-1
2025141549565,2025,141549565,1,9,0,-1,19,8,4,-1,9,1,0,0,3,11,1,1,-1,9,1,81,11,-1,-1,-1,-1,8,E01007899,0,1
2025141549683,2025,141549683,1,9,0,-1,7,6,2,-1,0,5,0,0,0,0,1,9,-1,9,1,31,6,-1,-1,-1,-1,2,E01008114,0,1
2025141549683,2025,141549683,2,9,0,-1,4,8,4,-1,0,1,0,0,0,0,3,1,-1,9,1,21,5,-1,-1,-1,-1,9,E01028009,0,4
2025141549876,2025,141549876,1,9,0,-1,19,2,2,-1,-1,0,5,0,1,4,1,1,-1,6,2,86,11,-1,-1,-1,-1,6,E01007688,0,2
2025141549976,2025,141549976,1,9,0,-1,19,7,3,-1,0,1,0,0,0,0,1,9,-1,6,1,25,5,-1,-1,-1,-1,-1,-1,0,-1
2025141549980,2025,141549980,1,9,0,-1,19,6,2,-1,0,0,0,0,0,0,1,1,-1,1,2,36,7,-1,-1,-1,-1,10,E01007929,0,1
2025141549998,2025,141549998,1,9,0,-1,19,7,3,-1,0,0,0,0,0,0,1,9,-1,6,1,22,5,-1,-1,-1,-1,1,E01008084,0,2
2025141549998,2025,141549998,2,9,0,-1,2,0,0,-1,0,0,0,0,0,0,1,9,-1,6,-1,-1,-1,-1,-1,-1,-1,-1,-1,0,-1
2025141550119,2025,141550119,2,1,0,-1,19,4,8,-1,9,8,0,0,0,0,4,1,-1,6,1,13,3,-1,-1,-1,-1,2,E01007654,0,1
2025141550119,2025,141550119,1,9,0,-1,5,2,8,-1,9,6,0,0,0,0,4,1,-1,1,2,48,8,-1,-1,-1,-1,6,E01007526,0,1
2025141550397,2025,141550397,1,9,0,-1,19,4,8,-1,0,1,0,0,0,0,4,1,-1,9,1,57,9,-1,-1,-1,-1,8,E01007994,0,1
2025141550579,2025,141550579,2,90,0,-1,19,4,1,-1,0,1,0,0,0,0,4,1,-1,1,1,56,9,-1,-1,-1,-1,4,E01013334,0,4
2025141550579,2025,141550579,1,98,0,-1,9,7,4,-1,0,1,0,0,7,0,1,1,-1,1,1,48,8,-1,-1,-1,-1,6,E01008105,0,4
2025141550667,2025,141550667,1,98,0,-1,9,8,6,-1,0,1,0,0,0,0,3,1,-1,1,1,34,6,-1,-1,-1,-1,3,E01007900,0,3
2025141550667,2025,141550667,2,1,0,-1,19,4,8,-1,0,1,0,0,0,0,3,1,-1,2,1,37,7,-1,-1,-1,-1,3,E01007976,0,1
2025141550858,2025,141550858,2,9,0,-1,9,1,7,-1,0,2,0,0,0,0,3,1,-1,9,1,36,7,-1,-1,-1,-1,2,E01034846,0,1
2025141550858,2025,141550858,1,9,0,-1,19,7,3,-1,0,1,0,0,0,0,1,1,-1,9,2,65,9,-1,-1,-1,-1,4,E01007842,0,1
2025141550909,2025,141550909,1,9,0,-1,9,5,1,-1,0,1,0,0,0,0,1,1,-1,9,1,73,10,-1,-1,-1,-1,1,E01007532,0,2
2025141550909,2025,141550909,2,11,0,-1,19,1,5,-1,0,2,0,0,0,0,1,1,-1,1,1,32,6,-1,-1,-1,-1,3,E01028062,0,3
2025141551017,2025,141551017,1,9,0,-1,19,7,3,-1,0,0,0,0,0,0,1,1,-1,2,1,49,8,-1,-1,-1,-1,1,E01007768,0,2
2025141551017,2025,141551017,2,22,0,-1,5,5,1,-1,0,0,5,0,0,0,4,1,-1,6,1,44,7,-1,-1,-1,-1,1,E01007726,0,1
2025141551187,2025,141551187,1,9,0,-1,19,1,5,-1,0,0,0,0,1,0,1,1,-1,2,1,49,8,-1,-1,-1,-1,6,E01007585,0,2
2025141551187,2025,141551187,2,9,0,-1,9,5,1,-1,0,0,1,0,0,0,1,1,-1,2,1,43,7,-1,-1,-1,-1,7,E01008039,0,3
2025141551312,2025,141551312,1,9,0,-1,5,5,3,-1,0,2,0,0,0,0,1,1,-1,9,1,71,10,-1,-1,-1,-1,2,E01007881,0,1
2025141551312,2025,141551312,2,97,0,-1,19,3,7,-1,0,1,0,0,0,0,1,1,-1,1,1,53,8,-1,-1,-1,-1,3,E01033272,0,1
2025141551371,2025,141551371,1,9,0,-1,19,5,1,-1,0,0,0,0,0,0,1,1,-1,9,2,24,5,-1,-1,-1,-1,8,E01007994,0,1
2025141551385,2025,141551385,2,97,0,-1,13,3,7,-1,0,1,0,0,7,1,1,1,-1,6,1,47,8,-1,-1,-1,-1,1,E01007721,0,1
2025141551385,2025,141551385,1,9,0,-1,9,3,1,-1,0,6,0,0,0,0,3,1,-1,2,2,30,6,-1,-1,-1,-1,1,E01007721,0,1
2025141551386,2025,141551386,1,9,0,-1,19,5,1,-1,0,2,0,0,0,0,4,1,-1,9,1,68,10,-1,-1,-1,-1,10,E01019785,0,2
2025141551454,2025,141551454,1,9,0,-1,1,0,0,-1,0,0,0,0,0,0,2,9,-1,6,2,80,11,-1,-1,-1,-1,10,E01019788,0,1
2025141551495,2025,141551495,1,11,0,-1,19,5,1,-1,0,0,0,0,0,0,1,1,-1,1,1,57,9,-1,-1,-1,-1,3,E01007346,0,1
2025141551596,2025,141551596,2,9,0,-1,19,3,8,-1,0,4,0,0,0,0,1,9,-1,6,1,-1,-1,-1,-1,-1,-1,-1,-1,0,-1
2025141551596,2025,141551596,1,9,0,-1,7,3,6,-1,0,4,0,0,0,0,2,9,-1,6,2,45,7,-1,-1,-1,-1,6,E01008020,0,2
2025141551737,2025,141551737,1,9,0,-1,19,1,5,-1,0,8,0,0,0,0,1,1,-1,9,1,57,9,-1,-1,-1,-1,1,E01008083,0,3
2025141551737,2025,141551737,2,9,0,-1,19,3,7,-1,0,8,0,0,0,0,3,1,-1,9,2,34,6,-1,-1,-1,-1,1,E01008060,0,1
2025141551749,2025,141551749,1,9,0,-1,19,1,5,-1,0,1,0,0,0,0,1,1,-1,6,2,53,8,-1,-1,-1,-1,6,E01007526,0,2
2025141551749,2025,141551749,2,9,0,-1,9,3,5,-1,0,2,0,0,0,0,4,1,-1,6,2,38,7,-1,-1,-1,-1,6,E01034244,0,1
2025141551758,2025,141551758,1,-1,0,-1,19,1,5,-1,0,1,0,0,0,0,0,1,-1,9,1,14,3,-1,-1,-1,-1,7,E01007553,1,2
2025141551795,2025,141551795,2,9,0,-1,19,1,5,-1,0,1,0,0,0,0,1,9,-1,6,3,-1,-1,-1,-1,-1,-1,-1,-1,0,-1
2025141551795,2025,141551795,1,1,0,-1,19,1,5,-1,0,1,0,0,0,0,1,1,-1,9,1,16,4,-1,-1,-1,-1,1,E01007979,0,1
2025141551818,2025,141551818,1,9,0,-1,19,5,4,-1,0,1,0,0,0,0,1,1,-1,9,2,45,7,-1,-1,-1,-1,-1,-1,0,-1
2025141551818,2025,141551818,2,9,0,-1,4,4,2,-1,0,1,0,0,0,0,2,1,-1,1,1,55,8,-1,-1,-1,-1,-1,-1,0,-1
2025141551819,2025,141551819,1,9,0,-1,19,1,5,-1,0,0,0,0,0,0,3,1,-1,9,2,70,10,-1,-1,-1,-1,7,E01007658,0,3
2025141551822,2025,141551822,1,98,4,-1,19,3,7,-1,0,0,1,0,0,0,1,1,-1,6,1,41,7,-1,-1,-1,-1,1,E01007376,0,4
2025141551822,2025,141551822,2,90,1,-1,3,3,7,-1,0,0,0,0,0,0,2,1,-1,1,1,60,9,-1,-1,-1,-1,8,E01026368,0,4
2025141551822,2025,141551822,3,98,0,-1,3,3,7,-1,0,0,0,0,0,0,2,1,-1,1,1,48,8,-1,-1,-1,-1,3,E01007337,0,4
2025141551833,2025,141551833,1,9,0,-1,9,2,8,-1,0,5,0,0,0,0,0,1,-1,9,1,51,8,-1,-1,-1,-1,2,E01007656,0,1
2025141551833,2025,141551833,2,9,0,-1,19,6,2,-1,0,1,1,10,1,11,1,1,-1,9,1,20,4,-1,-1,-1,-1,5,E01007653,0,1
2025141551867,2025,141551867,1,98,0,-1,9,8,6,-1,0,8,0,0,0,0,1,1,-1,6,3,30,6,-1,-1,-1,-1,-1,-1,0,-1
2025141551867,2025,141551867,2,98,0,-1,19,3,7,-1,0,8,0,0,0,0,1,1,-1,6,1,44,7,-1,-1,-1,-1,4,E01007536,0,3
2025141551952,2025,141551952,2,9,0,-1,11,1,5,-1,0,0,0,0,0,0,2,1,-1,9,1,76,11,-1,-1,-1,-1,3,E01007679,0,2
2025141551952,2025,141551952,1,98,1,-1,11,1,5,-1,0,0,0,0,0,0,1,1,-1,1,1,58,9,-1,-1,-1,-1,6,E01010955,0,4
2025141552035,2025,141552035,2,1,0,-1,20,1,3,-1,0,0,0,0,0,0,1,1,-1,6,1,14,3,-1,-1,-1,-1,1,E01007317,0,1
2025141552035,2025,141552035,1,9,0,-1,19,1,3,-1,0,0,0,0,0,0,1,9,-1,6,1,19,4,-1,-1,-1,-1,4,E01007344,0,1
2025141552129,2025,141552129,2,9,0,-1,2,0,0,-1,0,8,0,0,0,0,3,9,-1,1,1,35,6,-1,-1,-1,-1,3,E01008109,0,4
2025141552129,2025,141552129,1,9,0,-1,14,3,7,-1,0,2,0,8,0,0,1,9,-1,6,2,29,6,-1,-1,-1,-1,4,E01034247,0,2
2025141552271,2025,141552271,2,9,0,-1,19,5,1,-1,0,0,0,0,0,0,1,1,-1,9,1,27,6,-1,-1,-1,-1,1,E01008022,0,1
2025141552271,2025,141552271,1,9,0,-1,19,5,1,-1,0,0,0,12,0,0,2,1,-1,9,1,51,8,-1,-1,-1,-1,5,E01019791,0,1
2025141552343,2025,141552343,1,9,0,-1,13,1,5,-1,0,0,0,0,0,0,1,1,-1,6,2,28,6,-1,-1,-1,-1,1,E01007822,0,2
2025141552343,2025,141552343,2,9,0,-1,19,1,5,-1,0,0,0,0,0,0,1,1,-1,9,1,48,8,-1,-1,-1,-1,1,E01007466,0,1
2025141552404,2025,141552404,2,9,0,-1,19,4,8,-1,0,0,0,0,1,0,1,1,-1,9,1,37,7,-1,-1,-1,-1,1,E01034842,0,2
2025141552404,2025,141552404,1,9,0,-1,15,8,4,-1,0,0,0,0,0,0,1,1,-1,6,1,53,8,-1,-1,-1,-1,1,E01007919,0,1
2025141552733,2025,141552733,1,9,0,-1,19,5,1,-1,0,8,0,0,0,0,1,1,-1,2,1,24,5,-1,-1,-1,-1,5,E01008024,0,2
2025141552733,2025,141552733,2,1,0,-1,19,7,3,-1,0,8,0,0,0,0,3,1,-1,2,1,35,6,-1,-1,-1,-1,6,E01033262,0,1
2025141552787,2025,141552787,2,9,0,-1,19,1,5,-1,0,6,0,0,0,0,1,9,-1,6,3,-1,-1,-1,-1,-1,-1,-1,-1,0,-1
2025141552787,2025,141552787,1,9,0,-1,19,7,3,-1,0,2,0,0,2,4,3,1,-1,6,1,70,10,-1,-1,-1,-1,1,E01007851,0,1
2025141552824,2025,141552824,2,9,0,-1,2,0,0,-1,0,1,0,0,0,0,3,1,-1,6,-1,-1,-1,-1,-1,-1,-1,-1,-1,0,-1
2025141552824,2025,141552824,1,9,0,-1,19,1,5,-1,0,1,5,4,0,0,3,1,-1,6,1,32,6,-1,-1,-1,-1,1,E01007532,0,4
2025141552824,2025,141552824,3,9,0,-1,2,0,0,-1,0,1,0,0,0,0,3,1,-1,6,-1,-1,-1,-1,-1,-1,-1,-1,-1,0,-1
2025141552868,2025,141552868,1,9,0,-1,9,3,8,-1,0,0,0,0,0,0,2,9,-1,6,2,53,8,-1,-1,-1,-1,-1,-1,0,-1
2025141552868,2025,141552868,2,9,0,-1,19,8,4,-1,0,0,0,0,0,0,1,9,-1,6,1,-1,-1,-1,-1,-1,-1,-1,-1,0,-1
2025141552868,2025,141552868,3,9,0,-1,19,8,4,-1,0,0,0,0,0,0,2,9,-1,6,1,44,7,-1,-1,-1,-1,1,E01011789,0,4
2025141552880,2025,141552880,2,9,0,-1,5,1,7,-1,0,6,0,0,0,0,1,1,-1,6,3,-1,-1,-1,-1,-1,-1,-1,-1,0,-1
2025141552880,2025,141552880,1,9,0,-1,19,7,3,-1,0,1,0,0,0,0,4,1,-1,1,1,50,8,-1,-1,-1,-1,8,E01019806,0,3
2025141552913,2025,141552913,1,9,0,-1,6,5,6,-1,0,2,0,0,0,0,1,1,-1,6,3,-1,-1,-1,-1,-1,-1,-1,-1,0,-1
2025141553165,2025,141553165,2,9,0,-1,9,7,5,-1,0,6,0,0,0,0,3,1,-1,2,1,41,7,-1,-1,-1,-1,4,E01034247,0,1
2025141553165,2025,141553165,1,97,0,-1,19,5,1,-1,0,2,5,0,0,0,1,1,-1,6,1,34,6,-1,-1,-1,-1,1,E01007732,0,1
2025141553200,2025,141553200,1,9,0,-1,19,3,5,-1,0,0,0,0,3,0,1,9,-1,6,2,71,10,-1,-1,-1,-1,7,E01007334,0,1
2025141553201,2025,141553201,2,9,0,-1,3,1,5,-1,0,1,0,0,0,0,2,1,-1,6,1,39,7,-1,-1,-1,-1,7,E01007483,0,1
2025141553201,2025,141553201,3,9,0,-1,3,1,5,-1,0,1,0,0,0,0,2,1,-1,6,2,27,6,-1,-1,-1,-1,9,E01007601,0,1
2025141553201,2025,141553201,1,9,0,-1,3,1,5,-1,0,1,0,0,0,0,1,1,-1,6,1,66,10,-1,-1,-1,-1,2,E01007482,0,1
2025141553319,2025,141553319,2,9,0,-1,9,8,4,-1,0,0,0,0,0,0,1,1,-1,1,2,61,9,-1,-1,-1,-1,3,E01007900,0,1
2025141553319,2025,141553319,1,97,0,-1,19,4,8,-1,0,0,0,0,0,0,1,1,-1,2,1,18,4,-1,-1,-1,-1,1,E01007892,0,1
2025141553572,2025,141553572,1,9,0,-1,19,2,6,-1,0,1,0,0,0,0,1,2,-1,1,1,41,7,-1,-1,-1,-1,1,E01007531,0,1
2025141553573,2025,141553573,2,9,0,-1,19,1,3,-1,0,0,0,0,0,0,1,1,-1,9,1,81,11,-1,-1,-1,-1,7,E01007657,0,1
2025141553573,2025,141553573,1,9,0,-1,4,1,3,-1,0,0,0,0,0,0,2,1,-1,9,1,18,4,-1,-1,-1,-1,10,E01026203,0,4
2025141553598,2025,141553598,1,9,0,-1,9,5,3,-1,0,0,0,0,0,0,1,1,-1,6,1,42,7,-1,-1,-1,-1,1,E01007568,0,2
2025141553598,2025,141553598,2,9,0,-1,19,3,5,-1,0,0,0,0,0,0,1,1,-1,6,1,41,7,-1,-1,-1,-1,1,E01007511,0,1
2025141553640,2025,141553640,1,9,0,-1,9,8,5,-1,0,1,0,0,0,0,1,1,-1,9,2,65,9,-1,-1,-1,-1,7,E01007616,0,4
2025141553640,2025,141553640,2,9,0,-1,4,1,5,-1,0,1,0,0,0,0,3,1,-1,2,1,29,6,-1,-1,-1,-1,9,E01007425,0,3
2025141553700,2025,141553700,1,9,0,-1,19,2,4,-1,0,0,0,0,0,0,1,1,-1,6,2,43,7,-1,-1,-1,-1,2,E01007697,0,1
2025141553806,2025,141553806,1,9,0,-1,19,3,7,-1,0,1,0,0,1,10,1,1,-1,6,3,-1,-1,-1,-1,-1,-1,-1,-1,0,-1
2025141553959,2025,141553959,1,9,0,-1,19,8,4,-1,0,1,0,0,0,0,1,1,-1,9,2,64,9,-1,-1,-1,-1,3,E01019496,0,4
2025141553959,2025,141553959,2,9,0,-1,3,8,4,-1,0,1,0,0,0,0,2,1,-1,2,2,20,4,-1,-1,-1,-1,7,E01007911,0,2
2025141554015,2025,141554015,2,9,0,-1,5,3,7,-1,0,8,0,0,1,11,1,1,-1,2,1,53,8,-1,-1,-1,-1,1,E01007499,0,1
2025141554015,2025,141554015,1,9,0,-1,19,1,5,-1,0,8,0,0,0,0,1,1,-1,7,1,35,6,-1,-1,-1,-1,3,E01007541,0,2
2025141554043,2025,141554043,1,9,0,-1,9,3,1,-1,0,8,0,0,0,0,1,1,-1,9,2,57,9,-1,-1,-1,-1,6,E01007609,0,4
2025141554075,2025,141554075,1,9,0,-1,19,8,4,-1,0,0,0,0,0,0,1,9,-1,6,3,-1,-1,-1,-1,-1,-1,-1,-1,0,-1
2025141554173,2025,141554173,2,9,0,-1,9,5,2,-1,0,8,0,0,0,0,1,1,-1,2,2,45,7,-1,-1,-1,-1,3,E01007702,0,1
2025141554173,2025,141554173,1,97,0,-1,19,3,7,-1,0,8,0,0,0,0,1,1,-1,2,1,46,8,-1,-1,-1,-1,1,E01007739,0,1
2025141554294,2025,141554294,1,9,0,-1,19,4,8,-1,0,0,0,0,0,0,1,9,-1,6,3,-1,-1,-1,-1,-1,-1,-1,-1,0,-1
2025141554403,2025,141554403,1,9,0,-1,19,7,3,-1,0,0,0,0,0,0,2,1,-1,9,2,43,7,-1,-1,-1,-1,4,E01007742,0,1
2025141554403,2025,141554403,2,9,0,-1,19,7,3,-1,0,0,0,0,0,0,1,1,-1,6,1,39,7,-1,-1,-1,-1,1,E01007542,0,2
2025141554408,2025,141554408,2,98,0,-1,19,3,7,-1,0,1,0,0,0,0,1,1,-1,2,1,39,7,-1,-1,-1,-1,1,E01007472,0,3
2025141554408,2025,141554408,1,9,0,-1,7,3,7,-1,0,8,0,0,0,0,3,1,-1,9,2,30,6,-1,-1,-1,-1,2,E01007812,0,1
2025141554495,2025,141554495,1,9,0,-1,19,1,5,-1,0,0,1,0,0,0,1,1,-1,9,1,18,4,-1,-1,-1,-1,2,E01007651,0,1
2025141554495,2025,141554495,2,9,0,-1,19,5,1,-1,0,0,0,0,0,0,3,1,-1,2,1,55,8,-1,-1,-1,-1,3,E01007646,0,1
2025141554510,2025,141554510,1,9,0,-1,19,6,2,-1,0,0,0,0,0,0,1,1,-1,9,1,20,4,-1,-1,-1,-1,8,E01007384,0,1
2025141554651,2025,141554651,2,9,0,-1,19,1,5,-1,0,0,0,0,0,0,1,1,-1,9,1,17,4,-1,-1,-1,-1,1,E01007597,0,1
2025141554651,2025,141554651,1,9,0,-1,19,1,5,-1,0,0,0,0,0,0,2,1,-1,6,1,39,7,-1,-1,-1,-1,2,E01007593,0,1
2025141554654,2025,141554654,2,9,0,-1,2,4,8,-1,0,1,0,4,0,0,2,9,-1,6,1,-1,-1,-1,-1,-1,-1,3,E01007679,0,1
2025141554654,2025,141554654,1,9,0,-1,2,1,1,-1,0,1,0,0,0,0,2,1,-1,6,3,-1,-1,-1,-1,-1,-1,-1,-1,0,-1
2025141554673,2025,141554673,1,9,0,-1,19,1,5,-1,0,0,0,0,0,0,1,9,-1,6,3,-1,-1,-1,-1,-1,-1,-1,-1,0,-1
2025141554712,2025,141554712,3,9,0,-1,3,2,4,-1,0,0,0,0,0,0,3,1,-1,6,1,59,9,-1,-1,-1,-1,5,E01007696,0,2
2025141554712,2025,141554712,1,11,0,-1,19,7,3,-1,0,0,0,0,0,0,4,1,-1,1,2,55,8,-1,-1,-1,-1,1,E01007730,0,1
2025141554712,2025,141554712,2,9,0,-1,7,2,4,-1,0,0,0,4,0,0,1,1,-1,6,2,37,7,-1,-1,-1,-1,2,E01007779,0,1
2025141554743,2025,141554743,1,9,0,-1,13,5,1,-1,0,0,0,0,7,4,4,1,-1,9,1,34,6,-1,-1,-1,-1,1,E01007474,0,1
2025141554743,2025,141554743,2,9,0,-1,19,5,1,-1,0,0,0,0,1,0,2,1,-1,9,2,32,6,-1,-1,-1,-1,4,E01007489,0,1
2025141554768,2025,141554768,1,9,0,-1,19,7,3,-1,0,0,0,0,1,3,1,1,-1,9,1,32,6,-1,-1,-1,-1,2,E01019543,0,3
2025141554870,2025,141554870,2,9,0,-1,19,2,4,-1,0,2,0,0,0,0,1,1,-1,6,2,26,6,-1,-1,-1,-1,6,E01007695,0,1
2025141554870,2025,141554870,3,9,0,-1,19,4,1,-1,0,1,0,0,0,0,0,1,-1,1,1,33,6,-1,-1,-1,-1,1,E01007902,0,3
2025141554870,2025,141554870,1,9,0,-1,12,4,2,-1,0,1,0,0,0,0,1,1,-1,9,1,20,4,-1,-1,-1,-1,6,E01007795,0,1
2025141554881,2025,141554881,1,9,0,-1,7,5,1,-1,0,0,0,0,0,0,2,1,-1,9,2,62,9,-1,-1,-1,-1,4,E01007786,0,1
2025141554881,2025,141554881,2,9,0,-1,19,5,1,-1,0,0,0,0,0,0,1,9,-1,6,3,-1,-1,-1,-1,-1,-1,-1,-1,0,-1
2025141554932,2025,141554932,2,1,0,-1,5,5,1,-1,2,8,0,0,0,0,3,1,-1,1,1,27,6,-1,-1,-1,-1,6,E01007908,0,2
2025141554932,2025,141554932,1,9,0,-1,19,3,7,-1,0,1,0,0,0,0,1,1,-1,9,1,22,5,-1,-1,-1,-1,1,E01008054,0,2
2025141554983,2025,141554983,1,9,0,-1,19,1,5,-1,0,0,0,0,1,1,1,1,-1,9,1,27,6,-1,-1,-1,-1,5,E01007388,0,1
2025141555290,2025,141555290,2,9,0,-1,7,7,5,-1,0,8,0,0,0,0,1,9,-1,6,2,38,7,-1,-1,-1,-1,-1,-1,0,-1
2025141555290,2025,141555290,1,9,0,-1,19,1,5,-1,0,8,0,0,0,0,4,9,-1,6,1,58,9,-1,-1,-1,-1,1,E01007737,0,1
2025141555523,2025,141555523,1,9,0,-1,19,2,6,-1,0,1,0,0,0,0,1,9,-1,6,1,22,5,-1,-1,-1,-1,1,E01007568,0,1
2025141555523,2025,141555523,2,3,0,-1,19,6,2,-1,0,2,0,0,0,0,1,1,-1,6,1,22,5,-1,-1,-1,-1,2,E01007642,0,3
2025141555541,2025,141555541,1,98,0,-1,1,3,7,-1,0,1,0,0,0,0,2,1,-1,9,1,63,9,-1,-1,-1,-1,2,E01028027,0,4
2025141555781,2025,141555781,2,1,0,-1,19,7,3,-1,0,1,0,0,0,0,4,1,-1,2,1,49,8,-1,-1,-1,-1,1,E01007735,0,1
2025141555781,2025,141555781,1,9,0,-1,19,1,5,-1,0,1,0,0,0,0,1,9,-1,6,2,-1,-1,-1,-1,-1,-1,-1,-1,0,-1
2025141555996,2025,141555996,1,9,0,-1,19,3,7,-1,0,2,0,0,0,0,1,1,-1,9,2,30,6,-1,-1,-1,-1,9,E01007690,0,1
2025141555996,2025,141555996,2,9,0,-1,19,7,3,-1,0,2,0,0,0,0,1,1,-1,6,1,24,5,-1,-1,-1,-1,6,E01007725,0,1
2025141556063,2025,141556063,1,9,0,-1,9,3,1,-1,0,2,0,0,0,0,1,1,-1,9,2,25,5,-1,-1,-1,-1,3,E01008109,0,1
2025141556130,2025,141556130,1,9,0,-1,19,7,3,-1,0,1,0,10,0,0,3,1,-1,6,1,21,5,-1,-1,-1,-1,4,E01007675,0,2
2025141556212,2025,141556212,1,90,0,-1,19,1,5,-1,0,2,0,0,0,0,1,1,-1,1,1,62,9,-1,-1,-1,-1,3,E01008148,0,3
2025141556350,2025,141556350,1,9,0,-1,5,5,1,-1,0,2,0,0,1,11,1,1,-1,6,2,77,11,-1,-1,-1,-1,1,E01007723,0,1
2025141556359,2025,141556359,1,1,0,-1,5,1,7,-1,9,4,0,0,0,0,1,1,-1,2,1,52,8,-1,-1,-1,-1,2,E01007770,0,2
2025141556359,2025,141556359,2,9,0,-1,5,3,7,-1,0,4,0,0,0,0,4,1,-1,2,2,33,6,-1,-1,-1,-1,9,E01007674,0,2
2025141556468,2025,141556468,1,97,0,-1,19,6,3,-1,0,0,5,0,0,0,3,1,-1,9,1,63,9,-1,-1,-1,-1,3,E01007473,0,2
2025141556477,2025,141556477,1,9,0,-1,4,3,7,-1,0,1,0,0,0,0,2,1,-1,9,1,66,10,-1,-1,-1,-1,8,E01011638,0,4
2025141556477,2025,141556477,2,9,0,-1,4,3,7,-1,0,1,0,0,0,0,1,1,-1,9,1,27,6,-1,-1,-1,-1,2,E01007651,0,2
2025141556555,2025,141556555,1,9,0,-1,14,1,5,-1,0,0,0,0,0,0,4,1,-1,6,1,32,6,-1,-1,-1,-1,1,E01007718,0,2
2025141556555,2025,141556555,3,9,0,-1,2,0,0,-1,9,0,0,0,0,0,2,1,-1,6,-1,-1,-1,-1,-1,-1,-1,-1,-1,0,-1
2025141556555,2025,141556555,2,9,0,-1,5,0,5,-1,0,0,0,0,0,0,3,1,-1,6,1,22,5,-1,-1,-1,-1,8,E01029417,0,4
2025141556559,2025,141556559,1,11,0,-1,19,4,2,-1,0,0,0,0,0,0,1,1,-1,1,1,40,7,-1,-1,-1,-1,1,E01007376,0,3
2025141556559,2025,141556559,2,-1,0,-1,19,7,3,-1,0,0,0,0,0,0,1,1,-1,6,1,43,7,-1,-1,-1,-1,1,E01007495,1,1
2025141556574,2025,141556574,1,90,0,-1,19,1,5,-1,0,0,0,0,0,0,1,1,-1,6,3,-1,-1,-1,-1,-1,-1,-1,-1,0,-1
2025141556580,2025,141556580,2,9,0,-1,19,-1,-1,-1,0,8,0,0,0,0,1,9,-1,6,3,-1,-1,-1,-1,-1,-1,-1,-1,0,-1
2025141556580,2025,141556580,1,90,0,-1,19,1,3,-1,0,8,0,0,0,0,1,9,-1,6,1,23,5,-1,-1,-1,-1,-1,-1,0,-1
2025141556604,2025,141556604,1,9,0,-1,19,5,1,-1,0,0,0,0,0,0,2,1,-1,6,1,41,7,-1,-1,-1,-1,3,E01013971,0,4
2025141556604,2025,141556604,3,9,0,-1,19,5,1,-1,0,0,1,0,0,0,2,1,-1,1,1,57,9,-1,-1,-1,-1,9,E01013260,0,4
2025141556604,2025,141556604,2,9,0,-1,11,5,1,-1,0,0,1,0,0,0,1,1,-1,6,1,31,6,-1,-1,-1,-1,6,E01007512,0,1
2025141556831,2025,141556831,2,9,0,-1,19,4,8,-1,0,0,0,0,0,0,1,1,-1,6,2,40,7,-1,-1,-1,-1,2,E01007448,0,1
2025141556831,2025,141556831,1,9,0,-1,19,6,2,-1,0,0,0,0,0,0,2,1,-1,6,2,55,8,-1,-1,-1,-1,2,E01007367,0,2
2025141556892,2025,141556892,1,97,0,-1,19,2,2,-1,0,0,1,4,0,0,1,1,-1,6,1,25,5,-1,-1,-1,-1,-1,-1,0,-1
2025141556892,2025,141556892,2,9,0,-1,2,0,0,-1,0,0,0,0,0,0,1,1,-1,6,-1,-1,-1,-1,-1,-1,-1,-1,-1,0,-1
2025141556960,2025,141556960,1,9,0,-1,19,5,1,-1,0,0,0,0,0,0,1,9,-1,6,1,18,4,-1,-1,-1,-1,7,E01007389,0,1
2025141556965,2025,141556965,1,97,0,-1,19,6,2,-1,0,8,2,0,0,0,1,1,-1,9,1,25,5,-1,-1,-1,-1,1,E01007943,0,1
2025141556965,2025,141556965,2,9,0,-1,19,4,8,-1,0,8,0,0,0,0,4,1,-1,2,1,52,8,-1,-1,-1,-1,10,E01007959,0,2
2025141556972,2025,141556972,2,1,0,-1,19,4,7,-1,0,1,2,0,0,0,1,1,-1,6,1,29,6,-1,-1,-1,-1,3,E01007907,0,1