collision_index,collision_year,collision_ref_no,vehicle_reference,vehicle_type,towing_and_articulation,vehicle_manoeuvre_historic,vehicle_manoeuvre,vehicle_direction_from,vehicle_direction_to,vehicle_location_restricted_lane_historic,vehicle_location_restricted_lane,junction_location,skidding_and_overturning,hit_object_in_carriageway,vehicle_leaving_carriageway,hit_object_off_carriageway,first_point_of_impact,vehicle_left_hand_drive,journey_purpose_of_driver_historic,journey_purpose_of_driver,sex_of_driver,age_of_driver,age_band_of_driver,engine_capacity_cc,propulsion_code,age_of_vehicle,generic_make_model,driver_imd_decile,lsoa_of_driver,escooter_flag,driver_distance_banding
2025141562472,2025,141562472,2,9,0,-1,12,2,6,-1,0,4,0,2,0,0,3,1,-1,9,1,27,6,-1,-1,-1,-1,2,E01028027,0,4
2025141562500,2025,141562500,1,98,0,-1,4,2,6,-1,0,1,1,0,3,1,1,1,-1,2,1,42,7,-1,-1,-1,-1,1,E01007453,0,1
2025141562543,2025,141562543,1,9,0,-1,1,5,1,-1,0,0,0,0,0,0,2,1,-1,2,1,39,7,-1,-1,-1,-1,3,E01008109,0,1
2025141562543,2025,141562543,2,9,0,-1,2,0,0,-1,0,0,0,0,0,0,1,1,-1,6,-1,-1,-1,-1,-1,-1,-1,-1,-1,0,-1
2025141562632,2025,141562632,1,9,0,-1,19,2,6,-1,0,0,0,0,0,0,4,1,-1,1,2,26,6,-1,-1,-1,-1,5,E01008058,0,2
2025141562681,2025,141562681,1,9,0,-1,4,1,5,-1,0,0,0,0,0,0,3,1,-1,9,1,71,10,-1,-1,-1,-1,7,E01008049,0,1
2025141562730,2025,141562730,1,97,0,-1,19,1,5,-1,0,0,0,10,0,0,0,1,-1,6,1,25,5,-1,-1,-1,-1,7,E01019553,0,3
2025141562802,2025,141562802,1,9,0,-1,1,4,8,-1,0,0,0,0,0,0,2,1,-1,6,3,-1,-1,-1,-1,-1,-1,-1,-1,0,-1
2025141562802,2025,141562802,2,9,0,-1,4,8,4,-1,0,0,0,0,0,0,1,1,-1,1,1,54,8,-1,-1,-1,-1,1,E01007714,0,2
2025141562816,2025,141562816,2,9,0,-1,2,0,0,-1,0,2,0,0,0,0,1,1,-1,6,-1,-1,-1,-1,-1,-1,-1,-1,-1,0,-1
2025141562816,2025,141562816,1,9,0,-1,19,5,1,-1,0,1,0,0,0,0,1,1,-1,9,2,35,6,-1,-1,-1,-1,1,E01007373,0,1
2025141562915,2025,141562915,1,9,0,-1,9,2,6,-1,0,8,0,0,0,0,3,1,-1,6,2,41,7,-1,-1,-1,-1,9,E01007674,0,1
2025141562915,2025,141562915,2,97,0,-1,19,6,2,-1,0,1,0,0,0,0,1,1,-1,6,2,31,6,-1,-1,-1,-1,7,E01034251,0,1
2025141563001,2025,141563001,2,22,0,-1,19,7,3,-1,0,0,0,0,0,0,4,1,-1,9,1,70,10,-1,-1,-1,-1,9,E01008023,0,2
2025141563001,2025,141563001,1,9,0,-1,19,1,5,-1,0,0,0,0,0,0,1,1,-1,6,1,35,6,-1,-1,-1,-1,1,E01008076,0,1
2025141563034,2025,141563034,1,9,0,-1,19,2,8,-1,0,5,0,0,0,0,1,1,-1,6,2,42,7,-1,-1,-1,-1,2,E01007770,0,1
2025141563082,2025,141563082,3,9,0,-1,19,6,8,-1,0,1,0,0,0,0,0,1,-1,6,2,36,7,-1,-1,-1,-1,2,E01007697,0,1
2025141563082,2025,141563082,1,97,0,-1,13,6,8,-1,0,1,1,0,0,0,1,1,-1,6,1,40,7,-1,-1,-1,-1,2,E01011840,0,4
2025141563082,2025,141563082,5,9,0,-1,19,6,8,-1,0,2,0,0,0,0,2,1,-1,2,2,39,7,-1,-1,-1,-1,4,E01007728,0,1
2025141563082,2025,141563082,2,9,0,-1,19,8,6,-1,0,2,0,0,0,0,3,1,-1,9,2,42,7,-1,-1,-1,-1,2,E01007745,0,2
2025141563082,2025,141563082,4,9,0,-1,19,8,6,-1,0,1,0,0,0,0,0,1,-1,6,1,45,7,-1,-1,-1,-1,3,E01007679,0,2
2025141563142,2025,141563142,1,9,0,-1,9,2,4,-1,0,0,0,0,0,0,1,1,-1,6,1,41,7,-1,-1,-1,-1,1,E01007847,0,1
2025141563230,2025,141563230,1,9,0,-1,9,5,1,-1,0,3,0,0,0,0,2,1,-1,1,2,40,7,-1,-1,-1,-1,1,E01033277,0,1
2025141563230,2025,141563230,2,9,0,-1,19,1,8,-1,0,3,0,0,0,0,1,1,-1,7,2,30,6,-1,-1,-1,-1,6,E01008134,0,1
2025141563332,2025,141563332,1,9,0,-1,4,1,5,-1,0,0,0,0,0,0,1,1,-1,9,2,39,7,-1,-1,-1,-1,1,E01007530,0,1
2025141563365,2025,141563365,1,9,0,-1,19,7,3,-1,0,2,0,0,0,0,4,9,-1,6,3,-1,-1,-1,-1,-1,-1,-1,-1,0,-1
2025141563402,2025,141563402,1,9,0,-1,19,3,7,-1,0,1,0,0,0,0,1,1,-1,9,1,39,7,-1,-1,-1,-1,2,E01008112,0,1
2025141563456,2025,141563456,1,9,0,-1,19,4,2,-1,0,1,0,0,0,0,2,1,-1,2,1,47,8,-1,-1,-1,-1,1,E01008124,0,2
2025141563456,2025,141563456,2,9,0,-1,19,4,2,-1,0,1,0,0,0,0,1,1,-1,6,-1,-1,-1,-1,-1,-1,-1,-1,-1,0,-1
2025141563564,2025,141563564,1,9,0,-1,19,7,3,-1,0,1,0,0,0,0,4,1,-1,9,2,46,8,-1,-1,-1,-1,2,E01007855,0,1
2025141563564,2025,141563564,2,9,0,-1,1,-1,-1,-1,0,1,0,0,0,0,2,9,-1,6,2,-1,-1,-1,-1,-1,-1,-1,-1,0,-1
2025141563627,2025,141563627,2,98,0,-1,19,1,5,-1,0,0,0,0,0,0,0,9,-1,6,3,-1,-1,-1,-1,-1,-1,-1,-1,0,-1
2025141563627,2025,141563627,1,9,0,-1,19,1,5,-1,0,0,0,0,0,0,1,1,-1,9,1,19,4,-1,-1,-1,-1,2,E01007504,0,3
2025141563767,2025,141563767,1,9,0,-1,19,4,8,-1,0,0,0,0,0,0,2,1,-1,6,1,59,9,-1,-1,-1,-1,1,E01007413,0,1
2025141563767,2025,141563767,2,98,0,-1,19,4,8,-1,0,0,0,0,0,0,1,9,-1,9,1,34,6,-1,-1,-1,-1,2,E01007391,0,1
2025141563811,2025,141563811,1,8,0,-1,19,2,6,-1,0,1,0,0,0,0,1,9,-1,6,1,30,6,-1,-1,-1,-1,1,E01007851,0,1
2025141563887,2025,141563887,1,9,0,-1,3,2,6,-1,0,0,0,0,0,0,2,1,-1,9,2,26,6,-1,-1,-1,-1,1,E01007369,0,2
2025141563887,2025,141563887,2,9,0,-1,19,2,6,-1,0,0,0,0,0,0,1,1,-1,9,1,74,10,-1,-1,-1,-1,3,E01007374,0,1
2025141563903,2025,141563903,1,97,0,-1,19,4,8,-1,0,1,0,0,0,0,4,1,-1,1,1,35,6,-1,-1,-1,-1,3,E01007807,0,1
2025141564090,2025,141564090,1,9,0,-1,19,3,8,-1,0,0,0,0,0,0,1,1,-1,6,1,57,9,-1,-1,-1,-1,5,E01007583,0,2
2025141564090,2025,141564090,2,9,0,-1,19,8,3,-1,0,0,0,0,0,0,1,1,-1,6,1,-1,-1,-1,-1,-1,-1,8,E01011857,0,2
2025141564116,2025,141564116,1,9,0,-1,5,1,5,-1,0,8,0,0,0,0,1,1,-1,6,1,-1,-1,-1,-1,-1,-1,9,E01008074,0,1
2025141564117,2025,141564117,1,9,0,-1,1,1,5,-1,0,1,0,0,0,0,2,9,-1,6,1,66,10,-1,-1,-1,-1,6,E01007468,0,1
2025141564145,2025,141564145,2,9,0,-1,5,3,7,-1,0,0,0,0,0,0,1,9,-1,6,3,-1,-1,-1,-1,-1,-1,-1,-1,0,-1
2025141564145,2025,141564145,1,9,0,-1,19,1,5,-1,0,0,0,0,0,0,4,1,-1,6,1,31,6,-1,-1,-1,-1,5,E01008005,0,2
2025141564169,2025,141564169,2,9,0,-1,19,6,1,-1,0,4,0,0,0,0,1,9,-1,6,3,-1,-1,-1,-1,-1,-1,-1,-1,0,-1
2025141564169,2025,141564169,1,9,0,-1,3,7,1,-1,0,4,0,0,0,0,2,1,-1,9,2,42,7,-1,-1,-1,-1,9,E01007602,0,4
2025141564190,2025,141564190,2,9,0,-1,19,3,7,-1,0,1,0,0,0,0,1,9,-1,6,3,-1,-1,-1,-1,-1,-1,-1,-1,0,-1
2025141564190,2025,141564190,1,9,0,-1,3,5,7,-1,0,8,0,0,0,0,1,1,-1,9,1,38,7,-1,-1,-1,-1,1,E01007946,0,1
2025141564223,2025,141564223,1,9,0,-1,19,6,1,-1,0,0,0,0,0,0,1,1,-1,6,2,60,9,-1,-1,-1,-1,8,E01007380,0,1
2025141564290,2025,141564290,2,9,0,-1,19,6,2,-1,0,1,0,0,0,0,1,1,-1,9,1,32,6,-1,-1,-1,-1,1,E01007949,0,1
2025141564290,2025,141564290,1,9,0,-1,9,8,6,-1,0,8,0,0,0,0,3,1,-1,9,2,48,8,-1,-1,-1,-1,2,E01007855,0,1
2025141564291,2025,141564291,2,9,0,-1,8,5,1,-1,0,6,0,0,0,0,1,1,-1,2,2,57,9,-1,-1,-1,-1,8,E01007422,0,3
2025141564291,2025,141564291,1,9,0,-1,19,3,7,-1,0,8,0,0,0,0,4,1,-1,9,1,22,5,-1,-1,-1,-1,4,E01033273,0,1
2025141564305,2025,141564305,1,9,0,-1,19,7,3,-1,0,8,0,0,1,0,1,1,-1,6,1,18,4,-1,-1,-1,-1,5,E01007687,0,2
2025141564309,2025,141564309,1,9,0,-1,19,7,3,-1,0,0,0,0,1,4,1,1,-1,6,2,45,7,-1,-1,-1,-1,4,E01034247,0,1
2025141564316,2025,141564316,1,9,0,-1,7,6,8,-1,0,6,0,0,1,0,2,1,-1,9,1,73,10,-1,-1,-1,-1,7,E01007811,0,2
2025141564316,2025,141564316,2,9,0,-1,19,4,8,-1,0,1,0,0,7,0,1,1,-1,9,1,21,5,-1,-1,-1,-1,2,E01007815,0,1
2025141564347,2025,141564347,2,98,0,-1,3,4,8,-1,0,0,0,0,0,0,2,1,-1,1,1,56,9,-1,-1,-1,-1,8,E01008130,0,1
2025141564347,2025,141564347,3,9,0,-1,4,4,8,-1,0,0,0,0,0,0,2,1,-1,2,2,25,5,-1,-1,-1,-1,5,E01034253,0,3
2025141564347,2025,141564347,1,9,0,-1,19,4,8,-1,0,0,0,0,0,0,1,1,-1,2,1,67,10,-1,-1,-1,-1,7,E01008128,0,2
2025141564381,2025,141564381,1,9,0,-1,9,4,2,-1,0,2,0,0,0,0,1,1,-1,7,2,18,4,-1,-1,-1,-1,6,E01007554,0,1
2025141564381,2025,141564381,2,98,0,-1,19,2,6,-1,0,1,0,0,0,0,4,1,-1,1,1,37,7,-1,-1,-1,-1,2,E01007559,0,1
2025141564450,2025,141564450,2,9,0,-1,5,7,3,-1,0,6,0,0,0,0,3,1,-1,6,3,-1,-1,-1,-1,-1,-1,-1,-1,0,-1
2025141564450,2025,141564450,1,1,0,-1,19,5,1,-1,0,1,5,0,0,0,4,1,-1,2,1,63,9,-1,-1,-1,-1,7,E01007841,0,1
2025141564467,2025,141564467,2,9,0,-1,4,4,8,-1,0,1,0,0,0,0,2,9,-1,6,3,-1,-1,-1,-1,-1,-1,-1,-1,0,-1
2025141564467,2025,141564467,1,9,0,-1,4,4,8,-1,0,1,0,0,0,0,1,1,-1,6,1,38,7,-1,-1,-1,-1,7,E01007621,0,3
2025141564479,2025,141564479,1,9,0,-1,19,4,8,-1,0,0,0,0,0,0,1,1,-1,2,1,68,10,-1,-1,-1,-1,9,E01007749,0,1
2025141564479,2025,141564479,2,90,0,-1,19,8,4,-1,0,0,0,0,0,0,0,9,-1,6,3,-1,-1,-1,-1,-1,-1,-1,-1,0,-1
2025141564507,2025,141564507,2,9,0,-1,19,5,8,-1,0,1,0,0,0,0,1,9,-1,6,3,-1,-1,-1,-1,-1,-1,-1,-1,0,-1
2025141564507,2025,141564507,1,9,0,-1,19,4,8,-1,0,8,0,0,0,0,2,1,-1,9,1,17,4,-1,-1,-1,-1,8,E01007889,0,2
2025141564519,2025,141564519,2,9,0,-1,19,8,3,-1,0,0,0,0,0,0,1,9,-1,6,3,-1,-1,-1,-1,-1,-1,-1,-1,0,-1
2025141564519,2025,141564519,1,9,0,-1,19,2,2,-1,0,0,0,0,0,0,2,1,-1,9,2,43,7,-1,-1,-1,-1,1,E01007466,0,3
2025141564528,2025,141564528,2,9,0,-1,19,5,1,-1,0,1,0,0,0,0,1,1,-1,9,1,77,11,-1,-1,-1,-1,1,E01007628,0,1
2025141564528,2025,141564528,1,9,0,-1,7,7,1,-1,0,6,0,0,0,0,1,1,-1,9,1,19,4,-1,-1,-1,-1,8,E01007622,0,1
2025141564538,2025,141564538,1,11,0,-1,11,1,7,-1,0,0,0,0,0,0,1,1,-1,1,3,-1,-1,-1,-1,-1,-1,-1,-1,0,-1
2025141564545,2025,141564545,1,9,0,-1,19,1,5,-1,0,0,1,4,0,0,1,1,-1,9,1,20,4,-1,-1,-1,-1,2,E01007464,0,1
2025141564545,2025,141564545,3,9,0,-1,2,0,0,-1,0,0,0,0,0,0,3,1,-1,6,3,-1,-1,-1,-1,-1,-1,-1,-1,0,-1
2025141564545,2025,141564545,2,9,0,-1,5,1,5,-1,0,0,0,0,0,0,0,9,-1,6,3,-1,-1,-1,-1,-1,-1,-1,-1,0,-1
2025141564555,2025,141564555,2,1,0,-1,19,7,3,-1,0,0,0,0,0,0,3,1,-1,9,1,26,6,-1,-1,-1,-1,-1,-1,0,-1
2025141564555,2025,141564555,1,9,0,-1,11,3,7,-1,0,0,0,11,0,0,1,1,-1,2,1,43,7,-1,-1,-1,-1,-1,-1,0,-1
2025141564570,2025,141564570,2,9,0,-1,5,5,1,-1,0,6,0,0,0,0,1,1,-1,6,2,52,8,-1,-1,-1,-1,1,E01027939,0,4
2025141564570,2025,141564570,1,9,0,-1,19,1,5,-1,0,1,0,0,0,0,1,1,-1,6,1,29,6,-1,-1,-1,-1,4,E01007607,0,1
2025141564603,2025,141564603,2,9,0,-1,19,4,8,-1,0,4,5,0,0,0,1,9,-1,6,3,-1,-1,-1,-1,-1,-1,-1,-1,0,-1
2025141564603,2025,141564603,1,9,0,-1,3,4,8,-1,0,4,0,0,0,0,2,1,-1,9,2,54,8,-1,-1,-1,-1,9,E01019787,0,3
2025141564627,2025,141564627,1,98,4,-1,19,6,2,-1,0,0,0,0,0,0,1,1,-1,1,1,52,8,-1,-1,-1,-1,3,E01009626,0,5
2025141564627,2025,141564627,2,9,0,-1,13,6,2,-1,0,0,0,0,0,0,1,9,-1,6,3,-1,-1,-1,-1,-1,-1,-1,-1,0,-1
2025141564650,2025,141564650,1,9,0,-1,1,7,3,-1,0,0,0,0,0,0,2,1,-1,9,2,40,7,-1,-1,-1,-1,1,E01008116,0,1
2025141564658,2025,141564658,1,9,0,-1,14,4,2,-1,0,1,0,0,0,0,1,1,-1,9,2,38,7,-1,-1,-1,-1,-1,-1,0,-1
2025141564688,2025,141564688,2,1,0,-1,19,6,2,-1,4,1,0,0,0,0,1,1,-1,9,1,15,3,-1,-1,-1,-1,2,E01007564,0,1
2025141564688,2025,141564688,1,9,0,-1,7,8,2,-1,5,2,0,0,0,0,3,1,-1,9,1,28,6,-1,-1,-1,-1,2,E01007498,0,1
2025141564713,2025,141564713,1,9,0,-1,19,6,2,-1,0,2,0,0,0,0,1,1,-1,2,1,22,5,-1,-1,-1,-1,2,E01007556,0,1
2025141564713,2025,141564713,2,9,0,-1,19,2,6,-1,0,1,0,0,0,0,4,1,-1,6,2,33,6,-1,-1,-1,-1,6,E01007586,0,3
2025141564731,2025,141564731,1,9,0,-1,19,6,2,-1,0,0,0,0,0,0,2,1,-1,9,1,24,5,-1,-1,-1,-1,3,E01007676,0,1
2025141564731,2025,141564731,2,9,0,-1,19,6,2,-1,0,0,0,0,0,0,1,1,-1,9,2,24,5,-1,-1,-1,-1,8,E01007678,0,1
2025141564936,2025,141564936,2,9,0,-1,19,5,1,-1,0,2,0,0,0,0,1,9,-1,6,3,-1,-1,-1,-1,-1,-1,-1,-1,0,-1
2025141564936,2025,141564936,1,-1,0,-1,5,3,7,-1,0,1,0,0,0,0,1,1,-1,9,1,10,2,-1,-1,-1,-1,1,E01007721,1,1
2025141565044,2025,141565044,2,1,0,-1,19,6,2,-1,0,1,0,0,0,0,1,1,-1,2,1,69,10,-1,-1,-1,-1,7,E01034251,0,2
2025141565044,2025,141565044,1,9,0,-1,9,8,4,-1,0,5,0,0,1,0,4,1,-1,7,2,54,8,-1,-1,-1,-1,-1,-1,0,-1
2025141565070,2025,141565070,1,9,0,-1,19,4,8,-1,0,1,0,0,0,0,1,1,-1,1,2,62,9,-1,-1,-1,-1,5,E01007681,0,2
2025141565070,2025,141565070,2,9,0,-1,19,3,7,-1,0,6,0,0,7,11,4,9,-1,6,3,-1,-1,-1,-1,-1,-1,-1,-1,0,-1
2025141565092,2025,141565092,2,9,0,-1,19,5,1,-1,0,0,0,0,0,0,2,1,-1,7,1,51,8,-1,-1,-1,-1,5,E01027884,0,3
2025141565092,2025,141565092,1,9,0,-1,19,5,1,-1,0,0,0,0,0,0,1,1,-1,7,2,34,6,-1,-1,-1,-1,3,E01007541,0,3
2025141565142,2025,141565142,2,9,0,-1,2,0,0,-1,9,0,0,0,0,0,1,9,-1,6,2,32,6,-1,-1,-1,-1,1,E01008060,0,1
2025141565142,2025,141565142,1,98,0,-1,14,8,4,-1,0,0,0,0,0,0,1,1,-1,2,1,33,6,-1,-1,-1,-1,1,E01008057,0,1
2025141565267,2025,141565267,1,9,0,-1,19,5,1,-1,0,3,0,0,0,0,1,1,-1,9,1,63,9,-1,-1,-1,-1,9,E01007832,0,1
2025141565267,2025,141565267,2,9,0,-1,5,8,3,-1,0,4,0,0,0,0,3,1,-1,6,2,27,6,-1,-1,-1,-1,8,E01008131,0,1
2025141565321,2025,141565321,1,9,0,-1,9,8,6,-1,0,6,0,0,1,0,3,9,-1,6,2,-1,-1,-1,-1,-1,-1,-1,-1,0,-1
2025141565321,2025,141565321,2,1,0,-1,19,6,2,-1,0,1,5,0,1,0,1,1,-1,6,1,40,7,-1,-1,-1,-1,9,E01007561,0,1
2025141565392,2025,141565392,2,9,0,-1,5,0,8,-1,0,8,0,0,0,0,1,1,-1,2,2,26,6,-1,-1,-1,-1,1,E01011864,0,2
2025141565392,2025,141565392,1,9,0,-1,19,4,8,-1,0,8,0,0,1,1,1,1,-1,6,1,35,6,-1,-1,-1,-1,2,E01007322,0,1
2025141565401,2025,141565401,1,9,0,-1,14,1,1,-1,0,0,0,0,0,0,0,1,-1,1,1,48,8,-1,-1,-1,-1,1,E01007902,0,2
2025141565401,2025,141565401,2,9,0,-1,19,5,5,-1,0,0,0,0,0,0,2,1,-1,1,1,23,5,-1,-1,-1,-1,6,E01008105,0,1
2025141565401,2025,141565401,3,9,0,-1,19,5,5,-1,0,0,0,0,0,0,1,1,-1,9,2,31,6,-1,-1,-1,-1,3,E01008158,0,1
2025141565451,2025,141565451,2,9,0,-1,19,1,5,-1,0,0,0,0,0,0,2,1,-1,6,1,26,6,-1,-1,-1,-1,5,E01008005,0,3
2025141565451,2025,141565451,1,9,0,-1,19,1,5,-1,0,0,0,0,1,0,1,1,-1,6,1,33,6,-1,-1,-1,-1,-1,-1,0,-1
2025141565662,2025,141565662,1,9,0,-1,19,4,8,-1,0,8,0,0,0,0,1,1,-1,9,1,46,8,-1,-1,-1,-1,2,E01011854,0,2
2025141565662,2025,141565662,2,9,0,-1,9,8,6,-1,0,1,0,0,0,0,1,1,-1,9,2,42,7,-1,-1,-1,-1,1,E01007507,0,1
2025141565668,2025,141565668,1,97,0,-1,19,5,1,-1,0,0,0,0,0,0,1,1,-1,6,3,-1,-1,-1,-1,-1,-1,-1,-1,0,-1
2025141565670,2025,141565670,1,9,0,-1,19,8,4,-1,9,8,0,0,0,0,4,9,-1,6,3,-1,-1,-1,-1,-1,-1,-1,-1,0,-1
2025141565678,2025,141565678,2,9,0,-1,19,8,4,-1,0,2,0,0,0,0,1,1,-1,9,1,47,8,-1,-1,-1,-1,1,E01008015,0,1
2025141565678,2025,141565678,1,9,0,-1,4,4,8,-1,0,1,0,0,0,0,1,1,-1,9,2,26,6,-1,-1,-1,-1,5,E01008051,0,1
2025141565687,2025,141565687,2,9,0,-1,2,0,0,-1,0,0,0,0,0,0,3,1,-1,6,-1,-1,-1,-1,-1,-1,-1,-1,-1,0,-1
2025141565687,2025,141565687,3,9,0,-1,2,0,0,-1,0,0,0,0,0,0,1,1,-1,6,-1,-1,-1,-1,-1,-1,-1,-1,-1,0,-1
2025141565687,2025,141565687,4,9,0,-1,2,0,0,-1,0,0,0,0,0,0,1,1,-1,6,-1,-1,-1,-1,-1,-1,-1,-1,-1,0,-1
2025141565687,2025,141565687,1,9,0,-1,19,3,7,-1,0,0,0,4,0,0,1,1,-1,6,1,43,7,-1,-1,-1,-1,6,E01007400,0,1
2025141565889,2025,141565889,1,1,0,-1,19,1,1,-1,0,8,0,0,0,0,2,1,-1,2,1,61,9,-1,-1,-1,-1,3,E01008032,0,2
2025141565889,2025,141565889,2,9,0,-1,5,6,2,-1,0,6,0,0,0,0,1,9,-1,6,3,-1,-1,-1,-1,-1,-1,-1,-1,0,-1
2025141565939,2025,141565939,2,9,0,-1,19,1,7,-1,0,8,0,0,0,0,4,1,-1,2,2,31,6,-1,-1,-1,-1,4,E01007850,0,1
2025141565939,2025,141565939,1,9,0,-1,11,4,7,-1,0,8,0,0,0,0,4,1,-1,6,1,51,8,-1,-1,-1,-1,1,E01008018,0,1
2025141566045,2025,141566045,1,9,0,-1,5,6,8,-1,0,6,0,0,0,0,1,2,-1,2,1,35,6,-1,-1,-1,-1,1,E01007652,0,1
2025141566045,2025,141566045,2,1,0,-1,12,4,8,-1,0,1,0,0,0,0,4,1,-1,2,1,42,7,-1,-1,-1,-1,1,E01007655,0,1
2025141566046,2025,141566046,1,9,0,-1,19,7,3,-1,0,0,5,0,7,0,4,1,-1,9,1,48,8,-1,-1,-1,-1,1,E01007543,0,1
2025141566046,2025,141566046,2,9,0,-1,2,0,0,-1,0,0,0,0,0,0,2,1,-1,6,-1,-1,-1,-1,-1,-1,-1,-1,-1,0,-1
2025141566058,2025,141566058,1,9,0,-1,19,2,7,-1,0,0,0,0,0,0,1,1,-1,6,2,77,11,-1,-1,-1,-1,1,E01007543,0,1
2025141566058,2025,141566058,2,9,0,-1,2,0,0,-1,0,0,0,0,0,0,1,1,-1,6,-1,-1,-1,-1,-1,-1,-1,-1,-1,0,-1
2025141566173,2025,141566173,3,9,0,-1,4,3,7,-1,0,0,0,0,0,0,2,9,-1,6,1,-1,-1,-1,-1,-1,-1,6,E01013309,0,4
2025141566173,2025,141566173,2,9,0,-1,3,2,7,-1,0,0,0,0,0,0,1,9,-1,6,3,-1,-1,-1,-1,-1,-1,-1,-1,0,-1
2025141566173,2025,141566173,1,9,0,-1,3,2,7,-1,0,0,0,0,0,0,1,9,-1,6,2,53,8,-1,-1,-1,-1,8,E01007691,0,3
2025141566180,2025,141566180,1,9,0,-1,19,-1,-1,-1,0,0,0,0,0,0,1,9,-1,6,1,53,8,-1,-1,-1,-1,4,E01007746,0,2
2025141566488,2025,141566488,2,1,0,-1,19,4,8,-1,0,0,0,0,0,0,1,1,-1,9,1,13,3,-1,-1,-1,-1,2,E01007517,0,1
2025141566488,2025,141566488,1,11,0,-1,19,8,4,-1,0,0,0,0,0,0,3,1,-1,1,1,51,8,-1,-1,-1,-1,4,E01007444,0,4
2025141566551,2025,141566551,1,9,0,-1,19,6,2,-1,0,2,0,0,0,0,1,9,-1,6,3,-1,-1,-1,-1,-1,-1,-1,-1,0,-1
2025141566674,2025,141566674,1,9,0,-1,7,3,5,-1,0,5,0,0,0,0,-1,9,-1,6,3,23,5,-1,-1,-1,-1,-1,-1,0,-1
2025141566807,2025,141566807,1,9,0,-1,19,6,2,-1,0,1,0,0,0,0,1,1,-1,6,3,-1,-1,-1,-1,-1,-1,-1,-1,0,-1
2025141566828,2025,141566828,1,9,0,-1,19,1,5,-1,0,0,0,0,0,0,1,1,-1,2,2,19,4,-1,-1,-1,-1,7,E01007616,0,1
2025141566828,2025,141566828,2,11,0,-1,19,5,1,-1,0,0,0,0,0,0,3,1,-1,1,1,53,8,-1,-1,-1,-1,3,E01007473,0,3
2025141566897,2025,141566897,1,97,0,-1,11,1,4,-1,0,0,2,0,1,0,4,1,-1,9,1,18,4,-1,-1,-1,-1,5,E01029774,0,4
2025141566897,2025,141566897,2,9,0,-1,19,1,5,-1,0,0,0,0,0,0,3,1,-1,9,1,34,6,-1,-1,-1,-1,3,E01019497,0,3
2025141566960,2025,141566960,2,9,0,-1,2,0,0,-1,0,0,0,0,0,0,3,1,-1,6,-1,-1,-1,-1,-1,-1,-1,-1,-1,0,-1
2025141566960,2025,141566960,1,9,0,-1,19,7,3,-1,0,0,5,0,0,0,4,1,-1,9,2,80,11,-1,-1,-1,-1,8,E01007691,0,1
2025141567088,2025,141567088,1,98,0,-1,19,5,2,-1,0,1,0,0,7,0,1,1,-1,9,1,23,5,-1,-1,-1,-1,9,E01008041,0,1
2025141567088,2025,141567088,2,9,0,-1,5,8,4,-1,0,2,0,0,0,0,1,1,-1,6,1,57,9,-1,-1,-1,-1,5,E01019803,0,1
2025141567261,2025,141567261,1,98,0,-1,19,-1,-1,-1,0,0,0,0,0,0,-1,9,-1,6,3,38,7,-1,-1,-1,-1,3,E01011260,0,3
2025141567298,2025,141567298,1,9,0,-1,7,5,7,-1,0,1,0,0,0,0,2,1,-1,6,1,38,7,-1,-1,-1,-1,1,E01007869,0,1
2025141567298,2025,141567298,2,1,0,-1,19,5,7,-1,0,1,0,0,0,0,1,1,-1,6,1,29,6,-1,-1,-1,-1,9,E01008074,0,1
2025141567356,2025,141567356,1,9,0,-1,10,1,5,-1,0,1,0,0,0,0,2,1,-1,2,1,55,8,-1,-1,-1,-1,4,E01007731,0,2
2025141567356,2025,141567356,2,9,0,-1,19,7,3,-1,0,3,0,0,0,0,1,1,-1,2,1,29,6,-1,-1,-1,-1,1,E01007578,0,1
2025141567357,2025,141567357,1,9,0,-1,14,7,3,-1,0,2,0,0,0,0,1,1,-1,2,1,65,9,-1,-1,-1,-1,3,E01011871,0,1
2025141567447,2025,141567447,2,1,0,-1,19,2,6,-1,0,1,0,0,0,0,1,1,-1,6,1,52,8,-1,-1,-1,-1,9,E01008043,0,1
2025141567447,2025,141567447,1,9,0,-1,9,6,4,-1,0,5,0,0,0,0,1,9,-1,6,1,45,7,-1,-1,-1,-1,3,E01008095,0,1
2025141567483,2025,141567483,2,22,0,-1,19,6,2,-1,0,6,0,0,0,0,4,1,-1,9,1,47,8,-1,-1,-1,-1,2,E01008072,0,1
2025141567483,2025,141567483,1,9,0,-1,7,1,7,-1,0,6,0,0,0,0,4,1,-1,9,1,26,6,-1,-1,-1,-1,2,E01008072,0,1
2025141567548,2025,141567548,1,9,0,-1,4,1,5,-1,0,1,0,0,0,0,2,1,-1,9,2,46,8,-1,-1,-1,-1,2,E01007782,0,1
2025141567548,2025,141567548,2,9,0,-1,19,1,5,-1,0,1,0,0,0,0,1,1,-1,6,1,-1,-1,-1,-1,-1,-1,7,E01007711,0,1
2025141567608,2025,141567608,1,9,0,-1,1,8,4,-1,0,8,1,0,2,10,4,1,-1,9,1,34,6,-1,-1,-1,-1,2,E01007881,0,1
2025141567608,2025,141567608,2,9,0,-1,19,2,6,-1,0,1,1,0,0,0,1,1,-1,6,1,29,6,-1,-1,-1,-1,1,E01008013,0,1
2025141567626,2025,141567626,2,9,0,-1,19,3,7,-1,0,0,0,0,0,0,1,9,-1,6,3,-1,-1,-1,-1,-1,-1,-1,-1,0,-1
2025141567626,2025,141567626,1,9,0,-1,19,3,7,-1,0,0,0,0,0,0,2,9,-1,6,2,53,8,-1,-1,-1,-1,2,E01033182,0,5
2025141567627,2025,141567627,1,9,0,-1,19,4,8,-1,0,2,0,0,0,0,3,1,-1,9,2,48,8,-1,-1,-1,-1,1,E01007948,0,1