collision_index,collision_year,collision_ref_no,vehicle_reference,vehicle_type,towing_and_articulation,vehicle_manoeuvre_historic,vehicle_manoeuvre,vehicle_direction_from,vehicle_direction_to,vehicle_location_restricted_lane_historic,vehicle_location_restricted_lane,junction_location,skidding_and_overturning,hit_object_in_carriageway,vehicle_leaving_carriageway,hit_object_off_carriageway,first_point_of_impact,vehicle_left_hand_drive,journey_purpose_of_driver_historic,journey_purpose_of_driver,sex_of_driver,age_of_driver,age_band_of_driver,engine_capacity_cc,propulsion_code,age_of_vehicle,generic_make_model,driver_imd_decile,lsoa_of_driver,escooter_flag,driver_distance_banding
2025141595840,2025,141595840,1,9,0,-1,9,6,2,-1,0,1,1,0,0,0,3,1,-1,9,1,30,6,-1,-1,-1,-1,1,E01007440,0,1
2025141595840,2025,141595840,2,9,0,-1,13,6,2,-1,0,1,1,0,0,0,4,1,-1,9,1,23,5,-1,-1,-1,-1,3,E01007340,0,1
2025141595867,2025,141595867,1,9,0,-1,5,3,7,-1,0,0,0,0,0,0,1,1,-1,9,2,18,4,-1,-1,-1,-1,8,E01028018,0,4
2025141595867,2025,141595867,2,9,0,-1,19,7,3,-1,0,0,0,0,0,0,1,9,-1,6,1,18,4,-1,-1,-1,-1,-1,-1,0,-1
2025141595921,2025,141595921,1,9,0,-1,19,7,2,-1,0,1,0,0,0,0,3,1,-1,6,1,36,7,-1,-1,-1,-1,7,E01007551,0,2
2025141595921,2025,141595921,2,9,0,-1,7,1,3,-1,0,2,0,0,0,0,3,9,-1,6,3,-1,-1,-1,-1,-1,-1,-1,-1,0,-1
2025141595940,2025,141595940,1,19,0,-1,19,5,2,-1,0,0,0,0,0,0,1,9,-1,1,1,52,8,-1,-1,-1,-1,5,E01019780,0,2
2025141595969,2025,141595969,1,1,0,-1,19,6,2,-1,0,0,0,0,0,0,2,1,-1,1,2,47,8,-1,-1,-1,-1,1,E01034238,0,3
2025141595969,2025,141595969,2,98,0,-1,19,6,2,-1,0,0,0,0,0,0,1,9,-1,6,3,47,8,-1,-1,-1,-1,-1,-1,0,-1
2025141596032,2025,141596032,2,9,0,-1,19,1,5,-1,0,0,0,0,0,0,1,1,-1,6,1,78,11,-1,-1,-1,-1,1,E01008092,0,1
2025141596032,2025,141596032,3,9,0,-1,2,0,0,-1,9,0,0,0,0,0,3,1,-1,6,-1,-1,-1,-1,-1,-1,-1,-1,-1,0,-1
2025141596032,2025,141596032,1,9,0,-1,19,5,1,-1,0,0,0,0,0,0,1,1,-1,1,1,46,8,-1,-1,-1,-1,2,E01007871,0,1
2025141596073,2025,141596073,2,9,0,-1,5,6,2,-1,0,8,1,0,0,0,3,1,-1,9,2,20,4,-1,-1,-1,-1,7,E01008128,0,1
2025141596073,2025,141596073,1,98,0,-1,19,4,8,-1,0,8,0,0,0,0,1,1,-1,1,1,55,8,-1,-1,-1,-1,7,E01008128,0,1
2025141596074,2025,141596074,2,97,0,-1,19,1,5,-1,0,0,0,0,0,0,1,1,-1,1,1,64,9,-1,-1,-1,-1,-1,-1,0,-1
2025141596074,2025,141596074,3,97,0,-1,19,1,5,-1,0,0,0,0,0,0,2,1,-1,9,1,58,9,-1,-1,-1,-1,-1,-1,0,-1
2025141596074,2025,141596074,1,9,0,-1,19,5,1,-1,0,0,0,0,0,0,1,1,-1,6,1,85,11,-1,-1,-1,-1,7,E01008128,0,1
2025141596089,2025,141596089,2,9,0,-1,13,1,5,-1,0,0,0,0,0,0,1,9,-1,6,1,-1,-1,-1,-1,-1,-1,-1,-1,0,-1
2025141596089,2025,141596089,1,9,0,-1,13,1,5,-1,0,0,0,0,0,0,3,1,-1,6,1,45,7,-1,-1,-1,-1,10,E01008044,0,1
2025141596280,2025,141596280,1,97,0,-1,19,1,5,-1,0,8,2,0,1,11,1,1,-1,6,1,17,4,-1,-1,-1,-1,8,E01007431,0,2
2025141596551,2025,141596551,1,9,0,-1,19,7,3,-1,0,0,0,0,0,0,3,1,-1,6,1,32,6,-1,-1,-1,-1,2,E01007654,0,1
2025141596551,2025,141596551,2,9,0,-1,19,7,3,-1,0,0,0,0,0,0,4,9,-1,6,1,-1,-1,-1,-1,-1,-1,4,E01028036,0,4
2025141596627,2025,141596627,1,9,0,-1,20,3,7,-1,-1,0,0,0,0,0,1,1,-1,6,2,35,6,-1,-1,-1,-1,5,E01007390,0,1
2025141596726,2025,141596726,2,9,0,-1,19,8,6,-1,0,6,0,0,0,0,0,1,-1,6,-1,20,4,-1,-1,-1,-1,-1,-1,0,-1
2025141596726,2025,141596726,1,97,0,-1,19,6,2,-1,0,1,0,10,7,0,0,1,-1,6,3,18,4,-1,-1,-1,-1,-1,-1,0,-1
2025141597008,2025,141597008,1,9,0,-1,19,4,7,-1,0,2,5,7,0,0,3,1,-1,2,1,38,7,-1,-1,-1,-1,7,E01007983,0,1
2025141597023,2025,141597023,1,9,0,-1,7,2,4,-1,0,3,0,0,7,10,1,1,-1,9,1,46,8,-1,-1,-1,-1,1,E01033277,0,1
2025141597023,2025,141597023,2,9,0,-1,19,2,6,-1,0,1,0,0,0,0,0,1,-1,1,1,35,6,-1,-1,-1,-1,8,E01007891,0,2
2025141597052,2025,141597052,1,9,0,-1,19,6,2,-1,0,1,0,0,0,0,3,1,-1,9,1,21,5,-1,-1,-1,-1,1,E01007764,0,1
2025141597171,2025,141597171,2,9,0,-1,2,0,0,-1,-1,0,0,0,0,0,2,1,-1,6,-1,-1,-1,-1,-1,-1,-1,-1,-1,0,-1
2025141597171,2025,141597171,1,9,0,-1,19,6,3,-1,0,0,0,0,0,0,1,1,-1,6,3,-1,-1,-1,-1,-1,-1,-1,-1,0,-1
2025141597171,2025,141597171,3,9,0,-1,2,0,0,-1,-1,0,0,0,0,0,2,1,-1,9,2,46,8,-1,-1,-1,-1,4,E01007537,0,2
2025141597171,2025,141597171,5,9,0,-1,2,0,0,-1,-1,0,0,0,0,0,2,1,-1,6,-1,-1,-1,-1,-1,-1,-1,-1,-1,0,-1
2025141597171,2025,141597171,4,9,0,-1,2,0,0,-1,-1,0,0,0,0,0,2,1,-1,6,-1,-1,-1,-1,-1,-1,-1,-1,-1,0,-1
2025141597246,2025,141597246,1,9,0,-1,19,2,6,-1,0,0,0,0,0,0,1,9,-1,6,3,-1,-1,-1,-1,-1,-1,-1,-1,0,-1
2025141597254,2025,141597254,2,9,0,-1,7,4,5,-1,0,0,0,0,0,0,3,1,-1,9,1,50,8,-1,-1,-1,-1,9,E01008048,0,1
2025141597254,2025,141597254,1,9,0,-1,19,4,8,-1,0,0,0,0,0,0,1,1,-1,9,2,59,9,-1,-1,-1,-1,7,E01008049,0,1
2025141597310,2025,141597310,1,9,0,-1,19,5,1,-1,0,0,1,0,7,11,1,1,-1,2,1,33,6,-1,-1,-1,-1,1,E01007327,0,1
2025141597438,2025,141597438,1,9,0,-1,4,5,1,-1,0,0,0,7,0,0,4,1,-1,6,2,38,7,-1,-1,-1,-1,1,E01007529,0,1
2025141597439,2025,141597439,1,9,0,-1,3,2,6,-1,0,0,0,0,0,0,2,1,-1,9,1,40,7,-1,-1,-1,-1,1,E01007946,0,1
2025141597439,2025,141597439,2,9,0,-1,19,2,6,-1,0,0,0,0,0,0,1,1,-1,6,3,-1,-1,-1,-1,-1,-1,-1,-1,0,-1
2025141597527,2025,141597527,1,9,0,-1,7,4,6,-1,0,1,0,7,0,0,4,1,-1,2,1,40,7,-1,-1,-1,-1,1,E01007738,0,1
2025141597573,2025,141597573,1,90,0,-1,2,0,0,-1,0,2,0,0,0,0,1,1,-1,9,1,37,7,-1,-1,-1,-1,2,E01007982,0,2
2025141597573,2025,141597573,2,9,0,-1,3,7,2,-1,0,2,0,0,0,0,4,1,-1,6,2,52,8,-1,-1,-1,-1,9,E01008023,0,1
2025141597655,2025,141597655,1,9,0,-1,9,7,4,-1,0,8,0,0,0,0,4,1,-1,1,1,33,6,-1,-1,-1,-1,6,E01026135,0,4
2025141597655,2025,141597655,2,97,0,-1,19,1,4,-1,0,1,0,0,0,0,1,1,-1,9,1,23,5,-1,-1,-1,-1,7,E01007685,0,3
2025141597663,2025,141597663,1,9,0,-1,19,6,2,-1,0,2,0,0,0,0,1,9,-1,6,3,-1,-1,-1,-1,-1,-1,-1,-1,0,-1
2025141597663,2025,141597663,2,9,0,-1,19,4,8,-1,0,8,1,10,1,11,3,1,-1,9,2,23,5,-1,-1,-1,-1,4,E01007567,0,1
2025141597769,2025,141597769,1,97,0,-1,19,4,1,-1,0,1,0,0,0,0,1,1,-1,9,1,26,6,-1,-1,-1,-1,2,E01007910,0,2
2025141597769,2025,141597769,2,9,0,-1,9,6,4,-1,0,8,0,0,0,0,4,1,-1,9,1,32,6,-1,-1,-1,-1,8,E01033280,0,1
2025141597771,2025,141597771,1,9,0,-1,19,1,5,-1,0,0,0,0,0,0,1,1,-1,9,2,34,6,-1,-1,-1,-1,6,E01007666,0,1
2025141597771,2025,141597771,2,97,0,-1,19,6,2,-1,0,0,0,0,0,0,1,1,-1,6,1,23,5,-1,-1,-1,-1,2,E01007815,0,1
2025141597798,2025,141597798,1,9,0,-1,12,2,7,-1,0,8,1,10,0,0,1,1,-1,9,1,19,4,-1,-1,-1,-1,4,E01007850,0,2
2025141597798,2025,141597798,2,9,0,-1,19,2,6,-1,0,2,0,0,0,0,3,1,-1,9,1,37,7,-1,-1,-1,-1,7,E01033276,0,1
2025141597798,2025,141597798,3,9,0,-1,19,2,7,-1,0,1,0,0,0,0,2,9,-1,6,1,63,9,-1,-1,-1,-1,3,E01008109,0,1
2025141597851,2025,141597851,2,9,0,-1,5,4,8,-1,0,0,0,0,0,0,1,1,-1,6,2,20,4,-1,-1,-1,-1,1,E01007522,0,1
2025141597851,2025,141597851,1,9,0,-1,4,4,8,-1,0,0,0,0,0,0,2,1,-1,9,2,54,8,-1,-1,-1,-1,7,E01007604,0,1
2025141597851,2025,141597851,3,9,0,-1,4,4,8,-1,0,0,0,0,0,0,2,1,-1,6,2,30,6,-1,-1,-1,-1,-1,-1,0,-1
2025141597953,2025,141597953,2,1,0,-1,19,7,3,-1,0,0,5,0,0,0,1,1,-1,9,1,12,3,-1,-1,-1,-1,1,E01007913,0,1
2025141597953,2025,141597953,1,9,0,-1,19,5,1,-1,0,0,0,0,0,0,1,1,-1,6,3,-1,-1,-1,-1,-1,-1,-1,-1,0,-1
2025141597979,2025,141597979,1,97,0,-1,19,7,3,-1,0,0,0,0,0,0,1,1,-1,6,1,22,5,-1,-1,-1,-1,6,E01034244,0,1
2025141597979,2025,141597979,2,9,0,-1,19,7,3,-1,0,0,0,0,0,0,2,1,-1,2,2,34,6,-1,-1,-1,-1,3,E01007591,0,1
2025141598053,2025,141598053,1,8,0,-1,9,8,5,-1,0,1,0,0,0,0,1,1,-1,6,1,-1,-1,-1,-1,-1,-1,-1,-1,0,-1
2025141598237,2025,141598237,1,9,0,-1,5,2,7,-1,0,0,0,0,0,0,4,1,-1,9,1,41,7,-1,-1,-1,-1,1,E01007721,0,2
2025141598237,2025,141598237,2,97,0,-1,19,3,7,-1,0,0,0,0,0,0,3,1,-1,9,1,63,9,-1,-1,-1,-1,1,E01033279,0,2
2025141598241,2025,141598241,1,9,0,-1,7,4,5,-1,0,8,0,0,0,0,1,1,-1,6,2,35,6,-1,-1,-1,-1,2,E01007878,0,1
2025141598278,2025,141598278,1,9,0,-1,19,2,6,-1,0,0,0,0,0,0,3,9,-1,6,1,20,4,-1,-1,-1,-1,4,E01008136,0,1
2025141598748,2025,141598748,2,9,0,-1,5,6,2,-1,0,1,5,0,0,0,1,1,-1,1,1,23,5,-1,-1,-1,-1,7,E01008135,0,1
2025141598748,2025,141598748,1,9,0,-1,15,6,2,-1,0,1,5,10,1,0,1,1,-1,9,2,34,6,-1,-1,-1,-1,6,E01008134,0,1
2025141598938,2025,141598938,1,9,0,-1,-1,-1,-1,-1,-1,0,-1,-1,-1,0,-1,9,-1,6,3,34,6,-1,-1,-1,-1,1,E01007716,0,3
2025141598947,2025,141598947,1,9,0,-1,19,3,7,-1,0,0,0,0,0,0,4,9,-1,6,3,-1,-1,-1,-1,-1,-1,-1,-1,0,-1
2025141599003,2025,141599003,1,9,0,-1,5,5,1,-1,0,2,0,0,0,0,0,1,-1,6,1,38,7,-1,-1,-1,-1,8,E01007713,0,1
2025141599044,2025,141599044,1,9,0,-1,19,5,1,-1,0,3,0,0,0,0,2,1,-1,9,1,28,6,-1,-1,-1,-1,10,E01012921,0,4
2025141599044,2025,141599044,2,9,0,-1,19,5,1,-1,0,8,0,0,0,0,1,9,-1,6,3,-1,-1,-1,-1,-1,-1,-1,-1,0,-1
2025141599097,2025,141599097,2,9,0,-1,19,6,2,-1,0,1,0,0,0,0,1,1,-1,6,1,80,11,-1,-1,-1,-1,4,E01007460,0,1
2025141599097,2025,141599097,1,9,0,-1,9,2,8,-1,0,8,0,0,0,0,1,1,-1,2,2,30,6,-1,-1,-1,-1,1,E01007462,0,1
2025141599194,2025,141599194,1,9,0,-1,19,6,2,-1,0,0,1,0,1,4,1,1,-1,9,1,28,6,-1,-1,-1,-1,1,E01011492,0,4
2025141599235,2025,141599235,1,97,0,-1,5,5,3,-1,0,0,1,7,0,0,1,1,-1,6,1,28,6,-1,-1,-1,-1,3,E01007473,0,2
2025141599244,2025,141599244,3,9,0,-1,2,0,0,-1,0,2,0,0,0,0,4,1,-1,6,-1,-1,-1,-1,-1,-1,-1,-1,-1,0,-1
2025141599244,2025,141599244,1,9,0,-1,14,7,3,-1,0,1,0,0,0,0,4,1,-1,2,2,38,7,-1,-1,-1,-1,1,E01008015,0,1
2025141599244,2025,141599244,2,9,0,-1,7,5,7,-1,0,6,0,0,0,0,4,1,-1,6,2,40,7,-1,-1,-1,-1,5,E01007882,0,1
2025141599268,2025,141599268,1,9,0,-1,9,3,8,-1,0,5,0,0,3,10,1,1,-1,6,1,25,5,-1,-1,-1,-1,1,E01007769,0,3
2025141599304,2025,141599304,1,9,0,-1,9,4,2,-1,0,8,0,0,0,0,4,1,-1,2,2,38,7,-1,-1,-1,-1,1,E01007568,0,1
2025141599304,2025,141599304,2,90,0,-1,19,8,4,-1,0,1,1,0,0,0,4,1,-1,9,1,16,4,-1,-1,-1,-1,3,E01007528,0,1
2025141599319,2025,141599319,2,1,0,-1,19,7,3,-1,0,6,0,0,0,0,1,1,-1,6,1,43,7,-1,-1,-1,-1,3,E01007515,0,1
2025141599319,2025,141599319,1,9,0,-1,19,1,5,-1,0,1,0,0,0,0,1,1,-1,9,1,39,7,-1,-1,-1,-1,4,E01007567,0,1
2025141599514,2025,141599514,1,9,0,-1,19,3,7,-1,0,0,5,10,0,0,1,1,-1,6,1,38,7,-1,-1,-1,-1,1,E01007970,0,4
2025141599516,2025,141599516,2,9,0,-1,2,3,7,-1,0,0,0,0,0,0,2,1,-1,9,1,38,7,-1,-1,-1,-1,3,E01008016,0,2
2025141599516,2025,141599516,1,9,0,-1,19,3,7,-1,0,0,0,0,0,0,1,1,-1,9,2,76,11,-1,-1,-1,-1,1,E01034842,0,2
2025141599559,2025,141599559,1,9,0,-1,5,5,7,-1,0,2,0,0,0,0,1,1,-1,1,1,31,6,-1,-1,-1,-1,1,E01007339,0,2
2025141599559,2025,141599559,2,9,0,-1,19,3,7,-1,0,1,0,0,0,0,1,1,-1,1,1,46,8,-1,-1,-1,-1,2,E01032492,0,4
2025141599585,2025,141599585,2,1,0,-1,19,7,3,-1,0,6,0,0,0,0,3,1,-1,9,1,12,3,-1,-1,-1,-1,1,E01007652,0,1
2025141599585,2025,141599585,1,9,0,-1,19,1,5,-1,0,2,0,0,0,0,1,1,-1,6,2,24,5,-1,-1,-1,-1,4,E01007519,0,1
2025141599623,2025,141599623,2,9,0,-1,5,1,6,-1,0,6,0,0,0,0,4,1,-1,6,2,56,9,-1,-1,-1,-1,9,E01007432,0,1
2025141599623,2025,141599623,1,9,0,-1,19,3,7,-1,0,8,0,0,0,0,1,1,-1,6,1,33,6,-1,-1,-1,-1,4,E01008150,0,1
2025141599672,2025,141599672,1,23,0,-1,19,3,7,-1,9,1,0,0,0,0,1,1,-1,9,2,13,3,-1,-1,-1,-1,1,E01007716,0,1
2025141599884,2025,141599884,1,9,0,-1,12,2,6,-1,0,1,0,0,0,0,1,1,-1,6,1,72,10,-1,-1,-1,-1,5,E01007953,0,1
2025141600172,2025,141600172,1,9,0,-1,19,3,7,-1,0,1,0,0,0,0,3,1,-1,9,2,28,6,-1,-1,-1,-1,4,E01007699,0,1
2025141600172,2025,141600172,2,1,0,-1,19,1,5,-1,0,1,0,0,0,0,1,1,-1,6,1,8,2,-1,-1,-1,-1,4,E01007699,0,1
2025141600173,2025,141600173,2,9,0,-1,19,8,4,-1,0,8,0,0,0,0,4,1,-1,1,1,49,8,-1,-1,-1,-1,1,E01033269,0,1
2025141600173,2025,141600173,1,9,0,-1,19,2,6,-1,0,8,0,0,0,0,1,1,-1,6,2,25,5,-1,-1,-1,-1,1,E01009347,0,5
2025141600210,2025,141600210,1,1,0,-1,19,3,7,-1,0,0,0,0,7,0,1,1,-1,9,1,48,8,-1,-1,-1,-1,1,E01007634,0,2
2025141600210,2025,141600210,2,9,0,-1,19,7,3,-1,0,0,0,0,0,0,1,9,-1,6,3,-1,-1,-1,-1,-1,-1,-1,-1,0,-1
2025141600254,2025,141600254,1,9,0,-1,19,8,4,-1,0,0,0,0,0,0,1,1,-1,9,2,27,6,-1,-1,-1,-1,7,E01007685,0,1
2025141600287,2025,141600287,2,9,0,-1,5,7,3,-1,0,0,0,0,0,0,4,1,-1,6,2,56,9,-1,-1,-1,-1,1,E01007378,0,1
2025141600287,2025,141600287,1,9,0,-1,19,3,7,-1,0,0,1,4,0,0,3,1,-1,9,1,18,4,-1,-1,-1,-1,1,E01007378,0,1
2025141600287,2025,141600287,3,9,0,-1,2,0,0,-1,0,0,0,0,0,0,4,1,-1,6,-1,-1,-1,-1,-1,-1,-1,-1,-1,0,-1
2025141600287,2025,141600287,5,9,0,-1,2,0,0,-1,0,0,0,0,0,0,3,1,-1,6,-1,-1,-1,-1,-1,-1,-1,-1,-1,0,-1
2025141600287,2025,141600287,4,9,0,-1,2,0,0,-1,0,0,0,0,0,0,2,1,-1,6,-1,-1,-1,-1,-1,-1,-1,-1,-1,0,-1
2025141600488,2025,141600488,1,9,0,-1,9,6,3,-1,0,2,0,0,0,0,1,1,-1,6,2,74,10,-1,-1,-1,-1,7,E01008128,0,1
2025141600512,2025,141600512,1,9,0,-1,1,1,5,-1,0,0,0,0,0,0,4,1,-1,6,1,27,6,-1,-1,-1,-1,2,E01007914,0,1
2025141600543,2025,141600543,2,9,0,-1,9,8,6,-1,0,0,0,0,0,0,1,9,-1,6,3,-1,-1,-1,-1,-1,-1,-1,-1,0,-1
2025141600543,2025,141600543,1,9,0,-1,5,2,6,-1,0,0,0,0,0,0,3,1,-1,6,2,51,8,-1,-1,-1,-1,3,E01008158,0,1
2025141600548,2025,141600548,1,9,0,-1,9,1,7,-1,0,5,0,0,0,0,1,9,-1,6,3,-1,-1,-1,-1,-1,-1,-1,-1,0,-1
2025141600564,2025,141600564,1,23,0,-1,19,5,8,-1,0,1,0,0,0,0,1,1,-1,6,3,-1,-1,-1,-1,-1,-1,-1,-1,0,-1
2025141600604,2025,141600604,2,9,0,-1,4,4,7,-1,0,1,0,0,0,0,1,1,-1,2,2,41,7,-1,-1,-1,-1,6,E01011012,0,3
2025141600604,2025,141600604,1,9,0,-1,3,4,7,-1,0,4,0,0,0,0,2,1,-1,6,2,48,8,-1,-1,-1,-1,7,E01011112,0,1
2025141600691,2025,141600691,1,9,0,-1,9,3,2,-1,0,8,0,0,0,0,4,1,-1,9,2,43,7,-1,-1,-1,-1,6,E01007554,0,1
2025141600691,2025,141600691,2,9,0,-1,13,3,7,-1,0,1,0,0,0,0,4,1,-1,6,1,70,10,-1,-1,-1,-1,2,E01007556,0,1
2025141600874,2025,141600874,1,9,0,-1,4,1,5,-1,0,1,0,0,0,0,2,1,-1,9,2,20,4,-1,-1,-1,-1,5,E01005922,0,4
2025141600874,2025,141600874,3,9,0,-1,3,1,5,-1,0,1,0,0,0,0,2,1,-1,6,1,-1,-1,-1,-1,-1,-1,-1,-1,0,-1
2025141600874,2025,141600874,2,9,0,-1,4,1,5,-1,0,1,0,0,0,0,1,1,-1,6,2,-1,-1,-1,-1,-1,-1,-1,-1,0,-1
2025141600968,2025,141600968,1,1,0,-1,19,3,1,-1,0,3,5,0,0,0,4,1,-1,9,1,31,6,-1,-1,-1,-1,1,E01033691,0,4
2025141600968,2025,141600968,2,9,0,-1,19,7,3,-1,0,4,0,0,0,0,3,1,-1,6,1,-1,-1,-1,-1,-1,-1,-1,-1,0,-1
2025141600991,2025,141600991,1,9,0,-1,-1,-1,-1,-1,-1,0,-1,-1,-1,0,-1,9,-1,6,3,-1,-1,-1,-1,-1,-1,-1,-1,0,-1
2025141601116,2025,141601116,2,1,0,-1,19,7,4,-1,0,1,0,0,0,0,1,1,-1,6,1,14,3,-1,-1,-1,-1,2,E01007855,0,1
2025141601116,2025,141601116,1,98,0,-1,7,7,1,-1,0,8,0,0,0,0,4,1,-1,2,1,33,6,-1,-1,-1,-1,6,E01007962,0,2
2025141601117,2025,141601117,2,9,0,-1,19,4,8,-1,0,0,0,0,0,0,3,1,-1,9,1,18,4,-1,-1,-1,-1,1,E01007466,0,1
2025141601117,2025,141601117,1,9,0,-1,12,4,8,-1,0,0,0,0,0,0,1,1,-1,1,1,58,9,-1,-1,-1,-1,1,E01007549,0,2
2025141601133,2025,141601133,1,9,0,-1,19,1,5,-1,0,0,0,7,0,0,1,1,-1,9,1,23,5,-1,-1,-1,-1,4,E01013890,0,4
2025141601308,2025,141601308,1,9,0,-1,19,4,8,-1,0,0,0,0,0,0,4,9,-1,6,1,69,10,-1,-1,-1,-1,5,E01027316,0,5
2025141601639,2025,141601639,1,9,0,-1,4,1,4,-1,0,3,0,0,0,0,2,1,-1,9,1,18,4,-1,-1,-1,-1,3,E01007351,0,2
2025141601639,2025,141601639,2,9,0,-1,19,1,4,-1,0,3,0,0,0,0,1,1,-1,2,2,55,8,-1,-1,-1,-1,1,E01007463,0,1
2025141601640,2025,141601640,1,9,0,-1,3,4,4,-1,0,0,0,0,0,0,3,1,-1,6,1,68,10,-1,-1,-1,-1,1,E01007549,0,1
2025141601652,2025,141601652,2,1,0,-1,19,7,4,-1,0,1,0,0,0,0,1,1,-1,6,1,30,6,-1,-1,-1,-1,3,E01033268,0,1
2025141601652,2025,141601652,1,9,0,-1,10,4,2,-1,0,1,0,0,0,0,1,1,-1,6,-1,-1,-1,-1,-1,-1,-1,-1,-1,0,-1
2025141601698,2025,141601698,2,-1,0,-1,19,7,3,-1,9,0,1,0,0,0,2,1,-1,6,2,42,7,-1,-1,-1,-1,1,E01007531,1,1
2025141601698,2025,141601698,1,9,0,-1,19,7,4,-1,0,0,0,0,0,0,1,9,-1,6,3,-1,-1,-1,-1,-1,-1,-1,-1,0,-1
2025141601779,2025,141601779,1,9,0,-1,19,7,3,-1,0,0,0,0,0,0,3,1,-1,6,2,35,6,-1,-1,-1,-1,9,E01010769,0,4
2025141601779,2025,141601779,2,9,0,-1,19,7,3,-1,0,0,0,0,0,0,1,1,-1,6,1,-1,-1,-1,-1,-1,-1,-1,-1,0,-1
2025141601792,2025,141601792,1,9,0,-1,5,3,7,-1,0,4,0,0,0,0,2,1,-1,9,2,32,6,-1,-1,-1,-1,8,E01034242,0,1
2025141601792,2025,141601792,2,9,0,-1,19,3,7,-1,0,1,0,0,0,0,1,9,-1,6,3,-1,-1,-1,-1,-1,-1,-1,-1,0,-1
2025141601810,2025,141601810,1,9,0,-1,19,1,5,-1,0,0,0,0,0,0,4,1,-1,2,2,57,9,-1,-1,-1,-1,5,E01008080,0,2
2025141601810,2025,141601810,2,9,0,-1,19,1,5,-1,0,0,0,0,0,0,3,9,-1,6,3,-1,-1,-1,-1,-1,-1,-1,-1,0,-1
2025141601886,2025,141601886,2,9,0,-1,19,4,8,-1,0,8,0,0,0,0,1,1,-1,6,1,-1,-1,-1,-1,-1,-1,5,E01007653,0,1
2025141601886,2025,141601886,1,1,0,-1,19,6,2,-1,4,8,5,0,0,0,3,1,-1,2,1,19,4,-1,-1,-1,-1,4,E01007567,0,1
2025141601910,2025,141601910,1,98,0,-1,19,7,3,-1,0,0,0,0,0,0,1,1,-1,1,1,56,9,-1,-1,-1,-1,3,E01008158,0,2
2025141601910,2025,141601910,2,97,0,-1,19,7,3,-1,0,0,0,0,0,0,2,1,-1,6,2,29,6,-1,-1,-1,-1,3,E01007993,0,2
2025141602055,2025,141602055,2,9,0,-1,5,4,7,-1,0,8,0,0,0,0,1,1,-1,9,2,50,8,-1,-1,-1,-1,4,E01007460,0,1
2025141602055,2025,141602055,1,9,0,-1,19,7,2,-1,0,8,0,0,0,0,3,1,-1,9,1,57,9,-1,-1,-1,-1,2,E01007414,0,1
2025141602439,2025,141602439,1,98,0,-1,19,1,3,-1,0,1,0,0,0,0,1,1,-1,2,1,37,7,-1,-1,-1,-1,6,E01008030,0,2
2025141602439,2025,141602439,2,9,0,-1,19,3,8,-1,0,1,1,0,0,0,1,9,-1,6,3,-1,-1,-1,-1,-1,-1,-1,-1,0,-1
2025141602476,2025,141602476,1,9,0,-1,19,8,4,-1,0,4,0,0,0,0,4,1,-1,9,1,61,9,-1,-1,-1,-1,1,E01007668,0,1
2025141602476,2025,141602476,2,1,0,-1,19,8,4,-1,0,4,5,0,0,0,4,1,-1,6,1,62,9,-1,-1,-1,-1,5,E01008034,0,1
2025141602477,2025,141602477,1,9,0,-1,5,1,5,-1,0,0,0,0,0,0,1,1,-1,2,1,28,6,-1,-1,-1,-1,7,E01007658,0,2
2025141602536,2025,141602536,2,9,0,-1,5,8,4,-1,0,0,0,0,0,0,1,1,-1,2,1,29,6,-1,-1,-1,-1,3,E01007473,0,1
2025141602536,2025,141602536,1,9,0,-1,19,8,4,-1,0,0,0,0,0,0,1,1,-1,9,2,38,7,-1,-1,-1,-1,6,E01027915,0,4
2025141602568,2025,141602568,1,3,0,-1,12,5,1,-1,9,0,0,0,7,0,1,1,-1,6,3,30,6,-1,-1,-1,-1,-1,-1,0,-1
2025141602670,2025,141602670,2,98,1,-1,19,5,1,-1,0,0,0,0,0,0,1,1,-1,1,1,68,10,-1,-1,-1,-1,9,E01007610,0,3
2025141602670,2025,141602670,1,98,1,-1,19,5,1,-1,0,0,0,0,0,0,2,1,-1,1,1,33,6,-1,-1,-1,-1,1,E01007568,0,2
2025141602758,2025,141602758,2,9,0,-1,19,5,1,-1,0,0,0,0,0,0,1,1,-1,9,2,28,6,-1,-1,-1,-1,7,E01013013,0,4
2025141602758,2025,141602758,1,9,0,-1,19,4,8,-1,0,0,0,0,0,0,2,1,-1,9,1,51,8,-1,-1,-1,-1,6,E01007981,0,1
2025141602813,2025,141602813,1,9,0,-1,19,2,3,-1,0,0,0,0,0,0,4,1,-1,9,2,31,6,-1,-1,-1,-1,2,E01007982,0,1
2025141602813,2025,141602813,2,-1,0,-1,19,2,3,-1,0,0,2,0,0,0,3,1,-1,6,1,11,3,-1,-1,-1,-1,1,E01008096,1,1
2025141602835,2025,141602835,1,9,0,-1,7,5,8,-1,0,6,0,0,0,0,3,9,-1,6,1,37,7,-1,-1,-1,-1,1,E01007450,0,1
2025141602835,2025,141602835,2,9,0,-1,19,4,8,-1,0,2,0,0,0,0,1,9,-1,6,2,26,6,-1,-1,-1,-1,2,E01007448,0,1
2025141602880,2025,141602880,2,97,0,-1,19,4,8,-1,0,0,0,0,0,0,0,1,-1,1,1,41,7,-1,-1,-1,-1,1,E01007902,0,4
2025141602880,2025,141602880,1,23,0,-1,19,4,8,-1,9,0,2,7,1,0,1,1,-1,6,1,17,4,-1,-1,-1,-1,5,E01028024,0,1
2025141602929,2025,141602929,1,9,0,-1,19,4,8,-1,0,8,0,0,0,0,1,1,-1,6,1,28,6,-1,-1,-1,-1,1,E01007940,0,1