collision_index,collision_year,collision_ref_no,vehicle_reference,vehicle_type,towing_and_articulation,vehicle_manoeuvre_historic,vehicle_manoeuvre,vehicle_direction_from,vehicle_direction_to,vehicle_location_restricted_lane_historic,vehicle_location_restricted_lane,junction_location,skidding_and_overturning,hit_object_in_carriageway,vehicle_leaving_carriageway,hit_object_off_carriageway,first_point_of_impact,vehicle_left_hand_drive,journey_purpose_of_driver_historic,journey_purpose_of_driver,sex_of_driver,age_of_driver,age_band_of_driver,engine_capacity_cc,propulsion_code,age_of_vehicle,generic_make_model,driver_imd_decile,lsoa_of_driver,escooter_flag,driver_distance_banding
2025141602929,2025,141602929,2,1,0,-1,7,5,8,-1,0,6,0,0,0,0,1,1,-1,6,1,13,3,-1,-1,-1,-1,1,E01008123,0,1
2025141602930,2025,141602930,2,9,0,-1,19,1,5,-1,0,1,0,0,0,0,1,1,-1,2,2,34,6,-1,-1,-1,-1,8,E01028058,0,3
2025141602930,2025,141602930,1,9,0,-1,10,2,1,-1,0,8,0,0,0,0,3,1,-1,9,2,25,5,-1,-1,-1,-1,3,E01007761,0,2
2025141603159,2025,141603159,1,9,0,-1,19,2,6,-1,0,1,0,0,0,0,1,1,-1,6,1,79,11,-1,-1,-1,-1,-1,-1,0,-1
2025141603171,2025,141603171,1,97,0,-1,19,8,4,-1,0,8,0,0,0,0,1,1,-1,9,1,26,6,-1,-1,-1,-1,2,E01007435,0,4
2025141603171,2025,141603171,2,9,0,-1,5,2,5,-1,0,6,0,0,0,0,3,1,-1,9,1,18,4,-1,-1,-1,-1,2,E01007680,0,1
2025141603186,2025,141603186,2,-1,0,-1,19,2,6,-1,9,0,2,0,2,0,1,9,-1,6,1,14,3,-1,-1,-1,-1,1,E01007950,1,1
2025141603186,2025,141603186,1,9,0,-1,9,6,4,-1,0,0,0,0,0,0,1,1,-1,1,1,20,4,-1,-1,-1,-1,1,E01007945,0,1
2025141603187,2025,141603187,1,9,0,-1,19,1,5,-1,0,2,0,0,1,11,1,1,-1,9,2,58,9,-1,-1,-1,-1,9,E01007561,0,1
2025141603248,2025,141603248,2,9,0,-1,19,6,1,-1,0,1,0,0,0,0,1,1,-1,9,1,25,5,-1,-1,-1,-1,2,E01007464,0,2
2025141603248,2025,141603248,3,98,0,-1,3,6,1,-1,0,1,0,0,0,0,1,1,-1,1,1,47,8,-1,-1,-1,-1,2,E01007465,0,2
2025141603248,2025,141603248,4,9,0,-1,10,1,5,-1,0,1,0,0,0,0,1,9,-1,9,2,20,4,-1,-1,-1,-1,-1,-1,0,-1
2025141603311,2025,141603311,1,98,0,-1,10,1,7,-1,0,2,0,0,0,0,4,9,-1,6,3,-1,-1,-1,-1,-1,-1,-1,-1,0,-1
2025141603311,2025,141603311,2,97,0,-1,19,5,1,-1,0,1,2,0,0,0,1,1,-1,6,1,27,6,-1,-1,-1,-1,7,E01008002,0,3
2025141603353,2025,141603353,1,98,0,-1,1,6,6,-1,9,0,0,0,0,0,2,9,-1,6,3,-1,-1,-1,-1,-1,-1,-1,-1,0,-1
2025141603559,2025,141603559,1,98,0,-1,19,4,1,-1,0,1,0,0,0,0,1,1,-1,1,1,31,6,-1,-1,-1,-1,5,E01016487,0,5
2025141603559,2025,141603559,2,9,0,-1,19,7,3,-1,0,2,0,0,0,0,3,1,-1,6,1,83,11,-1,-1,-1,-1,3,E01007374,0,2
2025141603566,2025,141603566,1,9,0,-1,13,5,1,-1,0,0,0,0,0,0,4,9,-1,6,1,42,7,-1,-1,-1,-1,3,E01007354,0,1
2025141603566,2025,141603566,2,1,0,-1,19,5,1,-1,0,0,0,0,0,0,3,1,-1,6,1,24,5,-1,-1,-1,-1,1,E01011863,0,2
2025141603625,2025,141603625,1,9,0,-1,4,1,5,-1,0,0,0,0,1,0,2,1,-1,1,1,45,7,-1,-1,-1,-1,8,E01007524,0,1
2025141603625,2025,141603625,2,98,0,-1,19,1,5,-1,0,0,0,0,0,0,1,1,-1,1,1,44,7,-1,-1,-1,-1,5,E01013236,0,4
2025141603634,2025,141603634,1,97,0,-1,4,3,5,-1,0,4,0,0,0,0,0,1,-1,6,-1,-1,-1,-1,-1,-1,-1,-1,-1,0,-1
2025141603723,2025,141603723,1,9,0,-1,19,8,4,-1,0,0,0,0,0,0,4,1,-1,6,1,28,6,-1,-1,-1,-1,4,E01007344,0,1
2025141603754,2025,141603754,1,9,0,-1,19,1,5,-1,0,0,0,0,0,0,1,1,-1,9,1,70,10,-1,-1,-1,-1,1,E01007530,0,1
2025141603754,2025,141603754,2,-1,0,-1,19,7,3,-1,0,0,0,0,0,0,3,9,-1,6,1,11,3,-1,-1,-1,-1,1,E01007530,1,1
2025141603806,2025,141603806,1,9,0,-1,5,3,7,-1,0,8,0,0,0,0,1,1,-1,9,2,58,9,-1,-1,-1,-1,9,E01007631,0,2
2025141604095,2025,141604095,2,97,0,-1,19,7,3,-1,0,1,0,0,0,0,1,1,-1,2,1,47,8,-1,-1,-1,-1,3,E01007451,0,3
2025141604095,2025,141604095,1,9,0,-1,12,7,6,-1,0,8,0,0,0,0,3,1,-1,2,2,37,7,-1,-1,-1,-1,9,E01007418,0,1
2025141604161,2025,141604161,2,98,1,-1,11,3,7,-1,0,0,0,0,0,0,4,1,-1,1,1,31,6,-1,-1,-1,-1,2,E01007443,0,3
2025141604161,2025,141604161,1,9,0,-1,19,3,7,-1,0,0,0,0,0,0,3,1,-1,9,1,63,9,-1,-1,-1,-1,3,E01034649,0,4
2025141604194,2025,141604194,1,97,0,-1,19,5,7,-1,0,0,2,0,0,0,1,1,-1,2,1,37,7,-1,-1,-1,-1,5,E01007366,0,3
2025141604194,2025,141604194,2,98,0,-1,19,5,7,-1,0,0,0,0,0,0,3,1,-1,1,1,29,6,-1,-1,-1,-1,2,E01008944,0,5
2025141604207,2025,141604207,1,9,0,-1,19,6,3,-1,0,4,0,0,0,0,3,1,-1,9,2,51,8,-1,-1,-1,-1,9,E01011923,0,4
2025141604207,2025,141604207,2,1,0,-1,19,3,7,-1,0,8,0,0,0,0,1,1,-1,6,1,49,8,-1,-1,-1,-1,5,E01007681,0,2
2025141604215,2025,141604215,1,9,0,-1,5,1,1,-1,0,6,0,0,0,0,2,1,-1,2,1,50,8,-1,-1,-1,-1,2,E01007733,0,1
2025141604215,2025,141604215,2,-1,0,-1,19,2,6,-1,0,1,0,0,0,0,1,9,-1,6,1,44,7,-1,-1,-1,-1,1,E01007719,1,1
2025141604216,2025,141604216,1,9,0,-1,19,3,7,-1,0,0,0,0,0,0,1,1,-1,6,1,42,7,-1,-1,-1,-1,1,E01007822,0,1
2025141604216,2025,141604216,2,-1,0,-1,9,5,1,-1,0,0,0,0,0,0,2,1,-1,6,1,51,8,-1,-1,-1,-1,2,E01007796,1,1
2025141604244,2025,141604244,2,9,0,-1,19,5,5,-1,0,6,0,0,0,0,1,1,-1,9,2,-1,-1,-1,-1,-1,-1,5,E01019573,0,3
2025141604244,2025,141604244,1,9,0,-1,19,1,5,-1,0,1,0,0,0,0,1,1,-1,6,1,37,7,-1,-1,-1,-1,3,E01007879,0,2
2025141604268,2025,141604268,1,9,0,-1,19,8,4,-1,0,8,0,0,0,0,1,1,-1,1,1,44,7,-1,-1,-1,-1,6,E01008020,0,2
2025141604268,2025,141604268,2,9,0,-1,9,3,8,-1,0,8,0,0,0,0,4,1,-1,9,1,19,4,-1,-1,-1,-1,2,E01007982,0,1
2025141604431,2025,141604431,2,9,0,-1,-1,-1,-1,-1,0,0,0,0,0,0,0,9,-1,6,3,-1,-1,-1,-1,-1,-1,-1,-1,0,-1
2025141604431,2025,141604431,1,1,0,-1,19,1,5,-1,0,0,2,0,0,0,0,1,-1,9,2,41,7,-1,-1,-1,-1,4,E01008136,0,1
2025141604475,2025,141604475,1,5,0,-1,19,8,4,-1,0,0,2,0,5,0,4,1,-1,9,1,55,8,-1,-1,-1,-1,3,E01011783,0,4
2025141604475,2025,141604475,2,98,0,-1,19,8,4,-1,0,0,0,0,0,0,3,9,-1,1,1,57,9,-1,-1,-1,-1,5,E01018069,0,5
2025141604568,2025,141604568,1,9,0,-1,19,4,8,-1,0,0,0,0,0,0,1,1,-1,6,2,35,6,-1,-1,-1,-1,1,E01007578,0,1
2025141604571,2025,141604571,1,97,0,-1,19,3,8,-1,0,0,0,0,0,0,1,1,-1,6,3,-1,-1,-1,-1,-1,-1,-1,-1,0,-1
2025141604637,2025,141604637,1,9,0,-1,5,5,8,-1,0,0,0,0,0,0,4,1,-1,9,1,34,6,-1,-1,-1,-1,2,E01007740,0,1
2025141604637,2025,141604637,2,1,0,-1,19,5,8,-1,0,0,0,0,0,0,1,1,-1,6,1,27,6,-1,-1,-1,-1,2,E01007740,0,1
2025141604741,2025,141604741,1,9,0,-1,9,3,2,-1,0,8,0,0,0,0,3,1,-1,6,2,53,8,-1,-1,-1,-1,6,E01008129,0,1
2025141604741,2025,141604741,2,19,0,-1,19,7,2,-1,0,1,1,0,0,0,1,1,-1,6,1,32,6,-1,-1,-1,-1,1,E01007947,0,2
2025141604756,2025,141604756,1,9,0,-1,19,8,4,-1,0,1,0,0,0,0,1,1,-1,6,2,35,6,-1,-1,-1,-1,4,E01008001,0,1
2025141604807,2025,141604807,1,9,0,-1,4,1,5,-1,0,0,1,0,1,5,1,1,-1,2,1,33,6,-1,-1,-1,-1,4,E01008161,0,1
2025141604894,2025,141604894,1,9,0,-1,19,-1,-1,-1,0,3,0,0,0,0,-1,9,-1,6,2,-1,-1,-1,-1,-1,-1,-1,-1,0,-1
2025141604898,2025,141604898,2,9,0,-1,19,2,6,-1,0,0,0,0,0,0,1,9,-1,6,1,53,8,-1,-1,-1,-1,5,E01007803,0,1
2025141604898,2025,141604898,1,9,0,-1,19,6,2,-1,0,0,0,0,0,0,1,9,-1,6,2,33,6,-1,-1,-1,-1,1,E01008061,0,1
2025141604914,2025,141604914,2,9,0,-1,19,3,8,-1,0,1,0,0,0,0,1,9,-1,6,3,-1,-1,-1,-1,-1,-1,-1,-1,0,-1
2025141604914,2025,141604914,1,9,0,-1,19,3,7,-1,0,1,0,0,0,0,2,1,-1,6,2,20,4,-1,-1,-1,-1,5,E01032551,0,1
2025141604915,2025,141604915,2,9,0,-1,-1,-1,-1,-1,-1,0,-1,-1,-1,0,-1,9,-1,6,2,-1,-1,-1,-1,-1,-1,-1,-1,0,-1
2025141604915,2025,141604915,1,-1,0,-1,19,1,5,-1,9,0,5,0,0,0,3,1,-1,2,1,24,5,-1,-1,-1,-1,1,E01007531,1,1
2025141604924,2025,141604924,2,98,0,-1,3,1,5,-1,0,0,0,0,0,0,2,1,-1,6,1,-1,-1,-1,-1,-1,-1,-1,-1,0,-1
2025141604924,2025,141604924,1,98,0,-1,3,1,5,-1,0,0,0,0,0,0,2,1,-1,1,1,19,4,-1,-1,-1,-1,9,E01028104,0,4
2025141604924,2025,141604924,3,98,0,-1,19,1,5,-1,0,0,0,0,0,0,1,1,-1,6,3,-1,-1,-1,-1,-1,-1,-1,-1,0,-1
2025141604966,2025,141604966,3,9,0,-1,19,7,3,-1,0,1,0,0,0,0,0,9,-1,6,3,-1,-1,-1,-1,-1,-1,-1,-1,0,-1
2025141604966,2025,141604966,1,8,0,-1,19,2,7,-1,0,1,0,0,0,0,1,1,-1,1,1,31,6,-1,-1,-1,-1,4,E01007699,0,1
2025141604966,2025,141604966,2,9,-1,-1,19,2,7,-1,0,1,0,0,0,0,2,9,-1,6,1,-1,-1,-1,-1,-1,-1,-1,-1,0,-1
2025141605038,2025,141605038,1,9,0,-1,5,8,3,-1,0,1,0,0,0,0,2,1,-1,2,2,22,5,-1,-1,-1,-1,3,E01008032,0,1
2025141605038,2025,141605038,2,1,0,-1,19,8,3,-1,0,4,0,0,0,0,1,1,-1,6,1,59,9,-1,-1,-1,-1,8,E01008035,0,1
2025141605076,2025,141605076,1,9,0,-1,19,3,7,-1,0,2,0,0,0,0,1,1,-1,9,1,61,9,-1,-1,-1,-1,6,E01007570,0,1
2025141605155,2025,141605155,1,9,0,-1,19,1,5,-1,0,0,0,0,0,0,3,1,-1,6,-1,-1,-1,-1,-1,-1,-1,-1,-1,0,-1
2025141605166,2025,141605166,3,9,0,-1,7,8,1,-1,0,2,0,0,0,0,1,9,-1,6,3,-1,-1,-1,-1,-1,-1,-1,-1,0,-1
2025141605166,2025,141605166,1,1,0,-1,9,8,5,-1,0,8,0,0,0,0,2,1,-1,9,1,26,6,-1,-1,-1,-1,10,E01008069,0,1
2025141605166,2025,141605166,2,1,0,-1,9,8,5,-1,0,8,0,0,0,0,2,1,-1,9,1,26,6,-1,-1,-1,-1,3,E01008108,0,1
2025141605599,2025,141605599,2,9,0,-1,19,5,1,-1,0,8,0,0,0,0,1,1,-1,6,2,20,4,-1,-1,-1,-1,3,E01007702,0,1
2025141605599,2025,141605599,1,9,0,-1,19,3,7,-1,0,8,0,0,0,0,4,1,-1,6,-1,-1,-1,-1,-1,-1,-1,-1,-1,0,-1
2025141605642,2025,141605642,1,9,0,-1,19,4,8,-1,9,0,0,0,1,5,1,1,-1,9,1,62,9,-1,-1,-1,-1,1,E01007947,0,1
2025141605710,2025,141605710,1,9,0,-1,19,4,8,-1,0,0,0,0,0,0,1,1,-1,9,2,20,4,-1,-1,-1,-1,5,E01015994,0,5
2025141605718,2025,141605718,2,9,0,-1,19,1,5,-1,0,1,0,0,0,0,1,9,-1,6,3,-1,-1,-1,-1,-1,-1,-1,-1,0,-1
2025141605718,2025,141605718,1,9,0,-1,5,3,7,-1,0,1,0,0,0,0,3,1,-1,2,1,45,7,-1,-1,-1,-1,3,E01007337,0,1
2025141605732,2025,141605732,1,9,0,-1,13,3,7,-1,0,0,0,0,0,0,4,1,-1,6,1,24,5,-1,-1,-1,-1,-1,-1,0,-1
2025141605732,2025,141605732,2,1,0,-1,19,3,7,-1,0,0,0,0,0,0,3,1,-1,6,1,31,6,-1,-1,-1,-1,2,E01008089,0,1
2025141605934,2025,141605934,2,9,0,-1,9,4,2,-1,0,1,0,0,0,0,1,1,-1,6,1,63,9,-1,-1,-1,-1,5,E01008139,0,1
2025141605934,2025,141605934,1,9,0,-1,19,6,2,-1,0,1,0,0,0,0,3,1,-1,9,1,59,9,-1,-1,-1,-1,2,E01007906,0,1
2025141605940,2025,141605940,1,9,0,-1,19,2,6,-1,0,1,0,0,0,0,1,1,-1,9,1,33,6,-1,-1,-1,-1,2,E01007514,0,1
2025141606034,2025,141606034,1,9,0,-1,19,8,4,-1,0,2,0,0,0,0,1,1,-1,6,1,31,6,-1,-1,-1,-1,6,E01007598,0,1
2025141606039,2025,141606039,1,9,0,-1,1,0,0,-1,0,0,0,0,0,0,1,1,-1,9,1,44,7,-1,-1,-1,-1,1,E01007555,0,1
2025141606041,2025,141606041,1,9,0,-1,5,7,3,-1,0,0,0,11,0,0,1,1,-1,6,1,18,4,-1,-1,-1,-1,1,E01007763,0,3
2025141606041,2025,141606041,2,9,0,-1,19,3,7,-1,0,0,0,7,0,0,4,1,-1,6,1,54,8,-1,-1,-1,-1,9,E01007606,0,1
2025141606260,2025,141606260,2,9,0,-1,19,5,1,-1,0,0,0,0,0,0,2,1,-1,9,2,52,8,-1,-1,-1,-1,5,E01012161,0,5
2025141606260,2025,141606260,1,9,0,-1,19,5,1,-1,0,0,0,0,1,4,1,1,-1,6,1,45,7,-1,-1,-1,-1,9,E01012124,0,5
2025141606283,2025,141606283,1,18,0,-1,19,6,2,-1,1,1,0,0,0,0,1,9,-1,1,1,62,9,-1,-1,-1,-1,9,E01008156,0,2
2025141606301,2025,141606301,1,9,0,-1,19,2,6,-1,0,2,0,0,0,0,3,9,-1,6,1,63,9,-1,-1,-1,-1,1,E01007768,0,2
2025141606301,2025,141606301,2,9,0,-1,19,8,5,-1,0,1,0,0,0,0,1,1,-1,6,2,47,8,-1,-1,-1,-1,1,E01007883,0,1
2025141606349,2025,141606349,1,9,0,-1,19,3,7,-1,0,0,0,0,0,0,1,1,-1,9,1,21,5,-1,-1,-1,-1,3,E01007976,0,1
2025141606510,2025,141606510,2,97,0,-1,13,3,7,-1,0,0,1,4,0,0,1,1,-1,2,1,51,8,-1,-1,-1,-1,5,E01007996,0,1
2025141606510,2025,141606510,1,9,0,-1,2,0,0,-1,0,0,0,4,0,0,3,1,-1,6,-1,-1,-1,-1,-1,-1,-1,-1,-1,0,-1
2025141606579,2025,141606579,2,9,0,-1,9,2,6,-1,0,1,0,0,0,0,1,1,-1,9,2,21,5,-1,-1,-1,-1,2,E01008107,0,1
2025141606579,2025,141606579,1,9,0,-1,19,6,2,-1,0,1,0,0,7,0,1,1,-1,9,1,59,9,-1,-1,-1,-1,7,E01034249,0,2
2025141606633,2025,141606633,1,9,0,-1,1,8,4,-1,0,0,0,0,0,0,0,9,-1,6,3,-1,-1,-1,-1,-1,-1,-1,-1,0,-1
2025141606663,2025,141606663,1,9,0,-1,19,8,4,-1,0,0,0,0,0,0,4,1,-1,7,2,54,8,-1,-1,-1,-1,1,E01008013,0,1
2025141606663,2025,141606663,2,9,0,-1,2,0,0,-1,0,0,0,0,0,0,4,1,-1,6,-1,-1,-1,-1,-1,-1,-1,-1,-1,0,-1
2025141606663,2025,141606663,3,9,0,-1,2,0,0,-1,0,0,0,0,0,0,1,1,-1,6,-1,-1,-1,-1,-1,-1,-1,-1,-1,0,-1
2025141606740,2025,141606740,1,23,0,-1,5,3,5,-1,9,0,0,0,0,0,1,1,-1,6,1,20,4,-1,-1,-1,-1,3,E01007473,0,1
2025141606761,2025,141606761,1,-1,0,-1,19,3,7,-1,0,2,0,0,0,0,3,1,-1,6,1,42,7,-1,-1,-1,-1,2,E01007443,1,1
2025141606761,2025,141606761,2,9,0,-1,19,7,3,-1,0,1,0,0,0,0,1,1,-1,6,1,78,11,-1,-1,-1,-1,5,E01007335,0,1
2025141606839,2025,141606839,2,9,0,-1,-1,-1,-1,-1,0,8,0,0,0,0,-1,9,-1,6,3,-1,-1,-1,-1,-1,-1,-1,-1,0,-1
2025141606839,2025,141606839,1,9,0,-1,19,5,1,-1,0,1,0,0,1,0,3,1,-1,6,2,26,6,-1,-1,-1,-1,6,E01007456,0,1
2025141606985,2025,141606985,1,9,0,-1,19,1,5,-1,0,0,0,0,0,0,2,1,-1,6,2,25,5,-1,-1,-1,-1,9,E01007709,0,4
2025141606985,2025,141606985,2,9,0,-1,13,1,5,-1,0,0,0,0,0,0,1,9,-1,6,3,-1,-1,-1,-1,-1,-1,-1,-1,0,-1
2025141606986,2025,141606986,1,9,0,-1,12,5,1,-1,0,8,0,0,0,0,1,1,-1,9,2,22,5,-1,-1,-1,-1,3,E01008095,0,1
2025141606986,2025,141606986,2,9,0,-1,19,5,1,-1,0,8,0,0,0,0,3,1,-1,9,2,58,9,-1,-1,-1,-1,7,E01007983,0,1
2025141607002,2025,141607002,1,11,0,-1,19,2,6,-1,0,0,0,0,0,0,4,9,-1,6,3,-1,-1,-1,-1,-1,-1,-1,-1,0,-1
2025141607004,2025,141607004,3,9,0,-1,19,7,3,-1,0,8,0,0,0,0,1,1,-1,6,1,25,5,-1,-1,-1,-1,2,E01007517,0,1
2025141607004,2025,141607004,2,9,0,-1,4,6,3,-1,0,8,0,0,0,0,2,1,-1,6,1,70,10,-1,-1,-1,-1,10,E01027675,0,4
2025141607004,2025,141607004,1,9,0,-1,4,7,3,-1,0,8,0,0,0,0,2,1,-1,6,2,33,6,-1,-1,-1,-1,2,E01007548,0,1
2025141607055,2025,141607055,1,97,0,-1,4,2,6,-1,0,0,5,0,0,0,2,1,-1,9,1,41,7,-1,-1,-1,-1,2,E01007546,0,1
2025141607055,2025,141607055,3,9,0,-1,3,2,6,-1,0,0,0,0,0,0,2,9,-1,6,3,-1,-1,-1,-1,-1,-1,-1,-1,0,-1
2025141607055,2025,141607055,2,9,0,-1,4,2,6,-1,0,0,0,0,0,0,1,9,-1,6,3,-1,-1,-1,-1,-1,-1,-1,-1,0,-1
2025141607153,2025,141607153,2,9,0,-1,19,4,8,-1,0,8,0,0,0,0,4,1,-1,9,1,41,7,-1,-1,-1,-1,1,E01033271,0,1
2025141607153,2025,141607153,1,23,0,-1,19,6,3,-1,4,6,0,0,0,0,1,1,-1,6,1,19,4,-1,-1,-1,-1,2,E01007975,0,1
2025141607213,2025,141607213,1,97,0,-1,7,1,7,-1,0,2,0,0,0,0,1,1,-1,1,1,17,4,-1,-1,-1,-1,3,E01007765,0,1
2025141607213,2025,141607213,2,1,0,-1,19,3,7,-1,0,6,1,0,0,0,3,1,-1,6,1,11,3,-1,-1,-1,-1,1,E01007714,0,1
2025141607255,2025,141607255,1,9,0,-1,9,3,8,-1,0,1,0,0,0,0,2,1,-1,9,1,35,6,-1,-1,-1,-1,5,E01007613,0,3
2025141607255,2025,141607255,2,9,0,-1,19,3,6,-1,0,1,0,0,0,0,1,1,-1,2,1,37,7,-1,-1,-1,-1,4,E01007731,0,1
2025141607340,2025,141607340,1,1,0,-1,19,2,6,-1,0,0,0,0,0,0,3,1,-1,9,1,48,8,-1,-1,-1,-1,8,E01007994,0,1
2025141607340,2025,141607340,2,9,0,-1,19,2,6,-1,0,0,0,0,0,0,0,9,-1,6,3,-1,-1,-1,-1,-1,-1,-1,-1,0,-1
2025141607363,2025,141607363,1,98,0,-1,9,1,6,-1,0,1,0,0,0,0,1,9,-1,6,1,37,7,-1,-1,-1,-1,1,E01007372,0,3
2025141607363,2025,141607363,2,97,0,-1,19,5,8,-1,0,1,0,0,0,0,1,1,-1,6,1,34,6,-1,-1,-1,-1,2,E01007906,0,3
2025141607383,2025,141607383,2,9,0,-1,4,1,5,-1,0,0,0,0,0,0,2,1,-1,6,-1,-1,-1,-1,-1,-1,-1,-1,-1,0,-1
2025141607383,2025,141607383,1,9,0,-1,4,1,5,-1,0,0,0,0,0,0,2,1,-1,9,2,30,6,-1,-1,-1,-1,1,E01008018,0,1
2025141607383,2025,141607383,3,9,0,-1,19,1,5,-1,0,0,0,0,0,0,1,1,-1,6,-1,-1,-1,-1,-1,-1,-1,-1,-1,0,-1
2025141607435,2025,141607435,2,9,0,-1,-1,-1,-1,-1,-1,0,-1,-1,-1,0,-1,9,-1,6,3,-1,-1,-1,-1,-1,-1,-1,-1,0,-1
2025141607435,2025,141607435,1,9,0,-1,19,7,3,-1,0,0,0,0,0,0,4,1,-1,9,2,25,5,-1,-1,-1,-1,1,E01007402,0,1
2025141607448,2025,141607448,3,1,0,-1,19,6,2,-1,0,1,5,0,0,0,1,1,-1,6,1,35,6,-1,-1,-1,-1,1,E01007737,0,1
2025141607448,2025,141607448,2,9,0,-1,19,2,6,-1,1,1,0,0,0,0,0,1,-1,6,2,37,7,-1,-1,-1,-1,4,E01007540,0,2
2025141607448,2025,141607448,1,9,0,-1,5,7,6,-1,0,2,0,0,0,0,1,1,-1,7,1,46,8,-1,-1,-1,-1,1,E01007719,0,1
2025141607466,2025,141607466,1,9,0,-1,9,7,6,-1,0,8,0,0,0,0,1,1,-1,9,1,85,11,-1,-1,-1,-1,8,E01007664,0,1
2025141607466,2025,141607466,2,9,0,-1,19,6,2,-1,0,8,0,0,0,0,1,1,-1,9,2,49,8,-1,-1,-1,-1,8,E01007664,0,1
2025141607500,2025,141607500,2,97,0,-1,19,5,1,-1,0,8,0,0,0,0,1,1,-1,9,1,32,6,-1,-1,-1,-1,1,E01007737,0,2
2025141607500,2025,141607500,1,9,0,-1,9,7,5,-1,0,8,0,0,0,0,1,1,-1,9,2,78,11,-1,-1,-1,-1,6,E01007666,0,1
2025141607532,2025,141607532,2,98,0,-1,19,8,4,-1,0,0,0,0,0,0,1,1,-1,2,2,45,7,-1,-1,-1,-1,2,E01007391,0,3
2025141607532,2025,141607532,1,9,0,-1,19,4,8,-1,0,0,0,0,0,0,1,1,-1,9,2,40,7,-1,-1,-1,-1,1,E01008124,0,1
2025141607554,2025,141607554,5,9,0,-1,2,0,0,-1,9,0,0,0,0,0,1,1,-1,6,-1,-1,-1,-1,-1,-1,-1,-1,-1,0,-1
2025141607554,2025,141607554,3,98,0,-1,2,0,0,-1,9,0,0,0,0,0,1,1,-1,6,-1,-1,-1,-1,-1,-1,-1,-1,-1,0,-1
2025141607554,2025,141607554,1,98,0,-1,19,2,6,-1,0,0,0,0,0,0,1,1,-1,6,1,36,7,-1,-1,-1,-1,4,E01008136,0,2
2025141607554,2025,141607554,4,9,0,-1,2,0,0,-1,9,0,0,0,0,0,1,1,-1,6,-1,-1,-1,-1,-1,-1,-1,-1,-1,0,-1
2025141607554,2025,141607554,2,9,0,-1,2,0,0,-1,9,0,0,0,0,0,3,1,-1,6,-1,-1,-1,-1,-1,-1,-1,-1,-1,0,-1
2025141607714,2025,141607714,1,9,0,-1,9,1,5,-1,0,1,0,0,0,0,2,1,-1,9,2,46,8,-1,-1,-1,-1,3,E01007777,0,1
2025141607714,2025,141607714,2,97,0,-1,13,1,5,-1,0,1,0,0,0,0,1,1,-1,9,1,57,9,-1,-1,-1,-1,3,E01007679,0,2
2025141607806,2025,141607806,2,97,0,-1,12,2,8,-1,0,2,0,0,1,0,1,1,-1,1,1,43,7,-1,-1,-1,-1,4,E01007742,0,1
2025141607806,2025,141607806,1,9,0,-1,19,5,8,-1,0,1,0,0,0,0,4,1,-1,1,2,30,6,-1,-1,-1,-1,1,E01007721,0,2
2025141607813,2025,141607813,2,9,0,-1,19,5,1,-1,0,0,0,0,0,0,1,1,-1,6,3,-1,-1,-1,-1,-1,-1,-1,-1,0,-1
2025141607813,2025,141607813,1,9,0,-1,4,5,1,-1,0,0,0,0,0,0,2,1,-1,6,2,36,7,-1,-1,-1,-1,5,E01019791,0,1
2025141607869,2025,141607869,1,9,0,-1,19,3,7,-1,0,3,0,0,0,0,1,1,-1,6,1,23,5,-1,-1,-1,-1,5,E01007909,0,2
2025141607869,2025,141607869,2,9,0,-1,19,3,8,-1,0,3,0,0,0,0,1,9,-1,6,3,-1,-1,-1,-1,-1,-1,-1,-1,0,-1
2025141607879,2025,141607879,2,9,0,-1,12,5,1,-1,0,3,0,0,0,0,3,1,-1,6,1,-1,-1,-1,-1,-1,-1,9,E01007752,0,3
2025141607879,2025,141607879,1,9,0,-1,19,5,1,-1,0,3,0,0,0,0,4,2,-1,9,2,33,6,-1,-1,-1,-1,1,E01007574,0,2
2025141607942,2025,141607942,1,9,0,-1,7,1,7,-1,0,3,0,0,0,0,4,1,-1,1,1,33,6,-1,-1,-1,-1,1,E01007511,0,1
2025141607956,2025,141607956,2,9,0,-1,-1,-1,-1,-1,-1,-1,-1,-1,-1,0,-1,9,-1,6,3,-1,-1,-1,-1,-1,-1,-1,-1,0,-1
2025141607956,2025,141607956,1,1,0,-1,19,3,7,-1,0,8,5,0,0,0,3,1,-1,9,1,25,5,-1,-1,-1,-1,5,E01008155,0,1
2025141607958,2025,141607958,2,98,0,-1,11,8,4,-1,0,3,0,0,0,0,3,9,-1,6,3,-1,-1,-1,-1,-1,-1,-1,-1,0,-1
2025141607958,2025,141607958,1,1,0,-1,19,6,2,-1,0,8,5,0,0,0,3,1,-1,9,1,57,9,-1,-1,-1,-1,7,E01008135,0,3
2025141607969,2025,141607969,1,9,0,-1,19,1,5,-1,0,1,0,0,0,0,-1,9,-1,6,1,88,11,-1,-1,-1,-1,7,E01007755,0,2
2025141608036,2025,141608036,1,1,0,-1,19,5,1,-1,0,1,0,0,0,0,1,1,-1,6,1,16,4,-1,-1,-1,-1,9,E01007951,0,1
2025141608036,2025,141608036,2,98,0,-1,19,1,5,-1,0,1,0,0,0,0,1,1,-1,9,1,52,8,-1,-1,-1,-1,8,E01006362,0,4
2025141608036,2025,141608036,3,9,0,-1,19,5,1,-1,0,1,0,0,0,0,1,1,-1,9,1,34,6,-1,-1,-1,-1,10,E01007927,0,1
2025141608066,2025,141608066,1,9,0,-1,19,2,6,-1,0,1,0,0,0,0,1,1,-1,9,1,24,5,-1,-1,-1,-1,3,E01013455,0,4