collision_index,collision_year,collision_ref_no,vehicle_reference,vehicle_type,towing_and_articulation,vehicle_manoeuvre_historic,vehicle_manoeuvre,vehicle_direction_from,vehicle_direction_to,vehicle_location_restricted_lane_historic,vehicle_location_restricted_lane,junction_location,skidding_and_overturning,hit_object_in_carriageway,vehicle_leaving_carriageway,hit_object_off_carriageway,first_point_of_impact,vehicle_left_hand_drive,journey_purpose_of_driver_historic,journey_purpose_of_driver,sex_of_driver,age_of_driver,age_band_of_driver,engine_capacity_cc,propulsion_code,age_of_vehicle,generic_make_model,driver_imd_decile,lsoa_of_driver,escooter_flag,driver_distance_banding
2025161537341,2025,161537341,1,9,0,-1,19,3,7,-1,0,1,0,0,0,0,1,1,-1,6,1,-1,-1,-1,-1,-1,-1,7,E01012818,0,1
2025161537379,2025,161537379,2,9,0,-1,2,0,0,-1,0,0,0,0,0,0,4,1,-1,6,-1,-1,-1,-1,-1,-1,-1,-1,-1,0,-1
2025161537379,2025,161537379,1,19,0,-1,15,7,3,-1,0,0,5,4,0,0,4,1,-1,2,1,39,7,-1,-1,-1,-1,8,E01013242,0,1
2025161537737,2025,161537737,2,9,0,-1,19,1,6,-1,0,8,0,0,0,0,1,1,-1,6,1,33,6,-1,-1,-1,-1,1,E01012805,0,1
2025161537737,2025,161537737,3,9,0,-1,4,1,6,-1,0,8,0,0,0,0,2,1,-1,1,2,38,7,-1,-1,-1,-1,10,E01013092,0,3
2025161537737,2025,161537737,1,90,0,-1,19,6,1,-1,0,8,0,0,0,0,0,1,-1,6,3,-1,-1,-1,-1,-1,-1,-1,-1,0,-1
2025161537753,2025,161537753,2,9,0,-1,11,3,7,-1,0,0,0,0,0,0,1,1,-1,6,1,30,6,-1,-1,-1,-1,1,E01012844,0,1
2025161537753,2025,161537753,1,9,0,-1,12,7,3,-1,0,0,0,0,0,0,1,1,-1,2,2,26,6,-1,-1,-1,-1,1,E01012891,0,2
2025161537804,2025,161537804,1,1,0,-1,9,7,5,-1,0,3,2,0,0,0,1,1,-1,6,1,14,3,-1,-1,-1,-1,9,E01013110,0,1
2025161537804,2025,161537804,2,9,0,-1,5,3,7,-1,0,4,0,0,0,0,1,1,-1,6,2,29,6,-1,-1,-1,-1,9,E01012954,0,1
2025161537849,2025,161537849,1,9,0,-1,19,3,7,-1,0,0,5,0,1,4,1,1,-1,6,1,34,6,-1,-1,-1,-1,2,E01013330,0,3
2025161538032,2025,161538032,1,19,0,-1,19,7,5,-1,0,6,0,0,7,0,1,1,-1,2,1,31,6,-1,-1,-1,-1,1,E01012949,0,1
2025161538045,2025,161538045,2,8,0,-1,5,3,7,-1,99,0,0,0,0,0,3,1,-1,6,1,-1,-1,-1,-1,-1,-1,-1,-1,0,-1
2025161538045,2025,161538045,1,1,0,-1,19,3,7,-1,99,0,2,0,0,0,4,1,-1,2,2,27,6,-1,-1,-1,-1,10,E01012927,0,3
2025161538085,2025,161538085,1,9,0,-1,19,4,8,-1,0,0,2,11,1,10,4,1,-1,6,1,30,6,-1,-1,-1,-1,5,E01013313,0,1
2025161538291,2025,161538291,1,9,0,-1,9,6,4,-1,0,8,0,0,0,0,1,1,-1,9,1,51,8,-1,-1,-1,-1,7,E01013096,0,1
2025161538291,2025,161538291,2,19,0,-1,19,4,8,-1,0,1,0,0,0,0,4,1,-1,9,2,53,8,-1,-1,-1,-1,1,E01035464,0,1
2025161538300,2025,161538300,2,1,0,-1,19,1,3,-1,0,8,0,0,0,0,1,1,-1,6,1,14,3,-1,-1,-1,-1,4,E01013320,0,1
2025161538300,2025,161538300,1,11,0,-1,4,1,5,-1,0,1,0,0,0,0,1,1,-1,1,1,48,8,-1,-1,-1,-1,4,E01013320,0,1
2025161538304,2025,161538304,1,9,0,-1,4,3,7,-1,0,0,0,0,0,0,2,1,-1,2,2,33,6,-1,-1,-1,-1,10,E01012972,0,2
2025161538304,2025,161538304,2,9,0,-1,4,3,7,-1,0,0,0,0,0,0,1,1,-1,6,1,-1,-1,-1,-1,-1,-1,-1,-1,0,-1
2025161538349,2025,161538349,2,9,0,-1,19,3,7,-1,0,0,0,0,1,0,1,1,-1,9,1,20,4,-1,-1,-1,-1,8,E01028032,0,3
2025161538349,2025,161538349,1,9,0,-1,19,7,3,-1,0,0,0,0,0,0,1,1,-1,9,1,28,6,-1,-1,-1,-1,9,E01013241,0,1
2025161538472,2025,161538472,1,1,0,-1,19,7,3,-1,0,0,0,0,0,0,2,1,-1,6,1,24,5,-1,-1,-1,-1,2,E01013330,0,1
2025161538472,2025,161538472,2,99,0,-1,19,7,3,-1,0,0,0,0,0,0,1,9,-1,6,3,-1,-1,-1,-1,-1,-1,-1,-1,0,-1
2025161538483,2025,161538483,4,21,0,-1,19,7,3,-1,0,0,0,0,1,7,1,1,-1,1,1,46,8,-1,-1,-1,-1,2,E01008481,0,5
2025161538483,2025,161538483,3,21,0,-1,19,7,3,-1,0,0,0,0,1,0,2,1,-1,1,1,62,9,-1,-1,-1,-1,8,E01026155,0,4
2025161538483,2025,161538483,1,9,0,-1,19,7,3,-1,0,0,1,0,2,7,1,1,-1,9,1,29,6,-1,-1,-1,-1,2,E01012350,0,5
2025161538483,2025,161538483,2,21,0,-1,19,7,3,-1,0,0,1,0,0,0,0,1,-1,1,1,59,9,-1,-1,-1,-1,7,E01011243,0,4
2025161538499,2025,161538499,1,9,0,-1,19,5,1,-1,0,0,0,0,0,0,4,9,-1,6,1,34,6,-1,-1,-1,-1,8,E01035469,0,1
2025161538528,2025,161538528,1,9,0,-1,19,2,6,-1,0,0,0,0,0,0,4,1,-1,9,2,63,9,-1,-1,-1,-1,10,E01033496,0,3
2025161538680,2025,161538680,1,9,0,-1,19,5,1,-1,0,0,0,0,0,0,1,1,-1,9,2,83,11,-1,-1,-1,-1,8,E01013263,0,1
2025161538854,2025,161538854,1,9,0,-1,14,4,8,-1,0,0,0,11,0,0,1,1,-1,6,1,35,6,-1,-1,-1,-1,1,E01012915,0,1
2025161538854,2025,161538854,2,22,0,-1,19,7,1,-1,0,0,0,0,0,0,3,1,-1,9,1,78,11,-1,-1,-1,-1,8,E01012911,0,1
2025161538908,2025,161538908,1,9,0,-1,19,6,2,-1,0,0,0,0,0,0,2,9,-1,6,1,42,7,-1,-1,-1,-1,1,E01012849,0,1
2025161538908,2025,161538908,2,9,0,-1,19,6,2,-1,0,0,0,0,0,0,1,9,-1,6,1,-1,-1,-1,-1,-1,-1,-1,-1,0,-1
2025161539413,2025,161539413,2,1,0,-1,19,1,5,-1,0,2,0,0,0,0,2,1,-1,1,1,42,7,-1,-1,-1,-1,2,E01012763,0,1
2025161539413,2025,161539413,1,9,0,-1,19,1,5,-1,0,2,0,0,0,0,1,9,-1,6,1,51,8,-1,-1,-1,-1,2,E01013038,0,3
2025161539462,2025,161539462,1,9,0,-1,7,5,2,-1,0,3,0,0,0,0,4,9,-1,2,1,38,7,-1,-1,-1,-1,3,E01012866,0,1
2025161539462,2025,161539462,2,9,0,-1,19,6,1,-1,0,4,0,0,0,0,1,9,-1,2,1,23,5,-1,-1,-1,-1,4,E01012964,0,1
2025161539492,2025,161539492,1,9,0,-1,19,7,1,-1,0,0,0,11,0,0,1,9,-1,1,2,38,7,-1,-1,-1,-1,3,E01013231,0,3
2025161539629,2025,161539629,1,19,0,-1,5,3,7,-1,0,1,0,0,0,0,1,1,-1,1,1,27,6,-1,-1,-1,-1,3,E01013071,0,3
2025161539629,2025,161539629,2,1,0,-1,19,5,1,-1,4,1,0,0,0,0,3,1,-1,9,1,22,5,-1,-1,-1,-1,4,E01012762,0,1
2025161539787,2025,161539787,1,9,0,-1,19,1,5,-1,0,1,0,0,0,0,0,9,-1,6,3,-1,-1,-1,-1,-1,-1,-1,-1,0,-1
2025161539791,2025,161539791,2,9,0,-1,19,1,5,-1,0,8,0,0,0,0,4,9,-1,6,1,68,10,-1,-1,-1,-1,8,E01013040,0,3
2025161539791,2025,161539791,1,9,0,-1,9,5,3,-1,0,8,0,0,0,0,1,9,-1,6,1,20,4,-1,-1,-1,-1,1,E01012838,0,2
2025161539841,2025,161539841,1,1,0,-1,7,4,1,-1,4,8,0,0,0,0,4,1,-1,6,1,17,4,-1,-1,-1,-1,1,E01012877,0,2
2025161539841,2025,161539841,2,9,0,-1,19,8,2,-1,0,4,0,0,0,0,1,9,-1,6,3,-1,-1,-1,-1,-1,-1,-1,-1,0,-1
2025161539889,2025,161539889,2,19,0,-1,2,0,0,-1,0,0,0,0,0,0,2,9,-1,6,3,-1,-1,-1,-1,-1,-1,-1,-1,0,-1
2025161539889,2025,161539889,1,9,0,-1,19,7,4,-1,0,0,1,0,0,0,1,9,-1,6,2,59,9,-1,-1,-1,-1,3,E01013192,0,1
2025161539946,2025,161539946,1,9,0,-1,2,0,0,-1,0,0,0,0,0,0,1,1,-1,6,1,26,6,-1,-1,-1,-1,6,E01012961,0,2
2025161539946,2025,161539946,2,9,0,-1,19,3,7,-1,0,0,0,0,0,0,4,1,-1,6,1,49,8,-1,-1,-1,-1,1,E01012761,0,1
2025161539959,2025,161539959,2,90,0,-1,19,1,3,-1,0,0,0,0,0,0,1,1,-1,1,1,32,6,-1,-1,-1,-1,1,E01012864,0,4
2025161539959,2025,161539959,1,9,0,-1,19,3,1,-1,0,0,0,0,1,0,1,1,-1,9,1,20,4,-1,-1,-1,-1,1,E01013331,0,2
2025161539967,2025,161539967,2,9,0,-1,99,1,5,-1,0,0,1,99,0,0,3,1,-1,6,1,-1,-1,-1,-1,-1,-1,-1,-1,0,-1
2025161539967,2025,161539967,1,90,0,-1,3,1,5,-1,0,0,0,0,0,0,2,1,-1,2,1,51,8,-1,-1,-1,-1,8,E01013011,0,3
2025161540255,2025,161540255,2,9,0,-1,19,8,4,-1,0,1,0,0,0,0,0,1,-1,6,3,-1,-1,-1,-1,-1,-1,-1,-1,0,-1
2025161540255,2025,161540255,3,19,0,-1,2,0,0,-1,0,1,0,0,0,0,3,1,-1,6,3,-1,-1,-1,-1,-1,-1,-1,-1,0,-1
2025161540255,2025,161540255,1,9,0,-1,14,2,6,-1,0,1,1,4,0,0,4,1,-1,6,2,18,4,-1,-1,-1,-1,5,E01013236,0,1
2025161540408,2025,161540408,1,9,0,-1,19,6,2,-1,0,1,0,0,0,0,1,1,-1,9,1,31,6,-1,-1,-1,-1,1,E01012900,0,1
2025161540408,2025,161540408,2,9,0,-1,9,2,8,-1,0,8,0,0,0,0,4,1,-1,9,1,48,8,-1,-1,-1,-1,1,E01012808,0,1
2025161540545,2025,161540545,1,9,0,-1,5,5,1,-1,0,4,0,9,2,0,4,1,-1,6,2,39,7,-1,-1,-1,-1,2,E01013131,0,1
2025161540545,2025,161540545,2,21,4,-1,5,5,1,-1,0,4,0,0,0,0,3,2,-1,6,1,46,8,-1,-1,-1,-1,-1,-1,0,-1
2025161540643,2025,161540643,2,9,0,-1,9,8,6,-1,0,1,0,0,0,0,1,1,-1,9,1,42,7,-1,-1,-1,-1,5,E01012819,0,1
2025161540643,2025,161540643,1,9,0,-1,19,4,8,-1,0,1,0,0,0,0,1,1,-1,6,1,70,10,-1,-1,-1,-1,1,E01012900,0,1
2025161540690,2025,161540690,1,9,0,-1,19,7,3,-1,0,8,0,0,0,0,1,1,-1,9,2,37,7,-1,-1,-1,-1,7,E01013301,0,1
2025161540690,2025,161540690,2,9,0,-1,9,3,1,-1,0,8,0,0,0,0,4,1,-1,1,1,45,7,-1,-1,-1,-1,7,E01013301,0,1
2025161540738,2025,161540738,1,9,0,-1,19,4,8,-1,0,0,0,0,0,0,3,9,-1,6,1,61,9,-1,-1,-1,-1,1,E01013220,0,1
2025161540738,2025,161540738,2,9,0,-1,19,8,4,-1,0,0,0,0,0,0,1,9,-1,6,3,-1,-1,-1,-1,-1,-1,-1,-1,0,-1
2025161540832,2025,161540832,2,9,0,-1,19,5,1,-1,0,1,0,0,0,0,1,9,-1,6,1,-1,-1,-1,-1,-1,-1,-1,-1,0,-1
2025161540832,2025,161540832,1,1,0,-1,9,5,3,-1,0,1,0,0,0,0,3,1,-1,6,1,36,7,-1,-1,-1,-1,1,E01013199,0,1
2025161540865,2025,161540865,1,9,0,-1,19,8,4,-1,0,1,0,0,0,0,1,1,-1,9,2,45,7,-1,-1,-1,-1,4,E01012800,0,1
2025161540865,2025,161540865,2,9,0,-1,5,6,2,-1,0,6,0,0,0,0,4,1,-1,6,2,48,8,-1,-1,-1,-1,8,E01013011,0,1
2025161540981,2025,161540981,1,9,0,-1,9,5,3,-1,0,8,0,0,0,0,4,1,-1,6,2,33,6,-1,-1,-1,-1,10,E01013088,0,1
2025161540981,2025,161540981,2,9,0,-1,19,3,7,-1,0,1,0,0,0,0,1,1,-1,1,2,56,9,-1,-1,-1,-1,9,E01012957,0,2
2025161540998,2025,161540998,1,19,0,-1,4,7,3,-1,0,2,0,0,0,0,1,1,-1,2,1,28,6,-1,-1,-1,-1,1,E01012873,0,2
2025161540998,2025,161540998,2,9,0,-1,4,3,7,-1,0,2,9,4,0,0,9,1,-1,6,3,-1,-1,-1,-1,-1,-1,-1,-1,0,-1
2025161541019,2025,161541019,2,9,0,-1,9,6,2,-1,0,6,0,0,0,0,3,1,-1,6,1,62,9,-1,-1,-1,-1,-1,-1,0,-1
2025161541019,2025,161541019,1,9,0,-1,19,4,8,-1,0,1,0,0,0,0,3,1,-1,6,2,41,7,-1,-1,-1,-1,3,E01012901,0,1
2025161541096,2025,161541096,3,9,0,-1,2,0,0,-1,0,0,0,4,0,0,2,1,-1,6,-1,-1,-1,-1,-1,-1,-1,-1,-1,0,-1
2025161541096,2025,161541096,5,9,0,-1,2,0,0,-1,0,0,0,0,0,0,2,9,-1,6,2,-1,-1,-1,-1,-1,-1,-1,-1,0,-1
2025161541096,2025,161541096,1,9,0,-1,19,1,5,-1,0,0,0,0,0,0,4,1,-1,9,1,32,6,-1,-1,-1,-1,1,E01033021,0,4
2025161541096,2025,161541096,4,19,0,-1,2,0,0,-1,0,0,0,0,0,0,2,1,-1,6,-1,-1,-1,-1,-1,-1,-1,-1,-1,0,-1
2025161541096,2025,161541096,2,9,0,-1,2,0,0,-1,0,0,0,4,0,0,2,1,-1,6,-1,-1,-1,-1,-1,-1,-1,-1,-1,0,-1
2025161541106,2025,161541106,1,9,0,-1,19,1,5,-1,0,0,0,11,0,0,1,1,-1,6,1,88,11,-1,-1,-1,-1,1,E01012798,0,2
2025161541141,2025,161541141,2,9,0,-1,2,0,0,-1,0,2,0,0,0,0,2,9,-1,6,2,72,10,-1,-1,-1,-1,-1,-1,0,-1
2025161541141,2025,161541141,1,9,0,-1,19,1,5,-1,0,2,0,0,0,0,1,9,-1,6,2,32,6,-1,-1,-1,-1,1,E01012849,0,1
2025161541163,2025,161541163,1,9,0,-1,7,7,1,-1,0,1,0,0,0,0,2,9,-1,6,1,19,4,-1,-1,-1,-1,7,E01035476,0,1
2025161541163,2025,161541163,2,9,0,-1,19,7,3,-1,0,1,0,0,0,0,1,9,-1,6,3,-1,-1,-1,-1,-1,-1,-1,-1,0,-1
2025161541246,2025,161541246,1,9,0,-1,19,5,1,-1,0,0,2,0,7,0,1,9,-1,1,1,59,9,-1,-1,-1,-1,4,E01012976,0,3
2025161541283,2025,161541283,2,9,0,-1,19,5,1,-1,0,0,0,0,0,0,1,9,-1,6,1,24,5,-1,-1,-1,-1,6,E01012882,0,1
2025161541283,2025,161541283,1,98,0,-1,9,1,5,-1,0,0,0,0,0,0,1,9,-1,2,1,48,8,-1,-1,-1,-1,9,E01034756,0,2
2025161541473,2025,161541473,2,9,0,-1,5,7,3,-1,0,1,0,0,0,0,4,1,-1,9,1,62,9,-1,-1,-1,-1,4,E01012990,0,1
2025161541473,2025,161541473,1,9,0,-1,5,1,5,-1,0,6,0,0,0,0,1,1,-1,2,1,58,9,-1,-1,-1,-1,7,E01027867,0,3
2025161541495,2025,161541495,1,9,0,-1,9,7,5,-1,0,8,0,0,0,0,4,1,-1,2,1,45,7,-1,-1,-1,-1,2,E01013195,0,1
2025161541495,2025,161541495,2,1,0,-1,19,3,7,-1,0,8,0,0,0,0,1,1,-1,9,1,51,8,-1,-1,-1,-1,2,E01013202,0,1
2025161541697,2025,161541697,1,9,0,-1,3,8,3,-1,0,4,0,0,0,0,1,1,-1,2,1,50,8,-1,-1,-1,-1,4,E01013050,0,3
2025161541697,2025,161541697,2,9,0,-1,1,3,7,-1,0,4,0,0,0,0,2,1,-1,6,3,-1,-1,-1,-1,-1,-1,-1,-1,0,-1
2025161541970,2025,161541970,1,9,0,-1,19,3,6,-1,0,0,0,0,0,0,1,9,-1,6,2,31,6,-1,-1,-1,-1,1,E01013174,0,2
2025161541970,2025,161541970,2,9,0,-1,19,3,7,-1,0,0,0,0,0,0,2,9,-1,6,2,33,6,-1,-1,-1,-1,7,E01013175,0,2
2025161541981,2025,161541981,1,98,0,-1,11,1,5,-1,0,0,0,0,0,0,4,1,-1,1,1,54,8,-1,-1,-1,-1,2,E01011615,0,4
2025161541981,2025,161541981,2,9,0,-1,19,1,5,-1,0,0,0,0,1,11,3,1,-1,6,2,33,6,-1,-1,-1,-1,8,E01012814,0,1
2025161542008,2025,161542008,2,9,0,-1,9,5,2,-1,0,8,0,0,0,0,3,9,-1,6,2,65,9,-1,-1,-1,-1,8,E01013028,0,2
2025161542008,2025,161542008,1,9,0,-1,9,3,1,-1,0,8,0,0,0,0,1,9,-1,6,1,48,8,-1,-1,-1,-1,4,E01016163,0,5
2025161542185,2025,161542185,2,1,0,-1,19,3,7,-1,0,8,5,0,0,0,4,1,-1,6,1,28,6,-1,-1,-1,-1,1,E01012833,0,1
2025161542185,2025,161542185,1,9,0,-1,7,5,7,-1,0,8,0,0,0,0,1,1,-1,6,1,-1,-1,-1,-1,-1,-1,-1,-1,0,-1
2025161542216,2025,161542216,3,1,0,-1,19,1,5,-1,0,0,0,0,1,9,1,1,-1,6,1,59,9,-1,-1,-1,-1,2,E01013291,0,1
2025161542216,2025,161542216,2,9,0,-1,19,5,1,-1,0,0,0,0,0,0,0,1,-1,9,2,17,4,-1,-1,-1,-1,7,E01013292,0,1
2025161542216,2025,161542216,1,9,0,-1,13,5,1,-1,0,0,0,0,0,0,1,1,-1,9,1,17,4,-1,-1,-1,-1,7,E01013288,0,1
2025161542630,2025,161542630,3,9,0,-1,2,0,0,-1,0,1,0,0,0,0,2,9,-1,6,-1,-1,-1,-1,-1,-1,-1,-1,-1,0,-1
2025161542630,2025,161542630,1,9,0,-1,2,0,0,-1,0,2,0,0,0,0,2,2,-1,6,-1,-1,-1,-1,-1,-1,-1,-1,-1,0,-1
2025161542630,2025,161542630,2,9,0,-1,19,3,7,-1,0,2,0,0,0,0,1,2,-1,7,2,59,9,-1,-1,-1,-1,6,E01012953,0,1
2025161542727,2025,161542727,1,9,0,-1,19,2,6,-1,0,0,1,0,7,0,3,1,-1,2,1,40,7,-1,-1,-1,-1,6,E01013122,0,2
2025161542929,2025,161542929,2,9,0,-1,19,2,6,-1,0,1,0,0,0,0,1,9,-1,6,1,-1,-1,-1,-1,-1,-1,6,E01013173,0,2
2025161542929,2025,161542929,1,9,0,-1,10,2,6,-1,0,1,0,0,0,0,3,9,-1,6,1,39,7,-1,-1,-1,-1,9,E01035474,0,2
2025161542976,2025,161542976,2,9,0,-1,5,2,6,-1,0,6,0,0,0,0,3,1,-1,6,3,-1,-1,-1,-1,-1,-1,-1,-1,0,-1
2025161542976,2025,161542976,1,98,0,-1,4,8,3,-1,0,1,0,0,0,0,1,1,-1,2,1,39,7,-1,-1,-1,-1,9,E01012996,0,1
2025161543072,2025,161543072,1,9,-1,-1,-1,5,1,-1,0,8,9,99,9,0,1,9,-1,6,2,-1,-1,-1,-1,-1,-1,-1,-1,0,-1
2025161543104,2025,161543104,2,9,0,-1,3,1,5,-1,0,1,0,0,0,0,2,9,-1,2,1,63,9,-1,-1,-1,-1,2,E01012821,0,1
2025161543104,2025,161543104,3,9,0,-1,19,1,5,-1,0,1,0,0,0,0,1,9,-1,6,2,59,9,-1,-1,-1,-1,4,E01012816,0,1
2025161543104,2025,161543104,1,9,0,-1,10,1,5,-1,0,8,0,0,0,0,2,9,-1,6,2,42,7,-1,-1,-1,-1,7,E01013032,0,2
2025161543144,2025,161543144,3,1,0,-1,19,5,1,-1,0,0,0,0,0,0,1,1,-1,6,1,71,10,-1,-1,-1,-1,5,E01013268,0,3
2025161543144,2025,161543144,1,3,0,-1,19,1,5,-1,0,0,0,0,7,9,1,1,-1,6,1,21,5,-1,-1,-1,-1,3,E01013272,0,1
2025161543144,2025,161543144,2,3,0,-1,19,1,5,-1,0,0,0,0,0,0,0,1,-1,6,1,28,6,-1,-1,-1,-1,3,E01013272,0,1
2025161543144,2025,161543144,4,1,0,-1,19,5,1,-1,0,0,0,0,0,0,1,1,-1,6,2,69,10,-1,-1,-1,-1,5,E01013268,0,3
2025161543161,2025,161543161,1,19,0,-1,4,5,7,-1,0,8,0,0,0,0,1,1,-1,1,2,25,5,-1,-1,-1,-1,3,E01027908,0,4
2025161543161,2025,161543161,2,9,0,-1,19,3,7,-1,0,8,0,0,1,2,4,1,-1,9,2,76,11,-1,-1,-1,-1,8,E01013024,0,1
2025161543181,2025,161543181,1,9,0,-1,19,7,3,-1,0,3,0,0,0,0,1,2,-1,6,2,40,7,-1,-1,-1,-1,3,E01013198,0,1
2025161543181,2025,161543181,2,1,0,-1,19,5,1,-1,0,3,0,0,0,0,2,1,-1,6,2,60,9,-1,-1,-1,-1,7,E01013185,0,1
2025161543182,2025,161543182,1,9,0,-1,19,5,1,-1,0,1,0,0,0,0,4,2,-1,6,1,51,8,-1,-1,-1,-1,4,E01013213,0,1
2025161543264,2025,161543264,1,9,0,-1,19,1,5,-1,0,0,0,0,7,4,1,1,-1,9,2,47,8,-1,-1,-1,-1,7,E01012815,0,1
2025161543264,2025,161543264,2,1,0,-1,7,3,7,-1,0,0,0,0,0,0,3,1,-1,9,1,31,6,-1,-1,-1,-1,2,E01012869,0,1
2025161543328,2025,161543328,1,19,0,-1,19,3,7,-1,0,2,0,0,0,0,1,1,-1,6,1,59,9,-1,-1,-1,-1,7,E01013289,0,4
2025161543461,2025,161543461,2,9,0,-1,19,1,5,-1,0,8,0,0,0,0,1,1,-1,6,2,57,9,-1,-1,-1,-1,5,E01013244,0,3
2025161543461,2025,161543461,1,9,0,-1,9,3,1,-1,0,8,0,0,0,0,3,1,-1,9,1,63,9,-1,-1,-1,-1,2,E01035481,0,1
2025161543585,2025,161543585,1,9,0,-1,11,1,5,-1,0,0,1,0,1,4,4,1,-1,9,2,51,8,-1,-1,-1,-1,3,E01035661,0,5
2025161543585,2025,161543585,2,9,0,-1,19,1,5,-1,0,0,2,0,1,4,3,1,-1,1,1,57,9,-1,-1,-1,-1,3,E01013303,0,2
2025161543607,2025,161543607,2,9,0,-1,19,3,7,-1,0,1,0,0,1,0,1,1,-1,9,2,55,8,-1,-1,-1,-1,10,E01012968,0,1
2025161543607,2025,161543607,1,9,0,-1,19,1,5,-1,0,8,0,0,1,0,4,1,-1,9,1,43,7,-1,-1,-1,-1,1,E01026083,0,4
2025161543699,2025,161543699,2,9,0,-1,19,3,7,-1,0,0,0,0,0,0,1,1,-1,9,1,36,7,-1,-1,-1,-1,9,E01013157,0,1
2025161543699,2025,161543699,1,9,0,-1,12,3,7,-1,0,0,0,0,0,0,2,1,-1,9,1,45,7,-1,-1,-1,-1,7,E01029856,0,5
2025161543819,2025,161543819,1,3,0,-1,19,4,8,-1,0,0,1,0,1,0,9,1,-1,6,1,28,6,-1,-1,-1,-1,6,E01012940,0,1
2025161543827,2025,161543827,1,9,0,-1,4,3,1,-1,0,1,0,0,0,0,2,1,-1,6,2,39,7,-1,-1,-1,-1,1,E01012946,0,3
2025161543827,2025,161543827,2,9,0,-1,19,3,7,-1,0,1,0,0,0,0,1,1,-1,1,1,63,9,-1,-1,-1,-1,4,E01012981,0,2
2025161543842,2025,161543842,1,9,0,-1,19,8,4,-1,0,2,0,0,0,0,1,9,-1,6,2,22,5,-1,-1,-1,-1,7,E01013124,0,1
2025161543902,2025,161543902,2,9,0,-1,19,2,6,-1,0,0,0,0,0,0,1,1,-1,6,1,35,6,-1,-1,-1,-1,10,E01013057,0,1
2025161543902,2025,161543902,1,11,0,-1,19,6,2,-1,0,0,0,0,0,0,1,1,-1,6,1,70,10,-1,-1,-1,-1,10,E01013355,0,3
2025161543927,2025,161543927,1,1,-1,-1,19,5,1,-1,0,3,0,0,0,0,3,1,-1,6,2,28,6,-1,-1,-1,-1,6,E01012953,0,1
2025161543927,2025,161543927,2,9,0,-1,19,7,3,-1,0,1,0,0,0,0,1,9,-1,6,3,-1,-1,-1,-1,-1,-1,9,E01012960,0,1
2025161544159,2025,161544159,1,9,0,-1,19,1,7,-1,0,3,0,0,0,0,1,1,-1,2,1,46,8,-1,-1,-1,-1,10,E01013116,0,1
2025161544215,2025,161544215,2,9,0,-1,19,5,1,-1,0,0,0,0,0,0,4,1,-1,9,1,36,7,-1,-1,-1,-1,1,E01012852,0,2
2025161544215,2025,161544215,1,9,0,-1,19,5,1,-1,0,0,0,0,0,0,2,1,-1,1,1,49,8,-1,-1,-1,-1,1,E01012903,0,1
2025161544224,2025,161544224,1,9,0,-1,19,3,1,-1,0,2,0,0,0,0,1,1,-1,9,1,36,7,-1,-1,-1,-1,3,E01013135,0,2
2025161544224,2025,161544224,2,9,0,-1,19,1,5,-1,0,3,0,0,0,0,1,1,-1,9,2,53,8,-1,-1,-1,-1,4,E01013179,0,2
2025161544282,2025,161544282,1,10,0,-1,19,7,3,-1,0,1,0,0,0,0,3,1,-1,1,1,69,10,-1,-1,-1,-1,4,E01012797,0,1
2025161544435,2025,161544435,1,1,0,-1,19,1,5,-1,0,0,0,0,9,0,9,1,-1,6,1,31,6,-1,-1,-1,-1,1,E01012893,0,1
2025161544435,2025,161544435,2,9,0,-1,19,5,1,-1,0,0,0,0,9,0,9,9,-1,6,1,-1,-1,-1,-1,-1,-1,-1,-1,0,-1
2025161544489,2025,161544489,1,9,0,-1,19,8,4,-1,0,0,0,0,0,0,1,1,-1,6,3,-1,-1,-1,-1,-1,-1,-1,-1,0,-1
2025161544521,2025,161544521,2,8,0,-1,9,7,3,-1,0,1,0,0,0,0,1,1,-1,6,1,-1,-1,-1,-1,-1,-1,-1,-1,0,-1
2025161544521,2025,161544521,1,9,0,-1,9,1,7,-1,0,5,1,11,7,1,3,1,-1,2,2,30,6,-1,-1,-1,-1,2,E01012871,0,1
2025161544538,2025,161544538,1,3,0,-1,19,1,3,-1,0,0,1,0,0,0,2,1,-1,2,1,36,7,-1,-1,-1,-1,1,E01013083,0,1
2025161544538,2025,161544538,2,9,0,-1,3,3,1,-1,0,0,0,0,0,0,4,1,-1,9,1,46,8,-1,-1,-1,-1,4,E01013082,0,1
2025161544581,2025,161544581,2,9,0,-1,19,6,2,-1,0,8,0,0,0,0,4,1,-1,9,1,51,8,-1,-1,-1,-1,10,E01012927,0,1
2025161544581,2025,161544581,1,9,0,-1,19,8,2,-1,0,4,0,0,0,0,1,1,-1,6,1,65,9,-1,-1,-1,-1,10,E01013068,0,1
2025161544594,2025,161544594,1,9,0,-1,19,5,1,-1,0,8,0,0,0,0,2,2,-1,9,2,47,8,-1,-1,-1,-1,1,E01035468,0,1
2025161544594,2025,161544594,2,9,0,-1,19,6,1,-1,0,8,0,0,0,0,4,2,-1,6,1,26,6,-1,-1,-1,-1,5,E01012824,0,2
2025161544668,2025,161544668,2,19,4,-1,19,5,1,-1,0,0,0,0,0,0,4,1,-1,1,1,44,7,-1,-1,-1,-1,4,E01013050,0,3
2025161544668,2025,161544668,1,1,0,-1,19,5,1,-1,0,0,0,0,0,0,3,1,-1,6,1,21,5,-1,-1,-1,-1,3,E01012860,0,2
2025161544745,2025,161544745,2,9,0,-1,8,8,2,-1,0,3,0,0,0,0,2,9,-1,2,2,27,6,-1,-1,-1,-1,2,E01013195,0,1