collision_index,collision_year,collision_ref_no,vehicle_reference,vehicle_type,towing_and_articulation,vehicle_manoeuvre_historic,vehicle_manoeuvre,vehicle_direction_from,vehicle_direction_to,vehicle_location_restricted_lane_historic,vehicle_location_restricted_lane,junction_location,skidding_and_overturning,hit_object_in_carriageway,vehicle_leaving_carriageway,hit_object_off_carriageway,first_point_of_impact,vehicle_left_hand_drive,journey_purpose_of_driver_historic,journey_purpose_of_driver,sex_of_driver,age_of_driver,age_band_of_driver,engine_capacity_cc,propulsion_code,age_of_vehicle,generic_make_model,driver_imd_decile,lsoa_of_driver,escooter_flag,driver_distance_banding
2025161544745,2025,161544745,1,9,0,-1,8,8,2,-1,0,3,0,0,0,0,1,9,-1,1,1,39,7,-1,-1,-1,-1,2,E01013147,0,1
2025161544771,2025,161544771,1,9,0,-1,19,6,2,-1,0,0,1,0,1,0,4,1,-1,2,2,25,5,-1,-1,-1,-1,2,E01013332,0,3
2025161544771,2025,161544771,2,9,0,-1,19,7,3,-1,0,0,0,0,0,0,1,1,-1,2,2,56,9,-1,-1,-1,-1,8,E01013321,0,2
2025161544795,2025,161544795,1,9,0,-1,19,3,7,-1,0,0,2,0,1,0,1,9,-1,6,2,39,7,-1,-1,-1,-1,2,E01013038,0,3
2025161544849,2025,161544849,1,9,0,-1,19,3,7,-1,0,2,0,0,0,0,1,1,-1,6,2,-1,-1,-1,-1,-1,-1,-1,-1,0,-1
2025161544873,2025,161544873,2,9,0,-1,19,2,8,-1,0,0,1,0,1,7,1,1,-1,9,2,52,8,-1,-1,-1,-1,4,E01012981,0,3
2025161544873,2025,161544873,1,9,0,-1,19,8,2,-1,0,0,1,0,0,0,1,1,-1,9,1,21,5,-1,-1,-1,-1,2,E01027854,0,4
2025161544999,2025,161544999,3,90,0,-1,9,5,3,-1,0,6,0,0,0,0,0,1,-1,1,1,30,6,-1,-1,-1,-1,2,E01012886,0,1
2025161544999,2025,161544999,1,9,0,-1,19,3,7,-1,0,1,0,0,0,0,1,1,-1,2,1,33,6,-1,-1,-1,-1,1,E01012888,0,1
2025161544999,2025,161544999,2,9,0,-1,19,3,7,-1,0,1,0,0,0,0,2,1,-1,6,1,83,11,-1,-1,-1,-1,5,E01013106,0,1
2025161545000,2025,161545000,2,17,4,-1,2,0,0,-1,0,0,0,0,0,0,2,1,-1,1,1,59,9,-1,-1,-1,-1,9,E01027903,0,4
2025161545000,2025,161545000,1,11,0,-1,19,2,6,-1,0,0,0,4,0,0,1,1,-1,1,1,27,6,-1,-1,-1,-1,1,E01012847,0,3
2025161545100,2025,161545100,2,9,0,-1,5,3,7,-1,0,0,0,0,0,0,1,1,-1,6,1,32,6,-1,-1,-1,-1,2,E01012871,0,1
2025161545100,2025,161545100,1,9,0,-1,5,3,7,-1,0,0,0,0,0,0,2,1,-1,9,1,46,8,-1,-1,-1,-1,9,E01012812,0,1
2025161545100,2025,161545100,3,9,0,-1,5,7,3,-1,0,0,0,0,0,0,2,1,-1,6,2,60,9,-1,-1,-1,-1,4,E01012816,0,1
2025161545166,2025,161545166,1,9,0,-1,19,7,3,-1,0,2,0,0,0,0,1,1,-1,6,1,24,5,-1,-1,-1,-1,5,E01020389,0,5
2025161545208,2025,161545208,1,9,0,-1,19,7,3,-1,0,6,0,0,0,0,1,1,-1,2,2,26,6,-1,-1,-1,-1,1,E01013203,0,1
2025161545208,2025,161545208,2,9,0,-1,2,0,0,-1,0,6,0,0,0,0,2,1,-1,6,-1,-1,-1,-1,-1,-1,-1,-1,-1,0,-1
2025161545349,2025,161545349,2,1,0,-1,99,3,7,-1,0,0,0,0,0,0,9,1,-1,6,1,-1,-1,-1,-1,-1,-1,-1,-1,0,-1
2025161545349,2025,161545349,1,19,0,-1,99,2,6,-1,0,0,0,0,0,0,9,9,-1,6,1,37,7,-1,-1,-1,-1,1,E01012894,0,1
2025161545400,2025,161545400,1,19,0,-1,4,1,5,-1,0,0,0,0,0,0,2,1,-1,1,1,61,9,-1,-1,-1,-1,6,E01019524,0,4
2025161545400,2025,161545400,2,9,0,-1,99,-1,-1,-1,0,0,1,0,0,0,1,1,-1,6,1,-1,-1,-1,-1,-1,-1,9,E01012996,0,1
2025161545522,2025,161545522,1,98,0,-1,-1,-1,-1,-1,-1,0,-1,-1,-1,0,-1,1,-1,2,1,28,6,-1,-1,-1,-1,2,E01012932,0,1
2025161545687,2025,161545687,2,9,0,-1,19,4,8,-1,0,1,0,0,0,0,1,9,-1,2,3,-1,-1,-1,-1,-1,-1,-1,-1,0,-1
2025161545687,2025,161545687,1,1,0,-1,5,2,6,-1,0,1,0,0,0,0,4,1,-1,2,1,27,6,-1,-1,-1,-1,-1,-1,0,-1
2025161545744,2025,161545744,2,9,0,-1,19,5,1,-1,0,0,0,0,0,0,9,9,-1,6,1,-1,-1,-1,-1,-1,-1,1,E01012917,0,1
2025161545744,2025,161545744,1,2,0,-1,19,5,1,-1,0,0,0,0,0,0,9,1,-1,6,1,16,4,-1,-1,-1,-1,1,E01012875,0,1
2025161545776,2025,161545776,1,9,0,-1,19,6,2,-1,0,1,0,0,0,0,9,9,-1,6,3,-1,-1,-1,-1,-1,-1,-1,-1,0,-1
2025161545802,2025,161545802,1,9,0,-1,19,5,1,-1,0,1,0,0,0,0,1,9,-1,6,3,-1,-1,-1,-1,-1,-1,-1,-1,0,-1
2025161545830,2025,161545830,2,9,0,-1,19,1,5,-1,0,7,0,0,0,0,1,2,-1,6,3,-1,-1,-1,-1,-1,-1,-1,-1,0,-1
2025161545830,2025,161545830,1,1,0,-1,19,6,2,-1,4,8,0,0,0,0,4,1,-1,2,1,35,6,-1,-1,-1,-1,2,E01012869,0,1
2025161545935,2025,161545935,1,9,0,-1,13,7,3,-1,0,0,0,0,0,0,2,9,-1,6,3,-1,-1,-1,-1,-1,-1,-1,-1,0,-1
2025161545935,2025,161545935,2,19,0,-1,19,7,3,-1,0,0,0,0,1,9,1,1,-1,9,1,34,6,-1,-1,-1,-1,8,E01013024,0,1
2025161546138,2025,161546138,2,11,0,-1,19,5,1,-1,0,1,0,0,0,0,4,1,-1,1,1,37,7,-1,-1,-1,-1,1,E01012876,0,1
2025161546138,2025,161546138,1,9,0,-1,5,7,1,-1,0,8,0,0,0,0,1,1,-1,6,1,36,7,-1,-1,-1,-1,5,E01012768,0,1
2025161546154,2025,161546154,2,9,0,-1,11,3,7,-1,0,3,0,0,0,0,1,9,-1,6,2,34,6,-1,-1,-1,-1,-1,-1,0,-1
2025161546154,2025,161546154,1,9,0,-1,12,5,1,-1,0,3,0,0,0,0,1,1,-1,6,1,31,6,-1,-1,-1,-1,1,E01012790,0,1
2025161546201,2025,161546201,1,9,0,-1,2,5,1,-1,0,0,0,0,0,0,3,1,-1,6,-1,-1,-1,-1,-1,-1,-1,-1,-1,0,-1
2025161546215,2025,161546215,1,9,0,-1,7,1,3,-1,0,0,2,0,8,0,4,1,-1,9,1,22,5,-1,-1,-1,-1,7,E01009471,0,5
2025161546413,2025,161546413,1,8,0,-1,19,1,5,-1,0,0,0,0,0,0,4,1,-1,1,1,42,7,-1,-1,-1,-1,1,E01012856,0,1
2025161546413,2025,161546413,2,9,-1,-1,19,1,5,-1,0,0,0,0,0,0,1,9,-1,6,1,-1,-1,-1,-1,-1,-1,-1,-1,0,-1
2025161546468,2025,161546468,2,9,0,-1,19,1,3,-1,0,1,0,0,0,0,3,1,-1,9,1,22,5,-1,-1,-1,-1,7,E01013094,0,1
2025161546468,2025,161546468,1,9,0,-1,9,3,2,-1,0,2,0,0,0,0,3,1,-1,9,1,18,4,-1,-1,-1,-1,3,E01012817,0,3
2025161546536,2025,161546536,3,9,0,-1,2,3,7,-1,0,0,0,0,0,0,2,1,-1,6,-1,-1,-1,-1,-1,-1,-1,-1,-1,0,-1
2025161546536,2025,161546536,1,9,0,-1,19,2,6,-1,0,0,1,4,0,0,1,1,-1,9,1,80,11,-1,-1,-1,-1,-1,-1,0,-1
2025161546536,2025,161546536,4,9,0,-1,2,3,7,-1,0,0,0,0,1,0,1,1,-1,6,-1,-1,-1,-1,-1,-1,-1,-1,-1,0,-1
2025161546536,2025,161546536,2,9,0,-1,2,3,7,-1,0,0,0,0,0,0,2,1,-1,6,-1,-1,-1,-1,-1,-1,-1,-1,-1,0,-1
2025161546773,2025,161546773,1,1,0,-1,19,5,1,-1,9,0,0,0,0,0,1,1,-1,6,2,-1,-1,-1,-1,-1,-1,-1,-1,0,-1
2025161546988,2025,161546988,2,9,0,-1,12,5,1,-1,0,1,0,0,7,4,1,1,-1,6,1,27,6,-1,-1,-1,-1,-1,-1,0,-1
2025161546988,2025,161546988,1,9,0,-1,9,7,5,-1,0,6,0,0,7,0,3,1,-1,6,1,32,6,-1,-1,-1,-1,1,E01012891,0,1
2025161546991,2025,161546991,2,1,0,-1,19,4,8,-1,4,1,0,0,0,0,1,1,-1,6,1,21,5,-1,-1,-1,-1,2,E01012869,0,1
2025161546991,2025,161546991,1,9,0,-1,5,7,3,-1,0,1,0,0,0,0,1,1,-1,2,1,60,9,-1,-1,-1,-1,2,E01012872,0,1
2025161547033,2025,161547033,1,9,0,-1,19,5,1,-1,0,0,5,0,7,10,1,1,-1,9,1,56,9,-1,-1,-1,-1,4,E01012980,0,2
2025161547086,2025,161547086,1,9,0,-1,19,7,3,-1,0,0,1,0,0,0,1,1,-1,2,1,49,8,-1,-1,-1,-1,5,E01013297,0,2
2025161547086,2025,161547086,2,9,0,-1,19,3,7,-1,0,0,1,0,1,9,1,1,-1,2,2,18,4,-1,-1,-1,-1,4,E01013258,0,2
2025161547214,2025,161547214,2,9,0,-1,19,1,5,-1,0,1,0,0,0,0,1,1,-1,9,1,66,10,-1,-1,-1,-1,10,E01013108,0,1
2025161547214,2025,161547214,1,9,0,-1,9,7,3,-1,0,8,0,0,0,0,1,1,-1,1,1,56,9,-1,-1,-1,-1,1,E01012782,0,3
2025161547350,2025,161547350,2,9,0,-1,19,4,8,-1,0,4,0,0,0,0,1,9,-1,6,1,68,10,-1,-1,-1,-1,1,E01012836,0,1
2025161547350,2025,161547350,1,9,0,-1,19,4,8,-1,0,4,0,0,0,0,2,9,-1,6,2,31,6,-1,-1,-1,-1,1,E01012843,0,1
2025161547355,2025,161547355,2,9,0,-1,19,5,1,-1,0,0,0,0,0,0,1,9,-1,6,2,-1,-1,-1,-1,-1,-1,-1,-1,0,-1
2025161547355,2025,161547355,1,1,0,-1,19,7,3,-1,0,0,5,0,0,0,2,1,-1,6,1,11,3,-1,-1,-1,-1,7,E01035476,0,1
2025161547379,2025,161547379,2,9,0,-1,4,5,1,-1,0,1,0,0,0,0,1,1,-1,6,3,-1,-1,-1,-1,-1,-1,-1,-1,0,-1
2025161547379,2025,161547379,1,9,0,-1,4,5,1,-1,0,1,0,0,0,0,2,1,-1,2,2,49,8,-1,-1,-1,-1,6,E01012961,0,1
2025161547485,2025,161547485,2,21,0,-1,19,2,6,-1,0,0,0,0,0,0,1,1,-1,1,1,35,6,-1,-1,-1,-1,4,E01007536,0,4
2025161547485,2025,161547485,1,9,0,-1,19,6,2,-1,0,0,5,0,0,0,1,1,-1,6,1,50,8,-1,-1,-1,-1,6,E01012914,0,4
2025161547537,2025,161547537,1,9,0,-1,7,2,6,-1,0,5,0,0,0,0,1,1,-1,6,1,41,7,-1,-1,-1,-1,-1,-1,0,-1
2025161547653,2025,161547653,1,19,0,-1,9,5,2,-1,0,6,0,0,0,0,1,1,-1,6,1,60,9,-1,-1,-1,-1,7,E01032596,0,1
2025161547653,2025,161547653,2,9,0,-1,19,2,6,-1,0,8,0,0,0,0,4,1,-1,6,1,19,4,-1,-1,-1,-1,9,E01013103,0,1
2025161547702,2025,161547702,2,9,0,-1,19,5,1,-1,0,0,0,0,0,0,0,1,-1,6,1,38,7,-1,-1,-1,-1,1,E01012786,0,2
2025161547702,2025,161547702,1,9,0,-1,19,5,1,-1,0,0,1,0,2,4,1,1,-1,6,1,38,7,-1,-1,-1,-1,10,E01012926,0,2
2025161547730,2025,161547730,1,9,0,-1,19,5,1,-1,0,3,0,0,0,0,4,1,-1,2,1,39,7,-1,-1,-1,-1,3,E01013164,0,4
2025161547730,2025,161547730,2,98,0,-1,19,6,1,-1,0,4,0,0,0,0,1,1,-1,6,1,40,7,-1,-1,-1,-1,7,E01013264,0,3
2025161547877,2025,161547877,2,11,0,-1,19,2,6,-1,0,1,9,99,9,99,3,1,-1,6,2,27,6,-1,-1,-1,-1,-1,-1,0,-1
2025161547877,2025,161547877,1,9,0,-1,3,6,2,-1,0,1,0,99,0,0,3,1,-1,1,2,23,5,-1,-1,-1,-1,1,E01013206,0,1
2025161547888,2025,161547888,2,9,0,-1,9,5,1,-1,0,3,0,0,0,0,1,1,-1,2,1,83,11,-1,-1,-1,-1,6,E01033296,0,4
2025161547888,2025,161547888,1,9,0,-1,19,5,1,-1,0,4,0,0,0,0,1,1,-1,9,1,93,11,-1,-1,-1,-1,8,E01013170,0,1
2025161547914,2025,161547914,1,19,0,-1,5,3,7,-1,99,0,0,99,0,0,2,1,-1,9,1,52,8,-1,-1,-1,-1,1,E01013136,0,1
2025161547914,2025,161547914,2,9,0,-1,19,3,7,-1,0,0,0,0,0,0,1,9,-1,6,3,-1,-1,-1,-1,-1,-1,-1,-1,0,-1
2025161547922,2025,161547922,1,9,0,-1,11,1,1,-1,-1,4,0,0,1,0,3,1,-1,6,2,62,9,-1,-1,-1,-1,9,E01012770,0,1
2025161547957,2025,161547957,1,9,0,-1,3,1,5,-1,0,3,0,0,0,0,4,1,-1,2,1,20,4,-1,-1,-1,-1,9,E01012954,0,1
2025161547957,2025,161547957,3,19,-1,-1,19,1,5,-1,0,3,0,0,0,0,0,9,-1,6,3,-1,-1,-1,-1,-1,-1,-1,-1,0,-1
2025161547957,2025,161547957,2,4,0,-1,15,1,5,-1,0,4,0,0,0,0,3,1,-1,2,1,33,6,-1,-1,-1,-1,10,E01012926,0,3
2025161548070,2025,161548070,1,-1,0,-1,19,3,7,-1,0,0,0,0,0,0,3,1,-1,2,1,37,7,-1,-1,-1,-1,-1,-1,1,-1
2025161548070,2025,161548070,2,9,0,-1,9,7,5,-1,0,0,0,0,0,0,1,1,-1,1,1,54,8,-1,-1,-1,-1,7,E01013333,0,1
2025161548104,2025,161548104,1,1,0,-1,19,3,7,-1,0,0,0,0,0,0,2,1,-1,6,1,42,7,-1,-1,-1,-1,-1,-1,0,-1
2025161548104,2025,161548104,2,9,0,-1,19,3,7,-1,0,0,0,0,0,0,1,9,-1,6,3,-1,-1,-1,-1,-1,-1,-1,-1,0,-1
2025161548147,2025,161548147,2,1,0,-1,19,1,5,-1,0,0,0,0,0,0,-1,1,-1,6,1,60,9,-1,-1,-1,-1,7,E01012794,0,1
2025161548147,2025,161548147,1,9,0,-1,19,1,5,-1,0,0,0,0,0,0,-1,9,-1,6,2,57,9,-1,-1,-1,-1,1,E01012874,0,1
2025161548440,2025,161548440,1,3,0,-1,19,3,7,-1,0,2,2,0,7,0,0,1,-1,9,1,17,4,-1,-1,-1,-1,7,E01013224,0,1
2025161548496,2025,161548496,1,9,0,-1,19,7,3,-1,0,1,0,0,0,0,1,1,-1,9,1,23,5,-1,-1,-1,-1,1,E01012846,0,1
2025161548496,2025,161548496,2,9,0,-1,19,5,1,-1,0,8,0,0,0,0,4,1,-1,9,2,28,6,-1,-1,-1,-1,4,E01012896,0,1
2025161548601,2025,161548601,2,9,0,-1,19,7,3,-1,0,1,0,0,0,0,1,9,-1,1,2,49,8,-1,-1,-1,-1,-1,-1,0,-1
2025161548601,2025,161548601,1,9,0,-1,9,3,1,-1,0,1,0,0,0,0,1,9,-1,9,2,54,8,-1,-1,-1,-1,-1,-1,0,-1
2025161548617,2025,161548617,1,3,0,-1,19,5,1,-1,0,0,2,0,0,0,3,1,-1,2,2,50,8,-1,-1,-1,-1,4,E01012966,0,2
2025161548622,2025,161548622,2,19,0,-1,2,0,0,-1,0,0,0,0,0,0,2,1,-1,6,-1,-1,-1,-1,-1,-1,-1,-1,-1,0,-1
2025161548622,2025,161548622,1,9,0,-1,19,8,4,-1,0,0,0,0,0,0,1,1,-1,2,2,22,5,-1,-1,-1,-1,8,E01012984,0,1
2025161548651,2025,161548651,2,9,0,-1,5,3,7,-1,99,0,9,99,9,99,3,1,-1,7,2,43,7,-1,-1,-1,-1,6,E01012953,0,1
2025161548651,2025,161548651,1,1,0,-1,19,1,5,-1,9,0,0,0,0,0,1,1,-1,6,1,16,4,-1,-1,-1,-1,6,E01012953,0,1
2025161548741,2025,161548741,1,9,0,-1,19,1,5,-1,9,0,0,0,0,0,1,9,-1,6,1,66,10,-1,-1,-1,-1,7,E01013264,0,1
2025161548821,2025,161548821,2,9,0,-1,4,7,3,-1,0,0,0,0,0,0,4,1,-1,1,1,45,7,-1,-1,-1,-1,7,E01013096,0,2
2025161548821,2025,161548821,1,9,0,-1,19,7,3,-1,0,0,0,4,0,0,3,1,-1,6,1,46,8,-1,-1,-1,-1,1,E01011038,0,4
2025161548884,2025,161548884,2,9,0,-1,10,7,3,-1,0,1,0,0,0,0,3,1,-1,6,2,59,9,-1,-1,-1,-1,2,E01013237,0,1
2025161548884,2025,161548884,1,9,0,-1,19,8,4,-1,0,1,0,4,0,0,2,1,-1,6,3,-1,-1,-1,-1,-1,-1,-1,-1,0,-1
2025161548884,2025,161548884,3,9,0,-1,7,5,7,-1,0,1,0,0,0,0,0,1,-1,1,1,39,7,-1,-1,-1,-1,1,E01013331,0,1
2025161548903,2025,161548903,1,9,0,-1,9,3,1,-1,0,8,0,0,0,0,1,1,-1,2,1,51,8,-1,-1,-1,-1,7,E01013010,0,1
2025161548903,2025,161548903,2,1,0,-1,19,7,3,-1,0,8,0,0,0,0,3,1,-1,2,2,50,8,-1,-1,-1,-1,7,E01013010,0,1
2025161548962,2025,161548962,3,9,0,-1,2,0,0,-1,0,0,0,0,0,0,0,1,-1,6,-1,-1,-1,-1,-1,-1,-1,-1,-1,0,-1
2025161548962,2025,161548962,2,9,0,-1,2,0,0,-1,0,0,0,0,0,0,0,1,-1,6,-1,-1,-1,-1,-1,-1,-1,-1,-1,0,-1
2025161548962,2025,161548962,1,9,0,-1,19,5,1,-1,0,0,0,0,0,0,1,1,-1,6,1,21,5,-1,-1,-1,-1,1,E01013165,0,1
2025161548982,2025,161548982,1,9,0,-1,7,1,7,-1,0,1,0,0,0,0,4,1,-1,2,1,34,6,-1,-1,-1,-1,8,E01013321,0,1
2025161548995,2025,161548995,1,9,0,-1,19,5,1,-1,0,0,0,0,1,0,1,1,-1,9,1,43,7,-1,-1,-1,-1,9,E01013123,0,2
2025161548995,2025,161548995,2,90,0,-1,19,1,5,-1,0,0,0,0,1,0,1,1,-1,9,2,50,8,-1,-1,-1,-1,6,E01013383,0,4
2025161548998,2025,161548998,1,9,0,-1,9,3,7,-1,0,1,0,0,0,0,1,1,-1,1,1,64,9,-1,-1,-1,-1,3,E01012997,0,1
2025161549269,2025,161549269,1,9,0,-1,19,7,3,-1,0,0,1,0,1,4,1,1,-1,9,2,23,5,-1,-1,-1,-1,5,E01033414,0,2
2025161549294,2025,161549294,1,9,0,-1,19,3,7,-1,0,0,0,0,0,0,3,1,-1,9,1,58,9,-1,-1,-1,-1,6,E01013085,0,2
2025161549294,2025,161549294,2,9,0,-1,19,7,3,-1,0,0,0,0,0,0,3,1,-1,6,1,32,6,-1,-1,-1,-1,6,E01013078,0,2
2025161549352,2025,161549352,2,11,0,-1,19,5,1,-1,2,1,0,0,0,0,4,1,-1,1,1,60,9,-1,-1,-1,-1,5,E01013027,0,2
2025161549352,2025,161549352,1,1,0,-1,7,7,1,-1,0,6,0,0,0,0,1,1,-1,9,1,32,6,-1,-1,-1,-1,1,E01035465,0,1
2025161549486,2025,161549486,3,9,0,-1,8,3,4,-1,0,6,0,0,0,0,1,1,-1,9,2,67,10,-1,-1,-1,-1,9,E01013123,0,1
2025161549486,2025,161549486,2,9,0,-1,19,7,4,-1,0,1,0,0,0,0,1,1,-1,9,2,58,9,-1,-1,-1,-1,8,E01013011,0,4
2025161549486,2025,161549486,1,9,0,-1,9,4,3,-1,0,1,0,0,0,0,1,1,-1,9,1,31,6,-1,-1,-1,-1,7,E01013124,0,1
2025161549569,2025,161549569,2,98,0,-1,19,1,5,-1,0,1,0,0,0,0,1,1,-1,9,1,38,7,-1,-1,-1,-1,3,E01027906,0,4
2025161549569,2025,161549569,1,9,0,-1,19,3,7,-1,0,1,0,0,0,0,1,1,-1,9,1,20,4,-1,-1,-1,-1,5,E01013249,0,1
2025161549943,2025,161549943,2,9,0,-1,5,1,5,-1,0,4,0,0,0,0,1,1,-1,9,2,57,9,-1,-1,-1,-1,7,E01013326,0,2
2025161549943,2025,161549943,1,9,0,-1,5,1,5,-1,0,4,0,0,0,0,2,1,-1,9,-1,49,8,-1,-1,-1,-1,7,E01027999,0,4
2025161550010,2025,161550010,1,9,0,-1,9,7,4,-1,0,0,0,0,0,0,4,1,-1,9,2,64,9,-1,-1,-1,-1,9,E01013243,0,2
2025161550010,2025,161550010,2,2,0,-1,19,4,8,-1,0,0,0,0,0,0,1,1,-1,9,1,16,4,-1,-1,-1,-1,5,E01013249,0,1
2025161550055,2025,161550055,1,19,0,-1,10,8,6,-1,0,1,0,0,0,0,3,1,-1,2,1,51,8,-1,-1,-1,-1,4,E01013158,0,1
2025161550055,2025,161550055,2,11,0,-1,10,2,8,-1,0,1,0,0,0,0,3,9,-1,1,3,-1,-1,-1,-1,-1,-1,-1,-1,0,-1
2025161550125,2025,161550125,2,9,0,-1,19,2,6,-1,0,0,0,0,1,0,1,1,-1,6,1,63,9,-1,-1,-1,-1,8,E01012983,0,3
2025161550125,2025,161550125,1,9,0,-1,19,6,2,-1,0,0,0,0,0,0,1,1,-1,2,1,23,5,-1,-1,-1,-1,6,E01012922,0,3
2025161550153,2025,161550153,1,9,0,-1,4,3,7,-1,0,2,0,0,0,0,2,1,-1,9,1,47,8,-1,-1,-1,-1,10,E01013070,0,1
2025161550153,2025,161550153,2,19,0,-1,19,3,7,-1,0,1,0,0,0,0,1,1,-1,1,1,50,8,-1,-1,-1,-1,10,E01012926,0,3
2025161550223,2025,161550223,2,9,0,-1,3,8,4,-1,0,0,0,0,0,0,4,1,-1,6,3,-1,-1,-1,-1,-1,-1,-1,-1,0,-1
2025161550223,2025,161550223,1,1,0,-1,15,8,4,-1,9,0,0,4,0,0,1,1,-1,6,1,17,4,-1,-1,-1,-1,1,E01013161,0,1
2025161550273,2025,161550273,1,9,0,-1,19,3,7,-1,0,0,0,0,0,0,4,9,-1,6,1,75,10,-1,-1,-1,-1,9,E01012813,0,1
2025161550308,2025,161550308,1,9,0,-1,2,6,2,-1,0,0,0,0,0,0,2,9,-1,6,2,65,9,-1,-1,-1,-1,9,E01034760,0,1
2025161550308,2025,161550308,2,9,0,-1,19,2,6,-1,0,0,0,0,0,0,1,9,-1,6,1,-1,-1,-1,-1,-1,-1,-1,-1,0,-1
2025161550318,2025,161550318,1,19,0,-1,9,7,3,-1,0,5,0,0,0,0,1,1,-1,1,1,56,9,-1,-1,-1,-1,9,E01013260,0,4
2025161550352,2025,161550352,1,19,0,-1,19,3,7,-1,0,0,0,0,0,0,1,1,-1,6,1,37,7,-1,-1,-1,-1,9,E01013121,0,2
2025161550352,2025,161550352,3,9,0,-1,3,3,7,-1,0,0,0,0,0,0,2,1,-1,6,1,64,9,-1,-1,-1,-1,1,E01012945,0,4
2025161550352,2025,161550352,4,9,0,-1,3,3,7,-1,0,0,0,0,0,0,2,1,-1,6,1,69,10,-1,-1,-1,-1,6,E01033784,0,5
2025161550352,2025,161550352,2,19,0,-1,3,3,7,-1,0,0,0,0,0,0,2,1,-1,6,1,52,8,-1,-1,-1,-1,-1,-1,0,-1
2025161550438,2025,161550438,1,1,0,-1,19,7,3,-1,0,0,0,0,0,0,1,1,-1,6,1,38,7,-1,-1,-1,-1,5,E01012803,0,1
2025161550438,2025,161550438,2,9,0,-1,19,3,7,-1,0,0,0,0,0,0,1,1,-1,6,3,-1,-1,-1,-1,-1,-1,-1,-1,0,-1
2025161550536,2025,161550536,1,99,0,-1,19,2,6,-1,0,2,0,0,0,0,1,9,-1,6,3,-1,-1,-1,-1,-1,-1,-1,-1,0,-1
2025161550543,2025,161550543,1,9,0,-1,19,5,1,-1,0,0,0,0,0,0,1,9,-1,6,1,88,11,-1,-1,-1,-1,7,E01012939,0,1
2025161550591,2025,161550591,1,9,0,-1,19,6,2,-1,0,0,5,10,6,2,1,1,-1,6,1,82,11,-1,-1,-1,-1,1,E01012781,0,1
2025161550675,2025,161550675,1,8,0,-1,19,7,3,-1,2,2,0,0,0,0,3,9,-1,6,2,-1,-1,-1,-1,-1,-1,-1,-1,0,-1
2025161550675,2025,161550675,2,9,0,-1,19,7,3,-1,0,2,0,0,0,0,4,9,-1,6,2,43,7,-1,-1,-1,-1,2,E01013038,0,3
2025161550871,2025,161550871,2,5,0,-1,13,5,1,-1,0,8,5,0,0,0,1,1,-1,6,1,34,6,-1,-1,-1,-1,-1,-1,0,-1
2025161550871,2025,161550871,1,9,0,-1,9,1,7,-1,0,8,0,0,0,0,1,9,-1,6,1,25,5,-1,-1,-1,-1,8,E01013189,0,1
2025161550914,2025,161550914,1,9,0,-1,19,5,1,-1,0,0,5,0,0,0,1,1,-1,9,1,31,6,-1,-1,-1,-1,1,E01012856,0,1
2025161550914,2025,161550914,2,9,0,-1,19,1,5,-1,0,0,0,0,0,0,1,1,-1,9,2,34,6,-1,-1,-1,-1,8,E01012959,0,1
2025161551297,2025,161551297,1,9,0,-1,19,5,1,-1,0,2,0,10,0,0,1,2,-1,2,2,41,7,-1,-1,-1,-1,7,E01013035,0,2
2025161551297,2025,161551297,2,9,0,-1,19,1,5,-1,0,1,0,0,0,0,1,2,-1,9,2,36,7,-1,-1,-1,-1,1,E01012840,0,1
2025161551515,2025,161551515,1,9,0,-1,19,5,1,-1,0,0,0,0,0,0,1,1,-1,9,1,28,6,-1,-1,-1,-1,2,E01012869,0,4
2025161551515,2025,161551515,2,9,0,-1,19,1,5,-1,0,0,0,0,0,0,1,1,-1,9,2,21,5,-1,-1,-1,-1,5,E01013274,0,1
2025161551575,2025,161551575,1,9,0,-1,2,0,0,-1,0,8,0,0,0,0,3,1,-1,6,3,-1,-1,-1,-1,-1,-1,-1,-1,0,-1
2025161551575,2025,161551575,2,9,0,-1,19,5,1,-1,0,8,0,4,0,0,3,1,-1,6,1,-1,-1,-1,-1,-1,-1,-1,-1,0,-1
2025161551761,2025,161551761,1,9,0,-1,12,7,3,-1,0,1,0,0,0,0,4,1,-1,2,1,43,7,-1,-1,-1,-1,9,E01013293,0,4
2025161551810,2025,161551810,2,9,0,-1,14,2,6,-1,0,1,0,0,0,0,1,1,-1,6,3,-1,-1,-1,-1,-1,-1,-1,-1,0,-1
2025161551810,2025,161551810,1,9,0,-1,2,2,6,-1,0,1,0,0,0,0,4,1,-1,2,1,38,7,-1,-1,-1,-1,5,E01026107,0,2
2025161551928,2025,161551928,1,9,0,-1,7,5,7,-1,0,8,0,0,0,0,4,1,-1,9,1,23,5,-1,-1,-1,-1,4,E01012828,0,1
2025161551928,2025,161551928,2,1,0,-1,19,5,1,-1,0,8,0,0,0,0,1,1,-1,6,1,29,6,-1,-1,-1,-1,1,E01012881,0,1
2025161552042,2025,161552042,1,1,0,-1,9,3,1,-1,0,1,2,99,0,0,3,1,-1,2,1,22,5,-1,-1,-1,-1,9,E01013193,0,1
2025161552042,2025,161552042,2,9,0,-1,13,3,7,-1,0,1,0,99,0,0,4,1,-1,6,3,-1,-1,-1,-1,-1,-1,-1,-1,0,-1
2025161552050,2025,161552050,1,9,0,-1,7,3,5,-1,0,8,0,0,0,0,1,1,-1,9,1,54,8,-1,-1,-1,-1,3,E01013164,0,1
2025161552050,2025,161552050,2,9,0,-1,19,1,5,-1,0,8,0,0,0,0,1,1,-1,2,2,22,5,-1,-1,-1,-1,3,E01013164,0,1