collision_index,collision_year,collision_ref_no,vehicle_reference,vehicle_type,towing_and_articulation,vehicle_manoeuvre_historic,vehicle_manoeuvre,vehicle_direction_from,vehicle_direction_to,vehicle_location_restricted_lane_historic,vehicle_location_restricted_lane,junction_location,skidding_and_overturning,hit_object_in_carriageway,vehicle_leaving_carriageway,hit_object_off_carriageway,first_point_of_impact,vehicle_left_hand_drive,journey_purpose_of_driver_historic,journey_purpose_of_driver,sex_of_driver,age_of_driver,age_band_of_driver,engine_capacity_cc,propulsion_code,age_of_vehicle,generic_make_model,driver_imd_decile,lsoa_of_driver,escooter_flag,driver_distance_banding
2025161552170,2025,161552170,1,9,0,-1,19,1,5,-1,0,1,0,0,0,0,4,1,-1,2,1,75,10,-1,-1,-1,-1,9,E01013316,0,1
2025161552270,2025,161552270,2,9,0,-1,19,1,5,-1,0,1,0,0,0,0,4,1,-1,9,2,65,9,-1,-1,-1,-1,1,E01013083,0,1
2025161552270,2025,161552270,1,19,0,-1,9,3,1,-1,0,8,0,0,0,0,1,1,-1,9,1,56,9,-1,-1,-1,-1,4,E01013079,0,1
2025161552296,2025,161552296,1,9,0,-1,4,1,5,-1,0,0,0,0,0,0,2,1,-1,9,2,74,10,-1,-1,-1,-1,9,E01013266,0,1
2025161552296,2025,161552296,2,1,0,-1,19,1,5,-1,0,0,0,0,0,0,1,1,-1,6,1,70,10,-1,-1,-1,-1,3,E01013286,0,1
2025161552447,2025,161552447,2,9,0,-1,19,7,3,-1,0,1,1,0,7,0,3,1,-1,9,1,62,9,-1,-1,-1,-1,5,E01010604,0,4
2025161552447,2025,161552447,1,9,0,-1,19,1,5,-1,0,2,0,0,0,0,1,1,-1,9,2,64,9,-1,-1,-1,-1,2,E01006811,0,5
2025161552509,2025,161552509,1,1,0,-1,19,5,1,-1,0,1,0,0,0,0,0,1,-1,6,1,16,4,-1,-1,-1,-1,-1,-1,0,-1
2025161552523,2025,161552523,1,22,0,-1,19,4,8,-1,9,0,0,0,0,0,1,1,-1,6,1,-1,-1,-1,-1,-1,-1,-1,-1,0,-1
2025161552536,2025,161552536,2,9,0,-1,19,2,6,-1,0,1,0,0,0,0,-1,9,-1,6,3,-1,-1,-1,-1,-1,-1,-1,-1,0,-1
2025161552536,2025,161552536,1,-1,0,-1,9,6,4,-1,0,1,0,0,0,0,1,9,-1,9,1,36,7,-1,-1,-1,-1,1,E01012805,1,1
2025161552538,2025,161552538,1,22,0,-1,19,5,1,-1,9,8,0,0,0,0,1,1,-1,6,2,-1,-1,-1,-1,-1,-1,-1,-1,0,-1
2025161552555,2025,161552555,1,9,0,-1,7,5,7,-1,0,8,0,0,0,0,1,1,-1,2,1,44,7,-1,-1,-1,-1,3,E01007632,0,4
2025161552555,2025,161552555,2,1,0,-1,19,5,1,-1,0,8,0,0,0,0,1,1,-1,1,1,31,6,-1,-1,-1,-1,1,E01012908,0,1
2025161552649,2025,161552649,2,1,0,-1,19,1,5,-1,0,2,5,0,0,0,4,1,-1,6,1,12,3,-1,-1,-1,-1,1,E01013196,0,1
2025161552649,2025,161552649,1,9,0,-1,19,4,8,-1,0,1,0,0,0,0,1,9,-1,6,3,40,7,-1,-1,-1,-1,-1,-1,0,-1
2025161552783,2025,161552783,2,9,0,-1,19,7,3,-1,0,1,0,0,0,0,1,1,-1,9,2,23,5,-1,-1,-1,-1,9,E01034759,0,4
2025161552783,2025,161552783,1,9,0,-1,7,7,1,-1,0,1,0,0,0,0,2,1,-1,9,2,66,10,-1,-1,-1,-1,5,E01027778,0,1
2025161552803,2025,161552803,1,9,0,-1,5,3,1,-1,0,1,0,0,0,0,1,1,-1,6,1,27,6,-1,-1,-1,-1,7,E01012811,0,1
2025161552803,2025,161552803,2,9,0,-1,19,7,3,-1,0,1,0,0,0,0,1,1,-1,1,1,33,6,-1,-1,-1,-1,3,E01012913,0,1
2025161553150,2025,161553150,2,9,0,-1,19,7,3,-1,0,1,0,0,0,0,1,1,-1,2,1,56,9,-1,-1,-1,-1,9,E01013120,0,1
2025161553150,2025,161553150,1,9,0,-1,19,5,1,-1,0,6,0,0,0,0,1,1,-1,9,2,84,11,-1,-1,-1,-1,9,E01013120,0,1
2025161553151,2025,161553151,1,9,0,-1,19,7,3,-1,0,0,0,0,0,0,3,1,-1,9,1,89,11,-1,-1,-1,-1,7,E01013026,0,3
2025161553151,2025,161553151,2,21,0,-1,19,7,3,-1,0,0,0,0,0,0,1,1,-1,1,1,68,10,-1,-1,-1,-1,8,W01001535,0,5
2025161553191,2025,161553191,1,9,0,-1,9,5,3,-1,0,2,0,0,0,0,3,1,-1,9,2,41,7,-1,-1,-1,-1,5,E01013106,0,1
2025161553191,2025,161553191,2,1,0,-1,19,3,7,-1,0,8,5,0,0,0,4,1,-1,6,1,48,8,-1,-1,-1,-1,7,E01032596,0,1
2025161553193,2025,161553193,2,1,0,-1,19,2,8,-1,0,0,0,4,0,0,1,1,-1,6,1,14,3,-1,-1,-1,-1,1,E01012887,0,1
2025161553193,2025,161553193,1,9,0,-1,2,0,0,-1,0,0,0,0,0,0,2,2,-1,6,-1,-1,-1,-1,-1,-1,-1,-1,-1,0,-1
2025161553309,2025,161553309,1,9,0,-1,19,2,6,-1,0,1,0,0,0,0,1,1,-1,9,1,78,11,-1,-1,-1,-1,5,E01012995,0,1
2025161553323,2025,161553323,1,9,0,-1,6,1,1,-1,0,1,0,0,0,0,1,1,-1,9,2,27,6,-1,-1,-1,-1,5,E01012824,0,1
2025161553323,2025,161553323,2,9,0,-1,13,1,5,-1,0,1,0,0,0,0,1,1,-1,9,2,34,6,-1,-1,-1,-1,1,E01012778,0,1
2025161553336,2025,161553336,1,9,0,-1,9,5,1,-1,0,2,0,0,0,0,3,1,-1,2,1,26,6,-1,-1,-1,-1,6,E01013318,0,1
2025161553336,2025,161553336,2,9,0,-1,19,3,7,-1,-1,8,0,0,4,0,1,1,-1,2,2,28,6,-1,-1,-1,-1,6,E01013323,0,3
2025161553384,2025,161553384,2,2,0,-1,19,7,3,-1,0,8,0,0,0,0,1,1,-1,7,1,16,4,-1,-1,-1,-1,10,E01013117,0,2
2025161553384,2025,161553384,1,9,0,-1,9,3,1,-1,0,5,0,0,0,0,1,2,-1,6,1,29,6,-1,-1,-1,-1,1,E01012850,0,1
2025161553388,2025,161553388,1,9,0,-1,19,1,5,-1,0,0,0,0,0,0,1,1,-1,9,1,25,5,-1,-1,-1,-1,1,E01012859,0,4
2025161553388,2025,161553388,2,19,0,-1,19,5,1,-1,0,0,0,0,0,0,1,1,-1,1,1,36,7,-1,-1,-1,-1,2,E01012821,0,4
2025161553512,2025,161553512,1,9,0,-1,19,5,3,-1,0,0,0,0,1,4,4,1,-1,9,2,33,6,-1,-1,-1,-1,8,E01013040,0,4
2025161553768,2025,161553768,1,9,0,-1,19,3,7,-1,0,0,0,0,0,0,9,9,-1,6,1,31,6,-1,-1,-1,-1,1,E01012849,0,1
2025161553768,2025,161553768,2,9,0,-1,19,3,7,-1,0,0,0,0,0,0,9,9,-1,6,2,35,6,-1,-1,-1,-1,4,E01013049,0,3
2025161553948,2025,161553948,1,9,0,-1,19,2,6,-1,0,1,0,0,0,0,4,1,-1,6,1,31,6,-1,-1,-1,-1,7,E01013247,0,3
2025161553948,2025,161553948,2,9,0,-1,5,2,6,-1,0,1,0,0,0,0,1,1,-1,6,1,41,7,-1,-1,-1,-1,7,E01013289,0,1
2025161554045,2025,161554045,1,9,0,-1,19,5,1,-1,0,0,5,0,1,4,1,1,-1,9,1,54,8,-1,-1,-1,-1,4,E01013211,0,3
2025161554119,2025,161554119,1,9,0,-1,19,7,3,-1,0,0,0,0,0,0,3,1,-1,6,1,44,7,-1,-1,-1,-1,1,E01012865,0,3
2025161554119,2025,161554119,2,9,0,-1,19,3,7,-1,0,0,0,0,0,0,1,1,-1,6,1,68,10,-1,-1,-1,-1,8,E01012935,0,4
2025161554123,2025,161554123,1,9,0,-1,19,4,8,-1,9,0,0,0,0,0,1,1,-1,2,1,25,5,-1,-1,-1,-1,8,E01012975,0,3
2025161554336,2025,161554336,2,9,0,-1,5,1,5,-1,0,3,0,0,0,0,4,1,-1,6,2,44,7,-1,-1,-1,-1,1,E01008083,0,4
2025161554336,2025,161554336,1,9,0,-1,19,3,7,-1,0,4,0,0,0,0,1,1,-1,9,2,28,6,-1,-1,-1,-1,8,E01013248,0,1
2025161554378,2025,161554378,2,21,0,-1,19,7,3,-1,0,0,0,0,0,0,1,1,-1,1,1,32,6,-1,-1,-1,-1,7,E01013292,0,4
2025161554378,2025,161554378,3,21,0,-1,19,7,3,-1,0,0,0,0,0,0,2,1,-1,1,1,48,8,-1,-1,-1,-1,8,E01026015,0,5
2025161554378,2025,161554378,4,21,0,-1,19,7,3,-1,0,0,0,0,0,0,1,1,-1,1,1,35,6,-1,-1,-1,-1,6,E01030071,0,5
2025161554378,2025,161554378,1,21,0,-1,19,7,3,-1,0,0,0,0,0,0,2,1,-1,1,1,37,7,-1,-1,-1,-1,1,E01026150,0,4
2025161554521,2025,161554521,1,9,0,-1,5,2,6,-1,0,0,0,0,0,0,3,1,-1,6,2,20,4,-1,-1,-1,-1,9,E01013110,0,2
2025161554538,2025,161554538,1,9,0,-1,19,5,1,-1,0,1,0,0,0,0,1,1,-1,6,2,31,6,-1,-1,-1,-1,1,E01012894,0,2
2025161554561,2025,161554561,1,9,0,-1,19,1,5,-1,0,2,5,0,1,0,3,1,-1,9,2,32,6,-1,-1,-1,-1,8,E01027808,0,3
2025161554666,2025,161554666,1,9,0,-1,8,3,1,-1,0,6,0,0,0,0,1,1,-1,6,1,59,9,-1,-1,-1,-1,2,E01012777,0,1
2025161554666,2025,161554666,2,1,0,-1,19,4,4,-1,9,1,0,0,0,0,1,1,-1,6,1,16,4,-1,-1,-1,-1,-1,-1,0,-1
2025161554903,2025,161554903,1,9,0,-1,5,5,7,-1,0,0,0,0,0,0,3,1,-1,6,3,-1,-1,-1,-1,-1,-1,-1,-1,0,-1
2025161554903,2025,161554903,2,3,0,-1,19,5,1,-1,0,0,0,0,0,0,1,1,-1,6,1,22,5,-1,-1,-1,-1,2,E01035481,0,1
2025161554906,2025,161554906,1,9,0,-1,19,7,3,-1,0,1,0,0,0,0,1,1,-1,6,2,58,9,-1,-1,-1,-1,-1,-1,0,-1
2025161554906,2025,161554906,2,9,0,-1,19,5,1,-1,0,1,0,0,0,0,3,1,-1,9,1,39,7,-1,-1,-1,-1,3,E01013548,0,5
2025161555018,2025,161555018,1,9,0,-1,9,3,1,-1,0,8,0,0,0,0,3,1,-1,6,1,52,8,-1,-1,-1,-1,9,E01013316,0,1
2025161555018,2025,161555018,2,9,0,-1,19,1,5,-1,0,1,0,0,0,0,1,1,-1,6,1,49,8,-1,-1,-1,-1,6,E01013253,0,1
2025161555094,2025,161555094,1,21,0,-1,9,4,2,-1,0,0,0,0,0,0,1,1,-1,1,1,59,9,-1,-1,-1,-1,5,E01012902,0,1
2025161555094,2025,161555094,2,1,0,-1,19,2,6,-1,4,0,1,0,0,0,2,1,-1,6,1,35,6,-1,-1,-1,-1,1,E01012790,0,1
2025161555212,2025,161555212,1,9,0,-1,5,1,5,-1,0,2,0,0,0,0,1,1,-1,2,2,51,8,-1,-1,-1,-1,3,E01012759,0,1
2025161555212,2025,161555212,2,1,0,-1,19,7,3,-1,0,8,0,0,0,0,4,1,-1,2,2,27,6,-1,-1,-1,-1,4,E01012799,0,1
2025161555666,2025,161555666,2,9,0,-1,2,0,0,-1,0,0,0,0,0,0,1,1,-1,6,-1,-1,-1,-1,-1,-1,-1,-1,-1,0,-1
2025161555666,2025,161555666,1,9,0,-1,19,3,7,-1,0,0,0,0,0,0,1,1,-1,6,2,22,5,-1,-1,-1,-1,2,E01003557,0,5
2025161555698,2025,161555698,2,1,0,-1,19,5,1,-1,0,1,1,0,0,0,1,1,-1,9,1,26,6,-1,-1,-1,-1,5,E01012773,0,4
2025161555698,2025,161555698,1,9,0,-1,19,7,5,-1,0,6,0,0,0,0,3,1,-1,1,2,72,10,-1,-1,-1,-1,1,E01012945,0,3
2025161555709,2025,161555709,2,1,0,-1,19,5,2,-1,0,0,0,0,0,0,2,1,-1,6,1,16,4,-1,-1,-1,-1,3,E01013245,0,2
2025161555709,2025,161555709,1,9,0,-1,19,5,2,-1,0,0,0,0,0,0,1,1,-1,1,1,34,6,-1,-1,-1,-1,-1,-1,0,-1
2025161556049,2025,161556049,6,9,0,-1,19,3,7,-1,0,2,0,0,0,0,1,1,-1,2,2,21,5,-1,-1,-1,-1,8,E01013055,0,2
2025161556049,2025,161556049,3,9,0,-1,4,7,3,-1,0,2,0,0,0,0,2,1,-1,2,1,38,7,-1,-1,-1,-1,10,E01013337,0,3
2025161556049,2025,161556049,2,9,0,-1,4,7,3,-1,0,2,0,0,0,0,3,1,-1,2,1,50,8,-1,-1,-1,-1,10,E01013057,0,1
2025161556049,2025,161556049,1,9,0,-1,19,7,3,-1,0,2,0,0,0,0,1,1,-1,2,2,18,4,-1,-1,-1,-1,10,E01013061,0,1
2025161556049,2025,161556049,5,9,0,-1,19,3,7,-1,0,1,0,0,1,0,3,1,-1,2,1,59,9,-1,-1,-1,-1,3,E01012784,0,4
2025161556049,2025,161556049,4,9,0,-1,4,7,3,-1,0,2,0,0,0,0,2,1,-1,2,2,66,10,-1,-1,-1,-1,10,E01027716,0,4
2025161556201,2025,161556201,2,9,0,-1,19,2,7,-1,0,1,0,0,0,0,1,1,-1,6,1,35,6,-1,-1,-1,-1,1,E01012834,0,2
2025161556201,2025,161556201,1,9,0,-1,10,7,5,-1,0,8,0,0,0,0,1,1,-1,6,2,20,4,-1,-1,-1,-1,1,E01012852,0,1
2025161556238,2025,161556238,1,11,0,-1,5,3,7,-1,0,1,0,0,0,0,0,9,-1,1,3,57,9,-1,-1,-1,-1,3,E01012784,0,2
2025161556238,2025,161556238,2,9,0,-1,9,5,3,-1,0,8,0,0,0,0,0,9,-1,6,1,25,5,-1,-1,-1,-1,-1,-1,0,-1
2025161556314,2025,161556314,1,9,-1,-1,8,3,5,-1,0,1,0,0,0,0,4,9,-1,9,2,61,9,-1,-1,-1,-1,9,E01013115,0,1
2025161556314,2025,161556314,2,1,-1,-1,19,5,1,-1,0,1,0,0,0,0,1,1,-1,6,3,-1,-1,-1,-1,-1,-1,-1,-1,0,-1
2025161556459,2025,161556459,1,9,0,-1,8,3,6,-1,0,6,0,0,0,0,4,1,-1,9,2,37,7,-1,-1,-1,-1,1,E01012903,0,1
2025161556459,2025,161556459,2,-1,0,-1,19,6,1,-1,9,9,1,0,0,0,1,1,-1,6,2,-1,-1,-1,-1,-1,-1,-1,-1,1,-1
2025161556481,2025,161556481,2,9,0,-1,3,2,6,-1,0,2,0,0,0,0,2,1,-1,9,1,68,10,-1,-1,-1,-1,9,E01012919,0,1
2025161556481,2025,161556481,1,9,0,-1,19,2,6,-1,0,8,0,0,3,10,1,1,-1,9,1,82,11,-1,-1,-1,-1,10,E01012970,0,3
2025161556481,2025,161556481,3,9,0,-1,3,2,6,-1,0,2,0,0,0,0,2,1,-1,9,2,44,7,-1,-1,-1,-1,8,E01013065,0,1
2025161556488,2025,161556488,2,9,0,-1,9,5,1,-1,0,5,0,0,0,0,2,1,-1,6,2,45,7,-1,-1,-1,-1,9,E01026401,0,2
2025161556488,2025,161556488,1,9,0,-1,19,5,1,-1,0,1,0,0,0,0,1,1,-1,2,1,46,8,-1,-1,-1,-1,9,E01007624,0,4
2025161556584,2025,161556584,1,9,0,-1,9,7,5,-1,0,1,0,0,0,0,4,1,-1,9,2,57,9,-1,-1,-1,-1,3,E01012757,0,1
2025161556584,2025,161556584,2,3,0,-1,19,3,7,-1,0,1,0,0,0,0,1,1,-1,9,1,28,6,-1,-1,-1,-1,1,E01012836,0,2
2025161556633,2025,161556633,1,9,0,-1,19,1,5,-1,0,0,5,4,7,0,1,9,-1,6,2,40,7,-1,-1,-1,-1,6,E01012912,0,1
2025161556633,2025,161556633,2,9,0,-1,2,5,1,-1,0,0,0,0,0,0,1,9,-1,6,-1,-1,-1,-1,-1,-1,-1,-1,-1,0,-1
2025161556663,2025,161556663,1,9,0,-1,2,0,0,-1,0,1,0,0,0,0,3,9,-1,9,2,24,5,-1,-1,-1,-1,9,E01013191,0,2
2025161556663,2025,161556663,2,1,0,-1,19,6,2,-1,0,1,0,4,0,0,1,1,-1,6,1,29,6,-1,-1,-1,-1,4,E01013227,0,1
2025161556727,2025,161556727,2,9,0,-1,7,8,2,-1,0,1,0,0,0,0,2,1,-1,1,1,55,8,-1,-1,-1,-1,1,E01012906,0,1
2025161556727,2025,161556727,1,9,0,-1,19,8,4,-1,0,1,0,0,0,0,1,9,-1,6,3,-1,-1,-1,-1,-1,-1,-1,-1,0,-1
2025161556822,2025,161556822,1,9,0,-1,4,7,6,-1,0,1,0,0,0,0,2,1,-1,6,2,25,5,-1,-1,-1,-1,1,E01012891,0,2
2025161556822,2025,161556822,2,19,0,-1,19,6,2,-1,0,1,0,0,0,0,1,1,-1,6,2,42,7,-1,-1,-1,-1,9,E01035478,0,4
2025161556873,2025,161556873,1,9,0,-1,2,0,0,-1,0,0,0,0,0,0,3,1,-1,6,1,32,6,-1,-1,-1,-1,1,E01035464,0,1
2025161556873,2025,161556873,2,1,0,-1,19,5,1,-1,0,0,5,8,0,0,1,1,-1,6,3,-1,-1,-1,-1,-1,-1,-1,-1,0,-1
2025161557174,2025,161557174,1,19,0,-1,13,8,4,-1,0,1,0,0,7,2,1,1,-1,1,1,33,6,-1,-1,-1,-1,8,E01035472,0,1
2025161557174,2025,161557174,2,9,0,-1,9,8,7,-1,0,5,0,0,0,0,3,1,-1,9,1,47,8,-1,-1,-1,-1,2,E01012869,0,1
2025161557228,2025,161557228,2,9,0,-1,2,0,0,-1,0,1,0,0,0,0,3,1,-1,6,-1,-1,-1,-1,-1,-1,-1,-1,-1,0,-1
2025161557228,2025,161557228,1,9,0,-1,19,5,1,-1,0,1,0,0,0,0,4,1,-1,6,1,53,8,-1,-1,-1,-1,1,E01012850,0,1
2025161557309,2025,161557309,1,9,0,-1,19,6,2,-1,0,0,0,4,0,0,1,1,-1,9,1,65,9,-1,-1,-1,-1,7,E01013145,0,1
2025161557309,2025,161557309,2,9,0,-1,2,0,0,-1,9,0,0,0,0,0,4,1,-1,6,-1,-1,-1,-1,-1,-1,-1,-1,-1,0,-1
2025161557386,2025,161557386,2,9,0,-1,19,5,1,-1,0,1,0,0,0,0,1,1,-1,9,1,41,7,-1,-1,-1,-1,8,E01013053,0,4
2025161557386,2025,161557386,1,9,0,-1,9,7,5,-1,0,6,0,0,0,0,1,1,-1,9,1,18,4,-1,-1,-1,-1,10,E01013091,0,2
2025161557452,2025,161557452,1,9,0,-1,19,5,1,-1,0,0,0,0,1,4,1,1,-1,9,2,18,4,-1,-1,-1,-1,4,E01034980,0,3
2025161557471,2025,161557471,1,9,0,-1,19,4,8,-1,0,1,0,0,0,0,1,1,-1,6,3,-1,-1,-1,-1,-1,-1,-1,-1,0,-1
2025161557471,2025,161557471,2,9,0,-1,9,8,5,-1,0,1,0,0,0,0,1,1,-1,1,1,33,6,-1,-1,-1,-1,1,E01012850,0,1
2025161557495,2025,161557495,1,9,0,-1,9,5,3,-1,0,1,0,0,0,0,2,1,-1,6,2,23,5,-1,-1,-1,-1,7,E01013182,0,1
2025161557495,2025,161557495,2,97,0,-1,19,5,1,-1,0,1,0,0,0,0,1,1,-1,6,1,24,5,-1,-1,-1,-1,1,E01013205,0,1
2025161557501,2025,161557501,2,5,0,-1,19,7,3,-1,0,1,0,0,0,0,1,1,-1,6,1,44,7,-1,-1,-1,-1,8,E01013011,0,1
2025161557501,2025,161557501,1,9,0,-1,9,1,7,-1,0,6,0,0,0,0,3,1,-1,6,2,38,7,-1,-1,-1,-1,1,E01012790,0,2
2025161557571,2025,161557571,2,9,0,-1,19,3,7,-1,0,1,9,99,0,0,1,1,-1,6,2,63,9,-1,-1,-1,-1,1,E01012949,0,3
2025161557571,2025,161557571,1,9,0,-1,3,3,7,-1,0,4,0,0,0,0,2,1,-1,1,1,32,6,-1,-1,-1,-1,1,E01012891,0,4
2025161557841,2025,161557841,1,9,0,-1,19,8,4,-1,0,0,0,4,0,0,1,1,-1,6,1,34,6,-1,-1,-1,-1,1,E01012948,0,1
2025161557841,2025,161557841,2,9,0,-1,2,0,0,-1,0,0,0,0,0,0,4,1,-1,6,-1,-1,-1,-1,-1,-1,-1,-1,-1,0,-1
2025161557869,2025,161557869,1,9,0,-1,9,7,5,-1,0,6,0,0,0,0,1,1,-1,9,1,61,9,-1,-1,-1,-1,3,E01013192,0,1
2025161557869,2025,161557869,2,1,0,-1,19,5,1,-1,0,8,0,0,0,0,1,1,-1,6,1,62,9,-1,-1,-1,-1,9,E01013193,0,1
2025161557993,2025,161557993,2,9,0,-1,19,8,4,-1,0,0,0,0,0,0,1,1,-1,6,3,-1,-1,-1,-1,-1,-1,-1,-1,0,-1
2025161557993,2025,161557993,3,9,0,-1,4,8,4,-1,0,0,0,0,0,0,1,1,-1,6,3,29,6,-1,-1,-1,-1,2,E01013131,0,1
2025161557993,2025,161557993,1,9,0,-1,4,8,4,-1,0,0,0,0,0,0,2,1,-1,2,2,55,8,-1,-1,-1,-1,9,E01013157,0,1
2025161557998,2025,161557998,2,1,0,-1,19,4,8,-1,0,2,0,0,0,0,4,1,-1,6,2,15,3,-1,-1,-1,-1,4,E01012827,0,1
2025161557998,2025,161557998,1,9,0,-1,5,6,8,-1,0,2,0,0,0,0,4,1,-1,2,2,36,7,-1,-1,-1,-1,7,E01012818,0,1
2025161558082,2025,161558082,2,1,0,-1,19,7,3,-1,0,0,0,0,0,0,3,1,-1,1,2,54,8,-1,-1,-1,-1,10,E01013118,0,1
2025161558082,2025,161558082,1,9,0,-1,3,5,1,-1,0,0,0,0,0,0,1,1,-1,1,2,33,6,-1,-1,-1,-1,6,E01013105,0,1
2025161558086,2025,161558086,1,9,0,-1,19,7,3,-1,0,0,2,0,0,0,1,1,-1,6,1,31,6,-1,-1,-1,-1,5,E01027916,0,4
2025161558114,2025,161558114,2,9,0,-1,9,1,7,-1,0,0,0,0,0,0,1,9,-1,6,1,-1,-1,-1,-1,-1,-1,-1,-1,0,-1
2025161558114,2025,161558114,1,1,0,-1,19,7,3,-1,0,0,0,0,0,0,4,1,-1,6,1,39,7,-1,-1,-1,-1,1,E01013209,0,1
2025161558125,2025,161558125,1,9,0,-1,11,6,2,-1,0,0,0,0,0,0,2,1,-1,6,1,44,7,-1,-1,-1,-1,1,E01012888,0,1
2025161558125,2025,161558125,2,19,0,-1,19,6,2,-1,0,0,0,0,0,0,1,1,-1,1,1,31,6,-1,-1,-1,-1,2,E01007878,0,4
2025161558212,2025,161558212,2,9,0,-1,19,3,7,-1,4,0,0,0,0,0,4,1,-1,6,3,-1,-1,-1,-1,-1,-1,-1,-1,0,-1
2025161558212,2025,161558212,1,1,0,-1,19,5,1,-1,4,0,2,0,0,0,3,1,-1,2,1,44,7,-1,-1,-1,-1,1,E01012857,0,1
2025161558339,2025,161558339,3,9,0,-1,19,5,1,-1,0,1,0,0,0,0,1,1,-1,2,2,67,10,-1,-1,-1,-1,10,E01013043,0,1
2025161558339,2025,161558339,1,9,0,-1,19,5,1,-1,0,1,0,0,0,0,1,1,-1,6,1,52,8,-1,-1,-1,-1,1,E01012865,0,2
2025161558339,2025,161558339,2,21,0,-1,19,1,5,-1,0,1,0,0,0,0,1,1,-1,1,1,26,6,-1,-1,-1,-1,7,E01026153,0,4
2025161558352,2025,161558352,1,9,0,-1,19,8,3,-1,0,0,0,0,7,4,1,1,-1,9,2,68,10,-1,-1,-1,-1,7,E01012939,0,1
2025161558540,2025,161558540,1,9,0,-1,19,3,7,-1,0,0,1,0,0,0,1,1,-1,2,2,40,7,-1,-1,-1,-1,8,E01035470,0,1
2025161558540,2025,161558540,2,9,0,-1,19,7,3,-1,0,0,0,0,1,0,2,1,-1,9,1,56,9,-1,-1,-1,-1,7,E01013032,0,2
2025161558628,2025,161558628,2,9,0,-1,19,7,3,-1,0,0,0,0,0,0,1,9,-1,6,2,-1,-1,-1,-1,-1,-1,1,E01012848,0,1
2025161558628,2025,161558628,1,1,0,-1,19,3,7,-1,0,0,5,0,0,0,1,1,-1,6,2,24,5,-1,-1,-1,-1,1,E01012848,0,1
2025161558709,2025,161558709,2,9,0,-1,19,1,5,-1,0,1,0,0,0,0,1,1,-1,9,2,27,6,-1,-1,-1,-1,5,E01007562,0,3
2025161558709,2025,161558709,1,9,0,-1,6,1,1,-1,0,8,0,0,0,0,3,1,-1,9,2,25,5,-1,-1,-1,-1,7,E01013336,0,4
2025161558710,2025,161558710,2,9,0,-1,4,1,4,-1,0,0,0,0,0,0,2,1,-1,1,1,60,9,-1,-1,-1,-1,2,E01012886,0,2
2025161558710,2025,161558710,1,19,0,-1,19,1,4,-1,0,0,0,0,0,0,1,1,-1,1,1,50,8,-1,-1,-1,-1,6,E01012771,0,1
2025161558727,2025,161558727,5,21,0,-1,4,7,3,-1,0,0,0,0,0,0,0,1,-1,1,1,58,9,-1,-1,-1,-1,6,E01013081,0,4
2025161558727,2025,161558727,3,9,0,-1,19,7,3,-1,0,0,0,0,0,0,2,1,-1,6,1,66,10,-1,-1,-1,-1,1,E01007919,0,4
2025161558727,2025,161558727,1,9,0,-1,19,7,3,-1,0,0,0,0,0,0,1,1,-1,2,1,18,4,-1,-1,-1,-1,9,E01012974,0,3
2025161558727,2025,161558727,2,9,0,-1,19,7,3,-1,0,0,0,0,0,0,2,1,-1,6,1,68,10,-1,-1,-1,-1,10,E01013089,0,3
2025161558727,2025,161558727,4,9,0,-1,4,7,3,-1,0,0,0,0,0,0,2,1,-1,6,1,54,8,-1,-1,-1,-1,6,E01013095,0,4
2025161558745,2025,161558745,1,9,0,-1,7,6,7,-1,0,6,0,0,0,0,1,1,-1,9,2,42,7,-1,-1,-1,-1,7,E01013101,0,2
2025161558745,2025,161558745,2,19,0,-1,19,3,7,-1,0,1,0,0,0,0,4,1,-1,2,1,48,8,-1,-1,-1,-1,1,E01012845,0,1
2025161558771,2025,161558771,1,9,0,-1,19,6,2,-1,0,8,0,0,0,0,1,1,-1,9,1,32,6,-1,-1,-1,-1,9,E01027894,0,4
2025161558771,2025,161558771,2,9,0,-1,19,8,5,-1,0,1,0,0,7,0,3,1,-1,9,2,49,8,-1,-1,-1,-1,10,E01013054,0,4
2025161559115,2025,161559115,2,19,0,-1,13,3,7,-1,0,0,0,0,0,0,3,1,-1,1,1,55,8,-1,-1,-1,-1,5,E01013359,0,4
2025161559115,2025,161559115,1,9,0,-1,13,3,7,-1,0,0,0,0,1,9,4,1,-1,9,1,44,7,-1,-1,-1,-1,1,E01013443,0,4
2025161559123,2025,161559123,1,9,0,-1,9,5,2,-1,0,4,1,0,3,99,3,1,-1,9,1,25,5,-1,-1,-1,-1,6,E01012912,0,1
2025161559123,2025,161559123,2,9,0,-1,11,3,7,-1,0,4,0,0,0,0,4,1,-1,6,1,-1,-1,-1,-1,-1,-1,-1,-1,0,-1
2025161559174,2025,161559174,1,1,0,-1,19,8,4,-1,0,8,0,99,0,0,1,1,-1,9,1,16,4,-1,-1,-1,-1,7,E01026062,0,1
2025161559174,2025,161559174,2,9,0,-1,19,6,2,-1,0,8,0,99,0,0,1,1,-1,6,3,-1,-1,-1,-1,-1,-1,-1,-1,0,-1
2025161559204,2025,161559204,2,9,0,-1,19,7,3,-1,0,0,1,0,0,0,4,1,-1,6,1,28,6,-1,-1,-1,-1,5,E01013027,0,3
2025161559204,2025,161559204,1,9,0,-1,12,7,3,-1,0,0,0,0,0,0,3,1,-1,9,2,18,4,-1,-1,-1,-1,3,E01026077,0,4