collision_index,collision_year,collision_ref_no,vehicle_reference,vehicle_type,towing_and_articulation,vehicle_manoeuvre_historic,vehicle_manoeuvre,vehicle_direction_from,vehicle_direction_to,vehicle_location_restricted_lane_historic,vehicle_location_restricted_lane,junction_location,skidding_and_overturning,hit_object_in_carriageway,vehicle_leaving_carriageway,hit_object_off_carriageway,first_point_of_impact,vehicle_left_hand_drive,journey_purpose_of_driver_historic,journey_purpose_of_driver,sex_of_driver,age_of_driver,age_band_of_driver,engine_capacity_cc,propulsion_code,age_of_vehicle,generic_make_model,driver_imd_decile,lsoa_of_driver,escooter_flag,driver_distance_banding
2025161566663,2025,161566663,2,9,0,-1,19,7,3,-1,0,8,0,0,0,0,1,1,-1,9,2,38,7,-1,-1,-1,-1,1,E01013141,0,1
2025161566696,2025,161566696,1,9,0,-1,4,2,4,-1,0,2,0,0,0,0,2,1,-1,2,1,47,8,-1,-1,-1,-1,1,E01013196,0,2
2025161566696,2025,161566696,2,9,0,-1,4,2,4,-1,0,2,0,0,0,0,1,1,-1,6,2,43,7,-1,-1,-1,-1,6,E01026058,0,4
2025161566696,2025,161566696,3,9,0,-1,9,2,7,-1,0,8,0,0,0,0,1,1,-1,6,3,-1,-1,-1,-1,-1,-1,-1,-1,0,-1
2025161566718,2025,161566718,1,9,0,-1,19,5,1,-1,0,8,0,0,0,0,1,9,-1,6,2,68,10,-1,-1,-1,-1,5,E01013132,0,1
2025161566718,2025,161566718,2,19,0,-1,19,3,7,-1,0,8,0,0,0,0,1,9,-1,1,1,19,4,-1,-1,-1,-1,1,E01012857,0,4
2025161566728,2025,161566728,2,3,0,-1,19,3,7,-1,0,1,1,0,0,0,3,1,-1,2,1,31,6,-1,-1,-1,-1,4,E01012980,0,4
2025161566728,2025,161566728,1,19,0,-1,9,3,1,-1,0,1,0,0,0,0,4,1,-1,1,1,40,7,-1,-1,-1,-1,1,E01012894,0,1
2025161566757,2025,161566757,2,19,0,-1,9,3,8,-1,0,8,0,0,0,0,1,9,-1,6,1,-1,-1,-1,-1,-1,-1,-1,-1,0,-1
2025161566757,2025,161566757,1,1,0,-1,19,8,4,-1,0,8,5,0,0,0,4,1,-1,6,1,11,3,-1,-1,-1,-1,10,E01013113,0,1
2025161566786,2025,161566786,1,19,4,-1,19,4,8,-1,0,0,0,0,0,0,4,9,-1,6,3,-1,-1,-1,-1,-1,-1,-1,-1,0,-1
2025161566824,2025,161566824,2,9,0,-1,19,7,3,-1,0,3,0,0,0,0,1,1,-1,6,1,-1,-1,-1,-1,-1,-1,-1,-1,0,-1
2025161566824,2025,161566824,1,-1,0,-1,19,5,1,-1,0,2,5,0,0,0,4,1,-1,2,1,24,5,-1,-1,-1,-1,3,E01012913,0,1
2025161566836,2025,161566836,2,9,0,-1,9,3,7,-1,0,0,0,0,1,11,1,1,-1,6,-1,-1,-1,-1,-1,-1,-1,-1,-1,0,-1
2025161566836,2025,161566836,1,9,0,-1,5,3,7,-1,0,0,0,0,0,0,0,1,-1,8,1,55,8,-1,-1,-1,-1,2,E01012871,0,1
2025161566840,2025,161566840,2,9,0,-1,19,3,7,-1,0,1,0,0,0,0,1,1,-1,9,1,18,4,-1,-1,-1,-1,9,E01027074,0,5
2025161566840,2025,161566840,1,9,0,-1,9,7,5,-1,0,5,0,0,8,0,1,1,-1,2,2,77,11,-1,-1,-1,-1,6,E01012933,0,4
2025161566846,2025,161566846,1,19,0,-1,19,5,1,-1,0,1,0,0,0,0,1,1,-1,2,1,43,7,-1,-1,-1,-1,10,E01012970,0,3
2025161566846,2025,161566846,2,9,0,-1,9,7,3,-1,0,8,0,0,0,0,3,1,-1,6,2,40,7,-1,-1,-1,-1,2,E01012795,0,1
2025161566852,2025,161566852,1,9,0,-1,19,1,5,-1,0,1,0,0,0,0,1,1,-1,6,1,47,8,-1,-1,-1,-1,4,E01012767,0,1
2025161566862,2025,161566862,1,23,0,-1,13,7,3,-1,0,8,1,0,0,0,1,1,-1,6,1,19,4,-1,-1,-1,-1,7,E01013294,0,1
2025161566862,2025,161566862,2,9,0,-1,9,3,1,-1,0,8,0,0,0,0,3,1,-1,6,2,-1,-1,-1,-1,-1,-1,-1,-1,0,-1
2025161566957,2025,161566957,2,4,0,-1,19,3,7,-1,0,0,0,0,0,0,4,1,-1,6,1,80,11,-1,-1,-1,-1,9,E01013194,0,1
2025161566957,2025,161566957,1,9,0,-1,19,5,1,-1,9,0,0,0,1,0,1,1,-1,6,2,84,11,-1,-1,-1,-1,9,E01013172,0,1
2025161566992,2025,161566992,1,9,0,-1,19,7,3,-1,0,1,0,0,0,0,3,9,-1,6,3,23,5,-1,-1,-1,-1,-1,-1,0,-1
2025161567077,2025,161567077,2,9,0,-1,19,7,3,-1,0,0,0,0,0,0,1,9,-1,6,2,-1,-1,-1,-1,-1,-1,-1,-1,0,-1
2025161567077,2025,161567077,1,-1,0,-1,19,1,5,-1,0,0,5,0,0,0,3,9,-1,6,2,11,3,-1,-1,-1,-1,7,E01033105,1,1
2025161567176,2025,161567176,1,9,0,-1,7,5,7,-1,0,8,0,0,0,0,1,9,-1,6,1,27,6,-1,-1,-1,-1,1,E01013210,0,4
2025161567176,2025,161567176,2,1,0,-1,19,3,7,-1,0,8,5,0,0,0,4,1,-1,6,1,-1,-1,-1,-1,-1,-1,-1,-1,0,-1
2025161567267,2025,161567267,1,9,0,-1,19,6,2,-1,0,4,0,0,0,0,1,1,-1,9,2,55,8,-1,-1,-1,-1,6,E01010816,0,4
2025161567267,2025,161567267,2,19,0,-1,3,6,2,-1,0,4,0,0,0,0,2,1,-1,9,1,28,6,-1,-1,-1,-1,4,E01026079,0,4
2025161567480,2025,161567480,3,19,0,-1,19,2,7,-1,0,0,0,0,0,0,4,1,-1,2,1,24,5,-1,-1,-1,-1,7,E01012950,0,4
2025161567480,2025,161567480,1,9,0,-1,19,7,2,-1,0,0,0,0,0,0,1,1,-1,2,1,22,5,-1,-1,-1,-1,4,E01012801,0,3
2025161567480,2025,161567480,2,9,0,-1,19,2,7,-1,0,0,0,0,2,3,3,1,-1,2,1,52,8,-1,-1,-1,-1,10,E01012926,0,1
2025161567560,2025,161567560,2,9,0,-1,7,8,2,-1,0,6,0,0,0,0,1,1,-1,2,2,40,7,-1,-1,-1,-1,9,E01034760,0,3
2025161567560,2025,161567560,1,5,0,-1,19,6,2,-1,0,1,0,0,7,0,1,1,-1,9,1,20,4,-1,-1,-1,-1,3,E01012934,0,1
2025161567898,2025,161567898,1,9,0,-1,19,7,3,-1,0,0,0,0,0,0,1,1,-1,6,1,63,9,-1,-1,-1,-1,1,E01012849,0,1
2025161567898,2025,161567898,2,-1,0,-1,19,5,1,-1,0,0,0,0,0,0,4,1,-1,6,1,27,6,-1,-1,-1,-1,-1,-1,1,-1
2025161567964,2025,161567964,3,21,0,-1,19,2,6,-1,0,2,1,0,0,0,3,1,-1,6,1,39,7,-1,-1,-1,-1,8,E01035469,0,2
2025161567964,2025,161567964,2,19,0,-1,19,6,2,-1,0,1,0,0,0,0,1,1,-1,6,1,40,7,-1,-1,-1,-1,4,E01013051,0,3
2025161567964,2025,161567964,1,9,0,-1,9,8,6,-1,0,6,1,0,0,0,1,1,-1,6,1,75,10,-1,-1,-1,-1,5,E01013027,0,1
2025161568014,2025,161568014,3,9,0,-1,2,0,0,-1,0,0,0,0,0,0,1,1,-1,6,-1,-1,-1,-1,-1,-1,-1,-1,-1,0,-1
2025161568014,2025,161568014,2,5,0,-1,19,7,3,-1,0,0,0,0,0,0,1,1,-1,6,1,34,6,-1,-1,-1,-1,10,E01013090,0,3
2025161568014,2025,161568014,1,9,0,-1,1,7,7,-1,0,0,0,0,0,0,2,9,-1,6,1,20,4,-1,-1,-1,-1,2,E01012872,0,1
2025161568115,2025,161568115,2,1,0,-1,9,6,4,-1,0,8,0,0,0,0,1,1,-1,6,1,53,8,-1,-1,-1,-1,1,E01012855,0,1
2025161568115,2025,161568115,1,9,0,-1,19,8,4,-1,0,4,0,0,0,0,3,1,-1,6,1,21,5,-1,-1,-1,-1,8,E01013018,0,4
2025161568373,2025,161568373,1,9,0,-1,19,5,1,-1,0,0,1,12,7,0,1,1,-1,6,1,20,4,-1,-1,-1,-1,3,E01013099,0,1
2025161568381,2025,161568381,1,3,0,-1,19,3,7,-1,0,0,0,0,0,0,1,1,-1,9,1,26,6,-1,-1,-1,-1,6,E01012914,0,1
2025161568381,2025,161568381,2,9,0,-1,99,3,7,-1,4,0,0,0,0,0,3,2,-1,6,3,-1,-1,-1,-1,-1,-1,-1,-1,0,-1
2025161568471,2025,161568471,1,9,0,-1,19,3,7,-1,0,0,0,0,0,0,9,9,-1,1,3,-1,-1,-1,-1,-1,-1,1,E01013159,0,1
2025161568471,2025,161568471,2,1,0,-1,19,5,1,-1,0,0,0,0,0,0,9,1,-1,6,1,11,3,-1,-1,-1,-1,1,E01013161,0,1
2025161568510,2025,161568510,2,11,0,-1,19,3,7,-1,0,8,0,0,0,0,9,9,-1,1,3,-1,-1,-1,-1,-1,-1,-1,-1,0,-1
2025161568510,2025,161568510,1,1,0,-1,19,3,7,-1,4,8,0,0,0,0,9,1,-1,6,1,28,6,-1,-1,-1,-1,1,E01012892,0,1
2025161568680,2025,161568680,2,9,0,-1,10,7,3,-1,0,1,0,0,0,0,3,1,-1,6,2,70,10,-1,-1,-1,-1,7,E01026080,0,2
2025161568680,2025,161568680,1,9,0,-1,19,3,7,-1,0,2,0,0,0,0,1,1,-1,6,1,63,9,-1,-1,-1,-1,9,E01013216,0,2
2025161568800,2025,161568800,2,9,0,-1,19,5,1,-1,0,8,0,0,0,0,1,1,-1,6,2,38,7,-1,-1,-1,-1,2,E01012863,0,3
2025161568800,2025,161568800,1,2,0,-1,19,3,7,-1,0,8,0,0,7,9,4,1,-1,6,1,17,4,-1,-1,-1,-1,6,E01013034,0,1
2025161568868,2025,161568868,1,9,0,-1,19,5,1,-1,0,0,0,0,0,0,1,9,-1,6,2,52,8,-1,-1,-1,-1,1,E01012893,0,1
2025161568868,2025,161568868,2,9,0,-1,2,0,0,-1,0,0,0,0,0,0,1,9,-1,6,3,0,1,-1,-1,-1,-1,-1,-1,0,-1
2025161569306,2025,161569306,1,9,0,-1,19,1,5,-1,0,0,0,0,1,0,1,1,-1,6,1,27,6,-1,-1,-1,-1,1,E01012780,0,1
2025161569306,2025,161569306,2,1,0,-1,19,8,4,-1,0,0,0,0,0,0,4,1,-1,6,1,44,7,-1,-1,-1,-1,7,E01033105,0,1
2025161569576,2025,161569576,1,90,0,-1,19,3,7,-1,0,1,0,0,0,0,1,1,-1,1,1,62,9,-1,-1,-1,-1,5,E01012822,0,4
2025161569576,2025,161569576,2,9,0,-1,9,5,3,-1,0,5,0,0,0,0,1,1,-1,9,2,34,6,-1,-1,-1,-1,10,E01013054,0,1
2025161569773,2025,161569773,1,3,0,-1,19,3,3,-1,0,0,0,0,0,0,1,1,-1,9,1,18,4,-1,-1,-1,-1,7,E01013100,0,3
2025161569773,2025,161569773,2,9,0,-1,4,3,3,-1,0,0,0,0,0,0,2,2,-1,2,2,46,8,-1,-1,-1,-1,8,E01013305,0,1
2025161569776,2025,161569776,1,9,0,-1,7,1,6,-1,0,2,0,0,0,0,3,1,-1,9,1,76,11,-1,-1,-1,-1,6,E01012953,0,1
2025161569843,2025,161569843,1,5,0,-1,19,7,3,-1,0,1,1,0,0,0,1,1,-1,9,1,32,6,-1,-1,-1,-1,4,E01013211,0,1
2025161569843,2025,161569843,2,9,0,-1,5,1,7,-1,0,8,0,0,0,0,3,1,-1,2,1,37,7,-1,-1,-1,-1,7,E01013226,0,1
2025161569977,2025,161569977,1,1,0,-1,19,3,7,-1,0,8,5,0,0,0,1,1,-1,6,2,71,10,-1,-1,-1,-1,-1,-1,0,-1
2025161569977,2025,161569977,2,9,0,-1,9,5,3,-1,0,8,0,0,0,0,1,9,-1,6,1,63,9,-1,-1,-1,-1,8,E01013304,0,1
2025161570134,2025,161570134,1,9,0,-1,9,1,7,-1,0,1,0,0,0,0,4,1,-1,6,2,29,6,-1,-1,-1,-1,10,E01011706,0,4
2025161570134,2025,161570134,2,5,0,-1,19,5,1,-1,0,1,0,0,0,0,1,1,-1,6,1,66,10,-1,-1,-1,-1,10,E01034757,0,1
2025161570227,2025,161570227,1,9,0,-1,19,3,7,-1,0,0,5,0,1,0,4,9,-1,6,1,-1,-1,-1,-1,-1,-1,3,E01013087,0,1
2025161570249,2025,161570249,1,1,0,-1,19,7,3,-1,4,2,0,0,0,0,9,1,-1,6,1,14,3,-1,-1,-1,-1,1,E01012857,0,1
2025161570249,2025,161570249,2,97,0,-1,19,7,3,-1,0,2,0,0,0,0,9,1,-1,6,3,-1,-1,-1,-1,-1,-1,-1,-1,0,-1
2025161570274,2025,161570274,1,19,0,-1,19,3,7,-1,0,8,1,0,0,0,1,1,-1,2,1,29,6,-1,-1,-1,-1,1,E01011471,0,4
2025161570274,2025,161570274,2,9,0,-1,19,1,5,-1,0,8,1,0,0,0,1,1,-1,9,1,77,11,-1,-1,-1,-1,4,E01012802,0,4
2025161570281,2025,161570281,1,9,0,-1,1,3,7,-1,0,6,0,0,0,0,2,1,-1,9,2,86,11,-1,-1,-1,-1,9,E01012974,0,3
2025161570324,2025,161570324,1,9,0,-1,1,-1,-1,-1,9,0,5,0,0,0,4,1,-1,6,3,-1,-1,-1,-1,-1,-1,-1,-1,0,-1
2025161570535,2025,161570535,2,9,0,-1,19,1,5,-1,0,1,0,0,0,0,1,1,-1,6,3,-1,-1,-1,-1,-1,-1,-1,-1,0,-1
2025161570535,2025,161570535,1,9,0,-1,19,1,5,-1,0,1,0,0,0,0,2,9,-1,2,1,36,7,-1,-1,-1,-1,8,E01012935,0,1
2025161570571,2025,161570571,1,9,0,-1,19,5,1,-1,0,0,5,0,1,0,1,1,-1,6,1,20,4,-1,-1,-1,-1,4,E01013079,0,3
2025161570596,2025,161570596,2,9,0,-1,19,7,3,-1,0,3,0,0,0,0,4,1,-1,6,1,76,11,-1,-1,-1,-1,9,E01013426,0,4
2025161570596,2025,161570596,1,9,0,-1,19,1,5,-1,0,4,0,0,0,0,1,1,-1,6,2,22,5,-1,-1,-1,-1,3,E01017079,0,5
2025161570849,2025,161570849,1,9,0,-1,19,4,6,-1,0,1,0,0,0,0,2,1,-1,6,2,27,6,-1,-1,-1,-1,1,E01032595,0,2
2025161570849,2025,161570849,2,9,0,-1,19,4,6,-1,0,1,0,0,0,0,1,1,-1,6,2,39,7,-1,-1,-1,-1,8,E01035470,0,1
2025161571064,2025,161571064,2,9,0,-1,5,4,8,-1,0,0,0,0,0,0,1,1,-1,9,1,32,6,-1,-1,-1,-1,1,E01012834,0,1
2025161571064,2025,161571064,1,1,0,-1,19,1,5,-1,0,0,0,0,0,0,4,1,-1,2,1,19,4,-1,-1,-1,-1,4,E01012896,0,1
2025161571191,2025,161571191,1,11,0,-1,19,3,7,-1,0,1,0,0,0,0,4,1,-1,1,2,64,9,-1,-1,-1,-1,1,E01012859,0,1
2025161571191,2025,161571191,2,-1,0,-1,19,3,7,-1,0,1,0,0,0,0,3,1,-1,6,1,-1,-1,-1,-1,-1,-1,-1,-1,0,-1
2025161571580,2025,161571580,2,9,0,-1,19,3,7,-1,0,1,0,0,0,0,2,2,-1,2,2,27,6,-1,-1,-1,-1,10,E01012978,0,1
2025161571580,2025,161571580,3,9,0,-1,19,3,7,-1,0,1,0,0,0,0,1,2,-1,2,1,29,6,-1,-1,-1,-1,7,E01012985,0,2
2025161571580,2025,161571580,1,9,0,-1,9,3,7,-1,0,1,0,0,7,0,4,2,-1,1,1,35,6,-1,-1,-1,-1,9,E01034759,0,2
2025161571611,2025,161571611,1,9,0,-1,19,1,5,-1,0,2,0,0,0,0,3,9,-1,6,3,42,7,-1,-1,-1,-1,1,E01012894,0,1
2025161571676,2025,161571676,2,9,0,-1,4,1,5,-1,0,8,0,0,0,0,1,1,-1,6,2,-1,-1,-1,-1,-1,-1,-1,-1,0,-1
2025161571676,2025,161571676,1,9,0,-1,3,1,5,-1,0,8,0,0,0,0,2,1,-1,9,2,42,7,-1,-1,-1,-1,1,E01032595,0,1
2025161571708,2025,161571708,1,9,0,-1,19,7,3,-1,0,2,0,0,0,0,1,1,-1,6,1,75,10,-1,-1,-1,-1,8,E01013151,0,1
2025161571904,2025,161571904,1,9,0,-1,19,6,2,-1,0,0,5,0,1,4,1,1,-1,9,2,64,9,-1,-1,-1,-1,9,E01013191,0,2
2025161571993,2025,161571993,1,1,0,-1,19,7,3,-1,4,0,0,0,0,0,1,1,-1,6,1,25,5,-1,-1,-1,-1,-1,-1,0,-1
2025161572020,2025,161572020,1,-1,0,-1,19,4,1,-1,0,0,0,0,0,0,1,9,-1,6,2,10,2,-1,-1,-1,-1,-1,-1,1,-1
2025161572037,2025,161572037,2,1,0,-1,-1,-1,-1,-1,-1,0,-1,-1,-1,0,-1,1,-1,6,1,30,6,-1,-1,-1,-1,4,E01012804,0,1
2025161572037,2025,161572037,1,9,0,-1,-1,-1,-1,-1,-1,0,-1,-1,-1,0,-1,9,-1,6,3,-1,-1,-1,-1,-1,-1,-1,-1,0,-1
2025161572141,2025,161572141,2,1,0,-1,19,3,7,-1,9,0,0,0,0,0,1,1,-1,6,1,14,3,-1,-1,-1,-1,3,E01013207,0,1
2025161572141,2025,161572141,1,9,0,-1,19,1,5,-1,9,0,0,0,0,0,4,9,-1,6,1,45,7,-1,-1,-1,-1,4,E01013211,0,1
2025161572231,2025,161572231,1,11,0,-1,1,3,7,-1,0,2,0,0,0,0,2,1,-1,1,1,71,10,-1,-1,-1,-1,4,E01013082,0,1
2025161572231,2025,161572231,2,5,0,-1,19,1,5,-1,0,2,0,0,0,0,4,1,-1,6,1,73,10,-1,-1,-1,-1,1,E01013080,0,1
2025161572304,2025,161572304,1,9,0,-1,11,7,3,-1,0,0,0,0,0,0,2,1,-1,9,1,51,8,-1,-1,-1,-1,1,E01013299,0,1
2025161572304,2025,161572304,2,1,0,-1,19,8,4,-1,0,0,0,0,0,0,1,1,-1,6,2,53,8,-1,-1,-1,-1,7,E01013289,0,1
2025161572402,2025,161572402,1,9,0,-1,19,3,7,-1,0,1,0,0,0,0,1,2,-1,2,2,83,11,-1,-1,-1,-1,6,E01012961,0,1
2025161572418,2025,161572418,1,9,0,-1,19,1,5,-1,0,0,1,0,0,0,1,1,-1,6,1,22,5,-1,-1,-1,-1,9,E01035478,0,1
2025161572418,2025,161572418,3,20,0,-1,19,5,1,-1,0,0,0,0,0,0,2,1,-1,1,1,38,7,-1,-1,-1,-1,6,E01013270,0,4
2025161572418,2025,161572418,2,9,0,-1,19,5,1,-1,0,0,0,0,0,0,1,1,-1,9,2,54,8,-1,-1,-1,-1,9,E01035477,0,1
2025161572426,2025,161572426,1,90,0,-1,19,1,5,-1,0,0,0,0,0,0,1,9,-1,6,3,-1,-1,-1,-1,-1,-1,-1,-1,0,-1
2025161572608,2025,161572608,1,9,0,-1,8,7,3,-1,0,1,0,0,0,0,2,1,-1,9,1,28,6,-1,-1,-1,-1,8,E01013018,0,2
2025161572608,2025,161572608,2,19,0,-1,99,7,3,-1,0,1,0,0,0,0,1,1,-1,6,1,-1,-1,-1,-1,-1,-1,-1,-1,0,-1
2025161572628,2025,161572628,2,9,0,-1,19,7,3,-1,0,1,0,0,0,0,3,9,-1,6,2,-1,-1,-1,-1,-1,-1,1,E01012862,0,1
2025161572628,2025,161572628,1,9,0,-1,19,5,1,-1,0,1,0,0,0,0,1,9,-1,6,2,28,6,-1,-1,-1,-1,2,E01012871,0,1
2025161572684,2025,161572684,2,9,0,-1,19,1,5,-1,0,0,0,0,0,0,1,1,-1,6,1,93,11,-1,-1,-1,-1,4,E01013225,0,1
2025161572684,2025,161572684,1,9,0,-1,19,5,1,-1,0,0,0,0,0,0,1,1,-1,6,2,52,8,-1,-1,-1,-1,9,E01013217,0,1
2025161572735,2025,161572735,3,9,0,-1,19,5,1,-1,0,1,0,0,0,0,3,9,-1,6,3,-1,-1,-1,-1,-1,-1,-1,-1,0,-1
2025161572735,2025,161572735,4,9,0,-1,19,1,5,-1,0,1,0,0,0,0,3,9,-1,6,2,-1,-1,-1,-1,-1,-1,-1,-1,0,-1
2025161572735,2025,161572735,1,19,0,-1,19,5,1,-1,0,1,0,0,0,0,3,9,-1,6,1,27,6,-1,-1,-1,-1,4,E01012758,0,1
2025161572735,2025,161572735,2,9,0,-1,19,5,1,-1,0,1,0,0,0,0,3,9,-1,6,1,-1,-1,-1,-1,-1,-1,-1,-1,0,-1
2025161572776,2025,161572776,2,9,0,-1,9,7,1,-1,0,2,0,0,0,0,1,1,-1,9,2,76,11,-1,-1,-1,-1,10,E01013092,0,2
2025161572776,2025,161572776,1,9,0,-1,19,7,3,-1,0,1,0,0,0,0,1,1,-1,9,1,55,8,-1,-1,-1,-1,1,E01012855,0,1
2025161572926,2025,161572926,1,9,0,-1,9,5,1,-1,0,6,0,0,0,0,4,1,-1,9,2,39,7,-1,-1,-1,-1,9,E01026063,0,4
2025161572926,2025,161572926,2,9,0,-1,19,7,3,-1,0,1,0,0,1,3,4,1,-1,2,2,38,7,-1,-1,-1,-1,7,E01013307,0,1
2025161572970,2025,161572970,1,9,0,-1,7,5,7,-1,0,3,0,0,0,0,3,9,-1,6,2,49,8,-1,-1,-1,-1,9,E01026402,0,2
2025161572970,2025,161572970,2,9,0,-1,19,3,7,-1,0,8,0,0,0,0,1,9,-1,6,3,40,7,-1,-1,-1,-1,-1,-1,0,-1
2025161572996,2025,161572996,2,-1,0,-1,19,2,6,-1,0,1,0,0,0,0,2,1,-1,7,1,17,4,-1,-1,-1,-1,1,E01012783,1,2
2025161572996,2025,161572996,1,9,0,-1,19,5,4,-1,0,1,0,0,0,0,1,1,-1,9,1,84,11,-1,-1,-1,-1,-1,-1,0,-1
2025161573064,2025,161573064,1,9,0,-1,2,0,0,-1,0,0,0,0,0,0,3,9,-1,6,1,60,9,-1,-1,-1,-1,1,E01012854,0,1
2025161573064,2025,161573064,2,1,0,-1,14,7,3,-1,0,0,0,0,0,0,1,1,-1,6,1,37,7,-1,-1,-1,-1,1,E01012888,0,1
2025161573124,2025,161573124,1,19,0,-1,3,7,2,-1,0,1,0,0,0,0,2,9,-1,1,1,-1,-1,-1,-1,-1,-1,-1,-1,0,-1
2025161573124,2025,161573124,2,9,0,-1,19,7,2,-1,0,1,0,0,0,0,1,9,-1,6,1,-1,-1,-1,-1,-1,-1,-1,-1,0,-1
2025161573252,2025,161573252,2,9,0,-1,7,2,4,-1,0,1,0,0,0,0,0,1,-1,6,3,-1,-1,-1,-1,-1,-1,-1,-1,0,-1
2025161573252,2025,161573252,1,9,0,-1,7,2,4,-1,0,1,0,0,0,0,1,1,-1,6,3,-1,-1,-1,-1,-1,-1,-1,-1,0,-1
2025161573443,2025,161573443,2,9,0,-1,7,1,4,-1,0,3,9,0,1,0,9,1,-1,6,3,-1,-1,-1,-1,-1,-1,10,E01013116,0,1
2025161573443,2025,161573443,1,3,0,-1,7,1,4,-1,0,3,0,0,0,0,4,1,-1,9,2,29,6,-1,-1,-1,-1,7,E01013010,0,1
2025161573456,2025,161573456,2,1,0,-1,19,7,3,-1,4,9,0,0,0,0,1,1,-1,2,1,23,5,-1,-1,-1,-1,6,E01012766,0,1
2025161573456,2025,161573456,1,9,0,-1,10,7,2,-1,0,1,0,0,0,0,4,1,-1,2,2,39,7,-1,-1,-1,-1,5,E01012829,0,1
2025161573480,2025,161573480,2,9,0,-1,2,0,0,-1,0,0,0,0,0,0,4,1,-1,6,-1,-1,-1,-1,-1,-1,-1,-1,-1,0,-1
2025161573480,2025,161573480,1,9,0,-1,19,1,5,-1,0,0,0,0,0,0,4,1,-1,9,2,88,11,-1,-1,-1,-1,4,E01012797,0,1
2025161573488,2025,161573488,2,2,0,-1,19,7,3,-1,0,1,5,0,0,0,1,1,-1,1,1,16,4,-1,-1,-1,-1,7,E01012939,0,1
2025161573488,2025,161573488,1,9,0,-1,5,1,2,-1,0,6,0,0,0,0,1,9,-1,6,1,45,7,-1,-1,-1,-1,7,E01012939,0,1
2025161573500,2025,161573500,1,9,-1,-1,3,8,4,-1,0,4,0,0,0,0,2,9,-1,9,1,37,7,-1,-1,-1,-1,1,E01035466,0,1
2025161573500,2025,161573500,2,9,-1,-1,19,8,5,-1,0,4,0,0,0,0,1,9,-1,6,3,-1,-1,-1,-1,-1,-1,-1,-1,0,-1
2025161573557,2025,161573557,2,9,0,-1,13,3,7,-1,0,0,0,0,0,0,2,9,-1,6,2,-1,-1,-1,-1,-1,-1,-1,-1,0,-1
2025161573557,2025,161573557,1,5,0,-1,13,3,7,-1,0,0,2,0,0,0,1,1,-1,6,1,25,5,-1,-1,-1,-1,4,E01020783,0,5
2025161573636,2025,161573636,1,19,0,-1,5,1,3,-1,0,1,0,0,0,0,1,9,-1,2,1,62,9,-1,-1,-1,-1,1,E01012874,0,1
2025161573669,2025,161573669,2,1,0,-1,19,1,5,-1,0,5,5,0,0,0,1,1,-1,2,1,52,8,-1,-1,-1,-1,1,E01013181,0,1
2025161573669,2025,161573669,1,9,0,-1,9,5,3,-1,0,5,0,0,0,0,1,9,-1,6,1,22,5,-1,-1,-1,-1,9,E01013123,0,4
2025161573670,2025,161573670,1,9,0,-1,19,3,7,-1,0,4,0,0,0,0,1,1,-1,2,1,41,7,-1,-1,-1,-1,7,E01013014,0,1
2025161573670,2025,161573670,2,1,0,-1,19,1,5,-1,0,3,0,0,0,0,2,1,-1,6,1,65,9,-1,-1,-1,-1,7,E01032596,0,1
2025161573704,2025,161573704,1,9,0,-1,9,5,3,-1,0,8,0,0,0,0,1,9,-1,6,1,65,9,-1,-1,-1,-1,7,E01013150,0,1
2025161573704,2025,161573704,2,9,0,-1,19,1,5,-1,0,8,0,0,0,0,1,9,-1,9,2,47,8,-1,-1,-1,-1,4,E01013308,0,3
2025161573794,2025,161573794,1,9,0,-1,19,7,3,-1,0,8,0,0,0,0,3,1,-1,9,2,17,4,-1,-1,-1,-1,9,E01013277,0,2
2025161573794,2025,161573794,2,9,0,-1,19,5,1,-1,0,8,0,0,0,0,1,1,-1,9,1,63,9,-1,-1,-1,-1,3,E01013319,0,1
2025161574003,2025,161574003,2,9,0,-1,10,3,7,-1,0,6,0,0,0,0,1,1,-1,6,2,-1,-1,-1,-1,-1,-1,-1,-1,0,-1
2025161574003,2025,161574003,1,1,0,-1,19,8,5,-1,4,1,5,0,0,0,4,1,-1,2,1,57,9,-1,-1,-1,-1,7,E01013098,0,1
2025161574102,2025,161574102,1,5,0,-1,19,7,3,-1,0,1,0,0,0,0,2,1,-1,9,1,24,5,-1,-1,-1,-1,9,E01035477,0,1
2025161574102,2025,161574102,2,9,0,-1,19,7,3,-1,0,1,0,0,0,0,1,1,-1,9,2,36,7,-1,-1,-1,-1,3,E01013133,0,2
2025161574158,2025,161574158,1,-1,0,-1,19,7,3,-1,0,0,0,0,0,0,1,1,-1,6,1,22,5,-1,-1,-1,-1,10,E01013012,1,1
2025161574195,2025,161574195,2,9,0,-1,19,3,7,-1,0,8,0,0,0,0,3,1,-1,6,2,69,10,-1,-1,-1,-1,1,E01012786,0,1
2025161574195,2025,161574195,1,9,0,-1,9,5,3,-1,0,8,0,0,0,0,3,1,-1,6,1,31,6,-1,-1,-1,-1,1,E01012864,0,1
2025161574248,2025,161574248,1,1,0,-1,19,1,5,-1,0,3,0,0,0,0,1,1,-1,9,2,55,8,-1,-1,-1,-1,1,E01013159,0,1
2025161574248,2025,161574248,2,9,0,-1,19,3,7,-1,0,4,0,0,0,0,3,1,-1,9,2,60,9,-1,-1,-1,-1,1,E01013210,0,1
2025161574249,2025,161574249,1,9,0,-1,9,3,1,-1,0,1,0,0,0,0,1,1,-1,6,1,32,6,-1,-1,-1,-1,3,E01012774,0,1