collision_index,collision_year,collision_ref_no,vehicle_reference,vehicle_type,towing_and_articulation,vehicle_manoeuvre_historic,vehicle_manoeuvre,vehicle_direction_from,vehicle_direction_to,vehicle_location_restricted_lane_historic,vehicle_location_restricted_lane,junction_location,skidding_and_overturning,hit_object_in_carriageway,vehicle_leaving_carriageway,hit_object_off_carriageway,first_point_of_impact,vehicle_left_hand_drive,journey_purpose_of_driver_historic,journey_purpose_of_driver,sex_of_driver,age_of_driver,age_band_of_driver,engine_capacity_cc,propulsion_code,age_of_vehicle,generic_make_model,driver_imd_decile,lsoa_of_driver,escooter_flag,driver_distance_banding
2025161574249,2025,161574249,2,1,0,-1,19,1,5,-1,0,1,0,0,0,0,1,1,-1,6,1,18,4,-1,-1,-1,-1,-1,-1,0,-1
2025161574417,2025,161574417,1,9,0,-1,19,3,7,-1,0,8,0,9,7,1,1,1,-1,6,2,50,8,-1,-1,-1,-1,7,E01013074,0,1
2025161574417,2025,161574417,2,19,0,-1,19,7,3,-1,0,8,0,0,0,0,3,1,-1,1,1,28,6,-1,-1,-1,-1,1,E01011803,0,4
2025161574503,2025,161574503,1,9,0,-1,9,3,1,-1,0,8,0,0,0,0,1,1,-1,6,1,47,8,-1,-1,-1,-1,1,E01012858,0,1
2025161574503,2025,161574503,2,1,0,-1,19,1,5,-1,0,8,0,0,0,0,4,1,-1,9,1,15,3,-1,-1,-1,-1,5,E01013009,0,1
2025161574663,2025,161574663,1,9,0,-1,19,2,6,-1,0,1,0,0,0,0,-1,9,-1,6,3,-1,-1,-1,-1,-1,-1,-1,-1,0,-1
2025161574691,2025,161574691,2,9,0,-1,19,7,3,-1,0,0,0,0,0,0,1,9,-1,6,1,-1,-1,-1,-1,-1,-1,-1,-1,0,-1
2025161574691,2025,161574691,1,11,0,-1,5,7,3,-1,2,0,0,0,0,0,3,9,-1,1,1,29,6,-1,-1,-1,-1,5,E01013106,0,1
2025161574843,2025,161574843,1,1,0,-1,19,3,7,-1,0,0,0,0,0,0,1,1,-1,1,1,19,4,-1,-1,-1,-1,1,E01035465,0,1
2025161574843,2025,161574843,2,9,0,-1,19,3,7,-1,0,0,0,0,0,0,2,9,-1,6,2,-1,-1,-1,-1,-1,-1,4,E01012964,0,1
2025161575066,2025,161575066,2,9,0,-1,99,1,5,-1,0,1,0,0,0,0,1,1,-1,6,2,-1,-1,-1,-1,-1,-1,1,E01013140,0,1
2025161575066,2025,161575066,1,9,0,-1,3,1,5,-1,0,1,0,0,0,0,2,1,-1,9,1,36,7,-1,-1,-1,-1,7,E01013175,0,3
2025161575191,2025,161575191,1,1,0,-1,19,6,2,-1,4,1,0,0,0,0,1,1,-1,6,1,17,4,-1,-1,-1,-1,6,E01012810,0,1
2025161575191,2025,161575191,2,9,0,-1,7,6,1,-1,4,1,0,0,0,0,4,9,-1,6,2,17,4,-1,-1,-1,-1,4,E01012827,0,1
2025161575216,2025,161575216,2,9,0,-1,5,3,7,-1,0,4,9,0,0,0,1,1,-1,6,1,-1,-1,-1,-1,-1,-1,9,E01035479,0,1
2025161575216,2025,161575216,1,1,0,-1,19,1,5,-1,0,8,9,0,0,0,4,1,-1,9,2,53,8,-1,-1,-1,-1,10,E01013171,0,1
2025161575297,2025,161575297,1,9,0,-1,19,5,1,-1,0,1,0,0,0,0,9,9,-1,6,2,24,5,-1,-1,-1,-1,1,E01013142,0,1
2025161575297,2025,161575297,2,9,0,-1,19,7,3,-1,0,1,0,0,0,0,9,9,-1,6,1,31,6,-1,-1,-1,-1,1,E01013165,0,1
2025161575312,2025,161575312,1,9,0,-1,13,2,6,-1,0,0,0,0,1,10,1,9,-1,6,1,23,5,-1,-1,-1,-1,9,E01013025,0,2
2025161575315,2025,161575315,1,2,0,-1,4,1,5,-1,0,0,5,0,1,0,4,1,-1,6,1,16,4,-1,-1,-1,-1,4,E01013146,0,1
2025161575346,2025,161575346,2,9,0,-1,19,3,7,-1,0,8,0,0,0,0,3,9,-1,1,1,64,9,-1,-1,-1,-1,5,E01013030,0,3
2025161575346,2025,161575346,1,19,0,-1,9,1,6,-1,0,8,0,0,0,0,1,9,-1,6,1,31,6,-1,-1,-1,-1,1,E01012841,0,1
2025161575388,2025,161575388,1,5,0,-1,19,1,5,-1,0,0,0,0,1,0,1,1,-1,6,1,41,7,-1,-1,-1,-1,4,E01012825,0,1
2025161575388,2025,161575388,2,9,0,-1,19,1,5,-1,0,0,0,0,0,0,0,9,-1,6,2,26,6,-1,-1,-1,-1,7,E01013032,0,1
2025161575508,2025,161575508,1,9,0,-1,4,1,5,-1,0,0,0,0,0,0,2,1,-1,2,1,35,6,-1,-1,-1,-1,8,E01013273,0,1
2025161575508,2025,161575508,2,9,0,-1,19,1,5,-1,0,0,0,0,0,0,1,1,-1,6,2,26,6,-1,-1,-1,-1,5,E01013329,0,1
2025161575583,2025,161575583,2,1,0,-1,19,3,7,-1,0,0,5,0,0,0,1,1,-1,2,1,47,8,-1,-1,-1,-1,7,E01012792,0,2
2025161575583,2025,161575583,3,98,0,-1,4,3,7,-1,0,0,0,0,0,0,0,1,-1,6,-1,-1,-1,-1,-1,-1,-1,-1,-1,0,-1
2025161575583,2025,161575583,1,9,0,-1,19,3,7,-1,0,0,0,0,0,0,2,1,-1,9,1,44,7,-1,-1,-1,-1,2,E01012884,0,1
2025161575726,2025,161575726,1,9,0,-1,10,8,4,-1,0,1,0,0,0,0,2,1,-1,9,2,38,7,-1,-1,-1,-1,3,E01007510,0,4
2025161575726,2025,161575726,2,9,-1,-1,19,8,4,-1,0,1,0,0,0,0,1,9,-1,6,3,-1,-1,-1,-1,-1,-1,-1,-1,0,-1
2025161575737,2025,161575737,2,11,0,-1,3,1,7,-1,0,2,0,0,0,0,2,1,-1,1,1,32,6,-1,-1,-1,-1,6,E01012882,0,1
2025161575737,2025,161575737,1,19,0,-1,19,1,7,-1,0,2,0,0,1,11,1,1,-1,1,1,53,8,-1,-1,-1,-1,7,E01013096,0,3
2025161575885,2025,161575885,1,9,0,-1,19,7,3,-1,0,1,0,0,0,0,3,1,-1,6,3,-1,-1,-1,-1,-1,-1,-1,-1,0,-1
2025161575911,2025,161575911,2,9,0,-1,19,1,5,-1,0,8,0,0,0,0,1,1,-1,2,2,48,8,-1,-1,-1,-1,3,E01013045,0,4
2025161575911,2025,161575911,1,9,0,-1,19,3,7,-1,0,1,0,0,0,0,1,1,-1,2,2,31,6,-1,-1,-1,-1,1,E01012761,0,4
2025161575917,2025,161575917,1,9,0,-1,19,1,5,-1,0,0,1,0,0,0,1,1,-1,2,1,19,4,-1,-1,-1,-1,10,E01012978,0,3
2025161575917,2025,161575917,2,9,0,-1,3,5,1,-1,0,0,0,0,0,0,3,1,-1,9,2,55,8,-1,-1,-1,-1,8,E01012955,0,2
2025161576195,2025,161576195,2,9,0,-1,19,4,8,-1,0,4,0,0,0,0,1,9,-1,6,3,-1,-1,-1,-1,-1,-1,-1,-1,0,-1
2025161576195,2025,161576195,1,9,0,-1,3,4,8,-1,0,4,0,0,0,0,2,9,-1,9,2,-1,-1,-1,-1,-1,-1,-1,-1,0,-1
2025161576297,2025,161576297,1,9,0,-1,19,1,3,-1,0,3,0,0,0,0,3,9,-1,6,1,-1,-1,-1,-1,-1,-1,-1,-1,0,-1
2025161576341,2025,161576341,2,9,0,-1,19,4,8,-1,0,2,0,0,0,0,2,1,-1,6,1,31,6,-1,-1,-1,-1,1,E01013142,0,1
2025161576341,2025,161576341,1,9,0,-1,19,4,8,-1,0,2,0,0,0,0,1,1,-1,1,1,42,7,-1,-1,-1,-1,9,E01007068,0,5
2025161576358,2025,161576358,2,9,0,-1,19,1,5,-1,0,3,0,0,0,0,3,1,-1,1,1,23,5,-1,-1,-1,-1,10,E01013171,0,2
2025161576358,2025,161576358,1,9,0,-1,7,7,3,-1,0,3,0,0,0,0,1,1,-1,6,2,28,6,-1,-1,-1,-1,1,E01013219,0,1
2025161576422,2025,161576422,1,-1,0,-1,19,5,1,-1,9,0,0,0,0,0,1,1,-1,6,2,-1,-1,-1,-1,-1,-1,-1,-1,1,-1
2025161576443,2025,161576443,1,9,0,-1,19,3,7,-1,0,4,0,0,0,0,1,1,-1,6,2,18,4,-1,-1,-1,-1,9,E01012924,0,1
2025161576443,2025,161576443,2,1,0,-1,19,1,5,-1,0,8,5,0,0,0,4,1,-1,6,1,66,10,-1,-1,-1,-1,10,E01013044,0,1
2025161576574,2025,161576574,2,1,0,-1,19,1,5,-1,0,0,5,0,0,0,1,1,-1,6,1,15,3,-1,-1,-1,-1,1,E01012878,0,1
2025161576574,2025,161576574,1,9,0,-1,9,3,1,-1,0,0,0,0,0,0,3,9,-1,6,2,-1,-1,-1,-1,-1,-1,8,E01013005,0,2
2025161576576,2025,161576576,1,9,0,-1,5,3,7,-1,0,1,0,0,0,0,4,1,-1,2,2,50,8,-1,-1,-1,-1,3,E01013134,0,1
2025161576588,2025,161576588,1,1,0,-1,9,5,6,-1,0,2,0,0,0,0,3,1,-1,9,1,54,8,-1,-1,-1,-1,10,E01012972,0,1
2025161576588,2025,161576588,2,9,0,-1,9,2,4,-1,0,1,0,0,0,0,1,1,-1,6,1,-1,-1,-1,-1,-1,-1,10,E01012970,0,1
2025161576725,2025,161576725,2,9,0,-1,5,6,2,-1,0,1,0,0,0,0,1,9,-1,6,1,-1,-1,-1,-1,-1,-1,-1,-1,0,-1
2025161576725,2025,161576725,1,9,0,-1,3,6,4,-1,0,1,0,0,0,0,2,9,-1,6,1,47,8,-1,-1,-1,-1,1,E01013300,0,1
2025161576776,2025,161576776,1,9,0,-1,19,1,5,-1,0,4,0,0,0,0,1,1,-1,9,1,87,11,-1,-1,-1,-1,8,E01013263,0,1
2025161576776,2025,161576776,2,5,0,-1,9,7,5,-1,0,8,1,0,0,0,4,1,-1,9,2,63,9,-1,-1,-1,-1,9,E01013260,0,1
2025161576905,2025,161576905,1,9,0,-1,1,3,7,-1,0,0,0,0,0,0,2,1,-1,6,1,26,6,-1,-1,-1,-1,3,E01013133,0,2
2025161576920,2025,161576920,2,9,0,-1,19,7,3,-1,0,8,0,0,0,0,4,1,-1,6,2,42,7,-1,-1,-1,-1,5,E01026107,0,3
2025161576920,2025,161576920,1,9,0,-1,5,1,7,-1,0,8,0,0,0,0,1,1,-1,1,1,30,6,-1,-1,-1,-1,2,E01026108,0,4
2025161576987,2025,161576987,1,9,0,-1,5,8,4,-1,0,0,0,0,0,0,0,1,-1,1,1,49,8,-1,-1,-1,-1,1,E01012854,0,4
2025161576987,2025,161576987,2,3,0,-1,19,7,3,-1,0,0,0,0,0,0,0,1,-1,6,1,28,6,-1,-1,-1,-1,6,E01013309,0,3
2025161577117,2025,161577117,2,9,0,-1,19,1,5,-1,0,0,1,0,0,0,1,1,-1,9,1,72,10,-1,-1,-1,-1,5,E01012768,0,1
2025161577117,2025,161577117,1,9,0,-1,19,5,1,-1,0,0,1,0,1,3,1,1,-1,9,2,43,7,-1,-1,-1,-1,7,E01028703,0,5
2025161577230,2025,161577230,1,9,0,-1,7,5,1,-1,0,2,0,0,3,0,2,1,-1,6,2,56,9,-1,-1,-1,-1,5,E01013287,0,3
2025161577230,2025,161577230,2,9,0,-1,99,5,1,-1,0,1,0,99,0,0,1,1,-1,6,1,21,5,-1,-1,-1,-1,-1,-1,0,-1
2025161577252,2025,161577252,2,9,0,-1,2,0,0,-1,0,2,0,0,0,0,4,1,-1,6,-1,-1,-1,-1,-1,-1,-1,-1,-1,0,-1
2025161577252,2025,161577252,1,9,0,-1,19,7,2,-1,0,2,5,4,0,0,1,1,-1,9,2,24,5,-1,-1,-1,-1,8,E01013058,0,1
2025161577318,2025,161577318,3,9,0,-1,2,0,0,-1,0,0,0,0,0,0,3,1,-1,6,-1,-1,-1,-1,-1,-1,-1,-1,-1,0,-1
2025161577318,2025,161577318,1,9,0,-1,19,1,2,-1,0,0,5,4,0,0,1,1,-1,9,1,37,7,-1,-1,-1,-1,-1,-1,0,-1
2025161577318,2025,161577318,2,9,0,-1,2,0,0,-1,0,0,0,0,0,0,2,1,-1,6,-1,-1,-1,-1,-1,-1,-1,-1,-1,0,-1
2025161577493,2025,161577493,1,9,0,-1,19,3,7,-1,0,1,1,0,0,0,1,1,-1,6,1,20,4,-1,-1,-1,-1,10,E01013091,0,1
2025161577493,2025,161577493,3,9,0,-1,19,3,7,-1,0,1,0,0,0,0,1,1,-1,6,1,35,6,-1,-1,-1,-1,6,E01012766,0,3
2025161577493,2025,161577493,2,9,0,-1,19,7,3,-1,0,1,0,0,0,0,1,1,-1,6,1,86,11,-1,-1,-1,-1,10,E01013108,0,2
2025161577611,2025,161577611,2,1,0,-1,19,3,7,-1,4,1,0,0,0,0,3,1,-1,6,1,18,4,-1,-1,-1,-1,1,E01012891,0,1
2025161577611,2025,161577611,1,9,0,-1,7,3,5,-1,0,1,0,0,0,0,4,1,-1,6,1,41,7,-1,-1,-1,-1,3,E01012868,0,1
2025161577635,2025,161577635,1,1,0,-1,19,6,2,-1,0,1,0,0,0,0,3,1,-1,6,1,48,8,-1,-1,-1,-1,1,E01012906,0,1
2025161577635,2025,161577635,2,9,0,-1,10,4,8,-1,0,1,0,0,0,0,0,9,-1,6,3,-1,-1,-1,-1,-1,-1,-1,-1,0,-1
2025161577647,2025,161577647,1,9,0,-1,19,3,7,-1,0,1,0,0,0,0,1,9,-1,6,2,26,6,-1,-1,-1,-1,3,E01013319,0,1
2025161577647,2025,161577647,2,1,0,-1,19,5,1,-1,0,1,0,0,0,0,1,1,-1,6,1,45,7,-1,-1,-1,-1,-1,-1,0,-1
2025161577825,2025,161577825,2,90,9,-1,99,1,5,-1,0,1,0,0,0,0,9,9,-1,6,3,-1,-1,-1,-1,-1,-1,-1,-1,0,-1
2025161577825,2025,161577825,1,9,9,-1,99,3,7,-1,0,1,0,0,0,0,9,9,-1,6,2,-1,-1,-1,-1,-1,-1,5,E01012769,0,1
2025161578000,2025,161578000,2,3,0,-1,14,7,3,-1,0,0,0,0,0,0,1,1,-1,6,1,40,7,-1,-1,-1,-1,-1,-1,0,-1
2025161578000,2025,161578000,1,9,0,-1,6,7,7,-1,0,0,0,0,0,0,3,1,-1,6,2,50,8,-1,-1,-1,-1,5,E01026107,0,3
2025161578046,2025,161578046,1,98,0,-1,19,8,4,-1,0,0,0,0,0,0,4,1,-1,1,1,35,6,-1,-1,-1,-1,5,E01013297,0,2
2025161578046,2025,161578046,2,1,0,-1,19,8,4,-1,0,0,0,0,0,0,2,1,-1,2,1,38,7,-1,-1,-1,-1,1,E01013284,0,2
2025161578081,2025,161578081,1,5,0,-1,19,6,2,-1,0,0,0,0,0,0,0,1,-1,6,1,65,9,-1,-1,-1,-1,4,E01026079,0,3
2025161578081,2025,161578081,4,19,0,-1,19,8,4,-1,0,0,0,0,0,0,0,1,-1,1,1,45,7,-1,-1,-1,-1,2,E01020869,0,5
2025161578081,2025,161578081,3,9,0,-1,4,8,4,-1,0,0,0,0,0,0,0,1,-1,1,1,36,7,-1,-1,-1,-1,2,E01020894,0,5
2025161578081,2025,161578081,2,9,0,-1,4,6,2,-1,0,0,0,0,0,0,0,1,-1,6,1,44,7,-1,-1,-1,-1,10,E01013452,0,4
2025161578507,2025,161578507,2,9,0,-1,19,3,5,-1,0,3,0,0,0,0,4,1,-1,6,2,-1,-1,-1,-1,-1,-1,-1,-1,0,-1
2025161578507,2025,161578507,1,1,0,-1,19,3,7,-1,0,8,1,0,0,0,1,1,-1,2,1,17,4,-1,-1,-1,-1,1,E01012780,0,1
2025161578515,2025,161578515,2,9,0,-1,19,6,2,-1,0,0,0,0,0,0,2,9,-1,6,1,50,8,-1,-1,-1,-1,1,E01012041,0,4
2025161578515,2025,161578515,1,9,0,-1,19,6,2,-1,0,0,0,0,0,0,1,9,-1,6,3,-1,-1,-1,-1,-1,-1,-1,-1,0,-1
2025161578816,2025,161578816,2,9,0,-1,19,7,3,-1,0,8,0,0,0,0,3,1,-1,6,2,59,9,-1,-1,-1,-1,5,E01012769,0,1
2025161578816,2025,161578816,1,9,0,-1,19,5,1,-1,0,8,0,0,0,0,1,1,-1,6,2,23,5,-1,-1,-1,-1,3,E01012784,0,1
2025161578911,2025,161578911,1,9,0,-1,19,5,1,-1,0,0,0,0,0,0,1,1,-1,9,2,52,8,-1,-1,-1,-1,9,E01012919,0,2
2025161578911,2025,161578911,2,9,0,-1,19,1,5,-1,0,0,0,0,0,0,1,1,-1,9,2,42,7,-1,-1,-1,-1,10,E01013092,0,1
2025161578994,2025,161578994,1,9,0,-1,4,2,6,-1,0,0,0,0,0,0,1,1,-1,6,2,40,7,-1,-1,-1,-1,3,E01029354,0,5
2025161578994,2025,161578994,3,9,0,-1,19,2,6,-1,0,0,0,0,0,0,1,1,-1,6,1,-1,-1,-1,-1,-1,-1,-1,-1,0,-1
2025161578994,2025,161578994,2,19,0,-1,2,2,6,-1,0,0,0,0,0,0,2,1,-1,6,1,-1,-1,-1,-1,-1,-1,-1,-1,0,-1
2025161579219,2025,161579219,2,5,0,-1,19,1,5,-1,0,1,0,0,0,0,1,1,-1,9,1,28,6,-1,-1,-1,-1,9,E01012812,0,1
2025161579219,2025,161579219,1,9,0,-1,9,5,3,-1,0,8,0,0,0,0,1,1,-1,9,2,30,6,-1,-1,-1,-1,1,E01012809,0,1
2025161579327,2025,161579327,2,9,0,-1,19,3,7,-1,0,0,1,0,7,0,4,1,-1,9,1,23,5,-1,-1,-1,-1,2,E01012863,0,1
2025161579327,2025,161579327,1,9,0,-1,5,3,7,-1,-1,0,0,0,0,0,3,1,-1,2,1,34,6,-1,-1,-1,-1,3,E01012757,0,1
2025161579358,2025,161579358,2,9,0,-1,19,5,1,-1,0,8,0,0,0,0,3,1,-1,2,1,41,7,-1,-1,-1,-1,1,E01013205,0,1
2025161579358,2025,161579358,1,9,0,-1,19,3,7,-1,0,8,0,0,0,0,1,1,-1,9,1,22,5,-1,-1,-1,-1,3,E01013164,0,1
2025161579383,2025,161579383,2,10,0,-1,2,0,0,-1,0,0,0,0,0,0,3,1,-1,6,-1,-1,-1,-1,-1,-1,-1,-1,-1,0,-1
2025161579383,2025,161579383,1,9,0,-1,19,3,7,-1,0,0,0,4,0,0,1,1,-1,6,2,34,6,-1,-1,-1,-1,1,E01013165,0,3
2025161579386,2025,161579386,1,1,0,-1,19,7,3,-1,0,0,0,0,0,0,1,1,-1,6,1,32,6,-1,-1,-1,-1,1,E01012875,0,1
2025161579388,2025,161579388,2,9,0,-1,19,2,6,-1,0,0,0,0,0,0,1,1,-1,6,1,-1,-1,-1,-1,-1,-1,-1,-1,0,-1
2025161579388,2025,161579388,1,9,0,-1,4,2,6,-1,0,0,0,0,0,0,2,1,-1,9,2,35,6,-1,-1,-1,-1,8,E01013005,0,1
2025161579452,2025,161579452,1,9,0,-1,19,2,6,-1,0,0,0,0,1,11,2,1,-1,6,2,53,8,-1,-1,-1,-1,2,E01013129,0,3
2025161579452,2025,161579452,2,9,0,-1,19,2,6,-1,0,0,0,0,2,11,1,1,-1,6,1,28,6,-1,-1,-1,-1,2,E01013187,0,2
2025161579628,2025,161579628,2,9,0,-1,19,6,2,-1,0,0,0,0,1,7,2,1,-1,6,2,52,8,-1,-1,-1,-1,4,E01012883,0,4
2025161579628,2025,161579628,1,9,0,-1,19,6,2,-1,0,0,0,0,5,6,1,1,-1,9,2,46,8,-1,-1,-1,-1,1,E01005905,0,5
2025161579790,2025,161579790,1,9,0,-1,4,4,8,-1,0,0,0,0,0,0,2,1,-1,6,1,58,9,-1,-1,-1,-1,2,E01035463,0,1
2025161579790,2025,161579790,2,9,0,-1,3,4,8,-1,0,0,0,0,0,0,1,1,-1,6,2,21,5,-1,-1,-1,-1,2,E01013038,0,2
2025161579881,2025,161579881,1,9,0,-1,11,3,7,-1,0,0,2,0,1,9,1,1,-1,6,1,39,7,-1,-1,-1,-1,1,E01013221,0,1
2025161580042,2025,161580042,2,9,0,-1,19,3,7,-1,0,0,0,0,0,0,1,1,-1,2,1,33,6,-1,-1,-1,-1,4,E01012799,0,1
2025161580042,2025,161580042,1,9,0,-1,6,3,3,-1,0,0,0,0,0,0,3,1,-1,9,1,58,9,-1,-1,-1,-1,3,E01012757,0,1
2025161580355,2025,161580355,1,9,0,-1,19,1,5,-1,0,0,1,0,1,0,1,1,-1,1,1,46,8,-1,-1,-1,-1,8,E01012989,0,3
2025161580421,2025,161580421,1,9,0,-1,19,5,1,-1,0,1,0,0,0,0,3,1,-1,9,1,59,9,-1,-1,-1,-1,6,E01013163,0,1
2025161580421,2025,161580421,2,-1,0,-1,19,3,7,-1,0,8,0,0,0,0,1,1,-1,6,1,12,3,-1,-1,-1,-1,3,E01013197,1,1
2025161580576,2025,161580576,2,9,0,-1,19,2,6,-1,0,0,0,0,0,0,1,1,-1,9,1,27,6,-1,-1,-1,-1,3,E01013197,0,1
2025161580576,2025,161580576,1,9,0,-1,4,2,6,-1,0,0,0,0,0,0,2,1,-1,2,1,42,7,-1,-1,-1,-1,1,E01013136,0,1
2025161580733,2025,161580733,2,9,0,-1,10,1,7,-1,0,5,0,0,0,0,3,1,-1,6,2,64,9,-1,-1,-1,-1,4,E01012827,0,1
2025161580733,2025,161580733,1,23,0,-1,9,1,7,-1,0,5,0,0,0,0,1,1,-1,6,1,22,5,-1,-1,-1,-1,1,E01012844,0,1
2025161580762,2025,161580762,2,9,0,-1,7,1,5,-1,0,5,0,0,0,0,4,1,-1,6,1,-1,-1,-1,-1,-1,-1,-1,-1,0,-1
2025161580762,2025,161580762,1,1,0,-1,19,7,3,-1,0,8,2,0,0,0,1,1,-1,2,1,27,6,-1,-1,-1,-1,4,E01012760,0,1
2025161580834,2025,161580834,1,9,0,-1,9,1,5,-1,0,8,0,0,0,0,1,1,-1,9,1,55,8,-1,-1,-1,-1,4,E01013320,0,1
2025161580834,2025,161580834,2,9,0,-1,19,5,1,-1,0,8,0,0,0,0,1,1,-1,9,1,53,8,-1,-1,-1,-1,6,E01033296,0,1
2025161581211,2025,161581211,1,9,0,-1,19,5,1,-1,0,1,0,0,0,0,1,1,-1,6,1,51,8,-1,-1,-1,-1,2,E01013330,0,1
2025161581211,2025,161581211,2,9,0,-1,9,5,1,-1,0,1,0,0,0,0,2,1,-1,6,2,51,8,-1,-1,-1,-1,9,E01026401,0,2
2025161581476,2025,161581476,2,1,0,-1,19,8,4,-1,0,0,5,4,0,0,3,1,-1,6,1,-1,-1,-1,-1,-1,-1,-1,-1,0,-1
2025161581476,2025,161581476,1,9,0,-1,1,6,2,-1,0,0,0,0,0,0,3,1,-1,6,1,51,8,-1,-1,-1,-1,9,E01035480,0,1
2025161581510,2025,161581510,2,9,0,-1,5,7,3,-1,0,1,0,0,0,0,4,9,-1,6,2,36,7,-1,-1,-1,-1,10,E01013012,0,1
2025161581510,2025,161581510,1,1,0,-1,19,7,3,-1,0,1,0,0,0,0,1,1,-1,6,1,56,9,-1,-1,-1,-1,10,E01013117,0,1
2025161581550,2025,161581550,1,97,0,-1,19,1,5,-1,0,1,5,0,0,0,1,1,-1,6,1,30,6,-1,-1,-1,-1,1,E01013138,0,1
2025161581590,2025,161581590,1,1,0,-1,7,3,5,-1,0,2,0,0,0,0,1,1,-1,6,1,13,3,-1,-1,-1,-1,1,E01012808,0,1
2025161581590,2025,161581590,2,9,0,-1,19,5,1,-1,0,1,0,0,0,0,3,9,-1,6,1,-1,-1,-1,-1,-1,-1,-1,-1,0,-1
2025161581628,2025,161581628,2,-1,0,-1,19,6,2,-1,0,0,0,0,0,0,1,1,-1,9,1,12,3,-1,-1,-1,-1,1,E01013208,1,1
2025161581628,2025,161581628,1,9,0,-1,19,3,3,-1,0,0,0,0,0,0,1,1,-1,6,1,80,11,-1,-1,-1,-1,7,E01013182,0,1
2025161581629,2025,161581629,2,90,0,-1,2,7,3,-1,0,0,0,0,0,0,0,1,-1,6,3,-1,-1,-1,-1,-1,-1,-1,-1,0,-1
2025161581629,2025,161581629,1,9,0,-1,19,7,3,-1,9,0,0,11,0,0,1,1,-1,6,2,34,6,-1,-1,-1,-1,4,E01013334,0,1
2025161581683,2025,161581683,2,19,0,-1,13,8,4,-1,0,1,0,0,0,0,4,1,-1,6,1,-1,-1,-1,-1,-1,-1,-1,-1,0,-1
2025161581683,2025,161581683,1,19,0,-1,4,8,4,-1,0,1,1,0,2,0,3,1,-1,9,1,54,8,-1,-1,-1,-1,6,E01013023,0,4
2025161581755,2025,161581755,1,11,0,-1,5,1,3,-1,0,1,0,99,0,0,0,1,-1,1,1,39,7,-1,-1,-1,-1,2,E01027812,0,4
2025161581779,2025,161581779,1,11,0,-1,5,5,7,-1,0,1,0,0,0,0,0,9,-1,1,3,35,6,-1,-1,-1,-1,1,E01012862,0,1
2025161581817,2025,161581817,2,16,0,-1,19,6,3,-1,0,0,0,0,0,0,0,1,-1,9,1,-1,-1,-1,-1,-1,-1,-1,-1,0,-1
2025161581817,2025,161581817,1,9,0,-1,19,3,6,-1,0,0,0,0,0,0,4,9,-1,6,1,-1,-1,-1,-1,-1,-1,-1,-1,0,-1
2025161581877,2025,161581877,2,9,0,-1,9,4,8,-1,2,0,0,0,1,0,3,1,-1,6,1,80,11,-1,-1,-1,-1,4,E01012827,0,1
2025161581877,2025,161581877,1,3,0,-1,19,6,2,-1,2,0,0,0,1,0,4,1,-1,2,1,18,4,-1,-1,-1,-1,1,E01012849,0,1
2025161581878,2025,161581878,2,-1,0,-1,19,1,5,-1,0,2,5,0,0,0,2,9,-1,6,1,10,2,-1,-1,-1,-1,3,E01012907,1,1
2025161581878,2025,161581878,1,5,0,-1,9,2,8,-1,0,2,0,0,0,0,1,1,-1,6,1,21,5,-1,-1,-1,-1,1,E01012905,0,1
2025161581926,2025,161581926,2,9,0,-1,19,2,6,-1,0,2,0,0,0,0,1,9,-1,6,1,-1,-1,-1,-1,-1,-1,-1,-1,0,-1
2025161581926,2025,161581926,1,1,0,-1,19,2,6,-1,0,2,5,0,0,0,2,1,-1,6,1,33,6,-1,-1,-1,-1,-1,-1,0,-1
2025161582033,2025,161582033,1,9,0,-1,5,5,1,-1,0,0,0,0,0,0,1,1,-1,9,2,44,7,-1,-1,-1,-1,1,E01012878,0,2
2025161582035,2025,161582035,1,9,0,-1,7,3,7,-1,0,3,0,0,0,0,1,1,-1,6,2,62,9,-1,-1,-1,-1,4,E01013258,0,3
2025161582035,2025,161582035,2,19,0,-1,19,1,5,-1,0,1,0,0,0,0,1,1,-1,6,2,43,7,-1,-1,-1,-1,5,E01013329,0,2
2025161582113,2025,161582113,1,-1,0,-1,19,4,8,-1,9,0,0,11,0,0,1,1,-1,9,2,17,4,-1,-1,-1,-1,8,E01035470,1,1
2025161582224,2025,161582224,1,5,0,-1,13,5,1,-1,0,0,0,0,0,0,4,1,-1,6,2,52,8,-1,-1,-1,-1,1,E01013298,0,3
2025161582224,2025,161582224,2,9,0,-1,19,5,1,-1,0,0,0,0,1,9,3,1,-1,9,1,43,7,-1,-1,-1,-1,4,E01013246,0,1
2025161582302,2025,161582302,1,9,0,-1,19,7,3,-1,0,1,0,0,0,0,3,1,-1,9,1,52,8,-1,-1,-1,-1,5,E01013287,0,2
2025161582302,2025,161582302,2,9,0,-1,9,3,1,-1,0,8,0,0,0,0,4,1,-1,9,2,57,9,-1,-1,-1,-1,7,E01013295,0,1
2025161582632,2025,161582632,2,19,0,-1,19,5,1,-1,0,1,1,0,0,0,1,1,-1,1,1,44,7,-1,-1,-1,-1,1,E01012948,0,3
2025161582632,2025,161582632,1,9,0,-1,10,5,3,-1,0,8,0,0,0,0,2,1,-1,2,1,36,7,-1,-1,-1,-1,4,E01012986,0,1
2025161582732,2025,161582732,2,9,0,-1,19,5,1,-1,0,0,0,0,0,0,2,1,-1,9,1,19,4,-1,-1,-1,-1,6,E01012937,0,2
2025161582732,2025,161582732,3,9,0,-1,19,5,1,-1,0,0,0,0,0,0,1,1,-1,9,1,19,4,-1,-1,-1,-1,4,E01012947,0,1