collision_index,collision_year,collision_ref_no,vehicle_reference,vehicle_type,towing_and_articulation,vehicle_manoeuvre_historic,vehicle_manoeuvre,vehicle_direction_from,vehicle_direction_to,vehicle_location_restricted_lane_historic,vehicle_location_restricted_lane,junction_location,skidding_and_overturning,hit_object_in_carriageway,vehicle_leaving_carriageway,hit_object_off_carriageway,first_point_of_impact,vehicle_left_hand_drive,journey_purpose_of_driver_historic,journey_purpose_of_driver,sex_of_driver,age_of_driver,age_band_of_driver,engine_capacity_cc,propulsion_code,age_of_vehicle,generic_make_model,driver_imd_decile,lsoa_of_driver,escooter_flag,driver_distance_banding
2025161598390,2025,161598390,2,19,0,-1,5,6,7,-1,0,0,5,0,0,0,2,9,-1,6,1,50,8,-1,-1,-1,-1,-1,-1,0,-1
2025161598537,2025,161598537,2,9,0,-1,19,2,6,-1,0,0,0,0,0,0,1,9,-1,6,1,40,7,-1,-1,-1,-1,-1,-1,0,-1
2025161598537,2025,161598537,1,1,0,-1,19,6,2,-1,0,0,0,0,0,0,1,1,-1,6,2,13,3,-1,-1,-1,-1,1,E01035473,0,1
2025161598656,2025,161598656,2,1,0,-1,19,5,1,-1,0,1,0,0,0,0,4,1,-1,6,2,75,10,-1,-1,-1,-1,-1,-1,0,-1
2025161598656,2025,161598656,1,9,0,-1,5,5,3,-1,0,6,0,0,0,0,3,1,-1,6,1,48,8,-1,-1,-1,-1,7,E01013020,0,1
2025161598778,2025,161598778,1,9,0,-1,19,5,1,-1,0,1,0,0,0,0,4,1,-1,6,2,36,7,-1,-1,-1,-1,1,E01012905,0,1
2025161598778,2025,161598778,2,1,0,-1,19,1,5,-1,0,1,0,0,0,0,4,1,-1,6,1,18,4,-1,-1,-1,-1,-1,-1,0,-1
2025161598790,2025,161598790,1,-1,0,-1,19,5,1,-1,4,1,0,0,0,0,3,1,-1,6,2,29,6,-1,-1,-1,-1,6,E01012916,1,1
2025161598790,2025,161598790,2,9,0,-1,7,5,7,-1,0,1,0,0,0,0,1,1,-1,6,1,47,8,-1,-1,-1,-1,2,E01012871,0,1
2025161598900,2025,161598900,1,9,0,-1,19,7,3,-1,0,0,0,0,0,0,2,1,-1,6,1,35,6,-1,-1,-1,-1,1,E01013278,0,1
2025161598900,2025,161598900,2,99,0,-1,19,7,3,-1,0,0,0,0,0,0,1,9,-1,6,3,45,7,-1,-1,-1,-1,-1,-1,0,-1
2025161598950,2025,161598950,1,8,0,-1,19,5,1,-1,0,0,0,0,0,0,1,1,-1,9,1,33,6,-1,-1,-1,-1,9,E01013115,0,1
2025161598950,2025,161598950,2,22,0,-1,19,7,3,-1,0,0,0,0,0,0,3,1,-1,6,2,39,7,-1,-1,-1,-1,10,E01013112,0,1
2025161599017,2025,161599017,1,9,0,-1,19,2,6,-1,0,8,0,0,0,0,1,1,-1,9,2,34,6,-1,-1,-1,-1,3,E01012832,0,1
2025161599017,2025,161599017,2,9,0,-1,9,5,3,-1,0,8,0,0,7,0,1,1,-1,9,1,21,5,-1,-1,-1,-1,1,E01012908,0,1
2025161599129,2025,161599129,1,9,0,-1,5,3,7,-1,0,8,0,0,0,0,1,1,-1,6,2,36,7,-1,-1,-1,-1,7,E01012987,0,3
2025161599129,2025,161599129,2,1,0,-1,19,6,2,-1,0,8,0,0,0,0,3,1,-1,6,1,48,8,-1,-1,-1,-1,8,E01013421,0,4
2025161599298,2025,161599298,2,9,0,-1,19,7,3,-1,0,0,0,0,1,1,2,1,-1,6,1,51,8,-1,-1,-1,-1,8,E01012791,0,3
2025161599298,2025,161599298,1,9,0,-1,19,7,3,-1,0,0,0,0,5,0,1,1,-1,2,1,35,6,-1,-1,-1,-1,10,E01013112,0,2
2025161599350,2025,161599350,2,8,0,-1,19,7,3,-1,0,0,0,0,1,4,1,1,-1,1,2,44,7,-1,-1,-1,-1,5,E01013297,0,4
2025161599350,2025,161599350,1,9,0,-1,6,3,3,-1,0,0,0,0,0,0,0,1,-1,9,1,72,10,-1,-1,-1,-1,6,E01013309,0,1
2025161599362,2025,161599362,2,9,0,-1,5,1,5,-1,0,3,0,0,0,0,2,1,-1,1,2,51,8,-1,-1,-1,-1,7,E01013026,0,3
2025161599362,2025,161599362,1,9,0,-1,5,1,5,-1,1,3,0,0,0,0,1,1,-1,1,1,25,5,-1,-1,-1,-1,3,E01012866,0,3
2025161599368,2025,161599368,1,9,0,-1,19,3,8,-1,0,0,1,0,1,4,3,1,-1,6,1,31,6,-1,-1,-1,-1,10,E01012967,0,1
2025161599424,2025,161599424,2,9,0,-1,19,7,3,-1,0,0,0,0,0,0,1,1,-1,9,1,64,9,-1,-1,-1,-1,8,E01013148,0,4
2025161599424,2025,161599424,1,9,0,-1,15,5,8,-1,0,0,1,10,6,7,1,1,-1,9,1,45,7,-1,-1,-1,-1,8,E01013263,0,1
2025161599455,2025,161599455,3,90,0,-1,4,4,8,-1,0,0,0,0,0,0,1,1,-1,1,1,45,7,-1,-1,-1,-1,7,E01033105,0,4
2025161599455,2025,161599455,1,9,0,-1,4,4,8,-1,0,0,0,0,0,0,2,1,-1,9,1,55,8,-1,-1,-1,-1,7,E01026091,0,4
2025161599455,2025,161599455,2,9,0,-1,4,4,8,-1,0,0,0,0,1,0,2,1,-1,7,1,20,4,-1,-1,-1,-1,8,E01013055,0,1
2025161599567,2025,161599567,2,9,0,-1,4,3,7,-1,0,0,0,0,0,0,2,1,-1,9,2,36,7,-1,-1,-1,-1,3,E01012913,0,1
2025161599567,2025,161599567,1,9,0,-1,19,3,7,-1,0,0,0,0,0,0,1,1,-1,9,2,20,4,-1,-1,-1,-1,1,E01012844,0,1
2025161599643,2025,161599643,1,9,0,-1,9,6,2,-1,0,2,0,0,0,0,1,1,-1,9,2,88,11,-1,-1,-1,-1,8,E01027896,0,1
2025161599643,2025,161599643,2,9,0,-1,19,3,7,-1,0,8,0,0,0,0,1,1,-1,9,2,65,9,-1,-1,-1,-1,6,E01007526,0,4
2025161599647,2025,161599647,2,9,0,-1,19,3,7,-1,0,1,0,0,0,0,1,1,-1,9,2,33,6,-1,-1,-1,-1,7,E01013145,0,1
2025161599647,2025,161599647,1,9,0,-1,9,7,3,-1,0,8,0,0,0,0,1,1,-1,9,2,22,5,-1,-1,-1,-1,3,E01013231,0,1
2025161599792,2025,161599792,1,9,0,-1,9,3,7,-1,0,1,0,0,0,0,1,1,-1,6,1,20,4,-1,-1,-1,-1,1,E01012862,0,1
2025161599792,2025,161599792,2,9,0,-1,19,1,5,-1,0,1,0,0,0,0,1,1,-1,6,1,24,5,-1,-1,-1,-1,4,E01012964,0,1
2025161599843,2025,161599843,1,1,0,-1,19,5,1,-1,9,0,0,0,0,0,3,1,-1,9,1,15,3,-1,-1,-1,-1,1,E01012879,0,1
2025161599843,2025,161599843,2,9,0,-1,5,3,7,-1,0,0,0,0,0,0,1,1,-1,9,2,19,4,-1,-1,-1,-1,8,E01035470,0,1
2025161599859,2025,161599859,1,9,0,-1,19,7,3,-1,0,1,0,0,0,0,1,1,-1,6,1,31,6,-1,-1,-1,-1,1,E01035467,0,1
2025161599859,2025,161599859,2,1,0,-1,9,1,5,-1,0,1,0,0,0,0,2,1,-1,1,1,37,7,-1,-1,-1,-1,1,E01012857,0,1
2025161599892,2025,161599892,2,1,0,-1,19,1,5,-1,0,1,0,0,0,0,1,1,-1,6,1,20,4,-1,-1,-1,-1,1,E01012857,0,2
2025161599892,2025,161599892,1,9,0,-1,4,1,5,-1,0,1,0,0,0,0,2,2,-1,6,1,31,6,-1,-1,-1,-1,4,E01012825,0,1
2025161599938,2025,161599938,2,9,0,-1,19,7,3,-1,0,8,0,0,0,0,3,1,-1,6,1,28,6,-1,-1,-1,-1,1,E01013221,0,1
2025161599938,2025,161599938,1,5,0,-1,19,5,1,-1,0,1,0,0,0,0,1,1,-1,6,1,18,4,-1,-1,-1,-1,1,E01013138,0,1
2025161600053,2025,161600053,1,9,0,-1,19,1,5,-1,0,0,0,0,1,0,1,1,-1,6,1,20,4,-1,-1,-1,-1,8,E01034756,0,4
2025161600150,2025,161600150,2,1,0,-1,2,5,1,-1,0,0,0,0,0,0,3,1,-1,6,1,46,8,-1,-1,-1,-1,5,E01028031,0,2
2025161600150,2025,161600150,1,19,0,-1,19,5,1,-1,0,0,0,0,0,0,2,1,-1,1,1,52,8,-1,-1,-1,-1,2,E01028027,0,3
2025161600154,2025,161600154,1,9,0,-1,19,1,5,-1,0,8,0,0,1,0,3,1,-1,6,1,35,6,-1,-1,-1,-1,9,E01013260,0,2
2025161600154,2025,161600154,2,9,0,-1,5,7,3,-1,0,1,0,0,1,0,1,1,-1,6,1,76,11,-1,-1,-1,-1,9,E01033297,0,1
2025161600171,2025,161600171,1,9,0,-1,19,7,3,-1,0,0,0,0,1,2,1,1,-1,9,1,42,7,-1,-1,-1,-1,1,E01013177,0,2
2025161600208,2025,161600208,1,9,0,-1,19,3,3,-1,0,0,0,0,0,0,1,1,-1,1,1,45,7,-1,-1,-1,-1,1,E01012862,0,2
2025161600294,2025,161600294,2,4,0,-1,19,5,1,-1,0,1,0,0,0,0,1,1,-1,9,1,24,5,-1,-1,-1,-1,4,E01012756,0,1
2025161600294,2025,161600294,1,9,0,-1,9,1,5,-1,0,1,0,0,0,0,4,1,-1,6,1,45,7,-1,-1,-1,-1,1,E01027805,0,4
2025161600320,2025,161600320,2,9,0,-1,19,7,3,-1,0,0,0,0,0,0,1,1,-1,6,2,51,8,-1,-1,-1,-1,5,E01011124,0,4
2025161600320,2025,161600320,1,9,0,-1,19,7,3,-1,0,0,5,0,0,0,1,1,-1,6,1,86,11,-1,-1,-1,-1,4,E01026367,0,2
2025161600326,2025,161600326,3,9,0,-1,19,1,5,-1,0,0,0,0,0,0,3,1,-1,6,1,63,9,-1,-1,-1,-1,10,E01012921,0,4
2025161600326,2025,161600326,2,19,0,-1,19,1,5,-1,0,0,0,0,0,0,1,1,-1,9,1,34,6,-1,-1,-1,-1,7,E01013264,0,4
2025161600326,2025,161600326,1,9,0,-1,19,5,1,-1,0,0,0,0,0,0,1,1,-1,6,1,59,9,-1,-1,-1,-1,1,E01010828,0,5
2025161600340,2025,161600340,1,9,0,-1,12,7,3,-1,0,0,5,10,0,0,3,1,-1,6,1,21,5,-1,-1,-1,-1,1,E01013140,0,4
2025161600363,2025,161600363,2,9,0,-1,19,3,7,-1,0,2,0,0,0,0,3,1,-1,6,1,30,6,-1,-1,-1,-1,-1,-1,0,-1
2025161600363,2025,161600363,1,9,0,-1,3,3,3,-1,0,2,0,0,0,0,1,1,-1,9,1,27,6,-1,-1,-1,-1,1,E01012878,0,1
2025161600404,2025,161600404,1,9,0,-1,19,5,1,-1,0,1,0,0,0,0,4,1,-1,9,1,37,7,-1,-1,-1,-1,5,E01013285,0,1
2025161600463,2025,161600463,1,9,0,-1,19,2,6,-1,0,1,0,0,0,0,1,1,-1,1,1,53,8,-1,-1,-1,-1,4,E01012772,0,1
2025161600463,2025,161600463,2,9,0,-1,19,2,6,-1,0,1,0,0,0,0,2,9,-1,1,1,27,6,-1,-1,-1,-1,2,E01026111,0,4
2025161600476,2025,161600476,2,9,0,-1,19,4,8,-1,0,1,0,0,0,0,1,1,-1,6,1,30,6,-1,-1,-1,-1,-1,-1,0,-1
2025161600476,2025,161600476,1,9,0,-1,19,4,8,-1,0,1,0,0,0,0,2,1,-1,6,2,69,10,-1,-1,-1,-1,2,E01013129,0,1
2025161600535,2025,161600535,1,9,0,-1,19,7,3,-1,0,0,0,0,0,0,1,2,-1,6,2,20,4,-1,-1,-1,-1,10,E01012967,0,1
2025161600535,2025,161600535,2,9,0,-1,19,3,7,-1,0,0,0,0,0,0,1,1,-1,6,2,30,6,-1,-1,-1,-1,2,E01012795,0,3
2025161600662,2025,161600662,1,3,0,-1,19,1,5,-1,0,0,1,0,1,0,0,1,-1,2,2,20,4,-1,-1,-1,-1,9,E01012996,0,3
2025161600737,2025,161600737,1,9,0,-1,19,2,2,-1,0,0,5,4,0,0,1,1,-1,9,1,17,4,-1,-1,-1,-1,5,E01032987,0,4
2025161600737,2025,161600737,2,9,0,-1,2,0,0,-1,9,0,0,0,0,0,3,1,-1,6,-1,-1,-1,-1,-1,-1,-1,-1,-1,0,-1
2025161600840,2025,161600840,2,9,0,-1,4,3,7,-1,0,0,0,0,0,0,1,1,-1,6,2,30,6,-1,-1,-1,-1,-1,-1,0,-1
2025161600840,2025,161600840,1,9,0,-1,4,3,7,-1,0,0,0,0,0,0,2,1,-1,9,1,38,7,-1,-1,-1,-1,1,E01012915,0,1
2025161600853,2025,161600853,3,9,0,-1,19,3,7,-1,0,0,0,0,0,0,2,1,-1,6,1,35,6,-1,-1,-1,-1,7,E01012792,0,4
2025161600853,2025,161600853,2,9,0,-1,19,3,7,-1,0,0,0,0,0,0,2,1,-1,2,1,33,6,-1,-1,-1,-1,7,E01013026,0,1
2025161600853,2025,161600853,1,9,0,-1,19,3,7,-1,0,0,0,0,0,0,1,1,-1,2,1,41,7,-1,-1,-1,-1,3,E01012963,0,4
2025161600962,2025,161600962,1,1,0,-1,19,7,3,-1,0,0,0,0,0,0,3,1,-1,6,1,10,2,-1,-1,-1,-1,-1,-1,0,-1
2025161600962,2025,161600962,2,19,0,-1,19,7,3,-1,0,0,0,0,0,0,4,1,-1,6,3,30,6,-1,-1,-1,-1,-1,-1,0,-1
2025161601031,2025,161601031,1,9,0,-1,4,3,7,-1,0,5,0,0,0,0,2,1,-1,9,1,34,6,-1,-1,-1,-1,6,E01012982,0,3
2025161601031,2025,161601031,2,21,0,-1,19,3,7,-1,0,1,0,0,0,0,1,1,-1,1,1,50,8,-1,-1,-1,-1,1,E01007511,0,4
2025161601195,2025,161601195,1,9,0,-1,19,4,8,-1,0,0,1,0,0,0,1,1,-1,9,1,29,6,-1,-1,-1,-1,5,E01013306,0,1
2025161601208,2025,161601208,1,9,0,-1,13,1,5,-1,0,8,0,4,0,0,1,1,-1,6,1,29,6,-1,-1,-1,-1,1,E01012874,0,1
2025161601208,2025,161601208,5,19,0,-1,2,0,0,-1,0,8,0,0,0,0,1,1,-1,6,-1,-1,-1,-1,-1,-1,-1,-1,-1,0,-1
2025161601208,2025,161601208,4,19,0,-1,2,0,0,-1,0,8,0,0,0,0,1,1,-1,6,-1,-1,-1,-1,-1,-1,-1,-1,-1,0,-1
2025161601208,2025,161601208,3,9,0,-1,2,0,0,-1,0,8,0,4,0,0,1,1,-1,6,-1,-1,-1,-1,-1,-1,-1,-1,-1,0,-1
2025161601208,2025,161601208,2,11,0,-1,19,1,5,-1,0,2,0,0,0,0,2,1,-1,1,1,56,9,-1,-1,-1,-1,4,E01012883,0,2
2025161601265,2025,161601265,1,21,0,-1,19,7,3,-1,0,1,0,0,0,0,1,1,-1,1,1,38,7,-1,-1,-1,-1,10,E01013061,0,1
2025161601265,2025,161601265,2,9,0,-1,7,1,3,-1,0,6,0,0,0,0,1,1,-1,2,2,46,8,-1,-1,-1,-1,10,E01013059,0,1
2025161601425,2025,161601425,1,-1,0,-1,19,7,3,-1,0,2,0,4,0,0,1,1,-1,6,1,20,4,-1,-1,-1,-1,-1,-1,0,-1
2025161601425,2025,161601425,2,19,0,-1,19,3,7,-1,0,1,0,0,0,0,1,9,-1,1,3,40,7,-1,-1,-1,-1,-1,-1,0,-1
2025161601425,2025,161601425,3,19,0,-1,2,0,0,-1,0,2,0,0,0,0,2,9,-1,6,3,-1,-1,-1,-1,-1,-1,-1,-1,0,-1
2025161601449,2025,161601449,1,11,0,-1,5,6,2,-1,0,2,0,0,0,0,4,1,-1,1,2,26,6,-1,-1,-1,-1,9,E01035478,0,1
2025161601457,2025,161601457,2,9,0,-1,19,5,1,-1,0,4,0,0,0,0,1,1,-1,6,1,25,5,-1,-1,-1,-1,-1,-1,0,-1
2025161601457,2025,161601457,1,1,0,-1,19,3,7,-1,0,8,0,0,0,0,2,1,-1,6,2,32,6,-1,-1,-1,-1,1,E01035468,0,1
2025161601468,2025,161601468,1,11,0,-1,19,2,6,-1,0,0,0,0,0,0,0,1,-1,1,1,50,8,-1,-1,-1,-1,-1,-1,0,-1
2025161601503,2025,161601503,1,9,0,-1,19,6,2,-1,0,0,0,0,0,0,9,1,-1,6,1,50,8,-1,-1,-1,-1,4,E01013308,0,3
2025161601590,2025,161601590,2,9,0,-1,19,1,5,-1,0,2,0,0,0,0,1,1,-1,6,2,29,6,-1,-1,-1,-1,2,E01013283,0,1
2025161601590,2025,161601590,1,9,0,-1,3,1,5,-1,0,2,0,0,0,0,2,1,-1,2,2,38,7,-1,-1,-1,-1,5,E01013297,0,1
2025161601672,2025,161601672,2,9,0,-1,19,3,7,-1,0,1,0,0,0,0,3,1,-1,9,2,26,6,-1,-1,-1,-1,4,E01012800,0,1
2025161601672,2025,161601672,1,9,0,-1,9,1,7,-1,0,6,0,0,0,0,1,2,-1,6,3,-1,-1,-1,-1,-1,-1,-1,-1,0,-1
2025161601748,2025,161601748,2,5,0,-1,13,7,3,-1,0,0,1,0,7,0,1,1,-1,2,1,37,7,-1,-1,-1,-1,3,E01012866,0,3
2025161601748,2025,161601748,1,9,0,-1,13,7,3,-1,0,0,0,0,0,0,3,1,-1,2,1,20,4,-1,-1,-1,-1,2,E01013259,0,1
2025161601754,2025,161601754,1,3,0,-1,19,7,4,-1,0,0,0,0,0,0,2,1,-1,6,1,48,8,-1,-1,-1,-1,1,E01013299,0,2
2025161601754,2025,161601754,2,19,0,-1,19,7,4,-1,0,0,0,0,0,0,1,1,-1,6,3,-1,-1,-1,-1,-1,-1,-1,-1,0,-1
2025161601825,2025,161601825,1,1,0,-1,5,7,3,-1,4,1,0,0,0,0,3,1,-1,6,1,15,3,-1,-1,-1,-1,1,E01012845,0,1
2025161601825,2025,161601825,2,1,0,-1,5,7,3,-1,4,1,0,0,0,0,4,1,-1,6,3,-1,-1,-1,-1,-1,-1,-1,-1,0,-1
2025161601825,2025,161601825,3,19,0,-1,7,7,1,-1,0,1,0,0,0,0,-1,9,-1,6,3,40,7,-1,-1,-1,-1,-1,-1,0,-1
2025161601971,2025,161601971,2,9,0,-1,19,1,5,-1,0,0,5,0,1,0,1,1,-1,2,1,55,8,-1,-1,-1,-1,8,E01013065,0,3
2025161601971,2025,161601971,1,9,0,-1,4,1,5,-1,0,0,0,0,0,0,2,1,-1,2,1,66,10,-1,-1,-1,-1,7,E01013069,0,3
2025161602024,2025,161602024,1,19,0,-1,19,1,5,-1,0,1,0,0,0,0,3,1,-1,1,2,24,5,-1,-1,-1,-1,2,E01012777,0,1
2025161602024,2025,161602024,2,9,0,-1,9,7,5,-1,0,1,0,0,0,0,1,1,-1,6,1,28,6,-1,-1,-1,-1,1,E01012874,0,1
2025161602095,2025,161602095,1,9,0,-1,9,3,1,-1,0,1,0,0,0,0,1,1,-1,9,1,24,5,-1,-1,-1,-1,1,E01035467,0,1
2025161602095,2025,161602095,2,9,0,-1,19,7,3,-1,0,1,0,0,0,0,3,1,-1,2,1,35,6,-1,-1,-1,-1,5,E01013107,0,1
2025161602254,2025,161602254,1,9,0,-1,19,8,4,-1,0,0,0,0,0,0,1,9,-1,6,2,45,7,-1,-1,-1,-1,2,E01013131,0,1
2025161602254,2025,161602254,2,3,0,-1,19,4,8,-1,0,0,0,0,0,0,1,1,-1,6,1,36,7,-1,-1,-1,-1,2,E01013130,0,1
2025161602393,2025,161602393,2,9,0,-1,9,5,1,-1,0,8,0,0,0,0,1,1,-1,6,1,66,10,-1,-1,-1,-1,1,E01013196,0,1
2025161602393,2025,161602393,1,9,0,-1,19,7,3,-1,0,8,5,7,0,0,2,1,-1,6,1,24,5,-1,-1,-1,-1,1,E01013159,0,1
2025161602524,2025,161602524,1,9,0,-1,3,7,4,-1,0,0,0,0,0,0,2,1,-1,6,1,64,9,-1,-1,-1,-1,1,E01013084,0,4
2025161602524,2025,161602524,2,9,0,-1,19,7,4,-1,0,0,0,0,0,0,1,1,-1,6,3,25,5,-1,-1,-1,-1,-1,-1,0,-1
2025161602586,2025,161602586,2,3,0,-1,19,1,5,-1,0,0,0,0,0,0,1,1,-1,9,1,19,4,-1,-1,-1,-1,2,E01026378,0,4
2025161602586,2025,161602586,1,19,0,-1,4,1,5,-1,0,0,0,0,0,0,2,1,-1,6,1,56,9,-1,-1,-1,-1,2,E01013237,0,1
2025161602628,2025,161602628,1,4,0,-1,9,5,3,-1,0,8,0,0,0,0,1,1,-1,6,3,-1,-1,-1,-1,-1,-1,-1,-1,0,-1
2025161602697,2025,161602697,1,9,0,-1,19,7,3,-1,0,1,0,10,1,0,3,1,-1,6,2,30,6,-1,-1,-1,-1,4,E01013320,0,1
2025161602697,2025,161602697,2,9,0,-1,5,0,3,-1,0,1,0,0,0,0,4,9,-1,6,2,30,6,-1,-1,-1,-1,-1,-1,0,-1
2025161602761,2025,161602761,1,9,0,-1,19,3,7,-1,0,1,0,0,0,0,4,1,-1,2,2,33,6,-1,-1,-1,-1,4,E01012828,0,2
2025161602799,2025,161602799,1,23,0,-1,19,2,6,-1,0,1,0,0,0,0,1,1,-1,6,3,16,4,-1,-1,-1,-1,-1,-1,0,-1
2025161602895,2025,161602895,1,21,0,-1,19,3,7,-1,0,0,5,0,1,9,1,1,-1,1,1,31,6,-1,-1,-1,-1,2,E01020784,0,5
2025161602947,2025,161602947,1,9,0,-1,19,6,2,-1,0,0,0,0,0,0,3,1,-1,6,1,30,6,-1,-1,-1,-1,2,E01033104,0,1
2025161602947,2025,161602947,2,9,0,-1,19,6,2,-1,0,0,0,0,0,0,4,1,-1,6,3,22,5,-1,-1,-1,-1,-1,-1,0,-1
2025161602947,2025,161602947,3,5,0,-1,19,6,2,-1,0,0,0,0,0,0,4,1,-1,6,1,39,7,-1,-1,-1,-1,1,E01012862,0,1
2025161602982,2025,161602982,1,9,0,-1,7,7,1,-1,0,1,0,0,3,10,1,1,-1,9,2,39,7,-1,-1,-1,-1,3,E01013303,0,1
2025161603049,2025,161603049,2,9,0,-1,9,1,5,-1,0,1,0,0,0,0,1,1,-1,6,3,50,8,-1,-1,-1,-1,-1,-1,0,-1
2025161603049,2025,161603049,1,9,0,-1,9,1,5,-1,0,1,0,0,0,0,2,1,-1,6,2,55,8,-1,-1,-1,-1,4,E01013179,0,3
2025161603071,2025,161603071,2,16,0,-1,15,1,5,-1,0,0,0,0,0,0,1,1,-1,6,2,12,3,-1,-1,-1,-1,7,E01013100,0,3
2025161603071,2025,161603071,1,19,0,-1,19,1,5,-1,0,0,0,0,0,0,2,1,-1,6,1,60,9,-1,-1,-1,-1,5,E01025061,0,5
2025161603292,2025,161603292,1,9,0,-1,19,1,5,-1,0,0,2,0,2,2,1,1,-1,6,1,18,4,-1,-1,-1,-1,1,E01012931,0,1
2025161603302,2025,161603302,1,19,0,-1,19,1,5,-1,0,0,0,0,0,0,2,1,-1,6,1,29,6,-1,-1,-1,-1,7,E01013020,0,3
2025161603302,2025,161603302,2,21,0,-1,19,1,5,-1,0,0,0,0,0,0,1,1,-1,6,3,30,6,-1,-1,-1,-1,-1,-1,0,-1
2025161603315,2025,161603315,1,22,0,-1,19,7,3,-1,9,1,0,0,0,0,1,1,-1,6,2,55,8,-1,-1,-1,-1,-1,-1,0,-1
2025161603317,2025,161603317,1,9,0,-1,19,2,6,-1,0,0,5,0,7,9,1,1,-1,6,1,22,5,-1,-1,-1,-1,10,E01012926,0,1
2025161603320,2025,161603320,2,1,0,-1,19,1,5,-1,0,8,0,0,0,0,1,1,-1,6,2,15,3,-1,-1,-1,-1,1,E01013162,0,1
2025161603320,2025,161603320,1,9,0,-1,19,1,5,-1,0,3,0,0,3,0,3,1,-1,2,2,36,7,-1,-1,-1,-1,2,E01013130,0,1
2025161603395,2025,161603395,1,9,0,-1,19,1,7,-1,0,1,1,0,1,9,1,1,-1,6,1,23,5,-1,-1,-1,-1,5,E01012824,0,2
2025161603418,2025,161603418,1,9,0,-1,19,1,5,-1,0,1,0,0,0,0,1,1,-1,1,2,60,9,-1,-1,-1,-1,2,E01012871,0,1
2025161603418,2025,161603418,2,9,0,-1,3,1,5,-1,0,1,0,0,0,0,2,1,-1,6,2,20,4,-1,-1,-1,-1,6,E01012766,0,1
2025161603435,2025,161603435,1,1,0,-1,19,4,8,-1,0,0,0,0,0,0,2,1,-1,6,2,58,9,-1,-1,-1,-1,1,E01012848,0,1
2025161603435,2025,161603435,2,-1,0,-1,19,4,8,-1,0,0,0,0,0,0,1,1,-1,6,1,24,5,-1,-1,-1,-1,1,E01012836,1,1
2025161603444,2025,161603444,2,9,0,-1,7,3,5,-1,0,6,0,0,0,0,3,1,-1,6,1,21,5,-1,-1,-1,-1,3,E01012999,0,1
2025161603444,2025,161603444,1,9,0,-1,19,1,5,-1,0,1,1,0,0,0,1,1,-1,6,2,30,6,-1,-1,-1,-1,9,E01013015,0,1
2025161603473,2025,161603473,2,9,0,-1,19,8,2,-1,0,8,0,0,0,0,2,1,-1,2,2,52,8,-1,-1,-1,-1,10,E01012967,0,3
2025161603473,2025,161603473,1,9,0,-1,19,7,3,-1,0,8,0,0,0,0,1,1,-1,6,1,44,7,-1,-1,-1,-1,7,E01013026,0,3
2025161603490,2025,161603490,2,1,0,-1,19,7,3,-1,4,1,0,0,0,0,1,1,-1,6,1,52,8,-1,-1,-1,-1,5,E01013030,0,3
2025161603490,2025,161603490,1,9,0,-1,9,3,1,-1,0,5,0,0,0,0,4,1,-1,6,2,29,6,-1,-1,-1,-1,1,E01012850,0,1
2025161603529,2025,161603529,1,9,0,-1,9,1,7,-1,0,8,0,0,0,0,1,1,-1,6,1,30,6,-1,-1,-1,-1,9,E01033107,0,1
2025161603529,2025,161603529,2,1,0,-1,19,5,1,-1,4,1,0,0,0,0,3,1,-1,6,1,18,4,-1,-1,-1,-1,1,E01012873,0,1
2025161603535,2025,161603535,2,9,0,-1,19,7,3,-1,0,0,0,0,5,0,2,1,-1,2,2,46,8,-1,-1,-1,-1,1,E01012918,0,3
2025161603535,2025,161603535,1,9,0,-1,19,7,3,-1,0,0,5,0,2,0,1,1,-1,9,2,55,8,-1,-1,-1,-1,10,E01013012,0,2
2025161603616,2025,161603616,1,23,0,-1,5,3,7,-1,0,0,0,0,0,0,0,1,-1,6,1,24,5,-1,-1,-1,-1,1,E01012946,0,1
2025161603661,2025,161603661,2,1,0,-1,19,7,3,-1,4,0,0,0,0,0,3,1,-1,2,1,56,9,-1,-1,-1,-1,10,E01012925,0,3
2025161603661,2025,161603661,1,19,0,-1,11,7,3,-1,2,0,0,0,0,0,4,1,-1,6,1,38,7,-1,-1,-1,-1,3,E01012774,0,1
2025161603717,2025,161603717,2,9,0,-1,19,6,1,-1,0,0,0,0,0,0,1,1,-1,6,2,36,7,-1,-1,-1,-1,-1,-1,0,-1
2025161603717,2025,161603717,1,1,0,-1,7,7,1,-1,0,0,0,0,0,0,3,1,-1,6,1,12,3,-1,-1,-1,-1,1,E01013212,0,1
2025161603729,2025,161603729,1,1,0,-1,19,7,2,-1,5,1,5,0,0,0,3,1,-1,6,1,47,8,-1,-1,-1,-1,1,E01012862,0,1
2025161603729,2025,161603729,2,9,0,-1,19,5,1,-1,0,1,0,0,0,0,1,9,-1,6,3,40,7,-1,-1,-1,-1,-1,-1,0,-1
2025161603841,2025,161603841,2,9,0,-1,19,5,1,-1,0,1,0,0,0,0,1,1,-1,6,2,29,6,-1,-1,-1,-1,5,E01013107,0,4
2025161603841,2025,161603841,1,9,0,-1,19,1,5,-1,0,1,0,0,0,0,1,1,-1,6,1,50,8,-1,-1,-1,-1,9,E01008493,0,5
2025161604175,2025,161604175,1,10,0,-1,13,6,2,-1,0,0,0,0,0,0,4,1,-1,1,1,67,10,-1,-1,-1,-1,6,E01013097,0,2
2025161604175,2025,161604175,2,1,0,-1,19,6,2,-1,2,0,0,0,0,0,3,1,-1,6,1,55,8,-1,-1,-1,-1,5,E01012824,0,1