collision_index,collision_year,collision_ref_no,vehicle_reference,vehicle_type,towing_and_articulation,vehicle_manoeuvre_historic,vehicle_manoeuvre,vehicle_direction_from,vehicle_direction_to,vehicle_location_restricted_lane_historic,vehicle_location_restricted_lane,junction_location,skidding_and_overturning,hit_object_in_carriageway,vehicle_leaving_carriageway,hit_object_off_carriageway,first_point_of_impact,vehicle_left_hand_drive,journey_purpose_of_driver_historic,journey_purpose_of_driver,sex_of_driver,age_of_driver,age_band_of_driver,engine_capacity_cc,propulsion_code,age_of_vehicle,generic_make_model,driver_imd_decile,lsoa_of_driver,escooter_flag,driver_distance_banding
2025161631900,2025,161631900,2,9,0,-1,19,3,7,-1,0,2,0,0,0,0,2,1,-1,6,1,26,6,-1,-1,-1,-1,5,E01013009,0,2
2025161631900,2025,161631900,1,3,0,-1,12,3,7,-1,0,2,0,0,0,0,1,1,-1,6,2,18,4,-1,-1,-1,-1,7,E01013096,0,2
2025161639357,2025,161639357,1,9,0,-1,4,7,3,-1,0,0,0,0,0,0,2,1,-1,6,1,19,4,-1,-1,-1,-1,5,E01033414,0,1
2025161639357,2025,161639357,3,9,0,-1,4,7,3,-1,0,0,0,0,0,0,2,1,-1,6,-1,40,7,-1,-1,-1,-1,-1,-1,0,-1
2025161639357,2025,161639357,2,9,0,-1,19,7,3,-1,0,0,0,0,0,0,1,1,-1,6,1,23,5,-1,-1,-1,-1,-1,-1,0,-1
2025161639651,2025,161639651,1,9,0,-1,9,1,6,-1,0,2,0,0,0,0,1,1,-1,6,1,31,6,-1,-1,-1,-1,2,E01013202,0,1
2025161639651,2025,161639651,2,1,0,-1,19,6,2,-1,0,1,0,0,0,0,1,1,-1,6,1,48,8,-1,-1,-1,-1,-1,-1,0,-1
20251700000L4,2025,1700000L4,2,9,0,-1,19,3,7,-1,0,8,0,0,0,0,2,1,-1,9,1,63,9,-1,-1,-1,-1,7,E01012345,0,4
20251700000L4,2025,1700000L4,1,9,0,-1,4,3,7,-1,0,8,0,0,0,0,1,1,-1,9,1,64,9,-1,-1,-1,-1,7,E01012174,0,2
202517H100125,2025,17H100125,1,9,0,-1,9,5,3,-1,0,2,0,0,0,0,1,1,-1,9,1,26,6,-1,-1,-1,-1,1,E01033466,0,1
202517H100225,2025,17H100225,1,9,0,-1,9,1,6,-1,0,8,0,0,0,0,1,1,-1,9,2,55,8,-1,-1,-1,-1,2,E01011987,0,1
202517H100225,2025,17H100225,2,1,0,-1,19,5,1,-1,0,8,0,0,0,0,1,1,-1,9,1,39,7,-1,-1,-1,-1,-1,-1,0,-1
202517H100325,2025,17H100325,2,9,0,-1,19,7,3,-1,0,8,0,0,0,0,1,1,-1,9,1,21,5,-1,-1,-1,-1,5,E01020772,0,2
202517H100325,2025,17H100325,1,9,0,-1,9,1,7,-1,0,6,0,0,0,0,3,1,-1,9,2,35,6,-1,-1,-1,-1,7,E01011969,0,1
202517H100425,2025,17H100425,1,19,0,-1,19,3,7,-1,0,0,0,0,0,0,4,1,-1,1,1,-1,-1,-1,-1,-1,-1,-1,-1,0,-1
202517H100525,2025,17H100525,2,1,0,-1,19,4,8,-1,0,8,0,0,0,0,1,1,-1,2,1,55,8,-1,-1,-1,-1,2,E01011952,0,1
202517H100525,2025,17H100525,1,9,0,-1,9,8,6,-1,0,8,0,0,0,0,1,1,-1,2,1,67,10,-1,-1,-1,-1,3,E01012184,0,3
202517H100625,2025,17H100625,2,1,0,-1,19,5,1,-1,0,8,0,0,0,0,1,1,-1,2,1,47,8,-1,-1,-1,-1,4,E01012002,0,1
202517H100625,2025,17H100625,1,19,0,-1,9,1,7,-1,0,8,0,0,0,0,1,1,-1,1,1,23,5,-1,-1,-1,-1,2,E01011957,0,1
202517H100725,2025,17H100725,1,3,0,-1,15,4,8,-1,0,0,0,0,1,2,1,1,-1,9,1,20,4,-1,-1,-1,-1,-1,-1,0,-1
202517H100825,2025,17H100825,1,23,0,-1,19,1,5,-1,0,0,0,0,0,0,1,1,-1,9,1,16,4,-1,-1,-1,-1,1,E01011977,0,1
202517H100925,2025,17H100925,1,9,0,-1,19,8,4,-1,0,0,0,0,1,11,1,1,-1,9,1,74,10,-1,-1,-1,-1,9,E01011983,0,1
202517H101025,2025,17H101025,1,21,1,-1,19,8,4,-1,0,0,5,0,1,0,3,1,-1,1,1,53,8,-1,-1,-1,-1,-1,-1,0,-1
202517H101225,2025,17H101225,2,9,0,-1,9,3,7,-1,0,8,0,0,0,0,1,1,-1,6,3,-1,-1,-1,-1,-1,-1,-1,-1,0,-1
202517H101225,2025,17H101225,1,1,0,-1,19,1,5,-1,0,8,0,0,0,0,1,1,-1,9,1,14,3,-1,-1,-1,-1,3,E01032540,0,1
202517H101325,2025,17H101325,2,9,0,-1,19,8,4,-1,0,2,0,0,0,0,1,1,-1,9,2,45,7,-1,-1,-1,-1,3,E01020893,0,4
202517H101325,2025,17H101325,1,9,0,-1,4,8,4,-1,0,2,0,0,0,0,2,1,-1,9,2,69,10,-1,-1,-1,-1,2,E01011954,0,2
202517H101425,2025,17H101425,1,9,0,-1,19,1,5,-1,0,2,0,0,0,0,1,1,-1,9,2,31,6,-1,-1,-1,-1,-1,-1,0,-1
202517H101525,2025,17H101525,1,9,0,-1,19,2,6,-1,0,8,0,0,0,0,1,1,-1,9,1,27,6,-1,-1,-1,-1,-1,-1,0,-1
202517H101625,2025,17H101625,1,9,0,-1,9,3,1,-1,0,8,0,0,0,0,1,1,-1,9,2,82,11,-1,-1,-1,-1,2,E01032541,0,1
202517H101725,2025,17H101725,1,9,0,-1,7,4,7,-1,0,8,0,0,0,0,4,1,-1,9,1,-1,-1,-1,-1,-1,-1,1,E01011951,0,1
202517H101725,2025,17H101725,2,1,0,-1,19,4,8,-1,0,8,0,0,0,0,1,1,-1,9,1,17,4,-1,-1,-1,-1,9,E01033465,0,1
202517H101925,2025,17H101925,2,9,0,-1,9,3,1,-1,0,8,0,0,0,0,1,1,-1,2,1,67,10,-1,-1,-1,-1,9,E01011971,0,1
202517H101925,2025,17H101925,1,2,0,-1,19,7,3,-1,0,8,0,0,0,0,1,1,-1,2,1,40,7,-1,-1,-1,-1,2,E01011949,0,1
202517H102025,2025,17H102025,1,9,0,-1,19,5,1,-1,0,0,0,0,1,0,1,1,-1,2,2,22,5,-1,-1,-1,-1,9,E01033465,0,2
202517H102125,2025,17H102125,1,9,0,-1,9,3,1,-1,0,8,0,0,0,0,4,1,-1,9,2,43,7,-1,-1,-1,-1,7,E01011959,0,1
202517H102225,2025,17H102225,1,9,0,-1,3,4,8,-1,0,1,0,0,0,0,2,1,-1,9,2,80,11,-1,-1,-1,-1,8,E01011970,0,1
202517H102225,2025,17H102225,2,9,0,-1,3,4,8,-1,0,1,0,0,0,0,2,1,-1,9,1,75,10,-1,-1,-1,-1,8,E01020855,0,4
202517H102225,2025,17H102225,3,9,0,-1,19,4,8,-1,0,1,0,0,0,0,1,1,-1,6,1,-1,-1,-1,-1,-1,-1,-1,-1,0,-1
202517H102325,2025,17H102325,1,9,0,-1,19,3,7,-1,0,1,0,0,0,0,1,1,-1,9,2,41,7,-1,-1,-1,-1,3,E01012214,0,2
202517H102425,2025,17H102425,1,9,0,-1,19,5,1,-1,0,1,0,0,0,0,4,1,-1,9,2,40,7,-1,-1,-1,-1,9,E01012003,0,1
202517H102525,2025,17H102525,1,9,0,-1,19,8,4,-1,0,0,5,0,0,0,4,1,-1,9,1,18,4,-1,-1,-1,-1,5,E01011996,0,1
202517H102625,2025,17H102625,1,9,0,-1,19,4,8,-1,0,0,1,0,7,0,1,1,-1,9,1,21,5,-1,-1,-1,-1,1,E01011955,0,1
202517H102625,2025,17H102625,2,9,0,-1,19,8,4,-1,0,0,0,0,0,0,1,1,-1,9,2,23,5,-1,-1,-1,-1,2,E01011949,0,1
202517H102725,2025,17H102725,1,9,0,-1,3,2,6,-1,0,1,0,0,0,0,2,1,-1,9,1,17,4,-1,-1,-1,-1,4,E01035202,0,3
202517H102725,2025,17H102725,2,5,0,-1,19,2,6,-1,0,1,0,0,0,0,1,1,-1,2,1,43,7,-1,-1,-1,-1,2,E01011957,0,2
202517H102825,2025,17H102825,2,19,0,-1,11,6,2,-1,0,0,0,0,0,0,4,1,-1,2,1,55,8,-1,-1,-1,-1,8,E01011965,0,2
202517H102825,2025,17H102825,1,9,0,-1,19,6,2,-1,0,0,0,0,0,0,3,1,-1,9,1,29,6,-1,-1,-1,-1,1,E01035188,0,2
202517H102925,2025,17H102925,2,1,0,-1,19,4,8,-1,0,6,0,0,0,0,1,1,-1,9,1,18,4,-1,-1,-1,-1,9,E01011971,0,1
202517H102925,2025,17H102925,1,9,0,-1,3,6,2,-1,0,1,0,0,0,0,3,1,-1,9,2,39,7,-1,-1,-1,-1,-1,-1,0,-1
202517H103025,2025,17H103025,1,9,0,-1,19,1,5,-1,0,1,0,0,0,0,1,1,-1,6,3,-1,-1,-1,-1,-1,-1,-1,-1,0,-1
202517H103125,2025,17H103125,1,9,0,-1,9,1,7,-1,0,2,0,0,0,0,1,1,-1,9,2,44,7,-1,-1,-1,-1,1,E01011955,0,1
202517H103225,2025,17H103225,1,19,0,-1,19,5,1,-1,0,1,0,0,0,0,1,1,-1,1,1,46,8,-1,-1,-1,-1,1,E01011951,0,1
202517H103325,2025,17H103325,1,9,0,-1,13,6,2,-1,0,8,0,0,0,0,1,1,-1,9,2,43,7,-1,-1,-1,-1,9,E01033465,0,1
202517H103325,2025,17H103325,2,9,0,-1,9,6,4,-1,0,8,0,0,1,2,3,1,-1,9,2,28,6,-1,-1,-1,-1,8,E01025436,0,5
202517H103425,2025,17H103425,1,9,0,-1,19,7,3,-1,0,8,0,0,0,0,3,1,-1,9,2,75,10,-1,-1,-1,-1,9,E01033465,0,1
202517H103425,2025,17H103425,2,9,0,-1,19,5,1,-1,0,8,0,0,0,0,1,1,-1,9,1,64,9,-1,-1,-1,-1,4,E01012002,0,1
202517H103525,2025,17H103525,1,9,0,-1,9,5,3,-1,0,8,0,0,0,0,1,1,-1,9,1,24,5,-1,-1,-1,-1,9,E01011983,0,1
202517H103525,2025,17H103525,2,9,0,-1,19,3,7,-1,0,8,0,0,0,0,1,1,-1,9,2,49,8,-1,-1,-1,-1,9,E01011982,0,1
202517H103625,2025,17H103625,1,9,0,-1,7,5,7,-1,0,8,0,0,0,0,4,1,-1,9,2,24,5,-1,-1,-1,-1,-1,-1,0,-1
202517H103625,2025,17H103625,2,1,0,-1,19,5,1,-1,0,8,0,0,0,0,3,1,-1,9,1,77,11,-1,-1,-1,-1,-1,-1,0,-1
202517H103725,2025,17H103725,2,9,0,-1,19,6,2,-1,0,1,0,0,0,0,1,1,-1,2,1,25,5,-1,-1,-1,-1,8,E01027591,0,4
202517H103725,2025,17H103725,1,9,0,-1,3,6,2,-1,0,1,0,0,0,0,2,1,-1,2,2,17,4,-1,-1,-1,-1,2,E01012281,0,2
202517H103825,2025,17H103825,2,19,0,-1,19,6,2,-1,0,1,0,0,0,0,1,1,-1,1,2,21,5,-1,-1,-1,-1,1,E01011962,0,2
202517H103825,2025,17H103825,1,9,0,-1,10,6,4,-1,0,1,0,0,0,0,2,1,-1,9,2,40,7,-1,-1,-1,-1,1,E01011994,0,2
202517H103825,2025,17H103825,3,9,0,-1,19,2,6,-1,0,1,0,0,0,0,1,1,-1,9,1,43,7,-1,-1,-1,-1,1,E01012001,0,2
202517H103925,2025,17H103925,3,9,0,-1,3,3,7,-1,0,0,0,0,0,0,2,1,-1,9,1,66,10,-1,-1,-1,-1,-1,-1,0,-1
202517H103925,2025,17H103925,2,9,0,-1,3,3,7,-1,0,0,0,0,0,0,2,1,-1,9,1,71,10,-1,-1,-1,-1,-1,-1,0,-1
202517H103925,2025,17H103925,1,9,0,-1,19,3,7,-1,0,0,0,0,0,0,1,1,-1,9,2,28,6,-1,-1,-1,-1,1,E01011951,0,1
202517H104025,2025,17H104025,3,9,0,-1,2,0,0,-1,0,1,0,0,0,0,2,1,-1,9,1,-1,-1,-1,-1,-1,-1,-1,-1,0,-1
202517H104025,2025,17H104025,2,9,0,-1,2,0,0,-1,0,1,0,0,0,0,4,1,-1,9,2,-1,-1,-1,-1,-1,-1,-1,-1,0,-1
202517H104025,2025,17H104025,1,3,0,-1,19,1,5,-1,0,2,0,0,0,0,1,1,-1,9,1,18,4,-1,-1,-1,-1,1,E01011953,0,1
202517H104125,2025,17H104125,1,9,0,-1,7,5,7,-1,0,4,0,0,0,0,1,1,-1,9,2,71,10,-1,-1,-1,-1,8,E01008239,0,4
202517H104125,2025,17H104125,2,1,0,-1,9,1,7,-1,0,8,0,0,0,0,2,1,-1,9,1,66,10,-1,-1,-1,-1,9,E01011983,0,1
202517H104225,2025,17H104225,1,19,0,-1,19,4,8,-1,0,0,0,0,0,0,4,1,-1,9,2,45,7,-1,-1,-1,-1,3,E01011991,0,1
202517H104425,2025,17H104425,2,9,0,-1,19,3,3,-1,0,0,0,0,0,0,1,1,-1,6,1,30,6,-1,-1,-1,-1,1,E01011977,0,1
202517H104425,2025,17H104425,1,1,0,-1,19,5,1,-1,0,0,0,0,0,0,1,1,-1,6,1,12,3,-1,-1,-1,-1,2,E01011987,0,1
202517H104525,2025,17H104525,1,-1,0,-1,19,8,4,-1,0,1,0,0,0,0,0,1,-1,9,1,15,3,-1,-1,-1,-1,-1,-1,0,-1
202517H104625,2025,17H104625,1,-1,0,-1,19,7,3,-1,0,8,0,0,3,11,1,1,-1,9,1,23,5,-1,-1,-1,-1,-1,-1,1,-1
202517H104725,2025,17H104725,2,19,0,-1,9,2,8,-1,0,8,0,0,0,0,1,1,-1,6,3,-1,-1,-1,-1,-1,-1,-1,-1,0,-1
202517H104725,2025,17H104725,1,9,0,-1,19,6,2,-1,0,8,0,0,0,0,1,1,-1,9,2,78,11,-1,-1,-1,-1,9,E01011983,0,1
202517H104825,2025,17H104825,2,9,0,-1,9,3,1,-1,0,8,0,0,0,0,1,1,-1,6,3,-1,-1,-1,-1,-1,-1,-1,-1,0,-1
202517H104825,2025,17H104825,1,1,0,-1,19,5,1,-1,0,8,0,0,0,0,1,1,-1,9,1,63,9,-1,-1,-1,-1,1,E01035188,0,1
202517H104925,2025,17H104925,1,9,0,-1,19,7,3,-1,0,0,0,0,0,0,4,1,-1,9,1,35,6,-1,-1,-1,-1,2,E01011952,0,1
202517H104925,2025,17H104925,2,1,0,-1,19,1,5,-1,0,0,0,0,0,0,1,1,-1,9,1,12,3,-1,-1,-1,-1,3,E01032540,0,1
202517H105025,2025,17H105025,2,19,0,-1,19,6,2,-1,0,8,0,0,0,0,0,1,-1,6,3,-1,-1,-1,-1,-1,-1,-1,-1,0,-1
202517H105025,2025,17H105025,1,9,0,-1,2,0,0,-1,0,8,0,0,0,0,3,1,-1,9,1,-1,-1,-1,-1,-1,-1,-1,-1,0,-1
202517L100325,2025,17L100325,1,9,0,-1,19,6,2,-1,0,8,0,0,0,0,1,1,-1,2,2,22,5,-1,-1,-1,-1,4,E01012118,0,1
202517L100325,2025,17L100325,2,9,0,-1,9,8,6,-1,0,8,0,0,0,0,1,1,-1,2,2,47,8,-1,-1,-1,-1,1,E01012121,0,1
202517L100625,2025,17L100625,1,9,0,-1,7,4,6,-1,0,2,0,0,0,0,1,1,-1,9,2,58,9,-1,-1,-1,-1,7,E01012190,0,4
202517L100725,2025,17L100725,2,1,0,-1,19,6,2,-1,0,1,0,0,0,0,1,1,-1,9,1,39,7,-1,-1,-1,-1,9,E01012158,0,3
202517L100725,2025,17L100725,1,9,0,-1,4,6,2,-1,0,1,0,0,0,0,2,1,-1,9,1,-1,-1,-1,-1,-1,-1,-1,-1,0,-1
202517L102225,2025,17L102225,1,9,0,-1,19,2,6,-1,0,0,1,0,1,0,4,1,-1,9,2,19,4,-1,-1,-1,-1,4,E01012167,0,3
202517L102325,2025,17L102325,1,9,0,-1,19,3,7,-1,0,0,1,0,1,9,1,1,-1,2,1,44,7,-1,-1,-1,-1,4,E01012118,0,1
202517L102825,2025,17L102825,1,9,0,-1,9,6,4,-1,0,6,0,0,0,0,1,1,-1,9,2,81,11,-1,-1,-1,-1,9,E01012124,0,1
202517L102925,2025,17L102925,1,4,0,-1,19,2,6,-1,0,0,0,0,1,9,1,1,-1,9,1,25,5,-1,-1,-1,-1,4,E01027625,0,3
202517L103225,2025,17L103225,1,8,0,-1,19,4,8,-1,0,0,0,0,0,0,1,1,-1,1,1,46,8,-1,-1,-1,-1,-1,-1,0,-1
202517L103225,2025,17L103225,2,9,0,-1,19,8,4,-1,0,0,0,0,0,0,1,1,-1,9,2,52,8,-1,-1,-1,-1,-1,-1,0,-1
202517L103325,2025,17L103325,1,9,0,-1,19,2,6,-1,0,8,0,0,0,0,4,1,-1,2,2,29,6,-1,-1,-1,-1,3,E01012117,0,1
202517L103325,2025,17L103325,2,9,0,-1,19,4,8,-1,0,8,0,0,0,0,1,1,-1,6,3,-1,-1,-1,-1,-1,-1,-1,-1,0,-1
202517L103525,2025,17L103525,1,22,0,-1,19,4,8,-1,9,2,0,0,0,0,1,1,-1,6,1,-1,-1,-1,-1,-1,-1,-1,-1,0,-1
202517L103725,2025,17L103725,1,9,0,-1,19,7,3,-1,0,0,5,7,1,2,1,1,-1,2,2,60,9,-1,-1,-1,-1,10,E01032549,0,1
202517L104125,2025,17L104125,1,9,0,-1,10,2,7,-1,0,1,0,0,0,0,3,1,-1,9,1,65,9,-1,-1,-1,-1,3,E01012162,0,1
202517L104125,2025,17L104125,2,4,0,-1,7,7,2,-1,0,8,0,0,0,0,1,1,-1,9,1,31,6,-1,-1,-1,-1,1,E01012102,0,2
202517L104225,2025,17L104225,1,9,0,-1,19,8,4,-1,0,0,5,10,0,0,3,1,-1,9,2,33,6,-1,-1,-1,-1,8,E01012163,0,1
202517L104425,2025,17L104425,1,9,0,-1,19,6,3,-1,0,0,0,0,0,0,1,1,-1,6,3,-1,-1,-1,-1,-1,-1,-1,-1,0,-1
202517L104925,2025,17L104925,2,9,0,-1,7,5,8,-1,0,8,0,0,0,0,1,1,-1,2,1,47,8,-1,-1,-1,-1,6,E01012098,0,1
202517L104925,2025,17L104925,1,9,0,-1,19,4,8,-1,0,8,0,0,0,0,1,1,-1,2,2,20,4,-1,-1,-1,-1,-1,-1,0,-1
202517L105025,2025,17L105025,1,9,0,-1,19,7,3,-1,0,0,5,0,7,9,1,1,-1,9,2,34,6,-1,-1,-1,-1,3,E01012119,0,1
202517L106025,2025,17L106025,2,5,0,-1,19,1,5,-1,0,0,0,0,0,0,1,1,-1,9,1,61,9,-1,-1,-1,-1,4,E01027813,0,2
202517L106025,2025,17L106025,1,9,0,-1,9,5,3,-1,0,0,0,0,0,0,1,1,-1,7,2,34,6,-1,-1,-1,-1,4,E01027813,0,2
202517L106525,2025,17L106525,1,9,0,-1,19,4,8,-1,0,8,0,0,0,0,4,1,-1,9,1,74,10,-1,-1,-1,-1,1,E01012121,0,1
202517L106525,2025,17L106525,2,-1,0,-1,19,6,2,-1,0,8,0,0,0,0,1,1,-1,9,1,10,2,-1,-1,-1,-1,6,E01033472,1,1
202517L106625,2025,17L106625,2,1,0,-1,9,4,2,-1,0,8,0,0,0,0,3,1,-1,9,1,13,3,-1,-1,-1,-1,3,E01012119,0,1
202517L106625,2025,17L106625,1,9,0,-1,19,4,8,-1,0,8,0,0,0,0,4,1,-1,9,2,69,10,-1,-1,-1,-1,3,E01012117,0,1
202517L106725,2025,17L106725,1,5,0,-1,19,8,4,-1,0,0,1,0,1,11,4,1,-1,2,1,62,9,-1,-1,-1,-1,2,E01033473,0,2
202517L106825,2025,17L106825,1,9,0,-1,7,6,8,-1,0,1,0,0,0,0,1,1,-1,6,3,-1,-1,-1,-1,-1,-1,-1,-1,0,-1
202517L107025,2025,17L107025,2,9,0,-1,13,4,8,-1,0,0,0,0,4,6,3,1,-1,1,1,52,8,-1,-1,-1,-1,7,E01012053,0,2
202517L107025,2025,17L107025,1,19,0,-1,12,4,8,-1,0,0,0,0,0,0,4,1,-1,1,1,58,9,-1,-1,-1,-1,3,E01012214,0,3
202517L107125,2025,17L107125,1,9,0,-1,19,5,1,-1,0,0,0,0,7,9,1,1,-1,9,2,17,4,-1,-1,-1,-1,2,E01012136,0,1
202517L200125,2025,17L200125,2,9,0,-1,4,5,1,-1,0,1,1,0,0,0,1,1,-1,9,1,19,4,-1,-1,-1,-1,6,E01012022,0,2
202517L200125,2025,17L200125,1,9,0,-1,19,2,7,-1,0,8,0,0,0,0,4,1,-1,9,1,23,5,-1,-1,-1,-1,1,E01012058,0,1
202517L200225,2025,17L200225,2,20,0,-1,9,4,2,-1,0,8,0,0,0,0,3,1,-1,1,2,49,8,-1,-1,-1,-1,2,E01012168,0,1
202517L200225,2025,17L200225,1,5,0,-1,14,4,8,-1,0,8,0,0,0,0,1,1,-1,2,1,29,6,-1,-1,-1,-1,-1,-1,0,-1
202517L201025,2025,17L201025,2,1,0,-1,19,4,8,-1,0,6,0,0,0,0,1,1,-1,9,1,12,3,-1,-1,-1,-1,1,E01012113,0,1
202517L201025,2025,17L201025,1,9,0,-1,19,2,6,-1,0,2,0,0,0,0,4,1,-1,9,2,41,7,-1,-1,-1,-1,1,E01033471,0,1
202517L201125,2025,17L201125,1,9,0,-1,19,4,8,-1,0,8,0,0,0,0,4,1,-1,9,2,18,4,-1,-1,-1,-1,4,E01012167,0,1
202517L201125,2025,17L201125,2,9,0,-1,7,6,8,-1,0,8,0,0,0,0,1,1,-1,6,1,-1,-1,-1,-1,-1,-1,-1,-1,0,-1
202517L201725,2025,17L201725,1,9,0,-1,4,8,4,-1,0,1,0,0,0,0,2,1,-1,9,1,35,6,-1,-1,-1,-1,7,E01012149,0,1
202517L201725,2025,17L201725,2,9,0,-1,19,8,4,-1,0,1,0,0,0,0,1,1,-1,9,2,-1,-1,-1,-1,-1,-1,2,E01012017,0,1
202517L202025,2025,17L202025,1,9,0,-1,19,6,2,-1,0,0,0,0,0,0,1,1,-1,2,1,37,7,-1,-1,-1,-1,5,E01012130,0,1
202517L202725,2025,17L202725,1,9,0,-1,19,4,8,-1,0,0,0,0,0,0,4,1,-1,6,1,-1,-1,-1,-1,-1,-1,-1,-1,0,-1
202517L203025,2025,17L203025,2,9,0,-1,2,0,0,-1,0,0,0,0,0,0,2,1,-1,9,2,55,8,-1,-1,-1,-1,-1,-1,0,-1
202517L203025,2025,17L203025,1,9,0,-1,19,4,8,-1,0,0,0,0,0,0,1,1,-1,6,3,-1,-1,-1,-1,-1,-1,-1,-1,0,-1
202517L203025,2025,17L203025,3,9,0,-1,2,0,0,-1,0,0,0,0,0,0,2,1,-1,9,2,47,8,-1,-1,-1,-1,-1,-1,0,-1
202517L203125,2025,17L203125,2,9,0,-1,9,6,4,-1,0,8,0,0,0,0,4,1,-1,9,2,45,7,-1,-1,-1,-1,7,E01012149,0,1
202517L203125,2025,17L203125,1,9,0,-1,9,6,4,-1,0,8,0,0,0,0,3,1,-1,6,3,-1,-1,-1,-1,-1,-1,-1,-1,0,-1
202517L203425,2025,17L203425,1,5,0,-1,19,4,8,-1,0,8,0,0,0,0,1,1,-1,9,1,45,7,-1,-1,-1,-1,4,E01012167,0,1
202517L203425,2025,17L203425,2,9,0,-1,9,7,4,-1,0,8,0,0,0,0,3,1,-1,9,2,39,7,-1,-1,-1,-1,1,E01012114,0,1
202517L203925,2025,17L203925,1,9,0,-1,19,6,2,-1,0,4,5,9,3,1,1,1,-1,9,1,37,7,-1,-1,-1,-1,6,E01012022,0,2
202517L204625,2025,17L204625,2,4,0,-1,13,8,4,-1,0,8,0,0,0,0,1,1,-1,9,1,54,8,-1,-1,-1,-1,2,E01012132,0,3
202517L204625,2025,17L204625,1,9,0,-1,9,8,6,-1,0,8,0,0,0,0,3,1,-1,9,2,43,7,-1,-1,-1,-1,-1,-1,0,-1
202517L204725,2025,17L204725,2,9,0,-1,19,7,2,-1,0,8,0,0,0,0,1,1,-1,9,1,36,7,-1,-1,-1,-1,1,E01012096,0,3
202517L204725,2025,17L204725,1,90,0,-1,19,8,4,-1,0,8,0,0,0,0,1,1,-1,9,1,20,4,-1,-1,-1,-1,1,E01012113,0,1
202517L204825,2025,17L204825,1,9,0,-1,19,7,3,-1,0,4,5,9,3,1,1,1,-1,9,2,35,6,-1,-1,-1,-1,4,E01035202,0,2
202517L205125,2025,17L205125,1,9,0,-1,19,8,4,-1,0,8,0,0,0,0,1,1,-1,9,1,63,9,-1,-1,-1,-1,9,E01012139,0,2
202517L205125,2025,17L205125,2,9,0,-1,9,4,1,-1,0,8,0,0,0,0,1,1,-1,9,2,81,11,-1,-1,-1,-1,5,E01012173,0,1
202517L205225,2025,17L205225,2,9,0,-1,19,4,8,-1,0,0,0,0,0,0,1,1,-1,9,1,19,4,-1,-1,-1,-1,5,E01012110,0,1
202517L205225,2025,17L205225,1,9,0,-1,19,8,4,-1,0,0,0,0,0,0,1,1,-1,9,2,69,10,-1,-1,-1,-1,1,E01033471,0,1
202517L205825,2025,17L205825,2,9,0,-1,19,4,8,-1,0,0,0,0,0,0,1,1,-1,9,2,54,8,-1,-1,-1,-1,-1,-1,0,-1
202517L205825,2025,17L205825,1,19,0,-1,19,8,4,-1,0,0,0,0,0,0,1,1,-1,2,1,52,8,-1,-1,-1,-1,1,E01012288,0,3
202517L206325,2025,17L206325,4,9,0,-1,2,0,0,-1,0,0,0,0,0,0,3,1,-1,9,2,56,9,-1,-1,-1,-1,-1,-1,0,-1
202517L206325,2025,17L206325,3,9,0,-1,2,0,0,-1,0,0,0,0,0,0,2,1,-1,9,1,29,6,-1,-1,-1,-1,-1,-1,0,-1
202517L206325,2025,17L206325,1,9,0,-1,19,2,6,-1,0,0,0,0,0,0,1,1,-1,9,2,29,6,-1,-1,-1,-1,-1,-1,0,-1
202517L206325,2025,17L206325,2,9,0,-1,1,4,8,-1,0,0,0,0,0,0,2,1,-1,9,1,54,8,-1,-1,-1,-1,1,E01012111,0,1
202517L206425,2025,17L206425,1,9,0,-1,4,7,3,-1,0,1,0,0,0,0,2,1,-1,9,1,37,7,-1,-1,-1,-1,-1,-1,0,-1
202517L206425,2025,17L206425,2,9,0,-1,19,7,3,-1,0,1,0,0,0,0,1,1,-1,6,3,-1,-1,-1,-1,-1,-1,-1,-1,0,-1
202517L206925,2025,17L206925,1,9,0,-1,9,6,4,-1,0,8,0,0,0,0,1,1,-1,6,1,-1,-1,-1,-1,-1,-1,-1,-1,0,-1
202517L207225,2025,17L207225,2,9,0,-1,9,6,4,-1,0,8,0,0,0,0,1,1,-1,6,1,-1,-1,-1,-1,-1,-1,-1,-1,0,-1
202517L207225,2025,17L207225,1,9,0,-1,19,4,8,-1,0,8,0,0,0,0,4,1,-1,2,2,53,8,-1,-1,-1,-1,4,E01012167,0,1
202517L300825,2025,17L300825,1,9,0,-1,19,5,1,-1,0,8,0,0,0,0,1,1,-1,9,1,30,6,-1,-1,-1,-1,5,E01012129,0,1
202517L300825,2025,17L300825,2,11,0,-1,10,1,7,-1,0,1,0,0,0,0,3,1,-1,1,1,59,9,-1,-1,-1,-1,6,E01012098,0,3
202517L300825,2025,17L300825,3,9,0,-1,9,7,5,-1,0,8,0,0,0,0,0,1,-1,9,1,72,10,-1,-1,-1,-1,4,E01012105,0,1
202517L300925,2025,17L300925,1,9,0,-1,3,5,1,-1,0,1,0,0,0,0,2,1,-1,9,1,62,9,-1,-1,-1,-1,-1,-1,0,-1
202517L300925,2025,17L300925,2,19,0,-1,19,5,1,-1,0,1,0,0,0,0,1,1,-1,1,1,64,9,-1,-1,-1,-1,-1,-1,0,-1
202517L301425,2025,17L301425,2,9,0,-1,19,1,5,-1,0,8,0,0,0,0,1,1,-1,9,2,31,6,-1,-1,-1,-1,8,E01012176,0,1
202517L301425,2025,17L301425,1,9,0,-1,9,5,3,-1,0,8,0,0,0,0,1,1,-1,9,2,19,4,-1,-1,-1,-1,-1,-1,0,-1
202517L301825,2025,17L301825,1,8,0,-1,5,1,5,-1,0,1,0,0,0,0,0,1,-1,1,1,-1,-1,-1,-1,-1,-1,-1,-1,0,-1
202517L302125,2025,17L302125,2,1,0,-1,19,4,8,-1,0,0,0,0,0,0,1,1,-1,9,1,64,9,-1,-1,-1,-1,1,E01012100,0,1
202517L302125,2025,17L302125,1,9,0,-1,1,5,1,-1,0,0,0,0,0,0,2,1,-1,9,2,18,4,-1,-1,-1,-1,6,E01012186,0,1