collision_index,collision_year,collision_ref_no,vehicle_reference,vehicle_type,towing_and_articulation,vehicle_manoeuvre_historic,vehicle_manoeuvre,vehicle_direction_from,vehicle_direction_to,vehicle_location_restricted_lane_historic,vehicle_location_restricted_lane,junction_location,skidding_and_overturning,hit_object_in_carriageway,vehicle_leaving_carriageway,hit_object_off_carriageway,first_point_of_impact,vehicle_left_hand_drive,journey_purpose_of_driver_historic,journey_purpose_of_driver,sex_of_driver,age_of_driver,age_band_of_driver,engine_capacity_cc,propulsion_code,age_of_vehicle,generic_make_model,driver_imd_decile,lsoa_of_driver,escooter_flag,driver_distance_banding
202517L303825,2025,17L303825,1,9,0,-1,19,6,2,-1,0,3,0,0,0,0,4,1,-1,9,1,35,6,-1,-1,-1,-1,3,E01020787,0,4
202517L303825,2025,17L303825,2,9,0,-1,1,0,0,-1,0,8,0,0,0,0,3,1,-1,9,2,-1,-1,-1,-1,-1,-1,-1,-1,0,-1
202517L304325,2025,17L304325,2,9,0,-1,19,8,4,-1,0,1,0,0,0,0,1,1,-1,6,1,38,7,-1,-1,-1,-1,9,E01012179,0,1
202517L304325,2025,17L304325,1,9,0,-1,3,8,4,-1,0,1,0,0,0,0,2,1,-1,2,2,37,7,-1,-1,-1,-1,1,E01012131,0,1
202517L304525,2025,17L304525,1,19,0,-1,19,7,3,-1,0,8,0,0,0,0,4,1,-1,8,2,34,6,-1,-1,-1,-1,4,E01035194,0,3
202517L304525,2025,17L304525,2,9,0,-1,19,1,5,-1,0,8,0,0,0,0,1,1,-1,9,2,57,9,-1,-1,-1,-1,1,E01032561,0,1
202517L305325,2025,17L305325,1,9,0,-1,3,7,3,-1,0,0,0,0,0,0,2,1,-1,9,2,50,8,-1,-1,-1,-1,3,E01012184,0,1
202517L305325,2025,17L305325,2,9,0,-1,19,7,3,-1,0,0,0,0,0,0,1,1,-1,9,2,40,7,-1,-1,-1,-1,1,E01012170,0,2
202517L305525,2025,17L305525,1,9,0,-1,5,1,5,-1,0,0,0,0,0,0,1,1,-1,9,2,48,8,-1,-1,-1,-1,5,E01012129,0,1
202517L305925,2025,17L305925,2,19,0,-1,19,1,3,-1,0,1,0,0,0,0,1,1,-1,1,1,63,9,-1,-1,-1,-1,4,E01012097,0,2
202517L305925,2025,17L305925,1,9,0,-1,8,1,3,-1,0,1,0,0,0,0,2,1,-1,1,2,58,9,-1,-1,-1,-1,9,E01012158,0,2
202517L306225,2025,17L306225,2,9,0,-1,9,7,5,-1,0,8,0,0,0,0,1,1,-1,9,1,53,8,-1,-1,-1,-1,8,E01012176,0,1
202517L306225,2025,17L306225,1,19,0,-1,19,5,1,-1,0,8,0,0,0,0,1,1,-1,8,1,35,6,-1,-1,-1,-1,-1,-1,0,-1
202517L401925,2025,17L401925,2,9,0,-1,9,7,5,-1,0,8,0,0,0,0,3,1,-1,9,1,-1,-1,-1,-1,-1,-1,-1,-1,0,-1
202517L401925,2025,17L401925,1,19,0,-1,13,7,3,-1,0,8,0,0,0,0,1,1,-1,1,1,45,7,-1,-1,-1,-1,8,E01012138,0,1
202517L402425,2025,17L402425,1,9,0,-1,19,4,8,-1,0,0,0,0,0,0,1,1,-1,9,1,64,9,-1,-1,-1,-1,6,E01012186,0,2
202517L402425,2025,17L402425,2,9,0,-1,19,4,8,-1,0,0,0,0,0,0,2,1,-1,9,1,25,5,-1,-1,-1,-1,2,E01011060,0,5
202517L402425,2025,17L402425,3,9,0,-1,19,8,4,-1,0,0,0,0,0,0,3,1,-1,9,1,58,9,-1,-1,-1,-1,8,E01012095,0,1
202517L405725,2025,17L405725,1,9,0,-1,19,3,7,-1,0,4,0,9,1,9,1,1,-1,9,2,34,6,-1,-1,-1,-1,5,E01012140,0,1
202517L406125,2025,17L406125,1,11,0,-1,19,3,7,-1,0,0,0,0,0,0,1,1,-1,1,2,56,9,-1,-1,-1,-1,6,E01012279,0,3
202517L500425,2025,17L500425,1,9,0,-1,19,8,4,-1,9,0,0,0,0,0,1,1,-1,6,3,-1,-1,-1,-1,-1,-1,-1,-1,0,-1
202517L501525,2025,17L501525,1,9,0,-1,19,8,4,-1,0,0,0,0,0,0,4,1,-1,9,2,60,9,-1,-1,-1,-1,4,E01027840,0,1
202517L505625,2025,17L505625,2,1,0,-1,19,2,6,-1,0,8,0,0,0,0,1,1,-1,9,1,65,9,-1,-1,-1,-1,2,E01033473,0,1
202517L505625,2025,17L505625,1,9,0,-1,9,8,6,-1,0,8,0,0,0,0,1,1,-1,9,1,74,10,-1,-1,-1,-1,3,E01012109,0,3
202517M100125,2025,17M100125,2,9,0,-1,7,4,6,-1,0,8,0,0,0,0,1,1,-1,9,1,-1,-1,-1,-1,-1,-1,-1,-1,0,-1
202517M100125,2025,17M100125,1,9,0,-1,7,4,6,-1,0,8,0,0,0,0,2,1,-1,9,1,43,7,-1,-1,-1,-1,-1,-1,0,-1
202517M100225,2025,17M100225,2,9,0,-1,9,8,4,-1,0,8,0,0,0,0,1,1,-1,9,2,67,10,-1,-1,-1,-1,8,E01012294,0,2
202517M100225,2025,17M100225,1,4,0,-1,19,1,4,-1,0,8,0,0,0,0,1,1,-1,9,1,43,7,-1,-1,-1,-1,1,E01012016,0,2
202517M100325,2025,17M100325,2,1,0,-1,9,3,1,-1,0,8,0,0,0,0,1,1,-1,9,1,54,8,-1,-1,-1,-1,1,E01012050,0,1
202517M100325,2025,17M100325,1,8,0,-1,19,7,3,-1,0,8,0,0,0,0,1,1,-1,1,1,35,6,-1,-1,-1,-1,1,E01012040,0,1
202517M100425,2025,17M100425,1,11,0,-1,19,3,7,-1,0,0,0,0,0,0,1,1,-1,1,1,37,7,-1,-1,-1,-1,1,E01012076,0,1
202517M100425,2025,17M100425,2,9,0,-1,3,3,7,-1,0,0,0,0,0,0,2,1,-1,9,1,45,7,-1,-1,-1,-1,3,E01012034,0,2
202517M100625,2025,17M100625,2,9,0,-1,9,8,6,-1,0,8,0,0,0,0,3,1,-1,9,2,34,6,-1,-1,-1,-1,8,E01012230,0,2
202517M100625,2025,17M100625,1,9,0,-1,19,6,2,-1,0,8,0,0,7,11,1,1,-1,9,1,33,6,-1,-1,-1,-1,9,E01033175,0,5
202517M101125,2025,17M101125,2,8,0,-1,12,1,5,-1,0,1,0,0,0,0,4,1,-1,1,1,-1,-1,-1,-1,-1,-1,-1,-1,0,-1
202517M101125,2025,17M101125,1,9,0,-1,19,1,5,-1,0,1,0,0,0,0,3,1,-1,9,2,24,5,-1,-1,-1,-1,2,E01032541,0,3
202517M101225,2025,17M101225,2,9,0,-1,19,2,6,-1,0,8,0,0,0,0,3,1,-1,2,2,23,5,-1,-1,-1,-1,9,E01012073,0,2
202517M101225,2025,17M101225,1,9,0,-1,19,8,4,-1,0,8,0,0,0,0,1,1,-1,9,1,47,8,-1,-1,-1,-1,1,E01035189,0,1
202517M101425,2025,17M101425,1,9,0,-1,2,0,0,-1,2,2,0,0,0,0,2,1,-1,9,2,37,7,-1,-1,-1,-1,1,E01012262,0,2
202517M101425,2025,17M101425,2,9,0,-1,9,5,3,-1,2,2,0,0,0,0,1,1,-1,9,1,-1,-1,-1,-1,-1,-1,-1,-1,0,-1
202517M101525,2025,17M101525,1,9,0,-1,19,8,4,-1,0,8,0,0,0,0,1,1,-1,2,1,50,8,-1,-1,-1,-1,7,E01012174,0,2
202517M101525,2025,17M101525,2,9,0,-1,9,4,3,-1,0,8,0,0,0,0,1,1,-1,9,2,33,6,-1,-1,-1,-1,2,E01012031,0,1
202517M101625,2025,17M101625,2,9,0,-1,12,8,4,-1,0,0,0,0,0,0,3,1,-1,9,2,75,10,-1,-1,-1,-1,-1,-1,0,-1
202517M101625,2025,17M101625,1,9,0,-1,19,8,4,-1,0,0,0,0,4,0,4,1,-1,9,1,36,7,-1,-1,-1,-1,8,E01012023,0,1
202517M101725,2025,17M101725,1,9,0,-1,19,8,4,-1,0,8,0,0,0,0,1,1,-1,8,2,52,8,-1,-1,-1,-1,10,E01012071,0,1
202517M101725,2025,17M101725,2,1,0,-1,19,2,6,-1,0,8,0,0,0,0,1,1,-1,9,1,12,3,-1,-1,-1,-1,8,E01032594,0,1
202517M101925,2025,17M101925,1,97,0,-1,19,6,2,-1,9,0,0,0,0,0,1,1,-1,6,3,-1,-1,-1,-1,-1,-1,-1,-1,0,-1
202517M102025,2025,17M102025,1,9,0,-1,9,6,4,-1,0,8,0,0,0,0,1,1,-1,6,3,-1,-1,-1,-1,-1,-1,-1,-1,0,-1
202517M102025,2025,17M102025,2,1,0,-1,19,4,8,-1,0,8,0,0,0,0,4,1,-1,9,1,36,7,-1,-1,-1,-1,2,E01012080,0,1
202517M102125,2025,17M102125,1,1,0,-1,19,3,7,-1,0,6,0,0,0,0,1,1,-1,9,1,17,4,-1,-1,-1,-1,1,E01012148,0,2
202517M102125,2025,17M102125,2,9,0,-1,19,1,5,-1,0,2,0,0,0,0,1,1,-1,9,1,-1,-1,-1,-1,-1,-1,-1,-1,0,-1
202517M102225,2025,17M102225,1,9,0,-1,9,3,1,-1,0,8,0,0,0,0,0,1,-1,9,1,59,9,-1,-1,-1,-1,-1,-1,0,-1
202517M102325,2025,17M102325,1,3,0,-1,19,2,6,-1,0,0,0,0,7,2,1,1,-1,9,1,30,6,-1,-1,-1,-1,1,E01012011,0,1
202517M102625,2025,17M102625,1,9,0,-1,7,2,3,-1,0,4,0,0,0,0,1,1,-1,9,1,48,8,-1,-1,-1,-1,1,E01012075,0,1
202517M102625,2025,17M102625,2,9,0,-1,19,7,3,-1,0,8,0,0,0,0,4,1,-1,9,2,29,6,-1,-1,-1,-1,2,E01012014,0,1
202517M102725,2025,17M102725,2,9,0,-1,19,2,6,-1,0,8,0,0,0,0,3,1,-1,2,2,42,7,-1,-1,-1,-1,1,E01012020,0,1
202517M102725,2025,17M102725,1,9,0,-1,9,8,6,-1,0,8,0,0,0,0,1,1,-1,2,1,24,5,-1,-1,-1,-1,1,E01012018,0,1
202517M102925,2025,17M102925,1,9,0,-1,7,5,7,-1,0,8,0,0,0,0,1,1,-1,6,3,-1,-1,-1,-1,-1,-1,-1,-1,0,-1
202517M103025,2025,17M103025,2,9,0,-1,19,4,8,-1,0,1,0,0,0,0,1,1,-1,9,2,31,6,-1,-1,-1,-1,4,E01012052,0,1
202517M103025,2025,17M103025,1,9,0,-1,3,4,8,-1,0,1,0,0,0,0,2,1,-1,9,2,41,7,-1,-1,-1,-1,1,E01012050,0,1
202517M103425,2025,17M103425,2,9,0,-1,9,1,6,-1,0,8,0,0,0,0,1,1,-1,9,1,-1,-1,-1,-1,-1,-1,-1,-1,0,-1
202517M103425,2025,17M103425,1,1,0,-1,19,6,2,-1,0,8,0,0,0,0,4,1,-1,9,1,70,10,-1,-1,-1,-1,1,E01012011,0,1
202517M103625,2025,17M103625,1,-1,0,-1,19,3,7,-1,0,8,0,0,0,0,4,1,-1,9,2,22,5,-1,-1,-1,-1,1,E01012114,1,2
202517M103625,2025,17M103625,2,9,0,-1,19,5,1,-1,0,8,0,0,0,0,1,1,-1,6,3,-1,-1,-1,-1,-1,-1,-1,-1,0,-1
202517M103725,2025,17M103725,1,9,0,-1,19,2,6,-1,0,8,0,0,0,0,1,1,-1,9,1,28,6,-1,-1,-1,-1,-1,-1,0,-1
202517M103925,2025,17M103925,2,1,0,-1,19,1,5,-1,0,0,0,0,0,0,1,1,-1,9,1,19,4,-1,-1,-1,-1,1,E01012013,0,1
202517M103925,2025,17M103925,1,8,0,-1,19,7,3,-1,0,0,0,0,0,0,4,1,-1,1,1,49,8,-1,-1,-1,-1,-1,-1,0,-1
202517M104025,2025,17M104025,1,8,0,-1,19,2,6,-1,0,8,0,0,0,0,3,1,-1,1,1,49,8,-1,-1,-1,-1,-1,-1,0,-1
202517M104025,2025,17M104025,2,19,0,-1,11,2,5,-1,0,3,0,0,0,0,4,1,-1,6,3,-1,-1,-1,-1,-1,-1,-1,-1,0,-1
202517M104225,2025,17M104225,1,9,0,-1,19,3,7,-1,0,1,0,0,0,0,1,1,-1,9,1,-1,-1,-1,-1,-1,-1,7,E01008786,0,4
202517M104325,2025,17M104325,2,1,0,-1,9,6,4,-1,0,8,0,0,0,0,3,1,-1,9,1,40,7,-1,-1,-1,-1,1,E01033469,0,1
202517M104325,2025,17M104325,1,1,0,-1,19,4,8,-1,0,8,0,0,0,0,1,1,-1,9,1,16,4,-1,-1,-1,-1,1,E01012018,0,1
202517M104425,2025,17M104425,1,1,0,-1,19,6,2,-1,4,8,0,0,0,0,3,1,-1,2,1,63,9,-1,-1,-1,-1,8,E01012177,0,3
202517M104425,2025,17M104425,2,9,0,-1,9,2,8,-1,0,8,0,0,0,0,1,1,-1,6,3,-1,-1,-1,-1,-1,-1,-1,-1,0,-1
202517M104525,2025,17M104525,1,1,0,-1,19,6,2,-1,0,8,0,0,0,0,1,1,-1,2,1,33,6,-1,-1,-1,-1,7,E01012207,0,2
202517M104525,2025,17M104525,2,9,0,-1,9,8,6,-1,0,8,0,0,0,0,1,1,-1,2,1,64,9,-1,-1,-1,-1,7,E01012174,0,2
202517M104625,2025,17M104625,1,9,0,-1,19,3,7,-1,0,8,0,0,0,0,1,1,-1,9,1,55,8,-1,-1,-1,-1,-1,-1,0,-1
202517M104625,2025,17M104625,2,-1,0,-1,19,5,1,-1,0,8,0,0,0,0,1,1,-1,9,1,15,3,-1,-1,-1,-1,-1,-1,1,-1
202517M104725,2025,17M104725,1,9,0,-1,3,6,2,-1,0,1,0,0,0,0,2,1,-1,2,2,22,5,-1,-1,-1,-1,-1,-1,0,-1
202517M104725,2025,17M104725,2,9,0,-1,19,6,2,-1,0,1,0,0,0,0,1,1,-1,6,1,-1,-1,-1,-1,-1,-1,-1,-1,0,-1
202517M104925,2025,17M104925,1,9,0,-1,19,3,1,-1,0,7,5,0,1,7,1,1,-1,9,1,18,4,-1,-1,-1,-1,1,E01012027,0,1
202517M105025,2025,17M105025,2,9,0,-1,12,4,8,-1,0,1,0,0,0,0,3,1,-1,9,1,-1,-1,-1,-1,-1,-1,-1,-1,0,-1
202517M105025,2025,17M105025,1,9,0,-1,19,4,8,-1,0,1,0,0,0,0,4,1,-1,9,1,18,4,-1,-1,-1,-1,10,E01027618,0,3
202517M105125,2025,17M105125,1,9,0,-1,19,7,3,-1,0,8,0,0,0,0,1,1,-1,9,1,51,8,-1,-1,-1,-1,5,E01012054,0,1
202517M105125,2025,17M105125,2,9,0,-1,19,1,5,-1,0,8,0,0,0,0,1,1,-1,9,1,32,6,-1,-1,-1,-1,1,E01012262,0,1
202517M105325,2025,17M105325,2,9,0,-1,19,2,6,-1,0,0,0,0,0,0,1,1,-1,9,2,31,6,-1,-1,-1,-1,1,E01012088,0,1
202517M105325,2025,17M105325,1,9,0,-1,4,2,6,-1,0,0,0,0,0,0,2,1,-1,9,2,45,7,-1,-1,-1,-1,2,E01012051,0,1
202517M105725,2025,17M105725,1,2,0,-1,19,6,2,-1,0,8,0,0,0,0,1,1,-1,9,1,16,4,-1,-1,-1,-1,7,E01035195,0,1
202517M105725,2025,17M105725,2,9,0,-1,9,8,6,-1,0,8,0,0,0,0,3,1,-1,9,2,32,6,-1,-1,-1,-1,1,E01012084,0,1
202517M105825,2025,17M105825,2,9,0,-1,9,1,6,-1,0,8,0,0,0,0,4,1,-1,9,2,45,7,-1,-1,-1,-1,2,E01012171,0,2
202517M105825,2025,17M105825,1,9,0,-1,19,5,1,-1,0,8,0,0,0,0,1,1,-1,9,1,73,10,-1,-1,-1,-1,2,E01012081,0,1
202517M106125,2025,17M106125,1,3,0,-1,19,6,2,-1,0,1,0,0,0,0,3,1,-1,9,1,24,5,-1,-1,-1,-1,2,E01012014,0,1
202517M106225,2025,17M106225,1,9,0,-1,9,2,7,-1,0,8,0,0,0,0,1,1,-1,9,1,26,6,-1,-1,-1,-1,1,E01012038,0,1
202517M106225,2025,17M106225,2,9,0,-1,19,7,3,-1,0,8,0,0,0,0,1,1,-1,9,2,21,5,-1,-1,-1,-1,-1,-1,0,-1
202517M106325,2025,17M106325,1,9,0,-1,19,2,6,-1,0,0,0,0,0,0,3,1,-1,9,2,44,7,-1,-1,-1,-1,1,E01033469,0,1
202517M106425,2025,17M106425,1,9,0,-1,4,6,2,-1,0,0,0,0,0,0,2,1,-1,9,1,31,6,-1,-1,-1,-1,9,E01012179,0,2
202517M106425,2025,17M106425,2,9,0,-1,19,6,2,-1,0,0,0,0,0,0,1,1,-1,9,2,42,7,-1,-1,-1,-1,1,E01012061,0,1
202517M106525,2025,17M106525,1,9,0,-1,9,4,2,-1,0,6,0,0,0,0,1,1,-1,9,1,41,7,-1,-1,-1,-1,8,E01020595,0,4
202517M106525,2025,17M106525,2,9,0,-1,3,2,6,-1,0,8,0,0,0,0,0,1,-1,9,1,35,6,-1,-1,-1,-1,3,E01012289,0,1
202517M106525,2025,17M106525,3,9,0,-1,14,2,6,-1,0,8,0,0,0,0,1,1,-1,9,1,33,6,-1,-1,-1,-1,1,E01012093,0,1
202517M106625,2025,17M106625,2,1,0,-1,19,2,6,-1,0,1,0,0,0,0,1,1,-1,6,1,10,2,-1,-1,-1,-1,-1,-1,0,-1
202517M106625,2025,17M106625,1,9,0,-1,8,0,0,-1,0,1,0,0,0,0,1,1,-1,1,1,54,8,-1,-1,-1,-1,1,E01012075,0,1
202517M106725,2025,17M106725,1,9,0,-1,1,5,1,-1,0,0,0,0,0,0,2,1,-1,6,1,24,5,-1,-1,-1,-1,1,E01012093,0,1
202517M106825,2025,17M106825,1,9,0,-1,11,6,2,-1,0,0,0,0,0,0,4,1,-1,2,2,39,7,-1,-1,-1,-1,1,E01012083,0,1
202517M106825,2025,17M106825,2,9,0,-1,19,6,2,-1,0,0,0,0,0,0,3,1,-1,2,1,36,7,-1,-1,-1,-1,1,E01012102,0,3
202517M106925,2025,17M106925,1,9,0,-1,19,2,6,-1,0,1,0,0,0,0,1,1,-1,9,1,54,8,-1,-1,-1,-1,1,E01012078,0,1
202517M106925,2025,17M106925,2,9,0,-1,2,0,0,-1,0,1,0,0,0,0,2,1,-1,9,1,35,6,-1,-1,-1,-1,3,E01012057,0,1
202517M107025,2025,17M107025,1,8,0,-1,19,6,2,-1,0,0,0,0,0,0,4,1,-1,1,1,48,8,-1,-1,-1,-1,-1,-1,0,-1
202517M107125,2025,17M107125,1,8,0,-1,19,4,8,-1,0,0,0,0,0,0,4,1,-1,1,1,46,8,-1,-1,-1,-1,1,E01012039,0,1
202517M107325,2025,17M107325,1,9,0,-1,19,6,2,-1,0,0,0,0,1,4,1,1,-1,9,1,88,11,-1,-1,-1,-1,4,E01012157,0,3
202517M107425,2025,17M107425,1,9,0,-1,19,6,2,-1,0,2,0,0,0,0,1,1,-1,9,2,39,7,-1,-1,-1,-1,7,E01012024,0,1
202517M107425,2025,17M107425,2,9,0,-1,19,2,6,-1,0,1,0,0,0,0,1,1,-1,9,1,47,8,-1,-1,-1,-1,5,E01012140,0,3
202517M107525,2025,17M107525,1,9,0,-1,19,8,4,-1,0,0,0,0,0,0,4,1,-1,9,1,44,7,-1,-1,-1,-1,1,E01012100,0,3
202517M107525,2025,17M107525,2,9,0,-1,12,8,4,-1,0,0,0,0,0,0,3,1,-1,9,1,17,4,-1,-1,-1,-1,4,E01035194,0,2
202517M107625,2025,17M107625,2,9,0,-1,11,7,3,-1,0,8,0,0,0,0,0,1,-1,6,1,-1,-1,-1,-1,-1,-1,-1,-1,0,-1
202517M107625,2025,17M107625,1,5,0,-1,19,7,3,-1,0,8,0,0,0,0,4,1,-1,9,2,29,6,-1,-1,-1,-1,6,E01012151,0,1
202517M107725,2025,17M107725,1,9,0,-1,19,6,2,-1,0,2,0,10,1,10,1,1,-1,9,1,35,6,-1,-1,-1,-1,1,E01012011,0,1
202517M107825,2025,17M107825,1,9,0,-1,19,1,5,-1,0,0,0,0,0,0,3,1,-1,9,1,36,7,-1,-1,-1,-1,9,E01033185,0,4
202517M108225,2025,17M108225,1,9,0,-1,19,8,4,-1,0,2,0,0,0,0,4,1,-1,6,3,-1,-1,-1,-1,-1,-1,-1,-1,0,-1
202517M108525,2025,17M108525,1,9,0,-1,19,5,1,-1,0,0,0,0,0,0,1,1,-1,6,3,-1,-1,-1,-1,-1,-1,-1,-1,0,-1
202517M109025,2025,17M109025,2,9,0,-1,1,3,7,-1,0,0,0,0,0,0,2,1,-1,9,1,-1,-1,-1,-1,-1,-1,-1,-1,0,-1
202517M109025,2025,17M109025,1,1,0,-1,19,5,1,-1,0,0,0,0,0,0,1,1,-1,9,1,50,8,-1,-1,-1,-1,-1,-1,0,-1
202517M200725,2025,17M200725,1,9,0,-1,19,2,6,-1,0,2,0,0,0,0,3,1,-1,9,2,33,6,-1,-1,-1,-1,8,E01033480,0,3
202517M202525,2025,17M202525,1,9,0,-1,19,4,8,-1,0,0,0,0,0,0,2,1,-1,7,2,30,6,-1,-1,-1,-1,1,E01012077,0,1
202517M202525,2025,17M202525,2,8,0,-1,19,4,8,-1,0,0,0,0,0,0,1,1,-1,1,1,-1,-1,-1,-1,-1,-1,-1,-1,0,-1
202517M203225,2025,17M203225,1,8,0,-1,5,4,8,-1,0,2,0,0,0,0,4,1,-1,1,1,46,8,-1,-1,-1,-1,4,E01012056,0,1
202517M204825,2025,17M204825,2,9,0,-1,2,0,0,-1,0,1,0,0,0,0,1,1,-1,9,1,-1,-1,-1,-1,-1,-1,-1,-1,0,-1
202517M204825,2025,17M204825,1,5,0,-1,19,2,6,-1,0,2,0,0,0,0,1,1,-1,9,1,30,6,-1,-1,-1,-1,1,E01012089,0,1
202517M205225,2025,17M205225,1,-1,0,-1,19,1,5,-1,0,1,0,0,0,0,0,1,-1,6,2,36,7,-1,-1,-1,-1,1,E01012060,1,1
202517M205625,2025,17M205625,2,1,0,-1,19,5,1,-1,0,1,0,0,0,0,1,1,-1,9,1,8,2,-1,-1,-1,-1,1,E01012016,0,1
202517M205625,2025,17M205625,1,1,0,-1,19,6,2,-1,0,2,0,0,0,0,1,1,-1,6,1,-1,-1,-1,-1,-1,-1,-1,-1,0,-1
202517M205925,2025,17M205925,2,-1,0,-1,19,8,4,-1,0,6,0,0,0,0,1,1,-1,9,1,8,2,-1,-1,-1,-1,1,E01012076,1,1
202517M205925,2025,17M205925,1,9,0,-1,19,6,2,-1,0,8,0,0,0,0,4,1,-1,1,1,40,7,-1,-1,-1,-1,9,E01033476,0,3
202517M300525,2025,17M300525,1,9,0,-1,3,8,4,-1,0,1,0,0,0,0,2,1,-1,9,2,28,6,-1,-1,-1,-1,-1,-1,0,-1
202517M300525,2025,17M300525,2,9,0,-1,19,8,4,-1,0,1,0,0,0,0,1,1,-1,9,2,49,8,-1,-1,-1,-1,-1,-1,0,-1
202517M300925,2025,17M300925,1,9,0,-1,19,8,4,-1,0,8,0,0,0,0,4,1,-1,9,2,55,8,-1,-1,-1,-1,6,E01012049,0,1
202517M300925,2025,17M300925,2,9,0,-1,19,2,6,-1,0,4,0,0,0,0,1,1,-1,8,1,17,4,-1,-1,-1,-1,-1,-1,0,-1
202517M301325,2025,17M301325,1,9,0,-1,19,8,4,-1,0,1,0,10,3,10,4,1,-1,8,1,31,6,-1,-1,-1,-1,8,E01033480,0,3
202517M301825,2025,17M301825,1,9,0,-1,9,3,8,-1,0,8,0,0,0,0,1,1,-1,9,1,17,4,-1,-1,-1,-1,8,E01012032,0,1
202517M301825,2025,17M301825,2,9,0,-1,19,8,4,-1,0,8,0,0,0,0,1,1,-1,9,2,54,8,-1,-1,-1,-1,8,E01012065,0,1
202517M303125,2025,17M303125,1,9,0,-1,19,6,2,-1,0,1,0,0,0,0,1,1,-1,9,1,17,4,-1,-1,-1,-1,9,E01032593,0,1
202517M303825,2025,17M303825,1,9,0,-1,19,5,1,-1,0,2,0,0,0,0,1,1,-1,9,1,19,4,-1,-1,-1,-1,-1,-1,0,-1
202517M304125,2025,17M304125,2,9,0,-1,19,3,7,-1,0,1,0,0,0,0,1,1,-1,2,1,-1,-1,-1,-1,-1,-1,-1,-1,0,-1
202517M304125,2025,17M304125,1,9,0,-1,3,3,7,-1,0,1,0,0,0,0,2,1,-1,2,1,30,6,-1,-1,-1,-1,8,E01012067,0,1
202517M307925,2025,17M307925,1,9,0,-1,19,1,7,-1,0,0,0,0,0,0,1,1,-1,6,3,-1,-1,-1,-1,-1,-1,-1,-1,0,-1
202517M308025,2025,17M308025,1,9,0,-1,19,3,7,-1,0,0,0,0,0,0,1,1,-1,2,2,67,10,-1,-1,-1,-1,7,E01008786,0,4
202517M308025,2025,17M308025,2,9,0,-1,4,3,7,-1,0,0,0,0,0,0,2,1,-1,2,2,40,7,-1,-1,-1,-1,8,E01033480,0,3
202517S100125,2025,17S100125,1,9,0,-1,9,4,2,-1,0,8,0,0,0,0,3,1,-1,9,1,58,9,-1,-1,-1,-1,-1,-1,0,-1
202517S100125,2025,17S100125,2,1,0,-1,19,2,6,-1,0,8,0,0,0,0,1,1,-1,9,1,53,8,-1,-1,-1,-1,8,E01011997,0,3
202517S100225,2025,17S100225,1,9,0,-1,7,3,5,-1,0,8,0,0,0,0,1,1,-1,9,1,41,7,-1,-1,-1,-1,1,E01012252,0,1
202517S100225,2025,17S100225,2,9,0,-1,19,5,1,-1,0,8,0,0,0,0,3,1,-1,9,1,50,8,-1,-1,-1,-1,3,E01012289,0,1
202517S100925,2025,17S100925,1,11,0,-1,19,3,7,-1,0,1,0,0,0,0,0,1,-1,1,1,-1,-1,-1,-1,-1,-1,-1,-1,0,-1
202517S101025,2025,17S101025,1,9,0,-1,19,4,8,-1,0,0,0,0,0,0,1,1,-1,6,3,-1,-1,-1,-1,-1,-1,-1,-1,0,-1
202517S101125,2025,17S101125,1,9,0,-1,1,3,7,-1,0,1,0,0,0,0,2,1,-1,9,1,23,5,-1,-1,-1,-1,-1,-1,0,-1
202517S101325,2025,17S101325,1,11,0,-1,19,1,5,-1,0,2,0,0,0,0,1,1,-1,1,1,33,6,-1,-1,-1,-1,3,E01032544,0,1
202517S101425,2025,17S101425,2,9,0,-1,19,2,6,-1,2,8,0,0,0,0,1,1,-1,9,1,44,7,-1,-1,-1,-1,-1,-1,0,-1
202517S101425,2025,17S101425,1,9,0,-1,7,2,4,-1,0,8,0,0,0,0,4,1,-1,9,2,26,6,-1,-1,-1,-1,1,E01012250,0,1
202517S101725,2025,17S101725,2,9,0,-1,19,7,3,-1,0,0,0,0,0,0,1,1,-1,2,1,41,7,-1,-1,-1,-1,1,E01033471,0,3
202517S101725,2025,17S101725,1,9,0,-1,19,3,7,-1,0,0,5,0,4,0,1,1,-1,9,1,84,11,-1,-1,-1,-1,6,E01012213,0,2
202517S102125,2025,17S102125,1,9,0,-1,19,6,2,-1,0,0,0,0,0,0,1,1,-1,1,1,61,9,-1,-1,-1,-1,9,E01012231,0,2
202517S102225,2025,17S102225,2,1,0,-1,19,2,7,-1,0,8,0,0,0,0,1,1,-1,2,1,55,8,-1,-1,-1,-1,2,E01012194,0,1
202517S102225,2025,17S102225,1,9,0,-1,9,7,4,-1,0,8,0,0,0,0,1,1,-1,2,1,33,6,-1,-1,-1,-1,1,E01012268,0,1
202517S102725,2025,17S102725,1,9,0,-1,19,1,5,-1,0,8,0,0,0,0,1,1,-1,9,1,53,8,-1,-1,-1,-1,1,E01012327,0,3
202517S102725,2025,17S102725,2,8,0,-1,19,4,8,-1,0,8,0,0,0,0,1,1,-1,1,1,54,8,-1,-1,-1,-1,1,E01033469,0,2
202517S102925,2025,17S102925,2,9,0,-1,1,7,3,-1,0,0,0,0,0,0,2,1,-1,6,3,-1,-1,-1,-1,-1,-1,-1,-1,0,-1
202517S102925,2025,17S102925,1,1,0,-1,19,1,5,-1,0,0,0,0,0,0,3,1,-1,9,1,42,7,-1,-1,-1,-1,1,E01035199,0,1
202517S103525,2025,17S103525,2,9,0,-1,2,0,0,-1,0,0,0,0,0,0,2,1,-1,9,1,-1,-1,-1,-1,-1,-1,-1,-1,0,-1
202517S103525,2025,17S103525,1,9,0,-1,19,3,7,-1,0,0,0,0,0,0,1,1,-1,9,2,37,7,-1,-1,-1,-1,-1,-1,0,-1
202517S103725,2025,17S103725,2,9,0,-1,19,1,5,-1,0,1,0,0,0,0,1,1,-1,7,1,-1,-1,-1,-1,-1,-1,-1,-1,0,-1
202517S103725,2025,17S103725,1,1,0,-1,19,1,5,-1,0,1,0,0,0,0,2,1,-1,9,1,31,6,-1,-1,-1,-1,10,E01012201,0,2