collision_index,collision_year,collision_ref_no,vehicle_reference,vehicle_type,towing_and_articulation,vehicle_manoeuvre_historic,vehicle_manoeuvre,vehicle_direction_from,vehicle_direction_to,vehicle_location_restricted_lane_historic,vehicle_location_restricted_lane,junction_location,skidding_and_overturning,hit_object_in_carriageway,vehicle_leaving_carriageway,hit_object_off_carriageway,first_point_of_impact,vehicle_left_hand_drive,journey_purpose_of_driver_historic,journey_purpose_of_driver,sex_of_driver,age_of_driver,age_band_of_driver,engine_capacity_cc,propulsion_code,age_of_vehicle,generic_make_model,driver_imd_decile,lsoa_of_driver,escooter_flag,driver_distance_banding
2025201537813,2025,201537813,1,9,0,-1,19,8,4,-1,0,0,0,0,0,0,1,1,-1,6,1,30,6,-1,-1,-1,-1,-1,-1,0,-1
2025201537813,2025,201537813,2,9,0,-1,3,8,4,-1,0,0,0,0,0,0,2,1,-1,9,1,34,6,-1,-1,-1,-1,1,E01010524,0,1
2025201537813,2025,201537813,3,9,0,-1,3,8,4,-1,0,0,0,0,0,0,2,1,-1,6,1,50,8,-1,-1,-1,-1,7,E01010493,0,1
2025201537830,2025,201537830,1,9,0,-1,1,3,1,-1,2,0,0,4,0,0,2,1,-1,6,2,53,8,-1,-1,-1,-1,1,E01009061,0,2
2025201537830,2025,201537830,2,9,0,-1,2,0,0,-1,0,0,0,0,0,0,2,1,-1,6,1,30,6,-1,-1,-1,-1,2,E01009022,0,1
2025201537843,2025,201537843,2,3,0,-1,2,0,0,-1,0,0,0,0,0,0,1,1,-1,6,1,21,5,-1,-1,-1,-1,6,E01010557,0,1
2025201537843,2025,201537843,1,9,0,-1,1,5,1,-1,0,0,0,0,0,0,2,1,-1,6,2,-1,-1,-1,-1,-1,-1,-1,-1,0,-1
2025201537845,2025,201537845,2,9,0,-1,19,1,5,-1,0,0,0,0,0,0,1,1,-1,6,2,33,6,-1,-1,-1,-1,3,E01025829,0,3
2025201537845,2025,201537845,1,9,0,-1,19,1,5,-1,0,0,0,0,0,0,4,1,-1,6,1,44,7,-1,-1,-1,-1,3,E01009621,0,1
2025201537859,2025,201537859,1,9,0,-1,19,8,4,-1,0,8,0,0,0,0,1,1,-1,6,1,23,5,-1,-1,-1,-1,1,E01009131,0,1
2025201537859,2025,201537859,2,9,0,-1,19,2,6,-1,0,8,0,0,0,0,3,1,-1,6,1,33,6,-1,-1,-1,-1,1,E01009132,0,1
2025201537878,2025,201537878,2,19,0,-1,19,1,1,-1,0,0,0,0,0,0,1,1,-1,6,3,45,7,-1,-1,-1,-1,-1,-1,0,-1
2025201537878,2025,201537878,1,9,0,-1,5,3,3,-1,9,0,0,0,0,0,3,1,-1,9,1,28,6,-1,-1,-1,-1,1,E01010456,0,1
2025201537882,2025,201537882,1,9,0,-1,19,8,4,-1,0,6,0,0,0,0,3,1,-1,6,1,-1,-1,-1,-1,-1,-1,10,E01010229,0,2
2025201537882,2025,201537882,2,9,0,-1,19,8,4,-1,0,8,0,0,0,0,4,1,-1,6,2,20,4,-1,-1,-1,-1,3,E01008933,0,1
2025201537889,2025,201537889,1,9,0,-1,19,1,7,-1,0,2,0,0,0,0,1,1,-1,6,3,25,5,-1,-1,-1,-1,-1,-1,0,-1
2025201537903,2025,201537903,1,19,0,-1,19,4,8,-1,0,0,0,0,0,0,3,1,-1,6,1,40,7,-1,-1,-1,-1,-1,-1,0,-1
2025201537903,2025,201537903,2,9,0,-1,19,8,4,-1,0,0,0,0,0,0,3,1,-1,9,1,31,6,-1,-1,-1,-1,2,E01033629,0,3
2025201537972,2025,201537972,2,9,0,-1,19,5,1,-1,0,0,0,0,0,0,2,1,-1,6,1,44,7,-1,-1,-1,-1,4,E01009139,0,1
2025201537972,2025,201537972,1,9,0,-1,19,5,1,-1,0,0,0,0,0,0,1,1,-1,6,1,46,8,-1,-1,-1,-1,2,E01010057,0,1
2025201538144,2025,201538144,2,9,0,-1,19,2,6,-1,0,6,0,0,0,0,1,1,-1,6,1,36,7,-1,-1,-1,-1,4,E01009324,0,1
2025201538144,2025,201538144,1,9,0,-1,19,8,4,-1,0,8,0,0,0,0,1,1,-1,6,1,27,6,-1,-1,-1,-1,5,E01034951,0,2
2025201538151,2025,201538151,2,9,0,-1,9,4,8,-1,0,5,0,0,0,0,1,1,-1,6,1,-1,-1,-1,-1,-1,-1,-1,-1,0,-1
2025201538151,2025,201538151,1,9,0,-1,9,4,8,-1,0,5,0,0,0,0,1,1,-1,6,1,68,10,-1,-1,-1,-1,5,E01008960,0,1
2025201538298,2025,201538298,1,9,0,-1,19,6,2,-1,0,8,0,0,0,0,1,1,-1,6,3,-1,-1,-1,-1,-1,-1,-1,-1,0,-1
2025201538298,2025,201538298,2,9,0,-1,9,5,6,-1,0,6,0,0,0,0,1,1,-1,6,3,-1,-1,-1,-1,-1,-1,-1,-1,0,-1
2025201538305,2025,201538305,1,9,0,-1,19,4,8,-1,0,8,1,0,0,0,3,1,-1,9,2,35,6,-1,-1,-1,-1,7,E01018429,0,4
2025201538305,2025,201538305,2,9,0,-1,19,2,6,-1,0,6,0,0,3,0,0,1,-1,9,1,18,4,-1,-1,-1,-1,10,E01029520,0,2
2025201538458,2025,201538458,1,9,0,-1,19,8,4,-1,0,0,1,10,7,6,1,9,-1,6,1,56,9,-1,-1,-1,-1,3,E01009242,0,1
2025201538458,2025,201538458,2,9,0,-1,19,4,8,-1,0,0,0,0,0,0,1,9,-1,6,2,25,5,-1,-1,-1,-1,1,E01009062,0,1
2025201538589,2025,201538589,1,5,0,-1,4,3,5,-1,0,0,0,0,0,0,2,1,-1,6,1,27,6,-1,-1,-1,-1,2,E01010128,0,1
2025201538589,2025,201538589,2,10,0,-1,19,3,5,-1,0,0,0,0,0,0,1,1,-1,1,1,64,9,-1,-1,-1,-1,-1,-1,0,-1
2025201538706,2025,201538706,2,9,0,-1,3,3,7,-1,0,8,0,0,0,0,1,9,-1,6,1,25,5,-1,-1,-1,-1,-1,-1,0,-1
2025201538706,2025,201538706,1,9,0,-1,19,3,7,-1,0,1,1,0,0,0,1,1,-1,6,1,26,6,-1,-1,-1,-1,3,E01010042,0,1
2025201538706,2025,201538706,3,9,0,-1,3,3,7,-1,0,8,0,0,0,0,0,1,-1,6,2,44,7,-1,-1,-1,-1,2,E01009890,0,1
2025201538806,2025,201538806,2,1,0,-1,3,7,3,-1,0,1,0,0,0,0,3,1,-1,6,1,51,8,-1,-1,-1,-1,1,E01009024,0,1
2025201538806,2025,201538806,1,9,0,-1,5,1,5,-1,0,8,0,0,0,0,1,1,-1,6,3,40,7,-1,-1,-1,-1,-1,-1,0,-1
2025201538814,2025,201538814,2,9,0,-1,19,1,5,-1,0,4,0,0,0,0,1,1,-1,6,1,44,7,-1,-1,-1,-1,1,E01010066,0,3
2025201538814,2025,201538814,1,9,0,-1,19,4,8,-1,0,4,0,0,0,0,1,1,-1,6,1,20,4,-1,-1,-1,-1,1,E01008928,0,2
2025201538819,2025,201538819,2,9,0,-1,19,5,1,-1,0,6,0,0,0,0,4,1,-1,6,1,52,8,-1,-1,-1,-1,1,E01009372,0,4
2025201538819,2025,201538819,1,9,0,-1,5,3,7,-1,0,6,0,0,0,0,3,1,-1,6,1,59,9,-1,-1,-1,-1,4,E01009606,0,1
2025201538824,2025,201538824,1,9,0,-1,19,7,3,-1,0,0,0,0,0,0,1,1,-1,6,1,40,7,-1,-1,-1,-1,-1,-1,0,-1
2025201538824,2025,201538824,2,9,0,-1,3,7,3,-1,0,0,0,0,0,0,2,1,-1,2,2,56,9,-1,-1,-1,-1,1,E01009104,0,3
2025201538831,2025,201538831,1,9,0,-1,2,0,0,-1,0,0,0,0,0,0,1,1,-1,6,2,27,6,-1,-1,-1,-1,2,E01009487,0,1
2025201538831,2025,201538831,2,9,0,-1,19,7,3,-1,0,0,0,0,0,0,1,1,-1,6,1,29,6,-1,-1,-1,-1,2,E01009029,0,1
2025201538888,2025,201538888,1,9,0,-1,19,5,1,-1,0,1,0,0,0,0,1,1,-1,6,-1,-1,-1,-1,-1,-1,-1,-1,-1,0,-1
2025201538930,2025,201538930,1,2,0,-1,5,1,2,-1,0,1,0,0,0,0,4,1,-1,9,1,25,5,-1,-1,-1,-1,1,E01009748,0,1
2025201538962,2025,201538962,1,1,0,-1,5,1,5,-1,0,0,0,0,0,0,1,1,-1,2,1,58,9,-1,-1,-1,-1,-1,-1,0,-1
2025201538962,2025,201538962,2,9,0,-1,1,4,6,-1,0,0,0,0,0,0,4,1,-1,6,2,39,7,-1,-1,-1,-1,1,E01009131,0,1
2025201538964,2025,201538964,1,9,0,-1,9,1,3,-1,0,2,0,0,0,0,1,1,-1,6,1,37,7,-1,-1,-1,-1,1,E01009844,0,1
2025201539009,2025,201539009,1,9,0,-1,19,3,7,-1,0,0,0,0,0,0,3,9,-1,6,1,30,6,-1,-1,-1,-1,-1,-1,0,-1
2025201539037,2025,201539037,1,9,0,-1,19,7,3,-1,0,4,1,0,0,0,1,1,-1,6,1,25,5,-1,-1,-1,-1,1,E01009384,0,1
2025201539037,2025,201539037,2,9,0,-1,19,5,1,-1,0,8,1,0,7,0,4,1,-1,6,1,39,7,-1,-1,-1,-1,1,E01009396,0,1
2025201539044,2025,201539044,3,9,0,-1,2,0,0,-1,0,0,0,0,0,0,2,1,-1,6,-1,-1,-1,-1,-1,-1,-1,-1,-1,0,-1
2025201539044,2025,201539044,2,9,0,-1,2,0,0,-1,0,0,0,0,0,0,3,1,-1,6,-1,-1,-1,-1,-1,-1,-1,-1,-1,0,-1
2025201539044,2025,201539044,1,9,0,-1,7,6,1,-1,0,0,0,4,0,0,1,1,-1,2,2,38,7,-1,-1,-1,-1,1,E01008998,0,1
2025201539105,2025,201539105,2,9,0,-1,9,7,1,-1,0,2,0,0,0,0,3,9,-1,9,1,34,6,-1,-1,-1,-1,1,E01009752,0,1
2025201539105,2025,201539105,1,8,0,-1,19,7,3,-1,0,8,0,0,0,0,1,9,-1,6,1,39,7,-1,-1,-1,-1,2,E01009837,0,1
2025201539145,2025,201539145,1,9,0,-1,19,7,3,-1,0,0,0,0,0,0,1,1,-1,2,1,49,8,-1,-1,-1,-1,2,E01032538,0,1
2025201539162,2025,201539162,1,9,0,-1,5,6,2,-1,0,6,0,0,0,0,1,1,-1,6,1,47,8,-1,-1,-1,-1,1,E01010416,0,1
2025201539162,2025,201539162,2,3,0,-1,19,4,8,-1,0,8,0,0,0,0,1,1,-1,6,2,59,9,-1,-1,-1,-1,2,E01010344,0,2
2025201539170,2025,201539170,2,9,0,-1,19,1,5,-1,0,0,0,0,0,0,2,1,-1,6,-1,-1,-1,-1,-1,-1,-1,-1,-1,0,-1
2025201539170,2025,201539170,1,9,0,-1,19,1,5,-1,0,0,0,0,0,0,1,1,-1,6,2,25,5,-1,-1,-1,-1,-1,-1,0,-1
2025201539175,2025,201539175,1,9,0,-1,2,1,5,-1,0,1,0,0,0,0,2,1,-1,6,2,25,5,-1,-1,-1,-1,-1,-1,0,-1
2025201539175,2025,201539175,2,9,0,-1,19,1,5,-1,0,1,0,0,3,0,1,1,-1,6,-1,-1,-1,-1,-1,-1,-1,-1,-1,0,-1
2025201539208,2025,201539208,2,9,0,-1,2,0,0,-1,0,0,1,4,0,0,1,1,-1,6,-1,-1,-1,-1,-1,-1,-1,-1,-1,0,-1
2025201539208,2025,201539208,3,9,0,-1,2,0,0,-1,0,0,1,0,1,0,1,1,-1,6,-1,-1,-1,-1,-1,-1,-1,-1,-1,0,-1
2025201539208,2025,201539208,1,9,0,-1,19,3,7,-1,0,0,1,4,0,0,1,1,-1,6,1,20,4,-1,-1,-1,-1,2,E01009837,0,1
2025201539255,2025,201539255,1,19,0,-1,5,4,8,-1,9,0,0,0,0,0,2,1,-1,1,1,35,6,-1,-1,-1,-1,-1,-1,0,-1
2025201539259,2025,201539259,2,3,0,-1,10,2,6,-1,0,1,0,0,0,0,2,1,-1,6,1,35,6,-1,-1,-1,-1,1,E01034919,0,1
2025201539259,2025,201539259,1,9,0,-1,19,2,6,-1,0,1,0,0,0,0,1,1,-1,1,1,36,7,-1,-1,-1,-1,2,E01009481,0,1
2025201539268,2025,201539268,2,9,0,-1,19,1,5,-1,0,0,0,0,0,0,2,9,-1,9,2,29,6,-1,-1,-1,-1,1,E01034935,0,1
2025201539268,2025,201539268,1,9,0,-1,15,5,1,-1,0,0,0,0,0,0,1,9,-1,6,3,-1,-1,-1,-1,-1,-1,-1,-1,0,-1
2025201539341,2025,201539341,2,19,0,-1,3,6,2,-1,0,0,0,0,0,0,3,1,-1,1,1,39,7,-1,-1,-1,-1,1,E01006350,0,5
2025201539341,2025,201539341,1,9,0,-1,14,6,2,-1,0,0,0,0,0,0,4,1,-1,6,2,-1,-1,-1,-1,-1,-1,-1,-1,0,-1
2025201539359,2025,201539359,2,-1,0,-1,5,6,2,-1,0,1,0,0,0,0,2,1,-1,6,1,45,7,-1,-1,-1,-1,2,E01009662,1,1
2025201539359,2025,201539359,1,9,0,-1,19,6,2,-1,0,8,0,0,0,0,1,1,-1,6,1,49,8,-1,-1,-1,-1,4,E01025823,0,4
2025201539386,2025,201539386,1,9,0,-1,19,6,2,-1,0,0,0,0,0,0,1,9,-1,6,1,22,5,-1,-1,-1,-1,-1,-1,0,-1
2025201539386,2025,201539386,2,9,0,-1,3,6,2,-1,0,0,0,0,0,0,2,9,-1,9,2,35,6,-1,-1,-1,-1,1,E01009513,0,1
2025201539406,2025,201539406,1,9,0,-1,19,2,6,-1,0,1,0,0,0,0,1,1,-1,6,2,20,4,-1,-1,-1,-1,-1,-1,0,-1
2025201539448,2025,201539448,2,9,0,-1,19,5,1,-1,0,1,0,0,0,0,2,1,-1,6,1,50,8,-1,-1,-1,-1,2,E01010472,0,1
2025201539448,2025,201539448,1,9,0,-1,19,5,1,-1,0,8,0,0,0,0,2,1,-1,6,1,33,6,-1,-1,-1,-1,-1,-1,0,-1
2025201539466,2025,201539466,1,9,0,-1,2,0,0,-1,0,5,0,0,1,0,1,1,-1,2,1,38,7,-1,-1,-1,-1,4,E01010467,0,3
2025201539540,2025,201539540,1,9,0,-1,9,4,2,-1,0,5,0,0,0,0,4,1,-1,9,1,31,6,-1,-1,-1,-1,-1,-1,0,-1
2025201539540,2025,201539540,2,97,0,-1,19,2,6,-1,0,8,0,0,0,0,1,1,-1,6,1,16,4,-1,-1,-1,-1,-1,-1,0,-1
2025201539591,2025,201539591,1,9,0,-1,19,4,8,-1,0,6,0,0,0,0,4,1,-1,6,1,31,6,-1,-1,-1,-1,5,E01009126,0,2
2025201539591,2025,201539591,2,9,0,-1,19,5,1,-1,0,8,0,0,0,0,1,1,-1,6,-1,-1,-1,-1,-1,-1,-1,-1,-1,0,-1
2025201539647,2025,201539647,1,9,0,-1,12,4,8,-1,0,0,1,10,0,0,1,1,-1,1,1,31,6,-1,-1,-1,-1,1,E01034919,0,1
2025201539770,2025,201539770,1,9,0,-1,19,8,4,-1,0,0,0,0,0,0,1,1,-1,6,1,32,6,-1,-1,-1,-1,1,E01010363,0,2
2025201539770,2025,201539770,2,9,0,-1,4,8,4,-1,0,0,0,0,0,0,2,1,-1,9,2,29,6,-1,-1,-1,-1,4,E01009167,0,3
2025201539776,2025,201539776,2,98,0,-1,3,5,1,-1,0,1,0,0,0,0,2,1,-1,2,1,45,7,-1,-1,-1,-1,5,E01010110,0,3
2025201539776,2025,201539776,1,9,0,-1,19,5,1,-1,0,1,0,0,0,0,0,1,-1,6,1,-1,-1,-1,-1,-1,-1,-1,-1,0,-1
2025201539850,2025,201539850,2,9,0,-1,5,1,1,-1,9,0,0,0,0,0,1,1,-1,6,2,50,8,-1,-1,-1,-1,4,E01010002,0,2
2025201539850,2025,201539850,1,9,0,-1,2,1,1,-1,-1,0,0,0,0,0,1,1,-1,9,2,67,10,-1,-1,-1,-1,7,E01009070,0,1
2025201539858,2025,201539858,2,9,0,-1,3,3,4,-1,0,1,0,0,0,0,1,9,-1,6,3,30,6,-1,-1,-1,-1,-1,-1,0,-1
2025201539858,2025,201539858,1,9,0,-1,19,1,5,-1,0,2,0,0,0,0,4,1,-1,6,2,27,6,-1,-1,-1,-1,1,E01010294,0,1
2025201539873,2025,201539873,1,9,0,-1,19,4,8,-1,0,0,0,0,0,0,0,1,-1,6,1,-1,-1,-1,-1,-1,-1,-1,-1,0,-1
2025201539925,2025,201539925,2,9,0,-1,19,5,1,-1,0,1,0,0,0,0,1,1,-1,1,1,47,8,-1,-1,-1,-1,2,E01009210,0,1
2025201539925,2025,201539925,1,9,0,-1,5,6,2,-1,0,1,1,0,0,0,1,1,-1,2,1,48,8,-1,-1,-1,-1,1,E01009172,0,1
2025201539945,2025,201539945,1,9,0,-1,19,5,3,-1,0,8,0,0,0,0,2,1,-1,7,2,30,6,-1,-1,-1,-1,1,E01009300,0,1
2025201539945,2025,201539945,2,9,0,-1,7,5,4,-1,0,8,0,0,0,0,1,1,-1,6,2,61,9,-1,-1,-1,-1,1,E01009510,0,1
2025201539962,2025,201539962,1,9,0,-1,5,5,4,-1,0,8,0,0,0,0,1,9,-1,6,1,31,6,-1,-1,-1,-1,5,E01009246,0,1
2025201539970,2025,201539970,1,8,0,-1,19,4,8,-1,0,1,0,0,0,0,4,1,-1,9,1,47,8,-1,-1,-1,-1,1,E01010464,0,1
2025201540009,2025,201540009,4,9,0,-1,4,4,8,-1,0,0,0,1,0,0,1,1,-1,6,1,28,6,-1,-1,-1,-1,1,E01025298,0,5
2025201540009,2025,201540009,3,19,0,-1,4,4,8,-1,0,0,0,11,0,0,2,1,-1,1,1,54,8,-1,-1,-1,-1,7,E01012415,0,5
2025201540009,2025,201540009,1,9,0,-1,11,4,8,-1,0,0,1,10,0,0,1,1,-1,6,1,38,7,-1,-1,-1,-1,1,E01009622,0,4
2025201540009,2025,201540009,2,9,0,-1,4,4,8,-1,0,0,0,0,0,0,2,1,-1,2,1,32,6,-1,-1,-1,-1,3,E01009835,0,3
2025201540032,2025,201540032,1,9,0,-1,13,4,8,-1,0,0,0,0,0,0,1,9,-1,6,3,-1,-1,-1,-1,-1,-1,-1,-1,0,-1
2025201540032,2025,201540032,2,9,0,-1,19,4,8,-1,0,0,0,4,0,0,1,1,-1,6,1,22,5,-1,-1,-1,-1,10,E01010217,0,1
2025201540032,2025,201540032,3,98,0,-1,2,0,0,-1,0,0,0,0,0,0,2,1,-1,6,1,-1,-1,-1,-1,-1,-1,2,E01009043,0,1
2025201540033,2025,201540033,2,9,0,-1,9,2,5,-1,0,4,0,0,0,0,3,1,-1,6,1,68,10,-1,-1,-1,-1,8,E01009559,0,1
2025201540033,2025,201540033,1,9,0,-1,19,6,5,-1,0,4,0,0,0,0,1,1,-1,6,1,38,7,-1,-1,-1,-1,1,E01009651,0,1
2025201540056,2025,201540056,3,9,0,-1,19,1,5,-1,0,8,1,0,0,0,1,9,-1,6,1,-1,-1,-1,-1,-1,-1,-1,-1,0,-1
2025201540056,2025,201540056,1,9,0,-1,19,4,8,-1,0,8,0,0,0,0,1,1,-1,1,1,34,6,-1,-1,-1,-1,1,E01009007,0,2
2025201540068,2025,201540068,2,9,0,-1,13,4,3,-1,0,8,0,0,0,0,4,9,-1,6,3,18,4,-1,-1,-1,-1,-1,-1,0,-1
2025201540068,2025,201540068,1,8,0,-1,19,4,3,-1,0,8,5,10,1,7,3,1,-1,1,1,44,7,-1,-1,-1,-1,2,E01009392,0,1
2025201540239,2025,201540239,2,9,0,-1,19,8,4,-1,0,0,0,0,0,0,2,1,-1,6,2,28,6,-1,-1,-1,-1,4,E01009620,0,2
2025201540239,2025,201540239,1,9,0,-1,4,8,4,-1,0,0,0,0,0,0,1,1,-1,6,2,23,5,-1,-1,-1,-1,10,E01009563,0,2
2025201540270,2025,201540270,2,9,0,-1,3,1,5,-1,0,0,0,0,0,0,2,1,-1,9,2,21,5,-1,-1,-1,-1,2,E01010128,0,2
2025201540270,2025,201540270,1,9,0,-1,19,1,5,-1,0,0,0,0,0,0,1,1,-1,6,1,-1,-1,-1,-1,-1,-1,-1,-1,0,-1
2025201540287,2025,201540287,2,9,0,-1,19,3,7,-1,0,8,0,0,0,0,1,1,-1,6,1,20,4,-1,-1,-1,-1,3,E01009089,0,1
2025201540287,2025,201540287,1,9,0,-1,9,7,5,-1,0,8,0,0,0,0,1,1,-1,6,3,-1,-1,-1,-1,-1,-1,-1,-1,0,-1
2025201540351,2025,201540351,1,9,0,-1,19,1,5,-1,0,0,0,0,0,0,1,9,-1,1,3,40,7,-1,-1,-1,-1,-1,-1,0,-1
2025201540365,2025,201540365,1,9,0,-1,19,7,6,-1,9,5,0,0,0,0,3,1,-1,9,1,54,8,-1,-1,-1,-1,7,E01031029,0,3
2025201540374,2025,201540374,2,9,0,-1,3,6,2,-1,0,4,0,0,0,0,2,9,-1,2,2,41,7,-1,-1,-1,-1,6,E01010123,0,1
2025201540374,2025,201540374,1,9,0,-1,19,6,2,-1,0,4,0,0,0,0,1,9,-1,6,3,30,6,-1,-1,-1,-1,-1,-1,0,-1
2025201540442,2025,201540442,1,9,0,-1,19,6,2,-1,0,2,1,7,7,10,1,1,-1,1,1,21,5,-1,-1,-1,-1,-1,-1,0,-1
2025201540442,2025,201540442,2,19,0,-1,19,6,2,-1,0,2,1,0,0,0,1,1,-1,1,1,24,5,-1,-1,-1,-1,-1,-1,0,-1
2025201540442,2025,201540442,3,9,0,-1,19,4,8,-1,0,2,0,0,0,0,2,1,-1,6,-1,-1,-1,-1,-1,-1,-1,-1,-1,0,-1
2025201540449,2025,201540449,1,9,0,-1,19,1,5,-1,0,0,0,10,1,2,1,1,-1,9,1,19,4,-1,-1,-1,-1,1,E01008916,0,2
2025201540504,2025,201540504,1,9,0,-1,19,5,1,-1,9,1,1,10,3,0,1,1,-1,6,1,20,4,-1,-1,-1,-1,2,E01010526,0,1
2025201540506,2025,201540506,2,3,0,-1,19,5,6,-1,0,1,1,0,0,0,1,1,-1,6,1,45,7,-1,-1,-1,-1,1,E01009372,0,2
2025201540506,2025,201540506,1,9,0,-1,6,1,5,-1,0,5,0,0,0,0,1,1,-1,6,1,42,7,-1,-1,-1,-1,3,E01033562,0,1
2025201540546,2025,201540546,2,9,0,-1,9,7,5,-1,0,0,0,0,0,0,3,1,-1,2,2,29,6,-1,-1,-1,-1,-1,-1,0,-1
2025201540546,2025,201540546,1,9,0,-1,7,5,7,-1,0,0,0,0,0,0,0,1,-1,6,1,80,11,-1,-1,-1,-1,2,E01008894,0,1
2025201540549,2025,201540549,1,19,0,-1,19,8,3,-1,0,0,0,0,0,0,3,1,-1,6,1,-1,-1,-1,-1,-1,-1,-1,-1,0,-1
2025201540549,2025,201540549,2,9,0,-1,4,3,7,-1,0,0,0,0,0,0,3,1,-1,2,2,40,7,-1,-1,-1,-1,2,E01008987,0,1
2025201540569,2025,201540569,2,9,0,-1,3,8,4,-1,0,1,0,0,0,0,2,1,-1,9,2,27,6,-1,-1,-1,-1,3,E01008970,0,1
2025201540569,2025,201540569,1,9,0,-1,4,8,4,-1,0,1,0,0,0,0,1,9,-1,6,1,30,6,-1,-1,-1,-1,-1,-1,0,-1
2025201540579,2025,201540579,2,9,0,-1,19,1,5,-1,0,0,0,0,0,0,1,1,-1,6,3,30,6,-1,-1,-1,-1,-1,-1,0,-1
2025201540579,2025,201540579,1,9,0,-1,19,1,5,-1,0,0,0,0,0,0,2,1,-1,9,1,34,6,-1,-1,-1,-1,2,E01009017,0,2
2025201540653,2025,201540653,1,9,0,-1,19,4,8,-1,0,1,0,0,0,0,1,1,-1,6,1,35,6,-1,-1,-1,-1,2,E01009837,0,3
2025201540653,2025,201540653,2,9,0,-1,19,4,8,-1,0,1,0,0,0,0,2,1,-1,6,1,31,6,-1,-1,-1,-1,1,E01009259,0,2
2025201540660,2025,201540660,2,9,0,-1,19,5,1,-1,0,6,0,0,0,0,4,1,-1,6,1,29,6,-1,-1,-1,-1,-1,-1,0,-1
2025201540660,2025,201540660,1,9,0,-1,19,7,3,-1,0,8,0,0,0,0,1,1,-1,6,2,43,7,-1,-1,-1,-1,-1,-1,0,-1
2025201540665,2025,201540665,1,9,0,-1,15,4,8,-1,0,0,0,0,0,0,1,1,-1,6,3,-1,-1,-1,-1,-1,-1,-1,-1,0,-1
2025201540669,2025,201540669,2,9,0,-1,19,3,6,-1,0,0,0,0,0,0,1,9,-1,6,3,16,4,-1,-1,-1,-1,-1,-1,0,-1
2025201540669,2025,201540669,1,9,0,-1,19,2,6,-1,0,0,0,0,0,0,2,1,-1,6,1,44,7,-1,-1,-1,-1,3,E01009763,0,3
2025201540685,2025,201540685,2,19,0,-1,19,2,6,-1,0,0,0,0,0,0,1,1,-1,1,1,21,5,-1,-1,-1,-1,1,E01009570,0,4
2025201540685,2025,201540685,1,9,0,-1,4,2,6,-1,-1,0,0,0,0,0,0,1,-1,6,-1,-1,-1,-1,-1,-1,-1,-1,-1,0,-1
2025201540725,2025,201540725,2,9,0,-1,19,6,2,-1,0,8,0,0,1,0,0,1,-1,6,2,40,7,-1,-1,-1,-1,1,E01010482,0,1
2025201540725,2025,201540725,1,9,0,-1,13,6,2,-1,0,8,0,0,0,0,4,1,-1,6,1,30,6,-1,-1,-1,-1,-1,-1,0,-1
2025201540743,2025,201540743,1,4,0,-1,19,4,8,-1,0,8,0,0,0,0,1,1,-1,2,1,23,5,-1,-1,-1,-1,-1,-1,0,-1
2025201540743,2025,201540743,2,9,0,-1,9,6,4,-1,0,8,0,0,0,0,3,1,-1,2,1,25,5,-1,-1,-1,-1,-1,-1,0,-1
2025201540748,2025,201540748,1,9,0,-1,9,2,8,-1,0,8,0,0,0,0,1,1,-1,6,-1,-1,-1,-1,-1,-1,-1,-1,-1,0,-1
2025201540814,2025,201540814,2,9,0,-1,19,1,5,-1,0,8,0,0,0,0,1,9,-1,6,1,31,6,-1,-1,-1,-1,3,E01009296,0,1
2025201540814,2025,201540814,1,98,0,-1,19,5,1,-1,0,4,0,0,0,0,1,9,-1,6,3,-1,-1,-1,-1,-1,-1,-1,-1,0,-1
2025201540894,2025,201540894,1,9,0,-1,19,1,3,-1,9,8,0,4,0,0,1,1,-1,6,-1,20,4,-1,-1,-1,-1,-1,-1,0,-1
2025201540894,2025,201540894,3,9,0,-1,2,0,0,-1,9,1,0,0,0,0,1,1,-1,6,1,25,5,-1,-1,-1,-1,1,E01009096,0,1
2025201540894,2025,201540894,2,9,0,-1,9,3,1,-1,0,5,1,0,0,0,1,1,-1,6,2,51,8,-1,-1,-1,-1,2,E01009088,0,1
2025201540918,2025,201540918,2,-1,0,-1,19,3,8,-1,0,8,0,0,0,0,1,1,-1,6,1,16,4,-1,-1,-1,-1,3,E01009661,1,1
2025201540918,2025,201540918,1,9,0,-1,19,3,8,-1,0,8,0,0,0,0,1,1,-1,6,3,-1,-1,-1,-1,-1,-1,-1,-1,0,-1
2025201540944,2025,201540944,1,9,0,-1,19,1,3,-1,0,4,0,0,0,0,1,1,-1,6,2,17,4,-1,-1,-1,-1,3,E01033562,0,1
2025201540944,2025,201540944,2,1,0,-1,19,7,3,-1,0,8,2,0,0,0,4,1,-1,9,2,66,10,-1,-1,-1,-1,1,E01009153,0,2
2025201540959,2025,201540959,1,9,0,-1,7,7,1,-1,9,5,0,0,0,0,1,1,-1,6,3,-1,-1,-1,-1,-1,-1,-1,-1,0,-1
2025201540971,2025,201540971,2,9,0,-1,19,2,6,-1,0,1,0,0,0,0,1,1,-1,9,2,47,8,-1,-1,-1,-1,3,E01009119,0,1
2025201540971,2025,201540971,1,9,0,-1,9,7,3,-1,0,5,0,0,0,0,1,1,-1,9,1,44,7,-1,-1,-1,-1,1,E01009327,0,3
2025201541016,2025,201541016,2,9,0,-1,3,5,1,-1,0,4,0,0,0,0,3,1,-1,6,2,32,6,-1,-1,-1,-1,4,E01009243,0,2
2025201541016,2025,201541016,1,1,0,-1,7,3,7,-1,0,3,0,0,0,0,1,1,-1,1,1,40,7,-1,-1,-1,-1,2,E01034954,0,1
2025201541053,2025,201541053,1,9,0,-1,19,6,2,-1,0,0,0,0,0,0,1,9,-1,6,3,-1,-1,-1,-1,-1,-1,-1,-1,0,-1
2025201541059,2025,201541059,1,9,0,-1,9,4,2,-1,0,2,0,0,0,0,3,1,-1,2,1,22,5,-1,-1,-1,-1,-1,-1,0,-1