collision_index,collision_year,collision_ref_no,vehicle_reference,vehicle_type,towing_and_articulation,vehicle_manoeuvre_historic,vehicle_manoeuvre,vehicle_direction_from,vehicle_direction_to,vehicle_location_restricted_lane_historic,vehicle_location_restricted_lane,junction_location,skidding_and_overturning,hit_object_in_carriageway,vehicle_leaving_carriageway,hit_object_off_carriageway,first_point_of_impact,vehicle_left_hand_drive,journey_purpose_of_driver_historic,journey_purpose_of_driver,sex_of_driver,age_of_driver,age_band_of_driver,engine_capacity_cc,propulsion_code,age_of_vehicle,generic_make_model,driver_imd_decile,lsoa_of_driver,escooter_flag,driver_distance_banding
2025201541059,2025,201541059,2,1,0,-1,13,4,8,-1,0,8,0,0,0,0,2,1,-1,6,1,63,9,-1,-1,-1,-1,-1,-1,0,-1
2025201541083,2025,201541083,1,9,0,-1,19,3,8,-1,0,1,0,0,0,0,1,9,-1,6,1,50,8,-1,-1,-1,-1,-1,-1,0,-1
2025201541103,2025,201541103,3,9,0,-1,2,0,0,-1,9,0,0,0,0,0,4,1,-1,6,-1,-1,-1,-1,-1,-1,-1,-1,-1,0,-1
2025201541103,2025,201541103,2,9,0,-1,5,3,2,-1,0,0,0,0,0,0,2,1,-1,6,1,54,8,-1,-1,-1,-1,-1,-1,0,-1
2025201541103,2025,201541103,4,9,0,-1,19,8,8,-1,0,0,0,0,0,0,1,1,-1,6,1,53,8,-1,-1,-1,-1,-1,-1,0,-1
2025201541103,2025,201541103,1,9,0,-1,13,1,1,-1,0,0,1,0,0,0,1,9,-1,6,1,24,5,-1,-1,-1,-1,-1,-1,0,-1
2025201541133,2025,201541133,2,1,0,-1,11,5,1,-1,0,0,0,0,0,0,1,1,-1,2,1,29,6,-1,-1,-1,-1,-1,-1,0,-1
2025201541133,2025,201541133,1,9,0,-1,19,2,1,-1,0,0,0,0,0,0,1,2,-1,2,2,54,8,-1,-1,-1,-1,-1,-1,0,-1
2025201541155,2025,201541155,1,9,0,-1,19,5,1,-1,0,1,0,0,0,0,1,1,-1,6,3,-1,-1,-1,-1,-1,-1,-1,-1,0,-1
2025201541162,2025,201541162,1,9,0,-1,19,2,6,-1,0,2,0,0,0,0,1,9,-1,6,3,-1,-1,-1,-1,-1,-1,-1,-1,0,-1
2025201541174,2025,201541174,2,9,0,-1,19,6,2,-1,0,1,0,0,0,0,1,9,-1,2,1,39,7,-1,-1,-1,-1,1,E01009486,0,1
2025201541174,2025,201541174,1,9,0,-1,9,2,6,-1,0,1,0,0,0,0,3,9,-1,6,1,21,5,-1,-1,-1,-1,1,E01009396,0,2
2025201541351,2025,201541351,1,9,0,-1,4,5,1,-1,0,4,0,4,3,0,1,9,-1,6,3,30,6,-1,-1,-1,-1,-1,-1,0,-1
2025201541351,2025,201541351,2,9,0,-1,3,5,1,-1,0,4,0,0,0,0,2,9,-1,9,1,46,8,-1,-1,-1,-1,-1,-1,0,-1
2025201541412,2025,201541412,2,9,0,-1,19,5,5,-1,0,0,0,0,0,0,1,1,-1,1,1,29,6,-1,-1,-1,-1,1,E01009542,0,1
2025201541412,2025,201541412,1,3,0,-1,9,3,4,-1,0,0,1,0,0,0,4,1,-1,9,1,26,6,-1,-1,-1,-1,1,E01009638,0,1
2025201541505,2025,201541505,1,9,0,-1,3,6,2,-1,0,0,0,0,0,0,2,1,-1,9,1,40,7,-1,-1,-1,-1,1,E01010366,0,1
2025201541505,2025,201541505,2,9,0,-1,19,6,2,-1,0,0,0,0,0,0,1,1,-1,9,2,43,7,-1,-1,-1,-1,1,E01010366,0,1
2025201541529,2025,201541529,1,11,0,-1,9,0,0,-1,0,6,0,0,0,0,1,1,-1,1,1,40,7,-1,-1,-1,-1,-1,-1,0,-1
2025201541571,2025,201541571,1,19,0,-1,19,4,8,-1,0,0,0,0,0,0,1,1,-1,6,1,52,8,-1,-1,-1,-1,1,E01009877,0,2
2025201541580,2025,201541580,1,99,0,-1,12,5,1,-1,0,0,0,0,0,0,1,1,-1,6,3,-1,-1,-1,-1,-1,-1,-1,-1,0,-1
2025201541580,2025,201541580,2,9,0,-1,19,5,1,-1,0,0,0,0,1,0,4,1,-1,6,1,23,5,-1,-1,-1,-1,3,E01010361,0,1
2025201541593,2025,201541593,3,9,0,-1,2,0,0,-1,0,1,0,0,0,0,1,1,-1,6,-1,-1,-1,-1,-1,-1,-1,-1,-1,0,-1
2025201541593,2025,201541593,5,9,0,-1,2,0,0,-1,0,1,0,0,0,0,1,1,-1,6,-1,-1,-1,-1,-1,-1,-1,-1,-1,0,-1
2025201541593,2025,201541593,7,9,0,-1,2,0,0,-1,0,1,0,0,0,0,1,1,-1,6,-1,-1,-1,-1,-1,-1,-1,-1,-1,0,-1
2025201541593,2025,201541593,2,9,0,-1,19,1,5,-1,0,1,0,0,0,0,0,1,-1,1,1,29,6,-1,-1,-1,-1,-1,-1,0,-1
2025201541593,2025,201541593,8,8,0,-1,10,4,8,-1,0,1,0,0,0,0,1,1,-1,9,1,50,8,-1,-1,-1,-1,1,E01009141,0,1
2025201541593,2025,201541593,6,9,0,-1,2,0,0,-1,0,1,0,0,0,0,1,1,-1,6,-1,-1,-1,-1,-1,-1,-1,-1,-1,0,-1
2025201541593,2025,201541593,10,9,0,-1,19,2,6,-1,0,1,0,0,0,0,0,1,-1,1,1,30,6,-1,-1,-1,-1,-1,-1,0,-1
2025201541593,2025,201541593,1,9,0,-1,19,2,6,-1,9,1,0,4,0,0,1,1,-1,6,1,39,7,-1,-1,-1,-1,2,E01009266,0,1
2025201541593,2025,201541593,9,9,0,-1,2,0,0,-1,0,1,0,0,0,0,2,1,-1,6,-1,-1,-1,-1,-1,-1,-1,-1,-1,0,-1
2025201541593,2025,201541593,4,9,0,-1,2,0,0,-1,0,1,0,0,0,0,1,1,-1,6,-1,-1,-1,-1,-1,-1,-1,-1,-1,0,-1
2025201541606,2025,201541606,1,9,0,-1,5,5,1,-1,0,3,0,0,0,0,4,1,-1,2,2,20,4,-1,-1,-1,-1,4,E01031086,0,2
2025201541608,2025,201541608,2,9,0,-1,19,5,1,-1,0,0,0,0,1,0,2,1,-1,1,1,32,6,-1,-1,-1,-1,1,E01014124,0,4
2025201541608,2025,201541608,1,9,0,-1,11,5,1,-1,0,0,1,0,0,0,1,1,-1,1,1,29,6,-1,-1,-1,-1,4,E01010480,0,3
2025201541636,2025,201541636,1,9,0,-1,9,5,1,-1,9,1,0,0,0,0,1,1,-1,6,2,41,7,-1,-1,-1,-1,1,E01009877,0,1
2025201541679,2025,201541679,1,9,0,-1,13,7,3,-1,0,0,0,0,0,0,1,9,-1,6,3,-1,-1,-1,-1,-1,-1,-1,-1,0,-1
2025201541679,2025,201541679,3,9,0,-1,19,3,7,-1,0,0,0,0,0,0,1,1,-1,6,1,47,8,-1,-1,-1,-1,2,E01009151,0,1
2025201541679,2025,201541679,2,9,0,-1,19,3,7,-1,0,0,0,0,0,0,3,1,-1,6,2,53,8,-1,-1,-1,-1,3,E01009255,0,1
2025201541683,2025,201541683,1,21,0,-1,3,4,8,-1,0,0,0,0,0,0,1,1,-1,1,1,53,8,-1,-1,-1,-1,3,E01027240,0,4
2025201541683,2025,201541683,2,9,0,-1,19,4,8,-1,0,0,0,0,0,0,2,1,-1,6,2,47,8,-1,-1,-1,-1,6,E01029708,0,4
2025201541685,2025,201541685,1,9,0,-1,19,7,3,-1,0,0,0,0,0,0,4,1,-1,6,3,-1,-1,-1,-1,-1,-1,-1,-1,0,-1
2025201541685,2025,201541685,2,1,0,-1,19,7,3,-1,0,0,0,0,0,0,3,1,-1,6,2,26,6,-1,-1,-1,-1,8,E01009687,0,1
2025201541686,2025,201541686,1,9,0,-1,19,3,7,-1,0,8,0,0,0,0,1,1,-1,6,3,-1,-1,-1,-1,-1,-1,-1,-1,0,-1
2025201541693,2025,201541693,1,9,0,-1,1,7,2,-1,0,0,0,0,0,0,2,9,-1,6,3,-1,-1,-1,-1,-1,-1,-1,-1,0,-1
2025201541866,2025,201541866,2,9,0,-1,5,2,6,-1,0,0,0,0,0,0,2,1,-1,6,1,-1,-1,-1,-1,-1,-1,1,E01009542,0,1
2025201541866,2025,201541866,1,9,0,-1,19,8,4,-1,0,0,0,0,0,0,1,1,-1,6,1,65,9,-1,-1,-1,-1,8,E01031280,0,1
2025201541866,2025,201541866,3,9,0,-1,19,8,2,-1,0,0,0,0,0,0,2,1,-1,6,1,21,5,-1,-1,-1,-1,4,E01032529,0,1
2025201541872,2025,201541872,2,9,0,-1,4,2,6,-1,0,0,0,0,0,0,1,1,-1,6,1,21,5,-1,-1,-1,-1,1,E01009104,0,1
2025201541872,2025,201541872,1,9,0,-1,9,6,1,-1,0,0,0,0,0,0,1,1,-1,6,1,22,5,-1,-1,-1,-1,1,E01034918,0,1
2025201541872,2025,201541872,3,5,0,-1,4,3,2,-1,0,0,0,0,0,0,0,1,-1,8,1,38,7,-1,-1,-1,-1,4,E01009234,0,2
2025201541895,2025,201541895,2,9,0,-1,19,2,6,-1,0,0,0,10,1,0,3,1,-1,9,1,19,4,-1,-1,-1,-1,1,E01009987,0,1
2025201541895,2025,201541895,1,98,0,-1,15,2,6,-1,0,0,0,0,0,0,2,9,-1,6,3,-1,-1,-1,-1,-1,-1,-1,-1,0,-1
2025201541956,2025,201541956,2,8,0,-1,19,2,6,-1,0,8,0,0,0,0,1,1,-1,1,1,53,8,-1,-1,-1,-1,1,E01009373,0,1
2025201541956,2025,201541956,1,9,0,-1,5,7,3,-1,0,8,0,0,0,0,1,1,-1,1,1,22,5,-1,-1,-1,-1,8,E01031310,0,4
2025201541958,2025,201541958,2,2,0,-1,9,8,6,-1,0,5,0,0,0,0,3,1,-1,7,1,16,4,-1,-1,-1,-1,1,E01010400,0,1
2025201541958,2025,201541958,1,9,0,-1,19,4,8,-1,0,8,0,0,0,0,1,1,-1,9,2,33,6,-1,-1,-1,-1,2,E01010310,0,1
2025201541992,2025,201541992,1,8,0,-1,5,2,6,-1,0,0,0,0,0,0,1,1,-1,1,1,55,8,-1,-1,-1,-1,-1,-1,0,-1
2025201542007,2025,201542007,1,9,0,-1,19,3,7,-1,0,8,0,0,0,0,1,1,-1,2,2,46,8,-1,-1,-1,-1,7,E01029517,0,4
2025201542007,2025,201542007,2,9,0,-1,9,4,8,-1,0,1,0,0,0,0,1,1,-1,6,2,40,7,-1,-1,-1,-1,4,E01010337,0,1
2025201542016,2025,201542016,1,9,0,-1,7,5,7,-1,0,6,0,0,0,0,1,1,-1,6,2,-1,-1,-1,-1,-1,-1,-1,-1,0,-1
2025201542111,2025,201542111,1,9,0,-1,4,1,3,-1,9,5,0,0,0,0,3,1,-1,1,1,41,7,-1,-1,-1,-1,2,E01009588,0,2
2025201542113,2025,201542113,1,9,0,-1,19,6,5,-1,0,0,0,0,0,0,3,1,-1,9,1,34,6,-1,-1,-1,-1,1,E01033888,0,1
2025201542137,2025,201542137,2,3,0,-1,19,2,6,-1,0,8,0,0,0,0,1,1,-1,2,1,21,5,-1,-1,-1,-1,6,E01009618,0,1
2025201542137,2025,201542137,1,9,0,-1,9,4,2,-1,0,6,0,0,0,0,1,1,-1,6,2,38,7,-1,-1,-1,-1,2,E01034745,0,1
2025201542150,2025,201542150,1,9,0,-1,19,8,4,-1,0,0,0,0,0,0,1,1,-1,6,1,42,7,-1,-1,-1,-1,-1,-1,0,-1
2025201542150,2025,201542150,2,9,0,-1,19,4,8,-1,0,0,0,0,0,0,1,1,-1,6,-1,-1,-1,-1,-1,-1,-1,-1,-1,0,-1
2025201542156,2025,201542156,2,9,0,-1,19,5,1,-1,0,0,0,0,0,0,3,1,-1,1,1,29,6,-1,-1,-1,-1,2,E01009744,0,3
2025201542156,2025,201542156,1,9,0,-1,19,5,8,-1,-1,0,1,0,1,0,4,1,-1,6,1,72,10,-1,-1,-1,-1,2,E01020111,0,5
2025201542172,2025,201542172,1,9,0,-1,9,4,7,-1,0,2,0,0,0,0,4,1,-1,1,2,39,7,-1,-1,-1,-1,2,E01031074,0,2
2025201542180,2025,201542180,1,9,0,-1,7,8,2,-1,0,0,0,7,1,10,1,1,-1,6,1,63,9,-1,-1,-1,-1,6,E01010534,0,1
2025201542198,2025,201542198,2,1,0,-1,19,3,7,-1,0,2,0,0,0,0,4,1,-1,6,1,14,3,-1,-1,-1,-1,7,E01010317,0,1
2025201542198,2025,201542198,1,9,0,-1,7,6,1,-1,9,3,0,0,0,0,1,1,-1,2,1,32,6,-1,-1,-1,-1,1,E01010272,0,1
2025201542266,2025,201542266,1,9,0,-1,4,7,3,-1,0,0,0,0,0,0,1,1,-1,6,2,51,8,-1,-1,-1,-1,7,E01031303,0,2
2025201542266,2025,201542266,2,9,0,-1,4,7,3,-1,0,0,0,0,0,0,2,1,-1,2,2,46,8,-1,-1,-1,-1,10,E01010189,0,3
2025201542297,2025,201542297,2,9,0,-1,19,6,2,-1,0,8,0,0,0,0,4,1,-1,6,1,22,5,-1,-1,-1,-1,1,E01010455,0,1
2025201542297,2025,201542297,1,9,0,-1,1,1,6,-1,0,6,0,0,0,0,2,9,-1,6,1,-1,-1,-1,-1,-1,-1,-1,-1,0,-1
2025201542333,2025,201542333,1,19,0,-1,5,3,7,-1,0,0,0,0,0,0,1,1,-1,2,1,47,8,-1,-1,-1,-1,1,E01034311,0,1
2025201542366,2025,201542366,1,9,0,-1,7,8,2,-1,0,5,0,0,0,0,1,2,-1,6,3,-1,-1,-1,-1,-1,-1,-1,-1,0,-1
2025201542411,2025,201542411,1,9,0,-1,19,5,1,-1,0,0,0,0,0,0,1,1,-1,6,2,75,10,-1,-1,-1,-1,-1,-1,0,-1
2025201542467,2025,201542467,1,9,0,-1,11,6,8,-1,0,2,0,0,0,0,1,1,-1,9,1,32,6,-1,-1,-1,-1,1,E01008910,0,2
2025201542467,2025,201542467,2,9,0,-1,7,6,1,-1,0,5,0,0,0,0,2,1,-1,9,2,33,6,-1,-1,-1,-1,1,E01009048,0,2
2025201542525,2025,201542525,1,19,0,-1,19,3,5,-1,0,3,0,0,0,0,1,1,-1,6,1,63,9,-1,-1,-1,-1,1,E01009297,0,1
2025201542545,2025,201542545,1,11,0,-1,19,2,6,-1,0,0,0,0,0,0,0,1,-1,1,3,24,5,-1,-1,-1,-1,-1,-1,0,-1
2025201542585,2025,201542585,1,9,0,-1,7,7,2,-1,0,0,0,0,0,0,1,1,-1,6,1,40,7,-1,-1,-1,-1,1,E01008901,0,1
2025201542585,2025,201542585,2,9,0,-1,19,6,2,-1,0,0,0,0,0,0,1,1,-1,6,1,26,6,-1,-1,-1,-1,2,E01009314,0,2
2025201542615,2025,201542615,1,9,0,-1,19,3,7,-1,0,0,0,0,0,0,4,9,-1,6,3,-1,-1,-1,-1,-1,-1,-1,-1,0,-1
2025201542656,2025,201542656,1,11,0,-1,19,4,8,-1,0,1,0,0,0,0,1,1,-1,1,1,53,8,-1,-1,-1,-1,2,E01010101,0,2
2025201542675,2025,201542675,1,9,0,-1,19,7,8,-1,0,1,0,0,0,0,1,9,-1,6,3,18,4,-1,-1,-1,-1,-1,-1,0,-1
2025201542690,2025,201542690,1,9,0,-1,19,3,8,-1,0,0,0,0,0,0,1,1,-1,9,1,84,11,-1,-1,-1,-1,2,E01010106,0,1
2025201542690,2025,201542690,2,9,0,-1,19,3,2,-1,0,0,0,0,0,0,2,1,-1,9,2,49,8,-1,-1,-1,-1,1,E01010095,0,1
2025201542718,2025,201542718,1,9,0,-1,19,5,1,-1,9,0,0,0,0,0,1,1,-1,6,2,-1,-1,-1,-1,-1,-1,1,E01009399,0,1
2025201542725,2025,201542725,1,9,0,-1,11,1,5,-1,0,0,0,0,0,0,0,1,-1,6,3,36,7,-1,-1,-1,-1,-1,-1,0,-1
2025201542725,2025,201542725,2,3,0,-1,19,1,5,-1,0,0,0,0,0,0,3,1,-1,6,1,26,6,-1,-1,-1,-1,2,E01009314,0,2
2025201542937,2025,201542937,2,9,0,-1,19,8,4,-1,0,2,0,0,0,0,1,9,-1,6,3,-1,-1,-1,-1,-1,-1,-1,-1,0,-1
2025201542937,2025,201542937,1,9,0,-1,9,6,4,-1,0,6,0,0,0,0,1,1,-1,6,1,40,7,-1,-1,-1,-1,2,E01009391,0,1
2025201543120,2025,201543120,1,9,0,-1,19,3,7,-1,0,1,0,12,0,0,4,1,-1,6,1,42,7,-1,-1,-1,-1,1,E01009309,0,1
2025201543175,2025,201543175,2,1,0,-1,19,5,1,-1,0,0,0,0,0,0,2,1,-1,7,1,14,3,-1,-1,-1,-1,5,E01010306,0,1
2025201543175,2025,201543175,1,9,0,-1,19,5,1,-1,0,0,0,0,0,0,1,9,-1,6,3,-1,-1,-1,-1,-1,-1,-1,-1,0,-1
2025201543257,2025,201543257,1,9,0,-1,19,5,1,-1,0,8,5,7,1,0,1,1,-1,6,1,25,5,-1,-1,-1,-1,-1,-1,0,-1
2025201543257,2025,201543257,2,9,0,-1,5,3,7,-1,0,6,0,0,0,0,1,1,-1,6,1,59,9,-1,-1,-1,-1,9,E01009420,0,1
2025201543267,2025,201543267,2,9,0,-1,19,7,2,-1,0,0,0,0,0,0,1,1,-1,6,1,56,9,-1,-1,-1,-1,9,E01035406,0,4
2025201543267,2025,201543267,1,9,0,-1,19,7,8,-1,0,0,0,0,0,0,2,1,-1,6,1,31,6,-1,-1,-1,-1,5,E01029670,0,4
2025201543267,2025,201543267,3,9,0,-1,19,6,6,-1,0,0,0,0,0,0,1,1,-1,6,1,28,6,-1,-1,-1,-1,7,E01010162,0,2
2025201543349,2025,201543349,1,9,0,-1,8,1,5,-1,0,8,0,0,0,0,1,9,-1,6,2,19,4,-1,-1,-1,-1,4,E01009138,0,1
2025201543349,2025,201543349,2,4,0,-1,3,1,5,-1,0,8,0,0,0,0,2,1,-1,6,1,39,7,-1,-1,-1,-1,2,E01034955,0,2
2025201543409,2025,201543409,2,9,0,-1,2,0,0,-1,0,0,0,0,0,0,3,1,-1,2,1,40,7,-1,-1,-1,-1,2,E01008889,0,1
2025201543409,2025,201543409,1,9,0,-1,14,8,4,-1,0,0,0,0,0,0,4,9,-1,6,3,-1,-1,-1,-1,-1,-1,-1,-1,0,-1
2025201543455,2025,201543455,2,9,0,-1,3,1,5,-1,0,1,0,0,0,0,4,1,-1,9,1,36,7,-1,-1,-1,-1,3,E01033623,0,1
2025201543455,2025,201543455,1,9,0,-1,5,1,5,-1,0,6,0,0,0,0,3,9,-1,6,3,98,11,-1,-1,-1,-1,-1,-1,0,-1
2025201543483,2025,201543483,1,9,0,-1,19,4,6,-1,0,1,0,0,0,0,4,1,-1,9,1,22,5,-1,-1,-1,-1,2,E01009393,0,2
2025201543557,2025,201543557,1,9,0,-1,15,3,7,-1,0,0,0,0,0,0,1,9,-1,6,3,-1,-1,-1,-1,-1,-1,-1,-1,0,-1
2025201543569,2025,201543569,1,9,0,-1,19,6,2,-1,0,0,0,0,0,0,1,1,-1,6,1,57,9,-1,-1,-1,-1,4,E01031276,0,3
2025201543627,2025,201543627,1,9,0,-1,19,5,1,-1,0,0,0,0,0,0,0,1,-1,6,1,-1,-1,-1,-1,-1,-1,-1,-1,0,-1
2025201543627,2025,201543627,2,98,0,-1,19,5,1,-1,0,0,0,0,0,0,2,1,-1,1,1,31,6,-1,-1,-1,-1,-1,-1,0,-1
2025201543629,2025,201543629,1,9,0,-1,5,2,8,-1,0,6,0,0,0,0,1,9,-1,6,1,55,8,-1,-1,-1,-1,-1,-1,0,-1
2025201543629,2025,201543629,2,1,-1,-1,19,8,2,-1,0,1,0,0,0,0,-1,1,-1,6,1,50,8,-1,-1,-1,-1,9,E01010390,0,2
2025201543649,2025,201543649,1,9,0,-1,19,4,8,-1,0,1,0,0,0,0,1,1,-1,6,-1,-1,-1,-1,-1,-1,-1,-1,-1,0,-1
2025201543649,2025,201543649,2,9,0,-1,2,0,0,-1,0,1,0,0,0,0,2,1,-1,6,1,27,6,-1,-1,-1,-1,2,E01010309,0,1
2025201543685,2025,201543685,1,9,0,-1,3,6,1,-1,0,1,0,0,1,0,1,1,-1,6,3,-1,-1,-1,-1,-1,-1,-1,-1,0,-1
2025201543685,2025,201543685,2,9,0,-1,4,6,5,-1,0,1,0,0,1,0,2,1,-1,1,1,34,6,-1,-1,-1,-1,8,E01031083,0,3
2025201543686,2025,201543686,2,90,0,-1,2,0,0,-1,0,0,0,0,0,0,2,1,-1,6,-1,-1,-1,-1,-1,-1,-1,-1,-1,0,-1
2025201543686,2025,201543686,1,9,0,-1,19,5,1,-1,0,0,0,4,0,0,1,1,-1,6,2,56,9,-1,-1,-1,-1,2,E01033886,0,1
2025201543690,2025,201543690,1,9,0,-1,19,1,5,-1,0,0,0,0,0,0,1,1,-1,6,1,39,7,-1,-1,-1,-1,2,E01009499,0,1
2025201543717,2025,201543717,2,9,0,-1,19,4,1,-1,0,0,0,0,0,0,1,1,-1,6,3,-1,-1,-1,-1,-1,-1,-1,-1,0,-1
2025201543717,2025,201543717,1,9,0,-1,7,4,1,-1,0,0,0,0,0,0,1,1,-1,6,1,38,7,-1,-1,-1,-1,2,E01009515,0,2
2025201543741,2025,201543741,1,9,0,-1,9,4,2,-1,0,6,0,10,3,11,1,1,-1,6,1,18,4,-1,-1,-1,-1,-1,-1,0,-1
2025201543763,2025,201543763,2,9,0,-1,19,1,5,-1,0,0,0,0,0,0,3,1,-1,9,1,28,6,-1,-1,-1,-1,1,E01014229,0,4
2025201543763,2025,201543763,1,9,0,-1,14,5,1,-1,0,0,0,0,0,0,3,1,-1,6,-1,-1,-1,-1,-1,-1,-1,-1,-1,0,-1
2025201543784,2025,201543784,1,9,0,-1,19,3,6,-1,0,0,0,4,0,0,1,1,-1,6,-1,-1,-1,-1,-1,-1,-1,-1,-1,0,-1
2025201543784,2025,201543784,2,9,0,-1,2,0,0,-1,0,0,0,0,0,0,0,1,-1,6,1,-1,-1,-1,-1,-1,-1,-1,-1,0,-1
2025201543876,2025,201543876,2,3,0,-1,3,1,5,-1,0,0,0,0,0,0,2,1,-1,6,1,24,5,-1,-1,-1,-1,1,E01009354,0,1
2025201543876,2025,201543876,1,9,0,-1,4,1,5,-1,0,0,0,0,0,0,1,9,-1,6,2,32,6,-1,-1,-1,-1,3,E01010020,0,1
2025201543909,2025,201543909,2,9,0,-1,1,2,6,-1,0,0,0,0,0,0,2,1,-1,9,2,32,6,-1,-1,-1,-1,5,E01009432,0,1
2025201543909,2025,201543909,1,9,0,-1,19,4,2,-1,0,0,0,0,0,0,1,1,-1,6,2,40,7,-1,-1,-1,-1,1,E01009192,0,1
2025201543920,2025,201543920,1,9,0,-1,5,8,4,-1,0,1,0,0,0,0,1,1,-1,6,2,46,8,-1,-1,-1,-1,3,E01008986,0,3
2025201543920,2025,201543920,2,9,0,-1,19,2,6,-1,0,2,1,0,0,0,4,1,-1,2,2,28,6,-1,-1,-1,-1,1,E01010414,0,1
2025201543934,2025,201543934,1,9,0,-1,19,7,3,-1,0,4,0,0,0,0,1,1,-1,6,1,34,6,-1,-1,-1,-1,9,E01004730,0,5
2025201543934,2025,201543934,2,9,0,-1,19,1,5,-1,0,4,0,0,0,0,4,1,-1,6,2,32,6,-1,-1,-1,-1,8,E01032182,0,4
2025201543951,2025,201543951,3,98,0,-1,5,6,8,-1,0,1,0,0,0,0,1,1,-1,6,1,40,7,-1,-1,-1,-1,-1,-1,0,-1
2025201543951,2025,201543951,2,9,0,-1,19,2,6,-1,0,1,0,0,0,0,4,1,-1,1,1,21,5,-1,-1,-1,-1,4,E01009606,0,1
2025201543951,2025,201543951,4,9,0,-1,19,6,2,-1,0,2,0,0,0,0,3,1,-1,6,1,40,7,-1,-1,-1,-1,-1,-1,0,-1
2025201543965,2025,201543965,2,9,0,-1,19,5,1,-1,0,4,0,0,0,0,0,1,-1,2,1,39,7,-1,-1,-1,-1,-1,-1,0,-1
2025201543965,2025,201543965,1,9,0,-1,13,5,1,-1,0,3,0,0,0,0,1,9,-1,6,1,30,6,-1,-1,-1,-1,-1,-1,0,-1
2025201543974,2025,201543974,1,9,0,-1,19,7,3,-1,0,1,0,0,0,0,-1,9,-1,6,1,25,5,-1,-1,-1,-1,-1,-1,0,-1
2025201543974,2025,201543974,2,-1,-1,-1,5,5,1,-1,0,6,0,0,0,0,1,9,-1,7,1,16,4,-1,-1,-1,-1,2,E01010559,1,1
2025201544008,2025,201544008,3,9,0,-1,9,8,6,-1,0,0,0,0,0,0,0,1,-1,6,3,-1,-1,-1,-1,-1,-1,-1,-1,0,-1
2025201544008,2025,201544008,1,9,0,-1,19,8,4,-1,0,0,0,0,0,0,1,1,-1,6,1,20,4,-1,-1,-1,-1,-1,-1,0,-1
2025201544008,2025,201544008,2,1,0,-1,9,8,6,-1,0,0,0,0,0,0,2,1,-1,9,1,34,6,-1,-1,-1,-1,6,E01009531,0,1
2025201544016,2025,201544016,1,9,0,-1,19,3,7,-1,0,1,0,0,0,0,4,1,-1,1,1,28,6,-1,-1,-1,-1,8,E01009528,0,1
2025201544016,2025,201544016,2,1,0,-1,19,5,1,-1,0,7,0,0,0,0,3,1,-1,6,1,16,4,-1,-1,-1,-1,-1,-1,0,-1
2025201544025,2025,201544025,2,98,0,-1,19,2,5,-1,0,4,0,0,0,0,4,1,-1,1,1,32,6,-1,-1,-1,-1,-1,-1,0,-1
2025201544025,2025,201544025,1,8,0,-1,19,2,5,-1,0,4,0,0,0,0,3,1,-1,1,1,62,9,-1,-1,-1,-1,2,E01009315,0,2
2025201544048,2025,201544048,1,19,0,-1,19,2,6,-1,0,0,0,0,0,0,1,1,-1,2,1,51,8,-1,-1,-1,-1,2,E01009744,0,1
2025201544050,2025,201544050,1,9,0,-1,19,4,6,-1,0,4,0,0,0,0,1,1,-1,6,2,50,8,-1,-1,-1,-1,-1,-1,0,-1
2025201544050,2025,201544050,2,9,0,-1,3,4,6,-1,0,4,0,0,0,0,2,1,-1,6,1,56,9,-1,-1,-1,-1,3,E01010020,0,1
2025201544066,2025,201544066,2,-1,0,-1,19,8,4,-1,0,6,0,0,0,0,1,1,-1,6,1,29,6,-1,-1,-1,-1,1,E01009366,1,1
2025201544066,2025,201544066,1,8,0,-1,19,2,4,-1,0,8,0,0,0,0,1,1,-1,6,1,50,8,-1,-1,-1,-1,-1,-1,0,-1
2025201544118,2025,201544118,2,9,0,-1,4,8,4,-1,0,0,0,0,0,0,2,1,-1,9,1,56,9,-1,-1,-1,-1,1,E01009233,0,1
2025201544118,2025,201544118,1,9,0,-1,19,8,4,-1,0,0,0,0,0,0,1,1,-1,6,2,70,10,-1,-1,-1,-1,5,E01009008,0,1
2025201544133,2025,201544133,1,9,0,-1,19,3,7,-1,0,8,0,0,0,0,1,1,-1,6,1,34,6,-1,-1,-1,-1,-1,-1,0,-1
2025201544133,2025,201544133,2,9,0,-1,19,5,1,-1,0,4,0,0,0,0,4,1,-1,6,2,32,6,-1,-1,-1,-1,8,E01032182,0,4
2025201544153,2025,201544153,1,9,0,-1,7,2,5,-1,0,2,0,0,0,0,4,1,-1,6,1,94,11,-1,-1,-1,-1,9,E01010116,0,1
2025201544153,2025,201544153,2,8,0,-1,5,8,5,-1,0,1,0,0,0,0,1,1,-1,9,1,46,8,-1,-1,-1,-1,2,E01008883,0,2
2025201544166,2025,201544166,3,11,0,-1,19,2,6,-1,0,1,0,0,0,0,2,1,-1,6,1,36,7,-1,-1,-1,-1,4,E01010337,0,2
2025201544166,2025,201544166,2,9,0,-1,19,2,6,-1,0,8,0,0,0,0,2,1,-1,6,1,23,5,-1,-1,-1,-1,2,E01008964,0,2
2025201544166,2025,201544166,1,19,0,-1,19,2,6,-1,0,1,0,0,0,0,1,1,-1,6,-1,-1,-1,-1,-1,-1,-1,-1,-1,0,-1
2025201544193,2025,201544193,2,98,0,-1,2,7,3,-1,0,0,0,4,0,0,4,1,-1,6,1,57,9,-1,-1,-1,-1,-1,-1,0,-1
2025201544193,2025,201544193,1,9,0,-1,19,7,3,-1,0,0,2,4,0,0,3,1,-1,9,1,30,6,-1,-1,-1,-1,2,E01009064,0,1
2025201544193,2025,201544193,3,9,0,-1,2,3,7,-1,0,0,0,4,0,0,4,1,-1,6,2,51,8,-1,-1,-1,-1,-1,-1,0,-1