collision_index,collision_year,collision_ref_no,vehicle_reference,vehicle_type,towing_and_articulation,vehicle_manoeuvre_historic,vehicle_manoeuvre,vehicle_direction_from,vehicle_direction_to,vehicle_location_restricted_lane_historic,vehicle_location_restricted_lane,junction_location,skidding_and_overturning,hit_object_in_carriageway,vehicle_leaving_carriageway,hit_object_off_carriageway,first_point_of_impact,vehicle_left_hand_drive,journey_purpose_of_driver_historic,journey_purpose_of_driver,sex_of_driver,age_of_driver,age_band_of_driver,engine_capacity_cc,propulsion_code,age_of_vehicle,generic_make_model,driver_imd_decile,lsoa_of_driver,escooter_flag,driver_distance_banding
2025201544199,2025,201544199,3,9,0,-1,10,1,7,-1,0,8,0,0,1,0,2,1,-1,9,2,21,5,-1,-1,-1,-1,4,E01009231,0,2
2025201544199,2025,201544199,1,9,0,-1,19,2,5,-1,0,1,0,0,0,0,1,1,-1,6,2,21,5,-1,-1,-1,-1,6,E01009034,0,2
2025201544199,2025,201544199,2,9,0,-1,3,2,5,-1,0,8,0,0,0,0,2,1,-1,9,1,43,7,-1,-1,-1,-1,4,E01008885,0,1
2025201544240,2025,201544240,1,9,0,-1,19,8,4,-1,0,0,0,0,0,0,1,1,-1,9,2,25,5,-1,-1,-1,-1,1,E01009000,0,1
2025201544240,2025,201544240,2,9,0,-1,2,5,4,-1,0,0,0,0,0,0,2,1,-1,9,1,50,8,-1,-1,-1,-1,1,E01009323,0,2
2025201544331,2025,201544331,1,9,0,-1,19,4,8,-1,0,0,1,4,0,0,1,1,-1,9,2,53,8,-1,-1,-1,-1,3,E01008895,0,1
2025201544331,2025,201544331,2,9,0,-1,2,0,0,-1,9,0,0,0,0,0,4,1,-1,6,-1,-1,-1,-1,-1,-1,-1,-1,-1,0,-1
2025201544389,2025,201544389,1,8,0,-1,19,4,8,-1,0,2,0,0,0,0,4,1,-1,9,2,42,7,-1,-1,-1,-1,2,E01010428,0,3
2025201544393,2025,201544393,1,9,0,-1,7,7,8,-1,0,7,0,0,0,0,2,1,-1,6,2,46,8,-1,-1,-1,-1,2,E01009049,0,1
2025201544393,2025,201544393,2,9,0,-1,19,7,3,-1,0,8,0,0,0,0,1,9,-1,6,3,16,4,-1,-1,-1,-1,-1,-1,0,-1
2025201544548,2025,201544548,1,9,0,-1,4,6,2,-1,0,1,0,0,0,0,4,1,-1,1,1,46,8,-1,-1,-1,-1,-1,-1,0,-1
2025201544550,2025,201544550,2,9,0,-1,19,5,1,-1,0,8,1,10,1,0,3,1,-1,6,2,29,6,-1,-1,-1,-1,2,E01009575,0,1
2025201544550,2025,201544550,1,9,0,-1,19,5,1,-1,0,8,0,0,1,0,1,9,-1,6,3,52,8,-1,-1,-1,-1,6,E01009710,0,1
2025201544573,2025,201544573,2,9,0,-1,19,5,2,-1,0,8,0,0,0,0,1,1,-1,9,2,40,7,-1,-1,-1,-1,10,E01009428,0,1
2025201544573,2025,201544573,1,9,0,-1,19,5,2,-1,0,8,1,10,0,0,4,1,-1,9,2,57,9,-1,-1,-1,-1,2,E01009123,0,1
2025201544618,2025,201544618,3,9,0,-1,2,0,0,-1,9,0,0,0,7,11,2,1,-1,1,1,53,8,-1,-1,-1,-1,3,E01009302,0,1
2025201544618,2025,201544618,1,9,0,-1,13,2,3,-1,0,0,0,4,1,0,1,1,-1,6,1,86,11,-1,-1,-1,-1,3,E01010113,0,1
2025201544618,2025,201544618,2,9,0,-1,19,2,3,-1,0,0,0,0,0,0,3,1,-1,6,1,22,5,-1,-1,-1,-1,2,E01008953,0,3
2025201544662,2025,201544662,2,9,0,-1,2,5,4,-1,0,0,0,0,0,0,1,1,-1,9,1,-1,-1,-1,-1,-1,-1,1,E01010053,0,2
2025201544662,2025,201544662,1,9,0,-1,19,7,7,-1,9,0,0,4,1,0,1,1,-1,9,1,-1,-1,-1,-1,-1,-1,2,E01009795,0,1
2025201544718,2025,201544718,2,9,0,-1,19,5,1,-1,0,0,0,0,0,0,1,1,-1,9,1,56,9,-1,-1,-1,-1,2,E01010004,0,1
2025201544718,2025,201544718,4,9,0,-1,2,0,0,-1,0,0,0,0,0,0,2,1,-1,6,-1,-1,-1,-1,-1,-1,-1,-1,-1,0,-1
2025201544718,2025,201544718,3,9,0,-1,2,0,0,-1,0,0,0,0,0,0,2,1,-1,6,-1,-1,-1,-1,-1,-1,-1,-1,-1,0,-1
2025201544718,2025,201544718,1,9,0,-1,4,5,1,-1,0,0,0,0,0,0,2,1,-1,2,1,34,6,-1,-1,-1,-1,4,E01009861,0,1
2025201544721,2025,201544721,1,9,0,-1,19,4,8,-1,0,0,0,0,0,0,1,9,-1,6,1,25,5,-1,-1,-1,-1,1,E01009486,0,1
2025201544721,2025,201544721,2,9,0,-1,2,4,8,-1,0,0,0,0,0,0,2,9,-1,6,2,33,6,-1,-1,-1,-1,-1,-1,0,-1
2025201544728,2025,201544728,1,-1,0,-1,19,1,5,-1,0,1,0,0,0,0,1,9,-1,9,1,10,2,-1,-1,-1,-1,-1,-1,1,-1
2025201544728,2025,201544728,2,9,0,-1,19,7,3,-1,0,2,0,0,0,0,4,1,-1,9,1,53,8,-1,-1,-1,-1,9,E01032142,0,2
2025201544739,2025,201544739,2,3,0,-1,7,2,8,-1,0,0,2,0,0,0,4,1,-1,2,1,37,7,-1,-1,-1,-1,-1,-1,0,-1
2025201544739,2025,201544739,1,9,0,-1,19,6,8,-1,0,0,0,0,0,0,4,1,-1,6,2,22,5,-1,-1,-1,-1,-1,-1,0,-1
2025201544770,2025,201544770,2,9,0,-1,2,0,0,-1,0,0,0,0,0,0,4,1,-1,9,2,41,7,-1,-1,-1,-1,2,E01010260,0,1
2025201544770,2025,201544770,1,9,0,-1,19,7,3,-1,0,0,0,4,0,0,1,9,-1,6,3,35,6,-1,-1,-1,-1,-1,-1,0,-1
2025201544837,2025,201544837,2,9,0,-1,3,5,1,-1,0,0,0,0,0,0,2,9,-1,9,2,46,8,-1,-1,-1,-1,2,E01009049,0,1
2025201544837,2025,201544837,1,9,0,-1,19,5,1,-1,0,0,0,0,0,0,1,9,-1,6,3,25,5,-1,-1,-1,-1,-1,-1,0,-1
2025201544881,2025,201544881,1,9,0,-1,19,4,8,-1,0,2,0,0,0,0,1,9,-1,6,3,20,4,-1,-1,-1,-1,-1,-1,0,-1
2025201544897,2025,201544897,1,9,0,-1,9,4,8,-1,0,5,0,0,0,0,1,9,-1,6,3,-1,-1,-1,-1,-1,-1,-1,-1,0,-1
2025201544914,2025,201544914,3,19,0,-1,2,0,0,-1,9,5,0,0,0,0,2,1,-1,6,-1,-1,-1,-1,-1,-1,-1,-1,-1,0,-1
2025201544914,2025,201544914,2,9,0,-1,19,3,7,-1,0,6,0,4,7,0,1,1,-1,9,1,17,4,-1,-1,-1,-1,-1,-1,0,-1
2025201544914,2025,201544914,1,9,0,-1,19,5,1,-1,0,8,0,0,0,0,3,1,-1,2,1,22,5,-1,-1,-1,-1,3,E01009220,0,1
2025201544983,2025,201544983,2,9,0,-1,19,6,2,-1,0,0,0,0,0,0,3,1,-1,9,1,22,5,-1,-1,-1,-1,-1,-1,0,-1
2025201544983,2025,201544983,1,9,0,-1,12,6,2,-1,0,0,0,0,0,0,4,1,-1,2,2,55,8,-1,-1,-1,-1,1,E01009083,0,1
2025201544997,2025,201544997,1,9,0,-1,3,3,7,-1,0,0,0,0,0,0,2,1,-1,6,2,22,5,-1,-1,-1,-1,-1,-1,0,-1
2025201544997,2025,201544997,2,98,0,-1,15,3,7,-1,0,0,0,0,0,0,1,1,-1,6,1,61,9,-1,-1,-1,-1,-1,-1,0,-1
2025201545099,2025,201545099,1,9,0,-1,19,7,3,-1,0,4,0,0,0,0,1,1,-1,6,1,39,7,-1,-1,-1,-1,-1,-1,0,-1
2025201545099,2025,201545099,2,-1,0,-1,19,1,5,-1,0,4,0,0,0,0,4,1,-1,6,2,13,3,-1,-1,-1,-1,2,E01010412,1,1
2025201545101,2025,201545101,1,9,0,-1,19,7,3,-1,0,0,0,0,0,0,1,1,-1,2,1,55,8,-1,-1,-1,-1,2,E01010529,0,1
2025201545170,2025,201545170,1,19,0,-1,19,4,8,-1,0,0,0,0,0,0,3,1,-1,9,1,36,7,-1,-1,-1,-1,3,E01010083,0,1
2025201545184,2025,201545184,1,9,0,-1,19,5,1,-1,0,1,0,0,0,0,1,9,-1,6,1,21,5,-1,-1,-1,-1,4,E01009518,0,1
2025201545184,2025,201545184,2,9,0,-1,2,5,1,-1,0,1,0,0,0,0,2,9,-1,9,2,30,6,-1,-1,-1,-1,1,E01009490,0,1
2025201545227,2025,201545227,1,9,0,-1,9,1,8,-1,0,2,0,0,0,0,1,9,-1,6,2,30,6,-1,-1,-1,-1,-1,-1,0,-1
2025201545227,2025,201545227,2,8,0,-1,19,4,8,-1,0,8,0,0,0,0,3,9,-1,1,1,61,9,-1,-1,-1,-1,1,E01009380,0,1
2025201545273,2025,201545273,2,9,0,-1,12,5,5,-1,0,7,0,0,0,0,3,1,-1,6,2,30,6,-1,-1,-1,-1,-1,-1,0,-1
2025201545273,2025,201545273,1,9,0,-1,7,2,6,-1,0,8,0,10,1,0,4,1,-1,6,2,23,5,-1,-1,-1,-1,6,E01010013,0,2
2025201545446,2025,201545446,1,9,0,-1,1,8,2,-1,9,6,0,0,0,0,2,9,-1,7,2,27,6,-1,-1,-1,-1,2,E01009831,0,1
2025201545493,2025,201545493,2,9,0,-1,19,5,1,-1,0,1,0,0,0,0,1,1,-1,9,2,40,7,-1,-1,-1,-1,8,E01029416,0,4
2025201545493,2025,201545493,1,9,0,-1,5,5,7,-1,0,1,0,0,0,0,1,1,-1,1,1,40,7,-1,-1,-1,-1,8,E01034097,0,3
2025201545509,2025,201545509,1,9,0,-1,19,4,6,-1,0,0,0,0,0,0,1,9,-1,6,1,19,4,-1,-1,-1,-1,-1,-1,0,-1
2025201545514,2025,201545514,1,9,0,-1,19,5,1,-1,0,1,0,0,0,0,1,1,-1,6,1,38,7,-1,-1,-1,-1,-1,-1,0,-1
2025201545550,2025,201545550,1,9,0,-1,7,7,1,-1,0,1,0,0,0,0,3,9,-1,6,3,0,1,-1,-1,-1,-1,-1,-1,0,-1
2025201545550,2025,201545550,2,9,0,-1,7,2,4,-1,0,1,0,0,0,0,3,1,-1,9,2,72,10,-1,-1,-1,-1,4,E01009011,0,1
2025201545556,2025,201545556,3,9,0,-1,2,0,0,-1,9,0,0,0,0,0,1,1,-1,6,-1,-1,-1,-1,-1,-1,-1,-1,-1,0,-1
2025201545556,2025,201545556,2,9,0,-1,2,0,0,-1,9,0,0,0,0,0,1,1,-1,6,-1,-1,-1,-1,-1,-1,-1,-1,-1,0,-1
2025201545556,2025,201545556,6,9,0,-1,2,0,0,-1,9,0,0,0,0,0,1,1,-1,6,-1,-1,-1,-1,-1,-1,-1,-1,-1,0,-1
2025201545556,2025,201545556,5,9,0,-1,2,0,0,-1,9,0,0,0,0,0,1,1,-1,6,-1,-1,-1,-1,-1,-1,-1,-1,-1,0,-1
2025201545556,2025,201545556,1,9,0,-1,19,6,2,-1,0,0,1,0,7,0,1,1,-1,6,1,21,5,-1,-1,-1,-1,-1,-1,0,-1
2025201545556,2025,201545556,4,9,0,-1,2,0,0,-1,9,0,0,0,0,0,1,1,-1,6,-1,-1,-1,-1,-1,-1,-1,-1,-1,0,-1
2025201545556,2025,201545556,7,9,0,-1,2,0,0,-1,9,0,0,0,0,0,1,1,-1,6,-1,-1,-1,-1,-1,-1,-1,-1,-1,0,-1
2025201545632,2025,201545632,2,9,0,-1,5,5,3,-1,0,5,0,0,0,0,1,1,-1,6,1,66,10,-1,-1,-1,-1,2,E01009887,0,1
2025201545632,2025,201545632,1,9,0,-1,19,3,5,-1,0,1,0,0,0,0,1,1,-1,6,1,-1,-1,-1,-1,-1,-1,-1,-1,0,-1
2025201545667,2025,201545667,1,8,0,-1,19,2,6,-1,0,1,0,0,0,0,1,9,-1,6,1,70,10,-1,-1,-1,-1,-1,-1,0,-1
2025201545676,2025,201545676,1,9,0,-1,4,4,8,-1,0,0,0,0,0,0,1,1,-1,6,3,-1,-1,-1,-1,-1,-1,-1,-1,0,-1
2025201545676,2025,201545676,2,9,0,-1,3,4,8,-1,0,0,0,0,0,0,2,1,-1,6,2,38,7,-1,-1,-1,-1,2,E01010039,0,1
2025201545729,2025,201545729,1,9,0,-1,19,1,1,-1,0,1,0,0,0,0,1,9,-1,6,1,53,8,-1,-1,-1,-1,4,E01010072,0,1
2025201545729,2025,201545729,2,8,0,-1,3,1,1,-1,0,1,0,0,0,0,2,9,-1,1,1,36,7,-1,-1,-1,-1,1,E01010364,0,2
2025201545747,2025,201545747,2,9,0,-1,19,1,5,-1,0,2,0,0,0,0,2,1,-1,9,2,63,9,-1,-1,-1,-1,-1,-1,0,-1
2025201545747,2025,201545747,1,9,0,-1,19,1,5,-1,0,3,0,0,0,0,1,1,-1,6,3,18,4,-1,-1,-1,-1,-1,-1,0,-1
2025201545803,2025,201545803,1,9,0,-1,19,3,7,-1,0,4,0,0,0,0,1,1,-1,2,1,46,8,-1,-1,-1,-1,1,E01010058,0,1
2025201545803,2025,201545803,2,9,0,-1,9,7,4,-1,0,3,0,10,0,0,4,1,-1,2,2,26,6,-1,-1,-1,-1,10,E01009815,0,3
2025201545804,2025,201545804,1,9,0,-1,19,2,6,-1,0,2,0,0,0,0,1,1,-1,9,1,18,4,-1,-1,-1,-1,2,E01033642,0,1
2025201545804,2025,201545804,2,9,0,-1,19,1,5,-1,0,2,0,0,0,0,2,1,-1,9,2,36,7,-1,-1,-1,-1,1,E01009365,0,1
2025201545827,2025,201545827,2,19,0,-1,19,5,7,-1,0,0,0,0,7,0,2,1,-1,6,2,48,8,-1,-1,-1,-1,1,E01031116,0,4
2025201545827,2025,201545827,1,9,0,-1,19,8,6,-1,0,0,1,0,0,0,1,1,-1,6,3,-1,-1,-1,-1,-1,-1,-1,-1,0,-1
2025201545858,2025,201545858,2,9,0,-1,4,2,6,-1,0,0,0,0,0,0,1,1,-1,9,1,25,5,-1,-1,-1,-1,1,E01009569,0,1
2025201545858,2025,201545858,3,9,0,-1,4,2,6,-1,0,0,0,0,0,0,1,1,-1,9,2,29,6,-1,-1,-1,-1,1,E01009564,0,1
2025201545858,2025,201545858,1,9,0,-1,4,2,6,-1,0,0,0,0,0,0,2,1,-1,9,2,29,6,-1,-1,-1,-1,1,E01009574,0,1
2025201545938,2025,201545938,1,9,0,-1,19,6,2,-1,0,0,0,0,0,0,1,1,-1,6,1,24,5,-1,-1,-1,-1,4,E01034742,0,1
2025201545938,2025,201545938,3,9,0,-1,2,0,0,-1,0,0,0,0,0,0,3,1,-1,6,1,-1,-1,-1,-1,-1,-1,3,E01009599,0,2
2025201545938,2025,201545938,2,19,0,-1,19,2,6,-1,0,0,0,0,0,0,1,1,-1,6,1,46,8,-1,-1,-1,-1,4,E01009633,0,1
2025201545956,2025,201545956,1,9,0,-1,19,3,7,-1,0,1,0,0,0,0,1,1,-1,6,1,57,9,-1,-1,-1,-1,1,E01009274,0,1
2025201545961,2025,201545961,1,9,0,-1,19,1,5,-1,0,1,1,0,0,0,1,1,-1,6,1,30,6,-1,-1,-1,-1,-1,-1,0,-1
2025201545961,2025,201545961,2,8,0,-1,5,3,7,-1,0,8,1,0,0,0,3,1,-1,1,1,62,9,-1,-1,-1,-1,2,E01010406,0,1
2025201545974,2025,201545974,1,9,0,-1,19,1,5,-1,0,0,0,0,0,0,1,2,-1,6,-1,-1,-1,-1,-1,-1,-1,-1,-1,0,-1
2025201545976,2025,201545976,4,9,0,-1,2,0,0,-1,0,0,0,0,0,0,2,1,-1,6,2,-1,-1,-1,-1,-1,-1,2,E01008889,0,1
2025201545976,2025,201545976,3,9,0,-1,2,0,0,-1,0,0,0,0,0,0,1,1,-1,6,1,38,7,-1,-1,-1,-1,1,E01010710,0,5
2025201545976,2025,201545976,1,9,0,-1,19,4,8,-1,0,0,0,0,0,0,1,1,-1,6,1,33,6,-1,-1,-1,-1,1,E01009382,0,1
2025201545976,2025,201545976,2,9,0,-1,19,4,8,-1,0,0,0,0,0,0,2,1,-1,6,2,49,8,-1,-1,-1,-1,4,E01009046,0,1
2025201545977,2025,201545977,1,9,0,-1,19,3,7,-1,0,8,0,0,0,0,1,1,-1,9,1,52,8,-1,-1,-1,-1,1,E01009258,0,2
2025201545977,2025,201545977,2,9,0,-1,19,1,7,-1,0,8,0,0,0,0,4,1,-1,9,2,50,8,-1,-1,-1,-1,-1,-1,0,-1
2025201545999,2025,201545999,1,9,0,-1,19,3,3,-1,0,5,0,0,0,0,3,1,-1,6,-1,24,5,-1,-1,-1,-1,-1,-1,0,-1
2025201545999,2025,201545999,2,9,0,-1,9,7,7,-1,0,1,0,0,0,0,1,1,-1,9,2,24,5,-1,-1,-1,-1,10,E01010199,0,1
2025201546006,2025,201546006,2,19,0,-1,19,6,2,-1,0,0,0,0,0,0,2,1,-1,6,3,-1,-1,-1,-1,-1,-1,-1,-1,0,-1
2025201546006,2025,201546006,1,9,0,-1,19,6,2,-1,0,0,1,0,0,0,2,1,-1,2,1,44,7,-1,-1,-1,-1,2,E01005512,0,5
2025201546054,2025,201546054,1,9,0,-1,19,4,8,-1,0,0,0,0,0,0,4,9,-1,6,1,91,11,-1,-1,-1,-1,10,E01009784,0,1
2025201546070,2025,201546070,1,19,0,-1,19,4,8,-1,0,0,0,0,0,0,1,9,-1,6,1,30,6,-1,-1,-1,-1,-1,-1,0,-1
2025201546070,2025,201546070,2,9,0,-1,3,4,8,-1,0,0,0,0,0,0,2,1,-1,2,2,39,7,-1,-1,-1,-1,3,E01008895,0,1
2025201546074,2025,201546074,2,8,0,-1,19,6,2,-1,0,0,0,0,0,0,2,9,-1,1,1,30,6,-1,-1,-1,-1,-1,-1,0,-1
2025201546074,2025,201546074,1,9,0,-1,12,6,2,-1,0,0,0,0,0,0,1,9,-1,6,1,30,6,-1,-1,-1,-1,-1,-1,0,-1
2025201546120,2025,201546120,2,9,0,-1,19,7,3,-1,0,0,0,0,0,0,3,1,-1,9,2,45,7,-1,-1,-1,-1,1,E01009382,0,1
2025201546120,2025,201546120,1,9,0,-1,5,7,3,-1,0,0,0,0,0,0,4,9,-1,6,1,25,5,-1,-1,-1,-1,-1,-1,0,-1
2025201546169,2025,201546169,2,9,1,-1,3,7,4,-1,1,0,0,0,0,0,2,1,-1,6,2,48,8,-1,-1,-1,-1,1,E01009093,0,1
2025201546169,2025,201546169,1,21,0,-1,3,7,7,-1,0,0,0,0,0,0,1,1,-1,6,1,38,7,-1,-1,-1,-1,2,E01009017,0,2
2025201546171,2025,201546171,2,1,0,-1,19,1,5,-1,9,0,0,0,0,0,1,1,-1,7,1,16,4,-1,-1,-1,-1,7,E01010136,0,1
2025201546171,2025,201546171,1,9,0,-1,5,7,3,-1,9,0,0,0,0,0,3,1,-1,7,2,37,7,-1,-1,-1,-1,1,E01009514,0,2
2025201546175,2025,201546175,1,97,0,-1,19,6,1,-1,0,1,0,0,0,0,1,1,-1,6,3,-1,-1,-1,-1,-1,-1,-1,-1,0,-1
2025201546175,2025,201546175,2,9,0,-1,3,6,1,-1,0,1,0,0,0,0,2,1,-1,6,2,21,5,-1,-1,-1,-1,3,E01009256,0,2
2025201546219,2025,201546219,2,9,0,-1,19,5,1,-1,0,8,0,0,0,0,1,1,-1,6,1,34,6,-1,-1,-1,-1,8,E01010179,0,3
2025201546219,2025,201546219,3,9,0,-1,2,0,0,-1,0,2,0,0,0,0,2,1,-1,6,-1,-1,-1,-1,-1,-1,-1,-1,-1,0,-1
2025201546219,2025,201546219,1,9,0,-1,5,3,7,-1,0,6,0,0,0,0,1,1,-1,6,1,26,6,-1,-1,-1,-1,1,E01033890,0,1
2025201546247,2025,201546247,1,9,0,-1,4,2,6,-1,0,0,0,0,0,0,1,1,-1,6,1,36,7,-1,-1,-1,-1,1,E01009495,0,2
2025201546247,2025,201546247,2,3,0,-1,4,2,6,-1,0,0,0,0,0,0,2,1,-1,6,1,33,6,-1,-1,-1,-1,3,E01010050,0,2
2025201546259,2025,201546259,1,9,0,-1,19,6,3,-1,0,0,0,0,0,0,3,1,-1,9,2,23,5,-1,-1,-1,-1,2,E01010526,0,1
2025201546272,2025,201546272,3,9,0,-1,2,0,0,-1,9,0,0,0,0,0,2,1,-1,6,-1,-1,-1,-1,-1,-1,-1,-1,-1,0,-1
2025201546272,2025,201546272,2,9,0,-1,2,0,0,-1,9,0,1,0,7,0,1,1,-1,6,-1,-1,-1,-1,-1,-1,-1,-1,-1,0,-1
2025201546272,2025,201546272,1,9,0,-1,19,7,8,-1,0,0,0,4,0,0,1,1,-1,9,1,54,8,-1,-1,-1,-1,-1,-1,0,-1
2025201546292,2025,201546292,2,22,0,-1,5,6,2,-1,0,1,0,0,0,0,4,1,-1,9,1,78,11,-1,-1,-1,-1,4,E01010303,0,1
2025201546292,2025,201546292,1,9,0,-1,19,8,4,-1,0,1,0,0,0,0,3,1,-1,9,1,32,6,-1,-1,-1,-1,2,E01009998,0,3
2025201546311,2025,201546311,2,8,0,-1,2,4,8,-1,0,0,0,0,0,0,4,1,-1,1,1,49,8,-1,-1,-1,-1,1,E01009056,0,3
2025201546311,2025,201546311,1,9,0,-1,19,8,4,-1,0,0,0,0,0,0,1,9,-1,6,3,30,6,-1,-1,-1,-1,-1,-1,0,-1
2025201546338,2025,201546338,2,9,0,-1,3,7,3,-1,0,4,0,0,0,0,2,1,-1,6,2,54,8,-1,-1,-1,-1,2,E01008883,0,1
2025201546338,2025,201546338,1,9,0,-1,19,7,3,-1,0,4,0,0,3,0,1,1,-1,6,3,40,7,-1,-1,-1,-1,-1,-1,0,-1
2025201546345,2025,201546345,2,1,0,-1,19,1,2,-1,0,0,5,0,0,0,1,1,-1,1,1,52,8,-1,-1,-1,-1,3,E01009768,0,1
2025201546345,2025,201546345,1,9,0,-1,7,1,2,-1,0,0,0,0,0,0,1,9,-1,6,2,30,6,-1,-1,-1,-1,-1,-1,0,-1
2025201546346,2025,201546346,1,9,0,-1,9,8,7,-1,0,8,0,0,0,0,1,1,-1,6,1,-1,-1,-1,-1,-1,-1,-1,-1,0,-1
2025201546363,2025,201546363,1,9,0,-1,5,8,4,-1,0,4,0,0,0,0,0,1,-1,8,1,23,5,-1,-1,-1,-1,4,E01009866,0,1
2025201546363,2025,201546363,2,9,0,-1,19,8,4,-1,0,4,0,9,0,0,1,1,-1,6,1,19,4,-1,-1,-1,-1,-1,-1,0,-1
2025201546398,2025,201546398,1,9,0,-1,19,5,3,-1,5,1,0,0,0,0,1,9,-1,6,3,56,9,-1,-1,-1,-1,4,E01029353,0,3
2025201546423,2025,201546423,2,19,0,-1,2,0,0,-1,0,0,0,0,0,0,4,1,-1,6,1,53,8,-1,-1,-1,-1,8,E01032272,0,3
2025201546423,2025,201546423,1,9,0,-1,2,0,0,-1,0,0,0,0,0,0,1,1,-1,6,2,38,7,-1,-1,-1,-1,5,E01008925,0,1
2025201546423,2025,201546423,3,19,0,-1,2,0,0,-1,0,0,0,0,0,0,2,1,-1,6,1,-1,-1,-1,-1,-1,-1,-1,-1,0,-1
2025201546423,2025,201546423,4,19,0,-1,2,0,0,-1,0,0,0,0,0,0,2,1,-1,6,-1,-1,-1,-1,-1,-1,-1,-1,-1,0,-1
2025201546423,2025,201546423,5,9,0,-1,2,0,0,-1,0,0,0,0,0,0,2,1,-1,6,-1,-1,-1,-1,-1,-1,-1,-1,-1,0,-1
2025201546437,2025,201546437,1,9,0,-1,19,3,7,-1,0,1,0,0,0,0,1,9,-1,6,1,30,6,-1,-1,-1,-1,-1,-1,0,-1
2025201546437,2025,201546437,2,4,0,-1,7,5,7,-1,0,1,0,0,0,0,2,1,-1,6,1,30,6,-1,-1,-1,-1,1,E01009007,0,3
2025201546449,2025,201546449,1,8,0,-1,5,3,6,-1,0,0,0,12,0,0,1,1,-1,9,1,27,6,-1,-1,-1,-1,-1,-1,0,-1
2025201546458,2025,201546458,1,9,0,-1,19,1,6,-1,0,8,0,11,1,4,1,1,-1,9,1,58,9,-1,-1,-1,-1,3,E01009294,0,1
2025201546485,2025,201546485,1,8,0,-1,3,1,1,-1,0,0,0,0,0,0,1,1,-1,6,1,37,7,-1,-1,-1,-1,2,E01009414,0,1
2025201546485,2025,201546485,2,9,0,-1,3,7,1,-1,0,0,0,0,0,0,2,1,-1,6,2,59,9,-1,-1,-1,-1,1,E01008913,0,1
2025201546744,2025,201546744,2,9,0,-1,19,4,8,-1,0,1,0,0,0,0,3,1,-1,2,2,69,10,-1,-1,-1,-1,3,E01008945,0,1
2025201546744,2025,201546744,1,9,0,-1,7,6,1,-1,0,6,0,0,0,0,4,1,-1,2,1,40,7,-1,-1,-1,-1,5,E01009036,0,1
2025201546760,2025,201546760,1,9,0,-1,19,1,5,-1,0,1,0,0,0,0,1,1,-1,6,-1,-1,-1,-1,-1,-1,-1,-1,-1,0,-1
2025201546770,2025,201546770,1,20,0,-1,19,1,5,-1,0,0,0,0,0,0,2,1,-1,1,1,30,6,-1,-1,-1,-1,-1,-1,0,-1
2025201546770,2025,201546770,2,19,0,-1,19,7,1,-1,0,0,0,0,0,0,1,1,-1,1,1,19,4,-1,-1,-1,-1,6,E01010132,0,1
2025201546844,2025,201546844,1,9,0,-1,19,6,2,-1,0,0,0,0,0,0,1,9,-1,6,1,-1,-1,-1,-1,-1,-1,-1,-1,0,-1
2025201546844,2025,201546844,2,9,0,-1,3,6,2,-1,0,0,0,0,0,0,2,1,-1,6,2,33,6,-1,-1,-1,-1,7,E01010209,0,2
2025201546879,2025,201546879,1,11,0,-1,19,5,1,-1,0,0,0,0,0,0,4,1,-1,1,1,-1,-1,-1,-1,-1,-1,-1,-1,0,-1
2025201546957,2025,201546957,1,9,0,-1,4,4,4,-1,0,4,0,0,0,0,2,2,-1,9,2,22,5,-1,-1,-1,-1,1,E01009397,0,1
2025201546957,2025,201546957,2,9,0,-1,19,4,6,-1,0,4,0,0,0,0,1,9,-1,9,3,20,4,-1,-1,-1,-1,-1,-1,0,-1
2025201546971,2025,201546971,2,9,0,-1,4,6,2,-1,0,0,0,0,0,0,2,1,-1,2,1,51,8,-1,-1,-1,-1,7,E01010345,0,1
2025201546971,2025,201546971,1,9,0,-1,19,6,2,-1,0,0,0,0,0,0,4,1,-1,6,1,-1,-1,-1,-1,-1,-1,-1,-1,0,-1
2025201546987,2025,201546987,2,9,0,-1,7,2,4,-1,0,1,1,4,0,0,4,1,-1,9,2,44,7,-1,-1,-1,-1,2,E01010103,0,1
2025201546987,2025,201546987,5,9,0,-1,19,2,4,-1,0,1,0,4,0,0,1,9,-1,6,3,25,5,-1,-1,-1,-1,-1,-1,0,-1
2025201546987,2025,201546987,3,9,0,-1,2,0,0,-1,0,2,0,0,0,0,2,1,-1,6,-1,-1,-1,-1,-1,-1,-1,-1,-1,0,-1
2025201546987,2025,201546987,1,9,0,-1,19,2,6,-1,0,1,1,4,1,0,3,1,-1,6,1,20,4,-1,-1,-1,-1,-1,-1,0,-1
2025201546987,2025,201546987,4,9,0,-1,2,0,0,-1,0,1,0,0,0,0,2,1,-1,6,-1,-1,-1,-1,-1,-1,-1,-1,-1,0,-1
2025201546995,2025,201546995,1,9,0,-1,19,5,1,-1,0,0,5,7,0,0,3,1,-1,9,2,81,11,-1,-1,-1,-1,3,E01010396,0,1
2025201547097,2025,201547097,3,9,0,-1,2,0,0,-1,0,0,0,10,1,4,2,1,-1,6,-1,-1,-1,-1,-1,-1,-1,-1,-1,0,-1
2025201547097,2025,201547097,1,9,0,-1,19,2,6,-1,0,0,0,4,0,0,1,1,-1,6,-1,-1,-1,-1,-1,-1,-1,-1,-1,0,-1
2025201547097,2025,201547097,2,9,0,-1,19,2,6,-1,0,0,0,0,0,0,4,1,-1,6,2,39,7,-1,-1,-1,-1,1,E01009136,0,1
2025201547232,2025,201547232,1,9,0,-1,11,6,2,-1,0,0,0,0,0,0,-1,9,-1,6,1,50,8,-1,-1,-1,-1,-1,-1,0,-1
2025201547232,2025,201547232,2,9,0,-1,11,6,2,-1,0,0,0,0,0,0,3,9,-1,2,2,31,6,-1,-1,-1,-1,4,E01008888,0,1
2025201547310,2025,201547310,1,99,0,-1,19,3,7,-1,0,8,0,0,0,0,4,9,-1,6,1,70,10,-1,-1,-1,-1,-1,-1,0,-1