collision_index,collision_year,collision_ref_no,vehicle_reference,vehicle_type,towing_and_articulation,vehicle_manoeuvre_historic,vehicle_manoeuvre,vehicle_direction_from,vehicle_direction_to,vehicle_location_restricted_lane_historic,vehicle_location_restricted_lane,junction_location,skidding_and_overturning,hit_object_in_carriageway,vehicle_leaving_carriageway,hit_object_off_carriageway,first_point_of_impact,vehicle_left_hand_drive,journey_purpose_of_driver_historic,journey_purpose_of_driver,sex_of_driver,age_of_driver,age_band_of_driver,engine_capacity_cc,propulsion_code,age_of_vehicle,generic_make_model,driver_imd_decile,lsoa_of_driver,escooter_flag,driver_distance_banding
2025201547353,2025,201547353,1,9,0,-1,19,1,4,-1,0,0,0,10,7,4,1,1,-1,6,1,19,4,-1,-1,-1,-1,5,E01009451,0,1
2025201547366,2025,201547366,1,9,0,-1,2,0,0,-1,0,0,0,0,0,0,1,1,-1,8,2,34,6,-1,-1,-1,-1,5,E01009126,0,3
2025201547366,2025,201547366,2,11,0,-1,2,0,0,-1,0,0,0,0,0,0,0,1,-1,1,1,36,7,-1,-1,-1,-1,1,E01009137,0,3
2025201547366,2025,201547366,3,11,0,-1,2,0,0,-1,0,0,0,0,0,0,0,1,-1,1,1,68,10,-1,-1,-1,-1,5,E01009909,0,2
2025201547417,2025,201547417,1,9,0,-1,4,1,1,-1,0,1,0,0,0,0,1,1,-1,6,1,35,6,-1,-1,-1,-1,-1,-1,0,-1
2025201547417,2025,201547417,2,9,0,-1,4,2,2,-1,0,1,0,0,0,0,2,1,-1,6,2,33,6,-1,-1,-1,-1,10,E01009854,0,1
2025201547421,2025,201547421,1,9,0,-1,9,2,8,-1,0,5,0,0,0,0,1,1,-1,9,1,49,8,-1,-1,-1,-1,1,E01010029,0,1
2025201547421,2025,201547421,2,9,0,-1,19,6,2,-1,0,8,0,0,0,0,1,1,-1,6,-1,-1,-1,-1,-1,-1,-1,-1,-1,0,-1
2025201547431,2025,201547431,2,8,0,-1,3,3,7,-1,0,1,0,0,0,0,2,1,-1,1,1,40,7,-1,-1,-1,-1,-1,-1,0,-1
2025201547431,2025,201547431,1,9,0,-1,19,3,7,-1,0,1,0,0,0,0,1,1,-1,6,1,30,6,-1,-1,-1,-1,-1,-1,0,-1
2025201547451,2025,201547451,1,9,0,-1,19,5,1,-1,0,0,0,0,0,0,1,9,-1,6,3,30,6,-1,-1,-1,-1,-1,-1,0,-1
2025201547451,2025,201547451,2,9,0,-1,3,5,1,-1,0,0,0,0,0,0,2,9,-1,1,1,30,6,-1,-1,-1,-1,-1,-1,0,-1
2025201547463,2025,201547463,2,9,0,-1,19,1,4,-1,0,1,0,0,1,3,1,1,-1,6,1,70,10,-1,-1,-1,-1,7,E01032195,0,4
2025201547463,2025,201547463,1,19,0,-1,19,6,1,-1,0,1,0,0,0,0,1,1,-1,6,1,63,9,-1,-1,-1,-1,9,E01009415,0,1
2025201547509,2025,201547509,1,9,0,-1,20,0,0,-1,0,0,0,0,0,0,3,1,-1,1,3,16,4,-1,-1,-1,-1,-1,-1,0,-1
2025201547513,2025,201547513,1,9,0,-1,19,8,4,-1,0,0,0,0,0,0,1,1,-1,6,3,-1,-1,-1,-1,-1,-1,-1,-1,0,-1
2025201547564,2025,201547564,2,9,0,-1,19,3,6,-1,0,0,1,0,0,0,1,1,-1,6,1,23,5,-1,-1,-1,-1,9,W01000467,0,5
2025201547564,2025,201547564,1,9,0,-1,19,7,7,-1,0,0,1,10,0,0,1,1,-1,6,1,51,8,-1,-1,-1,-1,1,E01009060,0,1
2025201547706,2025,201547706,1,9,0,-1,19,8,4,-1,0,1,0,0,0,0,1,9,-1,6,3,17,4,-1,-1,-1,-1,-1,-1,0,-1
2025201547724,2025,201547724,2,1,0,-1,19,1,5,-1,0,0,2,0,0,0,3,1,-1,6,1,17,4,-1,-1,-1,-1,1,E01009222,0,1
2025201547724,2025,201547724,1,9,0,-1,19,6,8,-1,0,0,0,0,0,0,1,1,-1,6,2,-1,-1,-1,-1,-1,-1,-1,-1,0,-1
2025201547739,2025,201547739,2,9,0,-1,3,7,3,-1,0,1,0,0,0,0,2,9,-1,9,1,66,10,-1,-1,-1,-1,5,E01009973,0,2
2025201547739,2025,201547739,1,9,0,-1,19,7,3,-1,0,4,0,0,0,0,1,9,-1,6,1,50,8,-1,-1,-1,-1,-1,-1,0,-1
2025201547741,2025,201547741,1,9,0,-1,19,1,5,-1,9,0,0,0,0,0,1,1,-1,6,1,30,6,-1,-1,-1,-1,-1,-1,0,-1
2025201547744,2025,201547744,1,9,0,-1,19,3,7,-1,0,0,0,0,0,0,1,9,-1,6,1,-1,-1,-1,-1,-1,-1,-1,-1,0,-1
2025201547757,2025,201547757,1,9,0,-1,14,1,1,-1,2,0,0,0,0,0,2,1,-1,6,1,19,4,-1,-1,-1,-1,-1,-1,0,-1
2025201547757,2025,201547757,2,19,0,-1,2,0,0,-1,0,0,0,0,0,0,3,1,-1,1,1,19,4,-1,-1,-1,-1,8,E01010206,0,2
2025201547757,2025,201547757,3,20,0,-1,19,1,1,-1,0,0,0,0,0,0,4,1,-1,1,1,52,8,-1,-1,-1,-1,-1,-1,0,-1
2025201547761,2025,201547761,1,9,0,-1,19,5,1,-1,0,0,0,0,0,0,0,9,-1,6,1,-1,-1,-1,-1,-1,-1,-1,-1,0,-1
2025201547784,2025,201547784,1,8,0,-1,9,5,1,-1,0,0,0,0,0,0,2,1,-1,1,1,40,7,-1,-1,-1,-1,-1,-1,0,-1
2025201547784,2025,201547784,2,9,0,-1,19,5,1,-1,0,0,0,0,0,0,1,1,-1,9,1,85,11,-1,-1,-1,-1,-1,-1,0,-1
2025201547784,2025,201547784,3,9,0,-1,19,5,1,-1,0,0,0,0,0,0,2,1,-1,9,1,66,10,-1,-1,-1,-1,-1,-1,0,-1
2025201547807,2025,201547807,1,9,-1,-1,4,3,7,-1,0,0,0,0,0,0,-1,9,-1,6,1,-1,-1,-1,-1,-1,-1,-1,-1,0,-1
2025201547807,2025,201547807,2,9,0,-1,4,3,3,-1,0,0,1,0,0,0,2,9,-1,2,1,51,8,-1,-1,-1,-1,2,E01010470,0,1
2025201547814,2025,201547814,1,9,0,-1,19,5,1,-1,0,2,0,0,0,0,3,1,-1,6,2,31,6,-1,-1,-1,-1,1,E01009365,0,1
2025201547814,2025,201547814,2,9,0,-1,9,3,1,-1,0,6,0,0,0,0,1,9,-1,6,1,25,5,-1,-1,-1,-1,-1,-1,0,-1
2025201547822,2025,201547822,1,9,0,-1,5,6,8,-1,0,6,0,0,0,0,3,1,-1,7,1,28,6,-1,-1,-1,-1,2,E01009740,0,1
2025201547822,2025,201547822,2,1,0,-1,19,3,8,-1,0,8,5,0,0,0,1,1,-1,6,1,-1,-1,-1,-1,-1,-1,-1,-1,0,-1
2025201547866,2025,201547866,1,9,0,-1,2,0,0,-1,0,0,0,0,0,0,1,1,-1,6,2,55,8,-1,-1,-1,-1,5,E01009774,0,3
2025201547917,2025,201547917,1,19,0,-1,19,6,2,-1,0,1,0,0,0,0,1,9,-1,6,1,54,8,-1,-1,-1,-1,6,E01031017,0,3
2025201547917,2025,201547917,2,9,0,-1,19,6,2,-1,0,1,0,0,0,0,2,1,-1,6,1,28,6,-1,-1,-1,-1,6,E01029722,0,4
2025201547917,2025,201547917,3,9,0,-1,19,6,2,-1,0,1,0,0,0,0,2,1,-1,9,2,21,5,-1,-1,-1,-1,2,E01029842,0,2
2025201547923,2025,201547923,1,9,0,-1,19,4,8,-1,0,1,0,0,0,0,1,9,-1,6,3,-1,-1,-1,-1,-1,-1,-1,-1,0,-1
2025201547943,2025,201547943,2,22,0,-1,19,6,2,-1,0,0,0,0,0,0,1,1,-1,6,1,60,9,-1,-1,-1,-1,-1,-1,0,-1
2025201547943,2025,201547943,1,9,0,-1,7,8,2,-1,0,0,0,11,1,0,1,9,-1,9,3,30,6,-1,-1,-1,-1,-1,-1,0,-1
2025201547945,2025,201547945,1,8,0,-1,9,2,8,-1,0,8,0,0,0,0,3,1,-1,6,1,40,7,-1,-1,-1,-1,-1,-1,0,-1
2025201547945,2025,201547945,2,1,0,-1,19,6,2,-1,0,2,0,0,0,0,1,1,-1,9,1,17,4,-1,-1,-1,-1,2,E01009273,0,1
2025201547960,2025,201547960,3,9,0,-1,19,1,2,-1,0,8,0,0,0,0,0,1,-1,1,2,25,5,-1,-1,-1,-1,-1,-1,0,-1
2025201547960,2025,201547960,1,9,0,-1,19,1,5,-1,0,8,0,0,7,0,1,9,-1,6,3,18,4,-1,-1,-1,-1,-1,-1,0,-1
2025201547960,2025,201547960,2,9,0,-1,10,2,7,-1,0,8,0,0,0,0,1,1,-1,6,1,25,5,-1,-1,-1,-1,3,E01008895,0,1
2025201547974,2025,201547974,1,9,0,-1,5,5,8,-1,0,1,0,0,1,0,1,2,-1,6,1,48,8,-1,-1,-1,-1,7,E01009039,0,2
2025201548015,2025,201548015,1,9,0,-1,1,8,6,-1,9,0,0,0,0,0,2,1,-1,9,1,75,10,-1,-1,-1,-1,1,E01009978,0,1
2025201548056,2025,201548056,1,9,0,-1,19,1,5,-1,9,5,0,0,0,0,1,1,-1,6,1,24,5,-1,-1,-1,-1,-1,-1,0,-1
2025201548056,2025,201548056,2,9,0,-1,9,4,1,-1,0,2,0,0,0,0,1,1,-1,9,2,60,9,-1,-1,-1,-1,4,E01009504,0,1
2025201548078,2025,201548078,1,9,0,-1,13,6,2,-1,0,0,0,0,0,0,1,1,-1,2,1,56,9,-1,-1,-1,-1,1,E01009892,0,2
2025201548110,2025,201548110,1,9,0,-1,4,5,5,-1,0,0,0,0,0,0,2,1,-1,9,2,48,8,-1,-1,-1,-1,-1,-1,0,-1
2025201548110,2025,201548110,2,9,0,-1,19,5,5,-1,0,0,0,4,3,0,1,9,-1,6,1,35,6,-1,-1,-1,-1,-1,-1,0,-1
2025201548298,2025,201548298,1,8,0,-1,19,5,1,-1,0,4,0,0,0,0,1,1,-1,1,1,-1,-1,-1,-1,-1,-1,1,E01034915,0,1
2025201548298,2025,201548298,2,3,0,-1,19,4,8,-1,0,8,2,0,0,0,1,1,-1,2,1,30,6,-1,-1,-1,-1,1,E01033895,0,3
2025201548310,2025,201548310,2,9,0,-1,7,5,1,-1,0,1,0,0,0,0,1,1,-1,6,1,28,6,-1,-1,-1,-1,2,E01009740,0,1
2025201548310,2025,201548310,1,1,0,-1,19,4,8,-1,0,1,0,0,0,0,4,1,-1,2,1,49,8,-1,-1,-1,-1,4,E01009866,0,1
2025201548332,2025,201548332,2,8,0,-1,19,3,7,-1,0,0,0,0,0,0,3,1,-1,1,1,44,7,-1,-1,-1,-1,3,E01009597,0,1
2025201548332,2025,201548332,1,19,0,-1,19,7,3,-1,0,0,0,0,0,0,3,1,-1,6,1,-1,-1,-1,-1,-1,-1,-1,-1,0,-1
2025201548376,2025,201548376,2,9,0,-1,5,7,1,-1,0,6,0,0,0,0,1,1,-1,6,3,-1,-1,-1,-1,-1,-1,-1,-1,0,-1
2025201548376,2025,201548376,1,9,0,-1,5,5,1,-1,0,8,0,0,0,0,4,1,-1,6,2,33,6,-1,-1,-1,-1,3,E01010411,0,1
2025201548391,2025,201548391,1,9,0,-1,19,1,5,-1,0,0,0,0,0,0,1,1,-1,6,2,42,7,-1,-1,-1,-1,9,E01010183,0,3
2025201548391,2025,201548391,2,9,0,-1,12,1,5,-1,0,0,0,0,0,0,4,1,-1,9,2,44,7,-1,-1,-1,-1,7,E01010162,0,1
2025201548416,2025,201548416,1,9,0,-1,7,8,4,-1,0,3,0,0,0,0,1,1,-1,2,2,29,6,-1,-1,-1,-1,4,E01009863,0,2
2025201548416,2025,201548416,2,9,0,-1,19,3,7,-1,0,1,0,0,0,0,3,1,-1,1,1,61,9,-1,-1,-1,-1,3,E01009781,0,1
2025201548420,2025,201548420,1,9,0,-1,19,2,6,-1,0,2,0,0,0,0,4,9,-1,6,3,30,6,-1,-1,-1,-1,-1,-1,0,-1
2025201548571,2025,201548571,1,19,0,-1,19,8,4,-1,0,0,0,0,0,0,1,1,-1,6,1,25,5,-1,-1,-1,-1,6,E01010438,0,4
2025201548609,2025,201548609,1,9,0,-1,5,7,3,-1,0,1,0,0,0,0,1,1,-1,9,2,33,6,-1,-1,-1,-1,2,E01008987,0,1
2025201548707,2025,201548707,1,9,0,-1,19,2,4,-1,0,0,0,0,0,0,0,1,-1,6,2,31,6,-1,-1,-1,-1,2,E01010343,0,1
2025201548714,2025,201548714,2,19,-1,-1,3,4,1,-1,0,0,0,0,0,0,2,1,-1,6,1,51,8,-1,-1,-1,-1,6,E01010557,0,1
2025201548714,2025,201548714,1,97,0,-1,19,4,1,-1,0,0,0,0,0,0,1,1,-1,6,1,-1,-1,-1,-1,-1,-1,-1,-1,0,-1
2025201548720,2025,201548720,2,9,0,-1,19,1,1,-1,0,0,0,0,0,0,3,9,-1,6,2,33,6,-1,-1,-1,-1,6,W01001484,0,5
2025201548720,2025,201548720,1,9,0,-1,5,1,5,-1,0,0,0,0,0,0,4,9,-1,6,1,50,8,-1,-1,-1,-1,1,E01009570,0,1
2025201548785,2025,201548785,1,9,0,-1,5,5,1,-1,0,0,0,0,0,0,1,1,-1,6,1,28,6,-1,-1,-1,-1,-1,-1,0,-1
2025201548818,2025,201548818,1,11,0,-1,19,6,2,-1,0,8,0,0,0,0,1,1,-1,1,1,56,9,-1,-1,-1,-1,1,E01008882,0,2
2025201548841,2025,201548841,1,9,0,-1,19,1,1,-1,0,1,0,0,0,0,1,1,-1,2,1,18,4,-1,-1,-1,-1,1,E01032469,0,4
2025201548841,2025,201548841,2,9,0,-1,19,1,1,-1,0,1,0,0,0,0,2,1,-1,2,1,53,8,-1,-1,-1,-1,2,E01009940,0,1
2025201548849,2025,201548849,2,98,0,-1,19,6,3,-1,0,0,0,4,0,0,3,1,-1,1,1,40,7,-1,-1,-1,-1,1,E01009363,0,2
2025201548849,2025,201548849,1,9,0,-1,2,0,0,-1,9,0,0,4,0,0,4,1,-1,9,2,58,9,-1,-1,-1,-1,-1,-1,0,-1
2025201548849,2025,201548849,3,9,0,-1,2,0,0,-1,9,0,0,0,0,0,1,1,-1,6,3,-1,-1,-1,-1,-1,-1,-1,-1,0,-1
2025201548850,2025,201548850,1,9,0,-1,19,2,4,-1,0,0,0,0,0,0,1,1,-1,9,2,50,8,-1,-1,-1,-1,1,E01010272,0,1
2025201548876,2025,201548876,1,9,0,-1,14,6,2,-1,0,0,0,0,0,0,4,1,-1,6,3,30,6,-1,-1,-1,-1,-1,-1,0,-1
2025201548886,2025,201548886,1,9,0,-1,3,3,7,-1,0,0,0,0,0,0,1,1,-1,9,1,46,8,-1,-1,-1,-1,9,E01022101,0,4
2025201548886,2025,201548886,2,9,0,-1,9,5,3,-1,0,0,0,0,0,0,3,1,-1,9,1,37,7,-1,-1,-1,-1,-1,-1,0,-1
2025201548886,2025,201548886,3,9,0,-1,19,7,3,-1,0,0,0,0,0,0,3,1,-1,1,2,59,9,-1,-1,-1,-1,7,E01023341,0,5
2025201549003,2025,201549003,1,-1,0,-1,4,2,6,-1,0,1,0,0,0,0,0,1,-1,6,1,36,7,-1,-1,-1,-1,-1,-1,1,-1
2025201549114,2025,201549114,1,9,0,-1,19,4,8,-1,0,1,0,0,1,4,1,1,-1,6,1,23,5,-1,-1,-1,-1,-1,-1,0,-1
2025201549238,2025,201549238,5,9,0,-1,2,0,0,-1,0,0,0,0,0,0,2,1,-1,6,-1,-1,-1,-1,-1,-1,-1,-1,-1,0,-1
2025201549238,2025,201549238,1,9,0,-1,19,7,7,-1,0,0,0,4,0,0,1,1,-1,6,1,36,7,-1,-1,-1,-1,1,E01010030,0,3
2025201549238,2025,201549238,2,9,0,-1,2,0,0,-1,0,0,0,0,0,0,4,1,-1,6,-1,-1,-1,-1,-1,-1,-1,-1,-1,0,-1
2025201549238,2025,201549238,3,9,0,-1,2,0,0,-1,0,0,0,0,0,0,2,1,-1,6,-1,-1,-1,-1,-1,-1,-1,-1,-1,0,-1
2025201549238,2025,201549238,7,9,0,-1,19,7,7,-1,0,0,0,0,0,0,0,1,-1,1,1,32,6,-1,-1,-1,-1,-1,-1,0,-1
2025201549238,2025,201549238,6,9,0,-1,19,7,7,-1,0,0,0,0,0,0,0,1,-1,1,1,35,6,-1,-1,-1,-1,-1,-1,0,-1
2025201549238,2025,201549238,4,9,0,-1,2,3,8,-1,0,0,0,0,0,0,3,1,-1,1,2,40,7,-1,-1,-1,-1,-1,-1,0,-1
2025201549245,2025,201549245,1,9,0,-1,4,5,1,-1,0,0,0,0,0,0,1,1,-1,6,2,39,7,-1,-1,-1,-1,10,E01018662,0,4
2025201549275,2025,201549275,1,21,1,-1,19,1,3,-1,0,4,5,0,0,0,1,1,-1,6,1,31,6,-1,-1,-1,-1,1,E01026176,0,5
2025201549275,2025,201549275,3,19,0,-1,19,5,3,-1,0,4,0,0,0,0,3,1,-1,6,1,40,7,-1,-1,-1,-1,3,E01032242,0,3
2025201549275,2025,201549275,2,9,0,-1,19,5,2,-1,0,4,0,0,0,0,3,1,-1,6,1,50,8,-1,-1,-1,-1,1,E01009476,0,1
2025201549292,2025,201549292,3,9,0,-1,19,3,7,-1,0,4,0,0,0,0,1,1,-1,6,-1,-1,-1,-1,-1,-1,-1,-1,-1,0,-1
2025201549292,2025,201549292,2,9,0,-1,19,3,7,-1,0,4,0,0,1,0,3,1,-1,6,-1,-1,-1,-1,-1,-1,-1,-1,-1,0,-1
2025201549292,2025,201549292,1,9,0,-1,19,2,6,-1,0,8,0,0,0,0,1,1,-1,6,-1,-1,-1,-1,-1,-1,-1,-1,-1,0,-1
2025201549311,2025,201549311,1,9,0,-1,5,5,1,-1,0,0,0,0,0,0,1,1,-1,2,2,20,4,-1,-1,-1,-1,4,E01031086,0,2
2025201549317,2025,201549317,1,9,0,-1,19,1,3,-1,0,4,0,0,0,0,1,1,-1,6,1,36,7,-1,-1,-1,-1,1,E01009124,0,1
2025201549317,2025,201549317,2,9,0,-1,19,7,4,-1,0,4,0,0,0,0,1,1,-1,6,1,33,6,-1,-1,-1,-1,1,E01010126,0,2
2025201549339,2025,201549339,1,9,0,-1,19,2,6,-1,0,6,0,0,3,0,1,1,-1,9,1,35,6,-1,-1,-1,-1,3,E01010005,0,1
2025201549339,2025,201549339,2,9,0,-1,19,5,1,-1,0,8,1,0,0,0,3,1,-1,9,2,18,4,-1,-1,-1,-1,3,E01010020,0,1
2025201549353,2025,201549353,2,9,0,-1,19,1,7,-1,0,0,0,0,0,0,4,9,-1,6,1,37,7,-1,-1,-1,-1,1,E01009308,0,2
2025201549353,2025,201549353,1,9,0,-1,19,1,7,-1,0,0,0,0,0,0,1,9,-1,6,2,84,11,-1,-1,-1,-1,-1,-1,0,-1
2025201549356,2025,201549356,1,9,0,-1,19,2,6,-1,0,0,0,0,0,0,1,1,-1,6,3,-1,-1,-1,-1,-1,-1,-1,-1,0,-1
2025201549356,2025,201549356,2,19,0,-1,3,2,6,-1,0,0,0,0,0,0,2,1,-1,1,1,32,6,-1,-1,-1,-1,5,E01009843,0,1
2025201549408,2025,201549408,2,4,0,-1,4,4,4,-1,9,0,0,0,0,0,1,1,-1,9,1,29,6,-1,-1,-1,-1,-1,-1,0,-1
2025201549408,2025,201549408,3,19,0,-1,2,0,0,-1,9,0,0,0,0,0,2,2,-1,6,1,65,9,-1,-1,-1,-1,-1,-1,0,-1
2025201549408,2025,201549408,1,9,0,-1,1,0,6,-1,9,0,0,0,0,0,2,2,-1,9,1,31,6,-1,-1,-1,-1,3,E01010112,0,1
2025201549428,2025,201549428,2,9,0,-1,19,7,4,-1,0,8,0,0,0,0,4,1,-1,9,1,32,6,-1,-1,-1,-1,-1,-1,0,-1
2025201549428,2025,201549428,1,9,0,-1,9,2,7,-1,0,6,0,0,0,0,3,1,-1,9,2,53,8,-1,-1,-1,-1,9,E01029263,0,5
2025201549432,2025,201549432,1,9,0,-1,4,8,4,-1,0,1,0,0,0,0,1,9,-1,6,1,-1,-1,-1,-1,-1,-1,-1,-1,0,-1
2025201549432,2025,201549432,2,9,0,-1,3,8,4,-1,0,1,0,0,0,0,2,1,-1,2,2,50,8,-1,-1,-1,-1,2,E01009448,0,3
2025201549434,2025,201549434,1,9,0,-1,19,4,1,-1,0,0,0,0,0,0,1,9,-1,6,1,45,7,-1,-1,-1,-1,-1,-1,0,-1
2025201549434,2025,201549434,2,9,0,-1,19,4,1,-1,0,0,0,0,0,0,2,1,-1,6,1,33,6,-1,-1,-1,-1,2,E01010315,0,1
2025201549476,2025,201549476,1,9,0,-1,19,1,5,-1,0,2,0,0,0,0,1,1,-1,6,2,36,7,-1,-1,-1,-1,-1,-1,0,-1
2025201549485,2025,201549485,2,9,0,-1,5,1,5,-1,0,0,0,0,0,0,0,1,-1,1,1,29,6,-1,-1,-1,-1,1,E01009542,0,2
2025201549485,2025,201549485,3,9,0,-1,2,0,0,-1,0,0,1,0,0,0,2,1,-1,9,1,61,9,-1,-1,-1,-1,3,E01009568,0,1
2025201549485,2025,201549485,4,19,0,-1,19,5,1,-1,0,0,0,0,0,0,0,1,-1,1,1,32,6,-1,-1,-1,-1,-1,-1,0,-1
2025201549485,2025,201549485,1,9,0,-1,1,5,1,-1,0,0,0,4,0,0,2,1,-1,6,1,18,4,-1,-1,-1,-1,-1,-1,0,-1
2025201549491,2025,201549491,2,9,0,-1,4,1,5,-1,0,0,0,0,0,0,2,1,-1,6,1,30,6,-1,-1,-1,-1,1,E01010342,0,1
2025201549491,2025,201549491,1,9,0,-1,19,1,5,-1,0,0,0,0,0,0,1,1,-1,6,1,-1,-1,-1,-1,-1,-1,-1,-1,0,-1
2025201549534,2025,201549534,1,11,0,-1,19,2,6,-1,0,0,0,0,0,0,1,9,-1,6,3,-1,-1,-1,-1,-1,-1,-1,-1,0,-1
2025201549559,2025,201549559,1,19,0,-1,2,0,0,-1,0,8,0,0,0,0,1,1,-1,6,1,83,11,-1,-1,-1,-1,5,E01009948,0,1
2025201549561,2025,201549561,1,8,0,-1,19,1,5,-1,0,1,0,0,0,0,1,1,-1,6,1,42,7,-1,-1,-1,-1,2,E01009392,0,1
2025201549593,2025,201549593,2,9,0,-1,9,3,7,-1,0,0,0,0,0,0,1,1,-1,9,2,63,9,-1,-1,-1,-1,3,E01010113,0,1
2025201549593,2025,201549593,1,9,0,-1,13,3,7,-1,0,0,0,0,0,0,1,1,-1,9,1,24,5,-1,-1,-1,-1,6,E01010184,0,3
2025201549593,2025,201549593,3,9,0,-1,2,0,0,-1,9,0,0,0,0,0,3,1,-1,6,2,51,8,-1,-1,-1,-1,1,E01009512,0,1
2025201549612,2025,201549612,1,9,0,-1,19,6,2,-1,0,0,0,0,0,0,1,1,-1,6,2,31,6,-1,-1,-1,-1,-1,-1,0,-1
2025201549621,2025,201549621,1,9,0,-1,19,8,4,-1,0,1,0,2,0,0,1,1,-1,6,1,31,6,-1,-1,-1,-1,4,E01009186,0,1
2025201549621,2025,201549621,2,9,0,-1,3,4,8,-1,0,2,0,0,0,0,1,1,-1,1,1,43,7,-1,-1,-1,-1,4,E01009186,0,1
2025201549658,2025,201549658,1,8,0,-1,19,7,3,-1,0,0,0,0,0,0,1,1,-1,6,1,40,7,-1,-1,-1,-1,-1,-1,0,-1
2025201549658,2025,201549658,2,9,0,-1,3,7,3,-1,0,0,0,0,0,0,2,1,-1,9,2,22,5,-1,-1,-1,-1,6,E01021355,0,5
2025201549747,2025,201549747,2,9,0,-1,19,6,2,-1,0,8,0,0,0,0,1,1,-1,6,-1,-1,-1,-1,-1,-1,-1,-1,-1,0,-1
2025201549747,2025,201549747,1,9,0,-1,5,6,2,-1,0,2,0,0,0,0,1,1,-1,6,1,27,6,-1,-1,-1,-1,5,E01010267,0,1
2025201549747,2025,201549747,3,9,0,-1,19,6,2,-1,0,2,0,0,0,0,2,1,-1,6,1,-1,-1,-1,-1,-1,-1,1,E01033895,0,1
2025201549759,2025,201549759,2,9,0,-1,19,2,6,-1,0,2,1,0,0,0,3,1,-1,1,1,67,10,-1,-1,-1,-1,1,E01009147,0,1
2025201549759,2025,201549759,1,9,0,-1,14,7,3,-1,0,1,0,1,7,0,1,1,-1,2,2,67,10,-1,-1,-1,-1,1,E01009345,0,1
2025201549759,2025,201549759,3,9,0,-1,19,2,6,-1,0,2,0,0,0,0,1,1,-1,1,1,46,8,-1,-1,-1,-1,2,E01010045,0,2
2025201549814,2025,201549814,2,9,0,-1,19,2,6,-1,0,8,0,0,0,0,3,1,-1,9,1,32,6,-1,-1,-1,-1,1,E01009272,0,1
2025201549814,2025,201549814,1,9,0,-1,9,8,6,-1,0,6,0,0,0,0,4,9,-1,6,1,25,5,-1,-1,-1,-1,-1,-1,0,-1
2025201549955,2025,201549955,1,9,0,-1,19,6,4,-1,0,1,0,0,0,0,1,1,-1,6,1,32,6,-1,-1,-1,-1,2,E01009969,0,1
2025201549979,2025,201549979,1,9,0,-1,5,2,3,-1,0,1,0,0,0,0,1,1,-1,9,1,47,8,-1,-1,-1,-1,2,E01007881,0,5
2025201550042,2025,201550042,1,9,0,-1,19,2,7,-1,0,6,0,0,0,0,1,1,-1,6,1,45,7,-1,-1,-1,-1,-1,-1,0,-1
2025201550042,2025,201550042,2,9,0,-1,19,5,2,-1,0,1,0,0,0,0,1,1,-1,9,2,25,5,-1,-1,-1,-1,1,E01009362,0,1
2025201550048,2025,201550048,1,9,0,-1,7,5,7,-1,0,4,0,0,0,0,1,1,-1,6,1,-1,-1,-1,-1,-1,-1,-1,-1,0,-1
2025201550050,2025,201550050,2,9,0,-1,8,3,7,-1,0,1,0,0,0,0,2,9,-1,6,2,28,6,-1,-1,-1,-1,3,E01009176,0,1
2025201550050,2025,201550050,1,19,0,-1,19,3,7,-1,0,1,0,0,0,0,1,9,-1,6,1,30,6,-1,-1,-1,-1,-1,-1,0,-1
2025201550233,2025,201550233,1,9,0,-1,19,1,5,-1,0,0,0,0,0,0,1,9,-1,6,1,22,5,-1,-1,-1,-1,2,E01009891,0,1
2025201550233,2025,201550233,2,9,0,-1,19,1,5,-1,0,0,0,0,0,0,2,1,-1,9,1,41,7,-1,-1,-1,-1,2,E01009891,0,1
2025201550252,2025,201550252,2,9,0,-1,9,1,1,-1,0,3,0,0,0,0,4,9,-1,6,2,47,8,-1,-1,-1,-1,3,E01009111,0,1
2025201550252,2025,201550252,1,9,0,-1,9,1,1,-1,0,4,0,0,0,0,1,9,-1,6,1,35,6,-1,-1,-1,-1,-1,-1,0,-1
2025201550254,2025,201550254,2,-1,0,-1,19,4,8,-1,0,0,0,0,0,0,2,1,-1,6,2,17,4,-1,-1,-1,-1,3,E01010495,1,2
2025201550254,2025,201550254,1,9,0,-1,7,3,8,-1,9,0,0,0,0,0,1,1,-1,6,-1,-1,-1,-1,-1,-1,-1,-1,-1,0,-1
2025201550381,2025,201550381,1,9,0,-1,19,1,6,-1,0,1,0,0,0,0,1,1,-1,9,1,62,9,-1,-1,-1,-1,1,E01010274,0,1
2025201550381,2025,201550381,2,98,0,-1,5,4,8,-1,0,8,0,0,0,0,1,1,-1,1,1,26,6,-1,-1,-1,-1,2,E01010019,0,3
2025201550392,2025,201550392,2,1,0,-1,19,8,4,-1,0,8,0,0,0,0,2,1,-1,2,1,45,7,-1,-1,-1,-1,2,E01009783,0,1
2025201550392,2025,201550392,1,9,0,-1,7,2,4,-1,0,6,0,0,0,0,1,9,-1,6,2,-1,-1,-1,-1,-1,-1,-1,-1,0,-1
2025201550520,2025,201550520,1,9,0,-1,19,2,8,-1,0,0,1,10,1,2,3,1,-1,2,1,40,7,-1,-1,-1,-1,1,E01033627,0,2
2025201550526,2025,201550526,2,3,0,-1,19,3,7,-1,0,0,2,0,0,0,1,1,-1,2,1,39,7,-1,-1,-1,-1,1,E01033646,0,1
2025201550526,2025,201550526,1,9,0,-1,6,2,2,-1,0,0,0,0,0,0,4,9,-1,6,3,-1,-1,-1,-1,-1,-1,-1,-1,0,-1
2025201550552,2025,201550552,1,9,0,-1,9,8,6,-1,0,8,0,0,0,0,4,9,-1,6,1,30,6,-1,-1,-1,-1,-1,-1,0,-1
2025201550552,2025,201550552,2,1,0,-1,5,6,6,-1,0,2,0,0,0,0,2,1,-1,2,1,43,7,-1,-1,-1,-1,5,E01009283,0,1