collision_index,collision_year,collision_ref_no,vehicle_reference,vehicle_type,towing_and_articulation,vehicle_manoeuvre_historic,vehicle_manoeuvre,vehicle_direction_from,vehicle_direction_to,vehicle_location_restricted_lane_historic,vehicle_location_restricted_lane,junction_location,skidding_and_overturning,hit_object_in_carriageway,vehicle_leaving_carriageway,hit_object_off_carriageway,first_point_of_impact,vehicle_left_hand_drive,journey_purpose_of_driver_historic,journey_purpose_of_driver,sex_of_driver,age_of_driver,age_band_of_driver,engine_capacity_cc,propulsion_code,age_of_vehicle,generic_make_model,driver_imd_decile,lsoa_of_driver,escooter_flag,driver_distance_banding
2025201550563,2025,201550563,1,9,0,-1,19,8,4,-1,0,0,0,0,0,0,1,1,-1,6,1,40,7,-1,-1,-1,-1,-1,-1,0,-1
2025201550563,2025,201550563,2,9,0,-1,3,8,4,-1,0,0,0,0,0,0,2,1,-1,9,1,37,7,-1,-1,-1,-1,1,E01009585,0,1
2025201550581,2025,201550581,1,9,0,-1,2,0,0,-1,0,0,0,0,0,0,1,1,-1,6,1,47,8,-1,-1,-1,-1,2,E01009991,0,1
2025201550581,2025,201550581,2,11,0,-1,2,4,3,-1,0,0,0,0,0,0,2,1,-1,1,1,45,7,-1,-1,-1,-1,2,E01010529,0,3
2025201550604,2025,201550604,2,9,0,-1,3,7,3,-1,0,1,0,10,7,7,4,1,-1,9,2,56,9,-1,-1,-1,-1,-1,-1,0,-1
2025201550604,2025,201550604,1,9,0,-1,7,1,3,-1,0,1,0,0,0,0,1,1,-1,6,1,81,11,-1,-1,-1,-1,2,E01009906,0,1
2025201550631,2025,201550631,1,9,0,-1,19,7,3,-1,9,0,0,0,0,0,4,1,-1,6,3,-1,-1,-1,-1,-1,-1,-1,-1,0,-1
2025201550744,2025,201550744,1,9,0,-1,19,3,5,-1,0,0,0,0,0,0,1,1,-1,6,2,35,6,-1,-1,-1,-1,-1,-1,0,-1
2025201550744,2025,201550744,2,9,0,-1,3,3,5,-1,0,0,0,0,0,0,2,1,-1,9,1,38,7,-1,-1,-1,-1,1,E01034918,0,1
2025201550745,2025,201550745,1,19,0,-1,19,3,7,-1,0,0,0,0,0,0,1,9,-1,6,1,-1,-1,-1,-1,-1,-1,-1,-1,0,-1
2025201550745,2025,201550745,2,9,0,-1,3,3,7,-1,0,0,0,0,0,0,2,1,-1,6,2,51,8,-1,-1,-1,-1,6,E01033058,0,1
2025201550793,2025,201550793,2,9,0,-1,5,4,8,-1,0,0,0,0,0,0,3,1,-1,9,2,57,9,-1,-1,-1,-1,5,E01009283,0,1
2025201550793,2025,201550793,1,8,0,-1,5,8,4,-1,0,0,0,0,0,0,3,1,-1,6,1,-1,-1,-1,-1,-1,-1,-1,-1,0,-1
2025201550808,2025,201550808,1,9,0,-1,19,1,5,-1,0,8,0,0,0,0,4,1,-1,6,1,-1,-1,-1,-1,-1,-1,10,E01010169,0,1
2025201550808,2025,201550808,2,9,0,-1,19,7,3,-1,0,8,0,0,0,0,1,1,-1,6,1,31,6,-1,-1,-1,-1,10,E01032885,0,3
2025201550873,2025,201550873,2,9,0,-1,19,1,5,-1,0,8,0,0,0,0,3,9,-1,9,1,26,6,-1,-1,-1,-1,2,E01009992,0,1
2025201550873,2025,201550873,1,9,0,-1,11,1,5,-1,0,8,0,0,0,0,1,9,-1,6,2,50,8,-1,-1,-1,-1,-1,-1,0,-1
2025201550889,2025,201550889,2,9,0,-1,19,5,1,-1,0,5,0,0,0,0,4,1,-1,6,1,79,11,-1,-1,-1,-1,7,E01009915,0,1
2025201550889,2025,201550889,1,9,0,-1,20,7,3,-1,0,8,0,0,0,0,1,1,-1,6,1,22,5,-1,-1,-1,-1,5,E01009909,0,1
2025201550911,2025,201550911,2,9,0,-1,3,8,4,-1,0,1,0,0,0,0,2,1,-1,6,2,33,6,-1,-1,-1,-1,2,E01009014,0,1
2025201550911,2025,201550911,1,9,0,-1,19,8,3,-1,0,1,0,0,0,0,1,1,-1,6,3,25,5,-1,-1,-1,-1,-1,-1,0,-1
2025201550941,2025,201550941,3,9,0,-1,2,0,0,-1,0,1,0,0,0,0,1,1,-1,6,2,69,10,-1,-1,-1,-1,2,E01009455,0,1
2025201550941,2025,201550941,2,9,0,-1,19,1,5,-1,0,1,0,0,0,0,4,1,-1,6,2,34,6,-1,-1,-1,-1,1,E01009485,0,1
2025201550941,2025,201550941,1,9,0,-1,5,4,1,-1,0,1,0,0,0,0,4,1,-1,6,1,35,6,-1,-1,-1,-1,2,E01009405,0,1
2025201550988,2025,201550988,1,9,0,-1,19,4,8,-1,0,0,0,0,0,0,1,1,-1,6,2,51,8,-1,-1,-1,-1,1,E01009298,0,1
2025201550988,2025,201550988,2,9,0,-1,19,5,1,-1,0,0,0,0,0,0,1,9,-1,6,3,-1,-1,-1,-1,-1,-1,-1,-1,0,-1
2025201551073,2025,201551073,2,9,0,-1,15,7,4,-1,9,0,0,10,7,11,1,1,-1,6,-1,-1,-1,-1,-1,-1,-1,-1,-1,0,-1
2025201551073,2025,201551073,1,9,0,-1,19,7,4,-1,9,0,0,0,0,0,1,1,-1,6,-1,-1,-1,-1,-1,-1,-1,-1,-1,0,-1
2025201551094,2025,201551094,1,9,0,-1,19,4,8,-1,0,0,2,10,7,2,1,1,-1,9,1,18,4,-1,-1,-1,-1,1,E01033650,0,2
2025201551104,2025,201551104,1,9,0,-1,19,4,8,-1,0,0,1,10,1,0,1,1,-1,2,1,19,4,-1,-1,-1,-1,-1,-1,0,-1
2025201551121,2025,201551121,1,9,0,-1,10,1,7,-1,0,1,0,0,0,0,3,1,-1,9,2,26,6,-1,-1,-1,-1,8,E01010520,0,1
2025201551121,2025,201551121,2,19,0,-1,19,1,5,-1,0,8,0,0,0,0,4,1,-1,6,1,53,8,-1,-1,-1,-1,8,E01010515,0,1
2025201551142,2025,201551142,1,9,0,-1,9,6,4,-1,0,5,0,0,0,0,1,1,-1,9,2,29,6,-1,-1,-1,-1,1,E01009258,0,1
2025201551211,2025,201551211,1,9,0,-1,5,4,8,-1,0,0,0,0,0,0,1,1,-1,6,1,40,7,-1,-1,-1,-1,2,E01009273,0,1
2025201551211,2025,201551211,2,9,0,-1,19,4,8,-1,0,0,0,0,0,0,4,1,-1,6,2,39,7,-1,-1,-1,-1,1,E01008913,0,1
2025201551334,2025,201551334,1,9,0,-1,19,6,2,-1,0,6,0,0,0,0,1,1,-1,6,1,42,7,-1,-1,-1,-1,-1,-1,0,-1
2025201551334,2025,201551334,2,9,0,-1,19,1,5,-1,0,8,0,0,0,0,1,1,-1,6,1,54,8,-1,-1,-1,-1,3,E01008986,0,1
2025201551346,2025,201551346,1,9,0,-1,19,4,8,-1,0,8,0,0,0,0,1,1,-1,9,2,32,6,-1,-1,-1,-1,-1,-1,0,-1
2025201551346,2025,201551346,2,9,0,-1,19,2,8,-1,0,6,0,0,0,0,4,1,-1,2,1,45,7,-1,-1,-1,-1,6,E01009040,0,2
2025201551429,2025,201551429,1,9,0,-1,19,2,6,-1,0,0,1,4,0,0,3,1,-1,6,1,26,6,-1,-1,-1,-1,5,E01009279,0,1
2025201551429,2025,201551429,2,9,0,-1,5,2,6,-1,0,0,0,0,0,0,4,1,-1,9,1,54,8,-1,-1,-1,-1,6,E01009975,0,2
2025201551430,2025,201551430,2,9,0,-1,19,2,6,-1,0,8,0,0,0,0,1,1,-1,2,1,45,7,-1,-1,-1,-1,2,E01010406,0,2
2025201551430,2025,201551430,1,9,0,-1,9,6,4,-1,0,5,0,0,0,0,4,1,-1,7,1,17,4,-1,-1,-1,-1,6,E01010534,0,1
2025201551442,2025,201551442,1,9,0,-1,19,4,8,-1,0,0,0,0,0,0,1,9,-1,6,2,37,7,-1,-1,-1,-1,-1,-1,0,-1
2025201551443,2025,201551443,1,9,0,-1,19,7,3,-1,0,8,0,0,0,0,1,1,-1,9,1,68,10,-1,-1,-1,-1,2,E01009213,0,1
2025201551479,2025,201551479,2,9,0,-1,19,6,2,-1,0,8,0,4,0,0,1,1,-1,6,1,30,6,-1,-1,-1,-1,-1,-1,0,-1
2025201551479,2025,201551479,3,9,0,-1,2,0,0,-1,0,2,0,0,0,0,1,1,-1,6,-1,-1,-1,-1,-1,-1,-1,-1,-1,0,-1
2025201551479,2025,201551479,1,9,0,-1,9,6,4,-1,0,6,0,4,0,0,3,1,-1,6,2,68,10,-1,-1,-1,-1,1,E01009501,0,1
2025201551479,2025,201551479,4,9,0,-1,2,0,0,-1,0,2,0,0,0,0,4,1,-1,6,-1,-1,-1,-1,-1,-1,-1,-1,-1,0,-1
2025201551486,2025,201551486,1,9,0,-1,19,2,6,-1,0,2,0,0,0,0,1,1,-1,9,2,21,5,-1,-1,-1,-1,9,E01009900,0,2
2025201551536,2025,201551536,1,9,0,-1,5,4,8,-1,0,0,0,0,0,0,4,1,-1,6,1,50,8,-1,-1,-1,-1,-1,-1,0,-1
2025201551569,2025,201551569,1,9,0,-1,19,1,5,-1,0,0,0,0,0,0,1,1,-1,6,2,28,6,-1,-1,-1,-1,1,E01009404,0,2
2025201551569,2025,201551569,2,9,0,-1,19,5,1,-1,0,0,0,0,0,0,1,1,-1,6,3,-1,-1,-1,-1,-1,-1,-1,-1,0,-1
2025201551583,2025,201551583,2,1,0,-1,19,2,1,-1,0,8,0,0,0,0,2,1,-1,7,1,13,3,-1,-1,-1,-1,1,E01010286,0,1
2025201551583,2025,201551583,1,9,0,-1,7,1,4,-1,0,5,0,0,0,0,1,9,-1,6,3,-1,-1,-1,-1,-1,-1,-1,-1,0,-1
2025201551598,2025,201551598,1,9,0,-1,19,2,6,-1,0,0,0,0,0,0,4,1,-1,9,1,48,8,-1,-1,-1,-1,4,E01009065,0,1
2025201551602,2025,201551602,1,19,0,-1,19,2,6,-1,0,0,0,4,0,0,1,1,-1,1,1,41,7,-1,-1,-1,-1,9,E01009415,0,1
2025201551602,2025,201551602,2,9,0,-1,2,0,0,-1,0,0,0,0,0,0,3,1,-1,6,-1,-1,-1,-1,-1,-1,-1,-1,-1,0,-1
2025201551627,2025,201551627,1,9,0,-1,19,7,3,-1,0,0,0,0,0,0,1,9,-1,6,3,18,4,-1,-1,-1,-1,-1,-1,0,-1
2025201551636,2025,201551636,1,9,0,-1,5,4,8,-1,0,8,0,0,0,0,1,1,-1,6,1,75,10,-1,-1,-1,-1,9,E01009826,0,1
2025201551636,2025,201551636,2,9,0,-1,10,4,2,-1,0,1,0,0,0,0,3,1,-1,6,1,45,7,-1,-1,-1,-1,9,E01009829,0,1
2025201551639,2025,201551639,1,9,0,-1,11,8,4,-1,0,0,0,0,0,0,4,1,-1,6,1,27,6,-1,-1,-1,-1,1,E01010098,0,2
2025201551639,2025,201551639,2,9,0,-1,19,8,4,-1,0,0,0,0,0,0,3,1,-1,6,2,36,7,-1,-1,-1,-1,10,E01034327,0,4
2025201551650,2025,201551650,2,1,0,-1,19,5,1,-1,0,8,0,0,0,0,1,1,-1,6,1,30,6,-1,-1,-1,-1,-1,-1,0,-1
2025201551650,2025,201551650,1,9,0,-1,9,1,7,-1,0,5,0,0,0,0,4,1,-1,9,2,44,7,-1,-1,-1,-1,4,E01009276,0,1
2025201551657,2025,201551657,1,9,0,-1,6,7,7,-1,0,0,0,0,0,0,1,9,-1,6,3,40,7,-1,-1,-1,-1,-1,-1,0,-1
2025201551657,2025,201551657,2,9,0,-1,19,3,7,-1,0,0,0,0,0,0,1,9,-1,6,1,24,5,-1,-1,-1,-1,1,E01034925,0,1
2025201551669,2025,201551669,1,8,0,-1,5,6,2,-1,0,4,0,0,0,0,2,2,-1,6,1,-1,-1,-1,-1,-1,-1,-1,-1,0,-1
2025201551669,2025,201551669,2,-1,0,-1,4,7,1,-1,0,4,0,0,0,0,1,1,-1,6,1,33,6,-1,-1,-1,-1,1,E01009074,1,1
2025201551695,2025,201551695,1,9,0,-1,9,5,3,-1,0,6,5,5,0,0,3,1,-1,1,2,22,5,-1,-1,-1,-1,1,E01009483,0,2
2025201551699,2025,201551699,2,9,0,-1,19,4,8,-1,0,8,0,0,0,0,2,1,-1,1,1,53,8,-1,-1,-1,-1,4,E01009009,0,3
2025201551699,2025,201551699,1,9,0,-1,19,8,4,-1,0,8,0,0,0,0,1,9,-1,6,3,-1,-1,-1,-1,-1,-1,-1,-1,0,-1
2025201551756,2025,201551756,1,9,0,-1,19,3,6,-1,0,0,0,0,0,0,4,1,-1,2,2,42,7,-1,-1,-1,-1,5,E01009617,0,1
2025201551757,2025,201551757,1,19,0,-1,14,4,8,-1,0,1,0,0,0,0,4,1,-1,6,3,-1,-1,-1,-1,-1,-1,-1,-1,0,-1
2025201551770,2025,201551770,1,9,0,-1,19,5,1,-1,0,0,0,0,0,0,1,9,-1,6,1,20,4,-1,-1,-1,-1,-1,-1,0,-1
2025201551828,2025,201551828,1,9,0,-1,19,2,5,-1,0,0,0,0,0,0,1,1,-1,6,-1,-1,-1,-1,-1,-1,-1,-1,-1,0,-1
2025201551849,2025,201551849,1,9,0,-1,5,5,8,-1,0,0,0,0,0,0,1,1,-1,6,-1,-1,-1,-1,-1,-1,-1,-1,-1,0,-1
2025201551874,2025,201551874,2,9,0,-1,19,2,6,-1,0,0,0,0,0,0,1,1,-1,6,1,18,4,-1,-1,-1,-1,1,E01009097,0,2
2025201551874,2025,201551874,1,9,0,-1,19,6,2,-1,0,0,0,0,0,0,1,1,-1,6,1,22,5,-1,-1,-1,-1,3,E01009086,0,1
2025201551877,2025,201551877,2,9,0,-1,19,5,1,-1,0,2,0,0,0,0,4,1,-1,6,1,26,6,-1,-1,-1,-1,8,E01009472,0,3
2025201551877,2025,201551877,1,8,0,-1,19,5,1,-1,9,2,0,0,0,0,1,1,-1,1,1,37,7,-1,-1,-1,-1,1,E01009360,0,2
2025201551884,2025,201551884,1,9,0,-1,9,5,3,-1,0,5,0,0,0,0,1,1,-1,9,1,35,6,-1,-1,-1,-1,1,E01009488,0,1
2025201551889,2025,201551889,1,9,0,-1,4,1,3,-1,0,0,2,10,2,2,1,1,-1,9,1,54,8,-1,-1,-1,-1,5,E01010499,0,1
2025201551890,2025,201551890,1,9,0,-1,19,1,7,-1,0,0,0,0,0,0,1,1,-1,6,-1,-1,-1,-1,-1,-1,-1,-1,-1,0,-1
2025201551890,2025,201551890,2,1,0,-1,5,3,7,-1,0,0,0,0,0,0,1,1,-1,6,1,50,8,-1,-1,-1,-1,1,E01010129,0,2
2025201551892,2025,201551892,1,9,0,-1,19,5,1,-1,0,0,0,-1,0,0,1,9,-1,6,3,-1,-1,-1,-1,-1,-1,-1,-1,0,-1
2025201551914,2025,201551914,1,19,0,-1,19,4,8,-1,0,3,0,0,0,0,3,1,-1,6,-1,-1,-1,-1,-1,-1,-1,-1,-1,0,-1
2025201551924,2025,201551924,1,9,0,-1,14,6,2,-1,0,0,0,0,0,0,1,1,-1,9,1,34,6,-1,-1,-1,-1,7,E01010360,0,1
2025201551924,2025,201551924,3,8,0,-1,4,2,6,-1,0,0,0,0,0,0,3,1,-1,1,1,50,8,-1,-1,-1,-1,-1,-1,0,-1
2025201551924,2025,201551924,2,9,0,-1,4,6,2,-1,0,0,0,0,0,0,2,1,-1,9,1,33,6,-1,-1,-1,-1,-1,-1,0,-1
2025201551950,2025,201551950,1,9,0,-1,15,1,5,-1,0,8,0,0,0,0,1,1,-1,6,2,47,8,-1,-1,-1,-1,1,E01009173,0,1
2025201551989,2025,201551989,1,9,0,-1,7,1,3,-1,0,8,0,0,0,0,1,1,-1,6,1,40,7,-1,-1,-1,-1,-1,-1,0,-1
2025201551989,2025,201551989,2,9,0,-1,19,5,7,-1,0,8,0,0,0,0,3,1,-1,9,2,38,7,-1,-1,-1,-1,4,E01009863,0,3
2025201552022,2025,201552022,1,19,0,-1,19,2,6,-1,0,0,0,0,0,0,1,1,-1,6,1,-1,-1,-1,-1,-1,-1,3,E01008947,0,1
2025201552022,2025,201552022,2,9,0,-1,3,2,6,-1,0,0,0,0,0,0,2,1,-1,6,2,40,7,-1,-1,-1,-1,5,E01008975,0,1
2025201552028,2025,201552028,1,9,0,-1,19,1,5,-1,0,0,0,0,0,0,1,9,-1,6,1,-1,-1,-1,-1,-1,-1,-1,-1,0,-1
2025201552046,2025,201552046,2,9,0,-1,19,8,4,-1,0,0,0,0,0,0,2,1,-1,6,2,25,5,-1,-1,-1,-1,10,E01010202,0,1
2025201552046,2025,201552046,1,9,0,-1,19,8,4,-1,0,0,0,0,0,0,1,1,-1,6,1,24,5,-1,-1,-1,-1,-1,-1,0,-1
2025201552079,2025,201552079,1,9,0,-1,19,1,5,-1,0,0,0,0,0,0,1,1,-1,6,2,51,8,-1,-1,-1,-1,-1,-1,0,-1
2025201552081,2025,201552081,1,9,0,-1,19,3,7,-1,0,1,0,0,0,0,1,9,-1,6,1,86,11,-1,-1,-1,-1,8,E01009434,0,1
2025201552081,2025,201552081,2,9,0,-1,19,1,5,-1,0,2,0,0,0,0,4,9,-1,1,1,20,4,-1,-1,-1,-1,8,E01029847,0,3
2025201552127,2025,201552127,1,9,0,-1,9,4,2,-1,0,5,0,0,0,0,1,1,-1,6,1,30,6,-1,-1,-1,-1,1,E01009612,0,1
2025201552136,2025,201552136,1,9,0,-1,19,1,5,-1,0,8,0,0,0,0,1,1,-1,6,1,27,6,-1,-1,-1,-1,2,E01010084,0,2
2025201552136,2025,201552136,2,9,0,-1,19,5,1,-1,0,1,0,0,0,0,1,1,-1,9,1,39,7,-1,-1,-1,-1,1,E01009024,0,2
2025201552145,2025,201552145,1,9,0,-1,7,1,3,-1,9,6,1,10,7,11,3,1,-1,8,1,34,6,-1,-1,-1,-1,4,E01009234,0,3
2025201552145,2025,201552145,2,9,0,-1,7,5,4,-1,9,2,1,10,7,11,3,1,-1,6,-1,-1,-1,-1,-1,-1,-1,-1,-1,0,-1
2025201552153,2025,201552153,2,9,0,-1,9,2,8,-1,0,5,0,0,0,0,1,1,-1,9,1,33,6,-1,-1,-1,-1,3,E01010491,0,2
2025201552153,2025,201552153,1,9,0,-1,19,6,2,-1,0,8,0,0,0,0,3,1,-1,9,1,31,6,-1,-1,-1,-1,5,E01010432,0,1
2025201552166,2025,201552166,1,9,0,-1,19,2,1,-1,0,2,0,0,0,0,1,1,-1,1,2,31,6,-1,-1,-1,-1,6,E01009286,0,2
2025201552171,2025,201552171,1,9,0,-1,19,4,8,-1,0,0,1,4,0,0,3,1,-1,6,-1,-1,-1,-1,-1,-1,-1,-1,-1,0,-1
2025201552171,2025,201552171,3,9,0,-1,2,0,0,-1,0,0,0,0,0,0,3,1,-1,6,-1,-1,-1,-1,-1,-1,-1,-1,-1,0,-1
2025201552171,2025,201552171,2,8,0,-1,19,0,0,-1,0,0,0,4,0,0,3,1,-1,9,1,47,8,-1,-1,-1,-1,2,E01009022,0,2
2025201552196,2025,201552196,1,9,0,-1,7,1,4,-1,0,3,0,0,0,0,1,9,-1,6,3,-1,-1,-1,-1,-1,-1,-1,-1,0,-1
2025201552246,2025,201552246,1,8,0,-1,19,5,6,-1,0,0,0,0,0,0,1,1,-1,1,1,42,7,-1,-1,-1,-1,2,E01010430,0,1
2025201552280,2025,201552280,1,9,0,-1,19,1,5,-1,0,0,0,0,0,0,1,1,-1,6,1,-1,-1,-1,-1,-1,-1,-1,-1,0,-1
2025201552280,2025,201552280,2,9,0,-1,19,5,1,-1,0,0,0,0,0,0,1,1,-1,6,1,30,6,-1,-1,-1,-1,1,E01009322,0,2
2025201552286,2025,201552286,2,9,0,-1,19,1,5,-1,0,8,0,0,0,0,4,1,-1,6,2,25,5,-1,-1,-1,-1,4,E01009035,0,1
2025201552286,2025,201552286,1,9,0,-1,19,3,7,-1,0,8,0,0,0,0,1,1,-1,6,1,34,6,-1,-1,-1,-1,5,E01009032,0,1
2025201552304,2025,201552304,1,9,0,-1,19,1,1,-1,0,1,0,0,0,0,1,2,-1,6,-1,-1,-1,-1,-1,-1,-1,-1,-1,0,-1
2025201552339,2025,201552339,2,9,0,-1,19,4,8,-1,0,1,0,0,0,0,2,1,-1,6,1,29,6,-1,-1,-1,-1,1,E01009128,0,2
2025201552339,2025,201552339,1,3,0,-1,19,4,8,-1,0,1,0,0,0,0,1,1,-1,6,1,28,6,-1,-1,-1,-1,-1,-1,0,-1
2025201552400,2025,201552400,1,9,0,-1,1,6,4,-1,0,1,0,0,0,0,2,9,-1,6,1,-1,-1,-1,-1,-1,-1,-1,-1,0,-1
2025201552400,2025,201552400,2,9,0,-1,8,4,6,-1,0,1,0,0,1,0,1,1,-1,1,1,48,8,-1,-1,-1,-1,4,E01009234,0,3
2025201552405,2025,201552405,1,9,0,-1,1,2,6,-1,0,1,0,4,0,0,2,1,-1,6,1,-1,-1,-1,-1,-1,-1,-1,-1,0,-1
2025201552405,2025,201552405,2,9,0,-1,3,4,5,-1,0,1,0,0,0,0,1,1,-1,8,1,43,7,-1,-1,-1,-1,-1,-1,0,-1
2025201552408,2025,201552408,1,9,0,-1,9,5,3,-1,0,5,0,0,0,0,1,1,-1,9,2,30,6,-1,-1,-1,-1,2,E01010381,0,1
2025201552408,2025,201552408,2,3,0,-1,19,1,5,-1,0,8,2,0,0,0,3,1,-1,6,1,17,4,-1,-1,-1,-1,2,E01010567,0,1
2025201552456,2025,201552456,1,9,0,-1,9,5,4,-1,0,5,0,0,0,0,3,1,-1,2,1,68,10,-1,-1,-1,-1,5,E01008951,0,1
2025201552456,2025,201552456,2,97,0,-1,19,6,2,-1,0,2,0,0,0,0,1,1,-1,2,1,25,5,-1,-1,-1,-1,1,E01009498,0,1
2025201552487,2025,201552487,2,9,0,-1,19,5,1,-1,0,1,0,0,0,0,4,1,-1,2,2,29,6,-1,-1,-1,-1,4,E01032534,0,2
2025201552487,2025,201552487,1,9,0,-1,9,7,4,-1,0,6,0,0,0,0,1,1,-1,2,2,28,6,-1,-1,-1,-1,3,E01031053,0,2
2025201552507,2025,201552507,1,9,0,-1,19,1,2,-1,0,0,0,10,1,0,1,1,-1,6,1,20,4,-1,-1,-1,-1,1,E01009475,0,1
2025201552507,2025,201552507,2,1,0,-1,19,6,2,-1,0,0,0,0,0,0,2,1,-1,6,1,25,5,-1,-1,-1,-1,2,E01009022,0,1
2025201552524,2025,201552524,2,9,0,-1,19,5,1,-1,0,0,0,0,0,0,4,9,-1,6,1,22,5,-1,-1,-1,-1,8,E01010225,0,1
2025201552524,2025,201552524,1,9,0,-1,5,7,5,-1,0,0,0,0,0,0,1,9,-1,6,1,40,7,-1,-1,-1,-1,-1,-1,0,-1
2025201552541,2025,201552541,2,9,0,-1,19,4,8,-1,0,1,0,0,0,0,4,1,-1,9,2,45,7,-1,-1,-1,-1,3,E01009928,0,1
2025201552541,2025,201552541,1,9,0,-1,6,1,1,-1,0,1,0,0,0,0,1,1,-1,1,2,23,5,-1,-1,-1,-1,1,E01010031,0,2
2025201552566,2025,201552566,1,9,0,-1,19,1,5,-1,0,0,0,0,0,0,1,9,-1,6,3,-1,-1,-1,-1,-1,-1,-1,-1,0,-1
2025201552579,2025,201552579,2,9,0,-1,19,1,1,-1,0,4,0,0,0,0,3,9,-1,6,1,45,7,-1,-1,-1,-1,2,E01034955,0,1
2025201552579,2025,201552579,1,9,0,-1,19,1,1,-1,0,4,0,0,0,0,1,9,-1,6,1,55,8,-1,-1,-1,-1,3,E01010105,0,2
2025201552628,2025,201552628,1,9,0,-1,9,2,6,-1,0,1,0,0,0,0,1,1,-1,9,1,37,7,-1,-1,-1,-1,2,E01034952,0,1
2025201552628,2025,201552628,2,9,0,-1,19,7,3,-1,0,1,0,0,0,0,1,1,-1,9,2,49,8,-1,-1,-1,-1,2,E01009014,0,1
2025201552646,2025,201552646,2,2,0,-1,5,5,1,-1,0,0,0,0,0,0,2,1,-1,1,1,39,7,-1,-1,-1,-1,1,E01010532,0,1
2025201552646,2025,201552646,1,19,0,-1,5,5,1,-1,0,0,0,0,0,0,1,1,-1,1,1,68,10,-1,-1,-1,-1,4,E01027625,0,5
2025201552683,2025,201552683,1,9,0,-1,19,3,7,-1,0,0,0,0,0,0,1,1,-1,6,3,25,5,-1,-1,-1,-1,-1,-1,0,-1
2025201552789,2025,201552789,1,9,0,-1,19,1,5,-1,0,8,0,0,0,0,1,1,-1,6,2,71,10,-1,-1,-1,-1,2,E01009932,0,1
2025201552789,2025,201552789,2,9,0,-1,19,1,4,-1,0,3,0,0,0,0,2,1,-1,6,2,48,8,-1,-1,-1,-1,1,E01009978,0,1
2025201552814,2025,201552814,1,21,0,-1,19,2,6,-1,0,0,0,0,0,0,1,1,-1,6,1,42,7,-1,-1,-1,-1,1,E01027239,0,4
2025201552814,2025,201552814,2,9,0,-1,19,2,6,-1,0,0,0,0,0,0,2,1,-1,6,2,33,6,-1,-1,-1,-1,5,E01019649,0,4
2025201552840,2025,201552840,1,9,0,-1,19,7,3,-1,0,6,0,0,0,0,1,1,-1,6,1,46,8,-1,-1,-1,-1,4,E01009030,0,2
2025201552840,2025,201552840,2,1,0,-1,19,5,1,-1,0,8,0,0,0,0,1,1,-1,6,1,67,10,-1,-1,-1,-1,5,E01008982,0,1
2025201552879,2025,201552879,1,9,0,-1,19,6,2,-1,0,0,0,0,0,0,1,9,-1,6,1,33,6,-1,-1,-1,-1,8,E01010514,0,4
2025201552879,2025,201552879,2,9,0,-1,19,2,6,-1,0,0,0,0,0,0,1,9,-1,2,2,45,7,-1,-1,-1,-1,5,E01009590,0,1
2025201552884,2025,201552884,1,11,0,-1,3,1,2,-1,0,0,0,0,1,0,1,1,-1,1,1,69,10,-1,-1,-1,-1,2,E01010446,0,1
2025201552894,2025,201552894,1,9,0,-1,19,1,4,-1,0,0,0,0,0,0,1,1,-1,6,1,18,4,-1,-1,-1,-1,3,E01009112,0,2
2025201552894,2025,201552894,2,9,0,-1,8,1,4,-1,0,0,0,0,0,0,2,1,-1,9,1,55,8,-1,-1,-1,-1,10,E01022315,0,4
2025201552924,2025,201552924,2,9,0,-1,19,8,4,-1,0,6,0,0,0,0,2,1,-1,6,2,36,7,-1,-1,-1,-1,7,E01009474,0,1
2025201552924,2025,201552924,1,9,0,-1,19,6,2,-1,0,8,0,0,0,0,1,1,-1,2,1,31,6,-1,-1,-1,-1,7,E01032901,0,3
2025201552965,2025,201552965,1,9,0,-1,7,2,4,-1,0,5,0,0,0,0,1,1,-1,2,1,37,7,-1,-1,-1,-1,2,E01009740,0,1
2025201552977,2025,201552977,1,9,0,-1,19,3,7,-1,0,0,0,0,0,0,1,9,-1,6,1,40,7,-1,-1,-1,-1,-1,-1,0,-1
2025201553000,2025,201553000,1,9,0,-1,19,1,1,-1,0,0,0,0,0,0,1,9,-1,6,1,35,6,-1,-1,-1,-1,-1,-1,0,-1
2025201553021,2025,201553021,2,9,0,-1,19,4,8,-1,0,0,0,0,0,0,3,1,-1,6,2,42,7,-1,-1,-1,-1,3,E01009119,0,1
2025201553021,2025,201553021,1,19,0,-1,15,8,4,-1,0,0,0,0,0,0,3,9,-1,6,1,-1,-1,-1,-1,-1,-1,-1,-1,0,-1
2025201553043,2025,201553043,1,23,0,-1,19,3,5,-1,0,8,0,0,0,0,4,1,-1,6,1,44,7,-1,-1,-1,-1,3,E01010444,0,1
2025201553043,2025,201553043,2,9,0,-1,7,5,7,-1,0,6,0,0,0,0,4,1,-1,2,1,39,7,-1,-1,-1,-1,10,E01029628,0,2
2025201553049,2025,201553049,1,9,0,-1,7,1,2,-1,0,6,0,0,0,0,1,1,-1,6,1,58,9,-1,-1,-1,-1,1,E01009110,0,1
2025201553049,2025,201553049,2,9,0,-1,19,7,3,-1,0,8,0,0,0,0,4,1,-1,6,2,55,8,-1,-1,-1,-1,4,E01009169,0,1
2025201553071,2025,201553071,1,9,0,-1,12,7,3,-1,0,0,0,0,0,0,3,1,-1,6,1,55,8,-1,-1,-1,-1,1,E01009358,0,1
2025201553071,2025,201553071,2,5,0,-1,13,7,3,-1,0,0,0,0,0,0,1,1,-1,6,1,43,7,-1,-1,-1,-1,8,E01034106,0,3
2025201553087,2025,201553087,1,9,0,-1,19,7,3,-1,0,0,0,0,0,0,1,1,-1,6,1,-1,-1,-1,-1,-1,-1,-1,-1,0,-1