collision_index,collision_year,collision_ref_no,vehicle_reference,vehicle_type,towing_and_articulation,vehicle_manoeuvre_historic,vehicle_manoeuvre,vehicle_direction_from,vehicle_direction_to,vehicle_location_restricted_lane_historic,vehicle_location_restricted_lane,junction_location,skidding_and_overturning,hit_object_in_carriageway,vehicle_leaving_carriageway,hit_object_off_carriageway,first_point_of_impact,vehicle_left_hand_drive,journey_purpose_of_driver_historic,journey_purpose_of_driver,sex_of_driver,age_of_driver,age_band_of_driver,engine_capacity_cc,propulsion_code,age_of_vehicle,generic_make_model,driver_imd_decile,lsoa_of_driver,escooter_flag,driver_distance_banding
2025201553124,2025,201553124,1,9,0,-1,19,4,8,-1,0,6,0,0,0,0,4,1,-1,1,1,59,9,-1,-1,-1,-1,1,E01009987,0,1
2025201553156,2025,201553156,2,11,0,-1,3,6,2,-1,0,0,0,0,0,0,3,9,-1,6,1,30,6,-1,-1,-1,-1,-1,-1,0,-1
2025201553156,2025,201553156,1,8,0,-1,12,6,4,-1,0,0,0,0,0,0,4,1,-1,1,1,24,5,-1,-1,-1,-1,2,E01010019,0,2
2025201553228,2025,201553228,2,9,0,-1,19,4,8,-1,0,1,0,0,0,0,1,1,-1,6,1,20,4,-1,-1,-1,-1,2,E01009783,0,1
2025201553228,2025,201553228,1,9,0,-1,19,4,8,-1,0,1,0,0,0,0,3,1,-1,6,1,33,6,-1,-1,-1,-1,3,E01010083,0,1
2025201553231,2025,201553231,2,9,0,-1,19,8,4,-1,0,1,0,0,6,4,1,1,-1,6,1,25,5,-1,-1,-1,-1,-1,-1,0,-1
2025201553231,2025,201553231,1,9,0,-1,5,2,6,-1,0,6,0,0,6,4,3,1,-1,6,1,56,9,-1,-1,-1,-1,4,E01009035,0,1
2025201553240,2025,201553240,1,9,0,-1,7,2,5,-1,0,8,0,7,3,2,1,1,-1,6,1,51,8,-1,-1,-1,-1,4,E01010254,0,2
2025201553275,2025,201553275,2,1,0,-1,19,8,4,-1,0,0,0,0,0,0,1,1,-1,6,1,51,8,-1,-1,-1,-1,10,E01009436,0,1
2025201553275,2025,201553275,1,19,0,-1,6,5,5,-1,0,0,0,0,0,0,1,1,-1,2,1,30,6,-1,-1,-1,-1,5,E01009279,0,2
2025201553315,2025,201553315,2,9,0,-1,7,6,8,-1,0,1,0,0,0,0,0,9,-1,6,3,20,4,-1,-1,-1,-1,-1,-1,0,-1
2025201553315,2025,201553315,1,9,0,-1,19,6,2,-1,0,7,0,10,1,1,4,1,-1,2,1,35,6,-1,-1,-1,-1,4,E01033617,0,1
2025201553320,2025,201553320,1,9,0,-1,19,1,5,-1,0,0,0,0,0,0,4,9,-1,7,2,39,7,-1,-1,-1,-1,5,E01009796,0,1
2025201553357,2025,201553357,1,9,0,-1,19,8,4,-1,0,1,0,0,0,0,0,1,-1,6,1,53,8,-1,-1,-1,-1,6,E01010114,0,2
2025201553374,2025,201553374,1,9,0,-1,2,0,0,-1,0,0,0,0,0,0,3,1,-1,6,1,55,8,-1,-1,-1,-1,-1,-1,0,-1
2025201553374,2025,201553374,2,9,0,-1,19,3,7,-1,0,0,0,8,0,0,4,1,-1,6,1,48,8,-1,-1,-1,-1,7,E01029476,0,3
2025201553391,2025,201553391,1,8,0,-1,19,4,8,-1,0,0,0,0,0,0,1,9,-1,6,1,66,10,-1,-1,-1,-1,7,E01009976,0,3
2025201553425,2025,201553425,2,9,0,-1,20,6,2,-1,0,0,1,10,1,0,2,1,-1,6,2,23,5,-1,-1,-1,-1,6,E01009548,0,3
2025201553425,2025,201553425,1,9,0,-1,20,6,2,-1,0,0,0,0,0,0,1,1,-1,6,1,31,6,-1,-1,-1,-1,-1,-1,0,-1
2025201553441,2025,201553441,2,9,0,-1,19,1,5,-1,0,8,0,0,0,0,3,1,-1,6,1,29,6,-1,-1,-1,-1,1,E01008941,0,1
2025201553441,2025,201553441,1,9,0,-1,9,7,3,-1,0,6,0,0,0,0,1,1,-1,6,1,30,6,-1,-1,-1,-1,-1,-1,0,-1
2025201553517,2025,201553517,1,9,0,-1,19,6,2,-1,0,0,0,0,0,0,1,1,-1,6,1,48,8,-1,-1,-1,-1,4,E01009065,0,1
2025201553559,2025,201553559,1,9,0,-1,9,6,4,-1,0,1,0,0,0,0,1,9,-1,6,3,51,8,-1,-1,-1,-1,-1,-1,0,-1
2025201553560,2025,201553560,1,9,0,-1,19,4,8,-1,0,0,0,10,2,3,1,1,-1,9,2,27,6,-1,-1,-1,-1,1,E01033894,0,2
2025201553590,2025,201553590,2,9,0,-1,2,0,0,-1,0,0,0,0,0,0,3,1,-1,6,-1,-1,-1,-1,-1,-1,-1,-1,-1,0,-1
2025201553590,2025,201553590,3,9,0,-1,19,4,8,-1,0,0,0,0,0,0,2,1,-1,6,1,-1,-1,-1,-1,-1,-1,-1,-1,0,-1
2025201553590,2025,201553590,4,9,0,-1,19,4,8,-1,0,0,0,0,0,0,2,1,-1,6,1,-1,-1,-1,-1,-1,-1,-1,-1,0,-1
2025201553590,2025,201553590,5,9,0,-1,19,4,8,-1,0,0,0,0,0,0,2,1,-1,6,1,-1,-1,-1,-1,-1,-1,-1,-1,0,-1
2025201553590,2025,201553590,1,9,0,-1,19,4,8,-1,0,0,0,0,0,0,1,1,-1,6,1,18,4,-1,-1,-1,-1,2,E01009487,0,1
2025201553601,2025,201553601,2,9,0,-1,19,7,3,-1,0,0,0,0,0,0,1,1,-1,6,2,27,6,-1,-1,-1,-1,9,E01025876,0,4
2025201553601,2025,201553601,3,9,0,-1,19,7,3,-1,0,0,0,0,0,0,1,1,-1,6,2,32,6,-1,-1,-1,-1,6,E01019651,0,4
2025201553601,2025,201553601,1,9,0,-1,19,7,3,-1,0,0,0,0,0,0,2,1,-1,6,2,26,6,-1,-1,-1,-1,8,E01019616,0,4
2025201553693,2025,201553693,2,19,0,-1,19,5,1,-1,0,8,0,0,0,0,1,1,-1,6,1,36,7,-1,-1,-1,-1,8,E01029493,0,3
2025201553693,2025,201553693,1,9,0,-1,19,5,1,-1,0,8,0,0,0,0,1,1,-1,6,1,60,9,-1,-1,-1,-1,10,E01010387,0,1
2025201553731,2025,201553731,2,9,0,-1,4,2,6,-1,0,8,0,0,0,0,3,1,-1,6,1,35,6,-1,-1,-1,-1,9,E01016611,0,5
2025201553731,2025,201553731,3,9,0,-1,4,2,6,-1,0,6,0,0,0,0,0,1,-1,8,1,31,6,-1,-1,-1,-1,-1,-1,0,-1
2025201553731,2025,201553731,1,9,0,-1,13,2,6,-1,0,8,0,0,0,0,4,9,-1,6,1,35,6,-1,-1,-1,-1,-1,-1,0,-1
2025201553762,2025,201553762,1,3,0,-1,19,7,3,-1,0,8,1,0,0,0,1,1,-1,6,1,30,6,-1,-1,-1,-1,-1,-1,0,-1
2025201553762,2025,201553762,2,9,0,-1,3,7,3,-1,0,8,0,0,0,0,2,1,-1,9,1,19,4,-1,-1,-1,-1,2,E01009481,0,1
2025201553769,2025,201553769,1,9,0,-1,19,6,2,-1,9,0,0,0,0,0,1,1,-1,6,-1,-1,-1,-1,-1,-1,-1,-1,-1,0,-1
2025201553790,2025,201553790,1,9,0,-1,9,7,4,-1,0,6,0,0,0,0,1,1,-1,6,1,-1,-1,-1,-1,-1,-1,8,E01010437,0,1
2025201553790,2025,201553790,2,1,0,-1,19,4,8,-1,0,8,2,0,0,0,2,1,-1,6,1,40,7,-1,-1,-1,-1,2,E01010560,0,1
2025201553911,2025,201553911,1,9,0,-1,19,7,3,-1,0,8,0,0,1,2,1,1,-1,6,1,45,7,-1,-1,-1,-1,1,E01009275,0,1
2025201553911,2025,201553911,2,9,0,-1,9,3,1,-1,0,8,0,0,0,0,1,1,-1,9,1,25,5,-1,-1,-1,-1,1,E01009134,0,1
2025201553941,2025,201553941,1,9,0,-1,5,4,6,-1,0,0,0,0,0,0,4,1,-1,6,1,72,10,-1,-1,-1,-1,10,E01010156,0,2
2025201553968,2025,201553968,3,9,0,-1,19,1,5,-1,0,1,0,0,0,0,0,1,-1,6,1,31,6,-1,-1,-1,-1,2,E01010077,0,1
2025201553968,2025,201553968,1,9,0,-1,9,3,1,-1,0,6,0,0,0,0,1,1,-1,6,2,38,7,-1,-1,-1,-1,5,E01009936,0,1
2025201553968,2025,201553968,2,5,0,-1,19,1,5,-1,0,1,0,0,0,0,1,1,-1,6,1,38,7,-1,-1,-1,-1,1,E01009957,0,1
2025201553980,2025,201553980,1,8,0,-1,19,5,1,-1,0,1,0,0,0,0,3,1,-1,1,1,67,10,-1,-1,-1,-1,6,E01029826,0,4
2025201554066,2025,201554066,1,9,0,-1,19,4,8,-1,0,0,0,0,0,0,1,1,-1,6,1,67,10,-1,-1,-1,-1,3,E01010512,0,1
2025201554089,2025,201554089,1,9,0,-1,19,8,4,-1,0,0,0,0,0,0,4,1,-1,9,1,38,7,-1,-1,-1,-1,1,E01009136,0,3
2025201554277,2025,201554277,2,9,0,-1,10,5,1,-1,0,0,0,0,0,0,2,9,-1,1,2,27,6,-1,-1,-1,-1,2,E01009407,0,2
2025201554277,2025,201554277,1,9,0,-1,19,5,1,-1,0,0,0,0,0,0,1,9,-1,6,3,35,6,-1,-1,-1,-1,-1,-1,0,-1
2025201554375,2025,201554375,2,9,0,-1,9,7,5,-1,0,5,0,0,0,0,4,1,-1,1,1,48,8,-1,-1,-1,-1,5,E01009764,0,3
2025201554375,2025,201554375,1,9,0,-1,19,1,5,-1,0,8,0,0,0,0,1,1,-1,6,1,68,10,-1,-1,-1,-1,9,E01010241,0,2
2025201554399,2025,201554399,1,9,0,-1,19,1,1,-1,0,8,0,0,0,0,1,9,-1,6,2,35,6,-1,-1,-1,-1,2,E01009487,0,1
2025201554399,2025,201554399,2,9,0,-1,19,1,1,-1,0,6,0,0,0,0,4,9,-1,6,2,36,7,-1,-1,-1,-1,1,E01009488,0,1
2025201554465,2025,201554465,1,9,0,-1,9,5,3,-1,0,5,0,0,0,0,1,9,-1,6,3,20,4,-1,-1,-1,-1,-1,-1,0,-1
2025201554485,2025,201554485,1,9,0,-1,19,6,2,-1,0,0,0,10,2,4,1,1,-1,6,1,53,8,-1,-1,-1,-1,-1,-1,0,-1
2025201554524,2025,201554524,2,9,0,-1,19,4,8,-1,0,2,1,0,0,0,1,1,-1,9,2,31,6,-1,-1,-1,-1,1,E01010017,0,1
2025201554524,2025,201554524,1,9,0,-1,6,4,4,-1,0,1,0,0,0,0,1,1,-1,9,1,39,7,-1,-1,-1,-1,7,E01031041,0,3
2025201554564,2025,201554564,2,9,0,-1,9,3,4,-1,0,0,0,0,0,0,1,1,-1,6,1,25,5,-1,-1,-1,-1,-1,-1,0,-1
2025201554564,2025,201554564,1,9,0,-1,13,3,7,-1,0,0,0,0,1,0,0,1,-1,6,1,40,7,-1,-1,-1,-1,-1,-1,0,-1
2025201554580,2025,201554580,1,9,0,-1,19,3,7,-1,0,8,0,0,0,0,1,1,-1,6,2,39,7,-1,-1,-1,-1,10,E01010385,0,2
2025201554580,2025,201554580,2,9,0,-1,5,7,5,-1,0,8,0,0,0,0,4,1,-1,6,1,39,7,-1,-1,-1,-1,1,E01010269,0,1
2025201554657,2025,201554657,1,9,0,-1,9,3,1,-1,0,6,0,0,0,0,3,1,-1,6,1,-1,-1,-1,-1,-1,-1,9,E01032171,0,2
2025201554657,2025,201554657,2,3,0,-1,19,1,5,-1,0,8,0,0,0,0,1,1,-1,6,1,21,5,-1,-1,-1,-1,2,E01009282,0,1
2025201554672,2025,201554672,2,9,0,-1,19,2,6,-1,0,6,0,0,0,0,1,9,-1,6,1,30,6,-1,-1,-1,-1,-1,-1,0,-1
2025201554672,2025,201554672,1,1,0,-1,19,4,2,-1,0,8,0,0,0,0,1,1,-1,1,1,21,5,-1,-1,-1,-1,2,E01034954,0,2
2025201554766,2025,201554766,1,19,0,-1,19,8,4,-1,0,0,0,0,0,0,1,1,-1,2,1,29,6,-1,-1,-1,-1,2,E01009891,0,1
2025201554817,2025,201554817,1,9,0,-1,19,5,1,-1,0,0,2,7,7,0,1,1,-1,6,-1,30,6,-1,-1,-1,-1,-1,-1,0,-1
2025201554867,2025,201554867,1,9,0,-1,19,1,5,-1,0,0,0,0,0,0,1,2,-1,9,1,26,6,-1,-1,-1,-1,-1,-1,0,-1
2025201554875,2025,201554875,1,9,0,-1,4,2,7,-1,0,1,0,0,0,0,2,1,-1,6,1,30,6,-1,-1,-1,-1,-1,-1,0,-1
2025201554875,2025,201554875,2,9,0,-1,19,2,6,-1,0,1,0,0,0,0,1,1,-1,8,1,29,6,-1,-1,-1,-1,-1,-1,0,-1
2025201554876,2025,201554876,2,9,0,-1,19,2,6,-1,0,4,0,0,0,0,1,9,-1,6,3,20,4,-1,-1,-1,-1,-1,-1,0,-1
2025201554876,2025,201554876,1,1,0,-1,19,6,2,-1,0,3,0,0,0,0,4,1,-1,6,1,23,5,-1,-1,-1,-1,2,E01008946,0,2
2025201554895,2025,201554895,1,9,0,-1,19,8,4,-1,0,0,0,0,0,0,1,1,-1,9,1,37,7,-1,-1,-1,-1,-1,-1,0,-1
2025201554918,2025,201554918,2,1,0,-1,19,6,2,-1,0,0,0,0,0,0,1,1,-1,6,1,24,5,-1,-1,-1,-1,1,E01009514,0,1
2025201554918,2025,201554918,1,9,0,-1,19,4,8,-1,0,0,0,0,0,0,1,1,-1,6,1,53,8,-1,-1,-1,-1,1,E01009322,0,1
2025201554949,2025,201554949,3,9,0,-1,19,2,6,-1,0,8,0,0,0,0,0,1,-1,1,1,30,6,-1,-1,-1,-1,1,E01010292,0,1
2025201554949,2025,201554949,2,9,0,-1,10,8,6,-1,0,8,0,0,0,0,4,1,-1,9,1,22,5,-1,-1,-1,-1,2,E01010268,0,1
2025201554949,2025,201554949,1,9,0,-1,3,2,6,-1,0,8,0,0,0,0,1,1,-1,6,-1,-1,-1,-1,-1,-1,-1,-1,-1,0,-1
2025201555021,2025,201555021,1,9,0,-1,19,6,2,-1,0,1,0,0,0,0,3,1,-1,6,1,44,7,-1,-1,-1,-1,2,E01010051,0,1
2025201555021,2025,201555021,2,9,0,-1,2,0,0,-1,0,1,0,0,0,0,3,1,-1,6,1,34,6,-1,-1,-1,-1,2,E01010051,0,1
2025201555108,2025,201555108,1,9,0,-1,7,4,3,-1,0,5,0,0,0,0,1,1,-1,6,2,40,7,-1,-1,-1,-1,-1,-1,0,-1
2025201555128,2025,201555128,2,1,0,-1,19,2,6,-1,0,3,5,0,0,0,4,1,-1,6,2,63,9,-1,-1,-1,-1,-1,-1,0,-1
2025201555128,2025,201555128,1,9,0,-1,7,4,6,-1,0,4,0,0,0,0,3,1,-1,6,3,50,8,-1,-1,-1,-1,-1,-1,0,-1
2025201555137,2025,201555137,2,9,3,-1,3,6,2,-1,0,0,0,0,0,0,2,1,-1,9,1,67,10,-1,-1,-1,-1,10,E01029839,0,3
2025201555137,2025,201555137,1,9,0,-1,19,6,2,-1,0,0,0,0,0,0,1,9,-1,6,1,-1,-1,-1,-1,-1,-1,-1,-1,0,-1
2025201555146,2025,201555146,3,9,0,-1,4,5,1,-1,0,1,0,0,0,0,2,1,-1,6,1,30,6,-1,-1,-1,-1,1,E01010129,0,1
2025201555146,2025,201555146,1,9,0,-1,12,1,5,-1,0,1,0,0,0,0,0,9,-1,6,3,-1,-1,-1,-1,-1,-1,-1,-1,0,-1
2025201555146,2025,201555146,2,9,0,-1,4,5,1,-1,0,2,0,0,0,0,1,1,-1,6,1,64,9,-1,-1,-1,-1,7,E01009439,0,2
2025201555217,2025,201555217,1,9,0,-1,15,5,1,-1,0,0,0,0,0,0,4,1,-1,2,1,34,6,-1,-1,-1,-1,4,E01032537,0,1
2025201555317,2025,201555317,2,9,0,-1,2,5,1,-1,0,1,0,0,0,0,1,1,-1,6,1,40,7,-1,-1,-1,-1,-1,-1,0,-1
2025201555317,2025,201555317,3,90,0,-1,3,1,5,-1,0,1,0,0,0,0,3,1,-1,1,1,35,6,-1,-1,-1,-1,-1,-1,0,-1
2025201555317,2025,201555317,1,3,0,-1,14,1,5,-1,0,1,0,0,0,0,1,1,-1,6,1,16,4,-1,-1,-1,-1,-1,-1,0,-1
2025201555328,2025,201555328,1,8,0,-1,19,1,2,-1,0,0,0,0,0,0,1,1,-1,9,1,47,8,-1,-1,-1,-1,1,E01009360,0,1
2025201555328,2025,201555328,2,19,0,-1,19,7,8,-1,0,0,0,0,0,0,1,1,-1,6,3,16,4,-1,-1,-1,-1,-1,-1,0,-1
2025201555354,2025,201555354,2,9,0,-1,19,2,6,-1,0,0,0,0,0,0,2,1,-1,6,2,53,8,-1,-1,-1,-1,4,E01008971,0,2
2025201555354,2025,201555354,1,9,0,-1,19,6,2,-1,0,0,0,0,0,0,1,1,-1,6,2,26,6,-1,-1,-1,-1,1,E01034933,0,1
2025201555356,2025,201555356,2,3,0,-1,2,0,0,-1,0,1,0,0,0,0,1,1,-1,6,1,25,5,-1,-1,-1,-1,1,E01009952,0,1
2025201555356,2025,201555356,1,9,0,-1,19,6,2,-1,0,8,0,0,0,0,1,1,-1,6,2,39,7,-1,-1,-1,-1,1,E01009957,0,1
2025201555371,2025,201555371,1,9,0,-1,19,1,5,-1,0,0,0,0,0,0,1,1,-1,2,2,57,9,-1,-1,-1,-1,-1,-1,0,-1
2025201555380,2025,201555380,1,9,0,-1,19,4,8,-1,0,0,1,10,7,3,1,1,-1,2,1,22,5,-1,-1,-1,-1,9,E01031254,0,1
2025201555443,2025,201555443,3,9,0,-1,2,0,0,-1,9,0,0,0,4,0,1,1,-1,9,2,56,9,-1,-1,-1,-1,9,E01032171,0,3
2025201555443,2025,201555443,2,9,0,-1,2,0,0,-1,9,0,0,0,0,0,1,1,-1,9,2,56,9,-1,-1,-1,-1,7,E01032249,0,3
2025201555443,2025,201555443,1,9,0,-1,20,3,3,-1,0,0,0,10,4,0,1,1,-1,9,2,87,11,-1,-1,-1,-1,9,E01010154,0,1
2025201555448,2025,201555448,1,9,0,-1,7,8,2,-1,0,5,0,0,0,0,1,9,-1,6,3,30,6,-1,-1,-1,-1,-1,-1,0,-1
2025201555536,2025,201555536,1,9,-1,-1,-1,-1,-1,-1,-1,-1,-1,-1,-1,0,-1,9,-1,1,1,27,6,-1,-1,-1,-1,1,E01009836,0,1
2025201555544,2025,201555544,1,9,0,-1,19,1,7,-1,0,8,0,0,0,0,1,9,-1,6,2,-1,-1,-1,-1,-1,-1,-1,-1,0,-1
2025201555569,2025,201555569,1,9,0,-1,9,8,3,-1,0,1,0,0,0,0,1,1,-1,1,2,37,7,-1,-1,-1,-1,5,E01014021,0,4
2025201555572,2025,201555572,2,10,4,-1,19,7,2,-1,0,0,0,0,0,0,4,1,-1,6,1,46,8,-1,-1,-1,-1,2,E01010448,0,1
2025201555572,2025,201555572,1,9,0,-1,12,7,2,-1,0,0,0,0,0,0,3,1,-1,6,1,-1,-1,-1,-1,-1,-1,-1,-1,0,-1
2025201555587,2025,201555587,1,9,0,-1,19,2,8,-1,0,4,1,10,7,11,4,1,-1,9,1,86,11,-1,-1,-1,-1,-1,-1,0,-1
2025201555587,2025,201555587,2,9,0,-1,5,2,6,-1,0,8,0,0,0,0,1,1,-1,6,1,49,8,-1,-1,-1,-1,1,E01009101,0,1
2025201555644,2025,201555644,1,9,0,-1,1,1,5,-1,0,2,0,0,0,0,2,1,-1,6,1,23,5,-1,-1,-1,-1,-1,-1,0,-1
2025201555708,2025,201555708,1,9,0,-1,19,2,6,-1,0,0,0,0,0,0,1,1,-1,9,1,65,9,-1,-1,-1,-1,5,E01010432,0,1
2025201555708,2025,201555708,2,21,0,-1,1,4,8,-1,0,0,0,0,0,0,2,1,-1,1,1,27,6,-1,-1,-1,-1,-1,-1,0,-1
2025201555725,2025,201555725,1,9,0,-1,19,7,3,-1,0,0,0,0,0,0,1,1,-1,9,2,46,8,-1,-1,-1,-1,3,E01027009,0,4
2025201555725,2025,201555725,2,9,0,-1,19,7,3,-1,0,0,0,0,0,0,2,1,-1,9,1,39,7,-1,-1,-1,-1,9,E01035406,0,4
2025201555725,2025,201555725,3,9,0,-1,19,7,3,-1,0,0,0,0,0,0,2,1,-1,9,1,30,6,-1,-1,-1,-1,-1,-1,0,-1
2025201555729,2025,201555729,2,9,0,-1,3,8,4,-1,0,1,0,0,0,0,2,1,-1,6,-1,-1,-1,-1,-1,-1,-1,-1,-1,0,-1
2025201555729,2025,201555729,1,9,0,-1,19,8,4,-1,0,1,0,0,0,0,1,1,-1,9,2,63,9,-1,-1,-1,-1,8,E01010122,0,1
2025201555733,2025,201555733,2,9,0,-1,9,4,3,-1,0,6,0,0,0,0,3,1,-1,6,2,43,7,-1,-1,-1,-1,4,E01009866,0,1
2025201555733,2025,201555733,1,9,0,-1,13,3,4,-1,0,8,0,0,0,0,1,9,-1,6,3,-1,-1,-1,-1,-1,-1,-1,-1,0,-1
2025201555740,2025,201555740,2,1,0,-1,19,8,4,-1,0,8,0,7,5,0,1,1,-1,9,1,34,6,-1,-1,-1,-1,1,E01009132,0,1
2025201555740,2025,201555740,1,9,0,-1,9,2,8,-1,0,6,0,0,0,0,4,1,-1,9,1,61,9,-1,-1,-1,-1,1,E01009134,0,1
2025201555751,2025,201555751,2,9,0,-1,19,3,7,-1,0,0,0,0,0,0,4,1,-1,6,1,46,8,-1,-1,-1,-1,7,E01025623,0,4
2025201555751,2025,201555751,1,9,0,-1,19,3,7,-1,0,0,2,0,0,0,4,1,-1,2,1,30,6,-1,-1,-1,-1,9,E01009667,0,1
2025201555822,2025,201555822,1,9,0,-1,5,5,1,-1,0,0,0,0,0,0,1,2,-1,6,1,56,9,-1,-1,-1,-1,2,E01014345,0,4
2025201555822,2025,201555822,2,9,0,-1,3,5,1,-1,0,0,0,0,0,0,2,2,-1,6,1,64,9,-1,-1,-1,-1,6,E01009529,0,1
2025201555869,2025,201555869,2,9,0,-1,19,7,4,-1,0,8,0,0,0,0,3,1,-1,9,1,24,5,-1,-1,-1,-1,5,E01009647,0,1
2025201555869,2025,201555869,1,9,0,-1,11,6,2,-1,0,4,0,0,0,0,4,9,-1,6,3,-1,-1,-1,-1,-1,-1,-1,-1,0,-1
2025201555927,2025,201555927,1,9,0,-1,19,4,8,-1,0,2,0,0,0,0,1,1,-1,6,1,45,7,-1,-1,-1,-1,-1,-1,0,-1
2025201555927,2025,201555927,2,-1,0,-1,19,6,2,-1,0,2,0,0,0,0,1,1,-1,6,1,15,3,-1,-1,-1,-1,1,E01010053,1,1
2025201555952,2025,201555952,2,9,0,-1,3,4,8,-1,0,1,0,0,0,0,1,9,-1,9,2,19,4,-1,-1,-1,-1,5,E01009791,0,1
2025201555952,2025,201555952,1,9,0,-1,1,7,3,-1,0,8,0,0,0,0,2,9,-1,6,1,40,7,-1,-1,-1,-1,-1,-1,0,-1
2025201555978,2025,201555978,1,19,0,-1,19,8,4,-1,0,0,0,0,0,0,2,1,-1,9,1,54,8,-1,-1,-1,-1,8,E01010225,0,2
2025201555978,2025,201555978,2,20,0,-1,19,8,4,-1,0,0,0,0,0,0,1,1,-1,1,1,64,9,-1,-1,-1,-1,8,E01025497,0,5
2025201555987,2025,201555987,1,9,-1,-1,-1,-1,-1,-1,-1,0,-1,-1,-1,0,-1,9,-1,9,3,-1,-1,-1,-1,-1,-1,-1,-1,0,-1
2025201556026,2025,201556026,1,11,0,-1,19,8,4,-1,0,2,0,0,0,0,1,1,-1,6,-1,-1,-1,-1,-1,-1,-1,-1,-1,0,-1
2025201556034,2025,201556034,2,9,0,-1,19,6,2,-1,0,1,0,0,0,0,4,1,-1,6,1,22,5,-1,-1,-1,-1,2,E01009219,0,1
2025201556034,2025,201556034,1,9,0,-1,12,6,2,-1,0,1,0,0,0,0,3,1,-1,6,1,40,7,-1,-1,-1,-1,1,E01009214,0,1
2025201556112,2025,201556112,3,9,0,-1,2,0,0,-1,9,0,0,0,0,0,1,1,-1,6,2,-1,-1,-1,-1,-1,-1,4,E01009138,0,1
2025201556112,2025,201556112,1,9,0,-1,19,1,2,-1,0,0,0,4,0,0,1,1,-1,6,1,66,10,-1,-1,-1,-1,10,E01010387,0,3
2025201556112,2025,201556112,2,9,0,-1,2,0,0,-1,9,0,0,0,0,0,4,1,-1,6,1,24,5,-1,-1,-1,-1,4,E01009138,0,1
2025201556200,2025,201556200,2,9,0,-1,19,1,5,-1,0,0,0,0,0,0,4,9,-1,6,2,30,6,-1,-1,-1,-1,2,E01010335,0,1
2025201556200,2025,201556200,1,9,0,-1,5,3,7,-1,0,0,0,0,0,0,1,9,-1,6,1,30,6,-1,-1,-1,-1,-1,-1,0,-1
2025201556206,2025,201556206,1,9,0,-1,9,3,5,-1,0,6,0,0,0,0,1,9,-1,6,2,41,7,-1,-1,-1,-1,4,E01009927,0,1
2025201556330,2025,201556330,2,9,0,-1,19,6,2,-1,0,0,0,0,0,0,2,1,-1,6,1,27,6,-1,-1,-1,-1,5,E01009036,0,3
2025201556330,2025,201556330,1,9,0,-1,19,6,2,-1,0,0,0,0,0,0,1,1,-1,6,2,28,6,-1,-1,-1,-1,10,E01032139,0,3
2025201556348,2025,201556348,2,9,0,-1,6,1,5,-1,0,0,0,7,0,0,1,1,-1,6,1,30,6,-1,-1,-1,-1,2,E01009934,0,2
2025201556348,2025,201556348,1,9,0,-1,2,0,0,-1,0,0,0,7,0,0,1,1,-1,6,-1,-1,-1,-1,-1,-1,-1,-1,-1,0,-1
2025201556381,2025,201556381,3,9,-1,-1,-1,-1,-1,-1,-1,0,-1,-1,-1,0,-1,9,-1,6,3,-1,-1,-1,-1,-1,-1,-1,-1,0,-1
2025201556381,2025,201556381,2,9,-1,-1,-1,-1,-1,-1,-1,0,-1,-1,-1,0,-1,9,-1,6,1,27,6,-1,-1,-1,-1,9,E01015535,0,5
2025201556381,2025,201556381,1,9,-1,-1,-1,-1,-1,-1,-1,0,-1,-1,-1,0,-1,9,-1,6,1,34,6,-1,-1,-1,-1,3,E01010330,0,2
2025201556413,2025,201556413,2,9,0,-1,19,4,8,-1,0,8,0,0,0,0,1,1,-1,6,1,23,5,-1,-1,-1,-1,1,E01009366,0,1
2025201556413,2025,201556413,1,9,0,-1,9,6,4,-1,0,6,0,0,0,0,3,1,-1,6,1,22,5,-1,-1,-1,-1,1,E01009182,0,1
2025201556413,2025,201556413,3,9,0,-1,9,6,3,-1,0,6,0,0,0,0,0,1,-1,1,1,28,6,-1,-1,-1,-1,4,E01009234,0,2
2025201556421,2025,201556421,1,9,0,-1,19,3,7,-1,0,2,0,0,1,10,1,9,-1,6,1,18,4,-1,-1,-1,-1,1,E01009331,0,1
2025201556421,2025,201556421,2,9,0,-1,9,5,8,-1,0,2,0,0,0,0,3,9,-1,6,1,43,7,-1,-1,-1,-1,1,E01009333,0,1
2025201556620,2025,201556620,2,9,0,-1,19,4,8,-1,0,1,0,0,0,0,1,9,-1,1,1,52,8,-1,-1,-1,-1,6,E01010233,0,1
2025201556620,2025,201556620,1,9,0,-1,9,8,6,-1,0,5,0,0,0,0,1,1,-1,6,2,36,7,-1,-1,-1,-1,1,E01009718,0,4
2025201556621,2025,201556621,1,9,0,-1,19,2,6,-1,0,1,0,0,0,0,1,9,-1,9,1,24,5,-1,-1,-1,-1,7,E01005373,0,5
2025201556658,2025,201556658,1,9,0,-1,9,4,2,-1,0,5,0,0,0,0,1,9,-1,9,1,42,7,-1,-1,-1,-1,1,E01010450,0,1
2025201556682,2025,201556682,2,1,0,-1,5,3,4,-1,0,0,0,0,0,0,3,1,-1,2,1,41,7,-1,-1,-1,-1,2,E01010397,0,1
2025201556682,2025,201556682,1,9,0,-1,5,3,7,-1,0,0,0,0,0,0,4,1,-1,6,1,47,8,-1,-1,-1,-1,-1,-1,0,-1
2025201556718,2025,201556718,2,9,0,-1,2,0,0,-1,0,0,0,0,0,0,4,9,-1,9,2,19,4,-1,-1,-1,-1,1,E01010530,0,1
2025201556718,2025,201556718,1,9,0,-1,1,2,6,-1,0,0,0,4,0,0,2,1,-1,6,1,35,6,-1,-1,-1,-1,-1,-1,0,-1
2025201556779,2025,201556779,1,9,0,-1,19,7,3,-1,0,0,0,0,0,0,1,1,-1,6,2,38,7,-1,-1,-1,-1,1,E01009073,0,1