collision_index,collision_year,collision_ref_no,vehicle_reference,vehicle_type,towing_and_articulation,vehicle_manoeuvre_historic,vehicle_manoeuvre,vehicle_direction_from,vehicle_direction_to,vehicle_location_restricted_lane_historic,vehicle_location_restricted_lane,junction_location,skidding_and_overturning,hit_object_in_carriageway,vehicle_leaving_carriageway,hit_object_off_carriageway,first_point_of_impact,vehicle_left_hand_drive,journey_purpose_of_driver_historic,journey_purpose_of_driver,sex_of_driver,age_of_driver,age_band_of_driver,engine_capacity_cc,propulsion_code,age_of_vehicle,generic_make_model,driver_imd_decile,lsoa_of_driver,escooter_flag,driver_distance_banding
2025201559851,2025,201559851,1,9,0,-1,19,4,8,-1,0,0,0,0,0,0,1,1,-1,6,1,40,7,-1,-1,-1,-1,-1,-1,0,-1
2025201559907,2025,201559907,2,9,0,-1,7,1,3,-1,0,6,0,0,0,0,3,9,-1,6,3,16,4,-1,-1,-1,-1,-1,-1,0,-1
2025201559907,2025,201559907,1,9,0,-1,3,3,7,-1,0,5,0,0,0,0,3,1,-1,9,2,36,7,-1,-1,-1,-1,4,E01009218,0,1
2025201559914,2025,201559914,1,9,0,-1,19,3,7,-1,0,0,0,0,0,0,1,1,-1,6,2,37,7,-1,-1,-1,-1,4,E01010072,0,1
2025201559914,2025,201559914,2,9,0,-1,19,3,7,-1,0,0,0,0,0,0,2,1,-1,6,1,71,10,-1,-1,-1,-1,1,E01010029,0,1
2025201559945,2025,201559945,1,9,0,-1,7,5,7,-1,0,1,0,0,0,0,1,1,-1,6,1,40,7,-1,-1,-1,-1,-1,-1,0,-1
2025201559945,2025,201559945,2,8,0,-1,19,3,7,-1,0,2,0,0,0,0,3,1,-1,6,1,44,7,-1,-1,-1,-1,5,E01009798,0,1
2025201560009,2025,201560009,1,9,0,-1,19,2,6,-1,0,0,0,0,0,0,1,1,-1,6,1,56,9,-1,-1,-1,-1,1,E01009746,0,1
2025201560043,2025,201560043,1,9,0,-1,19,5,1,-1,0,0,0,0,0,0,1,1,-1,6,1,29,6,-1,-1,-1,-1,2,E01010310,0,3
2025201560043,2025,201560043,3,9,0,-1,5,5,1,-1,0,0,0,0,0,0,0,1,-1,8,1,46,8,-1,-1,-1,-1,-1,-1,0,-1
2025201560043,2025,201560043,2,5,0,-1,19,5,1,-1,0,0,0,0,0,0,2,1,-1,2,1,43,7,-1,-1,-1,-1,8,E01009469,0,1
2025201560062,2025,201560062,2,9,0,-1,19,4,8,-1,0,0,0,0,0,0,1,1,-1,9,1,30,6,-1,-1,-1,-1,2,E01009146,0,2
2025201560062,2025,201560062,1,9,0,-1,7,1,4,-1,0,0,0,0,0,0,1,1,-1,6,1,36,7,-1,-1,-1,-1,1,E01009322,0,1
2025201560106,2025,201560106,1,3,0,-1,4,4,8,-1,0,1,0,0,0,0,1,1,-1,6,1,23,5,-1,-1,-1,-1,2,E01009317,0,1
2025201560106,2025,201560106,2,9,0,-1,19,6,2,-1,0,8,0,0,0,0,1,1,-1,6,2,35,6,-1,-1,-1,-1,-1,-1,0,-1
2025201560110,2025,201560110,1,9,0,-1,19,3,7,-1,0,0,0,10,1,0,1,1,-1,9,1,28,6,-1,-1,-1,-1,6,E01032216,0,4
2025201560110,2025,201560110,2,9,0,-1,19,3,5,-1,0,0,1,10,2,5,2,1,-1,9,2,30,6,-1,-1,-1,-1,4,E01009169,0,1
2025201560116,2025,201560116,2,9,0,-1,13,8,4,-1,0,8,0,0,0,0,4,1,-1,8,1,49,8,-1,-1,-1,-1,10,E01032230,0,4
2025201560116,2025,201560116,1,9,0,-1,9,7,6,-1,0,5,0,0,0,0,3,1,-1,9,2,26,6,-1,-1,-1,-1,3,E01009537,0,1
2025201560134,2025,201560134,1,9,0,-1,19,6,2,-1,0,1,0,0,0,0,2,1,-1,6,1,39,7,-1,-1,-1,-1,2,E01009017,0,2
2025201560134,2025,201560134,2,9,0,-1,19,6,2,-1,0,2,0,0,0,0,1,1,-1,6,1,82,11,-1,-1,-1,-1,4,E01009218,0,3
2025201560136,2025,201560136,1,9,0,-1,19,5,1,-1,0,8,0,0,0,0,1,9,-1,6,3,-1,-1,-1,-1,-1,-1,-1,-1,0,-1
2025201560168,2025,201560168,1,9,0,-1,19,8,4,-1,0,0,0,4,0,0,1,2,-1,6,2,27,6,-1,-1,-1,-1,-1,-1,0,-1
2025201560168,2025,201560168,2,9,0,-1,2,0,0,-1,0,0,0,0,0,0,2,2,-1,2,1,26,6,-1,-1,-1,-1,3,E01009956,0,1
2025201560170,2025,201560170,1,8,0,-1,19,8,4,-1,9,0,0,10,0,0,1,1,-1,1,1,36,7,-1,-1,-1,-1,2,E01010335,0,2
2025201560191,2025,201560191,1,11,0,-1,7,2,3,-1,0,2,0,0,0,0,3,1,-1,6,1,-1,-1,-1,-1,-1,-1,-1,-1,0,-1
2025201560191,2025,201560191,2,9,0,-1,5,2,7,-1,0,8,0,0,0,0,4,1,-1,6,2,55,8,-1,-1,-1,-1,1,E01009307,0,2
2025201560223,2025,201560223,1,9,0,-1,4,4,3,-1,0,0,0,0,0,0,2,1,-1,9,1,46,8,-1,-1,-1,-1,4,E01010480,0,1
2025201560223,2025,201560223,2,19,0,-1,19,5,4,-1,0,0,0,0,0,0,1,1,-1,6,3,37,7,-1,-1,-1,-1,4,E01029666,0,2
2025201560232,2025,201560232,2,5,0,-1,9,1,7,-1,0,0,0,0,0,0,2,1,-1,6,1,31,6,-1,-1,-1,-1,-1,-1,0,-1
2025201560232,2025,201560232,1,9,0,-1,19,1,8,-1,0,0,0,0,0,0,1,1,-1,6,1,66,10,-1,-1,-1,-1,1,E01009360,0,2
2025201560329,2025,201560329,1,9,0,-1,19,5,1,-1,9,0,0,10,1,0,3,9,-1,6,3,-1,-1,-1,-1,-1,-1,-1,-1,0,-1
2025201560336,2025,201560336,1,9,0,-1,19,6,2,-1,0,0,0,0,0,0,1,1,-1,6,-1,-1,-1,-1,-1,-1,-1,-1,-1,0,-1
2025201560336,2025,201560336,2,3,0,-1,13,6,2,-1,0,0,0,0,7,0,2,1,-1,2,1,22,5,-1,-1,-1,-1,2,E01010476,0,2
2025201560368,2025,201560368,2,9,0,-1,19,8,4,-1,0,0,0,4,0,0,1,9,-1,9,1,19,4,-1,-1,-1,-1,1,E01009978,0,2
2025201560368,2025,201560368,3,9,0,-1,2,0,0,-1,0,0,1,0,0,0,1,9,-1,9,3,-1,-1,-1,-1,-1,-1,-1,-1,0,-1
2025201560368,2025,201560368,1,9,0,-1,19,8,4,-1,0,0,1,0,0,0,2,9,-1,1,2,24,5,-1,-1,-1,-1,-1,-1,0,-1
2025201560399,2025,201560399,1,9,0,-1,19,1,5,-1,0,0,0,0,0,0,3,1,-1,6,1,37,7,-1,-1,-1,-1,1,E01009299,0,1
2025201560425,2025,201560425,1,1,0,-1,19,7,3,-1,0,0,0,0,0,0,1,1,-1,1,1,29,6,-1,-1,-1,-1,2,E01009573,0,1
2025201560425,2025,201560425,2,99,0,-1,19,7,3,-1,0,0,0,0,0,0,1,9,-1,6,3,-1,-1,-1,-1,-1,-1,-1,-1,0,-1
2025201560461,2025,201560461,2,9,0,-1,4,5,1,-1,0,1,0,0,0,0,2,1,-1,2,1,36,7,-1,-1,-1,-1,5,E01009749,0,1
2025201560461,2025,201560461,1,9,0,-1,19,5,1,-1,0,1,0,0,0,0,1,1,-1,6,2,30,6,-1,-1,-1,-1,-1,-1,0,-1
2025201560462,2025,201560462,1,9,0,-1,9,2,8,-1,0,0,0,0,0,0,1,9,-1,6,1,21,5,-1,-1,-1,-1,5,E01009008,0,1
2025201560462,2025,201560462,2,9,0,-1,19,4,8,-1,0,0,0,0,0,0,3,9,-1,1,2,44,7,-1,-1,-1,-1,1,E01009101,0,1
2025201560465,2025,201560465,1,9,0,-1,9,7,4,-1,0,6,0,0,0,0,1,9,-1,6,1,-1,-1,-1,-1,-1,-1,-1,-1,0,-1
2025201560510,2025,201560510,3,9,0,-1,2,0,0,-1,0,0,0,0,0,0,2,1,-1,6,1,65,9,-1,-1,-1,-1,4,E01010427,0,1
2025201560510,2025,201560510,1,9,0,-1,2,0,0,-1,0,0,0,0,0,0,1,1,-1,6,1,34,6,-1,-1,-1,-1,2,E01010474,0,1
2025201560510,2025,201560510,2,9,0,-1,2,0,0,-1,0,0,0,0,0,0,2,1,-1,6,1,64,9,-1,-1,-1,-1,1,E01010464,0,1
2025201560510,2025,201560510,4,9,0,-1,2,0,0,-1,0,0,0,0,0,0,1,1,-1,6,1,65,9,-1,-1,-1,-1,1,E01010433,0,1
2025201560511,2025,201560511,1,9,0,-1,9,1,8,-1,0,8,0,0,0,0,4,9,-1,6,1,50,8,-1,-1,-1,-1,4,E01009394,0,1
2025201560511,2025,201560511,2,1,0,-1,19,8,4,-1,0,8,0,0,0,0,2,1,-1,9,1,44,7,-1,-1,-1,-1,1,E01034939,0,1
2025201560517,2025,201560517,1,99,0,-1,19,7,3,-1,0,4,0,0,0,0,1,9,-1,6,3,30,6,-1,-1,-1,-1,-1,-1,0,-1
2025201560517,2025,201560517,2,4,0,-1,3,7,3,-1,0,3,0,0,0,0,2,1,-1,9,2,54,8,-1,-1,-1,-1,3,E01010070,0,1
2025201560530,2025,201560530,1,8,0,-1,19,7,3,-1,0,0,0,0,0,0,3,1,-1,1,1,59,9,-1,-1,-1,-1,3,E01009650,0,1
2025201560543,2025,201560543,1,9,0,-1,19,5,1,-1,0,4,0,0,0,0,1,1,-1,6,2,21,5,-1,-1,-1,-1,2,E01009933,0,1
2025201560543,2025,201560543,2,19,0,-1,5,7,3,-1,0,4,0,0,0,0,1,1,-1,6,1,29,6,-1,-1,-1,-1,4,E01009250,0,1
2025201560563,2025,201560563,2,3,0,-1,19,7,4,-1,0,8,0,0,0,0,4,1,-1,2,1,29,6,-1,-1,-1,-1,2,E01010448,0,2
2025201560563,2025,201560563,1,9,0,-1,5,2,6,-1,0,4,0,0,0,0,1,1,-1,6,2,55,8,-1,-1,-1,-1,3,E01009772,0,1
2025201560582,2025,201560582,1,9,0,-1,19,4,8,-1,0,0,0,0,0,0,1,9,-1,6,3,-1,-1,-1,-1,-1,-1,-1,-1,0,-1
2025201560598,2025,201560598,1,9,0,-1,19,4,8,-1,0,4,0,0,0,0,0,1,-1,6,1,30,6,-1,-1,-1,-1,-1,-1,0,-1
2025201560598,2025,201560598,2,3,0,-1,19,1,5,-1,0,3,0,0,0,0,4,1,-1,2,1,41,7,-1,-1,-1,-1,3,E01010320,0,2
2025201560608,2025,201560608,2,9,0,-1,19,6,7,-1,0,2,0,0,0,0,2,1,-1,6,-1,-1,-1,-1,-1,-1,-1,-1,-1,0,-1
2025201560608,2025,201560608,1,9,4,-1,9,2,7,-1,0,5,5,10,1,4,3,1,-1,6,1,43,7,-1,-1,-1,-1,2,E01008881,0,1
2025201560616,2025,201560616,2,9,0,-1,2,0,0,-1,0,0,0,0,0,0,2,1,-1,6,2,57,9,-1,-1,-1,-1,7,E01009452,0,1
2025201560616,2025,201560616,1,9,0,-1,1,5,7,-1,-1,0,0,4,0,0,2,9,-1,6,3,-1,-1,-1,-1,-1,-1,-1,-1,0,-1
2025201560678,2025,201560678,6,9,0,-1,19,5,5,-1,0,0,0,0,0,0,1,1,-1,6,2,22,5,-1,-1,-1,-1,7,E01025977,0,4
2025201560678,2025,201560678,2,9,0,-1,19,6,2,-1,0,0,0,0,0,0,1,1,-1,6,2,56,9,-1,-1,-1,-1,-1,-1,0,-1
2025201560678,2025,201560678,4,9,0,-1,19,5,5,-1,0,0,0,0,0,0,0,1,-1,1,1,56,9,-1,-1,-1,-1,4,E01009313,0,2
2025201560678,2025,201560678,3,9,0,-1,19,6,2,-1,0,0,0,0,0,0,1,1,-1,2,1,45,7,-1,-1,-1,-1,-1,-1,0,-1
2025201560678,2025,201560678,7,9,0,-1,19,5,5,-1,0,0,0,0,0,0,1,1,-1,1,1,40,7,-1,-1,-1,-1,4,E01032534,0,4
2025201560678,2025,201560678,1,9,0,-1,19,6,2,-1,0,0,0,0,0,0,2,2,-1,1,1,54,8,-1,-1,-1,-1,-1,-1,0,-1
2025201560678,2025,201560678,5,9,0,-1,19,5,5,-1,0,0,0,0,0,0,2,1,-1,1,1,36,7,-1,-1,-1,-1,-1,-1,0,-1
2025201560900,2025,201560900,2,9,0,-1,19,1,4,-1,0,0,0,0,0,0,2,9,-1,6,1,45,7,-1,-1,-1,-1,1,E01008901,0,3
2025201560900,2025,201560900,1,3,0,-1,19,1,4,-1,0,0,0,0,0,0,1,1,-1,6,3,-1,-1,-1,-1,-1,-1,-1,-1,0,-1
2025201560912,2025,201560912,2,9,0,-1,2,0,0,-1,0,0,0,0,0,0,2,9,-1,9,1,31,6,-1,-1,-1,-1,4,E01010337,0,4
2025201560912,2025,201560912,1,9,0,-1,13,1,1,-1,0,0,0,0,0,0,1,9,-1,6,1,34,6,-1,-1,-1,-1,3,E01009656,0,1
2025201560959,2025,201560959,1,-1,0,-1,9,4,2,-1,9,8,0,0,0,0,1,9,-1,6,1,25,5,-1,-1,-1,-1,-1,-1,1,-1
2025201561009,2025,201561009,1,9,0,-1,4,2,5,-1,0,0,0,0,0,0,2,1,-1,6,1,57,9,-1,-1,-1,-1,-1,-1,0,-1
2025201561009,2025,201561009,2,9,0,-1,19,2,5,-1,0,0,0,0,0,0,1,1,-1,6,1,89,11,-1,-1,-1,-1,1,E01009297,0,2
2025201561030,2025,201561030,2,9,0,-1,9,1,3,-1,0,5,0,0,0,0,3,9,-1,1,1,52,8,-1,-1,-1,-1,1,E01009581,0,1
2025201561030,2025,201561030,1,9,0,-1,13,1,1,-1,0,8,0,0,0,0,1,9,-1,6,1,30,6,-1,-1,-1,-1,-1,-1,0,-1
2025201561045,2025,201561045,1,9,0,-1,19,1,5,-1,0,0,0,0,0,0,1,1,-1,6,2,51,8,-1,-1,-1,-1,3,E01010495,0,1
2025201561045,2025,201561045,2,19,0,-1,19,1,5,-1,0,0,0,0,0,0,2,1,-1,6,-1,-1,-1,-1,-1,-1,-1,-1,-1,0,-1
2025201561076,2025,201561076,2,9,0,-1,19,3,7,-1,0,2,0,0,0,0,1,1,-1,1,2,56,9,-1,-1,-1,-1,4,E01010002,0,1
2025201561076,2025,201561076,1,9,0,-1,19,5,1,-1,0,1,0,0,0,0,3,1,-1,6,2,52,8,-1,-1,-1,-1,4,E01009813,0,1
2025201561139,2025,201561139,1,9,0,-1,19,5,1,-1,0,0,0,10,1,3,4,1,-1,9,1,19,4,-1,-1,-1,-1,1,E01009410,0,1
2025201561147,2025,201561147,1,9,0,-1,19,7,8,-1,0,0,1,0,0,0,4,1,-1,6,1,18,4,-1,-1,-1,-1,3,E01009956,0,4
2025201561192,2025,201561192,2,9,0,-1,19,3,7,-1,0,8,0,0,0,0,1,1,-1,6,1,49,8,-1,-1,-1,-1,1,E01010060,0,1
2025201561192,2025,201561192,1,9,0,-1,9,7,3,-1,0,8,0,0,0,0,1,1,-1,6,1,24,5,-1,-1,-1,-1,1,E01009332,0,2
2025201561284,2025,201561284,1,9,0,-1,19,3,7,-1,0,0,0,0,0,0,1,1,-1,1,2,41,7,-1,-1,-1,-1,1,E01010482,0,1
2025201561305,2025,201561305,1,19,0,-1,9,6,3,-1,0,5,0,0,0,0,1,9,-1,1,1,36,7,-1,-1,-1,-1,3,E01009568,0,1
2025201561305,2025,201561305,2,9,0,-1,19,1,5,-1,0,8,0,0,0,0,3,9,-1,2,2,39,7,-1,-1,-1,-1,9,E01025984,0,4
2025201561309,2025,201561309,1,9,0,-1,19,2,6,-1,0,0,1,7,1,11,1,1,-1,6,1,41,7,-1,-1,-1,-1,-1,-1,0,-1
2025201561320,2025,201561320,1,4,0,-1,15,8,4,-1,0,8,1,10,1,0,1,1,-1,6,1,27,6,-1,-1,-1,-1,1,E01034943,0,2
2025201561320,2025,201561320,2,9,0,-1,7,4,6,-1,0,5,0,0,0,0,4,1,-1,6,2,56,9,-1,-1,-1,-1,7,E01009958,0,1
2025201561349,2025,201561349,1,9,0,-1,19,3,7,-1,0,0,0,0,0,0,1,1,-1,6,1,-1,-1,-1,-1,-1,-1,-1,-1,0,-1
2025201561375,2025,201561375,1,9,0,-1,19,5,1,-1,0,4,0,0,0,0,1,1,-1,6,1,35,6,-1,-1,-1,-1,-1,-1,0,-1
2025201561375,2025,201561375,2,9,0,-1,19,1,5,-1,0,3,0,0,0,0,4,1,-1,9,2,51,8,-1,-1,-1,-1,1,E01009013,0,1
2025201561421,2025,201561421,2,9,0,-1,19,5,3,-1,0,2,0,10,7,4,1,1,-1,6,2,32,6,-1,-1,-1,-1,3,E01010458,0,1
2025201561421,2025,201561421,1,9,0,-1,1,2,6,-1,0,2,0,0,0,0,2,1,-1,6,3,-1,-1,-1,-1,-1,-1,-1,-1,0,-1
2025201561490,2025,201561490,2,9,0,-1,19,8,4,-1,0,8,1,10,7,2,3,1,-1,9,1,36,7,-1,-1,-1,-1,3,E01009857,0,1
2025201561490,2025,201561490,1,19,0,-1,7,3,4,-1,0,6,0,0,0,0,0,1,-1,1,1,48,8,-1,-1,-1,-1,8,E01010516,0,3
2025201561561,2025,201561561,1,9,0,-1,7,6,8,-1,0,3,0,0,0,0,1,1,-1,2,1,57,9,-1,-1,-1,-1,7,E01029649,0,4
2025201561561,2025,201561561,2,1,0,-1,19,6,2,-1,0,8,0,0,0,0,3,1,-1,2,1,41,7,-1,-1,-1,-1,-1,-1,0,-1
2025201561573,2025,201561573,1,9,0,-1,9,1,8,-1,0,6,0,0,0,0,3,1,-1,6,2,52,8,-1,-1,-1,-1,3,E01009781,0,3
2025201561598,2025,201561598,1,9,0,-1,7,3,4,-1,0,5,0,0,0,0,4,1,-1,2,1,65,9,-1,-1,-1,-1,1,E01009408,0,1
2025201561606,2025,201561606,1,9,0,-1,19,2,6,-1,0,0,0,0,0,0,1,1,-1,2,1,54,8,-1,-1,-1,-1,10,E01032140,0,1
2025201561646,2025,201561646,1,3,0,-1,19,8,6,-1,0,8,0,0,0,0,1,1,-1,9,1,52,8,-1,-1,-1,-1,2,E01009989,0,2
2025201561646,2025,201561646,2,9,0,-1,9,3,8,-1,0,6,0,0,0,0,3,1,-1,9,1,39,7,-1,-1,-1,-1,2,E01009123,0,1
2025201561674,2025,201561674,2,9,0,-1,8,7,2,-1,0,2,0,0,0,0,1,1,-1,9,1,53,8,-1,-1,-1,-1,5,E01009253,0,1
2025201561674,2025,201561674,1,9,0,-1,19,2,6,-1,0,8,0,10,1,10,1,1,-1,9,2,81,11,-1,-1,-1,-1,4,E01009250,0,1
2025201561682,2025,201561682,1,19,0,-1,1,4,8,-1,0,8,0,0,0,0,2,1,-1,6,1,27,6,-1,-1,-1,-1,2,E01010560,0,1
2025201561682,2025,201561682,2,9,0,-1,19,8,4,-1,0,8,0,0,0,0,1,1,-1,6,1,53,8,-1,-1,-1,-1,5,E01010460,0,1
2025201561748,2025,201561748,2,9,0,-1,10,1,7,-1,0,1,0,0,0,0,2,1,-1,6,2,38,7,-1,-1,-1,-1,10,E01010229,0,1
2025201561748,2025,201561748,1,9,0,-1,19,1,5,-1,0,8,0,0,0,0,1,1,-1,6,1,30,6,-1,-1,-1,-1,-1,-1,0,-1
2025201561780,2025,201561780,2,9,0,-1,9,1,7,-1,0,3,0,0,0,0,4,1,-1,9,1,34,6,-1,-1,-1,-1,2,E01010061,0,2
2025201561780,2025,201561780,1,9,0,-1,13,3,7,-1,0,3,0,0,0,0,4,1,-1,6,1,23,5,-1,-1,-1,-1,1,E01009488,0,1
2025201561842,2025,201561842,2,3,0,-1,7,8,2,-1,0,8,0,0,0,0,2,1,-1,6,2,28,6,-1,-1,-1,-1,2,E01010525,0,1
2025201561842,2025,201561842,1,9,0,-1,19,4,8,-1,0,4,0,0,0,0,0,1,-1,6,1,30,6,-1,-1,-1,-1,-1,-1,0,-1
2025201561848,2025,201561848,1,9,0,-1,10,7,5,-1,0,6,0,0,0,0,1,1,-1,6,1,27,6,-1,-1,-1,-1,10,E01010196,0,2
2025201561848,2025,201561848,2,9,0,-1,19,5,1,-1,0,1,0,0,0,0,4,1,-1,6,2,25,5,-1,-1,-1,-1,3,E01008933,0,1
2025201561917,2025,201561917,1,9,0,-1,7,4,6,-1,0,3,0,0,0,0,1,9,-1,6,1,-1,-1,-1,-1,-1,-1,-1,-1,0,-1
2025201561925,2025,201561925,1,9,0,-1,3,8,4,-1,0,0,0,0,0,0,2,9,-1,6,1,41,7,-1,-1,-1,-1,1,E01008887,0,1
2025201561925,2025,201561925,2,9,0,-1,19,2,6,-1,0,0,0,0,0,0,1,9,-1,2,1,42,7,-1,-1,-1,-1,2,E01009014,0,2
2025201561933,2025,201561933,1,9,0,-1,19,5,1,-1,0,1,5,7,0,0,1,1,-1,6,1,32,6,-1,-1,-1,-1,-1,-1,0,-1
2025201561936,2025,201561936,1,9,0,-1,19,4,6,-1,0,0,0,0,0,0,1,9,-1,6,3,50,8,-1,-1,-1,-1,-1,-1,0,-1
2025201561936,2025,201561936,2,9,0,-1,3,4,8,-1,0,0,0,0,0,0,2,1,-1,1,2,59,9,-1,-1,-1,-1,8,E01010208,0,2
2025201562010,2025,201562010,2,9,0,-1,9,1,7,-1,0,8,0,0,0,0,1,1,-1,9,1,60,9,-1,-1,-1,-1,7,E01009737,0,3
2025201562010,2025,201562010,1,9,0,-1,9,1,7,-1,0,8,0,0,0,0,2,1,-1,9,2,32,6,-1,-1,-1,-1,10,E01029477,0,4
2025201562060,2025,201562060,1,11,0,-1,19,8,4,-1,2,0,0,0,0,0,1,1,-1,1,1,-1,-1,-1,-1,-1,-1,1,E01009511,0,2
2025201562097,2025,201562097,1,9,0,-1,7,2,3,-1,0,8,0,0,3,11,1,1,-1,6,1,77,11,-1,-1,-1,-1,-1,-1,0,-1
2025201562100,2025,201562100,1,9,0,-1,1,4,5,-1,9,0,0,0,0,0,2,1,-1,9,1,36,7,-1,-1,-1,-1,1,E01009093,0,2
2025201562236,2025,201562236,3,9,0,-1,4,8,4,-1,0,0,0,0,0,0,2,1,-1,6,2,33,6,-1,-1,-1,-1,1,E01008929,0,2
2025201562236,2025,201562236,1,9,0,-1,4,8,4,-1,0,0,0,0,0,0,1,1,-1,6,1,27,6,-1,-1,-1,-1,5,E01008982,0,1
2025201562236,2025,201562236,2,9,0,-1,4,8,4,-1,0,0,0,0,0,0,2,1,-1,6,2,27,6,-1,-1,-1,-1,2,E01034947,0,1
2025201562281,2025,201562281,1,9,0,-1,1,6,2,-1,9,1,0,0,0,0,2,1,-1,6,1,-1,-1,-1,-1,-1,-1,-1,-1,0,-1
2025201562281,2025,201562281,2,9,0,-1,2,0,0,-1,9,1,0,0,0,0,2,1,-1,6,1,31,6,-1,-1,-1,-1,1,E01010340,0,1
2025201562326,2025,201562326,1,9,0,-1,19,6,2,-1,0,1,0,0,0,0,1,2,-1,9,1,57,9,-1,-1,-1,-1,6,E01009040,0,1
2025201562328,2025,201562328,2,1,0,-1,19,4,8,-1,0,5,0,0,0,0,4,1,-1,6,1,28,6,-1,-1,-1,-1,1,E01009259,0,2
2025201562328,2025,201562328,1,10,0,-1,7,4,6,-1,0,3,0,0,0,0,4,1,-1,6,1,65,9,-1,-1,-1,-1,3,E01009876,0,1
2025201562393,2025,201562393,2,9,0,-1,2,0,0,-1,0,0,0,0,0,0,3,1,-1,6,1,48,8,-1,-1,-1,-1,6,E01031033,0,2
2025201562393,2025,201562393,1,9,0,-1,14,7,3,-1,0,0,2,4,0,0,4,1,-1,6,2,43,7,-1,-1,-1,-1,1,E01009300,0,1
2025201562521,2025,201562521,2,9,0,-1,9,7,5,-1,0,8,0,0,0,0,3,1,-1,6,1,30,6,-1,-1,-1,-1,1,E01009321,0,1
2025201562521,2025,201562521,1,3,0,-1,13,5,1,-1,0,1,0,0,0,0,1,1,-1,1,1,45,7,-1,-1,-1,-1,4,E01008969,0,2
2025201562560,2025,201562560,1,9,0,-1,19,1,1,-1,0,6,0,0,0,0,1,1,-1,6,3,17,4,-1,-1,-1,-1,-1,-1,0,-1
2025201562577,2025,201562577,2,9,0,-1,3,1,5,-1,0,0,0,0,0,0,2,1,-1,6,2,32,6,-1,-1,-1,-1,1,E01009400,0,1
2025201562577,2025,201562577,1,9,0,-1,3,1,4,-1,0,0,0,0,0,0,1,1,-1,6,3,18,4,-1,-1,-1,-1,-1,-1,0,-1
2025201562586,2025,201562586,1,9,0,-1,19,6,2,-1,0,0,0,0,0,0,1,1,-1,9,2,67,10,-1,-1,-1,-1,1,E01008940,0,2
2025201562637,2025,201562637,1,9,0,-1,1,5,1,-1,0,8,0,0,0,0,2,1,-1,6,1,60,9,-1,-1,-1,-1,-1,-1,0,-1
2025201562644,2025,201562644,2,9,0,-1,5,5,1,-1,0,8,0,0,0,0,1,1,-1,6,1,24,5,-1,-1,-1,-1,2,E01009592,0,1
2025201562644,2025,201562644,1,1,0,-1,19,3,7,-1,0,8,2,0,0,0,1,1,-1,6,1,14,3,-1,-1,-1,-1,-1,-1,0,-1
2025201562653,2025,201562653,1,9,0,-1,19,7,3,-1,0,1,0,0,0,0,1,9,-1,6,3,-1,-1,-1,-1,-1,-1,-1,-1,0,-1
2025201562691,2025,201562691,3,9,0,-1,2,0,0,-1,9,0,1,4,0,0,1,1,-1,6,-1,-1,-1,-1,-1,-1,-1,-1,-1,0,-1
2025201562691,2025,201562691,1,9,0,-1,19,4,8,-1,0,0,5,10,1,10,1,1,-1,6,1,31,6,-1,-1,-1,-1,7,E01010124,0,1
2025201562691,2025,201562691,4,9,0,-1,2,0,0,-1,9,0,0,0,0,0,1,1,-1,6,-1,-1,-1,-1,-1,-1,-1,-1,-1,0,-1
2025201562691,2025,201562691,2,9,0,-1,2,0,0,-1,9,0,0,0,0,0,2,1,-1,6,-1,-1,-1,-1,-1,-1,-1,-1,-1,0,-1
2025201562706,2025,201562706,1,9,0,-1,19,7,3,-1,0,1,1,0,7,11,4,1,-1,9,1,65,9,-1,-1,-1,-1,2,E01010407,0,1
2025201562706,2025,201562706,2,9,0,-1,19,6,1,-1,0,1,0,0,0,0,1,1,-1,6,1,25,5,-1,-1,-1,-1,-1,-1,0,-1
2025201562719,2025,201562719,2,9,0,-1,19,4,8,-1,0,0,0,0,0,0,2,1,-1,6,1,41,7,-1,-1,-1,-1,3,E01033893,0,2
2025201562719,2025,201562719,1,9,0,-1,19,4,8,-1,0,0,0,0,0,0,1,1,-1,6,2,20,4,-1,-1,-1,-1,1,E01010311,0,3
2025201562732,2025,201562732,1,9,0,-1,2,0,0,-1,0,1,0,0,0,0,1,1,-1,6,1,50,8,-1,-1,-1,-1,1,E01008995,0,1
2025201562737,2025,201562737,1,3,0,-1,19,6,2,-1,0,1,0,7,0,0,3,1,-1,6,2,22,5,-1,-1,-1,-1,-1,-1,0,-1
2025201562737,2025,201562737,2,9,0,-1,19,8,4,-1,0,1,0,0,0,0,1,2,-1,6,2,40,7,-1,-1,-1,-1,4,E01008994,0,1
2025201562753,2025,201562753,1,9,0,-1,19,6,2,-1,0,5,0,0,0,0,4,1,-1,9,1,70,10,-1,-1,-1,-1,9,E01032227,0,2
2025201562753,2025,201562753,2,9,0,-1,19,1,5,-1,0,1,0,0,0,0,1,1,-1,9,2,57,9,-1,-1,-1,-1,10,E01032885,0,1
2025201562807,2025,201562807,1,9,0,-1,19,8,4,-1,0,0,0,0,0,0,3,9,-1,6,3,-1,-1,-1,-1,-1,-1,-1,-1,0,-1
2025201562822,2025,201562822,2,9,0,-1,5,1,5,-1,0,6,0,0,0,0,1,1,-1,9,1,84,11,-1,-1,-1,-1,7,E01009116,0,1
2025201562822,2025,201562822,1,19,0,-1,19,7,3,-1,0,8,0,0,0,0,1,1,-1,6,1,30,6,-1,-1,-1,-1,-1,-1,0,-1
2025201562826,2025,201562826,1,9,0,-1,5,1,5,-1,0,0,0,0,0,0,4,9,-1,1,1,53,8,-1,-1,-1,-1,4,E01009276,0,2
2025201562857,2025,201562857,1,98,0,-1,19,7,3,-1,0,0,0,0,0,0,4,1,-1,1,3,50,8,-1,-1,-1,-1,-1,-1,0,-1