collision_index,collision_year,collision_ref_no,vehicle_reference,vehicle_type,towing_and_articulation,vehicle_manoeuvre_historic,vehicle_manoeuvre,vehicle_direction_from,vehicle_direction_to,vehicle_location_restricted_lane_historic,vehicle_location_restricted_lane,junction_location,skidding_and_overturning,hit_object_in_carriageway,vehicle_leaving_carriageway,hit_object_off_carriageway,first_point_of_impact,vehicle_left_hand_drive,journey_purpose_of_driver_historic,journey_purpose_of_driver,sex_of_driver,age_of_driver,age_band_of_driver,engine_capacity_cc,propulsion_code,age_of_vehicle,generic_make_model,driver_imd_decile,lsoa_of_driver,escooter_flag,driver_distance_banding
2025201562857,2025,201562857,2,9,0,-1,7,7,1,-1,0,0,0,0,0,0,3,1,-1,9,1,39,7,-1,-1,-1,-1,2,E01010092,0,2
2025201562873,2025,201562873,1,9,0,-1,5,0,3,-1,0,6,0,0,0,0,3,9,-1,6,3,-1,-1,-1,-1,-1,-1,-1,-1,0,-1
2025201562873,2025,201562873,2,90,0,-1,19,7,3,-1,0,8,0,0,0,0,4,1,-1,2,1,36,7,-1,-1,-1,-1,2,E01010045,0,2
2025201562894,2025,201562894,1,9,0,-1,19,4,2,-1,0,0,0,0,0,0,1,1,-1,6,1,30,6,-1,-1,-1,-1,-1,-1,0,-1
2025201563008,2025,201563008,1,97,0,-1,5,1,1,-1,9,0,0,0,0,0,1,1,-1,6,3,30,6,-1,-1,-1,-1,-1,-1,0,-1
2025201563088,2025,201563088,1,11,0,-1,5,1,5,-1,0,1,0,0,0,0,4,1,-1,1,3,40,7,-1,-1,-1,-1,-1,-1,0,-1
2025201563088,2025,201563088,2,99,0,-1,2,5,1,-1,0,6,0,0,0,0,4,1,-1,6,1,33,6,-1,-1,-1,-1,2,E01010341,0,1
2025201563096,2025,201563096,1,9,0,-1,19,6,2,-1,0,0,0,0,0,0,3,1,-1,6,2,50,8,-1,-1,-1,-1,-1,-1,0,-1
2025201563096,2025,201563096,2,9,0,-1,4,2,6,-1,0,0,0,0,0,0,3,2,-1,9,2,41,7,-1,-1,-1,-1,3,E01009178,0,1
2025201563117,2025,201563117,1,11,0,-1,19,1,1,-1,0,6,0,0,0,0,1,9,-1,7,1,30,6,-1,-1,-1,-1,-1,-1,0,-1
2025201563117,2025,201563117,2,9,0,-1,3,1,1,-1,9,1,0,0,0,0,4,9,-1,9,2,38,7,-1,-1,-1,-1,7,E01031055,0,3
2025201563119,2025,201563119,2,1,0,-1,19,7,3,-1,0,0,0,0,0,0,2,1,-1,6,1,37,7,-1,-1,-1,-1,1,E01009354,0,1
2025201563119,2025,201563119,1,9,0,-1,19,7,3,-1,0,0,0,0,0,0,1,2,-1,6,3,-1,-1,-1,-1,-1,-1,-1,-1,0,-1
2025201563151,2025,201563151,1,9,0,-1,19,4,8,-1,0,0,0,0,0,0,1,9,-1,6,3,-1,-1,-1,-1,-1,-1,-1,-1,0,-1
2025201563151,2025,201563151,2,9,0,-1,4,4,8,-1,0,0,0,0,0,0,2,1,-1,6,2,38,7,-1,-1,-1,-1,4,E01009606,0,2
2025201563253,2025,201563253,1,9,0,-1,19,6,2,-1,0,3,0,0,0,0,1,9,-1,6,1,37,7,-1,-1,-1,-1,5,E01008981,0,1
2025201563333,2025,201563333,1,9,0,-1,1,1,1,-1,9,0,0,0,0,0,2,1,-1,6,1,40,7,-1,-1,-1,-1,-1,-1,0,-1
2025201563340,2025,201563340,1,11,0,-1,19,8,4,-1,0,0,0,0,0,0,1,1,-1,1,1,34,6,-1,-1,-1,-1,-1,-1,0,-1
2025201563341,2025,201563341,1,9,0,-1,20,3,7,-1,9,0,0,10,8,0,1,1,-1,9,1,24,5,-1,-1,-1,-1,1,E01009540,0,1
2025201563357,2025,201563357,1,9,0,-1,19,2,6,-1,0,8,5,0,1,0,1,1,-1,9,1,23,5,-1,-1,-1,-1,1,E01010456,0,1
2025201563357,2025,201563357,3,9,0,-1,2,0,0,-1,0,1,1,0,1,0,1,1,-1,6,-1,-1,-1,-1,-1,-1,-1,-1,-1,0,-1
2025201563357,2025,201563357,2,9,0,-1,5,4,8,-1,0,8,0,0,0,0,1,1,-1,9,1,24,5,-1,-1,-1,-1,2,E01010472,0,1
2025201563404,2025,201563404,2,9,0,-1,10,8,2,-1,0,0,0,0,0,0,1,1,-1,6,2,50,8,-1,-1,-1,-1,-1,-1,0,-1
2025201563404,2025,201563404,1,9,0,-1,19,4,8,-1,0,0,0,0,0,0,4,1,-1,6,2,36,7,-1,-1,-1,-1,2,E01034931,0,1
2025201563453,2025,201563453,1,8,0,-1,19,1,5,-1,0,8,0,0,0,0,1,1,-1,1,-1,42,7,-1,-1,-1,-1,-1,-1,0,-1
2025201563469,2025,201563469,2,3,0,-1,12,7,3,-1,0,1,0,0,0,0,1,1,-1,6,1,58,9,-1,-1,-1,-1,5,E01008974,0,2
2025201563469,2025,201563469,1,9,0,-1,5,2,3,-1,0,2,0,0,0,0,4,1,-1,9,2,39,7,-1,-1,-1,-1,9,E01010154,0,1
2025201563470,2025,201563470,1,9,0,-1,1,1,5,-1,0,0,0,0,0,0,2,9,-1,6,3,-1,-1,-1,-1,-1,-1,3,E01033561,0,2
2025201563558,2025,201563558,2,9,0,-1,4,1,5,-1,0,0,0,0,0,0,2,1,-1,6,2,31,6,-1,-1,-1,-1,2,E01009953,0,1
2025201563558,2025,201563558,1,9,0,-1,19,1,5,-1,0,0,0,0,0,0,1,1,-1,6,3,40,7,-1,-1,-1,-1,-1,-1,0,-1
2025201563568,2025,201563568,1,9,0,-1,19,6,2,-1,0,0,0,0,0,0,1,1,-1,6,2,33,6,-1,-1,-1,-1,1,E01009408,0,1
2025201563568,2025,201563568,2,9,0,-1,19,6,2,-1,0,0,0,0,0,0,2,1,-1,6,3,-1,-1,-1,-1,-1,-1,-1,-1,0,-1
2025201563597,2025,201563597,2,3,0,-1,5,6,6,-1,0,1,0,0,0,0,1,1,-1,6,1,20,4,-1,-1,-1,-1,2,E01010314,0,3
2025201563597,2025,201563597,1,9,0,-1,5,2,6,-1,0,1,0,0,0,0,4,1,-1,6,2,-1,-1,-1,-1,-1,-1,1,E01009377,0,1
2025201563605,2025,201563605,1,9,0,-1,9,4,2,-1,0,6,0,0,0,0,1,1,-1,6,2,30,6,-1,-1,-1,-1,-1,-1,0,-1
2025201563605,2025,201563605,2,9,0,-1,19,6,2,-1,0,8,0,0,0,0,1,1,-1,6,2,26,6,-1,-1,-1,-1,1,E01009574,0,1
2025201563638,2025,201563638,2,22,0,-1,19,3,7,-1,9,0,0,0,0,0,4,1,-1,9,1,49,8,-1,-1,-1,-1,-1,-1,0,-1
2025201563638,2025,201563638,1,9,0,-1,3,7,3,-1,-1,0,0,0,1,0,4,1,-1,6,1,30,6,-1,-1,-1,-1,-1,-1,0,-1
2025201563745,2025,201563745,2,3,0,-1,5,5,1,-1,0,0,0,0,0,0,4,1,-1,6,1,22,5,-1,-1,-1,-1,1,E01009321,0,1
2025201563745,2025,201563745,1,9,0,-1,7,7,1,-1,0,0,0,0,0,0,1,1,-1,2,1,-1,-1,-1,-1,-1,-1,-1,-1,0,-1
2025201563758,2025,201563758,1,9,0,-1,5,5,1,-1,5,8,0,4,0,0,1,1,-1,9,2,36,7,-1,-1,-1,-1,3,E01009599,0,1
2025201563758,2025,201563758,2,9,0,-1,2,0,0,-1,5,8,0,0,0,0,3,1,-1,9,1,38,7,-1,-1,-1,-1,5,E01009598,0,1
2025201563782,2025,201563782,1,9,0,-1,19,1,5,-1,0,0,0,0,0,0,1,1,-1,9,1,38,7,-1,-1,-1,-1,2,E01010446,0,1
2025201563784,2025,201563784,1,9,0,-1,5,4,8,-1,0,3,0,0,0,0,1,1,-1,6,1,64,9,-1,-1,-1,-1,-1,-1,0,-1
2025201563784,2025,201563784,2,-1,0,-1,19,4,8,-1,0,3,0,0,0,0,2,1,-1,6,2,11,3,-1,-1,-1,-1,2,E01010479,1,1
2025201563841,2025,201563841,1,9,0,-1,9,1,6,-1,0,5,0,7,0,0,3,1,-1,6,3,25,5,-1,-1,-1,-1,-1,-1,0,-1
2025201563844,2025,201563844,3,-1,0,-1,19,8,5,-1,0,1,0,0,0,0,1,1,-1,6,1,30,6,-1,-1,-1,-1,5,E01008917,1,1
2025201563844,2025,201563844,2,9,0,-1,10,5,6,-1,0,1,0,0,0,0,1,1,-1,6,1,30,6,-1,-1,-1,-1,5,E01009802,0,1
2025201563844,2025,201563844,1,9,0,-1,7,2,3,-1,0,2,0,0,0,0,1,1,-1,9,2,24,5,-1,-1,-1,-1,10,E01009784,0,2
2025201563874,2025,201563874,3,9,0,-1,2,0,0,-1,9,0,0,0,0,0,3,1,-1,6,2,-1,-1,-1,-1,-1,-1,-1,-1,0,-1
2025201563874,2025,201563874,1,9,0,-1,1,3,5,-1,9,0,0,0,1,0,1,1,-1,9,2,81,11,-1,-1,-1,-1,8,E01009919,0,1
2025201563874,2025,201563874,2,9,0,-1,2,0,0,-1,9,0,0,0,0,0,1,1,-1,6,1,23,5,-1,-1,-1,-1,8,E01009919,0,1
2025201564021,2025,201564021,1,9,9,-1,19,1,3,-1,0,8,0,0,9,0,9,1,-1,6,3,-1,-1,-1,-1,-1,-1,-1,-1,0,-1
2025201564028,2025,201564028,1,9,0,-1,3,5,1,-1,0,0,0,0,0,0,1,1,-1,6,3,-1,-1,-1,-1,-1,-1,-1,-1,0,-1
2025201564028,2025,201564028,2,9,0,-1,3,5,1,-1,0,0,0,0,0,0,2,1,-1,9,2,34,6,-1,-1,-1,-1,1,E01009886,0,1
2025201564028,2025,201564028,3,9,0,-1,3,5,1,-1,0,0,0,0,0,0,2,1,-1,6,2,56,9,-1,-1,-1,-1,9,E01009817,0,1
2025201564035,2025,201564035,1,9,0,-1,5,7,3,-1,-1,0,0,0,0,0,3,1,-1,1,1,41,7,-1,-1,-1,-1,3,E01010042,0,2
2025201564042,2025,201564042,1,9,0,-1,2,0,0,-1,0,0,0,0,0,0,2,9,-1,9,1,35,6,-1,-1,-1,-1,1,E01009952,0,1
2025201564042,2025,201564042,2,9,0,-1,19,1,2,-1,0,0,0,0,0,0,1,9,-1,9,1,21,5,-1,-1,-1,-1,8,E01009794,0,1
2025201564054,2025,201564054,6,9,0,-1,2,0,0,-1,0,0,0,0,0,0,3,1,-1,6,-1,-1,-1,-1,-1,-1,-1,-1,-1,0,-1
2025201564054,2025,201564054,7,9,0,-1,19,5,1,-1,0,0,0,0,0,0,2,1,-1,6,1,42,7,-1,-1,-1,-1,1,E01033643,0,1
2025201564054,2025,201564054,2,90,0,-1,3,3,7,-1,0,0,0,0,0,0,2,1,-1,1,2,47,8,-1,-1,-1,-1,7,E01011243,0,5
2025201564054,2025,201564054,1,9,0,-1,19,5,1,-1,0,0,5,4,0,0,1,1,-1,6,1,21,5,-1,-1,-1,-1,4,E01009394,0,1
2025201564054,2025,201564054,3,9,0,-1,2,0,0,-1,0,0,0,0,0,0,4,1,-1,6,-1,-1,-1,-1,-1,-1,-1,-1,-1,0,-1
2025201564054,2025,201564054,5,9,0,-1,2,0,0,-1,0,0,0,0,0,0,3,1,-1,6,-1,-1,-1,-1,-1,-1,-1,-1,-1,0,-1
2025201564054,2025,201564054,4,9,0,-1,2,0,0,-1,0,0,0,0,0,0,4,1,-1,6,-1,-1,-1,-1,-1,-1,-1,-1,-1,0,-1
2025201564054,2025,201564054,8,9,0,-1,19,5,1,-1,0,0,0,0,0,0,0,1,-1,1,1,-1,-1,-1,-1,-1,-1,-1,-1,0,-1
2025201564092,2025,201564092,1,9,0,-1,19,2,6,-1,0,0,0,0,0,0,1,1,-1,6,1,-1,-1,-1,-1,-1,-1,1,E01010433,0,1
2025201564109,2025,201564109,1,3,0,-1,7,2,7,-1,0,0,1,0,0,0,0,1,-1,2,1,19,4,-1,-1,-1,-1,6,E01009040,0,3
2025201564122,2025,201564122,1,9,0,-1,9,2,2,-1,0,0,0,0,7,0,3,1,-1,9,2,22,5,-1,-1,-1,-1,-1,-1,0,-1
2025201564122,2025,201564122,2,9,0,-1,13,5,1,-1,0,0,0,0,7,2,1,1,-1,9,1,36,7,-1,-1,-1,-1,-1,-1,0,-1
2025201564154,2025,201564154,3,9,0,-1,19,2,5,-1,0,0,0,0,0,0,3,1,-1,6,1,45,7,-1,-1,-1,-1,-1,-1,0,-1
2025201564154,2025,201564154,1,8,0,-1,5,5,2,-1,0,0,0,0,0,0,0,9,-1,6,3,46,8,-1,-1,-1,-1,-1,-1,0,-1
2025201564154,2025,201564154,2,9,0,-1,19,5,2,-1,0,0,0,0,0,0,3,1,-1,6,1,50,8,-1,-1,-1,-1,6,E01017860,0,5
2025201564203,2025,201564203,2,9,0,-1,7,4,5,-1,0,6,0,0,0,0,3,1,-1,7,2,34,6,-1,-1,-1,-1,4,E01010009,0,1
2025201564203,2025,201564203,1,9,0,-1,3,1,5,-1,0,2,0,0,0,0,3,1,-1,6,2,25,5,-1,-1,-1,-1,-1,-1,0,-1
2025201564210,2025,201564210,1,9,0,-1,15,6,4,-1,0,8,0,0,0,0,3,9,-1,6,3,50,8,-1,-1,-1,-1,-1,-1,0,-1
2025201564210,2025,201564210,2,9,0,-1,19,6,4,-1,0,8,0,0,0,0,4,9,-1,9,1,49,8,-1,-1,-1,-1,5,E01010432,0,1
2025201564222,2025,201564222,1,9,0,-1,5,3,7,-1,0,0,1,0,0,0,1,1,-1,6,1,20,4,-1,-1,-1,-1,-1,-1,0,-1
2025201564234,2025,201564234,1,9,0,-1,19,5,7,-1,0,3,0,0,0,0,0,1,-1,9,1,68,10,-1,-1,-1,-1,10,E01010205,0,1
2025201564263,2025,201564263,2,9,0,-1,5,5,1,-1,0,0,1,0,0,0,1,1,-1,9,1,19,4,-1,-1,-1,-1,2,E01010543,0,3
2025201564263,2025,201564263,1,9,0,-1,4,5,1,-1,0,0,0,0,0,0,2,1,-1,9,1,48,8,-1,-1,-1,-1,4,E01009871,0,1
2025201564266,2025,201564266,3,9,0,-1,19,5,2,-1,0,0,0,0,0,0,1,1,-1,1,2,49,8,-1,-1,-1,-1,2,E01009314,0,1
2025201564266,2025,201564266,2,9,0,-1,2,0,0,-1,0,0,0,0,0,0,2,1,-1,6,-1,-1,-1,-1,-1,-1,-1,-1,-1,0,-1
2025201564266,2025,201564266,4,9,0,-1,19,2,5,-1,0,0,0,0,0,0,0,1,-1,1,1,43,7,-1,-1,-1,-1,4,E01009234,0,2
2025201564266,2025,201564266,1,9,0,-1,19,2,6,-1,0,0,0,4,0,0,1,1,-1,6,1,21,5,-1,-1,-1,-1,1,E01009331,0,1
2025201564325,2025,201564325,1,9,0,-1,1,7,3,-1,0,0,0,0,0,0,2,1,-1,6,1,34,6,-1,-1,-1,-1,3,E01032528,0,1
2025201564394,2025,201564394,1,9,0,-1,3,7,7,-1,9,6,1,0,7,0,3,1,-1,6,1,19,4,-1,-1,-1,-1,-1,-1,0,-1
2025201564404,2025,201564404,2,9,0,-1,3,6,2,-1,0,0,0,0,0,0,2,1,-1,2,2,41,7,-1,-1,-1,-1,7,E01029863,0,3
2025201564404,2025,201564404,1,9,0,-1,19,6,2,-1,0,0,0,0,0,0,1,9,-1,2,1,45,7,-1,-1,-1,-1,-1,-1,0,-1
2025201564420,2025,201564420,1,9,0,-1,19,1,4,-1,0,3,1,7,1,7,1,9,-1,6,1,23,5,-1,-1,-1,-1,1,E01009477,0,1
2025201564478,2025,201564478,1,9,0,-1,19,2,2,-1,0,0,0,0,0,0,1,9,-1,9,1,-1,-1,-1,-1,-1,-1,5,E01010475,0,1
2025201564489,2025,201564489,1,9,0,-1,3,1,6,-1,0,0,0,0,0,0,3,1,-1,6,1,50,8,-1,-1,-1,-1,10,E01019588,0,4
2025201564498,2025,201564498,3,9,0,-1,2,0,0,-1,0,0,0,0,0,0,4,9,-1,6,2,44,7,-1,-1,-1,-1,1,E01009309,0,1
2025201564498,2025,201564498,2,9,0,-1,10,3,7,-1,0,0,0,0,7,0,1,9,-1,6,1,35,6,-1,-1,-1,-1,1,E01009080,0,1
2025201564498,2025,201564498,1,9,0,-1,19,1,5,-1,0,0,0,4,7,0,1,9,-1,2,1,21,5,-1,-1,-1,-1,1,E01009308,0,1
2025201564515,2025,201564515,1,9,0,-1,9,4,2,-1,0,5,0,0,0,0,1,9,-1,6,1,42,7,-1,-1,-1,-1,7,E01009039,0,1
2025201564583,2025,201564583,1,8,0,-1,19,2,6,-1,0,0,0,0,0,0,4,1,-1,6,-1,28,6,-1,-1,-1,-1,1,E01010367,0,1
2025201564584,2025,201564584,2,9,0,-1,19,5,1,-1,0,6,0,0,0,0,4,1,-1,6,1,25,5,-1,-1,-1,-1,-1,-1,0,-1
2025201564584,2025,201564584,1,9,0,-1,9,4,7,-1,0,8,0,0,0,0,1,1,-1,9,2,56,9,-1,-1,-1,-1,3,E01010501,0,1
2025201564604,2025,201564604,2,19,0,-1,5,3,7,-1,0,6,0,0,0,0,1,9,-1,6,3,30,6,-1,-1,-1,-1,-1,-1,0,-1
2025201564604,2025,201564604,1,3,0,-1,9,1,7,-1,0,5,0,0,0,0,2,1,-1,2,1,33,6,-1,-1,-1,-1,6,E01032590,0,1
2025201564609,2025,201564609,2,1,0,-1,5,1,3,-1,0,6,0,0,0,0,4,1,-1,1,2,26,6,-1,-1,-1,-1,2,E01034946,0,1
2025201564609,2025,201564609,1,9,0,-1,15,6,3,-1,0,6,0,0,0,0,1,1,-1,6,2,45,7,-1,-1,-1,-1,8,E01010540,0,4
2025201564648,2025,201564648,1,9,0,-1,2,0,0,-1,0,0,0,0,0,0,3,1,-1,2,2,52,8,-1,-1,-1,-1,2,E01009609,0,1
2025201564712,2025,201564712,2,9,0,-1,4,4,4,-1,0,1,0,0,0,0,1,1,-1,6,1,70,10,-1,-1,-1,-1,3,E01010099,0,1
2025201564712,2025,201564712,3,9,0,-1,4,4,4,-1,0,1,0,0,0,0,1,1,-1,9,1,37,7,-1,-1,-1,-1,2,E01010106,0,1
2025201564712,2025,201564712,1,9,0,-1,19,8,1,-1,0,2,0,0,0,0,1,1,-1,6,2,63,9,-1,-1,-1,-1,2,E01009988,0,1
2025201564715,2025,201564715,1,9,0,-1,19,5,1,-1,0,0,0,0,0,0,0,1,-1,6,1,78,11,-1,-1,-1,-1,4,E01013938,0,4
2025201564725,2025,201564725,2,9,0,-1,19,3,7,-1,0,1,0,0,0,0,4,1,-1,6,1,56,9,-1,-1,-1,-1,1,E01009507,0,1
2025201564725,2025,201564725,1,9,0,-1,10,3,1,-1,0,8,0,0,0,0,1,1,-1,6,1,44,7,-1,-1,-1,-1,1,E01010054,0,2
2025201564725,2025,201564725,3,9,0,-1,19,3,7,-1,0,1,0,0,0,0,2,1,-1,6,1,19,4,-1,-1,-1,-1,-1,-1,0,-1
2025201564793,2025,201564793,1,9,0,-1,9,6,4,-1,0,1,0,0,0,0,1,1,-1,2,2,25,5,-1,-1,-1,-1,7,E01009439,0,1
2025201564816,2025,201564816,1,9,0,-1,9,3,8,-1,0,6,0,0,1,1,1,1,-1,6,2,50,8,-1,-1,-1,-1,5,E01009135,0,1
2025201564816,2025,201564816,2,19,0,-1,19,8,5,-1,0,1,1,0,1,0,4,1,-1,2,1,44,7,-1,-1,-1,-1,1,E01009129,0,1
2025201564849,2025,201564849,2,9,0,-1,19,1,5,-1,0,8,0,0,0,0,2,1,-1,6,1,30,6,-1,-1,-1,-1,3,E01009071,0,1
2025201564849,2025,201564849,1,9,0,-1,19,1,5,-1,0,8,0,0,0,0,1,1,-1,6,2,47,8,-1,-1,-1,-1,1,E01008927,0,1
2025201564935,2025,201564935,1,9,0,-1,19,1,5,-1,0,0,0,0,0,0,4,1,-1,6,3,-1,-1,-1,-1,-1,-1,-1,-1,0,-1
2025201564935,2025,201564935,2,1,0,-1,19,1,5,-1,0,0,0,0,0,0,3,1,-1,2,1,48,8,-1,-1,-1,-1,2,E01010420,0,1
2025201564957,2025,201564957,1,98,0,-1,19,2,6,-1,0,0,0,0,0,0,4,1,-1,1,1,57,9,-1,-1,-1,-1,-1,-1,0,-1
2025201564959,2025,201564959,2,9,0,-1,4,8,4,-1,0,0,0,0,0,0,2,1,-1,2,2,52,8,-1,-1,-1,-1,2,E01009054,0,2
2025201564959,2025,201564959,1,19,0,-1,19,8,4,-1,0,0,0,0,0,0,1,1,-1,6,1,-1,-1,-1,-1,-1,-1,-1,-1,0,-1
2025201565099,2025,201565099,1,9,0,-1,9,3,2,-1,0,6,0,10,7,0,3,1,-1,9,2,25,5,-1,-1,-1,-1,6,E01009778,0,1
2025201565099,2025,201565099,2,9,0,-1,19,1,5,-1,0,8,0,10,1,11,4,1,-1,6,1,27,6,-1,-1,-1,-1,2,E01010016,0,1
2025201565108,2025,201565108,1,9,0,-1,14,6,2,-1,0,0,0,0,0,0,1,1,-1,6,3,20,4,-1,-1,-1,-1,-1,-1,0,-1
2025201565138,2025,201565138,1,9,0,-1,19,8,3,-1,0,0,0,0,0,0,1,1,-1,6,1,49,8,-1,-1,-1,-1,6,E01009690,0,1
2025201565138,2025,201565138,2,9,0,-1,19,8,3,-1,0,0,0,0,0,0,2,1,-1,6,-1,-1,-1,-1,-1,-1,-1,-1,-1,0,-1
2025201565156,2025,201565156,1,9,0,-1,9,3,5,-1,0,8,0,0,0,0,4,1,-1,6,1,42,7,-1,-1,-1,-1,2,E01034952,0,2
2025201565156,2025,201565156,2,9,0,-1,19,5,3,-1,0,8,0,0,0,0,3,1,-1,6,1,26,6,-1,-1,-1,-1,2,E01010059,0,1
2025201565161,2025,201565161,2,8,0,-1,12,5,1,-1,0,0,0,0,0,0,2,1,-1,1,1,52,8,-1,-1,-1,-1,1,E01009099,0,1
2025201565161,2025,201565161,1,9,0,-1,13,5,1,-1,0,0,0,0,0,0,2,1,-1,9,1,31,6,-1,-1,-1,-1,1,E01009099,0,1
2025201565191,2025,201565191,2,9,0,-1,1,7,3,-1,0,1,0,0,0,0,2,9,-1,6,3,50,8,-1,-1,-1,-1,-1,-1,0,-1
2025201565191,2025,201565191,1,9,0,-1,19,8,4,-1,0,1,0,0,0,0,1,9,-1,9,1,18,4,-1,-1,-1,-1,-1,-1,0,-1
2025201565198,2025,201565198,1,9,0,-1,19,5,1,-1,0,0,0,0,0,0,1,1,-1,9,1,29,6,-1,-1,-1,-1,1,E01034924,0,1
2025201565198,2025,201565198,2,9,0,-1,1,5,1,-1,0,0,0,0,0,0,2,1,-1,9,1,25,5,-1,-1,-1,-1,1,E01009061,0,1
2025201565269,2025,201565269,1,9,0,-1,19,3,7,-1,0,6,0,0,0,0,1,1,-1,6,2,75,10,-1,-1,-1,-1,-1,-1,0,-1
2025201565269,2025,201565269,2,9,0,-1,19,6,2,-1,0,8,0,0,0,0,3,1,-1,6,1,59,9,-1,-1,-1,-1,7,E01010355,0,1
2025201565307,2025,201565307,1,9,0,-1,12,7,3,-1,0,4,0,0,0,0,4,1,-1,6,1,18,4,-1,-1,-1,-1,-1,-1,0,-1
2025201565307,2025,201565307,2,9,0,-1,8,7,3,-1,0,4,0,0,0,0,3,1,-1,9,1,46,8,-1,-1,-1,-1,7,E01008991,0,1
2025201565311,2025,201565311,2,9,0,-1,19,1,3,-1,0,1,0,0,0,0,1,1,-1,6,-1,40,7,-1,-1,-1,-1,-1,-1,0,-1
2025201565311,2025,201565311,1,9,0,-1,9,7,7,-1,0,6,0,0,0,0,4,1,-1,6,2,41,7,-1,-1,-1,-1,3,E01033561,0,1
2025201565312,2025,201565312,2,1,0,-1,19,3,7,-1,0,1,0,0,0,0,1,1,-1,6,1,46,8,-1,-1,-1,-1,5,E01009520,0,2
2025201565312,2025,201565312,1,9,0,-1,2,0,0,-1,0,2,0,0,0,0,2,1,-1,6,1,33,6,-1,-1,-1,-1,2,E01031063,0,4
2025201565327,2025,201565327,2,9,0,-1,2,0,0,-1,0,2,0,0,0,0,2,9,-1,1,2,26,6,-1,-1,-1,-1,2,E01031065,0,3
2025201565327,2025,201565327,1,9,0,-1,19,3,7,-1,0,1,0,0,0,0,1,9,-1,6,3,40,7,-1,-1,-1,-1,-1,-1,0,-1
2025201565354,2025,201565354,1,9,0,-1,19,5,8,-1,0,2,1,10,7,0,1,1,-1,6,1,50,8,-1,-1,-1,-1,-1,-1,0,-1
2025201565354,2025,201565354,3,9,0,-1,19,8,5,-1,0,1,0,0,0,0,1,1,-1,6,1,73,10,-1,-1,-1,-1,-1,-1,0,-1
2025201565354,2025,201565354,2,9,0,-1,19,8,5,-1,0,2,0,0,0,0,1,1,-1,6,1,83,11,-1,-1,-1,-1,-1,-1,0,-1
2025201565358,2025,201565358,2,9,0,-1,5,3,7,-1,0,3,0,0,0,0,1,9,-1,6,1,50,8,-1,-1,-1,-1,1,E01008941,0,1
2025201565358,2025,201565358,1,9,0,-1,4,3,7,-1,0,3,0,0,0,0,2,9,-1,6,1,30,6,-1,-1,-1,-1,-1,-1,0,-1
2025201565381,2025,201565381,2,9,0,-1,9,4,2,-1,0,5,0,0,0,0,3,1,-1,9,2,30,6,-1,-1,-1,-1,6,E01009618,0,1
2025201565381,2025,201565381,1,90,0,-1,13,4,2,-1,0,1,0,0,0,0,4,1,-1,8,1,53,8,-1,-1,-1,-1,7,E01009708,0,1
2025201565388,2025,201565388,1,5,0,-1,19,2,6,-1,0,8,0,0,0,0,1,1,-1,9,1,45,7,-1,-1,-1,-1,4,E01013534,0,4
2025201565388,2025,201565388,2,9,0,-1,19,2,8,-1,0,8,0,0,0,0,1,1,-1,9,2,38,7,-1,-1,-1,-1,1,E01009581,0,1
2025201565439,2025,201565439,1,1,0,-1,15,1,5,-1,0,1,0,0,0,0,1,1,-1,6,1,23,5,-1,-1,-1,-1,-1,-1,0,-1
2025201565439,2025,201565439,2,97,0,-1,19,5,1,-1,0,2,0,0,0,0,1,1,-1,6,-1,-1,-1,-1,-1,-1,-1,-1,-1,0,-1
2025201565441,2025,201565441,1,9,0,-1,19,7,7,-1,0,8,0,0,0,0,3,1,-1,2,1,50,8,-1,-1,-1,-1,1,E01032278,0,3
2025201565441,2025,201565441,2,9,0,-1,9,5,8,-1,0,8,0,0,0,0,4,1,-1,2,2,30,6,-1,-1,-1,-1,2,E01009940,0,1
2025201565456,2025,201565456,1,9,0,-1,6,5,2,-1,0,2,0,0,0,0,4,1,-1,6,-1,-1,-1,-1,-1,-1,-1,-1,-1,0,-1
2025201565456,2025,201565456,2,19,0,-1,19,2,6,-1,0,1,0,0,0,0,3,1,-1,6,-1,-1,-1,-1,-1,-1,-1,-1,-1,0,-1
2025201565493,2025,201565493,2,99,0,-1,19,8,4,-1,0,0,0,0,0,0,1,1,-1,6,3,30,6,-1,-1,-1,-1,-1,-1,0,-1
2025201565493,2025,201565493,1,99,0,-1,19,8,4,-1,0,0,0,0,0,0,1,1,-1,6,2,30,6,-1,-1,-1,-1,2,E01010049,0,2
2025201565494,2025,201565494,1,9,0,-1,19,5,1,-1,0,0,0,0,0,0,1,1,-1,6,1,30,6,-1,-1,-1,-1,-1,-1,0,-1
2025201565494,2025,201565494,2,9,0,-1,3,5,1,-1,0,0,0,0,0,0,2,1,-1,6,1,50,8,-1,-1,-1,-1,2,E01009989,0,1
2025201565505,2025,201565505,1,9,0,-1,19,4,8,-1,0,0,0,0,0,0,1,9,-1,6,3,-1,-1,-1,-1,-1,-1,-1,-1,0,-1
2025201565514,2025,201565514,2,9,0,-1,3,1,2,-1,0,0,0,0,0,0,4,1,-1,9,1,69,10,-1,-1,-1,-1,1,E01009700,0,1
2025201565514,2025,201565514,1,9,0,-1,19,2,2,-1,0,0,0,0,0,0,3,1,-1,6,3,50,8,-1,-1,-1,-1,-1,-1,0,-1
2025201565514,2025,201565514,3,9,0,-1,19,1,2,-1,0,0,0,0,0,0,3,1,-1,6,3,45,7,-1,-1,-1,-1,-1,-1,0,-1
2025201565536,2025,201565536,1,9,0,-1,19,8,4,-1,0,0,1,0,0,0,1,1,-1,6,1,-1,-1,-1,-1,-1,-1,-1,-1,0,-1
2025201565536,2025,201565536,2,9,0,-1,19,8,4,-1,0,0,0,0,0,0,2,1,-1,6,1,49,8,-1,-1,-1,-1,1,E01010368,0,1
2025201565541,2025,201565541,2,9,0,-1,19,6,2,-1,0,0,0,0,0,0,1,1,-1,6,2,48,8,-1,-1,-1,-1,2,E01009659,0,1