collision_index,collision_year,collision_ref_no,vehicle_reference,vehicle_type,towing_and_articulation,vehicle_manoeuvre_historic,vehicle_manoeuvre,vehicle_direction_from,vehicle_direction_to,vehicle_location_restricted_lane_historic,vehicle_location_restricted_lane,junction_location,skidding_and_overturning,hit_object_in_carriageway,vehicle_leaving_carriageway,hit_object_off_carriageway,first_point_of_impact,vehicle_left_hand_drive,journey_purpose_of_driver_historic,journey_purpose_of_driver,sex_of_driver,age_of_driver,age_band_of_driver,engine_capacity_cc,propulsion_code,age_of_vehicle,generic_make_model,driver_imd_decile,lsoa_of_driver,escooter_flag,driver_distance_banding
2025201568125,2025,201568125,1,9,0,-1,19,6,2,-1,0,1,0,0,0,0,1,1,-1,6,3,-1,-1,-1,-1,-1,-1,-1,-1,0,-1
2025201568170,2025,201568170,2,9,0,-1,19,2,6,-1,0,8,0,0,1,0,1,1,-1,9,1,35,6,-1,-1,-1,-1,3,E01010327,0,2
2025201568170,2025,201568170,1,9,0,-1,9,2,2,-1,0,8,0,0,7,0,1,1,-1,9,1,49,8,-1,-1,-1,-1,1,E01010464,0,3
2025201568192,2025,201568192,2,8,0,-1,19,6,2,-1,0,8,1,10,5,0,3,1,-1,1,1,59,9,-1,-1,-1,-1,1,E01009132,0,2
2025201568192,2025,201568192,1,20,0,-1,9,5,2,-1,0,7,0,0,0,0,1,1,-1,1,1,45,7,-1,-1,-1,-1,4,E01010393,0,3
2025201568203,2025,201568203,2,8,0,-1,19,7,4,-1,0,0,0,0,0,0,2,1,-1,6,1,41,7,-1,-1,-1,-1,4,E01033564,0,2
2025201568203,2025,201568203,1,9,0,-1,19,6,3,-1,0,0,0,0,0,0,1,1,-1,6,-1,-1,-1,-1,-1,-1,-1,-1,-1,0,-1
2025201568220,2025,201568220,1,9,0,-1,19,7,4,-1,0,8,0,0,0,0,4,1,-1,6,2,22,5,-1,-1,-1,-1,2,E01009988,0,1
2025201568220,2025,201568220,2,9,0,-1,7,1,4,-1,0,3,0,0,1,0,1,1,-1,9,1,29,6,-1,-1,-1,-1,10,E01025773,0,4
2025201568245,2025,201568245,1,9,0,-1,19,8,4,-1,0,1,0,0,1,0,1,1,-1,9,1,80,11,-1,-1,-1,-1,5,E01010548,0,1
2025201568245,2025,201568245,2,9,0,-1,8,2,4,-1,0,2,0,0,1,0,1,1,-1,6,2,41,7,-1,-1,-1,-1,5,E01010460,0,1
2025201568254,2025,201568254,2,9,0,-1,3,8,4,-1,0,1,0,0,0,0,2,1,-1,9,1,29,6,-1,-1,-1,-1,-1,-1,0,-1
2025201568254,2025,201568254,1,19,0,-1,3,8,4,-1,0,1,0,0,0,0,1,1,-1,9,3,-1,-1,-1,-1,-1,-1,-1,-1,0,-1
2025201568270,2025,201568270,1,19,0,-1,19,2,2,-1,0,0,0,0,0,0,1,1,-1,6,1,50,8,-1,-1,-1,-1,-1,-1,0,-1
2025201568270,2025,201568270,2,9,0,-1,19,2,2,-1,0,0,0,0,0,0,2,1,-1,7,1,25,5,-1,-1,-1,-1,6,E01009681,0,2
2025201568311,2025,201568311,2,9,0,-1,3,7,3,-1,0,4,0,0,0,0,2,1,-1,9,2,39,7,-1,-1,-1,-1,6,E01032591,0,1
2025201568311,2025,201568311,1,19,0,-1,19,7,3,-1,0,1,0,0,0,0,1,9,-1,6,1,30,6,-1,-1,-1,-1,-1,-1,0,-1
2025201568320,2025,201568320,1,9,0,-1,19,5,1,-1,0,8,0,0,0,0,1,1,-1,2,2,26,6,-1,-1,-1,-1,8,E01009901,0,1
2025201568320,2025,201568320,2,9,0,-1,9,1,8,-1,0,8,0,0,0,0,1,1,-1,9,2,37,7,-1,-1,-1,-1,4,E01025789,0,4
2025201568323,2025,201568323,2,9,0,-1,9,6,3,-1,0,6,0,0,0,0,3,1,-1,2,2,18,4,-1,-1,-1,-1,-1,-1,0,-1
2025201568323,2025,201568323,1,9,0,-1,5,3,7,-1,0,8,0,0,0,0,4,1,-1,6,1,30,6,-1,-1,-1,-1,-1,-1,0,-1
2025201568335,2025,201568335,1,9,0,-1,9,7,3,-1,9,0,0,0,3,11,1,1,-1,9,2,56,9,-1,-1,-1,-1,9,E01010154,0,1
2025201568342,2025,201568342,2,9,0,-1,4,7,2,-1,0,4,0,7,0,0,2,1,-1,6,1,30,6,-1,-1,-1,-1,1,E01034935,0,1
2025201568342,2025,201568342,1,9,0,-1,11,7,3,-1,0,4,0,0,0,0,1,1,-1,6,-1,30,6,-1,-1,-1,-1,-1,-1,0,-1
2025201568343,2025,201568343,2,9,0,-1,3,8,4,-1,0,0,0,0,0,0,2,1,-1,9,1,68,10,-1,-1,-1,-1,-1,-1,0,-1
2025201568343,2025,201568343,1,9,0,-1,12,1,4,-1,0,0,0,0,0,0,1,1,-1,2,2,31,6,-1,-1,-1,-1,3,E01009316,0,1
2025201568374,2025,201568374,2,9,0,-1,9,6,3,-1,0,5,0,0,0,0,1,1,-1,6,2,44,7,-1,-1,-1,-1,2,E01009271,0,1
2025201568374,2025,201568374,1,1,0,-1,19,1,3,-1,0,5,0,0,0,0,3,1,-1,6,1,40,7,-1,-1,-1,-1,2,E01009263,0,1
2025201568383,2025,201568383,1,9,0,-1,1,4,7,-1,0,0,0,0,7,11,2,1,-1,2,2,74,10,-1,-1,-1,-1,8,E01009908,0,1
2025201568410,2025,201568410,1,9,0,-1,19,7,3,-1,0,0,1,11,0,0,1,1,-1,6,1,20,4,-1,-1,-1,-1,1,E01009477,0,1
2025201568480,2025,201568480,1,9,0,-1,4,5,1,-1,0,0,0,0,0,0,1,9,-1,6,1,30,6,-1,-1,-1,-1,-1,-1,0,-1
2025201568480,2025,201568480,2,9,0,-1,4,5,1,-1,0,0,0,0,0,0,2,1,-1,1,1,32,6,-1,-1,-1,-1,1,E01010404,0,2
2025201568496,2025,201568496,1,9,0,-1,5,4,8,-1,0,6,0,0,0,0,1,1,-1,6,1,42,7,-1,-1,-1,-1,3,E01008986,0,1
2025201568496,2025,201568496,2,1,0,-1,19,5,1,-1,0,8,0,0,0,0,1,1,-1,6,1,85,11,-1,-1,-1,-1,3,E01009071,0,1
2025201568615,2025,201568615,1,9,0,-1,5,3,1,-1,0,6,0,0,0,0,1,1,-1,6,1,27,6,-1,-1,-1,-1,6,E01009586,0,1
2025201568719,2025,201568719,1,9,0,-1,9,5,3,-1,0,5,0,0,0,0,3,1,-1,9,2,31,6,-1,-1,-1,-1,1,E01010142,0,1
2025201568719,2025,201568719,2,97,0,-1,14,3,6,-1,0,5,0,0,0,0,1,1,-1,9,1,34,6,-1,-1,-1,-1,6,E01010174,0,2
2025201568747,2025,201568747,1,9,0,-1,19,4,8,-1,0,0,0,4,0,0,1,1,-1,9,1,20,4,-1,-1,-1,-1,5,E01009521,0,1
2025201568747,2025,201568747,2,9,0,-1,2,0,0,-1,0,0,0,0,0,0,2,2,-1,7,1,25,5,-1,-1,-1,-1,1,E01008896,0,1
2025201568764,2025,201568764,1,9,0,-1,7,1,3,-1,0,6,0,0,0,0,1,1,-1,9,1,41,7,-1,-1,-1,-1,4,E01033564,0,3
2025201568764,2025,201568764,2,9,0,-1,19,7,3,-1,0,8,0,0,0,0,4,1,-1,9,1,63,9,-1,-1,-1,-1,9,E01010391,0,1
2025201568792,2025,201568792,1,98,0,-1,19,5,1,-1,9,0,0,0,1,2,1,1,-1,9,2,36,7,-1,-1,-1,-1,1,E01008887,0,1
2025201568804,2025,201568804,2,9,0,-1,7,8,4,-1,0,3,0,0,0,0,1,1,-1,6,1,23,5,-1,-1,-1,-1,4,E01010100,0,2
2025201568804,2025,201568804,1,9,0,-1,7,1,4,-1,0,3,0,0,7,0,3,2,-1,6,1,44,7,-1,-1,-1,-1,2,E01010010,0,1
2025201568815,2025,201568815,1,9,0,-1,19,3,7,-1,0,0,0,0,0,0,1,1,-1,6,2,36,7,-1,-1,-1,-1,6,E01010542,0,1
2025201568928,2025,201568928,2,9,0,-1,19,8,4,-1,0,8,0,0,0,0,3,1,-1,1,1,62,9,-1,-1,-1,-1,5,E01009798,0,1
2025201568928,2025,201568928,1,9,0,-1,9,5,4,-1,0,6,0,0,0,0,1,1,-1,6,3,30,6,-1,-1,-1,-1,-1,-1,0,-1
2025201569013,2025,201569013,1,9,0,-1,19,8,4,-1,0,0,0,7,1,10,4,1,-1,1,1,30,6,-1,-1,-1,-1,5,E01009246,0,3
2025201569024,2025,201569024,1,9,0,-1,19,6,2,-1,0,8,0,0,1,0,1,9,-1,6,1,-1,-1,-1,-1,-1,-1,2,E01010101,0,3
2025201569024,2025,201569024,2,9,0,-1,5,4,8,-1,0,8,0,0,0,0,4,1,-1,6,1,22,5,-1,-1,-1,-1,1,E01010408,0,1
2025201569039,2025,201569039,1,9,0,-1,5,2,1,-1,0,6,0,0,0,0,1,1,-1,6,-1,-1,-1,-1,-1,-1,-1,-1,-1,0,-1
2025201569039,2025,201569039,2,9,0,-1,19,5,1,-1,0,8,0,0,0,0,1,1,-1,6,2,28,6,-1,-1,-1,-1,6,E01009318,0,1
2025201569185,2025,201569185,2,9,0,-1,3,5,1,-1,0,0,0,0,0,0,2,1,-1,6,2,29,6,-1,-1,-1,-1,-1,-1,0,-1
2025201569185,2025,201569185,1,19,0,-1,3,5,1,-1,0,0,0,0,0,0,2,1,-1,6,1,52,8,-1,-1,-1,-1,-1,-1,0,-1
2025201569185,2025,201569185,3,19,0,-1,19,5,1,-1,0,0,0,0,0,0,1,1,-1,6,-1,25,5,-1,-1,-1,-1,-1,-1,0,-1
2025201569210,2025,201569210,2,9,0,-1,19,7,3,-1,0,1,0,0,0,0,1,9,-1,6,3,24,5,-1,-1,-1,-1,-1,-1,0,-1
2025201569210,2025,201569210,1,9,0,-1,3,2,3,-1,0,1,0,0,0,0,2,1,-1,6,2,36,7,-1,-1,-1,-1,1,E01034925,0,1
2025201569224,2025,201569224,1,9,0,-1,19,2,6,-1,0,0,0,0,0,0,1,1,-1,6,2,61,9,-1,-1,-1,-1,7,E01009116,0,1
2025201569234,2025,201569234,1,1,0,-1,2,0,0,-1,0,0,0,0,0,0,1,1,-1,6,1,21,5,-1,-1,-1,-1,1,E01009479,0,1
2025201569249,2025,201569249,1,9,0,-1,19,5,1,-1,0,1,0,0,0,0,2,1,-1,6,2,51,8,-1,-1,-1,-1,1,E01009376,0,1
2025201569249,2025,201569249,2,98,0,-1,19,5,1,-1,0,1,0,0,0,0,1,1,-1,6,3,30,6,-1,-1,-1,-1,-1,-1,0,-1
2025201569269,2025,201569269,1,9,0,-1,9,5,7,-1,0,1,0,0,0,0,1,9,-1,6,3,40,7,-1,-1,-1,-1,-1,-1,0,-1
2025201569269,2025,201569269,2,-1,0,-1,19,1,1,-1,0,1,0,0,0,0,1,1,-1,6,1,23,5,-1,-1,-1,-1,-1,-1,1,-1
2025201569513,2025,201569513,1,9,0,-1,19,5,4,-1,0,0,0,0,0,0,1,1,-1,6,2,35,6,-1,-1,-1,-1,2,E01009029,0,1
2025201569549,2025,201569549,1,9,0,-1,19,6,2,-1,0,0,0,0,0,0,1,1,-1,6,2,25,5,-1,-1,-1,-1,-1,-1,0,-1
2025201569549,2025,201569549,2,9,0,-1,3,6,2,-1,0,0,0,0,0,0,2,1,-1,1,2,22,5,-1,-1,-1,-1,1,E01010288,0,2
2025201569639,2025,201569639,1,19,0,-1,19,7,3,-1,0,0,0,0,0,0,1,1,-1,6,3,-1,-1,-1,-1,-1,-1,-1,-1,0,-1
2025201569639,2025,201569639,2,1,0,-1,19,7,3,-1,0,0,0,0,0,0,1,1,-1,6,1,24,5,-1,-1,-1,-1,6,E01010542,0,2
2025201569664,2025,201569664,1,9,0,-1,19,5,1,-1,0,0,0,0,0,0,3,1,-1,7,2,38,7,-1,-1,-1,-1,9,E01010328,0,1
2025201569780,2025,201569780,1,9,0,-1,19,2,6,-1,0,0,0,0,0,0,1,1,-1,6,1,27,6,-1,-1,-1,-1,2,E01032474,0,3
2025201569780,2025,201569780,2,19,0,-1,19,2,6,-1,0,0,0,0,0,0,2,1,-1,6,1,33,6,-1,-1,-1,-1,8,E01009728,0,1
2025201570084,2025,201570084,2,9,0,-1,2,0,0,-1,0,8,0,0,0,0,3,1,-1,9,1,60,9,-1,-1,-1,-1,3,E01008947,0,3
2025201570084,2025,201570084,1,9,0,-1,7,3,5,-1,0,6,0,0,0,0,1,1,-1,6,3,30,6,-1,-1,-1,-1,-1,-1,0,-1
2025201570145,2025,201570145,1,9,0,-1,9,4,2,-1,0,0,0,0,0,0,4,1,-1,9,2,38,7,-1,-1,-1,-1,1,E01009073,0,1
2025201570145,2025,201570145,2,9,0,-1,19,8,4,-1,0,0,0,0,0,0,1,1,-1,6,1,46,8,-1,-1,-1,-1,4,E01009077,0,1
2025201570165,2025,201570165,2,9,0,-1,3,7,3,-1,0,0,0,0,0,0,2,1,-1,2,2,40,7,-1,-1,-1,-1,4,E01009250,0,2
2025201570165,2025,201570165,1,9,0,-1,19,7,3,-1,0,0,0,0,0,0,1,1,-1,6,1,-1,-1,-1,-1,-1,-1,-1,-1,0,-1
2025201570254,2025,201570254,1,9,0,-1,19,5,1,-1,0,0,1,10,0,0,1,1,-1,6,1,19,4,-1,-1,-1,-1,-1,-1,0,-1
2025201570292,2025,201570292,1,1,0,-1,19,3,7,-1,0,0,1,0,0,0,1,1,-1,6,1,31,6,-1,-1,-1,-1,7,E01009562,0,1
2025201570344,2025,201570344,1,23,0,-1,19,7,3,-1,0,0,1,10,1,0,1,1,-1,6,1,16,4,-1,-1,-1,-1,-1,-1,0,-1
2025201570357,2025,201570357,1,19,0,-1,2,5,2,-1,9,0,0,10,8,10,3,1,-1,9,1,27,6,-1,-1,-1,-1,8,E01009730,0,1
2025201570381,2025,201570381,2,9,0,-1,19,1,5,-1,0,8,0,0,0,0,1,1,-1,6,-1,-1,-1,-1,-1,-1,-1,-1,-1,0,-1
2025201570381,2025,201570381,1,3,0,-1,19,2,6,-1,0,8,0,0,0,0,1,1,-1,6,1,27,6,-1,-1,-1,-1,-1,-1,0,-1
2025201570455,2025,201570455,1,9,0,-1,19,2,6,-1,0,2,0,0,0,0,1,9,-1,9,3,-1,-1,-1,-1,-1,-1,-1,-1,0,-1
2025201570506,2025,201570506,1,9,0,-1,19,5,1,-1,0,0,0,0,0,0,4,1,-1,9,1,31,6,-1,-1,-1,-1,-1,-1,0,-1
2025201570528,2025,201570528,2,9,0,-1,9,2,8,-1,0,6,0,0,0,0,3,1,-1,1,1,31,6,-1,-1,-1,-1,3,E01009956,0,1
2025201570528,2025,201570528,1,9,0,-1,19,8,4,-1,0,1,0,0,0,0,1,1,-1,6,1,20,4,-1,-1,-1,-1,-1,-1,0,-1
2025201570669,2025,201570669,1,9,0,-1,1,8,4,-1,9,0,0,0,0,0,2,1,-1,6,3,18,4,-1,-1,-1,-1,-1,-1,0,-1
2025201570739,2025,201570739,2,3,0,-1,19,8,4,-1,0,0,0,0,0,0,2,1,-1,6,1,-1,-1,-1,-1,-1,-1,3,E01009166,0,1
2025201570739,2025,201570739,1,9,0,-1,19,8,4,-1,0,0,0,0,0,0,1,1,-1,6,1,-1,-1,-1,-1,-1,-1,-1,-1,0,-1
2025201570777,2025,201570777,2,9,0,-1,7,1,5,-1,0,8,0,0,0,0,3,9,-1,9,1,41,7,-1,-1,-1,-1,2,E01009874,0,4
2025201570777,2025,201570777,1,1,0,-1,19,8,5,-1,0,8,2,0,0,0,4,1,-1,6,1,58,9,-1,-1,-1,-1,1,E01009700,0,1
2025201570857,2025,201570857,1,9,0,-1,7,5,3,-1,0,8,0,10,7,11,1,1,-1,9,1,27,6,-1,-1,-1,-1,1,E01009026,0,2
2025201570857,2025,201570857,2,9,0,-1,19,3,7,-1,0,1,0,0,1,0,3,1,-1,1,1,19,4,-1,-1,-1,-1,1,E01034921,0,1
2025201570944,2025,201570944,3,9,0,-1,19,3,7,-1,0,8,0,0,0,0,2,1,-1,6,1,29,6,-1,-1,-1,-1,-1,-1,0,-1
2025201570944,2025,201570944,2,9,0,-1,19,3,7,-1,0,8,0,0,0,0,2,1,-1,6,-1,-1,-1,-1,-1,-1,-1,-1,-1,0,-1
2025201570944,2025,201570944,1,19,0,-1,19,3,7,-1,0,8,0,0,0,0,1,1,-1,6,1,40,7,-1,-1,-1,-1,3,E01009967,0,3
2025201570957,2025,201570957,1,9,0,-1,14,4,8,-1,0,0,0,0,0,0,1,9,-1,6,3,-1,-1,-1,-1,-1,-1,-1,-1,0,-1
2025201570980,2025,201570980,1,8,0,-1,19,5,1,-1,0,0,0,0,0,0,0,9,-1,1,3,45,7,-1,-1,-1,-1,-1,-1,0,-1
2025201570980,2025,201570980,2,1,0,-1,19,1,5,-1,0,0,0,0,1,0,0,1,-1,2,1,40,7,-1,-1,-1,-1,2,E01010476,0,1
2025201570981,2025,201570981,1,9,0,-1,5,7,3,-1,0,1,0,0,0,0,1,1,-1,6,-1,-1,-1,-1,-1,-1,-1,-1,-1,0,-1
2025201570994,2025,201570994,1,9,5,-1,11,8,1,-1,0,0,1,0,0,0,1,1,-1,6,1,20,4,-1,-1,-1,-1,2,E01009090,0,1
2025201571013,2025,201571013,1,9,0,-1,4,5,4,-1,0,1,0,0,0,0,1,1,-1,6,1,18,4,-1,-1,-1,-1,-1,-1,0,-1
2025201571075,2025,201571075,1,9,0,-1,7,1,3,-1,0,6,0,0,0,0,1,9,-1,6,3,30,6,-1,-1,-1,-1,-1,-1,0,-1
2025201571075,2025,201571075,2,9,0,-1,15,1,1,-1,0,8,0,0,0,0,4,9,-1,9,2,31,6,-1,-1,-1,-1,-1,-1,0,-1
2025201571099,2025,201571099,1,9,0,-1,19,7,3,-1,0,1,0,0,0,0,1,1,-1,6,1,-1,-1,-1,-1,-1,-1,-1,-1,0,-1
2025201571099,2025,201571099,2,9,0,-1,7,7,1,-1,0,1,0,0,0,0,4,1,-1,9,1,40,7,-1,-1,-1,-1,5,E01009247,0,2
2025201571116,2025,201571116,2,3,0,-1,19,3,7,-1,0,0,0,0,0,0,1,1,-1,6,3,-1,-1,-1,-1,-1,-1,-1,-1,0,-1
2025201571116,2025,201571116,1,9,0,-1,4,3,7,-1,0,0,0,0,0,0,2,1,-1,9,2,24,5,-1,-1,-1,-1,-1,-1,0,-1
2025201571128,2025,201571128,2,97,0,-1,19,5,1,-1,0,8,0,0,0,0,4,1,-1,6,1,18,4,-1,-1,-1,-1,1,E01009114,0,1
2025201571128,2025,201571128,1,9,0,-1,19,2,7,-1,0,8,0,0,0,0,4,1,-1,6,1,22,5,-1,-1,-1,-1,1,E01009503,0,1
2025201571142,2025,201571142,2,9,0,-1,19,1,4,-1,0,3,0,0,0,0,1,1,-1,6,1,39,7,-1,-1,-1,-1,1,E01008980,0,1
2025201571142,2025,201571142,1,97,0,-1,19,6,3,-1,0,3,0,0,0,0,1,1,-1,6,1,40,7,-1,-1,-1,-1,1,E01009396,0,2
2025201571144,2025,201571144,1,9,0,-1,19,5,1,-1,0,0,0,0,0,0,1,1,-1,9,2,63,9,-1,-1,-1,-1,7,E01032124,0,1
2025201571230,2025,201571230,1,8,0,-1,19,3,7,-1,0,8,0,0,0,0,1,1,-1,6,1,35,6,-1,-1,-1,-1,1,E01009362,0,1
2025201571230,2025,201571230,2,9,0,-1,19,1,5,-1,0,8,0,0,0,0,1,9,-1,6,3,-1,-1,-1,-1,-1,-1,-1,-1,0,-1
2025201571243,2025,201571243,2,9,0,-1,19,8,7,-1,0,1,0,0,0,0,4,1,-1,6,1,28,6,-1,-1,-1,-1,1,E01008966,0,1
2025201571243,2025,201571243,1,98,0,-1,9,1,2,-1,0,1,0,0,0,0,4,1,-1,1,3,25,5,-1,-1,-1,-1,-1,-1,0,-1
2025201571265,2025,201571265,1,9,0,-1,7,8,2,-1,0,8,0,0,0,0,1,1,-1,6,2,40,7,-1,-1,-1,-1,-1,-1,0,-1
2025201571265,2025,201571265,2,9,0,-1,19,8,6,-1,0,8,0,0,0,0,3,1,-1,2,2,21,5,-1,-1,-1,-1,7,E01010360,0,1
2025201571277,2025,201571277,3,9,0,-1,5,3,7,-1,0,0,0,0,0,0,1,1,-1,9,1,39,7,-1,-1,-1,-1,2,E01009095,0,1
2025201571277,2025,201571277,2,9,0,-1,4,3,7,-1,0,0,0,0,0,0,2,1,-1,9,2,44,7,-1,-1,-1,-1,1,E01009311,0,1
2025201571278,2025,201571278,2,9,0,-1,5,3,7,-1,0,6,0,0,0,0,1,1,-1,9,1,59,9,-1,-1,-1,-1,7,E01031007,0,3
2025201571278,2025,201571278,1,97,0,-1,19,4,2,-1,0,1,1,0,0,0,1,1,-1,6,1,18,4,-1,-1,-1,-1,-1,-1,0,-1
2025201571286,2025,201571286,1,9,0,-1,19,6,2,-1,0,1,0,0,0,0,1,1,-1,6,-1,-1,-1,-1,-1,-1,-1,-1,-1,0,-1
2025201571307,2025,201571307,2,9,0,-1,19,8,4,-1,0,8,0,0,0,0,1,9,-1,6,3,18,4,-1,-1,-1,-1,-1,-1,0,-1
2025201571307,2025,201571307,1,9,0,-1,5,2,6,-1,0,8,0,0,0,0,1,1,-1,6,1,28,6,-1,-1,-1,-1,2,E01010016,0,1
2025201571321,2025,201571321,1,9,0,-1,19,4,8,-1,0,0,0,0,0,0,1,1,-1,1,2,60,9,-1,-1,-1,-1,3,E01009775,0,1
2025201571325,2025,201571325,1,9,0,-1,5,4,8,-1,0,0,0,0,0,0,1,1,-1,6,2,25,5,-1,-1,-1,-1,-1,-1,0,-1
2025201571354,2025,201571354,2,1,0,-1,19,8,5,-1,0,8,0,0,0,0,3,1,-1,6,1,50,8,-1,-1,-1,-1,2,E01009395,0,1
2025201571354,2025,201571354,1,8,0,-1,19,3,6,-1,0,8,0,0,0,0,1,1,-1,6,1,52,8,-1,-1,-1,-1,2,E01009393,0,1
2025201571560,2025,201571560,1,9,0,-1,19,4,8,-1,0,8,0,0,0,0,1,1,-1,6,1,23,5,-1,-1,-1,-1,5,E01008954,0,2
2025201571560,2025,201571560,2,8,0,-1,19,4,8,-1,0,8,0,0,0,0,2,9,-1,6,3,-1,-1,-1,-1,-1,-1,-1,-1,0,-1
2025201571577,2025,201571577,1,9,0,-1,9,5,3,-1,0,0,0,0,0,0,1,9,-1,1,1,61,9,-1,-1,-1,-1,3,E01008952,0,1
2025201571641,2025,201571641,1,9,0,-1,9,5,3,-1,0,6,0,0,0,0,1,1,-1,6,1,18,4,-1,-1,-1,-1,1,E01033650,0,1
2025201571641,2025,201571641,2,99,0,-1,19,3,7,-1,0,8,0,0,0,0,2,1,-1,6,1,20,4,-1,-1,-1,-1,7,E01034319,0,4
2025201571644,2025,201571644,1,9,0,-1,19,3,7,-1,0,0,0,0,0,0,1,9,-1,6,3,-1,-1,-1,-1,-1,-1,-1,-1,0,-1
2025201571644,2025,201571644,2,9,0,-1,3,3,7,-1,0,0,0,0,0,0,2,9,-1,9,2,63,9,-1,-1,-1,-1,4,E01009868,0,1
2025201571734,2025,201571734,1,9,0,-1,19,3,3,-1,0,1,0,0,0,0,1,9,-1,6,2,30,6,-1,-1,-1,-1,-1,-1,0,-1
2025201571734,2025,201571734,2,9,0,-1,19,5,5,-1,0,8,0,7,0,0,3,9,-1,9,2,29,6,-1,-1,-1,-1,3,W01001232,0,5
2025201571747,2025,201571747,2,9,0,-1,2,7,3,-1,0,1,0,0,0,0,4,1,-1,8,1,35,6,-1,-1,-1,-1,-1,-1,0,-1
2025201571747,2025,201571747,1,9,0,-1,5,3,7,-1,0,1,0,0,1,0,1,1,-1,9,1,30,6,-1,-1,-1,-1,-1,-1,0,-1
2025201571767,2025,201571767,1,9,0,-1,19,4,8,-1,0,1,1,0,0,0,1,1,-1,9,1,21,5,-1,-1,-1,-1,3,E01009238,0,1
2025201571767,2025,201571767,2,9,0,-1,9,7,4,-1,0,8,0,0,0,0,3,1,-1,1,1,42,7,-1,-1,-1,-1,4,E01009241,0,1
2025201571767,2025,201571767,4,9,0,-1,9,7,4,-1,0,8,0,0,0,0,1,1,-1,9,2,34,6,-1,-1,-1,-1,1,E01010107,0,2
2025201571767,2025,201571767,3,8,0,-1,9,7,4,-1,0,8,1,0,0,0,3,1,-1,1,1,42,7,-1,-1,-1,-1,3,E01009242,0,1
2025201571807,2025,201571807,1,11,0,-1,19,8,4,-1,0,1,0,0,0,0,3,1,-1,1,1,58,9,-1,-1,-1,-1,-1,-1,0,-1
2025201571836,2025,201571836,1,9,0,-1,7,7,2,-1,0,8,0,0,0,0,1,9,-1,6,1,40,7,-1,-1,-1,-1,-1,-1,0,-1
2025201571836,2025,201571836,2,1,0,-1,19,7,3,-1,0,8,2,0,0,0,2,1,-1,9,1,40,7,-1,-1,-1,-1,4,E01009230,0,1
2025201571932,2025,201571932,1,9,0,-1,9,1,7,-1,0,8,0,0,0,0,1,1,-1,9,2,20,4,-1,-1,-1,-1,2,E01009659,0,1
2025201571932,2025,201571932,2,9,0,-1,19,7,3,-1,0,8,0,0,0,0,4,1,-1,9,1,23,5,-1,-1,-1,-1,3,E01009650,0,1
2025201571938,2025,201571938,1,9,0,-1,1,7,4,-1,9,0,0,8,7,0,2,1,-1,9,2,88,11,-1,-1,-1,-1,1,E01009000,0,1
2025201571938,2025,201571938,2,9,0,-1,2,0,0,-1,0,0,0,4,0,0,2,1,-1,6,-1,-1,-1,-1,-1,-1,-1,-1,-1,0,-1
2025201571938,2025,201571938,3,9,0,-1,2,0,0,-1,0,0,0,0,0,0,2,1,-1,6,-1,-1,-1,-1,-1,-1,-1,-1,-1,0,-1
2025201571940,2025,201571940,2,9,0,-1,9,8,1,-1,0,1,0,0,0,0,1,1,-1,1,1,40,7,-1,-1,-1,-1,1,E01033616,0,1
2025201571940,2025,201571940,1,3,0,-1,19,4,4,-1,0,1,0,0,0,0,1,1,-1,1,1,21,5,-1,-1,-1,-1,2,E01010064,0,2
2025201571942,2025,201571942,2,1,0,-1,19,8,4,-1,0,8,0,0,0,0,1,1,-1,6,1,68,10,-1,-1,-1,-1,1,E01010372,0,1
2025201571942,2025,201571942,1,9,0,-1,7,2,4,-1,0,6,0,0,0,0,3,1,-1,6,1,68,10,-1,-1,-1,-1,1,E01010342,0,1
2025201571950,2025,201571950,1,9,0,-1,19,4,8,-1,0,0,0,0,0,0,4,1,-1,6,2,55,8,-1,-1,-1,-1,1,E01009343,0,1
2025201571971,2025,201571971,1,9,0,-1,6,6,6,-1,0,0,0,0,0,0,1,1,-1,9,2,95,11,-1,-1,-1,-1,9,E01009860,0,1
2025201571988,2025,201571988,1,9,0,-1,19,6,2,-1,0,8,0,0,0,0,1,1,-1,6,1,69,10,-1,-1,-1,-1,7,E01009911,0,2
2025201571991,2025,201571991,2,9,0,-1,3,4,8,-1,0,0,0,0,0,0,2,1,-1,9,1,70,10,-1,-1,-1,-1,6,E01010438,0,2
2025201571991,2025,201571991,1,9,0,-1,19,4,8,-1,0,0,0,0,0,0,1,1,-1,6,3,30,6,-1,-1,-1,-1,-1,-1,0,-1
2025201572075,2025,201572075,1,1,0,-1,7,8,7,-1,0,5,0,0,0,0,1,1,-1,6,3,20,4,-1,-1,-1,-1,-1,-1,0,-1
2025201572094,2025,201572094,2,9,0,-1,19,1,5,-1,0,8,0,0,0,0,1,1,-1,6,1,31,6,-1,-1,-1,-1,6,E01010221,0,1
2025201572094,2025,201572094,3,9,0,-1,2,0,0,-1,0,2,0,0,0,0,2,1,-1,6,2,-1,-1,-1,-1,-1,-1,-1,-1,0,-1
2025201572094,2025,201572094,1,9,0,-1,19,1,5,-1,0,1,0,4,1,7,1,1,-1,6,1,20,4,-1,-1,-1,-1,1,E01009396,0,1
2025201572094,2025,201572094,4,9,0,-1,2,0,0,-1,0,1,0,0,0,0,2,1,-1,6,-1,-1,-1,-1,-1,-1,-1,-1,-1,0,-1
2025201572172,2025,201572172,1,9,0,-1,19,7,3,-1,0,2,0,0,0,0,1,1,-1,6,3,-1,-1,-1,-1,-1,-1,-1,-1,0,-1
2025201572189,2025,201572189,2,9,0,-1,7,4,8,-1,0,8,0,0,0,0,4,1,-1,6,2,39,7,-1,-1,-1,-1,1,E01008913,0,1