collision_index,collision_year,collision_ref_no,vehicle_reference,vehicle_type,towing_and_articulation,vehicle_manoeuvre_historic,vehicle_manoeuvre,vehicle_direction_from,vehicle_direction_to,vehicle_location_restricted_lane_historic,vehicle_location_restricted_lane,junction_location,skidding_and_overturning,hit_object_in_carriageway,vehicle_leaving_carriageway,hit_object_off_carriageway,first_point_of_impact,vehicle_left_hand_drive,journey_purpose_of_driver_historic,journey_purpose_of_driver,sex_of_driver,age_of_driver,age_band_of_driver,engine_capacity_cc,propulsion_code,age_of_vehicle,generic_make_model,driver_imd_decile,lsoa_of_driver,escooter_flag,driver_distance_banding
2025201572189,2025,201572189,1,98,1,-1,12,5,1,-1,0,8,0,0,0,0,3,1,-1,1,1,33,6,-1,-1,-1,-1,-1,-1,0,-1
2025201572263,2025,201572263,1,9,0,-1,7,7,1,-1,0,1,0,0,0,0,1,1,-1,6,2,-1,-1,-1,-1,-1,-1,-1,-1,0,-1
2025201572344,2025,201572344,1,9,0,-1,9,4,3,-1,0,8,0,0,0,0,4,1,-1,9,1,28,6,-1,-1,-1,-1,10,E01010214,0,2
2025201572344,2025,201572344,2,9,0,-1,9,2,6,-1,0,1,0,0,0,0,1,1,-1,9,2,64,9,-1,-1,-1,-1,2,E01009029,0,1
2025201572346,2025,201572346,1,9,0,-1,15,6,2,-1,0,0,0,0,0,0,1,1,-1,9,1,20,4,-1,-1,-1,-1,1,E01009197,0,1
2025201572392,2025,201572392,2,9,0,-1,2,0,0,-1,9,0,0,0,0,0,1,1,-1,6,-1,-1,-1,-1,-1,-1,-1,-1,-1,0,-1
2025201572392,2025,201572392,1,9,0,-1,19,7,3,-1,0,0,5,4,0,0,1,1,-1,6,1,36,7,-1,-1,-1,-1,-1,-1,0,-1
2025201572424,2025,201572424,1,9,0,-1,5,6,2,-1,0,6,0,0,0,0,1,1,-1,6,2,27,6,-1,-1,-1,-1,1,E01010058,0,1
2025201572424,2025,201572424,2,8,0,-1,19,4,8,-1,0,8,0,0,0,0,2,1,-1,6,1,42,7,-1,-1,-1,-1,6,E01010081,0,1
2025201572449,2025,201572449,2,9,0,-1,2,0,0,-1,0,8,0,0,0,0,4,1,-1,6,1,38,7,-1,-1,-1,-1,4,E01010015,0,2
2025201572449,2025,201572449,1,9,0,-1,2,0,0,-1,0,8,0,0,0,0,1,1,-1,6,1,33,6,-1,-1,-1,-1,3,E01008986,0,1
2025201572473,2025,201572473,1,21,0,-1,19,3,7,-1,0,0,0,0,0,0,1,1,-1,6,1,49,8,-1,-1,-1,-1,1,E01009503,0,3
2025201572480,2025,201572480,1,5,0,-1,19,2,8,-1,0,8,0,0,0,0,1,1,-1,6,1,20,4,-1,-1,-1,-1,6,E01009548,0,1
2025201572480,2025,201572480,2,9,0,-1,19,6,2,-1,0,8,0,0,0,0,2,1,-1,6,1,47,8,-1,-1,-1,-1,8,E01009578,0,1
2025201572563,2025,201572563,1,9,0,-1,3,5,1,-1,0,0,0,0,0,0,1,1,-1,6,1,30,6,-1,-1,-1,-1,-1,-1,0,-1
2025201572563,2025,201572563,2,9,0,-1,3,1,5,-1,0,0,0,0,0,0,3,1,-1,6,1,23,5,-1,-1,-1,-1,1,E01034938,0,1
2025201572605,2025,201572605,2,9,0,-1,4,7,3,-1,0,0,0,0,0,0,2,1,-1,6,1,52,8,-1,-1,-1,-1,6,E01010557,0,1
2025201572605,2025,201572605,1,5,0,-1,19,7,3,-1,0,0,0,0,0,0,1,1,-1,9,2,27,6,-1,-1,-1,-1,2,E01010567,0,1
2025201572623,2025,201572623,1,9,0,-1,5,5,7,-1,0,4,0,0,0,0,1,9,-1,6,1,-1,-1,-1,-1,-1,-1,-1,-1,0,-1
2025201572623,2025,201572623,2,9,0,-1,19,3,7,-1,0,8,0,0,0,0,1,1,-1,6,2,63,9,-1,-1,-1,-1,4,E01008971,0,1
2025201572625,2025,201572625,2,9,0,-1,4,8,4,-1,0,1,0,0,0,0,2,1,-1,6,1,31,6,-1,-1,-1,-1,2,E01010442,0,3
2025201572625,2025,201572625,1,9,0,-1,19,8,4,-1,0,1,0,0,0,0,1,1,-1,6,1,-1,-1,-1,-1,-1,-1,-1,-1,0,-1
2025201572701,2025,201572701,2,9,0,-1,9,1,7,-1,0,0,0,0,0,0,4,9,-1,9,1,29,6,-1,-1,-1,-1,1,E01009752,0,1
2025201572701,2025,201572701,1,4,0,-1,19,5,1,-1,0,0,0,0,0,0,1,1,-1,9,1,25,5,-1,-1,-1,-1,4,E01010072,0,1
2025201572714,2025,201572714,2,20,0,-1,19,5,1,-1,0,4,0,0,0,0,2,1,-1,2,1,58,9,-1,-1,-1,-1,6,E01010035,0,1
2025201572714,2025,201572714,1,9,0,-1,19,5,1,-1,0,4,0,0,0,0,1,1,-1,6,1,30,6,-1,-1,-1,-1,1,E01010029,0,1
2025201572734,2025,201572734,1,9,0,-1,10,7,3,-1,0,0,0,0,0,0,1,9,-1,9,3,-1,-1,-1,-1,-1,-1,-1,-1,0,-1
2025201572734,2025,201572734,2,3,0,-1,19,1,5,-1,0,0,0,0,0,0,3,1,-1,9,1,19,4,-1,-1,-1,-1,8,E01009785,0,2
2025201572861,2025,201572861,2,9,0,-1,19,6,2,-1,0,0,5,10,7,0,4,1,-1,6,2,42,7,-1,-1,-1,-1,5,E01010069,0,3
2025201572861,2025,201572861,1,9,0,-1,5,6,2,-1,9,0,0,0,0,0,1,1,-1,6,1,33,6,-1,-1,-1,-1,8,E01009472,0,1
2025201572862,2025,201572862,1,9,0,-1,19,5,1,-1,0,0,0,0,0,0,1,1,-1,6,1,51,8,-1,-1,-1,-1,-1,-1,0,-1
2025201572873,2025,201572873,2,19,0,-1,10,5,1,-1,0,2,0,0,0,0,3,1,-1,6,1,58,9,-1,-1,-1,-1,2,E01010087,0,1
2025201572873,2025,201572873,3,9,0,-1,19,2,6,-1,0,1,0,0,0,0,1,1,-1,6,1,38,7,-1,-1,-1,-1,-1,-1,0,-1
2025201572873,2025,201572873,1,9,0,-1,2,8,4,-1,0,8,0,4,0,0,4,1,-1,2,2,64,9,-1,-1,-1,-1,3,E01010411,0,1
2025201572912,2025,201572912,1,9,0,-1,19,4,5,-1,0,6,0,0,0,0,3,1,-1,9,2,60,9,-1,-1,-1,-1,10,E01009903,0,1
2025201572912,2025,201572912,2,9,0,-1,5,1,5,-1,0,1,0,0,0,0,4,1,-1,6,3,20,4,-1,-1,-1,-1,-1,-1,0,-1
2025201573024,2025,201573024,1,9,0,-1,19,3,7,-1,0,0,0,0,0,0,1,9,-1,6,1,-1,-1,-1,-1,-1,-1,-1,-1,0,-1
2025201573031,2025,201573031,1,9,0,-1,4,3,7,-1,0,8,0,0,0,0,1,9,-1,6,3,30,6,-1,-1,-1,-1,-1,-1,0,-1
2025201573072,2025,201573072,1,9,0,-1,19,8,4,-1,0,0,0,0,0,0,1,1,-1,6,2,29,6,-1,-1,-1,-1,1,E01034943,0,1
2025201573072,2025,201573072,2,21,1,-1,19,4,8,-1,0,0,0,0,0,0,3,1,-1,6,1,38,7,-1,-1,-1,-1,2,E01006912,0,5
2025201573102,2025,201573102,2,9,0,-1,2,1,1,-1,-1,0,0,0,0,0,0,1,-1,6,1,57,9,-1,-1,-1,-1,7,E01009427,0,3
2025201573102,2025,201573102,1,21,1,-1,19,5,1,-1,0,0,0,0,0,0,1,1,-1,1,1,55,8,-1,-1,-1,-1,3,E01010867,0,5
2025201573132,2025,201573132,1,19,0,-1,9,4,2,-1,0,1,0,0,0,0,3,1,-1,1,1,37,7,-1,-1,-1,-1,1,E01009753,0,1
2025201573132,2025,201573132,2,5,0,-1,13,4,8,-1,0,8,0,0,0,0,4,1,-1,9,1,75,10,-1,-1,-1,-1,-1,-1,0,-1
2025201573141,2025,201573141,2,9,0,-1,4,3,5,-1,0,1,0,0,0,0,2,1,-1,9,2,55,8,-1,-1,-1,-1,-1,-1,0,-1
2025201573141,2025,201573141,1,9,0,-1,19,3,7,-1,0,4,0,0,0,0,1,1,-1,6,2,35,6,-1,-1,-1,-1,-1,-1,0,-1
2025201573143,2025,201573143,1,98,0,-1,5,4,3,-1,0,0,0,0,0,0,1,1,-1,1,1,45,7,-1,-1,-1,-1,2,E01010310,0,1
2025201573195,2025,201573195,1,8,0,-1,19,8,4,-1,0,0,0,0,0,0,1,9,-1,6,1,-1,-1,-1,-1,-1,-1,-1,-1,0,-1
2025201573199,2025,201573199,1,-1,0,-1,19,3,7,-1,9,0,0,0,0,0,1,1,-1,6,2,15,3,-1,-1,-1,-1,-1,-1,0,-1
2025201573248,2025,201573248,1,-1,0,-1,5,1,5,-1,0,1,0,0,0,0,1,1,-1,1,1,20,4,-1,-1,-1,-1,-1,-1,1,-1
2025201573257,2025,201573257,3,9,0,-1,2,0,0,-1,0,1,0,0,0,0,0,1,-1,6,-1,-1,-1,-1,-1,-1,-1,-1,-1,0,-1
2025201573257,2025,201573257,1,9,0,-1,14,4,4,-1,0,2,0,0,0,0,1,1,-1,9,2,53,8,-1,-1,-1,-1,1,E01033894,0,1
2025201573257,2025,201573257,2,9,0,-1,9,8,1,-1,0,6,0,0,0,0,1,1,-1,6,2,18,4,-1,-1,-1,-1,1,E01010273,0,1
2025201573288,2025,201573288,1,8,0,-1,7,4,5,-1,0,0,0,0,3,0,1,1,-1,9,1,38,7,-1,-1,-1,-1,2,E01009890,0,2
2025201573340,2025,201573340,1,8,0,-1,19,5,1,-1,0,1,0,0,0,0,1,1,-1,6,1,33,6,-1,-1,-1,-1,6,E01034941,0,2
2025201573340,2025,201573340,2,1,0,-1,19,7,8,-1,0,8,0,0,0,0,1,1,-1,6,1,45,7,-1,-1,-1,-1,1,E01009125,0,3
2025201573344,2025,201573344,2,9,0,-1,19,5,1,-1,0,1,0,0,1,0,1,1,-1,9,1,19,4,-1,-1,-1,-1,9,E01032886,0,2
2025201573344,2025,201573344,1,8,0,-1,9,1,7,-1,0,5,0,0,0,0,1,1,-1,1,1,37,7,-1,-1,-1,-1,2,E01009014,0,1
2025201573355,2025,201573355,2,9,0,-1,4,2,6,-1,0,0,0,0,1,0,2,1,-1,6,2,45,7,-1,-1,-1,-1,1,E01009571,0,1
2025201573355,2025,201573355,1,9,0,-1,19,2,6,-1,0,0,0,0,0,0,1,1,-1,8,1,33,6,-1,-1,-1,-1,1,E01034735,0,1
2025201573355,2025,201573355,3,9,0,-1,4,2,6,-1,0,0,0,0,0,0,4,1,-1,6,2,47,8,-1,-1,-1,-1,1,E01009570,0,1
2025201573356,2025,201573356,1,9,0,-1,9,1,3,-1,0,5,0,0,0,0,1,1,-1,9,1,31,6,-1,-1,-1,-1,2,E01009385,0,1
2025201573387,2025,201573387,1,8,0,-1,19,5,8,-1,0,8,0,0,0,0,1,1,-1,1,1,34,6,-1,-1,-1,-1,3,E01009045,0,1
2025201573387,2025,201573387,3,9,0,-1,19,3,6,-1,0,8,0,0,3,0,3,1,-1,6,1,24,5,-1,-1,-1,-1,1,E01009197,0,1
2025201573387,2025,201573387,2,9,0,-1,3,6,3,-1,0,1,0,0,0,0,4,1,-1,2,2,48,8,-1,-1,-1,-1,1,E01034935,0,1
2025201573433,2025,201573433,2,9,0,-1,19,6,2,-1,0,0,0,0,0,0,2,2,-1,6,1,34,6,-1,-1,-1,-1,1,E01009062,0,1
2025201573433,2025,201573433,1,9,0,-1,19,6,2,-1,0,0,0,0,0,0,1,9,-1,6,3,-1,-1,-1,-1,-1,-1,-1,-1,0,-1
2025201573467,2025,201573467,1,9,0,-1,19,8,7,-1,0,0,2,10,0,0,1,1,-1,1,2,21,5,-1,-1,-1,-1,5,E01010418,0,2
2025201573567,2025,201573567,1,9,0,-1,9,8,6,-1,0,1,0,0,0,0,1,9,-1,6,2,27,6,-1,-1,-1,-1,-1,-1,0,-1
2025201573592,2025,201573592,3,9,0,-1,3,4,8,-1,0,1,0,0,0,0,3,9,-1,2,1,26,6,-1,-1,-1,-1,4,E01009497,0,2
2025201573592,2025,201573592,2,9,0,-1,19,4,8,-1,0,1,5,7,0,0,3,9,-1,2,2,46,8,-1,-1,-1,-1,2,E01010338,0,3
2025201573592,2025,201573592,1,9,0,-1,9,2,8,-1,0,6,0,0,0,0,4,9,-1,2,1,52,8,-1,-1,-1,-1,2,E01010064,0,2
2025201573592,2025,201573592,4,9,0,-1,3,4,8,-1,0,1,0,0,0,0,1,9,-1,2,2,26,6,-1,-1,-1,-1,10,E01009431,0,3
2025201573593,2025,201573593,1,9,0,-1,1,6,2,-1,-1,0,0,0,0,0,2,1,-1,1,1,50,8,-1,-1,-1,-1,-1,-1,0,-1
2025201573599,2025,201573599,1,1,0,-1,9,6,3,-1,0,0,0,0,0,0,3,1,-1,9,1,11,3,-1,-1,-1,-1,1,E01009172,0,1
2025201573599,2025,201573599,2,9,0,-1,19,6,1,-1,0,0,0,0,0,0,1,1,-1,6,1,35,6,-1,-1,-1,-1,-1,-1,0,-1
2025201573621,2025,201573621,2,1,0,-1,19,4,8,-1,0,0,0,0,0,0,1,1,-1,6,1,14,3,-1,-1,-1,-1,1,E01010443,0,1
2025201573621,2025,201573621,1,9,0,-1,7,3,7,-1,0,0,0,0,0,0,1,1,-1,6,1,18,4,-1,-1,-1,-1,-1,-1,0,-1
2025201573648,2025,201573648,2,9,0,-1,3,1,5,-1,0,0,0,0,0,0,2,1,-1,6,1,33,6,-1,-1,-1,-1,-1,-1,0,-1
2025201573648,2025,201573648,1,9,0,-1,19,1,5,-1,0,0,0,0,0,0,1,1,-1,6,2,26,6,-1,-1,-1,-1,1,E01010058,0,1
2025201573674,2025,201573674,1,11,0,-1,5,0,0,-1,2,5,0,0,0,0,1,1,-1,1,1,18,4,-1,-1,-1,-1,-1,-1,0,-1
2025201573674,2025,201573674,2,8,0,-1,2,0,0,-1,2,1,0,0,0,0,2,1,-1,1,1,18,4,-1,-1,-1,-1,3,E01009596,0,1
2025201573683,2025,201573683,1,9,0,-1,19,8,5,-1,0,8,0,0,0,0,2,1,-1,7,1,18,4,-1,-1,-1,-1,1,E01034916,0,2
2025201573683,2025,201573683,2,9,0,-1,19,8,4,-1,0,8,0,0,0,0,1,1,-1,9,1,30,6,-1,-1,-1,-1,3,E01009105,0,2
2025201573734,2025,201573734,2,9,0,-1,3,1,4,-1,0,1,0,0,0,0,2,1,-1,6,2,35,6,-1,-1,-1,-1,5,E01009036,0,2
2025201573734,2025,201573734,1,9,0,-1,19,1,5,-1,0,4,0,0,0,0,1,1,-1,6,2,50,8,-1,-1,-1,-1,2,E01033642,0,1
2025201573758,2025,201573758,2,21,0,-1,12,2,6,-1,0,0,0,0,0,0,3,1,-1,6,1,44,7,-1,-1,-1,-1,-1,-1,0,-1
2025201573758,2025,201573758,1,9,0,-1,19,8,4,-1,0,0,0,0,0,0,4,1,-1,6,2,39,7,-1,-1,-1,-1,9,E01032141,0,3
2025201573778,2025,201573778,1,9,0,-1,19,8,3,-1,0,0,0,0,0,0,1,1,-1,9,2,70,10,-1,-1,-1,-1,10,E01010550,0,1
2025201573778,2025,201573778,2,98,0,-1,19,3,7,-1,0,0,0,0,0,0,1,1,-1,1,1,60,9,-1,-1,-1,-1,-1,-1,0,-1
2025201573798,2025,201573798,1,9,0,-1,9,3,7,-1,9,6,0,0,1,0,1,1,-1,9,1,79,11,-1,-1,-1,-1,10,E01010199,0,1
2025201573841,2025,201573841,1,8,0,-1,5,7,3,-1,0,0,0,0,0,0,1,1,-1,2,1,50,8,-1,-1,-1,-1,-1,-1,0,-1
2025201573841,2025,201573841,2,9,0,-1,8,3,1,-1,0,0,0,0,0,0,1,1,-1,6,1,35,6,-1,-1,-1,-1,-1,-1,0,-1
2025201573847,2025,201573847,1,3,0,-1,19,3,7,-1,0,1,0,0,0,0,1,1,-1,1,1,44,7,-1,-1,-1,-1,4,E01010145,0,3
2025201573847,2025,201573847,3,19,0,-1,1,8,3,-1,0,6,0,0,0,0,2,1,-1,9,1,53,8,-1,-1,-1,-1,5,E01032386,0,4
2025201573904,2025,201573904,1,5,0,-1,19,7,3,-1,0,0,1,10,0,0,1,1,-1,6,1,29,6,-1,-1,-1,-1,-1,-1,0,-1
2025201573917,2025,201573917,1,9,0,-1,19,8,4,-1,0,8,0,0,0,0,1,1,-1,6,-1,16,4,-1,-1,-1,-1,-1,-1,0,-1
2025201573937,2025,201573937,2,9,0,-1,19,1,2,-1,0,0,0,0,0,0,2,1,-1,6,2,51,8,-1,-1,-1,-1,-1,-1,0,-1
2025201573937,2025,201573937,3,9,0,-1,2,1,1,-1,0,0,0,0,0,0,2,1,-1,6,1,24,5,-1,-1,-1,-1,-1,-1,0,-1
2025201573937,2025,201573937,5,9,0,-1,19,5,5,-1,0,0,0,0,0,0,1,1,-1,6,1,46,8,-1,-1,-1,-1,-1,-1,0,-1
2025201573937,2025,201573937,4,9,0,-1,19,1,1,-1,0,0,1,0,0,0,1,1,-1,6,1,32,6,-1,-1,-1,-1,2,E01010004,0,1
2025201573937,2025,201573937,1,9,0,-1,19,1,1,-1,0,0,0,0,1,0,2,1,-1,6,1,50,8,-1,-1,-1,-1,-1,-1,0,-1
2025201573950,2025,201573950,1,22,0,-1,19,5,2,-1,9,1,0,0,0,0,4,1,-1,6,2,79,11,-1,-1,-1,-1,1,E01010410,0,1
2025201573964,2025,201573964,1,9,0,-1,19,1,1,-1,0,0,0,0,0,0,1,9,-1,6,1,30,6,-1,-1,-1,-1,-1,-1,0,-1
2025201573964,2025,201573964,2,9,0,-1,19,1,1,-1,0,0,0,0,0,0,2,9,-1,6,1,55,8,-1,-1,-1,-1,1,E01009028,0,1
2025201573967,2025,201573967,2,9,0,-1,7,4,5,-1,0,0,0,0,0,0,1,1,-1,6,1,-1,-1,-1,-1,-1,-1,9,E01009801,0,1
2025201573967,2025,201573967,1,1,0,-1,15,2,6,-1,0,0,0,0,0,0,3,1,-1,6,1,37,7,-1,-1,-1,-1,5,E01009796,0,1
2025201573971,2025,201573971,1,9,0,-1,2,0,0,-1,0,0,0,0,0,0,2,1,-1,9,2,23,5,-1,-1,-1,-1,7,E01025812,0,4
2025201573971,2025,201573971,2,9,0,-1,19,6,1,-1,0,0,0,0,0,0,1,1,-1,7,2,44,7,-1,-1,-1,-1,1,E01034913,0,1
2025201573987,2025,201573987,1,9,0,-1,19,2,6,-1,0,1,0,0,0,0,1,1,-1,9,2,31,6,-1,-1,-1,-1,-1,-1,0,-1
2025201573987,2025,201573987,2,9,0,-1,9,6,4,-1,0,1,0,0,0,0,1,1,-1,6,-1,24,5,-1,-1,-1,-1,-1,-1,0,-1
2025201573999,2025,201573999,1,9,0,-1,5,8,4,-1,0,8,0,0,0,0,1,1,-1,7,1,46,8,-1,-1,-1,-1,8,E01010206,0,1
2025201574007,2025,201574007,1,9,0,-1,19,3,7,-1,0,1,0,0,0,0,2,2,-1,6,1,49,8,-1,-1,-1,-1,8,E01009468,0,3
2025201574007,2025,201574007,3,9,0,-1,3,7,3,-1,0,1,0,0,0,0,1,2,-1,6,1,26,6,-1,-1,-1,-1,1,E01009376,0,1
2025201574007,2025,201574007,2,9,0,-1,19,5,1,-1,0,8,0,0,0,0,1,2,-1,6,2,26,6,-1,-1,-1,-1,1,E01034938,0,1
2025201574009,2025,201574009,1,9,0,-1,6,5,5,-1,0,0,0,0,0,0,0,1,-1,6,1,46,8,-1,-1,-1,-1,-1,-1,0,-1
2025201574009,2025,201574009,2,9,0,-1,19,8,1,-1,0,0,0,0,0,0,1,1,-1,2,2,27,6,-1,-1,-1,-1,4,E01009244,0,1
2025201574012,2025,201574012,1,9,0,-1,7,5,1,-1,0,5,0,0,0,0,4,9,-1,6,2,-1,-1,-1,-1,-1,-1,-1,-1,0,-1
2025201574022,2025,201574022,1,9,0,-1,19,4,8,-1,0,1,0,0,0,0,1,1,-1,6,2,45,7,-1,-1,-1,-1,8,E01009472,0,3
2025201574043,2025,201574043,1,9,0,-1,5,7,3,-1,0,0,0,0,0,0,4,1,-1,6,2,42,7,-1,-1,-1,-1,-1,-1,0,-1
2025201574050,2025,201574050,2,9,0,-1,19,3,8,-1,0,0,0,0,0,0,4,1,-1,9,1,38,7,-1,-1,-1,-1,8,E01009434,0,1
2025201574050,2025,201574050,1,97,0,-1,19,3,8,-1,0,0,1,0,0,0,3,1,-1,9,1,28,6,-1,-1,-1,-1,1,E01009343,0,2
2025201574082,2025,201574082,1,9,0,-1,19,3,6,-1,0,2,0,0,0,0,1,1,-1,9,1,55,8,-1,-1,-1,-1,3,E01009264,0,1
2025201574082,2025,201574082,2,9,0,-1,13,6,7,-1,0,1,0,0,0,0,1,1,-1,6,-1,26,6,-1,-1,-1,-1,-1,-1,0,-1
2025201574092,2025,201574092,2,9,0,-1,9,3,1,-1,0,1,0,0,0,0,1,1,-1,9,2,39,7,-1,-1,-1,-1,4,E01009241,0,1
2025201574092,2025,201574092,1,9,0,-1,19,6,3,-1,0,8,0,0,0,0,1,1,-1,9,1,39,7,-1,-1,-1,-1,1,E01009404,0,1
2025201574107,2025,201574107,1,9,0,-1,19,4,8,-1,0,0,0,0,0,0,1,1,-1,6,2,58,9,-1,-1,-1,-1,7,E01009958,0,1
2025201574112,2025,201574112,1,9,0,-1,19,1,2,-1,0,4,0,0,0,0,0,1,-1,6,3,35,6,-1,-1,-1,-1,-1,-1,0,-1
2025201574112,2025,201574112,2,8,0,-1,19,3,1,-1,0,4,1,10,1,0,3,1,-1,1,1,21,5,-1,-1,-1,-1,1,E01009892,0,1
2025201574117,2025,201574117,2,9,0,-1,19,5,1,-1,0,4,0,0,0,0,2,1,-1,6,2,72,10,-1,-1,-1,-1,6,E01031244,0,3
2025201574117,2025,201574117,1,9,0,-1,19,5,1,-1,0,3,0,0,0,0,1,9,-1,6,1,35,6,-1,-1,-1,-1,-1,-1,0,-1
2025201574138,2025,201574138,1,9,0,-1,19,8,4,-1,0,0,0,0,0,0,1,1,-1,6,2,33,6,-1,-1,-1,-1,2,E01009043,0,1
2025201574153,2025,201574153,1,9,0,-1,19,1,5,-1,0,0,0,0,0,0,1,1,-1,6,1,23,5,-1,-1,-1,-1,2,E01009566,0,1
2025201574173,2025,201574173,2,1,0,-1,19,3,7,-1,0,8,0,0,0,0,1,1,-1,6,1,73,10,-1,-1,-1,-1,3,E01009732,0,1
2025201574173,2025,201574173,1,9,0,-1,4,2,3,-1,0,6,0,0,0,0,1,1,-1,6,2,62,9,-1,-1,-1,-1,4,E01009738,0,1
2025201574200,2025,201574200,3,9,0,-1,19,6,2,-1,0,0,0,0,0,0,0,1,-1,1,1,31,6,-1,-1,-1,-1,-1,-1,0,-1
2025201574200,2025,201574200,2,9,0,-1,19,6,2,-1,0,0,0,0,0,0,2,1,-1,1,1,58,9,-1,-1,-1,-1,2,E01010106,0,3
2025201574200,2025,201574200,1,9,0,-1,19,6,2,-1,0,0,0,0,1,11,1,1,-1,6,1,23,5,-1,-1,-1,-1,2,E01010439,0,1
2025201574232,2025,201574232,1,19,0,-1,20,3,7,-1,0,0,0,0,0,0,1,1,-1,9,1,48,8,-1,-1,-1,-1,1,E01010271,0,1
2025201574232,2025,201574232,2,19,0,-1,19,7,3,-1,0,0,0,0,0,0,1,1,-1,6,3,-1,-1,-1,-1,-1,-1,-1,-1,0,-1
2025201574251,2025,201574251,2,9,0,-1,4,2,6,-1,0,2,0,0,0,0,0,1,-1,6,2,30,6,-1,-1,-1,-1,3,E01009045,0,1
2025201574251,2025,201574251,1,9,0,-1,14,2,6,-1,0,2,0,0,0,0,1,1,-1,9,1,22,5,-1,-1,-1,-1,1,E01009093,0,2
2025201574287,2025,201574287,1,9,0,-1,19,7,3,-1,0,0,1,10,6,4,3,1,-1,6,1,27,6,-1,-1,-1,-1,2,E01034955,0,1
2025201574287,2025,201574287,3,9,0,-1,19,3,7,-1,0,0,0,0,0,0,4,1,-1,1,1,45,7,-1,-1,-1,-1,2,E01009997,0,3
2025201574287,2025,201574287,2,9,0,-1,19,3,7,-1,0,0,0,0,0,0,1,1,-1,6,1,33,6,-1,-1,-1,-1,5,E01009185,0,1
2025201574288,2025,201574288,2,9,0,-1,19,1,5,-1,0,8,0,0,0,0,3,1,-1,9,2,50,8,-1,-1,-1,-1,2,E01010344,0,1
2025201574288,2025,201574288,1,9,0,-1,5,7,3,-1,0,8,0,0,0,0,1,1,-1,9,1,30,6,-1,-1,-1,-1,4,E01010337,0,1
2025201574314,2025,201574314,2,9,0,-1,20,1,2,-1,0,0,0,0,0,0,1,2,-1,6,1,28,6,-1,-1,-1,-1,1,E01009338,0,1
2025201574314,2025,201574314,1,4,0,-1,19,2,3,-1,0,0,5,0,0,0,1,1,-1,6,1,18,4,-1,-1,-1,-1,-1,-1,0,-1
2025201574315,2025,201574315,2,9,0,-1,19,5,1,-1,0,0,0,0,0,0,1,1,-1,9,2,26,6,-1,-1,-1,-1,10,E01023073,0,5
2025201574315,2025,201574315,1,9,0,-1,9,1,7,-1,0,0,0,0,0,0,1,1,-1,6,1,72,10,-1,-1,-1,-1,1,E01009056,0,1
2025201574328,2025,201574328,1,9,0,-1,19,5,1,-1,0,2,0,0,0,0,1,9,-1,6,3,-1,-1,-1,-1,-1,-1,-1,-1,0,-1
2025201574336,2025,201574336,1,9,0,-1,19,3,7,-1,0,8,0,0,0,0,4,1,-1,6,1,25,5,-1,-1,-1,-1,1,E01009399,0,1
2025201574336,2025,201574336,2,9,0,-1,7,5,7,-1,0,6,0,0,0,0,1,1,-1,9,1,38,7,-1,-1,-1,-1,3,E01009119,0,2
2025201574361,2025,201574361,2,9,0,-1,3,8,4,-1,0,1,0,0,0,0,2,1,-1,9,1,30,6,-1,-1,-1,-1,1,E01009083,0,2
2025201574361,2025,201574361,1,9,0,-1,3,8,4,-1,0,1,0,0,0,0,1,1,-1,6,1,-1,-1,-1,-1,-1,-1,-1,-1,0,-1
2025201574373,2025,201574373,2,1,0,-1,19,6,2,-1,4,8,0,0,0,0,1,1,-1,1,1,25,5,-1,-1,-1,-1,1,E01009475,0,1
2025201574373,2025,201574373,1,9,0,-1,19,6,2,-1,0,8,0,0,0,0,4,9,-1,6,3,-1,-1,-1,-1,-1,-1,-1,-1,0,-1
2025201574374,2025,201574374,2,9,0,-1,19,6,2,-1,0,8,0,0,0,0,4,1,-1,6,2,20,4,-1,-1,-1,-1,7,E01029781,0,4
2025201574374,2025,201574374,1,9,0,-1,9,2,8,-1,0,5,0,0,0,0,1,1,-1,6,1,34,6,-1,-1,-1,-1,1,E01009099,0,2
2025201574379,2025,201574379,1,8,0,-1,3,4,1,-1,0,1,0,0,0,0,2,1,-1,1,1,51,8,-1,-1,-1,-1,2,E01009809,0,3
2025201574379,2025,201574379,2,8,0,-1,5,6,1,-1,0,1,0,0,0,0,1,1,-1,1,1,59,9,-1,-1,-1,-1,1,E01009192,0,1
2025201574387,2025,201574387,1,9,0,-1,19,7,2,-1,0,1,0,0,0,0,4,1,-1,6,1,32,6,-1,-1,-1,-1,4,E01028208,0,4
2025201574387,2025,201574387,2,9,0,-1,19,8,4,-1,0,8,0,0,0,0,1,1,-1,6,2,40,7,-1,-1,-1,-1,1,E01009410,0,1
2025201574390,2025,201574390,1,9,0,-1,3,1,5,-1,0,2,0,0,0,0,1,1,-1,6,2,30,6,-1,-1,-1,-1,-1,-1,0,-1
2025201574390,2025,201574390,2,9,0,-1,5,1,5,-1,0,1,0,0,0,0,3,1,-1,6,1,38,7,-1,-1,-1,-1,1,E01009195,0,1
2025201574398,2025,201574398,1,9,0,-1,19,8,4,-1,0,0,0,0,0,0,1,1,-1,6,1,27,6,-1,-1,-1,-1,4,E01009394,0,1
2025201574403,2025,201574403,2,9,0,-1,9,8,7,-1,0,0,0,0,7,0,4,1,-1,9,2,46,8,-1,-1,-1,-1,3,E01009894,0,1
2025201574403,2025,201574403,1,9,0,-1,19,8,8,-1,0,0,5,0,0,0,1,1,-1,9,1,21,5,-1,-1,-1,-1,7,E01029728,0,4
2025201574406,2025,201574406,2,9,0,-1,19,8,4,-1,0,8,0,0,0,0,4,1,-1,6,1,38,7,-1,-1,-1,-1,1,E01010017,0,1