collision_index,collision_year,collision_ref_no,vehicle_reference,vehicle_type,towing_and_articulation,vehicle_manoeuvre_historic,vehicle_manoeuvre,vehicle_direction_from,vehicle_direction_to,vehicle_location_restricted_lane_historic,vehicle_location_restricted_lane,junction_location,skidding_and_overturning,hit_object_in_carriageway,vehicle_leaving_carriageway,hit_object_off_carriageway,first_point_of_impact,vehicle_left_hand_drive,journey_purpose_of_driver_historic,journey_purpose_of_driver,sex_of_driver,age_of_driver,age_band_of_driver,engine_capacity_cc,propulsion_code,age_of_vehicle,generic_make_model,driver_imd_decile,lsoa_of_driver,escooter_flag,driver_distance_banding
2025201574406,2025,201574406,1,9,0,-1,19,2,6,-1,0,8,1,0,3,0,1,1,-1,6,1,17,4,-1,-1,-1,-1,-1,-1,0,-1
2025201574409,2025,201574409,1,9,0,-1,19,3,7,-1,0,0,0,4,0,0,1,9,-1,1,1,38,7,-1,-1,-1,-1,1,E01010364,0,1
2025201574409,2025,201574409,2,9,0,-1,20,0,0,-1,0,0,0,0,0,0,4,1,-1,1,1,45,7,-1,-1,-1,-1,-1,-1,0,-1
2025201574458,2025,201574458,1,4,0,-1,19,1,5,-1,0,0,0,0,0,0,1,1,-1,6,1,56,9,-1,-1,-1,-1,3,E01032267,0,4
2025201574458,2025,201574458,2,9,0,-1,19,1,5,-1,0,0,0,0,0,0,2,1,-1,1,1,52,8,-1,-1,-1,-1,6,E01030482,0,5
2025201574523,2025,201574523,1,9,0,-1,5,7,3,-1,0,1,0,0,0,0,1,1,-1,6,2,50,8,-1,-1,-1,-1,-1,-1,0,-1
2025201574553,2025,201574553,2,-1,0,-1,19,7,3,-1,0,8,0,0,0,0,1,1,-1,9,1,51,8,-1,-1,-1,-1,3,E01010533,1,1
2025201574553,2025,201574553,1,9,0,-1,5,8,5,-1,0,4,0,0,0,0,4,1,-1,2,1,37,7,-1,-1,-1,-1,2,E01010446,0,1
2025201574570,2025,201574570,2,9,0,-1,4,5,2,-1,0,0,0,0,0,0,2,1,-1,9,1,49,8,-1,-1,-1,-1,4,E01009738,0,3
2025201574570,2025,201574570,3,4,0,-1,19,5,1,-1,0,0,5,0,0,0,1,1,-1,9,1,64,9,-1,-1,-1,-1,5,E01010023,0,2
2025201574570,2025,201574570,4,4,0,-1,19,5,1,-1,0,0,5,0,0,0,1,1,-1,9,1,64,9,-1,-1,-1,-1,7,E01009810,0,3
2025201574570,2025,201574570,1,9,0,-1,4,6,1,-1,0,0,0,0,0,0,1,1,-1,9,1,48,8,-1,-1,-1,-1,-1,-1,0,-1
2025201574574,2025,201574574,2,9,0,-1,19,3,6,-1,0,8,0,0,0,0,4,1,-1,9,2,28,6,-1,-1,-1,-1,-1,-1,0,-1
2025201574574,2025,201574574,1,8,0,-1,9,3,1,-1,0,8,0,0,0,0,3,1,-1,1,1,38,7,-1,-1,-1,-1,2,E01009403,0,2
2025201574696,2025,201574696,2,9,0,-1,19,5,1,-1,0,0,0,0,0,0,3,9,-1,9,2,37,7,-1,-1,-1,-1,1,E01034924,0,3
2025201574696,2025,201574696,1,9,0,-1,19,3,7,-1,0,0,0,10,8,0,1,9,-1,6,1,-1,-1,-1,-1,-1,-1,-1,-1,0,-1
2025201574761,2025,201574761,1,9,0,-1,19,5,1,-1,0,0,0,0,0,0,3,9,-1,6,3,-1,-1,-1,-1,-1,-1,-1,-1,0,-1
2025201574802,2025,201574802,1,9,0,-1,19,7,5,-1,0,2,0,0,0,0,4,1,-1,6,1,78,11,-1,-1,-1,-1,7,E01009526,0,1
2025201574869,2025,201574869,1,9,0,-1,19,4,5,-1,0,1,0,0,0,0,1,1,-1,6,-1,-1,-1,-1,-1,-1,-1,-1,-1,0,-1
2025201575001,2025,201575001,2,1,0,-1,7,8,3,-1,0,8,0,0,0,0,4,1,-1,2,1,30,6,-1,-1,-1,-1,2,E01009014,0,1
2025201575001,2025,201575001,1,9,0,-1,5,2,5,-1,0,4,0,0,0,0,1,1,-1,1,1,40,7,-1,-1,-1,-1,3,E01017857,0,5
2025201575098,2025,201575098,1,3,0,-1,19,5,1,-1,0,0,0,0,0,0,2,1,-1,9,1,42,7,-1,-1,-1,-1,2,E01009997,0,1
2025201575098,2025,201575098,2,9,0,-1,19,5,1,-1,0,0,0,0,0,0,1,1,-1,6,-1,-1,-1,-1,-1,-1,-1,-1,-1,0,-1
2025201575152,2025,201575152,1,9,0,-1,5,2,6,-1,9,6,0,0,0,0,1,2,-1,6,1,44,7,-1,-1,-1,-1,2,E01009944,0,1
2025201575152,2025,201575152,2,9,0,-1,5,1,5,-1,0,1,0,0,0,0,4,2,-1,2,1,53,8,-1,-1,-1,-1,2,E01009943,0,1
2025201575170,2025,201575170,2,9,0,-1,4,6,2,-1,0,0,0,0,0,0,2,1,-1,6,1,55,8,-1,-1,-1,-1,-1,-1,0,-1
2025201575170,2025,201575170,1,4,0,-1,19,6,2,-1,0,0,0,0,0,0,1,1,-1,6,1,60,9,-1,-1,-1,-1,-1,-1,0,-1
2025201575182,2025,201575182,1,9,0,-1,19,7,3,-1,0,8,0,0,0,0,1,1,-1,6,2,30,6,-1,-1,-1,-1,-1,-1,0,-1
2025201575182,2025,201575182,3,4,0,-1,2,7,3,-1,0,8,0,0,0,0,3,1,-1,6,2,52,8,-1,-1,-1,-1,3,E01010262,0,2
2025201575182,2025,201575182,2,5,0,-1,13,7,3,-1,0,8,0,0,0,0,4,1,-1,6,1,54,8,-1,-1,-1,-1,3,E01010262,0,2
2025201575237,2025,201575237,2,9,0,-1,7,4,5,-1,0,4,0,0,0,0,2,1,-1,9,2,58,9,-1,-1,-1,-1,2,E01010441,0,1
2025201575237,2025,201575237,1,9,0,-1,8,4,5,-1,0,1,0,0,0,0,1,1,-1,6,2,30,6,-1,-1,-1,-1,-1,-1,0,-1
2025201575243,2025,201575243,2,9,0,-1,19,5,1,-1,0,0,0,7,5,0,4,1,-1,9,2,35,6,-1,-1,-1,-1,4,E01010480,0,1
2025201575243,2025,201575243,1,11,0,-1,12,5,1,-1,0,0,0,0,0,0,1,1,-1,1,1,60,9,-1,-1,-1,-1,-1,-1,0,-1
2025201575365,2025,201575365,2,20,1,-1,11,5,1,-1,0,0,0,0,0,0,4,1,-1,1,1,42,7,-1,-1,-1,-1,5,E01025920,0,4
2025201575365,2025,201575365,1,9,0,-1,19,5,1,-1,0,0,0,10,1,4,2,1,-1,6,2,18,4,-1,-1,-1,-1,5,E01009591,0,2
2025201575376,2025,201575376,2,9,0,-1,2,0,0,-1,0,0,0,0,0,0,2,1,-1,6,2,53,8,-1,-1,-1,-1,-1,-1,0,-1
2025201575376,2025,201575376,1,9,0,-1,19,1,5,-1,0,0,0,4,0,0,1,1,-1,9,1,36,7,-1,-1,-1,-1,4,E01009313,0,1
2025201575376,2025,201575376,3,9,0,-1,2,0,0,-1,0,0,0,0,0,0,2,1,-1,6,2,45,7,-1,-1,-1,-1,-1,-1,0,-1
2025201575431,2025,201575431,1,9,0,-1,19,4,8,-1,0,0,0,0,0,0,1,2,-1,6,1,62,9,-1,-1,-1,-1,-1,-1,0,-1
2025201575449,2025,201575449,1,9,0,-1,9,1,1,-1,0,8,0,0,0,0,1,9,-1,6,3,30,6,-1,-1,-1,-1,-1,-1,0,-1
2025201575449,2025,201575449,2,9,0,-1,3,1,1,-1,0,1,0,0,0,0,2,9,-1,1,1,39,7,-1,-1,-1,-1,-1,-1,0,-1
2025201575513,2025,201575513,1,19,0,-1,19,6,3,-1,0,8,0,0,0,0,1,1,-1,6,1,60,9,-1,-1,-1,-1,9,E01029690,0,4
2025201575513,2025,201575513,2,9,0,-1,19,6,2,-1,0,8,0,0,0,0,1,1,-1,6,1,29,6,-1,-1,-1,-1,2,E01009091,0,2
2025201575516,2025,201575516,2,9,0,-1,19,1,5,-1,0,8,0,0,0,0,1,1,-1,6,1,30,6,-1,-1,-1,-1,6,E01009714,0,1
2025201575516,2025,201575516,1,9,0,-1,19,3,7,-1,0,6,0,0,0,0,1,1,-1,6,2,18,4,-1,-1,-1,-1,3,E01009589,0,1
2025201575563,2025,201575563,1,3,0,-1,9,6,7,-1,0,6,0,0,0,0,2,1,-1,6,1,17,4,-1,-1,-1,-1,1,E01010300,0,1
2025201575563,2025,201575563,2,9,0,-1,19,6,7,-1,0,2,0,0,0,0,2,1,-1,6,1,24,5,-1,-1,-1,-1,-1,-1,0,-1
2025201575577,2025,201575577,1,9,0,-1,9,8,5,-1,0,2,0,0,0,0,1,1,-1,9,2,45,7,-1,-1,-1,-1,5,E01009765,0,1
2025201575607,2025,201575607,1,8,0,-1,19,5,1,-1,0,0,0,0,0,0,1,1,-1,6,-1,-1,-1,-1,-1,-1,-1,-1,-1,0,-1
2025201575612,2025,201575612,1,9,0,-1,19,4,8,-1,0,1,0,0,0,0,1,1,-1,6,2,-1,-1,-1,-1,-1,-1,-1,-1,0,-1
2025201575612,2025,201575612,2,9,0,-1,8,4,6,-1,0,1,0,0,0,0,2,1,-1,2,2,47,8,-1,-1,-1,-1,1,E01009494,0,1
2025201575625,2025,201575625,2,9,0,-1,19,1,5,-1,0,0,0,0,0,0,1,9,-1,6,2,23,5,-1,-1,-1,-1,3,E01009199,0,1
2025201575625,2025,201575625,1,9,0,-1,19,1,5,-1,0,0,0,0,0,0,2,9,-1,6,1,20,4,-1,-1,-1,-1,1,E01009275,0,2
2025201575659,2025,201575659,1,9,0,-1,7,6,8,-1,0,4,0,0,0,0,1,1,-1,1,2,25,5,-1,-1,-1,-1,2,E01009391,0,1
2025201575659,2025,201575659,2,1,0,-1,7,6,8,-1,0,4,0,0,0,0,2,1,-1,1,2,34,6,-1,-1,-1,-1,6,E01009040,0,1
2025201575691,2025,201575691,2,97,0,-1,14,5,1,-1,0,1,0,0,7,0,1,1,-1,2,1,30,6,-1,-1,-1,-1,1,E01010455,0,2
2025201575691,2025,201575691,1,9,0,-1,9,5,3,-1,0,1,0,0,0,0,3,9,-1,2,1,53,8,-1,-1,-1,-1,1,E01009983,0,1
2025201575729,2025,201575729,3,9,0,-1,19,6,2,-1,0,8,0,0,0,0,2,1,-1,6,2,60,9,-1,-1,-1,-1,5,E01028843,0,4
2025201575729,2025,201575729,1,9,0,-1,19,6,2,-1,0,8,0,0,0,0,1,1,-1,6,2,30,6,-1,-1,-1,-1,2,E01010522,0,4
2025201575729,2025,201575729,2,9,0,-1,19,6,2,-1,0,8,0,0,0,0,2,1,-1,6,2,57,9,-1,-1,-1,-1,1,E01009401,0,2
2025201575785,2025,201575785,2,9,0,-1,19,1,5,-1,0,8,0,0,0,0,2,1,-1,6,1,44,7,-1,-1,-1,-1,4,E01009394,0,1
2025201575785,2025,201575785,1,9,0,-1,19,1,5,-1,0,8,0,0,0,0,1,1,-1,6,1,53,8,-1,-1,-1,-1,5,E01032133,0,2
2025201575803,2025,201575803,2,9,0,-1,19,4,8,-1,0,0,0,0,0,0,2,1,-1,6,2,61,9,-1,-1,-1,-1,1,E01009607,0,1
2025201575803,2025,201575803,1,9,0,-1,19,4,8,-1,0,0,0,0,0,0,1,1,-1,6,-1,-1,-1,-1,-1,-1,-1,-1,-1,0,-1
2025201575841,2025,201575841,1,9,0,-1,19,6,2,-1,0,8,0,0,0,0,1,1,-1,6,3,-1,-1,-1,-1,-1,-1,-1,-1,0,-1
2025201575870,2025,201575870,2,9,0,-1,19,1,5,-1,0,0,0,0,0,0,2,1,-1,6,1,25,5,-1,-1,-1,-1,1,E01010342,0,1
2025201575870,2025,201575870,1,9,0,-1,19,1,5,-1,0,0,0,0,0,0,1,1,-1,6,-1,-1,-1,-1,-1,-1,-1,-1,-1,0,-1
2025201575941,2025,201575941,1,98,0,-1,19,3,3,-1,0,1,0,0,0,0,1,1,-1,6,2,44,7,-1,-1,-1,-1,-1,-1,0,-1
2025201575969,2025,201575969,1,9,0,-1,19,6,2,-1,0,0,0,0,0,0,2,1,-1,6,1,61,9,-1,-1,-1,-1,1,E01010401,0,1
2025201575997,2025,201575997,2,8,0,-1,19,3,8,-1,0,1,0,0,0,0,1,1,-1,1,1,32,6,-1,-1,-1,-1,1,E01009517,0,2
2025201575997,2025,201575997,1,9,0,-1,19,8,3,-1,0,2,0,0,0,0,1,1,-1,6,1,27,6,-1,-1,-1,-1,1,E01009372,0,1
2025201576007,2025,201576007,1,9,0,-1,19,1,5,-1,0,0,0,0,0,0,1,1,-1,6,3,97,11,-1,-1,-1,-1,-1,-1,0,-1
2025201576068,2025,201576068,1,3,0,-1,19,3,7,-1,0,0,0,10,0,0,1,1,-1,9,1,33,6,-1,-1,-1,-1,-1,-1,0,-1
2025201576103,2025,201576103,1,9,0,-1,19,2,6,-1,0,2,0,0,0,0,1,1,-1,6,1,-1,-1,-1,-1,-1,-1,-1,-1,0,-1
2025201576103,2025,201576103,2,9,0,-1,19,2,6,-1,0,2,0,0,0,0,1,1,-1,6,2,32,6,-1,-1,-1,-1,2,E01010092,0,1
2025201576128,2025,201576128,1,9,0,-1,19,6,2,-1,0,0,0,0,0,0,1,9,-1,2,1,-1,-1,-1,-1,-1,-1,8,E01032438,0,3
2025201576128,2025,201576128,2,9,0,-1,19,6,2,-1,0,0,0,0,0,0,2,9,-1,2,1,38,7,-1,-1,-1,-1,10,E01009853,0,2
2025201576132,2025,201576132,2,9,0,-1,6,8,5,-1,0,6,0,0,0,0,1,1,-1,6,1,-1,-1,-1,-1,-1,-1,3,E01023357,0,5
2025201576132,2025,201576132,1,9,0,-1,19,6,2,-1,0,1,1,0,0,0,1,1,-1,2,2,25,5,-1,-1,-1,-1,2,E01010564,0,2
2025201576174,2025,201576174,2,9,0,-1,19,4,8,-1,0,2,0,0,0,0,2,1,-1,6,1,43,7,-1,-1,-1,-1,5,E01008959,0,1
2025201576174,2025,201576174,1,9,0,-1,19,8,4,-1,0,1,0,0,0,0,1,1,-1,6,1,19,4,-1,-1,-1,-1,3,E01009216,0,1
2025201576231,2025,201576231,1,9,0,-1,19,2,6,-1,0,0,0,0,0,0,4,1,-1,6,2,36,7,-1,-1,-1,-1,3,E01034737,0,1
2025201576253,2025,201576253,1,98,0,-1,19,7,3,-1,0,4,0,0,0,0,1,1,-1,6,1,-1,-1,-1,-1,-1,-1,2,E01014196,0,4
2025201576253,2025,201576253,2,9,0,-1,6,7,7,-1,0,8,0,0,0,0,3,1,-1,6,2,24,5,-1,-1,-1,-1,1,E01009272,0,1
2025201576257,2025,201576257,2,9,0,-1,4,1,5,-1,0,0,0,0,0,0,0,9,-1,8,1,-1,-1,-1,-1,-1,-1,-1,-1,0,-1
2025201576257,2025,201576257,1,9,0,-1,4,1,5,-1,0,0,0,10,0,0,1,9,-1,6,-1,-1,-1,-1,-1,-1,-1,-1,-1,0,-1
2025201576259,2025,201576259,1,9,0,-1,19,4,6,-1,0,1,0,0,0,0,1,1,-1,6,3,30,6,-1,-1,-1,-1,-1,-1,0,-1
2025201576259,2025,201576259,2,9,0,-1,7,2,6,-1,0,6,0,0,0,0,2,1,-1,6,2,33,6,-1,-1,-1,-1,3,E01009792,0,2
2025201576266,2025,201576266,1,9,0,-1,19,2,6,-1,0,1,0,0,0,0,1,1,-1,2,2,23,5,-1,-1,-1,-1,8,E01009812,0,1
2025201576285,2025,201576285,1,1,0,-1,19,2,6,-1,0,1,0,0,0,0,1,1,-1,1,1,39,7,-1,-1,-1,-1,2,E01009346,0,1
2025201576285,2025,201576285,2,9,0,-1,7,5,3,-1,0,1,0,0,0,0,2,9,-1,6,1,59,9,-1,-1,-1,-1,4,E01009077,0,2
2025201576289,2025,201576289,1,9,0,-1,19,3,7,-1,0,0,0,8,0,0,1,1,-1,6,1,54,8,-1,-1,-1,-1,-1,-1,0,-1
2025201576289,2025,201576289,2,9,0,-1,2,0,0,-1,0,0,0,0,0,0,4,1,-1,6,3,-1,-1,-1,-1,-1,-1,-1,-1,0,-1
2025201576309,2025,201576309,1,9,0,-1,19,5,1,-1,0,1,0,0,0,0,1,9,-1,6,3,-1,-1,-1,-1,-1,-1,-1,-1,0,-1
2025201576309,2025,201576309,2,9,0,-1,7,5,1,-1,0,1,0,0,0,0,2,2,-1,2,2,57,9,-1,-1,-1,-1,2,E01010001,0,1
2025201576320,2025,201576320,1,9,0,-1,19,7,3,-1,0,1,0,0,0,0,1,1,-1,7,1,34,6,-1,-1,-1,-1,1,E01009376,0,1
2025201576320,2025,201576320,2,9,0,-1,5,3,7,-1,0,2,0,0,0,0,1,1,-1,6,2,28,6,-1,-1,-1,-1,-1,-1,0,-1
2025201576322,2025,201576322,3,9,0,-1,2,0,0,-1,9,2,0,0,0,0,3,1,-1,6,-1,50,8,-1,-1,-1,-1,-1,-1,0,-1
2025201576322,2025,201576322,2,9,0,-1,19,8,5,-1,0,8,0,0,0,0,3,1,-1,6,2,28,6,-1,-1,-1,-1,2,E01009095,0,1
2025201576322,2025,201576322,1,9,0,-1,9,3,8,-1,0,5,0,4,0,0,3,1,-1,6,1,58,9,-1,-1,-1,-1,2,E01009095,0,1
2025201576328,2025,201576328,1,9,0,-1,19,6,2,-1,0,0,5,7,1,10,1,1,-1,6,2,85,11,-1,-1,-1,-1,-1,-1,0,-1
2025201576328,2025,201576328,2,9,0,-1,19,2,6,-1,0,0,0,0,0,0,1,1,-1,9,2,61,9,-1,-1,-1,-1,-1,-1,0,-1
2025201576335,2025,201576335,2,8,0,-1,19,2,6,-1,0,0,0,0,0,0,4,1,-1,6,1,33,6,-1,-1,-1,-1,-1,-1,0,-1
2025201576335,2025,201576335,1,9,0,-1,19,2,6,-1,0,0,0,0,0,0,1,1,-1,6,1,54,8,-1,-1,-1,-1,-1,-1,0,-1
2025201576338,2025,201576338,1,9,0,-1,5,1,5,-1,0,8,0,0,0,0,1,9,-1,6,3,24,5,-1,-1,-1,-1,-1,-1,0,-1
2025201576377,2025,201576377,2,9,0,-1,10,6,4,-1,0,0,0,0,0,0,2,1,-1,6,2,64,9,-1,-1,-1,-1,-1,-1,0,-1
2025201576377,2025,201576377,1,9,0,-1,10,6,4,-1,0,0,0,0,0,0,1,1,-1,6,1,50,8,-1,-1,-1,-1,-1,-1,0,-1
2025201576393,2025,201576393,1,9,0,-1,7,7,1,-1,0,8,0,0,0,0,1,9,-1,6,1,30,6,-1,-1,-1,-1,-1,-1,0,-1
2025201576393,2025,201576393,2,9,0,-1,10,1,7,-1,0,1,0,0,0,0,3,9,-1,6,1,43,7,-1,-1,-1,-1,2,E01009740,0,3
2025201576396,2025,201576396,2,5,0,-1,4,2,6,-1,0,1,5,0,0,0,2,1,-1,9,1,35,6,-1,-1,-1,-1,1,E01009505,0,1
2025201576396,2025,201576396,1,9,0,-1,4,2,6,-1,0,1,0,0,0,0,1,1,-1,9,1,20,4,-1,-1,-1,-1,4,E01009169,0,1
2025201576410,2025,201576410,1,9,0,-1,5,2,7,-1,0,8,0,0,0,0,3,1,-1,6,1,33,6,-1,-1,-1,-1,2,E01010312,0,3
2025201576418,2025,201576418,2,9,0,-1,2,1,1,-1,-1,1,0,0,0,0,3,2,-1,9,1,38,7,-1,-1,-1,-1,-1,-1,0,-1
2025201576418,2025,201576418,1,9,0,-1,19,5,1,-1,0,1,0,0,0,0,4,2,-1,6,2,39,7,-1,-1,-1,-1,-1,-1,0,-1
2025201576434,2025,201576434,1,9,0,-1,19,7,3,-1,0,0,0,0,0,0,1,1,-1,2,1,19,4,-1,-1,-1,-1,2,E01010449,0,1
2025201576440,2025,201576440,1,9,0,-1,9,5,4,-1,0,6,0,0,0,0,1,1,-1,6,3,-1,-1,-1,-1,-1,-1,-1,-1,0,-1
2025201576473,2025,201576473,1,9,0,-1,19,8,6,-1,0,0,0,0,0,0,1,1,-1,9,1,51,8,-1,-1,-1,-1,1,E01010095,0,1
2025201576484,2025,201576484,1,9,0,-1,9,5,4,-1,0,5,0,0,0,0,1,1,-1,9,1,51,8,-1,-1,-1,-1,1,E01010037,0,1
2025201576484,2025,201576484,2,1,0,-1,9,3,1,-1,0,6,0,0,0,0,1,1,-1,6,1,16,4,-1,-1,-1,-1,1,E01010033,0,1
2025201576504,2025,201576504,2,11,0,-1,5,5,1,-1,0,2,0,4,0,0,4,1,-1,1,1,41,7,-1,-1,-1,-1,4,E01009046,0,1
2025201576504,2025,201576504,1,9,0,-1,2,0,0,-1,0,8,0,4,0,0,3,1,-1,6,1,21,5,-1,-1,-1,-1,1,E01009033,0,2
2025201576565,2025,201576565,1,9,0,-1,19,6,2,-1,0,0,0,0,0,0,1,1,-1,6,2,50,8,-1,-1,-1,-1,4,E01009085,0,1
2025201576667,2025,201576667,1,9,0,-1,5,2,6,-1,0,6,0,0,0,0,4,1,-1,6,1,-1,-1,-1,-1,-1,-1,-1,-1,0,-1
2025201576667,2025,201576667,2,3,0,-1,19,4,8,-1,0,8,0,0,0,0,1,1,-1,6,1,31,6,-1,-1,-1,-1,3,E01010005,0,1
2025201576760,2025,201576760,2,8,0,-1,2,0,0,-1,0,0,0,0,0,0,1,1,-1,1,1,42,7,-1,-1,-1,-1,1,E01034925,0,1
2025201576760,2025,201576760,1,8,0,-1,1,2,6,-1,0,0,0,0,0,0,2,1,-1,1,1,-1,-1,-1,-1,-1,-1,1,E01008913,0,1
2025201576843,2025,201576843,1,9,0,-1,19,4,8,-1,0,1,0,0,4,0,1,1,-1,2,1,28,6,-1,-1,-1,-1,-1,-1,0,-1
2025201576843,2025,201576843,2,9,0,-1,19,4,8,-1,0,1,0,0,0,0,0,9,-1,6,3,50,8,-1,-1,-1,-1,-1,-1,0,-1
2025201576889,2025,201576889,2,9,0,-1,19,3,7,-1,0,8,0,0,0,0,1,1,-1,6,1,38,7,-1,-1,-1,-1,-1,-1,0,-1
2025201576889,2025,201576889,1,9,0,-1,19,1,5,-1,0,8,5,0,0,0,4,1,-1,1,2,30,6,-1,-1,-1,-1,-1,-1,0,-1
2025201576911,2025,201576911,3,9,0,-1,2,0,0,-1,9,0,0,4,0,0,1,1,-1,6,2,55,8,-1,-1,-1,-1,1,E01009396,0,1
2025201576911,2025,201576911,2,9,0,-1,2,0,0,-1,9,0,0,4,0,0,1,1,-1,6,1,53,8,-1,-1,-1,-1,1,E01009344,0,1
2025201576911,2025,201576911,1,9,0,-1,19,7,3,-1,0,0,0,0,0,0,1,9,-1,6,3,20,4,-1,-1,-1,-1,-1,-1,0,-1
2025201576911,2025,201576911,4,9,0,-1,2,0,0,-1,0,0,0,4,0,0,1,1,-1,2,1,64,9,-1,-1,-1,-1,1,E01010060,0,2
2025201576928,2025,201576928,2,1,0,-1,19,4,8,-1,0,8,0,0,0,0,1,1,-1,6,1,16,4,-1,-1,-1,-1,3,E01034737,0,1
2025201576928,2025,201576928,1,9,0,-1,9,5,1,-1,0,4,0,0,0,0,1,1,-1,6,3,24,5,-1,-1,-1,-1,-1,-1,0,-1
2025201576948,2025,201576948,1,9,0,-1,19,5,1,-1,0,6,0,0,0,0,1,1,-1,9,1,39,7,-1,-1,-1,-1,-1,-1,0,-1
2025201576948,2025,201576948,2,9,0,-1,5,3,7,-1,0,6,1,0,4,0,4,1,-1,9,2,24,5,-1,-1,-1,-1,-1,-1,0,-1
2025201576960,2025,201576960,1,9,0,-1,19,1,4,-1,0,0,0,0,0,0,3,1,-1,1,1,34,6,-1,-1,-1,-1,5,E01017440,0,4
2025201576985,2025,201576985,2,19,4,-1,2,0,0,-1,0,0,0,0,0,0,1,1,-1,1,1,67,10,-1,-1,-1,-1,8,E01010487,0,1
2025201576985,2025,201576985,1,98,0,-1,15,1,5,-1,0,0,1,7,1,1,1,1,-1,6,1,40,7,-1,-1,-1,-1,-1,-1,0,-1
2025201577005,2025,201577005,2,8,0,-1,19,3,7,-1,0,0,0,0,0,0,2,1,-1,6,1,50,8,-1,-1,-1,-1,-1,-1,0,-1
2025201577005,2025,201577005,1,9,0,-1,13,3,6,-1,0,0,0,0,0,0,1,1,-1,6,-1,20,4,-1,-1,-1,-1,-1,-1,0,-1
2025201577005,2025,201577005,3,8,0,-1,19,3,7,-1,0,0,0,0,0,0,2,1,-1,6,1,53,8,-1,-1,-1,-1,1,E01009047,0,1
2025201577026,2025,201577026,2,9,0,-1,19,2,6,-1,0,0,0,4,0,0,3,9,-1,6,3,-1,-1,-1,-1,-1,-1,-1,-1,0,-1
2025201577026,2025,201577026,1,9,0,-1,19,2,6,-1,0,0,0,8,0,0,1,1,-1,6,3,-1,-1,-1,-1,-1,-1,-1,-1,0,-1
2025201577039,2025,201577039,1,9,0,-1,19,7,3,-1,5,1,0,0,0,0,1,1,-1,6,2,-1,-1,-1,-1,-1,-1,-1,-1,0,-1
2025201577078,2025,201577078,1,9,0,-1,19,7,3,-1,0,1,0,10,1,0,1,2,-1,1,1,-1,-1,-1,-1,-1,-1,9,E01009912,0,3
2025201577082,2025,201577082,1,9,0,-1,19,1,5,-1,0,8,0,0,0,0,1,1,-1,6,1,32,6,-1,-1,-1,-1,3,E01010178,0,1
2025201577082,2025,201577082,2,1,0,-1,19,1,4,-1,0,3,0,0,0,0,1,1,-1,6,1,16,4,-1,-1,-1,-1,1,E01009020,0,1
2025201577101,2025,201577101,1,9,0,-1,19,1,5,-1,0,8,0,0,0,0,1,2,-1,9,1,19,4,-1,-1,-1,-1,-1,-1,0,-1
2025201577107,2025,201577107,2,9,0,-1,19,4,8,-1,0,0,0,0,0,0,1,1,-1,6,1,23,5,-1,-1,-1,-1,2,E01009481,0,1
2025201577107,2025,201577107,1,9,0,-1,4,4,8,-1,0,0,0,0,0,0,2,1,-1,6,2,39,7,-1,-1,-1,-1,2,E01009481,0,1
2025201577110,2025,201577110,2,9,0,-1,3,3,7,-1,0,6,0,0,0,0,1,9,-1,6,1,68,10,-1,-1,-1,-1,-1,-1,0,-1
2025201577110,2025,201577110,1,9,0,-1,19,1,5,-1,0,1,1,0,0,0,1,9,-1,6,1,30,6,-1,-1,-1,-1,-1,-1,0,-1
2025201577139,2025,201577139,1,9,0,-1,19,4,8,-1,0,0,0,0,0,0,1,9,-1,1,1,34,6,-1,-1,-1,-1,5,E01017440,0,4
2025201577158,2025,201577158,1,9,0,-1,5,7,1,-1,0,6,0,0,0,0,1,1,-1,6,1,70,10,-1,-1,-1,-1,6,E01009974,0,1
2025201577224,2025,201577224,1,9,0,-1,13,3,7,-1,0,0,0,0,0,0,1,9,-1,6,3,-1,-1,-1,-1,-1,-1,-1,-1,0,-1
2025201577235,2025,201577235,1,9,0,-1,9,2,6,-1,0,6,0,0,0,0,1,9,-1,1,1,29,6,-1,-1,-1,-1,10,E01010231,0,3
2025201577235,2025,201577235,2,9,0,-1,19,5,1,-1,0,8,0,0,0,0,1,9,-1,1,2,40,7,-1,-1,-1,-1,2,E01010004,0,1
2025201577235,2025,201577235,3,9,0,-1,19,1,5,-1,0,8,0,0,0,0,1,9,-1,1,2,34,6,-1,-1,-1,-1,3,E01033623,0,2
2025201577277,2025,201577277,1,3,0,-1,19,7,4,-1,0,1,0,0,0,0,1,1,-1,6,1,22,5,-1,-1,-1,-1,1,E01009214,0,1
2025201577277,2025,201577277,2,90,0,-1,15,3,4,-1,0,1,0,0,0,0,1,1,-1,1,1,43,7,-1,-1,-1,-1,3,E01008950,0,1
2025201577278,2025,201577278,2,9,0,-1,19,8,4,-1,0,8,0,0,0,0,2,1,-1,6,-1,-1,-1,-1,-1,-1,-1,-1,-1,0,-1
2025201577278,2025,201577278,1,9,0,-1,19,8,5,-1,0,1,0,0,0,0,1,1,-1,6,-1,-1,-1,-1,-1,-1,-1,-1,-1,0,-1
2025201577280,2025,201577280,1,9,0,-1,19,1,5,-1,0,0,0,0,0,0,3,1,-1,6,2,56,9,-1,-1,-1,-1,2,E01009754,0,3
2025201577321,2025,201577321,1,9,0,-1,15,3,4,-1,9,1,0,0,0,0,1,1,-1,9,1,25,5,-1,-1,-1,-1,2,E01010016,0,2
2025201577321,2025,201577321,2,8,0,-1,10,3,8,-1,9,1,0,0,0,0,4,1,-1,9,1,38,7,-1,-1,-1,-1,2,E01009151,0,1
2025201577329,2025,201577329,2,9,0,-1,4,3,7,-1,0,0,0,0,0,0,1,1,-1,9,1,42,7,-1,-1,-1,-1,8,E01028806,0,4
2025201577329,2025,201577329,1,9,0,-1,19,3,7,-1,0,0,0,0,0,0,1,9,-1,6,1,-1,-1,-1,-1,-1,-1,-1,-1,0,-1