collision_index,collision_year,collision_ref_no,vehicle_reference,vehicle_type,towing_and_articulation,vehicle_manoeuvre_historic,vehicle_manoeuvre,vehicle_direction_from,vehicle_direction_to,vehicle_location_restricted_lane_historic,vehicle_location_restricted_lane,junction_location,skidding_and_overturning,hit_object_in_carriageway,vehicle_leaving_carriageway,hit_object_off_carriageway,first_point_of_impact,vehicle_left_hand_drive,journey_purpose_of_driver_historic,journey_purpose_of_driver,sex_of_driver,age_of_driver,age_band_of_driver,engine_capacity_cc,propulsion_code,age_of_vehicle,generic_make_model,driver_imd_decile,lsoa_of_driver,escooter_flag,driver_distance_banding
2025201580030,2025,201580030,2,9,0,-1,9,4,2,-1,0,6,1,0,0,0,3,1,-1,6,1,35,6,-1,-1,-1,-1,2,E01010476,0,1
2025201580030,2025,201580030,1,1,0,-1,19,2,6,-1,0,8,0,0,0,0,1,1,-1,6,1,20,4,-1,-1,-1,-1,1,E01010443,0,1
2025201580046,2025,201580046,2,9,-1,-1,-1,-1,-1,-1,0,1,0,0,0,0,-1,9,-1,6,3,-1,-1,-1,-1,-1,-1,-1,-1,0,-1
2025201580046,2025,201580046,1,1,0,-1,2,7,3,-1,9,1,0,0,0,0,3,1,-1,6,1,17,4,-1,-1,-1,-1,2,E01009414,0,1
2025201580092,2025,201580092,2,9,0,-1,2,0,0,-1,0,0,0,0,0,0,2,1,-1,6,-1,-1,-1,-1,-1,-1,-1,-1,-1,0,-1
2025201580092,2025,201580092,1,9,0,-1,19,7,3,-1,0,0,0,11,0,0,3,1,-1,9,1,54,8,-1,-1,-1,-1,1,E01009408,0,1
2025201580101,2025,201580101,1,9,0,-1,19,4,8,-1,0,1,0,0,0,0,1,1,-1,6,1,59,9,-1,-1,-1,-1,1,E01009511,0,1
2025201580136,2025,201580136,1,9,0,-1,19,1,6,-1,9,0,0,10,1,0,1,1,-1,6,1,20,4,-1,-1,-1,-1,10,E01010387,0,2
2025201580148,2025,201580148,2,9,0,-1,9,2,8,-1,0,3,0,0,0,0,1,1,-1,6,1,67,10,-1,-1,-1,-1,4,E01009186,0,1
2025201580148,2025,201580148,1,9,0,-1,19,6,2,-1,9,3,0,7,1,7,3,1,-1,9,1,25,5,-1,-1,-1,-1,2,E01010073,0,3
2025201580173,2025,201580173,2,9,0,-1,5,1,5,-1,0,2,0,0,0,0,4,1,-1,8,2,30,6,-1,-1,-1,-1,2,E01034313,0,1
2025201580173,2025,201580173,1,9,0,-1,19,3,7,-1,0,2,0,0,0,0,1,1,-1,6,2,80,11,-1,-1,-1,-1,8,E01010565,0,2
2025201580185,2025,201580185,1,9,0,-1,19,1,5,-1,0,1,0,0,0,0,1,9,-1,6,1,28,6,-1,-1,-1,-1,-1,-1,0,-1
2025201580185,2025,201580185,2,9,0,-1,7,3,5,-1,0,1,0,0,0,0,1,1,-1,1,1,36,7,-1,-1,-1,-1,-1,-1,0,-1
2025201580285,2025,201580285,2,9,0,-1,19,5,1,-1,0,8,0,0,0,0,1,1,-1,6,1,23,5,-1,-1,-1,-1,1,E01009396,0,1
2025201580285,2025,201580285,1,9,0,-1,19,7,3,-1,0,6,0,0,0,0,1,1,-1,6,2,27,6,-1,-1,-1,-1,-1,-1,0,-1
2025201580296,2025,201580296,1,9,0,-1,11,4,8,-1,0,3,0,0,0,0,3,1,-1,9,1,28,6,-1,-1,-1,-1,-1,-1,0,-1
2025201580296,2025,201580296,2,9,0,-1,5,4,8,-1,0,3,0,0,1,0,4,1,-1,6,3,-1,-1,-1,-1,-1,-1,-1,-1,0,-1
2025201580328,2025,201580328,1,2,0,-1,9,5,7,-1,0,5,0,0,0,0,1,1,-1,1,1,31,6,-1,-1,-1,-1,-1,-1,0,-1
2025201580328,2025,201580328,2,9,0,-1,19,2,6,-1,0,1,0,0,0,0,1,9,-1,9,1,31,6,-1,-1,-1,-1,-1,-1,0,-1
2025201580343,2025,201580343,2,9,0,-1,8,5,8,-1,0,1,0,0,1,0,3,1,-1,9,1,41,7,-1,-1,-1,-1,1,E01009341,0,1
2025201580343,2025,201580343,1,9,0,-1,19,4,8,-1,0,1,0,0,0,0,1,1,-1,6,3,-1,-1,-1,-1,-1,-1,-1,-1,0,-1
2025201580556,2025,201580556,1,98,0,-1,9,3,5,-1,0,1,0,0,0,0,1,1,-1,1,1,55,8,-1,-1,-1,-1,2,E01009747,0,1
2025201580556,2025,201580556,2,8,0,-1,5,1,1,-1,0,2,0,0,0,0,1,1,-1,1,1,73,10,-1,-1,-1,-1,-1,-1,0,-1
2025201580634,2025,201580634,2,19,0,-1,19,7,3,-1,0,8,0,0,0,0,3,1,-1,1,1,48,8,-1,-1,-1,-1,10,E01029678,0,2
2025201580634,2025,201580634,1,9,0,-1,5,1,5,-1,0,6,0,0,0,0,1,1,-1,6,2,74,10,-1,-1,-1,-1,2,E01010522,0,1
2025201580715,2025,201580715,1,19,0,-1,3,4,8,-1,0,1,0,0,0,0,1,9,-1,6,1,30,6,-1,-1,-1,-1,-1,-1,0,-1
2025201580715,2025,201580715,2,9,0,-1,3,4,8,-1,0,1,0,0,0,0,2,1,-1,9,1,22,5,-1,-1,-1,-1,4,E01008891,0,2
2025201580729,2025,201580729,2,9,0,-1,19,6,2,-1,0,8,0,0,0,0,1,1,-1,1,1,33,6,-1,-1,-1,-1,1,E01009844,0,2
2025201580729,2025,201580729,1,9,0,-1,9,7,4,-1,0,2,0,0,0,0,3,1,-1,9,1,18,4,-1,-1,-1,-1,6,E01028842,0,3
2025201580730,2025,201580730,2,1,0,-1,19,7,3,-1,0,0,2,0,0,0,1,1,-1,6,1,18,4,-1,-1,-1,-1,-1,-1,0,-1
2025201580730,2025,201580730,1,9,0,-1,19,1,5,-1,0,0,0,0,0,0,1,1,-1,6,2,41,7,-1,-1,-1,-1,-1,-1,0,-1
2025201580805,2025,201580805,1,9,0,-1,19,5,1,-1,0,0,0,10,8,3,1,1,-1,6,1,16,4,-1,-1,-1,-1,2,E01009630,0,1
2025201580807,2025,201580807,2,9,0,-1,3,1,5,-1,0,1,0,0,0,0,2,1,-1,9,2,35,6,-1,-1,-1,-1,2,E01010315,0,1
2025201580807,2025,201580807,1,9,0,-1,19,1,5,-1,0,3,0,0,0,0,1,1,-1,6,2,29,6,-1,-1,-1,-1,1,E01010316,0,1
2025201580850,2025,201580850,2,9,0,-1,19,1,5,-1,0,0,0,0,0,0,3,1,-1,9,1,35,6,-1,-1,-1,-1,5,E01009032,0,1
2025201580850,2025,201580850,1,9,0,-1,19,4,8,-1,0,0,1,0,0,0,1,1,-1,6,3,40,7,-1,-1,-1,-1,-1,-1,0,-1
2025201580980,2025,201580980,1,9,0,-1,19,6,2,-1,0,0,0,4,0,0,1,9,-1,9,3,-1,-1,-1,-1,-1,-1,-1,-1,0,-1
2025201580980,2025,201580980,2,9,0,-1,2,0,0,-1,9,0,0,0,0,0,2,9,-1,9,3,-1,-1,-1,-1,-1,-1,-1,-1,0,-1
2025201581028,2025,201581028,1,9,0,-1,19,7,3,-1,0,7,0,0,0,0,1,1,-1,6,3,-1,-1,-1,-1,-1,-1,-1,-1,0,-1
2025201581070,2025,201581070,2,9,0,-1,19,5,1,-1,0,8,0,0,0,0,3,9,-1,6,1,36,7,-1,-1,-1,-1,2,E01009981,0,2
2025201581070,2025,201581070,1,9,0,-1,7,3,8,-1,0,6,0,0,0,0,1,9,-1,6,1,32,6,-1,-1,-1,-1,4,E01009248,0,1
2025201581098,2025,201581098,1,9,0,-1,19,4,8,-1,0,6,1,7,0,0,4,1,-1,2,2,23,5,-1,-1,-1,-1,1,E01009321,0,2
2025201581098,2025,201581098,2,11,0,-1,19,6,3,-1,0,8,0,0,0,0,1,1,-1,1,1,70,10,-1,-1,-1,-1,1,E01009480,0,2
2025201581258,2025,201581258,1,19,0,-1,7,1,7,-1,0,6,0,0,0,0,3,1,-1,2,1,36,7,-1,-1,-1,-1,8,E01010516,0,1
2025201581258,2025,201581258,2,5,0,-1,19,7,3,-1,0,1,1,0,1,0,1,1,-1,6,1,39,7,-1,-1,-1,-1,2,E01010481,0,1
2025201581276,2025,201581276,2,9,0,-1,19,6,2,-1,0,8,0,0,0,0,1,1,-1,6,2,29,6,-1,-1,-1,-1,5,E01029855,0,4
2025201581276,2025,201581276,1,8,0,-1,19,4,8,-1,0,8,0,0,0,0,3,1,-1,1,1,46,8,-1,-1,-1,-1,1,E01009137,0,2
2025201581277,2025,201581277,2,1,0,-1,19,5,1,-1,0,8,0,0,0,0,1,1,-1,2,1,17,4,-1,-1,-1,-1,2,E01008919,0,1
2025201581277,2025,201581277,1,9,0,-1,9,3,7,-1,0,6,0,0,0,0,4,1,-1,2,1,26,6,-1,-1,-1,-1,2,E01009499,0,1
2025201581523,2025,201581523,2,9,0,-1,19,6,1,-1,0,0,0,0,0,0,2,1,-1,9,2,18,4,-1,-1,-1,-1,2,E01009744,0,1
2025201581523,2025,201581523,1,9,0,-1,19,6,2,-1,0,0,0,0,0,0,1,1,-1,6,1,19,4,-1,-1,-1,-1,5,E01010552,0,3
2025201581537,2025,201581537,1,9,0,-1,19,8,4,-1,0,0,0,0,0,0,4,1,-1,6,3,98,11,-1,-1,-1,-1,-1,-1,0,-1
2025201581540,2025,201581540,2,9,0,-1,3,6,2,-1,0,1,0,0,0,0,2,1,-1,6,1,35,6,-1,-1,-1,-1,3,E01009184,0,1
2025201581540,2025,201581540,1,8,0,-1,19,6,2,-1,0,1,0,0,0,0,1,1,-1,6,1,40,7,-1,-1,-1,-1,3,E01009089,0,3
2025201581540,2025,201581540,3,9,0,-1,3,6,2,-1,0,1,0,0,0,0,2,1,-1,6,1,52,8,-1,-1,-1,-1,2,E01009219,0,1
2025201581614,2025,201581614,1,9,0,-1,1,6,1,-1,0,2,0,0,0,0,2,1,-1,9,1,24,5,-1,-1,-1,-1,1,E01009399,0,1
2025201581614,2025,201581614,2,3,0,-1,4,7,4,-1,0,1,0,0,0,0,1,1,-1,2,1,28,6,-1,-1,-1,-1,10,E01010387,0,3
2025201581691,2025,201581691,1,9,0,-1,19,4,8,-1,0,4,0,0,0,0,1,1,-1,2,2,25,5,-1,-1,-1,-1,6,E01009975,0,2
2025201581691,2025,201581691,2,8,0,-1,19,2,7,-1,0,3,0,0,0,0,4,1,-1,1,1,53,8,-1,-1,-1,-1,2,E01010090,0,2
2025201581700,2025,201581700,1,9,0,-1,7,7,3,-1,0,0,0,0,0,0,1,1,-1,9,1,26,6,-1,-1,-1,-1,1,E01009844,0,1
2025201581724,2025,201581724,1,5,0,-1,19,2,6,-1,0,0,0,0,0,0,0,1,-1,9,1,43,7,-1,-1,-1,-1,5,E01009745,0,2
2025201581892,2025,201581892,2,9,0,-1,19,5,1,-1,0,2,0,0,0,0,3,9,-1,2,2,38,7,-1,-1,-1,-1,-1,-1,0,-1
2025201581892,2025,201581892,1,21,1,-1,19,1,7,-1,0,2,0,0,0,0,1,9,-1,1,1,55,8,-1,-1,-1,-1,-1,-1,0,-1
2025201581903,2025,201581903,1,9,0,-1,19,3,5,-1,0,0,0,10,0,0,1,1,-1,6,1,74,10,-1,-1,-1,-1,1,E01009301,0,1
2025201581906,2025,201581906,4,9,0,-1,19,3,7,-1,0,6,0,0,0,0,1,9,-1,6,1,54,8,-1,-1,-1,-1,1,E01034917,0,1
2025201581906,2025,201581906,1,9,0,-1,19,7,3,-1,0,6,0,0,0,0,1,9,-1,6,1,29,6,-1,-1,-1,-1,2,E01009049,0,1
2025201581906,2025,201581906,3,9,0,-1,19,7,3,-1,0,8,0,0,0,0,1,9,-1,6,2,52,8,-1,-1,-1,-1,1,E01009498,0,3
2025201581906,2025,201581906,2,9,0,-1,19,5,1,-1,0,8,0,0,0,0,2,9,-1,6,1,40,7,-1,-1,-1,-1,5,E01009798,0,2
2025201581982,2025,201581982,1,9,0,-1,19,8,4,-1,0,6,0,0,0,0,1,1,-1,6,1,19,4,-1,-1,-1,-1,9,E01009543,0,1
2025201581982,2025,201581982,2,9,0,-1,19,2,6,-1,0,8,0,0,0,0,1,1,-1,6,1,24,5,-1,-1,-1,-1,2,E01009587,0,1
2025201582096,2025,201582096,1,9,0,-1,7,5,6,-1,0,0,0,0,3,0,1,1,-1,6,-1,16,4,-1,-1,-1,-1,-1,-1,0,-1
2025201582133,2025,201582133,1,9,0,-1,4,8,5,-1,0,0,0,0,0,0,1,1,-1,2,2,21,5,-1,-1,-1,-1,8,E01019383,0,5
2025201582158,2025,201582158,2,9,0,-1,19,1,5,-1,0,0,0,4,0,0,1,1,-1,6,3,30,6,-1,-1,-1,-1,-1,-1,0,-1
2025201582158,2025,201582158,1,9,0,-1,8,5,1,-1,0,0,1,0,0,0,2,1,-1,9,2,52,8,-1,-1,-1,-1,5,E01010109,0,1
2025201582168,2025,201582168,1,9,0,-1,19,5,1,-1,0,8,0,0,0,0,3,9,-1,6,1,-1,-1,-1,-1,-1,-1,-1,-1,0,-1
2025201582174,2025,201582174,1,9,0,-1,5,8,4,-1,0,0,0,0,0,0,4,1,-1,6,1,60,9,-1,-1,-1,-1,-1,-1,0,-1
2025201582188,2025,201582188,2,98,1,-1,19,8,5,-1,0,0,3,0,0,0,4,1,-1,6,3,-1,-1,-1,-1,-1,-1,-1,-1,0,-1
2025201582188,2025,201582188,1,98,1,-1,12,8,5,-1,0,0,0,0,0,0,3,1,-1,1,1,64,9,-1,-1,-1,-1,-1,-1,0,-1
2025201582188,2025,201582188,3,9,0,-1,19,8,5,-1,0,0,0,0,0,0,3,1,-1,2,2,21,5,-1,-1,-1,-1,1,E01009125,0,2
2025201582195,2025,201582195,1,9,0,-1,19,8,4,-1,0,0,0,0,0,0,4,1,-1,9,1,24,5,-1,-1,-1,-1,2,E01010555,0,1
2025201582195,2025,201582195,2,9,0,-1,7,4,8,-1,0,0,1,10,0,0,4,9,-1,6,3,30,6,-1,-1,-1,-1,-1,-1,0,-1
2025201582204,2025,201582204,2,9,0,-1,9,5,2,-1,0,1,0,0,0,0,1,1,-1,9,1,20,4,-1,-1,-1,-1,4,E01010426,0,1
2025201582204,2025,201582204,1,9,0,-1,19,1,5,-1,0,1,0,0,2,0,3,1,-1,9,1,25,5,-1,-1,-1,-1,6,E01010542,0,2
2025201582244,2025,201582244,1,8,0,-1,5,5,1,-1,0,1,0,0,0,0,3,1,-1,1,1,38,7,-1,-1,-1,-1,3,E01010327,0,4
2025201582244,2025,201582244,2,8,0,-1,19,8,4,-1,0,1,0,0,0,0,1,1,-1,1,1,48,8,-1,-1,-1,-1,2,E01009509,0,2
2025201582249,2025,201582249,2,9,0,-1,4,8,6,-1,0,1,0,0,0,0,2,9,-1,9,3,25,5,-1,-1,-1,-1,2,E01010086,0,3
2025201582249,2025,201582249,1,9,0,-1,19,7,3,-1,0,4,0,0,0,0,1,9,-1,6,1,-1,-1,-1,-1,-1,-1,-1,-1,0,-1
2025201582261,2025,201582261,1,9,0,-1,19,3,7,-1,0,3,0,0,0,0,1,1,-1,6,1,20,4,-1,-1,-1,-1,-1,-1,0,-1
2025201582261,2025,201582261,2,9,0,-1,5,5,1,-1,0,4,0,0,0,0,3,1,-1,6,1,30,6,-1,-1,-1,-1,1,E01010053,0,3
2025201582267,2025,201582267,1,8,0,-1,5,5,1,-1,0,1,0,0,0,0,1,9,-1,6,1,-1,-1,-1,-1,-1,-1,-1,-1,0,-1
2025201582267,2025,201582267,2,1,0,-1,19,1,5,-1,0,4,0,0,0,0,1,1,-1,1,1,25,5,-1,-1,-1,-1,7,E01009039,0,2
2025201582321,2025,201582321,2,1,0,-1,19,7,3,-1,0,0,0,0,0,0,1,1,-1,6,1,27,6,-1,-1,-1,-1,1,E01009332,0,1
2025201582321,2025,201582321,1,8,0,-1,19,1,3,-1,0,0,0,0,0,0,2,1,-1,6,1,56,9,-1,-1,-1,-1,1,E01009274,0,2
2025201582327,2025,201582327,1,9,0,-1,19,7,3,-1,0,2,1,7,0,0,1,1,-1,1,1,45,7,-1,-1,-1,-1,2,E01009095,0,1
2025201582330,2025,201582330,1,9,0,-1,19,4,8,-1,0,2,1,0,0,0,1,1,-1,6,1,40,7,-1,-1,-1,-1,1,E01008899,0,1
2025201582367,2025,201582367,1,20,0,-1,19,8,4,-1,0,1,0,0,0,0,1,1,-1,6,1,64,9,-1,-1,-1,-1,-1,-1,0,-1
2025201582377,2025,201582377,3,9,0,-1,2,0,0,-1,0,8,0,0,0,0,2,1,-1,6,-1,-1,-1,-1,-1,-1,-1,-1,-1,0,-1
2025201582377,2025,201582377,2,9,0,-1,19,4,8,-1,0,8,0,0,0,0,2,1,-1,6,1,51,8,-1,-1,-1,-1,3,E01009106,0,1
2025201582377,2025,201582377,1,9,0,-1,19,1,4,-1,0,8,0,0,0,0,1,1,-1,6,1,32,6,-1,-1,-1,-1,3,E01009106,0,1
2025201582400,2025,201582400,1,9,0,-1,19,2,7,-1,0,8,0,0,0,0,4,1,-1,9,1,24,5,-1,-1,-1,-1,1,E01010401,0,1
2025201582400,2025,201582400,2,9,0,-1,9,4,2,-1,0,6,0,0,0,0,1,1,-1,9,1,31,6,-1,-1,-1,-1,2,E01010405,0,1
2025201582423,2025,201582423,1,9,0,-1,19,5,7,-1,0,0,1,0,0,0,4,1,-1,6,-1,30,6,-1,-1,-1,-1,-1,-1,0,-1
2025201582423,2025,201582423,2,9,0,-1,19,7,4,-1,0,0,0,0,0,0,4,1,-1,6,2,63,9,-1,-1,-1,-1,7,E01009810,0,1
2025201582455,2025,201582455,1,9,0,-1,19,1,5,-1,0,0,0,0,0,0,3,1,-1,6,1,25,5,-1,-1,-1,-1,10,E01009784,0,1
2025201582455,2025,201582455,3,9,0,-1,2,0,0,-1,0,0,0,0,0,0,3,1,-1,6,-1,-1,-1,-1,-1,-1,-1,-1,-1,0,-1
2025201582455,2025,201582455,4,9,0,-1,2,0,0,-1,0,0,0,0,0,0,2,1,-1,6,-1,-1,-1,-1,-1,-1,-1,-1,-1,0,-1
2025201582455,2025,201582455,2,9,0,-1,2,0,0,-1,0,0,0,0,0,0,1,1,-1,6,-1,-1,-1,-1,-1,-1,-1,-1,-1,0,-1
2025201582470,2025,201582470,1,9,0,-1,19,5,1,-1,0,5,0,0,1,0,1,9,-1,6,3,-1,-1,-1,-1,-1,-1,-1,-1,0,-1
2025201582470,2025,201582470,2,9,0,-1,5,1,5,-1,0,2,0,0,0,0,2,1,-1,9,1,33,6,-1,-1,-1,-1,4,E01009449,0,2
2025201582496,2025,201582496,2,9,0,-1,3,1,5,-1,0,0,0,0,0,0,2,9,-1,6,1,29,6,-1,-1,-1,-1,4,E01009241,0,1
2025201582496,2025,201582496,1,9,0,-1,19,1,5,-1,0,0,0,0,0,0,1,9,-1,6,1,-1,-1,-1,-1,-1,-1,-1,-1,0,-1
2025201582510,2025,201582510,1,9,0,-1,19,6,2,-1,0,0,0,0,0,0,1,1,-1,6,-1,-1,-1,-1,-1,-1,-1,-1,-1,0,-1
2025201582521,2025,201582521,1,9,0,-1,19,1,5,-1,0,0,0,0,0,0,1,9,-1,6,2,31,6,-1,-1,-1,-1,7,E01026999,0,4
2025201582559,2025,201582559,1,9,0,-1,5,0,0,-1,0,1,0,0,0,0,1,1,-1,9,2,59,9,-1,-1,-1,-1,8,E01010487,0,1
2025201582584,2025,201582584,2,9,0,-1,19,3,7,-1,0,8,0,0,0,0,4,1,-1,9,2,62,9,-1,-1,-1,-1,9,E01032533,0,1
2025201582584,2025,201582584,1,9,0,-1,19,6,2,-1,0,6,0,0,0,0,1,1,-1,9,1,87,11,-1,-1,-1,-1,8,E01010164,0,1
2025201582653,2025,201582653,1,9,0,-1,9,4,1,-1,0,6,0,0,0,0,3,9,-1,6,2,20,4,-1,-1,-1,-1,-1,-1,0,-1
2025201582653,2025,201582653,2,9,0,-1,19,1,5,-1,0,8,0,0,0,0,1,1,-1,9,1,21,5,-1,-1,-1,-1,7,E01009805,0,2
2025201582661,2025,201582661,1,9,0,-1,19,8,4,-1,0,8,0,7,0,0,4,1,-1,9,1,42,7,-1,-1,-1,-1,6,E01032196,0,4
2025201582661,2025,201582661,2,9,0,-1,19,2,4,-1,0,8,0,0,0,0,1,1,-1,9,1,51,8,-1,-1,-1,-1,2,E01010309,0,4
2025201582682,2025,201582682,1,9,0,-1,12,7,7,-1,0,0,0,0,0,0,2,1,-1,9,2,83,11,-1,-1,-1,-1,5,E01009179,0,3
2025201582682,2025,201582682,2,9,0,-1,11,3,3,-1,0,0,0,0,1,4,1,1,-1,9,2,18,4,-1,-1,-1,-1,-1,-1,0,-1
2025201582684,2025,201582684,2,20,0,-1,19,8,4,-1,0,8,0,0,0,0,1,1,-1,1,1,33,6,-1,-1,-1,-1,1,E01009127,0,1
2025201582684,2025,201582684,1,9,0,-1,19,2,6,-1,0,8,0,0,0,0,3,1,-1,6,1,66,10,-1,-1,-1,-1,1,E01009007,0,1
2025201582685,2025,201582685,1,9,0,-1,19,2,6,-1,0,0,0,0,0,0,1,1,-1,6,1,40,7,-1,-1,-1,-1,2,E01009942,0,1
2025201582695,2025,201582695,1,9,0,-1,9,4,1,-1,0,8,0,0,0,0,1,1,-1,6,1,61,9,-1,-1,-1,-1,2,E01009317,0,1
2025201582695,2025,201582695,2,5,0,-1,19,7,4,-1,0,1,0,0,0,0,1,1,-1,6,1,37,7,-1,-1,-1,-1,1,E01009297,0,1
2025201582745,2025,201582745,1,9,0,-1,19,7,2,-1,0,6,1,7,7,0,1,1,-1,6,2,18,4,-1,-1,-1,-1,-1,-1,0,-1
2025201582785,2025,201582785,1,9,0,-1,1,8,2,-1,-1,0,0,0,0,0,2,1,-1,6,1,30,6,-1,-1,-1,-1,1,E01010054,0,1
2025201582785,2025,201582785,2,9,0,-1,5,6,1,-1,0,0,0,0,0,0,4,1,-1,9,1,53,8,-1,-1,-1,-1,7,E01032401,0,4
2025201582796,2025,201582796,2,9,0,-1,9,3,7,-1,0,8,0,0,0,0,1,9,-1,6,3,-1,-1,-1,-1,-1,-1,-1,-1,0,-1
2025201582796,2025,201582796,1,11,0,-1,19,5,1,-1,0,6,0,0,0,0,3,1,-1,1,1,28,6,-1,-1,-1,-1,4,E01009035,0,3
2025201582803,2025,201582803,1,1,0,-1,19,1,5,-1,0,8,0,0,0,0,4,1,-1,1,1,18,4,-1,-1,-1,-1,3,E01008988,0,1
2025201582803,2025,201582803,2,9,0,-1,5,5,1,-1,0,8,0,0,0,0,1,9,-1,9,2,40,7,-1,-1,-1,-1,4,E01008948,0,2
2025201582844,2025,201582844,1,9,0,-1,19,6,1,-1,0,8,0,0,0,0,1,9,-1,6,3,-1,-1,-1,-1,-1,-1,-1,-1,0,-1
2025201582873,2025,201582873,2,9,0,-1,13,1,5,-1,0,0,0,0,0,0,1,1,-1,9,-1,-1,-1,-1,-1,-1,-1,-1,-1,0,-1
2025201582873,2025,201582873,1,8,0,-1,19,5,1,-1,0,0,0,0,0,0,2,1,-1,1,1,59,9,-1,-1,-1,-1,-1,-1,0,-1
2025201582941,2025,201582941,1,9,0,-1,19,5,1,-1,0,8,0,0,0,0,4,2,-1,6,1,45,7,-1,-1,-1,-1,1,E01034311,0,1
2025201582941,2025,201582941,2,9,0,-1,19,6,2,-1,0,8,0,0,0,0,3,9,-1,6,3,-1,-1,-1,-1,-1,-1,2,E01010428,0,1
2025201582984,2025,201582984,1,9,0,-1,19,6,2,-1,9,0,0,0,0,0,1,1,-1,6,2,50,8,-1,-1,-1,-1,-1,-1,0,-1
2025201582984,2025,201582984,2,1,0,-1,19,8,4,-1,9,0,0,0,0,0,3,1,-1,9,1,10,2,-1,-1,-1,-1,5,E01010552,0,1
2025201583026,2025,201583026,1,19,0,-1,19,7,3,-1,0,0,0,0,0,0,1,1,-1,6,1,24,5,-1,-1,-1,-1,-1,-1,0,-1
2025201583085,2025,201583085,1,9,0,-1,19,3,7,-1,0,1,0,0,0,0,1,1,-1,6,1,66,10,-1,-1,-1,-1,10,E01009698,0,4
2025201583135,2025,201583135,1,9,0,-1,19,5,1,-1,-1,0,1,0,1,0,1,1,-1,6,1,32,6,-1,-1,-1,-1,6,E01034941,0,1
2025201583162,2025,201583162,2,9,0,-1,7,5,6,-1,0,6,0,0,0,0,2,9,-1,6,3,-1,-1,-1,-1,-1,-1,-1,-1,0,-1
2025201583162,2025,201583162,1,9,0,-1,19,6,6,-1,0,8,0,0,0,0,1,1,-1,9,2,19,4,-1,-1,-1,-1,-1,-1,0,-1
2025201583180,2025,201583180,1,1,0,-1,2,0,0,-1,0,0,0,0,0,0,1,1,-1,6,1,26,6,-1,-1,-1,-1,-1,-1,0,-1
2025201583180,2025,201583180,2,9,0,-1,19,1,5,-1,0,0,0,0,0,0,1,1,-1,9,1,45,7,-1,-1,-1,-1,-1,-1,0,-1
2025201583254,2025,201583254,1,9,0,-1,5,6,2,-1,0,0,0,0,0,0,1,1,-1,6,2,50,8,-1,-1,-1,-1,-1,-1,0,-1
2025201583298,2025,201583298,1,9,0,-1,9,7,5,-1,0,1,0,0,4,0,1,1,-1,9,2,47,8,-1,-1,-1,-1,4,E01010002,0,1
2025201583298,2025,201583298,2,9,0,-1,19,3,3,-1,0,8,0,0,3,0,1,1,-1,7,2,45,7,-1,-1,-1,-1,-1,-1,0,-1
2025201583308,2025,201583308,1,9,0,-1,13,8,4,-1,0,1,0,0,0,0,4,1,-1,6,3,-1,-1,-1,-1,-1,-1,-1,-1,0,-1
2025201583308,2025,201583308,2,9,0,-1,4,8,4,-1,0,1,0,0,0,0,3,1,-1,9,2,25,5,-1,-1,-1,-1,2,E01009266,0,1
2025201583362,2025,201583362,1,9,0,-1,12,2,6,-1,0,0,0,0,0,0,1,1,-1,2,1,28,6,-1,-1,-1,-1,5,E01013498,0,4
2025201583362,2025,201583362,2,9,0,-1,12,1,6,-1,0,0,2,10,1,0,2,1,-1,2,1,33,6,-1,-1,-1,-1,9,E01019841,0,4
2025201583400,2025,201583400,2,22,0,-1,19,7,4,-1,9,0,5,0,0,0,1,1,-1,9,1,60,9,-1,-1,-1,-1,-1,-1,0,-1
2025201583400,2025,201583400,1,1,0,-1,19,6,7,-1,9,0,0,0,0,0,1,1,-1,6,3,20,4,-1,-1,-1,-1,-1,-1,0,-1
2025201583400,2025,201583400,3,11,0,-1,2,0,0,-1,0,0,0,0,0,0,4,1,-1,1,1,58,9,-1,-1,-1,-1,-1,-1,0,-1
2025201583491,2025,201583491,2,1,0,-1,19,5,1,-1,0,8,0,0,0,0,1,1,-1,9,1,18,4,-1,-1,-1,-1,1,E01010299,0,2
2025201583491,2025,201583491,1,9,0,-1,19,5,1,-1,0,4,0,0,0,0,1,9,-1,6,1,-1,-1,-1,-1,-1,-1,-1,-1,0,-1
2025201583521,2025,201583521,2,9,0,-1,4,8,4,-1,0,1,0,0,0,0,2,1,-1,1,2,38,7,-1,-1,-1,-1,1,E01009987,0,2
2025201583521,2025,201583521,1,9,0,-1,19,8,4,-1,0,1,0,0,0,0,1,1,-1,6,1,30,6,-1,-1,-1,-1,-1,-1,0,-1
2025201583541,2025,201583541,1,9,0,-1,19,5,1,-1,9,0,0,0,0,0,1,1,-1,9,1,33,6,-1,-1,-1,-1,4,E01009065,0,1
2025201583541,2025,201583541,2,1,0,-1,19,7,3,-1,9,0,0,0,0,0,4,1,-1,9,1,8,2,-1,-1,-1,-1,4,E01009065,0,1
2025201583552,2025,201583552,3,9,0,-1,2,0,0,-1,0,0,0,0,0,0,2,1,-1,6,1,28,6,-1,-1,-1,-1,2,E01009225,0,1
2025201583552,2025,201583552,1,9,0,-1,14,8,8,-1,0,0,0,4,0,0,1,1,-1,9,2,26,6,-1,-1,-1,-1,3,E01008933,0,3
2025201583552,2025,201583552,2,9,0,-1,2,0,0,-1,9,0,0,4,1,0,2,1,-1,6,2,31,6,-1,-1,-1,-1,2,E01009225,0,1
2025201583552,2025,201583552,4,9,0,-1,2,0,0,-1,9,0,0,0,0,0,2,1,-1,6,1,22,5,-1,-1,-1,-1,9,E01010241,0,2
2025201583564,2025,201583564,1,9,5,-1,5,1,5,-1,0,6,0,0,0,0,1,1,-1,6,1,35,6,-1,-1,-1,-1,1,E01010292,0,1