collision_index,collision_year,collision_ref_no,vehicle_reference,vehicle_type,towing_and_articulation,vehicle_manoeuvre_historic,vehicle_manoeuvre,vehicle_direction_from,vehicle_direction_to,vehicle_location_restricted_lane_historic,vehicle_location_restricted_lane,junction_location,skidding_and_overturning,hit_object_in_carriageway,vehicle_leaving_carriageway,hit_object_off_carriageway,first_point_of_impact,vehicle_left_hand_drive,journey_purpose_of_driver_historic,journey_purpose_of_driver,sex_of_driver,age_of_driver,age_band_of_driver,engine_capacity_cc,propulsion_code,age_of_vehicle,generic_make_model,driver_imd_decile,lsoa_of_driver,escooter_flag,driver_distance_banding
2025201583564,2025,201583564,2,9,5,-1,19,7,3,-1,0,1,1,0,0,0,4,1,-1,6,2,26,6,-1,-1,-1,-1,1,E01010274,0,1
2025201583586,2025,201583586,1,9,0,-1,19,4,8,-1,0,1,0,0,0,0,3,1,-1,6,-1,-1,-1,-1,-1,-1,-1,-1,-1,0,-1
2025201583586,2025,201583586,4,9,0,-1,2,0,0,-1,0,1,0,0,0,0,3,1,-1,6,-1,-1,-1,-1,-1,-1,-1,-1,-1,0,-1
2025201583586,2025,201583586,2,9,0,-1,2,0,0,-1,0,1,0,0,0,0,4,1,-1,6,1,43,7,-1,-1,-1,-1,1,E01009053,0,1
2025201583586,2025,201583586,3,9,0,-1,2,0,0,-1,0,1,0,0,0,0,3,1,-1,6,1,44,7,-1,-1,-1,-1,1,E01009053,0,1
2025201583590,2025,201583590,1,9,0,-1,19,7,5,-1,0,0,0,0,0,0,1,1,-1,6,3,-1,-1,-1,-1,-1,-1,-1,-1,0,-1
2025201583590,2025,201583590,2,1,0,-1,19,2,1,-1,0,0,0,0,0,0,2,1,-1,9,1,28,6,-1,-1,-1,-1,1,E01010364,0,1
2025201583650,2025,201583650,1,9,0,-1,19,5,4,-1,0,0,5,0,1,9,1,1,-1,8,1,42,7,-1,-1,-1,-1,-1,-1,0,-1
2025201583652,2025,201583652,2,9,0,-1,9,1,7,-1,0,8,0,0,0,0,2,1,-1,6,3,-1,-1,-1,-1,-1,-1,-1,-1,0,-1
2025201583652,2025,201583652,1,5,0,-1,7,1,5,-1,0,3,0,0,0,0,1,1,-1,9,2,54,8,-1,-1,-1,-1,-1,-1,0,-1
2025201583729,2025,201583729,2,21,0,-1,19,2,6,-1,0,4,0,0,0,0,2,1,-1,6,1,-1,-1,-1,-1,-1,-1,-1,-1,0,-1
2025201583729,2025,201583729,1,9,0,-1,19,1,5,-1,0,4,0,0,0,0,1,1,-1,7,2,24,5,-1,-1,-1,-1,1,E01010365,0,1
2025201583839,2025,201583839,1,9,0,-1,19,5,1,-1,0,1,0,0,0,0,1,1,-1,1,1,51,8,-1,-1,-1,-1,-1,-1,0,-1
2025201583893,2025,201583893,2,1,0,-1,5,3,7,-1,0,6,1,0,0,0,4,1,-1,7,1,11,3,-1,-1,-1,-1,1,E01010003,0,1
2025201583893,2025,201583893,1,9,0,-1,19,5,1,-1,0,8,0,0,0,0,1,1,-1,6,3,-1,-1,-1,-1,-1,-1,-1,-1,0,-1
2025201583903,2025,201583903,1,9,0,-1,10,1,3,-1,0,8,0,0,0,0,1,9,-1,6,2,77,11,-1,-1,-1,-1,5,E01009719,0,1
2025201583903,2025,201583903,2,1,0,-1,5,2,6,-1,0,8,0,0,0,0,1,1,-1,6,1,35,6,-1,-1,-1,-1,4,E01009729,0,1
2025201583953,2025,201583953,1,9,0,-1,19,5,1,-1,0,1,0,0,0,0,1,1,-1,6,1,52,8,-1,-1,-1,-1,1,E01010340,0,1
2025201583983,2025,201583983,1,9,0,-1,19,1,5,-1,0,0,0,0,0,0,3,1,-1,9,1,81,11,-1,-1,-1,-1,7,E01009526,0,1
2025201584023,2025,201584023,1,9,0,-1,5,3,1,-1,0,1,0,0,0,0,1,9,-1,6,2,45,7,-1,-1,-1,-1,-1,-1,0,-1
2025201584061,2025,201584061,2,9,0,-1,19,3,7,-1,0,2,0,0,0,0,1,1,-1,6,1,63,9,-1,-1,-1,-1,8,E01009686,0,1
2025201584061,2025,201584061,1,9,0,-1,19,3,7,-1,0,6,0,0,0,0,2,1,-1,6,2,50,8,-1,-1,-1,-1,5,E01009716,0,1
2025201584062,2025,201584062,1,99,0,-1,19,4,8,-1,0,1,0,0,0,0,1,1,-1,6,3,45,7,-1,-1,-1,-1,-1,-1,0,-1
2025201584164,2025,201584164,1,9,0,-1,2,8,4,-1,0,0,0,0,0,0,0,1,-1,6,3,25,5,-1,-1,-1,-1,-1,-1,0,-1
2025201584181,2025,201584181,1,9,0,-1,19,1,4,-1,0,1,1,7,0,0,4,1,-1,6,2,22,5,-1,-1,-1,-1,5,E01032589,0,1
2025201584199,2025,201584199,2,9,0,-1,19,1,5,-1,0,0,0,0,0,0,4,1,-1,6,2,33,6,-1,-1,-1,-1,1,E01009952,0,1
2025201584199,2025,201584199,1,9,0,-1,19,1,5,-1,0,0,0,0,0,0,1,9,-1,6,1,25,5,-1,-1,-1,-1,-1,-1,0,-1
2025201584213,2025,201584213,1,19,0,-1,19,3,6,-1,0,0,0,0,0,0,1,1,-1,6,1,40,7,-1,-1,-1,-1,-1,-1,0,-1
2025201584213,2025,201584213,2,9,0,-1,3,3,7,-1,0,0,1,0,0,0,2,1,-1,2,2,36,7,-1,-1,-1,-1,4,E01009187,0,1
2025201584222,2025,201584222,2,19,0,-1,3,1,5,-1,0,0,0,0,0,0,2,9,-1,2,1,26,6,-1,-1,-1,-1,3,E01009875,0,3
2025201584222,2025,201584222,1,19,0,-1,19,1,5,-1,0,0,1,0,0,0,1,9,-1,6,1,35,6,-1,-1,-1,-1,-1,-1,0,-1
2025201584257,2025,201584257,2,9,0,-1,10,1,1,-1,0,1,0,0,0,0,2,9,-1,6,1,22,5,-1,-1,-1,-1,3,E01009862,0,2
2025201584257,2025,201584257,1,9,0,-1,19,1,1,-1,0,8,0,0,0,0,1,9,-1,6,1,18,4,-1,-1,-1,-1,-1,-1,0,-1
2025201584282,2025,201584282,1,3,0,-1,19,1,5,-1,0,0,0,0,0,0,1,1,-1,6,1,19,4,-1,-1,-1,-1,2,E01009981,0,1
2025201584372,2025,201584372,1,9,0,-1,5,1,5,-1,0,0,5,10,7,2,4,9,-1,9,1,81,11,-1,-1,-1,-1,7,E01009958,0,1
2025201584382,2025,201584382,2,9,0,-1,3,7,3,-1,0,0,0,0,0,0,2,1,-1,6,2,31,6,-1,-1,-1,-1,3,E01009084,0,1
2025201584382,2025,201584382,1,9,0,-1,3,7,3,-1,0,0,0,0,0,0,1,1,-1,1,1,31,6,-1,-1,-1,-1,-1,-1,0,-1
2025201584412,2025,201584412,2,9,0,-1,3,5,2,-1,0,0,0,0,0,0,1,9,-1,1,1,46,8,-1,-1,-1,-1,2,E01010019,0,2
2025201584412,2025,201584412,1,9,0,-1,3,2,5,-1,0,0,0,0,0,0,2,9,-1,1,1,43,7,-1,-1,-1,-1,3,E01008988,0,1
2025201584428,2025,201584428,2,1,0,-1,19,2,6,-1,9,1,0,0,0,0,1,1,-1,6,1,57,9,-1,-1,-1,-1,-1,-1,0,-1
2025201584428,2025,201584428,1,9,0,-1,5,8,3,-1,9,6,0,0,0,0,1,1,-1,6,2,22,5,-1,-1,-1,-1,5,E01009295,0,1
2025201584429,2025,201584429,1,9,0,-1,9,5,3,-1,0,8,0,0,0,0,1,9,-1,2,2,64,9,-1,-1,-1,-1,5,E01009267,0,2
2025201584535,2025,201584535,1,9,0,-1,19,7,3,-1,0,0,0,0,0,0,1,9,-1,6,3,-1,-1,-1,-1,-1,-1,-1,-1,0,-1
2025201584555,2025,201584555,1,9,0,-1,2,7,3,-1,0,8,0,0,0,0,2,1,-1,6,1,19,4,-1,-1,-1,-1,3,E01010320,0,3
2025201584555,2025,201584555,2,9,0,-1,19,7,2,-1,0,1,0,0,0,0,1,1,-1,6,3,35,6,-1,-1,-1,-1,-1,-1,0,-1
2025201584598,2025,201584598,1,9,0,-1,7,5,7,-1,4,5,0,0,3,0,1,9,-1,6,1,19,4,-1,-1,-1,-1,2,E01009054,0,1
2025201584628,2025,201584628,1,9,0,-1,20,5,1,-1,9,0,0,0,1,0,1,1,-1,6,3,24,5,-1,-1,-1,-1,-1,-1,0,-1
2025201584631,2025,201584631,1,9,0,-1,19,1,5,-1,0,0,0,0,0,0,3,1,-1,9,2,50,8,-1,-1,-1,-1,10,E01022219,0,5
2025201584631,2025,201584631,2,9,0,-1,19,1,5,-1,0,0,0,0,0,0,4,1,-1,9,2,40,7,-1,-1,-1,-1,6,E01029524,0,3
2025201584686,2025,201584686,1,9,0,-1,19,7,1,-1,0,1,0,0,0,0,1,1,-1,6,1,20,4,-1,-1,-1,-1,1,E01033649,0,1
2025201584695,2025,201584695,2,9,0,-1,19,4,7,-1,0,1,0,0,0,0,4,1,-1,6,1,24,5,-1,-1,-1,-1,1,E01009406,0,2
2025201584695,2025,201584695,1,9,0,-1,10,7,5,-1,0,1,0,0,0,0,4,1,-1,9,1,53,8,-1,-1,-1,-1,1,E01009192,0,1
2025201584706,2025,201584706,1,9,0,-1,4,3,3,-1,0,1,0,0,0,0,3,1,-1,9,2,52,8,-1,-1,-1,-1,3,E01010178,0,1
2025201584706,2025,201584706,2,-1,0,-1,19,8,2,-1,-1,7,0,0,0,0,1,1,-1,6,1,15,3,-1,-1,-1,-1,5,E01009319,1,1
2025201584727,2025,201584727,2,1,0,-1,19,6,2,-1,0,8,0,0,0,0,2,1,-1,6,3,-1,-1,-1,-1,-1,-1,-1,-1,0,-1
2025201584727,2025,201584727,1,9,0,-1,19,6,2,-1,0,8,0,0,0,0,1,1,-1,6,3,-1,-1,-1,-1,-1,-1,-1,-1,0,-1
2025201584765,2025,201584765,1,9,0,-1,19,7,3,-1,9,0,0,0,0,0,1,1,-1,6,1,-1,-1,-1,-1,-1,-1,-1,-1,0,-1
2025201584771,2025,201584771,1,9,0,-1,3,5,1,-1,0,8,0,0,0,0,2,9,-1,9,1,52,8,-1,-1,-1,-1,1,E01009272,0,1
2025201584771,2025,201584771,2,9,0,-1,19,5,1,-1,0,8,0,0,0,0,1,9,-1,9,1,-1,-1,-1,-1,-1,-1,1,E01009951,0,1
2025201584802,2025,201584802,2,9,0,-1,4,5,1,-1,0,1,0,0,0,0,1,1,-1,6,1,30,6,-1,-1,-1,-1,3,E01009176,0,1
2025201584802,2025,201584802,1,9,0,-1,4,5,1,-1,0,1,0,0,0,0,2,9,-1,6,2,40,7,-1,-1,-1,-1,5,E01032589,0,1
2025201584811,2025,201584811,1,9,0,-1,9,6,4,-1,0,1,0,0,0,0,4,9,-1,2,2,38,7,-1,-1,-1,-1,10,E01009429,0,1
2025201584811,2025,201584811,2,9,0,-1,19,2,6,-1,0,1,0,0,0,0,1,9,-1,2,1,73,10,-1,-1,-1,-1,9,E01009416,0,1
2025201584831,2025,201584831,2,9,0,-1,3,1,1,-1,0,0,0,0,0,0,2,9,-1,9,2,54,8,-1,-1,-1,-1,3,E01009232,0,1
2025201584831,2025,201584831,1,9,0,-1,19,1,1,-1,0,0,0,0,0,0,1,9,-1,6,1,35,6,-1,-1,-1,-1,-1,-1,0,-1
2025201584869,2025,201584869,1,9,0,-1,5,3,7,-1,0,0,0,0,0,0,1,1,-1,2,2,58,9,-1,-1,-1,-1,7,E01029790,0,4
2025201584869,2025,201584869,2,1,0,-1,19,1,5,-1,0,0,0,0,0,0,2,1,-1,2,1,62,9,-1,-1,-1,-1,5,E01009023,0,2
2025201584878,2025,201584878,1,8,0,-1,5,3,3,-1,0,0,0,0,0,0,1,9,-1,6,1,50,8,-1,-1,-1,-1,2,E01031097,0,4
2025201584937,2025,201584937,1,9,0,-1,4,5,1,-1,0,0,0,0,0,0,1,1,-1,1,1,62,9,-1,-1,-1,-1,8,E01009437,0,3
2025201584994,2025,201584994,1,9,0,-1,19,4,8,-1,0,1,0,0,0,0,1,1,-1,6,1,47,8,-1,-1,-1,-1,1,E01009476,0,3
2025201584994,2025,201584994,2,9,0,-1,2,4,8,-1,0,1,0,0,0,0,2,1,-1,1,2,25,5,-1,-1,-1,-1,1,E01009889,0,2
2025201585086,2025,201585086,1,9,0,-1,3,2,2,-1,0,1,0,0,0,0,0,1,-1,9,2,32,6,-1,-1,-1,-1,1,E01010273,0,1
2025201585165,2025,201585165,1,9,0,-1,19,1,1,-1,0,1,0,0,0,0,2,1,-1,1,2,41,7,-1,-1,-1,-1,6,E01010219,0,1
2025201585165,2025,201585165,2,9,0,-1,19,1,1,-1,0,1,0,0,0,0,1,1,-1,6,1,-1,-1,-1,-1,-1,-1,-1,-1,0,-1
2025201585169,2025,201585169,2,9,0,-1,19,2,6,-1,0,1,0,0,0,0,1,1,-1,9,2,21,5,-1,-1,-1,-1,1,E01009025,0,1
2025201585169,2025,201585169,1,9,0,-1,13,6,2,-1,0,1,0,10,1,0,1,1,-1,6,1,21,5,-1,-1,-1,-1,-1,-1,0,-1
2025201585199,2025,201585199,1,9,0,-1,19,2,6,-1,0,0,0,0,0,0,1,1,-1,6,-1,-1,-1,-1,-1,-1,-1,-1,-1,0,-1
2025201585213,2025,201585213,1,9,0,-1,19,5,2,-1,0,1,1,0,1,0,4,1,-1,6,-1,33,6,-1,-1,-1,-1,-1,-1,0,-1
2025201585252,2025,201585252,1,11,0,-1,19,6,2,-1,0,0,0,0,0,0,0,9,-1,9,1,45,7,-1,-1,-1,-1,-1,-1,0,-1
2025201585260,2025,201585260,1,9,0,-1,7,7,1,-1,0,1,0,0,1,0,1,9,-1,6,1,33,6,-1,-1,-1,-1,-1,-1,0,-1
2025201585293,2025,201585293,2,9,0,-1,19,5,1,-1,0,8,0,0,0,0,4,1,-1,7,2,35,6,-1,-1,-1,-1,2,E01010088,0,1
2025201585293,2025,201585293,1,9,0,-1,5,5,1,-1,0,6,0,0,0,0,1,9,-1,7,2,25,5,-1,-1,-1,-1,-1,-1,0,-1
2025201585298,2025,201585298,1,9,0,-1,9,7,5,-1,0,2,0,0,0,0,1,1,-1,6,1,-1,-1,-1,-1,-1,-1,-1,-1,0,-1
2025201585301,2025,201585301,1,9,0,-1,2,0,0,-1,0,0,0,0,0,0,1,9,-1,6,2,35,6,-1,-1,-1,-1,-1,-1,0,-1
2025201585301,2025,201585301,2,1,0,-1,19,1,7,-1,0,0,0,4,0,0,1,1,-1,2,1,57,9,-1,-1,-1,-1,10,E01009845,0,1
2025201585318,2025,201585318,1,21,0,-1,19,5,1,-1,0,0,0,0,0,0,1,1,-1,6,1,36,7,-1,-1,-1,-1,-1,-1,0,-1
2025201585318,2025,201585318,2,9,0,-1,13,5,1,-1,0,0,0,0,0,0,2,1,-1,2,1,37,7,-1,-1,-1,-1,3,E01029359,0,4
2025201585328,2025,201585328,1,9,0,-1,9,1,7,-1,0,8,0,0,0,0,3,1,-1,6,1,-1,-1,-1,-1,-1,-1,-1,-1,0,-1
2025201585328,2025,201585328,2,1,0,-1,19,5,1,-1,0,8,2,0,0,0,1,1,-1,6,1,26,6,-1,-1,-1,-1,3,E01009296,0,1
2025201585331,2025,201585331,2,19,0,-1,2,0,0,-1,9,0,0,0,0,0,2,1,-1,1,1,28,6,-1,-1,-1,-1,1,E01009215,0,4
2025201585331,2025,201585331,1,11,0,-1,14,4,8,-1,0,0,0,4,0,0,4,1,-1,1,1,26,6,-1,-1,-1,-1,7,E01010553,0,1
2025201585336,2025,201585336,2,-1,0,-1,9,5,2,-1,0,5,0,0,0,0,2,1,-1,6,1,15,3,-1,-1,-1,-1,-1,-1,1,-1
2025201585336,2025,201585336,1,9,0,-1,9,3,1,-1,0,6,0,0,0,0,1,1,-1,9,2,47,8,-1,-1,-1,-1,1,E01009172,0,1
2025201585338,2025,201585338,2,9,0,-1,5,2,6,-1,0,1,0,0,0,0,1,1,-1,9,1,54,8,-1,-1,-1,-1,9,E01031254,0,4
2025201585338,2025,201585338,1,9,0,-1,19,8,3,-1,0,8,1,0,0,0,4,1,-1,9,2,47,8,-1,-1,-1,-1,5,E01009283,0,1
2025201585350,2025,201585350,2,9,0,-1,7,8,4,-1,0,0,0,0,0,0,4,1,-1,6,1,31,6,-1,-1,-1,-1,7,E01010360,0,2
2025201585350,2025,201585350,1,21,0,-1,7,1,4,-1,0,0,0,0,0,0,1,1,-1,6,3,40,7,-1,-1,-1,-1,-1,-1,0,-1
2025201585379,2025,201585379,2,2,0,-1,19,8,8,-1,0,8,0,0,0,0,4,1,-1,6,1,58,9,-1,-1,-1,-1,1,E01010111,0,2
2025201585379,2025,201585379,1,9,0,-1,9,4,6,-1,0,6,0,0,0,0,4,1,-1,6,2,48,8,-1,-1,-1,-1,1,E01008882,0,1
2025201585386,2025,201585386,2,9,0,-1,19,1,5,-1,0,8,0,0,0,0,1,1,-1,6,-1,-1,-1,-1,-1,-1,-1,-1,-1,0,-1
2025201585386,2025,201585386,1,9,0,-1,19,3,8,-1,0,6,0,0,0,0,3,1,-1,6,1,38,7,-1,-1,-1,-1,3,E01002445,0,5
2025201585388,2025,201585388,2,19,0,-1,19,6,2,-1,0,0,0,0,0,0,2,1,-1,1,2,37,7,-1,-1,-1,-1,5,E01028943,0,4
2025201585388,2025,201585388,3,19,0,-1,19,7,1,-1,0,0,0,0,0,0,3,1,-1,1,1,30,6,-1,-1,-1,-1,6,E01014264,0,4
2025201585388,2025,201585388,1,9,0,-1,4,7,8,-1,0,0,0,0,0,0,1,1,-1,1,2,42,7,-1,-1,-1,-1,5,E01008925,0,3
2025201585482,2025,201585482,1,8,0,-1,19,6,2,-1,0,5,0,0,0,0,2,1,-1,6,-1,-1,-1,-1,-1,-1,-1,-1,-1,0,-1
2025201585482,2025,201585482,2,90,0,-1,19,6,8,-1,0,1,0,0,0,0,1,1,-1,7,1,7,2,-1,-1,-1,-1,1,E01033894,0,3
2025201585483,2025,201585483,1,9,0,-1,9,1,7,-1,0,8,0,0,0,0,3,1,-1,6,2,20,4,-1,-1,-1,-1,1,E01008887,0,2
2025201585483,2025,201585483,2,9,0,-1,19,7,4,-1,0,1,0,0,0,0,4,1,-1,6,1,24,5,-1,-1,-1,-1,10,E01010196,0,1
2025201585546,2025,201585546,1,9,0,-1,19,4,8,-1,0,0,0,0,0,0,1,9,-1,6,3,-1,-1,-1,-1,-1,-1,-1,-1,0,-1
2025201585546,2025,201585546,2,9,0,-1,2,0,0,-1,0,0,0,0,0,0,3,1,-1,9,1,26,6,-1,-1,-1,-1,1,E01033648,0,1
2025201585546,2025,201585546,3,9,0,-1,2,4,4,-1,0,0,0,0,0,0,3,1,-1,6,1,34,6,-1,-1,-1,-1,7,E01031007,0,3
2025201585548,2025,201585548,2,1,0,-1,19,7,3,-1,0,8,5,0,0,0,4,1,-1,6,1,48,8,-1,-1,-1,-1,-1,-1,0,-1
2025201585548,2025,201585548,1,9,0,-1,19,1,5,-1,0,4,0,0,0,0,1,1,-1,9,1,52,8,-1,-1,-1,-1,9,E01010168,0,1
2025201585566,2025,201585566,1,9,0,-1,1,8,4,-1,0,0,0,0,0,0,2,1,-1,6,2,52,8,-1,-1,-1,-1,6,E01029621,0,3
2025201585569,2025,201585569,2,9,0,-1,19,7,3,-1,0,0,0,0,0,0,4,9,-1,6,3,-1,-1,-1,-1,-1,-1,-1,-1,0,-1
2025201585569,2025,201585569,1,9,0,-1,9,1,7,-1,0,0,0,0,0,0,1,1,-1,9,2,58,9,-1,-1,-1,-1,4,E01009227,0,1
2025201585634,2025,201585634,1,9,9,-1,19,8,4,-1,0,1,0,0,0,0,9,9,-1,6,3,-1,-1,-1,-1,-1,-1,-1,-1,0,-1
2025201585641,2025,201585641,1,9,0,-1,9,4,2,-1,0,1,0,0,0,0,1,1,-1,6,1,44,7,-1,-1,-1,-1,3,E01009768,0,3
2025201585641,2025,201585641,3,9,0,-1,19,8,4,-1,0,1,0,0,0,0,1,1,-1,6,1,55,8,-1,-1,-1,-1,6,E01009069,0,1
2025201585641,2025,201585641,2,8,0,-1,19,8,4,-1,0,1,0,0,0,0,1,1,-1,1,1,61,9,-1,-1,-1,-1,1,E01009274,0,1
2025201585653,2025,201585653,2,9,0,-1,19,5,1,-1,0,1,0,0,0,0,3,1,-1,6,1,52,8,-1,-1,-1,-1,5,E01009284,0,1
2025201585653,2025,201585653,1,9,0,-1,5,5,1,-1,0,2,0,0,0,0,1,1,-1,6,2,21,5,-1,-1,-1,-1,10,E01018202,0,5
2025201585670,2025,201585670,2,1,0,-1,19,8,5,-1,0,4,0,0,0,0,3,1,-1,7,1,29,6,-1,-1,-1,-1,1,E01010062,0,2
2025201585670,2025,201585670,1,9,0,-1,9,8,6,-1,0,4,0,0,2,0,1,9,-1,6,3,25,5,-1,-1,-1,-1,-1,-1,0,-1
2025201585691,2025,201585691,2,9,0,-1,19,1,5,-1,0,0,0,0,0,0,4,9,-1,6,3,-1,-1,-1,-1,-1,-1,-1,-1,0,-1
2025201585691,2025,201585691,1,1,0,-1,19,1,5,-1,0,0,0,0,0,0,3,1,-1,2,1,26,6,-1,-1,-1,-1,1,E01008911,0,1
2025201585706,2025,201585706,2,9,0,-1,9,3,5,-1,0,6,0,0,0,0,3,1,-1,6,1,24,5,-1,-1,-1,-1,3,E01010237,0,3
2025201585706,2025,201585706,1,9,0,-1,19,7,3,-1,0,8,0,0,0,0,1,1,-1,6,1,-1,-1,-1,-1,-1,-1,-1,-1,0,-1
2025201585712,2025,201585712,2,9,0,-1,9,4,2,-1,0,4,0,0,0,0,4,1,-1,6,2,24,5,-1,-1,-1,-1,9,E01032141,0,4
2025201585712,2025,201585712,1,9,0,-1,19,7,3,-1,0,4,1,0,0,0,3,9,-1,6,3,24,5,-1,-1,-1,-1,-1,-1,0,-1
2025201585721,2025,201585721,1,9,0,-1,1,1,5,-1,0,1,0,0,0,0,2,1,-1,6,2,98,11,-1,-1,-1,-1,-1,-1,0,-1
2025201585800,2025,201585800,2,19,0,-1,19,6,2,-1,0,0,0,0,0,0,1,1,-1,6,-1,-1,-1,-1,-1,-1,-1,-1,-1,0,-1
2025201585800,2025,201585800,1,9,0,-1,2,0,0,-1,0,0,0,0,0,0,1,1,-1,6,1,42,7,-1,-1,-1,-1,-1,-1,0,-1
2025201585824,2025,201585824,1,9,0,-1,3,8,4,-1,0,1,0,0,0,0,2,1,-1,1,2,39,7,-1,-1,-1,-1,2,E01010535,0,1
2025201585824,2025,201585824,2,9,0,-1,19,8,4,-1,0,1,0,0,0,0,1,1,-1,6,2,-1,-1,-1,-1,-1,-1,-1,-1,0,-1
2025201585834,2025,201585834,1,8,0,-1,9,5,3,-1,0,5,0,0,0,0,2,1,-1,1,1,54,8,-1,-1,-1,-1,-1,-1,0,-1
2025201585834,2025,201585834,2,9,0,-1,19,5,1,-1,0,8,0,0,0,0,1,9,-1,6,3,-1,-1,-1,-1,-1,-1,-1,-1,0,-1
2025201585860,2025,201585860,1,9,0,-1,19,7,3,-1,0,5,1,0,0,0,1,2,-1,6,1,50,8,-1,-1,-1,-1,2,E01009885,0,1
2025201585860,2025,201585860,2,9,0,-1,3,7,3,-1,0,1,0,0,0,0,2,2,-1,9,1,33,6,-1,-1,-1,-1,4,E01009882,0,1
2025201585888,2025,201585888,1,8,0,-1,1,7,3,-1,0,0,0,0,0,0,2,9,-1,1,1,30,6,-1,-1,-1,-1,-1,-1,0,-1
2025201585891,2025,201585891,2,1,0,-1,19,1,5,-1,0,1,0,0,0,0,3,1,-1,6,1,31,6,-1,-1,-1,-1,1,E01009158,0,1
2025201585891,2025,201585891,1,9,0,-1,9,3,1,-1,0,6,0,0,0,0,1,1,-1,6,1,18,4,-1,-1,-1,-1,-1,-1,0,-1
2025201585911,2025,201585911,1,9,0,-1,19,2,6,-1,0,0,0,0,0,0,1,1,-1,6,2,-1,-1,-1,-1,-1,-1,-1,-1,0,-1
2025201585911,2025,201585911,2,1,0,-1,19,4,8,-1,0,0,0,0,0,0,3,1,-1,6,1,37,7,-1,-1,-1,-1,2,E01009346,0,1
2025201585926,2025,201585926,2,9,0,-1,19,7,3,-1,0,8,0,0,0,0,1,1,-1,6,2,51,8,-1,-1,-1,-1,1,E01009579,0,2
2025201585926,2025,201585926,1,9,0,-1,19,5,1,-1,0,6,0,0,0,0,1,1,-1,6,1,55,8,-1,-1,-1,-1,8,E01009559,0,1
2025201585977,2025,201585977,2,9,0,-1,2,3,7,-1,0,0,0,0,0,0,1,9,-1,6,1,23,5,-1,-1,-1,-1,-1,-1,0,-1
2025201585977,2025,201585977,1,19,0,-1,1,3,7,-1,0,0,0,0,0,0,2,9,-1,6,2,65,9,-1,-1,-1,-1,2,E01009509,0,2
2025201586000,2025,201586000,1,9,0,-1,19,2,6,-1,0,0,0,0,0,0,1,1,-1,6,1,36,7,-1,-1,-1,-1,5,E01009284,0,1
2025201586041,2025,201586041,1,9,0,-1,19,6,2,-1,0,8,0,0,0,0,1,1,-1,6,-1,-1,-1,-1,-1,-1,-1,-1,-1,0,-1
2025201586041,2025,201586041,2,9,0,-1,7,8,2,-1,0,6,0,0,0,0,3,1,-1,6,1,74,10,-1,-1,-1,-1,1,E01009147,0,1
2025201586058,2025,201586058,2,9,0,-1,19,5,1,-1,0,4,0,0,0,0,1,1,-1,9,2,50,8,-1,-1,-1,-1,3,E01033892,0,2
2025201586058,2025,201586058,1,9,0,-1,19,1,5,-1,0,4,0,0,0,0,1,1,-1,9,1,19,4,-1,-1,-1,-1,2,E01000551,0,5
2025201586143,2025,201586143,1,9,0,-1,19,2,6,-1,0,8,0,0,0,0,1,1,-1,2,2,64,9,-1,-1,-1,-1,3,E01009164,0,1
2025201586143,2025,201586143,2,1,0,-1,9,5,2,-1,0,8,0,0,0,0,1,1,-1,6,1,59,9,-1,-1,-1,-1,6,E01009208,0,1
2025201586155,2025,201586155,2,9,0,-1,5,6,2,-1,0,1,0,0,0,0,1,1,-1,1,2,40,7,-1,-1,-1,-1,-1,-1,0,-1
2025201586155,2025,201586155,1,9,0,-1,3,5,2,-1,0,1,0,0,0,0,2,1,-1,1,1,38,7,-1,-1,-1,-1,10,E01009470,0,3
2025201586233,2025,201586233,2,9,0,-1,19,6,2,-1,0,1,0,0,0,0,3,9,-1,6,2,22,5,-1,-1,-1,-1,6,E01009217,0,3
2025201586233,2025,201586233,1,9,0,-1,7,6,8,-1,0,1,0,0,0,0,4,9,-1,6,3,-1,-1,-1,-1,-1,-1,-1,-1,0,-1
2025201586250,2025,201586250,1,9,0,-1,5,1,5,-1,0,1,0,0,0,0,1,9,-1,6,2,-1,-1,-1,-1,-1,-1,-1,-1,0,-1
2025201586316,2025,201586316,1,9,0,-1,10,8,5,-1,0,5,0,0,0,0,1,1,-1,2,2,59,9,-1,-1,-1,-1,7,E01010317,0,3
2025201586316,2025,201586316,2,9,0,-1,9,3,1,-1,0,5,0,0,0,0,3,9,-1,6,3,-1,-1,-1,-1,-1,-1,5,E01035569,0,5
2025201586345,2025,201586345,2,9,0,-1,3,4,8,-1,0,0,0,0,0,0,2,9,-1,9,2,43,7,-1,-1,-1,-1,-1,-1,0,-1
2025201586345,2025,201586345,1,9,0,-1,19,4,8,-1,0,0,0,0,0,0,1,9,-1,6,1,25,5,-1,-1,-1,-1,2,E01009050,0,1
2025201586394,2025,201586394,3,9,0,-1,19,1,5,-1,0,1,0,0,0,0,0,1,-1,1,1,25,5,-1,-1,-1,-1,-1,-1,0,-1
2025201586394,2025,201586394,2,9,0,-1,19,7,3,-1,0,8,0,0,0,0,3,1,-1,6,1,67,10,-1,-1,-1,-1,1,E01010032,0,1
2025201586394,2025,201586394,1,9,0,-1,19,1,5,-1,0,8,0,0,0,0,1,1,-1,6,1,23,5,-1,-1,-1,-1,-1,-1,0,-1
2025201586396,2025,201586396,2,8,0,-1,4,5,1,-1,0,0,0,0,0,0,2,1,-1,9,1,55,8,-1,-1,-1,-1,1,E01009367,0,3
2025201586396,2025,201586396,1,9,0,-1,99,5,1,-1,0,0,0,0,0,0,1,1,-1,6,3,-1,-1,-1,-1,-1,-1,-1,-1,0,-1
2025201586402,2025,201586402,1,9,0,-1,9,7,3,-1,0,0,0,0,0,0,1,9,-1,6,2,-1,-1,-1,-1,-1,-1,-1,-1,0,-1
2025201586437,2025,201586437,1,9,0,-1,19,5,2,-1,0,8,0,0,0,0,1,1,-1,6,1,20,4,-1,-1,-1,-1,1,E01033650,0,1