collision_index,collision_year,collision_ref_no,vehicle_reference,vehicle_type,towing_and_articulation,vehicle_manoeuvre_historic,vehicle_manoeuvre,vehicle_direction_from,vehicle_direction_to,vehicle_location_restricted_lane_historic,vehicle_location_restricted_lane,junction_location,skidding_and_overturning,hit_object_in_carriageway,vehicle_leaving_carriageway,hit_object_off_carriageway,first_point_of_impact,vehicle_left_hand_drive,journey_purpose_of_driver_historic,journey_purpose_of_driver,sex_of_driver,age_of_driver,age_band_of_driver,engine_capacity_cc,propulsion_code,age_of_vehicle,generic_make_model,driver_imd_decile,lsoa_of_driver,escooter_flag,driver_distance_banding
2025201589614,2025,201589614,2,9,0,-1,5,0,1,-1,0,0,0,4,0,0,3,1,-1,9,1,18,4,-1,-1,-1,-1,1,E01010299,0,1
2025201589763,2025,201589763,1,8,0,-1,6,7,3,-1,0,0,1,0,0,0,2,1,-1,2,1,48,8,-1,-1,-1,-1,1,E01008931,0,1
2025201589763,2025,201589763,2,9,0,-1,15,7,3,-1,0,0,0,11,0,0,1,1,-1,9,1,39,7,-1,-1,-1,-1,4,E01009863,0,2
2025201589775,2025,201589775,2,1,0,-1,19,3,8,-1,0,2,0,0,0,0,2,1,-1,6,1,67,10,-1,-1,-1,-1,8,E01016722,0,5
2025201589775,2025,201589775,1,97,0,-1,19,3,7,-1,0,2,1,0,0,0,1,1,-1,6,3,-1,-1,-1,-1,-1,-1,-1,-1,0,-1
2025201589816,2025,201589816,2,9,0,-1,19,2,6,-1,0,0,0,0,0,0,3,1,-1,2,2,51,8,-1,-1,-1,-1,1,E01010107,0,2
2025201589816,2025,201589816,1,9,0,-1,11,2,6,-1,0,0,0,0,0,0,4,1,-1,6,1,-1,-1,-1,-1,-1,-1,-1,-1,0,-1
2025201589850,2025,201589850,3,9,0,-1,19,5,1,-1,0,0,0,0,0,0,1,1,-1,6,1,28,6,-1,-1,-1,-1,3,E01009045,0,3
2025201589850,2025,201589850,1,9,0,-1,4,5,1,-1,0,0,0,0,0,0,2,1,-1,1,1,27,6,-1,-1,-1,-1,1,E01029100,0,5
2025201589850,2025,201589850,2,9,0,-1,19,5,1,-1,0,0,1,0,0,0,1,1,-1,1,2,68,10,-1,-1,-1,-1,4,E01029857,0,4
2025201589904,2025,201589904,1,9,0,-1,3,1,5,-1,0,0,0,0,0,0,4,1,-1,6,1,51,8,-1,-1,-1,-1,2,E01009254,0,1
2025201589904,2025,201589904,2,3,0,-1,4,1,5,-1,0,0,0,0,0,0,1,1,-1,6,1,35,6,-1,-1,-1,-1,2,E01010106,0,1
2025201589933,2025,201589933,2,9,0,-1,5,8,8,-1,0,3,0,0,0,0,4,1,-1,9,1,36,7,-1,-1,-1,-1,10,E01029507,0,3
2025201589933,2025,201589933,1,98,0,-1,5,1,1,-1,0,4,0,0,0,0,1,9,-1,6,3,30,6,-1,-1,-1,-1,-1,-1,0,-1
2025201589936,2025,201589936,2,19,0,-1,19,1,5,-1,0,5,0,0,0,0,1,1,-1,1,1,62,9,-1,-1,-1,-1,-1,-1,0,-1
2025201589936,2025,201589936,1,9,0,-1,5,1,1,-1,0,5,0,0,3,0,3,1,-1,1,2,47,8,-1,-1,-1,-1,4,E01009449,0,2
2025201589944,2025,201589944,2,9,0,-1,10,1,1,-1,0,0,0,0,0,0,2,1,-1,6,2,45,7,-1,-1,-1,-1,1,E01009963,0,1
2025201589944,2025,201589944,1,9,0,-1,19,1,1,-1,0,0,0,0,0,0,1,1,-1,6,2,36,7,-1,-1,-1,-1,1,E01009965,0,1
2025201589953,2025,201589953,1,8,0,-1,1,5,1,-1,0,0,0,0,0,0,2,9,-1,1,1,40,7,-1,-1,-1,-1,3,E01010361,0,2
2025201589975,2025,201589975,1,9,0,-1,19,8,4,-1,0,0,0,0,0,0,1,1,-1,9,2,31,6,-1,-1,-1,-1,1,E01009539,0,1
2025201589999,2025,201589999,2,9,0,-1,19,5,1,-1,0,1,0,0,0,0,1,1,-1,9,2,33,6,-1,-1,-1,-1,1,E01010530,0,1
2025201589999,2025,201589999,1,9,0,-1,9,2,1,-1,0,1,0,0,0,0,3,9,-1,6,3,30,6,-1,-1,-1,-1,-1,-1,0,-1
2025201590003,2025,201590003,1,3,0,-1,19,5,1,-1,0,0,5,0,0,0,2,1,-1,2,1,57,9,-1,-1,-1,-1,1,E01033646,0,1
2025201590003,2025,201590003,2,9,0,-1,12,5,1,-1,0,0,0,0,0,0,1,9,-1,6,1,45,7,-1,-1,-1,-1,-1,-1,0,-1
2025201590023,2025,201590023,2,9,0,-1,5,1,4,-1,0,0,0,0,0,0,2,1,-1,9,1,47,8,-1,-1,-1,-1,3,E01009938,0,1
2025201590023,2025,201590023,1,9,0,-1,5,1,4,-1,0,0,0,0,0,0,1,1,-1,6,2,39,7,-1,-1,-1,-1,8,E01032315,0,4
2025201590047,2025,201590047,1,9,0,-1,9,3,8,-1,0,8,0,0,0,0,1,1,-1,9,2,27,6,-1,-1,-1,-1,5,E01009923,0,2
2025201590097,2025,201590097,1,97,0,-1,7,5,7,-1,0,1,0,0,7,0,1,1,-1,6,3,20,4,-1,-1,-1,-1,-1,-1,0,-1
2025201590097,2025,201590097,2,9,0,-1,7,4,7,-1,0,1,0,0,0,0,4,1,-1,6,1,37,7,-1,-1,-1,-1,4,E01009243,0,1
2025201590148,2025,201590148,2,9,0,-1,19,4,8,-1,0,0,1,10,5,2,1,1,-1,9,1,39,7,-1,-1,-1,-1,-1,-1,0,-1
2025201590148,2025,201590148,1,9,0,-1,19,8,4,-1,0,0,0,0,0,0,1,1,-1,1,1,57,9,-1,-1,-1,-1,7,E01010352,0,4
2025201590148,2025,201590148,3,9,0,-1,19,8,4,-1,0,0,1,0,1,0,1,1,-1,2,1,34,6,-1,-1,-1,-1,2,E01010051,0,3
2025201590224,2025,201590224,1,98,0,-1,3,5,1,-1,0,2,0,0,0,0,3,1,-1,6,3,30,6,-1,-1,-1,-1,-1,-1,0,-1
2025201590224,2025,201590224,2,9,0,-1,19,5,1,-1,0,4,0,0,0,0,4,1,-1,2,2,54,8,-1,-1,-1,-1,1,E01009410,0,2
2025201590277,2025,201590277,2,9,0,-1,19,5,1,-1,0,4,0,0,0,0,1,1,-1,9,2,85,11,-1,-1,-1,-1,-1,-1,0,-1
2025201590277,2025,201590277,1,9,0,-1,9,7,1,-1,0,3,0,0,0,0,4,1,-1,7,1,27,6,-1,-1,-1,-1,6,E01010133,0,1
2025201590329,2025,201590329,1,9,0,-1,9,2,6,-1,0,1,0,0,0,0,1,1,-1,6,3,-1,-1,-1,-1,-1,-1,-1,-1,0,-1
2025201590329,2025,201590329,2,3,0,-1,19,2,6,-1,0,1,0,0,0,0,1,1,-1,6,1,20,4,-1,-1,-1,-1,5,E01032129,0,3
2025201590344,2025,201590344,1,9,0,-1,19,5,1,-1,0,0,0,0,0,0,1,9,-1,6,1,40,7,-1,-1,-1,-1,-1,-1,0,-1
2025201590370,2025,201590370,1,-1,0,-1,19,5,1,-1,0,1,0,0,0,0,1,1,-1,9,1,57,9,-1,-1,-1,-1,1,E01009709,1,1
2025201590370,2025,201590370,2,97,0,-1,7,3,7,-1,0,1,0,0,0,0,1,1,-1,9,1,38,7,-1,-1,-1,-1,5,E01009582,0,1
2025201590384,2025,201590384,1,9,0,-1,13,4,8,-1,0,0,0,0,0,0,1,9,-1,6,1,-1,-1,-1,-1,-1,-1,-1,-1,0,-1
2025201590384,2025,201590384,2,9,0,-1,19,6,8,-1,0,0,0,0,0,0,2,9,-1,6,1,31,6,-1,-1,-1,-1,1,E01009372,0,1
2025201590598,2025,201590598,2,9,0,-1,9,8,6,-1,0,0,0,0,0,0,1,1,-1,9,2,53,8,-1,-1,-1,-1,9,E01009727,0,1
2025201590598,2025,201590598,1,9,0,-1,19,6,3,-1,0,0,1,11,0,0,4,1,-1,9,1,22,5,-1,-1,-1,-1,3,E01009862,0,1
2025201590610,2025,201590610,1,9,0,-1,5,6,2,-1,0,0,0,0,0,0,1,9,-1,6,3,-1,-1,-1,-1,-1,-1,-1,-1,0,-1
2025201590610,2025,201590610,2,1,0,-1,5,6,2,-1,0,0,0,0,7,0,4,1,-1,1,1,23,5,-1,-1,-1,-1,1,E01033649,0,1
2025201590672,2025,201590672,1,9,0,-1,19,2,6,-1,0,1,0,0,0,0,4,1,-1,9,1,25,5,-1,-1,-1,-1,-1,-1,0,-1
2025201590688,2025,201590688,1,9,0,-1,12,8,4,-1,0,0,2,10,8,0,4,1,-1,6,1,35,6,-1,-1,-1,-1,1,E01009305,0,1
2025201590712,2025,201590712,2,9,0,-1,19,4,4,-1,0,0,0,0,0,0,4,1,-1,9,1,46,8,-1,-1,-1,-1,3,E01010149,0,1
2025201590712,2025,201590712,1,9,0,-1,6,3,3,-1,-1,0,0,0,1,0,1,1,-1,9,1,30,6,-1,-1,-1,-1,1,E01009338,0,1
2025201590736,2025,201590736,1,9,0,-1,19,2,6,-1,2,8,0,0,0,0,1,1,-1,9,2,40,7,-1,-1,-1,-1,1,E01009622,0,1
2025201590736,2025,201590736,2,1,0,-1,19,3,6,-1,0,1,0,0,0,0,2,1,-1,2,1,64,9,-1,-1,-1,-1,1,E01009581,0,1
2025201590845,2025,201590845,1,9,0,-1,19,1,4,-1,0,0,1,0,7,1,1,1,-1,6,1,31,6,-1,-1,-1,-1,1,E01034935,0,1
2025201590861,2025,201590861,1,9,0,-1,4,1,5,-1,0,0,0,0,0,0,2,1,-1,6,2,18,4,-1,-1,-1,-1,2,E01010447,0,1
2025201590861,2025,201590861,2,1,0,-1,19,1,5,-1,0,0,0,0,0,0,1,1,-1,6,3,0,1,-1,-1,-1,-1,-1,-1,0,-1
2025201591046,2025,201591046,1,9,0,-1,19,1,5,-1,0,1,0,0,0,0,3,1,-1,9,2,40,7,-1,-1,-1,-1,-1,-1,0,-1
2025201591046,2025,201591046,2,9,0,-1,5,3,5,-1,0,1,0,0,0,0,1,1,-1,9,2,20,4,-1,-1,-1,-1,9,E01009829,0,1
2025201591050,2025,201591050,1,8,0,-1,5,7,5,-1,0,0,0,0,0,0,1,1,-1,6,1,31,6,-1,-1,-1,-1,2,E01010470,0,1
2025201591055,2025,201591055,2,9,0,-1,5,4,8,-1,0,6,0,0,0,0,1,1,-1,9,2,44,7,-1,-1,-1,-1,-1,-1,0,-1
2025201591055,2025,201591055,1,9,0,-1,5,4,8,-1,0,6,1,0,0,0,1,1,-1,6,-1,-1,-1,-1,-1,-1,-1,-1,-1,0,-1
2025201591071,2025,201591071,2,9,0,-1,10,4,2,-1,0,5,0,10,1,0,3,1,-1,6,1,52,8,-1,-1,-1,-1,6,E01032196,0,4
2025201591071,2025,201591071,1,9,0,-1,19,4,8,-1,0,2,5,0,0,0,1,1,-1,6,2,28,6,-1,-1,-1,-1,4,E01010426,0,1
2025201591092,2025,201591092,1,4,0,-1,13,8,7,-1,0,0,2,0,0,0,4,1,-1,9,1,26,6,-1,-1,-1,-1,3,E01009537,0,1
2025201591092,2025,201591092,2,9,0,-1,19,8,7,-1,0,0,0,0,0,0,0,1,-1,9,1,21,5,-1,-1,-1,-1,5,E01009654,0,1
2025201591100,2025,201591100,1,9,0,-1,9,1,7,-1,0,0,0,0,1,0,4,1,-1,9,2,34,6,-1,-1,-1,-1,1,E01009303,0,1
2025201591100,2025,201591100,2,9,0,-1,19,4,7,-1,0,0,0,0,1,0,1,1,-1,9,1,20,4,-1,-1,-1,-1,7,E01010121,0,1
2025201591102,2025,201591102,1,9,0,-1,19,5,1,-1,0,0,0,0,0,0,1,1,-1,6,2,19,4,-1,-1,-1,-1,1,E01009308,0,1
2025201591124,2025,201591124,2,9,0,-1,19,6,3,-1,0,1,1,0,0,0,3,1,-1,9,2,20,4,-1,-1,-1,-1,5,E01031078,0,3
2025201591124,2025,201591124,1,9,0,-1,19,3,4,-1,0,2,1,0,6,0,3,1,-1,6,1,46,8,-1,-1,-1,-1,9,E01010168,0,1
2025201591159,2025,201591159,1,9,0,-1,2,5,7,-1,9,0,0,0,0,0,1,9,-1,6,1,25,5,-1,-1,-1,-1,-1,-1,0,-1
2025201591160,2025,201591160,2,9,0,-1,9,3,1,-1,0,8,0,0,0,0,4,9,-1,2,1,53,8,-1,-1,-1,-1,2,E01010036,0,1
2025201591160,2025,201591160,1,9,0,-1,9,1,3,-1,0,2,0,0,3,0,1,9,-1,6,1,50,8,-1,-1,-1,-1,-1,-1,0,-1
2025201591163,2025,201591163,1,9,0,-1,19,6,2,-1,9,4,0,0,0,0,1,1,-1,6,1,69,10,-1,-1,-1,-1,5,E01009654,0,1
2025201591176,2025,201591176,1,9,0,-1,5,5,1,-1,9,0,0,0,0,0,1,2,-1,6,2,-1,-1,-1,-1,-1,-1,-1,-1,0,-1
2025201591178,2025,201591178,1,9,0,-1,19,1,5,-1,0,1,0,0,7,0,1,9,-1,6,1,30,6,-1,-1,-1,-1,-1,-1,0,-1
2025201591178,2025,201591178,2,9,0,-1,3,1,1,-1,0,1,0,0,0,0,2,9,-1,9,2,57,9,-1,-1,-1,-1,3,E01009003,0,1
2025201591212,2025,201591212,1,9,0,-1,5,3,7,-1,0,1,0,0,0,0,2,2,-1,1,2,50,8,-1,-1,-1,-1,1,E01033897,0,2
2025201591212,2025,201591212,2,9,0,-1,5,3,7,-1,0,1,0,0,0,0,1,1,-1,6,3,-1,-1,-1,-1,-1,-1,-1,-1,0,-1
2025201591216,2025,201591216,1,9,0,-1,2,0,0,-1,0,1,0,0,0,0,3,1,-1,6,3,-1,-1,-1,-1,-1,-1,-1,-1,0,-1
2025201591216,2025,201591216,2,9,0,-1,19,1,1,-1,0,1,0,0,0,0,1,1,-1,6,2,27,6,-1,-1,-1,-1,2,E01009509,0,1
2025201591219,2025,201591219,1,21,1,-1,19,5,1,-1,0,1,0,0,0,0,1,1,-1,1,1,64,9,-1,-1,-1,-1,3,E01034002,0,4
2025201591240,2025,201591240,1,9,0,-1,5,5,1,-1,0,0,0,0,0,0,1,2,-1,2,2,35,6,-1,-1,-1,-1,1,E01010283,0,1
2025201591262,2025,201591262,1,9,0,-1,10,5,7,-1,0,1,0,0,0,0,1,1,-1,6,1,20,4,-1,-1,-1,-1,1,E01010053,0,1
2025201591277,2025,201591277,1,9,0,-1,19,2,6,-1,0,5,0,0,0,0,4,1,-1,6,1,76,11,-1,-1,-1,-1,4,E01009205,0,1
2025201591363,2025,201591363,2,90,0,-1,2,0,0,-1,9,0,0,4,0,0,2,1,-1,9,1,66,10,-1,-1,-1,-1,-1,-1,0,-1
2025201591363,2025,201591363,1,9,0,-1,2,0,0,-1,9,0,0,0,0,0,2,1,-1,9,1,66,10,-1,-1,-1,-1,6,E01010174,0,1
2025201591394,2025,201591394,2,9,0,-1,2,0,0,-1,9,0,0,0,0,0,2,1,-1,6,-1,-1,-1,-1,-1,-1,-1,-1,-1,0,-1
2025201591394,2025,201591394,1,19,0,-1,19,1,5,-1,0,0,0,4,0,0,1,1,-1,6,1,61,9,-1,-1,-1,-1,7,E01010034,0,3
2025201591415,2025,201591415,1,9,0,-1,19,2,6,-1,9,1,0,4,0,0,1,1,-1,6,1,23,5,-1,-1,-1,-1,-1,-1,0,-1
2025201591415,2025,201591415,2,9,0,-1,19,4,6,-1,0,8,0,4,0,0,1,1,-1,6,1,44,7,-1,-1,-1,-1,10,E01009563,0,1
2025201591424,2025,201591424,2,9,0,-1,19,5,1,-1,0,0,0,0,0,0,1,1,-1,6,1,31,6,-1,-1,-1,-1,-1,-1,0,-1
2025201591424,2025,201591424,1,9,0,-1,9,1,3,-1,0,0,0,0,0,0,1,1,-1,6,1,19,4,-1,-1,-1,-1,1,E01010238,0,1
2025201591449,2025,201591449,1,5,0,-1,19,3,7,-1,0,0,1,10,0,0,1,1,-1,9,1,29,6,-1,-1,-1,-1,4,E01031054,0,4
2025201591452,2025,201591452,2,5,0,-1,19,1,1,-1,0,1,0,0,0,0,1,1,-1,6,1,59,9,-1,-1,-1,-1,9,E01032346,0,4
2025201591452,2025,201591452,1,9,0,-1,9,6,7,-1,0,8,0,0,0,0,4,1,-1,1,2,21,5,-1,-1,-1,-1,10,E01009827,0,1
2025201591470,2025,201591470,2,9,0,-1,4,1,5,-1,0,0,0,4,0,0,1,1,-1,6,1,40,7,-1,-1,-1,-1,1,E01009329,0,1
2025201591470,2025,201591470,1,9,0,-1,3,1,4,-1,0,0,0,4,0,0,2,1,-1,2,2,62,9,-1,-1,-1,-1,1,E01034927,0,2
2025201591489,2025,201591489,2,9,0,-1,11,1,5,-1,0,0,0,0,0,0,4,1,-1,6,2,45,7,-1,-1,-1,-1,-1,-1,0,-1
2025201591489,2025,201591489,1,9,0,-1,19,5,1,-1,0,0,0,0,0,0,3,1,-1,6,2,30,6,-1,-1,-1,-1,8,E01029617,0,4
2025201591490,2025,201591490,2,8,0,-1,5,2,6,-1,0,0,0,0,0,0,2,1,-1,1,1,52,8,-1,-1,-1,-1,2,E01010338,0,1
2025201591490,2025,201591490,1,9,0,-1,19,8,4,-1,0,0,0,4,0,0,1,1,-1,1,1,29,6,-1,-1,-1,-1,7,E01010553,0,2
2025201591504,2025,201591504,2,9,0,-1,5,1,5,-1,0,3,0,0,0,0,1,1,-1,6,1,32,6,-1,-1,-1,-1,-1,-1,0,-1
2025201591504,2025,201591504,1,9,0,-1,11,1,5,-1,0,3,0,0,0,0,2,1,-1,9,2,59,9,-1,-1,-1,-1,1,E01010239,0,1
2025201591506,2025,201591506,1,9,0,-1,19,8,6,-1,0,0,0,0,0,0,1,1,-1,6,1,39,7,-1,-1,-1,-1,1,E01008998,0,2
2025201591506,2025,201591506,2,9,0,-1,19,4,2,-1,0,0,0,0,0,0,1,1,-1,6,1,79,11,-1,-1,-1,-1,3,E01008933,0,1
2025201591509,2025,201591509,1,9,0,-1,19,7,4,-1,0,0,0,0,0,0,1,1,-1,6,1,38,7,-1,-1,-1,-1,2,E01034331,0,4
2025201591509,2025,201591509,2,9,0,-1,19,7,4,-1,0,0,0,0,0,0,2,1,-1,9,2,59,9,-1,-1,-1,-1,7,E01010545,0,4
2025201591533,2025,201591533,1,9,0,-1,2,4,2,-1,0,1,0,0,0,0,1,1,-1,6,1,40,7,-1,-1,-1,-1,4,E01010000,0,1
2025201591549,2025,201591549,1,9,0,-1,19,4,7,-1,0,0,0,0,0,0,1,1,-1,6,3,24,5,-1,-1,-1,-1,-1,-1,0,-1
2025201591551,2025,201591551,2,1,0,-1,19,4,7,-1,0,0,0,0,0,0,1,1,-1,6,2,48,8,-1,-1,-1,-1,2,E01009392,0,1
2025201591551,2025,201591551,1,9,0,-1,2,4,7,-1,0,0,0,0,0,0,1,1,-1,6,2,32,6,-1,-1,-1,-1,1,E01009383,0,1
2025201591561,2025,201591561,1,9,0,-1,4,3,7,-1,0,2,0,0,0,0,1,1,-1,6,2,23,5,-1,-1,-1,-1,1,E01009197,0,1
2025201591579,2025,201591579,1,19,0,-1,19,1,5,-1,0,8,0,0,0,0,1,1,-1,9,1,37,7,-1,-1,-1,-1,5,E01032169,0,1
2025201591579,2025,201591579,2,9,0,-1,4,1,5,-1,0,8,0,0,0,0,2,1,-1,9,1,73,10,-1,-1,-1,-1,8,E01009959,0,1
2025201591670,2025,201591670,1,9,0,-1,4,5,1,-1,0,1,0,0,0,0,1,1,-1,6,1,22,5,-1,-1,-1,-1,1,E01009328,0,1
2025201591718,2025,201591718,1,9,0,-1,19,8,3,-1,0,4,0,0,0,0,1,1,-1,6,1,-1,-1,-1,-1,-1,-1,-1,-1,0,-1
2025201591746,2025,201591746,1,9,0,-1,19,8,4,-1,0,0,0,0,0,0,1,1,-1,9,1,35,6,-1,-1,-1,-1,1,E01009326,0,1
2025201591758,2025,201591758,1,9,0,-1,19,6,7,-1,0,0,0,0,0,0,1,1,-1,6,1,57,9,-1,-1,-1,-1,1,E01008928,0,1
2025201591758,2025,201591758,2,9,0,-1,19,3,3,-1,0,0,0,0,0,0,1,1,-1,9,2,19,4,-1,-1,-1,-1,1,E01009214,0,1
2025201591816,2025,201591816,1,9,0,-1,9,3,1,-1,0,6,0,0,0,0,1,1,-1,6,3,-1,-1,-1,-1,-1,-1,-1,-1,0,-1
2025201591816,2025,201591816,2,1,0,-1,10,5,3,-1,0,5,0,0,0,0,3,1,-1,2,1,49,8,-1,-1,-1,-1,1,E01033891,0,1
2025201591869,2025,201591869,1,9,0,-1,19,2,2,-1,0,0,0,0,0,0,1,1,-1,6,3,50,8,-1,-1,-1,-1,-1,-1,0,-1
2025201591869,2025,201591869,2,9,0,-1,19,2,2,-1,0,0,0,0,0,0,2,1,-1,2,2,45,7,-1,-1,-1,-1,-1,-1,0,-1
2025201591930,2025,201591930,2,1,0,-1,19,5,1,-1,0,3,0,0,0,0,4,1,-1,1,1,52,8,-1,-1,-1,-1,6,E01032530,0,2
2025201591930,2025,201591930,1,9,0,-1,19,7,3,-1,0,4,0,0,0,0,1,1,-1,6,1,55,8,-1,-1,-1,-1,8,E01009671,0,1
2025201591987,2025,201591987,1,9,0,-1,19,1,5,-1,0,0,0,0,0,0,1,1,-1,6,3,24,5,-1,-1,-1,-1,-1,-1,0,-1
2025201592084,2025,201592084,2,1,0,-1,19,8,5,-1,0,8,0,0,0,0,3,1,-1,6,1,28,6,-1,-1,-1,-1,4,E01009625,0,1
2025201592084,2025,201592084,1,19,0,-1,9,3,8,-1,0,6,0,0,0,0,3,1,-1,6,1,30,6,-1,-1,-1,-1,7,E01009530,0,1
2025201592127,2025,201592127,1,9,0,-1,19,1,7,-1,0,3,0,0,0,0,1,1,-1,6,-1,-1,-1,-1,-1,-1,-1,-1,-1,0,-1
2025201592160,2025,201592160,1,9,0,-1,4,1,2,-1,0,6,0,0,0,0,1,1,-1,1,1,25,5,-1,-1,-1,-1,-1,-1,0,-1
2025201592186,2025,201592186,1,21,0,-1,19,1,5,-1,0,0,0,0,0,0,1,1,-1,1,1,31,6,-1,-1,-1,-1,5,E01033339,0,5
2025201592186,2025,201592186,2,21,1,-1,19,1,5,-1,0,0,0,0,0,0,1,1,-1,1,1,69,10,-1,-1,-1,-1,1,E01017210,0,5
2025201592237,2025,201592237,1,9,0,-1,5,3,4,-1,0,0,0,0,0,0,1,1,-1,6,1,57,9,-1,-1,-1,-1,3,E01010324,0,1
2025201592237,2025,201592237,2,1,0,-1,19,2,6,-1,0,0,0,0,0,0,1,1,-1,6,1,59,9,-1,-1,-1,-1,9,E01029495,0,2
2025201592289,2025,201592289,1,9,0,-1,9,2,4,-1,0,0,0,0,0,0,4,2,-1,2,2,41,7,-1,-1,-1,-1,2,E01009941,0,2
2025201592289,2025,201592289,2,9,0,-1,19,6,4,-1,0,0,0,0,0,0,1,2,-1,2,1,60,9,-1,-1,-1,-1,1,E01035016,0,4
2025201592295,2025,201592295,3,9,0,-1,19,2,8,-1,0,0,0,0,0,0,1,1,-1,6,1,27,6,-1,-1,-1,-1,4,E01015390,0,5
2025201592295,2025,201592295,2,9,0,-1,19,2,8,-1,0,0,5,0,0,0,4,1,-1,6,1,25,5,-1,-1,-1,-1,3,E01009089,0,3
2025201592295,2025,201592295,4,20,1,-1,19,2,8,-1,0,0,0,0,0,0,4,1,-1,1,1,66,10,-1,-1,-1,-1,-1,-1,0,-1
2025201592295,2025,201592295,1,9,0,-1,9,3,7,-1,0,0,0,0,0,0,2,1,-1,6,2,32,6,-1,-1,-1,-1,1,E01009400,0,2
2025201592449,2025,201592449,2,3,0,-1,9,4,4,-1,0,4,0,0,0,0,4,1,-1,2,1,29,6,-1,-1,-1,-1,3,E01009294,0,1
2025201592449,2025,201592449,1,9,0,-1,19,6,5,-1,0,4,0,0,0,0,3,1,-1,2,2,24,5,-1,-1,-1,-1,3,E01008930,0,1
2025201592485,2025,201592485,1,9,0,-1,13,4,1,-1,0,0,0,0,0,0,4,1,-1,9,1,51,8,-1,-1,-1,-1,7,E01009822,0,1
2025201592504,2025,201592504,2,9,0,-1,19,2,6,-1,0,0,0,0,0,0,4,1,-1,6,1,65,9,-1,-1,-1,-1,7,E01010355,0,2
2025201592504,2025,201592504,1,19,0,-1,12,2,6,-1,0,0,0,0,0,0,3,1,-1,6,1,18,4,-1,-1,-1,-1,1,E01010107,0,1
2025201592587,2025,201592587,1,9,0,-1,19,5,1,-1,0,0,0,0,0,0,1,1,-1,2,1,24,5,-1,-1,-1,-1,2,E01010336,0,2
2025201592587,2025,201592587,2,3,0,-1,3,5,1,-1,0,0,0,0,0,0,2,1,-1,9,1,51,8,-1,-1,-1,-1,1,E01010532,0,1
2025201592658,2025,201592658,2,9,0,-1,19,3,7,-1,0,1,0,0,0,0,1,1,-1,6,1,45,7,-1,-1,-1,-1,1,E01009489,0,1
2025201592658,2025,201592658,1,9,0,-1,9,5,3,-1,0,6,0,0,0,0,1,1,-1,6,1,18,4,-1,-1,-1,-1,1,E01034933,0,1
2025201592658,2025,201592658,3,4,0,-1,19,7,3,-1,0,8,0,0,0,0,1,1,-1,6,1,30,6,-1,-1,-1,-1,1,E01034924,0,1
2025201592926,2025,201592926,2,9,0,-1,19,7,6,-1,0,8,0,0,0,0,1,1,-1,6,1,49,8,-1,-1,-1,-1,9,E01010227,0,1
2025201592926,2025,201592926,1,9,0,-1,5,0,0,-1,0,6,0,0,0,0,1,1,-1,6,2,28,6,-1,-1,-1,-1,1,E01009019,0,1
2025201592927,2025,201592927,2,20,0,-1,19,4,8,-1,0,8,0,0,0,0,1,1,-1,1,1,25,5,-1,-1,-1,-1,-1,-1,0,-1
2025201592927,2025,201592927,1,9,0,-1,19,8,4,-1,0,1,0,0,0,0,1,1,-1,9,2,29,6,-1,-1,-1,-1,8,E01031019,0,3
2025201592945,2025,201592945,1,9,0,-1,10,7,4,-1,0,0,0,0,0,0,2,1,-1,6,2,26,6,-1,-1,-1,-1,3,E01009775,0,1
2025201592945,2025,201592945,2,9,0,-1,19,6,2,-1,0,0,0,0,0,0,1,1,-1,9,1,69,10,-1,-1,-1,-1,7,E01009880,0,1
2025201592956,2025,201592956,1,9,0,-1,7,4,6,-1,0,0,0,0,0,0,3,1,-1,1,1,28,6,-1,-1,-1,-1,2,E01010084,0,1
2025201592967,2025,201592967,2,19,0,-1,19,6,6,-1,0,0,0,0,0,0,2,1,-1,1,1,67,10,-1,-1,-1,-1,5,E01009267,0,1
2025201592967,2025,201592967,1,9,0,-1,19,6,6,-1,0,0,0,0,0,0,1,1,-1,6,1,19,4,-1,-1,-1,-1,2,E01008915,0,2
2025201592987,2025,201592987,1,9,0,-1,2,0,0,-1,0,0,0,0,0,0,1,1,-1,6,2,65,9,-1,-1,-1,-1,2,E01010535,0,1
2025201593018,2025,201593018,1,9,0,-1,19,4,8,-1,0,6,0,0,0,0,1,1,-1,6,1,74,10,-1,-1,-1,-1,5,E01009185,0,1
2025201593018,2025,201593018,2,9,0,-1,19,2,6,-1,0,8,0,0,0,0,4,1,-1,6,1,51,8,-1,-1,-1,-1,1,E01008935,0,1
2025201593063,2025,201593063,1,9,0,-1,19,8,4,-1,0,0,0,0,0,0,1,1,-1,6,2,57,9,-1,-1,-1,-1,1,E01009375,0,1
2025201593135,2025,201593135,1,9,0,-1,14,6,2,-1,0,0,0,0,0,0,1,1,-1,6,1,40,7,-1,-1,-1,-1,-1,-1,0,-1
2025201593135,2025,201593135,2,11,0,-1,2,4,8,-1,2,0,0,0,0,0,0,1,-1,1,1,65,9,-1,-1,-1,-1,-1,-1,0,-1
2025201593197,2025,201593197,1,9,0,-1,19,1,5,-1,0,1,0,0,0,0,1,9,-1,6,1,35,6,-1,-1,-1,-1,1,E01009577,0,1
2025201593197,2025,201593197,2,9,0,-1,2,0,0,-1,0,1,0,0,0,0,3,1,-1,6,2,26,6,-1,-1,-1,-1,-1,-1,0,-1
2025201593207,2025,201593207,1,9,0,-1,5,5,1,-1,0,3,0,0,0,0,4,1,-1,6,1,72,10,-1,-1,-1,-1,4,E01009167,0,3
2025201593207,2025,201593207,2,9,0,-1,5,6,5,-1,0,3,0,0,0,0,3,1,-1,6,2,62,9,-1,-1,-1,-1,1,E01009366,0,1