collision_index,collision_year,collision_ref_no,vehicle_reference,vehicle_type,towing_and_articulation,vehicle_manoeuvre_historic,vehicle_manoeuvre,vehicle_direction_from,vehicle_direction_to,vehicle_location_restricted_lane_historic,vehicle_location_restricted_lane,junction_location,skidding_and_overturning,hit_object_in_carriageway,vehicle_leaving_carriageway,hit_object_off_carriageway,first_point_of_impact,vehicle_left_hand_drive,journey_purpose_of_driver_historic,journey_purpose_of_driver,sex_of_driver,age_of_driver,age_band_of_driver,engine_capacity_cc,propulsion_code,age_of_vehicle,generic_make_model,driver_imd_decile,lsoa_of_driver,escooter_flag,driver_distance_banding
2025201593209,2025,201593209,1,11,0,-1,7,2,6,-1,0,0,0,0,0,0,4,1,-1,1,1,69,10,-1,-1,-1,-1,2,E01028112,0,4
2025201593209,2025,201593209,2,9,0,-1,19,8,4,-1,0,0,0,0,0,0,1,1,-1,2,2,55,8,-1,-1,-1,-1,5,E01009247,0,2
2025201593211,2025,201593211,1,9,0,-1,2,5,2,-1,0,0,0,0,3,0,2,1,-1,6,1,24,5,-1,-1,-1,-1,1,E01009889,0,3
2025201593211,2025,201593211,2,9,0,-1,5,6,1,-1,0,0,0,0,3,0,1,9,-1,6,3,-1,-1,-1,-1,-1,-1,-1,-1,0,-1
2025201593251,2025,201593251,1,9,0,-1,5,2,6,-1,0,2,1,0,7,0,3,9,-1,6,1,40,7,-1,-1,-1,-1,-1,-1,0,-1
2025201593289,2025,201593289,1,9,0,-1,19,5,1,-1,0,0,0,0,0,0,1,1,-1,6,1,30,6,-1,-1,-1,-1,-1,-1,0,-1
2025201593309,2025,201593309,1,9,-1,-1,4,-1,-1,-1,0,1,-1,-1,-1,0,-1,9,-1,6,3,-1,-1,-1,-1,-1,-1,-1,-1,0,-1
2025201593361,2025,201593361,2,9,0,-1,19,5,1,-1,0,0,0,0,0,0,2,9,-1,6,1,30,6,-1,-1,-1,-1,2,E01009146,0,3
2025201593361,2025,201593361,1,9,0,-1,19,5,1,-1,0,0,0,0,0,0,1,9,-1,6,1,-1,-1,-1,-1,-1,-1,-1,-1,0,-1
2025201593387,2025,201593387,1,19,0,-1,19,2,6,-1,0,0,0,0,0,0,2,1,-1,6,3,-1,-1,-1,-1,-1,-1,-1,-1,0,-1
2025201593393,2025,201593393,2,9,0,-1,9,1,1,-1,0,0,0,4,0,0,3,1,-1,9,2,84,11,-1,-1,-1,-1,1,E01009985,0,1
2025201593393,2025,201593393,3,9,0,-1,2,0,0,-1,9,0,0,0,0,0,4,1,-1,6,2,19,4,-1,-1,-1,-1,1,E01010037,0,1
2025201593393,2025,201593393,1,9,0,-1,2,0,0,-1,0,0,0,0,0,0,4,1,-1,9,1,29,6,-1,-1,-1,-1,1,E01009839,0,2
2025201593428,2025,201593428,2,9,0,-1,9,5,1,-1,0,0,0,0,0,0,3,1,-1,6,2,33,6,-1,-1,-1,-1,1,E01009025,0,1
2025201593428,2025,201593428,1,9,0,-1,13,5,1,-1,0,0,5,10,7,0,4,1,-1,6,1,31,6,-1,-1,-1,-1,1,E01009056,0,3
2025201593430,2025,201593430,1,9,0,-1,19,5,1,-1,0,0,0,0,0,0,1,1,-1,9,2,23,5,-1,-1,-1,-1,4,E01009879,0,1
2025201593565,2025,201593565,3,9,0,-1,4,7,3,-1,0,0,0,0,0,0,4,1,-1,1,1,37,7,-1,-1,-1,-1,3,E01008950,0,2
2025201593565,2025,201593565,5,9,0,-1,2,0,0,-1,0,0,0,0,0,0,3,1,-1,6,-1,-1,-1,-1,-1,-1,-1,-1,-1,0,-1
2025201593565,2025,201593565,1,9,0,-1,19,7,3,-1,0,0,0,10,0,0,1,1,-1,6,1,30,6,-1,-1,-1,-1,2,E01009991,0,2
2025201593565,2025,201593565,4,9,0,-1,19,7,3,-1,0,0,0,0,0,0,1,1,-1,1,1,32,6,-1,-1,-1,-1,3,E01008950,0,2
2025201593565,2025,201593565,2,9,0,-1,4,7,3,-1,0,0,0,0,0,0,4,1,-1,1,1,27,6,-1,-1,-1,-1,3,E01008950,0,2
2025201593566,2025,201593566,2,9,0,-1,4,7,3,-1,0,0,0,0,0,0,4,1,-1,1,1,27,6,-1,-1,-1,-1,3,E01008950,0,2
2025201593566,2025,201593566,1,9,0,-1,19,7,3,-1,0,0,0,10,0,0,1,1,-1,6,1,30,6,-1,-1,-1,-1,2,E01009991,0,2
2025201593566,2025,201593566,4,9,0,-1,19,7,3,-1,0,0,0,0,0,0,1,1,-1,1,1,32,6,-1,-1,-1,-1,3,E01008950,0,2
2025201593566,2025,201593566,5,9,0,-1,2,0,0,-1,0,0,0,0,0,0,3,1,-1,6,-1,-1,-1,-1,-1,-1,-1,-1,-1,0,-1
2025201593566,2025,201593566,3,9,0,-1,4,7,3,-1,0,0,0,0,0,0,4,1,-1,1,1,37,7,-1,-1,-1,-1,3,E01008950,0,2
2025201593569,2025,201593569,1,9,0,-1,19,1,5,-1,0,8,0,0,0,0,4,1,-1,2,2,48,8,-1,-1,-1,-1,-1,-1,0,-1
2025201593569,2025,201593569,2,19,0,-1,9,4,1,-1,0,6,0,0,0,0,1,1,-1,6,1,35,6,-1,-1,-1,-1,-1,-1,0,-1
2025201593580,2025,201593580,2,9,0,-1,19,2,6,-1,0,0,0,0,0,0,2,1,-1,6,2,62,9,-1,-1,-1,-1,8,E01029616,0,3
2025201593580,2025,201593580,1,9,0,-1,19,2,6,-1,0,0,0,0,0,0,1,1,-1,6,1,41,7,-1,-1,-1,-1,-1,-1,0,-1
2025201593581,2025,201593581,1,5,0,-1,19,1,5,-1,0,1,1,0,0,0,1,1,-1,6,1,22,5,-1,-1,-1,-1,-1,-1,0,-1
2025201593611,2025,201593611,2,9,0,-1,2,5,5,-1,0,0,0,0,0,0,2,1,-1,9,1,25,5,-1,-1,-1,-1,3,E01005215,0,5
2025201593611,2025,201593611,1,9,0,-1,19,5,5,-1,0,0,0,0,1,0,1,1,-1,9,1,29,6,-1,-1,-1,-1,1,E01033643,0,1
2025201593611,2025,201593611,3,9,0,-1,2,0,0,-1,0,0,0,0,0,0,2,1,-1,6,-1,-1,-1,-1,-1,-1,-1,-1,-1,0,-1
2025201593611,2025,201593611,4,9,0,-1,2,0,0,-1,0,0,0,0,0,0,2,1,-1,6,1,45,7,-1,-1,-1,-1,1,E01033643,0,1
2025201593619,2025,201593619,2,9,0,-1,2,0,0,-1,5,0,0,0,0,0,2,1,-1,6,-1,-1,-1,-1,-1,-1,-1,-1,-1,0,-1
2025201593619,2025,201593619,1,9,0,-1,19,2,6,-1,0,0,1,0,0,0,4,1,-1,2,1,23,5,-1,-1,-1,-1,1,E01010095,0,1
2025201593621,2025,201593621,1,19,0,-1,19,8,4,-1,0,0,2,10,1,0,1,1,-1,6,1,35,6,-1,-1,-1,-1,-1,-1,0,-1
2025201593621,2025,201593621,2,9,0,-1,19,8,4,-1,0,0,0,0,0,0,0,1,-1,8,1,-1,-1,-1,-1,-1,-1,-1,-1,0,-1
2025201593686,2025,201593686,1,9,0,-1,9,7,4,-1,0,8,0,0,0,0,1,1,-1,9,1,66,10,-1,-1,-1,-1,1,E01034918,0,1
2025201593708,2025,201593708,1,19,0,-1,19,1,5,-1,0,8,0,0,0,0,1,1,-1,6,3,-1,-1,-1,-1,-1,-1,-1,-1,0,-1
2025201593757,2025,201593757,2,9,0,-1,19,5,1,-1,0,0,0,0,0,0,2,1,-1,2,2,39,7,-1,-1,-1,-1,1,E01010483,0,2
2025201593757,2025,201593757,1,9,0,-1,19,5,1,-1,0,0,0,0,0,0,1,1,-1,6,2,35,6,-1,-1,-1,-1,-1,-1,0,-1
2025201593760,2025,201593760,1,9,0,-1,9,4,2,-1,0,5,0,0,0,0,1,1,-1,6,1,40,7,-1,-1,-1,-1,-1,-1,0,-1
2025201593786,2025,201593786,1,9,0,-1,19,2,6,-1,0,0,0,0,0,0,1,1,-1,6,2,35,6,-1,-1,-1,-1,-1,-1,0,-1
2025201593819,2025,201593819,1,9,0,-1,1,1,5,-1,0,0,0,0,1,0,2,1,-1,6,1,73,10,-1,-1,-1,-1,9,E01010210,0,1
2025201593866,2025,201593866,1,9,0,-1,19,2,6,-1,0,0,0,0,0,0,1,1,-1,6,2,41,7,-1,-1,-1,-1,2,E01010446,0,2
2025201593881,2025,201593881,2,9,0,-1,4,8,4,-1,0,0,0,0,0,0,2,1,-1,2,1,30,6,-1,-1,-1,-1,5,E01008975,0,3
2025201593881,2025,201593881,1,9,0,-1,19,8,4,-1,0,0,0,0,0,0,1,1,-1,6,2,18,4,-1,-1,-1,-1,-1,-1,0,-1
2025201593935,2025,201593935,2,19,0,-1,19,5,1,-1,0,4,0,0,0,0,4,1,-1,1,1,35,6,-1,-1,-1,-1,-1,-1,0,-1
2025201593935,2025,201593935,1,4,0,-1,19,5,1,-1,0,4,0,0,0,0,3,1,-1,2,1,72,10,-1,-1,-1,-1,-1,-1,0,-1
2025201593947,2025,201593947,1,9,0,-1,19,2,4,-1,0,1,0,0,0,0,1,1,-1,9,2,28,6,-1,-1,-1,-1,5,E01010267,0,1
2025201593947,2025,201593947,2,9,0,-1,9,7,1,-1,0,1,5,0,0,0,4,1,-1,9,2,26,6,-1,-1,-1,-1,-1,-1,0,-1
2025201594036,2025,201594036,3,9,0,-1,19,8,1,-1,0,0,0,0,0,0,2,1,-1,6,1,23,5,-1,-1,-1,-1,4,E01008955,0,1
2025201594036,2025,201594036,1,9,0,-1,19,5,7,-1,0,0,0,0,0,0,1,1,-1,6,1,33,6,-1,-1,-1,-1,5,E01009284,0,1
2025201594036,2025,201594036,2,9,0,-1,19,8,1,-1,0,0,0,0,0,0,2,1,-1,6,1,42,7,-1,-1,-1,-1,2,E01008977,0,1
2025201594036,2025,201594036,4,9,0,-1,5,3,7,-1,0,0,0,0,0,0,2,1,-1,6,1,39,7,-1,-1,-1,-1,2,E01008943,0,1
2025201594049,2025,201594049,2,19,0,-1,19,5,6,-1,0,4,0,0,0,0,4,1,-1,1,1,30,6,-1,-1,-1,-1,2,E01011018,0,5
2025201594049,2025,201594049,1,9,0,-1,19,5,6,-1,0,3,0,0,1,0,3,1,-1,6,2,24,5,-1,-1,-1,-1,2,E01008942,0,2
2025201594049,2025,201594049,3,9,0,-1,4,7,2,-1,0,4,0,0,0,0,3,1,-1,6,2,49,8,-1,-1,-1,-1,6,E01009189,0,1
2025201594078,2025,201594078,1,9,0,-1,19,8,4,-1,0,0,0,0,0,0,1,9,-1,6,3,-1,-1,-1,-1,-1,-1,-1,-1,0,-1
2025201594116,2025,201594116,2,1,0,-1,9,1,5,-1,0,3,0,0,0,0,3,1,-1,2,1,34,6,-1,-1,-1,-1,3,E01009111,0,1
2025201594116,2025,201594116,1,9,0,-1,9,1,5,-1,0,3,0,0,0,0,4,9,-1,6,1,60,9,-1,-1,-1,-1,-1,-1,0,-1
2025201594134,2025,201594134,1,19,0,-1,19,6,5,-1,0,1,5,0,3,7,1,1,-1,6,-1,19,4,-1,-1,-1,-1,-1,-1,0,-1
2025201594156,2025,201594156,1,9,0,-1,2,1,1,-1,0,6,0,0,0,0,1,1,-1,6,2,53,8,-1,-1,-1,-1,3,E01009565,0,1
2025201594156,2025,201594156,2,9,5,-1,4,1,1,-1,0,1,0,0,0,0,4,1,-1,6,3,20,4,-1,-1,-1,-1,-1,-1,0,-1
2025201594165,2025,201594165,1,9,0,-1,7,1,4,-1,0,0,0,0,7,0,1,1,-1,6,1,25,5,-1,-1,-1,-1,7,E01010373,0,1
2025201594165,2025,201594165,2,-1,0,-1,7,1,3,-1,0,0,0,0,7,0,2,1,-1,6,1,59,9,-1,-1,-1,-1,8,E01010333,1,1
2025201594184,2025,201594184,2,9,0,-1,19,8,4,-1,0,0,0,4,0,0,2,1,-1,6,-1,-1,-1,-1,-1,-1,-1,-1,-1,0,-1
2025201594184,2025,201594184,3,9,0,-1,19,4,8,-1,0,0,0,4,0,0,2,1,-1,6,1,-1,-1,-1,-1,-1,-1,-1,-1,0,-1
2025201594184,2025,201594184,1,9,0,-1,9,8,7,-1,0,0,0,10,0,0,4,1,-1,6,2,77,11,-1,-1,-1,-1,3,E01009120,0,1
2025201594186,2025,201594186,2,9,0,-1,3,5,5,-1,0,1,0,0,0,0,1,2,-1,9,1,23,5,-1,-1,-1,-1,-1,-1,0,-1
2025201594186,2025,201594186,1,9,0,-1,3,5,6,-1,0,1,0,0,0,0,2,2,-1,9,2,25,5,-1,-1,-1,-1,3,E01009118,0,1
2025201594195,2025,201594195,1,9,0,-1,19,3,7,-1,0,1,0,0,0,0,1,1,-1,6,1,26,6,-1,-1,-1,-1,1,E01008976,0,1
2025201594195,2025,201594195,2,9,0,-1,19,7,2,-1,0,8,0,0,0,0,2,1,-1,6,1,43,7,-1,-1,-1,-1,8,E01010206,0,2
2025201594196,2025,201594196,2,9,0,-1,4,5,1,-1,0,0,0,0,0,0,2,1,-1,6,2,32,6,-1,-1,-1,-1,1,E01009353,0,2
2025201594196,2025,201594196,1,19,0,-1,19,5,1,-1,0,0,0,0,0,0,1,1,-1,6,1,38,7,-1,-1,-1,-1,-1,-1,0,-1
2025201594232,2025,201594232,1,9,0,-1,19,5,1,-1,0,0,0,0,0,0,1,1,-1,6,2,48,8,-1,-1,-1,-1,-1,-1,0,-1
2025201594277,2025,201594277,1,9,0,-1,19,6,4,-1,0,0,0,0,0,0,1,1,-1,9,2,45,7,-1,-1,-1,-1,3,E01008924,0,1
2025201594365,2025,201594365,2,9,0,-1,19,8,5,-1,0,2,0,7,0,0,1,1,-1,8,2,33,6,-1,-1,-1,-1,-1,-1,0,-1
2025201594365,2025,201594365,1,9,0,-1,19,7,4,-1,9,7,0,0,0,0,1,1,-1,9,1,22,5,-1,-1,-1,-1,-1,-1,0,-1
2025201594369,2025,201594369,1,9,0,-1,19,2,6,-1,0,0,1,4,7,0,4,1,-1,9,1,18,4,-1,-1,-1,-1,1,E01010272,0,1
2025201594369,2025,201594369,3,9,0,-1,2,0,0,-1,9,0,0,4,0,0,1,1,-1,6,-1,-1,-1,-1,-1,-1,-1,-1,-1,0,-1
2025201594369,2025,201594369,2,9,0,-1,2,0,0,-1,9,0,1,4,0,0,2,1,-1,6,-1,-1,-1,-1,-1,-1,-1,-1,-1,0,-1
2025201594400,2025,201594400,1,19,0,-1,2,0,0,-1,0,0,0,0,0,0,2,1,-1,6,-1,-1,-1,-1,-1,-1,-1,-1,-1,0,-1
2025201594404,2025,201594404,1,9,0,-1,19,7,3,-1,0,8,0,0,1,0,1,1,-1,6,1,30,6,-1,-1,-1,-1,1,E01009477,0,1
2025201594404,2025,201594404,2,9,0,-1,9,3,1,-1,0,8,0,0,0,0,1,1,-1,6,1,27,6,-1,-1,-1,-1,1,E01009328,0,1
2025201594412,2025,201594412,2,9,0,-1,5,7,3,-1,0,0,0,0,0,0,1,9,-1,6,3,98,11,-1,-1,-1,-1,-1,-1,0,-1
2025201594412,2025,201594412,1,9,0,-1,19,5,1,-1,0,0,0,0,0,0,4,1,-1,9,1,62,9,-1,-1,-1,-1,1,E01010464,0,1
2025201594453,2025,201594453,1,9,0,-1,19,2,6,-1,0,1,0,0,0,0,1,1,-1,6,3,-1,-1,-1,-1,-1,-1,-1,-1,0,-1
2025201594460,2025,201594460,2,9,0,-1,5,4,8,-1,0,4,1,0,0,0,1,1,-1,2,2,53,8,-1,-1,-1,-1,8,E01010504,0,4
2025201594460,2025,201594460,1,9,0,-1,4,1,6,-1,0,3,1,0,0,0,4,1,-1,9,1,52,8,-1,-1,-1,-1,6,E01034668,0,4
2025201594464,2025,201594464,1,9,0,-1,19,4,8,-1,0,1,5,0,0,0,1,1,-1,6,1,28,6,-1,-1,-1,-1,2,E01009054,0,1
2025201594464,2025,201594464,2,9,0,-1,2,0,0,-1,0,2,0,0,0,0,1,1,-1,6,-1,-1,-1,-1,-1,-1,-1,-1,-1,0,-1
2025201594477,2025,201594477,2,9,0,-1,19,7,3,-1,0,0,0,0,0,0,4,9,-1,6,1,47,8,-1,-1,-1,-1,1,E01010289,0,1
2025201594477,2025,201594477,1,9,0,-1,9,7,5,-1,0,0,0,0,0,0,3,9,-1,6,2,30,6,-1,-1,-1,-1,-1,-1,0,-1
2025201594479,2025,201594479,1,9,0,-1,3,1,1,-1,0,1,0,0,0,0,2,1,-1,9,2,69,10,-1,-1,-1,-1,1,E01009161,0,1
2025201594479,2025,201594479,2,9,0,-1,3,1,1,-1,0,1,0,0,0,0,1,9,-1,9,1,35,6,-1,-1,-1,-1,1,E01009494,0,1
2025201594494,2025,201594494,1,19,0,-1,19,5,1,-1,0,0,0,0,0,0,3,9,-1,1,3,30,6,-1,-1,-1,-1,-1,-1,0,-1
2025201594498,2025,201594498,2,9,0,-1,19,1,5,-1,0,0,1,0,0,0,1,9,-1,9,2,42,7,-1,-1,-1,-1,3,E01009894,0,1
2025201594498,2025,201594498,1,9,0,-1,19,5,1,-1,0,0,1,0,0,0,1,9,-1,6,1,-1,-1,-1,-1,-1,-1,-1,-1,0,-1
2025201594520,2025,201594520,1,9,0,-1,19,1,4,-1,0,8,0,0,0,0,1,1,-1,6,2,58,9,-1,-1,-1,-1,6,E01031084,0,3
2025201594520,2025,201594520,2,19,0,-1,19,1,4,-1,0,8,0,0,0,0,2,1,-1,6,1,57,9,-1,-1,-1,-1,1,E01009539,0,1
2025201594528,2025,201594528,2,9,0,-1,9,8,2,-1,0,0,0,0,0,0,2,9,-1,2,1,56,9,-1,-1,-1,-1,2,E01009741,0,3
2025201594528,2025,201594528,1,9,0,-1,9,2,8,-1,0,0,0,0,0,0,1,9,-1,6,2,46,8,-1,-1,-1,-1,2,E01009385,0,1
2025201594532,2025,201594532,3,9,0,-1,9,6,5,-1,0,2,0,0,0,0,0,1,-1,6,-1,-1,-1,-1,-1,-1,-1,-1,-1,0,-1
2025201594532,2025,201594532,2,9,0,-1,19,6,2,-1,0,1,0,0,0,0,1,1,-1,6,2,52,8,-1,-1,-1,-1,-1,-1,0,-1
2025201594532,2025,201594532,1,9,0,-1,9,3,1,-1,0,5,0,0,0,0,3,1,-1,6,1,42,7,-1,-1,-1,-1,-1,-1,0,-1
2025201594534,2025,201594534,1,9,0,-1,19,8,4,-1,0,8,0,0,0,0,1,1,-1,6,1,67,10,-1,-1,-1,-1,5,E01009262,0,1
2025201594534,2025,201594534,2,9,0,-1,7,2,4,-1,0,6,0,0,0,0,1,1,-1,6,1,19,4,-1,-1,-1,-1,1,E01009057,0,1
2025201594659,2025,201594659,1,9,0,-1,11,7,8,-1,0,0,0,0,7,0,1,1,-1,9,1,44,7,-1,-1,-1,-1,1,E01010095,0,3
2025201594659,2025,201594659,2,9,0,-1,5,7,1,-1,0,0,5,0,0,0,3,1,-1,9,1,17,4,-1,-1,-1,-1,3,E01009508,0,1
2025201594716,2025,201594716,1,21,0,-1,19,1,5,-1,0,0,0,0,0,0,4,1,-1,1,1,30,6,-1,-1,-1,-1,-1,-1,0,-1
2025201594738,2025,201594738,1,9,0,-1,19,1,1,-1,0,5,0,0,0,0,1,1,-1,6,1,26,6,-1,-1,-1,-1,2,E01009393,0,2
2025201594738,2025,201594738,2,9,0,-1,7,1,7,-1,0,1,0,0,0,0,1,1,-1,9,2,28,6,-1,-1,-1,-1,1,E01009484,0,1
2025201594742,2025,201594742,1,9,0,-1,19,5,1,-1,0,1,0,0,0,0,3,1,-1,9,1,27,6,-1,-1,-1,-1,-1,-1,0,-1
2025201594742,2025,201594742,2,9,0,-1,9,1,5,-1,0,1,0,0,7,0,1,1,-1,1,2,37,7,-1,-1,-1,-1,2,E01010093,0,1
2025201594761,2025,201594761,2,9,0,-1,5,2,6,-1,0,8,0,0,0,0,1,1,-1,6,1,29,6,-1,-1,-1,-1,1,E01034927,0,2
2025201594761,2025,201594761,1,9,0,-1,19,4,7,-1,0,1,0,0,0,0,1,1,-1,6,1,37,7,-1,-1,-1,-1,3,E01033562,0,1
2025201594815,2025,201594815,1,9,0,-1,2,5,1,-1,0,1,0,0,0,0,2,1,-1,6,2,42,7,-1,-1,-1,-1,8,E01031306,0,2
2025201594815,2025,201594815,2,9,0,-1,19,5,7,-1,0,1,0,4,0,0,1,9,-1,6,1,-1,-1,-1,-1,-1,-1,8,E01009528,0,2
2025201594832,2025,201594832,1,9,0,-1,19,8,4,-1,0,8,0,0,0,0,1,9,-1,6,3,-1,-1,-1,-1,-1,-1,-1,-1,0,-1
2025201594842,2025,201594842,1,9,0,-1,19,7,2,-1,0,0,0,0,0,0,1,1,-1,1,1,49,8,-1,-1,-1,-1,2,E01009981,0,2
2025201594862,2025,201594862,1,11,-1,-1,-1,-1,-1,-1,-1,-1,-1,-1,-1,0,-1,9,-1,1,1,-1,-1,-1,-1,-1,-1,-1,-1,0,-1
2025201594947,2025,201594947,3,9,0,-1,4,5,4,-1,0,1,0,0,0,0,2,9,-1,6,3,16,4,-1,-1,-1,-1,-1,-1,0,-1
2025201594947,2025,201594947,2,9,0,-1,4,5,5,-1,0,1,0,0,0,0,1,1,-1,9,1,22,5,-1,-1,-1,-1,1,E01033638,0,1
2025201594947,2025,201594947,1,9,0,-1,4,5,7,-1,0,1,0,0,0,0,1,9,-1,6,3,16,4,-1,-1,-1,-1,-1,-1,0,-1
2025201594978,2025,201594978,1,5,0,-1,19,2,6,-1,0,0,0,0,0,0,1,1,-1,9,1,24,5,-1,-1,-1,-1,6,W01001906,0,5
2025201594978,2025,201594978,2,9,0,-1,11,2,6,-1,0,0,0,0,0,0,3,9,-1,6,1,61,9,-1,-1,-1,-1,2,E01010001,0,3
2025201594983,2025,201594983,1,9,0,-1,19,3,7,-1,0,0,0,0,0,0,1,1,-1,6,3,30,6,-1,-1,-1,-1,-1,-1,0,-1
2025201594998,2025,201594998,1,9,0,-1,19,7,3,-1,0,0,0,0,0,0,1,1,-1,6,1,44,7,-1,-1,-1,-1,2,E01008946,0,3
2025201595012,2025,201595012,1,9,0,-1,19,5,1,-1,0,1,0,0,0,0,4,1,-1,6,2,39,7,-1,-1,-1,-1,1,E01033897,0,1
2025201595012,2025,201595012,2,9,0,-1,19,5,1,-1,0,1,0,0,0,0,3,9,-1,6,3,-1,-1,-1,-1,-1,-1,-1,-1,0,-1
2025201595039,2025,201595039,1,9,0,-1,1,5,1,-1,0,0,0,0,0,0,2,1,-1,6,1,20,4,-1,-1,-1,-1,-1,-1,0,-1
2025201595046,2025,201595046,2,9,0,-1,19,1,5,-1,0,2,0,0,0,0,2,1,-1,9,1,31,6,-1,-1,-1,-1,3,E01009199,0,1
2025201595046,2025,201595046,1,9,0,-1,19,1,5,-1,0,1,0,0,0,0,1,1,-1,6,1,40,7,-1,-1,-1,-1,-1,-1,0,-1
2025201595055,2025,201595055,1,9,0,-1,9,5,2,-1,0,2,0,0,0,0,1,9,-1,6,3,-1,-1,-1,-1,-1,-1,-1,-1,0,-1
2025201595060,2025,201595060,1,9,0,-1,7,3,5,-1,0,1,0,0,0,0,2,1,-1,6,2,34,6,-1,-1,-1,-1,1,E01033627,0,1
2025201595060,2025,201595060,2,9,0,-1,19,3,5,-1,0,1,0,0,0,0,1,9,-1,6,3,35,6,-1,-1,-1,-1,-1,-1,0,-1
2025201595106,2025,201595106,2,9,0,-1,2,0,0,-1,-1,0,0,0,0,0,1,2,-1,9,1,44,7,-1,-1,-1,-1,1,E01013640,0,4
2025201595106,2025,201595106,1,9,0,-1,1,1,5,-1,-1,0,0,0,0,0,2,2,-1,6,1,30,6,-1,-1,-1,-1,-1,-1,0,-1
2025201595134,2025,201595134,1,19,0,-1,19,1,5,-1,0,0,0,0,0,0,4,1,-1,1,1,35,6,-1,-1,-1,-1,2,E01019471,0,4
2025201595193,2025,201595193,2,9,0,-1,2,1,3,-1,0,0,0,0,0,0,1,1,-1,6,1,44,7,-1,-1,-1,-1,1,E01010366,0,3
2025201595193,2025,201595193,1,9,0,-1,1,1,5,-1,0,0,0,0,0,0,2,9,-1,6,2,-1,-1,-1,-1,-1,-1,-1,-1,0,-1
2025201595217,2025,201595217,1,9,0,-1,19,4,1,-1,0,0,0,0,0,0,1,1,-1,6,2,48,8,-1,-1,-1,-1,4,E01009240,0,1
2025201595217,2025,201595217,2,9,0,-1,3,4,8,-1,0,0,0,0,0,0,2,1,-1,9,1,36,7,-1,-1,-1,-1,1,E01009377,0,2
2025201595232,2025,201595232,2,9,0,-1,5,1,1,-1,0,8,0,0,0,0,1,9,-1,6,2,37,7,-1,-1,-1,-1,-1,-1,0,-1
2025201595232,2025,201595232,1,2,0,-1,5,1,1,-1,0,8,5,0,0,0,1,1,-1,7,1,17,4,-1,-1,-1,-1,1,E01009622,0,1
2025201595251,2025,201595251,1,1,0,-1,19,7,3,-1,0,8,0,0,0,0,1,1,-1,9,1,19,4,-1,-1,-1,-1,1,E01034943,0,1
2025201595251,2025,201595251,2,8,0,-1,14,3,7,-1,0,8,0,0,0,0,4,1,-1,1,1,51,8,-1,-1,-1,-1,7,E01009070,0,2
2025201595261,2025,201595261,1,9,0,-1,19,1,5,-1,0,1,0,0,0,0,1,1,-1,2,-1,-1,-1,-1,-1,-1,-1,-1,-1,0,-1
2025201595304,2025,201595304,1,11,0,-1,19,8,4,-1,0,8,0,0,0,0,1,1,-1,6,1,-1,-1,-1,-1,-1,-1,-1,-1,0,-1
2025201595337,2025,201595337,2,9,0,-1,1,8,5,-1,9,0,0,0,0,0,2,1,-1,6,2,64,9,-1,-1,-1,-1,6,E01009594,0,1
2025201595337,2025,201595337,1,5,0,-1,13,5,2,-1,0,0,2,7,0,0,1,1,-1,6,1,59,9,-1,-1,-1,-1,8,E01027026,0,4
2025201595360,2025,201595360,1,9,0,-1,19,6,2,-1,0,0,0,0,7,0,1,1,-1,6,2,58,9,-1,-1,-1,-1,6,E01009645,0,1
2025201595360,2025,201595360,2,9,0,-1,19,2,6,-1,0,0,0,0,0,0,1,1,-1,6,1,20,4,-1,-1,-1,-1,1,E01034747,0,1
2025201595363,2025,201595363,1,9,0,-1,11,3,7,-1,0,1,1,7,0,0,3,1,-1,6,1,21,5,-1,-1,-1,-1,2,E01009659,0,1
2025201595439,2025,201595439,1,8,0,-1,19,2,6,-1,0,0,0,9,3,0,1,1,-1,1,1,38,7,-1,-1,-1,-1,8,E01010514,0,4
2025201595461,2025,201595461,1,8,0,-1,19,3,7,-1,0,0,0,0,0,0,2,1,-1,1,1,56,9,-1,-1,-1,-1,2,E01009487,0,2
2025201595461,2025,201595461,2,9,0,-1,3,3,7,-1,0,0,0,0,0,0,2,1,-1,1,1,24,5,-1,-1,-1,-1,-1,-1,0,-1
2025201595479,2025,201595479,1,9,0,-1,9,4,8,-1,0,1,0,0,0,0,1,9,-1,6,1,25,5,-1,-1,-1,-1,-1,-1,0,-1
2025201595479,2025,201595479,2,9,0,-1,19,2,6,-1,0,1,0,0,0,0,1,9,-1,6,2,29,6,-1,-1,-1,-1,3,E01008930,0,2
2025201595600,2025,201595600,1,9,0,-1,9,6,4,-1,0,6,0,0,0,0,1,9,-1,6,1,64,9,-1,-1,-1,-1,8,E01009469,0,1
2025201595600,2025,201595600,2,9,0,-1,19,4,8,-1,0,2,0,0,7,2,4,9,-1,9,1,20,4,-1,-1,-1,-1,6,E01010174,0,3
2025201595636,2025,201595636,3,19,0,-1,19,3,7,-1,0,0,0,4,0,0,1,1,-1,2,1,28,6,-1,-1,-1,-1,-1,-1,0,-1
2025201595636,2025,201595636,2,9,0,-1,2,3,7,-1,0,0,0,4,0,0,2,1,-1,6,2,39,7,-1,-1,-1,-1,3,E01009862,0,2
2025201595636,2025,201595636,1,19,0,-1,2,3,7,-1,0,0,0,0,0,0,2,1,-1,6,1,-1,-1,-1,-1,-1,-1,-1,-1,0,-1
2025201595668,2025,201595668,2,8,0,-1,7,2,5,-1,0,2,0,0,0,0,1,1,-1,1,1,41,7,-1,-1,-1,-1,-1,-1,0,-1
2025201595668,2025,201595668,1,9,0,-1,19,5,1,-1,9,1,0,4,1,0,1,1,-1,6,1,19,4,-1,-1,-1,-1,-1,-1,0,-1
2025201595668,2025,201595668,3,9,0,-1,2,0,0,-1,9,2,0,0,0,0,1,1,-1,6,1,42,7,-1,-1,-1,-1,2,E01009623,0,1
2025201595732,2025,201595732,2,9,0,-1,19,2,6,-1,0,8,0,0,0,0,1,1,-1,9,2,34,6,-1,-1,-1,-1,2,E01008944,0,2