collision_index,collision_year,collision_ref_no,vehicle_reference,vehicle_type,towing_and_articulation,vehicle_manoeuvre_historic,vehicle_manoeuvre,vehicle_direction_from,vehicle_direction_to,vehicle_location_restricted_lane_historic,vehicle_location_restricted_lane,junction_location,skidding_and_overturning,hit_object_in_carriageway,vehicle_leaving_carriageway,hit_object_off_carriageway,first_point_of_impact,vehicle_left_hand_drive,journey_purpose_of_driver_historic,journey_purpose_of_driver,sex_of_driver,age_of_driver,age_band_of_driver,engine_capacity_cc,propulsion_code,age_of_vehicle,generic_make_model,driver_imd_decile,lsoa_of_driver,escooter_flag,driver_distance_banding
2025201595732,2025,201595732,1,9,0,-1,9,6,4,-1,0,5,0,0,0,0,3,1,-1,9,2,56,9,-1,-1,-1,-1,3,E01009209,0,1
2025201595823,2025,201595823,1,9,0,-1,19,6,2,-1,0,0,0,0,0,0,1,1,-1,6,2,21,5,-1,-1,-1,-1,9,E01009457,0,1
2025201595825,2025,201595825,1,9,0,-1,19,1,5,-1,0,0,2,0,0,0,1,1,-1,9,1,25,5,-1,-1,-1,-1,1,E01009097,0,3
2025201595856,2025,201595856,2,19,0,-1,19,2,5,-1,0,0,0,0,0,0,1,1,-1,1,1,45,7,-1,-1,-1,-1,2,E01033887,0,2
2025201595856,2025,201595856,1,9,0,-1,19,5,2,-1,0,0,0,0,0,0,1,1,-1,6,1,35,6,-1,-1,-1,-1,2,E01010001,0,1
2025201595894,2025,201595894,1,9,0,-1,6,8,4,-1,0,0,0,0,0,0,1,9,-1,2,1,30,6,-1,-1,-1,-1,-1,-1,0,-1
2025201595898,2025,201595898,2,9,0,-1,3,2,6,-1,0,8,0,0,0,0,2,9,-1,7,1,-1,-1,-1,-1,-1,-1,1,E01009329,0,1
2025201595898,2025,201595898,1,9,0,-1,19,2,6,-1,0,8,0,0,0,0,1,9,-1,6,3,-1,-1,-1,-1,-1,-1,-1,-1,0,-1
2025201595931,2025,201595931,1,9,0,-1,19,8,4,-1,0,0,0,0,0,0,1,9,-1,6,1,35,6,-1,-1,-1,-1,-1,-1,0,-1
2025201595931,2025,201595931,2,9,0,-1,2,0,0,-1,9,0,0,0,0,0,2,9,-1,9,1,41,7,-1,-1,-1,-1,2,E01009891,0,1
2025201595946,2025,201595946,1,9,0,-1,6,5,2,-1,0,0,0,0,0,0,3,9,-1,6,1,38,7,-1,-1,-1,-1,4,E01008971,0,2
2025201595946,2025,201595946,2,2,0,-1,19,2,5,-1,0,0,0,0,0,0,3,1,-1,9,1,26,6,-1,-1,-1,-1,1,E01034917,0,2
2025201596119,2025,201596119,1,8,0,-1,10,6,2,-1,0,1,0,0,0,0,1,1,-1,6,-1,40,7,-1,-1,-1,-1,-1,-1,0,-1
2025201596227,2025,201596227,1,8,0,-1,19,4,1,-1,0,0,0,0,0,0,1,1,-1,6,1,54,8,-1,-1,-1,-1,1,E01033649,0,1
2025201596227,2025,201596227,2,9,0,-1,7,6,1,-1,0,0,0,0,0,0,1,1,-1,6,1,47,8,-1,-1,-1,-1,1,E01009377,0,1
2025201596417,2025,201596417,1,2,0,-1,19,3,7,-1,0,1,0,0,0,0,1,1,-1,6,1,-1,-1,-1,-1,-1,-1,-1,-1,0,-1
2025201596417,2025,201596417,2,9,0,-1,9,3,7,-1,0,5,0,0,0,0,3,1,-1,1,1,41,7,-1,-1,-1,-1,9,E01019853,0,4
2025201596430,2025,201596430,1,9,0,-1,19,1,5,-1,0,1,0,0,0,0,1,1,-1,6,1,40,7,-1,-1,-1,-1,-1,-1,0,-1
2025201596430,2025,201596430,2,9,0,-1,10,1,5,-1,0,1,0,0,0,0,2,1,-1,6,2,21,5,-1,-1,-1,-1,7,E01009819,0,1
2025201596536,2025,201596536,1,9,0,-1,5,8,4,-1,-1,0,0,0,5,0,1,1,-1,1,1,39,7,-1,-1,-1,-1,1,E01008928,0,2
2025201596571,2025,201596571,1,9,0,-1,19,1,5,-1,9,2,0,10,0,0,1,1,-1,9,2,62,9,-1,-1,-1,-1,7,E01009260,0,1
2025201596654,2025,201596654,1,9,0,-1,19,2,6,-1,0,0,0,0,0,0,1,1,-1,6,1,21,5,-1,-1,-1,-1,6,E01010326,0,3
2025201596654,2025,201596654,2,9,0,-1,19,2,6,-1,0,0,0,0,0,0,3,1,-1,6,1,20,4,-1,-1,-1,-1,9,E01021561,0,5
2025201596712,2025,201596712,2,9,0,-1,19,5,1,-1,0,1,0,0,0,0,2,1,-1,6,1,22,5,-1,-1,-1,-1,1,E01009334,0,1
2025201596712,2025,201596712,1,9,0,-1,19,5,1,-1,0,1,0,0,0,0,1,1,-1,6,1,43,7,-1,-1,-1,-1,3,E01033561,0,1
2025201596788,2025,201596788,1,9,0,-1,14,6,2,-1,0,0,0,0,0,0,3,9,-1,6,1,-1,-1,-1,-1,-1,-1,-1,-1,0,-1
2025201596793,2025,201596793,1,9,0,-1,19,1,7,-1,0,0,0,0,0,0,1,1,-1,6,1,50,8,-1,-1,-1,-1,1,E01010478,0,1
2025201596793,2025,201596793,2,22,0,-1,19,7,3,-1,0,0,0,0,0,0,1,1,-1,6,2,26,6,-1,-1,-1,-1,-1,-1,0,-1
2025201596806,2025,201596806,1,9,0,-1,19,3,7,-1,0,1,0,0,0,0,1,9,-1,6,1,-1,-1,-1,-1,-1,-1,-1,-1,0,-1
2025201596806,2025,201596806,2,9,0,-1,3,3,7,-1,0,1,0,0,0,0,2,1,-1,2,2,46,8,-1,-1,-1,-1,9,E01010332,0,1
2025201596810,2025,201596810,1,9,0,-1,7,2,3,-1,0,5,0,0,0,0,4,9,-1,6,3,-1,-1,-1,-1,-1,-1,-1,-1,0,-1
2025201596810,2025,201596810,2,1,0,-1,19,2,6,-1,0,8,0,0,0,0,1,1,-1,6,1,14,3,-1,-1,-1,-1,1,E01009349,0,1
2025201596831,2025,201596831,1,9,0,-1,4,5,1,-1,0,0,0,0,0,0,1,1,-1,6,1,55,8,-1,-1,-1,-1,2,E01010508,0,1
2025201596836,2025,201596836,1,9,0,-1,9,7,4,-1,0,1,0,0,0,0,1,9,-1,6,1,46,8,-1,-1,-1,-1,1,E01009517,0,1
2025201596836,2025,201596836,3,21,0,-1,19,4,1,-1,0,1,0,0,0,0,1,1,-1,1,1,62,9,-1,-1,-1,-1,-1,-1,0,-1
2025201596836,2025,201596836,2,9,0,-1,4,7,5,-1,0,1,0,0,0,0,1,1,-1,1,1,35,6,-1,-1,-1,-1,-1,-1,0,-1
2025201596850,2025,201596850,1,19,0,-1,9,2,7,-1,0,2,0,0,0,0,3,1,-1,9,1,37,7,-1,-1,-1,-1,4,E01009168,0,1
2025201596850,2025,201596850,2,9,0,-1,13,2,6,-1,0,2,1,0,0,0,1,9,-1,6,3,-1,-1,-1,-1,-1,-1,-1,-1,0,-1
2025201596894,2025,201596894,1,9,0,-1,19,1,5,-1,0,1,0,0,0,0,1,1,-1,6,1,35,6,-1,-1,-1,-1,1,E01009074,0,4
2025201596900,2025,201596900,2,9,0,-1,11,2,7,-1,0,8,0,0,0,0,2,1,-1,9,1,44,7,-1,-1,-1,-1,1,E01009103,0,2
2025201596900,2025,201596900,1,9,0,-1,11,2,7,-1,0,8,0,0,0,0,1,1,-1,9,2,39,7,-1,-1,-1,-1,2,E01009403,0,2
2025201596909,2025,201596909,1,9,0,-1,7,5,7,-1,0,8,0,0,0,0,1,9,-1,6,1,20,4,-1,-1,-1,-1,-1,-1,0,-1
2025201596909,2025,201596909,2,1,0,-1,19,5,1,-1,0,8,0,0,0,0,4,1,-1,2,1,54,8,-1,-1,-1,-1,4,E01009037,0,1
2025201597037,2025,201597037,2,9,0,-1,3,3,7,-1,0,1,0,0,0,0,2,9,-1,9,1,48,8,-1,-1,-1,-1,1,E01009026,0,1
2025201597037,2025,201597037,1,11,0,-1,19,3,7,-1,0,1,0,0,0,0,1,9,-1,1,1,30,6,-1,-1,-1,-1,-1,-1,0,-1
2025201597040,2025,201597040,1,9,0,-1,19,-1,-1,-1,0,-1,0,0,0,0,4,2,-1,9,1,21,5,-1,-1,-1,-1,10,E01010216,0,3
2025201597040,2025,201597040,2,9,0,-1,9,-1,-1,-1,0,8,0,0,-1,0,1,2,-1,6,1,-1,-1,-1,-1,-1,-1,-1,-1,0,-1
2025201597045,2025,201597045,2,9,0,-1,19,3,1,-1,0,0,0,0,0,0,3,1,-1,9,1,29,6,-1,-1,-1,-1,2,E01010071,0,1
2025201597045,2025,201597045,1,9,0,-1,19,3,7,-1,0,0,0,0,0,0,1,1,-1,6,1,27,6,-1,-1,-1,-1,-1,-1,0,-1
2025201597064,2025,201597064,3,9,0,-1,3,1,5,-1,0,8,0,0,0,0,2,1,-1,6,1,-1,-1,-1,-1,-1,-1,-1,-1,0,-1
2025201597064,2025,201597064,1,9,0,-1,19,1,5,-1,0,8,0,0,0,0,1,1,-1,6,1,30,6,-1,-1,-1,-1,2,E01008892,0,2
2025201597064,2025,201597064,2,9,0,-1,3,1,5,-1,0,8,0,0,0,0,2,1,-1,6,2,44,7,-1,-1,-1,-1,10,E01032155,0,3
2025201597066,2025,201597066,2,19,0,-1,19,6,3,-1,0,0,0,0,0,0,3,1,-1,6,1,44,7,-1,-1,-1,-1,5,E01010552,0,3
2025201597066,2025,201597066,1,9,0,-1,19,2,3,-1,0,0,0,0,0,0,1,1,-1,6,1,83,11,-1,-1,-1,-1,4,E01009779,0,2
2025201597069,2025,201597069,2,9,0,-1,8,1,8,-1,0,1,0,0,0,0,2,9,-1,9,2,46,8,-1,-1,-1,-1,6,E01010221,0,1
2025201597069,2025,201597069,1,9,0,-1,4,1,8,-1,0,1,0,0,0,0,1,9,-1,6,2,30,6,-1,-1,-1,-1,-1,-1,0,-1
2025201597086,2025,201597086,2,9,0,-1,19,7,1,-1,0,1,0,0,0,0,4,1,-1,6,1,62,9,-1,-1,-1,-1,2,E01008943,0,1
2025201597086,2025,201597086,1,9,0,-1,19,6,2,-1,0,1,0,0,0,0,1,1,-1,6,3,-1,-1,-1,-1,-1,-1,-1,-1,0,-1
2025201597118,2025,201597118,2,9,0,-1,19,1,5,-1,0,0,0,0,0,0,2,1,-1,6,1,28,6,-1,-1,-1,-1,1,E01034949,0,1
2025201597118,2025,201597118,1,9,0,-1,19,1,5,-1,0,0,0,0,0,0,0,1,-1,6,2,40,7,-1,-1,-1,-1,-1,-1,0,-1
2025201597118,2025,201597118,3,9,0,-1,19,1,5,-1,0,0,0,0,0,0,1,1,-1,6,2,25,5,-1,-1,-1,-1,3,E01029408,0,4
2025201597125,2025,201597125,1,9,0,-1,19,5,1,-1,0,0,0,0,0,0,2,9,-1,9,1,22,5,-1,-1,-1,-1,2,E01010403,0,2
2025201597125,2025,201597125,2,9,0,-1,19,5,1,-1,0,0,0,0,0,0,1,9,-1,6,1,30,6,-1,-1,-1,-1,2,E01010057,0,1
2025201597130,2025,201597130,2,9,0,-1,19,4,8,-1,0,8,0,0,0,0,4,1,-1,9,1,62,9,-1,-1,-1,-1,2,E01008943,0,1
2025201597130,2025,201597130,1,9,0,-1,19,6,2,-1,0,6,0,0,0,0,1,1,-1,6,1,-1,-1,-1,-1,-1,-1,-1,-1,0,-1
2025201597137,2025,201597137,1,9,0,-1,9,8,1,-1,0,0,0,0,0,0,3,1,-1,6,1,21,5,-1,-1,-1,-1,2,E01008883,0,1
2025201597137,2025,201597137,2,9,0,-1,19,2,6,-1,0,0,0,0,0,0,1,1,-1,6,-1,-1,-1,-1,-1,-1,-1,-1,-1,0,-1
2025201597160,2025,201597160,1,9,0,-1,19,1,5,-1,0,0,0,0,0,0,1,1,-1,9,1,53,8,-1,-1,-1,-1,1,E01010095,0,2
2025201597167,2025,201597167,2,9,0,-1,3,6,6,-1,0,0,0,0,0,0,1,1,-1,1,2,55,8,-1,-1,-1,-1,4,E01009280,0,1
2025201597167,2025,201597167,1,9,0,-1,5,6,6,-1,0,0,0,0,0,0,1,9,-1,6,1,35,6,-1,-1,-1,-1,-1,-1,0,-1
2025201597189,2025,201597189,1,9,0,-1,19,7,2,-1,0,0,0,0,0,0,1,9,-1,6,3,-1,-1,-1,-1,-1,-1,-1,-1,0,-1
2025201597189,2025,201597189,2,9,0,-1,3,7,2,-1,0,0,0,0,0,0,2,1,-1,2,2,40,7,-1,-1,-1,-1,1,E01033888,0,2
2025201597211,2025,201597211,1,9,0,-1,19,8,6,-1,0,1,0,0,0,0,1,1,-1,9,1,19,4,-1,-1,-1,-1,4,E01009037,0,1
2025201597211,2025,201597211,2,9,0,-1,19,2,6,-1,0,1,5,0,0,0,3,1,-1,9,2,37,7,-1,-1,-1,-1,10,E01010217,0,2
2025201597247,2025,201597247,2,9,0,-1,19,7,2,-1,0,0,0,0,0,0,1,1,-1,9,1,19,4,-1,-1,-1,-1,1,E01009326,0,1
2025201597247,2025,201597247,1,9,0,-1,19,2,6,-1,0,0,0,0,0,0,1,1,-1,9,1,23,5,-1,-1,-1,-1,7,E01028733,0,4
2025201597292,2025,201597292,1,9,0,-1,19,3,7,-1,0,4,0,0,0,0,3,1,-1,6,1,57,9,-1,-1,-1,-1,-1,-1,0,-1
2025201597292,2025,201597292,2,9,0,-1,19,1,7,-1,0,4,5,0,0,0,3,1,-1,9,1,22,5,-1,-1,-1,-1,1,E01009222,0,2
2025201597450,2025,201597450,1,11,0,-1,19,5,2,-1,0,2,0,0,0,0,1,1,-1,6,-1,-1,-1,-1,-1,-1,-1,-1,-1,0,-1
2025201597563,2025,201597563,2,9,0,-1,10,8,6,-1,0,1,0,0,0,0,3,1,-1,9,1,67,10,-1,-1,-1,-1,1,E01010401,0,1
2025201597563,2025,201597563,1,9,-1,-1,19,6,2,-1,0,8,0,-1,0,0,1,9,-1,6,3,-1,-1,-1,-1,-1,-1,-1,-1,0,-1
2025201597631,2025,201597631,3,90,0,-1,3,6,2,-1,0,0,0,0,0,0,2,1,-1,1,1,37,7,-1,-1,-1,-1,-1,-1,0,-1
2025201597631,2025,201597631,1,9,0,-1,5,6,2,-1,0,0,0,0,0,0,1,1,-1,6,1,36,7,-1,-1,-1,-1,5,E01010118,0,2
2025201597631,2025,201597631,2,9,0,-1,3,6,2,-1,0,0,0,0,0,0,3,1,-1,2,2,63,9,-1,-1,-1,-1,1,E01009517,0,2
2025201597645,2025,201597645,1,9,0,-1,1,4,3,-1,0,2,0,0,0,0,2,1,-1,9,1,40,7,-1,-1,-1,-1,1,E01009401,0,1
2025201597669,2025,201597669,1,9,0,-1,19,5,1,-1,0,0,0,0,0,0,1,1,-1,6,-1,-1,-1,-1,-1,-1,-1,-1,-1,0,-1
2025201597677,2025,201597677,1,9,0,-1,19,1,3,-1,0,0,0,0,0,0,0,1,-1,6,2,18,4,-1,-1,-1,-1,-1,-1,0,-1
2025201597758,2025,201597758,1,9,0,-1,5,5,1,-1,0,1,0,0,0,0,3,1,-1,9,1,73,10,-1,-1,-1,-1,3,E01008924,0,1
2025201597758,2025,201597758,2,9,0,-1,15,2,5,-1,0,8,5,4,0,0,3,1,-1,9,1,67,10,-1,-1,-1,-1,1,E01009155,0,1
2025201597758,2025,201597758,3,9,0,-1,2,0,0,-1,0,2,0,4,0,0,1,1,-1,6,-1,-1,-1,-1,-1,-1,-1,-1,-1,0,-1
2025201597777,2025,201597777,1,9,0,-1,19,5,1,-1,0,8,0,0,0,0,1,1,-1,6,2,30,6,-1,-1,-1,-1,1,E01010340,0,2
2025201597814,2025,201597814,1,8,0,-1,2,0,0,-1,0,0,0,0,0,0,1,1,-1,6,2,54,8,-1,-1,-1,-1,3,E01009242,0,2
2025201597814,2025,201597814,2,9,0,-1,5,7,3,-1,0,0,0,0,0,0,2,1,-1,6,-1,-1,-1,-1,-1,-1,-1,-1,-1,0,-1
2025201597884,2025,201597884,1,9,0,-1,19,2,6,-1,0,1,0,0,0,0,1,1,-1,6,1,-1,-1,-1,-1,-1,-1,-1,-1,0,-1
2025201597884,2025,201597884,2,9,-1,-1,4,2,6,-1,0,1,0,0,0,0,2,9,-1,2,2,51,8,-1,-1,-1,-1,2,E01010312,0,1
2025201597946,2025,201597946,1,9,0,-1,9,6,4,-1,0,5,0,0,0,0,1,1,-1,7,2,44,7,-1,-1,-1,-1,4,E01009030,0,1
2025201597951,2025,201597951,1,9,0,-1,5,7,3,-1,0,1,0,0,0,0,1,1,-1,6,2,65,9,-1,-1,-1,-1,-1,-1,0,-1
2025201597975,2025,201597975,2,9,0,-1,2,0,0,-1,0,0,0,0,0,0,2,1,-1,9,1,60,9,-1,-1,-1,-1,2,E01010446,0,1
2025201597975,2025,201597975,1,9,0,-1,19,5,1,-1,0,0,0,0,0,0,1,9,-1,6,3,-1,-1,-1,-1,-1,-1,-1,-1,0,-1
2025201597976,2025,201597976,1,1,0,-1,19,4,8,-1,9,2,0,0,0,0,1,1,-1,6,1,35,6,-1,-1,-1,-1,-1,-1,0,-1
2025201598052,2025,201598052,1,9,0,-1,10,4,1,-1,0,6,0,0,0,0,4,1,-1,6,2,43,7,-1,-1,-1,-1,4,E01009423,0,1
2025201598068,2025,201598068,2,9,0,-1,19,1,5,-1,0,1,0,0,0,0,1,1,-1,6,3,35,6,-1,-1,-1,-1,-1,-1,0,-1
2025201598068,2025,201598068,1,9,0,-1,3,1,5,-1,0,1,0,0,0,0,2,1,-1,2,2,43,7,-1,-1,-1,-1,2,E01009481,0,1
2025201598219,2025,201598219,1,9,0,-1,19,4,8,-1,0,0,0,0,0,0,1,1,-1,6,1,45,7,-1,-1,-1,-1,-1,-1,0,-1
2025201598227,2025,201598227,1,9,0,-1,19,5,1,-1,0,1,0,0,0,0,1,1,-1,9,2,42,7,-1,-1,-1,-1,10,E01010199,0,1
2025201598326,2025,201598326,3,9,0,-1,3,5,1,-1,0,0,0,0,0,0,2,1,-1,9,1,56,9,-1,-1,-1,-1,-1,-1,0,-1
2025201598326,2025,201598326,2,19,0,-1,3,5,1,-1,0,0,0,0,0,0,2,1,-1,1,1,55,8,-1,-1,-1,-1,-1,-1,0,-1
2025201598326,2025,201598326,1,9,0,-1,3,5,1,-1,0,0,0,0,0,0,2,1,-1,6,2,22,5,-1,-1,-1,-1,7,E01009811,0,3
2025201598326,2025,201598326,4,20,0,-1,4,5,1,-1,0,0,1,4,0,0,1,1,-1,1,1,54,8,-1,-1,-1,-1,-1,-1,0,-1
2025201598341,2025,201598341,1,9,0,-1,19,5,1,-1,0,8,0,0,0,0,1,1,-1,2,1,20,4,-1,-1,-1,-1,10,E01009670,0,1
2025201598341,2025,201598341,2,9,0,-1,19,7,3,-1,0,8,1,0,0,0,2,1,-1,2,2,37,7,-1,-1,-1,-1,3,E01009701,0,1
2025201598355,2025,201598355,1,21,1,-1,5,5,1,-1,0,0,0,0,0,0,1,1,-1,1,1,41,7,-1,-1,-1,-1,2,E01010567,0,3
2025201598359,2025,201598359,2,9,0,-1,19,3,5,-1,0,0,0,0,0,0,3,1,-1,9,1,22,5,-1,-1,-1,-1,2,E01009317,0,1
2025201598359,2025,201598359,1,9,0,-1,19,8,4,-1,9,0,1,0,7,3,1,9,-1,6,3,16,4,-1,-1,-1,-1,-1,-1,0,-1
2025201598381,2025,201598381,3,9,0,-1,3,2,2,-1,0,0,0,0,0,0,2,1,-1,6,1,59,9,-1,-1,-1,-1,1,E01010445,0,2
2025201598381,2025,201598381,1,9,0,-1,19,6,2,-1,0,0,0,0,0,0,1,9,-1,6,1,44,7,-1,-1,-1,-1,7,E01009474,0,2
2025201598381,2025,201598381,4,9,0,-1,3,2,2,-1,0,0,0,0,0,0,2,1,-1,6,2,58,9,-1,-1,-1,-1,1,E01009965,0,1
2025201598381,2025,201598381,2,9,0,-1,3,2,2,-1,0,0,0,0,0,0,2,1,-1,6,1,31,6,-1,-1,-1,-1,2,E01010335,0,1
2025201598402,2025,201598402,1,8,0,-1,19,3,7,-1,0,0,0,0,0,0,1,1,-1,1,1,40,7,-1,-1,-1,-1,-1,-1,0,-1
2025201598404,2025,201598404,2,9,0,-1,19,8,5,-1,0,1,0,0,0,0,1,1,-1,1,1,44,7,-1,-1,-1,-1,9,W01002036,0,5
2025201598404,2025,201598404,1,9,0,-1,9,1,1,-1,0,6,0,0,0,0,1,1,-1,9,1,20,4,-1,-1,-1,-1,1,E01008918,0,2
2025201598436,2025,201598436,2,9,0,-1,4,1,5,-1,0,0,0,0,0,0,2,9,-1,9,1,34,6,-1,-1,-1,-1,3,E01010007,0,1
2025201598436,2025,201598436,1,9,0,-1,12,1,5,-1,0,0,0,0,0,0,1,9,-1,6,1,50,8,-1,-1,-1,-1,-1,-1,0,-1
2025201598440,2025,201598440,1,9,0,-1,19,6,2,-1,0,7,0,0,0,0,1,9,-1,6,1,41,7,-1,-1,-1,-1,2,E01009933,0,2
2025201598440,2025,201598440,2,9,0,-1,19,6,2,-1,0,7,0,0,0,0,2,9,-1,2,1,29,6,-1,-1,-1,-1,7,E01009737,0,2
2025201598450,2025,201598450,2,8,0,-1,19,1,5,-1,0,1,0,0,0,0,3,1,-1,1,1,32,6,-1,-1,-1,-1,4,E01009313,0,1
2025201598450,2025,201598450,1,9,0,-1,9,3,5,-1,0,6,0,0,0,0,1,1,-1,6,1,25,5,-1,-1,-1,-1,-1,-1,0,-1
2025201598455,2025,201598455,1,9,0,-1,4,5,1,-1,0,0,0,0,0,0,1,1,-1,2,1,63,9,-1,-1,-1,-1,6,E01032436,0,4
2025201598455,2025,201598455,2,9,0,-1,4,5,1,-1,0,0,0,0,0,0,2,1,-1,1,2,54,8,-1,-1,-1,-1,8,E01034316,0,3
2025201598463,2025,201598463,2,8,0,-1,19,5,2,-1,0,8,0,0,0,0,3,1,-1,1,1,41,7,-1,-1,-1,-1,2,E01009566,0,1
2025201598463,2025,201598463,1,9,0,-1,11,5,2,-1,0,8,0,0,0,0,4,1,-1,6,1,40,7,-1,-1,-1,-1,-1,-1,0,-1
2025201598534,2025,201598534,1,9,0,-1,19,1,6,-1,0,8,0,0,0,0,3,9,-1,6,3,55,8,-1,-1,-1,-1,-1,-1,0,-1
2025201598534,2025,201598534,2,9,0,-1,8,1,4,-1,0,3,0,0,0,0,4,1,-1,9,2,37,7,-1,-1,-1,-1,6,E01010043,0,1
2025201598546,2025,201598546,1,9,0,-1,19,4,8,-1,0,1,1,7,1,0,1,1,-1,6,2,22,5,-1,-1,-1,-1,10,E01010205,0,2
2025201598563,2025,201598563,1,19,0,-1,19,2,6,-1,0,0,0,0,0,0,1,1,-1,2,1,49,8,-1,-1,-1,-1,1,E01010410,0,2
2025201598567,2025,201598567,2,1,0,-1,19,6,2,-1,4,0,0,0,0,0,1,1,-1,2,1,23,5,-1,-1,-1,-1,2,E01034746,0,1
2025201598567,2025,201598567,1,9,0,-1,5,6,2,-1,0,0,0,0,0,0,1,1,-1,6,3,-1,-1,-1,-1,-1,-1,-1,-1,0,-1
2025201598598,2025,201598598,2,9,0,-1,4,3,6,-1,0,0,0,0,0,0,2,1,-1,6,1,-1,-1,-1,-1,-1,-1,-1,-1,0,-1
2025201598598,2025,201598598,1,9,0,-1,4,3,7,-1,0,0,0,4,1,0,2,1,-1,1,1,65,9,-1,-1,-1,-1,-1,-1,0,-1
2025201598679,2025,201598679,1,9,0,-1,19,3,4,-1,0,0,0,0,1,3,1,1,-1,9,2,39,7,-1,-1,-1,-1,5,E01009797,0,1
2025201598757,2025,201598757,1,9,0,-1,7,8,3,-1,0,5,0,0,0,0,4,1,-1,9,2,35,6,-1,-1,-1,-1,2,E01010061,0,1
2025201598781,2025,201598781,1,1,0,-1,7,5,7,-1,0,2,0,0,0,0,1,1,-1,2,1,63,9,-1,-1,-1,-1,2,E01009006,0,1
2025201598856,2025,201598856,1,9,0,-1,19,7,3,-1,0,2,0,0,0,0,1,2,-1,6,1,55,8,-1,-1,-1,-1,-1,-1,0,-1
2025201598889,2025,201598889,1,98,0,-1,19,7,6,-1,0,8,0,0,0,0,1,1,-1,6,1,31,6,-1,-1,-1,-1,2,E01010535,0,3
2025201598889,2025,201598889,2,9,0,-1,19,5,1,-1,0,8,0,0,0,0,2,1,-1,6,1,33,6,-1,-1,-1,-1,3,E01008924,0,1
2025201598914,2025,201598914,1,9,0,-1,4,1,7,-1,0,0,0,0,0,0,2,1,-1,9,1,51,8,-1,-1,-1,-1,6,E01010534,0,1
2025201598920,2025,201598920,1,9,0,-1,19,5,1,-1,0,1,0,0,0,0,1,1,-1,6,1,25,5,-1,-1,-1,-1,-1,-1,0,-1
2025201598998,2025,201598998,1,9,0,-1,5,3,7,-1,0,1,0,0,0,0,1,1,-1,1,2,39,7,-1,-1,-1,-1,-1,-1,0,-1
2025201599015,2025,201599015,1,9,0,-1,4,2,6,-1,0,0,0,0,0,0,2,1,-1,2,1,24,5,-1,-1,-1,-1,1,E01009564,0,1
2025201599015,2025,201599015,2,9,0,-1,19,2,6,-1,0,0,0,0,0,0,1,9,-1,6,3,30,6,-1,-1,-1,-1,-1,-1,0,-1
2025201599032,2025,201599032,1,9,0,-1,6,3,7,-1,0,0,1,0,0,0,4,1,-1,2,1,39,7,-1,-1,-1,-1,4,E01009863,0,3
2025201599032,2025,201599032,3,9,0,-1,2,0,0,-1,0,0,0,0,0,0,4,1,-1,6,-1,-1,-1,-1,-1,-1,-1,-1,-1,0,-1
2025201599032,2025,201599032,2,9,0,-1,19,3,7,-1,0,0,0,4,0,0,1,1,-1,2,2,51,8,-1,-1,-1,-1,4,E01010467,0,1
2025201599032,2025,201599032,5,19,0,-1,2,0,0,-1,0,0,0,0,0,0,2,1,-1,6,-1,-1,-1,-1,-1,-1,-1,-1,-1,0,-1
2025201599032,2025,201599032,4,9,0,-1,2,0,0,-1,0,0,1,4,0,0,1,1,-1,6,-1,-1,-1,-1,-1,-1,-1,-1,-1,0,-1
2025201599098,2025,201599098,1,9,0,-1,19,1,5,-1,0,1,0,0,0,0,1,1,-1,6,3,-1,-1,-1,-1,-1,-1,-1,-1,0,-1
2025201599144,2025,201599144,1,9,0,-1,12,1,5,-1,0,1,0,0,0,0,3,1,-1,6,1,27,6,-1,-1,-1,-1,1,E01009889,0,1
2025201599144,2025,201599144,2,9,0,-1,19,1,5,-1,0,1,0,0,0,0,4,1,-1,9,2,35,6,-1,-1,-1,-1,4,E01010006,0,1
2025201599186,2025,201599186,1,9,0,-1,19,4,8,-1,0,0,0,0,0,0,3,1,-1,6,3,-1,-1,-1,-1,-1,-1,-1,-1,0,-1
2025201599186,2025,201599186,2,9,0,-1,19,8,4,-1,0,0,0,0,0,0,3,1,-1,9,2,35,6,-1,-1,-1,-1,2,E01009014,0,1
2025201599209,2025,201599209,2,9,0,-1,19,8,6,-1,0,8,0,0,0,0,3,1,-1,2,1,54,8,-1,-1,-1,-1,2,E01009865,0,1
2025201599209,2025,201599209,1,9,0,-1,7,8,4,-1,0,8,0,0,0,0,4,1,-1,2,1,28,6,-1,-1,-1,-1,7,E01034937,0,3
2025201599248,2025,201599248,1,9,0,-1,19,1,1,-1,0,0,1,0,0,0,1,1,-1,6,1,40,7,-1,-1,-1,-1,1,E01034917,0,1
2025201599248,2025,201599248,3,9,0,-1,19,5,5,-1,0,0,0,0,0,0,2,1,-1,6,2,21,5,-1,-1,-1,-1,-1,-1,0,-1
2025201599248,2025,201599248,2,9,0,-1,19,5,5,-1,0,0,0,0,0,0,1,1,-1,6,1,51,8,-1,-1,-1,-1,-1,-1,0,-1
2025201599289,2025,201599289,1,9,0,-1,19,2,6,-1,0,2,1,0,0,0,3,1,-1,9,1,53,8,-1,-1,-1,-1,-1,-1,0,-1
2025201599289,2025,201599289,2,9,0,-1,9,8,4,-1,0,6,0,10,0,0,1,1,-1,9,2,19,4,-1,-1,-1,-1,-1,-1,0,-1
2025201599328,2025,201599328,1,9,0,-1,14,6,2,-1,0,0,0,0,0,0,1,1,-1,6,2,41,7,-1,-1,-1,-1,-1,-1,0,-1
2025201599375,2025,201599375,2,9,0,-1,19,3,7,-1,0,0,0,0,0,0,2,1,-1,6,3,-1,-1,-1,-1,-1,-1,-1,-1,0,-1
2025201599375,2025,201599375,1,9,0,-1,19,3,8,-1,0,0,0,0,0,0,1,1,-1,6,3,-1,-1,-1,-1,-1,-1,-1,-1,0,-1