collision_index,collision_year,collision_ref_no,vehicle_reference,vehicle_type,towing_and_articulation,vehicle_manoeuvre_historic,vehicle_manoeuvre,vehicle_direction_from,vehicle_direction_to,vehicle_location_restricted_lane_historic,vehicle_location_restricted_lane,junction_location,skidding_and_overturning,hit_object_in_carriageway,vehicle_leaving_carriageway,hit_object_off_carriageway,first_point_of_impact,vehicle_left_hand_drive,journey_purpose_of_driver_historic,journey_purpose_of_driver,sex_of_driver,age_of_driver,age_band_of_driver,engine_capacity_cc,propulsion_code,age_of_vehicle,generic_make_model,driver_imd_decile,lsoa_of_driver,escooter_flag,driver_distance_banding
2025201602800,2025,201602800,2,9,0,-1,1,5,2,-1,0,0,0,0,0,0,3,1,-1,6,2,52,8,-1,-1,-1,-1,5,E01010418,0,1
2025201602836,2025,201602836,2,9,0,-1,15,4,1,-1,0,1,0,0,0,0,1,1,-1,9,1,23,5,-1,-1,-1,-1,5,E01032589,0,1
2025201602836,2025,201602836,1,9,0,-1,9,1,7,-1,0,5,0,0,0,0,3,1,-1,9,1,24,5,-1,-1,-1,-1,5,E01009031,0,1
2025201602869,2025,201602869,1,9,0,-1,19,3,7,-1,0,0,0,0,0,0,3,1,-1,9,1,76,11,-1,-1,-1,-1,6,E01009207,0,2
2025201602884,2025,201602884,1,97,0,-1,5,5,3,-1,9,0,0,0,0,0,0,1,-1,6,-1,-1,-1,-1,-1,-1,-1,-1,-1,0,-1
2025201602940,2025,201602940,2,9,0,-1,9,3,1,-1,0,8,0,0,0,0,1,1,-1,6,1,29,6,-1,-1,-1,-1,1,E01009482,0,1
2025201602940,2025,201602940,1,9,0,-1,19,7,3,-1,0,8,0,0,0,0,1,1,-1,6,1,25,5,-1,-1,-1,-1,3,E01009086,0,1
2025201602944,2025,201602944,2,9,0,-1,9,4,1,-1,0,8,0,0,7,0,1,1,-1,6,2,29,6,-1,-1,-1,-1,1,E01009270,0,2
2025201602944,2025,201602944,1,8,0,-1,5,1,4,-1,0,8,0,0,3,0,3,1,-1,1,1,45,7,-1,-1,-1,-1,3,E01009140,0,2
2025201602964,2025,201602964,1,9,0,-1,19,1,5,-1,0,0,1,0,7,11,1,2,-1,9,1,18,4,-1,-1,-1,-1,6,E01010114,0,1
2025201602971,2025,201602971,1,9,0,-1,19,5,1,-1,0,0,0,4,0,0,1,1,-1,6,-1,30,6,-1,-1,-1,-1,-1,-1,0,-1
2025201602971,2025,201602971,2,9,0,-1,4,5,1,-1,0,0,0,0,0,0,2,1,-1,6,1,28,6,-1,-1,-1,-1,-1,-1,0,-1
2025201602993,2025,201602993,1,9,0,-1,19,1,5,-1,0,8,0,0,0,0,1,9,-1,2,1,30,6,-1,-1,-1,-1,1,E01009354,0,3
2025201602993,2025,201602993,2,8,0,-1,19,7,3,-1,0,8,0,0,0,0,4,9,-1,1,1,34,6,-1,-1,-1,-1,1,E01009477,0,1
2025201603003,2025,201603003,1,9,0,-1,9,7,4,-1,9,0,2,4,1,0,1,1,-1,9,1,21,5,-1,-1,-1,-1,1,E01009514,0,1
2025201603003,2025,201603003,2,98,0,-1,2,7,7,-1,9,0,0,0,0,0,2,1,-1,6,-1,-1,-1,-1,-1,-1,-1,-1,-1,0,-1
2025201603007,2025,201603007,1,9,0,-1,19,7,1,-1,0,0,0,0,2,0,1,1,-1,9,1,72,10,-1,-1,-1,-1,8,E01009812,0,1
2025201603007,2025,201603007,2,9,0,-1,2,1,4,-1,9,0,0,0,0,0,2,1,-1,6,-1,-1,-1,-1,-1,-1,-1,-1,-1,0,-1
2025201603007,2025,201603007,3,9,0,-1,2,4,3,-1,9,0,0,0,0,0,4,1,-1,6,-1,-1,-1,-1,-1,-1,-1,-1,-1,0,-1
2025201603037,2025,201603037,1,9,0,-1,7,6,6,-1,0,6,0,0,0,0,1,1,-1,6,1,23,5,-1,-1,-1,-1,-1,-1,0,-1
2025201603044,2025,201603044,1,9,0,-1,2,0,0,-1,0,0,0,0,0,0,1,1,-1,6,3,-1,-1,-1,-1,-1,-1,-1,-1,0,-1
2025201603044,2025,201603044,2,9,0,-1,19,2,6,-1,0,0,0,0,0,0,2,1,-1,9,2,37,7,-1,-1,-1,-1,1,E01009182,0,1
2025201603084,2025,201603084,2,9,0,-1,19,2,6,-1,0,0,0,0,0,0,2,2,-1,9,2,39,7,-1,-1,-1,-1,-1,-1,0,-1
2025201603084,2025,201603084,1,9,0,-1,19,2,7,-1,2,0,1,0,1,0,1,2,-1,2,1,51,8,-1,-1,-1,-1,-1,-1,0,-1
2025201603117,2025,201603117,2,9,0,-1,3,4,2,-1,0,1,0,0,0,0,4,1,-1,6,1,31,6,-1,-1,-1,-1,8,E01009472,0,1
2025201603117,2025,201603117,1,9,0,-1,7,4,3,-1,0,1,0,0,0,0,3,9,-1,6,1,40,7,-1,-1,-1,-1,-1,-1,0,-1
2025201603144,2025,201603144,2,9,0,-1,2,0,0,-1,0,0,0,0,0,0,4,1,-1,6,2,39,7,-1,-1,-1,-1,2,E01010335,0,1
2025201603144,2025,201603144,1,9,0,-1,19,4,2,-1,0,0,0,0,0,0,1,1,-1,6,1,-1,-1,-1,-1,-1,-1,-1,-1,0,-1
2025201603207,2025,201603207,1,9,0,-1,8,7,3,-1,0,1,0,0,0,0,1,1,-1,9,1,73,10,-1,-1,-1,-1,2,E01010555,0,1
2025201603207,2025,201603207,2,9,0,-1,9,3,8,-1,0,5,0,0,0,0,1,1,-1,6,1,25,5,-1,-1,-1,-1,2,E01010563,0,1
2025201603231,2025,201603231,1,5,0,-1,9,1,3,-1,0,0,0,0,0,0,1,1,-1,6,1,41,7,-1,-1,-1,-1,1,E01009129,0,1
2025201603231,2025,201603231,2,9,0,-1,19,1,5,-1,0,0,1,0,0,0,3,1,-1,6,1,35,6,-1,-1,-1,-1,-1,-1,0,-1
2025201603232,2025,201603232,1,9,0,-1,19,6,2,-1,0,0,0,0,0,0,1,1,-1,6,2,20,4,-1,-1,-1,-1,1,E01009081,0,1
2025201603282,2025,201603282,1,9,0,-1,19,8,4,-1,0,1,0,0,0,0,1,1,-1,9,1,22,5,-1,-1,-1,-1,-1,-1,0,-1
2025201603285,2025,201603285,4,9,0,-1,2,1,1,-1,0,8,1,4,0,0,2,1,-1,6,-1,-1,-1,-1,-1,-1,-1,-1,-1,0,-1
2025201603285,2025,201603285,1,9,0,-1,9,3,1,-1,0,8,1,4,0,0,4,1,-1,9,2,29,6,-1,-1,-1,-1,2,E01009499,0,1
2025201603285,2025,201603285,6,9,0,-1,2,1,1,-1,0,8,0,0,0,0,1,1,-1,6,-1,-1,-1,-1,-1,-1,-1,-1,-1,0,-1
2025201603285,2025,201603285,2,9,0,-1,19,6,1,-1,0,8,1,4,0,0,1,1,-1,9,1,21,5,-1,-1,-1,-1,2,E01034945,0,1
2025201603285,2025,201603285,3,19,0,-1,2,1,1,-1,0,1,0,0,0,0,2,1,-1,6,-1,-1,-1,-1,-1,-1,-1,-1,-1,0,-1
2025201603285,2025,201603285,5,9,0,-1,2,1,1,-1,0,8,0,4,0,0,1,1,-1,6,-1,-1,-1,-1,-1,-1,-1,-1,-1,0,-1
2025201603364,2025,201603364,1,9,0,-1,14,1,5,-1,0,0,0,0,0,0,1,9,-1,6,3,-1,-1,-1,-1,-1,-1,-1,-1,0,-1
2025201603364,2025,201603364,2,9,0,-1,3,1,5,-1,0,0,0,0,0,0,3,1,-1,6,2,30,6,-1,-1,-1,-1,2,E01010039,0,1
2025201603431,2025,201603431,1,9,0,-1,19,3,7,-1,0,0,0,0,0,0,1,1,-1,6,1,59,9,-1,-1,-1,-1,8,E01009800,0,1
2025201603475,2025,201603475,2,9,0,-1,19,6,2,-1,0,8,0,0,0,0,1,1,-1,1,2,47,8,-1,-1,-1,-1,1,E01010062,0,2
2025201603475,2025,201603475,1,9,0,-1,19,2,6,-1,0,8,0,0,0,0,1,1,-1,6,1,-1,-1,-1,-1,-1,-1,-1,-1,0,-1
2025201603514,2025,201603514,1,9,0,-1,19,3,7,-1,0,8,0,0,0,0,1,1,-1,6,3,55,8,-1,-1,-1,-1,-1,-1,0,-1
2025201603514,2025,201603514,2,9,0,-1,19,3,7,-1,0,8,0,0,0,0,1,1,-1,1,1,33,6,-1,-1,-1,-1,1,E01009326,0,1
2025201603574,2025,201603574,1,9,0,-1,19,1,5,-1,0,0,0,0,0,0,3,1,-1,6,2,50,8,-1,-1,-1,-1,4,E01010402,0,3
2025201603574,2025,201603574,2,9,0,-1,2,5,5,-1,0,0,0,0,0,0,0,1,-1,9,2,36,7,-1,-1,-1,-1,1,E01009259,0,1
2025201603600,2025,201603600,1,9,0,-1,9,5,2,-1,0,0,0,0,0,0,4,2,-1,9,1,78,11,-1,-1,-1,-1,1,E01009494,0,1
2025201603645,2025,201603645,1,9,0,-1,9,8,6,-1,0,8,0,0,0,0,4,1,-1,6,1,47,8,-1,-1,-1,-1,6,E01010221,0,1
2025201603645,2025,201603645,2,9,0,-1,19,6,2,-1,0,1,0,0,0,0,1,1,-1,6,2,40,7,-1,-1,-1,-1,6,E01032590,0,1
2025201603713,2025,201603713,2,5,0,-1,19,6,5,-1,0,0,0,0,7,0,4,1,-1,9,1,32,6,-1,-1,-1,-1,1,E01009215,0,1
2025201603713,2025,201603713,1,9,0,-1,19,2,5,-1,0,0,0,0,0,0,1,1,-1,9,2,46,8,-1,-1,-1,-1,1,E01009384,0,2
2025201603716,2025,201603716,1,9,0,-1,13,4,8,-1,0,0,0,0,0,0,4,1,-1,6,1,58,9,-1,-1,-1,-1,1,E01010421,0,1
2025201603716,2025,201603716,2,9,0,-1,19,4,8,-1,0,0,0,0,0,0,4,1,-1,6,1,67,10,-1,-1,-1,-1,2,E01010312,0,1
2025201603771,2025,201603771,1,9,0,-1,19,7,4,-1,0,0,0,0,0,0,3,1,-1,9,2,43,7,-1,-1,-1,-1,8,E01010134,0,1
2025201603773,2025,201603773,2,9,0,-1,11,5,1,-1,0,0,1,0,0,0,3,2,-1,6,2,19,4,-1,-1,-1,-1,1,E01009021,0,2
2025201603773,2025,201603773,1,9,0,-1,19,5,1,-1,0,0,1,10,4,0,1,1,-1,6,1,22,5,-1,-1,-1,-1,1,E01009274,0,1
2025201603785,2025,201603785,1,19,0,-1,19,7,3,-1,0,0,0,0,0,0,1,1,-1,1,1,66,10,-1,-1,-1,-1,3,E01010007,0,1
2025201603818,2025,201603818,1,9,0,-1,13,7,4,-1,9,0,1,10,1,0,3,1,-1,2,1,25,5,-1,-1,-1,-1,-1,-1,0,-1
2025201603842,2025,201603842,1,9,0,-1,19,6,2,-1,0,1,0,0,0,0,1,1,-1,6,3,-1,-1,-1,-1,-1,-1,-1,-1,0,-1
2025201603842,2025,201603842,2,-1,0,-1,19,6,2,-1,0,1,0,0,0,0,2,1,-1,6,1,57,9,-1,-1,-1,-1,5,E01009284,1,1
2025201603862,2025,201603862,2,98,0,-1,19,1,5,-1,0,6,0,0,4,0,3,1,-1,1,1,41,7,-1,-1,-1,-1,1,E01008940,0,3
2025201603862,2025,201603862,1,9,0,-1,19,7,3,-1,0,1,0,0,0,0,1,1,-1,2,1,33,6,-1,-1,-1,-1,2,E01009509,0,2
2025201603928,2025,201603928,1,9,0,-1,5,1,3,-1,0,0,0,0,0,0,3,9,-1,6,3,-1,-1,-1,-1,-1,-1,-1,-1,0,-1
2025201603928,2025,201603928,2,9,0,-1,19,3,4,-1,0,0,0,0,0,0,4,9,-1,1,1,47,8,-1,-1,-1,-1,2,E01010441,0,1
2025201603953,2025,201603953,1,9,0,-1,9,7,5,-1,0,5,0,10,0,0,3,1,-1,6,3,-1,-1,-1,-1,-1,-1,-1,-1,0,-1
2025201603962,2025,201603962,1,9,0,-1,19,3,7,-1,0,0,0,0,0,0,1,9,-1,6,1,50,8,-1,-1,-1,-1,2,E01009075,0,2
2025201603962,2025,201603962,2,9,0,-1,9,5,1,-1,0,0,0,0,0,0,4,9,-1,6,1,25,5,-1,-1,-1,-1,5,E01009791,0,3
2025201603997,2025,201603997,1,9,0,-1,9,1,8,-1,0,8,0,0,0,0,3,1,-1,6,2,41,7,-1,-1,-1,-1,-1,-1,0,-1
2025201604007,2025,201604007,2,9,0,-1,19,5,5,-1,0,5,0,11,0,0,3,1,-1,9,1,25,5,-1,-1,-1,-1,3,E01010422,0,1
2025201604007,2025,201604007,1,20,0,-1,19,5,5,-1,0,8,1,11,4,4,2,1,-1,1,1,46,8,-1,-1,-1,-1,1,E01010363,0,2
2025201604163,2025,201604163,1,9,0,-1,19,7,3,-1,0,6,0,0,0,0,3,1,-1,6,1,44,7,-1,-1,-1,-1,4,E01010015,0,1
2025201604163,2025,201604163,2,9,0,-1,19,5,1,-1,0,1,0,0,0,0,1,1,-1,6,2,29,6,-1,-1,-1,-1,1,E01034306,0,1
2025201604214,2025,201604214,1,19,0,-1,20,1,5,-1,9,5,0,0,0,0,2,1,-1,1,1,67,10,-1,-1,-1,-1,2,E01008987,0,1
2025201604320,2025,201604320,1,9,0,-1,19,3,7,-1,0,0,0,0,0,0,1,1,-1,9,1,44,7,-1,-1,-1,-1,1,E01034309,0,1
2025201604360,2025,201604360,2,9,0,-1,15,4,8,-1,0,0,0,0,0,0,1,1,-1,6,2,30,6,-1,-1,-1,-1,1,E01009300,0,2
2025201604360,2025,201604360,1,9,0,-1,1,8,4,-1,0,0,0,0,0,0,2,1,-1,6,2,20,4,-1,-1,-1,-1,-1,-1,0,-1
2025201604394,2025,201604394,1,9,0,-1,19,8,4,-1,0,0,0,0,0,0,1,1,-1,6,2,38,7,-1,-1,-1,-1,1,E01010375,0,3
2025201604459,2025,201604459,1,9,0,-1,19,4,1,-1,0,8,0,0,0,0,1,1,-1,6,2,40,7,-1,-1,-1,-1,-1,-1,0,-1
2025201604459,2025,201604459,2,9,0,-1,19,4,1,-1,0,8,0,0,0,0,2,1,-1,6,1,34,6,-1,-1,-1,-1,3,E01009087,0,1
2025201604481,2025,201604481,1,9,0,-1,5,6,2,-1,0,1,0,0,0,0,1,1,-1,6,1,36,7,-1,-1,-1,-1,1,E01034935,0,1
2025201604481,2025,201604481,2,23,0,-1,19,6,2,-1,0,1,0,0,0,0,1,1,-1,6,1,58,9,-1,-1,-1,-1,2,E01009095,0,1
2025201604489,2025,201604489,3,9,0,-1,19,2,6,-1,0,0,0,0,0,0,3,1,-1,1,2,33,6,-1,-1,-1,-1,6,E01032263,0,3
2025201604489,2025,201604489,1,9,0,-1,19,2,6,-1,0,0,0,0,0,0,2,1,-1,6,1,69,10,-1,-1,-1,-1,9,E01032125,0,2
2025201604489,2025,201604489,2,3,0,-1,19,2,6,-1,0,0,0,0,0,0,2,1,-1,9,1,28,6,-1,-1,-1,-1,4,E01009293,0,1
2025201604502,2025,201604502,1,9,0,-1,14,7,4,-1,0,1,0,0,0,0,4,1,-1,1,2,30,6,-1,-1,-1,-1,1,E01010266,0,1
2025201604518,2025,201604518,1,9,0,-1,9,1,7,-1,0,2,0,0,0,0,1,1,-1,6,2,43,7,-1,-1,-1,-1,-1,-1,0,-1
2025201604518,2025,201604518,2,9,0,-1,19,7,4,-1,0,1,0,0,0,0,4,1,-1,6,2,32,6,-1,-1,-1,-1,-1,-1,0,-1
2025201604518,2025,201604518,3,9,0,-1,2,5,5,-1,9,1,0,0,0,0,1,1,-1,6,1,28,6,-1,-1,-1,-1,-1,-1,0,-1
2025201604585,2025,201604585,2,1,0,-1,3,4,2,-1,0,0,0,0,0,0,2,1,-1,6,2,56,9,-1,-1,-1,-1,7,E01032136,0,2
2025201604585,2025,201604585,1,9,0,-1,19,6,2,-1,0,0,0,0,0,0,1,1,-1,6,3,30,6,-1,-1,-1,-1,-1,-1,0,-1
2025201604592,2025,201604592,1,9,0,-1,19,3,7,-1,0,0,0,0,0,0,1,1,-1,1,1,50,8,-1,-1,-1,-1,1,E01009485,0,1
2025201604678,2025,201604678,2,9,0,-1,19,1,5,-1,0,1,0,0,0,0,4,1,-1,9,1,17,4,-1,-1,-1,-1,-1,-1,0,-1
2025201604678,2025,201604678,1,3,0,-1,19,3,7,-1,0,6,0,0,0,0,1,1,-1,9,1,18,4,-1,-1,-1,-1,-1,-1,0,-1
2025201604738,2025,201604738,1,9,0,-1,7,4,6,-1,0,1,0,0,0,0,1,1,-1,9,2,27,6,-1,-1,-1,-1,2,E01032538,0,3
2025201604738,2025,201604738,2,1,0,-1,19,6,2,-1,0,2,5,0,0,0,4,1,-1,9,1,71,10,-1,-1,-1,-1,10,E01010212,0,1
2025201604740,2025,201604740,1,9,0,-1,19,5,1,-1,0,1,0,0,0,0,1,1,-1,6,1,-1,-1,-1,-1,-1,-1,1,E01009259,0,1
2025201604743,2025,201604743,1,9,0,-1,15,7,5,-1,0,0,0,0,0,0,4,1,-1,9,2,55,8,-1,-1,-1,-1,1,E01008962,0,1
2025201604754,2025,201604754,1,1,0,-1,19,8,4,-1,0,1,0,0,0,0,1,1,-1,6,1,25,5,-1,-1,-1,-1,1,E01009028,0,1
2025201604754,2025,201604754,2,19,0,-1,19,8,4,-1,0,1,0,0,0,0,2,1,-1,6,1,26,6,-1,-1,-1,-1,5,E01009946,0,3
2025201604755,2025,201604755,1,3,0,-1,19,8,4,-1,0,8,0,0,0,0,1,1,-1,6,-1,-1,-1,-1,-1,-1,-1,-1,-1,0,-1
2025201604755,2025,201604755,2,9,0,-1,9,7,6,-1,0,2,0,0,0,0,3,1,-1,9,1,46,8,-1,-1,-1,-1,1,E01009372,0,1
2025201604758,2025,201604758,2,9,0,-1,19,6,2,-1,0,0,0,4,0,0,1,1,-1,6,1,42,7,-1,-1,-1,-1,1,E01009979,0,1
2025201604758,2025,201604758,1,9,0,-1,3,6,2,-1,0,0,0,0,0,0,2,1,-1,6,2,19,4,-1,-1,-1,-1,2,E01010044,0,1
2025201604758,2025,201604758,3,9,0,-1,3,6,2,-1,0,0,0,0,0,0,2,1,-1,6,1,51,8,-1,-1,-1,-1,1,E01010067,0,1
2025201604771,2025,201604771,3,9,0,-1,3,4,8,-1,0,1,0,0,0,0,2,1,-1,2,1,38,7,-1,-1,-1,-1,1,E01008884,0,3
2025201604771,2025,201604771,2,9,0,-1,3,4,8,-1,0,1,0,0,0,0,2,1,-1,6,1,61,9,-1,-1,-1,-1,1,E01032331,0,4
2025201604771,2025,201604771,1,20,0,-1,19,4,8,-1,0,1,0,0,0,0,1,1,-1,1,1,27,6,-1,-1,-1,-1,7,E01032901,0,4
2025201604783,2025,201604783,2,9,0,-1,3,4,8,-1,0,0,0,0,0,0,2,1,-1,2,1,51,8,-1,-1,-1,-1,2,E01010481,0,1
2025201604783,2025,201604783,1,9,0,-1,13,4,8,-1,0,0,5,0,0,0,1,1,-1,6,1,34,6,-1,-1,-1,-1,1,E01010473,0,1
2025201604787,2025,201604787,1,9,0,-1,19,7,4,-1,0,0,0,7,0,0,1,1,-1,2,2,59,9,-1,-1,-1,-1,1,E01009028,0,1
2025201604874,2025,201604874,1,9,0,-1,19,0,0,-1,0,0,0,0,0,0,1,1,-1,9,1,53,8,-1,-1,-1,-1,8,E01010540,0,1
2025201604916,2025,201604916,2,3,0,-1,19,5,1,-1,0,1,0,0,0,0,2,1,-1,6,1,24,5,-1,-1,-1,-1,4,E01034741,0,1
2025201604916,2025,201604916,1,9,0,-1,19,5,1,-1,0,1,0,0,0,0,1,1,-1,6,1,31,6,-1,-1,-1,-1,1,E01009622,0,1
2025201604958,2025,201604958,2,9,0,-1,19,1,4,-1,0,0,0,0,0,0,1,1,-1,6,1,16,4,-1,-1,-1,-1,-1,-1,0,-1
2025201604958,2025,201604958,1,9,0,-1,19,1,4,-1,0,0,0,0,0,0,2,1,-1,6,1,36,7,-1,-1,-1,-1,2,E01010313,0,2
2025201604985,2025,201604985,1,9,0,-1,14,7,3,-1,0,0,0,0,0,0,1,1,-1,6,1,35,6,-1,-1,-1,-1,-1,-1,0,-1
2025201604985,2025,201604985,2,9,0,-1,19,3,6,-1,0,0,0,0,0,0,1,1,-1,1,1,62,9,-1,-1,-1,-1,1,E01009376,0,2
2025201605171,2025,201605171,1,9,0,-1,19,5,1,-1,0,0,0,0,0,0,4,1,-1,9,1,45,7,-1,-1,-1,-1,-1,-1,0,-1
2025201605196,2025,201605196,2,9,0,-1,19,5,1,-1,0,0,0,0,0,0,1,1,-1,9,1,60,9,-1,-1,-1,-1,4,E01009423,0,2
2025201605196,2025,201605196,1,9,0,-1,19,1,5,-1,0,0,0,0,0,0,1,1,-1,6,2,39,7,-1,-1,-1,-1,9,E01009463,0,1
2025201605262,2025,201605262,1,9,0,-1,19,4,6,-1,0,1,0,0,0,0,1,1,-1,1,1,43,7,-1,-1,-1,-1,1,E01008910,0,2
2025201605262,2025,201605262,2,5,0,-1,19,1,7,-1,0,1,1,0,0,0,1,1,-1,2,1,52,8,-1,-1,-1,-1,1,E01009093,0,1
2025201605279,2025,201605279,1,9,0,-1,19,6,2,-1,0,0,0,0,0,0,1,1,-1,6,1,37,7,-1,-1,-1,-1,4,E01009186,0,2
2025201605427,2025,201605427,2,9,0,-1,7,8,2,-1,0,6,0,0,0,0,1,1,-1,6,1,26,6,-1,-1,-1,-1,-1,-1,0,-1
2025201605427,2025,201605427,1,9,0,-1,19,5,2,-1,0,1,0,0,0,0,1,1,-1,6,1,26,6,-1,-1,-1,-1,-1,-1,0,-1
2025201605455,2025,201605455,1,9,0,-1,19,8,4,-1,0,0,5,7,0,0,4,1,-1,6,1,25,5,-1,-1,-1,-1,8,E01028539,0,4
2025201605455,2025,201605455,2,19,0,-1,3,8,4,-1,0,0,0,0,0,0,3,1,-1,6,1,49,8,-1,-1,-1,-1,9,E01032886,0,1
2025201605472,2025,201605472,1,9,0,-1,19,1,5,-1,0,1,0,0,0,0,4,1,-1,2,2,30,6,-1,-1,-1,-1,-1,-1,0,-1
2025201605472,2025,201605472,2,9,0,-1,19,7,3,-1,0,1,0,0,0,0,1,1,-1,6,1,22,5,-1,-1,-1,-1,-1,-1,0,-1
2025201605498,2025,201605498,2,9,0,-1,10,7,5,-1,0,1,0,0,0,0,3,1,-1,2,2,53,8,-1,-1,-1,-1,9,E01029661,0,1
2025201605498,2025,201605498,1,9,0,-1,9,5,3,-1,0,2,0,0,0,0,1,1,-1,6,1,40,7,-1,-1,-1,-1,4,E01010510,0,1
2025201605544,2025,201605544,2,19,0,-1,19,2,5,-1,0,8,0,0,0,0,1,1,-1,1,1,58,9,-1,-1,-1,-1,4,E01009518,0,2
2025201605544,2025,201605544,1,9,0,-1,19,1,5,-1,0,8,0,0,0,0,4,1,-1,1,1,47,8,-1,-1,-1,-1,-1,-1,0,-1
2025201605562,2025,201605562,1,9,0,-1,19,5,1,-1,0,0,0,0,0,0,1,1,-1,2,1,57,9,-1,-1,-1,-1,-1,-1,0,-1
2025201605609,2025,201605609,2,9,0,-1,8,4,6,-1,0,6,0,0,0,0,3,1,-1,9,1,42,7,-1,-1,-1,-1,6,E01029395,0,4
2025201605609,2025,201605609,1,9,0,-1,19,2,6,-1,0,8,0,10,1,0,1,1,-1,9,1,52,8,-1,-1,-1,-1,4,E01026898,0,5
2025201605621,2025,201605621,1,8,0,-1,19,3,7,-1,0,8,0,0,0,0,1,1,-1,1,1,33,6,-1,-1,-1,-1,2,E01009575,0,1
2025201605648,2025,201605648,1,9,0,-1,7,1,3,-1,0,6,0,0,0,0,1,1,-1,2,1,43,7,-1,-1,-1,-1,7,E01009474,0,1
2025201605681,2025,201605681,1,9,0,-1,19,3,7,-1,0,0,0,0,0,0,3,1,-1,6,1,29,6,-1,-1,-1,-1,-1,-1,0,-1
2025201605688,2025,201605688,1,9,0,-1,19,2,6,-1,0,0,0,4,7,11,4,1,-1,6,1,26,6,-1,-1,-1,-1,6,E01010133,0,1
2025201605688,2025,201605688,2,9,0,-1,2,0,0,-1,0,0,0,0,0,0,2,1,-1,6,-1,-1,-1,-1,-1,-1,-1,-1,-1,0,-1
2025201605690,2025,201605690,1,9,0,-1,19,3,7,-1,0,0,0,0,0,0,1,1,-1,6,1,45,7,-1,-1,-1,-1,3,E01009674,0,1
2025201605725,2025,201605725,1,9,0,-1,19,7,3,-1,0,6,0,0,0,0,1,1,-1,6,1,39,7,-1,-1,-1,-1,2,E01009263,0,1
2025201605725,2025,201605725,2,9,0,-1,9,7,5,-1,0,6,0,0,0,0,1,1,-1,6,1,24,5,-1,-1,-1,-1,10,E01010150,0,3
2025201605772,2025,201605772,2,9,0,-1,19,7,3,-1,0,8,1,0,0,0,3,1,-1,9,2,30,6,-1,-1,-1,-1,3,E01009950,0,2
2025201605772,2025,201605772,1,19,0,-1,9,3,1,-1,0,8,0,0,7,0,4,1,-1,1,1,33,6,-1,-1,-1,-1,2,E01010025,0,1
2025201605781,2025,201605781,1,9,0,-1,7,6,1,-1,0,1,0,0,0,0,4,1,-1,6,3,30,6,-1,-1,-1,-1,-1,-1,0,-1
2025201605781,2025,201605781,2,9,0,-1,19,6,2,-1,0,1,0,0,0,0,3,1,-1,9,1,43,7,-1,-1,-1,-1,2,E01034312,0,4
2025201605837,2025,201605837,1,20,0,-1,15,5,1,-1,0,0,0,0,0,0,1,9,-1,6,3,-1,-1,-1,-1,-1,-1,-1,-1,0,-1
2025201605837,2025,201605837,2,9,0,-1,19,5,1,-1,0,0,0,0,0,0,3,1,-1,9,2,24,5,-1,-1,-1,-1,3,E01005465,0,5
2025201605843,2025,201605843,1,1,0,-1,19,1,3,-1,0,0,0,0,0,0,1,1,-1,6,1,-1,-1,-1,-1,-1,-1,-1,-1,0,-1
2025201605847,2025,201605847,2,9,0,-1,19,1,1,-1,0,8,1,0,0,0,4,9,-1,2,2,23,5,-1,-1,-1,-1,2,E01032435,0,3
2025201605847,2025,201605847,1,9,0,-1,19,1,1,-1,0,1,0,0,0,0,1,9,-1,6,1,30,6,-1,-1,-1,-1,-1,-1,0,-1
2025201605854,2025,201605854,1,8,0,-1,4,3,7,-1,0,0,0,0,0,0,1,1,-1,6,1,37,7,-1,-1,-1,-1,1,E01034928,0,1
2025201605861,2025,201605861,2,9,0,-1,19,4,4,-1,0,1,0,0,0,0,1,1,-1,9,2,24,5,-1,-1,-1,-1,8,E01010357,0,1
2025201605861,2025,201605861,1,9,0,-1,19,8,4,-1,0,1,0,0,0,0,1,1,-1,9,1,75,10,-1,-1,-1,-1,1,E01009137,0,1
2025201605881,2025,201605881,1,9,0,-1,19,5,1,-1,0,1,0,0,0,0,1,1,-1,9,1,34,6,-1,-1,-1,-1,7,E01010360,0,1
2025201605881,2025,201605881,2,-1,0,-1,9,7,3,-1,0,6,0,0,0,0,1,1,-1,6,1,15,3,-1,-1,-1,-1,8,E01010357,1,1
2025201605903,2025,201605903,1,9,0,-1,9,5,3,-1,0,8,5,7,0,0,1,1,-1,6,1,-1,-1,-1,-1,-1,-1,-1,-1,0,-1
2025201605991,2025,201605991,1,9,0,-1,19,6,2,-1,0,0,0,0,0,0,1,9,-1,6,1,33,6,-1,-1,-1,-1,-1,-1,0,-1
2025201605991,2025,201605991,2,9,0,-1,19,4,6,-1,0,0,0,0,0,0,2,1,-1,6,2,46,8,-1,-1,-1,-1,-1,-1,0,-1
2025201605998,2025,201605998,1,97,0,-1,19,1,3,-1,9,0,1,0,1,0,1,1,-1,6,1,17,4,-1,-1,-1,-1,-1,-1,0,-1
2025201606012,2025,201606012,1,9,0,-1,14,5,1,-1,0,1,0,0,0,0,1,1,-1,9,1,20,4,-1,-1,-1,-1,2,E01033642,0,1
2025201606023,2025,201606023,2,9,0,-1,19,2,6,-1,0,8,0,0,0,0,1,1,-1,6,1,54,8,-1,-1,-1,-1,2,E01009980,0,1
2025201606023,2025,201606023,1,9,0,-1,19,8,4,-1,0,8,0,0,0,0,1,1,-1,6,1,65,9,-1,-1,-1,-1,2,E01009986,0,1
2025201606026,2025,201606026,1,8,0,-1,19,8,2,-1,0,8,0,0,0,0,1,1,-1,9,1,55,8,-1,-1,-1,-1,-1,-1,0,-1
2025201606050,2025,201606050,1,9,0,-1,19,2,6,-1,0,0,0,0,0,0,1,1,-1,6,1,38,7,-1,-1,-1,-1,3,E01009071,0,1