collision_index,collision_year,collision_ref_no,vehicle_reference,vehicle_type,towing_and_articulation,vehicle_manoeuvre_historic,vehicle_manoeuvre,vehicle_direction_from,vehicle_direction_to,vehicle_location_restricted_lane_historic,vehicle_location_restricted_lane,junction_location,skidding_and_overturning,hit_object_in_carriageway,vehicle_leaving_carriageway,hit_object_off_carriageway,first_point_of_impact,vehicle_left_hand_drive,journey_purpose_of_driver_historic,journey_purpose_of_driver,sex_of_driver,age_of_driver,age_band_of_driver,engine_capacity_cc,propulsion_code,age_of_vehicle,generic_make_model,driver_imd_decile,lsoa_of_driver,escooter_flag,driver_distance_banding
2025201606051,2025,201606051,2,9,0,-1,19,4,8,-1,0,8,0,0,0,0,2,1,-1,6,2,30,6,-1,-1,-1,-1,4,E01009218,0,1
2025201606051,2025,201606051,1,9,0,-1,19,8,4,-1,0,8,0,0,0,0,1,1,-1,6,2,40,7,-1,-1,-1,-1,6,E01009217,0,1
2025201606052,2025,201606052,1,9,0,-1,19,2,6,-1,0,3,0,0,0,0,1,1,-1,6,1,22,5,-1,-1,-1,-1,-1,-1,0,-1
2025201606075,2025,201606075,2,9,0,-1,19,4,8,-1,0,1,0,0,0,0,3,1,-1,9,1,59,9,-1,-1,-1,-1,4,E01009825,0,2
2025201606075,2025,201606075,1,9,0,-1,9,8,1,-1,0,1,0,0,0,0,1,1,-1,6,3,30,6,-1,-1,-1,-1,-1,-1,0,-1
2025201606077,2025,201606077,2,5,0,-1,19,5,1,-1,0,8,5,0,0,0,1,1,-1,9,1,22,5,-1,-1,-1,-1,1,E01032888,0,1
2025201606077,2025,201606077,1,19,0,-1,9,3,1,-1,0,8,0,0,0,0,2,1,-1,2,1,57,9,-1,-1,-1,-1,2,E01009969,0,1
2025201606084,2025,201606084,1,9,0,-1,19,2,6,-1,0,0,0,0,0,0,4,1,-1,2,1,25,5,-1,-1,-1,-1,1,E01010372,0,1
2025201606205,2025,201606205,2,98,1,-1,19,2,4,-1,0,8,0,0,0,0,0,1,-1,1,1,37,7,-1,-1,-1,-1,-1,-1,0,-1
2025201606205,2025,201606205,1,9,0,-1,19,2,6,-1,0,8,0,0,0,0,4,1,-1,9,1,51,8,-1,-1,-1,-1,2,E01010335,0,1
2025201606221,2025,201606221,1,9,0,-1,19,1,5,-1,0,0,0,0,0,0,1,9,-1,6,1,40,7,-1,-1,-1,-1,3,E01009621,0,1
2025201606221,2025,201606221,2,9,0,-1,19,1,5,-1,0,0,0,0,0,0,2,9,-1,6,2,40,7,-1,-1,-1,-1,7,E01009550,0,1
2025201606227,2025,201606227,1,9,0,-1,19,8,2,-1,0,0,0,0,0,0,1,1,-1,6,2,-1,-1,-1,-1,-1,-1,-1,-1,0,-1
2025201606227,2025,201606227,2,9,0,-1,3,8,2,-1,0,0,0,0,0,0,2,1,-1,6,2,30,6,-1,-1,-1,-1,4,E01032282,0,4
2025201606307,2025,201606307,1,23,0,-1,19,1,5,-1,9,8,0,4,0,0,1,1,-1,9,1,30,6,-1,-1,-1,-1,1,E01010416,0,1
2025201606307,2025,201606307,2,9,0,-1,2,0,0,-1,0,1,0,0,0,0,1,1,-1,6,2,51,8,-1,-1,-1,-1,-1,-1,0,-1
2025201606311,2025,201606311,1,9,0,-1,19,5,1,-1,0,1,0,0,0,0,2,1,-1,1,1,33,6,-1,-1,-1,-1,7,E01030548,0,5
2025201606311,2025,201606311,2,9,0,-1,9,8,8,-1,0,1,0,0,0,0,1,1,-1,6,2,30,6,-1,-1,-1,-1,-1,-1,0,-1
2025201606346,2025,201606346,2,9,0,-1,9,2,6,-1,0,6,0,0,0,0,1,1,-1,6,2,19,4,-1,-1,-1,-1,8,E01009812,0,2
2025201606346,2025,201606346,1,9,0,-1,19,5,1,-1,0,6,0,0,0,0,1,1,-1,6,-1,-1,-1,-1,-1,-1,-1,-1,-1,0,-1
2025201606366,2025,201606366,1,9,0,-1,19,5,1,-1,0,0,0,0,0,0,1,1,-1,6,3,25,5,-1,-1,-1,-1,-1,-1,0,-1
2025201606390,2025,201606390,1,9,0,-1,19,4,8,-1,0,8,0,0,0,0,1,1,-1,6,-1,-1,-1,-1,-1,-1,-1,-1,-1,0,-1
2025201606396,2025,201606396,1,9,0,-1,19,6,2,-1,0,8,0,0,0,0,1,1,-1,6,1,65,9,-1,-1,-1,-1,4,E01008994,0,2
2025201606406,2025,201606406,1,9,0,-1,5,2,3,-1,0,0,0,0,0,0,1,1,-1,2,2,44,7,-1,-1,-1,-1,3,E01009071,0,1
2025201606425,2025,201606425,1,9,0,-1,19,6,6,-1,0,1,0,0,0,0,1,1,-1,2,2,25,5,-1,-1,-1,-1,6,E01032457,0,4
2025201606425,2025,201606425,2,9,0,-1,19,4,8,-1,0,1,0,0,0,0,0,9,-1,6,3,-1,-1,-1,-1,-1,-1,-1,-1,0,-1
2025201606440,2025,201606440,1,9,0,-1,9,3,1,-1,0,8,0,0,0,0,4,1,-1,6,1,55,8,-1,-1,-1,-1,-1,-1,0,-1
2025201606457,2025,201606457,2,9,0,-1,5,2,8,-1,0,0,0,0,0,0,2,1,-1,9,1,63,9,-1,-1,-1,-1,5,E01008975,0,1
2025201606457,2025,201606457,1,9,0,-1,5,2,8,-1,0,0,0,0,0,0,1,1,-1,9,3,30,6,-1,-1,-1,-1,-1,-1,0,-1
2025201606463,2025,201606463,1,9,0,-1,19,1,5,-1,0,0,0,0,0,0,4,9,-1,6,1,40,7,-1,-1,-1,-1,-1,-1,0,-1
2025201606551,2025,201606551,1,11,0,-1,19,2,6,-1,0,1,0,0,0,0,4,1,-1,6,1,62,9,-1,-1,-1,-1,2,E01010474,0,1
2025201606569,2025,201606569,1,9,0,-1,4,7,3,-1,0,2,0,0,0,0,1,1,-1,6,2,30,6,-1,-1,-1,-1,2,E01009151,0,1
2025201606581,2025,201606581,3,9,0,-1,19,5,1,-1,0,0,0,7,0,0,2,9,-1,9,2,26,6,-1,-1,-1,-1,10,E01029663,0,4
2025201606581,2025,201606581,1,20,0,-1,19,1,5,-1,0,0,1,0,6,0,1,9,-1,9,1,53,8,-1,-1,-1,-1,2,E01010562,0,3
2025201606581,2025,201606581,2,9,0,-1,19,1,5,-1,0,0,0,0,5,0,1,9,-1,9,1,24,5,-1,-1,-1,-1,4,E01006001,0,5
2025201606770,2025,201606770,1,9,0,-1,19,7,3,-1,0,1,0,0,0,0,1,9,-1,6,1,21,5,-1,-1,-1,-1,1,E01009192,0,1
2025201606785,2025,201606785,3,8,0,-1,2,0,0,-1,9,0,0,0,0,0,3,1,-1,6,-1,-1,-1,-1,-1,-1,-1,-1,-1,0,-1
2025201606785,2025,201606785,1,9,0,-1,19,7,3,-1,9,0,0,4,1,0,1,1,-1,9,1,61,9,-1,-1,-1,-1,3,E01010149,0,1
2025201606785,2025,201606785,2,9,0,-1,2,0,0,-1,9,0,0,0,0,0,2,1,-1,6,-1,-1,-1,-1,-1,-1,-1,-1,-1,0,-1
2025201606866,2025,201606866,1,99,0,-1,19,1,5,-1,0,0,0,0,0,0,0,9,-1,6,3,30,6,-1,-1,-1,-1,-1,-1,0,-1
2025201606968,2025,201606968,1,9,0,-1,19,7,3,-1,0,0,0,0,0,0,1,9,-1,6,3,-1,-1,-1,-1,-1,-1,-1,-1,0,-1
2025201607053,2025,201607053,1,9,0,-1,19,3,7,-1,0,2,1,0,0,0,1,1,-1,9,1,44,7,-1,-1,-1,-1,6,E01010079,0,1
2025201607053,2025,201607053,2,9,0,-1,9,7,3,-1,0,5,0,0,0,0,1,1,-1,9,2,40,7,-1,-1,-1,-1,5,E01009923,0,1
2025201607168,2025,201607168,3,9,0,-1,19,4,8,-1,0,0,0,0,0,0,1,1,-1,6,-1,-1,-1,-1,-1,-1,-1,-1,-1,0,-1
2025201607168,2025,201607168,2,9,0,-1,15,8,8,-1,0,0,0,0,0,0,1,1,-1,6,2,54,8,-1,-1,-1,-1,-1,-1,0,-1
2025201607168,2025,201607168,1,8,0,-1,9,3,4,-1,0,0,0,0,0,0,1,1,-1,6,1,51,8,-1,-1,-1,-1,-1,-1,0,-1
2025201607171,2025,201607171,1,9,0,-1,19,8,4,-1,0,1,0,0,0,0,1,1,-1,6,1,38,7,-1,-1,-1,-1,1,E01009173,0,1
2025201607171,2025,201607171,2,9,0,-1,19,8,4,-1,0,1,0,0,0,0,2,1,-1,6,2,41,7,-1,-1,-1,-1,6,E01009207,0,1
2025201607201,2025,201607201,1,9,0,-1,4,3,7,-1,0,0,0,0,0,0,2,1,-1,9,1,38,7,-1,-1,-1,-1,-1,-1,0,-1
2025201607201,2025,201607201,2,9,0,-1,5,3,7,-1,0,0,0,0,0,0,1,1,-1,6,1,25,5,-1,-1,-1,-1,-1,-1,0,-1
2025201607204,2025,201607204,1,9,0,-1,19,5,1,-1,9,0,0,0,1,11,1,1,-1,9,2,78,11,-1,-1,-1,-1,6,E01032591,0,1
2025201607260,2025,201607260,1,9,0,-1,19,4,8,-1,0,0,0,0,0,0,3,1,-1,9,2,62,9,-1,-1,-1,-1,3,E01009876,0,1
2025201607260,2025,201607260,2,11,0,-1,5,4,8,-1,0,0,0,0,0,0,3,1,-1,1,1,60,9,-1,-1,-1,-1,1,E01009753,0,2
2025201607296,2025,201607296,2,9,0,-1,12,7,3,-1,0,5,0,0,0,0,3,1,-1,2,2,40,7,-1,-1,-1,-1,5,E01009289,0,1
2025201607296,2025,201607296,1,9,0,-1,5,1,1,-1,0,1,0,0,0,0,1,1,-1,9,1,28,6,-1,-1,-1,-1,1,E01009053,0,2
2025201607298,2025,201607298,1,9,0,-1,19,5,3,-1,0,1,0,0,0,0,1,1,-1,9,2,46,8,-1,-1,-1,-1,1,E01033894,0,2
2025201607298,2025,201607298,2,9,0,-1,19,6,2,-1,0,1,0,0,0,0,1,1,-1,9,1,29,6,-1,-1,-1,-1,2,E01010061,0,2
2025201607354,2025,201607354,1,9,0,-1,10,4,6,-1,0,8,0,0,0,0,1,1,-1,6,1,77,11,-1,-1,-1,-1,2,E01010338,0,1
2025201607354,2025,201607354,2,9,0,-1,9,7,4,-1,0,5,0,0,0,0,1,1,-1,6,1,50,8,-1,-1,-1,-1,3,E01010324,0,1
2025201607389,2025,201607389,2,9,0,-1,15,1,1,-1,0,6,0,0,0,0,1,9,-1,6,3,24,5,-1,-1,-1,-1,-1,-1,0,-1
2025201607389,2025,201607389,1,9,0,-1,5,1,5,-1,0,7,0,0,0,0,1,1,-1,2,2,24,5,-1,-1,-1,-1,-1,-1,0,-1
2025201607433,2025,201607433,2,9,0,-1,19,5,1,-1,0,8,0,0,0,0,3,9,-1,6,3,35,6,-1,-1,-1,-1,-1,-1,0,-1
2025201607433,2025,201607433,1,1,0,-1,19,5,1,-1,0,8,0,0,1,0,4,1,-1,6,1,24,5,-1,-1,-1,-1,1,E01033638,0,1
2025201607440,2025,201607440,1,8,0,-1,19,5,1,-1,0,8,0,0,0,0,1,9,-1,6,3,-1,-1,-1,-1,-1,-1,-1,-1,0,-1
2025201607472,2025,201607472,1,9,0,-1,19,2,7,-1,0,0,0,0,0,0,1,9,-1,6,1,26,6,-1,-1,-1,-1,-1,-1,0,-1
2025201607472,2025,201607472,2,9,0,-1,7,1,4,-1,0,0,0,0,0,0,3,1,-1,9,2,42,7,-1,-1,-1,-1,1,E01009361,0,1
2025201607479,2025,201607479,1,9,0,-1,9,4,2,-1,0,5,0,0,0,0,1,1,-1,9,1,50,8,-1,-1,-1,-1,1,E01009143,0,1
2025201607503,2025,201607503,2,9,0,-1,4,1,5,-1,0,4,0,0,0,0,2,1,-1,2,1,47,8,-1,-1,-1,-1,4,E01009077,0,2
2025201607503,2025,201607503,1,98,0,-1,19,1,5,-1,0,4,0,0,0,0,1,1,-1,6,1,40,7,-1,-1,-1,-1,-1,-1,0,-1
2025201607504,2025,201607504,1,8,0,-1,2,1,5,-1,0,0,0,0,0,0,0,2,-1,1,1,52,8,-1,-1,-1,-1,2,E01010420,0,2
2025201607562,2025,201607562,1,9,0,-1,13,8,4,-1,0,0,0,0,0,0,4,1,-1,6,3,-1,-1,-1,-1,-1,-1,1,E01009334,0,1
2025201607562,2025,201607562,2,8,0,-1,3,8,4,-1,0,0,0,0,0,0,3,1,-1,6,1,34,6,-1,-1,-1,-1,1,E01009326,0,1
2025201607563,2025,201607563,1,18,-1,-1,9,8,6,-1,1,1,0,0,0,0,1,1,-1,6,3,-1,-1,-1,-1,-1,-1,-1,-1,0,-1
2025201607618,2025,201607618,2,9,0,-1,3,8,2,-1,0,0,0,0,0,0,3,1,-1,7,1,41,7,-1,-1,-1,-1,2,E01010508,0,1
2025201607618,2025,201607618,1,9,0,-1,19,4,4,-1,0,0,0,0,0,0,3,1,-1,7,1,65,9,-1,-1,-1,-1,2,E01010428,0,1
2025201607634,2025,201607634,1,9,0,-1,19,3,6,-1,0,0,0,0,0,0,1,1,-1,6,1,18,4,-1,-1,-1,-1,9,E01009826,0,1
2025201607652,2025,201607652,2,19,0,-1,19,2,6,-1,0,0,0,0,0,0,3,1,-1,7,2,35,6,-1,-1,-1,-1,2,E01010097,0,1
2025201607652,2025,201607652,1,9,0,-1,10,3,1,-1,9,0,0,0,0,0,4,1,-1,7,1,45,7,-1,-1,-1,-1,4,E01010252,0,3
2025201607690,2025,201607690,1,9,0,-1,19,6,2,-1,0,0,1,4,1,0,1,1,-1,6,1,24,5,-1,-1,-1,-1,-1,-1,0,-1
2025201607690,2025,201607690,2,9,0,-1,19,6,2,-1,0,0,0,0,0,0,0,9,-1,6,1,25,5,-1,-1,-1,-1,-1,-1,0,-1
2025201607690,2025,201607690,3,19,0,-1,2,0,0,-1,0,0,0,0,0,0,1,1,-1,1,1,29,6,-1,-1,-1,-1,7,E01031099,0,4
2025201607699,2025,201607699,1,11,0,-1,19,4,8,-1,2,0,0,0,0,0,4,1,-1,1,1,55,8,-1,-1,-1,-1,1,E01010340,0,2
2025201607699,2025,201607699,2,9,0,-1,11,1,1,-1,2,0,0,0,0,0,3,1,-1,6,3,35,6,-1,-1,-1,-1,-1,-1,0,-1
2025201607718,2025,201607718,2,1,0,-1,5,5,1,-1,5,1,0,0,0,0,2,1,-1,9,1,45,7,-1,-1,-1,-1,-1,-1,0,-1
2025201607718,2025,201607718,1,9,0,-1,7,1,2,-1,0,1,0,0,0,0,1,1,-1,9,1,82,11,-1,-1,-1,-1,-1,-1,0,-1
2025201607729,2025,201607729,1,19,0,-1,5,7,3,-1,0,0,0,0,0,0,1,1,-1,1,1,31,6,-1,-1,-1,-1,2,E01009842,0,1
2025201607737,2025,201607737,1,9,0,-1,19,8,4,-1,0,0,0,0,0,0,3,1,-1,6,3,-1,-1,-1,-1,-1,-1,-1,-1,0,-1
2025201607738,2025,201607738,2,9,0,-1,19,3,7,-1,0,4,0,0,0,0,4,1,-1,9,1,22,5,-1,-1,-1,-1,-1,-1,0,-1
2025201607738,2025,201607738,1,9,0,-1,19,5,1,-1,0,4,0,0,0,0,1,1,-1,9,2,18,4,-1,-1,-1,-1,3,E01010491,0,3
2025201607750,2025,201607750,1,9,0,-1,19,5,1,-1,0,0,0,10,1,11,1,2,-1,9,2,40,7,-1,-1,-1,-1,1,E01010148,0,1
2025201607814,2025,201607814,2,1,0,-1,19,1,5,-1,0,8,5,0,0,0,4,1,-1,6,1,60,9,-1,-1,-1,-1,-1,-1,0,-1
2025201607814,2025,201607814,1,9,0,-1,19,3,7,-1,0,1,0,0,0,0,1,1,-1,6,2,30,6,-1,-1,-1,-1,5,E01032589,0,2
2025201607816,2025,201607816,1,9,-1,-1,-1,-1,-1,-1,-1,0,-1,-1,-1,0,1,9,-1,6,1,-1,-1,-1,-1,-1,-1,-1,-1,0,-1
2025201607816,2025,201607816,2,8,-1,-1,-1,-1,-1,-1,-1,0,-1,-1,-1,0,2,1,-1,1,1,45,7,-1,-1,-1,-1,4,E01009229,0,2
2025201607823,2025,201607823,1,21,0,-1,19,5,7,-1,0,0,0,0,0,0,1,9,-1,6,1,29,6,-1,-1,-1,-1,-1,-1,0,-1
2025201607823,2025,201607823,2,21,0,-1,2,0,0,-1,0,0,0,0,0,0,2,1,-1,6,1,29,6,-1,-1,-1,-1,-1,-1,0,-1
2025201607823,2025,201607823,3,21,0,-1,2,0,0,-1,0,0,0,0,0,0,2,1,-1,6,1,42,7,-1,-1,-1,-1,2,E01009940,0,2
2025201607839,2025,201607839,2,9,0,-1,2,0,0,-1,0,0,0,0,0,0,2,9,-1,6,1,56,9,-1,-1,-1,-1,2,E01010405,0,2
2025201607839,2025,201607839,1,9,0,-1,5,4,8,-1,0,0,0,0,0,0,1,9,-1,6,1,-1,-1,-1,-1,-1,-1,-1,-1,0,-1
2025201607929,2025,201607929,2,9,0,-1,19,1,2,-1,0,6,0,0,0,0,1,1,-1,6,-1,-1,-1,-1,-1,-1,-1,-1,-1,0,-1
2025201607929,2025,201607929,1,9,0,-1,19,1,2,-1,0,8,0,0,0,0,1,1,-1,6,2,59,9,-1,-1,-1,-1,3,E01009458,0,2
2025201607941,2025,201607941,2,9,0,-1,19,7,3,-1,0,0,0,0,0,0,2,1,-1,9,2,36,7,-1,-1,-1,-1,4,E01009012,0,1
2025201607941,2025,201607941,1,9,0,-1,19,7,3,-1,0,0,0,0,0,0,1,1,-1,6,2,44,7,-1,-1,-1,-1,1,E01033646,0,2
2025201607955,2025,201607955,1,99,0,-1,5,5,3,-1,5,0,0,0,7,0,1,1,-1,6,2,-1,-1,-1,-1,-1,-1,-1,-1,0,-1
2025201607985,2025,201607985,1,23,0,-1,19,6,2,-1,0,0,0,0,0,0,4,1,-1,9,3,-1,-1,-1,-1,-1,-1,-1,-1,0,-1
2025201607985,2025,201607985,2,9,0,-1,13,6,2,-1,0,0,0,0,0,0,2,9,-1,6,3,-1,-1,-1,-1,-1,-1,-1,-1,0,-1
2025201608034,2025,201608034,1,9,0,-1,9,5,3,-1,0,0,0,0,0,0,1,2,-1,9,2,30,6,-1,-1,-1,-1,1,E01010485,0,1
2025201608034,2025,201608034,2,1,0,-1,19,1,5,-1,0,0,0,0,0,0,4,1,-1,9,1,9,2,-1,-1,-1,-1,1,E01010485,0,1
2025201608086,2025,201608086,1,9,0,-1,8,6,5,-1,0,8,0,0,0,0,4,1,-1,9,1,70,10,-1,-1,-1,-1,2,E01008939,0,1
2025201608118,2025,201608118,1,9,0,-1,19,7,3,-1,0,0,1,7,1,0,4,1,-1,2,1,36,7,-1,-1,-1,-1,4,E01029836,0,4
2025201608205,2025,201608205,2,19,0,-1,19,7,2,-1,0,8,0,0,0,0,3,1,-1,6,-1,30,6,-1,-1,-1,-1,-1,-1,0,-1
2025201608205,2025,201608205,1,9,0,-1,19,4,8,-1,0,3,0,0,0,0,1,1,-1,2,1,56,9,-1,-1,-1,-1,1,E01009062,0,3
2025201608237,2025,201608237,1,9,0,-1,19,7,3,-1,0,0,0,0,0,0,2,1,-1,6,2,37,7,-1,-1,-1,-1,2,E01009054,0,1
2025201608237,2025,201608237,2,9,0,-1,4,7,3,-1,0,0,0,0,0,0,0,1,-1,9,2,37,7,-1,-1,-1,-1,1,E01009060,0,1
2025201608285,2025,201608285,1,9,0,-1,5,1,5,-1,0,8,0,0,0,0,1,9,-1,6,1,20,4,-1,-1,-1,-1,-1,-1,0,-1
2025201608290,2025,201608290,1,9,0,-1,19,3,7,-1,0,0,0,0,0,0,4,9,-1,6,1,-1,-1,-1,-1,-1,-1,-1,-1,0,-1
2025201608290,2025,201608290,2,9,0,-1,9,1,5,-1,0,0,0,0,9,0,3,9,-1,6,2,43,7,-1,-1,-1,-1,1,E01033895,0,1
2025201608303,2025,201608303,2,9,0,-1,19,2,6,-1,0,0,0,0,0,0,2,1,-1,1,1,54,8,-1,-1,-1,-1,7,E01009722,0,1
2025201608303,2025,201608303,1,99,0,-1,19,2,6,-1,0,0,0,0,0,0,1,9,-1,6,3,-1,-1,-1,-1,-1,-1,-1,-1,0,-1
2025201608304,2025,201608304,1,9,0,-1,13,5,1,-1,0,1,0,0,0,0,1,1,-1,9,1,30,6,-1,-1,-1,-1,-1,-1,0,-1
2025201608304,2025,201608304,2,9,0,-1,4,5,1,-1,0,1,0,0,0,0,2,1,-1,9,1,28,6,-1,-1,-1,-1,4,E01009139,0,1
2025201608321,2025,201608321,1,9,0,-1,19,4,8,-1,0,1,0,0,0,0,1,1,-1,6,1,31,6,-1,-1,-1,-1,5,E01033559,0,1
2025201608335,2025,201608335,1,9,0,-1,4,1,5,-1,0,0,0,4,0,0,1,1,-1,9,2,36,7,-1,-1,-1,-1,2,E01034947,0,1
2025201608335,2025,201608335,3,9,0,-1,4,1,5,-1,0,0,0,0,0,0,2,1,-1,9,1,46,8,-1,-1,-1,-1,7,E01033625,0,1
2025201608335,2025,201608335,2,9,0,-1,19,1,5,-1,0,0,0,4,0,0,1,1,-1,9,1,40,7,-1,-1,-1,-1,1,E01034921,0,1
2025201608417,2025,201608417,1,9,0,-1,19,7,7,-1,0,0,0,0,0,0,4,1,-1,1,1,54,8,-1,-1,-1,-1,6,E01028827,0,4
2025201608417,2025,201608417,2,98,0,-1,15,8,7,-1,0,0,0,0,0,0,2,9,-1,6,1,-1,-1,-1,-1,-1,-1,-1,-1,0,-1
2025201608423,2025,201608423,1,9,0,-1,9,4,2,-1,0,8,0,0,0,0,4,9,-1,9,1,53,8,-1,-1,-1,-1,7,E01010360,0,1
2025201608423,2025,201608423,2,9,0,-1,19,2,6,-1,0,8,0,0,0,0,1,9,-1,6,1,19,4,-1,-1,-1,-1,4,E01010008,0,1
2025201608427,2025,201608427,1,9,0,-1,19,8,5,-1,0,4,0,0,0,0,1,1,-1,1,2,45,7,-1,-1,-1,-1,3,E01010444,0,1
2025201608427,2025,201608427,2,1,0,-1,9,1,3,-1,0,4,0,0,0,0,4,1,-1,6,1,58,9,-1,-1,-1,-1,-1,-1,0,-1
2025201608429,2025,201608429,2,9,0,-1,19,2,2,-1,0,0,1,0,0,0,3,1,-1,2,2,46,8,-1,-1,-1,-1,9,E01029518,0,3
2025201608429,2025,201608429,1,9,0,-1,19,4,4,-1,0,0,0,0,0,0,3,1,-1,9,2,65,9,-1,-1,-1,-1,7,E01010389,0,1
2025201608474,2025,201608474,1,9,0,-1,10,2,7,-1,0,1,0,0,0,0,2,1,-1,6,1,-1,-1,-1,-1,-1,-1,-1,-1,0,-1
2025201608524,2025,201608524,1,9,0,-1,5,7,3,-1,0,0,0,11,0,0,1,1,-1,9,2,43,7,-1,-1,-1,-1,2,E01009273,0,1
2025201608626,2025,201608626,1,9,0,-1,19,1,5,-1,0,0,0,0,0,0,2,1,-1,9,1,27,6,-1,-1,-1,-1,4,E01009394,0,2
2025201608626,2025,201608626,2,9,0,-1,19,1,5,-1,0,0,0,0,0,0,1,1,-1,9,1,37,7,-1,-1,-1,-1,9,E01032227,0,2
2025201608627,2025,201608627,2,9,0,-1,7,6,1,-1,0,4,1,0,0,0,3,1,-1,6,-1,30,6,-1,-1,-1,-1,-1,-1,0,-1
2025201608627,2025,201608627,1,9,0,-1,19,5,1,-1,0,3,1,0,7,0,4,1,-1,6,2,27,6,-1,-1,-1,-1,1,E01010095,0,1
2025201608647,2025,201608647,2,9,0,-1,19,3,7,-1,0,0,0,0,0,0,2,1,-1,9,1,39,7,-1,-1,-1,-1,8,E01009707,0,1
2025201608647,2025,201608647,1,9,0,-1,4,3,7,-1,0,0,0,0,0,0,2,1,-1,9,2,61,9,-1,-1,-1,-1,6,E01035724,0,4
2025201608647,2025,201608647,3,9,0,-1,19,3,7,-1,0,0,0,0,0,0,1,1,-1,2,2,26,6,-1,-1,-1,-1,10,E01010191,0,4
2025201608666,2025,201608666,1,8,0,-1,10,7,5,-1,0,1,0,0,0,0,3,1,-1,1,1,57,9,-1,-1,-1,-1,1,E01009511,0,1
2025201608666,2025,201608666,2,4,0,-1,19,3,7,-1,0,1,1,0,0,0,1,1,-1,1,1,61,9,-1,-1,-1,-1,1,E01009016,0,2
2025201608695,2025,201608695,3,9,0,-1,2,0,0,-1,0,0,0,0,0,0,2,1,-1,6,-1,-1,-1,-1,-1,-1,-1,-1,-1,0,-1
2025201608695,2025,201608695,2,9,0,-1,19,6,2,-1,0,0,0,0,0,0,2,1,-1,6,2,54,8,-1,-1,-1,-1,1,E01009358,0,1
2025201608695,2025,201608695,1,9,0,-1,19,6,2,-1,0,0,0,0,0,0,1,1,-1,6,1,30,6,-1,-1,-1,-1,9,E01009422,0,3
2025201608704,2025,201608704,1,9,0,-1,19,7,3,-1,0,2,0,0,0,0,1,1,-1,6,1,26,6,-1,-1,-1,-1,1,E01009269,0,1
2025201608704,2025,201608704,2,9,0,-1,19,1,3,-1,0,2,0,0,0,0,2,1,-1,6,1,31,6,-1,-1,-1,-1,-1,-1,0,-1
2025201608705,2025,201608705,1,9,0,-1,19,2,4,-1,0,1,5,0,0,0,3,1,-1,9,2,20,4,-1,-1,-1,-1,1,E01009307,0,1
2025201608705,2025,201608705,2,9,0,-1,19,8,5,-1,0,1,0,0,0,0,1,1,-1,2,2,33,6,-1,-1,-1,-1,6,E01029846,0,4
2025201608723,2025,201608723,1,9,0,-1,19,4,7,-1,0,0,0,0,0,0,3,1,-1,6,3,30,6,-1,-1,-1,-1,-1,-1,0,-1
2025201608723,2025,201608723,2,9,0,-1,19,8,3,-1,0,0,0,0,0,0,3,1,-1,9,1,38,7,-1,-1,-1,-1,1,E01009127,0,2
2025201608728,2025,201608728,1,19,0,-1,19,1,5,-1,0,0,0,0,0,0,1,1,-1,6,1,40,7,-1,-1,-1,-1,-1,-1,0,-1
2025201608731,2025,201608731,2,9,0,-1,19,7,4,-1,0,6,0,0,0,0,1,1,-1,9,1,70,10,-1,-1,-1,-1,1,E01010017,0,1
2025201608731,2025,201608731,1,9,0,-1,9,2,7,-1,0,6,0,0,0,0,3,1,-1,9,2,46,8,-1,-1,-1,-1,6,E01009925,0,1
2025201608743,2025,201608743,2,9,0,-1,5,3,7,-1,0,0,0,0,0,0,3,1,-1,6,1,46,8,-1,-1,-1,-1,1,E01034934,0,1
2025201608743,2025,201608743,1,9,0,-1,19,3,7,-1,0,0,0,0,0,0,4,1,-1,6,3,30,6,-1,-1,-1,-1,-1,-1,0,-1
2025201608755,2025,201608755,1,9,0,-1,1,7,3,-1,9,0,0,0,0,0,2,1,-1,6,1,60,9,-1,-1,-1,-1,-1,-1,0,-1
2025201608793,2025,201608793,1,9,0,-1,19,7,3,-1,0,0,0,0,0,0,1,1,-1,6,2,35,6,-1,-1,-1,-1,1,E01009935,0,2
2025201608807,2025,201608807,2,1,0,-1,19,4,8,-1,0,8,5,0,0,0,3,1,-1,6,1,63,9,-1,-1,-1,-1,6,E01009041,0,1
2025201608807,2025,201608807,1,9,0,-1,7,6,7,-1,0,3,0,0,1,0,4,1,-1,6,1,39,7,-1,-1,-1,-1,9,E01008990,0,2
2025201608820,2025,201608820,1,9,0,-1,19,7,3,-1,0,2,0,0,0,0,1,1,-1,9,1,35,6,-1,-1,-1,-1,1,E01010060,0,1
2025201608846,2025,201608846,1,98,0,-1,19,6,2,-1,0,0,0,10,6,5,1,1,-1,1,1,70,10,-1,-1,-1,-1,8,E01029788,0,4
2025201608846,2025,201608846,2,8,0,-1,19,2,6,-1,0,0,0,0,0,0,4,1,-1,7,1,51,8,-1,-1,-1,-1,8,E01010487,0,1
2025201608877,2025,201608877,1,9,0,-1,19,7,3,-1,0,0,0,0,0,0,1,1,-1,6,1,41,7,-1,-1,-1,-1,3,E01034737,0,1
2025201608982,2025,201608982,1,9,0,-1,9,8,1,-1,0,0,0,0,0,0,1,1,-1,9,2,26,6,-1,-1,-1,-1,1,E01034306,0,1
2025201608982,2025,201608982,2,9,0,-1,19,3,1,-1,0,0,0,0,0,0,1,1,-1,9,2,54,8,-1,-1,-1,-1,1,E01010532,0,1
2025201608983,2025,201608983,1,9,0,-1,9,5,3,-1,0,5,0,0,0,0,4,1,-1,9,1,76,11,-1,-1,-1,-1,1,E01010311,0,1
2025201608983,2025,201608983,2,4,0,-1,19,8,5,-1,0,8,0,0,0,0,1,1,-1,9,1,17,4,-1,-1,-1,-1,-1,-1,0,-1