collision_index,collision_year,collision_ref_no,vehicle_reference,vehicle_type,towing_and_articulation,vehicle_manoeuvre_historic,vehicle_manoeuvre,vehicle_direction_from,vehicle_direction_to,vehicle_location_restricted_lane_historic,vehicle_location_restricted_lane,junction_location,skidding_and_overturning,hit_object_in_carriageway,vehicle_leaving_carriageway,hit_object_off_carriageway,first_point_of_impact,vehicle_left_hand_drive,journey_purpose_of_driver_historic,journey_purpose_of_driver,sex_of_driver,age_of_driver,age_band_of_driver,engine_capacity_cc,propulsion_code,age_of_vehicle,generic_make_model,driver_imd_decile,lsoa_of_driver,escooter_flag,driver_distance_banding
2025211539040,2025,211539040,1,9,0,-1,2,0,0,-1,0,0,1,0,0,0,1,1,-1,6,1,35,6,-1,-1,-1,-1,4,E01029638,0,1
2025211539047,2025,211539047,2,9,0,-1,19,1,5,-1,0,2,0,0,0,0,1,1,-1,6,1,-1,-1,-1,-1,-1,-1,-1,-1,0,-1
2025211539047,2025,211539047,1,9,0,-1,10,1,5,-1,0,2,1,0,0,0,2,1,-1,2,2,25,5,-1,-1,-1,-1,2,E01029849,0,1
2025211539069,2025,211539069,2,9,0,-1,19,4,7,-1,0,0,1,0,0,0,4,1,-1,9,2,39,7,-1,-1,-1,-1,-1,-1,0,-1
2025211539069,2025,211539069,3,98,0,-1,19,7,3,-1,0,0,1,0,0,0,4,1,-1,1,1,54,8,-1,-1,-1,-1,-1,-1,0,-1
2025211539069,2025,211539069,1,9,0,-1,19,7,3,-1,0,0,1,0,0,0,4,1,-1,2,1,31,6,-1,-1,-1,-1,-1,-1,0,-1
2025211539144,2025,211539144,1,9,0,-1,19,6,4,-1,0,1,0,0,0,0,1,1,-1,1,1,38,7,-1,-1,-1,-1,6,E01014216,0,1
2025211539193,2025,211539193,2,9,0,-1,19,8,4,-1,0,0,0,0,0,0,1,1,-1,6,1,-1,-1,-1,-1,-1,-1,-1,-1,0,-1
2025211539193,2025,211539193,1,9,0,-1,4,0,4,-1,0,0,0,0,0,0,2,1,-1,2,1,26,6,-1,-1,-1,-1,2,E01029560,0,1
2025211539193,2025,211539193,3,9,0,-1,3,8,4,-1,0,0,0,0,0,0,0,1,-1,6,1,-1,-1,-1,-1,-1,-1,-1,-1,0,-1
2025211539196,2025,211539196,1,9,0,-1,2,0,0,-1,0,0,1,0,0,0,3,1,-1,9,1,20,4,-1,-1,-1,-1,-1,-1,0,-1
2025211539196,2025,211539196,2,9,0,-1,2,0,0,-1,0,0,0,0,0,0,3,1,-1,2,1,45,7,-1,-1,-1,-1,3,E01029407,0,1
2025211539488,2025,211539488,1,9,0,-1,19,5,1,-1,0,0,0,0,0,0,4,1,-1,9,2,36,7,-1,-1,-1,-1,9,E01029626,0,1
2025211539488,2025,211539488,2,98,0,-1,19,1,5,-1,0,0,1,0,0,0,4,1,-1,1,1,52,8,-1,-1,-1,-1,1,E01010464,0,2
2025211539512,2025,211539512,1,9,0,-1,2,8,4,-1,0,1,2,0,0,0,1,1,-1,7,2,40,7,-1,-1,-1,-1,8,E01010492,0,1
2025211539512,2025,211539512,2,9,0,-1,5,4,1,-1,0,1,5,0,0,0,1,1,-1,7,2,0,1,-1,-1,-1,-1,8,E01029676,0,1
2025211539592,2025,211539592,1,9,0,-1,19,5,1,-1,0,0,1,0,0,0,1,1,-1,9,1,21,5,-1,-1,-1,-1,6,E01029667,0,1
2025211539592,2025,211539592,2,9,0,-1,19,5,1,-1,0,0,1,7,0,0,1,1,-1,9,2,21,5,-1,-1,-1,-1,9,E01029661,0,1
2025211539868,2025,211539868,2,17,0,-1,9,3,1,-1,0,7,1,0,0,0,1,9,-1,6,1,19,4,-1,-1,-1,-1,6,E01029733,0,3
2025211539868,2025,211539868,1,9,0,-1,19,5,1,-1,0,1,0,0,0,0,3,1,-1,6,1,27,6,-1,-1,-1,-1,3,E01029593,0,3
2025211539974,2025,211539974,3,9,0,-1,19,5,1,-1,0,0,0,0,0,0,1,1,-1,6,2,34,6,-1,-1,-1,-1,9,E01033517,0,5
2025211539974,2025,211539974,12,19,0,-1,19,3,8,-1,0,0,0,0,0,0,2,1,-1,1,1,26,6,-1,-1,-1,-1,9,E01005019,0,4
2025211539974,2025,211539974,2,9,0,-1,19,5,1,-1,0,0,0,0,0,0,2,1,-1,6,2,37,7,-1,-1,-1,-1,4,E01025137,0,5
2025211539974,2025,211539974,9,19,0,-1,19,3,8,-1,0,0,0,0,0,0,2,1,-1,1,1,36,7,-1,-1,-1,-1,1,E01005255,0,4
2025211539974,2025,211539974,4,9,0,-1,19,5,1,-1,0,0,0,0,0,0,2,1,-1,6,1,48,8,-1,-1,-1,-1,-1,-1,0,-1
2025211539974,2025,211539974,7,9,0,-1,19,3,8,-1,0,0,0,0,0,0,2,1,-1,1,1,37,7,-1,-1,-1,-1,8,E01025489,0,4
2025211539974,2025,211539974,11,19,0,-1,19,3,8,-1,0,0,0,0,0,0,2,1,-1,1,1,70,10,-1,-1,-1,-1,3,E01006020,0,4
2025211539974,2025,211539974,6,9,0,-1,19,5,1,-1,0,0,0,0,0,0,2,1,-1,6,2,31,6,-1,-1,-1,-1,5,E01033973,0,5
2025211539974,2025,211539974,1,19,0,-1,19,5,1,-1,0,0,0,0,0,0,2,1,-1,2,1,39,7,-1,-1,-1,-1,3,E01006916,0,4
2025211539974,2025,211539974,8,9,0,-1,19,3,8,-1,0,0,0,0,0,0,2,1,-1,9,2,40,7,-1,-1,-1,-1,8,E01006859,0,4
2025211539974,2025,211539974,5,9,0,-1,19,5,1,-1,0,0,0,0,0,0,2,1,-1,6,1,27,6,-1,-1,-1,-1,5,E01004591,0,5
2025211539974,2025,211539974,10,9,0,-1,19,3,8,-1,0,0,0,0,0,0,2,1,-1,9,2,37,7,-1,-1,-1,-1,1,E01017210,0,5
2025211540005,2025,211540005,1,9,0,-1,19,5,5,-1,9,0,2,0,1,0,1,1,-1,6,1,25,5,-1,-1,-1,-1,7,E01029669,0,3
2025211540065,2025,211540065,1,9,0,-1,19,3,7,-1,0,0,0,0,1,0,1,1,-1,6,1,18,4,-1,-1,-1,-1,1,E01034311,0,1
2025211540106,2025,211540106,1,9,0,-1,19,1,5,-1,9,0,1,0,7,0,1,1,-1,9,1,32,6,-1,-1,-1,-1,1,E01034052,0,2
2025211540295,2025,211540295,1,9,0,-1,19,1,5,-1,0,0,0,0,0,0,1,9,-1,6,3,-1,-1,-1,-1,-1,-1,-1,-1,0,-1
2025211540295,2025,211540295,2,9,0,-1,3,1,5,-1,0,0,0,0,0,0,2,9,-1,6,1,59,9,-1,-1,-1,-1,4,E01029451,0,1
2025211540319,2025,211540319,2,19,0,-1,2,0,0,-1,9,0,0,0,0,0,2,1,-1,1,2,-1,-1,-1,-1,-1,-1,-1,-1,0,-1
2025211540319,2025,211540319,1,9,0,-1,7,8,7,-1,0,0,0,4,0,0,1,1,-1,9,2,34,6,-1,-1,-1,-1,2,E01029842,0,1
2025211540386,2025,211540386,1,8,0,-1,9,1,3,-1,0,2,0,0,0,0,1,1,-1,1,1,31,6,-1,-1,-1,-1,1,E01014307,0,1
2025211540418,2025,211540418,1,9,0,-1,19,5,1,-1,0,0,1,0,7,0,1,1,-1,9,1,24,5,-1,-1,-1,-1,1,E01009762,0,1
2025211540501,2025,211540501,2,2,0,-1,19,1,5,-1,0,1,0,0,0,0,4,1,-1,6,2,30,6,-1,-1,-1,-1,3,E01029538,0,1
2025211540501,2025,211540501,4,9,0,-1,19,1,5,-1,0,1,0,0,0,0,4,1,-1,6,1,27,6,-1,-1,-1,-1,4,E01029537,0,1
2025211540501,2025,211540501,1,99,0,-1,19,3,7,-1,0,1,1,0,0,0,1,9,-1,6,2,21,5,-1,-1,-1,-1,-1,-1,0,-1
2025211540513,2025,211540513,1,99,0,-1,19,5,1,-1,0,0,0,0,0,0,1,9,-1,6,3,21,5,-1,-1,-1,-1,-1,-1,0,-1
2025211540513,2025,211540513,2,9,0,-1,19,5,1,-1,0,0,0,0,0,0,2,1,-1,6,2,52,8,-1,-1,-1,-1,6,E01025986,0,4
2025211540644,2025,211540644,1,9,0,-1,19,4,8,-1,0,0,5,0,1,0,0,1,-1,6,1,30,6,-1,-1,-1,-1,-1,-1,0,-1
2025211540774,2025,211540774,2,9,0,-1,19,7,3,-1,0,1,0,0,0,0,1,1,-1,2,1,30,6,-1,-1,-1,-1,8,E01029742,0,3
2025211540774,2025,211540774,1,9,0,-1,9,3,7,-1,0,1,0,0,0,0,1,1,-1,9,1,48,8,-1,-1,-1,-1,2,E01009407,0,4
2025211540882,2025,211540882,1,4,0,-1,19,1,5,-1,0,0,1,0,0,0,3,1,-1,9,1,62,9,-1,-1,-1,-1,7,E01034100,0,1
2025211540953,2025,211540953,1,9,0,-1,7,4,6,-1,0,6,0,0,0,0,1,1,-1,6,3,50,8,-1,-1,-1,-1,-1,-1,0,-1
2025211541037,2025,211541037,1,9,0,-1,19,3,7,-1,0,1,0,0,0,0,1,1,-1,2,1,36,7,-1,-1,-1,-1,2,E01028873,0,4
2025211541037,2025,211541037,2,9,0,-1,19,3,7,-1,0,1,0,0,0,0,2,1,-1,6,1,55,8,-1,-1,-1,-1,5,E01020815,0,5
2025211541080,2025,211541080,1,9,0,-1,19,7,5,-1,0,8,0,10,2,2,1,1,-1,9,1,35,6,-1,-1,-1,-1,2,E01014339,0,1
2025211541301,2025,211541301,2,9,0,-1,19,1,5,-1,0,1,0,0,0,0,4,1,-1,1,1,49,8,-1,-1,-1,-1,1,E01014361,0,1
2025211541301,2025,211541301,3,11,0,-1,19,5,1,-1,0,8,0,0,0,0,4,1,-1,1,1,39,7,-1,-1,-1,-1,3,E01014257,0,1
2025211541301,2025,211541301,1,9,0,-1,9,3,1,-1,0,6,0,0,0,0,1,1,-1,6,-1,-1,-1,-1,-1,-1,-1,-1,-1,0,-1
2025211541584,2025,211541584,1,2,0,-1,19,5,1,-1,0,0,1,0,0,0,0,1,-1,6,1,19,4,-1,-1,-1,-1,10,E01029477,0,2
2025211541619,2025,211541619,1,9,0,-1,19,1,5,-1,0,0,0,4,0,0,1,1,-1,9,2,74,10,-1,-1,-1,-1,3,E01029538,0,1
2025211541619,2025,211541619,2,98,4,-1,4,1,5,-1,0,0,0,0,0,0,2,1,-1,2,1,30,6,-1,-1,-1,-1,-1,-1,0,-1
2025211541678,2025,211541678,1,9,0,-1,7,3,1,-1,0,6,0,0,0,0,3,1,-1,6,1,50,8,-1,-1,-1,-1,-1,-1,0,-1
2025211541678,2025,211541678,2,1,0,-1,19,3,7,-1,0,1,2,0,0,0,1,1,-1,6,1,25,5,-1,-1,-1,-1,-1,-1,0,-1
2025211541768,2025,211541768,1,9,0,-1,3,-1,-1,-1,0,1,0,0,0,0,2,1,-1,2,2,26,6,-1,-1,-1,-1,1,E01014212,0,1
2025211541768,2025,211541768,2,9,0,-1,99,-1,-1,-1,0,1,0,0,0,0,1,1,-1,6,1,-1,-1,-1,-1,-1,-1,-1,-1,0,-1
2025211541945,2025,211541945,1,9,0,-1,19,1,5,-1,0,0,0,0,0,0,1,1,-1,2,1,26,6,-1,-1,-1,-1,9,E01010384,0,3
2025211542029,2025,211542029,2,9,0,-1,14,2,6,-1,0,0,1,0,0,0,1,1,-1,2,1,19,4,-1,-1,-1,-1,-1,-1,0,-1
2025211542029,2025,211542029,1,9,0,-1,6,2,6,-1,0,0,0,0,0,0,3,1,-1,1,1,62,9,-1,-1,-1,-1,-1,-1,0,-1
2025211542094,2025,211542094,1,9,0,-1,19,6,2,-1,0,0,0,0,0,0,1,1,-1,6,3,50,8,-1,-1,-1,-1,-1,-1,0,-1
2025211542184,2025,211542184,2,9,0,-1,9,3,1,-1,0,2,0,0,0,0,1,1,-1,9,2,21,5,-1,-1,-1,-1,9,E01029714,0,1
2025211542184,2025,211542184,1,9,0,-1,19,1,5,-1,0,1,0,0,0,0,1,1,-1,9,1,29,6,-1,-1,-1,-1,4,E01029692,0,1
2025211542205,2025,211542205,1,9,0,-1,19,2,6,-1,0,0,1,10,0,0,1,1,-1,9,1,33,6,-1,-1,-1,-1,3,E01029599,0,1
2025211542422,2025,211542422,1,9,0,-1,7,1,3,-1,0,8,0,0,0,0,1,2,-1,6,2,37,7,-1,-1,-1,-1,6,E01029571,0,1
2025211542422,2025,211542422,2,8,0,-1,5,5,7,-1,0,1,0,0,0,0,1,2,-1,6,1,63,9,-1,-1,-1,-1,1,E01014306,0,3
2025211542559,2025,211542559,1,19,0,-1,13,5,1,-1,0,0,2,7,1,0,1,1,-1,2,1,37,7,-1,-1,-1,-1,-1,-1,0,-1
2025211542580,2025,211542580,2,9,0,-1,19,7,3,-1,0,0,0,4,0,0,1,1,-1,9,1,33,6,-1,-1,-1,-1,6,E01031035,0,4
2025211542580,2025,211542580,1,9,0,-1,19,7,3,-1,0,0,0,0,0,0,2,1,-1,9,1,29,6,-1,-1,-1,-1,3,E01009106,0,4
2025211542651,2025,211542651,2,9,0,-1,19,5,4,-1,0,0,1,4,0,0,2,1,-1,9,1,40,7,-1,-1,-1,-1,4,E01019745,0,4
2025211542651,2025,211542651,1,3,0,-1,19,4,4,-1,0,0,1,0,0,0,1,1,-1,1,1,24,5,-1,-1,-1,-1,1,E01014237,0,1
2025211542663,2025,211542663,2,9,0,-1,19,7,3,-1,0,0,9,0,0,0,1,1,-1,6,1,18,4,-1,-1,-1,-1,2,E01010080,0,3
2025211542663,2025,211542663,1,9,0,-1,3,7,3,-1,0,0,0,0,0,0,2,1,-1,6,1,39,7,-1,-1,-1,-1,3,E01029359,0,1
2025211542678,2025,211542678,2,21,1,-1,5,2,3,-1,99,0,0,99,0,0,3,1,-1,6,3,-1,-1,-1,-1,-1,-1,-1,-1,0,-1
2025211542678,2025,211542678,1,1,0,-1,19,5,1,-1,99,0,2,99,0,0,2,1,-1,2,1,33,6,-1,-1,-1,-1,3,E01029568,0,1
2025211542719,2025,211542719,1,9,0,-1,19,5,1,-1,0,1,0,0,0,0,1,1,-1,9,1,84,11,-1,-1,-1,-1,3,E01029787,0,1
2025211543074,2025,211543074,1,9,0,-1,5,2,4,-1,0,2,0,0,0,0,2,1,-1,6,1,63,9,-1,-1,-1,-1,-1,-1,0,-1
2025211543074,2025,211543074,2,9,0,-1,19,8,4,-1,0,2,0,0,0,0,1,1,-1,9,2,52,8,-1,-1,-1,-1,-1,-1,0,-1
2025211543111,2025,211543111,1,9,-1,-1,19,2,6,-1,-1,-1,-1,-1,-1,0,-1,9,-1,6,2,50,8,-1,-1,-1,-1,6,E01029482,0,3
2025211543111,2025,211543111,2,1,-1,-1,19,1,6,-1,-1,-1,-1,-1,-1,0,-1,1,-1,6,1,-1,-1,-1,-1,-1,-1,-1,-1,0,-1
2025211543116,2025,211543116,1,9,0,-1,19,3,7,-1,0,1,0,0,0,0,1,1,-1,6,1,90,11,-1,-1,-1,-1,5,E01029802,0,2
2025211543116,2025,211543116,3,9,0,-1,19,3,7,-1,0,1,0,0,0,0,2,1,-1,6,2,62,9,-1,-1,-1,-1,9,E01029784,0,3
2025211543116,2025,211543116,2,9,0,-1,19,3,7,-1,0,1,0,0,0,0,2,1,-1,6,1,71,10,-1,-1,-1,-1,6,E01029814,0,1
2025211543139,2025,211543139,1,9,0,-1,19,3,7,-1,0,4,1,9,3,0,1,1,-1,6,1,70,10,-1,-1,-1,-1,5,E01029382,0,1
2025211543153,2025,211543153,1,9,0,-1,13,8,4,-1,0,0,0,0,0,0,1,1,-1,6,1,25,5,-1,-1,-1,-1,-1,-1,0,-1
2025211543153,2025,211543153,2,1,0,-1,19,8,4,-1,0,0,2,0,0,0,2,1,-1,9,1,49,8,-1,-1,-1,-1,-1,-1,0,-1
2025211543205,2025,211543205,1,9,0,-1,9,5,3,-1,0,6,0,0,0,0,3,1,-1,6,1,21,5,-1,-1,-1,-1,4,E01029702,0,1
2025211543205,2025,211543205,2,9,0,-1,19,4,8,-1,9,1,0,0,7,10,1,1,-1,6,2,37,7,-1,-1,-1,-1,8,E01029819,0,2
2025211543209,2025,211543209,1,9,0,-1,19,7,7,-1,0,3,0,0,0,0,1,9,-1,6,3,30,6,-1,-1,-1,-1,-1,-1,0,-1
2025211543276,2025,211543276,1,9,0,-1,9,7,4,-1,0,0,5,0,1,4,4,1,-1,9,2,19,4,-1,-1,-1,-1,-1,-1,0,-1
2025211543381,2025,211543381,2,98,-1,-1,7,-1,-1,-1,0,0,0,99,0,0,9,1,-1,6,3,-1,-1,-1,-1,-1,-1,-1,-1,0,-1
2025211543381,2025,211543381,1,9,0,-1,19,-1,-1,-1,0,0,0,99,0,0,2,1,-1,2,2,64,9,-1,-1,-1,-1,4,E01029353,0,3
2025211543554,2025,211543554,1,9,0,-1,19,5,1,-1,0,0,1,0,1,0,3,1,-1,9,2,17,4,-1,-1,-1,-1,-1,-1,0,-1
2025211543612,2025,211543612,1,9,0,-1,3,7,7,-1,0,1,0,0,0,0,2,1,-1,9,2,54,8,-1,-1,-1,-1,7,E01029755,0,2
2025211543612,2025,211543612,2,5,0,-1,4,7,7,-1,0,1,2,4,0,0,1,1,-1,9,1,68,10,-1,-1,-1,-1,-1,-1,0,-1
2025211544218,2025,211544218,1,9,-1,-1,13,7,6,-1,0,1,0,11,0,0,3,9,-1,6,1,29,6,-1,-1,-1,-1,-1,-1,0,-1
2025211544218,2025,211544218,2,9,0,-1,5,2,3,-1,0,1,0,0,0,0,3,1,-1,6,2,65,9,-1,-1,-1,-1,-1,-1,0,-1
2025211544453,2025,211544453,2,9,0,-1,4,5,1,-1,0,1,0,0,0,0,2,2,-1,6,2,57,9,-1,-1,-1,-1,7,E01029680,0,1
2025211544453,2025,211544453,1,19,0,-1,19,5,1,-1,0,1,0,0,0,0,1,1,-1,6,1,47,8,-1,-1,-1,-1,7,E01029660,0,4
2025211544462,2025,211544462,1,8,0,-1,1,7,7,-1,0,1,0,0,0,0,2,9,-1,6,1,-1,-1,-1,-1,-1,-1,-1,-1,0,-1
2025211544567,2025,211544567,1,9,0,-1,9,5,3,-1,0,4,0,0,0,0,4,1,-1,9,1,21,5,-1,-1,-1,-1,5,E01018904,0,5
2025211544572,2025,211544572,2,9,0,-1,19,4,1,-1,0,0,0,0,0,0,2,1,-1,2,2,41,7,-1,-1,-1,-1,5,E01029345,0,2
2025211544572,2025,211544572,1,9,0,-1,19,5,1,-1,0,0,1,0,0,0,1,1,-1,2,1,36,7,-1,-1,-1,-1,8,E01034105,0,2
2025211544597,2025,211544597,3,9,0,-1,4,6,2,-1,0,0,0,0,0,0,1,1,-1,6,1,21,5,-1,-1,-1,-1,2,E01010529,0,2
2025211544597,2025,211544597,2,9,0,-1,4,7,2,-1,0,0,0,0,0,0,2,1,-1,6,2,27,6,-1,-1,-1,-1,8,E01034097,0,2
2025211544597,2025,211544597,1,9,0,-1,4,6,2,-1,0,0,0,11,0,0,2,1,-1,6,1,29,6,-1,-1,-1,-1,1,E01010421,0,2
2025211544738,2025,211544738,1,9,0,-1,19,6,2,-1,0,1,0,0,0,0,4,1,-1,2,1,32,6,-1,-1,-1,-1,-1,-1,0,-1
2025211544738,2025,211544738,2,9,0,-1,9,8,5,-1,0,8,0,0,0,0,1,1,-1,2,1,22,5,-1,-1,-1,-1,-1,-1,0,-1
2025211544861,2025,211544861,1,9,0,-1,19,7,3,-1,0,0,0,0,0,0,1,1,-1,9,1,24,5,-1,-1,-1,-1,7,E01029790,0,2
2025211544951,2025,211544951,1,9,0,-1,19,8,4,-1,0,0,0,0,0,0,1,1,-1,6,1,56,9,-1,-1,-1,-1,1,E01014246,0,1
2025211544951,2025,211544951,2,8,0,-1,2,4,8,-1,0,0,0,0,0,0,0,1,-1,1,1,30,6,-1,-1,-1,-1,1,E01034053,0,1
2025211545106,2025,211545106,1,9,0,-1,1,3,7,-1,0,0,0,0,0,0,2,1,-1,9,1,59,9,-1,-1,-1,-1,6,E01029621,0,1
2025211545132,2025,211545132,1,9,0,-1,5,3,7,-1,0,0,0,0,0,0,3,1,-1,1,1,28,6,-1,-1,-1,-1,-1,-1,0,-1
2025211545407,2025,211545407,1,19,0,-1,19,1,7,-1,0,8,0,0,7,0,4,1,-1,1,1,46,8,-1,-1,-1,-1,3,E01019672,0,4
2025211545407,2025,211545407,2,19,0,-1,19,3,1,-1,0,1,0,0,0,0,1,1,-1,1,1,35,6,-1,-1,-1,-1,2,E01029604,0,2
2025211545417,2025,211545417,1,9,0,-1,19,4,2,-1,0,1,0,0,0,0,1,1,-1,1,-1,36,7,-1,-1,-1,-1,-1,-1,0,-1
2025211545488,2025,211545488,2,19,0,-1,19,4,4,-1,0,0,0,0,1,0,1,1,-1,2,1,42,7,-1,-1,-1,-1,-1,-1,0,-1
2025211545488,2025,211545488,1,9,0,-1,19,8,4,-1,0,0,0,0,1,0,1,1,-1,2,1,32,6,-1,-1,-1,-1,4,E01025742,0,4
2025211545488,2025,211545488,3,9,0,-1,19,8,4,-1,0,0,0,0,0,0,2,1,-1,6,2,46,8,-1,-1,-1,-1,-1,-1,0,-1
2025211545534,2025,211545534,1,97,0,-1,19,4,8,-1,0,0,0,7,0,0,1,1,-1,6,1,19,4,-1,-1,-1,-1,2,E01010347,0,1
2025211545534,2025,211545534,2,9,0,-1,19,7,3,-1,0,0,0,0,0,0,1,1,-1,6,1,41,7,-1,-1,-1,-1,7,E01029491,0,2
2025211545545,2025,211545545,2,19,0,-1,9,2,2,-1,0,1,0,0,0,0,3,1,-1,1,1,49,8,-1,-1,-1,-1,1,E01014302,0,1
2025211545545,2025,211545545,1,3,0,-1,9,2,2,-1,0,1,0,0,0,0,3,1,-1,2,1,42,7,-1,-1,-1,-1,1,E01014222,0,1
2025211545566,2025,211545566,1,9,0,-1,7,2,5,-1,0,3,1,7,7,0,1,1,-1,9,1,37,7,-1,-1,-1,-1,-1,-1,0,-1
2025211545578,2025,211545578,2,20,4,-1,4,1,5,-1,0,0,0,0,0,0,2,1,-1,1,1,52,8,-1,-1,-1,-1,5,E01010250,0,4
2025211545578,2025,211545578,1,19,0,-1,2,0,0,-1,0,0,0,4,0,0,1,1,-1,1,1,35,6,-1,-1,-1,-1,6,E01029395,0,4
2025211545578,2025,211545578,3,19,4,-1,4,1,5,-1,0,0,0,0,0,0,2,1,-1,9,1,54,8,-1,-1,-1,-1,2,E01014125,0,4
2025211545619,2025,211545619,2,9,0,-1,5,7,3,-1,0,1,0,0,0,0,2,1,-1,6,1,56,9,-1,-1,-1,-1,5,E01029501,0,1
2025211545619,2025,211545619,1,9,0,-1,4,7,3,-1,0,1,0,0,0,0,2,1,-1,6,2,40,7,-1,-1,-1,-1,7,E01034099,0,2
2025211545821,2025,211545821,1,5,0,-1,13,5,1,-1,0,0,1,0,0,0,0,1,-1,9,1,67,10,-1,-1,-1,-1,8,W01000457,0,4
2025211545828,2025,211545828,1,9,0,-1,19,5,1,-1,-1,0,0,0,0,0,2,1,-1,1,1,44,7,-1,-1,-1,-1,10,E01018405,0,2
2025211545828,2025,211545828,2,9,0,-1,19,5,1,-1,9,0,0,0,0,0,2,1,-1,2,1,53,8,-1,-1,-1,-1,9,E01029773,0,1
2025211545840,2025,211545840,1,21,1,-1,19,5,1,-1,0,1,0,0,0,0,1,1,-1,1,1,64,9,-1,-1,-1,-1,4,E01032406,0,4
2025211545840,2025,211545840,2,9,0,-1,19,5,1,-1,0,1,0,0,0,0,3,1,-1,2,1,40,7,-1,-1,-1,-1,6,E01028826,0,3
2025211545886,2025,211545886,2,9,0,-1,2,0,0,-1,0,2,0,0,0,0,1,1,-1,6,1,80,11,-1,-1,-1,-1,8,E01029860,0,1
2025211545886,2025,211545886,1,3,0,-1,2,0,0,-1,0,1,0,0,0,0,1,1,-1,6,1,17,4,-1,-1,-1,-1,5,E01029504,0,1
2025211545910,2025,211545910,1,9,0,-1,19,4,8,-1,0,8,0,0,0,0,1,1,-1,2,1,39,7,-1,-1,-1,-1,7,E01029580,0,1
2025211545973,2025,211545973,2,9,0,-1,19,3,7,-1,99,0,0,0,0,0,4,1,-1,6,1,30,6,-1,-1,-1,-1,-1,-1,0,-1
2025211545973,2025,211545973,1,9,0,-1,5,3,1,-1,99,0,1,10,2,10,3,1,-1,2,2,18,4,-1,-1,-1,-1,7,E01019612,0,1
2025211546090,2025,211546090,1,9,0,-1,19,7,3,-1,0,1,5,4,0,0,4,1,-1,9,2,20,4,-1,-1,-1,-1,-1,-1,0,-1
2025211546090,2025,211546090,2,9,0,-1,2,0,0,-1,9,1,0,0,0,0,4,1,-1,6,1,38,7,-1,-1,-1,-1,-1,-1,0,-1
2025211546092,2025,211546092,3,9,0,-1,19,7,1,-1,0,0,0,4,7,0,1,1,-1,9,1,18,4,-1,-1,-1,-1,5,E01029696,0,1
2025211546092,2025,211546092,1,21,0,-1,2,0,0,-1,0,0,0,0,0,0,1,1,-1,9,1,39,7,-1,-1,-1,-1,5,E01034678,0,4
2025211546092,2025,211546092,2,9,0,-1,19,7,3,-1,0,0,0,4,0,0,1,1,-1,1,1,80,11,-1,-1,-1,-1,8,E01018515,0,3
2025211546135,2025,211546135,1,5,0,-1,19,1,5,-1,0,0,1,0,7,7,1,1,-1,6,1,23,5,-1,-1,-1,-1,1,E01009404,0,4
2025211546167,2025,211546167,2,1,0,-1,4,4,8,-1,0,0,0,0,0,0,1,1,-1,6,1,50,8,-1,-1,-1,-1,-1,-1,0,-1
2025211546167,2025,211546167,1,9,0,-1,3,4,8,-1,0,0,0,0,0,0,2,1,-1,6,3,18,4,-1,-1,-1,-1,-1,-1,0,-1
2025211546172,2025,211546172,1,3,0,-1,5,1,5,-1,0,0,0,0,0,0,0,1,-1,9,1,17,4,-1,-1,-1,-1,10,E01029366,0,1
2025211546172,2025,211546172,2,9,0,-1,13,5,1,-1,0,0,0,0,0,0,0,1,-1,8,2,35,6,-1,-1,-1,-1,-1,-1,0,-1
2025211546198,2025,211546198,1,9,0,-1,13,2,5,-1,0,0,0,0,0,0,1,1,-1,9,1,82,11,-1,-1,-1,-1,3,E01029787,0,1
2025211546198,2025,211546198,2,19,0,-1,19,6,2,-1,0,0,0,0,0,0,1,1,-1,9,1,64,9,-1,-1,-1,-1,-1,-1,0,-1
2025211546199,2025,211546199,1,99,0,-1,1,1,5,-1,0,0,0,0,0,0,2,1,-1,6,3,50,8,-1,-1,-1,-1,-1,-1,0,-1
2025211546287,2025,211546287,1,9,0,-1,4,5,1,-1,0,0,0,0,0,0,1,1,-1,6,1,36,7,-1,-1,-1,-1,6,E01029846,0,1
2025211546291,2025,211546291,1,9,0,-1,19,7,3,-1,0,0,2,0,1,0,4,1,-1,9,1,18,4,-1,-1,-1,-1,8,E01028829,0,2
2025211546294,2025,211546294,1,9,0,-1,5,1,5,-1,0,5,0,0,0,0,1,1,-1,9,1,-1,-1,-1,-1,-1,-1,-1,-1,0,-1
2025211546512,2025,211546512,1,98,0,-1,19,3,7,-1,0,0,0,0,0,0,1,1,-1,1,1,43,7,-1,-1,-1,-1,-1,-1,0,-1
2025211546512,2025,211546512,2,19,0,-1,19,7,3,-1,0,0,0,0,0,0,1,1,-1,9,1,30,6,-1,-1,-1,-1,-1,-1,0,-1
2025211546696,2025,211546696,2,9,0,-1,19,2,5,-1,0,1,0,0,0,0,1,1,-1,9,2,79,11,-1,-1,-1,-1,8,E01029751,0,1
2025211546696,2025,211546696,1,9,0,-1,9,7,3,-1,0,5,0,0,0,0,1,1,-1,9,2,60,9,-1,-1,-1,-1,8,E01029723,0,1
2025211546749,2025,211546749,1,9,0,-1,19,3,7,-1,0,0,0,0,0,0,4,1,-1,9,1,63,9,-1,-1,-1,-1,7,E01029396,0,1
2025211546810,2025,211546810,1,9,0,-1,2,0,0,-1,0,1,0,0,0,0,2,1,-1,9,2,35,6,-1,-1,-1,-1,1,E01029453,0,1
2025211546810,2025,211546810,2,90,0,-1,19,7,3,-1,0,1,0,0,0,0,1,1,-1,1,1,66,10,-1,-1,-1,-1,8,E01029417,0,1
2025211546822,2025,211546822,1,9,0,-1,19,3,7,-1,0,0,0,0,0,0,1,1,-1,6,3,-1,-1,-1,-1,-1,-1,-1,-1,0,-1