collision_index,collision_year,collision_ref_no,vehicle_reference,vehicle_type,towing_and_articulation,vehicle_manoeuvre_historic,vehicle_manoeuvre,vehicle_direction_from,vehicle_direction_to,vehicle_location_restricted_lane_historic,vehicle_location_restricted_lane,junction_location,skidding_and_overturning,hit_object_in_carriageway,vehicle_leaving_carriageway,hit_object_off_carriageway,first_point_of_impact,vehicle_left_hand_drive,journey_purpose_of_driver_historic,journey_purpose_of_driver,sex_of_driver,age_of_driver,age_band_of_driver,engine_capacity_cc,propulsion_code,age_of_vehicle,generic_make_model,driver_imd_decile,lsoa_of_driver,escooter_flag,driver_distance_banding
2025211575408,2025,211575408,1,9,0,-1,19,7,3,-1,9,1,0,0,0,0,1,1,-1,9,2,58,9,-1,-1,-1,-1,-1,-1,0,-1
2025211575490,2025,211575490,2,9,0,-1,3,3,3,-1,0,0,0,0,0,0,2,1,-1,6,1,55,8,-1,-1,-1,-1,-1,-1,0,-1
2025211575490,2025,211575490,1,1,0,-1,19,3,3,-1,0,0,0,0,0,0,2,1,-1,6,1,20,4,-1,-1,-1,-1,1,E01014224,0,1
2025211575605,2025,211575605,2,5,0,-1,19,3,7,-1,0,1,1,0,0,0,1,1,-1,6,1,31,6,-1,-1,-1,-1,-1,-1,0,-1
2025211575605,2025,211575605,1,9,0,-1,5,5,1,-1,0,6,0,0,0,0,3,1,-1,6,2,81,11,-1,-1,-1,-1,-1,-1,0,-1
2025211575665,2025,211575665,1,1,0,-1,19,5,1,-1,0,2,5,0,0,0,4,1,-1,1,2,58,9,-1,-1,-1,-1,-1,-1,0,-1
2025211575665,2025,211575665,2,19,0,-1,7,6,1,-1,0,2,0,0,0,0,1,1,-1,6,1,38,7,-1,-1,-1,-1,-1,-1,0,-1
2025211575666,2025,211575666,1,9,0,-1,6,3,5,-1,0,0,0,0,0,0,3,1,-1,6,1,50,8,-1,-1,-1,-1,5,E01029750,0,1
2025211575666,2025,211575666,2,1,0,-1,19,3,7,-1,0,0,2,0,0,0,1,1,-1,6,1,58,9,-1,-1,-1,-1,8,E01029751,0,1
2025211575755,2025,211575755,1,19,0,-1,9,4,4,-1,0,6,0,0,0,0,4,1,-1,1,1,21,5,-1,-1,-1,-1,1,E01009349,0,3
2025211575755,2025,211575755,2,5,0,-1,19,7,6,-1,0,1,0,0,0,0,3,1,-1,9,1,71,10,-1,-1,-1,-1,5,E01029637,0,1
2025211575944,2025,211575944,2,9,0,-1,9,1,7,-1,0,6,1,0,7,0,1,1,-1,9,2,54,8,-1,-1,-1,-1,1,E01009360,0,4
2025211575944,2025,211575944,1,9,0,-1,19,3,7,-1,0,8,1,0,0,0,1,1,-1,1,1,57,9,-1,-1,-1,-1,8,E01029743,0,2
2025211576025,2025,211576025,2,9,0,-1,5,2,6,-1,0,8,0,0,0,0,1,1,-1,6,1,48,8,-1,-1,-1,-1,6,E01029532,0,1
2025211576025,2025,211576025,1,3,0,-1,19,3,6,-1,0,1,0,0,3,0,3,1,-1,6,1,25,5,-1,-1,-1,-1,7,E01029574,0,2
2025211576379,2025,211576379,1,19,0,-1,19,2,6,-1,0,0,0,0,0,0,1,1,-1,6,1,44,7,-1,-1,-1,-1,-1,-1,0,-1
2025211576427,2025,211576427,1,9,0,-1,19,7,3,-1,0,1,1,0,1,0,4,1,-1,9,1,19,4,-1,-1,-1,-1,7,E01033535,0,3
2025211576439,2025,211576439,1,19,-1,-1,-1,-1,-1,-1,-1,0,-1,-1,-1,0,-1,9,-1,6,1,49,8,-1,-1,-1,-1,-1,-1,0,-1
2025211576439,2025,211576439,2,9,0,-1,4,5,1,-1,0,0,0,0,0,0,1,1,-1,6,2,40,7,-1,-1,-1,-1,-1,-1,0,-1
2025211576448,2025,211576448,1,9,0,-1,19,5,1,-1,0,0,0,0,0,0,1,1,-1,2,1,27,6,-1,-1,-1,-1,1,E01013566,0,3
2025211576448,2025,211576448,2,9,0,-1,3,5,1,-1,0,0,0,0,0,0,2,1,-1,2,1,41,7,-1,-1,-1,-1,8,E01029417,0,1
2025211576480,2025,211576480,1,9,0,-1,19,5,1,-1,0,0,9,10,0,0,3,1,-1,2,1,22,5,-1,-1,-1,-1,1,E01014249,0,1
2025211576598,2025,211576598,2,19,0,-1,2,5,1,-1,9,0,0,0,0,0,2,1,-1,2,1,31,6,-1,-1,-1,-1,8,E01029590,0,1
2025211576598,2025,211576598,1,9,0,-1,19,7,3,-1,0,0,0,0,0,0,1,1,-1,9,1,43,7,-1,-1,-1,-1,2,E01029591,0,1
2025211576657,2025,211576657,2,9,0,-1,9,5,1,-1,0,6,0,0,0,0,1,1,-1,9,1,35,6,-1,-1,-1,-1,4,E01029797,0,2
2025211576657,2025,211576657,1,5,0,-1,15,2,6,-1,0,8,5,0,0,0,4,1,-1,9,1,75,10,-1,-1,-1,-1,3,E01028225,0,4
2025211576771,2025,211576771,1,9,0,-1,5,2,3,-1,0,2,0,0,0,0,1,1,-1,6,2,84,11,-1,-1,-1,-1,2,E01014252,0,1
2025211576771,2025,211576771,2,9,0,-1,6,8,6,-1,0,8,0,0,0,0,1,1,-1,6,1,29,6,-1,-1,-1,-1,2,E01014340,0,1
2025211576801,2025,211576801,1,9,0,-1,5,7,4,-1,0,8,0,0,0,0,1,1,-1,6,1,29,6,-1,-1,-1,-1,1,E01014302,0,4
2025211576801,2025,211576801,2,9,0,-1,19,4,1,-1,0,1,0,0,0,0,1,1,-1,6,2,40,7,-1,-1,-1,-1,7,E01029379,0,1
2025211576833,2025,211576833,2,9,0,-1,19,1,5,-1,0,1,0,0,0,0,4,1,-1,6,3,61,9,-1,-1,-1,-1,4,E01014268,0,1
2025211576833,2025,211576833,1,2,0,-1,5,1,5,-1,0,6,5,0,1,0,3,1,-1,6,1,16,4,-1,-1,-1,-1,10,E01029776,0,1
2025211576841,2025,211576841,1,1,0,-1,3,2,6,-1,0,0,5,0,0,0,1,1,-1,9,1,12,3,-1,-1,-1,-1,-1,-1,0,-1
2025211576841,2025,211576841,2,9,0,-1,19,8,4,-1,0,0,0,0,0,0,2,1,-1,6,2,33,6,-1,-1,-1,-1,-1,-1,0,-1
2025211576860,2025,211576860,1,5,0,-1,13,4,8,-1,0,1,0,7,1,2,1,1,-1,6,1,56,9,-1,-1,-1,-1,-1,-1,0,-1
2025211576959,2025,211576959,1,9,0,-1,19,2,5,-1,9,0,2,0,1,0,4,1,-1,9,1,21,5,-1,-1,-1,-1,3,E01014364,0,1
2025211576971,2025,211576971,1,9,0,-1,3,8,3,-1,0,1,0,0,0,0,1,1,-1,6,1,18,4,-1,-1,-1,-1,8,E01029743,0,1
2025211577064,2025,211577064,1,5,0,-1,19,4,1,-1,0,0,2,0,7,0,1,1,-1,9,1,44,7,-1,-1,-1,-1,8,E01019875,0,3
2025211577113,2025,211577113,1,9,0,-1,19,7,3,-1,0,0,0,0,0,0,1,9,-1,6,3,20,4,-1,-1,-1,-1,-1,-1,0,-1
2025211577140,2025,211577140,1,97,0,-1,19,7,7,-1,0,0,0,0,0,0,1,1,-1,9,1,77,11,-1,-1,-1,-1,10,E01009444,0,2
2025211577140,2025,211577140,2,97,0,-1,19,3,6,-1,0,0,0,0,0,0,1,1,-1,9,1,63,9,-1,-1,-1,-1,4,E01014448,0,5
2025211577170,2025,211577170,2,1,0,-1,7,7,3,-1,99,0,0,0,0,0,1,1,-1,6,3,-1,-1,-1,-1,-1,-1,-1,-1,0,-1
2025211577170,2025,211577170,1,9,0,-1,19,7,3,-1,0,0,0,0,0,0,4,1,-1,6,2,41,7,-1,-1,-1,-1,9,E01029608,0,1
2025211577207,2025,211577207,1,9,0,-1,19,1,1,-1,0,0,0,0,0,0,1,1,-1,9,1,49,8,-1,-1,-1,-1,-1,-1,0,-1
2025211577207,2025,211577207,2,9,0,-1,19,5,5,-1,0,0,0,0,0,0,1,1,-1,9,2,35,6,-1,-1,-1,-1,-1,-1,0,-1
2025211577420,2025,211577420,2,9,0,-1,19,3,7,-1,0,0,0,0,0,0,2,1,-1,6,1,61,9,-1,-1,-1,-1,1,E01034311,0,2
2025211577420,2025,211577420,1,9,0,-1,19,3,7,-1,0,0,2,7,1,0,4,1,-1,9,1,50,8,-1,-1,-1,-1,2,E01014208,0,3
2025211577445,2025,211577445,2,9,0,-1,19,8,4,-1,0,1,0,0,7,0,1,1,-1,9,1,52,8,-1,-1,-1,-1,8,E01010307,0,1
2025211577445,2025,211577445,1,9,0,-1,9,2,8,-1,0,6,0,0,1,0,3,1,-1,9,1,20,4,-1,-1,-1,-1,-1,-1,0,-1
2025211577529,2025,211577529,1,97,0,-1,19,1,5,-1,0,6,0,0,0,0,0,1,-1,6,1,29,6,-1,-1,-1,-1,-1,-1,0,-1
2025211577755,2025,211577755,1,19,0,-1,-1,-1,-1,-1,-1,0,-1,-1,-1,0,-1,9,-1,6,3,-1,-1,-1,-1,-1,-1,-1,-1,0,-1
2025211577795,2025,211577795,1,9,0,-1,-1,-1,-1,-1,-1,0,-1,-1,-1,0,-1,9,-1,6,1,-1,-1,-1,-1,-1,-1,-1,-1,0,-1
2025211577795,2025,211577795,2,9,0,-1,-1,-1,-1,-1,-1,0,-1,-1,-1,0,-1,9,-1,6,2,49,8,-1,-1,-1,-1,-1,-1,0,-1
2025211577983,2025,211577983,2,1,0,-1,19,2,2,-1,9,2,0,0,0,0,1,1,-1,6,1,13,3,-1,-1,-1,-1,7,E01014301,0,1
2025211577983,2025,211577983,1,9,0,-1,10,6,6,-1,0,1,0,0,0,0,1,1,-1,9,2,51,8,-1,-1,-1,-1,1,E01014229,0,1
2025211578041,2025,211578041,2,1,0,-1,11,3,7,-1,0,3,5,0,0,0,3,1,-1,6,1,49,8,-1,-1,-1,-1,-1,-1,0,-1
2025211578041,2025,211578041,1,9,0,-1,19,5,1,-1,0,3,0,0,0,0,1,1,-1,6,1,41,7,-1,-1,-1,-1,8,E01029544,0,1
2025211578071,2025,211578071,1,9,0,-1,-1,-1,-1,-1,-1,-1,-1,-1,-1,0,-1,9,-1,6,1,44,7,-1,-1,-1,-1,7,E01029844,0,1
2025211578449,2025,211578449,1,8,0,-1,5,7,3,-1,0,4,0,0,0,0,1,1,-1,1,1,65,9,-1,-1,-1,-1,3,E01029407,0,1
2025211578542,2025,211578542,1,9,0,-1,7,1,5,-1,0,3,0,9,0,0,4,1,-1,2,2,47,8,-1,-1,-1,-1,2,E01010563,0,2
2025211578542,2025,211578542,2,99,0,-1,13,1,5,-1,0,3,0,9,1,0,4,1,-1,6,3,21,5,-1,-1,-1,-1,-1,-1,0,-1
2025211578825,2025,211578825,4,9,0,-1,19,1,5,-1,0,0,0,0,0,0,4,1,-1,9,2,47,8,-1,-1,-1,-1,4,E01029783,0,2
2025211578825,2025,211578825,2,9,0,-1,19,1,5,-1,0,0,0,0,0,0,4,1,-1,8,1,45,7,-1,-1,-1,-1,8,E01029742,0,4
2025211578825,2025,211578825,1,9,0,-1,19,1,5,-1,0,0,0,0,0,0,1,1,-1,8,2,27,6,-1,-1,-1,-1,8,E01029742,0,4
2025211578825,2025,211578825,3,9,0,-1,19,1,5,-1,0,0,0,0,0,0,3,1,-1,1,1,40,7,-1,-1,-1,-1,8,E01029742,0,4
2025211578894,2025,211578894,1,9,0,-1,19,4,2,-1,0,0,0,10,7,0,1,1,-1,6,1,18,4,-1,-1,-1,-1,2,E01029426,0,2
2025211579083,2025,211579083,1,9,0,-1,-1,-1,-1,-1,-1,-1,-1,-1,-1,0,-1,9,-1,6,1,-1,-1,-1,-1,-1,-1,-1,-1,0,-1
2025211579083,2025,211579083,2,9,0,-1,-1,-1,-1,-1,-1,-1,-1,-1,-1,0,-1,9,-1,6,2,23,5,-1,-1,-1,-1,2,E01029448,0,1
2025211579340,2025,211579340,2,19,0,-1,8,1,5,-1,-1,6,0,0,0,0,1,1,-1,6,1,40,7,-1,-1,-1,-1,-1,-1,0,-1
2025211579340,2025,211579340,1,9,0,-1,19,1,5,-1,0,8,0,0,0,0,4,1,-1,6,2,48,8,-1,-1,-1,-1,2,E01010240,0,3
2025211579425,2025,211579425,2,1,0,-1,19,1,5,-1,0,0,5,0,0,0,3,1,-1,9,2,30,6,-1,-1,-1,-1,7,E01010243,0,3
2025211579425,2025,211579425,1,9,4,-1,19,5,1,-1,0,0,0,0,0,0,3,1,-1,9,1,28,6,-1,-1,-1,-1,8,E01033412,0,4
2025211579426,2025,211579426,1,9,0,-1,-1,-1,-1,-1,-1,0,-1,-1,-1,0,-1,9,-1,6,3,-1,-1,-1,-1,-1,-1,-1,-1,0,-1
2025211579426,2025,211579426,2,1,0,-1,-1,-1,-1,-1,-1,0,-1,-1,-1,0,-1,1,-1,6,1,42,7,-1,-1,-1,-1,6,E01029524,0,1
2025211579475,2025,211579475,2,9,0,-1,-1,-1,-1,-1,-1,-1,-1,-1,-1,0,-1,9,-1,6,2,25,5,-1,-1,-1,-1,-1,-1,0,-1
2025211579475,2025,211579475,1,9,0,-1,-1,-1,-1,-1,-1,-1,-1,-1,-1,0,-1,9,-1,6,3,-1,-1,-1,-1,-1,-1,-1,-1,0,-1
2025211579499,2025,211579499,3,9,0,-1,3,1,5,-1,0,8,0,0,0,0,1,1,-1,6,1,64,9,-1,-1,-1,-1,6,E01014215,0,1
2025211579499,2025,211579499,2,8,0,-1,19,5,1,-1,0,8,0,0,0,0,3,1,-1,1,1,35,6,-1,-1,-1,-1,2,E01034056,0,1
2025211579499,2025,211579499,1,9,0,-1,9,3,1,-1,0,1,0,0,0,0,4,1,-1,6,2,20,4,-1,-1,-1,-1,8,E01014214,0,1
2025211579504,2025,211579504,1,9,0,-1,19,1,6,-1,0,6,0,0,0,0,1,1,-1,6,2,32,6,-1,-1,-1,-1,-1,-1,0,-1
2025211579504,2025,211579504,2,9,0,-1,19,5,6,-1,0,6,0,0,0,0,1,1,-1,6,2,26,6,-1,-1,-1,-1,-1,-1,0,-1
2025211579537,2025,211579537,2,9,0,-1,19,1,5,-1,0,4,0,0,0,0,4,1,-1,6,1,25,5,-1,-1,-1,-1,-1,-1,0,-1
2025211579537,2025,211579537,1,9,0,-1,19,1,5,-1,0,4,0,0,0,0,3,1,-1,6,2,44,7,-1,-1,-1,-1,10,E01029483,0,3
2025211579740,2025,211579740,1,11,0,-1,19,6,2,-1,2,0,0,0,0,0,1,1,-1,1,1,56,9,-1,-1,-1,-1,1,E01029566,0,2
2025211579813,2025,211579813,1,9,0,-1,7,6,7,-1,0,5,0,0,0,0,2,1,-1,9,2,29,6,-1,-1,-1,-1,-1,-1,0,-1
2025211579813,2025,211579813,2,9,0,-1,19,6,2,-1,0,2,0,0,0,0,1,1,-1,9,2,23,5,-1,-1,-1,-1,-1,-1,0,-1
2025211579977,2025,211579977,1,90,0,-1,19,1,2,-1,0,0,2,0,0,0,4,1,-1,6,1,14,3,-1,-1,-1,-1,6,E01029861,0,1
2025211580061,2025,211580061,1,3,0,-1,19,5,1,-1,0,0,0,0,1,0,1,1,-1,2,1,21,5,-1,-1,-1,-1,6,E01029401,0,2
2025211580098,2025,211580098,2,9,0,-1,19,5,1,-1,0,0,0,0,0,0,1,1,-1,9,1,20,4,-1,-1,-1,-1,1,E01014366,0,1
2025211580098,2025,211580098,1,9,0,-1,19,1,5,-1,0,0,0,0,7,0,1,1,-1,6,1,30,6,-1,-1,-1,-1,-1,-1,0,-1
2025211580107,2025,211580107,1,9,0,-1,19,5,2,-1,0,8,0,0,0,0,4,1,-1,6,1,23,5,-1,-1,-1,-1,2,E01029447,0,1
2025211580186,2025,211580186,1,9,0,-1,5,4,8,-1,-1,1,2,0,0,0,1,1,-1,6,1,67,10,-1,-1,-1,-1,-1,-1,0,-1
2025211580186,2025,211580186,2,9,0,-1,7,5,8,-1,0,1,1,0,0,0,1,1,-1,2,2,21,5,-1,-1,-1,-1,-1,-1,0,-1
2025211580244,2025,211580244,2,9,0,-1,4,6,2,-1,0,1,0,0,0,0,2,9,-1,6,1,-1,-1,-1,-1,-1,-1,1,E01014222,0,2
2025211580244,2025,211580244,1,19,0,-1,19,6,2,-1,0,1,0,0,0,0,1,9,-1,6,1,-1,-1,-1,-1,-1,-1,-1,-1,0,-1
2025211580342,2025,211580342,1,9,0,-1,19,2,3,-1,0,0,1,0,7,4,1,1,-1,6,1,26,6,-1,-1,-1,-1,2,E01010284,0,1
2025211580342,2025,211580342,2,9,0,-1,19,6,6,-1,0,0,0,0,1,0,1,1,-1,2,2,43,7,-1,-1,-1,-1,3,E01029397,0,2
2025211580472,2025,211580472,1,9,0,-1,19,1,5,-1,0,8,0,0,0,0,4,9,-1,6,2,65,9,-1,-1,-1,-1,9,E01029536,0,1
2025211580472,2025,211580472,2,1,0,-1,19,4,8,-1,0,8,0,0,0,0,1,1,-1,6,1,45,7,-1,-1,-1,-1,1,E01034053,0,1
2025211580533,2025,211580533,2,9,0,-1,4,4,8,-1,0,0,0,0,0,0,2,9,-1,6,1,21,5,-1,-1,-1,-1,1,E01014354,0,1
2025211580533,2025,211580533,1,9,0,-1,19,4,8,-1,0,0,0,0,0,0,1,9,-1,6,1,-1,-1,-1,-1,-1,-1,7,E01029780,0,2
2025211580702,2025,211580702,1,97,0,-1,19,2,6,-1,0,0,2,0,0,0,1,1,-1,6,1,31,6,-1,-1,-1,-1,7,E01029719,0,1
2025211580708,2025,211580708,1,9,0,-1,19,1,5,-1,0,1,0,0,0,0,3,1,-1,9,2,49,8,-1,-1,-1,-1,5,E01014335,0,1
2025211580708,2025,211580708,2,9,0,-1,10,4,4,-1,0,1,0,0,0,0,1,1,-1,9,1,75,10,-1,-1,-1,-1,1,E01014218,0,1
2025211581154,2025,211581154,1,9,0,-1,19,7,4,-1,0,0,0,7,7,0,1,1,-1,9,2,18,4,-1,-1,-1,-1,3,E01010422,0,2
2025211581399,2025,211581399,1,9,0,-1,-1,-1,-1,-1,-1,0,-1,-1,-1,0,-1,9,-1,6,1,-1,-1,-1,-1,-1,-1,-1,-1,0,-1
2025211581399,2025,211581399,2,9,0,-1,-1,-1,-1,-1,-1,0,-1,-1,-1,0,-1,9,-1,6,2,55,8,-1,-1,-1,-1,7,E01018433,0,4
2025211581638,2025,211581638,1,9,0,-1,-1,-1,-1,-1,-1,-1,-1,-1,-1,0,-1,1,-1,6,3,-1,-1,-1,-1,-1,-1,-1,-1,0,-1
2025211581695,2025,211581695,2,9,0,-1,19,5,1,-1,0,0,0,0,0,0,1,1,-1,9,2,18,4,-1,-1,-1,-1,-1,-1,0,-1
2025211581695,2025,211581695,1,19,0,-1,19,1,5,-1,0,0,0,0,1,0,2,1,-1,9,1,39,7,-1,-1,-1,-1,-1,-1,0,-1
2025211581695,2025,211581695,3,9,0,-1,19,1,5,-1,0,0,0,0,0,0,2,1,-1,2,1,20,4,-1,-1,-1,-1,-1,-1,0,-1
2025211581695,2025,211581695,4,9,0,-1,19,5,1,-1,0,0,0,0,0,0,1,1,-1,6,2,19,4,-1,-1,-1,-1,-1,-1,0,-1
2025211581695,2025,211581695,5,9,0,-1,19,5,1,-1,0,0,0,0,0,0,1,1,-1,6,2,34,6,-1,-1,-1,-1,4,E01028982,0,4
2025211581725,2025,211581725,1,9,0,-1,12,5,1,-1,0,0,5,0,0,0,1,9,-1,6,2,20,4,-1,-1,-1,-1,6,E01029371,0,1
2025211581815,2025,211581815,1,9,0,-1,-1,-1,-1,-1,-1,0,-1,-1,-1,0,-1,9,-1,6,1,-1,-1,-1,-1,-1,-1,-1,-1,0,-1
2025211581840,2025,211581840,1,9,0,-1,19,6,1,-1,0,0,0,0,7,0,1,1,-1,9,2,78,11,-1,-1,-1,-1,9,E01019841,0,3
2025211581850,2025,211581850,2,4,0,-1,19,6,4,-1,0,1,0,0,0,0,1,1,-1,6,2,52,8,-1,-1,-1,-1,9,E01029557,0,1
2025211581850,2025,211581850,1,19,0,-1,5,3,3,-1,0,2,0,0,1,0,4,1,-1,1,1,29,6,-1,-1,-1,-1,7,E01012561,0,4
2025211582023,2025,211582023,2,9,0,-1,19,1,2,-1,0,0,1,0,1,4,1,1,-1,9,1,20,4,-1,-1,-1,-1,-1,-1,0,-1
2025211582023,2025,211582023,1,9,0,-1,4,1,2,-1,0,0,0,0,0,0,2,1,-1,9,1,34,6,-1,-1,-1,-1,-1,-1,0,-1
2025211582064,2025,211582064,1,4,0,-1,3,1,5,-1,0,0,0,0,0,0,0,1,-1,9,1,29,6,-1,-1,-1,-1,2,E01029448,0,1
2025211582130,2025,211582130,1,9,0,-1,9,4,8,-1,0,8,0,0,0,0,3,1,-1,9,2,42,7,-1,-1,-1,-1,-1,-1,0,-1
2025211582130,2025,211582130,2,9,0,-1,19,4,8,-1,0,4,5,0,0,0,1,1,-1,2,1,18,4,-1,-1,-1,-1,8,E01029819,0,3
2025211582219,2025,211582219,2,9,0,-1,-1,-1,-1,-1,-1,-1,-1,-1,-1,0,-1,9,-1,2,2,49,8,-1,-1,-1,-1,1,E01034053,0,1
2025211582219,2025,211582219,1,98,0,-1,-1,-1,-1,-1,-1,-1,-1,-1,-1,0,-1,9,-1,6,3,-1,-1,-1,-1,-1,-1,-1,-1,0,-1
2025211582353,2025,211582353,2,9,0,-1,19,3,7,-1,0,8,0,0,0,0,3,9,-1,6,1,39,7,-1,-1,-1,-1,10,E01029663,0,3
2025211582353,2025,211582353,1,9,0,-1,9,7,5,-1,0,8,0,0,0,0,1,9,-1,6,2,-1,-1,-1,-1,-1,-1,-1,-1,0,-1
2025211582405,2025,211582405,1,9,0,-1,5,4,8,-1,9,0,0,10,1,11,1,1,-1,7,2,13,3,-1,-1,-1,-1,-1,-1,0,-1
2025211582405,2025,211582405,3,9,0,-1,2,0,0,-1,9,0,0,0,0,0,4,1,-1,6,1,27,6,-1,-1,-1,-1,-1,-1,0,-1
2025211582405,2025,211582405,2,9,0,-1,2,0,0,-1,9,0,0,0,0,0,2,1,-1,6,1,78,11,-1,-1,-1,-1,-1,-1,0,-1
2025211582484,2025,211582484,1,9,0,-1,19,5,1,-1,0,0,1,11,4,6,2,1,-1,9,1,61,9,-1,-1,-1,-1,-1,-1,0,-1
2025211582495,2025,211582495,1,9,0,-1,-1,-1,-1,-1,-1,0,-1,-1,-1,0,-1,1,-1,9,3,-1,-1,-1,-1,-1,-1,-1,-1,0,-1
2025211582586,2025,211582586,1,9,0,-1,19,4,2,-1,0,0,0,0,0,0,1,1,-1,9,1,19,4,-1,-1,-1,-1,-1,-1,0,-1
2025211582589,2025,211582589,1,9,0,-1,2,2,4,-1,0,1,0,0,0,0,3,9,-1,6,3,-1,-1,-1,-1,-1,-1,-1,-1,0,-1
2025211582589,2025,211582589,2,9,0,-1,2,2,4,-1,0,1,0,0,0,0,3,1,-1,6,2,55,8,-1,-1,-1,-1,6,E01014297,0,1
2025211582610,2025,211582610,1,9,0,-1,-1,-1,-1,-1,-1,0,-1,-1,-1,0,-1,9,-1,6,1,32,6,-1,-1,-1,-1,4,E01029472,0,1
2025211582610,2025,211582610,2,9,0,-1,-1,-1,-1,-1,-1,0,-1,-1,-1,0,-1,9,-1,6,1,45,7,-1,-1,-1,-1,2,E01019842,0,2
2025211582623,2025,211582623,1,9,0,-1,-1,-1,-1,-1,-1,0,-1,-1,-1,0,-1,9,-1,6,2,-1,-1,-1,-1,-1,-1,-1,-1,0,-1
2025211582623,2025,211582623,2,19,0,-1,-1,-1,-1,-1,-1,0,-1,-1,-1,0,-1,9,-1,6,1,44,7,-1,-1,-1,-1,-1,-1,0,-1
2025211582638,2025,211582638,1,8,0,-1,-1,-1,-1,-1,-1,-1,-1,-1,-1,0,-1,1,-1,1,1,45,7,-1,-1,-1,-1,-1,-1,0,-1
2025211582654,2025,211582654,2,21,1,-1,9,7,4,-1,0,8,0,0,0,0,3,1,-1,1,1,25,5,-1,-1,-1,-1,6,E01015651,0,5
2025211582654,2025,211582654,1,9,0,-1,19,7,2,-1,0,3,0,0,4,0,4,1,-1,9,2,27,6,-1,-1,-1,-1,5,E01035095,0,4
2025211582679,2025,211582679,1,9,0,-1,19,2,6,-1,0,0,0,0,0,0,1,1,-1,6,1,65,9,-1,-1,-1,-1,10,E01029724,0,1
2025211582679,2025,211582679,2,9,0,-1,19,6,2,-1,0,0,0,0,0,0,3,1,-1,6,1,44,7,-1,-1,-1,-1,4,E01029373,0,3
2025211582710,2025,211582710,1,9,0,-1,19,3,7,-1,0,0,0,0,0,0,1,9,-1,6,3,-1,-1,-1,-1,-1,-1,-1,-1,0,-1
2025211583118,2025,211583118,1,-1,0,-1,19,1,8,-1,9,2,0,0,0,0,1,1,-1,9,1,12,3,-1,-1,-1,-1,4,E01029646,1,1
2025211583118,2025,211583118,2,9,0,-1,19,3,4,-1,0,2,0,0,0,0,1,1,-1,9,2,33,6,-1,-1,-1,-1,6,E01029647,0,1
2025211583140,2025,211583140,2,9,0,-1,19,3,7,-1,0,0,0,0,0,0,1,1,-1,6,2,38,7,-1,-1,-1,-1,10,E01029412,0,1
2025211583140,2025,211583140,1,97,0,-1,13,7,3,-1,9,0,2,0,7,0,1,1,-1,9,1,49,8,-1,-1,-1,-1,6,E01029424,0,2
2025211583140,2025,211583140,3,9,0,-1,19,3,7,-1,0,0,0,0,0,0,3,1,-1,6,1,38,7,-1,-1,-1,-1,10,E01029412,0,1
2025211583467,2025,211583467,1,9,0,-1,19,2,2,-1,0,1,0,0,0,0,1,1,-1,2,2,33,6,-1,-1,-1,-1,8,E01029639,0,1
2025211583469,2025,211583469,1,9,0,-1,5,2,6,-1,0,0,0,0,0,0,1,1,-1,6,1,53,8,-1,-1,-1,-1,3,E01009750,0,2
2025211583629,2025,211583629,2,9,0,-1,13,5,1,-1,0,8,0,0,0,0,4,1,-1,6,1,35,6,-1,-1,-1,-1,-1,-1,0,-1
2025211583629,2025,211583629,1,9,0,-1,9,5,1,-1,0,1,9,0,0,0,3,1,-1,6,2,19,4,-1,-1,-1,-1,1,E01014255,0,1
2025211583665,2025,211583665,2,3,0,-1,15,1,6,-1,0,0,1,7,1,11,1,1,-1,9,1,29,6,-1,-1,-1,-1,8,E01029416,0,1
2025211583665,2025,211583665,1,9,0,-1,9,1,6,-1,0,0,0,0,0,0,4,1,-1,9,1,37,7,-1,-1,-1,-1,3,E01019541,0,4
2025211583716,2025,211583716,1,9,0,-1,19,5,1,-1,0,0,0,0,1,4,1,1,-1,6,1,25,5,-1,-1,-1,-1,-1,-1,0,-1
2025211583880,2025,211583880,2,9,0,-1,4,2,6,-1,0,0,1,1,0,0,1,1,-1,9,1,61,9,-1,-1,-1,-1,-1,-1,0,-1
2025211583880,2025,211583880,3,9,0,-1,4,2,6,-1,0,0,0,0,0,0,2,1,-1,9,2,41,7,-1,-1,-1,-1,-1,-1,0,-1
2025211583880,2025,211583880,1,9,0,-1,4,2,6,-1,0,0,0,0,0,0,1,1,-1,9,2,27,6,-1,-1,-1,-1,-1,-1,0,-1
2025211583907,2025,211583907,1,9,0,-1,9,6,3,-1,0,6,0,0,0,0,1,1,-1,1,1,27,6,-1,-1,-1,-1,4,E01029535,0,3
2025211583907,2025,211583907,2,5,0,-1,19,3,7,-1,0,1,0,0,0,0,1,1,-1,1,1,37,7,-1,-1,-1,-1,8,E01029414,0,4
2025211583967,2025,211583967,1,11,0,-1,-1,-1,-1,-1,-1,0,-1,-1,-1,0,-1,9,-1,1,1,-1,-1,-1,-1,-1,-1,-1,-1,0,-1
2025211583994,2025,211583994,1,9,0,-1,19,5,1,-1,0,0,0,0,0,0,1,1,-1,1,2,31,6,-1,-1,-1,-1,-1,-1,0,-1
2025211583994,2025,211583994,2,9,0,-1,19,5,1,-1,0,0,0,0,0,0,2,1,-1,6,1,65,9,-1,-1,-1,-1,-1,-1,0,-1
2025211584214,2025,211584214,2,5,0,-1,19,3,7,-1,0,8,0,0,0,0,1,1,-1,6,1,57,9,-1,-1,-1,-1,8,E01029416,0,2
2025211584214,2025,211584214,1,9,0,-1,9,7,5,-1,0,8,0,0,0,0,4,1,-1,6,1,42,7,-1,-1,-1,-1,2,E01026165,0,4
2025211584669,2025,211584669,1,9,0,-1,19,1,5,-1,0,0,1,0,0,0,1,1,-1,9,2,25,5,-1,-1,-1,-1,1,E01014307,0,4