collision_index,collision_year,collision_ref_no,vehicle_reference,vehicle_type,towing_and_articulation,vehicle_manoeuvre_historic,vehicle_manoeuvre,vehicle_direction_from,vehicle_direction_to,vehicle_location_restricted_lane_historic,vehicle_location_restricted_lane,junction_location,skidding_and_overturning,hit_object_in_carriageway,vehicle_leaving_carriageway,hit_object_off_carriageway,first_point_of_impact,vehicle_left_hand_drive,journey_purpose_of_driver_historic,journey_purpose_of_driver,sex_of_driver,age_of_driver,age_band_of_driver,engine_capacity_cc,propulsion_code,age_of_vehicle,generic_make_model,driver_imd_decile,lsoa_of_driver,escooter_flag,driver_distance_banding
2025211584669,2025,211584669,2,97,0,-1,19,5,1,-1,0,0,2,0,1,0,1,1,-1,6,1,32,6,-1,-1,-1,-1,2,E01005890,0,4
2025211584795,2025,211584795,1,10,0,-1,5,1,2,-1,0,4,0,0,0,0,2,1,-1,1,2,36,7,-1,-1,-1,-1,1,E01029566,0,1
2025211584795,2025,211584795,2,9,0,-1,5,1,2,-1,0,4,0,0,0,0,1,1,-1,9,1,36,7,-1,-1,-1,-1,-1,-1,0,-1
2025211585103,2025,211585103,2,9,0,-1,19,3,8,-1,0,1,0,0,0,0,1,1,-1,2,2,40,7,-1,-1,-1,-1,-1,-1,0,-1
2025211585103,2025,211585103,1,9,0,-1,5,1,5,-1,0,6,0,0,0,0,1,1,-1,6,1,33,6,-1,-1,-1,-1,8,E01029860,0,1
2025211585111,2025,211585111,1,9,0,-1,2,-1,-1,-1,99,0,0,0,0,0,3,9,-1,6,3,-1,-1,-1,-1,-1,-1,-1,-1,0,-1
2025211585111,2025,211585111,2,9,0,-1,1,1,5,-1,99,0,0,0,0,0,2,1,-1,6,1,-1,-1,-1,-1,-1,-1,2,E01029849,0,1
2025211585309,2025,211585309,2,9,0,-1,12,-1,-1,-1,0,6,0,0,0,0,3,1,-1,6,2,75,10,-1,-1,-1,-1,-1,-1,0,-1
2025211585309,2025,211585309,1,9,0,-1,19,-1,-1,-1,0,1,0,0,0,0,4,1,-1,6,1,37,7,-1,-1,-1,-1,6,E01029753,0,1
2025211585363,2025,211585363,2,19,0,-1,19,1,5,-1,0,1,0,0,0,0,1,1,-1,9,1,35,6,-1,-1,-1,-1,-1,-1,0,-1
2025211585363,2025,211585363,1,9,0,-1,9,3,8,-1,0,6,0,0,0,0,3,1,-1,9,2,37,7,-1,-1,-1,-1,-1,-1,0,-1
2025211585371,2025,211585371,1,9,0,-1,5,1,5,-1,0,8,0,0,0,0,2,1,-1,9,2,60,9,-1,-1,-1,-1,2,E01029734,0,2
2025211585371,2025,211585371,2,19,0,-1,5,1,5,-1,0,1,0,0,0,0,1,1,-1,9,1,38,7,-1,-1,-1,-1,7,E01029755,0,2
2025211585411,2025,211585411,1,9,0,-1,5,5,1,-1,0,1,0,0,0,0,1,1,-1,9,2,85,11,-1,-1,-1,-1,8,E01009896,0,1
2025211585411,2025,211585411,2,9,0,-1,5,5,1,-1,0,3,0,0,0,0,1,1,-1,9,1,25,5,-1,-1,-1,-1,1,E01010484,0,2
2025211585493,2025,211585493,1,11,0,-1,19,5,1,-1,0,0,0,0,0,0,3,1,-1,1,-1,-1,-1,-1,-1,-1,-1,-1,-1,0,-1
2025211585851,2025,211585851,2,9,0,-1,-1,-1,-1,-1,-1,0,-1,-1,-1,0,-1,9,-1,6,2,29,6,-1,-1,-1,-1,-1,-1,0,-1
2025211585851,2025,211585851,1,9,0,-1,-1,-1,-1,-1,-1,0,-1,-1,-1,0,-1,9,-1,6,3,-1,-1,-1,-1,-1,-1,-1,-1,0,-1
2025211585859,2025,211585859,1,9,0,-1,-1,-1,-1,-1,-1,0,-1,-1,-1,0,-1,9,-1,2,2,23,5,-1,-1,-1,-1,10,E01034654,0,3
2025211585859,2025,211585859,2,1,0,-1,-1,-1,-1,-1,-1,0,-1,-1,-1,0,-1,1,-1,2,1,22,5,-1,-1,-1,-1,-1,-1,0,-1
2025211585972,2025,211585972,1,97,0,-1,19,5,1,-1,0,0,0,10,0,0,1,1,-1,6,1,-1,-1,-1,-1,-1,-1,-1,-1,0,-1
2025211586023,2025,211586023,1,9,0,-1,19,2,4,-1,0,0,0,0,1,0,1,1,-1,6,1,30,6,-1,-1,-1,-1,3,E01029408,0,1
2025211586023,2025,211586023,2,9,0,-1,19,6,2,-1,0,0,0,0,0,0,1,1,-1,6,1,32,6,-1,-1,-1,-1,-1,-1,0,-1
2025211586027,2025,211586027,3,9,0,-1,19,7,3,-1,0,8,0,0,0,0,0,1,-1,2,2,43,7,-1,-1,-1,-1,7,E01029669,0,1
2025211586027,2025,211586027,1,9,0,-1,5,5,3,-1,0,6,0,0,0,0,1,1,-1,9,1,76,11,-1,-1,-1,-1,10,E01029523,0,4
2025211586027,2025,211586027,2,9,0,-1,19,3,7,-1,0,8,5,0,1,9,1,1,-1,9,1,23,5,-1,-1,-1,-1,8,E01010398,0,3
2025211586050,2025,211586050,1,9,0,-1,9,7,4,-1,0,0,0,0,0,0,1,1,-1,1,1,50,8,-1,-1,-1,-1,1,E01009060,0,3
2025211586050,2025,211586050,2,9,0,-1,15,2,4,-1,0,0,0,0,0,0,1,1,-1,9,2,38,7,-1,-1,-1,-1,-1,-1,0,-1
2025211586057,2025,211586057,2,19,0,-1,9,5,3,-1,0,1,0,0,0,0,3,1,-1,1,2,40,7,-1,-1,-1,-1,1,E01014224,0,1
2025211586057,2025,211586057,1,5,0,-1,13,5,1,-1,0,1,1,0,7,0,1,1,-1,6,1,16,4,-1,-1,-1,-1,1,E01014218,0,1
2025211586325,2025,211586325,1,9,0,-1,19,1,1,-1,0,6,0,0,0,0,4,1,-1,6,2,21,5,-1,-1,-1,-1,1,E01029566,0,1
2025211586325,2025,211586325,2,9,0,-1,9,7,5,-1,0,6,0,0,0,0,1,1,-1,6,1,38,7,-1,-1,-1,-1,2,E01014293,0,1
2025211586377,2025,211586377,1,9,0,-1,4,3,7,-1,0,0,0,0,0,0,1,1,-1,9,1,70,10,-1,-1,-1,-1,-1,-1,0,-1
2025211586388,2025,211586388,1,9,0,-1,19,7,3,-1,0,0,0,0,0,0,3,1,-1,9,2,73,10,-1,-1,-1,-1,8,E01029815,0,1
2025211586388,2025,211586388,2,9,0,-1,19,3,4,-1,0,0,0,0,0,0,3,1,-1,2,1,58,9,-1,-1,-1,-1,-1,-1,0,-1
2025211586590,2025,211586590,2,9,0,-1,9,2,6,-1,0,1,0,0,0,0,1,1,-1,1,2,22,5,-1,-1,-1,-1,-1,-1,0,-1
2025211586590,2025,211586590,1,9,0,-1,19,2,6,-1,0,1,0,0,0,0,2,1,-1,6,2,35,6,-1,-1,-1,-1,-1,-1,0,-1
2025211586623,2025,211586623,2,1,0,-1,-1,-1,-1,-1,-1,-1,-1,-1,-1,0,-1,1,-1,6,1,30,6,-1,-1,-1,-1,2,E01014241,0,1
2025211586623,2025,211586623,1,9,0,-1,-1,-1,-1,-1,-1,-1,-1,-1,-1,0,-1,9,-1,6,1,-1,-1,-1,-1,-1,-1,-1,-1,0,-1
2025211586658,2025,211586658,1,9,0,-1,-1,-1,-1,-1,-1,0,-1,-1,-1,0,-1,9,-1,6,3,-1,-1,-1,-1,-1,-1,-1,-1,0,-1
2025211587305,2025,211587305,1,9,0,-1,5,3,7,-1,0,2,0,0,0,0,2,1,-1,2,2,45,7,-1,-1,-1,-1,10,E01029724,0,1
2025211587389,2025,211587389,1,9,0,-1,-1,-1,-1,-1,-1,0,-1,-1,-1,0,-1,9,-1,6,1,70,10,-1,-1,-1,-1,-1,-1,0,-1
2025211587409,2025,211587409,2,9,0,-1,-1,-1,-1,-1,-1,0,-1,-1,-1,0,-1,9,-1,9,1,82,11,-1,-1,-1,-1,4,E01012690,0,5
2025211587409,2025,211587409,1,98,0,-1,-1,-1,-1,-1,-1,0,-1,-1,-1,0,-1,9,-1,6,1,-1,-1,-1,-1,-1,-1,-1,-1,0,-1
2025211587450,2025,211587450,1,97,0,-1,7,3,7,-1,0,1,0,0,0,0,1,1,-1,6,1,19,4,-1,-1,-1,-1,8,E01034098,0,1
2025211587450,2025,211587450,2,97,0,-1,7,3,7,-1,0,1,0,0,0,0,4,1,-1,6,1,17,4,-1,-1,-1,-1,2,E01029390,0,1
2025211587646,2025,211587646,1,-1,0,-1,2,0,0,-1,9,0,0,0,0,0,1,1,-1,9,2,36,7,-1,-1,-1,-1,-1,-1,1,-1
2025211587696,2025,211587696,2,9,-1,-1,-1,-1,-1,-1,-1,0,-1,-1,-1,0,-1,9,-1,6,2,-1,-1,-1,-1,-1,-1,-1,-1,0,-1
2025211587696,2025,211587696,1,9,0,-1,-1,-1,-1,-1,-1,0,-1,-1,-1,0,-1,9,-1,6,2,37,7,-1,-1,-1,-1,3,E01029397,0,2
2025211587713,2025,211587713,1,9,0,-1,19,5,1,-1,0,0,1,7,1,0,1,1,-1,9,1,69,10,-1,-1,-1,-1,4,E01029575,0,2
2025211587747,2025,211587747,2,9,0,-1,9,3,1,-1,0,4,0,0,0,0,4,1,-1,9,1,39,7,-1,-1,-1,-1,6,E01014310,0,1
2025211587747,2025,211587747,1,21,1,-1,9,3,1,-1,0,4,0,0,0,0,3,2,-1,1,1,49,8,-1,-1,-1,-1,-1,-1,0,-1
2025211587749,2025,211587749,1,9,0,-1,-1,-1,-1,-1,-1,-1,-1,-1,-1,0,-1,9,-1,6,2,70,10,-1,-1,-1,-1,-1,-1,0,-1
2025211587749,2025,211587749,2,1,0,-1,-1,-1,-1,-1,-1,-1,-1,-1,-1,0,-1,1,-1,6,1,44,7,-1,-1,-1,-1,3,E01029725,0,2
2025211587853,2025,211587853,2,97,0,-1,19,5,2,-1,0,8,0,0,0,0,1,1,-1,6,1,45,7,-1,-1,-1,-1,9,E01029711,0,3
2025211587853,2025,211587853,1,9,0,-1,19,7,4,-1,0,6,0,0,0,0,3,1,-1,6,2,27,6,-1,-1,-1,-1,2,E01029426,0,2
2025211587966,2025,211587966,2,9,0,-1,4,1,5,-1,0,0,0,0,0,0,1,1,-1,1,1,51,8,-1,-1,-1,-1,10,E01018392,0,3
2025211587966,2025,211587966,1,9,0,-1,1,1,5,-1,0,0,0,0,0,0,2,1,-1,6,1,27,6,-1,-1,-1,-1,4,E01029552,0,1
2025211587999,2025,211587999,1,9,0,-1,19,5,1,-1,0,0,0,0,0,0,1,1,-1,9,-1,-1,-1,-1,-1,-1,-1,-1,-1,0,-1
2025211587999,2025,211587999,2,9,0,-1,19,5,1,-1,0,0,0,0,0,0,0,1,-1,9,2,19,4,-1,-1,-1,-1,-1,-1,0,-1
2025211588030,2025,211588030,2,9,0,-1,19,4,8,-1,0,8,1,0,0,0,1,1,-1,1,2,27,6,-1,-1,-1,-1,-1,-1,0,-1
2025211588030,2025,211588030,3,9,0,-1,3,7,3,-1,0,8,1,0,1,2,1,1,-1,6,1,29,6,-1,-1,-1,-1,-1,-1,0,-1
2025211588030,2025,211588030,1,9,0,-1,19,3,6,-1,0,8,1,0,1,11,1,1,-1,6,1,21,5,-1,-1,-1,-1,6,E01029693,0,1
2025211588054,2025,211588054,1,3,0,-1,19,2,5,-1,0,0,1,10,0,0,1,1,-1,6,1,17,4,-1,-1,-1,-1,-1,-1,0,-1
2025211588109,2025,211588109,1,9,0,-1,-1,-1,-1,-1,-1,0,-1,-1,-1,0,-1,1,-1,6,1,23,5,-1,-1,-1,-1,4,E01008997,0,4
2025211588174,2025,211588174,1,9,0,-1,-1,-1,-1,-1,-1,0,-1,-1,-1,0,-1,9,-1,6,2,81,11,-1,-1,-1,-1,3,E01014277,0,1
2025211588174,2025,211588174,2,9,0,-1,-1,-1,-1,-1,-1,0,-1,-1,-1,0,-1,9,-1,6,2,54,8,-1,-1,-1,-1,2,E01014235,0,1
2025211588206,2025,211588206,1,9,0,-1,9,1,5,-1,0,0,0,0,0,0,1,1,-1,6,1,64,9,-1,-1,-1,-1,-1,-1,0,-1
2025211588269,2025,211588269,2,97,0,-1,5,7,2,-1,0,1,0,0,0,0,2,1,-1,9,1,59,9,-1,-1,-1,-1,-1,-1,0,-1
2025211588269,2025,211588269,1,9,0,-1,5,7,2,-1,0,1,0,0,0,0,1,1,-1,9,2,19,4,-1,-1,-1,-1,1,E01009638,0,4
2025211588363,2025,211588363,1,97,0,-1,19,3,6,-1,0,0,0,0,0,0,1,1,-1,2,1,23,5,-1,-1,-1,-1,2,E01029426,0,1
2025211588393,2025,211588393,1,9,0,-1,9,5,4,-1,0,6,0,0,0,0,3,1,-1,6,1,74,10,-1,-1,-1,-1,6,E01029583,0,3
2025211588393,2025,211588393,3,5,0,-1,19,4,8,-1,0,1,0,0,0,0,1,1,-1,6,1,27,6,-1,-1,-1,-1,-1,-1,0,-1
2025211588393,2025,211588393,2,5,0,-1,19,4,8,-1,0,1,0,0,0,0,1,1,-1,6,1,57,9,-1,-1,-1,-1,7,E01025882,0,4
2025211588460,2025,211588460,1,9,0,-1,9,1,1,-1,0,5,0,0,0,0,1,1,-1,1,2,56,9,-1,-1,-1,-1,2,E01014252,0,4
2025211588504,2025,211588504,1,9,0,-1,19,4,8,-1,0,0,0,0,0,0,1,1,-1,6,1,62,9,-1,-1,-1,-1,4,E01029535,0,1
2025211588504,2025,211588504,2,1,0,-1,19,8,3,-1,0,0,0,0,0,0,1,1,-1,6,-1,18,4,-1,-1,-1,-1,-1,-1,0,-1
2025211588826,2025,211588826,2,9,0,-1,99,-1,-1,-1,99,9,9,0,0,0,1,1,-1,6,3,-1,-1,-1,-1,-1,-1,-1,-1,0,-1
2025211588826,2025,211588826,1,9,0,-1,99,-1,-1,-1,99,9,9,0,0,0,3,1,-1,6,1,25,5,-1,-1,-1,-1,4,E01010457,0,4
2025211588836,2025,211588836,2,9,0,-1,19,2,7,-1,0,1,0,0,0,0,1,1,-1,6,2,69,10,-1,-1,-1,-1,10,E01029678,0,2
2025211588836,2025,211588836,1,19,0,-1,9,4,2,-1,0,6,0,0,0,0,3,1,-1,6,1,30,6,-1,-1,-1,-1,7,E01010461,0,3
2025211588929,2025,211588929,1,5,0,-1,19,3,7,-1,0,0,0,0,0,0,1,1,-1,1,1,44,7,-1,-1,-1,-1,-1,-1,0,-1
2025211588976,2025,211588976,1,9,0,-1,5,7,3,-1,0,0,0,0,0,0,1,1,-1,1,2,26,6,-1,-1,-1,-1,9,E01029415,0,3
2025211589201,2025,211589201,1,8,0,-1,5,8,4,-1,0,8,0,0,0,0,1,1,-1,1,1,44,7,-1,-1,-1,-1,7,E01014314,0,3
2025211589823,2025,211589823,2,9,0,-1,10,7,1,-1,0,1,0,0,0,0,4,1,-1,6,2,74,10,-1,-1,-1,-1,8,E01029743,0,1
2025211589823,2025,211589823,1,1,0,-1,19,3,7,-1,0,1,0,0,0,0,1,1,-1,6,1,54,8,-1,-1,-1,-1,10,E01029759,0,2
2025211589843,2025,211589843,1,9,0,-1,5,6,6,-1,0,5,0,0,0,0,4,1,-1,1,1,47,8,-1,-1,-1,-1,-1,-1,0,-1
2025211589854,2025,211589854,1,90,0,-1,19,7,3,-1,0,0,1,0,1,4,1,1,-1,1,1,23,5,-1,-1,-1,-1,-1,-1,0,-1
2025211589907,2025,211589907,1,9,0,-1,1,5,1,-1,0,0,0,0,0,0,2,9,-1,6,1,-1,-1,-1,-1,-1,-1,-1,-1,0,-1
2025211590230,2025,211590230,2,9,0,-1,-1,-1,-1,-1,-1,-1,-1,-1,-1,0,-1,9,-1,6,2,48,8,-1,-1,-1,-1,9,E01029630,0,1
2025211590230,2025,211590230,1,9,0,-1,-1,-1,-1,-1,-1,-1,-1,-1,-1,0,-1,9,-1,6,1,55,8,-1,-1,-1,-1,-1,-1,0,-1
2025211590449,2025,211590449,2,5,0,-1,2,0,0,-1,9,8,0,0,0,0,3,1,-1,6,-1,-1,-1,-1,-1,-1,-1,-1,-1,0,-1
2025211590449,2025,211590449,1,9,0,-1,2,0,0,-1,0,8,0,0,0,0,4,1,-1,6,-1,-1,-1,-1,-1,-1,-1,-1,-1,0,-1
2025211590569,2025,211590569,2,1,0,-1,19,6,2,-1,9,0,0,0,0,0,2,1,-1,2,1,48,8,-1,-1,-1,-1,5,E01014335,0,1
2025211590569,2025,211590569,1,9,0,-1,19,6,2,-1,0,0,0,0,0,0,4,1,-1,2,1,58,9,-1,-1,-1,-1,2,E01014337,0,1
2025211590640,2025,211590640,1,3,0,-1,19,3,7,-1,0,0,0,0,0,0,0,1,-1,9,2,19,4,-1,-1,-1,-1,5,E01029528,0,1
2025211590852,2025,211590852,2,9,0,-1,5,5,8,-1,0,0,0,0,0,0,1,1,-1,9,1,41,7,-1,-1,-1,-1,4,E01014271,0,1
2025211590852,2025,211590852,1,1,0,-1,19,6,2,-1,0,0,0,0,0,0,3,1,-1,1,1,31,6,-1,-1,-1,-1,3,E01029568,0,1
2025211590873,2025,211590873,1,9,0,-1,5,1,5,-1,0,8,0,0,0,0,1,1,-1,6,2,90,11,-1,-1,-1,-1,8,E01029570,0,2
2025211590873,2025,211590873,2,5,0,-1,19,7,5,-1,0,8,0,0,0,0,4,1,-1,9,1,-1,-1,-1,-1,-1,-1,-1,-1,0,-1
2025211590940,2025,211590940,1,8,0,-1,3,3,2,-1,0,1,0,0,0,0,2,1,-1,1,1,49,8,-1,-1,-1,-1,5,E01010267,0,3
2025211590940,2025,211590940,2,9,0,-1,19,3,7,-1,0,2,0,0,0,0,1,1,-1,6,2,73,10,-1,-1,-1,-1,-1,-1,0,-1
2025211590965,2025,211590965,2,9,0,-1,19,3,7,-1,0,1,0,0,0,0,2,1,-1,2,2,37,7,-1,-1,-1,-1,-1,-1,0,-1
2025211590965,2025,211590965,1,9,0,-1,19,3,7,-1,0,1,0,0,0,0,1,1,-1,6,1,78,11,-1,-1,-1,-1,-1,-1,0,-1
2025211591041,2025,211591041,2,9,0,-1,7,1,5,-1,0,1,0,0,0,0,1,1,-1,1,1,58,9,-1,-1,-1,-1,2,E01029560,0,2
2025211591041,2025,211591041,1,9,0,-1,19,7,3,-1,0,1,0,0,0,0,1,1,-1,6,1,20,4,-1,-1,-1,-1,2,E01029450,0,4
2025211591093,2025,211591093,1,9,0,-1,19,6,3,-1,0,0,0,0,0,0,1,1,-1,9,1,17,4,-1,-1,-1,-1,7,E01009771,0,3
2025211591398,2025,211591398,1,9,0,-1,15,5,1,-1,0,0,2,7,1,0,1,1,-1,9,1,34,6,-1,-1,-1,-1,5,E01029774,0,3
2025211591398,2025,211591398,2,9,0,-1,19,7,3,-1,0,0,0,0,0,0,1,1,-1,9,2,47,8,-1,-1,-1,-1,-1,-1,0,-1
2025211591418,2025,211591418,1,9,0,-1,7,8,1,-1,0,1,0,0,0,0,1,1,-1,6,1,33,6,-1,-1,-1,-1,-1,-1,0,-1
2025211591527,2025,211591527,2,97,0,-1,2,0,0,-1,0,1,0,4,0,0,1,1,-1,9,1,55,8,-1,-1,-1,-1,9,E01018669,0,3
2025211591527,2025,211591527,1,9,0,-1,2,0,0,-1,0,1,0,0,0,0,2,1,-1,9,1,39,7,-1,-1,-1,-1,7,E01033670,0,4
2025211591687,2025,211591687,1,3,0,-1,19,1,4,-1,0,0,0,0,0,0,0,1,-1,6,2,40,7,-1,-1,-1,-1,6,E01019598,0,3
2025211591722,2025,211591722,2,9,0,-1,7,4,7,-1,0,0,0,0,0,0,4,1,-1,9,1,35,6,-1,-1,-1,-1,8,E01029383,0,1
2025211591722,2025,211591722,1,97,0,-1,19,4,7,-1,0,0,0,0,0,0,1,1,-1,9,1,18,4,-1,-1,-1,-1,8,E01029383,0,1
2025211591932,2025,211591932,1,9,0,-1,7,7,1,-1,0,6,0,0,0,0,1,1,-1,6,1,54,8,-1,-1,-1,-1,1,E01014275,0,1
2025211591995,2025,211591995,2,9,0,-1,-1,-1,-1,-1,-1,0,-1,-1,-1,0,-1,9,-1,6,1,37,7,-1,-1,-1,-1,7,E01029651,0,1
2025211591995,2025,211591995,1,11,0,-1,-1,-1,-1,-1,-1,0,-1,-1,-1,0,-1,9,-1,6,1,-1,-1,-1,-1,-1,-1,-1,-1,0,-1
2025211592175,2025,211592175,2,9,0,-1,19,7,2,-1,0,0,0,0,0,0,2,1,-1,9,1,28,6,-1,-1,-1,-1,4,E01019717,0,4
2025211592175,2025,211592175,1,9,0,-1,19,7,3,-1,0,0,0,0,0,0,1,1,-1,9,2,43,7,-1,-1,-1,-1,3,E01029804,0,1
2025211592393,2025,211592393,1,19,0,-1,-1,-1,-1,-1,-1,0,-1,-1,-1,0,-1,9,-1,6,1,-1,-1,-1,-1,-1,-1,-1,-1,0,-1
2025211592537,2025,211592537,2,1,0,-1,-1,-1,-1,-1,-1,-1,-1,-1,-1,0,-1,1,-1,6,1,42,7,-1,-1,-1,-1,8,E01029743,0,2
2025211592537,2025,211592537,1,9,0,-1,-1,-1,-1,-1,-1,-1,-1,-1,-1,0,-1,9,-1,6,1,42,7,-1,-1,-1,-1,-1,-1,0,-1
2025211592618,2025,211592618,1,9,0,-1,4,3,7,-1,0,2,0,0,0,0,4,1,-1,6,1,50,8,-1,-1,-1,-1,8,E01029805,0,3
2025211592618,2025,211592618,2,9,0,-1,10,1,8,-1,0,6,0,0,0,0,1,1,-1,6,1,65,9,-1,-1,-1,-1,-1,-1,0,-1
2025211592735,2025,211592735,1,9,0,-1,19,1,1,-1,0,2,0,0,1,0,1,1,-1,6,2,59,9,-1,-1,-1,-1,4,E01029472,0,1
2025211592986,2025,211592986,1,9,0,-1,-1,-1,-1,-1,-1,-1,-1,-1,-1,0,-1,9,-1,6,1,-1,-1,-1,-1,-1,-1,-1,-1,0,-1
2025211593086,2025,211593086,1,99,0,-1,19,5,1,-1,0,1,0,0,0,0,4,1,-1,6,1,40,7,-1,-1,-1,-1,-1,-1,0,-1
2025211593579,2025,211593579,1,9,0,-1,5,0,0,-1,9,0,0,0,0,0,1,1,-1,9,2,53,8,-1,-1,-1,-1,1,E01032898,0,1
2025211593594,2025,211593594,1,9,0,-1,19,5,1,-1,0,1,0,0,0,0,4,1,-1,9,1,77,11,-1,-1,-1,-1,8,E01029792,0,1
2025211593631,2025,211593631,1,9,0,-1,9,7,4,-1,0,6,0,0,0,0,3,1,-1,2,2,39,7,-1,-1,-1,-1,1,E01029427,0,1
2025211593631,2025,211593631,2,97,0,-1,19,4,1,-1,0,8,5,10,0,0,1,1,-1,6,1,34,6,-1,-1,-1,-1,6,E01034656,0,2
2025211593697,2025,211593697,1,1,0,-1,19,3,7,-1,0,8,0,0,0,0,1,1,-1,2,1,51,8,-1,-1,-1,-1,5,E01019723,0,3
2025211593697,2025,211593697,2,9,0,-1,19,7,3,-1,0,8,0,0,0,0,4,1,-1,6,1,54,8,-1,-1,-1,-1,4,E01029812,0,1
2025211593714,2025,211593714,1,9,0,-1,9,6,4,-1,0,1,0,0,0,0,1,1,-1,6,2,65,9,-1,-1,-1,-1,8,E01029754,0,3
2025211593763,2025,211593763,2,9,0,-1,19,0,0,-1,0,1,5,0,0,0,4,1,-1,9,2,45,7,-1,-1,-1,-1,6,E01029411,0,1
2025211593763,2025,211593763,1,9,0,-1,19,0,0,-1,0,2,0,0,3,0,1,1,-1,6,-1,-1,-1,-1,-1,-1,-1,-1,-1,0,-1
2025211593785,2025,211593785,2,9,0,-1,19,5,1,-1,0,2,1,0,0,0,3,1,-1,6,1,-1,-1,-1,-1,-1,-1,-1,-1,0,-1
2025211593785,2025,211593785,1,9,0,-1,5,3,1,-1,0,6,0,0,0,0,3,1,-1,9,2,51,8,-1,-1,-1,-1,2,E01029734,0,3
2025211593843,2025,211593843,1,9,0,-1,19,2,6,-1,0,4,0,0,0,0,1,1,-1,1,1,26,6,-1,-1,-1,-1,-1,-1,0,-1
2025211594248,2025,211594248,1,4,0,-1,7,5,8,-1,0,2,2,0,0,0,4,1,-1,9,2,18,4,-1,-1,-1,-1,3,E01029752,0,1
2025211594381,2025,211594381,2,9,0,-1,19,5,1,-1,0,1,5,10,1,0,1,1,-1,6,1,23,5,-1,-1,-1,-1,8,E01029819,0,2
2025211594381,2025,211594381,1,9,0,-1,6,5,1,-1,0,2,0,0,0,0,1,1,-1,6,2,58,9,-1,-1,-1,-1,3,E01014321,0,1
2025211594454,2025,211594454,1,5,0,-1,7,8,4,-1,0,0,1,0,0,0,3,1,-1,6,1,65,9,-1,-1,-1,-1,3,E01010253,0,3
2025211594499,2025,211594499,1,9,0,-1,19,5,1,-1,0,4,1,0,0,0,3,1,-1,6,2,21,5,-1,-1,-1,-1,-1,-1,0,-1
2025211594499,2025,211594499,2,9,0,-1,9,1,5,-1,0,3,1,0,1,0,1,1,-1,6,2,21,5,-1,-1,-1,-1,-1,-1,0,-1
2025211594524,2025,211594524,1,9,0,-1,19,5,1,-1,0,7,0,0,0,0,1,1,-1,9,1,25,5,-1,-1,-1,-1,-1,-1,0,-1
2025211594524,2025,211594524,2,9,0,-1,19,3,7,-1,0,8,0,0,7,0,4,1,-1,9,2,45,7,-1,-1,-1,-1,-1,-1,0,-1
2025211594567,2025,211594567,2,9,0,-1,19,7,3,-1,0,2,0,0,0,0,3,1,-1,9,2,35,6,-1,-1,-1,-1,8,E01029417,0,1
2025211594567,2025,211594567,1,9,0,-1,6,3,7,-1,0,6,0,0,0,0,1,1,-1,6,3,0,1,-1,-1,-1,-1,-1,-1,0,-1
2025211594626,2025,211594626,2,9,0,-1,19,2,6,-1,0,0,0,0,0,0,1,1,-1,9,1,40,7,-1,-1,-1,-1,6,E01032457,0,3
2025211594626,2025,211594626,1,9,0,-1,20,6,2,-1,-1,0,0,0,7,0,2,1,-1,9,2,34,6,-1,-1,-1,-1,8,E01009794,0,3
2025211594649,2025,211594649,3,9,0,-1,19,1,5,-1,0,0,0,0,1,0,1,1,-1,6,1,31,6,-1,-1,-1,-1,1,E01010410,0,2
2025211594649,2025,211594649,2,9,0,-1,19,1,5,-1,0,0,0,0,1,0,4,1,-1,6,2,72,10,-1,-1,-1,-1,2,E01009783,0,1
2025211594649,2025,211594649,1,9,0,-1,13,1,5,-1,0,0,0,0,0,0,3,1,-1,9,1,19,4,-1,-1,-1,-1,1,E01010484,0,2
2025211594662,2025,211594662,2,9,0,-1,3,2,6,-1,0,0,0,0,0,0,2,1,-1,9,1,42,7,-1,-1,-1,-1,6,E01014267,0,2
2025211594662,2025,211594662,1,9,0,-1,19,2,6,-1,0,0,0,0,0,0,1,1,-1,2,2,23,5,-1,-1,-1,-1,10,E01014350,0,1
2025211594769,2025,211594769,1,9,0,-1,19,1,1,-1,0,2,0,0,3,0,1,1,-1,9,1,26,6,-1,-1,-1,-1,7,E01014301,0,3
2025211594769,2025,211594769,2,9,0,-1,19,1,1,-1,0,8,0,0,0,0,3,1,-1,9,2,54,8,-1,-1,-1,-1,6,E01029532,0,1
2025211595433,2025,211595433,1,9,0,-1,19,2,4,-1,0,0,0,0,0,0,1,1,-1,2,1,19,4,-1,-1,-1,-1,10,E01009815,0,1
2025211595515,2025,211595515,1,9,0,-1,19,4,6,-1,0,0,1,0,0,0,1,1,-1,2,2,43,7,-1,-1,-1,-1,8,E01034255,0,4
2025211595515,2025,211595515,2,21,1,-1,13,6,6,-1,0,0,0,0,0,0,1,1,-1,1,1,50,8,-1,-1,-1,-1,1,E01010288,0,3
2025211595598,2025,211595598,1,9,0,-1,19,4,2,-1,0,0,0,0,0,0,2,1,-1,9,1,86,11,-1,-1,-1,-1,6,E01029586,0,1
2025211595598,2025,211595598,2,9,0,-1,19,6,4,-1,0,0,0,0,0,0,1,1,-1,9,1,58,9,-1,-1,-1,-1,-1,-1,0,-1
2025211595672,2025,211595672,2,9,0,-1,19,2,6,-1,0,0,0,0,0,0,2,1,-1,6,2,41,7,-1,-1,-1,-1,10,E01029457,0,1
2025211595672,2025,211595672,1,9,0,-1,19,2,6,-1,0,0,0,0,0,0,1,1,-1,2,1,69,10,-1,-1,-1,-1,9,E01027465,0,5
2025211595688,2025,211595688,1,9,0,-1,1,2,6,-1,0,0,0,0,0,0,2,1,-1,9,1,78,11,-1,-1,-1,-1,-1,-1,0,-1
2025211595728,2025,211595728,2,9,0,-1,2,0,0,-1,0,2,0,0,0,0,3,1,-1,6,-1,-1,-1,-1,-1,-1,-1,-1,-1,0,-1
2025211595728,2025,211595728,1,9,0,-1,2,0,0,-1,0,2,0,0,0,0,3,1,-1,6,2,28,6,-1,-1,-1,-1,3,E01014323,0,2