collision_index,collision_year,collision_ref_no,vehicle_reference,vehicle_type,towing_and_articulation,vehicle_manoeuvre_historic,vehicle_manoeuvre,vehicle_direction_from,vehicle_direction_to,vehicle_location_restricted_lane_historic,vehicle_location_restricted_lane,junction_location,skidding_and_overturning,hit_object_in_carriageway,vehicle_leaving_carriageway,hit_object_off_carriageway,first_point_of_impact,vehicle_left_hand_drive,journey_purpose_of_driver_historic,journey_purpose_of_driver,sex_of_driver,age_of_driver,age_band_of_driver,engine_capacity_cc,propulsion_code,age_of_vehicle,generic_make_model,driver_imd_decile,lsoa_of_driver,escooter_flag,driver_distance_banding
2025221544947,2025,221544947,1,20,0,-1,19,2,6,-1,0,0,0,0,4,6,1,9,-1,1,1,63,9,-1,-1,-1,-1,7,E01031283,0,4
2025221544953,2025,221544953,2,9,0,-1,19,6,2,-1,0,0,2,0,7,4,2,9,-1,6,1,62,9,-1,-1,-1,-1,8,E01034810,0,4
2025221544953,2025,221544953,1,9,0,-1,13,6,2,-1,0,0,1,7,7,0,1,9,-1,2,1,47,8,-1,-1,-1,-1,10,E01022354,0,4
2025221544981,2025,221544981,2,3,0,-1,13,8,4,-1,0,0,1,10,7,0,3,1,-1,6,1,19,4,-1,-1,-1,-1,6,E01032283,0,1
2025221544981,2025,221544981,1,9,0,-1,12,8,4,-1,0,0,0,0,0,0,0,1,-1,6,1,19,4,-1,-1,-1,-1,4,E01032378,0,4
2025221545073,2025,221545073,1,9,0,-1,9,8,5,-1,0,6,0,0,0,0,3,1,-1,6,1,35,6,-1,-1,-1,-1,8,E01032410,0,1
2025221545073,2025,221545073,2,9,0,-1,19,5,2,-1,0,8,0,0,0,0,1,1,-1,6,1,32,6,-1,-1,-1,-1,5,E01032414,0,2
2025221545162,2025,221545162,1,9,0,-1,19,4,8,-1,0,6,0,0,0,0,4,9,-1,2,2,25,5,-1,-1,-1,-1,4,E01014154,0,1
2025221545231,2025,221545231,1,9,0,-1,9,7,5,-1,0,6,0,0,0,0,1,9,-1,9,1,40,7,-1,-1,-1,-1,4,E01017101,0,5
2025221545402,2025,221545402,1,9,0,-1,19,2,6,-1,0,6,0,0,1,10,1,1,-1,6,1,37,7,-1,-1,-1,-1,7,E01014082,0,1
2025221545402,2025,221545402,2,9,0,-1,19,4,8,-1,0,8,0,0,0,0,3,1,-1,6,2,37,7,-1,-1,-1,-1,7,E01014100,0,1
2025221545418,2025,221545418,2,21,0,-1,19,4,8,-1,0,8,0,0,0,0,4,9,-1,1,1,46,8,-1,-1,-1,-1,4,E01022251,0,2
2025221545418,2025,221545418,1,19,0,-1,9,7,4,-1,0,7,0,0,0,0,3,1,-1,1,1,47,8,-1,-1,-1,-1,8,E01014982,0,4
2025221545501,2025,221545501,1,9,0,-1,9,6,5,-1,0,8,0,0,0,0,4,1,-1,6,2,58,9,-1,-1,-1,-1,5,E01034325,0,1
2025221545501,2025,221545501,3,9,0,-1,19,2,6,-1,0,4,0,0,0,0,1,9,-1,6,3,42,7,-1,-1,-1,-1,-1,-1,0,-1
2025221545501,2025,221545501,2,9,0,-1,9,6,5,-1,0,8,0,0,0,0,1,1,-1,6,2,78,11,-1,-1,-1,-1,10,E01033062,0,1
2025221545506,2025,221545506,2,3,0,-1,19,7,3,-1,0,8,0,0,0,0,4,1,-1,6,1,17,4,-1,-1,-1,-1,2,E01028934,0,2
2025221545506,2025,221545506,1,9,0,-1,9,1,7,-1,0,6,0,0,0,0,1,1,-1,2,1,51,8,-1,-1,-1,-1,7,E01028954,0,3
2025221545508,2025,221545508,1,9,0,-1,9,5,7,-1,0,5,0,0,0,0,1,1,-1,9,1,22,5,-1,-1,-1,-1,8,E01032223,0,4
2025221545508,2025,221545508,2,9,0,-1,19,1,5,-1,0,8,0,0,0,0,1,1,-1,9,1,86,11,-1,-1,-1,-1,4,E01032201,0,1
2025221545583,2025,221545583,1,21,1,-1,19,2,1,-1,0,0,5,0,1,7,4,1,-1,1,1,46,8,-1,-1,-1,-1,3,E01000089,0,5
2025221545584,2025,221545584,1,19,0,-1,19,8,3,-1,0,4,0,0,0,0,3,1,-1,2,1,66,10,-1,-1,-1,-1,8,E01014087,0,1
2025221545584,2025,221545584,2,3,0,-1,9,6,3,-1,0,8,0,0,0,0,4,1,-1,6,1,56,9,-1,-1,-1,-1,6,E01014078,0,1
2025221545799,2025,221545799,1,4,0,-1,19,4,2,-1,0,0,0,12,0,0,1,1,-1,6,1,64,9,-1,-1,-1,-1,5,E01014063,0,2
2025221546080,2025,221546080,2,9,0,-1,19,2,6,-1,0,0,0,4,0,0,4,1,-1,2,1,62,9,-1,-1,-1,-1,7,W01000497,0,3
2025221546080,2025,221546080,3,9,0,-1,19,6,2,-1,0,0,0,0,0,0,2,1,-1,6,1,30,6,-1,-1,-1,-1,4,E01001463,0,5
2025221546080,2025,221546080,1,19,0,-1,2,0,0,-1,0,0,0,0,0,0,2,1,-1,6,1,60,9,-1,-1,-1,-1,5,E01028888,0,3
2025221546368,2025,221546368,1,9,0,-1,1,4,8,-1,9,6,0,0,0,0,3,1,-1,6,1,68,10,-1,-1,-1,-1,9,E01033243,0,1
2025221546494,2025,221546494,1,3,0,-1,19,3,7,-1,0,4,0,0,0,0,1,1,-1,6,1,19,4,-1,-1,-1,-1,-1,-1,0,-1
2025221546494,2025,221546494,2,9,0,-1,19,1,5,-1,0,3,0,0,0,0,4,1,-1,6,2,44,7,-1,-1,-1,-1,4,E01035078,0,1
2025221546959,2025,221546959,2,9,0,-1,8,4,6,-1,0,1,0,0,0,0,2,1,-1,6,2,60,9,-1,-1,-1,-1,3,E01028853,0,1
2025221546959,2025,221546959,1,9,0,-1,4,4,8,-1,0,1,0,0,0,0,1,9,-1,6,1,37,7,-1,-1,-1,-1,5,E01028886,0,4
2025221546972,2025,221546972,1,11,0,-1,19,4,8,-1,0,0,0,4,0,0,1,9,-1,1,1,51,8,-1,-1,-1,-1,6,E01014207,0,1
2025221546972,2025,221546972,2,9,0,-1,2,0,0,-1,0,0,0,0,0,0,2,9,-1,9,2,47,8,-1,-1,-1,-1,3,E01014139,0,1
2025221547051,2025,221547051,2,1,0,-1,14,2,6,-1,0,0,0,0,7,0,1,1,-1,6,1,37,7,-1,-1,-1,-1,7,E01014093,0,1
2025221547051,2025,221547051,1,9,0,-1,12,2,6,-1,0,0,0,0,0,0,3,1,-1,6,1,62,9,-1,-1,-1,-1,6,E01014095,0,1
2025221547052,2025,221547052,1,3,0,-1,19,7,3,-1,0,0,1,0,0,0,3,1,-1,2,1,31,6,-1,-1,-1,-1,8,E01032186,0,1
2025221547179,2025,221547179,2,9,0,-1,9,6,3,-1,0,5,0,0,0,0,1,9,-1,6,1,33,6,-1,-1,-1,-1,8,E01032446,0,1
2025221547179,2025,221547179,1,9,0,-1,19,2,6,-1,0,8,0,0,0,0,1,9,-1,6,1,20,4,-1,-1,-1,-1,2,E01032465,0,1
2025221547297,2025,221547297,1,9,0,-1,7,6,8,-1,0,4,0,9,0,0,1,9,-1,6,1,47,8,-1,-1,-1,-1,7,E01032286,0,2
2025221547312,2025,221547312,2,9,0,-1,19,6,2,-1,0,8,0,0,0,0,1,9,-1,6,1,30,6,-1,-1,-1,-1,2,E01009837,0,2
2025221547312,2025,221547312,1,19,0,-1,9,8,6,-1,0,6,0,0,0,0,1,9,-1,1,1,48,8,-1,-1,-1,-1,8,E01010329,0,4
2025221547321,2025,221547321,1,5,0,-1,19,6,2,-1,0,8,1,0,1,0,1,1,-1,9,1,19,4,-1,-1,-1,-1,6,E01028850,0,3
2025221547565,2025,221547565,1,9,0,-1,19,5,1,-1,0,0,0,10,7,4,1,1,-1,9,1,88,11,-1,-1,-1,-1,-1,-1,0,-1
2025221547808,2025,221547808,1,9,0,-1,19,4,8,-1,0,0,0,0,0,0,4,9,-1,2,2,43,7,-1,-1,-1,-1,2,E01032239,0,2
2025221547843,2025,221547843,1,9,0,-1,7,6,8,-1,0,6,0,0,0,0,1,9,-1,6,1,47,8,-1,-1,-1,-1,10,E01032271,0,2
2025221547851,2025,221547851,1,9,0,-1,19,6,3,-1,0,0,2,6,0,0,1,9,-1,6,2,35,6,-1,-1,-1,-1,1,E01032311,0,3
2025221547892,2025,221547892,2,9,0,-1,2,0,0,-1,0,1,0,0,0,0,1,1,-1,6,1,85,11,-1,-1,-1,-1,4,E01014026,0,1
2025221547892,2025,221547892,1,9,0,-1,1,3,8,-1,0,8,0,4,1,11,2,1,-1,6,2,77,11,-1,-1,-1,-1,6,E01014092,0,1
2025221548046,2025,221548046,2,9,0,-1,3,4,1,-1,0,1,0,0,0,0,2,1,-1,1,1,24,5,-1,-1,-1,-1,3,E01034047,0,4
2025221548046,2025,221548046,1,9,0,-1,19,4,1,-1,0,4,0,0,0,0,1,1,-1,6,1,45,7,-1,-1,-1,-1,-1,-1,0,-1
2025221548117,2025,221548117,2,19,0,-1,19,6,2,-1,0,0,0,0,0,0,1,1,-1,1,1,31,6,-1,-1,-1,-1,7,E01014082,0,4
2025221548117,2025,221548117,1,19,0,-1,19,2,6,-1,0,0,0,0,7,0,1,1,-1,1,1,43,7,-1,-1,-1,-1,5,E01014076,0,4
2025221548117,2025,221548117,3,19,0,-1,19,6,2,-1,0,0,0,0,0,0,3,1,-1,1,1,24,5,-1,-1,-1,-1,7,E01014651,0,4
2025221548170,2025,221548170,1,9,0,-1,9,1,6,-1,0,5,0,0,0,0,1,9,-1,2,1,29,6,-1,-1,-1,-1,5,E01032174,0,1
2025221548171,2025,221548171,1,9,0,-1,4,8,4,-1,0,0,1,0,0,0,1,1,-1,2,2,44,7,-1,-1,-1,-1,6,E01014089,0,2
2025221548171,2025,221548171,2,9,0,-1,4,8,4,-1,0,0,1,0,0,0,2,1,-1,2,1,38,7,-1,-1,-1,-1,7,E01014081,0,2
2025221548171,2025,221548171,3,9,0,-1,19,8,4,-1,0,0,1,0,8,11,1,1,-1,6,1,28,6,-1,-1,-1,-1,6,E01014084,0,2
2025221548236,2025,221548236,1,9,0,-1,19,2,6,-1,0,3,0,10,7,11,4,9,-1,9,1,19,4,-1,-1,-1,-1,4,E01028871,0,2
2025221548373,2025,221548373,1,9,0,-1,13,1,5,-1,0,0,0,0,7,2,1,9,-1,9,1,18,4,-1,-1,-1,-1,5,E01028864,0,2
2025221548435,2025,221548435,1,19,0,-1,19,6,2,-1,0,1,0,0,0,0,4,1,-1,6,3,29,6,-1,-1,-1,-1,-1,-1,0,-1
2025221548630,2025,221548630,1,8,0,-1,1,8,4,-1,0,0,0,0,0,0,2,1,-1,1,1,55,8,-1,-1,-1,-1,4,E01014121,0,1
2025221548655,2025,221548655,1,9,0,-1,1,6,2,-1,0,0,0,0,0,0,2,9,-1,9,2,24,5,-1,-1,-1,-1,2,E01028983,0,1
2025221548732,2025,221548732,1,9,0,-1,9,1,7,-1,0,6,1,0,0,0,1,1,-1,2,2,43,7,-1,-1,-1,-1,7,E01035082,0,3
2025221548732,2025,221548732,2,9,0,-1,13,7,3,-1,0,8,1,0,1,0,1,9,-1,2,2,21,5,-1,-1,-1,-1,7,E01035064,0,2
2025221548808,2025,221548808,2,3,0,-1,19,1,5,-1,0,8,0,0,1,0,3,1,-1,6,1,24,5,-1,-1,-1,-1,1,E01029007,0,2
2025221548808,2025,221548808,1,9,0,-1,9,3,1,-1,0,6,1,0,0,0,2,9,-1,6,3,58,9,-1,-1,-1,-1,-1,-1,0,-1
2025221549516,2025,221549516,1,9,0,-1,9,6,3,-1,0,6,0,0,0,0,1,1,-1,9,2,80,11,-1,-1,-1,-1,5,E01028881,0,1
2025221549516,2025,221549516,2,5,0,-1,19,3,8,-1,0,8,0,0,0,0,1,1,-1,9,1,52,8,-1,-1,-1,-1,8,E01018515,0,4
2025221549675,2025,221549675,1,9,0,-1,19,2,6,-1,0,0,5,0,1,0,3,1,-1,2,1,36,7,-1,-1,-1,-1,6,E01014053,0,3
2025221549675,2025,221549675,2,9,0,-1,19,6,2,-1,0,0,1,0,1,0,1,1,-1,2,2,25,5,-1,-1,-1,-1,5,E01014021,0,1
2025221549695,2025,221549695,2,9,0,-1,19,8,5,-1,0,0,0,0,1,10,1,9,-1,6,1,52,8,-1,-1,-1,-1,5,E01014014,0,1
2025221549695,2025,221549695,1,9,0,-1,19,5,8,-1,0,0,0,0,0,0,1,9,-1,6,2,19,4,-1,-1,-1,-1,5,E01014025,0,2
2025221549695,2025,221549695,3,9,0,-1,19,8,5,-1,0,0,0,0,0,0,1,9,-1,6,1,60,9,-1,-1,-1,-1,10,E01014067,0,4
2025221549829,2025,221549829,2,9,0,-1,19,7,3,-1,0,8,0,0,0,0,1,9,-1,6,1,53,8,-1,-1,-1,-1,7,W01000484,0,3
2025221549829,2025,221549829,1,16,0,-1,19,1,5,-1,0,6,0,0,0,0,1,1,-1,1,1,21,5,-1,-1,-1,-1,5,W01000455,0,4
2025221550144,2025,221550144,1,9,0,-1,1,1,5,-1,0,1,0,0,0,0,2,9,-1,6,1,-1,-1,-1,-1,-1,-1,10,E01032144,0,1
2025221550172,2025,221550172,1,9,0,-1,4,7,3,-1,0,0,0,4,7,10,1,9,-1,6,2,73,10,-1,-1,-1,-1,8,E01032176,0,1
2025221550172,2025,221550172,2,9,0,-1,2,0,0,-1,0,0,0,0,0,0,3,9,-1,6,1,76,11,-1,-1,-1,-1,5,E01032129,0,1
2025221550236,2025,221550236,2,19,0,-1,19,8,4,-1,0,0,0,0,0,0,1,1,-1,6,1,31,6,-1,-1,-1,-1,5,E01032193,0,1
2025221550236,2025,221550236,1,9,0,-1,19,4,8,-1,0,0,1,0,0,0,1,1,-1,2,2,56,9,-1,-1,-1,-1,7,E01028995,0,1
2025221550264,2025,221550264,1,9,0,-1,7,6,8,-1,0,5,0,0,0,0,2,1,-1,7,2,46,8,-1,-1,-1,-1,9,E01032141,0,1
2025221550264,2025,221550264,2,19,0,-1,19,6,2,-1,0,8,0,0,0,0,1,1,-1,1,1,35,6,-1,-1,-1,-1,2,E01010019,0,3
2025221550279,2025,221550279,1,5,0,-1,9,2,8,-1,0,6,1,0,0,0,3,1,-1,9,1,65,9,-1,-1,-1,-1,6,E01028850,0,1
2025221550540,2025,221550540,2,9,0,-1,19,2,7,-1,0,8,0,0,0,0,1,9,-1,6,1,32,6,-1,-1,-1,-1,2,E01014199,0,1
2025221550540,2025,221550540,1,19,0,-1,9,4,2,-1,0,5,0,0,0,0,3,9,-1,1,1,24,5,-1,-1,-1,-1,2,E01010531,0,4
2025221550664,2025,221550664,1,9,0,-1,9,4,2,-1,0,5,0,0,0,0,4,1,-1,6,1,55,8,-1,-1,-1,-1,3,E01014143,0,1
2025221550664,2025,221550664,2,3,0,-1,19,8,4,-1,0,8,0,0,0,0,1,1,-1,6,1,44,7,-1,-1,-1,-1,4,E01014187,0,1
2025221550698,2025,221550698,1,9,0,-1,4,3,7,-1,0,0,0,0,0,0,2,1,-1,6,1,77,11,-1,-1,-1,-1,6,E01032263,0,1
2025221550698,2025,221550698,2,9,0,-1,19,3,7,-1,0,0,0,0,0,0,1,1,-1,6,2,28,6,-1,-1,-1,-1,7,E01032253,0,1
2025221550698,2025,221550698,3,21,0,-1,19,3,7,-1,0,0,0,0,0,0,1,1,-1,1,1,55,8,-1,-1,-1,-1,9,E01032173,0,3
2025221550825,2025,221550825,2,9,0,-1,2,0,0,-1,0,1,0,0,0,0,4,1,-1,9,1,45,7,-1,-1,-1,-1,2,E01009832,0,4
2025221550825,2025,221550825,1,20,0,-1,14,3,7,-1,0,2,0,0,0,0,4,1,-1,9,1,65,9,-1,-1,-1,-1,5,E01032414,0,1
2025221551092,2025,221551092,2,11,0,-1,19,3,8,-1,0,0,0,0,0,0,1,9,-1,1,2,65,9,-1,-1,-1,-1,10,E01028972,0,3
2025221551092,2025,221551092,1,19,0,-1,19,8,3,-1,0,0,1,0,1,0,1,9,-1,2,1,24,5,-1,-1,-1,-1,5,E01028895,0,3
2025221551102,2025,221551102,1,9,0,-1,14,4,8,-1,0,0,0,0,0,0,3,9,-1,6,2,46,8,-1,-1,-1,-1,-1,-1,0,-1
2025221551102,2025,221551102,2,2,0,-1,19,8,4,-1,0,0,1,0,0,0,4,1,-1,9,1,18,4,-1,-1,-1,-1,4,E01035077,0,1
2025221551212,2025,221551212,1,9,0,-1,9,4,2,-1,0,5,0,0,0,0,1,1,-1,6,2,62,9,-1,-1,-1,-1,2,E01032241,0,1
2025221551315,2025,221551315,1,9,0,-1,19,3,8,-1,0,6,0,0,1,11,1,1,-1,6,1,55,8,-1,-1,-1,-1,4,E01032415,0,1
2025221551500,2025,221551500,2,9,0,-1,19,3,7,-1,0,0,0,0,1,0,1,1,-1,2,1,55,8,-1,-1,-1,-1,-1,-1,0,-1
2025221551500,2025,221551500,3,9,0,-1,19,7,3,-1,0,0,0,0,0,0,0,1,-1,6,1,37,7,-1,-1,-1,-1,-1,-1,0,-1
2025221551500,2025,221551500,1,9,0,-1,13,7,3,-1,0,0,1,0,7,0,1,1,-1,9,1,33,6,-1,-1,-1,-1,4,E01001216,0,5
2025221551505,2025,221551505,2,9,0,-1,19,8,4,-1,0,8,1,0,0,0,1,1,-1,6,1,19,4,-1,-1,-1,-1,6,E01031209,0,4
2025221551505,2025,221551505,1,9,0,-1,7,2,4,-1,0,6,0,0,0,0,1,1,-1,6,2,44,7,-1,-1,-1,-1,7,E01032352,0,1
2025221551558,2025,221551558,1,3,0,-1,19,6,1,-1,0,0,1,0,0,0,4,1,-1,2,1,44,7,-1,-1,-1,-1,10,E01029678,0,4
2025221552141,2025,221552141,1,9,0,-1,9,4,2,-1,0,6,0,0,0,0,1,1,-1,9,1,29,6,-1,-1,-1,-1,9,E01032183,0,2
2025221552141,2025,221552141,2,9,0,-1,19,1,4,-1,0,6,0,0,0,0,1,1,-1,9,1,30,6,-1,-1,-1,-1,9,E01032185,0,1
2025221552550,2025,221552550,1,9,0,-1,19,8,4,-1,0,0,2,0,0,0,1,9,-1,6,2,63,9,-1,-1,-1,-1,4,E01029010,0,3
2025221552582,2025,221552582,1,9,0,-1,19,5,1,-1,0,8,0,0,0,0,4,1,-1,6,1,54,8,-1,-1,-1,-1,8,E01032299,0,1
2025221552582,2025,221552582,2,8,0,-1,19,7,3,-1,0,6,0,0,0,0,1,1,-1,1,1,42,7,-1,-1,-1,-1,9,E01032337,0,1
2025221552673,2025,221552673,2,9,0,-1,19,3,7,-1,0,4,0,0,0,0,3,1,-1,6,2,45,7,-1,-1,-1,-1,-1,-1,0,-1
2025221552673,2025,221552673,1,1,0,-1,19,1,5,-1,0,8,0,0,0,0,4,1,-1,2,1,46,8,-1,-1,-1,-1,7,E01014157,0,2
2025221552698,2025,221552698,3,19,0,-1,4,1,5,-1,0,0,0,0,0,0,2,1,-1,6,1,31,6,-1,-1,-1,-1,1,E01009485,0,4
2025221552698,2025,221552698,2,9,0,-1,4,1,5,-1,0,0,0,0,0,0,2,1,-1,6,1,59,9,-1,-1,-1,-1,2,E01009795,0,4
2025221552698,2025,221552698,4,9,0,-1,4,1,5,-1,0,0,0,0,0,0,2,1,-1,6,1,32,6,-1,-1,-1,-1,2,E01013933,0,5
2025221552698,2025,221552698,1,19,0,-1,19,1,5,-1,0,0,0,0,0,0,1,1,-1,6,1,38,7,-1,-1,-1,-1,2,E01026949,0,5
2025221552705,2025,221552705,1,9,0,-1,7,4,7,-1,0,7,0,0,0,0,4,1,-1,6,2,53,8,-1,-1,-1,-1,5,E01014025,0,2
2025221552705,2025,221552705,2,9,0,-1,4,3,7,-1,0,8,0,0,0,0,2,1,-1,7,2,20,4,-1,-1,-1,-1,6,E01014089,0,1
2025221552801,2025,221552801,1,3,0,-1,19,4,8,-1,9,0,1,0,0,0,1,1,-1,6,1,19,4,-1,-1,-1,-1,-1,-1,0,-1
2025221552970,2025,221552970,1,9,0,-1,19,5,8,-1,0,4,0,0,0,0,3,9,-1,6,1,48,8,-1,-1,-1,-1,5,E01014035,0,1
2025221552970,2025,221552970,2,3,0,-1,19,4,8,-1,0,8,0,0,0,0,1,1,-1,6,1,17,4,-1,-1,-1,-1,6,E01022233,0,2
2025221553035,2025,221553035,1,9,0,-1,9,6,3,-1,0,3,0,0,0,0,1,1,-1,6,1,35,6,-1,-1,-1,-1,6,E01035066,0,2
2025221553035,2025,221553035,2,9,0,-1,4,6,3,-1,0,8,0,0,0,0,2,1,-1,7,2,22,5,-1,-1,-1,-1,6,E01035065,0,2
2025221553239,2025,221553239,1,9,0,-1,19,4,8,-1,0,0,0,0,0,0,1,1,-1,9,2,21,5,-1,-1,-1,-1,1,E01007011,0,4
2025221553239,2025,221553239,2,9,0,-1,19,8,4,-1,0,0,0,0,7,0,1,1,-1,2,1,30,6,-1,-1,-1,-1,7,E01034673,0,4
2025221553286,2025,221553286,1,9,0,-1,9,3,1,-1,0,5,0,0,0,0,3,9,-1,9,1,85,11,-1,-1,-1,-1,5,E01032203,0,1
2025221553446,2025,221553446,1,9,0,-1,19,4,8,-1,0,0,5,0,0,0,3,9,-1,9,1,82,11,-1,-1,-1,-1,5,E01014000,0,2
2025221553489,2025,221553489,1,9,0,-1,19,7,2,-1,0,0,0,0,7,11,1,9,-1,6,1,17,4,-1,-1,-1,-1,5,E01029627,0,2
2025221553671,2025,221553671,2,9,0,-1,19,1,5,-1,0,8,0,0,0,0,3,1,-1,2,2,51,8,-1,-1,-1,-1,1,E01014200,0,1
2025221553671,2025,221553671,1,3,0,-1,19,1,5,-1,0,8,1,0,0,0,4,1,-1,2,1,17,4,-1,-1,-1,-1,4,E01029666,0,4
2025221553771,2025,221553771,1,19,0,-1,1,5,1,-1,0,0,0,0,0,0,2,9,-1,6,1,47,8,-1,-1,-1,-1,5,E01028832,0,1
2025221553774,2025,221553774,1,9,0,-1,19,4,7,-1,0,0,0,0,0,0,1,1,-1,6,1,34,6,-1,-1,-1,-1,4,E01035077,0,1
2025221554126,2025,221554126,2,9,0,-1,3,5,1,-1,0,0,0,0,0,0,2,9,-1,6,2,59,9,-1,-1,-1,-1,3,E01028903,0,1
2025221554126,2025,221554126,1,21,5,-1,19,5,1,-1,0,0,0,0,0,0,1,9,-1,1,1,60,9,-1,-1,-1,-1,4,E01035071,0,4
2025221554126,2025,221554126,3,9,0,-1,3,5,1,-1,0,0,0,0,0,0,2,9,-1,6,2,68,10,-1,-1,-1,-1,6,W01001930,0,3
2025221554167,2025,221554167,1,8,0,-1,5,2,6,-1,0,2,0,0,0,0,3,1,-1,1,1,47,8,-1,-1,-1,-1,2,E01032435,0,2
2025221554225,2025,221554225,4,19,0,-1,4,8,4,-1,0,0,0,0,0,0,3,1,-1,6,1,39,7,-1,-1,-1,-1,7,E01028998,0,4
2025221554225,2025,221554225,2,9,0,-1,4,8,4,-1,0,0,0,0,0,0,2,1,-1,6,1,49,8,-1,-1,-1,-1,6,W01000475,0,4
2025221554225,2025,221554225,3,9,0,-1,4,8,4,-1,0,0,0,0,0,0,4,1,-1,6,1,55,8,-1,-1,-1,-1,10,W01000175,0,4
2025221554225,2025,221554225,1,9,0,-1,19,8,4,-1,0,0,1,0,0,0,1,1,-1,6,1,43,7,-1,-1,-1,-1,3,E01033526,0,4
2025221554493,2025,221554493,1,11,0,-1,9,7,5,-1,0,5,0,0,0,0,1,1,-1,1,1,62,9,-1,-1,-1,-1,5,E01014035,0,4
2025221554600,2025,221554600,1,19,0,-1,19,4,7,-1,0,0,0,10,0,0,4,1,-1,6,1,29,6,-1,-1,-1,-1,5,E01009749,0,3
2025221554929,2025,221554929,2,9,0,-1,19,6,2,-1,0,8,0,0,0,0,4,1,-1,9,1,50,8,-1,-1,-1,-1,1,E01032331,0,1
2025221554929,2025,221554929,1,9,0,-1,7,7,2,-1,0,6,0,0,0,0,1,9,-1,6,3,22,5,-1,-1,-1,-1,-1,-1,0,-1
2025221554947,2025,221554947,1,11,0,-1,19,4,8,-1,0,0,0,0,1,0,1,9,-1,1,1,48,8,-1,-1,-1,-1,6,E01034797,0,4
2025221555135,2025,221555135,2,11,0,-1,19,3,7,-1,0,0,0,0,0,0,2,9,-1,1,1,56,9,-1,-1,-1,-1,-1,-1,0,-1
2025221555135,2025,221555135,1,3,0,-1,19,3,7,-1,0,0,0,0,0,0,1,1,-1,6,1,55,8,-1,-1,-1,-1,5,E01028931,0,2
2025221555149,2025,221555149,2,17,4,-1,19,8,4,-1,0,0,0,0,0,0,3,9,-1,1,1,77,11,-1,-1,-1,-1,7,E01029574,0,1
2025221555149,2025,221555149,1,9,0,-1,19,4,8,-1,0,0,0,0,2,10,3,9,-1,6,1,75,10,-1,-1,-1,-1,4,E01029575,0,1
2025221555201,2025,221555201,1,9,0,-1,9,8,6,-1,0,5,0,0,0,0,1,9,-1,6,2,76,11,-1,-1,-1,-1,3,E01014152,0,1
2025221555201,2025,221555201,2,9,0,-1,19,4,8,-1,0,8,0,0,0,0,1,1,-1,2,1,47,8,-1,-1,-1,-1,9,E01014134,0,2
2025221555219,2025,221555219,1,19,0,-1,1,6,2,-1,0,0,1,0,0,0,2,1,-1,1,1,44,7,-1,-1,-1,-1,9,E01029784,0,4
2025221555222,2025,221555222,1,9,0,-1,13,4,1,-1,0,0,0,0,0,0,4,1,-1,1,1,48,8,-1,-1,-1,-1,8,E01028936,0,3
2025221555222,2025,221555222,2,1,0,-1,19,4,1,-1,0,0,0,0,0,0,3,1,-1,6,2,30,6,-1,-1,-1,-1,4,E01014136,0,1
2025221555245,2025,221555245,1,9,0,-1,19,8,3,-1,0,0,1,0,7,0,1,1,-1,6,1,29,6,-1,-1,-1,-1,2,E01028873,0,3
2025221555276,2025,221555276,2,9,0,-1,2,0,0,-1,0,0,0,0,0,0,1,9,-1,6,1,48,8,-1,-1,-1,-1,5,E01028931,0,1
2025221555276,2025,221555276,1,9,0,-1,19,8,4,-1,0,0,0,4,0,0,1,9,-1,6,2,26,6,-1,-1,-1,-1,4,E01028958,0,1
2025221555340,2025,221555340,2,9,0,-1,19,2,8,-1,0,8,0,0,0,0,1,1,-1,6,2,85,11,-1,-1,-1,-1,9,E01013987,0,1
2025221555340,2025,221555340,1,9,0,-1,9,5,2,-1,0,6,0,0,0,0,3,1,-1,2,2,38,7,-1,-1,-1,-1,6,E01014088,0,1
2025221555374,2025,221555374,1,19,0,-1,19,4,8,-1,0,0,0,0,1,10,1,1,-1,1,1,29,6,-1,-1,-1,-1,8,E01032446,0,2
2025221555504,2025,221555504,1,9,0,-1,19,4,8,-1,0,0,0,10,1,11,1,1,-1,1,1,20,4,-1,-1,-1,-1,10,E01032323,0,1
2025221555803,2025,221555803,1,9,0,-1,19,8,4,-1,0,0,5,4,0,0,1,1,-1,6,1,41,7,-1,-1,-1,-1,6,E01014078,0,1
2025221555803,2025,221555803,2,9,0,-1,2,0,0,-1,0,0,0,0,0,0,2,9,-1,6,2,22,5,-1,-1,-1,-1,7,E01014075,0,1
2025221556141,2025,221556141,2,9,0,-1,7,5,8,-1,0,3,0,0,0,0,0,1,-1,2,2,44,7,-1,-1,-1,-1,1,E01014142,0,2
2025221556141,2025,221556141,1,19,0,-1,7,5,8,-1,0,3,0,0,0,0,1,1,-1,2,1,27,6,-1,-1,-1,-1,7,E01014157,0,1
2025221556536,2025,221556536,1,19,0,-1,12,1,8,-1,0,5,0,0,0,0,3,1,-1,6,1,56,9,-1,-1,-1,-1,-1,-1,0,-1
2025221556547,2025,221556547,1,9,0,-1,13,7,4,-1,0,0,0,0,0,0,4,1,-1,6,1,88,11,-1,-1,-1,-1,2,E01009783,0,4
2025221556547,2025,221556547,2,1,0,-1,19,7,4,-1,0,0,0,0,0,0,3,1,-1,9,1,58,9,-1,-1,-1,-1,8,E01028830,0,3