collision_index,collision_year,collision_ref_no,vehicle_reference,vehicle_type,towing_and_articulation,vehicle_manoeuvre_historic,vehicle_manoeuvre,vehicle_direction_from,vehicle_direction_to,vehicle_location_restricted_lane_historic,vehicle_location_restricted_lane,junction_location,skidding_and_overturning,hit_object_in_carriageway,vehicle_leaving_carriageway,hit_object_off_carriageway,first_point_of_impact,vehicle_left_hand_drive,journey_purpose_of_driver_historic,journey_purpose_of_driver,sex_of_driver,age_of_driver,age_band_of_driver,engine_capacity_cc,propulsion_code,age_of_vehicle,generic_make_model,driver_imd_decile,lsoa_of_driver,escooter_flag,driver_distance_banding
2025221573712,2025,221573712,2,9,0,-1,19,6,2,-1,0,0,0,0,1,0,1,1,-1,6,1,61,9,-1,-1,-1,-1,5,E01029011,0,2
2025221573712,2025,221573712,1,9,0,-1,19,2,6,-1,0,0,0,0,0,0,1,1,-1,6,1,58,9,-1,-1,-1,-1,1,E01010466,0,4
2025221574122,2025,221574122,1,5,0,-1,19,8,1,-1,0,0,1,0,1,0,3,1,-1,9,1,22,5,-1,-1,-1,-1,10,E01022118,0,4
2025221574122,2025,221574122,2,9,0,-1,19,1,8,-1,0,0,0,0,0,0,3,1,-1,9,1,37,7,-1,-1,-1,-1,9,E01027284,0,4
2025221574182,2025,221574182,2,1,0,-1,19,6,2,-1,0,0,1,0,0,0,1,1,-1,9,1,13,3,-1,-1,-1,-1,-1,-1,0,-1
2025221574182,2025,221574182,1,9,0,-1,19,2,6,-1,0,0,1,0,0,0,1,1,-1,9,2,53,8,-1,-1,-1,-1,-1,-1,0,-1
2025221574189,2025,221574189,1,9,0,-1,19,1,5,-1,0,8,0,0,0,0,1,1,-1,6,2,29,6,-1,-1,-1,-1,8,E01013996,0,2
2025221574189,2025,221574189,2,9,0,-1,5,2,6,-1,0,6,0,0,0,0,2,1,-1,6,1,80,11,-1,-1,-1,-1,4,E01014026,0,1
2025221574205,2025,221574205,1,9,0,-1,19,5,2,-1,0,8,0,0,0,0,4,1,-1,6,1,27,6,-1,-1,-1,-1,2,E01008946,0,2
2025221574205,2025,221574205,2,9,0,-1,12,5,2,-1,0,8,0,0,0,0,3,9,-1,6,1,30,6,-1,-1,-1,-1,3,E01009178,0,2
2025221574323,2025,221574323,1,5,0,-1,19,4,8,-1,0,0,1,0,0,0,3,1,-1,9,1,62,9,-1,-1,-1,-1,5,E01032198,0,2
2025221574670,2025,221574670,1,90,0,-1,19,3,7,-1,9,0,0,0,0,0,4,9,-1,9,1,19,4,-1,-1,-1,-1,1,E01032434,0,1
2025221574746,2025,221574746,1,9,0,-1,19,4,8,-1,0,0,0,0,7,4,1,9,-1,6,1,37,7,-1,-1,-1,-1,9,E01029654,0,2
2025221574770,2025,221574770,1,9,0,-1,9,7,5,-1,0,5,0,0,7,0,2,9,-1,6,1,74,10,-1,-1,-1,-1,2,E01032464,0,1
2025221574770,2025,221574770,2,1,0,-1,19,2,7,-1,0,8,0,0,0,0,1,1,-1,6,1,50,8,-1,-1,-1,-1,5,E01032447,0,1
2025221574894,2025,221574894,1,9,0,-1,19,6,2,-1,0,6,1,0,1,1,3,9,-1,6,1,26,6,-1,-1,-1,-1,2,E01032239,0,1
2025221574894,2025,221574894,2,9,0,-1,19,3,7,-1,0,8,0,0,0,0,1,9,-1,1,2,26,6,-1,-1,-1,-1,8,E01032290,0,4
2025221574954,2025,221574954,2,9,0,-1,4,2,7,-1,0,1,0,0,0,0,2,1,-1,2,1,27,6,-1,-1,-1,-1,5,E01010022,0,4
2025221574954,2025,221574954,1,9,0,-1,19,2,7,-1,0,1,0,0,0,0,1,1,-1,6,1,46,8,-1,-1,-1,-1,7,E01032286,0,3
2025221575069,2025,221575069,2,9,0,-1,19,1,6,-1,0,8,0,0,0,0,1,1,-1,9,1,55,8,-1,-1,-1,-1,8,E01032190,0,1
2025221575069,2025,221575069,1,9,0,-1,9,3,1,-1,0,6,0,0,0,0,3,1,-1,9,1,19,4,-1,-1,-1,-1,7,E01032392,0,4
2025221575078,2025,221575078,1,9,0,-1,9,2,8,-1,0,6,0,0,0,0,3,1,-1,6,1,56,9,-1,-1,-1,-1,8,E01032463,0,1
2025221575091,2025,221575091,1,9,0,-1,19,1,6,-1,0,0,5,0,2,0,1,1,-1,9,2,26,6,-1,-1,-1,-1,6,W01000434,0,2
2025221575228,2025,221575228,1,5,0,-1,4,8,4,-1,0,0,1,0,1,9,1,1,-1,6,1,54,8,-1,-1,-1,-1,8,E01014087,0,3
2025221575462,2025,221575462,2,-1,0,-1,19,6,2,-1,0,6,0,0,0,0,4,1,-1,6,1,12,3,-1,-1,-1,-1,-1,-1,0,-1
2025221575462,2025,221575462,1,19,0,-1,19,8,4,-1,0,8,0,0,0,0,1,1,-1,6,2,54,8,-1,-1,-1,-1,1,E01032318,0,1
2025221575715,2025,221575715,2,9,0,-1,4,3,1,-1,0,1,0,0,0,0,1,1,-1,6,2,34,6,-1,-1,-1,-1,1,E01014118,0,1
2025221575715,2025,221575715,1,9,0,-1,3,1,3,-1,0,2,0,0,0,0,2,1,-1,1,1,47,8,-1,-1,-1,-1,8,E01009469,0,4
2025221575865,2025,221575865,1,9,0,-1,19,6,2,-1,0,0,0,0,0,0,1,1,-1,6,2,58,9,-1,-1,-1,-1,4,E01014016,0,4
2025221575865,2025,221575865,2,9,0,-1,19,2,6,-1,0,0,0,0,0,0,3,1,-1,6,1,37,7,-1,-1,-1,-1,6,E01014175,0,1
2025221575986,2025,221575986,1,9,0,-1,19,6,2,-1,9,0,0,10,1,0,1,1,-1,6,1,26,6,-1,-1,-1,-1,9,E01032185,0,4
2025221576154,2025,221576154,1,9,0,-1,19,4,1,-1,0,0,0,0,2,3,1,9,-1,2,1,29,6,-1,-1,-1,-1,8,E01014077,0,4
2025221576234,2025,221576234,2,9,0,-1,19,3,8,-1,0,8,0,0,0,0,1,1,-1,6,1,72,10,-1,-1,-1,-1,10,E01018698,0,4
2025221576234,2025,221576234,1,9,0,-1,9,6,3,-1,0,6,0,0,0,0,1,1,-1,6,2,23,5,-1,-1,-1,-1,4,E01028871,0,1
2025221576296,2025,221576296,1,4,0,-1,19,7,3,-1,0,0,0,10,1,0,1,1,-1,9,1,60,9,-1,-1,-1,-1,7,E01032412,0,2
2025221576441,2025,221576441,1,4,0,-1,12,4,8,-1,0,0,0,0,0,0,3,1,-1,6,1,21,5,-1,-1,-1,-1,4,E01032371,0,3
2025221576441,2025,221576441,2,9,0,-1,19,4,8,-1,0,0,0,0,0,0,4,1,-1,6,1,20,4,-1,-1,-1,-1,7,E01009170,0,1
2025221576476,2025,221576476,3,9,0,-1,19,1,5,-1,0,0,0,0,0,0,0,1,-1,6,2,36,7,-1,-1,-1,-1,6,W01000477,0,4
2025221576476,2025,221576476,1,9,0,-1,19,5,1,-1,0,0,0,0,0,0,1,1,-1,6,2,35,6,-1,-1,-1,-1,2,E01014042,0,1
2025221576476,2025,221576476,2,9,0,-1,2,5,1,-1,9,0,0,0,0,0,3,1,-1,6,2,34,6,-1,-1,-1,-1,-1,-1,0,-1
2025221576632,2025,221576632,1,19,0,-1,9,5,3,-1,0,6,0,0,0,0,1,9,-1,6,2,28,6,-1,-1,-1,-1,-1,-1,0,-1
2025221576632,2025,221576632,2,3,0,-1,19,3,7,-1,0,8,1,0,0,0,4,1,-1,2,1,56,9,-1,-1,-1,-1,2,E01032453,0,1
2025221576694,2025,221576694,2,9,0,-1,3,5,1,-1,0,0,0,0,0,0,2,1,-1,6,2,67,10,-1,-1,-1,-1,10,E01032323,0,1
2025221576694,2025,221576694,1,9,0,-1,19,5,1,-1,0,0,0,0,0,0,1,1,-1,6,1,53,8,-1,-1,-1,-1,3,E01033246,0,1
2025221576791,2025,221576791,1,9,0,-1,9,7,4,-1,0,6,0,0,0,0,1,9,-1,6,1,35,6,-1,-1,-1,-1,5,E01032475,0,1
2025221576840,2025,221576840,2,3,0,-1,19,6,8,-1,0,2,0,4,0,0,3,1,-1,6,2,29,6,-1,-1,-1,-1,8,E01032366,0,1
2025221576840,2025,221576840,1,9,0,-1,2,0,0,-1,0,1,0,0,0,0,3,1,-1,9,1,41,7,-1,-1,-1,-1,10,E01032364,0,1
2025221576924,2025,221576924,1,9,0,-1,13,4,8,-1,0,0,2,0,7,10,1,1,-1,6,1,23,5,-1,-1,-1,-1,9,E01014022,0,1
2025221576967,2025,221576967,2,9,0,-1,19,6,3,-1,0,0,0,0,0,0,1,1,-1,6,2,19,4,-1,-1,-1,-1,9,E01032429,0,1
2025221576967,2025,221576967,1,9,0,-1,19,3,6,-1,0,0,0,0,0,0,1,1,-1,6,1,25,5,-1,-1,-1,-1,4,E01032473,0,2
2025221577055,2025,221577055,1,9,0,-1,4,4,8,-1,0,1,0,0,0,0,1,1,-1,6,2,54,8,-1,-1,-1,-1,3,E01019000,0,5
2025221577055,2025,221577055,2,9,0,-1,4,4,8,-1,0,1,0,0,0,0,2,1,-1,6,1,33,6,-1,-1,-1,-1,-1,-1,0,-1
2025221577111,2025,221577111,2,3,0,-1,19,3,7,-1,0,8,0,0,0,0,1,1,-1,1,1,17,4,-1,-1,-1,-1,4,E01014001,0,2
2025221577111,2025,221577111,1,9,0,-1,9,5,3,-1,0,6,0,0,0,0,3,1,-1,1,1,63,9,-1,-1,-1,-1,5,E01014004,0,2
2025221577121,2025,221577121,2,3,0,-1,19,8,4,-1,0,0,0,0,0,0,1,1,-1,6,1,29,6,-1,-1,-1,-1,5,E01028989,0,3
2025221577121,2025,221577121,1,9,0,-1,4,8,4,-1,0,0,0,0,0,0,2,1,-1,9,1,56,9,-1,-1,-1,-1,6,E01018356,0,4
2025221577236,2025,221577236,1,9,0,-1,5,1,4,-1,0,4,0,0,0,0,1,1,-1,6,3,-1,-1,-1,-1,-1,-1,-1,-1,0,-1
2025221577236,2025,221577236,2,1,0,-1,19,7,2,-1,0,8,0,0,0,0,4,1,-1,6,1,47,8,-1,-1,-1,-1,10,E01033061,0,2
2025221577282,2025,221577282,2,9,0,-1,2,0,0,-1,0,0,0,0,0,0,2,1,-1,6,2,23,5,-1,-1,-1,-1,8,E01032184,0,1
2025221577282,2025,221577282,1,1,0,-1,14,6,2,-1,0,0,0,4,0,0,1,1,-1,2,1,31,6,-1,-1,-1,-1,-1,-1,0,-1
2025221577340,2025,221577340,1,9,0,-1,19,5,2,-1,0,8,0,0,0,0,1,1,-1,9,1,37,7,-1,-1,-1,-1,8,E01032285,0,1
2025221577382,2025,221577382,2,1,0,-1,4,5,1,-1,0,0,0,0,1,0,3,1,-1,9,1,71,10,-1,-1,-1,-1,9,E01010494,0,3
2025221577382,2025,221577382,1,9,0,-1,19,1,5,-1,0,0,0,0,0,0,3,1,-1,6,1,23,5,-1,-1,-1,-1,3,E01010533,0,3
2025221577608,2025,221577608,3,5,0,-1,19,4,8,-1,0,1,0,0,0,0,0,1,-1,1,1,49,8,-1,-1,-1,-1,7,E01014157,0,4
2025221577608,2025,221577608,1,5,0,-1,19,4,8,-1,0,8,0,0,7,0,1,1,-1,6,1,31,6,-1,-1,-1,-1,1,E01014120,0,4
2025221577608,2025,221577608,2,19,0,-1,9,8,7,-1,0,5,0,0,0,0,3,9,-1,6,1,58,9,-1,-1,-1,-1,5,E01028881,0,1
2025221577627,2025,221577627,1,9,0,-1,19,4,8,-1,0,0,0,10,1,0,1,9,-1,2,1,38,7,-1,-1,-1,-1,4,E01028849,0,4
2025221577665,2025,221577665,1,9,0,-1,19,7,2,-1,0,0,2,0,0,0,1,9,-1,9,2,18,4,-1,-1,-1,-1,2,W01000480,0,3
2025221577681,2025,221577681,1,9,0,-1,19,1,5,-1,0,0,0,0,7,9,1,9,-1,2,2,34,6,-1,-1,-1,-1,8,W01000391,0,3
2025221577695,2025,221577695,1,3,0,-1,13,8,4,-1,0,8,0,0,0,0,1,1,-1,1,1,23,5,-1,-1,-1,-1,5,E01014018,0,3
2025221577695,2025,221577695,2,19,0,-1,9,8,6,-1,0,5,0,0,0,0,3,9,-1,1,1,55,8,-1,-1,-1,-1,6,E01014095,0,1
2025221578066,2025,221578066,2,9,0,-1,19,7,3,-1,0,8,0,10,0,0,3,1,-1,9,2,43,7,-1,-1,-1,-1,7,E01029653,0,2
2025221578066,2025,221578066,1,9,0,-1,9,3,1,-1,0,5,0,0,0,0,0,1,-1,6,2,26,6,-1,-1,-1,-1,1,E01032434,0,1
2025221578221,2025,221578221,1,19,0,-1,19,4,8,-1,0,0,0,0,1,3,4,9,-1,6,1,22,5,-1,-1,-1,-1,4,E01010488,0,4
2025221578248,2025,221578248,1,9,0,-1,19,8,2,-1,0,0,0,0,7,9,1,9,-1,9,1,23,5,-1,-1,-1,-1,9,E01032243,0,3
2025221578284,2025,221578284,2,9,0,-1,19,5,1,-1,0,0,0,0,0,0,1,9,-1,6,2,28,6,-1,-1,-1,-1,1,E01009214,0,1
2025221578284,2025,221578284,1,8,0,-1,6,5,5,-1,0,0,0,0,0,0,3,9,-1,1,1,66,10,-1,-1,-1,-1,3,E01008973,0,2
2025221578319,2025,221578319,2,9,0,-1,4,1,5,-1,0,0,0,0,0,0,2,1,-1,6,2,61,9,-1,-1,-1,-1,8,E01028923,0,1
2025221578319,2025,221578319,1,9,0,-1,19,1,5,-1,0,0,0,0,0,0,1,1,-1,6,1,63,9,-1,-1,-1,-1,1,E01024875,0,5
2025221578417,2025,221578417,1,9,0,-1,7,7,1,-1,0,6,0,0,0,0,1,1,-1,6,1,74,10,-1,-1,-1,-1,7,E01032317,0,1
2025221578494,2025,221578494,3,9,0,-1,19,3,7,-1,0,8,0,0,0,0,1,1,-1,6,1,75,10,-1,-1,-1,-1,9,E01014177,0,2
2025221578494,2025,221578494,1,19,0,-1,19,1,5,-1,0,6,0,0,0,0,3,1,-1,1,1,32,6,-1,-1,-1,-1,8,E01010504,0,4
2025221578494,2025,221578494,2,9,0,-1,19,7,3,-1,0,8,0,0,0,0,1,1,-1,2,1,43,7,-1,-1,-1,-1,8,E01028883,0,2
2025221578644,2025,221578644,1,4,0,-1,13,1,5,-1,0,8,0,0,0,0,1,1,-1,6,1,28,6,-1,-1,-1,-1,2,E01014199,0,3
2025221578644,2025,221578644,2,9,0,-1,9,1,7,-1,0,5,0,0,0,0,3,9,-1,6,1,60,9,-1,-1,-1,-1,6,E01032200,0,4
2025221578659,2025,221578659,1,9,0,-1,9,4,2,-1,0,6,0,0,0,0,3,1,-1,6,1,39,7,-1,-1,-1,-1,8,E01032438,0,1
2025221578659,2025,221578659,2,9,0,-1,19,2,6,-1,0,8,0,0,0,0,1,1,-1,9,1,24,5,-1,-1,-1,-1,1,E01015575,0,4
2025221578660,2025,221578660,1,9,0,-1,19,4,8,-1,0,0,5,4,0,0,4,1,-1,9,2,76,11,-1,-1,-1,-1,1,E01032252,0,1
2025221578660,2025,221578660,2,9,0,-1,2,0,0,-1,0,0,0,0,0,0,3,1,-1,9,1,30,6,-1,-1,-1,-1,6,E01032255,0,1
2025221578754,2025,221578754,1,9,0,-1,19,8,4,-1,0,0,0,0,0,0,1,1,-1,9,1,32,6,-1,-1,-1,-1,10,E01032230,0,1
2025221578864,2025,221578864,2,8,0,-1,19,6,2,-1,0,0,0,0,0,0,4,1,-1,1,1,34,6,-1,-1,-1,-1,2,E01009390,0,4
2025221578864,2025,221578864,1,19,0,-1,15,6,2,-1,0,0,0,0,0,0,3,1,-1,6,1,39,7,-1,-1,-1,-1,8,E01032207,0,2
2025221578877,2025,221578877,1,19,0,-1,19,2,5,-1,0,4,0,0,0,0,1,1,-1,6,1,49,8,-1,-1,-1,-1,9,E01028855,0,2
2025221578877,2025,221578877,2,9,0,-1,3,2,5,-1,0,1,0,0,0,0,2,1,-1,6,1,26,6,-1,-1,-1,-1,7,E01035082,0,1
2025221579904,2025,221579904,2,9,0,-1,2,0,0,-1,0,0,0,0,0,0,2,1,-1,9,1,41,7,-1,-1,-1,-1,6,W01000103,0,5
2025221579904,2025,221579904,1,9,0,-1,19,5,2,-1,0,0,0,4,0,0,1,1,-1,9,2,66,10,-1,-1,-1,-1,2,E01009725,0,4
2025221579905,2025,221579905,1,9,0,-1,19,5,2,-1,0,0,2,0,1,11,1,1,-1,9,1,22,5,-1,-1,-1,-1,8,W01000771,0,5
2025221579925,2025,221579925,1,4,0,-1,19,7,3,-1,9,1,1,0,1,0,1,1,-1,6,1,24,5,-1,-1,-1,-1,2,E01014042,0,1
2025221579939,2025,221579939,1,9,0,-1,9,4,2,-1,0,6,0,0,0,0,3,1,-1,9,2,78,11,-1,-1,-1,-1,5,E01032214,0,4
2025221579939,2025,221579939,2,9,0,-1,19,2,6,-1,0,8,0,0,0,0,1,1,-1,9,1,50,8,-1,-1,-1,-1,2,E01014048,0,3
2025221580248,2025,221580248,1,9,0,-1,12,6,2,-1,0,3,0,0,0,0,3,9,-1,6,1,28,6,-1,-1,-1,-1,10,E01032363,0,4
2025221580248,2025,221580248,2,9,0,-1,19,6,2,-1,0,3,1,0,0,0,4,1,-1,6,1,22,5,-1,-1,-1,-1,10,E01010181,0,4
2025221580525,2025,221580525,1,9,0,-1,19,7,3,-1,0,0,0,0,0,0,1,9,-1,6,1,34,6,-1,-1,-1,-1,1,E01014110,0,1
2025221580611,2025,221580611,2,9,0,-1,19,1,5,-1,0,4,0,0,0,0,3,9,-1,6,2,28,6,-1,-1,-1,-1,7,E01014080,0,2
2025221580611,2025,221580611,4,19,4,-1,19,1,5,-1,0,4,0,0,0,0,1,1,-1,1,1,47,8,-1,-1,-1,-1,8,W01000486,0,4
2025221580611,2025,221580611,1,9,0,-1,19,5,1,-1,0,3,0,9,6,0,1,1,-1,6,2,73,10,-1,-1,-1,-1,3,E01014072,0,1
2025221580611,2025,221580611,3,9,0,-1,19,5,1,-1,0,3,0,0,0,0,3,1,-1,6,2,32,6,-1,-1,-1,-1,4,E01014026,0,2
2025221580635,2025,221580635,2,1,0,-1,19,4,1,-1,0,0,0,0,0,0,3,1,-1,2,1,56,9,-1,-1,-1,-1,-1,-1,0,-1
2025221580635,2025,221580635,1,9,0,-1,13,4,1,-1,0,0,0,0,0,0,4,9,-1,2,1,51,8,-1,-1,-1,-1,8,W01000449,0,4
2025221580668,2025,221580668,1,9,0,-1,13,4,8,-1,0,0,0,0,0,0,4,2,-1,6,2,74,10,-1,-1,-1,-1,5,E01032328,0,1
2025221580668,2025,221580668,2,1,0,-1,19,4,8,-1,0,0,0,0,0,0,3,1,-1,6,2,60,9,-1,-1,-1,-1,5,E01032280,0,1
2025221580738,2025,221580738,1,9,0,-1,19,6,4,-1,0,0,1,0,3,3,1,1,-1,9,1,17,4,-1,-1,-1,-1,2,E01010041,0,3
2025221581123,2025,221581123,1,9,0,-1,19,6,2,-1,0,0,0,0,0,0,3,1,-1,6,3,45,7,-1,-1,-1,-1,-1,-1,0,-1
2025221581316,2025,221581316,1,9,0,-1,9,8,6,-1,0,5,0,0,0,0,4,1,-1,9,1,24,5,-1,-1,-1,-1,2,W01000762,0,5
2025221581316,2025,221581316,2,9,0,-1,19,4,8,-1,0,8,0,0,0,0,1,1,-1,9,2,84,11,-1,-1,-1,-1,6,E01032404,0,1
2025221581394,2025,221581394,1,9,0,-1,3,2,6,-1,0,1,0,0,0,0,2,9,-1,6,1,30,6,-1,-1,-1,-1,2,E01032437,0,2
2025221581394,2025,221581394,2,9,0,-1,19,2,6,-1,0,1,0,0,0,0,1,9,-1,6,1,31,6,-1,-1,-1,-1,8,E01009959,0,2
2025221581553,2025,221581553,2,9,0,-1,19,1,6,-1,0,8,1,0,7,0,1,1,-1,6,2,80,11,-1,-1,-1,-1,9,E01032413,0,1
2025221581553,2025,221581553,1,9,0,-1,9,4,1,-1,0,6,0,0,0,0,1,9,-1,6,1,30,6,-1,-1,-1,-1,3,E01034330,0,1
2025221581770,2025,221581770,2,9,3,-1,19,5,1,-1,0,0,5,0,1,0,3,1,-1,9,1,65,9,-1,-1,-1,-1,10,E01032348,0,2
2025221581770,2025,221581770,3,9,0,-1,19,1,5,-1,0,0,0,0,1,0,2,9,-1,9,1,36,7,-1,-1,-1,-1,9,E01022455,0,2
2025221581770,2025,221581770,1,9,0,-1,13,5,1,-1,0,0,1,0,0,0,4,9,-1,9,1,22,5,-1,-1,-1,-1,8,E01032197,0,3
2025221581798,2025,221581798,1,9,0,-1,19,2,6,-1,0,0,0,0,7,0,1,1,-1,6,2,57,9,-1,-1,-1,-1,6,E01028851,0,1
2025221581798,2025,221581798,3,9,0,-1,19,2,6,-1,0,0,0,0,0,0,3,9,-1,6,1,17,4,-1,-1,-1,-1,9,E01014134,0,2
2025221581798,2025,221581798,2,9,0,-1,19,6,2,-1,0,0,0,0,0,0,1,1,-1,6,2,51,8,-1,-1,-1,-1,4,E01028847,0,2
2025221581869,2025,221581869,2,1,0,-1,19,4,8,-1,0,8,0,0,0,0,1,1,-1,6,1,46,8,-1,-1,-1,-1,1,E01028957,0,1
2025221581869,2025,221581869,1,9,0,-1,5,6,2,-1,0,4,0,0,0,0,3,1,-1,2,1,39,7,-1,-1,-1,-1,8,E01014179,0,3
2025221581942,2025,221581942,3,9,0,-1,19,3,7,-1,0,8,0,0,1,10,4,9,-1,6,1,34,6,-1,-1,-1,-1,-1,-1,0,-1
2025221581942,2025,221581942,2,9,0,-1,10,3,1,-1,0,8,0,0,0,0,0,9,-1,9,2,50,8,-1,-1,-1,-1,10,E01032393,0,1
2025221581942,2025,221581942,1,21,5,-1,19,3,7,-1,0,8,1,0,1,10,4,9,-1,1,1,34,6,-1,-1,-1,-1,6,E01032476,0,4
2025221581985,2025,221581985,2,9,0,-1,19,1,6,-1,0,8,0,0,0,0,4,1,-1,6,1,32,6,-1,-1,-1,-1,9,E01014022,0,3
2025221581985,2025,221581985,1,90,0,-1,9,4,1,-1,0,6,0,0,0,0,1,2,-1,1,1,27,6,-1,-1,-1,-1,5,E01014041,0,2
2025221581989,2025,221581989,1,9,0,-1,5,3,1,-1,0,6,0,0,0,0,3,1,-1,9,2,81,11,-1,-1,-1,-1,5,E01014009,0,3
2025221581989,2025,221581989,2,9,0,-1,19,1,5,-1,0,8,0,0,0,0,1,1,-1,9,1,35,6,-1,-1,-1,-1,5,W01001759,0,4
2025221582057,2025,221582057,1,9,0,-1,19,6,2,-1,0,0,0,0,0,0,1,1,-1,9,1,20,4,-1,-1,-1,-1,1,E01032471,0,1
2025221582339,2025,221582339,1,9,0,-1,12,5,1,-1,0,1,0,0,0,0,1,1,-1,6,1,21,5,-1,-1,-1,-1,5,E01032294,0,1
2025221582339,2025,221582339,2,9,0,-1,12,5,1,-1,0,1,0,0,0,0,3,1,-1,1,1,28,6,-1,-1,-1,-1,6,E01034323,0,1
2025221582628,2025,221582628,1,3,0,-1,19,3,8,-1,0,0,0,0,1,4,1,1,-1,6,2,39,7,-1,-1,-1,-1,3,E01034329,0,2
2025221582788,2025,221582788,1,21,1,-1,1,8,4,-1,0,0,5,0,1,9,4,9,-1,1,1,64,9,-1,-1,-1,-1,1,E01012867,0,5
2025221582819,2025,221582819,1,9,0,-1,9,7,6,-1,0,6,0,0,0,0,1,1,-1,2,2,38,7,-1,-1,-1,-1,5,E01014065,0,1
2025221582861,2025,221582861,1,9,0,-1,19,6,2,-1,0,0,0,0,0,0,1,9,-1,1,2,27,6,-1,-1,-1,-1,2,E01009315,0,4
2025221582861,2025,221582861,2,9,0,-1,4,6,2,-1,0,0,0,0,0,0,2,9,-1,1,2,34,6,-1,-1,-1,-1,-1,-1,0,-1
2025221582885,2025,221582885,2,9,0,-1,9,4,2,-1,0,5,0,0,0,0,3,9,-1,6,1,50,8,-1,-1,-1,-1,5,E01014004,0,4
2025221582885,2025,221582885,1,9,0,-1,13,4,8,-1,0,8,0,0,0,0,1,9,-1,1,1,28,6,-1,-1,-1,-1,8,E01028937,0,4
2025221582949,2025,221582949,2,9,0,-1,10,8,2,-1,0,1,0,0,0,0,2,9,-1,6,1,31,6,-1,-1,-1,-1,5,E01014063,0,1
2025221582949,2025,221582949,1,9,0,-1,5,8,2,-1,0,6,0,0,0,0,1,9,-1,6,1,32,6,-1,-1,-1,-1,5,E01014057,0,1
2025221583042,2025,221583042,1,9,0,-1,1,5,1,-1,9,6,0,0,0,0,3,1,-1,2,1,53,8,-1,-1,-1,-1,10,E01032154,0,1
2025221583256,2025,221583256,1,9,0,-1,19,7,3,-1,0,0,0,0,4,6,1,1,-1,6,1,18,4,-1,-1,-1,-1,6,E01035421,0,4
2025221583322,2025,221583322,2,9,0,-1,19,2,6,-1,0,0,0,0,1,0,1,1,-1,2,1,50,8,-1,-1,-1,-1,10,E01032140,0,2
2025221583322,2025,221583322,1,19,0,-1,19,6,2,-1,0,0,0,0,0,0,1,1,-1,1,1,62,9,-1,-1,-1,-1,3,E01032461,0,1
2025221583480,2025,221583480,1,9,0,-1,19,4,8,-1,0,0,0,0,0,0,1,1,-1,9,1,83,11,-1,-1,-1,-1,5,E01028980,0,3
2025221583480,2025,221583480,2,9,0,-1,4,4,8,-1,0,0,0,0,0,0,2,1,-1,6,1,48,8,-1,-1,-1,-1,7,E01028840,0,2
2025221583719,2025,221583719,1,11,0,-1,19,7,3,-1,2,1,1,0,0,0,1,9,-1,1,1,62,9,-1,-1,-1,-1,1,E01009327,0,3
2025221583719,2025,221583719,2,9,0,-1,19,4,8,-1,0,6,0,0,0,0,4,9,-1,9,2,47,8,-1,-1,-1,-1,10,E01032271,0,2
2025221583848,2025,221583848,1,9,0,-1,19,3,7,-1,0,8,0,0,0,0,1,1,-1,2,1,40,7,-1,-1,-1,-1,5,E01031190,0,4
2025221583848,2025,221583848,3,9,0,-1,10,5,3,-1,0,1,0,0,0,0,3,1,-1,2,2,60,9,-1,-1,-1,-1,7,E01032344,0,4
2025221583848,2025,221583848,2,9,0,-1,7,3,5,-1,0,5,0,0,0,0,2,1,-1,2,2,37,7,-1,-1,-1,-1,8,E01032160,0,2
2025221584198,2025,221584198,1,9,0,-1,9,2,8,-1,0,6,0,0,0,0,1,9,-1,1,2,27,6,-1,-1,-1,-1,4,E01028836,0,2
2025221584198,2025,221584198,2,5,0,-1,19,8,4,-1,0,8,0,0,0,0,1,1,-1,9,1,68,10,-1,-1,-1,-1,10,E01009853,0,3
2025221584203,2025,221584203,2,9,0,-1,19,8,4,-1,0,8,0,0,0,0,4,9,-1,6,1,52,8,-1,-1,-1,-1,4,E01028849,0,1
2025221584203,2025,221584203,1,1,0,-1,19,2,6,-1,0,6,0,0,0,0,1,1,-1,9,1,7,2,-1,-1,-1,-1,4,E01028849,0,1
2025221584277,2025,221584277,2,9,0,-1,19,2,7,-1,0,8,0,0,0,0,4,1,-1,6,1,53,8,-1,-1,-1,-1,8,E01013988,0,2
2025221584277,2025,221584277,1,9,0,-1,9,5,2,-1,0,6,0,0,0,0,3,1,-1,6,2,22,5,-1,-1,-1,-1,6,E01014069,0,2
2025221584351,2025,221584351,3,9,0,-1,5,6,2,-1,0,2,0,0,0,0,2,9,-1,6,1,33,6,-1,-1,-1,-1,4,E01028905,0,2
2025221584351,2025,221584351,2,9,0,-1,3,6,2,-1,0,2,0,0,0,0,2,9,-1,2,2,62,9,-1,-1,-1,-1,2,E01028908,0,2
2025221584351,2025,221584351,1,19,0,-1,19,6,2,-1,0,2,1,0,0,0,1,9,-1,1,1,25,5,-1,-1,-1,-1,2,E01011912,0,5
2025221584376,2025,221584376,1,9,0,-1,19,8,4,-1,0,0,5,0,5,6,1,9,-1,6,1,19,4,-1,-1,-1,-1,9,E01014177,0,3
2025221584493,2025,221584493,2,9,0,-1,2,0,0,-1,0,0,0,0,0,0,3,9,-1,6,2,50,8,-1,-1,-1,-1,7,E01014037,0,1