collision_index,collision_year,collision_ref_no,vehicle_reference,vehicle_type,towing_and_articulation,vehicle_manoeuvre_historic,vehicle_manoeuvre,vehicle_direction_from,vehicle_direction_to,vehicle_location_restricted_lane_historic,vehicle_location_restricted_lane,junction_location,skidding_and_overturning,hit_object_in_carriageway,vehicle_leaving_carriageway,hit_object_off_carriageway,first_point_of_impact,vehicle_left_hand_drive,journey_purpose_of_driver_historic,journey_purpose_of_driver,sex_of_driver,age_of_driver,age_band_of_driver,engine_capacity_cc,propulsion_code,age_of_vehicle,generic_make_model,driver_imd_decile,lsoa_of_driver,escooter_flag,driver_distance_banding
2025221593423,2025,221593423,2,21,1,-1,19,1,5,-1,0,8,0,0,7,9,1,1,-1,1,1,60,9,-1,-1,-1,-1,9,E01015586,0,5
2025221593423,2025,221593423,3,19,0,-1,3,5,1,-1,0,8,0,0,0,0,3,1,-1,6,1,28,6,-1,-1,-1,-1,5,E01028870,0,4
2025221593502,2025,221593502,2,9,0,-1,19,5,1,-1,0,0,0,0,0,0,4,1,-1,1,1,34,6,-1,-1,-1,-1,8,E01006243,0,5
2025221593502,2025,221593502,1,9,0,-1,4,5,1,-1,0,0,0,0,0,0,0,1,-1,6,1,22,5,-1,-1,-1,-1,7,E01028193,0,5
2025221593502,2025,221593502,3,19,0,-1,19,5,1,-1,0,0,0,0,0,0,1,1,-1,6,1,45,7,-1,-1,-1,-1,10,E01033062,0,3
2025221593525,2025,221593525,1,9,0,-1,9,3,1,-1,0,5,0,0,0,0,1,1,-1,9,2,76,11,-1,-1,-1,-1,6,E01032179,0,1
2025221593525,2025,221593525,2,9,0,-1,19,7,3,-1,0,8,0,0,0,0,1,1,-1,9,2,46,8,-1,-1,-1,-1,4,E01014001,0,1
2025221593629,2025,221593629,2,1,0,-1,19,2,6,-1,0,0,0,0,0,0,3,1,-1,6,1,66,10,-1,-1,-1,-1,2,E01032377,0,2
2025221593629,2025,221593629,1,9,0,-1,13,2,6,-1,0,0,0,0,0,0,4,1,-1,9,1,33,6,-1,-1,-1,-1,8,E01032410,0,1
2025221593929,2025,221593929,1,9,0,-1,19,4,8,-1,0,7,1,11,4,6,1,1,-1,1,2,20,4,-1,-1,-1,-1,9,E01032451,0,3
2025221594399,2025,221594399,1,4,0,-1,19,8,5,-1,0,0,1,0,7,0,3,1,-1,6,1,23,5,-1,-1,-1,-1,4,E01032301,0,3
2025221594672,2025,221594672,3,9,0,-1,19,5,1,-1,0,8,0,0,0,0,3,1,-1,9,1,66,10,-1,-1,-1,-1,8,E01032388,0,1
2025221594672,2025,221594672,2,17,5,-1,19,5,1,-1,0,8,0,0,0,0,3,1,-1,1,1,17,4,-1,-1,-1,-1,-1,-1,0,-1
2025221594672,2025,221594672,4,5,0,-1,19,5,1,-1,0,8,0,0,0,0,1,1,-1,9,1,47,8,-1,-1,-1,-1,9,E01034811,0,4
2025221594672,2025,221594672,1,9,0,-1,19,1,5,-1,0,8,5,0,0,0,3,1,-1,9,1,38,7,-1,-1,-1,-1,8,E01032388,0,1
2025221594734,2025,221594734,2,19,0,-1,4,1,5,-1,0,0,0,0,0,0,1,1,-1,6,1,27,6,-1,-1,-1,-1,-1,-1,0,-1
2025221594734,2025,221594734,1,9,0,-1,4,1,5,-1,0,0,0,0,0,0,2,1,-1,1,1,61,9,-1,-1,-1,-1,3,E01024943,0,5
2025221594747,2025,221594747,2,9,0,-1,19,1,5,-1,0,8,2,0,0,0,2,1,-1,6,2,24,5,-1,-1,-1,-1,9,E01032379,0,1
2025221594747,2025,221594747,1,9,0,-1,9,4,1,-1,0,6,0,0,0,0,1,1,-1,1,1,22,5,-1,-1,-1,-1,10,E01025103,0,5
2025221594754,2025,221594754,2,9,0,-1,19,5,8,-1,0,0,0,0,0,0,1,1,-1,9,2,17,4,-1,-1,-1,-1,5,E01009916,0,4
2025221594754,2025,221594754,1,9,0,-1,19,8,5,-1,0,0,0,0,0,0,1,1,-1,6,1,26,6,-1,-1,-1,-1,5,E01014180,0,3
2025221594888,2025,221594888,2,9,0,-1,19,1,6,-1,0,8,0,0,0,0,4,1,-1,6,1,55,8,-1,-1,-1,-1,6,E01032179,0,3
2025221594888,2025,221594888,1,9,0,-1,9,4,1,-1,0,6,0,0,0,0,1,1,-1,6,2,21,5,-1,-1,-1,-1,2,E01032368,0,2
2025221595016,2025,221595016,2,9,0,-1,19,4,7,-1,0,8,0,0,0,0,1,1,-1,2,2,39,7,-1,-1,-1,-1,4,E01014097,0,1
2025221595016,2025,221595016,1,9,0,-1,9,5,4,-1,0,6,0,0,0,0,1,1,-1,6,1,23,5,-1,-1,-1,-1,2,E01014048,0,1
2025221595024,2025,221595024,1,9,0,-1,19,4,8,-1,0,0,0,0,0,0,1,1,-1,6,2,64,9,-1,-1,-1,-1,4,E01028928,0,4
2025221595024,2025,221595024,2,9,0,-1,19,4,8,-1,0,0,5,0,0,0,2,1,-1,6,1,37,7,-1,-1,-1,-1,5,E01029011,0,1
2025221595033,2025,221595033,1,9,0,-1,9,8,5,-1,0,6,0,0,0,0,1,1,-1,6,1,31,6,-1,-1,-1,-1,9,E01032297,0,3
2025221595033,2025,221595033,2,9,0,-1,19,5,1,-1,0,8,0,0,0,0,1,1,-1,9,2,31,6,-1,-1,-1,-1,8,E01014029,0,1
2025221595095,2025,221595095,2,9,0,-1,19,4,8,-1,0,0,0,0,0,0,1,1,-1,6,2,39,7,-1,-1,-1,-1,8,W01000486,0,4
2025221595095,2025,221595095,1,9,0,-1,19,8,4,-1,0,0,0,0,0,0,1,1,-1,6,1,23,5,-1,-1,-1,-1,7,E01014081,0,2
2025221595460,2025,221595460,1,9,0,-1,7,1,3,-1,0,5,5,10,1,11,4,1,-1,6,2,37,7,-1,-1,-1,-1,2,E01014185,0,1
2025221595524,2025,221595524,1,19,0,-1,19,5,1,-1,0,1,0,0,0,0,4,9,-1,6,1,34,6,-1,-1,-1,-1,4,E01010426,0,4
2025221595972,2025,221595972,3,9,0,-1,19,7,3,-1,0,1,0,0,0,0,1,1,-1,6,2,37,7,-1,-1,-1,-1,7,E01032399,0,2
2025221595972,2025,221595972,2,9,0,-1,4,7,3,-1,0,1,0,0,0,0,2,1,-1,6,2,63,9,-1,-1,-1,-1,10,E01032300,0,2
2025221595972,2025,221595972,1,19,0,-1,19,7,3,-1,0,1,0,0,0,0,1,1,-1,6,1,30,6,-1,-1,-1,-1,4,E01033060,0,4
2025221596019,2025,221596019,1,5,0,-1,19,4,1,-1,0,8,1,0,1,10,1,1,-1,9,1,44,7,-1,-1,-1,-1,7,E01029669,0,4
2025221596058,2025,221596058,1,5,0,-1,19,6,2,-1,0,0,0,0,1,10,1,1,-1,9,1,36,7,-1,-1,-1,-1,3,E01010382,0,4
2025221596070,2025,221596070,1,9,0,-1,19,8,4,-1,0,0,0,0,1,10,4,1,-1,9,1,93,11,-1,-1,-1,-1,4,E01035072,0,3
2025221596093,2025,221596093,2,9,0,-1,4,2,6,-1,0,5,0,0,0,0,2,1,-1,6,1,69,10,-1,-1,-1,-1,3,E01009458,0,4
2025221596093,2025,221596093,3,9,0,-1,4,2,6,-1,0,5,0,0,0,0,2,1,-1,6,1,43,7,-1,-1,-1,-1,10,E01032162,0,3
2025221596093,2025,221596093,1,9,0,-1,4,2,6,-1,0,5,0,0,0,0,1,1,-1,6,2,32,6,-1,-1,-1,-1,5,E01035423,0,4
2025221596296,2025,221596296,1,9,0,-1,19,2,7,-1,0,8,0,0,0,0,1,1,-1,6,2,24,5,-1,-1,-1,-1,5,E01014031,0,1
2025221596296,2025,221596296,2,9,0,-1,7,5,7,-1,0,7,0,0,0,0,2,1,-1,6,1,54,8,-1,-1,-1,-1,8,E01014061,0,2
2025221596319,2025,221596319,2,9,0,-1,4,2,6,-1,0,8,0,0,0,0,1,1,-1,2,2,37,7,-1,-1,-1,-1,6,E01014078,0,1
2025221596319,2025,221596319,1,9,0,-1,4,2,8,-1,0,8,0,0,0,0,2,1,-1,2,2,34,6,-1,-1,-1,-1,6,E01014084,0,1
2025221596534,2025,221596534,1,9,0,-1,5,5,1,-1,0,4,0,0,0,0,3,1,-1,9,2,58,9,-1,-1,-1,-1,5,E01032205,0,2
2025221596534,2025,221596534,2,9,0,-1,19,3,7,-1,0,8,0,0,0,0,1,1,-1,9,1,68,10,-1,-1,-1,-1,7,E01032180,0,2
2025221596539,2025,221596539,1,19,0,-1,7,3,5,-1,0,6,0,0,0,0,3,1,-1,6,1,62,9,-1,-1,-1,-1,4,E01035071,0,3
2025221596539,2025,221596539,2,9,0,-1,19,1,5,-1,0,8,0,0,0,0,1,1,-1,2,2,57,9,-1,-1,-1,-1,5,E01028944,0,1
2025221596539,2025,221596539,3,9,0,-1,10,5,3,-1,0,8,0,0,0,0,1,1,-1,2,2,48,8,-1,-1,-1,-1,10,E01028964,0,1
2025221596615,2025,221596615,2,9,0,-1,4,5,1,-1,0,1,0,0,0,0,2,1,-1,9,2,53,8,-1,-1,-1,-1,10,E01021026,0,5
2025221596615,2025,221596615,1,19,0,-1,19,5,1,-1,0,1,0,0,0,0,1,1,-1,1,1,22,5,-1,-1,-1,-1,2,E01010021,0,4
2025221596638,2025,221596638,1,9,0,-1,19,3,7,-1,9,0,0,0,0,0,1,1,-1,6,1,30,6,-1,-1,-1,-1,-1,-1,0,-1
2025221596638,2025,221596638,2,1,0,-1,19,7,3,-1,9,0,0,0,0,0,1,1,-1,9,1,11,3,-1,-1,-1,-1,3,E01032381,0,1
2025221597031,2025,221597031,1,9,0,-1,19,4,7,-1,0,0,5,0,7,9,1,1,-1,6,2,66,10,-1,-1,-1,-1,6,E01028851,0,1
2025221597116,2025,221597116,2,9,0,-1,3,2,6,-1,0,1,0,0,0,0,2,1,-1,6,1,38,7,-1,-1,-1,-1,3,E01014155,0,1
2025221597116,2025,221597116,1,9,0,-1,19,2,6,-1,0,4,0,0,0,0,1,1,-1,6,2,57,9,-1,-1,-1,-1,-1,-1,0,-1
2025221597279,2025,221597279,1,9,0,-1,19,8,6,-1,0,0,0,0,1,0,1,1,-1,6,1,38,7,-1,-1,-1,-1,5,E01014056,0,1
2025221597546,2025,221597546,1,5,0,-1,19,2,6,-1,0,0,1,0,8,4,1,1,-1,6,1,32,6,-1,-1,-1,-1,5,E01010499,0,3
2025221597549,2025,221597549,1,1,0,-1,14,8,4,-1,0,0,0,0,0,0,1,1,-1,6,1,38,7,-1,-1,-1,-1,6,E01034323,0,1
2025221597605,2025,221597605,1,19,0,-1,19,3,7,-1,0,0,0,0,0,0,0,1,-1,6,1,56,9,-1,-1,-1,-1,-1,-1,0,-1
2025221597605,2025,221597605,3,16,0,-1,19,3,7,-1,0,0,0,0,0,0,0,1,-1,9,2,20,4,-1,-1,-1,-1,6,E01014178,0,1
2025221597605,2025,221597605,2,16,0,-1,19,3,7,-1,9,0,0,0,0,0,0,1,-1,9,2,15,3,-1,-1,-1,-1,6,E01014173,0,1
2025221597612,2025,221597612,1,19,0,-1,19,7,3,-1,0,0,0,0,1,1,1,1,-1,1,1,29,6,-1,-1,-1,-1,7,E01014205,0,4
2025221597683,2025,221597683,2,9,0,-1,6,2,2,-1,0,0,0,0,0,0,1,1,-1,6,2,52,8,-1,-1,-1,-1,-1,-1,0,-1
2025221597683,2025,221597683,1,9,0,-1,19,2,6,-1,0,0,0,0,0,0,4,1,-1,6,1,50,8,-1,-1,-1,-1,6,W01000500,0,3
2025221597701,2025,221597701,2,9,0,-1,4,6,2,-1,0,4,0,0,0,0,2,1,-1,6,1,45,7,-1,-1,-1,-1,-1,-1,0,-1
2025221597701,2025,221597701,1,9,0,-1,5,6,2,-1,0,4,0,0,0,0,1,1,-1,2,2,33,6,-1,-1,-1,-1,6,E01014171,0,2
2025221597716,2025,221597716,2,9,0,-1,3,8,4,-1,0,0,0,0,0,0,2,1,-1,6,1,43,7,-1,-1,-1,-1,4,E01035072,0,2
2025221597716,2025,221597716,1,9,0,-1,19,8,4,-1,0,0,0,0,0,0,1,1,-1,6,2,53,8,-1,-1,-1,-1,7,E01029012,0,1
2025221597720,2025,221597720,2,21,1,-1,19,2,7,-1,0,0,0,0,0,0,3,1,-1,1,1,61,9,-1,-1,-1,-1,10,E01022425,0,4
2025221597720,2025,221597720,1,5,0,-1,19,7,2,-1,0,0,0,0,0,0,3,1,-1,9,1,50,8,-1,-1,-1,-1,7,E01032390,0,1
2025221597835,2025,221597835,1,5,0,-1,9,4,1,-1,0,6,0,0,0,0,1,1,-1,6,1,71,10,-1,-1,-1,-1,8,E01015534,0,4
2025221597835,2025,221597835,2,19,0,-1,19,1,5,-1,0,8,0,0,0,0,4,1,-1,6,1,20,4,-1,-1,-1,-1,6,E01031187,0,4
2025221597842,2025,221597842,1,9,0,-1,4,7,3,-1,0,1,0,0,0,0,4,9,-1,6,2,30,6,-1,-1,-1,-1,-1,-1,0,-1
2025221597842,2025,221597842,2,9,0,-1,2,0,0,-1,0,-1,0,0,0,0,4,9,-1,6,1,35,6,-1,-1,-1,-1,8,E01014167,0,1
2025221597927,2025,221597927,1,9,0,-1,4,7,3,-1,0,0,0,0,0,0,2,1,-1,2,2,45,7,-1,-1,-1,-1,8,E01032366,0,3
2025221597927,2025,221597927,2,9,0,-1,19,7,3,-1,0,0,0,0,0,0,1,1,-1,6,2,45,7,-1,-1,-1,-1,10,E01034780,0,4
2025221598007,2025,221598007,1,9,0,-1,19,3,7,-1,0,1,0,0,0,0,1,1,-1,1,1,18,4,-1,-1,-1,-1,5,E01028996,0,1
2025221598007,2025,221598007,2,9,0,-1,4,3,7,-1,0,1,0,0,0,0,2,1,-1,6,2,37,7,-1,-1,-1,-1,8,E01032427,0,4
2025221598032,2025,221598032,2,4,0,-1,19,7,3,-1,0,0,0,0,0,0,3,1,-1,9,1,67,10,-1,-1,-1,-1,6,E01028826,0,1
2025221598032,2025,221598032,1,9,0,-1,19,7,3,-1,0,0,1,0,0,0,1,1,-1,6,2,59,9,-1,-1,-1,-1,6,E01028826,0,1
2025221598535,2025,221598535,2,9,0,-1,4,4,8,-1,0,0,0,0,0,0,2,1,-1,6,1,45,7,-1,-1,-1,-1,8,E01028936,0,2
2025221598535,2025,221598535,3,9,0,-1,4,4,8,-1,0,0,0,0,0,0,2,1,-1,6,1,35,6,-1,-1,-1,-1,2,E01009639,0,4
2025221598535,2025,221598535,1,9,0,-1,19,4,8,-1,0,0,0,0,0,0,1,1,-1,6,1,72,10,-1,-1,-1,-1,1,E01028957,0,1
2025221598544,2025,221598544,1,9,0,-1,19,8,4,-1,0,8,0,0,0,0,1,1,-1,6,2,83,11,-1,-1,-1,-1,9,E01022195,0,4
2025221598544,2025,221598544,2,5,0,-1,19,8,4,-1,0,8,0,0,0,0,3,1,-1,6,1,67,10,-1,-1,-1,-1,3,E01027191,0,4
2025221599076,2025,221599076,1,9,0,-1,19,4,8,-1,0,0,0,0,0,0,1,1,-1,6,2,61,9,-1,-1,-1,-1,6,E01014051,0,1
2025221599139,2025,221599139,1,9,0,-1,19,3,5,-1,0,2,0,0,0,0,1,1,-1,9,1,95,11,-1,-1,-1,-1,4,E01032415,0,1
2025221599191,2025,221599191,2,9,0,-1,2,0,0,-1,0,1,0,4,0,0,3,1,-1,6,1,63,9,-1,-1,-1,-1,5,E01032312,0,1
2025221599191,2025,221599191,1,9,0,-1,19,8,4,-1,0,1,5,4,0,0,1,1,-1,9,2,42,7,-1,-1,-1,-1,5,E01032279,0,1
2025221599191,2025,221599191,3,9,0,-1,2,0,0,-1,0,2,0,0,0,0,1,1,-1,6,1,39,7,-1,-1,-1,-1,5,E01032312,0,1
2025221599208,2025,221599208,1,9,0,-1,3,4,8,-1,0,8,0,0,0,0,2,1,-1,1,1,51,8,-1,-1,-1,-1,9,E01033851,0,5
2025221599208,2025,221599208,2,9,0,-1,19,4,8,-1,0,8,0,0,0,0,1,1,-1,6,2,56,9,-1,-1,-1,-1,-1,-1,0,-1
2025221599341,2025,221599341,2,9,0,-1,19,3,5,-1,0,2,0,0,0,0,3,1,-1,6,2,61,9,-1,-1,-1,-1,8,E01032334,0,1
2025221599341,2025,221599341,1,9,0,-1,19,5,3,-1,0,1,0,0,0,0,3,1,-1,7,1,45,7,-1,-1,-1,-1,8,E01032334,0,1
2025221599487,2025,221599487,2,9,0,-1,19,6,3,-1,0,0,0,0,0,0,3,1,-1,6,1,40,7,-1,-1,-1,-1,5,E01032238,0,1
2025221599487,2025,221599487,1,9,0,-1,19,3,6,-1,0,0,0,10,2,0,1,1,-1,6,1,72,10,-1,-1,-1,-1,3,E01032224,0,1
2025221599504,2025,221599504,1,9,0,-1,19,1,5,-1,0,8,0,0,0,0,1,1,-1,6,1,44,7,-1,-1,-1,-1,2,E01009757,0,2
2025221599504,2025,221599504,2,9,0,-1,9,4,1,-1,0,6,0,0,0,0,3,1,-1,2,1,46,8,-1,-1,-1,-1,3,E01009834,0,2
2025221599689,2025,221599689,1,9,0,-1,19,8,4,-1,0,2,0,0,0,0,3,1,-1,6,2,60,9,-1,-1,-1,-1,-1,-1,0,-1
2025221599779,2025,221599779,1,9,0,-1,19,8,4,-1,0,0,0,0,0,0,4,1,-1,9,1,76,11,-1,-1,-1,-1,3,E01018087,0,5
2025221599779,2025,221599779,2,9,0,-1,19,8,4,-1,0,0,0,0,1,0,3,1,-1,9,1,77,11,-1,-1,-1,-1,8,E01028116,0,5
2025221599900,2025,221599900,2,9,0,-1,7,2,4,-1,0,6,0,0,0,0,1,1,-1,6,3,34,6,-1,-1,-1,-1,-1,-1,0,-1
2025221599900,2025,221599900,1,9,0,-1,10,4,2,-1,0,8,0,0,0,0,3,1,-1,6,1,17,4,-1,-1,-1,-1,3,E01032236,0,1
2025221599993,2025,221599993,1,9,0,-1,9,8,5,-1,0,6,5,0,0,0,1,1,-1,9,1,78,11,-1,-1,-1,-1,8,W01000443,0,4
2025221599993,2025,221599993,2,9,0,-1,19,5,1,-1,0,8,1,0,1,0,1,1,-1,2,1,63,9,-1,-1,-1,-1,3,E01014073,0,2
2025221600000,2025,221600000,1,1,0,-1,19,5,1,-1,0,8,0,0,7,0,1,1,-1,6,1,18,4,-1,-1,-1,-1,9,E01009724,0,1
2025221600000,2025,221600000,2,9,0,-1,9,1,7,-1,0,5,0,0,7,0,1,1,-1,6,1,64,9,-1,-1,-1,-1,8,E01032439,0,2
2025221600175,2025,221600175,1,9,0,-1,4,4,8,-1,0,0,0,0,0,0,3,1,-1,6,1,65,9,-1,-1,-1,-1,8,E01028997,0,2
2025221600175,2025,221600175,2,1,0,-1,4,8,4,-1,0,0,1,0,0,0,3,1,-1,6,1,34,6,-1,-1,-1,-1,7,E01014137,0,4
2025221600298,2025,221600298,1,1,0,-1,19,1,5,-1,0,2,0,0,0,0,2,1,-1,6,1,15,3,-1,-1,-1,-1,-1,-1,0,-1
2025221600298,2025,221600298,2,9,0,-1,2,0,0,-1,0,2,0,0,0,0,0,9,-1,1,2,-1,-1,-1,-1,-1,-1,7,E01032180,0,2
2025221600365,2025,221600365,1,9,0,-1,19,3,7,-1,0,0,0,0,1,11,1,1,-1,9,2,66,10,-1,-1,-1,-1,9,E01029009,0,1
2025221600365,2025,221600365,2,9,0,-1,19,3,8,-1,0,0,0,0,1,11,2,1,-1,9,1,61,9,-1,-1,-1,-1,4,E01029920,0,5
2025221600405,2025,221600405,1,9,0,-1,5,1,5,-1,0,0,0,0,0,0,4,1,-1,6,1,45,7,-1,-1,-1,-1,-1,-1,0,-1
2025221600444,2025,221600444,3,9,0,-1,4,8,4,-1,0,8,0,0,0,0,4,1,-1,6,2,23,5,-1,-1,-1,-1,5,E01035073,0,1
2025221600444,2025,221600444,1,3,0,-1,19,1,4,-1,0,7,0,0,0,0,1,1,-1,6,1,24,5,-1,-1,-1,-1,5,E01035075,0,1
2025221600444,2025,221600444,2,9,0,-1,4,1,4,-1,0,7,0,0,0,0,2,1,-1,6,1,61,9,-1,-1,-1,-1,2,E01014151,0,1
2025221600444,2025,221600444,5,9,0,-1,4,1,4,-1,0,7,0,0,0,0,3,1,-1,6,1,26,6,-1,-1,-1,-1,4,E01014209,0,1
2025221600444,2025,221600444,4,9,0,-1,4,1,4,-1,0,7,0,0,0,0,4,1,-1,6,1,36,7,-1,-1,-1,-1,5,E01035075,0,1
2025221600481,2025,221600481,1,3,0,-1,19,5,2,-1,0,0,1,0,1,0,4,1,-1,6,1,16,4,-1,-1,-1,-1,10,E01032393,0,2
2025221600495,2025,221600495,1,1,0,-1,19,1,5,-1,0,6,0,0,0,0,1,1,-1,9,1,9,2,-1,-1,-1,-1,4,E01032479,0,1
2025221600495,2025,221600495,2,9,0,-1,19,7,3,-1,0,8,0,0,0,0,4,1,-1,6,1,47,8,-1,-1,-1,-1,2,E01032474,0,1
2025221600539,2025,221600539,2,9,0,-1,19,5,1,-1,0,8,0,0,0,0,1,1,-1,6,2,67,10,-1,-1,-1,-1,7,E01032180,0,3
2025221600539,2025,221600539,1,1,0,-1,19,7,3,-1,0,6,0,0,0,0,1,1,-1,9,2,12,3,-1,-1,-1,-1,9,E01032218,0,1
2025221600759,2025,221600759,1,9,0,-1,9,8,6,-1,9,6,0,0,0,0,1,1,-1,1,1,31,6,-1,-1,-1,-1,8,E01032197,0,1
2025221600952,2025,221600952,1,11,0,-1,19,1,4,-1,0,1,0,0,0,0,4,1,-1,1,1,65,9,-1,-1,-1,-1,2,E01009747,0,4
2025221601058,2025,221601058,2,1,0,-1,19,8,3,-1,0,0,0,0,0,0,3,1,-1,9,2,11,3,-1,-1,-1,-1,7,E01028939,0,1
2025221601058,2025,221601058,1,9,0,-1,19,3,8,-1,0,0,0,0,0,0,3,1,-1,6,1,49,8,-1,-1,-1,-1,7,E01028939,0,1
2025221601086,2025,221601086,1,9,0,-1,9,3,1,-1,0,6,0,0,0,0,1,1,-1,9,2,76,11,-1,-1,-1,-1,8,E01028997,0,2
2025221601086,2025,221601086,2,9,0,-1,19,1,5,-1,0,8,0,0,7,0,1,1,-1,9,1,45,7,-1,-1,-1,-1,8,E01028997,0,2
2025221601115,2025,221601115,1,9,0,-1,14,6,2,-1,0,0,0,0,0,0,4,1,-1,6,1,85,11,-1,-1,-1,-1,10,E01032219,0,1
2025221601140,2025,221601140,1,9,0,-1,1,5,1,-1,0,0,0,0,1,4,2,1,-1,6,3,19,4,-1,-1,-1,-1,-1,-1,0,-1
2025221601200,2025,221601200,2,9,0,-1,19,7,3,-1,0,0,0,0,0,0,1,1,-1,6,1,55,8,-1,-1,-1,-1,1,E01009325,0,4
2025221601200,2025,221601200,1,19,0,-1,19,3,7,-1,0,0,0,0,0,0,1,1,-1,6,1,19,4,-1,-1,-1,-1,5,E01032193,0,3
2025221601343,2025,221601343,2,9,0,-1,19,7,3,-1,0,8,0,0,0,0,1,1,-1,2,1,23,5,-1,-1,-1,-1,5,E01028888,0,3
2025221601343,2025,221601343,1,9,0,-1,7,1,3,-1,0,6,0,0,0,0,2,1,-1,2,1,57,9,-1,-1,-1,-1,7,E01028976,0,1
2025221601404,2025,221601404,1,9,0,-1,13,6,2,-1,0,0,0,0,0,0,1,1,-1,6,1,54,8,-1,-1,-1,-1,9,E01028865,0,2
2025221601404,2025,221601404,2,9,0,-1,19,2,6,-1,0,0,0,0,0,0,1,1,-1,6,1,19,4,-1,-1,-1,-1,4,E01028922,0,1
2025221601440,2025,221601440,2,9,0,-1,4,4,8,-1,0,0,0,0,0,0,2,1,-1,6,1,59,9,-1,-1,-1,-1,10,E01029678,0,4
2025221601440,2025,221601440,3,9,0,-1,11,4,8,-1,0,0,0,0,0,0,2,1,-1,6,1,39,7,-1,-1,-1,-1,5,E01035074,0,1
2025221601440,2025,221601440,1,9,0,-1,19,4,8,-1,0,0,0,0,0,0,1,1,-1,6,2,47,8,-1,-1,-1,-1,8,E01014131,0,3
2025221601532,2025,221601532,1,9,0,-1,5,2,6,-1,0,4,0,0,0,0,4,1,-1,6,2,19,4,-1,-1,-1,-1,7,E01023298,0,5
2025221601532,2025,221601532,2,1,0,-1,5,2,6,-1,0,4,0,0,0,0,3,1,-1,6,2,57,9,-1,-1,-1,-1,8,E01014167,0,1
2025221601753,2025,221601753,1,9,0,-1,19,4,8,-1,0,8,0,0,0,0,1,9,-1,6,2,25,5,-1,-1,-1,-1,3,E01009884,0,4
2025221601753,2025,221601753,2,9,0,-1,19,6,2,-1,0,4,0,0,0,0,3,9,-1,6,1,40,7,-1,-1,-1,-1,5,E01032214,0,3
2025221601850,2025,221601850,1,9,0,-1,6,6,6,-1,0,0,0,10,1,11,4,1,-1,9,1,86,11,-1,-1,-1,-1,7,E01028892,0,1
2025221601976,2025,221601976,2,9,0,-1,19,3,7,-1,0,4,0,0,0,0,1,1,-1,2,1,25,5,-1,-1,-1,-1,7,E01009170,0,3
2025221601976,2025,221601976,1,9,0,-1,3,3,7,-1,0,1,0,0,1,0,2,1,-1,2,2,30,6,-1,-1,-1,-1,5,E01025966,0,4
2025221602092,2025,221602092,1,9,0,-1,19,2,7,-1,0,0,0,0,0,0,1,1,-1,9,1,57,9,-1,-1,-1,-1,6,E01032263,0,1
2025221602142,2025,221602142,1,9,0,-1,19,3,8,-1,0,0,0,0,0,0,3,1,-1,6,1,63,9,-1,-1,-1,-1,7,E01028956,0,1
2025221602208,2025,221602208,1,9,0,-1,5,-1,-1,-1,0,0,0,99,0,0,1,1,-1,6,3,-1,-1,-1,-1,-1,-1,-1,-1,0,-1
2025221602208,2025,221602208,2,9,0,-1,4,-1,-1,-1,0,0,0,0,0,0,2,1,-1,6,1,30,6,-1,-1,-1,-1,6,E01014092,0,1
2025221602535,2025,221602535,1,19,0,-1,9,1,7,-1,0,8,0,0,0,0,1,1,-1,1,1,20,4,-1,-1,-1,-1,10,W01001120,0,5
2025221602535,2025,221602535,2,5,0,-1,11,7,5,-1,0,3,0,0,0,0,4,1,-1,9,1,35,6,-1,-1,-1,-1,6,E01034324,0,3
2025221603020,2025,221603020,1,9,0,-1,19,3,7,-1,0,0,0,0,0,0,4,1,-1,6,3,27,6,-1,-1,-1,-1,-1,-1,0,-1
2025221603041,2025,221603041,1,-1,0,-1,19,5,1,-1,0,8,0,0,0,0,3,1,-1,9,2,12,3,-1,-1,-1,-1,2,E01032474,1,1
2025221603041,2025,221603041,2,19,0,-1,7,3,5,-1,0,6,0,0,1,0,4,1,-1,6,1,40,7,-1,-1,-1,-1,5,E01032475,0,1
2025221603112,2025,221603112,1,5,0,-1,4,6,2,-1,0,4,1,9,3,7,1,1,-1,6,1,22,5,-1,-1,-1,-1,4,E01032201,0,2
2025221603477,2025,221603477,1,10,0,-1,19,6,2,-1,0,0,0,0,0,0,4,1,-1,1,2,59,9,-1,-1,-1,-1,6,E01031234,0,4
2025221603501,2025,221603501,1,9,0,-1,19,3,6,-1,0,0,0,0,0,0,1,1,-1,6,1,31,6,-1,-1,-1,-1,4,E01013989,0,4
2025221603501,2025,221603501,2,9,0,-1,19,6,3,-1,0,0,0,0,0,0,1,1,-1,6,1,71,10,-1,-1,-1,-1,3,E01033246,0,3
2025221603669,2025,221603669,2,9,0,-1,19,-1,-1,-1,99,0,9,0,0,0,3,1,-1,6,2,45,7,-1,-1,-1,-1,2,E01014151,0,1
2025221603669,2025,221603669,1,3,0,-1,19,-1,-1,-1,0,0,2,0,0,0,1,1,-1,6,1,24,5,-1,-1,-1,-1,-1,-1,0,-1
2025221603786,2025,221603786,1,9,0,-1,19,1,5,-1,0,0,0,0,7,4,3,1,-1,9,1,21,5,-1,-1,-1,-1,10,E01017996,0,5
2025221603933,2025,221603933,1,9,0,-1,13,8,4,-1,0,8,0,0,0,0,1,1,-1,6,1,49,8,-1,-1,-1,-1,3,E01032432,0,4
2025221603933,2025,221603933,3,11,0,-1,14,8,4,-1,0,8,0,4,0,0,3,1,-1,1,1,57,9,-1,-1,-1,-1,-1,-1,0,-1