collision_index,collision_year,collision_ref_no,vehicle_reference,vehicle_type,towing_and_articulation,vehicle_manoeuvre_historic,vehicle_manoeuvre,vehicle_direction_from,vehicle_direction_to,vehicle_location_restricted_lane_historic,vehicle_location_restricted_lane,junction_location,skidding_and_overturning,hit_object_in_carriageway,vehicle_leaving_carriageway,hit_object_off_carriageway,first_point_of_impact,vehicle_left_hand_drive,journey_purpose_of_driver_historic,journey_purpose_of_driver,sex_of_driver,age_of_driver,age_band_of_driver,engine_capacity_cc,propulsion_code,age_of_vehicle,generic_make_model,driver_imd_decile,lsoa_of_driver,escooter_flag,driver_distance_banding
2025231539683,2025,231539683,3,9,0,-1,19,4,8,-1,0,0,1,1,0,0,1,1,-1,2,1,66,10,-1,-1,-1,-1,4,E01031086,0,1
2025231539684,2025,231539684,1,9,0,-1,9,5,2,-1,0,6,0,0,0,0,3,1,-1,6,1,34,6,-1,-1,-1,-1,8,E01031236,0,1
2025231539684,2025,231539684,2,1,0,-1,19,6,2,-1,0,8,0,0,0,0,1,1,-1,6,2,24,5,-1,-1,-1,-1,7,E01031188,0,1
2025231539708,2025,231539708,1,9,9,-1,19,8,4,-1,0,1,0,0,0,0,1,1,-1,6,1,71,10,-1,-1,-1,-1,8,E01031337,0,1
2025231539724,2025,231539724,1,9,0,-1,19,8,4,-1,0,0,0,0,0,0,1,1,-1,6,1,44,7,-1,-1,-1,-1,1,E01006648,0,5
2025231539724,2025,231539724,3,9,0,-1,4,8,4,-1,0,0,0,0,0,0,3,1,-1,1,1,42,7,-1,-1,-1,-1,-1,-1,0,-1
2025231539724,2025,231539724,4,9,0,-1,4,8,4,-1,0,0,0,0,0,0,1,1,-1,1,1,-1,-1,-1,-1,-1,-1,-1,-1,0,-1
2025231539724,2025,231539724,2,9,0,-1,4,8,4,-1,0,0,0,0,0,0,3,1,-1,1,1,45,7,-1,-1,-1,-1,-1,-1,0,-1
2025231539743,2025,231539743,2,9,0,-1,10,3,1,-1,0,0,0,0,0,0,3,1,-1,9,1,22,5,-1,-1,-1,-1,5,E01031106,0,1
2025231539743,2025,231539743,1,1,0,-1,13,3,7,-1,0,0,0,0,0,0,1,1,-1,6,3,20,4,-1,-1,-1,-1,-1,-1,0,-1
2025231539769,2025,231539769,1,9,0,-1,19,1,5,-1,0,0,2,0,3,0,1,1,-1,6,1,18,4,-1,-1,-1,-1,1,E01027013,0,4
2025231539831,2025,231539831,1,9,0,-1,19,2,6,-1,0,0,0,0,0,0,1,1,-1,7,2,44,7,-1,-1,-1,-1,8,E01032272,0,1
2025231539859,2025,231539859,2,9,0,-1,19,2,7,-1,0,1,0,0,0,0,2,1,-1,2,1,30,6,-1,-1,-1,-1,10,E01031111,0,1
2025231539859,2025,231539859,1,19,0,-1,19,2,7,-1,0,1,0,0,0,0,1,1,-1,6,1,60,9,-1,-1,-1,-1,10,E01031110,0,1
2025231539859,2025,231539859,3,9,0,-1,3,2,7,-1,0,1,0,0,0,0,2,1,-1,6,2,21,5,-1,-1,-1,-1,4,E01025931,0,4
2025231540888,2025,231540888,1,21,1,-1,19,1,5,-1,0,8,0,0,0,0,1,1,-1,6,1,54,8,-1,-1,-1,-1,5,E01020036,0,5
2025231540888,2025,231540888,2,1,0,-1,19,1,5,-1,0,8,0,0,0,0,2,1,-1,6,1,19,4,-1,-1,-1,-1,5,E01031242,0,1
2025231540915,2025,231540915,1,4,0,-1,19,2,4,-1,0,0,1,0,7,9,1,1,-1,6,1,33,6,-1,-1,-1,-1,6,E01009586,0,4
2025231541158,2025,231541158,2,19,0,-1,19,7,3,-1,0,8,0,0,0,0,1,1,-1,1,1,20,4,-1,-1,-1,-1,8,E01031195,0,1
2025231541158,2025,231541158,1,19,4,-1,9,3,1,-1,0,5,0,0,0,0,4,1,-1,6,1,50,8,-1,-1,-1,-1,9,E01031268,0,1
2025231541223,2025,231541223,2,3,0,-1,9,8,6,-1,0,8,0,0,0,0,3,1,-1,6,1,17,4,-1,-1,-1,-1,5,E01031168,0,1
2025231541223,2025,231541223,1,9,0,-1,19,4,8,-1,0,4,0,0,0,0,1,1,-1,6,1,29,6,-1,-1,-1,-1,9,E01031154,0,2
2025231541233,2025,231541233,1,9,0,-1,19,8,4,-1,0,0,0,10,1,4,4,1,-1,6,1,67,10,-1,-1,-1,-1,2,E01031118,0,3
2025231541270,2025,231541270,2,9,0,-1,4,8,3,-1,0,1,0,0,0,0,2,1,-1,2,2,55,8,-1,-1,-1,-1,3,E01031081,0,1
2025231541270,2025,231541270,1,9,0,-1,19,8,3,-1,0,1,0,0,0,0,1,1,-1,6,2,42,7,-1,-1,-1,-1,4,E01031045,0,1
2025231541333,2025,231541333,1,9,0,-1,19,4,8,-1,0,0,0,0,1,0,1,1,-1,2,1,35,6,-1,-1,-1,-1,4,E01022151,0,4
2025231541333,2025,231541333,2,21,1,-1,19,8,4,-1,0,0,0,0,0,0,1,1,-1,1,1,58,9,-1,-1,-1,-1,8,E01011744,0,5
2025231541333,2025,231541333,3,21,1,-1,19,8,4,-1,0,0,0,0,0,0,1,1,-1,1,1,33,6,-1,-1,-1,-1,9,E01027094,0,4
2025231541410,2025,231541410,1,3,0,-1,19,4,8,-1,0,0,1,0,0,0,0,1,-1,6,1,20,4,-1,-1,-1,-1,8,E01009671,0,4
2025231541434,2025,231541434,2,9,0,-1,19,1,3,-1,0,0,1,0,0,0,1,1,-1,9,2,73,10,-1,-1,-1,-1,9,E01009543,0,3
2025231541434,2025,231541434,1,19,0,-1,19,3,1,-1,0,0,1,0,1,0,1,1,-1,1,1,31,6,-1,-1,-1,-1,2,E01009566,0,2
2025231541979,2025,231541979,1,9,0,-1,1,1,5,-1,9,5,0,0,0,0,2,1,-1,2,1,41,7,-1,-1,-1,-1,2,E01031074,0,1
2025231542970,2025,231542970,2,9,0,-1,19,1,5,-1,0,0,1,0,0,0,1,1,-1,9,2,38,7,-1,-1,-1,-1,8,E01029515,0,4
2025231542970,2025,231542970,1,9,0,-1,19,5,1,-1,0,0,1,0,0,0,2,1,-1,9,2,60,9,-1,-1,-1,-1,4,E01031203,0,2
2025231543060,2025,231543060,2,9,0,-1,10,7,5,-1,0,1,0,0,0,0,2,1,-1,2,2,25,5,-1,-1,-1,-1,6,E01031167,0,1
2025231543060,2025,231543060,1,9,0,-1,19,7,3,-1,0,1,0,0,0,0,1,1,-1,6,1,21,5,-1,-1,-1,-1,5,E01026003,0,4
2025231543088,2025,231543088,2,9,0,-1,19,8,4,-1,0,8,0,0,0,0,3,1,-1,6,2,45,7,-1,-1,-1,-1,4,E01027012,0,2
2025231543088,2025,231543088,3,9,0,-1,8,3,4,-1,0,1,0,0,0,0,3,1,-1,2,2,26,6,-1,-1,-1,-1,6,E01035399,0,2
2025231543088,2025,231543088,1,9,0,-1,9,7,4,-1,0,6,0,0,1,0,4,9,-1,6,1,41,7,-1,-1,-1,-1,7,E01026994,0,2
2025231543105,2025,231543105,1,5,0,-1,19,6,5,-1,0,0,1,0,7,7,3,1,-1,2,1,42,7,-1,-1,-1,-1,6,E01009676,0,2
2025231543850,2025,231543850,1,21,1,-1,19,5,1,-1,0,0,0,0,0,0,1,1,-1,6,1,58,9,-1,-1,-1,-1,-1,-1,0,-1
2025231543850,2025,231543850,2,9,0,-1,19,5,1,-1,0,0,0,0,0,0,2,1,-1,2,1,54,8,-1,-1,-1,-1,6,E01029821,0,3
2025231543856,2025,231543856,2,9,0,-1,2,0,0,-1,0,0,0,0,0,0,1,9,-1,6,2,67,10,-1,-1,-1,-1,8,E01031239,0,1
2025231543856,2025,231543856,1,9,0,-1,19,4,8,-1,0,0,0,0,2,11,1,1,-1,6,3,18,4,-1,-1,-1,-1,-1,-1,0,-1
2025231543859,2025,231543859,1,9,0,-1,7,6,8,-1,0,5,1,0,1,4,1,1,-1,9,1,24,5,-1,-1,-1,-1,8,E01034781,0,3
2025231543943,2025,231543943,1,9,0,-1,9,8,5,-1,0,5,0,0,0,0,1,1,-1,6,1,82,11,-1,-1,-1,-1,9,E01031183,0,1
2025231543943,2025,231543943,2,3,0,-1,19,4,8,-1,0,8,5,0,0,0,1,1,-1,6,1,52,8,-1,-1,-1,-1,9,E01031184,0,1
2025231544070,2025,231544070,1,21,1,-1,19,8,4,-1,0,0,0,0,0,0,1,2,-1,6,1,52,8,-1,-1,-1,-1,-1,-1,0,-1
2025231544070,2025,231544070,2,9,0,-1,19,8,4,-1,0,0,1,0,0,0,2,1,-1,6,2,44,7,-1,-1,-1,-1,6,E01031130,0,2
2025231544294,2025,231544294,1,9,0,-1,19,4,8,-1,0,0,0,0,5,6,1,1,-1,6,1,39,7,-1,-1,-1,-1,6,E01029647,0,4
2025231544363,2025,231544363,2,21,1,-1,19,4,8,-1,0,0,0,0,1,9,1,1,-1,1,1,43,7,-1,-1,-1,-1,5,E01031168,0,3
2025231544363,2025,231544363,1,9,0,-1,19,8,4,-1,0,0,0,0,1,4,1,1,-1,2,1,18,4,-1,-1,-1,-1,7,E01031007,0,3
2025231544368,2025,231544368,2,9,0,-1,19,8,4,-1,0,3,2,10,2,10,1,1,-1,9,1,43,7,-1,-1,-1,-1,10,E01006134,0,5
2025231544368,2025,231544368,1,9,0,-1,12,8,6,-1,0,8,0,0,0,0,0,1,-1,6,3,40,7,-1,-1,-1,-1,-1,-1,0,-1
2025231544396,2025,231544396,2,9,0,-1,7,4,6,-1,0,3,0,0,0,0,4,1,-1,9,2,41,7,-1,-1,-1,-1,7,E01009643,0,2
2025231544396,2025,231544396,1,9,0,-1,12,2,8,-1,0,8,0,0,0,0,9,1,-1,6,2,71,10,-1,-1,-1,-1,9,E01031082,0,2
2025231544424,2025,231544424,1,9,0,-1,19,2,6,-1,0,0,0,0,1,10,1,1,-1,6,2,19,4,-1,-1,-1,-1,6,E01031209,0,3
2025231544455,2025,231544455,1,9,0,-1,12,7,3,-1,0,0,0,0,0,0,0,1,-1,6,1,40,7,-1,-1,-1,-1,-1,-1,0,-1
2025231544455,2025,231544455,2,9,0,-1,19,7,3,-1,0,0,0,0,7,6,3,1,-1,9,1,36,7,-1,-1,-1,-1,1,E01026595,0,5
2025231544705,2025,231544705,2,9,0,-1,19,7,3,-1,0,8,0,0,7,1,4,1,-1,6,2,49,8,-1,-1,-1,-1,9,E01031251,0,1
2025231544705,2025,231544705,1,9,0,-1,19,1,5,-1,0,6,0,0,1,0,1,1,-1,2,2,38,7,-1,-1,-1,-1,3,E01031080,0,4
2025231544761,2025,231544761,1,9,0,-1,19,7,1,-1,0,0,0,0,0,0,1,1,-1,9,1,79,11,-1,-1,-1,-1,5,E01025875,0,3
2025231544761,2025,231544761,2,9,0,-1,19,1,7,-1,0,0,0,0,0,0,1,1,-1,9,1,35,6,-1,-1,-1,-1,6,E01009586,0,2
2025231544789,2025,231544789,1,1,0,-1,19,3,7,-1,9,8,0,0,0,0,4,1,-1,6,1,20,4,-1,-1,-1,-1,-1,-1,0,-1
2025231544789,2025,231544789,2,9,0,-1,7,7,1,-1,0,5,0,0,0,0,1,1,-1,9,1,52,8,-1,-1,-1,-1,5,E01025865,0,2
2025231544911,2025,231544911,1,9,0,-1,19,8,4,-1,0,0,0,0,7,4,1,1,-1,9,1,21,5,-1,-1,-1,-1,9,E01009463,0,4
2025231545352,2025,231545352,1,9,0,-1,19,5,1,-1,0,0,0,0,0,0,1,9,-1,6,3,38,7,-1,-1,-1,-1,-1,-1,0,-1
2025231545352,2025,231545352,2,22,0,-1,19,5,1,-1,9,0,0,0,0,0,3,1,-1,9,1,74,10,-1,-1,-1,-1,5,E01031311,0,1
2025231545677,2025,231545677,1,9,0,-1,13,3,7,-1,0,0,0,0,0,0,9,9,-1,6,1,33,6,-1,-1,-1,-1,6,E01009586,0,1
2025231545677,2025,231545677,2,9,0,-1,12,3,7,-1,0,0,0,0,2,6,2,9,-1,1,1,23,5,-1,-1,-1,-1,4,E01013934,0,4
2025231545691,2025,231545691,2,9,0,-1,19,3,7,-1,0,8,0,0,0,0,1,1,-1,2,1,41,7,-1,-1,-1,-1,10,E01031259,0,1
2025231545691,2025,231545691,1,9,0,-1,9,5,3,-1,0,6,0,0,0,0,4,1,-1,9,1,78,11,-1,-1,-1,-1,10,E01035039,0,1
2025231545703,2025,231545703,1,4,0,-1,3,2,6,-1,0,0,0,0,0,0,4,1,-1,9,1,78,11,-1,-1,-1,-1,8,E01029486,0,4
2025231545732,2025,231545732,1,9,0,-1,19,6,8,-1,0,0,1,0,0,0,1,1,-1,6,1,19,4,-1,-1,-1,-1,5,E01031093,0,1
2025231545732,2025,231545732,2,9,0,-1,19,8,6,-1,0,0,0,0,0,0,1,1,-1,6,2,43,7,-1,-1,-1,-1,1,E01009651,0,2
2025231545807,2025,231545807,1,19,4,-1,19,6,2,-1,0,0,0,0,0,0,1,9,-1,2,1,28,6,-1,-1,-1,-1,7,E01031224,0,2
2025231547210,2025,231547210,1,9,0,-1,19,4,8,-1,0,0,5,4,0,0,4,1,-1,9,2,91,11,-1,-1,-1,-1,7,E01031308,0,1
2025231547210,2025,231547210,2,9,0,-1,2,0,0,-1,0,0,0,0,0,0,3,9,-1,6,1,37,7,-1,-1,-1,-1,6,E01031257,0,1
2025231547221,2025,231547221,1,9,0,-1,19,6,2,-1,0,0,0,4,0,0,4,1,-1,1,2,33,6,-1,-1,-1,-1,10,E01032895,0,1
2025231547238,2025,231547238,6,19,0,-1,19,1,5,-1,0,0,2,7,4,6,1,1,-1,1,1,55,8,-1,-1,-1,-1,1,E01008923,0,4
2025231547238,2025,231547238,7,9,0,-1,19,1,5,-1,0,0,0,0,0,0,1,1,-1,2,2,26,6,-1,-1,-1,-1,4,E01031086,0,3
2025231547238,2025,231547238,3,19,0,-1,19,1,5,-1,0,0,0,0,0,0,1,1,-1,1,1,30,6,-1,-1,-1,-1,6,E01027057,0,4
2025231547238,2025,231547238,1,19,0,-1,4,1,5,-1,0,0,0,0,0,0,2,1,-1,1,1,44,7,-1,-1,-1,-1,2,E01009407,0,4
2025231547238,2025,231547238,4,9,0,-1,19,1,5,-1,0,0,0,0,0,0,1,1,-1,2,1,23,5,-1,-1,-1,-1,7,E01009530,0,2
2025231547238,2025,231547238,5,9,0,-1,19,1,5,-1,0,0,1,0,0,0,2,1,-1,2,1,31,6,-1,-1,-1,-1,3,E01009537,0,2
2025231547238,2025,231547238,2,9,0,-1,19,1,5,-1,0,0,0,0,0,0,1,1,-1,2,2,42,7,-1,-1,-1,-1,4,E01034741,0,2
2025231547287,2025,231547287,1,9,0,-1,5,5,1,-1,0,8,0,0,0,0,0,1,-1,1,1,30,6,-1,-1,-1,-1,-1,-1,0,-1
2025231547352,2025,231547352,2,9,0,-1,19,4,1,-1,0,0,1,0,1,0,1,1,-1,9,1,39,7,-1,-1,-1,-1,1,E01010102,0,4
2025231547352,2025,231547352,1,9,0,-1,19,1,4,-1,0,0,0,0,0,0,1,1,-1,1,1,35,6,-1,-1,-1,-1,8,E01031324,0,2
2025231547383,2025,231547383,2,3,0,-1,19,3,7,-1,0,8,0,0,0,0,1,1,-1,6,1,17,4,-1,-1,-1,-1,6,E01035023,0,1
2025231547383,2025,231547383,1,9,0,-1,9,7,5,-1,0,5,0,0,0,0,4,1,-1,6,1,30,6,-1,-1,-1,-1,3,E01014283,0,4
2025231547402,2025,231547402,1,9,0,-1,5,5,1,-1,-1,0,0,0,0,0,3,1,-1,6,1,67,10,-1,-1,-1,-1,10,E01031298,0,1
2025231547402,2025,231547402,2,9,0,-1,19,5,1,-1,0,0,0,0,0,0,1,1,-1,6,2,54,8,-1,-1,-1,-1,10,E01031255,0,1
2025231547613,2025,231547613,1,9,0,-1,19,6,2,-1,0,0,1,0,0,0,1,1,-1,6,1,43,7,-1,-1,-1,-1,-1,-1,0,-1
2025231547675,2025,231547675,1,9,0,-1,4,3,7,-1,0,0,0,4,0,0,1,9,-1,6,1,43,7,-1,-1,-1,-1,2,E01031119,0,1
2025231547675,2025,231547675,2,9,0,-1,2,0,0,-1,0,0,0,4,0,0,2,9,-1,6,2,31,6,-1,-1,-1,-1,1,E01035016,0,1
2025231547675,2025,231547675,3,9,0,-1,2,0,0,-1,0,0,0,0,0,0,2,9,-1,6,2,32,6,-1,-1,-1,-1,4,E01031050,0,1
2025231547732,2025,231547732,2,1,0,-1,19,4,8,-1,0,0,0,0,0,0,3,1,-1,1,1,45,7,-1,-1,-1,-1,1,E01035016,0,1
2025231547732,2025,231547732,1,9,0,-1,13,4,8,-1,0,0,0,0,0,0,4,1,-1,6,3,28,6,-1,-1,-1,-1,-1,-1,0,-1
2025231547885,2025,231547885,2,9,0,-1,4,1,5,-1,0,8,0,0,0,0,1,1,-1,6,1,35,6,-1,-1,-1,-1,8,E01031252,0,3
2025231547885,2025,231547885,1,9,0,-1,4,1,5,-1,0,8,0,0,0,0,2,1,-1,6,2,55,8,-1,-1,-1,-1,4,E01031203,0,1
2025231548105,2025,231548105,2,1,0,-1,9,2,7,-1,0,8,0,0,0,0,4,1,-1,9,1,36,7,-1,-1,-1,-1,10,E01035037,0,2
2025231548105,2025,231548105,1,9,0,-1,5,5,1,-1,0,4,0,0,0,0,1,1,-1,6,1,46,8,-1,-1,-1,-1,3,E01032536,0,4
2025231548209,2025,231548209,1,9,0,-1,19,1,5,-1,0,0,0,0,0,0,1,1,-1,6,1,28,6,-1,-1,-1,-1,6,E01031108,0,1
2025231548226,2025,231548226,1,9,0,-1,7,1,3,-1,0,5,0,0,0,0,1,1,-1,9,1,54,8,-1,-1,-1,-1,6,E01031098,0,1
2025231548251,2025,231548251,1,19,0,-1,9,5,3,-1,0,8,0,0,0,0,1,9,-1,6,3,42,7,-1,-1,-1,-1,-1,-1,0,-1
2025231549676,2025,231549676,2,9,0,-1,13,2,7,-1,0,0,0,0,0,0,2,1,-1,2,1,23,5,-1,-1,-1,-1,6,E01035104,0,4
2025231549676,2025,231549676,1,9,0,-1,19,2,7,-1,0,0,0,0,0,0,1,1,-1,6,2,31,6,-1,-1,-1,-1,5,E01009023,0,2
2025231549748,2025,231549748,1,21,1,-1,11,6,2,-1,0,0,0,0,0,0,1,1,-1,6,1,41,7,-1,-1,-1,-1,9,E01019778,0,4
2025231549748,2025,231549748,2,9,0,-1,19,6,2,-1,0,0,0,0,0,0,3,1,-1,6,2,33,6,-1,-1,-1,-1,6,E01029846,0,2
2025231549801,2025,231549801,1,-1,0,-1,19,4,8,-1,0,1,0,0,3,0,1,1,-1,9,1,15,3,-1,-1,-1,-1,3,E01031073,1,1
2025231549801,2025,231549801,2,9,0,-1,19,6,2,-1,0,8,0,0,0,0,3,1,-1,9,2,45,7,-1,-1,-1,-1,1,E01035017,0,1
2025231549859,2025,231549859,1,1,0,-1,19,5,2,-1,0,8,0,0,0,0,0,1,-1,9,1,74,10,-1,-1,-1,-1,6,E01031244,0,3
2025231549859,2025,231549859,2,1,0,-1,19,5,2,-1,0,8,0,0,0,0,0,1,-1,9,1,76,11,-1,-1,-1,-1,9,E01032273,0,3
2025231550134,2025,231550134,2,3,0,-1,19,1,5,-1,0,0,1,4,0,0,1,1,-1,2,1,19,4,-1,-1,-1,-1,2,E01029843,0,1
2025231550134,2025,231550134,1,9,0,-1,5,3,7,-1,0,0,0,0,0,0,4,1,-1,2,2,21,5,-1,-1,-1,-1,6,E01031033,0,1
2025231550134,2025,231550134,3,9,0,-1,2,0,0,-1,0,0,0,0,0,0,1,9,-1,9,2,42,7,-1,-1,-1,-1,6,E01031031,0,1
2025231550148,2025,231550148,2,9,0,-1,2,0,0,-1,0,8,0,0,0,0,2,1,-1,6,2,35,6,-1,-1,-1,-1,9,E01031034,0,1
2025231550148,2025,231550148,1,9,0,-1,19,4,7,-1,0,8,0,10,8,2,1,1,-1,9,1,30,6,-1,-1,-1,-1,9,E01031034,0,1
2025231550179,2025,231550179,1,9,0,-1,19,6,2,-1,0,0,5,0,1,0,1,1,-1,9,1,19,4,-1,-1,-1,-1,6,E01031085,0,1
2025231550188,2025,231550188,1,9,0,-1,19,7,3,-1,0,0,0,0,0,0,1,1,-1,9,1,29,6,-1,-1,-1,-1,2,E01009623,0,2
2025231550188,2025,231550188,2,9,0,-1,19,7,3,-1,0,0,0,0,0,0,2,1,-1,2,1,49,8,-1,-1,-1,-1,2,E01009623,0,2
2025231550188,2025,231550188,3,9,0,-1,19,7,3,-1,0,0,0,1,0,0,1,1,-1,9,1,61,9,-1,-1,-1,-1,1,E01009270,0,3
2025231550204,2025,231550204,2,3,0,-1,19,8,5,-1,0,8,0,0,0,0,4,1,-1,9,1,17,4,-1,-1,-1,-1,9,E01031219,0,1
2025231550204,2025,231550204,1,9,0,-1,9,3,1,-1,0,6,0,0,0,0,1,1,-1,6,3,45,7,-1,-1,-1,-1,-1,-1,0,-1
2025231550324,2025,231550324,3,9,0,-1,2,0,0,-1,0,0,0,0,0,0,2,1,-1,6,1,24,5,-1,-1,-1,-1,4,E01031045,0,1
2025231550324,2025,231550324,2,9,0,-1,2,0,0,-1,0,0,0,0,0,0,1,1,-1,6,2,51,8,-1,-1,-1,-1,4,E01031045,0,1
2025231550324,2025,231550324,1,9,0,-1,19,6,2,-1,0,0,0,0,0,0,1,1,-1,6,1,40,7,-1,-1,-1,-1,2,E01031092,0,1
2025231550585,2025,231550585,1,19,0,-1,19,4,8,-1,0,1,0,0,0,0,1,1,-1,6,1,45,7,-1,-1,-1,-1,-1,-1,0,-1
2025231550585,2025,231550585,2,9,0,-1,10,4,2,-1,0,1,0,0,0,0,2,1,-1,7,2,48,8,-1,-1,-1,-1,10,E01031157,0,1
2025231550656,2025,231550656,1,9,0,-1,19,6,2,-1,0,0,5,0,1,11,1,1,-1,6,1,49,8,-1,-1,-1,-1,8,E01031070,0,1
2025231550706,2025,231550706,2,9,0,-1,5,7,3,-1,0,1,0,0,0,0,1,1,-1,9,1,73,10,-1,-1,-1,-1,9,E01031222,0,3
2025231550706,2025,231550706,1,9,0,-1,19,3,7,-1,0,8,0,0,0,0,1,1,-1,9,2,63,9,-1,-1,-1,-1,8,E01031210,0,2
2025231550748,2025,231550748,1,9,0,-1,19,2,6,-1,0,0,0,0,0,0,1,1,-1,6,1,20,4,-1,-1,-1,-1,6,E01031084,0,1
2025231550748,2025,231550748,2,3,0,-1,3,2,6,-1,0,0,0,0,0,0,2,1,-1,9,1,52,8,-1,-1,-1,-1,3,E01009589,0,2
2025231550751,2025,231550751,2,2,0,-1,19,6,2,-1,0,6,0,0,0,0,1,1,-1,6,1,16,4,-1,-1,-1,-1,7,E01031248,0,2
2025231550751,2025,231550751,1,9,0,-1,5,4,8,-1,0,8,0,0,0,0,1,1,-1,6,2,22,5,-1,-1,-1,-1,6,E01031187,0,2
2025231550798,2025,231550798,2,9,0,-1,10,2,4,-1,0,1,0,0,0,0,2,1,-1,2,2,38,7,-1,-1,-1,-1,10,E01029839,0,3
2025231550798,2025,231550798,1,9,0,-1,19,2,6,-1,0,1,0,0,0,0,1,1,-1,6,1,35,6,-1,-1,-1,-1,-1,-1,0,-1
2025231550804,2025,231550804,2,9,0,-1,19,4,8,-1,0,0,0,4,0,0,1,1,-1,9,1,25,5,-1,-1,-1,-1,5,E01030946,0,5
2025231550804,2025,231550804,1,9,0,-1,2,0,0,-1,0,0,0,0,0,0,2,1,-1,6,1,40,7,-1,-1,-1,-1,9,E01017843,0,4
2025231550822,2025,231550822,1,19,4,-1,19,8,4,-1,0,0,0,0,0,0,4,1,-1,6,1,47,8,-1,-1,-1,-1,3,E01032422,0,4
2025231551215,2025,231551215,2,9,0,-1,19,5,1,-1,0,8,0,0,0,0,1,1,-1,2,1,59,9,-1,-1,-1,-1,9,E01035403,0,4
2025231551215,2025,231551215,1,9,0,-1,9,8,5,-1,0,6,0,0,0,0,1,1,-1,2,1,35,6,-1,-1,-1,-1,6,E01009645,0,3
2025231551233,2025,231551233,1,19,0,-1,19,5,2,-1,0,8,0,0,1,4,1,1,-1,9,1,27,6,-1,-1,-1,-1,4,E01028440,0,2
2025231551292,2025,231551292,1,9,0,-1,9,5,3,-1,0,6,0,0,0,0,1,1,-1,6,2,38,7,-1,-1,-1,-1,2,E01031044,0,1
2025231551292,2025,231551292,2,9,0,-1,19,7,3,-1,0,8,0,0,0,0,3,1,-1,6,1,38,7,-1,-1,-1,-1,3,E01031008,0,1
2025231551572,2025,231551572,1,9,0,-1,5,6,2,-1,0,4,0,0,0,0,1,1,-1,9,1,67,10,-1,-1,-1,-1,8,E01026993,0,3
2025231551572,2025,231551572,2,9,0,-1,19,4,8,-1,0,4,0,0,0,0,1,9,-1,9,2,27,6,-1,-1,-1,-1,10,E01032893,0,1
2025231551608,2025,231551608,1,19,0,-1,7,1,3,-1,0,5,0,0,0,0,4,1,-1,6,1,29,6,-1,-1,-1,-1,6,E01031098,0,1
2025231551624,2025,231551624,1,9,0,-1,19,1,5,-1,0,0,0,0,0,0,4,1,-1,6,1,52,8,-1,-1,-1,-1,6,E01008956,0,4
2025231551624,2025,231551624,2,19,0,-1,4,1,5,-1,0,0,0,10,1,0,3,1,-1,2,1,39,7,-1,-1,-1,-1,7,E01019548,0,5
2025231551711,2025,231551711,1,9,0,-1,19,7,3,-1,0,8,0,0,0,0,1,1,-1,6,2,58,9,-1,-1,-1,-1,5,E01031242,0,3
2025231552458,2025,231552458,2,9,0,-1,19,6,8,-1,0,8,0,0,0,0,3,1,-1,6,1,40,7,-1,-1,-1,-1,3,E01025829,0,2
2025231552458,2025,231552458,1,1,0,-1,7,6,8,-1,0,3,0,0,0,0,1,1,-1,6,1,31,6,-1,-1,-1,-1,8,E01035019,0,1
2025231552539,2025,231552539,1,9,0,-1,19,4,8,-1,0,0,1,0,7,4,1,1,-1,9,1,23,5,-1,-1,-1,-1,1,E01009718,0,3
2025231552610,2025,231552610,1,9,0,-1,19,2,8,-1,0,0,0,0,1,4,1,1,-1,6,1,18,4,-1,-1,-1,-1,1,E01009096,0,3
2025231553016,2025,231553016,1,9,0,-1,9,6,4,-1,0,8,1,0,0,0,4,1,-1,1,2,48,8,-1,-1,-1,-1,9,E01027080,0,4
2025231553016,2025,231553016,2,11,0,-1,19,2,6,-1,0,6,0,0,0,0,1,1,-1,1,1,33,6,-1,-1,-1,-1,4,E01013715,0,4
2025231553297,2025,231553297,1,9,0,-1,19,2,7,-1,0,0,1,0,0,0,4,1,-1,6,1,50,8,-1,-1,-1,-1,6,E01031035,0,1
2025231553297,2025,231553297,2,9,0,-1,19,7,2,-1,0,0,0,0,0,0,1,1,-1,6,2,48,8,-1,-1,-1,-1,6,E01031035,0,1
2025231553354,2025,231553354,2,9,0,-1,19,7,3,-1,0,8,0,0,0,0,1,1,-1,7,2,43,7,-1,-1,-1,-1,8,E01025770,0,4
2025231553354,2025,231553354,1,9,0,-1,9,1,7,-1,0,6,0,0,0,0,3,1,-1,9,1,44,7,-1,-1,-1,-1,3,E01027240,0,4
2025231553439,2025,231553439,2,9,0,-1,19,1,5,-1,0,0,0,0,0,0,1,1,-1,9,2,33,6,-1,-1,-1,-1,3,E01031077,0,1
2025231553439,2025,231553439,1,9,0,-1,19,5,1,-1,0,0,0,0,0,0,1,1,-1,1,1,61,9,-1,-1,-1,-1,3,E01028853,0,4
2025231553444,2025,231553444,2,9,0,-1,3,6,2,-1,0,1,0,0,0,0,2,9,-1,6,1,35,6,-1,-1,-1,-1,-1,-1,0,-1
2025231553444,2025,231553444,1,9,0,-1,5,6,2,-1,0,1,0,0,0,0,1,1,-1,2,2,57,9,-1,-1,-1,-1,6,E01031017,0,2
2025231553464,2025,231553464,1,9,0,-1,19,7,3,-1,0,0,2,0,7,9,4,1,-1,1,2,37,7,-1,-1,-1,-1,1,E01009638,0,2