collision_index,collision_year,collision_ref_no,vehicle_reference,vehicle_type,towing_and_articulation,vehicle_manoeuvre_historic,vehicle_manoeuvre,vehicle_direction_from,vehicle_direction_to,vehicle_location_restricted_lane_historic,vehicle_location_restricted_lane,junction_location,skidding_and_overturning,hit_object_in_carriageway,vehicle_leaving_carriageway,hit_object_off_carriageway,first_point_of_impact,vehicle_left_hand_drive,journey_purpose_of_driver_historic,journey_purpose_of_driver,sex_of_driver,age_of_driver,age_band_of_driver,engine_capacity_cc,propulsion_code,age_of_vehicle,generic_make_model,driver_imd_decile,lsoa_of_driver,escooter_flag,driver_distance_banding
2025231614156,2025,231614156,2,9,0,-1,4,2,6,-1,0,0,0,0,0,0,2,1,-1,6,1,49,8,-1,-1,-1,-1,6,E01031061,0,1
2025231614195,2025,231614195,2,9,0,-1,2,0,0,-1,0,0,0,4,0,0,3,1,-1,6,-1,-1,-1,-1,-1,-1,-1,-1,-1,0,-1
2025231614195,2025,231614195,3,9,0,-1,2,0,0,-1,9,0,0,0,0,0,2,1,-1,6,-1,-1,-1,-1,-1,-1,-1,-1,-1,0,-1
2025231614195,2025,231614195,1,9,0,-1,14,6,2,-1,0,0,0,4,0,0,1,1,-1,9,2,56,9,-1,-1,-1,-1,8,E01031083,0,1
2025231615923,2025,231615923,1,9,0,-1,19,7,3,-1,0,0,0,0,0,0,1,1,-1,6,1,24,5,-1,-1,-1,-1,9,E01031220,0,2
2025231615923,2025,231615923,2,1,0,-1,6,7,7,-1,0,0,0,0,0,0,1,1,-1,9,1,49,8,-1,-1,-1,-1,9,E01031222,0,2
2025231616124,2025,231616124,1,9,0,-1,7,8,2,-1,0,6,0,0,0,0,1,1,-1,6,2,40,7,-1,-1,-1,-1,7,E01033255,0,1
2025231616124,2025,231616124,2,11,0,-1,19,6,2,-1,0,8,0,0,0,0,1,1,-1,1,1,35,6,-1,-1,-1,-1,7,E01031198,0,3
2025231616866,2025,231616866,1,9,0,-1,9,4,1,-1,0,6,0,10,3,0,3,1,-1,6,2,17,4,-1,-1,-1,-1,9,E01032246,0,3
2025231616866,2025,231616866,2,9,0,-1,19,1,5,-1,0,8,0,0,0,0,1,1,-1,6,2,26,6,-1,-1,-1,-1,8,E01031246,0,3
2025231618847,2025,231618847,1,9,0,-1,11,8,4,-1,0,3,0,0,1,7,2,1,-1,9,2,27,6,-1,-1,-1,-1,3,E01031080,0,1
2025231618847,2025,231618847,2,9,0,-1,19,8,4,-1,0,8,0,0,0,0,1,1,-1,2,2,31,6,-1,-1,-1,-1,1,E01009406,0,4
2025231619373,2025,231619373,1,9,0,-1,19,8,4,-1,0,1,0,0,0,0,1,1,-1,9,1,22,5,-1,-1,-1,-1,7,E01013124,0,5
2025231619373,2025,231619373,2,9,0,-1,7,8,2,-1,0,5,0,0,0,0,2,9,-1,9,1,60,9,-1,-1,-1,-1,8,E01025881,0,1
2025231619694,2025,231619694,1,5,0,-1,19,5,1,-1,0,0,2,10,1,10,1,1,-1,9,1,56,9,-1,-1,-1,-1,9,E01031222,0,1
2025231619705,2025,231619705,1,9,0,-1,9,7,5,-1,0,6,1,0,0,0,1,9,-1,9,1,74,10,-1,-1,-1,-1,4,E01029836,0,3
2025231619705,2025,231619705,2,9,0,-1,19,1,5,-1,0,8,0,0,0,0,3,9,-1,9,2,45,7,-1,-1,-1,-1,6,E01031049,0,2
2025231624487,2025,231624487,2,3,0,-1,11,6,3,-1,0,3,0,0,0,0,1,1,-1,9,1,38,7,-1,-1,-1,-1,-1,-1,0,-1
2025231624487,2025,231624487,1,5,0,-1,19,6,3,-1,0,8,0,0,0,0,1,1,-1,6,1,40,7,-1,-1,-1,-1,8,E01030042,0,5
2025231624842,2025,231624842,1,9,0,-1,19,4,8,-1,0,0,0,0,0,0,3,1,-1,6,1,23,5,-1,-1,-1,-1,9,E01031227,0,2
2025231624842,2025,231624842,2,9,0,-1,19,8,4,-1,0,0,0,0,0,0,3,1,-1,6,1,58,9,-1,-1,-1,-1,8,E01031205,0,1
2025231626337,2025,231626337,1,9,0,-1,9,4,2,-1,0,6,0,0,0,0,1,1,-1,7,2,53,8,-1,-1,-1,-1,9,E01032894,0,1
2025231626337,2025,231626337,2,20,0,-1,19,2,6,-1,0,8,0,0,0,0,4,1,-1,6,1,69,10,-1,-1,-1,-1,7,E01027202,0,4
2025231628773,2025,231628773,1,9,0,-1,9,5,1,-1,0,0,0,0,0,0,1,1,-1,6,1,78,11,-1,-1,-1,-1,4,E01031133,0,1
2025231628839,2025,231628839,2,9,0,-1,5,6,2,-1,0,6,0,0,0,0,1,1,-1,6,1,36,7,-1,-1,-1,-1,6,E01035069,0,4
2025231628839,2025,231628839,1,3,0,-1,19,4,8,-1,0,8,0,0,0,0,1,1,-1,6,1,25,5,-1,-1,-1,-1,2,E01009679,0,1
2025231630186,2025,231630186,1,1,0,-1,19,4,8,-1,9,0,0,0,0,0,1,1,-1,6,2,14,3,-1,-1,-1,-1,9,E01035024,0,1
2025231630186,2025,231630186,2,9,0,-1,2,0,0,-1,0,0,0,0,0,0,4,9,-1,9,3,30,6,-1,-1,-1,-1,-1,-1,0,-1
2025231637116,2025,231637116,1,9,0,-1,19,4,8,-1,0,8,0,6,0,0,1,9,-1,6,1,19,4,-1,-1,-1,-1,3,E01010139,0,2
2025231637680,2025,231637680,2,9,0,-1,19,1,6,-1,0,0,1,0,1,0,1,1,-1,6,1,31,6,-1,-1,-1,-1,9,E01031200,0,1
2025231637680,2025,231637680,1,9,0,-1,19,6,1,-1,0,0,0,0,0,0,1,1,-1,9,1,20,4,-1,-1,-1,-1,8,E01027304,0,2
2025231658025,2025,231658025,1,1,0,-1,19,1,5,-1,0,1,0,11,0,0,2,1,-1,9,1,76,11,-1,-1,-1,-1,9,E01019767,0,5
2025302500001,2025,302500001,1,9,0,-1,19,1,6,-1,0,1,0,0,0,0,1,1,-1,9,2,38,7,-1,-1,-1,-1,10,E01019831,0,3
2025302500001,2025,302500001,2,9,0,-1,8,1,2,-1,0,1,0,0,0,0,2,1,-1,9,1,39,7,-1,-1,-1,-1,10,E01007932,0,1
2025302500014,2025,302500014,2,9,0,-1,19,5,8,-1,0,8,0,0,0,0,4,1,-1,9,1,27,6,-1,-1,-1,-1,2,E01019581,0,1
2025302500014,2025,302500014,1,9,0,-1,19,6,2,-1,0,8,0,0,0,0,1,1,-1,6,1,53,8,-1,-1,-1,-1,3,E01019531,0,1
2025302500018,2025,302500018,1,9,0,-1,19,2,6,-1,0,4,0,0,0,0,1,1,-1,6,1,77,11,-1,-1,-1,-1,6,E01007833,0,1
2025302500018,2025,302500018,2,9,0,-1,19,2,6,-1,0,4,0,0,0,0,2,1,-1,6,1,31,6,-1,-1,-1,-1,1,E01008081,0,1
2025302500021,2025,302500021,1,9,0,-1,19,5,1,-1,0,8,0,0,0,0,1,1,-1,6,2,47,8,-1,-1,-1,-1,5,E01013515,0,1
2025302500021,2025,302500021,2,9,0,-1,10,5,3,-1,0,8,0,0,0,0,2,1,-1,6,1,37,7,-1,-1,-1,-1,5,E01013515,0,1
2025302500024,2025,302500024,1,9,0,-1,5,4,1,-1,0,8,0,0,0,0,4,1,-1,6,3,-1,-1,-1,-1,-1,-1,-1,-1,0,-1
2025302500028,2025,302500028,1,9,0,-1,10,7,3,-1,0,1,1,0,0,0,1,1,-1,6,1,29,6,-1,-1,-1,-1,10,E01013539,0,1
2025302500028,2025,302500028,2,9,0,-1,10,7,5,-1,0,1,0,0,0,0,2,1,-1,6,1,43,7,-1,-1,-1,-1,9,E01013543,0,1
2025302500029,2025,302500029,3,1,0,-1,19,4,8,-1,0,0,1,0,0,0,0,1,-1,6,3,-1,-1,-1,-1,-1,-1,5,E01019456,0,3
2025302500029,2025,302500029,2,9,0,-1,4,4,8,-1,0,0,0,0,0,0,2,1,-1,6,2,49,8,-1,-1,-1,-1,6,E01013507,0,1
2025302500029,2025,302500029,1,9,0,-1,19,4,8,-1,0,0,0,0,0,0,1,1,-1,6,2,36,7,-1,-1,-1,-1,2,E01013569,0,1
2025302500031,2025,302500031,1,9,0,-1,19,6,2,-1,0,0,0,0,1,4,1,1,-1,6,1,31,6,-1,-1,-1,-1,2,E01013570,0,1
2025302500033,2025,302500033,2,1,0,-1,19,8,4,-1,0,0,0,99,9,99,1,1,-1,6,1,30,6,-1,-1,-1,-1,2,E01019500,0,1
2025302500033,2025,302500033,1,9,0,-1,19,4,8,-1,0,0,9,0,0,0,1,1,-1,2,1,51,8,-1,-1,-1,-1,3,E01028248,0,2
2025302500034,2025,302500034,2,9,0,-1,19,6,2,-1,0,0,0,0,0,0,1,1,-1,7,1,48,8,-1,-1,-1,-1,4,E01013572,0,1
2025302500034,2025,302500034,1,9,0,-1,3,6,2,-1,0,0,0,0,0,0,2,1,-1,6,3,-1,-1,-1,-1,-1,-1,-1,-1,0,-1
2025302500036,2025,302500036,1,9,0,-1,19,3,7,-1,0,8,0,0,0,0,4,1,-1,9,1,21,5,-1,-1,-1,-1,8,E01019714,0,1
2025302500036,2025,302500036,2,9,0,-1,9,5,3,-1,0,8,0,0,0,0,1,1,-1,6,3,-1,-1,-1,-1,-1,-1,-1,-1,0,-1
2025302500045,2025,302500045,1,9,0,-1,19,1,5,-1,0,0,0,0,0,0,3,1,-1,6,3,-1,-1,-1,-1,-1,-1,-1,-1,0,-1
2025302500047,2025,302500047,1,8,0,-1,19,5,1,-1,0,1,0,0,0,0,1,1,-1,1,1,52,8,-1,-1,-1,-1,7,E01013492,0,1
2025302500047,2025,302500047,2,9,0,-1,10,5,2,-1,0,1,0,0,0,0,2,1,-1,6,2,46,8,-1,-1,-1,-1,2,E01013522,0,1
2025302500050,2025,302500050,1,9,0,-1,19,8,4,-1,0,0,0,0,0,0,4,1,-1,2,2,28,6,-1,-1,-1,-1,8,E01019691,0,3
2025302500050,2025,302500050,2,9,0,-1,12,8,4,-1,0,0,0,0,0,0,3,1,-1,6,3,-1,-1,-1,-1,-1,-1,-1,-1,0,-1
2025302500053,2025,302500053,1,9,0,-1,19,2,6,-1,0,2,0,0,0,0,4,1,-1,6,3,-1,-1,-1,-1,-1,-1,-1,-1,0,-1
2025302500056,2025,302500056,1,11,0,-1,19,1,5,-1,0,2,0,0,0,0,0,1,-1,1,1,30,6,-1,-1,-1,-1,-1,-1,0,-1
2025302500059,2025,302500059,1,9,0,-1,19,4,8,-1,0,0,0,0,0,0,1,1,-1,2,1,21,5,-1,-1,-1,-1,6,E01013491,0,1
2025302500069,2025,302500069,1,11,0,-1,3,1,5,-1,0,1,0,0,0,0,0,1,-1,1,1,32,6,-1,-1,-1,-1,6,E01033413,0,2
2025302500070,2025,302500070,1,11,0,-1,5,6,2,-1,0,8,0,0,0,0,0,1,-1,1,1,56,9,-1,-1,-1,-1,4,E01028036,0,3
2025302500076,2025,302500076,2,9,0,-1,19,8,4,-1,0,0,0,0,4,0,4,1,-1,2,1,32,6,-1,-1,-1,-1,8,E01025946,0,2
2025302500076,2025,302500076,1,9,0,-1,12,8,4,-1,0,0,1,0,0,0,3,1,-1,6,3,-1,-1,-1,-1,-1,-1,-1,-1,0,-1
2025302500078,2025,302500078,2,9,0,-1,3,5,1,-1,0,1,0,0,0,0,2,1,-1,6,2,32,6,-1,-1,-1,-1,6,E01019741,0,2
2025302500078,2025,302500078,1,19,0,-1,4,5,1,-1,0,1,0,0,0,0,1,1,-1,6,2,35,6,-1,-1,-1,-1,1,E01019568,0,4
2025302500095,2025,302500095,1,9,0,-1,9,1,7,-1,0,8,0,0,0,0,1,1,-1,6,2,32,6,-1,-1,-1,-1,2,E01019565,0,2
2025302500095,2025,302500095,2,9,0,-1,8,7,1,-1,0,8,0,0,0,0,0,1,-1,6,3,-1,-1,-1,-1,-1,-1,-1,-1,0,-1
2025302500097,2025,302500097,1,9,0,-1,19,7,3,-1,0,0,0,0,0,0,1,1,-1,6,2,35,6,-1,-1,-1,-1,5,E01013500,0,3
2025302500104,2025,302500104,2,9,0,-1,9,2,1,-1,0,8,0,0,9,99,1,1,-1,6,3,-1,-1,-1,-1,-1,-1,-1,-1,0,-1
2025302500104,2025,302500104,1,9,0,-1,19,1,5,-1,0,8,5,0,0,0,1,1,-1,9,2,65,9,-1,-1,-1,-1,7,E01019546,0,1
2025302500107,2025,302500107,1,19,0,-1,19,2,6,-1,0,0,0,0,0,0,4,1,-1,6,1,29,6,-1,-1,-1,-1,4,E01019499,0,4
2025302500109,2025,302500109,1,19,0,-1,1,5,1,-1,0,8,0,0,0,0,2,1,-1,6,1,25,5,-1,-1,-1,-1,5,E01033387,0,1
2025302500109,2025,302500109,2,9,0,-1,4,1,5,-1,0,8,0,0,0,0,1,1,-1,9,1,45,7,-1,-1,-1,-1,1,E01019527,0,1
2025302500111,2025,302500111,1,9,0,-1,19,3,7,-1,0,0,1,0,1,99,4,1,-1,9,1,75,10,-1,-1,-1,-1,3,E01019492,0,1
2025302500111,2025,302500111,2,9,0,-1,2,0,0,-1,-1,0,0,0,0,0,3,1,-1,6,1,44,7,-1,-1,-1,-1,4,E01028260,0,3
2025302500112,2025,302500112,1,9,9,-1,99,9,9,-1,99,9,9,0,9,0,1,1,-1,6,3,-1,-1,-1,-1,-1,-1,-1,-1,0,-1
2025302500112,2025,302500112,2,9,0,-1,6,9,9,-1,0,9,0,0,9,99,1,1,-1,9,2,47,8,-1,-1,-1,-1,1,E01013484,0,1
2025302500113,2025,302500113,2,21,1,-1,19,2,7,-1,0,2,0,0,0,0,4,1,-1,1,1,34,6,-1,-1,-1,-1,7,E01010034,0,4
2025302500113,2025,302500113,1,9,0,-1,19,2,7,-1,0,2,1,0,1,7,3,1,-1,6,2,80,11,-1,-1,-1,-1,8,E01019518,0,1
2025302500115,2025,302500115,2,9,0,-1,2,0,0,-1,0,0,0,0,0,0,3,1,-1,9,3,-1,-1,-1,-1,-1,-1,-1,-1,0,-1
2025302500115,2025,302500115,1,9,0,-1,19,4,8,-1,0,0,0,0,0,0,4,1,-1,6,1,64,9,-1,-1,-1,-1,6,E01019648,0,1
2025302500116,2025,302500116,2,9,0,-1,4,9,9,-1,0,4,1,0,0,0,2,1,-1,2,2,24,5,-1,-1,-1,-1,9,E01019589,0,2
2025302500116,2025,302500116,1,98,1,-1,5,9,9,-1,0,4,0,0,0,0,1,1,-1,6,3,-1,-1,-1,-1,-1,-1,-1,-1,0,-1
2025302500135,2025,302500135,1,11,0,-1,19,1,5,-1,-1,0,0,0,1,0,1,1,-1,1,2,52,8,-1,-1,-1,-1,3,E01007900,0,4
2025302500135,2025,302500135,2,9,0,-1,2,0,0,-1,-1,0,0,0,0,0,1,1,-1,9,1,56,9,-1,-1,-1,-1,6,E01008078,0,3
2025302500136,2025,302500136,1,11,0,-1,5,4,8,-1,0,0,0,0,0,0,1,1,-1,1,3,-1,-1,-1,-1,-1,-1,-1,-1,0,-1
2025302500140,2025,302500140,1,9,0,-1,19,2,6,-1,0,0,0,0,0,0,1,1,-1,6,3,-1,-1,-1,-1,-1,-1,-1,-1,0,-1
2025302500140,2025,302500140,2,9,0,-1,3,2,6,-1,0,0,0,0,0,0,2,1,-1,6,1,40,7,-1,-1,-1,-1,1,E01013573,0,1
2025302500140,2025,302500140,3,21,0,-1,2,0,0,-1,0,0,0,0,0,0,0,1,-1,6,3,-1,-1,-1,-1,-1,-1,-1,-1,0,-1
2025302500145,2025,302500145,2,9,0,-1,4,5,1,-1,0,0,0,0,0,0,2,1,-1,9,1,47,8,-1,-1,-1,-1,9,E01011271,0,4
2025302500145,2025,302500145,1,9,0,-1,4,5,1,-1,0,0,0,0,0,0,1,1,-1,6,3,-1,-1,-1,-1,-1,-1,-1,-1,0,-1
2025302500147,2025,302500147,2,9,0,-1,19,8,4,-1,0,0,0,0,0,0,1,1,-1,6,2,84,11,-1,-1,-1,-1,10,E01019727,0,1
2025302500147,2025,302500147,1,9,0,-1,2,0,0,-1,0,0,0,0,0,0,3,1,-1,6,2,84,11,-1,-1,-1,-1,10,E01019727,0,1
2025302500148,2025,302500148,1,9,0,-1,19,3,7,-1,0,0,0,0,0,0,1,1,-1,6,1,63,9,-1,-1,-1,-1,4,E01019570,0,1
2025302500149,2025,302500149,1,19,0,-1,19,5,1,-1,0,0,0,0,0,0,3,1,-1,6,3,-1,-1,-1,-1,-1,-1,-1,-1,0,-1
2025302500149,2025,302500149,2,1,0,-1,19,1,5,-1,0,0,0,0,0,0,3,1,-1,6,1,30,6,-1,-1,-1,-1,3,E01019709,0,1
2025302500154,2025,302500154,2,9,0,-1,3,8,3,-1,0,1,0,0,0,0,2,1,-1,9,1,65,9,-1,-1,-1,-1,5,E01019456,0,3
2025302500154,2025,302500154,3,9,0,-1,4,8,3,-1,0,1,0,0,0,0,2,1,-1,6,3,-1,-1,-1,-1,-1,-1,-1,-1,0,-1
2025302500154,2025,302500154,1,9,0,-1,19,8,3,-1,0,1,0,0,0,0,1,1,-1,9,2,34,6,-1,-1,-1,-1,5,E01019502,0,1
2025302500158,2025,302500158,2,1,0,-1,19,2,6,-1,0,8,1,0,0,0,4,1,-1,6,1,39,7,-1,-1,-1,-1,6,E01019701,0,1
2025302500158,2025,302500158,1,9,0,-1,19,4,8,-1,0,4,0,0,0,0,3,1,-1,6,1,39,7,-1,-1,-1,-1,3,E01019675,0,3
2025302500163,2025,302500163,2,9,0,-1,19,6,2,-1,0,1,0,0,0,0,1,1,-1,6,2,26,6,-1,-1,-1,-1,3,E01019468,0,1
2025302500163,2025,302500163,1,9,0,-1,3,6,2,-1,0,1,0,0,0,0,2,1,-1,1,2,25,5,-1,-1,-1,-1,6,E01018098,0,5
2025302500164,2025,302500164,2,9,0,-1,19,5,1,-1,0,0,0,0,0,0,1,1,-1,6,1,62,9,-1,-1,-1,-1,8,E01019616,0,4
2025302500164,2025,302500164,1,9,0,-1,4,5,1,-1,0,0,0,0,0,0,2,1,-1,9,2,31,6,-1,-1,-1,-1,8,E01019765,0,1
2025302500165,2025,302500165,1,9,0,-1,19,8,4,-1,0,9,9,0,9,99,3,1,-1,9,2,45,7,-1,-1,-1,-1,3,E01019775,0,1
2025302500165,2025,302500165,2,9,9,-1,19,6,4,-1,0,9,9,99,9,99,1,1,-1,6,1,35,6,-1,-1,-1,-1,4,E01007699,0,4
2025302500166,2025,302500166,1,9,0,-1,9,3,1,-1,0,2,0,0,0,0,1,1,-1,6,1,39,7,-1,-1,-1,-1,2,E01013552,0,1
2025302500167,2025,302500167,1,1,0,-1,9,4,2,-1,0,4,0,0,0,0,2,1,-1,9,1,31,6,-1,-1,-1,-1,3,E01019775,0,2
2025302500167,2025,302500167,2,9,0,-1,19,7,4,-1,0,4,0,0,0,0,1,1,-1,6,2,-1,-1,-1,-1,-1,-1,7,E01019513,0,1
2025302500168,2025,302500168,1,9,0,-1,19,5,1,-1,0,8,0,0,0,0,3,1,-1,6,2,59,9,-1,-1,-1,-1,6,E01018399,0,4
2025302500168,2025,302500168,2,9,0,-1,10,3,1,-1,0,8,0,0,0,0,4,1,-1,6,3,-1,-1,-1,-1,-1,-1,-1,-1,0,-1
2025302500172,2025,302500172,1,23,0,-1,4,3,7,-1,0,4,1,0,1,2,1,1,-1,9,1,17,4,-1,-1,-1,-1,2,E01008029,0,1
2025302500172,2025,302500172,2,90,0,-1,19,3,7,-1,0,1,0,0,0,0,0,1,-1,6,3,-1,-1,-1,-1,-1,-1,-1,-1,0,-1
2025302500177,2025,302500177,1,9,0,-1,14,8,4,-1,0,0,0,0,1,0,1,1,-1,6,2,-1,-1,-1,-1,-1,-1,8,E01019423,0,1
2025302500178,2025,302500178,1,9,0,-1,6,3,3,-1,0,0,0,0,0,0,3,1,-1,6,1,26,6,-1,-1,-1,-1,2,E01028269,0,4
2025302500178,2025,302500178,2,9,0,-1,19,3,7,-1,0,0,0,0,0,0,4,1,-1,6,2,21,5,-1,-1,-1,-1,5,E01028132,0,1
2025302500184,2025,302500184,1,9,0,-1,5,5,1,-1,0,1,0,0,0,0,1,1,-1,6,1,46,8,-1,-1,-1,-1,1,E01013487,0,1
2025302500188,2025,302500188,1,9,0,-1,13,2,6,-1,0,8,0,0,0,0,1,1,-1,6,1,51,8,-1,-1,-1,-1,-1,-1,0,-1
2025302500188,2025,302500188,2,9,0,-1,9,2,1,-1,0,8,0,0,0,0,3,1,-1,7,2,48,8,-1,-1,-1,-1,8,E01013558,0,1
2025302500190,2025,302500190,1,9,0,-1,19,6,3,-1,0,1,0,0,0,0,1,1,-1,6,3,63,9,-1,-1,-1,-1,8,E01019707,0,1
2025302500190,2025,302500190,2,9,0,-1,3,6,2,-1,0,1,0,0,0,0,0,1,-1,6,3,-1,-1,-1,-1,-1,-1,-1,-1,0,-1
2025302500195,2025,302500195,2,9,0,-1,4,8,4,-1,0,1,0,0,0,0,1,1,-1,6,3,-1,-1,-1,-1,-1,-1,-1,-1,0,-1
2025302500195,2025,302500195,1,3,0,-1,8,8,2,-1,0,1,1,0,1,10,2,1,-1,2,1,21,5,-1,-1,-1,-1,1,E01019729,0,1
2025302500197,2025,302500197,1,9,0,-1,19,1,5,-1,0,0,0,0,0,0,1,1,-1,6,2,71,10,-1,-1,-1,-1,9,E01019416,0,4
2025302500197,2025,302500197,2,9,0,-1,19,1,5,-1,0,0,0,0,0,0,2,1,-1,6,1,40,7,-1,-1,-1,-1,7,E01027995,0,4
2025302500197,2025,302500197,3,9,0,-1,19,1,5,-1,0,0,0,0,0,0,2,1,-1,6,3,-1,-1,-1,-1,-1,-1,-1,-1,0,-1
2025302500198,2025,302500198,3,9,0,-1,19,1,5,-1,0,0,0,0,0,0,0,1,-1,6,3,-1,-1,-1,-1,-1,-1,-1,-1,0,-1
2025302500198,2025,302500198,2,19,9,-1,13,5,1,-1,0,0,0,0,0,0,4,1,-1,6,1,61,9,-1,-1,-1,-1,6,E01034644,0,1
2025302500198,2025,302500198,1,9,0,-1,19,5,1,-1,0,0,0,0,0,0,3,1,-1,6,1,62,9,-1,-1,-1,-1,4,E01019485,0,1
2025302500200,2025,302500200,1,9,0,-1,19,5,2,-1,0,1,0,0,0,0,1,1,-1,1,1,57,9,-1,-1,-1,-1,6,E01013491,0,1
2025302500201,2025,302500201,2,9,0,-1,9,3,1,-1,0,8,0,0,0,0,4,1,-1,9,1,34,6,-1,-1,-1,-1,6,E01019815,0,1
2025302500201,2025,302500201,1,9,0,-1,19,4,1,-1,0,8,0,0,0,0,1,1,-1,6,1,18,4,-1,-1,-1,-1,3,E01019484,0,2
2025302500202,2025,302500202,2,20,1,-1,4,5,1,-1,0,0,0,0,0,0,1,1,-1,1,1,39,7,-1,-1,-1,-1,1,E01011107,0,4
2025302500202,2025,302500202,1,9,0,-1,3,5,1,-1,0,0,0,0,0,0,2,1,-1,9,2,55,8,-1,-1,-1,-1,9,E01033185,0,5
2025302500203,2025,302500203,1,9,0,-1,7,6,1,-1,0,5,0,0,0,0,3,1,-1,1,2,67,10,-1,-1,-1,-1,5,E01019407,0,1
2025302500211,2025,302500211,2,1,9,-1,99,9,9,-1,99,9,0,99,9,99,9,1,-1,6,1,45,7,-1,-1,-1,-1,8,E01029458,0,3
2025302500211,2025,302500211,1,9,9,-1,99,9,9,-1,0,9,9,99,9,99,9,1,-1,6,3,-1,-1,-1,-1,-1,-1,-1,-1,0,-1
2025302500212,2025,302500212,2,1,0,-1,4,9,9,-1,99,9,0,0,0,0,1,1,-1,2,1,32,6,-1,-1,-1,-1,1,E01013566,0,1
2025302500212,2025,302500212,1,9,0,-1,19,9,9,-1,99,9,0,0,0,0,1,1,-1,6,2,26,6,-1,-1,-1,-1,1,E01013568,0,1
2025302500214,2025,302500214,1,9,0,-1,19,9,9,-1,0,0,1,99,9,99,4,1,-1,9,1,32,6,-1,-1,-1,-1,6,E01013495,0,2
2025302500219,2025,302500219,2,9,0,-1,5,8,4,-1,0,8,0,0,0,0,1,1,-1,2,1,24,5,-1,-1,-1,-1,5,E01013551,0,1
2025302500219,2025,302500219,1,-1,0,-1,19,6,2,-1,0,8,0,0,0,0,4,1,-1,6,1,14,3,-1,-1,-1,-1,1,E01013591,1,1
2025302500220,2025,302500220,1,9,0,-1,3,4,8,-1,0,2,0,0,0,0,1,1,-1,6,2,49,8,-1,-1,-1,-1,2,E01019664,0,2
2025302500220,2025,302500220,2,1,0,-1,19,8,4,-1,0,1,0,0,0,0,1,1,-1,6,1,16,4,-1,-1,-1,-1,1,E01019463,0,1
2025302500227,2025,302500227,2,9,0,-1,19,7,3,-1,0,1,0,0,0,0,1,1,-1,6,3,-1,-1,-1,-1,-1,-1,-1,-1,0,-1
2025302500227,2025,302500227,1,9,0,-1,4,7,3,-1,0,1,0,0,0,0,2,1,-1,6,2,24,5,-1,-1,-1,-1,2,E01019469,0,1
2025302500228,2025,302500228,1,97,9,-1,99,9,9,-1,99,9,9,99,9,99,9,1,-1,6,3,-1,-1,-1,-1,-1,-1,-1,-1,0,-1
2025302500228,2025,302500228,2,9,9,-1,99,9,9,-1,0,9,9,0,0,0,9,1,-1,6,2,51,8,-1,-1,-1,-1,2,E01019441,0,1
2025302500232,2025,302500232,1,9,9,-1,11,8,2,-1,0,0,0,0,0,0,1,1,-1,6,3,-1,-1,-1,-1,-1,-1,-1,-1,0,-1
2025302500234,2025,302500234,2,22,0,-1,19,2,6,-1,0,0,0,0,0,0,9,1,-1,6,1,34,6,-1,-1,-1,-1,2,E01019666,0,1
2025302500234,2025,302500234,1,9,0,-1,19,8,4,-1,0,0,0,0,0,0,9,1,-1,6,3,-1,-1,-1,-1,-1,-1,-1,-1,0,-1
2025302500235,2025,302500235,1,9,0,-1,5,2,6,-1,0,0,0,0,0,0,0,1,-1,6,2,-1,-1,-1,-1,-1,-1,9,E01025921,0,3
2025302500235,2025,302500235,2,9,0,-1,12,2,6,-1,0,0,0,0,4,6,2,1,-1,6,1,41,7,-1,-1,-1,-1,10,E01019880,0,1
2025302500235,2025,302500235,3,19,0,-1,19,2,6,-1,0,0,0,0,0,0,1,1,-1,1,1,48,8,-1,-1,-1,-1,7,E01010246,0,4
2025302500236,2025,302500236,1,9,0,-1,9,5,4,-1,0,6,0,0,1,0,4,1,-1,9,2,39,7,-1,-1,-1,-1,4,E01019550,0,1
2025302500236,2025,302500236,2,9,0,-1,19,8,4,-1,0,8,1,0,1,0,1,1,-1,2,1,61,9,-1,-1,-1,-1,2,E01019549,0,1
2025302500242,2025,302500242,1,19,0,-1,19,7,2,-1,0,8,0,0,0,0,1,1,-1,6,1,65,9,-1,-1,-1,-1,9,E01019767,0,1
2025302500242,2025,302500242,2,9,0,-1,9,2,1,-1,0,8,0,0,0,0,1,1,-1,6,1,59,9,-1,-1,-1,-1,1,E01005756,0,3
2025302500243,2025,302500243,1,9,0,-1,9,8,5,-1,0,8,0,0,0,0,1,1,-1,6,2,20,4,-1,-1,-1,-1,10,E01028347,0,4
2025302500243,2025,302500243,2,9,0,-1,19,4,8,-1,0,8,0,0,0,0,3,1,-1,6,1,38,7,-1,-1,-1,-1,2,E01019510,0,4
2025302500244,2025,302500244,3,9,0,-1,19,1,5,-1,0,0,0,0,0,0,2,1,-1,6,1,48,8,-1,-1,-1,-1,7,E01001290,0,5
2025302500244,2025,302500244,2,19,0,-1,19,1,5,-1,0,0,0,0,1,0,2,1,-1,9,2,56,9,-1,-1,-1,-1,-1,-1,0,-1
2025302500244,2025,302500244,1,9,0,-1,19,1,5,-1,0,0,1,0,1,0,1,1,-1,9,1,73,10,-1,-1,-1,-1,2,E01032265,0,5
2025302500245,2025,302500245,1,9,0,-1,13,4,8,-1,0,0,5,10,7,11,1,1,-1,2,1,53,8,-1,-1,-1,-1,7,E01019769,0,3
2025302500245,2025,302500245,2,11,0,-1,19,4,8,-1,0,0,0,0,0,0,0,1,-1,1,3,-1,-1,-1,-1,-1,-1,-1,-1,0,-1
2025302500247,2025,302500247,2,1,0,-1,19,3,7,-1,0,8,0,0,0,0,1,1,-1,9,1,46,8,-1,-1,-1,-1,2,E01019487,0,1