collision_index,collision_year,collision_ref_no,vehicle_reference,vehicle_type,towing_and_articulation,vehicle_manoeuvre_historic,vehicle_manoeuvre,vehicle_direction_from,vehicle_direction_to,vehicle_location_restricted_lane_historic,vehicle_location_restricted_lane,junction_location,skidding_and_overturning,hit_object_in_carriageway,vehicle_leaving_carriageway,hit_object_off_carriageway,first_point_of_impact,vehicle_left_hand_drive,journey_purpose_of_driver_historic,journey_purpose_of_driver,sex_of_driver,age_of_driver,age_band_of_driver,engine_capacity_cc,propulsion_code,age_of_vehicle,generic_make_model,driver_imd_decile,lsoa_of_driver,escooter_flag,driver_distance_banding
2025302500247,2025,302500247,1,9,0,-1,19,1,5,-1,0,8,0,0,0,0,4,1,-1,9,1,37,7,-1,-1,-1,-1,2,E01019483,0,1
2025302500248,2025,302500248,1,9,0,-1,19,6,2,-1,0,0,0,0,0,0,1,1,-1,6,1,55,8,-1,-1,-1,-1,1,E01028001,0,4
2025302500248,2025,302500248,2,9,0,-1,19,6,2,-1,0,0,0,0,0,0,2,1,-1,6,1,86,11,-1,-1,-1,-1,7,E01019821,0,1
2025302500250,2025,302500250,2,9,0,-1,19,1,5,-1,0,0,0,0,0,0,1,1,-1,9,1,31,6,-1,-1,-1,-1,8,E01019490,0,1
2025302500250,2025,302500250,1,9,0,-1,19,5,1,-1,0,0,0,0,1,0,1,1,-1,9,1,23,5,-1,-1,-1,-1,6,E01034644,0,1
2025302500251,2025,302500251,2,9,0,-1,4,1,5,-1,0,0,0,0,0,0,1,1,-1,9,1,44,7,-1,-1,-1,-1,5,E01018765,0,5
2025302500251,2025,302500251,1,9,0,-1,4,1,5,-1,0,0,0,0,0,0,2,1,-1,9,2,68,10,-1,-1,-1,-1,8,E01019490,0,1
2025302500251,2025,302500251,3,9,0,-1,4,1,5,-1,0,0,0,0,0,0,0,1,-1,6,3,-1,-1,-1,-1,-1,-1,-1,-1,0,-1
2025302500254,2025,302500254,2,11,0,-1,19,8,4,-1,0,8,0,0,0,0,1,1,-1,1,2,43,7,-1,-1,-1,-1,3,E01019552,0,3
2025302500254,2025,302500254,1,9,0,-1,9,2,8,-1,0,8,0,0,0,0,3,1,-1,9,1,77,11,-1,-1,-1,-1,4,E01019824,0,3
2025302500255,2025,302500255,1,9,0,-1,19,4,2,-1,0,0,2,0,0,0,4,1,-1,6,2,18,4,-1,-1,-1,-1,4,E01019822,0,2
2025302500256,2025,302500256,2,9,0,-1,2,0,0,-1,0,0,0,0,0,0,3,1,-1,6,3,-1,-1,-1,-1,-1,-1,-1,-1,0,-1
2025302500256,2025,302500256,1,9,0,-1,19,4,8,-1,0,0,0,4,0,0,1,1,-1,2,1,30,6,-1,-1,-1,-1,10,E01028087,0,3
2025302500259,2025,302500259,2,9,0,-1,2,0,0,-1,0,2,0,0,0,0,2,1,-1,6,3,-1,-1,-1,-1,-1,-1,-1,-1,0,-1
2025302500259,2025,302500259,1,1,0,-1,14,2,6,-1,0,2,0,0,0,0,1,1,-1,6,1,43,7,-1,-1,-1,-1,3,E01019577,0,1
2025302500262,2025,302500262,1,9,0,-1,19,8,3,-1,0,0,0,0,1,4,4,1,-1,6,1,20,4,-1,-1,-1,-1,7,E01019539,0,4
2025302500263,2025,302500263,1,20,0,-1,19,4,8,-1,0,8,5,10,1,0,4,1,-1,9,1,63,9,-1,-1,-1,-1,9,E01019747,0,4
2025302500265,2025,302500265,1,9,0,-1,9,1,7,-1,0,8,0,0,0,0,1,1,-1,9,2,62,9,-1,-1,-1,-1,3,E01013474,0,1
2025302500265,2025,302500265,2,2,0,-1,19,5,1,-1,0,8,0,0,0,0,1,1,-1,6,1,18,4,-1,-1,-1,-1,5,E01013587,0,1
2025302500266,2025,302500266,1,11,0,-1,19,4,8,-1,0,0,0,0,0,0,1,1,-1,1,1,51,8,-1,-1,-1,-1,8,E01006071,0,2
2025302500267,2025,302500267,1,9,0,-1,4,7,5,-1,0,2,0,0,7,11,1,1,-1,9,2,25,5,-1,-1,-1,-1,2,E01011041,0,4
2025302500276,2025,302500276,1,9,9,-1,5,2,7,-1,0,2,0,0,0,0,1,1,-1,6,1,38,7,-1,-1,-1,-1,3,E01013532,0,1
2025302500282,2025,302500282,1,9,0,-1,19,6,2,-1,0,0,0,0,1,0,1,1,-1,9,1,54,8,-1,-1,-1,-1,10,E01013577,0,1
2025302500282,2025,302500282,2,19,0,-1,19,2,6,-1,0,0,0,0,0,0,1,1,-1,1,1,52,8,-1,-1,-1,-1,6,E01013505,0,1
2025302500284,2025,302500284,2,9,0,-1,19,2,6,-1,0,8,0,0,0,0,1,1,-1,6,3,-1,-1,-1,-1,-1,-1,-1,-1,0,-1
2025302500284,2025,302500284,1,5,0,-1,19,8,4,-1,0,8,0,0,0,0,2,1,-1,2,1,47,8,-1,-1,-1,-1,5,E01013582,0,1
2025302500285,2025,302500285,2,9,0,-1,19,6,5,-1,0,8,0,0,0,0,1,1,-1,6,1,49,8,-1,-1,-1,-1,9,E01019671,0,1
2025302500285,2025,302500285,1,9,0,-1,19,1,5,-1,0,4,0,0,0,0,3,1,-1,9,2,52,8,-1,-1,-1,-1,9,E01019422,0,3
2025302500287,2025,302500287,1,19,0,-1,19,2,6,-1,0,0,0,0,0,0,3,1,-1,6,1,64,9,-1,-1,-1,-1,4,E01025360,0,4
2025302500287,2025,302500287,2,9,0,-1,19,6,2,-1,0,0,0,0,0,0,3,1,-1,2,1,24,5,-1,-1,-1,-1,8,E01019757,0,1
2025302500288,2025,302500288,2,21,1,-1,19,5,1,-1,0,0,0,0,0,0,3,1,-1,1,1,39,7,-1,-1,-1,-1,7,E01007700,0,4
2025302500288,2025,302500288,1,21,1,-1,11,5,1,-1,0,0,0,0,0,0,4,1,-1,6,3,-1,-1,-1,-1,-1,-1,-1,-1,0,-1
2025302500289,2025,302500289,2,1,0,-1,19,1,5,-1,0,8,0,0,0,0,3,1,-1,9,2,27,6,-1,-1,-1,-1,3,E01019692,0,1
2025302500289,2025,302500289,1,9,0,-1,7,1,7,-1,0,5,0,0,0,0,4,1,-1,6,2,-1,-1,-1,-1,-1,-1,8,E01025926,0,2
2025302500290,2025,302500290,3,9,0,-1,2,0,0,-1,0,8,0,0,0,0,0,1,-1,6,3,-1,-1,-1,-1,-1,-1,-1,-1,0,-1
2025302500290,2025,302500290,2,9,0,-1,19,7,3,-1,0,8,0,0,0,0,1,1,-1,6,1,65,9,-1,-1,-1,-1,10,E01019793,0,1
2025302500290,2025,302500290,1,9,0,-1,9,1,7,-1,0,8,0,0,0,0,3,1,-1,1,2,48,8,-1,-1,-1,-1,5,E01019582,0,2
2025302500291,2025,302500291,1,9,0,-1,19,4,1,-1,0,1,0,0,0,0,1,1,-1,6,3,-1,-1,-1,-1,-1,-1,-1,-1,0,-1
2025302500293,2025,302500293,1,9,0,-1,19,8,4,-1,0,8,2,0,1,9,1,1,-1,9,2,31,6,-1,-1,-1,-1,9,E01006076,0,4
2025302500294,2025,302500294,1,3,0,-1,19,3,7,-1,0,0,0,0,0,0,1,1,-1,6,1,23,5,-1,-1,-1,-1,1,E01013535,0,1
2025302500294,2025,302500294,2,1,0,-1,19,5,1,-1,0,0,0,0,0,0,3,1,-1,6,1,37,7,-1,-1,-1,-1,4,E01013534,0,1
2025302500295,2025,302500295,1,22,0,-1,19,1,5,-1,0,0,0,0,0,0,1,1,-1,6,1,78,11,-1,-1,-1,-1,1,E01019578,0,1
2025302500295,2025,302500295,2,9,0,-1,19,7,3,-1,0,0,0,0,0,0,1,1,-1,2,1,30,6,-1,-1,-1,-1,9,E01019825,0,1
2025302500296,2025,302500296,1,11,0,-1,19,9,9,-1,0,8,0,0,0,0,0,1,-1,1,1,35,6,-1,-1,-1,-1,2,E01013523,0,3
2025302500297,2025,302500297,2,9,0,-1,7,8,2,-1,0,6,0,0,0,0,3,1,-1,6,1,84,11,-1,-1,-1,-1,2,E01019507,0,1
2025302500297,2025,302500297,1,9,0,-1,19,6,2,-1,0,8,5,0,0,0,1,1,-1,6,2,62,9,-1,-1,-1,-1,3,E01033769,0,1
2025302500300,2025,302500300,4,90,0,-1,14,6,2,-1,0,0,0,0,0,0,0,1,-1,6,3,-1,-1,-1,-1,-1,-1,-1,-1,0,-1
2025302500300,2025,302500300,1,9,0,-1,19,2,6,-1,0,0,0,0,2,11,1,1,-1,6,1,25,5,-1,-1,-1,-1,8,E01019609,0,1
2025302500300,2025,302500300,3,19,0,-1,2,0,0,-1,0,0,0,0,0,0,0,1,-1,6,3,-1,-1,-1,-1,-1,-1,-1,-1,0,-1
2025302500300,2025,302500300,2,9,0,-1,3,2,6,-1,0,0,0,0,0,0,2,1,-1,9,1,46,8,-1,-1,-1,-1,6,E01019774,0,2
2025302500302,2025,302500302,2,9,0,-1,19,2,7,-1,0,8,0,0,0,0,0,1,-1,9,2,29,6,-1,-1,-1,-1,2,E01019877,0,3
2025302500302,2025,302500302,1,9,0,-1,19,2,7,-1,0,8,0,0,1,7,1,1,-1,9,2,68,10,-1,-1,-1,-1,3,E01013455,0,1
2025302500303,2025,302500303,1,5,0,-1,19,5,1,-1,0,0,0,0,0,0,0,1,-1,9,1,-1,-1,-1,-1,-1,-1,7,E01019885,0,4
2025302500304,2025,302500304,1,9,0,-1,19,1,5,-1,0,0,0,0,0,0,1,1,-1,9,1,54,8,-1,-1,-1,-1,3,E01019580,0,1
2025302500305,2025,302500305,1,9,0,-1,9,7,5,-1,0,8,0,0,0,0,1,1,-1,2,1,19,4,-1,-1,-1,-1,7,E01019628,0,3
2025302500307,2025,302500307,1,9,0,-1,19,7,3,-1,0,8,0,0,0,0,1,1,-1,6,1,47,8,-1,-1,-1,-1,2,E01019549,0,1
2025302500307,2025,302500307,2,9,0,-1,10,7,5,-1,0,1,0,0,0,0,2,1,-1,9,1,26,6,-1,-1,-1,-1,4,E01019800,0,2
2025302500308,2025,302500308,1,9,0,-1,19,4,8,-1,0,0,0,0,0,0,4,1,-1,9,2,23,5,-1,-1,-1,-1,3,E01006020,0,2
2025302500309,2025,302500309,1,9,0,-1,13,4,8,-1,0,0,5,0,1,11,1,1,-1,2,1,33,6,-1,-1,-1,-1,9,E01013149,0,5
2025302500309,2025,302500309,3,9,0,-1,19,4,8,-1,0,0,0,0,0,0,0,1,-1,6,3,-1,-1,-1,-1,-1,-1,-1,-1,0,-1
2025302500309,2025,302500309,2,21,0,-1,19,4,8,-1,0,0,0,0,0,0,2,1,-1,1,1,52,8,-1,-1,-1,-1,5,E01019763,0,4
2025302500311,2025,302500311,2,9,0,-1,10,8,6,-1,0,8,0,0,0,0,0,1,-1,6,3,-1,-1,-1,-1,-1,-1,-1,-1,0,-1
2025302500311,2025,302500311,1,9,0,-1,9,6,4,-1,0,8,0,0,0,0,1,1,-1,6,1,26,6,-1,-1,-1,-1,10,E01033168,0,1
2025302500312,2025,302500312,2,1,0,-1,19,4,8,-1,0,8,0,0,0,0,4,1,-1,9,1,69,10,-1,-1,-1,-1,5,E01013500,0,1
2025302500312,2025,302500312,1,9,0,-1,9,6,4,-1,0,8,0,0,0,0,1,1,-1,6,2,22,5,-1,-1,-1,-1,2,E01013499,0,1
2025302500313,2025,302500313,1,9,0,-1,19,6,3,-1,0,0,1,0,1,11,1,1,-1,2,1,33,6,-1,-1,-1,-1,8,E01019714,0,4
2025302500314,2025,302500314,1,9,0,-1,19,4,8,-1,0,0,0,0,0,0,1,1,-1,6,3,-1,-1,-1,-1,-1,-1,-1,-1,0,-1
2025302500315,2025,302500315,1,9,0,-1,9,1,7,-1,0,8,0,0,0,0,4,1,-1,6,1,44,7,-1,-1,-1,-1,1,E01013566,0,1
2025302500315,2025,302500315,2,9,0,-1,19,7,3,-1,0,8,1,0,0,0,4,1,-1,2,1,48,8,-1,-1,-1,-1,4,E01013537,0,1
2025302500316,2025,302500316,1,9,0,-1,4,7,3,-1,0,0,0,0,0,0,1,1,-1,1,1,-1,-1,-1,-1,-1,-1,5,E01019456,0,1
2025302500316,2025,302500316,2,9,0,-1,4,7,3,-1,0,0,0,0,0,0,2,1,-1,2,2,33,6,-1,-1,-1,-1,1,E01008123,0,4
2025302500317,2025,302500317,1,9,0,-1,19,1,5,-1,0,8,0,0,0,0,3,1,-1,6,1,54,8,-1,-1,-1,-1,10,E01019670,0,2
2025302500317,2025,302500317,2,9,0,-1,9,5,3,-1,0,8,0,0,0,0,1,1,-1,6,2,57,9,-1,-1,-1,-1,3,E01013554,0,1
2025302500318,2025,302500318,1,9,0,-1,19,8,4,-1,0,0,5,0,1,7,1,1,-1,6,2,19,4,-1,-1,-1,-1,7,E01019535,0,2
2025302500320,2025,302500320,1,9,0,-1,2,0,0,-1,0,0,0,0,0,0,2,1,-1,8,1,48,8,-1,-1,-1,-1,-1,-1,0,-1
2025302500320,2025,302500320,2,9,0,-1,19,6,3,-1,0,0,1,0,1,0,2,1,-1,6,2,33,6,-1,-1,-1,-1,3,E01013547,0,2
2025302500320,2025,302500320,3,9,0,-1,19,8,3,-1,0,0,1,0,1,9,0,1,-1,6,3,-1,-1,-1,-1,-1,-1,-1,-1,0,-1
2025302500321,2025,302500321,1,9,0,-1,10,6,4,-1,0,8,0,0,0,0,2,1,-1,9,2,58,9,-1,-1,-1,-1,3,E01019511,0,1
2025302500321,2025,302500321,2,19,0,-1,19,6,2,-1,0,1,0,0,0,0,1,1,-1,9,1,36,7,-1,-1,-1,-1,2,E01019510,0,1
2025302500322,2025,302500322,2,9,0,-1,2,0,0,-1,0,0,0,0,0,0,0,1,-1,6,3,-1,-1,-1,-1,-1,-1,-1,-1,0,-1
2025302500322,2025,302500322,1,9,0,-1,19,3,7,-1,0,0,0,0,0,0,1,1,-1,6,2,50,8,-1,-1,-1,-1,8,E01019518,0,2
2025302500323,2025,302500323,1,9,0,-1,19,6,2,-1,0,1,0,0,0,0,1,1,-1,6,1,23,5,-1,-1,-1,-1,9,E01019422,0,1
2025302500323,2025,302500323,2,9,0,-1,3,6,2,-1,0,1,0,0,0,0,2,1,-1,9,1,27,6,-1,-1,-1,-1,5,E01019465,0,1
2025302500324,2025,302500324,1,99,0,-1,9,2,8,-1,0,8,0,0,0,0,1,1,-1,6,3,-1,-1,-1,-1,-1,-1,-1,-1,0,-1
2025302500326,2025,302500326,3,9,0,-1,2,0,0,-1,0,0,0,0,0,0,0,1,-1,6,3,-1,-1,-1,-1,-1,-1,-1,-1,0,-1
2025302500326,2025,302500326,2,21,1,-1,19,5,1,-1,0,0,0,0,0,0,1,1,-1,1,1,39,7,-1,-1,-1,-1,2,E01007800,0,4
2025302500326,2025,302500326,1,9,0,-1,19,5,1,-1,0,0,0,0,0,0,2,1,-1,2,1,39,7,-1,-1,-1,-1,4,E01032971,0,4
2025302500327,2025,302500327,2,9,0,-1,19,6,2,-1,0,0,0,0,0,0,1,1,-1,2,1,38,7,-1,-1,-1,-1,10,E01019592,0,3
2025302500327,2025,302500327,1,9,0,-1,19,2,6,-1,0,0,1,0,1,0,1,1,-1,9,2,35,6,-1,-1,-1,-1,10,E01007955,0,2
2025302500328,2025,302500328,1,9,0,-1,19,2,6,-1,0,0,0,0,0,0,1,1,-1,9,1,76,11,-1,-1,-1,-1,8,E01019443,0,1
2025302500329,2025,302500329,2,9,0,-1,4,4,8,-1,0,0,0,0,0,0,2,1,-1,6,1,24,5,-1,-1,-1,-1,8,E01033820,0,5
2025302500329,2025,302500329,1,9,0,-1,19,4,8,-1,0,0,0,0,0,0,1,1,-1,6,2,83,11,-1,-1,-1,-1,9,E01019597,0,1
2025302500329,2025,302500329,3,9,0,-1,4,4,8,-1,0,0,0,0,0,0,2,1,-1,6,1,25,5,-1,-1,-1,-1,3,E01013750,0,4
2025302500330,2025,302500330,3,5,0,-1,19,6,2,-1,0,0,0,0,0,0,1,1,-1,6,1,64,9,-1,-1,-1,-1,6,E01019701,0,2
2025302500330,2025,302500330,1,9,0,-1,19,6,2,-1,0,0,1,0,4,2,3,1,-1,6,1,64,9,-1,-1,-1,-1,5,E01013500,0,1
2025302500330,2025,302500330,2,9,0,-1,4,6,2,-1,0,0,0,0,0,0,2,1,-1,6,1,45,7,-1,-1,-1,-1,2,E01013483,0,1
2025302500331,2025,302500331,1,9,0,-1,19,3,7,-1,0,8,0,0,0,0,4,1,-1,6,2,35,6,-1,-1,-1,-1,4,E01013459,0,1
2025302500331,2025,302500331,2,9,0,-1,19,5,1,-1,0,8,0,0,0,0,1,1,-1,6,1,22,5,-1,-1,-1,-1,5,E01013587,0,1
2025302500333,2025,302500333,2,5,0,-1,19,6,2,-1,0,1,0,0,0,0,1,1,-1,9,1,54,8,-1,-1,-1,-1,10,E01028137,0,4
2025302500333,2025,302500333,3,9,0,-1,13,6,2,-1,0,1,0,0,0,0,0,1,-1,8,1,-1,-1,-1,-1,-1,-1,5,E01033387,0,3
2025302500333,2025,302500333,1,9,0,-1,19,6,2,-1,0,1,0,0,0,0,2,1,-1,9,1,31,6,-1,-1,-1,-1,4,E01019450,0,2
2025302500334,2025,302500334,1,9,0,-1,19,8,4,-1,0,0,1,0,1,9,4,1,-1,6,2,29,6,-1,-1,-1,-1,4,E01013501,0,1
2025302500336,2025,302500336,1,19,0,-1,9,4,1,-1,0,2,0,0,0,0,4,1,-1,9,1,33,6,-1,-1,-1,-1,5,E01013582,0,1
2025302500337,2025,302500337,1,9,0,-1,3,8,4,-1,0,1,0,0,0,0,4,1,-1,9,1,36,7,-1,-1,-1,-1,8,E01019596,0,1
2025302500337,2025,302500337,2,1,0,-1,19,1,5,-1,0,8,0,0,0,0,1,1,-1,6,3,-1,-1,-1,-1,-1,-1,-1,-1,0,-1
2025302500338,2025,302500338,2,9,0,-1,19,1,5,-1,0,8,0,0,0,0,1,1,-1,9,2,66,10,-1,-1,-1,-1,7,E01019843,0,1
2025302500338,2025,302500338,1,9,0,-1,5,3,7,-1,0,8,0,0,0,0,3,1,-1,9,2,38,7,-1,-1,-1,-1,6,E01033536,0,1
2025302500339,2025,302500339,1,9,0,-1,19,8,3,-1,0,2,2,7,1,1,1,1,-1,6,1,87,11,-1,-1,-1,-1,4,E01019574,0,1
2025302500340,2025,302500340,1,9,0,-1,9,3,1,-1,0,8,0,0,0,0,4,1,-1,9,1,18,4,-1,-1,-1,-1,1,E01013486,0,1
2025302500340,2025,302500340,2,9,0,-1,19,5,1,-1,0,8,0,0,0,0,1,2,-1,9,1,46,8,-1,-1,-1,-1,5,E01013587,0,1
2025302500341,2025,302500341,2,19,0,-1,19,1,5,-1,0,8,0,0,0,0,3,1,-1,1,1,24,5,-1,-1,-1,-1,10,E01027992,0,3
2025302500341,2025,302500341,1,9,0,-1,19,5,1,-1,0,8,0,0,0,0,1,1,-1,2,1,26,6,-1,-1,-1,-1,3,E01019667,0,1
2025302500342,2025,302500342,1,19,0,-1,9,2,8,-1,0,8,1,0,7,0,3,1,-1,6,1,36,7,-1,-1,-1,-1,1,E01019452,0,4
2025302500342,2025,302500342,2,9,0,-1,13,2,6,-1,0,8,0,0,0,0,1,1,-1,6,1,34,6,-1,-1,-1,-1,1,E01013586,0,1
2025302500343,2025,302500343,1,9,0,-1,19,1,5,-1,0,0,0,0,0,0,1,1,-1,6,2,52,8,-1,-1,-1,-1,1,E01034257,0,2
2025302500343,2025,302500343,2,9,0,-1,3,1,5,-1,0,0,0,0,0,0,2,1,-1,9,1,41,7,-1,-1,-1,-1,8,E01019685,0,1
2025302500345,2025,302500345,2,9,0,-1,19,2,6,-1,0,0,0,0,0,0,3,1,-1,2,1,-1,-1,-1,-1,-1,-1,7,E01019636,0,3
2025302500345,2025,302500345,1,98,0,-1,11,2,6,-1,0,0,0,0,0,0,4,1,-1,1,1,32,6,-1,-1,-1,-1,4,E01029433,0,4
2025302500346,2025,302500346,1,9,0,-1,19,1,5,-1,0,8,1,0,0,0,3,1,-1,9,2,29,6,-1,-1,-1,-1,5,E01005745,0,2
2025302500346,2025,302500346,2,9,0,-1,19,7,3,-1,0,8,0,99,0,0,1,1,-1,6,1,53,8,-1,-1,-1,-1,9,E01019747,0,1
2025302500347,2025,302500347,1,9,0,-1,13,5,1,-1,0,8,0,0,0,0,3,1,-1,9,1,67,10,-1,-1,-1,-1,2,E01029450,0,1
2025302500347,2025,302500347,3,9,0,-1,7,7,1,-1,0,8,0,0,0,0,0,1,-1,6,3,-1,-1,-1,-1,-1,-1,-1,-1,0,-1
2025302500347,2025,302500347,2,9,0,-1,3,1,5,-1,0,8,0,0,0,0,3,1,-1,6,2,45,7,-1,-1,-1,-1,9,E01019850,0,1
2025302500348,2025,302500348,2,9,0,-1,19,4,8,-1,0,8,0,0,0,0,3,1,-1,9,1,67,10,-1,-1,-1,-1,5,E01019434,0,3
2025302500348,2025,302500348,1,9,0,-1,9,8,6,-1,0,8,0,0,0,0,1,1,-1,9,1,60,9,-1,-1,-1,-1,9,E01019426,0,2
2025302500349,2025,302500349,1,9,0,-1,19,1,5,-1,0,1,0,0,0,0,4,1,-1,6,2,44,7,-1,-1,-1,-1,4,E01019550,0,4
2025302500350,2025,302500350,1,9,0,-1,19,5,4,-1,0,2,1,0,7,0,1,1,-1,2,2,32,6,-1,-1,-1,-1,8,E01019875,0,1
2025302500351,2025,302500351,1,3,0,-1,4,6,2,-1,0,1,1,0,0,0,3,1,-1,2,1,23,5,-1,-1,-1,-1,10,E01019640,0,1
2025302500352,2025,302500352,1,9,0,-1,9,7,5,-1,0,2,0,0,0,0,1,1,-1,9,1,43,7,-1,-1,-1,-1,9,E01013559,0,1
2025302500354,2025,302500354,1,9,0,-1,4,8,4,-1,0,8,0,0,0,0,2,1,-1,1,1,39,7,-1,-1,-1,-1,2,E01013565,0,1
2025302500354,2025,302500354,2,9,0,-1,4,8,4,-1,0,8,0,0,0,0,1,1,-1,2,1,62,9,-1,-1,-1,-1,4,E01013555,0,1
2025302500355,2025,302500355,1,9,0,-1,19,1,4,-1,9,8,1,0,7,0,1,1,-1,6,2,59,9,-1,-1,-1,-1,8,E01019518,0,1
2025302500356,2025,302500356,2,9,0,-1,9,2,8,-1,0,8,0,0,0,0,4,1,-1,6,1,24,5,-1,-1,-1,-1,1,E01013484,0,1
2025302500356,2025,302500356,1,9,0,-1,19,4,8,-1,0,8,0,0,0,0,1,1,-1,6,1,55,8,-1,-1,-1,-1,10,E01013564,0,1
2025302500357,2025,302500357,2,9,0,-1,4,7,5,-1,0,8,0,0,0,0,1,1,-1,9,2,50,8,-1,-1,-1,-1,2,E01019453,0,1
2025302500357,2025,302500357,1,9,0,-1,19,4,8,-1,0,8,0,0,0,0,0,1,-1,6,1,-1,-1,-1,-1,-1,-1,8,E01019467,0,2
2025302500357,2025,302500357,3,9,0,-1,4,7,5,-1,0,8,0,0,0,0,2,1,-1,6,1,-1,-1,-1,-1,-1,-1,8,E01019467,0,2
2025302500358,2025,302500358,1,9,0,-1,7,8,1,-1,0,8,0,0,0,0,4,1,-1,6,3,-1,-1,-1,-1,-1,-1,-1,-1,0,-1
2025302500358,2025,302500358,2,9,0,-1,19,8,4,-1,0,8,0,0,0,0,3,1,-1,6,2,45,7,-1,-1,-1,-1,9,E01034653,0,1
2025302500359,2025,302500359,2,9,0,-1,19,7,3,-1,0,1,0,0,0,0,1,1,-1,9,1,62,9,-1,-1,-1,-1,9,E01019540,0,1
2025302500359,2025,302500359,1,9,0,-1,4,3,7,-1,0,2,0,7,7,6,1,1,-1,6,3,-1,-1,-1,-1,-1,-1,-1,-1,0,-1
2025302500360,2025,302500360,2,19,0,-1,19,8,4,-1,0,0,0,0,0,0,1,1,-1,6,3,-1,-1,-1,-1,-1,-1,-1,-1,0,-1
2025302500360,2025,302500360,1,9,0,-1,3,8,4,-1,0,0,0,0,0,0,2,1,-1,6,2,40,7,-1,-1,-1,-1,2,E01013499,0,1
2025302500361,2025,302500361,2,9,0,-1,19,1,5,-1,0,0,1,0,0,0,1,1,-1,6,1,40,7,-1,-1,-1,-1,4,E01029817,0,3
2025302500361,2025,302500361,1,9,0,-1,19,5,1,-1,0,0,1,0,0,0,1,1,-1,6,2,72,10,-1,-1,-1,-1,5,E01019611,0,1
2025302500364,2025,302500364,1,9,0,-1,19,4,7,-1,9,0,1,0,7,11,1,1,-1,6,1,21,5,-1,-1,-1,-1,5,E01019433,0,1
2025302500366,2025,302500366,2,9,0,-1,19,8,5,-1,0,0,0,0,0,0,1,1,-1,6,1,70,10,-1,-1,-1,-1,3,E01019420,0,2
2025302500366,2025,302500366,1,9,0,-1,19,5,8,-1,0,0,0,0,0,0,1,1,-1,6,1,88,11,-1,-1,-1,-1,9,E01019671,0,1
2025302500367,2025,302500367,1,9,0,-1,19,6,2,-1,0,0,0,0,0,0,1,1,-1,6,2,35,6,-1,-1,-1,-1,9,E01013488,0,2
2025302500367,2025,302500367,2,9,0,-1,19,6,2,-1,0,0,0,0,0,0,2,1,-1,6,1,26,6,-1,-1,-1,-1,3,E01031261,0,4
2025302500368,2025,302500368,1,9,0,-1,19,3,7,-1,0,0,0,0,7,0,1,1,-1,6,2,21,5,-1,-1,-1,-1,4,E01013525,0,1
2025302500368,2025,302500368,2,9,0,-1,2,0,0,-1,0,0,0,0,0,0,4,1,-1,6,3,-1,-1,-1,-1,-1,-1,-1,-1,0,-1
2025302500370,2025,302500370,1,9,0,-1,19,8,4,-1,0,0,0,4,0,0,1,1,-1,2,2,-1,-1,-1,-1,-1,-1,4,E01013572,0,1
2025302500370,2025,302500370,2,9,0,-1,2,0,0,-1,0,0,0,0,0,0,3,1,-1,9,1,18,4,-1,-1,-1,-1,4,E01013459,0,1
2025302500371,2025,302500371,2,19,0,-1,19,7,3,-1,0,0,0,0,0,0,3,1,-1,2,1,28,6,-1,-1,-1,-1,1,E01019566,0,1
2025302500371,2025,302500371,3,9,0,-1,2,0,0,-1,0,0,0,0,0,0,4,1,-1,6,3,-1,-1,-1,-1,-1,-1,-1,-1,0,-1
2025302500371,2025,302500371,1,9,0,-1,19,3,7,-1,0,0,0,0,0,0,1,1,-1,6,1,85,11,-1,-1,-1,-1,2,E01019579,0,1
2025302500372,2025,302500372,2,3,0,-1,19,9,9,-1,0,9,0,0,1,11,3,1,-1,6,1,43,7,-1,-1,-1,-1,-1,-1,0,-1
2025302500372,2025,302500372,1,9,0,-1,19,9,9,-1,0,9,0,0,0,0,4,1,-1,6,3,-1,-1,-1,-1,-1,-1,-1,-1,0,-1
2025302500374,2025,302500374,1,3,0,-1,19,6,2,-1,0,8,0,0,0,0,1,1,-1,6,1,20,4,-1,-1,-1,-1,5,E01019873,0,1
2025302500374,2025,302500374,2,9,0,-1,9,2,1,-1,0,8,0,0,0,0,4,1,-1,6,1,33,6,-1,-1,-1,-1,10,E01034650,0,1
2025302500375,2025,302500375,1,9,0,-1,19,5,1,-1,0,1,0,0,0,0,1,1,-1,6,1,48,8,-1,-1,-1,-1,1,E01007916,0,3
2025302500375,2025,302500375,2,9,0,-1,3,5,1,-1,0,1,0,0,0,0,2,1,-1,6,2,66,10,-1,-1,-1,-1,3,E01019797,0,1
2025302500375,2025,302500375,3,9,0,-1,3,5,1,-1,0,1,0,0,0,0,2,1,-1,1,2,20,4,-1,-1,-1,-1,10,E01019831,0,1
2025302500376,2025,302500376,1,9,0,-1,19,3,7,-1,0,0,0,4,0,0,1,1,-1,9,2,76,11,-1,-1,-1,-1,3,E01019492,0,1
2025302500376,2025,302500376,2,9,0,-1,2,0,0,-1,0,0,0,0,1,0,2,1,-1,6,3,-1,-1,-1,-1,-1,-1,-1,-1,0,-1
2025302500377,2025,302500377,2,9,0,-1,2,0,0,-1,0,1,0,0,0,0,0,1,-1,6,3,-1,-1,-1,-1,-1,-1,5,E01019456,0,3
2025302500377,2025,302500377,1,9,0,-1,5,6,2,-1,0,1,0,0,0,0,1,1,-1,6,1,40,7,-1,-1,-1,-1,1,E01019561,0,3