collision_index,collision_year,collision_ref_no,vehicle_reference,vehicle_type,towing_and_articulation,vehicle_manoeuvre_historic,vehicle_manoeuvre,vehicle_direction_from,vehicle_direction_to,vehicle_location_restricted_lane_historic,vehicle_location_restricted_lane,junction_location,skidding_and_overturning,hit_object_in_carriageway,vehicle_leaving_carriageway,hit_object_off_carriageway,first_point_of_impact,vehicle_left_hand_drive,journey_purpose_of_driver_historic,journey_purpose_of_driver,sex_of_driver,age_of_driver,age_band_of_driver,engine_capacity_cc,propulsion_code,age_of_vehicle,generic_make_model,driver_imd_decile,lsoa_of_driver,escooter_flag,driver_distance_banding
2025302500767,2025,302500767,1,9,0,-1,19,2,6,-1,0,0,0,0,0,0,0,1,-1,6,2,20,4,-1,-1,-1,-1,10,E01019604,0,1
2025302500767,2025,302500767,2,1,0,-1,19,6,2,-1,0,0,0,0,0,0,0,1,-1,9,1,55,8,-1,-1,-1,-1,10,E01019604,0,2
2025302500768,2025,302500768,1,9,0,-1,14,5,1,-1,0,0,0,0,0,0,4,1,-1,2,2,37,7,-1,-1,-1,-1,8,E01019704,0,2
2025302500768,2025,302500768,2,19,0,-1,5,5,1,-1,0,0,0,0,0,0,3,1,-1,6,3,-1,-1,-1,-1,-1,-1,-1,-1,0,-1
2025302500769,2025,302500769,1,9,0,-1,19,1,5,-1,0,0,0,0,0,0,2,1,-1,2,2,27,6,-1,-1,-1,-1,10,E01013520,0,4
2025302500769,2025,302500769,2,9,0,-1,19,2,5,-1,0,0,0,0,0,0,1,1,-1,6,3,-1,-1,-1,-1,-1,-1,-1,-1,0,-1
2025302500770,2025,302500770,1,9,0,-1,9,6,4,-1,0,2,0,0,0,0,1,1,-1,2,1,36,7,-1,-1,-1,-1,7,E01019677,0,1
2025302500772,2025,302500772,1,9,0,-1,19,3,7,-1,0,0,0,0,0,0,1,1,-1,1,2,60,9,-1,-1,-1,-1,10,E01032614,0,1
2025302500774,2025,302500774,1,11,0,-1,4,5,1,-1,0,0,0,0,0,0,0,1,-1,1,3,56,9,-1,-1,-1,-1,-1,-1,0,-1
2025302500775,2025,302500775,2,5,0,-1,13,4,8,-1,0,0,0,0,0,0,1,1,-1,6,1,45,7,-1,-1,-1,-1,3,E01013457,0,4
2025302500775,2025,302500775,1,9,0,-1,9,4,2,-1,0,0,0,0,0,0,1,1,-1,6,1,30,6,-1,-1,-1,-1,6,E01019608,0,1
2025302500776,2025,302500776,1,9,0,-1,19,5,8,-1,0,0,0,0,7,10,1,1,-1,9,2,65,9,-1,-1,-1,-1,8,E01019764,0,1
2025302500777,2025,302500777,2,21,0,-1,19,6,2,-1,0,8,0,0,0,0,1,1,-1,1,1,40,7,-1,-1,-1,-1,2,E01010004,0,4
2025302500777,2025,302500777,1,9,0,-1,19,8,4,-1,0,8,0,0,0,0,3,1,-1,9,1,27,6,-1,-1,-1,-1,2,E01013565,0,1
2025302500778,2025,302500778,2,9,0,-1,5,4,6,-1,0,1,0,0,0,0,4,1,-1,6,1,36,7,-1,-1,-1,-1,9,E01019624,0,3
2025302500778,2025,302500778,1,9,0,-1,5,4,6,-1,0,1,0,0,0,0,3,1,-1,6,1,52,8,-1,-1,-1,-1,4,E01019519,0,3
2025302500778,2025,302500778,3,9,0,-1,5,4,6,-1,0,1,0,0,0,0,4,1,-1,6,2,32,6,-1,-1,-1,-1,1,E01019808,0,2
2025302500779,2025,302500779,1,9,0,-1,19,3,7,-1,0,0,0,0,1,11,1,1,-1,9,2,37,7,-1,-1,-1,-1,2,E01006718,0,4
2025302500780,2025,302500780,2,9,0,-1,9,2,1,-1,0,8,0,0,0,0,4,1,-1,9,1,63,9,-1,-1,-1,-1,4,E01013525,0,1
2025302500780,2025,302500780,1,9,0,-1,19,5,1,-1,0,8,0,0,0,0,3,1,-1,9,1,54,8,-1,-1,-1,-1,1,E01013573,0,2
2025302500781,2025,302500781,1,3,0,-1,19,5,8,-1,0,8,0,0,0,0,3,1,-1,9,1,17,4,-1,-1,-1,-1,3,E01027941,0,4
2025302500781,2025,302500781,2,90,0,-1,19,8,5,-1,0,8,0,0,0,0,3,1,-1,1,1,51,8,-1,-1,-1,-1,2,E01007394,0,4
2025302500782,2025,302500782,1,9,0,-1,19,3,7,-1,0,0,0,0,0,0,4,1,-1,6,2,42,7,-1,-1,-1,-1,4,E01029433,0,3
2025302500782,2025,302500782,2,1,0,-1,19,3,7,-1,0,0,0,0,0,0,3,1,-1,9,1,37,7,-1,-1,-1,-1,7,E01029463,0,1
2025302500783,2025,302500783,2,9,0,-1,19,4,8,-1,0,0,0,0,0,0,1,1,-1,6,1,26,6,-1,-1,-1,-1,5,E01013551,0,4
2025302500783,2025,302500783,1,9,0,-1,12,4,8,-1,0,0,0,0,0,0,2,1,-1,1,2,39,7,-1,-1,-1,-1,1,E01007718,0,4
2025302500784,2025,302500784,2,5,0,-1,19,8,4,-1,0,8,0,0,0,0,4,1,-1,6,1,22,5,-1,-1,-1,-1,10,E01034655,0,1
2025302500784,2025,302500784,1,1,0,-1,9,8,6,-1,0,8,0,0,0,0,3,1,-1,6,1,57,9,-1,-1,-1,-1,7,E01033535,0,1
2025302500785,2025,302500785,2,9,0,-1,9,8,5,-1,0,8,0,0,0,0,3,1,-1,6,2,37,7,-1,-1,-1,-1,9,E01019590,0,1
2025302500785,2025,302500785,1,5,0,-1,19,4,8,-1,0,8,0,0,0,0,1,1,-1,6,1,54,8,-1,-1,-1,-1,5,E01019557,0,1
2025302500787,2025,302500787,2,1,0,-1,19,7,3,-1,0,8,1,0,0,0,1,1,-1,6,1,60,9,-1,-1,-1,-1,3,E01013553,0,1
2025302500787,2025,302500787,1,19,0,-1,7,1,3,-1,0,8,0,0,0,0,1,1,-1,6,1,38,7,-1,-1,-1,-1,2,E01029426,0,3
2025302500788,2025,302500788,2,4,0,-1,19,8,4,-1,0,8,0,0,0,0,1,1,-1,6,1,60,9,-1,-1,-1,-1,1,E01013865,0,4
2025302500788,2025,302500788,1,9,0,-1,9,6,2,-1,0,8,0,0,0,0,3,1,-1,6,1,42,7,-1,-1,-1,-1,5,E01013740,0,4
2025302500789,2025,302500789,1,11,0,-1,7,2,4,-1,0,2,0,0,0,0,0,1,-1,7,1,51,8,-1,-1,-1,-1,10,E01013578,0,2
2025302500790,2025,302500790,1,2,0,-1,19,1,5,-1,0,0,0,0,0,0,1,1,-1,9,1,16,4,-1,-1,-1,-1,5,E01019520,0,3
2025302500790,2025,302500790,2,9,0,-1,3,1,5,-1,0,0,0,0,0,0,2,1,-1,9,1,55,8,-1,-1,-1,-1,4,E01019570,0,3
2025302500791,2025,302500791,1,19,0,-1,19,1,5,-1,0,1,0,0,0,0,1,1,-1,6,1,27,6,-1,-1,-1,-1,2,E01027955,0,3
2025302500791,2025,302500791,2,9,0,-1,19,5,1,-1,0,2,0,0,0,0,1,1,-1,9,1,67,10,-1,-1,-1,-1,10,W01001735,0,5
2025302500792,2025,302500792,1,19,0,-1,13,4,8,-1,0,1,0,0,0,0,1,1,-1,6,1,32,6,-1,-1,-1,-1,6,E01013507,0,1
2025302500792,2025,302500792,2,19,0,-1,19,8,4,-1,0,2,0,0,0,0,3,1,-1,6,1,41,7,-1,-1,-1,-1,10,E01013576,0,1
2025302500793,2025,302500793,1,11,0,-1,19,1,5,-1,0,8,0,0,0,0,0,1,-1,1,1,45,7,-1,-1,-1,-1,6,E01028283,0,2
2025302500793,2025,302500793,2,17,0,-1,19,1,5,-1,0,8,0,0,0,0,0,1,-1,6,3,-1,-1,-1,-1,-1,-1,-1,-1,0,-1
2025302500794,2025,302500794,3,90,0,-1,19,5,2,-1,0,2,0,0,0,0,0,1,-1,6,3,-1,-1,-1,-1,-1,-1,-1,-1,0,-1
2025302500794,2025,302500794,2,11,0,-1,19,5,2,-1,0,2,0,0,0,0,1,1,-1,1,1,26,6,-1,-1,-1,-1,2,E01019441,0,3
2025302500794,2025,302500794,1,9,0,-1,4,5,2,-1,0,2,0,0,0,0,2,1,-1,9,1,51,8,-1,-1,-1,-1,1,E01029828,0,4
2025302500795,2025,302500795,2,1,0,-1,19,2,6,-1,0,8,1,0,0,0,1,1,-1,9,1,42,7,-1,-1,-1,-1,7,E01007827,0,3
2025302500795,2025,302500795,1,9,0,-1,19,8,4,-1,0,8,0,0,0,0,4,1,-1,9,2,20,4,-1,-1,-1,-1,6,E01028205,0,4
2025302500795,2025,302500795,3,1,0,-1,19,2,6,-1,0,8,1,0,0,0,1,1,-1,9,1,54,8,-1,-1,-1,-1,-1,-1,0,-1
2025302500796,2025,302500796,2,9,0,-1,4,5,1,-1,0,1,0,0,0,0,2,1,-1,6,1,31,6,-1,-1,-1,-1,4,E01013525,0,1
2025302500796,2025,302500796,1,9,0,-1,19,5,1,-1,0,1,0,0,0,0,1,1,-1,6,3,-1,-1,-1,-1,-1,-1,-1,-1,0,-1
2025302500797,2025,302500797,1,9,0,-1,9,5,2,-1,0,8,0,0,1,10,1,1,-1,6,1,30,6,-1,-1,-1,-1,2,E01019523,0,1
2025302500798,2025,302500798,1,9,0,-1,1,1,7,-1,0,1,0,0,1,0,2,1,-1,9,1,62,9,-1,-1,-1,-1,2,E01013585,0,1
2025302500799,2025,302500799,2,98,0,-1,19,7,3,-1,0,0,0,0,0,0,1,1,-1,1,1,27,6,-1,-1,-1,-1,10,E01018578,0,4
2025302500799,2025,302500799,1,98,0,-1,19,3,7,-1,0,0,0,0,0,0,1,1,-1,1,1,25,5,-1,-1,-1,-1,9,E01028047,0,3
2025302500799,2025,302500799,3,9,0,-1,19,7,3,-1,0,0,0,0,0,0,1,1,-1,1,1,50,8,-1,-1,-1,-1,8,E01007664,0,2
2025302500800,2025,302500800,2,1,0,-1,19,2,5,-1,0,2,0,0,0,0,4,1,-1,6,1,11,3,-1,-1,-1,-1,1,E01019578,0,1
2025302500800,2025,302500800,1,9,0,-1,19,2,6,-1,0,2,0,0,0,0,1,1,-1,6,1,73,10,-1,-1,-1,-1,3,E01019577,0,1
2025302500801,2025,302500801,1,9,0,-1,19,4,8,-1,0,2,0,0,0,0,4,1,-1,6,2,55,8,-1,-1,-1,-1,7,E01019548,0,1
2025302500802,2025,302500802,1,8,0,-1,19,1,5,-1,0,8,0,0,0,0,4,1,-1,1,1,34,6,-1,-1,-1,-1,2,E01019543,0,1
2025302500803,2025,302500803,2,9,0,-1,19,4,8,-1,0,0,0,0,1,0,1,1,-1,6,1,57,9,-1,-1,-1,-1,-1,-1,0,-1
2025302500803,2025,302500803,1,9,0,-1,2,0,0,-1,0,0,0,0,1,0,2,1,-1,6,1,35,6,-1,-1,-1,-1,8,E01028246,0,3
2025302500804,2025,302500804,1,3,0,-1,19,7,3,-1,0,8,0,0,0,0,1,1,-1,2,1,30,6,-1,-1,-1,-1,3,E01019818,0,3
2025302500804,2025,302500804,2,9,0,-1,9,3,1,-1,0,8,0,0,0,0,4,1,-1,9,2,56,9,-1,-1,-1,-1,3,E01019496,0,2
2025302500805,2025,302500805,1,9,0,-1,19,5,1,-1,0,8,0,0,0,0,1,1,-1,6,2,49,8,-1,-1,-1,-1,6,E01013518,0,1
2025302500805,2025,302500805,2,9,0,-1,19,2,6,-1,0,8,0,0,0,0,3,1,-1,6,1,31,6,-1,-1,-1,-1,6,E01019882,0,2
2025302500806,2025,302500806,2,1,0,-1,19,1,5,-1,0,2,0,0,0,0,2,1,-1,9,1,21,5,-1,-1,-1,-1,-1,-1,0,-1
2025302500806,2025,302500806,1,9,0,-1,13,1,5,-1,0,2,0,0,0,0,4,1,-1,9,1,82,11,-1,-1,-1,-1,2,E01013585,0,1
2025302500807,2025,302500807,1,9,0,-1,19,8,4,-1,0,2,1,0,2,4,1,1,-1,9,2,27,6,-1,-1,-1,-1,3,E01019420,0,1
2025302500808,2025,302500808,2,9,0,-1,19,3,7,-1,0,0,0,0,0,0,2,1,-1,6,1,66,10,-1,-1,-1,-1,2,E01013510,0,1
2025302500808,2025,302500808,1,9,0,-1,19,5,8,-1,0,0,0,4,7,2,1,1,-1,9,1,84,11,-1,-1,-1,-1,10,E01028137,0,3
2025302500810,2025,302500810,1,9,0,-1,19,4,8,-1,0,1,0,0,1,11,1,1,-1,9,2,34,6,-1,-1,-1,-1,2,E01019469,0,1
2025302500811,2025,302500811,2,9,0,-1,9,2,1,-1,0,8,0,0,0,0,3,1,-1,1,1,23,5,-1,-1,-1,-1,1,E01019799,0,1
2025302500811,2025,302500811,1,9,0,-1,19,5,1,-1,0,8,0,0,0,0,1,1,-1,9,2,27,6,-1,-1,-1,-1,4,E01027981,0,2
2025302500813,2025,302500813,2,1,0,-1,19,5,1,-1,0,1,0,0,0,0,3,1,-1,9,2,63,9,-1,-1,-1,-1,8,E01029432,0,3
2025302500813,2025,302500813,1,9,0,-1,13,5,1,-1,0,1,0,0,0,0,4,1,-1,6,1,90,11,-1,-1,-1,-1,8,E01029432,0,3
2025302500814,2025,302500814,1,4,0,-1,19,8,5,-1,0,0,1,10,0,0,0,1,-1,6,1,18,4,-1,-1,-1,-1,8,E01006067,0,3
2025302500815,2025,302500815,1,9,0,-1,9,1,2,-1,0,8,0,0,0,0,1,1,-1,9,1,80,11,-1,-1,-1,-1,1,E01013533,0,1
2025302500815,2025,302500815,2,1,0,-1,19,1,5,-1,0,8,0,0,0,0,3,1,-1,6,1,37,7,-1,-1,-1,-1,9,E01013579,0,1
2025302500816,2025,302500816,1,9,0,-1,19,1,5,-1,0,1,0,0,0,0,1,1,-1,1,1,47,8,-1,-1,-1,-1,5,E01033171,0,3
2025302500817,2025,302500817,1,19,0,-1,7,8,2,-1,0,8,0,0,0,0,1,1,-1,2,2,45,7,-1,-1,-1,-1,7,E01019700,0,1
2025302500817,2025,302500817,2,4,0,-1,13,6,2,-1,0,8,0,0,7,10,4,1,-1,6,1,18,4,-1,-1,-1,-1,8,E01033170,0,3
2025302500817,2025,302500817,3,9,0,-1,19,6,2,-1,0,1,0,0,0,0,0,1,-1,6,3,-1,-1,-1,-1,-1,-1,-1,-1,0,-1
2025302500818,2025,302500818,1,9,0,-1,19,2,6,-1,0,1,0,0,0,0,1,1,-1,6,1,28,6,-1,-1,-1,-1,2,E01013598,0,1
2025302500818,2025,302500818,2,1,0,-1,12,6,2,-1,0,2,0,0,0,0,4,1,-1,9,1,13,3,-1,-1,-1,-1,1,E01013584,0,1
2025302500819,2025,302500819,1,9,0,-1,5,6,1,-1,0,8,0,0,0,0,1,1,-1,7,1,37,7,-1,-1,-1,-1,1,E01013567,0,1
2025302500819,2025,302500819,2,1,0,-1,19,8,4,-1,0,8,0,0,1,10,1,1,-1,2,1,63,9,-1,-1,-1,-1,4,E01013458,0,1
2025302500820,2025,302500820,1,3,0,-1,19,4,8,-1,0,8,0,0,0,0,1,1,-1,9,1,18,4,-1,-1,-1,-1,3,E01019818,0,1
2025302500820,2025,302500820,2,9,0,-1,9,6,4,-1,0,6,0,0,0,0,3,1,-1,6,1,19,4,-1,-1,-1,-1,6,E01019482,0,1
2025302500821,2025,302500821,1,2,0,-1,19,6,2,-1,0,8,0,0,0,0,4,1,-1,6,2,16,4,-1,-1,-1,-1,9,E01019406,0,1
2025302500821,2025,302500821,2,9,0,-1,9,1,6,-1,0,6,0,0,0,0,1,1,-1,6,1,68,10,-1,-1,-1,-1,8,E01019621,0,1
2025302500823,2025,302500823,1,9,0,-1,19,5,1,-1,0,8,0,0,0,0,1,1,-1,9,1,54,8,-1,-1,-1,-1,4,E01029451,0,3
2025302500824,2025,302500824,1,1,0,-1,19,1,5,-1,0,0,0,0,0,0,1,1,-1,9,2,54,8,-1,-1,-1,-1,6,E01008111,0,3
2025302500826,2025,302500826,1,9,0,-1,19,4,7,-1,0,0,5,0,7,10,3,1,-1,9,2,22,5,-1,-1,-1,-1,4,E01006013,0,4
2025302500827,2025,302500827,1,9,0,-1,13,1,5,-1,0,0,0,0,0,0,1,1,-1,2,1,39,7,-1,-1,-1,-1,-1,-1,0,-1
2025302500827,2025,302500827,2,9,0,-1,19,5,1,-1,0,0,1,0,1,10,1,1,-1,2,1,30,6,-1,-1,-1,-1,3,E01029409,0,2
2025302500827,2025,302500827,3,21,1,-1,4,1,5,-1,0,0,0,0,0,0,0,1,-1,1,1,58,9,-1,-1,-1,-1,7,E01028800,0,5
2025302500828,2025,302500828,2,3,0,-1,13,1,5,-1,0,8,0,0,0,0,1,1,-1,6,1,19,4,-1,-1,-1,-1,5,E01019480,0,2
2025302500828,2025,302500828,1,9,0,-1,6,1,1,-1,0,8,0,0,0,0,3,1,-1,7,2,18,4,-1,-1,-1,-1,6,E01019477,0,1
2025302500829,2025,302500829,2,9,0,-1,19,2,8,-1,0,1,0,0,0,0,0,1,-1,6,1,47,8,-1,-1,-1,-1,2,E01013512,0,1
2025302500829,2025,302500829,1,10,0,-1,19,2,8,-1,0,1,0,0,0,0,0,1,-1,1,1,31,6,-1,-1,-1,-1,1,E01013881,0,3
2025302500831,2025,302500831,1,9,0,-1,9,1,7,-1,0,8,0,0,0,0,1,1,-1,9,2,58,9,-1,-1,-1,-1,6,E01034656,0,1
2025302500831,2025,302500831,2,3,0,-1,14,7,3,-1,0,8,0,0,0,0,1,1,-1,2,1,23,5,-1,-1,-1,-1,9,E01019850,0,1
2025302500833,2025,302500833,1,9,0,-1,5,1,2,-1,0,4,0,0,0,0,3,1,-1,6,1,79,11,-1,-1,-1,-1,10,E01019641,0,1
2025302500833,2025,302500833,2,1,0,-1,19,6,2,-1,0,8,0,0,0,0,1,1,-1,9,1,56,9,-1,-1,-1,-1,10,E01019702,0,2
2025302500834,2025,302500834,1,9,0,-1,19,2,7,-1,0,1,0,0,0,0,3,1,-1,6,2,41,7,-1,-1,-1,-1,10,E01019640,0,1
2025302500834,2025,302500834,2,1,0,-1,19,1,5,-1,0,1,0,0,0,0,1,1,-1,6,1,10,2,-1,-1,-1,-1,5,E01019639,0,1
2025302500835,2025,302500835,2,9,0,-1,9,8,5,-1,0,8,0,0,0,0,3,1,-1,6,2,29,6,-1,-1,-1,-1,6,E01013495,0,1
2025302500835,2025,302500835,1,9,0,-1,19,5,1,-1,0,8,0,0,0,0,1,1,-1,6,2,22,5,-1,-1,-1,-1,1,E01013487,0,1
2025302500836,2025,302500836,1,9,0,-1,9,5,3,-1,0,6,0,0,0,0,3,1,-1,6,2,57,9,-1,-1,-1,-1,2,E01019777,0,1
2025302500836,2025,302500836,2,1,0,-1,19,3,1,-1,0,8,1,0,0,0,1,1,-1,9,1,38,7,-1,-1,-1,-1,4,E01019800,0,1
2025302500839,2025,302500839,1,9,0,-1,19,1,5,-1,-1,0,1,0,1,4,1,1,-1,9,2,69,10,-1,-1,-1,-1,3,E01019856,0,2
2025302500840,2025,302500840,1,9,0,-1,19,3,7,-1,0,0,0,0,0,0,1,1,-1,6,3,-1,-1,-1,-1,-1,-1,-1,-1,0,-1
2025302500841,2025,302500841,1,5,0,-1,13,1,5,-1,0,1,1,0,3,1,1,1,-1,6,1,51,8,-1,-1,-1,-1,7,E01025937,0,4
2025302500842,2025,302500842,1,9,0,-1,12,6,2,-1,0,8,0,0,3,1,3,1,-1,9,2,30,6,-1,-1,-1,-1,7,E01019700,0,3
2025302500842,2025,302500842,2,9,0,-1,19,6,2,-1,0,8,0,0,0,0,4,1,-1,2,1,19,4,-1,-1,-1,-1,2,E01013569,0,1
2025302500843,2025,302500843,2,1,0,-1,19,2,6,-1,0,1,0,0,0,0,2,1,-1,9,2,9,2,-1,-1,-1,-1,10,E01019653,0,1
2025302500843,2025,302500843,1,9,0,-1,19,2,6,-1,0,1,0,0,0,0,1,1,-1,9,1,18,4,-1,-1,-1,-1,7,E01019697,0,1
2025302500844,2025,302500844,2,1,0,-1,19,6,2,-1,0,8,0,0,0,0,4,1,-1,9,1,12,3,-1,-1,-1,-1,2,E01013477,0,1
2025302500844,2025,302500844,1,9,0,-1,7,2,4,-1,0,5,0,0,0,0,1,1,-1,9,2,73,10,-1,-1,-1,-1,3,E01013502,0,1
2025302500846,2025,302500846,2,9,0,-1,5,5,1,-1,0,8,0,0,1,1,1,1,-1,9,1,64,9,-1,-1,-1,-1,5,E01019649,0,1
2025302500846,2025,302500846,1,9,0,-1,9,3,1,-1,0,8,0,0,1,1,4,1,-1,6,1,55,8,-1,-1,-1,-1,10,E01028091,0,1
2025302500850,2025,302500850,2,8,0,-1,19,7,3,-1,0,0,0,0,0,0,1,1,-1,6,3,-1,-1,-1,-1,-1,-1,-1,-1,0,-1
2025302500850,2025,302500850,1,9,0,-1,3,7,3,-1,0,0,0,0,0,0,2,1,-1,6,1,50,8,-1,-1,-1,-1,7,E01007103,0,5
2025302500851,2025,302500851,1,9,0,-1,19,5,2,-1,9,1,0,0,1,10,4,1,-1,6,2,50,8,-1,-1,-1,-1,9,E01019795,0,1
2025302500852,2025,302500852,1,9,0,-1,3,5,1,-1,0,2,0,0,0,0,2,1,-1,2,2,40,7,-1,-1,-1,-1,1,E01019663,0,1
2025302500852,2025,302500852,2,9,0,-1,19,5,1,-1,0,2,0,0,0,0,1,1,-1,6,3,-1,-1,-1,-1,-1,-1,-1,-1,0,-1
2025302500853,2025,302500853,1,9,0,-1,19,6,2,-1,0,0,0,0,0,0,1,1,-1,6,1,35,6,-1,-1,-1,-1,7,E01019655,0,1
2025302500853,2025,302500853,2,9,0,-1,2,0,0,-1,0,0,0,0,0,0,2,1,-1,9,2,34,6,-1,-1,-1,-1,9,E01019683,0,2
2025302500854,2025,302500854,1,9,0,-1,7,3,5,-1,0,2,0,0,0,0,1,1,-1,9,2,34,6,-1,-1,-1,-1,9,E01019683,0,1
2025302500854,2025,302500854,3,9,0,-1,2,0,0,-1,0,2,0,0,0,0,0,1,-1,6,3,-1,-1,-1,-1,-1,-1,-1,-1,0,-1
2025302500854,2025,302500854,2,4,0,-1,19,1,5,-1,0,2,1,0,0,0,1,1,-1,2,1,56,9,-1,-1,-1,-1,3,E01019687,0,1
2025302500855,2025,302500855,1,9,0,-1,19,7,3,-1,0,0,0,0,0,0,3,1,-1,9,2,31,6,-1,-1,-1,-1,1,E01019444,0,1
2025302500855,2025,302500855,2,1,0,-1,19,3,7,-1,0,0,0,0,0,0,3,1,-1,9,1,13,3,-1,-1,-1,-1,-1,-1,0,-1
2025302500856,2025,302500856,1,9,0,-1,19,2,6,-1,0,2,0,0,7,2,1,1,-1,9,2,26,6,-1,-1,-1,-1,9,E01019430,0,3
2025302500857,2025,302500857,1,9,0,-1,19,7,3,-1,0,0,0,0,1,11,1,1,-1,6,1,22,5,-1,-1,-1,-1,7,E01019528,0,3
2025302500858,2025,302500858,1,9,0,-1,19,8,4,-1,0,8,0,0,0,0,1,1,-1,2,1,53,8,-1,-1,-1,-1,8,E01019467,0,1
2025302500858,2025,302500858,2,9,0,-1,19,6,2,-1,0,8,0,0,0,0,4,1,-1,2,2,30,6,-1,-1,-1,-1,9,E01013563,0,3
2025302500859,2025,302500859,1,19,0,-1,19,8,4,-1,0,2,0,0,7,11,3,1,-1,1,1,32,6,-1,-1,-1,-1,1,E01019625,0,2
2025302500860,2025,302500860,3,9,0,-1,3,2,6,-1,0,1,0,0,0,0,0,1,-1,6,3,-1,-1,-1,-1,-1,-1,-1,-1,0,-1
2025302500860,2025,302500860,2,9,0,-1,9,5,2,-1,0,8,0,0,0,0,1,1,-1,2,1,34,6,-1,-1,-1,-1,4,E01013460,0,1
2025302500860,2025,302500860,1,9,0,-1,19,2,6,-1,0,8,0,0,7,0,1,1,-1,1,2,28,6,-1,-1,-1,-1,5,E01019456,0,3
2025302500861,2025,302500861,2,9,0,-1,9,1,7,-1,0,8,0,0,0,0,3,1,-1,2,2,35,6,-1,-1,-1,-1,1,E01013536,0,1
2025302500861,2025,302500861,1,3,0,-1,13,7,3,-1,0,8,0,0,0,0,1,1,-1,1,1,32,6,-1,-1,-1,-1,6,E01013506,0,1
2025302500862,2025,302500862,2,22,0,-1,19,4,8,-1,0,2,0,0,0,0,1,1,-1,6,1,75,10,-1,-1,-1,-1,3,E01013548,0,1
2025302500862,2025,302500862,1,9,0,-1,19,2,6,-1,0,3,0,0,0,0,1,1,-1,-1,3,-1,-1,-1,-1,-1,-1,-1,-1,0,-1
2025302500863,2025,302500863,1,9,0,-1,14,1,6,-1,0,2,0,0,0,0,1,1,-1,6,2,20,4,-1,-1,-1,-1,2,E01013581,0,1
2025302500863,2025,302500863,2,19,0,-1,3,1,6,-1,0,2,0,0,0,0,0,1,-1,6,3,-1,-1,-1,-1,-1,-1,-1,-1,0,-1
2025302500864,2025,302500864,2,1,0,-1,19,3,7,-1,0,0,0,0,0,0,4,1,-1,7,1,16,4,-1,-1,-1,-1,8,E01019722,0,1
2025302500864,2025,302500864,1,9,0,-1,9,5,3,-1,0,0,0,0,0,0,1,1,-1,6,1,59,9,-1,-1,-1,-1,8,E01019714,0,1
2025302500865,2025,302500865,1,9,0,-1,14,3,7,-1,0,0,0,0,0,0,4,1,-1,6,2,44,7,-1,-1,-1,-1,6,E01013519,0,1
2025302500865,2025,302500865,2,9,0,-1,2,0,0,-1,0,0,0,0,0,0,3,1,-1,1,3,-1,-1,-1,-1,-1,-1,-1,-1,0,-1
2025302500866,2025,302500866,1,9,0,-1,9,5,1,-1,0,8,0,0,0,0,1,1,-1,9,2,80,11,-1,-1,-1,-1,5,E01013582,0,3
2025302500866,2025,302500866,2,19,0,-1,19,2,6,-1,0,8,0,0,0,0,3,1,-1,9,1,40,7,-1,-1,-1,-1,7,E01019448,0,2
2025302500867,2025,302500867,1,9,0,-1,19,4,8,-1,0,0,0,0,0,0,1,1,-1,6,3,-1,-1,-1,-1,-1,-1,-1,-1,0,-1
2025302500868,2025,302500868,1,9,0,-1,2,0,0,-1,0,2,0,0,0,0,2,1,-1,9,2,34,6,-1,-1,-1,-1,6,E01013545,0,1
2025302500868,2025,302500868,2,9,0,-1,19,5,1,-1,0,2,0,0,0,0,4,1,-1,6,1,24,5,-1,-1,-1,-1,5,E01013595,0,2
2025302500869,2025,302500869,1,9,0,-1,19,3,7,-1,0,2,0,0,0,0,1,1,-1,7,2,31,6,-1,-1,-1,-1,5,E01019582,0,1
2025302500869,2025,302500869,2,19,0,-1,1,7,3,-1,0,2,0,0,0,0,2,1,-1,6,3,-1,-1,-1,-1,-1,-1,-1,-1,0,-1
2025302500870,2025,302500870,1,19,0,-1,1,6,2,-1,0,1,0,0,1,10,2,1,-1,6,1,66,10,-1,-1,-1,-1,3,E01013457,0,1
2025302500872,2025,302500872,2,9,0,-1,4,1,5,-1,0,1,0,0,0,0,1,1,-1,9,1,62,9,-1,-1,-1,-1,6,E01013528,0,1
2025302500872,2025,302500872,1,9,0,-1,3,1,5,-1,0,1,0,0,0,0,2,1,-1,6,1,56,9,-1,-1,-1,-1,10,E01013461,0,1
2025302500874,2025,302500874,1,9,0,-1,19,5,1,-1,0,0,0,0,1,4,1,1,-1,6,2,38,7,-1,-1,-1,-1,10,E01034651,0,2
2025302500875,2025,302500875,1,9,0,-1,7,8,2,-1,0,5,1,7,0,0,1,1,-1,6,2,42,7,-1,-1,-1,-1,8,E01019834,0,2
2025302500875,2025,302500875,2,19,0,-1,19,1,4,-1,0,6,0,0,0,0,0,1,-1,1,1,45,7,-1,-1,-1,-1,8,E01033170,0,2
2025302500876,2025,302500876,1,9,0,-1,3,8,4,-1,0,1,0,0,0,0,2,1,-1,9,1,26,6,-1,-1,-1,-1,5,E01019582,0,1
2025302500876,2025,302500876,2,9,0,-1,19,8,4,-1,0,8,9,0,0,0,9,1,-1,6,2,28,6,-1,-1,-1,-1,1,E01008117,0,3
2025302500877,2025,302500877,2,9,0,-1,19,6,2,-1,0,0,0,0,0,0,1,1,-1,9,1,51,8,-1,-1,-1,-1,4,E01013537,0,1