collision_index,collision_year,collision_ref_no,vehicle_reference,vehicle_type,towing_and_articulation,vehicle_manoeuvre_historic,vehicle_manoeuvre,vehicle_direction_from,vehicle_direction_to,vehicle_location_restricted_lane_historic,vehicle_location_restricted_lane,junction_location,skidding_and_overturning,hit_object_in_carriageway,vehicle_leaving_carriageway,hit_object_off_carriageway,first_point_of_impact,vehicle_left_hand_drive,journey_purpose_of_driver_historic,journey_purpose_of_driver,sex_of_driver,age_of_driver,age_band_of_driver,engine_capacity_cc,propulsion_code,age_of_vehicle,generic_make_model,driver_imd_decile,lsoa_of_driver,escooter_flag,driver_distance_banding
2025302500877,2025,302500877,1,19,0,-1,19,5,2,-1,0,0,0,0,0,0,2,1,-1,9,1,34,6,-1,-1,-1,-1,1,E01034257,0,1
2025302500878,2025,302500878,2,9,0,-1,19,7,4,-1,0,8,0,0,0,0,1,1,-1,6,2,46,8,-1,-1,-1,-1,7,E01029463,0,3
2025302500878,2025,302500878,1,9,0,-1,9,2,7,-1,0,8,0,0,0,0,3,1,-1,6,2,49,8,-1,-1,-1,-1,5,E01013493,0,1
2025302500879,2025,302500879,1,9,0,-1,19,6,3,-1,0,2,0,0,0,0,3,1,-1,6,1,28,6,-1,-1,-1,-1,1,E01013486,0,1
2025302500879,2025,302500879,2,9,0,-1,19,3,6,-1,0,1,0,0,0,0,3,1,-1,6,1,18,4,-1,-1,-1,-1,2,E01013483,0,1
2025302500880,2025,302500880,1,9,0,-1,19,7,3,-1,0,0,1,0,2,4,1,1,-1,9,1,33,6,-1,-1,-1,-1,6,E01008105,0,2
2025302500881,2025,302500881,1,9,0,-1,19,4,8,-1,0,1,0,0,0,0,4,1,-1,1,2,32,6,-1,-1,-1,-1,9,E01034652,0,1
2025302500882,2025,302500882,2,9,0,-1,19,4,8,-1,0,8,0,0,0,0,1,1,-1,6,3,-1,-1,-1,-1,-1,-1,-1,-1,0,-1
2025302500882,2025,302500882,1,9,0,-1,19,8,5,-1,0,8,0,0,0,0,4,1,-1,9,3,-1,-1,-1,-1,-1,-1,-1,-1,0,-1
2025302500885,2025,302500885,1,9,0,-1,9,2,7,-1,0,8,0,0,0,0,1,1,-1,6,3,-1,-1,-1,-1,-1,-1,-1,-1,0,-1
2025302500887,2025,302500887,1,9,0,-1,19,7,3,-1,0,2,0,0,0,0,1,1,-1,9,1,50,8,-1,-1,-1,-1,2,E01019523,0,1
2025302500887,2025,302500887,2,9,0,-1,2,0,0,-1,0,2,0,0,0,0,2,1,-1,6,3,-1,-1,-1,-1,-1,-1,-1,-1,0,-1
2025302500888,2025,302500888,2,9,0,-1,19,4,8,-1,0,0,0,0,0,0,3,1,-1,2,1,25,5,-1,-1,-1,-1,8,E01019609,0,1
2025302500888,2025,302500888,1,9,0,-1,14,8,4,-1,0,0,5,0,0,0,1,1,-1,6,2,40,7,-1,-1,-1,-1,6,E01019608,0,1
2025302500889,2025,302500889,1,9,0,-1,19,2,6,-1,0,8,0,0,0,0,1,1,-1,9,1,46,8,-1,-1,-1,-1,2,E01029426,0,3
2025302500889,2025,302500889,2,1,0,-1,19,5,1,-1,0,8,0,0,0,0,3,1,-1,6,1,24,5,-1,-1,-1,-1,-1,-1,0,-1
2025302500890,2025,302500890,1,5,0,-1,3,3,7,-1,0,1,0,0,0,0,2,1,-1,9,1,63,9,-1,-1,-1,-1,4,E01028343,0,3
2025302500890,2025,302500890,2,5,0,-1,5,3,7,-1,0,1,0,0,0,0,1,1,-1,9,1,65,9,-1,-1,-1,-1,4,E01028296,0,3
2025302500891,2025,302500891,1,9,0,-1,19,4,8,-1,0,0,0,0,0,0,1,1,-1,6,1,75,10,-1,-1,-1,-1,9,E01019631,0,2
2025302500891,2025,302500891,2,9,0,-1,19,8,4,-1,0,0,0,0,0,0,1,1,-1,6,1,91,11,-1,-1,-1,-1,10,E01019614,0,1
2025302500892,2025,302500892,2,5,0,-1,19,7,4,-1,0,8,0,0,0,0,1,1,-1,9,1,61,9,-1,-1,-1,-1,2,E01013504,0,2
2025302500892,2025,302500892,1,9,0,-1,9,4,1,-1,0,8,0,0,0,0,4,1,-1,2,2,48,8,-1,-1,-1,-1,8,E01013546,0,2
2025302500893,2025,302500893,1,9,0,-1,19,6,2,-1,0,0,0,0,0,0,4,1,-1,6,1,64,9,-1,-1,-1,-1,5,E01019605,0,1
2025302500895,2025,302500895,1,9,0,-1,19,2,6,-1,0,8,1,0,1,11,3,1,-1,2,3,33,6,-1,-1,-1,-1,9,E01019602,0,1
2025302500895,2025,302500895,2,9,0,-1,19,8,4,-1,0,1,1,0,0,0,4,1,-1,7,1,63,9,-1,-1,-1,-1,8,E01019735,0,2
2025302500896,2025,302500896,2,9,0,-1,19,2,7,-1,0,0,1,0,0,0,4,1,-1,9,1,32,6,-1,-1,-1,-1,3,E01007679,0,4
2025302500896,2025,302500896,1,9,0,-1,19,7,2,-1,0,0,1,10,0,0,1,1,-1,6,2,34,6,-1,-1,-1,-1,1,E01011122,0,4
2025302500897,2025,302500897,1,21,0,-1,19,8,4,-1,0,0,0,0,1,1,1,2,-1,1,1,30,6,-1,-1,-1,-1,5,E01025401,0,5
2025302500898,2025,302500898,1,11,0,-1,9,7,5,-1,0,2,0,0,0,0,3,1,-1,1,1,23,5,-1,-1,-1,-1,2,E01013899,0,3
2025302500898,2025,302500898,2,11,0,-1,8,5,7,-1,0,1,0,0,0,0,3,1,-1,1,1,36,7,-1,-1,-1,-1,2,E01013910,0,3
2025302500899,2025,302500899,2,1,0,-1,19,1,5,-1,0,8,0,0,0,0,1,1,-1,6,2,65,9,-1,-1,-1,-1,8,E01019840,0,1
2025302500899,2025,302500899,1,9,0,-1,9,5,3,-1,0,8,0,0,0,0,4,1,-1,6,2,35,6,-1,-1,-1,-1,9,E01019841,0,1
2025302500900,2025,302500900,2,9,0,-1,2,0,0,-1,0,0,0,0,0,0,2,1,-1,-1,3,-1,-1,-1,-1,-1,-1,-1,-1,0,-1
2025302500900,2025,302500900,1,9,0,-1,1,1,5,-1,0,0,0,4,0,0,3,1,-1,6,3,-1,-1,-1,-1,-1,-1,-1,-1,0,-1
2025302500901,2025,302500901,3,9,0,-1,2,0,0,-1,0,1,0,0,0,0,0,1,-1,6,3,-1,-1,-1,-1,-1,-1,-1,-1,0,-1
2025302500901,2025,302500901,1,9,0,-1,19,6,2,-1,0,8,0,0,0,0,1,1,-1,8,1,-1,-1,-1,-1,-1,-1,2,E01013523,0,3
2025302500901,2025,302500901,2,9,0,-1,9,1,6,-1,0,8,0,0,0,0,1,1,-1,6,1,47,8,-1,-1,-1,-1,5,E01019876,0,1
2025302500902,2025,302500902,1,9,0,-1,19,5,1,-1,0,0,5,0,7,7,1,1,-1,6,1,33,6,-1,-1,-1,-1,6,E01013507,0,1
2025302500903,2025,302500903,1,9,0,-1,19,3,7,-1,0,0,0,0,0,0,1,1,-1,9,1,42,7,-1,-1,-1,-1,5,E01019456,0,1
2025302500904,2025,302500904,1,9,0,-1,19,7,3,-1,0,0,0,0,0,0,1,1,-1,9,1,55,8,-1,-1,-1,-1,9,E01019622,0,1
2025302500904,2025,302500904,2,9,0,-1,10,7,4,-1,0,0,0,0,0,0,2,1,-1,2,2,65,9,-1,-1,-1,-1,8,E01019626,0,1
2025302500905,2025,302500905,1,1,0,-1,19,8,4,-1,0,5,0,0,3,10,1,1,-1,9,1,41,7,-1,-1,-1,-1,4,E01007978,0,4
2025302500906,2025,302500906,1,5,0,-1,5,8,4,-1,0,0,0,0,0,0,2,1,-1,6,1,42,7,-1,-1,-1,-1,3,E01014240,0,4
2025302500907,2025,302500907,1,9,0,-1,9,2,8,-1,0,0,0,0,0,0,1,1,-1,6,2,-1,-1,-1,-1,-1,-1,6,E01019732,0,1
2025302500907,2025,302500907,2,1,0,-1,19,6,2,-1,0,0,0,0,0,0,1,1,-1,9,1,40,7,-1,-1,-1,-1,8,E01019753,0,1
2025302500908,2025,302500908,1,9,0,-1,19,8,4,-1,9,1,0,0,0,0,1,1,-1,6,3,-1,-1,-1,-1,-1,-1,5,E01019613,0,1
2025302500908,2025,302500908,2,1,0,-1,19,6,2,-1,9,8,0,0,0,0,1,1,-1,6,1,13,3,-1,-1,-1,-1,-1,-1,0,-1
2025302500909,2025,302500909,1,11,0,-1,19,6,2,-1,0,0,1,4,0,0,1,1,-1,1,1,38,7,-1,-1,-1,-1,2,E01013834,0,3
2025302500909,2025,302500909,2,9,0,-1,2,0,0,-1,0,0,0,0,0,0,2,1,-1,6,3,-1,-1,-1,-1,-1,-1,-1,-1,0,-1
2025302500910,2025,302500910,2,9,0,-1,7,8,2,-1,0,8,0,0,0,0,3,1,-1,6,1,37,7,-1,-1,-1,-1,6,E01010219,0,4
2025302500910,2025,302500910,1,9,0,-1,19,6,2,-1,0,8,0,0,0,0,1,1,-1,6,1,26,6,-1,-1,-1,-1,3,E01019541,0,3
2025302500911,2025,302500911,1,9,0,-1,19,1,5,-1,0,0,0,0,0,0,1,1,-1,6,1,73,10,-1,-1,-1,-1,7,E01029456,0,3
2025302500911,2025,302500911,2,9,0,-1,19,1,5,-1,0,0,1,0,5,6,2,1,-1,6,1,54,8,-1,-1,-1,-1,10,E01013564,0,2
2025302500911,2025,302500911,3,9,0,-1,4,1,5,-1,0,0,0,0,0,0,2,1,-1,6,1,71,10,-1,-1,-1,-1,10,E01028201,0,4
2025302500912,2025,302500912,1,9,0,-1,9,8,6,-1,0,8,0,0,0,0,1,1,-1,9,2,35,6,-1,-1,-1,-1,3,E01013531,0,1
2025302500912,2025,302500912,2,9,0,-1,19,4,8,-1,0,8,0,0,0,0,3,1,-1,9,2,40,7,-1,-1,-1,-1,5,E01013582,0,1
2025302500913,2025,302500913,2,9,0,-1,3,7,3,-1,0,1,0,0,0,0,0,1,-1,6,3,-1,-1,-1,-1,-1,-1,-1,-1,0,-1
2025302500913,2025,302500913,1,21,0,-1,19,3,7,-1,0,8,0,0,0,0,3,1,-1,1,1,64,9,-1,-1,-1,-1,5,E01013509,0,2
2025302500914,2025,302500914,1,9,0,-1,19,8,4,-1,0,0,0,0,0,0,1,1,-1,6,1,87,11,-1,-1,-1,-1,6,E01019741,0,1
2025302500914,2025,302500914,2,9,0,-1,19,4,8,-1,0,0,0,0,0,0,1,1,-1,6,2,81,11,-1,-1,-1,-1,7,E01019771,0,4
2025302500915,2025,302500915,4,20,0,-1,2,0,0,-1,0,0,0,0,0,0,2,1,-1,1,3,-1,-1,-1,-1,-1,-1,-1,-1,0,-1
2025302500915,2025,302500915,3,9,0,-1,19,6,2,-1,0,0,0,0,5,6,1,1,-1,6,1,21,5,-1,-1,-1,-1,7,E01033535,0,2
2025302500915,2025,302500915,1,9,0,-1,19,6,2,-1,0,0,1,0,1,7,3,1,-1,6,2,25,5,-1,-1,-1,-1,2,E01029445,0,2
2025302500915,2025,302500915,2,9,0,-1,19,6,2,-1,0,0,0,4,0,0,1,1,-1,6,1,43,7,-1,-1,-1,-1,8,E01013546,0,2
2025302500916,2025,302500916,1,9,0,-1,19,1,3,-1,0,1,0,0,0,0,4,1,-1,9,1,26,6,-1,-1,-1,-1,1,E01013567,0,1
2025302500916,2025,302500916,2,1,0,-1,19,3,7,-1,0,1,0,0,0,0,1,1,-1,6,1,8,2,-1,-1,-1,-1,1,E01013568,0,1
2025302500917,2025,302500917,2,9,0,-1,19,1,5,-1,0,8,0,0,0,0,1,1,-1,6,1,48,8,-1,-1,-1,-1,5,E01009281,0,4
2025302500917,2025,302500917,1,10,0,-1,19,3,7,-1,0,8,0,0,0,0,3,1,-1,7,1,45,7,-1,-1,-1,-1,9,E01019825,0,4
2025302500918,2025,302500918,1,1,0,-1,15,4,8,-1,0,8,0,0,0,0,1,1,-1,6,3,-1,-1,-1,-1,-1,-1,-1,-1,0,-1
2025302500918,2025,302500918,2,9,0,-1,7,4,6,-1,0,8,0,0,0,0,4,1,-1,6,2,41,7,-1,-1,-1,-1,2,E01013836,0,4
2025302500920,2025,302500920,2,9,0,-1,8,1,3,-1,0,8,0,0,0,0,1,1,-1,6,1,49,8,-1,-1,-1,-1,1,E01013566,0,1
2025302500920,2025,302500920,1,9,0,-1,9,3,1,-1,0,8,0,0,0,0,3,1,-1,6,1,29,6,-1,-1,-1,-1,1,E01013566,0,1
2025302500921,2025,302500921,1,9,0,-1,9,7,4,-1,0,8,0,0,0,0,1,1,-1,9,1,51,8,-1,-1,-1,-1,5,E01019676,0,1
2025302500921,2025,302500921,2,1,0,-1,19,8,4,-1,0,8,1,0,0,0,1,1,-1,2,2,30,6,-1,-1,-1,-1,7,E01028418,0,2
2025302500922,2025,302500922,2,1,0,-1,19,6,3,-1,0,8,0,0,0,0,1,1,-1,9,1,39,7,-1,-1,-1,-1,8,E01019414,0,1
2025302500922,2025,302500922,1,9,0,-1,9,3,1,-1,0,5,0,0,0,0,4,1,-1,6,1,74,10,-1,-1,-1,-1,2,E01013965,0,4
2025302500923,2025,302500923,2,9,0,-1,9,8,6,-1,0,0,0,0,0,0,4,1,-1,2,1,64,9,-1,-1,-1,-1,7,E01033535,0,1
2025302500923,2025,302500923,1,1,0,-1,19,4,8,-1,0,0,0,0,0,0,1,1,-1,7,1,16,4,-1,-1,-1,-1,6,E01034657,0,1
2025302500924,2025,302500924,2,9,0,-1,19,5,1,-1,0,2,0,0,0,0,4,1,-1,2,3,31,6,-1,-1,-1,-1,7,E01019445,0,1
2025302500924,2025,302500924,1,9,0,-1,9,7,5,-1,0,2,0,0,0,0,1,1,-1,6,3,20,4,-1,-1,-1,-1,6,E01019451,0,2
2025302500925,2025,302500925,1,9,0,-1,19,5,1,-1,0,1,0,0,0,0,1,1,-1,6,2,74,10,-1,-1,-1,-1,7,E01019656,0,1
2025302500925,2025,302500925,2,9,0,-1,7,3,5,-1,0,2,1,0,0,0,1,1,-1,6,3,-1,-1,-1,-1,-1,-1,-1,-1,0,-1
2025302500926,2025,302500926,1,9,0,-1,9,2,8,-1,0,0,0,0,0,0,1,1,-1,6,1,19,4,-1,-1,-1,-1,6,E01035051,0,4
2025302500926,2025,302500926,2,9,0,-1,19,4,8,-1,0,0,0,0,0,0,3,1,-1,6,2,68,10,-1,-1,-1,-1,6,E01019660,0,1
2025302500927,2025,302500927,1,9,0,-1,9,1,8,-1,0,6,0,0,0,0,1,1,-1,2,2,53,8,-1,-1,-1,-1,5,E01019436,0,2
2025302500927,2025,302500927,2,4,0,-1,19,4,8,-1,0,8,0,0,0,0,3,1,-1,9,1,31,6,-1,-1,-1,-1,9,E01019659,0,1
2025302500930,2025,302500930,1,9,0,-1,19,1,5,-1,0,0,0,0,0,0,1,1,-1,6,3,-1,-1,-1,-1,-1,-1,-1,-1,0,-1
2025302500930,2025,302500930,2,19,0,-1,3,1,5,-1,0,0,0,0,0,0,2,1,-1,1,1,65,9,-1,-1,-1,-1,1,E01013472,0,1
2025302500931,2025,302500931,1,9,0,-1,7,2,4,-1,0,0,0,0,0,0,4,1,-1,6,2,62,9,-1,-1,-1,-1,10,E01019758,0,1
2025302500932,2025,302500932,1,9,0,-1,13,3,8,-1,0,0,0,0,0,0,4,1,-1,2,2,44,7,-1,-1,-1,-1,7,W01000269,0,4
2025302500932,2025,302500932,2,9,0,-1,19,8,3,-1,0,0,0,0,0,0,2,1,-1,6,1,18,4,-1,-1,-1,-1,8,E01019603,0,3
2025302500932,2025,302500932,4,9,0,-1,19,3,8,-1,0,0,0,0,0,0,3,1,-1,1,1,58,9,-1,-1,-1,-1,3,E01018454,0,4
2025302500932,2025,302500932,3,9,0,-1,19,8,3,-1,0,0,0,0,0,0,1,1,-1,6,2,18,4,-1,-1,-1,-1,7,E01019612,0,1
2025302500933,2025,302500933,3,9,0,-1,4,1,5,-1,0,0,0,0,0,0,0,1,-1,6,3,-1,-1,-1,-1,-1,-1,-1,-1,0,-1
2025302500933,2025,302500933,2,8,0,-1,4,1,5,-1,0,0,0,0,0,0,2,1,-1,1,1,41,7,-1,-1,-1,-1,1,E01013486,0,1
2025302500933,2025,302500933,1,11,0,-1,19,1,5,-1,0,0,0,0,0,0,1,1,-1,1,1,39,7,-1,-1,-1,-1,2,E01033172,0,1
2025302500934,2025,302500934,1,8,0,-1,3,4,8,-1,0,1,0,0,0,0,2,1,-1,1,3,-1,-1,-1,-1,-1,-1,-1,-1,0,-1
2025302500934,2025,302500934,2,9,0,-1,19,4,8,-1,0,1,0,0,0,0,1,1,-1,6,3,-1,-1,-1,-1,-1,-1,-1,-1,0,-1
2025302500936,2025,302500936,2,9,0,-1,12,1,5,-1,0,0,1,0,0,0,1,1,-1,9,2,51,8,-1,-1,-1,-1,10,E01019703,0,1
2025302500936,2025,302500936,1,9,0,-1,19,5,1,-1,0,0,1,0,0,0,1,1,-1,9,1,64,9,-1,-1,-1,-1,8,E01032585,0,4
2025302500937,2025,302500937,1,9,0,-1,19,5,1,-1,0,0,5,0,0,0,1,1,-1,9,2,88,11,-1,-1,-1,-1,8,E01019626,0,1
2025302500937,2025,302500937,2,9,0,-1,2,0,0,-1,0,0,0,0,0,0,2,1,-1,6,3,-1,-1,-1,-1,-1,-1,-1,-1,0,-1
2025302500937,2025,302500937,3,9,0,-1,2,0,0,-1,0,0,0,0,0,0,2,1,-1,6,3,-1,-1,-1,-1,-1,-1,-1,-1,0,-1
2025302500938,2025,302500938,2,9,0,-1,19,7,2,-1,0,8,0,0,0,0,4,1,-1,9,2,28,6,-1,-1,-1,-1,2,E01019842,0,1
2025302500938,2025,302500938,1,9,0,-1,19,8,4,-1,0,4,0,0,0,0,1,1,-1,9,2,27,6,-1,-1,-1,-1,9,E01019860,0,1
2025302500939,2025,302500939,1,9,0,-1,12,7,3,-1,0,1,5,0,4,0,4,1,-1,2,1,22,5,-1,-1,-1,-1,7,E01031055,0,4
2025302500939,2025,302500939,2,9,0,-1,12,7,3,-1,0,1,0,0,0,0,3,1,-1,2,1,28,6,-1,-1,-1,-1,4,E01013503,0,1
2025302500940,2025,302500940,2,9,0,-1,4,5,1,-1,0,0,1,0,0,0,1,1,-1,6,1,45,7,-1,-1,-1,-1,5,E01019440,0,3
2025302500940,2025,302500940,1,5,0,-1,3,5,1,-1,0,0,1,0,0,0,2,1,-1,6,1,37,7,-1,-1,-1,-1,3,E01013532,0,1
2025302500941,2025,302500941,2,4,0,-1,7,7,8,-1,0,1,0,0,0,0,2,1,-1,9,1,70,10,-1,-1,-1,-1,8,E01028116,0,2
2025302500941,2025,302500941,1,4,0,-1,5,7,8,-1,0,1,0,0,0,0,1,1,-1,9,1,65,9,-1,-1,-1,-1,5,E01027998,0,3
2025302500942,2025,302500942,3,9,0,-1,3,7,3,-1,0,1,0,0,0,0,2,1,-1,6,1,31,6,-1,-1,-1,-1,9,E01019618,0,3
2025302500942,2025,302500942,2,9,0,-1,4,7,3,-1,0,2,0,0,0,0,2,1,-1,6,2,43,7,-1,-1,-1,-1,9,E01019591,0,1
2025302500942,2025,302500942,1,9,0,-1,19,7,3,-1,0,2,1,0,0,0,1,1,-1,6,2,29,6,-1,-1,-1,-1,2,E01019556,0,1
2025302500944,2025,302500944,1,9,0,-1,19,7,3,-1,0,8,0,0,0,0,3,1,-1,9,2,38,7,-1,-1,-1,-1,2,E01013571,0,2
2025302500944,2025,302500944,2,9,0,-1,19,5,3,-1,0,8,0,0,0,0,1,1,-1,9,2,27,6,-1,-1,-1,-1,8,E01033102,0,3
2025302500945,2025,302500945,2,9,0,-1,5,3,7,-1,0,0,0,0,0,0,0,1,-1,6,2,80,11,-1,-1,-1,-1,4,E01029797,0,3
2025302500945,2025,302500945,1,11,9,-1,4,3,7,-1,0,0,0,0,0,0,0,1,-1,9,3,-1,-1,-1,-1,-1,-1,-1,-1,0,-1
2025302500947,2025,302500947,2,1,0,-1,19,1,5,-1,0,8,0,0,0,0,1,1,-1,6,1,43,7,-1,-1,-1,-1,8,E01019757,0,1
2025302500947,2025,302500947,1,9,0,-1,9,7,5,-1,0,6,0,0,0,0,1,1,-1,1,1,30,6,-1,-1,-1,-1,3,E01006009,0,2
2025302500950,2025,302500950,2,9,0,-1,9,8,6,-1,0,6,0,0,0,0,3,1,-1,6,1,56,9,-1,-1,-1,-1,1,E01019729,0,1
2025302500950,2025,302500950,1,5,0,-1,19,6,2,-1,0,8,1,0,0,0,1,1,-1,6,1,20,4,-1,-1,-1,-1,7,E01019754,0,1
2025302500951,2025,302500951,1,9,0,-1,3,3,8,-1,0,8,0,0,0,0,2,1,-1,9,1,31,6,-1,-1,-1,-1,1,E01013566,0,1
2025302500951,2025,302500951,2,9,0,-1,4,3,8,-1,0,8,0,0,0,0,1,1,-1,6,3,-1,-1,-1,-1,-1,-1,-1,-1,0,-1
2025302500952,2025,302500952,1,5,0,-1,7,2,6,-1,0,5,0,10,7,2,1,1,-1,2,1,50,8,-1,-1,-1,-1,3,E01009772,0,4
2025302500953,2025,302500953,1,9,0,-1,19,1,5,-1,0,0,0,0,0,0,1,1,-1,9,2,38,7,-1,-1,-1,-1,8,E01019638,0,3
2025302500953,2025,302500953,2,9,0,-1,10,1,7,-1,0,0,0,0,0,0,2,1,-1,9,2,21,5,-1,-1,-1,-1,6,E01025740,0,4
2025302500954,2025,302500954,2,5,0,-1,19,1,5,-1,0,8,1,0,0,0,1,1,-1,9,1,49,8,-1,-1,-1,-1,3,E01013474,0,2
2025302500954,2025,302500954,1,9,0,-1,9,5,3,-1,0,8,0,0,0,0,4,1,-1,9,1,82,11,-1,-1,-1,-1,10,E01013463,0,1
2025302500956,2025,302500956,2,9,0,-1,19,5,1,-1,0,2,0,0,0,0,2,1,-1,6,1,55,8,-1,-1,-1,-1,5,E01019432,0,3
2025302500956,2025,302500956,1,9,0,-1,19,5,1,-1,0,2,0,0,0,0,1,1,-1,1,1,47,8,-1,-1,-1,-1,6,E01013491,0,1
2025302500957,2025,302500957,1,9,0,-1,11,5,1,-1,0,8,0,0,0,0,4,1,-1,6,1,19,4,-1,-1,-1,-1,1,E01013481,0,2
2025302500957,2025,302500957,2,9,0,-1,19,5,1,-1,0,1,0,0,0,0,3,1,-1,-1,2,69,10,-1,-1,-1,-1,10,E01013520,0,1
2025302500958,2025,302500958,2,1,9,-1,19,6,3,-1,0,0,0,0,0,0,2,1,-1,6,1,10,2,-1,-1,-1,-1,4,E01019495,0,1
2025302500958,2025,302500958,1,9,0,-1,19,6,3,-1,0,0,0,0,0,0,1,1,-1,6,3,-1,-1,-1,-1,-1,-1,-1,-1,0,-1
2025302500959,2025,302500959,1,9,0,-1,4,5,1,-1,0,0,0,0,0,0,2,1,-1,9,2,50,8,-1,-1,-1,-1,5,E01019557,0,1
2025302500959,2025,302500959,2,9,0,-1,19,5,1,-1,0,0,0,0,0,0,1,1,-1,2,1,37,7,-1,-1,-1,-1,5,E01019791,0,3
2025302500960,2025,302500960,1,9,0,-1,19,7,3,-1,9,2,0,0,1,0,4,1,-1,6,3,-1,-1,-1,-1,-1,-1,-1,-1,0,-1
2025302500961,2025,302500961,1,9,0,-1,12,3,7,-1,0,0,1,0,7,11,1,1,-1,6,2,24,5,-1,-1,-1,-1,5,E01028092,0,4
2025302500963,2025,302500963,2,9,0,-1,19,8,5,-1,0,8,0,0,0,0,1,1,-1,2,1,32,6,-1,-1,-1,-1,3,E01007354,0,4
2025302500963,2025,302500963,1,17,0,-1,9,5,1,-1,0,8,0,0,0,0,4,2,-1,1,1,16,4,-1,-1,-1,-1,10,E01019606,0,1
2025302500964,2025,302500964,2,9,0,-1,19,2,7,-1,0,8,0,0,0,0,3,1,-1,2,1,37,7,-1,-1,-1,-1,1,E01013484,0,1
2025302500964,2025,302500964,1,9,0,-1,19,1,5,-1,0,8,0,0,3,0,1,1,-1,6,2,20,4,-1,-1,-1,-1,4,E01013459,0,1
2025302500966,2025,302500966,1,9,0,-1,19,3,7,-1,9,2,0,0,7,0,3,1,-1,6,3,-1,-1,-1,-1,-1,-1,-1,-1,0,-1
2025302500967,2025,302500967,1,9,0,-1,19,5,2,-1,0,0,0,0,7,11,1,1,-1,6,1,34,6,-1,-1,-1,-1,6,E01028043,0,2
2025302500968,2025,302500968,1,11,0,-1,99,9,9,-1,99,0,9,99,9,99,9,1,-1,1,1,23,5,-1,-1,-1,-1,2,E01027977,0,2
2025302500970,2025,302500970,3,9,0,-1,2,0,0,-1,0,0,0,0,0,0,3,1,-1,6,3,-1,-1,-1,-1,-1,-1,-1,-1,0,-1
2025302500970,2025,302500970,2,9,0,-1,14,8,4,-1,0,0,0,4,0,0,1,1,-1,2,1,56,9,-1,-1,-1,-1,8,E01019746,0,1
2025302500970,2025,302500970,1,9,0,-1,19,4,8,-1,0,0,5,0,0,0,1,1,-1,6,1,44,7,-1,-1,-1,-1,5,E01004936,0,4
2025302500972,2025,302500972,1,9,0,-1,19,1,5,-1,0,0,2,0,7,11,1,1,-1,6,1,23,5,-1,-1,-1,-1,1,E01019444,0,3
2025302500973,2025,302500973,2,9,0,-1,13,7,3,-1,0,8,0,0,0,0,4,1,-1,9,1,22,5,-1,-1,-1,-1,-1,-1,0,-1
2025302500973,2025,302500973,1,9,0,-1,9,7,4,-1,0,8,5,0,0,0,1,1,-1,2,1,40,7,-1,-1,-1,-1,7,E01019548,0,1
2025302500974,2025,302500974,1,9,0,-1,19,5,2,-1,0,0,1,0,1,4,1,1,-1,9,1,17,4,-1,-1,-1,-1,3,E01019775,0,3
2025302500975,2025,302500975,1,3,0,-1,19,8,4,-1,0,0,0,0,0,0,1,1,-1,2,1,19,4,-1,-1,-1,-1,7,E01019408,0,4
2025302500975,2025,302500975,2,9,0,-1,19,4,8,-1,0,0,0,0,0,0,3,1,-1,9,1,50,8,-1,-1,-1,-1,5,E01026845,0,5
2025302500976,2025,302500976,2,9,0,-1,19,5,7,-1,0,2,0,0,0,0,3,1,-1,6,1,77,11,-1,-1,-1,-1,4,E01019645,0,3
2025302500976,2025,302500976,1,9,0,-1,19,2,5,-1,0,1,0,0,7,2,1,1,-1,6,1,48,8,-1,-1,-1,-1,9,E01019622,0,3
2025302500977,2025,302500977,2,1,0,-1,14,5,1,-1,0,0,0,0,0,0,1,1,-1,6,1,36,7,-1,-1,-1,-1,5,E01019480,0,1
2025302500977,2025,302500977,1,9,0,-1,2,0,0,-1,0,0,0,0,0,0,3,1,-1,9,2,41,7,-1,-1,-1,-1,4,E01019481,0,1
2025302500978,2025,302500978,1,9,0,-1,19,8,5,-1,0,8,0,0,0,0,3,1,-1,6,2,76,11,-1,-1,-1,-1,10,E01028359,0,4
2025302500978,2025,302500978,2,1,0,-1,19,5,8,-1,0,8,0,0,0,0,4,1,-1,2,1,54,8,-1,-1,-1,-1,4,E01019519,0,4
2025302500979,2025,302500979,1,99,0,-1,19,1,4,-1,0,1,0,0,0,0,1,1,-1,6,3,-1,-1,-1,-1,-1,-1,-1,-1,0,-1
2025302500979,2025,302500979,2,3,0,-1,19,1,4,-1,0,1,0,0,0,0,1,1,-1,6,3,-1,-1,-1,-1,-1,-1,-1,-1,0,-1
2025302500980,2025,302500980,1,3,0,-1,19,6,2,-1,0,0,1,0,0,0,3,1,-1,6,1,32,6,-1,-1,-1,-1,2,E01019877,0,4
2025302500981,2025,302500981,1,90,0,-1,19,1,5,-1,0,0,0,0,0,0,3,2,-1,6,3,-1,-1,-1,-1,-1,-1,-1,-1,0,-1
2025302500981,2025,302500981,2,9,0,-1,4,5,1,-1,0,0,0,0,0,0,3,1,-1,6,1,53,8,-1,-1,-1,-1,6,E01006143,0,4
2025302500981,2025,302500981,3,10,0,-1,3,5,1,-1,0,0,0,0,0,0,3,1,-1,1,1,-1,-1,-1,-1,-1,-1,10,E01018671,0,4
2025302500982,2025,302500982,1,9,0,-1,4,8,4,-1,0,0,0,0,7,9,1,1,-1,6,2,25,5,-1,-1,-1,-1,9,E01013596,0,1
2025302500984,2025,302500984,2,9,0,-1,19,4,8,-1,0,0,0,0,0,0,1,1,-1,6,1,23,5,-1,-1,-1,-1,10,E01019640,0,2