collision_index,collision_year,collision_ref_no,vehicle_reference,vehicle_type,towing_and_articulation,vehicle_manoeuvre_historic,vehicle_manoeuvre,vehicle_direction_from,vehicle_direction_to,vehicle_location_restricted_lane_historic,vehicle_location_restricted_lane,junction_location,skidding_and_overturning,hit_object_in_carriageway,vehicle_leaving_carriageway,hit_object_off_carriageway,first_point_of_impact,vehicle_left_hand_drive,journey_purpose_of_driver_historic,journey_purpose_of_driver,sex_of_driver,age_of_driver,age_band_of_driver,engine_capacity_cc,propulsion_code,age_of_vehicle,generic_make_model,driver_imd_decile,lsoa_of_driver,escooter_flag,driver_distance_banding
2025302501207,2025,302501207,2,90,0,-1,19,5,1,-1,0,8,0,0,0,0,1,1,-1,8,1,25,5,-1,-1,-1,-1,6,E01019882,0,2
2025302501207,2025,302501207,1,9,0,-1,9,8,5,-1,0,8,0,0,0,0,3,1,-1,9,1,43,7,-1,-1,-1,-1,3,E01013548,0,1
2025302501211,2025,302501211,1,9,0,-1,5,5,1,-1,0,0,0,0,1,4,1,1,-1,9,2,34,6,-1,-1,-1,-1,8,E01019872,0,1
2025302501216,2025,302501216,2,1,0,-1,19,1,5,-1,0,0,0,0,0,0,3,1,-1,6,1,8,2,-1,-1,-1,-1,1,E01013583,0,1
2025302501216,2025,302501216,1,9,0,-1,19,8,4,-1,0,0,0,0,0,0,1,1,-1,6,1,61,9,-1,-1,-1,-1,4,E01013470,0,1
2025302501218,2025,302501218,1,9,0,-1,19,1,5,-1,0,0,0,0,0,0,3,1,-1,9,2,49,8,-1,-1,-1,-1,3,E01019484,0,1
2025302501218,2025,302501218,2,9,0,-1,19,5,1,-1,0,0,0,0,1,4,3,1,-1,9,1,38,7,-1,-1,-1,-1,6,E01019815,0,2
2025302501231,2025,302501231,4,9,0,-1,2,0,0,-1,0,0,0,0,0,0,3,1,-1,6,3,-1,-1,-1,-1,-1,-1,-1,-1,0,-1
2025302501231,2025,302501231,2,9,0,-1,3,2,6,-1,0,0,0,4,0,0,2,1,-1,6,1,64,9,-1,-1,-1,-1,6,E01019435,0,1
2025302501231,2025,302501231,1,9,0,-1,19,2,6,-1,0,0,0,0,0,0,1,1,-1,6,3,-1,-1,-1,-1,-1,-1,-1,-1,0,-1
2025302501231,2025,302501231,3,9,0,-1,2,0,0,-1,0,0,0,0,1,0,3,1,-1,6,3,-1,-1,-1,-1,-1,-1,-1,-1,0,-1
2025302501239,2025,302501239,2,9,0,-1,19,1,5,-1,0,8,0,0,0,0,1,1,-1,9,1,58,9,-1,-1,-1,-1,5,E01019402,0,1
2025302501239,2025,302501239,1,9,0,-1,19,5,1,-1,0,8,0,0,0,0,1,1,-1,9,2,21,5,-1,-1,-1,-1,3,E01019818,0,1
2025302501241,2025,302501241,2,9,0,-1,19,7,3,-1,0,0,0,0,0,0,2,1,-1,9,2,66,10,-1,-1,-1,-1,5,E01028073,0,4
2025302501241,2025,302501241,1,3,0,-1,19,7,3,-1,0,0,0,0,0,0,1,1,-1,9,1,29,6,-1,-1,-1,-1,8,E01029458,0,2
2025302501245,2025,302501245,1,9,0,-1,7,4,6,-1,9,2,0,0,0,0,4,1,-1,6,2,-1,-1,-1,-1,-1,-1,7,E01019718,0,1
2025302501245,2025,302501245,2,1,0,-1,19,4,8,-1,9,2,0,0,0,0,1,1,-1,6,1,57,9,-1,-1,-1,-1,7,E01019711,0,1
2025302501246,2025,302501246,2,9,0,-1,19,6,2,-1,0,0,0,0,0,0,0,1,-1,6,3,-1,-1,-1,-1,-1,-1,-1,-1,0,-1
2025302501246,2025,302501246,1,9,0,-1,19,2,6,-1,0,0,5,0,8,10,3,1,-1,9,1,19,4,-1,-1,-1,-1,5,E01013542,0,2
2025302501248,2025,302501248,1,9,0,-1,14,2,6,-1,0,2,5,4,0,0,1,1,-1,6,1,77,11,-1,-1,-1,-1,3,E01019665,0,1
2025302501248,2025,302501248,2,9,0,-1,2,0,0,-1,0,2,0,0,0,0,2,1,-1,6,3,-1,-1,-1,-1,-1,-1,-1,-1,0,-1
2025302501251,2025,302501251,1,9,0,-1,19,3,8,-1,0,3,0,0,0,0,4,1,-1,6,2,64,9,-1,-1,-1,-1,2,E01019542,0,1
2025302501251,2025,302501251,2,9,0,-1,19,3,8,-1,0,3,0,0,0,0,1,1,-1,6,1,50,8,-1,-1,-1,-1,6,E01028108,0,4
2025302501252,2025,302501252,1,9,0,-1,19,2,8,-1,0,0,0,0,0,0,3,1,-1,6,3,-1,-1,-1,-1,-1,-1,-1,-1,0,-1
2025302501252,2025,302501252,2,1,0,-1,19,8,2,-1,0,0,0,0,0,0,1,1,-1,9,1,9,2,-1,-1,-1,-1,4,E01013572,0,1
2025302501254,2025,302501254,1,9,0,-1,19,3,7,-1,0,0,0,0,0,0,3,1,-1,9,1,21,5,-1,-1,-1,-1,1,E01009951,0,4
2025302501254,2025,302501254,3,8,0,-1,19,3,7,-1,0,0,0,0,0,0,2,1,-1,1,1,31,6,-1,-1,-1,-1,1,E01014330,0,4
2025302501254,2025,302501254,2,9,0,-1,19,3,7,-1,0,0,0,0,0,0,4,1,-1,9,1,57,9,-1,-1,-1,-1,8,E01013540,0,3
2025302501260,2025,302501260,2,9,0,-1,19,5,3,-1,0,8,0,0,0,0,4,1,-1,9,2,45,7,-1,-1,-1,-1,9,E01019853,0,1
2025302501260,2025,302501260,1,19,0,-1,5,7,3,-1,0,8,0,0,0,0,1,1,-1,2,1,68,10,-1,-1,-1,-1,1,E01013879,0,4
2025302501269,2025,302501269,1,5,0,-1,19,3,7,-1,0,8,1,0,0,0,1,1,-1,6,1,67,10,-1,-1,-1,-1,3,E01033246,0,5
2025302501272,2025,302501272,2,9,0,-1,2,0,0,-1,0,1,0,0,0,0,0,1,-1,6,3,-1,-1,-1,-1,-1,-1,-1,-1,0,-1
2025302501272,2025,302501272,1,9,0,-1,19,7,3,-1,0,1,0,0,0,0,1,1,-1,6,3,-1,-1,-1,-1,-1,-1,-1,-1,0,-1
2025302501273,2025,302501273,1,1,0,-1,19,7,3,-1,0,0,0,0,0,0,1,1,-1,2,1,47,8,-1,-1,-1,-1,2,E01019453,0,1
2025302501274,2025,302501274,1,9,0,-1,19,4,8,-1,0,0,0,0,0,0,4,1,-1,6,2,27,6,-1,-1,-1,-1,6,E01013545,0,1
2025302501274,2025,302501274,2,9,0,-1,2,0,0,-1,0,0,0,0,0,0,3,1,-1,6,3,-1,-1,-1,-1,-1,-1,-1,-1,0,-1
2025302501275,2025,302501275,1,20,0,-1,19,1,5,-1,0,1,0,0,0,0,1,1,-1,1,1,59,9,-1,-1,-1,-1,-1,-1,0,-1
2025302501275,2025,302501275,3,9,0,-1,19,5,1,-1,0,1,0,0,0,0,1,1,-1,6,2,49,8,-1,-1,-1,-1,4,E01019824,0,1
2025302501275,2025,302501275,2,9,0,-1,10,1,7,-1,0,8,0,0,0,0,2,1,-1,6,1,54,8,-1,-1,-1,-1,4,E01019776,0,1
2025302501277,2025,302501277,3,9,0,-1,3,4,8,-1,0,8,0,0,0,0,2,1,-1,6,1,45,7,-1,-1,-1,-1,4,E01013460,0,1
2025302501277,2025,302501277,1,9,0,-1,19,4,8,-1,0,1,0,0,0,0,1,1,-1,6,1,48,8,-1,-1,-1,-1,7,E01013490,0,1
2025302501277,2025,302501277,2,9,0,-1,3,4,8,-1,0,8,0,0,0,0,2,1,-1,6,2,32,6,-1,-1,-1,-1,3,E01013554,0,1
2025302501278,2025,302501278,1,19,0,-1,1,5,1,-1,0,0,0,0,0,0,2,1,-1,1,1,61,9,-1,-1,-1,-1,8,E01019537,0,1
2025302501278,2025,302501278,2,9,0,-1,19,3,7,-1,0,0,1,0,0,0,3,1,-1,9,1,56,9,-1,-1,-1,-1,2,E01019581,0,1
2025302501281,2025,302501281,2,9,0,-1,19,7,4,-1,0,2,0,0,0,0,2,1,-1,6,1,33,6,-1,-1,-1,-1,3,E01019657,0,1
2025302501281,2025,302501281,1,9,0,-1,19,7,4,-1,0,2,0,0,0,0,1,1,-1,6,3,-1,-1,-1,-1,-1,-1,-1,-1,0,-1
2025302501282,2025,302501282,1,9,0,-1,19,3,7,-1,0,0,1,0,5,6,1,1,-1,9,1,17,4,-1,-1,-1,-1,-1,-1,0,-1
2025302501282,2025,302501282,2,9,0,-1,19,3,7,-1,0,0,0,0,0,0,1,1,-1,6,1,62,9,-1,-1,-1,-1,5,E01019520,0,4
2025302501295,2025,302501295,1,9,0,-1,19,6,2,-1,9,8,0,0,1,0,1,1,-1,6,3,-1,-1,-1,-1,-1,-1,-1,-1,0,-1
2025302501370,2025,302501370,1,19,0,-1,19,4,8,-1,0,1,0,0,0,0,1,1,-1,6,1,26,6,-1,-1,-1,-1,4,E01019844,0,2
2025302501370,2025,302501370,2,20,0,-1,4,4,1,-1,0,1,0,0,0,0,2,1,-1,1,1,23,5,-1,-1,-1,-1,-1,-1,0,-1
2025311536597,2025,311536597,1,9,0,-1,19,8,4,-1,0,2,0,0,0,0,1,1,-1,9,1,19,4,-1,-1,-1,-1,5,E01028155,0,1
2025311536928,2025,311536928,2,9,0,-1,6,1,4,-1,0,6,0,0,0,0,1,1,-1,9,2,35,6,-1,-1,-1,-1,-1,-1,0,-1
2025311536928,2025,311536928,1,8,0,-1,19,2,7,-1,0,8,0,0,0,0,1,1,-1,1,1,40,7,-1,-1,-1,-1,-1,-1,0,-1
2025311537243,2025,311537243,1,21,1,-1,5,6,2,-1,0,0,0,0,0,0,1,1,-1,1,1,60,9,-1,-1,-1,-1,3,E01028248,0,2
2025311537243,2025,311537243,2,9,0,-1,19,2,6,-1,0,0,0,0,0,0,1,1,-1,6,1,61,9,-1,-1,-1,-1,7,E01015686,0,4
2025311537531,2025,311537531,1,9,0,-1,5,3,7,-1,0,0,0,0,0,0,4,2,-1,6,2,44,7,-1,-1,-1,-1,7,E01019445,0,3
2025311537531,2025,311537531,2,1,0,-1,19,5,1,-1,0,0,0,0,0,0,1,1,-1,6,1,20,4,-1,-1,-1,-1,3,E01013863,0,1
2025311537570,2025,311537570,1,9,0,-1,19,4,8,-1,0,0,0,0,0,0,1,9,-1,6,3,-1,-1,-1,-1,-1,-1,-1,-1,0,-1
2025311537570,2025,311537570,2,9,0,-1,7,6,8,-1,0,0,0,0,0,0,3,1,-1,1,2,31,6,-1,-1,-1,-1,-1,-1,0,-1
2025311537606,2025,311537606,2,9,0,-1,20,0,0,-1,9,0,0,0,0,0,1,1,-1,6,-1,-1,-1,-1,-1,-1,-1,-1,-1,0,-1
2025311537606,2025,311537606,1,9,0,-1,1,3,7,-1,9,0,0,4,0,0,2,1,-1,6,1,84,11,-1,-1,-1,-1,-1,-1,0,-1
2025311537624,2025,311537624,2,9,0,-1,19,8,2,-1,0,0,0,4,1,0,1,1,-1,1,1,22,5,-1,-1,-1,-1,-1,-1,0,-1
2025311537624,2025,311537624,4,9,0,-1,2,0,0,-1,0,0,0,0,0,0,2,1,-1,6,-1,-1,-1,-1,-1,-1,-1,-1,-1,0,-1
2025311537624,2025,311537624,3,9,0,-1,2,0,0,-1,9,0,0,0,0,0,2,1,-1,6,-1,-1,-1,-1,-1,-1,-1,-1,-1,0,-1
2025311537624,2025,311537624,1,9,0,-1,2,0,0,-1,0,0,0,4,0,0,2,1,-1,6,-1,-1,-1,-1,-1,-1,-1,-1,-1,0,-1
2025311537653,2025,311537653,1,3,0,-1,19,2,6,-1,0,1,0,10,0,0,0,1,-1,6,1,19,4,-1,-1,-1,-1,1,E01013959,0,1
2025311537653,2025,311537653,2,9,0,-1,-1,-1,-1,-1,-1,5,-1,-1,-1,0,-1,9,-1,6,3,-1,-1,-1,-1,-1,-1,-1,-1,0,-1
2025311537928,2025,311537928,1,9,0,-1,19,7,3,-1,0,1,0,7,0,0,4,1,-1,6,1,38,7,-1,-1,-1,-1,-1,-1,0,-1
2025311537928,2025,311537928,2,21,0,-1,12,7,3,-1,0,1,0,0,0,0,3,1,-1,1,1,38,7,-1,-1,-1,-1,-1,-1,0,-1
2025311538006,2025,311538006,1,9,0,-1,19,8,4,-1,0,0,0,0,0,0,1,1,-1,6,1,38,7,-1,-1,-1,-1,-1,-1,0,-1
2025311538006,2025,311538006,2,9,0,-1,9,1,4,-1,0,0,0,0,0,0,3,1,-1,6,1,38,7,-1,-1,-1,-1,-1,-1,0,-1
2025311538011,2025,311538011,2,3,0,-1,4,5,1,-1,0,0,1,0,0,0,3,1,-1,1,1,29,6,-1,-1,-1,-1,-1,-1,0,-1
2025311538011,2025,311538011,1,9,0,-1,5,1,2,-1,0,0,0,0,0,0,3,1,-1,1,1,36,7,-1,-1,-1,-1,6,E01027979,0,1
2025311538290,2025,311538290,1,9,0,-1,1,6,2,-1,0,0,0,0,0,0,4,1,-1,6,1,49,8,-1,-1,-1,-1,8,E01028262,0,1
2025311538368,2025,311538368,1,9,0,-1,5,5,5,-1,0,0,0,0,0,0,1,1,-1,2,1,55,8,-1,-1,-1,-1,2,E01028186,0,2
2025311538368,2025,311538368,2,3,0,-1,5,1,5,-1,0,0,1,0,1,0,4,1,-1,2,1,24,5,-1,-1,-1,-1,1,E01013882,0,1
2025311538411,2025,311538411,2,9,0,-1,19,7,3,-1,0,0,0,0,0,0,1,1,-1,6,2,46,8,-1,-1,-1,-1,6,E01034340,0,5
2025311538411,2025,311538411,1,9,0,-1,19,3,7,-1,0,0,0,0,0,0,1,1,-1,6,1,46,8,-1,-1,-1,-1,1,E01013860,0,1
2025311538817,2025,311538817,1,9,0,-1,19,7,5,-1,0,0,1,0,2,10,1,1,-1,2,2,39,7,-1,-1,-1,-1,5,E01019433,0,1
2025311538840,2025,311538840,2,9,0,-1,19,6,1,-1,0,4,1,0,0,0,1,1,-1,9,1,47,8,-1,-1,-1,-1,8,E01025719,0,4
2025311538840,2025,311538840,1,9,0,-1,4,6,1,-1,0,4,0,0,0,0,2,1,-1,9,2,25,5,-1,-1,-1,-1,4,E01028098,0,3
2025311538988,2025,311538988,1,9,0,-1,9,2,2,-1,0,1,1,10,1,0,4,1,-1,6,2,48,8,-1,-1,-1,-1,1,E01028263,0,3
2025311539004,2025,311539004,1,9,0,-1,19,3,7,-1,0,0,1,0,1,0,4,1,-1,1,1,19,4,-1,-1,-1,-1,5,E01028369,0,2
2025311539179,2025,311539179,2,18,-1,-1,5,1,5,-1,1,0,0,0,0,0,1,1,-1,1,1,59,9,-1,-1,-1,-1,-1,-1,0,-1
2025311539179,2025,311539179,1,19,0,-1,19,6,2,-1,0,0,0,0,0,0,1,1,-1,6,1,54,8,-1,-1,-1,-1,-1,-1,0,-1
2025311539238,2025,311539238,1,9,0,-1,5,1,5,-1,0,0,0,0,0,0,1,1,-1,6,1,36,7,-1,-1,-1,-1,-1,-1,0,-1
2025311539485,2025,311539485,1,9,0,-1,19,2,6,-1,0,0,0,0,0,0,4,1,-1,6,3,-1,-1,-1,-1,-1,-1,-1,-1,0,-1
2025311539621,2025,311539621,1,9,0,-1,5,1,1,-1,9,1,0,0,0,0,1,1,-1,9,2,71,10,-1,-1,-1,-1,5,E01028132,0,1
2025311539621,2025,311539621,3,9,0,-1,2,0,0,-1,9,1,0,0,0,0,4,1,-1,6,-1,-1,-1,-1,-1,-1,-1,-1,-1,0,-1
2025311539621,2025,311539621,2,9,0,-1,2,0,0,-1,9,2,0,0,0,0,1,1,-1,6,-1,-1,-1,-1,-1,-1,-1,-1,-1,0,-1
2025311539636,2025,311539636,2,9,0,-1,9,7,4,-1,0,1,0,0,0,0,1,9,-1,9,2,48,8,-1,-1,-1,-1,-1,-1,0,-1
2025311539636,2025,311539636,1,9,0,-1,19,5,1,-1,0,2,1,0,7,0,1,1,-1,9,2,82,11,-1,-1,-1,-1,4,E01028252,0,1
2025311539692,2025,311539692,1,98,5,-1,19,8,6,-1,0,0,1,0,0,0,1,1,-1,1,1,46,8,-1,-1,-1,-1,-1,-1,0,-1
2025311539736,2025,311539736,1,9,0,-1,2,7,3,-1,0,1,0,0,0,0,2,1,-1,6,2,61,9,-1,-1,-1,-1,3,E01007788,0,2
2025311539736,2025,311539736,2,19,0,-1,19,7,3,-1,0,1,0,0,0,0,1,1,-1,6,1,52,8,-1,-1,-1,-1,3,E01028014,0,2
2025311539753,2025,311539753,1,9,0,-1,19,4,8,-1,0,0,0,0,0,0,1,1,-1,6,1,38,7,-1,-1,-1,-1,1,E01020757,0,5
2025311539753,2025,311539753,3,9,0,-1,19,8,4,-1,0,0,0,0,0,0,1,1,-1,6,1,42,7,-1,-1,-1,-1,-1,-1,0,-1
2025311539753,2025,311539753,2,9,0,-1,19,8,4,-1,0,0,0,0,1,0,1,1,-1,6,2,47,8,-1,-1,-1,-1,9,E01028047,0,1
2025311539757,2025,311539757,1,99,0,-1,19,7,3,-1,0,0,0,0,0,0,4,9,-1,6,3,-1,-1,-1,-1,-1,-1,-1,-1,0,-1
2025311539934,2025,311539934,1,9,0,-1,1,7,3,-1,-1,1,0,0,0,0,2,1,-1,9,1,57,9,-1,-1,-1,-1,1,E01027930,0,1
2025311540066,2025,311540066,1,9,0,-1,5,6,6,-1,0,5,0,0,3,0,1,1,-1,9,1,27,6,-1,-1,-1,-1,2,E01007470,0,4
2025311540242,2025,311540242,1,9,0,-1,12,5,5,-1,0,2,0,0,0,0,2,1,-1,1,2,54,8,-1,-1,-1,-1,-1,-1,0,-1
2025311540242,2025,311540242,2,9,0,-1,19,5,5,-1,0,2,0,0,0,0,1,2,-1,2,2,20,4,-1,-1,-1,-1,-1,-1,0,-1
2025311540341,2025,311540341,1,9,0,-1,19,2,6,-1,0,1,0,0,0,0,1,1,-1,6,2,45,7,-1,-1,-1,-1,-1,-1,0,-1
2025311540341,2025,311540341,2,9,0,-1,19,4,6,-1,0,1,0,0,1,7,3,1,-1,9,2,49,8,-1,-1,-1,-1,-1,-1,0,-1
2025311540424,2025,311540424,1,9,0,-1,19,1,1,-1,0,5,0,11,0,0,1,1,-1,6,-1,18,4,-1,-1,-1,-1,-1,-1,0,-1
2025311540458,2025,311540458,1,9,0,-1,19,1,5,-1,0,8,1,0,1,2,1,1,-1,6,2,24,5,-1,-1,-1,-1,8,E01028150,0,1
2025311540563,2025,311540563,1,11,-1,-1,19,1,5,-1,0,0,0,0,0,0,0,1,-1,9,2,29,6,-1,-1,-1,-1,4,E01013941,0,2
2025311540578,2025,311540578,3,9,0,-1,2,5,1,-1,0,0,0,0,0,0,2,1,-1,6,1,67,10,-1,-1,-1,-1,3,E01028028,0,1
2025311540578,2025,311540578,2,9,0,-1,19,1,5,-1,0,0,0,0,0,0,1,1,-1,6,1,58,9,-1,-1,-1,-1,5,E01028024,0,1
2025311540578,2025,311540578,1,9,0,-1,19,5,1,-1,0,0,1,4,0,0,1,1,-1,6,1,39,7,-1,-1,-1,-1,-1,-1,0,-1
2025311540582,2025,311540582,1,9,0,-1,11,1,5,-1,0,0,0,0,0,0,1,1,-1,9,1,30,6,-1,-1,-1,-1,-1,-1,0,-1
2025311540582,2025,311540582,2,9,0,-1,12,1,5,-1,0,0,0,7,0,0,2,1,-1,9,1,22,5,-1,-1,-1,-1,-1,-1,0,-1
2025311540607,2025,311540607,1,9,0,-1,19,7,3,-1,0,8,0,0,0,0,1,1,-1,9,1,24,5,-1,-1,-1,-1,1,E01013826,0,1
2025311540607,2025,311540607,2,9,0,-1,9,1,7,-1,0,6,0,0,0,0,1,1,-1,1,1,47,8,-1,-1,-1,-1,1,E01013812,0,1
2025311540656,2025,311540656,1,9,0,-1,19,7,3,-1,0,0,1,0,7,9,1,1,-1,9,2,24,5,-1,-1,-1,-1,8,E01028358,0,3
2025311540703,2025,311540703,1,9,0,-1,19,2,6,-1,0,0,1,0,7,0,1,1,-1,9,1,18,4,-1,-1,-1,-1,9,E01028095,0,1
2025311540703,2025,311540703,2,9,0,-1,19,6,1,-1,0,0,0,0,0,0,4,1,-1,9,1,52,8,-1,-1,-1,-1,1,E01013818,0,1
2025311540897,2025,311540897,1,9,0,-1,19,8,4,-1,0,1,0,0,1,0,3,1,-1,6,1,69,10,-1,-1,-1,-1,7,E01028021,0,1
2025311540897,2025,311540897,3,98,0,-1,9,2,8,-1,0,6,0,0,0,0,1,1,-1,1,1,51,8,-1,-1,-1,-1,1,E01026375,0,3
2025311540897,2025,311540897,2,9,0,-1,19,4,8,-1,0,8,0,0,0,0,3,1,-1,9,1,90,11,-1,-1,-1,-1,4,E01028036,0,1
2025311540909,2025,311540909,2,-1,0,-1,19,6,2,-1,0,0,0,0,0,0,4,1,-1,6,1,21,5,-1,-1,-1,-1,-1,-1,1,-1
2025311540909,2025,311540909,1,9,0,-1,19,6,2,-1,0,0,0,0,0,0,1,1,-1,6,2,35,6,-1,-1,-1,-1,-1,-1,0,-1
2025311540995,2025,311540995,1,9,0,-1,19,2,6,-1,0,0,0,0,0,0,1,1,-1,6,1,40,7,-1,-1,-1,-1,4,E01027933,0,1
2025311541118,2025,311541118,2,-1,0,-1,4,3,7,-1,0,0,0,0,0,0,1,1,-1,6,1,20,4,-1,-1,-1,-1,-1,-1,1,-1
2025311541118,2025,311541118,1,9,0,-1,4,5,2,-1,0,0,0,0,0,0,1,1,-1,6,1,60,9,-1,-1,-1,-1,-1,-1,0,-1
2025311541477,2025,311541477,1,9,0,-1,19,5,1,-1,0,0,0,0,0,0,1,1,-1,9,1,37,7,-1,-1,-1,-1,7,E01028285,0,2
2025311541477,2025,311541477,2,19,0,-1,19,5,1,-1,0,0,0,0,2,7,2,1,-1,6,3,-1,-1,-1,-1,-1,-1,-1,-1,0,-1
2025311541611,2025,311541611,2,1,0,-1,19,5,1,-1,0,8,0,0,0,0,1,1,-1,6,1,21,5,-1,-1,-1,-1,-1,-1,0,-1
2025311541611,2025,311541611,1,9,0,-1,10,2,5,-1,0,2,0,0,1,0,1,1,-1,6,1,43,7,-1,-1,-1,-1,8,E01025612,0,4
2025311541637,2025,311541637,1,9,0,-1,9,5,1,-1,0,0,0,0,0,0,0,1,-1,6,3,42,7,-1,-1,-1,-1,-1,-1,0,-1
2025311541637,2025,311541637,2,1,0,-1,15,2,6,-1,0,0,0,0,1,11,1,1,-1,6,1,19,4,-1,-1,-1,-1,-1,-1,0,-1
2025311541665,2025,311541665,1,9,0,-1,19,1,5,-1,0,0,0,0,7,4,1,2,-1,6,1,33,6,-1,-1,-1,-1,-1,-1,0,-1
2025311541861,2025,311541861,1,9,0,-1,19,1,5,-1,0,0,0,0,0,0,4,9,-1,6,2,63,9,-1,-1,-1,-1,4,E01013903,0,1
2025311541948,2025,311541948,1,19,0,-1,3,3,7,-1,0,0,0,0,0,0,1,2,-1,6,1,52,8,-1,-1,-1,-1,4,E01028192,0,3
2025311541948,2025,311541948,2,9,0,-1,4,7,3,-1,0,0,0,0,0,0,1,1,-1,6,2,-1,-1,-1,-1,-1,-1,9,E01028181,0,3
2025311541987,2025,311541987,1,9,0,-1,19,5,1,-1,0,1,0,0,0,0,1,9,-1,6,3,-1,-1,-1,-1,-1,-1,-1,-1,0,-1
2025311541997,2025,311541997,3,9,0,-1,4,7,3,-1,0,1,0,0,0,0,2,1,-1,6,1,67,10,-1,-1,-1,-1,9,E01013980,0,1
2025311541997,2025,311541997,1,9,0,-1,19,7,7,-1,0,1,0,4,0,0,1,1,-1,6,2,35,6,-1,-1,-1,-1,3,E01019672,0,2
2025311541997,2025,311541997,2,9,0,-1,3,7,3,-1,0,1,0,4,0,0,2,1,-1,6,1,26,6,-1,-1,-1,-1,3,E01013915,0,1
2025311542036,2025,311542036,1,11,0,-1,3,3,7,-1,0,0,0,0,0,0,0,1,-1,9,1,64,9,-1,-1,-1,-1,4,E01013941,0,3
2025311542069,2025,311542069,1,9,0,-1,5,7,3,-1,0,1,0,0,1,0,1,1,-1,9,1,83,11,-1,-1,-1,-1,2,E01028110,0,1
2025311542115,2025,311542115,2,9,0,-1,19,2,7,-1,0,0,0,0,0,0,1,1,-1,2,2,21,5,-1,-1,-1,-1,-1,-1,0,-1
2025311542115,2025,311542115,1,9,0,-1,4,2,7,-1,0,0,0,0,0,0,2,1,-1,2,1,60,9,-1,-1,-1,-1,-1,-1,0,-1
2025311542164,2025,311542164,2,5,0,-1,19,5,8,-1,0,0,0,0,0,0,1,1,-1,2,1,44,7,-1,-1,-1,-1,-1,-1,0,-1
2025311542164,2025,311542164,1,9,0,-1,12,5,8,-1,0,0,0,0,0,0,2,1,-1,6,1,56,9,-1,-1,-1,-1,-1,-1,0,-1
2025311542468,2025,311542468,1,9,0,-1,19,6,2,-1,0,0,0,0,0,0,1,1,-1,6,1,26,6,-1,-1,-1,-1,4,E01026254,0,4
2025311542468,2025,311542468,2,9,0,-1,3,6,2,-1,0,0,0,0,0,0,2,1,-1,2,2,21,5,-1,-1,-1,-1,2,E01013957,0,1
2025311542570,2025,311542570,1,9,0,-1,9,2,7,-1,0,2,0,0,0,0,1,1,-1,9,2,62,9,-1,-1,-1,-1,-1,-1,0,-1
2025311542610,2025,311542610,1,9,0,-1,5,6,1,-1,0,6,0,0,0,0,3,1,-1,9,2,60,9,-1,-1,-1,-1,10,E01028404,0,2
2025311542610,2025,311542610,2,3,0,-1,19,5,1,-1,0,1,0,0,0,0,1,1,-1,6,1,19,4,-1,-1,-1,-1,2,E01028110,0,3
2025311542684,2025,311542684,3,9,0,-1,4,1,5,-1,0,0,0,0,0,0,2,1,-1,9,1,32,6,-1,-1,-1,-1,5,E01034647,0,3
2025311542684,2025,311542684,1,9,0,-1,4,1,5,-1,0,0,0,0,0,0,2,1,-1,9,1,51,8,-1,-1,-1,-1,4,E01007964,0,3
2025311542684,2025,311542684,4,9,0,-1,4,1,5,-1,0,0,0,0,0,0,2,1,-1,9,1,51,8,-1,-1,-1,-1,-1,-1,0,-1
2025311542684,2025,311542684,2,9,0,-1,4,1,5,-1,0,0,0,0,0,0,2,1,-1,9,1,30,6,-1,-1,-1,-1,4,E01026121,0,4
2025311542817,2025,311542817,2,9,0,-1,4,1,5,-1,0,4,0,0,0,0,2,1,-1,7,2,20,4,-1,-1,-1,-1,-1,-1,0,-1
2025311542817,2025,311542817,1,9,0,-1,5,1,5,-1,0,4,0,0,0,0,1,1,-1,6,1,-1,-1,-1,-1,-1,-1,-1,-1,0,-1
2025311543020,2025,311543020,1,9,0,-1,7,7,8,-1,0,6,0,0,3,0,1,2,-1,6,1,24,5,-1,-1,-1,-1,-1,-1,0,-1
2025311543020,2025,311543020,2,9,0,-1,19,7,8,-1,0,1,0,11,0,0,1,1,-1,6,2,24,5,-1,-1,-1,-1,-1,-1,0,-1
2025311543247,2025,311543247,1,9,0,-1,19,2,4,-1,0,0,1,0,1,0,1,1,-1,6,2,40,7,-1,-1,-1,-1,5,E01028286,0,2
2025311543425,2025,311543425,3,9,0,-1,4,5,1,-1,0,0,0,0,0,0,2,1,-1,9,2,18,4,-1,-1,-1,-1,8,E01023415,0,5
2025311543425,2025,311543425,2,9,0,-1,4,5,1,-1,0,0,0,0,0,0,1,1,-1,9,1,74,10,-1,-1,-1,-1,7,E01018074,0,4
2025311543425,2025,311543425,1,19,0,-1,4,5,1,-1,0,0,0,0,0,0,1,1,-1,1,1,50,8,-1,-1,-1,-1,3,E01021326,0,5
2025311543495,2025,311543495,1,9,0,-1,19,3,7,-1,0,0,0,0,1,4,3,1,-1,9,1,59,9,-1,-1,-1,-1,4,E01028036,0,1
2025311543495,2025,311543495,2,99,0,-1,19,7,3,-1,0,0,0,0,0,0,0,1,-1,6,3,40,7,-1,-1,-1,-1,-1,-1,0,-1
2025311543540,2025,311543540,5,9,0,-1,19,6,2,-1,0,0,0,0,0,0,2,1,-1,9,1,33,6,-1,-1,-1,-1,7,E01028100,0,1
2025311543540,2025,311543540,2,9,0,-1,19,6,2,-1,0,0,1,0,0,0,1,1,-1,9,1,21,5,-1,-1,-1,-1,10,E01032614,0,2
2025311543540,2025,311543540,1,9,0,-1,15,6,2,-1,0,0,1,11,1,1,2,1,-1,9,1,21,5,-1,-1,-1,-1,6,E01028191,0,3
2025311543540,2025,311543540,3,9,0,-1,19,6,2,-1,0,0,0,0,0,0,2,1,-1,9,1,33,6,-1,-1,-1,-1,7,E01028085,0,1
2025311543540,2025,311543540,4,9,0,-1,19,6,2,-1,0,0,0,0,0,0,1,1,-1,9,1,22,5,-1,-1,-1,-1,1,E01019444,0,3