collision_index,collision_year,collision_ref_no,vehicle_reference,vehicle_type,towing_and_articulation,vehicle_manoeuvre_historic,vehicle_manoeuvre,vehicle_direction_from,vehicle_direction_to,vehicle_location_restricted_lane_historic,vehicle_location_restricted_lane,junction_location,skidding_and_overturning,hit_object_in_carriageway,vehicle_leaving_carriageway,hit_object_off_carriageway,first_point_of_impact,vehicle_left_hand_drive,journey_purpose_of_driver_historic,journey_purpose_of_driver,sex_of_driver,age_of_driver,age_band_of_driver,engine_capacity_cc,propulsion_code,age_of_vehicle,generic_make_model,driver_imd_decile,lsoa_of_driver,escooter_flag,driver_distance_banding
2025311550912,2025,311550912,2,9,0,-1,3,1,5,-1,0,0,0,0,0,0,1,9,-1,6,3,-1,-1,-1,-1,-1,-1,-1,-1,0,-1
2025311550912,2025,311550912,1,9,0,-1,3,5,1,-1,0,0,0,0,0,0,2,1,-1,6,1,68,10,-1,-1,-1,-1,4,E01032115,0,5
2025311550982,2025,311550982,1,3,0,-1,19,4,1,-1,0,0,2,0,1,9,4,1,-1,6,1,17,4,-1,-1,-1,-1,8,E01028329,0,2
2025311551267,2025,311551267,1,9,0,-1,19,1,5,-1,0,0,0,0,0,0,1,9,-1,6,3,-1,-1,-1,-1,-1,-1,-1,-1,0,-1
2025311551382,2025,311551382,2,9,0,-1,3,7,3,-1,0,0,0,0,0,0,2,1,-1,1,1,33,6,-1,-1,-1,-1,4,E01009244,0,4
2025311551382,2025,311551382,1,9,0,-1,3,7,3,-1,0,0,0,0,0,0,1,1,-1,1,2,27,6,-1,-1,-1,-1,5,E01009615,0,4
2025311551445,2025,311551445,2,98,0,-1,9,4,6,-1,0,1,0,0,6,0,4,1,-1,7,1,68,10,-1,-1,-1,-1,2,E01033396,0,3
2025311551445,2025,311551445,1,98,0,-1,5,4,1,-1,0,6,0,0,3,0,1,1,-1,2,1,62,9,-1,-1,-1,-1,10,E01028199,0,3
2025311551556,2025,311551556,1,9,0,-1,19,5,1,-1,0,0,0,0,0,0,4,9,-1,6,3,-1,-1,-1,-1,-1,-1,-1,-1,0,-1
2025311551590,2025,311551590,1,9,0,-1,5,3,6,-1,0,1,0,0,0,0,3,1,-1,6,1,28,6,-1,-1,-1,-1,6,E01033413,0,1
2025311551590,2025,311551590,2,5,0,-1,4,3,8,-1,0,1,0,0,0,0,1,1,-1,6,1,53,8,-1,-1,-1,-1,9,E01028115,0,1
2025311551740,2025,311551740,1,21,0,-1,19,4,8,-1,0,1,0,0,0,0,1,9,-1,6,1,33,6,-1,-1,-1,-1,1,E01007945,0,4
2025311551821,2025,311551821,1,9,0,-1,4,3,7,-1,0,1,0,0,0,0,1,1,-1,9,2,27,6,-1,-1,-1,-1,5,E01013889,0,1
2025311551821,2025,311551821,2,3,0,-1,4,3,7,-1,0,1,1,0,0,0,2,1,-1,9,1,37,7,-1,-1,-1,-1,1,E01013862,0,1
2025311551825,2025,311551825,1,9,0,-1,19,1,1,-1,0,0,0,0,0,0,1,1,-1,2,1,42,7,-1,-1,-1,-1,6,E01013840,0,1
2025311551825,2025,311551825,2,9,0,-1,3,5,1,-1,0,0,0,0,0,0,2,1,-1,9,2,31,6,-1,-1,-1,-1,7,E01028413,0,2
2025311552003,2025,311552003,1,9,0,-1,1,5,1,-1,0,0,0,0,0,0,2,9,-1,6,3,-1,-1,-1,-1,-1,-1,-1,-1,0,-1
2025311552087,2025,311552087,1,9,0,-1,3,1,5,-1,0,0,0,0,0,0,1,1,-1,6,1,-1,-1,-1,-1,-1,-1,-1,-1,0,-1
2025311552087,2025,311552087,2,9,0,-1,5,5,1,-1,0,0,0,0,0,0,1,1,-1,6,1,-1,-1,-1,-1,-1,-1,5,E01027998,0,3
2025311552126,2025,311552126,1,11,0,-1,3,7,3,-1,0,0,0,0,0,0,0,1,-1,1,1,-1,-1,-1,-1,-1,-1,1,E01013865,0,2
2025311552155,2025,311552155,1,9,0,-1,19,8,4,-1,0,2,0,0,0,0,1,1,-1,1,1,45,7,-1,-1,-1,-1,2,E01013845,0,1
2025311552169,2025,311552169,1,9,0,-1,19,5,1,-1,9,0,0,0,7,0,1,1,-1,9,1,59,9,-1,-1,-1,-1,4,E01028192,0,1
2025311552240,2025,311552240,1,9,0,-1,19,1,5,-1,0,8,0,0,0,0,4,1,-1,9,2,63,9,-1,-1,-1,-1,8,E01028093,0,3
2025311552240,2025,311552240,2,9,0,-1,5,3,7,-1,0,8,0,0,0,0,4,1,-1,9,2,45,7,-1,-1,-1,-1,5,E01028244,0,1
2025311552369,2025,311552369,1,8,0,-1,19,1,5,-1,0,1,0,0,0,0,1,1,-1,9,1,52,8,-1,-1,-1,-1,-1,-1,0,-1
2025311552428,2025,311552428,1,19,0,-1,19,7,1,-1,0,1,0,0,0,0,1,1,-1,2,1,42,7,-1,-1,-1,-1,3,E01035508,0,1
2025311552428,2025,311552428,2,9,0,-1,7,6,1,-1,0,2,0,0,0,0,1,1,-1,9,2,54,8,-1,-1,-1,-1,2,E01013823,0,1
2025311552587,2025,311552587,1,9,0,-1,5,3,5,-1,0,1,0,0,0,0,3,1,-1,9,2,67,10,-1,-1,-1,-1,10,E01035509,0,1
2025311552587,2025,311552587,2,9,0,-1,19,5,1,-1,0,1,0,0,0,0,1,1,-1,1,2,47,8,-1,-1,-1,-1,10,E01035510,0,1
2025311552681,2025,311552681,3,9,0,-1,5,1,1,-1,0,1,0,0,0,0,3,1,-1,6,1,32,6,-1,-1,-1,-1,-1,-1,0,-1
2025311552681,2025,311552681,2,9,0,-1,5,2,2,-1,0,1,0,0,0,0,1,1,-1,6,1,25,5,-1,-1,-1,-1,-1,-1,0,-1
2025311552681,2025,311552681,1,9,0,-1,9,2,4,-1,0,2,0,0,0,0,4,1,-1,6,2,32,6,-1,-1,-1,-1,-1,-1,0,-1
2025311552714,2025,311552714,1,9,0,-1,19,3,6,-1,0,0,0,0,0,0,1,1,-1,2,1,25,5,-1,-1,-1,-1,1,E01026150,0,4
2025311552751,2025,311552751,1,9,0,-1,19,6,2,-1,0,0,0,0,0,0,1,1,-1,9,2,31,6,-1,-1,-1,-1,-1,-1,0,-1
2025311552759,2025,311552759,1,9,0,-1,9,7,5,-1,0,2,0,0,0,0,2,1,-1,6,2,58,9,-1,-1,-1,-1,7,E01028000,0,1
2025311552759,2025,311552759,2,9,0,-1,19,1,5,-1,0,2,0,0,0,0,2,1,-1,6,1,17,4,-1,-1,-1,-1,-1,-1,0,-1
2025311552886,2025,311552886,2,9,0,-1,19,1,5,-1,0,0,0,0,0,0,1,1,-1,6,3,-1,-1,-1,-1,-1,-1,-1,-1,0,-1
2025311552886,2025,311552886,1,97,0,-1,19,1,5,-1,0,0,0,0,0,0,2,1,-1,6,1,25,5,-1,-1,-1,-1,3,E01003989,0,5
2025311553116,2025,311553116,1,9,0,-1,19,5,1,-1,0,0,0,0,0,0,1,9,-1,6,3,40,7,-1,-1,-1,-1,-1,-1,0,-1
2025311553146,2025,311553146,2,19,0,-1,3,7,3,-1,0,0,0,0,0,0,1,1,-1,6,1,81,11,-1,-1,-1,-1,3,E01028153,0,1
2025311553146,2025,311553146,1,9,0,-1,3,3,7,-1,0,0,0,0,0,0,1,1,-1,6,2,91,11,-1,-1,-1,-1,6,E01028152,0,1
2025311553406,2025,311553406,2,9,0,-1,9,7,1,-1,0,0,0,0,0,0,0,1,-1,9,2,68,10,-1,-1,-1,-1,9,E01028292,0,1
2025311553406,2025,311553406,1,9,0,-1,12,5,1,-1,0,0,2,0,2,0,1,1,-1,9,2,20,4,-1,-1,-1,-1,9,E01017421,0,5
2025311553413,2025,311553413,1,9,0,-1,7,2,6,-1,2,8,0,0,0,0,0,1,-1,2,1,54,8,-1,-1,-1,-1,-1,-1,0,-1
2025311553413,2025,311553413,2,1,0,-1,19,2,6,-1,2,1,0,0,0,0,0,1,-1,9,1,18,4,-1,-1,-1,-1,-1,-1,0,-1
2025311553419,2025,311553419,1,9,0,-1,19,1,5,-1,0,0,0,0,0,0,1,1,-1,9,2,46,8,-1,-1,-1,-1,-1,-1,0,-1
2025311553419,2025,311553419,2,9,0,-1,5,2,5,-1,0,0,0,0,0,0,1,1,-1,9,2,68,10,-1,-1,-1,-1,-1,-1,0,-1
2025311553430,2025,311553430,1,9,0,-1,19,3,7,-1,0,0,0,0,0,0,1,1,-1,6,1,35,6,-1,-1,-1,-1,-1,-1,0,-1
2025311553451,2025,311553451,1,9,0,-1,1,1,7,-1,0,2,0,0,0,0,1,1,-1,9,1,56,9,-1,-1,-1,-1,6,E01028283,0,1
2025311553461,2025,311553461,1,9,0,-1,19,3,7,-1,0,1,0,0,0,0,1,1,-1,6,2,49,8,-1,-1,-1,-1,-1,-1,0,-1
2025311553461,2025,311553461,2,9,0,-1,19,7,3,-1,0,1,0,0,0,0,3,1,-1,6,2,61,9,-1,-1,-1,-1,5,E01028002,0,2
2025311553491,2025,311553491,1,1,-1,-1,19,7,3,-1,0,1,2,0,0,0,1,1,-1,6,3,20,4,-1,-1,-1,-1,-1,-1,0,-1
2025311553499,2025,311553499,1,11,0,-1,5,3,7,-1,0,0,0,0,0,0,0,1,-1,1,1,59,9,-1,-1,-1,-1,-1,-1,0,-1
2025311553613,2025,311553613,1,9,0,-1,4,5,1,-1,0,0,0,0,0,0,2,1,-1,9,1,21,5,-1,-1,-1,-1,1,E01007652,0,4
2025311553613,2025,311553613,2,9,0,-1,4,5,1,-1,0,0,0,4,0,0,1,1,-1,1,1,30,6,-1,-1,-1,-1,5,E01028189,0,2
2025311553632,2025,311553632,1,9,0,-1,19,5,5,-1,0,8,0,0,0,0,1,2,-1,6,1,20,4,-1,-1,-1,-1,-1,-1,0,-1
2025311553632,2025,311553632,2,1,0,-1,19,7,7,-1,5,8,0,0,0,0,4,1,-1,2,1,37,7,-1,-1,-1,-1,-1,-1,0,-1
2025311553716,2025,311553716,2,9,0,-1,5,5,1,-1,0,0,0,0,0,0,2,1,-1,6,3,-1,-1,-1,-1,-1,-1,-1,-1,0,-1
2025311553716,2025,311553716,1,9,0,-1,4,1,5,-1,0,0,0,0,0,0,2,1,-1,6,1,49,8,-1,-1,-1,-1,2,E01028271,0,1
2025311553835,2025,311553835,1,9,0,-1,3,4,8,-1,0,0,0,0,0,0,2,1,-1,2,2,18,4,-1,-1,-1,-1,-1,-1,0,-1
2025311553835,2025,311553835,2,9,0,-1,19,4,8,-1,0,0,0,0,0,0,1,1,-1,6,1,26,6,-1,-1,-1,-1,-1,-1,0,-1
2025311553869,2025,311553869,2,9,0,-1,7,8,2,-1,0,6,0,0,0,0,3,1,-1,6,3,-1,-1,-1,-1,-1,-1,-1,-1,0,-1
2025311553869,2025,311553869,1,8,0,-1,19,6,2,-1,0,5,0,0,1,0,1,1,-1,1,1,47,8,-1,-1,-1,-1,1,E01013960,0,1
2025311553888,2025,311553888,2,9,0,-1,5,7,3,-1,0,1,0,0,0,0,1,1,-1,6,3,-1,-1,-1,-1,-1,-1,-1,-1,0,-1
2025311553888,2025,311553888,1,9,0,-1,4,3,7,-1,0,1,0,0,0,0,1,1,-1,6,2,-1,-1,-1,-1,-1,-1,5,E01027972,0,1
2025311553894,2025,311553894,2,9,0,-1,4,7,3,-1,0,3,0,0,0,0,1,1,-1,6,2,79,11,-1,-1,-1,-1,1,E01013849,0,1
2025311553894,2025,311553894,1,9,0,-1,5,3,7,-1,0,4,0,0,0,0,1,1,-1,6,3,-1,-1,-1,-1,-1,-1,-1,-1,0,-1
2025311554220,2025,311554220,1,10,0,-1,19,3,8,-1,0,0,0,0,0,0,1,1,-1,1,1,77,11,-1,-1,-1,-1,6,E01028392,0,4
2025311554244,2025,311554244,1,9,0,-1,19,3,5,-1,0,1,0,0,0,0,0,1,-1,6,3,30,6,-1,-1,-1,-1,-1,-1,0,-1
2025311554283,2025,311554283,1,9,0,-1,19,7,3,-1,0,8,0,0,7,0,1,1,-1,9,1,69,10,-1,-1,-1,-1,2,E01013904,0,4
2025311554330,2025,311554330,1,9,0,-1,19,5,1,-1,0,1,0,0,0,0,3,1,-1,6,1,39,7,-1,-1,-1,-1,8,E01028262,0,3
2025311554330,2025,311554330,2,9,0,-1,9,3,1,-1,0,6,0,0,0,0,1,1,-1,6,1,50,8,-1,-1,-1,-1,5,E01028164,0,1
2025311554333,2025,311554333,2,1,0,-1,19,5,1,-1,0,0,5,0,0,0,1,1,-1,6,1,37,7,-1,-1,-1,-1,-1,-1,0,-1
2025311554333,2025,311554333,1,9,0,-1,9,1,7,-1,0,0,0,0,0,0,1,1,-1,6,2,-1,-1,-1,-1,-1,-1,-1,-1,0,-1
2025311554341,2025,311554341,1,11,-1,-1,4,6,2,-1,0,0,0,0,0,0,0,9,-1,1,1,58,9,-1,-1,-1,-1,1,E01013920,0,4
2025311554425,2025,311554425,1,9,0,-1,7,1,5,-1,0,1,0,0,0,0,1,1,-1,2,1,53,8,-1,-1,-1,-1,4,E01013938,0,1
2025311554425,2025,311554425,2,3,0,-1,5,5,1,-1,0,1,0,0,0,0,1,1,-1,6,1,47,8,-1,-1,-1,-1,-1,-1,0,-1
2025311554471,2025,311554471,1,9,0,-1,3,4,8,-1,0,0,0,0,0,0,2,9,-1,6,1,25,5,-1,-1,-1,-1,-1,-1,0,-1
2025311554471,2025,311554471,4,9,0,-1,19,4,8,-1,0,0,0,0,0,0,1,9,-1,6,1,28,6,-1,-1,-1,-1,-1,-1,0,-1
2025311554471,2025,311554471,3,9,0,-1,3,4,8,-1,0,0,0,0,0,0,2,9,-1,6,2,25,5,-1,-1,-1,-1,-1,-1,0,-1
2025311554471,2025,311554471,2,9,0,-1,3,4,8,-1,0,0,0,0,0,0,2,9,-1,6,1,35,6,-1,-1,-1,-1,-1,-1,0,-1
2025311554612,2025,311554612,1,9,0,-1,19,6,2,-1,0,0,0,0,0,0,4,1,-1,6,1,32,6,-1,-1,-1,-1,2,E01028101,0,1
2025311554718,2025,311554718,2,9,0,-1,19,6,2,-1,0,1,0,0,0,0,1,1,-1,9,2,64,9,-1,-1,-1,-1,-1,-1,0,-1
2025311554718,2025,311554718,1,9,0,-1,9,8,5,-1,0,8,0,0,0,0,3,1,-1,9,2,78,11,-1,-1,-1,-1,-1,-1,0,-1
2025311554797,2025,311554797,1,11,0,-1,19,3,7,-1,-1,0,0,0,0,0,-1,9,-1,1,1,-1,-1,-1,-1,-1,-1,-1,-1,0,-1
2025311554815,2025,311554815,1,9,0,-1,19,1,5,-1,0,2,0,0,0,0,1,1,-1,1,1,46,8,-1,-1,-1,-1,1,E01013954,0,1
2025311554963,2025,311554963,1,9,0,-1,19,1,5,-1,0,0,1,0,2,10,3,1,-1,9,1,18,4,-1,-1,-1,-1,-1,-1,0,-1
2025311554982,2025,311554982,1,9,0,-1,19,3,7,-1,9,8,5,0,1,2,1,1,-1,9,1,76,11,-1,-1,-1,-1,3,E01028254,0,1
2025311555027,2025,311555027,1,9,0,-1,4,2,6,-1,0,1,0,0,0,0,3,1,-1,6,1,52,8,-1,-1,-1,-1,10,E01028148,0,2
2025311555027,2025,311555027,2,9,0,-1,19,2,6,-1,0,2,0,0,0,0,4,1,-1,6,1,-1,-1,-1,-1,-1,-1,-1,-1,0,-1
2025311555041,2025,311555041,1,9,0,-1,19,5,1,-1,0,0,0,0,0,0,1,1,-1,1,2,55,8,-1,-1,-1,-1,3,E01013983,0,3
2025311555073,2025,311555073,1,98,-1,-1,2,0,0,-1,9,0,0,0,0,0,4,9,-1,6,1,56,9,-1,-1,-1,-1,-1,-1,0,-1
2025311555073,2025,311555073,2,2,0,-1,5,7,3,-1,0,0,0,0,0,0,1,1,-1,6,2,63,9,-1,-1,-1,-1,-1,-1,0,-1
2025311555100,2025,311555100,1,-1,0,-1,19,1,3,-1,0,1,1,0,0,0,1,1,-1,6,1,64,9,-1,-1,-1,-1,1,E01013819,1,1
2025311555143,2025,311555143,1,9,0,-1,1,1,5,-1,0,0,0,0,0,0,2,1,-1,6,1,35,6,-1,-1,-1,-1,-1,-1,0,-1
2025311555143,2025,311555143,2,-1,0,-1,19,5,1,-1,9,0,5,0,0,0,3,1,-1,6,1,35,6,-1,-1,-1,-1,3,E01028062,1,1
2025311555213,2025,311555213,1,9,0,-1,19,1,1,-1,0,0,0,0,0,0,0,9,-1,6,3,-1,-1,-1,-1,-1,-1,-1,-1,0,-1
2025311555348,2025,311555348,1,9,0,-1,19,1,5,-1,0,1,0,0,0,0,1,1,-1,6,1,43,7,-1,-1,-1,-1,-1,-1,0,-1
2025311555377,2025,311555377,2,9,0,-1,19,1,5,-1,0,8,1,0,0,0,1,1,-1,9,1,23,5,-1,-1,-1,-1,5,E01013931,0,1
2025311555377,2025,311555377,1,9,0,-1,10,5,3,-1,0,8,0,0,0,0,1,1,-1,9,1,81,11,-1,-1,-1,-1,-1,-1,0,-1
2025311555408,2025,311555408,1,9,0,-1,20,7,3,-1,9,0,0,0,0,0,1,1,-1,9,1,72,10,-1,-1,-1,-1,-1,-1,0,-1
2025311555431,2025,311555431,1,9,0,-1,19,8,3,-1,0,1,0,0,0,0,3,9,-1,6,1,-1,-1,-1,-1,-1,-1,-1,-1,0,-1
2025311555431,2025,311555431,2,1,-1,-1,3,1,5,-1,0,1,0,0,0,0,2,1,-1,6,1,14,3,-1,-1,-1,-1,8,E01028172,0,1
2025311555612,2025,311555612,1,11,0,-1,5,4,8,-1,0,0,0,0,0,0,0,1,-1,1,1,63,9,-1,-1,-1,-1,1,E01013920,0,1
2025311555762,2025,311555762,2,9,0,-1,9,1,6,-1,0,0,0,0,0,0,1,1,-1,9,1,36,7,-1,-1,-1,-1,-1,-1,0,-1
2025311555762,2025,311555762,1,9,0,-1,19,7,3,-1,0,0,0,0,0,0,4,1,-1,9,2,37,7,-1,-1,-1,-1,-1,-1,0,-1
2025311555773,2025,311555773,1,9,0,-1,19,1,5,-1,1,1,0,11,0,0,1,1,-1,6,1,51,8,-1,-1,-1,-1,-1,-1,0,-1
2025311555773,2025,311555773,2,18,-1,-1,19,3,7,-1,1,8,0,0,0,0,4,1,-1,1,1,64,9,-1,-1,-1,-1,-1,-1,0,-1
2025311555787,2025,311555787,2,9,0,-1,19,-1,-1,-1,0,0,0,0,0,0,1,1,-1,2,1,33,6,-1,-1,-1,-1,-1,-1,0,-1
2025311555787,2025,311555787,1,9,0,-1,19,1,-1,-1,0,0,0,0,0,0,2,1,-1,1,1,52,8,-1,-1,-1,-1,-1,-1,0,-1
2025311555827,2025,311555827,1,9,0,-1,19,8,4,-1,0,8,0,0,0,0,1,1,-1,6,1,59,9,-1,-1,-1,-1,-1,-1,0,-1
2025311555827,2025,311555827,2,4,0,-1,19,4,8,-1,0,8,0,0,0,0,0,1,-1,6,2,31,6,-1,-1,-1,-1,-1,-1,0,-1
2025311555830,2025,311555830,1,9,0,-1,9,4,2,-1,0,0,0,0,0,0,1,9,-1,6,1,26,6,-1,-1,-1,-1,5,E01013914,0,1
2025311555830,2025,311555830,2,9,0,-1,19,2,6,-1,0,0,0,0,0,0,4,9,-1,9,2,46,8,-1,-1,-1,-1,10,E01028148,0,2
2025311555892,2025,311555892,1,9,0,-1,1,2,6,-1,-1,0,0,7,0,0,4,1,-1,9,1,54,8,-1,-1,-1,-1,3,E01028229,0,1
2025311555892,2025,311555892,2,8,0,-1,2,5,5,-1,-1,0,0,0,0,0,4,1,-1,1,1,63,9,-1,-1,-1,-1,8,E01033389,0,1
2025311555922,2025,311555922,1,9,0,-1,10,8,7,-1,0,8,0,0,0,0,1,1,-1,9,2,23,5,-1,-1,-1,-1,5,E01013931,0,1
2025311555922,2025,311555922,2,3,0,-1,5,4,8,-1,0,8,1,0,0,0,1,1,-1,1,1,-1,-1,-1,-1,-1,-1,1,E01013868,0,1
2025311555950,2025,311555950,2,9,0,-1,7,7,1,-1,0,0,0,0,0,0,1,1,-1,9,2,39,7,-1,-1,-1,-1,10,E01035510,0,1
2025311555950,2025,311555950,1,9,0,-1,13,6,1,-1,0,0,0,0,0,0,1,1,-1,9,2,41,7,-1,-1,-1,-1,7,E01028193,0,2
2025311555951,2025,311555951,1,3,0,-1,4,1,5,-1,0,0,0,0,0,0,1,1,-1,6,-1,20,4,-1,-1,-1,-1,-1,-1,0,-1
2025311555951,2025,311555951,2,9,0,-1,4,1,5,-1,0,0,0,0,0,0,2,1,-1,6,-1,95,11,-1,-1,-1,-1,-1,-1,0,-1
2025311555980,2025,311555980,1,11,0,-1,4,4,8,-1,2,8,0,0,0,0,1,1,-1,9,1,45,7,-1,-1,-1,-1,6,E01013887,0,2
2025311556005,2025,311556005,2,9,0,-1,19,1,5,-1,0,0,0,0,0,0,2,1,-1,6,2,55,8,-1,-1,-1,-1,-1,-1,0,-1
2025311556005,2025,311556005,1,9,0,-1,19,1,5,-1,0,0,0,0,0,0,1,9,-1,6,3,50,8,-1,-1,-1,-1,-1,-1,0,-1
2025311556198,2025,311556198,2,19,0,-1,9,5,3,-1,0,6,0,0,0,0,1,1,-1,6,1,62,9,-1,-1,-1,-1,10,E01028388,0,3
2025311556198,2025,311556198,1,3,0,-1,19,3,7,-1,0,1,0,0,0,0,1,1,-1,9,1,33,6,-1,-1,-1,-1,10,E01019708,0,1
2025311556331,2025,311556331,2,11,0,-1,19,1,5,-1,0,0,0,10,0,0,1,1,-1,6,2,54,8,-1,-1,-1,-1,-1,-1,0,-1
2025311556430,2025,311556430,1,9,0,-1,1,1,5,-1,0,6,0,0,0,0,2,1,-1,6,2,48,8,-1,-1,-1,-1,5,E01028022,0,1
2025311556464,2025,311556464,1,9,0,-1,19,5,1,-1,0,1,0,0,0,0,1,1,-1,6,1,58,9,-1,-1,-1,-1,1,E01019509,0,4
2025311556464,2025,311556464,2,9,0,-1,9,5,7,-1,0,8,0,0,0,0,4,1,-1,6,1,29,6,-1,-1,-1,-1,-1,-1,0,-1
2025311556490,2025,311556490,2,1,0,-1,19,3,7,-1,0,5,2,0,0,0,1,1,-1,6,1,21,5,-1,-1,-1,-1,3,E01027969,0,1
2025311556490,2025,311556490,1,9,0,-1,19,1,5,-1,0,5,0,0,0,0,1,1,-1,6,3,25,5,-1,-1,-1,-1,-1,-1,0,-1
2025311556532,2025,311556532,1,19,0,-1,19,3,7,-1,0,8,0,0,0,0,1,1,-1,9,1,34,6,-1,-1,-1,-1,-1,-1,0,-1
2025311556532,2025,311556532,2,9,0,-1,19,1,5,-1,0,1,1,0,8,0,4,1,-1,9,2,37,7,-1,-1,-1,-1,-1,-1,0,-1
2025311556630,2025,311556630,2,9,0,-1,3,1,5,-1,0,0,0,0,0,0,2,9,-1,6,2,39,7,-1,-1,-1,-1,3,E01019647,0,2
2025311556630,2025,311556630,1,9,0,-1,4,1,5,-1,0,0,0,0,0,0,1,9,-1,6,1,-1,-1,-1,-1,-1,-1,-1,-1,0,-1
2025311556681,2025,311556681,2,9,0,-1,-1,-1,-1,-1,-1,0,-1,-1,-1,0,2,9,-1,6,2,-1,-1,-1,-1,-1,-1,10,E01026395,0,4
2025311556681,2025,311556681,1,19,-1,-1,19,-1,-1,-1,-1,0,-1,-1,-1,0,1,9,-1,6,3,-1,-1,-1,-1,-1,-1,-1,-1,0,-1
2025311556852,2025,311556852,2,9,0,-1,19,1,8,-1,0,1,0,0,0,0,3,1,-1,6,1,29,6,-1,-1,-1,-1,-1,-1,0,-1
2025311556852,2025,311556852,1,9,0,-1,19,4,8,-1,0,1,0,0,0,0,4,1,-1,6,1,33,6,-1,-1,-1,-1,-1,-1,0,-1
2025311556862,2025,311556862,1,9,0,-1,19,3,3,-1,0,0,0,0,0,0,4,1,-1,9,1,90,11,-1,-1,-1,-1,6,E01028125,0,1
2025311556862,2025,311556862,2,9,0,-1,2,0,0,-1,9,0,0,0,0,0,3,1,-1,6,-1,-1,-1,-1,-1,-1,-1,-1,-1,0,-1
2025311556891,2025,311556891,2,9,0,-1,2,3,7,-1,0,1,0,0,0,0,2,1,-1,6,3,54,8,-1,-1,-1,-1,-1,-1,0,-1
2025311556891,2025,311556891,1,11,0,-1,19,3,7,-1,0,1,0,4,0,0,1,1,-1,1,1,61,9,-1,-1,-1,-1,-1,-1,0,-1
2025311556903,2025,311556903,3,9,0,-1,19,7,3,-1,0,0,0,0,0,0,1,1,-1,6,1,85,11,-1,-1,-1,-1,-1,-1,0,-1
2025311556903,2025,311556903,1,9,0,-1,2,7,3,-1,0,0,0,0,0,0,2,1,-1,6,1,33,6,-1,-1,-1,-1,-1,-1,0,-1
2025311556903,2025,311556903,2,9,0,-1,2,7,3,-1,0,0,0,0,0,0,2,1,-1,6,1,43,7,-1,-1,-1,-1,-1,-1,0,-1
2025311556925,2025,311556925,1,9,0,-1,9,3,1,-1,0,8,0,0,0,0,3,1,-1,6,1,26,6,-1,-1,-1,-1,3,E01019497,0,3
2025311556925,2025,311556925,2,9,0,-1,19,7,3,-1,0,2,0,0,0,0,1,1,-1,6,1,19,4,-1,-1,-1,-1,4,E01028167,0,3
2025311556964,2025,311556964,1,9,0,-1,19,3,7,-1,0,0,0,10,0,0,3,1,-1,9,2,37,7,-1,-1,-1,-1,-1,-1,0,-1
2025311556978,2025,311556978,1,9,0,-1,19,6,2,-1,-1,-1,-1,-1,-1,0,1,1,-1,6,2,30,6,-1,-1,-1,-1,9,E01028394,0,1
2025311556978,2025,311556978,2,9,0,-1,4,6,2,-1,-1,-1,-1,-1,-1,0,2,1,-1,6,2,27,6,-1,-1,-1,-1,10,E01028403,0,2
2025311557030,2025,311557030,2,9,0,-1,5,2,4,-1,0,1,0,0,7,0,1,1,-1,6,2,27,6,-1,-1,-1,-1,10,E01028346,0,1
2025311557030,2025,311557030,1,9,0,-1,19,4,4,-1,0,8,0,0,3,10,1,1,-1,6,2,63,9,-1,-1,-1,-1,5,E01028349,0,2
2025311557255,2025,311557255,1,9,0,-1,19,6,2,-1,0,2,1,0,1,11,1,1,-1,9,1,20,4,-1,-1,-1,-1,-1,-1,0,-1
2025311557329,2025,311557329,1,9,0,-1,9,5,1,-1,0,8,0,0,0,0,3,1,-1,6,2,29,6,-1,-1,-1,-1,6,E01028220,0,1
2025311557329,2025,311557329,2,9,0,-1,19,3,7,-1,0,1,0,0,0,0,1,1,-1,6,1,50,8,-1,-1,-1,-1,7,E01027990,0,2
2025311557497,2025,311557497,1,9,0,-1,19,3,7,-1,0,4,0,0,0,0,1,9,-1,6,3,20,4,-1,-1,-1,-1,-1,-1,0,-1
2025311557759,2025,311557759,2,9,0,-1,19,4,8,-1,0,0,0,0,0,0,1,1,-1,6,1,24,5,-1,-1,-1,-1,7,E01028402,0,4
2025311557759,2025,311557759,1,9,0,-1,9,6,4,-1,0,0,0,0,0,0,3,1,-1,6,1,67,10,-1,-1,-1,-1,6,E01033773,0,2
2025311557819,2025,311557819,1,9,0,-1,2,7,3,-1,0,0,0,0,0,0,2,1,-1,1,2,45,7,-1,-1,-1,-1,-1,-1,0,-1
2025311557898,2025,311557898,1,9,0,-1,1,1,5,-1,9,1,0,4,0,0,1,2,-1,9,2,84,11,-1,-1,-1,-1,-1,-1,0,-1
2025311557898,2025,311557898,2,9,0,-1,2,0,0,-1,0,2,0,0,0,0,2,2,-1,6,1,27,6,-1,-1,-1,-1,-1,-1,0,-1
2025311558041,2025,311558041,2,19,0,-1,4,4,8,-1,0,0,1,0,1,0,2,1,-1,2,1,43,7,-1,-1,-1,-1,3,E01026008,0,4
2025311558041,2025,311558041,1,20,0,-1,4,4,8,-1,0,0,1,4,7,0,1,1,-1,1,1,36,7,-1,-1,-1,-1,3,E01007340,0,4
2025311558109,2025,311558109,1,9,0,-1,19,1,5,-1,0,0,5,11,1,2,1,1,-1,6,2,85,11,-1,-1,-1,-1,-1,-1,0,-1
2025311558213,2025,311558213,1,9,0,-1,3,2,6,-1,0,0,0,0,0,0,0,1,-1,6,3,-1,-1,-1,-1,-1,-1,-1,-1,0,-1
2025311558213,2025,311558213,2,9,0,-1,3,4,2,-1,0,0,0,0,0,0,1,1,-1,6,3,-1,-1,-1,-1,-1,-1,2,E01007789,0,2
2025311558261,2025,311558261,2,8,0,-1,4,3,3,-1,0,0,0,0,0,0,2,1,-1,1,1,49,8,-1,-1,-1,-1,-1,-1,0,-1
2025311558261,2025,311558261,1,9,0,-1,4,3,3,-1,0,0,0,0,0,0,2,1,-1,6,2,37,7,-1,-1,-1,-1,8,E01027973,0,1