collision_index,collision_year,collision_ref_no,vehicle_reference,vehicle_type,towing_and_articulation,vehicle_manoeuvre_historic,vehicle_manoeuvre,vehicle_direction_from,vehicle_direction_to,vehicle_location_restricted_lane_historic,vehicle_location_restricted_lane,junction_location,skidding_and_overturning,hit_object_in_carriageway,vehicle_leaving_carriageway,hit_object_off_carriageway,first_point_of_impact,vehicle_left_hand_drive,journey_purpose_of_driver_historic,journey_purpose_of_driver,sex_of_driver,age_of_driver,age_band_of_driver,engine_capacity_cc,propulsion_code,age_of_vehicle,generic_make_model,driver_imd_decile,lsoa_of_driver,escooter_flag,driver_distance_banding
2025311558261,2025,311558261,3,9,0,-1,19,3,3,-1,0,0,0,0,0,0,1,1,-1,9,1,20,4,-1,-1,-1,-1,5,E01019475,0,2
2025311558332,2025,311558332,1,9,0,-1,19,4,8,-1,0,0,2,0,7,0,1,1,-1,9,2,19,4,-1,-1,-1,-1,8,E01028262,0,2
2025311558421,2025,311558421,2,19,0,-1,19,5,1,-1,0,0,0,0,1,0,1,1,-1,6,1,49,8,-1,-1,-1,-1,1,E01011621,0,4
2025311558421,2025,311558421,3,9,0,-1,19,5,1,-1,0,0,0,0,0,0,1,1,-1,6,2,28,6,-1,-1,-1,-1,3,E01007490,0,4
2025311558421,2025,311558421,1,9,0,-1,19,1,5,-1,0,0,0,0,0,0,1,1,-1,6,1,34,6,-1,-1,-1,-1,1,E01007508,0,4
2025311558502,2025,311558502,1,9,0,-1,3,1,5,-1,-1,0,0,0,0,0,2,9,-1,6,3,-1,-1,-1,-1,-1,-1,-1,-1,0,-1
2025311558502,2025,311558502,2,9,0,-1,19,5,1,-1,0,0,0,0,0,0,2,9,-1,6,2,39,7,-1,-1,-1,-1,1,E01019463,0,3
2025311558596,2025,311558596,1,9,0,-1,14,1,5,-1,0,0,5,4,0,0,1,1,-1,9,2,34,6,-1,-1,-1,-1,-1,-1,0,-1
2025311558596,2025,311558596,2,9,0,-1,2,0,0,-1,0,0,0,0,0,0,2,1,-1,2,2,23,5,-1,-1,-1,-1,-1,-1,0,-1
2025311558661,2025,311558661,1,19,0,-1,19,5,1,-1,0,0,0,0,0,0,1,1,-1,9,1,30,6,-1,-1,-1,-1,2,E01003196,0,5
2025311558661,2025,311558661,2,9,0,-1,19,5,1,-1,0,0,0,0,0,0,2,1,-1,6,2,22,5,-1,-1,-1,-1,3,E01019511,0,3
2025311558823,2025,311558823,2,1,0,-1,19,7,3,-1,0,5,1,0,0,0,1,1,-1,6,1,13,3,-1,-1,-1,-1,-1,-1,0,-1
2025311558823,2025,311558823,1,90,0,-1,19,7,3,-1,0,6,0,0,0,0,1,1,-1,2,1,51,8,-1,-1,-1,-1,-1,-1,0,-1
2025311558991,2025,311558991,1,11,0,-1,5,1,1,-1,0,0,0,0,0,0,1,1,-1,1,1,53,8,-1,-1,-1,-1,1,E01007763,0,2
2025311558991,2025,311558991,2,9,0,-1,5,1,1,-1,0,0,0,0,0,0,1,1,-1,6,2,82,11,-1,-1,-1,-1,2,E01028029,0,1
2025311559000,2025,311559000,2,1,0,-1,19,4,8,-1,9,1,0,0,0,0,2,1,-1,6,1,44,7,-1,-1,-1,-1,3,E01028166,0,2
2025311559000,2025,311559000,1,9,0,-1,5,8,7,-1,0,5,0,0,0,0,1,1,-1,6,1,48,8,-1,-1,-1,-1,-1,-1,0,-1
2025311559234,2025,311559234,2,9,0,-1,4,1,5,-1,0,0,0,0,0,0,2,1,-1,9,2,34,6,-1,-1,-1,-1,10,E01025711,0,3
2025311559234,2025,311559234,1,9,0,-1,19,5,1,-1,0,0,0,0,0,0,1,1,-1,9,1,67,10,-1,-1,-1,-1,8,E01028387,0,2
2025311559234,2025,311559234,3,9,0,-1,4,5,1,-1,0,0,0,0,0,0,2,1,-1,9,1,64,9,-1,-1,-1,-1,8,E01028387,0,2
2025311559288,2025,311559288,1,9,0,-1,9,2,8,-1,0,6,0,0,0,0,1,1,-1,2,1,58,9,-1,-1,-1,-1,10,E01028199,0,1
2025311559288,2025,311559288,2,4,0,-1,19,8,4,-1,0,8,0,0,0,0,4,1,-1,6,1,33,6,-1,-1,-1,-1,8,E01028327,0,2
2025311559314,2025,311559314,1,9,0,-1,5,2,3,-1,0,1,0,0,0,0,1,1,-1,6,2,54,8,-1,-1,-1,-1,-1,-1,0,-1
2025311559314,2025,311559314,2,1,0,-1,3,1,3,-1,0,1,0,0,0,0,1,1,-1,6,1,19,4,-1,-1,-1,-1,-1,-1,0,-1
2025311559369,2025,311559369,1,9,0,-1,5,3,7,-1,0,2,0,7,0,0,1,1,-1,6,1,86,11,-1,-1,-1,-1,5,E01028286,0,1
2025311559500,2025,311559500,1,9,0,-1,5,2,8,-1,0,0,0,0,0,0,1,1,-1,9,1,82,11,-1,-1,-1,-1,2,E01013908,0,1
2025311559626,2025,311559626,1,9,0,-1,19,1,4,-1,0,0,0,0,0,0,1,1,-1,9,1,33,6,-1,-1,-1,-1,8,E01032622,0,1
2025311559665,2025,311559665,1,9,0,-1,10,3,5,-1,0,0,0,0,0,0,3,1,-1,6,2,25,5,-1,-1,-1,-1,4,E01013929,0,1
2025311559665,2025,311559665,2,5,0,-1,19,5,1,-1,0,0,0,0,0,0,1,1,-1,9,1,22,5,-1,-1,-1,-1,2,E01013917,0,1
2025311559714,2025,311559714,1,9,0,-1,9,6,4,-1,0,6,0,0,0,0,1,1,-1,2,2,57,9,-1,-1,-1,-1,2,E01028053,0,1
2025311559866,2025,311559866,1,9,0,-1,7,5,3,-1,0,0,0,0,0,0,3,1,-1,6,1,52,8,-1,-1,-1,-1,10,E01028379,0,3
2025311559866,2025,311559866,2,9,0,-1,9,5,3,-1,0,0,0,0,0,0,1,1,-1,2,2,43,7,-1,-1,-1,-1,6,E01028125,0,2
2025311559958,2025,311559958,1,9,-1,-1,5,1,5,-1,0,1,0,0,0,0,1,9,-1,6,3,20,4,-1,-1,-1,-1,-1,-1,0,-1
2025311560036,2025,311560036,1,1,0,-1,9,7,1,-1,0,3,1,0,0,0,0,1,-1,9,1,20,4,-1,-1,-1,-1,-1,-1,0,-1
2025311560060,2025,311560060,1,11,0,-1,2,0,0,-1,2,0,0,0,0,0,0,1,-1,1,1,33,6,-1,-1,-1,-1,4,E01028122,0,2
2025311560070,2025,311560070,2,9,0,-1,4,1,5,-1,0,1,0,0,0,0,2,1,-1,6,1,21,5,-1,-1,-1,-1,-1,-1,0,-1
2025311560070,2025,311560070,1,9,0,-1,19,1,5,-1,0,1,0,0,0,0,1,1,-1,6,3,40,7,-1,-1,-1,-1,-1,-1,0,-1
2025311560096,2025,311560096,2,9,0,-1,19,4,8,-1,0,0,0,0,1,0,4,1,-1,9,2,42,7,-1,-1,-1,-1,-1,-1,0,-1
2025311560096,2025,311560096,1,9,0,-1,11,4,8,-1,0,0,0,0,0,0,0,1,-1,6,3,50,8,-1,-1,-1,-1,-1,-1,0,-1
2025311560097,2025,311560097,1,9,0,-1,7,2,6,-1,4,8,0,0,0,0,3,1,-1,9,2,28,6,-1,-1,-1,-1,3,E01026042,0,4
2025311560097,2025,311560097,2,1,0,-1,19,6,2,-1,4,8,0,0,0,0,1,1,-1,6,1,27,6,-1,-1,-1,-1,-1,-1,0,-1
2025311560195,2025,311560195,1,9,0,-1,19,3,7,-1,0,2,0,0,0,0,4,1,-1,6,2,36,7,-1,-1,-1,-1,-1,-1,0,-1
2025311560200,2025,311560200,2,9,0,-1,6,5,1,-1,0,0,0,0,0,0,1,1,-1,9,1,37,7,-1,-1,-1,-1,1,E01013877,0,1
2025311560200,2025,311560200,3,9,0,-1,19,5,1,-1,0,0,0,0,0,0,3,1,-1,6,3,-1,-1,-1,-1,-1,-1,-1,-1,0,-1
2025311560200,2025,311560200,1,9,0,-1,19,1,5,-1,0,0,0,0,0,0,1,1,-1,9,1,23,5,-1,-1,-1,-1,1,E01013942,0,2
2025311560316,2025,311560316,1,9,0,-1,19,5,1,-1,0,3,0,0,0,0,1,1,-1,6,2,32,6,-1,-1,-1,-1,-1,-1,0,-1
2025311560345,2025,311560345,2,8,0,-1,19,5,1,-1,0,0,0,0,0,0,1,9,-1,1,1,-1,-1,-1,-1,-1,-1,3,E01028153,0,3
2025311560345,2025,311560345,1,9,-1,-1,-1,-1,-1,-1,-1,0,-1,-1,-1,0,2,9,-1,6,3,-1,-1,-1,-1,-1,-1,-1,-1,0,-1
2025311560432,2025,311560432,2,9,0,-1,4,1,1,-1,0,0,0,0,0,0,2,1,-1,2,2,23,5,-1,-1,-1,-1,1,E01007791,0,3
2025311560432,2025,311560432,1,9,0,-1,4,1,1,-1,0,0,0,0,0,0,0,1,-1,1,1,70,10,-1,-1,-1,-1,6,E01027923,0,4
2025311560432,2025,311560432,3,9,0,-1,19,1,1,-1,0,0,0,4,0,0,1,1,-1,9,1,21,5,-1,-1,-1,-1,2,E01007494,0,3
2025311560479,2025,311560479,1,1,0,-1,19,7,3,-1,5,1,0,0,0,0,1,1,-1,6,3,-1,-1,-1,-1,-1,-1,-1,-1,0,-1
2025311560492,2025,311560492,1,9,0,-1,19,8,4,-1,0,0,0,0,0,0,1,9,-1,6,3,-1,-1,-1,-1,-1,-1,-1,-1,0,-1
2025311560492,2025,311560492,2,9,4,-1,19,8,4,-1,0,0,0,0,0,0,2,9,-1,6,1,-1,-1,-1,-1,-1,-1,-1,-1,0,-1
2025311560546,2025,311560546,2,9,0,-1,19,3,7,-1,0,8,0,0,0,0,1,1,-1,6,2,26,6,-1,-1,-1,-1,6,E01028283,0,1
2025311560546,2025,311560546,1,9,0,-1,19,1,5,-1,0,8,0,0,0,0,1,1,-1,6,2,59,9,-1,-1,-1,-1,9,E01028219,0,1
2025311560733,2025,311560733,1,9,0,-1,19,5,1,-1,0,4,0,0,0,0,4,1,-1,1,1,46,8,-1,-1,-1,-1,-1,-1,0,-1
2025311560733,2025,311560733,2,3,0,-1,19,1,4,-1,0,4,0,0,0,0,3,1,-1,1,2,64,9,-1,-1,-1,-1,-1,-1,0,-1
2025311560870,2025,311560870,2,9,0,-1,9,2,4,-1,0,0,0,0,0,0,1,1,-1,9,2,59,9,-1,-1,-1,-1,4,E01028296,0,1
2025311560870,2025,311560870,1,9,0,-1,10,2,3,-1,0,0,0,0,0,0,2,1,-1,9,1,68,10,-1,-1,-1,-1,4,E01028343,0,1
2025311560877,2025,311560877,1,9,0,-1,5,1,5,-1,0,8,0,0,0,0,1,1,-1,6,2,43,7,-1,-1,-1,-1,-1,-1,0,-1
2025311560877,2025,311560877,2,4,0,-1,5,5,1,-1,0,8,0,0,0,0,1,1,-1,6,1,20,4,-1,-1,-1,-1,-1,-1,0,-1
2025311560904,2025,311560904,2,9,0,-1,9,5,2,-1,0,8,0,0,0,0,1,1,-1,6,2,63,9,-1,-1,-1,-1,-1,-1,0,-1
2025311560904,2025,311560904,1,9,0,-1,13,5,1,-1,0,8,0,10,0,0,1,1,-1,6,1,20,4,-1,-1,-1,-1,-1,-1,0,-1
2025311561095,2025,311561095,1,9,0,-1,19,1,1,-1,9,0,0,10,1,0,2,1,-1,2,1,26,6,-1,-1,-1,-1,-1,-1,0,-1
2025311561095,2025,311561095,3,9,0,-1,5,3,3,-1,0,0,0,0,0,0,3,1,-1,6,2,30,6,-1,-1,-1,-1,-1,-1,0,-1
2025311561095,2025,311561095,2,9,0,-1,5,1,1,-1,0,0,0,0,0,0,1,1,-1,6,1,30,6,-1,-1,-1,-1,-1,-1,0,-1
2025311561252,2025,311561252,1,97,0,-1,19,7,3,-1,0,0,0,0,0,0,1,1,-1,9,3,-1,-1,-1,-1,-1,-1,-1,-1,0,-1
2025311561252,2025,311561252,2,19,0,-1,19,3,7,-1,0,0,0,0,0,0,1,9,-1,1,1,28,6,-1,-1,-1,-1,5,E01027932,0,1
2025311561346,2025,311561346,1,9,-1,-1,-1,6,2,-1,-1,-1,-1,-1,-1,0,-1,9,-1,6,1,30,6,-1,-1,-1,-1,-1,-1,0,-1
2025311561437,2025,311561437,1,9,0,-1,13,5,1,-1,0,1,0,0,0,0,0,9,-1,6,1,32,6,-1,-1,-1,-1,1,E01013839,0,1
2025311561437,2025,311561437,2,11,0,-1,19,5,1,-1,0,1,0,0,0,0,0,9,-1,1,1,51,8,-1,-1,-1,-1,1,E01013867,0,2
2025311561506,2025,311561506,1,9,0,-1,5,1,3,-1,0,0,0,0,0,0,1,1,-1,6,2,28,6,-1,-1,-1,-1,-1,-1,0,-1
2025311561577,2025,311561577,2,17,0,-1,19,5,1,-1,0,0,2,0,0,0,3,1,-1,1,1,25,5,-1,-1,-1,-1,1,E01028320,0,1
2025311561577,2025,311561577,1,19,0,-1,19,5,1,-1,0,0,0,0,6,0,1,1,-1,1,1,43,7,-1,-1,-1,-1,3,E01005440,0,5
2025311561607,2025,311561607,1,9,0,-1,19,5,1,-1,0,2,0,0,0,0,2,1,-1,6,2,21,5,-1,-1,-1,-1,-1,-1,0,-1
2025311561607,2025,311561607,2,9,0,-1,19,5,1,-1,0,2,0,0,0,0,2,1,-1,6,2,49,8,-1,-1,-1,-1,1,E01013825,0,1
2025311561607,2025,311561607,3,9,0,-1,19,5,1,-1,0,2,0,0,0,0,1,1,-1,6,1,24,5,-1,-1,-1,-1,-1,-1,0,-1
2025311561613,2025,311561613,1,9,0,-1,5,5,1,-1,0,2,0,0,0,0,1,1,-1,9,1,21,5,-1,-1,-1,-1,8,E01015965,0,5
2025311561613,2025,311561613,2,1,0,-1,15,5,1,-1,0,2,0,0,0,0,1,1,-1,2,1,35,6,-1,-1,-1,-1,1,E01013811,0,1
2025311561614,2025,311561614,2,5,0,-1,4,7,3,-1,0,0,0,0,5,6,4,1,-1,6,1,30,6,-1,-1,-1,-1,-1,-1,0,-1
2025311561614,2025,311561614,6,5,0,-1,4,7,3,-1,0,0,0,0,0,0,0,1,-1,6,1,40,7,-1,-1,-1,-1,-1,-1,0,-1
2025311561614,2025,311561614,5,9,0,-1,4,7,3,-1,0,0,0,0,0,0,0,1,-1,6,2,31,6,-1,-1,-1,-1,-1,-1,0,-1
2025311561614,2025,311561614,3,9,0,-1,4,7,3,-1,0,0,0,0,0,0,3,1,-1,6,2,34,6,-1,-1,-1,-1,-1,-1,0,-1
2025311561614,2025,311561614,4,9,0,-1,4,7,3,-1,0,0,0,0,0,0,0,1,-1,6,2,27,6,-1,-1,-1,-1,-1,-1,0,-1
2025311561614,2025,311561614,1,9,0,-1,4,7,3,-1,0,0,0,0,0,0,2,1,-1,6,2,43,7,-1,-1,-1,-1,-1,-1,0,-1
2025311561707,2025,311561707,2,9,0,-1,19,3,7,-1,0,1,0,0,0,0,1,1,-1,6,1,45,7,-1,-1,-1,-1,-1,-1,0,-1
2025311561707,2025,311561707,1,9,0,-1,5,1,5,-1,0,8,0,0,0,0,1,1,-1,6,1,-1,-1,-1,-1,-1,-1,-1,-1,0,-1
2025311561776,2025,311561776,1,9,0,-1,2,0,0,-1,0,0,0,0,0,0,0,1,-1,9,2,34,6,-1,-1,-1,-1,3,E01011761,0,4
2025311561776,2025,311561776,3,21,4,-1,19,8,4,-1,0,0,0,0,0,0,1,1,-1,1,1,31,6,-1,-1,-1,-1,8,E01011254,0,4
2025311561776,2025,311561776,2,21,1,-1,19,8,4,-1,0,0,1,0,0,0,2,1,-1,1,1,34,6,-1,-1,-1,-1,1,E01034236,0,4
2025311561861,2025,311561861,1,19,0,-1,19,1,5,-1,0,0,0,0,0,0,1,1,-1,1,1,46,8,-1,-1,-1,-1,6,E01019674,0,4
2025311561903,2025,311561903,1,9,0,-1,19,2,6,-1,0,0,1,0,1,0,1,1,-1,9,1,30,6,-1,-1,-1,-1,1,E01028066,0,2
2025311562045,2025,311562045,2,9,0,-1,9,7,5,-1,0,1,0,0,0,0,1,1,-1,6,1,45,7,-1,-1,-1,-1,-1,-1,0,-1
2025311562045,2025,311562045,1,9,0,-1,19,3,7,-1,0,1,0,0,0,0,1,1,-1,6,1,37,7,-1,-1,-1,-1,-1,-1,0,-1
2025311562122,2025,311562122,1,8,0,-1,19,2,8,-1,0,6,0,0,0,0,1,1,-1,1,1,54,8,-1,-1,-1,-1,-1,-1,0,-1
2025311562188,2025,311562188,1,19,-1,-1,1,1,5,-1,-1,0,0,0,0,0,2,9,-1,1,1,-1,-1,-1,-1,-1,-1,-1,-1,0,-1
2025311562239,2025,311562239,1,9,0,-1,19,8,4,-1,0,2,0,11,0,0,3,1,-1,6,2,46,8,-1,-1,-1,-1,-1,-1,0,-1
2025311562239,2025,311562239,2,9,0,-1,19,1,5,-1,0,1,0,12,0,0,0,1,-1,6,1,54,8,-1,-1,-1,-1,3,E01013944,0,1
2025311562258,2025,311562258,1,9,0,-1,1,1,7,-1,0,1,0,0,0,0,2,9,-1,6,1,40,7,-1,-1,-1,-1,-1,-1,0,-1
2025311562353,2025,311562353,1,9,0,-1,9,1,3,-1,0,6,0,0,0,0,3,1,-1,6,2,34,6,-1,-1,-1,-1,4,E01027928,0,1
2025311562353,2025,311562353,2,9,0,-1,19,3,7,-1,0,1,0,0,0,0,1,1,-1,9,2,26,6,-1,-1,-1,-1,-1,-1,0,-1
2025311562407,2025,311562407,1,9,0,-1,19,6,8,-1,0,0,0,7,0,0,1,1,-1,6,-1,-1,-1,-1,-1,-1,-1,-1,-1,0,-1
2025311562574,2025,311562574,1,98,0,-1,19,1,5,-1,0,0,0,0,0,0,1,1,-1,1,1,40,7,-1,-1,-1,-1,1,E01013867,0,2
2025311562617,2025,311562617,2,1,0,-1,19,1,8,-1,9,0,0,0,0,0,0,1,-1,6,1,70,10,-1,-1,-1,-1,5,E01013831,0,1
2025311562617,2025,311562617,1,97,0,-1,2,0,0,-1,0,0,0,0,0,0,0,1,-1,6,1,-1,-1,-1,-1,-1,-1,-1,-1,0,-1
2025311562619,2025,311562619,1,9,0,-1,19,3,8,-1,0,0,1,0,1,1,1,1,-1,2,1,54,8,-1,-1,-1,-1,-1,-1,0,-1
2025311562620,2025,311562620,1,9,0,-1,5,1,6,-1,0,0,0,0,0,0,4,1,-1,9,2,54,8,-1,-1,-1,-1,9,E01028117,0,2
2025311562620,2025,311562620,2,18,-1,-1,19,3,7,-1,1,0,0,0,0,0,1,1,-1,1,1,54,8,-1,-1,-1,-1,3,E01028212,0,2
2025311562648,2025,311562648,1,9,0,-1,4,7,3,-1,0,0,0,0,0,0,0,1,-1,6,2,38,7,-1,-1,-1,-1,-1,-1,0,-1
2025311562648,2025,311562648,3,9,0,-1,19,7,3,-1,0,0,0,11,0,0,1,1,-1,6,1,80,11,-1,-1,-1,-1,-1,-1,0,-1
2025311562648,2025,311562648,2,9,0,-1,4,7,3,-1,0,0,0,11,0,0,1,1,-1,9,1,23,5,-1,-1,-1,-1,-1,-1,0,-1
2025311562670,2025,311562670,1,9,0,-1,9,4,8,-1,0,1,0,0,0,0,3,1,-1,9,1,75,10,-1,-1,-1,-1,-1,-1,0,-1
2025311562670,2025,311562670,2,9,0,-1,19,8,4,-1,0,1,0,0,0,0,1,1,-1,6,1,40,7,-1,-1,-1,-1,-1,-1,0,-1
2025311562769,2025,311562769,1,9,0,-1,5,3,1,-1,0,2,0,0,0,0,1,1,-1,9,2,28,6,-1,-1,-1,-1,1,E01013891,0,2
2025311562819,2025,311562819,1,9,0,-1,1,8,4,-1,0,0,0,0,0,0,2,1,-1,6,1,61,9,-1,-1,-1,-1,10,E01028395,0,3
2025311562847,2025,311562847,1,9,0,-1,13,5,1,-1,0,0,5,7,0,0,1,1,-1,9,1,53,8,-1,-1,-1,-1,5,E01028286,0,3
2025311562907,2025,311562907,1,9,0,-1,19,8,7,-1,9,0,5,0,7,0,3,1,-1,2,2,39,7,-1,-1,-1,-1,-1,-1,0,-1
2025311562945,2025,311562945,2,1,0,-1,7,4,5,-1,0,8,0,0,0,0,1,1,-1,9,1,62,9,-1,-1,-1,-1,10,E01028135,0,2
2025311562945,2025,311562945,1,9,0,-1,9,7,5,-1,0,8,0,0,0,0,1,1,-1,9,1,18,4,-1,-1,-1,-1,7,E01028370,0,3
2025311562977,2025,311562977,2,1,0,-1,19,2,6,-1,4,0,5,0,0,0,1,1,-1,2,1,44,7,-1,-1,-1,-1,8,E01028405,0,1
2025311562977,2025,311562977,1,9,0,-1,2,2,2,-1,9,0,0,0,0,0,3,1,-1,6,1,74,10,-1,-1,-1,-1,7,E01028378,0,2
2025311562984,2025,311562984,1,9,0,-1,9,5,3,-1,0,8,0,0,0,0,1,1,-1,6,1,55,8,-1,-1,-1,-1,10,E01028381,0,2
2025311562984,2025,311562984,2,1,0,-1,9,7,5,-1,0,8,0,0,0,0,2,1,-1,9,2,52,8,-1,-1,-1,-1,10,E01028414,0,2
2025311563256,2025,311563256,1,9,0,-1,19,8,4,-1,0,0,0,4,0,0,3,1,-1,6,2,23,5,-1,-1,-1,-1,1,E01019452,0,1
2025311563256,2025,311563256,2,9,0,-1,19,4,8,-1,0,0,0,0,0,0,3,1,-1,6,1,59,9,-1,-1,-1,-1,9,E01019464,0,1
2025311563275,2025,311563275,1,9,0,-1,15,1,3,-1,0,1,0,0,0,0,1,1,-1,9,2,22,5,-1,-1,-1,-1,-1,-1,0,-1
2025311563275,2025,311563275,2,97,0,-1,15,1,3,-1,0,2,0,0,0,0,1,1,-1,9,1,16,4,-1,-1,-1,-1,-1,-1,0,-1
2025311563323,2025,311563323,1,9,0,-1,3,1,5,-1,0,0,0,0,0,0,3,2,-1,6,1,79,11,-1,-1,-1,-1,9,E01013981,0,1
2025311563351,2025,311563351,2,97,0,-1,19,3,6,-1,0,1,1,0,0,0,1,1,-1,9,1,17,4,-1,-1,-1,-1,3,E01013830,0,2
2025311563351,2025,311563351,1,9,0,-1,9,5,2,-1,0,6,0,0,0,0,2,1,-1,9,1,45,7,-1,-1,-1,-1,10,E01028379,0,2
2025311563389,2025,311563389,2,9,0,-1,2,0,0,-1,0,8,0,0,1,0,2,1,-1,6,-1,-1,-1,-1,-1,-1,-1,-1,-1,0,-1
2025311563389,2025,311563389,1,9,0,-1,19,2,5,-1,0,8,0,4,0,0,1,1,-1,6,2,47,8,-1,-1,-1,-1,2,E01013900,0,1
2025311563489,2025,311563489,2,1,0,-1,4,3,7,-1,9,0,0,0,0,0,1,1,-1,7,1,11,3,-1,-1,-1,-1,-1,-1,0,-1
2025311563489,2025,311563489,1,9,0,-1,19,1,5,-1,0,0,0,0,0,0,1,1,-1,7,1,17,4,-1,-1,-1,-1,9,E01028178,0,1
2025311563497,2025,311563497,1,9,0,-1,19,7,7,-1,0,1,0,0,0,0,1,9,-1,6,3,-1,-1,-1,-1,-1,-1,-1,-1,0,-1
2025311563592,2025,311563592,2,9,0,-1,7,3,5,-1,0,2,0,0,0,0,1,9,-1,6,1,25,5,-1,-1,-1,-1,-1,-1,0,-1
2025311563592,2025,311563592,1,9,0,-1,19,6,6,-1,0,8,0,0,0,0,1,2,-1,1,2,74,10,-1,-1,-1,-1,8,E01033389,0,1
2025311563791,2025,311563791,1,9,0,-1,5,1,5,-1,0,0,0,0,0,0,1,1,-1,6,1,24,5,-1,-1,-1,-1,10,E01025904,0,4
2025311563791,2025,311563791,2,1,0,-1,4,7,3,-1,0,0,0,0,0,0,1,1,-1,2,1,52,8,-1,-1,-1,-1,7,E01028085,0,1
2025311563834,2025,311563834,1,19,0,-1,19,3,7,-1,0,1,0,0,0,0,1,1,-1,1,1,62,9,-1,-1,-1,-1,-1,-1,0,-1
2025311563834,2025,311563834,2,9,0,-1,10,7,3,-1,0,5,1,0,1,0,4,1,-1,6,2,17,4,-1,-1,-1,-1,-1,-1,0,-1
2025311563855,2025,311563855,1,9,0,-1,19,5,1,-1,0,1,0,0,0,0,3,1,-1,9,2,23,5,-1,-1,-1,-1,-1,-1,0,-1
2025311563855,2025,311563855,2,9,0,-1,10,7,5,-1,0,1,0,0,0,0,1,1,-1,9,1,82,11,-1,-1,-1,-1,-1,-1,0,-1
2025311563890,2025,311563890,1,9,0,-1,9,1,5,-1,0,1,0,11,0,0,3,1,-1,9,2,17,4,-1,-1,-1,-1,-1,-1,0,-1
2025311563890,2025,311563890,2,9,0,-1,19,7,3,-1,0,6,0,11,0,0,1,1,-1,9,2,20,4,-1,-1,-1,-1,-1,-1,0,-1
2025311564049,2025,311564049,1,9,0,-1,5,3,7,-1,0,1,0,0,0,0,1,9,-1,6,3,33,6,-1,-1,-1,-1,-1,-1,0,-1
2025311564139,2025,311564139,1,10,-1,-1,-1,-1,-1,-1,-1,0,-1,-1,-1,0,-1,9,-1,1,1,46,8,-1,-1,-1,-1,-1,-1,0,-1
2025311564181,2025,311564181,2,90,0,-1,19,5,1,-1,0,4,0,0,0,0,1,1,-1,1,1,65,9,-1,-1,-1,-1,6,E01028037,0,3
2025311564181,2025,311564181,1,9,0,-1,7,7,1,-1,0,3,0,0,0,0,3,1,-1,1,2,25,5,-1,-1,-1,-1,7,E01026340,0,4
2025311564184,2025,311564184,2,9,0,-1,19,1,5,-1,0,0,0,0,0,0,1,1,-1,1,2,47,8,-1,-1,-1,-1,3,E01013310,0,4
2025311564184,2025,311564184,1,9,0,-1,19,5,1,-1,0,0,0,0,0,0,1,1,-1,6,1,39,7,-1,-1,-1,-1,-1,-1,0,-1
2025311564184,2025,311564184,3,9,0,-1,19,1,5,-1,0,0,0,0,0,0,2,1,-1,6,1,62,9,-1,-1,-1,-1,9,E01007631,0,4
2025311564185,2025,311564185,1,9,0,-1,19,6,6,-1,0,0,0,0,0,0,1,1,-1,6,2,48,8,-1,-1,-1,-1,-1,-1,0,-1
2025311564197,2025,311564197,1,9,0,-1,19,5,1,-1,-1,0,1,0,1,0,1,1,-1,6,1,82,11,-1,-1,-1,-1,10,E01028346,0,2
2025311564298,2025,311564298,1,9,0,-1,9,5,3,-1,0,1,0,0,0,0,1,2,-1,6,2,24,5,-1,-1,-1,-1,2,E01013905,0,1
2025311564298,2025,311564298,2,9,0,-1,19,1,5,-1,0,1,0,0,0,0,1,2,-1,2,2,25,5,-1,-1,-1,-1,10,E01028389,0,2
2025311564341,2025,311564341,1,9,0,-1,19,3,7,-1,0,0,0,0,0,0,4,9,-1,6,3,-1,-1,-1,-1,-1,-1,-1,-1,0,-1
2025311564502,2025,311564502,1,11,-1,-1,-1,-1,-1,-1,-1,-1,-1,-1,-1,0,-1,9,-1,1,3,-1,-1,-1,-1,-1,-1,-1,-1,0,-1
2025311564637,2025,311564637,1,9,0,-1,19,2,6,-1,0,8,0,0,0,0,3,1,-1,8,1,-1,-1,-1,-1,-1,-1,2,E01013870,0,1
2025311564637,2025,311564637,2,9,0,-1,19,1,5,-1,0,8,0,0,0,0,1,1,-1,9,1,42,7,-1,-1,-1,-1,4,E01013964,0,1
2025311564664,2025,311564664,1,9,0,-1,19,6,2,-1,0,0,0,0,0,0,4,1,-1,1,2,37,7,-1,-1,-1,-1,-1,-1,0,-1
2025311564664,2025,311564664,2,9,0,-1,5,7,2,-1,0,0,0,0,0,0,1,1,-1,7,2,46,8,-1,-1,-1,-1,3,E01013944,0,1
2025311564677,2025,311564677,1,9,0,-1,19,5,1,-1,0,0,0,0,0,0,4,1,-1,6,1,67,10,-1,-1,-1,-1,-1,-1,0,-1
2025311564729,2025,311564729,2,9,0,-1,7,7,2,-1,0,8,1,0,0,0,1,9,-1,6,3,30,6,-1,-1,-1,-1,-1,-1,0,-1
2025311564729,2025,311564729,1,9,0,-1,10,6,7,-1,0,1,0,0,0,0,1,1,-1,6,1,25,5,-1,-1,-1,-1,-1,-1,0,-1
2025311564756,2025,311564756,3,9,0,-1,2,0,0,-1,0,0,0,4,0,0,1,1,-1,6,-1,-1,-1,-1,-1,-1,-1,-1,-1,0,-1
2025311564756,2025,311564756,4,9,0,-1,2,0,0,-1,0,0,0,0,0,0,1,1,-1,6,-1,-1,-1,-1,-1,-1,-1,-1,-1,0,-1
2025311564756,2025,311564756,2,9,0,-1,2,0,0,-1,0,0,0,0,0,0,2,1,-1,6,-1,-1,-1,-1,-1,-1,-1,-1,-1,0,-1
2025311564756,2025,311564756,1,9,0,-1,19,3,8,-1,0,0,1,0,0,0,1,1,-1,6,1,32,6,-1,-1,-1,-1,-1,-1,0,-1
2025311564756,2025,311564756,5,9,0,-1,2,0,0,-1,0,0,0,4,0,0,1,1,-1,6,-1,-1,-1,-1,-1,-1,-1,-1,-1,0,-1