collision_index,collision_year,collision_ref_no,vehicle_reference,vehicle_type,towing_and_articulation,vehicle_manoeuvre_historic,vehicle_manoeuvre,vehicle_direction_from,vehicle_direction_to,vehicle_location_restricted_lane_historic,vehicle_location_restricted_lane,junction_location,skidding_and_overturning,hit_object_in_carriageway,vehicle_leaving_carriageway,hit_object_off_carriageway,first_point_of_impact,vehicle_left_hand_drive,journey_purpose_of_driver_historic,journey_purpose_of_driver,sex_of_driver,age_of_driver,age_band_of_driver,engine_capacity_cc,propulsion_code,age_of_vehicle,generic_make_model,driver_imd_decile,lsoa_of_driver,escooter_flag,driver_distance_banding
2025311564756,2025,311564756,6,9,0,-1,2,0,0,-1,0,0,0,4,0,0,2,1,-1,6,-1,-1,-1,-1,-1,-1,-1,-1,-1,0,-1
2025311564765,2025,311564765,1,9,0,-1,9,6,2,-1,0,0,2,0,1,0,0,1,-1,1,1,38,7,-1,-1,-1,-1,1,E01013880,0,3
2025311564770,2025,311564770,1,9,0,-1,4,3,7,-1,0,1,0,0,0,0,1,1,-1,6,1,41,7,-1,-1,-1,-1,6,E01034674,0,4
2025311564770,2025,311564770,2,9,0,-1,3,3,7,-1,0,1,0,0,0,0,2,1,-1,6,2,46,8,-1,-1,-1,-1,2,E01028313,0,3
2025311564796,2025,311564796,2,9,0,-1,4,3,7,-1,0,0,0,0,0,0,2,9,-1,6,2,53,8,-1,-1,-1,-1,-1,-1,0,-1
2025311564796,2025,311564796,1,9,0,-1,19,3,7,-1,0,0,0,0,0,0,1,9,-1,6,1,-1,-1,-1,-1,-1,-1,-1,-1,0,-1
2025311564817,2025,311564817,1,19,0,-1,19,1,4,-1,0,0,0,0,0,0,3,9,-1,6,3,-1,-1,-1,-1,-1,-1,-1,-1,0,-1
2025311564846,2025,311564846,1,9,0,-1,19,3,7,-1,0,0,0,0,0,0,1,9,-1,6,3,-1,-1,-1,-1,-1,-1,-1,-1,0,-1
2025311564893,2025,311564893,2,9,0,-1,19,3,5,-1,0,0,0,0,0,0,2,9,-1,6,2,76,11,-1,-1,-1,-1,3,E01028229,0,1
2025311564893,2025,311564893,1,19,0,-1,19,3,5,-1,0,0,0,0,0,0,1,9,-1,6,3,-1,-1,-1,-1,-1,-1,-1,-1,0,-1
2025311565219,2025,311565219,1,19,0,-1,7,3,1,-1,9,5,5,0,1,0,1,1,-1,6,1,63,9,-1,-1,-1,-1,5,E01028164,0,1
2025311565276,2025,311565276,2,1,0,-1,19,2,1,-1,0,0,0,0,0,0,3,1,-1,1,1,34,6,-1,-1,-1,-1,1,E01013948,0,1
2025311565276,2025,311565276,1,9,0,-1,19,2,1,-1,0,0,0,0,0,0,4,9,-1,6,3,-1,-1,-1,-1,-1,-1,-1,-1,0,-1
2025311565284,2025,311565284,2,9,0,-1,5,3,7,-1,0,7,0,0,0,0,4,1,-1,6,2,47,8,-1,-1,-1,-1,-1,-1,0,-1
2025311565284,2025,311565284,1,2,0,-1,19,2,4,-1,0,1,0,0,0,0,1,1,-1,1,1,22,5,-1,-1,-1,-1,-1,-1,0,-1
2025311565290,2025,311565290,1,97,0,-1,15,1,5,-1,0,8,1,7,0,0,4,1,-1,9,1,50,8,-1,-1,-1,-1,-1,-1,0,-1
2025311565290,2025,311565290,2,21,0,-1,5,1,5,-1,0,2,0,0,0,0,3,2,-1,1,1,53,8,-1,-1,-1,-1,-1,-1,0,-1
2025311565333,2025,311565333,2,8,0,-1,19,2,6,-1,0,1,0,0,0,0,1,2,-1,1,1,50,8,-1,-1,-1,-1,-1,-1,0,-1
2025311565333,2025,311565333,1,9,0,-1,9,7,3,-1,0,5,0,0,0,0,4,1,-1,6,1,56,9,-1,-1,-1,-1,-1,-1,0,-1
2025311565369,2025,311565369,2,9,0,-1,5,5,2,-1,0,8,0,0,0,0,1,1,-1,9,1,23,5,-1,-1,-1,-1,3,E01028225,0,1
2025311565369,2025,311565369,1,9,0,-1,19,3,7,-1,0,8,0,0,7,10,1,1,-1,9,1,69,10,-1,-1,-1,-1,-1,-1,0,-1
2025311565482,2025,311565482,1,9,0,-1,9,7,5,-1,0,2,0,0,0,0,1,1,-1,2,1,41,7,-1,-1,-1,-1,-1,-1,0,-1
2025311565482,2025,311565482,2,23,0,-1,19,3,7,-1,0,8,0,0,0,0,1,1,-1,2,1,26,6,-1,-1,-1,-1,2,E01013933,0,1
2025311565491,2025,311565491,2,9,-1,-1,4,1,5,-1,0,0,0,0,0,0,1,9,-1,6,2,-1,-1,-1,-1,-1,-1,-1,-1,0,-1
2025311565491,2025,311565491,1,9,-1,-1,4,1,5,-1,0,0,0,0,0,0,-1,9,-1,6,1,47,8,-1,-1,-1,-1,9,E01028360,0,3
2025311565510,2025,311565510,2,98,0,-1,19,3,7,-1,0,1,0,0,0,0,1,1,-1,2,1,50,8,-1,-1,-1,-1,-1,-1,0,-1
2025311565510,2025,311565510,1,9,0,-1,19,3,7,-1,0,4,0,0,0,0,2,1,-1,6,2,23,5,-1,-1,-1,-1,5,E01026298,0,4
2025311565844,2025,311565844,1,9,0,-1,3,1,5,-1,0,0,0,0,0,0,2,2,-1,6,1,28,6,-1,-1,-1,-1,7,E01013977,0,1
2025311565844,2025,311565844,2,9,0,-1,3,1,5,-1,0,0,0,0,0,0,1,1,-1,6,1,25,5,-1,-1,-1,-1,3,E01035506,0,1
2025311565937,2025,311565937,1,9,0,-1,19,1,5,-1,0,1,0,0,0,0,1,1,-1,6,1,30,6,-1,-1,-1,-1,-1,-1,0,-1
2025311566052,2025,311566052,1,9,0,-1,19,5,8,-1,0,0,0,0,0,0,1,1,-1,9,2,77,11,-1,-1,-1,-1,3,E01033781,0,1
2025311566139,2025,311566139,2,9,0,-1,4,8,4,-1,0,0,0,0,0,0,2,1,-1,2,1,39,7,-1,-1,-1,-1,4,E01027945,0,1
2025311566139,2025,311566139,1,98,0,-1,4,8,4,-1,0,0,0,0,0,0,1,1,-1,1,1,32,6,-1,-1,-1,-1,6,E01027946,0,1
2025311566184,2025,311566184,2,9,0,-1,10,4,2,-1,0,1,0,0,0,0,4,9,-1,6,1,63,9,-1,-1,-1,-1,2,E01033392,0,1
2025311566184,2025,311566184,1,9,0,-1,19,4,8,-1,0,1,0,0,0,0,3,9,-1,6,3,-1,-1,-1,-1,-1,-1,-1,-1,0,-1
2025311566186,2025,311566186,1,9,0,-1,19,6,2,-1,9,0,0,0,1,1,1,1,-1,2,1,23,5,-1,-1,-1,-1,-1,-1,0,-1
2025311566291,2025,311566291,1,9,0,-1,5,1,3,-1,0,0,0,0,0,0,1,1,-1,9,2,78,11,-1,-1,-1,-1,10,E01028222,0,1
2025311566510,2025,311566510,1,9,0,-1,9,5,8,-1,9,0,1,0,7,11,1,1,-1,9,1,36,7,-1,-1,-1,-1,6,E01028323,0,1
2025311566558,2025,311566558,1,9,0,-1,19,2,5,-1,0,0,0,0,0,0,1,1,-1,6,2,36,7,-1,-1,-1,-1,2,E01013813,0,1
2025311566575,2025,311566575,1,9,0,-1,19,2,2,-1,0,0,0,0,0,0,4,9,-1,6,2,-1,-1,-1,-1,-1,-1,-1,-1,0,-1
2025311566575,2025,311566575,2,9,0,-1,2,2,2,-1,0,0,0,0,0,0,3,9,-1,6,1,49,8,-1,-1,-1,-1,5,E01013931,0,1
2025311566626,2025,311566626,1,9,0,-1,19,1,1,-1,0,1,0,0,0,0,4,1,-1,1,2,45,7,-1,-1,-1,-1,3,E01028248,0,1
2025311566667,2025,311566667,2,9,0,-1,4,5,1,-1,0,1,0,0,0,0,2,1,-1,2,2,36,7,-1,-1,-1,-1,-1,-1,0,-1
2025311566667,2025,311566667,1,9,0,-1,19,5,1,-1,0,1,0,0,0,0,1,1,-1,6,3,30,6,-1,-1,-1,-1,-1,-1,0,-1
2025311566667,2025,311566667,3,9,0,-1,2,5,1,-1,0,1,0,0,0,0,2,1,-1,2,2,35,6,-1,-1,-1,-1,-1,-1,0,-1
2025311566792,2025,311566792,2,9,0,-1,7,5,7,-1,0,6,0,0,0,0,3,1,-1,6,2,38,7,-1,-1,-1,-1,7,E01028157,0,1
2025311566792,2025,311566792,1,9,0,-1,19,3,7,-1,0,6,0,0,0,0,1,1,-1,1,1,40,7,-1,-1,-1,-1,1,E01013948,0,1
2025311566796,2025,311566796,1,9,0,-1,12,1,3,-1,0,0,0,0,0,0,3,1,-1,2,2,51,8,-1,-1,-1,-1,2,E01028284,0,3
2025311566796,2025,311566796,2,21,4,-1,9,1,1,-1,0,0,0,0,0,0,4,1,-1,1,1,31,6,-1,-1,-1,-1,4,E01028036,0,4
2025311566926,2025,311566926,2,9,0,-1,19,8,4,-1,0,0,0,0,0,0,1,1,-1,6,2,75,10,-1,-1,-1,-1,-1,-1,0,-1
2025311566926,2025,311566926,1,9,0,-1,19,4,8,-1,0,0,0,0,0,0,1,1,-1,6,2,30,6,-1,-1,-1,-1,-1,-1,0,-1
2025311566941,2025,311566941,1,9,0,-1,19,5,1,-1,0,8,0,0,0,0,1,1,-1,6,2,38,7,-1,-1,-1,-1,-1,-1,0,-1
2025311566995,2025,311566995,2,1,0,-1,15,4,8,-1,0,8,2,0,0,0,1,1,-1,6,1,21,5,-1,-1,-1,-1,-1,-1,0,-1
2025311566995,2025,311566995,1,9,0,-1,9,4,8,-1,0,1,0,0,0,0,3,1,-1,9,1,31,6,-1,-1,-1,-1,-1,-1,0,-1
2025311567036,2025,311567036,1,-1,0,-1,19,3,8,-1,0,8,0,0,3,0,3,1,-1,6,1,43,7,-1,-1,-1,-1,5,E01027998,1,3
2025311567036,2025,311567036,2,9,0,-1,19,1,5,-1,0,4,0,0,0,0,1,1,-1,6,1,25,5,-1,-1,-1,-1,10,E01035510,0,2
2025311567129,2025,311567129,2,98,-1,-1,-1,-1,-1,-1,-1,0,-1,-1,-1,0,-1,9,-1,1,1,56,9,-1,-1,-1,-1,-1,-1,0,-1
2025311567129,2025,311567129,1,9,-1,-1,4,1,2,-1,0,0,0,0,0,0,2,9,-1,6,1,51,8,-1,-1,-1,-1,-1,-1,0,-1
2025311567130,2025,311567130,1,11,0,-1,19,1,5,-1,0,0,0,0,0,0,0,1,-1,1,1,22,5,-1,-1,-1,-1,2,E01028257,0,4
2025311567142,2025,311567142,4,9,0,-1,19,8,4,-1,0,0,0,0,0,0,1,1,-1,6,1,84,11,-1,-1,-1,-1,-1,-1,0,-1
2025311567142,2025,311567142,1,9,0,-1,19,8,4,-1,0,0,0,0,0,0,1,1,-1,6,1,31,6,-1,-1,-1,-1,-1,-1,0,-1
2025311567142,2025,311567142,2,9,0,-1,19,4,8,-1,0,0,0,0,0,0,1,1,-1,6,1,38,7,-1,-1,-1,-1,-1,-1,0,-1
2025311567142,2025,311567142,3,90,0,-1,19,8,4,-1,0,0,0,0,0,0,3,1,-1,1,1,33,6,-1,-1,-1,-1,-1,-1,0,-1
2025311567164,2025,311567164,1,9,0,-1,4,1,5,-1,0,1,0,0,0,0,2,9,-1,6,2,-1,-1,-1,-1,-1,-1,-1,-1,0,-1
2025311567164,2025,311567164,2,9,0,-1,19,1,5,-1,0,1,0,0,0,0,1,9,-1,6,2,50,8,-1,-1,-1,-1,-1,-1,0,-1
2025311567232,2025,311567232,1,9,0,-1,7,1,4,-1,0,8,0,0,0,0,1,1,-1,6,2,55,8,-1,-1,-1,-1,3,E01013983,0,1
2025311567243,2025,311567243,1,3,0,-1,5,4,2,-1,0,3,0,0,0,0,4,1,-1,9,2,69,10,-1,-1,-1,-1,8,E01028058,0,2
2025311567253,2025,311567253,2,1,0,-1,19,1,5,-1,0,4,1,0,0,0,0,1,-1,2,1,33,6,-1,-1,-1,-1,-1,-1,0,-1
2025311567253,2025,311567253,1,9,0,-1,19,3,7,-1,0,4,0,0,0,0,0,9,-1,6,3,-1,-1,-1,-1,-1,-1,-1,-1,0,-1
2025311567335,2025,311567335,2,9,0,-1,19,3,7,-1,0,1,0,0,0,0,1,1,-1,9,2,27,6,-1,-1,-1,-1,10,E01005792,0,4
2025311567335,2025,311567335,1,9,0,-1,19,5,1,-1,0,1,0,0,0,0,3,1,-1,9,2,36,7,-1,-1,-1,-1,1,E01013824,0,1
2025311567515,2025,311567515,2,9,0,-1,3,8,5,-1,0,1,0,0,0,0,2,1,-1,1,2,44,7,-1,-1,-1,-1,6,E01028109,0,2
2025311567515,2025,311567515,1,9,0,-1,9,8,8,-1,0,8,0,4,0,0,1,1,-1,6,1,28,6,-1,-1,-1,-1,1,E01013860,0,1
2025311567679,2025,311567679,1,9,0,-1,19,1,5,-1,0,0,0,0,0,0,1,1,-1,6,1,65,9,-1,-1,-1,-1,-1,-1,0,-1
2025311567828,2025,311567828,1,9,0,-1,7,8,2,-1,0,8,0,0,0,0,3,1,-1,2,1,50,8,-1,-1,-1,-1,-1,-1,0,-1
2025311567828,2025,311567828,2,9,0,-1,19,6,2,-1,0,8,0,0,0,0,1,1,-1,2,1,23,5,-1,-1,-1,-1,-1,-1,0,-1
2025311567833,2025,311567833,1,9,0,-1,19,3,7,-1,0,0,1,0,0,0,1,1,-1,6,1,45,7,-1,-1,-1,-1,4,E01028343,0,3
2025311567833,2025,311567833,2,9,0,-1,13,7,8,-1,0,0,1,10,1,0,1,1,-1,6,1,28,6,-1,-1,-1,-1,-1,-1,0,-1
2025311567873,2025,311567873,2,9,0,-1,2,0,0,-1,0,2,0,0,0,0,3,1,-1,9,1,75,10,-1,-1,-1,-1,-1,-1,0,-1
2025311567873,2025,311567873,1,9,0,-1,19,7,3,-1,0,1,1,4,0,0,1,1,-1,9,2,77,11,-1,-1,-1,-1,-1,-1,0,-1
2025311567941,2025,311567941,1,9,0,-1,3,1,5,-1,0,0,0,0,0,0,2,1,-1,6,1,51,8,-1,-1,-1,-1,2,E01013905,0,2
2025311567941,2025,311567941,2,9,0,-1,4,1,5,-1,0,0,0,0,0,0,1,1,-1,6,1,20,4,-1,-1,-1,-1,8,E01035236,0,5
2025311567962,2025,311567962,2,9,0,-1,19,8,4,-1,0,0,0,0,0,0,1,1,-1,9,1,35,6,-1,-1,-1,-1,-1,-1,0,-1
2025311567962,2025,311567962,1,1,0,-1,7,3,5,-1,0,0,2,0,0,0,3,1,-1,9,1,17,4,-1,-1,-1,-1,-1,-1,0,-1
2025311567993,2025,311567993,1,11,0,-1,2,0,0,-1,2,0,0,0,0,0,0,1,-1,1,2,62,9,-1,-1,-1,-1,1,E01013920,0,2
2025311568308,2025,311568308,1,1,0,-1,19,7,3,-1,0,8,0,11,0,0,1,1,-1,6,3,25,5,-1,-1,-1,-1,-1,-1,0,-1
2025311568492,2025,311568492,1,9,0,-1,3,3,7,-1,0,1,0,0,0,0,1,1,-1,6,1,36,7,-1,-1,-1,-1,-1,-1,0,-1
2025311568492,2025,311568492,2,9,0,-1,1,7,3,-1,0,1,0,0,0,0,2,1,-1,6,1,29,6,-1,-1,-1,-1,-1,-1,0,-1
2025311568518,2025,311568518,1,9,0,-1,19,5,8,-1,0,1,0,0,0,0,1,1,-1,6,2,35,6,-1,-1,-1,-1,5,E01028333,0,1
2025311568518,2025,311568518,2,9,0,-1,9,6,4,-1,0,8,0,0,0,0,1,1,-1,6,3,21,5,-1,-1,-1,-1,-1,-1,0,-1
2025311568525,2025,311568525,1,9,0,-1,11,6,2,-1,0,8,0,0,0,0,4,1,-1,6,1,51,8,-1,-1,-1,-1,1,E01007655,0,4
2025311568525,2025,311568525,2,9,0,-1,19,6,2,-1,0,8,0,0,0,0,3,1,-1,9,1,29,6,-1,-1,-1,-1,5,E01013931,0,1
2025311568561,2025,311568561,1,9,0,-1,5,6,2,-1,9,0,0,0,0,0,1,1,-1,6,1,78,11,-1,-1,-1,-1,6,E01028312,0,1
2025311568562,2025,311568562,1,11,0,-1,4,3,7,-1,0,0,0,0,0,0,0,1,-1,1,1,34,6,-1,-1,-1,-1,5,E01028076,0,1
2025311568624,2025,311568624,1,9,0,-1,5,3,7,-1,0,0,0,0,0,0,4,9,-1,6,3,-1,-1,-1,-1,-1,-1,-1,-1,0,-1
2025311568624,2025,311568624,2,1,0,-1,5,3,7,-1,0,0,0,0,0,0,3,1,-1,6,1,44,7,-1,-1,-1,-1,-1,-1,0,-1
2025311568808,2025,311568808,2,9,0,-1,9,7,5,-1,0,0,0,0,3,0,3,1,-1,9,1,36,7,-1,-1,-1,-1,9,E01028375,0,1
2025311568808,2025,311568808,1,9,0,-1,19,5,1,-1,0,0,0,0,1,0,1,1,-1,9,1,19,4,-1,-1,-1,-1,5,E01013931,0,2
2025311568817,2025,311568817,1,9,0,-1,19,1,5,-1,0,8,0,0,0,0,1,1,-1,6,1,21,5,-1,-1,-1,-1,2,E01013852,0,1
2025311568817,2025,311568817,2,9,0,-1,19,1,5,-1,0,8,0,0,0,0,2,1,-1,6,1,71,10,-1,-1,-1,-1,-1,-1,0,-1
2025311568877,2025,311568877,1,9,0,-1,19,5,1,-1,0,0,0,0,0,0,1,1,-1,1,2,35,6,-1,-1,-1,-1,5,E01028042,0,1
2025311568888,2025,311568888,1,11,0,-1,4,3,7,-1,0,0,0,0,0,0,0,2,-1,1,1,59,9,-1,-1,-1,-1,6,E01013895,0,1
2025311568897,2025,311568897,2,1,0,-1,-1,-1,-1,-1,-1,-1,-1,-1,-1,0,-1,1,-1,6,1,16,4,-1,-1,-1,-1,-1,-1,0,-1
2025311568897,2025,311568897,1,9,0,-1,5,1,3,-1,0,2,0,0,0,0,1,1,-1,6,1,45,7,-1,-1,-1,-1,6,E01028205,0,1
2025311568920,2025,311568920,2,9,0,-1,3,1,5,-1,0,0,0,0,0,0,2,1,-1,6,3,-1,-1,-1,-1,-1,-1,-1,-1,0,-1
2025311568920,2025,311568920,1,19,0,-1,3,1,5,-1,0,0,0,0,0,0,1,1,-1,6,2,46,8,-1,-1,-1,-1,3,E01028187,0,1
2025311568927,2025,311568927,2,19,0,-1,19,3,7,-1,0,0,0,0,0,0,1,1,-1,6,3,-1,-1,-1,-1,-1,-1,-1,-1,0,-1
2025311568927,2025,311568927,1,9,0,-1,19,3,7,-1,0,0,0,0,0,0,1,1,-1,6,1,48,8,-1,-1,-1,-1,2,E01033392,0,1
2025311568955,2025,311568955,1,20,0,-1,5,5,1,-1,0,0,0,0,0,0,1,1,-1,1,1,62,9,-1,-1,-1,-1,-1,-1,0,-1
2025311568999,2025,311568999,2,9,0,-1,19,7,3,-1,0,1,0,0,0,0,1,1,-1,9,2,43,7,-1,-1,-1,-1,10,E01028403,0,1
2025311568999,2025,311568999,1,9,0,-1,19,4,8,-1,0,6,0,0,0,0,3,1,-1,6,1,73,10,-1,-1,-1,-1,9,E01028200,0,3
2025311569106,2025,311569106,2,9,0,-1,4,3,7,-1,0,0,0,0,0,0,1,1,-1,6,2,22,5,-1,-1,-1,-1,4,E01026190,0,4
2025311569106,2025,311569106,3,9,0,-1,4,3,7,-1,0,0,0,0,0,0,2,1,-1,6,2,52,8,-1,-1,-1,-1,10,E01028395,0,2
2025311569106,2025,311569106,5,9,0,-1,3,3,7,-1,0,0,0,0,0,0,2,1,-1,6,1,32,6,-1,-1,-1,-1,6,E01028392,0,1
2025311569106,2025,311569106,4,19,0,-1,4,3,7,-1,0,0,0,0,0,0,2,1,-1,6,1,21,5,-1,-1,-1,-1,9,E01028419,0,2
2025311569106,2025,311569106,1,9,0,-1,4,3,7,-1,0,0,0,0,0,0,2,1,-1,6,2,28,6,-1,-1,-1,-1,2,E01013906,0,2
2025311569135,2025,311569135,1,11,0,-1,5,3,7,-1,0,0,0,0,0,0,0,1,-1,1,1,35,6,-1,-1,-1,-1,-1,-1,0,-1
2025311569136,2025,311569136,1,9,0,-1,19,4,8,-1,0,0,1,4,0,0,1,1,-1,9,1,43,7,-1,-1,-1,-1,2,E01028233,0,1
2025311569136,2025,311569136,2,9,0,-1,2,0,0,-1,0,0,0,0,0,0,1,1,-1,6,-1,-1,-1,-1,-1,-1,-1,-1,-1,0,-1
2025311569136,2025,311569136,3,9,0,-1,2,0,0,-1,0,0,0,0,0,0,1,1,-1,6,-1,-1,-1,-1,-1,-1,-1,-1,-1,0,-1
2025311569155,2025,311569155,1,11,0,-1,19,6,2,-1,0,0,0,0,0,0,1,1,-1,1,1,33,6,-1,-1,-1,-1,1,E01013909,0,2
2025311569225,2025,311569225,1,9,0,-1,19,1,8,-1,0,0,1,0,0,0,1,1,-1,2,2,61,9,-1,-1,-1,-1,-1,-1,0,-1
2025311569225,2025,311569225,2,9,0,-1,19,3,3,-1,0,0,0,0,0,0,1,1,-1,2,1,42,7,-1,-1,-1,-1,-1,-1,0,-1
2025311569314,2025,311569314,2,98,0,-1,8,7,3,-1,0,0,0,0,0,0,2,9,-1,1,-1,-1,-1,-1,-1,-1,-1,-1,-1,0,-1
2025311569314,2025,311569314,1,19,0,-1,8,7,3,-1,0,0,0,0,0,0,1,9,-1,1,1,27,6,-1,-1,-1,-1,9,E01025971,0,4
2025311569561,2025,311569561,2,9,0,-1,19,7,3,-1,0,1,0,0,0,0,1,1,-1,1,2,35,6,-1,-1,-1,-1,-1,-1,0,-1
2025311569561,2025,311569561,1,9,0,-1,19,1,5,-1,0,6,0,0,0,0,3,1,-1,1,1,24,5,-1,-1,-1,-1,-1,-1,0,-1
2025311569605,2025,311569605,1,9,0,-1,19,7,3,-1,0,0,0,0,0,0,1,1,-1,6,1,18,4,-1,-1,-1,-1,2,E01028026,0,1
2025311569605,2025,311569605,2,9,0,-1,19,7,3,-1,0,0,0,0,0,0,1,1,-1,6,1,54,8,-1,-1,-1,-1,-1,-1,0,-1
2025311569691,2025,311569691,1,11,0,-1,5,1,5,-1,0,1,0,0,0,0,1,1,-1,1,1,-1,-1,-1,-1,-1,-1,-1,-1,0,-1
2025311569691,2025,311569691,2,9,0,-1,14,1,5,-1,0,1,0,0,0,0,4,1,-1,6,1,34,6,-1,-1,-1,-1,-1,-1,0,-1
2025311569732,2025,311569732,2,9,0,-1,19,5,1,-1,0,1,1,0,7,0,4,1,-1,1,1,34,6,-1,-1,-1,-1,5,E01028189,0,4
2025311569732,2025,311569732,1,9,0,-1,9,5,1,-1,0,1,1,0,7,0,3,1,-1,9,2,30,6,-1,-1,-1,-1,8,E01028303,0,1
2025311569759,2025,311569759,1,9,0,-1,13,4,2,-1,0,1,0,0,0,0,4,1,-1,9,1,33,6,-1,-1,-1,-1,-1,-1,0,-1
2025311569759,2025,311569759,2,9,0,-1,19,4,2,-1,0,1,0,0,0,0,3,1,-1,2,1,28,6,-1,-1,-1,-1,-1,-1,0,-1
2025311569824,2025,311569824,1,5,0,-1,19,3,7,-1,0,0,0,0,0,0,1,1,-1,1,1,34,6,-1,-1,-1,-1,9,E01028178,0,1
2025311569824,2025,311569824,2,9,0,-1,10,3,7,-1,0,0,0,0,0,0,2,1,-1,9,2,38,7,-1,-1,-1,-1,3,E01013843,0,1
2025311569914,2025,311569914,2,97,0,-1,19,2,3,-1,0,0,2,0,0,0,1,1,-1,9,1,19,4,-1,-1,-1,-1,4,E01028130,0,1
2025311569914,2025,311569914,1,9,0,-1,1,5,4,-1,0,0,0,0,0,0,2,1,-1,9,1,81,11,-1,-1,-1,-1,8,E01028096,0,1
2025311569922,2025,311569922,1,19,0,-1,3,7,3,-1,0,1,0,0,0,0,2,1,-1,9,1,60,9,-1,-1,-1,-1,-1,-1,0,-1
2025311569922,2025,311569922,2,21,1,-1,19,7,3,-1,0,1,1,4,0,0,1,1,-1,1,1,38,7,-1,-1,-1,-1,9,E01033173,0,4
2025311570006,2025,311570006,2,9,0,-1,19,1,5,-1,0,2,0,0,0,0,4,1,-1,6,1,23,5,-1,-1,-1,-1,-1,-1,0,-1
2025311570006,2025,311570006,1,90,0,-1,19,3,7,-1,0,8,5,0,0,0,1,9,-1,6,1,17,4,-1,-1,-1,-1,-1,-1,0,-1
2025311570017,2025,311570017,2,1,0,-1,19,3,7,-1,0,8,0,0,0,0,3,1,-1,1,1,41,7,-1,-1,-1,-1,9,E01028292,0,3
2025311570017,2025,311570017,1,19,0,-1,9,7,3,-1,0,5,0,0,0,0,1,9,-1,1,1,-1,-1,-1,-1,-1,-1,-1,-1,0,-1
2025311570272,2025,311570272,2,19,0,-1,19,4,8,-1,0,0,1,0,0,0,1,1,-1,2,1,32,6,-1,-1,-1,-1,6,E01028322,0,2
2025311570272,2025,311570272,1,19,0,-1,4,4,8,-1,0,0,0,0,0,0,2,1,-1,2,1,35,6,-1,-1,-1,-1,3,E01028223,0,3
2025311570298,2025,311570298,1,9,0,-1,9,7,3,-1,0,5,1,0,0,0,4,1,-1,9,2,48,8,-1,-1,-1,-1,-1,-1,0,-1
2025311570298,2025,311570298,2,9,0,-1,19,1,5,-1,0,1,0,0,0,0,1,1,-1,6,1,44,7,-1,-1,-1,-1,-1,-1,0,-1
2025311570352,2025,311570352,1,9,0,-1,19,8,4,-1,0,2,0,10,1,4,1,1,-1,6,1,16,4,-1,-1,-1,-1,3,E01033400,0,1
2025311570375,2025,311570375,1,9,0,-1,-1,-1,-1,-1,-1,0,-1,-1,-1,0,-1,2,-1,6,1,48,8,-1,-1,-1,-1,-1,-1,0,-1
2025311570375,2025,311570375,2,1,0,-1,19,5,1,-1,4,0,0,0,0,0,4,1,-1,1,1,38,7,-1,-1,-1,-1,-1,-1,0,-1
2025311570411,2025,311570411,2,9,0,-1,9,7,4,-1,0,8,0,0,0,0,4,1,-1,9,2,17,4,-1,-1,-1,-1,6,E01028336,0,3
2025311570411,2025,311570411,1,9,0,-1,19,3,7,-1,0,8,0,0,0,0,1,1,-1,9,2,65,9,-1,-1,-1,-1,7,E01028168,0,1
2025311570434,2025,311570434,3,9,0,-1,19,8,4,-1,0,0,0,0,0,0,1,1,-1,9,1,50,8,-1,-1,-1,-1,-1,-1,0,-1
2025311570434,2025,311570434,1,9,0,-1,13,4,8,-1,0,0,0,0,1,0,1,1,-1,9,1,19,4,-1,-1,-1,-1,-1,-1,0,-1
2025311570434,2025,311570434,2,9,0,-1,19,8,4,-1,0,0,0,0,1,9,1,1,-1,9,1,-1,-1,-1,-1,-1,-1,-1,-1,0,-1
2025311570436,2025,311570436,1,9,0,-1,19,7,3,-1,0,0,2,0,1,1,1,1,-1,9,1,21,5,-1,-1,-1,-1,-1,-1,0,-1
2025311570483,2025,311570483,1,9,0,-1,19,5,1,-1,0,8,0,0,3,0,4,1,-1,9,1,36,7,-1,-1,-1,-1,1,E01028275,0,2
2025311570483,2025,311570483,2,9,0,-1,19,7,3,-1,0,1,0,0,0,0,1,1,-1,6,1,59,9,-1,-1,-1,-1,-1,-1,0,-1
2025311570488,2025,311570488,1,9,0,-1,19,5,1,-1,0,0,0,0,0,0,1,9,-1,6,1,-1,-1,-1,-1,-1,-1,-1,-1,0,-1
2025311570488,2025,311570488,2,1,-1,-1,19,5,1,-1,0,0,0,0,0,0,2,1,-1,6,2,49,8,-1,-1,-1,-1,6,E01028372,0,1
2025311570496,2025,311570496,1,9,0,-1,19,4,8,-1,0,0,0,0,0,0,3,9,-1,1,1,47,8,-1,-1,-1,-1,-1,-1,0,-1
2025311570522,2025,311570522,1,97,0,-1,9,5,3,-1,0,3,5,0,0,0,4,1,-1,6,1,60,9,-1,-1,-1,-1,-1,-1,0,-1
2025311570522,2025,311570522,2,9,0,-1,19,1,7,-1,0,4,0,0,0,0,1,1,-1,6,2,23,5,-1,-1,-1,-1,-1,-1,0,-1
2025311570585,2025,311570585,1,9,0,-1,1,1,5,-1,0,1,0,4,0,0,2,9,-1,1,1,-1,-1,-1,-1,-1,-1,-1,-1,0,-1
2025311570585,2025,311570585,2,9,0,-1,2,0,0,-1,0,1,0,0,0,0,1,9,-1,6,3,-1,-1,-1,-1,-1,-1,-1,-1,0,-1
2025311570594,2025,311570594,2,9,0,-1,4,6,2,-1,0,0,0,0,0,0,2,1,-1,9,1,61,9,-1,-1,-1,-1,7,E01026193,0,3
2025311570594,2025,311570594,1,1,0,-1,19,6,2,-1,0,0,5,11,0,0,1,1,-1,9,1,51,8,-1,-1,-1,-1,7,E01028021,0,4
2025311570658,2025,311570658,2,9,0,-1,13,1,5,-1,0,0,0,0,0,0,4,1,-1,6,1,44,7,-1,-1,-1,-1,1,E01028274,0,1
2025311570658,2025,311570658,1,9,0,-1,19,1,5,-1,0,0,0,0,0,0,3,1,-1,7,3,35,6,-1,-1,-1,-1,1,E01028261,0,1