collision_index,collision_year,collision_ref_no,vehicle_reference,vehicle_type,towing_and_articulation,vehicle_manoeuvre_historic,vehicle_manoeuvre,vehicle_direction_from,vehicle_direction_to,vehicle_location_restricted_lane_historic,vehicle_location_restricted_lane,junction_location,skidding_and_overturning,hit_object_in_carriageway,vehicle_leaving_carriageway,hit_object_off_carriageway,first_point_of_impact,vehicle_left_hand_drive,journey_purpose_of_driver_historic,journey_purpose_of_driver,sex_of_driver,age_of_driver,age_band_of_driver,engine_capacity_cc,propulsion_code,age_of_vehicle,generic_make_model,driver_imd_decile,lsoa_of_driver,escooter_flag,driver_distance_banding
2025311570682,2025,311570682,1,9,0,-1,5,1,5,-1,0,1,0,0,0,0,1,1,-1,9,2,55,8,-1,-1,-1,-1,5,E01028317,0,3
2025311570682,2025,311570682,2,9,0,-1,5,5,1,-1,0,1,0,0,0,0,1,1,-1,9,2,64,9,-1,-1,-1,-1,4,E01005362,0,5
2025311570688,2025,311570688,1,9,0,-1,4,1,5,-1,0,8,0,0,0,0,4,1,-1,9,2,65,9,-1,-1,-1,-1,1,E01027974,0,1
2025311570688,2025,311570688,2,9,0,-1,1,7,3,-1,0,1,0,0,0,0,2,1,-1,9,2,28,6,-1,-1,-1,-1,2,E01028231,0,1
2025311570703,2025,311570703,3,9,0,-1,15,1,1,-1,0,0,0,0,0,0,0,1,-1,6,-1,18,4,-1,-1,-1,-1,-1,-1,0,-1
2025311570703,2025,311570703,1,21,1,-1,13,1,1,-1,0,0,0,0,0,0,3,1,-1,1,1,36,7,-1,-1,-1,-1,-1,-1,0,-1
2025311570703,2025,311570703,2,9,0,-1,13,1,1,-1,0,0,0,0,0,0,1,1,-1,9,2,49,8,-1,-1,-1,-1,-1,-1,0,-1
2025311570773,2025,311570773,2,8,0,-1,3,5,2,-1,0,0,0,0,0,0,2,1,-1,1,1,39,7,-1,-1,-1,-1,-1,-1,0,-1
2025311570773,2025,311570773,1,9,0,-1,3,5,2,-1,0,0,0,0,0,0,1,1,-1,6,1,29,6,-1,-1,-1,-1,4,E01028111,0,1
2025311571008,2025,311571008,2,9,0,-1,19,3,1,-1,0,3,0,0,7,0,3,1,-1,9,1,75,10,-1,-1,-1,-1,-1,-1,0,-1
2025311571008,2025,311571008,1,5,0,-1,19,3,1,-1,0,3,0,0,7,0,4,1,-1,9,1,29,6,-1,-1,-1,-1,9,E01028360,0,1
2025311571020,2025,311571020,4,9,0,-1,2,0,0,-1,0,0,0,4,0,0,1,1,-1,6,-1,-1,-1,-1,-1,-1,-1,-1,-1,0,-1
2025311571020,2025,311571020,1,9,0,-1,5,2,5,-1,9,0,0,4,1,11,1,1,-1,9,2,72,10,-1,-1,-1,-1,8,E01028010,0,1
2025311571020,2025,311571020,2,9,0,-1,2,0,0,-1,0,0,0,0,0,0,1,1,-1,6,-1,-1,-1,-1,-1,-1,-1,-1,-1,0,-1
2025311571020,2025,311571020,3,9,0,-1,2,0,0,-1,0,0,0,4,0,0,1,1,-1,6,-1,-1,-1,-1,-1,-1,-1,-1,-1,0,-1
2025311571046,2025,311571046,2,9,0,-1,19,3,6,-1,0,0,0,10,1,0,1,1,-1,9,1,19,4,-1,-1,-1,-1,7,E01025937,0,4
2025311571046,2025,311571046,1,9,0,-1,19,3,7,-1,0,0,0,0,0,0,2,1,-1,9,2,56,9,-1,-1,-1,-1,6,E01005863,0,4
2025311571047,2025,311571047,2,1,0,-1,9,2,6,-1,0,0,0,0,0,0,1,1,-1,6,1,18,4,-1,-1,-1,-1,1,E01028226,0,1
2025311571047,2025,311571047,1,9,0,-1,15,2,6,-1,0,0,0,0,0,0,4,1,-1,6,1,18,4,-1,-1,-1,-1,3,E01028224,0,1
2025311571120,2025,311571120,1,9,0,-1,19,3,7,-1,0,1,0,0,1,0,4,1,-1,6,3,30,6,-1,-1,-1,-1,-1,-1,0,-1
2025311571202,2025,311571202,1,9,0,-1,3,4,8,-1,0,0,0,0,0,0,1,2,-1,6,1,35,6,-1,-1,-1,-1,-1,-1,0,-1
2025311571202,2025,311571202,2,8,0,-1,7,8,7,-1,0,0,0,0,0,0,2,1,-1,1,1,35,6,-1,-1,-1,-1,-1,-1,0,-1
2025311571291,2025,311571291,2,9,0,-1,2,0,0,-1,0,0,0,0,0,0,2,2,-1,6,1,31,6,-1,-1,-1,-1,6,E01027946,0,1
2025311571291,2025,311571291,1,9,0,-1,19,5,4,-1,0,0,0,4,0,0,1,2,-1,6,2,83,11,-1,-1,-1,-1,4,E01027960,0,1
2025311571377,2025,311571377,1,3,0,-1,19,7,4,-1,0,1,0,0,0,0,4,1,-1,9,1,17,4,-1,-1,-1,-1,-1,-1,0,-1
2025311571377,2025,311571377,2,9,0,-1,5,2,7,-1,0,1,0,0,0,0,1,1,-1,6,1,45,7,-1,-1,-1,-1,-1,-1,0,-1
2025311571378,2025,311571378,1,9,-1,-1,-1,-1,-1,-1,0,8,-1,-1,0,0,-1,9,-1,6,1,40,7,-1,-1,-1,-1,-1,-1,0,-1
2025311571378,2025,311571378,2,1,0,-1,19,7,3,-1,0,8,0,0,0,0,4,1,-1,7,1,11,3,-1,-1,-1,-1,-1,-1,0,-1
2025311571471,2025,311571471,1,9,0,-1,19,7,3,-1,0,1,0,0,0,0,4,1,-1,9,2,34,6,-1,-1,-1,-1,-1,-1,0,-1
2025311571486,2025,311571486,1,23,-1,-1,-1,2,5,-1,-1,-1,-1,-1,-1,-1,-1,1,-1,6,1,19,4,-1,-1,-1,-1,2,E01013962,0,1
2025311571486,2025,311571486,2,8,-1,-1,-1,8,4,-1,-1,-1,-1,-1,-1,-1,-1,9,-1,1,1,32,6,-1,-1,-1,-1,2,E01013832,0,1
2025311571512,2025,311571512,1,9,0,-1,7,5,1,-1,0,0,0,0,0,0,1,1,-1,6,1,30,6,-1,-1,-1,-1,1,E01013484,0,4
2025311571687,2025,311571687,1,2,0,-1,19,1,5,-1,0,0,0,0,1,11,0,1,-1,9,1,16,4,-1,-1,-1,-1,5,E01028317,0,2
2025311571741,2025,311571741,2,1,0,-1,19,3,7,-1,0,0,0,0,0,0,3,1,-1,2,3,56,9,-1,-1,-1,-1,-1,-1,0,-1
2025311571741,2025,311571741,1,9,0,-1,4,0,0,-1,0,0,0,0,0,0,1,1,-1,1,3,36,7,-1,-1,-1,-1,2,E01028284,0,1
2025311571893,2025,311571893,1,9,0,-1,19,3,7,-1,0,0,0,0,0,0,1,2,-1,9,2,49,8,-1,-1,-1,-1,-1,-1,0,-1
2025311571955,2025,311571955,1,5,0,-1,13,4,8,-1,0,0,2,7,0,0,1,1,-1,9,1,45,7,-1,-1,-1,-1,-1,-1,0,-1
2025311571999,2025,311571999,1,9,0,-1,7,7,1,-1,5,0,0,0,0,0,1,1,-1,2,2,45,7,-1,-1,-1,-1,-1,-1,0,-1
2025311572185,2025,311572185,1,9,0,-1,19,3,1,-1,0,8,0,0,0,0,0,1,-1,6,2,28,6,-1,-1,-1,-1,7,E01026193,0,2
2025311572185,2025,311572185,2,9,0,-1,19,6,1,-1,0,4,0,0,0,0,4,1,-1,6,2,55,8,-1,-1,-1,-1,8,E01026035,0,4
2025311572345,2025,311572345,1,2,0,-1,5,1,5,-1,0,0,0,0,0,0,0,1,-1,6,1,20,4,-1,-1,-1,-1,-1,-1,0,-1
2025311572396,2025,311572396,2,9,0,-1,4,6,7,-1,0,0,0,0,0,0,2,2,-1,2,2,29,6,-1,-1,-1,-1,5,E01019866,0,4
2025311572396,2025,311572396,1,5,0,-1,19,6,2,-1,0,0,0,0,0,0,1,1,-1,9,1,60,9,-1,-1,-1,-1,10,E01025904,0,4
2025311572516,2025,311572516,1,9,0,-1,4,1,5,-1,0,1,0,0,0,0,2,1,-1,6,2,34,6,-1,-1,-1,-1,-1,-1,0,-1
2025311572516,2025,311572516,2,1,0,-1,3,1,5,-1,0,1,0,0,0,0,1,1,-1,6,1,21,5,-1,-1,-1,-1,1,E01013947,0,1
2025311572629,2025,311572629,1,9,0,-1,19,-1,-1,-1,0,0,0,0,0,0,4,9,-1,1,1,-1,-1,-1,-1,-1,-1,-1,-1,0,-1
2025311572639,2025,311572639,1,9,0,-1,19,1,5,-1,0,1,0,0,0,0,1,1,-1,6,3,-1,-1,-1,-1,-1,-1,-1,-1,0,-1
2025311572639,2025,311572639,2,1,0,-1,19,6,2,-1,0,1,0,0,0,0,2,1,-1,6,1,51,8,-1,-1,-1,-1,-1,-1,0,-1
2025311572678,2025,311572678,1,11,0,-1,4,8,4,-1,0,1,0,0,0,0,0,1,-1,1,1,64,9,-1,-1,-1,-1,2,E01013963,0,3
2025311572681,2025,311572681,1,9,0,-1,19,3,7,-1,0,0,1,0,7,0,1,2,-1,6,2,30,6,-1,-1,-1,-1,-1,-1,0,-1
2025311572723,2025,311572723,1,11,0,-1,19,7,4,-1,0,0,0,0,0,0,0,1,-1,1,1,62,9,-1,-1,-1,-1,1,E01028247,0,2
2025311572972,2025,311572972,1,9,0,-1,5,4,8,-1,0,0,0,0,0,0,4,1,-1,6,1,63,9,-1,-1,-1,-1,-1,-1,0,-1
2025311572985,2025,311572985,1,9,0,-1,19,6,2,-1,0,0,0,0,0,0,1,9,-1,6,3,-1,-1,-1,-1,-1,-1,-1,-1,0,-1
2025311572985,2025,311572985,2,9,0,-1,3,6,2,-1,0,0,0,0,0,0,2,1,-1,6,2,18,4,-1,-1,-1,-1,1,E01027965,0,1
2025311573015,2025,311573015,1,9,0,-1,5,1,5,-1,0,0,0,0,0,0,1,1,-1,6,2,19,4,-1,-1,-1,-1,-1,-1,0,-1
2025311573017,2025,311573017,2,3,0,-1,19,1,5,-1,0,0,0,0,0,0,1,1,-1,1,1,40,7,-1,-1,-1,-1,2,E01028227,0,2
2025311573017,2025,311573017,1,9,0,-1,9,5,1,-1,0,0,0,0,0,0,4,1,-1,1,1,49,8,-1,-1,-1,-1,9,E01025945,0,4
2025311573033,2025,311573033,2,9,0,-1,3,3,7,-1,0,1,0,0,0,0,2,1,-1,6,2,37,7,-1,-1,-1,-1,2,E01013962,0,2
2025311573033,2025,311573033,1,9,0,-1,19,3,7,-1,0,1,0,0,0,0,1,9,-1,6,3,-1,-1,-1,-1,-1,-1,-1,-1,0,-1
2025311573155,2025,311573155,1,9,0,-1,2,5,1,-1,0,0,0,0,0,0,0,1,-1,1,1,60,9,-1,-1,-1,-1,-1,-1,0,-1
2025311573155,2025,311573155,2,98,0,-1,15,1,5,-1,0,0,0,0,7,0,4,1,-1,2,1,61,9,-1,-1,-1,-1,-1,-1,0,-1
2025311573183,2025,311573183,1,9,0,-1,9,1,7,-1,0,1,0,0,0,0,1,1,-1,6,2,37,7,-1,-1,-1,-1,-1,-1,0,-1
2025311573214,2025,311573214,1,11,0,-1,4,3,2,-1,0,0,0,0,0,0,0,1,-1,1,2,51,8,-1,-1,-1,-1,-1,-1,0,-1
2025311573273,2025,311573273,1,1,0,-1,19,3,7,-1,5,0,0,0,0,0,1,1,-1,9,2,37,7,-1,-1,-1,-1,7,E01028413,0,1
2025311573282,2025,311573282,2,9,0,-1,19,1,5,-1,0,0,0,0,0,0,2,1,-1,6,1,32,6,-1,-1,-1,-1,1,E01026384,0,2
2025311573282,2025,311573282,1,3,0,-1,13,1,5,-1,0,0,0,0,0,0,1,1,-1,9,1,20,4,-1,-1,-1,-1,5,E01013244,0,3
2025311573379,2025,311573379,1,9,0,-1,10,3,1,-1,0,8,0,0,0,0,4,1,-1,6,1,39,7,-1,-1,-1,-1,1,E01028274,0,1
2025311573379,2025,311573379,2,5,0,-1,19,7,3,-1,0,8,2,0,0,0,1,1,-1,6,1,44,7,-1,-1,-1,-1,6,E01027988,0,2
2025311573397,2025,311573397,1,9,0,-1,19,5,1,-1,0,8,0,0,0,0,1,1,-1,6,1,22,5,-1,-1,-1,-1,-1,-1,0,-1
2025311573397,2025,311573397,2,9,0,-1,19,3,7,-1,0,8,0,0,0,0,4,1,-1,1,1,59,9,-1,-1,-1,-1,-1,-1,0,-1
2025311573457,2025,311573457,1,-1,0,-1,19,3,7,-1,9,0,0,0,0,0,1,1,-1,6,1,25,5,-1,-1,-1,-1,-1,-1,1,-1
2025311573479,2025,311573479,1,11,0,-1,4,7,3,-1,0,0,0,0,0,0,0,1,-1,1,1,-1,-1,-1,-1,-1,-1,1,E01013920,0,1
2025311573549,2025,311573549,3,9,0,-1,19,1,5,-1,0,0,0,0,0,0,3,1,-1,6,2,64,9,-1,-1,-1,-1,3,E01028340,0,3
2025311573549,2025,311573549,5,9,0,-1,19,1,5,-1,0,0,0,0,0,0,1,1,-1,9,2,44,7,-1,-1,-1,-1,6,E01028237,0,1
2025311573549,2025,311573549,2,9,0,-1,19,1,5,-1,0,0,0,0,0,0,3,1,-1,6,2,17,4,-1,-1,-1,-1,8,E01028277,0,1
2025311573549,2025,311573549,1,19,0,-1,19,5,1,-1,0,0,0,0,0,0,3,1,-1,6,1,62,9,-1,-1,-1,-1,3,E01027985,0,1
2025311573549,2025,311573549,4,9,0,-1,19,1,5,-1,0,0,0,0,0,0,1,1,-1,9,1,22,5,-1,-1,-1,-1,6,E01033774,0,1
2025311573764,2025,311573764,1,9,0,-1,19,5,1,-1,0,2,0,0,0,0,3,1,-1,6,1,34,6,-1,-1,-1,-1,-1,-1,0,-1
2025311573764,2025,311573764,2,9,0,-1,19,5,1,-1,0,1,0,0,0,0,3,1,-1,6,1,23,5,-1,-1,-1,-1,-1,-1,0,-1
2025311573764,2025,311573764,3,9,0,-1,19,5,1,-1,0,1,1,0,0,0,3,1,-1,6,1,34,6,-1,-1,-1,-1,6,E01013838,0,1
2025311573790,2025,311573790,1,3,0,-1,5,3,7,-1,0,0,1,0,0,0,0,1,-1,9,1,44,7,-1,-1,-1,-1,1,E01027978,0,1
2025311573868,2025,311573868,1,97,0,-1,19,4,6,-1,0,0,5,0,1,0,0,1,-1,9,1,54,8,-1,-1,-1,-1,1,E01026375,0,2
2025311573868,2025,311573868,2,9,0,-1,19,4,6,-1,0,0,0,0,0,0,0,1,-1,6,3,-1,-1,-1,-1,-1,-1,-1,-1,0,-1
2025311573870,2025,311573870,1,9,0,-1,19,4,8,-1,0,0,1,0,0,0,1,1,-1,6,1,50,8,-1,-1,-1,-1,-1,-1,0,-1
2025311573931,2025,311573931,2,9,0,-1,9,1,5,-1,0,1,0,0,0,0,1,1,-1,6,2,23,5,-1,-1,-1,-1,10,E01028403,0,3
2025311573931,2025,311573931,1,9,0,-1,5,2,5,-1,0,4,0,0,7,0,4,1,-1,2,2,50,8,-1,-1,-1,-1,2,E01013852,0,3
2025311573955,2025,311573955,1,11,0,-1,5,4,7,-1,0,0,0,0,0,0,0,1,-1,1,1,47,8,-1,-1,-1,-1,1,E01013590,0,3
2025311574150,2025,311574150,1,11,0,-1,19,1,5,-1,0,0,0,0,0,0,4,1,-1,1,1,32,6,-1,-1,-1,-1,-1,-1,0,-1
2025311574206,2025,311574206,1,9,0,-1,19,1,1,-1,0,0,0,0,0,0,3,1,-1,9,1,23,5,-1,-1,-1,-1,2,E01013842,0,1
2025311574370,2025,311574370,2,9,0,-1,19,1,5,-1,0,8,0,0,0,0,4,9,-1,9,1,66,10,-1,-1,-1,-1,9,E01025945,0,1
2025311574370,2025,311574370,1,1,0,-1,9,2,6,-1,0,6,5,0,0,0,1,1,-1,9,2,61,9,-1,-1,-1,-1,7,E01028378,0,1
2025311574395,2025,311574395,1,9,0,-1,19,6,2,-1,0,0,0,0,0,0,3,1,-1,6,2,52,8,-1,-1,-1,-1,8,E01028207,0,1
2025311574395,2025,311574395,2,1,0,-1,19,6,6,-1,9,0,0,0,0,0,1,1,-1,6,1,3,1,-1,-1,-1,-1,8,E01028207,0,1
2025311574493,2025,311574493,4,9,0,-1,2,7,7,-1,0,1,0,0,0,0,2,1,-1,6,1,47,8,-1,-1,-1,-1,-1,-1,0,-1
2025311574493,2025,311574493,2,9,0,-1,9,5,4,-1,0,6,0,0,0,0,3,1,-1,6,1,30,6,-1,-1,-1,-1,2,E01033396,0,1
2025311574493,2025,311574493,1,9,0,-1,19,4,8,-1,0,1,0,0,0,0,1,1,-1,9,1,29,6,-1,-1,-1,-1,-1,-1,0,-1
2025311574493,2025,311574493,3,9,0,-1,2,7,7,-1,0,1,0,0,0,0,2,1,-1,6,1,22,5,-1,-1,-1,-1,8,E01028405,0,2
2025311574615,2025,311574615,2,1,0,-1,19,7,3,-1,0,1,0,0,0,0,1,1,-1,9,1,16,4,-1,-1,-1,-1,-1,-1,0,-1
2025311574615,2025,311574615,1,9,0,-1,19,7,3,-1,0,2,0,0,0,0,1,1,-1,6,2,55,8,-1,-1,-1,-1,3,E01028339,0,3
2025311574681,2025,311574681,1,9,0,-1,19,3,7,-1,0,0,0,0,0,0,4,1,-1,9,1,36,7,-1,-1,-1,-1,8,E01006210,0,4
2025311574753,2025,311574753,1,9,0,-1,13,1,5,-1,0,0,0,0,0,0,1,1,-1,1,1,-1,-1,-1,-1,-1,-1,-1,-1,0,-1
2025311574753,2025,311574753,2,19,0,-1,13,1,5,-1,0,0,0,11,0,0,3,1,-1,1,1,23,5,-1,-1,-1,-1,-1,-1,0,-1
2025311574785,2025,311574785,1,9,0,-1,19,2,5,-1,0,0,5,11,1,0,1,1,-1,6,1,46,8,-1,-1,-1,-1,5,E01026144,0,4
2025311574785,2025,311574785,2,9,0,-1,19,5,2,-1,9,0,0,11,1,0,1,1,-1,6,1,58,9,-1,-1,-1,-1,5,E01026539,0,5
2025311574886,2025,311574886,1,9,0,-1,19,7,3,-1,0,0,0,0,0,0,1,1,-1,1,1,62,9,-1,-1,-1,-1,-1,-1,0,-1
2025311574886,2025,311574886,2,9,0,-1,19,7,3,-1,0,0,0,0,0,0,2,1,-1,6,2,43,7,-1,-1,-1,-1,-1,-1,0,-1
2025311574909,2025,311574909,1,9,0,-1,19,4,8,-1,0,0,1,0,2,0,1,1,-1,6,2,18,4,-1,-1,-1,-1,-1,-1,0,-1
2025311574996,2025,311574996,2,9,0,-1,19,2,6,-1,0,1,1,0,0,0,1,1,-1,1,1,43,7,-1,-1,-1,-1,-1,-1,0,-1
2025311574996,2025,311574996,1,9,0,-1,5,4,2,-1,0,1,1,0,0,0,3,1,-1,6,2,33,6,-1,-1,-1,-1,-1,-1,0,-1
2025311574997,2025,311574997,1,5,0,-1,7,8,3,-1,0,0,0,0,0,0,4,1,-1,9,1,55,8,-1,-1,-1,-1,5,E01028477,0,5
2025311575008,2025,311575008,2,9,0,-1,5,7,3,-1,0,0,0,0,0,0,1,1,-1,6,1,23,5,-1,-1,-1,-1,8,E01028253,0,1
2025311575008,2025,311575008,1,9,0,-1,5,3,7,-1,0,0,0,0,0,0,1,1,-1,1,2,38,7,-1,-1,-1,-1,3,E01028297,0,3
2025311575012,2025,311575012,1,9,0,-1,9,2,7,-1,0,1,0,0,0,0,1,1,-1,2,1,51,8,-1,-1,-1,-1,6,E01019651,0,3
2025311575012,2025,311575012,2,9,0,-1,19,6,2,-1,0,1,0,0,0,0,1,1,-1,6,1,42,7,-1,-1,-1,-1,4,E01013936,0,1
2025311575135,2025,311575135,2,1,0,-1,19,8,4,-1,5,1,0,0,0,0,1,1,-1,6,1,12,3,-1,-1,-1,-1,-1,-1,0,-1
2025311575135,2025,311575135,1,9,0,-1,5,1,5,-1,0,1,0,0,0,0,1,9,-1,6,1,-1,-1,-1,-1,-1,-1,-1,-1,0,-1
2025311575326,2025,311575326,2,98,-1,-1,-1,-1,-1,-1,-1,-1,-1,-1,-1,0,-1,9,-1,6,3,-1,-1,-1,-1,-1,-1,-1,-1,0,-1
2025311575326,2025,311575326,1,2,0,-1,19,6,1,-1,0,1,1,0,0,0,3,1,-1,6,1,16,4,-1,-1,-1,-1,2,E01013965,0,2
2025311575429,2025,311575429,1,98,0,-1,2,0,0,-1,0,0,0,0,0,0,4,1,-1,1,1,31,6,-1,-1,-1,-1,5,E01028189,0,2
2025311575429,2025,311575429,2,-1,0,-1,19,6,3,-1,9,0,0,0,0,0,1,1,-1,6,2,14,3,-1,-1,-1,-1,-1,-1,1,-1
2025311575465,2025,311575465,1,9,0,-1,13,8,8,-1,0,0,1,0,1,4,1,1,-1,9,1,65,9,-1,-1,-1,-1,-1,-1,0,-1
2025311575465,2025,311575465,2,9,0,-1,19,8,8,-1,0,0,1,0,1,4,1,1,-1,9,1,53,8,-1,-1,-1,-1,-1,-1,0,-1
2025311575528,2025,311575528,1,9,0,-1,19,1,5,-1,0,1,0,0,0,0,4,1,-1,9,1,53,8,-1,-1,-1,-1,7,E01028326,0,2
2025311575528,2025,311575528,2,1,0,-1,7,3,1,-1,0,1,0,0,0,0,1,1,-1,9,1,14,3,-1,-1,-1,-1,10,E01028347,0,2
2025311575720,2025,311575720,2,9,0,-1,19,5,1,-1,0,8,0,0,0,0,4,1,-1,6,2,38,7,-1,-1,-1,-1,7,E01028203,0,1
2025311575720,2025,311575720,1,9,0,-1,19,2,6,-1,0,8,0,0,0,0,3,1,-1,6,2,33,6,-1,-1,-1,-1,3,E01028209,0,1
2025311576054,2025,311576054,2,9,0,-1,2,0,0,-1,0,2,0,0,0,0,3,1,-1,6,-1,-1,-1,-1,-1,-1,-1,-1,-1,0,-1
2025311576054,2025,311576054,4,9,0,-1,2,0,0,-1,0,2,0,0,0,0,3,1,-1,6,-1,-1,-1,-1,-1,-1,-1,-1,-1,0,-1
2025311576054,2025,311576054,3,9,0,-1,2,0,0,-1,0,2,0,0,0,0,3,1,-1,6,-1,-1,-1,-1,-1,-1,-1,-1,-1,0,-1
2025311576054,2025,311576054,1,9,0,-1,19,3,7,-1,0,2,0,4,0,0,4,1,-1,9,1,79,11,-1,-1,-1,-1,7,E01027984,0,1
2025311576252,2025,311576252,2,9,0,-1,19,5,1,-1,0,0,0,4,0,0,1,1,-1,2,2,31,6,-1,-1,-1,-1,-1,-1,0,-1
2025311576252,2025,311576252,1,9,0,-1,4,5,1,-1,0,0,0,0,0,0,2,1,-1,6,1,69,10,-1,-1,-1,-1,-1,-1,0,-1
2025311576409,2025,311576409,1,5,0,-1,15,7,3,-1,0,0,1,0,7,0,1,1,-1,2,1,54,8,-1,-1,-1,-1,-1,-1,0,-1
2025311576413,2025,311576413,1,9,0,-1,19,5,1,-1,0,1,0,4,0,0,1,1,-1,2,2,40,7,-1,-1,-1,-1,9,E01027938,0,3
2025311576413,2025,311576413,2,9,0,-1,9,7,5,-1,0,6,0,0,0,0,4,1,-1,2,2,49,8,-1,-1,-1,-1,6,E01028323,0,1
2025311576426,2025,311576426,1,9,0,-1,9,6,2,-1,0,1,0,0,0,0,4,1,-1,9,1,36,7,-1,-1,-1,-1,-1,-1,0,-1
2025311576426,2025,311576426,2,9,0,-1,19,6,2,-1,0,1,0,0,0,0,3,1,-1,9,1,34,6,-1,-1,-1,-1,-1,-1,0,-1
2025311576497,2025,311576497,2,9,0,-1,1,6,8,-1,0,0,0,0,0,0,3,1,-1,9,2,54,8,-1,-1,-1,-1,8,E01028420,0,1
2025311576497,2025,311576497,1,1,0,-1,19,8,3,-1,0,0,0,0,0,0,1,1,-1,9,1,68,10,-1,-1,-1,-1,10,E01035509,0,2
2025311576549,2025,311576549,1,5,0,-1,19,8,4,-1,0,0,2,0,0,0,1,1,-1,6,1,21,5,-1,-1,-1,-1,-1,-1,0,-1
2025311576553,2025,311576553,2,19,0,-1,10,6,2,-1,0,1,0,0,0,0,2,1,-1,6,1,61,9,-1,-1,-1,-1,-1,-1,0,-1
2025311576553,2025,311576553,1,9,0,-1,10,6,2,-1,0,1,0,0,0,0,1,1,-1,6,1,78,11,-1,-1,-1,-1,-1,-1,0,-1
2025311576672,2025,311576672,4,9,0,-1,3,7,1,-1,0,0,0,0,0,0,2,1,-1,6,2,55,8,-1,-1,-1,-1,6,E01028322,0,3
2025311576672,2025,311576672,1,9,0,-1,19,7,1,-1,0,0,0,0,0,0,1,1,-1,6,2,25,5,-1,-1,-1,-1,2,E01027958,0,2
2025311576672,2025,311576672,2,9,0,-1,3,7,1,-1,0,0,0,0,0,0,2,1,-1,6,2,48,8,-1,-1,-1,-1,9,E01033775,0,1
2025311576672,2025,311576672,3,9,0,-1,3,7,1,-1,0,0,0,0,0,0,2,1,-1,6,1,36,7,-1,-1,-1,-1,1,E01027951,0,2
2025311576890,2025,311576890,2,9,0,-1,2,0,0,-1,0,5,0,0,0,0,2,1,-1,6,3,-1,-1,-1,-1,-1,-1,-1,-1,0,-1
2025311576890,2025,311576890,1,9,0,-1,1,5,1,-1,0,2,0,0,0,0,2,1,-1,6,3,-1,-1,-1,-1,-1,-1,-1,-1,0,-1
2025311576990,2025,311576990,1,-1,0,-1,19,3,7,-1,0,0,0,0,0,0,1,1,-1,9,1,33,6,-1,-1,-1,-1,7,E01028418,1,2
2025311576999,2025,311576999,2,9,0,-1,2,0,0,-1,0,0,0,0,0,0,4,1,-1,6,-1,-1,-1,-1,-1,-1,-1,-1,-1,0,-1
2025311576999,2025,311576999,1,9,0,-1,19,5,5,-1,0,0,5,0,0,0,4,1,-1,6,1,20,4,-1,-1,-1,-1,-1,-1,0,-1
2025311577028,2025,311577028,1,4,0,-1,19,4,7,-1,0,8,0,0,0,0,3,1,-1,6,1,73,10,-1,-1,-1,-1,4,E01026385,0,3
2025311577028,2025,311577028,2,9,0,-1,19,7,3,-1,0,1,0,0,0,0,3,1,-1,9,2,73,10,-1,-1,-1,-1,9,E01013243,0,3
2025311577029,2025,311577029,2,9,0,-1,19,1,5,-1,0,4,0,10,7,0,1,1,-1,9,2,18,4,-1,-1,-1,-1,6,E01033772,0,1
2025311577029,2025,311577029,1,9,0,-1,19,1,5,-1,0,4,0,0,0,0,0,9,-1,6,1,-1,-1,-1,-1,-1,-1,-1,-1,0,-1
2025311577065,2025,311577065,1,9,0,-1,7,5,4,-1,0,5,0,0,0,0,0,1,-1,9,1,68,10,-1,-1,-1,-1,-1,-1,0,-1
2025311577127,2025,311577127,1,9,0,-1,9,1,5,-1,0,0,0,0,0,0,2,1,-1,6,2,76,11,-1,-1,-1,-1,-1,-1,0,-1
2025311577127,2025,311577127,2,1,0,-1,19,1,5,-1,0,0,0,0,0,0,2,1,-1,9,2,27,6,-1,-1,-1,-1,-1,-1,0,-1
2025311577300,2025,311577300,2,9,0,-1,7,7,1,-1,0,0,0,0,0,0,3,1,-1,6,1,20,4,-1,-1,-1,-1,-1,-1,0,-1
2025311577300,2025,311577300,1,9,0,-1,5,3,1,-1,0,0,0,7,0,0,1,1,-1,2,1,61,9,-1,-1,-1,-1,-1,-1,0,-1
2025311577334,2025,311577334,1,11,-1,-1,-1,-1,-1,-1,-1,0,-1,-1,-1,0,-1,9,-1,1,1,58,9,-1,-1,-1,-1,1,E01013920,0,1
2025311577370,2025,311577370,2,9,0,-1,2,0,0,-1,0,0,0,0,0,0,2,1,-1,6,2,37,7,-1,-1,-1,-1,9,E01028214,0,1
2025311577370,2025,311577370,1,9,0,-1,2,8,2,-1,0,0,0,0,0,0,1,1,-1,6,2,31,6,-1,-1,-1,-1,8,E01028170,0,1
2025311577423,2025,311577423,2,9,0,-1,19,1,5,-1,0,0,0,7,0,0,1,1,-1,9,1,77,11,-1,-1,-1,-1,-1,-1,0,-1
2025311577423,2025,311577423,1,90,0,-1,19,1,5,-1,0,0,5,0,0,0,1,1,-1,9,2,60,9,-1,-1,-1,-1,-1,-1,0,-1
2025311577435,2025,311577435,2,9,0,-1,2,0,0,-1,0,0,0,0,0,0,1,1,-1,6,1,33,6,-1,-1,-1,-1,4,E01028165,0,1
2025311577435,2025,311577435,1,9,0,-1,19,1,5,-1,0,0,5,0,7,0,1,1,-1,9,2,25,5,-1,-1,-1,-1,4,E01028165,0,1
2025311577596,2025,311577596,2,3,0,-1,19,4,8,-1,0,6,0,0,0,0,1,1,-1,6,1,34,6,-1,-1,-1,-1,-1,-1,0,-1
2025311577596,2025,311577596,1,9,0,-1,19,5,1,-1,0,1,0,0,0,0,3,1,-1,6,1,39,7,-1,-1,-1,-1,-1,-1,0,-1
2025311577791,2025,311577791,1,5,0,-1,19,5,6,-1,0,6,0,0,0,0,1,1,-1,6,1,31,6,-1,-1,-1,-1,1,E01019509,0,1
2025311577791,2025,311577791,2,9,0,-1,19,8,5,-1,0,8,0,0,0,0,3,1,-1,6,1,65,9,-1,-1,-1,-1,-1,-1,0,-1
2025311577843,2025,311577843,1,9,0,-1,19,1,5,-1,0,0,0,0,0,0,1,1,-1,6,3,35,6,-1,-1,-1,-1,-1,-1,0,-1