collision_index,collision_year,collision_ref_no,vehicle_reference,vehicle_type,towing_and_articulation,vehicle_manoeuvre_historic,vehicle_manoeuvre,vehicle_direction_from,vehicle_direction_to,vehicle_location_restricted_lane_historic,vehicle_location_restricted_lane,junction_location,skidding_and_overturning,hit_object_in_carriageway,vehicle_leaving_carriageway,hit_object_off_carriageway,first_point_of_impact,vehicle_left_hand_drive,journey_purpose_of_driver_historic,journey_purpose_of_driver,sex_of_driver,age_of_driver,age_band_of_driver,engine_capacity_cc,propulsion_code,age_of_vehicle,generic_make_model,driver_imd_decile,lsoa_of_driver,escooter_flag,driver_distance_banding
2025311586958,2025,311586958,1,9,0,-1,5,3,7,-1,0,2,0,0,0,0,3,1,-1,6,2,29,6,-1,-1,-1,-1,-1,-1,0,-1
2025311586958,2025,311586958,2,1,-1,-1,-1,-1,-1,-1,-1,-1,-1,-1,-1,0,-1,1,-1,6,1,14,3,-1,-1,-1,-1,2,E01028110,0,1
2025311587029,2025,311587029,1,9,0,-1,19,3,7,-1,0,0,0,10,3,11,1,1,-1,6,1,21,5,-1,-1,-1,-1,1,E01028281,0,1
2025311587327,2025,311587327,1,11,0,-1,19,3,7,-1,2,8,0,0,0,0,1,1,-1,1,2,43,7,-1,-1,-1,-1,9,E01028094,0,2
2025311587590,2025,311587590,1,9,0,-1,19,3,7,-1,0,0,0,0,0,0,1,1,-1,6,1,53,8,-1,-1,-1,-1,-1,-1,0,-1
2025311587825,2025,311587825,1,9,0,-1,19,3,6,-1,0,0,0,0,0,0,1,1,-1,9,1,75,10,-1,-1,-1,-1,10,E01013012,0,4
2025311587825,2025,311587825,2,9,0,-1,19,7,2,-1,0,0,0,0,0,0,1,1,-1,9,2,31,6,-1,-1,-1,-1,7,E01026147,0,4
2025311587877,2025,311587877,1,9,0,-1,5,8,3,-1,0,0,0,0,0,0,0,1,-1,9,2,38,7,-1,-1,-1,-1,1,E01013940,0,1
2025311587942,2025,311587942,1,21,4,-1,19,1,5,-1,0,0,5,0,1,4,4,1,-1,1,1,37,7,-1,-1,-1,-1,2,E01013570,0,4
2025311588078,2025,311588078,1,-1,0,-1,19,1,5,-1,0,1,0,0,0,0,0,1,-1,6,1,39,7,-1,-1,-1,-1,2,E01013908,1,2
2025311588104,2025,311588104,1,9,0,-1,7,4,6,-1,0,8,0,0,0,0,1,9,-1,6,2,41,7,-1,-1,-1,-1,4,E01027950,0,1
2025311588104,2025,311588104,2,1,0,-1,19,5,1,-1,0,8,0,0,0,0,1,1,-1,9,1,14,3,-1,-1,-1,-1,5,E01027949,0,1
2025311588116,2025,311588116,1,9,0,-1,19,5,1,-1,0,1,0,0,0,0,1,1,-1,6,2,27,6,-1,-1,-1,-1,5,E01019658,0,1
2025311588116,2025,311588116,2,9,0,-1,9,7,5,-1,0,6,0,0,0,0,1,1,-1,6,1,73,10,-1,-1,-1,-1,3,E01019665,0,1
2025311588230,2025,311588230,2,9,0,-1,13,1,5,-1,0,0,0,0,0,0,1,1,-1,6,1,18,4,-1,-1,-1,-1,-1,-1,0,-1
2025311588230,2025,311588230,1,9,0,-1,3,1,4,-1,0,0,0,0,0,0,2,1,-1,6,2,66,10,-1,-1,-1,-1,-1,-1,0,-1
2025311588251,2025,311588251,1,3,0,-1,19,2,4,-1,0,1,0,0,7,11,1,1,-1,9,1,21,5,-1,-1,-1,-1,7,E01013250,0,1
2025311588285,2025,311588285,2,9,0,-1,4,4,3,-1,0,1,0,0,0,0,1,1,-1,6,2,25,5,-1,-1,-1,-1,4,E01013534,0,3
2025311588285,2025,311588285,1,8,0,-1,4,4,8,-1,1,1,0,0,0,0,2,1,-1,6,1,64,9,-1,-1,-1,-1,3,E01033397,0,1
2025311588483,2025,311588483,1,9,0,-1,19,1,5,-1,0,1,0,0,0,0,1,1,-1,6,1,40,7,-1,-1,-1,-1,-1,-1,0,-1
2025311588560,2025,311588560,2,1,0,-1,19,6,2,-1,0,1,0,0,0,0,4,1,-1,6,1,29,6,-1,-1,-1,-1,-1,-1,0,-1
2025311588560,2025,311588560,1,9,0,-1,8,5,3,-1,0,1,0,0,0,0,3,1,-1,6,1,34,6,-1,-1,-1,-1,5,E01027932,0,1
2025311588686,2025,311588686,1,9,-1,-1,-1,-1,-1,-1,-1,0,-1,-1,-1,0,-1,9,-1,6,2,37,7,-1,-1,-1,-1,-1,-1,0,-1
2025311588686,2025,311588686,2,19,-1,-1,-1,-1,-1,-1,-1,0,-1,-1,-1,0,-1,9,-1,6,3,-1,-1,-1,-1,-1,-1,-1,-1,0,-1
2025311589016,2025,311589016,1,9,0,-1,19,1,6,-1,0,1,0,0,0,0,1,1,-1,2,2,54,8,-1,-1,-1,-1,-1,-1,0,-1
2025311589067,2025,311589067,1,9,0,-1,19,5,1,-1,0,8,0,0,0,0,4,1,-1,9,1,51,8,-1,-1,-1,-1,6,E01013837,0,1
2025311589067,2025,311589067,2,9,0,-1,9,1,7,-1,0,1,0,0,0,0,1,1,-1,9,1,21,5,-1,-1,-1,-1,1,E01027978,0,3
2025311589079,2025,311589079,1,9,0,-1,19,5,2,-1,0,0,2,0,1,0,1,1,-1,9,1,21,5,-1,-1,-1,-1,7,E01013902,0,2
2025311589176,2025,311589176,1,1,0,-1,19,5,8,-1,9,0,0,0,0,0,1,1,-1,1,1,9,2,-1,-1,-1,-1,-1,-1,0,-1
2025311589253,2025,311589253,2,5,0,-1,14,2,4,-1,0,0,5,0,0,0,1,1,-1,6,1,51,8,-1,-1,-1,-1,6,E01028202,0,1
2025311589253,2025,311589253,1,9,0,-1,5,3,1,-1,0,0,0,0,0,0,1,1,-1,6,1,62,9,-1,-1,-1,-1,9,E01028197,0,1
2025311589262,2025,311589262,2,1,0,-1,19,7,3,-1,4,2,0,0,0,0,1,1,-1,1,1,38,7,-1,-1,-1,-1,-1,-1,0,-1
2025311589262,2025,311589262,1,1,0,-1,19,3,7,-1,4,1,0,0,0,0,1,1,-1,1,1,-1,-1,-1,-1,-1,-1,-1,-1,0,-1
2025311589366,2025,311589366,2,1,0,-1,19,5,1,-1,0,0,0,0,0,0,1,1,-1,9,1,39,7,-1,-1,-1,-1,1,E01027976,0,1
2025311589366,2025,311589366,1,9,0,-1,19,3,7,-1,0,0,0,0,0,0,4,1,-1,9,1,57,9,-1,-1,-1,-1,1,E01027976,0,1
2025311589523,2025,311589523,2,98,0,-1,19,1,1,-1,0,0,0,0,0,0,1,1,-1,6,1,54,8,-1,-1,-1,-1,-1,-1,0,-1
2025311589797,2025,311589797,1,9,0,-1,19,2,6,-1,0,0,0,0,7,4,1,1,-1,1,1,41,7,-1,-1,-1,-1,7,E01028154,0,1
2025311590010,2025,311590010,3,19,0,-1,3,3,7,-1,0,1,0,0,0,0,2,1,-1,9,1,52,8,-1,-1,-1,-1,2,E01013854,0,1
2025311590010,2025,311590010,2,9,0,-1,19,3,7,-1,0,1,0,0,0,0,1,1,-1,9,1,43,7,-1,-1,-1,-1,2,E01013853,0,1
2025311590056,2025,311590056,3,9,0,-1,19,3,7,-1,0,0,0,0,0,0,2,1,-1,2,2,46,8,-1,-1,-1,-1,6,E01028312,0,3
2025311590056,2025,311590056,2,9,0,-1,19,7,3,-1,0,0,0,0,0,0,1,1,-1,6,2,20,4,-1,-1,-1,-1,9,E01025886,0,4
2025311590056,2025,311590056,1,9,0,-1,19,3,7,-1,0,0,0,4,0,0,1,1,-1,6,1,69,10,-1,-1,-1,-1,9,E01028332,0,3
2025311590067,2025,311590067,1,11,0,-1,3,3,1,-1,0,0,0,0,0,0,0,1,-1,1,1,39,7,-1,-1,-1,-1,1,E01013909,0,2
2025311590116,2025,311590116,2,11,0,-1,5,2,6,-1,0,1,0,0,0,0,1,1,-1,1,1,49,8,-1,-1,-1,-1,-1,-1,0,-1
2025311590116,2025,311590116,1,19,0,-1,5,2,6,-1,0,5,0,0,0,0,2,1,-1,1,1,58,9,-1,-1,-1,-1,-1,-1,0,-1
2025311590200,2025,311590200,2,9,-1,-1,3,5,1,-1,0,0,0,0,0,0,2,9,-1,6,1,85,11,-1,-1,-1,-1,-1,-1,0,-1
2025311590200,2025,311590200,1,20,0,-1,5,7,3,-1,0,0,0,0,0,0,2,9,-1,1,1,-1,-1,-1,-1,-1,-1,-1,-1,0,-1
2025311590225,2025,311590225,1,9,-1,-1,-1,4,6,-1,-1,0,-1,-1,-1,0,-1,9,-1,6,3,-1,-1,-1,-1,-1,-1,-1,-1,0,-1
2025311590250,2025,311590250,1,11,0,-1,19,4,8,-1,0,0,0,0,0,0,0,1,-1,1,2,43,7,-1,-1,-1,-1,3,E01027967,0,3
2025311590293,2025,311590293,1,9,0,-1,12,4,8,-1,0,0,5,7,0,0,1,1,-1,6,1,43,7,-1,-1,-1,-1,6,E01026282,0,4
2025311590493,2025,311590493,1,18,-1,-1,5,1,5,-1,1,1,0,0,0,0,1,1,-1,1,1,63,9,-1,-1,-1,-1,-1,-1,0,-1
2025311590821,2025,311590821,1,90,0,-1,1,0,3,-1,0,1,0,0,0,0,3,1,-1,6,1,30,6,-1,-1,-1,-1,2,E01013961,0,1
2025311590821,2025,311590821,2,1,0,-1,19,7,3,-1,0,1,0,0,0,0,1,1,-1,6,1,65,9,-1,-1,-1,-1,5,E01028162,0,1
2025311590830,2025,311590830,1,9,0,-1,19,6,6,-1,0,0,0,0,0,0,1,1,-1,1,2,58,9,-1,-1,-1,-1,-1,-1,0,-1
2025311590830,2025,311590830,2,9,0,-1,19,6,6,-1,0,0,0,0,0,0,2,1,-1,1,1,36,7,-1,-1,-1,-1,-1,-1,0,-1
2025311591235,2025,311591235,1,9,0,-1,19,3,7,-1,0,1,5,0,0,0,1,1,-1,1,1,28,6,-1,-1,-1,-1,4,E01028167,0,2
2025311591235,2025,311591235,2,9,0,-1,19,3,7,-1,0,1,0,0,0,0,2,1,-1,9,1,20,4,-1,-1,-1,-1,10,E01028365,0,1
2025311591235,2025,311591235,3,9,0,-1,19,3,7,-1,0,1,0,0,0,0,4,1,-1,9,1,24,5,-1,-1,-1,-1,3,E01019657,0,3
2025311591246,2025,311591246,2,19,0,-1,9,8,4,-1,0,1,0,0,0,0,1,1,-1,6,1,37,7,-1,-1,-1,-1,1,E01028173,0,3
2025311591246,2025,311591246,1,9,0,-1,7,5,4,-1,0,8,0,0,0,0,1,1,-1,6,1,31,6,-1,-1,-1,-1,2,E01013870,0,1
2025311591303,2025,311591303,1,-1,-1,-1,19,-1,-1,-1,9,0,-1,-1,-1,0,1,9,-1,6,3,-1,-1,-1,-1,-1,-1,-1,-1,1,-1
2025311591321,2025,311591321,1,9,0,-1,19,1,5,-1,0,0,0,0,0,0,1,1,-1,9,1,32,6,-1,-1,-1,-1,-1,-1,0,-1
2025311591321,2025,311591321,2,9,0,-1,9,5,3,-1,0,0,0,0,0,0,1,1,-1,6,1,29,6,-1,-1,-1,-1,-1,-1,0,-1
2025311591410,2025,311591410,1,4,0,-1,19,2,8,-1,0,8,1,0,0,0,3,1,-1,6,1,43,7,-1,-1,-1,-1,-1,-1,0,-1
2025311591410,2025,311591410,2,9,0,-1,19,2,8,-1,0,8,0,0,0,0,3,1,-1,6,2,24,5,-1,-1,-1,-1,9,E01032520,0,1
2025311591435,2025,311591435,1,97,0,-1,19,5,1,-1,0,1,0,0,0,0,1,1,-1,2,1,40,7,-1,-1,-1,-1,2,E01013893,0,2
2025311591435,2025,311591435,2,9,0,-1,9,5,1,-1,0,1,0,0,0,0,3,1,-1,9,1,38,7,-1,-1,-1,-1,-1,-1,0,-1
2025311591580,2025,311591580,1,1,0,-1,19,3,7,-1,0,0,0,0,0,0,0,1,-1,9,1,15,3,-1,-1,-1,-1,-1,-1,0,-1
2025311591659,2025,311591659,2,1,0,-1,19,3,7,-1,0,1,0,0,0,0,1,1,-1,9,3,0,1,-1,-1,-1,-1,-1,-1,0,-1
2025311591659,2025,311591659,1,1,0,-1,19,7,3,-1,0,1,0,0,0,0,1,1,-1,9,2,5,1,-1,-1,-1,-1,1,E01028247,0,1
2025311591770,2025,311591770,2,98,0,-1,2,7,3,-1,0,0,0,0,0,0,3,1,-1,1,1,54,8,-1,-1,-1,-1,-1,-1,0,-1
2025311591770,2025,311591770,1,9,0,-1,19,7,3,-1,0,0,1,4,0,0,1,1,-1,6,1,27,6,-1,-1,-1,-1,9,E01019694,0,1
2025311591778,2025,311591778,1,9,0,-1,9,1,3,-1,9,0,0,0,0,0,4,2,-1,9,2,47,8,-1,-1,-1,-1,-1,-1,0,-1
2025311591778,2025,311591778,2,9,0,-1,19,5,5,-1,0,0,0,0,0,0,1,1,-1,9,1,58,9,-1,-1,-1,-1,5,E01028316,0,4
2025311591858,2025,311591858,1,9,0,-1,19,3,7,-1,0,0,0,0,0,0,1,1,-1,6,1,56,9,-1,-1,-1,-1,-1,-1,0,-1
2025311591858,2025,311591858,2,1,0,-1,19,7,3,-1,0,0,0,0,0,0,1,1,-1,6,1,44,7,-1,-1,-1,-1,-1,-1,0,-1
2025311591923,2025,311591923,1,3,0,-1,19,7,3,-1,0,1,0,0,0,0,1,1,-1,1,1,33,6,-1,-1,-1,-1,1,E01027978,0,1
2025311591929,2025,311591929,1,11,0,-1,5,4,8,-1,0,0,0,0,0,0,0,2,-1,1,1,50,8,-1,-1,-1,-1,-1,-1,0,-1
2025311591966,2025,311591966,2,9,0,-1,3,2,7,-1,0,0,0,0,0,0,2,1,-1,1,2,37,7,-1,-1,-1,-1,-1,-1,0,-1
2025311591966,2025,311591966,1,9,0,-1,1,2,7,-1,0,0,0,0,0,0,1,1,-1,1,1,32,6,-1,-1,-1,-1,8,E01028264,0,1
2025311592003,2025,311592003,1,19,0,-1,6,5,1,-1,0,0,0,0,0,0,1,1,-1,6,1,18,4,-1,-1,-1,-1,-1,-1,0,-1
2025311592003,2025,311592003,2,1,0,-1,19,5,1,-1,0,0,0,0,0,0,1,1,-1,6,1,59,9,-1,-1,-1,-1,-1,-1,0,-1
2025311592079,2025,311592079,2,1,0,-1,19,3,8,-1,0,0,0,0,0,0,1,1,-1,6,1,40,7,-1,-1,-1,-1,2,E01027955,0,1
2025311592079,2025,311592079,1,9,0,-1,9,4,2,-1,0,0,0,0,0,0,3,1,-1,9,1,28,6,-1,-1,-1,-1,4,E01028252,0,2
2025311592157,2025,311592157,1,4,0,-1,9,1,7,-1,0,0,0,0,0,0,0,1,-1,6,1,20,4,-1,-1,-1,-1,-1,-1,0,-1
2025311592161,2025,311592161,1,9,0,-1,19,2,2,-1,0,0,0,0,0,0,4,1,-1,9,1,25,5,-1,-1,-1,-1,5,E01013931,0,1
2025311592161,2025,311592161,2,9,0,-1,11,2,2,-1,0,0,0,0,0,0,3,1,-1,6,2,24,5,-1,-1,-1,-1,5,E01028132,0,2
2025311592240,2025,311592240,1,9,0,-1,19,7,3,-1,0,0,0,0,0,0,1,1,-1,6,1,26,6,-1,-1,-1,-1,7,E01032522,0,2
2025311592291,2025,311592291,1,9,0,-1,9,3,1,-1,0,8,0,0,0,0,1,1,-1,6,2,31,6,-1,-1,-1,-1,4,E01028114,0,3
2025311592291,2025,311592291,2,9,0,-1,7,6,8,-1,0,8,0,0,0,0,2,1,-1,6,2,24,5,-1,-1,-1,-1,9,E01032520,0,1
2025311592424,2025,311592424,1,9,0,-1,5,6,2,-1,-1,0,0,0,0,0,1,2,-1,7,2,40,7,-1,-1,-1,-1,9,E01028115,0,1
2025311592424,2025,311592424,2,9,0,-1,5,8,4,-1,-1,0,0,0,0,0,2,2,-1,1,2,27,6,-1,-1,-1,-1,2,E01028110,0,1
2025311592613,2025,311592613,1,11,0,-1,7,4,6,-1,0,0,0,0,0,0,0,9,-1,6,3,-1,-1,-1,-1,-1,-1,-1,-1,0,-1
2025311592667,2025,311592667,1,9,0,-1,4,7,3,-1,0,1,0,0,0,0,2,1,-1,9,2,38,7,-1,-1,-1,-1,4,E01019485,0,3
2025311592667,2025,311592667,2,9,0,-1,3,7,3,-1,0,1,0,0,0,0,1,1,-1,1,1,65,9,-1,-1,-1,-1,4,E01013459,0,4
2025311592744,2025,311592744,1,9,0,-1,19,8,4,-1,0,0,0,7,0,0,1,1,-1,6,1,22,5,-1,-1,-1,-1,7,E01019513,0,2
2025311592745,2025,311592745,1,9,0,-1,5,8,3,-1,0,8,0,0,0,0,1,9,-1,6,1,-1,-1,-1,-1,-1,-1,-1,-1,0,-1
2025311592745,2025,311592745,2,1,0,-1,19,1,5,-1,0,8,0,0,0,0,1,1,-1,9,1,15,3,-1,-1,-1,-1,2,E01028257,0,2
2025311592891,2025,311592891,2,1,0,-1,19,5,8,-1,0,1,0,0,0,0,1,1,-1,1,1,33,6,-1,-1,-1,-1,1,E01027952,0,1
2025311592891,2025,311592891,1,19,0,-1,4,3,7,-1,0,1,0,0,0,0,1,1,-1,1,1,60,9,-1,-1,-1,-1,4,E01027953,0,1
2025311592953,2025,311592953,1,9,0,-1,19,1,5,-1,0,2,0,12,0,0,1,1,-1,6,1,51,8,-1,-1,-1,-1,10,E01028364,0,2
2025311592999,2025,311592999,1,9,0,-1,19,7,3,-1,9,5,0,10,1,0,1,1,-1,6,2,51,8,-1,-1,-1,-1,-1,-1,0,-1
2025311593093,2025,311593093,1,21,1,-1,19,1,6,-1,0,8,5,0,0,0,4,1,-1,1,1,39,7,-1,-1,-1,-1,4,E01013969,0,3
2025311593358,2025,311593358,1,9,0,-1,5,3,4,-1,0,1,0,0,0,0,1,1,-1,9,1,46,8,-1,-1,-1,-1,-1,-1,0,-1
2025311593358,2025,311593358,2,1,0,-1,19,7,4,-1,0,1,0,0,0,0,1,1,-1,2,1,30,6,-1,-1,-1,-1,-1,-1,0,-1
2025311593377,2025,311593377,1,1,0,-1,19,5,1,-1,9,0,0,0,0,0,1,1,-1,6,3,18,4,-1,-1,-1,-1,-1,-1,0,-1
2025311593389,2025,311593389,1,9,0,-1,19,2,6,-1,0,0,0,0,4,0,1,1,-1,6,1,19,4,-1,-1,-1,-1,-1,-1,0,-1
2025311593389,2025,311593389,2,9,0,-1,5,3,5,-1,0,0,0,0,0,0,3,1,-1,6,2,52,8,-1,-1,-1,-1,-1,-1,0,-1
2025311593482,2025,311593482,1,8,0,-1,19,6,2,-1,0,0,0,0,0,0,1,1,-1,1,1,50,8,-1,-1,-1,-1,7,E01028156,0,1
2025311593665,2025,311593665,2,9,0,-1,19,3,5,-1,0,2,0,0,0,0,4,9,-1,6,2,34,6,-1,-1,-1,-1,-1,-1,0,-1
2025311593665,2025,311593665,1,9,0,-1,4,1,5,-1,0,1,0,0,0,0,1,9,-1,6,2,-1,-1,-1,-1,-1,-1,-1,-1,0,-1
2025311593744,2025,311593744,1,9,0,-1,4,4,8,-1,0,0,0,0,0,0,4,9,-1,6,1,70,10,-1,-1,-1,-1,-1,-1,0,-1
2025311593803,2025,311593803,1,9,0,-1,19,5,1,-1,0,0,0,0,0,0,1,1,-1,6,1,53,8,-1,-1,-1,-1,7,E01028005,0,1
2025311593803,2025,311593803,2,5,0,-1,19,5,7,-1,0,0,2,0,0,0,1,1,-1,6,1,58,9,-1,-1,-1,-1,8,E01007686,0,4
2025311593854,2025,311593854,1,9,0,-1,19,1,5,-1,0,0,0,0,7,0,1,1,-1,9,1,80,11,-1,-1,-1,-1,-1,-1,0,-1
2025311593854,2025,311593854,2,17,0,-1,9,1,5,-1,0,0,0,0,0,0,2,1,-1,1,1,31,6,-1,-1,-1,-1,-1,-1,0,-1
2025311594006,2025,311594006,1,99,0,-1,19,7,3,-1,0,1,0,0,0,0,3,9,-1,6,3,-1,-1,-1,-1,-1,-1,-1,-1,0,-1
2025311594006,2025,311594006,2,22,0,-1,19,7,3,-1,0,2,0,0,0,0,2,1,-1,6,1,73,10,-1,-1,-1,-1,1,E01013861,0,1
2025311594061,2025,311594061,2,5,0,-1,19,7,3,-1,0,8,0,0,0,0,1,1,-1,9,1,30,6,-1,-1,-1,-1,1,E01013825,0,1
2025311594061,2025,311594061,1,9,0,-1,6,3,2,-1,0,8,0,0,0,0,4,1,-1,9,2,25,5,-1,-1,-1,-1,10,E01028404,0,2
2025311594100,2025,311594100,1,9,0,-1,4,2,6,-1,0,4,0,0,0,0,2,1,-1,6,1,32,6,-1,-1,-1,-1,-1,-1,0,-1
2025311594100,2025,311594100,2,9,0,-1,3,2,6,-1,0,5,0,0,0,0,1,1,-1,6,1,40,7,-1,-1,-1,-1,-1,-1,0,-1
2025311594104,2025,311594104,1,9,-1,-1,-1,-1,-1,-1,-1,-1,-1,-1,-1,0,-1,9,-1,6,1,57,9,-1,-1,-1,-1,-1,-1,0,-1
2025311594107,2025,311594107,2,9,3,-1,19,1,5,-1,0,0,0,0,0,0,0,9,-1,6,3,-1,-1,-1,-1,-1,-1,-1,-1,0,-1
2025311594107,2025,311594107,1,9,0,-1,19,1,5,-1,0,0,0,0,0,0,1,1,-1,6,2,23,5,-1,-1,-1,-1,-1,-1,0,-1
2025311594130,2025,311594130,3,9,0,-1,2,0,0,-1,-1,0,-1,-1,-1,0,4,1,-1,6,3,-1,-1,-1,-1,-1,-1,-1,-1,0,-1
2025311594130,2025,311594130,2,9,0,-1,19,8,3,-1,0,0,2,0,1,0,1,1,-1,9,1,23,5,-1,-1,-1,-1,10,E01028330,0,3
2025311594130,2025,311594130,1,9,0,-1,19,7,3,-1,0,0,2,0,1,0,2,1,-1,9,1,26,6,-1,-1,-1,-1,1,E01027951,0,4
2025311594155,2025,311594155,2,9,0,-1,5,5,8,-1,0,1,0,0,0,0,1,1,-1,2,1,32,6,-1,-1,-1,-1,1,E01010054,0,4
2025311594155,2025,311594155,1,8,0,-1,5,3,7,-1,0,1,0,0,0,0,1,1,-1,1,1,62,9,-1,-1,-1,-1,5,E01013931,0,1
2025311594157,2025,311594157,1,9,0,-1,19,1,5,-1,0,0,0,0,0,0,4,1,-1,6,2,19,4,-1,-1,-1,-1,-1,-1,0,-1
2025311594191,2025,311594191,1,98,0,-1,19,3,7,-1,9,0,0,0,1,3,4,1,-1,2,1,47,8,-1,-1,-1,-1,6,E01028142,0,1
2025311594273,2025,311594273,1,9,0,-1,4,1,5,-1,0,1,0,0,0,0,1,1,-1,6,1,30,6,-1,-1,-1,-1,1,E01013919,0,1
2025311594273,2025,311594273,2,9,0,-1,3,1,5,-1,0,1,0,0,0,0,2,1,-1,9,2,37,7,-1,-1,-1,-1,3,E01028187,0,2
2025311594295,2025,311594295,2,1,0,-1,19,8,4,-1,0,6,0,0,0,0,1,1,-1,6,1,14,3,-1,-1,-1,-1,4,E01028294,0,1
2025311594295,2025,311594295,1,9,0,-1,19,4,2,-1,0,1,0,0,0,0,4,1,-1,6,2,62,9,-1,-1,-1,-1,2,E01028313,0,4
2025311594384,2025,311594384,1,9,0,-1,13,6,1,-1,0,0,5,0,1,0,1,2,-1,2,1,44,7,-1,-1,-1,-1,3,E01031079,0,4
2025311594405,2025,311594405,1,9,0,-1,19,8,4,-1,0,0,0,0,0,0,1,1,-1,6,1,40,7,-1,-1,-1,-1,5,E01028189,0,1
2025311594428,2025,311594428,1,9,0,-1,19,4,8,-1,0,1,0,0,1,0,1,1,-1,2,1,29,6,-1,-1,-1,-1,1,E01013841,0,1
2025311594470,2025,311594470,1,9,0,-1,19,5,7,-1,0,0,0,0,1,0,1,1,-1,6,1,18,4,-1,-1,-1,-1,-1,-1,0,-1
2025311594470,2025,311594470,2,9,0,-1,19,5,1,-1,0,0,0,0,1,0,3,1,-1,6,2,51,8,-1,-1,-1,-1,-1,-1,0,-1
2025311594484,2025,311594484,1,1,0,-1,19,3,7,-1,0,1,0,0,0,0,2,1,-1,1,1,40,7,-1,-1,-1,-1,1,E01013810,0,1
2025311594484,2025,311594484,2,9,-1,-1,19,3,7,-1,0,1,0,0,0,0,1,9,-1,6,3,-1,-1,-1,-1,-1,-1,-1,-1,0,-1
2025311594492,2025,311594492,1,9,0,-1,5,1,2,-1,0,0,0,0,0,0,0,1,-1,6,2,64,9,-1,-1,-1,-1,-1,-1,0,-1
2025311594505,2025,311594505,2,9,0,-1,19,5,8,-1,0,0,0,0,0,0,1,1,-1,6,2,34,6,-1,-1,-1,-1,1,E01033411,0,1
2025311594505,2025,311594505,1,-1,0,-1,19,1,6,-1,4,0,5,0,0,0,1,1,-1,1,1,28,6,-1,-1,-1,-1,1,E01013940,1,1
2025311594741,2025,311594741,1,9,0,-1,3,1,5,-1,0,0,0,0,0,0,2,2,-1,6,3,-1,-1,-1,-1,-1,-1,-1,-1,0,-1
2025311594741,2025,311594741,3,9,0,-1,19,1,5,-1,0,0,0,0,0,0,1,2,-1,6,1,-1,-1,-1,-1,-1,-1,-1,-1,0,-1
2025311594741,2025,311594741,2,9,0,-1,3,1,5,-1,0,0,0,0,0,0,2,2,-1,6,1,62,9,-1,-1,-1,-1,3,E01019647,0,2
2025311594896,2025,311594896,2,1,0,-1,19,2,1,-1,0,1,0,0,0,0,1,1,-1,6,1,50,8,-1,-1,-1,-1,2,E01027955,0,1
2025311594896,2025,311594896,1,9,0,-1,9,1,2,-1,0,1,0,0,0,0,4,2,-1,6,1,43,7,-1,-1,-1,-1,3,E01019797,0,3
2025311594971,2025,311594971,2,9,0,-1,19,2,7,-1,0,0,0,0,0,0,1,1,-1,9,2,36,7,-1,-1,-1,-1,6,E01033413,0,1
2025311594971,2025,311594971,1,19,0,-1,19,3,7,-1,0,0,0,0,0,0,4,1,-1,6,1,28,6,-1,-1,-1,-1,3,E01019667,0,2
2025311595166,2025,311595166,2,9,0,-1,19,3,7,-1,0,1,0,0,1,0,3,1,-1,9,1,67,10,-1,-1,-1,-1,3,E01019496,0,2
2025311595166,2025,311595166,1,9,0,-1,6,7,3,-1,0,2,0,0,6,11,1,2,-1,9,1,89,11,-1,-1,-1,-1,4,E01028045,0,1
2025311595174,2025,311595174,1,20,-1,-1,13,-1,-1,-1,-1,0,-1,-1,-1,0,-1,9,-1,6,1,22,5,-1,-1,-1,-1,-1,-1,0,-1
2025311595174,2025,311595174,2,9,0,-1,19,1,5,-1,0,0,0,0,0,0,2,1,-1,9,2,65,9,-1,-1,-1,-1,9,E01028415,0,1
2025311595352,2025,311595352,1,9,0,-1,12,7,3,-1,0,0,0,0,0,0,2,1,-1,2,2,45,7,-1,-1,-1,-1,5,E01019480,0,3
2025311595352,2025,311595352,2,9,0,-1,19,7,3,-1,0,0,0,0,0,0,1,1,-1,6,2,21,5,-1,-1,-1,-1,2,E01027958,0,3
2025311595361,2025,311595361,2,9,0,-1,3,3,7,-1,0,0,0,0,0,0,2,1,-1,6,1,65,9,-1,-1,-1,-1,1,E01026074,0,4
2025311595361,2025,311595361,1,9,0,-1,3,3,7,-1,0,0,0,0,0,0,2,1,-1,6,1,61,9,-1,-1,-1,-1,8,E01028327,0,3
2025311595361,2025,311595361,3,8,0,-1,19,3,7,-1,0,0,0,0,0,0,1,1,-1,1,1,39,7,-1,-1,-1,-1,-1,-1,0,-1
2025311595401,2025,311595401,1,9,0,-1,19,2,6,-1,0,1,0,0,0,0,3,1,-1,1,2,33,6,-1,-1,-1,-1,-1,-1,0,-1
2025311595401,2025,311595401,2,9,0,-1,19,8,4,-1,0,8,0,0,0,0,1,1,-1,9,1,37,7,-1,-1,-1,-1,-1,-1,0,-1
2025311595858,2025,311595858,1,-1,0,-1,19,3,7,-1,0,0,0,0,0,0,0,1,-1,6,1,9,2,-1,-1,-1,-1,-1,-1,1,-1
2025311596256,2025,311596256,2,9,0,-1,2,0,0,-1,0,1,0,0,0,0,3,1,-1,6,-1,-1,-1,-1,-1,-1,-1,-1,-1,0,-1
2025311596256,2025,311596256,4,9,0,-1,2,0,0,-1,9,1,0,0,0,0,4,1,-1,6,-1,-1,-1,-1,-1,-1,-1,-1,-1,0,-1
2025311596256,2025,311596256,3,9,0,-1,19,7,3,-1,0,1,0,0,3,0,1,1,-1,6,1,20,4,-1,-1,-1,-1,-1,-1,0,-1
2025311596256,2025,311596256,1,9,0,-1,19,7,3,-1,0,1,0,0,0,0,0,1,-1,1,1,35,6,-1,-1,-1,-1,-1,-1,0,-1
2025311596264,2025,311596264,1,9,0,-1,3,5,1,-1,0,1,0,0,0,0,2,1,-1,9,2,77,11,-1,-1,-1,-1,9,E01028120,0,1