collision_index,collision_year,collision_ref_no,vehicle_reference,vehicle_type,towing_and_articulation,vehicle_manoeuvre_historic,vehicle_manoeuvre,vehicle_direction_from,vehicle_direction_to,vehicle_location_restricted_lane_historic,vehicle_location_restricted_lane,junction_location,skidding_and_overturning,hit_object_in_carriageway,vehicle_leaving_carriageway,hit_object_off_carriageway,first_point_of_impact,vehicle_left_hand_drive,journey_purpose_of_driver_historic,journey_purpose_of_driver,sex_of_driver,age_of_driver,age_band_of_driver,engine_capacity_cc,propulsion_code,age_of_vehicle,generic_make_model,driver_imd_decile,lsoa_of_driver,escooter_flag,driver_distance_banding
2025311605145,2025,311605145,2,9,0,-1,19,6,7,-1,0,0,0,0,0,0,1,1,-1,6,2,31,6,-1,-1,-1,-1,6,E01028325,0,1
2025311605233,2025,311605233,1,19,0,-1,7,5,7,-1,0,1,0,11,0,0,3,1,-1,9,1,54,8,-1,-1,-1,-1,-1,-1,0,-1
2025311605233,2025,311605233,2,1,0,-1,19,1,5,-1,0,8,0,0,0,0,3,1,-1,6,1,29,6,-1,-1,-1,-1,-1,-1,0,-1
2025311605261,2025,311605261,1,-1,0,-1,9,3,1,-1,9,5,0,0,7,0,0,1,-1,9,1,33,6,-1,-1,-1,-1,1,E01013810,1,1
2025311605320,2025,311605320,1,9,0,-1,19,4,8,-1,0,1,0,0,0,0,1,9,-1,6,3,-1,-1,-1,-1,-1,-1,-1,-1,0,-1
2025311605320,2025,311605320,2,3,0,-1,19,4,8,-1,0,1,0,0,0,0,2,1,-1,6,1,26,6,-1,-1,-1,-1,-1,-1,0,-1
2025311605494,2025,311605494,1,9,0,-1,8,3,4,-1,0,1,0,0,0,0,1,1,-1,6,1,41,7,-1,-1,-1,-1,-1,-1,0,-1
2025311605494,2025,311605494,2,9,0,-1,7,3,2,-1,0,1,0,0,0,0,1,1,-1,6,2,79,11,-1,-1,-1,-1,-1,-1,0,-1
2025311605527,2025,311605527,1,3,0,-1,19,4,8,-1,0,0,2,0,1,0,2,1,-1,9,1,24,5,-1,-1,-1,-1,1,E01013810,0,3
2025311605527,2025,311605527,2,9,0,-1,19,4,8,-1,0,0,0,0,1,0,1,1,-1,6,1,36,7,-1,-1,-1,-1,1,E01019444,0,2
2025311605654,2025,311605654,2,9,0,-1,19,1,5,-1,0,0,0,0,0,0,1,1,-1,9,1,53,8,-1,-1,-1,-1,7,E01019695,0,2
2025311605654,2025,311605654,1,9,4,-1,19,1,5,-1,0,0,0,0,0,0,0,1,-1,1,1,33,6,-1,-1,-1,-1,1,E01010340,0,4
2025311605724,2025,311605724,1,9,0,-1,19,7,3,-1,0,8,0,0,0,0,1,9,-1,6,1,26,6,-1,-1,-1,-1,1,E01013919,0,1
2025311605724,2025,311605724,2,9,0,-1,19,1,5,-1,0,8,0,0,0,0,1,9,-1,6,2,70,10,-1,-1,-1,-1,10,E01028382,0,2
2025311605897,2025,311605897,2,1,0,-1,19,6,2,-1,9,0,2,0,0,0,3,1,-1,9,1,25,5,-1,-1,-1,-1,-1,-1,0,-1
2025311605897,2025,311605897,1,9,0,-1,19,4,8,-1,0,0,0,0,0,0,1,1,-1,9,2,54,8,-1,-1,-1,-1,1,E01013849,0,1
2025311606206,2025,311606206,1,23,0,-1,19,4,4,-1,9,0,0,0,7,0,1,1,-1,6,1,13,3,-1,-1,-1,-1,-1,-1,0,-1
2025311606373,2025,311606373,2,9,0,-1,9,5,3,-1,0,8,0,0,0,0,1,1,-1,9,1,27,6,-1,-1,-1,-1,3,E01028166,0,2
2025311606373,2025,311606373,1,1,0,-1,19,1,5,-1,0,1,0,0,0,0,1,1,-1,1,1,18,4,-1,-1,-1,-1,2,E01013835,0,2
2025311606419,2025,311606419,1,8,0,-1,5,7,3,-1,0,0,0,0,0,0,4,1,-1,1,1,44,7,-1,-1,-1,-1,3,E01027985,0,1
2025311606437,2025,311606437,1,9,0,-1,-1,-1,-1,-1,-1,0,-1,-1,-1,0,-1,9,-1,6,1,-1,-1,-1,-1,-1,-1,-1,-1,0,-1
2025311606437,2025,311606437,2,1,5,-1,-1,-1,-1,-1,-1,0,-1,-1,-1,0,-1,1,-1,6,1,-1,-1,-1,-1,-1,-1,7,E01028000,0,3
2025311606471,2025,311606471,1,9,0,-1,19,6,2,-1,0,0,1,10,2,2,1,1,-1,9,1,24,5,-1,-1,-1,-1,1,E01013817,0,1
2025311606471,2025,311606471,2,9,0,-1,19,6,2,-1,0,0,1,0,0,0,1,1,-1,9,1,25,5,-1,-1,-1,-1,7,E01019656,0,2
2025311606471,2025,311606471,4,1,0,-1,19,2,6,-1,9,0,0,0,0,0,4,1,-1,9,1,18,4,-1,-1,-1,-1,-1,-1,0,-1
2025311606471,2025,311606471,3,1,0,-1,19,2,6,-1,9,0,5,0,0,0,4,1,-1,9,1,17,4,-1,-1,-1,-1,-1,-1,0,-1
2025311606471,2025,311606471,5,1,0,-1,19,2,6,-1,0,0,0,0,0,0,4,1,-1,9,1,18,4,-1,-1,-1,-1,-1,-1,0,-1
2025311606660,2025,311606660,2,9,0,-1,10,4,2,-1,0,1,0,0,0,0,1,1,-1,9,1,57,9,-1,-1,-1,-1,-1,-1,0,-1
2025311606660,2025,311606660,1,9,0,-1,19,1,1,-1,0,1,0,0,0,0,4,1,-1,6,2,54,8,-1,-1,-1,-1,-1,-1,0,-1
2025311606673,2025,311606673,1,11,0,-1,4,7,3,-1,0,0,0,0,0,0,0,1,-1,1,1,63,9,-1,-1,-1,-1,-1,-1,0,-1
2025311606693,2025,311606693,1,9,0,-1,14,4,7,-1,0,0,0,0,0,0,1,1,-1,1,2,49,8,-1,-1,-1,-1,4,E01019522,0,1
2025311606693,2025,311606693,2,9,0,-1,19,8,4,-1,0,0,0,0,0,0,1,1,-1,1,1,50,8,-1,-1,-1,-1,7,E01027984,0,1
2025311606694,2025,311606694,1,9,-1,-1,-1,-1,-1,-1,-1,0,-1,-1,-1,0,-1,9,-1,6,3,-1,-1,-1,-1,-1,-1,-1,-1,0,-1
2025311606734,2025,311606734,2,1,0,-1,19,3,7,-1,0,1,0,0,0,0,1,1,-1,9,1,59,9,-1,-1,-1,-1,10,E01028354,0,1
2025311606734,2025,311606734,1,9,0,-1,9,7,3,-1,0,1,0,0,0,0,4,1,-1,9,2,59,9,-1,-1,-1,-1,9,E01028214,0,1
2025311606746,2025,311606746,1,9,0,-1,19,7,3,-1,0,0,1,0,0,0,1,1,-1,6,1,25,5,-1,-1,-1,-1,5,E01035503,0,1
2025311606746,2025,311606746,2,9,0,-1,19,3,7,-1,0,0,1,0,0,0,1,1,-1,6,1,32,6,-1,-1,-1,-1,2,E01013943,0,1
2025311606774,2025,311606774,2,97,0,-1,19,3,7,-1,0,0,2,0,1,0,1,1,-1,6,1,25,5,-1,-1,-1,-1,-1,-1,0,-1
2025311606774,2025,311606774,1,9,0,-1,19,7,3,-1,0,0,0,0,0,0,1,1,-1,6,1,54,8,-1,-1,-1,-1,5,E01016809,0,5
2025311607118,2025,311607118,1,9,0,-1,19,4,8,-1,0,8,0,0,0,0,1,1,-1,6,1,32,6,-1,-1,-1,-1,1,E01028320,0,2
2025311607118,2025,311607118,2,9,0,-1,9,3,1,-1,0,8,5,0,0,0,2,1,-1,6,1,41,7,-1,-1,-1,-1,4,E01028038,0,3
2025311607128,2025,311607128,1,9,0,-1,19,5,1,-1,0,0,0,7,0,0,1,1,-1,6,1,56,9,-1,-1,-1,-1,6,E01028175,0,1
2025311607128,2025,311607128,2,9,0,-1,19,1,5,-1,0,0,0,7,0,0,1,1,-1,2,2,29,6,-1,-1,-1,-1,-1,-1,0,-1
2025311607143,2025,311607143,1,9,0,-1,19,5,1,-1,0,0,0,0,0,0,1,1,-1,6,1,22,5,-1,-1,-1,-1,-1,-1,0,-1
2025311607143,2025,311607143,2,9,0,-1,2,0,0,-1,0,0,0,0,7,0,2,1,-1,6,2,65,9,-1,-1,-1,-1,-1,-1,0,-1
2025311607167,2025,311607167,2,1,0,-1,5,1,5,-1,0,4,0,0,0,0,3,1,-1,9,1,12,3,-1,-1,-1,-1,3,E01028014,0,1
2025311607167,2025,311607167,1,9,0,-1,5,7,1,-1,0,3,0,0,0,0,4,1,-1,9,1,19,4,-1,-1,-1,-1,7,E01028021,0,1
2025311607542,2025,311607542,1,11,0,-1,5,3,7,-1,0,0,0,0,0,0,0,1,-1,1,1,33,6,-1,-1,-1,-1,-1,-1,0,-1
2025311607589,2025,311607589,2,9,0,-1,19,7,3,-1,0,0,1,0,7,0,1,1,-1,6,1,52,8,-1,-1,-1,-1,3,E01019508,0,1
2025311607589,2025,311607589,1,9,0,-1,19,3,7,-1,0,0,1,0,1,0,1,1,-1,6,1,81,11,-1,-1,-1,-1,2,E01019507,0,1
2025311607623,2025,311607623,1,9,0,-1,19,7,3,-1,0,1,0,0,0,0,1,1,-1,9,2,57,9,-1,-1,-1,-1,-1,-1,0,-1
2025311607623,2025,311607623,2,1,0,-1,19,5,1,-1,0,6,0,0,0,0,1,1,-1,6,1,7,2,-1,-1,-1,-1,8,E01028010,0,1
2025311607655,2025,311607655,1,11,0,-1,5,7,3,-1,0,0,0,0,0,0,0,2,-1,6,2,60,9,-1,-1,-1,-1,-1,-1,0,-1
2025311607660,2025,311607660,1,1,0,-1,19,3,7,-1,0,1,0,0,0,0,1,1,-1,1,1,29,6,-1,-1,-1,-1,-1,-1,0,-1
2025311607670,2025,311607670,1,9,0,-1,6,7,3,-1,0,0,0,0,0,0,4,1,-1,9,2,40,7,-1,-1,-1,-1,4,E01013929,0,1
2025311607670,2025,311607670,2,4,0,-1,5,7,7,-1,0,0,0,0,0,0,1,1,-1,9,1,28,6,-1,-1,-1,-1,6,E01028125,0,1
2025311607746,2025,311607746,2,9,0,-1,7,5,1,-1,0,6,0,0,0,0,1,1,-1,9,2,39,7,-1,-1,-1,-1,-1,-1,0,-1
2025311607746,2025,311607746,1,3,0,-1,9,1,5,-1,0,6,0,0,0,0,1,1,-1,1,1,36,7,-1,-1,-1,-1,-1,-1,0,-1
2025311607753,2025,311607753,1,90,0,-1,19,3,7,-1,0,2,0,0,0,0,1,1,-1,9,1,32,6,-1,-1,-1,-1,-1,-1,0,-1
2025311608020,2025,311608020,2,1,0,-1,5,5,1,-1,0,0,0,0,0,0,1,1,-1,6,2,13,3,-1,-1,-1,-1,-1,-1,0,-1
2025311608020,2025,311608020,1,9,0,-1,5,1,5,-1,0,0,0,0,0,0,0,1,-1,1,2,59,9,-1,-1,-1,-1,1,E01013878,0,3
2025311608232,2025,311608232,1,9,0,-1,19,5,1,-1,0,0,0,0,0,0,4,1,-1,9,2,23,5,-1,-1,-1,-1,-1,-1,0,-1
2025311608232,2025,311608232,2,1,0,-1,19,5,1,-1,0,0,0,0,0,0,1,1,-1,6,1,59,9,-1,-1,-1,-1,1,E01027930,0,1
2025311608312,2025,311608312,2,9,0,-1,19,7,3,-1,0,0,0,0,0,0,3,1,-1,2,2,53,8,-1,-1,-1,-1,-1,-1,0,-1
2025311608312,2025,311608312,1,9,0,-1,19,3,7,-1,0,0,0,0,0,0,1,1,-1,6,-1,20,4,-1,-1,-1,-1,-1,-1,0,-1
2025311608354,2025,311608354,2,1,0,-1,19,7,7,-1,0,1,0,0,0,0,4,1,-1,6,1,30,6,-1,-1,-1,-1,-1,-1,0,-1
2025311608354,2025,311608354,1,9,0,-1,10,2,6,-1,0,1,0,0,0,0,3,1,-1,6,2,65,9,-1,-1,-1,-1,-1,-1,0,-1
2025311608364,2025,311608364,1,9,0,-1,15,4,2,-1,0,0,0,0,0,0,4,1,-1,6,1,74,10,-1,-1,-1,-1,-1,-1,0,-1
2025311608364,2025,311608364,2,98,0,-1,15,6,2,-1,0,0,0,0,0,0,4,1,-1,6,1,65,9,-1,-1,-1,-1,-1,-1,0,-1
2025311608387,2025,311608387,2,5,0,-1,14,5,1,-1,0,0,0,0,0,0,1,1,-1,9,1,61,9,-1,-1,-1,-1,6,E01026098,0,4
2025311608387,2025,311608387,1,9,0,-1,6,1,5,-1,0,0,0,0,0,0,3,1,-1,9,2,30,6,-1,-1,-1,-1,8,E01026138,0,3
2025311608396,2025,311608396,1,9,0,-1,19,2,6,-1,0,0,5,4,0,0,1,1,-1,6,1,28,6,-1,-1,-1,-1,-1,-1,0,-1
2025311608396,2025,311608396,2,9,0,-1,2,0,0,-1,0,0,0,0,0,0,1,1,-1,6,1,-1,-1,-1,-1,-1,-1,6,E01013838,0,1
2025311608400,2025,311608400,1,9,0,-1,2,0,0,-1,0,0,0,0,0,0,2,1,-1,9,2,44,7,-1,-1,-1,-1,3,E01028209,0,1
2025311608400,2025,311608400,2,9,0,-1,20,7,3,-1,0,0,0,0,0,0,1,1,-1,1,2,54,8,-1,-1,-1,-1,8,E01028146,0,1
2025311608442,2025,311608442,2,9,3,-1,19,1,1,-1,0,8,0,0,0,0,2,1,-1,2,1,51,8,-1,-1,-1,-1,-1,-1,0,-1
2025311608442,2025,311608442,1,9,0,-1,19,2,4,-1,0,8,0,0,0,0,1,1,-1,6,1,85,11,-1,-1,-1,-1,5,E01013889,0,4
2025311608454,2025,311608454,1,9,0,-1,13,1,5,-1,0,2,0,0,0,0,4,1,-1,9,2,29,6,-1,-1,-1,-1,4,E01013929,0,1
2025311608454,2025,311608454,2,11,0,-1,19,5,1,-1,0,2,0,0,0,0,3,1,-1,1,1,50,8,-1,-1,-1,-1,-1,-1,0,-1
2025311608484,2025,311608484,2,1,0,-1,19,6,2,-1,0,5,0,0,0,0,3,1,-1,6,1,11,3,-1,-1,-1,-1,-1,-1,0,-1
2025311608484,2025,311608484,1,9,0,-1,9,2,4,-1,0,5,0,0,0,0,1,1,-1,9,1,52,8,-1,-1,-1,-1,2,E01013916,0,1
2025311608575,2025,311608575,1,9,0,-1,5,3,7,-1,0,0,0,0,0,0,0,1,-1,1,3,-1,-1,-1,-1,-1,-1,-1,-1,0,-1
2025311608575,2025,311608575,2,11,0,-1,5,7,3,-1,0,0,0,0,0,0,0,1,-1,6,2,29,6,-1,-1,-1,-1,-1,-1,0,-1
2025311608632,2025,311608632,1,9,0,-1,9,3,1,-1,0,2,0,0,0,0,4,1,-1,2,2,34,6,-1,-1,-1,-1,-1,-1,0,-1
2025311608632,2025,311608632,2,9,0,-1,5,2,6,-1,0,1,0,0,0,0,2,1,-1,6,2,56,9,-1,-1,-1,-1,-1,-1,0,-1
2025311608640,2025,311608640,1,9,0,-1,13,2,3,-1,0,0,0,10,7,0,3,1,-1,6,1,28,6,-1,-1,-1,-1,5,E01028164,0,2
2025311608737,2025,311608737,1,9,0,-1,19,7,3,-1,0,2,0,0,0,0,4,9,-1,6,3,-1,-1,-1,-1,-1,-1,-1,-1,0,-1
2025311608812,2025,311608812,2,21,0,-1,19,3,7,-1,0,2,0,0,0,0,1,1,-1,1,1,26,6,-1,-1,-1,-1,7,E01010461,0,4
2025311608812,2025,311608812,1,9,0,-1,10,3,7,-1,0,1,1,0,0,0,2,1,-1,9,2,18,4,-1,-1,-1,-1,-1,-1,0,-1
2025311608833,2025,311608833,1,9,0,-1,19,3,7,-1,0,0,0,4,0,0,1,1,-1,6,1,89,11,-1,-1,-1,-1,9,E01028292,0,1
2025311608833,2025,311608833,3,9,0,-1,2,0,0,-1,0,0,0,4,0,0,2,1,-1,6,-1,-1,-1,-1,-1,-1,-1,-1,-1,0,-1
2025311608833,2025,311608833,4,9,0,-1,2,0,0,-1,0,0,0,0,0,0,2,1,-1,6,-1,-1,-1,-1,-1,-1,-1,-1,-1,0,-1
2025311608833,2025,311608833,2,9,0,-1,2,0,0,-1,0,0,0,0,0,0,4,1,-1,6,-1,-1,-1,-1,-1,-1,-1,-1,-1,0,-1
2025311608872,2025,311608872,1,9,0,-1,4,2,6,-1,0,0,0,0,0,0,2,1,-1,6,1,53,8,-1,-1,-1,-1,9,E01028375,0,2
2025311608872,2025,311608872,2,9,0,-1,19,2,6,-1,0,0,0,0,0,0,1,1,-1,6,1,32,6,-1,-1,-1,-1,2,E01033399,0,1
2025311608876,2025,311608876,2,9,0,-1,19,1,5,-1,0,2,0,0,3,0,1,1,-1,9,1,48,8,-1,-1,-1,-1,5,E01013894,0,1
2025311608876,2025,311608876,1,9,0,-1,9,5,2,-1,0,1,0,0,0,0,1,1,-1,9,2,23,5,-1,-1,-1,-1,-1,-1,0,-1
2025311609194,2025,311609194,2,3,0,-1,19,5,8,-1,0,8,0,0,0,0,1,1,-1,6,1,43,7,-1,-1,-1,-1,8,E01028417,0,1
2025311609194,2025,311609194,1,9,0,-1,9,5,2,-1,0,1,0,0,0,0,3,1,-1,6,1,44,7,-1,-1,-1,-1,6,E01028392,0,1
2025311609232,2025,311609232,2,19,0,-1,19,4,8,-1,0,1,0,0,0,0,1,1,-1,1,1,21,5,-1,-1,-1,-1,2,E01013908,0,1
2025311609232,2025,311609232,1,5,0,-1,13,8,4,-1,0,1,0,0,7,0,1,1,-1,6,1,32,6,-1,-1,-1,-1,2,E01013908,0,1
2025311609249,2025,311609249,2,9,0,-1,19,5,1,-1,0,0,0,0,0,0,2,1,-1,9,2,23,5,-1,-1,-1,-1,3,E01007340,0,4
2025311609249,2025,311609249,1,9,0,-1,19,5,1,-1,0,0,0,0,0,0,1,1,-1,9,2,67,10,-1,-1,-1,-1,4,E01012802,0,5
2025311609664,2025,311609664,3,9,0,-1,4,3,3,-1,0,1,0,0,0,0,2,1,-1,2,1,50,8,-1,-1,-1,-1,-1,-1,0,-1
2025311609664,2025,311609664,2,9,0,-1,4,3,3,-1,0,1,1,0,0,0,2,1,-1,2,1,73,10,-1,-1,-1,-1,-1,-1,0,-1
2025311609664,2025,311609664,1,9,0,-1,13,3,3,-1,0,1,1,0,0,0,1,1,-1,2,1,52,8,-1,-1,-1,-1,-1,-1,0,-1
2025311609947,2025,311609947,1,9,0,-1,9,1,7,-1,0,1,0,0,0,0,3,1,-1,6,1,33,6,-1,-1,-1,-1,3,E01019508,0,1
2025311609947,2025,311609947,2,97,0,-1,19,1,5,-1,0,1,0,0,0,0,4,1,-1,2,1,32,6,-1,-1,-1,-1,1,E01019488,0,2
2025311610031,2025,311610031,1,19,-1,-1,-1,3,7,-1,-1,0,-1,-1,-1,-1,-1,9,-1,1,3,-1,-1,-1,-1,-1,-1,-1,-1,0,-1
2025311610442,2025,311610442,1,9,0,-1,4,1,5,-1,0,0,0,0,0,0,1,1,-1,6,2,36,7,-1,-1,-1,-1,1,E01019444,0,1
2025311610442,2025,311610442,2,9,0,-1,4,1,5,-1,0,0,0,0,0,0,-1,1,-1,6,3,-1,-1,-1,-1,-1,-1,7,E01019445,0,1
2025311610477,2025,311610477,2,90,0,-1,19,6,1,-1,0,0,0,0,0,0,3,1,-1,6,1,-1,-1,-1,-1,-1,-1,-1,-1,0,-1
2025311610477,2025,311610477,1,9,0,-1,19,3,8,-1,0,0,0,0,0,0,1,1,-1,6,2,21,5,-1,-1,-1,-1,10,E01028384,0,1
2025311610552,2025,311610552,1,11,0,-1,3,3,7,-1,0,0,0,0,0,0,0,1,-1,1,1,42,7,-1,-1,-1,-1,-1,-1,0,-1
2025311610568,2025,311610568,2,9,0,-1,19,5,1,-1,0,0,0,0,1,0,3,1,-1,9,2,29,6,-1,-1,-1,-1,9,E01028213,0,1
2025311610568,2025,311610568,1,9,0,-1,19,1,5,-1,0,0,0,0,0,0,3,1,-1,2,2,31,6,-1,-1,-1,-1,3,E01009597,0,4
2025311610880,2025,311610880,1,9,0,-1,1,7,3,-1,0,5,0,0,0,0,2,1,-1,2,1,38,7,-1,-1,-1,-1,-1,-1,0,-1
2025311611736,2025,311611736,1,11,0,-1,19,7,3,-1,0,0,0,0,0,0,0,1,-1,1,1,-1,-1,-1,-1,-1,-1,-1,-1,0,-1
2025311611876,2025,311611876,2,98,0,-1,19,1,5,-1,0,1,0,4,1,9,1,1,-1,1,1,54,8,-1,-1,-1,-1,-1,-1,0,-1
2025311611876,2025,311611876,1,9,0,-1,3,0,5,-1,0,1,0,0,0,0,2,1,-1,6,1,18,4,-1,-1,-1,-1,-1,-1,0,-1
2025311613806,2025,311613806,1,9,0,-1,19,7,8,-1,0,1,1,0,1,1,1,1,-1,6,1,68,10,-1,-1,-1,-1,-1,-1,0,-1
2025311613806,2025,311613806,2,9,0,-1,7,5,8,-1,0,7,0,0,0,0,1,1,-1,9,2,61,9,-1,-1,-1,-1,-1,-1,0,-1
2025311614079,2025,311614079,2,90,4,-1,7,3,5,-1,0,0,0,0,0,0,4,1,-1,1,1,39,7,-1,-1,-1,-1,9,E01013243,0,2
2025311614079,2025,311614079,1,9,0,-1,15,5,1,-1,0,0,0,0,0,0,1,1,-1,9,2,25,5,-1,-1,-1,-1,7,E01028023,0,1
2025311614261,2025,311614261,2,1,0,-1,19,5,8,-1,0,1,0,0,0,0,2,1,-1,7,2,8,2,-1,-1,-1,-1,10,E01028364,0,1
2025311614261,2025,311614261,1,99,0,-1,19,5,8,-1,0,1,0,0,0,0,1,1,-1,6,2,30,6,-1,-1,-1,-1,-1,-1,0,-1
2025311614312,2025,311614312,1,9,0,-1,2,8,1,-1,0,1,0,0,0,0,3,1,-1,6,1,53,8,-1,-1,-1,-1,1,E01013891,0,2
2025311614312,2025,311614312,2,1,0,-1,19,2,6,-1,0,2,0,0,0,0,1,1,-1,6,2,62,9,-1,-1,-1,-1,9,E01028376,0,1
2025311615560,2025,311615560,1,-1,0,-1,19,1,5,-1,9,0,0,0,0,0,1,1,-1,6,1,20,4,-1,-1,-1,-1,-1,-1,1,-1
2025311615560,2025,311615560,2,-1,0,-1,19,1,5,-1,9,0,0,0,0,0,0,1,-1,6,1,20,4,-1,-1,-1,-1,-1,-1,1,-1
2025311615865,2025,311615865,1,9,0,-1,9,7,6,-1,0,4,0,0,0,0,3,1,-1,6,1,70,10,-1,-1,-1,-1,2,E01019682,0,2
2025311615865,2025,311615865,2,11,0,-1,9,7,6,-1,0,4,0,0,0,0,4,1,-1,1,1,50,8,-1,-1,-1,-1,1,E01013959,0,1
2025311618787,2025,311618787,2,4,0,-1,19,1,3,-1,0,0,1,4,0,0,1,1,-1,2,1,18,4,-1,-1,-1,-1,-1,-1,0,-1
2025311618787,2025,311618787,1,9,0,-1,2,1,3,-1,0,0,0,0,0,0,1,1,-1,9,1,50,8,-1,-1,-1,-1,-1,-1,0,-1
2025311619309,2025,311619309,1,9,0,-1,7,7,2,-1,0,0,0,0,0,0,1,1,-1,9,2,26,6,-1,-1,-1,-1,6,E01028325,0,2
2025311620518,2025,311620518,1,3,0,-1,14,1,5,-1,0,1,0,0,0,0,1,1,-1,6,1,24,5,-1,-1,-1,-1,-1,-1,0,-1
2025311620518,2025,311620518,2,9,0,-1,10,1,7,-1,0,1,0,0,0,0,3,1,-1,6,2,50,8,-1,-1,-1,-1,-1,-1,0,-1
2025311620777,2025,311620777,1,1,0,-1,19,3,2,-1,9,0,0,0,0,0,1,1,-1,6,1,45,7,-1,-1,-1,-1,-1,-1,0,-1
2025311622242,2025,311622242,1,1,0,-1,19,-1,-1,-1,9,0,0,0,0,0,1,1,-1,6,2,-1,-1,-1,-1,-1,-1,-1,-1,0,-1
2025311622527,2025,311622527,1,9,0,-1,5,1,5,-1,0,8,0,0,0,0,1,1,-1,1,2,23,5,-1,-1,-1,-1,-1,-1,0,-1
2025311622527,2025,311622527,2,1,0,-1,19,7,3,-1,0,8,0,0,0,0,1,1,-1,6,1,50,8,-1,-1,-1,-1,-1,-1,0,-1
2025311623707,2025,311623707,2,1,0,-1,5,1,8,-1,0,0,0,0,0,0,3,1,-1,9,1,59,9,-1,-1,-1,-1,-1,-1,0,-1
2025311623707,2025,311623707,1,9,0,-1,5,1,2,-1,0,0,0,0,0,0,4,1,-1,9,1,34,6,-1,-1,-1,-1,7,E01027999,0,3
2025311625113,2025,311625113,1,9,-1,-1,19,7,3,-1,9,0,5,11,6,10,1,9,-1,6,1,20,4,-1,-1,-1,-1,2,E01028299,0,1
2025311625673,2025,311625673,1,9,0,-1,19,5,1,-1,0,0,0,0,0,0,3,1,-1,6,1,59,9,-1,-1,-1,-1,6,E01033413,0,1
2025311625673,2025,311625673,2,9,0,-1,19,1,5,-1,0,0,0,0,0,0,3,1,-1,6,1,19,4,-1,-1,-1,-1,1,E01013862,0,1
2025311626180,2025,311626180,1,99,0,-1,19,1,3,-1,0,0,0,0,0,0,2,9,-1,6,3,-1,-1,-1,-1,-1,-1,-1,-1,0,-1
2025311626180,2025,311626180,2,1,0,-1,-1,-1,-1,-1,-1,0,-1,0,0,0,0,1,-1,9,1,16,4,-1,-1,-1,-1,1,E01013891,0,1
2025311626180,2025,311626180,3,1,0,-1,19,1,2,-1,0,0,1,0,0,0,2,1,-1,9,1,14,3,-1,-1,-1,-1,1,E01013891,0,1
2025311630589,2025,311630589,1,1,0,-1,19,3,7,-1,5,0,0,0,0,0,0,1,-1,6,1,59,9,-1,-1,-1,-1,8,E01028061,0,1
2025311634211,2025,311634211,2,-1,0,-1,19,2,6,-1,0,0,0,0,0,0,1,1,-1,6,1,8,2,-1,-1,-1,-1,1,E01028226,1,1
2025311634211,2025,311634211,1,9,0,-1,19,8,4,-1,0,0,0,0,0,0,4,1,-1,6,1,51,8,-1,-1,-1,-1,-1,-1,0,-1
2025311642871,2025,311642871,1,2,0,-1,2,3,3,-1,0,1,0,0,0,0,0,1,-1,6,1,30,6,-1,-1,-1,-1,-1,-1,0,-1
2025311653106,2025,311653106,2,9,0,-1,2,0,0,-1,0,0,0,0,0,0,1,1,-1,6,1,-1,-1,-1,-1,-1,-1,7,E01028124,0,1
2025311653106,2025,311653106,3,9,0,-1,2,0,0,-1,0,0,0,0,0,0,1,1,-1,6,1,54,8,-1,-1,-1,-1,10,E01019640,0,2
2025311653106,2025,311653106,1,9,0,-1,19,2,2,-1,0,0,0,0,0,0,1,1,-1,6,1,52,8,-1,-1,-1,-1,9,E01028123,0,1
2025311653413,2025,311653413,1,11,0,-1,2,3,7,-1,0,2,0,0,0,0,0,1,-1,6,-1,-1,-1,-1,-1,-1,-1,-1,-1,0,-1
2025320001297,2025,320001297,2,9,0,-1,-1,6,2,0,0,6,0,0,1,0,1,-1,-1,-1,1,33,6,-1,-1,-1,-1,-1,-1,0,-1
2025320001297,2025,320001297,1,9,0,7,7,4,6,0,0,6,0,0,0,0,1,-1,-1,-1,2,76,11,-1,-1,-1,-1,-1,-1,0,-1
2025320001588,2025,320001588,2,9,0,7,7,8,2,0,0,8,2,0,0,0,3,-1,-1,-1,1,58,9,-1,-1,-1,-1,-1,-1,0,-1
2025320001588,2025,320001588,1,9,0,-1,-1,6,2,0,0,8,2,0,0,0,4,-1,-1,-1,2,67,10,-1,-1,-1,-1,-1,-1,0,-1
2025320002238,2025,320002238,1,9,0,-1,-1,3,6,0,0,0,1,0,0,0,1,-1,1,1,1,32,6,-1,-1,-1,-1,-1,-1,0,-1
2025320002238,2025,320002238,2,9,0,-1,-1,6,3,0,0,0,0,0,0,0,3,-1,1,1,1,44,7,-1,-1,-1,-1,-1,-1,0,-1
2025320003625,2025,320003625,1,3,0,-1,-1,4,8,0,0,3,2,0,0,0,3,-1,1,1,2,19,4,-1,-1,-1,-1,-1,-1,0,-1
2025320003657,2025,320003657,1,9,0,-1,-1,8,4,0,0,0,1,0,2,4,1,-1,-1,-1,1,38,7,-1,-1,-1,-1,-1,-1,0,-1
2025320004444,2025,320004444,1,9,0,7,7,6,8,0,0,8,0,0,0,0,1,-1,1,1,1,87,11,-1,-1,-1,-1,-1,-1,0,-1
2025320004540,2025,320004540,1,9,0,9,9,2,8,0,0,6,0,0,0,0,1,-1,-1,-1,3,120,11,-1,-1,-1,-1,-1,-1,0,-1
2025320004540,2025,320004540,2,1,0,-1,-1,8,4,0,0,6,5,0,0,0,4,-1,-1,-1,1,79,11,-1,-1,-1,-1,-1,-1,0,-1
2025320004573,2025,320004573,1,9,0,-1,-1,8,4,0,0,0,0,0,0,0,1,-1,-1,-1,2,59,9,-1,-1,-1,-1,-1,-1,0,-1
2025320004573,2025,320004573,2,9,0,4,4,8,4,0,0,0,0,0,0,0,2,-1,-1,-1,1,37,7,-1,-1,-1,-1,-1,-1,0,-1
2025320004740,2025,320004740,1,9,0,-1,-1,6,2,0,0,1,1,4,7,4,1,-1,1,1,1,70,10,-1,-1,-1,-1,-1,-1,0,-1