collision_index,collision_year,collision_ref_no,vehicle_reference,vehicle_type,towing_and_articulation,vehicle_manoeuvre_historic,vehicle_manoeuvre,vehicle_direction_from,vehicle_direction_to,vehicle_location_restricted_lane_historic,vehicle_location_restricted_lane,junction_location,skidding_and_overturning,hit_object_in_carriageway,vehicle_leaving_carriageway,hit_object_off_carriageway,first_point_of_impact,vehicle_left_hand_drive,journey_purpose_of_driver_historic,journey_purpose_of_driver,sex_of_driver,age_of_driver,age_band_of_driver,engine_capacity_cc,propulsion_code,age_of_vehicle,generic_make_model,driver_imd_decile,lsoa_of_driver,escooter_flag,driver_distance_banding
2025320004740,2025,320004740,3,9,0,2,2,0,0,0,0,1,0,0,0,0,1,-1,-1,-1,3,120,11,-1,-1,-1,-1,-1,-1,0,-1
2025320004740,2025,320004740,2,9,0,2,2,0,0,0,0,1,0,0,0,0,1,-1,-1,-1,3,120,11,-1,-1,-1,-1,-1,-1,0,-1
2025320005245,2025,320005245,1,9,0,-1,-1,2,6,0,0,0,0,0,1,0,1,-1,1,1,2,91,11,-1,-1,-1,-1,-1,-1,0,-1
2025320005489,2025,320005489,2,9,0,-1,-1,6,2,0,0,0,0,0,0,0,1,-1,1,1,1,35,6,-1,-1,-1,-1,-1,-1,0,-1
2025320005489,2025,320005489,1,19,0,13,13,2,6,0,0,0,0,0,7,0,1,-1,1,1,1,38,7,-1,-1,-1,-1,-1,-1,0,-1
2025320005489,2025,320005489,3,9,0,-1,-1,2,6,0,0,0,0,0,0,0,0,-1,-1,-1,1,38,7,-1,-1,-1,-1,-1,-1,0,-1
2025320005690,2025,320005690,1,9,0,-1,-1,2,6,0,0,0,0,0,1,4,4,-1,1,1,1,24,5,-1,-1,-1,-1,-1,-1,0,-1
2025320006944,2025,320006944,1,9,0,-1,-1,4,8,0,0,0,0,0,0,0,1,-1,-1,-1,2,62,9,-1,-1,-1,-1,-1,-1,0,-1
2025320007377,2025,320007377,1,9,0,9,9,2,1,0,0,5,0,0,0,11,1,-1,-1,-1,2,69,10,-1,-1,-1,-1,-1,-1,0,-1
2025320007377,2025,320007377,2,9,0,-1,-1,6,2,0,0,5,0,0,0,10,1,-1,-1,-1,1,32,6,-1,-1,-1,-1,-1,-1,0,-1
2025320007391,2025,320007391,1,9,0,-1,-1,6,2,0,0,0,0,0,0,0,1,-1,-1,-1,2,40,7,-1,-1,-1,-1,-1,-1,0,-1
2025320007391,2025,320007391,2,9,0,4,4,6,2,0,0,0,0,0,0,0,2,-1,1,1,2,31,6,-1,-1,-1,-1,-1,-1,0,-1
2025320008784,2025,320008784,1,9,0,-1,-1,8,4,0,0,0,1,0,5,0,1,-1,-1,-1,2,50,8,-1,-1,-1,-1,-1,-1,0,-1
2025320008787,2025,320008787,1,9,0,7,7,8,2,0,0,6,0,0,0,0,1,-1,-1,-1,1,20,4,-1,-1,-1,-1,-1,-1,0,-1
2025320008787,2025,320008787,2,9,0,-1,-1,6,2,0,0,6,0,0,0,0,1,-1,-1,-1,2,41,7,-1,-1,-1,-1,-1,-1,0,-1
2025320009312,2025,320009312,2,9,0,4,4,6,2,0,0,1,0,0,0,0,2,-1,-1,-1,2,26,6,-1,-1,-1,-1,-1,-1,0,-1
2025320009312,2025,320009312,1,19,0,-1,-1,6,2,0,0,1,0,0,0,0,1,-1,-1,-1,1,36,7,-1,-1,-1,-1,-1,-1,0,-1
2025320009321,2025,320009321,2,9,0,4,4,2,6,0,0,1,0,0,0,0,2,-1,1,1,1,50,8,-1,-1,-1,-1,-1,-1,0,-1
2025320009321,2025,320009321,1,3,0,-1,-1,2,6,0,0,1,1,0,1,0,1,-1,1,1,1,44,7,-1,-1,-1,-1,-1,-1,0,-1
2025320009656,2025,320009656,1,9,0,-1,-1,5,1,0,0,0,0,0,0,6,1,-1,-1,-1,1,20,4,-1,-1,-1,-1,-1,-1,0,-1
2025320010341,2025,320010341,1,9,0,-1,-1,2,6,0,0,0,0,0,0,0,1,-1,-1,-1,3,120,11,-1,-1,-1,-1,-1,-1,0,-1
2025320010341,2025,320010341,2,1,0,-1,-1,2,6,0,0,0,5,0,1,0,2,-1,-1,-1,2,23,5,-1,-1,-1,-1,-1,-1,0,-1
2025320010411,2025,320010411,1,9,0,9,9,4,2,0,0,5,0,0,0,0,1,-1,-1,-1,1,60,9,-1,-1,-1,-1,-1,-1,0,-1
2025320010423,2025,320010423,2,9,0,9,9,8,6,0,0,1,0,0,0,0,2,-1,-1,-1,1,25,5,-1,-1,-1,-1,-1,-1,0,-1
2025320010423,2025,320010423,1,9,0,-1,-1,8,4,0,0,1,0,0,0,0,1,-1,-1,-1,1,30,6,-1,-1,-1,-1,-1,-1,0,-1
2025320010449,2025,320010449,2,9,0,-1,-1,6,2,0,0,0,0,0,0,0,3,-1,1,1,2,32,6,-1,-1,-1,-1,-1,-1,0,-1
2025320010449,2025,320010449,1,9,0,-1,-1,2,6,0,0,0,0,0,7,0,1,-1,1,1,2,54,8,-1,-1,-1,-1,-1,-1,0,-1
2025320010751,2025,320010751,1,9,0,-1,-1,8,4,0,0,0,5,0,1,9,1,-1,-1,-1,1,59,9,-1,-1,-1,-1,-1,-1,0,-1
2025320011408,2025,320011408,1,19,0,13,13,4,8,0,0,1,1,0,7,0,1,-1,-1,-1,1,32,6,-1,-1,-1,-1,-1,-1,0,-1
2025320011606,2025,320011606,2,9,0,-1,-1,8,4,0,0,0,0,0,1,11,1,-1,1,1,1,31,6,-1,-1,-1,-1,-1,-1,0,-1
2025320011606,2025,320011606,1,9,0,-1,-1,4,8,0,0,0,1,0,1,10,1,-1,-1,-1,2,33,6,-1,-1,-1,-1,-1,-1,0,-1
2025320012364,2025,320012364,2,9,0,2,2,0,0,0,0,0,0,0,1,0,1,-1,-1,-1,3,120,11,-1,-1,-1,-1,-1,-1,0,-1
2025320012364,2025,320012364,1,9,0,-1,-1,5,1,0,0,0,5,4,0,0,1,-1,1,1,2,40,7,-1,-1,-1,-1,-1,-1,0,-1
2025320012364,2025,320012364,3,9,0,2,2,0,0,0,0,0,0,0,0,0,1,-1,-1,-1,3,120,11,-1,-1,-1,-1,-1,-1,0,-1
2025320012462,2025,320012462,1,9,0,-1,-1,6,2,0,0,1,0,0,0,0,1,-1,-1,-1,2,78,11,-1,-1,-1,-1,-1,-1,0,-1
2025320012462,2025,320012462,2,1,0,9,9,2,8,0,0,1,5,0,0,0,1,-1,-1,-1,2,36,7,-1,-1,-1,-1,-1,-1,0,-1
2025320012472,2025,320012472,2,9,0,-1,-1,8,4,0,0,6,0,0,0,0,1,-1,-1,-1,2,61,9,-1,-1,-1,-1,-1,-1,0,-1
2025320012472,2025,320012472,1,9,0,7,7,2,4,0,0,6,0,0,0,0,1,-1,-1,-1,1,17,4,-1,-1,-1,-1,-1,-1,0,-1
2025320012480,2025,320012480,1,9,0,4,4,4,6,0,0,5,0,0,0,0,2,-1,1,1,1,51,8,-1,-1,-1,-1,-1,-1,0,-1
2025320012480,2025,320012480,2,9,0,-1,-1,4,6,0,0,5,0,0,0,0,1,-1,-1,-1,2,30,6,-1,-1,-1,-1,-1,-1,0,-1
2025320012836,2025,320012836,1,9,0,-1,-1,3,7,0,0,2,0,0,3,1,1,-1,-1,-1,1,21,5,-1,-1,-1,-1,-1,-1,0,-1
2025320013229,2025,320013229,1,9,0,-1,-1,6,2,0,0,2,0,0,0,0,1,-1,-1,-1,3,120,11,-1,-1,-1,-1,-1,-1,0,-1
2025320013426,2025,320013426,1,9,0,-1,-1,8,4,0,0,0,2,0,1,9,1,-1,-1,-1,1,41,7,-1,-1,-1,-1,-1,-1,0,-1
2025320014576,2025,320014576,2,9,0,-1,-1,8,4,0,0,1,0,0,7,0,1,-1,1,1,1,69,10,-1,-1,-1,-1,-1,-1,0,-1
2025320014576,2025,320014576,1,9,0,10,10,2,8,0,0,1,0,0,0,0,1,-1,1,1,1,68,10,-1,-1,-1,-1,-1,-1,0,-1
2025320016101,2025,320016101,1,9,0,-1,-1,8,3,0,0,0,0,0,0,0,1,-1,-1,-1,1,64,9,-1,-1,-1,-1,-1,-1,0,-1
2025320016219,2025,320016219,1,9,0,4,4,3,7,0,0,1,0,0,0,0,1,-1,-1,-1,1,30,6,-1,-1,-1,-1,-1,-1,0,-1
2025320016219,2025,320016219,2,9,0,4,4,3,7,0,0,1,0,0,0,0,2,-1,1,1,1,36,7,-1,-1,-1,-1,-1,-1,0,-1
2025320016622,2025,320016622,1,9,0,9,9,6,4,0,0,5,0,0,0,0,1,-1,-1,-1,2,66,10,-1,-1,-1,-1,-1,-1,0,-1
2025320016622,2025,320016622,2,9,0,-1,-1,2,6,0,0,5,0,0,1,1,1,-1,1,1,1,28,6,-1,-1,-1,-1,-1,-1,0,-1
2025320017010,2025,320017010,1,9,0,-1,-1,2,6,0,0,1,0,0,0,0,0,-1,-1,-1,2,34,6,-1,-1,-1,-1,-1,-1,0,-1
2025320017010,2025,320017010,2,1,0,-1,-1,6,2,0,0,1,5,0,0,0,1,-1,-1,-1,1,62,9,-1,-1,-1,-1,-1,-1,0,-1
2025320017467,2025,320017467,1,9,0,-1,-1,8,4,0,0,0,1,0,7,10,4,-1,-1,-1,2,17,4,-1,-1,-1,-1,-1,-1,0,-1
2025320017592,2025,320017592,1,9,0,-1,-1,4,8,0,0,0,1,0,0,0,1,-1,-1,-1,1,23,5,-1,-1,-1,-1,-1,-1,0,-1
2025320017592,2025,320017592,2,21,0,-1,-1,8,4,0,0,0,0,0,0,0,1,-1,-1,-1,1,68,10,-1,-1,-1,-1,-1,-1,0,-1
2025320018524,2025,320018524,2,9,0,4,4,2,6,0,0,0,0,0,0,0,2,-1,-1,-1,2,38,7,-1,-1,-1,-1,-1,-1,0,-1
2025320018524,2025,320018524,1,9,0,-1,-1,2,6,0,0,0,0,0,0,0,1,-1,-1,-1,1,21,5,-1,-1,-1,-1,-1,-1,0,-1
2025320018536,2025,320018536,1,9,0,4,4,8,4,0,0,1,1,0,0,0,1,-1,-1,-1,2,23,5,-1,-1,-1,-1,-1,-1,0,-1
2025320018536,2025,320018536,2,9,0,3,3,8,4,0,0,1,0,0,0,0,2,-1,1,1,1,32,6,-1,-1,-1,-1,-1,-1,0,-1
2025320018781,2025,320018781,1,9,0,-1,-1,4,8,0,0,0,0,0,0,0,1,-1,1,1,1,77,11,-1,-1,-1,-1,-1,-1,0,-1
2025320018781,2025,320018781,3,16,0,-1,-1,4,8,0,0,0,0,0,0,0,2,-1,-1,-1,3,120,11,-1,-1,-1,-1,-1,-1,0,-1
2025320018781,2025,320018781,2,9,0,-1,-1,8,4,0,0,0,0,0,0,0,1,-1,1,1,2,28,6,-1,-1,-1,-1,-1,-1,0,-1
2025320018791,2025,320018791,1,19,0,-1,-1,4,8,0,0,8,0,0,0,0,4,-1,-1,-1,1,58,9,-1,-1,-1,-1,-1,-1,0,-1
2025320018791,2025,320018791,2,9,0,-1,-1,4,8,0,0,8,0,0,0,0,1,-1,-1,-1,2,35,6,-1,-1,-1,-1,-1,-1,0,-1
2025320019863,2025,320019863,1,19,0,5,5,6,4,0,0,6,0,0,0,0,1,-1,1,1,1,31,6,-1,-1,-1,-1,-1,-1,0,-1
2025320021933,2025,320021933,1,9,0,-1,-1,5,1,0,0,0,0,0,1,0,1,-1,-1,-1,2,27,6,-1,-1,-1,-1,-1,-1,0,-1
2025320022222,2025,320022222,1,9,0,13,13,4,8,0,0,0,0,0,0,0,1,-1,1,1,1,31,6,-1,-1,-1,-1,-1,-1,0,-1
2025320022222,2025,320022222,2,3,0,-1,-1,8,4,0,0,0,2,0,1,4,1,-1,-1,-1,1,46,8,-1,-1,-1,-1,-1,-1,0,-1
2025320022452,2025,320022452,1,19,0,-1,-1,6,2,0,0,0,1,0,7,4,4,-1,-1,-1,2,35,6,-1,-1,-1,-1,-1,-1,0,-1
2025320022645,2025,320022645,1,19,0,-1,-1,2,6,0,0,0,0,0,0,0,1,-1,1,1,1,58,9,-1,-1,-1,-1,-1,-1,0,-1
2025320022645,2025,320022645,2,19,0,-1,-1,6,2,0,0,0,0,0,0,0,1,-1,1,1,1,61,9,-1,-1,-1,-1,-1,-1,0,-1
2025320022807,2025,320022807,2,9,0,-1,-1,6,2,0,0,8,2,0,0,0,4,-1,-1,-1,2,44,7,-1,-1,-1,-1,-1,-1,0,-1
2025320022807,2025,320022807,1,9,0,-1,-1,8,4,0,0,8,0,0,0,0,1,-1,-1,-1,3,120,11,-1,-1,-1,-1,-1,-1,0,-1
2025320024964,2025,320024964,1,9,0,-1,-1,8,4,0,0,7,0,0,0,0,1,-1,1,1,2,28,6,-1,-1,-1,-1,-1,-1,0,-1
2025320024964,2025,320024964,2,8,0,4,4,8,4,0,0,7,0,0,0,0,2,-1,1,1,1,41,7,-1,-1,-1,-1,-1,-1,0,-1
2025320025582,2025,320025582,1,9,0,9,9,4,3,0,0,5,0,0,0,0,1,-1,-1,-1,1,35,6,-1,-1,-1,-1,-1,-1,0,-1
2025320025910,2025,320025910,1,9,0,-1,-1,4,8,0,0,0,1,0,7,3,1,-1,1,1,1,52,8,-1,-1,-1,-1,-1,-1,0,-1
2025320025917,2025,320025917,2,1,0,-1,-1,3,7,0,0,5,5,0,0,0,1,-1,-1,-1,1,53,8,-1,-1,-1,-1,-1,-1,0,-1
2025320025917,2025,320025917,1,9,0,9,9,5,3,0,0,5,0,0,0,0,1,-1,-1,-1,1,82,11,-1,-1,-1,-1,-1,-1,0,-1
2025320026300,2025,320026300,1,21,0,-1,-1,6,2,0,0,0,0,0,0,0,1,-1,1,1,1,65,9,-1,-1,-1,-1,-1,-1,0,-1
2025320026300,2025,320026300,2,19,0,4,4,6,2,0,0,0,0,0,0,0,2,-1,1,1,1,54,8,-1,-1,-1,-1,-1,-1,0,-1
2025320027888,2025,320027888,2,9,0,3,3,5,1,0,0,2,0,0,0,0,2,-1,1,1,2,53,8,-1,-1,-1,-1,-1,-1,0,-1
2025320027888,2025,320027888,1,21,0,-1,-1,5,1,0,0,2,0,0,0,0,1,-1,1,1,1,54,8,-1,-1,-1,-1,-1,-1,0,-1
2025320027888,2025,320027888,3,9,0,3,3,5,1,0,0,2,0,0,1,0,2,-1,1,1,1,43,7,-1,-1,-1,-1,-1,-1,0,-1
2025320027955,2025,320027955,2,9,0,4,4,3,7,0,0,0,0,0,0,0,2,-1,-1,-1,2,61,9,-1,-1,-1,-1,-1,-1,0,-1
2025320027955,2025,320027955,1,3,0,-1,-1,3,7,0,0,0,1,0,0,0,1,-1,1,1,1,17,4,-1,-1,-1,-1,-1,-1,0,-1
2025320028156,2025,320028156,2,9,0,4,4,2,7,0,0,1,0,0,0,0,2,-1,-1,-1,2,47,8,-1,-1,-1,-1,-1,-1,0,-1
2025320028156,2025,320028156,1,9,0,-1,-1,2,6,0,0,1,0,0,0,0,1,-1,-1,-1,1,70,10,-1,-1,-1,-1,-1,-1,0,-1
2025320028156,2025,320028156,3,9,0,-1,-1,6,2,0,0,1,0,0,0,0,1,-1,-1,-1,1,61,9,-1,-1,-1,-1,-1,-1,0,-1
2025320028734,2025,320028734,2,9,0,-1,-1,4,8,0,0,1,1,0,1,4,3,-1,1,1,1,38,7,-1,-1,-1,-1,-1,-1,0,-1
2025320028734,2025,320028734,1,19,0,-1,-1,8,4,0,0,1,0,0,0,0,1,-1,-1,-1,1,31,6,-1,-1,-1,-1,-1,-1,0,-1
2025320029211,2025,320029211,2,1,0,-1,-1,8,4,0,0,8,0,0,0,0,4,-1,-1,-1,1,16,4,-1,-1,-1,-1,-1,-1,0,-1
2025320029211,2025,320029211,1,9,0,9,9,2,8,0,0,8,0,0,0,0,1,-1,-1,-1,1,45,7,-1,-1,-1,-1,-1,-1,0,-1
2025320029547,2025,320029547,1,9,0,-1,-1,4,8,0,0,2,0,0,7,4,1,-1,-1,-1,1,69,10,-1,-1,-1,-1,-1,-1,0,-1
2025320029550,2025,320029550,2,1,0,-1,-1,2,6,0,0,0,5,0,0,0,3,-1,-1,-1,1,13,3,-1,-1,-1,-1,-1,-1,0,-1
2025320029550,2025,320029550,1,9,0,-1,-1,2,6,0,0,0,0,0,0,0,1,-1,-1,-1,3,120,11,-1,-1,-1,-1,-1,-1,0,-1
2025320029945,2025,320029945,1,9,0,-1,-1,1,5,0,0,1,0,0,0,0,1,-1,-1,-1,2,56,9,-1,-1,-1,-1,-1,-1,0,-1
2025320029945,2025,320029945,2,19,0,4,4,1,5,0,0,1,0,0,0,0,2,-1,1,1,1,19,4,-1,-1,-1,-1,-1,-1,0,-1
2025320030044,2025,320030044,2,9,0,-1,-1,5,1,6,6,6,0,0,0,1,1,-1,1,1,1,24,5,-1,-1,-1,-1,-1,-1,0,-1
2025320030044,2025,320030044,1,20,0,-1,-1,5,1,6,6,6,0,0,0,0,3,-1,-1,-1,1,79,11,-1,-1,-1,-1,-1,-1,0,-1
2025320030246,2025,320030246,2,9,0,-1,-1,1,5,0,0,8,0,0,0,0,1,-1,-1,-1,1,72,10,-1,-1,-1,-1,-1,-1,0,-1
2025320030246,2025,320030246,1,9,0,9,9,5,3,0,0,8,0,0,0,0,1,-1,1,1,1,42,7,-1,-1,-1,-1,-1,-1,0,-1
2025320030312,2025,320030312,1,9,0,-1,-1,1,5,0,0,0,0,0,0,0,1,-1,1,1,1,33,6,-1,-1,-1,-1,-1,-1,0,-1
2025320031410,2025,320031410,1,9,0,9,9,4,2,0,0,5,0,0,0,0,1,-1,1,1,2,62,9,-1,-1,-1,-1,-1,-1,0,-1
2025320031551,2025,320031551,1,9,0,9,9,8,6,0,0,6,0,0,0,0,1,-1,1,1,1,38,7,-1,-1,-1,-1,-1,-1,0,-1
2025320031648,2025,320031648,1,9,0,-1,-1,5,1,0,0,1,0,0,1,0,1,-1,1,1,1,23,5,-1,-1,-1,-1,-1,-1,0,-1
2025320031648,2025,320031648,2,9,0,10,10,5,3,0,0,1,0,0,1,0,2,-1,1,1,1,24,5,-1,-1,-1,-1,-1,-1,0,-1
2025320032198,2025,320032198,1,4,0,-1,-1,1,4,0,0,2,5,0,1,0,3,-1,-1,-1,1,47,8,-1,-1,-1,-1,-1,-1,0,-1
2025320032480,2025,320032480,1,9,0,-1,-1,3,7,0,0,0,1,0,1,3,1,-1,-1,-1,2,20,4,-1,-1,-1,-1,-1,-1,0,-1
2025320032546,2025,320032546,1,9,0,9,9,4,2,0,0,8,0,0,0,0,4,-1,-1,-1,1,69,10,-1,-1,-1,-1,-1,-1,0,-1
2025320032546,2025,320032546,2,9,0,-1,-1,8,4,0,0,8,1,0,0,0,1,-1,-1,-1,1,32,6,-1,-1,-1,-1,-1,-1,0,-1
2025320032606,2025,320032606,1,9,0,-1,-1,2,6,0,0,0,1,0,7,11,1,-1,1,1,1,50,8,-1,-1,-1,-1,-1,-1,0,-1
2025320033130,2025,320033130,1,5,0,-1,-1,4,8,0,0,0,2,0,1,9,4,-1,-1,-1,1,39,7,-1,-1,-1,-1,-1,-1,0,-1
2025320034324,2025,320034324,2,9,0,3,3,4,8,0,0,0,0,0,0,0,1,-1,-1,-1,2,47,8,-1,-1,-1,-1,-1,-1,0,-1
2025320034324,2025,320034324,1,9,0,-1,-1,8,4,0,0,0,0,0,0,0,1,-1,-1,-1,1,39,7,-1,-1,-1,-1,-1,-1,0,-1
2025320034326,2025,320034326,2,9,0,-1,-1,3,7,0,0,6,0,0,0,0,1,-1,-1,-1,1,50,8,-1,-1,-1,-1,-1,-1,0,-1
2025320034326,2025,320034326,1,9,0,9,9,5,3,0,0,6,0,0,0,0,3,-1,-1,-1,2,31,6,-1,-1,-1,-1,-1,-1,0,-1
2025320034600,2025,320034600,2,9,0,-1,-1,8,4,0,0,0,1,0,1,9,1,-1,1,1,1,21,5,-1,-1,-1,-1,-1,-1,0,-1
2025320034600,2025,320034600,1,9,0,15,15,8,4,0,0,0,0,0,6,10,1,-1,-1,-1,3,120,11,-1,-1,-1,-1,-1,-1,0,-1
2025320036860,2025,320036860,2,9,0,-1,-1,6,5,0,0,1,0,0,0,0,3,-1,-1,-1,1,59,9,-1,-1,-1,-1,-1,-1,0,-1
2025320036860,2025,320036860,1,9,0,-1,-1,5,6,0,0,1,0,0,0,0,1,-1,-1,-1,1,55,8,-1,-1,-1,-1,-1,-1,0,-1
2025320036895,2025,320036895,2,2,0,-1,-1,6,2,0,0,6,0,0,0,0,3,-1,1,1,1,16,4,-1,-1,-1,-1,-1,-1,0,-1
2025320036895,2025,320036895,1,9,0,9,9,4,2,0,0,6,0,0,0,0,1,-1,1,1,1,47,8,-1,-1,-1,-1,-1,-1,0,-1
2025320037342,2025,320037342,2,9,0,10,10,1,7,0,0,1,0,0,0,0,2,-1,-1,-1,1,40,7,-1,-1,-1,-1,-1,-1,0,-1
2025320037342,2025,320037342,1,9,0,-1,-1,1,5,0,0,1,0,0,0,0,1,-1,-1,-1,1,30,6,-1,-1,-1,-1,-1,-1,0,-1
2025320037467,2025,320037467,1,19,0,-1,-1,3,7,0,0,0,0,0,0,0,4,-1,-1,-1,1,54,8,-1,-1,-1,-1,-1,-1,0,-1
2025320037583,2025,320037583,1,9,0,9,9,2,8,0,0,5,0,0,0,0,1,-1,-1,-1,2,71,10,-1,-1,-1,-1,-1,-1,0,-1
2025320038001,2025,320038001,2,3,0,-1,-1,6,2,0,0,0,5,0,0,0,0,-1,-1,-1,1,58,9,-1,-1,-1,-1,-1,-1,0,-1
2025320038001,2025,320038001,1,9,0,-1,-1,2,6,0,0,0,0,0,0,0,0,-1,-1,-1,2,48,8,-1,-1,-1,-1,-1,-1,0,-1
2025320038100,2025,320038100,2,21,0,-1,-1,5,1,0,0,6,0,0,1,0,3,-1,1,1,1,44,7,-1,-1,-1,-1,-1,-1,0,-1
2025320038100,2025,320038100,1,9,0,9,9,2,1,0,0,6,0,0,0,0,3,-1,1,1,2,60,9,-1,-1,-1,-1,-1,-1,0,-1
2025320038100,2025,320038100,3,9,0,-1,-1,1,5,0,0,6,0,0,0,0,1,-1,1,1,1,64,9,-1,-1,-1,-1,-1,-1,0,-1
2025320038158,2025,320038158,2,19,0,-1,-1,4,8,0,0,0,0,0,0,0,1,-1,1,1,1,39,7,-1,-1,-1,-1,-1,-1,0,-1
2025320038158,2025,320038158,1,9,0,-1,-1,8,4,0,0,0,0,0,0,0,1,-1,1,1,1,77,11,-1,-1,-1,-1,-1,-1,0,-1
2025320038325,2025,320038325,2,19,0,-1,-1,5,1,0,0,1,0,0,1,0,1,-1,-1,-1,1,26,6,-1,-1,-1,-1,-1,-1,0,-1
2025320038325,2025,320038325,1,9,0,-1,-1,1,5,0,0,1,0,0,0,0,1,-1,1,1,1,23,5,-1,-1,-1,-1,-1,-1,0,-1
2025320038407,2025,320038407,1,9,0,-1,-1,6,2,0,0,0,5,0,0,0,4,-1,-1,-1,2,26,6,-1,-1,-1,-1,-1,-1,0,-1
2025320038819,2025,320038819,1,9,0,-1,-1,6,2,0,0,0,1,0,0,0,1,-1,1,1,1,35,6,-1,-1,-1,-1,-1,-1,0,-1
2025320038819,2025,320038819,2,9,0,4,4,2,6,0,0,0,0,0,0,0,1,-1,1,1,1,30,6,-1,-1,-1,-1,-1,-1,0,-1
2025320038966,2025,320038966,1,9,0,9,9,6,2,0,0,6,0,0,0,0,1,-1,1,1,2,53,8,-1,-1,-1,-1,-1,-1,0,-1
2025320038966,2025,320038966,2,9,0,-1,-1,2,8,0,0,6,0,0,0,0,1,-1,1,1,1,36,7,-1,-1,-1,-1,-1,-1,0,-1
2025320040198,2025,320040198,1,9,0,-1,-1,4,8,0,0,0,0,0,0,0,1,-1,1,1,1,31,6,-1,-1,-1,-1,-1,-1,0,-1
2025320040498,2025,320040498,3,9,0,2,2,0,0,0,0,1,0,0,0,0,1,-1,-1,-1,1,19,4,-1,-1,-1,-1,-1,-1,0,-1
2025320040498,2025,320040498,1,9,0,-1,-1,7,3,0,0,1,5,4,0,0,1,-1,-1,-1,1,40,7,-1,-1,-1,-1,-1,-1,0,-1
2025320040498,2025,320040498,2,9,0,7,7,1,3,0,0,1,0,0,0,0,1,-1,-1,-1,2,57,9,-1,-1,-1,-1,-1,-1,0,-1
2025320040571,2025,320040571,1,9,0,9,9,8,6,0,0,6,0,0,0,0,3,-1,1,1,1,33,6,-1,-1,-1,-1,-1,-1,0,-1
2025320040571,2025,320040571,2,9,0,-1,-1,6,2,0,0,6,0,0,0,0,1,-1,1,1,1,30,6,-1,-1,-1,-1,-1,-1,0,-1
2025320041235,2025,320041235,2,9,0,3,3,6,2,0,0,1,0,0,0,0,2,-1,1,1,2,32,6,-1,-1,-1,-1,-1,-1,0,-1
2025320041235,2025,320041235,1,9,0,-1,-1,6,2,0,0,1,0,0,0,0,1,-1,-1,-1,2,120,11,-1,-1,-1,-1,-1,-1,0,-1
2025320041576,2025,320041576,1,9,0,7,7,8,2,0,0,5,0,0,0,0,1,-1,1,1,2,18,4,-1,-1,-1,-1,-1,-1,0,-1
2025320042245,2025,320042245,1,9,0,9,9,4,2,0,0,6,0,0,0,0,1,-1,1,1,1,81,11,-1,-1,-1,-1,-1,-1,0,-1
2025320042245,2025,320042245,2,9,0,-1,-1,2,6,0,0,6,0,0,0,0,4,-1,1,1,2,28,6,-1,-1,-1,-1,-1,-1,0,-1
2025320042615,2025,320042615,2,9,0,-1,-1,2,6,0,0,5,0,0,0,0,1,-1,-1,-1,1,57,9,-1,-1,-1,-1,-1,-1,0,-1
2025320042615,2025,320042615,3,9,0,10,10,3,2,0,0,5,0,0,0,0,3,-1,1,1,1,63,9,-1,-1,-1,-1,-1,-1,0,-1
2025320042615,2025,320042615,1,9,0,9,9,6,3,0,0,5,0,0,1,11,1,-1,1,1,2,23,5,-1,-1,-1,-1,-1,-1,0,-1
2025320042657,2025,320042657,1,21,0,-1,-1,4,8,0,0,1,0,0,0,0,1,-1,-1,-1,1,61,9,-1,-1,-1,-1,-1,-1,0,-1
2025320042657,2025,320042657,2,9,0,3,3,4,8,0,0,1,0,0,0,0,2,-1,1,1,2,35,6,-1,-1,-1,-1,-1,-1,0,-1
2025320043258,2025,320043258,1,9,0,-1,-1,6,2,0,0,0,0,0,7,9,1,-1,1,1,1,51,8,-1,-1,-1,-1,-1,-1,0,-1
2025320043950,2025,320043950,1,9,0,4,4,2,6,0,0,1,0,0,0,0,1,-1,1,1,1,47,8,-1,-1,-1,-1,-1,-1,0,-1
2025320043950,2025,320043950,2,9,0,4,4,2,6,0,0,1,0,0,0,0,2,-1,1,1,2,41,7,-1,-1,-1,-1,-1,-1,0,-1
2025320044229,2025,320044229,1,9,0,9,9,4,2,0,0,6,0,0,0,0,3,-1,-1,-1,1,58,9,-1,-1,-1,-1,-1,-1,0,-1
2025320044229,2025,320044229,2,9,0,-1,-1,2,6,0,0,6,0,0,0,0,1,-1,1,1,2,27,6,-1,-1,-1,-1,-1,-1,0,-1
2025320044336,2025,320044336,1,9,0,5,5,4,8,0,0,2,0,0,0,0,1,-1,-1,-1,2,120,11,-1,-1,-1,-1,-1,-1,0,-1
2025320044690,2025,320044690,1,10,0,-1,-1,5,1,0,0,1,0,0,0,0,1,-1,1,1,2,35,6,-1,-1,-1,-1,-1,-1,0,-1
2025320044690,2025,320044690,2,9,0,10,10,5,2,0,0,1,0,0,0,0,2,-1,1,1,1,61,9,-1,-1,-1,-1,-1,-1,0,-1
2025320044855,2025,320044855,1,17,0,9,9,6,5,0,0,5,0,0,0,0,3,-1,-1,-1,1,17,4,-1,-1,-1,-1,-1,-1,0,-1
2025320044855,2025,320044855,2,5,0,13,13,6,2,0,0,5,5,0,0,0,1,-1,-1,-1,1,21,5,-1,-1,-1,-1,-1,-1,0,-1
2025320045114,2025,320045114,2,9,0,-1,-1,1,5,0,0,8,0,0,0,0,1,-1,-1,-1,1,48,8,-1,-1,-1,-1,-1,-1,0,-1
2025320045114,2025,320045114,1,9,0,-1,-1,7,3,0,0,8,0,0,0,0,2,-1,-1,-1,2,40,7,-1,-1,-1,-1,-1,-1,0,-1
2025320047008,2025,320047008,1,9,0,9,9,3,1,0,0,5,0,0,0,0,1,-1,1,1,1,42,7,-1,-1,-1,-1,-1,-1,0,-1
2025320047147,2025,320047147,1,9,0,9,9,8,6,0,0,8,0,0,7,0,4,-1,-1,-1,1,56,9,-1,-1,-1,-1,-1,-1,0,-1
2025320047147,2025,320047147,2,9,0,-1,-1,4,8,0,0,8,0,0,1,0,1,-1,-1,-1,2,21,5,-1,-1,-1,-1,-1,-1,0,-1
2025320047573,2025,320047573,2,9,0,-1,-1,8,4,0,0,6,0,0,0,0,3,-1,-1,-1,2,30,6,-1,-1,-1,-1,-1,-1,0,-1
2025320047573,2025,320047573,1,9,0,7,7,6,8,0,0,6,0,0,0,0,3,-1,1,1,1,54,8,-1,-1,-1,-1,-1,-1,0,-1
2025320048140,2025,320048140,1,9,0,-1,-1,2,6,0,0,0,2,0,7,4,1,-1,-1,-1,1,23,5,-1,-1,-1,-1,-1,-1,0,-1
2025320048288,2025,320048288,2,9,0,9,9,6,3,0,0,1,0,0,0,0,3,-1,-1,-1,1,36,7,-1,-1,-1,-1,-1,-1,0,-1