collision_index,collision_year,collision_ref_no,vehicle_reference,vehicle_type,towing_and_articulation,vehicle_manoeuvre_historic,vehicle_manoeuvre,vehicle_direction_from,vehicle_direction_to,vehicle_location_restricted_lane_historic,vehicle_location_restricted_lane,junction_location,skidding_and_overturning,hit_object_in_carriageway,vehicle_leaving_carriageway,hit_object_off_carriageway,first_point_of_impact,vehicle_left_hand_drive,journey_purpose_of_driver_historic,journey_purpose_of_driver,sex_of_driver,age_of_driver,age_band_of_driver,engine_capacity_cc,propulsion_code,age_of_vehicle,generic_make_model,driver_imd_decile,lsoa_of_driver,escooter_flag,driver_distance_banding
2025320149158,2025,320149158,2,9,0,-1,-1,5,8,0,0,1,0,0,0,0,3,-1,-1,-1,1,26,6,-1,-1,-1,-1,-1,-1,0,-1
2025320149645,2025,320149645,1,9,0,13,13,2,6,0,0,1,0,0,7,9,1,-1,-1,-1,1,17,4,-1,-1,-1,-1,-1,-1,0,-1
2025320149645,2025,320149645,2,9,0,9,9,2,8,0,0,1,0,0,7,9,1,-1,-1,-1,2,67,10,-1,-1,-1,-1,-1,-1,0,-1
2025320150086,2025,320150086,1,9,0,-1,-1,6,2,0,0,0,0,0,0,0,1,-1,-1,-1,2,52,8,-1,-1,-1,-1,-1,-1,0,-1
2025320150159,2025,320150159,1,9,0,-1,-1,4,8,0,0,0,1,0,1,11,1,-1,-1,-1,1,18,4,-1,-1,-1,-1,-1,-1,0,-1
2025320150204,2025,320150204,1,9,0,9,9,8,6,0,0,8,0,0,0,0,3,-1,1,1,1,32,6,-1,-1,-1,-1,-1,-1,0,-1
2025320150204,2025,320150204,2,9,0,-1,-1,6,2,0,0,8,0,0,7,0,1,-1,-1,-1,1,18,4,-1,-1,-1,-1,-1,-1,0,-1
2025320151589,2025,320151589,1,9,0,9,9,4,2,0,0,6,0,0,0,0,3,-1,-1,-1,1,26,6,-1,-1,-1,-1,-1,-1,0,-1
2025320151589,2025,320151589,2,9,0,-1,-1,2,6,0,0,6,0,0,0,0,1,-1,-1,-1,1,37,7,-1,-1,-1,-1,-1,-1,0,-1
2025320152129,2025,320152129,1,9,0,7,7,6,2,0,0,0,0,0,0,0,1,-1,-1,-1,1,48,8,-1,-1,-1,-1,-1,-1,0,-1
2025320152129,2025,320152129,4,9,0,9,9,6,2,0,0,0,0,0,0,0,0,-1,1,1,2,57,9,-1,-1,-1,-1,-1,-1,0,-1
2025320152129,2025,320152129,3,9,0,-1,-1,6,2,0,0,0,0,0,0,0,2,-1,-1,-1,1,28,6,-1,-1,-1,-1,-1,-1,0,-1
2025320152129,2025,320152129,2,9,0,-1,-1,6,2,0,0,0,0,0,0,0,2,-1,1,1,2,21,5,-1,-1,-1,-1,-1,-1,0,-1
2025320152939,2025,320152939,2,9,0,-1,-1,2,6,0,0,6,0,0,1,10,4,-1,-1,-1,1,18,4,-1,-1,-1,-1,-1,-1,0,-1
2025320152939,2025,320152939,1,9,0,-1,-1,4,8,0,0,6,0,0,0,0,1,-1,-1,-1,1,25,5,-1,-1,-1,-1,-1,-1,0,-1
2025320153090,2025,320153090,3,9,0,-1,-1,8,4,0,0,0,0,0,0,0,1,-1,-1,-1,2,53,8,-1,-1,-1,-1,-1,-1,0,-1
2025320153090,2025,320153090,2,9,0,-1,-1,8,4,0,0,0,0,0,0,0,3,-1,-1,-1,1,75,10,-1,-1,-1,-1,-1,-1,0,-1
2025320153090,2025,320153090,1,9,0,13,13,4,8,0,0,0,0,0,0,0,1,-1,-1,-1,1,55,8,-1,-1,-1,-1,-1,-1,0,-1
2025320153721,2025,320153721,1,9,0,-1,-1,2,6,0,0,0,0,0,0,0,1,-1,-1,-1,3,120,11,-1,-1,-1,-1,-1,-1,0,-1
2025320153721,2025,320153721,2,9,0,-1,-1,2,6,0,0,0,0,0,0,0,2,-1,1,1,2,43,7,-1,-1,-1,-1,-1,-1,0,-1
2025320154207,2025,320154207,1,9,0,-1,-1,8,4,0,0,0,0,0,7,0,1,-1,1,1,1,24,5,-1,-1,-1,-1,-1,-1,0,-1
2025320154207,2025,320154207,2,9,0,-1,-1,4,8,0,0,0,0,0,7,0,1,-1,-1,-1,2,33,6,-1,-1,-1,-1,-1,-1,0,-1
2025320155970,2025,320155970,1,21,0,13,13,4,8,0,0,0,0,0,0,0,3,-1,-1,-1,1,52,8,-1,-1,-1,-1,-1,-1,0,-1
2025320155970,2025,320155970,2,9,0,13,13,4,8,0,0,0,0,4,7,2,4,-1,-1,-1,1,34,6,-1,-1,-1,-1,-1,-1,0,-1
2025320155970,2025,320155970,3,9,0,2,2,0,0,0,0,0,0,0,0,0,3,-1,-1,-1,1,18,4,-1,-1,-1,-1,-1,-1,0,-1
2025320156249,2025,320156249,1,9,0,13,13,2,6,0,0,0,0,0,1,0,1,-1,1,1,1,23,5,-1,-1,-1,-1,-1,-1,0,-1
2025320156249,2025,320156249,2,9,0,-1,-1,2,6,0,0,0,0,0,0,0,2,-1,1,1,2,41,7,-1,-1,-1,-1,-1,-1,0,-1
2025320156461,2025,320156461,1,19,0,-1,-1,2,6,0,0,0,0,4,0,0,1,-1,-1,-1,1,23,5,-1,-1,-1,-1,-1,-1,0,-1
2025320156461,2025,320156461,2,9,0,2,2,0,0,0,0,0,0,0,1,0,2,-1,-1,-1,1,82,11,-1,-1,-1,-1,-1,-1,0,-1
2025320156492,2025,320156492,1,9,0,-1,-1,6,2,0,0,0,0,0,0,0,1,-1,-1,-1,2,40,7,-1,-1,-1,-1,-1,-1,0,-1
2025320156492,2025,320156492,4,9,0,-1,-1,6,2,0,0,0,0,0,0,0,2,-1,-1,-1,1,49,8,-1,-1,-1,-1,-1,-1,0,-1
2025320156492,2025,320156492,3,9,0,-1,-1,6,2,0,0,0,0,0,0,0,2,-1,-1,-1,1,61,9,-1,-1,-1,-1,-1,-1,0,-1
2025320156492,2025,320156492,2,9,0,-1,-1,6,2,0,0,0,0,0,0,0,1,-1,1,1,1,21,5,-1,-1,-1,-1,-1,-1,0,-1
2025320156711,2025,320156711,1,90,0,-1,-1,8,4,9,9,8,0,0,0,0,3,-1,-1,-1,2,20,4,-1,-1,-1,-1,-1,-1,0,-1
2025320156711,2025,320156711,2,9,0,9,9,2,8,9,9,8,0,0,0,0,3,-1,-1,-1,2,31,6,-1,-1,-1,-1,-1,-1,0,-1
2025320156817,2025,320156817,2,9,0,3,3,6,2,0,0,2,0,0,0,0,2,-1,-1,-1,1,36,7,-1,-1,-1,-1,-1,-1,0,-1
2025320156817,2025,320156817,1,21,0,-1,-1,6,2,0,0,2,0,0,0,0,1,-1,1,1,1,21,5,-1,-1,-1,-1,-1,-1,0,-1
2025320157368,2025,320157368,2,3,0,13,13,2,6,0,0,5,5,0,0,0,1,-1,1,1,1,19,4,-1,-1,-1,-1,-1,-1,0,-1
2025320157368,2025,320157368,1,8,0,9,9,2,8,0,0,5,0,0,0,0,3,-1,1,1,2,36,7,-1,-1,-1,-1,-1,-1,0,-1
2025320157739,2025,320157739,2,9,0,-1,-1,6,2,0,0,0,0,0,0,0,1,-1,1,1,1,36,7,-1,-1,-1,-1,-1,-1,0,-1
2025320157739,2025,320157739,1,2,0,-1,-1,6,2,0,0,0,5,0,0,0,1,-1,-1,-1,1,26,6,-1,-1,-1,-1,-1,-1,0,-1
2025320157944,2025,320157944,1,9,0,-1,-1,2,6,0,0,0,5,0,7,10,1,-1,-1,-1,1,17,4,-1,-1,-1,-1,-1,-1,0,-1
2025320158363,2025,320158363,1,9,0,-1,-1,2,6,0,0,0,0,0,0,0,3,-1,1,1,1,66,10,-1,-1,-1,-1,-1,-1,0,-1
2025320158363,2025,320158363,2,9,0,2,2,0,0,0,0,0,0,0,0,0,3,-1,-1,-1,2,38,7,-1,-1,-1,-1,-1,-1,0,-1
2025320158825,2025,320158825,1,9,0,-1,-1,5,1,0,0,1,0,0,0,0,3,-1,-1,-1,3,120,11,-1,-1,-1,-1,-1,-1,0,-1
2025320158901,2025,320158901,1,9,0,-1,-1,6,2,0,0,0,1,0,1,9,1,-1,-1,-1,1,23,5,-1,-1,-1,-1,-1,-1,0,-1
2025320158997,2025,320158997,2,9,0,10,10,4,2,0,0,1,0,0,0,0,2,-1,-1,-1,2,54,8,-1,-1,-1,-1,-1,-1,0,-1
2025320158997,2025,320158997,1,9,0,-1,-1,4,6,0,0,1,0,0,0,0,1,-1,1,1,2,52,8,-1,-1,-1,-1,-1,-1,0,-1
2025320159291,2025,320159291,1,9,0,-1,-1,6,2,0,0,1,0,0,0,0,1,-1,-1,-1,3,120,11,-1,-1,-1,-1,-1,-1,0,-1
2025320159664,2025,320159664,2,9,0,-1,-1,2,6,0,0,5,0,0,0,0,1,-1,-1,-1,1,84,11,-1,-1,-1,-1,-1,-1,0,-1
2025320159664,2025,320159664,1,9,0,9,9,6,4,0,0,5,0,0,0,0,1,-1,-1,-1,1,73,10,-1,-1,-1,-1,-1,-1,0,-1
2025320159732,2025,320159732,1,9,0,9,9,7,4,0,0,6,0,0,0,0,4,-1,1,1,2,19,4,-1,-1,-1,-1,-1,-1,0,-1
2025320159732,2025,320159732,2,9,0,-1,-1,8,4,0,0,6,0,0,0,0,1,-1,1,1,1,86,11,-1,-1,-1,-1,-1,-1,0,-1
2025320160190,2025,320160190,1,9,0,-1,-1,3,7,0,0,8,0,0,0,0,2,-1,-1,-1,1,20,4,-1,-1,-1,-1,-1,-1,0,-1
2025320160190,2025,320160190,2,9,0,-1,-1,8,4,0,0,8,0,0,0,0,1,-1,1,1,2,35,6,-1,-1,-1,-1,-1,-1,0,-1
2025320160203,2025,320160203,1,9,0,-1,-1,8,4,0,0,0,0,0,0,0,1,-1,-1,-1,1,31,6,-1,-1,-1,-1,-1,-1,0,-1
2025320160203,2025,320160203,2,9,0,-1,-1,8,4,0,0,0,0,0,0,0,2,-1,-1,-1,2,36,7,-1,-1,-1,-1,-1,-1,0,-1
2025320160203,2025,320160203,3,9,0,-1,-1,8,4,0,0,0,0,0,0,0,2,-1,-1,-1,1,38,7,-1,-1,-1,-1,-1,-1,0,-1
2025320160417,2025,320160417,1,9,0,-1,-1,8,6,0,0,2,0,0,0,0,4,-1,-1,-1,2,45,7,-1,-1,-1,-1,-1,-1,0,-1
2025320161757,2025,320161757,1,9,0,7,7,8,2,0,0,5,0,0,0,0,1,-1,1,1,2,32,6,-1,-1,-1,-1,-1,-1,0,-1
2025320163763,2025,320163763,1,9,0,-1,-1,7,4,0,0,0,5,0,1,0,3,-1,-1,-1,2,63,9,-1,-1,-1,-1,-1,-1,0,-1
2025320163813,2025,320163813,1,9,0,-1,-1,2,6,0,0,2,0,0,0,0,4,-1,-1,-1,1,70,10,-1,-1,-1,-1,-1,-1,0,-1
2025320163925,2025,320163925,1,19,0,1,1,2,6,0,0,0,0,0,0,0,2,-1,-1,-1,2,53,8,-1,-1,-1,-1,-1,-1,0,-1
2025320165375,2025,320165375,1,9,0,-1,-1,5,1,0,0,0,0,0,1,9,4,-1,-1,-1,1,25,5,-1,-1,-1,-1,-1,-1,0,-1
2025320166051,2025,320166051,1,9,0,-1,-1,4,2,0,0,8,0,0,0,0,4,-1,1,1,1,24,5,-1,-1,-1,-1,-1,-1,0,-1
2025320166051,2025,320166051,2,9,0,9,9,7,4,0,0,8,0,0,0,0,1,-1,1,1,1,24,5,-1,-1,-1,-1,-1,-1,0,-1
2025320166628,2025,320166628,3,9,0,4,4,2,6,0,0,1,0,0,0,0,2,-1,-1,-1,2,60,9,-1,-1,-1,-1,-1,-1,0,-1
2025320166628,2025,320166628,2,9,0,4,4,2,6,0,0,1,0,0,0,0,2,-1,-1,-1,2,28,6,-1,-1,-1,-1,-1,-1,0,-1
2025320166628,2025,320166628,1,9,0,-1,-1,2,6,0,0,1,0,0,0,0,1,-1,-1,-1,2,91,11,-1,-1,-1,-1,-1,-1,0,-1
2025320167197,2025,320167197,1,8,0,-1,-1,4,8,0,0,0,0,0,0,0,1,-1,-1,-1,1,53,8,-1,-1,-1,-1,-1,-1,0,-1
2025320167460,2025,320167460,1,9,0,-1,-1,6,2,0,0,0,1,0,0,0,1,-1,-1,-1,1,23,5,-1,-1,-1,-1,-1,-1,0,-1
2025320168194,2025,320168194,2,9,0,-1,-1,8,4,0,0,6,0,0,0,0,1,-1,-1,-1,1,28,6,-1,-1,-1,-1,-1,-1,0,-1
2025320168194,2025,320168194,1,9,0,-1,-1,8,4,0,0,6,0,0,0,0,3,-1,-1,-1,2,85,11,-1,-1,-1,-1,-1,-1,0,-1
2025320168515,2025,320168515,2,9,0,9,9,4,2,0,0,1,0,0,0,0,3,-1,1,1,1,45,7,-1,-1,-1,-1,-1,-1,0,-1
2025320168515,2025,320168515,1,3,0,14,14,2,6,0,0,1,5,0,0,0,1,-1,1,1,1,69,10,-1,-1,-1,-1,-1,-1,0,-1
2025320168521,2025,320168521,1,9,0,-1,-1,3,7,0,0,1,0,0,0,0,1,-1,1,1,1,62,9,-1,-1,-1,-1,-1,-1,0,-1
2025320168659,2025,320168659,3,9,0,4,4,8,4,0,0,8,0,0,0,0,1,-1,-1,-1,1,20,4,-1,-1,-1,-1,-1,-1,0,-1
2025320168659,2025,320168659,4,19,0,-1,-1,4,8,0,0,8,0,0,0,0,3,-1,-1,-1,1,45,7,-1,-1,-1,-1,-1,-1,0,-1
2025320168659,2025,320168659,1,19,0,13,13,4,8,0,0,8,0,0,1,9,1,-1,-1,-1,1,49,8,-1,-1,-1,-1,-1,-1,0,-1
2025320168659,2025,320168659,2,9,0,4,4,8,4,0,0,8,0,0,0,0,3,-1,1,1,2,46,8,-1,-1,-1,-1,-1,-1,0,-1
2025320169270,2025,320169270,1,21,0,7,7,8,4,0,0,1,0,0,0,0,0,-1,-1,-1,3,120,11,-1,-1,-1,-1,-1,-1,0,-1
2025320169270,2025,320169270,2,9,0,-1,-1,8,4,0,0,1,0,11,0,0,1,-1,-1,-1,2,49,8,-1,-1,-1,-1,-1,-1,0,-1
2025320170451,2025,320170451,1,9,0,-1,-1,2,6,0,0,0,0,0,0,0,4,-1,1,1,2,27,6,-1,-1,-1,-1,-1,-1,0,-1
2025320170615,2025,320170615,1,9,0,-1,-1,3,7,0,0,1,0,0,0,0,1,-1,-1,-1,1,52,8,-1,-1,-1,-1,-1,-1,0,-1
2025320170699,2025,320170699,1,9,0,13,13,4,8,0,0,1,0,0,0,0,1,-1,-1,-1,1,46,8,-1,-1,-1,-1,-1,-1,0,-1
2025320170699,2025,320170699,2,9,0,9,9,4,3,0,0,1,0,0,0,0,3,-1,-1,-1,2,68,10,-1,-1,-1,-1,-1,-1,0,-1
2025320170868,2025,320170868,2,9,0,2,2,0,0,0,0,0,0,0,0,0,2,-1,-1,-1,1,30,6,-1,-1,-1,-1,-1,-1,0,-1
2025320170868,2025,320170868,1,9,0,-1,-1,2,6,0,0,0,0,4,0,0,1,-1,1,1,2,41,7,-1,-1,-1,-1,-1,-1,0,-1
2025320170899,2025,320170899,1,9,0,-1,-1,8,4,0,0,1,0,0,0,0,1,-1,-1,-1,2,41,7,-1,-1,-1,-1,-1,-1,0,-1
2025320170899,2025,320170899,2,9,0,9,9,8,6,0,0,1,0,0,0,0,2,-1,-1,-1,2,54,8,-1,-1,-1,-1,-1,-1,0,-1
2025320170923,2025,320170923,2,9,0,-1,-1,6,2,0,0,8,0,0,0,0,3,-1,-1,-1,2,68,10,-1,-1,-1,-1,-1,-1,0,-1
2025320170923,2025,320170923,1,9,0,9,9,4,2,0,0,8,0,0,0,0,1,-1,-1,-1,1,27,6,-1,-1,-1,-1,-1,-1,0,-1
2025320171236,2025,320171236,1,9,0,-1,-1,7,3,0,0,0,1,0,1,4,3,-1,-1,-1,1,19,4,-1,-1,-1,-1,-1,-1,0,-1
2025320171346,2025,320171346,2,1,0,7,7,5,7,0,0,8,0,0,0,0,3,-1,-1,-1,1,22,5,-1,-1,-1,-1,-1,-1,0,-1
2025320171346,2025,320171346,1,21,0,-1,-1,3,7,0,0,8,0,0,0,0,1,-1,-1,-1,1,56,9,-1,-1,-1,-1,-1,-1,0,-1
2025320172375,2025,320172375,2,9,0,9,9,2,6,0,0,1,0,0,7,0,3,-1,1,1,1,63,9,-1,-1,-1,-1,-1,-1,0,-1
2025320172375,2025,320172375,1,9,0,14,14,2,6,0,0,1,0,0,7,0,1,-1,-1,-1,2,44,7,-1,-1,-1,-1,-1,-1,0,-1
2025320173800,2025,320173800,2,9,0,3,3,2,6,0,0,1,0,0,0,0,2,-1,1,1,1,30,6,-1,-1,-1,-1,-1,-1,0,-1
2025320173800,2025,320173800,1,9,0,-1,-1,2,6,0,0,1,0,0,0,0,1,-1,-1,-1,1,30,6,-1,-1,-1,-1,-1,-1,0,-1
2025320173889,2025,320173889,1,19,0,-1,-1,2,6,0,0,0,0,0,7,4,1,-1,-1,-1,1,44,7,-1,-1,-1,-1,-1,-1,0,-1
2025320174035,2025,320174035,1,9,0,-1,-1,2,6,0,0,1,0,0,0,0,4,-1,-1,-1,2,47,8,-1,-1,-1,-1,-1,-1,0,-1
2025320174035,2025,320174035,2,1,0,-1,-1,4,8,0,0,1,0,0,0,0,1,-1,-1,-1,2,34,6,-1,-1,-1,-1,-1,-1,0,-1
2025320174067,2025,320174067,2,9,0,8,8,7,8,0,0,1,0,0,8,0,2,-1,1,1,1,17,4,-1,-1,-1,-1,-1,-1,0,-1
2025320174067,2025,320174067,1,9,0,-1,-1,7,8,0,0,1,0,0,8,0,1,-1,-1,-1,3,120,11,-1,-1,-1,-1,-1,-1,0,-1
2025320174623,2025,320174623,1,19,4,-1,-1,8,4,0,0,0,0,0,1,4,4,-1,-1,-1,1,30,6,-1,-1,-1,-1,-1,-1,0,-1
2025320175511,2025,320175511,2,5,0,13,13,4,8,0,0,0,0,0,0,0,4,-1,-1,-1,1,33,6,-1,-1,-1,-1,-1,-1,0,-1
2025320175511,2025,320175511,1,9,0,6,6,4,4,0,0,0,0,0,0,0,1,-1,1,1,2,60,9,-1,-1,-1,-1,-1,-1,0,-1
2025320175549,2025,320175549,2,5,0,-1,-1,4,8,0,0,6,2,0,7,9,1,-1,-1,-1,1,26,6,-1,-1,-1,-1,-1,-1,0,-1
2025320175549,2025,320175549,1,9,0,9,9,3,8,0,0,6,0,0,1,0,2,-1,-1,-1,2,62,9,-1,-1,-1,-1,-1,-1,0,-1
2025320175758,2025,320175758,2,9,0,-1,-1,2,6,0,0,2,0,0,0,0,1,-1,-1,-1,1,40,7,-1,-1,-1,-1,-1,-1,0,-1
2025320175758,2025,320175758,1,9,0,-1,-1,2,6,0,0,2,0,0,1,2,1,-1,-1,-1,1,20,4,-1,-1,-1,-1,-1,-1,0,-1
2025320176291,2025,320176291,1,9,0,6,6,4,4,9,9,1,0,0,0,0,1,-1,1,1,1,77,11,-1,-1,-1,-1,-1,-1,0,-1
2025320176501,2025,320176501,1,9,0,-1,-1,7,2,0,0,4,0,0,0,0,3,-1,-1,-1,3,120,11,-1,-1,-1,-1,-1,-1,0,-1
2025320176501,2025,320176501,2,9,0,-1,-1,7,2,0,0,4,0,0,0,0,4,-1,-1,-1,1,53,8,-1,-1,-1,-1,-1,-1,0,-1
2025320176594,2025,320176594,1,19,0,-1,-1,4,8,0,0,3,0,0,0,0,4,-1,-1,-1,1,50,8,-1,-1,-1,-1,-1,-1,0,-1
2025320176594,2025,320176594,2,9,0,7,7,6,8,0,0,3,0,0,0,0,3,-1,-1,-1,2,38,7,-1,-1,-1,-1,-1,-1,0,-1
2025320176676,2025,320176676,1,9,0,-1,-1,4,8,0,0,0,0,0,0,0,1,-1,-1,-1,2,47,8,-1,-1,-1,-1,-1,-1,0,-1
2025320176746,2025,320176746,1,9,0,9,9,6,4,0,0,5,0,0,0,0,3,-1,-1,-1,1,120,11,-1,-1,-1,-1,-1,-1,0,-1
2025320176746,2025,320176746,2,9,0,13,13,6,2,0,0,5,0,0,7,9,4,-1,1,1,2,33,6,-1,-1,-1,-1,-1,-1,0,-1
2025320177325,2025,320177325,1,5,0,-1,-1,2,6,0,0,0,0,0,1,10,1,-1,1,1,1,56,9,-1,-1,-1,-1,-1,-1,0,-1
2025320177631,2025,320177631,2,1,0,-1,-1,3,7,0,0,5,5,0,0,0,1,-1,-1,-1,1,41,7,-1,-1,-1,-1,-1,-1,0,-1
2025320177631,2025,320177631,1,9,0,9,9,7,5,0,0,5,0,0,0,0,4,-1,-1,-1,1,33,6,-1,-1,-1,-1,-1,-1,0,-1
2025320178966,2025,320178966,1,9,0,-1,-1,3,7,0,0,0,0,0,0,0,4,-1,-1,-1,1,44,7,-1,-1,-1,-1,-1,-1,0,-1
2025320179611,2025,320179611,2,22,0,-1,-1,8,4,0,0,2,0,0,0,0,1,-1,-1,-1,1,82,11,-1,-1,-1,-1,-1,-1,0,-1
2025320179611,2025,320179611,1,9,0,-1,-1,6,2,0,0,2,0,0,0,0,4,-1,-1,-1,1,60,9,-1,-1,-1,-1,-1,-1,0,-1
2025320179622,2025,320179622,3,9,0,9,9,2,6,0,0,1,0,0,0,0,2,-1,1,1,1,60,9,-1,-1,-1,-1,-1,-1,0,-1
2025320179622,2025,320179622,2,9,0,-1,-1,2,6,0,0,1,0,0,0,0,0,-1,-1,-1,1,53,8,-1,-1,-1,-1,-1,-1,0,-1
2025320179622,2025,320179622,1,9,0,13,13,2,6,0,0,1,0,0,1,0,1,-1,-1,-1,1,19,4,-1,-1,-1,-1,-1,-1,0,-1
2025320179804,2025,320179804,2,1,0,-1,-1,8,4,0,0,5,0,0,0,0,3,-1,-1,-1,2,61,9,-1,-1,-1,-1,-1,-1,0,-1
2025320179804,2025,320179804,1,9,0,9,9,4,2,0,0,5,0,0,0,0,1,-1,-1,-1,1,75,10,-1,-1,-1,-1,-1,-1,0,-1
2025320179965,2025,320179965,2,9,0,10,10,2,7,0,0,1,0,0,7,0,2,-1,-1,-1,1,30,6,-1,-1,-1,-1,-1,-1,0,-1
2025320179965,2025,320179965,1,19,0,-1,-1,2,6,0,0,1,0,0,0,0,1,-1,-1,-1,1,31,6,-1,-1,-1,-1,-1,-1,0,-1
2025320180297,2025,320180297,1,9,0,-1,-1,3,7,0,0,0,0,0,0,0,1,-1,1,1,2,38,7,-1,-1,-1,-1,-1,-1,0,-1
2025320180356,2025,320180356,1,9,0,9,9,3,2,0,0,6,0,0,0,0,1,-1,1,1,1,80,11,-1,-1,-1,-1,-1,-1,0,-1
2025320180356,2025,320180356,2,19,0,-1,-1,2,6,0,0,6,0,0,0,0,4,-1,2,2,1,38,7,-1,-1,-1,-1,-1,-1,0,-1
2025320181127,2025,320181127,1,9,0,-1,-1,6,2,0,0,0,0,0,7,4,1,-1,-1,-1,1,67,10,-1,-1,-1,-1,-1,-1,0,-1
2025320181845,2025,320181845,1,9,0,9,9,3,1,0,0,6,0,0,0,0,3,-1,-1,-1,2,19,4,-1,-1,-1,-1,-1,-1,0,-1
2025320181845,2025,320181845,2,2,0,-1,-1,1,5,0,0,6,1,0,0,0,1,-1,-1,-1,1,22,5,-1,-1,-1,-1,-1,-1,0,-1
2025320182464,2025,320182464,1,90,0,-1,-1,4,8,0,0,1,5,0,0,0,0,-1,-1,-1,1,28,6,-1,-1,-1,-1,-1,-1,0,-1
2025320182559,2025,320182559,2,9,0,2,2,0,0,0,0,0,0,0,0,0,3,-1,-1,-1,3,120,11,-1,-1,-1,-1,-1,-1,0,-1
2025320182559,2025,320182559,1,9,0,-1,-1,6,2,0,0,0,5,4,7,10,1,-1,-1,-1,1,25,5,-1,-1,-1,-1,-1,-1,0,-1
2025320182794,2025,320182794,3,9,0,-1,-1,6,2,0,0,1,0,0,0,0,1,-1,1,1,1,48,8,-1,-1,-1,-1,-1,-1,0,-1
2025320182794,2025,320182794,1,9,0,-1,-1,2,6,0,0,1,0,0,0,0,1,-1,1,1,1,77,11,-1,-1,-1,-1,-1,-1,0,-1
2025320182794,2025,320182794,2,9,0,-1,-1,6,2,0,0,1,0,0,0,0,3,-1,1,1,1,54,8,-1,-1,-1,-1,-1,-1,0,-1
2025320183294,2025,320183294,1,9,0,7,7,8,2,0,0,6,0,0,7,9,1,-1,-1,-1,2,40,7,-1,-1,-1,-1,-1,-1,0,-1
2025320183294,2025,320183294,2,9,0,-1,-1,6,2,0,0,6,0,0,0,0,1,-1,-1,-1,1,57,9,-1,-1,-1,-1,-1,-1,0,-1
2025320183674,2025,320183674,2,9,0,-1,-1,4,8,0,0,0,0,0,2,0,3,-1,-1,-1,1,37,7,-1,-1,-1,-1,-1,-1,0,-1
2025320183674,2025,320183674,1,9,0,-1,-1,8,4,0,0,0,0,0,0,0,1,-1,-1,-1,1,64,9,-1,-1,-1,-1,-1,-1,0,-1
2025320183946,2025,320183946,1,9,0,-1,-1,3,7,0,0,2,1,0,0,0,1,-1,1,1,1,39,7,-1,-1,-1,-1,-1,-1,0,-1
2025320183946,2025,320183946,4,19,0,-1,-1,5,7,0,0,2,0,0,0,0,3,-1,-1,-1,1,57,9,-1,-1,-1,-1,-1,-1,0,-1
2025320183946,2025,320183946,5,19,0,2,2,0,0,0,0,2,0,0,0,0,3,-1,-1,-1,1,57,9,-1,-1,-1,-1,-1,-1,0,-1
2025320183946,2025,320183946,2,9,0,-1,-1,3,7,0,0,2,0,0,0,0,4,-1,-1,-1,1,63,9,-1,-1,-1,-1,-1,-1,0,-1
2025320183946,2025,320183946,3,9,0,2,2,0,0,0,0,2,0,0,0,0,1,-1,-1,-1,1,39,7,-1,-1,-1,-1,-1,-1,0,-1
2025320183985,2025,320183985,2,9,0,-1,-1,2,6,0,0,1,0,0,0,0,3,-1,-1,-1,1,39,7,-1,-1,-1,-1,-1,-1,0,-1
2025320183985,2025,320183985,1,90,0,-1,-1,2,6,0,0,1,5,0,0,0,1,-1,-1,-1,1,15,3,-1,-1,-1,-1,-1,-1,0,-1
2025320184470,2025,320184470,3,9,0,-1,-1,8,4,0,0,1,0,0,0,0,2,-1,-1,-1,2,65,9,-1,-1,-1,-1,-1,-1,0,-1
2025320184470,2025,320184470,2,9,0,-1,-1,8,4,0,0,1,0,0,0,0,2,-1,-1,-1,2,32,6,-1,-1,-1,-1,-1,-1,0,-1
2025320184470,2025,320184470,1,9,0,4,4,8,4,0,0,1,0,0,0,0,1,-1,-1,-1,2,59,9,-1,-1,-1,-1,-1,-1,0,-1
2025320184474,2025,320184474,1,9,0,-1,-1,2,6,0,0,0,0,0,0,0,3,-1,1,1,2,41,7,-1,-1,-1,-1,-1,-1,0,-1
2025320184897,2025,320184897,1,9,0,-1,-1,2,6,0,0,2,0,0,1,2,1,-1,1,1,2,73,10,-1,-1,-1,-1,-1,-1,0,-1
2025320185627,2025,320185627,1,17,0,-1,-1,8,3,0,0,8,0,0,0,0,1,-1,-1,-1,1,56,9,-1,-1,-1,-1,-1,-1,0,-1
2025320185627,2025,320185627,2,9,0,-1,-1,3,8,0,0,8,0,0,0,0,1,-1,-1,-1,2,41,7,-1,-1,-1,-1,-1,-1,0,-1
2025320185701,2025,320185701,1,9,0,9,9,2,1,0,0,6,0,0,0,0,1,-1,1,1,1,62,9,-1,-1,-1,-1,-1,-1,0,-1
2025320185701,2025,320185701,2,9,0,9,9,6,2,0,0,6,0,0,0,0,3,-1,1,1,2,37,7,-1,-1,-1,-1,-1,-1,0,-1
2025320185732,2025,320185732,1,9,0,-1,-1,4,7,0,0,5,0,0,0,1,1,-1,-1,-1,2,52,8,-1,-1,-1,-1,-1,-1,0,-1
2025320185732,2025,320185732,2,9,0,3,3,7,3,0,0,5,0,0,0,0,3,-1,-1,-1,2,62,9,-1,-1,-1,-1,-1,-1,0,-1
2025320185828,2025,320185828,1,9,0,9,9,4,2,0,0,6,0,0,0,0,3,-1,-1,-1,1,80,11,-1,-1,-1,-1,-1,-1,0,-1
2025320185828,2025,320185828,2,9,0,-1,-1,2,6,0,0,6,0,0,0,0,1,-1,1,1,1,79,11,-1,-1,-1,-1,-1,-1,0,-1
2025320185950,2025,320185950,1,9,0,-1,-1,4,8,0,0,0,0,0,0,0,1,-1,-1,-1,3,120,11,-1,-1,-1,-1,-1,-1,0,-1
2025320186248,2025,320186248,1,21,0,-1,-1,8,6,0,0,0,5,0,1,3,4,-1,-1,-1,1,37,7,-1,-1,-1,-1,-1,-1,0,-1
2025320187103,2025,320187103,2,1,0,-1,-1,8,6,0,0,5,0,0,0,0,3,-1,-1,-1,1,42,7,-1,-1,-1,-1,-1,-1,0,-1
2025320187103,2025,320187103,1,9,0,9,9,8,6,0,0,5,0,0,0,0,1,-1,-1,-1,1,45,7,-1,-1,-1,-1,-1,-1,0,-1
2025320187610,2025,320187610,1,9,0,1,1,6,2,0,0,0,0,0,0,0,2,-1,-1,-1,2,59,9,-1,-1,-1,-1,-1,-1,0,-1
2025320187907,2025,320187907,2,9,0,4,4,6,2,0,0,0,0,0,0,0,2,-1,-1,-1,2,57,9,-1,-1,-1,-1,-1,-1,0,-1
2025320187907,2025,320187907,1,9,0,-1,-1,6,2,0,0,0,0,0,0,0,1,-1,1,1,2,58,9,-1,-1,-1,-1,-1,-1,0,-1