collision_index,collision_year,collision_ref_no,vehicle_reference,vehicle_type,towing_and_articulation,vehicle_manoeuvre_historic,vehicle_manoeuvre,vehicle_direction_from,vehicle_direction_to,vehicle_location_restricted_lane_historic,vehicle_location_restricted_lane,junction_location,skidding_and_overturning,hit_object_in_carriageway,vehicle_leaving_carriageway,hit_object_off_carriageway,first_point_of_impact,vehicle_left_hand_drive,journey_purpose_of_driver_historic,journey_purpose_of_driver,sex_of_driver,age_of_driver,age_band_of_driver,engine_capacity_cc,propulsion_code,age_of_vehicle,generic_make_model,driver_imd_decile,lsoa_of_driver,escooter_flag,driver_distance_banding
2025320187925,2025,320187925,2,1,0,-1,-1,2,6,0,0,0,5,0,0,0,3,-1,-1,-1,1,9,2,-1,-1,-1,-1,-1,-1,0,-1
2025320187925,2025,320187925,1,9,0,-1,-1,8,4,0,0,0,0,0,0,0,1,-1,-1,-1,2,45,7,-1,-1,-1,-1,-1,-1,0,-1
2025320187998,2025,320187998,2,9,0,-1,-1,5,1,0,0,5,1,0,0,0,3,-1,1,1,1,23,5,-1,-1,-1,-1,-1,-1,0,-1
2025320187998,2025,320187998,1,9,0,9,9,2,6,0,0,5,1,0,0,0,1,-1,-1,-1,2,50,8,-1,-1,-1,-1,-1,-1,0,-1
2025320188858,2025,320188858,2,9,0,-1,-1,8,4,0,0,8,0,0,0,0,4,-1,-1,-1,2,25,5,-1,-1,-1,-1,-1,-1,0,-1
2025320188858,2025,320188858,1,19,0,-1,-1,8,4,0,0,8,0,0,0,0,3,-1,-1,-1,1,120,11,-1,-1,-1,-1,-1,-1,0,-1
2025320189713,2025,320189713,1,9,0,-1,-1,3,7,0,0,0,0,0,0,0,4,-1,-1,-1,3,120,11,-1,-1,-1,-1,-1,-1,0,-1
2025320190877,2025,320190877,1,9,0,-1,-1,8,4,0,0,0,2,0,7,3,1,-1,-1,-1,1,20,4,-1,-1,-1,-1,-1,-1,0,-1
2025320190962,2025,320190962,2,9,0,-1,-1,6,2,0,0,8,1,0,1,1,1,-1,-1,-1,1,39,7,-1,-1,-1,-1,-1,-1,0,-1
2025320190962,2025,320190962,1,9,0,-1,-1,4,8,0,0,8,1,0,0,0,4,-1,-1,-1,1,43,7,-1,-1,-1,-1,-1,-1,0,-1
2025320191464,2025,320191464,1,19,0,-1,-1,2,4,1,1,1,0,0,0,0,1,-1,1,1,1,35,6,-1,-1,-1,-1,-1,-1,0,-1
2025320191464,2025,320191464,2,9,0,3,3,2,4,1,1,1,0,0,0,0,2,-1,-1,-1,1,32,6,-1,-1,-1,-1,-1,-1,0,-1
2025320191473,2025,320191473,2,9,0,-1,-1,6,2,0,0,6,0,0,0,0,1,-1,-1,-1,2,41,7,-1,-1,-1,-1,-1,-1,0,-1
2025320191473,2025,320191473,1,9,0,9,9,8,6,0,0,6,0,0,0,0,3,-1,1,1,2,60,9,-1,-1,-1,-1,-1,-1,0,-1
2025320192375,2025,320192375,1,9,0,1,1,2,6,0,0,8,0,0,0,0,2,-1,1,1,1,48,8,-1,-1,-1,-1,-1,-1,0,-1
2025320192640,2025,320192640,2,9,0,-1,-1,4,8,0,0,0,0,0,0,0,1,-1,-1,-1,2,41,7,-1,-1,-1,-1,-1,-1,0,-1
2025320192640,2025,320192640,1,9,0,-1,-1,8,4,0,0,0,0,0,0,0,1,-1,-1,-1,1,77,11,-1,-1,-1,-1,-1,-1,0,-1
2025320192891,2025,320192891,1,5,0,-1,-1,7,2,0,0,0,0,0,7,4,1,-1,-1,-1,1,37,7,-1,-1,-1,-1,-1,-1,0,-1
2025320192979,2025,320192979,1,9,0,-1,-1,2,6,0,0,0,0,0,0,0,4,-1,-1,-1,3,120,11,-1,-1,-1,-1,-1,-1,0,-1
2025320195095,2025,320195095,1,9,0,-1,-1,8,4,0,0,0,5,10,1,0,1,-1,-1,-1,2,24,5,-1,-1,-1,-1,-1,-1,0,-1
2025320195177,2025,320195177,1,9,0,-1,-1,6,2,0,0,0,5,0,1,0,3,-1,-1,-1,1,76,11,-1,-1,-1,-1,-1,-1,0,-1
2025320195177,2025,320195177,2,9,0,13,13,6,2,0,0,0,0,0,7,4,4,-1,-1,-1,1,33,6,-1,-1,-1,-1,-1,-1,0,-1
2025320195177,2025,320195177,3,21,0,13,13,6,2,0,0,0,0,0,0,0,3,-1,1,1,1,32,6,-1,-1,-1,-1,-1,-1,0,-1
2025320195237,2025,320195237,2,9,0,-1,-1,8,4,0,0,0,0,0,0,0,3,-1,-1,-1,1,36,7,-1,-1,-1,-1,-1,-1,0,-1
2025320195237,2025,320195237,1,9,0,-1,-1,4,8,0,0,0,1,0,0,0,3,-1,1,1,1,20,4,-1,-1,-1,-1,-1,-1,0,-1
2025320195349,2025,320195349,2,9,0,-1,-1,4,8,0,0,5,0,0,1,0,1,-1,1,1,2,28,6,-1,-1,-1,-1,-1,-1,0,-1
2025320195349,2025,320195349,1,19,0,9,9,8,5,0,0,5,0,0,7,9,1,-1,-1,-1,1,44,7,-1,-1,-1,-1,-1,-1,0,-1
2025320195718,2025,320195718,1,17,0,-1,-1,8,4,0,0,0,5,0,1,9,4,-1,-1,-1,1,22,5,-1,-1,-1,-1,-1,-1,0,-1
2025320195736,2025,320195736,1,9,0,-1,-1,8,4,0,0,0,0,0,0,0,1,-1,-1,-1,3,120,11,-1,-1,-1,-1,-1,-1,0,-1
2025320196267,2025,320196267,1,9,0,9,9,7,6,0,0,6,0,0,0,0,1,-1,-1,-1,1,62,9,-1,-1,-1,-1,-1,-1,0,-1
2025320196267,2025,320196267,2,4,0,-1,-1,6,2,0,0,6,0,0,0,0,1,-1,-1,-1,1,77,11,-1,-1,-1,-1,-1,-1,0,-1
2025320196472,2025,320196472,1,3,0,-1,-1,8,6,0,0,1,2,0,7,0,1,-1,-1,-1,1,21,5,-1,-1,-1,-1,-1,-1,0,-1
2025320196540,2025,320196540,1,19,0,-1,-1,2,6,0,0,0,2,0,1,10,1,-1,-1,-1,1,40,7,-1,-1,-1,-1,-1,-1,0,-1
2025320196936,2025,320196936,2,1,0,-1,-1,3,7,0,0,1,0,0,0,0,1,-1,-1,-1,1,26,6,-1,-1,-1,-1,-1,-1,0,-1
2025320196936,2025,320196936,1,9,0,9,9,3,7,0,0,1,0,0,0,0,1,-1,-1,-1,1,43,7,-1,-1,-1,-1,-1,-1,0,-1
2025320197178,2025,320197178,1,9,0,-1,-1,6,2,0,0,0,0,0,0,0,1,-1,-1,-1,2,28,6,-1,-1,-1,-1,-1,-1,0,-1
2025320197178,2025,320197178,2,9,0,9,9,6,4,0,0,0,0,0,7,11,2,-1,-1,-1,2,49,8,-1,-1,-1,-1,-1,-1,0,-1
2025320197387,2025,320197387,1,9,0,14,14,2,6,0,0,0,0,0,7,9,3,-1,1,1,1,43,7,-1,-1,-1,-1,-1,-1,0,-1
2025320197387,2025,320197387,2,9,0,13,13,2,6,0,0,0,0,0,7,9,3,-1,-1,-1,2,31,6,-1,-1,-1,-1,-1,-1,0,-1
2025320197690,2025,320197690,1,8,0,5,5,4,8,0,0,0,0,0,0,0,0,-1,-1,-1,3,120,11,-1,-1,-1,-1,-1,-1,0,-1
2025320197754,2025,320197754,1,9,0,-1,-1,4,8,0,0,0,0,0,5,6,3,-1,1,1,1,20,4,-1,-1,-1,-1,-1,-1,0,-1
2025320197760,2025,320197760,1,9,0,-1,-1,6,2,0,0,1,0,0,0,0,1,-1,-1,-1,1,38,7,-1,-1,-1,-1,-1,-1,0,-1
2025320198255,2025,320198255,1,9,0,18,19,5,1,0,0,0,0,0,1,0,3,-1,-1,-1,1,41,7,-1,-1,-1,-1,-1,-1,0,-1
2025320198419,2025,320198419,2,9,0,-1,-1,6,2,0,0,6,0,0,0,0,1,-1,-1,-1,1,40,7,-1,-1,-1,-1,-1,-1,0,-1
2025320198419,2025,320198419,1,9,0,9,9,4,2,0,0,6,0,0,0,0,4,-1,1,1,1,32,6,-1,-1,-1,-1,-1,-1,0,-1
2025320198676,2025,320198676,3,9,0,-1,-1,2,6,0,0,5,0,0,0,0,3,-1,-1,-1,2,67,10,-1,-1,-1,-1,-1,-1,0,-1
2025320198676,2025,320198676,4,9,0,-1,-1,2,6,0,0,5,0,0,0,0,1,-1,-1,-1,2,25,5,-1,-1,-1,-1,-1,-1,0,-1
2025320198676,2025,320198676,2,9,0,-1,-1,6,2,0,0,5,0,0,1,10,1,-1,-1,-1,2,40,7,-1,-1,-1,-1,-1,-1,0,-1
2025320198676,2025,320198676,1,9,0,9,9,2,8,0,0,5,0,0,0,0,1,-1,-1,-1,1,36,7,-1,-1,-1,-1,-1,-1,0,-1
2025320198761,2025,320198761,1,5,0,-1,-1,2,6,0,0,0,1,0,7,9,1,-1,-1,-1,1,59,9,-1,-1,-1,-1,-1,-1,0,-1
2025320198980,2025,320198980,2,9,0,9,9,6,3,0,0,1,0,0,0,0,2,-1,1,1,1,56,9,-1,-1,-1,-1,-1,-1,0,-1
2025320198980,2025,320198980,1,5,0,-1,-1,6,2,0,0,1,0,0,0,0,1,-1,-1,-1,1,75,10,-1,-1,-1,-1,-1,-1,0,-1
2025320199176,2025,320199176,1,9,0,14,14,3,7,0,0,0,5,4,7,10,1,-1,-1,-1,1,28,6,-1,-1,-1,-1,-1,-1,0,-1
2025320199176,2025,320199176,2,9,0,2,2,0,0,0,0,0,0,0,0,0,2,-1,-1,-1,2,22,5,-1,-1,-1,-1,-1,-1,0,-1
2025320199303,2025,320199303,1,9,0,-1,-1,2,6,0,0,0,0,4,0,0,1,-1,1,1,1,45,7,-1,-1,-1,-1,-1,-1,0,-1
2025320199303,2025,320199303,2,9,0,2,2,0,0,0,0,0,0,0,0,0,1,-1,-1,-1,3,120,11,-1,-1,-1,-1,-1,-1,0,-1
2025320200537,2025,320200537,1,9,0,5,5,2,6,0,0,0,0,0,0,0,1,-1,1,1,1,84,11,-1,-1,-1,-1,-1,-1,0,-1
2025320200730,2025,320200730,1,9,0,9,9,6,4,0,0,6,0,0,0,0,4,-1,1,1,1,21,5,-1,-1,-1,-1,-1,-1,0,-1
2025320200730,2025,320200730,2,9,0,-1,-1,8,4,0,0,6,0,0,0,0,1,-1,1,1,2,66,10,-1,-1,-1,-1,-1,-1,0,-1
2025320200845,2025,320200845,2,9,0,9,9,4,2,0,0,1,0,0,0,0,2,-1,-1,-1,2,32,6,-1,-1,-1,-1,-1,-1,0,-1
2025320200845,2025,320200845,1,9,0,-1,-1,4,8,0,0,1,0,0,0,1,1,-1,1,1,1,33,6,-1,-1,-1,-1,-1,-1,0,-1
2025320200937,2025,320200937,2,9,0,-1,-1,8,4,0,0,5,0,0,0,0,1,-1,1,1,1,19,4,-1,-1,-1,-1,-1,-1,0,-1
2025320200937,2025,320200937,1,19,0,9,9,4,2,0,0,5,0,0,0,0,4,-1,-1,-1,1,39,7,-1,-1,-1,-1,-1,-1,0,-1
2025320201273,2025,320201273,2,9,0,-1,-1,6,2,0,0,6,0,0,0,0,1,-1,-1,-1,2,47,8,-1,-1,-1,-1,-1,-1,0,-1
2025320201273,2025,320201273,1,9,0,7,7,8,2,0,0,6,0,0,0,0,1,-1,-1,-1,1,70,10,-1,-1,-1,-1,-1,-1,0,-1
2025320201315,2025,320201315,1,9,0,-1,-1,6,2,0,0,0,0,0,0,0,1,-1,1,1,1,71,10,-1,-1,-1,-1,-1,-1,0,-1
2025320201315,2025,320201315,2,9,0,4,4,6,2,0,0,0,0,0,0,0,2,-1,-1,-1,1,41,7,-1,-1,-1,-1,-1,-1,0,-1
2025320201632,2025,320201632,1,9,0,-1,-1,4,8,0,0,1,0,0,0,0,1,-1,-1,-1,2,39,7,-1,-1,-1,-1,-1,-1,0,-1
2025320201679,2025,320201679,2,9,0,-1,-1,4,8,0,0,0,2,0,1,0,3,-1,1,1,2,51,8,-1,-1,-1,-1,-1,-1,0,-1
2025320201679,2025,320201679,1,9,0,-1,-1,8,4,0,0,0,1,0,7,4,3,-1,1,1,1,44,7,-1,-1,-1,-1,-1,-1,0,-1
2025320201701,2025,320201701,1,9,0,-1,-1,2,6,0,0,0,5,10,7,0,1,-1,-1,-1,1,46,8,-1,-1,-1,-1,-1,-1,0,-1
2025320201776,2025,320201776,1,9,0,-1,-1,2,6,0,0,0,0,0,0,0,3,-1,-1,-1,2,55,8,-1,-1,-1,-1,-1,-1,0,-1
2025320201776,2025,320201776,2,9,0,-1,-1,6,2,0,0,0,0,0,0,0,3,-1,-1,-1,2,28,6,-1,-1,-1,-1,-1,-1,0,-1
2025320202282,2025,320202282,2,1,0,-1,-1,1,5,0,0,4,0,0,0,0,1,-1,-1,-1,1,60,9,-1,-1,-1,-1,-1,-1,0,-1
2025320202282,2025,320202282,1,9,0,-1,-1,3,5,0,0,4,0,0,0,0,3,-1,-1,-1,1,25,5,-1,-1,-1,-1,-1,-1,0,-1
2025320202433,2025,320202433,2,9,0,2,2,0,0,0,0,0,0,0,0,0,0,-1,-1,-1,2,32,6,-1,-1,-1,-1,-1,-1,0,-1
2025320202433,2025,320202433,1,9,0,-1,-1,4,8,0,0,0,0,0,0,0,3,-1,-1,-1,2,50,8,-1,-1,-1,-1,-1,-1,0,-1
2025320202574,2025,320202574,1,9,0,13,13,6,2,0,0,0,0,0,0,0,1,-1,1,1,1,44,7,-1,-1,-1,-1,-1,-1,0,-1
2025320202574,2025,320202574,2,19,0,-1,-1,2,6,0,0,0,0,0,0,0,1,-1,1,1,1,62,9,-1,-1,-1,-1,-1,-1,0,-1
2025320202766,2025,320202766,2,1,0,-1,-1,2,6,0,0,1,5,0,0,0,3,-1,-1,-1,1,73,10,-1,-1,-1,-1,-1,-1,0,-1
2025320202766,2025,320202766,1,9,0,-1,-1,2,6,0,0,1,0,0,0,0,4,-1,1,1,2,35,6,-1,-1,-1,-1,-1,-1,0,-1
2025320204034,2025,320204034,1,9,0,-1,-1,2,8,0,0,0,5,0,7,9,1,-1,-1,-1,1,23,5,-1,-1,-1,-1,-1,-1,0,-1
2025320204294,2025,320204294,2,5,0,-1,-1,4,8,0,0,6,2,0,1,0,1,-1,-1,-1,1,26,6,-1,-1,-1,-1,-1,-1,0,-1
2025320204294,2025,320204294,1,9,0,9,9,6,4,0,0,6,1,0,0,0,2,-1,1,1,2,24,5,-1,-1,-1,-1,-1,-1,0,-1
2025320205476,2025,320205476,2,9,0,-1,-1,8,4,0,0,0,1,0,5,0,2,-1,-1,-1,1,60,9,-1,-1,-1,-1,-1,-1,0,-1
2025320205476,2025,320205476,1,9,0,12,12,8,4,0,0,0,2,0,5,0,1,-1,-1,-1,2,33,6,-1,-1,-1,-1,-1,-1,0,-1
2025320205886,2025,320205886,1,9,0,-1,-1,4,8,0,0,0,0,0,7,9,3,-1,-1,-1,1,82,11,-1,-1,-1,-1,-1,-1,0,-1
2025320206435,2025,320206435,1,9,0,-1,-1,6,2,0,0,0,0,0,7,0,1,-1,-1,-1,1,31,6,-1,-1,-1,-1,-1,-1,0,-1
2025320206435,2025,320206435,2,9,0,-1,-1,2,6,0,0,0,0,0,0,0,1,-1,-1,-1,1,43,7,-1,-1,-1,-1,-1,-1,0,-1
2025320208099,2025,320208099,2,3,0,-1,-1,6,2,0,0,5,0,0,0,0,1,-1,1,1,1,26,6,-1,-1,-1,-1,-1,-1,0,-1
2025320208099,2025,320208099,1,9,0,7,7,4,6,0,0,5,0,0,0,0,1,-1,1,1,2,79,11,-1,-1,-1,-1,-1,-1,0,-1
2025320208726,2025,320208726,3,10,0,4,4,2,6,0,0,2,0,0,0,0,2,-1,-1,-1,1,30,6,-1,-1,-1,-1,-1,-1,0,-1
2025320208726,2025,320208726,2,9,0,-1,-1,2,6,0,0,2,0,0,0,0,2,-1,-1,-1,1,23,5,-1,-1,-1,-1,-1,-1,0,-1
2025320208726,2025,320208726,1,9,0,-1,-1,2,6,0,0,2,0,0,0,0,1,-1,-1,-1,1,22,5,-1,-1,-1,-1,-1,-1,0,-1
2025320208769,2025,320208769,1,9,0,7,7,5,7,0,0,5,0,0,0,0,1,-1,-1,-1,3,120,11,-1,-1,-1,-1,-1,-1,0,-1
2025320209615,2025,320209615,1,9,0,-1,-1,5,1,0,0,0,0,0,1,9,3,-1,-1,-1,2,30,6,-1,-1,-1,-1,-1,-1,0,-1
2025320209953,2025,320209953,1,9,0,15,15,3,7,0,0,0,5,0,1,0,3,-1,1,1,1,31,6,-1,-1,-1,-1,-1,-1,0,-1
2025320209953,2025,320209953,2,9,0,-1,-1,3,7,0,0,0,0,0,0,0,0,-1,1,1,1,31,6,-1,-1,-1,-1,-1,-1,0,-1
2025320210409,2025,320210409,2,9,0,4,4,4,8,0,0,1,0,0,0,0,2,-1,1,1,1,43,7,-1,-1,-1,-1,-1,-1,0,-1
2025320210409,2025,320210409,1,9,0,-1,-1,4,8,0,0,1,0,0,0,0,1,-1,-1,-1,1,81,11,-1,-1,-1,-1,-1,-1,0,-1
2025320210524,2025,320210524,1,9,0,-1,-1,8,4,0,0,8,1,0,0,0,4,-1,-1,-1,1,72,10,-1,-1,-1,-1,-1,-1,0,-1
2025320210524,2025,320210524,2,5,0,-1,-1,3,8,0,0,8,2,0,0,0,1,-1,-1,-1,1,60,9,-1,-1,-1,-1,-1,-1,0,-1
2025320211007,2025,320211007,1,9,0,-1,-1,2,6,0,0,8,0,0,0,0,1,-1,1,1,1,18,4,-1,-1,-1,-1,-1,-1,0,-1
2025320211007,2025,320211007,2,9,0,-1,-1,8,4,0,0,8,0,0,7,9,4,-1,-1,-1,1,20,4,-1,-1,-1,-1,-1,-1,0,-1
2025320211128,2025,320211128,1,9,0,-1,-1,2,6,0,0,0,0,0,1,9,1,-1,1,1,1,51,8,-1,-1,-1,-1,-1,-1,0,-1
2025320212357,2025,320212357,1,5,0,-1,-1,1,5,0,0,0,5,12,1,9,3,-1,-1,-1,1,52,8,-1,-1,-1,-1,-1,-1,0,-1
2025320212364,2025,320212364,1,9,0,13,13,7,3,0,0,0,0,0,0,0,1,-1,1,1,1,19,4,-1,-1,-1,-1,-1,-1,0,-1
2025320212364,2025,320212364,2,9,0,-1,-1,3,7,0,0,0,0,0,0,0,1,-1,-1,-1,2,34,6,-1,-1,-1,-1,-1,-1,0,-1
2025320212437,2025,320212437,1,9,0,9,9,5,3,0,0,6,0,0,0,0,1,-1,-1,-1,2,31,6,-1,-1,-1,-1,-1,-1,0,-1
2025320212437,2025,320212437,2,9,0,-1,-1,7,3,0,0,6,5,0,0,0,3,-1,-1,-1,2,50,8,-1,-1,-1,-1,-1,-1,0,-1
2025320212447,2025,320212447,1,9,0,13,13,4,8,0,0,2,2,0,1,4,3,-1,-1,-1,1,31,6,-1,-1,-1,-1,-1,-1,0,-1
2025320212447,2025,320212447,2,21,1,13,13,4,8,0,0,2,3,0,0,0,2,-1,-1,-1,1,43,7,-1,-1,-1,-1,-1,-1,0,-1
2025320212595,2025,320212595,1,9,0,-1,-1,6,2,0,0,0,0,0,0,0,3,-1,2,2,1,47,8,-1,-1,-1,-1,-1,-1,0,-1
2025320212866,2025,320212866,1,5,0,-1,-1,6,8,0,0,0,2,0,0,0,3,-1,-1,-1,1,50,8,-1,-1,-1,-1,-1,-1,0,-1
2025320213705,2025,320213705,1,9,0,-1,-1,8,4,0,0,0,0,0,0,0,1,-1,2,2,1,31,6,-1,-1,-1,-1,-1,-1,0,-1
2025320213705,2025,320213705,2,9,0,-1,-1,8,4,0,0,0,0,0,0,0,2,-1,1,1,2,29,6,-1,-1,-1,-1,-1,-1,0,-1
2025320213858,2025,320213858,1,9,0,-1,-1,6,2,0,0,0,0,0,1,0,4,-1,-1,-1,2,77,11,-1,-1,-1,-1,-1,-1,0,-1
2025320213968,2025,320213968,1,9,0,-1,-1,4,8,0,0,0,5,4,7,10,1,-1,2,2,2,24,5,-1,-1,-1,-1,-1,-1,0,-1
2025320213968,2025,320213968,2,9,0,2,2,0,0,0,0,0,0,0,0,0,4,-1,1,1,1,26,6,-1,-1,-1,-1,-1,-1,0,-1
2025320214129,2025,320214129,1,9,0,-1,-1,7,3,0,0,8,0,0,0,0,4,-1,-1,-1,1,27,6,-1,-1,-1,-1,-1,-1,0,-1
2025320214129,2025,320214129,2,9,0,-1,-1,1,5,0,0,8,0,0,0,0,1,-1,1,1,2,30,6,-1,-1,-1,-1,-1,-1,0,-1
2025320214187,2025,320214187,1,9,0,-1,-1,3,7,0,0,0,0,0,0,0,1,-1,-1,-1,1,42,7,-1,-1,-1,-1,-1,-1,0,-1
2025320215206,2025,320215206,3,9,0,4,4,7,3,0,0,1,0,0,0,0,2,-1,1,1,2,42,7,-1,-1,-1,-1,-1,-1,0,-1
2025320215206,2025,320215206,1,9,0,-1,-1,7,3,0,0,1,0,0,0,0,1,-1,1,1,2,25,5,-1,-1,-1,-1,-1,-1,0,-1
2025320215206,2025,320215206,2,9,0,4,4,7,3,0,0,1,0,0,0,0,2,-1,-1,-1,1,61,9,-1,-1,-1,-1,-1,-1,0,-1
2025320215488,2025,320215488,1,9,0,-1,-1,4,8,0,0,1,0,0,0,0,1,-1,-1,-1,2,49,8,-1,-1,-1,-1,-1,-1,0,-1
2025320215488,2025,320215488,2,9,0,9,9,4,2,0,0,1,0,0,0,0,2,-1,-1,-1,1,66,10,-1,-1,-1,-1,-1,-1,0,-1
2025320215645,2025,320215645,3,9,0,-1,-1,2,6,0,0,1,0,0,0,0,1,-1,1,1,2,22,5,-1,-1,-1,-1,-1,-1,0,-1
2025320215645,2025,320215645,1,9,0,13,13,2,6,0,0,1,0,0,0,0,1,-1,-1,-1,1,21,5,-1,-1,-1,-1,-1,-1,0,-1
2025320215645,2025,320215645,2,9,0,-1,-1,6,2,0,0,1,1,0,7,0,1,-1,-1,-1,1,67,10,-1,-1,-1,-1,-1,-1,0,-1
2025320215831,2025,320215831,3,9,0,10,10,4,2,0,0,1,0,0,0,0,2,-1,-1,-1,2,29,6,-1,-1,-1,-1,-1,-1,0,-1
2025320215831,2025,320215831,2,9,0,4,4,4,8,0,0,1,0,0,0,0,2,-1,1,1,2,66,10,-1,-1,-1,-1,-1,-1,0,-1
2025320215831,2025,320215831,1,19,0,-1,-1,4,8,0,0,1,0,0,0,0,1,-1,1,1,1,39,7,-1,-1,-1,-1,-1,-1,0,-1
2025320216390,2025,320216390,2,9,0,4,4,4,8,0,0,0,0,0,0,0,2,-1,-1,-1,1,24,5,-1,-1,-1,-1,-1,-1,0,-1
2025320216390,2025,320216390,1,9,0,-1,-1,4,8,0,0,0,0,0,0,0,1,-1,-1,-1,1,78,11,-1,-1,-1,-1,-1,-1,0,-1
2025320216425,2025,320216425,2,19,0,-1,-1,8,4,0,0,1,0,0,0,0,2,-1,-1,-1,1,55,8,-1,-1,-1,-1,-1,-1,0,-1
2025320216425,2025,320216425,1,19,0,-1,-1,8,4,0,0,1,0,0,0,0,1,-1,-1,-1,1,31,6,-1,-1,-1,-1,-1,-1,0,-1
2025320216694,2025,320216694,1,9,0,-1,-1,2,6,0,0,8,1,0,0,0,4,-1,-1,-1,1,19,4,-1,-1,-1,-1,-1,-1,0,-1
2025320216694,2025,320216694,2,9,0,7,7,4,6,0,0,8,0,0,0,0,1,-1,-1,-1,1,73,10,-1,-1,-1,-1,-1,-1,0,-1
2025320217051,2025,320217051,1,9,0,9,9,2,8,0,0,5,0,0,0,0,4,-1,-1,-1,1,46,8,-1,-1,-1,-1,-1,-1,0,-1
2025320217051,2025,320217051,2,1,0,-1,-1,6,2,0,0,5,0,0,0,0,1,-1,-1,-1,1,55,8,-1,-1,-1,-1,-1,-1,0,-1
2025320218129,2025,320218129,1,9,0,-1,-1,4,8,0,0,0,0,0,6,0,1,-1,-1,-1,2,21,5,-1,-1,-1,-1,-1,-1,0,-1
2025320218129,2025,320218129,2,19,0,-1,-1,8,4,0,0,0,0,0,0,0,1,-1,1,1,1,59,9,-1,-1,-1,-1,-1,-1,0,-1
2025320218276,2025,320218276,2,9,0,-1,-1,6,2,0,0,0,0,0,0,0,3,-1,-1,-1,1,71,10,-1,-1,-1,-1,-1,-1,0,-1
2025320218276,2025,320218276,1,9,0,-1,-1,2,6,0,0,0,1,0,0,0,3,-1,1,1,2,23,5,-1,-1,-1,-1,-1,-1,0,-1
2025320218409,2025,320218409,2,9,0,-1,-1,2,6,0,0,1,0,0,0,0,1,-1,1,1,1,31,6,-1,-1,-1,-1,-1,-1,0,-1
2025320218409,2025,320218409,1,9,0,1,1,2,6,0,0,1,0,0,0,0,2,-1,1,1,1,50,8,-1,-1,-1,-1,-1,-1,0,-1
2025320222722,2025,320222722,1,9,0,-1,-1,7,3,0,0,0,0,0,1,0,1,-1,-1,-1,1,52,8,-1,-1,-1,-1,-1,-1,0,-1
2025320222722,2025,320222722,2,9,0,-1,-1,3,7,0,0,0,2,0,7,9,1,-1,1,1,1,39,7,-1,-1,-1,-1,-1,-1,0,-1
2025320222864,2025,320222864,1,9,0,-1,-1,6,2,0,0,0,0,0,0,0,1,-1,-1,-1,2,20,4,-1,-1,-1,-1,-1,-1,0,-1
2025320222864,2025,320222864,2,9,0,4,4,6,2,0,0,0,0,0,0,0,2,-1,-1,-1,2,41,7,-1,-1,-1,-1,-1,-1,0,-1
2025320222991,2025,320222991,1,9,0,9,9,6,5,0,0,6,0,0,0,0,4,-1,1,1,1,19,4,-1,-1,-1,-1,-1,-1,0,-1
2025320222991,2025,320222991,2,9,0,-1,-1,1,5,0,0,6,0,0,0,0,1,-1,1,1,2,49,8,-1,-1,-1,-1,-1,-1,0,-1
2025320223219,2025,320223219,2,5,0,-1,-1,8,4,0,0,6,0,0,7,0,1,-1,-1,-1,1,52,8,-1,-1,-1,-1,-1,-1,0,-1
2025320223219,2025,320223219,1,19,0,9,9,2,8,0,0,6,0,0,0,0,1,-1,-1,-1,1,28,6,-1,-1,-1,-1,-1,-1,0,-1
2025320224339,2025,320224339,1,90,0,-1,-1,4,8,0,0,0,0,4,0,0,1,-1,-1,-1,1,16,4,-1,-1,-1,-1,-1,-1,0,-1
2025320224339,2025,320224339,2,19,0,2,2,0,0,0,0,0,0,0,0,0,2,-1,-1,-1,3,120,11,-1,-1,-1,-1,-1,-1,0,-1
2025320224351,2025,320224351,2,21,0,-1,-1,1,5,0,0,6,0,0,0,0,3,-1,-1,-1,1,44,7,-1,-1,-1,-1,-1,-1,0,-1
2025320224351,2025,320224351,1,9,0,9,9,7,5,0,0,6,0,0,0,0,4,-1,1,1,1,28,6,-1,-1,-1,-1,-1,-1,0,-1
2025320225971,2025,320225971,1,9,0,7,7,8,2,0,0,6,0,0,0,0,1,-1,-1,-1,1,58,9,-1,-1,-1,-1,-1,-1,0,-1
2025320225971,2025,320225971,2,3,0,-1,-1,6,2,0,0,6,0,0,0,0,1,-1,-1,-1,2,58,9,-1,-1,-1,-1,-1,-1,0,-1
2025320226126,2025,320226126,2,9,0,-1,-1,1,6,0,0,0,0,0,0,0,1,-1,-1,-1,1,73,10,-1,-1,-1,-1,-1,-1,0,-1
2025320226126,2025,320226126,1,5,0,-1,-1,6,1,0,0,0,5,0,0,0,3,-1,-1,-1,1,45,7,-1,-1,-1,-1,-1,-1,0,-1
2025320226854,2025,320226854,1,4,0,-1,-1,2,6,0,0,2,1,0,0,10,1,-1,1,1,1,18,4,-1,-1,-1,-1,-1,-1,0,-1
2025320227472,2025,320227472,1,9,0,-1,-1,6,2,0,0,0,0,0,0,0,1,-1,-1,-1,3,120,11,-1,-1,-1,-1,-1,-1,0,-1
2025320227472,2025,320227472,2,9,0,-1,-1,2,6,0,0,0,0,0,1,4,1,-1,-1,-1,1,63,9,-1,-1,-1,-1,-1,-1,0,-1
2025320227566,2025,320227566,2,9,0,3,3,6,2,0,0,4,0,0,0,0,2,-1,1,1,1,74,10,-1,-1,-1,-1,-1,-1,0,-1
2025320227566,2025,320227566,1,9,0,-1,-1,6,2,0,0,4,0,0,0,0,1,-1,1,1,1,19,4,-1,-1,-1,-1,-1,-1,0,-1
2025320227660,2025,320227660,1,9,0,-1,-1,2,6,0,0,0,0,0,1,0,3,-1,-1,-1,1,57,9,-1,-1,-1,-1,-1,-1,0,-1
2025320227660,2025,320227660,2,21,1,4,4,6,2,0,0,0,1,0,0,0,1,-1,-1,-1,1,55,8,-1,-1,-1,-1,-1,-1,0,-1
2025320227886,2025,320227886,1,5,0,-1,-1,2,6,0,0,4,0,0,3,1,1,-1,1,1,1,73,10,-1,-1,-1,-1,-1,-1,0,-1
2025320228717,2025,320228717,2,17,0,-1,-1,8,4,0,0,6,0,0,0,0,1,-1,-1,-1,1,39,7,-1,-1,-1,-1,-1,-1,0,-1
2025320228717,2025,320228717,1,9,0,9,9,2,8,0,0,6,0,0,0,0,3,-1,-1,-1,2,27,6,-1,-1,-1,-1,-1,-1,0,-1
2025320229016,2025,320229016,1,9,0,-1,-1,8,4,0,0,0,5,0,7,9,1,-1,1,1,1,30,6,-1,-1,-1,-1,-1,-1,0,-1
2025320229053,2025,320229053,1,9,0,7,7,7,8,0,0,8,0,0,0,0,3,-1,-1,-1,1,31,6,-1,-1,-1,-1,-1,-1,0,-1