collision_index,collision_year,collision_ref_no,vehicle_reference,vehicle_type,towing_and_articulation,vehicle_manoeuvre_historic,vehicle_manoeuvre,vehicle_direction_from,vehicle_direction_to,vehicle_location_restricted_lane_historic,vehicle_location_restricted_lane,junction_location,skidding_and_overturning,hit_object_in_carriageway,vehicle_leaving_carriageway,hit_object_off_carriageway,first_point_of_impact,vehicle_left_hand_drive,journey_purpose_of_driver_historic,journey_purpose_of_driver,sex_of_driver,age_of_driver,age_band_of_driver,engine_capacity_cc,propulsion_code,age_of_vehicle,generic_make_model,driver_imd_decile,lsoa_of_driver,escooter_flag,driver_distance_banding
2025320229053,2025,320229053,2,1,0,-1,-1,4,8,0,0,8,0,0,0,0,1,-1,-1,-1,2,72,10,-1,-1,-1,-1,-1,-1,0,-1
2025320229063,2025,320229063,1,9,0,9,9,2,1,0,0,8,0,0,0,0,4,-1,-1,-1,1,36,7,-1,-1,-1,-1,-1,-1,0,-1
2025320229063,2025,320229063,2,9,0,-1,-1,6,2,0,0,8,0,0,0,0,1,-1,1,1,2,36,7,-1,-1,-1,-1,-1,-1,0,-1
2025320229063,2025,320229063,3,9,0,10,10,1,6,0,0,8,0,0,0,0,3,-1,-1,-1,2,61,9,-1,-1,-1,-1,-1,-1,0,-1
2025320230002,2025,320230002,1,9,0,-1,-1,2,6,0,0,0,2,0,7,0,4,-1,-1,-1,2,22,5,-1,-1,-1,-1,-1,-1,0,-1
2025320230593,2025,320230593,1,19,0,-1,-1,2,6,0,0,0,2,0,7,1,1,-1,-1,-1,1,45,7,-1,-1,-1,-1,-1,-1,0,-1
2025320230832,2025,320230832,1,9,0,-1,-1,4,8,0,0,1,0,0,0,0,1,-1,-1,-1,1,78,11,-1,-1,-1,-1,-1,-1,0,-1
2025320230832,2025,320230832,2,1,0,-1,-1,4,8,0,0,1,0,0,0,0,2,-1,-1,-1,1,57,9,-1,-1,-1,-1,-1,-1,0,-1
2025320231299,2025,320231299,1,9,0,-1,-1,7,2,0,0,4,0,0,0,0,1,-1,-1,-1,1,81,11,-1,-1,-1,-1,-1,-1,0,-1
2025320231314,2025,320231314,1,3,0,9,9,4,2,0,0,2,2,0,0,0,3,-1,-1,-1,1,17,4,-1,-1,-1,-1,-1,-1,0,-1
2025320231486,2025,320231486,2,21,0,-1,-1,4,8,0,0,6,0,0,0,0,1,-1,-1,-1,1,61,9,-1,-1,-1,-1,-1,-1,0,-1
2025320231486,2025,320231486,1,9,0,9,9,2,8,0,0,6,0,0,0,0,4,-1,-1,-1,2,78,11,-1,-1,-1,-1,-1,-1,0,-1
2025320231744,2025,320231744,2,9,0,9,9,8,6,0,0,1,0,0,0,0,3,-1,-1,-1,1,64,9,-1,-1,-1,-1,-1,-1,0,-1
2025320231744,2025,320231744,1,3,0,13,13,8,4,0,0,1,5,0,7,0,1,-1,-1,-1,1,17,4,-1,-1,-1,-1,-1,-1,0,-1
2025320232756,2025,320232756,1,21,0,-1,-1,5,1,0,0,0,0,0,0,0,1,-1,-1,-1,1,42,7,-1,-1,-1,-1,-1,-1,0,-1
2025320233916,2025,320233916,1,9,0,-1,-1,6,2,0,0,1,0,0,7,11,1,-1,1,1,2,66,10,-1,-1,-1,-1,-1,-1,0,-1
2025320234541,2025,320234541,1,21,1,-1,-1,4,8,0,0,0,4,0,0,0,3,-1,-1,-1,1,47,8,-1,-1,-1,-1,-1,-1,0,-1
2025320236102,2025,320236102,2,9,0,-1,-1,6,2,0,0,5,0,0,0,0,1,-1,-1,-1,1,32,6,-1,-1,-1,-1,-1,-1,0,-1
2025320236102,2025,320236102,1,9,0,10,10,6,4,0,0,5,0,0,0,0,2,-1,-1,-1,2,65,9,-1,-1,-1,-1,-1,-1,0,-1
2025320236216,2025,320236216,2,1,0,-1,-1,6,2,0,0,8,5,0,0,0,4,-1,-1,-1,1,14,3,-1,-1,-1,-1,-1,-1,0,-1
2025320236216,2025,320236216,1,9,0,-1,-1,8,4,0,0,8,0,0,0,0,1,-1,-1,-1,1,22,5,-1,-1,-1,-1,-1,-1,0,-1
2025320238010,2025,320238010,2,19,0,13,13,7,3,0,0,0,1,0,7,4,1,-1,-1,-1,1,20,4,-1,-1,-1,-1,-1,-1,0,-1
2025320238010,2025,320238010,1,19,0,13,13,7,3,0,0,0,0,0,0,0,0,-1,1,1,1,66,10,-1,-1,-1,-1,-1,-1,0,-1
2025320238010,2025,320238010,3,19,0,-1,-1,7,3,0,0,0,0,0,0,0,0,-1,-1,-1,1,63,9,-1,-1,-1,-1,-1,-1,0,-1
2025320238355,2025,320238355,1,19,0,9,9,8,5,0,0,5,0,0,0,0,3,-1,-1,-1,1,55,8,-1,-1,-1,-1,-1,-1,0,-1
2025320238355,2025,320238355,2,5,0,13,13,8,4,0,0,5,1,0,0,0,4,-1,-1,-1,1,68,10,-1,-1,-1,-1,-1,-1,0,-1
2025320239125,2025,320239125,2,1,0,-1,-1,7,3,0,0,0,5,0,0,0,2,-1,-1,-1,1,41,7,-1,-1,-1,-1,-1,-1,0,-1
2025320239125,2025,320239125,1,19,0,-1,-1,7,3,0,0,0,0,0,0,0,1,-1,-1,-1,3,120,11,-1,-1,-1,-1,-1,-1,0,-1
2025320239150,2025,320239150,1,3,0,-1,-1,1,5,0,0,4,0,0,0,0,1,-1,1,1,1,18,4,-1,-1,-1,-1,-1,-1,0,-1
2025320239150,2025,320239150,2,9,0,-1,-1,5,2,0,0,4,0,0,0,0,1,-1,-1,-1,1,26,6,-1,-1,-1,-1,-1,-1,0,-1
2025320239824,2025,320239824,1,9,0,9,9,1,7,0,0,5,0,0,0,0,1,-1,-1,-1,1,46,8,-1,-1,-1,-1,-1,-1,0,-1
2025320239824,2025,320239824,2,9,0,-1,-1,5,1,0,0,5,0,0,0,0,1,-1,-1,-1,1,34,6,-1,-1,-1,-1,-1,-1,0,-1
2025320239958,2025,320239958,1,5,0,-1,-1,6,2,0,0,0,5,0,1,3,1,-1,-1,-1,1,41,7,-1,-1,-1,-1,-1,-1,0,-1
2025320240094,2025,320240094,1,5,0,-1,-1,6,2,0,0,0,0,12,0,0,1,-1,-1,-1,1,30,6,-1,-1,-1,-1,-1,-1,0,-1
2025320240442,2025,320240442,2,9,0,4,4,4,8,0,0,1,0,0,0,0,2,-1,-1,-1,1,42,7,-1,-1,-1,-1,-1,-1,0,-1
2025320240442,2025,320240442,1,4,0,-1,-1,4,8,0,0,1,0,0,0,0,1,-1,-1,-1,1,29,6,-1,-1,-1,-1,-1,-1,0,-1
2025320241678,2025,320241678,2,9,0,4,4,1,5,0,0,1,0,0,0,0,2,-1,-1,-1,1,31,6,-1,-1,-1,-1,-1,-1,0,-1
2025320241678,2025,320241678,1,9,0,-1,-1,1,5,0,0,1,0,0,0,0,1,-1,1,1,2,79,11,-1,-1,-1,-1,-1,-1,0,-1
2025320241806,2025,320241806,2,9,0,-1,-1,2,6,0,0,8,0,0,1,0,3,-1,1,1,1,67,10,-1,-1,-1,-1,-1,-1,0,-1
2025320241806,2025,320241806,1,19,0,-1,-1,8,4,0,0,8,0,0,0,0,1,-1,1,1,1,30,6,-1,-1,-1,-1,-1,-1,0,-1
2025320242158,2025,320242158,2,9,0,2,2,0,0,0,0,0,0,0,0,0,3,-1,-1,-1,1,22,5,-1,-1,-1,-1,-1,-1,0,-1
2025320242158,2025,320242158,1,9,0,-1,-1,8,4,0,0,0,0,4,0,0,1,-1,-1,-1,2,52,8,-1,-1,-1,-1,-1,-1,0,-1
2025320242467,2025,320242467,1,3,0,-1,-1,8,4,0,0,0,0,12,0,0,1,-1,1,1,1,40,7,-1,-1,-1,-1,-1,-1,0,-1
2025320243411,2025,320243411,2,3,0,-1,-1,2,6,0,0,8,0,0,0,0,1,-1,1,1,1,17,4,-1,-1,-1,-1,-1,-1,0,-1
2025320243411,2025,320243411,1,9,0,9,9,6,4,0,0,8,0,0,0,0,4,-1,-1,-1,2,30,6,-1,-1,-1,-1,-1,-1,0,-1
2025320243435,2025,320243435,2,9,0,2,2,0,0,0,0,0,0,0,0,0,3,-1,-1,-1,2,75,10,-1,-1,-1,-1,-1,-1,0,-1
2025320243435,2025,320243435,1,9,0,-1,-1,4,8,0,0,0,0,4,0,0,1,-1,-1,-1,2,82,11,-1,-1,-1,-1,-1,-1,0,-1
2025320243610,2025,320243610,2,9,0,2,2,0,0,0,0,0,0,0,0,0,2,-1,-1,-1,1,44,7,-1,-1,-1,-1,-1,-1,0,-1
2025320243610,2025,320243610,1,9,0,1,1,7,3,0,0,0,0,0,0,0,2,-1,-1,-1,1,48,8,-1,-1,-1,-1,-1,-1,0,-1
2025320244415,2025,320244415,1,3,0,13,13,6,2,0,0,1,5,0,0,0,1,-1,-1,-1,1,17,4,-1,-1,-1,-1,-1,-1,0,-1
2025320244415,2025,320244415,2,9,0,9,9,6,4,0,0,1,0,0,0,0,3,-1,-1,-1,1,23,5,-1,-1,-1,-1,-1,-1,0,-1
2025320245258,2025,320245258,2,21,0,-1,-1,7,3,0,0,0,0,0,0,0,4,-1,-1,-1,1,59,9,-1,-1,-1,-1,-1,-1,0,-1
2025320245258,2025,320245258,1,1,0,15,15,7,3,0,0,0,5,0,0,0,1,-1,-1,-1,2,57,9,-1,-1,-1,-1,-1,-1,0,-1
2025320246037,2025,320246037,1,9,0,-1,-1,5,1,0,0,0,5,0,1,9,1,-1,-1,-1,1,18,4,-1,-1,-1,-1,-1,-1,0,-1
2025320246295,2025,320246295,1,9,0,-1,-1,2,6,0,0,0,0,0,0,0,1,-1,-1,-1,1,62,9,-1,-1,-1,-1,-1,-1,0,-1
2025320246330,2025,320246330,1,2,0,-1,-1,8,4,0,0,8,0,0,0,0,1,-1,-1,-1,1,17,4,-1,-1,-1,-1,-1,-1,0,-1
2025320246330,2025,320246330,2,9,0,7,7,2,4,0,0,8,0,0,0,0,3,-1,-1,-1,1,51,8,-1,-1,-1,-1,-1,-1,0,-1
2025320246418,2025,320246418,2,1,0,-1,-1,2,6,0,0,2,5,0,0,0,1,-1,-1,-1,1,11,3,-1,-1,-1,-1,-1,-1,0,-1
2025320246418,2025,320246418,1,9,0,-1,-1,8,6,0,0,2,0,0,0,0,4,-1,-1,-1,1,20,4,-1,-1,-1,-1,-1,-1,0,-1
2025320246436,2025,320246436,2,9,0,-1,-1,6,2,0,0,0,0,0,0,0,3,-1,-1,-1,1,39,7,-1,-1,-1,-1,-1,-1,0,-1
2025320246436,2025,320246436,1,9,0,-1,-1,2,6,0,0,0,0,0,7,10,3,-1,-1,-1,1,29,6,-1,-1,-1,-1,-1,-1,0,-1
2025320246685,2025,320246685,2,20,4,4,4,7,3,0,0,1,0,0,0,0,3,-1,1,1,1,40,7,-1,-1,-1,-1,-1,-1,0,-1
2025320246685,2025,320246685,1,9,0,13,13,7,3,0,0,1,0,0,1,9,1,-1,1,1,2,21,5,-1,-1,-1,-1,-1,-1,0,-1
2025320247554,2025,320247554,2,1,0,-1,-1,2,6,0,0,0,5,0,0,0,3,-1,-1,-1,1,66,10,-1,-1,-1,-1,-1,-1,0,-1
2025320247554,2025,320247554,1,9,0,13,13,2,6,0,0,0,0,0,0,0,4,-1,-1,-1,1,45,7,-1,-1,-1,-1,-1,-1,0,-1
2025320248819,2025,320248819,2,22,0,-1,-1,5,1,0,0,5,5,0,0,0,3,-1,-1,-1,2,68,10,-1,-1,-1,-1,-1,-1,0,-1
2025320248819,2025,320248819,1,9,0,9,9,2,7,0,0,5,0,0,0,0,1,-1,-1,-1,1,76,11,-1,-1,-1,-1,-1,-1,0,-1
2025320249406,2025,320249406,2,9,0,18,19,8,4,0,0,6,0,0,7,9,1,-1,-1,-1,1,27,6,-1,-1,-1,-1,-1,-1,0,-1
2025320249406,2025,320249406,1,9,0,9,9,2,4,0,0,6,0,0,1,0,3,-1,1,1,1,19,4,-1,-1,-1,-1,-1,-1,0,-1
2025320249700,2025,320249700,1,9,0,-1,-1,2,6,0,0,0,0,0,0,0,1,-1,1,1,2,36,7,-1,-1,-1,-1,-1,-1,0,-1
2025320250540,2025,320250540,2,9,0,-1,-1,6,2,0,0,0,0,0,0,0,4,-1,-1,-1,2,75,10,-1,-1,-1,-1,-1,-1,0,-1
2025320250540,2025,320250540,1,19,0,2,2,0,0,0,0,0,0,0,0,0,3,-1,-1,-1,1,30,6,-1,-1,-1,-1,-1,-1,0,-1
2025320251085,2025,320251085,1,20,0,-1,-1,6,2,0,0,0,0,0,7,0,1,-1,-1,-1,1,43,7,-1,-1,-1,-1,-1,-1,0,-1
2025320251085,2025,320251085,2,9,0,-1,-1,2,6,0,0,0,0,0,0,0,3,-1,1,1,1,63,9,-1,-1,-1,-1,-1,-1,0,-1
2025320251085,2025,320251085,3,9,0,-1,-1,2,6,0,0,0,0,0,1,0,1,-1,-1,-1,2,67,10,-1,-1,-1,-1,-1,-1,0,-1
2025320251336,2025,320251336,1,9,0,-1,-1,3,7,0,0,0,0,0,0,0,1,-1,1,1,2,40,7,-1,-1,-1,-1,-1,-1,0,-1
2025320251710,2025,320251710,1,9,0,-1,-1,2,6,0,0,0,5,0,8,9,3,-1,-1,-1,1,26,6,-1,-1,-1,-1,-1,-1,0,-1
2025320251880,2025,320251880,2,9,0,-1,-1,4,8,0,0,6,0,0,0,0,1,-1,1,1,2,22,5,-1,-1,-1,-1,-1,-1,0,-1
2025320251880,2025,320251880,1,21,0,9,9,2,8,0,0,6,0,0,0,0,4,-1,-1,-1,1,64,9,-1,-1,-1,-1,-1,-1,0,-1
2025320252814,2025,320252814,1,9,0,1,1,2,6,6,6,8,0,0,0,0,2,-1,-1,-1,1,45,7,-1,-1,-1,-1,-1,-1,0,-1
2025320253180,2025,320253180,1,9,0,-1,-1,3,7,0,0,0,0,0,0,0,4,-1,-1,-1,1,31,6,-1,-1,-1,-1,-1,-1,0,-1
2025320253528,2025,320253528,2,9,0,-1,-1,8,4,0,0,0,0,0,0,0,3,-1,1,1,1,18,4,-1,-1,-1,-1,-1,-1,0,-1
2025320253528,2025,320253528,1,9,0,-1,-1,4,8,0,0,0,0,0,1,0,3,-1,-1,-1,2,35,6,-1,-1,-1,-1,-1,-1,0,-1
2025320253837,2025,320253837,2,9,0,-1,-1,2,6,0,0,1,0,0,0,0,1,-1,1,1,1,18,4,-1,-1,-1,-1,-1,-1,0,-1
2025320253837,2025,320253837,1,9,0,3,3,2,6,0,0,1,0,0,0,0,2,-1,1,1,1,18,4,-1,-1,-1,-1,-1,-1,0,-1
2025320254653,2025,320254653,1,9,0,9,9,2,8,0,0,6,0,0,0,0,1,-1,-1,-1,2,50,8,-1,-1,-1,-1,-1,-1,0,-1
2025320254653,2025,320254653,2,1,0,-1,-1,8,4,0,0,6,0,0,0,0,1,-1,-1,-1,2,67,10,-1,-1,-1,-1,-1,-1,0,-1
2025320256428,2025,320256428,1,9,0,-1,-1,2,4,0,0,4,0,0,0,0,3,-1,1,1,1,68,10,-1,-1,-1,-1,-1,-1,0,-1
2025320256428,2025,320256428,2,20,0,-1,-1,7,3,0,0,4,0,0,0,0,1,-1,1,1,1,64,9,-1,-1,-1,-1,-1,-1,0,-1
2025320256811,2025,320256811,2,9,0,-1,-1,3,7,0,0,6,0,0,0,0,3,-1,-1,-1,2,71,10,-1,-1,-1,-1,-1,-1,0,-1
2025320256811,2025,320256811,1,5,0,9,9,1,7,0,0,6,0,0,0,0,1,-1,1,1,1,75,10,-1,-1,-1,-1,-1,-1,0,-1
2025320256988,2025,320256988,1,5,0,-1,-1,8,4,0,0,0,0,0,7,9,1,-1,-1,-1,2,42,7,-1,-1,-1,-1,-1,-1,0,-1
2025320257717,2025,320257717,2,5,0,4,4,4,8,0,0,0,5,0,0,0,0,-1,-1,-1,1,54,8,-1,-1,-1,-1,-1,-1,0,-1
2025320257717,2025,320257717,1,19,0,-1,-1,8,4,0,0,0,0,0,0,0,0,-1,-1,-1,1,120,11,-1,-1,-1,-1,-1,-1,0,-1
2025320258707,2025,320258707,1,9,0,-1,-1,4,8,0,0,0,1,0,7,4,3,-1,-1,-1,2,40,7,-1,-1,-1,-1,-1,-1,0,-1
2025320258707,2025,320258707,2,9,0,-1,-1,8,4,0,0,0,0,0,0,0,3,-1,1,1,1,28,6,-1,-1,-1,-1,-1,-1,0,-1
2025320258774,2025,320258774,2,1,0,-1,-1,1,5,0,0,1,0,0,0,0,1,-1,-1,-1,1,29,6,-1,-1,-1,-1,-1,-1,0,-1
2025320258774,2025,320258774,1,9,0,3,3,1,5,0,0,1,0,0,0,0,2,-1,1,1,2,23,5,-1,-1,-1,-1,-1,-1,0,-1
2025320259254,2025,320259254,3,9,0,2,2,0,0,0,0,0,0,0,0,0,2,-1,-1,-1,2,64,9,-1,-1,-1,-1,-1,-1,0,-1
2025320259254,2025,320259254,2,9,0,2,2,0,0,0,0,0,0,0,0,0,2,-1,-1,-1,2,32,6,-1,-1,-1,-1,-1,-1,0,-1
2025320259254,2025,320259254,1,9,0,-1,-1,2,6,0,0,0,0,0,0,0,1,-1,-1,-1,2,28,6,-1,-1,-1,-1,-1,-1,0,-1
2025320259420,2025,320259420,2,4,0,-1,-1,4,8,0,0,0,0,0,0,0,2,-1,-1,-1,2,19,4,-1,-1,-1,-1,-1,-1,0,-1
2025320259420,2025,320259420,1,5,0,13,13,4,8,0,0,0,5,0,0,0,1,-1,1,1,1,78,11,-1,-1,-1,-1,-1,-1,0,-1
2025320260214,2025,320260214,1,20,0,9,9,6,4,0,0,8,0,0,0,0,1,-1,1,1,1,60,9,-1,-1,-1,-1,-1,-1,0,-1
2025320260214,2025,320260214,2,11,0,-1,-1,4,8,0,0,8,0,0,0,0,4,-1,-1,-1,1,58,9,-1,-1,-1,-1,-1,-1,0,-1
2025320260349,2025,320260349,2,9,0,-1,-1,4,8,0,0,6,0,0,7,0,1,-1,1,1,2,52,8,-1,-1,-1,-1,-1,-1,0,-1
2025320260349,2025,320260349,1,9,0,9,9,6,4,0,0,6,0,0,1,0,3,-1,1,1,1,85,11,-1,-1,-1,-1,-1,-1,0,-1
2025320260602,2025,320260602,2,9,0,4,4,4,8,0,0,0,0,0,0,0,2,-1,-1,-1,1,52,8,-1,-1,-1,-1,-1,-1,0,-1
2025320260602,2025,320260602,1,19,0,-1,-1,4,8,0,0,0,0,0,0,0,1,-1,-1,-1,1,28,6,-1,-1,-1,-1,-1,-1,0,-1
2025320261544,2025,320261544,2,9,0,2,2,0,0,0,0,2,0,0,0,0,2,-1,1,1,2,19,4,-1,-1,-1,-1,-1,-1,0,-1
2025320261544,2025,320261544,1,9,0,1,1,3,7,0,0,2,0,0,0,0,1,-1,-1,-1,1,37,7,-1,-1,-1,-1,-1,-1,0,-1
2025320261544,2025,320261544,3,9,0,2,2,0,0,0,0,2,0,0,0,0,2,-1,1,1,2,23,5,-1,-1,-1,-1,-1,-1,0,-1
2025320261644,2025,320261644,2,9,0,2,2,0,0,0,0,2,0,0,0,0,2,-1,1,1,2,19,4,-1,-1,-1,-1,-1,-1,0,-1
2025320261644,2025,320261644,3,9,0,2,2,0,0,0,0,2,0,0,0,0,2,-1,1,1,2,23,5,-1,-1,-1,-1,-1,-1,0,-1
2025320261644,2025,320261644,1,9,0,-1,-1,3,7,0,0,2,0,4,0,0,1,-1,-1,-1,1,37,7,-1,-1,-1,-1,-1,-1,0,-1
2025320261648,2025,320261648,1,9,0,-1,-1,3,7,0,0,1,0,0,0,0,1,-1,-1,-1,2,30,6,-1,-1,-1,-1,-1,-1,0,-1
2025320263479,2025,320263479,2,9,0,9,9,8,6,0,0,2,0,0,0,0,1,-1,-1,-1,1,18,4,-1,-1,-1,-1,-1,-1,0,-1
2025320263479,2025,320263479,1,9,0,-1,-1,4,8,0,0,2,0,0,0,0,1,-1,-1,-1,1,24,5,-1,-1,-1,-1,-1,-1,0,-1
2025320264477,2025,320264477,2,1,0,7,7,8,4,0,0,1,0,0,0,0,1,-1,-1,-1,1,60,9,-1,-1,-1,-1,-1,-1,0,-1
2025320264477,2025,320264477,1,9,0,-1,-1,4,8,0,0,1,0,0,0,0,1,-1,-1,-1,2,35,6,-1,-1,-1,-1,-1,-1,0,-1
2025320265142,2025,320265142,2,9,0,-1,-1,8,4,0,0,6,1,0,0,0,1,-1,-1,-1,1,18,4,-1,-1,-1,-1,-1,-1,0,-1
2025320265142,2025,320265142,1,9,0,9,9,2,8,0,0,6,0,0,0,0,1,-1,1,1,2,19,4,-1,-1,-1,-1,-1,-1,0,-1
2025320265336,2025,320265336,3,9,0,10,10,4,1,0,0,1,0,0,0,0,0,-1,-1,-1,1,46,8,-1,-1,-1,-1,-1,-1,0,-1
2025320265336,2025,320265336,1,5,0,-1,-1,4,8,0,0,1,5,0,1,9,4,-1,1,1,1,33,6,-1,-1,-1,-1,-1,-1,0,-1
2025320265336,2025,320265336,2,5,0,-1,-1,4,8,0,0,1,0,0,0,0,0,-1,1,1,1,31,6,-1,-1,-1,-1,-1,-1,0,-1
2025320265352,2025,320265352,1,9,0,-1,-1,8,4,0,0,2,0,0,0,0,1,-1,-1,-1,2,88,11,-1,-1,-1,-1,-1,-1,0,-1
2025320265744,2025,320265744,2,9,0,2,2,0,0,0,0,0,0,0,0,0,3,-1,-1,-1,3,120,11,-1,-1,-1,-1,-1,-1,0,-1
2025320265744,2025,320265744,3,9,0,2,2,0,0,0,0,0,0,0,0,0,3,-1,-1,-1,3,120,11,-1,-1,-1,-1,-1,-1,0,-1
2025320265744,2025,320265744,1,9,0,-1,-1,2,6,0,0,0,0,0,0,0,1,-1,-1,-1,2,77,11,-1,-1,-1,-1,-1,-1,0,-1
2025320265918,2025,320265918,1,9,0,-1,-1,2,6,0,0,0,1,0,0,0,1,-1,1,1,2,34,6,-1,-1,-1,-1,-1,-1,0,-1
2025320265918,2025,320265918,2,9,0,-1,-1,6,2,0,0,0,1,0,0,0,1,-1,-1,-1,2,81,11,-1,-1,-1,-1,-1,-1,0,-1
2025320266179,2025,320266179,1,9,0,-1,-1,8,4,0,0,8,0,0,0,0,1,-1,-1,-1,1,19,4,-1,-1,-1,-1,-1,-1,0,-1
2025320266179,2025,320266179,2,9,0,-1,-1,6,2,0,0,8,0,0,7,9,4,-1,-1,-1,1,19,4,-1,-1,-1,-1,-1,-1,0,-1
2025320266374,2025,320266374,2,9,0,-1,-1,4,8,0,0,0,0,0,1,9,1,-1,1,1,2,20,4,-1,-1,-1,-1,-1,-1,0,-1
2025320266374,2025,320266374,1,9,0,-1,-1,8,4,0,0,0,0,0,0,0,1,-1,1,1,2,34,6,-1,-1,-1,-1,-1,-1,0,-1
2025320266552,2025,320266552,1,9,0,-1,-1,8,4,0,0,1,0,0,0,0,1,-1,-1,-1,2,35,6,-1,-1,-1,-1,-1,-1,0,-1
2025320266675,2025,320266675,1,3,0,-1,-1,2,6,0,0,0,5,11,1,0,4,-1,1,1,1,17,4,-1,-1,-1,-1,-1,-1,0,-1
2025320266783,2025,320266783,2,1,0,-1,-1,2,6,0,0,4,0,0,0,0,1,-1,-1,-1,1,64,9,-1,-1,-1,-1,-1,-1,0,-1
2025320266783,2025,320266783,1,9,0,-1,-1,4,8,0,0,4,0,0,0,0,1,-1,-1,-1,2,45,7,-1,-1,-1,-1,-1,-1,0,-1
2025320267626,2025,320267626,2,5,0,-1,-1,3,7,0,0,1,1,0,0,0,1,-1,1,1,1,58,9,-1,-1,-1,-1,-1,-1,0,-1
2025320267626,2025,320267626,1,9,0,6,6,3,3,0,0,1,0,0,0,0,4,-1,1,1,2,59,9,-1,-1,-1,-1,-1,-1,0,-1
2025320268117,2025,320268117,2,9,0,9,9,6,4,0,0,8,0,0,0,0,4,-1,-1,-1,1,66,10,-1,-1,-1,-1,-1,-1,0,-1
2025320268117,2025,320268117,1,5,0,-1,-1,2,6,0,0,8,5,0,0,0,1,-1,-1,-1,1,33,6,-1,-1,-1,-1,-1,-1,0,-1
2025320268595,2025,320268595,1,9,0,9,9,2,6,0,0,6,0,0,0,0,3,-1,-1,-1,2,32,6,-1,-1,-1,-1,-1,-1,0,-1
2025320268595,2025,320268595,2,5,0,-1,-1,6,2,0,0,6,5,0,0,0,1,-1,-1,-1,1,51,8,-1,-1,-1,-1,-1,-1,0,-1
2025320268820,2025,320268820,2,1,0,-1,-1,2,6,0,0,0,1,0,1,0,3,-1,-1,-1,2,14,3,-1,-1,-1,-1,-1,-1,0,-1
2025320268820,2025,320268820,1,9,0,13,13,2,6,0,0,0,0,0,0,0,1,-1,-1,-1,2,26,6,-1,-1,-1,-1,-1,-1,0,-1
2025320269624,2025,320269624,1,9,0,-1,-1,8,4,0,0,1,5,0,7,9,1,-1,-1,-1,1,25,5,-1,-1,-1,-1,-1,-1,0,-1
2025320269781,2025,320269781,1,3,0,-1,-1,6,2,0,0,0,0,0,1,0,1,-1,-1,-1,1,20,4,-1,-1,-1,-1,-1,-1,0,-1
2025320269924,2025,320269924,1,9,0,9,9,2,8,0,0,8,0,0,0,0,1,-1,-1,-1,2,40,7,-1,-1,-1,-1,-1,-1,0,-1
2025320269924,2025,320269924,2,16,0,-1,-1,4,8,0,0,8,5,0,0,0,2,-1,-1,-1,1,40,7,-1,-1,-1,-1,-1,-1,0,-1
2025320269937,2025,320269937,1,9,0,-1,-1,8,4,0,0,0,0,0,1,9,1,-1,1,1,1,35,6,-1,-1,-1,-1,-1,-1,0,-1
2025320270376,2025,320270376,2,9,0,2,2,0,0,0,0,0,0,0,0,0,2,-1,-1,-1,3,120,11,-1,-1,-1,-1,-1,-1,0,-1
2025320270376,2025,320270376,1,3,0,-1,-1,7,3,0,0,0,0,4,0,0,1,-1,-1,-1,1,21,5,-1,-1,-1,-1,-1,-1,0,-1
2025320270552,2025,320270552,1,9,0,5,5,8,4,0,0,0,0,0,0,0,1,-1,-1,-1,1,120,11,-1,-1,-1,-1,-1,-1,0,-1
2025320271700,2025,320271700,1,9,0,9,9,7,5,0,0,1,0,0,1,10,1,-1,1,1,2,24,5,-1,-1,-1,-1,-1,-1,0,-1
2025320271920,2025,320271920,2,9,0,-1,-1,4,8,0,0,0,0,0,0,0,3,-1,1,1,1,88,11,-1,-1,-1,-1,-1,-1,0,-1
2025320271920,2025,320271920,1,9,0,-1,-1,8,4,0,0,0,0,0,0,0,3,-1,-1,-1,1,75,10,-1,-1,-1,-1,-1,-1,0,-1
2025320272356,2025,320272356,1,9,0,4,4,7,3,0,0,0,0,4,0,0,1,-1,-1,-1,1,120,11,-1,-1,-1,-1,-1,-1,0,-1
2025320272356,2025,320272356,2,9,0,-1,-1,3,7,0,0,0,0,0,0,0,1,-1,-1,-1,3,120,11,-1,-1,-1,-1,-1,-1,0,-1
2025320272356,2025,320272356,3,9,0,2,2,0,0,0,0,0,0,0,0,0,3,-1,1,1,1,21,5,-1,-1,-1,-1,-1,-1,0,-1
2025320272356,2025,320272356,4,9,0,2,2,0,0,0,0,0,0,0,0,0,2,-1,-1,-1,2,77,11,-1,-1,-1,-1,-1,-1,0,-1
2025320273046,2025,320273046,2,4,0,-1,-1,6,2,0,0,8,0,0,1,0,1,-1,1,1,1,22,5,-1,-1,-1,-1,-1,-1,0,-1
2025320273046,2025,320273046,1,9,0,9,9,2,8,0,0,8,0,0,0,0,4,-1,1,1,2,36,7,-1,-1,-1,-1,-1,-1,0,-1
2025320273591,2025,320273591,1,9,0,-1,-1,8,4,0,0,0,0,0,0,1,1,-1,1,1,1,58,9,-1,-1,-1,-1,-1,-1,0,-1
2025320273907,2025,320273907,1,3,0,-1,-1,6,2,0,0,1,1,0,1,11,1,-1,1,1,2,20,4,-1,-1,-1,-1,-1,-1,0,-1
2025320275309,2025,320275309,1,9,0,-1,-1,3,7,0,0,0,0,0,0,0,1,-1,-1,-1,1,120,11,-1,-1,-1,-1,-1,-1,0,-1
2025320275309,2025,320275309,2,9,0,4,4,3,7,0,0,0,0,0,0,0,2,-1,-1,-1,1,32,6,-1,-1,-1,-1,-1,-1,0,-1
2025320276013,2025,320276013,1,19,0,-1,-1,4,8,0,0,0,0,0,0,0,1,-1,-1,-1,1,120,11,-1,-1,-1,-1,-1,-1,0,-1
2025320276013,2025,320276013,2,9,0,-1,-1,4,8,0,0,0,0,0,0,0,2,-1,1,1,2,57,9,-1,-1,-1,-1,-1,-1,0,-1
2025320276116,2025,320276116,1,9,0,-1,-1,8,4,0,0,0,0,0,0,0,1,-1,-1,-1,3,120,11,-1,-1,-1,-1,-1,-1,0,-1
2025320276840,2025,320276840,1,9,0,-1,-1,3,7,0,0,8,0,0,7,3,3,-1,-1,-1,1,30,6,-1,-1,-1,-1,-1,-1,0,-1
2025320276840,2025,320276840,2,9,0,-1,-1,6,2,0,0,8,0,0,0,0,1,-1,-1,-1,1,41,7,-1,-1,-1,-1,-1,-1,0,-1
2025320276842,2025,320276842,1,9,0,-1,-1,4,8,0,0,1,0,0,0,0,1,-1,1,1,1,32,6,-1,-1,-1,-1,-1,-1,0,-1
2025320276843,2025,320276843,1,9,0,-1,-1,7,3,0,0,0,5,0,1,9,1,-1,1,1,1,37,7,-1,-1,-1,-1,-1,-1,0,-1
2025320276857,2025,320276857,2,9,0,4,4,6,2,0,0,0,0,0,0,0,2,-1,1,1,1,69,10,-1,-1,-1,-1,-1,-1,0,-1