collision_index,collision_year,collision_ref_no,vehicle_reference,vehicle_type,towing_and_articulation,vehicle_manoeuvre_historic,vehicle_manoeuvre,vehicle_direction_from,vehicle_direction_to,vehicle_location_restricted_lane_historic,vehicle_location_restricted_lane,junction_location,skidding_and_overturning,hit_object_in_carriageway,vehicle_leaving_carriageway,hit_object_off_carriageway,first_point_of_impact,vehicle_left_hand_drive,journey_purpose_of_driver_historic,journey_purpose_of_driver,sex_of_driver,age_of_driver,age_band_of_driver,engine_capacity_cc,propulsion_code,age_of_vehicle,generic_make_model,driver_imd_decile,lsoa_of_driver,escooter_flag,driver_distance_banding
2025320276857,2025,320276857,3,9,0,4,4,6,2,0,0,0,0,0,0,0,2,-1,1,1,1,67,10,-1,-1,-1,-1,-1,-1,0,-1
2025320276857,2025,320276857,1,9,0,4,4,6,2,0,0,0,0,0,0,0,1,-1,1,1,1,25,5,-1,-1,-1,-1,-1,-1,0,-1
2025320276949,2025,320276949,2,19,0,-1,-1,4,8,0,0,8,0,0,0,0,1,-1,1,1,1,29,6,-1,-1,-1,-1,-1,-1,0,-1
2025320276949,2025,320276949,1,9,0,-1,-1,6,2,0,0,8,0,0,3,0,3,-1,1,1,1,21,5,-1,-1,-1,-1,-1,-1,0,-1
2025320277171,2025,320277171,1,9,0,-1,-1,6,2,0,0,4,0,0,0,0,1,-1,-1,-1,2,57,9,-1,-1,-1,-1,-1,-1,0,-1
2025320277171,2025,320277171,2,1,0,-1,-1,4,2,0,0,4,0,0,0,0,4,-1,-1,-1,1,32,6,-1,-1,-1,-1,-1,-1,0,-1
2025320277240,2025,320277240,2,9,0,2,2,0,0,0,0,0,0,0,0,0,3,-1,-1,-1,3,120,11,-1,-1,-1,-1,-1,-1,0,-1
2025320277240,2025,320277240,1,1,0,-1,-1,2,6,0,0,0,0,4,0,0,4,-1,-1,-1,1,49,8,-1,-1,-1,-1,-1,-1,0,-1
2025320277588,2025,320277588,1,9,0,-1,-1,6,2,0,0,0,0,0,0,0,3,-1,-1,-1,3,120,11,-1,-1,-1,-1,-1,-1,0,-1
2025320277588,2025,320277588,2,9,0,-1,-1,2,6,0,0,0,0,0,0,0,3,-1,-1,-1,1,61,9,-1,-1,-1,-1,-1,-1,0,-1
2025320278985,2025,320278985,1,9,0,-1,-1,6,2,0,0,0,0,0,7,3,1,-1,1,1,1,68,10,-1,-1,-1,-1,-1,-1,0,-1
2025320280995,2025,320280995,2,1,0,-1,-1,2,6,9,9,6,5,0,0,0,1,-1,-1,-1,2,11,3,-1,-1,-1,-1,-1,-1,0,-1
2025320280995,2025,320280995,1,9,0,1,1,8,4,9,9,6,0,0,0,0,2,-1,-1,-1,3,120,11,-1,-1,-1,-1,-1,-1,0,-1
2025320281098,2025,320281098,1,9,0,-1,-1,8,4,0,0,0,0,0,0,0,1,-1,1,1,2,78,11,-1,-1,-1,-1,-1,-1,0,-1
2025320281098,2025,320281098,2,21,0,-1,-1,4,8,0,0,0,0,0,0,0,1,-1,-1,-1,1,47,8,-1,-1,-1,-1,-1,-1,0,-1
2025320281366,2025,320281366,2,9,0,-1,-1,4,8,0,0,0,0,0,7,9,1,-1,1,1,1,53,8,-1,-1,-1,-1,-1,-1,0,-1
2025320281366,2025,320281366,1,9,0,-1,-1,8,4,0,0,0,0,12,7,0,1,-1,-1,-1,2,60,9,-1,-1,-1,-1,-1,-1,0,-1
2025320281368,2025,320281368,2,21,0,2,2,0,0,0,0,0,0,0,0,0,0,-1,-1,-1,1,42,7,-1,-1,-1,-1,-1,-1,0,-1
2025320281368,2025,320281368,1,9,0,-1,-1,6,2,0,0,0,0,0,0,0,1,-1,-1,-1,1,120,11,-1,-1,-1,-1,-1,-1,0,-1
2025320281418,2025,320281418,1,9,0,-1,-1,2,6,0,0,0,0,0,0,0,3,-1,-1,-1,3,120,11,-1,-1,-1,-1,-1,-1,0,-1
2025320281418,2025,320281418,2,9,0,-1,-1,6,2,0,0,0,0,0,0,0,3,-1,-1,-1,1,58,9,-1,-1,-1,-1,-1,-1,0,-1
2025320281483,2025,320281483,1,9,0,-1,-1,4,8,0,0,0,0,12,7,0,1,-1,1,1,1,21,5,-1,-1,-1,-1,-1,-1,0,-1
2025320281582,2025,320281582,1,9,0,9,9,8,6,0,0,6,0,0,0,0,3,-1,1,1,2,19,4,-1,-1,-1,-1,-1,-1,0,-1
2025320281582,2025,320281582,2,5,0,15,15,6,2,0,0,6,0,0,0,0,1,-1,-1,-1,1,53,8,-1,-1,-1,-1,-1,-1,0,-1
2025320281648,2025,320281648,1,9,0,-1,-1,4,8,0,0,0,0,0,1,4,1,-1,1,1,2,66,10,-1,-1,-1,-1,-1,-1,0,-1
2025320281710,2025,320281710,1,9,0,-1,-1,8,4,0,0,1,0,0,1,2,1,-1,-1,-1,2,39,7,-1,-1,-1,-1,-1,-1,0,-1
2025320281847,2025,320281847,1,9,0,-1,-1,6,2,0,0,0,0,0,0,0,1,-1,-1,-1,2,38,7,-1,-1,-1,-1,-1,-1,0,-1
2025320283243,2025,320283243,1,9,0,7,7,6,8,0,0,6,0,0,0,0,1,-1,-1,-1,1,120,11,-1,-1,-1,-1,-1,-1,0,-1
2025320283243,2025,320283243,2,9,0,-1,-1,4,8,0,0,6,0,0,0,0,1,-1,-1,-1,1,31,6,-1,-1,-1,-1,-1,-1,0,-1
2025320283646,2025,320283646,1,9,0,9,9,6,4,0,0,6,0,0,1,0,3,-1,-1,-1,2,73,10,-1,-1,-1,-1,-1,-1,0,-1
2025320283646,2025,320283646,2,19,0,-1,-1,4,8,0,0,6,0,0,0,0,1,-1,-1,-1,1,56,9,-1,-1,-1,-1,-1,-1,0,-1
2025320283677,2025,320283677,1,9,0,-1,-1,3,7,0,0,0,0,0,1,0,1,-1,1,1,1,78,11,-1,-1,-1,-1,-1,-1,0,-1
2025320283677,2025,320283677,2,9,0,4,4,3,7,0,0,0,0,0,0,0,2,-1,-1,-1,2,50,8,-1,-1,-1,-1,-1,-1,0,-1
2025320284146,2025,320284146,1,9,0,-1,-1,6,2,0,0,1,0,0,0,0,1,-1,-1,-1,2,51,8,-1,-1,-1,-1,-1,-1,0,-1
2025320285837,2025,320285837,2,9,0,9,9,4,2,0,0,1,0,0,0,0,3,-1,-1,-1,1,36,7,-1,-1,-1,-1,-1,-1,0,-1
2025320285837,2025,320285837,1,9,0,14,14,4,8,0,0,1,0,0,0,0,4,-1,-1,-1,1,41,7,-1,-1,-1,-1,-1,-1,0,-1
2025320285879,2025,320285879,2,1,0,-1,-1,8,4,0,0,2,5,0,0,0,3,-1,-1,-1,2,10,2,-1,-1,-1,-1,-1,-1,0,-1
2025320285879,2025,320285879,1,19,0,-1,-1,6,2,0,0,2,0,0,0,0,1,-1,-1,-1,3,120,11,-1,-1,-1,-1,-1,-1,0,-1
2025320286384,2025,320286384,1,9,0,-1,-1,2,6,0,0,0,0,0,1,4,1,-1,-1,-1,1,22,5,-1,-1,-1,-1,-1,-1,0,-1
2025320287134,2025,320287134,2,9,0,-1,-1,7,3,0,0,0,0,0,0,0,2,-1,-1,-1,1,34,6,-1,-1,-1,-1,-1,-1,0,-1
2025320287134,2025,320287134,3,9,0,-1,-1,3,7,0,0,0,0,0,0,0,3,-1,1,1,2,78,11,-1,-1,-1,-1,-1,-1,0,-1
2025320287134,2025,320287134,1,5,0,13,13,7,3,0,0,0,2,0,0,0,1,-1,-1,-1,1,34,6,-1,-1,-1,-1,-1,-1,0,-1
2025320287288,2025,320287288,1,9,0,-1,-1,6,2,0,0,0,0,0,0,0,1,-1,-1,-1,1,63,9,-1,-1,-1,-1,-1,-1,0,-1
2025320289569,2025,320289569,2,9,0,-1,-1,2,8,0,0,2,0,0,1,0,1,-1,-1,-1,1,61,9,-1,-1,-1,-1,-1,-1,0,-1
2025320289569,2025,320289569,1,9,0,-1,-1,8,2,0,0,2,0,0,2,0,2,-1,-1,-1,2,77,11,-1,-1,-1,-1,-1,-1,0,-1
2025320289673,2025,320289673,1,9,0,-1,-1,5,1,0,0,1,0,0,0,0,1,-1,-1,-1,2,30,6,-1,-1,-1,-1,-1,-1,0,-1
2025320290033,2025,320290033,1,19,0,-1,-1,7,3,0,0,0,0,0,0,0,1,-1,-1,-1,1,22,5,-1,-1,-1,-1,-1,-1,0,-1
2025320290033,2025,320290033,3,19,0,3,3,7,3,0,0,0,0,0,0,0,2,-1,1,1,1,38,7,-1,-1,-1,-1,-1,-1,0,-1
2025320290033,2025,320290033,2,9,0,3,3,7,3,0,0,0,0,0,0,0,2,-1,1,1,1,43,7,-1,-1,-1,-1,-1,-1,0,-1
2025320290218,2025,320290218,1,9,0,-1,-1,8,3,0,0,0,5,4,0,0,1,-1,-1,-1,2,44,7,-1,-1,-1,-1,-1,-1,0,-1
2025320290218,2025,320290218,3,9,0,2,2,0,0,0,0,0,0,0,0,0,2,-1,-1,-1,3,120,11,-1,-1,-1,-1,-1,-1,0,-1
2025320290218,2025,320290218,2,9,0,2,2,0,0,0,0,0,0,0,0,0,1,-1,-1,-1,3,120,11,-1,-1,-1,-1,-1,-1,0,-1
2025320290308,2025,320290308,1,9,0,-1,-1,5,8,0,0,1,0,0,1,2,1,-1,1,1,1,46,8,-1,-1,-1,-1,-1,-1,0,-1
2025320292017,2025,320292017,1,9,0,-1,-1,2,6,0,0,0,0,10,1,3,1,-1,-1,-1,1,31,6,-1,-1,-1,-1,-1,-1,0,-1
2025320292147,2025,320292147,1,9,0,9,9,6,2,0,0,8,0,0,7,4,1,-1,-1,-1,2,82,11,-1,-1,-1,-1,-1,-1,0,-1
2025320292731,2025,320292731,1,9,0,-1,-1,4,8,0,0,0,0,0,0,4,1,-1,-1,-1,1,18,4,-1,-1,-1,-1,-1,-1,0,-1
2025320293332,2025,320293332,2,8,0,-1,-1,2,6,0,0,2,1,0,1,1,3,-1,1,1,1,37,7,-1,-1,-1,-1,-1,-1,0,-1
2025320293332,2025,320293332,1,9,0,-1,-1,8,6,0,0,2,1,0,8,0,1,-1,1,1,1,20,4,-1,-1,-1,-1,-1,-1,0,-1
2025320294047,2025,320294047,2,9,0,-1,-1,2,6,0,0,8,5,0,7,11,3,-1,-1,-1,1,58,9,-1,-1,-1,-1,-1,-1,0,-1
2025320294047,2025,320294047,1,19,0,-1,-1,8,4,0,0,8,0,0,0,0,1,-1,1,1,1,51,8,-1,-1,-1,-1,-1,-1,0,-1
2025320294615,2025,320294615,1,5,0,-1,-1,2,6,0,0,2,0,0,0,0,1,-1,1,1,1,21,5,-1,-1,-1,-1,-1,-1,0,-1
2025320294615,2025,320294615,2,10,0,4,4,2,6,0,0,2,0,0,0,0,2,-1,1,1,2,22,5,-1,-1,-1,-1,-1,-1,0,-1
2025320294637,2025,320294637,2,9,0,5,5,4,8,0,0,0,0,0,0,0,2,-1,-1,-1,1,50,8,-1,-1,-1,-1,-1,-1,0,-1
2025320294637,2025,320294637,1,10,0,14,14,4,8,0,0,0,0,0,0,0,1,-1,1,1,2,29,6,-1,-1,-1,-1,-1,-1,0,-1
2025320294681,2025,320294681,2,9,0,9,9,6,5,0,0,1,0,0,0,0,3,-1,-1,-1,2,38,7,-1,-1,-1,-1,-1,-1,0,-1
2025320294681,2025,320294681,1,4,0,14,14,6,2,0,0,1,5,0,7,2,3,-1,1,1,1,64,9,-1,-1,-1,-1,-1,-1,0,-1
2025320294760,2025,320294760,2,19,0,10,10,5,3,0,0,1,0,0,0,0,2,-1,-1,-1,2,51,8,-1,-1,-1,-1,-1,-1,0,-1
2025320294760,2025,320294760,1,20,0,-1,-1,5,1,0,0,1,0,0,0,0,1,-1,1,1,1,55,8,-1,-1,-1,-1,-1,-1,0,-1
2025320294784,2025,320294784,1,9,0,-1,-1,6,2,0,0,1,0,0,0,0,1,-1,1,1,1,47,8,-1,-1,-1,-1,-1,-1,0,-1
2025320295258,2025,320295258,1,9,0,-1,-1,2,6,0,0,0,0,0,0,0,1,-1,-1,-1,3,120,11,-1,-1,-1,-1,-1,-1,0,-1
2025320295258,2025,320295258,2,1,0,-1,-1,8,4,0,0,0,5,0,0,0,4,-1,-1,-1,1,16,4,-1,-1,-1,-1,-1,-1,0,-1
2025320295360,2025,320295360,1,19,0,-1,-1,8,4,0,0,0,0,0,0,0,3,-1,1,1,1,56,9,-1,-1,-1,-1,-1,-1,0,-1
2025320295360,2025,320295360,2,20,0,-1,-1,4,8,0,0,0,0,0,7,0,3,-1,1,1,2,34,6,-1,-1,-1,-1,-1,-1,0,-1
2025320296329,2025,320296329,1,9,0,-1,-1,6,2,0,0,1,0,0,0,0,1,-1,-1,-1,1,25,5,-1,-1,-1,-1,-1,-1,0,-1
2025320296329,2025,320296329,2,9,0,3,3,6,2,0,0,1,0,0,0,0,2,-1,-1,-1,2,31,6,-1,-1,-1,-1,-1,-1,0,-1
2025320296585,2025,320296585,2,9,0,11,11,4,6,0,0,1,0,0,0,0,1,-1,1,1,1,33,6,-1,-1,-1,-1,-1,-1,0,-1
2025320296585,2025,320296585,1,9,0,14,14,6,2,0,0,1,0,0,0,0,1,-1,1,1,1,55,8,-1,-1,-1,-1,-1,-1,0,-1
2025320296629,2025,320296629,2,9,0,-1,-1,8,5,0,0,8,0,0,0,0,3,-1,1,1,1,17,4,-1,-1,-1,-1,-1,-1,0,-1
2025320296629,2025,320296629,1,9,0,-1,-1,5,1,0,0,8,0,0,0,0,1,-1,-1,-1,1,120,11,-1,-1,-1,-1,-1,-1,0,-1
2025320296734,2025,320296734,2,9,0,-1,-1,3,7,0,0,0,1,0,7,0,3,-1,-1,-1,1,63,9,-1,-1,-1,-1,-1,-1,0,-1
2025320296734,2025,320296734,1,9,0,-1,-1,7,3,0,0,0,1,0,0,0,3,-1,-1,-1,1,72,10,-1,-1,-1,-1,-1,-1,0,-1
2025320299065,2025,320299065,2,9,0,-1,-1,2,6,0,0,8,0,0,0,0,4,-1,-1,-1,2,32,6,-1,-1,-1,-1,-1,-1,0,-1
2025320299065,2025,320299065,1,9,0,9,9,4,2,0,0,8,0,0,0,0,1,-1,1,1,1,85,11,-1,-1,-1,-1,-1,-1,0,-1
2025320299210,2025,320299210,1,9,0,-1,-1,7,1,0,0,0,2,0,7,9,3,-1,-1,-1,2,23,5,-1,-1,-1,-1,-1,-1,0,-1
2025320299344,2025,320299344,1,9,0,-1,-1,6,2,0,0,0,0,0,7,4,1,-1,1,1,1,70,10,-1,-1,-1,-1,-1,-1,0,-1
2025320299559,2025,320299559,1,9,0,-1,-1,8,4,0,0,0,0,0,0,0,3,-1,1,1,2,72,10,-1,-1,-1,-1,-1,-1,0,-1
2025320299559,2025,320299559,2,9,0,-1,-1,4,8,0,0,0,0,0,0,0,3,-1,-1,-1,1,80,11,-1,-1,-1,-1,-1,-1,0,-1
2025320299598,2025,320299598,2,19,0,12,12,2,6,0,0,0,0,0,0,0,3,-1,-1,-1,1,37,7,-1,-1,-1,-1,-1,-1,0,-1
2025320299598,2025,320299598,1,9,0,-1,-1,2,6,0,0,0,0,0,0,0,1,-1,-1,-1,1,30,6,-1,-1,-1,-1,-1,-1,0,-1
2025320299742,2025,320299742,1,19,0,-1,-1,8,4,0,0,8,0,0,0,0,1,-1,1,1,1,22,5,-1,-1,-1,-1,-1,-1,0,-1
2025320299742,2025,320299742,2,9,0,-1,-1,3,6,0,0,8,0,0,0,0,3,-1,-1,-1,2,22,5,-1,-1,-1,-1,-1,-1,0,-1
2025320299984,2025,320299984,1,3,0,-1,-1,4,8,0,0,0,0,0,1,0,0,-1,1,1,2,18,4,-1,-1,-1,-1,-1,-1,0,-1
2025320300040,2025,320300040,2,1,0,-1,-1,6,2,0,0,0,5,0,0,0,3,-1,-1,-1,1,62,9,-1,-1,-1,-1,-1,-1,0,-1
2025320300040,2025,320300040,1,9,0,-1,-1,6,2,0,0,0,0,0,0,0,1,-1,-1,-1,3,120,11,-1,-1,-1,-1,-1,-1,0,-1
2025320300876,2025,320300876,1,9,0,-1,-1,6,2,0,0,0,5,0,7,9,1,-1,-1,-1,2,35,6,-1,-1,-1,-1,-1,-1,0,-1
2025320301271,2025,320301271,1,9,0,9,9,6,4,0,0,5,0,0,0,0,4,-1,-1,-1,2,24,5,-1,-1,-1,-1,-1,-1,0,-1
2025320301271,2025,320301271,2,9,0,-1,-1,2,6,0,0,5,0,0,0,0,1,-1,-1,-1,1,40,7,-1,-1,-1,-1,-1,-1,0,-1
2025320301562,2025,320301562,1,9,0,-1,-1,1,5,6,6,0,1,4,0,0,1,-1,1,1,1,52,8,-1,-1,-1,-1,-1,-1,0,-1
2025320301562,2025,320301562,2,9,0,2,2,0,0,6,6,0,0,0,1,0,2,-1,1,1,1,34,6,-1,-1,-1,-1,-1,-1,0,-1
2025320301562,2025,320301562,3,9,0,2,2,0,0,6,6,0,0,0,0,0,4,-1,-1,-1,1,61,9,-1,-1,-1,-1,-1,-1,0,-1
2025320301576,2025,320301576,1,8,0,-1,-1,8,4,0,0,0,0,0,0,0,1,-1,-1,-1,1,60,9,-1,-1,-1,-1,-1,-1,0,-1
2025320302109,2025,320302109,1,9,0,9,9,3,1,0,0,6,0,0,3,11,3,-1,-1,-1,1,81,11,-1,-1,-1,-1,-1,-1,0,-1
2025320302109,2025,320302109,2,9,0,-1,-1,1,5,0,0,6,0,0,7,0,1,-1,-1,-1,1,61,9,-1,-1,-1,-1,-1,-1,0,-1
2025320302729,2025,320302729,1,9,0,9,9,8,5,0,0,6,0,0,3,0,1,-1,-1,-1,1,32,6,-1,-1,-1,-1,-1,-1,0,-1
2025320302729,2025,320302729,2,9,0,-1,-1,5,1,0,0,6,0,0,0,0,2,-1,1,1,2,39,7,-1,-1,-1,-1,-1,-1,0,-1
2025320302874,2025,320302874,1,5,0,13,13,6,2,0,0,1,0,0,0,0,1,-1,1,1,2,53,8,-1,-1,-1,-1,-1,-1,0,-1
2025320302874,2025,320302874,2,9,0,9,9,6,3,0,0,1,0,0,0,0,2,-1,1,1,1,36,7,-1,-1,-1,-1,-1,-1,0,-1
2025320304439,2025,320304439,2,9,0,-1,-1,8,4,0,0,6,0,0,0,0,1,-1,-1,-1,1,58,9,-1,-1,-1,-1,-1,-1,0,-1
2025320304439,2025,320304439,1,9,0,7,7,2,4,0,0,6,0,0,0,0,3,-1,1,1,1,64,9,-1,-1,-1,-1,-1,-1,0,-1
2025320304812,2025,320304812,1,9,0,9,9,6,4,0,0,5,1,0,0,0,4,-1,1,1,2,31,6,-1,-1,-1,-1,-1,-1,0,-1
2025320304812,2025,320304812,2,9,0,-1,-1,2,6,0,0,5,1,0,0,0,1,-1,-1,-1,1,28,6,-1,-1,-1,-1,-1,-1,0,-1
2025320304842,2025,320304842,2,4,0,4,4,8,4,0,0,0,5,0,0,0,2,-1,-1,-1,1,19,4,-1,-1,-1,-1,-1,-1,0,-1
2025320304842,2025,320304842,1,9,0,-1,-1,8,4,0,0,0,0,0,0,0,1,-1,1,1,1,59,9,-1,-1,-1,-1,-1,-1,0,-1
2025320306259,2025,320306259,2,1,0,-1,-1,3,7,0,0,0,0,0,0,0,2,-1,-1,-1,1,42,7,-1,-1,-1,-1,-1,-1,0,-1
2025320306259,2025,320306259,1,9,0,-1,-1,3,7,0,0,0,0,0,0,0,1,-1,-1,-1,1,43,7,-1,-1,-1,-1,-1,-1,0,-1
2025320306283,2025,320306283,1,9,0,1,1,8,6,0,0,0,0,0,7,11,1,-1,1,1,2,61,9,-1,-1,-1,-1,-1,-1,0,-1
2025320306745,2025,320306745,2,21,1,7,7,4,6,0,0,5,0,0,0,0,4,-1,2,2,1,45,7,-1,-1,-1,-1,-1,-1,0,-1
2025320306745,2025,320306745,1,9,0,7,7,4,6,0,0,5,0,0,0,0,3,-1,-1,-1,1,48,8,-1,-1,-1,-1,-1,-1,0,-1
2025320307336,2025,320307336,1,9,0,-1,-1,6,2,0,0,0,5,0,1,9,1,-1,-1,-1,2,19,4,-1,-1,-1,-1,-1,-1,0,-1
2025320307775,2025,320307775,1,9,0,-1,-1,6,2,0,0,0,5,0,1,9,1,-1,-1,-1,2,29,6,-1,-1,-1,-1,-1,-1,0,-1
2025320307919,2025,320307919,1,1,0,-1,-1,7,3,0,0,2,0,0,0,0,1,-1,-1,-1,1,13,3,-1,-1,-1,-1,-1,-1,0,-1
2025320307919,2025,320307919,2,9,0,-1,-1,6,2,0,0,2,0,0,0,0,4,-1,1,1,1,31,6,-1,-1,-1,-1,-1,-1,0,-1
2025320308673,2025,320308673,2,19,0,4,4,2,6,0,0,8,0,0,0,0,2,-1,1,1,1,45,7,-1,-1,-1,-1,-1,-1,0,-1
2025320308673,2025,320308673,1,9,0,-1,-1,2,6,0,0,8,0,0,0,0,1,-1,1,1,2,28,6,-1,-1,-1,-1,-1,-1,0,-1
2025320308789,2025,320308789,1,9,0,1,1,5,1,0,0,0,0,0,0,0,2,-1,1,1,1,40,7,-1,-1,-1,-1,-1,-1,0,-1
2025320309161,2025,320309161,1,9,0,-1,-1,3,7,0,0,8,0,0,0,0,0,-1,-1,-1,1,67,10,-1,-1,-1,-1,-1,-1,0,-1
2025320309161,2025,320309161,2,9,0,12,12,1,5,0,0,8,1,7,0,0,1,-1,-1,-1,1,49,8,-1,-1,-1,-1,-1,-1,0,-1
2025320309431,2025,320309431,1,9,0,-1,-1,3,7,0,0,8,0,0,0,0,4,-1,-1,-1,2,32,6,-1,-1,-1,-1,-1,-1,0,-1
2025320309431,2025,320309431,2,9,0,-1,-1,1,5,0,0,8,0,0,0,0,1,-1,-1,-1,1,40,7,-1,-1,-1,-1,-1,-1,0,-1
2025320312176,2025,320312176,2,9,0,3,3,5,1,0,0,0,0,0,0,0,2,-1,-1,-1,1,49,8,-1,-1,-1,-1,-1,-1,0,-1
2025320312176,2025,320312176,1,19,0,-1,-1,5,1,0,0,0,0,0,0,0,1,-1,-1,-1,1,41,7,-1,-1,-1,-1,-1,-1,0,-1
2025320314270,2025,320314270,1,22,0,-1,-1,2,6,9,9,0,5,0,0,0,3,-1,-1,-1,2,68,10,-1,-1,-1,-1,-1,-1,0,-1
2025320314286,2025,320314286,1,9,0,-1,-1,1,5,0,0,1,2,12,7,10,1,-1,-1,-1,1,60,9,-1,-1,-1,-1,-1,-1,0,-1
2025320315821,2025,320315821,1,19,0,13,13,8,4,0,0,0,0,0,5,0,1,-1,-1,-1,1,49,8,-1,-1,-1,-1,-1,-1,0,-1
2025320315821,2025,320315821,2,21,0,-1,-1,8,4,0,0,0,0,0,0,0,3,-1,-1,-1,1,43,7,-1,-1,-1,-1,-1,-1,0,-1
2025320317503,2025,320317503,1,9,0,-1,-1,6,2,0,0,0,0,0,7,11,1,-1,1,1,1,53,8,-1,-1,-1,-1,-1,-1,0,-1
2025320317684,2025,320317684,1,9,0,-1,-1,8,7,0,0,0,1,0,1,11,1,-1,-1,-1,1,19,4,-1,-1,-1,-1,-1,-1,0,-1
2025320317801,2025,320317801,1,9,0,-1,-1,6,7,0,0,1,0,0,7,9,1,-1,-1,-1,2,17,4,-1,-1,-1,-1,-1,-1,0,-1
2025320318582,2025,320318582,1,9,0,-1,-1,2,6,0,0,0,0,0,0,0,1,-1,-1,-1,1,60,9,-1,-1,-1,-1,-1,-1,0,-1
2025320318582,2025,320318582,2,9,0,3,3,2,6,0,0,0,0,0,0,0,2,-1,-1,-1,2,33,6,-1,-1,-1,-1,-1,-1,0,-1
2025320318637,2025,320318637,2,9,0,10,10,6,4,0,0,1,0,0,0,0,2,-1,-1,-1,2,74,10,-1,-1,-1,-1,-1,-1,0,-1
2025320318637,2025,320318637,1,9,0,-1,-1,6,2,0,0,1,0,0,0,0,1,-1,-1,-1,2,25,5,-1,-1,-1,-1,-1,-1,0,-1
2025320318964,2025,320318964,1,2,0,-1,-1,6,2,0,0,8,0,0,0,0,1,-1,-1,-1,1,18,4,-1,-1,-1,-1,-1,-1,0,-1
2025320318964,2025,320318964,2,9,0,4,4,6,2,0,0,8,0,0,0,0,2,-1,2,2,2,73,10,-1,-1,-1,-1,-1,-1,0,-1
2025320319227,2025,320319227,2,9,0,-1,-1,6,2,0,0,6,0,0,0,0,1,-1,-1,-1,1,46,8,-1,-1,-1,-1,-1,-1,0,-1
2025320319227,2025,320319227,1,9,0,9,9,1,6,0,0,6,0,0,0,0,1,-1,-1,-1,2,22,5,-1,-1,-1,-1,-1,-1,0,-1
2025320319261,2025,320319261,1,9,0,-1,-1,6,2,0,0,0,0,0,7,4,1,-1,-1,-1,1,35,6,-1,-1,-1,-1,-1,-1,0,-1
2025320319485,2025,320319485,1,9,0,-1,-1,8,4,0,0,2,0,0,0,0,1,-1,1,1,2,65,9,-1,-1,-1,-1,-1,-1,0,-1
2025320321147,2025,320321147,1,9,0,-1,-1,4,8,0,0,0,1,0,7,0,1,-1,-1,-1,2,18,4,-1,-1,-1,-1,-1,-1,0,-1
2025320321617,2025,320321617,1,9,0,-1,-1,8,4,9,9,1,0,0,1,1,1,-1,1,1,2,30,6,-1,-1,-1,-1,-1,-1,0,-1
2025320321718,2025,320321718,2,19,0,4,4,2,6,0,0,2,0,0,0,0,2,-1,1,1,1,59,9,-1,-1,-1,-1,-1,-1,0,-1
2025320321718,2025,320321718,1,9,0,-1,-1,2,6,0,0,2,0,0,0,0,1,-1,1,1,1,27,6,-1,-1,-1,-1,-1,-1,0,-1
2025320321718,2025,320321718,3,9,0,-1,-1,2,6,0,0,2,0,0,0,0,2,-1,1,1,2,58,9,-1,-1,-1,-1,-1,-1,0,-1
2025320321798,2025,320321798,1,11,0,-1,-1,2,6,0,0,1,0,0,0,0,1,-1,-1,-1,2,22,5,-1,-1,-1,-1,-1,-1,0,-1
2025320321798,2025,320321798,2,9,0,3,3,2,6,0,0,1,0,0,0,0,2,-1,-1,-1,1,76,11,-1,-1,-1,-1,-1,-1,0,-1
2025320321929,2025,320321929,2,9,0,10,10,5,3,0,0,1,0,0,0,0,2,-1,1,1,1,36,7,-1,-1,-1,-1,-1,-1,0,-1
2025320321929,2025,320321929,1,9,0,-1,-1,5,1,0,0,1,0,0,0,0,1,-1,1,1,2,25,5,-1,-1,-1,-1,-1,-1,0,-1
2025320322520,2025,320322520,1,19,0,11,11,6,8,0,0,6,0,0,0,0,2,-1,-1,-1,1,26,6,-1,-1,-1,-1,-1,-1,0,-1
2025320322520,2025,320322520,2,9,0,-1,-1,4,8,0,0,6,0,0,0,0,1,-1,-1,-1,1,24,5,-1,-1,-1,-1,-1,-1,0,-1
2025320323495,2025,320323495,1,9,0,-1,-1,3,7,0,0,0,0,0,7,9,1,-1,-1,-1,2,63,9,-1,-1,-1,-1,-1,-1,0,-1
2025320323500,2025,320323500,2,10,0,-1,-1,6,8,0,0,6,0,0,0,0,4,-1,-1,-1,2,30,6,-1,-1,-1,-1,-1,-1,0,-1
2025320323500,2025,320323500,1,3,0,-1,-1,8,4,0,0,6,0,0,0,0,1,-1,-1,-1,1,23,5,-1,-1,-1,-1,-1,-1,0,-1
2025320324027,2025,320324027,1,19,0,-1,-1,4,8,0,0,0,0,0,1,9,1,-1,-1,-1,1,21,5,-1,-1,-1,-1,-1,-1,0,-1
2025320324151,2025,320324151,1,9,0,4,4,3,7,0,0,0,0,0,0,0,1,-1,1,1,2,41,7,-1,-1,-1,-1,-1,-1,0,-1
2025320324151,2025,320324151,2,9,0,4,4,3,7,0,0,0,0,0,0,0,2,-1,1,1,1,28,6,-1,-1,-1,-1,-1,-1,0,-1
2025320324151,2025,320324151,3,9,0,4,4,3,7,0,0,0,0,0,0,0,2,-1,1,1,1,45,7,-1,-1,-1,-1,-1,-1,0,-1
2025320324158,2025,320324158,2,5,0,-1,-1,8,6,0,0,6,0,0,0,0,4,-1,-1,-1,1,68,10,-1,-1,-1,-1,-1,-1,0,-1
2025320324158,2025,320324158,1,9,0,9,9,4,8,0,0,6,0,0,0,0,3,-1,1,1,2,32,6,-1,-1,-1,-1,-1,-1,0,-1
2025320324366,2025,320324366,1,9,0,-1,-1,8,4,0,0,0,0,0,0,0,1,-1,-1,-1,2,52,8,-1,-1,-1,-1,-1,-1,0,-1
2025320325405,2025,320325405,1,9,0,-1,-1,3,7,0,0,0,0,0,1,9,2,-1,-1,-1,1,17,4,-1,-1,-1,-1,-1,-1,0,-1
2025320325405,2025,320325405,2,9,0,-1,-1,7,3,0,0,0,0,0,0,0,3,-1,-1,-1,2,32,6,-1,-1,-1,-1,-1,-1,0,-1
2025320326474,2025,320326474,3,9,0,4,4,2,6,0,0,0,0,0,0,0,2,-1,1,1,1,55,8,-1,-1,-1,-1,-1,-1,0,-1
2025320326474,2025,320326474,1,9,0,-1,-1,2,6,0,0,0,0,0,0,0,1,-1,-1,-1,1,44,7,-1,-1,-1,-1,-1,-1,0,-1
2025320326474,2025,320326474,2,9,0,4,4,2,6,0,0,0,0,0,0,0,2,-1,1,1,1,34,6,-1,-1,-1,-1,-1,-1,0,-1
2025320326474,2025,320326474,4,9,0,-1,-1,6,2,0,0,0,0,0,0,0,0,-1,-1,-1,1,44,7,-1,-1,-1,-1,-1,-1,0,-1