collision_index,collision_year,collision_ref_no,vehicle_reference,vehicle_type,towing_and_articulation,vehicle_manoeuvre_historic,vehicle_manoeuvre,vehicle_direction_from,vehicle_direction_to,vehicle_location_restricted_lane_historic,vehicle_location_restricted_lane,junction_location,skidding_and_overturning,hit_object_in_carriageway,vehicle_leaving_carriageway,hit_object_off_carriageway,first_point_of_impact,vehicle_left_hand_drive,journey_purpose_of_driver_historic,journey_purpose_of_driver,sex_of_driver,age_of_driver,age_band_of_driver,engine_capacity_cc,propulsion_code,age_of_vehicle,generic_make_model,driver_imd_decile,lsoa_of_driver,escooter_flag,driver_distance_banding
2025320326524,2025,320326524,1,19,0,-1,-1,2,6,0,0,0,5,0,1,0,1,-1,1,1,1,37,7,-1,-1,-1,-1,-1,-1,0,-1
2025320326642,2025,320326642,1,9,0,-1,-1,4,7,0,0,1,2,0,1,9,1,-1,1,1,1,19,4,-1,-1,-1,-1,-1,-1,0,-1
2025320328714,2025,320328714,2,9,0,2,2,0,0,0,0,1,0,0,0,0,3,-1,-1,-1,2,28,6,-1,-1,-1,-1,-1,-1,0,-1
2025320328714,2025,320328714,1,9,0,14,14,5,1,0,0,1,0,0,0,0,1,-1,-1,-1,2,36,7,-1,-1,-1,-1,-1,-1,0,-1
2025320328907,2025,320328907,2,9,0,-1,-1,2,6,0,0,0,0,0,0,0,1,-1,1,1,2,25,5,-1,-1,-1,-1,-1,-1,0,-1
2025320328907,2025,320328907,1,9,0,9,9,2,8,0,0,0,0,0,0,0,3,-1,1,1,2,33,6,-1,-1,-1,-1,-1,-1,0,-1
2025320330472,2025,320330472,1,9,0,-1,-1,5,1,0,0,0,5,0,1,9,4,-1,-1,-1,1,23,5,-1,-1,-1,-1,-1,-1,0,-1
2025320330576,2025,320330576,2,9,0,3,3,6,2,0,0,1,0,0,0,0,1,-1,-1,-1,1,38,7,-1,-1,-1,-1,-1,-1,0,-1
2025320330576,2025,320330576,1,9,0,-1,-1,6,2,0,0,1,0,0,0,0,1,-1,-1,-1,2,33,6,-1,-1,-1,-1,-1,-1,0,-1
2025320330756,2025,320330756,2,19,0,-1,-1,6,2,0,0,6,5,0,0,0,1,-1,1,1,1,41,7,-1,-1,-1,-1,-1,-1,0,-1
2025320330756,2025,320330756,1,9,0,9,9,4,2,0,0,6,0,0,0,0,4,-1,-1,-1,1,28,6,-1,-1,-1,-1,-1,-1,0,-1
2025320331275,2025,320331275,1,9,0,-1,-1,5,1,0,0,0,5,0,1,0,1,-1,1,1,1,45,7,-1,-1,-1,-1,-1,-1,0,-1
2025320331275,2025,320331275,2,9,0,-1,-1,1,5,0,0,0,0,0,0,0,1,-1,-1,-1,2,56,9,-1,-1,-1,-1,-1,-1,0,-1
2025320332012,2025,320332012,1,5,0,-1,-1,8,4,0,0,4,5,0,0,0,3,-1,-1,-1,1,30,6,-1,-1,-1,-1,-1,-1,0,-1
2025320332376,2025,320332376,1,5,0,13,13,6,2,0,0,1,2,0,0,0,1,-1,-1,-1,1,67,10,-1,-1,-1,-1,-1,-1,0,-1
2025320332376,2025,320332376,2,9,0,9,9,6,3,0,0,1,0,0,7,0,2,-1,-1,-1,2,27,6,-1,-1,-1,-1,-1,-1,0,-1
2025320332474,2025,320332474,1,5,0,-1,-1,8,4,0,0,0,2,0,1,0,1,-1,-1,-1,1,51,8,-1,-1,-1,-1,-1,-1,0,-1
2025320332683,2025,320332683,1,9,0,-1,-1,8,4,0,0,0,0,0,0,0,1,-1,-1,-1,1,120,11,-1,-1,-1,-1,-1,-1,0,-1
2025320334477,2025,320334477,1,19,0,-1,-1,6,2,0,0,0,0,0,0,0,3,-1,1,1,1,33,6,-1,-1,-1,-1,-1,-1,0,-1
2025320334477,2025,320334477,2,19,0,-1,-1,2,6,0,0,0,0,0,0,0,3,-1,-1,-1,1,28,6,-1,-1,-1,-1,-1,-1,0,-1
2025320335319,2025,320335319,2,9,0,3,3,6,2,0,0,1,0,0,0,0,2,-1,-1,-1,2,20,4,-1,-1,-1,-1,-1,-1,0,-1
2025320335319,2025,320335319,1,9,0,-1,-1,6,2,0,0,1,0,0,0,0,1,-1,-1,-1,1,54,8,-1,-1,-1,-1,-1,-1,0,-1
2025320335805,2025,320335805,1,19,0,9,9,6,4,0,0,6,0,0,0,0,3,-1,1,1,1,39,7,-1,-1,-1,-1,-1,-1,0,-1
2025320335805,2025,320335805,2,9,0,-1,-1,4,8,0,0,6,0,0,0,0,1,-1,1,1,2,30,6,-1,-1,-1,-1,-1,-1,0,-1
2025320336936,2025,320336936,2,3,0,-1,-1,8,4,9,9,0,5,0,0,0,1,-1,-1,-1,1,17,4,-1,-1,-1,-1,-1,-1,0,-1
2025320336936,2025,320336936,1,19,0,-1,-1,8,4,9,9,0,0,0,0,0,1,-1,1,1,1,36,7,-1,-1,-1,-1,-1,-1,0,-1
2025320336954,2025,320336954,2,9,0,-1,-1,8,4,0,0,5,0,0,0,0,1,-1,-1,-1,2,40,7,-1,-1,-1,-1,-1,-1,0,-1
2025320336954,2025,320336954,1,9,0,9,9,4,2,0,0,5,0,0,0,0,1,-1,-1,-1,1,43,7,-1,-1,-1,-1,-1,-1,0,-1
2025320338512,2025,320338512,1,9,0,9,9,6,4,0,0,6,0,0,0,0,3,-1,1,1,1,47,8,-1,-1,-1,-1,-1,-1,0,-1
2025320338707,2025,320338707,2,1,0,7,7,6,8,0,0,1,5,0,0,0,2,-1,-1,-1,1,14,3,-1,-1,-1,-1,-1,-1,0,-1
2025320338707,2025,320338707,1,19,0,-1,-1,6,2,0,0,1,0,0,0,0,4,-1,-1,-1,3,120,11,-1,-1,-1,-1,-1,-1,0,-1
2025320338906,2025,320338906,1,9,0,9,9,2,8,0,0,6,0,0,0,0,4,-1,-1,-1,1,120,11,-1,-1,-1,-1,-1,-1,0,-1
2025320338906,2025,320338906,2,9,0,10,10,4,2,0,0,6,0,0,0,0,3,-1,1,1,1,45,7,-1,-1,-1,-1,-1,-1,0,-1
2025320339485,2025,320339485,2,9,0,-1,-1,1,5,0,0,1,0,0,4,0,1,-1,-1,-1,1,40,7,-1,-1,-1,-1,-1,-1,0,-1
2025320339485,2025,320339485,1,9,0,12,12,1,5,0,0,1,0,0,0,0,3,-1,-1,-1,1,76,11,-1,-1,-1,-1,-1,-1,0,-1
2025320339685,2025,320339685,1,9,0,10,10,2,7,0,0,2,0,0,0,0,3,-1,1,1,1,71,10,-1,-1,-1,-1,-1,-1,0,-1
2025320339685,2025,320339685,2,9,0,9,9,7,3,0,0,2,0,0,4,0,1,-1,1,1,2,38,7,-1,-1,-1,-1,-1,-1,0,-1
2025320340295,2025,320340295,1,9,0,4,4,8,4,0,0,1,0,0,0,0,1,-1,-1,-1,1,120,11,-1,-1,-1,-1,-1,-1,0,-1
2025320340295,2025,320340295,2,1,0,8,8,8,2,0,0,1,0,0,0,0,2,-1,-1,-1,1,47,8,-1,-1,-1,-1,-1,-1,0,-1
2025320340724,2025,320340724,2,9,0,-1,-1,2,6,0,0,6,5,0,0,0,1,-1,-1,-1,1,49,8,-1,-1,-1,-1,-1,-1,0,-1
2025320340724,2025,320340724,3,20,0,-1,-1,6,2,0,0,6,0,0,0,0,1,-1,1,1,2,32,6,-1,-1,-1,-1,-1,-1,0,-1
2025320340724,2025,320340724,1,20,0,9,9,8,6,0,0,6,0,0,0,0,1,-1,-1,-1,1,30,6,-1,-1,-1,-1,-1,-1,0,-1
2025320341544,2025,320341544,2,9,0,4,4,4,8,0,0,0,0,0,0,0,2,-1,-1,-1,2,61,9,-1,-1,-1,-1,-1,-1,0,-1
2025320341544,2025,320341544,1,9,0,-1,-1,4,8,0,0,0,0,0,0,0,1,-1,1,1,2,61,9,-1,-1,-1,-1,-1,-1,0,-1
2025320341589,2025,320341589,1,3,0,-1,-1,8,4,0,0,1,5,0,0,0,1,-1,-1,-1,1,18,4,-1,-1,-1,-1,-1,-1,0,-1
2025320341589,2025,320341589,2,20,0,7,7,8,2,0,0,1,0,0,0,0,4,-1,-1,-1,1,59,9,-1,-1,-1,-1,-1,-1,0,-1
2025320341982,2025,320341982,2,21,1,-1,-1,2,6,0,0,0,0,0,1,0,1,-1,-1,-1,1,61,9,-1,-1,-1,-1,-1,-1,0,-1
2025320341982,2025,320341982,1,9,0,-1,-1,6,2,0,0,0,0,0,1,0,1,-1,1,1,1,34,6,-1,-1,-1,-1,-1,-1,0,-1
2025320342806,2025,320342806,1,9,0,-1,-1,2,6,0,0,0,0,0,7,0,1,-1,1,1,1,22,5,-1,-1,-1,-1,-1,-1,0,-1
2025320342806,2025,320342806,2,9,0,-1,-1,6,2,0,0,0,0,0,0,0,1,-1,1,1,2,53,8,-1,-1,-1,-1,-1,-1,0,-1
2025320343652,2025,320343652,1,19,0,-1,-1,6,2,0,0,0,0,0,1,4,1,-1,1,1,1,25,5,-1,-1,-1,-1,-1,-1,0,-1
2025320343687,2025,320343687,3,9,0,4,4,5,1,0,0,0,0,0,0,0,2,-1,-1,-1,1,66,10,-1,-1,-1,-1,-1,-1,0,-1
2025320343687,2025,320343687,2,9,0,4,4,5,1,0,0,0,0,0,0,0,2,-1,-1,-1,1,22,5,-1,-1,-1,-1,-1,-1,0,-1
2025320343687,2025,320343687,1,9,0,-1,-1,5,1,0,0,0,0,0,7,0,1,-1,-1,-1,1,57,9,-1,-1,-1,-1,-1,-1,0,-1
2025320343724,2025,320343724,1,9,0,9,9,4,2,0,0,6,0,0,0,0,1,-1,1,1,1,61,9,-1,-1,-1,-1,-1,-1,0,-1
2025320343724,2025,320343724,2,5,0,-1,-1,2,6,0,0,6,0,0,0,0,4,-1,-1,-1,1,66,10,-1,-1,-1,-1,-1,-1,0,-1
2025320343764,2025,320343764,1,4,0,-1,-1,6,2,0,0,1,0,0,0,0,3,-1,1,1,1,70,10,-1,-1,-1,-1,-1,-1,0,-1
2025320343774,2025,320343774,1,5,0,-1,-1,6,2,0,0,0,5,12,1,1,1,-1,-1,-1,1,31,6,-1,-1,-1,-1,-1,-1,0,-1
2025320343964,2025,320343964,1,9,0,-1,-1,4,8,0,0,1,0,0,0,0,1,-1,-1,-1,1,25,5,-1,-1,-1,-1,-1,-1,0,-1
2025320343964,2025,320343964,2,1,0,-1,-1,6,2,0,0,1,0,0,0,0,3,-1,-1,-1,1,12,3,-1,-1,-1,-1,-1,-1,0,-1
2025320343986,2025,320343986,3,9,0,4,4,5,1,0,0,0,0,0,0,0,2,-1,1,1,1,41,7,-1,-1,-1,-1,-1,-1,0,-1
2025320343986,2025,320343986,1,9,0,-1,-1,5,1,0,0,0,0,0,0,0,1,-1,1,1,1,27,6,-1,-1,-1,-1,-1,-1,0,-1
2025320343986,2025,320343986,2,9,0,4,4,5,1,0,0,0,0,0,0,0,2,-1,1,1,1,52,8,-1,-1,-1,-1,-1,-1,0,-1
2025320344184,2025,320344184,1,9,0,9,9,1,6,0,0,5,1,0,7,0,1,-1,1,1,2,62,9,-1,-1,-1,-1,-1,-1,0,-1
2025320344184,2025,320344184,2,9,0,-1,-1,4,1,0,0,5,1,0,1,0,1,-1,-1,-1,2,33,6,-1,-1,-1,-1,-1,-1,0,-1
2025320344493,2025,320344493,1,19,0,-1,-1,4,8,0,0,0,1,0,0,4,4,-1,-1,-1,1,26,6,-1,-1,-1,-1,-1,-1,0,-1
2025320344544,2025,320344544,1,9,0,-1,-1,4,8,0,0,2,5,0,3,0,1,-1,1,1,1,16,4,-1,-1,-1,-1,-1,-1,0,-1
2025320344932,2025,320344932,1,1,0,-1,-1,8,4,0,0,0,0,4,0,0,1,-1,-1,-1,1,41,7,-1,-1,-1,-1,-1,-1,0,-1
2025320344932,2025,320344932,2,9,0,2,2,0,0,0,0,0,0,0,0,0,2,-1,1,1,2,64,9,-1,-1,-1,-1,-1,-1,0,-1
2025320345267,2025,320345267,1,5,0,-1,-1,2,6,0,0,0,1,0,1,9,1,-1,-1,-1,1,39,7,-1,-1,-1,-1,-1,-1,0,-1
2025320345294,2025,320345294,1,5,0,-1,-1,6,2,0,0,0,0,0,1,4,1,-1,-1,-1,1,53,8,-1,-1,-1,-1,-1,-1,0,-1
2025320345585,2025,320345585,2,5,0,-1,-1,2,6,0,0,8,0,10,1,11,4,-1,1,1,1,62,9,-1,-1,-1,-1,-1,-1,0,-1
2025320345585,2025,320345585,1,19,0,9,9,4,2,0,0,8,0,0,0,0,1,-1,1,1,1,40,7,-1,-1,-1,-1,-1,-1,0,-1
2025320345687,2025,320345687,2,9,0,-1,-1,8,4,0,0,6,0,0,0,0,1,-1,-1,-1,1,21,5,-1,-1,-1,-1,-1,-1,0,-1
2025320345687,2025,320345687,1,9,0,9,9,2,4,0,0,6,0,0,0,0,2,-1,1,1,2,77,11,-1,-1,-1,-1,-1,-1,0,-1
2025320345694,2025,320345694,1,9,0,-1,-1,7,3,0,0,4,0,0,0,0,1,-1,-1,-1,1,19,4,-1,-1,-1,-1,-1,-1,0,-1
2025320345694,2025,320345694,2,5,0,-1,-1,5,1,0,0,4,0,0,0,0,4,-1,-1,-1,1,40,7,-1,-1,-1,-1,-1,-1,0,-1
2025320346131,2025,320346131,1,9,0,-1,-1,3,7,0,0,2,0,0,0,0,3,-1,1,1,2,46,8,-1,-1,-1,-1,-1,-1,0,-1
2025320346865,2025,320346865,1,9,0,9,9,4,2,0,0,6,0,0,1,0,3,-1,-1,-1,2,46,8,-1,-1,-1,-1,-1,-1,0,-1
2025320346865,2025,320346865,2,9,0,-1,-1,2,6,0,0,6,0,0,0,0,1,-1,-1,-1,1,41,7,-1,-1,-1,-1,-1,-1,0,-1
2025320347546,2025,320347546,2,9,0,2,2,0,0,0,0,0,0,0,0,0,2,-1,-1,-1,3,120,11,-1,-1,-1,-1,-1,-1,0,-1
2025320347546,2025,320347546,1,9,0,-1,-1,3,7,0,0,0,5,4,0,0,1,-1,-1,-1,1,49,8,-1,-1,-1,-1,-1,-1,0,-1
2025320348003,2025,320348003,2,1,0,-1,-1,8,4,0,0,0,5,0,0,0,1,-1,-1,-1,2,28,6,-1,-1,-1,-1,-1,-1,0,-1
2025320348003,2025,320348003,1,9,0,-1,-1,2,6,0,0,0,0,0,0,0,1,-1,-1,-1,1,120,11,-1,-1,-1,-1,-1,-1,0,-1
2025320348014,2025,320348014,1,5,0,-1,-1,4,8,0,0,0,5,12,1,0,1,-1,-1,-1,1,52,8,-1,-1,-1,-1,-1,-1,0,-1
2025320349099,2025,320349099,2,9,0,7,7,2,3,0,0,1,0,0,0,0,2,-1,-1,-1,1,66,10,-1,-1,-1,-1,-1,-1,0,-1
2025320349099,2025,320349099,1,9,0,-1,-1,2,6,0,0,1,0,0,0,0,1,-1,1,1,1,79,11,-1,-1,-1,-1,-1,-1,0,-1
2025320349377,2025,320349377,1,9,0,-1,-1,3,7,0,0,1,0,4,0,0,1,-1,-1,-1,1,86,11,-1,-1,-1,-1,-1,-1,0,-1
2025320349377,2025,320349377,2,9,0,2,2,0,0,0,0,1,0,0,0,0,2,-1,-1,-1,1,18,4,-1,-1,-1,-1,-1,-1,0,-1
2025320352044,2025,320352044,3,9,0,-1,-1,6,2,0,0,8,0,0,0,0,1,-1,-1,-1,3,120,11,-1,-1,-1,-1,-1,-1,0,-1
2025320352044,2025,320352044,1,9,0,-1,-1,8,4,0,0,8,0,0,0,0,1,-1,-1,-1,1,52,8,-1,-1,-1,-1,-1,-1,0,-1
2025320352044,2025,320352044,2,3,0,-1,-1,6,2,0,0,8,0,0,0,0,4,-1,-1,-1,1,35,6,-1,-1,-1,-1,-1,-1,0,-1
2025320352093,2025,320352093,1,3,0,-1,-1,8,4,0,0,0,0,0,0,0,1,-1,-1,-1,1,43,7,-1,-1,-1,-1,-1,-1,0,-1
2025320352093,2025,320352093,2,9,0,4,4,8,4,0,0,0,0,0,0,0,2,-1,-1,-1,1,30,6,-1,-1,-1,-1,-1,-1,0,-1
2025320352384,2025,320352384,1,9,0,9,9,4,8,0,0,5,0,0,0,0,4,-1,1,1,1,62,9,-1,-1,-1,-1,-1,-1,0,-1
2025320352384,2025,320352384,2,9,0,-1,-1,8,4,0,0,5,0,0,0,0,1,-1,1,1,2,20,4,-1,-1,-1,-1,-1,-1,0,-1
2025320353011,2025,320353011,1,9,0,13,13,1,5,0,0,1,0,0,0,0,1,-1,-1,-1,2,59,9,-1,-1,-1,-1,-1,-1,0,-1
2025320353011,2025,320353011,2,10,0,9,9,1,6,0,0,1,0,0,0,0,3,-1,-1,-1,1,74,10,-1,-1,-1,-1,-1,-1,0,-1
2025320353580,2025,320353580,2,9,0,-1,-1,6,2,0,0,6,0,0,0,0,1,-1,1,1,2,37,7,-1,-1,-1,-1,-1,-1,0,-1
2025320353580,2025,320353580,1,9,0,9,9,8,6,0,0,6,0,0,0,0,1,-1,-1,-1,1,63,9,-1,-1,-1,-1,-1,-1,0,-1
2025320354635,2025,320354635,1,4,0,-1,-1,6,2,0,0,0,0,0,0,0,1,-1,1,1,1,19,4,-1,-1,-1,-1,-1,-1,0,-1
2025320354816,2025,320354816,1,9,0,14,14,7,3,0,0,4,1,0,0,0,4,-1,-1,-1,1,70,10,-1,-1,-1,-1,-1,-1,0,-1
2025320354816,2025,320354816,2,21,0,-1,-1,7,3,0,0,4,0,0,0,0,1,-1,-1,-1,1,48,8,-1,-1,-1,-1,-1,-1,0,-1
2025320355227,2025,320355227,1,9,0,-1,-1,4,6,0,0,0,2,0,7,11,1,-1,1,1,1,33,6,-1,-1,-1,-1,-1,-1,0,-1
2025320355642,2025,320355642,1,9,0,-1,-1,8,4,0,0,1,0,0,0,0,4,-1,-1,-1,2,77,11,-1,-1,-1,-1,-1,-1,0,-1
2025320357220,2025,320357220,2,9,0,-1,-1,7,3,0,0,3,0,0,0,0,2,-1,1,1,1,49,8,-1,-1,-1,-1,-1,-1,0,-1
2025320357220,2025,320357220,1,11,0,-1,-1,1,3,0,0,3,0,0,0,0,1,-1,1,1,1,60,9,-1,-1,-1,-1,-1,-1,0,-1
2025320357358,2025,320357358,1,3,0,-1,-1,2,6,0,0,0,5,0,1,9,1,-1,1,1,1,17,4,-1,-1,-1,-1,-1,-1,0,-1
2025320357571,2025,320357571,1,9,0,-1,-1,4,8,0,0,1,5,0,7,4,3,-1,1,1,1,57,9,-1,-1,-1,-1,-1,-1,0,-1
2025320357571,2025,320357571,2,9,0,4,4,4,8,0,0,1,1,0,0,0,2,-1,1,1,1,38,7,-1,-1,-1,-1,-1,-1,0,-1
2025320357703,2025,320357703,1,9,0,-1,-1,6,2,0,0,0,5,0,2,4,1,-1,-1,-1,2,18,4,-1,-1,-1,-1,-1,-1,0,-1
2025320357703,2025,320357703,2,9,0,18,19,6,2,0,0,0,0,0,1,4,2,-1,-1,-1,1,18,4,-1,-1,-1,-1,-1,-1,0,-1
2025320359163,2025,320359163,1,9,0,1,1,7,1,0,0,5,0,0,0,0,2,-1,-1,-1,1,73,10,-1,-1,-1,-1,-1,-1,0,-1
2025320359224,2025,320359224,3,9,0,-1,-1,2,6,0,0,0,0,0,0,0,2,-1,-1,-1,1,73,10,-1,-1,-1,-1,-1,-1,0,-1
2025320359224,2025,320359224,1,9,0,-1,-1,2,6,0,0,0,0,0,0,0,1,-1,-1,-1,2,85,11,-1,-1,-1,-1,-1,-1,0,-1
2025320359224,2025,320359224,2,9,0,-1,-1,2,6,0,0,0,0,0,0,0,1,-1,-1,-1,1,40,7,-1,-1,-1,-1,-1,-1,0,-1
2025320359347,2025,320359347,3,9,0,3,3,6,2,0,0,2,0,0,0,0,2,-1,-1,-1,1,54,8,-1,-1,-1,-1,-1,-1,0,-1
2025320359347,2025,320359347,1,9,0,-1,-1,6,2,0,0,2,0,0,0,0,1,-1,1,1,2,29,6,-1,-1,-1,-1,-1,-1,0,-1
2025320359347,2025,320359347,2,9,0,3,3,6,2,0,0,2,0,0,0,0,2,-1,1,1,1,17,4,-1,-1,-1,-1,-1,-1,0,-1
2025320359796,2025,320359796,4,3,0,-1,-1,8,4,0,0,0,0,0,0,0,1,-1,1,1,1,19,4,-1,-1,-1,-1,-1,-1,0,-1
2025320359796,2025,320359796,1,9,0,4,4,8,4,0,0,0,0,0,0,0,0,-1,1,1,2,18,4,-1,-1,-1,-1,-1,-1,0,-1
2025320359796,2025,320359796,5,3,0,-1,-1,8,4,0,0,0,1,0,0,0,1,-1,1,1,1,17,4,-1,-1,-1,-1,-1,-1,0,-1
2025320359796,2025,320359796,2,9,0,-1,-1,8,4,0,0,0,0,0,0,0,2,-1,1,1,1,47,8,-1,-1,-1,-1,-1,-1,0,-1
2025320359796,2025,320359796,3,9,0,-1,-1,8,4,0,0,0,0,0,0,0,0,-1,-1,-1,1,19,4,-1,-1,-1,-1,-1,-1,0,-1
2025320359796,2025,320359796,6,3,0,13,13,8,4,0,0,0,0,0,0,0,0,-1,1,1,1,18,4,-1,-1,-1,-1,-1,-1,0,-1
2025320359812,2025,320359812,1,5,0,-1,-1,5,2,0,0,1,2,0,1,4,1,-1,1,1,1,33,6,-1,-1,-1,-1,-1,-1,0,-1
2025320361924,2025,320361924,1,9,0,9,9,2,8,0,0,2,0,0,7,0,1,-1,-1,-1,2,17,4,-1,-1,-1,-1,-1,-1,0,-1
2025320361924,2025,320361924,2,1,0,7,7,6,8,0,0,2,0,0,1,0,3,-1,-1,-1,1,47,8,-1,-1,-1,-1,-1,-1,0,-1
2025320362028,2025,320362028,1,9,0,-1,-1,1,5,0,0,0,0,0,1,4,1,-1,-1,-1,2,57,9,-1,-1,-1,-1,-1,-1,0,-1
2025320362725,2025,320362725,2,9,0,-1,-1,2,6,0,0,6,0,0,0,0,4,-1,1,1,2,38,7,-1,-1,-1,-1,-1,-1,0,-1
2025320362725,2025,320362725,1,9,0,7,7,4,6,0,0,6,0,0,0,0,1,-1,1,1,2,47,8,-1,-1,-1,-1,-1,-1,0,-1
2025320364117,2025,320364117,2,3,0,3,3,6,7,0,0,1,0,0,0,0,2,-1,1,1,1,48,8,-1,-1,-1,-1,-1,-1,0,-1
2025320364117,2025,320364117,1,9,0,4,4,6,2,0,0,1,0,0,0,0,1,-1,-1,-1,1,45,7,-1,-1,-1,-1,-1,-1,0,-1
2025320364298,2025,320364298,1,20,0,4,4,6,2,0,0,1,0,0,0,0,1,-1,-1,-1,1,120,11,-1,-1,-1,-1,-1,-1,0,-1
2025320364298,2025,320364298,2,5,0,3,3,6,2,0,0,1,0,0,0,0,2,-1,-1,-1,1,55,8,-1,-1,-1,-1,-1,-1,0,-1
2025320364467,2025,320364467,2,19,0,-1,-1,8,4,0,0,6,0,0,0,0,1,-1,-1,-1,1,45,7,-1,-1,-1,-1,-1,-1,0,-1
2025320364467,2025,320364467,1,9,0,7,7,2,4,0,0,6,1,0,0,0,1,-1,-1,-1,2,63,9,-1,-1,-1,-1,-1,-1,0,-1
2025320364687,2025,320364687,2,8,0,9,9,6,2,0,0,1,0,0,1,0,3,-1,-1,-1,2,21,5,-1,-1,-1,-1,-1,-1,0,-1
2025320364687,2025,320364687,1,9,0,13,13,6,2,0,0,1,1,0,7,0,1,-1,-1,-1,1,120,11,-1,-1,-1,-1,-1,-1,0,-1
2025320364978,2025,320364978,1,21,1,-1,-1,1,7,0,0,0,5,0,1,2,1,-1,-1,-1,1,41,7,-1,-1,-1,-1,-1,-1,0,-1
2025320365208,2025,320365208,1,9,0,-1,-1,3,7,0,0,1,0,0,0,0,1,-1,1,1,1,72,10,-1,-1,-1,-1,-1,-1,0,-1
2025320365208,2025,320365208,3,21,0,-1,-1,7,3,0,0,1,0,0,0,0,1,-1,-1,-1,1,26,6,-1,-1,-1,-1,-1,-1,0,-1
2025320365208,2025,320365208,2,9,0,-1,-1,7,3,0,0,1,0,0,1,0,3,-1,-1,-1,1,60,9,-1,-1,-1,-1,-1,-1,0,-1
2025320365303,2025,320365303,2,9,0,-1,-1,6,2,0,0,2,0,0,1,0,1,-1,-1,-1,1,69,10,-1,-1,-1,-1,-1,-1,0,-1
2025320365303,2025,320365303,3,9,0,-1,-1,2,6,0,0,2,5,0,1,10,1,-1,1,1,2,41,7,-1,-1,-1,-1,-1,-1,0,-1
2025320365303,2025,320365303,1,9,0,-1,-1,2,6,0,0,2,0,0,0,0,1,-1,-1,-1,2,21,5,-1,-1,-1,-1,-1,-1,0,-1
2025320366060,2025,320366060,2,9,0,4,4,2,6,0,0,4,0,0,0,0,2,-1,-1,-1,1,58,9,-1,-1,-1,-1,-1,-1,0,-1
2025320366060,2025,320366060,1,9,0,-1,-1,2,6,0,0,4,0,0,0,0,1,-1,-1,-1,1,120,11,-1,-1,-1,-1,-1,-1,0,-1
2025320366238,2025,320366238,1,9,0,-1,-1,6,2,0,0,0,0,0,0,0,1,-1,-1,-1,3,120,11,-1,-1,-1,-1,-1,-1,0,-1
2025320366238,2025,320366238,2,9,0,-1,-1,2,6,0,0,0,0,0,0,0,3,-1,-1,-1,1,19,4,-1,-1,-1,-1,-1,-1,0,-1
2025320366407,2025,320366407,2,1,0,-1,-1,7,3,0,0,0,5,0,1,0,3,-1,-1,-1,1,34,6,-1,-1,-1,-1,-1,-1,0,-1
2025320366407,2025,320366407,1,9,0,13,13,7,3,0,0,0,0,0,0,0,1,-1,-1,-1,3,120,11,-1,-1,-1,-1,-1,-1,0,-1
2025320366459,2025,320366459,1,4,0,-1,-1,8,4,0,0,0,0,0,1,0,1,-1,1,1,1,21,5,-1,-1,-1,-1,-1,-1,0,-1
2025320366617,2025,320366617,1,9,0,-1,-1,2,6,0,0,0,0,0,0,0,3,-1,-1,-1,2,45,7,-1,-1,-1,-1,-1,-1,0,-1
2025320366617,2025,320366617,2,19,0,-1,-1,6,2,0,0,0,0,0,1,0,3,-1,-1,-1,1,63,9,-1,-1,-1,-1,-1,-1,0,-1
2025320367763,2025,320367763,2,9,0,-1,-1,5,1,0,0,5,0,0,0,0,1,-1,-1,-1,1,26,6,-1,-1,-1,-1,-1,-1,0,-1
2025320367763,2025,320367763,1,9,0,9,9,1,7,0,0,5,1,0,0,0,4,-1,1,1,2,19,4,-1,-1,-1,-1,-1,-1,0,-1
2025320369746,2025,320369746,1,9,0,9,9,2,8,0,0,6,0,0,0,0,4,-1,-1,-1,2,68,10,-1,-1,-1,-1,-1,-1,0,-1
2025320369746,2025,320369746,2,1,0,-1,-1,4,8,0,0,6,0,0,0,0,1,-1,-1,-1,1,23,5,-1,-1,-1,-1,-1,-1,0,-1
2025320370085,2025,320370085,1,9,0,1,1,4,8,0,0,2,0,0,3,4,2,-1,1,1,1,52,8,-1,-1,-1,-1,-1,-1,0,-1
2025320370880,2025,320370880,2,9,0,2,2,0,0,0,0,0,0,0,0,0,3,-1,-1,-1,1,54,8,-1,-1,-1,-1,-1,-1,0,-1
2025320370880,2025,320370880,1,9,0,-1,-1,1,5,0,0,0,0,0,0,0,1,-1,-1,-1,3,120,11,-1,-1,-1,-1,-1,-1,0,-1
2025320371231,2025,320371231,1,9,0,-1,-1,6,2,0,0,0,0,0,7,1,1,-1,-1,-1,1,28,6,-1,-1,-1,-1,-1,-1,0,-1
2025320372366,2025,320372366,3,9,0,-1,-1,6,2,0,0,4,0,0,0,0,2,-1,-1,-1,1,57,9,-1,-1,-1,-1,-1,-1,0,-1
2025320372366,2025,320372366,2,9,0,-1,-1,6,2,0,0,4,0,0,0,0,2,-1,-1,-1,2,43,7,-1,-1,-1,-1,-1,-1,0,-1
2025320372366,2025,320372366,1,9,0,-1,-1,6,2,0,0,4,5,0,3,0,1,-1,-1,-1,1,65,9,-1,-1,-1,-1,-1,-1,0,-1
2025320372853,2025,320372853,1,5,0,-1,-1,7,3,0,0,0,0,0,1,0,0,-1,-1,-1,1,56,9,-1,-1,-1,-1,-1,-1,0,-1
2025320374665,2025,320374665,1,9,0,9,9,2,6,0,0,0,0,0,1,9,4,-1,1,1,2,20,4,-1,-1,-1,-1,-1,-1,0,-1
2025320374712,2025,320374712,2,9,0,-1,-1,2,6,0,0,3,0,0,7,1,1,-1,-1,-1,1,20,4,-1,-1,-1,-1,-1,-1,0,-1
2025320374712,2025,320374712,3,19,0,-1,-1,4,8,0,0,3,0,0,0,0,3,-1,1,1,1,46,8,-1,-1,-1,-1,-1,-1,0,-1
2025320374712,2025,320374712,1,9,0,12,12,2,8,0,0,3,0,0,7,1,1,-1,1,1,2,39,7,-1,-1,-1,-1,-1,-1,0,-1
2025320374772,2025,320374772,1,9,0,-1,-1,6,2,0,0,0,0,0,1,2,1,-1,-1,-1,1,77,11,-1,-1,-1,-1,-1,-1,0,-1
2025320374911,2025,320374911,2,9,0,4,4,5,1,0,0,0,0,0,0,0,2,-1,-1,-1,1,70,10,-1,-1,-1,-1,-1,-1,0,-1
2025320374911,2025,320374911,1,9,0,-1,-1,5,1,0,0,0,0,0,0,0,1,-1,1,1,1,31,6,-1,-1,-1,-1,-1,-1,0,-1
2025320374944,2025,320374944,1,9,0,-1,-1,6,2,0,0,1,0,0,0,0,1,-1,-1,-1,3,120,11,-1,-1,-1,-1,-1,-1,0,-1
2025320374944,2025,320374944,2,9,0,3,3,6,2,0,0,1,0,0,0,0,2,-1,-1,-1,2,37,7,-1,-1,-1,-1,-1,-1,0,-1