collision_index,collision_year,collision_ref_no,vehicle_reference,vehicle_type,towing_and_articulation,vehicle_manoeuvre_historic,vehicle_manoeuvre,vehicle_direction_from,vehicle_direction_to,vehicle_location_restricted_lane_historic,vehicle_location_restricted_lane,junction_location,skidding_and_overturning,hit_object_in_carriageway,vehicle_leaving_carriageway,hit_object_off_carriageway,first_point_of_impact,vehicle_left_hand_drive,journey_purpose_of_driver_historic,journey_purpose_of_driver,sex_of_driver,age_of_driver,age_band_of_driver,engine_capacity_cc,propulsion_code,age_of_vehicle,generic_make_model,driver_imd_decile,lsoa_of_driver,escooter_flag,driver_distance_banding
2025332500074,2025,332500074,1,9,0,-1,19,1,7,-1,0,8,0,0,0,0,1,1,-1,9,1,63,9,-1,-1,-1,-1,2,E01005163,0,5
2025332500074,2025,332500074,2,9,0,-1,19,3,7,-1,0,4,0,0,0,0,2,1,-1,9,2,25,5,-1,-1,-1,-1,4,E01025988,0,1
2025332500075,2025,332500075,1,9,0,-1,19,3,7,-1,0,0,1,0,4,4,1,1,-1,6,1,20,4,-1,-1,-1,-1,6,E01025704,0,1
2025332500076,2025,332500076,1,9,0,-1,19,4,8,-1,0,0,0,10,7,0,1,1,-1,9,1,48,8,-1,-1,-1,-1,8,E01025784,0,2
2025332500077,2025,332500077,1,9,0,-1,19,3,6,-1,0,0,0,0,0,0,1,1,-1,9,2,51,8,-1,-1,-1,-1,6,E01025815,0,1
2025332500077,2025,332500077,2,16,0,-1,19,6,2,-1,0,0,1,0,7,9,3,1,-1,6,2,63,9,-1,-1,-1,-1,6,E01013787,0,3
2025332500078,2025,332500078,1,90,0,-1,6,2,2,-1,0,8,0,0,0,0,1,1,-1,9,2,14,3,-1,-1,-1,-1,1,E01013603,0,1
2025332500078,2025,332500078,2,11,0,-1,19,8,4,-1,0,8,0,0,0,0,1,1,-1,6,3,-1,-1,-1,-1,-1,-1,-1,-1,0,-1
2025332500079,2025,332500079,1,9,0,-1,19,2,6,-1,0,0,0,0,0,0,1,1,-1,6,3,-1,-1,-1,-1,-1,-1,-1,-1,0,-1
2025332500079,2025,332500079,2,9,0,-1,19,2,6,-1,0,0,0,0,0,0,2,1,-1,1,2,30,6,-1,-1,-1,-1,4,E01025843,0,3
2025332500081,2025,332500081,1,19,0,-1,5,3,7,-1,0,0,0,0,0,0,4,1,-1,6,1,-1,-1,-1,-1,-1,-1,-1,-1,0,-1
2025332500082,2025,332500082,1,9,0,-1,11,5,1,-1,0,8,2,7,1,7,1,1,-1,9,2,69,10,-1,-1,-1,-1,10,E01025737,0,1
2025332500083,2025,332500083,3,9,0,-1,2,0,0,-1,0,0,0,0,0,0,2,1,-1,6,3,-1,-1,-1,-1,-1,-1,-1,-1,0,-1
2025332500083,2025,332500083,1,9,0,-1,14,1,5,-1,0,0,0,0,0,0,1,1,-1,6,2,83,11,-1,-1,-1,-1,9,E01025901,0,3
2025332500083,2025,332500083,2,19,0,-1,2,0,0,-1,0,0,0,0,0,0,2,1,-1,6,3,-1,-1,-1,-1,-1,-1,-1,-1,0,-1
2025332500084,2025,332500084,1,9,0,-1,19,2,6,-1,0,0,1,0,1,9,1,1,-1,6,1,23,5,-1,-1,-1,-1,9,E01031143,0,3
2025332500085,2025,332500085,1,9,0,-1,19,3,7,-1,0,8,0,0,0,0,3,1,-1,9,2,67,10,-1,-1,-1,-1,5,E01013623,0,1
2025332500085,2025,332500085,2,9,0,-1,9,1,7,-1,0,6,0,0,0,0,1,1,-1,6,3,-1,-1,-1,-1,-1,-1,-1,-1,0,-1
2025332500086,2025,332500086,1,11,0,-1,19,1,5,-1,0,2,0,0,0,0,4,1,-1,6,3,-1,-1,-1,-1,-1,-1,-1,-1,0,-1
2025332500087,2025,332500087,1,9,0,-1,3,3,7,-1,0,1,0,0,0,0,3,1,-1,9,1,29,6,-1,-1,-1,-1,3,E01025992,0,1
2025332500087,2025,332500087,2,9,0,-1,1,7,3,-1,0,2,0,0,0,0,2,1,-1,6,3,-1,-1,-1,-1,-1,-1,-1,-1,0,-1
2025332500088,2025,332500088,2,9,0,-1,19,1,5,-1,0,8,0,0,0,0,1,1,-1,6,1,20,4,-1,-1,-1,-1,10,E01025769,0,1
2025332500088,2025,332500088,1,90,0,-1,19,3,7,-1,0,6,0,0,0,0,3,1,-1,1,1,40,7,-1,-1,-1,-1,4,E01019693,0,4
2025332500089,2025,332500089,2,20,0,-1,19,4,1,-1,0,0,0,0,0,0,1,1,-1,9,1,24,5,-1,-1,-1,-1,8,E01025851,0,2
2025332500089,2025,332500089,1,9,0,-1,19,1,4,-1,0,0,0,0,0,0,1,1,-1,9,1,40,7,-1,-1,-1,-1,6,E01025627,0,1
2025332500090,2025,332500090,1,9,0,-1,9,1,7,-1,0,5,0,0,0,0,4,1,-1,6,1,57,9,-1,-1,-1,-1,7,E01025830,0,1
2025332500090,2025,332500090,2,1,0,-1,19,5,1,-1,0,8,0,0,0,0,1,1,-1,6,1,13,3,-1,-1,-1,-1,7,E01025830,0,1
2025332500091,2025,332500091,2,8,0,-1,19,1,5,-1,0,0,0,0,0,0,3,1,-1,1,1,39,7,-1,-1,-1,-1,3,E01015652,0,4
2025332500091,2025,332500091,3,9,0,-1,2,0,0,-1,0,0,0,0,0,0,4,1,-1,6,3,-1,-1,-1,-1,-1,-1,-1,-1,0,-1
2025332500091,2025,332500091,1,9,0,-1,19,5,1,-1,0,0,0,0,1,11,1,1,-1,9,1,21,5,-1,-1,-1,-1,5,E01013790,0,1
2025332500092,2025,332500092,1,9,0,-1,19,5,2,-1,0,0,2,0,1,9,3,1,-1,9,1,40,7,-1,-1,-1,-1,4,E01025666,0,1
2025332500093,2025,332500093,1,9,0,-1,3,8,4,-1,0,1,0,0,0,0,2,1,-1,9,2,22,5,-1,-1,-1,-1,5,E01035094,0,2
2025332500093,2025,332500093,2,3,0,-1,14,8,4,-1,0,1,1,0,0,0,1,1,-1,9,1,18,4,-1,-1,-1,-1,10,E01025846,0,1
2025332500094,2025,332500094,2,1,0,-1,19,1,5,-1,0,8,0,0,0,0,4,1,-1,1,1,20,4,-1,-1,-1,-1,3,E01013763,0,1
2025332500094,2025,332500094,1,9,0,-1,5,5,1,-1,0,8,0,0,0,0,3,1,-1,6,1,-1,-1,-1,-1,-1,-1,-1,-1,0,-1
2025332500095,2025,332500095,2,9,0,-1,9,1,7,-1,0,6,0,0,0,0,1,1,-1,6,3,-1,-1,-1,-1,-1,-1,-1,-1,0,-1
2025332500095,2025,332500095,1,9,0,-1,19,3,7,-1,0,8,0,0,0,0,3,1,-1,9,1,30,6,-1,-1,-1,-1,3,E01013660,0,1
2025332500096,2025,332500096,1,9,0,-1,9,6,4,-1,0,6,0,0,1,0,1,1,-1,9,2,65,9,-1,-1,-1,-1,5,E01025716,0,1
2025332500097,2025,332500097,1,9,0,-1,19,0,0,-1,0,1,0,0,0,0,2,1,-1,9,2,35,6,-1,-1,-1,-1,10,E01004705,0,5
2025332500097,2025,332500097,2,9,0,-1,19,9,9,-1,0,8,0,0,0,0,1,1,-1,6,3,-1,-1,-1,-1,-1,-1,-1,-1,0,-1
2025332500098,2025,332500098,1,9,0,-1,19,2,6,-1,0,1,0,0,0,0,1,1,-1,2,1,57,9,-1,-1,-1,-1,1,E01013632,0,1
2025332500099,2025,332500099,1,9,0,-1,13,8,4,-1,0,0,0,0,0,0,1,1,-1,2,2,36,7,-1,-1,-1,-1,6,E01025659,0,2
2025332500099,2025,332500099,2,9,0,-1,19,4,8,-1,0,0,0,0,0,0,1,1,-1,2,1,19,4,-1,-1,-1,-1,8,E01027026,0,3
2025332500100,2025,332500100,2,9,0,-1,9,7,5,-1,0,5,0,0,0,0,1,1,-1,1,3,-1,-1,-1,-1,-1,-1,-1,-1,0,-1
2025332500100,2025,332500100,1,1,0,-1,19,3,7,-1,0,8,0,0,0,0,3,1,-1,9,1,18,4,-1,-1,-1,-1,2,E01013760,0,1
2025332500101,2025,332500101,1,9,0,-1,19,7,3,-1,0,8,0,0,0,0,1,1,-1,2,2,28,6,-1,-1,-1,-1,5,E01025842,0,1
2025332500101,2025,332500101,2,19,0,-1,9,7,3,-1,0,6,0,0,0,0,3,1,-1,1,1,23,5,-1,-1,-1,-1,7,E01013669,0,3
2025332500102,2025,332500102,2,21,0,-1,11,7,3,-1,0,0,0,0,0,0,4,1,-1,6,3,-1,-1,-1,-1,-1,-1,-1,-1,0,-1
2025332500102,2025,332500102,1,9,0,-1,19,7,3,-1,0,0,0,0,1,0,3,1,-1,2,2,46,8,-1,-1,-1,-1,7,E01025626,0,1
2025332500103,2025,332500103,1,9,0,-1,9,8,6,-1,0,5,0,0,0,0,1,1,-1,9,2,33,6,-1,-1,-1,-1,10,E01028408,0,2
2025332500104,2025,332500104,1,9,0,-1,19,5,1,-1,0,0,0,0,0,0,1,1,-1,9,2,57,9,-1,-1,-1,-1,7,E01025743,0,1
2025332500105,2025,332500105,1,9,0,-1,9,6,4,-1,0,5,0,0,0,0,1,1,-1,2,1,30,6,-1,-1,-1,-1,4,E01013729,0,1
2025332500105,2025,332500105,2,3,0,-1,19,2,6,-1,0,8,0,0,0,0,1,1,-1,6,1,24,5,-1,-1,-1,-1,6,E01025756,0,2
2025332500106,2025,332500106,1,9,0,-1,2,0,0,-1,0,0,0,0,0,0,4,1,-1,9,1,58,9,-1,-1,-1,-1,7,E01025960,0,1
2025332500106,2025,332500106,2,9,0,-1,1,9,9,-1,0,0,0,0,0,0,2,1,-1,6,1,-1,-1,-1,-1,-1,-1,-1,-1,0,-1
2025332500107,2025,332500107,1,1,0,-1,19,3,7,-1,0,0,0,0,0,0,1,1,-1,6,3,-1,-1,-1,-1,-1,-1,-1,-1,0,-1
2025332500108,2025,332500108,2,1,0,-1,19,8,4,-1,0,8,0,0,0,0,1,1,-1,6,1,39,7,-1,-1,-1,-1,10,E01025638,0,1
2025332500108,2025,332500108,1,9,0,-1,19,6,2,-1,0,8,0,0,0,0,1,1,-1,6,1,30,6,-1,-1,-1,-1,-1,-1,0,-1
2025332500109,2025,332500109,1,9,0,-1,12,2,6,-1,0,0,0,0,0,0,0,1,-1,6,3,-1,-1,-1,-1,-1,-1,-1,-1,0,-1
2025332500109,2025,332500109,3,9,0,-1,19,2,6,-1,0,0,5,0,1,4,1,1,-1,9,1,32,6,-1,-1,-1,-1,5,E01019724,0,4
2025332500109,2025,332500109,2,9,0,-1,19,2,6,-1,0,0,0,0,0,0,0,1,-1,2,1,43,7,-1,-1,-1,-1,2,E01008173,0,5
2025332500110,2025,332500110,1,9,0,-1,9,8,6,-1,0,6,0,0,0,0,1,1,-1,9,2,36,7,-1,-1,-1,-1,5,E01013784,0,1
2025332500111,2025,332500111,2,9,0,-1,19,1,5,-1,0,8,0,7,5,1,3,1,-1,6,2,31,6,-1,-1,-1,-1,4,E01025823,0,3
2025332500111,2025,332500111,1,9,0,-1,9,7,5,-1,0,6,1,0,0,0,4,1,-1,9,1,58,9,-1,-1,-1,-1,7,E01025977,0,2
2025332500112,2025,332500112,1,21,0,-1,19,6,2,-1,0,0,0,0,5,6,1,1,-1,1,1,29,6,-1,-1,-1,-1,2,E01007843,0,4
2025332500113,2025,332500113,2,9,0,-1,19,5,1,-1,0,6,0,0,0,0,1,1,-1,6,3,-1,-1,-1,-1,-1,-1,-1,-1,0,-1
2025332500113,2025,332500113,1,9,0,-1,9,7,5,-1,0,5,0,0,0,0,3,1,-1,2,2,36,7,-1,-1,-1,-1,3,E01013719,0,1
2025332500114,2025,332500114,1,9,0,-1,5,5,1,-1,0,8,0,0,0,0,1,1,-1,6,1,25,5,-1,-1,-1,-1,-1,-1,0,-1
2025332500115,2025,332500115,2,1,0,-1,12,5,1,-1,0,1,0,0,0,0,2,1,-1,9,1,22,5,-1,-1,-1,-1,2,E01032602,0,2
2025332500115,2025,332500115,1,9,0,-1,19,5,1,-1,0,1,0,0,0,0,1,1,-1,6,3,-1,-1,-1,-1,-1,-1,-1,-1,0,-1
2025332500116,2025,332500116,2,1,0,-1,19,1,5,-1,0,0,0,0,0,0,1,1,-1,6,1,35,6,-1,-1,-1,-1,8,E01025795,0,1
2025332500116,2025,332500116,1,9,0,-1,19,5,1,-1,0,0,0,0,0,0,1,1,-1,2,1,36,7,-1,-1,-1,-1,3,E01025806,0,1
2025332500117,2025,332500117,1,9,0,-1,19,2,6,-1,0,0,0,7,1,11,1,1,-1,6,1,36,7,-1,-1,-1,-1,9,E01025698,0,1
2025332500118,2025,332500118,1,1,0,-1,19,5,1,-1,4,8,0,0,0,0,1,1,-1,2,2,28,6,-1,-1,-1,-1,3,E01025989,0,1
2025332500118,2025,332500118,2,9,0,-1,9,1,7,-1,4,5,0,0,0,0,4,1,-1,6,3,-1,-1,-1,-1,-1,-1,-1,-1,0,-1
2025332500119,2025,332500119,2,8,0,-1,19,2,5,-1,0,0,0,0,0,0,1,1,-1,6,3,-1,-1,-1,-1,-1,-1,-1,-1,0,-1
2025332500119,2025,332500119,1,9,0,-1,19,5,2,-1,0,0,0,0,0,0,3,1,-1,2,2,41,7,-1,-1,-1,-1,4,E01025823,0,2
2025332500121,2025,332500121,1,9,0,-1,11,5,1,-1,0,0,1,10,2,1,3,1,-1,6,1,28,6,-1,-1,-1,-1,1,E01013691,0,1
2025332500122,2025,332500122,1,21,0,-1,5,5,1,-1,0,8,0,0,0,0,1,1,-1,1,1,45,7,-1,-1,-1,-1,2,E01014293,0,4
2025332500123,2025,332500123,1,9,0,-1,1,5,1,-1,0,6,0,0,0,0,2,1,-1,6,1,-1,-1,-1,-1,-1,-1,-1,-1,0,-1
2025332500124,2025,332500124,1,9,0,-1,1,2,6,-1,0,2,0,0,0,0,4,1,-1,9,1,52,8,-1,-1,-1,-1,3,E01025715,0,1
2025332500125,2025,332500125,2,9,0,-1,2,0,0,-1,0,0,0,0,0,0,2,1,-1,6,3,-1,-1,-1,-1,-1,-1,-1,-1,0,-1
2025332500125,2025,332500125,1,9,0,-1,14,1,5,-1,0,0,0,0,0,0,4,1,-1,2,1,63,9,-1,-1,-1,-1,6,E01031035,0,1
2025332500126,2025,332500126,1,9,0,-1,19,5,2,-1,0,8,0,0,7,4,2,1,-1,2,2,54,8,-1,-1,-1,-1,8,E01033102,0,1
2025332500126,2025,332500126,2,9,0,-1,7,8,1,-1,0,6,1,0,0,0,1,1,-1,6,1,-1,-1,-1,-1,-1,-1,4,E01013729,0,3
2025332500127,2025,332500127,2,1,0,-1,19,1,5,-1,0,8,0,0,0,0,1,1,-1,2,2,47,8,-1,-1,-1,-1,5,E01025999,0,1
2025332500127,2025,332500127,1,9,0,-1,7,1,3,-1,0,5,0,0,0,0,4,1,-1,9,1,20,4,-1,-1,-1,-1,6,E01013710,0,1
2025332500128,2025,332500128,4,9,0,-1,19,6,2,-1,0,0,0,0,0,0,1,1,-1,2,1,34,6,-1,-1,-1,-1,7,E01025937,0,3
2025332500128,2025,332500128,2,9,0,-1,19,6,2,-1,0,0,0,0,0,0,3,1,-1,2,1,57,9,-1,-1,-1,-1,8,E01032865,0,1
2025332500128,2025,332500128,3,9,0,-1,19,6,2,-1,0,0,0,0,0,0,1,1,-1,2,1,45,7,-1,-1,-1,-1,6,E01013764,0,1
2025332500128,2025,332500128,1,9,0,-1,19,2,6,-1,0,0,0,0,0,0,1,1,-1,2,2,32,6,-1,-1,-1,-1,1,E01013638,0,2
2025332500129,2025,332500129,1,9,0,-1,4,1,5,-1,0,2,0,0,0,0,2,1,-1,2,2,59,9,-1,-1,-1,-1,5,E01025655,0,1
2025332500129,2025,332500129,2,9,0,-1,19,1,5,-1,0,2,0,0,0,0,1,1,-1,6,3,-1,-1,-1,-1,-1,-1,-1,-1,0,-1
2025332500130,2025,332500130,2,9,0,-1,19,6,2,-1,0,8,0,0,0,0,1,1,-1,6,1,-1,-1,-1,-1,-1,-1,-1,-1,0,-1
2025332500130,2025,332500130,1,1,0,-1,9,6,4,-1,0,5,0,0,0,0,2,1,-1,9,1,21,5,-1,-1,-1,-1,10,E01030863,0,5
2025332500131,2025,332500131,1,9,0,-1,19,3,7,-1,0,1,0,0,0,0,1,1,-1,6,2,70,10,-1,-1,-1,-1,5,E01025824,0,3
2025332500132,2025,332500132,1,8,0,-1,19,9,9,-1,0,0,0,0,0,0,1,1,-1,6,3,-1,-1,-1,-1,-1,-1,-1,-1,0,-1
2025332500133,2025,332500133,1,21,0,-1,19,6,2,-1,0,0,0,0,1,7,1,1,-1,1,1,54,8,-1,-1,-1,-1,1,E01013637,0,3
2025332500133,2025,332500133,2,21,0,-1,3,6,2,-1,0,0,0,0,0,0,2,1,-1,1,1,47,8,-1,-1,-1,-1,5,E01032862,0,3
2025332500134,2025,332500134,1,9,0,-1,9,7,5,-1,0,6,0,0,0,0,1,1,-1,2,1,32,6,-1,-1,-1,-1,5,E01013616,0,1
2025332500134,2025,332500134,2,9,0,-1,19,1,5,-1,0,8,0,0,0,0,4,1,-1,2,1,48,8,-1,-1,-1,-1,4,E01013617,0,1
2025332500135,2025,332500135,1,11,0,-1,5,1,5,-1,0,8,0,0,0,0,4,1,-1,1,1,54,8,-1,-1,-1,-1,9,E01025754,0,2
2025332500136,2025,332500136,1,9,0,-1,19,8,4,-1,0,1,0,0,0,0,1,1,-1,6,2,50,8,-1,-1,-1,-1,10,E01025846,0,1
2025332500137,2025,332500137,1,9,0,-1,4,5,1,-1,0,8,0,0,0,0,2,1,-1,2,2,30,6,-1,-1,-1,-1,3,E01013655,0,2
2025332500137,2025,332500137,2,9,0,-1,19,5,1,-1,0,8,0,0,0,0,1,1,-1,6,3,-1,-1,-1,-1,-1,-1,-1,-1,0,-1
2025332500138,2025,332500138,2,21,0,-1,19,8,4,-1,0,1,0,7,0,0,3,1,-1,6,1,31,6,-1,-1,-1,-1,7,E01013685,0,3
2025332500138,2025,332500138,1,9,0,-1,11,8,4,-1,0,1,0,0,0,0,1,1,-1,2,2,48,8,-1,-1,-1,-1,8,E01033102,0,1
2025332500139,2025,332500139,1,9,0,-1,19,7,3,-1,0,0,0,0,0,0,1,1,-1,6,3,-1,-1,-1,-1,-1,-1,-1,-1,0,-1
2025332500140,2025,332500140,2,19,0,-1,19,1,5,-1,0,0,0,0,0,0,1,1,-1,1,1,19,4,-1,-1,-1,-1,1,E01013822,0,4
2025332500140,2025,332500140,1,9,4,-1,19,6,1,-1,0,0,0,0,0,0,1,1,-1,1,1,60,9,-1,-1,-1,-1,7,E01015590,0,4
2025332500141,2025,332500141,2,9,0,-1,19,7,3,-1,0,8,0,0,0,0,1,1,-1,9,2,40,7,-1,-1,-1,-1,6,E01013766,0,1
2025332500141,2025,332500141,1,9,0,-1,9,3,1,-1,0,5,0,0,0,0,1,1,-1,9,1,41,7,-1,-1,-1,-1,4,E01013662,0,1
2025332500142,2025,332500142,1,9,0,-1,19,2,6,-1,0,1,0,0,0,0,1,1,-1,6,1,55,8,-1,-1,-1,-1,1,E01013637,0,1
2025332500143,2025,332500143,1,9,0,-1,19,3,7,-1,0,0,0,0,0,0,1,1,-1,6,1,68,10,-1,-1,-1,-1,2,E01013628,0,1
2025332500144,2025,332500144,1,4,0,-1,19,8,4,-1,0,0,1,0,0,0,1,1,-1,9,1,34,6,-1,-1,-1,-1,2,E01025700,0,1
2025332500145,2025,332500145,1,9,0,-1,9,7,4,-1,0,5,0,0,0,0,1,1,-1,6,1,-1,-1,-1,-1,-1,-1,-1,-1,0,-1
2025332500146,2025,332500146,2,98,0,-1,10,1,7,-1,0,8,0,0,0,0,2,1,-1,1,1,36,7,-1,-1,-1,-1,7,E01025537,0,5
2025332500146,2025,332500146,1,9,0,-1,19,1,5,-1,0,8,0,0,0,0,1,1,-1,2,1,62,9,-1,-1,-1,-1,7,E01013709,0,2
2025332500147,2025,332500147,1,9,0,-1,19,1,5,-1,0,8,0,0,0,0,1,1,-1,6,1,34,6,-1,-1,-1,-1,10,E01025615,0,2
2025332500147,2025,332500147,2,-1,0,-1,19,3,7,-1,0,8,0,0,0,0,1,1,-1,6,1,18,4,-1,-1,-1,-1,2,E01034021,1,1
2025332500148,2025,332500148,2,9,0,-1,19,4,8,-1,0,0,0,0,7,4,3,1,-1,6,2,34,6,-1,-1,-1,-1,10,E01025648,0,3
2025332500148,2025,332500148,3,9,0,-1,19,8,4,-1,0,0,0,0,0,0,1,1,-1,6,1,68,10,-1,-1,-1,-1,8,E01025612,0,3
2025332500148,2025,332500148,1,9,0,-1,19,8,4,-1,0,0,0,0,7,0,1,1,-1,6,2,79,11,-1,-1,-1,-1,8,E01025881,0,4
2025332500149,2025,332500149,1,9,0,-1,14,7,3,-1,0,0,0,0,0,0,4,1,-1,9,1,56,9,-1,-1,-1,-1,8,E01035092,0,1
2025332500150,2025,332500150,1,9,0,-1,19,3,7,-1,0,0,0,0,0,0,1,1,-1,2,1,58,9,-1,-1,-1,-1,8,E01025730,0,1
2025332500150,2025,332500150,2,9,0,-1,19,3,7,-1,0,0,0,0,0,0,2,1,-1,9,1,45,7,-1,-1,-1,-1,4,E01034010,0,1
2025332500151,2025,332500151,1,9,0,-1,19,1,5,-1,0,0,0,0,4,10,1,1,-1,9,1,21,5,-1,-1,-1,-1,10,E01025729,0,2
2025332500152,2025,332500152,1,9,0,-1,19,1,5,-1,0,0,1,0,1,1,1,1,-1,6,1,20,4,-1,-1,-1,-1,9,E01000303,0,5
2025332500153,2025,332500153,1,9,0,-1,19,4,8,-1,0,0,0,0,0,0,1,1,-1,6,1,-1,-1,-1,-1,-1,-1,-1,-1,0,-1
2025332500154,2025,332500154,2,9,0,-1,2,0,0,-1,0,0,0,0,0,0,3,1,-1,6,3,-1,-1,-1,-1,-1,-1,-1,-1,0,-1
2025332500154,2025,332500154,1,9,0,-1,19,7,3,-1,0,0,0,0,0,0,4,1,-1,9,1,23,5,-1,-1,-1,-1,4,E01013747,0,3
2025332500154,2025,332500154,3,9,0,-1,19,3,7,-1,0,0,0,0,0,0,0,1,-1,6,3,-1,-1,-1,-1,-1,-1,-1,-1,0,-1
2025332500155,2025,332500155,1,9,0,-1,19,4,8,-1,0,0,0,0,0,0,1,1,-1,6,2,53,8,-1,-1,-1,-1,7,E01025848,0,1
2025332500156,2025,332500156,2,-1,0,-1,19,6,2,-1,0,1,0,0,0,0,1,1,-1,6,2,9,2,-1,-1,-1,-1,5,E01025749,1,3
2025332500156,2025,332500156,1,9,0,-1,14,8,4,-1,0,3,0,0,0,0,1,1,-1,6,2,19,4,-1,-1,-1,-1,4,E01013689,0,1
2025332500157,2025,332500157,1,3,0,-1,9,7,5,-1,0,6,0,10,1,11,1,1,-1,6,2,24,5,-1,-1,-1,-1,8,E01025888,0,3
2025332500158,2025,332500158,2,1,0,-1,7,5,7,-1,0,5,0,0,0,0,1,1,-1,6,1,84,11,-1,-1,-1,-1,8,E01025681,0,1
2025332500158,2025,332500158,1,9,0,-1,7,5,7,-1,0,5,0,0,0,0,4,1,-1,9,2,74,10,-1,-1,-1,-1,8,E01034006,0,1
2025332500159,2025,332500159,1,9,0,-1,19,5,8,-1,0,0,0,0,1,4,1,1,-1,6,1,42,7,-1,-1,-1,-1,9,E01025820,0,1
2025332500160,2025,332500160,2,9,0,-1,5,1,5,-1,0,6,0,0,0,0,1,1,-1,1,3,-1,-1,-1,-1,-1,-1,-1,-1,0,-1
2025332500160,2025,332500160,1,1,0,-1,19,3,7,-1,0,8,0,0,0,0,3,1,-1,2,1,13,3,-1,-1,-1,-1,9,E01035101,0,1
2025332500161,2025,332500161,1,9,0,-1,7,8,3,-1,0,6,1,0,0,0,1,1,-1,6,3,-1,-1,-1,-1,-1,-1,-1,-1,0,-1
2025332500162,2025,332500162,1,9,0,-1,19,6,2,-1,0,2,0,0,0,0,1,1,-1,9,1,43,7,-1,-1,-1,-1,8,E01027279,0,4
2025332500163,2025,332500163,1,9,0,-1,3,2,6,-1,0,0,0,0,0,0,2,1,-1,2,1,54,8,-1,-1,-1,-1,1,E01013653,0,1
2025332500163,2025,332500163,2,9,0,-1,19,2,6,-1,0,0,0,0,0,0,1,1,-1,6,1,-1,-1,-1,-1,-1,-1,-1,-1,0,-1
2025332500164,2025,332500164,7,9,0,-1,19,8,4,-1,0,0,0,0,0,0,1,1,-1,6,1,28,6,-1,-1,-1,-1,10,E01013809,0,1
2025332500164,2025,332500164,3,9,0,-1,19,8,4,-1,0,0,0,0,0,0,2,1,-1,6,1,24,5,-1,-1,-1,-1,4,E01028366,0,4
2025332500164,2025,332500164,5,9,0,-1,19,8,4,-1,0,0,0,0,0,0,1,1,-1,6,2,61,9,-1,-1,-1,-1,7,E01025910,0,1
2025332500164,2025,332500164,1,9,0,-1,19,8,4,-1,0,0,0,0,1,9,2,1,-1,6,2,58,9,-1,-1,-1,-1,8,E01025911,0,3
2025332500164,2025,332500164,6,9,0,-1,2,0,0,-1,0,0,0,0,0,0,1,1,-1,6,2,47,8,-1,-1,-1,-1,10,E01025904,0,3
2025332500164,2025,332500164,2,19,0,-1,19,8,4,-1,0,0,0,0,0,0,1,1,-1,6,1,44,7,-1,-1,-1,-1,7,E01031011,0,4
2025332500164,2025,332500164,4,9,0,-1,19,8,4,-1,0,0,0,0,0,0,2,1,-1,6,1,26,6,-1,-1,-1,-1,6,E01033536,0,4
2025332500166,2025,332500166,1,9,0,-1,5,1,5,-1,0,6,0,0,0,0,1,1,-1,6,3,-1,-1,-1,-1,-1,-1,-1,-1,0,-1
2025332500167,2025,332500167,1,9,0,-1,19,2,5,-1,0,0,2,0,7,4,1,1,-1,9,1,19,4,-1,-1,-1,-1,6,E01025929,0,2
2025332500168,2025,332500168,1,9,0,-1,9,6,4,-1,0,5,0,0,0,0,3,1,-1,9,1,44,7,-1,-1,-1,-1,6,E01013766,0,1
2025332500168,2025,332500168,2,1,0,-1,19,2,6,-1,0,8,0,0,0,0,1,1,-1,6,1,34,6,-1,-1,-1,-1,2,E01034018,0,1
2025332500169,2025,332500169,1,9,0,-1,19,3,7,-1,0,6,0,0,0,0,3,1,-1,6,1,47,8,-1,-1,-1,-1,2,E01013604,0,1
2025332500169,2025,332500169,2,9,0,-1,19,5,1,-1,0,8,0,0,0,0,1,1,-1,7,2,19,4,-1,-1,-1,-1,6,E01025627,0,2
2025332500170,2025,332500170,1,20,4,-1,19,4,8,-1,0,0,4,0,7,4,1,1,-1,1,1,41,7,-1,-1,-1,-1,7,E01019607,0,4
2025332500171,2025,332500171,1,9,0,-1,19,2,6,-1,0,0,0,0,0,0,4,1,-1,6,1,74,10,-1,-1,-1,-1,10,E01025638,0,1
2025332500172,2025,332500172,1,9,0,-1,9,7,5,-1,0,5,0,0,0,0,1,1,-1,6,1,33,6,-1,-1,-1,-1,3,E01013744,0,1
2025332500172,2025,332500172,2,1,0,-1,19,3,7,-1,0,8,0,0,0,0,3,1,-1,6,1,15,3,-1,-1,-1,-1,8,E01035092,0,1
2025332500173,2025,332500173,1,9,0,-1,7,1,3,-1,0,5,0,0,0,0,1,1,-1,9,1,32,6,-1,-1,-1,-1,1,E01009355,0,4
2025332500173,2025,332500173,2,9,0,-1,4,7,3,-1,0,8,0,0,0,0,4,1,-1,6,1,68,10,-1,-1,-1,-1,2,E01013694,0,1
2025332500174,2025,332500174,3,9,0,-1,19,3,7,-1,0,1,0,0,0,0,0,1,-1,9,2,46,8,-1,-1,-1,-1,8,E01025645,0,3
2025332500174,2025,332500174,2,9,0,-1,19,7,3,-1,0,2,0,0,0,0,0,1,-1,9,2,52,8,-1,-1,-1,-1,8,E01025777,0,2
2025332500174,2025,332500174,1,9,0,-1,13,7,3,-1,0,2,2,0,1,4,1,1,-1,9,1,21,5,-1,-1,-1,-1,8,E01025792,0,2
2025332500175,2025,332500175,2,98,0,-1,19,3,7,-1,0,8,0,0,7,4,1,1,-1,1,1,35,6,-1,-1,-1,-1,8,E01013799,0,2