collision_index,collision_year,collision_ref_no,vehicle_reference,vehicle_type,towing_and_articulation,vehicle_manoeuvre_historic,vehicle_manoeuvre,vehicle_direction_from,vehicle_direction_to,vehicle_location_restricted_lane_historic,vehicle_location_restricted_lane,junction_location,skidding_and_overturning,hit_object_in_carriageway,vehicle_leaving_carriageway,hit_object_off_carriageway,first_point_of_impact,vehicle_left_hand_drive,journey_purpose_of_driver_historic,journey_purpose_of_driver,sex_of_driver,age_of_driver,age_band_of_driver,engine_capacity_cc,propulsion_code,age_of_vehicle,generic_make_model,driver_imd_decile,lsoa_of_driver,escooter_flag,driver_distance_banding
2025332500175,2025,332500175,1,9,0,-1,5,5,1,-1,0,6,0,0,2,0,1,1,-1,1,1,24,5,-1,-1,-1,-1,3,E01034014,0,4
2025332500176,2025,332500176,2,9,0,-1,9,7,5,-1,0,3,0,0,0,0,1,1,-1,6,3,-1,-1,-1,-1,-1,-1,-1,-1,0,-1
2025332500176,2025,332500176,1,1,0,-1,19,7,3,-1,0,8,0,0,0,0,4,1,-1,9,2,41,7,-1,-1,-1,-1,7,E01025674,0,1
2025332500177,2025,332500177,1,21,0,-1,12,8,4,-1,0,0,0,0,0,0,3,1,-1,1,1,32,6,-1,-1,-1,-1,2,E01019877,0,4
2025332500177,2025,332500177,2,9,0,-1,19,8,4,-1,0,0,1,0,4,4,4,1,-1,9,2,77,11,-1,-1,-1,-1,5,E01008622,0,5
2025332500178,2025,332500178,2,1,0,-1,19,5,1,-1,0,6,0,0,0,0,1,1,-1,7,1,14,3,-1,-1,-1,-1,1,E01013603,0,1
2025332500178,2025,332500178,1,8,0,-1,19,5,1,-1,0,8,0,0,0,0,4,1,-1,1,1,32,6,-1,-1,-1,-1,2,E01013746,0,1
2025332500179,2025,332500179,1,-1,0,-1,19,7,3,-1,9,0,0,0,0,0,1,1,-1,6,1,16,4,-1,-1,-1,-1,3,E01013656,1,1
2025332500180,2025,332500180,2,9,0,-1,19,1,5,-1,0,8,0,0,0,0,1,1,-1,9,1,35,6,-1,-1,-1,-1,9,E01025758,0,1
2025332500180,2025,332500180,1,9,0,-1,9,5,3,-1,0,5,0,0,0,0,4,1,-1,1,1,37,7,-1,-1,-1,-1,6,E01025759,0,1
2025332500181,2025,332500181,1,1,0,-1,19,7,3,-1,0,8,1,0,0,0,1,1,-1,9,1,38,7,-1,-1,-1,-1,3,E01013625,0,1
2025332500181,2025,332500181,2,9,0,-1,19,1,5,-1,0,6,0,0,0,0,1,1,-1,6,3,-1,-1,-1,-1,-1,-1,-1,-1,0,-1
2025332500182,2025,332500182,2,9,0,-1,19,3,7,-1,0,0,0,0,0,0,4,1,-1,6,1,-1,-1,-1,-1,-1,-1,-1,-1,0,-1
2025332500182,2025,332500182,1,1,0,-1,19,3,7,-1,0,0,0,0,0,0,3,1,-1,6,1,54,8,-1,-1,-1,-1,8,E01033102,0,3
2025332500183,2025,332500183,2,9,0,-1,19,7,3,-1,0,8,0,0,8,0,1,1,-1,9,2,59,9,-1,-1,-1,-1,9,E01025809,0,1
2025332500183,2025,332500183,1,9,0,-1,19,1,5,-1,0,6,0,0,2,1,1,1,-1,2,1,24,5,-1,-1,-1,-1,4,E01013662,0,4
2025332500184,2025,332500184,1,9,0,-1,19,4,7,-1,0,0,2,0,7,1,1,1,-1,6,1,48,8,-1,-1,-1,-1,3,E01004189,0,5
2025332500185,2025,332500185,2,9,0,-1,9,6,4,-1,0,6,0,0,0,0,3,1,-1,9,1,87,11,-1,-1,-1,-1,10,E01013793,0,1
2025332500185,2025,332500185,1,2,0,-1,19,4,8,-1,0,8,0,0,0,0,1,1,-1,6,1,57,9,-1,-1,-1,-1,6,E01035103,0,1
2025332500186,2025,332500186,1,9,0,-1,19,5,1,-1,0,8,0,0,0,0,1,1,-1,9,2,85,11,-1,-1,-1,-1,8,E01025731,0,3
2025332500186,2025,332500186,2,9,0,-1,19,3,7,-1,0,8,0,0,0,0,1,1,-1,6,1,60,9,-1,-1,-1,-1,3,E01025715,0,1
2025332500187,2025,332500187,1,9,0,-1,5,6,2,-1,0,8,0,0,0,0,4,1,-1,9,1,73,10,-1,-1,-1,-1,9,E01013707,0,1
2025332500188,2025,332500188,1,9,0,-1,19,1,5,-1,0,0,5,0,0,0,1,1,-1,6,2,24,5,-1,-1,-1,-1,5,E01025716,0,2
2025332500188,2025,332500188,2,9,0,-1,2,0,0,-1,0,0,0,0,0,0,3,1,-1,6,3,-1,-1,-1,-1,-1,-1,-1,-1,0,-1
2025332500189,2025,332500189,1,19,0,-1,6,9,9,-1,0,8,0,0,0,0,1,1,-1,6,3,-1,-1,-1,-1,-1,-1,-1,-1,0,-1
2025332500190,2025,332500190,1,9,0,-1,19,3,7,-1,0,6,0,0,0,0,1,1,-1,6,1,70,10,-1,-1,-1,-1,9,E01025975,0,1
2025332500190,2025,332500190,2,1,0,-1,19,5,1,-1,0,8,0,0,0,0,3,1,-1,6,1,80,11,-1,-1,-1,-1,7,E01013709,0,1
2025332500191,2025,332500191,1,5,0,-1,19,1,5,-1,0,3,1,0,0,0,2,1,-1,6,1,29,6,-1,-1,-1,-1,8,E01035096,0,2
2025332500191,2025,332500191,2,9,0,-1,19,2,7,-1,0,4,0,0,0,0,1,1,-1,9,1,21,5,-1,-1,-1,-1,4,E01025823,0,1
2025332500192,2025,332500192,1,5,0,-1,19,7,3,-1,0,0,1,0,0,0,1,1,-1,9,1,49,8,-1,-1,-1,-1,10,E01025707,0,2
2025332500192,2025,332500192,3,90,0,-1,19,3,7,-1,0,0,0,0,0,0,0,1,-1,8,1,64,9,-1,-1,-1,-1,8,E01025721,0,3
2025332500192,2025,332500192,2,19,0,-1,4,7,3,-1,0,0,0,0,0,0,2,1,-1,9,1,54,8,-1,-1,-1,-1,7,E01025939,0,1
2025332500194,2025,332500194,2,8,0,-1,19,5,1,-1,0,8,0,0,0,0,1,1,-1,1,1,37,7,-1,-1,-1,-1,7,E01032863,0,2
2025332500194,2025,332500194,1,9,0,-1,9,1,7,-1,0,5,0,0,0,0,1,1,-1,9,1,31,6,-1,-1,-1,-1,9,E01013650,0,1
2025332500195,2025,332500195,1,9,0,-1,19,7,3,-1,0,4,5,0,0,0,1,1,-1,6,1,65,9,-1,-1,-1,-1,2,E01013687,0,1
2025332500195,2025,332500195,2,9,0,-1,7,2,3,-1,0,4,0,0,0,0,1,1,-1,6,1,57,9,-1,-1,-1,-1,4,E01025666,0,1
2025332500197,2025,332500197,2,1,0,-1,19,1,5,-1,0,8,0,0,0,0,1,1,-1,6,1,25,5,-1,-1,-1,-1,5,E01025653,0,1
2025332500197,2025,332500197,1,9,0,-1,10,1,7,-1,0,8,0,0,0,0,4,1,-1,9,1,36,7,-1,-1,-1,-1,9,E01025975,0,2
2025332500198,2025,332500198,3,9,0,-1,19,8,4,-1,0,1,0,0,0,0,3,1,-1,9,1,65,9,-1,-1,-1,-1,10,E01025787,0,1
2025332500198,2025,332500198,1,9,0,-1,19,8,4,-1,0,1,0,9,3,0,1,1,-1,6,2,92,11,-1,-1,-1,-1,10,E01025970,0,1
2025332500198,2025,332500198,2,9,0,-1,19,8,4,-1,0,4,0,0,0,0,2,1,-1,9,1,35,6,-1,-1,-1,-1,7,E01013685,0,3
2025332500199,2025,332500199,2,9,0,-1,19,5,1,-1,0,8,0,0,0,0,1,1,-1,6,2,35,6,-1,-1,-1,-1,7,E01025960,0,3
2025332500199,2025,332500199,1,9,0,-1,9,1,8,-1,0,6,0,0,0,0,1,1,-1,6,1,34,6,-1,-1,-1,-1,2,E01019644,0,4
2025332500200,2025,332500200,2,9,0,-1,9,3,1,-1,0,6,0,0,0,0,1,1,-1,9,1,21,5,-1,-1,-1,-1,8,E01025786,0,2
2025332500200,2025,332500200,3,19,0,-1,19,5,1,-1,0,1,0,0,0,0,1,1,-1,9,1,50,8,-1,-1,-1,-1,9,E01035088,0,1
2025332500200,2025,332500200,1,9,0,-1,19,1,5,-1,0,8,0,0,0,0,4,1,-1,2,2,33,6,-1,-1,-1,-1,9,E01035089,0,1
2025332500201,2025,332500201,1,9,0,-1,19,1,5,-1,0,8,0,0,0,0,1,1,-1,2,1,54,8,-1,-1,-1,-1,2,E01013604,0,1
2025332500201,2025,332500201,2,8,0,-1,9,5,3,-1,0,6,0,0,0,0,1,1,-1,1,1,44,7,-1,-1,-1,-1,-1,-1,0,-1
2025332500202,2025,332500202,1,9,0,-1,19,1,5,-1,0,8,0,0,0,0,1,1,-1,9,2,36,7,-1,-1,-1,-1,1,E01013691,0,1
2025332500202,2025,332500202,2,9,0,-1,9,5,3,-1,0,5,0,7,0,0,4,1,-1,9,1,35,6,-1,-1,-1,-1,8,E01025658,0,1
2025332500203,2025,332500203,1,5,0,-1,19,3,7,-1,0,0,0,6,1,0,1,1,-1,6,1,63,9,-1,-1,-1,-1,7,E01026193,0,4
2025332500204,2025,332500204,1,9,0,-1,3,2,6,-1,0,1,0,0,0,0,2,1,-1,9,2,30,6,-1,-1,-1,-1,7,E01025960,0,1
2025332500204,2025,332500204,2,9,0,-1,19,2,6,-1,0,1,0,0,0,0,1,1,-1,6,3,-1,-1,-1,-1,-1,-1,-1,-1,0,-1
2025332500205,2025,332500205,1,9,0,-1,9,1,7,-1,0,6,0,0,0,0,1,1,-1,9,1,60,9,-1,-1,-1,-1,9,E01025816,0,1
2025332500205,2025,332500205,2,1,0,-1,19,7,3,-1,0,8,0,0,0,0,4,1,-1,6,2,46,8,-1,-1,-1,-1,9,E01025816,0,1
2025332500206,2025,332500206,2,9,0,-1,19,5,1,-1,0,0,0,0,0,0,1,1,-1,6,1,-1,-1,-1,-1,-1,-1,-1,-1,0,-1
2025332500206,2025,332500206,1,9,0,-1,2,0,0,-1,0,0,0,0,0,0,1,1,-1,6,2,21,5,-1,-1,-1,-1,7,E01025969,0,1
2025332500207,2025,332500207,2,8,0,-1,9,8,6,-1,4,5,0,0,0,0,4,1,-1,1,1,-1,-1,-1,-1,-1,-1,-1,-1,0,-1
2025332500207,2025,332500207,1,1,0,-1,19,4,8,-1,4,8,0,0,0,0,1,1,-1,2,1,16,4,-1,-1,-1,-1,6,E01013710,0,1
2025332500208,2025,332500208,1,9,0,-1,19,4,8,-1,0,1,0,0,0,0,4,1,-1,6,1,24,5,-1,-1,-1,-1,9,E01025972,0,1
2025332500209,2025,332500209,1,9,0,-1,19,3,7,-1,0,0,0,0,0,0,1,1,-1,6,1,54,8,-1,-1,-1,-1,3,E01013660,0,1
2025332500209,2025,332500209,2,1,0,-1,5,3,7,-1,0,0,0,0,0,0,2,1,-1,6,1,25,5,-1,-1,-1,-1,3,E01013762,0,1
2025332500210,2025,332500210,1,9,0,-1,19,7,3,-1,0,3,0,0,0,0,1,1,-1,9,2,69,10,-1,-1,-1,-1,4,E01013696,0,1
2025332500210,2025,332500210,2,1,0,-1,19,1,5,-1,0,8,0,0,0,0,1,1,-1,6,1,11,3,-1,-1,-1,-1,2,E01013624,0,1
2025332500211,2025,332500211,1,9,0,-1,19,5,1,-1,0,1,0,10,1,10,4,1,-1,6,1,24,5,-1,-1,-1,-1,1,E01013692,0,1
2025332500212,2025,332500212,1,9,0,-1,7,3,5,-1,0,6,0,0,0,0,1,1,-1,6,1,-1,-1,-1,-1,-1,-1,-1,-1,0,-1
2025332500213,2025,332500213,1,9,0,-1,19,5,1,-1,0,2,0,0,0,0,1,1,-1,6,2,18,4,-1,-1,-1,-1,10,E01025859,0,1
2025332500214,2025,332500214,2,-1,0,-1,19,7,3,-1,0,8,0,0,0,0,1,1,-1,6,2,20,4,-1,-1,-1,-1,1,E01013728,1,1
2025332500214,2025,332500214,1,9,0,-1,19,1,5,-1,0,8,0,0,0,0,1,1,-1,2,2,34,6,-1,-1,-1,-1,3,E01013731,0,1
2025332500215,2025,332500215,2,1,0,-1,19,7,3,-1,0,6,0,0,0,0,1,1,-1,6,1,27,6,-1,-1,-1,-1,5,E01013784,0,1
2025332500215,2025,332500215,1,9,0,-1,9,7,5,-1,0,5,0,0,0,0,1,1,-1,2,2,22,5,-1,-1,-1,-1,3,E01013613,0,1
2025332500216,2025,332500216,1,1,0,-1,14,6,2,-1,0,0,0,0,0,0,1,1,-1,6,1,58,9,-1,-1,-1,-1,9,E01025862,0,1
2025332500217,2025,332500217,1,9,0,-1,5,1,5,-1,0,1,0,0,0,0,4,1,-1,9,2,49,8,-1,-1,-1,-1,9,E01025619,0,1
2025332500217,2025,332500217,2,9,0,-1,10,1,7,-1,0,1,0,0,0,0,0,1,-1,9,1,47,8,-1,-1,-1,-1,2,E01013687,0,1
2025332500219,2025,332500219,1,9,0,-1,19,6,2,-1,0,0,1,0,7,4,1,1,-1,2,1,40,7,-1,-1,-1,-1,7,E01010162,0,4
2025332500220,2025,332500220,3,3,0,-1,19,2,6,-1,0,0,0,0,0,0,0,1,-1,9,2,32,6,-1,-1,-1,-1,4,E01032537,0,3
2025332500220,2025,332500220,1,9,0,-1,13,2,6,-1,0,0,0,0,0,0,4,1,-1,6,1,48,8,-1,-1,-1,-1,2,E01013611,0,2
2025332500220,2025,332500220,2,3,0,-1,4,2,6,-1,0,0,0,0,0,0,3,1,-1,9,2,30,6,-1,-1,-1,-1,4,E01032537,0,3
2025332500221,2025,332500221,1,9,0,-1,19,4,8,-1,0,2,0,0,0,0,1,1,-1,6,1,44,7,-1,-1,-1,-1,6,E01025629,0,1
2025332500221,2025,332500221,2,1,0,-1,19,2,6,-1,0,6,0,0,0,0,1,1,-1,6,1,11,3,-1,-1,-1,-1,2,E01032602,0,1
2025332500222,2025,332500222,1,9,0,-1,7,4,6,-1,0,5,0,0,1,2,1,1,-1,9,1,41,7,-1,-1,-1,-1,10,E01025896,0,1
2025332500223,2025,332500223,1,9,0,-1,13,5,1,-1,0,8,2,0,7,10,1,1,-1,6,1,31,6,-1,-1,-1,-1,10,E01017935,0,5
2025332500223,2025,332500223,2,9,0,-1,9,5,3,-1,0,5,0,0,0,0,1,1,-1,6,2,22,5,-1,-1,-1,-1,6,E01025627,0,2
2025332500224,2025,332500224,2,1,0,-1,19,5,1,-1,0,8,0,0,0,0,1,1,-1,1,1,27,6,-1,-1,-1,-1,3,E01013763,0,1
2025332500224,2025,332500224,1,9,0,-1,9,5,3,-1,0,5,0,0,0,0,1,1,-1,6,3,-1,-1,-1,-1,-1,-1,-1,-1,0,-1
2025332500225,2025,332500225,3,9,0,-1,19,1,6,-1,0,1,0,0,0,0,1,1,-1,1,1,44,7,-1,-1,-1,-1,9,E01026342,0,4
2025332500225,2025,332500225,2,21,0,-1,19,6,1,-1,0,1,0,0,0,0,3,1,-1,1,1,64,9,-1,-1,-1,-1,3,E01026621,0,5
2025332500225,2025,332500225,1,9,0,-1,19,1,6,-1,0,8,1,0,0,0,1,1,-1,2,2,28,6,-1,-1,-1,-1,5,E01013699,0,4
2025332500226,2025,332500226,1,9,0,-1,19,3,7,-1,0,4,0,0,0,0,1,1,-1,9,1,72,10,-1,-1,-1,-1,9,E01025860,0,2
2025332500226,2025,332500226,2,1,0,-1,19,1,5,-1,0,3,1,0,7,10,4,1,-1,9,1,63,9,-1,-1,-1,-1,10,E01025661,0,1
2025332500227,2025,332500227,2,9,0,-1,19,1,5,-1,0,1,0,0,0,0,1,1,-1,6,1,-1,-1,-1,-1,-1,-1,-1,-1,0,-1
2025332500227,2025,332500227,1,9,0,-1,3,1,5,-1,0,1,0,0,0,0,2,1,-1,2,1,40,7,-1,-1,-1,-1,9,E01025998,0,1
2025332500228,2025,332500228,1,9,0,-1,19,1,5,-1,0,2,0,0,0,0,1,1,-1,9,1,38,7,-1,-1,-1,-1,1,E01013677,0,1
2025332500228,2025,332500228,2,9,0,-1,14,5,1,-1,0,1,0,0,0,0,1,1,-1,9,2,36,7,-1,-1,-1,-1,1,E01013674,0,1
2025332500229,2025,332500229,1,9,0,-1,19,4,8,-1,0,0,0,0,0,0,1,1,-1,6,3,-1,-1,-1,-1,-1,-1,-1,-1,0,-1
2025332500230,2025,332500230,1,9,0,-1,19,8,4,-1,0,0,2,0,5,4,1,1,-1,6,1,21,5,-1,-1,-1,-1,4,E01015692,0,4
2025332500231,2025,332500231,1,9,0,-1,9,6,4,-1,0,6,0,0,0,0,1,1,-1,9,1,43,7,-1,-1,-1,-1,9,E01025816,0,2
2025332500231,2025,332500231,2,4,0,-1,14,4,8,-1,0,8,0,0,0,0,4,1,-1,6,1,27,6,-1,-1,-1,-1,3,E01025852,0,1
2025332500232,2025,332500232,2,19,0,-1,3,7,3,-1,0,1,0,0,0,0,2,1,-1,6,3,-1,-1,-1,-1,-1,-1,-1,-1,0,-1
2025332500232,2025,332500232,1,8,0,-1,19,7,3,-1,0,1,0,0,0,0,4,1,-1,1,2,-1,-1,-1,-1,-1,-1,-1,-1,0,-1
2025332500233,2025,332500233,1,9,0,-1,1,9,9,-1,9,0,0,0,0,0,2,1,-1,6,3,-1,-1,-1,-1,-1,-1,-1,-1,0,-1
2025332500234,2025,332500234,1,9,0,-1,9,5,3,-1,0,6,0,0,0,0,1,1,-1,6,3,-1,-1,-1,-1,-1,-1,-1,-1,0,-1
2025332500235,2025,332500235,2,9,0,-1,19,3,7,-1,0,1,0,0,0,0,1,1,-1,6,3,-1,-1,-1,-1,-1,-1,-1,-1,0,-1
2025332500235,2025,332500235,1,9,0,-1,3,3,7,-1,0,1,0,0,0,0,2,1,-1,9,2,34,6,-1,-1,-1,-1,6,E01025884,0,1
2025332500236,2025,332500236,2,9,0,-1,19,4,8,-1,0,0,0,0,0,0,1,1,-1,6,1,49,8,-1,-1,-1,-1,9,E01026000,0,1
2025332500236,2025,332500236,1,9,0,-1,19,8,4,-1,0,0,1,0,7,9,1,1,-1,9,1,46,8,-1,-1,-1,-1,1,E01013674,0,2
2025332500237,2025,332500237,1,4,0,-1,13,6,2,-1,0,8,0,0,7,0,1,1,-1,9,2,20,4,-1,-1,-1,-1,7,E01019885,0,2
2025332500237,2025,332500237,2,9,0,-1,9,6,4,-1,0,5,0,0,0,0,3,1,-1,6,1,35,6,-1,-1,-1,-1,8,E01025959,0,1
2025332500238,2025,332500238,1,9,0,-1,5,5,1,-1,9,6,0,0,0,0,3,1,-1,9,1,25,5,-1,-1,-1,-1,-1,-1,0,-1
2025332500238,2025,332500238,2,1,0,-1,19,3,7,-1,9,8,0,0,0,0,1,1,-1,7,2,7,2,-1,-1,-1,-1,-1,-1,0,-1
2025332500239,2025,332500239,2,9,0,-1,19,5,3,-1,0,0,1,0,0,0,1,1,-1,9,2,26,6,-1,-1,-1,-1,6,E01025788,0,1
2025332500239,2025,332500239,1,9,0,-1,19,3,5,-1,0,0,1,0,1,4,1,1,-1,2,1,63,9,-1,-1,-1,-1,6,E01013738,0,3
2025332500240,2025,332500240,1,9,0,-1,19,8,4,-1,0,0,0,10,2,2,1,1,-1,6,1,32,6,-1,-1,-1,-1,1,E01025699,0,3
2025332500241,2025,332500241,4,8,0,-1,19,8,4,-1,0,8,0,0,0,0,1,1,-1,9,1,53,8,-1,-1,-1,-1,6,E01026005,0,1
2025332500241,2025,332500241,1,9,0,-1,9,8,5,-1,0,8,5,7,0,0,1,1,-1,6,1,20,4,-1,-1,-1,-1,9,E01025979,0,1
2025332500241,2025,332500241,3,9,0,-1,9,8,5,-1,0,8,0,0,0,0,2,1,-1,6,1,28,6,-1,-1,-1,-1,10,E01025982,0,1
2025332500241,2025,332500241,2,9,0,-1,19,8,5,-1,0,8,0,0,0,0,2,1,-1,6,1,31,6,-1,-1,-1,-1,10,E01025982,0,1
2025332500242,2025,332500242,1,9,0,-1,9,5,3,-1,0,6,0,0,0,0,3,1,-1,6,1,70,10,-1,-1,-1,-1,9,E01025862,0,1
2025332500242,2025,332500242,2,3,0,-1,19,3,7,-1,0,8,0,0,0,0,1,1,-1,2,1,29,6,-1,-1,-1,-1,8,E01025857,0,1
2025332500243,2025,332500243,1,9,0,-1,19,5,1,-1,0,5,0,0,0,0,1,1,-1,6,1,-1,-1,-1,-1,-1,-1,-1,-1,0,-1
2025332500244,2025,332500244,2,9,0,-1,19,8,4,-1,0,8,0,0,0,0,1,1,-1,6,1,25,5,-1,-1,-1,-1,8,E01025804,0,4
2025332500244,2025,332500244,1,98,0,-1,5,5,2,-1,0,6,0,0,7,9,4,1,-1,1,1,59,9,-1,-1,-1,-1,8,E01029664,0,4
2025332500245,2025,332500245,1,1,0,-1,19,4,8,-1,0,0,0,0,0,0,1,1,-1,6,1,-1,-1,-1,-1,-1,-1,-1,-1,0,-1
2025332500246,2025,332500246,1,9,0,-1,9,8,6,-1,0,6,0,0,0,0,0,1,-1,9,1,36,7,-1,-1,-1,-1,3,E01009568,0,4
2025332500246,2025,332500246,4,9,0,-1,10,2,8,-1,0,8,0,0,0,0,1,1,-1,1,1,74,10,-1,-1,-1,-1,5,E01035095,0,2
2025332500246,2025,332500246,3,9,0,-1,19,6,2,-1,0,8,0,0,0,0,1,1,-1,9,1,29,6,-1,-1,-1,-1,6,E01025874,0,1
2025332500246,2025,332500246,2,9,0,-1,9,8,6,-1,0,6,0,0,0,0,1,1,-1,2,2,35,6,-1,-1,-1,-1,1,E01013535,0,4
2025332500247,2025,332500247,1,9,0,-1,19,8,4,-1,0,0,1,0,1,9,1,1,-1,2,1,40,7,-1,-1,-1,-1,8,E01025731,0,1
2025332500247,2025,332500247,2,9,0,-1,19,4,8,-1,0,0,0,0,7,9,1,1,-1,2,2,26,6,-1,-1,-1,-1,6,E01013771,0,1
2025332500249,2025,332500249,1,9,0,-1,19,1,5,-1,0,2,0,0,0,0,1,1,-1,6,1,73,10,-1,-1,-1,-1,10,E01025741,0,2
2025332500250,2025,332500250,1,9,0,-1,2,0,0,-1,0,1,0,0,0,0,1,1,-1,6,3,-1,-1,-1,-1,-1,-1,-1,-1,0,-1
2025332500250,2025,332500250,2,19,0,-1,19,4,8,-1,0,1,0,0,7,0,4,1,-1,9,1,24,5,-1,-1,-1,-1,1,E01013679,0,1
2025332500251,2025,332500251,1,9,0,-1,9,7,5,-1,0,6,5,0,1,0,4,1,-1,7,1,34,6,-1,-1,-1,-1,9,E01025975,0,1
2025332500251,2025,332500251,2,9,0,-1,19,1,5,-1,0,8,0,0,1,1,1,1,-1,7,2,46,8,-1,-1,-1,-1,7,E01013669,0,1
2025332500252,2025,332500252,2,9,0,-1,19,1,5,-1,0,1,0,0,0,0,1,1,-1,6,1,-1,-1,-1,-1,-1,-1,-1,-1,0,-1
2025332500252,2025,332500252,1,9,0,-1,8,1,5,-1,0,1,0,0,0,0,2,1,-1,2,1,36,7,-1,-1,-1,-1,7,E01013672,0,1
2025332500253,2025,332500253,1,9,0,-1,9,5,3,-1,0,5,0,0,0,0,1,1,-1,9,2,33,6,-1,-1,-1,-1,9,E01025893,0,1
2025332500255,2025,332500255,1,98,0,-1,19,1,5,-1,0,0,0,0,0,0,1,1,-1,1,1,37,7,-1,-1,-1,-1,7,E01027993,0,4
2025332500255,2025,332500255,2,9,0,-1,3,1,5,-1,0,0,0,0,5,6,4,1,-1,9,1,31,6,-1,-1,-1,-1,8,E01025612,0,3
2025332500256,2025,332500256,1,9,0,-1,5,4,8,-1,0,0,0,0,0,0,3,1,-1,9,1,21,5,-1,-1,-1,-1,3,E01013742,0,1
2025332500256,2025,332500256,2,9,0,-1,13,4,8,-1,0,0,0,0,0,0,1,1,-1,6,3,-1,-1,-1,-1,-1,-1,-1,-1,0,-1
2025332500257,2025,332500257,1,9,0,-1,9,1,7,-1,0,5,0,0,0,0,4,1,-1,6,2,35,6,-1,-1,-1,-1,6,E01025919,0,1
2025332500257,2025,332500257,2,9,0,-1,19,5,1,-1,0,8,0,0,0,0,1,1,-1,6,2,34,6,-1,-1,-1,-1,8,E01025728,0,4
2025332500258,2025,332500258,1,5,0,-1,5,7,3,-1,0,4,0,0,7,4,1,1,-1,2,1,43,7,-1,-1,-1,-1,9,E01025947,0,1
2025332500259,2025,332500259,1,9,0,-1,4,3,7,-1,0,0,0,0,0,0,2,1,-1,2,2,60,9,-1,-1,-1,-1,5,E01026970,0,4
2025332500259,2025,332500259,2,9,0,-1,19,3,7,-1,0,0,0,0,0,0,1,1,-1,6,1,-1,-1,-1,-1,-1,-1,10,E01025896,0,1
2025332500260,2025,332500260,1,1,0,-1,19,3,7,-1,0,8,0,0,0,0,3,1,-1,2,2,48,8,-1,-1,-1,-1,8,E01025684,0,1
2025332500260,2025,332500260,2,9,0,-1,19,3,7,-1,0,8,0,0,0,0,4,1,-1,6,3,-1,-1,-1,-1,-1,-1,-1,-1,0,-1
2025332500261,2025,332500261,1,1,0,-1,19,2,6,-1,0,8,0,0,0,0,4,1,-1,9,1,49,8,-1,-1,-1,-1,7,E01025677,0,1
2025332500261,2025,332500261,2,9,0,-1,5,4,8,-1,0,6,0,0,0,0,3,1,-1,2,1,55,8,-1,-1,-1,-1,10,E01025676,0,1
2025332500262,2025,332500262,6,9,0,-1,4,5,1,-1,0,0,0,0,0,0,2,1,-1,6,1,49,8,-1,-1,-1,-1,9,E01033506,0,4
2025332500262,2025,332500262,4,9,0,-1,4,5,1,-1,0,0,0,0,0,0,2,1,-1,6,2,51,8,-1,-1,-1,-1,7,E01025743,0,1
2025332500262,2025,332500262,2,9,0,-1,19,5,1,-1,0,0,0,0,0,0,1,1,-1,6,1,29,6,-1,-1,-1,-1,8,E01025643,0,4
2025332500262,2025,332500262,5,9,0,-1,4,5,1,-1,0,0,0,0,0,0,2,1,-1,6,1,48,8,-1,-1,-1,-1,8,E01028463,0,4
2025332500262,2025,332500262,1,9,0,-1,4,5,1,-1,0,0,0,0,0,0,2,1,-1,6,2,27,6,-1,-1,-1,-1,10,E01016214,0,5
2025332500262,2025,332500262,3,9,0,-1,4,5,1,-1,0,0,0,0,0,0,1,1,-1,6,2,46,8,-1,-1,-1,-1,3,E01013763,0,3
2025332500262,2025,332500262,7,9,0,-1,4,5,1,-1,0,0,0,0,0,0,1,1,-1,6,1,24,5,-1,-1,-1,-1,1,E01013691,0,4
2025332500263,2025,332500263,1,9,0,-1,19,3,7,-1,0,0,0,0,0,0,4,1,-1,7,1,32,6,-1,-1,-1,-1,5,E01013770,0,1
2025332500264,2025,332500264,2,1,0,-1,19,2,6,-1,9,8,0,0,0,0,1,1,-1,6,1,55,8,-1,-1,-1,-1,9,E01025948,0,1
2025332500264,2025,332500264,1,9,0,-1,5,8,4,-1,9,6,0,0,0,0,1,1,-1,2,2,22,5,-1,-1,-1,-1,4,E01019851,0,2
2025332500265,2025,332500265,2,9,0,-1,19,1,5,-1,0,6,0,0,0,0,1,1,-1,6,1,27,6,-1,-1,-1,-1,1,E01013755,0,4
2025332500265,2025,332500265,1,9,0,-1,19,3,7,-1,0,8,0,0,0,0,2,1,-1,6,1,58,9,-1,-1,-1,-1,6,E01031048,0,2
2025332500266,2025,332500266,3,9,0,-1,19,5,1,-1,0,1,0,0,0,0,1,1,-1,6,1,43,7,-1,-1,-1,-1,3,E01013625,0,1
2025332500266,2025,332500266,2,9,0,-1,14,1,5,-1,0,8,0,0,0,0,1,1,-1,6,1,43,7,-1,-1,-1,-1,8,E01025684,0,1
2025332500266,2025,332500266,1,9,0,-1,7,3,5,-1,0,6,0,0,0,0,1,1,-1,6,1,43,7,-1,-1,-1,-1,10,E01035510,0,4
2025332500267,2025,332500267,1,1,0,-1,19,1,5,-1,9,8,0,0,0,0,3,1,-1,2,1,62,9,-1,-1,-1,-1,10,E01025678,0,1
2025332500267,2025,332500267,2,9,0,-1,5,7,3,-1,9,6,0,0,0,0,1,1,-1,6,1,-1,-1,-1,-1,-1,-1,10,E01025678,0,1
2025332500268,2025,332500268,1,9,0,-1,19,1,5,-1,0,0,2,10,2,4,4,1,-1,9,1,79,11,-1,-1,-1,-1,8,E01025808,0,3
2025332500269,2025,332500269,3,9,0,-1,3,1,5,-1,0,0,0,0,0,0,2,1,-1,6,2,72,10,-1,-1,-1,-1,10,E01025794,0,4