collision_index,collision_year,collision_ref_no,vehicle_reference,vehicle_type,towing_and_articulation,vehicle_manoeuvre_historic,vehicle_manoeuvre,vehicle_direction_from,vehicle_direction_to,vehicle_location_restricted_lane_historic,vehicle_location_restricted_lane,junction_location,skidding_and_overturning,hit_object_in_carriageway,vehicle_leaving_carriageway,hit_object_off_carriageway,first_point_of_impact,vehicle_left_hand_drive,journey_purpose_of_driver_historic,journey_purpose_of_driver,sex_of_driver,age_of_driver,age_band_of_driver,engine_capacity_cc,propulsion_code,age_of_vehicle,generic_make_model,driver_imd_decile,lsoa_of_driver,escooter_flag,driver_distance_banding
2025332500269,2025,332500269,4,9,0,-1,3,1,5,-1,0,0,0,0,0,0,2,1,-1,9,2,36,7,-1,-1,-1,-1,10,E01025814,0,2
2025332500269,2025,332500269,6,9,0,-1,3,1,5,-1,0,0,0,0,0,0,3,1,-1,6,2,28,6,-1,-1,-1,-1,3,E01025806,0,4
2025332500269,2025,332500269,5,9,0,-1,3,1,5,-1,0,0,0,0,0,0,3,1,-1,6,1,36,7,-1,-1,-1,-1,1,E01013620,0,1
2025332500269,2025,332500269,1,9,0,-1,19,1,5,-1,0,0,0,0,0,0,1,1,-1,6,1,19,4,-1,-1,-1,-1,9,E01031183,0,4
2025332500269,2025,332500269,2,9,0,-1,3,1,5,-1,0,0,0,0,0,0,2,1,-1,6,2,58,9,-1,-1,-1,-1,9,E01013703,0,1
2025332500270,2025,332500270,1,9,0,-1,7,3,5,-1,0,2,0,0,0,0,1,1,-1,6,1,31,6,-1,-1,-1,-1,9,E01035084,0,1
2025332500271,2025,332500271,1,9,0,-1,19,5,1,-1,0,0,0,0,8,11,1,1,-1,9,1,20,4,-1,-1,-1,-1,7,E01025977,0,1
2025332500272,2025,332500272,1,9,0,-1,7,2,4,-1,0,5,0,0,7,1,1,1,-1,6,1,44,7,-1,-1,-1,-1,4,E01013967,0,4
2025332500273,2025,332500273,1,9,0,-1,9,2,8,-1,0,5,0,0,0,0,1,1,-1,9,1,48,8,-1,-1,-1,-1,10,E01034005,0,1
2025332500273,2025,332500273,2,1,0,-1,19,6,2,-1,0,8,0,0,0,0,1,1,-1,6,1,23,5,-1,-1,-1,-1,10,E01031824,0,5
2025332500274,2025,332500274,1,9,0,-1,1,3,7,-1,0,2,0,0,7,0,2,1,-1,1,1,38,7,-1,-1,-1,-1,1,E01013677,0,4
2025332500275,2025,332500275,2,98,0,-1,7,2,4,-1,0,6,0,0,0,0,1,1,-1,6,3,-1,-1,-1,-1,-1,-1,-1,-1,0,-1
2025332500275,2025,332500275,1,1,0,-1,19,4,8,-1,0,8,0,0,0,0,3,1,-1,2,2,22,5,-1,-1,-1,-1,8,E01032865,0,1
2025332500276,2025,332500276,1,9,0,-1,19,7,3,-1,0,0,0,0,7,0,1,1,-1,6,2,-1,-1,-1,-1,-1,-1,-1,-1,0,-1
2025332500277,2025,332500277,1,1,0,-1,10,4,2,-1,0,1,0,0,0,0,1,1,-1,7,1,17,4,-1,-1,-1,-1,-1,-1,0,-1
2025332500277,2025,332500277,2,19,0,-1,9,6,4,-1,0,5,0,0,0,0,1,1,-1,6,1,-1,-1,-1,-1,-1,-1,-1,-1,0,-1
2025332500278,2025,332500278,1,3,0,-1,19,5,1,-1,0,8,0,0,0,0,1,1,-1,6,1,-1,-1,-1,-1,-1,-1,-1,-1,0,-1
2025332500278,2025,332500278,2,9,0,-1,9,7,5,-1,0,6,0,0,0,0,3,1,-1,6,3,-1,-1,-1,-1,-1,-1,-1,-1,0,-1
2025332500279,2025,332500279,1,9,0,-1,19,1,5,-1,0,6,0,0,0,0,3,1,-1,6,2,59,9,-1,-1,-1,-1,7,E01025735,0,1
2025332500279,2025,332500279,2,5,0,-1,11,1,5,-1,0,8,0,0,0,0,2,1,-1,9,1,57,9,-1,-1,-1,-1,10,E01025769,0,1
2025332500280,2025,332500280,1,-1,0,-1,19,5,1,-1,0,0,0,7,0,0,1,1,-1,6,1,27,6,-1,-1,-1,-1,3,E01034020,1,1
2025332500281,2025,332500281,1,9,0,-1,19,7,3,-1,0,6,0,7,7,10,1,1,-1,2,1,51,8,-1,-1,-1,-1,8,E01025959,0,1
2025332500281,2025,332500281,2,9,0,-1,19,1,5,-1,0,8,0,0,0,0,1,1,-1,9,2,61,9,-1,-1,-1,-1,6,E01025929,0,1
2025332500282,2025,332500282,1,19,0,-1,19,1,5,-1,0,0,0,0,0,0,3,1,-1,6,3,-1,-1,-1,-1,-1,-1,-1,-1,0,-1
2025332500283,2025,332500283,1,19,0,-1,19,7,3,-1,0,8,5,7,0,0,1,1,-1,6,1,29,6,-1,-1,-1,-1,4,E01025766,0,1
2025332500284,2025,332500284,2,1,0,-1,13,8,3,-1,0,4,0,0,0,0,1,1,-1,2,1,20,4,-1,-1,-1,-1,8,E01025687,0,1
2025332500284,2025,332500284,1,9,0,-1,6,8,8,-1,0,8,0,0,0,0,3,1,-1,9,2,69,10,-1,-1,-1,-1,10,E01019855,0,4
2025332500285,2025,332500285,2,9,0,-1,19,1,5,-1,0,0,0,0,0,0,1,1,-1,9,1,40,7,-1,-1,-1,-1,8,E01031161,0,2
2025332500285,2025,332500285,1,9,0,-1,13,5,1,-1,0,0,0,0,0,0,1,1,-1,6,3,-1,-1,-1,-1,-1,-1,-1,-1,0,-1
2025332500285,2025,332500285,4,9,0,-1,19,5,1,-1,0,0,0,0,0,0,0,1,-1,8,1,32,6,-1,-1,-1,-1,-1,-1,0,-1
2025332500285,2025,332500285,3,9,0,-1,19,5,1,-1,0,0,0,0,0,0,1,1,-1,9,2,19,4,-1,-1,-1,-1,9,E01031138,0,2
2025332500285,2025,332500285,5,9,0,-1,19,5,1,-1,0,0,0,0,0,0,0,1,-1,8,1,34,6,-1,-1,-1,-1,-1,-1,0,-1
2025332500286,2025,332500286,2,-1,0,-1,19,4,8,-1,4,8,0,0,0,0,1,1,-1,6,1,-1,-1,-1,-1,-1,-1,-1,-1,1,-1
2025332500286,2025,332500286,1,1,0,-1,19,8,4,-1,4,8,0,0,0,0,1,1,-1,9,1,54,8,-1,-1,-1,-1,2,E01032873,0,1
2025332500287,2025,332500287,2,9,0,-1,9,5,3,-1,0,6,0,0,0,0,3,1,-1,2,1,44,7,-1,-1,-1,-1,4,E01019824,0,4
2025332500287,2025,332500287,1,9,0,-1,19,3,1,-1,0,8,0,0,0,0,1,1,-1,7,2,48,8,-1,-1,-1,-1,1,E01013653,0,1
2025332500288,2025,332500288,2,9,0,-1,5,7,3,-1,0,5,0,0,0,0,4,1,-1,6,1,-1,-1,-1,-1,-1,-1,-1,-1,0,-1
2025332500288,2025,332500288,1,1,0,-1,19,1,5,-1,0,8,0,0,0,0,1,1,-1,6,1,15,3,-1,-1,-1,-1,10,E01025885,0,1
2025332500289,2025,332500289,3,1,0,-1,19,6,2,-1,0,0,0,0,0,0,1,1,-1,6,1,15,3,-1,-1,-1,-1,5,E01013616,0,1
2025332500289,2025,332500289,1,8,0,-1,14,6,2,-1,0,0,0,0,0,0,1,1,-1,9,1,48,8,-1,-1,-1,-1,1,E01013621,0,1
2025332500289,2025,332500289,2,21,0,-1,2,0,0,-1,0,0,0,0,0,0,0,1,-1,6,1,51,8,-1,-1,-1,-1,1,E01035017,0,4
2025332500290,2025,332500290,1,9,0,-1,19,3,7,-1,0,0,0,0,0,0,4,1,-1,6,1,36,7,-1,-1,-1,-1,6,E01025796,0,1
2025332500290,2025,332500290,2,9,0,-1,2,0,0,-1,0,0,0,0,0,0,3,1,-1,6,3,-1,-1,-1,-1,-1,-1,-1,-1,0,-1
2025332500291,2025,332500291,1,9,0,-1,4,4,8,-1,0,8,0,0,0,0,2,1,-1,9,2,55,8,-1,-1,-1,-1,8,E01027634,0,5
2025332500291,2025,332500291,2,19,0,-1,19,4,8,-1,0,8,0,0,0,0,1,1,-1,2,1,39,7,-1,-1,-1,-1,8,E01028337,0,4
2025332500292,2025,332500292,2,9,0,-1,19,3,7,-1,0,3,0,0,0,0,1,1,-1,9,1,34,6,-1,-1,-1,-1,3,E01025753,0,1
2025332500292,2025,332500292,1,5,0,-1,5,5,1,-1,0,4,0,0,0,0,3,1,-1,9,1,-1,-1,-1,-1,-1,-1,7,E01028156,0,4
2025332500293,2025,332500293,1,3,0,-1,19,2,6,-1,0,0,0,10,1,9,1,1,-1,6,1,40,7,-1,-1,-1,-1,9,E01013807,0,1
2025332500295,2025,332500295,2,9,0,-1,19,3,7,-1,0,1,0,0,0,0,1,1,-1,6,3,-1,-1,-1,-1,-1,-1,-1,-1,0,-1
2025332500295,2025,332500295,1,9,0,-1,3,3,7,-1,0,1,0,0,0,0,2,1,-1,1,2,59,9,-1,-1,-1,-1,1,E01013583,0,4
2025332500296,2025,332500296,2,1,0,-1,19,5,1,-1,0,8,0,0,0,0,1,1,-1,9,1,58,9,-1,-1,-1,-1,10,E01025641,0,1
2025332500296,2025,332500296,1,9,0,-1,7,5,7,-1,0,5,0,0,0,0,4,1,-1,2,2,36,7,-1,-1,-1,-1,2,E01013610,0,1
2025332500297,2025,332500297,1,9,0,-1,19,3,7,-1,0,1,0,7,0,0,1,1,-1,9,2,33,6,-1,-1,-1,-1,2,E01009584,0,4
2025332500298,2025,332500298,1,9,0,-1,19,3,7,-1,0,0,0,10,0,0,1,1,-1,6,1,57,9,-1,-1,-1,-1,7,E01025941,0,1
2025332500298,2025,332500298,2,9,0,-1,19,7,3,-1,0,0,0,0,0,0,1,1,-1,6,1,44,7,-1,-1,-1,-1,7,E01025941,0,1
2025332500299,2025,332500299,1,9,0,-1,19,1,5,-1,0,5,0,0,0,0,1,1,-1,1,1,46,8,-1,-1,-1,-1,3,E01025706,0,1
2025332500299,2025,332500299,2,-1,0,-1,19,7,3,-1,0,8,0,0,0,0,1,1,-1,6,1,15,3,-1,-1,-1,-1,3,E01025706,1,1
2025332500300,2025,332500300,2,9,0,-1,99,9,9,-1,0,8,0,0,0,0,4,1,-1,6,3,-1,-1,-1,-1,-1,-1,-1,-1,0,-1
2025332500300,2025,332500300,1,1,0,-1,19,3,7,-1,0,8,0,0,0,0,1,1,-1,2,1,30,6,-1,-1,-1,-1,8,E01019872,0,2
2025332500301,2025,332500301,1,3,0,-1,19,3,7,-1,0,8,0,0,0,0,3,1,-1,6,1,36,7,-1,-1,-1,-1,5,E01013740,0,2
2025332500301,2025,332500301,2,9,0,-1,9,7,5,-1,0,5,0,0,0,0,1,1,-1,6,3,-1,-1,-1,-1,-1,-1,-1,-1,0,-1
2025332500302,2025,332500302,1,9,0,-1,19,8,4,-1,0,6,0,0,0,0,1,1,-1,1,1,29,6,-1,-1,-1,-1,3,E01010099,0,4
2025332500302,2025,332500302,2,8,0,-1,19,3,6,-1,0,8,0,0,1,9,3,1,-1,6,1,62,9,-1,-1,-1,-1,9,E01025817,0,1
2025332500303,2025,332500303,1,11,0,-1,19,4,8,-1,0,8,0,0,0,0,1,1,-1,6,3,-1,-1,-1,-1,-1,-1,-1,-1,0,-1
2025332500304,2025,332500304,2,8,0,-1,19,2,6,-1,0,8,0,0,0,0,1,1,-1,1,1,67,10,-1,-1,-1,-1,4,E01013711,0,2
2025332500304,2025,332500304,1,9,0,-1,9,5,2,-1,0,6,0,0,0,0,1,1,-1,9,1,77,11,-1,-1,-1,-1,1,E01013727,0,1
2025332500305,2025,332500305,1,9,0,-1,19,3,7,-1,0,8,0,0,0,0,1,1,-1,2,1,52,8,-1,-1,-1,-1,8,E01035416,0,4
2025332500305,2025,332500305,2,9,0,-1,19,1,5,-1,0,6,0,0,0,0,1,1,-1,6,2,-1,-1,-1,-1,-1,-1,-1,-1,0,-1
2025332500306,2025,332500306,2,9,0,-1,19,7,3,-1,0,6,1,0,0,0,1,1,-1,9,1,34,6,-1,-1,-1,-1,3,E01034003,0,2
2025332500306,2025,332500306,1,9,0,-1,19,5,1,-1,0,8,1,0,1,9,4,1,-1,9,2,65,9,-1,-1,-1,-1,10,E01025710,0,1
2025332500307,2025,332500307,1,9,0,-1,19,7,3,-1,0,0,5,0,1,11,1,1,-1,9,1,27,6,-1,-1,-1,-1,4,E01015796,0,4
2025332500308,2025,332500308,1,23,0,-1,19,5,1,-1,0,1,0,0,0,0,1,1,-1,1,1,19,4,-1,-1,-1,-1,6,E01013670,0,1
2025332500309,2025,332500309,1,9,0,-1,9,5,3,-1,0,6,0,0,0,11,1,1,-1,9,1,-1,-1,-1,-1,-1,-1,-1,-1,0,-1
2025332500309,2025,332500309,2,9,0,-1,2,0,0,-1,0,2,0,0,0,0,2,1,-1,6,3,-1,-1,-1,-1,-1,-1,-1,-1,0,-1
2025332500310,2025,332500310,1,9,0,-1,19,6,2,-1,0,2,0,0,1,0,4,1,-1,6,3,-1,-1,-1,-1,-1,-1,-1,-1,0,-1
2025332500312,2025,332500312,1,1,0,-1,19,8,4,-1,0,0,0,0,0,0,3,1,-1,9,1,15,3,-1,-1,-1,-1,10,E01026004,0,1
2025332500312,2025,332500312,2,9,0,-1,19,8,4,-1,0,0,0,0,0,0,1,1,-1,6,2,-1,-1,-1,-1,-1,-1,-1,-1,0,-1
2025332500313,2025,332500313,1,9,0,-1,2,0,0,-1,0,0,0,0,0,0,3,1,-1,6,2,46,8,-1,-1,-1,-1,2,E01013761,0,1
2025332500313,2025,332500313,2,9,0,-1,19,9,9,-1,0,0,0,0,0,0,4,1,-1,6,1,-1,-1,-1,-1,-1,-1,-1,-1,0,-1
2025332500314,2025,332500314,1,9,0,-1,10,4,2,-1,0,1,0,0,0,0,2,1,-1,2,1,42,7,-1,-1,-1,-1,9,E01025980,0,2
2025332500314,2025,332500314,2,5,0,-1,19,4,8,-1,0,1,0,0,0,0,1,1,-1,6,2,32,6,-1,-1,-1,-1,1,E01013726,0,3
2025332500315,2025,332500315,1,9,0,-1,19,4,8,-1,0,0,0,0,7,10,1,1,-1,6,2,60,9,-1,-1,-1,-1,9,E01025675,0,2
2025332500315,2025,332500315,2,19,0,-1,2,0,0,-1,0,0,0,0,0,0,2,1,-1,6,3,-1,-1,-1,-1,-1,-1,-1,-1,0,-1
2025332500316,2025,332500316,1,9,0,-1,19,3,7,-1,0,0,0,0,0,0,4,1,-1,6,1,54,8,-1,-1,-1,-1,1,E01013754,0,1
2025332500317,2025,332500317,2,1,0,-1,15,5,1,-1,0,8,0,0,0,0,1,1,-1,6,1,47,8,-1,-1,-1,-1,4,E01013786,0,1
2025332500317,2025,332500317,1,9,0,-1,9,1,7,-1,0,5,0,0,0,0,2,1,-1,1,1,58,9,-1,-1,-1,-1,-1,-1,0,-1
2025332500318,2025,332500318,1,9,0,-1,7,1,4,-1,0,6,0,0,0,0,1,1,-1,6,1,25,5,-1,-1,-1,-1,1,E01013693,0,2
2025332500318,2025,332500318,2,9,0,-1,19,8,4,-1,0,8,0,0,0,0,4,1,-1,9,1,62,9,-1,-1,-1,-1,1,E01013726,0,1
2025332500319,2025,332500319,1,9,0,-1,19,4,8,-1,0,2,0,0,0,0,1,1,-1,6,2,38,7,-1,-1,-1,-1,6,E01013710,0,1
2025332500319,2025,332500319,2,9,0,-1,4,4,8,-1,0,2,0,0,0,0,2,1,-1,6,2,46,8,-1,-1,-1,-1,8,E01025764,0,1
2025332500319,2025,332500319,3,9,0,-1,4,4,8,-1,0,2,0,0,0,0,2,1,-1,6,1,55,8,-1,-1,-1,-1,1,E01013622,0,1
2025332500321,2025,332500321,1,9,0,-1,19,4,8,-1,0,8,0,0,0,0,1,1,-1,6,3,-1,-1,-1,-1,-1,-1,-1,-1,0,-1
2025332500322,2025,332500322,1,-1,0,-1,19,0,0,-1,0,0,1,0,0,0,3,1,-1,6,1,16,4,-1,-1,-1,-1,9,E01025693,1,1
2025332500323,2025,332500323,2,5,0,-1,19,4,8,-1,0,0,0,0,0,0,1,1,-1,9,1,58,9,-1,-1,-1,-1,4,E01019431,0,4
2025332500323,2025,332500323,1,5,0,-1,19,4,8,-1,0,0,0,0,7,0,2,1,-1,9,2,63,9,-1,-1,-1,-1,4,E01019431,0,4
2025332500324,2025,332500324,2,23,0,-1,19,1,5,-1,0,0,0,0,1,0,2,1,-1,6,1,46,8,-1,-1,-1,-1,3,E01025822,0,1
2025332500324,2025,332500324,1,9,0,-1,19,1,5,-1,0,0,0,0,0,0,1,1,-1,6,1,31,6,-1,-1,-1,-1,2,E01031046,0,2
2025332500325,2025,332500325,1,9,0,-1,7,7,2,-1,0,3,0,0,1,0,1,1,-1,1,2,55,8,-1,-1,-1,-1,6,E01013627,0,1
2025332500325,2025,332500325,2,1,0,-1,19,7,3,-1,0,8,0,0,0,0,3,1,-1,6,1,62,9,-1,-1,-1,-1,3,E01013626,0,1
2025332500326,2025,332500326,1,8,0,-1,19,1,5,-1,0,2,0,0,0,0,1,1,-1,6,1,51,8,-1,-1,-1,-1,4,E01025703,0,1
2025332500326,2025,332500326,2,9,0,-1,4,1,5,-1,0,2,0,0,0,0,2,1,-1,6,1,40,7,-1,-1,-1,-1,3,E01025753,0,3
2025332500326,2025,332500326,3,19,0,-1,4,1,5,-1,0,2,0,0,0,0,2,1,-1,1,1,32,6,-1,-1,-1,-1,4,E01013689,0,3
2025332500326,2025,332500326,4,9,0,-1,4,1,5,-1,0,2,0,0,0,0,2,1,-1,6,2,58,9,-1,-1,-1,-1,10,E01025678,0,3
2025332500327,2025,332500327,1,20,0,-1,19,5,1,-1,0,6,0,0,0,0,1,1,-1,1,1,37,7,-1,-1,-1,-1,1,E01011316,0,5
2025332500327,2025,332500327,2,9,0,-1,19,3,7,-1,0,8,0,0,0,0,4,1,-1,9,2,51,8,-1,-1,-1,-1,6,E01035102,0,2
2025332500328,2025,332500328,2,9,0,-1,19,3,7,-1,0,1,0,0,0,0,1,1,-1,9,2,37,7,-1,-1,-1,-1,8,E01025784,0,3
2025332500328,2025,332500328,1,9,0,-1,19,3,7,-1,0,1,0,0,0,0,2,1,-1,1,2,50,8,-1,-1,-1,-1,7,E01025830,0,3
2025332500329,2025,332500329,1,5,0,-1,19,1,5,-1,0,0,1,0,4,6,3,1,-1,9,1,73,10,-1,-1,-1,-1,8,E01019868,0,4
2025332500330,2025,332500330,2,5,0,-1,19,5,1,-1,0,0,0,0,0,0,1,1,-1,9,1,25,5,-1,-1,-1,-1,3,E01019858,0,1
2025332500330,2025,332500330,1,9,0,-1,6,1,1,-1,0,0,0,0,0,0,2,1,-1,6,3,-1,-1,-1,-1,-1,-1,-1,-1,0,-1
2025332500331,2025,332500331,1,5,0,-1,19,3,7,-1,0,0,1,0,0,0,3,1,-1,9,1,28,6,-1,-1,-1,-1,3,E01013773,0,1
2025332500332,2025,332500332,2,9,0,-1,19,7,3,-1,0,8,0,0,0,0,1,1,-1,6,1,-1,-1,-1,-1,-1,-1,-1,-1,0,-1
2025332500332,2025,332500332,1,9,0,-1,10,7,5,-1,0,8,0,0,0,0,2,1,-1,9,1,25,5,-1,-1,-1,-1,7,E01025626,0,2
2025332500333,2025,332500333,1,5,0,-1,19,5,1,-1,0,4,0,0,3,0,4,1,-1,9,1,26,6,-1,-1,-1,-1,8,E01035096,0,4
2025332500334,2025,332500334,1,9,0,-1,19,1,5,-1,0,2,0,0,1,2,1,1,-1,6,1,22,5,-1,-1,-1,-1,3,E01013774,0,1
2025332500335,2025,332500335,4,9,0,-1,19,2,6,-1,0,0,0,0,0,0,3,1,-1,6,1,54,8,-1,-1,-1,-1,8,E01035093,0,1
2025332500335,2025,332500335,1,9,0,-1,19,6,2,-1,0,0,0,0,0,0,1,1,-1,6,1,35,6,-1,-1,-1,-1,7,E01025889,0,2
2025332500335,2025,332500335,2,9,0,-1,19,2,6,-1,0,0,0,0,1,10,1,1,-1,6,2,58,9,-1,-1,-1,-1,6,E01025756,0,2
2025332500335,2025,332500335,3,9,0,-1,19,2,6,-1,0,0,0,0,0,0,3,1,-1,6,1,52,8,-1,-1,-1,-1,8,E01025755,0,2
2025332500336,2025,332500336,1,9,0,-1,19,1,5,-1,0,0,0,0,0,0,1,1,-1,6,2,18,4,-1,-1,-1,-1,9,E01025981,0,1
2025332500336,2025,332500336,2,9,0,-1,19,5,1,-1,0,0,0,0,0,0,1,1,-1,6,2,57,9,-1,-1,-1,-1,3,E01025992,0,1
2025332500337,2025,332500337,2,9,0,-1,19,2,6,-1,0,0,0,0,0,0,1,1,-1,6,1,59,9,-1,-1,-1,-1,5,E01013700,0,1
2025332500337,2025,332500337,1,9,0,-1,6,2,2,-1,0,0,0,0,0,0,1,1,-1,6,1,27,6,-1,-1,-1,-1,2,E01013720,0,1
2025332500338,2025,332500338,2,9,0,-1,19,5,1,-1,0,1,0,0,0,0,1,1,-1,6,3,-1,-1,-1,-1,-1,-1,-1,-1,0,-1
2025332500338,2025,332500338,1,9,0,-1,3,5,1,-1,0,1,0,0,0,0,2,1,-1,9,2,38,7,-1,-1,-1,-1,3,E01013731,0,1
2025332500339,2025,332500339,1,9,0,-1,9,5,3,-1,0,5,0,0,0,0,1,1,-1,6,3,-1,-1,-1,-1,-1,-1,-1,-1,0,-1
2025332500340,2025,332500340,2,1,0,-1,19,8,4,-1,0,8,0,0,0,0,1,1,-1,9,2,33,6,-1,-1,-1,-1,4,E01013630,0,1
2025332500340,2025,332500340,1,9,0,-1,9,4,1,-1,0,5,0,0,0,0,4,1,-1,7,1,38,7,-1,-1,-1,-1,6,E01025763,0,1
2025332500341,2025,332500341,1,9,0,-1,19,2,6,-1,0,1,0,0,0,0,1,1,-1,2,2,44,7,-1,-1,-1,-1,7,E01013709,0,1
2025332500342,2025,332500342,1,9,0,-1,19,3,7,-1,0,8,0,0,0,0,3,1,-1,9,1,33,6,-1,-1,-1,-1,3,E01013658,0,1
2025332500342,2025,332500342,2,9,0,-1,9,1,7,-1,0,6,0,0,7,0,1,1,-1,6,1,-1,-1,-1,-1,-1,-1,-1,-1,0,-1
2025332500344,2025,332500344,1,21,0,-1,19,6,2,-1,0,0,0,0,0,0,3,1,-1,1,1,43,7,-1,-1,-1,-1,7,E01025937,0,4
2025332500344,2025,332500344,2,19,0,-1,19,2,6,-1,0,0,0,0,0,0,3,1,-1,6,3,-1,-1,-1,-1,-1,-1,-1,-1,0,-1
2025332500345,2025,332500345,2,9,0,-1,99,9,9,-1,0,0,0,0,0,0,4,1,-1,1,2,-1,-1,-1,-1,-1,-1,-1,-1,0,-1
2025332500345,2025,332500345,1,9,0,-1,19,7,3,-1,0,0,0,0,0,0,1,1,-1,2,2,30,6,-1,-1,-1,-1,8,E01025622,0,1
2025332500346,2025,332500346,1,9,0,-1,9,8,6,-1,0,6,0,0,0,0,4,1,-1,9,2,56,9,-1,-1,-1,-1,9,E01028410,0,1
2025332500346,2025,332500346,2,3,0,-1,19,2,6,-1,0,2,0,0,0,0,1,1,-1,2,1,29,6,-1,-1,-1,-1,7,E01025958,0,3
2025332500347,2025,332500347,1,9,0,-1,9,3,1,-1,0,5,0,0,0,0,1,1,-1,2,2,53,8,-1,-1,-1,-1,2,E01025700,0,1
2025332500348,2025,332500348,2,9,0,-1,19,7,3,-1,0,2,0,0,1,11,3,2,-1,9,1,19,4,-1,-1,-1,-1,8,E01025728,0,2
2025332500348,2025,332500348,1,9,0,-1,11,7,3,-1,0,2,0,0,0,0,1,1,-1,6,1,-1,-1,-1,-1,-1,-1,-1,-1,0,-1
2025332500349,2025,332500349,1,9,0,-1,19,4,7,-1,0,8,0,0,0,0,1,1,-1,9,2,56,9,-1,-1,-1,-1,10,E01025780,0,3
2025332500349,2025,332500349,2,9,0,-1,5,1,5,-1,0,8,0,0,7,11,4,1,-1,6,1,63,9,-1,-1,-1,-1,8,E01013780,0,1
2025332500350,2025,332500350,1,9,0,-1,19,4,8,-1,0,8,0,0,0,0,4,1,-1,2,1,49,8,-1,-1,-1,-1,1,E01013954,0,4
2025332500350,2025,332500350,2,19,0,-1,19,6,2,-1,0,6,0,0,0,0,1,1,-1,6,1,59,9,-1,-1,-1,-1,6,E01026326,0,3
2025332500351,2025,332500351,2,1,0,-1,19,8,4,-1,0,8,0,0,0,0,1,1,-1,6,1,18,4,-1,-1,-1,-1,2,E01032873,0,1
2025332500351,2025,332500351,1,9,0,-1,9,2,8,-1,0,6,0,0,0,0,1,1,-1,9,3,24,5,-1,-1,-1,-1,3,E01013750,0,1
2025332500352,2025,332500352,1,19,0,-1,19,5,1,-1,0,1,0,0,0,0,1,1,-1,9,1,69,10,-1,-1,-1,-1,8,E01025681,0,1
2025332500353,2025,332500353,2,1,0,-1,19,4,8,-1,0,8,0,0,0,0,4,1,-1,6,1,95,11,-1,-1,-1,-1,5,E01035094,0,1
2025332500353,2025,332500353,1,9,0,-1,7,6,8,-1,0,4,0,0,0,0,1,1,-1,6,1,79,11,-1,-1,-1,-1,3,E01028254,0,4
2025332500354,2025,332500354,2,9,0,-1,4,7,3,-1,0,0,0,0,0,0,2,1,-1,9,1,30,6,-1,-1,-1,-1,4,E01034024,0,2
2025332500354,2025,332500354,1,5,0,-1,19,7,3,-1,0,0,1,0,0,0,1,1,-1,9,1,32,6,-1,-1,-1,-1,4,E01025823,0,3
2025332500355,2025,332500355,2,-1,0,-1,19,5,1,-1,0,6,0,0,0,0,1,1,-1,9,1,38,7,-1,-1,-1,-1,8,E01025637,1,1
2025332500355,2025,332500355,1,9,0,-1,19,7,3,-1,0,8,0,0,0,0,1,1,-1,6,1,-1,-1,-1,-1,-1,-1,-1,-1,0,-1
2025332500356,2025,332500356,1,9,0,-1,19,3,6,-1,0,0,1,0,7,3,1,1,-1,9,1,17,4,-1,-1,-1,-1,6,E01035103,0,3
2025332500358,2025,332500358,3,9,0,-1,19,8,4,-1,0,0,0,0,0,0,1,1,-1,6,1,-1,-1,-1,-1,-1,-1,-1,-1,0,-1
2025332500358,2025,332500358,2,9,0,-1,2,0,0,-1,0,0,0,0,0,0,2,1,-1,6,3,-1,-1,-1,-1,-1,-1,-1,-1,0,-1
2025332500358,2025,332500358,1,9,0,-1,2,0,0,-1,0,0,0,0,0,0,2,1,-1,6,2,18,4,-1,-1,-1,-1,10,E01025973,0,1
2025332500359,2025,332500359,1,9,0,-1,9,7,5,-1,0,5,0,0,0,0,4,1,-1,9,2,30,6,-1,-1,-1,-1,9,E01025860,0,1
2025332500359,2025,332500359,2,2,0,-1,19,3,7,-1,0,8,0,0,0,0,1,1,-1,9,1,50,8,-1,-1,-1,-1,6,E01025821,0,1
2025332500360,2025,332500360,1,9,0,-1,9,2,4,-1,0,2,0,0,0,0,1,1,-1,6,2,19,4,-1,-1,-1,-1,3,E01025705,0,1
2025332500361,2025,332500361,1,9,0,-1,19,1,5,-1,0,8,0,0,0,0,4,1,-1,9,1,21,5,-1,-1,-1,-1,3,E01027967,0,4
2025332500361,2025,332500361,2,9,0,-1,19,3,7,-1,0,4,0,0,0,0,3,1,-1,6,3,-1,-1,-1,-1,-1,-1,-1,-1,0,-1
2025332500362,2025,332500362,1,9,0,-1,1,9,9,-1,9,0,0,0,0,0,4,1,-1,6,2,-1,-1,-1,-1,-1,-1,-1,-1,0,-1
2025332500363,2025,332500363,1,9,0,-1,19,8,4,-1,0,0,1,0,1,9,4,1,-1,9,1,72,10,-1,-1,-1,-1,5,E01025842,0,1
2025332500364,2025,332500364,2,5,0,-1,13,1,5,-1,0,8,0,0,0,0,2,1,-1,6,1,70,10,-1,-1,-1,-1,8,E01032997,0,3
2025332500364,2025,332500364,1,98,0,-1,9,1,7,-1,0,5,0,0,0,0,3,1,-1,2,1,39,7,-1,-1,-1,-1,9,E01026289,0,1
2025332500365,2025,332500365,1,5,0,-1,4,2,6,-1,0,0,1,0,0,0,3,1,-1,6,2,36,7,-1,-1,-1,-1,9,E01025619,0,2
2025332500366,2025,332500366,1,9,0,-1,19,3,7,-1,0,1,0,0,0,0,1,1,-1,9,1,65,9,-1,-1,-1,-1,1,E01013603,0,1
2025332500368,2025,332500368,2,9,0,-1,9,4,2,-1,0,6,0,0,1,0,3,1,-1,6,2,28,6,-1,-1,-1,-1,7,E01025751,0,2