collision_index,collision_year,collision_ref_no,vehicle_reference,vehicle_type,towing_and_articulation,vehicle_manoeuvre_historic,vehicle_manoeuvre,vehicle_direction_from,vehicle_direction_to,vehicle_location_restricted_lane_historic,vehicle_location_restricted_lane,junction_location,skidding_and_overturning,hit_object_in_carriageway,vehicle_leaving_carriageway,hit_object_off_carriageway,first_point_of_impact,vehicle_left_hand_drive,journey_purpose_of_driver_historic,journey_purpose_of_driver,sex_of_driver,age_of_driver,age_band_of_driver,engine_capacity_cc,propulsion_code,age_of_vehicle,generic_make_model,driver_imd_decile,lsoa_of_driver,escooter_flag,driver_distance_banding
2025332500368,2025,332500368,1,9,0,-1,19,2,6,-1,0,8,0,0,0,0,1,1,-1,6,2,18,4,-1,-1,-1,-1,10,E01034005,0,1
2025332500369,2025,332500369,1,21,0,-1,19,7,3,-1,0,3,0,0,0,0,1,1,-1,1,1,25,5,-1,-1,-1,-1,3,E01013660,0,4
2025332500369,2025,332500369,2,19,0,-1,19,3,7,-1,0,1,0,0,0,0,3,1,-1,1,1,53,8,-1,-1,-1,-1,5,E01025966,0,1
2025332500370,2025,332500370,2,19,0,-1,12,4,8,-1,0,3,0,0,0,0,3,1,-1,1,1,38,7,-1,-1,-1,-1,9,E01025980,0,1
2025332500370,2025,332500370,1,11,0,-1,19,4,8,-1,0,3,0,0,0,0,4,1,-1,1,1,66,10,-1,-1,-1,-1,1,E01013651,0,1
2025332500371,2025,332500371,1,8,0,-1,9,6,4,-1,0,6,0,0,0,0,1,1,-1,6,1,38,7,-1,-1,-1,-1,2,E01013721,0,1
2025332500371,2025,332500371,2,9,0,-1,19,4,8,-1,0,8,0,0,0,0,1,1,-1,6,1,45,7,-1,-1,-1,-1,2,E01034017,0,2
2025332500372,2025,332500372,1,9,0,-1,19,2,6,-1,0,0,1,10,8,0,1,1,-1,9,1,35,6,-1,-1,-1,-1,7,E01025647,0,1
2025332500372,2025,332500372,3,9,0,-1,2,0,0,-1,0,0,0,0,0,0,1,1,-1,6,3,-1,-1,-1,-1,-1,-1,-1,-1,0,-1
2025332500372,2025,332500372,2,9,0,-1,2,0,0,-1,0,0,0,0,0,0,2,1,-1,6,3,-1,-1,-1,-1,-1,-1,-1,-1,0,-1
2025332500372,2025,332500372,4,9,0,-1,2,0,0,-1,0,0,0,0,0,0,1,1,-1,6,3,-1,-1,-1,-1,-1,-1,-1,-1,0,-1
2025332500373,2025,332500373,1,9,0,-1,19,6,2,-1,0,0,5,0,8,9,1,1,-1,6,1,20,4,-1,-1,-1,-1,9,E01025837,0,1
2025332500374,2025,332500374,2,1,0,-1,19,4,8,-1,0,0,0,0,0,0,1,1,-1,6,1,82,11,-1,-1,-1,-1,3,E01013745,0,1
2025332500374,2025,332500374,1,9,0,-1,19,4,8,-1,0,0,0,0,0,0,4,1,-1,6,1,21,5,-1,-1,-1,-1,4,E01013747,0,1
2025332500375,2025,332500375,1,9,0,-1,19,5,1,-1,0,8,0,0,0,0,1,1,-1,6,1,25,5,-1,-1,-1,-1,3,E01034014,0,1
2025332500375,2025,332500375,2,1,0,-1,7,7,1,-1,0,6,0,0,0,0,3,1,-1,6,1,31,6,-1,-1,-1,-1,-1,-1,0,-1
2025332500376,2025,332500376,1,9,0,-1,9,1,7,-1,0,3,0,0,0,0,4,1,-1,9,1,24,5,-1,-1,-1,-1,4,E01013749,0,1
2025332500376,2025,332500376,2,9,0,-1,19,5,1,-1,0,4,0,0,0,0,1,1,-1,2,2,24,5,-1,-1,-1,-1,4,E01013767,0,1
2025332500377,2025,332500377,1,9,0,-1,19,8,4,-1,0,0,0,0,7,11,1,1,-1,6,2,29,6,-1,-1,-1,-1,5,E01025879,0,1
2025332500378,2025,332500378,1,9,0,-1,19,6,2,-1,0,0,0,0,7,0,1,1,-1,6,3,-1,-1,-1,-1,-1,-1,-1,-1,0,-1
2025332500378,2025,332500378,2,1,0,-1,19,6,2,-1,9,0,0,0,0,0,1,1,-1,6,1,17,4,-1,-1,-1,-1,1,E01013633,0,1
2025332500379,2025,332500379,2,9,0,-1,19,4,8,-1,0,6,0,0,0,0,1,1,-1,6,2,-1,-1,-1,-1,-1,-1,-1,-1,0,-1
2025332500379,2025,332500379,1,9,0,-1,19,6,2,-1,0,8,0,0,0,0,3,1,-1,2,1,52,8,-1,-1,-1,-1,4,E01034015,0,1
2025332500380,2025,332500380,2,19,0,-1,19,2,6,-1,0,0,0,0,0,0,1,1,-1,6,3,-1,-1,-1,-1,-1,-1,-1,-1,0,-1
2025332500380,2025,332500380,1,9,0,-1,19,2,6,-1,0,0,0,0,0,0,2,1,-1,9,1,43,7,-1,-1,-1,-1,1,E01013601,0,1
2025332500382,2025,332500382,2,9,0,-1,19,3,7,-1,0,0,0,0,0,0,1,1,-1,6,3,-1,-1,-1,-1,-1,-1,-1,-1,0,-1
2025332500382,2025,332500382,1,9,0,-1,4,3,7,-1,0,0,0,0,0,0,2,1,-1,2,2,42,7,-1,-1,-1,-1,10,E01025696,0,4
2025332500383,2025,332500383,2,9,0,-1,11,8,4,-1,0,0,0,0,0,0,4,1,-1,6,2,-1,-1,-1,-1,-1,-1,-1,-1,0,-1
2025332500383,2025,332500383,1,9,0,-1,19,8,4,-1,0,0,0,0,0,0,3,1,-1,9,2,46,8,-1,-1,-1,-1,5,E01013756,0,1
2025332500384,2025,332500384,1,9,0,-1,19,5,1,-1,0,0,0,0,0,0,4,1,-1,2,2,33,6,-1,-1,-1,-1,10,E01025787,0,1
2025332500385,2025,332500385,1,9,0,-1,8,7,1,-1,0,1,0,0,0,0,3,1,-1,9,1,31,6,-1,-1,-1,-1,10,E01025650,0,2
2025332500385,2025,332500385,2,9,0,-1,1,9,9,-1,0,1,0,0,0,0,3,1,-1,6,1,27,6,-1,-1,-1,-1,4,E01013689,0,1
2025332500386,2025,332500386,2,9,0,-1,19,5,1,-1,0,0,0,0,0,0,1,1,-1,6,1,-1,-1,-1,-1,-1,-1,-1,-1,0,-1
2025332500386,2025,332500386,1,9,0,-1,3,5,1,-1,0,0,0,0,0,0,2,1,-1,9,2,33,6,-1,-1,-1,-1,2,E01013634,0,1
2025332500387,2025,332500387,2,9,0,-1,9,3,1,-1,0,5,0,0,0,0,1,1,-1,9,2,45,7,-1,-1,-1,-1,10,E01025813,0,1
2025332500387,2025,332500387,1,5,0,-1,19,7,3,-1,0,8,0,0,0,0,3,1,-1,6,1,57,9,-1,-1,-1,-1,10,E01025973,0,1
2025332500388,2025,332500388,2,9,0,-1,19,8,4,-1,0,8,0,0,0,0,1,1,-1,6,1,19,4,-1,-1,-1,-1,9,E01025779,0,1
2025332500388,2025,332500388,1,9,0,-1,9,1,8,-1,0,6,0,0,0,0,1,1,-1,6,2,56,9,-1,-1,-1,-1,1,E01013730,0,3
2025332500389,2025,332500389,1,9,0,-1,4,6,2,-1,0,0,0,0,7,11,1,1,-1,6,2,82,11,-1,-1,-1,-1,10,E01034005,0,1
2025332500390,2025,332500390,1,9,0,-1,9,3,1,-1,0,5,0,0,0,0,2,1,-1,9,2,48,8,-1,-1,-1,-1,7,E01025977,0,1
2025332500390,2025,332500390,2,5,0,-1,13,3,7,-1,0,8,0,0,0,0,1,1,-1,6,1,33,6,-1,-1,-1,-1,3,E01025997,0,1
2025332500391,2025,332500391,1,9,0,-1,19,5,2,-1,0,0,0,0,0,0,1,1,-1,1,2,22,5,-1,-1,-1,-1,10,E01025773,0,4
2025332500391,2025,332500391,2,9,0,-1,19,2,6,-1,0,0,0,0,0,0,1,1,-1,6,1,22,5,-1,-1,-1,-1,10,E01025676,0,1
2025332500392,2025,332500392,1,9,0,-1,9,3,1,-1,0,5,0,0,0,0,1,1,-1,9,2,51,8,-1,-1,-1,-1,3,E01013772,0,1
2025332500392,2025,332500392,2,1,0,-1,3,1,5,-1,0,1,0,0,0,0,0,1,-1,6,1,11,3,-1,-1,-1,-1,1,E01032597,0,1
2025332500393,2025,332500393,1,9,0,-1,19,5,1,-1,0,0,5,0,1,4,1,1,-1,6,3,-1,-1,-1,-1,-1,-1,-1,-1,0,-1
2025332500394,2025,332500394,2,9,0,-1,19,5,1,-1,0,0,0,0,0,0,2,1,-1,9,2,76,11,-1,-1,-1,-1,8,E01034007,0,1
2025332500394,2025,332500394,1,19,0,-1,19,5,1,-1,0,0,0,0,0,0,1,1,-1,1,1,29,6,-1,-1,-1,-1,2,E01013631,0,2
2025332500395,2025,332500395,1,9,0,-1,19,3,7,-1,0,0,0,0,0,0,4,1,-1,2,2,29,6,-1,-1,-1,-1,1,E01013748,0,2
2025332500396,2025,332500396,2,1,0,-1,19,7,3,-1,0,2,0,0,0,0,1,1,-1,6,1,35,6,-1,-1,-1,-1,2,E01034019,0,1
2025332500396,2025,332500396,1,9,0,-1,19,1,5,-1,0,2,0,0,0,0,1,1,-1,9,1,44,7,-1,-1,-1,-1,2,E01013639,0,1
2025332500397,2025,332500397,1,9,0,-1,19,1,5,-1,0,8,0,0,1,0,1,1,-1,1,1,39,7,-1,-1,-1,-1,4,E01013747,0,1
2025332500397,2025,332500397,2,9,0,-1,5,7,3,-1,0,6,0,0,0,0,1,1,-1,9,1,27,6,-1,-1,-1,-1,4,E01013767,0,1
2025332500398,2025,332500398,1,9,0,-1,19,4,8,-1,0,0,0,12,0,0,1,1,-1,6,1,36,7,-1,-1,-1,-1,3,E01027106,0,4
2025332500399,2025,332500399,1,9,0,-1,19,5,1,-1,0,4,5,0,3,0,1,1,-1,9,1,34,6,-1,-1,-1,-1,5,E01025689,0,4
2025332500400,2025,332500400,2,4,0,-1,4,2,6,-1,0,1,0,0,0,0,1,1,-1,6,1,71,10,-1,-1,-1,-1,10,E01029442,0,3
2025332500400,2025,332500400,1,4,0,-1,4,2,6,-1,0,1,0,0,0,0,2,1,-1,6,1,75,10,-1,-1,-1,-1,7,E01029456,0,3
2025332500401,2025,332500401,1,1,0,-1,19,6,2,-1,0,0,0,0,0,0,1,1,-1,6,1,-1,-1,-1,-1,-1,-1,-1,-1,0,-1
2025332500402,2025,332500402,1,11,0,-1,19,5,1,-1,0,2,0,0,0,0,4,1,-1,1,1,52,8,-1,-1,-1,-1,5,E01013737,0,1
2025332500403,2025,332500403,1,9,0,-1,9,8,6,-1,0,5,0,0,0,0,1,1,-1,9,2,18,4,-1,-1,-1,-1,10,E01025797,0,1
2025332500403,2025,332500403,2,5,0,-1,19,4,8,-1,0,8,0,0,0,0,1,1,-1,9,1,60,9,-1,-1,-1,-1,9,E01025778,0,2
2025332500404,2025,332500404,2,9,0,-1,19,1,5,-1,0,0,0,0,0,0,3,1,-1,6,2,24,5,-1,-1,-1,-1,6,E01025821,0,1
2025332500404,2025,332500404,1,9,0,-1,6,5,5,-1,0,0,0,0,1,0,4,1,-1,6,2,77,11,-1,-1,-1,-1,8,E01035096,0,1
2025332500405,2025,332500405,2,9,0,-1,4,1,5,-1,0,0,0,0,0,0,4,1,-1,2,1,44,7,-1,-1,-1,-1,3,E01028223,0,4
2025332500405,2025,332500405,3,9,0,-1,4,1,5,-1,0,0,0,0,0,0,4,1,-1,2,1,58,9,-1,-1,-1,-1,10,E01028148,0,4
2025332500405,2025,332500405,1,5,0,-1,19,1,5,-1,0,0,0,0,0,0,1,1,-1,9,1,68,10,-1,-1,-1,-1,9,E01028419,0,4
2025332500406,2025,332500406,2,9,0,-1,4,7,3,-1,0,1,0,0,0,0,2,1,-1,1,1,66,10,-1,-1,-1,-1,8,E01025764,0,2
2025332500406,2025,332500406,3,9,0,-1,4,7,3,-1,0,1,0,0,0,0,2,1,-1,6,1,41,7,-1,-1,-1,-1,1,E01013723,0,1
2025332500406,2025,332500406,1,9,0,-1,19,7,3,-1,0,1,0,0,0,0,1,1,-1,9,1,30,6,-1,-1,-1,-1,2,E01004846,0,5
2025332500407,2025,332500407,1,8,0,-1,14,3,7,-1,0,1,0,0,0,0,1,1,-1,6,1,-1,-1,-1,-1,-1,-1,-1,-1,0,-1
2025332500408,2025,332500408,2,9,0,-1,19,2,8,-1,0,0,0,0,0,0,1,1,-1,6,2,28,6,-1,-1,-1,-1,5,E01025879,0,1
2025332500408,2025,332500408,1,9,0,-1,4,2,6,-1,0,0,0,0,0,0,2,1,-1,6,2,63,9,-1,-1,-1,-1,5,E01025879,0,1
2025332500409,2025,332500409,2,19,0,-1,7,2,4,-1,0,6,0,0,0,0,1,1,-1,6,1,35,6,-1,-1,-1,-1,1,E01013633,0,1
2025332500409,2025,332500409,1,19,0,-1,19,4,8,-1,0,8,0,0,0,0,1,1,-1,6,1,52,8,-1,-1,-1,-1,6,E01025627,0,1
2025332500410,2025,332500410,1,9,0,-1,19,5,1,-1,0,1,0,0,0,0,1,1,-1,6,1,-1,-1,-1,-1,-1,-1,-1,-1,0,-1
2025332500411,2025,332500411,1,9,0,-1,19,1,5,-1,0,8,0,0,0,0,1,1,-1,9,1,29,6,-1,-1,-1,-1,4,E01034024,0,2
2025332500411,2025,332500411,2,5,0,-1,19,1,5,-1,0,8,0,0,0,0,2,1,-1,9,1,62,9,-1,-1,-1,-1,10,E01022354,0,5
2025332500412,2025,332500412,1,9,0,-1,19,3,7,-1,0,0,5,0,0,0,4,1,-1,9,1,84,11,-1,-1,-1,-1,7,E01025841,0,1
2025332500412,2025,332500412,2,9,0,-1,2,0,0,-1,0,0,0,0,0,0,3,1,-1,6,3,-1,-1,-1,-1,-1,-1,-1,-1,0,-1
2025332500412,2025,332500412,3,9,0,-1,2,0,0,-1,0,0,0,0,0,0,4,1,-1,6,3,-1,-1,-1,-1,-1,-1,-1,-1,0,-1
2025332500413,2025,332500413,2,9,0,-1,4,4,8,-1,0,0,0,0,0,0,2,1,-1,6,1,42,7,-1,-1,-1,-1,7,E01025841,0,2
2025332500413,2025,332500413,4,9,0,-1,4,4,8,-1,0,0,0,0,0,0,2,1,-1,9,1,38,7,-1,-1,-1,-1,9,E01031112,0,1
2025332500413,2025,332500413,1,21,0,-1,19,4,8,-1,0,0,0,0,0,0,1,1,-1,1,1,52,8,-1,-1,-1,-1,8,E01031019,0,4
2025332500413,2025,332500413,3,9,0,-1,4,4,8,-1,0,0,0,0,0,0,2,1,-1,9,1,67,10,-1,-1,-1,-1,5,E01025875,0,3
2025332500414,2025,332500414,1,21,0,-1,19,4,8,-1,0,0,5,10,1,7,4,1,-1,1,1,46,8,-1,-1,-1,-1,9,E01026346,0,4
2025332500415,2025,332500415,2,9,0,-1,19,3,7,-1,0,8,0,0,1,11,1,1,-1,6,2,53,8,-1,-1,-1,-1,5,E01025818,0,1
2025332500415,2025,332500415,1,9,0,-1,19,5,1,-1,0,6,0,0,1,11,3,1,-1,6,2,21,5,-1,-1,-1,-1,10,E01034655,0,4
2025332500416,2025,332500416,2,9,0,-1,19,6,2,-1,0,8,0,0,4,0,1,1,-1,9,1,32,6,-1,-1,-1,-1,9,E01025669,0,2
2025332500416,2025,332500416,1,9,0,-1,5,8,4,-1,0,6,0,0,0,0,3,1,-1,9,1,77,11,-1,-1,-1,-1,7,E01025620,0,1
2025332500417,2025,332500417,2,9,0,-1,9,9,9,-1,0,6,0,0,0,0,1,1,-1,6,1,37,7,-1,-1,-1,-1,6,E01013710,0,1
2025332500417,2025,332500417,1,1,0,-1,19,1,5,-1,0,8,0,0,0,0,1,1,-1,2,2,54,8,-1,-1,-1,-1,9,E01032601,0,1
2025332500418,2025,332500418,2,9,0,-1,13,8,4,-1,0,8,0,0,0,0,1,1,-1,6,1,-1,-1,-1,-1,-1,-1,-1,-1,0,-1
2025332500418,2025,332500418,1,9,0,-1,9,8,6,-1,0,5,0,0,0,0,3,1,-1,9,1,18,4,-1,-1,-1,-1,7,E01013759,0,1
2025332500419,2025,332500419,2,19,0,-1,3,4,8,-1,0,0,0,0,0,0,2,1,-1,1,1,31,6,-1,-1,-1,-1,9,E01025736,0,3
2025332500419,2025,332500419,1,4,0,-1,19,4,8,-1,0,0,0,0,0,0,1,1,-1,9,1,39,7,-1,-1,-1,-1,4,E01025933,0,1
2025332500420,2025,332500420,1,9,0,-1,5,4,8,-1,0,4,0,0,0,0,1,1,-1,6,2,64,9,-1,-1,-1,-1,4,E01013617,0,1
2025332500420,2025,332500420,2,5,0,-1,19,2,6,-1,0,8,0,0,0,0,1,1,-1,6,1,53,8,-1,-1,-1,-1,10,E01025624,0,1
2025332500421,2025,332500421,2,1,0,-1,19,4,8,-1,0,8,0,0,0,0,1,1,-1,6,1,29,6,-1,-1,-1,-1,7,E01025801,0,1
2025332500421,2025,332500421,1,9,0,-1,6,4,4,-1,0,8,0,0,0,0,3,1,-1,6,3,-1,-1,-1,-1,-1,-1,-1,-1,0,-1
2025332500422,2025,332500422,1,9,0,-1,19,5,1,-1,0,1,0,0,1,0,2,1,-1,6,1,65,9,-1,-1,-1,-1,7,E01025673,0,2
2025332500422,2025,332500422,2,9,0,-1,19,5,1,-1,0,1,0,0,0,0,1,1,-1,6,3,-1,-1,-1,-1,-1,-1,-1,-1,0,-1
2025332500423,2025,332500423,2,9,0,-1,19,5,1,-1,0,1,0,0,0,0,1,1,-1,6,2,-1,-1,-1,-1,-1,-1,-1,-1,0,-1
2025332500423,2025,332500423,1,9,0,-1,3,5,1,-1,0,1,0,0,0,0,2,1,-1,2,1,63,9,-1,-1,-1,-1,8,E01002658,0,5
2025332500424,2025,332500424,1,9,0,-1,19,5,1,-1,0,2,0,0,0,0,1,1,-1,6,2,33,6,-1,-1,-1,-1,6,E01013491,0,4
2025332500424,2025,332500424,2,9,0,-1,2,0,0,-1,0,2,0,0,0,0,3,1,-1,6,1,-1,-1,-1,-1,-1,-1,-1,-1,0,-1
2025332500425,2025,332500425,1,9,0,-1,19,8,4,-1,0,0,0,0,0,0,1,1,-1,6,1,-1,-1,-1,-1,-1,-1,-1,-1,0,-1
2025332500425,2025,332500425,2,1,0,-1,19,8,4,-1,0,0,0,0,0,0,2,1,-1,6,1,66,10,-1,-1,-1,-1,5,E01025999,0,1
2025332500426,2025,332500426,1,9,0,-1,19,6,2,-1,0,3,2,0,1,2,1,1,-1,9,2,18,4,-1,-1,-1,-1,6,E01019852,0,2
2025332500427,2025,332500427,1,9,0,-1,19,1,5,-1,0,8,0,0,0,0,3,1,-1,6,1,43,7,-1,-1,-1,-1,3,E01025900,0,1
2025332500427,2025,332500427,2,9,0,-1,19,7,3,-1,0,6,0,0,0,0,1,1,-1,6,1,42,7,-1,-1,-1,-1,7,E01025909,0,2
2025332500428,2025,332500428,1,9,0,-1,15,3,7,-1,2,0,0,0,0,0,1,1,-1,9,1,22,5,-1,-1,-1,-1,4,E01013665,0,1
2025332500429,2025,332500429,1,9,0,-1,7,7,1,-1,0,5,0,0,0,0,1,1,-1,9,2,52,8,-1,-1,-1,-1,10,E01025782,0,1
2025332500429,2025,332500429,2,9,0,-1,2,0,0,-1,0,2,0,0,0,0,2,1,-1,6,3,-1,-1,-1,-1,-1,-1,-1,-1,0,-1
2025332500430,2025,332500430,1,9,0,-1,19,1,6,-1,0,8,0,0,0,0,1,1,-1,6,1,-1,-1,-1,-1,-1,-1,-1,-1,0,-1
2025332500431,2025,332500431,2,9,0,-1,19,3,7,-1,0,0,0,0,0,0,1,1,-1,6,1,-1,-1,-1,-1,-1,-1,-1,-1,0,-1
2025332500431,2025,332500431,1,9,0,-1,19,7,3,-1,0,0,0,0,0,0,1,1,-1,9,2,60,9,-1,-1,-1,-1,6,E01031085,0,4
2025332500432,2025,332500432,2,1,0,-1,19,4,8,-1,5,0,0,0,0,0,1,1,-1,6,1,-1,-1,-1,-1,-1,-1,-1,-1,0,-1
2025332500432,2025,332500432,1,1,0,-1,19,4,8,-1,5,0,0,0,0,0,1,1,-1,9,1,55,8,-1,-1,-1,-1,10,E01025711,0,1
2025332500433,2025,332500433,1,9,0,-1,19,3,7,-1,0,0,0,0,0,0,2,1,-1,9,2,65,9,-1,-1,-1,-1,8,E01013799,0,4
2025332500433,2025,332500433,2,9,0,-1,19,3,7,-1,0,0,0,0,0,0,1,1,-1,6,1,-1,-1,-1,-1,-1,-1,-1,-1,0,-1
2025332500433,2025,332500433,3,9,0,-1,19,3,7,-1,0,0,0,0,0,0,3,1,-1,1,3,-1,-1,-1,-1,-1,-1,-1,-1,0,-1
2025332500434,2025,332500434,1,1,0,-1,19,3,7,-1,0,8,0,0,0,0,1,1,-1,9,1,32,6,-1,-1,-1,-1,8,E01025728,0,2
2025332500434,2025,332500434,2,9,0,-1,9,7,5,-1,0,5,0,0,0,0,4,1,-1,6,1,-1,-1,-1,-1,-1,-1,-1,-1,0,-1
2025332500435,2025,332500435,2,97,0,-1,19,3,7,-1,0,8,0,0,0,0,1,1,-1,6,3,-1,-1,-1,-1,-1,-1,-1,-1,0,-1
2025332500435,2025,332500435,1,9,0,-1,19,8,4,-1,0,8,0,0,0,0,4,1,-1,9,1,34,6,-1,-1,-1,-1,3,E01013745,0,1
2025332500436,2025,332500436,2,9,0,-1,19,5,1,-1,0,0,0,0,0,0,1,1,-1,2,2,34,6,-1,-1,-1,-1,8,E01025926,0,1
2025332500436,2025,332500436,1,5,0,-1,19,2,5,-1,0,0,1,0,0,0,1,1,-1,6,1,19,4,-1,-1,-1,-1,8,E01019652,0,3
2025332500436,2025,332500436,3,9,0,-1,19,5,1,-1,0,0,0,0,0,0,3,1,-1,9,2,36,7,-1,-1,-1,-1,8,E01025926,0,1
2025332500437,2025,332500437,1,9,0,-1,4,1,4,-1,0,1,0,0,0,0,0,1,-1,1,1,48,8,-1,-1,-1,-1,-1,-1,0,-1
2025332500437,2025,332500437,2,9,0,-1,19,1,4,-1,0,6,0,7,3,4,1,1,-1,6,1,22,5,-1,-1,-1,-1,1,E01025699,0,1
2025332500438,2025,332500438,1,5,0,-1,13,4,1,-1,0,0,1,0,0,0,1,1,-1,9,1,62,9,-1,-1,-1,-1,9,E01025921,0,3
2025332500438,2025,332500438,2,90,0,-1,5,5,1,-1,0,0,0,0,0,0,3,1,-1,1,2,32,6,-1,-1,-1,-1,5,E01025957,0,2
2025332500439,2025,332500439,2,9,0,-1,19,4,8,-1,0,0,0,0,0,0,1,1,-1,6,1,66,10,-1,-1,-1,-1,6,E01035099,0,1
2025332500439,2025,332500439,1,19,0,-1,19,8,4,-1,0,0,0,0,0,0,1,1,-1,1,1,37,7,-1,-1,-1,-1,6,E01028188,0,4
2025332500441,2025,332500441,2,9,0,-1,7,6,2,-1,0,6,0,0,0,0,4,1,-1,6,1,23,5,-1,-1,-1,-1,7,E01025977,0,1
2025332500441,2025,332500441,1,-1,0,-1,19,8,4,-1,0,8,0,0,0,0,1,1,-1,6,2,15,3,-1,-1,-1,-1,4,E01025976,1,1
2025332500442,2025,332500442,1,9,0,-1,7,8,2,-1,0,5,0,0,0,0,4,1,-1,9,1,64,9,-1,-1,-1,-1,8,E01021973,0,5
2025332500442,2025,332500442,2,1,0,-1,19,8,4,-1,4,8,0,0,0,0,3,1,-1,6,1,-1,-1,-1,-1,-1,-1,8,E01025807,0,4
2025332500443,2025,332500443,1,9,0,-1,4,1,5,-1,0,1,0,0,0,0,2,1,-1,2,2,31,6,-1,-1,-1,-1,8,E01025728,0,3
2025332500443,2025,332500443,2,19,0,-1,19,1,5,-1,0,1,0,0,0,0,1,1,-1,6,3,-1,-1,-1,-1,-1,-1,-1,-1,0,-1
2025332500444,2025,332500444,1,4,0,-1,19,4,8,-1,0,1,0,0,1,9,1,1,-1,9,1,57,9,-1,-1,-1,-1,6,E01035102,0,2
2025332500445,2025,332500445,2,19,0,-1,19,5,1,-1,0,0,0,0,0,0,3,1,-1,9,1,59,9,-1,-1,-1,-1,7,E01025977,0,3
2025332500445,2025,332500445,1,9,0,-1,19,2,5,-1,0,0,0,0,1,0,3,1,-1,9,1,55,8,-1,-1,-1,-1,7,E01025841,0,1
2025332500446,2025,332500446,1,9,0,-1,19,3,7,-1,0,1,0,0,0,0,1,1,-1,2,2,30,6,-1,-1,-1,-1,7,E01025812,0,2
2025332500447,2025,332500447,1,9,0,-1,19,1,5,-1,0,8,0,0,0,0,1,1,-1,6,1,50,8,-1,-1,-1,-1,2,E01013654,0,1
2025332500448,2025,332500448,1,9,0,-1,19,7,4,-1,0,0,0,0,0,0,1,1,-1,9,2,32,6,-1,-1,-1,-1,4,E01025962,0,2
2025332500448,2025,332500448,2,9,0,-1,19,4,7,-1,0,0,0,0,0,0,3,1,-1,9,2,28,6,-1,-1,-1,-1,2,E01025701,0,3
2025332500449,2025,332500449,1,9,0,-1,9,6,4,-1,0,6,5,0,0,0,1,1,-1,9,2,24,5,-1,-1,-1,-1,10,E01025615,0,4
2025332500449,2025,332500449,2,5,0,-1,19,4,6,-1,0,8,0,0,0,0,4,1,-1,9,1,66,10,-1,-1,-1,-1,5,E01026241,0,4
2025332500449,2025,332500449,3,9,0,-1,19,8,4,-1,0,1,0,0,0,0,3,1,-1,9,2,54,8,-1,-1,-1,-1,9,E01013788,0,2
2025332500450,2025,332500450,2,9,0,-1,19,3,7,-1,0,0,0,0,0,0,1,1,-1,6,3,-1,-1,-1,-1,-1,-1,-1,-1,0,-1
2025332500450,2025,332500450,1,1,0,-1,19,7,3,-1,0,0,0,0,0,0,3,1,-1,9,1,46,8,-1,-1,-1,-1,9,E01025908,0,1
2025332500451,2025,332500451,1,3,0,-1,19,5,1,-1,0,0,0,0,0,0,3,1,-1,9,1,71,10,-1,-1,-1,-1,9,E01035088,0,2
2025332500451,2025,332500451,2,9,0,-1,19,1,5,-1,0,0,0,0,0,0,3,1,-1,9,1,65,9,-1,-1,-1,-1,8,E01025770,0,3
2025332500453,2025,332500453,1,9,0,-1,19,6,2,-1,0,0,0,0,7,0,1,1,-1,6,3,-1,-1,-1,-1,-1,-1,-1,-1,0,-1
2025332500454,2025,332500454,2,9,0,-1,19,4,8,-1,0,0,0,0,0,0,1,1,-1,6,3,-1,-1,-1,-1,-1,-1,-1,-1,0,-1
2025332500454,2025,332500454,1,9,0,-1,4,4,8,-1,0,0,0,0,0,0,2,1,-1,9,1,21,5,-1,-1,-1,-1,4,E01013749,0,1
2025332500455,2025,332500455,1,9,0,-1,19,3,7,-1,0,2,1,10,0,0,2,1,-1,9,2,43,7,-1,-1,-1,-1,6,E01025629,0,1
2025332500456,2025,332500456,1,19,0,-1,9,6,4,-1,0,5,0,0,0,0,4,1,-1,1,1,27,6,-1,-1,-1,-1,7,E01031099,0,4
2025332500456,2025,332500456,2,9,0,-1,19,2,6,-1,0,8,0,0,0,0,1,1,-1,2,1,22,5,-1,-1,-1,-1,1,E01013652,0,1
2025332500457,2025,332500457,1,9,0,-1,19,9,9,-1,0,0,0,0,0,0,1,1,-1,6,1,-1,-1,-1,-1,-1,-1,-1,-1,0,-1
2025332500458,2025,332500458,1,9,0,-1,9,8,4,-1,0,5,0,0,0,0,1,1,-1,6,1,-1,-1,-1,-1,-1,-1,-1,-1,0,-1
2025332500459,2025,332500459,1,9,0,-1,19,3,7,-1,0,0,0,0,0,0,1,1,-1,9,1,48,8,-1,-1,-1,-1,6,E01033536,0,2
2025332500460,2025,332500460,1,9,0,-1,19,3,7,-1,0,6,1,0,0,0,3,1,-1,2,1,27,6,-1,-1,-1,-1,1,E01013603,0,2
2025332500460,2025,332500460,2,9,0,-1,19,5,1,-1,0,8,0,0,0,0,1,1,-1,2,1,53,8,-1,-1,-1,-1,9,E01025975,0,1
2025332500461,2025,332500461,2,9,0,-1,10,3,1,-1,0,8,0,0,0,0,2,1,-1,1,2,62,9,-1,-1,-1,-1,8,E01035087,0,4
2025332500461,2025,332500461,1,5,0,-1,19,3,7,-1,0,8,1,0,0,0,1,1,-1,9,1,81,11,-1,-1,-1,-1,6,E01025903,0,2
2025332500462,2025,332500462,2,1,0,-1,19,8,4,-1,0,0,0,0,0,0,1,1,-1,6,2,14,3,-1,-1,-1,-1,10,E01013706,0,1
2025332500462,2025,332500462,1,9,0,-1,19,6,2,-1,0,0,0,0,0,0,1,1,-1,2,1,54,8,-1,-1,-1,-1,10,E01013706,0,1