collision_index,collision_year,collision_ref_no,vehicle_reference,vehicle_type,towing_and_articulation,vehicle_manoeuvre_historic,vehicle_manoeuvre,vehicle_direction_from,vehicle_direction_to,vehicle_location_restricted_lane_historic,vehicle_location_restricted_lane,junction_location,skidding_and_overturning,hit_object_in_carriageway,vehicle_leaving_carriageway,hit_object_off_carriageway,first_point_of_impact,vehicle_left_hand_drive,journey_purpose_of_driver_historic,journey_purpose_of_driver,sex_of_driver,age_of_driver,age_band_of_driver,engine_capacity_cc,propulsion_code,age_of_vehicle,generic_make_model,driver_imd_decile,lsoa_of_driver,escooter_flag,driver_distance_banding
2025332500463,2025,332500463,2,9,0,-1,19,3,7,-1,0,1,0,0,0,0,3,1,-1,6,1,-1,-1,-1,-1,-1,-1,-1,-1,0,-1
2025332500463,2025,332500463,1,9,0,-1,4,3,7,-1,0,1,0,0,0,0,4,1,-1,2,2,60,9,-1,-1,-1,-1,9,E01035101,0,1
2025332500464,2025,332500464,1,9,0,-1,19,5,1,-1,0,0,0,0,0,0,2,1,-1,2,2,49,8,-1,-1,-1,-1,5,E01025749,0,2
2025332500464,2025,332500464,2,9,0,-1,19,5,1,-1,0,0,0,0,0,0,1,1,-1,6,1,-1,-1,-1,-1,-1,-1,-1,-1,0,-1
2025332500465,2025,332500465,1,9,0,-1,9,6,5,-1,0,6,0,0,0,0,1,1,-1,6,2,25,5,-1,-1,-1,-1,8,E01025942,0,1
2025332500466,2025,332500466,1,9,0,-1,19,9,9,-1,0,8,0,0,0,0,1,1,-1,6,2,-1,-1,-1,-1,-1,-1,-1,-1,0,-1
2025332500467,2025,332500467,2,9,0,-1,19,7,4,-1,0,8,0,0,0,0,1,1,-1,2,2,45,7,-1,-1,-1,-1,6,E01025874,0,4
2025332500467,2025,332500467,1,8,0,-1,9,1,8,-1,0,6,0,0,0,0,1,1,-1,1,1,65,9,-1,-1,-1,-1,3,E01013719,0,3
2025332500468,2025,332500468,2,9,0,-1,13,5,1,-1,0,0,0,0,0,0,1,1,-1,6,1,43,7,-1,-1,-1,-1,1,E01013675,0,2
2025332500468,2025,332500468,1,9,0,-1,19,1,5,-1,0,0,0,0,0,0,1,1,-1,6,1,39,7,-1,-1,-1,-1,3,E01009084,0,4
2025332500469,2025,332500469,1,9,0,-1,13,7,3,-1,0,0,1,0,1,0,1,1,-1,6,2,44,7,-1,-1,-1,-1,3,E01026958,0,3
2025332500469,2025,332500469,2,19,0,-1,19,3,7,-1,0,0,1,0,1,0,1,1,-1,2,1,19,4,-1,-1,-1,-1,3,W01000881,0,5
2025332500470,2025,332500470,1,9,0,-1,19,5,1,-1,0,0,0,0,0,0,3,1,-1,9,1,22,5,-1,-1,-1,-1,9,E01025754,0,2
2025332500471,2025,332500471,2,9,0,-1,19,1,5,-1,0,0,0,0,0,0,4,1,-1,1,1,39,7,-1,-1,-1,-1,-1,-1,0,-1
2025332500471,2025,332500471,1,9,0,-1,19,1,5,-1,0,0,0,0,0,0,2,1,-1,1,1,43,7,-1,-1,-1,-1,-1,-1,0,-1
2025332500471,2025,332500471,3,19,0,-1,5,1,5,-1,0,0,0,0,4,6,1,1,-1,6,1,39,7,-1,-1,-1,-1,3,E01024539,0,5
2025332500472,2025,332500472,1,9,0,-1,7,3,5,-1,0,6,0,0,0,0,1,1,-1,2,2,54,8,-1,-1,-1,-1,9,E01025671,0,1
2025332500472,2025,332500472,2,19,0,-1,10,5,3,-1,0,8,0,0,0,0,1,1,-1,2,1,46,8,-1,-1,-1,-1,4,E01016367,0,5
2025332500473,2025,332500473,2,9,0,-1,2,0,0,-1,0,0,0,0,0,0,1,1,-1,6,3,-1,-1,-1,-1,-1,-1,-1,-1,0,-1
2025332500473,2025,332500473,1,9,0,-1,19,7,3,-1,0,0,5,0,0,0,1,1,-1,2,2,39,7,-1,-1,-1,-1,10,E01034004,0,1
2025332500474,2025,332500474,2,9,0,-1,19,2,6,-1,0,0,0,0,0,0,1,1,-1,6,1,-1,-1,-1,-1,-1,-1,-1,-1,0,-1
2025332500474,2025,332500474,1,9,0,-1,19,2,6,-1,0,0,0,0,0,0,2,1,-1,2,1,18,4,-1,-1,-1,-1,8,E01025630,0,1
2025332500475,2025,332500475,1,3,0,-1,7,9,9,-1,0,4,0,0,0,0,2,1,-1,9,1,20,4,-1,-1,-1,-1,1,E01013632,0,1
2025332500475,2025,332500475,2,9,0,-1,7,9,9,-1,0,4,0,0,0,0,1,1,-1,1,2,-1,-1,-1,-1,-1,-1,-1,-1,0,-1
2025332500476,2025,332500476,1,9,0,-1,19,4,8,-1,0,8,0,0,0,0,1,1,-1,6,1,18,4,-1,-1,-1,-1,7,E01025620,0,1
2025332500476,2025,332500476,2,9,0,-1,2,0,0,-1,0,8,0,0,0,0,1,1,-1,6,3,-1,-1,-1,-1,-1,-1,-1,-1,0,-1
2025332500477,2025,332500477,2,1,0,-1,19,4,8,-1,0,8,0,0,0,0,1,1,-1,6,1,24,5,-1,-1,-1,-1,4,E01013711,0,1
2025332500477,2025,332500477,1,9,0,-1,9,5,4,-1,0,6,0,0,0,0,1,1,-1,6,1,53,8,-1,-1,-1,-1,-1,-1,0,-1
2025332500478,2025,332500478,1,9,0,-1,99,9,9,-1,0,5,0,0,0,0,4,1,-1,6,2,-1,-1,-1,-1,-1,-1,-1,-1,0,-1
2025332500479,2025,332500479,1,9,0,-1,19,4,8,-1,0,8,0,0,0,0,-1,1,-1,6,3,-1,-1,-1,-1,-1,-1,-1,-1,0,-1
2025332500479,2025,332500479,2,1,0,-1,19,4,8,-1,0,8,0,0,0,0,-1,1,-1,6,1,32,6,-1,-1,-1,-1,1,E01013632,0,2
2025332500480,2025,332500480,1,9,0,-1,19,8,4,-1,0,0,0,0,1,4,1,1,-1,6,1,21,5,-1,-1,-1,-1,3,E01013682,0,2
2025332500480,2025,332500480,2,9,0,-1,19,8,4,-1,0,0,0,0,0,0,0,1,-1,6,3,-1,-1,-1,-1,-1,-1,-1,-1,0,-1
2025332500481,2025,332500481,2,1,0,-1,19,6,2,-1,0,0,0,0,0,0,1,1,-1,6,1,16,4,-1,-1,-1,-1,7,E01025958,0,1
2025332500481,2025,332500481,1,9,0,-1,19,1,4,-1,0,0,0,0,0,0,1,1,-1,2,2,29,6,-1,-1,-1,-1,5,E01025957,0,1
2025332500482,2025,332500482,1,5,0,-1,19,8,4,-1,0,0,1,0,1,9,1,1,-1,9,1,41,7,-1,-1,-1,-1,2,E01013866,0,4
2025332500483,2025,332500483,1,9,0,-1,9,8,6,-1,0,8,0,0,0,0,1,1,-1,9,2,51,8,-1,-1,-1,-1,7,E01025735,0,1
2025332500483,2025,332500483,2,1,0,-1,13,8,4,-1,0,8,0,0,0,0,4,1,-1,9,1,58,9,-1,-1,-1,-1,10,E01034005,0,2
2025332500484,2025,332500484,1,9,0,-1,9,3,8,-1,0,2,1,0,0,0,1,1,-1,9,1,21,5,-1,-1,-1,-1,4,E01013663,0,1
2025332500484,2025,332500484,2,9,0,-1,2,0,0,-1,0,2,0,0,2,0,2,1,-1,9,1,68,10,-1,-1,-1,-1,4,E01013689,0,1
2025332500484,2025,332500484,3,9,0,-1,2,0,0,-1,0,2,0,0,0,0,2,1,-1,1,1,43,7,-1,-1,-1,-1,7,E01025812,0,1
2025332500485,2025,332500485,1,9,0,-1,19,7,3,-1,0,0,0,0,0,0,1,1,-1,6,1,67,10,-1,-1,-1,-1,10,E01025835,0,1
2025332500486,2025,332500486,2,9,0,-1,19,8,4,-1,0,8,0,0,0,0,1,1,-1,9,1,23,5,-1,-1,-1,-1,1,E01013677,0,2
2025332500486,2025,332500486,1,9,0,-1,9,2,8,-1,0,6,0,0,3,3,1,1,-1,9,1,27,6,-1,-1,-1,-1,5,E01013648,0,2
2025332500487,2025,332500487,1,2,0,-1,19,8,3,-1,0,8,0,0,0,0,1,1,-1,6,1,50,8,-1,-1,-1,-1,2,E01013667,0,2
2025332500487,2025,332500487,2,19,0,-1,19,2,6,-1,0,4,0,0,0,0,3,1,-1,6,2,-1,-1,-1,-1,-1,-1,-1,-1,0,-1
2025332500488,2025,332500488,1,99,0,-1,19,9,9,-1,0,2,0,0,0,0,1,1,-1,6,3,-1,-1,-1,-1,-1,-1,-1,-1,0,-1
2025332500489,2025,332500489,1,9,0,-1,19,1,5,-1,0,2,0,0,0,0,1,1,-1,6,3,-1,-1,-1,-1,-1,-1,-1,-1,0,-1
2025332500490,2025,332500490,1,9,0,-1,19,6,1,-1,0,3,0,0,0,0,4,1,-1,9,1,75,10,-1,-1,-1,-1,8,E01025681,0,1
2025332500490,2025,332500490,2,9,0,-1,12,6,1,-1,0,3,0,0,0,0,3,1,-1,6,2,36,7,-1,-1,-1,-1,5,E01025656,0,2
2025332500491,2025,332500491,1,9,0,-1,19,1,5,-1,0,0,0,0,0,0,1,1,-1,6,3,-1,-1,-1,-1,-1,-1,-1,-1,0,-1
2025332500492,2025,332500492,1,9,0,-1,19,8,4,-1,0,0,5,0,7,9,1,1,-1,6,1,22,5,-1,-1,-1,-1,9,E01025974,0,1
2025332500493,2025,332500493,1,9,0,-1,10,7,5,-1,0,8,0,0,0,0,3,1,-1,9,1,42,7,-1,-1,-1,-1,9,E01025948,0,1
2025332500493,2025,332500493,2,9,0,-1,19,9,9,-1,0,6,0,0,0,0,1,1,-1,6,1,-1,-1,-1,-1,-1,-1,-1,-1,0,-1
2025332500494,2025,332500494,1,8,0,-1,2,0,0,-1,0,2,0,0,0,0,0,1,-1,1,1,30,6,-1,-1,-1,-1,1,E01013755,0,3
2025332500495,2025,332500495,1,9,0,-1,19,6,2,-1,0,1,0,0,0,0,1,1,-1,6,3,-1,-1,-1,-1,-1,-1,-1,-1,0,-1
2025332500496,2025,332500496,1,9,0,-1,19,5,1,-1,0,8,0,0,0,0,1,1,-1,2,2,56,9,-1,-1,-1,-1,10,E01025787,0,3
2025332500497,2025,332500497,1,9,0,-1,19,7,3,-1,0,0,0,0,7,11,1,1,-1,6,1,-1,-1,-1,-1,-1,-1,-1,-1,0,-1
2025332500498,2025,332500498,1,9,0,-1,19,3,7,-1,0,8,0,0,0,0,4,1,-1,2,2,44,7,-1,-1,-1,-1,5,E01013700,0,1
2025332500498,2025,332500498,2,9,0,-1,19,5,1,-1,0,6,0,0,7,10,1,1,-1,6,1,38,7,-1,-1,-1,-1,3,E01013660,0,1
2025332500499,2025,332500499,2,9,0,-1,19,5,1,-1,0,8,5,0,7,0,1,1,-1,9,2,37,7,-1,-1,-1,-1,10,E01033103,0,2
2025332500499,2025,332500499,1,9,0,-1,5,2,6,-1,0,8,0,0,0,0,4,1,-1,1,2,29,6,-1,-1,-1,-1,7,E01013686,0,3
2025332500500,2025,332500500,2,4,0,-1,19,4,8,-1,0,2,0,0,0,0,1,1,-1,6,1,-1,-1,-1,-1,-1,-1,-1,-1,0,-1
2025332500500,2025,332500500,1,19,0,-1,9,2,8,-1,0,2,0,0,0,0,2,1,-1,9,1,55,8,-1,-1,-1,-1,7,E01025960,0,1
2025332500501,2025,332500501,2,9,0,-1,19,1,5,-1,0,1,0,0,0,0,1,1,-1,6,2,-1,-1,-1,-1,-1,-1,-1,-1,0,-1
2025332500501,2025,332500501,1,9,0,-1,3,1,5,-1,0,1,0,0,0,0,2,1,-1,9,1,30,6,-1,-1,-1,-1,5,E01013737,0,1
2025332500502,2025,332500502,1,9,0,-1,9,3,1,-1,0,5,0,0,0,0,3,1,-1,6,1,-1,-1,-1,-1,-1,-1,-1,-1,0,-1
2025332500502,2025,332500502,2,1,0,-1,13,3,7,-1,0,8,0,0,0,0,1,1,-1,6,1,14,3,-1,-1,-1,-1,1,E01013675,0,1
2025332500503,2025,332500503,1,3,0,-1,19,8,4,-1,0,1,0,0,0,0,2,1,-1,9,1,21,5,-1,-1,-1,-1,10,E01013803,0,1
2025332500503,2025,332500503,2,19,0,-1,19,8,4,-1,0,1,0,0,0,0,1,1,-1,9,1,56,9,-1,-1,-1,-1,6,E01035104,0,1
2025332500504,2025,332500504,1,9,0,-1,19,4,8,-1,0,8,1,0,0,0,3,1,-1,2,2,47,8,-1,-1,-1,-1,5,E01013784,0,1
2025332500504,2025,332500504,2,9,0,-1,19,2,6,-1,0,6,0,0,0,0,1,1,-1,6,2,-1,-1,-1,-1,-1,-1,-1,-1,0,-1
2025332500505,2025,332500505,2,9,0,-1,19,8,4,-1,0,0,0,0,0,0,1,1,-1,6,3,-1,-1,-1,-1,-1,-1,-1,-1,0,-1
2025332500505,2025,332500505,1,9,0,-1,19,8,4,-1,0,0,0,0,0,0,2,1,-1,9,2,44,7,-1,-1,-1,-1,6,E01025756,0,1
2025332500506,2025,332500506,1,9,0,-1,19,6,2,-1,0,0,5,0,4,4,1,1,-1,6,1,36,7,-1,-1,-1,-1,1,E01013602,0,1
2025332500507,2025,332500507,2,9,0,-1,19,7,3,-1,0,8,0,0,1,0,1,1,-1,9,1,24,5,-1,-1,-1,-1,1,E01009651,0,4
2025332500507,2025,332500507,1,9,0,-1,9,3,1,-1,0,5,0,0,1,0,1,1,-1,9,1,19,4,-1,-1,-1,-1,4,E01029817,0,4
2025332500508,2025,332500508,1,3,0,-1,9,5,3,-1,0,5,0,0,0,0,1,1,-1,6,1,18,4,-1,-1,-1,-1,1,E01013661,0,1
2025332500508,2025,332500508,2,9,0,-1,19,3,7,-1,0,1,0,0,0,0,1,1,-1,9,2,42,7,-1,-1,-1,-1,3,E01013774,0,2
2025332500509,2025,332500509,2,9,0,-1,19,7,3,-1,0,8,0,0,0,0,1,1,-1,6,1,42,7,-1,-1,-1,-1,7,E01025812,0,1
2025332500509,2025,332500509,1,19,0,-1,9,5,3,-1,0,6,0,0,0,0,4,1,-1,9,1,78,11,-1,-1,-1,-1,7,E01025812,0,1
2025332500510,2025,332500510,1,1,0,-1,19,5,1,-1,0,0,0,0,0,0,2,1,-1,9,1,27,6,-1,-1,-1,-1,4,E01013749,0,1
2025332500510,2025,332500510,2,9,0,-1,19,5,1,-1,0,0,0,0,0,0,1,1,-1,6,3,-1,-1,-1,-1,-1,-1,-1,-1,0,-1
2025332500511,2025,332500511,2,9,0,-1,9,3,1,-1,0,8,0,0,0,0,1,1,-1,6,1,73,10,-1,-1,-1,-1,8,E01025630,0,1
2025332500511,2025,332500511,1,9,0,-1,19,5,1,-1,0,8,0,0,0,0,3,1,-1,2,2,43,7,-1,-1,-1,-1,2,E01013721,0,1
2025332500512,2025,332500512,1,1,0,-1,19,4,8,-1,0,4,0,0,1,2,1,1,-1,6,1,27,6,-1,-1,-1,-1,1,E01013730,0,2
2025332500513,2025,332500513,2,9,0,-1,19,9,9,-1,0,0,0,0,0,0,1,1,-1,6,3,-1,-1,-1,-1,-1,-1,-1,-1,0,-1
2025332500513,2025,332500513,1,1,0,-1,19,6,2,-1,9,0,0,0,0,0,3,1,-1,7,1,9,2,-1,-1,-1,-1,8,E01025792,0,1
2025332500514,2025,332500514,1,3,0,-1,19,7,3,-1,0,8,0,0,0,0,4,1,-1,2,1,22,5,-1,-1,-1,-1,2,E01032602,0,1
2025332500514,2025,332500514,2,9,0,-1,5,1,5,-1,0,6,0,0,0,0,3,1,-1,6,2,-1,-1,-1,-1,-1,-1,-1,-1,0,-1
2025332500515,2025,332500515,1,9,0,-1,19,7,3,-1,0,8,0,0,0,0,1,1,-1,9,2,56,9,-1,-1,-1,-1,7,E01027043,0,1
2025332500515,2025,332500515,2,5,0,-1,9,2,7,-1,0,6,0,0,0,0,1,1,-1,9,1,61,9,-1,-1,-1,-1,6,E01027062,0,4
2025332500516,2025,332500516,1,3,0,-1,19,9,9,-1,0,0,0,0,0,0,1,1,-1,9,1,20,4,-1,-1,-1,-1,10,E01025616,0,2
2025332500516,2025,332500516,2,9,0,-1,4,9,9,-1,0,0,0,0,0,0,2,1,-1,6,1,-1,-1,-1,-1,-1,-1,-1,-1,0,-1
2025332500517,2025,332500517,1,9,0,-1,19,8,4,-1,0,4,0,0,0,0,1,1,-1,9,2,34,6,-1,-1,-1,-1,8,E01025864,0,1
2025332500517,2025,332500517,2,9,0,-1,4,8,4,-1,0,4,0,0,0,0,2,1,-1,6,3,-1,-1,-1,-1,-1,-1,-1,-1,0,-1
2025332500518,2025,332500518,1,9,0,-1,4,9,9,-1,0,0,0,0,0,0,2,1,-1,2,1,54,8,-1,-1,-1,-1,3,E01013743,0,1
2025332500518,2025,332500518,2,9,0,-1,19,9,9,-1,0,0,0,0,0,0,1,1,-1,6,3,-1,-1,-1,-1,-1,-1,-1,-1,0,-1
2025332500519,2025,332500519,1,9,0,-1,19,2,6,-1,0,0,0,0,0,0,1,1,-1,9,1,49,8,-1,-1,-1,-1,7,E01013686,0,2
2025332500519,2025,332500519,2,9,0,-1,19,6,2,-1,0,0,0,0,0,0,1,1,-1,6,3,-1,-1,-1,-1,-1,-1,-1,-1,0,-1
2025332500520,2025,332500520,2,9,0,-1,2,0,0,-1,0,0,0,0,0,0,3,1,-1,6,3,-1,-1,-1,-1,-1,-1,-1,-1,0,-1
2025332500520,2025,332500520,1,1,0,-1,19,9,9,-1,0,0,0,0,0,0,1,1,-1,9,2,51,8,-1,-1,-1,-1,2,E01013631,0,1
2025332500521,2025,332500521,1,9,0,-1,-1,9,9,0,0,8,0,0,0,0,4,1,2,2,1,23,5,-1,-1,-1,-1,2,E01013628,0,1
2025332500521,2025,332500521,2,9,0,-1,-1,9,9,0,0,8,0,0,0,0,1,1,6,6,3,-1,-1,-1,-1,-1,-1,-1,-1,0,-1
2025332500522,2025,332500522,1,9,0,-1,19,5,1,-1,0,0,0,0,0,0,1,1,-1,6,2,40,7,-1,-1,-1,-1,8,E01025739,0,1
2025332500523,2025,332500523,1,9,0,-1,19,0,0,-1,0,0,0,0,0,0,1,1,-1,9,2,67,10,-1,-1,-1,-1,6,E01025903,0,1
2025332500523,2025,332500523,2,9,0,-1,2,0,0,-1,0,0,0,0,0,0,2,1,-1,1,1,58,9,-1,-1,-1,-1,7,E01013636,0,4
2025332500523,2025,332500523,3,9,0,-1,2,0,0,-1,0,0,0,0,0,0,2,1,-1,6,3,-1,-1,-1,-1,-1,-1,-1,-1,0,-1
2025332500524,2025,332500524,2,9,0,-1,19,1,5,-1,0,4,0,0,0,0,1,1,-1,9,2,30,6,-1,-1,-1,-1,9,E01025948,0,1
2025332500524,2025,332500524,1,9,0,-1,1,5,1,-1,0,3,0,0,0,0,2,1,-1,6,3,-1,-1,-1,-1,-1,-1,-1,-1,0,-1
2025332500525,2025,332500525,1,5,0,-1,19,2,6,-1,0,8,0,0,0,0,1,1,-1,6,1,20,4,-1,-1,-1,-1,5,E01025879,0,1
2025332500525,2025,332500525,2,9,0,-1,10,2,8,-1,0,8,0,0,0,0,2,1,-1,6,1,41,7,-1,-1,-1,-1,10,E01025846,0,1
2025332500526,2025,332500526,2,20,0,-1,4,1,5,-1,0,0,0,0,0,0,2,1,-1,6,1,-1,-1,-1,-1,-1,-1,-1,-1,0,-1
2025332500526,2025,332500526,1,9,0,-1,19,1,5,-1,0,0,0,0,0,0,1,1,-1,6,2,75,10,-1,-1,-1,-1,1,E01013675,0,2
2025332500527,2025,332500527,1,9,0,-1,19,1,5,-1,0,8,0,0,1,0,4,1,-1,2,2,23,5,-1,-1,-1,-1,3,E01025989,0,2
2025332500527,2025,332500527,2,8,0,-1,19,3,8,-1,0,8,0,0,0,0,1,1,-1,1,1,33,6,-1,-1,-1,-1,2,E01013760,0,1
2025332500528,2025,332500528,1,3,0,-1,19,5,1,-1,0,6,0,0,1,0,3,1,-1,9,1,19,4,-1,-1,-1,-1,7,E01025909,0,1
2025332500528,2025,332500528,2,9,0,-1,19,3,7,-1,0,8,0,0,0,0,1,1,-1,9,1,52,8,-1,-1,-1,-1,3,E01025905,0,2
2025332500529,2025,332500529,2,9,0,-1,9,3,1,-1,0,0,0,0,0,0,2,1,-1,9,1,29,6,-1,-1,-1,-1,3,E01025727,0,4
2025332500529,2025,332500529,1,9,0,-1,19,3,7,-1,0,0,0,0,0,0,1,1,-1,9,1,83,11,-1,-1,-1,-1,7,E01033118,0,4
2025332500530,2025,332500530,1,19,0,-1,5,5,1,-1,0,1,0,0,0,0,1,1,-1,6,3,-1,-1,-1,-1,-1,-1,-1,-1,0,-1
2025332500531,2025,332500531,2,3,0,-1,19,8,4,-1,0,0,0,0,0,0,1,1,-1,6,1,13,3,-1,-1,-1,-1,1,E01013632,0,1
2025332500531,2025,332500531,1,9,0,-1,5,4,8,-1,0,0,0,0,0,0,3,1,-1,9,1,37,7,-1,-1,-1,-1,1,E01013632,0,1
2025332500532,2025,332500532,2,98,0,-1,7,4,1,-1,0,3,0,0,0,0,1,1,-1,6,3,-1,-1,-1,-1,-1,-1,-1,-1,0,-1
2025332500532,2025,332500532,1,9,0,-1,7,4,1,-1,0,3,0,0,1,4,2,1,-1,6,2,51,8,-1,-1,-1,-1,1,E01019668,0,3
2025332500533,2025,332500533,2,9,0,-1,7,5,7,-1,0,6,0,0,0,0,3,1,-1,6,1,63,9,-1,-1,-1,-1,9,E01025640,0,2
2025332500533,2025,332500533,1,5,0,-1,19,3,7,-1,0,8,0,0,0,0,1,1,-1,9,1,52,8,-1,-1,-1,-1,10,E01025624,0,2
2025332500534,2025,332500534,1,9,0,-1,19,5,1,-1,0,1,0,10,1,11,1,1,-1,6,1,43,7,-1,-1,-1,-1,10,E01025615,0,1
2025332500535,2025,332500535,2,9,0,-1,19,8,4,-1,0,0,1,0,1,0,1,1,-1,6,2,63,9,-1,-1,-1,-1,7,E01025889,0,1
2025332500535,2025,332500535,1,9,0,-1,19,4,8,-1,0,0,0,0,7,0,1,1,-1,9,2,58,9,-1,-1,-1,-1,8,E01029713,0,4
2025332500536,2025,332500536,2,9,0,-1,9,7,5,-1,0,6,0,0,0,0,1,1,-1,6,1,41,7,-1,-1,-1,-1,3,E01013777,0,1
2025332500536,2025,332500536,1,9,0,-1,19,3,7,-1,0,8,0,0,0,0,1,1,-1,6,1,60,9,-1,-1,-1,-1,7,E01013672,0,1
2025332500539,2025,332500539,1,9,0,-1,5,1,5,-1,0,8,0,0,0,0,3,1,-1,6,1,28,6,-1,-1,-1,-1,2,E01032873,0,1
2025332500539,2025,332500539,2,9,0,-1,9,8,5,-1,0,6,0,0,0,0,1,1,-1,6,1,37,7,-1,-1,-1,-1,1,E01013622,0,1
2025332500540,2025,332500540,1,9,0,-1,19,5,1,-1,0,0,0,0,0,0,1,1,-1,6,2,41,7,-1,-1,-1,-1,1,E01013723,0,1
2025332500540,2025,332500540,2,9,0,-1,19,1,5,-1,0,0,0,0,0,0,1,1,-1,6,2,62,9,-1,-1,-1,-1,1,E01013637,0,1
2025332500541,2025,332500541,2,17,0,-1,7,6,1,-1,0,6,0,0,0,0,2,1,-1,6,1,-1,-1,-1,-1,-1,-1,-1,-1,0,-1
2025332500541,2025,332500541,1,9,0,-1,19,5,1,-1,0,8,0,0,0,0,1,1,-1,9,1,36,7,-1,-1,-1,-1,-1,-1,0,-1
2025332500542,2025,332500542,1,9,0,-1,19,7,3,-1,0,0,0,0,0,0,4,1,-1,6,3,-1,-1,-1,-1,-1,-1,-1,-1,0,-1
2025332500543,2025,332500543,1,9,0,-1,19,3,7,-1,0,2,0,0,0,0,1,1,-1,6,3,-1,-1,-1,-1,-1,-1,-1,-1,0,-1
2025332500543,2025,332500543,2,1,0,-1,19,5,1,-1,0,8,0,0,0,0,1,1,-1,6,1,46,8,-1,-1,-1,-1,3,E01013762,0,1
2025332500545,2025,332500545,2,1,0,-1,19,1,5,-1,0,8,0,0,0,0,1,1,-1,6,2,37,7,-1,-1,-1,-1,4,E01013718,0,1
2025332500545,2025,332500545,1,9,0,-1,7,5,7,-1,0,5,0,0,0,0,1,1,-1,6,1,22,5,-1,-1,-1,-1,3,E01013732,0,1
2025332500546,2025,332500546,2,9,0,-1,19,5,1,-1,0,0,0,0,0,0,1,1,-1,6,3,-1,-1,-1,-1,-1,-1,-1,-1,0,-1
2025332500546,2025,332500546,1,3,0,-1,19,1,5,-1,0,0,0,0,0,0,1,1,-1,1,1,29,6,-1,-1,-1,-1,3,E01013655,0,1
2025332500547,2025,332500547,1,9,0,-1,19,8,4,-1,0,0,0,0,0,0,1,1,-1,9,2,77,11,-1,-1,-1,-1,7,E01013795,0,2
2025332500547,2025,332500547,2,9,0,-1,2,0,0,-1,0,0,0,0,0,0,2,1,-1,6,1,37,7,-1,-1,-1,-1,7,E01013794,0,1
2025332500548,2025,332500548,2,19,0,-1,11,5,1,-1,0,8,0,0,0,0,4,1,-1,6,3,-1,-1,-1,-1,-1,-1,-1,-1,0,-1
2025332500548,2025,332500548,1,9,0,-1,19,5,1,-1,0,8,0,0,0,0,3,1,-1,2,1,36,7,-1,-1,-1,-1,8,E01034006,0,2
2025332500549,2025,332500549,2,21,0,-1,19,3,7,-1,0,0,0,0,0,0,4,1,-1,6,3,-1,-1,-1,-1,-1,-1,-1,-1,0,-1
2025332500549,2025,332500549,1,9,0,-1,19,3,7,-1,0,0,0,10,1,0,3,1,-1,2,2,34,6,-1,-1,-1,-1,1,E01013621,0,3
2025332500550,2025,332500550,2,1,0,-1,19,5,1,-1,0,1,0,0,0,0,3,1,-1,6,1,59,9,-1,-1,-1,-1,10,E01025712,0,3
2025332500550,2025,332500550,1,9,0,-1,13,5,1,-1,0,1,0,0,0,0,1,1,-1,2,1,45,7,-1,-1,-1,-1,2,E01013768,0,1
2025332500551,2025,332500551,1,1,0,-1,19,3,7,-1,0,8,0,0,0,0,4,1,-1,9,1,49,8,-1,-1,-1,-1,4,E01034024,0,1
2025332500551,2025,332500551,2,9,0,-1,19,5,1,-1,0,4,0,0,0,0,1,1,-1,6,3,-1,-1,-1,-1,-1,-1,-1,-1,0,-1
2025332500552,2025,332500552,2,9,0,-1,19,7,3,-1,0,8,0,0,0,0,1,1,-1,6,2,29,6,-1,-1,-1,-1,6,E01025788,0,2
2025332500552,2025,332500552,1,19,0,-1,5,0,0,-1,0,6,0,0,0,0,4,1,-1,2,1,25,5,-1,-1,-1,-1,9,E01013650,0,2
2025332500553,2025,332500553,2,1,0,-1,5,5,1,-1,0,2,0,0,0,0,1,1,-1,6,1,44,7,-1,-1,-1,-1,7,E01025724,0,1
2025332500553,2025,332500553,1,9,0,-1,5,3,7,-1,0,2,0,0,0,0,1,1,-1,9,1,82,11,-1,-1,-1,-1,10,E01025695,0,1
2025332500555,2025,332500555,1,9,0,-1,12,5,1,-1,0,1,1,0,0,0,2,1,-1,9,2,37,7,-1,-1,-1,-1,2,E01013678,0,3
2025332500555,2025,332500555,2,9,0,-1,19,5,1,-1,0,1,0,0,0,0,1,1,-1,9,2,60,9,-1,-1,-1,-1,8,E01025888,0,1
2025332500556,2025,332500556,1,19,0,-1,19,6,2,-1,0,0,0,0,0,0,3,1,-1,6,3,-1,-1,-1,-1,-1,-1,-1,-1,0,-1
2025332500557,2025,332500557,2,19,0,-1,5,4,8,-1,0,1,0,0,0,0,3,1,-1,6,3,-1,-1,-1,-1,-1,-1,-1,-1,0,-1
2025332500557,2025,332500557,1,9,0,-1,14,4,8,-1,0,1,0,0,0,0,4,1,-1,2,2,35,6,-1,-1,-1,-1,3,E01025844,0,2
2025332500558,2025,332500558,1,9,0,-1,19,4,8,-1,0,8,0,0,0,0,3,1,-1,2,2,30,6,-1,-1,-1,-1,6,E01025746,0,2
2025332500558,2025,332500558,2,9,0,-1,9,2,8,-1,0,6,0,0,0,0,4,1,-1,1,1,-1,-1,-1,-1,-1,-1,-1,-1,0,-1
2025332500559,2025,332500559,2,19,0,-1,9,5,3,-1,0,5,0,0,0,0,4,1,-1,9,1,51,8,-1,-1,-1,-1,7,E01025748,0,3
2025332500559,2025,332500559,1,5,0,-1,19,1,5,-1,0,8,0,0,0,0,1,1,-1,6,1,57,9,-1,-1,-1,-1,8,E01033102,0,1
2025332500560,2025,332500560,2,9,0,-1,19,3,7,-1,0,1,0,0,0,0,1,1,-1,6,1,45,7,-1,-1,-1,-1,2,E01019863,0,1