collision_index,collision_year,collision_ref_no,vehicle_reference,vehicle_type,towing_and_articulation,vehicle_manoeuvre_historic,vehicle_manoeuvre,vehicle_direction_from,vehicle_direction_to,vehicle_location_restricted_lane_historic,vehicle_location_restricted_lane,junction_location,skidding_and_overturning,hit_object_in_carriageway,vehicle_leaving_carriageway,hit_object_off_carriageway,first_point_of_impact,vehicle_left_hand_drive,journey_purpose_of_driver_historic,journey_purpose_of_driver,sex_of_driver,age_of_driver,age_band_of_driver,engine_capacity_cc,propulsion_code,age_of_vehicle,generic_make_model,driver_imd_decile,lsoa_of_driver,escooter_flag,driver_distance_banding
2025340NN0352,2025,340NN0352,2,9,0,-1,2,0,0,-1,0,2,0,0,0,0,2,1,-1,6,3,-1,-1,-1,-1,-1,-1,-1,-1,0,-1
2025340NN0352,2025,340NN0352,3,9,0,-1,2,0,0,-1,0,2,0,0,0,0,2,1,-1,6,3,-1,-1,-1,-1,-1,-1,-1,-1,0,-1
2025340NN0352,2025,340NN0352,1,9,0,-1,19,5,1,-1,0,1,0,0,0,0,1,1,-1,9,2,71,10,-1,-1,-1,-1,9,E01027080,0,1
2025340NN0362,2025,340NN0362,1,9,0,-1,1,7,1,-1,0,0,0,0,0,0,2,1,-1,6,2,-1,-1,-1,-1,-1,-1,-1,-1,0,-1
2025340NN0372,2025,340NN0372,2,-1,0,-1,19,1,5,-1,9,1,5,0,0,0,4,1,-1,6,1,31,6,-1,-1,-1,-1,-1,-1,1,-1
2025340NN0372,2025,340NN0372,1,9,0,-1,7,5,7,-1,9,1,0,0,0,0,1,1,-1,9,3,44,7,-1,-1,-1,-1,-1,-1,0,-1
2025340NN0382,2025,340NN0382,2,9,0,-1,9,3,1,-1,0,8,0,0,0,0,1,1,-1,6,1,38,7,-1,-1,-1,-1,6,E01027326,0,1
2025340NN0382,2025,340NN0382,3,9,0,-1,19,1,5,-1,0,8,0,0,0,0,1,1,-1,6,2,59,9,-1,-1,-1,-1,7,E01027354,0,2
2025340NN0382,2025,340NN0382,1,9,0,-1,19,5,1,-1,0,8,1,0,7,9,1,1,-1,6,1,61,9,-1,-1,-1,-1,8,E01027054,0,2
2025340NN0392,2025,340NN0392,2,9,0,-1,19,7,3,-1,0,8,0,0,0,0,4,1,-1,9,1,26,6,-1,-1,-1,-1,10,E01025798,0,3
2025340NN0392,2025,340NN0392,1,9,0,-1,7,1,3,-1,0,1,0,0,0,0,1,1,-1,9,1,40,7,-1,-1,-1,-1,3,E01026976,0,1
2025340NN0402,2025,340NN0402,2,9,0,-1,4,1,5,-1,0,0,0,0,0,0,3,1,-1,9,2,30,6,-1,-1,-1,-1,5,E01027061,0,1
2025340NN0402,2025,340NN0402,1,9,0,-1,19,5,1,-1,0,0,5,0,1,0,3,1,-1,6,2,26,6,-1,-1,-1,-1,5,E01017503,0,1
2025340NN0412,2025,340NN0412,1,19,0,-1,11,3,7,-1,0,0,0,0,0,0,2,1,-1,1,1,51,8,-1,-1,-1,-1,5,E01007501,0,5
2025340NN0412,2025,340NN0412,2,19,0,-1,19,3,7,-1,0,0,0,0,0,0,1,1,-1,1,1,42,7,-1,-1,-1,-1,1,E01009097,0,4
2025340NN0422,2025,340NN0422,1,9,0,-1,19,7,3,-1,0,4,0,0,0,0,1,1,-1,6,2,27,6,-1,-1,-1,-1,2,E01026961,0,3
2025340NN0422,2025,340NN0422,2,1,0,-1,19,1,5,-1,0,8,0,0,0,0,3,1,-1,6,1,28,6,-1,-1,-1,-1,10,E01027121,0,1
2025340NN0432,2025,340NN0432,1,9,0,-1,4,5,1,-1,0,1,0,0,0,0,1,1,-1,6,3,-1,-1,-1,-1,-1,-1,-1,-1,0,-1
2025340NN0432,2025,340NN0432,2,8,0,-1,3,5,1,-1,0,4,0,0,0,0,2,1,-1,1,1,42,7,-1,-1,-1,-1,3,E01016729,0,4
2025340NN0442,2025,340NN0442,1,9,0,-1,13,1,5,-1,0,0,0,0,0,0,4,1,-1,6,3,-1,-1,-1,-1,-1,-1,-1,-1,0,-1
2025340NN0442,2025,340NN0442,2,9,0,-1,19,1,5,-1,0,0,0,0,0,0,3,1,-1,9,1,30,6,-1,-1,-1,-1,7,E01027338,0,1
2025340NN0452,2025,340NN0452,1,9,0,-1,19,7,3,-1,0,0,0,0,0,0,1,1,-1,6,3,-1,-1,-1,-1,-1,-1,-1,-1,0,-1
2025340NN0452,2025,340NN0452,2,9,0,-1,19,7,3,-1,0,0,0,0,0,0,2,1,-1,9,2,28,6,-1,-1,-1,-1,2,E01013667,0,4
2025340NN0462,2025,340NN0462,2,9,0,-1,3,5,1,-1,0,4,0,0,0,0,2,1,-1,9,2,19,4,-1,-1,-1,-1,10,E01027067,0,1
2025340NN0462,2025,340NN0462,1,9,0,-1,19,5,1,-1,0,4,0,0,0,0,1,1,-1,6,1,-1,-1,-1,-1,-1,-1,-1,-1,0,-1
2025340NN0472,2025,340NN0472,1,9,0,-1,7,7,1,-1,0,6,0,0,0,0,3,1,-1,6,2,24,5,-1,-1,-1,-1,6,E01032970,0,1
2025340NN0472,2025,340NN0472,2,9,0,-1,19,5,1,-1,0,1,0,0,0,0,1,1,-1,9,1,23,5,-1,-1,-1,-1,9,E01027108,0,1
2025340NN0482,2025,340NN0482,1,9,0,-1,19,3,7,-1,0,0,0,0,7,4,1,1,-1,9,2,20,4,-1,-1,-1,-1,3,E01027330,0,1
2025340NN0492,2025,340NN0492,1,9,0,-1,19,5,1,-1,9,2,0,0,0,0,1,1,-1,9,1,26,6,-1,-1,-1,-1,2,E01035431,0,1
2025340NN0502,2025,340NN0502,1,3,0,-1,19,1,5,-1,0,3,0,0,0,10,1,1,-1,9,1,16,4,-1,-1,-1,-1,1,E01026968,0,1
2025340NN0512,2025,340NN0512,1,9,0,-1,7,7,3,-1,0,0,0,0,0,0,0,1,-1,6,1,19,4,-1,-1,-1,-1,4,E01026952,0,1
2025340NN0522,2025,340NN0522,1,9,0,-1,19,7,1,-1,0,0,0,0,7,4,1,1,-1,2,1,52,8,-1,-1,-1,-1,6,E01027326,0,3
2025340NN0532,2025,340NN0532,1,9,0,-1,19,7,3,-1,0,8,0,0,0,0,1,1,-1,9,1,58,9,-1,-1,-1,-1,8,E01027071,0,1
2025340NN0532,2025,340NN0532,2,9,0,-1,2,0,0,-1,0,8,0,0,0,0,2,1,-1,6,3,-1,-1,-1,-1,-1,-1,-1,-1,0,-1
2025340NN0542,2025,340NN0542,1,19,0,-1,5,0,0,-1,0,0,0,0,0,0,1,1,-1,1,1,-1,-1,-1,-1,-1,-1,-1,-1,0,-1
2025340NN0552,2025,340NN0552,2,9,0,-1,19,7,3,-1,0,8,0,0,0,0,3,1,-1,9,1,27,6,-1,-1,-1,-1,2,E01027128,0,1
2025340NN0552,2025,340NN0552,1,9,0,-1,9,3,1,-1,0,8,0,0,0,0,1,1,-1,6,3,-1,-1,-1,-1,-1,-1,-1,-1,0,-1
2025340NN0562,2025,340NN0562,1,9,0,-1,19,3,7,-1,0,0,0,0,0,0,4,1,-1,6,3,-1,-1,-1,-1,-1,-1,-1,-1,0,-1
2025340NN0572,2025,340NN0572,1,9,0,-1,9,3,1,-1,0,8,1,0,0,0,1,1,-1,6,1,23,5,-1,-1,-1,-1,7,E01027129,0,3
2025340NN0572,2025,340NN0572,2,9,0,-1,7,7,1,-1,0,8,0,0,0,0,3,1,-1,9,1,42,7,-1,-1,-1,-1,7,E01027089,0,3
2025340NN0582,2025,340NN0582,2,21,0,-1,19,7,3,-1,0,1,0,0,0,0,4,1,-1,1,1,44,7,-1,-1,-1,-1,3,E01032277,0,4
2025340NN0582,2025,340NN0582,1,9,0,-1,12,7,3,-1,0,7,0,0,0,0,3,1,-1,2,2,38,7,-1,-1,-1,-1,8,E01035397,0,3
2025340NN0592,2025,340NN0592,1,9,0,-1,19,7,3,-1,0,1,2,0,7,4,1,1,-1,6,1,56,9,-1,-1,-1,-1,3,E01025806,0,2
2025340NN0602,2025,340NN0602,2,9,0,-1,19,7,3,-1,0,1,0,0,0,0,1,1,-1,1,1,46,8,-1,-1,-1,-1,6,E01027011,0,4
2025340NN0602,2025,340NN0602,1,9,0,-1,9,1,7,-1,0,8,5,0,1,0,3,1,-1,1,1,65,9,-1,-1,-1,-1,8,E01027023,0,3
2025340NN0612,2025,340NN0612,2,9,0,-1,4,5,1,-1,0,0,0,0,0,0,2,1,-1,1,1,62,9,-1,-1,-1,-1,5,E01018128,0,3
2025340NN0612,2025,340NN0612,1,9,0,-1,4,5,1,-1,0,0,0,0,0,0,1,1,-1,9,1,24,5,-1,-1,-1,-1,2,E01015599,0,4
2025340NN0622,2025,340NN0622,1,9,0,-1,-1,3,7,-1,0,0,0,0,0,0,4,1,-1,6,1,19,4,-1,-1,-1,-1,3,E01027314,0,2
2025340NN0632,2025,340NN0632,3,9,0,-1,2,0,0,-1,0,1,0,0,0,0,3,1,-1,6,3,-1,-1,-1,-1,-1,-1,-1,-1,0,-1
2025340NN0632,2025,340NN0632,2,9,0,-1,19,5,1,-1,0,1,0,0,0,0,3,1,-1,9,2,37,7,-1,-1,-1,-1,7,E01027309,0,1
2025340NN0632,2025,340NN0632,1,9,0,-1,19,3,7,-1,0,1,0,0,0,0,1,1,-1,9,1,50,8,-1,-1,-1,-1,4,E01027069,0,2
2025340NN0642,2025,340NN0642,1,9,0,-1,11,7,3,-1,0,3,0,0,1,2,1,1,-1,9,1,56,9,-1,-1,-1,-1,8,E01027329,0,1
2025340NN0652,2025,340NN0652,1,-1,0,-1,19,1,5,-1,0,0,0,0,0,0,3,1,-1,1,1,16,4,-1,-1,-1,-1,1,E01027310,1,1
2025340NN0652,2025,340NN0652,2,9,0,-1,19,7,3,-1,0,0,0,0,0,0,1,1,-1,9,1,18,4,-1,-1,-1,-1,3,E01027184,0,3
2025340NN0662,2025,340NN0662,2,1,0,-1,19,1,5,-1,0,0,0,0,0,0,2,1,-1,9,1,62,9,-1,-1,-1,-1,3,E01035411,0,2
2025340NN0662,2025,340NN0662,1,9,0,-1,19,1,5,-1,0,0,0,0,0,0,1,1,-1,6,3,-1,-1,-1,-1,-1,-1,-1,-1,0,-1
2025340NN0672,2025,340NN0672,1,9,0,-1,19,3,7,-1,0,0,0,0,0,0,1,1,-1,9,1,72,10,-1,-1,-1,-1,10,E01027067,0,3
2025340NN0672,2025,340NN0672,2,9,0,-1,4,3,7,-1,0,0,0,0,0,0,2,1,-1,9,1,40,7,-1,-1,-1,-1,7,E01027221,0,2
2025340NN0682,2025,340NN0682,1,9,0,-1,19,7,3,-1,0,4,5,9,1,4,1,1,-1,9,1,20,4,-1,-1,-1,-1,9,E01027256,0,3
2025340NN0682,2025,340NN0682,2,19,0,-1,2,0,0,-1,0,8,0,0,0,0,1,1,-1,6,3,-1,-1,-1,-1,-1,-1,-1,-1,0,-1
2025340NN0692,2025,340NN0692,2,9,4,-1,3,8,4,-1,0,0,0,0,0,0,2,1,-1,6,1,61,9,-1,-1,-1,-1,6,E01027045,0,3
2025340NN0692,2025,340NN0692,1,9,0,-1,19,8,4,-1,0,0,0,0,0,0,1,1,-1,6,2,93,11,-1,-1,-1,-1,5,E01026973,0,1
2025340NN0702,2025,340NN0702,1,19,0,-1,9,4,2,-1,0,6,0,0,0,0,1,1,-1,2,1,27,6,-1,-1,-1,-1,3,E01027197,0,3
2025340NN0702,2025,340NN0702,2,4,0,-1,19,2,6,-1,0,1,0,0,0,0,1,1,-1,6,1,21,5,-1,-1,-1,-1,3,E01027060,0,1
2025340NN0712,2025,340NN0712,1,9,0,-1,19,3,7,-1,0,0,0,0,0,0,1,1,-1,6,1,24,5,-1,-1,-1,-1,5,E01026981,0,1
2025340NN0722,2025,340NN0722,1,9,0,-1,19,3,7,-1,0,2,2,0,0,0,4,1,-1,2,1,61,9,-1,-1,-1,-1,8,E01035398,0,2
2025340NN0732,2025,340NN0732,1,9,0,-1,19,5,1,-1,0,0,1,0,0,0,1,1,-1,2,1,22,5,-1,-1,-1,-1,3,E01013690,0,4
2025340NN0732,2025,340NN0732,2,19,0,-1,19,1,5,-1,0,0,0,0,0,0,1,1,-1,2,1,36,7,-1,-1,-1,-1,4,E01025789,0,2
2025340NN0742,2025,340NN0742,1,20,0,-1,9,7,5,-1,0,8,0,0,0,0,1,1,-1,1,1,27,6,-1,-1,-1,-1,1,E01016844,0,4
2025340NN0742,2025,340NN0742,2,22,0,-1,19,5,1,-1,0,1,0,0,0,0,1,1,-1,9,2,66,10,-1,-1,-1,-1,6,E01027311,0,1
2025340NN0752,2025,340NN0752,2,9,0,-1,19,1,5,-1,0,0,0,0,0,0,1,1,-1,2,2,53,8,-1,-1,-1,-1,7,E01026297,0,4
2025340NN0752,2025,340NN0752,1,9,0,-1,19,5,1,-1,0,0,1,0,1,0,4,1,-1,6,2,27,6,-1,-1,-1,-1,7,E01015628,0,3
2025340NN0762,2025,340NN0762,1,9,0,-1,19,5,1,-1,0,0,0,0,7,11,1,1,-1,9,1,42,7,-1,-1,-1,-1,2,E01027105,0,3
2025340NN0772,2025,340NN0772,1,9,0,-1,19,1,6,-1,0,3,0,0,0,0,3,1,-1,2,1,34,6,-1,-1,-1,-1,1,E01026960,0,1
2025340NN0772,2025,340NN0772,2,5,0,-1,19,1,6,-1,0,3,1,0,1,0,4,1,-1,2,1,25,5,-1,-1,-1,-1,7,E01027033,0,3
2025340NN0782,2025,340NN0782,2,11,0,-1,19,1,6,-1,0,8,0,0,0,0,4,1,-1,1,1,60,9,-1,-1,-1,-1,8,E01032599,0,4
2025340NN0782,2025,340NN0782,1,9,0,-1,12,1,7,-1,0,8,0,0,0,0,3,1,-1,9,1,27,6,-1,-1,-1,-1,3,E01027314,0,2
2025340NN0792,2025,340NN0792,2,9,0,-1,2,0,0,-1,0,1,0,0,1,0,2,1,-1,6,3,-1,-1,-1,-1,-1,-1,-1,-1,0,-1
2025340NN0792,2025,340NN0792,1,9,0,-1,19,1,5,-1,0,1,0,0,0,0,1,1,-1,9,2,36,7,-1,-1,-1,-1,8,E01032969,0,1
2025340NN0802,2025,340NN0802,1,9,0,-1,9,3,1,-1,0,8,0,0,0,0,1,1,-1,6,2,48,8,-1,-1,-1,-1,7,E01027135,0,3
2025340NN0802,2025,340NN0802,2,9,0,-1,19,1,5,-1,0,8,0,0,0,0,1,1,-1,9,1,20,4,-1,-1,-1,-1,6,E01026452,0,5
2025340NN0812,2025,340NN0812,1,9,0,-1,19,7,3,-1,0,1,0,0,0,0,1,1,-1,6,1,41,7,-1,-1,-1,-1,3,E01026969,0,4
2025340NN0822,2025,340NN0822,2,9,0,-1,9,1,7,-1,0,8,0,0,0,0,4,1,-1,6,1,46,8,-1,-1,-1,-1,10,E01027121,0,3
2025340NN0822,2025,340NN0822,1,9,0,-1,19,3,7,-1,0,4,0,0,0,0,1,1,-1,6,2,66,10,-1,-1,-1,-1,3,E01027319,0,2
2025340NN0832,2025,340NN0832,1,9,0,-1,19,1,5,-1,0,8,0,0,0,0,1,1,-1,1,1,45,7,-1,-1,-1,-1,9,E01028817,0,4
2025340NN0832,2025,340NN0832,2,1,0,-1,19,1,5,-1,0,8,0,0,0,0,4,1,-1,6,1,54,8,-1,-1,-1,-1,10,E01035408,0,1
2025340NN0842,2025,340NN0842,1,9,0,-1,19,5,1,-1,0,1,0,0,0,0,1,1,-1,2,1,52,8,-1,-1,-1,-1,5,E01026981,0,3
2025340NN0842,2025,340NN0842,2,9,0,-1,10,5,1,-1,0,8,0,0,0,0,2,1,-1,2,1,52,8,-1,-1,-1,-1,2,E01010476,0,5
2025340NN0842,2025,340NN0842,3,9,0,-1,19,1,5,-1,0,1,0,0,2,0,1,1,-1,2,1,39,7,-1,-1,-1,-1,7,E01026350,0,3
2025340NN0852,2025,340NN0852,1,9,0,-1,19,5,1,-1,0,0,0,4,0,0,4,1,-1,9,1,92,11,-1,-1,-1,-1,10,E01027067,0,1
2025340NN0852,2025,340NN0852,2,9,0,-1,2,0,0,-1,0,0,0,0,0,0,3,1,-1,9,1,71,10,-1,-1,-1,-1,3,E01027336,0,2
2025340NN0862,2025,340NN0862,1,9,0,-1,19,1,5,-1,0,8,0,0,0,0,4,1,-1,6,1,-1,-1,-1,-1,-1,-1,-1,-1,0,-1
2025340NN0862,2025,340NN0862,2,9,0,-1,5,1,5,-1,0,8,0,0,0,0,3,1,-1,9,2,31,6,-1,-1,-1,-1,8,E01027098,0,1
2025340NN0872,2025,340NN0872,2,9,0,-1,10,3,7,-1,0,3,0,0,0,0,3,1,-1,2,2,31,6,-1,-1,-1,-1,8,E01035416,0,3
2025340NN0872,2025,340NN0872,1,9,0,-1,19,3,7,-1,0,3,0,0,0,0,9,1,-1,6,3,-1,-1,-1,-1,-1,-1,-1,-1,0,-1
2025340NN0882,2025,340NN0882,1,11,0,-1,19,7,3,-1,0,0,0,0,0,0,4,1,-1,1,3,-1,-1,-1,-1,-1,-1,-1,-1,0,-1
2025340NN0892,2025,340NN0892,2,9,0,-1,19,8,4,-1,0,3,0,0,0,0,4,1,-1,9,1,64,9,-1,-1,-1,-1,6,E01026974,0,1
2025340NN0892,2025,340NN0892,1,9,0,-1,5,2,6,-1,0,4,0,0,0,0,1,1,-1,6,3,-1,-1,-1,-1,-1,-1,-1,-1,0,-1
2025340NN0902,2025,340NN0902,2,9,0,-1,3,1,5,-1,0,4,0,0,0,0,2,1,-1,7,1,17,4,-1,-1,-1,-1,10,E01027086,0,2
2025340NN0902,2025,340NN0902,1,9,0,-1,19,1,5,-1,0,4,0,0,0,0,1,1,-1,6,1,40,7,-1,-1,-1,-1,-1,-1,0,-1
2025340NN0912,2025,340NN0912,1,21,0,-1,19,7,3,-1,9,1,0,0,0,0,4,1,-1,1,1,62,9,-1,-1,-1,-1,-1,-1,0,-1
2025340NN0922,2025,340NN0922,1,9,0,-1,19,9,9,-1,0,8,0,0,0,0,1,1,-1,6,1,-1,-1,-1,-1,-1,-1,-1,-1,0,-1
2025340NN0922,2025,340NN0922,2,9,0,-1,19,9,9,-1,0,5,0,0,0,0,2,1,-1,2,2,41,7,-1,-1,-1,-1,4,E01026956,0,1
2025340NN0932,2025,340NN0932,1,9,0,-1,19,3,7,-1,0,4,0,0,0,0,1,1,-1,6,2,-1,-1,-1,-1,-1,-1,-1,-1,0,-1
2025340NN0932,2025,340NN0932,2,1,0,-1,19,1,5,-1,0,8,0,0,0,0,4,1,-1,2,1,41,7,-1,-1,-1,-1,9,E01027052,0,1
2025340NN0942,2025,340NN0942,1,9,0,-1,19,7,3,-1,0,0,0,0,0,0,1,1,-1,9,2,74,10,-1,-1,-1,-1,9,E01027053,0,3
2025340NN0942,2025,340NN0942,2,5,0,-1,19,7,3,-1,0,0,0,0,1,0,2,1,-1,2,1,32,6,-1,-1,-1,-1,8,E01027064,0,2
2025340NN0952,2025,340NN0952,1,9,0,-1,19,6,2,-1,0,0,0,0,0,0,3,1,-1,6,1,46,8,-1,-1,-1,-1,1,E01009192,0,4
2025340NN0962,2025,340NN0962,1,9,0,-1,4,5,1,-1,0,0,0,0,0,0,1,1,-1,2,1,31,6,-1,-1,-1,-1,6,E01026306,0,4
2025340NN0962,2025,340NN0962,2,9,0,-1,4,5,1,-1,0,0,0,0,0,0,2,1,-1,2,1,57,9,-1,-1,-1,-1,2,E01015641,0,3
2025340NN0962,2025,340NN0962,3,9,0,-1,4,5,1,-1,0,0,0,0,0,0,2,1,-1,1,1,44,7,-1,-1,-1,-1,9,E01028723,0,5
2025340NN0972,2025,340NN0972,1,2,0,-1,19,3,7,-1,0,0,0,0,0,0,1,1,-1,2,1,16,4,-1,-1,-1,-1,-1,-1,0,-1
2025340NN0972,2025,340NN0972,2,9,0,-1,3,3,7,-1,0,0,0,0,0,0,2,1,-1,2,1,32,6,-1,-1,-1,-1,10,E01033244,0,1
2025340NN0982,2025,340NN0982,1,19,0,-1,19,1,5,-1,0,0,0,0,0,0,1,1,-1,2,1,29,6,-1,-1,-1,-1,2,E01026026,0,4
2025340NN0982,2025,340NN0982,3,9,0,-1,10,1,5,-1,0,0,0,0,0,0,2,1,-1,6,1,78,11,-1,-1,-1,-1,8,E01035398,0,1
2025340NN0982,2025,340NN0982,2,9,0,-1,4,1,5,-1,0,0,0,0,0,0,2,1,-1,6,1,42,7,-1,-1,-1,-1,1,E01035414,0,1
2025340NN0992,2025,340NN0992,1,19,0,-1,19,6,2,-1,0,0,0,4,0,0,1,1,-1,2,1,34,6,-1,-1,-1,-1,3,E01027065,0,1
2025340NN0992,2025,340NN0992,2,9,0,-1,2,6,2,-1,0,0,0,0,0,0,2,1,-1,2,1,39,7,-1,-1,-1,-1,4,E01032980,0,4
2025340NN1002,2025,340NN1002,1,9,0,-1,9,3,1,-1,0,5,0,0,0,0,1,1,-1,9,2,46,8,-1,-1,-1,-1,2,E01027128,0,1
2025340NN1002,2025,340NN1002,2,9,0,-1,19,5,1,-1,0,0,0,0,0,0,1,1,-1,9,1,24,5,-1,-1,-1,-1,1,E01027127,0,1
2025340NN1012,2025,340NN1012,2,9,0,-1,4,7,3,-1,0,8,0,0,0,0,1,1,-1,2,2,31,6,-1,-1,-1,-1,7,E01027354,0,2
2025340NN1012,2025,340NN1012,1,9,0,-1,12,7,5,-1,0,8,0,0,0,0,3,1,-1,6,3,-1,-1,-1,-1,-1,-1,-1,-1,0,-1
2025340NN1022,2025,340NN1022,2,9,0,-1,19,7,3,-1,0,3,0,0,0,0,3,1,-1,9,1,43,7,-1,-1,-1,-1,8,E01032966,0,1
2025340NN1022,2025,340NN1022,1,9,0,-1,11,7,3,-1,0,3,0,0,0,0,4,1,-1,6,2,-1,-1,-1,-1,-1,-1,-1,-1,0,-1
2025340NN1032,2025,340NN1032,1,9,0,-1,19,5,1,-1,0,4,0,0,0,0,1,1,-1,6,2,32,6,-1,-1,-1,-1,-1,-1,0,-1
2025340NN1032,2025,340NN1032,2,9,0,-1,99,5,1,-1,0,4,0,0,0,0,0,1,-1,9,2,52,8,-1,-1,-1,-1,6,E01027109,0,2
2025340NN1042,2025,340NN1042,1,9,0,-1,19,3,7,-1,0,8,0,0,0,0,4,1,-1,9,1,24,5,-1,-1,-1,-1,3,E01027111,0,1
2025340NN1042,2025,340NN1042,2,9,0,-1,19,5,1,-1,0,8,0,0,0,0,1,1,-1,9,1,56,9,-1,-1,-1,-1,1,E01035413,0,1
2025340NN1052,2025,340NN1052,1,9,0,-1,19,1,5,-1,0,1,0,0,0,0,0,1,-1,1,1,-1,-1,-1,-1,-1,-1,5,E01027114,0,3
2025340NN1052,2025,340NN1052,3,9,0,-1,19,7,3,-1,0,8,0,0,0,0,1,1,-1,6,3,-1,-1,-1,-1,-1,-1,6,E01027057,0,2
2025340NN1052,2025,340NN1052,2,9,0,-1,3,7,3,-1,0,8,0,0,0,0,2,1,-1,6,1,29,6,-1,-1,-1,-1,4,E01026336,0,4
2025340NN1062,2025,340NN1062,1,4,0,-1,19,1,5,-1,0,0,1,0,1,0,1,1,-1,6,1,-1,-1,-1,-1,-1,-1,-1,-1,0,-1
2025340NN1062,2025,340NN1062,2,9,0,-1,19,5,1,-1,0,0,0,0,0,0,0,1,-1,6,1,30,6,-1,-1,-1,-1,-1,-1,0,-1
2025340NN1062,2025,340NN1062,3,9,0,-1,2,0,0,-1,-1,0,0,0,0,0,1,1,-1,6,2,58,9,-1,-1,-1,-1,1,E01031427,0,5
2025340NN1072,2025,340NN1072,1,9,0,-1,9,5,1,-1,0,5,0,0,0,0,1,1,-1,9,2,22,5,-1,-1,-1,-1,1,E01027310,0,1
2025340NN1072,2025,340NN1072,2,5,0,-1,19,1,5,-1,0,1,5,0,0,0,3,1,-1,6,1,50,8,-1,-1,-1,-1,2,E01026099,0,5
2025340NN1082,2025,340NN1082,2,9,0,-1,9,1,6,-1,0,3,0,0,0,0,4,1,-1,2,2,38,7,-1,-1,-1,-1,7,E01027089,0,1
2025340NN1082,2025,340NN1082,1,9,0,-1,19,5,1,-1,0,4,0,0,0,0,1,1,-1,2,1,29,6,-1,-1,-1,-1,3,E01027106,0,1
2025340NN1092,2025,340NN1092,2,9,0,-1,19,3,1,-1,0,8,0,0,0,0,4,1,-1,6,2,37,7,-1,-1,-1,-1,6,E01027100,0,1
2025340NN1092,2025,340NN1092,1,9,0,-1,5,5,1,-1,0,4,0,0,0,0,1,1,-1,6,1,87,11,-1,-1,-1,-1,5,E01027113,0,1
2025340NN1102,2025,340NN1102,2,-1,0,-1,19,5,1,-1,0,4,0,0,0,0,3,1,-1,6,1,23,5,-1,-1,-1,-1,3,E01026972,1,1
2025340NN1102,2025,340NN1102,1,9,0,-1,19,5,7,-1,0,4,0,0,0,0,1,1,-1,6,1,-1,-1,-1,-1,-1,-1,-1,-1,0,-1
2025340NN1112,2025,340NN1112,1,9,0,-1,19,1,5,-1,0,2,0,0,0,0,4,1,-1,6,3,-1,-1,-1,-1,-1,-1,-1,-1,0,-1
2025340NN1122,2025,340NN1122,1,9,0,-1,19,1,5,-1,0,0,5,0,0,0,1,1,-1,6,2,67,10,-1,-1,-1,-1,2,E01026949,0,1
2025340NN1122,2025,340NN1122,2,9,0,-1,2,0,0,-1,0,0,0,0,0,0,3,1,-1,6,3,-1,-1,-1,-1,-1,-1,-1,-1,0,-1
2025340NN1132,2025,340NN1132,1,9,0,-1,19,3,7,-1,0,0,2,0,1,9,1,1,-1,6,1,17,4,-1,-1,-1,-1,6,E01027057,0,1
2025340NN1142,2025,340NN1142,2,9,0,-1,19,3,7,-1,0,1,0,0,0,0,1,1,-1,1,1,56,9,-1,-1,-1,-1,5,E01027114,0,1
2025340NN1142,2025,340NN1142,1,9,0,-1,5,5,1,-1,0,8,0,0,0,0,1,1,-1,9,1,24,5,-1,-1,-1,-1,3,E01027106,0,1
2025340NN1152,2025,340NN1152,1,9,0,-1,19,1,5,-1,0,8,0,0,0,0,1,1,-1,2,1,23,5,-1,-1,-1,-1,8,E01033026,0,4
2025340NN1152,2025,340NN1152,2,9,0,-1,5,1,5,-1,0,8,0,0,0,0,2,1,-1,2,1,55,8,-1,-1,-1,-1,4,E01026952,0,1
2025340NN1162,2025,340NN1162,2,9,0,-1,8,1,3,-1,0,4,0,0,0,0,2,1,-1,2,2,36,7,-1,-1,-1,-1,4,E01035430,0,3
2025340NN1162,2025,340NN1162,1,9,0,-1,19,1,5,-1,0,4,0,0,0,0,1,1,-1,6,1,62,9,-1,-1,-1,-1,-1,-1,0,-1
2025340NN1172,2025,340NN1172,2,1,0,-1,9,6,4,-1,0,8,0,0,0,0,4,1,-1,7,2,11,3,-1,-1,-1,-1,6,E01027062,0,1
2025340NN1172,2025,340NN1172,1,9,0,-1,7,2,4,-1,0,1,0,0,0,0,1,1,-1,6,1,47,8,-1,-1,-1,-1,-1,-1,0,-1
2025340NN1182,2025,340NN1182,1,9,0,-1,19,7,3,-1,0,0,0,0,0,0,1,1,-1,6,1,80,11,-1,-1,-1,-1,-1,-1,0,-1
2025340NN1192,2025,340NN1192,1,9,0,-1,11,1,6,-1,0,3,0,0,0,0,4,1,-1,6,2,-1,-1,-1,-1,-1,-1,8,E01035397,0,1
2025340NN1192,2025,340NN1192,2,9,0,-1,19,1,6,-1,0,3,0,0,0,0,3,1,-1,9,2,26,6,-1,-1,-1,-1,3,E01027104,0,2
2025340NN1202,2025,340NN1202,1,4,0,-1,19,1,3,-1,0,1,0,0,7,0,1,1,-1,6,1,25,5,-1,-1,-1,-1,3,E01027104,0,1
2025340NN1202,2025,340NN1202,2,9,0,-1,19,3,1,-1,0,2,0,0,0,0,3,1,-1,1,1,62,9,-1,-1,-1,-1,7,E01027089,0,2
2025340NN1212,2025,340NN1212,2,9,0,-1,-1,1,5,-1,0,1,0,0,0,0,1,1,-1,9,1,26,6,-1,-1,-1,-1,3,E01027104,0,3
2025340NN1212,2025,340NN1212,1,9,0,-1,5,6,2,-1,0,1,0,0,0,0,1,1,-1,9,2,48,8,-1,-1,-1,-1,5,E01027316,0,1
2025340NN1222,2025,340NN1222,2,9,0,-1,19,3,7,-1,0,4,0,0,0,0,4,1,-1,9,1,57,9,-1,-1,-1,-1,3,E01026982,0,2
2025340NN1222,2025,340NN1222,1,9,0,-1,19,3,7,-1,0,4,0,0,0,0,4,1,-1,9,1,86,11,-1,-1,-1,-1,4,E01027119,0,2
2025340NN1232,2025,340NN1232,1,98,0,-1,7,5,7,-1,0,3,1,0,0,0,1,1,-1,1,1,60,9,-1,-1,-1,-1,3,E01025371,0,5
2025340NN1232,2025,340NN1232,2,9,0,-1,19,5,8,-1,0,8,0,0,0,0,3,1,-1,9,2,72,10,-1,-1,-1,-1,8,E01032972,0,1
2025340NN1242,2025,340NN1242,1,9,0,-1,19,7,3,-1,0,1,0,0,0,0,1,1,-1,6,1,29,6,-1,-1,-1,-1,3,E01026959,0,1
2025340NN1242,2025,340NN1242,2,-1,0,-1,19,5,1,-1,9,8,0,0,0,0,4,1,-1,6,2,14,3,-1,-1,-1,-1,3,E01026984,1,1
2025340NN1252,2025,340NN1252,1,9,0,-1,19,1,5,-1,0,0,0,0,0,0,1,1,-1,9,2,43,7,-1,-1,-1,-1,10,E01035408,0,1
2025340NN1262,2025,340NN1262,2,9,0,-1,19,2,8,-1,0,8,0,0,1,2,3,1,-1,9,2,19,4,-1,-1,-1,-1,10,E01035410,0,2