collision_index,collision_year,collision_ref_no,vehicle_reference,vehicle_type,towing_and_articulation,vehicle_manoeuvre_historic,vehicle_manoeuvre,vehicle_direction_from,vehicle_direction_to,vehicle_location_restricted_lane_historic,vehicle_location_restricted_lane,junction_location,skidding_and_overturning,hit_object_in_carriageway,vehicle_leaving_carriageway,hit_object_off_carriageway,first_point_of_impact,vehicle_left_hand_drive,journey_purpose_of_driver_historic,journey_purpose_of_driver,sex_of_driver,age_of_driver,age_band_of_driver,engine_capacity_cc,propulsion_code,age_of_vehicle,generic_make_model,driver_imd_decile,lsoa_of_driver,escooter_flag,driver_distance_banding
2025340NN2192,2025,340NN2192,1,9,0,-1,9,7,5,-1,0,5,0,0,0,0,3,1,-1,9,1,70,10,-1,-1,-1,-1,8,E01032996,0,4
2025340NN2202,2025,340NN2202,1,9,0,-1,19,3,7,-1,0,0,0,0,0,0,1,1,-1,6,3,-1,-1,-1,-1,-1,-1,-1,-1,0,-1
2025340NN2202,2025,340NN2202,2,1,0,-1,19,5,1,-1,0,0,0,0,0,0,2,1,-1,9,2,11,3,-1,-1,-1,-1,10,E01027333,0,1
2025340NN2212,2025,340NN2212,1,1,0,-1,19,3,7,-1,9,1,0,0,0,0,3,1,-1,6,1,37,7,-1,-1,-1,-1,-1,-1,0,-1
2025340NN2212,2025,340NN2212,2,9,0,-1,8,1,3,-1,0,1,0,0,0,0,1,1,-1,2,2,55,8,-1,-1,-1,-1,4,E01027328,0,2
2025340NN2222,2025,340NN2222,1,9,0,-1,19,5,1,-1,0,8,0,0,0,0,1,1,-1,6,1,-1,-1,-1,-1,-1,-1,-1,-1,0,-1
2025340NN2222,2025,340NN2222,2,1,0,-1,19,7,3,-1,0,8,0,0,0,0,3,1,-1,9,1,12,3,-1,-1,-1,-1,3,E01027060,0,1
2025340NN2232,2025,340NN2232,2,9,0,-1,19,1,5,-1,0,0,0,0,0,0,2,1,-1,2,1,56,9,-1,-1,-1,-1,3,E01027180,0,4
2025340NN2232,2025,340NN2232,1,9,0,-1,19,1,5,-1,0,0,0,0,0,0,1,1,-1,6,1,47,8,-1,-1,-1,-1,-1,-1,0,-1
2025340NN2242,2025,340NN2242,2,3,0,-1,7,3,5,-1,0,3,0,0,0,0,4,1,-1,2,1,19,4,-1,-1,-1,-1,10,E01027324,0,4
2025340NN2242,2025,340NN2242,1,9,0,-1,19,3,7,-1,0,3,0,0,0,0,1,1,-1,6,3,-1,-1,-1,-1,-1,-1,-1,-1,0,-1
2025340NN2252,2025,340NN2252,1,9,0,-1,19,1,5,-1,0,3,0,0,0,0,2,1,-1,2,1,70,10,-1,-1,-1,-1,9,E01027063,0,2
2025340NN2252,2025,340NN2252,2,9,0,-1,19,1,5,-1,0,3,0,0,0,0,1,1,-1,9,1,31,6,-1,-1,-1,-1,-1,-1,0,-1
2025340NN2262,2025,340NN2262,1,9,0,-1,1,1,5,-1,9,0,0,0,0,0,2,1,-1,6,1,51,8,-1,-1,-1,-1,9,E01027120,0,1
2025340NN2272,2025,340NN2272,1,4,0,-1,5,1,5,-1,0,6,0,0,0,0,3,1,-1,6,1,30,6,-1,-1,-1,-1,5,E01026953,0,2
2025340NN2272,2025,340NN2272,2,21,0,-1,19,7,3,-1,0,8,0,0,0,0,1,1,-1,1,1,60,9,-1,-1,-1,-1,3,E01026972,0,1
2025340NN2282,2025,340NN2282,1,9,0,-1,19,1,5,-1,0,4,0,0,0,0,1,1,-1,6,3,-1,-1,-1,-1,-1,-1,-1,-1,0,-1
2025340NN2282,2025,340NN2282,2,9,0,-1,3,1,5,-1,0,4,0,0,0,0,2,1,-1,2,2,22,5,-1,-1,-1,-1,9,E01027099,0,1
2025340NN2292,2025,340NN2292,1,9,0,-1,19,3,7,-1,0,8,0,0,0,0,1,1,-1,6,1,34,6,-1,-1,-1,-1,3,E01027330,0,1
2025340NN2292,2025,340NN2292,2,9,0,-1,19,1,5,-1,0,8,0,0,0,0,1,1,-1,6,1,37,7,-1,-1,-1,-1,4,E01035430,0,1
2025340NN2302,2025,340NN2302,1,21,0,-1,19,7,3,-1,0,0,0,0,0,0,1,1,-1,1,1,47,8,-1,-1,-1,-1,9,E01031036,0,4
2025340NN2302,2025,340NN2302,2,21,0,-1,19,7,3,-1,0,0,0,0,0,0,2,1,-1,1,1,40,7,-1,-1,-1,-1,1,E01022045,0,5
2025340NN2312,2025,340NN2312,1,9,0,-1,20,7,3,-1,0,0,0,0,0,0,4,1,-1,9,2,39,7,-1,-1,-1,-1,2,E01026957,0,1
2025340NN2312,2025,340NN2312,2,9,0,-1,2,0,0,-1,0,0,0,0,0,0,3,1,-1,6,1,18,4,-1,-1,-1,-1,2,E01026957,0,1
2025340NN2322,2025,340NN2322,2,9,0,-1,19,3,7,-1,0,1,5,0,0,0,1,1,-1,6,2,38,7,-1,-1,-1,-1,7,E01027129,0,2
2025340NN2322,2025,340NN2322,1,9,0,-1,9,5,3,-1,0,6,0,0,0,0,1,1,-1,6,1,58,9,-1,-1,-1,-1,3,E01026959,0,1
2025340NN2332,2025,340NN2332,1,9,0,-1,19,5,1,-1,0,1,5,0,1,1,1,1,-1,6,1,47,8,-1,-1,-1,-1,9,E01027120,0,2
2025340NN2342,2025,340NN2342,1,9,0,-1,19,1,5,-1,0,8,0,0,0,0,1,1,-1,6,3,-1,-1,-1,-1,-1,-1,-1,-1,0,-1
2025340NN2342,2025,340NN2342,2,9,0,-1,7,3,5,-1,0,4,1,0,0,0,3,1,-1,9,2,41,7,-1,-1,-1,-1,7,E01032963,0,1
2025340NN2352,2025,340NN2352,1,9,0,-1,9,7,5,-1,0,6,0,0,0,0,1,1,-1,6,2,-1,-1,-1,-1,-1,-1,-1,-1,0,-1
2025340NN2352,2025,340NN2352,2,9,0,-1,19,1,5,-1,0,8,0,0,0,0,3,1,-1,9,1,85,11,-1,-1,-1,-1,5,E01027123,0,2
2025340NN2362,2025,340NN2362,1,19,0,-1,19,1,5,-1,0,2,0,0,0,0,1,1,-1,6,1,-1,-1,-1,-1,-1,-1,-1,-1,0,-1
2025340NN2362,2025,340NN2362,2,1,0,-1,19,1,5,-1,0,2,5,0,0,0,3,1,-1,9,1,40,7,-1,-1,-1,-1,4,E01027320,0,1
2025340NN2372,2025,340NN2372,2,1,0,-1,19,5,1,-1,9,0,0,0,0,0,9,1,-1,9,2,8,2,-1,-1,-1,-1,3,E01026972,0,1
2025340NN2372,2025,340NN2372,1,9,0,-1,1,7,3,-1,9,0,0,0,0,0,2,1,-1,6,1,-1,-1,-1,-1,-1,-1,-1,-1,0,-1
2025340NN2382,2025,340NN2382,1,9,0,-1,5,5,1,-1,0,4,0,0,0,0,3,1,-1,9,1,46,8,-1,-1,-1,-1,10,E01035420,0,3
2025340NN2382,2025,340NN2382,2,4,0,-1,19,3,8,-1,0,3,0,0,0,0,4,1,-1,9,1,73,10,-1,-1,-1,-1,2,E01027339,0,1
2025340NN2392,2025,340NN2392,1,9,0,-1,19,7,3,-1,0,0,1,0,1,2,1,1,-1,9,1,30,6,-1,-1,-1,-1,2,E01027072,0,2
2025340NN2402,2025,340NN2402,2,9,0,-1,9,7,5,-1,0,8,0,0,0,0,4,1,-1,6,1,26,6,-1,-1,-1,-1,3,E01027112,0,1
2025340NN2402,2025,340NN2402,3,9,0,-1,19,3,7,-1,0,6,0,0,0,0,0,1,-1,6,2,39,7,-1,-1,-1,-1,-1,-1,0,-1
2025340NN2402,2025,340NN2402,1,4,0,-1,19,3,7,-1,0,8,0,0,0,0,2,1,-1,6,1,38,7,-1,-1,-1,-1,4,E01027091,0,1
2025340NN2412,2025,340NN2412,1,9,0,-1,19,1,5,-1,0,1,0,9,3,10,1,1,-1,1,1,32,6,-1,-1,-1,-1,7,E01027162,0,4
2025340NN2422,2025,340NN2422,1,9,0,-1,19,7,3,-1,0,0,0,0,0,0,1,1,-1,2,2,23,5,-1,-1,-1,-1,2,E01015599,0,4
2025340NN2432,2025,340NN2432,2,1,0,-1,19,2,6,-1,0,8,0,0,0,0,1,1,-1,7,1,14,3,-1,-1,-1,-1,8,E01027332,0,1
2025340NN2432,2025,340NN2432,1,9,0,-1,9,6,4,-1,0,1,0,0,0,0,1,1,-1,2,2,39,7,-1,-1,-1,-1,10,E01027333,0,1
2025340NN2442,2025,340NN2442,3,19,0,-1,19,2,6,-1,0,1,0,0,0,0,2,1,-1,1,1,42,7,-1,-1,-1,-1,5,E01033180,0,3
2025340NN2442,2025,340NN2442,1,9,0,-1,9,2,8,-1,0,8,0,0,0,0,1,1,-1,1,1,45,7,-1,-1,-1,-1,5,E01032586,0,5
2025340NN2442,2025,340NN2442,4,9,0,-1,19,2,6,-1,0,1,0,0,0,0,2,1,-1,1,1,26,6,-1,-1,-1,-1,4,E01015669,0,4
2025340NN2442,2025,340NN2442,2,9,0,-1,19,2,6,-1,0,1,0,0,0,0,1,1,-1,1,1,28,6,-1,-1,-1,-1,5,E01026241,0,4
2025340NN2452,2025,340NN2452,2,9,0,-1,19,7,3,-1,0,8,0,0,0,0,1,1,-1,2,1,33,6,-1,-1,-1,-1,7,E01035395,0,1
2025340NN2452,2025,340NN2452,1,9,0,-1,9,1,7,-1,0,6,0,0,0,0,3,1,-1,9,1,56,9,-1,-1,-1,-1,8,E01027066,0,4
2025340NN2462,2025,340NN2462,1,98,0,-1,11,7,3,-1,0,1,0,0,0,0,4,1,-1,1,1,62,9,-1,-1,-1,-1,10,E01021402,0,5
2025340NN2462,2025,340NN2462,2,9,0,-1,19,7,3,-1,0,5,1,0,0,0,3,1,-1,9,2,19,4,-1,-1,-1,-1,5,E01027123,0,2
2025340NN2472,2025,340NN2472,2,5,0,-1,19,3,7,-1,0,8,0,0,1,0,3,1,-1,9,1,36,7,-1,-1,-1,-1,8,E01032966,0,1
2025340NN2472,2025,340NN2472,1,9,0,-1,9,1,7,-1,0,8,0,0,0,0,4,1,-1,9,1,18,4,-1,-1,-1,-1,2,E01026975,0,1
2025340NN2482,2025,340NN2482,1,9,0,-1,5,5,1,-1,0,0,0,0,0,0,1,1,-1,6,1,-1,-1,-1,-1,-1,-1,-1,-1,0,-1
2025340NN2492,2025,340NN2492,2,9,0,-1,19,7,3,-1,0,7,0,0,0,0,2,1,-1,2,2,88,11,-1,-1,-1,-1,8,E01027329,0,3
2025340NN2492,2025,340NN2492,1,9,0,-1,19,7,3,-1,0,7,0,0,0,0,1,1,-1,6,1,85,11,-1,-1,-1,-1,1,E01027127,0,2
2025340NN2502,2025,340NN2502,1,9,0,-1,7,3,5,-1,0,4,0,0,0,0,3,1,-1,6,2,70,10,-1,-1,-1,-1,8,E01027164,0,4
2025340NN2502,2025,340NN2502,2,3,0,-1,19,1,5,-1,0,4,0,0,0,0,4,1,-1,9,2,17,4,-1,-1,-1,-1,3,E01027056,0,1
2025340NN2512,2025,340NN2512,2,9,0,-1,2,0,0,-1,0,0,0,0,0,0,3,1,-1,6,1,67,10,-1,-1,-1,-1,3,E01027035,0,1
2025340NN2512,2025,340NN2512,1,9,0,-1,19,5,1,-1,0,0,5,4,1,0,1,1,-1,6,2,27,6,-1,-1,-1,-1,10,E01027037,0,1
2025340NN2522,2025,340NN2522,2,9,0,-1,3,1,5,-1,0,0,0,0,0,0,2,1,-1,9,1,19,4,-1,-1,-1,-1,1,E01027334,0,1
2025340NN2522,2025,340NN2522,1,9,0,-1,19,1,5,-1,0,0,0,0,0,0,1,1,-1,1,1,41,7,-1,-1,-1,-1,8,E01032276,0,4
2025340NN2532,2025,340NN2532,1,9,0,-1,12,2,6,-1,0,0,0,0,0,0,1,1,-1,6,1,20,4,-1,-1,-1,-1,5,E01026953,0,2
2025340NN2532,2025,340NN2532,2,9,0,-1,19,2,6,-1,0,0,0,0,0,0,4,1,-1,1,1,44,7,-1,-1,-1,-1,5,E01026953,0,2
2025340NN2532,2025,340NN2532,3,9,0,-1,19,2,6,-1,0,0,0,0,0,0,2,1,-1,1,1,36,7,-1,-1,-1,-1,6,E01027079,0,1
2025340NN2542,2025,340NN2542,2,9,0,-1,3,3,7,-1,0,1,0,0,0,0,2,1,-1,6,1,56,9,-1,-1,-1,-1,4,E01027091,0,1
2025340NN2542,2025,340NN2542,1,3,0,-1,19,3,7,-1,0,1,0,0,0,0,1,1,-1,9,1,35,6,-1,-1,-1,-1,6,E01027090,0,1
2025340NN2552,2025,340NN2552,2,9,0,-1,19,6,2,-1,0,8,0,0,0,0,3,1,-1,6,1,24,5,-1,-1,-1,-1,6,E01027085,0,2
2025340NN2552,2025,340NN2552,1,9,0,-1,1,6,6,-1,0,6,0,0,0,0,2,1,-1,6,3,-1,-1,-1,-1,-1,-1,-1,-1,0,-1
2025340NN2562,2025,340NN2562,1,9,0,-1,9,3,1,-1,0,4,0,0,0,0,1,1,-1,6,3,-1,-1,-1,-1,-1,-1,-1,-1,0,-1
2025340NN2562,2025,340NN2562,2,1,0,-1,19,1,5,-1,0,8,5,0,0,0,4,1,-1,6,2,58,9,-1,-1,-1,-1,3,E01035411,0,1
2025340NN2572,2025,340NN2572,2,-1,0,-1,19,7,3,-1,0,0,0,0,0,0,3,1,-1,9,2,16,4,-1,-1,-1,-1,3,E01027060,0,1
2025340NN2572,2025,340NN2572,1,9,0,-1,19,5,1,-1,0,0,0,0,0,0,1,1,-1,6,1,-1,-1,-1,-1,-1,-1,-1,-1,0,-1
2025340NN2582,2025,340NN2582,2,3,0,-1,19,5,1,-1,0,8,0,0,0,0,1,1,-1,6,1,41,7,-1,-1,-1,-1,3,E01027314,0,1
2025340NN2582,2025,340NN2582,1,9,0,-1,19,3,7,-1,0,5,0,0,0,0,4,1,-1,6,1,52,8,-1,-1,-1,-1,2,E01035432,0,1
2025340NN2592,2025,340NN2592,2,4,0,-1,19,1,5,-1,0,8,0,0,0,0,1,1,-1,2,1,20,4,-1,-1,-1,-1,8,E01027329,0,1
2025340NN2592,2025,340NN2592,1,9,0,-1,5,3,5,-1,0,4,0,0,0,0,3,1,-1,2,1,31,6,-1,-1,-1,-1,2,E01027342,0,1
2025340NN2602,2025,340NN2602,2,2,0,-1,19,1,5,-1,0,0,0,0,1,10,2,1,-1,6,1,17,4,-1,-1,-1,-1,10,E01032973,0,1
2025340NN2602,2025,340NN2602,1,9,0,-1,19,1,5,-1,0,0,0,0,0,0,1,1,-1,6,3,-1,-1,-1,-1,-1,-1,-1,-1,0,-1
2025340NN2612,2025,340NN2612,1,19,0,-1,19,7,3,-1,0,6,0,0,3,0,4,1,-1,1,1,60,9,-1,-1,-1,-1,4,E01014271,0,5
2025340NN2612,2025,340NN2612,2,21,0,-1,19,1,5,-1,0,1,0,0,0,0,1,1,-1,1,1,41,7,-1,-1,-1,-1,10,E01018134,0,4
2025340NN2622,2025,340NN2622,2,9,0,-1,3,7,3,-1,0,0,0,0,0,0,2,1,-1,9,3,-1,-1,-1,-1,-1,-1,-1,-1,0,-1
2025340NN2622,2025,340NN2622,1,9,0,-1,19,7,3,-1,0,0,0,0,0,0,1,1,-1,9,2,38,7,-1,-1,-1,-1,6,E01027169,0,3
2025340NN2632,2025,340NN2632,2,1,0,-1,19,7,1,-1,0,1,0,0,0,0,1,1,-1,6,2,28,6,-1,-1,-1,-1,10,E01027121,0,2
2025340NN2632,2025,340NN2632,1,9,0,-1,9,4,1,-1,0,6,0,0,0,0,1,1,-1,2,1,40,7,-1,-1,-1,-1,6,E01027326,0,1
2025340NN2642,2025,340NN2642,2,9,0,-1,19,1,5,-1,0,0,0,0,0,0,1,1,-1,1,1,41,7,-1,-1,-1,-1,1,E01013220,0,5
2025340NN2642,2025,340NN2642,1,9,0,-1,19,5,1,-1,0,0,0,0,0,0,1,1,-1,6,2,38,7,-1,-1,-1,-1,3,E01026959,0,1
2025340NN2652,2025,340NN2652,1,9,0,-1,19,7,3,-1,0,0,0,0,0,0,1,1,-1,9,1,31,6,-1,-1,-1,-1,7,E01027033,0,4
2025340NN2652,2025,340NN2652,2,9,0,-1,4,7,3,-1,0,0,0,0,0,0,2,1,-1,2,2,34,6,-1,-1,-1,-1,8,E01027346,0,1
2025340NN2662,2025,340NN2662,2,21,0,-1,19,3,7,-1,0,0,0,0,0,0,3,1,-1,1,1,51,8,-1,-1,-1,-1,5,E01027092,0,3
2025340NN2662,2025,340NN2662,1,9,0,-1,19,3,7,-1,0,0,1,0,5,0,1,1,-1,6,1,24,5,-1,-1,-1,-1,7,E01027321,0,2
2025340NN2672,2025,340NN2672,1,9,0,-1,9,8,7,-1,0,6,0,0,0,0,3,1,-1,6,2,79,11,-1,-1,-1,-1,7,E01027323,0,1
2025340NN2672,2025,340NN2672,2,9,0,-1,19,7,3,-1,0,1,0,0,0,0,1,1,-1,6,2,52,8,-1,-1,-1,-1,2,E01035431,0,1
2025340NN2682,2025,340NN2682,1,1,0,-1,19,5,1,-1,9,0,0,0,0,0,1,1,-1,6,1,40,7,-1,-1,-1,-1,-1,-1,0,-1
2025340NN2692,2025,340NN2692,1,9,0,-1,19,7,3,-1,0,5,0,0,0,0,1,1,-1,6,1,-1,-1,-1,-1,-1,-1,-1,-1,0,-1
2025340NN2692,2025,340NN2692,2,1,0,-1,19,7,3,-1,9,0,0,0,0,0,2,1,-1,7,2,17,4,-1,-1,-1,-1,2,E01026961,0,1
2025340NN2702,2025,340NN2702,2,-1,0,-1,19,5,1,-1,9,2,0,0,0,0,2,1,-1,6,1,12,3,-1,-1,-1,-1,2,E01027341,1,1
2025340NN2702,2025,340NN2702,1,9,0,-1,19,5,1,-1,9,2,0,0,0,0,1,1,-1,6,3,-1,-1,-1,-1,-1,-1,-1,-1,0,-1
2025340NN2712,2025,340NN2712,1,9,0,-1,19,1,5,-1,0,2,0,0,0,0,1,1,-1,6,1,47,8,-1,-1,-1,-1,-1,-1,0,-1
2025340NN2712,2025,340NN2712,2,9,0,-1,4,1,5,-1,0,2,0,0,0,0,2,1,-1,1,1,45,7,-1,-1,-1,-1,6,E01027062,0,1
2025340NN2722,2025,340NN2722,2,1,0,-1,19,3,7,-1,0,8,0,0,0,0,4,1,-1,2,2,50,8,-1,-1,-1,-1,5,E01026953,0,1
2025340NN2722,2025,340NN2722,1,9,0,-1,7,5,1,-1,0,6,0,0,0,0,1,1,-1,6,1,62,9,-1,-1,-1,-1,-1,-1,0,-1
2025340NN7562,2025,340NN7562,1,9,0,-1,19,7,3,-1,0,0,0,0,1,4,1,1,-1,2,1,58,9,-1,-1,-1,-1,8,E01027346,0,2
2025340NN9012,2025,340NN9012,1,9,0,-1,19,1,7,-1,0,0,1,0,1,0,1,1,-1,6,1,18,4,-1,-1,-1,-1,7,E01027335,0,1
2025340NN9022,2025,340NN9022,1,5,0,-1,19,3,7,-1,0,0,5,0,1,0,1,1,-1,6,1,57,9,-1,-1,-1,-1,2,E01026961,0,1
2025340NN9022,2025,340NN9022,2,-1,0,-1,19,1,5,-1,0,0,5,0,0,0,4,1,-1,6,2,35,6,-1,-1,-1,-1,1,E01026960,1,1
2025340WN0012,2025,340WN0012,1,9,0,-1,9,1,5,-1,0,2,0,0,0,0,4,1,-1,9,1,43,7,-1,-1,-1,-1,2,E01027195,0,1
2025340WN0012,2025,340WN0012,2,9,0,-1,2,0,0,-1,0,2,0,0,0,0,4,1,-1,6,3,-1,-1,-1,-1,-1,-1,-1,-1,0,-1
2025340WN0022,2025,340WN0022,1,9,0,-1,-1,5,1,-1,0,-1,0,0,0,0,1,1,-1,9,2,18,4,-1,-1,-1,-1,5,E01027133,0,2
2025340WN0032,2025,340WN0032,1,9,0,-1,7,7,2,-1,0,6,0,0,0,0,1,1,-1,1,1,47,8,-1,-1,-1,-1,3,E01008455,0,5
2025340WN0032,2025,340WN0032,2,90,0,-1,19,5,1,-1,0,8,0,0,0,0,1,1,-1,9,2,57,9,-1,-1,-1,-1,8,E01031252,0,3
2025340WN0042,2025,340WN0042,2,19,0,-1,2,0,0,-1,-1,0,0,0,0,0,3,1,-1,6,3,-1,-1,-1,-1,-1,-1,-1,-1,0,-1
2025340WN0042,2025,340WN0042,1,9,0,-1,19,7,3,-1,-1,0,0,0,7,0,1,1,-1,1,2,20,4,-1,-1,-1,-1,7,E01027221,0,3
2025340WN0052,2025,340WN0052,1,9,0,-1,19,5,1,-1,0,4,0,0,6,9,1,1,-1,9,2,73,10,-1,-1,-1,-1,7,E01027277,0,4
2025340WN0062,2025,340WN0062,1,9,0,-1,19,3,7,-1,0,8,0,0,0,0,1,1,-1,9,1,55,8,-1,-1,-1,-1,10,E01027165,0,1
2025340WN0062,2025,340WN0062,2,9,0,-1,9,5,3,-1,0,8,0,0,0,0,1,1,-1,9,2,48,8,-1,-1,-1,-1,7,E01027282,0,1
2025340WN0072,2025,340WN0072,1,9,0,-1,19,3,7,-1,0,0,0,0,1,11,1,1,-1,2,1,62,9,-1,-1,-1,-1,9,E01017460,0,4
2025340WN0082,2025,340WN0082,1,9,0,-1,7,7,1,-1,0,2,0,0,0,0,1,1,-1,2,1,-1,-1,-1,-1,-1,-1,9,E01027003,0,2
2025340WN0092,2025,340WN0092,1,8,0,-1,19,5,1,-1,0,0,0,0,0,0,3,1,-1,1,1,49,8,-1,-1,-1,-1,6,E01035422,0,1
2025340WN0102,2025,340WN0102,2,9,0,-1,19,7,3,-1,0,0,0,0,0,0,1,1,-1,6,1,23,5,-1,-1,-1,-1,10,E01032984,0,1
2025340WN0102,2025,340WN0102,3,9,0,-1,19,7,3,-1,0,0,0,0,0,0,2,1,-1,2,2,20,4,-1,-1,-1,-1,8,E01034451,0,4
2025340WN0102,2025,340WN0102,1,9,0,-1,19,7,3,-1,0,0,0,0,0,0,1,1,-1,6,1,51,8,-1,-1,-1,-1,8,E01027281,0,3
2025340WN0112,2025,340WN0112,2,9,0,-1,4,3,7,-1,0,0,2,0,0,0,1,1,-1,6,2,58,9,-1,-1,-1,-1,8,E01027103,0,4
2025340WN0112,2025,340WN0112,1,9,0,-1,4,3,7,-1,0,0,0,0,0,0,1,1,-1,6,2,44,7,-1,-1,-1,-1,2,E01027248,0,1
2025340WN0112,2025,340WN0112,3,9,0,-1,4,3,7,-1,0,0,0,0,0,0,2,1,-1,6,1,53,8,-1,-1,-1,-1,9,E01027167,0,1
2025340WN0112,2025,340WN0112,4,9,0,-1,4,3,7,-1,0,0,0,0,0,0,2,1,-1,6,1,24,5,-1,-1,-1,-1,6,E01035421,0,2
2025340WN0122,2025,340WN0122,1,9,0,-1,19,7,3,-1,0,0,0,0,1,4,4,1,-1,9,2,29,6,-1,-1,-1,-1,8,E01027296,0,1
2025340WN0125,2025,340WN0125,2,9,0,-1,8,5,7,-1,0,1,0,0,0,0,2,1,-1,9,1,36,7,-1,-1,-1,-1,6,E01027234,0,1
2025340WN0125,2025,340WN0125,1,19,0,-1,19,5,7,-1,0,1,0,0,0,0,1,1,-1,6,1,-1,-1,-1,-1,-1,-1,-1,-1,0,-1
2025340WN0132,2025,340WN0132,2,98,0,-1,19,8,4,-1,0,1,0,0,0,0,1,1,-1,1,1,61,9,-1,-1,-1,-1,6,E01032964,0,4
2025340WN0132,2025,340WN0132,1,98,0,-1,9,4,8,-1,0,8,0,0,0,0,2,1,-1,1,1,49,8,-1,-1,-1,-1,-1,-1,0,-1
2025340WN0142,2025,340WN0142,1,9,0,-1,19,7,3,-1,0,0,5,4,0,0,1,1,-1,6,2,57,9,-1,-1,-1,-1,7,E01027143,0,2
2025340WN0142,2025,340WN0142,2,9,0,-1,2,0,0,-1,0,0,0,0,0,0,1,1,-1,6,3,-1,-1,-1,-1,-1,-1,-1,-1,0,-1
2025340WN0152,2025,340WN0152,1,9,0,-1,7,5,7,-1,0,5,1,0,0,0,1,1,-1,6,1,32,6,-1,-1,-1,-1,-1,-1,0,-1
2025340WN0152,2025,340WN0152,2,1,0,-1,10,7,5,-1,0,6,0,0,0,0,4,1,-1,9,1,50,8,-1,-1,-1,-1,8,E01027217,0,1
2025340WN0162,2025,340WN0162,1,9,0,-1,19,7,3,-1,0,0,0,0,0,0,1,1,-1,6,2,32,6,-1,-1,-1,-1,-1,-1,0,-1
2025340WN0162,2025,340WN0162,2,9,0,-1,19,7,3,-1,0,0,0,0,0,0,2,1,-1,9,2,20,4,-1,-1,-1,-1,3,E01027336,0,2
2025340WN0172,2025,340WN0172,1,9,0,-1,7,3,7,-1,0,4,0,0,0,0,4,1,-1,6,2,-1,-1,-1,-1,-1,-1,-1,-1,0,-1
2025340WN0172,2025,340WN0172,2,9,0,-1,5,3,7,-1,0,4,0,0,0,0,3,1,-1,9,1,38,7,-1,-1,-1,-1,5,E01035424,0,1
2025340WN0182,2025,340WN0182,2,98,4,-1,19,3,7,-1,0,1,5,0,0,0,0,1,-1,2,1,35,6,-1,-1,-1,-1,2,E01013823,0,4
2025340WN0182,2025,340WN0182,1,9,0,-1,7,5,7,-1,0,6,0,0,0,0,0,1,-1,6,3,-1,-1,-1,-1,-1,-1,-1,-1,0,-1
2025340WN0192,2025,340WN0192,2,9,0,-1,12,1,5,-1,0,1,0,0,0,0,3,1,-1,9,2,36,7,-1,-1,-1,-1,4,E01032976,0,2
2025340WN0192,2025,340WN0192,1,9,0,-1,12,1,5,-1,0,1,0,0,0,0,1,1,-1,9,2,42,7,-1,-1,-1,-1,10,E01027027,0,3
2025340WN0202,2025,340WN0202,1,9,0,-1,19,7,3,-1,0,0,0,0,7,2,1,1,-1,6,2,21,5,-1,-1,-1,-1,2,E01027226,0,1
2025340WN0212,2025,340WN0212,1,9,0,-1,19,8,4,-1,0,0,2,7,0,7,1,1,-1,9,1,32,6,-1,-1,-1,-1,7,E01027282,0,1
2025340WN0222,2025,340WN0222,1,11,0,-1,19,1,5,-1,0,2,0,0,0,0,3,1,-1,1,1,39,7,-1,-1,-1,-1,-1,-1,0,-1
2025340WN0232,2025,340WN0232,1,9,0,-1,7,2,4,-1,9,1,0,0,0,0,4,1,-1,6,2,-1,-1,-1,-1,-1,-1,-1,-1,0,-1
2025340WN0242,2025,340WN0242,2,9,0,-1,9,1,7,-1,0,1,0,0,0,0,1,1,-1,6,1,39,7,-1,-1,-1,-1,4,E01032981,0,3
2025340WN0242,2025,340WN0242,1,9,0,-1,7,7,1,-1,0,2,0,0,0,0,1,1,-1,6,1,23,5,-1,-1,-1,-1,-1,-1,0,-1
2025340WN0252,2025,340WN0252,2,9,0,-1,7,8,1,-1,0,3,0,10,0,0,3,1,-1,9,2,21,5,-1,-1,-1,-1,9,E01027167,0,1
2025340WN0252,2025,340WN0252,1,11,0,-1,9,4,1,-1,0,3,0,0,0,0,1,1,-1,6,3,-1,-1,-1,-1,-1,-1,-1,-1,0,-1
2025340WN0262,2025,340WN0262,1,9,0,-1,9,3,1,-1,0,2,0,0,0,0,4,1,-1,6,1,38,7,-1,-1,-1,-1,2,E01027155,0,1
2025340WN0272,2025,340WN0272,1,9,0,-1,19,3,7,-1,0,4,-1,-1,0,-1,3,1,-1,6,3,-1,-1,-1,-1,-1,-1,-1,-1,0,-1
2025340WN0282,2025,340WN0282,1,-1,0,-1,19,5,1,-1,9,0,0,0,0,0,1,1,-1,6,3,-1,-1,-1,-1,-1,-1,-1,-1,1,-1
2025340WN0292,2025,340WN0292,1,9,0,-1,14,5,1,-1,0,0,0,0,0,0,1,1,-1,6,2,-1,-1,-1,-1,-1,-1,-1,-1,0,-1
2025340WN0302,2025,340WN0302,2,9,0,-1,19,3,7,-1,0,0,1,10,2,4,4,1,-1,9,1,30,6,-1,-1,-1,-1,-1,-1,0,-1
2025340WN0302,2025,340WN0302,1,9,0,-1,13,7,3,-1,0,0,0,0,0,0,0,1,-1,6,3,-1,-1,-1,-1,-1,-1,-1,-1,0,-1
2025340WN0322,2025,340WN0322,2,1,0,-1,19,3,7,-1,0,1,0,0,0,0,4,1,-1,6,1,15,3,-1,-1,-1,-1,1,E01027177,0,1
2025340WN0322,2025,340WN0322,1,8,0,-1,19,5,1,-1,0,1,0,0,0,0,1,1,-1,1,3,-1,-1,-1,-1,-1,-1,-1,-1,0,-1
2025340WN0332,2025,340WN0332,2,9,0,-1,4,7,3,-1,0,0,0,0,0,0,2,1,-1,9,2,29,6,-1,-1,-1,-1,7,E01026987,0,1
2025340WN0332,2025,340WN0332,1,9,0,-1,3,7,3,-1,0,0,0,0,0,0,1,1,-1,6,3,-1,-1,-1,-1,-1,-1,-1,-1,0,-1
2025340WN0352,2025,340WN0352,2,3,0,-1,19,8,4,-1,0,1,0,0,0,0,1,1,-1,6,1,39,7,-1,-1,-1,-1,7,E01016836,0,3
2025340WN0352,2025,340WN0352,1,9,0,-1,7,3,4,-1,0,6,0,0,0,0,3,1,-1,1,1,52,8,-1,-1,-1,-1,1,E01009493,0,4
2025340WN0362,2025,340WN0362,1,9,0,-1,19,5,1,-1,0,0,0,11,0,0,1,1,-1,9,1,45,7,-1,-1,-1,-1,10,E01027027,0,3
2025340WN0372,2025,340WN0372,2,9,0,-1,19,3,7,-1,0,8,0,0,0,0,1,1,-1,9,1,64,9,-1,-1,-1,-1,7,E01027344,0,3
2025340WN0372,2025,340WN0372,1,9,0,-1,11,3,5,-1,0,3,0,0,0,0,4,1,-1,6,1,68,10,-1,-1,-1,-1,2,E01034173,0,5
2025340WN0382,2025,340WN0382,1,19,0,-1,19,4,8,-1,0,0,5,0,0,6,3,1,-1,6,1,64,9,-1,-1,-1,-1,-1,-1,0,-1