collision_index,collision_year,collision_ref_no,vehicle_reference,vehicle_type,towing_and_articulation,vehicle_manoeuvre_historic,vehicle_manoeuvre,vehicle_direction_from,vehicle_direction_to,vehicle_location_restricted_lane_historic,vehicle_location_restricted_lane,junction_location,skidding_and_overturning,hit_object_in_carriageway,vehicle_leaving_carriageway,hit_object_off_carriageway,first_point_of_impact,vehicle_left_hand_drive,journey_purpose_of_driver_historic,journey_purpose_of_driver,sex_of_driver,age_of_driver,age_band_of_driver,engine_capacity_cc,propulsion_code,age_of_vehicle,generic_make_model,driver_imd_decile,lsoa_of_driver,escooter_flag,driver_distance_banding
2025340WN0392,2025,340WN0392,2,9,0,-1,20,3,7,-1,0,0,0,0,1,0,1,1,-1,9,2,38,7,-1,-1,-1,-1,9,E01027286,0,1
2025340WN0392,2025,340WN0392,1,9,0,-1,19,7,3,-1,0,0,0,0,0,0,1,1,-1,9,1,18,4,-1,-1,-1,-1,10,E01027283,0,1
2025340WN0402,2025,340WN0402,2,9,0,-1,19,4,8,-1,0,0,1,0,0,0,2,1,-1,9,2,25,5,-1,-1,-1,-1,9,E01017460,0,4
2025340WN0402,2025,340WN0402,1,9,0,-1,12,4,8,-1,0,0,0,0,0,0,4,1,-1,6,1,74,10,-1,-1,-1,-1,-1,-1,0,-1
2025340WN0412,2025,340WN0412,1,9,0,-1,19,7,3,-1,0,0,0,0,0,0,1,1,-1,9,1,18,4,-1,-1,-1,-1,4,E01027012,0,1
2025340WN0412,2025,340WN0412,2,9,0,-1,19,3,7,-1,0,0,0,0,0,0,4,1,-1,9,1,51,8,-1,-1,-1,-1,10,E01035405,0,1
2025340WN0422,2025,340WN0422,1,19,0,-1,9,2,6,-1,0,8,0,0,0,0,4,1,-1,1,2,27,6,-1,-1,-1,-1,5,E01027247,0,4
2025340WN0422,2025,340WN0422,2,9,0,-1,19,6,2,-1,0,1,0,0,0,0,3,1,-1,2,1,52,8,-1,-1,-1,-1,1,E01016847,0,2
2025340WN0432,2025,340WN0432,1,9,0,-1,19,3,7,-1,0,8,0,0,0,0,1,1,-1,6,2,53,8,-1,-1,-1,-1,2,E01027248,0,1
2025340WN0432,2025,340WN0432,2,9,0,-1,3,3,7,-1,0,8,0,0,0,0,2,1,-1,9,2,62,9,-1,-1,-1,-1,8,E01016797,0,3
2025340WN0442,2025,340WN0442,2,9,0,-1,19,3,7,-1,0,0,0,0,0,0,3,1,-1,6,1,66,10,-1,-1,-1,-1,10,E01027291,0,2
2025340WN0442,2025,340WN0442,1,9,0,-1,19,7,3,-1,0,0,0,0,7,0,3,1,-1,6,2,41,7,-1,-1,-1,-1,6,E01032460,0,4
2025340WN0442,2025,340WN0442,3,9,0,-1,19,3,7,-1,0,0,0,0,0,0,1,1,-1,6,2,72,10,-1,-1,-1,-1,10,E01027291,0,2
2025340WN0452,2025,340WN0452,1,9,0,-1,19,5,1,-1,0,0,0,0,0,0,3,1,-1,9,1,46,8,-1,-1,-1,-1,8,E01027087,0,4
2025340WN0462,2025,340WN0462,2,9,0,-1,19,1,5,-1,0,8,0,0,0,0,2,1,-1,9,1,44,7,-1,-1,-1,-1,-1,-1,0,-1
2025340WN0462,2025,340WN0462,1,9,0,-1,19,1,5,-1,0,8,0,0,0,0,1,1,-1,9,1,54,8,-1,-1,-1,-1,4,E01025703,0,4
2025340WN0472,2025,340WN0472,2,9,0,-1,4,1,5,-1,0,1,0,0,0,0,2,1,-1,9,1,48,8,-1,-1,-1,-1,3,E01027191,0,1
2025340WN0472,2025,340WN0472,1,9,0,-1,19,1,5,-1,0,1,0,0,0,0,1,1,-1,6,2,36,7,-1,-1,-1,-1,3,E01027191,0,1
2025340WN0482,2025,340WN0482,2,9,0,-1,19,7,3,-1,0,8,1,0,0,0,3,1,-1,9,1,61,9,-1,-1,-1,-1,6,E01027234,0,1
2025340WN0482,2025,340WN0482,1,11,0,-1,19,3,7,-1,0,8,0,0,0,0,3,1,-1,1,1,55,8,-1,-1,-1,-1,7,E01027259,0,2
2025340WN0492,2025,340WN0492,1,9,0,-1,5,5,1,-1,0,8,0,0,0,0,3,1,-1,9,2,83,11,-1,-1,-1,-1,10,E01027274,0,1
2025340WN0492,2025,340WN0492,2,9,0,-1,19,3,7,-1,-1,8,0,0,0,0,1,1,-1,9,2,36,7,-1,-1,-1,-1,9,E01027267,0,4
2025340WN0502,2025,340WN0502,2,5,0,-1,19,5,2,-1,0,1,5,0,1,0,3,1,-1,2,1,23,5,-1,-1,-1,-1,9,E01027263,0,1
2025340WN0502,2025,340WN0502,1,19,0,-1,5,8,3,-1,0,2,0,0,0,0,1,1,-1,2,1,22,5,-1,-1,-1,-1,6,E01027237,0,1
2025340WN0512,2025,340WN0512,2,9,0,-1,3,1,5,-1,0,0,0,0,0,0,2,1,-1,9,2,61,9,-1,-1,-1,-1,2,E01027246,0,1
2025340WN0512,2025,340WN0512,1,9,0,-1,19,1,5,-1,0,0,0,0,0,0,1,1,-1,9,2,26,6,-1,-1,-1,-1,3,E01027228,0,1
2025340WN0522,2025,340WN0522,2,5,0,-1,19,6,2,-1,0,1,0,0,0,0,3,1,-1,2,1,43,7,-1,-1,-1,-1,7,E01027202,0,1
2025340WN0522,2025,340WN0522,1,9,0,-1,9,5,2,-1,0,8,0,0,0,0,1,1,-1,9,2,53,8,-1,-1,-1,-1,8,E01027022,0,3
2025340WN0532,2025,340WN0532,1,9,0,-1,19,3,7,-1,0,0,0,0,7,4,1,1,-1,2,1,46,8,-1,-1,-1,-1,6,E01027039,0,3
2025340WN0532,2025,340WN0532,2,9,0,-1,19,3,7,-1,0,0,0,0,0,0,3,1,-1,6,1,50,8,-1,-1,-1,-1,10,E01027121,0,3
2025340WN0542,2025,340WN0542,2,9,0,-1,19,3,7,-1,0,2,1,0,0,0,3,1,-1,9,2,42,7,-1,-1,-1,-1,2,E01027248,0,3
2025340WN0542,2025,340WN0542,1,21,0,-1,19,3,7,-1,0,2,0,0,0,0,4,1,-1,6,3,44,7,-1,-1,-1,-1,-1,-1,0,-1
2025340WN0552,2025,340WN0552,2,9,0,-1,19,5,1,-1,0,2,0,0,0,2,1,1,-1,6,1,17,4,-1,-1,-1,-1,2,E01027151,0,1
2025340WN0552,2025,340WN0552,1,9,0,-1,19,3,7,-1,0,1,0,0,0,0,3,1,-1,6,1,-1,-1,-1,-1,-1,-1,-1,-1,0,-1
2025340WN0562,2025,340WN0562,1,9,0,-1,19,8,4,-1,0,1,0,0,0,0,1,1,-1,6,1,30,6,-1,-1,-1,-1,4,E01027142,0,2
2025340WN0562,2025,340WN0562,2,8,0,-1,7,2,4,-1,0,2,0,0,0,0,3,1,-1,6,1,51,8,-1,-1,-1,-1,2,E01027242,0,1
2025340WN0572,2025,340WN0572,2,9,0,-1,19,5,1,-1,0,8,1,0,0,0,3,1,-1,9,2,33,6,-1,-1,-1,-1,-1,-1,0,-1
2025340WN0572,2025,340WN0572,1,19,0,-1,9,1,7,-1,0,5,0,0,0,0,1,1,-1,6,3,-1,-1,-1,-1,-1,-1,-1,-1,0,-1
2025340WN0582,2025,340WN0582,2,9,0,-1,19,7,3,-1,0,0,0,0,0,0,1,1,-1,9,3,22,5,-1,-1,-1,-1,-1,-1,0,-1
2025340WN0582,2025,340WN0582,1,9,0,-1,5,0,0,-1,-1,0,0,0,0,0,2,1,-1,6,1,-1,-1,-1,-1,-1,-1,-1,-1,0,-1
2025340WN0592,2025,340WN0592,1,9,0,-1,1,0,0,-1,-1,0,0,0,0,0,2,1,-1,6,1,-1,-1,-1,-1,-1,-1,-1,-1,0,-1
2025340WN0602,2025,340WN0602,1,9,0,-1,19,5,1,-1,0,1,0,0,0,0,1,1,-1,6,2,-1,-1,-1,-1,-1,-1,-1,-1,0,-1
2025340WN0602,2025,340WN0602,2,9,0,-1,3,5,1,-1,0,1,0,0,0,0,2,1,-1,7,2,28,6,-1,-1,-1,-1,3,E01027173,0,1
2025340WN0612,2025,340WN0612,1,9,0,-1,19,1,5,-1,0,0,0,0,0,0,4,1,-1,1,1,54,8,-1,-1,-1,-1,7,E01027162,0,1
2025340WN0622,2025,340WN0622,1,9,0,-1,19,3,7,-1,0,0,0,0,0,0,1,1,-1,6,3,-1,-1,-1,-1,-1,-1,-1,-1,0,-1
2025340WN0632,2025,340WN0632,1,90,0,-1,19,5,1,-1,0,8,0,0,3,0,1,1,-1,1,1,46,8,-1,-1,-1,-1,2,E01016806,0,4
2025340WN0642,2025,340WN0642,2,10,0,-1,19,7,3,-1,0,7,1,0,0,0,2,1,-1,2,2,21,5,-1,-1,-1,-1,6,E01018126,0,4
2025340WN0642,2025,340WN0642,1,9,0,-1,12,7,3,-1,0,7,0,0,0,0,1,1,-1,9,1,21,5,-1,-1,-1,-1,3,E01029397,0,4
2025340WN0662,2025,340WN0662,2,21,0,-1,3,3,7,-1,0,1,0,0,0,0,2,1,-1,1,1,55,8,-1,-1,-1,-1,2,E01027229,0,1
2025340WN0662,2025,340WN0662,3,3,0,-1,2,3,7,-1,0,2,0,0,0,0,0,1,-1,2,1,18,4,-1,-1,-1,-1,2,E01027246,0,2
2025340WN0662,2025,340WN0662,1,9,0,-1,19,4,7,-1,0,1,0,0,0,0,1,1,-1,2,1,19,4,-1,-1,-1,-1,7,E01027354,0,3
2025340WN0672,2025,340WN0672,2,19,0,-1,4,3,7,-1,0,1,0,0,0,0,3,1,-1,1,1,34,6,-1,-1,-1,-1,9,E01027021,0,3
2025340WN0672,2025,340WN0672,1,9,0,-1,9,1,3,-1,0,5,0,0,0,0,1,1,-1,6,2,26,6,-1,-1,-1,-1,2,E01027249,0,3
2025340WN0682,2025,340WN0682,2,1,0,-1,7,3,5,-1,0,8,0,0,0,0,3,1,-1,6,1,44,7,-1,-1,-1,-1,2,E01027249,0,1
2025340WN0682,2025,340WN0682,1,9,0,-1,19,1,5,-1,0,8,0,0,0,0,1,1,-1,6,3,-1,-1,-1,-1,-1,-1,-1,-1,0,-1
2025340WN0692,2025,340WN0692,1,9,0,-1,19,4,8,-1,0,1,0,0,0,0,1,1,-1,6,2,40,7,-1,-1,-1,-1,8,E01027260,0,1
2025340WN0692,2025,340WN0692,2,19,0,-1,7,4,6,-1,0,0,0,0,0,0,2,1,-1,9,1,57,9,-1,-1,-1,-1,1,E01009360,0,4
2025340WN0702,2025,340WN0702,2,9,0,-1,19,4,8,-1,0,0,1,0,7,9,3,1,-1,2,2,27,6,-1,-1,-1,-1,7,E01028470,0,4
2025340WN0702,2025,340WN0702,1,9,0,-1,19,8,4,-1,0,0,0,0,7,4,1,1,-1,2,1,21,5,-1,-1,-1,-1,9,E01031180,0,1
2025340WN0712,2025,340WN0712,3,9,0,-1,-1,5,1,-1,0,3,0,0,0,0,0,1,-1,1,1,-1,-1,-1,-1,-1,-1,7,E01027162,0,3
2025340WN0712,2025,340WN0712,2,9,0,-1,-1,5,1,-1,0,8,0,0,0,0,4,1,-1,1,1,-1,-1,-1,-1,-1,-1,7,E01027162,0,3
2025340WN0712,2025,340WN0712,1,9,0,-1,-1,7,3,-1,0,4,0,0,0,0,1,1,-1,9,1,79,11,-1,-1,-1,-1,9,E01027289,0,1
2025340WN0722,2025,340WN0722,1,90,0,-1,19,4,8,-1,0,0,0,0,0,0,1,1,-1,6,3,-1,-1,-1,-1,-1,-1,-1,-1,0,-1
2025340WN0722,2025,340WN0722,2,9,0,-1,2,0,0,-1,0,0,0,0,0,0,3,1,-1,9,2,49,8,-1,-1,-1,-1,7,E01032967,0,4
2025340WN0732,2025,340WN0732,2,90,0,-1,9,1,5,-1,0,5,0,0,1,0,3,1,-1,1,1,29,6,-1,-1,-1,-1,8,E01027000,0,1
2025340WN0732,2025,340WN0732,1,9,0,-1,13,1,5,-1,0,1,0,0,7,0,1,1,-1,9,1,20,4,-1,-1,-1,-1,8,E01027022,0,1
2025340WN0742,2025,340WN0742,2,1,0,-1,19,5,1,-1,0,0,0,0,0,0,1,1,-1,6,1,37,7,-1,-1,-1,-1,3,E01027227,0,1
2025340WN0742,2025,340WN0742,1,9,0,-1,1,1,5,-1,0,0,0,0,0,0,2,1,-1,6,2,25,5,-1,-1,-1,-1,2,E01027226,0,1
2025340WN0752,2025,340WN0752,2,9,0,-1,19,3,7,-1,0,1,0,0,0,0,1,1,-1,6,1,24,5,-1,-1,-1,-1,5,E01035424,0,1
2025340WN0752,2025,340WN0752,1,9,0,-1,8,5,7,-1,0,1,0,0,0,0,1,1,-1,6,2,17,4,-1,-1,-1,-1,5,E01035423,0,1
2025340WN0762,2025,340WN0762,3,9,0,-1,19,7,3,-1,0,0,0,0,0,0,2,1,-1,2,2,49,8,-1,-1,-1,-1,10,E01028088,0,4
2025340WN0762,2025,340WN0762,2,19,0,-1,19,7,3,-1,0,0,0,0,0,0,2,1,-1,1,1,26,6,-1,-1,-1,-1,2,E01015654,0,4
2025340WN0762,2025,340WN0762,1,21,0,-1,19,7,3,-1,0,0,0,0,0,0,1,1,-1,1,1,43,7,-1,-1,-1,-1,4,E01026180,0,4
2025340WN0772,2025,340WN0772,1,9,0,-1,7,8,2,-1,0,8,0,0,0,0,1,1,-1,9,2,48,8,-1,-1,-1,-1,6,E01027169,0,1
2025340WN0772,2025,340WN0772,3,9,0,-1,2,0,0,-1,0,1,0,0,0,0,1,1,-1,6,3,-1,-1,-1,-1,-1,-1,-1,-1,0,-1
2025340WN0772,2025,340WN0772,2,9,0,-1,19,2,6,-1,0,1,0,0,0,0,1,1,-1,9,2,40,7,-1,-1,-1,-1,-1,-1,0,-1
2025340WN0782,2025,340WN0782,2,9,0,-1,9,3,7,-1,0,5,0,0,0,0,2,1,-1,1,1,56,9,-1,-1,-1,-1,5,E01027126,0,4
2025340WN0782,2025,340WN0782,1,9,0,-1,19,3,7,-1,0,8,0,0,0,0,1,1,-1,1,2,41,7,-1,-1,-1,-1,4,E01035418,0,1
2025340WN0792,2025,340WN0792,1,-1,0,-1,19,1,5,-1,0,8,0,0,0,0,1,1,-1,9,1,16,4,-1,-1,-1,-1,2,E01027170,1,1
2025340WN0792,2025,340WN0792,2,9,0,-1,19,7,3,-1,0,0,0,0,0,0,1,1,-1,9,1,25,5,-1,-1,-1,-1,3,E01031174,0,4
2025340WN0802,2025,340WN0802,2,9,0,-1,19,8,4,-1,0,0,0,0,0,0,1,1,-1,6,2,59,9,-1,-1,-1,-1,3,E01027171,0,1
2025340WN0802,2025,340WN0802,1,9,0,-1,19,4,8,-1,0,0,0,0,0,0,1,1,-1,9,1,34,6,-1,-1,-1,-1,4,E01027238,0,2
2025340WN0812,2025,340WN0812,2,9,0,-1,5,8,4,-1,0,4,0,0,0,0,4,1,-1,9,1,42,7,-1,-1,-1,-1,-1,-1,0,-1
2025340WN0812,2025,340WN0812,1,9,0,-1,5,8,4,-1,0,4,0,0,0,0,3,1,-1,6,3,-1,-1,-1,-1,-1,-1,-1,-1,0,-1
2025340WN0822,2025,340WN0822,1,9,0,-1,19,6,2,-1,0,0,0,0,7,10,1,1,-1,9,2,86,11,-1,-1,-1,-1,10,E01027027,0,3
2025340WN0832,2025,340WN0832,1,9,0,-1,19,6,2,-1,0,0,0,0,0,0,1,1,-1,9,1,44,7,-1,-1,-1,-1,5,E01027302,0,2
2025340WN0832,2025,340WN0832,2,9,0,-1,19,2,6,-1,0,0,0,0,0,0,1,1,-1,2,2,34,6,-1,-1,-1,-1,10,E01027307,0,1
2025340WN0842,2025,340WN0842,2,9,0,-1,19,7,3,-1,0,0,0,0,0,0,2,1,-1,9,2,35,6,-1,-1,-1,-1,8,E01019353,0,5
2025340WN0842,2025,340WN0842,1,9,0,-1,19,7,3,-1,0,0,0,0,0,0,1,1,-1,6,1,30,6,-1,-1,-1,-1,5,E01017497,0,4
2025340WN0852,2025,340WN0852,1,9,0,-1,12,7,3,-1,0,0,0,0,0,0,3,1,-1,6,2,32,6,-1,-1,-1,-1,7,E01027207,0,2
2025340WN0852,2025,340WN0852,5,9,0,-1,2,7,3,-1,0,0,0,0,0,0,0,1,-1,6,1,-1,-1,-1,-1,-1,-1,-1,-1,0,-1
2025340WN0852,2025,340WN0852,3,9,0,-1,19,7,3,-1,0,0,0,0,0,0,1,1,-1,2,2,46,8,-1,-1,-1,-1,3,E01027175,0,2
2025340WN0852,2025,340WN0852,2,19,0,-1,4,7,3,-1,0,0,0,0,0,0,2,1,-1,6,1,48,8,-1,-1,-1,-1,5,E01002292,0,5
2025340WN0852,2025,340WN0852,4,9,0,-1,19,7,3,-1,0,0,0,0,0,0,1,1,-1,6,1,44,7,-1,-1,-1,-1,5,E01002292,0,5
2025340WN0862,2025,340WN0862,3,9,0,-1,3,5,1,-1,0,1,0,0,0,0,2,1,-1,9,2,44,7,-1,-1,-1,-1,7,E01027210,0,1
2025340WN0862,2025,340WN0862,1,9,0,-1,11,5,1,-1,0,1,0,0,0,0,1,1,-1,6,1,49,8,-1,-1,-1,-1,1,E01032979,0,1
2025340WN0862,2025,340WN0862,2,9,0,-1,3,5,1,-1,0,1,0,0,0,0,2,1,-1,9,1,26,6,-1,-1,-1,-1,5,E01027133,0,1
2025340WN0872,2025,340WN0872,1,9,0,-1,7,6,7,-1,0,8,0,0,0,0,1,1,-1,9,1,29,6,-1,-1,-1,-1,3,E01027154,0,1
2025340WN0872,2025,340WN0872,2,20,0,-1,19,3,7,-1,0,8,0,0,0,0,4,1,-1,8,1,30,6,-1,-1,-1,-1,7,E01027202,0,1
2025340WN0882,2025,340WN0882,1,9,0,-1,19,5,1,-1,0,0,1,0,0,0,1,1,-1,6,2,32,6,-1,-1,-1,-1,10,E01027165,0,1
2025340WN0892,2025,340WN0892,1,9,0,-1,19,2,6,-1,0,0,0,0,7,4,1,1,-1,6,1,19,4,-1,-1,-1,-1,9,E01031154,0,3
2025340WN0902,2025,340WN0902,2,9,0,-1,19,3,7,-1,0,1,0,0,0,0,4,1,-1,9,2,32,6,-1,-1,-1,-1,10,E01009563,0,4
2025340WN0902,2025,340WN0902,1,9,0,-1,19,5,1,-1,0,8,0,0,0,0,1,1,-1,9,1,20,4,-1,-1,-1,-1,3,E01027173,0,1
2025340WN0912,2025,340WN0912,1,9,0,-1,19,7,3,-1,0,2,2,0,7,10,3,1,-1,2,1,33,6,-1,-1,-1,-1,10,E01027307,0,3
2025340WN0922,2025,340WN0922,1,9,0,-1,13,7,3,-1,0,0,1,0,2,4,1,1,-1,9,1,21,5,-1,-1,-1,-1,9,E01027006,0,2
2025340WN0932,2025,340WN0932,1,9,0,-1,5,2,6,-1,0,8,0,0,0,0,1,1,-1,9,1,74,10,-1,-1,-1,-1,5,E01027145,0,4
2025340WN0932,2025,340WN0932,2,9,0,-1,19,7,3,-1,0,1,0,0,7,0,4,1,-1,9,1,47,8,-1,-1,-1,-1,6,E01035579,0,4
2025340WN0942,2025,340WN0942,2,9,0,-1,4,3,7,-1,0,0,0,0,0,0,2,1,-1,2,2,31,6,-1,-1,-1,-1,8,E01033816,0,4
2025340WN0942,2025,340WN0942,1,9,0,-1,19,3,7,-1,0,0,1,0,0,0,1,1,-1,2,2,40,7,-1,-1,-1,-1,7,E01027162,0,2
2025340WN0952,2025,340WN0952,2,9,0,-1,19,3,7,-1,0,8,0,0,0,0,1,1,-1,1,1,23,5,-1,-1,-1,-1,7,E01010493,0,4
2025340WN0952,2025,340WN0952,1,9,0,-1,5,7,3,-1,0,4,0,0,0,2,1,1,-1,6,1,88,11,-1,-1,-1,-1,6,E01027030,0,2
2025340WN0962,2025,340WN0962,2,9,0,-1,19,1,5,-1,0,8,0,0,0,0,1,1,-1,9,2,53,8,-1,-1,-1,-1,4,E01027252,0,1
2025340WN0962,2025,340WN0962,1,9,0,-1,9,3,1,-1,0,6,0,0,0,0,3,1,-1,9,1,60,9,-1,-1,-1,-1,7,E01027162,0,1
2025340WN0972,2025,340WN0972,1,2,0,-1,19,3,7,-1,0,0,0,0,0,0,0,1,-1,9,1,16,4,-1,-1,-1,-1,10,E01032984,0,1
2025340WN0982,2025,340WN0982,1,9,0,-1,19,1,5,-1,0,8,0,0,0,0,3,1,-1,6,2,27,6,-1,-1,-1,-1,3,E01027228,0,1
2025340WN0982,2025,340WN0982,2,5,0,-1,19,1,5,-1,0,8,0,0,0,0,4,1,-1,6,1,61,9,-1,-1,-1,-1,1,E01027168,0,1
2025340WN0992,2025,340WN0992,2,1,0,-1,19,6,2,-1,0,8,0,0,0,0,3,1,-1,6,1,48,8,-1,-1,-1,-1,7,E01027172,0,3
2025340WN0992,2025,340WN0992,1,9,0,-1,9,2,7,-1,0,5,0,0,0,0,1,1,-1,9,1,26,6,-1,-1,-1,-1,5,E01027158,0,2
2025340WN1002,2025,340WN1002,2,9,0,-1,19,9,9,-1,0,1,0,0,0,0,1,1,-1,9,2,60,9,-1,-1,-1,-1,9,E01027222,0,1
2025340WN1002,2025,340WN1002,1,9,0,-1,1,9,9,-1,0,1,0,0,0,0,2,1,-1,6,1,32,6,-1,-1,-1,-1,-1,-1,0,-1
2025340WN1012,2025,340WN1012,2,9,0,-1,8,7,1,-1,0,4,0,0,0,0,2,1,-1,2,2,29,6,-1,-1,-1,-1,3,E01027175,0,1
2025340WN1012,2025,340WN1012,1,9,0,-1,4,7,3,-1,0,4,0,0,0,0,1,1,-1,6,1,32,6,-1,-1,-1,-1,-1,-1,0,-1
2025340WN1022,2025,340WN1022,1,9,0,-1,4,3,7,-1,0,2,0,0,0,0,4,1,-1,6,1,-1,-1,-1,-1,-1,-1,-1,-1,0,-1
2025340WN1032,2025,340WN1032,1,9,0,-1,9,3,5,-1,0,5,0,0,0,0,3,1,-1,6,1,32,6,-1,-1,-1,-1,-1,-1,0,-1
2025340WN1042,2025,340WN1042,2,9,0,-1,13,5,1,-1,0,0,1,0,0,0,4,1,-1,9,1,31,6,-1,-1,-1,-1,-1,-1,0,-1
2025340WN1042,2025,340WN1042,1,21,0,-1,12,5,1,-1,0,0,0,0,0,0,3,1,-1,6,3,-1,-1,-1,-1,-1,-1,-1,-1,0,-1
2025340WN1052,2025,340WN1052,1,9,0,-1,19,1,5,-1,0,4,0,0,0,0,3,1,-1,6,3,47,8,-1,-1,-1,-1,-1,-1,0,-1
2025340WN1052,2025,340WN1052,2,1,0,-1,19,7,3,-1,0,3,2,0,0,0,4,1,-1,9,1,32,6,-1,-1,-1,-1,9,E01027003,0,1
2025340WN1062,2025,340WN1062,1,11,0,-1,19,5,1,-1,0,0,0,0,0,4,4,1,-1,7,3,-1,-1,-1,-1,-1,-1,-1,-1,0,-1
2025340WN1072,2025,340WN1072,2,9,0,-1,3,5,1,-1,0,4,0,0,0,0,2,1,-1,9,1,54,8,-1,-1,-1,-1,-1,-1,0,-1
2025340WN1072,2025,340WN1072,1,9,0,-1,4,5,1,-1,0,1,0,0,0,0,1,1,-1,6,1,-1,-1,-1,-1,-1,-1,-1,-1,0,-1
2025340WN1082,2025,340WN1082,1,8,0,-1,3,6,2,-1,0,0,0,0,0,0,1,1,-1,1,1,-1,-1,-1,-1,-1,-1,-1,-1,0,-1
2025340WN1082,2025,340WN1082,2,9,0,-1,3,6,2,-1,0,0,0,0,0,0,2,1,-1,9,1,58,9,-1,-1,-1,-1,9,E01027167,0,1
2025340WN1092,2025,340WN1092,1,9,0,-1,19,5,1,-1,0,1,0,0,0,0,1,1,-1,6,1,42,7,-1,-1,-1,-1,2,E01027230,0,1
2025340WN1102,2025,340WN1102,1,9,0,-1,19,2,6,-1,0,0,1,0,7,2,1,1,-1,1,1,56,9,-1,-1,-1,-1,7,E01031099,0,4
2025340WN1112,2025,340WN1112,1,9,0,-1,11,3,7,-1,0,3,0,0,0,0,1,1,-1,6,2,25,5,-1,-1,-1,-1,5,E01027133,0,1
2025340WN1112,2025,340WN1112,2,19,0,-1,19,3,7,-1,0,8,0,0,0,0,3,1,-1,1,1,68,10,-1,-1,-1,-1,2,E01027249,0,1
2025340WN1122,2025,340WN1122,1,9,0,-1,19,3,7,-1,0,8,0,0,0,0,4,1,-1,1,1,29,6,-1,-1,-1,-1,7,E01027259,0,1
2025340WN1122,2025,340WN1122,2,9,0,-1,19,5,1,-1,0,1,0,0,0,0,1,1,-1,9,1,40,7,-1,-1,-1,-1,5,E01027134,0,1
2025340WN1132,2025,340WN1132,1,9,0,-1,11,7,3,-1,0,7,0,0,0,0,2,1,-1,6,1,28,6,-1,-1,-1,-1,9,E01013788,0,4
2025340WN1132,2025,340WN1132,2,9,0,-1,12,7,3,-1,0,7,0,0,0,0,1,1,-1,1,1,27,6,-1,-1,-1,-1,7,E01027162,0,1
2025340WN1142,2025,340WN1142,1,9,0,-1,19,5,1,-1,0,1,0,0,7,10,1,1,-1,9,2,26,6,-1,-1,-1,-1,5,E01027943,0,5
2025340WN1142,2025,340WN1142,2,9,0,-1,19,3,7,-1,0,8,0,0,0,0,1,1,-1,9,2,20,4,-1,-1,-1,-1,6,E01028503,0,4
2025340WN1152,2025,340WN1152,1,3,0,-1,19,7,3,-1,0,0,0,0,0,0,1,1,-1,6,1,42,7,-1,-1,-1,-1,2,E01035432,0,3
2025340WN1152,2025,340WN1152,2,9,0,-1,19,7,3,-1,0,0,0,0,0,0,2,1,-1,6,2,29,6,-1,-1,-1,-1,6,E01027132,0,1
2025340WN1162,2025,340WN1162,2,9,0,-1,19,4,8,-1,0,8,0,0,0,0,1,1,-1,2,2,55,8,-1,-1,-1,-1,2,E01027230,0,1
2025340WN1162,2025,340WN1162,1,9,0,-1,9,8,6,-1,0,8,0,0,0,0,1,1,-1,6,3,-1,-1,-1,-1,-1,-1,-1,-1,0,-1
2025340WN1172,2025,340WN1172,1,3,0,-1,19,1,5,-1,0,0,0,0,0,0,0,1,-1,9,1,17,4,-1,-1,-1,-1,3,E01027111,0,3
2025340WN1182,2025,340WN1182,1,9,0,-1,19,3,7,-1,0,0,0,0,0,0,1,1,-1,9,2,83,11,-1,-1,-1,-1,8,E01017694,0,3
2025340WN1182,2025,340WN1182,2,9,0,-1,19,7,3,-1,0,0,0,0,0,0,1,1,-1,9,2,67,10,-1,-1,-1,-1,7,E01027262,0,2
2025340WN1192,2025,340WN1192,1,9,0,-1,7,5,7,-1,0,5,0,0,0,0,1,1,-1,9,2,35,6,-1,-1,-1,-1,4,E01032981,0,1
2025340WN1202,2025,340WN1202,1,2,0,-1,19,1,5,-1,0,1,1,0,0,0,3,1,-1,2,2,28,6,-1,-1,-1,-1,3,E01027185,0,1
2025340WN1212,2025,340WN1212,1,9,0,-1,6,5,5,-1,0,0,0,0,0,0,1,1,-1,9,1,22,5,-1,-1,-1,-1,5,E01001310,0,4
2025340WN1212,2025,340WN1212,2,5,0,-1,19,5,1,-1,0,0,0,0,7,0,1,1,-1,9,1,49,8,-1,-1,-1,-1,6,E01035422,0,1
2025340WN1212,2025,340WN1212,3,9,0,-1,19,5,1,-1,0,0,0,0,0,0,0,1,-1,9,1,35,6,-1,-1,-1,-1,4,E01027189,0,1
2025340WN1222,2025,340WN1222,1,9,0,-1,7,3,5,-1,0,0,1,0,0,0,1,1,-1,9,2,71,10,-1,-1,-1,-1,-1,-1,0,-1
2025340WN1222,2025,340WN1222,2,9,0,-1,19,1,5,-1,0,0,2,0,0,0,4,1,-1,9,1,75,10,-1,-1,-1,-1,-1,-1,0,-1
2025340WN1232,2025,340WN1232,1,9,0,-1,19,5,1,-1,0,8,0,0,0,0,1,1,-1,6,3,-1,-1,-1,-1,-1,-1,-1,-1,0,-1
2025340WN1232,2025,340WN1232,2,9,0,-1,9,5,3,-1,0,5,1,0,0,0,2,1,-1,2,2,29,6,-1,-1,-1,-1,7,E01027219,0,1
2025340WN1242,2025,340WN1242,1,9,0,-1,9,1,7,-1,9,1,0,0,0,0,1,1,-1,1,2,56,9,-1,-1,-1,-1,2,E01027156,0,1
2025340WN1242,2025,340WN1242,2,1,0,-1,19,5,1,-1,9,1,0,0,0,0,3,1,-1,7,1,12,3,-1,-1,-1,-1,6,E01027132,0,1
2025340WN1252,2025,340WN1252,2,9,0,-1,9,7,5,-1,0,8,0,0,0,0,1,1,-1,6,2,31,6,-1,-1,-1,-1,5,E01028441,0,3
2025340WN1252,2025,340WN1252,1,9,0,-1,19,1,5,-1,0,4,0,0,0,0,3,1,-1,6,1,58,9,-1,-1,-1,-1,10,E01027268,0,1
2025340WN1262,2025,340WN1262,1,9,0,-1,2,0,0,-1,9,0,0,0,1,0,4,1,-1,9,1,87,11,-1,-1,-1,-1,3,E01027009,0,1
2025340WN1272,2025,340WN1272,1,9,0,-1,19,3,7,-1,0,0,5,0,1,0,3,1,-1,1,2,38,7,-1,-1,-1,-1,8,E01027348,0,4
2025340WN1282,2025,340WN1282,2,9,0,-1,10,5,2,-1,0,8,0,0,0,0,2,1,-1,9,2,42,7,-1,-1,-1,-1,8,E01027346,0,3
2025340WN1282,2025,340WN1282,1,11,0,-1,19,5,1,-1,0,1,0,0,0,0,1,1,-1,1,1,44,7,-1,-1,-1,-1,6,E01027232,0,3
2025340WN1292,2025,340WN1292,1,9,0,-1,11,3,7,-1,-1,3,0,0,0,0,1,1,-1,9,2,78,11,-1,-1,-1,-1,10,E01027165,0,1
2025340WN1292,2025,340WN1292,2,9,0,-1,19,3,7,-1,-1,3,0,7,4,2,3,1,-1,9,2,37,7,-1,-1,-1,-1,5,E01035424,0,1