collision_index,collision_year,collision_ref_no,vehicle_reference,vehicle_type,towing_and_articulation,vehicle_manoeuvre_historic,vehicle_manoeuvre,vehicle_direction_from,vehicle_direction_to,vehicle_location_restricted_lane_historic,vehicle_location_restricted_lane,junction_location,skidding_and_overturning,hit_object_in_carriageway,vehicle_leaving_carriageway,hit_object_off_carriageway,first_point_of_impact,vehicle_left_hand_drive,journey_purpose_of_driver_historic,journey_purpose_of_driver,sex_of_driver,age_of_driver,age_band_of_driver,engine_capacity_cc,propulsion_code,age_of_vehicle,generic_make_model,driver_imd_decile,lsoa_of_driver,escooter_flag,driver_distance_banding
2025340WN1302,2025,340WN1302,2,9,0,-1,3,6,2,-1,0,1,0,0,0,0,2,1,-1,7,2,19,4,-1,-1,-1,-1,3,E01027171,0,1
2025340WN1302,2025,340WN1302,1,9,0,-1,19,6,2,-1,0,1,0,0,0,0,1,1,-1,6,1,20,4,-1,-1,-1,-1,-1,-1,0,-1
2025340WN1312,2025,340WN1312,2,9,0,-1,9,5,3,-1,0,6,0,0,0,0,4,1,-1,9,2,42,7,-1,-1,-1,-1,3,E01027197,0,1
2025340WN1312,2025,340WN1312,1,4,0,-1,19,7,3,-1,0,8,0,0,0,0,1,1,-1,6,1,33,6,-1,-1,-1,-1,1,E01027199,0,1
2025340WN1322,2025,340WN1322,2,9,0,-1,19,5,1,-1,0,0,0,0,0,0,1,1,-1,9,2,68,10,-1,-1,-1,-1,5,E01027138,0,1
2025340WN1322,2025,340WN1322,1,9,0,-1,19,1,5,-1,0,0,0,0,0,0,1,1,-1,2,1,30,6,-1,-1,-1,-1,2,E01033499,0,4
2025340WN1332,2025,340WN1332,1,9,0,-1,19,7,3,-1,0,0,5,4,0,0,1,1,-1,9,1,80,11,-1,-1,-1,-1,3,E01027171,0,1
2025340WN1332,2025,340WN1332,2,9,0,-1,2,0,0,-1,0,0,0,0,0,0,2,1,-1,6,3,-1,-1,-1,-1,-1,-1,-1,-1,0,-1
2025340WN1342,2025,340WN1342,2,9,0,-1,2,0,0,-1,0,1,0,0,0,0,1,1,-1,6,3,-1,-1,-1,-1,-1,-1,-1,-1,0,-1
2025340WN1342,2025,340WN1342,1,9,0,-1,19,6,2,-1,0,1,5,4,0,0,1,1,-1,6,1,87,11,-1,-1,-1,-1,5,E01027215,0,1
2025340WN1352,2025,340WN1352,2,9,0,-1,4,1,5,-1,0,3,0,0,0,0,2,1,-1,2,1,30,6,-1,-1,-1,-1,9,E01035403,0,1
2025340WN1352,2025,340WN1352,1,9,0,-1,19,1,5,-1,0,3,0,0,0,0,1,1,-1,2,2,42,7,-1,-1,-1,-1,10,E01035404,0,1
2025340WN1362,2025,340WN1362,2,2,0,-1,19,1,5,-1,0,8,0,0,0,0,1,1,-1,9,1,59,9,-1,-1,-1,-1,8,E01027297,0,2
2025340WN1362,2025,340WN1362,1,9,0,-1,9,3,1,-1,0,8,0,0,0,0,3,1,-1,1,1,22,5,-1,-1,-1,-1,10,E01027295,0,1
2025340WN1372,2025,340WN1372,1,9,0,-1,19,8,4,-1,9,2,0,0,1,11,1,1,-1,2,1,58,9,-1,-1,-1,-1,3,E01027196,0,1
2025340WN1382,2025,340WN1382,1,9,0,-1,19,5,1,-1,0,1,0,0,0,0,1,1,-1,9,1,59,9,-1,-1,-1,-1,9,E01026998,0,2
2025340WN1392,2025,340WN1392,1,9,0,-1,19,5,1,-1,0,0,0,0,0,0,1,1,-1,2,2,35,6,-1,-1,-1,-1,4,E01019538,0,5
2025340WN1392,2025,340WN1392,2,9,0,-1,3,5,1,-1,0,0,0,0,0,0,2,1,-1,9,2,46,8,-1,-1,-1,-1,7,E01026994,0,2
2025340WN1402,2025,340WN1402,1,9,0,-1,19,7,3,-1,0,0,5,0,0,0,4,1,-1,9,1,65,9,-1,-1,-1,-1,9,E01027284,0,2
2025340WN1412,2025,340WN1412,1,5,0,-1,13,7,3,-1,0,1,2,0,0,0,3,1,-1,6,1,43,7,-1,-1,-1,-1,2,E01015633,0,4
2025340WN1412,2025,340WN1412,2,9,0,-1,3,3,7,-1,0,2,0,0,0,0,1,1,-1,2,1,54,8,-1,-1,-1,-1,5,E01027158,0,1
2025340WN1422,2025,340WN1422,1,9,0,-1,19,7,1,-1,0,3,0,0,0,0,1,1,-1,9,1,44,7,-1,-1,-1,-1,1,E01035414,0,4
2025340WN1422,2025,340WN1422,2,9,0,-1,3,7,1,-1,0,6,0,0,0,0,2,1,-1,9,1,47,8,-1,-1,-1,-1,7,E01027299,0,3
2025340WN1432,2025,340WN1432,1,9,0,-1,19,5,1,-1,0,0,0,0,0,0,1,1,-1,2,1,25,5,-1,-1,-1,-1,10,E01026203,0,5
2025340WN1432,2025,340WN1432,2,9,0,-1,19,1,5,-1,0,0,0,0,0,0,1,1,-1,2,1,25,5,-1,-1,-1,-1,9,E01035402,0,2
2025340WN1442,2025,340WN1442,1,21,0,-1,7,5,7,-1,0,2,0,0,0,0,4,1,-1,1,1,75,10,-1,-1,-1,-1,5,E01032397,0,4
2025340WN1442,2025,340WN1442,3,5,0,-1,7,0,0,-1,0,6,0,0,0,0,3,1,-1,8,1,37,7,-1,-1,-1,-1,-1,-1,0,-1
2025340WN1442,2025,340WN1442,2,9,0,-1,7,5,7,-1,0,1,0,0,0,0,0,1,-1,8,1,-1,-1,-1,-1,-1,-1,-1,-1,0,-1
2025340WN1452,2025,340WN1452,1,9,0,-1,19,3,7,-1,0,8,0,0,0,0,1,1,-1,2,2,47,8,-1,-1,-1,-1,6,E01027237,0,1
2025340WN1452,2025,340WN1452,2,9,0,-1,9,7,5,-1,0,8,0,0,0,0,4,1,-1,2,2,36,7,-1,-1,-1,-1,6,E01035421,0,1
2025340WN1462,2025,340WN1462,1,9,0,-1,19,5,1,-1,0,8,0,0,0,0,1,1,-1,9,1,24,5,-1,-1,-1,-1,9,E01027018,0,2
2025340WN1462,2025,340WN1462,2,9,0,-1,19,7,3,-1,0,8,0,0,1,10,3,1,-1,9,1,29,6,-1,-1,-1,-1,3,E01004575,0,4
2025340WN1472,2025,340WN1472,2,21,0,-1,19,4,8,-1,0,0,0,0,1,6,2,1,-1,1,1,57,9,-1,-1,-1,-1,4,E01028909,0,5
2025340WN1472,2025,340WN1472,1,9,0,-1,19,4,8,-1,0,0,0,0,0,0,1,1,-1,6,2,27,6,-1,-1,-1,-1,1,E01027235,0,1
2025340WN1482,2025,340WN1482,1,9,0,-1,19,5,1,-1,0,3,0,0,0,0,3,1,-1,9,1,43,7,-1,-1,-1,-1,2,E01027230,0,1
2025340WN1482,2025,340WN1482,2,9,0,-1,19,1,5,-1,0,1,0,0,0,0,3,1,-1,9,2,47,8,-1,-1,-1,-1,-1,-1,0,-1
2025340WN1492,2025,340WN1492,1,9,0,-1,19,7,3,-1,0,4,0,0,0,0,3,1,-1,6,2,20,4,-1,-1,-1,-1,5,E01027302,0,1
2025340WN1492,2025,340WN1492,2,5,0,-1,19,5,1,-1,0,3,5,0,0,0,1,1,-1,9,1,55,8,-1,-1,-1,-1,9,E01017454,0,4
2025340WN1502,2025,340WN1502,1,9,0,-1,7,1,3,-1,0,8,0,0,1,0,1,1,-1,6,2,62,9,-1,-1,-1,-1,-1,-1,0,-1
2025340WN1512,2025,340WN1512,2,9,0,-1,19,3,7,-1,0,1,0,0,0,0,1,1,-1,9,1,32,6,-1,-1,-1,-1,1,E01027140,0,2
2025340WN1512,2025,340WN1512,1,9,0,-1,9,7,5,-1,0,5,0,0,0,0,1,1,-1,6,1,62,9,-1,-1,-1,-1,6,E01027090,0,3
2025340WN1522,2025,340WN1522,2,9,0,-1,19,1,5,-1,0,4,0,0,0,0,3,1,-1,9,1,35,6,-1,-1,-1,-1,8,E01027023,0,3
2025340WN1522,2025,340WN1522,1,9,0,-1,11,1,5,-1,0,4,0,0,0,0,4,1,-1,9,1,45,7,-1,-1,-1,-1,5,E01027138,0,1
2025340WN1532,2025,340WN1532,1,9,0,-1,9,3,1,-1,0,6,0,0,0,0,1,1,-1,6,2,24,5,-1,-1,-1,-1,8,E01027329,0,3
2025340WN1532,2025,340WN1532,3,9,0,-1,15,5,1,-1,0,2,0,0,0,0,3,1,-1,6,2,62,9,-1,-1,-1,-1,5,E01027158,0,1
2025340WN1532,2025,340WN1532,2,4,0,-1,19,1,5,-1,0,1,0,0,0,0,1,1,-1,6,1,21,5,-1,-1,-1,-1,10,E01027027,0,3
2025340WN1542,2025,340WN1542,1,9,0,-1,19,1,5,-1,0,0,5,0,1,4,4,1,-1,9,2,49,8,-1,-1,-1,-1,10,E01027298,0,1
2025340WN1552,2025,340WN1552,1,9,0,-1,19,7,3,-1,0,0,0,0,0,0,1,1,-1,9,1,26,6,-1,-1,-1,-1,9,E01027288,0,4
2025340WN1552,2025,340WN1552,2,9,0,-1,19,3,7,-1,0,0,0,0,0,0,4,1,-1,9,2,50,8,-1,-1,-1,-1,6,E01009548,0,4
2025340WN1562,2025,340WN1562,1,9,0,-1,14,7,3,-1,0,8,0,0,0,0,1,1,-1,9,2,83,11,-1,-1,-1,-1,8,E01027253,0,2
2025340WN1572,2025,340WN1572,1,9,0,-1,19,3,7,-1,0,4,0,0,0,0,1,1,-1,6,1,-1,-1,-1,-1,-1,-1,-1,-1,0,-1
2025340WN1572,2025,340WN1572,2,19,0,-1,19,3,7,-1,0,4,1,0,0,0,2,1,-1,9,2,24,5,-1,-1,-1,-1,3,E01027330,0,3
2025340WN1582,2025,340WN1582,1,9,0,-1,4,5,1,-1,9,6,0,0,0,0,1,1,-1,6,2,-1,-1,-1,-1,-1,-1,-1,-1,0,-1
2025340WN1592,2025,340WN1592,1,9,0,-1,10,7,5,-1,0,8,0,0,0,0,1,1,-1,6,3,-1,-1,-1,-1,-1,-1,-1,-1,0,-1
2025340WN1592,2025,340WN1592,2,9,0,-1,10,7,5,-1,0,8,0,0,0,0,2,1,-1,9,1,33,6,-1,-1,-1,-1,10,E01032982,0,2
2025340WN1602,2025,340WN1602,1,9,0,-1,4,6,2,-1,0,1,0,0,0,0,1,1,-1,6,3,-1,-1,-1,-1,-1,-1,-1,-1,0,-1
2025340WN1622,2025,340WN1622,2,9,0,-1,19,1,7,-1,0,1,0,0,0,0,1,1,-1,2,2,48,8,-1,-1,-1,-1,8,E01027040,0,4
2025340WN1622,2025,340WN1622,1,9,0,-1,19,5,1,-1,0,1,0,0,0,0,1,1,-1,6,3,-1,-1,-1,-1,-1,-1,-1,-1,0,-1
2025340WN1632,2025,340WN1632,2,9,0,-1,9,3,1,-1,0,3,0,0,0,0,4,1,-1,9,1,42,7,-1,-1,-1,-1,5,E01027061,0,4
2025340WN1632,2025,340WN1632,1,9,0,-1,19,7,3,-1,0,4,0,0,0,0,1,1,-1,6,1,-1,-1,-1,-1,-1,-1,-1,-1,0,-1
2025340WN1642,2025,340WN1642,1,9,0,-1,19,1,5,-1,0,3,0,0,0,0,3,1,-1,6,3,-1,-1,-1,-1,-1,-1,-1,-1,0,-1
2025340WN1642,2025,340WN1642,2,9,0,-1,9,5,3,-1,0,3,0,0,0,0,1,1,-1,9,1,70,10,-1,-1,-1,-1,4,E01027328,0,4
2025340WN1652,2025,340WN1652,1,9,0,-1,3,3,7,-1,0,1,0,0,0,0,3,1,-1,9,1,30,6,-1,-1,-1,-1,9,E01035402,0,1
2025340WN1662,2025,340WN1662,1,9,0,-1,19,7,3,-1,0,8,0,0,0,0,1,1,-1,1,2,49,8,-1,-1,-1,-1,6,E01035421,0,1
2025340WN1662,2025,340WN1662,2,9,0,-1,19,5,1,-1,0,8,0,0,0,0,4,1,-1,8,1,30,6,-1,-1,-1,-1,8,E01027164,0,2
2025340WN1672,2025,340WN1672,1,9,0,-1,19,4,8,-1,0,0,5,10,1,0,4,1,-1,7,1,18,4,-1,-1,-1,-1,8,E01027304,0,3
2025340WN1682,2025,340WN1682,1,19,0,-1,5,5,1,-1,0,0,0,0,0,0,2,1,-1,1,1,63,9,-1,-1,-1,-1,10,E01017648,0,4
2025340WN1682,2025,340WN1682,2,1,0,-1,19,5,1,-1,0,0,0,0,0,0,2,1,-1,6,1,47,8,-1,-1,-1,-1,3,E01027185,0,1
2025340WN1692,2025,340WN1692,1,9,0,-1,19,6,2,-1,0,0,5,0,7,4,1,1,-1,2,2,48,8,-1,-1,-1,-1,2,E01027151,0,3
2025340WN1702,2025,340WN1702,3,9,0,-1,2,0,0,-1,9,0,0,0,0,0,2,1,-1,6,3,-1,-1,-1,-1,-1,-1,-1,-1,0,-1
2025340WN1702,2025,340WN1702,1,9,0,-1,14,5,1,-1,9,0,5,0,7,10,4,1,-1,6,2,81,11,-1,-1,-1,-1,6,E01027220,0,1
2025340WN1702,2025,340WN1702,2,9,0,-1,19,1,5,-1,0,0,0,0,0,0,0,1,-1,6,1,48,8,-1,-1,-1,-1,8,E01027218,0,1
2025340WN1712,2025,340WN1712,1,9,0,-1,19,7,3,-1,0,4,0,0,0,0,1,1,-1,9,2,86,11,-1,-1,-1,-1,4,E01032440,0,4
2025340WN1712,2025,340WN1712,2,9,0,-1,19,3,7,-1,0,3,0,0,1,0,3,1,-1,9,2,42,7,-1,-1,-1,-1,7,E01027024,0,2
2025340WN1722,2025,340WN1722,1,9,0,-1,19,7,3,-1,0,1,0,0,0,0,1,1,-1,2,1,49,8,-1,-1,-1,-1,3,E01027035,0,4
2025340WN1722,2025,340WN1722,2,9,0,-1,19,1,5,-1,0,1,5,0,1,0,3,1,-1,2,1,40,7,-1,-1,-1,-1,8,E01035087,0,2
2025340WN1732,2025,340WN1732,2,9,0,-1,5,3,1,-1,0,4,0,0,0,0,1,1,-1,2,2,42,7,-1,-1,-1,-1,1,E01027239,0,1
2025340WN1732,2025,340WN1732,1,9,0,-1,12,3,1,-1,0,8,0,0,0,0,3,1,-1,6,2,-1,-1,-1,-1,-1,-1,-1,-1,0,-1
2025340WN1742,2025,340WN1742,2,9,0,-1,3,4,8,-1,0,1,0,0,0,0,2,1,-1,9,2,18,4,-1,-1,-1,-1,8,E01028462,0,3
2025340WN1742,2025,340WN1742,1,5,0,-1,19,4,8,-1,0,1,2,0,0,0,1,1,-1,9,1,69,10,-1,-1,-1,-1,2,E01028450,0,2
2025340WN1752,2025,340WN1752,1,9,0,-1,19,2,6,-1,0,0,0,2,0,6,1,1,-1,9,1,58,9,-1,-1,-1,-1,-1,-1,0,-1
2025340WN1762,2025,340WN1762,1,9,0,-1,19,7,3,-1,0,0,0,0,0,0,1,1,-1,9,2,55,8,-1,-1,-1,-1,9,E01027016,0,1
2025340WN1762,2025,340WN1762,2,9,0,-1,19,3,7,-1,0,0,0,0,0,0,1,1,-1,9,2,42,7,-1,-1,-1,-1,9,E01026998,0,3
2025340WN1772,2025,340WN1772,2,9,0,-1,4,3,7,-1,0,2,0,0,0,0,1,1,-1,9,2,50,8,-1,-1,-1,-1,9,E01027294,0,2
2025340WN1772,2025,340WN1772,1,9,0,-1,7,7,1,-1,0,1,0,0,0,0,1,1,-1,9,2,46,8,-1,-1,-1,-1,10,E01027203,0,1
2025340WN1782,2025,340WN1782,2,9,0,-1,9,2,8,-1,0,1,0,0,0,0,3,1,-1,9,1,58,9,-1,-1,-1,-1,6,E01033952,0,1
2025340WN1782,2025,340WN1782,1,9,0,-1,19,2,6,-1,0,1,0,0,0,0,4,1,-1,9,2,63,9,-1,-1,-1,-1,6,E01033951,0,2
2025340WN1792,2025,340WN1792,1,9,0,-1,12,6,2,-1,0,0,0,0,0,0,3,1,-1,6,1,25,5,-1,-1,-1,-1,2,E01027246,0,2
2025340WN1792,2025,340WN1792,4,9,0,-1,12,2,6,-1,0,0,0,0,0,0,3,1,-1,6,2,57,9,-1,-1,-1,-1,6,E01027311,0,3
2025340WN1792,2025,340WN1792,3,9,0,-1,19,6,2,-1,0,0,0,0,0,0,3,1,-1,6,2,34,6,-1,-1,-1,-1,3,E01027137,0,1
2025340WN1792,2025,340WN1792,5,9,0,-1,19,2,6,-1,0,0,0,0,0,0,3,1,-1,6,1,77,11,-1,-1,-1,-1,7,E01027321,0,3
2025340WN1792,2025,340WN1792,2,21,0,-1,19,2,6,-1,0,0,0,0,0,0,1,1,-1,1,1,55,8,-1,-1,-1,-1,9,E01027052,0,4
2025340WN1792,2025,340WN1792,6,9,0,-1,19,2,6,-1,0,0,0,0,0,0,2,1,-1,6,1,28,6,-1,-1,-1,-1,7,E01001075,0,5
2025340WN1802,2025,340WN1802,2,9,0,-1,9,3,1,-1,0,5,0,0,0,0,3,1,-1,6,1,25,5,-1,-1,-1,-1,8,E01017694,0,4
2025340WN1802,2025,340WN1802,1,19,0,-1,19,3,7,-1,0,1,5,0,0,0,4,1,-1,1,1,23,5,-1,-1,-1,-1,6,E01016827,0,4
2025340WN1812,2025,340WN1812,1,9,0,-1,9,3,1,-1,0,0,0,0,0,0,1,1,-1,6,2,55,8,-1,-1,-1,-1,4,E01035417,0,1
2025340WN1812,2025,340WN1812,2,9,0,-1,19,1,5,-1,0,0,0,0,0,0,1,1,-1,6,2,58,9,-1,-1,-1,-1,7,E01027354,0,3
2025340WN1822,2025,340WN1822,1,9,0,-1,15,5,1,-1,0,0,0,0,0,0,3,1,-1,6,1,-1,-1,-1,-1,-1,-1,-1,-1,0,-1
2025340WN1822,2025,340WN1822,2,9,0,-1,19,5,1,-1,0,0,0,0,0,0,4,1,-1,2,1,29,6,-1,-1,-1,-1,9,E01027148,0,1
2025340WN1832,2025,340WN1832,3,19,0,-1,19,4,8,-1,0,1,0,0,1,0,1,1,-1,6,1,32,6,-1,-1,-1,-1,10,E01027298,0,1
2025340WN1832,2025,340WN1832,1,19,0,-1,19,8,4,-1,0,1,0,0,0,0,1,1,-1,1,1,25,5,-1,-1,-1,-1,9,E01018174,0,4
2025340WN1832,2025,340WN1832,2,9,0,-1,10,8,4,-1,0,8,0,0,0,0,2,1,-1,9,2,29,6,-1,-1,-1,-1,1,E01032434,0,4
2025340WN1842,2025,340WN1842,2,1,0,-1,19,7,3,-1,0,8,5,0,0,0,1,1,-1,9,1,46,8,-1,-1,-1,-1,5,E01027158,0,1
2025340WN1842,2025,340WN1842,1,17,0,-1,4,1,5,-1,0,1,0,0,0,0,1,1,-1,1,1,62,9,-1,-1,-1,-1,3,E01027240,0,1
2025340WN1862,2025,340WN1862,1,3,0,-1,19,1,5,-1,0,1,0,0,0,0,1,1,-1,6,1,20,4,-1,-1,-1,-1,2,E01027151,0,1
2025340WN1862,2025,340WN1862,2,5,0,-1,19,7,3,-1,0,6,0,0,0,0,3,1,-1,1,1,26,6,-1,-1,-1,-1,7,E01027019,0,2
2025340WN1872,2025,340WN1872,1,9,0,-1,9,7,5,-1,0,5,0,0,0,0,4,1,-1,9,1,88,11,-1,-1,-1,-1,2,E01027249,0,1
2025340WN1872,2025,340WN1872,2,4,0,-1,19,3,7,-1,0,1,0,0,0,0,1,1,-1,6,1,45,7,-1,-1,-1,-1,2,E01027249,0,1
2025340WN1882,2025,340WN1882,2,19,0,-1,2,0,0,-1,-1,1,0,0,1,2,2,1,-1,6,3,-1,-1,-1,-1,-1,-1,-1,-1,0,-1
2025340WN1882,2025,340WN1882,1,9,0,-1,19,5,1,-1,0,1,5,4,0,10,1,1,-1,2,1,32,6,-1,-1,-1,-1,2,E01027241,0,1
2025340WN1892,2025,340WN1892,1,5,0,-1,7,1,3,-1,0,8,0,0,4,0,0,1,-1,9,1,58,9,-1,-1,-1,-1,6,E01027232,0,1
2025340WN1902,2025,340WN1902,3,9,0,-1,4,7,6,-1,0,1,0,0,0,0,0,1,-1,2,2,18,4,-1,-1,-1,-1,2,E01028449,0,3
2025340WN1902,2025,340WN1902,1,9,0,-1,19,1,5,-1,0,1,0,0,0,0,4,1,-1,2,1,29,6,-1,-1,-1,-1,1,W01001457,0,5
2025340WN1902,2025,340WN1902,2,9,0,-1,7,3,5,-1,0,2,0,0,0,0,1,1,-1,6,1,38,7,-1,-1,-1,-1,1,E01027231,0,4
2025340WN1912,2025,340WN1912,2,9,0,-1,19,1,5,-1,0,0,1,0,7,0,3,1,-1,9,2,66,10,-1,-1,-1,-1,9,E01017612,0,4
2025340WN1912,2025,340WN1912,1,9,0,-1,19,5,1,-1,0,0,5,0,1,0,3,1,-1,9,1,37,7,-1,-1,-1,-1,8,E01025786,0,4
2025340WN1922,2025,340WN1922,1,1,0,-1,19,2,6,-1,0,8,0,0,0,0,1,1,-1,9,1,8,2,-1,-1,-1,-1,4,E01027189,0,1
2025340WN1922,2025,340WN1922,2,9,0,-1,19,8,4,-1,0,8,0,0,0,0,4,1,-1,9,2,54,8,-1,-1,-1,-1,8,E01027218,0,1
2025340WN1932,2025,340WN1932,1,9,0,-1,19,7,3,-1,0,0,0,0,0,0,3,1,-1,9,2,36,7,-1,-1,-1,-1,8,E01027304,0,3
2025340WN1932,2025,340WN1932,2,9,0,-1,19,3,7,-1,0,0,0,0,7,0,3,1,-1,2,1,21,5,-1,-1,-1,-1,10,E01027300,0,1
2025340WN1942,2025,340WN1942,2,9,0,-1,19,3,7,-1,0,0,0,0,0,0,1,1,-1,6,1,34,6,-1,-1,-1,-1,3,E01026992,0,1
2025340WN1942,2025,340WN1942,1,9,0,-1,19,7,3,-1,0,0,0,0,7,0,1,1,-1,6,1,41,7,-1,-1,-1,-1,4,E01027252,0,3
2025340WN1952,2025,340WN1952,1,9,0,-1,19,5,1,-1,0,0,0,0,1,10,1,1,-1,6,1,63,9,-1,-1,-1,-1,5,E01000589,0,4
2025340WN1952,2025,340WN1952,2,21,0,-1,19,5,1,-1,0,0,0,0,0,0,1,1,-1,6,1,29,6,-1,-1,-1,-1,8,E01022710,0,5
2025340WN1952,2025,340WN1952,3,9,0,-1,19,5,1,-1,0,0,0,0,0,0,4,1,-1,1,1,25,5,-1,-1,-1,-1,3,E01003050,0,5
2025340WN1962,2025,340WN1962,2,5,0,-1,19,3,7,-1,0,8,0,0,0,0,1,1,-1,9,1,28,6,-1,-1,-1,-1,2,E01027229,0,1
2025340WN1962,2025,340WN1962,1,9,0,-1,9,5,3,-1,0,6,0,0,0,0,1,1,-1,2,2,56,9,-1,-1,-1,-1,10,E01035419,0,1
2025340WN1972,2025,340WN1972,1,3,0,-1,13,1,5,-1,0,1,0,0,0,0,1,1,-1,2,1,22,5,-1,-1,-1,-1,4,E01027238,0,1
2025340WN1972,2025,340WN1972,2,8,0,-1,9,3,1,-1,0,8,0,0,0,0,1,1,-1,2,1,51,8,-1,-1,-1,-1,2,E01027242,0,1
2025340WN1972,2025,340WN1972,3,19,0,-1,19,1,5,-1,0,1,0,0,0,0,0,1,-1,6,1,55,8,-1,-1,-1,-1,5,E01027133,0,1
2025340WN1982,2025,340WN1982,1,9,0,-1,19,7,4,-1,0,0,0,0,1,4,1,1,-1,9,1,23,5,-1,-1,-1,-1,4,E01031087,0,4
2025340WN1992,2025,340WN1992,1,9,0,-1,19,7,3,-1,0,0,1,0,1,2,3,1,-1,9,1,17,4,-1,-1,-1,-1,10,E01013361,0,5
2025340WN2012,2025,340WN2012,1,9,0,-1,19,3,7,-1,0,7,0,0,3,1,1,1,-1,6,1,27,6,-1,-1,-1,-1,4,E01009863,0,4
2025340WN2022,2025,340WN2022,1,5,0,-1,9,3,1,-1,0,8,0,0,0,0,3,1,-1,9,1,87,11,-1,-1,-1,-1,8,E01027297,0,1
2025340WN2032,2025,340WN2032,1,9,0,-1,19,7,3,-1,0,4,5,0,3,1,1,1,-1,9,1,28,6,-1,-1,-1,-1,8,E01030046,0,5
2025340WN2042,2025,340WN2042,2,1,0,-1,19,4,8,-1,0,4,0,0,0,0,1,1,-1,6,1,47,8,-1,-1,-1,-1,7,E01017646,0,2
2025340WN2042,2025,340WN2042,1,9,0,-1,10,4,8,-1,0,4,0,0,0,0,4,1,-1,2,1,25,5,-1,-1,-1,-1,10,E01027298,0,1
2025340WN2052,2025,340WN2052,2,21,0,-1,2,5,1,-1,-1,2,0,0,1,0,2,1,-1,1,1,56,9,-1,-1,-1,-1,6,E01019741,0,5
2025340WN2052,2025,340WN2052,1,20,0,-1,4,5,1,-1,-1,2,0,0,1,0,1,1,-1,1,1,41,7,-1,-1,-1,-1,1,E01033648,0,4
2025340WN2062,2025,340WN2062,1,9,0,-1,19,7,3,-1,0,0,0,4,0,0,1,1,-1,6,2,39,7,-1,-1,-1,-1,9,E01027301,0,1
2025340WN2062,2025,340WN2062,2,9,0,-1,2,0,0,-1,9,0,0,0,0,0,3,1,-1,6,2,61,9,-1,-1,-1,-1,10,E01027300,0,1
2025340WN2072,2025,340WN2072,1,9,0,-1,19,3,7,-1,0,0,2,0,1,4,1,1,-1,6,2,30,6,-1,-1,-1,-1,10,E01035427,0,2
2025340WN2082,2025,340WN2082,1,9,0,-1,19,4,8,-1,0,1,1,0,0,0,1,1,-1,9,2,36,7,-1,-1,-1,-1,10,E01027001,0,2
2025340WN2082,2025,340WN2082,2,19,0,-1,9,4,8,-1,0,1,0,0,0,0,2,1,-1,1,2,42,7,-1,-1,-1,-1,2,E01027243,0,1
2025340WN2092,2025,340WN2092,2,19,0,-1,19,5,1,-1,0,1,0,0,0,0,3,1,-1,9,1,61,9,-1,-1,-1,-1,5,E01035423,0,1
2025340WN2092,2025,340WN2092,1,97,0,-1,19,3,7,-1,9,1,0,0,0,0,1,1,-1,6,1,21,5,-1,-1,-1,-1,2,E01027339,0,3
2025340WN2102,2025,340WN2102,1,19,0,-1,19,3,8,-1,0,0,0,0,0,0,1,1,-1,6,3,-1,-1,-1,-1,-1,-1,-1,-1,0,-1
2025340WN2102,2025,340WN2102,2,9,0,-1,6,5,5,-1,0,0,0,0,0,0,3,1,-1,1,1,56,9,-1,-1,-1,-1,2,E01027241,0,1
2025340WN2112,2025,340WN2112,1,90,0,-1,19,7,3,-1,0,0,0,0,0,0,1,1,-1,6,3,-1,-1,-1,-1,-1,-1,-1,-1,0,-1
2025340WN2112,2025,340WN2112,2,9,0,-1,19,3,7,-1,0,0,0,0,1,11,3,1,-1,9,1,70,10,-1,-1,-1,-1,1,E01006283,0,5
2025340WN2122,2025,340WN2122,2,9,0,-1,9,7,5,-1,0,8,0,0,0,0,1,1,-1,9,2,49,8,-1,-1,-1,-1,5,E01035424,0,1
2025340WN2122,2025,340WN2122,1,19,0,-1,19,3,7,-1,0,8,0,0,0,0,3,1,-1,1,1,26,6,-1,-1,-1,-1,2,E01027155,0,1
2025340WN2132,2025,340WN2132,1,9,0,-1,19,5,1,-1,0,0,0,0,0,0,1,1,-1,9,1,20,4,-1,-1,-1,-1,3,E01027009,0,1
2025340WN2142,2025,340WN2142,2,21,0,-1,19,7,3,-1,0,0,0,0,0,0,1,1,-1,1,1,61,9,-1,-1,-1,-1,4,E01031028,0,4
2025340WN2142,2025,340WN2142,1,21,0,-1,19,7,3,-1,0,6,0,0,0,0,1,1,-1,1,2,56,9,-1,-1,-1,-1,1,E01027235,0,4
2025340WN2152,2025,340WN2152,1,9,0,-1,19,3,7,-1,0,0,0,0,0,0,4,1,-1,9,1,22,5,-1,-1,-1,-1,3,E01027154,0,1
2025340WN2162,2025,340WN2162,2,9,0,-1,19,3,7,-1,0,0,1,0,0,6,4,1,-1,9,2,60,9,-1,-1,-1,-1,3,E01008158,0,5
2025340WN2162,2025,340WN2162,1,21,4,-1,19,3,7,-1,0,0,0,0,0,0,1,1,-1,6,1,-1,-1,-1,-1,-1,-1,-1,-1,0,-1
2025340WN2172,2025,340WN2172,1,2,0,-1,19,3,7,-1,9,2,0,0,0,0,1,1,-1,1,3,-1,-1,-1,-1,-1,-1,-1,-1,0,-1
2025340WN2182,2025,340WN2182,1,9,0,-1,9,7,3,-1,0,1,0,0,3,0,1,1,-1,6,1,-1,-1,-1,-1,-1,-1,-1,-1,0,-1
2025340WN2182,2025,340WN2182,2,-1,0,-1,19,1,5,-1,0,1,0,0,0,0,3,1,-1,6,2,39,7,-1,-1,-1,-1,1,E01027235,1,1
2025340WN2192,2025,340WN2192,2,9,0,-1,19,1,5,-1,0,0,0,0,0,0,4,1,-1,9,2,37,7,-1,-1,-1,-1,3,E01027137,0,2
2025340WN2192,2025,340WN2192,1,9,0,-1,19,1,5,-1,0,3,0,0,0,0,3,1,-1,6,2,-1,-1,-1,-1,-1,-1,-1,-1,0,-1
2025340WN2202,2025,340WN2202,1,-1,0,-1,15,7,3,-1,0,1,0,0,0,0,4,1,-1,6,3,-1,-1,-1,-1,-1,-1,-1,-1,1,-1
2025340WN2212,2025,340WN2212,1,19,0,-1,1,7,3,-1,0,0,0,0,0,0,2,1,-1,6,3,-1,-1,-1,-1,-1,-1,-1,-1,0,-1
2025340WN2212,2025,340WN2212,2,1,0,-1,19,7,3,-1,0,0,5,0,0,0,1,1,-1,7,1,12,3,-1,-1,-1,-1,4,E01027225,0,1
2025340WN2222,2025,340WN2222,2,3,0,-1,3,7,3,-1,0,0,0,0,0,0,1,1,-1,9,1,84,11,-1,-1,-1,-1,6,E01035399,0,1
2025340WN2222,2025,340WN2222,1,9,0,-1,20,7,3,-1,0,0,0,0,0,0,2,1,-1,6,3,-1,-1,-1,-1,-1,-1,-1,-1,0,-1