collision_index,collision_year,collision_ref_no,vehicle_reference,vehicle_type,towing_and_articulation,vehicle_manoeuvre_historic,vehicle_manoeuvre,vehicle_direction_from,vehicle_direction_to,vehicle_location_restricted_lane_historic,vehicle_location_restricted_lane,junction_location,skidding_and_overturning,hit_object_in_carriageway,vehicle_leaving_carriageway,hit_object_off_carriageway,first_point_of_impact,vehicle_left_hand_drive,journey_purpose_of_driver_historic,journey_purpose_of_driver,sex_of_driver,age_of_driver,age_band_of_driver,engine_capacity_cc,propulsion_code,age_of_vehicle,generic_make_model,driver_imd_decile,lsoa_of_driver,escooter_flag,driver_distance_banding
2025351557552,2025,351557552,2,98,4,-1,2,0,0,-1,0,0,0,0,0,0,2,1,-1,1,1,23,5,-1,-1,-1,-1,5,E01018158,0,3
2025351557552,2025,351557552,1,19,0,-1,19,3,7,-1,0,0,0,4,0,0,1,1,-1,1,1,40,7,-1,-1,-1,-1,2,E01015641,0,2
2025351557693,2025,351557693,2,9,0,-1,4,1,5,-1,0,0,0,0,1,0,2,1,-1,2,1,38,7,-1,-1,-1,-1,6,E01026446,0,4
2025351557693,2025,351557693,1,21,1,-1,12,1,5,-1,0,0,0,0,0,0,1,1,-1,2,1,29,6,-1,-1,-1,-1,2,E01013038,0,5
2025351558024,2025,351558024,1,9,-1,-1,-1,-1,-1,-1,-1,-1,-1,-1,-1,0,1,9,-1,6,1,30,6,-1,-1,-1,-1,2,E01015604,0,2
2025351558024,2025,351558024,2,9,-1,-1,-1,-1,-1,-1,-1,-1,-1,-1,-1,0,1,9,-1,6,1,17,4,-1,-1,-1,-1,5,E01018059,0,1
2025351558039,2025,351558039,1,9,0,-1,9,1,5,-1,0,1,0,0,0,0,1,1,-1,6,2,80,11,-1,-1,-1,-1,9,E01035521,0,1
2025351558137,2025,351558137,3,9,0,-1,19,2,4,-1,0,3,0,0,0,0,1,1,-1,9,2,32,6,-1,-1,-1,-1,7,E01018053,0,1
2025351558137,2025,351558137,1,9,0,-1,4,2,4,-1,0,3,0,0,0,0,0,1,-1,6,1,58,9,-1,-1,-1,-1,8,E01018025,0,2
2025351558137,2025,351558137,2,9,0,-1,19,2,4,-1,0,3,0,0,0,0,2,1,-1,9,2,38,7,-1,-1,-1,-1,10,E01035535,0,2
2025351558392,2025,351558392,1,9,0,-1,-1,-1,-1,-1,-1,0,-1,-1,-1,0,-1,1,-1,6,3,-1,-1,-1,-1,-1,-1,-1,-1,0,-1
2025351558392,2025,351558392,2,9,0,-1,13,-1,-1,-1,0,0,-1,-1,7,0,4,1,-1,9,2,34,6,-1,-1,-1,-1,9,E01017429,0,3
2025351558401,2025,351558401,2,9,0,-1,4,5,1,-1,0,0,0,0,0,0,2,1,-1,1,1,53,8,-1,-1,-1,-1,5,E01026410,0,4
2025351558401,2025,351558401,1,9,0,-1,4,5,1,-1,0,0,0,0,0,0,1,1,-1,6,1,21,5,-1,-1,-1,-1,5,E01008225,0,5
2025351558411,2025,351558411,1,9,0,-1,1,-1,-1,-1,2,1,0,0,0,0,2,9,-1,6,2,-1,-1,-1,-1,-1,-1,6,E01017540,0,4
2025351558420,2025,351558420,2,9,0,-1,9,3,1,-1,0,6,0,0,0,0,1,1,-1,6,1,61,9,-1,-1,-1,-1,6,E01018076,0,2
2025351558420,2025,351558420,1,9,0,-1,19,1,5,-1,0,8,0,0,0,0,1,1,-1,1,2,58,9,-1,-1,-1,-1,5,E01018082,0,3
2025351558463,2025,351558463,2,-1,0,-1,9,2,7,-1,0,0,0,0,0,0,1,1,-1,6,1,61,9,-1,-1,-1,-1,6,E01018300,1,1
2025351558463,2025,351558463,1,9,0,-1,13,2,6,-1,0,0,0,0,0,0,4,1,-1,1,1,37,7,-1,-1,-1,-1,3,E01017971,0,2
2025351558476,2025,351558476,1,9,0,-1,19,1,5,-1,0,0,0,0,7,11,1,1,-1,9,2,63,9,-1,-1,-1,-1,4,E01018083,0,4
2025351558476,2025,351558476,2,9,0,-1,19,1,5,-1,0,0,0,0,0,0,2,1,-1,1,1,62,9,-1,-1,-1,-1,10,E01018014,0,1
2025351558505,2025,351558505,1,9,0,-1,19,8,4,-1,0,8,0,0,0,0,1,9,-1,6,2,32,6,-1,-1,-1,-1,6,E01017997,0,1
2025351558505,2025,351558505,2,1,0,-1,10,8,4,-1,0,8,0,0,0,0,1,1,-1,6,1,15,3,-1,-1,-1,-1,5,E01017999,0,1
2025351558564,2025,351558564,2,9,0,-1,3,8,4,-1,0,1,0,0,1,0,2,1,-1,9,2,34,6,-1,-1,-1,-1,10,E01023412,0,4
2025351558564,2025,351558564,1,98,0,-1,4,8,4,-1,0,1,1,0,0,0,1,1,-1,1,1,41,7,-1,-1,-1,-1,2,E01015666,0,4
2025351558587,2025,351558587,1,9,0,-1,2,0,0,-1,0,0,0,0,0,0,3,9,-1,6,1,40,7,-1,-1,-1,-1,9,E01018205,0,4
2025351558587,2025,351558587,2,1,0,-1,14,1,5,-1,0,0,1,0,0,0,4,1,-1,2,1,41,7,-1,-1,-1,-1,4,E01018009,0,1
2025351558840,2025,351558840,1,9,-1,-1,-1,-1,-1,-1,-1,-1,-1,-1,-1,0,-1,9,-1,6,3,-1,-1,-1,-1,-1,-1,-1,-1,0,-1
2025351558840,2025,351558840,2,1,-1,-1,-1,-1,-1,-1,-1,-1,-1,-1,-1,0,-1,1,-1,2,2,43,7,-1,-1,-1,-1,7,E01017976,0,1
2025351558855,2025,351558855,2,9,0,-1,19,1,5,-1,0,2,0,0,0,0,1,1,-1,6,1,45,7,-1,-1,-1,-1,10,E01017392,0,4
2025351558855,2025,351558855,1,9,0,-1,19,1,4,-1,0,1,0,0,0,0,3,1,-1,6,1,17,4,-1,-1,-1,-1,5,E01026676,0,4
2025351558929,2025,351558929,1,19,0,-1,19,1,5,-1,0,0,0,0,0,0,1,1,-1,1,1,43,7,-1,-1,-1,-1,6,E01035548,0,1
2025351558946,2025,351558946,2,9,0,-1,3,3,7,-1,0,8,0,0,0,0,2,1,-1,2,1,34,6,-1,-1,-1,-1,10,E01026362,0,3
2025351558946,2025,351558946,3,9,0,-1,3,3,7,-1,0,8,0,0,0,0,2,1,-1,6,2,30,6,-1,-1,-1,-1,-1,-1,0,-1
2025351558946,2025,351558946,1,9,0,-1,19,3,7,-1,0,8,0,0,0,0,1,1,-1,6,2,41,7,-1,-1,-1,-1,1,E01015609,0,1
2025351559003,2025,351559003,1,9,0,-1,6,2,4,-1,0,1,0,0,0,0,1,9,-1,6,1,-1,-1,-1,-1,-1,-1,-1,-1,0,-1
2025351559003,2025,351559003,2,1,0,-1,19,6,5,-1,0,1,0,0,0,0,1,1,-1,9,1,30,6,-1,-1,-1,-1,5,E01017974,0,1
2025351559004,2025,351559004,2,19,0,-1,3,5,1,-1,0,8,0,0,0,0,2,1,-1,1,1,33,6,-1,-1,-1,-1,3,E01018092,0,4
2025351559004,2025,351559004,4,20,0,-1,3,5,1,-1,0,1,0,0,0,0,2,1,-1,1,1,64,9,-1,-1,-1,-1,7,E01018064,0,2
2025351559004,2025,351559004,3,9,0,-1,3,5,1,-1,0,1,0,0,0,0,2,1,-1,9,1,41,7,-1,-1,-1,-1,6,E01035553,0,2
2025351559004,2025,351559004,1,9,0,-1,4,5,1,-1,0,1,0,0,0,0,1,1,-1,9,1,82,11,-1,-1,-1,-1,3,E01015638,0,2
2025351559061,2025,351559061,1,9,0,-1,5,-1,-1,-1,0,6,0,0,0,0,1,9,-1,6,1,41,7,-1,-1,-1,-1,2,E01026689,0,4
2025351559061,2025,351559061,2,3,0,-1,19,-1,-1,-1,0,1,0,0,0,0,4,1,-1,2,1,23,5,-1,-1,-1,-1,4,E01026660,0,1
2025351559404,2025,351559404,2,97,0,-1,13,2,6,-1,0,0,0,0,0,0,3,1,-1,1,1,44,7,-1,-1,-1,-1,6,E01018047,0,2
2025351559404,2025,351559404,1,9,0,-1,19,6,2,-1,0,0,0,0,0,0,3,1,-1,1,1,46,8,-1,-1,-1,-1,10,E01018014,0,1
2025351559717,2025,351559717,2,1,0,-1,19,-1,-1,-1,0,8,-1,-1,4,0,-1,1,-1,2,2,44,7,-1,-1,-1,-1,7,E01018294,0,1
2025351559717,2025,351559717,1,19,-1,-1,9,-1,-1,-1,0,6,0,0,0,0,1,1,-1,1,1,61,9,-1,-1,-1,-1,6,E01023630,0,4
2025351560312,2025,351560312,1,9,0,-1,19,1,5,-1,0,0,0,0,1,0,4,1,-1,6,1,18,4,-1,-1,-1,-1,4,E01035536,0,2
2025351560347,2025,351560347,1,5,0,-1,19,8,4,-1,0,0,5,0,0,0,1,1,-1,9,1,52,8,-1,-1,-1,-1,6,E01027051,0,3
2025351560347,2025,351560347,2,9,0,-1,4,8,4,-1,0,0,0,0,0,0,2,1,-1,9,2,36,7,-1,-1,-1,-1,6,E01018126,0,2
2025351560363,2025,351560363,1,9,0,-1,19,7,3,-1,0,0,1,0,0,0,1,1,-1,2,1,53,8,-1,-1,-1,-1,7,E01027338,0,4
2025351560363,2025,351560363,2,9,0,-1,19,3,7,-1,0,0,0,0,1,9,3,2,-1,2,2,30,6,-1,-1,-1,-1,8,E01034436,0,2
2025351560447,2025,351560447,1,9,0,-1,9,4,2,-1,0,8,0,0,0,0,4,1,-1,9,1,33,6,-1,-1,-1,-1,2,E01015608,0,1
2025351560447,2025,351560447,2,9,0,-1,4,8,2,-1,0,4,0,0,0,0,3,1,-1,9,2,27,6,-1,-1,-1,-1,5,E01015655,0,1
2025351560507,2025,351560507,2,9,-1,-1,-1,-1,-1,-1,-1,-1,-1,-1,-1,0,2,9,-1,1,1,19,4,-1,-1,-1,-1,6,E01015644,0,2
2025351560507,2025,351560507,1,9,-1,-1,-1,-1,-1,-1,-1,-1,-1,-1,-1,0,1,9,-1,6,2,28,6,-1,-1,-1,-1,2,E01035539,0,1
2025351560532,2025,351560532,2,9,0,-1,4,1,5,-1,0,3,0,0,0,0,2,1,-1,7,1,35,6,-1,-1,-1,-1,1,E01006507,0,5
2025351560532,2025,351560532,3,9,0,-1,11,1,5,-1,0,3,0,0,0,0,0,1,-1,6,3,-1,-1,-1,-1,-1,-1,-1,-1,0,-1
2025351560532,2025,351560532,1,9,0,-1,19,1,5,-1,0,3,0,0,0,0,1,1,-1,6,1,20,4,-1,-1,-1,-1,3,E01018180,0,3
2025351560808,2025,351560808,2,1,-1,-1,-1,-1,-1,-1,-1,-1,-1,-1,-1,0,-1,1,-1,6,2,33,6,-1,-1,-1,-1,10,E01018292,0,1
2025351560808,2025,351560808,1,9,-1,-1,-1,-1,-1,-1,-1,-1,-1,-1,-1,0,-1,9,-1,6,1,37,7,-1,-1,-1,-1,9,E01022076,0,4
2025351560852,2025,351560852,2,97,-1,-1,-1,-1,-1,-1,-1,-1,-1,-1,-1,0,4,1,-1,2,1,56,9,-1,-1,-1,-1,10,E01018122,0,3
2025351560852,2025,351560852,1,9,0,-1,-1,-1,-1,-1,-1,-1,-1,-1,-1,0,1,9,-1,6,2,-1,-1,-1,-1,-1,-1,-1,-1,0,-1
2025351560854,2025,351560854,3,9,0,-1,19,1,5,-1,0,0,0,0,0,0,0,1,-1,1,1,37,7,-1,-1,-1,-1,-1,-1,0,-1
2025351560854,2025,351560854,4,9,0,-1,19,1,5,-1,0,0,0,0,0,0,0,1,-1,1,1,29,6,-1,-1,-1,-1,-1,-1,0,-1
2025351560854,2025,351560854,2,9,0,-1,4,5,1,-1,0,0,0,0,0,0,2,1,-1,1,1,32,6,-1,-1,-1,-1,4,E01018044,0,3
2025351560854,2025,351560854,1,9,0,-1,4,5,1,-1,0,0,0,0,0,0,1,1,-1,1,1,78,11,-1,-1,-1,-1,8,E01018050,0,2
2025351560864,2025,351560864,2,19,0,-1,9,1,7,-1,0,6,0,0,0,0,1,1,-1,1,1,47,8,-1,-1,-1,-1,9,E01033832,0,4
2025351560864,2025,351560864,1,9,0,-1,19,7,3,-1,0,1,0,0,1,0,4,1,-1,2,2,26,6,-1,-1,-1,-1,10,E01018239,0,1
2025351560878,2025,351560878,2,9,-1,-1,-1,-1,-1,-1,-1,0,-1,-1,-1,0,2,9,-1,9,1,31,6,-1,-1,-1,-1,3,E01018147,0,2
2025351560878,2025,351560878,1,9,-1,-1,-1,-1,-1,-1,-1,0,-1,-1,-1,0,-1,9,-1,6,1,-1,-1,-1,-1,-1,-1,-1,-1,0,-1
2025351560934,2025,351560934,2,97,-1,-1,-1,-1,-1,-1,-1,-1,-1,-1,-1,0,-1,1,-1,2,1,51,8,-1,-1,-1,-1,10,E01018130,0,1
2025351560934,2025,351560934,1,9,-1,-1,-1,-1,-1,-1,-1,-1,-1,-1,-1,0,-1,9,-1,6,3,-1,-1,-1,-1,-1,-1,-1,-1,0,-1
2025351560969,2025,351560969,2,1,0,-1,9,3,5,-1,0,8,0,0,0,0,1,1,-1,6,2,44,7,-1,-1,-1,-1,5,E01017954,0,1
2025351560969,2025,351560969,1,9,0,-1,10,5,3,-1,0,8,0,0,0,0,1,1,-1,6,1,-1,-1,-1,-1,-1,-1,-1,-1,0,-1
2025351561014,2025,351561014,2,9,0,-1,9,1,6,-1,0,5,0,0,0,0,3,9,-1,1,1,32,6,-1,-1,-1,-1,4,E01023652,0,4
2025351561014,2025,351561014,1,9,0,-1,19,1,5,-1,0,1,0,0,0,0,1,9,-1,9,2,63,9,-1,-1,-1,-1,10,E01017995,0,4
2025351561014,2025,351561014,3,9,0,-1,19,6,2,-1,0,1,0,0,0,0,0,1,-1,6,2,62,9,-1,-1,-1,-1,8,E01033429,0,2
2025351561355,2025,351561355,2,9,0,-1,4,1,5,-1,0,0,0,0,0,0,2,1,-1,2,1,56,9,-1,-1,-1,-1,8,E01018227,0,1
2025351561355,2025,351561355,1,9,0,-1,4,1,5,-1,0,0,2,0,1,0,1,1,-1,2,1,22,5,-1,-1,-1,-1,6,E01017997,0,3
2025351561414,2025,351561414,2,9,0,-1,5,6,3,-1,0,1,0,0,0,0,1,1,-1,9,2,35,6,-1,-1,-1,-1,9,E01018178,0,4
2025351561414,2025,351561414,1,98,0,-1,19,2,6,-1,0,1,0,0,0,0,1,1,-1,6,1,74,10,-1,-1,-1,-1,5,E01018142,0,2
2025351561435,2025,351561435,1,9,0,-1,19,1,5,-1,0,0,0,0,0,0,1,1,-1,9,1,73,10,-1,-1,-1,-1,3,E01027314,0,4
2025351561435,2025,351561435,3,9,0,-1,3,1,5,-1,0,0,0,0,0,0,2,1,-1,9,2,49,8,-1,-1,-1,-1,7,E01018065,0,4
2025351561435,2025,351561435,2,9,0,-1,3,1,5,-1,0,0,0,0,0,0,2,1,-1,9,2,24,5,-1,-1,-1,-1,7,E01026275,0,4
2025351561451,2025,351561451,2,90,0,-1,19,5,1,-1,0,8,0,0,0,0,4,1,-1,1,2,-1,-1,-1,-1,-1,-1,5,E01018059,0,4
2025351561451,2025,351561451,1,9,0,-1,5,7,3,-1,0,1,0,0,0,0,1,1,-1,9,2,54,8,-1,-1,-1,-1,10,E01017964,0,1
2025351561715,2025,351561715,2,9,0,-1,4,8,4,-1,0,1,0,0,0,0,2,1,-1,6,3,-1,-1,-1,-1,-1,-1,-1,-1,0,-1
2025351561715,2025,351561715,1,9,0,-1,4,8,4,-1,0,1,0,0,0,0,1,1,-1,2,1,33,6,-1,-1,-1,-1,4,E01035537,0,1
2025351561747,2025,351561747,1,9,0,-1,19,3,7,-1,0,0,0,0,7,2,1,1,-1,9,2,50,8,-1,-1,-1,-1,5,E01018163,0,1
2025351561863,2025,351561863,1,98,0,-1,19,5,1,-1,0,0,0,0,0,0,1,1,-1,1,1,48,8,-1,-1,-1,-1,9,E01018199,0,4
2025351561863,2025,351561863,2,98,1,-1,19,5,1,-1,0,0,0,0,0,0,2,2,-1,1,1,51,8,-1,-1,-1,-1,-1,-1,0,-1
2025351561932,2025,351561932,2,1,0,-1,19,-1,-1,-1,0,0,0,0,0,0,3,1,-1,9,2,69,10,-1,-1,-1,-1,8,E01015682,0,2
2025351561932,2025,351561932,1,9,0,-1,13,-1,-1,-1,0,0,0,0,0,0,4,9,-1,6,1,64,9,-1,-1,-1,-1,2,E01015595,0,1
2025351562321,2025,351562321,1,8,0,-1,6,5,5,-1,0,0,0,-1,0,0,2,1,-1,1,1,-1,-1,-1,-1,-1,-1,-1,-1,0,-1
2025351562321,2025,351562321,2,1,0,-1,19,5,1,-1,0,0,0,0,0,0,1,1,-1,2,1,19,4,-1,-1,-1,-1,6,E01035515,0,1
2025351563156,2025,351563156,1,8,0,-1,9,5,3,-1,0,6,0,0,0,0,1,1,-1,1,1,29,6,-1,-1,-1,-1,6,E01017962,0,1
2025351563156,2025,351563156,2,1,0,-1,10,7,5,-1,0,1,0,0,0,0,3,1,-1,2,1,50,8,-1,-1,-1,-1,8,E01017983,0,1
2025351563165,2025,351563165,2,9,0,-1,19,2,6,-1,0,8,0,0,0,0,4,1,-1,6,2,26,6,-1,-1,-1,-1,6,E01035515,0,1
2025351563165,2025,351563165,1,9,0,-1,9,6,4,-1,0,8,0,0,0,0,1,1,-1,6,2,18,4,-1,-1,-1,-1,10,E01017995,0,1
2025351563203,2025,351563203,1,9,0,-1,-1,-1,-1,-1,-1,0,-1,-1,-1,0,-1,9,-1,6,1,38,7,-1,-1,-1,-1,10,E01035558,0,3
2025351563203,2025,351563203,2,9,-1,-1,-1,-1,-1,-1,-1,0,-1,-1,-1,0,1,9,-1,2,2,39,7,-1,-1,-1,-1,5,E01017388,0,3
2025351563241,2025,351563241,1,9,0,-1,4,2,6,-1,0,0,1,0,0,0,1,1,-1,9,1,24,5,-1,-1,-1,-1,9,E01018240,0,4
2025351563241,2025,351563241,2,9,0,-1,4,2,6,-1,0,0,1,0,0,0,2,1,-1,9,2,25,5,-1,-1,-1,-1,3,E01017971,0,4
2025351563535,2025,351563535,1,98,0,-1,19,7,3,-1,0,0,0,0,0,0,3,1,-1,1,1,36,7,-1,-1,-1,-1,1,E01015647,0,4
2025351563609,2025,351563609,1,9,-1,-1,-1,-1,-1,-1,-1,-1,-1,-1,-1,0,-1,9,-1,6,1,69,10,-1,-1,-1,-1,6,E01017943,0,1
2025351563609,2025,351563609,2,1,0,-1,-1,-1,-1,-1,-1,-1,-1,-1,-1,0,-1,1,-1,6,2,-1,-1,-1,-1,-1,-1,10,E01017985,0,1
2025351563724,2025,351563724,2,9,0,-1,19,7,3,-1,0,0,1,0,0,0,3,1,-1,6,2,29,6,-1,-1,-1,-1,6,E01018297,0,3
2025351563724,2025,351563724,1,9,0,-1,19,7,3,-1,0,0,0,0,0,0,4,1,-1,1,1,53,8,-1,-1,-1,-1,3,E01030163,0,5
2025351564018,2025,351564018,1,9,0,-1,19,6,2,-1,0,0,0,0,0,0,1,1,-1,6,2,27,6,-1,-1,-1,-1,7,E01033181,0,1
2025351564018,2025,351564018,2,9,0,-1,4,6,2,-1,0,0,0,0,0,0,2,1,-1,6,1,56,9,-1,-1,-1,-1,7,E01033181,0,1
2025351564050,2025,351564050,1,98,0,-1,3,5,1,-1,0,0,0,0,0,0,1,1,-1,6,1,60,9,-1,-1,-1,-1,3,E01018147,0,4
2025351564050,2025,351564050,5,9,0,-1,4,5,1,-1,0,0,0,0,0,0,2,1,-1,6,1,57,9,-1,-1,-1,-1,9,E01018280,0,2
2025351564050,2025,351564050,3,98,1,-1,3,5,1,-1,0,0,0,0,0,0,2,1,-1,1,1,62,9,-1,-1,-1,-1,4,E01024194,0,5
2025351564050,2025,351564050,4,98,1,-1,4,5,1,-1,0,0,0,0,0,0,2,1,-1,1,1,50,8,-1,-1,-1,-1,4,E01024372,0,5
2025351564050,2025,351564050,2,9,0,-1,4,5,1,-1,0,0,0,0,0,0,2,1,-1,1,1,23,5,-1,-1,-1,-1,9,E01022082,0,3
2025351564050,2025,351564050,6,19,0,-1,19,5,1,-1,0,0,0,0,0,0,1,1,-1,1,1,60,9,-1,-1,-1,-1,1,E01014213,0,5
2025351564149,2025,351564149,1,9,0,-1,19,3,7,-1,0,0,5,0,1,0,1,1,-1,9,1,57,9,-1,-1,-1,-1,9,E01018032,0,4
2025351564407,2025,351564407,2,1,-1,-1,-1,-1,-1,-1,-1,-1,-1,-1,-1,0,-1,1,-1,2,1,48,8,-1,-1,-1,-1,2,E01015673,0,1
2025351564407,2025,351564407,1,9,-1,-1,-1,-1,-1,-1,-1,-1,-1,-1,-1,0,-1,9,-1,6,2,40,7,-1,-1,-1,-1,6,E01033179,0,1
2025351564437,2025,351564437,1,9,0,-1,5,1,5,-1,0,4,0,0,0,0,1,1,-1,6,1,83,11,-1,-1,-1,-1,10,E01017964,0,1
2025351564437,2025,351564437,2,1,0,-1,3,1,5,-1,0,4,0,0,0,0,2,1,-1,2,2,61,9,-1,-1,-1,-1,6,E01017965,0,1
2025351564446,2025,351564446,2,98,0,-1,19,6,2,-1,0,0,2,0,1,0,1,1,-1,1,1,44,7,-1,-1,-1,-1,5,E01026249,0,3
2025351564446,2025,351564446,3,9,0,-1,19,6,2,-1,0,0,0,0,0,0,1,1,-1,9,2,67,10,-1,-1,-1,-1,6,E01026265,0,3
2025351564446,2025,351564446,1,9,0,-1,19,6,2,-1,0,0,1,0,1,0,1,1,-1,6,2,54,8,-1,-1,-1,-1,2,E01015601,0,2
2025351564494,2025,351564494,1,-1,0,-1,19,2,6,-1,0,8,0,0,0,0,1,1,-1,9,3,-1,-1,-1,-1,-1,-1,-1,-1,1,-1
2025351564542,2025,351564542,1,9,0,-1,19,1,5,-1,0,0,0,0,0,0,1,1,-1,6,2,34,6,-1,-1,-1,-1,2,E01015605,0,1
2025351564582,2025,351564582,1,21,0,-1,19,4,8,-1,0,0,0,0,7,0,1,1,-1,1,1,65,9,-1,-1,-1,-1,6,E01018045,0,3
2025351564582,2025,351564582,2,19,0,-1,19,8,4,-1,0,0,0,0,0,0,1,1,-1,1,1,59,9,-1,-1,-1,-1,6,E01018076,0,2
2025351564621,2025,351564621,1,9,0,-1,19,3,7,-1,0,0,0,0,0,0,1,1,-1,6,2,29,6,-1,-1,-1,-1,3,E01026033,0,4
2025351564621,2025,351564621,2,9,0,-1,19,3,7,-1,0,0,0,0,0,0,1,1,-1,6,2,25,5,-1,-1,-1,-1,2,E01015656,0,2
2025351564621,2025,351564621,3,9,0,-1,19,3,7,-1,0,0,0,0,0,0,2,1,-1,6,2,48,8,-1,-1,-1,-1,5,E01033180,0,1
2025351564887,2025,351564887,1,98,0,-1,19,-1,-1,-1,0,0,0,0,0,0,1,9,-1,6,1,-1,-1,-1,-1,-1,-1,1,E01018103,0,1
2025351564887,2025,351564887,2,1,0,-1,19,-1,-1,-1,0,0,0,0,0,0,1,1,-1,2,1,16,4,-1,-1,-1,-1,2,E01026277,0,3
2025351564909,2025,351564909,2,9,0,-1,19,3,7,-1,0,0,0,0,0,0,1,1,-1,2,1,44,7,-1,-1,-1,-1,2,E01015610,0,1
2025351564909,2025,351564909,1,9,0,-1,19,7,3,-1,0,0,1,0,0,0,1,1,-1,2,2,40,7,-1,-1,-1,-1,8,E01015682,0,2
2025351564937,2025,351564937,2,9,-1,-1,-1,-1,-1,-1,-1,0,-1,-1,-1,0,-1,9,-1,6,2,29,6,-1,-1,-1,-1,9,E01022099,0,4
2025351564937,2025,351564937,1,9,-1,-1,-1,-1,-1,-1,-1,0,-1,-1,-1,0,-1,9,-1,6,1,81,11,-1,-1,-1,-1,5,E01018128,0,2
2025351564984,2025,351564984,1,9,0,-1,19,-1,-1,-1,0,3,0,0,0,0,1,9,-1,6,2,65,9,-1,-1,-1,-1,6,E01017962,0,1
2025351564984,2025,351564984,2,1,0,-1,9,-1,-1,-1,0,8,0,0,0,0,1,1,-1,9,2,53,8,-1,-1,-1,-1,8,E01018277,0,3
2025351565216,2025,351565216,2,4,0,-1,19,5,1,-1,0,1,0,0,0,0,1,1,-1,6,1,23,5,-1,-1,-1,-1,2,E01018071,0,1
2025351565216,2025,351565216,1,9,0,-1,9,7,5,-1,0,5,0,0,0,0,1,1,-1,1,2,57,9,-1,-1,-1,-1,6,E01026255,0,3
2025351565222,2025,351565222,3,9,-1,-1,3,-1,-1,-1,0,0,0,0,0,0,-1,9,-1,6,1,-1,-1,-1,-1,-1,-1,-1,-1,0,-1
2025351565222,2025,351565222,4,99,-1,-1,3,-1,-1,-1,0,0,0,0,0,0,2,9,-1,6,2,-1,-1,-1,-1,-1,-1,-1,-1,0,-1
2025351565222,2025,351565222,2,9,0,-1,3,-1,-1,-1,0,0,0,0,0,0,2,9,-1,9,1,64,9,-1,-1,-1,-1,9,E01025998,0,4
2025351565222,2025,351565222,1,19,-1,-1,3,-1,-1,-1,0,0,0,0,0,0,-1,9,-1,6,1,-1,-1,-1,-1,-1,-1,-1,-1,0,-1
2025351565237,2025,351565237,2,1,0,-1,19,1,5,-1,0,1,0,0,0,0,2,1,-1,6,1,14,3,-1,-1,-1,-1,8,E01015645,0,1
2025351565237,2025,351565237,1,11,0,-1,19,1,5,-1,0,1,0,0,0,0,1,1,-1,1,1,43,7,-1,-1,-1,-1,6,E01026266,0,4
2025351565817,2025,351565817,1,98,-1,-1,-1,-1,-1,-1,-1,-1,-1,-1,-1,0,-1,9,-1,6,3,-1,-1,-1,-1,-1,-1,-1,-1,0,-1
2025351565817,2025,351565817,2,9,-1,-1,-1,-1,-1,-1,-1,-1,-1,-1,-1,0,-1,9,-1,9,2,21,5,-1,-1,-1,-1,6,E01018098,0,2
2025351565847,2025,351565847,1,-1,0,-1,9,2,8,-1,0,6,0,0,0,0,1,1,-1,6,1,24,5,-1,-1,-1,-1,-1,-1,1,-1
2025351565847,2025,351565847,2,1,0,-1,19,8,4,-1,0,1,0,0,0,0,1,1,-1,9,2,23,5,-1,-1,-1,-1,6,E01035515,0,1
2025351565893,2025,351565893,1,9,-1,-1,-1,-1,-1,-1,-1,-1,-1,-1,-1,0,1,9,-1,6,1,75,10,-1,-1,-1,-1,2,E01015680,0,1
2025351565923,2025,351565923,2,9,0,-1,19,3,7,-1,0,0,0,0,1,11,1,1,-1,6,2,28,6,-1,-1,-1,-1,3,E01018081,0,1
2025351565923,2025,351565923,1,9,0,-1,9,7,3,-1,0,0,0,0,0,0,1,1,-1,2,2,68,10,-1,-1,-1,-1,9,E01026263,0,4
2025351565926,2025,351565926,1,9,0,-1,19,3,7,-1,9,1,0,0,7,0,3,1,-1,6,1,25,5,-1,-1,-1,-1,-1,-1,0,-1
2025351566137,2025,351566137,1,11,0,-1,19,7,3,-1,2,0,0,0,0,0,1,1,-1,1,1,53,8,-1,-1,-1,-1,6,E01034438,0,4
2025351566158,2025,351566158,2,9,0,-1,19,1,5,-1,0,0,0,0,0,0,1,9,-1,6,2,20,4,-1,-1,-1,-1,9,E01018120,0,1
2025351566158,2025,351566158,1,21,1,-1,19,5,1,-1,0,0,2,0,0,0,3,9,-1,1,1,52,8,-1,-1,-1,-1,2,E01014144,0,5
2025351566158,2025,351566158,3,9,0,-1,19,1,5,-1,0,0,0,0,0,0,0,9,-1,6,2,33,6,-1,-1,-1,-1,2,E01034208,0,4
2025351566227,2025,351566227,1,9,0,-1,19,3,7,-1,0,0,0,0,0,0,1,1,-1,9,1,67,10,-1,-1,-1,-1,5,E01018304,0,3
2025351566227,2025,351566227,2,9,0,-1,4,3,7,-1,0,0,0,0,0,0,2,1,-1,9,2,25,5,-1,-1,-1,-1,9,E01034426,0,4
2025351566250,2025,351566250,1,9,0,-1,19,3,7,-1,0,2,1,4,0,0,4,1,-1,6,1,22,5,-1,-1,-1,-1,4,E01015692,0,1
2025351566250,2025,351566250,2,9,0,-1,19,7,3,-1,0,2,0,0,0,0,1,1,-1,6,1,40,7,-1,-1,-1,-1,8,E01015690,0,1
2025351566250,2025,351566250,3,9,0,-1,2,0,0,-1,0,2,0,0,0,0,3,1,-1,6,-1,-1,-1,-1,-1,-1,-1,-1,-1,0,-1
2025351566269,2025,351566269,1,9,0,-1,19,3,7,-1,0,1,0,0,0,0,1,1,-1,6,1,85,11,-1,-1,-1,-1,4,E01030110,0,1