collision_index,collision_year,collision_ref_no,vehicle_reference,vehicle_type,towing_and_articulation,vehicle_manoeuvre_historic,vehicle_manoeuvre,vehicle_direction_from,vehicle_direction_to,vehicle_location_restricted_lane_historic,vehicle_location_restricted_lane,junction_location,skidding_and_overturning,hit_object_in_carriageway,vehicle_leaving_carriageway,hit_object_off_carriageway,first_point_of_impact,vehicle_left_hand_drive,journey_purpose_of_driver_historic,journey_purpose_of_driver,sex_of_driver,age_of_driver,age_band_of_driver,engine_capacity_cc,propulsion_code,age_of_vehicle,generic_make_model,driver_imd_decile,lsoa_of_driver,escooter_flag,driver_distance_banding
2025351566269,2025,351566269,2,9,0,-1,10,1,5,-1,0,1,0,0,0,0,2,1,-1,6,2,77,11,-1,-1,-1,-1,8,E01030117,0,1
2025351566328,2025,351566328,1,9,0,-1,19,6,2,-1,0,8,0,7,0,0,1,1,-1,6,1,80,11,-1,-1,-1,-1,10,E01018141,0,1
2025351566369,2025,351566369,1,19,0,-1,12,7,3,-1,0,0,0,0,0,0,2,1,-1,1,1,56,9,-1,-1,-1,-1,6,E01029614,0,5
2025351566369,2025,351566369,2,19,0,-1,19,7,3,-1,0,0,0,0,0,0,1,1,-1,1,1,62,9,-1,-1,-1,-1,6,E01021595,0,4
2025351566702,2025,351566702,2,22,0,-1,19,1,2,-1,0,0,5,0,1,9,3,1,-1,9,1,68,10,-1,-1,-1,-1,8,E01018197,0,1
2025351566702,2025,351566702,1,9,0,-1,19,1,2,-1,0,0,0,0,0,0,4,1,-1,6,2,45,7,-1,-1,-1,-1,10,E01018198,0,1
2025351566717,2025,351566717,2,9,0,-1,3,8,4,-1,0,0,0,0,0,0,2,1,-1,6,1,46,8,-1,-1,-1,-1,6,E01021770,0,4
2025351566717,2025,351566717,3,9,0,-1,5,8,4,-1,0,0,0,0,0,0,4,1,-1,6,1,57,9,-1,-1,-1,-1,10,E01024320,0,4
2025351566717,2025,351566717,1,9,0,-1,4,8,4,-1,0,0,0,0,0,0,1,1,-1,6,2,24,5,-1,-1,-1,-1,10,E01023885,0,4
2025351566729,2025,351566729,2,9,0,-1,19,3,7,-1,0,0,0,0,0,0,2,1,-1,6,2,51,8,-1,-1,-1,-1,2,E01000433,0,4
2025351566729,2025,351566729,1,19,-1,-1,-1,-1,-1,-1,-1,0,-1,-1,-1,0,-1,9,-1,6,3,-1,-1,-1,-1,-1,-1,-1,-1,0,-1
2025351566756,2025,351566756,2,9,0,-1,19,4,8,-1,0,8,0,0,0,0,1,1,-1,6,1,26,6,-1,-1,-1,-1,6,E01027692,0,5
2025351566756,2025,351566756,1,98,0,-1,9,8,5,-1,0,8,0,0,0,0,4,1,-1,6,1,30,6,-1,-1,-1,-1,7,E01015628,0,1
2025351566795,2025,351566795,1,5,0,-1,9,4,8,-1,0,8,0,0,0,0,4,1,-1,9,1,38,7,-1,-1,-1,-1,6,E01034441,0,3
2025351566795,2025,351566795,2,9,0,-1,19,7,4,-1,0,8,0,0,0,0,1,1,-1,9,1,43,7,-1,-1,-1,-1,8,E01034436,0,1
2025351566991,2025,351566991,2,9,-1,-1,-1,-1,-1,-1,-1,-1,-1,-1,-1,0,2,9,-1,2,2,65,9,-1,-1,-1,-1,9,E01033175,0,1
2025351566991,2025,351566991,1,9,-1,-1,-1,-1,-1,-1,-1,-1,-1,-1,-1,0,1,9,-1,6,2,-1,-1,-1,-1,-1,-1,5,E01033174,0,1
2025351567028,2025,351567028,1,98,1,-1,19,3,7,-1,0,0,0,0,0,0,1,1,-1,1,1,28,6,-1,-1,-1,-1,8,E01035152,0,5
2025351567028,2025,351567028,2,98,0,-1,4,3,7,-1,0,0,0,0,0,0,2,1,-1,1,1,-1,-1,-1,-1,-1,-1,-1,-1,0,-1
2025351567067,2025,351567067,2,9,-1,-1,-1,-1,-1,-1,-1,-1,-1,-1,-1,0,2,9,-1,2,2,45,7,-1,-1,-1,-1,4,E01018077,0,4
2025351567067,2025,351567067,1,19,-1,-1,-1,-1,-1,-1,-1,-1,-1,-1,-1,0,-1,9,-1,6,3,-1,-1,-1,-1,-1,-1,-1,-1,0,-1
2025351567086,2025,351567086,2,9,0,-1,19,1,5,-1,0,1,0,0,0,0,1,1,-1,6,1,30,6,-1,-1,-1,-1,3,E01026102,0,5
2025351567086,2025,351567086,1,9,0,-1,19,5,8,-1,0,2,1,0,0,0,1,1,-1,6,3,-1,-1,-1,-1,-1,-1,-1,-1,0,-1
2025351567508,2025,351567508,1,9,0,-1,5,1,5,-1,0,4,0,0,0,0,1,1,-1,9,2,59,9,-1,-1,-1,-1,9,E01017998,0,1
2025351567508,2025,351567508,2,1,0,-1,19,3,1,-1,0,8,5,0,0,0,4,1,-1,9,1,33,6,-1,-1,-1,-1,8,E01035519,0,1
2025351567522,2025,351567522,1,9,0,-1,5,8,4,-1,0,1,0,0,0,0,1,1,-1,9,1,31,6,-1,-1,-1,-1,5,E01026290,0,4
2025351567522,2025,351567522,2,9,0,-1,3,8,4,-1,0,1,0,0,0,0,2,1,-1,1,1,51,8,-1,-1,-1,-1,8,E01015689,0,1
2025351567531,2025,351567531,1,9,-1,-1,3,-1,-1,-1,0,1,0,0,0,0,1,9,-1,6,3,-1,-1,-1,-1,-1,-1,-1,-1,0,-1
2025351567531,2025,351567531,2,9,0,-1,3,-1,-1,-1,0,1,0,0,0,0,2,1,-1,1,2,33,6,-1,-1,-1,-1,2,E01015594,0,1
2025351567537,2025,351567537,1,9,0,-1,19,8,4,-1,0,0,5,0,1,0,1,1,-1,9,1,26,6,-1,-1,-1,-1,1,E01026619,0,5
2025351567537,2025,351567537,2,90,0,-1,12,8,4,-1,0,0,0,0,0,0,0,9,-1,6,3,-1,-1,-1,-1,-1,-1,-1,-1,0,-1
2025351567594,2025,351567594,1,98,1,-1,19,4,8,-1,0,4,0,9,3,0,1,1,-1,1,1,36,7,-1,-1,-1,-1,1,E01027131,0,4
2025351567613,2025,351567613,2,9,0,-1,3,7,1,-1,0,1,0,0,0,0,3,1,-1,9,1,26,6,-1,-1,-1,-1,8,E01018001,0,1
2025351567613,2025,351567613,1,1,0,-1,4,3,7,-1,0,1,0,0,0,0,1,1,-1,1,2,56,9,-1,-1,-1,-1,6,E01017963,0,1
2025351567683,2025,351567683,2,9,0,-1,4,5,1,-1,0,0,0,0,0,0,1,1,-1,6,1,37,7,-1,-1,-1,-1,8,E01027044,0,3
2025351567683,2025,351567683,1,9,0,-1,4,5,1,-1,0,0,0,0,0,0,2,1,-1,6,2,38,7,-1,-1,-1,-1,8,E01027050,0,4
2025351567691,2025,351567691,2,1,0,-1,19,6,4,-1,0,8,2,0,0,0,4,1,-1,2,1,26,6,-1,-1,-1,-1,1,E01015603,0,1
2025351567691,2025,351567691,1,9,0,-1,19,8,4,-1,0,4,0,0,0,0,1,1,-1,2,1,76,11,-1,-1,-1,-1,1,E01015597,0,1
2025351567705,2025,351567705,1,9,0,-1,19,5,1,-1,0,0,0,0,0,0,1,1,-1,1,2,29,6,-1,-1,-1,-1,10,E01026359,0,1
2025351567705,2025,351567705,2,19,0,-1,4,5,1,-1,0,0,0,0,0,0,2,1,-1,1,1,30,6,-1,-1,-1,-1,5,E01011248,0,5
2025351567912,2025,351567912,2,9,-1,-1,3,-1,-1,-1,0,1,0,0,0,0,1,9,-1,6,2,-1,-1,-1,-1,-1,-1,10,E01018263,0,1
2025351567912,2025,351567912,1,9,-1,-1,3,-1,-1,-1,0,1,0,0,0,0,2,1,-1,7,2,52,8,-1,-1,-1,-1,8,E01021375,0,3
2025351567915,2025,351567915,1,9,-1,-1,3,-1,-1,-1,9,0,0,0,0,0,1,9,-1,6,3,-1,-1,-1,-1,-1,-1,-1,-1,0,-1
2025351567920,2025,351567920,1,9,0,-1,3,-1,-1,-1,0,0,0,0,0,0,2,1,-1,2,1,38,7,-1,-1,-1,-1,5,E01032802,0,1
2025351567920,2025,351567920,2,9,0,-1,3,-1,-1,-1,0,0,0,0,0,0,1,1,-1,6,1,-1,-1,-1,-1,-1,-1,-1,-1,0,-1
2025351567939,2025,351567939,1,9,-1,-1,19,-1,-1,-1,0,-1,0,0,0,0,1,1,-1,9,1,-1,-1,-1,-1,-1,-1,8,E01015646,0,1
2025351568441,2025,351568441,2,9,0,-1,4,7,3,-1,0,0,0,0,0,0,2,1,-1,9,1,75,10,-1,-1,-1,-1,8,E01018296,0,2
2025351568441,2025,351568441,1,3,0,-1,4,7,3,-1,0,0,0,0,0,0,1,1,-1,6,1,-1,-1,-1,-1,-1,-1,8,E01035519,0,1
2025351568542,2025,351568542,2,1,-1,-1,-1,-1,-1,-1,-1,-1,-1,-1,-1,0,1,1,-1,7,1,18,4,-1,-1,-1,-1,10,E01004640,0,4
2025351568542,2025,351568542,1,9,-1,-1,-1,-1,-1,-1,-1,-1,-1,-1,-1,0,-1,9,-1,6,1,-1,-1,-1,-1,-1,-1,-1,-1,0,-1
2025351568585,2025,351568585,1,9,0,-1,19,-1,-1,-1,0,8,0,0,0,0,1,9,-1,6,1,87,11,-1,-1,-1,-1,10,E01018248,0,1
2025351568585,2025,351568585,2,1,0,-1,9,1,7,-1,0,8,0,0,0,0,1,1,-1,9,2,64,9,-1,-1,-1,-1,10,E01035561,0,1
2025351568603,2025,351568603,1,9,-1,-1,-1,-1,-1,-1,-1,-1,-1,-1,-1,0,-1,9,-1,6,1,21,5,-1,-1,-1,-1,7,E01017423,0,2
2025351568603,2025,351568603,2,1,-1,-1,-1,-1,-1,-1,-1,-1,-1,-1,-1,0,-1,1,-1,2,1,24,5,-1,-1,-1,-1,10,E01018176,0,1
2025351568608,2025,351568608,2,1,0,-1,19,4,8,-1,4,1,0,0,0,0,4,1,-1,7,2,56,9,-1,-1,-1,-1,10,E01017959,0,1
2025351568608,2025,351568608,1,9,0,-1,9,6,4,-1,2,1,0,0,0,0,1,1,-1,1,2,21,5,-1,-1,-1,-1,5,E01018005,0,1
2025351568634,2025,351568634,1,9,0,-1,99,1,7,-1,0,9,0,0,0,0,4,9,-1,6,1,56,9,-1,-1,-1,-1,6,E01027057,0,4
2025351568634,2025,351568634,2,9,0,-1,19,3,7,-1,0,3,0,0,0,0,3,9,-1,9,1,58,9,-1,-1,-1,-1,6,E01015653,0,1
2025351568859,2025,351568859,1,9,0,-1,5,7,3,-1,0,4,0,0,0,0,3,1,-1,6,2,35,6,-1,-1,-1,-1,5,E01033037,0,3
2025351568859,2025,351568859,2,1,0,-1,19,5,3,-1,0,8,0,0,0,0,1,1,-1,6,2,49,8,-1,-1,-1,-1,6,E01026722,0,4
2025351568884,2025,351568884,2,8,0,-1,-1,-1,-1,-1,-1,-1,-1,-1,-1,0,-1,1,-1,1,1,39,7,-1,-1,-1,-1,4,E01015665,0,1
2025351568884,2025,351568884,1,19,0,-1,-1,-1,-1,-1,-1,-1,-1,-1,-1,0,-1,9,-1,6,3,-1,-1,-1,-1,-1,-1,-1,-1,0,-1
2025351568906,2025,351568906,2,9,0,-1,3,3,7,-1,0,0,0,0,0,0,2,1,-1,9,1,24,5,-1,-1,-1,-1,8,E01002465,0,4
2025351568906,2025,351568906,1,9,0,-1,19,3,7,-1,0,0,0,0,0,0,1,1,-1,9,1,59,9,-1,-1,-1,-1,3,E01001769,0,4
2025351568937,2025,351568937,1,9,0,-1,19,7,3,-1,0,0,0,0,0,0,1,9,-1,7,2,35,6,-1,-1,-1,-1,3,E01018147,0,1
2025351568937,2025,351568937,2,1,0,-1,19,5,1,-1,0,0,0,0,0,0,2,1,-1,7,1,12,3,-1,-1,-1,-1,10,E01018116,0,1
2025351568948,2025,351568948,1,9,0,-1,19,3,8,-1,0,0,0,0,1,0,1,1,-1,6,2,37,7,-1,-1,-1,-1,1,E01015647,0,1
2025351568977,2025,351568977,1,9,0,-1,9,7,5,-1,0,0,0,0,0,0,1,1,-1,6,2,68,10,-1,-1,-1,-1,8,E01017992,0,1
2025351568996,2025,351568996,1,9,0,-1,9,7,1,-1,0,1,0,0,0,0,1,9,-1,6,1,36,7,-1,-1,-1,-1,2,E01017948,0,1
2025351568996,2025,351568996,2,10,0,-1,19,3,1,-1,0,1,0,0,0,0,4,9,-1,7,1,63,9,-1,-1,-1,-1,5,E01017954,0,2
2025351569028,2025,351569028,1,9,0,-1,19,7,3,-1,0,0,0,0,7,0,1,1,-1,6,1,22,5,-1,-1,-1,-1,5,E01018096,0,1
2025351569073,2025,351569073,3,9,0,-1,19,5,1,-1,0,0,1,0,0,0,2,1,-1,6,1,58,9,-1,-1,-1,-1,8,E01035519,0,2
2025351569073,2025,351569073,1,9,0,-1,11,5,1,-1,0,0,1,0,0,0,1,1,-1,6,1,61,9,-1,-1,-1,-1,3,E01021871,0,4
2025351569073,2025,351569073,2,9,0,-1,12,5,1,-1,0,0,1,0,0,0,2,1,-1,2,2,34,6,-1,-1,-1,-1,9,E01018039,0,4
2025351569082,2025,351569082,1,9,0,-1,19,5,1,-1,0,0,1,0,7,4,1,1,-1,9,1,47,8,-1,-1,-1,-1,5,E01015655,0,1
2025351569296,2025,351569296,1,9,0,-1,19,3,7,-1,0,0,0,0,1,0,1,1,-1,6,2,85,11,-1,-1,-1,-1,7,E01018294,0,1
2025351569296,2025,351569296,2,9,0,-1,19,3,7,-1,0,0,0,0,0,0,1,1,-1,6,1,81,11,-1,-1,-1,-1,9,E01018291,0,1
2025351569296,2025,351569296,3,19,0,-1,2,0,0,-1,0,0,0,0,0,0,1,1,-1,6,1,34,6,-1,-1,-1,-1,10,E01018285,0,3
2025351569302,2025,351569302,1,9,0,-1,19,6,3,-1,0,0,0,0,7,4,3,1,-1,9,2,55,8,-1,-1,-1,-1,6,E01018110,0,3
2025351569311,2025,351569311,1,1,0,-1,-1,-1,-1,-1,-1,-1,-1,-1,-1,0,-1,1,-1,6,1,33,6,-1,-1,-1,-1,6,E01017962,0,1
2025351569311,2025,351569311,2,8,0,-1,-1,-1,-1,-1,-1,-1,-1,-1,-1,0,-1,1,-1,6,1,56,9,-1,-1,-1,-1,5,E01017973,0,1
2025351569489,2025,351569489,2,9,0,-1,19,7,3,-1,0,1,0,0,0,0,1,1,-1,6,2,42,7,-1,-1,-1,-1,3,E01015674,0,2
2025351569489,2025,351569489,1,9,0,-1,9,4,8,-1,0,1,0,0,0,0,4,1,-1,6,2,74,10,-1,-1,-1,-1,9,E01026347,0,2
2025351569489,2025,351569489,3,9,0,-1,19,3,7,-1,0,1,0,0,0,0,0,1,-1,6,1,47,8,-1,-1,-1,-1,2,E01033692,0,5
2025351569512,2025,351569512,1,9,-1,-1,-1,-1,-1,-1,-1,-1,-1,-1,-1,0,-1,9,-1,6,1,80,11,-1,-1,-1,-1,7,E01018294,0,2
2025351569541,2025,351569541,1,19,0,-1,19,1,5,-1,0,0,0,0,0,0,1,1,-1,1,1,40,7,-1,-1,-1,-1,5,E01026428,0,4
2025351569541,2025,351569541,2,21,0,-1,19,1,5,-1,0,0,0,0,0,0,2,1,-1,1,1,34,6,-1,-1,-1,-1,6,E01010132,0,5
2025351569602,2025,351569602,1,9,0,-1,1,-1,-1,-1,0,1,0,0,0,0,2,9,-1,6,3,-1,-1,-1,-1,-1,-1,-1,-1,0,-1
2025351569624,2025,351569624,2,9,-1,-1,-1,-1,-1,-1,-1,0,-1,-1,-1,0,-1,9,-1,6,2,22,5,-1,-1,-1,-1,5,E01027061,0,4
2025351569624,2025,351569624,1,98,-1,-1,-1,-1,-1,-1,-1,0,-1,-1,-1,0,-1,9,-1,6,1,58,9,-1,-1,-1,-1,6,E01024016,0,5
2025351569640,2025,351569640,1,9,0,-1,19,-1,-1,-1,0,0,0,99,0,0,3,1,-1,6,3,-1,-1,-1,-1,-1,-1,-1,-1,0,-1
2025351569654,2025,351569654,2,1,0,-1,19,7,3,-1,0,8,0,0,0,0,3,1,-1,7,1,11,3,-1,-1,-1,-1,3,E01035552,0,1
2025351569654,2025,351569654,1,9,0,-1,19,-1,-1,-1,0,6,0,0,0,0,1,1,-1,6,2,-1,-1,-1,-1,-1,-1,-1,-1,0,-1
2025351569696,2025,351569696,1,98,0,-1,-1,-1,-1,-1,-1,0,-1,-1,-1,0,2,9,-1,6,3,-1,-1,-1,-1,-1,-1,-1,-1,0,-1
2025351569696,2025,351569696,2,5,0,-1,-1,-1,-1,-1,-1,0,-1,-1,-1,0,3,1,-1,9,1,63,9,-1,-1,-1,-1,6,E01030151,0,4
2025351569703,2025,351569703,1,9,0,-1,12,-1,-1,-1,0,0,0,0,0,0,-1,1,-1,6,3,-1,-1,-1,-1,-1,-1,-1,-1,0,-1
2025351569703,2025,351569703,2,9,0,-1,5,-1,-1,-1,0,0,0,0,0,0,1,1,-1,9,2,25,5,-1,-1,-1,-1,8,E01026258,0,4
2025351569716,2025,351569716,2,9,0,-1,19,1,5,-1,0,3,0,0,0,0,3,9,-1,9,2,64,9,-1,-1,-1,-1,1,E01015593,0,1
2025351569716,2025,351569716,1,9,0,-1,19,5,1,-1,0,3,0,0,0,0,4,9,-1,9,1,22,5,-1,-1,-1,-1,5,E01033180,0,2
2025351569998,2025,351569998,1,9,0,-1,13,3,7,-1,0,0,1,0,7,0,1,1,-1,6,1,21,5,-1,-1,-1,-1,3,E01017978,0,1
2025351570033,2025,351570033,2,9,0,-1,2,0,0,-1,9,0,0,0,0,0,4,1,-1,6,2,31,6,-1,-1,-1,-1,5,E01018067,0,1
2025351570033,2025,351570033,1,90,0,-1,5,5,1,-1,9,0,0,0,0,0,1,1,-1,6,1,29,6,-1,-1,-1,-1,-1,-1,0,-1
2025351570131,2025,351570131,1,9,0,-1,7,8,3,-1,0,0,0,0,1,0,1,1,-1,6,2,21,5,-1,-1,-1,-1,10,E01018013,0,1
2025351570131,2025,351570131,2,9,0,-1,19,3,7,-1,0,0,0,0,1,0,1,1,-1,6,2,50,8,-1,-1,-1,-1,10,E01018015,0,1
2025351570194,2025,351570194,2,9,0,-1,5,2,5,-1,5,0,0,0,0,0,1,1,-1,6,3,-1,-1,-1,-1,-1,-1,-1,-1,0,-1
2025351570194,2025,351570194,1,-1,0,-1,19,1,5,-1,4,0,1,0,0,0,3,1,-1,2,1,28,6,-1,-1,-1,-1,7,E01017989,0,1
2025351570228,2025,351570228,2,9,0,-1,5,7,3,-1,0,2,0,0,0,0,1,1,-1,6,3,-1,-1,-1,-1,-1,-1,-1,-1,0,-1
2025351570228,2025,351570228,1,9,0,-1,12,7,3,-1,0,2,0,0,0,0,2,1,-1,6,1,24,5,-1,-1,-1,-1,8,E01018227,0,3
2025351570236,2025,351570236,1,98,0,-1,7,8,2,-1,4,1,0,0,0,0,4,1,-1,1,1,54,8,-1,-1,-1,-1,9,E01018275,0,3
2025351570236,2025,351570236,2,1,0,-1,19,8,4,-1,0,1,0,0,0,0,1,1,-1,1,1,46,8,-1,-1,-1,-1,8,E01018203,0,3
2025351570279,2025,351570279,1,1,0,-1,19,-1,-1,-1,0,1,0,0,0,0,1,1,-1,2,1,30,6,-1,-1,-1,-1,3,E01035552,0,2
2025351570279,2025,351570279,2,9,0,-1,9,-1,-1,-1,0,5,0,0,0,0,4,1,-1,6,1,48,8,-1,-1,-1,-1,2,E01026277,0,4
2025351570312,2025,351570312,1,1,0,-1,3,-1,-1,-1,0,1,0,0,1,0,2,1,-1,6,1,56,9,-1,-1,-1,-1,10,E01030116,0,2
2025351570312,2025,351570312,2,9,-1,-1,3,-1,-1,-1,0,1,0,99,0,0,1,1,-1,6,3,-1,-1,-1,-1,-1,-1,-1,-1,0,-1
2025351570458,2025,351570458,1,1,0,-1,19,1,5,-1,5,0,0,0,0,0,1,1,-1,6,1,24,5,-1,-1,-1,-1,2,E01017948,0,1
2025351570475,2025,351570475,1,9,0,-1,19,1,5,-1,0,0,0,0,0,0,1,1,-1,2,1,24,5,-1,-1,-1,-1,9,E01018120,0,4
2025351570475,2025,351570475,2,9,0,-1,19,1,5,-1,0,0,0,0,7,6,2,1,-1,9,2,69,10,-1,-1,-1,-1,8,E01022780,0,5
2025351570509,2025,351570509,1,9,-1,-1,-1,-1,-1,-1,-1,0,-1,-1,-1,0,-1,9,-1,6,3,-1,-1,-1,-1,-1,-1,-1,-1,0,-1
2025351570591,2025,351570591,1,9,-1,-1,-1,-1,-1,-1,-1,-1,-1,-1,-1,0,-1,9,-1,6,1,-1,-1,-1,-1,-1,-1,10,E01033426,0,4
2025351570591,2025,351570591,2,97,-1,-1,-1,-1,-1,-1,-1,-1,-1,-1,-1,0,-1,1,-1,2,1,55,8,-1,-1,-1,-1,8,E01018054,0,3
2025351570602,2025,351570602,1,9,0,-1,9,4,5,-1,5,0,0,11,0,0,1,1,-1,9,2,32,6,-1,-1,-1,-1,9,E01018240,0,3
2025351570614,2025,351570614,1,9,0,-1,9,7,3,-1,0,1,0,0,0,0,1,1,-1,9,1,82,11,-1,-1,-1,-1,7,E01022098,0,2
2025351570614,2025,351570614,3,9,0,-1,10,5,1,-1,0,6,0,0,0,0,1,1,-1,7,1,40,7,-1,-1,-1,-1,7,E01022098,0,2
2025351570614,2025,351570614,2,9,0,-1,19,3,7,-1,0,1,0,0,0,0,1,1,-1,9,1,58,9,-1,-1,-1,-1,6,E01023598,0,2
2025351570635,2025,351570635,1,9,0,-1,19,7,3,-1,0,0,0,0,0,0,1,1,-1,2,1,23,5,-1,-1,-1,-1,6,E01018247,0,1
2025351570821,2025,351570821,2,9,0,-1,9,-1,-1,-1,0,4,9,0,0,0,1,1,-1,6,3,-1,-1,-1,-1,-1,-1,-1,-1,0,-1
2025351570821,2025,351570821,1,9,0,-1,19,-1,-1,-1,0,3,9,0,0,0,3,1,-1,6,2,40,7,-1,-1,-1,-1,7,E01035524,0,1
2025351570955,2025,351570955,1,9,-1,-1,9,-1,-1,-1,0,1,0,0,-1,0,-1,9,-1,6,3,-1,-1,-1,-1,-1,-1,-1,-1,0,-1
2025351570955,2025,351570955,2,9,0,-1,3,-1,-1,-1,0,1,0,0,0,0,1,1,-1,9,1,19,4,-1,-1,-1,-1,8,E01032792,0,1
2025351570959,2025,351570959,2,9,0,-1,2,0,0,-1,0,0,0,0,0,0,3,1,-1,6,-1,-1,-1,-1,-1,-1,-1,-1,-1,0,-1
2025351570959,2025,351570959,3,9,0,-1,19,1,5,-1,0,0,0,0,0,0,3,1,-1,6,1,32,6,-1,-1,-1,-1,2,E01015604,0,1
2025351570959,2025,351570959,1,3,0,-1,19,5,1,-1,0,0,0,0,0,0,4,1,-1,6,1,52,8,-1,-1,-1,-1,4,E01018100,0,2
2025351570968,2025,351570968,1,9,0,-1,19,5,1,-1,0,3,0,0,0,0,3,1,-1,6,1,39,7,-1,-1,-1,-1,8,E01035398,0,4
2025351570968,2025,351570968,2,1,0,-1,19,5,1,-1,0,3,0,0,0,0,3,1,-1,6,1,45,7,-1,-1,-1,-1,2,E01015633,0,1
2025351571297,2025,351571297,2,99,0,-1,-1,-1,-1,-1,-1,-1,-1,-1,-1,0,-1,1,-1,6,1,-1,-1,-1,-1,-1,-1,5,E01018142,0,1
2025351571297,2025,351571297,1,9,0,-1,19,-1,-1,-1,0,2,0,0,0,0,2,1,-1,6,1,57,9,-1,-1,-1,-1,-1,-1,0,-1
2025351571414,2025,351571414,2,99,-1,-1,-1,-1,-1,-1,-1,0,-1,-1,-1,0,-1,9,-1,6,3,-1,-1,-1,-1,-1,-1,-1,-1,0,-1
2025351571414,2025,351571414,1,9,0,-1,-1,-1,-1,-1,-1,0,-1,-1,-1,0,-1,1,-1,6,2,51,8,-1,-1,-1,-1,4,E01018084,0,4
2025351571946,2025,351571946,2,9,0,-1,4,3,7,-1,0,0,0,0,0,0,2,1,-1,6,3,-1,-1,-1,-1,-1,-1,8,E01018159,0,1
2025351571946,2025,351571946,1,9,0,-1,4,3,7,-1,0,0,0,0,0,0,1,1,-1,6,1,26,6,-1,-1,-1,-1,3,E01018081,0,3
2025351572084,2025,351572084,1,9,0,-1,-1,-1,-1,-1,-1,0,-1,-1,-1,0,-1,9,-1,6,1,75,10,-1,-1,-1,-1,7,E01017976,0,1
2025351572144,2025,351572144,1,9,0,-1,19,5,4,-1,0,0,0,0,0,0,1,1,-1,9,2,21,5,-1,-1,-1,-1,8,E01030117,0,3
2025351572144,2025,351572144,2,9,0,-1,9,5,4,-1,0,0,0,0,0,0,4,1,-1,2,2,52,8,-1,-1,-1,-1,7,E01018011,0,1
2025351572162,2025,351572162,1,9,0,-1,5,4,5,-1,0,3,0,0,0,0,1,1,-1,9,2,71,10,-1,-1,-1,-1,7,E01018217,0,2
2025351572644,2025,351572644,1,1,0,-1,9,8,6,-1,0,8,0,0,0,0,1,1,-1,9,2,21,5,-1,-1,-1,-1,8,E01035514,0,1
2025351572644,2025,351572644,2,98,0,-1,19,4,8,-1,0,8,0,0,0,0,3,1,-1,1,1,32,6,-1,-1,-1,-1,10,E01018014,0,3
2025351572664,2025,351572664,1,9,0,-1,19,8,4,-1,0,0,5,0,1,9,1,1,-1,6,2,44,7,-1,-1,-1,-1,4,E01018072,0,1
2025351572669,2025,351572669,1,98,0,-1,19,7,3,-1,0,0,0,0,0,0,0,9,-1,6,3,-1,-1,-1,-1,-1,-1,-1,-1,0,-1
2025351572669,2025,351572669,2,9,0,-1,19,7,3,-1,0,0,1,0,0,0,1,9,-1,6,1,35,6,-1,-1,-1,-1,8,E01018296,0,4
2025351572669,2025,351572669,3,9,0,-1,19,7,3,-1,0,0,1,0,0,0,1,1,-1,6,1,52,8,-1,-1,-1,-1,5,E01019923,0,5
2025351572669,2025,351572669,4,9,0,-1,19,7,3,-1,0,0,1,0,0,0,1,1,-1,6,1,58,9,-1,-1,-1,-1,5,E01028129,0,4
2025351572750,2025,351572750,1,1,0,-1,19,-1,-1,-1,4,1,0,0,0,0,0,1,-1,2,1,36,7,-1,-1,-1,-1,9,E01017950,0,1
2025351572750,2025,351572750,2,9,0,-1,4,-1,-1,-1,0,1,0,0,0,0,0,2,-1,6,3,-1,-1,-1,-1,-1,-1,-1,-1,0,-1
2025351572751,2025,351572751,1,9,0,-1,3,-1,-1,-1,0,4,0,99,0,0,2,1,-1,6,1,52,8,-1,-1,-1,-1,1,E01015593,0,1
2025351572751,2025,351572751,2,9,-1,-1,-1,-1,-1,-1,-1,-1,-1,-1,-1,0,-1,9,-1,6,3,-1,-1,-1,-1,-1,-1,-1,-1,0,-1
2025351572897,2025,351572897,2,9,0,-1,19,7,5,-1,0,1,0,0,7,0,1,1,-1,6,1,54,8,-1,-1,-1,-1,5,E01020331,0,5
2025351572897,2025,351572897,1,9,0,-1,13,3,5,-1,0,2,0,0,0,0,1,1,-1,6,1,31,6,-1,-1,-1,-1,2,E01026961,0,4
2025351572976,2025,351572976,2,-1,0,-1,19,-1,-1,-1,0,0,0,0,0,0,1,1,-1,9,1,35,6,-1,-1,-1,-1,10,E01017959,1,1
2025351572976,2025,351572976,1,19,0,-1,19,-1,-1,-1,0,0,0,0,0,0,1,9,-1,6,3,-1,-1,-1,-1,-1,-1,-1,-1,0,-1
2025351572986,2025,351572986,3,9,0,-1,4,1,5,-1,0,0,0,0,0,0,2,1,-1,6,1,54,8,-1,-1,-1,-1,1,E01015603,0,1
2025351572986,2025,351572986,1,9,0,-1,2,0,0,-1,0,0,0,0,0,0,2,1,-1,6,-1,-1,-1,-1,-1,-1,-1,-1,-1,0,-1
2025351572986,2025,351572986,2,9,0,-1,4,1,5,-1,0,0,0,0,0,0,1,1,-1,6,1,31,6,-1,-1,-1,-1,2,E01015632,0,1
2025351572992,2025,351572992,1,9,0,-1,9,5,1,-1,0,1,0,0,0,0,3,9,-1,6,3,-1,-1,-1,-1,-1,-1,-1,-1,0,-1
2025351573001,2025,351573001,1,9,0,-1,9,8,6,-1,0,1,0,0,0,0,1,1,-1,6,1,31,6,-1,-1,-1,-1,2,E01015634,0,1
2025351573001,2025,351573001,2,3,0,-1,19,4,8,-1,0,1,5,0,0,0,1,1,-1,6,1,33,6,-1,-1,-1,-1,1,E01015658,0,1
2025351573007,2025,351573007,1,9,0,-1,9,-1,-1,-1,0,1,0,0,0,0,1,9,-1,6,1,82,11,-1,-1,-1,-1,10,E01017995,0,1