collision_index,collision_year,collision_ref_no,vehicle_reference,vehicle_type,towing_and_articulation,vehicle_manoeuvre_historic,vehicle_manoeuvre,vehicle_direction_from,vehicle_direction_to,vehicle_location_restricted_lane_historic,vehicle_location_restricted_lane,junction_location,skidding_and_overturning,hit_object_in_carriageway,vehicle_leaving_carriageway,hit_object_off_carriageway,first_point_of_impact,vehicle_left_hand_drive,journey_purpose_of_driver_historic,journey_purpose_of_driver,sex_of_driver,age_of_driver,age_band_of_driver,engine_capacity_cc,propulsion_code,age_of_vehicle,generic_make_model,driver_imd_decile,lsoa_of_driver,escooter_flag,driver_distance_banding
2025351582879,2025,351582879,1,9,0,-1,19,7,3,-1,0,5,0,0,0,0,4,1,-1,6,2,34,6,-1,-1,-1,-1,9,E01018119,0,2
2025351582952,2025,351582952,1,9,0,-1,13,1,5,-1,0,0,0,0,0,0,1,1,-1,6,1,-1,-1,-1,-1,-1,-1,-1,-1,0,-1
2025351582952,2025,351582952,2,9,0,-1,19,5,1,-1,0,0,0,0,0,0,3,1,-1,9,1,31,6,-1,-1,-1,-1,6,E01026239,0,2
2025351583276,2025,351583276,1,21,1,-1,19,7,3,-1,0,0,0,0,0,0,1,2,-1,1,1,53,8,-1,-1,-1,-1,-1,-1,0,-1
2025351583276,2025,351583276,2,9,0,-1,4,7,3,-1,0,0,0,0,0,0,2,1,-1,9,2,35,6,-1,-1,-1,-1,2,E01010089,0,5
2025351583373,2025,351583373,2,11,0,-1,19,1,5,-1,0,2,0,0,0,0,1,1,-1,6,1,21,5,-1,-1,-1,-1,1,E01015609,0,2
2025351583373,2025,351583373,1,9,0,-1,19,1,5,-1,0,2,0,0,0,0,1,1,-1,1,1,25,5,-1,-1,-1,-1,6,E01018195,0,3
2025351583408,2025,351583408,1,9,0,-1,6,2,6,-1,0,1,0,0,1,0,1,1,-1,9,2,27,6,-1,-1,-1,-1,7,E01018185,0,3
2025351583408,2025,351583408,2,9,0,-1,19,8,4,-1,0,1,0,0,1,0,3,1,-1,9,1,35,6,-1,-1,-1,-1,8,E01034436,0,1
2025351583654,2025,351583654,2,9,0,-1,19,-1,-1,-1,0,4,0,0,0,0,1,1,-1,6,1,62,9,-1,-1,-1,-1,6,E01017508,0,4
2025351583654,2025,351583654,1,5,0,-1,9,-1,-1,-1,0,3,2,0,0,0,2,1,-1,6,1,28,6,-1,-1,-1,-1,7,E01018185,0,1
2025351583691,2025,351583691,1,9,0,-1,5,5,1,-1,0,0,0,0,0,0,1,1,-1,6,2,39,7,-1,-1,-1,-1,4,E01018109,0,1
2025351583738,2025,351583738,1,9,0,-1,19,3,7,-1,0,8,0,0,0,0,1,1,-1,9,1,47,8,-1,-1,-1,-1,7,E01027033,0,2
2025351583738,2025,351583738,2,9,0,-1,19,7,3,-1,0,8,0,0,0,0,1,1,-1,6,1,53,8,-1,-1,-1,-1,3,E01035552,0,3
2025351583750,2025,351583750,2,9,0,-1,19,1,5,-1,0,1,0,0,0,0,2,1,-1,6,2,40,7,-1,-1,-1,-1,7,E01026348,0,1
2025351583750,2025,351583750,1,21,0,-1,19,1,5,-1,0,1,0,0,0,0,1,1,-1,6,1,46,8,-1,-1,-1,-1,5,-1,0,5
2025351583765,2025,351583765,2,9,0,-1,4,3,7,-1,0,1,0,0,0,0,2,1,-1,6,2,28,6,-1,-1,-1,-1,7,E01018269,0,3
2025351583765,2025,351583765,3,9,0,-1,19,7,3,-1,0,1,0,0,0,0,1,1,-1,6,2,27,6,-1,-1,-1,-1,10,E01035557,0,3
2025351583765,2025,351583765,1,9,0,-1,4,3,7,-1,0,1,1,0,0,0,1,1,-1,6,2,21,5,-1,-1,-1,-1,9,E01018037,0,3
2025351583874,2025,351583874,2,97,0,-1,19,7,3,-1,0,0,2,0,0,0,0,1,-1,6,1,52,8,-1,-1,-1,-1,5,E01025655,0,4
2025351583874,2025,351583874,1,9,0,-1,4,7,3,-1,0,0,0,0,0,0,0,1,-1,6,1,43,7,-1,-1,-1,-1,8,E01018153,0,4
2025351584218,2025,351584218,1,21,1,-1,19,4,8,-1,0,0,0,0,0,0,3,2,-1,1,1,34,6,-1,-1,-1,-1,-1,-1,0,-1
2025351584218,2025,351584218,2,9,0,-1,19,4,8,-1,0,0,0,0,0,0,4,1,-1,6,2,49,8,-1,-1,-1,-1,10,E01018134,0,3
2025351584345,2025,351584345,2,98,1,-1,19,7,3,-1,0,0,0,0,0,0,2,2,-1,1,1,56,9,-1,-1,-1,-1,-1,-1,0,-1
2025351584345,2025,351584345,3,9,0,-1,19,7,3,-1,0,0,0,0,0,0,4,1,-1,1,1,51,8,-1,-1,-1,-1,7,E01021353,0,4
2025351584345,2025,351584345,1,9,0,-1,19,7,3,-1,0,0,0,0,0,0,1,1,-1,1,1,17,4,-1,-1,-1,-1,5,E01024174,0,5
2025351584402,2025,351584402,1,19,0,-1,4,8,4,-1,0,0,0,0,0,0,1,1,-1,6,1,46,8,-1,-1,-1,-1,7,E01032420,0,5
2025351584402,2025,351584402,2,9,0,-1,4,8,4,-1,0,0,0,0,0,0,2,1,-1,6,2,53,8,-1,-1,-1,-1,7,E01035524,0,4
2025351584606,2025,351584606,1,9,0,-1,4,7,3,-1,0,1,0,0,0,0,3,1,-1,2,2,51,8,-1,-1,-1,-1,9,E01018032,0,1
2025351584606,2025,351584606,2,9,0,-1,7,5,7,-1,0,5,0,0,0,0,3,1,-1,6,1,-1,-1,-1,-1,-1,-1,-1,-1,0,-1
2025351584655,2025,351584655,2,9,0,-1,19,4,8,-1,0,4,0,0,0,0,4,1,-1,6,2,21,5,-1,-1,-1,-1,5,E01018082,0,1
2025351584655,2025,351584655,1,9,0,-1,3,4,8,-1,0,4,0,0,0,0,2,1,-1,9,2,33,6,-1,-1,-1,-1,5,E01018082,0,1
2025351584728,2025,351584728,1,9,0,-1,19,5,1,-1,0,1,0,0,0,0,1,1,-1,6,1,50,8,-1,-1,-1,-1,9,E01015681,0,2
2025351584741,2025,351584741,1,9,0,-1,19,1,4,-1,0,8,0,0,0,0,1,1,-1,6,1,-1,-1,-1,-1,-1,-1,5,E01015742,0,4
2025351584741,2025,351584741,2,97,0,-1,19,1,4,-1,0,8,0,0,0,0,4,1,-1,9,1,62,9,-1,-1,-1,-1,10,E01031134,0,4
2025351584745,2025,351584745,2,3,0,-1,9,5,3,-1,0,5,0,0,0,0,2,1,-1,6,1,44,7,-1,-1,-1,-1,6,E01026255,0,3
2025351584745,2025,351584745,3,99,-1,-1,-1,-1,-1,-1,-1,1,-1,-1,-1,0,1,9,-1,6,3,-1,-1,-1,-1,-1,-1,-1,-1,0,-1
2025351584745,2025,351584745,1,19,0,-1,3,5,1,-1,0,1,0,0,0,0,2,1,-1,9,2,71,10,-1,-1,-1,-1,4,E01026254,0,2
2025351584812,2025,351584812,1,3,0,-1,4,4,8,-1,0,2,0,0,0,0,1,1,-1,6,1,19,4,-1,-1,-1,-1,6,E01017963,0,1
2025351584812,2025,351584812,2,9,0,-1,4,4,8,-1,0,2,0,0,0,0,2,1,-1,6,1,61,9,-1,-1,-1,-1,9,E01018006,0,1
2025351584845,2025,351584845,2,9,0,-1,19,7,3,-1,0,0,0,0,0,0,1,1,-1,1,1,70,10,-1,-1,-1,-1,1,E01009379,0,5
2025351584845,2025,351584845,1,9,0,-1,19,3,7,-1,0,0,0,0,1,0,3,1,-1,2,1,26,6,-1,-1,-1,-1,-1,-1,0,-1
2025351584850,2025,351584850,1,9,0,-1,19,7,3,-1,0,0,0,0,0,0,1,1,-1,6,2,70,10,-1,-1,-1,-1,6,E01030151,0,4
2025351584850,2025,351584850,3,9,0,-1,19,3,7,-1,0,0,0,0,0,0,4,1,-1,6,1,25,5,-1,-1,-1,-1,1,E01033436,0,4
2025351584850,2025,351584850,2,19,0,-1,19,3,7,-1,0,0,0,0,0,0,1,1,-1,6,1,40,7,-1,-1,-1,-1,2,E01015594,0,4
2025351584867,2025,351584867,2,97,0,-1,19,8,4,-1,0,0,0,0,0,0,1,1,-1,6,2,17,4,-1,-1,-1,-1,2,E01015668,0,1
2025351584867,2025,351584867,1,9,0,-1,5,2,8,-1,0,0,0,0,0,0,3,1,-1,6,1,-1,-1,-1,-1,-1,-1,8,E01015650,0,2
2025351584921,2025,351584921,2,97,0,-1,4,7,3,-1,0,0,0,0,0,0,3,1,-1,6,1,19,4,-1,-1,-1,-1,3,E01018226,0,1
2025351584921,2025,351584921,1,97,0,-1,14,7,3,-1,0,0,0,0,0,0,1,1,-1,6,1,17,4,-1,-1,-1,-1,8,E01023658,0,1
2025351585302,2025,351585302,1,1,0,-1,19,-1,-1,-1,0,0,0,8,0,0,1,1,-1,9,1,28,6,-1,-1,-1,-1,7,E01017976,0,1
2025351585302,2025,351585302,2,9,0,-1,2,0,0,-1,0,0,0,4,0,0,3,1,-1,9,1,61,9,-1,-1,-1,-1,4,E01017945,0,1
2025351585416,2025,351585416,1,98,0,-1,99,5,3,-1,99,8,9,99,9,99,4,1,-1,6,3,-1,-1,-1,-1,-1,-1,-1,-1,0,-1
2025351585806,2025,351585806,1,8,0,-1,99,3,4,-1,0,6,9,0,0,0,1,1,-1,1,1,53,8,-1,-1,-1,-1,5,E01017974,0,1
2025351585806,2025,351585806,2,9,0,-1,99,4,8,-1,0,8,9,0,0,0,1,9,-1,6,3,-1,-1,-1,-1,-1,-1,-1,-1,0,-1
2025351586022,2025,351586022,1,9,0,-1,-1,-1,-1,-1,-1,-1,-1,-1,-1,0,-1,1,-1,6,3,-1,-1,-1,-1,-1,-1,-1,-1,0,-1
2025351586521,2025,351586521,2,19,0,-1,2,-1,-1,-1,0,0,0,8,0,0,3,1,-1,6,1,62,9,-1,-1,-1,-1,5,E01017972,0,1
2025351586521,2025,351586521,1,1,0,-1,19,3,7,-1,0,0,0,8,0,0,4,1,-1,2,1,43,7,-1,-1,-1,-1,5,E01035647,0,4
2025351586664,2025,351586664,1,9,0,-1,19,7,3,-1,0,0,0,0,0,0,1,1,-1,9,1,19,4,-1,-1,-1,-1,6,E01018110,0,2
2025351586664,2025,351586664,2,-1,0,-1,19,7,3,-1,0,0,0,0,0,0,2,1,-1,9,1,29,6,-1,-1,-1,-1,10,E01018198,1,1
2025351586707,2025,351586707,1,9,0,-1,5,6,2,-1,0,0,0,0,0,0,4,1,-1,6,1,-1,-1,-1,-1,-1,-1,5,E01018138,0,1
2025351586707,2025,351586707,2,9,0,-1,5,6,2,-1,0,0,0,0,0,0,0,9,-1,1,1,27,6,-1,-1,-1,-1,6,E01034437,0,1
2025351586707,2025,351586707,3,9,0,-1,4,2,6,-1,0,0,0,0,0,0,4,1,-1,1,-1,37,7,-1,-1,-1,-1,6,E01034438,0,1
2025351586766,2025,351586766,1,9,0,-1,9,8,5,-1,0,3,0,0,0,0,1,1,-1,6,2,51,8,-1,-1,-1,-1,5,E01033120,0,1
2025351586766,2025,351586766,2,9,0,-1,19,4,8,-1,0,4,0,0,0,0,3,1,-1,6,1,50,8,-1,-1,-1,-1,8,E01018221,0,2
2025351586863,2025,351586863,1,9,0,-1,9,5,3,-1,0,4,1,0,0,0,1,1,-1,6,1,88,11,-1,-1,-1,-1,9,E01035516,0,1
2025351586863,2025,351586863,2,1,0,-1,19,-1,-1,-1,0,8,0,0,0,0,4,1,-1,9,2,23,5,-1,-1,-1,-1,7,E01024721,0,5
2025351587091,2025,351587091,2,9,0,-1,19,-1,-1,-1,99,0,0,0,0,0,1,1,-1,2,2,24,5,-1,-1,-1,-1,10,E01018193,0,4
2025351587091,2025,351587091,1,1,4,-1,19,-1,-1,-1,5,0,0,0,0,0,3,1,-1,2,1,33,6,-1,-1,-1,-1,10,E01018256,0,1
2025351587132,2025,351587132,1,9,0,-1,7,-1,-1,-1,0,0,0,0,0,0,2,1,-1,6,2,60,9,-1,-1,-1,-1,2,E01018097,0,2
2025351587132,2025,351587132,2,98,-1,-1,-1,-1,-1,-1,-1,0,-1,-1,-1,0,-1,9,-1,6,1,21,5,-1,-1,-1,-1,5,E01026192,0,4
2025351587162,2025,351587162,2,9,0,-1,19,1,5,-1,0,1,0,0,0,0,1,1,-1,6,2,56,9,-1,-1,-1,-1,9,E01017988,0,1
2025351587162,2025,351587162,1,9,0,-1,7,3,5,-1,0,6,0,0,0,0,3,1,-1,6,1,48,8,-1,-1,-1,-1,10,E01017964,0,1
2025351587182,2025,351587182,2,9,0,-1,-1,-1,-1,-1,-1,-1,-1,-1,-1,0,-1,9,-1,6,3,-1,-1,-1,-1,-1,-1,-1,-1,0,-1
2025351587182,2025,351587182,1,1,0,-1,-1,-1,-1,-1,-1,-1,-1,-1,-1,0,-1,1,-1,6,1,21,5,-1,-1,-1,-1,10,E01018007,0,1
2025351587340,2025,351587340,1,8,0,-1,1,-1,-1,-1,99,9,9,99,3,99,2,1,-1,6,1,-1,-1,-1,-1,-1,-1,-1,-1,0,-1
2025351587699,2025,351587699,1,5,0,-1,19,1,5,-1,0,0,0,0,0,0,1,1,-1,6,1,19,4,-1,-1,-1,-1,8,E01018257,0,2
2025351587902,2025,351587902,1,9,0,-1,19,1,5,-1,0,0,0,0,0,0,4,1,-1,9,2,35,6,-1,-1,-1,-1,10,E01018267,0,2
2025351587902,2025,351587902,2,1,0,-1,19,-1,-1,-1,9,0,0,0,0,0,4,1,-1,6,1,-1,-1,-1,-1,-1,-1,10,E01018253,0,1
2025351587960,2025,351587960,1,9,0,-1,-1,-1,-1,-1,-1,-1,-1,-1,-1,0,-1,1,-1,6,1,17,4,-1,-1,-1,-1,5,E01018062,0,2
2025351587960,2025,351587960,2,1,-1,-1,-1,-1,-1,-1,-1,-1,-1,-1,-1,0,-1,1,-1,6,1,13,3,-1,-1,-1,-1,5,E01018080,0,1
2025351588105,2025,351588105,2,9,-1,-1,-1,-1,-1,-1,-1,-1,-1,-1,-1,0,-1,9,-1,6,2,51,8,-1,-1,-1,-1,8,E01018021,0,1
2025351588105,2025,351588105,1,1,0,-1,-1,-1,-1,-1,-1,-1,-1,-1,-1,0,-1,1,-1,6,1,13,3,-1,-1,-1,-1,9,E01018299,0,3
2025351588154,2025,351588154,1,90,0,-1,19,-1,-1,-1,0,1,0,0,0,0,1,1,-1,1,2,25,5,-1,-1,-1,-1,7,E01035394,0,3
2025351588154,2025,351588154,2,3,0,-1,10,-1,-1,-1,0,1,0,0,0,0,2,1,-1,9,1,30,6,-1,-1,-1,-1,8,E01015626,0,1
2025351588171,2025,351588171,1,9,0,-1,19,-1,-1,-1,0,0,0,11,0,0,1,1,-1,6,1,52,8,-1,-1,-1,-1,2,E01015612,0,1
2025351588300,2025,351588300,1,9,0,-1,19,-1,-1,-1,0,1,0,99,0,0,3,1,-1,6,3,-1,-1,-1,-1,-1,-1,-1,-1,0,-1
2025351588596,2025,351588596,2,9,0,-1,4,-1,-1,-1,0,0,0,0,0,0,1,1,-1,6,1,42,7,-1,-1,-1,-1,6,E01030151,0,4
2025351588596,2025,351588596,1,9,0,-1,4,-1,-1,-1,0,0,0,0,0,0,2,1,-1,6,1,42,7,-1,-1,-1,-1,9,E01018120,0,3
2025351588672,2025,351588672,2,98,0,-1,3,3,7,-1,0,0,0,0,0,0,2,1,-1,6,1,38,7,-1,-1,-1,-1,4,E01015606,0,1
2025351588672,2025,351588672,1,9,0,-1,5,3,7,-1,0,0,0,0,0,0,1,1,-1,6,1,30,6,-1,-1,-1,-1,8,E01013808,0,4
2025351588689,2025,351588689,1,9,0,-1,4,6,2,-1,0,0,0,0,0,0,2,1,-1,2,1,43,7,-1,-1,-1,-1,6,E01018061,0,3
2025351588689,2025,351588689,2,9,0,-1,5,6,2,-1,0,0,0,0,0,0,1,1,-1,9,1,67,10,-1,-1,-1,-1,10,E01026357,0,3
2025351588705,2025,351588705,1,9,0,-1,19,1,5,-1,0,1,0,0,0,0,1,1,-1,9,1,34,6,-1,-1,-1,-1,8,E01018148,0,1
2025351588705,2025,351588705,2,9,0,-1,9,5,3,-1,0,8,0,0,0,0,4,1,-1,6,2,44,7,-1,-1,-1,-1,7,E01034440,0,1
2025351588710,2025,351588710,1,9,0,-1,19,3,7,-1,0,0,0,4,0,0,1,1,-1,2,2,26,6,-1,-1,-1,-1,7,E01018168,0,1
2025351588710,2025,351588710,2,9,0,-1,2,0,0,-1,0,0,0,0,0,0,1,1,-1,6,-1,-1,-1,-1,-1,-1,-1,-1,-1,0,-1
2025351588731,2025,351588731,1,9,0,-1,19,4,7,-1,0,1,5,0,6,6,1,1,-1,6,1,30,6,-1,-1,-1,-1,6,-1,0,5
2025351588732,2025,351588732,1,9,0,-1,19,5,2,-1,0,1,2,0,7,9,1,1,-1,9,1,64,9,-1,-1,-1,-1,2,E01026716,0,1
2025351588753,2025,351588753,1,9,0,-1,19,5,1,-1,0,1,1,0,0,0,1,1,-1,6,1,28,6,-1,-1,-1,-1,3,E01015652,0,1
2025351588753,2025,351588753,2,9,0,-1,10,5,3,-1,0,1,0,0,0,0,2,1,-1,9,1,54,8,-1,-1,-1,-1,3,E01033011,0,5
2025351588759,2025,351588759,1,9,0,-1,9,5,3,-1,0,2,0,0,0,0,1,1,-1,6,1,74,10,-1,-1,-1,-1,8,E01029957,0,4
2025351588800,2025,351588800,3,9,0,-1,3,5,1,-1,0,1,0,0,0,0,2,1,-1,6,2,25,5,-1,-1,-1,-1,3,E01015618,0,3
2025351588800,2025,351588800,1,9,0,-1,19,5,1,-1,0,1,0,0,0,0,1,1,-1,6,1,27,6,-1,-1,-1,-1,1,E01015637,0,1
2025351588800,2025,351588800,2,9,0,-1,3,5,1,-1,0,1,0,0,0,0,2,1,-1,6,1,56,9,-1,-1,-1,-1,2,E01015633,0,1
2025351588829,2025,351588829,4,9,0,-1,2,0,0,-1,0,0,0,0,0,0,2,1,-1,6,-1,-1,-1,-1,-1,-1,-1,-1,-1,0,-1
2025351588829,2025,351588829,2,9,0,-1,19,1,5,-1,0,0,0,0,0,0,1,1,-1,6,1,71,10,-1,-1,-1,-1,7,E01018053,0,2
2025351588829,2025,351588829,1,9,0,-1,19,1,5,-1,0,0,0,0,0,0,1,1,-1,6,2,44,7,-1,-1,-1,-1,5,E01018080,0,3
2025351588829,2025,351588829,3,9,0,-1,19,1,5,-1,0,0,0,0,7,0,1,1,-1,6,1,37,7,-1,-1,-1,-1,5,E01018158,0,3
2025351588856,2025,351588856,2,9,0,-1,19,2,6,-1,0,1,0,0,0,0,1,1,-1,6,2,24,5,-1,-1,-1,-1,9,E01023597,0,1
2025351588856,2025,351588856,1,9,0,-1,19,5,1,-1,0,1,0,0,0,0,1,1,-1,6,1,22,5,-1,-1,-1,-1,7,E01018269,0,1
2025351589284,2025,351589284,2,1,-1,-1,-1,-1,-1,-1,-1,-1,-1,-1,-1,0,-1,1,-1,7,1,11,3,-1,-1,-1,-1,10,E01033426,0,1
2025351589284,2025,351589284,1,9,-1,-1,-1,-1,-1,-1,-1,-1,-1,-1,-1,0,-1,9,-1,6,3,-1,-1,-1,-1,-1,-1,-1,-1,0,-1
2025351589400,2025,351589400,1,9,0,-1,9,8,6,-1,0,6,0,0,0,0,3,1,-1,2,2,24,5,-1,-1,-1,-1,4,E01035537,0,3
2025351589400,2025,351589400,2,9,0,-1,19,4,2,-1,0,8,0,0,0,0,1,1,-1,7,1,42,7,-1,-1,-1,-1,9,E01018205,0,2
2025351589603,2025,351589603,2,9,0,-1,1,-1,-1,-1,9,1,0,0,0,0,2,1,-1,6,3,-1,-1,-1,-1,-1,-1,-1,-1,0,-1
2025351589603,2025,351589603,1,1,0,-1,5,-1,-1,-1,9,1,0,0,0,0,3,1,-1,2,2,23,5,-1,-1,-1,-1,9,E01018154,0,1
2025351589784,2025,351589784,2,9,0,-1,19,7,2,-1,0,2,1,0,1,0,3,1,-1,6,2,22,5,-1,-1,-1,-1,5,E01018088,0,2
2025351589784,2025,351589784,1,9,0,-1,19,3,7,-1,0,1,1,0,1,0,3,1,-1,6,2,32,6,-1,-1,-1,-1,5,E01018106,0,1
2025351589809,2025,351589809,1,9,0,-1,19,3,7,-1,0,1,0,0,0,0,1,1,-1,6,2,48,8,-1,-1,-1,-1,10,E01023654,0,4
2025351589809,2025,351589809,4,9,0,-1,4,3,7,-1,0,1,0,7,4,0,2,1,-1,6,1,24,5,-1,-1,-1,-1,9,E01017950,0,1
2025351589809,2025,351589809,2,9,0,-1,4,3,7,-1,0,1,0,0,0,0,2,1,-1,6,1,63,9,-1,-1,-1,-1,9,E01018154,0,4
2025351589809,2025,351589809,3,9,0,-1,4,3,7,-1,0,1,0,0,0,0,2,1,-1,6,1,29,6,-1,-1,-1,-1,7,E01017423,0,4
2025351589908,2025,351589908,1,1,-1,-1,-1,-1,-1,-1,-1,-1,-1,-1,-1,0,-1,1,-1,9,1,11,3,-1,-1,-1,-1,3,E01035551,0,1
2025351589908,2025,351589908,2,9,0,-1,7,8,2,-1,0,8,0,0,0,0,-1,1,-1,6,2,43,7,-1,-1,-1,-1,3,E01035551,0,1
2025351590294,2025,351590294,3,9,0,-1,19,7,3,-1,0,1,0,0,0,0,1,1,-1,6,1,61,9,-1,-1,-1,-1,8,E01018302,0,1
2025351590294,2025,351590294,2,9,0,-1,4,7,3,-1,0,1,0,0,0,0,1,1,-1,6,1,31,6,-1,-1,-1,-1,7,E01035581,0,4
2025351590294,2025,351590294,1,9,0,-1,4,7,3,-1,0,1,0,0,0,0,2,1,-1,6,1,73,10,-1,-1,-1,-1,10,E01030192,0,4
2025351590319,2025,351590319,1,9,0,-1,19,1,5,-1,0,0,0,0,1,3,1,1,-1,9,1,18,4,-1,-1,-1,-1,6,E01035547,0,3
2025351590322,2025,351590322,2,9,0,-1,1,6,2,-1,0,0,0,0,0,0,2,1,-1,6,2,52,8,-1,-1,-1,-1,9,E01015648,0,1
2025351590322,2025,351590322,1,9,0,-1,19,4,8,-1,0,0,0,0,0,0,1,1,-1,6,1,67,10,-1,-1,-1,-1,4,E01015622,0,1
2025351590328,2025,351590328,1,9,0,-1,5,6,3,-1,0,6,0,0,0,0,1,1,-1,6,2,39,7,-1,-1,-1,-1,7,E01018057,0,1
2025351590328,2025,351590328,2,97,0,-1,19,5,1,-1,0,8,0,0,0,0,4,1,-1,6,1,73,10,-1,-1,-1,-1,5,E01021410,0,4
2025351590399,2025,351590399,1,9,0,-1,19,6,2,-1,-1,8,0,0,0,0,4,9,-1,6,1,50,8,-1,-1,-1,-1,2,E01015654,0,1
2025351590418,2025,351590418,2,9,0,-1,19,7,3,-1,0,0,0,0,0,0,3,1,-1,6,1,74,10,-1,-1,-1,-1,7,E01018218,0,2
2025351590418,2025,351590418,3,1,0,-1,19,3,7,-1,0,0,0,0,0,0,4,1,-1,6,1,48,8,-1,-1,-1,-1,7,E01018057,0,2
2025351590418,2025,351590418,1,9,0,-1,19,3,7,-1,0,0,0,0,0,0,3,1,-1,6,2,65,9,-1,-1,-1,-1,7,E01022057,0,3
2025351590687,2025,351590687,1,9,0,-1,-1,-1,-1,-1,-1,1,-1,-1,-1,0,-1,1,-1,6,3,-1,-1,-1,-1,-1,-1,-1,-1,0,-1
2025351590687,2025,351590687,2,9,0,-1,19,3,7,-1,0,1,0,0,0,0,0,1,-1,8,1,43,7,-1,-1,-1,-1,-1,-1,0,-1
2025351590687,2025,351590687,3,19,0,-1,2,0,0,-1,0,1,0,0,0,0,2,1,-1,6,1,44,7,-1,-1,-1,-1,-1,-1,0,-1
2025351590697,2025,351590697,1,9,0,-1,-1,-1,-1,-1,-1,0,-1,-1,-1,0,-1,9,-1,6,3,-1,-1,-1,-1,-1,-1,-1,-1,0,-1
2025351590715,2025,351590715,1,3,0,-1,19,8,4,-1,0,0,0,11,0,0,1,1,-1,6,1,19,4,-1,-1,-1,-1,5,E01017954,0,1
2025351590730,2025,351590730,2,1,0,-1,19,5,2,-1,0,0,5,0,7,0,3,1,-1,9,1,69,10,-1,-1,-1,-1,10,E01035561,0,1
2025351590730,2025,351590730,1,11,0,-1,19,5,2,-1,0,0,0,0,0,0,4,1,-1,1,1,54,8,-1,-1,-1,-1,9,E01018178,0,4
2025351590828,2025,351590828,2,9,0,-1,7,2,6,-1,0,1,0,0,0,0,2,1,-1,2,2,20,4,-1,-1,-1,-1,7,E01018271,0,1
2025351590828,2025,351590828,3,9,0,-1,19,2,6,-1,0,1,0,0,0,0,2,1,-1,9,2,47,8,-1,-1,-1,-1,6,E01023663,0,3
2025351590828,2025,351590828,1,9,0,-1,19,2,6,-1,0,1,0,0,0,0,1,1,-1,1,1,40,7,-1,-1,-1,-1,3,E01000577,0,4
2025351590853,2025,351590853,1,9,0,-1,9,4,2,-1,0,8,0,0,0,0,1,1,-1,6,2,68,10,-1,-1,-1,-1,7,E01018192,0,2
2025351590853,2025,351590853,2,9,4,-1,19,8,4,-1,0,8,0,0,1,0,1,1,-1,1,1,60,9,-1,-1,-1,-1,7,E01015627,0,4
2025351591120,2025,351591120,1,9,0,-1,-1,-1,-1,-1,-1,-1,-1,-1,-1,0,-1,1,-1,6,2,28,6,-1,-1,-1,-1,1,E01015600,0,1
2025351591120,2025,351591120,2,99,-1,-1,-1,-1,-1,-1,-1,-1,-1,-1,-1,0,-1,9,-1,6,3,-1,-1,-1,-1,-1,-1,-1,-1,0,-1
2025351591508,2025,351591508,2,9,0,-1,99,-1,-1,-1,99,4,0,0,0,0,1,2,-1,6,2,31,6,-1,-1,-1,-1,8,E01034435,0,1
2025351591508,2025,351591508,1,9,0,-1,19,-1,-1,-1,99,3,0,10,2,0,2,1,-1,2,2,40,7,-1,-1,-1,-1,5,E01018208,0,3
2025351591655,2025,351591655,2,9,0,-1,19,6,2,-1,0,0,1,0,0,0,1,1,-1,6,1,-1,-1,-1,-1,-1,-1,-1,-1,0,-1
2025351591655,2025,351591655,1,3,0,-1,19,6,2,-1,0,0,1,0,0,0,2,1,-1,6,1,18,4,-1,-1,-1,-1,6,E01018111,0,1
2025351591677,2025,351591677,1,1,0,-1,19,-1,-1,-1,0,1,0,0,0,0,9,1,-1,6,1,-1,-1,-1,-1,-1,-1,1,E01018107,0,1
2025351591797,2025,351591797,1,19,0,-1,7,1,5,-1,0,5,0,0,0,0,1,1,-1,1,1,35,6,-1,-1,-1,-1,8,E01018113,0,4
2025351591835,2025,351591835,1,9,0,-1,11,4,8,-1,0,0,0,0,0,0,1,1,-1,9,1,32,6,-1,-1,-1,-1,4,E01013936,0,4
2025351591835,2025,351591835,2,9,0,-1,12,4,8,-1,0,0,0,0,0,0,2,1,-1,9,2,70,10,-1,-1,-1,-1,-1,-1,0,-1
2025351591854,2025,351591854,1,9,0,-1,12,8,4,-1,0,3,0,0,0,0,3,1,-1,6,2,24,5,-1,-1,-1,-1,9,E01015629,0,1
2025351591854,2025,351591854,2,5,0,-1,19,8,4,-1,0,8,0,0,0,0,1,1,-1,6,1,59,9,-1,-1,-1,-1,6,E01015659,0,1
2025351591865,2025,351591865,2,9,0,-1,2,5,1,-1,0,0,0,0,0,0,2,1,-1,6,-1,-1,-1,-1,-1,-1,-1,-1,-1,0,-1
2025351591865,2025,351591865,1,19,0,-1,19,5,1,-1,0,0,0,4,1,0,1,1,-1,1,1,36,7,-1,-1,-1,-1,10,E01013806,0,4
2025351591865,2025,351591865,3,9,0,-1,2,0,0,-1,0,0,0,0,0,0,1,1,-1,6,-1,-1,-1,-1,-1,-1,-1,-1,-1,0,-1
2025351591893,2025,351591893,1,9,0,-1,19,4,2,-1,9,8,0,0,7,11,1,1,-1,9,2,79,11,-1,-1,-1,-1,7,E01015598,0,1
2025351591973,2025,351591973,3,9,0,-1,2,0,0,-1,0,0,0,0,0,0,0,1,-1,9,-1,-1,-1,-1,-1,-1,-1,-1,-1,0,-1
2025351591973,2025,351591973,2,9,0,-1,19,5,1,-1,0,0,0,0,0,0,1,1,-1,9,1,73,10,-1,-1,-1,-1,2,E01018097,0,1
2025351591973,2025,351591973,1,9,0,-1,19,1,5,-1,0,0,0,0,7,0,4,1,-1,9,1,20,4,-1,-1,-1,-1,4,E01018095,0,1