collision_index,collision_year,collision_ref_no,vehicle_reference,vehicle_type,towing_and_articulation,vehicle_manoeuvre_historic,vehicle_manoeuvre,vehicle_direction_from,vehicle_direction_to,vehicle_location_restricted_lane_historic,vehicle_location_restricted_lane,junction_location,skidding_and_overturning,hit_object_in_carriageway,vehicle_leaving_carriageway,hit_object_off_carriageway,first_point_of_impact,vehicle_left_hand_drive,journey_purpose_of_driver_historic,journey_purpose_of_driver,sex_of_driver,age_of_driver,age_band_of_driver,engine_capacity_cc,propulsion_code,age_of_vehicle,generic_make_model,driver_imd_decile,lsoa_of_driver,escooter_flag,driver_distance_banding
2025351592320,2025,351592320,1,9,0,-1,19,4,8,-1,0,0,0,0,0,0,1,1,-1,6,1,84,11,-1,-1,-1,-1,6,E01018169,0,1
2025351592320,2025,351592320,2,9,0,-1,2,0,0,-1,0,0,0,0,0,0,1,1,-1,6,-1,-1,-1,-1,-1,-1,-1,-1,-1,0,-1
2025351592348,2025,351592348,1,9,0,-1,19,5,1,-1,0,0,0,0,1,0,1,1,-1,6,1,43,7,-1,-1,-1,-1,4,E01018077,0,4
2025351592352,2025,351592352,3,9,0,-1,19,1,5,-1,0,0,0,0,0,0,0,1,-1,6,2,21,5,-1,-1,-1,-1,10,E01018134,0,2
2025351592352,2025,351592352,2,98,1,-1,19,5,1,-1,0,0,0,0,0,0,0,1,-1,1,1,26,6,-1,-1,-1,-1,4,E01018179,0,2
2025351592352,2025,351592352,1,9,0,-1,13,5,1,-1,0,0,1,0,1,0,1,1,-1,6,1,18,4,-1,-1,-1,-1,9,E01018120,0,1
2025351592369,2025,351592369,2,1,0,-1,19,4,8,-1,9,0,0,0,0,0,3,1,-1,6,2,36,7,-1,-1,-1,-1,10,E01018116,0,1
2025351592369,2025,351592369,1,19,0,-1,5,4,8,-1,9,0,0,0,0,0,1,1,-1,1,1,65,9,-1,-1,-1,-1,5,E01018142,0,1
2025351592496,2025,351592496,2,9,0,-1,19,8,4,-1,0,8,0,0,0,0,1,1,-1,6,2,39,7,-1,-1,-1,-1,9,E01018027,0,3
2025351592496,2025,351592496,1,9,0,-1,9,4,3,-1,0,8,0,0,0,0,4,1,-1,6,2,86,11,-1,-1,-1,-1,7,E01018022,0,1
2025351592499,2025,351592499,1,9,0,-1,19,3,7,-1,0,0,0,0,0,0,1,1,-1,6,1,21,5,-1,-1,-1,-1,2,E01015605,0,2
2025351592499,2025,351592499,2,9,0,-1,19,7,3,-1,0,0,0,0,0,0,1,1,-1,6,1,70,10,-1,-1,-1,-1,5,E01018212,0,1
2025351592554,2025,351592554,2,-1,0,-1,19,-1,-1,-1,9,1,9,0,0,0,1,1,-1,6,1,36,7,-1,-1,-1,-1,2,E01015594,1,2
2025351592554,2025,351592554,1,9,0,-1,8,-1,-1,-1,99,1,0,0,0,0,4,1,-1,6,1,28,6,-1,-1,-1,-1,5,E01018212,0,1
2025351592634,2025,351592634,2,19,0,-1,9,-1,-1,-1,99,0,0,0,0,0,3,1,-1,6,1,-1,-1,-1,-1,-1,-1,8,E01018289,0,1
2025351592634,2025,351592634,1,1,0,-1,19,-1,-1,-1,0,0,0,0,0,0,1,1,-1,6,1,45,7,-1,-1,-1,-1,7,E01018294,0,2
2025351592666,2025,351592666,2,9,0,-1,7,-1,-1,-1,0,1,0,0,0,0,1,1,-1,6,1,-1,-1,-1,-1,-1,-1,5,E01018096,0,1
2025351592666,2025,351592666,1,9,0,-1,9,-1,-1,-1,0,1,0,0,0,0,1,1,-1,6,2,42,7,-1,-1,-1,-1,5,E01018096,0,1
2025351592729,2025,351592729,1,9,0,-1,7,7,1,-1,0,5,0,0,0,0,4,1,-1,6,2,27,6,-1,-1,-1,-1,8,E01018221,0,3
2025351592785,2025,351592785,1,9,0,-1,19,7,3,-1,0,1,0,0,0,0,1,1,-1,2,1,56,9,-1,-1,-1,-1,7,E01002351,0,4
2025351592785,2025,351592785,2,9,0,-1,3,7,3,-1,0,1,0,0,0,0,2,1,-1,2,2,44,7,-1,-1,-1,-1,6,E01035548,0,4
2025351592801,2025,351592801,1,8,0,-1,19,1,5,-1,0,0,0,0,0,0,1,1,-1,1,1,50,8,-1,-1,-1,-1,7,E01035526,0,2
2025351592801,2025,351592801,2,98,1,-1,19,1,5,-1,0,0,0,0,0,0,3,1,-1,1,1,59,9,-1,-1,-1,-1,4,E01026661,0,4
2025351592812,2025,351592812,2,9,1,-1,19,6,2,-1,0,8,0,0,0,0,4,1,-1,6,2,42,7,-1,-1,-1,-1,3,E01015674,0,1
2025351592812,2025,351592812,1,9,0,-1,19,8,4,-1,0,8,0,0,0,0,1,1,-1,2,1,48,8,-1,-1,-1,-1,1,E01015596,0,1
2025351592856,2025,351592856,2,1,0,-1,19,5,1,-1,0,4,0,0,0,0,1,1,-1,6,2,75,10,-1,-1,-1,-1,9,E01018252,0,1
2025351592856,2025,351592856,1,9,0,-1,19,5,1,-1,0,4,0,0,0,0,4,1,-1,6,2,64,9,-1,-1,-1,-1,10,E01035561,0,2
2025351592858,2025,351592858,1,9,0,-1,13,1,5,-1,0,8,0,0,7,3,4,1,-1,9,1,38,7,-1,-1,-1,-1,10,E01035558,0,3
2025351592858,2025,351592858,2,9,0,-1,9,1,5,-1,0,8,0,0,0,0,1,1,-1,9,2,42,7,-1,-1,-1,-1,7,E01018053,0,1
2025351592989,2025,351592989,2,9,0,-1,19,-1,-1,-1,0,0,9,0,0,0,3,1,-1,6,2,40,7,-1,-1,-1,-1,2,E01027340,0,4
2025351592989,2025,351592989,1,19,0,-1,13,-1,-1,-1,0,0,0,0,8,0,4,1,-1,1,1,37,7,-1,-1,-1,-1,5,E01018139,0,3
2025351593189,2025,351593189,1,9,0,-1,1,5,1,-1,0,0,0,0,0,0,2,1,-1,6,1,21,5,-1,-1,-1,-1,4,E01018009,0,1
2025351593189,2025,351593189,2,1,0,-1,14,3,7,-1,0,0,0,0,0,0,4,1,-1,6,1,46,8,-1,-1,-1,-1,7,E01017969,0,1
2025351593218,2025,351593218,2,9,0,-1,7,7,3,-1,0,3,5,0,0,0,4,1,-1,6,1,53,8,-1,-1,-1,-1,8,E01034436,0,2
2025351593218,2025,351593218,1,9,0,-1,5,8,4,-1,0,4,0,0,0,0,1,1,-1,6,1,38,7,-1,-1,-1,-1,1,E01015637,0,3
2025351593224,2025,351593224,2,9,0,-1,99,-1,-1,-1,0,0,0,99,0,0,9,1,-1,6,3,-1,-1,-1,-1,-1,-1,-1,-1,0,-1
2025351593224,2025,351593224,1,9,0,-1,15,-1,-1,-1,0,0,0,0,1,0,3,1,-1,6,1,44,7,-1,-1,-1,-1,3,E01024396,0,5
2025351593238,2025,351593238,1,9,0,-1,-1,-1,-1,-1,-1,0,-1,-1,-1,0,-1,9,-1,6,2,27,6,-1,-1,-1,-1,10,E01018015,0,2
2025351593434,2025,351593434,1,9,0,-1,19,2,6,-1,0,0,0,0,0,0,1,1,-1,6,2,33,6,-1,-1,-1,-1,9,E01022081,0,3
2025351593682,2025,351593682,3,9,0,-1,3,5,1,-1,0,1,1,0,0,0,3,1,-1,6,1,56,9,-1,-1,-1,-1,9,E01018275,0,2
2025351593682,2025,351593682,1,9,0,-1,7,3,5,-1,0,6,1,0,0,0,1,1,-1,6,1,67,10,-1,-1,-1,-1,9,E01018303,0,1
2025351593682,2025,351593682,2,98,0,-1,5,1,5,-1,0,2,0,0,0,0,1,1,-1,1,1,56,9,-1,-1,-1,-1,10,E01018235,0,3
2025351593731,2025,351593731,2,-1,0,-1,19,3,7,-1,0,1,0,0,0,0,3,1,-1,6,1,17,4,-1,-1,-1,-1,9,E01018008,0,1
2025351593731,2025,351593731,1,9,0,-1,9,7,5,-1,0,5,0,0,0,0,3,1,-1,6,1,18,4,-1,-1,-1,-1,10,E01018260,0,1
2025351593740,2025,351593740,1,19,0,-1,13,1,5,-1,0,1,0,0,0,0,1,1,-1,6,1,41,7,-1,-1,-1,-1,6,E01034443,0,1
2025351593740,2025,351593740,2,9,0,-1,19,1,5,-1,0,1,1,10,7,0,1,1,-1,6,1,38,7,-1,-1,-1,-1,6,E01034442,0,1
2025351593740,2025,351593740,3,9,0,-1,10,7,1,-1,0,1,0,0,0,0,4,1,-1,9,2,60,9,-1,-1,-1,-1,10,E01018189,0,1
2025351593740,2025,351593740,4,9,0,-1,19,6,2,-1,0,1,1,0,0,0,3,1,-1,9,1,36,7,-1,-1,-1,-1,6,E01034443,0,1
2025351593770,2025,351593770,1,9,0,-1,19,1,5,-1,0,0,0,0,1,0,4,1,-1,9,1,32,6,-1,-1,-1,-1,1,E01026832,0,5
2025351594441,2025,351594441,1,9,0,-1,19,7,3,-1,0,0,0,0,0,0,4,1,-1,6,1,71,10,-1,-1,-1,-1,6,E01034438,0,1
2025351594462,2025,351594462,1,1,0,-1,14,-1,-1,-1,9,0,1,0,0,0,1,1,-1,7,1,13,3,-1,-1,-1,-1,5,E01035532,0,1
2025351594462,2025,351594462,2,9,0,-1,2,-1,-1,-1,0,0,0,0,0,0,3,1,-1,6,1,62,9,-1,-1,-1,-1,5,E01035531,0,1
2025351594726,2025,351594726,2,9,0,-1,7,-1,-1,-1,0,4,0,0,0,0,1,1,-1,6,1,-1,-1,-1,-1,-1,-1,-1,-1,0,-1
2025351594726,2025,351594726,1,1,0,-1,7,-1,-1,-1,0,3,2,0,0,0,2,1,-1,1,1,16,4,-1,-1,-1,-1,8,E01035519,0,1
2025351594824,2025,351594824,1,9,0,-1,3,1,5,-1,0,0,9,0,0,0,2,1,-1,6,1,26,6,-1,-1,-1,-1,2,E01008338,0,5
2025351594824,2025,351594824,2,9,0,-1,19,1,5,-1,0,0,0,0,0,0,1,9,-1,6,1,41,7,-1,-1,-1,-1,4,E01021845,0,4
2025351594864,2025,351594864,2,9,0,-1,99,-1,-1,-1,99,0,9,99,9,99,2,1,-1,6,1,57,9,-1,-1,-1,-1,2,E01035540,0,1
2025351594864,2025,351594864,1,9,0,-1,99,-1,-1,-1,99,0,0,99,0,0,2,1,-1,6,1,57,9,-1,-1,-1,-1,2,E01035540,0,1
2025351594981,2025,351594981,2,5,0,-1,19,4,2,-1,0,0,0,0,1,9,1,1,-1,6,1,60,9,-1,-1,-1,-1,6,E01018126,0,3
2025351594981,2025,351594981,1,9,0,-1,19,2,4,-1,0,0,1,0,0,0,1,1,-1,1,1,41,7,-1,-1,-1,-1,6,E01035553,0,3
2025351595052,2025,351595052,2,9,0,-1,19,7,7,-1,0,0,1,0,0,0,2,1,-1,6,2,53,8,-1,-1,-1,-1,7,E01018057,0,1
2025351595052,2025,351595052,1,9,0,-1,19,2,2,-1,0,0,0,0,0,0,1,1,-1,1,1,65,9,-1,-1,-1,-1,8,E01033452,0,3
2025351595104,2025,351595104,2,97,0,-1,13,1,5,-1,0,0,0,0,7,0,1,1,-1,2,1,20,4,-1,-1,-1,-1,9,E01018178,0,4
2025351595104,2025,351595104,1,9,0,-1,6,1,5,-1,0,0,0,0,0,0,3,1,-1,6,1,52,8,-1,-1,-1,-1,7,E01018192,0,2
2025351595105,2025,351595105,3,9,0,-1,19,2,6,-1,0,1,0,0,0,0,1,1,-1,6,1,23,5,-1,-1,-1,-1,7,E01033454,0,4
2025351595105,2025,351595105,1,9,0,-1,19,2,6,-1,0,1,0,0,0,0,1,1,-1,6,2,31,6,-1,-1,-1,-1,8,E01033044,0,4
2025351595105,2025,351595105,4,9,0,-1,19,2,6,-1,0,1,0,0,0,0,2,1,-1,6,2,63,9,-1,-1,-1,-1,8,E01030048,0,4
2025351595105,2025,351595105,2,9,0,-1,19,2,6,-1,0,1,0,0,0,0,2,1,-1,6,2,26,6,-1,-1,-1,-1,7,E01030125,0,4
2025351595105,2025,351595105,5,9,0,-1,19,2,6,-1,0,1,0,0,0,0,2,1,-1,6,2,36,7,-1,-1,-1,-1,6,E01029907,0,4
2025351595216,2025,351595216,1,9,0,-1,19,7,4,-1,0,0,0,0,0,0,1,1,-1,9,2,40,7,-1,-1,-1,-1,6,E01018126,0,1
2025351595216,2025,351595216,2,98,0,-1,2,0,0,-1,0,0,0,0,0,0,2,1,-1,2,1,36,7,-1,-1,-1,-1,6,E01018169,0,4
2025351595275,2025,351595275,1,8,0,-1,5,-1,-1,-1,0,0,0,0,0,0,-1,1,-1,1,1,52,8,-1,-1,-1,-1,2,E01035539,0,1
2025351595402,2025,351595402,1,9,0,-1,19,-1,-1,-1,99,0,0,0,1,0,3,1,-1,6,2,39,7,-1,-1,-1,-1,9,E01034445,0,1
2025351595402,2025,351595402,2,3,0,-1,99,-1,-1,-1,99,0,0,99,0,0,3,1,-1,6,1,26,6,-1,-1,-1,-1,10,E01018189,0,1
2025351595513,2025,351595513,2,9,0,-1,19,5,1,-1,0,1,0,0,0,0,1,1,-1,6,1,50,8,-1,-1,-1,-1,5,E01018233,0,1
2025351595513,2025,351595513,1,9,0,-1,9,8,5,-1,0,6,0,0,0,0,1,1,-1,6,2,38,7,-1,-1,-1,-1,10,E01035556,0,1
2025351595638,2025,351595638,1,9,0,-1,19,1,5,-1,0,0,0,0,0,0,3,1,-1,9,2,54,8,-1,-1,-1,-1,10,E01033114,0,2
2025351595638,2025,351595638,2,9,0,-1,19,5,1,-1,0,0,0,0,7,4,3,1,-1,9,1,83,11,-1,-1,-1,-1,6,E01018247,0,1
2025351595664,2025,351595664,1,9,0,-1,19,5,1,-1,0,0,1,0,0,0,2,1,-1,1,1,23,5,-1,-1,-1,-1,7,E01018011,0,1
2025351595680,2025,351595680,2,19,0,-1,5,4,7,-1,0,0,0,0,0,0,1,1,-1,1,1,48,8,-1,-1,-1,-1,6,E01015644,0,2
2025351595680,2025,351595680,1,9,0,-1,5,4,7,-1,0,0,0,4,0,0,2,1,-1,2,2,50,8,-1,-1,-1,-1,6,E01033179,0,1
2025351595752,2025,351595752,2,1,0,-1,19,-1,-1,-1,0,1,0,0,0,0,1,1,-1,2,1,38,7,-1,-1,-1,-1,9,E01017998,0,1
2025351595752,2025,351595752,1,9,0,-1,10,-1,-1,-1,99,6,0,0,0,0,4,1,-1,6,1,47,8,-1,-1,-1,-1,3,E01017944,0,1
2025351595773,2025,351595773,1,9,0,-1,-1,-1,-1,-1,-1,-1,-1,-1,-1,-1,-1,1,-1,6,1,-1,-1,-1,-1,-1,-1,3,E01015652,0,1
2025351595891,2025,351595891,2,9,0,-1,19,3,1,-1,0,0,0,0,0,0,2,1,-1,6,1,57,9,-1,-1,-1,-1,2,E01015656,0,1
2025351595891,2025,351595891,3,9,0,-1,19,3,1,-1,0,0,0,0,0,0,4,1,-1,6,2,42,7,-1,-1,-1,-1,6,E01026284,0,3
2025351595891,2025,351595891,1,9,0,-1,19,3,1,-1,0,0,0,0,0,0,1,1,-1,6,1,22,5,-1,-1,-1,-1,2,E01015605,0,1
2025351596040,2025,351596040,1,9,0,-1,19,1,5,-1,0,1,0,0,0,0,1,1,-1,6,1,58,9,-1,-1,-1,-1,9,E01018275,0,2
2025351596040,2025,351596040,2,9,0,-1,8,5,3,-1,0,1,0,0,0,0,2,1,-1,6,1,86,11,-1,-1,-1,-1,7,E01018294,0,1
2025351596242,2025,351596242,1,9,0,-1,19,-1,-1,-1,0,2,9,0,0,0,4,1,-1,6,2,48,8,-1,-1,-1,-1,9,E01018123,0,1
2025351596242,2025,351596242,2,99,-1,-1,-1,-1,-1,-1,-1,-1,-1,-1,-1,0,-1,9,-1,6,3,-1,-1,-1,-1,-1,-1,-1,-1,0,-1
2025351596265,2025,351596265,1,9,0,-1,19,3,3,-1,0,1,0,0,0,0,1,1,-1,6,1,44,7,-1,-1,-1,-1,6,E01018190,0,1
2025351596265,2025,351596265,2,9,0,-1,3,1,8,-1,0,1,0,0,0,0,2,1,-1,6,1,46,8,-1,-1,-1,-1,6,E01034441,0,1
2025351596307,2025,351596307,1,9,0,-1,19,2,6,-1,0,0,0,0,0,0,1,1,-1,9,1,51,8,-1,-1,-1,-1,3,E01015652,0,1
2025351596307,2025,351596307,2,9,0,-1,19,6,2,-1,0,0,0,0,0,0,1,1,-1,9,1,64,9,-1,-1,-1,-1,4,E01018084,0,4
2025351596339,2025,351596339,1,23,0,-1,5,5,1,-1,0,0,0,0,0,0,4,1,-1,9,1,38,7,-1,-1,-1,-1,9,E01015629,0,2
2025351596345,2025,351596345,1,19,0,-1,19,5,1,-1,0,0,0,0,1,0,0,1,-1,1,1,22,5,-1,-1,-1,-1,6,E01007724,0,5
2025351596382,2025,351596382,3,9,0,-1,3,3,7,-1,0,1,0,0,0,0,2,1,-1,6,2,67,10,-1,-1,-1,-1,5,E01033120,0,1
2025351596382,2025,351596382,4,9,0,-1,19,1,5,-1,0,8,0,0,0,0,4,1,-1,6,2,40,7,-1,-1,-1,-1,10,E01033426,0,4
2025351596382,2025,351596382,1,9,0,-1,19,3,7,-1,0,4,0,9,0,0,4,1,-1,6,3,-1,-1,-1,-1,-1,-1,-1,-1,0,-1
2025351596382,2025,351596382,2,9,0,-1,19,3,7,-1,0,5,0,0,0,0,3,1,-1,6,1,45,7,-1,-1,-1,-1,7,E01017976,0,1
2025351596385,2025,351596385,2,9,0,-1,19,1,5,-1,0,0,0,0,0,0,3,1,-1,2,1,60,9,-1,-1,-1,-1,9,E01034444,0,1
2025351596385,2025,351596385,1,9,0,-1,19,5,1,-1,0,0,0,0,0,0,3,1,-1,2,2,20,4,-1,-1,-1,-1,10,E01018189,0,1
2025351596401,2025,351596401,1,9,0,-1,4,5,3,-1,0,0,0,10,3,0,1,1,-1,6,1,80,11,-1,-1,-1,-1,2,E01018144,0,1
2025351596403,2025,351596403,1,9,0,-1,4,4,8,-1,0,0,0,0,0,0,4,1,-1,2,1,28,6,-1,-1,-1,-1,7,E01035526,0,1
2025351596403,2025,351596403,2,1,0,-1,3,4,8,-1,4,0,0,0,0,0,3,1,-1,1,2,54,8,-1,-1,-1,-1,7,E01018294,0,1
2025351596429,2025,351596429,1,98,1,-1,19,1,5,-1,0,0,0,0,7,0,1,1,-1,1,1,41,7,-1,-1,-1,-1,2,E01034453,0,4
2025351596429,2025,351596429,2,17,1,-1,19,5,1,-1,0,0,0,0,0,0,1,1,-1,1,1,34,6,-1,-1,-1,-1,9,E01016544,0,5
2025351596429,2025,351596429,3,98,0,-1,19,5,1,-1,0,0,0,0,0,0,1,1,-1,1,1,64,9,-1,-1,-1,-1,8,E01026400,0,5
2025351596588,2025,351596588,1,9,0,-1,19,5,1,-1,0,0,0,0,0,0,1,1,-1,2,2,56,9,-1,-1,-1,-1,4,E01018072,0,3
2025351596631,2025,351596631,2,19,0,-1,19,1,5,-1,0,0,0,4,0,0,1,1,-1,6,1,50,8,-1,-1,-1,-1,-1,-1,0,-1
2025351596631,2025,351596631,1,5,0,-1,19,5,1,-1,0,0,1,0,0,0,3,1,-1,6,1,34,6,-1,-1,-1,-1,-1,-1,0,-1
2025351596651,2025,351596651,2,9,0,-1,7,-1,-1,-1,0,3,0,0,0,0,0,1,-1,6,1,-1,-1,-1,-1,-1,-1,-1,-1,0,-1
2025351596651,2025,351596651,1,3,0,-1,19,-1,-1,-1,0,3,0,0,0,0,3,1,-1,6,1,21,5,-1,-1,-1,-1,2,E01015656,0,1
2025351596651,2025,351596651,3,8,0,-1,19,-1,-1,-1,0,1,0,0,0,0,3,1,-1,6,1,-1,-1,-1,-1,-1,-1,-1,-1,0,-1
2025351597327,2025,351597327,1,9,0,-1,5,5,1,-1,0,0,0,0,3,10,1,1,-1,6,2,86,11,-1,-1,-1,-1,5,E01018059,0,1
2025351597358,2025,351597358,2,9,0,-1,10,1,7,-1,0,8,0,0,0,0,1,1,-1,6,1,20,4,-1,-1,-1,-1,4,E01015630,0,1
2025351597358,2025,351597358,1,9,0,-1,19,5,1,-1,0,8,0,0,0,0,1,1,-1,6,1,75,10,-1,-1,-1,-1,3,E01015618,0,3
2025351597367,2025,351597367,2,9,0,-1,19,1,5,-1,0,0,0,0,0,0,1,1,-1,6,2,76,11,-1,-1,-1,-1,2,E01015634,0,1
2025351597367,2025,351597367,1,9,0,-1,19,7,1,-1,0,0,1,0,0,0,1,1,-1,6,3,-1,-1,-1,-1,-1,-1,-1,-1,0,-1
2025351597387,2025,351597387,1,9,-1,-1,-1,-1,-1,-1,-1,0,-1,-1,-1,0,-1,9,-1,6,2,30,6,-1,-1,-1,-1,2,E01015633,0,1
2025351597407,2025,351597407,2,9,0,-1,19,1,5,-1,0,1,0,0,0,0,1,1,-1,9,1,41,7,-1,-1,-1,-1,9,E01018201,0,3
2025351597407,2025,351597407,1,9,0,-1,9,5,3,-1,0,8,0,0,0,0,1,1,-1,9,1,81,11,-1,-1,-1,-1,5,E01018196,0,1
2025351597446,2025,351597446,1,9,0,-1,19,1,5,-1,0,0,5,0,1,0,1,1,-1,6,2,72,10,-1,-1,-1,-1,6,E01018076,0,3
2025351597449,2025,351597449,2,9,0,-1,4,2,6,-1,0,0,0,0,0,0,2,1,-1,6,2,54,8,-1,-1,-1,-1,7,E01035524,0,1
2025351597449,2025,351597449,1,9,0,-1,5,2,6,-1,0,0,0,0,0,0,1,1,-1,7,2,30,6,-1,-1,-1,-1,3,E01021861,0,4
2025351597530,2025,351597530,1,9,0,-1,19,1,5,-1,0,0,0,12,0,0,1,1,-1,6,2,25,5,-1,-1,-1,-1,6,E01018049,0,1
2025351597855,2025,351597855,1,21,1,-1,11,5,1,-1,0,0,0,0,0,0,1,1,-1,1,1,62,9,-1,-1,-1,-1,5,E01020057,0,5
2025351597855,2025,351597855,2,9,0,-1,19,5,1,-1,0,0,0,0,0,0,3,1,-1,2,2,49,8,-1,-1,-1,-1,5,E01018131,0,3
2025351597855,2025,351597855,3,21,1,-1,19,5,1,-1,0,0,0,0,0,0,4,1,-1,1,1,45,7,-1,-1,-1,-1,6,E01018049,0,4
2025351597947,2025,351597947,1,9,0,-1,9,3,2,-1,0,6,1,0,1,0,3,1,-1,6,1,55,8,-1,-1,-1,-1,6,E01027045,0,3
2025351597947,2025,351597947,2,9,0,-1,19,2,6,-1,0,1,1,0,7,0,1,1,-1,6,1,24,5,-1,-1,-1,-1,8,E01018153,0,2
2025351597966,2025,351597966,2,9,0,-1,3,1,5,-1,0,1,0,0,0,0,2,1,-1,6,1,73,10,-1,-1,-1,-1,8,E01018289,0,1
2025351597966,2025,351597966,1,9,0,-1,3,1,5,-1,0,1,0,0,0,0,1,1,-1,6,2,43,7,-1,-1,-1,-1,10,E01018282,0,1
2025351598010,2025,351598010,2,5,0,-1,13,3,7,-1,0,0,0,0,7,0,3,1,-1,9,1,52,8,-1,-1,-1,-1,8,E01018197,0,3
2025351598010,2025,351598010,1,19,0,-1,9,3,1,-1,0,0,0,0,0,0,4,1,-1,1,1,63,9,-1,-1,-1,-1,9,E01022076,0,4
2025351598019,2025,351598019,1,-1,0,-1,19,1,5,-1,0,8,0,0,0,0,4,1,-1,2,1,33,6,-1,-1,-1,-1,1,E01015600,1,1
2025351598019,2025,351598019,2,9,0,-1,19,7,3,-1,0,8,0,0,0,0,1,1,-1,6,1,40,7,-1,-1,-1,-1,-1,-1,0,-1
2025351598045,2025,351598045,1,9,0,-1,19,8,4,-1,0,0,2,10,0,0,4,1,-1,6,2,33,6,-1,-1,-1,-1,6,E01034561,0,4
2025351598098,2025,351598098,1,9,0,-1,19,5,1,-1,0,0,0,0,0,0,1,1,-1,2,1,48,8,-1,-1,-1,-1,2,E01015612,0,1
2025351598108,2025,351598108,2,19,0,-1,19,4,8,-1,0,0,0,0,0,0,1,1,-1,6,1,42,7,-1,-1,-1,-1,7,E01035524,0,1
2025351598108,2025,351598108,1,9,0,-1,3,4,8,-1,0,0,0,0,0,0,2,1,-1,6,1,53,8,-1,-1,-1,-1,10,E01017995,0,1
2025351598108,2025,351598108,3,9,0,-1,3,4,8,-1,0,0,0,0,0,0,2,1,-1,6,3,-1,-1,-1,-1,-1,-1,-1,-1,0,-1
2025351598261,2025,351598261,1,9,0,-1,-1,-1,-1,-1,-1,0,-1,-1,-1,0,-1,1,-1,9,1,28,6,-1,-1,-1,-1,2,E01026829,0,4
2025351598261,2025,351598261,2,9,4,-1,-1,-1,-1,-1,-1,0,-1,-1,-1,0,-1,1,-1,6,1,-1,-1,-1,-1,-1,-1,9,E01025908,0,4
2025351598363,2025,351598363,1,9,0,-1,19,2,6,-1,0,0,0,0,1,0,1,1,-1,6,1,18,4,-1,-1,-1,-1,1,E01018078,0,2
2025351598363,2025,351598363,2,11,0,-1,19,6,2,-1,0,0,0,0,1,4,1,1,-1,1,1,65,9,-1,-1,-1,-1,2,E01026277,0,3
2025351598409,2025,351598409,2,9,0,-1,19,4,8,-1,0,1,0,0,0,0,4,1,-1,6,1,49,8,-1,-1,-1,-1,3,E01017952,0,1
2025351598409,2025,351598409,1,-1,0,-1,9,8,4,-1,0,1,0,0,0,0,1,1,-1,7,2,13,3,-1,-1,-1,-1,5,E01017973,1,1
2025351598443,2025,351598443,1,9,0,-1,19,3,7,-1,0,2,0,0,1,11,1,9,-1,9,2,76,11,-1,-1,-1,-1,5,E01018082,0,1
2025351598465,2025,351598465,2,98,0,-1,4,8,4,-1,0,0,0,0,0,0,2,1,-1,1,1,39,7,-1,-1,-1,-1,4,E01026720,0,4
2025351598465,2025,351598465,1,9,0,-1,19,8,4,-1,0,0,0,0,0,0,1,1,-1,6,1,29,6,-1,-1,-1,-1,6,E01018165,0,3
2025351598507,2025,351598507,1,9,0,-1,19,1,5,-1,0,0,0,0,7,10,1,1,-1,9,2,29,6,-1,-1,-1,-1,7,E01018064,0,1
2025351598515,2025,351598515,1,9,0,-1,19,2,6,-1,0,0,0,0,7,4,1,1,-1,9,1,45,7,-1,-1,-1,-1,8,E01017467,0,4
2025351598591,2025,351598591,1,9,0,-1,19,6,2,-1,0,0,0,0,0,0,3,1,-1,6,1,23,5,-1,-1,-1,-1,2,E01018144,0,3
2025351598624,2025,351598624,1,9,0,-1,8,2,3,-1,0,8,0,0,3,10,1,1,-1,6,2,66,10,-1,-1,-1,-1,10,E01017996,0,1
2025351598624,2025,351598624,2,1,0,-1,3,2,6,-1,0,1,2,0,0,0,2,1,-1,6,2,79,11,-1,-1,-1,-1,8,E01017987,0,1
2025351598815,2025,351598815,2,9,0,-1,19,5,1,-1,99,0,1,0,0,0,1,1,-1,6,2,51,8,-1,-1,-1,-1,7,E01035041,0,5
2025351598815,2025,351598815,1,1,0,-1,19,7,3,-1,99,0,0,0,0,0,4,1,-1,2,1,30,6,-1,-1,-1,-1,10,E01018256,0,1
2025351598905,2025,351598905,1,9,0,-1,9,1,7,-1,0,2,0,0,0,0,1,1,-1,2,1,29,6,-1,-1,-1,-1,1,E01015637,0,1
2025351598905,2025,351598905,2,-1,0,-1,19,7,3,-1,0,1,0,0,0,0,1,1,-1,9,1,16,4,-1,-1,-1,-1,2,E01015641,1,1
2025351598931,2025,351598931,2,9,0,-1,9,3,1,-1,0,8,0,0,0,0,3,1,-1,9,2,17,4,-1,-1,-1,-1,4,E01018100,0,2
2025351598931,2025,351598931,1,9,0,-1,19,3,7,-1,0,1,0,0,0,0,1,1,-1,9,1,44,7,-1,-1,-1,-1,3,E01015619,0,1
2025351598932,2025,351598932,1,9,0,-1,19,5,1,-1,0,0,2,0,7,0,1,1,-1,6,1,28,6,-1,-1,-1,-1,6,E01034442,0,2
2025351598949,2025,351598949,1,97,0,-1,19,5,1,-1,0,0,0,0,0,0,1,1,-1,6,1,21,5,-1,-1,-1,-1,9,E01018278,0,3
2025351598949,2025,351598949,2,9,0,-1,4,5,1,-1,0,0,0,0,0,0,2,1,-1,6,1,18,4,-1,-1,-1,-1,4,E01035537,0,4