collision_index,collision_year,collision_ref_no,vehicle_reference,vehicle_type,towing_and_articulation,vehicle_manoeuvre_historic,vehicle_manoeuvre,vehicle_direction_from,vehicle_direction_to,vehicle_location_restricted_lane_historic,vehicle_location_restricted_lane,junction_location,skidding_and_overturning,hit_object_in_carriageway,vehicle_leaving_carriageway,hit_object_off_carriageway,first_point_of_impact,vehicle_left_hand_drive,journey_purpose_of_driver_historic,journey_purpose_of_driver,sex_of_driver,age_of_driver,age_band_of_driver,engine_capacity_cc,propulsion_code,age_of_vehicle,generic_make_model,driver_imd_decile,lsoa_of_driver,escooter_flag,driver_distance_banding
2025351598972,2025,351598972,1,9,0,-1,9,7,5,-1,0,8,0,0,0,0,1,1,-1,6,2,22,5,-1,-1,-1,-1,7,E01005844,0,5
2025351599220,2025,351599220,1,9,0,-1,4,1,5,-1,0,1,0,0,0,0,2,1,-1,2,1,31,6,-1,-1,-1,-1,7,E01018043,0,1
2025351599220,2025,351599220,2,9,0,-1,19,1,5,-1,0,1,0,0,0,0,1,1,-1,6,1,32,6,-1,-1,-1,-1,3,E01026719,0,4
2025351599329,2025,351599329,1,9,0,-1,19,3,7,-1,0,0,0,0,1,1,1,1,-1,6,1,36,7,-1,-1,-1,-1,1,E01016844,0,4
2025351599345,2025,351599345,2,9,0,-1,4,3,7,-1,0,0,0,0,0,0,2,1,-1,6,1,62,9,-1,-1,-1,-1,4,E01015669,0,1
2025351599345,2025,351599345,1,19,0,-1,3,3,7,-1,0,0,0,0,0,0,1,1,-1,6,1,65,9,-1,-1,-1,-1,1,E01026968,0,4
2025351599371,2025,351599371,1,9,0,-1,3,4,2,-1,0,0,0,0,0,0,2,1,-1,6,1,54,8,-1,-1,-1,-1,9,E01015631,0,2
2025351599371,2025,351599371,2,9,0,-1,19,2,4,-1,0,0,0,0,0,0,1,1,-1,6,1,49,8,-1,-1,-1,-1,-1,-1,0,-1
2025351599449,2025,351599449,1,9,0,-1,19,3,7,-1,0,1,0,0,0,0,1,1,-1,6,2,78,11,-1,-1,-1,-1,9,E01018216,0,1
2025351599449,2025,351599449,2,9,0,-1,3,3,7,-1,0,1,0,0,0,0,2,1,-1,6,1,35,6,-1,-1,-1,-1,5,E01033174,0,1
2025351599449,2025,351599449,3,9,0,-1,3,3,7,-1,0,1,0,0,0,0,2,1,-1,1,2,64,9,-1,-1,-1,-1,5,E01018214,0,1
2025351599591,2025,351599591,3,9,0,-1,19,6,2,-1,0,1,0,0,0,0,0,1,-1,1,1,36,7,-1,-1,-1,-1,-1,-1,0,-1
2025351599591,2025,351599591,1,9,0,-1,19,7,3,-1,0,8,0,0,7,0,1,1,-1,6,1,-1,-1,-1,-1,-1,-1,-1,-1,0,-1
2025351599591,2025,351599591,2,19,0,-1,19,2,6,-1,0,8,0,0,0,0,1,1,-1,1,1,26,6,-1,-1,-1,-1,6,E01015659,0,1
2025351599658,2025,351599658,1,9,0,-1,5,-1,-1,-1,0,3,0,0,0,0,3,1,-1,6,1,81,11,-1,-1,-1,-1,3,E01018090,0,2
2025351599854,2025,351599854,1,1,0,-1,19,-1,-1,-1,0,0,0,0,0,0,1,1,-1,6,1,46,8,-1,-1,-1,-1,6,E01035548,0,2
2025351599854,2025,351599854,2,9,0,-1,99,-1,-1,-1,0,0,0,0,0,0,2,1,-1,6,1,55,8,-1,-1,-1,-1,5,E01018138,0,4
2025351600177,2025,351600177,2,9,0,-1,9,-1,-1,-1,0,1,0,0,0,0,1,1,-1,6,2,26,6,-1,-1,-1,-1,2,E01015656,0,1
2025351600177,2025,351600177,1,9,0,-1,19,-1,-1,-1,0,8,0,0,7,0,4,1,-1,9,2,64,9,-1,-1,-1,-1,2,E01035539,0,1
2025351600249,2025,351600249,2,9,0,-1,7,6,1,-1,9,8,0,0,0,0,1,1,-1,6,1,43,7,-1,-1,-1,-1,4,E01035544,0,1
2025351600249,2025,351600249,1,1,0,-1,19,5,1,-1,5,1,0,0,0,0,1,1,-1,2,1,27,6,-1,-1,-1,-1,4,E01015614,0,1
2025351600283,2025,351600283,2,9,0,-1,7,-1,-1,-1,4,0,0,0,0,0,1,1,-1,6,1,-1,-1,-1,-1,-1,-1,-1,-1,0,-1
2025351600283,2025,351600283,1,1,0,-1,19,-1,-1,-1,0,0,0,0,0,0,4,1,-1,6,1,34,6,-1,-1,-1,-1,7,E01017969,0,1
2025351600409,2025,351600409,2,3,0,-1,19,3,4,-1,0,8,0,0,0,0,1,1,-1,6,1,46,8,-1,-1,-1,-1,2,E01015666,0,2
2025351600409,2025,351600409,1,9,0,-1,9,7,5,-1,0,1,0,0,0,0,4,1,-1,6,1,29,6,-1,-1,-1,-1,6,E01015691,0,1
2025351600528,2025,351600528,1,-1,0,-1,19,5,2,-1,0,1,0,0,0,0,1,1,-1,9,1,30,6,-1,-1,-1,-1,9,E01017998,1,1
2025351600528,2025,351600528,2,1,0,-1,19,3,5,-1,0,1,0,0,0,0,1,1,-1,9,1,18,4,-1,-1,-1,-1,9,E01018032,0,4
2025351600680,2025,351600680,2,-1,0,-1,99,-1,-1,-1,4,9,9,99,0,0,1,1,-1,6,3,-1,-1,-1,-1,-1,-1,-1,-1,1,-1
2025351600680,2025,351600680,1,1,0,-1,19,-1,-1,-1,4,5,9,0,0,0,1,1,-1,6,1,29,6,-1,-1,-1,-1,8,E01035511,0,1
2025351600825,2025,351600825,1,9,0,-1,19,1,5,-1,0,1,0,0,0,0,1,1,-1,6,2,38,7,-1,-1,-1,-1,2,E01015592,0,1
2025351600825,2025,351600825,2,9,0,-1,10,1,5,-1,0,1,0,0,0,0,2,1,-1,6,1,66,10,-1,-1,-1,-1,8,E01015682,0,1
2025351600913,2025,351600913,1,9,0,-1,19,5,1,-1,0,0,1,0,0,0,4,1,-1,6,1,49,8,-1,-1,-1,-1,7,E01015628,0,2
2025351600913,2025,351600913,2,98,-1,-1,19,5,1,-1,-1,0,0,0,0,0,-1,9,-1,6,3,-1,-1,-1,-1,-1,-1,-1,-1,0,-1
2025351600984,2025,351600984,1,9,0,-1,5,1,5,-1,0,8,0,0,0,0,1,1,-1,6,1,82,11,-1,-1,-1,-1,2,E01015599,0,1
2025351600984,2025,351600984,3,9,0,-1,2,0,0,-1,0,2,0,0,0,0,3,1,-1,6,-1,-1,-1,-1,-1,-1,-1,-1,-1,0,-1
2025351600984,2025,351600984,2,97,0,-1,19,7,3,-1,0,1,0,0,0,0,1,1,-1,6,1,42,7,-1,-1,-1,-1,2,E01015632,0,1
2025351600990,2025,351600990,2,9,0,-1,19,1,5,-1,0,2,0,0,0,0,1,1,-1,6,2,36,7,-1,-1,-1,-1,2,E01015641,0,1
2025351600990,2025,351600990,1,1,0,-1,19,3,7,-1,9,2,1,0,0,0,3,1,-1,6,1,9,2,-1,-1,-1,-1,4,E01015623,0,1
2025351601124,2025,351601124,1,9,0,-1,-1,-1,-1,-1,-1,-1,-1,-1,-1,0,-1,1,-1,7,1,-1,-1,-1,-1,-1,-1,-1,-1,0,-1
2025351601124,2025,351601124,2,19,-1,-1,-1,-1,-1,-1,-1,-1,-1,-1,-1,-1,-1,9,-1,6,3,-1,-1,-1,-1,-1,-1,-1,-1,0,-1
2025351601268,2025,351601268,1,5,0,-1,12,7,3,-1,0,0,0,0,0,0,1,1,-1,6,1,33,6,-1,-1,-1,-1,5,E01017951,0,1
2025351601268,2025,351601268,2,9,0,-1,19,7,1,-1,0,0,0,0,0,0,3,1,-1,6,2,22,5,-1,-1,-1,-1,9,E01022081,0,4
2025351601305,2025,351601305,2,9,-1,-1,19,6,2,-1,0,1,0,0,0,0,4,9,-1,7,2,33,6,-1,-1,-1,-1,3,E01015652,0,1
2025351601305,2025,351601305,1,1,-1,-1,-1,-1,-1,-1,-1,-1,-1,-1,-1,0,1,1,-1,6,2,50,8,-1,-1,-1,-1,-1,-1,0,-1
2025351601306,2025,351601306,2,9,0,-1,19,8,4,-1,0,1,0,0,0,0,1,1,-1,6,1,55,8,-1,-1,-1,-1,4,E01018060,0,3
2025351601306,2025,351601306,1,9,0,-1,7,6,8,-1,0,6,0,0,1,9,3,1,-1,6,1,17,4,-1,-1,-1,-1,6,E01035546,0,1
2025351601354,2025,351601354,1,9,0,-1,9,7,3,-1,0,0,1,0,7,0,1,1,-1,6,1,39,7,-1,-1,-1,-1,10,E01018040,0,1
2025351601357,2025,351601357,1,9,0,-1,9,3,3,-1,0,8,0,0,0,0,3,1,-1,6,1,26,6,-1,-1,-1,-1,2,E01015594,0,1
2025351601357,2025,351601357,2,9,0,-1,7,3,1,-1,0,8,0,0,4,3,4,1,-1,6,2,50,8,-1,-1,-1,-1,2,E01015601,0,1
2025351601545,2025,351601545,1,9,0,-1,19,7,3,-1,0,0,0,0,4,0,3,1,-1,6,1,28,6,-1,-1,-1,-1,10,E01035558,0,4
2025351601603,2025,351601603,2,9,0,-1,-1,-1,-1,-1,-1,-1,-1,-1,-1,0,-1,1,-1,6,1,31,6,-1,-1,-1,-1,2,E01015599,0,1
2025351601603,2025,351601603,1,9,0,-1,99,-1,-1,-1,99,9,9,99,9,99,3,1,-1,6,1,53,8,-1,-1,-1,-1,1,E01015600,0,1
2025351601783,2025,351601783,1,9,0,-1,4,0,0,-1,0,0,0,0,0,0,0,1,-1,9,1,66,10,-1,-1,-1,-1,9,E01032998,0,4
2025351601787,2025,351601787,1,9,0,-1,7,8,2,-1,0,1,0,11,1,0,1,1,-1,6,2,76,11,-1,-1,-1,-1,2,E01018071,0,1
2025351601790,2025,351601790,1,9,0,-1,19,1,6,-1,0,8,0,4,0,0,1,1,-1,6,1,61,9,-1,-1,-1,-1,5,E01017972,0,1
2025351601790,2025,351601790,2,9,0,-1,2,0,0,-1,9,1,0,0,0,0,2,1,-1,6,-1,-1,-1,-1,-1,-1,-1,-1,-1,0,-1
2025351601857,2025,351601857,1,97,0,-1,19,4,8,-1,0,8,2,0,0,0,4,1,-1,6,1,62,9,-1,-1,-1,-1,10,E01018306,0,3
2025351601857,2025,351601857,2,9,0,-1,19,4,8,-1,0,8,0,0,0,0,0,1,-1,6,-1,-1,-1,-1,-1,-1,-1,-1,-1,0,-1
2025351601869,2025,351601869,1,9,0,-1,19,1,5,-1,0,0,0,0,0,0,1,1,-1,6,1,49,8,-1,-1,-1,-1,5,E01015655,0,1
2025351601873,2025,351601873,2,-1,0,-1,19,1,3,-1,9,1,0,0,0,0,1,1,-1,6,1,16,4,-1,-1,-1,-1,3,E01015652,1,1
2025351601873,2025,351601873,1,9,0,-1,5,7,1,-1,0,3,0,0,0,0,4,1,-1,6,1,43,7,-1,-1,-1,-1,2,E01015634,0,1
2025351601928,2025,351601928,1,9,0,-1,19,1,5,-1,0,8,0,0,0,0,1,1,-1,9,1,20,4,-1,-1,-1,-1,2,E01018071,0,1
2025351601954,2025,351601954,2,9,0,-1,5,7,3,-1,0,2,0,0,0,0,2,1,-1,6,1,67,10,-1,-1,-1,-1,2,E01006948,0,5
2025351601954,2025,351601954,1,9,0,-1,3,7,3,-1,0,8,0,0,0,0,1,1,-1,6,1,19,4,-1,-1,-1,-1,8,E01018166,0,1
2025351602145,2025,351602145,2,9,0,-1,5,-1,-1,-1,0,1,0,4,0,0,1,1,-1,6,1,35,6,-1,-1,-1,-1,5,E01018079,0,1
2025351602145,2025,351602145,1,9,0,-1,8,-1,-1,-1,0,1,0,0,3,0,2,1,-1,2,2,19,4,-1,-1,-1,-1,6,E01018111,0,1
2025351602198,2025,351602198,2,19,0,-1,19,6,2,-1,0,0,0,0,0,0,1,1,-1,6,1,29,6,-1,-1,-1,-1,3,E01018091,0,1
2025351602198,2025,351602198,1,9,0,-1,7,4,6,-1,0,0,0,0,0,0,1,1,-1,6,2,30,6,-1,-1,-1,-1,5,E01018304,0,4
2025351602219,2025,351602219,1,9,0,-1,5,4,2,-1,0,1,0,0,0,0,1,1,-1,1,1,34,6,-1,-1,-1,-1,1,E01027131,0,4
2025351602219,2025,351602219,2,1,0,-1,19,6,2,-1,0,1,0,0,0,0,1,1,-1,2,1,11,3,-1,-1,-1,-1,4,E01035544,0,1
2025351602236,2025,351602236,2,9,0,-1,19,1,5,-1,0,0,0,0,0,0,1,1,-1,6,2,59,9,-1,-1,-1,-1,3,E01018087,0,1
2025351602236,2025,351602236,1,9,0,-1,19,5,1,-1,0,0,0,0,0,0,3,1,-1,6,2,55,8,-1,-1,-1,-1,2,E01018075,0,3
2025351602282,2025,351602282,1,1,0,-1,19,2,5,-1,0,1,5,0,0,0,1,1,-1,9,1,16,4,-1,-1,-1,-1,2,E01035541,0,4
2025351602282,2025,351602282,2,9,0,-1,2,5,2,-1,0,1,0,0,0,0,2,1,-1,9,2,58,9,-1,-1,-1,-1,2,E01018063,0,1
2025351602282,2025,351602282,3,9,0,-1,2,2,5,-1,0,1,0,0,0,0,0,1,-1,1,2,31,6,-1,-1,-1,-1,2,E01033111,0,1
2025351602292,2025,351602292,2,9,0,-1,2,0,0,-1,0,0,0,0,0,0,1,1,-1,6,-1,-1,-1,-1,-1,-1,-1,-1,-1,0,-1
2025351602292,2025,351602292,1,9,0,-1,5,1,5,-1,0,0,0,0,3,0,1,1,-1,9,1,85,11,-1,-1,-1,-1,10,E01018189,0,1
2025351602292,2025,351602292,3,9,0,-1,2,0,0,-1,0,0,0,0,0,0,4,1,-1,6,-1,-1,-1,-1,-1,-1,-1,-1,-1,0,-1
2025351602292,2025,351602292,4,9,0,-1,2,0,0,-1,0,0,0,0,0,0,3,1,-1,6,-1,-1,-1,-1,-1,-1,-1,-1,-1,0,-1
2025351602336,2025,351602336,3,9,0,-1,19,6,2,-1,0,0,1,0,0,0,1,1,-1,9,2,18,4,-1,-1,-1,-1,6,E01015620,0,2
2025351602336,2025,351602336,1,9,0,-1,3,6,2,-1,0,0,1,0,0,0,2,1,-1,9,1,43,7,-1,-1,-1,-1,6,E01035554,0,1
2025351602336,2025,351602336,2,9,0,-1,4,6,2,-1,0,0,1,0,0,0,2,1,-1,9,2,24,5,-1,-1,-1,-1,4,E01018072,0,3
2025351603031,2025,351603031,3,1,0,-1,99,-1,-1,-1,5,0,0,0,0,0,2,1,-1,2,1,43,7,-1,-1,-1,-1,8,E01035518,0,1
2025351603031,2025,351603031,1,9,0,-1,-1,-1,-1,-1,-1,0,-1,-1,-1,0,-1,1,-1,1,2,47,8,-1,-1,-1,-1,2,E01017948,0,1
2025351603057,2025,351603057,2,9,0,-1,7,7,3,-1,99,4,0,0,0,0,0,1,-1,6,2,17,4,-1,-1,-1,-1,8,E01026363,0,2
2025351603057,2025,351603057,1,5,0,-1,7,5,1,-1,0,3,2,0,0,0,3,1,-1,6,1,34,6,-1,-1,-1,-1,4,E01015614,0,2
2025351603381,2025,351603381,1,9,0,-1,19,-1,-1,-1,0,8,0,0,0,0,9,1,-1,6,3,-1,-1,-1,-1,-1,-1,-1,-1,0,-1
2025351603399,2025,351603399,2,9,0,-1,19,7,3,-1,0,0,0,0,0,0,1,1,-1,2,1,39,7,-1,-1,-1,-1,5,E01018062,0,1
2025351603399,2025,351603399,1,9,0,-1,4,7,3,-1,0,0,0,0,0,0,2,1,-1,2,2,47,8,-1,-1,-1,-1,7,E01018065,0,1
2025351603531,2025,351603531,1,9,0,-1,19,8,4,-1,0,0,0,0,7,0,1,1,-1,6,1,19,4,-1,-1,-1,-1,10,E01018235,0,1
2025351603592,2025,351603592,1,1,0,-1,19,3,7,-1,0,8,0,0,0,0,4,1,-1,6,2,29,6,-1,-1,-1,-1,10,E01017985,0,1
2025351603592,2025,351603592,2,9,0,-1,2,7,3,-1,0,6,0,0,0,0,3,1,-1,6,1,31,6,-1,-1,-1,-1,8,E01035519,0,1
2025351603631,2025,351603631,2,9,0,-1,19,7,3,-1,0,1,0,0,0,0,0,1,-1,9,1,18,4,-1,-1,-1,-1,2,E01015605,0,1
2025351603631,2025,351603631,1,9,0,-1,19,7,3,-1,0,1,0,0,0,0,1,1,-1,9,1,18,4,-1,-1,-1,-1,3,E01015652,0,1
2025351603984,2025,351603984,1,1,0,-1,19,4,8,-1,9,0,0,0,0,0,0,1,-1,6,1,35,6,-1,-1,-1,-1,7,E01018264,0,3
2025351604182,2025,351604182,1,9,0,-1,19,-1,-1,-1,99,4,0,0,0,0,1,1,-1,2,2,25,5,-1,-1,-1,-1,3,E01015618,0,3
2025351604182,2025,351604182,2,9,0,-1,19,-1,-1,-1,99,3,0,0,0,0,2,1,-1,6,3,-1,-1,-1,-1,-1,-1,-1,-1,0,-1
2025351604303,2025,351604303,1,9,0,-1,5,1,5,-1,0,1,0,0,0,0,1,1,-1,6,2,63,9,-1,-1,-1,-1,4,E01018104,0,1
2025351604303,2025,351604303,2,9,0,-1,4,1,5,-1,0,1,0,0,0,0,1,1,-1,6,1,75,10,-1,-1,-1,-1,2,E01033111,0,1
2025351604369,2025,351604369,1,9,0,-1,12,3,7,-1,0,0,1,11,7,0,1,1,-1,6,2,57,9,-1,-1,-1,-1,4,E01006047,0,5
2025351604369,2025,351604369,2,21,1,-1,19,7,3,-1,0,0,0,0,0,0,3,1,-1,1,1,43,7,-1,-1,-1,-1,3,E01013286,0,5
2025351604369,2025,351604369,4,9,0,-1,19,7,3,-1,0,0,0,0,0,0,4,1,-1,6,1,60,9,-1,-1,-1,-1,6,E01026534,0,5
2025351604369,2025,351604369,3,9,0,-1,19,7,3,-1,0,0,0,0,0,0,0,1,-1,6,1,59,9,-1,-1,-1,-1,5,E01030222,0,5
2025351604424,2025,351604424,1,9,0,-1,19,4,7,-1,0,0,0,11,0,0,3,1,-1,9,1,37,7,-1,-1,-1,-1,3,E01034608,0,4
2025351604477,2025,351604477,2,9,0,-1,19,5,7,-1,0,0,0,0,0,0,4,1,-1,9,1,26,6,-1,-1,-1,-1,3,E01035552,0,1
2025351604477,2025,351604477,1,9,0,-1,19,7,3,-1,0,0,0,0,0,0,3,1,-1,9,1,40,7,-1,-1,-1,-1,3,E01015624,0,1
2025351604641,2025,351604641,1,19,0,-1,7,1,3,-1,0,1,0,0,0,0,4,1,-1,6,1,-1,-1,-1,-1,-1,-1,-1,-1,0,-1
2025351604725,2025,351604725,2,9,0,-1,9,-1,-1,-1,0,1,9,0,0,0,4,1,-1,6,1,47,8,-1,-1,-1,-1,2,E01015612,0,1
2025351604725,2025,351604725,1,9,0,-1,19,-1,-1,-1,0,1,9,0,0,0,1,1,-1,6,2,46,8,-1,-1,-1,-1,2,E01015633,0,1
2025351604797,2025,351604797,1,3,0,-1,19,5,1,-1,0,0,0,0,7,0,3,1,-1,6,1,19,4,-1,-1,-1,-1,8,E01034436,0,1
2025351604804,2025,351604804,2,9,0,-1,19,5,1,-1,0,0,5,0,0,0,3,1,-1,1,1,20,4,-1,-1,-1,-1,3,E01026659,0,3
2025351604804,2025,351604804,1,9,0,-1,19,3,7,-1,0,0,0,0,0,0,1,1,-1,1,1,58,9,-1,-1,-1,-1,6,E01018076,0,1
2025351604817,2025,351604817,1,21,1,-1,4,5,1,-1,0,0,0,0,0,0,1,2,-1,1,1,56,9,-1,-1,-1,-1,-1,-1,0,-1
2025351604817,2025,351604817,2,9,0,-1,12,5,1,-1,0,0,0,0,0,0,0,1,-1,6,1,31,6,-1,-1,-1,-1,7,E01007503,0,5
2025351604848,2025,351604848,2,9,0,-1,5,-1,-1,-1,0,4,0,0,0,0,3,1,-1,6,1,87,11,-1,-1,-1,-1,8,E01026363,0,2
2025351604848,2025,351604848,1,1,0,-1,19,-1,-1,-1,0,3,0,0,0,0,4,1,-1,9,1,68,10,-1,-1,-1,-1,8,E01015682,0,1
2025351604861,2025,351604861,1,9,0,-1,19,2,6,-1,0,0,0,0,1,0,0,1,-1,6,1,71,10,-1,-1,-1,-1,8,E01018194,0,2
2025351604890,2025,351604890,1,97,0,-1,3,6,4,-1,0,0,0,0,0,0,2,1,-1,2,2,31,6,-1,-1,-1,-1,4,E01018072,0,3
2025351604890,2025,351604890,2,9,0,-1,5,6,4,-1,0,0,0,0,0,0,1,1,-1,2,1,22,5,-1,-1,-1,-1,4,E01015665,0,1
2025351604936,2025,351604936,2,9,0,-1,19,2,6,-1,0,0,0,0,0,0,1,1,-1,2,2,37,7,-1,-1,-1,-1,8,E01018197,0,1
2025351604936,2025,351604936,1,19,0,-1,19,6,2,-1,0,0,1,0,0,0,1,1,-1,2,1,31,6,-1,-1,-1,-1,10,E01018285,0,2
2025351605042,2025,351605042,2,9,0,-1,4,2,6,-1,0,0,0,0,0,0,2,1,-1,9,1,22,5,-1,-1,-1,-1,10,E01018272,0,2
2025351605042,2025,351605042,3,9,0,-1,4,2,6,-1,0,0,0,0,0,0,2,1,-1,9,1,51,8,-1,-1,-1,-1,4,E01026474,0,4
2025351605042,2025,351605042,1,9,0,-1,4,2,6,-1,0,0,0,0,0,0,1,1,-1,9,1,41,7,-1,-1,-1,-1,5,E01033120,0,2
2025351605312,2025,351605312,1,9,0,-1,1,2,6,-1,0,0,0,0,0,0,0,1,-1,9,2,59,9,-1,-1,-1,-1,7,E01029887,0,4
2025351605333,2025,351605333,1,9,0,-1,13,8,4,-1,0,0,2,10,4,6,3,1,-1,9,1,47,8,-1,-1,-1,-1,2,E01035540,0,2
2025351605359,2025,351605359,1,19,0,-1,9,5,3,-1,0,1,0,0,0,0,2,1,-1,1,1,35,6,-1,-1,-1,-1,5,E01018080,0,1
2025351605359,2025,351605359,2,22,-1,-1,19,5,1,-1,-1,-1,0,0,0,0,1,1,-1,6,1,37,7,-1,-1,-1,-1,4,E01018077,0,1
2025351605428,2025,351605428,2,9,0,-1,12,-1,-1,-1,99,9,0,99,0,0,3,1,-1,6,1,-1,-1,-1,-1,-1,-1,2,E01015634,0,1
2025351605428,2025,351605428,1,9,0,-1,19,-1,-1,-1,99,3,0,10,0,0,4,1,-1,6,2,32,6,-1,-1,-1,-1,2,E01026030,0,4
2025351605514,2025,351605514,1,5,0,-1,19,5,1,-1,0,0,0,0,0,0,3,1,-1,6,2,33,6,-1,-1,-1,-1,9,E01033175,0,3
2025351605515,2025,351605515,1,9,0,-1,19,4,8,-1,0,1,0,0,0,0,1,1,-1,6,1,90,11,-1,-1,-1,-1,10,E01018124,0,2
2025351605723,2025,351605723,1,9,0,-1,1,-1,-1,-1,99,0,0,99,0,0,2,2,-1,6,2,39,7,-1,-1,-1,-1,2,E01015641,0,1
2025351605964,2025,351605964,1,9,0,-1,19,-1,-1,-1,9,2,0,0,1,0,1,1,-1,6,3,-1,-1,-1,-1,-1,-1,-1,-1,0,-1
2025351606022,2025,351606022,1,9,0,-1,19,-1,-1,-1,0,8,0,0,0,0,3,1,-1,9,2,45,7,-1,-1,-1,-1,3,E01004455,0,4
2025351606022,2025,351606022,2,9,-1,-1,19,-1,-1,-1,0,4,-1,-1,-1,0,-1,9,-1,6,3,-1,-1,-1,-1,-1,-1,-1,-1,0,-1
2025351606108,2025,351606108,1,1,0,-1,19,-1,-1,-1,0,0,0,0,0,0,1,1,-1,6,1,54,8,-1,-1,-1,-1,6,E01018035,0,1
2025351606108,2025,351606108,2,97,0,-1,19,-1,-1,-1,0,0,0,0,0,0,3,1,-1,6,3,-1,-1,-1,-1,-1,-1,-1,-1,0,-1
2025351606198,2025,351606198,2,9,0,-1,19,-1,-1,-1,0,4,0,0,0,0,4,1,-1,6,1,-1,-1,-1,-1,-1,-1,7,E01018168,0,2
2025351606198,2025,351606198,1,9,0,-1,4,-1,-1,-1,0,8,0,0,0,0,3,1,-1,6,2,32,6,-1,-1,-1,-1,10,E01018118,0,2
2025351606491,2025,351606491,1,9,0,-1,19,5,1,-1,0,0,5,0,1,0,4,1,-1,6,1,26,6,-1,-1,-1,-1,4,E01027328,0,4
2025351606491,2025,351606491,2,21,1,-1,19,5,1,-1,0,0,0,0,0,0,3,1,-1,1,1,40,7,-1,-1,-1,-1,2,E01008892,0,5
2025351606554,2025,351606554,1,19,0,-1,6,3,3,-1,0,0,0,0,0,0,3,1,-1,6,1,32,6,-1,-1,-1,-1,1,E01009104,0,5
2025351606554,2025,351606554,2,5,0,-1,19,3,7,-1,0,0,2,0,0,0,1,1,-1,6,1,59,9,-1,-1,-1,-1,10,E01017415,0,4
2025351606631,2025,351606631,2,9,0,-1,99,-1,-1,-1,4,0,0,0,0,0,1,1,-1,6,3,-1,-1,-1,-1,-1,-1,-1,-1,0,-1
2025351606631,2025,351606631,1,97,0,-1,99,-1,-1,-1,4,0,0,0,0,0,2,1,-1,6,1,22,5,-1,-1,-1,-1,10,E01017959,0,2
2025351606860,2025,351606860,2,21,1,-1,2,0,0,-1,-1,0,0,0,0,0,3,1,-1,1,1,52,8,-1,-1,-1,-1,6,E01024836,0,5
2025351606860,2025,351606860,1,21,1,-1,19,3,7,-1,0,0,0,4,0,0,1,1,-1,1,1,37,7,-1,-1,-1,-1,9,E01018209,0,3
2025351606860,2025,351606860,3,21,1,-1,2,0,0,-1,-1,0,0,0,0,0,2,1,-1,1,1,60,9,-1,-1,-1,-1,2,E01015632,0,4
2025351606897,2025,351606897,1,9,0,-1,9,2,8,-1,0,1,0,0,0,0,3,1,-1,6,1,21,5,-1,-1,-1,-1,7,E01026299,0,4
2025351607047,2025,351607047,2,21,1,-1,3,7,3,-1,0,8,0,0,0,0,2,1,-1,1,1,37,7,-1,-1,-1,-1,2,E01027128,0,4
2025351607047,2025,351607047,1,9,0,-1,19,7,3,-1,0,8,0,4,0,0,1,1,-1,6,1,29,6,-1,-1,-1,-1,10,E01016816,0,4
2025351607121,2025,351607121,1,9,0,-1,19,2,6,-1,0,0,0,0,0,0,4,1,-1,2,1,65,9,-1,-1,-1,-1,6,E01034438,0,3
2025351607449,2025,351607449,1,9,0,-1,19,5,1,-1,0,1,0,11,7,0,1,1,-1,6,1,20,4,-1,-1,-1,-1,3,E01018093,0,2
2025351607449,2025,351607449,2,3,0,-1,19,5,1,-1,0,1,0,0,0,0,3,1,-1,6,1,51,8,-1,-1,-1,-1,3,E01018087,0,2
2025351607858,2025,351607858,1,9,0,-1,14,7,3,-1,0,0,0,0,0,0,1,1,-1,6,1,53,8,-1,-1,-1,-1,-1,-1,0,-1
2025351607858,2025,351607858,2,97,0,-1,19,3,7,-1,0,0,5,0,0,0,3,1,-1,6,1,33,6,-1,-1,-1,-1,-1,-1,0,-1
2025351607860,2025,351607860,2,9,0,-1,19,1,5,-1,0,0,0,0,0,0,1,1,-1,9,1,74,10,-1,-1,-1,-1,7,E01018192,0,3
2025351607860,2025,351607860,1,5,0,-1,19,5,1,-1,0,0,5,0,1,0,1,1,-1,9,1,39,7,-1,-1,-1,-1,6,E01018156,0,1
2025351607862,2025,351607862,1,11,0,-1,-1,-1,-1,-1,-1,-1,-1,-1,-1,0,-1,1,-1,1,1,63,9,-1,-1,-1,-1,5,E01029953,0,4
2025351607884,2025,351607884,1,9,0,-1,5,4,8,-1,0,1,0,0,0,0,1,1,-1,2,2,26,6,-1,-1,-1,-1,10,E01033114,0,3
2025351607899,2025,351607899,2,98,1,-1,19,4,8,-1,0,2,0,0,0,0,1,1,-1,1,1,57,9,-1,-1,-1,-1,5,E01034647,0,5
2025351607899,2025,351607899,1,9,0,-1,19,5,7,-1,0,7,0,0,0,0,2,1,-1,6,1,73,10,-1,-1,-1,-1,1,E01022025,0,5
2025351608006,2025,351608006,1,9,0,-1,12,1,5,-1,0,0,0,0,0,0,3,1,-1,9,2,17,4,-1,-1,-1,-1,5,E01033180,0,1
2025351608006,2025,351608006,2,5,0,-1,19,1,5,-1,0,0,1,0,0,0,4,1,-1,6,1,47,8,-1,-1,-1,-1,9,E01033175,0,1
2025351608186,2025,351608186,1,1,0,-1,19,-1,-1,-1,0,9,0,0,0,0,2,1,-1,6,1,13,3,-1,-1,-1,-1,1,E01018107,0,1
2025351608186,2025,351608186,2,9,0,-1,99,-1,-1,-1,99,9,9,99,9,99,1,1,-1,6,2,29,6,-1,-1,-1,-1,3,E01018094,0,1