collision_index,collision_year,collision_ref_no,vehicle_reference,vehicle_type,towing_and_articulation,vehicle_manoeuvre_historic,vehicle_manoeuvre,vehicle_direction_from,vehicle_direction_to,vehicle_location_restricted_lane_historic,vehicle_location_restricted_lane,junction_location,skidding_and_overturning,hit_object_in_carriageway,vehicle_leaving_carriageway,hit_object_off_carriageway,first_point_of_impact,vehicle_left_hand_drive,journey_purpose_of_driver_historic,journey_purpose_of_driver,sex_of_driver,age_of_driver,age_band_of_driver,engine_capacity_cc,propulsion_code,age_of_vehicle,generic_make_model,driver_imd_decile,lsoa_of_driver,escooter_flag,driver_distance_banding
2025351646742,2025,351646742,2,9,0,-1,9,1,7,-1,0,1,0,0,0,0,2,1,-1,2,2,43,7,-1,-1,-1,-1,7,E01034440,0,2
2025351648687,2025,351648687,1,9,0,-1,7,5,7,-1,0,2,0,0,0,0,2,1,-1,6,1,47,8,-1,-1,-1,-1,8,E01018296,0,1
2025351648687,2025,351648687,2,9,0,-1,19,3,7,-1,0,1,0,0,0,0,1,1,-1,6,2,28,6,-1,-1,-1,-1,9,E01018012,0,1
2025351655299,2025,351655299,1,5,0,-1,5,5,1,-1,0,1,0,0,0,0,1,1,-1,9,1,28,6,-1,-1,-1,-1,8,E01017441,0,4
2025351655299,2025,351655299,2,9,0,-1,5,5,1,-1,0,1,0,0,0,0,2,1,-1,9,2,27,6,-1,-1,-1,-1,6,E01017386,0,3
2025351655533,2025,351655533,1,98,0,-1,19,1,5,-1,0,0,0,2,0,0,1,1,-1,9,3,-1,-1,-1,-1,-1,-1,-1,-1,0,-1
2025351655533,2025,351655533,2,9,0,-1,6,5,5,-1,0,0,0,0,0,0,3,1,-1,6,1,40,7,-1,-1,-1,-1,10,E01018256,0,1
2025361536660,2025,361536660,2,4,0,-1,19,1,1,-1,0,8,0,0,0,0,1,1,-1,6,1,17,4,-1,-1,-1,-1,6,E01026862,0,1
2025361536660,2025,361536660,1,9,0,-1,19,1,1,-1,0,8,0,0,0,0,3,1,-1,1,1,48,8,-1,-1,-1,-1,8,E01026918,0,1
2025361536699,2025,361536699,1,9,0,-1,19,7,3,-1,0,0,2,0,0,0,1,1,-1,2,2,20,4,-1,-1,-1,-1,6,E01026944,0,1
2025361536747,2025,361536747,1,3,0,-1,19,7,3,-1,0,0,0,0,0,0,1,1,-1,6,1,17,4,-1,-1,-1,-1,8,E01026531,0,2
2025361536830,2025,361536830,2,9,0,-1,19,5,1,-1,0,1,0,0,0,0,1,2,-1,6,1,44,7,-1,-1,-1,-1,5,E01026650,0,1
2025361536830,2025,361536830,3,9,0,-1,2,0,0,-1,0,2,0,0,0,0,2,1,-1,6,1,38,7,-1,-1,-1,-1,4,E01026648,0,1
2025361536830,2025,361536830,1,9,0,-1,14,1,5,-1,0,1,0,4,0,0,1,1,-1,1,1,28,6,-1,-1,-1,-1,4,E01026648,0,1
2025361536901,2025,361536901,1,9,0,-1,19,4,8,-1,0,0,1,0,7,0,4,1,-1,2,2,40,7,-1,-1,-1,-1,-1,-1,0,-1
2025361536901,2025,361536901,2,20,0,-1,19,8,4,-1,0,0,1,0,0,0,1,1,-1,1,1,64,9,-1,-1,-1,-1,4,E01026677,0,4
2025361536924,2025,361536924,1,9,0,-1,19,7,5,-1,0,0,2,0,1,0,1,1,-1,2,1,25,5,-1,-1,-1,-1,3,E01033041,0,1
2025361537130,2025,361537130,1,9,0,-1,19,5,1,-1,0,0,1,0,1,0,1,1,-1,2,2,58,9,-1,-1,-1,-1,9,E01026901,0,3
2025361537225,2025,361537225,1,9,0,-1,9,5,3,-1,0,1,0,0,0,0,1,1,-1,6,2,52,8,-1,-1,-1,-1,6,E01026569,0,1
2025361537225,2025,361537225,2,4,0,-1,19,3,6,-1,0,1,0,0,0,0,1,1,-1,6,3,-1,-1,-1,-1,-1,-1,-1,-1,0,-1
2025361537254,2025,361537254,1,9,0,-1,7,2,5,-1,0,8,0,0,0,0,1,1,-1,9,1,75,10,-1,-1,-1,-1,6,E01026452,0,4
2025361537277,2025,361537277,1,9,0,-1,10,7,4,-1,0,2,0,0,0,0,3,1,-1,9,2,68,10,-1,-1,-1,-1,5,E01026873,0,1
2025361537277,2025,361537277,2,19,0,-1,19,5,1,-1,0,1,0,0,0,0,1,1,-1,1,1,60,9,-1,-1,-1,-1,10,E01030128,0,4
2025361537366,2025,361537366,1,21,-1,-1,1,2,6,-1,0,-1,0,0,0,0,2,9,-1,1,3,-1,-1,-1,-1,-1,-1,-1,-1,0,-1
2025361537472,2025,361537472,2,9,0,-1,2,0,0,-1,9,0,1,0,0,0,3,1,-1,6,-1,-1,-1,-1,-1,-1,-1,-1,-1,0,-1
2025361537472,2025,361537472,1,9,0,-1,19,3,7,-1,0,0,1,4,0,0,3,1,-1,9,1,51,8,-1,-1,-1,-1,5,E01026583,0,1
2025361537701,2025,361537701,1,97,0,-1,19,3,7,-1,0,0,2,0,0,0,3,1,-1,9,1,31,6,-1,-1,-1,-1,9,E01026497,0,2
2025361537825,2025,361537825,1,9,0,-1,19,3,7,-1,0,1,0,0,7,0,1,1,-1,6,2,28,6,-1,-1,-1,-1,9,E01035145,0,2
2025361537873,2025,361537873,1,9,0,-1,3,-1,-1,-1,0,1,0,0,0,0,1,1,-1,6,1,-1,-1,-1,-1,-1,-1,-1,-1,0,-1
2025361537873,2025,361537873,2,9,0,-1,3,-1,-1,-1,0,1,0,0,0,0,2,1,-1,2,1,36,7,-1,-1,-1,-1,1,E01026598,0,1
2025361538459,2025,361538459,1,9,0,-1,6,-1,-1,-1,0,0,0,0,0,0,3,1,-1,6,1,39,7,-1,-1,-1,-1,4,E01026705,0,1
2025361538459,2025,361538459,2,3,0,-1,14,-1,-1,-1,0,0,0,0,0,0,1,1,-1,7,1,18,4,-1,-1,-1,-1,4,E01026278,0,3
2025361538714,2025,361538714,1,9,0,-1,19,1,5,-1,0,0,1,0,7,4,1,2,-1,6,1,42,7,-1,-1,-1,-1,5,E01026487,0,1
2025361538755,2025,361538755,1,1,0,-1,5,3,1,-1,0,0,1,0,0,0,0,1,-1,6,2,37,7,-1,-1,-1,-1,3,E01026685,0,1
2025361538837,2025,361538837,1,9,0,-1,19,1,5,-1,0,0,1,0,1,4,1,1,-1,2,1,26,6,-1,-1,-1,-1,5,E01026493,0,1
2025361538880,2025,361538880,1,9,0,-1,19,3,3,-1,0,0,1,0,0,0,1,1,-1,6,1,42,7,-1,-1,-1,-1,4,E01026495,0,3
2025361538885,2025,361538885,2,9,0,-1,2,0,0,-1,0,0,0,0,0,0,4,1,-1,6,1,62,9,-1,-1,-1,-1,7,E01026456,0,1
2025361538885,2025,361538885,1,9,0,-1,19,8,5,-1,0,0,0,4,0,0,1,1,-1,6,1,40,7,-1,-1,-1,-1,3,E01026458,0,1
2025361538991,2025,361538991,1,98,-1,-1,-1,-1,-1,-1,-1,0,-1,-1,-1,0,-1,9,-1,6,3,-1,-1,-1,-1,-1,-1,-1,-1,0,-1
2025361538991,2025,361538991,2,9,-1,-1,-1,-1,-1,-1,-1,0,-1,-1,-1,0,3,9,-1,6,1,20,4,-1,-1,-1,-1,6,E01034771,0,3
2025361539058,2025,361539058,2,1,0,-1,9,2,8,-1,0,1,0,0,0,0,3,1,-1,2,2,21,5,-1,-1,-1,-1,6,W01000088,0,5
2025361539058,2025,361539058,1,8,0,-1,13,2,6,-1,0,1,0,0,0,0,1,1,-1,1,1,24,5,-1,-1,-1,-1,2,E01026796,0,1
2025361539334,2025,361539334,1,9,0,-1,19,5,3,-1,0,0,0,0,0,0,1,1,-1,9,1,86,11,-1,-1,-1,-1,6,E01026612,0,1
2025361539334,2025,361539334,2,9,0,-1,3,5,3,-1,0,0,0,0,0,0,2,1,-1,9,1,79,11,-1,-1,-1,-1,9,E01026582,0,1
2025361539339,2025,361539339,1,17,0,-1,19,3,7,-1,0,8,0,0,0,0,2,1,-1,1,1,27,6,-1,-1,-1,-1,6,E01026451,0,3
2025361539339,2025,361539339,2,9,0,-1,19,7,3,-1,0,1,0,0,0,0,1,1,-1,2,1,29,6,-1,-1,-1,-1,7,E01026427,0,3
2025361539396,2025,361539396,1,20,0,-1,-1,-1,-1,-1,-1,-1,-1,-1,-1,0,-1,1,-1,6,3,-1,-1,-1,-1,-1,-1,-1,-1,0,-1
2025361539611,2025,361539611,1,1,0,-1,19,1,5,-1,0,1,0,0,0,0,1,1,-1,6,3,-1,-1,-1,-1,-1,-1,-1,-1,0,-1
2025361539703,2025,361539703,2,97,0,-1,19,2,6,-1,0,1,0,0,0,0,3,1,-1,1,1,42,7,-1,-1,-1,-1,4,E01030230,0,3
2025361539703,2025,361539703,1,9,0,-1,9,5,2,-1,0,1,0,0,0,0,3,1,-1,9,2,62,9,-1,-1,-1,-1,5,E01026935,0,1
2025361539943,2025,361539943,1,9,0,-1,7,-1,-1,-1,0,5,0,0,0,0,4,2,-1,9,1,57,9,-1,-1,-1,-1,3,E01026602,0,1
2025361540271,2025,361540271,2,9,0,-1,19,6,2,-1,0,0,0,0,0,0,1,1,-1,6,1,64,9,-1,-1,-1,-1,5,E01026491,0,1
2025361540271,2025,361540271,1,9,0,-1,4,2,6,-1,0,0,1,0,0,0,1,1,-1,2,1,19,4,-1,-1,-1,-1,5,E01026419,0,1
2025361540433,2025,361540433,1,9,0,-1,19,5,1,-1,0,0,2,9,7,0,1,1,-1,6,1,29,6,-1,-1,-1,-1,-1,-1,0,-1
2025361540515,2025,361540515,1,9,0,-1,19,2,1,-1,0,0,0,12,7,0,1,1,-1,6,1,30,6,-1,-1,-1,-1,4,E01026894,0,2
2025361540628,2025,361540628,1,9,0,-1,19,2,6,-1,0,0,0,12,1,0,1,1,-1,6,2,21,5,-1,-1,-1,-1,7,E01026885,0,1
2025361540695,2025,361540695,2,9,0,-1,19,2,6,-1,0,0,0,0,1,0,1,1,-1,6,1,49,8,-1,-1,-1,-1,8,E01026856,0,1
2025361540695,2025,361540695,1,21,5,-1,19,6,2,-1,0,0,1,0,0,0,1,1,-1,1,1,28,6,-1,-1,-1,-1,8,E01026895,0,3
2025361540883,2025,361540883,1,9,0,-1,3,4,7,-1,0,0,0,0,0,0,1,1,-1,9,2,34,6,-1,-1,-1,-1,4,E01026780,0,4
2025361540883,2025,361540883,2,9,0,-1,3,7,6,-1,0,0,0,0,0,0,1,2,-1,9,1,68,10,-1,-1,-1,-1,7,E01026883,0,1
2025361541251,2025,361541251,2,9,0,-1,19,4,8,-1,0,1,0,0,0,0,1,1,-1,6,2,79,11,-1,-1,-1,-1,7,E01026536,0,1
2025361541251,2025,361541251,1,9,0,-1,1,2,4,-1,0,6,0,0,0,0,1,1,-1,6,2,35,6,-1,-1,-1,-1,4,E01026925,0,1
2025361541251,2025,361541251,3,9,0,-1,19,6,8,-1,0,1,0,0,0,0,3,1,-1,6,2,31,6,-1,-1,-1,-1,10,E01026567,0,1
2025361541267,2025,361541267,1,9,0,-1,19,3,1,-1,0,8,0,0,0,0,1,1,-1,9,2,-1,-1,-1,-1,-1,-1,-1,-1,0,-1
2025361541267,2025,361541267,2,9,0,-1,19,7,3,-1,0,8,0,0,0,0,1,1,-1,6,2,-1,-1,-1,-1,-1,-1,2,E01035133,0,1
2025361541400,2025,361541400,2,9,0,-1,19,5,1,-1,0,8,0,0,0,0,4,1,-1,9,1,35,6,-1,-1,-1,-1,4,E01026645,0,1
2025361541400,2025,361541400,1,9,0,-1,4,7,3,-1,0,2,1,0,0,0,1,1,-1,9,1,74,10,-1,-1,-1,-1,5,E01026681,0,2
2025361541456,2025,361541456,2,1,0,-1,5,6,2,-1,0,8,0,0,0,0,2,1,-1,6,1,75,10,-1,-1,-1,-1,10,E01026838,0,1
2025361541456,2025,361541456,1,9,0,-1,5,6,2,-1,0,8,0,0,0,0,1,1,-1,1,1,63,9,-1,-1,-1,-1,6,E01026569,0,2
2025361541547,2025,361541547,1,9,0,-1,19,8,6,-1,0,0,0,0,0,0,4,9,-1,6,3,-1,-1,-1,-1,-1,-1,-1,-1,0,-1
2025361541869,2025,361541869,1,9,0,-1,19,3,7,-1,0,0,5,0,1,0,4,1,-1,9,2,28,6,-1,-1,-1,-1,5,E01026433,0,2
2025361542252,2025,361542252,2,9,0,-1,9,3,8,-1,0,0,0,0,0,0,3,1,-1,6,2,78,11,-1,-1,-1,-1,5,E01026712,0,1
2025361542252,2025,361542252,1,20,0,-1,9,7,3,-1,0,0,0,0,0,0,1,1,-1,1,1,27,6,-1,-1,-1,-1,6,E01034443,0,4
2025361542306,2025,361542306,2,9,0,-1,4,4,8,-1,0,0,0,0,0,0,2,1,-1,9,2,63,9,-1,-1,-1,-1,6,E01030064,0,4
2025361542306,2025,361542306,3,19,0,-1,4,4,8,-1,0,0,0,0,0,0,2,1,-1,9,1,62,9,-1,-1,-1,-1,6,E01026569,0,1
2025361542306,2025,361542306,1,9,0,-1,4,4,8,-1,0,0,0,0,0,0,1,1,-1,1,1,41,7,-1,-1,-1,-1,3,E01026602,0,4
2025361542350,2025,361542350,2,9,0,-1,2,0,0,-1,-1,0,0,0,0,0,2,1,-1,6,1,44,7,-1,-1,-1,-1,8,E01026587,0,1
2025361542350,2025,361542350,1,9,0,-1,19,-1,-1,-1,-1,0,0,0,0,0,1,1,-1,6,3,-1,-1,-1,-1,-1,-1,-1,-1,0,-1
2025361542368,2025,361542368,1,9,0,-1,19,2,6,-1,0,0,0,0,0,0,1,1,-1,2,2,28,6,-1,-1,-1,-1,5,E01026512,0,3
2025361542368,2025,361542368,3,9,0,-1,19,2,6,-1,0,0,0,0,0,0,1,1,-1,1,1,49,8,-1,-1,-1,-1,9,E01026544,0,2
2025361542368,2025,361542368,6,9,0,-1,19,2,6,-1,0,0,0,0,0,0,1,1,-1,2,1,36,7,-1,-1,-1,-1,9,E01026546,0,2
2025361542368,2025,361542368,4,9,0,-1,19,2,6,-1,0,0,0,0,0,0,2,1,-1,1,1,37,7,-1,-1,-1,-1,7,E01026517,0,2
2025361542368,2025,361542368,5,9,0,-1,19,2,6,-1,0,0,0,0,0,0,2,1,-1,6,1,24,5,-1,-1,-1,-1,10,E01026506,0,2
2025361542368,2025,361542368,2,9,0,-1,19,2,6,-1,0,0,0,0,0,0,1,1,-1,6,1,40,7,-1,-1,-1,-1,6,E01026549,0,3
2025361542667,2025,361542667,2,9,0,-1,4,-1,-1,-1,0,9,0,0,0,0,2,1,-1,6,2,55,8,-1,-1,-1,-1,2,E01030248,0,4
2025361542667,2025,361542667,1,9,0,-1,4,-1,-1,-1,0,9,0,0,0,0,1,1,-1,6,2,29,6,-1,-1,-1,-1,6,E01026449,0,4
2025361542800,2025,361542800,1,97,-1,-1,-1,-1,-1,-1,-1,0,-1,-1,-1,0,-1,1,-1,6,1,-1,-1,-1,-1,-1,-1,-1,-1,0,-1
2025361542807,2025,361542807,2,9,0,-1,3,7,3,-1,0,1,0,0,0,0,2,1,-1,6,1,60,9,-1,-1,-1,-1,4,E01026646,0,4
2025361542807,2025,361542807,3,9,0,-1,3,7,3,-1,0,1,0,0,0,0,2,1,-1,6,1,42,7,-1,-1,-1,-1,8,E01026849,0,3
2025361542807,2025,361542807,1,9,0,-1,19,7,3,-1,0,1,0,0,0,0,1,1,-1,6,1,60,9,-1,-1,-1,-1,3,E01026483,0,2
2025361543016,2025,361543016,1,11,0,-1,19,3,7,-1,0,0,1,0,0,0,1,1,-1,1,1,27,6,-1,-1,-1,-1,6,E01033541,0,4
2025361543016,2025,361543016,2,9,0,-1,19,7,3,-1,0,0,0,0,1,0,1,1,-1,6,1,29,6,-1,-1,-1,-1,3,E01026447,0,2
2025361543083,2025,361543083,1,9,0,-1,9,7,5,-1,0,1,0,0,0,0,3,1,-1,6,1,36,7,-1,-1,-1,-1,4,E01026905,0,2
2025361543083,2025,361543083,2,5,0,-1,19,3,7,-1,0,1,0,0,0,0,3,1,-1,2,1,39,7,-1,-1,-1,-1,8,E01026560,0,2
2025361543204,2025,361543204,1,9,0,-1,19,7,3,-1,0,0,2,0,8,4,3,1,-1,9,2,21,5,-1,-1,-1,-1,6,E01026534,0,2
2025361543367,2025,361543367,1,9,0,-1,19,3,7,-1,0,1,1,0,0,0,3,1,-1,9,2,17,4,-1,-1,-1,-1,6,E01026899,0,3
2025361543518,2025,361543518,1,3,0,-1,19,7,3,-1,0,0,1,11,0,0,1,1,-1,9,1,40,7,-1,-1,-1,-1,3,E01026775,0,4
2025361543576,2025,361543576,1,9,0,-1,19,6,3,-1,0,0,1,10,1,10,1,1,-1,2,1,56,9,-1,-1,-1,-1,3,E01034768,0,1
2025361543625,2025,361543625,1,9,0,-1,-1,-1,-1,-1,0,-1,-1,-1,-1,0,-1,9,-1,6,3,-1,-1,-1,-1,-1,-1,-1,-1,0,-1
2025361543625,2025,361543625,2,9,0,-1,3,-1,-1,-1,0,3,1,0,0,0,3,1,-1,9,2,44,7,-1,-1,-1,-1,10,E01026915,0,2
2025361543669,2025,361543669,2,3,0,-1,5,7,4,-1,0,8,0,0,0,0,1,1,-1,6,1,32,6,-1,-1,-1,-1,2,E01026858,0,1
2025361543669,2025,361543669,1,9,0,-1,5,1,4,-1,0,4,0,0,0,0,3,1,-1,6,1,39,7,-1,-1,-1,-1,2,E01026821,0,1
2025361543673,2025,361543673,1,9,0,-1,19,6,2,-1,0,0,0,0,1,0,2,1,-1,6,1,73,10,-1,-1,-1,-1,3,E01026775,0,1
2025361543673,2025,361543673,2,9,0,-1,2,0,0,-1,0,0,0,0,0,0,2,1,-1,6,-1,-1,-1,-1,-1,-1,-1,-1,-1,0,-1
2025361543862,2025,361543862,1,9,0,-1,19,2,6,-1,0,0,0,0,0,0,1,1,-1,1,1,40,7,-1,-1,-1,-1,8,E01026470,0,1
2025361543875,2025,361543875,2,9,0,-1,19,2,6,-1,0,0,5,0,1,9,1,1,-1,1,2,49,8,-1,-1,-1,-1,3,E01026719,0,1
2025361543875,2025,361543875,1,9,0,-1,19,4,2,-1,0,0,1,0,1,0,1,1,-1,6,1,39,7,-1,-1,-1,-1,-1,-1,0,-1
2025361544117,2025,361544117,1,9,0,-1,9,6,3,-1,0,6,0,0,0,0,3,1,-1,9,1,35,6,-1,-1,-1,-1,4,E01030225,0,1
2025361544117,2025,361544117,2,9,0,-1,19,3,7,-1,0,1,0,0,0,0,1,1,-1,9,2,58,9,-1,-1,-1,-1,6,E01030064,0,4
2025361544134,2025,361544134,1,19,0,-1,19,4,1,-1,0,2,1,0,7,0,4,1,-1,1,1,20,4,-1,-1,-1,-1,1,E01026666,0,4
2025361544134,2025,361544134,2,9,0,-1,19,7,3,-1,0,2,1,0,7,0,1,1,-1,9,2,49,8,-1,-1,-1,-1,6,E01026486,0,2
2025361544138,2025,361544138,1,3,0,-1,19,5,1,-1,0,1,2,0,0,0,0,1,-1,6,1,60,9,-1,-1,-1,-1,1,E01026598,0,1
2025361544169,2025,361544169,1,9,0,-1,9,4,7,-1,0,8,0,10,0,0,1,1,-1,9,2,94,11,-1,-1,-1,-1,9,E01026558,0,1
2025361544169,2025,361544169,2,19,0,-1,19,6,3,-1,0,8,0,10,1,0,3,1,-1,2,1,35,6,-1,-1,-1,-1,9,E01026558,0,1
2025361544234,2025,361544234,1,9,0,-1,19,1,5,-1,0,0,2,0,8,4,1,1,-1,9,1,35,6,-1,-1,-1,-1,10,E01026915,0,1
2025361544235,2025,361544235,1,9,0,-1,19,2,6,-1,0,0,0,0,0,0,1,1,-1,6,1,24,5,-1,-1,-1,-1,4,E01030208,0,4
2025361544235,2025,361544235,2,9,0,-1,19,6,2,-1,0,0,0,0,0,0,1,1,-1,6,1,43,7,-1,-1,-1,-1,9,E01026875,0,3
2025361544273,2025,361544273,2,9,0,-1,19,3,1,-1,0,1,0,0,0,0,4,1,-1,6,2,17,4,-1,-1,-1,-1,7,E01026528,0,1
2025361544273,2025,361544273,1,9,0,-1,19,5,1,-1,0,1,0,0,0,0,3,1,-1,2,1,44,7,-1,-1,-1,-1,5,E01026529,0,1
2025361544273,2025,361544273,3,9,0,-1,19,1,5,-1,0,1,0,0,0,0,3,1,-1,6,1,49,8,-1,-1,-1,-1,3,E01026792,0,1
2025361544316,2025,361544316,1,9,0,-1,19,3,5,-1,0,8,0,0,0,0,1,1,-1,9,1,20,4,-1,-1,-1,-1,5,E01026573,0,2
2025361544316,2025,361544316,2,9,0,-1,19,5,1,-1,0,8,0,0,0,0,3,1,-1,1,1,32,6,-1,-1,-1,-1,6,E01033435,0,2
2025361544320,2025,361544320,1,9,0,-1,19,1,5,-1,0,0,0,0,0,0,1,9,-1,6,2,63,9,-1,-1,-1,-1,3,E01026696,0,3
2025361544344,2025,361544344,2,9,0,-1,9,6,3,-1,0,0,0,0,0,0,2,1,-1,6,1,84,11,-1,-1,-1,-1,6,E01026774,0,1
2025361544344,2025,361544344,1,9,0,-1,19,5,1,-1,0,0,0,0,0,0,1,1,-1,2,2,21,5,-1,-1,-1,-1,5,E01026783,0,2
2025361544524,2025,361544524,2,9,0,-1,9,7,3,-1,0,6,0,0,0,0,3,1,-1,6,2,55,8,-1,-1,-1,-1,5,E01026445,0,1
2025361544524,2025,361544524,1,3,0,-1,13,5,1,-1,0,1,0,0,0,0,1,1,-1,6,1,29,6,-1,-1,-1,-1,3,E01026665,0,2
2025361544528,2025,361544528,3,9,0,-1,4,7,3,-1,0,0,0,0,0,0,2,1,-1,2,1,31,6,-1,-1,-1,-1,1,E01026624,0,3
2025361544528,2025,361544528,1,9,0,-1,19,7,3,-1,0,0,0,0,0,0,1,1,-1,2,1,24,5,-1,-1,-1,-1,5,E01026618,0,3
2025361544528,2025,361544528,2,9,0,-1,4,7,3,-1,0,0,0,0,0,0,2,1,-1,2,1,22,5,-1,-1,-1,-1,7,E01026593,0,3
2025361544952,2025,361544952,1,-1,0,-1,19,7,3,-1,0,0,0,0,0,0,1,1,-1,9,1,11,3,-1,-1,-1,-1,1,E01026793,1,1
2025361544962,2025,361544962,1,9,0,-1,20,1,5,-1,9,0,0,0,0,0,1,1,-1,9,2,68,10,-1,-1,-1,-1,2,E01026477,0,1
2025361544992,2025,361544992,1,9,0,-1,13,1,3,-1,0,0,2,10,7,4,1,1,-1,2,1,35,6,-1,-1,-1,-1,2,E01026596,0,4
2025361545089,2025,361545089,1,9,0,-1,13,7,3,-1,0,0,5,0,7,4,1,1,-1,9,2,26,6,-1,-1,-1,-1,2,E01026753,0,1
2025361545176,2025,361545176,2,9,0,-1,3,1,5,-1,0,0,0,0,0,0,2,1,-1,6,1,50,8,-1,-1,-1,-1,8,E01026917,0,1
2025361545176,2025,361545176,1,9,0,-1,5,1,5,-1,0,0,0,0,0,0,1,1,-1,6,2,69,10,-1,-1,-1,-1,8,E01026917,0,1
2025361545297,2025,361545297,1,9,0,-1,19,2,6,-1,0,1,0,0,1,0,2,1,-1,6,2,41,7,-1,-1,-1,-1,6,E01034771,0,3
2025361545297,2025,361545297,2,9,0,-1,19,4,2,-1,0,1,0,0,1,0,1,1,-1,6,2,22,5,-1,-1,-1,-1,6,E01026492,0,1
2025361545317,2025,361545317,1,10,0,-1,13,6,2,-1,2,0,0,0,0,0,4,1,-1,7,1,44,7,-1,-1,-1,-1,8,E01026849,0,2
2025361545317,2025,361545317,3,1,0,-1,19,6,2,-1,2,0,0,0,0,0,3,1,-1,2,1,49,8,-1,-1,-1,-1,9,E01035146,0,2
2025361545448,2025,361545448,1,19,0,-1,19,2,8,-1,0,0,0,0,0,0,3,1,-1,1,1,60,9,-1,-1,-1,-1,6,E01026255,0,3
2025361545531,2025,361545531,1,9,0,-1,5,1,7,-1,0,6,0,0,0,0,1,1,-1,6,1,59,9,-1,-1,-1,-1,9,E01026454,0,1
2025361545531,2025,361545531,3,9,0,-1,19,3,7,-1,0,1,0,0,0,0,2,1,-1,9,1,17,4,-1,-1,-1,-1,6,E01026496,0,3
2025361545531,2025,361545531,2,9,0,-1,19,3,7,-1,0,1,0,0,0,0,1,1,-1,6,1,73,10,-1,-1,-1,-1,3,E01026453,0,1
2025361545571,2025,361545571,1,9,0,-1,19,7,3,-1,0,0,0,0,1,0,1,1,-1,9,1,56,9,-1,-1,-1,-1,4,E01026713,0,1
2025361545571,2025,361545571,2,9,0,-1,19,3,6,-1,0,0,0,0,0,0,1,1,-1,9,1,25,5,-1,-1,-1,-1,5,E01026712,0,1
2025361545588,2025,361545588,1,9,0,-1,19,7,3,-1,0,0,0,0,0,0,1,1,-1,1,1,56,9,-1,-1,-1,-1,6,E01033435,0,3
2025361545588,2025,361545588,2,9,0,-1,3,7,3,-1,0,0,0,0,0,0,2,1,-1,1,1,30,6,-1,-1,-1,-1,10,E01026907,0,3
2025361545659,2025,361545659,3,9,0,-1,2,5,4,-1,0,0,0,11,0,0,2,1,-1,2,2,35,6,-1,-1,-1,-1,7,E01026673,0,2
2025361545659,2025,361545659,1,9,0,-1,19,5,7,-1,0,0,0,4,0,0,1,1,-1,9,2,84,11,-1,-1,-1,-1,5,E01026725,0,3
2025361545659,2025,361545659,4,9,0,-1,2,5,5,-1,0,0,0,0,0,0,2,1,-1,9,2,34,6,-1,-1,-1,-1,4,E01026705,0,3
2025361545659,2025,361545659,2,9,0,-1,2,5,7,-1,0,0,0,0,0,0,2,1,-1,2,1,39,7,-1,-1,-1,-1,3,E01034768,0,3
2025361545866,2025,361545866,1,19,0,-1,4,1,5,-1,0,1,0,0,0,0,1,1,-1,1,1,53,8,-1,-1,-1,-1,6,E01026924,0,2
2025361545866,2025,361545866,2,9,0,-1,4,1,5,-1,0,1,0,0,0,0,2,1,-1,9,2,48,8,-1,-1,-1,-1,2,E01026834,0,1
2025361545869,2025,361545869,1,9,0,-1,1,8,4,-1,0,0,0,0,0,0,2,1,-1,1,1,-1,-1,-1,-1,-1,-1,-1,-1,0,-1
2025361545869,2025,361545869,2,9,0,-1,19,4,8,-1,0,0,0,0,0,0,1,1,-1,1,2,34,6,-1,-1,-1,-1,5,E01026589,0,4
2025361546202,2025,361546202,1,9,0,-1,5,8,5,-1,0,1,0,0,0,0,1,1,-1,6,2,74,10,-1,-1,-1,-1,2,E01026791,0,1
2025361546218,2025,361546218,1,9,0,-1,19,1,5,-1,0,0,1,0,1,0,3,1,-1,9,1,31,6,-1,-1,-1,-1,9,E01021453,0,5
2025361546275,2025,361546275,2,9,0,-1,2,1,6,-1,0,0,2,0,1,0,2,1,-1,6,1,38,7,-1,-1,-1,-1,3,E01030131,0,4
2025361546275,2025,361546275,1,9,0,-1,19,1,5,-1,0,0,0,4,1,0,4,1,-1,9,2,27,6,-1,-1,-1,-1,5,E01018273,0,4
2025361546455,2025,361546455,1,9,0,-1,19,0,0,-1,0,0,0,0,0,0,1,1,-1,9,1,31,6,-1,-1,-1,-1,9,E01026839,0,1
2025361546952,2025,361546952,1,9,-1,-1,-1,7,4,-1,-1,0,-1,-1,-1,0,-1,1,-1,9,1,83,11,-1,-1,-1,-1,8,E01026560,0,2
2025361547067,2025,361547067,1,9,0,-1,5,5,1,-1,0,2,0,10,0,0,4,1,-1,9,2,21,5,-1,-1,-1,-1,3,E01033041,0,1
2025361547067,2025,361547067,2,9,0,-1,5,1,5,-1,0,8,0,0,0,0,1,1,-1,9,2,61,9,-1,-1,-1,-1,7,E01026490,0,1
2025361547079,2025,361547079,1,11,0,-1,2,0,0,-1,0,1,0,0,0,0,1,1,-1,1,1,74,10,-1,-1,-1,-1,2,E01026818,0,4
2025361547079,2025,361547079,3,9,0,-1,2,0,0,-1,-1,1,0,0,0,0,1,1,-1,2,1,48,8,-1,-1,-1,-1,5,E01026491,0,2
2025361547079,2025,361547079,2,9,0,-1,4,1,5,-1,-1,1,0,0,1,0,3,1,-1,2,1,40,7,-1,-1,-1,-1,5,E01026873,0,2