collision_index,collision_year,collision_ref_no,vehicle_reference,vehicle_type,towing_and_articulation,vehicle_manoeuvre_historic,vehicle_manoeuvre,vehicle_direction_from,vehicle_direction_to,vehicle_location_restricted_lane_historic,vehicle_location_restricted_lane,junction_location,skidding_and_overturning,hit_object_in_carriageway,vehicle_leaving_carriageway,hit_object_off_carriageway,first_point_of_impact,vehicle_left_hand_drive,journey_purpose_of_driver_historic,journey_purpose_of_driver,sex_of_driver,age_of_driver,age_band_of_driver,engine_capacity_cc,propulsion_code,age_of_vehicle,generic_make_model,driver_imd_decile,lsoa_of_driver,escooter_flag,driver_distance_banding
2025361584303,2025,361584303,1,9,0,-1,19,3,7,-1,0,0,0,0,0,0,4,1,-1,6,3,-1,-1,-1,-1,-1,-1,-1,-1,0,-1
2025361584348,2025,361584348,2,9,0,-1,9,1,7,-1,0,0,0,0,0,0,2,1,-1,9,2,40,7,-1,-1,-1,-1,-1,-1,0,-1
2025361584348,2025,361584348,1,97,0,-1,19,7,3,-1,0,0,1,0,1,0,2,1,-1,6,3,16,4,-1,-1,-1,-1,-1,-1,0,-1
2025361584396,2025,361584396,2,8,0,-1,3,7,3,-1,0,1,0,0,0,0,2,1,-1,1,1,80,11,-1,-1,-1,-1,3,E01030253,0,4
2025361584396,2025,361584396,1,1,0,-1,19,7,3,-1,0,1,0,0,0,0,1,1,-1,6,1,17,4,-1,-1,-1,-1,2,E01026829,0,1
2025361584530,2025,361584530,1,9,0,-1,19,5,1,-1,0,0,0,0,7,1,1,1,-1,9,2,29,6,-1,-1,-1,-1,3,E01026458,0,3
2025361584557,2025,361584557,1,9,0,-1,5,4,1,-1,0,6,0,0,0,0,1,1,-1,1,1,23,5,-1,-1,-1,-1,6,E01033036,0,1
2025361584557,2025,361584557,2,1,0,-1,19,1,5,-1,0,1,0,0,0,0,1,1,-1,1,1,42,7,-1,-1,-1,-1,5,E01033037,0,1
2025361584608,2025,361584608,2,19,0,-1,19,7,5,-1,0,0,0,0,0,0,1,1,-1,6,1,42,7,-1,-1,-1,-1,8,E01026578,0,1
2025361584608,2025,361584608,1,9,0,-1,19,6,2,-1,0,0,1,0,1,11,4,1,-1,6,1,18,4,-1,-1,-1,-1,8,E01017992,0,4
2025361584618,2025,361584618,1,3,0,-1,19,6,2,-1,0,1,0,0,0,0,1,1,-1,9,2,30,6,-1,-1,-1,-1,4,E01026925,0,3
2025361584618,2025,361584618,2,9,0,-1,19,6,3,-1,0,1,0,0,0,0,2,1,-1,2,2,25,5,-1,-1,-1,-1,9,E01035145,0,2
2025361584764,2025,361584764,1,9,0,-1,2,6,2,-1,-1,0,0,0,1,0,3,1,-1,9,1,40,7,-1,-1,-1,-1,1,E01026597,0,4
2025361584784,2025,361584784,2,1,0,-1,19,1,5,-1,0,0,0,0,0,0,2,1,-1,6,1,56,9,-1,-1,-1,-1,7,E01026545,0,1
2025361584784,2025,361584784,1,19,0,-1,19,1,5,-1,0,0,0,0,0,0,4,1,-1,2,1,31,6,-1,-1,-1,-1,4,E01026511,0,1
2025361584917,2025,361584917,1,8,0,-1,5,1,7,-1,0,1,0,0,0,0,1,1,-1,1,1,65,9,-1,-1,-1,-1,6,E01026842,0,1
2025361584917,2025,361584917,2,1,0,-1,19,1,7,-1,0,1,2,0,0,0,1,1,-1,9,1,20,4,-1,-1,-1,-1,5,E01026909,0,4
2025361585024,2025,361585024,1,9,0,-1,19,7,7,-1,0,1,0,0,0,0,1,1,-1,1,2,27,6,-1,-1,-1,-1,1,E01026826,0,4
2025361585024,2025,361585024,2,9,0,-1,19,7,4,-1,0,1,0,0,0,0,2,1,-1,2,1,28,6,-1,-1,-1,-1,1,E01026635,0,2
2025361585081,2025,361585081,1,9,0,-1,4,5,8,-1,0,0,0,0,0,0,2,1,-1,6,1,43,7,-1,-1,-1,-1,10,E01026812,0,1
2025361585081,2025,361585081,2,9,0,-1,4,5,8,-1,0,0,0,0,0,0,2,1,-1,6,1,55,8,-1,-1,-1,-1,4,E01026523,0,3
2025361585163,2025,361585163,1,5,0,-1,19,1,5,-1,0,0,0,0,0,0,1,1,-1,6,1,36,7,-1,-1,-1,-1,1,E01026809,0,2
2025361585205,2025,361585205,1,99,-1,-1,19,1,6,-1,-1,0,-1,-1,-1,0,-1,9,-1,6,3,-1,-1,-1,-1,-1,-1,-1,-1,0,-1
2025361585219,2025,361585219,2,-1,0,-1,19,1,5,-1,0,0,0,0,0,0,1,1,-1,6,2,13,3,-1,-1,-1,-1,3,E01026465,1,1
2025361585219,2025,361585219,1,9,0,-1,19,7,3,-1,0,0,0,0,0,0,1,1,-1,6,1,27,6,-1,-1,-1,-1,1,E01026467,0,1
2025361585294,2025,361585294,1,9,0,-1,19,6,8,-1,0,0,0,0,0,0,3,1,-1,9,1,36,7,-1,-1,-1,-1,8,E01026473,0,1
2025361585325,2025,361585325,1,9,0,-1,5,4,6,-1,0,0,0,0,0,0,1,1,-1,9,1,57,9,-1,-1,-1,-1,2,E01026488,0,4
2025361585325,2025,361585325,2,2,0,-1,5,5,1,-1,0,0,0,0,0,0,3,1,-1,9,1,23,5,-1,-1,-1,-1,8,E01026849,0,2
2025361585342,2025,361585342,2,9,0,-1,10,1,5,-1,0,0,0,0,0,0,3,1,-1,6,2,56,9,-1,-1,-1,-1,1,E01026808,0,1
2025361585342,2025,361585342,1,5,0,-1,19,1,5,-1,0,0,0,0,0,0,1,1,-1,6,1,35,6,-1,-1,-1,-1,8,E01026518,0,2
2025361585344,2025,361585344,1,-1,0,-1,19,4,8,-1,0,2,0,7,0,0,1,1,-1,9,2,20,4,-1,-1,-1,-1,2,E01026858,1,1
2025361585349,2025,361585349,2,9,0,-1,19,6,1,-1,0,0,0,0,0,0,3,1,-1,6,2,51,8,-1,-1,-1,-1,3,E01026639,0,4
2025361585349,2025,361585349,1,9,0,-1,19,4,1,-1,0,0,0,0,0,0,1,1,-1,6,1,32,6,-1,-1,-1,-1,8,E01026918,0,2
2025361585446,2025,361585446,2,9,0,-1,2,0,0,-1,0,1,0,0,0,0,4,1,-1,6,-1,-1,-1,-1,-1,-1,-1,-1,-1,0,-1
2025361585446,2025,361585446,1,1,0,-1,19,7,3,-1,0,1,0,4,0,0,1,1,-1,9,1,42,7,-1,-1,-1,-1,8,E01026840,0,1
2025361585701,2025,361585701,2,9,0,-1,19,6,2,-1,0,0,0,0,1,0,1,1,-1,6,1,38,7,-1,-1,-1,-1,4,E01026733,0,4
2025361585701,2025,361585701,1,9,0,-1,19,6,2,-1,0,0,0,0,0,0,1,1,-1,9,1,67,10,-1,-1,-1,-1,4,E01033438,0,3
2025361585731,2025,361585731,2,9,0,-1,19,1,5,-1,0,8,0,0,0,0,4,1,-1,9,1,61,9,-1,-1,-1,-1,4,E01026884,0,1
2025361585731,2025,361585731,1,9,0,-1,19,2,6,-1,0,2,0,0,0,0,1,1,-1,9,1,34,6,-1,-1,-1,-1,7,E01026910,0,2
2025361585916,2025,361585916,2,9,0,-1,4,8,4,-1,0,0,0,0,0,0,2,1,-1,9,2,22,5,-1,-1,-1,-1,9,E01026581,0,4
2025361585916,2025,361585916,1,9,0,-1,19,8,4,-1,0,0,0,0,0,0,1,1,-1,9,2,36,7,-1,-1,-1,-1,5,E01026777,0,4
2025361585916,2025,361585916,3,9,0,-1,4,8,5,-1,0,0,0,0,0,0,2,1,-1,9,2,39,7,-1,-1,-1,-1,3,E01018073,0,4
2025361585965,2025,361585965,1,9,-1,-1,-1,1,5,-1,-1,-1,-1,-1,-1,0,-1,9,-1,6,1,-1,-1,-1,-1,-1,-1,-1,-1,0,-1
2025361585965,2025,361585965,2,1,-1,-1,-1,1,5,-1,-1,-1,-1,-1,-1,-1,-1,1,-1,9,1,12,3,-1,-1,-1,-1,4,E01026643,0,1
2025361586002,2025,361586002,2,1,0,-1,19,7,3,-1,0,1,0,0,0,0,2,1,-1,6,2,32,6,-1,-1,-1,-1,9,E01026570,0,1
2025361586002,2025,361586002,1,9,0,-1,5,1,5,-1,0,6,0,0,0,0,1,1,-1,9,2,17,4,-1,-1,-1,-1,9,E01026546,0,1
2025361586085,2025,361586085,1,9,0,-1,9,2,6,-1,0,8,0,7,0,0,1,1,-1,9,2,35,6,-1,-1,-1,-1,2,E01035140,0,1
2025361586085,2025,361586085,2,9,0,-1,19,7,3,-1,0,8,0,0,0,0,1,1,-1,9,1,78,11,-1,-1,-1,-1,1,E01026826,0,1
2025361586106,2025,361586106,2,9,0,-1,19,1,5,-1,0,0,0,0,0,0,1,1,-1,9,1,60,9,-1,-1,-1,-1,1,E01026688,0,1
2025361586106,2025,361586106,1,9,0,-1,19,5,1,-1,0,0,0,0,0,0,1,1,-1,6,1,29,6,-1,-1,-1,-1,3,E01026665,0,2
2025361586117,2025,361586117,2,9,0,-1,10,8,6,-1,0,1,0,0,0,0,3,1,-1,2,1,24,5,-1,-1,-1,-1,10,E01026815,0,1
2025361586117,2025,361586117,1,4,0,-1,14,6,2,-1,0,1,5,0,0,0,1,1,-1,2,1,38,7,-1,-1,-1,-1,3,E01026426,0,4
2025361586139,2025,361586139,1,9,0,-1,9,3,1,-1,0,8,0,0,0,0,1,1,-1,6,1,76,11,-1,-1,-1,-1,8,E01026772,0,1
2025361586252,2025,361586252,1,9,0,-1,9,4,7,-1,0,8,0,0,0,0,1,1,-1,6,1,-1,-1,-1,-1,-1,-1,-1,-1,0,-1
2025361586252,2025,361586252,2,1,0,-1,19,7,4,-1,0,8,0,0,0,0,-1,1,-1,6,2,15,3,-1,-1,-1,-1,1,E01026635,0,1
2025361586295,2025,361586295,1,9,0,-1,19,1,5,-1,0,0,0,0,0,0,3,1,-1,6,1,82,11,-1,-1,-1,-1,7,E01026939,0,1
2025361586295,2025,361586295,2,1,0,-1,19,5,1,-1,0,0,2,0,0,0,3,1,-1,9,2,51,8,-1,-1,-1,-1,2,E01026821,0,3
2025361586355,2025,361586355,1,9,0,-1,9,1,6,-1,0,1,1,0,7,7,3,1,-1,1,1,44,7,-1,-1,-1,-1,1,E01026687,0,4
2025361586355,2025,361586355,2,20,0,-1,19,1,5,-1,0,1,1,0,7,7,4,1,-1,8,1,23,5,-1,-1,-1,-1,2,E01035133,0,1
2025361586362,2025,361586362,2,98,1,-1,19,5,1,-1,0,1,1,0,0,0,1,1,-1,1,1,56,9,-1,-1,-1,-1,7,E01026434,0,4
2025361586362,2025,361586362,1,9,4,-1,19,3,7,-1,0,1,3,0,0,0,4,1,-1,9,1,83,11,-1,-1,-1,-1,4,E01026444,0,2
2025361586385,2025,361586385,1,9,0,-1,19,4,8,-1,0,1,0,0,0,0,1,1,-1,6,2,50,8,-1,-1,-1,-1,-1,-1,0,-1
2025361586756,2025,361586756,1,19,0,-1,19,2,6,-1,0,0,0,0,0,0,1,1,-1,2,1,33,6,-1,-1,-1,-1,2,E01033237,0,5
2025361586756,2025,361586756,2,98,1,-1,4,2,6,-1,0,0,0,0,0,0,2,1,-1,1,1,51,8,-1,-1,-1,-1,6,E01026498,0,3
2025361587069,2025,361587069,2,9,0,-1,4,7,3,-1,0,0,0,0,0,0,2,1,-1,2,2,43,7,-1,-1,-1,-1,9,E01026454,0,3
2025361587069,2025,361587069,3,19,0,-1,4,7,3,-1,0,0,0,0,0,0,2,1,-1,2,2,23,5,-1,-1,-1,-1,7,E01026547,0,3
2025361587069,2025,361587069,1,19,0,-1,19,7,3,-1,0,0,0,0,0,0,1,1,-1,2,1,32,6,-1,-1,-1,-1,6,E01026496,0,4
2025361587114,2025,361587114,1,3,0,-1,13,7,4,-1,0,0,0,0,0,0,4,1,-1,2,1,19,4,-1,-1,-1,-1,5,E01026879,0,1
2025361587114,2025,361587114,2,9,0,-1,9,6,5,-1,0,0,0,0,0,0,3,1,-1,2,1,70,10,-1,-1,-1,-1,5,E01026879,0,1
2025361587130,2025,361587130,2,1,0,-1,3,7,3,-1,0,1,0,0,0,0,4,1,-1,6,1,83,11,-1,-1,-1,-1,4,E01030285,0,4
2025361587130,2025,361587130,1,19,0,-1,9,7,5,-1,0,1,0,0,0,0,3,1,-1,1,1,44,7,-1,-1,-1,-1,6,E01026629,0,4
2025361587158,2025,361587158,2,9,0,-1,19,5,1,-1,0,2,0,0,0,0,1,1,-1,2,2,40,7,-1,-1,-1,-1,4,E01026628,0,1
2025361587158,2025,361587158,1,9,0,-1,9,2,6,-1,0,2,0,0,0,0,1,1,-1,9,1,78,11,-1,-1,-1,-1,2,E01026630,0,2
2025361587215,2025,361587215,1,8,0,-1,5,3,5,-1,0,5,0,0,0,0,3,1,-1,1,1,41,7,-1,-1,-1,-1,1,E01026598,0,1
2025361587215,2025,361587215,2,5,0,-1,5,7,3,-1,0,5,0,0,0,0,1,1,-1,9,1,53,8,-1,-1,-1,-1,1,E01026595,0,1
2025361587222,2025,361587222,1,9,0,-1,9,4,1,-1,0,8,1,0,0,0,1,1,-1,9,2,82,11,-1,-1,-1,-1,7,E01026528,0,1
2025361587222,2025,361587222,2,21,0,-1,19,8,4,-1,0,1,1,0,0,0,1,1,-1,1,1,44,7,-1,-1,-1,-1,8,E01030043,0,4
2025361587378,2025,361587378,2,1,0,-1,11,7,1,-1,0,3,5,0,0,0,1,1,-1,2,1,54,8,-1,-1,-1,-1,10,E01026811,0,1
2025361587378,2025,361587378,1,9,0,-1,7,3,6,-1,0,4,0,0,0,0,1,1,-1,2,1,42,7,-1,-1,-1,-1,6,E01026842,0,1
2025361587423,2025,361587423,1,9,0,-1,9,5,2,-1,0,6,0,0,0,0,3,1,-1,6,1,76,11,-1,-1,-1,-1,7,E01026526,0,2
2025361587423,2025,361587423,2,9,0,-1,19,3,8,-1,0,1,0,0,0,0,1,1,-1,6,2,70,10,-1,-1,-1,-1,5,E01026491,0,4
2025361587585,2025,361587585,2,9,0,-1,2,0,0,-1,0,2,0,0,0,0,2,1,-1,2,2,52,8,-1,-1,-1,-1,5,E01026512,0,3
2025361587585,2025,361587585,1,9,0,-1,2,0,0,-1,0,1,0,0,0,0,1,1,-1,2,2,39,7,-1,-1,-1,-1,10,E01026907,0,4
2025361587605,2025,361587605,1,9,-1,-1,-1,-1,-1,-1,-1,0,-1,-1,-1,0,1,9,-1,6,3,-1,-1,-1,-1,-1,-1,-1,-1,0,-1
2025361587611,2025,361587611,1,9,0,-1,19,7,3,-1,4,5,0,0,0,0,1,1,-1,6,2,-1,-1,-1,-1,-1,-1,-1,-1,0,-1
2025361587611,2025,361587611,2,1,0,-1,19,7,3,-1,4,8,9,0,0,0,3,1,-1,7,1,14,3,-1,-1,-1,-1,6,E01026863,0,1
2025361587619,2025,361587619,1,9,0,-1,19,6,2,-1,0,0,0,0,0,0,1,1,-1,6,1,-1,-1,-1,-1,-1,-1,2,E01009751,0,5
2025361587631,2025,361587631,2,9,0,-1,9,2,3,-1,0,0,0,0,0,0,0,1,-1,9,-1,63,9,-1,-1,-1,-1,4,E01026697,0,2
2025361587631,2025,361587631,1,11,0,-1,19,6,2,-1,0,0,0,0,0,0,0,1,-1,1,2,51,8,-1,-1,-1,-1,3,E01026459,0,4
2025361587645,2025,361587645,1,9,0,-1,19,1,5,-1,0,0,0,0,0,0,1,1,-1,6,2,35,6,-1,-1,-1,-1,5,E01026485,0,1
2025361587688,2025,361587688,1,9,0,-1,9,7,5,-1,0,2,0,0,0,0,1,1,-1,6,2,43,7,-1,-1,-1,-1,7,E01026919,0,1
2025361587688,2025,361587688,2,3,0,-1,19,5,1,-1,0,1,0,0,0,0,4,1,-1,6,1,20,4,-1,-1,-1,-1,5,E01026940,0,2
2025361587768,2025,361587768,1,8,0,-1,9,7,6,-1,0,6,0,0,0,0,0,1,-1,1,1,66,10,-1,-1,-1,-1,9,E01026527,0,2
2025361587829,2025,361587829,2,9,0,-1,19,2,3,-1,0,0,0,0,0,0,2,1,-1,6,2,43,7,-1,-1,-1,-1,6,E01026629,0,3
2025361587829,2025,361587829,1,9,0,-1,19,2,8,-1,0,0,0,0,0,0,1,1,-1,6,3,-1,-1,-1,-1,-1,-1,-1,-1,0,-1
2025361587969,2025,361587969,2,5,0,-1,19,7,3,-1,0,8,1,0,7,0,1,1,-1,9,1,31,6,-1,-1,-1,-1,1,E01026688,0,3
2025361587969,2025,361587969,1,9,0,-1,9,2,7,-1,0,8,0,0,0,0,1,1,-1,6,1,78,11,-1,-1,-1,-1,5,E01026718,0,1
2025361588127,2025,361588127,1,9,0,-1,19,4,3,-1,0,0,0,0,0,0,1,2,-1,2,2,32,6,-1,-1,-1,-1,9,E01030067,0,3
2025361588127,2025,361588127,2,9,0,-1,19,3,3,-1,0,0,0,0,0,0,2,1,-1,2,1,34,6,-1,-1,-1,-1,6,E01026440,0,1
2025361588290,2025,361588290,1,9,0,-1,19,1,5,-1,0,8,0,0,3,4,1,1,-1,9,1,29,6,-1,-1,-1,-1,9,E01026692,0,1
2025361588375,2025,361588375,1,9,-1,-1,1,7,6,-1,0,0,0,0,0,0,2,9,-1,6,1,-1,-1,-1,-1,-1,-1,-1,-1,0,-1
2025361588448,2025,361588448,2,9,0,-1,19,3,7,-1,0,8,0,0,1,0,4,1,-1,9,1,29,6,-1,-1,-1,-1,7,E01030054,0,4
2025361588448,2025,361588448,1,9,0,-1,5,1,5,-1,0,8,0,0,0,0,1,1,-1,9,1,37,7,-1,-1,-1,-1,3,E01029938,0,3
2025361588508,2025,361588508,2,5,0,-1,19,7,3,-1,0,1,0,0,0,0,1,1,-1,9,1,44,7,-1,-1,-1,-1,6,E01026896,0,2
2025361588508,2025,361588508,1,9,0,-1,9,3,7,-1,0,5,0,0,7,0,4,1,-1,9,1,58,9,-1,-1,-1,-1,8,E01021546,0,4
2025361588796,2025,361588796,1,9,0,-1,5,4,6,-1,9,2,0,0,0,0,1,1,-1,7,1,56,9,-1,-1,-1,-1,-1,-1,0,-1
2025361588810,2025,361588810,2,9,0,-1,2,0,0,-1,0,2,0,0,0,0,3,1,-1,6,-1,-1,-1,-1,-1,-1,-1,-1,-1,0,-1
2025361588810,2025,361588810,1,9,0,-1,19,1,5,-1,0,1,0,0,0,0,1,1,-1,6,2,79,11,-1,-1,-1,-1,9,E01030268,0,3
2025361588815,2025,361588815,3,9,0,-1,3,2,5,-1,0,0,0,0,0,0,2,2,-1,6,1,45,7,-1,-1,-1,-1,4,E01026859,0,1
2025361588815,2025,361588815,1,20,0,-1,3,2,5,-1,0,0,0,0,0,0,1,2,-1,6,1,65,9,-1,-1,-1,-1,9,E01034766,0,2
2025361588815,2025,361588815,4,9,0,-1,3,1,5,-1,0,0,0,0,0,0,2,2,-1,6,1,44,7,-1,-1,-1,-1,2,E01026858,0,1
2025361588815,2025,361588815,2,19,0,-1,3,2,5,-1,0,0,0,0,0,0,2,2,-1,6,1,59,9,-1,-1,-1,-1,7,E01026517,0,2
2025361588816,2025,361588816,1,9,0,-1,4,8,4,-1,0,0,0,0,0,0,1,1,-1,6,1,35,6,-1,-1,-1,-1,5,E01030259,0,4
2025361588816,2025,361588816,2,9,0,-1,4,8,4,-1,0,0,0,0,0,0,2,1,-1,6,1,64,9,-1,-1,-1,-1,8,E01030242,0,4
2025361588816,2025,361588816,3,19,0,-1,4,8,4,-1,0,0,0,0,0,0,2,1,-1,6,1,38,7,-1,-1,-1,-1,7,E01026588,0,4
2025361588819,2025,361588819,1,9,0,-1,9,5,3,-1,0,8,0,0,0,0,-1,1,-1,6,2,82,11,-1,-1,-1,-1,2,E01026753,0,1
2025361588904,2025,361588904,1,9,0,-1,19,6,2,-1,0,1,0,0,0,0,1,1,-1,9,1,45,7,-1,-1,-1,-1,2,E01026488,0,3
2025361588904,2025,361588904,2,9,0,-1,7,6,8,-1,0,1,0,0,1,0,2,1,-1,9,1,34,6,-1,-1,-1,-1,6,W01000027,0,5
2025361588934,2025,361588934,1,9,0,-1,19,-1,-1,-1,0,0,0,0,0,0,-1,1,-1,6,2,54,8,-1,-1,-1,-1,7,E01026897,0,1
2025361588934,2025,361588934,2,1,0,-1,19,-1,-1,-1,0,0,0,0,0,0,-1,1,-1,6,1,31,6,-1,-1,-1,-1,7,E01026914,0,1
2025361589118,2025,361589118,3,9,0,-1,4,2,6,-1,0,0,0,0,0,0,2,1,-1,6,1,29,6,-1,-1,-1,-1,1,E01026625,0,1
2025361589118,2025,361589118,2,9,0,-1,4,2,6,-1,0,0,0,0,0,0,2,1,-1,6,1,74,10,-1,-1,-1,-1,6,E01030260,0,3
2025361589118,2025,361589118,1,9,0,-1,4,2,6,-1,0,0,0,0,0,0,2,1,-1,9,1,64,9,-1,-1,-1,-1,9,E01026513,0,3
2025361589133,2025,361589133,1,98,0,-1,19,6,3,-1,9,0,0,0,-1,0,1,9,-1,1,1,34,6,-1,-1,-1,-1,1,E01026867,0,4
2025361589138,2025,361589138,2,1,-1,-1,-1,-1,-1,-1,-1,-1,-1,-1,-1,0,-1,1,-1,6,1,41,7,-1,-1,-1,-1,5,E01026539,0,1
2025361589138,2025,361589138,1,9,0,-1,-1,-1,-1,-1,-1,-1,-1,-1,-1,0,-1,1,-1,6,3,-1,-1,-1,-1,-1,-1,-1,-1,0,-1
2025361589186,2025,361589186,1,9,0,-1,19,1,5,-1,0,0,5,0,1,0,1,1,-1,9,1,71,10,-1,-1,-1,-1,5,E01026783,0,3
2025361589205,2025,361589205,2,1,0,-1,9,1,5,-1,0,1,0,0,0,0,2,1,-1,9,1,12,3,-1,-1,-1,-1,9,E01026742,0,1
2025361589205,2025,361589205,1,9,0,-1,19,1,5,-1,0,1,0,0,0,0,1,9,-1,9,1,17,4,-1,-1,-1,-1,4,E01026743,0,1
2025361589291,2025,361589291,2,9,0,-1,19,1,5,-1,0,8,0,0,0,0,4,1,-1,9,1,85,11,-1,-1,-1,-1,5,E01026591,0,2
2025361589291,2025,361589291,1,9,0,-1,19,1,5,-1,0,8,0,0,0,0,1,1,-1,6,2,25,5,-1,-1,-1,-1,6,E01026555,0,4
2025361589424,2025,361589424,1,9,0,-1,7,7,1,-1,0,6,0,0,0,0,1,1,-1,9,1,17,4,-1,-1,-1,-1,3,E01026683,0,4
2025361589424,2025,361589424,2,9,0,-1,19,1,5,-1,0,1,0,0,0,0,1,1,-1,9,1,70,10,-1,-1,-1,-1,3,E01026694,0,1
2025361589449,2025,361589449,2,1,0,-1,19,3,7,-1,0,1,1,0,0,0,1,1,-1,6,1,49,8,-1,-1,-1,-1,-1,-1,0,-1
2025361589449,2025,361589449,1,9,0,-1,9,3,7,-1,0,2,0,0,0,0,1,1,-1,6,1,34,6,-1,-1,-1,-1,1,E01026848,0,1
2025361589534,2025,361589534,1,9,0,-1,19,5,1,-1,0,0,0,0,1,0,1,1,-1,9,2,81,11,-1,-1,-1,-1,7,E01001851,0,5
2025361589534,2025,361589534,2,9,0,-1,19,5,1,-1,0,0,0,0,0,0,2,1,-1,9,2,41,7,-1,-1,-1,-1,5,E01026442,0,2
2025361589725,2025,361589725,1,20,0,-1,19,6,3,-1,0,0,0,0,0,0,1,1,-1,1,1,21,5,-1,-1,-1,-1,4,E01026807,0,3
2025361589725,2025,361589725,2,9,0,-1,19,3,6,-1,0,0,0,0,0,0,1,1,-1,9,2,31,6,-1,-1,-1,-1,2,E01026596,0,4
2025361589778,2025,361589778,2,1,0,-1,-1,1,5,-1,-1,0,0,0,-1,0,3,1,-1,6,1,17,4,-1,-1,-1,-1,7,E01026515,0,2
2025361589778,2025,361589778,1,97,0,-1,-1,7,3,-1,-1,0,0,0,-1,0,1,1,-1,6,1,-1,-1,-1,-1,-1,-1,-1,-1,0,-1
2025361589969,2025,361589969,1,1,0,-1,19,3,7,-1,0,0,0,0,0,0,3,1,-1,6,1,27,6,-1,-1,-1,-1,4,E01026794,0,1
2025361589969,2025,361589969,2,9,0,-1,19,1,5,-1,0,0,0,0,0,0,1,2,-1,6,1,24,5,-1,-1,-1,-1,6,E01026863,0,1
2025361589991,2025,361589991,1,9,0,-1,19,1,5,-1,0,0,0,0,1,0,1,1,-1,9,1,82,11,-1,-1,-1,-1,9,E01026548,0,2
2025361590150,2025,361590150,1,9,0,-1,9,7,8,-1,0,8,0,0,0,0,1,1,-1,6,1,39,7,-1,-1,-1,-1,5,E01026428,0,1
2025361590150,2025,361590150,2,1,0,-1,19,5,1,-1,0,8,0,0,0,0,3,1,-1,9,1,29,6,-1,-1,-1,-1,5,E01026428,0,1
2025361590205,2025,361590205,1,9,0,-1,19,2,6,-1,0,0,0,0,0,0,4,1,-1,9,2,30,6,-1,-1,-1,-1,10,E01025902,0,5
2025361590205,2025,361590205,2,9,0,-1,19,4,8,-1,0,0,0,0,0,0,4,1,-1,9,2,63,9,-1,-1,-1,-1,4,E01026656,0,2
2025361590461,2025,361590461,2,9,0,-1,19,7,3,-1,0,8,0,0,0,0,3,1,-1,9,2,45,7,-1,-1,-1,-1,1,E01026626,0,1
2025361590461,2025,361590461,1,9,0,-1,19,6,3,-1,0,8,0,0,0,0,4,1,-1,9,2,63,9,-1,-1,-1,-1,10,E01035143,0,4
2025361590597,2025,361590597,2,19,0,-1,19,7,7,-1,0,1,0,0,0,0,1,1,-1,6,1,43,7,-1,-1,-1,-1,4,E01026749,0,3
2025361590597,2025,361590597,1,9,0,-1,19,3,3,-1,0,1,1,0,0,0,1,1,-1,6,1,55,8,-1,-1,-1,-1,2,E01026734,0,3
2025361590624,2025,361590624,1,3,0,-1,19,8,4,-1,0,0,1,0,1,0,1,1,-1,6,1,25,5,-1,-1,-1,-1,6,E01026446,0,3
2025361590739,2025,361590739,1,9,0,-1,9,5,3,-1,0,8,0,0,0,0,1,1,-1,9,2,51,8,-1,-1,-1,-1,3,E01026617,0,1
2025361590739,2025,361590739,2,97,0,-1,19,5,1,-1,0,8,0,0,0,0,1,1,-1,9,1,47,8,-1,-1,-1,-1,2,E01026601,0,1
2025361590801,2025,361590801,2,1,0,-1,19,3,7,-1,0,1,0,0,0,0,3,1,-1,6,1,45,7,-1,-1,-1,-1,9,E01026557,0,1
2025361590801,2025,361590801,1,9,0,-1,19,1,5,-1,0,1,0,0,0,0,1,1,-1,6,1,35,6,-1,-1,-1,-1,1,E01026848,0,1
2025361590927,2025,361590927,2,9,0,-1,19,8,4,-1,0,0,0,0,0,0,1,1,-1,9,2,55,8,-1,-1,-1,-1,8,E01026938,0,1
2025361590927,2025,361590927,1,5,0,-1,19,4,8,-1,0,0,0,0,0,0,1,1,-1,6,1,74,10,-1,-1,-1,-1,5,E01026790,0,4
2025361590928,2025,361590928,1,9,0,-1,19,6,2,-1,0,0,0,0,1,4,1,1,-1,9,1,78,11,-1,-1,-1,-1,4,E01026695,0,3
2025361590950,2025,361590950,2,9,0,-1,-1,-1,-1,-1,-1,0,-1,-1,-1,0,-1,1,-1,6,2,37,7,-1,-1,-1,-1,4,E01026660,0,1
2025361590950,2025,361590950,1,1,0,-1,-1,-1,-1,-1,-1,0,-1,-1,-1,0,-1,1,-1,6,1,17,4,-1,-1,-1,-1,2,E01033111,0,1
2025361591004,2025,361591004,1,9,0,-1,9,-1,-1,-1,0,8,0,0,0,0,3,1,-1,6,2,55,8,-1,-1,-1,-1,7,E01026556,0,2
2025361591004,2025,361591004,2,9,0,-1,19,-1,-1,-1,0,8,0,0,0,0,4,1,-1,6,2,31,6,-1,-1,-1,-1,10,E01026552,0,2
2025361591006,2025,361591006,1,5,0,-1,19,3,7,-1,0,8,0,0,0,0,4,1,-1,9,1,39,7,-1,-1,-1,-1,10,E01026906,0,2
2025361591006,2025,361591006,2,9,0,-1,9,3,7,-1,0,8,0,0,0,0,3,1,-1,9,1,24,5,-1,-1,-1,-1,4,E01028546,0,5
2025361591096,2025,361591096,1,9,0,-1,9,-1,-1,-1,0,1,1,11,0,0,-1,1,-1,6,1,30,6,-1,-1,-1,-1,6,E01035553,0,5