collision_index,collision_year,collision_ref_no,vehicle_reference,vehicle_type,towing_and_articulation,vehicle_manoeuvre_historic,vehicle_manoeuvre,vehicle_direction_from,vehicle_direction_to,vehicle_location_restricted_lane_historic,vehicle_location_restricted_lane,junction_location,skidding_and_overturning,hit_object_in_carriageway,vehicle_leaving_carriageway,hit_object_off_carriageway,first_point_of_impact,vehicle_left_hand_drive,journey_purpose_of_driver_historic,journey_purpose_of_driver,sex_of_driver,age_of_driver,age_band_of_driver,engine_capacity_cc,propulsion_code,age_of_vehicle,generic_make_model,driver_imd_decile,lsoa_of_driver,escooter_flag,driver_distance_banding
2025361591111,2025,361591111,1,9,0,-1,19,3,7,-1,0,0,1,0,8,4,1,1,-1,6,1,20,4,-1,-1,-1,-1,8,E01026671,0,3
2025361591118,2025,361591118,1,5,0,-1,19,7,4,-1,0,0,2,10,0,0,4,1,-1,6,1,19,4,-1,-1,-1,-1,5,E01026430,0,4
2025361591179,2025,361591179,2,5,0,-1,19,6,1,-1,0,0,0,0,0,0,4,1,-1,9,1,56,9,-1,-1,-1,-1,2,E01026734,0,2
2025361591179,2025,361591179,1,9,0,-1,9,7,5,-1,0,0,0,0,0,0,1,1,-1,9,1,79,11,-1,-1,-1,-1,4,E01034774,0,2
2025361591542,2025,361591542,2,5,0,-1,9,5,1,-1,0,1,0,0,0,0,3,1,-1,9,1,25,5,-1,-1,-1,-1,4,E01026905,0,2
2025361591542,2025,361591542,1,9,0,-1,13,5,1,-1,0,1,0,0,0,0,1,1,-1,9,2,73,10,-1,-1,-1,-1,5,E01026940,0,2
2025361591631,2025,361591631,2,9,0,-1,19,7,3,-1,0,0,0,0,0,0,2,1,-1,9,1,67,10,-1,-1,-1,-1,9,E01025886,0,5
2025361591631,2025,361591631,1,3,0,-1,19,7,3,-1,0,0,0,0,0,0,1,1,-1,6,1,17,4,-1,-1,-1,-1,-1,-1,0,-1
2025361591634,2025,361591634,1,9,0,-1,5,3,7,-1,0,6,0,0,0,0,1,1,-1,6,1,19,4,-1,-1,-1,-1,6,E01018035,0,4
2025361591634,2025,361591634,2,9,0,-1,19,1,5,-1,0,1,0,0,0,0,1,1,-1,6,1,61,9,-1,-1,-1,-1,5,E01015865,0,5
2025361591678,2025,361591678,1,9,0,-1,7,7,5,-1,0,0,5,0,1,2,1,1,-1,9,1,60,9,-1,-1,-1,-1,4,E01035138,0,1
2025361591733,2025,361591733,1,90,0,-1,19,5,1,-1,0,0,0,0,0,0,2,1,-1,6,1,62,9,-1,-1,-1,-1,6,E01026534,0,1
2025361591857,2025,361591857,1,9,0,-1,10,8,4,-1,0,8,0,0,0,0,1,1,-1,9,2,19,4,-1,-1,-1,-1,7,E01026436,0,2
2025361591857,2025,361591857,2,9,0,-1,19,5,1,-1,0,8,0,0,0,0,1,1,-1,9,2,39,7,-1,-1,-1,-1,7,E01026434,0,3
2025361592126,2025,361592126,2,9,0,-1,19,4,7,-1,0,0,0,0,0,0,1,1,-1,9,2,52,8,-1,-1,-1,-1,4,E01026749,0,3
2025361592126,2025,361592126,1,9,0,-1,19,7,4,-1,0,0,0,0,0,0,1,1,-1,2,2,51,8,-1,-1,-1,-1,5,E01026718,0,1
2025361592250,2025,361592250,2,9,0,-1,19,7,3,-1,0,8,0,0,0,0,3,1,-1,9,1,41,7,-1,-1,-1,-1,3,E01026483,0,2
2025361592250,2025,361592250,1,9,0,-1,19,2,6,-1,0,8,0,0,0,0,3,1,-1,9,2,17,4,-1,-1,-1,-1,5,E01026487,0,3
2025361592257,2025,361592257,1,9,0,-1,19,5,1,-1,0,1,0,0,0,0,1,1,-1,6,2,50,8,-1,-1,-1,-1,9,E01026691,0,1
2025361592257,2025,361592257,2,9,0,-1,19,1,5,-1,0,1,0,0,0,0,4,1,-1,6,1,50,8,-1,-1,-1,-1,8,E01026671,0,1
2025361592264,2025,361592264,1,9,3,-1,19,-1,-1,-1,99,0,0,0,0,0,9,1,-1,6,1,69,10,-1,-1,-1,-1,6,E01034574,0,4
2025361592264,2025,361592264,2,1,0,-1,19,-1,-1,-1,99,0,0,0,0,0,4,1,-1,6,1,59,9,-1,-1,-1,-1,4,E01026628,0,2
2025361592400,2025,361592400,1,9,0,-1,19,1,5,-1,0,0,0,0,0,0,1,1,-1,2,1,28,6,-1,-1,-1,-1,1,E01026819,0,1
2025361592467,2025,361592467,2,9,0,-1,9,5,3,-1,0,8,0,0,0,0,2,1,-1,9,1,41,7,-1,-1,-1,-1,4,E01026789,0,2
2025361592467,2025,361592467,1,9,0,-1,19,5,1,-1,0,8,0,0,0,0,1,1,-1,9,2,82,11,-1,-1,-1,-1,4,E01026733,0,3
2025361592558,2025,361592558,1,9,0,-1,9,5,3,-1,0,5,0,0,1,10,4,1,-1,2,2,35,6,-1,-1,-1,-1,4,E01026841,0,1
2025361592558,2025,361592558,2,9,0,-1,19,1,5,-1,0,1,0,0,1,10,1,1,-1,2,1,43,7,-1,-1,-1,-1,7,E01026903,0,3
2025361592627,2025,361592627,1,5,0,-1,19,5,1,-1,0,0,1,0,0,0,0,1,-1,9,1,49,8,-1,-1,-1,-1,5,E01026493,0,1
2025361592645,2025,361592645,1,1,0,-1,19,-1,-1,-1,0,0,9,4,0,0,3,1,-1,6,1,-1,-1,-1,-1,-1,-1,-1,-1,0,-1
2025361592645,2025,361592645,2,9,0,-1,2,0,0,-1,99,0,0,0,0,0,4,9,-1,6,3,-1,-1,-1,-1,-1,-1,-1,-1,0,-1
2025361592710,2025,361592710,2,9,0,-1,19,1,5,-1,0,0,2,0,1,0,1,1,-1,2,1,25,5,-1,-1,-1,-1,7,E01026436,0,2
2025361592710,2025,361592710,1,9,0,-1,19,5,1,-1,0,0,1,0,7,0,1,1,-1,2,2,45,7,-1,-1,-1,-1,2,E01026425,0,2
2025361592751,2025,361592751,1,19,0,-1,19,1,6,-1,0,0,0,0,1,0,1,1,-1,1,1,51,8,-1,-1,-1,-1,2,E01033040,0,4
2025361592874,2025,361592874,2,98,1,-1,5,5,1,-1,0,0,0,0,0,0,4,1,-1,1,1,26,6,-1,-1,-1,-1,9,E01026942,0,4
2025361592874,2025,361592874,1,9,0,-1,9,1,7,-1,0,0,0,0,0,0,4,1,-1,6,1,58,9,-1,-1,-1,-1,3,E01026632,0,1
2025361592975,2025,361592975,1,98,0,-1,19,-1,-1,-1,0,6,0,0,0,0,3,1,-1,6,1,81,11,-1,-1,-1,-1,8,E01026578,0,3
2025361592975,2025,361592975,2,19,0,-1,19,-1,-1,-1,0,8,0,0,0,0,1,1,-1,1,2,34,6,-1,-1,-1,-1,8,E01026918,0,2
2025361593015,2025,361593015,3,9,0,-1,2,0,0,-1,-1,0,-1,-1,-1,0,-1,9,-1,9,2,35,6,-1,-1,-1,-1,2,E01026601,0,1
2025361593015,2025,361593015,1,10,0,-1,2,0,0,-1,0,0,0,0,0,0,1,1,-1,6,1,48,8,-1,-1,-1,-1,5,E01026618,0,1
2025361593115,2025,361593115,2,9,0,-1,19,4,8,-1,0,8,1,0,0,0,1,1,-1,9,2,26,6,-1,-1,-1,-1,2,E01030264,0,4
2025361593115,2025,361593115,1,9,0,-1,9,7,8,-1,0,6,0,0,0,0,1,1,-1,2,1,50,8,-1,-1,-1,-1,2,E01002564,0,5
2025361593290,2025,361593290,1,9,0,-1,19,5,8,-1,0,1,0,0,3,0,1,1,-1,2,1,37,7,-1,-1,-1,-1,5,E01026433,0,3
2025361593354,2025,361593354,1,9,0,-1,4,2,2,-1,0,1,1,0,0,0,1,1,-1,9,2,38,7,-1,-1,-1,-1,6,E01026637,0,2
2025361593354,2025,361593354,2,9,0,-1,19,6,2,-1,0,2,0,0,0,0,1,1,-1,9,1,74,10,-1,-1,-1,-1,9,E01026582,0,3
2025361593483,2025,361593483,2,9,0,-1,19,8,4,-1,0,8,0,0,0,0,1,1,-1,2,1,31,6,-1,-1,-1,-1,9,E01035148,0,4
2025361593483,2025,361593483,1,9,0,-1,7,2,6,-1,0,6,0,0,0,0,1,1,-1,9,1,41,7,-1,-1,-1,-1,6,E01026452,0,1
2025361593653,2025,361593653,1,9,0,-1,3,1,5,-1,0,0,0,0,0,0,1,1,-1,9,1,56,9,-1,-1,-1,-1,8,E01026461,0,1
2025361593653,2025,361593653,2,9,0,-1,8,5,1,-1,0,0,0,0,0,0,4,1,-1,2,1,38,7,-1,-1,-1,-1,8,E01026461,0,1
2025361593657,2025,361593657,1,9,0,-1,-1,-1,-1,-1,-1,-1,-1,-1,-1,0,-1,9,-1,6,3,-1,-1,-1,-1,-1,-1,-1,-1,0,-1
2025361593657,2025,361593657,2,1,0,-1,-1,-1,-1,-1,-1,-1,-1,-1,-1,0,-1,1,-1,6,1,16,4,-1,-1,-1,-1,-1,-1,0,-1
2025361593743,2025,361593743,2,97,0,-1,19,3,7,-1,0,0,0,0,0,0,1,1,-1,6,1,30,6,-1,-1,-1,-1,1,E01026597,0,4
2025361593743,2025,361593743,1,9,0,-1,5,7,3,-1,0,0,0,0,0,0,4,9,-1,6,2,38,7,-1,-1,-1,-1,3,E01026825,0,1
2025361593764,2025,361593764,1,9,0,-1,19,7,3,-1,0,0,1,0,4,0,4,1,-1,9,2,67,10,-1,-1,-1,-1,6,E01030240,0,4
2025361593764,2025,361593764,2,9,0,-1,19,7,3,-1,0,0,0,0,0,0,3,1,-1,9,1,80,11,-1,-1,-1,-1,9,E01024146,0,5
2025361593840,2025,361593840,2,9,0,-1,7,4,6,-1,0,0,0,0,0,0,1,1,-1,9,1,33,6,-1,-1,-1,-1,8,E01026578,0,1
2025361593840,2025,361593840,1,19,0,-1,9,6,4,-1,0,0,0,0,0,0,1,1,-1,1,1,52,8,-1,-1,-1,-1,6,E01026769,0,2
2025361593895,2025,361593895,1,9,0,-1,19,1,3,-1,0,0,0,0,0,0,4,1,-1,6,2,38,7,-1,-1,-1,-1,10,E01026811,0,1
2025361593942,2025,361593942,2,19,0,-1,4,7,3,-1,0,0,0,0,0,0,3,1,-1,9,1,54,8,-1,-1,-1,-1,8,E01035150,0,4
2025361593942,2025,361593942,1,9,0,-1,19,7,3,-1,0,0,0,4,0,0,1,1,-1,6,3,-1,-1,-1,-1,-1,-1,-1,-1,0,-1
2025361593991,2025,361593991,1,9,0,-1,7,1,3,-1,0,6,0,0,0,0,1,1,-1,9,2,61,9,-1,-1,-1,-1,9,E01026537,0,2
2025361593991,2025,361593991,2,1,0,-1,19,7,3,-1,0,8,5,0,0,0,9,1,-1,6,2,-1,-1,-1,-1,-1,-1,3,E01026825,0,1
2025361594026,2025,361594026,2,9,0,-1,19,3,7,-1,0,0,0,0,0,0,3,1,-1,6,1,21,5,-1,-1,-1,-1,3,E01026639,0,2
2025361594026,2025,361594026,3,9,0,-1,19,3,7,-1,0,0,0,0,0,0,3,1,-1,6,2,21,5,-1,-1,-1,-1,2,E01026600,0,1
2025361594272,2025,361594272,2,19,0,-1,4,1,2,-1,0,0,0,0,0,0,3,1,-1,6,1,44,7,-1,-1,-1,-1,9,E01026454,0,1
2025361594272,2025,361594272,1,9,0,-1,7,7,6,-1,0,0,1,0,0,0,3,1,-1,6,1,21,5,-1,-1,-1,-1,4,E01026705,0,4
2025361594296,2025,361594296,1,9,0,-1,9,6,4,-1,0,8,0,0,0,0,4,1,-1,6,1,54,8,-1,-1,-1,-1,6,E01026440,0,3
2025361594296,2025,361594296,2,9,0,-1,19,2,6,-1,0,1,0,0,0,0,1,1,-1,6,1,38,7,-1,-1,-1,-1,5,E01026493,0,1
2025361594371,2025,361594371,1,9,0,-1,9,3,1,-1,0,8,0,0,0,0,4,1,-1,6,1,47,8,-1,-1,-1,-1,8,E01026518,0,2
2025361594371,2025,361594371,2,1,0,-1,19,7,3,-1,0,8,5,0,0,0,1,1,-1,9,1,32,6,-1,-1,-1,-1,4,E01033438,0,1
2025361594389,2025,361594389,1,9,0,-1,7,7,3,-1,0,4,0,0,1,0,1,1,-1,6,2,37,7,-1,-1,-1,-1,1,E01026690,0,1
2025361594389,2025,361594389,2,9,0,-1,19,6,3,-1,0,8,0,0,0,0,4,1,-1,6,1,23,5,-1,-1,-1,-1,5,E01026647,0,1
2025361594606,2025,361594606,2,9,0,-1,3,5,1,-1,0,0,0,0,0,0,2,1,-1,9,2,29,6,-1,-1,-1,-1,6,E01026535,0,2
2025361594606,2025,361594606,1,9,0,-1,19,5,1,-1,0,0,9,0,0,0,1,1,-1,6,2,23,5,-1,-1,-1,-1,4,E01026823,0,1
2025361594866,2025,361594866,1,9,0,-1,19,1,7,-1,0,1,0,0,1,0,-1,9,-1,6,3,-1,-1,-1,-1,-1,-1,-1,-1,0,-1
2025361594866,2025,361594866,2,1,0,-1,19,1,5,-1,0,8,1,0,0,0,1,1,-1,1,1,23,5,-1,-1,-1,-1,6,E01026862,0,1
2025361594915,2025,361594915,2,9,0,-1,19,6,2,-1,0,0,0,0,0,0,1,1,-1,6,1,39,7,-1,-1,-1,-1,4,E01000472,0,5
2025361594915,2025,361594915,1,9,0,-1,19,2,6,-1,0,0,0,0,0,0,1,1,-1,6,1,39,7,-1,-1,-1,-1,10,E01035141,0,2
2025361595002,2025,361595002,1,9,0,-1,19,6,2,-1,0,0,0,4,0,0,1,1,-1,9,1,77,11,-1,-1,-1,-1,2,E01026844,0,1
2025361595002,2025,361595002,2,9,4,-1,2,0,0,-1,0,0,0,0,0,0,2,1,-1,6,-1,-1,-1,-1,-1,-1,-1,-1,-1,0,-1
2025361595081,2025,361595081,2,9,0,-1,3,5,1,-1,0,1,0,0,0,0,2,1,-1,9,1,66,10,-1,-1,-1,-1,5,E01026703,0,4
2025361595081,2025,361595081,1,3,0,-1,19,5,1,-1,0,1,0,0,0,0,1,1,-1,6,2,20,4,-1,-1,-1,-1,5,E01026751,0,2
2025361595516,2025,361595516,1,9,0,-1,5,5,1,-1,0,8,0,0,0,0,3,1,-1,9,1,71,10,-1,-1,-1,-1,5,E01026618,0,1
2025361595516,2025,361595516,2,9,0,-1,19,3,7,-1,0,8,0,0,0,0,4,1,-1,6,2,35,6,-1,-1,-1,-1,1,E01030250,0,3
2025361595533,2025,361595533,2,9,0,-1,19,5,1,-1,0,0,0,0,0,0,2,1,-1,2,1,40,7,-1,-1,-1,-1,3,E01026621,0,1
2025361595533,2025,361595533,1,9,0,-1,15,5,1,-1,0,0,5,7,1,10,1,1,-1,6,1,62,9,-1,-1,-1,-1,5,E01026618,0,1
2025361595786,2025,361595786,2,9,0,-1,19,7,3,-1,0,0,0,0,0,0,1,1,-1,6,2,71,10,-1,-1,-1,-1,5,E01030053,0,2
2025361595786,2025,361595786,1,9,0,-1,19,3,7,-1,0,0,0,0,0,0,1,1,-1,6,3,26,6,-1,-1,-1,-1,-1,-1,0,-1
2025361595841,2025,361595841,2,9,0,-1,2,-1,-1,-1,0,2,0,0,0,0,2,1,-1,2,1,28,6,-1,-1,-1,-1,2,E01026865,0,1
2025361595841,2025,361595841,1,9,0,-1,-1,-1,-1,-1,-1,-1,-1,-1,-1,0,-1,9,-1,6,2,93,11,-1,-1,-1,-1,9,E01034766,0,1
2025361595893,2025,361595893,1,9,0,-1,9,2,3,-1,0,0,0,0,0,0,4,1,-1,9,2,62,9,-1,-1,-1,-1,6,E01002335,0,5
2025361595893,2025,361595893,2,9,0,-1,19,2,6,-1,0,0,0,0,0,0,1,1,-1,2,-1,21,5,-1,-1,-1,-1,6,E01030064,0,2
2025361596066,2025,361596066,1,9,3,-1,19,7,3,-1,0,0,0,0,0,0,0,1,-1,6,1,38,7,-1,-1,-1,-1,-1,-1,0,-1
2025361596066,2025,361596066,2,19,0,-1,19,3,7,-1,0,0,0,0,0,0,1,1,-1,6,1,47,8,-1,-1,-1,-1,6,E01026615,0,1
2025361596293,2025,361596293,1,9,0,-1,19,6,7,-1,0,2,0,0,0,0,1,1,-1,6,1,37,7,-1,-1,-1,-1,8,E01026849,0,2
2025361596293,2025,361596293,4,9,0,-1,3,2,2,-1,0,1,1,4,0,0,1,1,-1,9,2,28,6,-1,-1,-1,-1,7,E01033441,0,2
2025361596293,2025,361596293,2,9,0,-1,9,5,8,-1,0,2,0,4,0,0,2,1,-1,9,1,46,8,-1,-1,-1,-1,10,E01035149,0,2
2025361596293,2025,361596293,3,9,0,-1,3,2,2,-1,0,1,0,0,0,0,3,1,-1,9,1,55,8,-1,-1,-1,-1,6,E01030057,0,4
2025361596362,2025,361596362,1,5,0,-1,13,7,3,-1,0,1,0,0,0,0,1,1,-1,9,1,20,4,-1,-1,-1,-1,1,E01026800,0,2
2025361596362,2025,361596362,2,9,0,-1,9,5,2,-1,0,8,0,0,0,0,3,1,-1,9,2,46,8,-1,-1,-1,-1,7,E01026556,0,2
2025361596480,2025,361596480,2,9,0,-1,10,6,2,-1,0,8,0,0,0,0,2,1,-1,9,1,40,7,-1,-1,-1,-1,6,E01021298,0,5
2025361596480,2025,361596480,1,9,0,-1,19,6,2,-1,0,1,0,0,0,0,1,1,-1,9,2,73,10,-1,-1,-1,-1,10,E01018198,0,4
2025361597007,2025,361597007,1,9,0,-1,19,3,7,-1,0,0,0,0,0,0,1,1,-1,9,1,81,11,-1,-1,-1,-1,6,E01005395,0,5
2025361597007,2025,361597007,2,1,0,-1,19,3,7,-1,0,0,0,0,0,0,2,1,-1,9,1,62,9,-1,-1,-1,-1,4,E01026784,0,1
2025361597105,2025,361597105,1,9,0,-1,19,1,7,-1,0,1,0,0,0,0,4,1,-1,6,2,40,7,-1,-1,-1,-1,7,E01026427,0,1
2025361597105,2025,361597105,2,5,0,-1,19,5,1,-1,0,1,0,0,0,0,1,1,-1,9,1,42,7,-1,-1,-1,-1,7,E01026420,0,3
2025361597127,2025,361597127,1,19,0,-1,9,7,5,-1,0,1,0,0,0,0,1,1,-1,9,1,53,8,-1,-1,-1,-1,9,E01026852,0,1
2025361597127,2025,361597127,2,9,0,-1,19,3,7,-1,0,1,0,0,0,0,3,1,-1,2,2,21,5,-1,-1,-1,-1,7,E01026883,0,1
2025361597179,2025,361597179,1,3,0,-1,19,1,5,-1,0,0,0,0,0,0,1,1,-1,9,1,40,7,-1,-1,-1,-1,3,E01026763,0,2
2025361597209,2025,361597209,1,3,0,-1,13,7,3,-1,0,0,5,0,0,0,1,1,-1,6,1,17,4,-1,-1,-1,-1,4,E01026741,0,2
2025361597209,2025,361597209,2,9,0,-1,19,3,7,-1,0,0,0,0,0,0,1,1,-1,6,2,30,6,-1,-1,-1,-1,5,E01026739,0,3
2025361597353,2025,361597353,1,9,0,-1,19,7,3,-1,0,0,0,0,0,0,0,1,-1,6,2,49,8,-1,-1,-1,-1,5,E01026679,0,3
2025361597428,2025,361597428,2,5,0,-1,5,1,5,-1,0,2,2,0,0,0,3,1,-1,6,1,61,9,-1,-1,-1,-1,6,E01026441,0,4
2025361597428,2025,361597428,1,9,0,-1,5,8,6,-1,0,2,0,0,0,0,4,9,-1,6,1,-1,-1,-1,-1,-1,-1,-1,-1,0,-1
2025361597431,2025,361597431,1,9,0,-1,19,1,5,-1,0,0,2,10,7,0,1,1,-1,9,1,27,6,-1,-1,-1,-1,6,E01026492,0,1
2025361597431,2025,361597431,2,9,0,-1,19,2,5,-1,0,0,0,0,0,0,0,1,-1,6,2,42,7,-1,-1,-1,-1,6,E01026492,0,1
2025361597468,2025,361597468,1,9,0,-1,7,5,7,-1,9,1,0,0,0,0,1,1,-1,9,2,42,7,-1,-1,-1,-1,-1,-1,0,-1
2025361597520,2025,361597520,1,9,0,-1,19,7,3,-1,0,0,0,0,0,0,1,1,-1,2,1,44,7,-1,-1,-1,-1,8,E01026931,0,1
2025361597547,2025,361597547,1,9,0,-1,19,8,3,-1,0,8,0,0,0,0,1,1,-1,6,1,31,6,-1,-1,-1,-1,2,E01026798,0,1
2025361597547,2025,361597547,2,1,0,-1,19,7,3,-1,0,8,0,0,0,0,1,1,-1,6,2,44,7,-1,-1,-1,-1,1,E01026832,0,1
2025361597674,2025,361597674,2,9,0,-1,4,7,3,-1,0,1,0,0,0,0,1,1,-1,6,1,51,8,-1,-1,-1,-1,2,E01018063,0,4
2025361597674,2025,361597674,1,9,0,-1,4,7,3,-1,0,8,0,0,0,0,2,1,-1,6,2,68,10,-1,-1,-1,-1,4,E01026823,0,4
2025361597773,2025,361597773,1,9,0,-1,19,5,2,-1,0,1,0,0,1,11,1,1,-1,9,1,22,5,-1,-1,-1,-1,3,E01021888,0,5
2025361597856,2025,361597856,2,9,0,-1,4,7,3,-1,0,0,0,0,0,0,2,1,-1,2,2,45,7,-1,-1,-1,-1,3,E01026719,0,1
2025361597856,2025,361597856,1,9,0,-1,4,7,3,-1,0,0,0,0,0,0,1,1,-1,2,2,25,5,-1,-1,-1,-1,3,E01026719,0,1
2025361598177,2025,361598177,1,9,0,-1,4,2,6,-1,0,1,5,0,0,0,1,1,-1,9,2,34,6,-1,-1,-1,-1,4,E01026523,0,2
2025361598177,2025,361598177,2,9,0,-1,2,2,6,-1,0,1,0,0,0,0,2,1,-1,9,1,59,9,-1,-1,-1,-1,5,E01026516,0,2
2025361598177,2025,361598177,3,9,0,-1,2,2,6,-1,0,1,0,0,0,0,2,1,-1,2,2,35,6,-1,-1,-1,-1,5,E01026737,0,2
2025361598293,2025,361598293,1,9,0,-1,19,6,2,-1,0,0,0,0,0,0,1,1,-1,6,1,46,8,-1,-1,-1,-1,5,E01026573,0,4
2025361598293,2025,361598293,2,9,0,-1,4,6,2,-1,0,0,1,0,0,0,2,1,-1,6,2,27,6,-1,-1,-1,-1,2,E01001432,0,5
2025361598353,2025,361598353,1,9,0,-1,5,8,4,-1,0,1,0,0,0,0,1,1,-1,6,2,60,9,-1,-1,-1,-1,8,E01026840,0,4
2025361598353,2025,361598353,2,3,0,-1,5,4,8,-1,0,1,0,0,0,0,1,1,-1,6,1,59,9,-1,-1,-1,-1,5,E01026745,0,1
2025361598424,2025,361598424,1,9,0,-1,9,8,6,-1,0,8,0,0,0,0,1,1,-1,6,1,26,6,-1,-1,-1,-1,4,E01026898,0,3
2025361598424,2025,361598424,2,4,0,-1,19,4,8,-1,0,8,0,0,0,0,1,1,-1,9,1,66,10,-1,-1,-1,-1,6,E01026616,0,1
2025361598529,2025,361598529,2,19,-1,-1,19,7,3,-1,0,0,0,0,0,0,3,1,-1,9,1,40,7,-1,-1,-1,-1,6,E01026842,0,2
2025361598529,2025,361598529,1,9,-1,-1,15,3,7,-1,0,0,0,0,0,0,3,9,-1,6,1,67,10,-1,-1,-1,-1,10,E01026927,0,3
2025361598547,2025,361598547,1,9,0,-1,19,2,6,-1,0,0,0,0,0,0,1,1,-1,9,2,34,6,-1,-1,-1,-1,10,E01026836,0,4
2025361598547,2025,361598547,2,19,0,-1,19,6,2,-1,0,0,0,0,1,0,1,1,-1,1,2,34,6,-1,-1,-1,-1,6,E01030232,0,4
2025361598622,2025,361598622,2,9,0,-1,19,2,6,-1,0,0,1,0,0,0,3,1,-1,9,2,45,7,-1,-1,-1,-1,10,E01026812,0,1
2025361598622,2025,361598622,1,9,0,-1,19,7,2,-1,0,0,1,0,0,0,1,1,-1,9,2,86,11,-1,-1,-1,-1,9,E01026857,0,1
2025361599086,2025,361599086,1,9,0,-1,19,1,5,-1,0,1,0,0,0,0,2,1,-1,9,2,73,10,-1,-1,-1,-1,3,E01026694,0,4
2025361599086,2025,361599086,2,9,0,-1,19,7,3,-1,0,1,0,0,0,0,1,1,-1,9,1,62,9,-1,-1,-1,-1,6,E01026701,0,2
2025361599428,2025,361599428,1,9,0,-1,19,4,2,-1,0,0,0,0,0,0,4,1,-1,9,1,70,10,-1,-1,-1,-1,7,E01026754,0,1
2025361599590,2025,361599590,2,9,0,-1,19,4,8,-1,0,0,1,0,0,0,1,1,-1,9,2,60,9,-1,-1,-1,-1,8,E01026930,0,1
2025361599590,2025,361599590,1,5,0,-1,19,2,6,-1,0,0,2,0,0,0,1,1,-1,9,1,44,7,-1,-1,-1,-1,-1,-1,0,-1
2025361599595,2025,361599595,2,9,0,-1,19,1,4,-1,0,0,0,0,0,0,1,1,-1,9,2,25,5,-1,-1,-1,-1,4,E01026743,0,1
2025361599595,2025,361599595,1,9,0,-1,19,4,1,-1,0,0,0,0,0,0,1,1,-1,9,1,77,11,-1,-1,-1,-1,4,E01026743,0,1
2025361599853,2025,361599853,2,9,0,-1,19,7,7,-1,0,0,0,0,0,0,1,1,-1,9,2,55,8,-1,-1,-1,-1,5,E01026512,0,1
2025361599853,2025,361599853,1,9,0,-1,19,7,3,-1,0,0,1,0,0,0,1,1,-1,9,2,58,9,-1,-1,-1,-1,5,E01026539,0,1
2025361599937,2025,361599937,1,9,0,-1,19,4,8,-1,0,0,0,0,0,0,1,1,-1,6,2,27,6,-1,-1,-1,-1,2,E01026600,0,1
2025361599940,2025,361599940,1,19,0,-1,19,8,4,-1,0,0,0,0,1,0,1,1,-1,2,2,60,9,-1,-1,-1,-1,6,E01026774,0,4
2025361599940,2025,361599940,2,9,0,-1,19,4,8,-1,0,0,0,0,1,0,1,1,-1,6,2,38,7,-1,-1,-1,-1,-1,-1,0,-1
2025361599983,2025,361599983,1,3,0,-1,19,5,8,-1,0,0,1,0,0,0,0,1,-1,6,1,16,4,-1,-1,-1,-1,6,E01026605,0,1
2025361600041,2025,361600041,1,9,0,-1,19,4,7,-1,0,0,0,0,1,0,1,1,-1,9,2,24,5,-1,-1,-1,-1,10,E01035143,0,3
2025361600041,2025,361600041,2,9,0,-1,19,7,4,-1,0,0,0,0,0,0,4,1,-1,9,1,31,6,-1,-1,-1,-1,4,E01030231,0,2
2025361600066,2025,361600066,1,9,0,-1,2,0,0,-1,0,0,0,0,0,0,1,1,-1,9,2,49,8,-1,-1,-1,-1,-1,-1,0,-1
2025361600119,2025,361600119,1,9,0,-1,19,2,6,-1,0,8,0,10,7,0,1,1,-1,6,1,36,7,-1,-1,-1,-1,-1,-1,0,-1
2025361600233,2025,361600233,1,9,0,-1,9,6,8,-1,0,0,0,0,0,0,3,1,-1,9,1,67,10,-1,-1,-1,-1,7,E01026893,0,1
2025361600233,2025,361600233,2,1,0,-1,19,8,4,-1,0,0,0,0,0,0,1,1,-1,9,2,53,8,-1,-1,-1,-1,4,E01026898,0,2
2025361600305,2025,361600305,1,9,0,-1,19,3,7,-1,0,1,1,0,0,0,1,1,-1,6,1,18,4,-1,-1,-1,-1,6,E01033435,0,1
2025361600315,2025,361600315,1,9,0,-1,19,5,1,-1,0,0,5,0,0,0,3,1,-1,6,1,29,6,-1,-1,-1,-1,8,E01026502,0,4
2025361600315,2025,361600315,2,9,0,-1,19,1,5,-1,0,0,1,0,0,0,3,1,-1,2,2,31,6,-1,-1,-1,-1,9,E01026901,0,1
2025361600467,2025,361600467,2,9,0,-1,19,3,7,-1,0,0,0,0,0,0,3,1,-1,9,2,29,6,-1,-1,-1,-1,5,E01026516,0,1
2025361600467,2025,361600467,3,9,0,-1,19,7,3,-1,0,0,0,0,0,0,3,2,-1,9,2,41,7,-1,-1,-1,-1,5,E01035169,0,4
2025361600467,2025,361600467,1,9,0,-1,19,7,3,-1,0,0,0,0,0,0,1,1,-1,9,2,31,6,-1,-1,-1,-1,5,E01026768,0,2
2025361600585,2025,361600585,2,9,0,-1,19,6,2,-1,0,8,0,0,0,0,3,1,-1,6,2,31,6,-1,-1,-1,-1,1,E01026827,0,2
2025361600585,2025,361600585,1,9,0,-1,9,4,2,-1,0,8,0,0,0,0,1,1,-1,6,3,-1,-1,-1,-1,-1,-1,-1,-1,0,-1
2025361600593,2025,361600593,1,11,0,-1,5,1,5,-1,0,1,0,10,2,0,1,1,-1,1,1,41,7,-1,-1,-1,-1,9,E01026550,0,2
2025361600609,2025,361600609,1,9,0,-1,19,-1,-1,-1,99,9,0,0,0,0,1,2,-1,9,1,22,5,-1,-1,-1,-1,5,E01026783,0,2