collision_index,collision_year,collision_ref_no,vehicle_reference,vehicle_type,towing_and_articulation,vehicle_manoeuvre_historic,vehicle_manoeuvre,vehicle_direction_from,vehicle_direction_to,vehicle_location_restricted_lane_historic,vehicle_location_restricted_lane,junction_location,skidding_and_overturning,hit_object_in_carriageway,vehicle_leaving_carriageway,hit_object_off_carriageway,first_point_of_impact,vehicle_left_hand_drive,journey_purpose_of_driver_historic,journey_purpose_of_driver,sex_of_driver,age_of_driver,age_band_of_driver,engine_capacity_cc,propulsion_code,age_of_vehicle,generic_make_model,driver_imd_decile,lsoa_of_driver,escooter_flag,driver_distance_banding
2025361600609,2025,361600609,2,1,0,-1,19,-1,-1,-1,99,9,0,0,0,0,3,1,-1,2,1,24,5,-1,-1,-1,-1,3,E01026640,0,2
2025361600634,2025,361600634,1,19,0,-1,14,-1,-1,-1,0,0,0,0,0,0,0,1,-1,6,3,-1,-1,-1,-1,-1,-1,-1,-1,0,-1
2025361600634,2025,361600634,3,-1,0,-1,19,-1,-1,-1,0,0,1,0,0,0,1,1,-1,6,1,45,7,-1,-1,-1,-1,8,E01026542,1,1
2025361600634,2025,361600634,2,-1,0,-1,19,-1,-1,-1,0,0,2,0,0,0,2,1,-1,6,2,37,7,-1,-1,-1,-1,-1,-1,0,-1
2025361600953,2025,361600953,1,9,0,-1,19,5,5,-1,0,6,0,0,0,0,0,9,-1,2,2,41,7,-1,-1,-1,-1,10,E01026915,0,4
2025361600953,2025,361600953,2,1,0,-1,19,3,7,-1,0,6,0,0,0,0,1,1,-1,6,1,54,8,-1,-1,-1,-1,4,E01026888,0,1
2025361601070,2025,361601070,1,5,0,-1,19,4,8,-1,0,8,1,0,0,0,1,1,-1,6,1,47,8,-1,-1,-1,-1,7,E01026928,0,2
2025361601070,2025,361601070,2,9,0,-1,10,2,5,-1,0,8,0,0,0,0,1,1,-1,9,1,18,4,-1,-1,-1,-1,7,E01026893,0,2
2025361601099,2025,361601099,1,19,0,-1,19,1,5,-1,0,0,0,0,1,0,1,1,-1,1,1,25,5,-1,-1,-1,-1,3,E01026447,0,1
2025361601586,2025,361601586,1,9,0,-1,19,3,6,-1,0,0,0,0,1,0,1,1,-1,9,2,79,11,-1,-1,-1,-1,5,E01026435,0,3
2025361601696,2025,361601696,2,1,0,-1,19,6,3,-1,0,0,0,0,1,0,1,1,-1,6,2,42,7,-1,-1,-1,-1,1,E01018103,0,1
2025361601696,2025,361601696,1,9,0,-1,15,6,3,-1,0,0,0,0,0,0,4,1,-1,9,1,77,11,-1,-1,-1,-1,2,E01033111,0,1
2025361601701,2025,361601701,2,3,0,-1,19,3,8,-1,0,1,0,0,0,0,4,1,-1,6,1,20,4,-1,-1,-1,-1,4,E01026444,0,3
2025361601701,2025,361601701,1,9,0,-1,9,5,2,-1,0,1,0,0,0,0,-1,9,-1,6,1,45,7,-1,-1,-1,-1,4,E01033048,0,4
2025361601706,2025,361601706,1,9,0,-1,20,5,1,-1,9,0,0,0,0,0,3,1,-1,9,1,35,6,-1,-1,-1,-1,5,E01026487,0,3
2025361601706,2025,361601706,2,9,0,-1,2,0,0,-1,9,0,0,0,0,0,4,1,-1,9,1,46,8,-1,-1,-1,-1,8,E01026480,0,2
2025361601804,2025,361601804,1,9,-1,-1,-1,-1,-1,-1,-1,0,-1,-1,-1,0,-1,9,-1,6,2,-1,-1,-1,-1,-1,-1,-1,-1,0,-1
2025361601902,2025,361601902,2,9,0,-1,19,1,5,-1,0,0,0,0,0,0,1,1,-1,9,2,45,7,-1,-1,-1,-1,5,E01026770,0,1
2025361601902,2025,361601902,1,9,0,-1,19,5,1,-1,0,0,1,0,0,0,1,1,-1,9,1,18,4,-1,-1,-1,-1,5,E01026745,0,4
2025361601965,2025,361601965,2,19,0,-1,19,4,8,-1,0,8,0,0,0,0,1,9,-1,2,1,32,6,-1,-1,-1,-1,4,E01026780,0,4
2025361601965,2025,361601965,1,9,0,-1,19,6,4,-1,0,8,0,0,1,0,3,9,-1,9,2,69,10,-1,-1,-1,-1,5,E01026516,0,3
2025361602143,2025,361602143,1,1,0,-1,19,8,4,-1,5,0,0,0,0,0,1,1,-1,9,1,15,3,-1,-1,-1,-1,7,E01026810,0,1
2025361602169,2025,361602169,1,3,0,-1,6,5,1,-1,0,2,0,0,0,0,3,1,-1,2,1,18,4,-1,-1,-1,-1,6,E01026549,0,1
2025361602193,2025,361602193,1,9,0,-1,19,1,3,-1,0,0,2,0,0,0,1,1,-1,9,1,18,4,-1,-1,-1,-1,7,E01026928,0,2
2025361602307,2025,361602307,2,9,0,-1,4,-1,-1,-1,0,8,0,0,0,0,3,1,-1,2,2,28,6,-1,-1,-1,-1,10,E01026838,0,1
2025361602307,2025,361602307,1,19,5,-1,99,-1,-1,-1,0,8,0,0,0,0,1,1,-1,6,1,47,8,-1,-1,-1,-1,1,E01033889,0,5
2025361602442,2025,361602442,1,9,0,-1,19,6,2,-1,0,0,0,0,0,0,1,1,-1,9,2,68,10,-1,-1,-1,-1,3,E01026736,0,1
2025361602442,2025,361602442,2,9,0,-1,19,2,6,-1,9,0,0,0,1,0,3,1,-1,9,1,41,7,-1,-1,-1,-1,6,E01026781,0,1
2025361602502,2025,361602502,1,9,0,-1,19,1,3,-1,0,1,0,11,3,0,1,1,-1,9,2,38,7,-1,-1,-1,-1,7,E01026508,0,1
2025361602533,2025,361602533,2,17,5,-1,19,4,8,-1,0,0,0,0,0,0,2,1,-1,1,1,50,8,-1,-1,-1,-1,5,E01026435,0,2
2025361602533,2025,361602533,1,9,0,-1,19,8,4,-1,0,0,1,0,0,0,1,1,-1,6,2,21,5,-1,-1,-1,-1,5,E01026491,0,2
2025361602603,2025,361602603,1,9,0,-1,19,2,6,-1,0,0,2,0,0,0,4,1,-1,6,1,26,6,-1,-1,-1,-1,7,E01026801,0,1
2025361602603,2025,361602603,2,9,0,-1,2,0,0,-1,0,0,0,0,0,0,3,1,-1,6,-1,-1,-1,-1,-1,-1,-1,-1,-1,0,-1
2025361602618,2025,361602618,1,1,0,-1,19,1,5,-1,0,0,0,4,0,0,1,1,-1,9,2,28,6,-1,-1,-1,-1,6,E01026675,0,1
2025361602618,2025,361602618,2,9,0,-1,2,0,0,-1,0,0,0,0,0,0,2,1,-1,6,-1,-1,-1,-1,-1,-1,-1,-1,-1,0,-1
2025361602827,2025,361602827,1,99,-1,-1,-1,-1,-1,-1,-1,0,-1,-1,-1,0,-1,9,-1,6,3,-1,-1,-1,-1,-1,-1,-1,-1,0,-1
2025361602827,2025,361602827,2,9,0,-1,4,-1,-1,-1,0,0,0,99,0,0,2,1,-1,6,2,49,8,-1,-1,-1,-1,6,E01034771,0,3
2025361602927,2025,361602927,1,1,0,-1,9,5,3,-1,9,2,0,0,0,0,3,1,-1,6,1,66,10,-1,-1,-1,-1,9,E01026503,0,1
2025361602928,2025,361602928,1,9,0,-1,19,5,1,-1,0,0,0,12,0,0,1,1,-1,9,2,33,6,-1,-1,-1,-1,6,E01026441,0,1
2025361602962,2025,361602962,1,9,0,-1,19,3,8,-1,0,1,5,10,0,0,3,1,-1,6,1,41,7,-1,-1,-1,-1,1,E01026467,0,1
2025361603067,2025,361603067,1,9,0,-1,19,4,7,-1,0,1,0,0,0,0,3,1,-1,6,2,56,9,-1,-1,-1,-1,4,E01030187,0,4
2025361603067,2025,361603067,2,5,0,-1,19,4,7,-1,0,1,2,10,0,0,4,1,-1,1,1,26,6,-1,-1,-1,-1,5,E01030252,0,4
2025361603139,2025,361603139,1,9,0,-1,19,5,2,-1,0,0,2,0,1,9,1,1,-1,9,1,20,4,-1,-1,-1,-1,7,E01026528,0,3
2025361603156,2025,361603156,1,9,0,-1,5,1,5,-1,-1,6,0,0,0,0,-1,9,-1,6,1,69,10,-1,-1,-1,-1,2,E01026734,0,1
2025361603238,2025,361603238,1,9,0,-1,19,4,1,-1,0,0,5,10,0,0,1,1,-1,6,1,22,5,-1,-1,-1,-1,7,E01026588,0,1
2025361603389,2025,361603389,1,9,0,-1,19,5,1,-1,0,0,0,0,1,0,1,1,-1,6,2,68,10,-1,-1,-1,-1,3,E01026685,0,1
2025361603521,2025,361603521,1,22,0,-1,19,3,7,-1,9,0,0,0,0,0,1,1,-1,6,1,-1,-1,-1,-1,-1,-1,-1,-1,0,-1
2025361603695,2025,361603695,1,2,0,-1,9,5,1,-1,9,2,2,10,0,0,4,1,-1,9,2,18,4,-1,-1,-1,-1,2,E01026798,0,1
2025361603725,2025,361603725,1,3,0,-1,19,8,4,-1,0,0,5,0,7,0,4,1,-1,9,1,18,4,-1,-1,-1,-1,5,E01026693,0,2
2025361603833,2025,361603833,2,9,0,-1,9,8,4,-1,0,0,0,0,0,0,2,1,-1,2,1,77,11,-1,-1,-1,-1,6,E01026774,0,2
2025361603833,2025,361603833,1,9,0,-1,19,8,4,-1,0,0,0,0,0,0,1,1,-1,2,2,68,10,-1,-1,-1,-1,3,E01026740,0,3
2025361603899,2025,361603899,2,9,0,-1,9,2,8,-1,0,1,0,0,0,0,1,1,-1,2,1,67,10,-1,-1,-1,-1,9,E01026548,0,1
2025361603899,2025,361603899,1,9,4,-1,9,8,1,-1,0,1,0,0,0,0,1,1,-1,2,1,36,7,-1,-1,-1,-1,9,E01035135,0,4
2025361603996,2025,361603996,2,19,0,-1,3,4,6,-1,0,1,0,0,0,0,2,1,-1,1,1,48,8,-1,-1,-1,-1,6,E01035546,0,4
2025361603996,2025,361603996,1,9,0,-1,19,4,8,-1,0,5,0,0,0,0,1,1,-1,9,1,34,6,-1,-1,-1,-1,3,E01026459,0,3
2025361604016,2025,361604016,2,9,0,-1,2,0,0,-1,0,1,0,0,0,0,3,1,-1,6,-1,-1,-1,-1,-1,-1,-1,-1,-1,0,-1
2025361604016,2025,361604016,5,9,0,-1,2,0,0,-1,0,2,0,0,0,0,4,1,-1,6,-1,-1,-1,-1,-1,-1,-1,-1,-1,0,-1
2025361604016,2025,361604016,3,9,0,-1,19,1,5,-1,0,2,0,0,0,0,1,1,-1,9,1,39,7,-1,-1,-1,-1,4,E01030263,0,3
2025361604016,2025,361604016,1,9,0,-1,19,5,1,-1,0,8,0,0,0,0,1,1,-1,9,1,90,11,-1,-1,-1,-1,6,E01026612,0,1
2025361604016,2025,361604016,4,9,0,-1,19,5,1,-1,0,1,0,0,0,0,4,1,-1,9,2,55,8,-1,-1,-1,-1,3,E01026631,0,1
2025361604144,2025,361604144,1,9,0,-1,1,1,5,-1,0,6,0,0,0,0,2,1,-1,9,2,20,4,-1,-1,-1,-1,7,E01026948,0,2
2025361604154,2025,361604154,4,9,0,-1,19,2,3,-1,0,2,0,0,0,0,2,1,-1,6,1,17,4,-1,-1,-1,-1,5,E01034767,0,1
2025361604154,2025,361604154,3,9,0,-1,19,2,5,-1,0,2,0,0,0,0,2,1,-1,6,1,60,9,-1,-1,-1,-1,3,E01026614,0,1
2025361604154,2025,361604154,1,9,0,-1,19,2,4,-1,0,2,0,0,0,0,1,1,-1,6,2,26,6,-1,-1,-1,-1,6,E01026615,0,1
2025361604154,2025,361604154,2,9,0,-1,19,2,4,-1,0,2,0,0,0,0,2,1,-1,9,2,21,5,-1,-1,-1,-1,3,E01026614,0,1
2025361604166,2025,361604166,3,9,0,-1,2,1,1,-1,0,0,0,0,0,0,4,1,-1,6,-1,-1,-1,-1,-1,-1,-1,-1,-1,0,-1
2025361604166,2025,361604166,2,9,0,-1,2,1,1,-1,0,0,0,0,0,0,1,1,-1,9,-1,-1,-1,-1,-1,-1,-1,-1,-1,0,-1
2025361604166,2025,361604166,1,9,0,-1,9,3,5,-1,0,0,0,0,0,0,1,1,-1,9,2,55,8,-1,-1,-1,-1,9,E01034765,0,1
2025361604507,2025,361604507,1,9,0,-1,2,0,0,-1,0,3,0,0,0,0,4,1,-1,9,1,45,7,-1,-1,-1,-1,6,E01026675,0,2
2025361604507,2025,361604507,2,11,0,-1,19,6,7,-1,0,3,0,0,0,0,2,1,-1,6,1,29,6,-1,-1,-1,-1,5,E01026703,0,3
2025361604631,2025,361604631,1,9,0,-1,9,-1,-1,-1,0,6,0,0,0,0,3,1,-1,6,1,29,6,-1,-1,-1,-1,4,E01026859,0,1
2025361604631,2025,361604631,2,9,0,-1,19,-1,-1,-1,0,2,0,0,0,0,4,1,-1,2,2,25,5,-1,-1,-1,-1,1,E01026848,0,1
2025361604695,2025,361604695,1,9,0,-1,19,7,3,-1,0,8,0,0,0,0,1,1,-1,9,2,27,6,-1,-1,-1,-1,3,E01026817,0,1
2025361604695,2025,361604695,2,9,0,-1,19,5,1,-1,0,1,0,0,0,0,4,1,-1,9,1,48,8,-1,-1,-1,-1,1,E01026832,0,1
2025361604785,2025,361604785,1,97,0,-1,9,6,6,-1,0,2,0,0,0,0,0,1,-1,2,1,63,9,-1,-1,-1,-1,1,E01026848,0,2
2025361604808,2025,361604808,1,4,0,-1,9,7,5,-1,0,8,0,0,0,0,4,1,-1,9,2,32,6,-1,-1,-1,-1,8,E01035110,0,5
2025361604808,2025,361604808,2,97,0,-1,9,3,7,-1,0,8,0,0,0,0,1,1,-1,9,1,70,10,-1,-1,-1,-1,7,E01026593,0,1
2025361604809,2025,361604809,1,9,0,-1,19,3,8,-1,0,1,0,0,0,0,1,1,-1,9,2,67,10,-1,-1,-1,-1,6,E01026534,0,1
2025361604845,2025,361604845,2,9,0,-1,19,3,7,-1,0,8,0,0,0,0,1,1,-1,6,2,37,7,-1,-1,-1,-1,3,E01026012,0,4
2025361604845,2025,361604845,1,9,0,-1,9,1,7,-1,0,8,0,0,0,0,4,1,-1,6,2,81,11,-1,-1,-1,-1,5,E01027793,0,5
2025361605003,2025,361605003,1,9,0,-1,19,5,1,-1,0,0,0,0,0,0,1,1,-1,9,1,29,6,-1,-1,-1,-1,9,E01026546,0,3
2025361605003,2025,361605003,2,9,0,-1,19,1,5,-1,0,0,0,0,0,0,1,1,-1,9,2,30,6,-1,-1,-1,-1,8,E01035151,0,1
2025361605034,2025,361605034,1,9,0,-1,19,1,2,-1,0,0,0,0,0,0,1,1,-1,2,1,19,4,-1,-1,-1,-1,6,E01026535,0,2
2025361605061,2025,361605061,1,1,0,-1,19,6,2,-1,0,0,0,0,0,0,0,1,-1,6,1,57,9,-1,-1,-1,-1,10,E01026572,0,1
2025361605136,2025,361605136,2,19,-1,-1,19,-1,-1,-1,0,8,0,99,0,0,3,1,-1,6,3,-1,-1,-1,-1,-1,-1,-1,-1,0,-1
2025361605136,2025,361605136,1,1,0,-1,11,-1,-1,-1,0,3,0,99,0,0,4,1,-1,6,1,60,9,-1,-1,-1,-1,5,E01001418,0,5
2025361605252,2025,361605252,1,9,0,-1,8,1,5,-1,0,1,0,0,0,0,1,1,-1,9,1,59,9,-1,-1,-1,-1,4,E01026807,0,3
2025361605252,2025,361605252,2,9,0,-1,19,7,3,-1,0,1,0,0,7,0,1,1,-1,9,1,25,5,-1,-1,-1,-1,6,E01026612,0,3
2025361605365,2025,361605365,1,9,0,-1,19,-1,-1,-1,0,0,0,0,0,0,-1,1,-1,6,1,37,7,-1,-1,-1,-1,1,E01026867,0,3
2025361605365,2025,361605365,2,9,0,-1,19,-1,-1,-1,0,0,0,0,0,0,2,1,-1,6,1,24,5,-1,-1,-1,-1,3,E01026779,0,3
2025361605376,2025,361605376,2,9,0,-1,19,7,3,-1,0,8,0,0,0,0,3,1,-1,6,1,43,7,-1,-1,-1,-1,6,E01026760,0,1
2025361605376,2025,361605376,1,9,0,-1,19,6,1,-1,0,8,0,0,0,0,4,1,-1,1,2,39,7,-1,-1,-1,-1,4,E01026925,0,4
2025361605377,2025,361605377,1,9,-1,-1,-1,-1,-1,-1,-1,0,-1,-1,-1,0,-1,9,-1,6,3,-1,-1,-1,-1,-1,-1,-1,-1,0,-1
2025361605496,2025,361605496,1,9,0,-1,7,1,7,-1,0,1,0,0,0,0,4,1,-1,6,1,27,6,-1,-1,-1,-1,9,E01026581,0,1
2025361605496,2025,361605496,2,9,0,-1,19,5,1,-1,0,1,0,0,0,0,1,1,-1,6,1,33,6,-1,-1,-1,-1,1,E01026625,0,1
2025361605524,2025,361605524,1,1,0,-1,19,4,7,-1,0,0,1,0,0,0,1,1,-1,6,1,14,3,-1,-1,-1,-1,6,E01026797,0,1
2025361605524,2025,361605524,2,19,0,-1,3,4,8,-1,0,0,0,0,0,0,2,1,-1,6,1,63,9,-1,-1,-1,-1,9,E01034765,0,1
2025361605569,2025,361605569,1,9,0,-1,9,3,7,-1,0,0,0,0,0,0,2,9,-1,9,2,71,10,-1,-1,-1,-1,5,E01026703,0,1
2025361605630,2025,361605630,2,5,0,-1,19,5,1,-1,0,0,0,0,0,0,1,1,-1,6,1,65,9,-1,-1,-1,-1,10,E01026860,0,4
2025361605630,2025,361605630,1,19,0,-1,5,6,4,-1,0,0,0,0,0,0,3,1,-1,6,1,52,8,-1,-1,-1,-1,10,E01026908,0,4
2025361605936,2025,361605936,1,19,0,-1,19,8,5,-1,0,0,2,0,2,0,1,1,-1,9,1,35,6,-1,-1,-1,-1,-1,-1,0,-1
2025361605949,2025,361605949,1,9,4,-1,9,1,5,-1,0,8,0,0,0,0,3,1,-1,9,1,77,11,-1,-1,-1,-1,5,E01026940,0,2
2025361605949,2025,361605949,2,1,0,-1,13,1,5,-1,0,1,0,0,0,0,1,1,-1,9,1,22,5,-1,-1,-1,-1,8,E01029858,0,5
2025361605968,2025,361605968,2,2,0,-1,19,4,1,-1,0,8,1,0,0,0,3,1,-1,6,2,59,9,-1,-1,-1,-1,1,E01026595,0,1
2025361605968,2025,361605968,1,19,0,-1,19,-1,-1,-1,0,8,0,0,0,0,1,1,-1,6,3,-1,-1,-1,-1,-1,-1,-1,-1,0,-1
2025361606071,2025,361606071,1,9,0,-1,19,3,7,-1,0,0,0,0,0,0,4,9,-1,6,3,-1,-1,-1,-1,-1,-1,-1,-1,0,-1
2025361606339,2025,361606339,1,9,0,-1,19,2,6,-1,0,0,0,0,1,0,1,1,-1,6,2,40,7,-1,-1,-1,-1,5,E01021809,0,5
2025361606386,2025,361606386,1,3,0,-1,19,3,7,-1,0,0,0,0,0,0,2,1,-1,1,1,23,5,-1,-1,-1,-1,1,E01026800,0,2
2025361606386,2025,361606386,2,98,0,-1,19,3,7,-1,0,0,0,0,0,0,2,1,-1,1,1,60,9,-1,-1,-1,-1,9,E01026557,0,2
2025361606397,2025,361606397,1,9,0,-1,19,4,8,-1,0,0,0,0,0,0,2,1,-1,9,1,62,9,-1,-1,-1,-1,5,E01000469,0,5
2025361606397,2025,361606397,2,9,0,-1,19,3,8,-1,0,0,0,0,0,0,1,1,-1,9,1,66,10,-1,-1,-1,-1,7,E01026593,0,3
2025361606458,2025,361606458,3,19,0,-1,19,3,7,-1,0,0,0,0,0,0,3,1,-1,1,1,36,7,-1,-1,-1,-1,9,E01026497,0,4
2025361606458,2025,361606458,1,9,0,-1,19,7,4,-1,0,0,0,0,0,0,1,1,-1,1,2,32,6,-1,-1,-1,-1,6,E01026549,0,2
2025361606458,2025,361606458,2,5,0,-1,19,3,7,-1,0,0,0,0,0,0,1,1,-1,1,1,22,5,-1,-1,-1,-1,7,E01026532,0,2
2025361606513,2025,361606513,2,97,0,-1,19,1,5,-1,0,0,0,0,0,0,3,1,-1,1,1,45,7,-1,-1,-1,-1,4,E01026898,0,4
2025361606513,2025,361606513,1,9,0,-1,19,1,4,-1,0,0,0,0,0,0,4,1,-1,1,1,55,8,-1,-1,-1,-1,8,E01026500,0,3
2025361606697,2025,361606697,1,9,0,-1,9,1,5,-1,0,0,0,0,0,0,3,1,-1,6,2,58,9,-1,-1,-1,-1,4,E01026444,0,4
2025361606697,2025,361606697,2,9,0,-1,19,3,7,-1,0,0,0,0,0,0,1,1,-1,6,1,40,7,-1,-1,-1,-1,8,E01034699,0,4
2025361606783,2025,361606783,1,9,0,-1,19,0,0,-1,0,6,0,0,0,0,4,1,-1,2,1,50,8,-1,-1,-1,-1,9,E01035149,0,3
2025361606792,2025,361606792,1,9,0,-1,19,7,3,-1,0,0,2,0,8,0,4,1,-1,9,1,27,6,-1,-1,-1,-1,4,E01026648,0,1
2025361606931,2025,361606931,2,19,0,-1,19,8,4,-1,0,1,0,0,0,0,3,1,-1,2,1,22,5,-1,-1,-1,-1,9,E01026509,0,2
2025361606931,2025,361606931,1,9,0,-1,6,6,2,-1,0,1,0,0,0,0,4,1,-1,1,1,37,7,-1,-1,-1,-1,10,E01026908,0,2
2025361607027,2025,361607027,1,9,0,-1,19,4,1,-1,0,0,0,0,0,0,4,9,-1,6,1,37,7,-1,-1,-1,-1,5,E01026745,0,2
2025361607077,2025,361607077,2,9,0,-1,19,3,6,-1,0,0,0,0,0,0,4,1,-1,9,-1,78,11,-1,-1,-1,-1,4,E01026794,0,4
2025361607077,2025,361607077,1,9,0,-1,19,6,3,-1,0,0,1,0,8,0,1,1,-1,6,1,80,11,-1,-1,-1,-1,7,E01015370,0,5
2025361607211,2025,361607211,2,97,0,-1,7,5,7,-1,0,8,0,0,0,0,1,1,-1,6,1,18,4,-1,-1,-1,-1,9,E01026714,0,1
2025361607211,2025,361607211,1,9,0,-1,7,5,7,-1,0,8,0,0,0,0,4,1,-1,6,1,53,8,-1,-1,-1,-1,9,E01026714,0,1
2025361607432,2025,361607432,2,9,0,-1,2,0,0,-1,-1,0,0,0,0,0,1,1,-1,6,1,38,7,-1,-1,-1,-1,3,E01026782,0,1
2025361607432,2025,361607432,1,9,0,-1,4,3,7,-1,-1,0,0,0,0,0,1,1,-1,9,2,63,9,-1,-1,-1,-1,5,E01026442,0,2
2025361607432,2025,361607432,4,9,0,-1,2,0,0,-1,-1,0,0,0,0,0,3,1,-1,6,2,31,6,-1,-1,-1,-1,4,E01026695,0,2
2025361607432,2025,361607432,3,9,0,-1,2,0,0,-1,-1,0,0,0,0,0,2,1,-1,6,2,67,10,-1,-1,-1,-1,4,E01026780,0,2
2025361607457,2025,361607457,2,1,0,-1,19,3,7,-1,0,8,5,0,0,0,0,1,-1,6,2,-1,-1,-1,-1,-1,-1,-1,-1,0,-1
2025361607457,2025,361607457,1,9,0,-1,-1,-1,-1,-1,0,8,0,0,0,0,0,9,-1,6,1,39,7,-1,-1,-1,-1,8,E01026578,0,2
2025361607574,2025,361607574,1,9,0,-1,12,6,6,-1,0,0,0,0,0,0,1,1,-1,1,1,30,6,-1,-1,-1,-1,3,E01026740,0,3
2025361607574,2025,361607574,2,9,0,-1,7,6,6,-1,0,0,0,0,0,0,1,1,-1,2,2,34,6,-1,-1,-1,-1,8,E01026587,0,3
2025361607607,2025,361607607,2,5,0,-1,15,3,7,-1,0,1,0,0,0,0,4,1,-1,6,1,78,11,-1,-1,-1,-1,5,E01026573,0,1
2025361607607,2025,361607607,1,9,0,-1,9,5,1,-1,0,6,0,0,0,0,1,1,-1,2,1,75,10,-1,-1,-1,-1,8,E01026895,0,3
2025361607658,2025,361607658,1,1,0,-1,19,5,1,-1,9,1,0,0,0,0,0,1,-1,6,1,53,8,-1,-1,-1,-1,7,E01026434,0,3
2025361608095,2025,361608095,1,3,0,-1,19,8,3,-1,0,1,0,0,0,0,1,1,-1,6,1,20,4,-1,-1,-1,-1,8,E01026930,0,2
2025361608095,2025,361608095,2,9,0,-1,10,7,6,-1,0,1,0,0,0,0,2,1,-1,6,2,66,10,-1,-1,-1,-1,2,E01021989,0,4
2025361608110,2025,361608110,1,9,0,-1,3,6,1,-1,0,1,0,0,0,0,1,1,-1,9,2,33,6,-1,-1,-1,-1,9,E01026936,0,1
2025361608110,2025,361608110,2,9,0,-1,3,6,2,-1,0,4,0,0,0,0,2,1,-1,9,1,35,6,-1,-1,-1,-1,9,E01035145,0,2
2025361608327,2025,361608327,2,9,0,-1,19,1,3,-1,0,0,0,0,0,0,1,1,-1,9,2,85,11,-1,-1,-1,-1,6,E01026549,0,1
2025361608327,2025,361608327,1,9,0,-1,19,3,1,-1,0,0,0,0,0,0,1,1,-1,9,1,83,11,-1,-1,-1,-1,6,E01026555,0,1
2025361608430,2025,361608430,1,9,0,-1,15,7,3,-1,0,1,0,0,0,0,1,1,-1,9,1,58,9,-1,-1,-1,-1,9,E01022073,0,4
2025361608430,2025,361608430,2,3,0,-1,19,3,7,-1,0,1,0,0,0,0,1,1,-1,9,1,18,4,-1,-1,-1,-1,3,E01033041,0,3
2025361608460,2025,361608460,1,23,-1,-1,-1,-1,-1,-1,-1,0,-1,-1,-1,0,-1,1,-1,6,3,-1,-1,-1,-1,-1,-1,-1,-1,0,-1
2025361608460,2025,361608460,2,9,0,-1,9,5,3,-1,0,0,0,0,0,0,3,1,-1,9,1,77,11,-1,-1,-1,-1,7,E01026673,0,1
2025361608610,2025,361608610,1,9,0,-1,9,2,8,-1,0,6,0,0,3,11,3,1,-1,9,1,27,6,-1,-1,-1,-1,2,E01033499,0,5
2025361608610,2025,361608610,2,9,0,-1,19,8,4,-1,0,1,0,0,7,0,1,1,-1,1,1,27,6,-1,-1,-1,-1,3,E01026799,0,4
2025361608635,2025,361608635,1,19,0,-1,19,5,1,-1,0,0,1,0,0,0,3,1,-1,1,1,37,7,-1,-1,-1,-1,2,E01030289,0,4
2025361608635,2025,361608635,2,98,0,-1,19,2,5,-1,0,0,0,0,0,0,3,1,-1,1,1,55,8,-1,-1,-1,-1,4,E01030266,0,4
2025361608654,2025,361608654,1,9,0,-1,7,6,2,-1,0,0,0,4,0,0,4,1,-1,9,1,30,6,-1,-1,-1,-1,1,E01026597,0,1
2025361608654,2025,361608654,2,9,0,-1,2,6,6,-1,0,0,0,0,0,0,3,1,-1,6,1,42,7,-1,-1,-1,-1,1,E01026623,0,1
2025361608834,2025,361608834,1,19,0,-1,9,4,2,-1,0,8,0,0,0,0,4,1,-1,1,1,30,6,-1,-1,-1,-1,6,E01026449,0,4
2025361608834,2025,361608834,2,5,0,-1,19,8,4,-1,0,1,0,0,0,0,1,1,-1,9,1,58,9,-1,-1,-1,-1,10,E01035144,0,4
2025361608835,2025,361608835,2,16,0,-1,19,-1,-1,-1,0,0,0,0,0,0,3,1,-1,6,2,67,10,-1,-1,-1,-1,3,E01026453,0,1
2025361608835,2025,361608835,1,9,0,-1,13,-1,-1,-1,0,0,0,11,0,0,4,1,-1,9,2,71,10,-1,-1,-1,-1,10,E01026915,0,4
2025361608889,2025,361608889,1,9,0,-1,7,1,4,-1,0,6,0,0,0,0,3,1,-1,2,1,50,8,-1,-1,-1,-1,5,E01026693,0,4
2025361608889,2025,361608889,2,9,0,-1,19,8,4,-1,0,8,0,0,0,0,1,1,-1,2,1,41,7,-1,-1,-1,-1,7,E01026427,0,2
2025361608940,2025,361608940,1,9,0,-1,5,1,5,-1,0,1,0,0,0,0,1,1,-1,6,1,58,9,-1,-1,-1,-1,4,E01026866,0,1
2025361608940,2025,361608940,2,1,0,-1,19,3,7,-1,0,1,0,0,0,0,3,1,-1,6,1,28,6,-1,-1,-1,-1,9,E01026544,0,1
2025361609076,2025,361609076,1,9,0,-1,-1,-1,-1,-1,-1,0,-1,-1,-1,0,-1,1,-1,6,2,89,11,-1,-1,-1,-1,6,E01026486,0,1
2025361609085,2025,361609085,2,9,0,-1,19,7,3,-1,0,0,0,0,0,0,1,1,-1,9,2,65,9,-1,-1,-1,-1,7,E01017608,0,5
2025361609085,2025,361609085,3,9,0,-1,19,7,3,-1,0,0,0,0,0,0,1,2,-1,9,1,57,9,-1,-1,-1,-1,6,E01026682,0,2
2025361609085,2025,361609085,1,9,0,-1,19,3,7,-1,0,0,0,0,0,0,1,1,-1,9,1,87,11,-1,-1,-1,-1,4,E01026645,0,1
2025361609220,2025,361609220,2,19,0,-1,2,0,0,-1,9,2,0,0,0,0,2,1,-1,6,1,35,6,-1,-1,-1,-1,4,E01026925,0,1