collision_index,collision_year,collision_ref_no,vehicle_reference,vehicle_type,towing_and_articulation,vehicle_manoeuvre_historic,vehicle_manoeuvre,vehicle_direction_from,vehicle_direction_to,vehicle_location_restricted_lane_historic,vehicle_location_restricted_lane,junction_location,skidding_and_overturning,hit_object_in_carriageway,vehicle_leaving_carriageway,hit_object_off_carriageway,first_point_of_impact,vehicle_left_hand_drive,journey_purpose_of_driver_historic,journey_purpose_of_driver,sex_of_driver,age_of_driver,age_band_of_driver,engine_capacity_cc,propulsion_code,age_of_vehicle,generic_make_model,driver_imd_decile,lsoa_of_driver,escooter_flag,driver_distance_banding
2025371546922,2025,371546922,1,9,0,-1,19,2,6,-1,0,1,0,0,0,0,1,1,-1,2,1,18,4,-1,-1,-1,-1,4,E01029888,0,1
2025371546930,2025,371546930,1,9,0,-1,1,-1,-1,-1,0,0,0,4,0,0,2,1,-1,6,1,86,11,-1,-1,-1,-1,5,E01030073,0,1
2025371546930,2025,371546930,2,9,0,-1,2,0,0,-1,0,0,0,0,0,0,4,1,-1,6,2,34,6,-1,-1,-1,-1,10,E01030075,0,1
2025371546945,2025,371546945,2,9,0,-1,2,0,0,-1,0,0,0,0,0,0,4,1,-1,6,1,29,6,-1,-1,-1,-1,3,E01030026,0,1
2025371546945,2025,371546945,4,9,0,-1,2,0,0,-1,0,0,0,0,0,0,1,1,-1,6,2,44,7,-1,-1,-1,-1,3,E01030026,0,1
2025371546945,2025,371546945,3,9,0,-1,2,0,0,-1,0,0,0,0,0,0,1,1,-1,6,1,29,6,-1,-1,-1,-1,3,E01030026,0,1
2025371546945,2025,371546945,5,9,0,-1,2,0,0,-1,0,0,0,0,0,0,1,1,-1,6,1,25,5,-1,-1,-1,-1,3,E01030026,0,1
2025371546945,2025,371546945,1,9,0,-1,19,0,0,-1,0,0,0,0,0,0,4,1,-1,9,1,25,5,-1,-1,-1,-1,2,E01030017,0,1
2025371547130,2025,371547130,2,1,0,-1,19,1,5,-1,0,0,2,0,0,0,1,1,-1,6,1,35,6,-1,-1,-1,-1,8,E01029957,0,1
2025371547130,2025,371547130,1,9,0,-1,19,3,7,-1,0,0,0,0,0,0,4,1,-1,6,1,29,6,-1,-1,-1,-1,6,E01026486,0,4
2025371547392,2025,371547392,2,9,0,-1,2,0,0,-1,0,0,0,0,0,0,3,1,-1,6,3,-1,-1,-1,-1,-1,-1,-1,-1,0,-1
2025371547392,2025,371547392,1,9,0,-1,19,-1,-1,-1,0,0,0,0,0,0,1,1,-1,6,2,-1,-1,-1,-1,-1,-1,-1,-1,0,-1
2025371547619,2025,371547619,1,9,0,-1,19,6,1,-1,0,0,0,12,0,0,1,1,-1,9,2,50,8,-1,-1,-1,-1,6,E01034561,0,1
2025371547774,2025,371547774,1,9,0,-1,19,8,4,-1,0,1,0,0,0,0,4,1,-1,9,1,19,4,-1,-1,-1,-1,3,E01029985,0,1
2025371547774,2025,371547774,2,19,0,-1,19,8,4,-1,0,1,0,0,0,0,2,1,-1,1,1,48,8,-1,-1,-1,-1,7,E01029911,0,2
2025371547840,2025,371547840,2,9,0,-1,8,-1,-1,-1,0,1,0,0,0,0,2,1,-1,6,1,28,6,-1,-1,-1,-1,5,E01029900,0,2
2025371547840,2025,371547840,1,19,0,-1,19,1,5,-1,0,1,0,0,0,0,1,1,-1,6,1,-1,-1,-1,-1,-1,-1,9,E01030175,0,4
2025371547913,2025,371547913,2,5,0,-1,19,2,6,-1,0,8,0,0,0,0,1,1,-1,9,1,67,10,-1,-1,-1,-1,4,E01021720,0,4
2025371547913,2025,371547913,1,9,0,-1,9,4,2,-1,0,6,0,0,0,0,3,1,-1,9,1,66,10,-1,-1,-1,-1,7,E01030069,0,3
2025371548012,2025,371548012,2,9,0,-1,4,6,2,-1,0,0,0,0,0,0,2,1,-1,6,2,30,6,-1,-1,-1,-1,10,E01030179,0,1
2025371548012,2025,371548012,1,3,0,-1,4,6,2,-1,0,0,0,0,0,0,1,1,-1,6,1,16,4,-1,-1,-1,-1,9,E01030181,0,1
2025371548179,2025,371548179,2,9,0,-1,19,1,5,-1,0,0,0,0,0,0,2,1,-1,1,2,57,9,-1,-1,-1,-1,5,E01030281,0,1
2025371548179,2025,371548179,1,9,0,-1,19,1,5,-1,0,0,0,0,0,0,1,1,-1,6,2,34,6,-1,-1,-1,-1,5,E01030281,0,1
2025371548216,2025,371548216,1,9,0,-1,19,1,3,-1,0,0,0,0,0,0,3,1,-1,1,1,63,9,-1,-1,-1,-1,6,E01030057,0,1
2025371548216,2025,371548216,2,1,0,-1,19,8,5,-1,0,0,0,0,0,0,3,1,-1,6,1,69,10,-1,-1,-1,-1,-1,-1,0,-1
2025371548377,2025,371548377,2,3,0,-1,19,3,7,-1,0,0,0,0,0,0,3,1,-1,9,1,21,5,-1,-1,-1,-1,10,E01030195,0,1
2025371548377,2025,371548377,1,19,0,-1,19,5,1,-1,0,0,0,0,0,0,1,1,-1,9,2,44,7,-1,-1,-1,-1,5,E01021991,0,4
2025371548495,2025,371548495,2,9,0,-1,4,-1,-1,-1,0,1,0,0,0,0,2,1,-1,2,2,44,7,-1,-1,-1,-1,9,E01035172,0,4
2025371548495,2025,371548495,1,21,4,-1,4,-1,-1,-1,0,1,0,99,0,0,1,1,-1,6,1,-1,-1,-1,-1,-1,-1,7,E01017578,0,4
2025371548637,2025,371548637,2,9,0,-1,3,-1,-1,-1,0,1,0,0,0,0,2,1,-1,6,2,42,7,-1,-1,-1,-1,10,E01029903,0,2
2025371548637,2025,371548637,1,9,0,-1,19,-1,-1,-1,0,1,0,0,0,0,1,1,-1,6,1,18,4,-1,-1,-1,-1,1,E01029979,0,1
2025371548813,2025,371548813,2,17,0,-1,19,4,2,-1,0,2,0,0,0,0,1,1,-1,1,1,20,4,-1,-1,-1,-1,7,E01022097,0,4
2025371548813,2025,371548813,1,9,0,-1,19,8,3,-1,0,1,0,0,0,0,4,1,-1,2,2,35,6,-1,-1,-1,-1,7,E01030171,0,3
2025371548815,2025,371548815,2,1,0,-1,19,-1,-1,-1,99,0,0,7,2,0,0,1,-1,6,1,38,7,-1,-1,-1,-1,4,E01030231,0,1
2025371548815,2025,371548815,1,9,0,-1,19,-1,-1,-1,99,0,0,7,2,0,4,1,-1,6,3,-1,-1,-1,-1,-1,-1,-1,-1,0,-1
2025371549235,2025,371549235,2,9,0,-1,3,4,8,-1,0,0,0,0,0,0,2,1,-1,6,1,31,6,-1,-1,-1,-1,8,E01030043,0,2
2025371549235,2025,371549235,1,9,0,-1,19,4,8,-1,0,0,0,0,0,0,1,1,-1,2,2,33,6,-1,-1,-1,-1,3,E01029984,0,1
2025371549350,2025,371549350,1,9,0,-1,19,1,5,-1,0,0,1,0,1,0,3,1,-1,2,2,35,6,-1,-1,-1,-1,10,E01030128,0,2
2025371549436,2025,371549436,2,9,0,-1,4,-1,-1,-1,0,0,1,0,9,0,2,1,-1,6,1,27,6,-1,-1,-1,-1,2,E01030264,0,1
2025371549436,2025,371549436,1,9,0,-1,19,-1,-1,-1,0,0,9,99,0,0,1,1,-1,6,3,-1,-1,-1,-1,-1,-1,-1,-1,0,-1
2025371549538,2025,371549538,1,9,0,-1,19,3,6,-1,0,0,0,0,7,0,1,1,-1,6,1,19,4,-1,-1,-1,-1,7,E01030228,0,2
2025371549641,2025,371549641,4,9,0,-1,19,1,5,-1,0,0,0,0,0,0,3,1,-1,2,1,51,8,-1,-1,-1,-1,8,E01030293,0,2
2025371549641,2025,371549641,3,9,0,-1,19,5,1,-1,0,0,0,0,0,0,3,1,-1,9,2,33,6,-1,-1,-1,-1,1,E01030291,0,1
2025371549641,2025,371549641,2,9,0,-1,19,1,5,-1,0,0,0,0,0,0,3,1,-1,9,1,28,6,-1,-1,-1,-1,1,E01030258,0,1
2025371549641,2025,371549641,5,9,0,-1,19,1,5,-1,0,0,0,0,0,0,3,1,-1,2,1,34,6,-1,-1,-1,-1,6,E01030240,0,1
2025371549641,2025,371549641,1,98,0,-1,19,5,1,-1,0,0,0,0,0,0,4,1,-1,9,1,66,10,-1,-1,-1,-1,4,E01030257,0,1
2025371549724,2025,371549724,2,98,-1,-1,4,8,4,-1,0,0,0,0,0,0,2,9,-1,6,1,64,9,-1,-1,-1,-1,7,E01030217,0,2
2025371549724,2025,371549724,1,9,0,-1,19,2,6,-1,0,0,0,0,0,0,1,1,-1,6,2,49,8,-1,-1,-1,-1,7,E01029995,0,1
2025371550109,2025,371550109,1,9,0,-1,19,-1,-1,-1,0,8,0,0,0,0,1,1,-1,6,3,-1,-1,-1,-1,-1,-1,-1,-1,0,-1
2025371550109,2025,371550109,2,1,0,-1,19,-1,-1,-1,0,8,0,0,0,0,2,1,-1,2,2,55,8,-1,-1,-1,-1,8,E01030009,0,1
2025371550164,2025,371550164,1,19,-1,-1,6,3,3,-1,0,8,0,0,0,0,3,9,-1,6,1,-1,-1,-1,-1,-1,-1,-1,-1,0,-1
2025371550164,2025,371550164,2,19,0,-1,4,7,3,-1,0,2,0,0,0,0,0,1,-1,1,1,46,8,-1,-1,-1,-1,10,E01029903,0,1
2025371550194,2025,371550194,2,9,0,-1,19,2,6,-1,0,0,1,0,0,0,1,1,-1,9,2,22,5,-1,-1,-1,-1,4,E01030257,0,1
2025371550194,2025,371550194,1,9,0,-1,19,6,2,-1,0,0,1,0,0,0,1,1,-1,9,1,33,6,-1,-1,-1,-1,1,E01030250,0,1
2025371550463,2025,371550463,2,9,0,-1,5,-1,-1,-1,0,6,0,0,0,0,1,1,-1,6,1,53,8,-1,-1,-1,-1,9,E01029977,0,1
2025371550463,2025,371550463,1,1,0,-1,9,-1,-1,-1,0,5,0,0,0,0,1,1,-1,6,3,-1,-1,-1,-1,-1,-1,-1,-1,0,-1
2025371550613,2025,371550613,3,9,0,-1,19,3,7,-1,0,1,0,0,0,0,2,1,-1,9,2,47,8,-1,-1,-1,-1,7,E01030200,0,1
2025371550613,2025,371550613,1,9,0,-1,19,3,7,-1,0,1,0,0,0,0,1,1,-1,2,1,19,4,-1,-1,-1,-1,6,E01030194,0,1
2025371550613,2025,371550613,2,9,0,-1,19,3,7,-1,0,1,0,0,0,0,2,1,-1,2,1,27,6,-1,-1,-1,-1,6,E01030194,0,1
2025371550754,2025,371550754,2,9,0,-1,19,3,7,-1,0,2,0,0,0,0,1,1,-1,2,1,37,7,-1,-1,-1,-1,9,E01030132,0,4
2025371550754,2025,371550754,1,9,0,-1,5,1,7,-1,0,2,0,0,0,0,3,1,-1,1,2,57,9,-1,-1,-1,-1,10,E01030172,0,3
2025371550792,2025,371550792,2,9,0,-1,9,3,5,-1,0,1,0,0,0,0,3,1,-1,9,1,69,10,-1,-1,-1,-1,5,E01030275,0,1
2025371550792,2025,371550792,1,3,0,-1,19,3,7,-1,0,1,1,0,0,0,4,1,-1,9,1,76,11,-1,-1,-1,-1,2,E01030274,0,1
2025371550836,2025,371550836,1,9,0,-1,19,1,5,-1,0,1,0,0,0,0,-1,9,-1,6,1,76,11,-1,-1,-1,-1,10,E01029908,0,1
2025371550840,2025,371550840,1,9,0,-1,19,7,3,-1,0,1,0,0,0,0,3,1,-1,6,1,84,11,-1,-1,-1,-1,9,E01030067,0,1
2025371550922,2025,371550922,3,9,0,-1,19,6,2,-1,0,0,0,0,0,0,2,1,-1,9,1,63,9,-1,-1,-1,-1,5,E01030201,0,4
2025371550922,2025,371550922,1,19,0,-1,19,6,2,-1,0,0,0,0,0,0,1,1,-1,9,1,40,7,-1,-1,-1,-1,1,E01021988,0,4
2025371550922,2025,371550922,2,9,0,-1,19,6,2,-1,0,0,0,0,0,0,2,1,-1,9,2,48,8,-1,-1,-1,-1,5,E01030185,0,3
2025371550979,2025,371550979,1,9,-1,-1,-1,-1,-1,-1,-1,0,-1,-1,-1,0,-1,1,-1,6,1,56,9,-1,-1,-1,-1,6,E01030044,0,2
2025371551114,2025,371551114,1,9,0,-1,19,6,2,-1,0,0,1,0,7,0,4,1,-1,9,1,42,7,-1,-1,-1,-1,1,E01026641,0,4
2025371551391,2025,371551391,1,9,0,-1,9,1,5,-1,0,2,0,0,0,0,1,1,-1,9,2,49,8,-1,-1,-1,-1,2,E01030031,0,1
2025371551391,2025,371551391,2,1,0,-1,9,7,5,-1,0,1,0,0,0,0,1,1,-1,6,1,16,4,-1,-1,-1,-1,2,E01030029,0,1
2025371551393,2025,371551393,1,9,0,-1,19,3,7,-1,9,0,0,0,1,0,4,1,-1,6,1,43,7,-1,-1,-1,-1,2,E01030024,0,1
2025371551561,2025,371551561,1,9,0,-1,7,4,8,-1,0,1,0,0,0,0,1,1,-1,6,1,32,6,-1,-1,-1,-1,6,E01030071,0,1
2025371551561,2025,371551561,2,9,0,-1,19,4,2,-1,0,8,0,0,0,0,4,1,-1,6,2,65,9,-1,-1,-1,-1,5,E01030080,0,1
2025371551607,2025,371551607,2,9,0,-1,19,-1,-1,-1,0,0,0,0,0,0,1,1,-1,9,2,61,9,-1,-1,-1,-1,6,E01030063,0,4
2025371551607,2025,371551607,1,19,0,-1,-1,-1,-1,-1,0,0,0,0,0,0,4,9,-1,6,1,31,6,-1,-1,-1,-1,7,E01034573,0,1
2025371551823,2025,371551823,1,9,0,-1,19,3,5,-1,0,0,0,11,0,0,3,1,-1,9,1,81,11,-1,-1,-1,-1,8,E01030117,0,1
2025371551967,2025,371551967,1,9,0,-1,9,5,8,-1,99,8,0,0,0,0,3,1,-1,6,2,47,8,-1,-1,-1,-1,10,E01030050,0,3
2025371551967,2025,371551967,2,1,0,-1,19,4,8,-1,0,8,0,0,0,0,1,1,-1,2,2,57,9,-1,-1,-1,-1,8,E01033047,0,1
2025371552180,2025,371552180,2,9,0,-1,2,0,0,-1,0,0,0,0,0,0,1,1,-1,6,1,38,7,-1,-1,-1,-1,8,E01030167,0,1
2025371552180,2025,371552180,3,9,0,-1,2,0,0,-1,0,0,0,0,0,0,4,1,-1,6,-1,-1,-1,-1,-1,-1,-1,-1,-1,0,-1
2025371552180,2025,371552180,4,9,0,-1,2,0,0,-1,0,0,0,0,0,0,4,1,-1,6,-1,-1,-1,-1,-1,-1,-1,-1,-1,0,-1
2025371552180,2025,371552180,1,9,0,-1,19,6,2,-1,0,0,5,0,0,0,1,1,-1,6,1,27,6,-1,-1,-1,-1,10,E01030166,0,1
2025371552742,2025,371552742,1,9,0,-1,4,-1,-1,-1,0,0,0,0,0,0,1,1,-1,6,1,22,5,-1,-1,-1,-1,-1,-1,0,-1
2025371552742,2025,371552742,2,9,0,-1,4,-1,-1,-1,0,0,0,0,0,0,2,1,-1,2,2,21,5,-1,-1,-1,-1,8,E01030197,0,2
2025371552781,2025,371552781,2,9,0,-1,19,7,3,-1,0,0,0,0,0,0,2,1,-1,9,1,31,6,-1,-1,-1,-1,10,E01033444,0,1
2025371552781,2025,371552781,1,9,5,-1,19,7,3,-1,0,0,0,0,0,0,1,1,-1,9,1,20,4,-1,-1,-1,-1,9,E01035146,0,4
2025371552810,2025,371552810,2,9,0,-1,19,8,5,-1,0,2,0,0,0,0,1,9,-1,9,2,43,7,-1,-1,-1,-1,2,E01030032,0,1
2025371552810,2025,371552810,1,9,0,-1,9,7,3,-1,0,2,0,0,0,0,1,9,-1,9,1,40,7,-1,-1,-1,-1,2,E01030032,0,1
2025371552897,2025,371552897,1,9,0,-1,5,3,7,-1,0,1,0,0,0,0,1,9,-1,6,1,-1,-1,-1,-1,-1,-1,-1,-1,0,-1
2025371552897,2025,371552897,2,1,0,-1,19,1,5,-1,0,1,0,0,0,0,1,1,-1,7,1,17,4,-1,-1,-1,-1,2,E01030254,0,1
2025371553105,2025,371553105,3,98,0,-1,19,3,7,-1,0,0,5,0,0,0,1,1,-1,1,1,51,8,-1,-1,-1,-1,4,E01026905,0,4
2025371553105,2025,371553105,2,19,0,-1,19,7,3,-1,0,0,0,0,0,0,2,1,-1,2,1,63,9,-1,-1,-1,-1,5,E01030252,0,1
2025371553105,2025,371553105,1,9,0,-1,13,7,3,-1,0,0,0,0,0,0,1,1,-1,6,1,65,9,-1,-1,-1,-1,9,E01030239,0,1
2025371553135,2025,371553135,1,9,0,-1,19,-1,-1,-1,0,0,0,4,0,0,4,1,-1,6,3,-1,-1,-1,-1,-1,-1,-1,-1,0,-1
2025371553139,2025,371553139,1,9,0,-1,3,-1,-1,-1,0,1,0,0,0,0,1,1,-1,6,2,55,8,-1,-1,-1,-1,3,E01034568,0,3
2025371553139,2025,371553139,2,9,0,-1,3,-1,-1,-1,0,4,0,0,0,0,2,1,-1,9,2,17,4,-1,-1,-1,-1,5,E01029884,0,3
2025371553373,2025,371553373,1,9,0,-1,9,1,7,-1,0,8,0,0,0,0,4,1,-1,9,1,65,9,-1,-1,-1,-1,7,E01029965,0,1
2025371553373,2025,371553373,2,3,0,-1,19,5,1,-1,0,8,0,0,0,0,3,1,-1,2,1,19,4,-1,-1,-1,-1,4,E01029962,0,1
2025371553379,2025,371553379,2,1,0,-1,19,7,3,-1,0,0,0,0,0,0,0,1,-1,2,1,40,7,-1,-1,-1,-1,1,E01030012,0,2
2025371553379,2025,371553379,1,9,0,-1,19,5,1,-1,0,0,0,0,0,0,1,1,-1,2,2,40,7,-1,-1,-1,-1,3,E01029968,0,1
2025371553408,2025,371553408,1,9,0,-1,19,4,8,-1,0,0,0,0,0,0,1,1,-1,6,2,30,6,-1,-1,-1,-1,7,E01030125,0,1
2025371553408,2025,371553408,2,9,0,-1,19,4,2,-1,0,0,0,0,0,0,2,1,-1,2,2,44,7,-1,-1,-1,-1,8,E01033044,0,1
2025371553434,2025,371553434,1,9,0,-1,19,1,4,-1,0,8,0,0,1,0,1,1,-1,6,1,19,4,-1,-1,-1,-1,6,E01030027,0,1
2025371553628,2025,371553628,1,1,0,-1,99,-1,-1,-1,99,0,9,0,0,0,0,1,-1,6,1,-1,-1,-1,-1,-1,-1,-1,-1,0,-1
2025371553847,2025,371553847,1,9,0,-1,9,1,5,-1,0,0,0,0,0,0,3,1,-1,6,1,66,10,-1,-1,-1,-1,8,E01029923,0,1
2025371554076,2025,371554076,1,9,0,-1,19,5,1,-1,0,0,0,0,0,0,0,1,-1,2,1,45,7,-1,-1,-1,-1,3,E01029984,0,1
2025371554076,2025,371554076,2,1,0,-1,19,4,8,-1,0,0,2,0,0,0,1,1,-1,6,1,33,6,-1,-1,-1,-1,5,E01030030,0,1
2025371554086,2025,371554086,1,9,0,-1,5,7,1,-1,9,0,0,0,0,0,1,1,-1,9,2,28,6,-1,-1,-1,-1,7,E01033454,0,1
2025371554086,2025,371554086,2,1,-1,-1,-1,-1,-1,-1,-1,0,-1,-1,-1,0,-1,1,-1,6,1,11,3,-1,-1,-1,-1,7,E01029947,0,1
2025371554442,2025,371554442,2,1,0,-1,99,-1,-1,-1,99,0,9,99,9,99,3,1,-1,6,1,13,3,-1,-1,-1,-1,5,E01026891,0,1
2025371554442,2025,371554442,1,9,0,-1,-1,-1,-1,-1,-1,0,-1,-1,-1,0,-1,9,-1,6,3,-1,-1,-1,-1,-1,-1,-1,-1,0,-1
2025371554590,2025,371554590,1,9,0,-1,19,-1,-1,-1,0,1,0,4,3,0,2,1,-1,6,3,-1,-1,-1,-1,-1,-1,-1,-1,0,-1
2025371554590,2025,371554590,2,9,0,-1,4,-1,-1,-1,0,1,0,0,3,0,2,1,-1,6,2,39,7,-1,-1,-1,-1,5,E01029970,0,1
2025371554660,2025,371554660,1,9,0,-1,19,5,2,-1,0,6,0,0,0,0,1,1,-1,9,2,69,10,-1,-1,-1,-1,5,E01035154,0,1
2025371554660,2025,371554660,2,9,0,-1,19,7,2,-1,0,2,0,0,0,0,3,1,-1,9,1,19,4,-1,-1,-1,-1,5,E01030245,0,2
2025371555180,2025,371555180,1,3,0,-1,19,1,3,-1,0,0,5,0,0,0,1,1,-1,1,1,29,6,-1,-1,-1,-1,5,E01033127,0,1
2025371555277,2025,371555277,2,9,0,-1,3,1,5,-1,0,0,0,0,0,0,2,1,-1,6,1,65,9,-1,-1,-1,-1,4,E01029888,0,1
2025371555277,2025,371555277,1,9,0,-1,19,1,5,-1,0,0,0,0,0,0,1,1,-1,6,2,87,11,-1,-1,-1,-1,8,E01021407,0,1
2025371555277,2025,371555277,3,9,0,-1,10,1,7,-1,0,0,0,0,0,0,2,1,-1,6,1,64,9,-1,-1,-1,-1,6,E01029907,0,3
2025371556145,2025,371556145,2,1,0,-1,19,1,5,-1,0,3,0,0,0,0,1,1,-1,6,2,33,6,-1,-1,-1,-1,-1,-1,0,-1
2025371556145,2025,371556145,1,9,0,-1,19,2,5,-1,0,3,0,0,0,0,3,1,-1,1,1,41,7,-1,-1,-1,-1,10,E01033444,0,2
2025371556224,2025,371556224,2,1,0,-1,19,3,7,-1,0,8,5,0,0,0,1,1,-1,6,1,55,8,-1,-1,-1,-1,6,E01030218,0,1
2025371556224,2025,371556224,1,9,0,-1,19,7,4,-1,0,8,0,0,0,0,1,1,-1,9,1,80,11,-1,-1,-1,-1,7,E01030217,0,1
2025371556226,2025,371556226,1,9,0,-1,19,1,5,-1,0,0,0,0,0,0,1,1,-1,9,2,52,8,-1,-1,-1,-1,7,E01029875,0,1
2025371556226,2025,371556226,2,9,0,-1,4,5,1,-1,0,0,0,0,0,0,1,1,-1,9,2,67,10,-1,-1,-1,-1,6,E01029907,0,2
2025371556478,2025,371556478,2,9,0,-1,4,5,3,-1,0,1,0,0,0,0,2,1,-1,2,2,30,6,-1,-1,-1,-1,6,E01026492,0,1
2025371556478,2025,371556478,1,9,0,-1,19,5,1,-1,0,1,9,0,0,0,1,1,-1,6,1,26,6,-1,-1,-1,-1,4,E01029929,0,1
2025371556595,2025,371556595,1,9,0,-1,19,3,7,-1,-1,0,0,0,0,0,1,1,-1,9,1,61,9,-1,-1,-1,-1,7,E01030003,0,4
2025371556595,2025,371556595,2,21,1,-1,2,0,0,-1,-1,0,0,0,0,0,2,1,-1,1,1,45,7,-1,-1,-1,-1,1,E01015887,0,4
2025371556768,2025,371556768,2,9,0,-1,19,3,7,-1,0,1,0,0,0,0,1,2,-1,6,1,19,4,-1,-1,-1,-1,5,E01026650,0,2
2025371556768,2025,371556768,1,9,0,-1,19,7,3,-1,0,1,0,0,0,0,1,1,-1,6,1,70,10,-1,-1,-1,-1,5,E01026493,0,3
2025371556787,2025,371556787,2,9,0,-1,19,2,5,-1,0,1,0,0,0,0,1,1,-1,9,2,75,10,-1,-1,-1,-1,7,E01030207,0,2
2025371556787,2025,371556787,1,9,0,-1,19,1,5,-1,0,1,0,0,0,0,1,1,-1,9,1,25,5,-1,-1,-1,-1,4,E01030230,0,4
2025371556869,2025,371556869,1,9,0,-1,19,1,5,-1,0,0,0,0,1,3,1,1,-1,9,1,70,10,-1,-1,-1,-1,6,E01030154,0,2
2025371557024,2025,371557024,3,19,0,-1,-1,-1,-1,-1,-1,0,-1,-1,-1,0,-1,9,-1,9,1,47,8,-1,-1,-1,-1,4,E01030236,0,1
2025371557024,2025,371557024,1,19,-1,-1,-1,-1,-1,-1,-1,0,-1,-1,-1,0,-1,9,-1,6,1,30,6,-1,-1,-1,-1,4,E01030251,0,1
2025371557024,2025,371557024,2,19,0,-1,-1,-1,-1,-1,-1,0,-1,-1,-1,0,-1,9,-1,6,1,-1,-1,-1,-1,-1,-1,-1,-1,0,-1
2025371557050,2025,371557050,2,1,0,-1,19,7,3,-1,0,0,5,0,1,0,0,1,-1,6,1,62,9,-1,-1,-1,-1,3,E01030253,0,2
2025371557050,2025,371557050,1,9,0,-1,19,7,3,-1,0,0,0,0,0,0,4,1,-1,6,2,77,11,-1,-1,-1,-1,4,E01030295,0,2
2025371557615,2025,371557615,1,9,0,-1,19,5,1,-1,0,1,0,0,0,0,1,1,-1,9,1,22,5,-1,-1,-1,-1,3,E01030287,0,4
2025371557615,2025,371557615,2,9,0,-1,9,5,1,-1,0,8,0,0,1,0,2,1,-1,9,2,47,8,-1,-1,-1,-1,7,E01030096,0,3
2025371557700,2025,371557700,1,9,0,-1,19,3,6,-1,0,8,0,0,0,0,1,1,-1,6,2,41,7,-1,-1,-1,-1,3,E01030253,0,2
2025371557700,2025,371557700,2,9,0,-1,19,2,6,-1,0,8,0,0,0,0,4,1,-1,2,2,49,8,-1,-1,-1,-1,7,E01026893,0,4
2025371557703,2025,371557703,1,9,0,-1,10,5,1,-1,0,2,0,0,0,0,1,1,-1,6,1,42,7,-1,-1,-1,-1,10,E01030205,0,1
2025371557704,2025,371557704,1,9,0,-1,19,1,5,-1,0,0,0,0,7,4,1,1,-1,9,1,40,7,-1,-1,-1,-1,4,E01029960,0,4
2025371557950,2025,371557950,1,9,0,-1,13,3,7,-1,0,0,0,0,0,0,4,1,-1,6,3,-1,-1,-1,-1,-1,-1,-1,-1,0,-1
2025371557950,2025,371557950,2,9,0,-1,19,7,3,-1,0,0,0,0,0,0,1,1,-1,9,1,60,9,-1,-1,-1,-1,9,E01029921,0,1
2025371558365,2025,371558365,2,4,0,-1,19,7,3,-1,0,1,0,0,0,0,1,1,-1,2,1,61,9,-1,-1,-1,-1,6,E01030044,0,1
2025371558365,2025,371558365,1,9,0,-1,5,1,5,-1,9,1,0,0,0,0,4,1,-1,2,1,35,6,-1,-1,-1,-1,8,E01030043,0,1
2025371558379,2025,371558379,2,1,0,-1,4,7,-1,-1,0,1,0,0,0,0,1,1,-1,1,1,50,8,-1,-1,-1,-1,5,E01029946,0,1
2025371558379,2025,371558379,1,9,0,-1,19,-1,7,-1,0,8,0,0,0,0,1,1,-1,6,1,48,8,-1,-1,-1,-1,4,E01029940,0,1
2025371558412,2025,371558412,1,9,0,-1,19,8,5,-1,0,8,0,0,1,0,1,1,-1,9,2,77,11,-1,-1,-1,-1,6,E01030099,0,1
2025371558412,2025,371558412,2,9,0,-1,8,5,3,-1,0,8,0,0,1,0,1,1,-1,9,2,66,10,-1,-1,-1,-1,10,E01030116,0,3
2025371558735,2025,371558735,2,9,0,-1,3,-1,-1,-1,99,1,0,0,0,0,4,1,-1,6,1,28,6,-1,-1,-1,-1,3,E01033123,0,1
2025371558735,2025,371558735,1,9,0,-1,1,-1,-1,-1,99,1,0,0,0,0,2,1,-1,9,1,30,6,-1,-1,-1,-1,2,E01030024,0,1
2025371558815,2025,371558815,1,9,0,-1,1,7,3,-1,0,0,0,0,0,0,0,1,-1,2,1,26,6,-1,-1,-1,-1,3,E01026465,0,1
2025371558815,2025,371558815,3,9,0,-1,19,3,7,-1,0,0,0,0,0,0,1,1,-1,2,1,62,9,-1,-1,-1,-1,4,E01026468,0,1
2025371558815,2025,371558815,2,9,0,-1,19,3,7,-1,0,0,0,0,0,0,2,1,-1,2,1,32,6,-1,-1,-1,-1,3,E01026458,0,4
2025371558860,2025,371558860,1,97,0,-1,13,3,7,-1,0,0,5,0,0,0,1,1,-1,1,1,37,7,-1,-1,-1,-1,2,E01030265,0,1
2025371558860,2025,371558860,2,19,0,-1,9,3,1,-1,0,0,0,0,0,0,3,1,-1,2,1,45,7,-1,-1,-1,-1,4,E01030236,0,1
2025371558925,2025,371558925,1,9,0,-1,9,1,3,-1,0,6,0,0,0,0,3,1,-1,9,1,24,5,-1,-1,-1,-1,3,E01029889,0,1
2025371558925,2025,371558925,2,9,0,-1,19,3,7,-1,0,8,0,0,0,0,1,1,-1,6,1,69,10,-1,-1,-1,-1,7,E01029899,0,2
2025371559313,2025,371559313,2,9,0,-1,4,-1,-1,-1,0,0,0,0,1,0,2,1,-1,6,2,34,6,-1,-1,-1,-1,5,E01030106,0,4
2025371559313,2025,371559313,1,9,0,-1,99,-1,-1,-1,0,0,0,0,1,0,1,1,-1,6,1,-1,-1,-1,-1,-1,-1,5,E01029946,0,3
2025371559316,2025,371559316,2,1,0,-1,19,2,6,-1,0,8,5,0,0,0,1,1,-1,6,2,17,4,-1,-1,-1,-1,8,E01030098,0,1