collision_index,collision_year,collision_ref_no,vehicle_reference,vehicle_type,towing_and_articulation,vehicle_manoeuvre_historic,vehicle_manoeuvre,vehicle_direction_from,vehicle_direction_to,vehicle_location_restricted_lane_historic,vehicle_location_restricted_lane,junction_location,skidding_and_overturning,hit_object_in_carriageway,vehicle_leaving_carriageway,hit_object_off_carriageway,first_point_of_impact,vehicle_left_hand_drive,journey_purpose_of_driver_historic,journey_purpose_of_driver,sex_of_driver,age_of_driver,age_band_of_driver,engine_capacity_cc,propulsion_code,age_of_vehicle,generic_make_model,driver_imd_decile,lsoa_of_driver,escooter_flag,driver_distance_banding
2025371559316,2025,371559316,1,9,0,-1,19,4,8,-1,0,8,0,0,0,0,1,1,-1,2,1,34,6,-1,-1,-1,-1,6,E01029945,0,3
2025371559453,2025,371559453,1,10,0,-1,19,3,5,-1,0,0,0,12,0,0,1,1,-1,9,2,52,8,-1,-1,-1,-1,8,E01033452,0,2
2025371559533,2025,371559533,1,9,0,-1,19,-1,-1,-1,0,0,0,0,0,0,-1,1,-1,6,2,66,10,-1,-1,-1,-1,9,E01034559,0,3
2025371559612,2025,371559612,1,9,0,-1,12,-1,-1,-1,0,8,0,0,0,0,1,1,-1,6,1,25,5,-1,-1,-1,-1,3,E01033123,0,2
2025371559612,2025,371559612,2,9,0,-1,19,-1,-1,-1,0,3,0,0,0,0,2,1,-1,6,2,31,6,-1,-1,-1,-1,9,E01034559,0,2
2025371559843,2025,371559843,1,9,0,-1,19,7,3,-1,0,0,0,0,0,0,1,1,-1,6,1,32,6,-1,-1,-1,-1,1,E01030018,0,2
2025371559843,2025,371559843,2,9,0,-1,19,7,3,-1,0,0,0,0,0,0,2,1,-1,6,2,33,6,-1,-1,-1,-1,1,E01029986,0,2
2025371560350,2025,371560350,1,9,0,-1,7,3,1,-1,0,0,0,0,0,0,1,1,-1,6,2,30,6,-1,-1,-1,-1,-1,-1,0,-1
2025371560350,2025,371560350,2,1,0,-1,19,5,1,-1,0,0,5,0,0,0,4,1,-1,2,1,52,8,-1,-1,-1,-1,1,E01030250,0,1
2025371560502,2025,371560502,2,9,0,-1,19,3,7,-1,0,0,1,6,1,0,2,1,-1,6,1,42,7,-1,-1,-1,-1,9,E01033442,0,3
2025371560502,2025,371560502,1,9,0,-1,19,3,7,-1,0,0,0,0,0,0,1,1,-1,6,1,21,5,-1,-1,-1,-1,7,E01029911,0,2
2025371560570,2025,371560570,2,9,0,-1,4,3,7,-1,0,0,0,0,0,0,2,1,-1,1,2,58,9,-1,-1,-1,-1,8,E01030088,0,1
2025371560570,2025,371560570,1,9,0,-1,19,3,7,-1,0,0,0,0,0,0,1,1,-1,1,2,54,8,-1,-1,-1,-1,6,E01030064,0,1
2025371560587,2025,371560587,2,2,0,-1,19,3,8,-1,0,1,0,0,0,0,1,1,-1,6,1,16,4,-1,-1,-1,-1,6,E01030260,0,1
2025371560587,2025,371560587,1,9,0,-1,5,5,8,-1,0,1,0,0,0,0,4,1,-1,6,2,64,9,-1,-1,-1,-1,2,E01030265,0,1
2025371560619,2025,371560619,1,9,0,-1,19,7,4,-1,0,0,0,0,1,0,3,1,-1,6,1,57,9,-1,-1,-1,-1,5,E01018024,0,4
2025371560662,2025,371560662,1,9,0,-1,4,-1,-1,-1,0,0,1,0,3,0,1,1,-1,6,2,52,8,-1,-1,-1,-1,5,E01030281,0,1
2025371560662,2025,371560662,2,9,0,-1,3,-1,-1,-1,0,0,0,0,0,0,2,1,-1,6,1,38,7,-1,-1,-1,-1,1,E01030250,0,1
2025371561117,2025,371561117,2,9,0,-1,19,7,7,-1,0,1,0,0,0,0,1,1,-1,1,1,34,6,-1,-1,-1,-1,6,E01030135,0,3
2025371561117,2025,371561117,1,9,0,-1,19,7,7,-1,0,1,0,0,0,0,1,1,-1,9,2,28,6,-1,-1,-1,-1,5,E01030146,0,1
2025371561211,2025,371561211,2,9,0,-1,7,6,1,-1,0,8,0,0,0,0,1,1,-1,6,3,-1,-1,-1,-1,-1,-1,-1,-1,0,-1
2025371561211,2025,371561211,1,1,0,-1,19,7,3,-1,0,8,0,0,0,0,2,1,-1,7,1,12,3,-1,-1,-1,-1,-1,-1,0,-1
2025371561347,2025,371561347,2,19,0,-1,2,0,0,-1,0,0,0,0,0,0,4,1,-1,6,3,-1,-1,-1,-1,-1,-1,-1,-1,0,-1
2025371561347,2025,371561347,1,19,0,-1,19,1,5,-1,-1,0,0,4,1,0,4,1,-1,6,3,-1,-1,-1,-1,-1,-1,-1,-1,0,-1
2025371561362,2025,371561362,1,3,0,-1,4,4,8,-1,0,8,1,0,0,0,0,1,-1,2,2,36,7,-1,-1,-1,-1,6,E01033126,0,2
2025371561711,2025,371561711,3,9,0,-1,19,5,1,-1,0,0,0,0,0,0,2,1,-1,9,1,37,7,-1,-1,-1,-1,7,E01030007,0,1
2025371561711,2025,371561711,1,98,0,-1,19,5,1,-1,0,0,0,0,0,0,1,1,-1,9,1,46,8,-1,-1,-1,-1,-1,-1,0,-1
2025371561711,2025,371561711,2,9,0,-1,19,5,1,-1,0,0,0,0,0,0,2,1,-1,9,1,48,8,-1,-1,-1,-1,8,E01029997,0,1
2025371561744,2025,371561744,2,9,0,-1,19,1,1,-1,0,1,0,0,0,0,1,1,-1,2,1,61,9,-1,-1,-1,-1,8,E01030111,0,2
2025371561744,2025,371561744,1,19,0,-1,9,1,7,-1,0,6,0,0,0,0,1,1,-1,2,1,26,6,-1,-1,-1,-1,5,E01030105,0,2
2025371561744,2025,371561744,3,19,0,-1,8,3,3,-1,0,1,0,0,0,0,1,1,-1,2,1,45,7,-1,-1,-1,-1,7,E01018011,0,2
2025371561824,2025,371561824,1,9,0,-1,5,1,5,-1,0,6,0,0,0,0,1,1,-1,9,1,37,7,-1,-1,-1,-1,10,E01030206,0,1
2025371561824,2025,371561824,2,19,0,-1,19,7,3,-1,0,1,0,0,0,0,1,1,-1,2,1,73,10,-1,-1,-1,-1,1,E01030036,0,2
2025371561883,2025,371561883,1,9,0,-1,9,7,3,-1,0,8,0,0,0,0,1,1,-1,9,2,59,9,-1,-1,-1,-1,1,E01030018,0,1
2025371561883,2025,371561883,2,9,0,-1,19,3,7,-1,0,8,0,0,0,0,1,1,-1,9,1,32,6,-1,-1,-1,-1,3,E01030010,0,1
2025371561955,2025,371561955,3,9,0,-1,4,1,5,-1,0,0,0,0,0,0,2,1,-1,2,2,25,5,-1,-1,-1,-1,6,E01030041,0,3
2025371561955,2025,371561955,1,9,0,-1,4,1,5,-1,0,0,0,0,0,0,1,1,-1,2,2,28,6,-1,-1,-1,-1,5,E01030087,0,4
2025371561955,2025,371561955,2,19,0,-1,4,1,5,-1,0,0,0,0,0,0,1,1,-1,2,1,32,6,-1,-1,-1,-1,6,E01030056,0,4
2025371562040,2025,371562040,2,9,0,-1,2,0,0,-1,-1,0,-1,-1,-1,0,-1,9,-1,9,1,19,4,-1,-1,-1,-1,8,E01034567,0,1
2025371562040,2025,371562040,1,9,0,-1,-1,-1,-1,-1,-1,0,-1,-1,-1,0,-1,1,-1,6,1,73,10,-1,-1,-1,-1,6,E01034565,0,1
2025371562169,2025,371562169,1,9,0,-1,19,6,2,-1,0,0,0,0,7,0,1,1,-1,9,1,77,11,-1,-1,-1,-1,5,E01030201,0,1
2025371562193,2025,371562193,2,98,0,-1,10,7,1,-1,0,2,0,0,0,0,1,1,-1,9,1,54,8,-1,-1,-1,-1,10,E01030124,0,1
2025371562193,2025,371562193,1,3,0,-1,10,7,1,-1,0,1,0,0,0,0,3,1,-1,1,1,25,5,-1,-1,-1,-1,6,E01018300,0,4
2025371562226,2025,371562226,2,19,0,-1,2,0,0,-1,0,0,0,0,0,0,2,1,-1,6,-1,-1,-1,-1,-1,-1,-1,-1,-1,0,-1
2025371562226,2025,371562226,1,9,0,-1,19,4,8,-1,0,0,0,0,0,0,1,1,-1,6,1,26,6,-1,-1,-1,-1,7,E01030051,0,1
2025371562303,2025,371562303,1,9,0,-1,19,6,2,-1,0,8,0,0,0,0,1,1,-1,6,1,18,4,-1,-1,-1,-1,8,E01030042,0,1
2025371562303,2025,371562303,2,9,0,-1,9,3,8,-1,0,8,0,0,0,0,4,1,-1,9,1,26,6,-1,-1,-1,-1,6,E01030039,0,4
2025371562517,2025,371562517,2,5,0,-1,14,-1,-1,-1,0,1,0,0,0,0,4,1,-1,6,1,57,9,-1,-1,-1,-1,7,E01029974,0,1
2025371562517,2025,371562517,1,9,0,-1,9,-1,-1,-1,0,6,0,0,0,0,1,1,-1,6,1,35,6,-1,-1,-1,-1,9,E01030008,0,1
2025371562671,2025,371562671,2,9,0,-1,19,7,3,-1,0,0,0,0,0,0,1,1,-1,9,1,38,7,-1,-1,-1,-1,6,E01030151,0,1
2025371562671,2025,371562671,1,5,0,-1,19,3,7,-1,0,0,0,0,0,0,1,1,-1,9,1,56,9,-1,-1,-1,-1,5,E01035697,0,4
2025371562754,2025,371562754,2,1,0,-1,19,1,5,-1,0,4,0,0,0,0,1,1,-1,1,1,39,7,-1,-1,-1,-1,6,E01033043,0,1
2025371562754,2025,371562754,1,9,0,-1,5,2,6,-1,0,4,0,0,0,0,1,1,-1,1,1,23,5,-1,-1,-1,-1,6,E01033043,0,1
2025371563035,2025,371563035,1,3,0,-1,15,7,5,-1,0,8,1,0,0,0,1,1,-1,9,1,26,6,-1,-1,-1,-1,-1,-1,0,-1
2025371563035,2025,371563035,2,9,0,-1,1,2,4,-1,0,8,0,0,0,0,1,1,-1,9,1,34,6,-1,-1,-1,-1,-1,-1,0,-1
2025371563066,2025,371563066,2,9,0,-1,19,7,3,-1,0,8,0,0,0,0,2,1,-1,6,2,45,7,-1,-1,-1,-1,10,E01030104,0,4
2025371563066,2025,371563066,1,9,0,-1,19,7,3,-1,0,8,0,0,0,0,1,1,-1,6,3,-1,-1,-1,-1,-1,-1,-1,-1,0,-1
2025371563111,2025,371563111,1,9,-1,-1,-1,-1,-1,-1,-1,-1,-1,-1,-1,0,-1,9,-1,6,2,-1,-1,-1,-1,-1,-1,-1,-1,0,-1
2025371563111,2025,371563111,2,1,0,-1,99,-1,-1,-1,99,9,9,99,9,99,4,1,-1,6,1,10,2,-1,-1,-1,-1,6,E01030271,0,1
2025371563255,2025,371563255,1,9,0,-1,19,7,3,-1,0,0,0,0,0,0,1,1,-1,1,2,23,5,-1,-1,-1,-1,6,E01026612,0,3
2025371563255,2025,371563255,3,9,0,-1,2,0,0,-1,0,0,0,0,0,0,2,1,-1,6,-1,-1,-1,-1,-1,-1,-1,-1,-1,0,-1
2025371563255,2025,371563255,2,19,0,-1,19,3,7,-1,0,0,0,0,0,0,1,1,-1,2,1,65,9,-1,-1,-1,-1,5,E01030252,0,1
2025371563336,2025,371563336,1,9,0,-1,9,1,7,-1,0,8,0,0,0,0,3,1,-1,2,2,43,7,-1,-1,-1,-1,9,E01030196,0,1
2025371563336,2025,371563336,2,9,0,-1,19,7,3,-1,0,1,0,0,1,0,1,1,-1,9,1,48,8,-1,-1,-1,-1,10,E01030179,0,1
2025371563869,2025,371563869,2,3,0,-1,19,8,5,-1,0,1,0,0,0,0,1,1,-1,6,1,18,4,-1,-1,-1,-1,5,E01033448,0,1
2025371563869,2025,371563869,1,9,0,-1,9,3,8,-1,0,6,0,0,0,0,3,1,-1,6,1,70,10,-1,-1,-1,-1,5,E01030073,0,4
2025371564334,2025,371564334,1,9,0,-1,19,1,6,-1,0,0,1,0,2,3,1,1,-1,2,1,33,6,-1,-1,-1,-1,5,E01030105,0,1
2025371564375,2025,371564375,1,9,0,-1,9,4,2,-1,0,8,0,0,0,0,1,1,-1,6,1,18,4,-1,-1,-1,-1,6,E01030271,0,1
2025371564786,2025,371564786,3,9,0,-1,4,7,3,-1,0,0,0,0,0,0,2,1,-1,1,2,41,7,-1,-1,-1,-1,4,E01026468,0,3
2025371564786,2025,371564786,2,9,0,-1,19,7,3,-1,0,0,0,0,0,0,1,1,-1,6,1,83,11,-1,-1,-1,-1,6,E01030134,0,1
2025371564786,2025,371564786,1,19,0,-1,19,7,3,-1,0,0,0,0,0,0,1,1,-1,6,1,29,6,-1,-1,-1,-1,2,E01030139,0,1
2025371564808,2025,371564808,1,9,0,-1,9,6,8,-1,0,1,0,0,0,0,3,1,-1,6,2,23,5,-1,-1,-1,-1,8,E01030060,0,1
2025371564808,2025,371564808,2,19,0,-1,19,5,8,-1,0,1,0,0,0,0,1,1,-1,6,1,65,9,-1,-1,-1,-1,8,E01012472,0,5
2025371564958,2025,371564958,6,9,0,-1,19,3,7,-1,0,0,1,0,0,0,2,1,-1,9,1,44,7,-1,-1,-1,-1,9,E01026334,0,4
2025371564958,2025,371564958,4,9,0,-1,19,3,7,-1,0,0,1,1,0,0,1,1,-1,9,1,80,11,-1,-1,-1,-1,8,E01029925,0,3
2025371564958,2025,371564958,7,21,1,-1,19,3,7,-1,0,0,0,0,0,0,2,1,-1,1,1,47,8,-1,-1,-1,-1,1,E01011922,0,5
2025371564958,2025,371564958,5,9,0,-1,19,3,7,-1,0,0,1,1,1,0,2,1,-1,9,2,37,7,-1,-1,-1,-1,9,E01032611,0,3
2025371564958,2025,371564958,1,9,0,-1,19,3,7,-1,0,0,1,0,1,0,1,1,-1,9,2,18,4,-1,-1,-1,-1,8,E01029951,0,3
2025371564958,2025,371564958,2,9,0,-1,19,3,7,-1,0,0,1,0,1,0,1,1,-1,9,2,18,4,-1,-1,-1,-1,10,E01018019,0,3
2025371564958,2025,371564958,3,9,0,-1,19,3,7,-1,0,0,1,1,1,0,2,1,-1,6,1,30,6,-1,-1,-1,-1,6,E01032612,0,3
2025371565199,2025,371565199,2,9,0,-1,19,1,5,-1,0,1,0,0,0,0,1,1,-1,6,1,78,11,-1,-1,-1,-1,7,E01026897,0,4
2025371565199,2025,371565199,1,98,0,-1,-1,-1,-1,-1,-1,1,-1,-1,-1,0,-1,1,-1,6,1,22,5,-1,-1,-1,-1,5,E01022021,0,1
2025371565254,2025,371565254,1,9,-1,-1,-1,-1,-1,-1,-1,-1,-1,-1,-1,-1,-1,9,-1,6,3,-1,-1,-1,-1,-1,-1,-1,-1,0,-1
2025371565351,2025,371565351,2,5,0,-1,19,2,5,-1,0,1,0,0,0,0,1,1,-1,2,2,39,7,-1,-1,-1,-1,3,E01030163,0,1
2025371565351,2025,371565351,1,9,0,-1,9,4,2,-1,0,6,0,0,0,0,3,1,-1,9,2,40,7,-1,-1,-1,-1,2,E01030168,0,1
2025371565557,2025,371565557,2,9,0,-1,19,1,2,-1,0,1,0,0,7,0,1,1,-1,6,2,49,8,-1,-1,-1,-1,7,E01016588,0,5
2025371565557,2025,371565557,1,98,0,-1,9,1,2,-1,0,6,0,0,7,0,3,1,-1,6,1,61,9,-1,-1,-1,-1,9,E01026513,0,4
2025371565718,2025,371565718,1,9,0,-1,5,3,1,-1,0,2,0,0,0,0,1,1,-1,9,1,57,9,-1,-1,-1,-1,3,E01033123,0,1
2025371565718,2025,371565718,2,1,0,-1,9,3,5,-1,0,6,0,0,0,0,1,1,-1,7,1,12,3,-1,-1,-1,-1,-1,-1,0,-1
2025371565951,2025,371565951,2,9,0,-1,2,0,0,-1,0,1,0,0,0,0,2,1,-1,9,1,60,9,-1,-1,-1,-1,6,E01029926,0,1
2025371565951,2025,371565951,1,98,0,-1,19,1,5,-1,0,1,0,0,0,0,1,1,-1,9,1,35,6,-1,-1,-1,-1,4,E01026648,0,2
2025371566016,2025,371566016,1,5,0,-1,19,6,2,-1,0,0,0,0,7,0,1,1,-1,9,1,23,5,-1,-1,-1,-1,7,E01030083,0,1
2025371566016,2025,371566016,2,9,0,-1,9,6,4,-1,0,0,0,0,0,0,3,1,-1,9,2,63,9,-1,-1,-1,-1,6,E01030081,0,1
2025371566143,2025,371566143,1,9,0,-1,19,8,3,-1,0,0,0,0,7,9,1,1,-1,6,1,30,6,-1,-1,-1,-1,9,E01035147,0,4
2025371566233,2025,371566233,1,9,0,-1,19,5,2,-1,0,0,0,0,0,0,1,2,-1,9,1,94,11,-1,-1,-1,-1,9,E01029967,0,1
2025371566233,2025,371566233,2,9,0,-1,19,3,2,-1,0,0,0,0,0,0,1,1,-1,9,2,68,10,-1,-1,-1,-1,6,E01029983,0,1
2025371566416,2025,371566416,2,3,0,-1,19,3,7,-1,0,1,0,0,0,0,1,1,-1,6,2,18,4,-1,-1,-1,-1,5,E01030226,0,4
2025371566416,2025,371566416,1,9,0,-1,9,5,3,-1,0,6,0,0,0,0,3,1,-1,6,2,38,7,-1,-1,-1,-1,7,E01029995,0,1
2025371566454,2025,371566454,2,9,0,-1,99,-1,-1,-1,0,0,0,0,0,0,2,1,-1,6,1,51,8,-1,-1,-1,-1,2,E01030265,0,1
2025371566454,2025,371566454,1,9,-1,-1,-1,-1,-1,-1,-1,0,-1,-1,-1,0,-1,9,-1,6,2,-1,-1,-1,-1,-1,-1,-1,-1,0,-1
2025371566574,2025,371566574,1,19,-1,-1,-1,-1,-1,-1,-1,-1,-1,-1,-1,0,-1,9,-1,6,3,-1,-1,-1,-1,-1,-1,-1,-1,0,-1
2025371566621,2025,371566621,1,9,0,-1,14,5,1,-1,0,0,0,0,0,0,2,1,-1,6,1,39,7,-1,-1,-1,-1,8,E01021408,0,4
2025371566621,2025,371566621,2,9,0,-1,13,5,1,-1,0,0,1,0,9,0,3,1,-1,2,2,32,6,-1,-1,-1,-1,2,E01030170,0,2
2025371566649,2025,371566649,1,9,0,-1,7,3,5,-1,0,2,0,0,0,0,-1,9,-1,6,2,72,10,-1,-1,-1,-1,9,E01030193,0,1
2025371566665,2025,371566665,1,9,0,-1,19,7,1,-1,0,8,0,0,0,0,1,1,-1,9,2,25,5,-1,-1,-1,-1,7,E01030137,0,1
2025371566665,2025,371566665,2,90,0,-1,5,7,1,-1,0,8,0,0,0,0,4,1,-1,2,2,55,8,-1,-1,-1,-1,4,E01030140,0,1
2025371567110,2025,371567110,2,19,0,-1,19,-1,-1,-1,0,0,0,0,0,0,1,1,-1,1,2,54,8,-1,-1,-1,-1,1,E01022032,0,4
2025371567110,2025,371567110,1,9,-1,-1,-1,-1,-1,-1,-1,0,-1,-1,-1,0,-1,9,-1,6,1,33,6,-1,-1,-1,-1,6,E01003413,0,5
2025371567174,2025,371567174,1,9,0,-1,9,5,1,-1,0,0,0,0,0,0,1,1,-1,6,1,25,5,-1,-1,-1,-1,9,E01030173,0,1
2025371567174,2025,371567174,2,9,0,-1,19,5,1,-1,0,0,0,0,0,0,1,1,-1,6,1,34,6,-1,-1,-1,-1,6,E01030090,0,2
2025371567520,2025,371567520,2,97,0,-1,19,7,3,-1,0,3,1,0,0,0,1,1,-1,6,1,20,4,-1,-1,-1,-1,4,E01030295,0,2
2025371567520,2025,371567520,1,9,0,-1,5,1,5,-1,0,2,0,0,0,0,3,1,-1,6,2,55,8,-1,-1,-1,-1,5,E01030188,0,4
2025371567566,2025,371567566,2,19,0,-1,19,1,5,-1,0,0,0,0,0,0,1,1,-1,1,1,52,8,-1,-1,-1,-1,7,E01030037,0,4
2025371567566,2025,371567566,1,9,0,-1,19,5,1,-1,0,0,0,0,0,0,1,1,-1,2,1,35,6,-1,-1,-1,-1,8,E01033452,0,3
2025371568175,2025,371568175,3,9,0,-1,2,0,0,-1,0,0,0,0,0,0,1,1,-1,6,-1,-1,-1,-1,-1,-1,-1,-1,-1,0,-1
2025371568175,2025,371568175,4,9,0,-1,2,0,0,-1,0,0,0,0,0,0,1,1,-1,6,-1,-1,-1,-1,-1,-1,-1,-1,-1,0,-1
2025371568175,2025,371568175,1,9,0,-1,19,3,7,-1,0,0,5,4,0,0,3,1,-1,6,1,59,9,-1,-1,-1,-1,3,E01030253,0,1
2025371568175,2025,371568175,2,9,0,-1,2,0,0,-1,0,0,0,0,0,0,1,1,-1,6,-1,-1,-1,-1,-1,-1,-1,-1,-1,0,-1
2025371568469,2025,371568469,1,9,0,-1,1,1,4,-1,0,0,0,0,0,0,2,1,-1,2,1,39,7,-1,-1,-1,-1,7,E01030143,0,1
2025371568499,2025,371568499,2,9,0,-1,19,6,2,-1,0,8,0,0,0,0,4,1,-1,1,1,50,8,-1,-1,-1,-1,6,E01026649,0,2
2025371568499,2025,371568499,1,9,0,-1,19,4,8,-1,1,8,0,0,0,0,4,1,-1,1,1,30,6,-1,-1,-1,-1,7,E01026885,0,4
2025371568625,2025,371568625,1,9,0,-1,19,2,6,-1,0,0,0,0,0,0,3,1,-1,6,1,55,8,-1,-1,-1,-1,5,E01030222,0,1
2025371568625,2025,371568625,2,9,0,-1,7,2,4,-1,0,0,0,0,0,0,2,1,-1,9,1,82,11,-1,-1,-1,-1,10,E01030206,0,4
2025371568872,2025,371568872,2,9,0,-1,19,3,7,-1,0,1,0,0,0,0,1,1,-1,9,1,71,10,-1,-1,-1,-1,2,E01026601,0,4
2025371568872,2025,371568872,1,9,0,-1,9,3,7,-1,0,6,0,0,0,0,3,1,-1,9,1,22,5,-1,-1,-1,-1,3,E01029912,0,1
2025371569019,2025,371569019,2,9,0,-1,3,1,5,-1,0,0,0,0,0,0,2,1,-1,2,1,59,9,-1,-1,-1,-1,10,E01029973,0,1
2025371569019,2025,371569019,1,2,0,-1,19,1,5,-1,0,0,0,0,0,0,1,1,-1,9,1,16,4,-1,-1,-1,-1,2,E01029971,0,1
2025371569263,2025,371569263,2,9,0,-1,3,1,5,-1,0,0,0,0,0,0,2,1,-1,6,2,63,9,-1,-1,-1,-1,9,E01030233,0,1
2025371569263,2025,371569263,1,20,0,-1,19,1,5,-1,0,0,0,0,0,0,1,1,-1,6,1,-1,-1,-1,-1,-1,-1,-1,-1,0,-1
2025371569294,2025,371569294,1,1,0,-1,5,-1,-1,-1,0,8,0,0,0,0,3,1,-1,7,1,18,4,-1,-1,-1,-1,6,E01033539,0,4
2025371569294,2025,371569294,2,9,0,-1,9,-1,-1,-1,0,8,0,0,0,0,1,2,-1,6,2,17,4,-1,-1,-1,-1,3,E01029998,0,1
2025371569340,2025,371569340,2,9,0,-1,2,0,0,-1,0,2,0,0,0,0,2,1,-1,6,2,72,10,-1,-1,-1,-1,6,E01030020,0,1
2025371569340,2025,371569340,1,9,0,-1,19,4,8,-1,0,1,0,0,0,0,1,1,-1,6,1,39,7,-1,-1,-1,-1,4,E01029910,0,1
2025371569504,2025,371569504,1,9,0,-1,9,7,5,-1,0,1,0,0,0,0,1,1,-1,2,1,42,7,-1,-1,-1,-1,7,E01029937,0,1
2025371569504,2025,371569504,2,97,0,-1,15,3,7,-1,0,1,0,0,0,0,1,1,-1,2,1,26,6,-1,-1,-1,-1,6,E01018035,0,1
2025371569529,2025,371569529,2,98,0,-1,19,5,1,-1,0,0,0,0,0,0,1,1,-1,1,1,36,7,-1,-1,-1,-1,2,E01033122,0,3
2025371569529,2025,371569529,1,9,0,-1,19,1,5,-1,0,0,0,0,0,0,1,1,-1,6,2,20,4,-1,-1,-1,-1,6,E01030090,0,3
2025371569553,2025,371569553,1,9,0,-1,19,6,2,-1,0,0,0,0,0,0,2,1,-1,9,2,84,11,-1,-1,-1,-1,8,E01030119,0,1
2025371569553,2025,371569553,2,1,0,-1,19,8,4,-1,0,0,0,0,0,0,1,1,-1,9,2,57,9,-1,-1,-1,-1,8,E01030144,0,1
2025371569575,2025,371569575,1,9,0,-1,9,2,6,-1,0,8,0,0,0,0,1,1,-1,9,1,67,10,-1,-1,-1,-1,1,E01030227,0,1
2025371569575,2025,371569575,2,1,0,-1,19,5,1,-1,0,8,0,0,0,0,1,1,-1,6,1,63,9,-1,-1,-1,-1,4,E01030223,0,1
2025371569599,2025,371569599,2,1,0,-1,19,3,7,-1,0,0,0,0,0,0,4,1,-1,6,2,83,11,-1,-1,-1,-1,3,E01030123,0,1
2025371569599,2025,371569599,1,19,0,-1,19,5,1,-1,0,0,0,0,0,0,1,1,-1,1,1,53,8,-1,-1,-1,-1,4,E01030140,0,1
2025371569971,2025,371569971,1,9,0,-1,3,1,5,-1,0,0,0,0,0,0,3,1,-1,6,2,45,7,-1,-1,-1,-1,8,E01029923,0,1
2025371569971,2025,371569971,2,5,0,-1,5,1,5,-1,0,0,0,0,0,0,4,1,-1,2,1,32,6,-1,-1,-1,-1,9,E01029921,0,1
2025371570088,2025,371570088,1,9,0,-1,19,8,4,-1,0,0,0,0,0,0,1,1,-1,6,2,65,9,-1,-1,-1,-1,6,E01030212,0,1
2025371570088,2025,371570088,2,9,0,-1,19,4,8,-1,0,0,1,0,0,0,1,1,-1,6,1,-1,-1,-1,-1,-1,-1,9,E01030142,0,4
2025371570120,2025,371570120,1,98,-1,-1,-1,-1,-1,-1,-1,0,-1,-1,-1,0,-1,9,-1,9,1,41,7,-1,-1,-1,-1,5,E01030283,0,1
2025371570120,2025,371570120,2,19,0,-1,19,-1,-1,-1,0,0,0,0,0,0,3,1,-1,6,1,40,7,-1,-1,-1,-1,1,E01030250,0,3
2025371570124,2025,371570124,1,9,0,-1,4,7,4,-1,0,1,0,0,0,0,1,1,-1,6,1,26,6,-1,-1,-1,-1,4,E01030244,0,1
2025371570124,2025,371570124,2,4,0,-1,19,5,2,-1,0,1,0,0,0,0,1,1,-1,9,1,60,9,-1,-1,-1,-1,5,E01030210,0,3
2025371570460,2025,371570460,1,9,0,-1,19,3,1,-1,0,0,0,0,1,0,1,1,-1,9,2,67,10,-1,-1,-1,-1,9,E01030127,0,1
2025371570550,2025,371570550,1,98,0,-1,19,3,1,-1,0,0,1,0,0,0,4,1,-1,6,1,43,7,-1,-1,-1,-1,6,E01022000,0,4
2025371570561,2025,371570561,1,9,0,-1,19,3,7,-1,0,0,0,0,1,1,1,1,-1,1,1,58,9,-1,-1,-1,-1,1,E01033129,0,3
2025371570625,2025,371570625,1,9,0,-1,7,3,5,-1,0,3,0,0,0,0,4,1,-1,6,2,47,8,-1,-1,-1,-1,4,E01030295,0,2
2025371570625,2025,371570625,2,19,0,-1,7,3,5,-1,0,3,0,0,0,0,3,1,-1,1,2,47,8,-1,-1,-1,-1,1,E01026598,0,3
2025371570631,2025,371570631,1,-1,0,-1,19,1,5,-1,0,2,0,10,0,0,1,1,-1,6,1,35,6,-1,-1,-1,-1,2,E01030023,1,1
2025371570714,2025,371570714,2,9,0,-1,9,7,5,-1,0,1,0,0,0,0,4,1,-1,2,2,20,4,-1,-1,-1,-1,3,E01033123,0,1
2025371570714,2025,371570714,1,1,0,-1,19,3,7,-1,0,4,2,0,0,0,1,1,-1,6,1,20,4,-1,-1,-1,-1,3,E01030026,0,1
2025371570785,2025,371570785,1,9,-1,-1,-1,-1,-1,-1,-1,0,-1,-1,-1,0,-1,9,-1,6,1,56,9,-1,-1,-1,-1,6,E01033126,0,1
2025371570785,2025,371570785,2,1,0,-1,19,5,1,-1,0,0,5,0,0,0,1,1,-1,6,1,57,9,-1,-1,-1,-1,7,E01029966,0,1
2025371570964,2025,371570964,1,19,0,-1,19,1,5,-1,0,0,0,0,0,0,1,1,-1,6,1,45,7,-1,-1,-1,-1,7,E01030228,0,3
2025371570964,2025,371570964,2,9,0,-1,4,5,1,-1,0,0,0,0,0,0,1,1,-1,6,2,34,6,-1,-1,-1,-1,10,E01035154,0,2
2025371571017,2025,371571017,2,1,0,-1,-1,-1,-1,-1,-1,-1,-1,-1,-1,0,-1,1,-1,7,1,18,4,-1,-1,-1,-1,6,E01033539,0,4
2025371571017,2025,371571017,1,9,0,-1,-1,-1,-1,-1,-1,-1,-1,-1,-1,0,-1,1,-1,6,2,-1,-1,-1,-1,-1,-1,-1,-1,0,-1
2025371571184,2025,371571184,2,2,0,-1,19,6,2,-1,9,2,0,0,0,0,2,1,-1,9,1,17,4,-1,-1,-1,-1,2,E01030014,0,1
2025371571184,2025,371571184,1,2,0,-1,19,6,2,-1,0,2,0,0,0,0,1,1,-1,9,1,16,4,-1,-1,-1,-1,10,E01029908,0,1