collision_index,collision_year,collision_ref_no,vehicle_reference,vehicle_type,towing_and_articulation,vehicle_manoeuvre_historic,vehicle_manoeuvre,vehicle_direction_from,vehicle_direction_to,vehicle_location_restricted_lane_historic,vehicle_location_restricted_lane,junction_location,skidding_and_overturning,hit_object_in_carriageway,vehicle_leaving_carriageway,hit_object_off_carriageway,first_point_of_impact,vehicle_left_hand_drive,journey_purpose_of_driver_historic,journey_purpose_of_driver,sex_of_driver,age_of_driver,age_band_of_driver,engine_capacity_cc,propulsion_code,age_of_vehicle,generic_make_model,driver_imd_decile,lsoa_of_driver,escooter_flag,driver_distance_banding
2025371571376,2025,371571376,1,9,0,-1,9,1,7,-1,0,8,0,0,0,0,4,1,-1,9,1,36,7,-1,-1,-1,-1,9,E01030062,0,1
2025371571376,2025,371571376,2,9,0,-1,19,5,1,-1,0,8,0,0,0,0,1,1,-1,9,1,38,7,-1,-1,-1,-1,6,E01030002,0,3
2025371571674,2025,371571674,1,9,0,-1,19,7,3,-1,9,2,0,0,3,11,1,1,-1,6,1,78,11,-1,-1,-1,-1,2,E01030274,0,1
2025371571719,2025,371571719,1,9,0,-1,19,1,5,-1,0,0,0,0,0,0,-1,1,-1,6,1,41,7,-1,-1,-1,-1,7,E01029981,0,1
2025371571736,2025,371571736,1,9,-1,-1,-1,-1,-1,-1,-1,0,-1,-1,-1,0,-1,9,-1,6,3,-1,-1,-1,-1,-1,-1,-1,-1,0,-1
2025371571764,2025,371571764,1,9,0,-1,4,7,3,-1,0,0,0,0,0,0,1,1,-1,2,2,19,4,-1,-1,-1,-1,3,E01029996,0,1
2025371571764,2025,371571764,2,9,0,-1,4,7,3,-1,0,0,0,0,0,0,2,1,-1,7,2,32,6,-1,-1,-1,-1,1,E01029980,0,1
2025371571846,2025,371571846,2,9,0,-1,10,5,1,-1,0,1,0,0,0,0,2,1,-1,6,2,47,8,-1,-1,-1,-1,7,E01030049,0,3
2025371571846,2025,371571846,1,9,0,-1,19,5,1,-1,0,1,0,0,0,0,1,1,-1,6,1,54,8,-1,-1,-1,-1,8,E01030144,0,1
2025371572018,2025,371572018,1,9,0,-1,19,8,5,-1,9,0,0,0,1,0,1,1,-1,1,2,48,8,-1,-1,-1,-1,4,E01030230,0,1
2025371572095,2025,371572095,2,9,0,-1,19,6,1,-1,0,0,0,0,0,0,1,1,-1,6,2,47,8,-1,-1,-1,-1,6,E01029877,0,2
2025371572095,2025,371572095,1,9,0,-1,19,1,6,-1,0,0,0,0,0,0,1,1,-1,6,1,58,9,-1,-1,-1,-1,9,E01029872,0,1
2025371572095,2025,371572095,3,9,0,-1,19,6,1,-1,0,0,0,0,0,0,1,1,-1,9,1,20,4,-1,-1,-1,-1,6,E01029870,0,1
2025371572247,2025,371572247,1,9,0,-1,19,6,1,-1,0,7,0,0,0,0,2,1,-1,9,2,39,7,-1,-1,-1,-1,7,E01030217,0,1
2025371572247,2025,371572247,2,21,1,-1,19,6,2,-1,0,2,1,0,0,0,1,1,-1,1,1,49,8,-1,-1,-1,-1,8,E01026587,0,4
2025371572360,2025,371572360,2,11,0,-1,4,7,1,-1,0,0,0,0,0,0,3,1,-1,1,1,40,7,-1,-1,-1,-1,1,E01026833,0,4
2025371572360,2025,371572360,1,9,0,-1,19,7,2,-1,0,0,0,0,0,0,1,1,-1,6,1,26,6,-1,-1,-1,-1,4,E01030176,0,3
2025371572465,2025,371572465,2,9,0,-1,4,2,2,-1,0,0,0,0,1,0,1,1,-1,1,1,25,5,-1,-1,-1,-1,6,E01030059,0,3
2025371572465,2025,371572465,1,19,0,-1,4,2,2,-1,0,0,0,0,0,0,1,1,-1,6,1,58,9,-1,-1,-1,-1,3,E01030234,0,4
2025371572465,2025,371572465,3,20,0,-1,4,2,2,-1,0,0,0,0,1,0,1,1,-1,1,1,39,7,-1,-1,-1,-1,4,E01030251,0,4
2025371572497,2025,371572497,2,1,0,-1,19,2,6,-1,0,8,5,0,0,0,3,1,-1,9,1,77,11,-1,-1,-1,-1,9,E01029921,0,1
2025371572497,2025,371572497,1,19,0,-1,19,2,6,-1,0,8,0,0,0,0,1,1,-1,6,3,-1,-1,-1,-1,-1,-1,-1,-1,0,-1
2025371572947,2025,371572947,1,1,0,-1,19,3,8,-1,0,4,0,0,0,0,0,1,-1,1,2,40,7,-1,-1,-1,-1,7,E01030171,0,1
2025371572965,2025,371572965,1,9,0,-1,10,7,3,-1,0,1,0,0,0,0,1,1,-1,9,1,60,9,-1,-1,-1,-1,3,E01030010,0,3
2025371572965,2025,371572965,2,1,0,-1,19,2,6,-1,0,1,5,0,0,0,3,1,-1,6,1,67,10,-1,-1,-1,-1,7,E01029995,0,3
2025371572999,2025,371572999,1,9,0,-1,19,6,1,-1,0,0,1,0,7,4,1,1,-1,9,1,21,5,-1,-1,-1,-1,2,E01030023,0,2
2025371573036,2025,371573036,2,9,0,-1,19,7,3,-1,0,1,0,0,0,0,3,1,-1,6,1,44,7,-1,-1,-1,-1,6,E01029919,0,1
2025371573036,2025,371573036,1,9,0,-1,4,5,1,-1,0,1,0,0,0,0,1,1,-1,1,2,26,6,-1,-1,-1,-1,4,E01029920,0,1
2025371573062,2025,371573062,1,98,0,-1,19,3,7,-1,0,1,0,0,0,0,1,1,-1,6,1,21,5,-1,-1,-1,-1,7,E01026514,0,4
2025371573062,2025,371573062,2,90,0,-1,19,7,3,-1,0,1,0,0,0,0,3,1,-1,1,1,50,8,-1,-1,-1,-1,1,E01030035,0,4
2025371573145,2025,371573145,1,9,0,-1,5,3,7,-1,0,1,0,0,0,0,1,1,-1,2,1,72,10,-1,-1,-1,-1,5,E01030229,0,3
2025371573145,2025,371573145,2,9,0,-1,5,1,5,-1,0,1,0,0,0,0,3,1,-1,2,1,31,6,-1,-1,-1,-1,4,E01030231,0,2
2025371573162,2025,371573162,1,9,0,-1,9,3,1,-1,0,8,0,0,0,0,4,1,-1,9,2,24,5,-1,-1,-1,-1,5,E01029961,0,1
2025371573162,2025,371573162,2,3,0,-1,19,7,3,-1,0,1,5,0,0,0,1,1,-1,9,1,19,4,-1,-1,-1,-1,3,E01030161,0,3
2025371573192,2025,371573192,1,9,0,-1,19,4,8,-1,0,0,2,10,8,0,3,1,-1,9,1,17,4,-1,-1,-1,-1,10,E01030084,0,3
2025371573373,2025,371573373,1,9,0,-1,19,1,5,-1,0,0,0,0,0,0,3,9,-1,6,3,-1,-1,-1,-1,-1,-1,-1,-1,0,-1
2025371573536,2025,371573536,2,9,0,-1,3,-1,-1,-1,99,0,0,0,0,0,2,1,-1,2,2,20,4,-1,-1,-1,-1,10,E01029908,0,2
2025371573536,2025,371573536,1,99,0,-1,-1,-1,-1,-1,-1,0,-1,-1,-1,0,1,9,-1,6,3,-1,-1,-1,-1,-1,-1,-1,-1,0,-1
2025371573541,2025,371573541,1,9,0,-1,19,5,1,-1,0,0,0,0,0,0,4,1,-1,9,1,80,11,-1,-1,-1,-1,6,E01026899,0,2
2025371573676,2025,371573676,1,19,0,-1,19,4,2,-1,0,2,0,0,0,0,1,1,-1,9,1,38,7,-1,-1,-1,-1,6,E01029876,0,1
2025371573676,2025,371573676,2,9,4,-1,19,2,5,-1,0,1,0,0,0,0,1,1,-1,9,1,58,9,-1,-1,-1,-1,6,E01029876,0,1
2025371574480,2025,371574480,1,9,0,-1,4,-1,-1,-1,0,2,0,0,7,0,3,1,-1,6,2,-1,-1,-1,-1,-1,-1,-1,-1,0,-1
2025371574480,2025,371574480,2,3,0,-1,13,-1,-1,-1,0,2,0,10,7,0,4,1,-1,6,1,17,4,-1,-1,-1,-1,6,E01030027,0,1
2025371574514,2025,371574514,1,97,0,-1,19,1,4,-1,0,0,5,0,0,0,-1,1,-1,9,1,-1,-1,-1,-1,-1,-1,-1,-1,0,-1
2025371574514,2025,371574514,2,9,0,-1,19,5,2,-1,0,0,0,0,0,0,1,1,-1,9,2,47,8,-1,-1,-1,-1,5,E01030252,0,3
2025371574628,2025,371574628,2,9,0,-1,4,5,1,-1,0,0,0,0,0,0,2,1,-1,9,2,19,4,-1,-1,-1,-1,10,E01030204,0,1
2025371574628,2025,371574628,1,9,0,-1,19,5,1,-1,0,0,0,0,0,0,1,1,-1,9,1,81,11,-1,-1,-1,-1,6,E01030212,0,4
2025371574700,2025,371574700,1,9,0,-1,19,3,5,-1,0,0,5,7,0,0,1,1,-1,1,1,33,6,-1,-1,-1,-1,9,E01030173,0,1
2025371574867,2025,371574867,2,9,0,-1,4,7,3,-1,0,1,0,0,0,0,1,1,-1,7,1,30,6,-1,-1,-1,-1,5,E01029990,0,1
2025371574867,2025,371574867,1,9,0,-1,9,3,7,-1,0,1,0,0,0,0,1,1,-1,6,1,19,4,-1,-1,-1,-1,1,E01033131,0,1
2025371574922,2025,371574922,1,9,0,-1,4,3,7,-1,0,1,0,0,0,0,4,1,-1,6,2,28,6,-1,-1,-1,-1,4,E01032526,0,1
2025371574922,2025,371574922,2,9,0,-1,9,5,1,-1,0,1,0,0,1,11,4,1,-1,6,2,55,8,-1,-1,-1,-1,4,E01032526,0,1
2025371575266,2025,371575266,1,9,0,-1,19,7,3,-1,0,1,0,0,0,0,3,1,-1,6,2,44,7,-1,-1,-1,-1,8,E01030121,0,2
2025371575266,2025,371575266,2,9,0,-1,19,1,5,-1,0,1,0,0,0,0,1,1,-1,6,1,49,8,-1,-1,-1,-1,7,E01030068,0,2
2025371575310,2025,371575310,1,9,0,-1,19,-1,-1,-1,0,-1,0,0,0,0,-1,1,-1,6,1,31,6,-1,-1,-1,-1,2,E01033125,0,1
2025371575570,2025,371575570,1,9,4,-1,19,6,2,-1,0,0,5,0,1,0,4,1,-1,9,1,50,8,-1,-1,-1,-1,4,E01030219,0,4
2025371575570,2025,371575570,2,9,0,-1,19,6,2,-1,0,0,5,0,1,0,3,1,-1,9,1,41,7,-1,-1,-1,-1,6,E01035155,0,4
2025371575570,2025,371575570,3,9,0,-1,19,6,2,-1,0,0,2,0,0,0,4,1,-1,6,-1,-1,-1,-1,-1,-1,-1,-1,-1,0,-1
2025371576034,2025,371576034,1,9,0,-1,5,5,1,-1,0,1,0,0,0,0,1,1,-1,6,1,19,4,-1,-1,-1,-1,2,E01029971,0,1
2025371576133,2025,371576133,1,9,0,-1,19,5,8,-1,0,0,0,0,0,0,4,1,-1,6,2,34,6,-1,-1,-1,-1,4,E01022041,0,4
2025371576133,2025,371576133,2,9,0,-1,2,0,0,-1,0,0,0,0,0,0,4,1,-1,6,1,30,6,-1,-1,-1,-1,2,E01029988,0,1
2025371576179,2025,371576179,1,9,0,-1,19,1,5,-1,0,0,0,0,0,0,1,1,-1,6,2,73,10,-1,-1,-1,-1,3,E01030123,0,3
2025371576179,2025,371576179,2,9,0,-1,19,5,1,-1,0,0,0,0,0,0,1,1,-1,6,2,47,8,-1,-1,-1,-1,5,E01030130,0,3
2025371576506,2025,371576506,1,97,0,-1,5,7,3,-1,0,1,0,0,0,0,2,1,-1,9,2,18,4,-1,-1,-1,-1,10,E01030179,0,2
2025371576506,2025,371576506,2,1,0,-1,19,3,7,-1,0,1,0,0,0,0,2,1,-1,9,1,20,4,-1,-1,-1,-1,2,E01030032,0,1
2025371576615,2025,371576615,1,9,0,-1,19,1,3,-1,0,2,1,0,1,0,1,1,-1,6,1,18,4,-1,-1,-1,-1,10,E01033319,0,1
2025371576630,2025,371576630,2,9,0,-1,2,0,0,-1,0,0,0,0,0,0,4,1,-1,6,-1,-1,-1,-1,-1,-1,-1,-1,-1,0,-1
2025371576630,2025,371576630,1,1,0,-1,19,7,3,-1,0,0,0,0,0,0,2,1,-1,1,1,18,4,-1,-1,-1,-1,4,E01030257,0,1
2025371576680,2025,371576680,2,9,0,-1,3,4,7,-1,0,1,0,0,0,0,2,9,-1,9,1,54,8,-1,-1,-1,-1,3,E01030026,0,3
2025371576680,2025,371576680,1,9,0,-1,3,4,7,-1,0,1,0,0,0,0,1,9,-1,9,1,30,6,-1,-1,-1,-1,2,E01033122,0,3
2025371576717,2025,371576717,2,4,-1,-1,19,-1,-1,-1,0,0,5,0,0,0,-1,1,-1,9,1,32,6,-1,-1,-1,-1,7,E01029955,0,1
2025371576717,2025,371576717,1,9,0,-1,1,-1,-1,-1,0,0,0,0,0,0,2,9,-1,9,1,52,8,-1,-1,-1,-1,7,E01029937,0,1
2025371576746,2025,371576746,1,9,0,-1,19,1,2,-1,0,1,0,0,0,0,1,1,-1,6,2,85,11,-1,-1,-1,-1,8,E01029923,0,1
2025371576802,2025,371576802,1,98,1,-1,3,3,7,-1,0,0,0,0,0,0,1,1,-1,6,3,43,7,-1,-1,-1,-1,6,E01030002,0,2
2025371576802,2025,371576802,2,9,0,-1,3,3,7,-1,0,0,0,0,0,0,2,1,-1,6,1,41,7,-1,-1,-1,-1,10,E01029894,0,2
2025371576824,2025,371576824,2,9,0,-1,5,1,5,-1,0,0,0,0,0,0,4,1,-1,2,1,48,8,-1,-1,-1,-1,9,E01026537,0,4
2025371576824,2025,371576824,1,1,0,-1,19,3,7,-1,0,0,2,0,0,0,4,1,-1,6,1,26,6,-1,-1,-1,-1,2,E01030139,0,1
2025371577103,2025,371577103,1,3,0,-1,19,3,6,-1,0,0,5,0,0,0,0,1,-1,9,2,20,4,-1,-1,-1,-1,10,E01030075,0,2
2025371577253,2025,371577253,1,9,0,-1,19,2,6,-1,0,0,0,0,0,0,1,1,-1,6,1,19,4,-1,-1,-1,-1,2,E01018068,0,5
2025371577590,2025,371577590,1,8,0,-1,-1,-1,-1,-1,-1,-1,-1,-1,-1,0,-1,1,-1,6,1,64,9,-1,-1,-1,-1,10,E01030129,0,1
2025371577590,2025,371577590,2,1,0,-1,-1,-1,-1,-1,-1,-1,-1,-1,-1,0,-1,1,-1,2,1,37,7,-1,-1,-1,-1,9,E01033045,0,1
2025371577684,2025,371577684,1,9,0,-1,19,4,8,-1,0,0,0,0,0,0,1,1,-1,7,2,26,6,-1,-1,-1,-1,5,E01030189,0,1
2025371577684,2025,371577684,2,9,0,-1,3,4,8,-1,0,0,0,0,0,0,2,1,-1,2,2,74,10,-1,-1,-1,-1,9,E01030173,0,3
2025371577736,2025,371577736,1,19,0,-1,1,7,5,-1,0,8,0,0,0,0,2,1,-1,6,2,42,7,-1,-1,-1,-1,3,E01034569,0,1
2025371577740,2025,371577740,2,21,1,-1,19,1,5,-1,0,0,0,0,7,0,1,1,-1,1,1,37,7,-1,-1,-1,-1,5,E01018062,0,4
2025371577740,2025,371577740,1,9,0,-1,19,5,1,-1,0,0,0,0,0,0,1,1,-1,1,2,18,4,-1,-1,-1,-1,6,E01018052,0,2
2025371577783,2025,371577783,2,9,0,-1,19,3,7,-1,0,0,0,0,0,0,3,1,-1,6,-1,-1,-1,-1,-1,-1,-1,-1,-1,0,-1
2025371577783,2025,371577783,1,9,0,-1,-1,-1,-1,-1,-1,0,-1,-1,-1,0,-1,9,-1,6,3,-1,-1,-1,-1,-1,-1,-1,-1,0,-1
2025371577783,2025,371577783,3,9,0,-1,19,3,7,-1,0,0,0,0,0,0,4,1,-1,6,1,43,7,-1,-1,-1,-1,6,E01021525,0,4
2025371577872,2025,371577872,2,1,0,-1,19,8,4,-1,0,8,0,0,0,0,1,1,-1,6,1,21,5,-1,-1,-1,-1,2,E01030023,0,1
2025371577872,2025,371577872,1,9,0,-1,19,8,4,-1,0,8,0,0,0,0,1,1,-1,2,2,59,9,-1,-1,-1,-1,10,E01030078,0,3
2025371577965,2025,371577965,2,4,0,-1,19,7,3,-1,0,0,0,0,0,0,1,1,-1,9,1,19,4,-1,-1,-1,-1,-1,-1,0,-1
2025371577965,2025,371577965,1,9,0,-1,9,7,3,-1,0,0,0,0,0,0,3,2,-1,9,1,21,5,-1,-1,-1,-1,9,E01030233,0,4
2025371577966,2025,371577966,2,9,0,-1,7,5,7,-1,0,1,0,0,0,0,4,1,-1,2,2,37,7,-1,-1,-1,-1,10,E01030050,0,3
2025371577966,2025,371577966,1,1,0,-1,19,7,3,-1,0,1,0,0,0,0,1,1,-1,6,1,-1,-1,-1,-1,-1,-1,6,E01033043,0,1
2025371577969,2025,371577969,1,9,0,-1,11,3,7,-1,0,0,0,0,2,0,1,1,-1,6,1,28,6,-1,-1,-1,-1,8,E01030046,0,1
2025371577969,2025,371577969,2,9,0,-1,4,3,7,-1,0,0,0,99,0,0,2,1,-1,2,1,41,7,-1,-1,-1,-1,9,E01030142,0,4
2025371578063,2025,371578063,1,19,0,-1,5,5,4,-1,0,0,0,0,0,0,1,1,-1,1,2,25,5,-1,-1,-1,-1,6,E01022002,0,3
2025371578063,2025,371578063,2,1,0,-1,19,3,7,-1,0,0,0,0,0,0,1,1,-1,1,1,33,6,-1,-1,-1,-1,2,E01030024,0,1
2025371578095,2025,371578095,1,9,0,-1,19,1,5,-1,0,0,0,0,0,0,1,1,-1,6,2,70,10,-1,-1,-1,-1,6,E01030071,0,2
2025371578162,2025,371578162,2,9,0,-1,19,5,1,-1,0,0,0,0,0,0,0,1,-1,2,1,25,5,-1,-1,-1,-1,6,E01026437,0,4
2025371578162,2025,371578162,1,9,0,-1,19,1,5,-1,0,0,1,0,7,4,1,1,-1,6,2,45,7,-1,-1,-1,-1,5,E01014280,0,5
2025371578218,2025,371578218,2,9,0,-1,4,3,5,-1,0,1,0,0,0,0,2,1,-1,9,2,43,7,-1,-1,-1,-1,7,E01029991,0,1
2025371578218,2025,371578218,1,9,0,-1,19,7,3,-1,0,1,1,0,0,0,1,1,-1,9,2,39,7,-1,-1,-1,-1,9,E01029967,0,1
2025371578278,2025,371578278,1,9,0,-1,19,8,4,-1,0,0,0,7,0,0,1,1,-1,6,1,27,6,-1,-1,-1,-1,6,E01034562,0,3
2025371578322,2025,371578322,2,9,0,-1,3,6,2,-1,0,0,0,0,0,0,2,1,-1,2,2,42,7,-1,-1,-1,-1,8,E01030242,0,1
2025371578322,2025,371578322,1,9,0,-1,19,6,2,-1,0,0,0,0,0,0,1,1,-1,6,1,27,6,-1,-1,-1,-1,9,E01030239,0,1
2025371578500,2025,371578500,1,9,0,-1,19,8,4,-1,0,0,0,0,0,0,-1,9,-1,6,3,-1,-1,-1,-1,-1,-1,-1,-1,0,-1
2025371578500,2025,371578500,2,1,0,-1,19,8,4,-1,0,0,0,0,0,0,-1,1,-1,9,1,78,11,-1,-1,-1,-1,8,E01030043,0,1
2025371578536,2025,371578536,2,9,0,-1,19,3,7,-1,0,0,0,0,0,0,3,1,-1,6,2,64,9,-1,-1,-1,-1,3,E01030287,0,1
2025371578536,2025,371578536,1,9,0,-1,19,7,3,-1,0,0,0,0,0,0,3,1,-1,9,1,28,6,-1,-1,-1,-1,8,E01030280,0,1
2025371578541,2025,371578541,1,9,-1,-1,-1,-1,-1,-1,-1,0,-1,-1,-1,0,-1,1,-1,6,1,81,11,-1,-1,-1,-1,5,E01029976,0,1
2025371578546,2025,371578546,1,9,0,-1,19,6,2,-1,0,8,0,0,0,0,1,1,-1,1,2,42,7,-1,-1,-1,-1,9,E01030089,0,3
2025371578546,2025,371578546,2,9,0,-1,10,6,4,-1,0,8,0,0,0,0,2,1,-1,6,2,52,8,-1,-1,-1,-1,7,E01030051,0,3
2025371578575,2025,371578575,1,9,0,-1,19,5,1,-1,0,0,0,0,0,0,1,1,-1,6,2,79,11,-1,-1,-1,-1,9,E01034559,0,1
2025371578575,2025,371578575,2,90,0,-1,19,1,5,-1,0,0,0,0,0,0,1,1,-1,9,1,62,9,-1,-1,-1,-1,10,E01029895,0,1
2025371578612,2025,371578612,1,9,0,-1,1,5,1,-1,0,0,0,0,1,0,1,1,-1,9,1,74,10,-1,-1,-1,-1,9,E01030158,0,1
2025371578632,2025,371578632,2,1,0,-1,19,6,2,-1,0,8,0,0,0,0,1,1,-1,6,1,23,5,-1,-1,-1,-1,1,E01029994,0,1
2025371578632,2025,371578632,1,9,0,-1,19,1,3,-1,0,4,0,0,0,0,1,1,-1,9,2,44,7,-1,-1,-1,-1,2,E01029987,0,1
2025371578647,2025,371578647,1,4,0,-1,19,8,5,-1,0,2,0,0,0,0,3,1,-1,6,1,20,4,-1,-1,-1,-1,1,E01030021,0,2
2025371578671,2025,371578671,1,9,0,-1,19,3,7,-1,0,0,0,0,1,0,1,1,-1,6,1,24,5,-1,-1,-1,-1,10,E01030172,0,2
2025371578716,2025,371578716,2,9,0,-1,19,8,8,-1,0,2,0,0,0,0,1,1,-1,6,2,29,6,-1,-1,-1,-1,4,E01029892,0,1
2025371578716,2025,371578716,1,-1,-1,-1,-1,-1,-1,-1,-1,-1,-1,-1,-1,0,1,9,-1,6,1,13,3,-1,-1,-1,-1,4,E01029892,1,1
2025371578905,2025,371578905,2,1,-1,-1,-1,-1,-1,-1,-1,-1,-1,-1,-1,0,-1,1,-1,9,1,11,3,-1,-1,-1,-1,8,E01029997,0,1
2025371578905,2025,371578905,1,9,-1,-1,-1,3,4,-1,-1,-1,-1,-1,-1,0,-1,9,-1,9,2,34,6,-1,-1,-1,-1,6,E01029879,0,2
2025371578937,2025,371578937,1,9,0,-1,4,6,2,-1,0,1,0,0,0,0,3,1,-1,6,1,18,4,-1,-1,-1,-1,9,E01034559,0,1
2025371578937,2025,371578937,2,9,0,-1,4,6,2,-1,0,1,0,0,0,0,4,1,-1,6,2,32,6,-1,-1,-1,-1,9,E01034559,0,1
2025371578970,2025,371578970,2,9,0,-1,19,3,7,-1,0,1,0,0,0,0,1,1,-1,9,1,48,8,-1,-1,-1,-1,3,E01029998,0,1
2025371578970,2025,371578970,1,97,0,-1,19,4,3,-1,0,1,1,0,7,11,1,1,-1,9,1,33,6,-1,-1,-1,-1,2,E01030264,0,4
2025371578979,2025,371578979,1,9,0,-1,19,7,3,-1,0,1,0,0,0,0,1,1,-1,6,1,47,8,-1,-1,-1,-1,7,E01030101,0,2
2025371578979,2025,371578979,2,9,0,-1,19,3,7,-1,0,1,0,0,0,0,1,1,-1,6,2,30,6,-1,-1,-1,-1,5,E01021392,0,3
2025371579051,2025,371579051,1,98,-1,-1,19,7,3,-1,0,2,0,0,0,0,-1,9,-1,6,3,-1,-1,-1,-1,-1,-1,-1,-1,0,-1
2025371579070,2025,371579070,2,98,1,-1,4,4,8,-1,0,0,0,0,0,0,2,1,-1,1,1,59,9,-1,-1,-1,-1,8,E01021621,0,4
2025371579070,2025,371579070,1,9,0,-1,19,4,8,-1,0,0,0,0,0,0,1,1,-1,9,2,62,9,-1,-1,-1,-1,2,E01022019,0,3
2025371579072,2025,371579072,1,9,0,-1,5,4,8,-1,0,2,0,0,0,0,3,1,-1,6,1,53,8,-1,-1,-1,-1,3,E01029978,0,2
2025371579072,2025,371579072,2,9,0,-1,19,7,3,-1,0,2,0,0,0,0,1,1,-1,6,2,31,6,-1,-1,-1,-1,8,E01030034,0,3
2025371579170,2025,371579170,1,9,0,-1,19,3,7,-1,0,0,2,0,7,0,1,1,-1,9,1,32,6,-1,-1,-1,-1,2,E01026592,0,4
2025371579170,2025,371579170,2,9,0,-1,19,7,3,-1,0,0,0,0,0,0,0,9,-1,6,3,30,6,-1,-1,-1,-1,-1,-1,0,-1
2025371579189,2025,371579189,2,9,0,-1,2,4,4,-1,0,0,0,0,0,0,4,1,-1,9,1,73,10,-1,-1,-1,-1,9,E01009435,0,5
2025371579189,2025,371579189,1,9,0,-1,1,6,5,-1,0,0,0,4,0,0,2,1,-1,9,1,65,9,-1,-1,-1,-1,8,E01034571,0,1
2025371579404,2025,371579404,1,9,0,-1,9,8,5,-1,0,1,0,0,0,0,1,1,-1,9,1,70,10,-1,-1,-1,-1,8,E01030048,0,3
2025371579626,2025,371579626,2,-1,0,-1,19,-1,-1,-1,0,0,0,99,0,0,2,1,-1,6,2,13,3,-1,-1,-1,-1,4,E01029950,1,1
2025371579626,2025,371579626,1,9,0,-1,5,-1,-1,-1,0,0,0,99,0,0,1,1,-1,9,1,57,9,-1,-1,-1,-1,9,E01030085,0,4
2025371579680,2025,371579680,1,4,0,-1,19,2,7,-1,0,1,0,0,0,0,4,1,-1,6,1,27,6,-1,-1,-1,-1,1,E01030291,0,1
2025371579680,2025,371579680,2,9,0,-1,9,5,3,-1,0,8,0,0,0,0,1,1,-1,6,2,57,9,-1,-1,-1,-1,9,E01030238,0,1
2025371579994,2025,371579994,1,9,0,-1,19,4,8,-1,0,0,0,0,1,9,1,1,-1,9,2,18,4,-1,-1,-1,-1,4,E01029892,0,2
2025371580310,2025,371580310,1,3,0,-1,19,7,3,-1,0,0,5,0,2,0,1,1,-1,9,1,19,4,-1,-1,-1,-1,1,E01030036,0,2
2025371580496,2025,371580496,1,9,0,-1,9,5,8,-1,0,8,0,0,1,0,1,1,-1,9,1,90,11,-1,-1,-1,-1,7,E01030065,0,1
2025371580541,2025,371580541,2,1,-1,-1,-1,-1,-1,-1,-1,0,-1,-1,-1,0,-1,1,-1,6,2,42,7,-1,-1,-1,-1,1,E01030227,0,1
2025371580541,2025,371580541,1,9,0,-1,-1,-1,-1,-1,-1,0,-1,-1,-1,0,-1,1,-1,6,1,18,4,-1,-1,-1,-1,8,E01026880,0,3
2025371580643,2025,371580643,1,98,1,-1,19,5,1,-1,0,0,5,10,0,0,4,1,-1,1,1,23,5,-1,-1,-1,-1,6,E01024234,0,5
2025371580810,2025,371580810,3,9,0,-1,4,5,1,-1,0,0,0,0,0,0,2,1,-1,9,2,52,8,-1,-1,-1,-1,6,E01030135,0,2
2025371580810,2025,371580810,2,9,0,-1,4,5,1,-1,0,0,0,0,0,0,2,1,-1,9,1,67,10,-1,-1,-1,-1,6,E01029876,0,3
2025371580810,2025,371580810,1,9,0,-1,4,5,1,-1,0,0,0,0,0,0,1,1,-1,9,2,49,8,-1,-1,-1,-1,6,E01030056,0,3
2025371580886,2025,371580886,1,9,0,-1,19,8,4,-1,0,0,0,0,0,0,0,1,-1,9,1,28,6,-1,-1,-1,-1,5,E01029928,0,3
2025371580911,2025,371580911,1,9,0,-1,19,2,6,-1,0,0,0,0,7,0,1,1,-1,2,2,28,6,-1,-1,-1,-1,3,E01029998,0,2
2025371581048,2025,371581048,1,9,0,-1,19,3,6,-1,0,1,0,0,0,0,1,1,-1,9,2,89,11,-1,-1,-1,-1,8,E01029917,0,1
2025371581048,2025,371581048,2,9,0,-1,4,3,6,-1,0,1,0,0,0,0,2,1,-1,9,2,61,9,-1,-1,-1,-1,2,E01029971,0,4
2025371581048,2025,371581048,3,9,0,-1,3,3,6,-1,0,1,0,0,0,0,2,1,-1,9,2,38,7,-1,-1,-1,-1,5,E01021388,0,3
2025371581090,2025,371581090,2,9,0,-1,19,2,6,-1,0,8,0,0,0,0,1,1,-1,1,2,63,9,-1,-1,-1,-1,6,E01026605,0,4
2025371581090,2025,371581090,1,9,0,-1,9,6,4,-1,0,8,0,0,0,0,1,1,-1,9,2,19,4,-1,-1,-1,-1,1,E01030256,0,1
2025371581096,2025,371581096,2,17,4,-1,19,8,4,-1,0,1,0,0,0,0,3,1,-1,6,-1,-1,-1,-1,-1,-1,-1,-1,-1,0,-1
2025371581096,2025,371581096,1,9,0,-1,19,7,3,-1,0,3,0,0,0,0,1,1,-1,9,1,18,4,-1,-1,-1,-1,9,E01028663,0,5
2025371581200,2025,371581200,2,9,0,-1,2,0,0,-1,0,0,0,10,1,0,3,1,-1,6,-1,-1,-1,-1,-1,-1,-1,-1,-1,0,-1
2025371581200,2025,371581200,1,9,0,-1,19,8,4,-1,0,0,5,4,0,0,1,1,-1,9,2,84,11,-1,-1,-1,-1,9,E01030158,0,1
2025371581401,2025,371581401,2,9,0,-1,9,1,7,-1,0,8,0,0,0,0,4,1,-1,6,1,66,10,-1,-1,-1,-1,4,E01030285,0,3
2025371581401,2025,371581401,1,97,0,-1,19,5,1,-1,0,8,0,0,0,0,1,1,-1,6,1,42,7,-1,-1,-1,-1,9,E01026581,0,3