collision_index,collision_year,collision_ref_no,vehicle_reference,vehicle_type,towing_and_articulation,vehicle_manoeuvre_historic,vehicle_manoeuvre,vehicle_direction_from,vehicle_direction_to,vehicle_location_restricted_lane_historic,vehicle_location_restricted_lane,junction_location,skidding_and_overturning,hit_object_in_carriageway,vehicle_leaving_carriageway,hit_object_off_carriageway,first_point_of_impact,vehicle_left_hand_drive,journey_purpose_of_driver_historic,journey_purpose_of_driver,sex_of_driver,age_of_driver,age_band_of_driver,engine_capacity_cc,propulsion_code,age_of_vehicle,generic_make_model,driver_imd_decile,lsoa_of_driver,escooter_flag,driver_distance_banding
2025371581434,2025,371581434,1,9,0,-1,7,7,1,-1,0,8,0,0,0,0,3,1,-1,9,2,81,11,-1,-1,-1,-1,5,E01026892,0,3
2025371581434,2025,371581434,2,1,0,-1,19,5,1,-1,0,8,0,0,0,0,2,1,-1,6,1,56,9,-1,-1,-1,-1,7,E01031618,0,5
2025371581455,2025,371581455,1,9,0,-1,19,-1,-1,-1,0,-1,0,0,0,0,-1,9,-1,6,3,-1,-1,-1,-1,-1,-1,-1,-1,0,-1
2025371581458,2025,371581458,1,9,0,-1,19,4,7,-1,0,0,0,0,0,0,1,1,-1,6,1,44,7,-1,-1,-1,-1,7,E01029896,0,2
2025371581458,2025,371581458,2,9,0,-1,19,4,7,-1,0,0,0,0,0,0,2,1,-1,2,1,36,7,-1,-1,-1,-1,4,E01030028,0,1
2025371581793,2025,371581793,2,22,0,-1,19,1,5,-1,0,0,0,0,0,0,1,1,-1,6,2,61,9,-1,-1,-1,-1,3,E01029912,0,1
2025371581793,2025,371581793,1,9,0,-1,19,7,3,-1,0,0,0,0,0,0,1,1,-1,6,2,37,7,-1,-1,-1,-1,8,E01021407,0,2
2025371581911,2025,371581911,2,3,0,-1,19,5,1,-1,0,8,0,0,0,0,1,1,-1,2,1,30,6,-1,-1,-1,-1,8,E01029913,0,2
2025371581911,2025,371581911,1,9,0,-1,9,7,3,-1,0,6,0,0,0,0,3,1,-1,9,1,83,11,-1,-1,-1,-1,7,E01029898,0,1
2025371582087,2025,371582087,1,9,0,-1,4,3,1,-1,0,4,0,0,0,0,2,1,-1,6,2,39,7,-1,-1,-1,-1,3,E01030123,0,1
2025371582087,2025,371582087,2,9,0,-1,19,5,5,-1,0,1,0,0,0,0,1,1,-1,6,1,61,9,-1,-1,-1,-1,10,E01030124,0,1
2025371582123,2025,371582123,1,9,0,-1,19,3,7,-1,0,0,0,0,1,0,1,1,-1,6,2,25,5,-1,-1,-1,-1,2,E01035134,0,4
2025371582123,2025,371582123,2,9,0,-1,19,7,3,-1,0,0,0,0,2,0,1,1,-1,2,1,38,7,-1,-1,-1,-1,1,E01026467,0,2
2025371582619,2025,371582619,1,9,0,-1,9,6,3,-1,0,1,0,0,7,0,1,1,-1,9,1,69,10,-1,-1,-1,-1,5,E01030058,0,4
2025371582619,2025,371582619,2,9,0,-1,19,1,6,-1,0,1,0,0,0,0,1,1,-1,9,-1,-1,-1,-1,-1,-1,-1,-1,-1,0,-1
2025371582842,2025,371582842,1,9,0,-1,19,3,7,-1,0,2,0,0,0,0,1,1,-1,9,2,81,11,-1,-1,-1,-1,5,E01030053,0,3
2025371582842,2025,371582842,2,9,0,-1,2,0,0,-1,0,2,0,0,0,0,2,1,-1,9,2,78,11,-1,-1,-1,-1,4,E01030230,0,1
2025371582842,2025,371582842,3,98,0,-1,2,0,0,-1,0,2,0,0,0,0,2,1,-1,9,1,47,8,-1,-1,-1,-1,2,E01030248,0,4
2025371582882,2025,371582882,1,9,0,-1,19,7,3,-1,0,8,0,0,0,0,3,1,-1,9,2,63,9,-1,-1,-1,-1,6,E01033043,0,1
2025371582882,2025,371582882,2,1,0,-1,19,5,3,-1,0,8,5,0,0,0,2,1,-1,6,1,87,11,-1,-1,-1,-1,8,E01030098,0,2
2025371582927,2025,371582927,2,1,0,-1,14,5,1,-1,0,0,1,4,0,0,1,1,-1,6,1,82,11,-1,-1,-1,-1,1,E01030250,0,1
2025371582927,2025,371582927,1,9,0,-1,2,0,0,-1,0,0,0,0,0,0,3,1,-1,9,1,61,9,-1,-1,-1,-1,6,E01030240,0,1
2025371583005,2025,371583005,1,3,0,-1,19,1,5,-1,0,0,2,0,1,0,1,1,-1,2,1,20,4,-1,-1,-1,-1,6,E01030076,0,3
2025371583145,2025,371583145,2,9,-1,-1,-1,1,1,-1,-1,0,-1,-1,-1,-1,2,1,-1,9,1,86,11,-1,-1,-1,-1,10,E01030183,0,1
2025371583145,2025,371583145,1,1,0,-1,-1,2,6,-1,-1,0,-1,-1,-1,0,1,1,-1,9,1,63,9,-1,-1,-1,-1,10,E01030180,0,1
2025371583202,2025,371583202,1,97,0,-1,19,5,1,-1,0,0,2,0,1,0,1,1,-1,9,1,54,8,-1,-1,-1,-1,2,E01030139,0,3
2025371583269,2025,371583269,2,9,0,-1,3,1,5,-1,0,1,0,0,0,0,2,1,-1,9,1,26,6,-1,-1,-1,-1,8,E01030280,0,1
2025371583269,2025,371583269,1,9,0,-1,19,1,5,-1,0,8,0,0,2,0,1,1,-1,9,1,86,11,-1,-1,-1,-1,3,E01026614,0,3
2025371583282,2025,371583282,1,9,0,-1,19,5,4,-1,0,8,0,0,0,0,1,1,-1,6,2,38,7,-1,-1,-1,-1,8,E01030042,0,2
2025371583282,2025,371583282,2,5,0,-1,19,1,2,-1,0,8,0,0,0,0,1,1,-1,6,1,54,8,-1,-1,-1,-1,9,E01034560,0,2
2025371583284,2025,371583284,2,1,0,-1,19,6,2,-1,9,1,1,0,0,0,1,1,-1,6,1,65,9,-1,-1,-1,-1,1,E01030247,0,1
2025371583284,2025,371583284,1,9,0,-1,5,3,5,-1,9,2,0,0,0,0,0,1,-1,6,1,18,4,-1,-1,-1,-1,1,E01030279,0,1
2025371583286,2025,371583286,1,97,0,-1,19,8,3,-1,0,0,1,0,0,0,4,1,-1,9,1,45,7,-1,-1,-1,-1,6,E01029876,0,2
2025371583286,2025,371583286,2,9,0,-1,19,3,8,-1,0,0,0,0,0,0,3,1,-1,9,1,80,11,-1,-1,-1,-1,7,E01030069,0,1
2025371583313,2025,371583313,1,9,0,-1,6,1,3,-1,0,2,0,0,0,0,1,1,-1,1,1,24,5,-1,-1,-1,-1,5,E01032523,0,1
2025371583313,2025,371583313,2,9,0,-1,19,1,5,-1,0,1,0,0,0,0,1,1,-1,6,2,24,5,-1,-1,-1,-1,3,E01030123,0,3
2025371583388,2025,371583388,3,9,0,-1,19,7,3,-1,0,2,0,0,0,0,2,1,-1,6,1,24,5,-1,-1,-1,-1,5,E01030030,0,1
2025371583388,2025,371583388,1,8,0,-1,19,7,3,-1,0,2,0,0,0,0,1,1,-1,1,1,47,8,-1,-1,-1,-1,2,E01030023,0,1
2025371583388,2025,371583388,2,9,0,-1,19,7,3,-1,0,2,0,0,0,0,2,1,-1,6,1,73,10,-1,-1,-1,-1,6,E01030061,0,3
2025371583388,2025,371583388,4,9,0,-1,4,7,3,-1,0,2,0,0,0,0,2,1,-1,6,1,29,6,-1,-1,-1,-1,2,E01029988,0,1
2025371583393,2025,371583393,1,3,0,-1,19,2,6,-1,0,0,0,0,0,0,1,1,-1,2,1,18,4,-1,-1,-1,-1,10,E01029904,0,2
2025371583431,2025,371583431,2,9,0,-1,9,-1,-1,-1,0,0,0,0,0,0,3,1,-1,2,2,33,6,-1,-1,-1,-1,8,E01029885,0,3
2025371583431,2025,371583431,1,9,0,-1,19,-1,-1,-1,0,0,0,0,0,0,3,1,-1,6,1,-1,-1,-1,-1,-1,-1,-1,-1,0,-1
2025371583432,2025,371583432,2,9,0,-1,5,1,3,-1,0,1,0,0,3,0,1,1,-1,9,2,31,6,-1,-1,-1,-1,5,E01029928,0,1
2025371583432,2025,371583432,1,9,0,-1,19,3,7,-1,0,1,0,0,0,0,4,1,-1,2,1,33,6,-1,-1,-1,-1,1,E01026467,0,2
2025371583549,2025,371583549,1,9,0,-1,19,-1,-1,-1,0,7,0,0,0,0,1,1,-1,6,1,-1,-1,-1,-1,-1,-1,-1,-1,0,-1
2025371583549,2025,371583549,2,9,0,-1,8,-1,-1,-1,0,7,0,0,0,0,2,1,-1,1,2,52,8,-1,-1,-1,-1,9,E01030196,0,4
2025371583598,2025,371583598,2,4,0,-1,9,1,7,-1,0,3,0,0,0,0,4,1,-1,6,1,25,5,-1,-1,-1,-1,6,E01034564,0,1
2025371583598,2025,371583598,1,9,0,-1,5,5,1,-1,0,4,0,0,0,0,1,1,-1,6,2,58,9,-1,-1,-1,-1,6,E01029930,0,3
2025371583831,2025,371583831,2,9,0,-1,19,6,2,-1,0,0,0,0,0,0,2,1,-1,9,1,78,11,-1,-1,-1,-1,3,E01026602,0,3
2025371583831,2025,371583831,1,98,0,-1,19,6,2,-1,0,0,0,0,0,0,1,1,-1,1,1,45,7,-1,-1,-1,-1,4,E01022024,0,4
2025371583877,2025,371583877,1,9,0,-1,9,8,7,-1,0,5,0,0,0,0,4,1,-1,1,2,37,7,-1,-1,-1,-1,8,E01026932,0,4
2025371583877,2025,371583877,2,9,0,-1,19,8,7,-1,0,1,0,0,0,0,1,1,-1,6,2,-1,-1,-1,-1,-1,-1,3,E01030276,0,2
2025371584015,2025,371584015,2,98,1,-1,2,0,0,-1,-1,0,0,0,0,0,3,1,-1,6,-1,-1,-1,-1,-1,-1,-1,-1,-1,0,-1
2025371584015,2025,371584015,1,20,0,-1,19,4,8,-1,0,0,5,4,7,4,1,1,-1,1,1,64,9,-1,-1,-1,-1,7,E01030051,0,3
2025371584015,2025,371584015,3,9,0,-1,19,4,8,-1,0,0,0,1,0,0,1,1,-1,6,2,43,7,-1,-1,-1,-1,10,E01033319,0,1
2025371584049,2025,371584049,2,3,0,-1,19,4,1,-1,0,1,0,0,0,0,3,1,-1,6,2,44,7,-1,-1,-1,-1,5,E01030106,0,1
2025371584049,2025,371584049,1,9,0,-1,9,1,7,-1,0,1,0,0,0,0,3,1,-1,6,2,68,10,-1,-1,-1,-1,6,E01034574,0,2
2025371584454,2025,371584454,1,1,0,-1,19,5,1,-1,0,0,2,0,0,0,3,1,-1,6,1,18,4,-1,-1,-1,-1,2,E01030246,0,4
2025371584454,2025,371584454,2,9,0,-1,19,1,5,-1,0,0,0,0,0,0,4,2,-1,1,1,59,9,-1,-1,-1,-1,5,E01030229,0,1
2025371584498,2025,371584498,1,9,0,-1,5,7,3,-1,0,2,0,0,0,0,1,9,-1,6,3,-1,-1,-1,-1,-1,-1,-1,-1,0,-1
2025371584498,2025,371584498,2,1,0,-1,19,1,5,-1,0,1,0,0,0,0,1,1,-1,6,1,15,3,-1,-1,-1,-1,10,E01030104,0,2
2025371584740,2025,371584740,3,97,0,-1,19,8,4,-1,0,1,0,0,0,0,1,1,-1,6,1,62,9,-1,-1,-1,-1,6,E01029919,0,2
2025371584740,2025,371584740,2,98,0,-1,9,8,4,-1,0,1,0,0,0,0,3,2,-1,1,1,20,4,-1,-1,-1,-1,6,E01029992,0,4
2025371584740,2025,371584740,1,9,0,-1,19,4,8,-1,0,1,0,0,0,0,1,2,-1,6,1,18,4,-1,-1,-1,-1,3,E01029886,0,2
2025371584744,2025,371584744,1,19,0,-1,5,-1,-1,-1,99,0,0,4,0,0,4,1,-1,2,1,46,8,-1,-1,-1,-1,5,E01030174,0,4
2025371584824,2025,371584824,1,9,0,-1,19,5,1,-1,0,0,0,0,0,0,1,1,-1,1,1,25,5,-1,-1,-1,-1,6,E01030100,0,4
2025371584824,2025,371584824,2,9,0,-1,4,5,1,-1,0,0,0,0,0,0,2,1,-1,1,1,42,7,-1,-1,-1,-1,6,E01030044,0,2
2025371584824,2025,371584824,3,9,0,-1,4,5,1,-1,0,0,0,0,0,0,2,1,-1,6,2,47,8,-1,-1,-1,-1,3,E01029998,0,2
2025371584827,2025,371584827,3,9,0,-1,2,0,0,-1,0,0,0,0,0,0,3,1,-1,6,-1,-1,-1,-1,-1,-1,-1,-1,-1,0,-1
2025371584827,2025,371584827,2,9,0,-1,4,7,3,-1,0,0,0,0,0,0,1,1,-1,9,2,24,5,-1,-1,-1,-1,6,E01030027,0,2
2025371584827,2025,371584827,1,9,0,-1,5,3,7,-1,0,0,0,0,0,0,3,1,-1,9,1,37,7,-1,-1,-1,-1,2,E01030025,0,1
2025371584965,2025,371584965,1,3,0,-1,13,7,4,-1,0,8,0,0,7,0,1,1,-1,9,2,18,4,-1,-1,-1,-1,9,E01030175,0,3
2025371584965,2025,371584965,2,9,0,-1,9,7,5,-1,0,5,0,0,0,0,3,1,-1,9,1,38,7,-1,-1,-1,-1,1,E01029980,0,1
2025371585091,2025,371585091,1,19,0,-1,4,8,4,-1,0,1,0,0,0,0,1,1,-1,2,1,36,7,-1,-1,-1,-1,6,E01021589,0,4
2025371585091,2025,371585091,2,19,0,-1,4,8,4,-1,0,1,0,0,0,0,2,1,-1,2,1,35,6,-1,-1,-1,-1,7,E01030003,0,2
2025371585136,2025,371585136,1,9,0,-1,19,5,1,-1,0,0,0,0,0,0,1,1,-1,6,3,18,4,-1,-1,-1,-1,-1,-1,0,-1
2025371585136,2025,371585136,2,9,0,-1,19,5,2,-1,0,0,0,0,0,0,2,1,-1,9,1,45,7,-1,-1,-1,-1,4,E01029910,0,1
2025371586177,2025,371586177,1,9,0,-1,9,1,5,-1,0,8,0,0,0,0,3,1,-1,2,1,56,9,-1,-1,-1,-1,2,E01030254,0,1
2025371586227,2025,371586227,1,9,0,-1,19,5,1,-1,0,2,0,0,0,0,1,1,-1,9,2,18,4,-1,-1,-1,-1,5,E01030080,0,1
2025371586363,2025,371586363,2,19,0,-1,3,6,2,-1,0,1,0,0,0,0,2,1,-1,1,1,26,6,-1,-1,-1,-1,8,E01030047,0,4
2025371586363,2025,371586363,1,9,0,-1,19,6,5,-1,0,1,0,0,0,0,2,1,-1,1,2,22,5,-1,-1,-1,-1,2,E01026596,0,4
2025371586363,2025,371586363,3,9,0,-1,10,6,2,-1,0,1,0,0,0,0,2,1,-1,9,1,37,7,-1,-1,-1,-1,-1,-1,0,-1
2025371586560,2025,371586560,2,9,0,-1,2,0,0,-1,0,0,0,0,0,0,4,1,-1,6,-1,-1,-1,-1,-1,-1,-1,-1,-1,0,-1
2025371586560,2025,371586560,1,9,0,-1,19,7,3,-1,0,0,0,0,0,0,1,1,-1,6,2,44,7,-1,-1,-1,-1,2,E01030014,0,1
2025371586626,2025,371586626,2,9,0,-1,19,3,7,-1,0,0,0,0,0,0,1,1,-1,6,1,76,11,-1,-1,-1,-1,8,E01026932,0,4
2025371586626,2025,371586626,1,19,0,-1,9,1,7,-1,0,0,0,0,1,0,2,1,-1,1,1,56,9,-1,-1,-1,-1,6,E01030002,0,3
2025371586635,2025,371586635,1,9,0,-1,19,5,1,-1,0,0,0,0,0,0,1,1,-1,6,1,66,10,-1,-1,-1,-1,9,E01034559,0,1
2025371586635,2025,371586635,2,9,0,-1,10,5,1,-1,0,0,0,0,0,0,0,1,-1,6,1,48,8,-1,-1,-1,-1,5,E01018067,0,4
2025371586665,2025,371586665,1,9,0,-1,19,5,1,-1,0,0,0,0,1,0,1,1,-1,2,1,27,6,-1,-1,-1,-1,6,E01030240,0,1
2025371586665,2025,371586665,2,9,0,-1,19,6,3,-1,0,0,0,0,0,0,1,1,-1,2,2,21,5,-1,-1,-1,-1,2,E01030289,0,1
2025371586870,2025,371586870,1,9,0,-1,19,4,1,-1,0,0,1,0,1,0,1,1,-1,1,2,23,5,-1,-1,-1,-1,6,E01030209,0,2
2025371587077,2025,371587077,1,9,0,-1,9,1,6,-1,0,8,0,0,0,0,4,1,-1,2,2,28,6,-1,-1,-1,-1,7,E01030038,0,1
2025371587077,2025,371587077,2,90,0,-1,19,6,2,-1,0,8,0,0,0,0,4,1,-1,1,1,54,8,-1,-1,-1,-1,7,E01030038,0,1
2025371587123,2025,371587123,1,5,0,-1,13,6,2,-1,0,1,5,0,0,0,1,1,-1,1,1,46,8,-1,-1,-1,-1,9,E01030191,0,3
2025371587123,2025,371587123,2,9,0,-1,9,6,2,-1,0,1,0,0,0,0,3,1,-1,9,1,78,11,-1,-1,-1,-1,10,E01021253,0,4
2025371587216,2025,371587216,2,98,0,-1,8,3,3,-1,0,2,0,0,0,0,2,1,-1,1,1,36,7,-1,-1,-1,-1,2,E01026798,0,4
2025371587216,2025,371587216,1,3,0,-1,19,2,5,-1,0,1,0,0,0,0,4,1,-1,9,1,18,4,-1,-1,-1,-1,5,E01030189,0,2
2025371587271,2025,371587271,1,9,0,-1,9,6,3,-1,0,1,0,0,0,0,1,1,-1,9,1,61,9,-1,-1,-1,-1,10,E01017764,0,5
2025371587271,2025,371587271,2,9,0,-1,19,8,4,-1,0,8,0,0,0,0,1,1,-1,9,2,50,8,-1,-1,-1,-1,6,E01029880,0,2
2025371587377,2025,371587377,2,1,0,-1,19,1,1,-1,0,1,0,0,0,0,1,1,-1,6,1,42,7,-1,-1,-1,-1,6,E01030209,0,1
2025371587377,2025,371587377,1,9,0,-1,15,1,1,-1,0,1,0,0,0,0,2,1,-1,6,1,56,9,-1,-1,-1,-1,5,E01030210,0,1
2025371587388,2025,371587388,2,9,0,-1,19,2,6,-1,0,0,0,0,1,0,2,1,-1,9,2,74,10,-1,-1,-1,-1,-1,-1,0,-1
2025371587388,2025,371587388,1,9,0,-1,19,2,6,-1,0,0,0,11,0,0,1,1,-1,9,1,45,7,-1,-1,-1,-1,6,E01026475,0,3
2025371587388,2025,371587388,3,9,0,-1,19,2,6,-1,0,0,0,0,0,0,4,1,-1,6,1,55,8,-1,-1,-1,-1,8,E01026450,0,4
2025371587531,2025,371587531,1,3,0,-1,19,5,1,-1,0,0,0,0,0,0,1,1,-1,9,1,19,4,-1,-1,-1,-1,6,E01030093,0,1
2025371587531,2025,371587531,2,9,0,-1,7,3,7,-1,0,0,0,0,0,0,1,1,-1,2,2,31,6,-1,-1,-1,-1,10,E01033319,0,4
2025371587576,2025,371587576,2,5,0,-1,19,6,2,-1,0,1,0,0,0,0,1,1,-1,2,1,56,9,-1,-1,-1,-1,9,E01030191,0,3
2025371587576,2025,371587576,1,19,0,-1,9,3,1,-1,0,8,0,0,0,0,4,1,-1,2,1,40,7,-1,-1,-1,-1,6,E01030002,0,3
2025371587654,2025,371587654,1,21,4,-1,19,1,5,-1,0,1,0,0,0,0,1,1,-1,1,1,37,7,-1,-1,-1,-1,8,E01034700,0,4
2025371587654,2025,371587654,2,9,0,-1,4,1,5,-1,0,1,0,0,0,0,2,1,-1,2,2,31,6,-1,-1,-1,-1,5,E01026493,0,4
2025371587659,2025,371587659,1,9,0,-1,19,5,1,-1,0,0,0,0,0,0,1,1,-1,6,1,-1,-1,-1,-1,-1,-1,-1,-1,0,-1
2025371587659,2025,371587659,2,9,0,-1,3,1,5,-1,0,0,0,0,0,0,2,1,-1,9,1,73,10,-1,-1,-1,-1,7,E01030003,0,3
2025371587684,2025,371587684,1,3,0,-1,9,1,6,-1,0,4,0,0,0,0,3,1,-1,2,1,23,5,-1,-1,-1,-1,8,E01030098,0,2
2025371587690,2025,371587690,1,9,0,-1,19,1,6,-1,0,8,0,0,0,0,1,9,-1,9,1,53,8,-1,-1,-1,-1,7,E01026456,0,4
2025371587690,2025,371587690,2,1,0,-1,19,6,3,-1,0,8,0,0,0,0,1,1,-1,6,2,49,8,-1,-1,-1,-1,3,E01026465,0,2
2025371587737,2025,371587737,1,9,-1,-1,-1,3,7,-1,-1,-1,-1,-1,-1,-1,-1,9,-1,9,1,94,11,-1,-1,-1,-1,6,E01029881,0,1
2025371587737,2025,371587737,2,5,-1,-1,-1,-1,-1,-1,-1,-1,-1,-1,-1,-1,-1,1,-1,9,1,55,8,-1,-1,-1,-1,7,E01033137,0,4
2025371587788,2025,371587788,2,9,0,-1,19,3,6,-1,0,0,0,0,0,0,3,1,-1,1,2,29,6,-1,-1,-1,-1,6,E01030151,0,4
2025371587788,2025,371587788,1,9,0,-1,5,6,3,-1,0,0,0,0,0,0,1,1,-1,6,2,40,7,-1,-1,-1,-1,8,E01029957,0,3
2025371587896,2025,371587896,1,8,0,-1,19,-1,-1,-1,0,1,1,0,0,0,1,1,-1,6,1,39,7,-1,-1,-1,-1,6,E01030002,0,1
2025371587896,2025,371587896,2,9,0,-1,4,-1,-1,-1,0,1,0,0,0,0,2,1,-1,6,1,37,7,-1,-1,-1,-1,4,E01029960,0,1
2025371588025,2025,371588025,2,9,0,-1,19,3,7,-1,0,1,0,0,0,0,4,1,-1,6,2,68,10,-1,-1,-1,-1,8,E01030034,0,1
2025371588025,2025,371588025,1,9,0,-1,9,5,2,-1,0,6,0,0,0,0,1,1,-1,6,1,24,5,-1,-1,-1,-1,9,E01030196,0,2
2025371588080,2025,371588080,1,9,-1,-1,5,7,3,-1,0,6,0,0,0,0,4,9,-1,6,1,40,7,-1,-1,-1,-1,-1,-1,0,-1
2025371588080,2025,371588080,2,9,0,-1,19,1,2,-1,0,8,0,0,0,0,1,1,-1,9,1,79,11,-1,-1,-1,-1,8,E01030280,0,3
2025371588494,2025,371588494,1,9,0,-1,19,1,5,-1,0,1,0,0,0,0,4,1,-1,2,1,63,9,-1,-1,-1,-1,4,E01030110,0,1
2025371588782,2025,371588782,3,9,0,-1,2,0,0,-1,0,0,0,0,0,0,2,1,-1,6,-1,-1,-1,-1,-1,-1,-1,-1,-1,0,-1
2025371588782,2025,371588782,1,9,0,-1,19,5,1,-1,0,0,0,0,0,0,1,1,-1,6,1,23,5,-1,-1,-1,-1,7,E01029964,0,1
2025371588782,2025,371588782,2,9,0,-1,5,5,1,-1,0,0,0,4,0,0,1,1,-1,6,2,21,5,-1,-1,-1,-1,7,E01029964,0,1
2025371588894,2025,371588894,1,9,0,-1,19,6,2,-1,0,0,5,0,0,0,1,1,-1,6,1,47,8,-1,-1,-1,-1,-1,-1,0,-1
2025371589139,2025,371589139,1,9,0,-1,9,5,3,-1,0,1,0,0,0,0,1,1,-1,6,2,66,10,-1,-1,-1,-1,5,E01030165,0,1
2025371589158,2025,371589158,1,9,0,-1,19,3,7,-1,0,0,0,0,1,0,1,1,-1,9,1,55,8,-1,-1,-1,-1,4,E01030295,0,3
2025371589182,2025,371589182,1,9,0,-1,19,1,5,-1,0,1,5,0,0,0,1,1,-1,6,1,65,9,-1,-1,-1,-1,-1,-1,0,-1
2025371589182,2025,371589182,2,98,1,-1,2,0,0,-1,0,2,0,0,0,0,4,1,-1,6,1,46,8,-1,-1,-1,-1,8,E01024203,0,4
2025371589225,2025,371589225,1,9,0,-1,19,1,2,-1,0,0,1,0,0,0,4,1,-1,6,1,72,10,-1,-1,-1,-1,8,E01026921,0,4
2025371589240,2025,371589240,1,9,0,-1,19,8,4,-1,0,1,0,0,0,0,1,1,-1,2,2,56,9,-1,-1,-1,-1,6,E01029915,0,4
2025371589252,2025,371589252,1,9,0,-1,1,6,2,-1,0,0,0,0,0,0,2,1,-1,9,1,62,9,-1,-1,-1,-1,6,E01030027,0,4
2025371589310,2025,371589310,2,9,0,-1,3,3,7,-1,0,1,0,0,0,0,3,1,-1,1,2,45,7,-1,-1,-1,-1,10,E01033319,0,4
2025371589310,2025,371589310,1,98,1,-1,19,3,7,-1,0,1,0,0,0,0,4,1,-1,9,1,59,9,-1,-1,-1,-1,5,E01026485,0,4
2025371589385,2025,371589385,2,9,0,-1,19,3,7,-1,0,0,0,0,0,0,1,1,-1,9,1,68,10,-1,-1,-1,-1,4,E01030219,0,2
2025371589385,2025,371589385,1,9,0,-1,19,7,3,-1,0,0,0,0,0,0,1,1,-1,9,2,49,8,-1,-1,-1,-1,4,E01030219,0,1
2025371589564,2025,371589564,1,9,0,-1,99,-1,-1,-1,99,9,9,99,9,99,9,9,-1,9,1,58,9,-1,-1,-1,-1,4,E01030251,0,2
2025371589564,2025,371589564,2,9,0,-1,3,-1,-1,-1,0,3,0,99,0,0,2,1,-1,6,2,41,7,-1,-1,-1,-1,5,E01030290,0,1
2025371589685,2025,371589685,1,19,0,-1,7,3,5,-1,0,2,0,0,0,0,-1,9,-1,6,1,63,9,-1,-1,-1,-1,7,E01029966,0,1
2025371589717,2025,371589717,1,19,0,-1,19,1,5,-1,0,1,0,0,0,0,3,1,-1,1,1,50,8,-1,-1,-1,-1,5,E01030275,0,1
2025371589921,2025,371589921,1,19,0,-1,19,1,5,-1,0,0,0,0,0,0,-1,9,-1,2,3,-1,-1,-1,-1,-1,-1,9,E01030239,0,1
2025371589921,2025,371589921,2,1,0,-1,19,1,5,-1,0,0,0,0,0,0,2,1,-1,6,1,49,8,-1,-1,-1,-1,8,E01030269,0,2
2025371590051,2025,371590051,2,9,0,-1,19,-1,-1,-1,0,0,1,0,0,0,4,1,-1,2,2,19,4,-1,-1,-1,-1,8,E01030119,0,4
2025371590051,2025,371590051,1,21,4,-1,12,-1,-1,-1,0,0,0,0,0,0,3,1,-1,6,3,-1,-1,-1,-1,-1,-1,-1,-1,0,-1
2025371590125,2025,371590125,1,9,0,-1,5,6,8,-1,0,6,0,0,0,0,1,1,-1,2,2,58,9,-1,-1,-1,-1,8,E01029997,0,1
2025371590125,2025,371590125,2,1,0,-1,19,-1,-1,-1,0,1,0,0,0,0,1,1,-1,6,1,33,6,-1,-1,-1,-1,2,E01030024,0,1
2025371590167,2025,371590167,1,9,0,-1,19,3,7,-1,0,0,0,0,7,0,3,1,-1,9,1,92,11,-1,-1,-1,-1,6,E01030059,0,1
2025371590186,2025,371590186,2,9,0,-1,2,0,0,-1,0,0,0,0,0,0,3,1,-1,6,2,37,7,-1,-1,-1,-1,9,E01034560,0,1
2025371590186,2025,371590186,1,9,0,-1,19,5,1,-1,0,0,0,0,7,10,1,1,-1,6,1,83,11,-1,-1,-1,-1,7,E01030068,0,4
2025371590237,2025,371590237,1,9,0,-1,19,6,2,-1,0,0,0,0,0,0,1,1,-1,6,1,62,9,-1,-1,-1,-1,2,E01030264,0,1
2025371590316,2025,371590316,2,3,0,-1,19,-1,-1,-1,0,2,0,0,0,0,1,1,-1,1,1,35,6,-1,-1,-1,-1,6,E01030061,0,3
2025371590316,2025,371590316,1,9,0,-1,7,-1,-1,-1,0,5,0,0,0,0,4,1,-1,6,2,68,10,-1,-1,-1,-1,1,E01029986,0,1
2025371590454,2025,371590454,1,19,0,-1,19,7,3,-1,0,1,0,0,0,0,1,1,-1,1,1,47,8,-1,-1,-1,-1,7,E01002181,0,5
2025371590611,2025,371590611,2,9,0,-1,15,-1,-1,-1,0,0,0,0,0,0,4,2,-1,2,2,57,9,-1,-1,-1,-1,3,E01029886,0,3
2025371590611,2025,371590611,1,19,0,-1,99,-1,-1,-1,0,0,9,99,0,0,4,2,-1,6,3,-1,-1,-1,-1,-1,-1,-1,-1,0,-1
2025371590689,2025,371590689,1,9,0,-1,19,3,7,-1,0,1,0,0,0,0,4,1,-1,6,2,28,6,-1,-1,-1,-1,2,E01030262,0,1
2025371590728,2025,371590728,1,11,0,-1,19,1,5,-1,0,1,0,0,0,0,2,1,-1,1,1,44,7,-1,-1,-1,-1,3,E01033046,0,3
2025371591043,2025,371591043,1,9,0,-1,19,1,3,-1,0,1,0,0,0,0,1,1,-1,6,2,78,11,-1,-1,-1,-1,7,E01029942,0,1
2025371591043,2025,371591043,3,9,0,-1,3,4,4,-1,0,1,0,0,0,0,1,1,-1,6,1,61,9,-1,-1,-1,-1,7,E01029942,0,1
2025371591043,2025,371591043,2,9,0,-1,19,2,7,-1,0,1,0,0,0,0,4,1,-1,6,2,32,6,-1,-1,-1,-1,3,E01032524,0,2
2025371591130,2025,371591130,2,90,0,-1,19,6,2,-1,0,2,0,0,0,0,0,1,-1,1,1,39,7,-1,-1,-1,-1,-1,-1,0,-1