collision_index,collision_year,collision_ref_no,vehicle_reference,vehicle_type,towing_and_articulation,vehicle_manoeuvre_historic,vehicle_manoeuvre,vehicle_direction_from,vehicle_direction_to,vehicle_location_restricted_lane_historic,vehicle_location_restricted_lane,junction_location,skidding_and_overturning,hit_object_in_carriageway,vehicle_leaving_carriageway,hit_object_off_carriageway,first_point_of_impact,vehicle_left_hand_drive,journey_purpose_of_driver_historic,journey_purpose_of_driver,sex_of_driver,age_of_driver,age_band_of_driver,engine_capacity_cc,propulsion_code,age_of_vehicle,generic_make_model,driver_imd_decile,lsoa_of_driver,escooter_flag,driver_distance_banding
2025371603225,2025,371603225,1,9,0,-1,5,4,5,-1,0,8,0,0,1,9,3,1,-1,6,2,22,5,-1,-1,-1,-1,7,E01030101,0,2
2025371603225,2025,371603225,2,21,1,-1,19,2,1,-1,0,8,0,0,0,0,1,1,-1,1,1,25,5,-1,-1,-1,-1,5,E01026729,0,4
2025371603411,2025,371603411,1,9,0,-1,19,1,5,-1,0,0,0,0,0,0,1,1,-1,9,1,74,10,-1,-1,-1,-1,1,E01026624,0,3
2025371603411,2025,371603411,2,22,0,-1,19,3,7,-1,0,0,0,0,0,0,3,1,-1,9,1,68,10,-1,-1,-1,-1,4,E01030267,0,1
2025371603705,2025,371603705,1,19,-1,-1,-1,-1,-1,-1,-1,0,-1,-1,-1,0,-1,9,-1,6,3,-1,-1,-1,-1,-1,-1,-1,-1,0,-1
2025371603705,2025,371603705,2,9,0,-1,-1,-1,-1,-1,-1,0,0,0,0,0,-1,1,-1,6,1,21,5,-1,-1,-1,-1,5,E01030188,0,1
2025371603726,2025,371603726,1,9,0,-1,19,8,4,-1,0,0,1,0,0,0,1,1,-1,9,1,20,4,-1,-1,-1,-1,5,E01030080,0,1
2025371603726,2025,371603726,2,9,0,-1,19,4,8,-1,0,0,0,0,7,0,3,1,-1,9,2,33,6,-1,-1,-1,-1,10,E01030078,0,1
2025371604236,2025,371604236,1,9,0,-1,19,6,2,-1,0,6,5,0,0,0,3,1,-1,9,1,18,4,-1,-1,-1,-1,1,E01016372,0,5
2025371604236,2025,371604236,2,9,0,-1,19,4,8,-1,0,1,0,0,0,0,1,1,-1,9,2,20,4,-1,-1,-1,-1,6,E01030059,0,3
2025371604300,2025,371604300,1,1,0,-1,19,8,4,-1,0,8,0,0,0,0,1,1,-1,6,1,-1,-1,-1,-1,-1,-1,-1,-1,0,-1
2025371604300,2025,371604300,2,9,0,-1,3,3,7,-1,0,1,0,0,0,0,1,1,-1,2,2,51,8,-1,-1,-1,-1,7,E01029991,0,1
2025371604672,2025,371604672,2,1,0,-1,5,-1,-1,-1,0,1,0,99,0,0,4,1,-1,6,3,-1,-1,-1,-1,-1,-1,-1,-1,0,-1
2025371604672,2025,371604672,1,3,0,-1,19,-1,-1,-1,0,1,0,99,0,0,1,1,-1,6,1,33,6,-1,-1,-1,-1,5,E01030281,0,1
2025371604770,2025,371604770,2,9,0,-1,2,0,0,-1,0,0,0,0,0,0,3,1,-1,9,1,-1,-1,-1,-1,-1,-1,7,E01030040,0,1
2025371604770,2025,371604770,1,9,0,-1,2,0,0,-1,0,0,0,0,0,0,1,1,-1,9,2,64,9,-1,-1,-1,-1,-1,-1,0,-1
2025371604995,2025,371604995,1,9,0,-1,19,1,5,-1,0,1,0,0,0,0,1,1,-1,9,1,28,6,-1,-1,-1,-1,2,E01026477,0,2
2025371604995,2025,371604995,2,19,0,-1,9,1,7,-1,0,8,0,0,0,0,3,1,-1,1,1,65,9,-1,-1,-1,-1,4,E01026648,0,4
2025371605338,2025,371605338,1,9,0,-1,4,1,5,-1,0,1,0,0,0,0,1,1,-1,6,2,45,7,-1,-1,-1,-1,3,E01030234,0,1
2025371605338,2025,371605338,2,22,0,-1,19,3,7,-1,0,1,0,0,0,0,1,1,-1,6,1,88,11,-1,-1,-1,-1,5,E01030281,0,1
2025371605429,2025,371605429,1,90,0,-1,-1,-1,-1,-1,-1,0,-1,-1,-1,0,-1,1,-1,6,3,-1,-1,-1,-1,-1,-1,-1,-1,0,-1
2025371605429,2025,371605429,2,1,0,-1,-1,-1,-1,-1,-1,0,-1,-1,-1,0,-1,1,-1,9,1,71,10,-1,-1,-1,-1,2,E01030024,0,1
2025371605479,2025,371605479,2,9,0,-1,99,7,4,-1,99,0,9,99,9,99,2,1,-1,6,3,-1,-1,-1,-1,-1,-1,-1,-1,0,-1
2025371605479,2025,371605479,1,9,0,-1,4,7,4,-1,0,0,0,0,9,0,1,1,-1,6,3,-1,-1,-1,-1,-1,-1,-1,-1,0,-1
2025371605985,2025,371605985,1,9,0,-1,15,6,1,-1,0,0,0,0,0,0,3,1,-1,6,1,32,6,-1,-1,-1,-1,6,E01029876,0,1
2025371605985,2025,371605985,2,9,0,-1,15,6,1,-1,0,0,0,0,7,0,4,1,-1,9,1,41,7,-1,-1,-1,-1,10,E01030075,0,2
2025371606320,2025,371606320,2,9,0,-1,7,5,7,-1,0,1,0,0,0,0,2,1,-1,6,1,53,8,-1,-1,-1,-1,6,E01033043,0,1
2025371606320,2025,371606320,1,3,0,-1,19,5,-1,-1,0,1,9,0,0,0,9,1,-1,6,1,-1,-1,-1,-1,-1,-1,6,E01030135,0,1
2025371606442,2025,371606442,3,9,0,-1,2,0,0,-1,0,0,0,0,0,0,2,1,-1,6,-1,-1,-1,-1,-1,-1,-1,-1,-1,0,-1
2025371606442,2025,371606442,1,9,0,-1,19,1,5,-1,0,0,0,4,0,0,1,1,-1,6,1,32,6,-1,-1,-1,-1,1,E01030291,0,1
2025371606442,2025,371606442,2,9,0,-1,2,0,0,-1,0,0,0,0,0,0,3,1,-1,6,-1,-1,-1,-1,-1,-1,-1,-1,-1,0,-1
2025371606500,2025,371606500,1,9,0,-1,19,3,7,-1,0,0,0,0,1,0,1,1,-1,9,2,43,7,-1,-1,-1,-1,5,E01030030,0,1
2025371606571,2025,371606571,2,97,0,-1,19,7,3,-1,0,8,0,0,0,0,4,1,-1,2,1,19,4,-1,-1,-1,-1,7,E01030065,0,1
2025371606571,2025,371606571,1,9,0,-1,9,1,7,-1,0,8,0,0,0,0,1,1,-1,9,2,63,9,-1,-1,-1,-1,7,E01030051,0,1
2025371606610,2025,371606610,1,9,0,-1,19,2,6,-1,0,1,0,0,0,0,1,1,-1,6,1,44,7,-1,-1,-1,-1,6,E01029915,0,1
2025371606858,2025,371606858,1,9,0,-1,19,2,6,-1,0,1,1,0,1,0,4,1,-1,9,1,18,4,-1,-1,-1,-1,5,E01026493,0,2
2025371607006,2025,371607006,2,9,0,-1,19,1,5,-1,0,0,0,0,0,0,4,1,-1,9,2,37,7,-1,-1,-1,-1,6,E01029975,0,1
2025371607006,2025,371607006,1,9,0,-1,19,6,5,-1,0,0,0,0,0,0,1,1,-1,6,1,42,7,-1,-1,-1,-1,10,E01029973,0,1
2025371607016,2025,371607016,2,9,0,-1,4,1,5,-1,0,0,0,0,0,0,2,1,-1,2,2,44,7,-1,-1,-1,-1,5,E01029922,0,1
2025371607016,2025,371607016,1,19,-1,-1,19,1,5,-1,0,0,0,0,0,0,1,9,-1,6,1,-1,-1,-1,-1,-1,-1,-1,-1,0,-1
2025371607071,2025,371607071,3,9,0,-1,2,0,0,-1,0,1,0,0,0,0,3,1,-1,6,-1,-1,-1,-1,-1,-1,-1,-1,-1,0,-1
2025371607071,2025,371607071,1,9,0,-1,19,2,5,-1,0,1,0,4,0,0,3,9,-1,9,1,30,6,-1,-1,-1,-1,5,E01029956,0,1
2025371607071,2025,371607071,2,9,0,-1,2,0,0,-1,0,1,0,0,0,0,3,1,-1,9,1,33,6,-1,-1,-1,-1,5,E01029953,0,1
2025371607092,2025,371607092,1,9,0,-1,19,5,1,-1,0,0,0,0,0,0,1,2,-1,6,2,50,8,-1,-1,-1,-1,9,E01030190,0,1
2025371607092,2025,371607092,2,9,0,-1,19,3,7,-1,0,0,0,0,0,0,1,1,-1,6,1,44,7,-1,-1,-1,-1,7,E01033449,0,3
2025371607119,2025,371607119,1,9,0,-1,19,2,6,-1,0,0,1,0,0,0,1,1,-1,9,1,21,5,-1,-1,-1,-1,6,E01029907,0,3
2025371607225,2025,371607225,2,1,0,-1,19,3,1,-1,0,8,0,0,0,0,2,1,-1,6,1,-1,-1,-1,-1,-1,-1,-1,-1,0,-1
2025371607225,2025,371607225,1,9,0,-1,5,3,1,-1,0,8,0,0,0,0,1,1,-1,2,2,37,7,-1,-1,-1,-1,4,E01021648,0,4
2025371607334,2025,371607334,2,9,0,-1,3,5,8,-1,0,1,0,0,0,0,2,1,-1,2,2,27,6,-1,-1,-1,-1,3,E01033123,0,2
2025371607334,2025,371607334,1,9,0,-1,5,5,8,-1,0,1,0,0,0,0,1,1,-1,2,1,63,9,-1,-1,-1,-1,4,E01030215,0,3
2025371607338,2025,371607338,1,9,0,-1,19,-1,-1,-1,0,0,0,0,0,0,4,1,-1,6,1,30,6,-1,-1,-1,-1,6,E01030081,0,1
2025371607373,2025,371607373,1,9,0,-1,-1,-1,-1,-1,-1,0,-1,-1,-1,0,-1,9,-1,2,1,57,9,-1,-1,-1,-1,5,E01030226,0,1
2025371607376,2025,371607376,2,9,0,-1,19,5,1,-1,0,1,0,0,0,0,4,1,-1,1,1,31,6,-1,-1,-1,-1,6,E01029983,0,1
2025371607376,2025,371607376,1,9,0,-1,9,6,5,-1,0,2,0,0,0,0,1,1,-1,1,1,42,7,-1,-1,-1,-1,8,E01021408,0,4
2025371607429,2025,371607429,1,9,-1,-1,19,3,7,-1,0,1,0,0,0,0,1,1,-1,2,2,20,4,-1,-1,-1,-1,10,E01029903,0,3
2025371607429,2025,371607429,2,9,0,-1,10,2,8,-1,0,1,0,0,0,0,2,1,-1,9,2,58,9,-1,-1,-1,-1,7,E01030207,0,1
2025371607657,2025,371607657,1,9,0,-1,-1,-1,-1,-1,-1,-1,-1,-1,-1,0,-1,9,-1,6,1,49,8,-1,-1,-1,-1,5,E01022014,0,4
2025371607657,2025,371607657,2,9,0,-1,8,-1,-1,-1,0,4,0,0,0,0,2,1,-1,6,2,23,5,-1,-1,-1,-1,3,E01033123,0,2
2025371607855,2025,371607855,1,9,0,-1,1,7,3,-1,0,1,0,0,0,0,2,1,-1,6,1,70,10,-1,-1,-1,-1,10,E01029973,0,1
2025371607855,2025,371607855,2,3,0,-1,2,0,0,-1,0,1,0,0,0,0,1,1,-1,1,1,39,7,-1,-1,-1,-1,3,E01033123,0,1
2025371607855,2025,371607855,3,9,0,-1,2,0,0,-1,0,1,0,0,0,0,1,1,-1,6,1,61,9,-1,-1,-1,-1,6,E01030027,0,1
2025371607997,2025,371607997,1,9,0,-1,19,5,1,-1,0,0,0,0,0,0,1,1,-1,9,2,52,8,-1,-1,-1,-1,9,E01029882,0,1
2025371607997,2025,371607997,2,9,0,-1,19,1,5,-1,0,0,0,0,0,0,1,1,-1,9,2,51,8,-1,-1,-1,-1,6,E01029906,0,1
2025371608256,2025,371608256,2,1,0,-1,19,7,3,-1,0,8,0,0,0,0,3,1,-1,6,1,21,5,-1,-1,-1,-1,2,E01030025,0,1
2025371608256,2025,371608256,1,9,0,-1,19,1,5,-1,0,4,0,0,0,0,1,1,-1,9,2,17,4,-1,-1,-1,-1,6,E01018051,0,4
2025371608273,2025,371608273,1,9,0,-1,19,7,3,-1,0,0,0,0,0,0,1,1,-1,6,2,65,9,-1,-1,-1,-1,8,E01030034,0,1
2025371608301,2025,371608301,1,9,0,-1,19,3,7,-1,0,1,0,0,0,0,1,1,-1,6,1,52,8,-1,-1,-1,-1,7,E01030137,0,1
2025371608388,2025,371608388,1,9,0,-1,19,7,2,-1,0,1,0,7,0,0,1,1,-1,6,1,44,7,-1,-1,-1,-1,9,E01030268,0,1
2025371608388,2025,371608388,2,9,0,-1,2,0,0,-1,0,2,0,0,0,0,2,1,-1,6,-1,-1,-1,-1,-1,-1,-1,-1,-1,0,-1
2025371608388,2025,371608388,3,9,0,-1,2,0,0,-1,0,2,0,0,0,0,2,1,-1,6,-1,-1,-1,-1,-1,-1,-1,-1,-1,0,-1
2025371608388,2025,371608388,4,9,0,-1,2,0,0,-1,0,2,0,0,0,0,2,1,-1,6,-1,-1,-1,-1,-1,-1,-1,-1,-1,0,-1
2025371608392,2025,371608392,1,9,0,-1,19,6,2,-1,0,0,0,12,1,0,1,1,-1,9,1,26,6,-1,-1,-1,-1,2,E01030246,0,2
2025371608398,2025,371608398,1,9,0,-1,19,5,1,-1,0,1,0,0,0,0,1,1,-1,9,1,33,6,-1,-1,-1,-1,7,E01030294,0,2
2025371608398,2025,371608398,2,17,4,-1,19,1,5,-1,0,1,0,0,0,0,2,1,-1,1,2,49,8,-1,-1,-1,-1,5,E01030286,0,1
2025371608412,2025,371608412,1,9,0,-1,5,2,3,-1,9,3,0,0,1,0,1,1,-1,9,2,75,10,-1,-1,-1,-1,9,E01030072,0,1
2025371608421,2025,371608421,1,1,0,-1,19,1,5,-1,0,0,0,0,0,0,0,1,-1,6,1,84,11,-1,-1,-1,-1,8,E01029925,0,1
2025371608445,2025,371608445,1,9,0,-1,19,2,8,-1,0,0,0,0,7,0,1,1,-1,9,1,54,8,-1,-1,-1,-1,2,E01033802,0,5
2025371608445,2025,371608445,2,98,0,-1,19,6,2,-1,0,0,0,0,0,0,1,1,-1,9,1,55,8,-1,-1,-1,-1,8,E01030293,0,1
2025371608445,2025,371608445,3,9,0,-1,19,2,6,-1,0,0,0,0,0,0,1,1,-1,9,2,27,6,-1,-1,-1,-1,7,E01026914,0,4
2025371608645,2025,371608645,1,9,0,-1,4,7,4,-1,0,1,0,0,0,0,4,1,-1,2,2,24,5,-1,-1,-1,-1,9,E01033450,0,1
2025371608786,2025,371608786,2,9,0,-1,2,0,0,-1,0,0,0,0,0,0,2,1,-1,6,3,-1,-1,-1,-1,-1,-1,-1,-1,0,-1
2025371608786,2025,371608786,1,9,0,-1,19,7,3,-1,0,0,0,0,0,0,1,1,-1,9,2,67,10,-1,-1,-1,-1,10,E01030078,0,3
2025371608804,2025,371608804,2,9,0,-1,3,4,8,-1,0,8,0,0,0,0,2,1,-1,9,2,41,7,-1,-1,-1,-1,4,E01030270,0,1
2025371608804,2025,371608804,1,9,0,-1,3,4,8,-1,0,8,0,0,0,0,1,1,-1,9,1,47,8,-1,-1,-1,-1,2,E01013473,0,5
2025371608955,2025,371608955,1,9,0,-1,19,3,7,-1,0,0,0,0,0,0,4,1,-1,9,1,32,6,-1,-1,-1,-1,1,E01029980,0,1
2025371609086,2025,371609086,1,9,0,-1,19,3,6,-1,0,1,0,0,0,0,1,1,-1,6,2,-1,-1,-1,-1,-1,-1,3,E01029968,0,1
2025371609086,2025,371609086,2,9,0,-1,8,3,6,-1,0,1,0,0,0,0,2,1,-1,9,1,27,6,-1,-1,-1,-1,4,E01030223,0,4
2025371609178,2025,371609178,2,9,0,-1,2,0,0,-1,0,0,0,0,0,0,3,1,-1,6,-1,-1,-1,-1,-1,-1,-1,-1,-1,0,-1
2025371609178,2025,371609178,1,9,0,-1,19,7,3,-1,0,0,0,4,0,0,3,1,-1,6,1,30,6,-1,-1,-1,-1,10,E01030078,0,4
2025371609439,2025,371609439,1,9,0,-1,19,5,2,-1,0,8,0,0,0,0,1,1,-1,9,1,33,6,-1,-1,-1,-1,10,E01030180,0,3
2025371609439,2025,371609439,2,9,0,-1,19,2,6,-1,0,8,0,0,0,0,1,1,-1,9,1,54,8,-1,-1,-1,-1,6,E01030090,0,2
2025371609440,2025,371609440,1,9,0,-1,5,1,3,-1,0,1,0,0,0,0,1,1,-1,9,1,30,6,-1,-1,-1,-1,1,E01033129,0,1
2025371609440,2025,371609440,2,3,0,-1,19,2,4,-1,0,8,0,0,0,0,1,1,-1,9,1,17,4,-1,-1,-1,-1,3,E01033123,0,1
2025371609497,2025,371609497,1,9,0,-1,19,1,3,-1,0,0,0,0,0,0,1,1,-1,1,1,50,8,-1,-1,-1,-1,9,E01033445,0,3
2025371609497,2025,371609497,2,9,0,-1,3,1,3,-1,0,0,0,0,0,0,2,1,-1,9,2,37,7,-1,-1,-1,-1,9,E01033442,0,1
2025371609528,2025,371609528,2,9,0,-1,19,3,7,-1,0,0,0,0,0,0,3,1,-1,9,2,41,7,-1,-1,-1,-1,7,E01021662,0,3
2025371609528,2025,371609528,1,98,0,-1,19,7,3,-1,0,0,0,0,0,0,1,1,-1,1,1,52,8,-1,-1,-1,-1,5,E01018304,0,4
2025371609551,2025,371609551,1,9,0,-1,19,5,1,-1,0,0,0,0,7,0,1,1,-1,9,2,35,6,-1,-1,-1,-1,5,E01030092,0,2
2025371609650,2025,371609650,2,9,0,-1,4,7,3,-1,0,0,0,0,0,0,1,1,-1,6,2,82,11,-1,-1,-1,-1,3,E01033128,0,1
2025371609650,2025,371609650,1,9,0,-1,19,3,7,-1,0,0,0,0,0,0,1,1,-1,6,1,17,4,-1,-1,-1,-1,9,E01029967,0,1
2025371609914,2025,371609914,1,9,0,-1,1,-1,-1,-1,0,0,0,0,0,0,2,1,-1,1,2,32,6,-1,-1,-1,-1,5,E01033127,0,4
2025371609929,2025,371609929,2,3,0,-1,19,3,7,-1,0,0,0,0,0,0,1,1,-1,7,1,18,4,-1,-1,-1,-1,9,E01030148,0,4
2025371609929,2025,371609929,1,9,0,-1,4,3,7,-1,0,0,0,0,0,0,0,1,-1,1,1,48,8,-1,-1,-1,-1,7,E01027344,0,5
2025371609929,2025,371609929,3,9,0,-1,19,3,7,-1,0,0,0,0,0,0,2,1,-1,9,1,30,6,-1,-1,-1,-1,4,E01030028,0,3
2025371610028,2025,371610028,1,9,0,-1,19,3,7,-1,0,1,0,0,1,0,1,1,-1,6,1,41,7,-1,-1,-1,-1,2,E01030079,0,1
2025371610085,2025,371610085,1,1,0,-1,19,7,3,-1,5,0,0,0,0,0,1,1,-1,9,2,15,3,-1,-1,-1,-1,10,E01030124,0,1
2025371610260,2025,371610260,2,1,-1,-1,-1,-1,-1,-1,-1,-1,-1,-1,-1,-1,-1,1,-1,9,1,15,3,-1,-1,-1,-1,5,E01030094,0,1
2025371610260,2025,371610260,1,9,-1,-1,-1,-1,-1,-1,-1,-1,-1,-1,-1,-1,-1,9,-1,6,3,-1,-1,-1,-1,-1,-1,-1,-1,0,-1
2025371610348,2025,371610348,1,90,0,-1,19,1,5,-1,0,8,0,0,0,0,1,1,-1,1,1,49,8,-1,-1,-1,-1,6,E01033126,0,1
2025371610348,2025,371610348,2,9,0,-1,19,3,7,-1,0,8,0,0,0,0,1,1,-1,9,2,72,10,-1,-1,-1,-1,10,E01029973,0,1
2025371610456,2025,371610456,2,19,0,-1,2,0,0,-1,0,0,0,0,0,0,2,1,-1,1,1,32,6,-1,-1,-1,-1,10,E01030070,0,2
2025371610456,2025,371610456,1,9,0,-1,20,4,8,-1,0,0,0,4,0,0,1,1,-1,9,2,50,8,-1,-1,-1,-1,9,E01030072,0,1
2025371610961,2025,371610961,1,98,0,-1,11,3,7,-1,0,0,0,0,0,0,1,1,-1,1,1,64,9,-1,-1,-1,-1,5,E01026935,0,4
2025371610961,2025,371610961,2,9,0,-1,19,3,7,-1,0,0,0,0,0,0,3,1,-1,2,2,44,7,-1,-1,-1,-1,7,E01021913,0,4
2025371610999,2025,371610999,1,9,0,-1,19,1,5,-1,0,0,0,0,0,0,1,1,-1,6,2,41,7,-1,-1,-1,-1,8,E01033044,0,1
2025371611051,2025,371611051,1,9,0,-1,19,3,7,-1,0,1,0,0,0,0,1,1,-1,1,1,17,4,-1,-1,-1,-1,3,E01029886,0,1
2025371611051,2025,371611051,2,19,0,-1,19,3,7,-1,0,1,0,0,0,0,2,1,-1,1,1,37,7,-1,-1,-1,-1,4,E01022028,0,4
2025371611338,2025,371611338,2,4,0,-1,-1,-1,-1,-1,-1,0,-1,-1,-1,0,-1,1,-1,6,1,59,9,-1,-1,-1,-1,6,E01026872,0,4
2025371611338,2025,371611338,1,9,0,-1,-1,-1,-1,-1,-1,0,-1,-1,-1,0,-1,1,-1,6,1,53,8,-1,-1,-1,-1,3,E01029968,0,1
2025371611469,2025,371611469,1,9,0,-1,19,3,5,-1,0,4,0,0,0,0,1,1,-1,6,2,33,6,-1,-1,-1,-1,2,E01030023,0,1
2025371611469,2025,371611469,2,5,0,-1,19,8,5,-1,0,3,0,0,0,0,4,1,-1,6,1,50,8,-1,-1,-1,-1,9,E01029977,0,1
2025371612464,2025,371612464,1,9,0,-1,19,6,2,-1,0,0,1,0,1,0,1,1,-1,9,2,61,9,-1,-1,-1,-1,6,E01030063,0,1
2025371612510,2025,371612510,1,9,0,-1,9,5,3,-1,0,0,0,0,0,0,4,1,-1,9,1,73,10,-1,-1,-1,-1,5,E01030222,0,1
2025371612510,2025,371612510,2,97,0,-1,19,6,2,-1,0,0,5,0,0,0,1,1,-1,9,1,42,7,-1,-1,-1,-1,8,E01022015,0,4
2025371613024,2025,371613024,2,9,0,-1,19,2,6,-1,0,8,0,0,0,0,4,1,-1,9,2,20,4,-1,-1,-1,-1,1,E01030261,0,1
2025371613024,2025,371613024,1,1,0,-1,7,4,6,-1,0,8,0,0,0,0,1,1,-1,6,1,44,7,-1,-1,-1,-1,6,E01030235,0,1
2025371616154,2025,371616154,1,9,0,-1,19,6,2,-1,0,0,0,0,0,0,1,1,-1,9,1,21,5,-1,-1,-1,-1,6,E01030186,0,3
2025371616154,2025,371616154,2,9,0,-1,19,2,6,-1,0,0,0,0,0,0,1,1,-1,6,1,27,6,-1,-1,-1,-1,7,E01029965,0,3
2025371616159,2025,371616159,1,9,0,-1,19,7,3,-1,0,0,0,0,0,0,3,1,-1,6,2,33,6,-1,-1,-1,-1,2,E01030014,0,1
2025371616159,2025,371616159,2,1,0,-1,19,3,7,-1,0,0,0,0,0,0,1,1,-1,6,1,20,4,-1,-1,-1,-1,8,E01015693,0,5
2025371616194,2025,371616194,1,9,0,-1,19,1,5,-1,0,1,0,0,0,0,3,1,-1,6,2,25,5,-1,-1,-1,-1,6,E01030076,0,1
2025371616194,2025,371616194,2,1,0,-1,19,7,3,-1,0,8,0,0,0,0,1,1,-1,9,1,10,2,-1,-1,-1,-1,-1,-1,0,-1
2025371616199,2025,371616199,2,21,0,-1,19,1,5,-1,0,1,0,0,0,0,4,1,-1,1,1,51,8,-1,-1,-1,-1,9,E01029883,0,3
2025371616199,2025,371616199,1,9,0,-1,5,3,5,-1,0,8,0,0,0,0,3,1,-1,6,1,78,11,-1,-1,-1,-1,10,E01030206,0,1
2025371616225,2025,371616225,1,9,0,-1,9,5,3,-1,0,8,0,0,0,0,3,1,-1,6,1,23,5,-1,-1,-1,-1,10,E01023591,0,5
2025371616225,2025,371616225,2,1,0,-1,19,3,7,-1,0,8,0,0,0,0,1,1,-1,6,1,59,9,-1,-1,-1,-1,5,E01033448,0,1
2025371616252,2025,371616252,1,9,0,-1,19,-1,-1,-1,0,0,0,0,0,0,-1,9,-1,6,3,-1,-1,-1,-1,-1,-1,-1,-1,0,-1
2025371616272,2025,371616272,1,-1,0,-1,19,-1,-1,-1,-1,0,0,0,0,0,1,9,-1,6,3,-1,-1,-1,-1,-1,-1,-1,-1,1,-1
2025371616282,2025,371616282,1,19,0,-1,19,1,5,-1,9,1,0,0,1,0,3,1,-1,6,1,25,5,-1,-1,-1,-1,1,E01030247,0,1
2025371616364,2025,371616364,1,9,0,-1,19,3,7,-1,0,0,1,11,1,6,4,1,-1,6,1,68,10,-1,-1,-1,-1,3,E01030123,0,2
2025371616653,2025,371616653,1,9,0,-1,19,1,5,-1,0,0,0,0,0,0,1,1,-1,1,1,48,8,-1,-1,-1,-1,9,E01030238,0,1
2025371616653,2025,371616653,2,9,0,-1,4,1,5,-1,0,0,0,0,0,0,2,1,-1,6,2,31,6,-1,-1,-1,-1,5,E01030241,0,1
2025371616680,2025,371616680,1,9,0,-1,19,3,7,-1,0,0,0,0,0,0,1,1,-1,2,1,18,4,-1,-1,-1,-1,7,E01030051,0,2
2025371616680,2025,371616680,2,9,0,-1,19,3,7,-1,0,0,0,0,0,0,2,1,-1,2,1,48,8,-1,-1,-1,-1,3,E01030077,0,3
2025371616680,2025,371616680,3,9,0,-1,19,3,7,-1,0,0,0,0,0,0,1,1,-1,2,2,19,4,-1,-1,-1,-1,1,E01022043,0,4
2025371616747,2025,371616747,2,9,0,-1,4,3,8,-1,0,0,0,0,0,0,3,1,-1,2,1,32,6,-1,-1,-1,-1,2,E01030264,0,1
2025371616747,2025,371616747,1,1,0,-1,19,5,1,-1,0,0,2,0,0,0,1,1,-1,9,1,13,3,-1,-1,-1,-1,1,E01030247,0,1
2025371616865,2025,371616865,2,1,0,-1,19,7,3,-1,0,1,5,0,0,0,1,1,-1,9,1,64,9,-1,-1,-1,-1,6,E01029879,0,1
2025371616865,2025,371616865,1,9,0,-1,9,1,7,-1,0,8,0,0,0,0,1,1,-1,9,1,58,9,-1,-1,-1,-1,2,E01029969,0,1
2025371617251,2025,371617251,2,9,0,-1,9,5,2,-1,0,0,0,0,0,0,3,1,-1,1,1,39,7,-1,-1,-1,-1,9,E01029882,0,1
2025371617251,2025,371617251,1,3,0,-1,19,5,3,-1,0,0,0,0,0,0,1,1,-1,6,1,22,5,-1,-1,-1,-1,6,E01029877,0,2
2025371619327,2025,371619327,1,1,0,-1,19,3,7,-1,0,0,5,0,0,0,4,1,-1,6,1,12,3,-1,-1,-1,-1,5,E01030030,0,1
2025371619327,2025,371619327,2,9,0,-1,19,5,1,-1,0,0,0,0,0,0,1,1,-1,6,1,67,10,-1,-1,-1,-1,9,E01029977,0,1
2025371619360,2025,371619360,2,98,0,-1,19,8,4,-1,0,1,0,0,0,0,4,1,-1,1,1,36,7,-1,-1,-1,-1,-1,-1,0,-1
2025371619360,2025,371619360,4,9,0,-1,2,0,0,-1,0,2,0,0,0,0,2,1,-1,6,-1,-1,-1,-1,-1,-1,-1,-1,-1,0,-1
2025371619360,2025,371619360,3,9,0,-1,2,0,0,-1,0,2,0,0,0,0,3,1,-1,6,-1,-1,-1,-1,-1,-1,-1,-1,-1,0,-1
2025371619360,2025,371619360,1,9,0,-1,19,8,4,-1,0,1,0,0,0,0,3,1,-1,6,1,19,4,-1,-1,-1,-1,8,E01033452,0,2
2025371620699,2025,371620699,3,19,0,-1,10,3,7,-1,0,0,0,0,0,0,2,1,-1,1,1,25,5,-1,-1,-1,-1,1,E01034934,0,5
2025371620699,2025,371620699,1,9,0,-1,19,3,7,-1,0,0,0,0,0,0,1,1,-1,1,1,55,8,-1,-1,-1,-1,2,E01029988,0,1
2025371620699,2025,371620699,2,9,0,-1,3,3,7,-1,0,0,0,0,0,0,2,1,-1,1,2,22,5,-1,-1,-1,-1,6,E01030059,0,4
2025371622053,2025,371622053,1,9,0,-1,19,3,8,-1,0,0,5,0,7,0,1,1,-1,6,2,18,4,-1,-1,-1,-1,8,E01030237,0,2
2025371624932,2025,371624932,2,9,0,-1,4,3,7,-1,0,1,0,0,0,0,2,1,-1,6,2,59,9,-1,-1,-1,-1,6,E01030044,0,1
2025371624932,2025,371624932,1,19,0,-1,19,3,7,-1,0,1,0,0,0,0,1,1,-1,1,1,24,5,-1,-1,-1,-1,4,E01029960,0,2
2025371625243,2025,371625243,1,11,0,-1,19,6,2,-1,0,1,0,0,0,0,1,1,-1,9,1,38,7,-1,-1,-1,-1,3,E01030276,0,1
2025371625442,2025,371625442,2,9,0,-1,19,7,3,-1,0,0,0,0,1,0,4,1,-1,6,1,-1,-1,-1,-1,-1,-1,-1,-1,0,-1
2025371625442,2025,371625442,1,9,0,-1,19,7,3,-1,0,0,0,0,4,0,1,1,-1,9,1,17,4,-1,-1,-1,-1,3,E01022044,0,4
2025371625442,2025,371625442,3,9,0,-1,19,7,3,-1,0,0,0,0,0,0,1,1,-1,1,1,33,6,-1,-1,-1,-1,10,E01026362,0,4
2025371625442,2025,371625442,4,9,0,-1,19,7,3,-1,0,0,0,0,0,0,4,1,-1,1,1,48,8,-1,-1,-1,-1,6,E01018098,0,4