collision_index,collision_year,collision_ref_no,vehicle_reference,vehicle_type,towing_and_articulation,vehicle_manoeuvre_historic,vehicle_manoeuvre,vehicle_direction_from,vehicle_direction_to,vehicle_location_restricted_lane_historic,vehicle_location_restricted_lane,junction_location,skidding_and_overturning,hit_object_in_carriageway,vehicle_leaving_carriageway,hit_object_off_carriageway,first_point_of_impact,vehicle_left_hand_drive,journey_purpose_of_driver_historic,journey_purpose_of_driver,sex_of_driver,age_of_driver,age_band_of_driver,engine_capacity_cc,propulsion_code,age_of_vehicle,generic_make_model,driver_imd_decile,lsoa_of_driver,escooter_flag,driver_distance_banding
2025401553057,2025,401553057,1,99,-1,-1,-1,-1,-1,-1,-1,0,-1,-1,-1,0,-1,9,-1,6,2,-1,-1,-1,-1,-1,-1,8,E01033816,0,1
2025401553057,2025,401553057,2,1,0,-1,-1,-1,-1,-1,-1,0,-1,-1,-1,0,-1,1,-1,9,1,7,2,-1,-1,-1,-1,8,E01033816,0,1
2025401553259,2025,401553259,1,9,0,-1,19,1,5,-1,0,0,0,0,0,0,4,1,-1,6,2,69,10,-1,-1,-1,-1,5,E01015712,0,1
2025401553259,2025,401553259,2,9,0,-1,2,0,0,-1,0,0,0,0,0,0,4,1,-1,6,-1,-1,-1,-1,-1,-1,-1,-1,-1,0,-1
2025401553259,2025,401553259,3,9,0,-1,2,0,0,-1,0,0,0,0,0,0,3,1,-1,6,-1,-1,-1,-1,-1,-1,-1,-1,-1,0,-1
2025401553285,2025,401553285,1,9,0,-1,4,6,2,-1,0,0,0,0,0,0,1,1,-1,6,2,21,5,-1,-1,-1,-1,5,E01017588,0,1
2025401553285,2025,401553285,2,9,0,-1,4,6,2,-1,0,0,0,0,0,0,2,1,-1,6,2,47,8,-1,-1,-1,-1,4,E01033834,0,1
2025401553285,2025,401553285,3,9,0,-1,4,6,2,-1,0,0,0,0,0,0,2,1,-1,6,1,22,5,-1,-1,-1,-1,5,E01015739,0,2
2025401553288,2025,401553288,1,9,0,-1,1,4,8,-1,0,1,0,0,0,0,2,9,-1,6,3,-1,-1,-1,-1,-1,-1,-1,-1,0,-1
2025401553398,2025,401553398,1,9,0,-1,19,8,4,-1,0,8,0,0,0,0,1,9,-1,6,3,-1,-1,-1,-1,-1,-1,-1,-1,0,-1
2025401553398,2025,401553398,2,1,0,-1,19,8,4,-1,0,8,0,0,0,0,9,1,-1,6,1,39,7,-1,-1,-1,-1,3,E01015701,0,1
2025401553777,2025,401553777,1,9,-1,-1,-1,-1,-1,-1,-1,0,-1,-1,-1,0,-1,9,-1,6,3,-1,-1,-1,-1,-1,-1,-1,-1,0,-1
2025401553800,2025,401553800,1,9,0,-1,9,3,1,-1,0,8,0,0,0,0,4,1,-1,6,2,38,7,-1,-1,-1,-1,5,E01034428,0,1
2025401553800,2025,401553800,2,9,0,-1,19,7,3,-1,0,8,0,0,0,0,4,1,-1,6,2,51,8,-1,-1,-1,-1,9,E01025991,0,4
2025401553808,2025,401553808,2,9,0,-1,3,-1,-1,-1,0,8,0,0,0,0,3,1,-1,9,2,32,6,-1,-1,-1,-1,7,E01015745,0,2
2025401553808,2025,401553808,1,9,0,-1,3,-1,-1,-1,0,8,0,0,0,0,4,1,-1,6,3,-1,-1,-1,-1,-1,-1,-1,-1,0,-1
2025401553860,2025,401553860,1,9,-1,-1,-1,-1,-1,-1,-1,0,-1,-1,-1,0,1,9,-1,6,1,-1,-1,-1,-1,-1,-1,-1,-1,0,-1
2025401553865,2025,401553865,2,9,0,-1,19,6,2,-1,0,8,0,0,0,0,4,1,-1,6,2,48,8,-1,-1,-1,-1,2,E01015733,0,1
2025401553865,2025,401553865,1,9,-1,-1,-1,-1,-1,-1,-1,8,-1,-1,-1,0,-1,9,-1,6,1,36,7,-1,-1,-1,-1,2,E01002003,0,4
2025401553923,2025,401553923,2,9,0,-1,3,5,1,-1,0,0,0,0,0,0,2,1,-1,9,2,39,7,-1,-1,-1,-1,-1,-1,0,-1
2025401553923,2025,401553923,1,9,0,-1,19,5,1,-1,0,0,0,0,0,0,3,1,-1,6,1,41,7,-1,-1,-1,-1,3,E01023613,0,3
2025401554114,2025,401554114,3,19,0,-1,19,6,2,-1,0,0,0,0,0,0,1,1,-1,6,3,-1,-1,-1,-1,-1,-1,-1,-1,0,-1
2025401554114,2025,401554114,1,9,0,-1,19,6,2,-1,0,0,0,0,0,0,2,1,-1,6,2,33,6,-1,-1,-1,-1,9,E01017582,0,1
2025401554114,2025,401554114,2,19,0,-1,19,6,2,-1,0,0,0,0,0,0,2,1,-1,6,1,64,9,-1,-1,-1,-1,3,E01015744,0,2
2025401554192,2025,401554192,3,19,0,-1,19,1,5,-1,0,0,0,0,0,0,2,1,-1,6,1,38,7,-1,-1,-1,-1,3,E01027137,0,4
2025401554192,2025,401554192,2,9,0,-1,19,1,5,-1,0,0,0,0,0,0,2,1,-1,6,1,45,7,-1,-1,-1,-1,6,E01006202,0,5
2025401554192,2025,401554192,1,19,0,-1,19,1,5,-1,0,0,0,0,0,0,1,1,-1,6,1,37,7,-1,-1,-1,-1,5,E01025653,0,4
2025401554284,2025,401554284,2,1,0,-1,10,1,5,-1,0,2,0,0,0,0,3,1,-1,7,1,13,3,-1,-1,-1,-1,5,E01015750,0,1
2025401554284,2025,401554284,1,9,0,-1,9,3,1,-1,0,5,0,0,0,0,4,9,-1,6,3,-1,-1,-1,-1,-1,-1,-1,-1,0,-1
2025401554571,2025,401554571,1,9,0,-1,19,7,3,-1,0,2,5,0,0,0,3,1,-1,9,2,31,6,-1,-1,-1,-1,9,E01017414,0,2
2025401554571,2025,401554571,2,9,0,-1,19,3,7,-1,0,2,1,0,0,0,3,1,-1,9,1,67,10,-1,-1,-1,-1,7,E01017446,0,1
2025401555074,2025,401555074,1,9,-1,-1,-1,-1,-1,-1,-1,0,-1,-1,-1,0,-1,9,-1,6,1,-1,-1,-1,-1,-1,-1,-1,-1,0,-1
2025401555074,2025,401555074,2,9,-1,-1,-1,-1,-1,-1,-1,0,-1,-1,-1,0,2,9,-1,6,1,27,6,-1,-1,-1,-1,3,E01015765,0,1
2025401555150,2025,401555150,2,1,0,-1,7,7,5,-1,0,0,0,0,0,0,1,1,-1,2,1,26,6,-1,-1,-1,-1,1,E01015736,0,2
2025401555150,2025,401555150,1,9,0,-1,10,1,3,-1,0,0,0,0,0,0,1,1,-1,2,1,33,6,-1,-1,-1,-1,5,E01023411,0,3
2025401555342,2025,401555342,3,9,0,-1,19,5,1,-1,0,0,0,1,0,0,1,1,-1,6,1,35,6,-1,-1,-1,-1,5,E01021820,0,4
2025401555342,2025,401555342,2,19,0,-1,19,5,1,-1,0,0,0,1,0,0,1,1,-1,6,1,44,7,-1,-1,-1,-1,5,E01017557,0,3
2025401555342,2025,401555342,1,9,0,-1,19,5,1,-1,0,0,0,0,0,0,1,1,-1,9,1,43,7,-1,-1,-1,-1,6,E01018935,0,5
2025401555506,2025,401555506,2,98,0,-1,13,1,5,-1,0,0,0,0,0,0,4,1,-1,6,1,50,8,-1,-1,-1,-1,9,E01026263,0,5
2025401555506,2025,401555506,1,9,0,-1,19,1,5,-1,0,0,0,0,0,0,3,1,-1,6,2,41,7,-1,-1,-1,-1,5,E01015714,0,1
2025401555568,2025,401555568,2,9,0,-1,19,4,8,-1,0,1,0,0,0,0,1,1,-1,2,1,39,7,-1,-1,-1,-1,9,E01017374,0,1
2025401555568,2025,401555568,1,9,0,-1,9,6,4,-1,0,1,0,0,0,0,2,1,-1,7,2,30,6,-1,-1,-1,-1,8,E01034416,0,2
2025401555590,2025,401555590,1,9,-1,-1,-1,-1,-1,-1,-1,-1,-1,-1,-1,0,-1,9,-1,6,3,-1,-1,-1,-1,-1,-1,-1,-1,0,-1
2025401555590,2025,401555590,2,9,-1,-1,-1,-1,-1,-1,-1,-1,-1,-1,-1,0,3,9,-1,6,2,25,5,-1,-1,-1,-1,2,E01017537,0,4
2025401555634,2025,401555634,2,9,-1,-1,-1,-1,-1,-1,-1,-1,-1,-1,-1,0,2,9,-1,9,2,44,7,-1,-1,-1,-1,3,E01015761,0,1
2025401555634,2025,401555634,1,8,-1,-1,-1,-1,-1,-1,-1,-1,-1,-1,-1,0,2,9,-1,6,1,-1,-1,-1,-1,-1,-1,2,E01015729,0,1
2025401555852,2025,401555852,1,9,-1,-1,-1,-1,-1,-1,-1,0,-1,-1,-1,0,-1,9,-1,6,3,-1,-1,-1,-1,-1,-1,-1,-1,0,-1
2025401555852,2025,401555852,2,-1,-1,-1,-1,-1,-1,-1,-1,0,-1,-1,-1,0,-1,1,-1,6,1,17,4,-1,-1,-1,-1,2,E01033807,1,1
2025401555888,2025,401555888,1,9,0,-1,14,-1,-1,-1,0,0,9,10,0,0,1,9,-1,6,1,28,6,-1,-1,-1,-1,6,E01017378,0,1
2025401555888,2025,401555888,2,1,0,-1,14,-1,-1,-1,0,0,5,0,0,0,2,1,-1,9,1,49,8,-1,-1,-1,-1,6,E01017378,0,1
2025401555959,2025,401555959,1,9,0,-1,9,5,8,-1,0,8,0,0,0,0,3,1,-1,6,3,-1,-1,-1,-1,-1,-1,-1,-1,0,-1
2025401555959,2025,401555959,2,1,0,-1,19,8,4,-1,4,7,1,0,0,0,4,1,-1,2,1,23,5,-1,-1,-1,-1,2,E01017537,0,1
2025401556309,2025,401556309,1,9,0,-1,19,1,5,-1,0,0,5,10,0,0,4,1,-1,6,1,80,11,-1,-1,-1,-1,8,E01015805,0,1
2025401556321,2025,401556321,1,9,0,-1,12,3,7,-1,0,0,0,0,0,0,1,1,-1,1,2,21,5,-1,-1,-1,-1,10,E01027287,0,4
2025401556321,2025,401556321,2,9,0,-1,19,7,3,-1,0,0,0,0,7,0,1,1,-1,2,1,47,8,-1,-1,-1,-1,5,E01017440,0,2
2025401556597,2025,401556597,2,-1,0,-1,19,5,1,-1,0,0,5,0,0,0,1,1,-1,6,1,25,5,-1,-1,-1,-1,2,E01015720,1,1
2025401556597,2025,401556597,1,11,0,-1,19,3,7,-1,0,0,0,0,0,0,4,1,-1,6,1,26,6,-1,-1,-1,-1,4,E01015728,0,1
2025401556644,2025,401556644,2,9,0,-1,19,7,3,-1,0,0,0,0,0,0,3,1,-1,2,2,23,5,-1,-1,-1,-1,5,E01016803,0,2
2025401556644,2025,401556644,1,9,0,-1,19,3,7,-1,0,0,1,0,1,4,1,1,-1,2,1,19,4,-1,-1,-1,-1,8,E01034415,0,1
2025401556713,2025,401556713,2,1,0,-1,19,7,2,-1,0,1,0,0,0,0,3,1,-1,6,1,58,9,-1,-1,-1,-1,10,E01017393,0,2
2025401556713,2025,401556713,1,9,0,-1,5,4,1,-1,0,1,0,0,0,0,1,1,-1,1,1,64,9,-1,-1,-1,-1,9,E01017398,0,1
2025401557573,2025,401557573,2,9,0,-1,5,4,1,-1,0,1,0,0,0,0,1,1,-1,6,1,46,8,-1,-1,-1,-1,9,E01033115,0,3
2025401557573,2025,401557573,1,8,0,-1,19,2,6,-1,0,1,0,0,0,0,1,1,-1,1,2,60,9,-1,-1,-1,-1,6,E01017511,0,3
2025401557578,2025,401557578,1,9,0,-1,5,5,1,-1,0,6,0,0,0,0,3,1,-1,9,2,47,8,-1,-1,-1,-1,3,E01017493,0,1
2025401557578,2025,401557578,2,1,0,-1,19,2,6,-1,0,1,0,0,0,0,1,1,-1,1,2,26,6,-1,-1,-1,-1,10,E01017532,0,1
2025401557666,2025,401557666,1,9,0,-1,19,5,1,-1,0,8,0,0,0,0,1,9,-1,2,1,64,9,-1,-1,-1,-1,4,E01015792,0,1
2025401558002,2025,401558002,1,9,0,-1,19,2,6,-1,0,4,0,0,0,0,1,9,-1,6,1,49,8,-1,-1,-1,-1,1,E01015736,0,1
2025401558002,2025,401558002,2,9,0,-1,9,6,2,-1,0,4,1,0,0,0,1,9,-1,6,3,29,6,-1,-1,-1,-1,2,E01015733,0,1
2025401558081,2025,401558081,2,9,0,-1,3,2,5,-1,0,1,0,0,0,0,2,9,-1,9,2,63,9,-1,-1,-1,-1,8,E01033820,0,2
2025401558081,2025,401558081,1,98,0,-1,19,2,5,-1,0,1,0,0,0,0,1,9,-1,6,3,-1,-1,-1,-1,-1,-1,-1,-1,0,-1
2025401558102,2025,401558102,2,1,0,-1,19,-1,-1,-1,0,0,0,0,0,0,4,1,-1,2,1,23,5,-1,-1,-1,-1,8,E01017468,0,2
2025401558102,2025,401558102,1,9,0,-1,19,-1,-1,-1,0,0,0,0,0,0,1,9,-1,6,3,-1,-1,-1,-1,-1,-1,-1,-1,0,-1
2025401558175,2025,401558175,2,5,0,-1,19,5,6,-1,0,0,0,0,0,0,1,1,-1,6,1,27,6,-1,-1,-1,-1,2,E01015758,0,1
2025401558175,2025,401558175,1,9,-1,-1,-1,-1,-1,-1,-1,0,-1,-1,-1,0,-1,9,-1,6,1,-1,-1,-1,-1,-1,-1,-1,-1,0,-1
2025401558396,2025,401558396,1,8,0,-1,19,3,7,-1,0,0,0,0,0,0,0,9,-1,6,1,35,6,-1,-1,-1,-1,3,E01015765,0,2
2025401558428,2025,401558428,1,9,0,-1,2,0,0,-1,0,0,0,0,1,0,2,1,-1,2,1,21,5,-1,-1,-1,-1,9,E01023653,0,3
2025401558428,2025,401558428,2,9,0,-1,19,1,5,-1,0,0,0,4,0,0,1,1,-1,9,2,18,4,-1,-1,-1,-1,7,E01023585,0,2
2025401558432,2025,401558432,2,1,0,-1,3,4,8,-1,0,1,0,0,0,0,1,1,-1,6,1,22,5,-1,-1,-1,-1,4,E01015711,0,1
2025401558432,2025,401558432,1,9,0,-1,10,8,4,-1,0,1,0,0,0,0,1,1,-1,6,1,27,6,-1,-1,-1,-1,5,E01015750,0,1
2025401558516,2025,401558516,1,9,0,-1,19,5,1,-1,0,1,0,0,0,0,1,1,-1,6,2,37,7,-1,-1,-1,-1,7,E01017478,0,1
2025401558516,2025,401558516,2,9,0,-1,9,5,3,-1,0,5,0,0,0,0,2,1,-1,6,1,23,5,-1,-1,-1,-1,5,E01027059,0,3
2025401558516,2025,401558516,3,9,0,-1,19,5,1,-1,0,1,0,0,0,0,0,1,-1,6,1,35,6,-1,-1,-1,-1,7,E01017478,0,1
2025401558944,2025,401558944,2,9,0,-1,5,3,1,-1,0,0,0,0,0,0,3,1,-1,9,2,82,11,-1,-1,-1,-1,5,E01017600,0,2
2025401558944,2025,401558944,1,9,0,-1,19,1,5,-1,0,0,1,0,0,0,1,1,-1,9,2,59,9,-1,-1,-1,-1,5,E01017586,0,1
2025401559232,2025,401559232,1,9,0,-1,19,6,2,-1,0,8,0,0,0,0,1,1,-1,6,1,64,9,-1,-1,-1,-1,3,E01017580,0,1
2025401559460,2025,401559460,2,9,0,-1,19,4,2,-1,0,2,0,0,0,0,3,1,-1,6,1,21,5,-1,-1,-1,-1,6,E01034438,0,3
2025401559460,2025,401559460,1,90,0,-1,19,2,6,-1,0,1,0,0,0,0,1,1,-1,1,1,33,6,-1,-1,-1,-1,5,E01018041,0,4
2025401560309,2025,401560309,3,9,0,-1,19,7,7,-1,0,0,0,0,0,0,3,1,-1,6,2,58,9,-1,-1,-1,-1,8,E01023433,0,2
2025401560309,2025,401560309,1,9,0,-1,13,7,3,-1,0,0,0,0,0,0,1,1,-1,6,1,38,7,-1,-1,-1,-1,2,E01015787,0,1
2025401560309,2025,401560309,4,9,0,-1,19,3,7,-1,0,0,0,0,0,0,1,1,-1,6,2,68,10,-1,-1,-1,-1,3,E01017595,0,2
2025401560309,2025,401560309,2,9,0,-1,19,7,3,-1,0,0,0,0,0,0,1,1,-1,6,2,21,5,-1,-1,-1,-1,2,E01015735,0,1
2025401560388,2025,401560388,1,9,0,-1,19,5,1,-1,0,0,1,0,1,4,1,1,-1,6,2,21,5,-1,-1,-1,-1,9,E01017449,0,3
2025401560430,2025,401560430,1,9,0,-1,19,5,1,-1,0,1,0,0,0,0,1,1,-1,1,1,36,7,-1,-1,-1,-1,7,E01015803,0,1
2025401560430,2025,401560430,2,19,0,-1,1,7,4,-1,0,6,0,0,0,0,2,1,-1,6,1,49,8,-1,-1,-1,-1,3,E01015801,0,1
2025401560747,2025,401560747,1,9,0,-1,19,5,2,-1,0,0,0,0,7,0,1,1,-1,9,1,86,11,-1,-1,-1,-1,6,E01017616,0,1
2025401560748,2025,401560748,1,9,0,-1,5,3,7,-1,0,4,0,0,0,0,1,1,-1,6,1,34,6,-1,-1,-1,-1,3,E01017619,0,1
2025401560768,2025,401560768,1,21,0,-1,9,2,1,-1,0,8,0,0,0,0,1,1,-1,1,1,52,8,-1,-1,-1,-1,5,E01024606,0,4
2025401560890,2025,401560890,1,9,0,-1,4,6,2,-1,0,1,0,0,0,0,1,1,-1,1,2,32,6,-1,-1,-1,-1,3,E01002506,0,4
2025401560890,2025,401560890,2,20,0,-1,4,6,2,-1,0,1,0,0,0,0,2,1,-1,1,1,38,7,-1,-1,-1,-1,9,E01017470,0,3
2025401560967,2025,401560967,1,-1,0,-1,19,1,5,-1,0,0,0,0,0,0,4,1,-1,2,2,35,6,-1,-1,-1,-1,3,E01015730,1,1
2025401560967,2025,401560967,2,9,0,-1,19,7,3,-1,0,0,0,0,0,0,1,1,-1,9,1,35,6,-1,-1,-1,-1,-1,-1,0,-1
2025401561204,2025,401561204,2,9,0,-1,9,5,3,-1,0,8,0,0,0,0,3,1,-1,9,2,23,5,-1,-1,-1,-1,10,E01017436,0,2
2025401561204,2025,401561204,1,9,0,-1,19,3,7,-1,0,8,0,0,0,0,1,1,-1,2,2,48,8,-1,-1,-1,-1,6,E01018110,0,4
2025401561240,2025,401561240,1,98,1,-1,19,3,7,-1,0,0,0,0,0,0,1,1,-1,1,1,42,7,-1,-1,-1,-1,7,E01023963,0,4
2025401561240,2025,401561240,4,19,0,-1,4,3,7,-1,0,0,0,0,0,0,2,1,-1,1,1,28,6,-1,-1,-1,-1,10,E01017392,0,4
2025401561240,2025,401561240,3,19,0,-1,4,3,7,-1,0,0,0,0,0,0,2,1,-1,2,1,25,5,-1,-1,-1,-1,9,E01017556,0,1
2025401561240,2025,401561240,2,9,0,-1,4,3,7,-1,0,0,1,0,7,7,2,1,-1,6,2,48,8,-1,-1,-1,-1,5,E01033837,0,2
2025401561268,2025,401561268,2,1,-1,-1,-1,-1,-1,-1,-1,-1,-1,-1,-1,0,-1,1,-1,6,1,14,3,-1,-1,-1,-1,9,E01017456,0,1
2025401561268,2025,401561268,1,9,-1,-1,-1,-1,-1,-1,-1,-1,-1,-1,-1,0,-1,9,-1,6,2,45,7,-1,-1,-1,-1,7,E01033431,0,1
2025401561298,2025,401561298,1,9,0,-1,3,7,3,-1,0,6,0,0,0,0,4,9,-1,6,2,30,6,-1,-1,-1,-1,3,E01027314,0,4
2025401561372,2025,401561372,1,9,0,-1,19,-1,-1,-1,0,1,0,0,0,0,1,9,-1,6,1,29,6,-1,-1,-1,-1,1,E01015736,0,1
2025401561381,2025,401561381,1,8,-1,-1,-1,-1,-1,-1,-1,-1,-1,-1,-1,0,1,9,-1,6,1,41,7,-1,-1,-1,-1,2,E01015773,0,1
2025401561381,2025,401561381,2,97,-1,-1,-1,-1,-1,-1,-1,-1,-1,-1,-1,0,3,1,-1,2,1,19,4,-1,-1,-1,-1,10,E01017404,0,2
2025401561397,2025,401561397,3,9,0,-1,3,8,3,-1,0,0,0,0,0,0,2,1,-1,9,1,41,7,-1,-1,-1,-1,10,E01017560,0,1
2025401561397,2025,401561397,1,9,0,-1,19,8,3,-1,0,0,0,0,0,0,1,1,-1,9,2,30,6,-1,-1,-1,-1,7,E01017652,0,3
2025401561397,2025,401561397,2,9,0,-1,3,8,3,-1,0,0,0,0,0,0,2,1,-1,9,2,54,8,-1,-1,-1,-1,9,E01017752,0,4
2025401561409,2025,401561409,1,9,0,-1,5,1,5,-1,0,4,0,0,0,0,1,1,-1,2,1,77,11,-1,-1,-1,-1,7,E01017420,0,1
2025401561409,2025,401561409,2,19,0,-1,9,1,5,-1,0,3,0,0,0,0,1,1,-1,6,1,62,9,-1,-1,-1,-1,3,E01015757,0,3
2025401561504,2025,401561504,1,9,0,-1,5,8,4,-1,0,4,0,0,0,0,1,1,-1,6,2,37,7,-1,-1,-1,-1,9,E01033825,0,3
2025401561504,2025,401561504,2,9,0,-1,3,8,4,-1,0,4,0,0,0,0,2,1,-1,6,2,27,6,-1,-1,-1,-1,5,E01034429,0,1
2025401561675,2025,401561675,1,9,0,-1,19,5,1,-1,0,0,1,0,7,0,3,1,-1,6,1,61,9,-1,-1,-1,-1,5,E01015763,0,2
2025401562256,2025,401562256,2,-1,0,-1,5,2,6,-1,0,6,0,0,0,0,-1,1,-1,7,1,14,3,-1,-1,-1,-1,3,E01015757,1,1
2025401562256,2025,401562256,1,9,0,-1,5,4,8,-1,0,1,0,0,0,0,3,1,-1,6,1,-1,-1,-1,-1,-1,-1,-1,-1,0,-1
2025401563160,2025,401563160,2,9,0,-1,19,2,6,-1,0,1,0,0,0,0,1,1,-1,6,2,40,7,-1,-1,-1,-1,6,E01016754,0,3
2025401563160,2025,401563160,1,9,0,-1,5,3,7,-1,0,6,0,0,0,0,3,1,-1,6,2,39,7,-1,-1,-1,-1,9,E01033823,0,1
2025401563210,2025,401563210,1,11,-1,-1,-1,-1,-1,-1,-1,0,-1,-1,-1,0,-1,9,-1,1,1,-1,-1,-1,-1,-1,-1,-1,-1,0,-1
2025401563247,2025,401563247,1,9,-1,-1,-1,-1,-1,-1,-1,4,-1,-1,-1,0,1,9,-1,6,3,-1,-1,-1,-1,-1,-1,-1,-1,0,-1
2025401563247,2025,401563247,2,8,0,-1,19,3,7,-1,0,8,0,0,0,0,4,1,-1,1,1,36,7,-1,-1,-1,-1,4,E01015692,0,4
2025401563290,2025,401563290,1,19,0,-1,19,5,1,-1,0,1,0,0,7,0,3,1,-1,6,2,36,7,-1,-1,-1,-1,3,E01017552,0,1
2025401563544,2025,401563544,1,9,-1,-1,-1,-1,-1,-1,-1,-1,-1,-1,-1,0,-1,9,-1,6,1,-1,-1,-1,-1,-1,-1,-1,-1,0,-1
2025401563669,2025,401563669,1,9,0,-1,-1,-1,-1,-1,-1,0,-1,-1,-1,0,-1,1,-1,6,1,55,8,-1,-1,-1,-1,7,E01015745,0,1
2025401563669,2025,401563669,2,9,0,-1,4,1,5,-1,0,0,0,0,0,0,2,1,-1,7,2,52,8,-1,-1,-1,-1,7,E01015745,0,1
2025401564041,2025,401564041,1,9,0,-1,1,5,1,-1,0,0,0,0,0,0,2,1,-1,6,1,48,8,-1,-1,-1,-1,10,E01017399,0,1
2025401564060,2025,401564060,2,9,0,-1,3,2,6,-1,0,1,0,0,0,0,2,1,-1,2,2,48,8,-1,-1,-1,-1,4,E01017512,0,4
2025401564060,2025,401564060,1,9,0,-1,19,2,6,-1,0,1,0,0,0,0,1,1,-1,6,2,37,7,-1,-1,-1,-1,10,E01017408,0,1
2025401564152,2025,401564152,1,9,0,-1,6,1,5,-1,0,0,0,0,0,0,1,1,-1,1,1,44,7,-1,-1,-1,-1,-1,-1,0,-1
2025401564333,2025,401564333,2,9,0,-1,19,3,7,-1,0,0,0,0,0,0,1,1,-1,6,1,74,10,-1,-1,-1,-1,10,E01017625,0,2
2025401564333,2025,401564333,1,9,0,-1,19,7,3,-1,0,0,0,0,0,0,1,1,-1,6,1,61,9,-1,-1,-1,-1,5,E01033836,0,2
2025401564476,2025,401564476,1,9,0,-1,19,3,7,-1,0,0,0,0,0,0,1,1,-1,1,1,29,6,-1,-1,-1,-1,10,E01017397,0,1
2025401564476,2025,401564476,2,9,0,-1,19,3,7,-1,0,0,0,0,0,0,2,1,-1,6,1,53,8,-1,-1,-1,-1,8,E01033816,0,1
2025401564497,2025,401564497,3,9,0,-1,2,0,0,-1,0,0,0,0,0,0,2,1,-1,6,-1,-1,-1,-1,-1,-1,-1,-1,-1,0,-1
2025401564497,2025,401564497,2,9,0,-1,2,0,0,-1,0,0,0,4,0,0,2,1,-1,6,-1,-1,-1,-1,-1,-1,-1,-1,-1,0,-1
2025401564497,2025,401564497,1,9,0,-1,19,2,6,-1,0,0,1,4,0,0,1,1,-1,9,1,20,4,-1,-1,-1,-1,6,E01027079,0,4
2025401564590,2025,401564590,2,9,0,-1,3,5,1,-1,0,1,0,0,0,0,4,1,-1,7,1,28,6,-1,-1,-1,-1,1,E01017471,0,1
2025401564590,2025,401564590,1,9,0,-1,1,1,5,-1,0,1,0,0,0,0,2,1,-1,6,1,-1,-1,-1,-1,-1,-1,-1,-1,0,-1
2025401564766,2025,401564766,1,9,0,-1,13,7,3,-1,0,0,0,0,0,0,4,1,-1,6,1,84,11,-1,-1,-1,-1,5,E01015767,0,2
2025401564766,2025,401564766,2,9,0,-1,9,7,5,-1,0,0,0,0,0,0,3,1,-1,6,2,48,8,-1,-1,-1,-1,4,E01015792,0,1
2025401564778,2025,401564778,1,99,0,-1,19,1,5,-1,0,8,0,0,0,0,1,9,-1,6,3,-1,-1,-1,-1,-1,-1,-1,-1,0,-1
2025401564903,2025,401564903,1,9,0,-1,19,7,3,-1,0,4,0,0,0,0,1,9,-1,6,3,-1,-1,-1,-1,-1,-1,-1,-1,0,-1
2025401564903,2025,401564903,2,3,0,-1,9,3,1,-1,0,8,0,8,0,0,4,1,-1,9,1,37,7,-1,-1,-1,-1,5,E01017487,0,1
2025401564918,2025,401564918,1,9,0,-1,5,2,6,-1,0,1,0,0,0,0,1,1,-1,9,1,56,9,-1,-1,-1,-1,5,E01017600,0,1
2025401564918,2025,401564918,2,5,0,-1,3,2,4,-1,0,1,0,0,0,0,2,1,-1,9,1,62,9,-1,-1,-1,-1,5,E01015763,0,1
2025401564953,2025,401564953,1,19,0,-1,1,7,3,-1,0,0,0,0,0,0,2,9,-1,1,1,37,7,-1,-1,-1,-1,4,E01015784,0,1
2025401564969,2025,401564969,1,9,0,-1,15,3,7,-1,0,0,1,0,0,0,3,1,-1,9,1,23,5,-1,-1,-1,-1,3,E01017514,0,1
2025401564969,2025,401564969,3,9,0,-1,19,3,7,-1,0,0,1,0,0,0,4,1,-1,2,1,26,6,-1,-1,-1,-1,10,E01017563,0,4
2025401564969,2025,401564969,2,21,1,-1,19,3,7,-1,0,0,0,0,0,0,4,1,-1,1,1,48,8,-1,-1,-1,-1,5,E01013623,0,4
2025401564969,2025,401564969,4,9,0,-1,19,3,7,-1,0,0,0,0,0,0,4,1,-1,6,1,46,8,-1,-1,-1,-1,3,E01017493,0,2
2025401565215,2025,401565215,2,1,0,-1,5,-1,-1,-1,4,0,0,0,0,0,-1,1,-1,2,1,45,7,-1,-1,-1,-1,3,E01017499,0,1
2025401565215,2025,401565215,1,98,-1,-1,5,-1,-1,-1,0,0,0,0,0,0,-1,9,-1,6,3,-1,-1,-1,-1,-1,-1,-1,-1,0,-1
2025401565225,2025,401565225,1,9,0,-1,-1,-1,-1,-1,-1,0,-1,-1,-1,0,-1,1,-1,6,3,-1,-1,-1,-1,-1,-1,-1,-1,0,-1
2025401565225,2025,401565225,2,9,0,-1,2,0,0,-1,0,0,0,0,0,0,4,1,-1,1,1,38,7,-1,-1,-1,-1,4,E01024284,0,4
2025401565257,2025,401565257,2,9,0,-1,19,4,8,-1,0,1,0,0,0,0,2,1,-1,6,1,18,4,-1,-1,-1,-1,5,E01015746,0,1
2025401565257,2025,401565257,3,9,0,-1,3,4,8,-1,0,1,0,0,0,0,2,1,-1,6,-1,-1,-1,-1,-1,-1,-1,-1,-1,0,-1
2025401565257,2025,401565257,1,9,0,-1,3,4,8,-1,0,2,0,0,0,0,2,1,-1,6,2,35,6,-1,-1,-1,-1,1,E01015771,0,1
2025401565897,2025,401565897,1,9,0,-1,4,1,5,-1,0,0,0,0,0,0,1,1,-1,6,1,-1,-1,-1,-1,-1,-1,4,E01015769,0,1
2025401565897,2025,401565897,2,97,0,-1,3,1,5,-1,0,0,0,0,0,0,2,1,-1,6,1,72,10,-1,-1,-1,-1,3,E01015744,0,1