collision_index,collision_year,collision_ref_no,vehicle_reference,vehicle_type,towing_and_articulation,vehicle_manoeuvre_historic,vehicle_manoeuvre,vehicle_direction_from,vehicle_direction_to,vehicle_location_restricted_lane_historic,vehicle_location_restricted_lane,junction_location,skidding_and_overturning,hit_object_in_carriageway,vehicle_leaving_carriageway,hit_object_off_carriageway,first_point_of_impact,vehicle_left_hand_drive,journey_purpose_of_driver_historic,journey_purpose_of_driver,sex_of_driver,age_of_driver,age_band_of_driver,engine_capacity_cc,propulsion_code,age_of_vehicle,generic_make_model,driver_imd_decile,lsoa_of_driver,escooter_flag,driver_distance_banding
2025401566196,2025,401566196,1,9,0,-1,19,4,8,-1,0,0,0,0,1,4,1,1,-1,1,1,19,4,-1,-1,-1,-1,5,E01034427,0,2
2025401566209,2025,401566209,1,9,0,-1,19,1,1,-1,0,0,0,0,7,0,1,1,-1,6,2,58,9,-1,-1,-1,-1,7,E01027089,0,4
2025401566231,2025,401566231,4,9,0,-1,19,1,7,-1,0,4,0,0,0,0,3,1,-1,9,1,36,7,-1,-1,-1,-1,9,E01017585,0,2
2025401566231,2025,401566231,5,9,0,-1,19,7,3,-1,0,1,0,0,0,0,1,1,-1,9,1,21,5,-1,-1,-1,-1,5,E01015767,0,1
2025401566231,2025,401566231,1,9,0,-1,19,1,7,-1,0,4,0,0,0,0,0,1,-1,1,1,40,7,-1,-1,-1,-1,-1,-1,0,-1
2025401566231,2025,401566231,3,9,0,-1,19,1,7,-1,0,4,0,0,0,0,3,1,-1,9,1,37,7,-1,-1,-1,-1,5,E01015742,0,1
2025401566231,2025,401566231,2,9,0,-1,19,1,7,-1,0,4,1,0,2,11,1,1,-1,6,3,-1,-1,-1,-1,-1,-1,-1,-1,0,-1
2025401566235,2025,401566235,1,9,-1,-1,-1,-1,-1,-1,-1,-1,-1,-1,-1,0,-1,9,-1,6,1,28,6,-1,-1,-1,-1,2,E01015725,0,1
2025401566246,2025,401566246,2,9,0,-1,19,1,7,-1,0,1,0,0,0,0,4,1,-1,1,1,64,9,-1,-1,-1,-1,9,E01008556,0,5
2025401566246,2025,401566246,1,9,0,-1,19,1,1,-1,0,1,0,0,1,0,3,1,-1,1,1,35,6,-1,-1,-1,-1,10,E01027037,0,2
2025401566247,2025,401566247,1,9,0,-1,9,2,8,-1,0,6,0,0,0,0,1,1,-1,6,2,29,6,-1,-1,-1,-1,5,E01015753,0,1
2025401566247,2025,401566247,2,9,0,-1,7,8,2,-1,0,5,0,0,0,0,3,1,-1,9,1,49,8,-1,-1,-1,-1,8,E01015695,0,1
2025401566292,2025,401566292,1,9,0,-1,4,7,3,-1,0,8,0,0,0,0,0,1,-1,6,2,27,6,-1,-1,-1,-1,9,E01033506,0,3
2025401566292,2025,401566292,2,9,0,-1,4,7,3,-1,0,8,0,0,0,0,2,1,-1,9,2,22,5,-1,-1,-1,-1,7,E01017593,0,1
2025401566292,2025,401566292,3,19,0,-1,4,7,3,-1,0,8,0,0,0,0,1,1,-1,6,1,-1,-1,-1,-1,-1,-1,2,E01015759,0,1
2025401566299,2025,401566299,1,9,0,-1,4,-1,-1,-1,0,0,0,0,0,0,2,9,-1,6,1,64,9,-1,-1,-1,-1,8,E01034433,0,2
2025401566299,2025,401566299,2,9,0,-1,19,-1,-1,-1,0,0,0,0,0,0,1,9,-1,2,2,37,7,-1,-1,-1,-1,7,E01034424,0,1
2025401566308,2025,401566308,1,9,0,-1,7,7,1,-1,0,8,0,0,0,0,1,1,-1,6,1,24,5,-1,-1,-1,-1,1,-1,0,5
2025401566308,2025,401566308,2,9,0,-1,8,2,5,-1,0,1,0,0,0,0,1,1,-1,6,1,30,6,-1,-1,-1,-1,5,E01015746,0,1
2025401566320,2025,401566320,2,97,0,-1,5,3,5,-1,0,4,5,0,0,0,1,1,-1,9,1,51,8,-1,-1,-1,-1,9,E01003854,0,4
2025401566320,2025,401566320,1,9,0,-1,19,1,5,-1,0,3,0,0,0,0,4,1,-1,9,2,33,6,-1,-1,-1,-1,8,E01034417,0,1
2025401566332,2025,401566332,1,9,0,-1,7,-1,-1,-1,0,6,0,0,0,0,3,1,-1,6,3,-1,-1,-1,-1,-1,-1,-1,-1,0,-1
2025401566332,2025,401566332,2,1,0,-1,19,5,1,-1,0,1,0,0,0,0,1,1,-1,2,1,58,9,-1,-1,-1,-1,7,E01017498,0,1
2025401566568,2025,401566568,1,19,0,-1,1,3,7,-1,9,0,0,0,0,0,2,1,-1,1,1,37,7,-1,-1,-1,-1,4,E01015784,0,1
2025401566606,2025,401566606,1,9,0,-1,19,3,7,-1,0,0,0,0,0,0,3,1,-1,9,2,74,10,-1,-1,-1,-1,4,E01021835,0,4
2025401566606,2025,401566606,2,9,0,-1,19,7,3,-1,0,0,0,0,0,0,3,1,-1,9,1,75,10,-1,-1,-1,-1,6,E01027326,0,3
2025401567031,2025,401567031,1,9,-1,-1,-1,-1,-1,-1,-1,-1,-1,-1,-1,0,-1,9,-1,6,3,-1,-1,-1,-1,-1,-1,-1,-1,0,-1
2025401567031,2025,401567031,2,1,-1,-1,-1,-1,-1,-1,-1,-1,-1,-1,-1,0,-1,1,-1,6,1,29,6,-1,-1,-1,-1,2,E01015698,0,1
2025401567149,2025,401567149,3,9,0,-1,2,0,0,-1,0,0,0,0,0,0,4,9,-1,7,1,-1,-1,-1,-1,-1,-1,-1,-1,0,-1
2025401567149,2025,401567149,1,9,0,-1,19,1,8,-1,0,0,0,0,0,0,1,1,-1,6,1,22,5,-1,-1,-1,-1,6,E01033813,0,4
2025401567149,2025,401567149,4,19,0,-1,2,0,0,-1,0,0,0,0,0,0,4,9,-1,6,-1,-1,-1,-1,-1,-1,-1,-1,-1,0,-1
2025401567149,2025,401567149,2,9,0,-1,19,1,2,-1,0,0,0,0,0,0,1,1,-1,6,1,50,8,-1,-1,-1,-1,5,E01015768,0,2
2025401567187,2025,401567187,1,9,-1,-1,-1,-1,-1,-1,-1,0,-1,-1,-1,0,-1,9,-1,6,1,73,10,-1,-1,-1,-1,10,E01017528,0,1
2025401567189,2025,401567189,1,9,0,-1,4,8,4,-1,0,0,9,99,0,0,1,9,-1,6,1,22,5,-1,-1,-1,-1,2,E01015704,0,1
2025401567189,2025,401567189,3,9,0,-1,4,8,4,-1,0,0,9,99,0,0,2,9,-1,6,3,-1,-1,-1,-1,-1,-1,-1,-1,0,-1
2025401567189,2025,401567189,2,9,0,-1,19,8,4,-1,0,0,9,99,0,0,2,9,-1,6,1,75,10,-1,-1,-1,-1,9,E01017432,0,4
2025401567199,2025,401567199,1,19,0,-1,3,5,1,-1,0,0,0,0,0,0,-1,1,-1,6,2,57,9,-1,-1,-1,-1,9,E01017444,0,3
2025401567199,2025,401567199,2,9,0,-1,19,5,1,-1,0,0,0,0,0,0,2,1,-1,2,2,29,6,-1,-1,-1,-1,5,E01021854,0,4
2025401567246,2025,401567246,1,9,0,-1,19,6,8,-1,0,1,0,0,3,11,1,1,-1,6,1,82,11,-1,-1,-1,-1,8,E01017465,0,2
2025401567321,2025,401567321,2,1,0,-1,12,7,3,-1,2,6,2,0,0,0,4,1,-1,6,1,59,9,-1,-1,-1,-1,-1,-1,0,-1
2025401567321,2025,401567321,1,11,0,-1,19,1,5,-1,2,8,0,0,0,0,1,1,-1,1,2,60,9,-1,-1,-1,-1,-1,-1,0,-1
2025401567598,2025,401567598,2,9,0,-1,19,5,4,-1,0,2,0,0,0,0,1,1,-1,6,1,35,6,-1,-1,-1,-1,3,E01015807,0,1
2025401567598,2025,401567598,1,9,0,-1,19,7,6,-1,0,2,0,7,0,0,1,9,-1,6,1,18,4,-1,-1,-1,-1,1,E01015732,0,1
2025401567618,2025,401567618,2,1,0,-1,19,1,5,-1,0,1,0,0,0,0,1,1,-1,7,1,11,3,-1,-1,-1,-1,3,E01017552,0,1
2025401567618,2025,401567618,1,9,0,-1,8,7,1,-1,0,1,0,0,0,0,4,1,-1,1,1,38,7,-1,-1,-1,-1,8,E01034433,0,1
2025401567667,2025,401567667,1,9,0,-1,19,-1,-1,-1,0,2,0,0,0,0,1,9,-1,6,2,-1,-1,-1,-1,-1,-1,-1,-1,0,-1
2025401567676,2025,401567676,1,9,0,-1,19,3,7,-1,0,0,0,0,0,0,1,1,-1,6,1,-1,-1,-1,-1,-1,-1,-1,-1,0,-1
2025401567676,2025,401567676,2,8,0,-1,19,3,7,-1,0,0,0,0,0,0,3,1,-1,1,1,37,7,-1,-1,-1,-1,4,E01015724,0,1
2025401568500,2025,401568500,2,1,0,-1,19,3,4,-1,0,1,0,0,0,0,0,1,-1,6,1,17,4,-1,-1,-1,-1,5,E01015750,0,4
2025401568500,2025,401568500,1,9,0,-1,9,1,2,-1,0,2,0,0,0,0,4,1,-1,6,1,36,7,-1,-1,-1,-1,2,E01017509,0,1
2025401568583,2025,401568583,1,9,-1,-1,-1,-1,-1,-1,-1,0,-1,-1,-1,0,-1,9,-1,6,3,-1,-1,-1,-1,-1,-1,-1,-1,0,-1
2025401568586,2025,401568586,1,9,0,-1,19,7,3,-1,0,0,0,0,0,0,1,1,-1,6,1,35,6,-1,-1,-1,-1,1,E01017466,0,1
2025401568893,2025,401568893,2,1,0,-1,19,2,6,-1,0,8,0,0,0,0,1,1,-1,6,1,37,7,-1,-1,-1,-1,6,E01017592,0,1
2025401568893,2025,401568893,1,9,0,-1,7,2,4,-1,0,8,0,0,1,0,1,1,-1,6,2,56,9,-1,-1,-1,-1,4,E01017581,0,1
2025401568940,2025,401568940,1,9,0,-1,3,1,5,-1,0,1,0,0,0,0,1,1,-1,2,1,67,10,-1,-1,-1,-1,10,E01023520,0,4
2025401568940,2025,401568940,2,9,0,-1,3,1,5,-1,0,1,0,0,0,0,2,1,-1,2,2,26,6,-1,-1,-1,-1,9,E01026231,0,5
2025401568980,2025,401568980,1,9,0,-1,19,1,5,-1,0,0,5,11,0,0,3,1,-1,9,1,21,5,-1,-1,-1,-1,5,E01015782,0,2
2025401568985,2025,401568985,2,98,0,-1,3,1,5,-1,0,4,0,0,1,0,3,1,-1,6,1,34,6,-1,-1,-1,-1,2,E01015725,0,1
2025401568985,2025,401568985,1,9,0,-1,19,5,1,-1,0,3,0,0,0,0,1,1,-1,6,1,19,4,-1,-1,-1,-1,3,E01015795,0,1
2025401569506,2025,401569506,1,9,0,-1,3,1,1,-1,0,1,0,0,0,0,1,1,-1,1,1,75,10,-1,-1,-1,-1,-1,-1,0,-1
2025401569542,2025,401569542,2,9,0,-1,9,5,3,-1,0,2,0,0,0,0,3,1,-1,9,1,29,6,-1,-1,-1,-1,4,E01015785,0,1
2025401569542,2025,401569542,1,9,0,-1,19,1,5,-1,0,8,0,0,0,0,1,1,-1,6,3,-1,-1,-1,-1,-1,-1,-1,-1,0,-1
2025401569542,2025,401569542,3,9,0,-1,19,1,5,-1,0,1,0,0,0,0,0,1,-1,6,1,22,5,-1,-1,-1,-1,2,E01015738,0,1
2025401569545,2025,401569545,1,9,0,-1,15,5,1,-1,0,0,0,0,0,0,3,1,-1,9,1,-1,-1,-1,-1,-1,-1,2,E01015720,0,2
2025401569545,2025,401569545,2,20,1,-1,11,5,1,-1,0,0,0,0,0,0,4,1,-1,1,2,46,8,-1,-1,-1,-1,4,E01015957,0,4
2025401569586,2025,401569586,1,9,0,-1,-1,-1,-1,-1,-1,-1,-1,-1,-1,0,-1,9,-1,6,3,-1,-1,-1,-1,-1,-1,-1,-1,0,-1
2025401569586,2025,401569586,2,9,0,-1,-1,-1,-1,-1,-1,-1,-1,-1,-1,0,-1,9,-1,6,2,48,8,-1,-1,-1,-1,4,E01015751,0,1
2025401569653,2025,401569653,1,9,-1,-1,-1,-1,-1,-1,-1,0,-1,-1,-1,0,-1,9,-1,6,3,-1,-1,-1,-1,-1,-1,-1,-1,0,-1
2025401569653,2025,401569653,2,9,-1,-1,-1,-1,-1,-1,-1,0,-1,-1,-1,0,-1,9,-1,7,2,35,6,-1,-1,-1,-1,1,E01015771,0,1
2025401569681,2025,401569681,1,9,0,-1,19,-1,-1,-1,0,8,0,0,0,0,4,9,-1,6,2,-1,-1,-1,-1,-1,-1,2,E01015733,0,1
2025401569681,2025,401569681,2,9,0,-1,19,-1,-1,-1,0,8,0,0,0,0,4,9,-1,1,1,37,7,-1,-1,-1,-1,3,E01017618,0,2
2025401569934,2025,401569934,1,19,0,-1,19,1,5,-1,0,1,0,0,0,0,1,1,-1,6,1,49,8,-1,-1,-1,-1,5,E01023431,0,3
2025401569934,2025,401569934,2,9,0,-1,19,1,5,-1,0,1,0,0,0,0,1,1,-1,6,1,18,4,-1,-1,-1,-1,7,E01017561,0,2
2025401569967,2025,401569967,1,-1,0,-1,19,1,6,-1,9,0,0,0,0,0,-1,1,-1,6,1,-1,-1,-1,-1,-1,-1,-1,-1,1,-1
2025401570027,2025,401570027,1,9,0,-1,4,-1,-1,-1,0,0,1,10,0,0,3,1,-1,6,1,33,6,-1,-1,-1,-1,9,E01017566,0,1
2025401570027,2025,401570027,2,9,0,-1,19,-1,-1,-1,0,0,0,1,7,0,4,1,-1,6,3,-1,-1,-1,-1,-1,-1,-1,-1,0,-1
2025401570038,2025,401570038,2,9,-1,-1,-1,-1,-1,-1,-1,-1,-1,-1,-1,0,2,9,-1,9,2,46,8,-1,-1,-1,-1,3,E01015761,0,2
2025401570038,2025,401570038,1,9,0,-1,19,-1,-1,-1,0,1,-1,-1,-1,0,1,1,-1,6,3,-1,-1,-1,-1,-1,-1,-1,-1,0,-1
2025401570060,2025,401570060,2,9,0,-1,3,4,8,-1,0,0,0,0,0,0,2,1,-1,9,1,57,9,-1,-1,-1,-1,8,E01015693,0,1
2025401570060,2025,401570060,1,9,0,-1,3,4,8,-1,0,0,0,0,0,0,1,1,-1,6,1,-1,-1,-1,-1,-1,-1,-1,-1,0,-1
2025401570089,2025,401570089,1,9,0,-1,19,1,5,-1,0,1,0,0,0,0,1,1,-1,6,1,65,9,-1,-1,-1,-1,5,E01017475,0,2
2025401570089,2025,401570089,2,9,0,-1,19,3,7,-1,0,1,0,0,0,0,3,1,-1,6,1,18,4,-1,-1,-1,-1,7,E01017410,0,1
2025401570149,2025,401570149,2,9,0,-1,13,1,5,-1,0,1,0,0,0,0,4,1,-1,9,1,39,7,-1,-1,-1,-1,9,E01034426,0,1
2025401570149,2025,401570149,1,1,0,-1,9,1,8,-1,0,1,0,0,0,0,3,1,-1,6,1,45,7,-1,-1,-1,-1,9,E01034426,0,1
2025401570301,2025,401570301,1,1,0,-1,10,-1,-1,-1,0,1,5,10,7,2,2,1,-1,2,1,23,5,-1,-1,-1,-1,6,E01023621,0,3
2025401570301,2025,401570301,2,98,-1,-1,99,-1,-1,-1,0,1,0,0,0,0,9,1,-1,6,3,-1,-1,-1,-1,-1,-1,-1,-1,0,-1
2025401570505,2025,401570505,1,9,0,-1,19,-1,-1,-1,0,0,0,0,0,0,1,9,-1,6,1,45,7,-1,-1,-1,-1,4,E01015784,0,1
2025401570505,2025,401570505,2,9,0,-1,3,-1,-1,-1,0,0,0,0,0,0,2,9,-1,9,1,46,8,-1,-1,-1,-1,7,E01016825,0,4
2025401570542,2025,401570542,2,22,-1,-1,-1,-1,-1,-1,-1,0,-1,-1,-1,0,-1,1,-1,6,2,-1,-1,-1,-1,-1,-1,9,E01017624,0,3
2025401570542,2025,401570542,1,9,-1,-1,-1,-1,-1,-1,-1,0,-1,-1,-1,0,-1,9,-1,9,1,86,11,-1,-1,-1,-1,4,E01015734,0,3
2025401570830,2025,401570830,1,98,0,-1,-1,-1,-1,-1,-1,0,-1,-1,-1,0,-1,1,-1,6,3,-1,-1,-1,-1,-1,-1,-1,-1,0,-1
2025401570956,2025,401570956,1,9,0,-1,19,8,4,-1,0,0,0,7,0,0,1,1,-1,6,1,18,4,-1,-1,-1,-1,8,E01033191,0,2
2025401570972,2025,401570972,1,9,0,-1,19,3,7,-1,0,0,0,0,0,0,1,1,-1,2,2,30,6,-1,-1,-1,-1,5,E01015777,0,1
2025401570972,2025,401570972,2,9,0,-1,4,3,7,-1,0,0,0,0,0,0,2,1,-1,2,2,40,7,-1,-1,-1,-1,4,E01015798,0,1
2025401570978,2025,401570978,1,9,0,-1,19,4,8,-1,0,0,0,0,2,10,4,1,-1,2,1,33,6,-1,-1,-1,-1,10,E01017442,0,2
2025401571585,2025,401571585,1,9,0,-1,19,1,5,-1,0,4,0,0,3,4,1,1,-1,9,1,42,7,-1,-1,-1,-1,1,E01000596,0,4
2025401571602,2025,401571602,1,98,-1,-1,-1,-1,-1,-1,-1,0,-1,-1,-1,0,-1,9,-1,6,1,-1,-1,-1,-1,-1,-1,-1,-1,0,-1
2025401571632,2025,401571632,2,9,0,-1,19,6,2,-1,0,0,0,0,0,0,2,1,-1,7,2,33,6,-1,-1,-1,-1,1,E01015771,0,1
2025401571632,2025,401571632,1,8,0,-1,6,6,6,-1,0,0,0,0,0,0,1,1,-1,6,1,55,8,-1,-1,-1,-1,4,E01015785,0,1
2025401571916,2025,401571916,1,9,0,-1,3,-1,-1,-1,0,0,0,0,0,0,2,1,-1,6,2,25,5,-1,-1,-1,-1,3,E01015731,0,1
2025401571916,2025,401571916,2,9,0,-1,14,-1,-1,-1,0,0,0,0,0,0,3,1,-1,6,2,49,8,-1,-1,-1,-1,3,E01015731,0,1
2025401571984,2025,401571984,1,9,0,-1,7,1,3,-1,0,1,0,0,0,0,1,1,-1,2,1,27,6,-1,-1,-1,-1,4,E01015796,0,1
2025401571984,2025,401571984,2,1,0,-1,19,7,3,-1,0,1,0,0,0,0,1,1,-1,6,2,76,11,-1,-1,-1,-1,5,E01017524,0,4
2025401572014,2025,401572014,2,3,0,-1,10,6,4,-1,0,1,0,0,0,0,2,1,-1,2,2,23,5,-1,-1,-1,-1,8,E01017441,0,3
2025401572014,2025,401572014,1,9,0,-1,19,6,2,-1,0,1,0,0,0,0,1,1,-1,2,1,17,4,-1,-1,-1,-1,6,E01017554,0,1
2025401572046,2025,401572046,1,98,1,-1,99,-1,-1,-1,0,3,0,0,0,0,9,9,-1,6,3,-1,-1,-1,-1,-1,-1,-1,-1,0,-1
2025401572046,2025,401572046,2,9,0,-1,7,-1,-1,-1,0,3,0,0,0,0,3,1,-1,9,1,76,11,-1,-1,-1,-1,3,E01017539,0,1
2025401572097,2025,401572097,4,19,0,-1,99,5,2,-1,0,0,1,0,0,0,1,9,-1,1,1,31,6,-1,-1,-1,-1,9,E01022504,0,4
2025401572097,2025,401572097,3,19,0,-1,99,5,1,-1,0,0,1,0,0,0,1,9,-1,1,1,69,10,-1,-1,-1,-1,5,E01021773,0,4
2025401572097,2025,401572097,2,19,0,-1,99,5,1,-1,0,0,1,0,0,0,1,9,-1,1,1,55,8,-1,-1,-1,-1,10,E01026307,0,4
2025401572097,2025,401572097,5,98,1,-1,19,5,1,-1,0,0,1,0,0,0,1,9,-1,9,1,69,10,-1,-1,-1,-1,2,E01021327,0,4
2025401572097,2025,401572097,1,9,0,-1,4,5,1,-1,0,0,0,0,0,0,1,1,-1,9,1,49,8,-1,-1,-1,-1,4,E01015711,0,1
2025401572098,2025,401572098,2,9,0,-1,19,1,5,-1,0,0,0,0,0,0,3,1,-1,6,1,20,4,-1,-1,-1,-1,7,E01017478,0,1
2025401572098,2025,401572098,1,19,0,-1,19,5,1,-1,0,0,0,0,0,0,1,1,-1,6,1,30,6,-1,-1,-1,-1,8,E01009785,0,5
2025401572098,2025,401572098,3,9,0,-1,19,1,5,-1,0,0,1,0,0,0,4,1,-1,6,2,40,7,-1,-1,-1,-1,7,E01017478,0,1
2025401572215,2025,401572215,2,9,0,-1,19,7,3,-1,0,1,0,0,0,0,1,1,-1,6,2,23,5,-1,-1,-1,-1,7,E01017593,0,1
2025401572215,2025,401572215,1,9,0,-1,9,3,1,-1,0,1,0,0,0,0,1,1,-1,6,1,51,8,-1,-1,-1,-1,1,E01015732,0,1
2025401572434,2025,401572434,2,9,0,-1,99,-1,-1,-1,0,0,0,0,0,0,1,1,-1,6,3,-1,-1,-1,-1,-1,-1,-1,-1,0,-1
2025401572434,2025,401572434,1,9,0,-1,99,-1,-1,-1,0,0,0,0,0,0,2,1,-1,6,2,24,5,-1,-1,-1,-1,5,E01015767,0,1
2025401572649,2025,401572649,2,1,0,-1,19,3,7,-1,0,3,0,0,0,0,1,1,-1,6,1,12,3,-1,-1,-1,-1,2,E01017519,0,1
2025401572649,2025,401572649,1,9,0,-1,7,5,1,-1,0,3,0,0,0,0,1,1,-1,6,2,45,7,-1,-1,-1,-1,5,E01017520,0,1
2025401572729,2025,401572729,2,9,0,-1,19,1,5,-1,0,1,0,0,0,0,1,1,-1,6,2,91,11,-1,-1,-1,-1,4,E01017567,0,1
2025401572729,2025,401572729,1,9,0,-1,5,7,7,-1,0,6,0,0,0,0,3,1,-1,6,1,91,11,-1,-1,-1,-1,10,E01017657,0,1
2025401572830,2025,401572830,2,9,0,-1,9,-1,-1,-1,0,6,0,0,0,0,3,1,-1,6,1,29,6,-1,-1,-1,-1,10,E01017373,0,1
2025401572830,2025,401572830,1,9,0,-1,19,-1,-1,-1,0,1,0,0,0,0,1,1,-1,2,2,58,9,-1,-1,-1,-1,8,E01017738,0,4
2025401573022,2025,401573022,1,9,0,-1,19,4,1,-1,0,2,2,0,7,9,1,1,-1,6,2,44,7,-1,-1,-1,-1,5,E01034420,0,2
2025401573051,2025,401573051,1,2,0,-1,4,-1,-1,-1,0,0,0,0,0,0,4,1,-1,2,2,39,7,-1,-1,-1,-1,4,E01015776,0,1
2025401573051,2025,401573051,2,98,-1,-1,1,-1,-1,-1,0,0,9,0,0,0,2,1,-1,6,1,31,6,-1,-1,-1,-1,4,E01023906,0,4
2025401573061,2025,401573061,2,19,0,-1,19,-1,-1,-1,99,4,0,0,0,0,4,1,-1,6,1,49,8,-1,-1,-1,-1,4,E01017522,0,3
2025401573061,2025,401573061,1,9,0,-1,19,-1,-1,-1,99,4,0,0,0,0,3,1,-1,6,2,31,6,-1,-1,-1,-1,4,E01017538,0,3
2025401573322,2025,401573322,1,9,0,-1,5,7,3,-1,0,1,0,0,0,0,1,1,-1,6,2,52,8,-1,-1,-1,-1,3,E01017453,0,1
2025401573322,2025,401573322,2,3,0,-1,14,1,5,-1,0,1,1,0,0,0,4,1,-1,2,1,20,4,-1,-1,-1,-1,9,E01017456,0,1
2025401573451,2025,401573451,1,9,0,-1,19,5,7,-1,0,0,0,0,0,0,2,1,-1,6,1,17,4,-1,-1,-1,-1,9,E01018154,0,1
2025401573451,2025,401573451,2,9,0,-1,13,5,7,-1,0,0,2,0,7,0,1,1,-1,6,1,26,6,-1,-1,-1,-1,9,E01018119,0,3
2025401573675,2025,401573675,2,9,0,-1,4,3,7,-1,0,0,0,0,0,0,0,1,-1,1,2,44,7,-1,-1,-1,-1,7,E01034424,0,4
2025401573675,2025,401573675,1,9,0,-1,19,3,7,-1,0,0,1,0,1,0,1,1,-1,6,2,28,6,-1,-1,-1,-1,10,E01017621,0,2
2025401574835,2025,401574835,3,9,0,-1,4,3,5,-1,0,0,0,0,0,0,0,1,-1,6,2,33,6,-1,-1,-1,-1,8,E01034434,0,1
2025401574835,2025,401574835,2,9,0,-1,11,3,5,-1,0,0,0,0,0,0,1,1,-1,6,2,22,5,-1,-1,-1,-1,2,E01017474,0,1
2025401574835,2025,401574835,1,97,0,-1,19,3,5,-1,0,0,0,0,0,0,3,1,-1,6,1,67,10,-1,-1,-1,-1,7,E01017481,0,2
2025401575196,2025,401575196,1,21,1,-1,19,1,5,-1,0,0,0,0,0,0,1,1,-1,1,1,49,8,-1,-1,-1,-1,7,E01011383,0,5
2025401575196,2025,401575196,2,19,0,-1,4,1,5,-1,0,0,0,0,0,0,2,1,-1,1,1,24,5,-1,-1,-1,-1,1,E01010003,0,5
2025401575196,2025,401575196,3,9,0,-1,4,1,5,-1,0,0,0,0,0,0,2,1,-1,1,1,18,4,-1,-1,-1,-1,5,E01015763,0,1
2025401575221,2025,401575221,1,9,0,-1,19,-1,-1,-1,0,0,0,0,0,0,9,9,-1,6,3,-1,-1,-1,-1,-1,-1,-1,-1,0,-1
2025401575226,2025,401575226,1,9,0,-1,19,7,1,-1,0,0,0,0,0,0,1,1,-1,9,2,74,10,-1,-1,-1,-1,7,E01017622,0,1
2025401575226,2025,401575226,2,9,0,-1,2,0,0,-1,0,0,0,0,0,0,2,1,-1,6,-1,-1,-1,-1,-1,-1,-1,-1,-1,0,-1
2025401575261,2025,401575261,1,9,0,-1,19,2,6,-1,0,0,0,0,0,0,1,1,-1,6,2,78,11,-1,-1,-1,-1,10,E01017621,0,1
2025401575280,2025,401575280,4,9,0,-1,2,0,0,-1,0,0,0,0,0,0,2,1,-1,6,-1,-1,-1,-1,-1,-1,-1,-1,-1,0,-1
2025401575280,2025,401575280,3,9,0,-1,2,0,0,-1,0,0,0,0,0,0,1,1,-1,6,-1,-1,-1,-1,-1,-1,-1,-1,-1,0,-1
2025401575280,2025,401575280,1,9,0,-1,19,1,7,-1,0,0,0,10,1,11,1,1,-1,6,1,28,6,-1,-1,-1,-1,2,E01015772,0,1
2025401575280,2025,401575280,2,9,0,-1,2,0,0,-1,0,0,0,0,0,0,2,1,-1,6,-1,-1,-1,-1,-1,-1,-1,-1,-1,0,-1
2025401576030,2025,401576030,1,8,0,-1,19,1,5,-1,0,8,0,99,0,0,3,1,-1,6,1,38,7,-1,-1,-1,-1,7,E01015694,0,1
2025401576030,2025,401576030,2,9,0,-1,7,6,8,-1,0,6,0,0,0,0,1,1,-1,6,1,39,7,-1,-1,-1,-1,2,E01033801,0,1
2025401576107,2025,401576107,1,9,0,-1,5,4,3,-1,0,0,0,0,0,0,1,1,-1,6,1,79,11,-1,-1,-1,-1,5,E01015718,0,1
2025401576116,2025,401576116,1,9,0,-1,19,6,2,-1,0,2,0,0,1,2,1,1,-1,9,2,44,7,-1,-1,-1,-1,9,E01017449,0,2
2025401576239,2025,401576239,2,9,-1,-1,-1,-1,-1,-1,-1,4,-1,-1,-1,0,1,9,-1,6,3,-1,-1,-1,-1,-1,-1,-1,-1,0,-1
2025401576239,2025,401576239,1,9,0,-1,5,5,1,-1,0,8,0,0,6,0,4,1,-1,6,1,43,7,-1,-1,-1,-1,9,E01030539,0,4
2025401576312,2025,401576312,1,1,0,-1,19,7,3,-1,0,8,5,0,0,0,4,1,-1,6,1,53,8,-1,-1,-1,-1,10,E01023608,0,3
2025401576312,2025,401576312,2,9,0,-1,19,1,4,-1,0,4,0,0,0,0,3,1,-1,6,1,24,5,-1,-1,-1,-1,9,E01015708,0,1
2025401576346,2025,401576346,1,9,0,-1,19,2,6,-1,0,1,0,0,0,0,1,1,-1,6,2,60,9,-1,-1,-1,-1,3,E01017552,0,1
2025401576346,2025,401576346,2,9,0,-1,10,6,4,-1,0,5,0,0,0,0,4,1,-1,6,3,-1,-1,-1,-1,-1,-1,-1,-1,0,-1
2025401576600,2025,401576600,2,9,0,-1,19,5,1,-1,0,1,0,0,0,0,4,1,-1,2,1,63,9,-1,-1,-1,-1,8,E01017496,0,2
2025401576600,2025,401576600,1,9,0,-1,9,1,7,-1,0,1,0,0,0,0,0,9,-1,9,2,30,6,-1,-1,-1,-1,7,E01033431,0,2
2025401576624,2025,401576624,1,9,0,-1,19,3,7,-1,0,1,0,11,0,0,2,1,-1,6,2,51,8,-1,-1,-1,-1,10,E01017560,0,1
2025401576624,2025,401576624,2,9,0,-1,19,3,7,-1,0,1,0,0,0,0,1,1,-1,6,1,-1,-1,-1,-1,-1,-1,10,E01017560,0,1
2025401576678,2025,401576678,2,8,0,-1,19,1,5,-1,0,8,0,0,0,0,1,1,-1,6,1,45,7,-1,-1,-1,-1,3,E01015730,0,1
2025401576678,2025,401576678,1,-1,0,-1,9,5,1,-1,0,8,0,0,0,0,1,1,-1,2,1,30,6,-1,-1,-1,-1,2,E01033803,1,1
2025401576742,2025,401576742,3,9,0,-1,4,7,3,-1,0,0,0,0,0,0,1,1,-1,9,1,23,5,-1,-1,-1,-1,4,E01016724,0,4