collision_index,collision_year,collision_ref_no,vehicle_reference,vehicle_type,towing_and_articulation,vehicle_manoeuvre_historic,vehicle_manoeuvre,vehicle_direction_from,vehicle_direction_to,vehicle_location_restricted_lane_historic,vehicle_location_restricted_lane,junction_location,skidding_and_overturning,hit_object_in_carriageway,vehicle_leaving_carriageway,hit_object_off_carriageway,first_point_of_impact,vehicle_left_hand_drive,journey_purpose_of_driver_historic,journey_purpose_of_driver,sex_of_driver,age_of_driver,age_band_of_driver,engine_capacity_cc,propulsion_code,age_of_vehicle,generic_make_model,driver_imd_decile,lsoa_of_driver,escooter_flag,driver_distance_banding
2025411558490,2025,411558490,1,9,-1,-1,-1,-1,-1,-1,-1,-1,-1,-1,-1,0,0,9,-1,6,3,-1,-1,-1,-1,-1,-1,-1,-1,0,-1
2025411558507,2025,411558507,1,9,0,-1,19,5,6,-1,0,0,0,0,3,2,1,1,-1,6,1,91,11,-1,-1,-1,-1,10,E01000283,0,4
2025411558585,2025,411558585,2,-1,0,-1,19,-1,-1,-1,0,0,0,0,0,0,1,1,-1,2,1,38,7,-1,-1,-1,-1,6,E01023855,1,1
2025411558585,2025,411558585,1,9,0,-1,19,-1,-1,-1,0,0,0,0,0,0,1,9,-1,6,3,-1,-1,-1,-1,-1,-1,-1,-1,0,-1
2025411558780,2025,411558780,3,9,0,-1,19,5,1,-1,0,8,0,0,0,0,1,1,-1,6,1,51,8,-1,-1,-1,-1,9,E01023946,0,2
2025411558780,2025,411558780,1,9,0,-1,9,1,7,-1,0,8,0,0,0,0,1,1,-1,6,1,18,4,-1,-1,-1,-1,9,E01023911,0,1
2025411558780,2025,411558780,2,9,0,-1,19,1,5,-1,0,8,0,0,0,0,3,1,-1,6,1,47,8,-1,-1,-1,-1,7,E01001401,0,3
2025411558850,2025,411558850,3,98,1,-1,19,7,3,-1,0,0,0,0,0,0,3,1,-1,1,1,54,8,-1,-1,-1,-1,9,E01006319,0,5
2025411558850,2025,411558850,1,98,1,-1,12,7,3,-1,0,0,0,0,0,0,3,1,-1,1,1,65,9,-1,-1,-1,-1,-1,-1,0,-1
2025411558850,2025,411558850,2,9,0,-1,19,7,3,-1,0,0,0,0,4,6,4,1,-1,1,1,30,6,-1,-1,-1,-1,5,E01000158,0,2
2025411558883,2025,411558883,2,1,0,-1,19,6,2,-1,0,4,0,0,0,0,4,1,-1,7,1,16,4,-1,-1,-1,-1,5,E01023720,0,1
2025411558883,2025,411558883,1,9,0,-1,5,8,4,-1,0,4,0,0,0,0,3,9,-1,2,2,52,8,-1,-1,-1,-1,10,E01023664,0,1
2025411558898,2025,411558898,1,9,0,-1,7,4,7,-1,0,8,0,0,3,11,1,1,-1,2,2,59,9,-1,-1,-1,-1,1,E01023536,0,1
2025411558945,2025,411558945,1,97,-1,-1,-1,-1,-1,-1,-1,0,-1,-1,-1,0,-1,1,-1,6,1,22,5,-1,-1,-1,-1,9,E01023676,0,1
2025411558945,2025,411558945,2,9,-1,-1,-1,-1,-1,-1,-1,0,-1,-1,-1,0,1,9,-1,9,1,33,6,-1,-1,-1,-1,6,E01003664,0,4
2025411559002,2025,411559002,1,9,0,-1,19,4,8,-1,0,0,0,0,0,0,1,9,-1,6,1,-1,-1,-1,-1,-1,-1,2,E01000527,0,3
2025411559002,2025,411559002,2,9,0,-1,3,4,8,-1,0,0,0,0,0,0,2,9,-1,6,1,29,6,-1,-1,-1,-1,6,E01001948,0,4
2025411559002,2025,411559002,3,9,0,-1,4,4,8,-1,0,0,0,0,0,0,2,9,-1,9,1,29,6,-1,-1,-1,-1,5,E01000494,0,3
2025411559007,2025,411559007,1,9,-1,-1,-1,-1,-1,-1,-1,0,-1,-1,-1,0,-1,9,-1,6,3,-1,-1,-1,-1,-1,-1,-1,-1,0,-1
2025411559007,2025,411559007,2,97,-1,-1,-1,-1,-1,-1,-1,0,-1,-1,-1,0,2,1,-1,9,2,21,5,-1,-1,-1,-1,10,E01033025,0,1
2025411559068,2025,411559068,2,11,0,-1,4,3,7,-1,0,0,0,0,0,0,0,1,-1,1,3,-1,-1,-1,-1,-1,-1,-1,-1,0,-1
2025411559068,2025,411559068,1,9,0,-1,9,6,3,-1,0,0,0,0,0,0,0,9,-1,6,1,19,4,-1,-1,-1,-1,5,E01023681,0,1
2025411559435,2025,411559435,1,9,0,-1,1,-1,-1,-1,0,0,0,0,0,0,2,1,-1,6,2,60,9,-1,-1,-1,-1,-1,-1,0,-1
2025411559544,2025,411559544,1,9,0,-1,19,5,1,-1,0,0,0,0,0,0,1,1,-1,9,1,38,7,-1,-1,-1,-1,4,E01023333,0,1
2025411559712,2025,411559712,1,9,-1,-1,15,-1,-1,-1,0,1,0,0,0,0,2,1,-1,6,3,-1,-1,-1,-1,-1,-1,-1,-1,0,-1
2025411559712,2025,411559712,2,9,-1,-1,7,-1,-1,-1,0,1,0,0,0,0,2,1,-1,9,2,46,8,-1,-1,-1,-1,3,E01033150,0,1
2025411559713,2025,411559713,3,9,0,-1,19,7,3,-1,0,0,0,0,0,0,1,1,-1,6,2,59,9,-1,-1,-1,-1,9,E01023378,0,1
2025411559713,2025,411559713,2,9,0,-1,19,3,6,-1,0,0,0,0,0,0,1,1,-1,6,1,26,6,-1,-1,-1,-1,4,E01023402,0,1
2025411559713,2025,411559713,1,9,0,-1,19,1,7,-1,0,0,0,0,0,0,2,1,-1,6,2,45,7,-1,-1,-1,-1,10,E01023354,0,1
2025411559721,2025,411559721,1,9,-1,-1,19,-1,-1,-1,0,1,-1,-1,-1,0,1,1,-1,6,3,-1,-1,-1,-1,-1,-1,-1,-1,0,-1
2025411559721,2025,411559721,2,9,0,-1,-1,-1,-1,-1,-1,-1,-1,-1,-1,0,2,1,-1,2,2,57,9,-1,-1,-1,-1,6,E01023494,0,3
2025411560412,2025,411560412,1,19,0,-1,19,6,4,-1,0,5,0,0,0,0,1,1,-1,6,1,48,8,-1,-1,-1,-1,5,E01023806,0,1
2025411560483,2025,411560483,3,9,0,-1,2,0,0,-1,0,0,0,0,0,0,1,1,-1,6,-1,-1,-1,-1,-1,-1,-1,-1,-1,0,-1
2025411560483,2025,411560483,2,9,0,-1,2,0,0,-1,0,0,0,0,0,0,3,1,-1,6,-1,-1,-1,-1,-1,-1,-1,-1,-1,0,-1
2025411560483,2025,411560483,1,9,0,-1,14,3,7,-1,0,0,0,4,0,0,4,1,-1,9,2,74,10,-1,-1,-1,-1,6,E01023645,0,1
2025411560483,2025,411560483,4,9,0,-1,2,0,0,-1,0,0,0,0,0,0,2,1,-1,6,-1,-1,-1,-1,-1,-1,-1,-1,-1,0,-1
2025411560509,2025,411560509,1,97,0,-1,19,6,2,-1,0,1,0,0,0,0,1,1,-1,6,3,-1,-1,-1,-1,-1,-1,-1,-1,0,-1
2025411560509,2025,411560509,2,9,0,-1,3,6,2,-1,0,1,0,0,0,0,2,1,-1,9,2,23,5,-1,-1,-1,-1,8,E01023875,0,1
2025411560553,2025,411560553,2,3,0,-1,19,2,2,-1,0,8,0,0,0,0,1,1,-1,6,1,40,7,-1,-1,-1,-1,5,E01023862,0,1
2025411560553,2025,411560553,1,9,0,-1,12,2,2,-1,0,8,0,0,0,0,2,1,-1,6,1,54,8,-1,-1,-1,-1,6,E01023855,0,1
2025411560556,2025,411560556,1,9,0,-1,19,3,7,-1,0,1,0,0,0,0,1,1,-1,6,1,41,7,-1,-1,-1,-1,6,E01023409,0,2
2025411560560,2025,411560560,3,9,0,-1,19,6,2,-1,0,0,1,0,0,0,2,1,-1,6,2,45,7,-1,-1,-1,-1,5,E01023827,0,2
2025411560560,2025,411560560,5,9,0,-1,19,6,2,-1,0,0,1,0,0,0,1,1,-1,6,1,44,7,-1,-1,-1,-1,6,E01004347,0,4
2025411560560,2025,411560560,4,9,0,-1,19,6,2,-1,0,0,1,0,0,0,1,1,-1,6,1,45,7,-1,-1,-1,-1,7,E01023892,0,1
2025411560560,2025,411560560,1,9,0,-1,19,6,2,-1,0,0,1,0,0,0,3,1,-1,6,1,62,9,-1,-1,-1,-1,6,E01023855,0,2
2025411560560,2025,411560560,2,9,0,-1,19,6,2,-1,0,0,1,0,0,0,1,1,-1,6,2,41,7,-1,-1,-1,-1,8,E01035603,0,1
2025411560715,2025,411560715,2,3,0,-1,19,5,1,-1,0,8,5,0,0,0,1,1,-1,6,2,57,9,-1,-1,-1,-1,2,E01035586,0,2
2025411560715,2025,411560715,1,9,0,-1,9,1,7,-1,0,8,0,0,0,0,4,1,-1,6,1,24,5,-1,-1,-1,-1,4,E01023937,0,3
2025411560718,2025,411560718,1,9,0,-1,19,7,3,-1,0,0,0,0,0,0,1,1,-1,6,3,-1,-1,-1,-1,-1,-1,-1,-1,0,-1
2025411560720,2025,411560720,1,9,0,-1,19,5,3,-1,0,0,0,0,0,0,1,1,-1,6,2,23,5,-1,-1,-1,-1,2,E01035570,0,4
2025411560819,2025,411560819,2,9,0,-1,19,5,1,-1,0,0,0,0,0,0,1,1,-1,6,1,61,9,-1,-1,-1,-1,9,E01002025,0,4
2025411560819,2025,411560819,1,9,0,-1,6,5,5,-1,0,0,0,0,0,0,3,1,-1,2,1,33,6,-1,-1,-1,-1,3,E01002756,0,4
2025411560828,2025,411560828,1,11,0,-1,2,0,0,-1,0,2,0,0,0,0,2,1,-1,1,1,37,7,-1,-1,-1,-1,4,E01033835,0,4
2025411560828,2025,411560828,2,9,0,-1,19,1,5,-1,0,2,0,4,0,0,1,1,-1,9,1,79,11,-1,-1,-1,-1,6,E01035607,0,1
2025411560885,2025,411560885,2,9,0,-1,5,7,3,-1,9,0,0,0,0,0,2,1,-1,6,1,-1,-1,-1,-1,-1,-1,-1,-1,0,-1
2025411560885,2025,411560885,1,1,0,-1,19,5,1,-1,9,0,0,0,0,0,1,1,-1,2,1,24,5,-1,-1,-1,-1,9,E01023319,0,1
2025411560917,2025,411560917,2,3,0,-1,3,1,4,-1,0,0,0,0,0,0,1,1,-1,2,1,22,5,-1,-1,-1,-1,7,E01023902,0,1
2025411560917,2025,411560917,1,9,0,-1,1,1,3,-1,0,0,0,0,0,0,1,9,-1,6,2,-1,-1,-1,-1,-1,-1,-1,-1,0,-1
2025411560946,2025,411560946,1,9,0,-1,1,5,1,-1,0,2,0,0,0,0,2,1,-1,6,1,64,9,-1,-1,-1,-1,9,E01023712,0,1
2025411560952,2025,411560952,2,9,-1,-1,-1,-1,-1,-1,-1,-1,-1,-1,-1,0,4,9,-1,6,2,79,11,-1,-1,-1,-1,10,E01023744,0,2
2025411560952,2025,411560952,1,21,-1,-1,-1,-1,-1,-1,-1,-1,-1,-1,-1,0,-1,9,-1,1,3,-1,-1,-1,-1,-1,-1,-1,-1,0,-1
2025411561000,2025,411561000,1,9,0,-1,19,6,2,-1,0,0,0,11,1,3,1,1,-1,9,2,28,6,-1,-1,-1,-1,2,E01035586,0,1
2025411561193,2025,411561193,2,9,0,-1,9,7,5,-1,0,8,0,0,0,0,1,1,-1,6,1,23,5,-1,-1,-1,-1,3,E01023336,0,1
2025411561193,2025,411561193,1,9,0,-1,19,3,7,-1,0,8,0,0,0,0,1,1,-1,6,1,65,9,-1,-1,-1,-1,4,E01023301,0,1
2025411561282,2025,411561282,1,9,0,-1,19,5,1,-1,0,4,0,0,0,0,3,1,-1,2,1,52,8,-1,-1,-1,-1,5,E01023905,0,2
2025411561282,2025,411561282,2,9,0,-1,7,1,7,-1,0,4,0,0,0,0,3,1,-1,2,1,53,8,-1,-1,-1,-1,9,E01023380,0,3
2025411561310,2025,411561310,2,9,0,-1,10,6,4,-1,0,1,0,0,0,0,3,1,-1,2,1,50,8,-1,-1,-1,-1,10,E01023423,0,1
2025411561310,2025,411561310,1,9,0,-1,19,2,6,-1,0,1,0,0,0,0,3,1,-1,9,2,74,10,-1,-1,-1,-1,10,E01023416,0,1
2025411561310,2025,411561310,3,9,0,-1,3,6,2,-1,0,1,0,0,0,0,1,1,-1,2,1,43,7,-1,-1,-1,-1,10,E01017773,0,3
2025411561329,2025,411561329,2,9,-1,-1,-1,-1,-1,-1,-1,-1,-1,-1,-1,0,2,9,-1,6,2,25,5,-1,-1,-1,-1,4,E01023873,0,1
2025411561329,2025,411561329,1,9,-1,-1,-1,-1,-1,-1,-1,-1,-1,-1,-1,0,-1,9,-1,2,2,30,6,-1,-1,-1,-1,8,E01023528,0,1
2025411561374,2025,411561374,1,19,-1,-1,-1,-1,-1,-1,-1,-1,-1,-1,-1,0,-1,9,-1,6,1,-1,-1,-1,-1,-1,-1,-1,-1,0,-1
2025411561374,2025,411561374,2,4,0,-1,-1,-1,-1,-1,-1,-1,-1,-1,-1,0,-1,1,-1,6,1,34,6,-1,-1,-1,-1,3,E01023865,0,2
2025411561420,2025,411561420,1,9,-1,-1,-1,-1,-1,-1,-1,-1,-1,-1,-1,0,-1,9,-1,6,2,53,8,-1,-1,-1,-1,10,E01023887,0,1
2025411561420,2025,411561420,2,1,-1,-1,-1,-1,-1,-1,-1,-1,-1,-1,-1,0,-1,1,-1,6,1,55,8,-1,-1,-1,-1,7,E01023886,0,1
2025411561461,2025,411561461,3,9,0,-1,19,1,5,-1,0,8,0,0,0,0,2,1,-1,2,1,24,5,-1,-1,-1,-1,8,E01018298,0,4
2025411561461,2025,411561461,1,9,0,-1,4,3,7,-1,0,4,0,0,0,0,0,1,-1,1,2,38,7,-1,-1,-1,-1,-1,-1,0,-1
2025411561461,2025,411561461,2,9,0,-1,19,1,5,-1,0,8,0,0,0,0,1,1,-1,2,1,66,10,-1,-1,-1,-1,6,E01030076,0,4
2025411561676,2025,411561676,2,9,0,-1,19,5,1,-1,0,0,0,0,0,0,1,1,-1,6,2,30,6,-1,-1,-1,-1,-1,-1,0,-1
2025411561676,2025,411561676,1,9,0,-1,19,5,1,-1,0,0,0,0,0,0,3,1,-1,6,1,76,11,-1,-1,-1,-1,6,E01023334,0,1
2025411561694,2025,411561694,1,9,0,-1,19,7,3,-1,0,0,0,0,0,0,1,1,-1,6,1,75,10,-1,-1,-1,-1,-1,-1,0,-1
2025411561694,2025,411561694,2,9,0,-1,3,7,3,-1,0,0,0,0,0,0,2,1,-1,9,1,49,8,-1,-1,-1,-1,6,E01023945,0,1
2025411561760,2025,411561760,1,9,0,-1,10,4,2,-1,0,1,0,0,0,0,1,1,-1,2,1,56,9,-1,-1,-1,-1,8,E01023649,0,1
2025411561760,2025,411561760,2,3,0,-1,19,2,6,-1,0,1,0,0,0,0,4,1,-1,2,1,26,6,-1,-1,-1,-1,5,E01017542,0,4
2025411561768,2025,411561768,2,3,0,-1,19,5,1,-1,0,8,0,0,0,0,1,1,-1,2,1,26,6,-1,-1,-1,-1,6,E01035606,0,1
2025411561768,2025,411561768,1,8,0,-1,5,7,5,-1,0,6,0,0,0,0,3,1,-1,1,1,58,9,-1,-1,-1,-1,5,E01015712,0,4
2025411561866,2025,411561866,1,9,-1,-1,-1,-1,-1,-1,-1,-1,-1,-1,-1,0,-1,9,-1,1,1,39,7,-1,-1,-1,-1,4,E01023906,0,1
2025411561866,2025,411561866,2,97,-1,-1,-1,-1,-1,-1,-1,-1,-1,-1,-1,0,-1,1,-1,1,1,23,5,-1,-1,-1,-1,6,E01035579,0,1
2025411561868,2025,411561868,1,9,0,-1,5,3,7,-1,0,3,0,0,0,0,1,1,-1,2,2,48,8,-1,-1,-1,-1,8,E01023486,0,3
2025411561868,2025,411561868,2,1,0,-1,19,1,5,-1,0,8,5,0,0,0,1,1,-1,6,1,-1,-1,-1,-1,-1,-1,-1,-1,0,-1
2025411561874,2025,411561874,1,9,0,-1,9,3,1,-1,0,6,0,0,0,0,1,1,-1,6,1,32,6,-1,-1,-1,-1,-1,-1,0,-1
2025411561874,2025,411561874,2,9,0,-1,10,5,3,-1,0,8,0,0,0,0,3,1,-1,9,1,49,8,-1,-1,-1,-1,9,E01023846,0,1
2025411561877,2025,411561877,1,1,0,-1,19,5,1,-1,9,0,1,11,0,0,1,1,-1,6,3,-1,-1,-1,-1,-1,-1,-1,-1,0,-1
2025411561905,2025,411561905,2,8,0,-1,9,3,1,-1,0,4,0,0,0,0,1,1,-1,1,1,49,8,-1,-1,-1,-1,4,E01023403,0,1
2025411561905,2025,411561905,1,9,0,-1,19,5,1,-1,0,1,0,0,0,0,3,9,-1,6,1,-1,-1,-1,-1,-1,-1,-1,-1,0,-1
2025411561913,2025,411561913,1,9,0,-1,1,3,7,-1,0,0,0,0,0,0,2,1,-1,6,1,78,11,-1,-1,-1,-1,8,E01023884,0,1
2025411561938,2025,411561938,2,9,0,-1,19,1,5,-1,0,0,0,10,7,0,1,1,-1,9,1,67,10,-1,-1,-1,-1,10,E01023448,0,1
2025411561938,2025,411561938,1,9,0,-1,19,1,5,-1,0,0,0,10,7,0,2,1,-1,9,2,30,6,-1,-1,-1,-1,9,E01021795,0,1
2025411562153,2025,411562153,1,9,0,-1,19,7,3,-1,0,2,0,0,0,0,1,1,-1,6,1,48,8,-1,-1,-1,-1,9,E01021795,0,1
2025411562221,2025,411562221,2,9,0,-1,19,2,6,-1,0,0,0,0,0,0,4,1,-1,2,1,20,4,-1,-1,-1,-1,6,E01000513,0,2
2025411562221,2025,411562221,3,19,0,-1,13,2,6,-1,0,0,0,0,0,0,0,1,-1,6,1,-1,-1,-1,-1,-1,-1,-1,-1,0,-1
2025411562221,2025,411562221,1,19,0,-1,19,2,6,-1,0,0,0,0,1,0,3,1,-1,6,1,62,9,-1,-1,-1,-1,5,E01023720,0,2
2025411562229,2025,411562229,1,9,0,-1,19,7,3,-1,0,8,2,0,7,1,1,1,-1,7,1,50,8,-1,-1,-1,-1,10,E01002194,0,3
2025411563095,2025,411563095,1,19,0,-1,19,6,2,-1,0,0,0,0,0,0,4,1,-1,1,3,-1,-1,-1,-1,-1,-1,-1,-1,0,-1
2025411563112,2025,411563112,2,9,0,-1,3,2,6,-1,0,0,0,0,0,0,2,1,-1,9,1,55,8,-1,-1,-1,-1,7,E01023561,0,1
2025411563112,2025,411563112,1,9,0,-1,5,2,6,-1,0,0,0,0,0,0,1,1,-1,2,1,40,7,-1,-1,-1,-1,7,E01002144,0,2
2025411563175,2025,411563175,2,9,0,-1,13,2,6,-1,0,0,0,0,0,0,4,1,-1,6,1,-1,-1,-1,-1,-1,-1,-1,-1,0,-1
2025411563175,2025,411563175,1,1,0,-1,19,2,6,-1,0,0,0,0,0,0,3,1,-1,6,1,68,10,-1,-1,-1,-1,6,E01023554,0,2
2025411563240,2025,411563240,7,9,0,-1,3,3,1,-1,0,1,0,0,0,0,3,1,-1,9,2,63,9,-1,-1,-1,-1,10,E01023730,0,1
2025411563240,2025,411563240,1,9,0,-1,-1,-1,-1,-1,-1,-1,-1,-1,-1,0,-1,1,-1,1,1,-1,-1,-1,-1,-1,-1,2,E01035570,0,4
2025411563240,2025,411563240,5,9,0,-1,19,-1,-1,-1,0,-1,0,0,0,0,-1,1,-1,1,3,-1,-1,-1,-1,-1,-1,2,E01035570,0,4
2025411563240,2025,411563240,6,9,0,-1,3,3,1,-1,0,1,0,0,0,0,4,1,-1,6,2,26,6,-1,-1,-1,-1,5,E01023681,0,1
2025411563240,2025,411563240,2,9,0,-1,14,3,1,-1,0,4,0,0,0,0,3,1,-1,6,1,20,4,-1,-1,-1,-1,5,E01023384,0,3
2025411563240,2025,411563240,4,9,0,-1,-1,-1,-1,-1,-1,-1,-1,-1,-1,0,-1,1,-1,6,1,33,6,-1,-1,-1,-1,6,E01023855,0,2
2025411563240,2025,411563240,3,9,0,-1,2,0,0,-1,-1,-1,-1,-1,-1,0,3,1,-1,6,1,50,8,-1,-1,-1,-1,4,E01016003,0,4
2025411563278,2025,411563278,1,9,0,-1,8,2,6,-1,0,1,0,0,0,0,2,1,-1,6,2,36,7,-1,-1,-1,-1,2,E01023860,0,1
2025411563278,2025,411563278,2,11,0,-1,19,2,6,-1,0,1,0,0,0,0,1,1,-1,1,1,47,8,-1,-1,-1,-1,5,E01023431,0,3
2025411563454,2025,411563454,1,19,0,-1,19,2,5,-1,0,1,0,0,0,0,1,1,-1,6,1,67,10,-1,-1,-1,-1,9,E01023968,0,1
2025411563454,2025,411563454,2,9,0,-1,3,2,5,-1,0,1,0,0,0,0,2,1,-1,7,2,39,7,-1,-1,-1,-1,10,E01023953,0,1
2025411563632,2025,411563632,1,9,0,-1,7,8,2,-1,0,5,0,0,1,0,4,1,-1,6,1,17,4,-1,-1,-1,-1,10,E01023587,0,1
2025411563646,2025,411563646,1,9,0,-1,19,7,3,-1,0,1,0,10,1,0,1,1,-1,2,1,32,6,-1,-1,-1,-1,9,E01023629,0,3
2025411563646,2025,411563646,2,9,0,-1,19,1,5,-1,0,8,0,0,0,0,4,1,-1,6,3,-1,-1,-1,-1,-1,-1,-1,-1,0,-1
2025411563680,2025,411563680,2,10,0,-1,8,3,1,-1,0,8,0,0,0,0,4,1,-1,1,2,42,7,-1,-1,-1,-1,2,E01015704,0,3
2025411563680,2025,411563680,1,9,0,-1,5,7,3,-1,0,8,0,0,0,0,1,1,-1,6,1,49,8,-1,-1,-1,-1,10,E01017373,0,4
2025411563705,2025,411563705,1,9,0,-1,5,8,2,-1,0,1,0,0,0,0,1,1,-1,2,2,56,9,-1,-1,-1,-1,9,E01023562,0,1
2025411563705,2025,411563705,2,5,0,-1,13,8,8,-1,0,1,0,0,0,0,1,1,-1,2,1,46,8,-1,-1,-1,-1,2,E01023404,0,3
2025411563714,2025,411563714,1,9,0,-1,9,5,3,-1,0,6,0,0,0,0,1,1,-1,6,1,32,6,-1,-1,-1,-1,2,E01015759,0,4
2025411563895,2025,411563895,2,2,0,-1,3,5,1,-1,0,8,5,0,0,0,3,1,-1,6,1,31,6,-1,-1,-1,-1,4,E01023775,0,1
2025411563895,2025,411563895,1,9,0,-1,19,5,1,-1,0,8,0,0,0,0,4,1,-1,6,2,30,6,-1,-1,-1,-1,8,E01023596,0,2
2025411563981,2025,411563981,1,9,-1,-1,-1,-1,-1,-1,-1,-1,-1,-1,-1,0,-1,9,-1,6,3,-1,-1,-1,-1,-1,-1,-1,-1,0,-1
2025411564132,2025,411564132,1,9,0,-1,3,4,6,-1,0,1,0,0,0,0,2,1,-1,1,2,33,6,-1,-1,-1,-1,9,E01001417,0,2
2025411564132,2025,411564132,2,19,0,-1,19,4,3,-1,0,1,1,0,0,0,1,1,-1,6,3,-1,-1,-1,-1,-1,-1,-1,-1,0,-1
2025411564405,2025,411564405,2,9,-1,-1,-1,-1,-1,-1,-1,0,-1,-1,-1,0,1,9,-1,9,1,34,6,-1,-1,-1,-1,3,E01004434,0,4
2025411564405,2025,411564405,1,9,-1,-1,-1,-1,-1,-1,-1,0,-1,-1,-1,0,-1,9,-1,6,3,-1,-1,-1,-1,-1,-1,-1,-1,0,-1
2025411564419,2025,411564419,2,9,0,-1,3,3,7,-1,0,1,0,0,0,0,2,1,-1,9,1,37,7,-1,-1,-1,-1,4,E01021853,0,2
2025411564419,2025,411564419,1,9,0,-1,19,3,7,-1,0,1,0,0,0,0,1,1,-1,6,2,19,4,-1,-1,-1,-1,8,E01022060,0,3
2025411564425,2025,411564425,1,98,-1,-1,-1,-1,-1,-1,-1,0,-1,-1,-1,0,1,9,-1,6,1,-1,-1,-1,-1,-1,-1,-1,-1,0,-1
2025411564425,2025,411564425,2,9,-1,-1,-1,-1,-1,-1,-1,0,-1,-1,-1,0,2,9,-1,6,1,30,6,-1,-1,-1,-1,3,E01001468,0,3
2025411564483,2025,411564483,1,9,0,-1,19,1,5,-1,0,0,1,0,1,4,4,1,-1,7,2,42,7,-1,-1,-1,-1,10,E01023489,0,1
2025411564526,2025,411564526,1,9,0,-1,19,3,7,-1,0,0,0,0,0,0,1,1,-1,2,2,46,8,-1,-1,-1,-1,8,E01033027,0,1
2025411564829,2025,411564829,1,19,0,-1,19,3,7,-1,0,0,0,0,0,0,1,1,-1,9,1,21,5,-1,-1,-1,-1,7,E01023963,0,2
2025411564829,2025,411564829,2,9,0,-1,3,3,7,-1,0,0,0,0,0,0,2,1,-1,9,1,65,9,-1,-1,-1,-1,6,E01015814,0,4
2025411564856,2025,411564856,4,9,0,-1,2,0,0,-1,9,0,0,0,0,0,1,1,-1,6,-1,-1,-1,-1,-1,-1,-1,-1,-1,0,-1
2025411564856,2025,411564856,3,9,0,-1,2,0,0,-1,9,0,0,0,0,0,1,1,-1,6,-1,-1,-1,-1,-1,-1,-1,-1,-1,0,-1
2025411564856,2025,411564856,1,9,0,-1,19,2,5,-1,0,0,0,0,0,0,1,1,-1,6,1,80,11,-1,-1,-1,-1,10,E01023515,0,1
2025411564856,2025,411564856,2,9,0,-1,19,5,2,-1,0,0,0,0,0,0,3,1,-1,6,1,35,6,-1,-1,-1,-1,3,E01001372,0,4
2025411564998,2025,411564998,1,9,0,-1,-1,-1,-1,-1,0,1,0,0,0,0,-1,9,-1,6,3,-1,-1,-1,-1,-1,-1,-1,-1,0,-1
2025411564998,2025,411564998,2,8,0,-1,19,5,1,-1,0,4,0,0,3,0,1,1,-1,1,1,24,5,-1,-1,-1,-1,3,E01001508,0,3
2025411565230,2025,411565230,1,9,0,-1,19,5,1,-1,0,0,1,6,8,0,3,9,-1,9,1,24,5,-1,-1,-1,-1,10,E01023926,0,1
2025411565238,2025,411565238,1,99,-1,-1,3,1,5,-1,0,4,0,0,0,0,1,9,-1,6,3,-1,-1,-1,-1,-1,-1,-1,-1,0,-1
2025411565238,2025,411565238,2,9,0,-1,3,1,5,-1,0,4,0,0,0,0,2,1,-1,9,1,28,6,-1,-1,-1,-1,7,E01018182,0,4
2025411565249,2025,411565249,2,9,0,-1,19,3,7,-1,0,0,0,0,0,0,1,1,-1,6,2,27,6,-1,-1,-1,-1,10,E01022085,0,4
2025411565249,2025,411565249,1,9,0,-1,19,7,3,-1,0,0,0,0,0,0,1,1,-1,6,2,82,11,-1,-1,-1,-1,7,E01033911,0,4
2025411565253,2025,411565253,2,3,0,-1,3,-1,-1,-1,0,0,0,0,0,0,1,1,-1,9,2,22,5,-1,-1,-1,-1,9,E01023837,0,2
2025411565253,2025,411565253,1,9,0,-1,1,-1,-1,-1,0,0,0,0,0,0,2,1,-1,6,1,-1,-1,-1,-1,-1,-1,-1,-1,0,-1
2025411565256,2025,411565256,2,9,0,-1,3,-1,-1,-1,0,6,0,0,0,0,1,1,-1,9,2,43,7,-1,-1,-1,-1,5,E01023829,0,1
2025411565256,2025,411565256,1,9,0,-1,7,-1,-1,-1,0,6,0,0,0,0,2,9,-1,6,2,-1,-1,-1,-1,-1,-1,10,E01023733,0,1
2025411565724,2025,411565724,1,9,0,-1,19,1,5,-1,0,0,0,0,0,0,1,1,-1,6,1,23,5,-1,-1,-1,-1,8,E01023732,0,1
2025411565724,2025,411565724,2,9,0,-1,12,1,5,-1,0,0,0,0,0,0,2,1,-1,6,1,39,7,-1,-1,-1,-1,7,E01023935,0,3
2025411565772,2025,411565772,1,9,0,-1,19,-1,-1,-1,-1,0,-1,-1,-1,0,4,1,-1,6,1,-1,-1,-1,-1,-1,-1,-1,-1,0,-1
2025411565772,2025,411565772,2,1,-1,-1,-1,-1,-1,-1,-1,0,-1,-1,-1,0,1,1,-1,9,1,44,7,-1,-1,-1,-1,6,E01023795,0,1
2025411565803,2025,411565803,1,9,0,-1,19,5,1,-1,0,0,1,0,7,0,1,1,-1,6,1,18,4,-1,-1,-1,-1,9,E01023525,0,1
2025411565803,2025,411565803,2,9,0,-1,2,0,0,-1,0,0,0,0,0,0,4,1,-1,6,1,-1,-1,-1,-1,-1,-1,6,E01023564,0,1
2025411565833,2025,411565833,1,9,0,-1,9,2,8,-1,0,8,0,0,0,0,1,1,-1,6,2,31,6,-1,-1,-1,-1,7,E01023704,0,2
2025411565833,2025,411565833,2,9,0,-1,5,6,2,-1,0,8,0,0,0,0,1,1,-1,6,1,29,6,-1,-1,-1,-1,3,E01023573,0,1
2025411566136,2025,411566136,1,11,-1,-1,-1,-1,-1,-1,-1,-1,-1,-1,-1,0,-1,9,-1,1,3,-1,-1,-1,-1,-1,-1,-1,-1,0,-1