collision_index,collision_year,collision_ref_no,vehicle_reference,vehicle_type,towing_and_articulation,vehicle_manoeuvre_historic,vehicle_manoeuvre,vehicle_direction_from,vehicle_direction_to,vehicle_location_restricted_lane_historic,vehicle_location_restricted_lane,junction_location,skidding_and_overturning,hit_object_in_carriageway,vehicle_leaving_carriageway,hit_object_off_carriageway,first_point_of_impact,vehicle_left_hand_drive,journey_purpose_of_driver_historic,journey_purpose_of_driver,sex_of_driver,age_of_driver,age_band_of_driver,engine_capacity_cc,propulsion_code,age_of_vehicle,generic_make_model,driver_imd_decile,lsoa_of_driver,escooter_flag,driver_distance_banding
2025411566161,2025,411566161,1,9,0,-1,13,1,4,-1,0,0,1,0,1,0,3,1,-1,2,1,50,8,-1,-1,-1,-1,3,E01001412,0,2
2025411566161,2025,411566161,2,98,1,-1,12,1,5,-1,0,0,0,0,0,0,4,2,-1,2,1,33,6,-1,-1,-1,-1,-1,-1,0,-1
2025411566203,2025,411566203,1,9,0,-1,19,6,2,-1,0,4,0,0,0,0,4,1,-1,6,-1,34,6,-1,-1,-1,-1,10,E01023410,0,1
2025411566267,2025,411566267,2,9,0,-1,19,2,6,-1,0,0,0,0,7,0,3,1,-1,9,1,30,6,-1,-1,-1,-1,4,E01023955,0,2
2025411566267,2025,411566267,1,9,0,-1,19,6,2,-1,0,0,0,0,0,0,3,9,-1,7,2,30,6,-1,-1,-1,-1,4,E01023349,0,3
2025411566268,2025,411566268,1,9,0,-1,19,8,4,-1,0,1,0,0,0,0,1,9,-1,6,1,55,8,-1,-1,-1,-1,-1,-1,0,-1
2025411566359,2025,411566359,1,98,0,-1,19,4,8,-1,0,0,0,0,0,0,1,9,-1,6,3,-1,-1,-1,-1,-1,-1,-1,-1,0,-1
2025411566567,2025,411566567,1,9,0,-1,7,8,4,-1,0,8,0,0,0,0,1,1,-1,6,2,66,10,-1,-1,-1,-1,9,E01026360,0,5
2025411566567,2025,411566567,2,1,0,-1,19,8,4,-1,0,8,0,0,0,0,1,1,-1,6,1,51,8,-1,-1,-1,-1,5,E01002440,0,2
2025411566620,2025,411566620,1,9,0,-1,99,-1,-1,-1,0,6,0,0,0,0,9,1,-1,6,1,29,6,-1,-1,-1,-1,5,E01035599,0,1
2025411566628,2025,411566628,2,1,0,-1,19,8,4,-1,0,8,0,0,0,0,1,1,-1,6,2,58,9,-1,-1,-1,-1,7,E01023632,0,1
2025411566628,2025,411566628,1,9,0,-1,5,3,8,-1,0,8,0,0,0,0,1,9,-1,1,1,43,7,-1,-1,-1,-1,5,E01023800,0,2
2025411566630,2025,411566630,1,9,0,-1,9,1,3,-1,0,8,0,0,0,0,1,1,-1,2,2,19,4,-1,-1,-1,-1,4,E01023955,0,1
2025411566641,2025,411566641,2,3,0,-1,19,5,1,-1,0,1,0,0,0,0,1,1,-1,1,1,41,7,-1,-1,-1,-1,-1,-1,0,-1
2025411566641,2025,411566641,1,9,0,-1,5,7,5,-1,0,6,0,0,0,0,3,1,-1,6,1,58,9,-1,-1,-1,-1,6,E01023671,0,1
2025411566682,2025,411566682,1,9,0,-1,19,1,7,-1,9,0,0,0,0,0,1,9,-1,9,1,37,7,-1,-1,-1,-1,9,E01035573,0,1
2025411566687,2025,411566687,1,9,0,-1,19,2,5,-1,0,0,0,0,0,0,1,1,-1,6,1,43,7,-1,-1,-1,-1,4,E01023772,0,1
2025411566687,2025,411566687,2,98,1,-1,2,0,0,-1,0,0,0,0,0,0,2,1,-1,6,-1,-1,-1,-1,-1,-1,-1,-1,-1,0,-1
2025411566775,2025,411566775,1,21,0,-1,19,7,3,-1,0,2,0,0,0,0,1,1,-1,1,1,60,9,-1,-1,-1,-1,6,E01002165,0,4
2025411566778,2025,411566778,2,3,-1,-1,-1,-1,-1,-1,-1,-1,-1,-1,-1,0,-1,1,-1,6,1,34,6,-1,-1,-1,-1,3,E01001436,0,3
2025411566778,2025,411566778,1,9,-1,-1,-1,-1,-1,-1,-1,-1,-1,-1,-1,0,-1,9,-1,6,2,48,8,-1,-1,-1,-1,9,E01000248,0,1
2025411567007,2025,411567007,1,9,0,-1,5,3,7,-1,0,0,0,0,0,0,1,1,-1,6,1,93,11,-1,-1,-1,-1,5,E01023295,0,1
2025411567027,2025,411567027,1,9,0,-1,7,1,1,-1,0,0,0,0,0,0,1,1,-1,9,1,31,6,-1,-1,-1,-1,-1,-1,0,-1
2025411567048,2025,411567048,1,9,0,-1,19,4,8,-1,0,0,5,0,7,0,1,1,-1,6,1,29,6,-1,-1,-1,-1,10,E01023642,0,2
2025411567051,2025,411567051,1,9,0,-1,4,1,5,-1,0,0,0,0,0,0,2,9,-1,6,1,-1,-1,-1,-1,-1,-1,4,E01023925,0,2
2025411567051,2025,411567051,3,9,0,-1,99,1,5,-1,0,0,0,0,0,0,9,9,-1,6,3,-1,-1,-1,-1,-1,-1,-1,-1,0,-1
2025411567051,2025,411567051,2,9,0,-1,99,1,5,-1,0,0,0,0,0,0,1,9,-1,6,1,48,8,-1,-1,-1,-1,5,E01003685,0,4
2025411567057,2025,411567057,2,97,0,-1,19,8,3,-1,0,8,0,0,0,0,1,1,-1,1,1,39,7,-1,-1,-1,-1,9,E01002242,0,3
2025411567057,2025,411567057,1,9,0,-1,9,3,1,-1,0,8,0,0,0,0,1,1,-1,6,2,39,7,-1,-1,-1,-1,4,E01023899,0,1
2025411567150,2025,411567150,1,9,-1,-1,-1,-1,-1,-1,-1,0,-1,-1,-1,0,-1,9,-1,6,2,32,6,-1,-1,-1,-1,5,E01023905,0,1
2025411567186,2025,411567186,1,9,0,-1,19,5,1,-1,0,0,0,0,0,0,1,1,-1,6,2,62,9,-1,-1,-1,-1,5,E01023843,0,1
2025411567186,2025,411567186,2,9,0,-1,19,1,5,-1,0,0,0,0,0,0,1,1,-1,2,1,62,9,-1,-1,-1,-1,4,E01023805,0,1
2025411567206,2025,411567206,2,9,0,-1,19,6,2,-1,0,0,0,0,0,0,2,1,-1,6,1,85,11,-1,-1,-1,-1,5,E01023661,0,2
2025411567206,2025,411567206,3,9,0,-1,19,6,2,-1,0,0,0,0,0,0,1,1,-1,6,2,23,5,-1,-1,-1,-1,8,E01032176,0,5
2025411567206,2025,411567206,1,9,0,-1,19,6,2,-1,0,0,0,0,0,0,0,1,-1,6,2,45,7,-1,-1,-1,-1,10,E01023657,0,2
2025411567221,2025,411567221,1,9,0,-1,1,3,7,-1,0,8,0,0,0,0,2,1,-1,6,1,52,8,-1,-1,-1,-1,2,E01023641,0,1
2025411567517,2025,411567517,1,-1,0,-1,19,2,6,-1,0,1,5,0,0,0,1,1,-1,6,1,48,8,-1,-1,-1,-1,5,E01023537,1,1
2025411567517,2025,411567517,2,9,0,-1,4,2,6,-1,0,1,0,0,0,0,2,1,-1,9,1,17,4,-1,-1,-1,-1,6,E01023934,0,2
2025411567553,2025,411567553,1,9,0,-1,19,1,5,-1,0,0,0,0,0,0,1,1,-1,6,2,40,7,-1,-1,-1,-1,8,E01023875,0,1
2025411567553,2025,411567553,2,9,0,-1,19,1,5,-1,0,0,0,0,0,0,2,1,-1,6,2,41,7,-1,-1,-1,-1,8,E01035603,0,1
2025411567565,2025,411567565,2,9,0,-1,19,7,3,-1,0,1,0,0,0,0,4,1,-1,7,2,37,7,-1,-1,-1,-1,10,E01035587,0,1
2025411567565,2025,411567565,1,9,0,-1,9,1,7,-1,0,1,0,0,0,0,1,1,-1,1,2,53,8,-1,-1,-1,-1,6,E01023494,0,2
2025411567568,2025,411567568,2,9,0,-1,12,1,5,-1,0,0,0,0,0,0,2,1,-1,6,1,38,7,-1,-1,-1,-1,7,E01023935,0,3
2025411567568,2025,411567568,1,9,0,-1,19,1,5,-1,0,0,0,0,0,0,1,1,-1,6,1,23,5,-1,-1,-1,-1,8,E01023732,0,1
2025411567686,2025,411567686,1,9,0,-1,19,2,6,-1,0,2,0,0,0,0,1,1,-1,1,1,25,5,-1,-1,-1,-1,9,E01023967,0,3
2025411567686,2025,411567686,2,9,0,-1,19,2,6,-1,0,8,0,0,0,0,2,1,-1,1,1,33,6,-1,-1,-1,-1,9,E01023674,0,1
2025411567931,2025,411567931,2,1,-1,-1,7,3,1,-1,0,8,5,0,0,0,-1,1,-1,6,1,43,7,-1,-1,-1,-1,5,E01035584,0,1
2025411567931,2025,411567931,1,98,0,-1,3,-1,-1,-1,0,8,0,0,0,0,1,9,-1,6,3,-1,-1,-1,-1,-1,-1,-1,-1,0,-1
2025411568491,2025,411568491,1,9,0,-1,4,5,1,-1,0,0,0,0,0,0,1,1,-1,9,2,80,11,-1,-1,-1,-1,9,E01035592,0,2
2025411568491,2025,411568491,2,1,0,-1,19,3,7,-1,0,0,0,0,0,0,1,1,-1,2,1,60,9,-1,-1,-1,-1,10,E01023489,0,3
2025411568513,2025,411568513,3,9,0,-1,19,3,7,-1,0,0,0,0,0,0,0,1,-1,1,2,27,6,-1,-1,-1,-1,-1,-1,0,-1
2025411568513,2025,411568513,1,9,0,-1,19,7,3,-1,0,0,0,0,0,0,1,1,-1,2,1,38,7,-1,-1,-1,-1,4,E01015724,0,3
2025411568513,2025,411568513,2,9,0,-1,4,7,3,-1,0,0,0,0,0,0,2,1,-1,6,1,35,6,-1,-1,-1,-1,3,E01018087,0,4
2025411568545,2025,411568545,1,9,-1,-1,-1,-1,-1,-1,-1,0,-1,-1,-1,0,-1,9,-1,6,2,-1,-1,-1,-1,-1,-1,-1,-1,0,-1
2025411568630,2025,411568630,2,3,0,-1,19,5,7,-1,0,0,0,0,0,0,1,1,-1,9,1,67,10,-1,-1,-1,-1,10,E01023657,0,3
2025411568630,2025,411568630,1,9,0,-1,19,7,5,-1,0,0,0,0,0,0,1,1,-1,9,1,78,11,-1,-1,-1,-1,6,E01023598,0,2
2025411568633,2025,411568633,2,9,0,-1,19,7,3,-1,0,1,0,0,0,0,2,1,-1,6,2,35,6,-1,-1,-1,-1,7,E01023704,0,1
2025411568633,2025,411568633,1,19,0,-1,19,3,7,-1,0,1,0,0,0,0,4,1,-1,6,1,26,6,-1,-1,-1,-1,6,E01023934,0,1
2025411568662,2025,411568662,1,9,0,-1,5,1,5,-1,0,0,0,0,0,0,1,1,-1,6,1,44,7,-1,-1,-1,-1,3,E01010501,0,5
2025411568662,2025,411568662,2,9,0,-1,3,1,5,-1,0,0,0,0,0,0,2,1,-1,6,2,43,7,-1,-1,-1,-1,9,E01034457,0,4
2025411568842,2025,411568842,2,97,0,-1,19,5,1,-1,0,0,0,0,0,0,1,1,-1,6,1,61,9,-1,-1,-1,-1,10,E01018292,0,4
2025411568842,2025,411568842,1,9,0,-1,19,1,5,-1,0,0,0,0,0,0,1,1,-1,6,2,56,9,-1,-1,-1,-1,2,E01023397,0,3
2025411568847,2025,411568847,2,9,0,-1,19,4,8,-1,0,1,0,0,0,0,3,1,-1,7,2,45,7,-1,-1,-1,-1,5,E01023537,0,3
2025411568847,2025,411568847,1,9,0,-1,9,5,4,-1,0,8,0,0,0,0,1,1,-1,6,1,48,8,-1,-1,-1,-1,-1,-1,0,-1
2025411568852,2025,411568852,2,9,0,-1,5,2,8,-1,0,6,0,0,0,0,4,1,-1,6,1,64,9,-1,-1,-1,-1,5,E01023868,0,1
2025411568852,2025,411568852,3,9,0,-1,2,4,8,-1,0,2,0,0,0,0,2,1,-1,6,1,19,4,-1,-1,-1,-1,4,E01023899,0,1
2025411568852,2025,411568852,1,9,0,-1,19,4,8,-1,0,8,0,4,7,0,1,1,-1,6,1,22,5,-1,-1,-1,-1,5,E01023869,0,1
2025411568862,2025,411568862,1,9,0,-1,19,3,7,-1,0,0,0,0,0,0,1,1,-1,6,1,50,8,-1,-1,-1,-1,10,E01023313,0,1
2025411568902,2025,411568902,4,9,0,-1,4,5,1,-1,0,0,0,0,0,0,2,9,-1,6,3,-1,-1,-1,-1,-1,-1,-1,-1,0,-1
2025411568902,2025,411568902,3,98,0,-1,3,5,1,-1,0,0,0,0,0,0,2,9,-1,9,1,32,6,-1,-1,-1,-1,3,E01011546,0,5
2025411568902,2025,411568902,2,9,0,-1,3,5,1,-1,0,0,0,0,0,0,2,1,-1,6,1,42,7,-1,-1,-1,-1,4,E01015734,0,3
2025411568902,2025,411568902,1,9,0,-1,19,5,1,-1,0,0,0,0,0,0,1,1,-1,6,1,52,8,-1,-1,-1,-1,4,E01008597,0,5
2025411568943,2025,411568943,1,9,0,-1,19,7,3,-1,0,0,0,0,0,0,1,1,-1,2,2,49,8,-1,-1,-1,-1,6,E01023765,0,1
2025411568973,2025,411568973,1,9,-1,-1,-1,-1,-1,-1,-1,0,-1,-1,-1,0,-1,9,-1,6,3,-1,-1,-1,-1,-1,-1,-1,-1,0,-1
2025411568986,2025,411568986,2,3,-1,-1,-1,-1,-1,-1,-1,0,-1,-1,-1,0,-1,1,-1,1,1,25,5,-1,-1,-1,-1,7,E01023856,0,1
2025411568986,2025,411568986,1,98,-1,-1,-1,-1,-1,-1,-1,0,-1,-1,-1,0,-1,9,-1,6,2,45,7,-1,-1,-1,-1,10,E01023881,0,1
2025411569001,2025,411569001,2,9,0,-1,19,5,1,-1,0,0,0,0,0,0,1,1,-1,6,1,49,8,-1,-1,-1,-1,9,E01001417,0,1
2025411569001,2025,411569001,1,9,-1,-1,-1,-1,-1,-1,-1,0,-1,-1,-1,0,1,9,-1,6,1,-1,-1,-1,-1,-1,-1,8,E01023569,0,1
2025411569016,2025,411569016,1,9,0,-1,10,3,2,-1,0,0,0,0,0,0,1,1,-1,6,1,-1,-1,-1,-1,-1,-1,7,E01022098,0,3
2025411569016,2025,411569016,2,9,0,-1,3,7,2,-1,0,0,0,0,0,0,2,1,-1,7,2,45,7,-1,-1,-1,-1,9,E01022073,0,3
2025411569093,2025,411569093,1,9,0,-1,19,-1,-1,-1,0,0,0,0,0,0,1,9,-1,6,3,-1,-1,-1,-1,-1,-1,-1,-1,0,-1
2025411569093,2025,411569093,2,9,0,-1,3,-1,-1,-1,0,0,0,0,0,0,2,9,-1,9,1,19,4,-1,-1,-1,-1,6,E01023545,0,2
2025411569330,2025,411569330,2,21,0,-1,-1,-1,-1,-1,-1,0,-1,-1,-1,0,1,2,-1,6,3,-1,-1,-1,-1,-1,-1,-1,-1,0,-1
2025411569330,2025,411569330,1,9,0,-1,-1,-1,-1,-1,-1,0,-1,-1,-1,0,2,1,-1,9,2,66,10,-1,-1,-1,-1,8,E01016797,0,4
2025411569546,2025,411569546,1,8,0,-1,99,-1,-1,-1,0,4,9,99,0,0,2,1,-1,1,1,56,9,-1,-1,-1,-1,6,E01001565,0,2
2025411569546,2025,411569546,2,98,-1,-1,-1,-1,-1,-1,-1,-1,-1,-1,-1,0,-1,9,-1,6,3,-1,-1,-1,-1,-1,-1,-1,-1,0,-1
2025411569610,2025,411569610,2,9,-1,-1,-1,-1,-1,-1,-1,-1,-1,-1,-1,0,2,9,-1,9,2,29,6,-1,-1,-1,-1,6,E01035562,0,1
2025411569610,2025,411569610,1,9,-1,-1,-1,-1,-1,-1,-1,-1,-1,-1,-1,0,1,9,-1,6,1,39,7,-1,-1,-1,-1,3,E01015731,0,3
2025411569670,2025,411569670,2,3,0,-1,19,2,6,-1,0,8,0,0,0,0,4,1,-1,1,1,39,7,-1,-1,-1,-1,6,E01023564,0,1
2025411569670,2025,411569670,1,9,0,-1,19,2,6,-1,0,8,0,0,0,0,3,1,-1,1,1,59,9,-1,-1,-1,-1,8,E01023907,0,3
2025411569678,2025,411569678,2,3,-1,-1,3,7,3,-1,0,1,0,0,0,0,2,1,-1,9,1,31,6,-1,-1,-1,-1,6,E01000629,0,3
2025411569678,2025,411569678,1,9,0,-1,19,7,3,-1,0,1,0,0,0,0,1,1,-1,6,1,42,7,-1,-1,-1,-1,6,E01035580,0,1
2025411569701,2025,411569701,1,19,0,-1,1,1,5,-1,0,1,0,0,0,0,2,9,-1,6,3,-1,-1,-1,-1,-1,-1,-1,-1,0,-1
2025411569701,2025,411569701,2,97,0,-1,4,5,1,-1,0,1,0,0,0,0,1,1,-1,1,1,22,5,-1,-1,-1,-1,10,E01023595,0,2
2025411569760,2025,411569760,1,9,0,-1,19,-1,-1,-1,0,0,1,0,3,0,2,1,-1,2,2,51,8,-1,-1,-1,-1,8,E01034446,0,4
2025411569760,2025,411569760,2,8,0,-1,-1,-1,-1,-1,-1,0,-1,-1,-1,0,-1,1,-1,6,1,49,8,-1,-1,-1,-1,4,E01016474,0,4
2025411569841,2025,411569841,1,19,1,-1,99,-1,-1,-1,99,0,0,1,0,0,1,2,-1,6,1,55,8,-1,-1,-1,-1,4,E01027320,0,4
2025411569841,2025,411569841,2,19,0,-1,99,-1,-1,-1,99,0,0,1,0,0,1,1,-1,6,3,-1,-1,-1,-1,-1,-1,-1,-1,0,-1
2025411569846,2025,411569846,1,9,0,-1,19,-1,-1,-1,0,0,9,0,0,0,4,1,-1,6,2,44,7,-1,-1,-1,-1,10,E01023626,0,1
2025411569846,2025,411569846,2,9,-1,-1,-1,-1,-1,-1,-1,0,-1,-1,-1,0,-1,1,-1,6,2,50,8,-1,-1,-1,-1,2,E01015705,0,2
2025411569965,2025,411569965,3,9,0,-1,2,0,0,-1,0,0,0,0,0,0,1,1,-1,6,-1,-1,-1,-1,-1,-1,-1,-1,-1,0,-1
2025411569965,2025,411569965,1,9,0,-1,19,3,7,-1,0,0,0,4,0,0,1,1,-1,6,1,28,6,-1,-1,-1,-1,4,E01023346,0,2
2025411569965,2025,411569965,2,9,0,-1,2,0,0,-1,0,0,0,0,0,0,1,1,-1,6,-1,-1,-1,-1,-1,-1,-1,-1,-1,0,-1
2025411569965,2025,411569965,4,9,0,-1,19,3,7,-1,0,0,0,0,0,0,1,1,-1,6,1,30,6,-1,-1,-1,-1,10,E01023379,0,1
2025411570028,2025,411570028,1,9,0,-1,19,6,1,-1,0,0,2,10,2,0,1,1,-1,6,1,32,6,-1,-1,-1,-1,9,E01015809,0,4
2025411570156,2025,411570156,3,98,4,-1,19,1,5,-1,0,0,0,0,0,0,0,1,-1,1,1,45,7,-1,-1,-1,-1,6,E01025107,0,5
2025411570156,2025,411570156,2,98,0,-1,4,1,5,-1,0,0,0,0,0,0,2,2,-1,1,1,51,8,-1,-1,-1,-1,5,E01029953,0,4
2025411570156,2025,411570156,1,98,0,-1,19,1,5,-1,0,0,0,0,0,0,1,1,-1,1,1,39,7,-1,-1,-1,-1,5,E01023868,0,4
2025411570300,2025,411570300,1,9,0,-1,-1,-1,-1,-1,-1,0,-1,-1,-1,0,-1,1,-1,6,1,37,7,-1,-1,-1,-1,10,E01016608,0,4
2025411570471,2025,411570471,1,90,0,-1,19,7,3,-1,0,2,0,0,0,0,1,1,-1,1,1,60,9,-1,-1,-1,-1,6,E01002165,0,4
2025411570494,2025,411570494,1,98,1,-1,19,1,2,-1,0,0,0,5,0,0,1,1,-1,1,1,62,9,-1,-1,-1,-1,4,E01023358,0,3
2025411570494,2025,411570494,2,9,0,-1,19,2,6,-1,0,0,0,0,0,0,1,1,-1,6,1,66,10,-1,-1,-1,-1,10,E01023812,0,1
2025411570499,2025,411570499,2,1,0,-1,11,1,5,-1,0,2,0,0,0,0,2,1,-1,6,1,82,11,-1,-1,-1,-1,10,E01023803,0,1
2025411570499,2025,411570499,1,9,0,-1,19,1,5,-1,0,2,0,0,0,0,1,1,-1,9,2,24,5,-1,-1,-1,-1,6,E01023414,0,2
2025411570521,2025,411570521,1,9,0,-1,3,4,8,-1,0,0,0,0,0,0,2,1,-1,1,2,37,7,-1,-1,-1,-1,9,E01023509,0,2
2025411570521,2025,411570521,2,9,0,-1,19,4,8,-1,0,0,0,0,0,0,1,1,-1,6,1,45,7,-1,-1,-1,-1,4,E01023775,0,1
2025411570574,2025,411570574,1,9,0,-1,19,5,1,-1,0,0,1,0,5,6,1,1,-1,9,1,40,7,-1,-1,-1,-1,5,E01015717,0,4
2025411570618,2025,411570618,2,9,0,-1,19,3,7,-1,0,0,0,0,0,0,4,1,-1,6,2,18,4,-1,-1,-1,-1,4,E01023794,0,3
2025411570618,2025,411570618,1,9,0,-1,9,2,7,-1,0,0,0,0,0,0,1,1,-1,6,1,27,6,-1,-1,-1,-1,6,E01015800,0,3
2025411570618,2025,411570618,3,9,0,-1,3,7,3,-1,0,0,0,0,0,0,3,1,-1,6,2,29,6,-1,-1,-1,-1,8,E01018270,0,4
2025411570665,2025,411570665,1,9,-1,-1,-1,-1,-1,-1,-1,0,-1,-1,-1,0,-1,9,-1,6,3,-1,-1,-1,-1,-1,-1,-1,-1,0,-1
2025411570750,2025,411570750,1,9,0,-1,19,-1,-1,-1,0,0,0,0,0,0,1,1,-1,9,2,53,8,-1,-1,-1,-1,10,E01023908,0,1
2025411570750,2025,411570750,2,98,0,-1,9,-1,-1,-1,0,0,0,99,0,0,1,1,-1,6,3,-1,-1,-1,-1,-1,-1,-1,-1,0,-1
2025411570949,2025,411570949,1,9,0,-1,7,2,4,-1,0,0,0,0,0,0,1,1,-1,6,1,31,6,-1,-1,-1,-1,7,E01015719,0,2
2025411570950,2025,411570950,2,9,0,-1,3,5,1,-1,0,1,0,0,0,0,2,1,-1,9,1,51,8,-1,-1,-1,-1,9,E01017613,0,4
2025411570950,2025,411570950,1,9,0,-1,3,5,1,-1,0,1,0,0,0,0,1,1,-1,6,2,-1,-1,-1,-1,-1,-1,6,E01017962,0,4
2025411570953,2025,411570953,1,9,0,-1,19,5,1,-1,0,0,5,10,0,0,3,1,-1,6,2,45,7,-1,-1,-1,-1,7,E01023754,0,1
2025411571522,2025,411571522,2,1,0,-1,19,8,4,-1,4,8,0,0,0,0,1,1,-1,6,1,18,4,-1,-1,-1,-1,8,E01023528,0,1
2025411571522,2025,411571522,1,9,0,-1,19,2,8,-1,0,1,0,0,0,0,1,1,-1,6,2,47,8,-1,-1,-1,-1,5,E01023386,0,2
2025411571565,2025,411571565,1,9,0,-1,4,2,6,-1,0,0,0,0,0,0,4,1,-1,1,1,61,9,-1,-1,-1,-1,7,E01023901,0,1
2025411571678,2025,411571678,1,9,0,-1,10,6,3,-1,0,0,0,0,0,0,3,1,-1,7,2,38,7,-1,-1,-1,-1,10,E01023460,0,1
2025411571678,2025,411571678,2,90,0,-1,10,5,1,-1,0,0,0,0,0,0,1,1,-1,6,1,16,4,-1,-1,-1,-1,10,E01023460,0,1
2025411571978,2025,411571978,2,9,0,-1,2,0,0,-1,0,0,0,0,0,0,2,1,-1,1,1,32,6,-1,-1,-1,-1,4,E01017535,0,4
2025411571978,2025,411571978,1,9,0,-1,19,1,5,-1,0,0,0,4,0,0,1,1,-1,1,1,38,7,-1,-1,-1,-1,4,E01015785,0,3
2025411572022,2025,411572022,1,9,0,-1,9,1,5,-1,0,6,0,0,0,0,3,1,-1,9,1,81,11,-1,-1,-1,-1,10,E01023908,0,1
2025411572022,2025,411572022,2,9,0,-1,19,7,3,-1,0,8,0,0,0,0,1,1,-1,1,1,39,7,-1,-1,-1,-1,6,E01002122,0,3
2025411572058,2025,411572058,2,9,-1,-1,-1,-1,-1,-1,-1,-1,-1,-1,-1,0,2,9,-1,6,1,40,7,-1,-1,-1,-1,4,E01023788,0,1
2025411572058,2025,411572058,1,9,-1,-1,-1,-1,-1,-1,-1,-1,-1,-1,-1,0,-1,9,-1,6,3,-1,-1,-1,-1,-1,-1,-1,-1,0,-1
2025411572088,2025,411572088,2,9,0,-1,19,6,7,-1,0,1,0,0,0,0,1,1,-1,6,1,23,5,-1,-1,-1,-1,4,E01023387,0,1
2025411572088,2025,411572088,1,9,0,-1,8,6,7,-1,0,1,0,-1,0,0,2,1,-1,7,2,35,6,-1,-1,-1,-1,10,E01023371,0,2
2025411572104,2025,411572104,1,9,-1,-1,-1,-1,-1,-1,-1,0,-1,-1,-1,0,-1,1,-1,6,1,75,10,-1,-1,-1,-1,6,E01028971,0,5
2025411572104,2025,411572104,2,9,-1,-1,-1,-1,-1,-1,-1,0,-1,-1,-1,0,-1,1,-1,6,1,36,7,-1,-1,-1,-1,10,E01023803,0,1
2025411572145,2025,411572145,1,9,0,-1,19,7,3,-1,0,0,0,0,0,0,1,1,-1,6,1,52,8,-1,-1,-1,-1,2,E01000056,0,4
2025411572145,2025,411572145,3,9,0,-1,4,7,3,-1,0,0,0,0,0,0,2,1,-1,6,2,26,6,-1,-1,-1,-1,4,E01023842,0,3
2025411572145,2025,411572145,2,9,0,-1,4,7,3,-1,0,0,0,0,0,0,2,1,-1,6,2,51,8,-1,-1,-1,-1,5,E01020969,0,5
2025411572169,2025,411572169,2,9,0,-1,19,7,3,-1,0,0,1,0,2,7,3,1,-1,6,2,52,8,-1,-1,-1,-1,8,E01023407,0,2
2025411572169,2025,411572169,1,9,0,-1,13,7,3,-1,0,0,1,0,4,6,4,1,-1,6,1,37,7,-1,-1,-1,-1,10,E01023425,0,4
2025411572199,2025,411572199,2,9,0,-1,12,5,1,-1,0,1,0,0,0,0,3,1,-1,6,1,92,11,-1,-1,-1,-1,3,E01015843,0,4
2025411572199,2025,411572199,1,3,0,-1,19,5,1,-1,0,1,0,0,0,0,4,1,-1,1,1,33,6,-1,-1,-1,-1,6,E01002170,0,2
2025411572499,2025,411572499,1,9,0,-1,19,2,6,-1,0,4,0,0,0,0,1,1,-1,6,2,43,7,-1,-1,-1,-1,9,E01023479,0,2
2025411572499,2025,411572499,2,4,0,-1,19,3,6,-1,0,4,0,0,0,0,3,1,-1,6,1,41,7,-1,-1,-1,-1,6,E01023915,0,1
2025411572592,2025,411572592,1,4,-1,-1,99,-1,-1,-1,99,0,9,99,0,0,1,1,-1,2,1,25,5,-1,-1,-1,-1,3,E01023865,0,2
2025411572592,2025,411572592,2,19,0,-1,99,-1,-1,-1,99,0,9,99,0,0,2,1,-1,6,1,51,8,-1,-1,-1,-1,9,E01035246,0,4
2025411572617,2025,411572617,3,9,0,-1,4,3,7,-1,0,0,0,0,0,0,1,1,-1,1,1,25,5,-1,-1,-1,-1,7,E01029974,0,5
2025411572617,2025,411572617,2,98,0,-1,4,3,7,-1,0,0,0,0,0,0,1,1,-1,1,1,46,8,-1,-1,-1,-1,2,E01002072,0,3
2025411572617,2025,411572617,1,98,0,-1,4,3,7,-1,0,0,0,0,0,0,2,1,-1,1,1,53,8,-1,-1,-1,-1,5,E01019689,0,5
2025411572645,2025,411572645,3,9,0,-1,3,1,5,-1,0,0,0,0,0,0,2,1,-1,6,1,32,6,-1,-1,-1,-1,4,E01000402,0,4
2025411572645,2025,411572645,2,9,0,-1,3,1,5,-1,0,0,0,0,0,0,2,1,-1,6,1,37,7,-1,-1,-1,-1,9,E01023406,0,1
2025411572645,2025,411572645,1,9,0,-1,4,1,5,-1,0,0,0,0,0,0,1,1,-1,6,1,77,11,-1,-1,-1,-1,4,E01023883,0,2
2025411572646,2025,411572646,2,9,0,-1,19,4,8,-1,0,1,0,0,0,0,1,1,-1,1,1,46,8,-1,-1,-1,-1,2,E01001507,0,4
2025411572646,2025,411572646,1,19,0,-1,9,4,8,-1,0,1,0,0,0,0,2,1,-1,1,1,49,8,-1,-1,-1,-1,10,E01030326,0,4
2025411572728,2025,411572728,3,19,0,-1,4,4,8,-1,0,0,0,0,0,0,3,1,-1,1,1,43,7,-1,-1,-1,-1,9,E01017635,0,3
2025411572728,2025,411572728,2,9,0,-1,4,4,8,-1,0,0,0,0,0,0,1,1,-1,1,2,26,6,-1,-1,-1,-1,3,E01023951,0,4
2025411572728,2025,411572728,1,9,0,-1,4,4,8,-1,0,0,0,0,0,0,2,1,-1,6,1,24,5,-1,-1,-1,-1,4,E01017667,0,3
2025411572769,2025,411572769,1,9,0,-1,9,-1,-1,-1,0,5,0,0,0,0,1,1,-1,9,1,33,6,-1,-1,-1,-1,5,E01023727,0,2
2025411572923,2025,411572923,2,9,0,-1,19,-1,-1,-1,0,0,0,0,0,0,3,1,-1,6,2,38,7,-1,-1,-1,-1,7,E01023618,0,1