collision_index,collision_year,collision_ref_no,vehicle_reference,vehicle_type,towing_and_articulation,vehicle_manoeuvre_historic,vehicle_manoeuvre,vehicle_direction_from,vehicle_direction_to,vehicle_location_restricted_lane_historic,vehicle_location_restricted_lane,junction_location,skidding_and_overturning,hit_object_in_carriageway,vehicle_leaving_carriageway,hit_object_off_carriageway,first_point_of_impact,vehicle_left_hand_drive,journey_purpose_of_driver_historic,journey_purpose_of_driver,sex_of_driver,age_of_driver,age_band_of_driver,engine_capacity_cc,propulsion_code,age_of_vehicle,generic_make_model,driver_imd_decile,lsoa_of_driver,escooter_flag,driver_distance_banding
2025411572923,2025,411572923,3,98,0,-1,10,-1,-1,-1,0,0,0,0,0,0,9,1,-1,1,3,-1,-1,-1,-1,-1,-1,-1,-1,0,-1
2025411572923,2025,411572923,1,9,0,-1,19,-1,-1,-1,0,0,0,0,0,0,2,1,-1,2,2,46,8,-1,-1,-1,-1,10,E01033024,0,2
2025411572943,2025,411572943,3,9,0,-1,2,0,0,-1,0,0,0,0,0,0,1,1,-1,6,-1,-1,-1,-1,-1,-1,-1,-1,-1,0,-1
2025411572943,2025,411572943,2,9,0,-1,2,0,0,-1,0,0,0,0,0,0,3,1,-1,6,-1,-1,-1,-1,-1,-1,-1,-1,-1,0,-1
2025411572943,2025,411572943,1,9,0,-1,-1,-1,-1,-1,-1,0,5,-1,-1,0,1,1,-1,6,1,19,4,-1,-1,-1,-1,6,E01023583,0,2
2025411573113,2025,411573113,2,9,0,-1,19,4,8,-1,0,0,0,0,0,0,1,1,-1,6,2,80,11,-1,-1,-1,-1,10,E01023711,0,1
2025411573113,2025,411573113,1,97,0,-1,2,4,8,-1,0,0,0,0,0,0,4,1,-1,1,1,34,6,-1,-1,-1,-1,8,E01015707,0,3
2025411573176,2025,411573176,2,9,0,-1,19,6,2,-1,0,0,9,0,0,0,1,1,-1,6,1,33,6,-1,-1,-1,-1,3,E01000291,0,4
2025411573176,2025,411573176,1,9,0,-1,4,6,2,-1,0,0,0,0,0,0,2,1,-1,1,1,32,6,-1,-1,-1,-1,8,E01034436,0,4
2025411573446,2025,411573446,2,9,0,-1,9,7,5,-1,0,8,0,0,0,0,1,1,-1,6,1,46,8,-1,-1,-1,-1,3,E01023866,0,1
2025411573446,2025,411573446,1,3,0,-1,19,3,7,-1,0,8,0,0,0,0,3,1,-1,2,1,34,6,-1,-1,-1,-1,5,E01035577,0,1
2025411573448,2025,411573448,1,9,0,-1,19,5,1,-1,0,0,0,0,0,0,1,1,-1,6,1,36,7,-1,-1,-1,-1,8,E01015805,0,3
2025411573448,2025,411573448,2,9,0,-1,19,5,1,-1,0,0,0,0,0,0,2,1,-1,6,1,61,9,-1,-1,-1,-1,9,E01008023,0,5
2025411573531,2025,411573531,2,19,0,-1,19,5,1,-1,0,1,0,0,0,0,1,1,-1,6,1,43,7,-1,-1,-1,-1,6,E01023848,0,2
2025411573531,2025,411573531,1,9,0,-1,3,5,1,-1,0,1,0,0,0,0,2,1,-1,2,2,46,8,-1,-1,-1,-1,5,E01023830,0,1
2025411573540,2025,411573540,1,9,0,-1,4,8,4,-1,0,8,0,0,0,0,2,1,-1,2,1,35,6,-1,-1,-1,-1,1,E01004942,0,5
2025411573540,2025,411573540,3,9,0,-1,4,8,4,-1,0,8,0,0,0,0,1,1,-1,2,2,39,7,-1,-1,-1,-1,7,E01023832,0,1
2025411573540,2025,411573540,2,19,0,-1,4,8,4,-1,0,8,0,0,0,0,1,1,-1,2,1,34,6,-1,-1,-1,-1,10,E01023802,0,1
2025411573547,2025,411573547,1,9,0,-1,2,7,3,-1,0,1,0,0,0,0,2,1,-1,9,1,54,8,-1,-1,-1,-1,-1,-1,0,-1
2025411573547,2025,411573547,2,9,0,-1,14,7,3,-1,0,1,0,0,0,0,1,9,-1,6,3,-1,-1,-1,-1,-1,-1,-1,-1,0,-1
2025411573564,2025,411573564,1,9,0,-1,19,4,8,-1,0,2,0,0,0,0,4,1,-1,9,1,25,5,-1,-1,-1,-1,7,E01015764,0,4
2025411573564,2025,411573564,2,9,0,-1,15,4,8,-1,0,2,0,0,0,0,2,1,-1,2,2,29,6,-1,-1,-1,-1,7,E01002438,0,2
2025411573642,2025,411573642,1,3,0,-1,13,4,8,-1,0,1,0,0,0,0,1,1,-1,9,1,22,5,-1,-1,-1,-1,5,E01023535,0,2
2025411573642,2025,411573642,2,3,0,-1,9,4,2,-1,0,1,0,0,0,0,3,1,-1,6,1,25,5,-1,-1,-1,-1,4,E01023560,0,1
2025411573708,2025,411573708,1,9,0,-1,5,4,8,-1,0,4,0,0,0,0,1,1,-1,9,2,45,7,-1,-1,-1,-1,9,E01023629,0,1
2025411573708,2025,411573708,2,9,0,-1,19,2,6,-1,0,8,0,0,1,1,4,1,-1,9,1,41,7,-1,-1,-1,-1,8,E01023753,0,1
2025411574212,2025,411574212,1,9,0,-1,9,-1,-1,-1,99,0,9,99,0,0,1,1,-1,6,1,28,6,-1,-1,-1,-1,1,E01005953,0,5
2025411574502,2025,411574502,1,9,0,-1,4,-1,-1,-1,0,4,9,0,0,0,2,1,-1,6,1,63,9,-1,-1,-1,-1,5,E01035598,0,3
2025411574502,2025,411574502,2,9,0,-1,5,-1,-1,-1,0,4,9,99,0,0,1,1,-1,6,1,42,7,-1,-1,-1,-1,8,E01023672,0,1
2025411574531,2025,411574531,2,9,0,-1,19,-1,-1,-1,0,0,0,0,0,0,1,1,-1,6,1,53,8,-1,-1,-1,-1,9,E01001422,0,3
2025411574531,2025,411574531,1,9,0,-1,3,-1,-1,-1,0,0,0,0,0,0,2,1,-1,9,2,25,5,-1,-1,-1,-1,7,E01033974,0,4
2025411574534,2025,411574534,2,9,-1,-1,-1,-1,-1,-1,-1,-1,-1,-1,-1,0,-1,9,-1,6,1,-1,-1,-1,-1,-1,-1,5,E01023411,0,1
2025411574534,2025,411574534,1,9,0,-1,4,-1,-1,-1,0,4,0,0,0,0,2,1,-1,6,1,29,6,-1,-1,-1,-1,7,E01023540,0,3
2025411574642,2025,411574642,1,1,0,-1,19,-1,-1,-1,0,3,2,0,0,0,4,1,-1,6,1,57,9,-1,-1,-1,-1,10,E01023745,0,1
2025411574642,2025,411574642,2,9,0,-1,14,-1,-1,-1,0,4,0,0,0,0,4,1,-1,6,2,19,4,-1,-1,-1,-1,7,E01027221,0,4
2025411574733,2025,411574733,1,9,0,-1,19,3,7,-1,0,0,0,0,1,0,1,1,-1,6,1,82,11,-1,-1,-1,-1,9,E01023548,0,1
2025411574733,2025,411574733,2,9,0,-1,19,3,7,-1,0,0,0,0,0,0,1,1,-1,6,1,53,8,-1,-1,-1,-1,9,E01002225,0,1
2025411574744,2025,411574744,4,9,0,-1,19,3,7,-1,0,0,0,0,0,0,2,1,-1,6,1,38,7,-1,-1,-1,-1,10,E01002254,0,4
2025411574744,2025,411574744,2,9,0,-1,19,3,7,-1,0,0,0,0,0,0,2,1,-1,6,1,49,8,-1,-1,-1,-1,5,E01023929,0,3
2025411574744,2025,411574744,1,9,0,-1,19,3,7,-1,0,0,0,0,0,0,1,1,-1,6,1,24,5,-1,-1,-1,-1,3,E01017433,0,4
2025411574744,2025,411574744,3,9,0,-1,19,3,7,-1,0,0,0,0,0,0,2,1,-1,6,1,48,8,-1,-1,-1,-1,4,E01004358,0,3
2025411574813,2025,411574813,1,9,0,-1,19,5,1,-1,0,1,0,0,0,0,3,1,-1,6,2,31,6,-1,-1,-1,-1,9,E01035572,0,1
2025411574839,2025,411574839,2,9,0,-1,13,-1,-1,-1,0,1,0,0,0,0,0,1,-1,6,3,-1,-1,-1,-1,-1,-1,-1,-1,0,-1
2025411574839,2025,411574839,1,1,0,-1,19,-1,-1,-1,0,1,5,10,1,10,1,1,-1,6,1,57,9,-1,-1,-1,-1,8,E01023916,0,3
2025411574960,2025,411574960,1,9,0,-1,5,-1,-1,-1,0,0,0,0,0,0,2,1,-1,6,2,51,8,-1,-1,-1,-1,8,E01002474,0,2
2025411574960,2025,411574960,2,9,-1,-1,-1,-1,-1,-1,-1,0,-1,-1,-1,0,-1,9,-1,6,3,-1,-1,-1,-1,-1,-1,-1,-1,0,-1
2025411574988,2025,411574988,2,4,0,-1,19,8,4,-1,0,8,2,0,0,0,9,1,-1,6,1,20,4,-1,-1,-1,-1,-1,-1,0,-1
2025411574988,2025,411574988,1,9,0,-1,10,2,6,-1,0,1,0,0,0,0,3,1,-1,6,2,52,8,-1,-1,-1,-1,9,E01023811,0,1
2025411575195,2025,411575195,1,9,0,-1,19,6,2,-1,0,0,0,0,0,0,1,1,-1,1,1,47,8,-1,-1,-1,-1,2,E01000151,0,3
2025411575195,2025,411575195,2,19,0,-1,19,6,2,-1,0,0,0,0,0,0,2,1,-1,1,1,27,6,-1,-1,-1,-1,1,E01001517,0,4
2025411575200,2025,411575200,2,9,0,-1,19,-1,-1,-1,0,0,0,0,0,0,1,1,-1,6,1,25,5,-1,-1,-1,-1,5,E01000543,0,4
2025411575200,2025,411575200,1,9,0,-1,4,-1,-1,-1,0,0,0,0,0,0,2,1,-1,2,1,28,6,-1,-1,-1,-1,9,E01023319,0,4
2025411575230,2025,411575230,1,9,0,-1,19,4,8,-1,0,3,0,0,0,0,1,1,-1,7,1,48,8,-1,-1,-1,-1,9,E01023577,0,1
2025411575265,2025,411575265,1,9,0,-1,19,7,3,-1,0,1,1,0,7,0,1,1,-1,2,1,21,5,-1,-1,-1,-1,10,E01023482,0,2
2025411575271,2025,411575271,1,98,1,-1,19,3,7,-1,0,0,0,0,0,0,1,1,-1,1,1,29,6,-1,-1,-1,-1,10,E01017742,0,4
2025411575271,2025,411575271,2,98,1,-1,19,3,7,-1,0,0,0,0,0,0,2,1,-1,1,1,28,6,-1,-1,-1,-1,3,E01003580,0,4
2025411575271,2025,411575271,3,98,1,-1,19,3,7,-1,0,0,0,0,0,0,2,1,-1,1,1,64,9,-1,-1,-1,-1,6,E01023836,0,3
2025411575282,2025,411575282,1,9,0,-1,4,1,1,-1,0,1,0,0,0,0,3,1,-1,6,1,20,4,-1,-1,-1,-1,-1,-1,0,-1
2025411575282,2025,411575282,2,9,-1,-1,-1,-1,-1,-1,-1,1,-1,-1,-1,0,-1,9,-1,6,3,-1,-1,-1,-1,-1,-1,-1,-1,0,-1
2025411575320,2025,411575320,2,9,0,-1,19,8,4,-1,0,1,0,0,0,0,1,1,-1,6,1,54,8,-1,-1,-1,-1,10,E01023749,0,1
2025411575320,2025,411575320,1,9,0,-1,9,4,2,-1,0,1,0,0,0,0,1,1,-1,6,2,49,8,-1,-1,-1,-1,10,E01023686,0,1
2025411575337,2025,411575337,4,9,0,-1,3,-1,-1,-1,0,0,0,1,0,0,1,1,-1,6,3,-1,-1,-1,-1,-1,-1,-1,-1,0,-1
2025411575337,2025,411575337,1,9,0,-1,3,-1,-1,-1,0,0,0,1,0,0,2,1,-1,6,2,59,9,-1,-1,-1,-1,7,E01016277,0,4
2025411575337,2025,411575337,2,9,0,-1,3,-1,-1,-1,0,0,0,1,0,0,2,1,-1,6,3,-1,-1,-1,-1,-1,-1,-1,-1,0,-1
2025411575337,2025,411575337,3,9,0,-1,3,-1,-1,-1,0,0,0,1,0,0,9,1,-1,6,2,-1,-1,-1,-1,-1,-1,-1,-1,0,-1
2025411575363,2025,411575363,2,3,0,-1,19,7,3,-1,0,8,0,0,0,0,4,1,-1,9,1,31,6,-1,-1,-1,-1,8,E01017434,0,4
2025411575363,2025,411575363,1,9,0,-1,19,1,5,-1,0,4,0,0,0,0,1,1,-1,9,2,34,6,-1,-1,-1,-1,4,E01023781,0,1
2025411575697,2025,411575697,1,9,0,-1,19,2,6,-1,0,8,0,0,0,0,1,1,-1,2,1,50,8,-1,-1,-1,-1,5,E01023546,0,3
2025411575697,2025,411575697,2,9,0,-1,9,6,3,-1,0,8,0,0,0,0,2,1,-1,6,1,29,6,-1,-1,-1,-1,4,E01023937,0,2
2025411575767,2025,411575767,1,9,0,-1,1,-1,-1,-1,0,0,0,0,0,0,2,1,-1,9,1,50,8,-1,-1,-1,-1,-1,-1,0,-1
2025411575790,2025,411575790,1,9,0,-1,9,5,2,-1,0,8,0,0,0,0,1,1,-1,6,2,93,11,-1,-1,-1,-1,4,E01023796,0,2
2025411575790,2025,411575790,2,9,0,-1,19,7,3,-1,0,8,0,0,0,0,4,1,-1,6,1,39,7,-1,-1,-1,-1,8,E01017428,0,3
2025411575796,2025,411575796,1,1,0,-1,99,-1,-1,-1,0,0,2,0,0,0,1,1,-1,6,3,-1,-1,-1,-1,-1,-1,-1,-1,0,-1
2025411575800,2025,411575800,1,9,0,-1,12,5,1,-1,0,0,2,0,0,0,3,1,-1,1,1,30,6,-1,-1,-1,-1,2,E01024305,0,4
2025411575800,2025,411575800,2,8,0,-1,11,5,1,-1,0,0,0,0,0,0,4,1,-1,1,1,50,8,-1,-1,-1,-1,7,E01015719,0,3
2025411576081,2025,411576081,1,8,0,-1,19,5,1,-1,0,0,0,0,0,0,1,1,-1,1,1,41,7,-1,-1,-1,-1,5,E01015714,0,4
2025411576100,2025,411576100,2,9,0,-1,8,3,5,-1,0,4,0,0,0,0,2,1,-1,9,2,39,7,-1,-1,-1,-1,2,E01023640,0,2
2025411576100,2025,411576100,1,9,0,-1,8,3,5,-1,0,4,0,0,0,0,1,1,-1,9,2,64,9,-1,-1,-1,-1,10,E01017415,0,3
2025411576134,2025,411576134,1,9,0,-1,20,2,7,-1,0,0,0,7,0,0,0,1,-1,9,2,74,10,-1,-1,-1,-1,9,E01017444,0,2
2025411576143,2025,411576143,2,9,0,-1,4,1,5,-1,0,0,0,0,0,0,1,1,-1,6,2,65,9,-1,-1,-1,-1,6,E01023845,0,1
2025411576143,2025,411576143,3,9,0,-1,4,1,5,-1,0,0,0,0,0,0,2,1,-1,6,2,47,8,-1,-1,-1,-1,10,E01023355,0,3
2025411576143,2025,411576143,1,9,0,-1,4,1,5,-1,0,0,0,0,0,0,2,1,-1,6,1,23,5,-1,-1,-1,-1,10,E01002459,0,2
2025411576345,2025,411576345,1,9,-1,-1,-1,-1,-1,-1,-1,0,-1,-1,-1,0,-1,9,-1,6,1,44,7,-1,-1,-1,-1,10,E01023881,0,1
2025411576354,2025,411576354,1,9,0,-1,-1,-1,-1,-1,-1,-1,-1,-1,-1,0,-1,1,-1,9,1,51,8,-1,-1,-1,-1,8,E01035603,0,2
2025411576354,2025,411576354,2,19,0,-1,-1,-1,-1,-1,-1,-1,-1,-1,-1,0,-1,1,-1,6,1,-1,-1,-1,-1,-1,-1,10,E01023894,0,1
2025411576569,2025,411576569,1,19,0,-1,19,1,5,-1,0,8,0,0,0,0,1,1,-1,6,1,43,7,-1,-1,-1,-1,8,E01023875,0,1
2025411576569,2025,411576569,2,-1,0,-1,19,1,5,-1,0,8,0,0,0,0,4,1,-1,6,1,18,4,-1,-1,-1,-1,4,E01023877,1,1
2025411576686,2025,411576686,1,1,0,-1,19,1,5,-1,0,0,0,0,0,0,1,1,-1,6,1,17,4,-1,-1,-1,-1,8,E01023916,0,1
2025411576720,2025,411576720,1,9,0,-1,1,8,4,-1,9,0,0,0,0,0,2,1,-1,6,2,-1,-1,-1,-1,-1,-1,-1,-1,0,-1
2025411577047,2025,411577047,2,21,1,-1,11,7,3,-1,0,0,0,0,0,0,4,1,-1,6,3,-1,-1,-1,-1,-1,-1,-1,-1,0,-1
2025411577047,2025,411577047,1,9,0,-1,19,7,3,-1,0,0,1,0,0,0,3,1,-1,2,1,43,7,-1,-1,-1,-1,6,E01035606,0,3
2025411577159,2025,411577159,2,9,0,-1,99,3,7,-1,99,8,9,99,9,99,3,1,-1,6,1,46,8,-1,-1,-1,-1,5,E01023427,0,3
2025411577159,2025,411577159,1,9,0,-1,19,3,7,-1,0,3,0,0,0,0,1,1,-1,6,1,66,10,-1,-1,-1,-1,5,E01023905,0,2
2025411577240,2025,411577240,2,9,0,-1,9,-1,-1,-1,0,6,0,0,0,0,1,1,-1,6,2,44,7,-1,-1,-1,-1,6,E01023424,0,1
2025411577240,2025,411577240,1,9,0,-1,19,-1,-1,-1,0,8,0,0,0,0,4,1,-1,7,2,43,7,-1,-1,-1,-1,6,E01023424,0,1
2025411577498,2025,411577498,1,9,0,-1,19,1,5,-1,0,0,0,0,0,0,1,1,-1,6,1,28,6,-1,-1,-1,-1,4,E01023781,0,1
2025411577498,2025,411577498,3,9,0,-1,10,1,5,-1,0,0,0,0,0,0,2,1,-1,9,2,67,10,-1,-1,-1,-1,6,E01023600,0,1
2025411577498,2025,411577498,2,5,0,-1,4,1,5,-1,0,0,0,0,0,0,2,1,-1,6,1,25,5,-1,-1,-1,-1,6,E01023761,0,1
2025411577512,2025,411577512,1,5,0,-1,19,5,1,-1,0,2,5,0,0,0,3,1,-1,6,1,35,6,-1,-1,-1,-1,8,E01023872,0,1
2025411577512,2025,411577512,2,9,0,-1,99,3,5,-1,0,6,0,0,0,0,3,1,-1,1,1,31,6,-1,-1,-1,-1,8,E01023884,0,1
2025411577606,2025,411577606,2,9,0,-1,19,1,5,-1,0,8,0,0,0,0,1,1,-1,1,2,46,8,-1,-1,-1,-1,4,E01023788,0,1
2025411577606,2025,411577606,1,9,0,-1,7,3,1,-1,0,8,0,0,0,0,3,1,-1,7,1,42,7,-1,-1,-1,-1,7,E01023771,0,1
2025411577677,2025,411577677,2,9,0,-1,19,7,3,-1,0,0,0,0,0,0,4,1,-1,1,1,46,8,-1,-1,-1,-1,3,E01001445,0,4
2025411577677,2025,411577677,1,9,0,-1,5,7,3,-1,0,0,0,0,0,0,3,1,-1,1,2,49,8,-1,-1,-1,-1,7,E01017446,0,1
2025411577679,2025,411577679,1,98,1,-1,12,3,7,-1,0,0,0,0,0,0,1,2,-1,1,1,60,9,-1,-1,-1,-1,-1,-1,0,-1
2025411577679,2025,411577679,2,9,0,-1,19,3,7,-1,0,0,0,0,0,0,4,1,-1,2,1,38,7,-1,-1,-1,-1,4,E01001465,0,3
2025411577680,2025,411577680,1,9,0,-1,19,8,3,-1,0,1,0,0,0,0,1,1,-1,6,2,56,9,-1,-1,-1,-1,10,E01023510,0,1
2025411577680,2025,411577680,2,9,0,-1,19,4,8,-1,0,2,0,0,0,0,1,1,-1,6,2,43,7,-1,-1,-1,-1,9,E01023467,0,3
2025411577729,2025,411577729,2,19,0,-1,19,6,2,-1,0,1,0,0,0,0,4,1,-1,1,1,48,8,-1,-1,-1,-1,7,E01023435,0,3
2025411577729,2025,411577729,1,19,0,-1,12,2,4,-1,0,1,0,0,0,0,3,1,-1,1,1,47,8,-1,-1,-1,-1,5,E01023638,0,4
2025411577745,2025,411577745,1,1,0,-1,19,5,2,-1,9,1,0,0,0,0,1,1,-1,6,3,-1,-1,-1,-1,-1,-1,-1,-1,0,-1
2025411577748,2025,411577748,2,19,-1,-1,-1,-1,-1,-1,-1,0,-1,-1,-1,0,-1,9,-1,6,3,-1,-1,-1,-1,-1,-1,-1,-1,0,-1
2025411577748,2025,411577748,1,3,0,-1,-1,-1,-1,-1,-1,0,-1,-1,-1,0,-1,1,-1,9,1,32,6,-1,-1,-1,-1,5,E01034480,0,3
2025411577786,2025,411577786,2,9,0,-1,3,6,2,-1,0,0,0,0,0,0,2,1,-1,9,2,52,8,-1,-1,-1,-1,6,E01023671,0,3
2025411577786,2025,411577786,1,9,0,-1,4,6,2,-1,0,0,0,0,0,0,1,1,-1,9,1,66,10,-1,-1,-1,-1,7,E01023351,0,3
2025411577792,2025,411577792,2,3,0,-1,19,8,4,-1,0,8,0,0,0,0,1,1,-1,6,1,26,6,-1,-1,-1,-1,7,E01023923,0,1
2025411577792,2025,411577792,1,19,0,-1,10,3,8,-1,0,2,0,0,0,0,4,1,-1,6,1,35,6,-1,-1,-1,-1,8,E01023311,0,2
2025411577802,2025,411577802,1,9,0,-1,13,6,2,-1,0,1,0,0,0,0,4,1,-1,6,2,33,6,-1,-1,-1,-1,10,E01023483,0,4
2025411577802,2025,411577802,2,1,0,-1,12,6,2,-1,0,1,0,0,0,0,3,1,-1,6,1,62,9,-1,-1,-1,-1,6,E01023413,0,1
2025411577809,2025,411577809,2,9,0,-1,2,0,0,-1,9,0,0,0,0,0,1,1,-1,6,-1,-1,-1,-1,-1,-1,-1,-1,-1,0,-1
2025411577809,2025,411577809,1,9,0,-1,7,3,7,-1,0,0,0,4,0,0,1,1,-1,7,2,78,11,-1,-1,-1,-1,4,E01023805,0,1
2025411578053,2025,411578053,1,19,0,-1,7,6,8,-1,0,8,0,0,0,0,1,1,-1,2,1,59,9,-1,-1,-1,-1,10,E01017935,0,4
2025411578053,2025,411578053,2,1,0,-1,19,8,4,-1,0,1,0,0,0,0,2,1,-1,6,1,63,9,-1,-1,-1,-1,10,E01023887,0,1
2025411578154,2025,411578154,2,1,0,-1,19,3,8,-1,0,3,0,0,0,0,4,1,-1,6,1,55,8,-1,-1,-1,-1,10,E01023664,0,1
2025411578154,2025,411578154,1,9,0,-1,19,7,3,-1,0,3,0,0,0,0,1,1,-1,6,1,-1,-1,-1,-1,-1,-1,9,E01023712,0,1
2025411578187,2025,411578187,2,9,0,-1,4,5,1,-1,0,0,0,0,0,0,2,1,-1,6,1,21,5,-1,-1,-1,-1,4,E01034027,0,4
2025411578187,2025,411578187,4,9,0,-1,4,5,1,-1,0,0,0,0,0,0,2,1,-1,6,1,49,8,-1,-1,-1,-1,3,E01017580,0,3
2025411578187,2025,411578187,1,9,0,-1,4,5,1,-1,0,0,1,0,0,0,1,1,-1,6,1,31,6,-1,-1,-1,-1,4,E01015734,0,2
2025411578187,2025,411578187,3,19,0,-1,4,5,1,-1,0,0,0,0,0,0,2,1,-1,6,1,41,7,-1,-1,-1,-1,9,E01017585,0,3
2025411578189,2025,411578189,2,9,0,-1,8,3,5,-1,0,6,0,0,0,0,3,1,-1,9,1,19,4,-1,-1,-1,-1,7,-1,0,5
2025411578189,2025,411578189,1,9,0,-1,19,5,1,-1,0,1,0,0,0,0,1,1,-1,9,1,78,11,-1,-1,-1,-1,7,E01023480,0,1
2025411578275,2025,411578275,1,9,0,-1,9,7,3,-1,0,6,0,0,0,0,4,1,-1,7,2,47,8,-1,-1,-1,-1,5,E01023827,0,1
2025411578275,2025,411578275,2,9,0,-1,5,1,3,-1,0,6,0,0,0,0,1,1,-1,6,1,77,11,-1,-1,-1,-1,5,E01023827,0,1
2025411578405,2025,411578405,1,3,0,-1,7,-1,-1,-1,0,4,0,0,0,0,2,1,-1,2,1,24,5,-1,-1,-1,-1,3,E01000130,0,1
2025411578405,2025,411578405,2,9,0,-1,7,-1,-1,-1,0,4,0,0,0,0,9,1,-1,6,1,21,5,-1,-1,-1,-1,-1,-1,0,-1
2025411578597,2025,411578597,2,9,0,-1,19,5,1,-1,0,0,0,0,0,0,1,1,-1,6,1,33,6,-1,-1,-1,-1,5,E01015775,0,3
2025411578597,2025,411578597,1,98,1,-1,4,5,1,-1,0,0,0,0,0,0,2,1,-1,1,1,39,7,-1,-1,-1,-1,9,E01034426,0,4
2025411578642,2025,411578642,4,9,0,-1,12,5,1,-1,0,0,0,0,0,0,0,1,-1,6,-1,-1,-1,-1,-1,-1,-1,-1,-1,0,-1
2025411578642,2025,411578642,2,9,0,-1,14,5,1,-1,0,0,0,0,0,0,2,1,-1,6,1,54,8,-1,-1,-1,-1,8,E01030333,0,4
2025411578642,2025,411578642,3,9,0,-1,2,5,1,-1,0,0,0,0,0,0,0,1,-1,6,1,42,7,-1,-1,-1,-1,2,E01015733,0,4
2025411578642,2025,411578642,1,9,0,-1,11,5,1,-1,0,0,0,0,0,0,1,1,-1,6,1,21,5,-1,-1,-1,-1,-1,-1,0,-1
2025411578858,2025,411578858,1,-1,0,-1,-1,-1,-1,-1,-1,0,-1,-1,-1,0,-1,1,-1,6,3,-1,-1,-1,-1,-1,-1,-1,-1,1,-1
2025411579095,2025,411579095,1,9,0,-1,5,6,2,-1,0,4,0,0,0,0,3,1,-1,2,1,56,9,-1,-1,-1,-1,7,E01023892,0,3
2025411579095,2025,411579095,2,9,0,-1,9,2,8,-1,0,8,0,0,0,0,1,1,-1,6,2,61,9,-1,-1,-1,-1,9,E01023674,0,1
2025411579642,2025,411579642,1,9,0,-1,8,-1,-1,-1,0,0,0,0,0,0,2,1,-1,6,2,54,8,-1,-1,-1,-1,10,E01023586,0,2
2025411579642,2025,411579642,2,98,-1,-1,-1,-1,-1,-1,-1,0,-1,-1,-1,0,-1,9,-1,6,3,-1,-1,-1,-1,-1,-1,-1,-1,0,-1
2025411579734,2025,411579734,1,9,0,-1,99,-1,-1,-1,99,0,9,99,9,99,2,1,-1,6,2,24,5,-1,-1,-1,-1,5,E01033522,0,4
2025411579912,2025,411579912,1,5,0,-1,19,5,1,-1,0,0,2,10,0,0,3,1,-1,6,1,32,6,-1,-1,-1,-1,4,E01023333,0,1
2025411579912,2025,411579912,2,9,0,-1,4,5,1,-1,0,0,0,0,0,0,0,1,-1,1,1,-1,-1,-1,-1,-1,-1,2,E01035570,0,4
2025411580452,2025,411580452,1,9,0,-1,19,2,6,-1,0,1,0,0,0,0,4,1,-1,6,1,-1,-1,-1,-1,-1,-1,-1,-1,0,-1
2025411580485,2025,411580485,1,9,0,-1,7,2,4,-1,0,0,1,0,1,4,1,1,-1,9,1,19,4,-1,-1,-1,-1,6,E01023683,0,1
2025411580565,2025,411580565,1,9,0,-1,5,5,1,-1,0,2,0,1,0,0,1,1,-1,6,1,59,9,-1,-1,-1,-1,10,E01016246,0,4
2025411580565,2025,411580565,2,9,0,-1,5,1,3,-1,0,1,0,0,0,0,1,1,-1,6,1,76,11,-1,-1,-1,-1,10,E01023410,0,1
2025411580602,2025,411580602,2,9,0,-1,19,4,8,-1,0,8,0,0,0,0,2,1,-1,6,1,62,9,-1,-1,-1,-1,5,E01015723,0,4
2025411580602,2025,411580602,1,9,0,-1,19,4,8,-1,0,8,0,0,0,0,1,1,-1,6,1,55,8,-1,-1,-1,-1,10,E01005020,0,5
2025411580632,2025,411580632,1,9,0,-1,5,2,5,-1,0,0,0,0,0,0,1,1,-1,6,2,73,10,-1,-1,-1,-1,2,E01023397,0,2
2025411580632,2025,411580632,2,1,0,-1,5,2,5,-1,0,0,0,0,0,0,2,1,-1,6,2,80,11,-1,-1,-1,-1,10,E01023675,0,1
2025411580763,2025,411580763,2,19,0,-1,4,-1,-1,-1,0,1,0,99,0,0,4,1,-1,6,1,-1,-1,-1,-1,-1,-1,9,E01023731,0,1
2025411580763,2025,411580763,1,1,0,-1,19,-1,-1,-1,0,1,5,0,0,0,3,1,-1,6,1,29,6,-1,-1,-1,-1,10,E01002196,0,3
2025411580865,2025,411580865,1,9,0,-1,3,5,1,-1,0,0,0,0,0,0,1,1,-1,6,1,48,8,-1,-1,-1,-1,2,E01002767,0,4
2025411580865,2025,411580865,2,9,0,-1,3,5,1,-1,0,0,0,0,0,0,3,1,-1,6,1,32,6,-1,-1,-1,-1,2,E01000604,0,3
2025411580867,2025,411580867,1,9,0,-1,19,1,5,-1,0,2,0,0,0,0,3,1,-1,9,1,35,6,-1,-1,-1,-1,7,E01023335,0,1
2025411580887,2025,411580887,3,9,0,-1,7,5,7,-1,0,6,0,0,0,0,2,1,-1,6,2,31,6,-1,-1,-1,-1,7,E01023888,0,1
2025411580887,2025,411580887,2,9,0,-1,3,5,1,-1,0,2,0,0,0,0,1,1,-1,6,2,43,7,-1,-1,-1,-1,5,E01023905,0,1
2025411580887,2025,411580887,1,9,0,-1,15,5,1,-1,0,6,0,0,0,0,1,1,-1,6,1,37,7,-1,-1,-1,-1,8,E01023907,0,1
2025411580901,2025,411580901,1,21,1,-1,19,1,6,-1,0,0,0,0,0,0,3,2,-1,1,1,45,7,-1,-1,-1,-1,-1,-1,0,-1
2025411580901,2025,411580901,2,9,0,-1,11,1,6,-1,0,0,0,0,0,0,4,1,-1,6,2,55,8,-1,-1,-1,-1,9,E01002458,0,3