collision_index,collision_year,collision_ref_no,vehicle_reference,vehicle_type,towing_and_articulation,vehicle_manoeuvre_historic,vehicle_manoeuvre,vehicle_direction_from,vehicle_direction_to,vehicle_location_restricted_lane_historic,vehicle_location_restricted_lane,junction_location,skidding_and_overturning,hit_object_in_carriageway,vehicle_leaving_carriageway,hit_object_off_carriageway,first_point_of_impact,vehicle_left_hand_drive,journey_purpose_of_driver_historic,journey_purpose_of_driver,sex_of_driver,age_of_driver,age_band_of_driver,engine_capacity_cc,propulsion_code,age_of_vehicle,generic_make_model,driver_imd_decile,lsoa_of_driver,escooter_flag,driver_distance_banding
2025411598127,2025,411598127,1,9,0,-1,19,3,7,-1,0,1,1,0,0,0,1,1,-1,6,2,43,7,-1,-1,-1,-1,8,E01023312,0,3
2025411598127,2025,411598127,3,9,0,-1,9,7,5,-1,0,1,0,0,0,0,1,1,-1,6,2,51,8,-1,-1,-1,-1,9,E01017414,0,4
2025411598130,2025,411598130,1,3,0,-1,9,-1,-1,-1,0,8,5,0,0,0,4,1,-1,2,1,22,5,-1,-1,-1,-1,6,E01023708,0,2
2025411598130,2025,411598130,2,97,0,-1,19,-1,-1,-1,0,8,5,0,0,0,1,1,-1,6,1,-1,-1,-1,-1,-1,-1,-1,-1,0,-1
2025411598319,2025,411598319,1,9,0,-1,11,6,2,-1,0,0,0,0,0,0,3,1,-1,1,2,48,8,-1,-1,-1,-1,9,E01017833,0,4
2025411598319,2025,411598319,2,20,0,-1,19,6,2,-1,0,0,0,0,0,0,4,9,-1,6,3,-1,-1,-1,-1,-1,-1,-1,-1,0,-1
2025411598444,2025,411598444,2,5,0,-1,19,7,3,-1,0,0,2,0,0,0,1,1,-1,6,3,-1,-1,-1,-1,-1,-1,-1,-1,0,-1
2025411598444,2025,411598444,1,9,0,-1,9,3,7,-1,0,0,0,0,0,0,2,1,-1,7,2,50,8,-1,-1,-1,-1,6,E01023325,0,1
2025411598513,2025,411598513,2,9,0,-1,5,6,2,-1,0,4,0,0,0,0,1,1,-1,6,1,-1,-1,-1,-1,-1,-1,-1,-1,0,-1
2025411598513,2025,411598513,1,1,0,-1,7,6,1,-1,0,8,0,0,0,0,2,1,-1,2,1,23,5,-1,-1,-1,-1,6,E01023723,0,1
2025411598588,2025,411598588,1,98,0,-1,4,7,3,-1,0,1,0,0,0,0,3,1,-1,6,1,54,8,-1,-1,-1,-1,6,E01023306,0,3
2025411598588,2025,411598588,2,97,0,-1,13,7,3,-1,0,1,1,0,7,1,1,1,-1,6,1,20,4,-1,-1,-1,-1,5,E01021822,0,3
2025411598740,2025,411598740,2,9,0,-1,2,0,0,-1,2,0,0,0,0,0,3,1,-1,6,1,50,8,-1,-1,-1,-1,5,E01023332,0,1
2025411598740,2025,411598740,1,1,0,-1,14,-1,-1,-1,2,0,2,8,0,0,4,1,-1,9,1,21,5,-1,-1,-1,-1,8,E01023312,0,1
2025411598882,2025,411598882,1,5,0,-1,19,2,6,-1,0,8,0,10,0,0,4,1,-1,2,1,29,6,-1,-1,-1,-1,2,E01000289,0,2
2025411598901,2025,411598901,1,9,0,-1,19,5,1,-1,0,0,0,0,0,0,4,1,-1,6,3,-1,-1,-1,-1,-1,-1,-1,-1,0,-1
2025411598901,2025,411598901,3,9,0,-1,19,5,1,-1,0,0,0,0,0,0,3,1,-1,6,1,33,6,-1,-1,-1,-1,1,E01004830,0,5
2025411598901,2025,411598901,4,9,0,-1,19,1,5,-1,0,0,0,0,0,0,3,1,-1,6,1,32,6,-1,-1,-1,-1,6,E01023545,0,1
2025411598901,2025,411598901,2,9,0,-1,19,1,5,-1,0,0,0,0,0,0,4,1,-1,1,1,-1,-1,-1,-1,-1,-1,-1,-1,0,-1
2025411598975,2025,411598975,1,9,-1,-1,19,3,6,-1,0,0,0,11,0,0,-1,1,-1,6,3,-1,-1,-1,-1,-1,-1,-1,-1,0,-1
2025411599002,2025,411599002,2,19,0,-1,5,-1,-1,-1,0,4,0,0,0,0,1,1,-1,6,1,67,10,-1,-1,-1,-1,10,E01023474,0,3
2025411599002,2025,411599002,1,97,0,-1,19,-1,-1,-1,0,8,1,0,0,0,-1,1,-1,2,2,36,7,-1,-1,-1,-1,6,E01023708,0,1
2025411599002,2025,411599002,3,9,0,-1,4,-1,-1,-1,0,1,0,0,0,0,3,1,-1,6,1,79,11,-1,-1,-1,-1,7,E01023527,0,1
2025411599051,2025,411599051,2,8,0,-1,6,-1,-1,-1,-1,0,0,0,0,0,3,1,-1,1,1,64,9,-1,-1,-1,-1,2,E01015727,0,3
2025411599051,2025,411599051,1,1,0,-1,19,1,5,-1,0,0,1,0,0,0,1,1,-1,2,1,33,6,-1,-1,-1,-1,10,E01023716,0,1
2025411599334,2025,411599334,1,9,0,-1,4,-1,-1,-1,0,9,0,0,0,0,1,1,-1,6,1,65,9,-1,-1,-1,-1,6,E01025657,0,5
2025411599334,2025,411599334,2,23,0,-1,19,-1,-1,-1,9,9,2,0,1,0,1,1,-1,6,1,-1,-1,-1,-1,-1,-1,-1,-1,0,-1
2025411599338,2025,411599338,1,97,0,-1,19,6,1,-1,0,0,0,0,0,0,1,1,-1,6,1,16,4,-1,-1,-1,-1,10,E01023909,0,2
2025411599419,2025,411599419,2,9,0,-1,99,-1,-1,-1,0,0,0,0,0,0,9,1,-1,6,3,-1,-1,-1,-1,-1,-1,-1,-1,0,-1
2025411599419,2025,411599419,1,9,0,-1,19,-1,-1,-1,0,0,0,0,0,0,3,1,-1,6,2,44,7,-1,-1,-1,-1,6,E01004078,0,4
2025411599984,2025,411599984,2,9,-1,-1,-1,-1,-1,-1,-1,-1,-1,-1,-1,0,-1,9,-1,6,3,-1,-1,-1,-1,-1,-1,-1,-1,0,-1
2025411599984,2025,411599984,1,9,0,-1,19,-1,-1,-1,0,8,0,0,0,0,4,1,-1,6,1,19,4,-1,-1,-1,-1,6,E01023683,0,1
2025411600047,2025,411600047,1,9,0,-1,19,-1,-1,-1,0,3,1,0,0,0,4,1,-1,6,1,29,6,-1,-1,-1,-1,6,E01033311,0,1
2025411600047,2025,411600047,2,9,0,-1,19,-1,-1,-1,0,4,1,0,0,0,3,1,-1,6,1,-1,-1,-1,-1,-1,-1,-1,-1,0,-1
2025411600194,2025,411600194,1,9,0,-1,9,-1,-1,-1,99,4,0,0,0,0,1,1,-1,7,2,43,7,-1,-1,-1,-1,8,E01023541,0,1
2025411600194,2025,411600194,2,9,0,-1,99,-1,-1,-1,99,4,0,0,0,0,1,1,-1,6,1,50,8,-1,-1,-1,-1,5,E01023547,0,1
2025411600379,2025,411600379,8,9,0,-1,19,5,1,-1,0,0,0,0,0,0,4,1,-1,6,1,75,10,-1,-1,-1,-1,8,E01017744,0,3
2025411600379,2025,411600379,2,9,0,-1,19,5,1,-1,0,0,0,0,0,0,4,1,-1,6,1,32,6,-1,-1,-1,-1,5,E01035578,0,1
2025411600379,2025,411600379,5,9,0,-1,19,5,1,-1,0,0,0,0,0,0,3,1,-1,6,1,48,8,-1,-1,-1,-1,8,E01017741,0,3
2025411600379,2025,411600379,4,9,0,-1,19,5,1,-1,0,0,0,0,0,0,4,1,-1,6,1,75,10,-1,-1,-1,-1,7,E01021765,0,4
2025411600379,2025,411600379,7,9,0,-1,19,5,1,-1,0,0,0,0,0,0,3,1,-1,6,2,57,9,-1,-1,-1,-1,10,E01023550,0,1
2025411600379,2025,411600379,9,9,0,-1,19,1,5,-1,0,0,0,0,0,0,4,1,-1,1,1,45,7,-1,-1,-1,-1,2,E01035570,0,4
2025411600379,2025,411600379,6,9,0,-1,19,5,1,-1,0,0,0,0,0,0,4,1,-1,6,1,34,6,-1,-1,-1,-1,5,E01002162,0,2
2025411600379,2025,411600379,3,9,0,-1,19,5,1,-1,0,0,0,0,0,0,3,1,-1,6,1,46,8,-1,-1,-1,-1,10,E01016633,0,4
2025411600379,2025,411600379,1,9,0,-1,19,5,1,-1,0,0,0,0,0,0,1,1,-1,6,3,-1,-1,-1,-1,-1,-1,-1,-1,0,-1
2025411600379,2025,411600379,10,9,0,-1,19,1,5,-1,0,0,0,0,1,0,1,1,-1,9,2,41,7,-1,-1,-1,-1,9,E01023701,0,3
2025411600454,2025,411600454,1,19,0,-1,19,3,7,-1,0,0,0,0,0,0,4,1,-1,1,1,61,9,-1,-1,-1,-1,3,E01023774,0,3
2025411600458,2025,411600458,1,19,0,-1,1,5,2,-1,0,0,0,0,0,0,1,1,-1,1,1,29,6,-1,-1,-1,-1,6,E01001342,0,4
2025411600510,2025,411600510,2,19,0,-1,19,8,4,-1,0,0,0,0,0,0,3,1,-1,6,1,39,7,-1,-1,-1,-1,6,E01017507,0,4
2025411600510,2025,411600510,1,17,4,-1,19,4,8,-1,0,0,0,0,0,0,2,1,-1,1,1,26,6,-1,-1,-1,-1,10,E01023586,0,1
2025411600510,2025,411600510,3,9,0,-1,19,8,4,-1,0,0,0,0,0,0,1,1,-1,1,2,26,6,-1,-1,-1,-1,10,E01017393,0,3
2025411600590,2025,411600590,1,9,0,-1,19,1,5,-1,0,8,0,0,7,11,1,9,-1,1,1,64,9,-1,-1,-1,-1,2,E01023404,0,2
2025411600767,2025,411600767,2,9,0,-1,3,7,3,-1,0,0,0,0,0,0,1,1,-1,6,1,60,9,-1,-1,-1,-1,5,E01023331,0,2
2025411600767,2025,411600767,1,19,0,-1,3,7,3,-1,0,0,0,0,0,0,2,1,-1,1,1,58,9,-1,-1,-1,-1,5,E01001677,0,4
2025411600776,2025,411600776,2,9,0,-1,19,1,5,-1,0,0,0,0,0,0,1,1,-1,1,1,36,7,-1,-1,-1,-1,3,E01018226,0,4
2025411600776,2025,411600776,1,9,0,-1,15,1,5,-1,0,0,1,11,0,0,1,1,-1,1,1,28,6,-1,-1,-1,-1,3,E01015788,0,3
2025411600795,2025,411600795,1,9,0,-1,19,2,6,-1,0,0,0,4,0,0,1,1,-1,2,2,25,5,-1,-1,-1,-1,3,E01023669,0,1
2025411600795,2025,411600795,2,9,0,-1,2,0,0,-1,0,0,0,0,0,0,2,1,-1,6,-1,-1,-1,-1,-1,-1,-1,-1,-1,0,-1
2025411600847,2025,411600847,2,98,-1,-1,-1,-1,-1,-1,-1,0,-1,-1,-1,0,-1,9,-1,1,1,65,9,-1,-1,-1,-1,3,E01023613,0,4
2025411600847,2025,411600847,1,1,0,-1,19,4,8,-1,0,0,5,0,0,0,1,1,-1,9,1,45,7,-1,-1,-1,-1,9,E01023740,0,1
2025411600859,2025,411600859,2,9,0,-1,99,-1,-1,-1,0,0,0,99,8,99,4,1,-1,6,1,23,5,-1,-1,-1,-1,2,E01033498,0,4
2025411600859,2025,411600859,1,9,0,-1,19,-1,-1,-1,0,0,0,0,0,0,3,1,-1,6,1,24,5,-1,-1,-1,-1,7,E01000480,0,4
2025411600863,2025,411600863,1,9,0,-1,5,8,6,-1,0,4,0,0,0,0,1,1,-1,9,2,76,11,-1,-1,-1,-1,8,E01018290,0,3
2025411600863,2025,411600863,2,9,0,-1,9,6,2,-1,0,1,0,0,0,0,1,1,-1,9,1,23,5,-1,-1,-1,-1,8,E01023589,0,1
2025411600864,2025,411600864,1,9,0,-1,9,6,8,-1,0,1,0,0,0,0,4,1,-1,6,2,22,5,-1,-1,-1,-1,3,E01021859,0,3
2025411600864,2025,411600864,2,1,0,-1,19,6,2,-1,0,1,0,0,0,0,1,1,-1,6,1,32,6,-1,-1,-1,-1,7,E01023307,0,1
2025411600884,2025,411600884,1,9,0,-1,9,5,3,-1,0,8,1,0,0,0,3,1,-1,6,1,24,5,-1,-1,-1,-1,4,E01023349,0,1
2025411600884,2025,411600884,2,9,0,-1,-1,-1,-1,-1,-1,8,-1,-1,-1,0,-1,1,-1,6,3,-1,-1,-1,-1,-1,-1,-1,-1,0,-1
2025411600955,2025,411600955,1,19,0,-1,5,8,4,-1,0,0,0,0,0,0,1,1,-1,1,1,39,7,-1,-1,-1,-1,2,E01001507,0,3
2025411600961,2025,411600961,1,1,0,-1,19,5,1,-1,0,4,0,0,0,0,2,1,-1,6,1,53,8,-1,-1,-1,-1,9,E01023712,0,1
2025411600961,2025,411600961,2,8,0,-1,19,7,3,-1,0,4,0,0,0,0,1,1,-1,6,2,68,10,-1,-1,-1,-1,5,E01023780,0,3
2025411601242,2025,411601242,2,9,0,-1,4,7,1,-1,0,0,0,0,0,0,0,1,-1,6,2,54,8,-1,-1,-1,-1,6,E01002145,0,2
2025411601242,2025,411601242,1,19,0,-1,4,7,1,-1,0,0,0,0,0,0,1,1,-1,6,1,37,7,-1,-1,-1,-1,4,E01001674,0,4
2025411601269,2025,411601269,1,9,0,-1,5,2,1,-1,0,8,1,0,3,0,4,1,-1,6,2,73,10,-1,-1,-1,-1,6,E01033113,0,4
2025411601269,2025,411601269,2,9,0,-1,19,6,2,-1,0,1,1,0,1,9,1,1,-1,6,1,45,7,-1,-1,-1,-1,8,E01034566,0,4
2025411601277,2025,411601277,3,9,0,-1,-1,-1,-1,-1,-1,0,-1,-1,-1,0,-1,1,-1,6,1,-1,-1,-1,-1,-1,-1,2,E01023397,0,1
2025411601277,2025,411601277,2,8,0,-1,9,-1,-1,-1,-1,0,0,0,7,0,2,1,-1,9,1,52,8,-1,-1,-1,-1,3,E01023866,0,3
2025411601277,2025,411601277,1,9,0,-1,2,-1,-1,-1,99,0,0,4,0,0,1,1,-1,6,1,47,8,-1,-1,-1,-1,7,E01023963,0,3
2025411601340,2025,411601340,1,9,0,-1,-1,-1,-1,-1,-1,0,-1,-1,-1,0,-1,1,-1,6,3,-1,-1,-1,-1,-1,-1,-1,-1,0,-1
2025411601340,2025,411601340,2,-1,0,-1,19,2,6,-1,0,0,0,0,0,0,1,1,-1,6,1,8,2,-1,-1,-1,-1,1,E01023536,1,1
2025411601345,2025,411601345,1,9,0,-1,5,5,1,-1,0,0,0,0,0,0,1,1,-1,6,1,21,5,-1,-1,-1,-1,4,E01023857,0,2
2025411601345,2025,411601345,2,9,0,-1,19,3,7,-1,0,0,0,0,0,0,3,1,-1,6,2,29,6,-1,-1,-1,-1,3,E01002139,0,1
2025411601461,2025,411601461,1,90,-1,-1,-1,-1,-1,-1,-1,0,-1,-1,-1,0,-1,9,-1,1,1,66,10,-1,-1,-1,-1,2,E01023750,0,1
2025411601473,2025,411601473,1,9,0,-1,19,6,1,-1,0,0,2,0,7,0,1,1,-1,6,1,27,6,-1,-1,-1,-1,6,E01001540,0,3
2025411601579,2025,411601579,1,8,0,-1,-1,-1,-1,-1,-1,-1,-1,-1,-1,-1,-1,1,-1,1,1,55,8,-1,-1,-1,-1,2,E01000934,0,3
2025411601579,2025,411601579,2,9,0,-1,-1,-1,-1,-1,-1,-1,-1,-1,-1,-1,-1,1,-1,6,1,36,7,-1,-1,-1,-1,7,E01023540,0,1
2025411601581,2025,411601581,2,97,0,-1,19,4,8,-1,0,6,0,0,0,0,1,1,-1,9,1,13,3,-1,-1,-1,-1,6,E01023392,0,1
2025411601581,2025,411601581,1,9,0,-1,5,6,2,-1,0,2,0,0,0,0,3,1,-1,6,2,18,4,-1,-1,-1,-1,2,E01023397,0,1
2025411601596,2025,411601596,1,9,0,-1,8,-1,-1,-1,0,1,0,0,0,0,2,1,-1,2,2,47,8,-1,-1,-1,-1,5,E01008143,0,5
2025411601596,2025,411601596,2,9,0,-1,4,-1,-1,-1,0,1,0,0,0,0,1,1,-1,6,2,-1,-1,-1,-1,-1,-1,9,E01035592,0,1
2025411601625,2025,411601625,2,9,0,-1,19,-1,-1,-1,9,8,0,0,0,0,1,1,-1,6,2,79,11,-1,-1,-1,-1,5,E01035598,0,1
2025411601625,2025,411601625,1,9,0,-1,9,-1,-1,-1,99,8,1,0,0,0,4,1,-1,2,1,30,6,-1,-1,-1,-1,8,E01023541,0,1
2025411601794,2025,411601794,2,9,0,-1,11,6,2,-1,0,0,9,0,0,0,3,1,-1,6,1,24,5,-1,-1,-1,-1,3,E01001856,0,4
2025411601794,2025,411601794,1,9,0,-1,19,6,2,-1,0,0,1,10,7,6,4,1,-1,2,1,29,6,-1,-1,-1,-1,7,E01023341,0,3
2025411601794,2025,411601794,3,9,0,-1,4,6,2,-1,0,0,9,0,0,0,9,1,-1,6,3,-1,-1,-1,-1,-1,-1,-1,-1,0,-1
2025411601803,2025,411601803,1,9,0,-1,2,-1,-1,-1,99,0,9,4,1,0,2,1,-1,6,2,34,6,-1,-1,-1,-1,8,E01023662,0,1
2025411601803,2025,411601803,2,9,0,-1,19,-1,-1,-1,99,0,9,0,1,0,1,1,-1,6,2,41,7,-1,-1,-1,-1,9,E01023656,0,1
2025411601841,2025,411601841,1,5,0,-1,19,7,3,-1,0,0,2,0,0,0,0,1,-1,6,1,29,6,-1,-1,-1,-1,6,E01035607,0,1
2025411601880,2025,411601880,1,98,0,-1,7,5,7,-1,0,5,0,0,0,0,1,1,-1,1,1,31,6,-1,-1,-1,-1,5,E01023843,0,1
2025411601882,2025,411601882,2,1,0,-1,99,-1,-1,-1,9,1,9,4,0,0,9,1,-1,6,1,15,3,-1,-1,-1,-1,-1,-1,0,-1
2025411601882,2025,411601882,1,9,0,-1,2,0,0,-1,99,1,0,0,0,0,4,9,-1,7,2,48,8,-1,-1,-1,-1,4,E01023788,0,1
2025411601909,2025,411601909,2,9,0,-1,9,7,1,-1,0,4,0,0,0,0,4,1,-1,6,1,27,6,-1,-1,-1,-1,6,E01023390,0,1
2025411601909,2025,411601909,1,97,0,-1,19,7,3,-1,0,4,0,0,0,0,1,1,-1,6,1,51,8,-1,-1,-1,-1,6,E01023388,0,1
2025411601972,2025,411601972,1,9,0,-1,1,3,7,-1,9,0,0,0,1,10,1,1,-1,9,1,91,11,-1,-1,-1,-1,7,E01023623,0,2
2025411601994,2025,411601994,1,8,0,-1,-1,-1,-1,-1,-1,0,-1,-1,-1,0,-1,1,-1,1,3,-1,-1,-1,-1,-1,-1,-1,-1,0,-1
2025411601994,2025,411601994,2,99,-1,-1,-1,-1,-1,-1,-1,0,-1,-1,-1,0,-1,9,-1,6,3,-1,-1,-1,-1,-1,-1,-1,-1,0,-1
2025411602097,2025,411602097,1,19,0,-1,9,7,5,-1,0,5,0,0,0,0,3,1,-1,2,1,31,6,-1,-1,-1,-1,5,E01023800,0,1
2025411602097,2025,411602097,2,9,0,-1,13,7,3,-1,0,1,0,0,0,0,1,1,-1,6,2,68,10,-1,-1,-1,-1,2,E01002075,0,4
2025411602205,2025,411602205,2,9,0,-1,-1,-1,-1,-1,-1,-1,-1,-1,-1,-1,-1,1,-1,6,2,74,10,-1,-1,-1,-1,9,E01023706,0,1
2025411602205,2025,411602205,1,9,0,-1,-1,-1,-1,-1,-1,-1,-1,-1,-1,-1,-1,1,-1,6,2,31,6,-1,-1,-1,-1,5,E01023677,0,1
2025411602215,2025,411602215,2,1,0,-1,-1,-1,-1,-1,-1,0,-1,-1,-1,0,-1,1,-1,6,2,28,6,-1,-1,-1,-1,4,E01023631,0,1
2025411602215,2025,411602215,1,9,0,-1,-1,-1,-1,-1,-1,0,-1,-1,-1,0,-1,1,-1,6,2,82,11,-1,-1,-1,-1,9,E01033188,0,1
2025411602308,2025,411602308,1,9,0,-1,19,5,1,-1,0,2,0,0,0,0,4,1,-1,1,1,50,8,-1,-1,-1,-1,6,E01023708,0,3
2025411602308,2025,411602308,2,9,0,-1,19,5,1,-1,0,2,0,0,0,0,1,1,-1,6,3,-1,-1,-1,-1,-1,-1,-1,-1,0,-1
2025411602418,2025,411602418,1,9,0,-1,19,3,7,-1,0,0,0,0,0,0,1,1,-1,6,2,42,7,-1,-1,-1,-1,5,E01023868,0,1
2025411602843,2025,411602843,1,5,0,-1,3,-1,-1,-1,0,3,0,0,0,0,2,1,-1,6,1,26,6,-1,-1,-1,-1,6,E01023532,0,1
2025411602843,2025,411602843,2,9,0,-1,19,-1,-1,-1,0,3,0,0,0,0,1,1,-1,6,1,50,8,-1,-1,-1,-1,5,E01035598,0,1
2025411603023,2025,411603023,1,9,0,-1,5,-1,-1,-1,0,4,0,0,0,0,2,1,-1,9,2,49,8,-1,-1,-1,-1,9,E01023967,0,2
2025411603023,2025,411603023,2,9,0,-1,5,-1,-1,-1,0,4,0,0,0,0,1,1,-1,6,1,19,4,-1,-1,-1,-1,9,E01035593,0,3
2025411603303,2025,411603303,1,97,0,-1,19,1,5,-1,0,1,0,0,0,0,1,1,-1,6,1,60,9,-1,-1,-1,-1,10,E01033024,0,1
2025411603303,2025,411603303,2,19,0,-1,9,3,7,-1,0,2,0,0,0,0,1,1,-1,6,1,43,7,-1,-1,-1,-1,4,E01021779,0,4
2025411603316,2025,411603316,1,9,0,-1,3,3,7,-1,0,0,0,0,0,0,4,1,-1,6,2,34,6,-1,-1,-1,-1,8,E01023625,0,1
2025411603316,2025,411603316,2,1,0,-1,3,4,7,-1,0,0,0,0,0,0,1,1,-1,6,1,43,7,-1,-1,-1,-1,10,E01023614,0,1
2025411603318,2025,411603318,2,9,0,-1,2,-1,-1,-1,0,0,0,0,0,0,0,1,-1,6,3,-1,-1,-1,-1,-1,-1,-1,-1,0,-1
2025411603318,2025,411603318,1,1,0,-1,19,-1,-1,-1,0,0,9,0,0,0,0,1,-1,9,1,27,6,-1,-1,-1,-1,10,E01023457,0,1
2025411603367,2025,411603367,2,2,0,-1,19,6,2,-1,0,0,0,0,0,0,1,1,-1,6,1,17,4,-1,-1,-1,-1,10,E01023881,0,1
2025411603367,2025,411603367,1,9,0,-1,14,8,6,-1,0,0,0,0,0,0,1,1,-1,6,1,57,9,-1,-1,-1,-1,7,E01023892,0,1
2025411603370,2025,411603370,1,9,0,-1,4,7,2,-1,0,1,0,0,0,0,4,1,-1,6,1,64,9,-1,-1,-1,-1,6,E01023462,0,1
2025411603455,2025,411603455,2,9,4,-1,19,5,1,-1,0,2,0,0,0,0,4,1,-1,1,1,61,9,-1,-1,-1,-1,10,E01023416,0,1
2025411603455,2025,411603455,4,9,0,-1,3,5,1,-1,0,1,0,0,0,0,3,1,-1,9,2,-1,-1,-1,-1,-1,-1,10,E01023355,0,1
2025411603455,2025,411603455,1,9,0,-1,4,6,1,-1,0,6,0,0,0,0,3,1,-1,9,2,76,11,-1,-1,-1,-1,9,E01023417,0,1
2025411603455,2025,411603455,3,9,0,-1,3,5,1,-1,0,1,0,0,0,0,3,1,-1,9,2,61,9,-1,-1,-1,-1,7,E01023356,0,2
2025411603482,2025,411603482,1,9,0,-1,9,7,5,-1,0,8,0,0,0,0,1,1,-1,2,1,41,7,-1,-1,-1,-1,3,E01035604,0,3
2025411603482,2025,411603482,2,9,0,-1,19,5,1,-1,0,1,0,0,0,0,1,1,-1,6,2,53,8,-1,-1,-1,-1,3,E01001412,0,1
2025411603510,2025,411603510,2,9,0,-1,19,7,3,-1,0,1,0,0,0,0,1,1,-1,9,1,64,9,-1,-1,-1,-1,5,E01001570,0,2
2025411603510,2025,411603510,1,9,0,-1,5,1,7,-1,0,6,0,0,0,0,1,1,-1,7,2,40,7,-1,-1,-1,-1,3,E01001548,0,1
2025411603604,2025,411603604,2,9,0,-1,4,2,6,-1,0,0,0,0,0,0,2,1,-1,6,1,53,8,-1,-1,-1,-1,9,E01028667,0,4
2025411603604,2025,411603604,1,9,0,-1,19,2,6,-1,0,0,0,0,0,0,1,1,-1,6,2,22,5,-1,-1,-1,-1,3,E01023302,0,2
2025411603792,2025,411603792,1,9,0,-1,9,7,5,-1,0,5,0,0,0,0,1,1,-1,6,3,-1,-1,-1,-1,-1,-1,-1,-1,0,-1
2025411603793,2025,411603793,1,98,1,-1,7,5,7,-1,0,6,0,0,0,0,4,9,-1,1,1,28,6,-1,-1,-1,-1,6,E01030737,0,4
2025411603884,2025,411603884,3,19,0,-1,19,1,5,-1,0,1,0,0,0,0,1,1,-1,6,1,67,10,-1,-1,-1,-1,2,E01033876,0,4
2025411603884,2025,411603884,1,9,0,-1,4,1,5,-1,0,1,0,0,0,0,2,1,-1,6,2,53,8,-1,-1,-1,-1,8,E01023321,0,4
2025411603884,2025,411603884,2,9,0,-1,4,1,5,-1,0,1,0,0,0,0,2,1,-1,6,1,25,5,-1,-1,-1,-1,10,E01023659,0,2
2025411603911,2025,411603911,1,9,0,-1,5,1,5,-1,0,4,0,0,0,0,1,1,-1,6,1,72,10,-1,-1,-1,-1,6,E01023761,0,1
2025411603911,2025,411603911,2,1,0,-1,5,7,3,-1,0,8,0,0,0,0,2,1,-1,6,2,48,8,-1,-1,-1,-1,3,E01023793,0,1
2025411603951,2025,411603951,3,9,0,-1,2,0,0,-1,0,0,0,0,0,0,3,1,-1,6,2,78,11,-1,-1,-1,-1,7,E01002226,0,2
2025411603951,2025,411603951,2,9,0,-1,19,2,6,-1,0,0,0,0,0,0,3,1,-1,6,1,18,4,-1,-1,-1,-1,5,E01023546,0,2
2025411603951,2025,411603951,1,9,0,-1,19,6,2,-1,0,0,0,0,0,0,1,1,-1,2,2,73,10,-1,-1,-1,-1,6,E01023564,0,1
2025411603963,2025,411603963,1,9,0,-1,19,3,7,-1,0,0,1,0,2,0,1,1,-1,6,1,37,7,-1,-1,-1,-1,5,E01017974,0,4
2025411604027,2025,411604027,1,9,0,-1,19,5,1,-1,0,0,0,0,0,0,1,1,-1,9,1,19,4,-1,-1,-1,-1,7,E01000797,0,4
2025411604027,2025,411604027,2,9,0,-1,19,5,1,-1,0,0,0,0,0,0,1,1,-1,9,1,30,6,-1,-1,-1,-1,2,E01015733,0,3
2025411604027,2025,411604027,3,9,0,-1,19,5,1,-1,0,0,0,0,0,0,2,1,-1,9,1,57,9,-1,-1,-1,-1,9,E01017450,0,4
2025411604294,2025,411604294,1,9,0,-1,19,5,1,-1,0,0,0,0,0,0,1,1,-1,6,1,25,5,-1,-1,-1,-1,5,E01000290,0,1
2025411604406,2025,411604406,1,9,0,-1,19,6,1,-1,0,1,0,0,0,0,3,1,-1,6,1,24,5,-1,-1,-1,-1,3,E01023343,0,1
2025411604406,2025,411604406,2,9,0,-1,19,2,5,-1,0,1,0,0,0,0,3,1,-1,6,1,44,7,-1,-1,-1,-1,5,E01035584,0,1
2025411604456,2025,411604456,2,9,0,-1,8,4,8,-1,0,4,0,0,0,0,2,1,-1,1,2,57,9,-1,-1,-1,-1,6,E01023804,0,1
2025411604456,2025,411604456,1,19,0,-1,3,4,8,-1,0,4,0,0,0,0,1,1,-1,1,1,46,8,-1,-1,-1,-1,6,E01023845,0,2
2025411604516,2025,411604516,1,9,0,-1,19,4,5,-1,0,0,0,0,0,0,3,1,-1,2,1,41,7,-1,-1,-1,-1,4,E01027320,0,4
2025411604516,2025,411604516,2,9,0,-1,19,5,1,-1,0,0,0,0,0,0,3,1,-1,6,1,28,6,-1,-1,-1,-1,8,E01035600,0,2
2025411604667,2025,411604667,1,9,0,-1,3,-1,-1,-1,0,0,0,0,0,0,2,1,-1,2,1,32,6,-1,-1,-1,-1,9,E01023726,0,1
2025411604667,2025,411604667,2,9,0,-1,99,-1,-1,-1,0,0,0,0,0,0,1,1,-1,6,1,57,9,-1,-1,-1,-1,4,E01015728,0,3
2025411604884,2025,411604884,2,9,0,-1,8,2,6,-1,0,1,0,0,0,0,2,1,-1,6,1,45,7,-1,-1,-1,-1,10,E01023715,0,1
2025411604884,2025,411604884,1,9,0,-1,4,2,6,-1,0,1,0,0,0,0,1,1,-1,6,1,45,7,-1,-1,-1,-1,10,E01023730,0,1
2025411604998,2025,411604998,1,9,0,-1,4,5,1,-1,0,0,0,0,0,0,1,1,-1,6,1,56,9,-1,-1,-1,-1,-1,-1,0,-1
2025411604998,2025,411604998,2,9,0,-1,4,5,1,-1,0,0,0,0,0,0,2,1,-1,6,2,29,6,-1,-1,-1,-1,4,E01023870,0,3
2025411604998,2025,411604998,3,9,0,-1,4,5,1,-1,0,0,0,0,0,0,2,1,-1,6,2,37,7,-1,-1,-1,-1,3,E01016555,0,4