collision_index,collision_year,collision_ref_no,vehicle_reference,vehicle_type,towing_and_articulation,vehicle_manoeuvre_historic,vehicle_manoeuvre,vehicle_direction_from,vehicle_direction_to,vehicle_location_restricted_lane_historic,vehicle_location_restricted_lane,junction_location,skidding_and_overturning,hit_object_in_carriageway,vehicle_leaving_carriageway,hit_object_off_carriageway,first_point_of_impact,vehicle_left_hand_drive,journey_purpose_of_driver_historic,journey_purpose_of_driver,sex_of_driver,age_of_driver,age_band_of_driver,engine_capacity_cc,propulsion_code,age_of_vehicle,generic_make_model,driver_imd_decile,lsoa_of_driver,escooter_flag,driver_distance_banding
2025411605296,2025,411605296,1,5,0,-1,19,-1,-1,-1,0,0,0,0,0,0,3,1,-1,2,1,54,8,-1,-1,-1,-1,10,E01023733,0,1
2025411605296,2025,411605296,2,9,0,-1,19,-1,-1,-1,0,0,0,0,0,0,3,1,-1,6,1,-1,-1,-1,-1,-1,-1,9,E01023684,0,2
2025411605322,2025,411605322,1,4,0,-1,19,5,1,-1,0,0,2,0,0,0,1,1,-1,9,1,48,8,-1,-1,-1,-1,5,E01001276,0,4
2025411605354,2025,411605354,2,99,-1,-1,-1,-1,-1,-1,-1,0,-1,-1,-1,0,-1,9,-1,9,3,-1,-1,-1,-1,-1,-1,-1,-1,0,-1
2025411605354,2025,411605354,1,9,0,-1,4,-1,-1,-1,0,0,0,0,0,0,2,1,-1,6,1,18,4,-1,-1,-1,-1,6,E01023532,0,3
2025411605383,2025,411605383,3,21,1,-1,4,8,4,-1,0,0,1,0,0,0,1,1,-1,1,1,46,8,-1,-1,-1,-1,7,E01013017,0,5
2025411605383,2025,411605383,1,9,0,-1,4,8,4,-1,0,0,0,0,0,0,2,1,-1,9,1,48,8,-1,-1,-1,-1,2,E01022899,0,5
2025411605383,2025,411605383,2,21,0,-1,4,8,4,-1,0,0,0,0,0,0,2,2,-1,1,1,24,5,-1,-1,-1,-1,7,W01000121,0,5
2025411605426,2025,411605426,1,9,0,-1,19,1,5,-1,0,0,1,11,1,0,1,1,-1,6,2,17,4,-1,-1,-1,-1,6,E01023601,0,2
2025411605450,2025,411605450,1,9,0,-1,19,2,6,-1,0,8,0,0,0,0,1,1,-1,9,1,18,4,-1,-1,-1,-1,6,E01023835,0,2
2025411605450,2025,411605450,2,9,0,-1,9,6,4,-1,0,8,0,0,0,0,1,1,-1,6,1,61,9,-1,-1,-1,-1,4,E01023805,0,1
2025411605474,2025,411605474,2,9,0,-1,3,6,2,-1,0,0,0,0,0,0,0,1,-1,6,2,46,8,-1,-1,-1,-1,6,E01023651,0,1
2025411605474,2025,411605474,1,3,0,-1,14,6,2,-1,0,0,1,0,0,0,1,1,-1,6,1,17,4,-1,-1,-1,-1,10,E01023614,0,1
2025411605508,2025,411605508,1,9,0,-1,19,4,8,-1,0,8,0,0,0,0,1,1,-1,9,2,54,8,-1,-1,-1,-1,10,E01023887,0,1
2025411605876,2025,411605876,2,9,0,-1,1,-1,-1,-1,0,4,0,99,1,0,0,1,-1,6,3,-1,-1,-1,-1,-1,-1,-1,-1,0,-1
2025411605876,2025,411605876,1,9,0,-1,2,6,8,-1,0,4,0,0,1,0,1,1,-1,6,1,50,8,-1,-1,-1,-1,8,E01023569,0,1
2025411605963,2025,411605963,1,9,0,-1,1,3,7,-1,0,0,0,0,0,0,2,1,-1,2,2,20,4,-1,-1,-1,-1,8,E01023732,0,1
2025411605963,2025,411605963,2,9,0,-1,19,2,6,-1,0,0,0,0,0,0,4,1,-1,6,1,34,6,-1,-1,-1,-1,5,E01023705,0,2
2025411606065,2025,411606065,1,1,0,-1,19,1,5,-1,0,8,1,0,0,0,3,1,-1,6,1,37,7,-1,-1,-1,-1,3,E01021864,0,3
2025411606065,2025,411606065,2,9,0,-1,5,3,5,-1,0,1,0,0,0,0,3,1,-1,6,1,25,5,-1,-1,-1,-1,10,E01023520,0,1
2025411606087,2025,411606087,1,9,0,-1,4,5,1,-1,0,0,0,0,0,0,2,1,-1,6,1,25,5,-1,-1,-1,-1,10,E01025729,0,5
2025411606087,2025,411606087,3,9,0,-1,4,5,1,-1,0,0,0,0,0,0,9,1,-1,6,1,-1,-1,-1,-1,-1,-1,-1,-1,0,-1
2025411606087,2025,411606087,2,9,0,-1,99,5,1,-1,0,0,0,0,0,0,1,1,-1,9,1,35,6,-1,-1,-1,-1,2,E01009632,0,5
2025411606473,2025,411606473,1,5,0,-1,7,7,1,-1,0,0,1,9,0,0,1,1,-1,6,1,42,7,-1,-1,-1,-1,7,E01023561,0,1
2025411606488,2025,411606488,5,9,0,-1,2,0,0,-1,5,0,0,0,0,0,0,1,-1,6,1,43,7,-1,-1,-1,-1,3,E01015737,0,3
2025411606488,2025,411606488,3,11,0,-1,12,2,6,-1,2,0,0,0,0,0,3,1,-1,1,1,42,7,-1,-1,-1,-1,10,E01017563,0,3
2025411606488,2025,411606488,4,9,0,-1,2,0,0,-1,5,0,0,0,0,0,1,1,-1,6,1,57,9,-1,-1,-1,-1,3,E01023669,0,1
2025411606488,2025,411606488,6,9,0,-1,2,0,0,-1,5,0,0,0,0,0,2,1,-1,6,1,59,9,-1,-1,-1,-1,7,E01023666,0,1
2025411606488,2025,411606488,1,11,0,-1,6,6,6,-1,0,0,0,4,7,4,1,1,-1,1,1,64,9,-1,-1,-1,-1,7,E01023704,0,2
2025411606488,2025,411606488,7,9,0,-1,4,1,5,-1,0,0,0,0,0,0,4,1,-1,6,2,42,7,-1,-1,-1,-1,9,E01023676,0,1
2025411606488,2025,411606488,2,11,0,-1,12,2,6,-1,2,0,0,0,0,0,2,1,-1,1,1,37,7,-1,-1,-1,-1,4,E01023921,0,2
2025411606543,2025,411606543,2,9,0,-1,19,8,4,-1,0,0,0,0,0,0,2,1,-1,6,1,45,7,-1,-1,-1,-1,2,E01016480,0,4
2025411606543,2025,411606543,1,17,0,-1,19,8,4,-1,0,0,0,0,0,0,1,1,-1,1,1,33,6,-1,-1,-1,-1,8,E01023481,0,3
2025411606768,2025,411606768,1,9,0,-1,4,2,6,-1,0,0,0,0,0,0,2,1,-1,7,2,29,6,-1,-1,-1,-1,4,E01023933,0,1
2025411606768,2025,411606768,2,9,0,-1,19,2,6,-1,0,0,0,0,0,0,1,1,-1,6,2,38,7,-1,-1,-1,-1,4,E01023921,0,1
2025411606789,2025,411606789,1,19,0,-1,19,-1,-1,-1,0,0,0,0,0,0,3,1,-1,6,2,41,7,-1,-1,-1,-1,8,E01023407,0,1
2025411606789,2025,411606789,2,9,0,-1,-1,-1,-1,-1,-1,0,-1,-1,-1,0,-1,9,-1,6,1,-1,-1,-1,-1,-1,-1,-1,-1,0,-1
2025411606976,2025,411606976,2,9,0,-1,5,5,1,-1,0,0,0,0,0,0,1,1,-1,9,2,51,8,-1,-1,-1,-1,3,E01023774,0,1
2025411606976,2025,411606976,1,9,0,-1,1,1,5,-1,0,0,0,0,0,0,2,1,-1,9,1,16,4,-1,-1,-1,-1,6,E01023606,0,1
2025411606999,2025,411606999,1,11,0,-1,19,3,7,-1,0,0,0,0,0,0,3,1,-1,6,1,20,4,-1,-1,-1,-1,6,E01023317,0,3
2025411606999,2025,411606999,2,9,0,-1,2,0,0,-1,0,0,0,0,0,0,3,1,-1,6,-1,-1,-1,-1,-1,-1,-1,-1,-1,0,-1
2025411607030,2025,411607030,2,9,0,-1,4,1,5,-1,0,0,0,0,0,0,2,9,-1,6,1,37,7,-1,-1,-1,-1,3,E01017618,0,3
2025411607030,2025,411607030,1,9,0,-1,19,1,5,-1,0,0,0,0,0,0,1,9,-1,6,1,23,5,-1,-1,-1,-1,6,E01024406,0,4
2025411607084,2025,411607084,1,5,0,-1,4,-1,-1,-1,0,0,0,99,0,0,1,1,-1,1,1,38,7,-1,-1,-1,-1,10,E01025737,0,5
2025411607084,2025,411607084,2,9,0,-1,99,-1,-1,-1,0,0,9,99,0,0,1,1,-1,6,3,-1,-1,-1,-1,-1,-1,-1,-1,0,-1
2025411607330,2025,411607330,2,9,0,-1,9,7,5,-1,0,4,0,0,0,0,3,1,-1,9,1,74,10,-1,-1,-1,-1,10,E01023949,0,4
2025411607330,2025,411607330,1,9,0,-1,19,5,1,-1,0,4,0,0,0,0,1,1,-1,9,1,21,5,-1,-1,-1,-1,10,E01023381,0,1
2025411607370,2025,411607370,2,9,0,-1,19,1,5,-1,0,0,0,0,1,10,1,1,-1,9,2,35,6,-1,-1,-1,-1,4,E01023796,0,4
2025411607370,2025,411607370,1,21,1,-1,11,5,1,-1,0,0,0,0,1,0,4,1,-1,1,1,65,9,-1,-1,-1,-1,7,E01035112,0,5
2025411607409,2025,411607409,1,9,0,-1,3,-1,-1,-1,99,1,0,0,0,0,3,1,-1,6,1,36,7,-1,-1,-1,-1,1,E01000643,0,4
2025411607409,2025,411607409,2,9,-1,-1,1,-1,-1,-1,99,1,0,0,0,0,2,1,-1,6,1,-1,-1,-1,-1,-1,-1,4,E01023349,0,2
2025411607425,2025,411607425,2,1,0,-1,-1,-1,-1,-1,-1,-1,-1,-1,-1,0,1,1,-1,6,1,31,6,-1,-1,-1,-1,6,E01023601,0,1
2025411607425,2025,411607425,1,9,0,-1,-1,-1,-1,-1,-1,-1,-1,-1,-1,0,-1,9,-1,6,1,43,7,-1,-1,-1,-1,9,E01023604,0,1
2025411607524,2025,411607524,2,3,0,-1,19,8,4,-1,0,0,0,0,0,0,1,1,-1,6,1,32,6,-1,-1,-1,-1,6,E01003672,0,4
2025411607524,2025,411607524,1,9,0,-1,4,8,4,-1,0,0,0,0,0,0,2,1,-1,2,2,46,8,-1,-1,-1,-1,8,E01023569,0,2
2025411607785,2025,411607785,1,9,0,-1,1,5,1,-1,0,1,0,0,0,0,1,1,-1,6,2,41,7,-1,-1,-1,-1,4,E01023346,0,3
2025411607785,2025,411607785,2,9,0,-1,19,3,7,-1,0,8,0,0,0,0,4,1,-1,6,2,73,10,-1,-1,-1,-1,9,E01002158,0,2
2025411607785,2025,411607785,3,9,0,-1,3,5,1,-1,0,1,0,0,0,0,1,1,-1,6,1,29,6,-1,-1,-1,-1,5,E01023828,0,1
2025411607837,2025,411607837,1,1,0,-1,3,4,8,-1,0,0,0,0,0,0,1,1,-1,9,2,52,8,-1,-1,-1,-1,9,E01021795,0,1
2025411607837,2025,411607837,2,19,0,-1,1,8,4,-1,0,0,0,0,0,0,2,1,-1,6,1,23,5,-1,-1,-1,-1,5,E01015992,0,4
2025411607847,2025,411607847,1,9,0,-1,19,4,8,-1,0,1,0,0,0,0,1,1,-1,6,1,57,9,-1,-1,-1,-1,3,E01023866,0,1
2025411607847,2025,411607847,2,9,0,-1,10,4,1,-1,0,1,0,0,0,0,2,1,-1,6,2,44,7,-1,-1,-1,-1,9,E01035572,0,1
2025411607857,2025,411607857,1,9,0,-1,19,3,7,-1,0,0,0,0,0,0,1,1,-1,6,2,39,7,-1,-1,-1,-1,6,E01002165,0,3
2025411607857,2025,411607857,2,9,0,-1,19,3,7,-1,0,0,0,0,0,0,1,1,-1,6,1,65,9,-1,-1,-1,-1,8,E01023569,0,1
2025411607857,2025,411607857,3,9,0,-1,19,3,7,-1,0,0,0,0,0,0,1,1,-1,6,1,47,8,-1,-1,-1,-1,10,E01023628,0,4
2025411608065,2025,411608065,2,97,0,-1,99,-1,-1,-1,99,0,9,99,9,99,9,1,-1,6,1,23,5,-1,-1,-1,-1,7,E01023618,0,1
2025411608065,2025,411608065,1,9,0,-1,12,-1,-1,-1,0,0,9,99,0,0,3,1,-1,6,1,52,8,-1,-1,-1,-1,6,E01023600,0,1
2025411608279,2025,411608279,2,9,-1,-1,-1,-1,-1,-1,-1,1,-1,-1,-1,0,0,9,-1,6,3,-1,-1,-1,-1,-1,-1,-1,-1,0,-1
2025411608279,2025,411608279,1,9,0,-1,19,6,2,-1,0,1,0,0,1,1,1,1,-1,6,1,34,6,-1,-1,-1,-1,2,E01035571,0,3
2025411608330,2025,411608330,2,9,0,-1,5,5,8,-1,0,2,0,0,0,0,3,1,-1,6,1,43,7,-1,-1,-1,-1,-1,-1,0,-1
2025411608330,2025,411608330,1,9,0,-1,19,3,8,-1,0,2,0,10,0,0,1,1,-1,6,1,18,4,-1,-1,-1,-1,10,E01023821,0,1
2025411608436,2025,411608436,1,3,0,-1,19,2,6,-1,0,4,0,0,0,0,1,1,-1,6,1,17,4,-1,-1,-1,-1,5,E01023386,0,1
2025411608436,2025,411608436,2,9,0,-1,9,5,2,-1,0,4,0,0,0,0,3,1,-1,6,-1,-1,-1,-1,-1,-1,-1,-1,-1,0,-1
2025411608802,2025,411608802,2,19,0,-1,3,-1,-1,-1,0,8,9,0,0,0,3,1,-1,6,1,-1,-1,-1,-1,-1,-1,-1,-1,0,-1
2025411608802,2025,411608802,1,1,0,-1,3,-1,-1,-1,0,8,0,0,0,0,2,1,-1,6,1,53,8,-1,-1,-1,-1,7,E01023307,0,1
2025411609111,2025,411609111,1,1,0,-1,19,5,1,-1,0,8,2,0,0,0,1,1,-1,6,1,33,6,-1,-1,-1,-1,10,E01023667,0,1
2025411609111,2025,411609111,2,97,0,-1,10,8,5,-1,0,6,9,0,0,0,3,1,-1,6,2,-1,-1,-1,-1,-1,-1,-1,-1,0,-1
2025411609426,2025,411609426,1,9,0,-1,19,3,7,-1,0,0,0,0,0,0,1,1,-1,9,2,59,9,-1,-1,-1,-1,6,E01023835,0,1
2025411609426,2025,411609426,2,9,0,-1,-1,-1,-1,-1,-1,0,-1,-1,-1,0,-1,1,-1,6,1,-1,-1,-1,-1,-1,-1,-1,-1,0,-1
2025411609426,2025,411609426,3,9,0,-1,2,0,0,-1,0,0,0,0,0,0,3,1,-1,6,-1,-1,-1,-1,-1,-1,-1,-1,-1,0,-1
2025411609483,2025,411609483,1,3,0,-1,8,-1,-1,-1,99,4,9,0,0,0,2,1,-1,1,1,38,7,-1,-1,-1,-1,5,E01023862,0,1
2025411609483,2025,411609483,2,9,0,-1,19,-1,-1,-1,99,4,9,99,3,0,1,1,-1,6,1,82,11,-1,-1,-1,-1,10,E01023558,0,1
2025411609554,2025,411609554,1,9,0,-1,1,2,6,-1,0,0,0,0,0,0,2,9,-1,6,2,65,9,-1,-1,-1,-1,7,E01023360,0,1
2025411609575,2025,411609575,2,19,0,-1,5,6,2,-1,0,0,0,0,0,0,1,1,-1,1,1,54,8,-1,-1,-1,-1,3,E01023793,0,4
2025411609575,2025,411609575,1,1,0,-1,5,6,1,-1,0,0,0,0,0,0,2,1,-1,2,1,58,9,-1,-1,-1,-1,8,E01018227,0,1
2025411609586,2025,411609586,1,9,0,-1,8,-1,-1,-1,0,1,0,0,0,0,2,1,-1,7,2,29,6,-1,-1,-1,-1,6,E01023392,0,1
2025411609586,2025,411609586,2,8,0,-1,99,-1,-1,-1,0,1,0,0,0,0,4,1,-1,6,1,-1,-1,-1,-1,-1,-1,9,E01002191,0,3
2025411609868,2025,411609868,1,3,0,-1,13,4,8,-1,0,5,0,0,0,0,1,1,-1,1,1,45,7,-1,-1,-1,-1,2,E01015735,0,2
2025411609868,2025,411609868,2,9,0,-1,9,4,2,-1,0,5,0,0,0,0,3,1,-1,2,2,47,8,-1,-1,-1,-1,7,E01015719,0,2
2025411609895,2025,411609895,1,9,0,-1,7,5,7,-1,0,3,0,0,0,0,1,1,-1,6,1,58,9,-1,-1,-1,-1,-1,-1,0,-1
2025411609981,2025,411609981,2,1,0,-1,19,5,3,-1,0,4,0,0,0,0,4,1,-1,6,1,77,11,-1,-1,-1,-1,9,E01023389,0,1
2025411609981,2025,411609981,1,9,0,-1,19,7,3,-1,0,4,0,0,0,0,1,1,-1,6,1,31,6,-1,-1,-1,-1,6,E01035563,0,1
2025411609988,2025,411609988,2,9,0,-1,2,0,0,-1,0,0,0,0,0,0,2,1,-1,6,1,-1,-1,-1,-1,-1,-1,6,E01023583,0,2
2025411609988,2025,411609988,1,9,0,-1,19,6,2,-1,0,0,0,4,0,0,1,1,-1,6,2,25,5,-1,-1,-1,-1,6,E01023532,0,1
2025411610000,2025,411610000,1,9,0,-1,9,3,1,-1,0,8,0,0,0,0,1,1,-1,6,1,76,11,-1,-1,-1,-1,2,E01035586,0,1
2025411610000,2025,411610000,2,1,0,-1,19,1,5,-1,0,1,0,0,0,0,1,1,-1,6,2,45,7,-1,-1,-1,-1,2,E01035585,0,1
2025411610087,2025,411610087,1,9,0,-1,5,6,2,-1,0,1,0,0,0,0,1,1,-1,9,2,57,9,-1,-1,-1,-1,9,E01023854,0,1
2025411610087,2025,411610087,2,1,0,-1,19,8,4,-1,0,8,0,0,0,0,3,1,-1,9,1,52,8,-1,-1,-1,-1,4,E01001816,0,4
2025411610103,2025,411610103,1,98,-1,-1,-1,-1,-1,-1,-1,0,-1,-1,-1,0,-1,9,-1,6,3,-1,-1,-1,-1,-1,-1,-1,-1,0,-1
2025411610103,2025,411610103,2,9,0,-1,13,5,1,-1,0,0,0,0,7,7,1,1,-1,2,1,33,6,-1,-1,-1,-1,4,E01023796,0,1
2025411610459,2025,411610459,1,9,0,-1,2,1,1,-1,0,1,0,0,0,0,3,1,-1,6,2,53,8,-1,-1,-1,-1,4,E01023303,0,1
2025411610459,2025,411610459,2,9,0,-1,4,1,5,-1,0,1,0,0,0,0,1,1,-1,6,2,67,10,-1,-1,-1,-1,4,E01023333,0,1
2025411610473,2025,411610473,3,19,0,-1,4,4,8,-1,0,0,0,0,0,0,2,1,-1,6,1,61,9,-1,-1,-1,-1,4,E01033940,0,2
2025411610473,2025,411610473,4,19,0,-1,4,4,8,-1,0,0,0,0,0,0,1,1,-1,6,1,21,5,-1,-1,-1,-1,10,E01023558,0,1
2025411610473,2025,411610473,1,9,0,-1,4,4,7,-1,0,0,0,0,0,0,2,1,-1,9,1,37,7,-1,-1,-1,-1,10,E01023563,0,1
2025411610473,2025,411610473,2,9,0,-1,4,4,8,-1,0,0,0,0,0,0,2,1,-1,9,1,27,6,-1,-1,-1,-1,5,E01023862,0,1
2025411610562,2025,411610562,1,1,0,-1,19,7,3,-1,0,0,0,11,0,0,4,1,-1,6,1,62,9,-1,-1,-1,-1,10,E01023825,0,1
2025411610562,2025,411610562,2,9,0,-1,-1,-1,-1,-1,-1,0,-1,-1,-1,0,-1,9,-1,6,3,-1,-1,-1,-1,-1,-1,-1,-1,0,-1
2025411610616,2025,411610616,2,3,0,-1,19,4,8,-1,0,8,0,0,0,0,4,1,-1,6,1,31,6,-1,-1,-1,-1,8,E01023850,0,1
2025411610616,2025,411610616,1,9,0,-1,9,7,3,-1,0,6,0,0,0,0,1,1,-1,6,1,77,11,-1,-1,-1,-1,10,E01023813,0,1
2025411610941,2025,411610941,2,9,0,-1,10,6,2,-1,0,0,1,0,0,0,2,1,-1,1,1,42,7,-1,-1,-1,-1,9,E01023706,0,1
2025411610941,2025,411610941,4,9,0,-1,19,0,0,-1,0,0,0,0,1,0,1,1,-1,9,1,60,9,-1,-1,-1,-1,6,E01023583,0,1
2025411610941,2025,411610941,3,9,0,-1,19,2,6,-1,0,0,0,0,0,0,1,1,-1,6,1,73,10,-1,-1,-1,-1,5,E01023431,0,3
2025411610941,2025,411610941,1,21,0,-1,19,6,2,-1,0,0,0,0,0,0,1,1,-1,1,1,35,6,-1,-1,-1,-1,2,E01002505,0,4
2025411611027,2025,411611027,1,9,0,-1,5,3,7,-1,0,1,0,0,0,0,1,1,-1,6,1,46,8,-1,-1,-1,-1,6,E01023491,0,1
2025411611031,2025,411611031,1,9,0,-1,19,5,1,-1,0,0,0,0,0,0,1,1,-1,9,2,88,11,-1,-1,-1,-1,10,E01023647,0,1
2025411611031,2025,411611031,2,98,0,-1,19,5,1,-1,0,0,0,0,0,0,2,1,-1,2,1,47,8,-1,-1,-1,-1,5,E01023661,0,3
2025411611398,2025,411611398,1,19,0,-1,19,1,5,-1,0,3,0,0,0,0,1,1,-1,1,1,38,7,-1,-1,-1,-1,6,E01023762,0,1
2025411611398,2025,411611398,2,9,0,-1,19,7,3,-1,0,4,0,0,0,0,4,1,-1,6,2,48,8,-1,-1,-1,-1,-1,-1,0,-1
2025411611464,2025,411611464,1,19,0,-1,1,1,5,-1,9,8,0,0,0,0,2,1,-1,1,1,75,10,-1,-1,-1,-1,4,E01023393,0,1
2025411611473,2025,411611473,1,19,0,-1,4,4,8,-1,0,0,0,0,0,0,1,1,-1,1,1,60,9,-1,-1,-1,-1,6,E01002125,0,2
2025411611473,2025,411611473,2,9,0,-1,4,4,8,-1,0,0,0,0,0,0,2,1,-1,2,1,-1,-1,-1,-1,-1,-1,4,E01034612,0,3
2025411611473,2025,411611473,3,19,0,-1,4,4,8,-1,0,0,0,0,0,0,2,1,-1,1,1,62,9,-1,-1,-1,-1,8,E01000204,0,3
2025411612520,2025,411612520,1,9,0,-1,19,1,5,-1,0,0,1,0,5,6,1,1,-1,6,1,19,4,-1,-1,-1,-1,1,E01010140,0,5
2025411612557,2025,411612557,1,9,0,-1,19,5,1,-1,0,0,0,0,1,0,2,1,-1,6,3,-1,-1,-1,-1,-1,-1,-1,-1,0,-1
2025411612557,2025,411612557,2,9,0,-1,19,5,1,-1,0,0,0,0,1,0,1,1,-1,6,2,32,6,-1,-1,-1,-1,5,E01001150,0,4
2025411613057,2025,411613057,1,9,0,-1,5,3,7,-1,0,1,0,0,0,0,1,1,-1,7,2,45,7,-1,-1,-1,-1,10,E01023354,0,1
2025411613057,2025,411613057,2,4,0,-1,19,1,5,-1,9,1,1,0,0,0,1,1,-1,1,1,40,7,-1,-1,-1,-1,4,E01015711,0,3
2025411613587,2025,411613587,1,19,0,-1,19,1,5,-1,0,0,0,0,0,0,1,1,-1,1,1,58,9,-1,-1,-1,-1,8,E01023481,0,3
2025411613667,2025,411613667,1,9,0,-1,19,4,8,-1,0,0,2,0,1,0,1,1,-1,6,1,80,11,-1,-1,-1,-1,6,E01023723,0,1
2025411613667,2025,411613667,2,9,0,-1,19,8,4,-1,0,0,1,0,0,0,1,1,-1,6,2,60,9,-1,-1,-1,-1,4,E01023393,0,2
2025411614101,2025,411614101,2,9,0,-1,19,8,4,-1,0,0,0,10,0,0,1,1,-1,9,2,51,8,-1,-1,-1,-1,2,E01002227,0,3
2025411614101,2025,411614101,1,9,0,-1,19,4,8,-1,0,0,0,10,0,0,1,1,-1,9,1,54,8,-1,-1,-1,-1,3,E01023669,0,1
2025411614187,2025,411614187,2,9,0,-1,19,3,7,-1,0,0,0,0,0,0,1,1,-1,1,1,52,8,-1,-1,-1,-1,7,E01033974,0,4
2025411614187,2025,411614187,1,9,0,-1,19,7,3,-1,0,0,0,0,0,0,1,1,-1,6,1,30,6,-1,-1,-1,-1,6,E01023325,0,1
2025411614197,2025,411614197,1,9,0,-1,19,5,1,-1,0,0,1,11,5,0,3,1,-1,9,1,32,6,-1,-1,-1,-1,9,E01002192,0,4
2025411614197,2025,411614197,2,19,0,-1,19,5,1,-1,0,0,2,0,0,0,1,1,-1,2,1,34,6,-1,-1,-1,-1,4,E01023534,0,3
2025411614206,2025,411614206,1,9,0,-1,19,8,4,-1,0,1,0,0,0,0,4,1,-1,6,2,44,7,-1,-1,-1,-1,9,E01035572,0,1
2025411614616,2025,411614616,1,9,0,-1,19,8,3,-1,0,0,0,10,0,0,1,1,-1,6,2,89,11,-1,-1,-1,-1,10,E01023971,0,1
2025411614616,2025,411614616,2,19,0,-1,2,0,0,-1,0,0,0,0,0,0,2,1,-1,6,1,38,7,-1,-1,-1,-1,5,E01023939,0,1
2025411615660,2025,411615660,1,9,0,-1,19,4,8,-1,0,0,0,0,0,0,1,1,-1,1,1,66,10,-1,-1,-1,-1,7,E01017564,0,4
2025411615705,2025,411615705,2,9,0,-1,5,3,7,-1,0,2,0,0,0,0,1,1,-1,6,1,78,11,-1,-1,-1,-1,8,E01018290,0,2
2025411615705,2025,411615705,1,97,0,-1,19,1,5,-1,0,1,0,0,0,0,0,1,-1,6,1,27,6,-1,-1,-1,-1,6,E01023593,0,1
2025411615819,2025,411615819,1,9,0,-1,19,4,8,-1,0,0,0,0,0,0,1,1,-1,2,2,25,5,-1,-1,-1,-1,5,E01035569,0,3
2025411615896,2025,411615896,1,3,0,-1,19,4,8,-1,0,2,0,0,0,0,1,1,-1,1,1,41,7,-1,-1,-1,-1,5,E01000313,0,3
2025411615896,2025,411615896,2,9,0,-1,6,6,4,-1,0,7,0,0,0,0,2,1,-1,9,1,33,6,-1,-1,-1,-1,8,E01000227,0,2
2025411615929,2025,411615929,3,9,0,-1,4,5,1,-1,0,0,0,0,0,0,1,1,-1,6,1,26,6,-1,-1,-1,-1,9,E01023726,0,2
2025411615929,2025,411615929,2,9,0,-1,4,5,1,-1,0,0,0,0,0,0,1,1,-1,6,1,70,10,-1,-1,-1,-1,5,E01015775,0,2
2025411615929,2025,411615929,1,9,0,-1,4,5,1,-1,0,0,0,0,0,0,2,1,-1,6,3,-1,-1,-1,-1,-1,-1,-1,-1,0,-1
2025411615929,2025,411615929,4,9,0,-1,4,5,1,-1,0,0,0,0,0,0,1,1,-1,6,1,32,6,-1,-1,-1,-1,6,E01002745,0,4
2025411616173,2025,411616173,2,9,0,-1,19,7,3,-1,0,8,0,0,0,0,1,9,-1,6,3,-1,-1,-1,-1,-1,-1,-1,-1,0,-1
2025411616173,2025,411616173,1,1,0,-1,19,1,5,-1,0,8,0,0,0,0,3,1,-1,7,2,12,3,-1,-1,-1,-1,4,E01023330,0,1
2025411616238,2025,411616238,1,9,0,-1,19,6,2,-1,0,0,0,4,3,11,1,1,-1,6,1,93,11,-1,-1,-1,-1,6,E01023593,0,1
2025411616238,2025,411616238,3,9,0,-1,2,0,0,-1,0,0,0,0,0,0,1,1,-1,6,-1,-1,-1,-1,-1,-1,-1,-1,-1,0,-1
2025411616238,2025,411616238,4,19,0,-1,2,0,0,-1,0,0,0,0,0,0,2,1,-1,6,-1,-1,-1,-1,-1,-1,-1,-1,-1,0,-1
2025411616238,2025,411616238,2,9,0,-1,2,0,0,-1,0,0,0,0,0,0,2,1,-1,6,-1,-1,-1,-1,-1,-1,-1,-1,-1,0,-1
2025411616267,2025,411616267,2,1,0,-1,7,6,1,-1,0,1,0,0,0,0,3,1,-1,9,2,66,10,-1,-1,-1,-1,8,E01023311,0,1
2025411616267,2025,411616267,1,9,0,-1,9,4,6,-1,0,1,0,0,0,0,3,1,-1,9,1,23,5,-1,-1,-1,-1,5,E01023295,0,1
2025411617248,2025,411617248,1,9,0,-1,9,4,8,-1,0,1,0,0,0,0,1,1,-1,6,2,40,7,-1,-1,-1,-1,9,E01020350,0,5
2025411617248,2025,411617248,2,1,0,-1,19,7,3,-1,0,1,0,0,0,0,1,1,-1,6,1,51,8,-1,-1,-1,-1,-1,-1,0,-1
2025411617305,2025,411617305,1,9,0,-1,19,5,7,-1,0,8,0,0,0,0,1,1,-1,6,1,38,7,-1,-1,-1,-1,3,E01023865,0,1
2025411618891,2025,411618891,2,9,0,-1,19,5,1,-1,0,0,0,0,1,9,3,1,-1,7,1,40,7,-1,-1,-1,-1,10,E01033189,0,1
2025411618891,2025,411618891,1,9,0,-1,13,5,1,-1,0,0,0,0,4,6,4,1,-1,2,2,47,8,-1,-1,-1,-1,5,E01000491,0,4
2025411620310,2025,411620310,2,9,0,-1,4,3,7,-1,0,8,0,0,0,0,1,1,-1,6,1,58,9,-1,-1,-1,-1,4,E01015751,0,3
2025411620310,2025,411620310,1,9,0,-1,9,4,6,-1,0,8,0,0,0,0,1,1,-1,6,2,23,5,-1,-1,-1,-1,9,E01017576,0,3
2025411621617,2025,411621617,1,-1,0,-1,9,5,3,-1,0,0,0,0,0,0,1,1,-1,6,1,36,7,-1,-1,-1,-1,3,E01023951,1,1
2025411621617,2025,411621617,2,9,0,-1,19,3,7,-1,0,0,0,0,0,0,1,1,-1,6,1,34,6,-1,-1,-1,-1,3,E01023951,0,1