collision_index,collision_year,collision_ref_no,vehicle_reference,vehicle_type,towing_and_articulation,vehicle_manoeuvre_historic,vehicle_manoeuvre,vehicle_direction_from,vehicle_direction_to,vehicle_location_restricted_lane_historic,vehicle_location_restricted_lane,junction_location,skidding_and_overturning,hit_object_in_carriageway,vehicle_leaving_carriageway,hit_object_off_carriageway,first_point_of_impact,vehicle_left_hand_drive,journey_purpose_of_driver_historic,journey_purpose_of_driver,sex_of_driver,age_of_driver,age_band_of_driver,engine_capacity_cc,propulsion_code,age_of_vehicle,generic_make_model,driver_imd_decile,lsoa_of_driver,escooter_flag,driver_distance_banding
2025411621953,2025,411621953,2,1,0,-1,19,4,8,-1,0,4,0,0,0,0,1,1,-1,9,1,61,9,-1,-1,-1,-1,8,E01023917,0,2
2025411621953,2025,411621953,1,9,0,-1,19,7,3,-1,0,4,0,0,0,0,4,1,-1,9,1,83,11,-1,-1,-1,-1,10,E01023686,0,1
2025411622114,2025,411622114,1,9,0,-1,4,2,6,-1,0,0,0,0,0,0,0,1,-1,6,2,54,8,-1,-1,-1,-1,4,E01023914,0,2
2025411622533,2025,411622533,1,9,0,-1,19,4,8,-1,0,1,0,0,0,0,1,1,-1,2,2,28,6,-1,-1,-1,-1,8,E01033815,0,4
2025411622533,2025,411622533,2,9,0,-1,19,1,6,-1,0,1,0,0,7,9,1,1,-1,9,2,79,11,-1,-1,-1,-1,6,E01002745,0,4
2025411622607,2025,411622607,1,9,0,-1,19,1,5,-1,0,0,1,0,1,0,1,9,-1,9,1,39,7,-1,-1,-1,-1,10,E01023455,0,1
2025411622607,2025,411622607,2,9,0,-1,12,5,1,-1,0,0,0,0,7,0,1,1,-1,9,1,20,4,-1,-1,-1,-1,-1,-1,0,-1
2025411622928,2025,411622928,1,9,0,-1,19,5,1,-1,0,1,0,0,1,0,1,1,-1,6,2,53,8,-1,-1,-1,-1,4,E01023783,0,1
2025411623356,2025,411623356,2,9,0,-1,19,3,7,-1,0,1,0,0,0,0,1,1,-1,6,2,60,9,-1,-1,-1,-1,-1,-1,0,-1
2025411623356,2025,411623356,1,9,0,-1,9,7,3,-1,0,1,0,0,0,0,1,1,-1,6,1,31,6,-1,-1,-1,-1,9,E01023653,0,1
2025411623389,2025,411623389,2,98,0,-1,19,1,5,-1,0,8,0,0,0,0,1,1,-1,1,1,31,6,-1,-1,-1,-1,8,E01017690,0,4
2025411623389,2025,411623389,1,9,0,-1,19,7,3,-1,0,8,0,0,0,0,1,1,-1,9,2,72,10,-1,-1,-1,-1,9,E01023619,0,1
2025411623397,2025,411623397,2,9,0,-1,3,1,8,-1,0,0,0,0,0,0,1,9,-1,9,1,66,10,-1,-1,-1,-1,4,E01017581,0,3
2025411623397,2025,411623397,1,9,0,-1,19,4,5,-1,0,0,0,0,0,0,4,1,-1,9,2,90,11,-1,-1,-1,-1,7,E01023356,0,1
2025411624341,2025,411624341,2,9,0,-1,19,3,7,-1,0,8,0,0,0,0,1,1,-1,9,2,37,7,-1,-1,-1,-1,4,E01023766,0,1
2025411624341,2025,411624341,1,9,0,-1,9,5,1,-1,0,1,0,0,0,0,3,1,-1,9,1,22,5,-1,-1,-1,-1,6,E01023475,0,3
2025411624429,2025,411624429,1,9,0,-1,5,3,7,-1,0,1,0,0,0,0,1,1,-1,6,2,27,6,-1,-1,-1,-1,6,E01023762,0,2
2025411624429,2025,411624429,2,5,0,-1,3,3,7,-1,0,1,0,0,0,0,2,1,-1,6,1,30,6,-1,-1,-1,-1,9,E01017495,0,4
2025411624782,2025,411624782,2,1,0,-1,19,7,4,-1,0,0,2,0,0,0,1,1,-1,9,2,40,7,-1,-1,-1,-1,-1,-1,0,-1
2025411624782,2025,411624782,1,9,0,-1,6,3,3,-1,0,0,0,0,0,0,1,1,-1,9,1,78,11,-1,-1,-1,-1,6,E01023314,0,1
2025411625283,2025,411625283,1,9,0,-1,19,3,7,-1,0,0,0,0,0,0,1,1,-1,6,1,77,11,-1,-1,-1,-1,10,E01023586,0,2
2025411625283,2025,411625283,2,9,0,-1,4,3,7,-1,0,0,0,0,0,0,2,1,-1,6,1,40,7,-1,-1,-1,-1,9,E01023655,0,1
2025411625811,2025,411625811,3,19,0,-1,3,4,1,-1,0,0,0,0,0,0,0,9,-1,1,1,46,8,-1,-1,-1,-1,5,E01017388,0,4
2025411625811,2025,411625811,1,9,0,-1,19,6,1,-1,0,0,0,0,0,0,1,9,-1,9,2,54,8,-1,-1,-1,-1,9,E01023946,0,1
2025411625811,2025,411625811,2,9,0,-1,5,4,1,-1,0,0,0,10,0,0,3,9,-1,9,1,83,11,-1,-1,-1,-1,10,E01023626,0,2
2025411626249,2025,411626249,1,9,0,-1,19,1,5,-1,0,0,0,0,0,0,1,1,-1,6,1,26,6,-1,-1,-1,-1,5,E01023429,0,2
2025411626249,2025,411626249,2,4,0,-1,19,5,1,-1,0,0,0,0,0,0,1,1,-1,6,1,36,7,-1,-1,-1,-1,10,E01023733,0,1
2025411626291,2025,411626291,1,9,0,-1,19,4,8,-1,0,0,0,0,1,0,1,1,-1,6,1,18,4,-1,-1,-1,-1,10,E01023647,0,1
2025411627458,2025,411627458,1,9,0,-1,19,2,6,-1,0,0,5,0,1,10,4,1,-1,6,2,28,6,-1,-1,-1,-1,8,E01033028,0,2
2025411627750,2025,411627750,1,9,0,-1,19,1,5,-1,0,0,0,0,0,0,3,1,-1,9,1,38,7,-1,-1,-1,-1,4,E01023772,0,3
2025411627750,2025,411627750,2,9,0,-1,19,7,3,-1,0,0,0,0,0,0,4,1,-1,9,1,47,8,-1,-1,-1,-1,10,E01023948,0,2
2025411629071,2025,411629071,3,9,0,-1,2,0,0,-1,0,0,0,0,0,0,4,1,-1,6,-1,-1,-1,-1,-1,-1,-1,-1,-1,0,-1
2025411629071,2025,411629071,1,9,0,-1,19,1,5,-1,0,0,0,0,0,0,1,1,-1,6,1,57,9,-1,-1,-1,-1,6,E01023556,0,1
2025411629071,2025,411629071,2,9,0,-1,2,0,0,-1,0,0,0,0,0,0,4,1,-1,6,-1,-1,-1,-1,-1,-1,-1,-1,-1,0,-1
2025411629184,2025,411629184,2,9,0,-1,2,0,0,-1,0,0,0,0,0,0,2,1,-1,6,-1,-1,-1,-1,-1,-1,-1,-1,-1,0,-1
2025411629184,2025,411629184,1,9,0,-1,19,2,4,-1,0,0,0,0,0,0,1,1,-1,6,1,37,7,-1,-1,-1,-1,8,E01023678,0,1
2025411631970,2025,411631970,2,9,0,-1,19,4,8,-1,0,0,0,0,0,0,3,1,-1,9,2,76,11,-1,-1,-1,-1,10,E01023516,0,1
2025411631970,2025,411631970,1,9,0,-1,19,8,4,-1,0,0,0,0,7,11,3,1,-1,9,1,34,6,-1,-1,-1,-1,3,E01001476,0,3
2025411633803,2025,411633803,1,9,0,-1,19,1,5,-1,0,0,0,0,0,0,1,1,-1,6,1,52,8,-1,-1,-1,-1,2,E01034056,0,5
2025411633803,2025,411633803,2,9,0,-1,19,1,5,-1,0,0,0,0,0,0,2,1,-1,6,1,41,7,-1,-1,-1,-1,10,E01002189,0,4
2025411633863,2025,411633863,2,19,0,-1,19,1,5,-1,0,0,0,0,0,0,1,1,-1,6,1,22,5,-1,-1,-1,-1,10,E01017462,0,4
2025411633863,2025,411633863,1,9,0,-1,4,1,5,-1,0,0,0,0,0,0,2,1,-1,6,1,37,7,-1,-1,-1,-1,4,E01002650,0,4
2025411633863,2025,411633863,3,9,0,-1,19,1,5,-1,0,0,0,0,0,0,1,1,-1,6,1,31,6,-1,-1,-1,-1,5,E01009262,0,5
2025411635827,2025,411635827,1,9,0,-1,19,5,1,-1,0,8,0,0,1,4,1,1,-1,6,-1,-1,-1,-1,-1,-1,-1,-1,-1,0,-1
2025411636229,2025,411636229,1,3,0,-1,19,1,5,-1,0,1,0,0,0,0,1,1,-1,2,1,22,5,-1,-1,-1,-1,7,E01023736,0,1
2025411636229,2025,411636229,2,9,0,-1,4,1,5,-1,0,1,0,0,0,0,2,1,-1,6,3,-1,-1,-1,-1,-1,-1,-1,-1,0,-1
2025411636636,2025,411636636,1,5,0,-1,19,7,3,-1,0,1,0,0,1,0,1,1,-1,9,1,22,5,-1,-1,-1,-1,4,E01023395,0,1
2025411636831,2025,411636831,2,9,0,-1,1,1,5,-1,0,0,0,0,0,0,2,1,-1,6,2,39,7,-1,-1,-1,-1,9,E01023254,0,4
2025411636831,2025,411636831,1,97,0,-1,19,3,7,-1,0,0,0,0,0,0,1,1,-1,6,2,30,6,-1,-1,-1,-1,5,E01023431,0,1
2025411637678,2025,411637678,1,9,0,-1,19,4,8,-1,0,1,5,7,0,0,1,1,-1,6,1,57,9,-1,-1,-1,-1,9,E01023428,0,1
2025411640204,2025,411640204,1,9,0,-1,19,7,3,-1,0,0,1,10,7,11,1,1,-1,9,1,47,8,-1,-1,-1,-1,7,E01001537,0,4
2025411648294,2025,411648294,2,1,0,-1,19,5,1,-1,0,1,0,0,0,0,3,1,-1,6,1,9,2,-1,-1,-1,-1,-1,-1,0,-1
2025411648294,2025,411648294,1,9,0,-1,19,7,3,-1,0,1,0,0,0,0,1,1,-1,6,1,36,7,-1,-1,-1,-1,3,E01001516,0,4
2025411650720,2025,411650720,1,9,0,-1,9,3,1,-1,0,0,0,0,0,0,1,1,-1,9,1,62,9,-1,-1,-1,-1,9,E01017403,0,4
2025411650766,2025,411650766,2,9,0,-1,5,7,3,-1,0,6,0,0,0,0,1,1,-1,2,1,40,7,-1,-1,-1,-1,3,E01017619,0,4
2025411650766,2025,411650766,1,9,0,-1,19,5,1,-1,0,1,0,0,0,0,4,1,-1,2,2,30,6,-1,-1,-1,-1,10,E01032962,0,4
2025411653840,2025,411653840,2,97,0,-1,19,8,4,-1,0,0,0,0,0,0,2,1,-1,6,1,68,10,-1,-1,-1,-1,10,E01023603,0,2
2025411653840,2025,411653840,1,9,0,-1,19,8,4,-1,0,0,0,0,0,0,1,1,-1,6,1,73,10,-1,-1,-1,-1,10,E01027280,0,4
2025411653959,2025,411653959,1,8,0,-1,1,6,2,-1,0,0,0,0,0,0,2,1,-1,1,-1,-1,-1,-1,-1,-1,-1,-1,-1,0,-1
2025411658158,2025,411658158,2,5,0,-1,13,7,3,-1,0,0,0,0,0,0,1,1,-1,1,1,54,8,-1,-1,-1,-1,5,E01021843,0,1
2025411658158,2025,411658158,1,9,0,-1,6,7,7,-1,0,0,0,0,0,0,3,1,-1,1,1,35,6,-1,-1,-1,-1,10,E01023515,0,3
2025421536628,2025,421536628,1,9,0,-1,19,1,5,-1,0,2,0,0,0,0,1,1,-1,6,1,27,6,-1,-1,-1,-1,-1,-1,0,-1
2025421536628,2025,421536628,2,1,0,-1,19,3,7,-1,0,6,0,0,0,0,1,1,-1,6,1,14,3,-1,-1,-1,-1,2,E01021315,0,1
2025421536640,2025,421536640,1,9,0,-1,19,6,2,-1,0,4,0,0,0,0,1,1,-1,6,1,17,4,-1,-1,-1,-1,9,E01035177,0,1
2025421536640,2025,421536640,2,9,0,-1,9,4,2,-1,0,8,0,0,1,0,4,1,-1,6,2,63,9,-1,-1,-1,-1,4,E01022022,0,4
2025421536642,2025,421536642,1,97,0,-1,13,7,3,-1,0,8,2,0,0,0,4,1,-1,6,1,21,5,-1,-1,-1,-1,2,E01015820,0,1
2025421536642,2025,421536642,2,9,0,-1,9,7,5,-1,0,8,0,0,0,0,3,1,-1,6,1,43,7,-1,-1,-1,-1,10,E01015830,0,1
2025421536668,2025,421536668,1,9,0,-1,19,7,3,-1,9,0,1,0,1,2,4,1,-1,6,3,18,4,-1,-1,-1,-1,-1,-1,0,-1
2025421536826,2025,421536826,1,9,0,-1,19,7,3,-1,0,1,0,0,0,0,1,1,-1,2,2,50,8,-1,-1,-1,-1,10,E01021364,0,1
2025421536902,2025,421536902,2,9,0,-1,19,5,2,-1,0,8,0,0,0,0,4,1,-1,6,2,53,8,-1,-1,-1,-1,3,E01021318,0,2
2025421536902,2025,421536902,1,9,0,-1,19,7,3,-1,0,4,0,0,0,0,1,1,-1,9,1,32,6,-1,-1,-1,-1,5,E01021518,0,2
2025421536942,2025,421536942,1,9,0,-1,19,6,3,-1,9,0,1,0,2,4,1,1,-1,9,1,20,4,-1,-1,-1,-1,4,E01022024,0,1
2025421537000,2025,421537000,1,9,0,-1,19,4,8,-1,0,0,0,0,0,0,1,9,-1,1,3,-1,-1,-1,-1,-1,-1,-1,-1,0,-1
2025421537000,2025,421537000,2,9,0,-1,19,4,8,-1,0,0,0,0,0,0,2,1,-1,6,2,33,6,-1,-1,-1,-1,2,E01003483,0,3
2025421537012,2025,421537012,1,9,0,-1,19,2,6,-1,0,0,2,0,2,7,4,1,-1,6,1,18,4,-1,-1,-1,-1,7,E01022097,0,3
2025421537038,2025,421537038,1,1,0,-1,19,1,6,-1,0,3,0,0,0,0,4,1,-1,2,1,31,6,-1,-1,-1,-1,9,E01035177,0,1
2025421537038,2025,421537038,2,9,0,-1,19,3,8,-1,0,4,0,0,0,0,1,2,-1,6,3,-1,-1,-1,-1,-1,-1,-1,-1,0,-1
2025421537133,2025,421537133,1,9,0,-1,19,5,1,-1,0,0,0,0,1,0,1,1,-1,2,1,38,7,-1,-1,-1,-1,4,E01021425,0,3
2025421537133,2025,421537133,2,19,0,-1,19,1,5,-1,0,0,1,0,1,0,1,1,-1,1,1,46,8,-1,-1,-1,-1,5,E01033459,0,1
2025421537253,2025,421537253,1,9,0,-1,19,8,4,-1,0,1,1,0,0,0,1,1,-1,6,1,54,8,-1,-1,-1,-1,8,E01029913,0,2
2025421537253,2025,421537253,2,9,0,-1,19,8,4,-1,0,1,0,0,0,0,2,1,-1,6,2,51,8,-1,-1,-1,-1,8,E01029917,0,3
2025421537304,2025,421537304,1,9,0,-1,19,2,6,-1,0,8,0,0,0,0,3,1,-1,6,2,46,8,-1,-1,-1,-1,2,E01033722,0,1
2025421537304,2025,421537304,2,19,0,-1,19,8,3,-1,0,1,0,0,0,0,1,1,-1,1,1,52,8,-1,-1,-1,-1,6,E01021705,0,1
2025421537312,2025,421537312,2,21,1,-1,19,7,3,-1,0,0,0,0,0,0,1,1,-1,1,1,41,7,-1,-1,-1,-1,1,E01003515,0,4
2025421537312,2025,421537312,1,9,0,-1,12,7,3,-1,0,0,1,0,0,0,3,1,-1,9,1,24,5,-1,-1,-1,-1,9,E01034360,0,1
2025421537395,2025,421537395,2,9,0,-1,19,3,5,-1,0,8,0,0,7,0,1,1,-1,9,2,45,7,-1,-1,-1,-1,3,E01021823,0,2
2025421537395,2025,421537395,1,9,0,-1,19,1,5,-1,0,8,0,0,0,0,3,1,-1,9,2,45,7,-1,-1,-1,-1,10,E01023503,0,1
2025421537494,2025,421537494,1,9,0,-1,19,2,6,-1,0,8,1,0,3,0,3,1,-1,6,1,19,4,-1,-1,-1,-1,-1,-1,0,-1
2025421537494,2025,421537494,2,9,0,-1,19,2,6,-1,0,1,0,0,0,0,0,1,-1,1,1,29,6,-1,-1,-1,-1,8,E01021537,0,4
2025421537562,2025,421537562,1,9,0,-1,5,5,1,-1,0,0,1,0,1,2,3,1,-1,9,1,21,5,-1,-1,-1,-1,2,E01022055,0,1
2025421537562,2025,421537562,2,9,0,-1,19,5,1,-1,0,0,0,0,7,0,4,1,-1,9,2,62,9,-1,-1,-1,-1,3,E01022054,0,1
2025421537625,2025,421537625,1,9,0,-1,9,7,5,-1,0,5,1,0,1,0,1,1,-1,6,1,18,4,-1,-1,-1,-1,7,E01022067,0,3
2025421537625,2025,421537625,2,9,0,-1,9,7,5,-1,0,1,1,0,1,10,0,1,-1,1,1,53,8,-1,-1,-1,-1,7,E01021544,0,3
2025421537654,2025,421537654,2,9,0,-1,7,1,3,-1,0,5,0,0,0,0,1,1,-1,9,2,23,5,-1,-1,-1,-1,4,E01022011,0,2
2025421537654,2025,421537654,1,9,0,-1,9,3,1,-1,0,5,0,0,0,0,1,1,-1,9,1,68,10,-1,-1,-1,-1,5,E01022008,0,1
2025421537659,2025,421537659,1,9,0,-1,3,6,7,-1,0,0,0,0,0,0,1,1,-1,9,1,64,9,-1,-1,-1,-1,2,E01021975,0,1
2025421537697,2025,421537697,1,9,0,-1,5,3,7,-1,0,8,0,0,0,0,4,1,-1,9,1,25,5,-1,-1,-1,-1,9,E01015815,0,1
2025421537711,2025,421537711,2,-1,0,-1,19,7,3,-1,0,0,1,0,0,0,2,1,-1,2,1,20,4,-1,-1,-1,-1,1,E01021311,1,1
2025421537711,2025,421537711,1,19,0,-1,19,7,3,-1,0,0,0,0,0,0,1,1,-1,6,3,-1,-1,-1,-1,-1,-1,-1,-1,0,-1
2025421537821,2025,421537821,1,9,0,-1,19,1,5,-1,0,2,2,0,1,0,1,1,-1,9,1,33,6,-1,-1,-1,-1,9,E01021395,0,3
2025421537862,2025,421537862,1,9,0,-1,9,5,3,-1,0,2,0,0,0,0,1,1,-1,1,2,46,8,-1,-1,-1,-1,9,E01021519,0,2
2025421537862,2025,421537862,2,9,0,-1,19,3,7,-1,0,1,2,0,1,0,4,1,-1,6,2,42,7,-1,-1,-1,-1,4,E01021957,0,1
2025421538087,2025,421538087,1,9,0,-1,19,4,2,-1,0,0,0,0,1,0,1,1,-1,9,1,22,5,-1,-1,-1,-1,-1,-1,0,-1
2025421538106,2025,421538106,1,5,0,-1,4,-1,-1,-1,0,1,0,11,0,0,1,1,-1,2,1,55,8,-1,-1,-1,-1,8,E01022092,0,1
2025421538128,2025,421538128,1,9,0,-1,19,5,1,-1,0,0,0,0,0,0,1,1,-1,6,3,-1,-1,-1,-1,-1,-1,-1,-1,0,-1
2025421538320,2025,421538320,1,9,0,-1,19,3,1,-1,0,8,1,0,7,11,1,1,-1,6,1,46,8,-1,-1,-1,-1,4,E01022041,0,1
2025421538372,2025,421538372,1,3,0,-1,4,7,4,-1,0,0,1,0,0,0,4,1,-1,2,1,29,6,-1,-1,-1,-1,3,E01021245,0,3
2025421538395,2025,421538395,2,9,0,-1,7,2,3,-1,0,5,0,0,0,0,1,1,-1,2,1,55,8,-1,-1,-1,-1,8,E01015829,0,3
2025421538395,2025,421538395,1,9,0,-1,9,6,3,-1,0,5,0,0,0,0,1,1,-1,7,2,43,7,-1,-1,-1,-1,3,E01021279,0,1
2025421538519,2025,421538519,2,8,0,-1,7,-1,-1,-1,0,0,0,0,0,0,2,1,-1,1,1,39,7,-1,-1,-1,-1,4,E01023301,0,1
2025421538519,2025,421538519,1,9,0,-1,19,-1,-1,-1,0,0,0,0,0,0,1,1,-1,6,1,-1,-1,-1,-1,-1,-1,-1,-1,0,-1
2025421538522,2025,421538522,2,98,1,-1,12,-1,-1,-1,0,0,9,99,0,0,3,2,-1,6,1,38,7,-1,-1,-1,-1,-1,-1,0,-1
2025421538522,2025,421538522,1,9,0,-1,19,-1,-1,-1,0,0,1,99,0,0,4,1,-1,6,2,21,5,-1,-1,-1,-1,5,E01030569,0,4
2025421538554,2025,421538554,1,9,0,-1,-1,-1,-1,-1,-1,-1,-1,-1,-1,0,-1,9,-1,6,2,-1,-1,-1,-1,-1,-1,-1,-1,0,-1
2025421538554,2025,421538554,2,9,0,-1,7,-1,-1,-1,0,6,0,0,0,0,2,1,-1,6,2,47,8,-1,-1,-1,-1,5,E01015904,0,1
2025421538653,2025,421538653,2,9,0,-1,10,3,1,-1,0,1,0,0,0,0,2,1,-1,6,2,32,6,-1,-1,-1,-1,8,E01022089,0,3
2025421538653,2025,421538653,1,9,0,-1,19,3,7,-1,0,1,1,0,7,0,1,1,-1,6,1,59,9,-1,-1,-1,-1,8,E01035179,0,1
2025421538669,2025,421538669,1,9,0,-1,19,7,3,-1,0,0,0,0,0,0,1,1,-1,2,1,24,5,-1,-1,-1,-1,1,E01021290,0,1
2025421538669,2025,421538669,3,9,0,-1,19,7,3,-1,0,0,0,0,0,0,2,1,-1,9,2,35,6,-1,-1,-1,-1,2,E01002316,0,3
2025421538669,2025,421538669,2,9,0,-1,19,7,3,-1,0,0,0,0,0,0,2,1,-1,9,2,54,8,-1,-1,-1,-1,8,E01021515,0,3
2025421538678,2025,421538678,1,98,0,-1,4,7,4,-1,0,0,0,0,0,0,4,2,-1,2,1,63,9,-1,-1,-1,-1,5,E01021644,0,1
2025421538692,2025,421538692,1,9,0,-1,9,-1,-1,-1,0,2,0,0,0,0,1,1,-1,2,1,54,8,-1,-1,-1,-1,4,E01015906,0,1
2025421538730,2025,421538730,2,9,0,-1,19,8,4,-1,0,0,0,0,0,0,4,1,-1,9,1,42,7,-1,-1,-1,-1,2,E01021270,0,4
2025421538730,2025,421538730,1,21,1,-1,12,8,4,-1,0,0,0,0,0,0,1,2,-1,1,1,32,6,-1,-1,-1,-1,-1,-1,0,-1
2025421538745,2025,421538745,3,9,0,-1,19,7,2,-1,0,0,0,0,0,0,3,1,-1,9,2,33,6,-1,-1,-1,-1,9,E01015997,0,2
2025421538745,2025,421538745,4,9,0,-1,19,7,3,-1,0,0,0,0,0,0,4,1,-1,9,2,26,6,-1,-1,-1,-1,6,E01015937,0,1
2025421538745,2025,421538745,2,9,0,-1,2,0,0,-1,0,0,0,0,0,0,2,1,-1,6,1,42,7,-1,-1,-1,-1,6,E01021387,0,4
2025421538745,2025,421538745,1,20,0,-1,19,7,2,-1,0,0,0,0,0,0,1,1,-1,1,1,45,7,-1,-1,-1,-1,6,E01024062,0,4
2025421538784,2025,421538784,2,1,0,-1,19,5,1,-1,0,1,0,0,0,0,1,1,-1,9,1,58,9,-1,-1,-1,-1,5,E01015832,0,2
2025421538784,2025,421538784,1,9,0,-1,9,2,8,-1,0,1,0,0,0,0,1,1,-1,9,2,81,11,-1,-1,-1,-1,8,E01021920,0,1
2025421538936,2025,421538936,1,19,0,-1,5,3,7,-1,0,0,0,0,0,0,1,1,-1,2,1,34,6,-1,-1,-1,-1,5,E01000037,0,2
2025421538936,2025,421538936,2,9,0,-1,5,5,1,-1,0,0,0,0,0,0,2,1,-1,6,1,47,8,-1,-1,-1,-1,7,E01000438,0,2
2025421539007,2025,421539007,1,9,0,-1,19,5,1,-1,0,0,1,0,0,0,3,1,-1,2,2,27,6,-1,-1,-1,-1,10,E01021569,0,4
2025421539007,2025,421539007,2,9,0,-1,19,1,5,-1,0,0,0,0,0,0,3,1,-1,6,2,44,7,-1,-1,-1,-1,7,E01021430,0,3
2025421539111,2025,421539111,3,19,0,-1,3,4,4,-1,0,0,0,0,0,0,2,1,-1,6,1,39,7,-1,-1,-1,-1,3,E01015882,0,1
2025421539111,2025,421539111,1,9,0,-1,19,4,4,-1,0,0,0,0,0,0,1,1,-1,6,1,32,6,-1,-1,-1,-1,1,E01015880,0,1
2025421539111,2025,421539111,2,9,0,-1,3,4,4,-1,0,0,0,0,0,0,2,1,-1,6,1,29,6,-1,-1,-1,-1,8,E01021924,0,1
2025421539319,2025,421539319,1,90,0,-1,19,8,4,-1,0,0,0,99,0,0,3,9,-1,6,1,39,7,-1,-1,-1,-1,8,E01030043,0,4
2025421539347,2025,421539347,2,9,0,-1,19,6,3,-1,0,8,0,0,0,0,1,1,-1,9,2,25,5,-1,-1,-1,-1,5,E01021769,0,3
2025421539347,2025,421539347,3,9,0,-1,9,3,8,-1,0,8,0,0,0,0,1,1,-1,9,1,20,4,-1,-1,-1,-1,4,E01021799,0,1
2025421539347,2025,421539347,1,9,0,-1,9,8,6,-1,0,6,0,0,0,0,1,1,-1,9,1,37,7,-1,-1,-1,-1,7,E01021761,0,1
2025421539417,2025,421539417,2,3,0,-1,19,5,1,-1,0,0,0,0,0,0,1,1,-1,2,1,36,7,-1,-1,-1,-1,5,E01004414,0,2
2025421539417,2025,421539417,1,19,0,-1,5,7,3,-1,0,0,0,0,0,0,3,1,-1,1,1,35,6,-1,-1,-1,-1,2,E01002003,0,3
2025421539447,2025,421539447,2,9,0,-1,3,1,5,-1,0,4,0,0,0,0,2,1,-1,6,2,44,7,-1,-1,-1,-1,3,E01015988,0,4
2025421539447,2025,421539447,1,19,4,-1,19,1,5,-1,0,4,0,0,0,0,1,1,-1,1,1,26,6,-1,-1,-1,-1,7,E01035590,0,4
2025421539511,2025,421539511,1,9,0,-1,19,8,8,-1,0,1,0,0,0,0,1,1,-1,2,2,30,6,-1,-1,-1,-1,3,E01021291,0,1
2025421539511,2025,421539511,2,-1,0,-1,19,8,4,-1,0,2,5,0,0,0,3,1,-1,9,1,24,5,-1,-1,-1,-1,2,E01021286,1,1
2025421539552,2025,421539552,1,9,0,-1,19,3,7,-1,0,0,0,0,0,0,1,1,-1,6,2,68,10,-1,-1,-1,-1,10,E01021614,0,3
2025421539574,2025,421539574,1,11,0,-1,5,2,6,-1,0,0,0,0,0,0,1,1,-1,1,2,68,10,-1,-1,-1,-1,9,E01002383,0,4
2025421539607,2025,421539607,1,9,0,-1,19,6,2,-1,0,0,1,0,1,0,1,1,-1,2,1,67,10,-1,-1,-1,-1,5,E01015992,0,2
2025421539613,2025,421539613,1,9,0,-1,19,5,1,-1,0,0,0,0,0,0,1,1,-1,9,1,21,5,-1,-1,-1,-1,3,E01021726,0,2
2025421539613,2025,421539613,2,9,0,-1,19,1,5,-1,0,0,0,0,0,0,1,1,-1,2,1,37,7,-1,-1,-1,-1,9,E01021724,0,2
2025421539773,2025,421539773,2,9,0,-1,19,-1,-1,-1,0,0,1,99,1,6,1,1,-1,2,2,31,6,-1,-1,-1,-1,1,E01021317,0,1
2025421539773,2025,421539773,1,20,0,-1,13,-1,-1,-1,0,0,9,0,2,99,0,1,-1,6,3,-1,-1,-1,-1,-1,-1,-1,-1,0,-1
2025421539797,2025,421539797,1,9,0,-1,5,-1,-1,-1,0,4,1,0,0,0,1,1,-1,6,3,-1,-1,-1,-1,-1,-1,-1,-1,0,-1
2025421539797,2025,421539797,2,1,0,-1,7,-1,-1,-1,0,3,0,0,0,0,2,1,-1,2,1,37,7,-1,-1,-1,-1,5,E01021814,0,1
2025421539867,2025,421539867,2,1,0,-1,19,1,3,-1,0,2,0,8,7,0,4,1,-1,6,1,17,4,-1,-1,-1,-1,10,E01015889,0,1
2025421539867,2025,421539867,1,9,0,-1,2,0,0,-1,9,2,0,0,0,0,3,1,-1,6,3,-1,-1,-1,-1,-1,-1,-1,-1,0,-1
2025421539896,2025,421539896,2,9,0,-1,19,3,7,-1,0,0,0,0,0,0,2,1,-1,6,1,76,11,-1,-1,-1,-1,3,E01021800,0,2
2025421539896,2025,421539896,4,9,0,-1,19,3,7,-1,0,0,0,0,0,0,0,1,-1,1,1,47,8,-1,-1,-1,-1,7,E01021544,0,4
2025421539896,2025,421539896,3,9,0,-1,19,7,3,-1,0,0,0,0,0,0,1,1,-1,6,1,48,8,-1,-1,-1,-1,4,E01003722,0,2
2025421539896,2025,421539896,1,9,0,-1,19,3,7,-1,0,0,1,0,0,0,1,1,-1,6,1,31,6,-1,-1,-1,-1,2,E01000025,0,3
2025421539941,2025,421539941,1,19,0,-1,-1,-1,-1,-1,-1,0,-1,-1,-1,0,-1,1,-1,6,3,-1,-1,-1,-1,-1,-1,-1,-1,0,-1
2025421539989,2025,421539989,3,1,0,-1,19,1,-1,-1,0,0,0,0,0,0,2,1,-1,2,1,33,6,-1,-1,-1,-1,7,E01021650,0,1
2025421539989,2025,421539989,1,19,0,-1,19,-1,-1,-1,0,0,0,0,0,0,1,1,-1,6,1,-1,-1,-1,-1,-1,-1,-1,-1,0,-1
2025421539991,2025,421539991,1,9,0,-1,19,5,1,-1,0,0,1,0,1,0,3,1,-1,6,2,35,6,-1,-1,-1,-1,2,E01001661,0,4
2025421539991,2025,421539991,2,9,0,-1,19,8,4,-1,0,0,1,0,7,4,4,1,-1,6,1,56,9,-1,-1,-1,-1,7,E01021608,0,1
2025421540012,2025,421540012,2,19,0,-1,9,1,7,-1,9,1,0,0,7,0,4,1,-1,2,1,42,7,-1,-1,-1,-1,10,E01021615,0,1