collision_index,collision_year,collision_ref_no,vehicle_reference,vehicle_type,towing_and_articulation,vehicle_manoeuvre_historic,vehicle_manoeuvre,vehicle_direction_from,vehicle_direction_to,vehicle_location_restricted_lane_historic,vehicle_location_restricted_lane,junction_location,skidding_and_overturning,hit_object_in_carriageway,vehicle_leaving_carriageway,hit_object_off_carriageway,first_point_of_impact,vehicle_left_hand_drive,journey_purpose_of_driver_historic,journey_purpose_of_driver,sex_of_driver,age_of_driver,age_band_of_driver,engine_capacity_cc,propulsion_code,age_of_vehicle,generic_make_model,driver_imd_decile,lsoa_of_driver,escooter_flag,driver_distance_banding
2025421540012,2025,421540012,1,9,0,-1,15,1,4,-1,9,1,0,0,0,0,3,1,-1,9,2,87,11,-1,-1,-1,-1,7,E01021608,0,1
2025421540015,2025,421540015,2,9,0,-1,19,4,8,-1,0,0,0,0,1,0,1,1,-1,6,2,35,6,-1,-1,-1,-1,6,E01021362,0,1
2025421540015,2025,421540015,1,9,0,-1,19,8,4,-1,0,0,0,0,1,0,1,1,-1,1,1,27,6,-1,-1,-1,-1,5,E01021429,0,1
2025421540035,2025,421540035,1,9,0,-1,19,5,5,-1,0,0,0,0,6,0,1,1,-1,9,2,65,9,-1,-1,-1,-1,1,E01022043,0,2
2025421540035,2025,421540035,2,21,0,-1,19,1,1,-1,0,0,0,0,1,0,1,1,-1,2,1,58,9,-1,-1,-1,-1,6,E01022002,0,3
2025421540050,2025,421540050,1,9,0,-1,5,1,2,-1,0,2,0,0,0,0,1,1,-1,9,2,43,7,-1,-1,-1,-1,7,E01021531,0,1
2025421540050,2025,421540050,2,2,0,-1,19,3,5,-1,0,6,0,0,0,0,1,1,-1,9,1,16,4,-1,-1,-1,-1,8,E01021914,0,2
2025421540248,2025,421540248,2,1,0,-1,19,5,1,-1,0,1,5,0,0,0,3,1,-1,6,1,63,9,-1,-1,-1,-1,5,E01021499,0,1
2025421540248,2025,421540248,1,9,0,-1,7,7,3,-1,0,1,0,0,0,0,1,1,-1,9,1,46,8,-1,-1,-1,-1,2,E01021486,0,1
2025421540285,2025,421540285,1,9,0,-1,19,3,7,-1,0,8,0,99,0,0,1,1,-1,6,3,-1,-1,-1,-1,-1,-1,-1,-1,0,-1
2025421540285,2025,421540285,2,9,0,-1,4,5,1,-1,0,1,0,0,0,0,2,1,-1,6,1,44,7,-1,-1,-1,-1,6,E01021344,0,1
2025421540318,2025,421540318,1,9,0,-1,19,6,2,-1,0,1,0,0,0,0,1,1,-1,6,2,30,6,-1,-1,-1,-1,8,E01023625,0,4
2025421540318,2025,421540318,2,9,0,-1,9,1,6,-1,0,6,0,0,0,0,3,1,-1,9,2,34,6,-1,-1,-1,-1,6,E01021551,0,1
2025421540320,2025,421540320,2,3,0,-1,8,7,3,-1,0,0,1,0,3,0,4,1,-1,2,2,24,5,-1,-1,-1,-1,6,E01015863,0,1
2025421540320,2025,421540320,1,9,0,-1,19,7,3,-1,0,0,0,0,0,0,3,1,-1,6,1,31,6,-1,-1,-1,-1,8,E01021916,0,2
2025421540427,2025,421540427,1,9,0,-1,19,6,2,-1,0,4,0,0,3,10,1,1,-1,6,1,49,8,-1,-1,-1,-1,4,E01003626,0,4
2025421540455,2025,421540455,1,9,0,-1,5,5,1,-1,0,0,0,0,0,0,1,1,-1,6,1,18,4,-1,-1,-1,-1,-1,-1,0,-1
2025421540570,2025,421540570,2,9,0,-1,10,3,7,-1,0,1,0,0,0,0,1,1,-1,1,2,33,6,-1,-1,-1,-1,5,E01021297,0,2
2025421540570,2025,421540570,1,9,0,-1,7,7,3,-1,0,1,1,0,0,0,1,1,-1,6,1,39,7,-1,-1,-1,-1,2,E01021485,0,1
2025421540577,2025,421540577,2,20,0,-1,19,6,1,-1,0,0,0,0,0,0,1,1,-1,6,1,68,10,-1,-1,-1,-1,-1,-1,0,-1
2025421540577,2025,421540577,1,2,0,-1,19,1,5,-1,0,0,2,0,0,0,1,1,-1,6,1,30,6,-1,-1,-1,-1,8,E01021397,0,2
2025421540588,2025,421540588,1,9,0,-1,11,7,3,-1,0,8,0,0,0,0,1,1,-1,6,3,30,6,-1,-1,-1,-1,-1,-1,0,-1
2025421540588,2025,421540588,2,9,0,-1,10,7,3,-1,0,8,0,0,0,0,3,1,-1,6,2,53,8,-1,-1,-1,-1,4,E01015993,0,1
2025421540620,2025,421540620,2,1,0,-1,19,6,2,-1,0,1,0,0,0,0,1,1,-1,1,1,57,9,-1,-1,-1,-1,5,E01021890,0,1
2025421540668,2025,421540668,1,9,0,-1,19,4,5,-1,0,0,0,0,0,0,1,1,-1,9,1,45,7,-1,-1,-1,-1,3,E01014129,0,5
2025421540668,2025,421540668,2,9,0,-1,19,1,2,-1,0,0,0,0,0,0,1,1,-1,9,2,35,6,-1,-1,-1,-1,6,E01035178,0,1
2025421540756,2025,421540756,1,9,0,-1,19,3,7,-1,0,0,2,0,1,0,1,1,-1,6,1,56,9,-1,-1,-1,-1,5,E01021415,0,1
2025421540916,2025,421540916,1,9,0,-1,9,5,3,-1,0,5,0,0,3,0,4,1,-1,6,1,-1,-1,-1,-1,-1,-1,4,E01015930,0,1
2025421540916,2025,421540916,3,9,0,-1,2,0,0,-1,9,2,0,0,0,0,3,1,-1,6,-1,-1,-1,-1,-1,-1,-1,-1,-1,0,-1
2025421540916,2025,421540916,2,9,0,-1,19,1,5,-1,0,1,0,0,0,0,1,1,-1,6,1,55,8,-1,-1,-1,-1,8,E01002391,0,1
2025421540950,2025,421540950,1,9,0,-1,19,7,3,-1,0,0,0,0,0,0,4,1,-1,6,3,-1,-1,-1,-1,-1,-1,-1,-1,0,-1
2025421540973,2025,421540973,1,9,0,-1,7,1,5,-1,9,0,0,0,0,0,4,1,-1,2,2,56,9,-1,-1,-1,-1,7,E01015848,0,1
2025421541035,2025,421541035,1,9,0,-1,19,3,8,-1,0,0,0,0,0,0,1,1,-1,9,2,76,11,-1,-1,-1,-1,10,E01021557,0,1
2025421541035,2025,421541035,2,19,0,-1,2,0,0,-1,0,0,0,0,0,0,0,1,-1,6,-1,-1,-1,-1,-1,-1,-1,-1,-1,0,-1
2025421541046,2025,421541046,1,9,0,-1,4,7,3,-1,0,0,0,0,0,0,2,1,-1,1,2,35,6,-1,-1,-1,-1,-1,-1,0,-1
2025421541046,2025,421541046,3,9,0,-1,4,7,3,-1,0,0,0,0,0,0,1,1,-1,6,1,47,8,-1,-1,-1,-1,-1,-1,0,-1
2025421541046,2025,421541046,4,9,0,-1,4,7,3,-1,0,0,0,4,0,0,1,1,-1,2,2,33,6,-1,-1,-1,-1,-1,-1,0,-1
2025421541046,2025,421541046,2,9,0,-1,4,7,3,-1,0,0,0,4,0,0,2,1,-1,6,2,28,6,-1,-1,-1,-1,-1,-1,0,-1
2025421541075,2025,421541075,1,9,0,-1,9,5,7,-1,0,6,0,0,0,0,1,1,-1,2,2,54,8,-1,-1,-1,-1,8,E01021537,0,2
2025421541075,2025,421541075,3,9,0,-1,19,3,7,-1,0,1,0,0,2,11,1,1,-1,2,2,20,4,-1,-1,-1,-1,3,E01021565,0,1
2025421541075,2025,421541075,2,9,0,-1,19,3,7,-1,0,8,1,0,0,0,4,1,-1,6,1,21,5,-1,-1,-1,-1,8,E01021566,0,1
2025421541116,2025,421541116,2,9,0,-1,7,7,8,-1,0,0,0,0,0,0,1,1,-1,6,2,26,6,-1,-1,-1,-1,9,E01021959,0,1
2025421541116,2025,421541116,1,9,0,-1,7,7,8,-1,0,0,0,0,0,0,4,1,-1,6,2,34,6,-1,-1,-1,-1,3,E01000016,0,4
2025421541193,2025,421541193,2,4,0,-1,9,1,7,-1,0,1,0,0,0,0,1,1,-1,7,1,23,5,-1,-1,-1,-1,3,E01021326,0,1
2025421541193,2025,421541193,1,9,0,-1,9,5,3,-1,0,2,0,0,0,0,1,1,-1,1,1,56,9,-1,-1,-1,-1,2,E01021303,0,1
2025421541405,2025,421541405,3,9,0,-1,3,8,3,-1,0,0,0,0,0,0,2,1,-1,6,2,33,6,-1,-1,-1,-1,6,E01021413,0,3
2025421541405,2025,421541405,4,9,0,-1,3,8,3,-1,0,0,0,0,0,0,2,1,-1,6,1,75,10,-1,-1,-1,-1,9,E01022069,0,3
2025421541405,2025,421541405,1,9,0,-1,4,8,4,-1,0,0,0,0,1,0,1,1,-1,9,2,22,5,-1,-1,-1,-1,9,E01021579,0,2
2025421541405,2025,421541405,2,9,0,-1,3,8,4,-1,0,0,0,0,0,0,2,1,-1,1,1,58,9,-1,-1,-1,-1,6,E01010133,0,5
2025421541432,2025,421541432,1,9,0,-1,2,-1,-1,-1,0,6,0,0,0,0,1,1,-1,6,2,-1,-1,-1,-1,-1,-1,-1,-1,0,-1
2025421541504,2025,421541504,1,9,0,-1,19,2,7,-1,0,0,0,0,0,0,3,1,-1,6,2,33,6,-1,-1,-1,-1,5,E01021393,0,3
2025421541504,2025,421541504,2,9,0,-1,7,2,5,-1,0,0,0,0,0,0,4,1,-1,6,1,37,7,-1,-1,-1,-1,4,E01021639,0,2
2025421541511,2025,421541511,1,90,-1,-1,7,1,7,-1,0,8,-1,-1,-1,0,-1,9,-1,6,1,11,3,-1,-1,-1,-1,2,E01015855,0,1
2025421541511,2025,421541511,2,9,0,-1,-1,-1,-1,-1,-1,-1,-1,-1,-1,0,-1,1,-1,2,2,38,7,-1,-1,-1,-1,3,E01015902,0,1
2025421541519,2025,421541519,2,1,0,-1,19,7,3,-1,0,1,9,0,0,0,1,1,-1,6,1,13,3,-1,-1,-1,-1,3,E01015869,0,1
2025421541519,2025,421541519,1,9,0,-1,99,1,5,-1,0,1,9,99,9,99,1,1,-1,6,3,-1,-1,-1,-1,-1,-1,-1,-1,0,-1
2025421541531,2025,421541531,1,9,-1,-1,19,-1,-1,-1,0,0,0,0,0,0,1,9,-1,6,3,-1,-1,-1,-1,-1,-1,-1,-1,0,-1
2025421541531,2025,421541531,2,9,0,-1,19,-1,-1,-1,0,0,0,0,1,0,2,1,-1,6,1,26,6,-1,-1,-1,-1,1,E01012092,0,5
2025421541600,2025,421541600,3,9,0,-1,-1,-1,-1,-1,-1,0,-1,-1,-1,0,-1,1,-1,6,1,-1,-1,-1,-1,-1,-1,-1,-1,0,-1
2025421541600,2025,421541600,1,8,0,-1,-1,-1,-1,-1,-1,0,-1,-1,-1,0,-1,1,-1,6,3,-1,-1,-1,-1,-1,-1,-1,-1,0,-1
2025421541600,2025,421541600,2,9,0,-1,-1,-1,-1,-1,-1,0,-1,-1,-1,0,-1,1,-1,6,2,26,6,-1,-1,-1,-1,6,E01021308,0,1
2025421541605,2025,421541605,1,9,0,-1,9,3,1,-1,0,8,0,0,0,0,4,1,-1,9,1,20,4,-1,-1,-1,-1,5,E01021874,0,1
2025421541605,2025,421541605,2,9,0,-1,19,5,1,-1,0,1,0,0,0,0,3,1,-1,9,2,23,5,-1,-1,-1,-1,10,E01021611,0,2
2025421541607,2025,421541607,2,9,0,-1,14,3,7,-1,0,0,0,0,0,0,3,1,-1,6,1,32,6,-1,-1,-1,-1,3,E01022044,0,1
2025421541607,2025,421541607,1,9,0,-1,6,3,7,-1,0,0,0,0,0,0,4,1,-1,6,1,37,7,-1,-1,-1,-1,2,E01021975,0,1
2025421541626,2025,421541626,1,99,0,-1,-1,-1,-1,-1,-1,1,-1,-1,-1,0,-1,9,-1,6,3,-1,-1,-1,-1,-1,-1,-1,-1,0,-1
2025421541638,2025,421541638,1,19,0,-1,19,7,3,-1,0,0,0,0,0,0,1,1,-1,2,1,18,4,-1,-1,-1,-1,5,E01021380,0,4
2025421541648,2025,421541648,1,9,0,-1,19,1,5,-1,0,0,0,12,0,0,1,1,-1,9,1,43,7,-1,-1,-1,-1,3,E01021726,0,1
2025421541690,2025,421541690,1,9,0,-1,19,3,7,-1,0,3,0,0,0,0,1,1,-1,6,3,-1,-1,-1,-1,-1,-1,-1,-1,0,-1
2025421541690,2025,421541690,2,1,0,-1,19,3,7,-1,0,3,0,0,0,0,3,1,-1,6,1,44,7,-1,-1,-1,-1,3,E01015899,0,1
2025421541890,2025,421541890,2,98,0,-1,2,0,0,-1,0,0,0,0,0,0,2,1,-1,6,2,35,6,-1,-1,-1,-1,-1,-1,0,-1
2025421541890,2025,421541890,1,9,0,-1,1,5,1,-1,0,0,0,0,0,0,1,1,-1,6,1,40,7,-1,-1,-1,-1,-1,-1,0,-1
2025421541932,2025,421541932,2,9,0,-1,19,2,6,-1,0,0,0,0,0,0,2,1,-1,6,1,40,7,-1,-1,-1,-1,7,E01030037,0,4
2025421541932,2025,421541932,1,9,0,-1,11,2,6,-1,0,0,0,0,0,0,1,1,-1,6,2,38,7,-1,-1,-1,-1,6,E01021460,0,2
2025421541941,2025,421541941,1,9,0,-1,9,5,2,-1,0,8,0,0,0,0,1,1,-1,9,1,24,5,-1,-1,-1,-1,1,E01015842,0,1
2025421541941,2025,421541941,2,9,0,-1,19,7,3,-1,0,8,0,0,0,0,1,1,-1,9,1,28,6,-1,-1,-1,-1,1,E01015852,0,1
2025421542015,2025,421542015,2,3,0,-1,4,6,1,-1,0,4,1,0,0,0,2,1,-1,6,1,18,4,-1,-1,-1,-1,6,E01021629,0,1
2025421542015,2025,421542015,1,9,0,-1,99,6,1,-1,0,4,9,0,0,0,1,1,-1,6,3,-1,-1,-1,-1,-1,-1,-1,-1,0,-1
2025421542025,2025,421542025,1,1,0,-1,19,5,1,-1,0,8,5,0,0,0,3,1,-1,7,1,16,4,-1,-1,-1,-1,8,E01015823,0,1
2025421542025,2025,421542025,2,8,0,-1,19,7,3,-1,0,8,0,0,0,0,3,1,-1,1,1,48,8,-1,-1,-1,-1,3,E01015869,0,1
2025421542061,2025,421542061,1,99,0,-1,7,1,5,-1,0,1,0,0,0,0,1,9,-1,6,3,-1,-1,-1,-1,-1,-1,-1,-1,0,-1
2025421542061,2025,421542061,2,9,0,-1,19,7,3,-1,0,1,0,0,0,0,4,1,-1,9,1,17,4,-1,-1,-1,-1,1,E01021990,0,1
2025421542082,2025,421542082,1,9,0,-1,19,7,3,-1,0,0,1,0,1,0,1,1,-1,9,2,20,4,-1,-1,-1,-1,8,E01021911,0,2
2025421542153,2025,421542153,3,3,0,-1,19,5,1,-1,0,0,0,0,0,0,1,1,-1,9,1,22,5,-1,-1,-1,-1,2,E01022023,0,3
2025421542153,2025,421542153,1,9,0,-1,9,1,5,-1,0,0,0,0,0,0,1,1,-1,6,1,71,10,-1,-1,-1,-1,10,E01021738,0,1
2025421542153,2025,421542153,2,9,0,-1,19,1,5,-1,0,0,0,0,0,0,3,1,-1,6,1,43,7,-1,-1,-1,-1,2,E01022039,0,3
2025421542171,2025,421542171,2,9,0,-1,19,3,7,-1,0,0,0,0,0,0,3,1,-1,6,2,71,10,-1,-1,-1,-1,4,E01015993,0,1
2025421542171,2025,421542171,1,9,0,-1,13,3,8,-1,0,0,2,0,0,0,1,1,-1,6,-1,20,4,-1,-1,-1,-1,-1,-1,0,-1
2025421542232,2025,421542232,1,9,0,-1,19,7,3,-1,0,0,0,9,3,0,1,1,-1,2,1,23,5,-1,-1,-1,-1,8,E01029923,0,4
2025421542370,2025,421542370,1,9,-1,-1,19,4,7,-1,0,1,0,0,0,0,4,9,-1,6,3,-1,-1,-1,-1,-1,-1,-1,-1,0,-1
2025421542447,2025,421542447,1,9,0,-1,5,1,5,-1,0,0,0,4,0,0,4,1,-1,6,1,73,10,-1,-1,-1,-1,5,E01021360,0,2
2025421542447,2025,421542447,2,9,0,-1,2,0,0,-1,0,0,0,0,0,0,3,1,-1,6,-1,-1,-1,-1,-1,-1,-1,-1,-1,0,-1
2025421542453,2025,421542453,1,99,0,-1,10,3,7,-1,0,1,0,0,0,0,2,1,-1,6,1,18,4,-1,-1,-1,-1,-1,-1,0,-1
2025421542453,2025,421542453,3,9,0,-1,19,3,7,-1,0,1,0,0,0,0,2,1,-1,2,2,47,8,-1,-1,-1,-1,10,E01021247,0,3
2025421542453,2025,421542453,2,19,0,-1,5,3,7,-1,0,1,0,0,0,0,1,1,-1,1,1,33,6,-1,-1,-1,-1,7,E01017584,0,4
2025421542459,2025,421542459,2,9,0,-1,19,7,3,-1,0,8,0,0,0,0,4,1,-1,9,1,63,9,-1,-1,-1,-1,3,E01021713,0,1
2025421542459,2025,421542459,1,9,0,-1,9,1,5,-1,0,6,0,0,0,0,1,1,-1,9,2,39,7,-1,-1,-1,-1,5,E01021991,0,3
2025421542481,2025,421542481,1,9,0,-1,19,1,6,-1,0,4,0,0,0,0,1,1,-1,6,2,75,10,-1,-1,-1,-1,10,E01021611,0,1
2025421542481,2025,421542481,2,1,0,-1,9,6,4,-1,0,3,0,0,0,0,2,1,-1,6,1,58,9,-1,-1,-1,-1,10,E01021612,0,1
2025421542601,2025,421542601,2,9,0,-1,3,3,7,-1,99,3,0,0,0,0,2,1,-1,2,2,27,6,-1,-1,-1,-1,7,E01021995,0,3
2025421542601,2025,421542601,1,9,0,-1,99,3,7,-1,99,4,0,99,0,0,1,1,-1,6,3,-1,-1,-1,-1,-1,-1,-1,-1,0,-1
2025421542609,2025,421542609,1,9,0,-1,19,1,5,-1,0,1,0,0,0,0,1,1,-1,6,1,59,9,-1,-1,-1,-1,10,E01015912,0,1
2025421542609,2025,421542609,2,9,0,-1,19,3,8,-1,0,2,1,10,5,0,3,1,-1,6,2,18,4,-1,-1,-1,-1,10,E01015912,0,1
2025421542659,2025,421542659,1,21,0,-1,12,5,1,-1,-1,0,0,7,0,0,1,1,-1,1,1,44,7,-1,-1,-1,-1,4,E01015810,0,4
2025421542673,2025,421542673,2,9,0,-1,19,7,3,-1,0,0,0,0,0,0,1,1,-1,9,1,59,9,-1,-1,-1,-1,7,E01021336,0,3
2025421542673,2025,421542673,1,9,0,-1,19,3,7,-1,0,0,0,0,0,0,1,1,-1,2,1,35,6,-1,-1,-1,-1,8,E01021613,0,1
2025421542681,2025,421542681,3,9,0,-1,4,2,6,-1,0,0,0,0,0,0,2,1,-1,6,1,41,7,-1,-1,-1,-1,3,E01004333,0,3
2025421542681,2025,421542681,1,9,0,-1,19,2,6,-1,0,0,1,0,0,0,1,1,-1,8,1,30,6,-1,-1,-1,-1,8,E01021537,0,4
2025421542681,2025,421542681,2,9,0,-1,4,2,6,-1,0,0,0,0,0,0,2,1,-1,9,1,63,9,-1,-1,-1,-1,5,E01035169,0,4
2025421542681,2025,421542681,4,9,0,-1,4,2,6,-1,0,0,0,0,0,0,2,1,-1,6,1,30,6,-1,-1,-1,-1,5,E01033788,0,2
2025421543046,2025,421543046,1,9,0,-1,19,4,8,-1,0,1,0,0,0,0,1,1,-1,9,1,33,6,-1,-1,-1,-1,9,E01033142,0,1
2025421543052,2025,421543052,3,9,0,-1,3,3,7,-1,0,1,0,4,0,0,2,1,-1,6,2,-1,-1,-1,-1,-1,-1,9,E01021526,0,1
2025421543052,2025,421543052,1,9,0,-1,19,3,1,-1,0,1,0,4,0,0,1,1,-1,6,2,-1,-1,-1,-1,-1,-1,8,E01021516,0,1
2025421543052,2025,421543052,2,9,0,-1,3,3,7,-1,0,1,0,4,0,0,2,1,-1,2,2,49,8,-1,-1,-1,-1,7,E01021511,0,1
2025421543156,2025,421543156,1,9,0,-1,19,8,4,-1,0,8,0,0,0,0,1,1,-1,6,1,52,8,-1,-1,-1,-1,4,E01021368,0,1
2025421543156,2025,421543156,2,1,0,-1,5,3,5,-1,0,6,0,0,0,0,3,1,-1,9,1,66,10,-1,-1,-1,-1,9,E01021349,0,1
2025421543207,2025,421543207,1,9,0,-1,19,7,3,-1,0,0,0,0,0,0,1,1,-1,9,1,71,10,-1,-1,-1,-1,9,E01021583,0,1
2025421543222,2025,421543222,2,9,0,-1,7,7,1,-1,0,1,0,0,0,0,1,1,-1,9,1,75,10,-1,-1,-1,-1,4,E01015957,0,1
2025421543222,2025,421543222,1,9,0,-1,19,5,1,-1,0,8,0,0,0,0,4,1,-1,9,2,35,6,-1,-1,-1,-1,4,E01034368,0,1
2025421543229,2025,421543229,1,9,0,-1,19,4,8,-1,0,0,0,0,0,0,1,1,-1,9,1,40,7,-1,-1,-1,-1,4,E01015927,0,1
2025421543229,2025,421543229,2,1,0,-1,19,4,8,-1,0,0,0,0,0,0,1,1,-1,6,1,57,9,-1,-1,-1,-1,4,E01015959,0,1
2025421543249,2025,421543249,1,19,0,-1,-1,-1,-1,-1,-1,0,-1,-1,-1,0,-1,9,-1,1,1,-1,-1,-1,-1,-1,-1,-1,-1,0,-1
2025421543249,2025,421543249,2,9,0,-1,19,3,7,-1,0,0,0,0,0,0,3,1,-1,7,2,52,8,-1,-1,-1,-1,8,E01021607,0,1
2025421543256,2025,421543256,1,9,0,-1,19,1,5,-1,0,0,0,4,0,0,4,1,-1,2,1,19,4,-1,-1,-1,-1,3,E01015923,0,2
2025421543256,2025,421543256,2,21,1,-1,2,0,0,-1,-1,0,0,0,0,0,3,1,-1,6,-1,-1,-1,-1,-1,-1,-1,-1,-1,0,-1
2025421543405,2025,421543405,1,9,0,-1,19,6,2,-1,0,0,0,0,0,0,4,1,-1,6,2,38,7,-1,-1,-1,-1,6,E01021535,0,1
2025421543405,2025,421543405,2,1,0,-1,19,6,2,-1,0,0,0,0,1,0,3,1,-1,6,1,54,8,-1,-1,-1,-1,5,E01021562,0,2
2025421543475,2025,421543475,1,9,0,-1,7,2,6,-1,0,2,0,0,0,0,1,1,-1,6,1,58,9,-1,-1,-1,-1,5,E01016015,0,1
2025421543485,2025,421543485,2,9,0,-1,13,8,4,-1,0,0,5,0,0,0,1,1,-1,6,2,36,7,-1,-1,-1,-1,3,E01003727,0,1
2025421543485,2025,421543485,1,9,0,-1,5,8,4,-1,0,0,0,0,0,0,2,1,-1,9,1,23,5,-1,-1,-1,-1,9,E01003749,0,1
2025421543617,2025,421543617,2,9,0,-1,19,8,4,-1,0,1,0,0,0,0,1,1,-1,9,1,35,6,-1,-1,-1,-1,10,E01021345,0,2
2025421543617,2025,421543617,1,9,0,-1,19,8,4,-1,0,1,0,0,0,0,2,1,-1,9,1,28,6,-1,-1,-1,-1,7,E01021511,0,1
2025421543633,2025,421543633,2,9,0,-1,19,2,6,-1,0,0,0,0,0,0,1,1,-1,1,1,41,7,-1,-1,-1,-1,3,E01021503,0,1
2025421543633,2025,421543633,1,9,0,-1,4,2,6,-1,0,0,0,0,0,0,2,1,-1,9,2,35,6,-1,-1,-1,-1,5,E01021489,0,1
2025421543653,2025,421543653,2,9,0,-1,4,1,5,-1,0,1,0,0,0,0,3,1,-1,2,2,31,6,-1,-1,-1,-1,5,E01021380,0,4
2025421543653,2025,421543653,1,9,0,-1,4,1,5,-1,0,1,2,0,7,0,1,1,-1,9,1,19,4,-1,-1,-1,-1,5,E01033139,0,4
2025421543702,2025,421543702,1,9,0,-1,19,5,1,-1,9,0,0,0,7,0,2,1,-1,6,1,21,5,-1,-1,-1,-1,1,E01015880,0,1
2025421543716,2025,421543716,2,9,0,-1,19,7,3,-1,0,8,0,0,0,0,1,1,-1,9,2,55,8,-1,-1,-1,-1,8,E01021752,0,1
2025421543716,2025,421543716,1,9,0,-1,19,1,5,-1,0,8,0,0,0,0,3,1,-1,9,2,43,7,-1,-1,-1,-1,8,E01003709,0,1
2025421543748,2025,421543748,2,9,0,-1,3,1,5,-1,0,1,0,0,0,0,3,1,-1,6,1,85,11,-1,-1,-1,-1,6,E01021917,0,1
2025421543748,2025,421543748,1,23,0,-1,19,1,5,-1,0,1,0,0,0,0,3,1,-1,6,3,-1,-1,-1,-1,-1,-1,-1,-1,0,-1
2025421543772,2025,421543772,1,9,0,-1,13,6,2,-1,0,0,0,0,1,0,1,1,-1,9,1,19,4,-1,-1,-1,-1,8,E01034364,0,3
2025421543772,2025,421543772,2,9,0,-1,19,2,6,-1,0,0,0,0,0,0,1,1,-1,9,1,24,5,-1,-1,-1,-1,4,E01021862,0,2
2025421543772,2025,421543772,3,9,0,-1,19,6,2,-1,0,0,0,0,1,0,1,1,-1,9,1,44,7,-1,-1,-1,-1,6,E01021794,0,1
2025421543811,2025,421543811,1,9,0,-1,10,6,8,-1,0,4,0,0,0,0,1,1,-1,6,1,53,8,-1,-1,-1,-1,9,E01021787,0,1
2025421543865,2025,421543865,1,9,0,-1,19,2,5,-1,0,0,0,0,0,0,1,1,-1,2,1,23,5,-1,-1,-1,-1,10,E01021584,0,1
2025421543865,2025,421543865,2,9,0,-1,19,5,2,-1,0,0,0,0,0,0,1,1,-1,9,2,30,6,-1,-1,-1,-1,6,E01021362,0,3
2025421543956,2025,421543956,2,9,0,-1,19,1,5,-1,0,0,1,0,0,0,1,1,-1,2,1,40,7,-1,-1,-1,-1,-1,-1,0,-1
2025421543956,2025,421543956,1,9,0,-1,19,5,1,-1,0,0,0,0,7,2,1,1,-1,2,1,35,6,-1,-1,-1,-1,3,E01021851,0,1
2025421544111,2025,421544111,2,9,0,-1,19,1,5,-1,0,0,0,0,0,0,0,1,-1,6,1,66,10,-1,-1,-1,-1,3,E01015923,0,1
2025421544111,2025,421544111,1,9,0,-1,14,5,1,-1,0,0,0,0,7,4,1,1,-1,6,2,75,10,-1,-1,-1,-1,3,E01015971,0,1
2025421544126,2025,421544126,1,9,0,-1,19,2,6,-1,0,0,0,0,0,0,1,1,-1,6,2,79,11,-1,-1,-1,-1,8,E01021920,0,1
2025421544126,2025,421544126,2,1,0,-1,19,5,1,-1,0,0,0,0,3,0,3,1,-1,2,1,25,5,-1,-1,-1,-1,1,E01021290,0,2
2025421544145,2025,421544145,1,1,0,-1,99,1,5,-1,4,1,9,0,0,0,1,1,-1,6,1,-1,-1,-1,-1,-1,-1,-1,-1,0,-1
2025421544145,2025,421544145,2,9,0,-1,5,2,7,-1,0,1,0,0,0,0,1,1,-1,6,1,49,8,-1,-1,-1,-1,7,E01033458,0,1
2025421544154,2025,421544154,1,9,0,-1,19,5,1,-1,0,0,5,0,0,0,4,1,-1,9,2,67,10,-1,-1,-1,-1,5,E01021694,0,1
2025421544158,2025,421544158,2,9,0,-1,19,5,1,-1,0,0,0,0,0,0,2,1,-1,6,2,29,6,-1,-1,-1,-1,4,E01021808,0,2
2025421544158,2025,421544158,1,9,0,-1,19,5,1,-1,0,0,0,0,0,0,1,1,-1,6,1,39,7,-1,-1,-1,-1,4,E01003686,0,2
2025421544164,2025,421544164,2,9,0,-1,5,5,1,-1,0,0,0,0,0,0,1,1,-1,9,1,37,7,-1,-1,-1,-1,4,E01021842,0,1
2025421544164,2025,421544164,3,9,0,-1,19,1,5,-1,0,0,0,0,0,0,1,1,-1,9,2,30,6,-1,-1,-1,-1,7,E01023329,0,2
2025421544164,2025,421544164,1,97,0,-1,15,1,5,-1,0,0,0,0,0,0,1,1,-1,8,1,45,7,-1,-1,-1,-1,-1,-1,0,-1
2025421544202,2025,421544202,1,9,0,-1,2,4,4,-1,0,0,0,0,1,0,2,1,-1,1,1,22,5,-1,-1,-1,-1,3,E01000184,0,4
2025421544202,2025,421544202,3,21,1,-1,19,1,5,-1,0,0,0,0,0,0,4,1,-1,1,1,36,7,-1,-1,-1,-1,5,E01033127,0,4
2025421544202,2025,421544202,2,9,0,-1,19,1,5,-1,0,0,0,0,1,0,1,1,-1,1,1,48,8,-1,-1,-1,-1,4,E01003621,0,4
2025421544202,2025,421544202,4,19,4,-1,2,4,4,-1,-1,0,0,0,0,0,0,1,-1,1,1,22,5,-1,-1,-1,-1,3,E01000184,0,4
2025421544222,2025,421544222,1,3,0,-1,19,4,8,-1,0,4,2,0,0,0,3,1,-1,9,1,19,4,-1,-1,-1,-1,8,E01021555,0,1
2025421544242,2025,421544242,1,9,0,-1,19,1,5,-1,0,1,0,0,0,0,1,9,-1,6,3,-1,-1,-1,-1,-1,-1,-1,-1,0,-1
2025421544244,2025,421544244,1,19,0,-1,1,1,5,-1,0,1,0,0,0,0,2,9,-1,6,3,-1,-1,-1,-1,-1,-1,-1,-1,0,-1