collision_index,collision_year,collision_ref_no,vehicle_reference,vehicle_type,towing_and_articulation,vehicle_manoeuvre_historic,vehicle_manoeuvre,vehicle_direction_from,vehicle_direction_to,vehicle_location_restricted_lane_historic,vehicle_location_restricted_lane,junction_location,skidding_and_overturning,hit_object_in_carriageway,vehicle_leaving_carriageway,hit_object_off_carriageway,first_point_of_impact,vehicle_left_hand_drive,journey_purpose_of_driver_historic,journey_purpose_of_driver,sex_of_driver,age_of_driver,age_band_of_driver,engine_capacity_cc,propulsion_code,age_of_vehicle,generic_make_model,driver_imd_decile,lsoa_of_driver,escooter_flag,driver_distance_banding
2025421549959,2025,421549959,1,9,0,-1,19,2,6,-1,99,4,9,0,0,0,1,1,-1,6,2,77,11,-1,-1,-1,-1,6,E01022095,0,4
2025421550069,2025,421550069,1,9,0,-1,-1,-1,-1,-1,-1,0,-1,-1,-1,0,-1,9,-1,6,2,-1,-1,-1,-1,-1,-1,-1,-1,0,-1
2025421550087,2025,421550087,1,9,0,-1,19,6,1,-1,0,4,0,0,0,0,1,9,-1,6,1,-1,-1,-1,-1,-1,-1,-1,-1,0,-1
2025421550087,2025,421550087,2,1,0,-1,19,3,8,-1,0,3,0,0,0,0,4,1,-1,6,1,42,7,-1,-1,-1,-1,3,E01021245,0,1
2025421550183,2025,421550183,1,19,-1,-1,9,2,6,-1,0,2,0,0,0,0,1,9,-1,6,3,-1,-1,-1,-1,-1,-1,-1,-1,0,-1
2025421550183,2025,421550183,2,9,0,-1,19,4,2,-1,0,1,0,0,0,0,1,1,-1,6,1,73,10,-1,-1,-1,-1,2,E01015861,0,1
2025421550214,2025,421550214,1,9,0,-1,19,3,7,-1,0,0,0,0,0,0,1,1,-1,6,3,-1,-1,-1,-1,-1,-1,-1,-1,0,-1
2025421550305,2025,421550305,2,9,0,-1,19,8,4,-1,0,1,1,0,1,0,1,1,-1,1,2,61,9,-1,-1,-1,-1,8,E01021684,0,3
2025421550305,2025,421550305,1,9,0,-1,19,4,8,-1,0,8,0,0,1,0,1,1,-1,9,2,17,4,-1,-1,-1,-1,4,E01022022,0,3
2025421550409,2025,421550409,1,9,0,-1,19,7,3,-1,0,0,0,0,0,0,1,1,-1,9,2,25,5,-1,-1,-1,-1,9,E01015913,0,1
2025421550452,2025,421550452,2,9,0,-1,19,6,2,-1,0,0,0,0,0,0,1,1,-1,6,2,48,8,-1,-1,-1,-1,7,E01021470,0,1
2025421550452,2025,421550452,1,9,0,-1,19,2,6,-1,0,0,0,0,0,0,1,1,-1,6,1,28,6,-1,-1,-1,-1,9,E01021240,0,3
2025421550454,2025,421550454,1,9,0,-1,2,3,7,-1,0,0,0,0,0,0,4,1,-1,6,3,-1,-1,-1,-1,-1,-1,-1,-1,0,-1
2025421550467,2025,421550467,1,9,0,-1,19,5,1,-1,0,1,0,0,0,0,1,1,-1,2,2,51,8,-1,-1,-1,-1,8,E01021924,0,1
2025421550518,2025,421550518,1,9,-1,-1,-1,-1,-1,-1,-1,0,-1,-1,-1,0,-1,9,-1,6,3,-1,-1,-1,-1,-1,-1,-1,-1,0,-1
2025421550518,2025,421550518,2,9,-1,-1,-1,-1,-1,-1,-1,0,-1,-1,-1,0,-1,9,-1,6,2,-1,-1,-1,-1,-1,-1,8,E01021887,0,4
2025421550523,2025,421550523,1,9,0,-1,19,7,3,-1,0,0,0,0,0,0,4,1,-1,6,1,86,11,-1,-1,-1,-1,7,E01021856,0,1
2025421550523,2025,421550523,2,19,0,-1,2,7,3,-1,0,0,0,0,0,0,2,1,-1,6,-1,-1,-1,-1,-1,-1,-1,-1,-1,0,-1
2025421550559,2025,421550559,1,5,0,-1,14,-1,-1,-1,0,0,2,0,0,0,4,1,-1,2,1,30,6,-1,-1,-1,-1,5,E01021707,0,1
2025421550695,2025,421550695,2,9,0,-1,19,3,8,-1,0,1,0,0,0,0,1,1,-1,9,1,26,6,-1,-1,-1,-1,9,E01023660,0,3
2025421550695,2025,421550695,1,9,0,-1,19,6,2,-1,0,8,1,0,0,0,3,1,-1,9,2,31,6,-1,-1,-1,-1,4,E01000189,0,4
2025421550697,2025,421550697,1,98,1,-1,1,2,1,-1,0,0,0,0,0,0,2,9,-1,1,1,-1,-1,-1,-1,-1,-1,-1,-1,0,-1
2025421550697,2025,421550697,2,9,0,-1,19,2,7,-1,0,0,0,0,0,0,1,9,-1,6,2,-1,-1,-1,-1,-1,-1,7,E01021470,0,1
2025421550700,2025,421550700,3,9,0,-1,3,3,1,-1,0,1,0,0,0,0,2,1,-1,6,2,19,4,-1,-1,-1,-1,3,E01022047,0,3
2025421550700,2025,421550700,2,9,0,-1,10,3,8,-1,0,1,0,0,0,0,2,1,-1,9,2,59,9,-1,-1,-1,-1,10,E01021736,0,1
2025421550700,2025,421550700,1,9,0,-1,19,3,7,-1,0,1,0,0,0,0,1,1,-1,9,2,83,11,-1,-1,-1,-1,7,E01021737,0,1
2025421550722,2025,421550722,2,9,0,-1,-1,-1,-1,-1,-1,0,-1,-1,-1,0,-1,9,-1,6,2,47,8,-1,-1,-1,-1,5,E01021773,0,1
2025421550722,2025,421550722,1,9,-1,-1,-1,-1,-1,-1,-1,0,-1,-1,-1,0,-1,9,-1,6,3,-1,-1,-1,-1,-1,-1,-1,-1,0,-1
2025421550746,2025,421550746,1,9,0,-1,5,3,7,-1,0,0,0,0,1,0,1,1,-1,9,1,89,11,-1,-1,-1,-1,7,E01021282,0,1
2025421550768,2025,421550768,1,9,0,-1,7,1,4,-1,0,1,0,0,0,0,1,1,-1,1,1,51,8,-1,-1,-1,-1,4,E01016369,0,4
2025421550839,2025,421550839,1,9,0,-1,9,5,1,-1,0,6,0,0,0,0,1,1,-1,2,2,45,7,-1,-1,-1,-1,3,E01022007,0,1
2025421550855,2025,421550855,1,9,0,-1,20,5,1,-1,0,0,0,0,0,0,1,1,-1,9,2,68,10,-1,-1,-1,-1,10,E01021455,0,1
2025421550901,2025,421550901,2,1,0,-1,19,7,3,-1,0,2,0,0,0,0,4,1,-1,9,2,69,10,-1,-1,-1,-1,6,E01021983,0,1
2025421550901,2025,421550901,1,9,0,-1,7,1,4,-1,0,6,0,0,0,0,3,1,-1,9,1,63,9,-1,-1,-1,-1,4,E01021979,0,1
2025421550939,2025,421550939,2,9,0,-1,3,7,3,-1,0,0,0,0,0,0,2,1,-1,9,2,32,6,-1,-1,-1,-1,10,E01021386,0,1
2025421550939,2025,421550939,1,9,0,-1,19,7,3,-1,0,0,0,0,0,0,1,1,-1,9,2,63,9,-1,-1,-1,-1,5,E01021410,0,3
2025421550966,2025,421550966,2,9,0,-1,2,0,0,-1,0,0,0,0,0,0,2,1,-1,1,2,30,6,-1,-1,-1,-1,5,E01034090,0,1
2025421550966,2025,421550966,1,9,0,-1,4,3,7,-1,0,0,0,0,0,0,1,1,-1,9,2,29,6,-1,-1,-1,-1,10,E01034083,0,1
2025421551183,2025,421551183,2,9,0,-1,4,1,6,-1,0,0,0,0,0,0,2,1,-1,1,1,40,7,-1,-1,-1,-1,2,E01029982,0,4
2025421551183,2025,421551183,3,19,0,-1,4,1,6,-1,0,0,0,0,0,0,2,1,-1,1,1,46,8,-1,-1,-1,-1,6,E01024052,0,4
2025421551183,2025,421551183,1,9,0,-1,4,1,6,-1,0,0,0,0,0,0,1,1,-1,2,2,33,6,-1,-1,-1,-1,7,E01029891,0,4
2025421551392,2025,421551392,2,9,0,-1,19,5,1,-1,0,3,0,0,0,0,1,1,-1,6,1,32,6,-1,-1,-1,-1,4,E01021741,0,2
2025421551392,2025,421551392,1,9,0,-1,19,5,1,-1,0,3,0,0,0,0,3,1,-1,6,3,-1,-1,-1,-1,-1,-1,-1,-1,0,-1
2025421551468,2025,421551468,1,19,0,-1,19,3,7,-1,0,0,2,11,7,0,1,1,-1,1,2,42,7,-1,-1,-1,-1,5,E01015905,0,2
2025421551520,2025,421551520,1,9,0,-1,9,3,7,-1,0,8,0,10,0,0,1,1,-1,9,2,43,7,-1,-1,-1,-1,5,E01021572,0,2
2025421551529,2025,421551529,2,9,0,-1,19,3,7,-1,0,1,0,0,0,0,4,1,-1,6,1,30,6,-1,-1,-1,-1,8,E01021433,0,4
2025421551529,2025,421551529,1,9,0,-1,10,5,2,-1,0,2,0,0,0,0,2,9,-1,6,3,-1,-1,-1,-1,-1,-1,-1,-1,0,-1
2025421551539,2025,421551539,1,98,0,-1,19,1,7,-1,0,1,0,0,0,0,4,1,-1,6,1,-1,-1,-1,-1,-1,-1,-1,-1,0,-1
2025421551543,2025,421551543,2,-1,0,-1,19,3,7,-1,0,3,0,0,0,0,3,1,-1,1,1,59,9,-1,-1,-1,-1,-1,-1,0,-1
2025421551543,2025,421551543,1,9,0,-1,5,5,1,-1,0,4,0,0,0,0,1,1,-1,1,1,52,8,-1,-1,-1,-1,6,E01021472,0,3
2025421551783,2025,421551783,1,9,0,-1,9,3,1,-1,0,6,0,0,0,0,1,1,-1,6,2,36,7,-1,-1,-1,-1,9,E01003660,0,2
2025421551783,2025,421551783,2,9,0,-1,19,1,5,-1,0,1,0,0,0,0,1,1,-1,6,2,29,6,-1,-1,-1,-1,3,E01001807,0,3
2025421551793,2025,421551793,2,3,0,-1,19,5,1,-1,0,1,0,0,0,0,1,1,-1,2,2,31,6,-1,-1,-1,-1,4,E01021720,0,3
2025421551793,2025,421551793,1,9,0,-1,9,7,5,-1,0,6,0,0,0,0,1,1,-1,2,1,54,8,-1,-1,-1,-1,4,E01026327,0,5
2025421551830,2025,421551830,1,9,0,-1,19,3,7,-1,0,1,0,0,0,0,1,1,-1,9,2,48,8,-1,-1,-1,-1,9,E01015833,0,1
2025421551880,2025,421551880,2,9,0,-1,19,-1,-1,-1,0,3,0,0,0,0,2,1,-1,6,2,40,7,-1,-1,-1,-1,5,E01021762,0,2
2025421551880,2025,421551880,1,19,0,-1,99,-1,-1,-1,0,4,0,0,0,0,4,1,-1,6,3,-1,-1,-1,-1,-1,-1,-1,-1,0,-1
2025421551882,2025,421551882,1,9,0,-1,5,5,1,-1,0,0,0,0,0,0,1,1,-1,9,1,50,8,-1,-1,-1,-1,6,E01021399,0,1
2025421552064,2025,421552064,2,9,0,-1,19,1,5,-1,0,0,0,0,0,0,2,1,-1,9,1,47,8,-1,-1,-1,-1,4,E01016074,0,4
2025421552064,2025,421552064,1,9,0,-1,19,1,5,-1,0,0,0,0,0,0,1,1,-1,9,1,31,6,-1,-1,-1,-1,5,E01023400,0,4
2025421552083,2025,421552083,1,9,0,-1,19,3,7,-1,0,1,0,0,1,0,1,1,-1,9,1,21,5,-1,-1,-1,-1,9,E01021349,0,3
2025421552083,2025,421552083,2,9,0,-1,19,7,3,-1,0,1,1,0,1,0,1,1,-1,9,1,74,10,-1,-1,-1,-1,5,E01021994,0,4
2025421552098,2025,421552098,2,9,0,-1,19,8,4,-1,0,0,0,0,0,0,1,1,-1,9,2,20,4,-1,-1,-1,-1,9,E01015980,0,1
2025421552098,2025,421552098,1,9,0,-1,19,4,8,-1,0,0,0,0,0,0,1,1,-1,9,1,24,5,-1,-1,-1,-1,4,E01034356,0,2
2025421552102,2025,421552102,2,9,0,-1,19,8,4,-1,0,0,0,0,0,0,1,1,-1,6,1,62,9,-1,-1,-1,-1,10,E01021250,0,4
2025421552102,2025,421552102,1,19,0,-1,6,8,8,-1,0,0,0,0,0,0,3,1,-1,2,1,35,6,-1,-1,-1,-1,7,E01000384,0,4
2025421552135,2025,421552135,1,9,0,-1,5,1,4,-1,0,1,1,0,1,9,1,1,-1,6,1,38,7,-1,-1,-1,-1,6,E01021770,0,1
2025421552143,2025,421552143,2,19,0,-1,2,0,0,-1,0,0,0,0,0,0,2,1,-1,1,1,28,6,-1,-1,-1,-1,1,E01026688,0,4
2025421552143,2025,421552143,1,9,0,-1,19,2,6,-1,0,0,0,4,0,0,1,1,-1,9,1,20,4,-1,-1,-1,-1,10,E01022691,0,5
2025421552150,2025,421552150,1,9,0,-1,19,3,7,-1,0,0,5,0,7,0,3,2,-1,9,1,21,5,-1,-1,-1,-1,8,E01023299,0,2
2025421552259,2025,421552259,1,9,0,-1,5,7,5,-1,0,6,0,0,0,0,1,1,-1,9,1,50,8,-1,-1,-1,-1,7,E01015964,0,2
2025421552259,2025,421552259,2,9,0,-1,19,5,1,-1,0,1,0,0,0,0,1,1,-1,9,2,35,6,-1,-1,-1,-1,6,E01015950,0,1
2025421552291,2025,421552291,2,9,0,-1,4,5,1,-1,0,0,0,0,0,0,2,1,-1,6,2,34,6,-1,-1,-1,-1,5,E01021802,0,1
2025421552291,2025,421552291,3,9,0,-1,19,5,1,-1,0,0,0,0,0,0,0,1,-1,1,1,43,7,-1,-1,-1,-1,7,E01021544,0,3
2025421552291,2025,421552291,1,9,0,-1,13,5,1,-1,0,0,0,0,0,0,1,1,-1,6,1,20,4,-1,-1,-1,-1,-1,-1,0,-1
2025421552340,2025,421552340,1,9,0,-1,19,-1,-1,-1,0,9,0,0,0,0,1,1,-1,6,3,-1,-1,-1,-1,-1,-1,-1,-1,0,-1
2025421552373,2025,421552373,2,9,0,-1,19,5,1,-1,0,0,0,0,2,0,2,1,-1,9,2,61,9,-1,-1,-1,-1,3,E01026134,0,5
2025421552373,2025,421552373,1,9,0,-1,19,5,1,-1,0,0,0,0,0,0,1,1,-1,9,2,37,7,-1,-1,-1,-1,3,E01035412,0,4
2025421552413,2025,421552413,1,20,0,-1,19,-1,-1,-1,0,0,0,0,0,0,3,1,-1,6,2,21,5,-1,-1,-1,-1,3,E01021631,0,3
2025421552421,2025,421552421,1,9,0,-1,19,5,8,-1,0,0,0,0,1,0,1,1,-1,9,1,38,7,-1,-1,-1,-1,3,E01021977,0,1
2025421552435,2025,421552435,2,97,0,-1,13,3,7,-1,0,8,5,0,0,0,1,1,-1,9,1,29,6,-1,-1,-1,-1,4,E01034357,0,1
2025421552435,2025,421552435,1,9,0,-1,9,3,1,-1,0,5,0,0,0,0,3,1,-1,9,1,17,4,-1,-1,-1,-1,2,E01021303,0,1
2025421552613,2025,421552613,1,9,0,-1,-1,-1,-1,-1,-1,0,-1,-1,-1,0,-1,9,-1,6,3,-1,-1,-1,-1,-1,-1,-1,-1,0,-1
2025421552613,2025,421552613,2,9,0,-1,-1,-1,-1,-1,-1,0,-1,-1,-1,0,-1,9,-1,6,1,67,10,-1,-1,-1,-1,4,E01015996,0,1
2025421552672,2025,421552672,1,9,0,-1,19,5,1,-1,0,0,0,0,0,0,1,1,-1,6,2,55,8,-1,-1,-1,-1,3,E01004413,0,4
2025421552672,2025,421552672,2,9,0,-1,19,1,1,-1,0,0,0,0,0,0,2,1,-1,9,1,19,4,-1,-1,-1,-1,10,E01030179,0,4
2025421552711,2025,421552711,2,9,0,-1,19,1,5,-1,0,1,0,0,0,0,1,1,-1,2,1,18,4,-1,-1,-1,-1,2,E01021697,0,4
2025421552711,2025,421552711,1,9,0,-1,7,3,5,-1,0,6,0,0,0,0,-1,1,-1,6,2,78,11,-1,-1,-1,-1,5,E01021550,0,2
2025421552725,2025,421552725,1,9,0,-1,19,1,6,-1,0,0,0,10,0,0,1,1,-1,9,1,84,11,-1,-1,-1,-1,6,E01021723,0,2
2025421552731,2025,421552731,1,9,0,-1,9,7,3,-1,0,1,0,0,0,0,1,1,-1,6,2,50,8,-1,-1,-1,-1,6,E01003773,0,3
2025421552731,2025,421552731,2,9,0,-1,19,3,7,-1,0,1,0,0,0,0,1,1,-1,6,2,58,9,-1,-1,-1,-1,-1,-1,0,-1
2025421552735,2025,421552735,1,9,0,-1,5,5,-1,-1,0,4,0,0,0,0,1,1,-1,6,2,-1,-1,-1,-1,-1,-1,4,E01021706,0,1
2025421552735,2025,421552735,2,1,0,-1,3,5,1,-1,0,4,-1,0,0,0,2,1,-1,2,1,34,6,-1,-1,-1,-1,6,E01021705,0,1
2025421552752,2025,421552752,1,19,0,-1,1,6,2,-1,0,1,0,0,0,0,2,9,-1,6,3,-1,-1,-1,-1,-1,-1,-1,-1,0,-1
2025421552758,2025,421552758,1,9,0,-1,15,3,7,-1,0,0,0,0,0,0,1,1,-1,9,1,38,7,-1,-1,-1,-1,10,E01021351,0,1
2025421552768,2025,421552768,2,9,0,-1,19,8,4,-1,0,0,0,0,0,0,2,1,-1,6,1,45,7,-1,-1,-1,-1,5,E01021666,0,4
2025421552768,2025,421552768,3,9,0,-1,19,8,4,-1,0,0,0,0,0,0,2,1,-1,6,1,27,6,-1,-1,-1,-1,9,E01033461,0,1
2025421552768,2025,421552768,1,9,0,-1,19,8,4,-1,0,0,1,0,0,0,1,1,-1,6,2,75,10,-1,-1,-1,-1,9,E01021428,0,1
2025421552793,2025,421552793,1,9,-1,-1,5,5,-1,-1,0,4,0,0,0,0,1,9,-1,6,3,-1,-1,-1,-1,-1,-1,-1,-1,0,-1
2025421552793,2025,421552793,2,3,0,-1,5,5,-1,-1,0,4,1,0,1,0,2,1,-1,6,1,46,8,-1,-1,-1,-1,3,E01021851,0,1
2025421552982,2025,421552982,1,9,0,-1,19,3,7,-1,0,0,0,0,0,0,4,9,-1,6,2,66,10,-1,-1,-1,-1,3,E01015923,0,1
2025421553014,2025,421553014,2,3,0,-1,19,-1,-1,-1,0,0,0,0,0,0,4,1,-1,2,1,31,6,-1,-1,-1,-1,4,E01021309,0,3
2025421553014,2025,421553014,1,9,0,-1,5,-1,-1,-1,0,0,0,0,0,0,3,1,-1,6,1,75,10,-1,-1,-1,-1,10,E01021459,0,1
2025421553026,2025,421553026,1,9,0,-1,1,3,7,-1,0,0,0,0,0,0,2,1,-1,1,1,26,6,-1,-1,-1,-1,6,E01002258,0,4
2025421553032,2025,421553032,2,9,0,-1,19,1,5,-1,0,0,0,0,0,0,2,1,-1,6,1,-1,-1,-1,-1,-1,-1,9,E01034358,0,3
2025421553032,2025,421553032,1,98,0,-1,19,1,5,-1,0,0,0,0,0,0,1,2,-1,6,1,-1,-1,-1,-1,-1,-1,-1,-1,0,-1
2025421553140,2025,421553140,2,9,0,-1,19,3,7,-1,0,0,0,0,3,0,1,1,-1,9,-1,20,4,-1,-1,-1,-1,-1,-1,0,-1
2025421553140,2025,421553140,1,1,0,-1,19,5,1,-1,0,0,0,0,3,0,1,1,-1,9,1,22,5,-1,-1,-1,-1,3,E01021490,0,1
2025421553186,2025,421553186,1,9,0,-1,19,1,5,-1,0,0,0,0,1,4,1,1,-1,9,1,18,4,-1,-1,-1,-1,9,E01015997,0,1
2025421553229,2025,421553229,2,9,0,-1,4,5,1,-1,0,0,0,0,0,0,2,1,-1,9,2,36,7,-1,-1,-1,-1,2,E01021576,0,1
2025421553229,2025,421553229,1,9,0,-1,19,5,1,-1,0,0,0,0,0,0,1,1,-1,9,2,44,7,-1,-1,-1,-1,9,E01021462,0,3
2025421553247,2025,421553247,1,9,0,-1,19,7,3,-1,0,1,0,0,0,0,1,1,-1,9,1,32,6,-1,-1,-1,-1,5,E01021753,0,2
2025421553247,2025,421553247,2,9,0,-1,19,3,7,-1,0,1,0,0,0,0,1,1,-1,9,1,42,7,-1,-1,-1,-1,6,E01021750,0,2
2025421553311,2025,421553311,1,9,0,-1,19,3,7,-1,0,0,0,0,0,0,1,9,-1,6,3,-1,-1,-1,-1,-1,-1,-1,-1,0,-1
2025421553685,2025,421553685,1,9,0,-1,2,1,1,-1,5,6,0,0,0,0,2,1,-1,7,2,56,9,-1,-1,-1,-1,8,E01021385,0,1
2025421553748,2025,421553748,1,9,0,-1,2,0,0,-1,0,1,0,4,0,0,3,1,-1,6,3,-1,-1,-1,-1,-1,-1,-1,-1,0,-1
2025421553748,2025,421553748,2,1,0,-1,14,5,1,-1,0,1,5,8,0,0,4,1,-1,6,1,76,11,-1,-1,-1,-1,7,E01021470,0,1
2025421553833,2025,421553833,2,9,0,-1,19,2,6,-1,0,0,0,0,0,0,2,1,-1,6,1,37,7,-1,-1,-1,-1,8,E01018242,0,4
2025421553833,2025,421553833,1,5,0,-1,19,2,6,-1,0,0,0,0,4,6,1,1,-1,6,1,23,5,-1,-1,-1,-1,8,E01035518,0,4
2025421553856,2025,421553856,2,9,0,-1,3,3,7,-1,0,0,0,0,0,0,2,1,-1,6,2,33,6,-1,-1,-1,-1,1,E01022031,0,1
2025421553856,2025,421553856,1,9,0,-1,3,3,7,-1,0,0,0,0,0,0,1,1,-1,9,2,-1,-1,-1,-1,-1,-1,3,E01022050,0,1
2025421554031,2025,421554031,1,9,0,-1,9,8,6,-1,0,6,0,0,0,0,1,1,-1,6,1,64,9,-1,-1,-1,-1,7,E01022067,0,1
2025421554031,2025,421554031,2,19,0,-1,19,5,1,-1,0,1,0,0,0,0,4,1,-1,6,2,41,7,-1,-1,-1,-1,-1,-1,0,-1
2025421554097,2025,421554097,1,19,0,-1,19,5,1,-1,0,0,0,4,0,0,1,1,-1,1,1,54,8,-1,-1,-1,-1,4,E01015958,0,1
2025421554097,2025,421554097,2,11,0,-1,19,5,1,-1,0,0,0,0,0,0,2,1,-1,1,1,57,9,-1,-1,-1,-1,4,E01015993,0,1
2025421554130,2025,421554130,1,9,0,-1,9,1,7,-1,0,6,0,0,0,0,1,1,-1,2,2,50,8,-1,-1,-1,-1,5,E01021874,0,1
2025421554130,2025,421554130,2,5,0,-1,19,7,3,-1,0,1,2,0,0,0,4,1,-1,2,1,55,8,-1,-1,-1,-1,9,E01015857,0,3
2025421554199,2025,421554199,1,9,0,-1,1,6,6,-1,0,0,0,0,0,0,2,1,-1,9,1,86,11,-1,-1,-1,-1,10,E01021728,0,1
2025421554209,2025,421554209,1,9,0,-1,19,5,1,-1,0,4,0,0,0,0,1,1,-1,6,2,76,11,-1,-1,-1,-1,6,E01015919,0,1
2025421554209,2025,421554209,3,21,0,-1,5,3,7,-1,0,1,0,0,0,0,1,1,-1,1,1,69,10,-1,-1,-1,-1,4,E01015936,0,4
2025421554209,2025,421554209,2,9,0,-1,7,3,5,-1,0,2,1,0,0,0,4,1,-1,9,2,42,7,-1,-1,-1,-1,8,E01015915,0,1
2025421554346,2025,421554346,2,9,0,-1,19,3,7,-1,0,1,0,0,0,0,2,1,-1,6,1,-1,-1,-1,-1,-1,-1,-1,-1,0,-1
2025421554346,2025,421554346,3,9,0,-1,8,5,1,-1,0,1,0,0,0,0,1,1,-1,6,1,41,7,-1,-1,-1,-1,-1,-1,0,-1
2025421554346,2025,421554346,1,21,0,-1,19,3,7,-1,0,1,0,0,0,0,1,1,-1,1,1,62,9,-1,-1,-1,-1,4,E01024481,0,4
2025421554431,2025,421554431,2,98,0,-1,19,1,5,-1,0,0,0,0,0,0,2,1,-1,1,1,47,8,-1,-1,-1,-1,3,E01032730,0,4
2025421554431,2025,421554431,3,21,1,-1,19,1,5,-1,0,0,0,11,0,0,1,9,-1,1,1,51,8,-1,-1,-1,-1,5,E01000592,0,4
2025421554431,2025,421554431,1,9,0,-1,19,1,5,-1,0,0,0,11,0,0,1,1,-1,6,1,46,8,-1,-1,-1,-1,5,E01027114,0,4
2025421554434,2025,421554434,1,5,0,-1,19,5,1,-1,0,1,5,0,0,0,1,1,-1,6,1,29,6,-1,-1,-1,-1,7,E01033056,0,1
2025421554438,2025,421554438,1,5,0,-1,14,5,1,-1,0,0,1,4,0,0,1,1,-1,6,1,32,6,-1,-1,-1,-1,3,E01021977,0,1
2025421554438,2025,421554438,2,9,0,-1,2,0,0,-1,0,0,0,0,0,0,1,1,-1,6,-1,-1,-1,-1,-1,-1,-1,-1,-1,0,-1
2025421554572,2025,421554572,1,19,0,-1,19,4,8,-1,0,0,0,0,1,10,1,1,-1,1,1,34,6,-1,-1,-1,-1,9,E01015815,0,1
2025421554595,2025,421554595,2,9,0,-1,19,7,3,-1,0,8,0,0,0,0,4,1,-1,6,2,47,8,-1,-1,-1,-1,7,E01015864,0,1
2025421554595,2025,421554595,1,1,0,-1,19,7,3,-1,0,8,0,0,0,0,3,1,-1,1,2,37,7,-1,-1,-1,-1,4,E01003597,0,4
2025421554633,2025,421554633,1,9,0,-1,19,1,4,-1,0,0,5,0,3,0,1,1,-1,9,1,72,10,-1,-1,-1,-1,7,E01034359,0,4
2025421554645,2025,421554645,2,9,0,-1,19,6,2,-1,0,0,2,0,0,0,3,1,-1,9,2,41,7,-1,-1,-1,-1,5,E01021773,0,2
2025421554645,2025,421554645,1,9,0,-1,19,2,6,-1,0,0,1,0,8,0,3,1,-1,2,1,30,6,-1,-1,-1,-1,4,E01021829,0,1
2025421554704,2025,421554704,1,9,0,-1,19,6,2,-1,0,0,0,0,0,0,1,1,-1,9,2,61,9,-1,-1,-1,-1,3,E01001650,0,4
2025421554704,2025,421554704,2,9,0,-1,19,6,2,-1,0,0,0,0,0,0,2,1,-1,9,2,71,10,-1,-1,-1,-1,7,E01021657,0,4
2025421554726,2025,421554726,1,9,0,-1,19,7,3,-1,0,0,0,0,1,4,1,1,-1,6,1,17,4,-1,-1,-1,-1,6,E01021419,0,1
2025421554744,2025,421554744,2,9,0,-1,9,7,1,-1,0,3,0,0,0,0,4,1,-1,6,1,54,8,-1,-1,-1,-1,6,E01021930,0,1
2025421554744,2025,421554744,1,9,0,-1,19,5,1,-1,0,4,0,0,0,0,1,1,-1,6,2,33,6,-1,-1,-1,-1,2,E01015931,0,4
2025421554757,2025,421554757,1,9,0,-1,19,5,1,-1,0,4,5,0,0,0,1,1,-1,1,1,48,8,-1,-1,-1,-1,-1,-1,0,-1
2025421554783,2025,421554783,2,9,0,-1,3,1,5,-1,0,0,0,0,0,0,2,1,-1,6,1,40,7,-1,-1,-1,-1,9,E01015999,0,1
2025421554783,2025,421554783,1,9,0,-1,99,1,5,-1,0,0,0,0,0,0,1,1,-1,6,2,21,5,-1,-1,-1,-1,8,E01015984,0,1
2025421554805,2025,421554805,1,9,0,-1,19,1,5,-1,0,0,0,0,0,0,1,1,-1,6,1,51,8,-1,-1,-1,-1,1,E01034748,0,5
2025421554805,2025,421554805,3,9,0,-1,19,1,5,-1,0,0,0,1,0,0,1,1,-1,9,1,65,9,-1,-1,-1,-1,8,E01023662,0,4
2025421554805,2025,421554805,2,8,0,-1,19,1,5,-1,0,0,0,1,0,0,1,1,-1,1,1,53,8,-1,-1,-1,-1,5,E01001272,0,4
2025421554811,2025,421554811,2,1,0,-1,5,1,5,-1,0,4,0,0,0,0,0,1,-1,2,1,54,8,-1,-1,-1,-1,-1,-1,0,-1
2025421554811,2025,421554811,1,8,0,-1,19,1,5,-1,0,4,0,0,0,0,0,1,-1,6,1,51,8,-1,-1,-1,-1,5,E01033139,0,1
2025421554856,2025,421554856,1,9,0,-1,11,6,2,-1,99,3,0,0,0,0,4,1,-1,6,1,35,6,-1,-1,-1,-1,5,E01021380,0,3
2025421554856,2025,421554856,2,9,0,-1,19,-1,-1,-1,99,3,0,10,2,10,3,1,-1,6,1,30,6,-1,-1,-1,-1,8,E01021547,0,1
2025421554915,2025,421554915,1,9,0,-1,20,1,5,-1,99,0,0,4,0,0,1,1,-1,6,1,19,4,-1,-1,-1,-1,9,E01000775,0,4
2025421554915,2025,421554915,2,9,0,-1,19,3,7,-1,0,0,0,0,0,0,4,1,-1,2,1,23,5,-1,-1,-1,-1,4,E01022036,0,1
2025421554960,2025,421554960,2,9,0,-1,12,-1,-1,-1,0,0,0,6,1,7,4,1,-1,6,2,59,9,-1,-1,-1,-1,3,E01015934,0,2
2025421554960,2025,421554960,1,98,1,-1,-1,-1,-1,-1,-1,0,-1,-1,-1,0,-1,9,-1,6,3,-1,-1,-1,-1,-1,-1,-1,-1,0,-1
2025421555043,2025,421555043,1,9,0,-1,19,5,1,-1,0,0,1,0,0,0,2,1,-1,2,1,29,6,-1,-1,-1,-1,-1,-1,0,-1
2025421555310,2025,421555310,2,19,0,-1,10,-1,-1,-1,0,8,0,99,0,0,1,1,-1,6,1,31,6,-1,-1,-1,-1,4,E01021862,0,4
2025421555310,2025,421555310,1,9,0,-1,19,-1,-1,-1,0,9,1,0,8,10,4,1,-1,6,1,21,5,-1,-1,-1,-1,6,E01015937,0,1