collision_index,collision_year,collision_ref_no,vehicle_reference,vehicle_type,towing_and_articulation,vehicle_manoeuvre_historic,vehicle_manoeuvre,vehicle_direction_from,vehicle_direction_to,vehicle_location_restricted_lane_historic,vehicle_location_restricted_lane,junction_location,skidding_and_overturning,hit_object_in_carriageway,vehicle_leaving_carriageway,hit_object_off_carriageway,first_point_of_impact,vehicle_left_hand_drive,journey_purpose_of_driver_historic,journey_purpose_of_driver,sex_of_driver,age_of_driver,age_band_of_driver,engine_capacity_cc,propulsion_code,age_of_vehicle,generic_make_model,driver_imd_decile,lsoa_of_driver,escooter_flag,driver_distance_banding
2025421555337,2025,421555337,3,9,0,-1,4,7,3,-1,0,0,0,0,0,0,2,1,-1,6,1,-1,-1,-1,-1,-1,-1,-1,-1,0,-1
2025421555337,2025,421555337,2,9,0,-1,4,7,3,-1,0,0,0,12,0,0,2,1,-1,2,1,-1,-1,-1,-1,-1,-1,-1,-1,0,-1
2025421555337,2025,421555337,1,19,0,-1,19,7,3,-1,0,0,0,0,0,0,1,1,-1,6,1,48,8,-1,-1,-1,-1,-1,-1,0,-1
2025421555407,2025,421555407,3,9,0,-1,19,5,1,-1,0,3,0,0,0,0,0,1,-1,1,1,38,7,-1,-1,-1,-1,-1,-1,0,-1
2025421555407,2025,421555407,2,1,0,-1,19,5,1,-1,0,3,0,0,0,0,3,1,-1,1,1,26,6,-1,-1,-1,-1,-1,-1,0,-1
2025421555407,2025,421555407,1,9,0,-1,9,7,3,-1,0,3,0,0,0,0,1,1,-1,6,2,63,9,-1,-1,-1,-1,-1,-1,0,-1
2025421555436,2025,421555436,2,9,0,-1,9,7,4,-1,0,8,0,0,0,0,3,1,-1,6,1,37,7,-1,-1,-1,-1,8,E01002300,0,2
2025421555436,2025,421555436,1,5,0,-1,13,6,2,-1,0,1,0,0,0,0,1,1,-1,9,1,40,7,-1,-1,-1,-1,7,E01034359,0,1
2025421555717,2025,421555717,1,9,0,-1,19,4,2,-1,0,4,0,0,0,0,3,1,-1,6,2,61,9,-1,-1,-1,-1,7,E01031837,0,4
2025421555717,2025,421555717,2,21,1,-1,19,6,2,-1,0,3,0,0,0,0,3,1,-1,1,1,60,9,-1,-1,-1,-1,3,E01021283,0,3
2025421555914,2025,421555914,1,9,0,-1,15,7,3,-1,0,0,0,0,0,0,4,1,-1,2,2,47,8,-1,-1,-1,-1,8,E01021555,0,1
2025421555928,2025,421555928,2,21,1,-1,5,6,3,-1,0,3,0,0,0,0,1,1,-1,1,1,59,9,-1,-1,-1,-1,6,E01033179,0,5
2025421555928,2025,421555928,1,9,0,-1,5,8,4,-1,0,4,0,0,0,0,1,1,-1,6,2,40,7,-1,-1,-1,-1,7,E01021606,0,2
2025421555954,2025,421555954,1,9,0,-1,19,3,7,-1,1,2,0,0,0,0,1,1,-1,6,2,75,10,-1,-1,-1,-1,5,E01021796,0,1
2025421555954,2025,421555954,2,9,0,-1,19,1,5,-1,0,2,0,0,0,0,4,1,-1,6,2,56,9,-1,-1,-1,-1,5,E01021769,0,1
2025421555988,2025,421555988,1,9,0,-1,19,4,8,-1,0,0,0,0,0,0,0,1,-1,6,3,-1,-1,-1,-1,-1,-1,-1,-1,0,-1
2025421556030,2025,421556030,1,3,0,-1,19,7,3,-1,0,0,0,0,7,4,3,1,-1,2,1,22,5,-1,-1,-1,-1,3,E01015854,0,4
2025421556035,2025,421556035,1,98,-1,-1,19,1,4,-1,0,0,0,0,0,0,1,9,-1,6,1,-1,-1,-1,-1,-1,-1,-1,-1,0,-1
2025421556035,2025,421556035,2,9,0,-1,3,1,5,-1,0,0,0,0,0,0,2,1,-1,1,2,47,8,-1,-1,-1,-1,8,E01030155,0,4
2025421556038,2025,421556038,1,9,0,-1,5,3,7,-1,0,1,0,0,0,0,4,1,-1,9,1,53,8,-1,-1,-1,-1,7,E01021650,0,1
2025421556087,2025,421556087,1,9,0,-1,7,4,6,-1,0,0,0,0,0,0,1,1,-1,6,3,25,5,-1,-1,-1,-1,6,E01021472,0,1
2025421556103,2025,421556103,1,9,0,-1,19,5,1,-1,0,0,0,0,0,0,4,1,-1,6,2,22,5,-1,-1,-1,-1,4,E01015993,0,1
2025421556133,2025,421556133,1,9,0,-1,19,6,2,-1,0,0,0,0,0,0,1,1,-1,1,1,53,8,-1,-1,-1,-1,4,E01022016,0,4
2025421556133,2025,421556133,2,9,0,-1,2,6,2,-1,0,0,0,0,0,0,2,1,-1,6,1,25,5,-1,-1,-1,-1,7,E01021660,0,3
2025421556174,2025,421556174,2,4,0,-1,19,3,7,-1,0,8,0,0,0,0,1,1,-1,6,2,31,6,-1,-1,-1,-1,2,E01015898,0,1
2025421556174,2025,421556174,1,9,0,-1,19,5,1,-1,0,1,0,0,0,0,3,1,-1,2,1,29,6,-1,-1,-1,-1,-1,-1,0,-1
2025421556176,2025,421556176,2,9,0,-1,4,1,5,-1,0,1,0,0,0,0,2,9,-1,9,2,63,9,-1,-1,-1,-1,5,E01021901,0,3
2025421556176,2025,421556176,1,9,-1,-1,-1,-1,-1,-1,-1,-1,-1,-1,-1,0,-1,9,-1,9,3,-1,-1,-1,-1,-1,-1,-1,-1,0,-1
2025421556180,2025,421556180,2,9,0,-1,19,8,5,-1,0,1,0,0,1,4,1,1,-1,2,1,25,5,-1,-1,-1,-1,7,E01015969,0,4
2025421556180,2025,421556180,1,9,0,-1,7,2,5,-1,0,6,0,0,0,0,0,9,-1,6,3,-1,-1,-1,-1,-1,-1,-1,-1,0,-1
2025421556196,2025,421556196,1,9,0,-1,19,5,1,-1,0,4,0,0,0,0,1,1,-1,6,2,35,6,-1,-1,-1,-1,3,E01021852,0,4
2025421556196,2025,421556196,2,1,0,-1,9,7,5,-1,0,8,0,0,0,0,4,1,-1,2,1,41,7,-1,-1,-1,-1,9,E01022077,0,1
2025421556203,2025,421556203,1,9,0,-1,19,4,8,-1,0,1,0,0,0,0,4,1,-1,6,2,57,9,-1,-1,-1,-1,3,E01015899,0,1
2025421556216,2025,421556216,1,9,0,-1,7,1,7,-1,0,2,0,0,0,0,1,9,-1,6,3,-1,-1,-1,-1,-1,-1,-1,-1,0,-1
2025421556216,2025,421556216,2,98,0,-1,19,5,2,-1,0,2,0,0,0,0,3,1,-1,6,1,27,6,-1,-1,-1,-1,8,E01021798,0,1
2025421556294,2025,421556294,1,4,0,-1,13,6,3,-1,0,8,0,0,0,0,4,1,-1,9,1,21,5,-1,-1,-1,-1,9,E01021560,0,1
2025421556294,2025,421556294,2,19,0,-1,9,6,4,-1,0,8,0,0,0,0,3,1,-1,1,2,40,7,-1,-1,-1,-1,5,E01021360,0,3
2025421556460,2025,421556460,1,9,0,-1,19,2,6,-1,0,0,0,0,0,0,1,1,-1,9,2,60,9,-1,-1,-1,-1,7,E01034093,0,3
2025421556460,2025,421556460,2,9,0,-1,4,2,6,-1,0,0,0,0,0,0,2,1,-1,9,2,35,6,-1,-1,-1,-1,10,E01021609,0,1
2025421556500,2025,421556500,1,9,0,-1,11,8,4,-1,0,0,0,0,0,0,1,1,-1,9,1,30,6,-1,-1,-1,-1,9,E01035172,0,4
2025421556500,2025,421556500,4,19,0,-1,3,8,4,-1,0,0,0,0,0,0,2,1,-1,9,1,34,6,-1,-1,-1,-1,8,E01021920,0,1
2025421556500,2025,421556500,2,19,0,-1,3,8,4,-1,0,0,0,0,0,0,2,1,-1,9,1,57,9,-1,-1,-1,-1,5,E01021907,0,4
2025421556500,2025,421556500,3,9,0,-1,3,8,4,-1,0,0,0,0,0,0,2,1,-1,9,1,52,8,-1,-1,-1,-1,9,E01021925,0,2
2025421556722,2025,421556722,1,9,0,-1,1,2,5,-1,0,0,0,0,0,0,2,1,-1,9,2,89,11,-1,-1,-1,-1,4,E01021636,0,1
2025421556726,2025,421556726,1,9,0,-1,19,3,7,-1,0,8,0,0,0,0,1,1,-1,9,2,27,6,-1,-1,-1,-1,5,E01021769,0,1
2025421556726,2025,421556726,2,21,4,-1,4,3,7,-1,0,3,0,0,0,0,2,1,-1,1,1,59,9,-1,-1,-1,-1,9,E01017572,0,4
2025421556749,2025,421556749,1,9,0,-1,19,1,5,-1,0,0,0,0,0,0,1,1,-1,9,2,40,7,-1,-1,-1,-1,-1,-1,0,-1
2025421556749,2025,421556749,2,9,0,-1,19,1,5,-1,0,0,0,0,0,0,1,1,-1,9,2,29,6,-1,-1,-1,-1,5,E01021572,0,1
2025421556749,2025,421556749,3,9,0,-1,19,1,5,-1,0,0,0,0,0,0,2,1,-1,9,1,79,11,-1,-1,-1,-1,6,E01000150,0,4
2025421556776,2025,421556776,2,9,0,-1,3,7,3,-1,0,8,0,99,0,0,2,1,-1,1,1,60,9,-1,-1,-1,-1,5,E01003715,0,4
2025421556776,2025,421556776,1,9,0,-1,3,7,3,-1,0,3,0,99,0,0,1,1,-1,6,1,-1,-1,-1,-1,-1,-1,-1,-1,0,-1
2025421556819,2025,421556819,3,9,0,-1,3,8,2,-1,0,4,0,0,0,0,2,1,-1,6,3,-1,-1,-1,-1,-1,-1,-1,-1,0,-1
2025421556819,2025,421556819,1,9,0,-1,4,6,2,-1,0,4,1,0,0,0,1,1,-1,6,1,54,8,-1,-1,-1,-1,7,E01015860,0,2
2025421556819,2025,421556819,2,9,0,-1,3,6,2,-1,0,4,0,0,0,0,2,1,-1,6,1,49,8,-1,-1,-1,-1,9,E01002263,0,4
2025421556928,2025,421556928,1,3,0,-1,15,7,3,-1,0,8,0,0,0,0,3,1,-1,6,1,37,7,-1,-1,-1,-1,1,E01022027,0,1
2025421556961,2025,421556961,1,9,0,-1,19,6,2,-1,0,2,0,0,0,0,4,1,-1,6,2,30,6,-1,-1,-1,-1,3,E01028062,0,5
2025421556961,2025,421556961,2,9,0,-1,2,0,0,-1,0,2,0,0,1,0,3,1,-1,6,-1,-1,-1,-1,-1,-1,-1,-1,-1,0,-1
2025421556997,2025,421556997,1,4,0,-1,19,8,3,-1,0,0,1,0,0,0,1,1,-1,6,1,25,5,-1,-1,-1,-1,9,E01021390,0,2
2025421556997,2025,421556997,2,9,0,-1,19,3,8,-1,0,0,0,0,1,0,1,1,-1,6,1,66,10,-1,-1,-1,-1,6,E01029880,0,1
2025421557025,2025,421557025,1,9,0,-1,19,3,7,-1,0,0,0,99,0,0,1,1,-1,6,3,-1,-1,-1,-1,-1,-1,-1,-1,0,-1
2025421557025,2025,421557025,2,9,0,-1,12,3,7,-1,0,0,0,7,9,6,2,1,-1,6,1,58,9,-1,-1,-1,-1,10,E01015885,0,2
2025421557035,2025,421557035,2,9,0,-1,3,5,3,-1,0,3,1,0,0,0,3,1,-1,2,2,21,5,-1,-1,-1,-1,9,E01021618,0,1
2025421557035,2025,421557035,1,9,0,-1,19,7,3,-1,0,4,0,0,0,0,1,1,-1,6,1,25,5,-1,-1,-1,-1,-1,-1,0,-1
2025421557037,2025,421557037,1,3,0,-1,19,7,3,-1,0,0,2,0,0,0,1,1,-1,9,1,23,5,-1,-1,-1,-1,1,E01021988,0,1
2025421557051,2025,421557051,2,9,0,-1,4,2,6,-1,0,0,0,0,0,0,2,1,-1,9,1,63,9,-1,-1,-1,-1,2,E01018063,0,4
2025421557051,2025,421557051,1,9,0,-1,4,2,6,-1,0,0,0,0,0,0,1,1,-1,9,1,30,6,-1,-1,-1,-1,9,E01016176,0,4
2025421557053,2025,421557053,2,1,0,-1,19,7,3,-1,0,1,2,0,0,0,3,1,-1,6,1,28,6,-1,-1,-1,-1,7,E01015837,0,1
2025421557053,2025,421557053,1,9,0,-1,9,1,4,-1,0,6,0,0,0,0,3,1,-1,6,1,25,5,-1,-1,-1,-1,9,E01021951,0,1
2025421557118,2025,421557118,1,90,5,-1,19,6,2,-1,0,0,5,0,0,0,1,1,-1,9,2,39,7,-1,-1,-1,-1,3,E01021295,0,1
2025421557204,2025,421557204,2,9,0,-1,19,2,2,-1,0,0,0,0,1,0,3,1,-1,2,1,28,6,-1,-1,-1,-1,10,E01021739,0,1
2025421557204,2025,421557204,1,9,0,-1,9,6,6,-1,0,0,0,0,8,0,1,1,-1,9,1,18,4,-1,-1,-1,-1,8,E01021740,0,1
2025421557345,2025,421557345,1,9,0,-1,9,3,5,-1,0,6,0,0,0,0,1,1,-1,9,1,79,11,-1,-1,-1,-1,4,E01021461,0,1
2025421557408,2025,421557408,1,9,0,-1,5,5,3,-1,0,6,0,0,0,0,1,1,-1,9,1,17,4,-1,-1,-1,-1,2,E01022023,0,1
2025421557408,2025,421557408,2,9,0,-1,19,3,7,-1,0,8,0,0,0,0,1,1,-1,9,2,44,7,-1,-1,-1,-1,10,E01021645,0,3
2025421557421,2025,421557421,1,9,0,-1,9,3,5,-1,0,1,1,0,1,0,1,1,-1,6,1,44,7,-1,-1,-1,-1,4,E01002313,0,2
2025421557421,2025,421557421,2,9,0,-1,19,5,1,-1,0,1,0,0,1,0,1,1,-1,6,1,55,8,-1,-1,-1,-1,10,E01021450,0,1
2025421557432,2025,421557432,3,9,0,-1,3,5,5,-1,0,0,0,0,0,0,2,1,-1,9,1,54,8,-1,-1,-1,-1,7,E01004379,0,2
2025421557432,2025,421557432,2,9,0,-1,3,5,5,-1,0,0,0,4,0,0,2,1,-1,9,2,27,6,-1,-1,-1,-1,5,E01021809,0,1
2025421557432,2025,421557432,1,9,0,-1,14,1,5,-1,0,0,0,4,0,0,1,1,-1,9,2,71,10,-1,-1,-1,-1,10,E01021781,0,1
2025421557443,2025,421557443,2,3,0,-1,19,1,1,-1,0,1,0,0,0,0,3,1,-1,6,1,23,5,-1,-1,-1,-1,3,E01015954,0,1
2025421557443,2025,421557443,1,9,0,-1,9,3,3,-1,0,1,0,0,0,0,4,1,-1,6,1,25,5,-1,-1,-1,-1,9,E01033614,0,1
2025421557598,2025,421557598,1,9,0,-1,5,7,5,-1,0,0,0,0,1,0,1,1,-1,9,1,91,11,-1,-1,-1,-1,10,E01021938,0,1
2025421557668,2025,421557668,1,9,0,-1,19,5,1,-1,0,8,0,0,7,0,1,1,-1,6,2,66,10,-1,-1,-1,-1,4,E01015819,0,1
2025421557668,2025,421557668,2,9,0,-1,19,7,3,-1,0,8,0,0,0,0,1,1,-1,9,1,36,7,-1,-1,-1,-1,9,E01015845,0,1
2025421557676,2025,421557676,1,9,0,-1,9,1,7,-1,0,2,0,0,0,0,1,1,-1,1,2,29,6,-1,-1,-1,-1,10,E01015830,0,1
2025421557677,2025,421557677,1,9,0,-1,19,7,3,-1,0,0,0,0,0,0,4,1,-1,9,2,29,6,-1,-1,-1,-1,8,E01021382,0,2
2025421557709,2025,421557709,2,9,0,-1,4,7,3,-1,0,2,0,0,0,0,2,1,-1,6,1,57,9,-1,-1,-1,-1,4,E01021265,0,1
2025421557709,2025,421557709,1,19,0,-1,4,7,3,-1,0,2,1,0,0,0,1,1,-1,6,3,-1,-1,-1,-1,-1,-1,-1,-1,0,-1
2025421557745,2025,421557745,1,22,0,-1,19,5,1,-1,0,8,0,0,0,0,3,1,-1,6,2,76,11,-1,-1,-1,-1,3,E01021977,0,1
2025421557745,2025,421557745,2,19,0,-1,9,3,7,-1,0,5,0,0,0,0,1,1,-1,6,1,71,10,-1,-1,-1,-1,4,E01022024,0,1
2025421557783,2025,421557783,2,9,0,-1,3,-1,-1,-1,0,1,0,0,0,0,1,1,-1,6,1,49,8,-1,-1,-1,-1,4,E01015959,0,1
2025421557783,2025,421557783,1,9,0,-1,1,-1,-1,-1,0,4,9,0,0,0,2,1,-1,6,3,-1,-1,-1,-1,-1,-1,-1,-1,0,-1
2025421557795,2025,421557795,1,9,0,-1,19,3,7,-1,0,0,0,0,0,0,4,1,-1,6,2,66,10,-1,-1,-1,-1,9,E01021786,0,1
2025421557824,2025,421557824,1,9,0,-1,19,3,7,-1,0,0,0,0,0,0,4,1,-1,6,1,40,7,-1,-1,-1,-1,4,E01015927,0,1
2025421557837,2025,421557837,5,9,0,-1,3,8,4,-1,0,0,0,0,0,0,2,1,-1,6,2,64,9,-1,-1,-1,-1,10,E01021590,0,2
2025421557837,2025,421557837,2,9,0,-1,3,8,4,-1,0,0,0,0,0,0,2,1,-1,6,1,30,6,-1,-1,-1,-1,5,E01034082,0,1
2025421557837,2025,421557837,6,9,0,-1,3,8,4,-1,0,0,0,0,0,0,2,1,-1,6,1,27,6,-1,-1,-1,-1,10,E01021615,0,4
2025421557837,2025,421557837,1,21,1,-1,19,8,4,-1,0,0,0,0,2,0,1,1,-1,1,1,58,9,-1,-1,-1,-1,6,E01014175,0,5
2025421557837,2025,421557837,3,9,0,-1,3,8,4,-1,0,0,0,0,0,0,2,1,-1,6,2,46,8,-1,-1,-1,-1,6,E01021535,0,3
2025421557837,2025,421557837,4,9,0,-1,3,8,4,-1,0,0,0,0,0,0,2,1,-1,6,1,48,8,-1,-1,-1,-1,8,E01021620,0,2
2025421557951,2025,421557951,1,9,0,-1,9,2,6,-1,0,4,0,0,0,0,1,1,-1,9,2,40,7,-1,-1,-1,-1,7,E01033056,0,1
2025421557951,2025,421557951,2,9,0,-1,19,6,3,-1,0,4,0,0,0,0,1,1,-1,1,2,20,4,-1,-1,-1,-1,10,E01033055,0,1
2025421557994,2025,421557994,1,9,0,-1,19,7,3,-1,0,0,0,10,0,0,1,9,-1,6,1,28,6,-1,-1,-1,-1,9,E01021533,0,1
2025421558005,2025,421558005,2,9,0,-1,2,0,0,-1,-1,0,0,0,0,0,2,1,-1,6,-1,-1,-1,-1,-1,-1,-1,-1,-1,0,-1
2025421558005,2025,421558005,1,9,0,-1,19,1,5,-1,-1,0,0,4,0,0,1,1,-1,6,1,38,7,-1,-1,-1,-1,3,E01034483,0,4
2025421558037,2025,421558037,1,9,0,-1,9,8,6,-1,0,3,0,0,0,0,1,1,-1,9,2,64,9,-1,-1,-1,-1,2,E01021312,0,1
2025421558072,2025,421558072,2,5,0,-1,9,-1,-1,-1,0,0,1,10,1,0,3,1,-1,6,1,25,5,-1,-1,-1,-1,10,E01021963,0,1
2025421558072,2025,421558072,1,9,0,-1,9,-1,-1,-1,0,0,0,0,0,0,1,1,-1,6,1,73,10,-1,-1,-1,-1,5,E01026727,0,5
2025421558118,2025,421558118,3,9,0,-1,3,7,4,-1,0,0,0,0,0,0,2,1,-1,9,2,51,8,-1,-1,-1,-1,4,E01021799,0,1
2025421558118,2025,421558118,2,19,0,-1,19,7,4,-1,0,0,0,0,0,0,2,1,-1,1,1,53,8,-1,-1,-1,-1,9,E01032818,0,4
2025421558118,2025,421558118,1,20,0,-1,19,7,4,-1,0,0,0,0,0,0,1,1,-1,1,1,26,6,-1,-1,-1,-1,2,E01023294,0,3
2025421558228,2025,421558228,1,98,0,-1,12,5,1,-1,0,0,0,0,0,0,3,2,-1,6,1,-1,-1,-1,-1,-1,-1,-1,-1,0,-1
2025421558228,2025,421558228,2,9,0,-1,19,5,1,-1,0,0,0,0,0,0,1,1,-1,6,1,74,10,-1,-1,-1,-1,8,E01002340,0,2
2025421558262,2025,421558262,1,9,0,-1,19,1,5,-1,0,0,0,0,0,0,1,1,-1,9,1,64,9,-1,-1,-1,-1,4,E01021842,0,4
2025421558262,2025,421558262,2,9,0,-1,19,1,5,-1,0,0,0,0,0,0,2,1,-1,2,1,63,9,-1,-1,-1,-1,8,E01018224,0,4
2025421558301,2025,421558301,2,9,0,-1,3,1,3,-1,4,1,1,0,0,0,2,1,-1,2,1,43,7,-1,-1,-1,-1,5,E01015859,0,3
2025421558301,2025,421558301,1,9,0,-1,3,1,3,-1,4,7,9,0,0,0,1,1,-1,6,1,57,9,-1,-1,-1,-1,-1,-1,0,-1
2025421558330,2025,421558330,2,3,0,-1,19,7,3,-1,0,0,1,0,0,0,1,1,-1,6,1,30,6,-1,-1,-1,-1,-1,-1,0,-1
2025421558330,2025,421558330,1,20,0,-1,9,7,3,-1,0,0,0,0,0,0,2,1,-1,2,1,60,9,-1,-1,-1,-1,-1,-1,0,-1
2025421558346,2025,421558346,1,9,0,-1,19,4,8,-1,0,8,0,0,0,0,1,1,-1,2,1,50,8,-1,-1,-1,-1,7,E01035590,0,1
2025421558381,2025,421558381,1,98,0,-1,-1,-1,-1,-1,0,0,-1,-1,-1,0,-1,9,-1,6,3,-1,-1,-1,-1,-1,-1,-1,-1,0,-1
2025421558381,2025,421558381,2,9,-1,-1,-1,-1,-1,-1,0,0,-1,-1,-1,0,-1,9,-1,6,3,-1,-1,-1,-1,-1,-1,-1,-1,0,-1
2025421558383,2025,421558383,1,9,0,-1,19,-1,-1,-1,0,5,0,11,0,0,4,1,-1,6,3,-1,-1,-1,-1,-1,-1,-1,-1,0,-1
2025421558385,2025,421558385,2,9,0,-1,11,1,8,-1,0,8,0,0,0,0,3,1,-1,6,2,37,7,-1,-1,-1,-1,-1,-1,0,-1
2025421558385,2025,421558385,1,9,0,-1,11,1,5,-1,0,3,0,0,0,0,1,1,-1,2,1,53,8,-1,-1,-1,-1,6,E01021344,0,1
2025421558388,2025,421558388,1,9,0,-1,19,4,1,-1,0,0,5,0,1,9,4,1,-1,9,1,18,4,-1,-1,-1,-1,4,E01002315,0,1
2025421558398,2025,421558398,1,98,0,-1,19,3,7,-1,0,0,0,0,0,0,3,9,-1,6,3,-1,-1,-1,-1,-1,-1,-1,-1,0,-1
2025421558413,2025,421558413,2,9,0,-1,4,7,3,-1,0,0,0,0,0,0,2,1,-1,6,2,65,9,-1,-1,-1,-1,8,E01021377,0,2
2025421558413,2025,421558413,1,9,0,-1,4,7,3,-1,0,0,0,0,0,0,2,1,-1,6,1,29,6,-1,-1,-1,-1,5,E01021664,0,3
2025421558439,2025,421558439,2,9,0,-1,4,1,5,-1,0,1,1,0,2,0,3,1,-1,6,1,35,6,-1,-1,-1,-1,1,E01002037,0,4
2025421558439,2025,421558439,1,9,0,-1,7,3,5,-1,99,6,9,0,0,0,1,9,-1,6,3,-1,-1,-1,-1,-1,-1,-1,-1,0,-1
2025421558524,2025,421558524,1,5,0,-1,13,1,5,-1,0,0,2,0,0,0,1,1,-1,9,1,28,6,-1,-1,-1,-1,5,E01021417,0,1
2025421558538,2025,421558538,1,9,0,-1,9,2,1,-1,0,6,1,0,1,0,1,1,-1,6,1,25,5,-1,-1,-1,-1,4,E01021368,0,1
2025421558538,2025,421558538,2,9,0,-1,19,1,6,-1,0,8,0,0,0,0,1,1,-1,9,1,21,5,-1,-1,-1,-1,10,E01021893,0,3
2025421558631,2025,421558631,1,9,0,-1,9,5,3,-1,0,1,0,0,0,0,1,1,-1,6,1,-1,-1,-1,-1,-1,-1,-1,-1,0,-1
2025421558694,2025,421558694,3,9,0,-1,2,0,0,-1,9,0,0,0,0,0,4,1,-1,6,-1,-1,-1,-1,-1,-1,-1,-1,-1,0,-1
2025421558694,2025,421558694,2,9,0,-1,2,0,0,-1,9,0,0,0,0,0,4,1,-1,6,-1,-1,-1,-1,-1,-1,-1,-1,-1,0,-1
2025421558694,2025,421558694,4,19,0,-1,2,0,0,-1,9,0,0,0,0,0,3,1,-1,6,-1,-1,-1,-1,-1,-1,-1,-1,-1,0,-1
2025421558694,2025,421558694,1,9,0,-1,19,1,3,-1,0,0,0,0,1,0,1,1,-1,6,1,20,4,-1,-1,-1,-1,2,E01015929,0,1
2025421558747,2025,421558747,1,9,0,-1,19,1,5,-1,0,0,1,0,0,0,3,1,-1,6,1,75,10,-1,-1,-1,-1,6,E01000318,0,4
2025421558747,2025,421558747,2,9,0,-1,19,5,1,-1,0,0,0,0,0,0,4,1,-1,6,2,45,7,-1,-1,-1,-1,5,E01021769,0,1
2025421558776,2025,421558776,2,9,0,-1,2,0,0,-1,-1,0,0,0,0,0,1,2,-1,6,-1,-1,-1,-1,-1,-1,-1,-1,-1,0,-1
2025421558776,2025,421558776,3,9,0,-1,2,0,0,-1,-1,0,0,0,0,0,2,1,-1,6,-1,-1,-1,-1,-1,-1,-1,-1,-1,0,-1
2025421558776,2025,421558776,1,9,0,-1,19,7,3,-1,0,0,1,4,0,0,1,1,-1,6,2,32,6,-1,-1,-1,-1,6,E01033064,0,1
2025421558814,2025,421558814,1,9,-1,-1,12,-1,-1,-1,0,0,0,0,0,0,3,9,-1,6,3,-1,-1,-1,-1,-1,-1,-1,-1,0,-1
2025421558814,2025,421558814,2,9,-1,-1,19,-1,-1,-1,0,0,0,0,-1,0,4,9,-1,6,1,29,6,-1,-1,-1,-1,4,E01006001,0,5
2025421558842,2025,421558842,1,97,0,-1,19,3,7,-1,0,1,1,0,0,0,1,1,-1,6,1,-1,-1,-1,-1,-1,-1,-1,-1,0,-1
2025421558842,2025,421558842,2,9,0,-1,8,3,7,-1,0,1,0,0,0,0,2,9,-1,6,2,32,6,-1,-1,-1,-1,3,E01015839,0,1
2025421558848,2025,421558848,1,9,0,-1,7,3,7,-1,0,8,0,0,0,0,1,1,-1,9,1,33,6,-1,-1,-1,-1,5,E01021868,0,1
2025421558848,2025,421558848,2,1,0,-1,19,1,5,-1,0,8,0,0,0,0,4,1,-1,9,1,12,3,-1,-1,-1,-1,4,E01021847,0,1
2025421558907,2025,421558907,1,9,0,-1,5,5,1,-1,0,4,0,0,0,0,1,1,-1,6,2,48,8,-1,-1,-1,-1,8,E01035159,0,2
2025421558907,2025,421558907,2,5,0,-1,5,3,1,-1,0,4,5,0,0,0,4,1,-1,9,1,42,7,-1,-1,-1,-1,5,E01021666,0,1
2025421558913,2025,421558913,1,9,-1,-1,19,-1,-1,-1,0,0,-1,-1,-1,0,-1,9,-1,6,1,50,8,-1,-1,-1,-1,7,E01015969,0,4
2025421558933,2025,421558933,1,9,0,-1,19,3,7,-1,0,0,0,0,0,0,1,1,-1,6,1,31,6,-1,-1,-1,-1,9,E01015815,0,1
2025421558933,2025,421558933,2,9,0,-1,4,3,7,-1,0,0,0,0,0,0,2,1,-1,6,2,72,10,-1,-1,-1,-1,3,E01015899,0,1
2025421559022,2025,421559022,1,9,0,-1,19,2,6,-1,0,0,0,0,0,0,1,1,-1,6,2,21,5,-1,-1,-1,-1,9,E01021383,0,1
2025421559162,2025,421559162,1,9,0,-1,19,6,2,-1,0,0,0,0,0,0,1,1,-1,9,1,51,8,-1,-1,-1,-1,10,E01021805,0,1
2025421559199,2025,421559199,1,9,0,-1,19,3,7,-1,0,0,1,0,1,2,3,1,-1,6,1,31,6,-1,-1,-1,-1,8,E01021792,0,2
2025421559330,2025,421559330,2,9,0,-1,2,2,6,-1,0,0,0,0,0,0,2,1,-1,2,2,61,9,-1,-1,-1,-1,6,E01021810,0,2
2025421559330,2025,421559330,1,9,0,-1,19,2,6,-1,0,0,0,0,0,0,0,1,-1,2,1,43,7,-1,-1,-1,-1,6,E01021770,0,1
2025421559360,2025,421559360,4,9,0,-1,19,1,4,-1,0,0,0,0,1,0,1,1,-1,1,1,53,8,-1,-1,-1,-1,8,E01021604,0,1
2025421559360,2025,421559360,3,9,0,-1,19,5,1,-1,0,0,0,0,0,0,3,1,-1,6,1,29,6,-1,-1,-1,-1,8,E01021948,0,3
2025421559360,2025,421559360,1,9,0,-1,19,5,1,-1,0,0,0,0,0,0,1,1,-1,9,2,18,4,-1,-1,-1,-1,1,E01021324,0,1
2025421559360,2025,421559360,2,9,0,-1,19,1,4,-1,0,0,1,0,0,0,1,1,-1,9,1,66,10,-1,-1,-1,-1,9,E01021240,0,1
2025421559548,2025,421559548,2,9,0,-1,19,5,1,-1,0,0,0,0,0,0,2,1,-1,9,2,49,8,-1,-1,-1,-1,1,E01021302,0,4
2025421559548,2025,421559548,1,9,0,-1,19,5,1,-1,0,0,0,0,0,0,1,1,-1,2,1,21,5,-1,-1,-1,-1,8,E01027098,0,4
2025421559637,2025,421559637,5,9,0,-1,3,7,3,-1,0,0,0,0,0,0,2,1,-1,6,1,46,8,-1,-1,-1,-1,-1,-1,0,-1
2025421559637,2025,421559637,3,8,0,-1,3,7,3,-1,0,0,0,0,0,0,2,1,-1,6,1,45,7,-1,-1,-1,-1,7,E01021801,0,2