collision_index,collision_year,collision_ref_no,vehicle_reference,vehicle_type,towing_and_articulation,vehicle_manoeuvre_historic,vehicle_manoeuvre,vehicle_direction_from,vehicle_direction_to,vehicle_location_restricted_lane_historic,vehicle_location_restricted_lane,junction_location,skidding_and_overturning,hit_object_in_carriageway,vehicle_leaving_carriageway,hit_object_off_carriageway,first_point_of_impact,vehicle_left_hand_drive,journey_purpose_of_driver_historic,journey_purpose_of_driver,sex_of_driver,age_of_driver,age_band_of_driver,engine_capacity_cc,propulsion_code,age_of_vehicle,generic_make_model,driver_imd_decile,lsoa_of_driver,escooter_flag,driver_distance_banding
2025421559637,2025,421559637,6,9,0,-1,3,7,3,-1,0,0,0,0,0,0,2,1,-1,6,2,45,7,-1,-1,-1,-1,8,E01034363,0,2
2025421559637,2025,421559637,1,9,0,-1,19,7,3,-1,0,0,0,0,0,0,1,1,-1,6,1,25,5,-1,-1,-1,-1,2,E01001439,0,3
2025421559637,2025,421559637,4,9,0,-1,3,7,3,-1,0,0,0,0,0,0,2,1,-1,6,2,55,8,-1,-1,-1,-1,6,E01021768,0,1
2025421559637,2025,421559637,7,9,0,-1,3,7,3,-1,0,0,0,0,0,0,2,1,-1,6,2,56,9,-1,-1,-1,-1,7,E01021761,0,1
2025421559637,2025,421559637,2,9,0,-1,19,7,3,-1,0,0,0,0,0,0,0,1,-1,8,1,26,6,-1,-1,-1,-1,7,E01021544,0,4
2025421559642,2025,421559642,3,9,0,-1,4,8,8,-1,0,2,0,0,0,0,2,1,-1,9,1,69,10,-1,-1,-1,-1,3,E01016005,0,1
2025421559642,2025,421559642,1,9,5,-1,3,8,8,-1,0,2,0,0,0,0,1,1,-1,9,1,36,7,-1,-1,-1,-1,9,E01015939,0,1
2025421559642,2025,421559642,2,9,0,-1,19,8,8,-1,0,1,0,0,0,0,2,1,-1,9,1,28,6,-1,-1,-1,-1,8,E01015960,0,1
2025421559859,2025,421559859,2,9,0,-1,19,4,8,-1,0,1,0,0,0,0,1,1,-1,9,2,27,6,-1,-1,-1,-1,10,E01022084,0,4
2025421559859,2025,421559859,1,9,0,-1,7,7,8,-1,0,1,0,0,0,0,3,1,-1,9,2,37,7,-1,-1,-1,-1,6,E01021413,0,3
2025421560022,2025,421560022,2,8,0,-1,19,2,6,-1,0,0,0,0,0,0,1,1,-1,9,1,54,8,-1,-1,-1,-1,8,E01002321,0,3
2025421560022,2025,421560022,1,9,0,-1,2,0,0,-1,0,0,0,0,0,0,2,1,-1,9,1,32,6,-1,-1,-1,-1,2,E01015896,0,3
2025421560023,2025,421560023,2,9,0,-1,19,5,1,-1,0,8,0,0,0,0,1,1,-1,6,2,62,9,-1,-1,-1,-1,6,E01015818,0,1
2025421560023,2025,421560023,1,9,0,-1,9,1,7,-1,0,8,0,0,0,0,4,1,-1,6,1,40,7,-1,-1,-1,-1,5,E01021954,0,1
2025421560102,2025,421560102,1,9,0,-1,7,5,7,-1,0,0,0,0,0,0,1,1,-1,9,1,53,8,-1,-1,-1,-1,6,E01002295,0,4
2025421560135,2025,421560135,1,9,0,-1,7,6,1,-1,0,0,1,10,1,2,2,1,-1,9,1,33,6,-1,-1,-1,-1,1,E01021290,0,3
2025421560150,2025,421560150,3,9,0,-1,19,3,7,-1,0,0,0,0,0,0,1,1,-1,6,2,68,10,-1,-1,-1,-1,5,E01021907,0,3
2025421560150,2025,421560150,2,5,0,-1,19,7,3,-1,0,0,5,0,7,10,4,1,-1,6,1,78,11,-1,-1,-1,-1,5,E01021901,0,2
2025421560150,2025,421560150,1,9,0,-1,5,1,7,-1,0,0,0,0,0,0,1,1,-1,9,1,47,8,-1,-1,-1,-1,5,E01021874,0,1
2025421560203,2025,421560203,5,9,0,-1,4,2,6,-1,0,0,0,0,0,0,2,1,-1,6,1,52,8,-1,-1,-1,-1,3,E01021307,0,4
2025421560203,2025,421560203,1,9,0,-1,19,2,6,-1,0,0,0,0,1,0,1,1,-1,6,1,22,5,-1,-1,-1,-1,5,E01023868,0,4
2025421560203,2025,421560203,3,9,0,-1,19,2,8,-1,0,0,0,0,0,0,1,1,-1,6,2,24,5,-1,-1,-1,-1,1,E01011283,0,5
2025421560203,2025,421560203,2,9,0,-1,3,2,6,-1,0,0,0,0,0,0,2,1,-1,6,1,48,8,-1,-1,-1,-1,8,E01021920,0,4
2025421560203,2025,421560203,4,9,0,-1,19,2,6,-1,0,0,0,0,0,0,1,1,-1,6,2,34,6,-1,-1,-1,-1,7,E01024133,0,4
2025421560209,2025,421560209,1,9,0,-1,9,3,1,-1,0,6,0,0,0,0,1,1,-1,9,2,20,4,-1,-1,-1,-1,3,E01002284,0,3
2025421560209,2025,421560209,2,3,0,-1,19,1,5,-1,1,1,1,0,0,0,1,1,-1,6,1,26,6,-1,-1,-1,-1,5,E01015994,0,1
2025421560246,2025,421560246,1,9,0,-1,19,4,8,-1,0,4,0,0,0,0,4,1,-1,9,2,60,9,-1,-1,-1,-1,7,E01022098,0,1
2025421560246,2025,421560246,2,9,0,-1,19,6,1,-1,0,1,0,0,0,0,1,1,-1,9,1,26,6,-1,-1,-1,-1,10,E01022075,0,2
2025421560247,2025,421560247,1,9,0,-1,19,7,3,-1,9,0,0,0,1,11,1,1,-1,9,1,91,11,-1,-1,-1,-1,5,E01021360,0,3
2025421560301,2025,421560301,1,9,0,-1,5,5,1,-1,0,0,0,0,0,0,1,1,-1,9,2,34,6,-1,-1,-1,-1,8,E01021516,0,1
2025421560332,2025,421560332,2,-1,0,-1,19,1,5,-1,0,0,0,0,0,0,0,1,-1,9,2,16,4,-1,-1,-1,-1,9,E01033461,1,1
2025421560332,2025,421560332,1,1,0,-1,19,1,5,-1,0,0,0,0,0,0,1,1,-1,6,3,-1,-1,-1,-1,-1,-1,-1,-1,0,-1
2025421560387,2025,421560387,2,9,0,-1,3,6,1,-1,0,1,0,0,0,0,2,1,-1,6,1,45,7,-1,-1,-1,-1,-1,-1,0,-1
2025421560387,2025,421560387,1,9,0,-1,5,6,1,-1,0,1,0,0,0,0,1,1,-1,9,2,28,6,-1,-1,-1,-1,5,E01015928,0,1
2025421560422,2025,421560422,1,9,0,-1,19,-1,-1,-1,0,0,1,0,3,99,1,1,-1,6,1,36,7,-1,-1,-1,-1,6,E01021629,0,1
2025421560422,2025,421560422,2,9,0,-1,13,-1,-1,-1,0,0,0,0,0,0,1,1,-1,6,1,40,7,-1,-1,-1,-1,4,E01021601,0,1
2025421560534,2025,421560534,2,9,-1,-1,99,-1,-1,-1,99,9,9,99,0,0,2,1,-1,6,3,-1,-1,-1,-1,-1,-1,-1,-1,0,-1
2025421560534,2025,421560534,1,3,-1,-1,99,-1,-1,-1,99,9,9,99,0,0,1,1,-1,1,1,26,6,-1,-1,-1,-1,6,E01021435,0,1
2025421560577,2025,421560577,2,9,0,-1,19,-1,-1,-1,0,0,9,99,3,0,3,1,-1,6,3,-1,-1,-1,-1,-1,-1,-1,-1,0,-1
2025421560577,2025,421560577,1,9,0,-1,19,-1,-1,-1,0,0,0,0,0,0,3,1,-1,2,2,24,5,-1,-1,-1,-1,3,E01004400,0,3
2025421560626,2025,421560626,1,19,0,-1,19,4,1,-1,0,8,0,0,0,0,1,1,-1,1,1,29,6,-1,-1,-1,-1,7,E01003643,0,4
2025421560626,2025,421560626,2,9,0,-1,3,1,4,-1,0,8,0,0,0,0,1,1,-1,9,2,37,7,-1,-1,-1,-1,4,E01015933,0,1
2025421560655,2025,421560655,1,9,0,-1,5,5,1,-1,0,8,1,0,7,0,4,1,-1,9,2,40,7,-1,-1,-1,-1,4,E01022036,0,1
2025421560655,2025,421560655,2,9,0,-1,19,7,3,-1,0,8,0,0,0,0,1,1,-1,9,1,65,9,-1,-1,-1,-1,4,E01022048,0,1
2025421560680,2025,421560680,1,19,0,-1,1,2,2,-1,0,1,0,0,0,0,2,1,-1,9,1,35,6,-1,-1,-1,-1,5,E01021822,0,1
2025421560704,2025,421560704,1,9,0,-1,19,3,7,-1,0,0,1,0,1,4,1,1,-1,9,1,20,4,-1,-1,-1,-1,3,E01002283,0,2
2025421560704,2025,421560704,2,9,0,-1,19,3,7,-1,0,0,0,0,0,0,0,1,-1,1,1,40,7,-1,-1,-1,-1,7,E01021544,0,4
2025421560739,2025,421560739,1,9,0,-1,7,5,7,-1,0,0,0,0,0,0,1,1,-1,6,1,62,9,-1,-1,-1,-1,6,E01015937,0,1
2025421560743,2025,421560743,2,9,0,-1,5,-1,-1,-1,0,0,1,11,0,0,1,1,-1,6,3,-1,-1,-1,-1,-1,-1,-1,-1,0,-1
2025421560743,2025,421560743,1,1,0,-1,3,-1,-1,-1,0,0,0,0,0,0,2,1,-1,2,1,50,8,-1,-1,-1,-1,5,E01021854,0,1
2025421560745,2025,421560745,2,9,-1,-1,4,-1,-1,-1,0,0,0,0,0,0,2,9,-1,6,1,28,6,-1,-1,-1,-1,2,E01002033,0,4
2025421560745,2025,421560745,1,9,0,-1,19,-1,-1,-1,0,0,0,0,0,0,1,1,-1,6,1,27,6,-1,-1,-1,-1,5,E01021994,0,4
2025421560745,2025,421560745,3,19,-1,-1,4,-1,-1,-1,0,0,0,0,0,0,2,9,-1,6,1,-1,-1,-1,-1,-1,-1,9,E01021577,0,3
2025421560757,2025,421560757,1,9,0,-1,19,3,7,-1,0,0,0,0,0,0,4,9,-1,6,3,-1,-1,-1,-1,-1,-1,-1,-1,0,-1
2025421560806,2025,421560806,1,2,0,-1,19,5,1,-1,0,0,1,0,0,0,0,1,-1,6,1,38,7,-1,-1,-1,-1,-1,-1,0,-1
2025421560814,2025,421560814,1,9,0,-1,19,4,8,-1,0,0,0,0,0,0,4,9,-1,6,1,53,8,-1,-1,-1,-1,9,E01021959,0,1
2025421560817,2025,421560817,3,21,0,-1,19,4,3,-1,0,0,0,0,0,0,0,1,-1,1,3,-1,-1,-1,-1,-1,-1,-1,-1,0,-1
2025421560817,2025,421560817,2,9,0,-1,3,7,3,-1,0,0,0,0,0,0,2,1,-1,9,1,26,6,-1,-1,-1,-1,5,E01021360,0,2
2025421560817,2025,421560817,1,9,0,-1,19,7,3,-1,0,0,0,0,0,0,1,1,-1,9,2,38,7,-1,-1,-1,-1,4,E01021425,0,1
2025421560837,2025,421560837,1,9,0,-1,4,7,3,-1,0,1,0,0,0,0,4,1,-1,6,1,74,10,-1,-1,-1,-1,4,E01021310,0,1
2025421560988,2025,421560988,2,19,0,-1,19,7,2,-1,0,2,0,0,0,0,2,1,-1,9,2,61,9,-1,-1,-1,-1,10,E01034084,0,2
2025421560988,2025,421560988,5,9,0,-1,19,7,2,-1,0,7,0,0,0,0,2,1,-1,9,1,59,9,-1,-1,-1,-1,3,E01021889,0,2
2025421560988,2025,421560988,4,19,0,-1,19,7,2,-1,0,2,0,0,0,0,2,1,-1,9,1,73,10,-1,-1,-1,-1,10,E01030183,0,4
2025421560988,2025,421560988,3,9,0,-1,19,7,2,-1,0,2,0,0,0,0,2,1,-1,9,2,58,9,-1,-1,-1,-1,8,E01021424,0,1
2025421560988,2025,421560988,1,9,0,-1,19,7,2,-1,0,1,0,0,0,0,2,1,-1,9,1,36,7,-1,-1,-1,-1,5,E01021380,0,2
2025421561022,2025,421561022,2,19,0,-1,4,4,7,-1,0,2,0,0,0,0,2,1,-1,1,1,53,8,-1,-1,-1,-1,6,E01029881,0,4
2025421561022,2025,421561022,1,9,0,-1,19,4,8,-1,0,8,0,0,0,0,1,1,-1,7,2,47,8,-1,-1,-1,-1,9,E01021409,0,1
2025421561059,2025,421561059,1,9,0,-1,9,5,2,-1,0,6,0,0,0,0,4,1,-1,6,2,31,6,-1,-1,-1,-1,1,E01021988,0,1
2025421561059,2025,421561059,2,9,0,-1,19,7,3,-1,0,2,0,0,0,0,3,1,-1,2,2,63,9,-1,-1,-1,-1,2,E01021975,0,1
2025421561088,2025,421561088,2,9,0,-1,19,3,7,-1,0,0,1,7,5,6,2,1,-1,9,1,45,7,-1,-1,-1,-1,8,E01032776,0,4
2025421561088,2025,421561088,1,9,0,-1,11,3,2,-1,0,0,1,0,3,0,1,9,-1,6,3,30,6,-1,-1,-1,-1,-1,-1,0,-1
2025421561160,2025,421561160,1,9,0,-1,7,1,3,-1,0,0,0,0,7,0,3,1,-1,9,1,86,11,-1,-1,-1,-1,5,E01021982,0,2
2025421561260,2025,421561260,1,19,0,-1,9,3,8,-1,0,1,0,0,0,0,1,1,-1,1,1,54,8,-1,-1,-1,-1,4,E01021648,0,2
2025421561260,2025,421561260,2,19,0,-1,19,6,3,-1,0,1,0,0,0,0,1,1,-1,1,1,25,5,-1,-1,-1,-1,4,E01022016,0,4
2025421561280,2025,421561280,2,1,0,-1,19,1,5,-1,0,4,2,0,1,0,4,1,-1,7,2,17,4,-1,-1,-1,-1,6,E01033719,0,1
2025421561280,2025,421561280,1,9,0,-1,19,7,3,-1,0,4,0,0,0,0,1,1,-1,2,2,27,6,-1,-1,-1,-1,4,E01021984,0,3
2025421561358,2025,421561358,1,9,0,-1,99,-1,-1,-1,0,1,0,4,0,0,1,1,-1,6,3,-1,-1,-1,-1,-1,-1,-1,-1,0,-1
2025421561358,2025,421561358,2,9,0,-1,4,-1,-1,-1,0,1,0,4,0,0,2,1,-1,6,2,37,7,-1,-1,-1,-1,4,E01015819,0,1
2025421561469,2025,421561469,1,19,0,-1,4,6,3,-1,0,0,0,10,0,0,4,1,-1,9,1,48,8,-1,-1,-1,-1,6,E01003713,0,4
2025421561754,2025,421561754,1,4,0,-1,19,5,1,-1,0,1,1,0,0,0,1,1,-1,2,1,24,5,-1,-1,-1,-1,2,E01001687,0,3
2025421561754,2025,421561754,2,9,0,-1,3,5,1,-1,0,1,0,0,0,0,2,1,-1,2,1,60,9,-1,-1,-1,-1,3,E01021339,0,3
2025421561817,2025,421561817,1,9,0,-1,-1,-1,-1,-1,-1,0,-1,-1,-1,0,-1,9,-1,6,1,29,6,-1,-1,-1,-1,9,E01022099,0,1
2025421561817,2025,421561817,2,9,0,-1,-1,-1,-1,-1,-1,0,-1,-1,-1,0,-1,9,-1,6,2,45,7,-1,-1,-1,-1,8,E01022092,0,2
2025421561823,2025,421561823,2,9,0,-1,4,3,7,-1,0,0,0,0,0,0,2,1,-1,2,2,61,9,-1,-1,-1,-1,3,E01015924,0,1
2025421561823,2025,421561823,3,21,0,-1,4,3,7,-1,0,0,0,0,0,0,2,1,-1,7,1,49,8,-1,-1,-1,-1,3,E01003942,0,4
2025421561823,2025,421561823,1,9,0,-1,4,3,7,-1,0,0,0,0,0,0,1,1,-1,2,1,36,7,-1,-1,-1,-1,5,E01015994,0,2
2025421561952,2025,421561952,3,9,0,-1,2,0,0,-1,0,0,0,0,0,0,1,1,-1,6,-1,-1,-1,-1,-1,-1,-1,-1,-1,0,-1
2025421561952,2025,421561952,2,9,0,-1,2,0,0,-1,0,0,0,0,0,0,1,1,-1,6,-1,-1,-1,-1,-1,-1,-1,-1,-1,0,-1
2025421561952,2025,421561952,1,9,0,-1,1,7,2,-1,0,0,0,10,1,0,1,1,-1,9,2,89,11,-1,-1,-1,-1,7,E01021702,0,1
2025421561973,2025,421561973,1,9,0,-1,5,3,7,-1,0,0,0,0,7,2,1,1,-1,9,1,70,10,-1,-1,-1,-1,3,E01021245,0,1
2025421562121,2025,421562121,1,9,0,-1,19,1,5,-1,0,0,0,4,0,0,1,9,-1,9,2,49,8,-1,-1,-1,-1,8,E01015965,0,1
2025421562121,2025,421562121,2,9,0,-1,19,5,1,-1,0,0,0,0,0,0,2,1,-1,9,2,42,7,-1,-1,-1,-1,8,E01015960,0,1
2025421562222,2025,421562222,2,1,0,-1,19,2,6,-1,0,8,0,0,0,0,4,1,-1,9,1,11,3,-1,-1,-1,-1,5,E01015831,0,1
2025421562222,2025,421562222,1,9,0,-1,19,7,3,-1,0,1,0,0,0,0,1,1,-1,2,2,56,9,-1,-1,-1,-1,5,E01015831,0,1
2025421562241,2025,421562241,2,9,0,-1,19,6,2,-1,0,1,0,0,0,0,1,1,-1,6,2,23,5,-1,-1,-1,-1,9,E01003660,0,1
2025421562241,2025,421562241,1,9,0,-1,5,8,6,-1,0,1,0,0,0,0,3,1,-1,1,2,32,6,-1,-1,-1,-1,6,E01003755,0,2
2025421562251,2025,421562251,2,19,0,-1,3,7,3,-1,0,8,0,0,0,0,1,2,-1,6,1,53,8,-1,-1,-1,-1,6,E01021344,0,3
2025421562251,2025,421562251,1,9,0,-1,13,5,4,-1,0,8,1,10,0,0,4,1,-1,6,1,-1,-1,-1,-1,-1,-1,-1,-1,0,-1
2025421562307,2025,421562307,1,9,-1,-1,1,-1,-1,-1,0,0,0,0,0,0,2,9,-1,6,3,-1,-1,-1,-1,-1,-1,-1,-1,0,-1
2025421562351,2025,421562351,2,9,0,-1,19,7,3,-1,0,0,0,0,0,0,3,1,-1,6,2,27,6,-1,-1,-1,-1,5,E01021854,0,2
2025421562351,2025,421562351,1,19,0,-1,19,3,7,-1,0,0,1,0,0,0,3,1,-1,1,1,37,7,-1,-1,-1,-1,6,E01023970,0,4
2025421562372,2025,421562372,1,9,0,-1,19,2,6,-1,0,8,0,0,0,0,3,1,-1,2,1,51,8,-1,-1,-1,-1,7,E01015943,0,3
2025421562372,2025,421562372,2,9,0,-1,19,7,3,-1,0,8,0,0,0,0,1,1,-1,9,1,57,9,-1,-1,-1,-1,5,E01000162,0,4
2025421562381,2025,421562381,2,9,0,-1,9,1,7,-1,0,5,0,0,0,0,2,1,-1,2,2,28,6,-1,-1,-1,-1,5,E01021422,0,1
2025421562381,2025,421562381,1,9,0,-1,19,1,5,-1,0,8,1,4,0,0,1,1,-1,9,2,18,4,-1,-1,-1,-1,5,E01021694,0,3
2025421562395,2025,421562395,1,9,0,-1,19,1,5,-1,0,4,0,0,0,0,1,9,-1,6,1,22,5,-1,-1,-1,-1,9,E01021947,0,2
2025421562395,2025,421562395,2,3,0,-1,19,1,5,-1,0,4,0,0,0,0,2,1,-1,6,1,20,4,-1,-1,-1,-1,6,E01021535,0,1
2025421562412,2025,421562412,1,9,0,-1,19,7,4,-1,0,0,0,0,0,0,3,1,-1,2,1,42,7,-1,-1,-1,-1,6,E01003703,0,1
2025421562443,2025,421562443,1,9,0,-1,5,5,8,-1,9,0,0,0,0,0,1,1,-1,9,1,83,11,-1,-1,-1,-1,5,E01015859,0,1
2025421562631,2025,421562631,1,9,0,-1,5,1,7,-1,99,0,0,0,0,0,1,1,-1,6,1,26,6,-1,-1,-1,-1,6,E01021394,0,3
2025421562631,2025,421562631,2,3,0,-1,19,2,7,-1,0,0,0,0,0,0,1,1,-1,1,1,26,6,-1,-1,-1,-1,6,E01021589,0,1
2025421562709,2025,421562709,1,5,0,-1,19,6,2,-1,0,0,0,0,0,0,1,1,-1,6,1,25,5,-1,-1,-1,-1,4,E01034986,0,4
2025421562728,2025,421562728,2,9,0,-1,3,5,2,-1,0,0,0,0,0,0,2,1,-1,9,2,27,6,-1,-1,-1,-1,3,E01000107,0,2
2025421562728,2025,421562728,3,9,0,-1,3,5,1,-1,0,0,0,0,0,0,2,1,-1,9,1,51,8,-1,-1,-1,-1,-1,-1,0,-1
2025421562728,2025,421562728,1,9,0,-1,19,5,1,-1,0,0,0,0,0,0,1,1,-1,9,1,91,11,-1,-1,-1,-1,2,E01000040,0,3
2025421562752,2025,421562752,1,9,0,-1,19,3,7,-1,0,8,0,0,0,0,1,1,-1,6,1,30,6,-1,-1,-1,-1,2,E01021273,0,1
2025421562752,2025,421562752,2,23,0,-1,9,1,7,-1,0,8,0,0,0,0,2,1,-1,2,1,33,6,-1,-1,-1,-1,3,E01021289,0,1
2025421562809,2025,421562809,1,19,0,-1,19,5,1,-1,0,0,0,0,0,0,1,1,-1,9,1,21,5,-1,-1,-1,-1,7,E01026579,0,5
2025421562809,2025,421562809,2,9,0,-1,4,5,1,-1,0,0,0,0,0,0,2,1,-1,9,1,41,7,-1,-1,-1,-1,5,E01021854,0,2
2025421562913,2025,421562913,1,9,0,-1,9,6,6,-1,0,0,0,0,0,0,1,1,-1,6,2,24,5,-1,-1,-1,-1,-1,-1,0,-1
2025421562935,2025,421562935,1,9,0,-1,9,1,7,-1,0,1,0,0,0,0,1,1,-1,6,2,54,8,-1,-1,-1,-1,6,E01021772,0,1
2025421562935,2025,421562935,2,1,0,-1,19,5,1,-1,0,8,0,0,0,0,1,1,-1,2,2,44,7,-1,-1,-1,-1,9,E01003794,0,2
2025421562979,2025,421562979,2,1,0,-1,19,1,5,-1,0,0,0,0,7,0,3,1,-1,2,2,58,9,-1,-1,-1,-1,10,E01021586,0,1
2025421562979,2025,421562979,1,9,0,-1,19,6,1,-1,0,0,0,0,0,0,3,1,-1,6,3,-1,-1,-1,-1,-1,-1,-1,-1,0,-1
2025421563029,2025,421563029,1,9,0,-1,5,7,3,-1,0,4,0,0,0,0,3,1,-1,9,1,22,5,-1,-1,-1,-1,7,E01023445,0,3
2025421563029,2025,421563029,2,1,0,-1,5,5,1,-1,0,8,0,0,0,0,4,1,-1,2,1,75,10,-1,-1,-1,-1,-1,-1,0,-1
2025421563037,2025,421563037,2,9,0,-1,19,6,6,-1,0,0,0,0,0,0,1,1,-1,6,2,22,5,-1,-1,-1,-1,10,E01003465,0,4
2025421563037,2025,421563037,1,19,0,-1,9,6,7,-1,0,0,0,0,0,0,1,1,-1,6,1,57,9,-1,-1,-1,-1,5,E01002361,0,3
2025421563242,2025,421563242,1,9,0,-1,19,8,4,-1,0,4,0,0,3,4,1,1,-1,9,1,30,6,-1,-1,-1,-1,6,E01021589,0,3
2025421563252,2025,421563252,2,21,4,-1,19,8,4,-1,0,0,0,0,6,0,1,1,-1,1,1,32,6,-1,-1,-1,-1,2,E01015820,0,3
2025421563252,2025,421563252,1,9,0,-1,9,8,6,-1,0,0,5,0,0,0,3,1,-1,9,2,60,9,-1,-1,-1,-1,10,E01002317,0,3
2025421563261,2025,421563261,2,22,0,-1,4,-1,-1,-1,0,8,0,0,0,0,3,1,-1,6,1,56,9,-1,-1,-1,-1,1,E01016010,0,1
2025421563261,2025,421563261,1,9,0,-1,5,-1,-1,-1,0,8,0,0,0,0,1,9,-1,6,3,-1,-1,-1,-1,-1,-1,-1,-1,0,-1
2025421563378,2025,421563378,1,9,0,-1,19,3,7,-1,0,0,0,0,1,0,1,1,-1,6,2,40,7,-1,-1,-1,-1,3,E01021726,0,4
2025421563378,2025,421563378,2,9,0,-1,19,3,7,-1,0,0,0,0,0,0,2,1,-1,6,1,80,11,-1,-1,-1,-1,4,E01022051,0,1
2025421563484,2025,421563484,1,1,0,-1,19,5,3,-1,0,0,0,0,0,0,3,1,-1,6,1,20,4,-1,-1,-1,-1,-1,-1,0,-1
2025421563484,2025,421563484,2,9,0,-1,19,7,5,-1,0,0,0,0,0,0,3,1,-1,6,2,39,7,-1,-1,-1,-1,9,E01022064,0,1
2025421563528,2025,421563528,1,9,0,-1,19,3,7,-1,0,0,0,0,0,0,1,1,-1,6,1,-1,-1,-1,-1,-1,-1,-1,-1,0,-1
2025421563528,2025,421563528,2,97,0,-1,19,3,7,-1,0,0,0,0,0,0,1,1,-1,6,1,33,6,-1,-1,-1,-1,10,E01015850,0,2
2025421563652,2025,421563652,1,9,0,-1,5,5,8,-1,0,8,0,0,0,0,1,1,-1,9,1,51,8,-1,-1,-1,-1,10,E01023501,0,4
2025421563652,2025,421563652,2,9,0,-1,19,5,1,-1,0,8,0,0,0,0,1,1,-1,9,2,69,10,-1,-1,-1,-1,8,E01021582,0,1
2025421563681,2025,421563681,2,9,0,-1,19,3,7,-1,0,0,0,0,0,0,3,1,-1,6,2,27,6,-1,-1,-1,-1,4,E01021451,0,2
2025421563681,2025,421563681,1,9,0,-1,19,6,7,-1,0,0,0,0,0,0,1,1,-1,6,3,-1,-1,-1,-1,-1,-1,-1,-1,0,-1
2025421563837,2025,421563837,4,9,0,-1,4,2,6,-1,0,0,0,0,0,0,2,1,-1,1,1,46,8,-1,-1,-1,-1,3,E01002303,0,2
2025421563837,2025,421563837,2,9,0,-1,19,2,6,-1,0,0,0,0,0,0,1,1,-1,9,1,61,9,-1,-1,-1,-1,6,E01021018,0,4
2025421563837,2025,421563837,3,9,0,-1,4,2,6,-1,0,0,0,0,0,0,2,1,-1,9,2,30,6,-1,-1,-1,-1,9,E01024365,0,4
2025421563837,2025,421563837,1,21,1,-1,19,2,6,-1,0,0,0,0,0,0,1,2,-1,2,1,28,6,-1,-1,-1,-1,-1,-1,0,-1
2025421563875,2025,421563875,1,8,0,-1,99,-1,-1,-1,99,0,9,99,9,99,9,1,-1,6,1,-1,-1,-1,-1,-1,-1,-1,-1,0,-1
2025421563914,2025,421563914,2,9,0,-1,10,4,8,-1,0,5,0,0,0,0,2,1,-1,2,1,58,9,-1,-1,-1,-1,8,E01021411,0,4
2025421563914,2025,421563914,1,9,0,-1,19,4,8,-1,0,1,1,0,0,0,1,1,-1,2,1,45,7,-1,-1,-1,-1,5,E01021769,0,1
2025421563931,2025,421563931,2,1,0,-1,19,1,5,-1,0,0,0,0,0,0,3,1,-1,6,1,22,5,-1,-1,-1,-1,4,E01015903,0,1
2025421563931,2025,421563931,1,9,0,-1,19,1,5,-1,0,0,0,0,0,0,4,1,-1,6,1,-1,-1,-1,-1,-1,-1,-1,-1,0,-1
2025421563938,2025,421563938,1,9,0,-1,5,4,8,-1,0,0,0,0,0,0,1,1,-1,7,2,46,8,-1,-1,-1,-1,9,E01015999,0,2
2025421563970,2025,421563970,1,9,0,-1,4,-1,-1,-1,0,9,0,4,0,0,1,1,-1,6,2,61,9,-1,-1,-1,-1,4,E01021956,0,1
2025421564083,2025,421564083,1,9,0,-1,19,4,8,-1,0,0,0,0,0,0,1,1,-1,6,1,51,8,-1,-1,-1,-1,3,E01021291,0,1
2025421564156,2025,421564156,2,4,0,-1,19,6,6,-1,0,1,0,0,0,0,1,1,-1,6,2,18,4,-1,-1,-1,-1,6,E01022052,0,1
2025421564156,2025,421564156,1,9,0,-1,9,1,2,-1,0,8,0,0,0,0,1,1,-1,6,1,78,11,-1,-1,-1,-1,7,E01021967,0,1
2025421564186,2025,421564186,2,9,0,-1,19,-1,-1,-1,99,0,0,0,0,0,1,1,-1,6,1,61,9,-1,-1,-1,-1,6,E01021331,0,1
2025421564186,2025,421564186,1,-1,0,-1,5,-1,-1,-1,0,0,0,0,0,0,1,1,-1,6,1,43,7,-1,-1,-1,-1,4,E01034369,0,3
2025421564254,2025,421564254,3,9,0,-1,19,1,5,-1,0,0,0,0,0,0,2,1,-1,6,1,53,8,-1,-1,-1,-1,8,E01034363,0,4
2025421564254,2025,421564254,1,9,0,-1,19,1,5,-1,0,0,1,0,0,0,1,1,-1,6,1,44,7,-1,-1,-1,-1,10,E01023444,0,3
2025421564254,2025,421564254,2,9,0,-1,19,1,5,-1,0,0,0,0,0,0,2,1,-1,6,1,36,7,-1,-1,-1,-1,2,E01000013,0,4
2025421564306,2025,421564306,1,9,0,-1,19,7,3,-1,0,0,5,0,1,2,1,1,-1,6,1,31,6,-1,-1,-1,-1,7,E01015968,0,1
2025421564368,2025,421564368,1,19,0,-1,19,8,4,-1,0,0,2,10,1,0,4,1,-1,2,1,20,4,-1,-1,-1,-1,3,E01021888,0,2
2025421564386,2025,421564386,1,9,0,-1,19,5,1,-1,0,3,0,0,0,0,1,1,-1,9,2,43,7,-1,-1,-1,-1,6,E01021705,0,1
2025421564422,2025,421564422,1,9,0,-1,19,4,8,-1,0,2,0,0,0,0,1,1,-1,6,3,-1,-1,-1,-1,-1,-1,-1,-1,0,-1
2025421564461,2025,421564461,1,9,0,-1,19,3,7,-1,0,0,0,0,0,0,1,1,-1,1,1,63,9,-1,-1,-1,-1,8,E01021826,0,2
2025421564461,2025,421564461,2,9,0,-1,19,7,3,-1,0,0,0,0,0,0,1,1,-1,9,2,42,7,-1,-1,-1,-1,7,E01022058,0,2