collision_index,collision_year,collision_ref_no,vehicle_reference,vehicle_type,towing_and_articulation,vehicle_manoeuvre_historic,vehicle_manoeuvre,vehicle_direction_from,vehicle_direction_to,vehicle_location_restricted_lane_historic,vehicle_location_restricted_lane,junction_location,skidding_and_overturning,hit_object_in_carriageway,vehicle_leaving_carriageway,hit_object_off_carriageway,first_point_of_impact,vehicle_left_hand_drive,journey_purpose_of_driver_historic,journey_purpose_of_driver,sex_of_driver,age_of_driver,age_band_of_driver,engine_capacity_cc,propulsion_code,age_of_vehicle,generic_make_model,driver_imd_decile,lsoa_of_driver,escooter_flag,driver_distance_banding
2025421564484,2025,421564484,1,9,0,-1,19,8,5,-1,0,0,1,0,1,0,3,1,-1,1,2,33,6,-1,-1,-1,-1,-1,-1,0,-1
2025421564551,2025,421564551,2,9,0,-1,8,5,1,-1,-1,5,0,0,0,0,2,1,-1,6,2,40,7,-1,-1,-1,-1,6,E01021362,0,1
2025421564551,2025,421564551,1,9,0,-1,8,-1,-1,-1,-1,5,0,0,0,0,1,1,-1,6,3,-1,-1,-1,-1,-1,-1,-1,-1,0,-1
2025421564599,2025,421564599,2,9,0,-1,19,1,5,-1,0,1,0,0,0,0,1,1,-1,6,2,39,7,-1,-1,-1,-1,3,E01015877,0,1
2025421564599,2025,421564599,1,98,1,-1,19,1,5,-1,0,1,0,0,0,0,1,1,-1,6,1,-1,-1,-1,-1,-1,-1,-1,-1,0,-1
2025421564602,2025,421564602,2,9,0,-1,19,1,3,-1,0,0,0,0,0,0,3,1,-1,6,1,42,7,-1,-1,-1,-1,5,E01016832,0,4
2025421564602,2025,421564602,1,4,0,-1,13,1,5,-1,0,0,1,0,0,0,4,1,-1,6,1,43,7,-1,-1,-1,-1,7,W01000083,0,5
2025421564694,2025,421564694,1,9,0,-1,19,7,3,-1,0,0,0,0,0,0,3,1,-1,9,2,78,11,-1,-1,-1,-1,2,E01000102,0,4
2025421564694,2025,421564694,2,9,0,-1,19,3,7,-1,0,0,0,0,0,0,3,1,-1,9,1,32,6,-1,-1,-1,-1,7,E01021608,0,3
2025421564707,2025,421564707,1,19,0,-1,19,1,1,-1,0,0,1,0,0,0,1,9,-1,6,1,23,5,-1,-1,-1,-1,6,E01002335,0,2
2025421564707,2025,421564707,2,21,0,-1,10,7,7,-1,0,0,0,0,0,0,1,9,-1,1,1,25,5,-1,-1,-1,-1,8,E01021878,0,4
2025421564733,2025,421564733,1,9,0,-1,13,3,7,-1,0,0,0,0,0,0,1,1,-1,9,1,42,7,-1,-1,-1,-1,8,E01021928,0,1
2025421564733,2025,421564733,2,3,0,-1,19,7,3,-1,0,0,0,0,0,0,1,1,-1,9,1,23,5,-1,-1,-1,-1,8,E01021916,0,1
2025421564773,2025,421564773,1,19,0,-1,4,5,7,-1,0,5,0,0,0,0,3,1,-1,1,1,48,8,-1,-1,-1,-1,6,E01021715,0,1
2025421564773,2025,421564773,2,1,0,-1,4,7,4,-1,0,1,0,0,0,0,1,1,-1,6,2,44,7,-1,-1,-1,-1,9,E01021693,0,1
2025421565048,2025,421565048,3,9,0,-1,19,3,7,-1,0,0,0,0,0,0,2,1,-1,2,1,52,8,-1,-1,-1,-1,9,E01015939,0,1
2025421565048,2025,421565048,1,9,0,-1,14,7,3,-1,0,0,0,0,0,0,0,1,-1,6,2,-1,-1,-1,-1,-1,-1,9,E01015939,0,1
2025421565048,2025,421565048,2,9,0,-1,19,3,7,-1,0,0,0,0,0,0,1,1,-1,6,2,40,7,-1,-1,-1,-1,9,E01015939,0,1
2025421565121,2025,421565121,1,9,0,-1,3,5,1,-1,0,0,0,0,0,0,3,1,-1,6,1,29,6,-1,-1,-1,-1,6,E01015937,0,1
2025421565121,2025,421565121,2,9,0,-1,11,5,1,-1,0,0,0,0,0,0,4,1,-1,6,1,45,7,-1,-1,-1,-1,-1,-1,0,-1
2025421565172,2025,421565172,1,9,0,-1,7,7,1,-1,0,6,0,0,0,0,1,1,-1,9,1,21,5,-1,-1,-1,-1,6,E01021472,0,2
2025421565172,2025,421565172,2,9,0,-1,10,1,5,-1,0,1,0,0,0,0,1,1,-1,9,1,38,7,-1,-1,-1,-1,-1,-1,0,-1
2025421565268,2025,421565268,2,5,0,-1,19,6,1,-1,0,1,0,0,0,0,1,1,-1,9,1,58,9,-1,-1,-1,-1,1,E01021990,0,1
2025421565268,2025,421565268,1,8,0,-1,5,3,7,-1,0,6,0,0,0,0,1,1,-1,9,2,37,7,-1,-1,-1,-1,1,E01022031,0,1
2025421565287,2025,421565287,2,9,0,-1,4,6,2,-1,0,1,0,0,0,0,2,1,-1,9,2,39,7,-1,-1,-1,-1,4,E01015948,0,1
2025421565287,2025,421565287,5,9,0,-1,10,6,5,-1,0,2,0,0,0,0,0,1,-1,9,1,53,8,-1,-1,-1,-1,6,E01015950,0,1
2025421565287,2025,421565287,1,9,0,-1,19,6,2,-1,0,1,0,0,0,0,1,1,-1,9,2,30,6,-1,-1,-1,-1,2,E01016009,0,1
2025421565287,2025,421565287,4,9,0,-1,10,6,4,-1,0,8,0,0,0,0,2,1,-1,9,1,48,8,-1,-1,-1,-1,-1,-1,0,-1
2025421565287,2025,421565287,3,9,0,-1,3,6,2,-1,0,1,0,0,0,0,2,1,-1,9,1,46,8,-1,-1,-1,-1,4,E01015947,0,1
2025421565379,2025,421565379,1,4,0,-1,19,1,5,-1,0,2,2,0,1,0,1,1,-1,9,1,27,6,-1,-1,-1,-1,-1,-1,0,-1
2025421565429,2025,421565429,3,9,0,-1,2,0,0,-1,0,0,0,0,0,0,3,1,-1,6,-1,-1,-1,-1,-1,-1,-1,-1,-1,0,-1
2025421565429,2025,421565429,1,9,0,-1,12,7,3,-1,0,0,0,0,0,0,1,1,-1,6,1,40,7,-1,-1,-1,-1,2,E01015861,0,1
2025421565429,2025,421565429,2,9,0,-1,19,3,7,-1,0,0,0,0,0,0,1,1,-1,9,1,30,6,-1,-1,-1,-1,5,E01015874,0,1
2025421565468,2025,421565468,1,19,0,-1,19,7,3,-1,-1,0,0,4,0,0,1,1,-1,1,1,56,9,-1,-1,-1,-1,2,E01021314,0,2
2025421565468,2025,421565468,2,21,0,-1,2,7,3,-1,-1,0,0,0,0,0,2,1,-1,1,1,21,5,-1,-1,-1,-1,4,E01034741,0,5
2025421565496,2025,421565496,2,9,0,-1,19,7,4,-1,0,1,0,0,1,0,1,1,-1,6,2,45,7,-1,-1,-1,-1,1,E01021696,0,1
2025421565496,2025,421565496,1,9,0,-1,19,2,6,-1,0,1,0,0,0,0,1,1,-1,6,1,28,6,-1,-1,-1,-1,2,E01022055,0,4
2025421565502,2025,421565502,2,9,0,-1,12,7,3,-1,0,0,0,0,0,0,3,1,-1,1,1,44,7,-1,-1,-1,-1,4,E01004328,0,4
2025421565502,2025,421565502,1,9,0,-1,19,7,4,-1,0,0,1,0,0,0,4,1,-1,9,1,67,10,-1,-1,-1,-1,3,E01016011,0,1
2025421565502,2025,421565502,3,9,0,-1,19,7,3,-1,0,0,0,0,0,0,3,1,-1,9,1,35,6,-1,-1,-1,-1,7,E01000685,0,4
2025421565566,2025,421565566,1,9,0,-1,9,2,8,-1,0,8,0,0,0,0,1,1,-1,9,1,38,7,-1,-1,-1,-1,8,E01021433,0,1
2025421565566,2025,421565566,2,5,0,-1,19,4,8,-1,0,2,5,0,0,0,2,1,-1,9,1,53,8,-1,-1,-1,-1,3,E01021289,0,3
2025421565566,2025,421565566,3,9,0,-1,3,4,8,-1,0,2,0,0,0,0,3,1,-1,9,2,55,8,-1,-1,-1,-1,10,E01021249,0,2
2025421565600,2025,421565600,1,9,0,-1,12,3,7,-1,0,0,0,0,0,0,3,1,-1,6,3,-1,-1,-1,-1,-1,-1,-1,-1,0,-1
2025421565600,2025,421565600,2,9,0,-1,13,3,7,-1,0,0,0,0,0,0,4,1,-1,6,2,46,8,-1,-1,-1,-1,9,E01021280,0,3
2025421565607,2025,421565607,1,3,0,-1,19,1,4,-1,0,1,5,10,1,0,4,1,-1,9,2,46,8,-1,-1,-1,-1,5,E01021814,0,1
2025421565638,2025,421565638,2,9,0,-1,19,2,5,-1,0,0,0,0,0,0,3,1,-1,6,2,24,5,-1,-1,-1,-1,-1,-1,0,-1
2025421565638,2025,421565638,1,9,0,-1,19,5,2,-1,0,0,0,0,0,0,3,1,-1,6,1,39,7,-1,-1,-1,-1,4,E01015947,0,1
2025421565721,2025,421565721,1,9,0,-1,9,8,6,-1,0,8,1,0,0,0,1,1,-1,6,2,52,8,-1,-1,-1,-1,10,E01021570,0,3
2025421565721,2025,421565721,2,9,0,-1,19,7,3,-1,0,8,1,0,1,11,1,1,-1,6,1,85,11,-1,-1,-1,-1,5,E01021769,0,2
2025421565726,2025,421565726,1,9,0,-1,-1,-1,-1,-1,-1,0,-1,-1,-1,0,-1,9,-1,6,1,52,8,-1,-1,-1,-1,8,E01002391,0,2
2025421565935,2025,421565935,2,9,0,-1,19,7,3,-1,0,0,0,0,7,0,1,1,-1,9,1,18,4,-1,-1,-1,-1,1,E01021290,0,1
2025421565993,2025,421565993,2,9,0,-1,13,-1,-1,-1,0,8,0,0,0,0,4,1,-1,6,1,-1,-1,-1,-1,-1,-1,7,E01015967,0,1
2025421565993,2025,421565993,1,1,0,-1,9,-1,-1,-1,0,8,0,0,0,0,3,1,-1,7,1,12,3,-1,-1,-1,-1,5,E01015953,0,1
2025421566032,2025,421566032,2,9,0,-1,19,5,1,-1,0,0,0,0,0,0,1,1,-1,1,1,49,8,-1,-1,-1,-1,8,E01021408,0,1
2025421566032,2025,421566032,1,9,0,-1,13,2,5,-1,0,0,1,0,7,0,4,1,-1,2,1,19,4,-1,-1,-1,-1,3,E01021889,0,3
2025421566089,2025,421566089,2,9,0,-1,2,0,0,-1,0,0,0,0,0,0,2,1,-1,6,1,24,5,-1,-1,-1,-1,9,E01024139,0,4
2025421566089,2025,421566089,1,20,0,-1,19,8,4,-1,0,0,0,4,0,0,1,1,-1,1,1,50,8,-1,-1,-1,-1,2,E01021975,0,3
2025421566133,2025,421566133,1,9,0,-1,11,1,4,-1,0,0,0,0,0,0,0,1,-1,6,1,25,5,-1,-1,-1,-1,-1,-1,0,-1
2025421566133,2025,421566133,2,5,0,-1,19,1,4,-1,0,0,0,0,7,6,3,1,-1,2,1,37,7,-1,-1,-1,-1,4,E01021777,0,1
2025421566192,2025,421566192,1,9,0,-1,19,5,2,-1,0,0,0,0,0,0,1,1,-1,9,2,51,8,-1,-1,-1,-1,7,E01015968,0,2
2025421566192,2025,421566192,3,21,0,-1,4,5,1,-1,0,0,0,0,0,0,2,1,-1,1,2,61,9,-1,-1,-1,-1,-1,-1,0,-1
2025421566192,2025,421566192,2,19,0,-1,4,5,1,-1,0,0,0,0,0,0,2,1,-1,9,2,45,7,-1,-1,-1,-1,4,E01024358,0,4
2025421566345,2025,421566345,1,9,0,-1,19,7,3,-1,0,0,0,0,0,0,1,1,-1,6,1,23,5,-1,-1,-1,-1,2,E01002528,0,4
2025421566345,2025,421566345,2,9,0,-1,19,7,3,-1,0,0,0,0,0,0,0,1,-1,8,1,42,7,-1,-1,-1,-1,7,E01021544,0,4
2025421566345,2025,421566345,4,9,0,-1,19,7,3,-1,0,0,0,0,0,0,3,1,-1,6,1,45,7,-1,-1,-1,-1,9,E01014382,0,5
2025421566345,2025,421566345,3,9,0,-1,19,3,7,-1,0,0,0,0,0,0,1,1,-1,6,2,46,8,-1,-1,-1,-1,7,E01015974,0,1
2025421566367,2025,421566367,1,9,0,-1,19,5,1,-1,0,0,0,0,0,0,1,1,-1,6,1,24,5,-1,-1,-1,-1,1,E01022027,0,1
2025421566411,2025,421566411,1,9,0,-1,7,5,7,-1,0,3,1,4,7,3,2,1,-1,6,1,56,9,-1,-1,-1,-1,5,E01021262,0,1
2025421566411,2025,421566411,2,9,0,-1,19,5,1,-1,0,8,0,0,0,0,1,1,-1,9,2,65,9,-1,-1,-1,-1,9,E01021346,0,1
2025421566430,2025,421566430,3,5,0,-1,19,8,4,-1,0,1,1,0,0,0,1,1,-1,9,1,49,8,-1,-1,-1,-1,-1,-1,0,-1
2025421566430,2025,421566430,1,9,0,-1,9,3,8,-1,0,6,0,0,0,0,1,1,-1,9,1,78,11,-1,-1,-1,-1,5,E01021380,0,1
2025421566477,2025,421566477,1,9,0,-1,19,4,5,-1,0,0,1,0,0,0,1,1,-1,2,1,33,6,-1,-1,-1,-1,5,E01015928,0,1
2025421566477,2025,421566477,2,9,0,-1,19,1,5,-1,0,0,0,0,0,0,1,1,-1,6,1,44,7,-1,-1,-1,-1,3,E01015923,0,1
2025421566517,2025,421566517,2,9,0,-1,8,1,3,-1,99,5,0,0,0,0,1,1,-1,6,2,63,9,-1,-1,-1,-1,6,E01017386,0,4
2025421566517,2025,421566517,1,19,0,-1,8,1,3,-1,99,5,0,0,0,0,1,1,-1,6,1,20,4,-1,-1,-1,-1,10,E01023501,0,1
2025421566618,2025,421566618,2,9,0,-1,3,3,7,-1,0,0,0,4,0,0,2,2,-1,9,2,34,6,-1,-1,-1,-1,8,E01021607,0,1
2025421566618,2025,421566618,1,9,0,-1,19,3,7,-1,0,0,0,4,7,0,1,1,-1,9,1,18,4,-1,-1,-1,-1,7,E01021606,0,1
2025421566744,2025,421566744,1,9,0,-1,3,4,2,-1,0,6,0,0,0,0,2,2,-1,6,2,32,6,-1,-1,-1,-1,7,E01021553,0,1
2025421566744,2025,421566744,2,20,0,-1,19,6,4,-1,0,3,0,0,0,0,1,2,-1,1,1,39,7,-1,-1,-1,-1,3,E01021888,0,3
2025421566813,2025,421566813,1,5,0,-1,19,1,4,-1,0,0,2,0,0,0,3,1,-1,6,1,61,9,-1,-1,-1,-1,3,E01021888,0,1
2025421566857,2025,421566857,3,9,0,-1,19,7,3,-1,0,0,0,0,0,0,1,1,-1,6,1,18,4,-1,-1,-1,-1,5,E01021562,0,1
2025421566857,2025,421566857,1,9,0,-1,19,3,7,-1,0,0,0,0,7,0,1,1,-1,6,1,80,11,-1,-1,-1,-1,10,E01021587,0,2
2025421566857,2025,421566857,2,9,0,-1,19,3,7,-1,0,0,0,0,0,0,1,1,-1,6,2,77,11,-1,-1,-1,-1,3,E01021888,0,3
2025421567071,2025,421567071,1,10,0,-1,19,4,8,-1,0,0,0,0,0,0,1,1,-1,6,1,68,10,-1,-1,-1,-1,8,E01021566,0,3
2025421567071,2025,421567071,2,9,0,-1,3,4,8,-1,0,0,0,0,0,0,2,1,-1,6,2,52,8,-1,-1,-1,-1,-1,-1,0,-1
2025421567071,2025,421567071,3,19,0,-1,3,4,8,-1,0,0,0,0,0,0,2,1,-1,2,1,50,8,-1,-1,-1,-1,3,E01021554,0,3
2025421567171,2025,421567171,1,9,0,-1,19,1,5,-1,0,6,0,0,0,0,4,1,-1,2,2,63,9,-1,-1,-1,-1,7,E01021635,0,1
2025421567171,2025,421567171,2,1,0,-1,19,2,6,-1,0,8,0,0,0,0,1,1,-1,9,1,77,11,-1,-1,-1,-1,10,E01021252,0,3
2025421567181,2025,421567181,1,9,0,-1,19,4,8,-1,0,0,0,10,0,0,1,1,-1,9,2,81,11,-1,-1,-1,-1,7,E01021330,0,1
2025421567181,2025,421567181,2,9,0,-1,19,8,3,-1,0,0,0,0,0,0,3,1,-1,1,1,22,5,-1,-1,-1,-1,9,E01002383,0,4
2025421567195,2025,421567195,1,9,0,-1,19,1,5,-1,0,1,0,0,0,0,1,9,-1,6,1,-1,-1,-1,-1,-1,-1,-1,-1,0,-1
2025421567209,2025,421567209,2,9,0,-1,2,0,0,-1,0,1,0,0,0,0,1,1,-1,6,-1,-1,-1,-1,-1,-1,-1,-1,-1,0,-1
2025421567209,2025,421567209,1,9,0,-1,1,5,1,-1,0,1,0,0,0,0,2,1,-1,1,2,41,7,-1,-1,-1,-1,4,E01021915,0,3
2025421567209,2025,421567209,3,9,0,-1,2,0,0,-1,0,1,0,0,0,0,1,1,-1,6,-1,-1,-1,-1,-1,-1,-1,-1,-1,0,-1
2025421567284,2025,421567284,2,9,0,-1,19,1,5,-1,0,0,0,0,0,0,3,1,-1,6,2,59,9,-1,-1,-1,-1,-1,-1,0,-1
2025421567284,2025,421567284,1,9,0,-1,9,3,1,-1,0,0,5,0,0,0,3,1,-1,6,1,72,10,-1,-1,-1,-1,6,E01021502,0,3
2025421567297,2025,421567297,2,9,0,-1,19,7,3,-1,0,1,0,0,0,0,4,1,-1,1,2,53,8,-1,-1,-1,-1,6,E01015814,0,1
2025421567297,2025,421567297,1,9,0,-1,19,5,1,-1,0,1,0,0,0,0,1,1,-1,7,1,17,4,-1,-1,-1,-1,9,E01021527,0,2
2025421567325,2025,421567325,1,9,0,-1,1,3,7,-1,0,0,0,0,0,0,2,1,-1,6,1,22,5,-1,-1,-1,-1,2,E01025274,0,5
2025421567374,2025,421567374,1,9,0,-1,19,7,3,-1,0,0,0,0,0,0,4,1,-1,1,1,28,6,-1,-1,-1,-1,9,E01023466,0,4
2025421567374,2025,421567374,2,9,0,-1,4,7,3,-1,0,0,0,0,1,0,3,1,-1,2,1,69,10,-1,-1,-1,-1,7,E01021350,0,2
2025421567386,2025,421567386,1,1,0,-1,19,3,7,-1,0,5,0,0,0,0,0,1,-1,9,1,43,7,-1,-1,-1,-1,7,E01021655,0,1
2025421567392,2025,421567392,2,3,0,-1,19,2,6,-1,0,8,0,0,0,0,1,1,-1,9,1,32,6,-1,-1,-1,-1,7,E01021353,0,1
2025421567392,2025,421567392,1,9,0,-1,9,5,2,-1,0,6,0,0,0,0,1,1,-1,9,2,31,6,-1,-1,-1,-1,6,E01021884,0,3
2025421567419,2025,421567419,2,9,0,-1,19,4,8,-1,0,8,0,0,0,0,3,1,-1,6,2,64,9,-1,-1,-1,-1,4,E01021601,0,3
2025421567419,2025,421567419,1,9,0,-1,9,5,4,-1,99,6,0,0,0,0,1,1,-1,6,2,-1,-1,-1,-1,-1,-1,-1,-1,0,-1
2025421567485,2025,421567485,2,9,0,-1,19,1,3,-1,0,3,0,0,0,0,2,1,-1,6,2,63,9,-1,-1,-1,-1,-1,-1,0,-1
2025421567485,2025,421567485,1,9,0,-1,-1,-1,-1,-1,-1,-1,-1,-1,-1,0,-1,9,-1,6,3,-1,-1,-1,-1,-1,-1,-1,-1,0,-1
2025421567486,2025,421567486,1,3,0,-1,19,1,1,-1,0,8,1,0,0,0,4,1,-1,9,2,53,8,-1,-1,-1,-1,7,E01021381,0,1
2025421567514,2025,421567514,1,9,0,-1,19,3,1,-1,0,1,0,0,0,0,1,1,-1,6,1,87,11,-1,-1,-1,-1,5,E01015865,0,1
2025421567514,2025,421567514,2,9,0,-1,10,5,3,-1,0,1,0,0,0,0,3,1,-1,6,2,32,6,-1,-1,-1,-1,7,E01015866,0,1
2025421567555,2025,421567555,1,9,0,-1,19,1,5,-1,99,0,0,0,0,0,0,1,-1,7,2,36,7,-1,-1,-1,-1,4,E01021956,0,1
2025421567736,2025,421567736,2,9,0,-1,4,6,2,-1,0,0,0,0,0,0,2,1,-1,6,2,47,8,-1,-1,-1,-1,5,E01035154,0,4
2025421567736,2025,421567736,1,9,0,-1,19,6,2,-1,0,0,0,0,0,0,1,1,-1,6,2,-1,-1,-1,-1,-1,-1,-1,-1,0,-1
2025421567830,2025,421567830,2,3,0,-1,19,3,7,-1,0,0,0,0,0,0,1,1,-1,6,1,20,4,-1,-1,-1,-1,7,E01003754,0,3
2025421567830,2025,421567830,1,9,0,-1,13,7,3,-1,0,0,0,0,0,0,1,1,-1,9,1,47,8,-1,-1,-1,-1,-1,-1,0,-1
2025421567899,2025,421567899,1,19,0,-1,4,8,4,-1,0,0,1,6,1,0,4,1,-1,2,1,32,6,-1,-1,-1,-1,10,E01021757,0,4
2025421567985,2025,421567985,1,9,0,-1,19,1,5,-1,0,1,0,0,0,0,1,1,-1,6,1,82,11,-1,-1,-1,-1,5,E01021497,0,1
2025421568015,2025,421568015,3,1,0,-1,19,5,1,-1,0,0,0,0,0,0,0,1,-1,6,1,43,7,-1,-1,-1,-1,4,E01021774,0,2
2025421568015,2025,421568015,4,1,0,-1,19,5,1,-1,0,0,0,0,0,0,0,1,-1,6,1,47,8,-1,-1,-1,-1,4,E01004358,0,3
2025421568015,2025,421568015,2,90,0,-1,13,5,1,-1,0,0,0,0,0,0,0,1,-1,6,1,16,4,-1,-1,-1,-1,4,E01021799,0,1
2025421568015,2025,421568015,1,90,0,-1,15,5,1,-1,0,0,0,0,0,0,0,9,-1,6,1,16,4,-1,-1,-1,-1,-1,-1,0,-1
2025421568051,2025,421568051,2,9,0,-1,19,7,3,-1,0,0,0,0,0,0,1,1,-1,6,1,42,7,-1,-1,-1,-1,2,E01000045,0,2
2025421568051,2025,421568051,1,9,0,-1,10,8,6,-1,9,0,0,0,0,0,1,1,-1,6,1,51,8,-1,-1,-1,-1,2,E01003346,0,3
2025421568060,2025,421568060,1,97,0,-1,5,3,7,-1,9,1,0,0,0,0,1,1,-1,6,1,-1,-1,-1,-1,-1,-1,-1,-1,0,-1
2025421568066,2025,421568066,1,9,0,-1,19,8,5,-1,0,0,0,0,0,0,1,1,-1,9,1,66,10,-1,-1,-1,-1,9,E01033461,0,3
2025421568066,2025,421568066,2,19,0,-1,19,5,8,-1,0,0,0,0,0,0,1,1,-1,9,1,68,10,-1,-1,-1,-1,7,E01030591,0,4
2025421568078,2025,421568078,2,9,0,-1,10,3,1,-1,0,2,0,0,0,0,2,1,-1,6,1,57,9,-1,-1,-1,-1,1,E01021988,0,1
2025421568078,2025,421568078,1,9,-1,-1,19,3,7,-1,0,1,0,0,0,0,1,9,-1,6,1,-1,-1,-1,-1,-1,-1,-1,-1,0,-1
2025421568150,2025,421568150,2,19,0,-1,19,4,8,-1,0,4,0,0,0,0,0,9,-1,1,1,20,4,-1,-1,-1,-1,-1,-1,0,-1
2025421568150,2025,421568150,1,5,0,-1,7,2,5,-1,0,1,1,0,0,0,0,1,-1,9,1,58,9,-1,-1,-1,-1,3,E01002102,0,3
2025421568197,2025,421568197,2,9,0,-1,19,5,1,-1,0,0,0,0,2,0,2,1,-1,1,1,50,8,-1,-1,-1,-1,4,E01015819,0,2
2025421568197,2025,421568197,1,9,0,-1,13,5,1,-1,0,0,5,0,2,0,1,1,-1,6,1,37,7,-1,-1,-1,-1,8,E01022068,0,4
2025421568207,2025,421568207,2,9,0,-1,19,8,4,-1,0,0,0,0,0,0,1,1,-1,6,1,78,11,-1,-1,-1,-1,9,E01022064,0,1
2025421568207,2025,421568207,1,9,0,-1,19,4,8,-1,0,0,0,0,0,0,1,1,-1,6,1,49,8,-1,-1,-1,-1,9,E01022069,0,2
2025421568231,2025,421568231,2,9,0,-1,19,1,5,-1,0,8,0,0,7,0,4,1,-1,9,1,55,8,-1,-1,-1,-1,7,E01032831,0,4
2025421568231,2025,421568231,1,9,0,-1,19,2,6,-1,0,4,0,0,3,0,1,1,-1,6,1,34,6,-1,-1,-1,-1,3,E01002303,0,4
2025421568234,2025,421568234,1,9,0,-1,19,5,1,-1,0,0,0,7,0,0,1,1,-1,1,2,22,5,-1,-1,-1,-1,8,E01021568,0,1
2025421568271,2025,421568271,2,9,0,-1,3,4,8,-1,99,1,0,0,0,0,2,1,-1,6,1,29,6,-1,-1,-1,-1,5,E01021866,0,1
2025421568271,2025,421568271,1,9,0,-1,19,4,8,-1,0,1,0,0,0,0,1,1,-1,6,1,-1,-1,-1,-1,-1,-1,-1,-1,0,-1
2025421568306,2025,421568306,1,9,0,-1,5,-1,-1,-1,0,3,0,1,0,0,1,1,-1,6,1,48,8,-1,-1,-1,-1,2,E01015875,0,1
2025421568306,2025,421568306,2,1,0,-1,99,-1,-1,-1,0,8,0,1,0,0,1,1,-1,6,1,18,4,-1,-1,-1,-1,1,E01015841,0,1
2025421568340,2025,421568340,2,9,0,-1,19,5,1,-1,0,8,0,0,1,11,1,1,-1,9,2,61,9,-1,-1,-1,-1,6,E01021714,0,1
2025421568340,2025,421568340,1,9,0,-1,19,5,1,-1,0,8,0,0,0,0,1,1,-1,9,1,25,5,-1,-1,-1,-1,6,E01021714,0,1
2025421568348,2025,421568348,2,9,0,-1,19,7,3,-1,0,0,0,0,0,0,4,1,-1,6,1,69,10,-1,-1,-1,-1,8,E01021382,0,2
2025421568348,2025,421568348,1,9,0,-1,5,7,3,-1,99,0,0,0,0,0,1,1,-1,6,1,65,9,-1,-1,-1,-1,3,E01021359,0,1
2025421568352,2025,421568352,2,9,0,-1,19,4,8,-1,0,0,0,0,0,0,1,1,-1,9,2,42,7,-1,-1,-1,-1,7,E01030101,0,2
2025421568352,2025,421568352,1,9,0,-1,19,8,4,-1,0,0,0,0,0,0,1,1,-1,1,1,51,8,-1,-1,-1,-1,9,E01029921,0,1
2025421568385,2025,421568385,1,9,0,-1,19,5,1,-1,0,4,0,0,0,0,1,1,-1,9,2,35,6,-1,-1,-1,-1,5,E01021954,0,1
2025421568385,2025,421568385,2,9,0,-1,9,2,1,-1,0,3,0,0,0,0,1,1,-1,9,1,32,6,-1,-1,-1,-1,8,E01021914,0,1
2025421568426,2025,421568426,1,4,0,-1,19,1,5,-1,0,0,5,0,0,0,0,1,-1,6,1,19,4,-1,-1,-1,-1,2,E01015820,0,1
2025421568506,2025,421568506,1,9,0,-1,19,3,7,-1,0,1,0,0,0,0,1,1,-1,9,2,36,7,-1,-1,-1,-1,2,E01022019,0,1
2025421568604,2025,421568604,1,19,0,-1,-1,-1,-1,-1,-1,0,-1,-1,-1,0,-1,1,-1,6,3,-1,-1,-1,-1,-1,-1,-1,-1,0,-1
2025421568604,2025,421568604,2,19,0,-1,-1,-1,-1,-1,-1,0,-1,-1,-1,0,-1,9,-1,6,1,33,6,-1,-1,-1,-1,4,E01021367,0,2
2025421568620,2025,421568620,1,5,0,-1,19,1,5,-1,0,0,5,12,0,0,4,1,-1,2,1,47,8,-1,-1,-1,-1,-1,-1,0,-1
2025421568642,2025,421568642,2,3,0,-1,19,6,2,-1,0,1,0,0,0,0,3,1,-1,9,1,42,7,-1,-1,-1,-1,5,E01021417,0,2
2025421568642,2025,421568642,1,9,0,-1,9,2,8,-1,0,1,0,0,0,0,1,1,-1,9,1,30,6,-1,-1,-1,-1,-1,-1,0,-1
2025421568655,2025,421568655,2,3,0,-1,9,3,1,-1,0,8,0,0,0,0,1,1,-1,9,1,25,5,-1,-1,-1,-1,-1,-1,0,-1
2025421568655,2025,421568655,1,21,1,-1,19,5,1,-1,0,8,0,0,0,0,3,1,-1,1,1,25,5,-1,-1,-1,-1,4,E01009767,0,5
2025421568657,2025,421568657,1,8,0,-1,19,5,1,-1,0,0,0,4,0,0,1,1,-1,6,1,29,6,-1,-1,-1,-1,2,E01030023,0,4
2025421568657,2025,421568657,3,9,0,-1,2,5,1,-1,0,0,0,0,0,0,2,1,-1,6,2,47,8,-1,-1,-1,-1,3,E01021588,0,3
2025421568657,2025,421568657,2,9,0,-1,2,5,1,-1,0,0,0,0,0,0,2,1,-1,6,1,45,7,-1,-1,-1,-1,7,E01033137,0,3
2025421568797,2025,421568797,1,19,0,-1,19,6,2,-1,0,0,0,0,0,0,1,1,-1,1,1,29,6,-1,-1,-1,-1,3,E01000856,0,4
2025421569011,2025,421569011,1,9,0,-1,19,3,7,-1,0,1,0,0,0,0,3,1,-1,6,3,-1,-1,-1,-1,-1,-1,-1,-1,0,-1
2025421569011,2025,421569011,2,1,0,-1,19,1,5,-1,0,5,0,0,0,0,3,1,-1,6,1,-1,-1,-1,-1,-1,-1,-1,-1,0,-1
2025421569026,2025,421569026,2,9,0,-1,4,8,6,-1,0,1,0,0,0,0,3,1,-1,6,2,58,9,-1,-1,-1,-1,4,E01021847,0,1
2025421569026,2025,421569026,1,3,0,-1,19,6,2,-1,0,1,0,0,0,0,1,1,-1,6,1,21,5,-1,-1,-1,-1,5,E01021869,0,1