collision_index,collision_year,collision_ref_no,vehicle_reference,vehicle_type,towing_and_articulation,vehicle_manoeuvre_historic,vehicle_manoeuvre,vehicle_direction_from,vehicle_direction_to,vehicle_location_restricted_lane_historic,vehicle_location_restricted_lane,junction_location,skidding_and_overturning,hit_object_in_carriageway,vehicle_leaving_carriageway,hit_object_off_carriageway,first_point_of_impact,vehicle_left_hand_drive,journey_purpose_of_driver_historic,journey_purpose_of_driver,sex_of_driver,age_of_driver,age_band_of_driver,engine_capacity_cc,propulsion_code,age_of_vehicle,generic_make_model,driver_imd_decile,lsoa_of_driver,escooter_flag,driver_distance_banding
2025421569064,2025,421569064,1,9,0,-1,9,7,5,-1,0,2,0,0,0,0,1,1,-1,6,1,-1,-1,-1,-1,-1,-1,3,E01015899,0,1
2025421569066,2025,421569066,1,9,0,-1,19,2,6,-1,0,1,0,0,1,0,1,1,-1,9,1,88,11,-1,-1,-1,-1,8,E01021555,0,1
2025421569066,2025,421569066,2,9,0,-1,3,2,6,-1,0,1,0,0,0,0,2,1,-1,9,1,78,11,-1,-1,-1,-1,6,E01021629,0,1
2025421569201,2025,421569201,2,-1,0,-1,19,3,7,-1,9,0,0,0,0,0,1,1,-1,6,1,14,3,-1,-1,-1,-1,-1,-1,1,-1
2025421569201,2025,421569201,1,9,0,-1,3,1,5,-1,9,0,0,0,0,0,3,1,-1,9,2,31,6,-1,-1,-1,-1,4,E01021506,0,3
2025421569209,2025,421569209,2,98,4,-1,2,0,0,-1,0,2,0,0,0,0,3,1,-1,6,3,-1,-1,-1,-1,-1,-1,-1,-1,0,-1
2025421569209,2025,421569209,1,11,0,-1,15,7,3,-1,0,2,0,0,0,0,4,1,-1,1,1,58,9,-1,-1,-1,-1,3,E01000111,0,2
2025421569255,2025,421569255,3,9,0,-1,19,5,1,-1,5,0,1,11,1,0,4,1,-1,9,2,67,10,-1,-1,-1,-1,10,E01021918,0,1
2025421569255,2025,421569255,1,9,0,-1,19,5,1,-1,0,0,0,11,0,0,2,1,-1,9,2,53,8,-1,-1,-1,-1,8,E01021920,0,1
2025421569255,2025,421569255,2,19,0,-1,19,5,1,-1,0,0,0,0,0,0,1,1,-1,1,1,36,7,-1,-1,-1,-1,10,E01021958,0,1
2025421569292,2025,421569292,2,9,0,-1,9,7,3,-1,0,1,0,0,0,0,2,1,-1,6,2,36,7,-1,-1,-1,-1,4,E01021669,0,1
2025421569292,2025,421569292,1,3,0,-1,13,7,3,-1,0,1,0,0,0,0,1,1,-1,6,1,23,5,-1,-1,-1,-1,10,E01021710,0,1
2025421569534,2025,421569534,1,9,0,-1,19,3,8,-1,0,0,0,0,0,0,1,1,-1,6,3,-1,-1,-1,-1,-1,-1,-1,-1,0,-1
2025421569534,2025,421569534,2,9,0,-1,19,3,7,-1,0,0,0,0,0,0,1,1,-1,6,2,35,6,-1,-1,-1,-1,3,E01016011,0,1
2025421569566,2025,421569566,2,9,0,-1,14,5,1,-1,0,8,0,0,0,0,3,1,-1,7,2,32,6,-1,-1,-1,-1,3,E01021295,0,1
2025421569566,2025,421569566,1,1,0,-1,19,3,7,-1,0,1,0,0,0,0,1,1,-1,7,1,10,2,-1,-1,-1,-1,2,E01021268,0,1
2025421569651,2025,421569651,2,9,0,-1,19,7,2,-1,0,0,0,0,0,0,3,1,-1,1,1,37,7,-1,-1,-1,-1,4,E01021563,0,4
2025421569651,2025,421569651,1,2,0,-1,19,5,1,-1,0,0,0,0,0,0,1,1,-1,6,1,45,7,-1,-1,-1,-1,5,E01021848,0,1
2025421569659,2025,421569659,1,9,0,-1,19,1,5,-1,0,0,0,0,0,0,1,9,-1,6,2,-1,-1,-1,-1,-1,-1,-1,-1,0,-1
2025421569797,2025,421569797,2,9,0,-1,4,3,7,-1,0,0,0,0,0,0,2,1,-1,9,1,19,4,-1,-1,-1,-1,2,E01021391,0,3
2025421569797,2025,421569797,1,9,0,-1,4,3,7,-1,0,0,0,0,0,0,1,1,-1,6,2,58,9,-1,-1,-1,-1,2,E01022019,0,3
2025421569827,2025,421569827,2,9,0,-1,7,7,1,-1,0,1,0,0,0,0,1,1,-1,6,2,40,7,-1,-1,-1,-1,-1,-1,0,-1
2025421569827,2025,421569827,1,1,0,-1,19,5,1,-1,9,1,0,0,0,0,1,1,-1,6,1,16,4,-1,-1,-1,-1,4,E01021817,0,1
2025421569885,2025,421569885,2,-1,0,-1,19,3,7,-1,0,0,0,0,0,0,3,1,-1,2,1,41,7,-1,-1,-1,-1,10,E01021625,0,1
2025421569885,2025,421569885,1,9,0,-1,99,3,6,-1,0,0,0,0,0,0,1,1,-1,6,2,42,7,-1,-1,-1,-1,8,E01021405,0,3
2025421569888,2025,421569888,1,1,0,-1,19,1,5,-1,0,0,0,0,0,0,1,1,-1,9,1,19,4,-1,-1,-1,-1,4,E01021704,0,1
2025421570001,2025,421570001,1,23,0,-1,15,5,1,-1,0,8,0,0,0,0,1,1,-1,9,1,17,4,-1,-1,-1,-1,9,E01022077,0,1
2025421570001,2025,421570001,2,9,0,-1,19,3,7,-1,0,8,0,0,0,0,4,1,-1,9,2,31,6,-1,-1,-1,-1,9,E01022081,0,1
2025421570022,2025,421570022,1,9,0,-1,19,1,5,-1,0,4,0,0,0,0,4,1,-1,9,2,59,9,-1,-1,-1,-1,3,E01021641,0,1
2025421570022,2025,421570022,2,1,0,-1,19,1,5,-1,0,1,0,0,0,0,3,1,-1,9,2,46,8,-1,-1,-1,-1,3,E01021637,0,1
2025421570147,2025,421570147,3,90,0,-1,19,5,1,-1,0,0,0,0,0,0,2,1,-1,1,1,60,9,-1,-1,-1,-1,6,E01034998,0,4
2025421570147,2025,421570147,4,9,0,-1,19,5,1,-1,0,0,0,0,0,0,0,1,-1,1,1,25,5,-1,-1,-1,-1,7,E01021544,0,3
2025421570147,2025,421570147,2,9,0,-1,4,1,5,-1,0,0,0,0,1,0,1,1,-1,9,2,36,7,-1,-1,-1,-1,9,E01021280,0,1
2025421570147,2025,421570147,1,9,0,-1,13,5,1,-1,0,0,1,0,0,0,1,1,-1,6,1,40,7,-1,-1,-1,-1,-1,-1,0,-1
2025421570169,2025,421570169,2,9,0,-1,19,1,5,-1,0,0,0,0,0,0,1,1,-1,6,2,34,6,-1,-1,-1,-1,10,E01021805,0,1
2025421570169,2025,421570169,1,5,0,-1,19,5,1,-1,0,0,0,0,0,0,0,1,-1,6,1,28,6,-1,-1,-1,-1,4,E01021835,0,2
2025421570238,2025,421570238,1,98,0,-1,1,1,5,-1,9,0,0,0,3,0,2,1,-1,6,3,-1,-1,-1,-1,-1,-1,-1,-1,0,-1
2025421570256,2025,421570256,2,3,0,-1,19,1,5,-1,0,0,0,0,0,0,1,1,-1,6,1,30,6,-1,-1,-1,-1,3,E01002049,0,3
2025421570256,2025,421570256,1,9,0,-1,19,3,7,-1,0,0,0,0,0,0,1,1,-1,6,1,-1,-1,-1,-1,-1,-1,-1,-1,0,-1
2025421570288,2025,421570288,1,9,0,-1,7,3,7,-1,99,6,0,10,1,0,1,1,-1,6,2,22,5,-1,-1,-1,-1,4,E01021310,0,1
2025421570288,2025,421570288,2,9,0,-1,19,2,7,-1,0,2,0,0,0,0,4,1,-1,2,2,38,7,-1,-1,-1,-1,1,E01021324,0,1
2025421570371,2025,421570371,2,1,0,-1,19,5,1,-1,0,1,0,0,1,0,3,1,-1,6,1,71,10,-1,-1,-1,-1,6,E01015950,0,1
2025421570371,2025,421570371,1,20,0,-1,13,5,1,-1,0,1,0,0,0,0,4,1,-1,6,3,-1,-1,-1,-1,-1,-1,3,E01034474,0,4
2025421570414,2025,421570414,1,9,0,-1,9,7,6,-1,0,4,0,0,0,0,0,1,-1,6,3,-1,-1,-1,-1,-1,-1,-1,-1,0,-1
2025421570414,2025,421570414,2,11,0,-1,9,6,3,-1,0,4,0,0,0,0,0,1,-1,1,1,19,4,-1,-1,-1,-1,4,E01021720,0,3
2025421570446,2025,421570446,3,9,0,-1,19,3,7,-1,0,0,0,0,0,0,4,1,-1,2,1,44,7,-1,-1,-1,-1,6,E01021663,0,4
2025421570446,2025,421570446,1,9,0,-1,19,3,7,-1,0,0,1,0,1,0,1,1,-1,2,1,34,6,-1,-1,-1,-1,9,E01021390,0,4
2025421570446,2025,421570446,2,9,0,-1,19,3,7,-1,0,0,5,0,1,0,2,1,-1,2,1,67,10,-1,-1,-1,-1,8,E01021389,0,4
2025421570558,2025,421570558,2,21,0,-1,10,5,3,-1,0,8,0,0,0,0,2,1,-1,1,1,42,7,-1,-1,-1,-1,2,E01033938,0,4
2025421570558,2025,421570558,1,4,0,-1,19,6,1,-1,0,1,2,0,0,0,1,1,-1,9,1,25,5,-1,-1,-1,-1,6,E01021551,0,2
2025421570587,2025,421570587,2,1,0,-1,19,-1,-1,-1,9,0,0,0,0,0,4,1,-1,6,1,26,6,-1,-1,-1,-1,8,E01021477,0,1
2025421570587,2025,421570587,1,9,-1,-1,9,1,7,-1,0,0,0,0,0,0,4,9,-1,6,1,58,9,-1,-1,-1,-1,10,E01021452,0,3
2025421570599,2025,421570599,2,9,0,-1,9,7,5,-1,0,0,0,0,0,0,1,1,-1,1,2,47,8,-1,-1,-1,-1,5,E01034090,0,1
2025421570599,2025,421570599,1,9,0,-1,19,3,7,-1,0,0,0,0,0,0,1,1,-1,9,2,40,7,-1,-1,-1,-1,-1,-1,0,-1
2025421570641,2025,421570641,1,5,0,-1,19,3,7,-1,0,0,1,0,0,0,1,1,-1,9,1,22,5,-1,-1,-1,-1,5,E01021572,0,2
2025421570641,2025,421570641,3,9,0,-1,19,7,3,-1,0,0,0,0,0,0,0,1,-1,8,1,39,7,-1,-1,-1,-1,7,E01021913,0,3
2025421570641,2025,421570641,2,19,0,-1,19,3,7,-1,0,0,0,0,0,0,3,1,-1,9,1,46,8,-1,-1,-1,-1,4,E01021575,0,1
2025421570740,2025,421570740,3,9,0,-1,3,6,8,-1,0,1,0,0,0,0,1,2,-1,6,1,34,6,-1,-1,-1,-1,6,E01021355,0,1
2025421570740,2025,421570740,2,9,0,-1,19,4,8,-1,0,1,0,0,0,0,1,2,-1,6,1,30,6,-1,-1,-1,-1,7,E01021372,0,1
2025421570740,2025,421570740,1,9,0,-1,9,8,6,-1,0,8,0,0,0,0,4,1,-1,6,2,46,8,-1,-1,-1,-1,4,E01021368,0,1
2025421570742,2025,421570742,2,9,0,-1,99,-1,-1,-1,99,0,0,0,0,0,2,1,-1,6,1,51,8,-1,-1,-1,-1,9,E01023597,0,3
2025421570742,2025,421570742,1,9,0,-1,2,-1,-1,-1,99,0,0,0,0,0,2,1,-1,6,2,-1,-1,-1,-1,-1,-1,-1,-1,0,-1
2025421570743,2025,421570743,2,9,0,-1,20,0,0,-1,0,0,0,0,0,0,2,1,-1,9,2,61,9,-1,-1,-1,-1,8,E01021886,0,3
2025421570743,2025,421570743,1,11,0,-1,19,1,5,-1,0,0,0,0,0,0,1,1,-1,1,1,45,7,-1,-1,-1,-1,4,E01021601,0,3
2025421570749,2025,421570749,2,9,0,-1,3,4,1,-1,99,0,9,0,0,0,2,1,-1,2,1,19,4,-1,-1,-1,-1,5,E01033139,0,1
2025421570749,2025,421570749,1,9,0,-1,19,4,1,-1,99,0,9,0,0,0,1,1,-1,6,3,-1,-1,-1,-1,-1,-1,-1,-1,0,-1
2025421570772,2025,421570772,1,9,0,-1,7,6,5,-1,0,6,0,0,0,0,1,1,-1,9,1,51,8,-1,-1,-1,-1,7,E01035000,0,4
2025421570772,2025,421570772,2,9,0,-1,19,5,1,-1,0,8,0,0,0,0,3,1,-1,6,1,45,7,-1,-1,-1,-1,6,E01021705,0,4
2025421570776,2025,421570776,1,3,0,-1,14,7,4,-1,0,0,0,0,0,0,4,1,-1,9,1,33,6,-1,-1,-1,-1,5,E01003654,0,2
2025421570776,2025,421570776,2,9,0,-1,4,7,4,-1,0,0,0,0,0,0,3,1,-1,1,1,55,8,-1,-1,-1,-1,9,E01003775,0,3
2025421570781,2025,421570781,2,9,0,-1,19,3,7,-1,0,0,0,0,0,0,1,1,-1,6,2,48,8,-1,-1,-1,-1,7,E01015837,0,1
2025421570781,2025,421570781,1,9,0,-1,9,1,7,-1,0,0,0,0,0,0,1,1,-1,2,2,27,6,-1,-1,-1,-1,-1,-1,0,-1
2025421570817,2025,421570817,1,-1,0,-1,9,4,2,-1,0,8,0,0,0,0,1,1,-1,9,1,38,7,-1,-1,-1,-1,-1,-1,1,-1
2025421570817,2025,421570817,2,9,0,-1,19,8,4,-1,0,8,0,0,0,0,1,1,-1,6,2,53,8,-1,-1,-1,-1,8,E01015847,0,1
2025421570836,2025,421570836,1,9,0,-1,7,8,8,-1,0,0,0,0,1,0,1,1,-1,6,1,48,8,-1,-1,-1,-1,3,E01021503,0,1
2025421570836,2025,421570836,2,9,0,-1,7,4,4,-1,0,0,1,0,0,0,4,1,-1,6,2,66,10,-1,-1,-1,-1,4,E01021498,0,1
2025421571155,2025,421571155,1,1,0,-1,9,4,2,-1,0,2,0,0,0,0,3,1,-1,2,1,26,6,-1,-1,-1,-1,1,E01021696,0,1
2025421571155,2025,421571155,2,9,0,-1,19,2,6,-1,0,1,0,0,0,0,1,1,-1,9,1,34,6,-1,-1,-1,-1,6,E01021971,0,1
2025421571185,2025,421571185,2,9,0,-1,19,2,6,-1,0,0,0,0,0,0,2,1,-1,9,1,57,9,-1,-1,-1,-1,4,E01022012,0,4
2025421571185,2025,421571185,1,19,0,-1,19,2,6,-1,0,0,0,0,0,0,1,1,-1,6,1,24,5,-1,-1,-1,-1,3,E01003924,0,4
2025421571185,2025,421571185,3,9,0,-1,19,2,6,-1,0,0,0,0,0,0,0,1,-1,1,2,35,6,-1,-1,-1,-1,7,E01021544,0,4
2025421571185,2025,421571185,4,9,0,-1,2,2,6,-1,0,0,0,0,0,0,1,1,-1,9,1,65,9,-1,-1,-1,-1,8,E01015876,0,4
2025421571199,2025,421571199,2,9,0,-1,2,0,0,-1,9,0,0,0,0,0,2,1,-1,6,1,24,5,-1,-1,-1,-1,8,E01021532,0,1
2025421571199,2025,421571199,1,9,0,-1,19,7,3,-1,0,0,0,4,0,0,1,1,-1,6,1,56,9,-1,-1,-1,-1,7,E01024271,0,4
2025421571224,2025,421571224,1,9,0,-1,19,7,3,-1,0,0,0,0,0,0,1,1,-1,6,1,30,6,-1,-1,-1,-1,10,E01023460,0,3
2025421571224,2025,421571224,2,9,0,-1,2,0,0,-1,0,0,0,0,0,0,2,1,-1,6,-1,-1,-1,-1,-1,-1,-1,-1,-1,0,-1
2025421571228,2025,421571228,1,9,0,-1,19,5,8,-1,0,0,0,0,7,2,1,1,-1,9,2,75,10,-1,-1,-1,-1,6,E01021689,0,1
2025421571347,2025,421571347,1,5,0,-1,4,2,6,-1,0,0,0,0,0,0,0,1,-1,9,1,29,6,-1,-1,-1,-1,5,E01021778,0,2
2025421571351,2025,421571351,1,9,0,-1,5,7,3,-1,0,0,0,0,0,0,3,1,-1,6,1,60,9,-1,-1,-1,-1,7,E01021691,0,1
2025421571353,2025,421571353,2,9,0,-1,4,2,6,-1,0,0,0,0,0,0,4,1,-1,9,1,23,5,-1,-1,-1,-1,7,E01015978,0,1
2025421571353,2025,421571353,3,21,1,-1,19,2,6,-1,0,0,0,0,0,0,2,1,-1,1,1,63,9,-1,-1,-1,-1,6,E01007695,0,5
2025421571353,2025,421571353,1,5,0,-1,15,2,6,-1,0,0,0,0,0,0,1,1,-1,9,1,22,5,-1,-1,-1,-1,3,E01000088,0,3
2025421571357,2025,421571357,3,9,0,-1,13,2,6,-1,0,0,0,0,5,0,1,1,-1,9,2,24,5,-1,-1,-1,-1,7,E01021978,0,4
2025421571357,2025,421571357,1,9,0,-1,19,2,6,-1,0,0,0,0,0,0,0,9,-1,6,3,-1,-1,-1,-1,-1,-1,-1,-1,0,-1
2025421571357,2025,421571357,2,9,0,-1,11,2,6,-1,0,0,0,0,0,0,3,1,-1,9,1,31,6,-1,-1,-1,-1,8,E01030211,0,4
2025421571363,2025,421571363,2,3,0,-1,19,3,7,-1,2,1,0,0,0,0,1,1,-1,6,1,18,4,-1,-1,-1,-1,4,E01021845,0,1
2025421571363,2025,421571363,1,9,0,-1,7,3,7,-1,0,1,0,0,0,0,2,1,-1,9,2,47,8,-1,-1,-1,-1,8,E01022059,0,3
2025421571374,2025,421571374,2,9,0,-1,4,3,7,-1,0,0,0,0,0,0,2,1,-1,9,1,57,9,-1,-1,-1,-1,9,E01015822,0,1
2025421571374,2025,421571374,1,5,0,-1,19,3,7,-1,0,0,0,0,0,0,1,1,-1,6,1,55,8,-1,-1,-1,-1,5,E01015831,0,1
2025421571391,2025,421571391,2,9,0,-1,10,1,3,-1,0,1,0,0,0,0,3,1,-1,9,1,50,8,-1,-1,-1,-1,7,E01021343,0,3
2025421571391,2025,421571391,1,9,0,-1,19,1,5,-1,0,1,2,4,7,0,1,1,-1,9,1,63,9,-1,-1,-1,-1,6,E01030209,0,5
2025421571393,2025,421571393,1,5,0,-1,19,7,1,-1,0,0,0,0,7,9,1,1,-1,9,1,49,8,-1,-1,-1,-1,3,E01023310,0,4
2025421571406,2025,421571406,1,9,0,-1,19,8,5,-1,0,0,0,11,0,0,1,1,-1,6,1,87,11,-1,-1,-1,-1,5,E01015949,0,1
2025421571451,2025,421571451,1,9,0,-1,19,4,2,-1,0,1,0,0,0,0,0,9,-1,6,3,20,4,-1,-1,-1,-1,-1,-1,0,-1
2025421571861,2025,421571861,1,9,0,-1,4,3,7,-1,0,0,1,0,0,0,1,1,-1,6,2,57,9,-1,-1,-1,-1,9,E01015980,0,2
2025421571861,2025,421571861,9,9,0,-1,4,3,7,-1,0,0,0,0,0,0,2,1,-1,6,1,56,9,-1,-1,-1,-1,1,E01021306,0,3
2025421571861,2025,421571861,2,9,0,-1,4,3,7,-1,0,0,1,0,0,0,2,1,-1,6,2,61,9,-1,-1,-1,-1,8,E01016001,0,3
2025421571861,2025,421571861,4,9,0,-1,4,3,7,-1,0,0,1,0,0,0,1,1,-1,6,2,25,5,-1,-1,-1,-1,7,E01002360,0,2
2025421571861,2025,421571861,6,9,0,-1,4,3,7,-1,0,0,0,0,0,0,2,1,-1,9,2,37,7,-1,-1,-1,-1,9,E01021945,0,4
2025421571861,2025,421571861,3,9,0,-1,4,3,7,-1,0,0,0,0,0,0,2,1,-1,6,2,39,7,-1,-1,-1,-1,10,E01002254,0,1
2025421571861,2025,421571861,5,9,0,-1,4,3,7,-1,0,0,1,0,0,0,2,1,-1,6,2,29,6,-1,-1,-1,-1,5,E01015859,0,4
2025421571861,2025,421571861,8,9,0,-1,4,3,7,-1,0,0,0,0,0,0,2,1,-1,6,1,61,9,-1,-1,-1,-1,3,E01003727,0,3
2025421571861,2025,421571861,7,9,0,-1,4,3,7,-1,0,0,1,0,0,0,1,1,-1,6,1,46,8,-1,-1,-1,-1,10,E01021237,0,3
2025421571872,2025,421571872,2,9,0,-1,2,0,0,-1,0,0,0,0,0,0,1,1,-1,6,-1,-1,-1,-1,-1,-1,-1,-1,-1,0,-1
2025421571872,2025,421571872,1,9,0,-1,19,1,5,-1,0,0,5,4,0,0,1,1,-1,6,2,67,10,-1,-1,-1,-1,6,E01015863,0,1
2025421571879,2025,421571879,1,9,0,-1,9,5,3,-1,0,0,0,0,0,0,4,1,-1,6,2,42,7,-1,-1,-1,-1,4,E01004280,0,3
2025421571879,2025,421571879,2,4,0,-1,19,1,5,-1,0,0,0,0,0,0,1,1,-1,6,1,58,9,-1,-1,-1,-1,2,E01001505,0,2
2025421571960,2025,421571960,1,9,0,-1,9,3,7,-1,0,6,0,0,0,0,1,1,-1,9,1,21,5,-1,-1,-1,-1,4,E01021817,0,1
2025421571960,2025,421571960,2,9,0,-1,19,1,5,-1,0,8,0,0,0,0,1,1,-1,9,1,54,8,-1,-1,-1,-1,5,E01001450,0,2
2025421572004,2025,421572004,1,97,0,-1,5,5,1,-1,0,1,0,0,0,0,1,1,-1,2,1,36,7,-1,-1,-1,-1,2,E01015875,0,1
2025421572009,2025,421572009,1,98,0,-1,19,3,7,-1,0,0,0,0,0,0,3,9,-1,6,3,-1,-1,-1,-1,-1,-1,-1,-1,0,-1
2025421572009,2025,421572009,2,97,0,-1,19,4,8,-1,0,0,0,0,7,0,4,1,-1,6,1,20,4,-1,-1,-1,-1,3,E01021598,0,1
2025421572035,2025,421572035,2,3,0,-1,3,5,1,-1,0,0,0,0,0,0,2,1,-1,6,1,24,5,-1,-1,-1,-1,3,E01004471,0,3
2025421572035,2025,421572035,1,9,0,-1,19,5,1,-1,0,0,0,0,0,0,1,1,-1,6,1,17,4,-1,-1,-1,-1,-1,-1,0,-1
2025421572065,2025,421572065,2,9,0,-1,-1,-1,-1,-1,-1,0,-1,-1,-1,0,-1,9,-1,6,2,22,5,-1,-1,-1,-1,5,E01015918,0,2
2025421572065,2025,421572065,1,9,-1,-1,-1,-1,-1,-1,-1,0,-1,-1,-1,0,-1,9,-1,6,1,23,5,-1,-1,-1,-1,5,E01017159,0,5
2025421572157,2025,421572157,1,9,0,-1,4,3,7,-1,0,0,0,0,0,0,3,9,-1,6,1,-1,-1,-1,-1,-1,-1,-1,-1,0,-1
2025421572173,2025,421572173,1,98,0,-1,19,7,3,-1,0,0,0,0,0,0,0,9,-1,6,1,-1,-1,-1,-1,-1,-1,-1,-1,0,-1
2025421572173,2025,421572173,2,22,0,-1,19,1,5,-1,0,0,5,0,0,0,4,1,-1,9,1,78,11,-1,-1,-1,-1,8,E01033612,0,1
2025421572190,2025,421572190,1,9,0,-1,19,5,1,-1,0,0,0,0,7,0,1,9,-1,6,3,25,5,-1,-1,-1,-1,-1,-1,0,-1
2025421572255,2025,421572255,1,9,0,-1,19,1,5,-1,0,1,0,0,0,0,1,1,-1,6,2,-1,-1,-1,-1,-1,-1,-1,-1,0,-1
2025421572369,2025,421572369,3,9,0,-1,4,2,6,-1,0,1,0,0,0,0,2,1,-1,6,2,22,5,-1,-1,-1,-1,10,E01021442,0,2
2025421572369,2025,421572369,2,9,0,-1,4,2,6,-1,0,1,0,0,0,0,2,1,-1,2,2,26,6,-1,-1,-1,-1,6,E01002332,0,3
2025421572369,2025,421572369,4,19,0,-1,9,2,6,-1,0,5,0,0,0,0,2,1,-1,6,1,47,8,-1,-1,-1,-1,4,E01011075,0,5
2025421572369,2025,421572369,1,9,0,-1,19,2,6,-1,0,1,1,0,0,0,1,1,-1,2,1,30,6,-1,-1,-1,-1,7,E01021827,0,3
2025421572373,2025,421572373,2,9,0,-1,19,2,6,-1,0,1,0,0,0,0,1,1,-1,2,1,34,6,-1,-1,-1,-1,-1,-1,0,-1
2025421572373,2025,421572373,1,9,0,-1,9,4,1,-1,0,6,0,0,0,0,0,1,-1,6,1,48,8,-1,-1,-1,-1,5,E01021833,0,1
2025421572453,2025,421572453,2,5,0,-1,19,7,3,-1,0,1,5,0,0,0,1,1,-1,2,1,37,7,-1,-1,-1,-1,8,E01021340,0,1
2025421572453,2025,421572453,1,9,0,-1,9,1,7,-1,0,6,0,0,1,2,3,1,-1,9,1,26,6,-1,-1,-1,-1,8,E01021340,0,1
2025421572471,2025,421572471,1,9,0,-1,9,2,8,-1,0,0,0,0,0,0,1,1,-1,6,2,65,9,-1,-1,-1,-1,9,E01021376,0,1
2025421572471,2025,421572471,2,5,0,-1,19,8,3,-1,0,0,1,0,0,0,1,1,-1,6,2,22,5,-1,-1,-1,-1,3,E01030108,0,1
2025421572477,2025,421572477,1,9,0,-1,19,4,8,-1,0,0,0,0,0,0,1,9,-1,6,3,-1,-1,-1,-1,-1,-1,-1,-1,0,-1
2025421572505,2025,421572505,1,9,0,-1,-1,-1,-1,-1,-1,0,-1,-1,-1,0,-1,9,-1,6,1,40,7,-1,-1,-1,-1,3,E01021860,0,1
2025421572643,2025,421572643,1,-1,0,-1,19,7,3,-1,0,0,0,0,0,0,1,1,-1,6,2,-1,-1,-1,-1,-1,-1,-1,-1,1,-1
2025421572680,2025,421572680,2,9,0,-1,10,7,5,-1,0,1,0,0,0,0,3,1,-1,9,1,34,6,-1,-1,-1,-1,4,E01016008,0,1
2025421572680,2025,421572680,1,97,0,-1,7,5,7,-1,0,5,0,0,0,0,1,1,-1,9,1,19,4,-1,-1,-1,-1,1,E01016010,0,1
2025421572748,2025,421572748,1,9,0,-1,99,4,8,-1,0,2,0,4,0,0,1,1,-1,6,2,43,7,-1,-1,-1,-1,1,E01015842,0,1
2025421572748,2025,421572748,2,9,0,-1,4,4,8,-1,0,2,0,0,0,0,2,1,-1,6,2,52,8,-1,-1,-1,-1,1,E01015867,0,1
2025421572828,2025,421572828,2,9,0,-1,7,5,7,-1,0,0,0,0,1,0,2,1,-1,6,1,48,8,-1,-1,-1,-1,7,E01021542,0,1
2025421572828,2025,421572828,1,9,0,-1,19,5,1,-1,0,0,0,0,0,0,1,1,-1,1,1,21,5,-1,-1,-1,-1,5,E01021562,0,2
2025421572858,2025,421572858,2,9,0,-1,19,4,6,-1,0,4,0,0,0,0,3,1,-1,9,1,25,5,-1,-1,-1,-1,2,E01021286,0,3
2025421572858,2025,421572858,1,9,0,-1,9,1,7,-1,0,4,0,0,0,0,1,1,-1,6,2,65,9,-1,-1,-1,-1,10,E01021438,0,1
2025421572884,2025,421572884,1,9,-1,-1,7,1,7,-1,0,1,0,0,0,0,3,9,-1,2,1,41,7,-1,-1,-1,-1,3,E01015987,0,1
2025421572884,2025,421572884,2,1,0,-1,19,7,4,-1,0,1,1,0,0,0,4,1,-1,6,1,44,7,-1,-1,-1,-1,3,E01021319,0,1
2025421573278,2025,421573278,1,9,0,-1,4,5,1,-1,0,0,0,0,0,0,1,1,-1,9,1,36,7,-1,-1,-1,-1,4,E01034370,0,1
2025421573278,2025,421573278,2,9,0,-1,4,5,1,-1,0,0,0,0,0,0,2,1,-1,9,2,81,11,-1,-1,-1,-1,7,E01015966,0,1
2025421573309,2025,421573309,3,9,0,-1,2,0,0,-1,9,1,0,0,0,0,0,1,-1,6,-1,-1,-1,-1,-1,-1,-1,-1,-1,0,-1
2025421573309,2025,421573309,2,3,0,-1,19,7,3,-1,0,6,0,0,0,0,1,1,-1,9,1,19,4,-1,-1,-1,-1,9,E01003744,0,2
2025421573309,2025,421573309,1,9,0,-1,5,1,7,-1,0,6,0,0,0,0,3,1,-1,9,2,72,10,-1,-1,-1,-1,3,E01021283,0,4
2025421573363,2025,421573363,2,9,0,-1,19,6,2,-1,0,0,0,0,0,0,2,1,-1,2,1,50,8,-1,-1,-1,-1,8,E01021407,0,4
2025421573363,2025,421573363,1,4,0,-1,19,6,2,-1,0,0,0,0,0,0,1,1,-1,2,1,64,9,-1,-1,-1,-1,9,E01021428,0,2
2025421573376,2025,421573376,1,9,0,-1,5,0,7,-1,9,0,5,11,0,0,1,1,-1,9,2,82,11,-1,-1,-1,-1,5,E01021492,0,2
2025421573416,2025,421573416,1,9,0,-1,19,3,7,-1,0,8,0,0,0,0,1,1,-1,9,2,36,7,-1,-1,-1,-1,6,E01015950,0,1
2025421573416,2025,421573416,2,9,0,-1,9,7,3,-1,0,8,0,0,0,0,1,1,-1,9,1,18,4,-1,-1,-1,-1,5,E01015992,0,1
2025421573510,2025,421573510,1,9,0,-1,19,8,4,-1,0,0,0,7,5,6,1,1,-1,6,2,40,7,-1,-1,-1,-1,10,E01021364,0,2
2025421573523,2025,421573523,3,9,0,-1,19,6,2,-1,0,0,0,0,0,0,3,1,-1,6,1,58,9,-1,-1,-1,-1,2,E01021989,0,1
2025421573523,2025,421573523,2,19,0,-1,2,6,2,-1,0,0,0,0,0,0,1,1,-1,6,-1,-1,-1,-1,-1,-1,-1,-1,-1,0,-1
2025421573523,2025,421573523,1,3,0,-1,19,2,6,-1,0,0,1,0,0,0,1,1,-1,6,1,18,4,-1,-1,-1,-1,1,E01022025,0,1
2025421573639,2025,421573639,1,3,0,-1,7,2,5,-1,0,0,1,0,0,0,3,1,-1,6,1,21,5,-1,-1,-1,-1,1,E01015841,0,1