collision_index,collision_year,collision_ref_no,vehicle_reference,vehicle_type,towing_and_articulation,vehicle_manoeuvre_historic,vehicle_manoeuvre,vehicle_direction_from,vehicle_direction_to,vehicle_location_restricted_lane_historic,vehicle_location_restricted_lane,junction_location,skidding_and_overturning,hit_object_in_carriageway,vehicle_leaving_carriageway,hit_object_off_carriageway,first_point_of_impact,vehicle_left_hand_drive,journey_purpose_of_driver_historic,journey_purpose_of_driver,sex_of_driver,age_of_driver,age_band_of_driver,engine_capacity_cc,propulsion_code,age_of_vehicle,generic_make_model,driver_imd_decile,lsoa_of_driver,escooter_flag,driver_distance_banding
2025421573639,2025,421573639,2,9,0,-1,19,5,1,-1,0,0,0,0,0,0,1,1,-1,6,2,51,8,-1,-1,-1,-1,1,E01015841,0,1
2025421573693,2025,421573693,1,9,0,-1,19,1,5,-1,0,0,0,0,0,0,1,1,-1,6,1,76,11,-1,-1,-1,-1,6,E01021676,0,1
2025421573693,2025,421573693,2,9,0,-1,9,1,5,-1,99,0,0,0,0,0,2,1,-1,6,2,51,8,-1,-1,-1,-1,5,E01022009,0,4
2025421573744,2025,421573744,1,9,0,-1,19,3,7,-1,0,0,0,0,0,0,1,1,-1,6,-1,-1,-1,-1,-1,-1,-1,-1,-1,0,-1
2025421573744,2025,421573744,2,9,0,-1,19,7,3,-1,0,0,0,0,0,0,3,1,-1,9,1,42,7,-1,-1,-1,-1,8,E01021607,0,3
2025421573757,2025,421573757,2,9,0,-1,9,8,7,-1,0,0,0,0,0,0,3,1,-1,9,1,58,9,-1,-1,-1,-1,6,E01021855,0,1
2025421573757,2025,421573757,1,9,0,-1,19,7,3,-1,0,0,0,0,7,0,1,1,-1,6,3,-1,-1,-1,-1,-1,-1,-1,-1,0,-1
2025421573956,2025,421573956,1,19,0,-1,-1,-1,-1,-1,-1,0,-1,-1,-1,0,-1,1,-1,6,3,-1,-1,-1,-1,-1,-1,-1,-1,0,-1
2025421573963,2025,421573963,1,9,0,-1,19,5,1,-1,9,0,0,0,7,0,1,1,-1,6,-1,20,4,-1,-1,-1,-1,-1,-1,0,-1
2025421573996,2025,421573996,1,9,0,-1,19,7,3,-1,0,0,0,0,0,0,3,1,-1,9,1,81,11,-1,-1,-1,-1,4,E01022018,0,1
2025421574041,2025,421574041,1,5,0,-1,19,3,7,-1,0,0,0,0,0,0,1,1,-1,6,1,27,6,-1,-1,-1,-1,9,E01015980,0,2
2025421574041,2025,421574041,2,9,0,-1,19,3,7,-1,0,0,0,0,0,0,2,1,-1,6,1,29,6,-1,-1,-1,-1,3,E01015839,0,4
2025421574051,2025,421574051,1,9,0,-1,19,4,8,-1,0,0,0,0,0,0,4,1,-1,9,2,37,7,-1,-1,-1,-1,5,E01016015,0,1
2025421574104,2025,421574104,2,9,0,-1,19,3,7,-1,0,8,0,0,0,0,1,1,-1,6,2,83,11,-1,-1,-1,-1,10,E01023505,0,3
2025421574104,2025,421574104,1,9,0,-1,9,5,2,-1,0,6,0,0,0,0,3,1,-1,6,-1,-1,-1,-1,-1,-1,-1,-1,-1,0,-1
2025421574121,2025,421574121,2,5,0,-1,19,1,6,-1,0,8,0,0,0,0,4,1,-1,9,1,51,8,-1,-1,-1,-1,7,E01021904,0,2
2025421574121,2025,421574121,1,9,0,-1,9,3,1,-1,0,1,0,0,1,0,1,1,-1,9,1,76,11,-1,-1,-1,-1,5,E01033788,0,4
2025421574145,2025,421574145,7,9,0,-1,19,1,5,-1,0,1,0,0,0,0,4,1,-1,2,1,48,8,-1,-1,-1,-1,6,E01023320,0,2
2025421574145,2025,421574145,1,9,0,-1,10,5,1,-1,0,6,0,0,0,0,1,1,-1,6,1,-1,-1,-1,-1,-1,-1,9,E01003775,0,3
2025421574151,2025,421574151,1,5,0,-1,19,7,3,-1,0,0,5,0,0,0,0,1,-1,6,1,42,7,-1,-1,-1,-1,5,E01021562,0,3
2025421574207,2025,421574207,2,19,0,-1,-1,-1,-1,-1,-1,0,-1,-1,-1,0,-1,9,-1,6,3,-1,-1,-1,-1,-1,-1,-1,-1,0,-1
2025421574207,2025,421574207,1,9,0,-1,19,-1,-1,-1,0,0,0,0,0,0,3,1,-1,6,2,19,4,-1,-1,-1,-1,10,E01021939,0,1
2025421574215,2025,421574215,1,9,0,-1,19,-1,-1,-1,0,0,0,4,0,0,1,1,-1,6,2,-1,-1,-1,-1,-1,-1,-1,-1,0,-1
2025421574215,2025,421574215,2,9,0,-1,2,-1,-1,-1,0,0,0,0,0,0,2,1,-1,6,2,45,7,-1,-1,-1,-1,8,E01021908,0,3
2025421574244,2025,421574244,2,9,0,-1,2,0,0,-1,0,0,0,0,0,0,3,1,-1,9,2,33,6,-1,-1,-1,-1,6,E01035178,0,1
2025421574244,2025,421574244,1,9,0,-1,9,6,2,-1,0,0,0,0,0,0,3,1,-1,9,1,43,7,-1,-1,-1,-1,-1,-1,0,-1
2025421574400,2025,421574400,1,11,0,-1,19,3,7,-1,0,1,0,0,0,0,1,1,-1,6,2,29,6,-1,-1,-1,-1,3,E01015921,0,2
2025421574401,2025,421574401,1,9,0,-1,1,1,5,-1,0,1,0,0,0,0,2,1,-1,9,2,56,9,-1,-1,-1,-1,7,E01022020,0,3
2025421574412,2025,421574412,1,9,0,-1,19,3,7,-1,0,0,0,4,1,0,1,1,-1,6,1,34,6,-1,-1,-1,-1,2,E01021327,0,1
2025421574412,2025,421574412,2,9,0,-1,2,3,7,-1,0,0,0,0,1,0,2,1,-1,2,1,19,4,-1,-1,-1,-1,2,E01021322,0,1
2025421574412,2025,421574412,3,9,0,-1,19,3,7,-1,0,0,0,0,0,0,0,1,-1,6,1,41,7,-1,-1,-1,-1,3,E01021289,0,1
2025421574441,2025,421574441,1,-1,0,-1,19,3,7,-1,0,6,0,0,0,0,1,1,-1,6,1,23,5,-1,-1,-1,-1,4,E01021265,1,1
2025421574441,2025,421574441,2,9,0,-1,19,1,5,-1,0,1,0,0,0,0,4,1,-1,9,1,59,9,-1,-1,-1,-1,3,E01021326,0,1
2025421574516,2025,421574516,2,9,0,-1,-1,-1,-1,-1,-1,-1,-1,-1,-1,-1,-1,1,-1,6,2,-1,-1,-1,-1,-1,-1,-1,-1,0,-1
2025421574516,2025,421574516,1,9,0,-1,-1,-1,-1,-1,-1,-1,-1,-1,-1,-1,-1,1,-1,6,2,27,6,-1,-1,-1,-1,10,E01021447,0,2
2025421574547,2025,421574547,2,9,0,-1,19,3,7,-1,0,0,0,0,0,0,3,1,-1,9,1,83,11,-1,-1,-1,-1,7,E01021737,0,3
2025421574547,2025,421574547,1,3,0,-1,19,7,3,-1,0,0,0,0,0,0,3,1,-1,9,1,25,5,-1,-1,-1,-1,1,E01022026,0,1
2025421574648,2025,421574648,4,9,0,-1,3,2,6,-1,0,0,0,0,0,0,2,1,-1,2,1,32,6,-1,-1,-1,-1,8,E01035159,0,3
2025421574648,2025,421574648,1,9,0,-1,19,2,6,-1,0,0,0,0,0,0,1,1,-1,2,2,34,6,-1,-1,-1,-1,8,E01035176,0,3
2025421574648,2025,421574648,3,9,0,-1,3,2,6,-1,0,0,0,0,0,0,2,1,-1,2,1,51,8,-1,-1,-1,-1,4,E01022048,0,4
2025421574648,2025,421574648,2,9,0,-1,3,2,6,-1,0,0,0,0,0,0,2,1,-1,2,2,64,9,-1,-1,-1,-1,10,E01029973,0,4
2025421574671,2025,421574671,2,1,0,-1,19,-1,-1,-1,9,0,2,0,0,0,4,1,-1,2,1,48,8,-1,-1,-1,-1,4,E01021495,0,1
2025421574671,2025,421574671,1,9,0,-1,5,-1,-1,-1,9,0,0,0,0,0,3,1,-1,6,2,58,9,-1,-1,-1,-1,-1,-1,0,-1
2025421574703,2025,421574703,1,9,0,-1,5,8,5,-1,0,6,0,0,1,0,1,2,-1,6,2,55,8,-1,-1,-1,-1,4,E01021776,0,1
2025421574703,2025,421574703,2,4,0,-1,19,5,2,-1,0,8,0,0,0,0,1,1,-1,1,1,48,8,-1,-1,-1,-1,2,E01003732,0,3
2025421574739,2025,421574739,2,19,0,-1,19,7,3,-1,0,8,0,0,0,0,3,1,-1,2,1,31,6,-1,-1,-1,-1,5,E01021982,0,2
2025421574739,2025,421574739,1,9,0,-1,19,5,1,-1,0,8,0,0,0,0,1,1,-1,2,2,41,7,-1,-1,-1,-1,2,E01021989,0,2
2025421574766,2025,421574766,1,9,0,-1,19,3,7,-1,0,1,0,0,0,0,1,1,-1,6,1,60,9,-1,-1,-1,-1,7,E01021966,0,2
2025421574829,2025,421574829,2,19,0,-1,19,3,7,-1,0,1,0,0,0,0,1,1,-1,6,1,27,6,-1,-1,-1,-1,8,E01034364,0,2
2025421574829,2025,421574829,1,9,0,-1,5,1,5,-1,0,1,0,0,0,0,1,9,-1,6,3,-1,-1,-1,-1,-1,-1,-1,-1,0,-1
2025421574856,2025,421574856,2,9,0,-1,3,3,7,-1,0,4,0,0,0,0,2,1,-1,9,2,45,7,-1,-1,-1,-1,4,E01022018,0,1
2025421574856,2025,421574856,1,9,0,-1,19,3,7,-1,0,4,0,0,0,0,1,1,-1,9,2,74,10,-1,-1,-1,-1,5,E01022008,0,2
2025421574896,2025,421574896,2,9,0,-1,2,0,0,-1,0,0,0,0,0,0,3,1,-1,6,-1,-1,-1,-1,-1,-1,-1,-1,-1,0,-1
2025421574896,2025,421574896,1,9,0,-1,15,5,1,-1,0,0,0,0,0,0,4,1,-1,6,2,85,11,-1,-1,-1,-1,4,E01022022,0,1
2025421574919,2025,421574919,1,9,0,-1,19,8,4,-1,0,0,5,0,0,0,1,1,-1,9,1,24,5,-1,-1,-1,-1,-1,-1,0,-1
2025421574919,2025,421574919,2,9,0,-1,19,5,1,-1,0,0,0,0,0,0,1,1,-1,9,1,63,9,-1,-1,-1,-1,9,E01023318,0,2
2025421574940,2025,421574940,1,9,0,-1,19,7,3,-1,0,8,0,0,0,0,3,1,-1,9,2,31,6,-1,-1,-1,-1,5,E01033459,0,2
2025421574940,2025,421574940,2,9,0,-1,19,5,1,-1,0,8,0,0,3,0,4,1,-1,9,1,80,11,-1,-1,-1,-1,9,E01021619,0,2
2025421574957,2025,421574957,3,9,0,-1,4,6,2,-1,0,0,0,0,0,0,2,1,-1,1,1,32,6,-1,-1,-1,-1,4,E01000722,0,4
2025421574957,2025,421574957,4,9,0,-1,4,6,2,-1,0,0,0,0,0,0,2,1,-1,1,1,58,9,-1,-1,-1,-1,7,E01002298,0,3
2025421574957,2025,421574957,1,19,0,-1,19,6,2,-1,0,0,0,0,0,0,1,1,-1,1,1,26,6,-1,-1,-1,-1,6,E01002258,0,3
2025421574957,2025,421574957,2,19,0,-1,4,6,2,-1,0,0,0,0,0,0,2,1,-1,1,1,63,9,-1,-1,-1,-1,5,E01021874,0,4
2025421575027,2025,421575027,2,9,0,-1,4,3,7,-1,99,0,0,0,0,0,3,1,-1,6,2,34,6,-1,-1,-1,-1,5,E01015949,0,1
2025421575027,2025,421575027,1,9,0,-1,1,1,5,-1,99,0,0,0,0,0,1,1,-1,6,1,46,8,-1,-1,-1,-1,-1,-1,0,-1
2025421575044,2025,421575044,1,9,0,-1,19,8,4,-1,0,0,1,0,7,4,1,1,-1,6,1,21,5,-1,-1,-1,-1,2,E01023339,0,2
2025421575045,2025,421575045,1,9,0,-1,5,4,5,-1,0,8,0,0,0,0,1,1,-1,9,2,41,7,-1,-1,-1,-1,7,E01029887,0,2
2025421575045,2025,421575045,2,9,0,-1,19,2,5,-1,0,8,0,0,0,0,4,1,-1,9,2,47,8,-1,-1,-1,-1,8,E01021407,0,1
2025421575051,2025,421575051,1,9,0,-1,1,2,6,-1,0,1,0,0,0,0,2,9,-1,6,1,-1,-1,-1,-1,-1,-1,-1,-1,0,-1
2025421575051,2025,421575051,2,9,0,-1,3,6,2,-1,0,1,0,0,0,0,1,1,-1,6,1,19,4,-1,-1,-1,-1,4,E01026814,0,5
2025421575068,2025,421575068,2,3,0,-1,19,4,8,-1,0,1,0,0,0,0,1,1,-1,9,1,18,4,-1,-1,-1,-1,7,E01015837,0,1
2025421575068,2025,421575068,1,9,0,-1,19,5,1,-1,0,8,0,0,0,0,3,1,-1,9,2,22,5,-1,-1,-1,-1,8,E01015826,0,1
2025421575089,2025,421575089,2,9,0,-1,2,0,0,-1,0,1,0,0,0,0,2,1,-1,6,-1,-1,-1,-1,-1,-1,-1,-1,-1,0,-1
2025421575089,2025,421575089,1,9,0,-1,19,6,2,-1,0,1,0,4,1,11,1,1,-1,6,1,26,6,-1,-1,-1,-1,4,E01021779,0,1
2025421575097,2025,421575097,1,9,0,-1,9,5,3,-1,0,8,0,0,0,0,1,1,-1,9,2,42,7,-1,-1,-1,-1,3,E01021638,0,1
2025421575097,2025,421575097,2,3,0,-1,19,1,5,-1,0,8,1,0,0,0,1,1,-1,9,1,37,7,-1,-1,-1,-1,3,E01021637,0,1
2025421575215,2025,421575215,1,19,0,-1,9,3,1,-1,0,0,0,0,0,0,4,1,-1,1,1,58,9,-1,-1,-1,-1,8,E01021885,0,4
2025421575215,2025,421575215,2,5,0,-1,19,7,3,-1,0,0,1,0,0,0,1,1,-1,9,1,25,5,-1,-1,-1,-1,7,E01021650,0,1
2025421575273,2025,421575273,1,9,0,-1,1,1,5,-1,0,0,0,0,0,0,2,1,-1,1,1,38,7,-1,-1,-1,-1,8,E01030117,0,3
2025421575393,2025,421575393,2,9,0,-1,2,0,0,-1,0,0,0,0,0,0,2,1,-1,9,2,58,9,-1,-1,-1,-1,-1,-1,0,-1
2025421575393,2025,421575393,4,9,0,-1,20,0,0,-1,0,0,5,0,0,0,2,1,-1,9,2,49,8,-1,-1,-1,-1,-1,-1,0,-1
2025421575393,2025,421575393,3,9,0,-1,2,0,0,-1,0,0,0,0,0,0,2,1,-1,9,1,49,8,-1,-1,-1,-1,4,E01026610,0,5
2025421575393,2025,421575393,1,9,0,-1,20,7,3,-1,0,0,0,4,0,0,1,1,-1,9,1,74,10,-1,-1,-1,-1,9,E01015893,0,1
2025421575486,2025,421575486,2,9,0,-1,19,-1,-1,-1,99,6,0,0,2,0,4,1,-1,6,2,26,6,-1,-1,-1,-1,10,E01021557,0,1
2025421575486,2025,421575486,1,9,0,-1,-1,-1,-1,-1,-1,-1,-1,-1,-1,0,-1,9,-1,6,3,-1,-1,-1,-1,-1,-1,-1,-1,0,-1
2025421575546,2025,421575546,2,9,0,-1,19,-1,-1,-1,0,-1,0,0,0,0,2,1,-1,6,2,-1,-1,-1,-1,-1,-1,-1,-1,0,-1
2025421575546,2025,421575546,1,9,0,-1,19,-1,-1,-1,0,-1,0,0,0,0,1,1,-1,6,2,29,6,-1,-1,-1,-1,2,E01003600,0,3
2025421575569,2025,421575569,1,9,0,-1,19,3,7,-1,0,0,1,4,0,0,1,2,-1,6,1,19,4,-1,-1,-1,-1,8,E01033612,0,2
2025421575569,2025,421575569,2,9,0,-1,2,3,7,-1,0,0,0,0,0,0,2,2,-1,9,1,51,8,-1,-1,-1,-1,5,E01021809,0,4
2025421575658,2025,421575658,3,9,0,-1,19,5,8,-1,0,0,0,0,0,0,4,1,-1,6,2,29,6,-1,-1,-1,-1,1,E01022045,0,3
2025421575658,2025,421575658,2,9,0,-1,19,5,8,-1,0,0,0,0,0,0,1,1,-1,6,1,52,8,-1,-1,-1,-1,8,E01022005,0,4
2025421575658,2025,421575658,1,9,0,-1,19,8,4,-1,0,0,0,0,7,0,1,1,-1,2,2,27,6,-1,-1,-1,-1,6,E01022052,0,2
2025421575736,2025,421575736,2,9,0,-1,19,7,3,-1,0,0,5,0,0,0,3,1,-1,1,1,36,7,-1,-1,-1,-1,-1,-1,0,-1
2025421575736,2025,421575736,1,9,0,-1,15,7,3,-1,0,0,0,0,0,0,1,1,-1,6,1,43,7,-1,-1,-1,-1,9,E01023309,0,2
2025421575888,2025,421575888,2,5,0,-1,7,-1,-1,-1,99,9,1,0,1,0,4,1,-1,6,1,43,7,-1,-1,-1,-1,8,E01021620,0,1
2025421575888,2025,421575888,1,9,0,-1,19,-1,-1,-1,99,1,9,0,0,0,9,1,-1,6,1,64,9,-1,-1,-1,-1,10,E01033053,0,3
2025421576047,2025,421576047,1,3,0,-1,19,7,3,-1,0,0,5,10,0,0,4,1,-1,9,1,81,11,-1,-1,-1,-1,4,E01022011,0,1
2025421576070,2025,421576070,1,9,0,-1,19,2,6,-1,0,4,0,0,0,0,1,1,-1,6,2,57,9,-1,-1,-1,-1,6,E01021962,0,2
2025421576070,2025,421576070,2,9,0,-1,19,2,4,-1,0,3,0,0,0,0,4,1,-1,6,2,27,6,-1,-1,-1,-1,-1,-1,0,-1
2025421576074,2025,421576074,2,9,0,-1,19,5,3,-1,0,0,0,0,0,0,0,1,-1,6,2,46,8,-1,-1,-1,-1,4,E01016008,0,1
2025421576074,2025,421576074,1,9,0,-1,19,3,5,-1,0,0,0,0,0,0,1,1,-1,6,1,25,5,-1,-1,-1,-1,6,E01003771,0,4
2025421576242,2025,421576242,2,9,0,-1,2,0,0,-1,0,2,0,0,1,11,3,1,-1,6,-1,-1,-1,-1,-1,-1,-1,-1,-1,0,-1
2025421576242,2025,421576242,1,9,0,-1,7,5,7,-1,0,6,0,4,3,11,1,1,-1,9,2,68,10,-1,-1,-1,-1,4,E01021642,0,1
2025421576268,2025,421576268,2,19,0,-1,19,6,2,-1,0,0,0,0,0,0,3,1,-1,1,1,24,5,-1,-1,-1,-1,-1,-1,0,-1
2025421576268,2025,421576268,1,5,0,-1,19,2,6,-1,0,0,5,0,1,7,4,1,-1,6,1,64,9,-1,-1,-1,-1,4,E01034369,0,3
2025421576287,2025,421576287,1,9,0,-1,19,6,6,-1,0,0,1,0,1,0,3,1,-1,6,2,84,11,-1,-1,-1,-1,8,E01021513,0,1
2025421576287,2025,421576287,2,20,0,-1,19,6,1,-1,0,0,0,0,0,0,1,1,-1,6,1,45,7,-1,-1,-1,-1,3,E01015843,0,3
2025421576287,2025,421576287,4,9,0,-1,19,5,2,-1,0,0,0,0,0,0,1,1,-1,6,2,30,6,-1,-1,-1,-1,9,E01021943,0,2
2025421576287,2025,421576287,3,9,0,-1,19,5,2,-1,0,0,0,0,0,0,1,1,-1,6,1,40,7,-1,-1,-1,-1,8,E01021932,0,3
2025421576288,2025,421576288,1,9,0,-1,3,-1,-1,-1,0,0,0,0,0,0,2,1,-1,6,2,59,9,-1,-1,-1,-1,8,E01021684,0,1
2025421576288,2025,421576288,2,9,0,-1,99,-1,-1,-1,0,0,0,0,0,0,1,1,-1,6,1,-1,-1,-1,-1,-1,-1,-1,-1,0,-1
2025421576319,2025,421576319,2,9,-1,-1,99,-1,-1,-1,99,9,9,99,9,99,0,1,-1,6,3,-1,-1,-1,-1,-1,-1,-1,-1,0,-1
2025421576319,2025,421576319,1,11,0,-1,99,-1,-1,-1,99,1,0,0,0,0,0,1,-1,6,3,-1,-1,-1,-1,-1,-1,-1,-1,0,-1
2025421576362,2025,421576362,1,9,0,-1,19,8,4,-1,0,0,0,0,0,0,1,1,-1,2,2,33,6,-1,-1,-1,-1,4,E01021437,0,3
2025421576362,2025,421576362,2,9,0,-1,19,8,4,-1,0,0,0,0,0,0,2,1,-1,6,1,48,8,-1,-1,-1,-1,7,E01034094,0,4
2025421576415,2025,421576415,1,3,0,-1,19,1,5,-1,0,0,0,0,0,0,1,1,-1,9,1,39,7,-1,-1,-1,-1,7,E01021656,0,2
2025421576415,2025,421576415,2,9,0,-1,3,5,1,-1,0,0,0,0,0,0,2,1,-1,9,2,65,9,-1,-1,-1,-1,3,E01022049,0,4
2025421576428,2025,421576428,1,9,0,-1,19,8,4,-1,0,0,0,0,1,0,1,1,-1,9,1,58,9,-1,-1,-1,-1,1,E01013221,0,5
2025421576463,2025,421576463,1,9,0,-1,19,3,6,-1,0,1,0,0,0,0,4,1,-1,9,1,33,6,-1,-1,-1,-1,-1,-1,0,-1
2025421576463,2025,421576463,2,19,0,-1,19,4,1,-1,0,1,0,0,0,0,1,1,-1,2,1,56,9,-1,-1,-1,-1,6,E01030059,0,4
2025421576510,2025,421576510,1,3,0,-1,19,8,4,-1,0,0,2,7,0,0,1,1,-1,2,1,24,5,-1,-1,-1,-1,1,E01022042,0,2
2025421576700,2025,421576700,3,1,0,-1,19,5,3,-1,0,1,0,0,0,0,4,1,-1,9,1,65,9,-1,-1,-1,-1,9,E01021787,0,2
2025421576700,2025,421576700,1,9,0,-1,5,1,5,-1,0,1,0,0,0,0,1,1,-1,2,2,34,6,-1,-1,-1,-1,3,E01021864,0,2
2025421576700,2025,421576700,2,1,0,-1,19,5,2,-1,0,1,0,0,0,0,4,1,-1,9,1,70,10,-1,-1,-1,-1,9,E01021787,0,2
2025421576780,2025,421576780,1,98,1,-1,19,5,2,-1,0,0,5,7,0,0,3,1,-1,1,1,31,6,-1,-1,-1,-1,1,E01033897,0,5
2025421576831,2025,421576831,1,3,0,-1,13,7,3,-1,0,0,1,0,0,0,4,1,-1,9,1,21,5,-1,-1,-1,-1,5,E01015901,0,2
2025421576831,2025,421576831,2,3,0,-1,19,7,3,-1,0,0,1,0,0,0,4,1,-1,9,1,18,4,-1,-1,-1,-1,4,E01021955,0,2
2025421576966,2025,421576966,1,9,0,-1,13,6,2,-1,0,0,0,10,7,0,1,1,-1,6,1,23,5,-1,-1,-1,-1,5,E01021762,0,1
2025421576966,2025,421576966,2,9,-1,-1,-1,-1,-1,-1,-1,0,-1,-1,-1,0,-1,9,-1,6,3,-1,-1,-1,-1,-1,-1,-1,-1,0,-1
2025421577004,2025,421577004,4,9,0,-1,2,0,0,-1,0,0,0,0,0,0,1,1,-1,6,-1,-1,-1,-1,-1,-1,-1,-1,-1,0,-1
2025421577004,2025,421577004,1,9,0,-1,19,2,6,-1,0,0,0,4,0,0,1,1,-1,6,1,31,6,-1,-1,-1,-1,5,E01035165,0,1
2025421577004,2025,421577004,2,9,0,-1,2,0,0,-1,0,0,0,4,0,0,1,1,-1,6,-1,-1,-1,-1,-1,-1,-1,-1,-1,0,-1
2025421577004,2025,421577004,3,20,0,-1,2,0,0,-1,0,0,0,4,0,0,1,1,-1,6,-1,-1,-1,-1,-1,-1,-1,-1,-1,0,-1
2025421577049,2025,421577049,2,2,0,-1,19,5,2,-1,0,3,0,0,0,0,4,1,-1,9,2,24,5,-1,-1,-1,-1,7,E01021650,0,1
2025421577049,2025,421577049,1,9,0,-1,19,7,4,-1,0,4,0,0,0,0,1,1,-1,9,2,30,6,-1,-1,-1,-1,6,E01021723,0,3
2025421577070,2025,421577070,1,9,0,-1,1,6,5,-1,0,0,0,0,0,0,2,1,-1,9,1,47,8,-1,-1,-1,-1,7,E01021434,0,1
2025421577123,2025,421577123,2,9,0,-1,3,6,7,-1,0,4,0,0,0,0,2,1,-1,9,2,43,7,-1,-1,-1,-1,5,E01001275,0,4
2025421577123,2025,421577123,1,9,0,-1,5,7,6,-1,0,4,0,0,0,0,1,1,-1,9,1,52,8,-1,-1,-1,-1,1,E01009122,0,5
2025421577184,2025,421577184,1,9,0,-1,9,6,3,-1,0,2,0,0,0,0,4,1,-1,2,1,50,8,-1,-1,-1,-1,2,E01022046,0,1
2025421577184,2025,421577184,2,5,0,-1,19,3,7,-1,0,1,0,0,0,0,1,1,-1,6,1,57,9,-1,-1,-1,-1,4,E01029920,0,4
2025421577212,2025,421577212,1,4,0,-1,4,4,8,-1,0,0,0,0,0,0,1,1,-1,6,1,58,9,-1,-1,-1,-1,4,E01021575,0,3
2025421577212,2025,421577212,2,9,0,-1,4,4,8,-1,0,0,0,0,0,0,2,1,-1,6,2,26,6,-1,-1,-1,-1,9,E01021395,0,4
2025421577222,2025,421577222,2,5,0,-1,19,2,6,-1,0,0,0,0,0,0,1,1,-1,9,1,46,8,-1,-1,-1,-1,8,E01034363,0,1
2025421577222,2025,421577222,1,19,0,-1,9,5,2,-1,0,0,0,0,0,0,1,1,-1,9,1,66,10,-1,-1,-1,-1,8,E01022092,0,4
2025421577228,2025,421577228,1,9,0,-1,13,3,7,-1,99,1,0,0,0,0,1,1,-1,6,3,-1,-1,-1,-1,-1,-1,-1,-1,0,-1
2025421577228,2025,421577228,2,9,0,-1,10,3,1,-1,99,5,0,0,0,0,3,1,-1,6,2,43,7,-1,-1,-1,-1,4,E01021496,0,1
2025421577279,2025,421577279,1,9,0,-1,5,5,1,-1,0,0,0,0,0,0,1,1,-1,9,1,53,8,-1,-1,-1,-1,3,E01021418,0,1
2025421577375,2025,421577375,1,9,0,-1,19,1,5,-1,0,0,0,0,7,4,1,1,-1,9,1,25,5,-1,-1,-1,-1,2,E01021286,0,4
2025421577395,2025,421577395,2,9,0,-1,2,2,6,-1,0,0,0,0,0,0,3,1,-1,9,1,57,9,-1,-1,-1,-1,8,E01029878,0,3
2025421577395,2025,421577395,1,9,0,-1,19,2,6,-1,0,0,0,0,0,0,4,1,-1,9,2,43,7,-1,-1,-1,-1,8,E01030046,0,4
2025421577468,2025,421577468,2,9,0,-1,19,2,6,-1,0,0,0,0,1,0,1,1,-1,9,1,58,9,-1,-1,-1,-1,7,E01021882,0,1
2025421577468,2025,421577468,1,9,0,-1,7,8,2,-1,0,0,1,0,0,0,1,1,-1,9,1,20,4,-1,-1,-1,-1,5,E01015835,0,4
2025421577686,2025,421577686,1,9,0,-1,19,7,3,-1,0,1,0,0,0,0,4,1,-1,6,2,28,6,-1,-1,-1,-1,2,E01021576,0,1
2025421577686,2025,421577686,2,9,0,-1,10,7,5,-1,0,1,0,0,0,0,2,1,-1,2,2,57,9,-1,-1,-1,-1,7,E01021540,0,1
2025421577806,2025,421577806,2,1,0,-1,9,7,6,-1,0,8,0,0,0,0,1,1,-1,9,1,40,7,-1,-1,-1,-1,2,E01015820,0,1
2025421577806,2025,421577806,1,8,0,-1,5,6,2,-1,0,1,0,0,0,0,1,1,-1,1,1,46,8,-1,-1,-1,-1,4,E01015891,0,1
2025421577857,2025,421577857,1,9,0,-1,7,5,1,-1,0,2,1,10,0,0,1,1,-1,6,1,19,4,-1,-1,-1,-1,7,E01021718,0,2
2025421577877,2025,421577877,2,9,0,-1,2,0,0,-1,9,0,0,0,0,0,3,1,-1,6,-1,-1,-1,-1,-1,-1,-1,-1,-1,0,-1
2025421577877,2025,421577877,1,9,0,-1,19,4,7,-1,0,0,0,0,7,5,1,1,-1,9,1,60,9,-1,-1,-1,-1,4,E01022051,0,1
2025421577949,2025,421577949,1,9,0,-1,11,7,3,-1,0,0,2,11,4,0,0,9,-1,6,3,-1,-1,-1,-1,-1,-1,-1,-1,0,-1
2025421577949,2025,421577949,2,9,0,-1,19,7,5,-1,0,0,5,6,0,0,3,1,-1,9,1,59,9,-1,-1,-1,-1,-1,-1,0,-1
2025421578014,2025,421578014,1,9,0,-1,19,8,4,-1,0,0,0,0,0,0,1,1,-1,9,1,26,6,-1,-1,-1,-1,6,E01021394,0,3
2025421578017,2025,421578017,1,23,0,-1,5,1,5,-1,0,0,0,0,0,0,3,1,-1,6,1,28,6,-1,-1,-1,-1,2,E01003783,0,3
2025421578017,2025,421578017,2,9,0,-1,19,1,5,-1,0,0,0,0,0,0,1,1,-1,6,1,66,10,-1,-1,-1,-1,4,E01015959,0,1
2025421578101,2025,421578101,3,9,0,-1,4,2,6,-1,0,0,0,0,0,0,2,1,-1,2,1,60,9,-1,-1,-1,-1,9,E01030008,0,4
2025421578101,2025,421578101,2,19,0,-1,4,2,6,-1,0,0,0,0,0,0,2,1,-1,2,1,41,7,-1,-1,-1,-1,9,E01021240,0,3
2025421578101,2025,421578101,1,19,0,-1,4,2,6,-1,0,0,0,0,0,0,1,1,-1,1,1,28,6,-1,-1,-1,-1,8,E01035176,0,4
2025421578183,2025,421578183,2,9,0,-1,2,0,0,-1,0,2,0,0,0,0,2,1,-1,6,3,-1,-1,-1,-1,-1,-1,-1,-1,0,-1
2025421578183,2025,421578183,1,19,0,-1,5,5,1,-1,0,2,0,4,0,0,1,1,-1,6,1,57,9,-1,-1,-1,-1,9,E01015894,0,1