collision_index,collision_year,collision_ref_no,vehicle_reference,vehicle_type,towing_and_articulation,vehicle_manoeuvre_historic,vehicle_manoeuvre,vehicle_direction_from,vehicle_direction_to,vehicle_location_restricted_lane_historic,vehicle_location_restricted_lane,junction_location,skidding_and_overturning,hit_object_in_carriageway,vehicle_leaving_carriageway,hit_object_off_carriageway,first_point_of_impact,vehicle_left_hand_drive,journey_purpose_of_driver_historic,journey_purpose_of_driver,sex_of_driver,age_of_driver,age_band_of_driver,engine_capacity_cc,propulsion_code,age_of_vehicle,generic_make_model,driver_imd_decile,lsoa_of_driver,escooter_flag,driver_distance_banding
2025421578307,2025,421578307,2,19,0,-1,19,5,1,-1,0,1,0,0,0,0,1,1,-1,6,1,31,6,-1,-1,-1,-1,3,E01000103,0,3
2025421578307,2025,421578307,3,9,0,-1,19,5,1,-1,0,1,0,0,0,0,2,1,-1,6,2,56,9,-1,-1,-1,-1,5,E01021449,0,3
2025421578307,2025,421578307,1,99,-1,-1,-1,-1,-1,-1,-1,-1,-1,-1,-1,0,-1,9,-1,6,3,-1,-1,-1,-1,-1,-1,-1,-1,0,-1
2025421578367,2025,421578367,1,9,0,-1,19,3,7,-1,0,0,0,0,0,0,1,1,-1,2,1,47,8,-1,-1,-1,-1,10,E01021384,0,4
2025421578367,2025,421578367,3,9,0,-1,4,3,7,-1,0,0,0,0,0,0,2,1,-1,6,2,40,7,-1,-1,-1,-1,7,E01021650,0,1
2025421578367,2025,421578367,2,9,0,-1,4,3,7,-1,0,0,0,0,0,0,2,1,-1,6,2,33,6,-1,-1,-1,-1,8,E01035159,0,1
2025421578433,2025,421578433,2,1,0,-1,19,6,2,-1,0,1,0,0,0,0,1,1,-1,6,1,21,5,-1,-1,-1,-1,6,E01021705,0,1
2025421578433,2025,421578433,1,9,0,-1,7,2,6,-1,0,1,0,0,0,0,1,1,-1,6,1,26,6,-1,-1,-1,-1,2,E01033722,0,1
2025421578454,2025,421578454,1,19,0,-1,19,7,3,-1,1,0,1,4,0,0,1,1,-1,2,1,32,6,-1,-1,-1,-1,7,E01021882,0,4
2025421578454,2025,421578454,2,9,0,-1,2,0,0,-1,0,0,1,0,1,0,2,1,-1,6,-1,-1,-1,-1,-1,-1,-1,-1,-1,0,-1
2025421578513,2025,421578513,1,9,0,-1,19,1,3,-1,0,3,0,0,0,0,3,1,-1,2,1,37,7,-1,-1,-1,-1,5,E01015874,0,1
2025421578601,2025,421578601,1,9,0,-1,19,5,1,-1,0,1,0,0,0,0,1,1,-1,6,2,36,7,-1,-1,-1,-1,4,E01002267,0,4
2025421578601,2025,421578601,2,1,0,-1,19,3,7,-1,0,1,5,0,0,0,1,1,-1,6,2,36,7,-1,-1,-1,-1,3,E01021596,0,1
2025421578625,2025,421578625,2,9,0,-1,19,8,4,-1,0,1,0,0,0,0,1,1,-1,6,1,38,7,-1,-1,-1,-1,10,E01023567,0,4
2025421578625,2025,421578625,1,9,0,-1,9,6,4,-1,0,6,0,0,0,0,1,1,-1,6,2,81,11,-1,-1,-1,-1,10,E01021455,0,1
2025421578718,2025,421578718,1,5,0,-1,19,7,3,-1,0,8,1,0,1,1,1,1,-1,6,1,20,4,-1,-1,-1,-1,2,E01035164,0,3
2025421578766,2025,421578766,1,19,0,-1,7,-1,-1,-1,0,8,0,0,0,0,4,1,-1,6,3,-1,-1,-1,-1,-1,-1,-1,-1,0,-1
2025421578773,2025,421578773,1,90,0,-1,9,3,7,-1,0,0,0,0,0,0,3,1,-1,1,1,63,9,-1,-1,-1,-1,7,E01021361,0,1
2025421578773,2025,421578773,2,5,0,-1,13,3,7,-1,0,0,0,0,0,0,1,1,-1,6,1,42,7,-1,-1,-1,-1,5,E01021410,0,2
2025421578833,2025,421578833,1,9,0,-1,99,7,3,-1,0,1,0,0,0,0,3,1,-1,6,1,53,8,-1,-1,-1,-1,7,E01021264,0,1
2025421578833,2025,421578833,2,9,0,-1,99,1,5,-1,0,1,0,0,0,0,3,1,-1,6,2,29,6,-1,-1,-1,-1,5,E01021329,0,1
2025421578876,2025,421578876,1,9,0,-1,19,1,5,-1,0,0,0,7,0,0,3,1,-1,9,1,80,11,-1,-1,-1,-1,2,E01015851,0,1
2025421578886,2025,421578886,2,9,0,-1,5,5,1,-1,0,8,0,0,0,0,4,1,-1,9,1,49,8,-1,-1,-1,-1,4,E01022018,0,4
2025421578886,2025,421578886,1,9,0,-1,19,7,3,-1,0,6,0,0,0,0,1,1,-1,8,1,42,7,-1,-1,-1,-1,8,E01021537,0,1
2025421579130,2025,421579130,1,9,0,-1,19,3,7,-1,0,0,5,0,7,0,1,1,-1,9,1,79,11,-1,-1,-1,-1,10,E01021466,0,2
2025421579196,2025,421579196,1,1,0,-1,19,7,3,-1,0,0,5,0,0,0,3,1,-1,9,1,77,11,-1,-1,-1,-1,7,E01021993,0,1
2025421579198,2025,421579198,1,10,0,-1,19,7,3,-1,0,0,0,0,0,0,3,1,-1,6,1,67,10,-1,-1,-1,-1,2,E01033702,0,4
2025421579297,2025,421579297,1,2,0,-1,19,5,2,-1,0,0,1,0,1,1,3,1,-1,2,1,16,4,-1,-1,-1,-1,6,E01021331,0,1
2025421579417,2025,421579417,2,9,0,-1,3,2,5,-1,99,0,0,0,0,0,1,1,-1,1,1,41,7,-1,-1,-1,-1,7,E01032767,0,3
2025421579417,2025,421579417,1,9,0,-1,1,5,1,-1,99,0,0,0,0,0,2,1,-1,6,2,85,11,-1,-1,-1,-1,9,E01021804,0,1
2025421579418,2025,421579418,2,9,0,-1,19,7,3,-1,0,8,0,0,7,9,1,1,-1,9,1,19,4,-1,-1,-1,-1,6,E01022053,0,1
2025421579418,2025,421579418,1,9,0,-1,5,8,5,-1,0,8,0,0,3,9,1,1,-1,9,1,82,11,-1,-1,-1,-1,4,E01022051,0,1
2025421579431,2025,421579431,2,9,0,-1,19,1,5,-1,0,0,0,0,0,0,2,1,-1,9,2,52,8,-1,-1,-1,-1,8,E01024043,0,4
2025421579431,2025,421579431,3,9,0,-1,19,1,5,-1,0,0,0,0,0,0,2,1,-1,9,1,35,6,-1,-1,-1,-1,2,E01026596,0,5
2025421579431,2025,421579431,1,9,0,-1,19,1,5,-1,0,0,0,0,0,0,1,1,-1,6,1,-1,-1,-1,-1,-1,-1,-1,-1,0,-1
2025421579490,2025,421579490,2,1,0,-1,19,7,3,-1,9,2,0,0,0,0,3,1,-1,9,1,70,10,-1,-1,-1,-1,-1,-1,0,-1
2025421579490,2025,421579490,1,9,0,-1,9,1,5,-1,9,5,0,0,1,0,1,1,-1,9,2,71,10,-1,-1,-1,-1,7,E01015849,0,1
2025421579498,2025,421579498,2,5,0,-1,19,3,7,-1,0,8,0,0,0,0,4,1,-1,6,1,36,7,-1,-1,-1,-1,1,E01034095,0,1
2025421579498,2025,421579498,1,98,0,-1,5,1,5,-1,0,4,0,0,0,0,3,1,-1,6,1,39,7,-1,-1,-1,-1,4,E01015853,0,1
2025421579538,2025,421579538,2,9,0,-1,4,1,5,-1,0,1,0,0,0,0,2,1,-1,9,2,37,7,-1,-1,-1,-1,7,E01015881,0,2
2025421579538,2025,421579538,1,98,0,-1,4,1,5,-1,0,1,0,0,0,0,4,1,-1,1,1,36,7,-1,-1,-1,-1,1,E01034095,0,1
2025421579543,2025,421579543,1,98,0,-1,19,7,3,-1,0,2,0,0,0,0,1,1,-1,6,1,55,8,-1,-1,-1,-1,7,E01023519,0,2
2025421579590,2025,421579590,1,9,0,-1,19,7,3,-1,0,0,2,0,4,4,1,1,-1,6,1,30,6,-1,-1,-1,-1,4,E01015819,0,1
2025421579618,2025,421579618,1,9,0,-1,7,6,1,-1,0,2,0,0,7,0,1,1,-1,9,1,19,4,-1,-1,-1,-1,9,E01021724,0,1
2025421579737,2025,421579737,2,1,0,-1,19,3,1,-1,0,8,5,0,0,0,3,1,-1,1,1,34,6,-1,-1,-1,-1,3,E01021631,0,1
2025421579737,2025,421579737,1,9,0,-1,99,3,1,-1,0,8,0,0,0,0,4,1,-1,6,1,52,8,-1,-1,-1,-1,3,E01004183,0,4
2025421579801,2025,421579801,1,8,0,-1,9,5,2,-1,0,8,0,0,0,0,3,1,-1,1,1,52,8,-1,-1,-1,-1,3,E01002303,0,3
2025421579801,2025,421579801,2,3,0,-1,19,2,6,-1,0,1,0,0,0,0,1,1,-1,6,2,43,7,-1,-1,-1,-1,3,E01001489,0,3
2025421579819,2025,421579819,2,9,0,-1,19,4,8,-1,0,0,0,0,0,0,1,1,-1,9,2,42,7,-1,-1,-1,-1,8,E01022093,0,1
2025421579819,2025,421579819,5,9,0,-1,19,8,4,-1,0,0,0,0,0,0,0,1,-1,9,2,54,8,-1,-1,-1,-1,-1,-1,0,-1
2025421579819,2025,421579819,3,5,0,-1,19,8,4,-1,0,0,0,0,0,0,0,1,-1,9,1,41,7,-1,-1,-1,-1,8,E01018153,0,4
2025421579819,2025,421579819,6,19,0,-1,19,8,4,-1,0,0,0,0,0,0,0,1,-1,9,1,48,8,-1,-1,-1,-1,8,E01022092,0,1
2025421579819,2025,421579819,4,9,0,-1,19,8,4,-1,0,0,0,0,0,0,0,1,-1,9,2,33,6,-1,-1,-1,-1,9,E01022077,0,2
2025421579819,2025,421579819,1,5,0,-1,13,8,4,-1,0,0,0,0,0,0,1,1,-1,9,1,26,6,-1,-1,-1,-1,10,E01033117,0,4
2025421579844,2025,421579844,1,9,0,-1,7,8,1,-1,0,0,0,0,0,0,1,1,-1,6,1,76,11,-1,-1,-1,-1,6,E01021647,0,1
2025421579844,2025,421579844,2,1,0,-1,5,2,2,-1,0,0,0,0,0,0,0,1,-1,1,1,25,5,-1,-1,-1,-1,4,E01021706,0,1
2025421579910,2025,421579910,6,9,0,-1,2,0,0,-1,0,0,0,0,0,0,3,1,-1,6,-1,-1,-1,-1,-1,-1,-1,-1,-1,0,-1
2025421579910,2025,421579910,4,9,0,-1,2,0,0,-1,0,0,0,0,0,0,1,1,-1,6,-1,-1,-1,-1,-1,-1,-1,-1,-1,0,-1
2025421579910,2025,421579910,3,9,0,-1,2,0,0,-1,0,0,0,0,0,0,2,1,-1,6,-1,-1,-1,-1,-1,-1,-1,-1,-1,0,-1
2025421579910,2025,421579910,2,9,0,-1,2,0,0,-1,0,0,0,0,1,0,1,1,-1,6,-1,-1,-1,-1,-1,-1,-1,-1,-1,0,-1
2025421579910,2025,421579910,5,9,0,-1,19,7,3,-1,0,0,0,0,0,0,0,1,-1,1,1,32,6,-1,-1,-1,-1,5,E01021651,0,4
2025421579910,2025,421579910,1,9,0,-1,19,7,3,-1,0,0,5,0,0,0,1,1,-1,6,1,22,5,-1,-1,-1,-1,3,E01022049,0,1
2025421579984,2025,421579984,3,1,0,-1,19,7,3,-1,0,1,0,0,0,0,4,1,-1,9,1,38,7,-1,-1,-1,-1,10,E01021364,0,4
2025421579984,2025,421579984,1,9,0,-1,5,1,5,-1,0,1,0,0,0,0,1,9,-1,6,1,86,11,-1,-1,-1,-1,7,E01021656,0,1
2025421579984,2025,421579984,2,1,0,-1,3,0,0,-1,99,6,9,99,9,99,3,1,-1,6,1,51,8,-1,-1,-1,-1,6,E01021356,0,4
2025421579997,2025,421579997,1,9,0,-1,4,3,7,-1,0,4,0,0,0,0,1,1,-1,6,1,65,9,-1,-1,-1,-1,10,E01021450,0,3
2025421579997,2025,421579997,2,3,0,-1,2,0,0,-1,0,4,0,0,0,0,2,1,-1,6,1,25,5,-1,-1,-1,-1,4,E01034370,0,1
2025421580054,2025,421580054,1,9,0,-1,9,3,7,-1,0,8,0,0,0,0,3,1,-1,9,2,48,8,-1,-1,-1,-1,8,E01021708,0,1
2025421580054,2025,421580054,2,3,0,-1,19,8,4,-1,0,8,0,0,0,0,1,1,-1,9,1,32,6,-1,-1,-1,-1,7,E01021702,0,1
2025421580120,2025,421580120,1,9,0,-1,9,5,2,-1,0,8,0,0,0,0,3,1,-1,6,1,24,5,-1,-1,-1,-1,10,E01033055,0,3
2025421580120,2025,421580120,2,9,0,-1,19,3,7,-1,0,8,0,0,7,0,1,1,-1,9,1,53,8,-1,-1,-1,-1,7,E01033056,0,3
2025421580125,2025,421580125,2,8,0,-1,3,5,1,-1,0,4,0,0,0,0,2,1,-1,1,1,34,6,-1,-1,-1,-1,-1,-1,0,-1
2025421580125,2025,421580125,1,9,0,-1,19,5,1,-1,0,1,0,0,0,0,1,1,-1,9,1,20,4,-1,-1,-1,-1,-1,-1,0,-1
2025421580156,2025,421580156,1,9,0,-1,19,7,1,-1,5,0,0,0,0,0,1,1,-1,6,2,-1,-1,-1,-1,-1,-1,-1,-1,0,-1
2025421580156,2025,421580156,2,1,0,-1,19,1,3,-1,2,0,9,0,2,0,3,1,-1,6,1,22,5,-1,-1,-1,-1,3,E01021859,0,1
2025421580229,2025,421580229,2,22,0,-1,19,2,6,-1,9,1,0,0,0,0,4,1,-1,9,1,81,11,-1,-1,-1,-1,6,E01021629,0,1
2025421580229,2025,421580229,1,-1,0,-1,19,8,4,-1,9,1,0,0,0,0,1,1,-1,2,1,22,5,-1,-1,-1,-1,9,E01021564,1,1
2025421580306,2025,421580306,1,5,0,-1,19,5,1,-1,0,1,5,0,7,0,4,1,-1,9,1,30,6,-1,-1,-1,-1,2,E01021485,0,1
2025421580306,2025,421580306,2,9,0,-1,10,5,3,-1,0,1,0,0,0,0,3,1,-1,9,2,35,6,-1,-1,-1,-1,5,E01021497,0,1
2025421580331,2025,421580331,1,19,0,-1,1,7,3,-1,0,0,0,0,0,0,2,1,-1,9,1,25,5,-1,-1,-1,-1,7,E01015964,0,1
2025421580334,2025,421580334,2,9,0,-1,7,8,1,-1,0,0,5,0,1,0,1,1,-1,9,1,20,4,-1,-1,-1,-1,5,E01021550,0,1
2025421580334,2025,421580334,1,9,0,-1,19,8,4,-1,0,0,2,0,0,0,1,1,-1,9,2,44,7,-1,-1,-1,-1,3,E01021598,0,2
2025421580481,2025,421580481,1,9,0,-1,19,3,8,-1,0,8,0,0,7,11,4,1,-1,9,2,58,9,-1,-1,-1,-1,3,E01015854,0,2
2025421580481,2025,421580481,2,9,0,-1,19,6,1,-1,0,8,0,0,0,0,1,1,-1,9,2,47,8,-1,-1,-1,-1,4,E01021915,0,2
2025421580512,2025,421580512,1,9,0,-1,9,1,7,-1,0,8,0,0,0,0,1,1,-1,9,1,90,11,-1,-1,-1,-1,9,E01021951,0,1
2025421580512,2025,421580512,2,4,0,-1,19,7,3,-1,0,8,0,0,0,0,4,1,-1,9,1,18,4,-1,-1,-1,-1,-1,-1,0,-1
2025421580613,2025,421580613,1,3,0,-1,19,5,1,-1,0,1,0,4,0,0,4,1,-1,9,1,33,6,-1,-1,-1,-1,3,E01021596,0,1
2025421580676,2025,421580676,1,9,0,-1,19,1,5,-1,0,4,0,99,0,0,3,1,-1,6,2,67,10,-1,-1,-1,-1,5,E01002245,0,3
2025421580676,2025,421580676,2,1,0,-1,9,5,4,-1,0,8,5,9,0,0,4,1,-1,6,1,72,10,-1,-1,-1,-1,10,E01021250,0,1
2025421580710,2025,421580710,2,9,0,-1,4,1,5,-1,0,0,0,0,0,0,0,1,-1,9,1,30,6,-1,-1,-1,-1,3,E01002052,0,4
2025421580710,2025,421580710,1,9,0,-1,19,1,5,-1,0,0,0,0,0,0,1,1,-1,2,1,27,6,-1,-1,-1,-1,3,E01003960,0,4
2025421580725,2025,421580725,1,3,0,-1,19,7,5,-1,0,0,1,0,1,0,3,1,-1,9,1,17,4,-1,-1,-1,-1,3,E01030114,0,3
2025421580731,2025,421580731,2,1,0,-1,19,3,7,-1,9,1,1,0,0,0,1,1,-1,9,2,15,3,-1,-1,-1,-1,7,E01022088,0,1
2025421580731,2025,421580731,1,19,0,-1,19,8,4,-1,0,2,0,0,0,0,1,1,-1,2,1,29,6,-1,-1,-1,-1,10,E01033053,0,1
2025421580770,2025,421580770,1,9,0,-1,19,3,7,-1,0,0,0,0,0,0,1,1,-1,6,1,62,9,-1,-1,-1,-1,10,E01021710,0,1
2025421580832,2025,421580832,3,9,0,-1,2,7,3,-1,0,0,0,0,0,0,2,1,-1,6,1,58,9,-1,-1,-1,-1,8,E01021911,0,4
2025421580832,2025,421580832,1,9,0,-1,19,7,2,-1,0,0,0,0,0,0,1,1,-1,6,1,33,6,-1,-1,-1,-1,6,E01033126,0,4
2025421580832,2025,421580832,2,9,0,-1,4,7,2,-1,0,0,0,0,0,0,2,1,-1,6,2,49,8,-1,-1,-1,-1,9,E01021643,0,4
2025421580839,2025,421580839,2,98,0,-1,2,0,0,-1,0,0,0,0,0,0,2,1,-1,1,1,62,9,-1,-1,-1,-1,5,E01033837,0,4
2025421580839,2025,421580839,1,3,0,-1,19,7,3,-1,0,0,0,4,0,0,1,1,-1,2,1,28,6,-1,-1,-1,-1,5,E01021819,0,1
2025421580946,2025,421580946,2,9,0,-1,2,0,0,-1,9,0,0,0,1,11,3,1,-1,6,-1,-1,-1,-1,-1,-1,-1,-1,-1,0,-1
2025421580946,2025,421580946,1,9,0,-1,4,6,2,-1,9,0,5,4,1,0,1,2,-1,1,1,62,9,-1,-1,-1,-1,2,E01015879,0,3
2025421581029,2025,421581029,1,9,0,-1,5,7,4,-1,0,0,0,0,1,0,1,1,-1,6,2,66,10,-1,-1,-1,-1,2,E01022055,0,1
2025421581112,2025,421581112,2,9,0,-1,19,3,3,-1,0,0,0,0,0,0,3,1,-1,9,1,43,7,-1,-1,-1,-1,8,E01015847,0,1
2025421581112,2025,421581112,1,9,0,-1,13,7,7,-1,0,0,0,0,0,0,1,1,-1,9,1,38,7,-1,-1,-1,-1,5,E01015874,0,1
2025421581190,2025,421581190,1,9,0,-1,19,6,2,-1,0,0,0,0,0,0,4,1,-1,9,2,55,8,-1,-1,-1,-1,1,E01021998,0,1
2025421581202,2025,421581202,1,9,0,-1,4,-1,-1,-1,0,8,0,0,0,0,1,1,-1,6,1,35,6,-1,-1,-1,-1,6,E01021768,0,1
2025421581202,2025,421581202,2,9,0,-1,4,-1,-1,-1,0,8,0,0,0,0,2,1,-1,2,2,53,8,-1,-1,-1,-1,9,E01021825,0,1
2025421581216,2025,421581216,2,9,0,-1,19,4,1,-1,0,0,0,0,0,0,1,1,-1,9,2,32,6,-1,-1,-1,-1,4,E01021984,0,2
2025421581216,2025,421581216,1,9,0,-1,19,1,4,-1,0,0,0,0,0,0,1,1,-1,9,2,35,6,-1,-1,-1,-1,1,E01022045,0,1
2025421581272,2025,421581272,2,9,0,-1,3,7,3,-1,0,0,0,0,0,0,2,1,-1,2,2,30,6,-1,-1,-1,-1,4,E01021642,0,1
2025421581272,2025,421581272,1,9,0,-1,4,7,3,-1,0,0,0,0,0,0,1,1,-1,6,3,-1,-1,-1,-1,-1,-1,-1,-1,0,-1
2025421581332,2025,421581332,1,9,0,-1,9,8,6,-1,0,0,0,0,0,0,3,1,-1,6,1,34,6,-1,-1,-1,-1,6,E01021275,0,4
2025421581332,2025,421581332,2,3,0,-1,13,8,4,-1,0,0,0,0,0,0,1,1,-1,2,1,37,7,-1,-1,-1,-1,3,E01021858,0,1
2025421581571,2025,421581571,1,19,0,-1,19,5,1,-1,0,0,0,0,0,0,4,1,-1,1,2,53,8,-1,-1,-1,-1,7,E01034093,0,3
2025421581598,2025,421581598,1,19,0,-1,1,3,7,-1,99,4,0,0,0,0,2,1,-1,6,3,-1,-1,-1,-1,-1,-1,-1,-1,0,-1
2025421581598,2025,421581598,2,9,0,-1,10,3,1,-1,99,4,1,0,1,0,3,1,-1,6,2,36,7,-1,-1,-1,-1,3,E01000005,0,4
2025421581603,2025,421581603,2,9,0,-1,5,2,6,-1,0,1,0,0,0,0,1,1,-1,6,2,30,6,-1,-1,-1,-1,-1,-1,0,-1
2025421581603,2025,421581603,1,9,0,-1,19,3,7,-1,0,8,0,0,0,0,4,1,-1,6,1,17,4,-1,-1,-1,-1,-1,-1,0,-1
2025421581637,2025,421581637,2,9,0,-1,3,4,8,-1,0,4,0,0,0,0,2,1,-1,2,2,21,5,-1,-1,-1,-1,10,E01033053,0,3
2025421581637,2025,421581637,1,9,0,-1,3,2,6,-1,0,4,0,0,0,0,1,1,-1,6,3,-1,-1,-1,-1,-1,-1,-1,-1,0,-1
2025421581643,2025,421581643,3,9,0,-1,10,5,1,-1,0,1,0,0,0,0,3,1,-1,6,2,52,8,-1,-1,-1,-1,9,E01023500,0,3
2025421581643,2025,421581643,1,9,0,-1,5,5,1,-1,0,1,0,0,0,0,4,1,-1,6,1,29,6,-1,-1,-1,-1,3,E01003727,0,1
2025421581665,2025,421581665,1,9,0,-1,19,3,7,-1,0,0,0,0,0,0,0,1,-1,9,1,49,8,-1,-1,-1,-1,1,E01015887,0,1
2025421581666,2025,421581666,2,9,0,-1,-1,-1,-1,-1,-1,-1,-1,-1,-1,-1,-1,1,-1,9,2,24,5,-1,-1,-1,-1,5,E01015992,0,2
2025421581666,2025,421581666,1,1,0,-1,19,1,5,-1,0,6,0,0,0,0,1,1,-1,9,1,-1,-1,-1,-1,-1,-1,2,E01015929,0,1
2025421581749,2025,421581749,1,9,0,-1,19,3,7,-1,9,1,0,0,1,0,1,9,-1,6,3,-1,-1,-1,-1,-1,-1,-1,-1,0,-1
2025421581883,2025,421581883,1,2,0,-1,19,6,2,-1,0,0,0,0,0,0,1,1,-1,6,3,-1,-1,-1,-1,-1,-1,-1,-1,0,-1
2025421581902,2025,421581902,1,19,0,-1,-1,-1,-1,-1,-1,-1,-1,-1,-1,0,-1,9,-1,6,3,-1,-1,-1,-1,-1,-1,-1,-1,0,-1
2025421581902,2025,421581902,2,1,0,-1,-1,-1,-1,-1,-1,-1,-1,-1,-1,0,-1,1,-1,6,1,28,6,-1,-1,-1,-1,4,E01021698,0,1
2025421581907,2025,421581907,1,9,0,-1,-1,-1,-1,-1,-1,0,-1,-1,-1,0,-1,9,-1,6,1,-1,-1,-1,-1,-1,-1,6,E01021647,0,1
2025421581907,2025,421581907,2,-1,0,-1,-1,-1,-1,-1,-1,0,-1,-1,-1,0,-1,1,-1,9,1,-1,-1,-1,-1,-1,-1,-1,-1,0,-1
2025421581912,2025,421581912,1,9,0,-1,19,1,5,-1,0,0,5,9,3,1,1,1,-1,6,1,26,6,-1,-1,-1,-1,5,E01032777,0,4
2025421581933,2025,421581933,1,5,0,-1,5,1,5,-1,0,0,0,0,0,0,0,1,-1,6,1,50,8,-1,-1,-1,-1,9,E01015999,0,1
2025421581981,2025,421581981,3,9,0,-1,4,2,6,-1,0,0,0,0,0,0,2,1,-1,6,2,52,8,-1,-1,-1,-1,10,E01023694,0,4
2025421581981,2025,421581981,2,19,0,-1,4,2,6,-1,0,0,1,0,0,0,1,1,-1,1,1,52,8,-1,-1,-1,-1,3,E01000016,0,3
2025421581981,2025,421581981,4,9,0,-1,4,2,6,-1,0,0,0,0,0,0,2,1,-1,9,1,73,10,-1,-1,-1,-1,6,E01030271,0,5
2025421581981,2025,421581981,1,9,0,-1,4,2,6,-1,0,0,1,0,0,0,1,1,-1,1,2,29,6,-1,-1,-1,-1,9,E01032812,0,4
2025421582009,2025,421582009,2,9,0,-1,9,3,1,-1,0,4,0,0,0,0,1,1,-1,9,1,34,6,-1,-1,-1,-1,2,E01021270,0,1
2025421582009,2025,421582009,1,9,0,-1,19,7,3,-1,0,4,0,0,0,0,1,1,-1,6,2,86,11,-1,-1,-1,-1,9,E01021593,0,1
2025421582026,2025,421582026,1,9,0,-1,14,5,1,-1,0,0,0,0,0,0,1,1,-1,9,2,40,7,-1,-1,-1,-1,8,E01021514,0,1
2025421582054,2025,421582054,1,9,0,-1,3,1,5,-1,0,0,0,0,0,0,1,1,-1,6,2,46,8,-1,-1,-1,-1,7,E01002265,0,3
2025421582063,2025,421582063,1,9,0,-1,19,6,3,-1,0,0,5,0,8,3,1,1,-1,6,1,69,10,-1,-1,-1,-1,4,E01021892,0,2
2025421582091,2025,421582091,2,19,0,-1,2,5,1,-1,0,0,0,0,0,0,4,1,-1,1,1,34,6,-1,-1,-1,-1,2,E01021969,0,2
2025421582091,2025,421582091,1,19,0,-1,2,5,1,-1,0,0,0,0,0,0,3,1,-1,9,1,44,7,-1,-1,-1,-1,3,E01022054,0,2
2025421582137,2025,421582137,1,9,0,-1,5,1,5,-1,0,0,0,0,0,0,1,1,-1,9,1,74,10,-1,-1,-1,-1,6,E01021981,0,3
2025421582155,2025,421582155,1,9,0,-1,19,4,1,-1,0,4,0,0,3,0,1,1,-1,6,1,18,4,-1,-1,-1,-1,9,E01021390,0,2
2025421582162,2025,421582162,2,9,0,-1,4,-1,-1,-1,0,1,0,0,0,0,1,1,-1,6,2,-1,-1,-1,-1,-1,-1,-1,-1,0,-1
2025421582162,2025,421582162,1,9,0,-1,3,-1,-1,-1,0,1,0,0,0,0,2,1,-1,2,2,46,8,-1,-1,-1,-1,4,E01022033,0,1
2025421582223,2025,421582223,1,9,0,-1,19,1,5,-1,0,1,0,0,0,0,1,1,-1,1,1,24,5,-1,-1,-1,-1,1,E01021301,0,3
2025421582223,2025,421582223,2,9,0,-1,19,3,7,-1,0,8,1,0,0,0,3,1,-1,6,2,32,6,-1,-1,-1,-1,5,E01021922,0,2
2025421582243,2025,421582243,1,9,0,-1,6,6,2,-1,0,0,0,0,0,0,3,2,-1,9,1,42,7,-1,-1,-1,-1,4,E01021423,0,1
2025421582243,2025,421582243,2,5,0,-1,19,6,2,-1,0,0,0,0,0,0,1,1,-1,9,1,59,9,-1,-1,-1,-1,8,E01021347,0,2
2025421582301,2025,421582301,1,9,0,-1,19,7,2,-1,0,0,1,0,0,0,1,1,-1,2,1,27,6,-1,-1,-1,-1,10,E01021614,0,4
2025421582301,2025,421582301,2,19,0,-1,19,2,7,-1,0,0,0,0,1,0,1,1,-1,1,1,19,4,-1,-1,-1,-1,7,E01034085,0,3
2025421582354,2025,421582354,1,9,0,-1,5,1,5,-1,99,0,0,99,0,0,9,1,-1,6,3,28,6,-1,-1,-1,-1,6,E01003703,0,1
2025421582370,2025,421582370,1,9,0,-1,-1,-1,-1,-1,-1,-1,-1,-1,-1,0,-1,9,-1,6,2,34,6,-1,-1,-1,-1,8,E01002825,0,4
2025421582370,2025,421582370,2,9,0,-1,99,-1,-1,-1,0,3,0,7,9,6,4,1,-1,7,2,48,8,-1,-1,-1,-1,8,E01021337,0,1
2025421582372,2025,421582372,2,1,0,-1,9,3,7,-1,0,0,0,0,0,0,1,1,-1,9,1,13,3,-1,-1,-1,-1,2,E01015929,0,1
2025421582372,2025,421582372,1,9,0,-1,19,7,3,-1,0,0,0,0,0,0,3,1,-1,9,2,24,5,-1,-1,-1,-1,5,E01015992,0,2
2025421582389,2025,421582389,2,19,0,-1,2,0,0,-1,0,2,0,0,0,0,1,1,-1,6,-1,-1,-1,-1,-1,-1,-1,-1,-1,0,-1
2025421582389,2025,421582389,1,5,0,-1,19,8,4,-1,0,8,0,4,0,0,1,1,-1,6,1,54,8,-1,-1,-1,-1,2,E01016018,0,3
2025421582460,2025,421582460,1,9,0,-1,5,2,8,-1,0,3,0,0,0,0,1,1,-1,6,2,63,9,-1,-1,-1,-1,6,E01033064,0,1
2025421582491,2025,421582491,1,9,0,-1,3,-1,-1,-1,0,0,0,0,0,0,2,1,-1,6,1,43,7,-1,-1,-1,-1,7,E01022087,0,1
2025421582491,2025,421582491,2,9,0,-1,19,-1,-1,-1,0,0,0,0,0,0,1,1,-1,6,1,-1,-1,-1,-1,-1,-1,-1,-1,0,-1
2025421582543,2025,421582543,1,9,0,-1,7,1,3,-1,0,8,0,0,0,0,4,1,-1,9,2,28,6,-1,-1,-1,-1,10,E01022085,0,1
2025421582747,2025,421582747,1,9,0,-1,19,7,4,-1,9,0,0,0,7,0,1,1,-1,9,1,30,6,-1,-1,-1,-1,8,E01021620,0,1
2025421582860,2025,421582860,1,22,0,-1,19,7,5,-1,9,0,0,0,3,0,1,1,-1,9,1,75,10,-1,-1,-1,-1,-1,-1,0,-1