collision_index,collision_year,collision_ref_no,vehicle_reference,vehicle_type,towing_and_articulation,vehicle_manoeuvre_historic,vehicle_manoeuvre,vehicle_direction_from,vehicle_direction_to,vehicle_location_restricted_lane_historic,vehicle_location_restricted_lane,junction_location,skidding_and_overturning,hit_object_in_carriageway,vehicle_leaving_carriageway,hit_object_off_carriageway,first_point_of_impact,vehicle_left_hand_drive,journey_purpose_of_driver_historic,journey_purpose_of_driver,sex_of_driver,age_of_driver,age_band_of_driver,engine_capacity_cc,propulsion_code,age_of_vehicle,generic_make_model,driver_imd_decile,lsoa_of_driver,escooter_flag,driver_distance_banding
2025421600667,2025,421600667,3,9,0,-1,2,0,0,-1,0,0,0,0,0,0,2,1,-1,6,-1,-1,-1,-1,-1,-1,-1,-1,-1,0,-1
2025421600667,2025,421600667,2,9,0,-1,2,3,7,-1,0,0,0,0,0,0,3,1,-1,6,-1,-1,-1,-1,-1,-1,-1,-1,-1,0,-1
2025421600667,2025,421600667,1,9,0,-1,19,3,7,-1,0,0,0,0,0,0,1,1,-1,9,1,88,11,-1,-1,-1,-1,10,E01021249,0,3
2025421600749,2025,421600749,2,9,0,-1,19,7,3,-1,0,4,0,0,0,0,3,1,-1,2,2,42,7,-1,-1,-1,-1,4,E01021853,0,1
2025421600749,2025,421600749,1,9,0,-1,4,7,3,-1,0,4,0,4,0,0,4,1,-1,6,3,-1,-1,-1,-1,-1,-1,-1,-1,0,-1
2025421600799,2025,421600799,1,97,0,-1,-1,-1,-1,-1,-1,0,-1,-1,-1,0,-1,1,-1,6,1,23,5,-1,-1,-1,-1,-1,-1,0,-1
2025421600832,2025,421600832,1,9,0,-1,19,1,5,-1,0,0,0,0,0,0,1,1,-1,2,1,41,7,-1,-1,-1,-1,10,E01021728,0,1
2025421600871,2025,421600871,2,21,1,-1,3,3,7,-1,0,8,0,0,0,0,2,1,-1,1,1,41,7,-1,-1,-1,-1,4,E01021706,0,1
2025421600871,2025,421600871,1,1,0,-1,14,3,7,-1,0,8,0,0,0,0,1,1,-1,9,1,25,5,-1,-1,-1,-1,4,E01021698,0,1
2025421601097,2025,421601097,1,5,0,-1,13,6,2,-1,0,0,2,0,1,0,3,1,-1,9,1,25,5,-1,-1,-1,-1,6,E01035155,0,3
2025421601097,2025,421601097,2,19,0,-1,19,5,1,-1,0,0,0,0,0,0,0,1,-1,2,1,44,7,-1,-1,-1,-1,7,E01022088,0,1
2025421601158,2025,421601158,1,9,0,-1,19,5,1,-1,0,0,0,0,0,0,1,1,-1,2,1,61,9,-1,-1,-1,-1,4,E01021272,0,1
2025421601158,2025,421601158,2,1,0,-1,19,7,3,-1,0,0,0,0,0,0,-1,1,-1,2,1,28,6,-1,-1,-1,-1,3,E01021276,0,1
2025421601180,2025,421601180,1,9,0,-1,19,5,8,-1,0,0,2,0,8,4,1,1,-1,9,1,20,4,-1,-1,-1,-1,10,E01035555,0,4
2025421601182,2025,421601182,1,19,0,-1,19,7,2,-1,-1,0,0,0,1,0,1,1,-1,6,1,31,6,-1,-1,-1,-1,-1,-1,0,-1
2025421601226,2025,421601226,1,9,0,-1,19,1,5,-1,0,0,0,0,0,0,3,9,-1,6,3,-1,-1,-1,-1,-1,-1,-1,-1,0,-1
2025421601237,2025,421601237,2,9,0,-1,19,3,7,-1,0,0,0,0,0,0,2,1,-1,6,2,-1,-1,-1,-1,-1,-1,-1,-1,0,-1
2025421601237,2025,421601237,1,9,0,-1,19,3,7,-1,0,0,0,0,0,0,1,9,-1,6,1,-1,-1,-1,-1,-1,-1,-1,-1,0,-1
2025421601275,2025,421601275,1,-1,0,-1,-1,-1,-1,-1,-1,0,-1,-1,-1,0,-1,1,-1,6,3,-1,-1,-1,-1,-1,-1,-1,-1,0,-1
2025421601346,2025,421601346,1,19,0,-1,5,-1,-1,-1,0,6,0,0,0,0,1,1,-1,6,1,-1,-1,-1,-1,-1,-1,-1,-1,0,-1
2025421601346,2025,421601346,2,3,0,-1,99,-1,-1,-1,99,1,0,0,0,0,1,1,-1,2,1,43,7,-1,-1,-1,-1,10,E01003866,0,4
2025421601384,2025,421601384,2,1,0,-1,19,7,3,-1,4,0,0,8,0,0,0,1,-1,2,2,54,8,-1,-1,-1,-1,6,E01021676,0,1
2025421601384,2025,421601384,1,9,0,-1,2,3,7,-1,0,0,0,0,0,0,0,9,-1,6,1,45,7,-1,-1,-1,-1,-1,-1,0,-1
2025421601398,2025,421601398,1,8,0,-1,19,4,7,-1,0,1,0,0,0,0,1,1,-1,6,1,51,8,-1,-1,-1,-1,4,E01015884,0,2
2025421601398,2025,421601398,2,5,0,-1,3,4,7,-1,0,1,0,0,0,0,2,1,-1,6,1,54,8,-1,-1,-1,-1,9,E01021927,0,2
2025421601423,2025,421601423,1,9,0,-1,19,7,3,-1,0,1,0,0,0,0,1,1,-1,6,2,40,7,-1,-1,-1,-1,1,E01034096,0,1
2025421601423,2025,421601423,3,9,0,-1,4,7,3,-1,0,1,0,0,0,0,2,1,-1,6,2,36,7,-1,-1,-1,-1,6,E01015863,0,1
2025421601423,2025,421601423,2,9,0,-1,4,7,3,-1,0,1,0,0,0,0,2,1,-1,6,2,39,7,-1,-1,-1,-1,8,E01021933,0,1
2025421601423,2025,421601423,4,9,0,-1,3,7,3,-1,0,1,0,0,0,0,2,1,-1,6,2,36,7,-1,-1,-1,-1,9,E01021927,0,1
2025421601470,2025,421601470,1,9,0,-1,20,4,4,-1,0,1,0,0,0,0,1,1,-1,9,1,89,11,-1,-1,-1,-1,10,E01021483,0,2
2025421601630,2025,421601630,1,9,0,-1,4,3,7,-1,0,0,0,0,0,0,1,2,-1,1,1,30,6,-1,-1,-1,-1,6,E01021647,0,2
2025421601630,2025,421601630,2,9,0,-1,4,3,7,-1,0,0,0,0,0,0,2,2,-1,9,2,42,7,-1,-1,-1,-1,8,E01035159,0,1
2025421601650,2025,421601650,1,9,0,-1,9,7,7,-1,0,6,0,0,0,0,3,2,-1,9,2,45,7,-1,-1,-1,-1,8,E01015965,0,1
2025421601668,2025,421601668,1,9,0,-1,19,6,8,-1,0,0,0,4,0,0,1,1,-1,9,2,86,11,-1,-1,-1,-1,9,E01021619,0,1
2025421601668,2025,421601668,3,9,0,-1,2,0,0,-1,-1,0,0,0,0,0,2,1,-1,6,2,46,8,-1,-1,-1,-1,4,E01021563,0,1
2025421601668,2025,421601668,2,9,0,-1,2,0,0,-1,-1,0,0,0,0,0,2,1,-1,6,1,46,8,-1,-1,-1,-1,4,E01021563,0,1
2025421601743,2025,421601743,2,9,0,-1,-1,-1,-1,-1,-1,0,-1,-1,-1,0,-1,9,-1,6,2,17,4,-1,-1,-1,-1,5,E01021814,0,1
2025421601743,2025,421601743,1,9,0,-1,-1,-1,-1,-1,-1,0,-1,-1,-1,0,-1,9,-1,6,3,-1,-1,-1,-1,-1,-1,-1,-1,0,-1
2025421601802,2025,421601802,1,3,0,-1,13,5,1,-1,0,0,0,12,0,0,1,1,-1,2,1,32,6,-1,-1,-1,-1,4,E01021496,0,2
2025421601806,2025,421601806,1,9,0,-1,19,3,7,-1,0,0,0,0,1,4,1,1,-1,6,1,23,5,-1,-1,-1,-1,8,E01022093,0,3
2025421601856,2025,421601856,1,19,-1,-1,19,1,6,-1,0,0,0,0,0,0,4,9,-1,6,3,99,11,-1,-1,-1,-1,-1,-1,0,-1
2025421601859,2025,421601859,1,5,0,-1,9,8,5,-1,9,0,2,0,0,0,3,1,-1,6,1,42,7,-1,-1,-1,-1,7,E01035525,0,4
2025421601859,2025,421601859,2,5,0,-1,19,7,8,-1,0,0,0,0,0,0,1,1,-1,8,1,39,7,-1,-1,-1,-1,8,E01021537,0,4
2025421602004,2025,421602004,1,-1,0,-1,99,-1,-1,-1,99,9,9,99,9,99,3,1,-1,6,1,17,4,-1,-1,-1,-1,6,E01021355,1,1
2025421602049,2025,421602049,1,9,0,-1,4,-1,-1,-1,99,0,0,0,0,0,4,2,-1,7,2,52,8,-1,-1,-1,-1,1,E01021970,0,1
2025421602066,2025,421602066,1,9,0,-1,1,-1,-1,-1,99,0,0,4,0,0,2,1,-1,6,1,85,11,-1,-1,-1,-1,4,E01022018,0,1
2025421602066,2025,421602066,2,9,0,-1,3,-1,-1,-1,99,0,0,0,0,0,3,1,-1,6,2,61,9,-1,-1,-1,-1,2,E01022056,0,2
2025421602109,2025,421602109,1,9,0,-1,19,2,7,-1,9,0,0,0,1,0,1,1,-1,6,2,25,5,-1,-1,-1,-1,2,E01000076,0,3
2025421602271,2025,421602271,1,9,0,-1,9,2,5,-1,0,2,0,0,0,0,1,1,-1,6,2,29,6,-1,-1,-1,-1,1,E01021317,0,1
2025421602382,2025,421602382,1,9,0,-1,9,3,8,-1,0,1,0,0,0,0,3,1,-1,9,2,64,9,-1,-1,-1,-1,7,E01021457,0,1
2025421602382,2025,421602382,2,9,0,-1,19,7,3,-1,0,1,0,0,0,0,4,1,-1,9,2,62,9,-1,-1,-1,-1,7,E01021457,0,1
2025421602385,2025,421602385,1,9,0,-1,7,5,1,-1,0,5,0,0,0,0,4,1,-1,7,1,58,9,-1,-1,-1,-1,3,E01021641,0,1
2025421602385,2025,421602385,2,1,0,-1,19,7,3,-1,9,6,1,0,0,0,1,1,-1,7,1,16,4,-1,-1,-1,-1,3,E01021641,0,1
2025421602421,2025,421602421,2,9,0,-1,19,3,7,-1,0,3,0,0,0,0,4,1,-1,6,2,40,7,-1,-1,-1,-1,-1,-1,0,-1
2025421602421,2025,421602421,1,1,0,-1,7,3,6,-1,0,3,2,0,0,0,1,1,-1,2,1,37,7,-1,-1,-1,-1,4,E01015959,0,1
2025421602424,2025,421602424,2,1,0,-1,9,8,6,-1,0,8,0,0,0,0,1,1,-1,1,1,62,9,-1,-1,-1,-1,2,E01021700,0,1
2025421602424,2025,421602424,1,9,0,-1,5,2,6,-1,0,8,0,0,0,0,3,1,-1,1,1,27,6,-1,-1,-1,-1,4,E01021365,0,4
2025421602501,2025,421602501,2,9,0,-1,5,1,5,-1,0,0,0,0,0,0,1,1,-1,9,2,54,8,-1,-1,-1,-1,2,E01022046,0,2
2025421602501,2025,421602501,1,9,0,-1,19,5,1,-1,0,0,0,0,0,0,1,1,-1,9,2,88,11,-1,-1,-1,-1,4,E01022022,0,1
2025421602543,2025,421602543,1,9,0,-1,10,8,6,-1,0,1,0,0,0,0,4,1,-1,2,1,48,8,-1,-1,-1,-1,6,E01021571,0,1
2025421602543,2025,421602543,2,3,0,-1,14,8,3,-1,0,1,1,0,7,9,1,1,-1,6,1,17,4,-1,-1,-1,-1,6,E01021894,0,3
2025421602553,2025,421602553,1,9,0,-1,19,7,3,-1,0,0,0,0,0,0,1,1,-1,9,1,20,4,-1,-1,-1,-1,8,E01021933,0,2
2025421602553,2025,421602553,2,9,0,-1,2,0,0,-1,0,0,0,0,7,3,4,1,-1,6,-1,-1,-1,-1,-1,-1,-1,-1,-1,0,-1
2025421602553,2025,421602553,3,9,0,-1,2,0,0,-1,0,0,0,0,0,0,2,1,-1,6,-1,-1,-1,-1,-1,-1,-1,-1,-1,0,-1
2025421602585,2025,421602585,1,9,0,-1,19,5,1,-1,0,0,0,0,0,0,3,1,-1,6,1,31,6,-1,-1,-1,-1,3,E01029912,0,2
2025421602585,2025,421602585,2,19,0,-1,19,2,5,-1,0,0,0,0,0,0,3,1,-1,6,-1,-1,-1,-1,-1,-1,-1,-1,-1,0,-1
2025421602589,2025,421602589,2,5,0,-1,14,8,4,-1,0,1,2,0,0,0,1,1,-1,9,1,60,9,-1,-1,-1,-1,9,E01021643,0,1
2025421602589,2025,421602589,1,9,0,-1,5,1,4,-1,0,1,0,0,0,0,1,1,-1,9,2,44,7,-1,-1,-1,-1,7,E01021662,0,2
2025421602624,2025,421602624,2,19,0,-1,3,4,8,-1,0,0,0,0,0,0,2,1,-1,6,1,45,7,-1,-1,-1,-1,5,E01021785,0,1
2025421602624,2025,421602624,1,9,-1,-1,4,4,8,-1,0,0,0,0,0,0,1,9,-1,6,3,-1,-1,-1,-1,-1,-1,-1,-1,0,-1
2025421602648,2025,421602648,2,4,0,-1,15,2,6,-1,0,0,5,0,1,0,1,1,-1,9,1,43,7,-1,-1,-1,-1,8,E01003655,0,4
2025421602648,2025,421602648,1,19,0,-1,9,2,6,-1,0,0,0,0,0,0,4,1,-1,1,1,50,8,-1,-1,-1,-1,3,E01021823,0,4
2025421602662,2025,421602662,2,9,0,-1,2,0,0,-1,0,0,0,0,0,0,1,1,-1,1,1,40,7,-1,-1,-1,-1,8,E01021582,0,3
2025421602662,2025,421602662,1,9,0,-1,19,8,4,-1,0,0,0,2,0,0,1,1,-1,1,1,30,6,-1,-1,-1,-1,5,E01000110,0,3
2025421602756,2025,421602756,1,9,0,-1,19,7,4,-1,0,0,0,0,0,0,1,1,-1,6,1,27,6,-1,-1,-1,-1,8,E01021463,0,3
2025421602756,2025,421602756,2,21,1,-1,2,0,0,-1,0,0,0,0,0,0,2,2,-1,1,1,43,7,-1,-1,-1,-1,-1,-1,0,-1
2025421602784,2025,421602784,1,98,0,-1,7,8,2,-1,0,1,0,99,0,0,1,1,-1,6,1,61,9,-1,-1,-1,-1,2,E01003197,0,4
2025421602789,2025,421602789,1,9,0,-1,3,4,8,-1,0,6,0,0,0,0,1,1,-1,6,2,77,11,-1,-1,-1,-1,9,E01021804,0,1
2025421602789,2025,421602789,2,1,0,-1,19,4,8,-1,0,1,1,0,0,0,3,1,-1,6,1,38,7,-1,-1,-1,-1,2,E01002778,0,3
2025421602803,2025,421602803,1,9,0,-1,19,1,5,-1,0,0,1,4,0,0,1,1,-1,9,2,18,4,-1,-1,-1,-1,7,E01015977,0,1
2025421602803,2025,421602803,2,9,0,-1,2,1,1,-1,0,0,0,0,0,0,1,1,-1,6,-1,-1,-1,-1,-1,-1,-1,-1,-1,0,-1
2025421602807,2025,421602807,1,9,0,-1,4,7,3,-1,0,0,0,0,0,0,1,1,-1,9,1,30,6,-1,-1,-1,-1,6,E01017634,0,5
2025421602807,2025,421602807,2,9,0,-1,4,7,3,-1,0,0,0,0,0,0,2,1,-1,9,2,55,8,-1,-1,-1,-1,9,E01002274,0,4
2025421602807,2025,421602807,3,9,0,-1,4,7,3,-1,0,0,0,0,0,0,2,1,-1,9,1,56,9,-1,-1,-1,-1,6,E01021261,0,3
2025421602845,2025,421602845,1,9,0,-1,3,3,7,-1,0,1,0,0,0,0,1,1,-1,6,2,20,4,-1,-1,-1,-1,-1,-1,0,-1
2025421602845,2025,421602845,2,9,0,-1,3,3,7,-1,0,4,0,0,0,0,2,1,-1,6,2,20,4,-1,-1,-1,-1,9,E01000350,0,3
2025421602875,2025,421602875,1,9,0,-1,5,5,1,-1,0,2,0,0,0,0,3,1,-1,9,1,51,8,-1,-1,-1,-1,9,E01000762,0,4
2025421602875,2025,421602875,2,9,0,-1,19,3,8,-1,0,1,0,0,0,0,1,1,-1,9,1,60,9,-1,-1,-1,-1,8,E01021729,0,3
2025421602905,2025,421602905,2,9,0,-1,19,3,7,-1,0,8,0,0,0,0,4,1,-1,9,1,47,8,-1,-1,-1,-1,1,E01021990,0,4
2025421602905,2025,421602905,1,1,0,-1,19,5,1,-1,0,8,0,0,0,0,1,1,-1,9,1,12,3,-1,-1,-1,-1,1,E01021998,0,1
2025421603029,2025,421603029,2,9,0,-1,9,7,4,-1,0,4,0,0,0,0,1,1,-1,9,1,47,8,-1,-1,-1,-1,10,E01029908,0,4
2025421603029,2025,421603029,1,9,0,-1,19,5,1,-1,0,4,5,0,0,0,4,1,-1,2,1,44,7,-1,-1,-1,-1,6,E01021714,0,1
2025421603072,2025,421603072,2,19,0,-1,19,-1,-1,-1,0,0,0,0,0,0,0,2,-1,6,3,-1,-1,-1,-1,-1,-1,-1,-1,0,-1
2025421603072,2025,421603072,1,1,0,-1,4,-1,-1,-1,0,0,5,0,1,9,4,1,-1,6,1,29,6,-1,-1,-1,-1,3,E01034215,0,3
2025421603078,2025,421603078,1,9,0,-1,19,6,1,-1,9,0,0,0,7,0,1,1,-1,6,1,52,8,-1,-1,-1,-1,2,E01021312,0,1
2025421603100,2025,421603100,1,9,0,-1,19,7,3,-1,0,4,9,99,0,0,1,1,-1,6,2,50,8,-1,-1,-1,-1,8,E01015915,0,2
2025421603100,2025,421603100,2,9,0,-1,19,7,3,-1,0,4,9,0,0,0,4,1,-1,6,1,35,6,-1,-1,-1,-1,5,E01015872,0,1
2025421603150,2025,421603150,1,4,0,-1,19,5,1,-1,0,0,0,0,1,0,1,1,-1,9,1,28,6,-1,-1,-1,-1,5,E01021678,0,1
2025421603195,2025,421603195,1,3,0,-1,19,7,3,-1,0,0,0,0,1,0,1,1,-1,9,2,18,4,-1,-1,-1,-1,6,E01021879,0,2
2025421603233,2025,421603233,2,19,0,-1,4,2,6,-1,0,0,0,0,0,0,2,1,-1,2,1,27,6,-1,-1,-1,-1,2,E01022006,0,4
2025421603233,2025,421603233,1,9,0,-1,4,2,6,-1,0,0,0,0,0,0,1,1,-1,6,3,-1,-1,-1,-1,-1,-1,-1,-1,0,-1
2025421603250,2025,421603250,2,9,0,-1,19,4,8,-1,0,0,1,0,0,0,3,1,-1,9,1,34,6,-1,-1,-1,-1,6,E01003790,0,2
2025421603250,2025,421603250,1,9,0,-1,19,8,4,-1,0,0,1,0,0,0,3,1,-1,9,1,70,10,-1,-1,-1,-1,9,E01023290,0,3
2025421603250,2025,421603250,3,9,0,-1,19,4,8,-1,0,0,1,0,1,10,1,1,-1,9,1,46,8,-1,-1,-1,-1,2,E01016061,0,4
2025421603254,2025,421603254,2,9,0,-1,19,6,2,-1,0,1,0,0,0,0,3,1,-1,9,2,26,6,-1,-1,-1,-1,8,E01021740,0,4
2025421603254,2025,421603254,1,9,0,-1,9,2,8,-1,0,5,0,0,0,0,1,1,-1,9,1,42,7,-1,-1,-1,-1,1,E01022001,0,1
2025421603257,2025,421603257,1,9,0,-1,19,3,7,-1,0,0,0,0,0,0,0,1,-1,9,2,48,8,-1,-1,-1,-1,8,E01021931,0,1
2025421603619,2025,421603619,1,19,0,-1,5,1,5,-1,0,0,1,0,7,0,1,9,-1,6,3,39,7,-1,-1,-1,-1,-1,-1,0,-1
2025421603635,2025,421603635,1,9,0,-1,1,6,2,-1,9,0,0,99,0,0,2,1,-1,6,3,-1,-1,-1,-1,-1,-1,-1,-1,0,-1
2025421603635,2025,421603635,2,1,0,-1,19,6,2,-1,0,0,0,0,1,0,1,1,-1,2,1,30,6,-1,-1,-1,-1,4,E01022040,0,1
2025421603735,2025,421603735,2,9,0,-1,9,7,5,-1,0,6,0,0,0,0,3,1,-1,9,1,69,10,-1,-1,-1,-1,8,E01021708,0,1
2025421603735,2025,421603735,1,9,0,-1,15,5,1,-1,0,1,1,0,0,0,1,1,-1,9,1,23,5,-1,-1,-1,-1,7,E01033720,0,1
2025421603741,2025,421603741,2,5,0,-1,9,6,4,-1,0,5,0,0,0,0,3,1,-1,6,1,69,10,-1,-1,-1,-1,5,E01021417,0,2
2025421603741,2025,421603741,1,9,0,-1,5,4,8,-1,0,6,0,0,0,0,1,1,-1,9,2,55,8,-1,-1,-1,-1,8,E01021538,0,1
2025421603752,2025,421603752,2,4,0,-1,19,7,3,-1,0,0,2,0,0,0,4,1,-1,6,1,20,4,-1,-1,-1,-1,4,E01021956,0,2
2025421603752,2025,421603752,1,9,0,-1,12,7,3,-1,0,0,0,0,0,0,3,1,-1,6,1,54,8,-1,-1,-1,-1,7,E01002360,0,4
2025421603765,2025,421603765,2,5,0,-1,19,4,7,-1,0,0,2,0,0,0,1,1,-1,9,1,46,8,-1,-1,-1,-1,3,E01029916,0,3
2025421603765,2025,421603765,1,21,1,-1,19,7,3,-1,0,0,0,0,0,0,1,2,-1,1,1,47,8,-1,-1,-1,-1,-1,-1,0,-1
2025421603770,2025,421603770,1,4,0,-1,7,5,1,-1,0,6,2,0,0,0,1,1,-1,6,1,66,10,-1,-1,-1,-1,5,E01015874,0,1
2025421603770,2025,421603770,2,9,0,-1,19,3,8,-1,0,1,0,0,0,0,1,1,-1,6,1,21,5,-1,-1,-1,-1,2,E01015879,0,2
2025421603788,2025,421603788,1,9,0,-1,2,3,7,-1,0,6,0,0,0,0,3,1,-1,6,-1,48,8,-1,-1,-1,-1,-1,-1,0,-1
2025421603870,2025,421603870,1,19,0,-1,11,3,7,-1,5,0,0,0,0,0,4,1,-1,6,1,-1,-1,-1,-1,-1,-1,9,E01021257,0,2
2025421603870,2025,421603870,2,9,0,-1,19,3,7,-1,5,0,0,0,0,0,3,1,-1,1,2,39,7,-1,-1,-1,-1,9,E01021873,0,4
2025421603924,2025,421603924,2,21,0,-1,2,4,6,-1,0,0,0,0,0,0,1,1,-1,1,1,34,6,-1,-1,-1,-1,-1,-1,0,-1
2025421603924,2025,421603924,1,19,0,-1,19,4,6,-1,0,0,0,0,0,0,1,1,-1,1,1,42,7,-1,-1,-1,-1,4,E01016003,0,2
2025421603930,2025,421603930,1,9,0,-1,7,3,5,-1,0,3,0,99,0,0,4,1,-1,6,2,74,10,-1,-1,-1,-1,2,E01015855,0,2
2025421603930,2025,421603930,2,1,0,-1,7,3,5,-1,0,3,0,99,0,0,3,1,-1,2,1,65,9,-1,-1,-1,-1,10,E01021483,0,1
2025421604081,2025,421604081,2,3,0,-1,19,1,5,-1,0,0,0,0,0,0,1,1,-1,6,1,28,6,-1,-1,-1,-1,4,E01015862,0,1
2025421604081,2025,421604081,1,9,0,-1,3,1,5,-1,0,0,0,0,0,0,3,1,-1,6,1,59,9,-1,-1,-1,-1,5,E01015870,0,1
2025421604092,2025,421604092,1,98,0,-1,19,2,6,-1,0,0,0,0,0,0,3,9,-1,6,3,-1,-1,-1,-1,-1,-1,-1,-1,0,-1
2025421604092,2025,421604092,2,9,0,-1,19,2,6,-1,0,0,0,11,0,0,4,1,-1,6,1,38,7,-1,-1,-1,-1,7,E01021542,0,1
2025421604117,2025,421604117,1,9,0,-1,19,3,7,-1,0,8,0,0,0,0,1,1,-1,9,1,73,10,-1,-1,-1,-1,9,E01015939,0,1
2025421604145,2025,421604145,2,1,0,-1,19,5,2,-1,0,1,0,0,0,0,1,1,-1,9,1,12,3,-1,-1,-1,-1,6,E01021971,0,1
2025421604145,2025,421604145,1,9,0,-1,19,7,3,-1,0,1,0,0,0,0,1,1,-1,2,2,25,5,-1,-1,-1,-1,6,E01021971,0,1
2025421604218,2025,421604218,2,9,0,-1,4,3,3,-1,0,0,0,0,0,0,2,1,-1,1,1,25,5,-1,-1,-1,-1,8,E01021933,0,2
2025421604218,2025,421604218,1,9,0,-1,19,3,3,-1,0,0,0,0,0,0,1,1,-1,9,1,27,6,-1,-1,-1,-1,4,E01015819,0,2
2025421604220,2025,421604220,3,9,0,-1,19,3,7,-1,0,8,0,0,0,0,3,2,-1,6,2,63,9,-1,-1,-1,-1,10,E01021935,0,1
2025421604220,2025,421604220,1,9,0,-1,19,3,7,-1,0,8,1,0,0,0,1,2,-1,6,1,27,6,-1,-1,-1,-1,5,E01021942,0,1
2025421604220,2025,421604220,2,9,0,-1,19,7,3,-1,0,8,0,10,1,4,2,2,-1,6,2,36,7,-1,-1,-1,-1,10,E01021935,0,1
2025421604246,2025,421604246,1,9,0,-1,19,8,6,-1,0,8,0,0,0,0,1,1,-1,8,1,28,6,-1,-1,-1,-1,4,E01015956,0,3
2025421604246,2025,421604246,2,5,0,-1,19,2,6,-1,0,8,0,0,0,0,3,1,-1,6,1,32,6,-1,-1,-1,-1,4,E01015996,0,2
2025421604260,2025,421604260,1,9,0,-1,19,7,3,-1,0,0,0,0,0,0,1,1,-1,2,1,46,8,-1,-1,-1,-1,6,E01021491,0,4
2025421604260,2025,421604260,2,98,1,-1,4,7,3,-1,0,0,0,0,0,0,2,2,-1,1,1,30,6,-1,-1,-1,-1,-1,-1,0,-1
2025421604341,2025,421604341,1,97,0,-1,15,3,7,-1,0,1,0,0,0,0,1,1,-1,9,1,61,9,-1,-1,-1,-1,7,E01015837,0,1
2025421604341,2025,421604341,2,9,0,-1,9,5,1,-1,0,5,0,0,0,0,3,1,-1,9,2,60,9,-1,-1,-1,-1,10,E01021946,0,1
2025421604378,2025,421604378,1,9,0,-1,19,5,7,-1,0,0,0,0,0,0,1,1,-1,6,3,-1,-1,-1,-1,-1,-1,-1,-1,0,-1
2025421604398,2025,421604398,1,9,0,-1,19,3,7,-1,0,1,0,0,0,0,1,1,-1,6,2,34,6,-1,-1,-1,-1,2,E01002368,0,2
2025421604398,2025,421604398,2,9,0,-1,19,3,7,-1,0,1,0,0,0,0,3,1,-1,6,1,-1,-1,-1,-1,-1,-1,-1,-1,0,-1
2025421604438,2025,421604438,2,1,0,-1,19,1,5,-1,0,4,5,0,0,0,2,1,-1,2,1,25,5,-1,-1,-1,-1,4,E01021706,0,1
2025421604438,2025,421604438,1,19,0,-1,5,3,7,-1,0,4,0,0,0,0,1,1,-1,2,1,45,7,-1,-1,-1,-1,1,E01021696,0,1
2025421604458,2025,421604458,1,9,0,-1,19,4,8,-1,0,0,0,0,0,0,1,1,-1,6,1,49,8,-1,-1,-1,-1,9,E01021709,0,1
2025421604458,2025,421604458,2,9,0,-1,3,4,8,-1,0,0,0,0,0,0,2,1,-1,6,1,34,6,-1,-1,-1,-1,9,E01021661,0,2
2025421604559,2025,421604559,1,1,0,-1,19,7,3,-1,0,0,0,0,0,0,1,1,-1,6,1,-1,-1,-1,-1,-1,-1,-1,-1,0,-1
2025421604565,2025,421604565,1,9,0,-1,14,5,1,-1,0,1,0,0,0,0,3,1,-1,9,2,45,7,-1,-1,-1,-1,4,E01021367,0,4
2025421604688,2025,421604688,1,9,-1,-1,-1,-1,-1,-1,-1,0,-1,-1,-1,0,-1,9,-1,6,1,-1,-1,-1,-1,-1,-1,-1,-1,0,-1
2025421604704,2025,421604704,1,97,0,-1,7,5,7,-1,0,5,0,0,0,0,1,1,-1,6,1,-1,-1,-1,-1,-1,-1,-1,-1,0,-1
2025421604704,2025,421604704,2,9,0,-1,7,8,3,-1,0,8,0,0,0,0,1,1,-1,9,1,45,7,-1,-1,-1,-1,6,E01021930,0,1
2025421604732,2025,421604732,1,97,0,-1,19,2,6,-1,0,0,0,4,0,0,1,1,-1,9,1,17,4,-1,-1,-1,-1,2,E01000087,0,3
2025421604732,2025,421604732,2,9,0,-1,2,0,0,-1,0,0,0,0,0,0,2,2,-1,6,-1,-1,-1,-1,-1,-1,-1,-1,-1,0,-1
2025421604746,2025,421604746,1,1,0,-1,19,5,1,-1,9,0,0,0,0,0,1,1,-1,6,1,13,3,-1,-1,-1,-1,7,E01015837,0,1
2025421604832,2025,421604832,1,98,0,-1,19,1,5,-1,0,0,0,0,0,0,1,1,-1,1,3,-1,-1,-1,-1,-1,-1,-1,-1,0,-1
2025421604851,2025,421604851,1,22,0,-1,19,7,3,-1,9,0,0,0,0,0,1,1,-1,6,1,50,8,-1,-1,-1,-1,-1,-1,0,-1
2025421604900,2025,421604900,2,9,0,-1,7,5,6,-1,0,8,0,99,0,0,4,1,-1,6,3,50,8,-1,-1,-1,-1,-1,-1,0,-1
2025421604900,2025,421604900,1,1,0,-1,19,5,6,-1,0,8,0,99,0,0,1,1,-1,6,1,67,10,-1,-1,-1,-1,10,E01021447,0,1
2025421604904,2025,421604904,1,9,0,-1,19,1,5,-1,0,0,0,0,1,0,1,1,-1,1,1,40,7,-1,-1,-1,-1,7,E01021544,0,4
2025421604904,2025,421604904,2,9,0,-1,4,5,5,-1,0,0,0,0,0,0,0,1,-1,9,2,69,10,-1,-1,-1,-1,5,E01021388,0,4
2025421604905,2025,421604905,1,97,0,-1,19,1,5,-1,0,0,1,0,7,0,1,1,-1,6,1,60,9,-1,-1,-1,-1,8,E01021347,0,2
2025421604992,2025,421604992,2,9,0,-1,19,1,5,-1,0,0,2,0,1,11,2,1,-1,7,1,25,5,-1,-1,-1,-1,5,E01021297,0,4