collision_index,collision_year,collision_ref_no,vehicle_reference,vehicle_type,towing_and_articulation,vehicle_manoeuvre_historic,vehicle_manoeuvre,vehicle_direction_from,vehicle_direction_to,vehicle_location_restricted_lane_historic,vehicle_location_restricted_lane,junction_location,skidding_and_overturning,hit_object_in_carriageway,vehicle_leaving_carriageway,hit_object_off_carriageway,first_point_of_impact,vehicle_left_hand_drive,journey_purpose_of_driver_historic,journey_purpose_of_driver,sex_of_driver,age_of_driver,age_band_of_driver,engine_capacity_cc,propulsion_code,age_of_vehicle,generic_make_model,driver_imd_decile,lsoa_of_driver,escooter_flag,driver_distance_banding
2025421609405,2025,421609405,1,1,0,-1,-1,-1,-1,-1,-1,-1,-1,-1,-1,0,-1,1,-1,6,1,-1,-1,-1,-1,-1,-1,-1,-1,0,-1
2025421609405,2025,421609405,2,9,0,-1,-1,-1,-1,-1,-1,-1,-1,-1,-1,0,-1,9,-1,6,2,44,7,-1,-1,-1,-1,6,E01015937,0,1
2025421609465,2025,421609465,2,3,0,-1,19,7,3,-1,0,1,0,0,7,0,3,1,-1,6,1,20,4,-1,-1,-1,-1,4,E01015825,0,2
2025421609465,2025,421609465,1,9,0,-1,9,1,7,-1,0,6,0,0,0,0,0,1,-1,6,1,42,7,-1,-1,-1,-1,7,E01003646,0,4
2025421609479,2025,421609479,1,5,0,-1,19,8,3,-1,0,0,1,0,7,0,3,1,-1,9,1,70,10,-1,-1,-1,-1,6,E01021399,0,2
2025421609618,2025,421609618,2,9,0,-1,3,4,2,-1,0,0,0,0,0,0,2,2,-1,9,2,32,6,-1,-1,-1,-1,5,E01021773,0,4
2025421609618,2025,421609618,1,9,0,-1,19,4,2,-1,0,0,1,0,0,0,1,2,-1,9,1,18,4,-1,-1,-1,-1,4,E01022016,0,1
2025421609626,2025,421609626,2,9,0,-1,2,0,0,-1,0,0,0,0,0,0,3,1,-1,6,-1,-1,-1,-1,-1,-1,-1,-1,-1,0,-1
2025421609626,2025,421609626,1,-1,0,-1,19,3,7,-1,0,0,0,4,0,0,1,1,-1,6,1,12,3,-1,-1,-1,-1,6,E01021647,1,1
2025421609708,2025,421609708,1,9,0,-1,5,2,1,-1,0,4,0,0,0,0,1,1,-1,9,2,65,9,-1,-1,-1,-1,3,E01021638,0,1
2025421609708,2025,421609708,2,1,0,-1,9,5,6,-1,0,3,0,0,0,0,4,1,-1,9,1,35,6,-1,-1,-1,-1,6,E01021362,0,3
2025421609748,2025,421609748,1,9,0,-1,9,3,7,-1,0,4,0,0,0,0,1,1,-1,1,1,47,8,-1,-1,-1,-1,1,E01021988,0,1
2025421609748,2025,421609748,2,9,0,-1,9,5,7,-1,0,8,0,0,0,0,4,1,-1,9,2,40,7,-1,-1,-1,-1,3,E01021977,0,1
2025421609775,2025,421609775,2,9,0,-1,5,2,5,-1,0,8,0,0,0,0,2,1,-1,9,2,56,9,-1,-1,-1,-1,7,E01021657,0,2
2025421609775,2025,421609775,1,9,0,-1,19,2,5,-1,0,8,0,0,1,0,1,1,-1,6,1,43,7,-1,-1,-1,-1,8,E01021729,0,1
2025421609830,2025,421609830,2,1,0,-1,19,3,6,-1,0,0,0,0,0,0,3,1,-1,6,1,13,3,-1,-1,-1,-1,4,E01022041,0,1
2025421609830,2025,421609830,1,9,0,-1,19,6,3,-1,0,0,0,0,0,0,3,9,-1,6,1,60,9,-1,-1,-1,-1,4,E01022041,0,1
2025421609945,2025,421609945,1,1,0,-1,5,1,5,-1,0,8,0,0,0,0,3,1,-1,2,2,37,7,-1,-1,-1,-1,4,E01015884,0,1
2025421609945,2025,421609945,2,9,0,-1,9,5,4,-1,0,8,0,0,0,0,1,1,-1,6,1,43,7,-1,-1,-1,-1,1,E01015916,0,1
2025421610072,2025,421610072,2,9,-1,-1,3,1,3,-1,0,0,0,0,0,0,3,9,-1,9,2,41,7,-1,-1,-1,-1,6,E01021502,0,2
2025421610072,2025,421610072,1,9,-1,-1,7,7,1,-1,0,0,0,0,0,0,-1,9,-1,6,1,-1,-1,-1,-1,-1,-1,-1,-1,0,-1
2025421610322,2025,421610322,2,3,0,-1,4,7,3,-1,0,0,0,0,0,0,2,1,-1,2,1,21,5,-1,-1,-1,-1,2,E01021270,0,1
2025421610322,2025,421610322,1,3,0,-1,4,7,3,-1,0,0,1,0,0,0,1,1,-1,2,1,21,5,-1,-1,-1,-1,2,E01021286,0,1
2025421610346,2025,421610346,1,9,0,-1,5,1,5,-1,0,1,0,0,0,0,3,9,-1,6,1,27,6,-1,-1,-1,-1,6,E01032179,0,5
2025421610346,2025,421610346,2,97,-1,-1,19,7,3,-1,0,1,-1,0,0,0,1,1,-1,6,1,34,6,-1,-1,-1,-1,5,E01001512,0,4
2025421610369,2025,421610369,1,9,-1,-1,1,5,1,-1,0,1,0,0,0,0,2,9,-1,6,1,83,11,-1,-1,-1,-1,10,E01021431,0,1
2025421610465,2025,421610465,1,2,0,-1,19,3,7,-1,0,8,0,0,0,0,1,1,-1,9,1,31,6,-1,-1,-1,-1,3,E01015902,0,1
2025421610465,2025,421610465,2,9,0,-1,7,5,7,-1,0,8,0,0,0,0,3,1,-1,9,1,54,8,-1,-1,-1,-1,6,E01015816,0,1
2025421610475,2025,421610475,1,9,0,-1,19,3,7,-1,0,0,0,0,0,0,1,1,-1,6,3,-1,-1,-1,-1,-1,-1,-1,-1,0,-1
2025421610475,2025,421610475,2,9,0,-1,20,7,3,-1,0,0,0,0,0,0,1,1,-1,6,3,-1,-1,-1,-1,-1,-1,-1,-1,0,-1
2025421610719,2025,421610719,2,1,0,-1,4,-1,-1,-1,4,0,5,0,0,0,1,1,-1,2,1,49,8,-1,-1,-1,-1,9,E01021479,0,2
2025421610719,2025,421610719,1,1,-1,-1,9,-1,-1,-1,4,0,5,0,0,0,1,1,-1,6,3,-1,-1,-1,-1,-1,-1,-1,-1,0,-1
2025421611026,2025,421611026,1,97,0,-1,19,7,3,-1,0,0,0,0,0,0,1,1,-1,6,1,40,7,-1,-1,-1,-1,1,E01021271,0,1
2025421613796,2025,421613796,2,5,0,-1,4,7,3,-1,0,1,0,0,0,0,0,1,-1,1,1,39,7,-1,-1,-1,-1,7,E01021544,0,3
2025421613796,2025,421613796,1,5,0,-1,19,7,3,-1,0,1,1,0,3,0,1,1,-1,9,1,29,6,-1,-1,-1,-1,5,E01023773,0,4
2025421618276,2025,421618276,1,9,0,-1,19,3,7,-1,0,0,1,0,1,0,1,1,-1,6,1,18,4,-1,-1,-1,-1,2,E01015929,0,1
2025421623184,2025,421623184,1,9,0,-1,3,1,5,-1,0,0,0,0,0,0,1,1,-1,6,1,60,9,-1,-1,-1,-1,6,E01022052,0,2
2025421623184,2025,421623184,2,3,0,-1,3,1,5,-1,0,0,0,0,0,0,2,1,-1,2,1,18,4,-1,-1,-1,-1,8,E01021740,0,2
2025421623225,2025,421623225,2,9,0,-1,5,7,3,-1,0,1,0,0,0,0,1,1,-1,9,1,39,7,-1,-1,-1,-1,10,E01021611,0,3
2025421623225,2025,421623225,1,9,0,-1,2,7,3,-1,0,1,0,0,0,0,0,1,-1,6,1,56,9,-1,-1,-1,-1,10,E01021483,0,1
2025430000172,2025,430000172,1,9,0,18,19,7,3,0,0,0,1,0,1,4,3,1,5,6,1,17,4,-1,-1,-1,-1,10,E01023372,0,1
2025430000613,2025,430000613,1,9,0,18,19,6,2,0,0,0,1,0,1,0,-1,1,5,6,1,68,10,-1,-1,-1,-1,7,E01018023,0,5
2025430000648,2025,430000648,1,9,0,17,19,8,4,0,0,0,0,0,1,9,1,1,5,6,1,42,7,-1,-1,-1,-1,9,E01028749,0,1
2025430001115,2025,430001115,1,9,0,13,13,6,2,0,0,1,2,7,0,1,1,1,5,6,1,23,5,-1,-1,-1,-1,3,E01016381,0,2
2025430001502,2025,430001502,1,9,0,16,19,4,8,0,0,0,2,0,1,0,4,1,6,6,1,39,7,-1,-1,-1,-1,9,E01028686,0,1
2025430001911,2025,430001911,2,9,0,18,19,8,4,0,0,0,0,0,0,0,3,1,5,6,2,44,7,-1,-1,-1,-1,7,E01016277,0,1
2025430001911,2025,430001911,1,9,0,18,19,4,8,0,0,0,0,0,0,0,3,1,6,6,3,-1,-1,-1,-1,-1,-1,-1,-1,0,-1
2025430001941,2025,430001941,1,9,0,18,19,8,4,0,0,1,0,0,0,0,1,1,5,6,2,41,7,-1,-1,-1,-1,6,E01028575,0,1
2025430001941,2025,430001941,2,9,0,7,7,8,2,0,0,5,0,0,0,0,2,1,5,6,2,39,7,-1,-1,-1,-1,5,E01028538,0,1
2025430002334,2025,430002334,1,9,0,18,19,2,6,0,0,1,0,7,0,0,1,1,6,6,2,66,10,-1,-1,-1,-1,-1,-1,0,-1
2025430002585,2025,430002585,1,9,0,9,9,7,5,0,0,6,0,0,0,0,4,1,2,2,1,43,7,-1,-1,-1,-1,8,E01017788,0,2
2025430002677,2025,430002677,2,9,0,-1,1,2,6,-1,0,6,0,0,0,0,4,1,-1,6,2,-1,-1,-1,-1,-1,-1,-1,-1,0,-1
2025430002677,2025,430002677,1,1,0,-1,19,8,4,-1,0,1,0,0,0,0,1,1,-1,9,1,76,11,-1,-1,-1,-1,5,E01017805,0,1
2025430002736,2025,430002736,1,1,0,-1,15,6,2,-1,0,0,0,0,0,0,3,-1,-1,9,1,28,6,-1,-1,-1,-1,5,E01016359,0,1
2025430002736,2025,430002736,2,9,0,-1,3,6,2,-1,0,0,0,0,0,0,4,1,-1,6,3,-1,-1,-1,-1,-1,-1,-1,-1,0,-1
2025430003093,2025,430003093,1,9,0,16,19,3,7,99,99,0,0,0,0,0,1,1,2,2,2,29,6,-1,-1,-1,-1,7,E01017464,0,4
2025430003093,2025,430003093,2,9,0,1,1,3,7,99,99,0,0,0,0,0,2,1,6,6,2,32,6,-1,-1,-1,-1,-1,-1,0,-1
2025430003231,2025,430003231,1,9,0,-1,99,9,9,-1,99,8,0,0,0,0,1,1,-1,6,1,-1,-1,-1,-1,-1,-1,-1,-1,0,-1
2025430003391,2025,430003391,2,98,0,2,2,0,0,0,0,2,0,0,0,0,3,1,6,6,3,-1,-1,-1,-1,-1,-1,-1,-1,0,-1
2025430003391,2025,430003391,1,9,0,14,14,8,4,0,0,2,0,4,0,0,4,1,6,6,2,81,11,-1,-1,-1,-1,10,E01017892,0,2
2025430003608,2025,430003608,1,11,0,18,19,-1,-1,0,0,0,0,0,0,0,1,1,1,1,1,37,7,-1,-1,-1,-1,-1,-1,0,-1
2025430003852,2025,430003852,2,9,0,18,19,1,5,0,0,0,0,0,0,0,1,1,6,6,2,50,8,-1,-1,-1,-1,6,E01028762,0,2
2025430003852,2025,430003852,1,3,0,18,19,5,1,0,0,0,0,0,0,0,1,1,6,6,1,15,3,-1,-1,-1,-1,10,E01028786,0,2
2025430003905,2025,430003905,2,9,0,5,5,5,1,0,0,4,1,0,0,0,3,1,6,6,1,-1,-1,-1,-1,-1,-1,-1,-1,0,-1
2025430003905,2025,430003905,1,9,0,5,5,3,7,0,0,3,0,0,0,0,4,1,6,6,1,49,8,-1,-1,-1,-1,8,E01034451,0,1
2025430004063,2025,430004063,2,9,0,17,19,1,5,0,0,1,0,0,0,0,1,1,5,6,1,34,6,-1,-1,-1,-1,5,E01009796,0,4
2025430004063,2025,430004063,1,9,0,16,19,5,1,0,0,1,0,0,0,0,1,1,1,1,1,38,7,-1,-1,-1,-1,1,E01006607,0,5
2025430004214,2025,430004214,1,-1,0,18,19,9,9,9,9,0,0,0,0,0,1,1,6,6,2,21,5,-1,-1,-1,-1,-1,-1,1,-1
2025430004761,2025,430004761,1,9,0,18,19,7,3,0,0,1,0,0,0,0,1,1,6,6,1,84,11,-1,-1,-1,-1,10,E01028823,0,1
2025430004761,2025,430004761,2,1,0,18,19,7,3,0,0,1,0,0,1,0,3,1,5,6,1,50,8,-1,-1,-1,-1,10,E01016315,0,4
2025430004837,2025,430004837,1,9,0,7,7,5,8,0,0,6,0,0,0,0,1,1,5,6,2,84,11,-1,-1,-1,-1,10,E01016589,0,1
2025430004837,2025,430004837,2,1,0,18,19,4,8,0,0,8,0,0,0,0,4,1,5,6,1,33,6,-1,-1,-1,-1,5,E01016566,0,1
2025430004959,2025,430004959,1,9,0,18,19,7,3,0,0,0,0,0,1,9,1,1,2,2,1,56,9,-1,-1,-1,-1,9,E01016800,0,1
2025430004959,2025,430004959,2,9,0,4,4,7,3,0,0,0,0,0,1,9,2,1,6,6,1,57,9,-1,-1,-1,-1,7,E01016728,0,3
2025430004959,2025,430004959,3,9,0,4,4,7,3,0,0,0,0,0,0,0,3,1,6,6,1,40,7,-1,-1,-1,-1,10,E01016798,0,1
2025430005205,2025,430005205,1,9,0,9,9,8,5,0,0,5,0,0,0,0,3,1,2,2,2,53,8,-1,-1,-1,-1,5,E01016566,0,1
2025430005486,2025,430005486,1,9,0,18,19,3,7,0,0,0,2,0,1,4,1,1,5,6,1,35,6,-1,-1,-1,-1,5,E01002885,0,4
2025430005672,2025,430005672,1,9,0,9,9,4,1,0,0,5,0,0,0,0,1,1,5,6,2,22,5,-1,-1,-1,-1,4,E01016447,0,1
2025430005735,2025,430005735,1,9,0,18,19,2,6,0,0,6,1,0,0,0,1,1,6,6,1,50,8,-1,-1,-1,-1,10,E01028655,0,3
2025430005735,2025,430005735,2,9,0,18,19,2,6,0,0,6,1,0,0,0,2,1,6,6,1,30,6,-1,-1,-1,-1,-1,-1,0,-1
2025430005735,2025,430005735,3,9,0,18,19,8,4,0,0,1,0,0,0,0,1,1,6,6,2,25,5,-1,-1,-1,-1,9,E01035751,0,2
2025430006609,2025,430006609,1,3,0,16,19,4,8,0,0,0,0,10,1,0,4,1,6,6,1,31,6,-1,-1,-1,-1,-1,-1,0,-1
2025430007097,2025,430007097,2,9,0,16,19,2,4,0,0,0,0,0,0,0,1,1,2,2,1,33,6,-1,-1,-1,-1,10,E01026233,0,5
2025430007097,2025,430007097,1,9,0,17,19,4,2,0,0,0,0,0,1,0,1,1,2,2,2,34,6,-1,-1,-1,-1,5,E01028477,0,1
2025430007368,2025,430007368,1,19,0,7,7,6,8,0,0,5,0,0,0,0,4,1,1,1,1,23,5,-1,-1,-1,-1,4,E01001369,0,3
2025430007580,2025,430007580,1,9,0,18,19,3,7,0,0,0,0,0,1,11,4,1,1,1,1,32,6,-1,-1,-1,-1,6,E01028484,0,3
2025430008178,2025,430008178,1,1,0,5,5,4,8,0,0,2,0,0,0,0,1,1,6,6,1,25,5,-1,-1,-1,-1,-1,-1,0,-1
2025430008668,2025,430008668,2,9,0,18,19,7,3,0,0,0,0,0,0,0,1,1,6,6,2,32,6,-1,-1,-1,-1,10,E01017664,0,1
2025430008668,2025,430008668,3,98,0,14,14,3,7,0,0,0,0,0,0,0,0,1,6,6,3,-1,-1,-1,-1,-1,-1,-1,-1,0,-1
2025430008668,2025,430008668,4,98,0,2,2,0,0,0,0,0,0,0,0,0,0,1,6,6,3,-1,-1,-1,-1,-1,-1,-1,-1,0,-1
2025430008668,2025,430008668,1,9,0,3,3,7,3,0,0,0,0,0,0,0,2,1,2,2,1,30,6,-1,-1,-1,-1,8,E01017660,0,1
2025430008673,2025,430008673,1,9,0,1,1,9,9,0,0,2,0,4,0,0,2,1,6,6,2,29,6,-1,-1,-1,-1,8,E01028689,0,1
2025430008673,2025,430008673,2,9,0,2,2,0,0,0,0,2,0,0,0,0,2,1,5,6,1,32,6,-1,-1,-1,-1,9,E01035760,0,2
2025430008735,2025,430008735,2,9,0,18,19,2,6,0,0,0,0,0,0,0,1,1,6,6,1,38,7,-1,-1,-1,-1,9,E01017655,0,4
2025430008735,2025,430008735,1,9,0,4,4,2,6,0,0,0,1,0,0,0,2,1,6,6,2,55,8,-1,-1,-1,-1,8,E01028527,0,2
2025430008735,2025,430008735,3,9,0,18,19,2,6,0,0,0,0,0,0,0,1,1,6,6,2,21,5,-1,-1,-1,-1,10,E01028698,0,1
2025430008907,2025,430008907,1,9,0,18,19,6,2,0,0,6,0,0,0,0,1,1,1,1,1,77,11,-1,-1,-1,-1,9,E01016696,0,2
2025430008907,2025,430008907,2,11,0,18,19,4,8,0,0,8,0,0,0,0,4,1,1,1,1,50,8,-1,-1,-1,-1,10,E01016214,0,1
2025430009068,2025,430009068,1,9,0,18,19,1,5,0,0,4,0,0,3,1,1,1,2,2,1,39,7,-1,-1,-1,-1,10,E01035425,0,2
2025430009289,2025,430009289,2,20,0,18,19,5,1,0,0,0,0,0,0,0,1,1,6,6,1,-1,-1,-1,-1,-1,-1,-1,-1,0,-1
2025430009289,2025,430009289,1,9,0,3,3,5,1,0,0,0,0,0,0,0,2,1,3,7,2,53,8,-1,-1,-1,-1,10,E01016619,0,1
2025430009500,2025,430009500,2,11,0,13,13,5,1,0,0,0,0,0,0,0,1,1,1,1,1,26,6,-1,-1,-1,-1,-1,-1,0,-1
2025430009500,2025,430009500,1,1,0,18,19,5,1,0,0,0,0,0,0,0,2,1,6,6,1,51,8,-1,-1,-1,-1,-1,-1,0,-1
2025430009756,2025,430009756,1,9,0,18,19,8,4,0,0,0,0,4,1,11,4,1,6,6,1,47,8,-1,-1,-1,-1,-1,-1,0,-1
2025430009980,2025,430009980,1,1,0,18,19,1,5,0,0,2,0,0,0,0,3,1,2,2,1,25,5,-1,-1,-1,-1,4,E01016662,0,1
2025430009980,2025,430009980,2,9,0,9,9,5,3,0,0,5,0,0,0,0,1,1,6,6,2,-1,-1,-1,-1,-1,-1,-1,-1,0,-1
2025430010027,2025,430010027,3,9,0,4,4,-1,-1,0,0,0,0,0,0,0,2,1,6,6,2,31,6,-1,-1,-1,-1,-1,-1,0,-1
2025430010027,2025,430010027,1,9,0,4,4,-1,-1,0,0,0,0,0,0,0,1,1,6,6,1,77,11,-1,-1,-1,-1,-1,-1,0,-1
2025430010027,2025,430010027,2,9,0,4,4,-1,-1,0,0,0,0,0,0,0,2,1,6,6,1,25,5,-1,-1,-1,-1,-1,-1,0,-1
2025430010120,2025,430010120,1,9,0,18,19,8,4,0,0,8,0,0,0,0,1,1,6,6,1,-1,-1,-1,-1,-1,-1,-1,-1,0,-1
2025430010151,2025,430010151,2,9,0,18,19,3,1,0,0,8,0,0,0,0,1,1,2,2,1,31,6,-1,-1,-1,-1,5,E01028636,0,1
2025430010151,2025,430010151,1,19,0,12,12,3,1,0,0,8,0,0,0,0,2,1,6,6,2,32,6,-1,-1,-1,-1,-1,-1,0,-1
2025430010162,2025,430010162,1,9,0,16,19,6,2,0,0,0,1,0,1,4,1,1,5,6,2,20,4,-1,-1,-1,-1,10,E01017861,0,3
2025430010171,2025,430010171,1,3,0,17,19,5,2,0,0,0,1,0,0,0,0,1,5,6,1,40,7,-1,-1,-1,-1,10,E01027298,0,3
2025430010519,2025,430010519,2,9,0,18,19,5,1,0,0,6,0,0,0,0,1,1,6,6,3,-1,-1,-1,-1,-1,-1,-1,-1,0,-1
2025430010519,2025,430010519,1,1,0,18,19,7,3,0,0,8,0,0,0,0,3,1,5,6,1,63,9,-1,-1,-1,-1,7,E01016399,0,1
2025430011294,2025,430011294,1,9,0,16,19,1,4,0,0,0,0,0,0,0,1,1,1,1,2,37,7,-1,-1,-1,-1,3,E01016738,0,3
2025430011294,2025,430011294,2,9,0,17,19,4,1,0,0,0,0,0,1,9,1,1,5,6,1,69,10,-1,-1,-1,-1,7,E01017652,0,1
2025430011633,2025,430011633,1,9,0,3,3,6,2,0,0,1,0,0,0,0,2,1,2,2,1,39,7,-1,-1,-1,-1,3,E01016555,0,1
2025430011633,2025,430011633,2,9,0,18,19,6,2,0,0,1,0,0,0,0,1,1,6,6,1,-1,-1,-1,-1,-1,-1,5,E01016566,0,1
2025430011633,2025,430011633,3,9,0,3,3,6,2,0,0,1,0,0,0,0,2,1,6,6,2,-1,-1,-1,-1,-1,-1,9,E01016540,0,1
2025430012056,2025,430012056,4,9,0,18,19,1,4,0,0,7,0,0,0,0,1,1,1,1,1,42,7,-1,-1,-1,-1,-1,-1,0,-1
2025430012056,2025,430012056,2,9,0,18,19,1,4,0,0,7,0,0,0,0,2,1,1,1,1,36,7,-1,-1,-1,-1,-1,-1,0,-1
2025430012056,2025,430012056,3,9,0,18,19,1,4,0,0,7,0,0,0,0,1,1,1,1,1,45,7,-1,-1,-1,-1,-1,-1,0,-1
2025430012056,2025,430012056,1,9,0,9,9,1,8,0,0,7,0,0,0,0,3,1,5,6,1,24,5,-1,-1,-1,-1,-1,-1,0,-1
2025430012056,2025,430012056,7,21,1,18,19,8,4,0,0,8,1,0,0,0,1,1,1,1,1,-1,-1,-1,-1,-1,-1,-1,-1,0,-1
2025430012056,2025,430012056,5,9,0,18,19,1,4,0,0,7,0,0,0,0,0,1,1,1,1,-1,-1,-1,-1,-1,-1,-1,-1,0,-1
2025430012056,2025,430012056,6,9,0,18,19,1,4,0,0,7,0,0,0,0,0,1,1,1,1,-1,-1,-1,-1,-1,-1,-1,-1,0,-1
2025430012267,2025,430012267,1,9,0,4,4,7,3,0,0,1,1,0,0,0,1,1,6,6,2,27,6,-1,-1,-1,-1,-1,-1,0,-1
2025430012267,2025,430012267,2,9,0,4,4,7,3,0,0,1,0,0,0,0,2,1,6,6,2,31,6,-1,-1,-1,-1,-1,-1,0,-1
2025430012331,2025,430012331,1,19,0,18,19,3,7,0,0,3,0,0,0,0,1,1,5,6,1,80,11,-1,-1,-1,-1,9,E01028619,0,1
2025430012331,2025,430012331,2,9,0,18,19,1,5,0,0,3,0,0,0,0,1,1,2,2,1,20,4,-1,-1,-1,-1,10,E01028622,0,2
2025430012355,2025,430012355,1,9,0,17,19,2,7,0,0,0,5,10,1,9,1,1,2,2,1,49,8,-1,-1,-1,-1,8,E01015805,0,4
2025430012477,2025,430012477,1,9,0,18,19,4,8,0,0,0,0,4,0,0,1,1,6,6,2,25,5,-1,-1,-1,-1,6,E01023943,0,4
2025430012757,2025,430012757,2,9,0,18,19,3,7,0,0,0,0,0,0,0,1,1,6,6,3,-1,-1,-1,-1,-1,-1,-1,-1,0,-1
2025430012757,2025,430012757,1,9,0,18,19,3,7,0,0,0,0,0,0,0,2,1,6,6,2,22,5,-1,-1,-1,-1,5,E01016371,0,3
2025430012869,2025,430012869,2,9,0,18,19,4,8,0,0,4,0,0,0,0,1,1,6,6,2,-1,-1,-1,-1,-1,-1,-1,-1,0,-1
2025430012869,2025,430012869,1,1,0,9,9,2,8,0,0,8,0,0,0,0,4,1,2,2,2,26,6,-1,-1,-1,-1,10,E01016606,0,1
2025430012884,2025,430012884,1,4,0,18,19,7,3,0,0,0,0,0,0,0,0,1,6,6,1,20,4,-1,-1,-1,-1,-1,-1,0,-1
2025430012958,2025,430012958,2,9,0,17,19,2,7,0,0,0,1,0,1,4,3,1,6,6,1,62,9,-1,-1,-1,-1,2,E01016397,0,3
2025430012958,2025,430012958,3,9,0,16,19,7,2,0,0,0,1,0,0,0,1,1,6,6,3,44,7,-1,-1,-1,-1,10,E01016660,0,1
2025430012958,2025,430012958,1,9,0,16,19,7,2,0,0,0,1,0,0,0,1,1,6,6,2,50,8,-1,-1,-1,-1,-1,-1,0,-1
2025430012975,2025,430012975,2,9,0,4,4,2,6,0,0,0,0,0,0,0,2,1,1,1,1,51,8,-1,-1,-1,-1,-1,-1,0,-1
2025430012975,2025,430012975,1,9,0,18,19,2,6,0,0,0,0,0,0,0,1,1,1,1,1,26,6,-1,-1,-1,-1,-1,-1,0,-1
2025430013143,2025,430013143,2,9,0,17,19,7,4,0,0,0,1,0,0,0,4,1,6,6,3,-1,-1,-1,-1,-1,-1,-1,-1,0,-1
2025430013143,2025,430013143,1,9,0,18,19,4,8,0,0,0,0,0,0,0,1,1,3,7,1,53,8,-1,-1,-1,-1,8,E01017940,0,1
2025430013199,2025,430013199,1,9,0,18,19,4,8,0,0,1,0,0,0,0,4,1,2,2,2,58,9,-1,-1,-1,-1,10,E01028624,0,3
2025430013228,2025,430013228,1,1,0,18,19,8,4,0,0,2,0,0,0,0,3,1,6,6,1,15,3,-1,-1,-1,-1,6,E01016224,0,1
2025430013228,2025,430013228,2,9,0,18,19,6,2,0,0,2,0,0,0,0,1,1,6,6,3,-1,-1,-1,-1,-1,-1,-1,-1,0,-1
2025430013318,2025,430013318,2,9,0,18,19,3,7,0,0,1,0,0,0,0,1,1,6,6,1,-1,-1,-1,-1,-1,-1,-1,-1,0,-1
2025430013318,2025,430013318,1,3,0,3,3,3,7,0,0,1,0,0,0,0,2,1,1,1,1,49,8,-1,-1,-1,-1,3,E01016511,0,1
2025430013468,2025,430013468,1,11,0,18,19,4,8,0,0,0,0,0,0,0,4,1,5,6,1,30,6,-1,-1,-1,-1,2,E01001334,0,3
2025430013673,2025,430013673,1,9,0,13,13,2,6,0,0,8,0,0,1,2,1,1,6,6,1,54,8,-1,-1,-1,-1,7,E01017832,0,1
2025430013673,2025,430013673,2,9,0,9,9,2,8,0,0,5,0,0,0,0,3,1,6,6,2,38,7,-1,-1,-1,-1,10,E01017631,0,4
2025430013684,2025,430013684,1,9,0,18,19,8,4,0,0,8,0,0,0,0,4,1,6,6,1,38,7,-1,-1,-1,-1,6,E01033952,0,1
2025430013684,2025,430013684,2,9,0,18,19,2,6,0,0,6,0,0,0,0,1,1,6,6,1,23,5,-1,-1,-1,-1,9,E01009557,0,4
2025430013692,2025,430013692,1,3,0,18,19,4,8,0,0,0,0,0,0,0,3,1,5,6,1,23,5,-1,-1,-1,-1,9,E01003775,0,4
2025430014094,2025,430014094,2,19,0,2,2,0,0,0,0,1,0,0,0,0,4,1,5,6,2,26,6,-1,-1,-1,-1,6,E01028691,0,1
2025430014094,2025,430014094,1,9,0,18,19,5,1,0,0,1,0,8,0,0,4,1,5,6,1,47,8,-1,-1,-1,-1,-1,-1,0,-1
2025430014107,2025,430014107,2,9,0,18,19,8,4,0,0,8,1,0,7,0,4,1,2,2,1,58,9,-1,-1,-1,-1,9,E01033957,0,4
2025430014107,2025,430014107,1,9,0,18,19,2,6,0,0,6,0,0,0,0,1,1,6,6,1,-1,-1,-1,-1,-1,-1,-1,-1,0,-1
2025430014186,2025,430014186,1,97,0,18,19,1,5,0,0,1,1,0,0,0,4,1,1,1,1,32,6,-1,-1,-1,-1,7,E01035243,0,1
2025430014249,2025,430014249,1,3,0,18,19,3,7,0,0,0,2,0,0,0,4,1,6,6,1,34,6,-1,-1,-1,-1,8,E01028614,0,4
2025430014585,2025,430014585,2,9,0,18,19,6,2,0,0,8,0,0,0,0,1,1,5,6,2,75,10,-1,-1,-1,-1,-1,-1,0,-1
2025430014585,2025,430014585,1,9,0,18,19,8,4,0,0,4,0,10,0,0,1,1,1,1,1,27,6,-1,-1,-1,-1,4,E01031546,0,5
2025430014664,2025,430014664,2,9,0,18,19,5,1,0,0,0,0,0,1,0,3,1,5,6,2,62,9,-1,-1,-1,-1,8,E01028784,0,1
2025430014664,2025,430014664,1,9,0,18,19,1,5,0,0,0,0,0,1,0,1,1,6,6,2,32,6,-1,-1,-1,-1,10,E01028820,0,1
2025430014915,2025,430014915,1,9,0,18,19,5,1,0,0,3,0,0,0,0,1,1,6,6,1,-1,-1,-1,-1,-1,-1,-1,-1,0,-1
2025430015005,2025,430015005,1,9,0,18,19,6,2,0,0,0,0,0,0,0,1,1,2,2,2,44,7,-1,-1,-1,-1,9,E01033954,0,1
2025430015197,2025,430015197,1,9,0,18,19,4,8,0,0,1,0,0,0,0,1,1,6,6,1,65,9,-1,-1,-1,-1,2,E01016415,0,1
2025430015955,2025,430015955,2,9,0,11,11,6,2,0,0,8,0,0,0,0,4,1,6,6,2,-1,-1,-1,-1,-1,-1,-1,-1,0,-1
2025430015955,2025,430015955,1,9,0,18,19,8,4,0,0,8,0,0,0,0,3,1,5,6,1,41,7,-1,-1,-1,-1,8,E01035237,0,1