collision_index,collision_year,collision_ref_no,vehicle_reference,vehicle_type,towing_and_articulation,vehicle_manoeuvre_historic,vehicle_manoeuvre,vehicle_direction_from,vehicle_direction_to,vehicle_location_restricted_lane_historic,vehicle_location_restricted_lane,junction_location,skidding_and_overturning,hit_object_in_carriageway,vehicle_leaving_carriageway,hit_object_off_carriageway,first_point_of_impact,vehicle_left_hand_drive,journey_purpose_of_driver_historic,journey_purpose_of_driver,sex_of_driver,age_of_driver,age_band_of_driver,engine_capacity_cc,propulsion_code,age_of_vehicle,generic_make_model,driver_imd_decile,lsoa_of_driver,escooter_flag,driver_distance_banding
2025430016064,2025,430016064,1,9,0,18,19,1,3,0,0,5,0,0,0,0,4,1,5,6,1,35,6,-1,-1,-1,-1,7,E01016574,0,1
2025430016084,2025,430016084,1,9,0,9,9,2,8,0,0,5,0,0,0,0,1,1,5,6,2,43,7,-1,-1,-1,-1,9,E01017649,0,3
2025430016084,2025,430016084,2,9,0,18,19,6,2,0,0,1,0,0,0,0,1,1,5,6,1,26,6,-1,-1,-1,-1,10,E01028464,0,2
2025430016256,2025,430016256,1,9,0,18,19,2,6,0,0,0,0,0,0,0,3,1,5,6,1,59,9,-1,-1,-1,-1,4,E01016503,0,1
2025430016256,2025,430016256,2,9,0,4,4,2,6,0,0,0,0,0,0,0,2,1,6,6,1,-1,-1,-1,-1,-1,-1,-1,-1,0,-1
2025430016275,2025,430016275,1,2,0,18,19,8,4,0,0,0,1,0,0,0,1,1,6,6,1,30,6,-1,-1,-1,-1,4,E01016474,0,1
2025430016478,2025,430016478,1,9,0,18,19,7,3,0,0,0,2,0,1,4,1,1,2,2,1,46,8,-1,-1,-1,-1,7,E01001195,0,3
2025430016629,2025,430016629,2,9,0,12,12,2,5,0,0,5,0,0,0,0,3,1,6,6,2,45,7,-1,-1,-1,-1,-1,-1,0,-1
2025430016629,2025,430016629,1,9,0,18,19,2,5,0,0,3,0,0,0,0,4,1,5,6,1,50,8,-1,-1,-1,-1,10,E01016561,0,3
2025430016640,2025,430016640,1,9,0,18,19,6,2,0,0,1,0,0,0,0,1,1,6,6,1,-1,-1,-1,-1,-1,-1,-1,-1,0,-1
2025430016865,2025,430016865,1,8,0,7,7,3,5,0,0,5,0,0,0,0,4,1,1,1,1,35,6,-1,-1,-1,-1,3,E01033421,0,1
2025430016948,2025,430016948,1,9,0,18,19,7,3,0,0,8,0,0,7,4,1,1,5,6,1,19,4,-1,-1,-1,-1,7,E01016399,0,1
2025430017063,2025,430017063,1,2,0,18,19,2,6,0,0,0,0,0,0,0,4,1,5,6,1,16,4,-1,-1,-1,-1,10,E01016214,0,1
2025430017063,2025,430017063,2,9,0,18,19,6,2,0,0,0,1,0,0,0,0,1,6,6,2,-1,-1,-1,-1,-1,-1,-1,-1,0,-1
2025430017906,2025,430017906,2,1,0,18,19,7,3,5,5,1,0,0,0,0,3,1,5,6,1,54,8,-1,-1,-1,-1,-1,-1,0,-1
2025430017906,2025,430017906,1,19,0,7,7,7,1,0,0,1,0,0,0,0,4,1,6,6,1,47,8,-1,-1,-1,-1,-1,-1,0,-1
2025430018541,2025,430018541,2,1,0,18,19,4,8,0,0,8,0,0,0,0,1,1,5,6,1,25,5,-1,-1,-1,-1,10,E01028696,0,1
2025430018541,2025,430018541,1,19,0,9,9,8,6,0,0,5,0,0,0,0,1,1,1,1,1,58,9,-1,-1,-1,-1,4,E01023779,0,4
2025430018650,2025,430018650,2,1,0,17,19,5,2,0,0,1,0,0,0,0,1,1,6,6,2,80,11,-1,-1,-1,-1,10,E01028695,0,1
2025430018650,2025,430018650,1,9,0,13,13,5,1,0,0,1,0,0,0,0,4,1,2,2,1,47,8,-1,-1,-1,-1,7,E01028750,0,1
2025430019106,2025,430019106,1,9,0,5,5,1,5,0,0,0,0,0,0,0,1,1,5,6,1,84,11,-1,-1,-1,-1,8,E01017669,0,1
2025430019231,2025,430019231,2,9,0,18,19,7,3,0,0,3,0,0,0,0,3,1,5,6,1,23,5,-1,-1,-1,-1,5,E01028441,0,1
2025430019231,2025,430019231,1,9,0,11,11,7,3,0,0,3,0,0,0,0,4,1,6,6,1,47,8,-1,-1,-1,-1,-1,-1,0,-1
2025430019364,2025,430019364,1,9,0,2,2,0,0,0,0,0,0,0,0,0,1,1,5,6,2,53,8,-1,-1,-1,-1,8,E01028467,0,1
2025430019394,2025,430019394,1,9,0,18,19,2,6,0,0,8,0,0,0,0,3,1,2,2,2,58,9,-1,-1,-1,-1,6,E01016280,0,1
2025430019394,2025,430019394,2,9,0,18,19,8,4,0,0,8,0,0,0,0,1,1,5,6,2,80,11,-1,-1,-1,-1,9,E01016263,0,2
2025430019478,2025,430019478,1,5,0,18,19,2,6,0,0,0,0,0,0,0,1,1,6,6,1,58,9,-1,-1,-1,-1,6,E01031849,0,4
2025430019478,2025,430019478,2,9,0,18,19,2,6,0,0,0,0,0,0,0,2,1,1,1,1,35,6,-1,-1,-1,-1,9,E01035265,0,4
2025430019543,2025,430019543,2,9,0,18,19,6,2,0,0,8,0,0,0,0,1,1,2,2,1,30,6,-1,-1,-1,-1,7,E01023356,0,2
2025430019543,2025,430019543,1,9,0,9,9,8,6,0,0,6,0,0,0,0,3,1,5,6,1,78,11,-1,-1,-1,-1,5,E01017600,0,3
2025430019602,2025,430019602,1,9,0,9,9,5,3,0,0,1,0,0,0,0,1,1,5,6,1,45,7,-1,-1,-1,-1,5,E01002455,0,4
2025430019602,2025,430019602,2,5,0,18,19,3,7,0,0,1,1,0,0,0,3,1,5,6,1,46,8,-1,-1,-1,-1,10,E01016206,0,1
2025430019660,2025,430019660,2,9,0,4,4,5,1,0,0,0,0,0,0,0,2,1,6,6,1,37,7,-1,-1,-1,-1,6,E01016477,0,1
2025430019660,2025,430019660,1,3,0,18,19,5,1,0,0,0,0,0,0,0,1,1,1,1,1,29,6,-1,-1,-1,-1,8,E01016537,0,2
2025430019753,2025,430019753,1,9,0,18,19,2,6,0,0,0,0,0,1,5,1,1,5,6,1,27,6,-1,-1,-1,-1,5,E01016392,0,1
2025430020098,2025,430020098,1,9,0,5,5,-1,-1,0,0,3,-1,0,0,0,4,1,6,6,1,55,8,-1,-1,-1,-1,4,-1,0,5
2025430020098,2025,430020098,2,9,0,5,5,-1,-1,0,0,1,0,0,0,0,1,1,6,6,2,49,8,-1,-1,-1,-1,-1,-1,0,-1
2025430020103,2025,430020103,2,9,0,2,2,0,0,0,0,0,0,0,0,0,1,1,5,6,2,22,5,-1,-1,-1,-1,7,E01028677,0,1
2025430020103,2025,430020103,1,9,0,1,1,1,5,0,0,0,0,4,0,0,2,1,6,6,3,-1,-1,-1,-1,-1,-1,-1,-1,0,-1
2025430020199,2025,430020199,1,9,0,5,5,1,5,0,0,6,0,0,0,0,1,1,6,6,1,42,7,-1,-1,-1,-1,-1,-1,0,-1
2025430020199,2025,430020199,2,1,0,18,19,-1,-1,0,0,1,0,0,0,0,1,1,6,6,1,28,6,-1,-1,-1,-1,6,E01028700,0,1
2025430020240,2025,430020240,2,9,0,4,4,8,4,0,0,0,0,0,0,0,2,1,1,1,2,49,8,-1,-1,-1,-1,7,E01023168,0,4
2025430020240,2025,430020240,1,9,0,18,19,8,4,0,0,0,0,0,0,0,1,1,1,1,1,27,6,-1,-1,-1,-1,7,E01033854,0,2
2025430020264,2025,430020264,1,9,0,9,9,2,8,0,0,6,0,0,0,0,3,1,2,2,2,51,8,-1,-1,-1,-1,10,E01016701,0,1
2025430020264,2025,430020264,2,5,0,18,19,8,4,0,0,8,0,0,0,0,1,1,2,2,1,41,7,-1,-1,-1,-1,4,E01016662,0,1
2025430020649,2025,430020649,2,1,0,18,19,4,8,0,0,8,0,0,0,0,1,1,5,6,1,71,10,-1,-1,-1,-1,10,E01017937,0,1
2025430020649,2025,430020649,1,9,0,9,9,7,4,0,0,6,0,0,0,0,1,1,1,1,1,35,6,-1,-1,-1,-1,10,E01017786,0,1
2025430021046,2025,430021046,1,1,0,18,19,4,8,9,9,0,0,0,0,0,1,1,6,6,1,-1,-1,-1,-1,-1,-1,-1,-1,0,-1
2025430021090,2025,430021090,2,9,0,14,14,4,8,0,0,0,0,0,0,0,4,1,6,6,3,-1,-1,-1,-1,-1,-1,-1,-1,0,-1
2025430021090,2025,430021090,1,1,0,18,19,4,8,0,0,0,0,0,0,0,3,1,2,2,1,60,9,-1,-1,-1,-1,10,E01016639,0,1
2025430021278,2025,430021278,1,1,0,18,19,5,1,0,0,1,0,0,0,0,1,1,6,6,1,21,5,-1,-1,-1,-1,-1,-1,0,-1
2025430021586,2025,430021586,1,9,0,9,9,2,8,0,0,6,0,0,0,0,1,1,6,6,1,45,7,-1,-1,-1,-1,5,E01016215,0,1
2025430021586,2025,430021586,2,9,0,18,19,4,8,0,0,1,0,0,0,0,3,1,6,6,2,38,7,-1,-1,-1,-1,3,E01035241,0,1
2025430021586,2025,430021586,3,9,0,7,7,8,2,0,0,5,0,0,0,0,3,1,6,6,1,34,6,-1,-1,-1,-1,5,E01016215,0,1
2025430021602,2025,430021602,1,9,0,18,19,7,3,0,0,0,0,0,1,0,1,1,6,6,1,-1,-1,-1,-1,-1,-1,-1,-1,0,-1
2025430021602,2025,430021602,2,9,0,3,3,7,3,0,0,0,0,0,0,0,2,1,6,6,1,32,6,-1,-1,-1,-1,4,E01014496,0,5
2025430021615,2025,430021615,1,9,0,10,10,-1,-1,0,0,8,0,0,0,0,-1,1,6,6,1,21,5,-1,-1,-1,-1,5,E01033522,0,2
2025430021615,2025,430021615,2,9,0,18,19,-1,-1,0,0,4,-1,0,0,0,1,1,6,6,1,-1,-1,-1,-1,-1,-1,-1,-1,0,-1
2025430021678,2025,430021678,2,8,0,1,1,5,1,0,0,1,0,0,0,0,2,1,6,6,2,-1,-1,-1,-1,-1,-1,-1,-1,0,-1
2025430021678,2025,430021678,1,9,0,18,19,1,5,0,0,1,0,0,0,0,1,1,2,2,2,31,6,-1,-1,-1,-1,1,E01016368,0,1
2025430022063,2025,430022063,2,1,0,4,4,5,1,0,0,4,0,0,0,0,2,1,6,6,1,32,6,-1,-1,-1,-1,-1,-1,0,-1
2025430022063,2025,430022063,1,9,0,5,5,5,1,0,0,4,0,0,0,0,1,1,3,7,1,50,8,-1,-1,-1,-1,10,E01028824,0,2
2025430022213,2025,430022213,2,1,0,18,19,3,7,0,0,8,0,0,0,0,1,1,2,2,1,30,6,-1,-1,-1,-1,3,E01016555,0,1
2025430022213,2025,430022213,1,9,0,9,9,5,3,0,0,4,0,0,0,0,3,1,2,2,2,43,7,-1,-1,-1,-1,4,E01016485,0,2
2025430022271,2025,430022271,1,9,0,18,19,4,8,8,6,0,0,0,0,0,1,1,1,1,2,43,7,-1,-1,-1,-1,10,E01023423,0,1
2025430022271,2025,430022271,2,9,0,18,19,4,8,0,0,0,0,0,0,0,1,1,6,6,2,56,9,-1,-1,-1,-1,10,E01017701,0,2
2025430022569,2025,430022569,2,1,0,3,3,7,3,0,0,2,0,0,0,0,1,1,2,2,1,42,7,-1,-1,-1,-1,9,E01028595,0,1
2025430022569,2025,430022569,1,9,0,1,1,7,3,0,0,2,0,0,0,0,2,1,6,6,2,47,8,-1,-1,-1,-1,-1,-1,0,-1
2025430022632,2025,430022632,2,9,0,18,19,3,6,0,0,4,0,0,0,0,1,1,6,6,1,-1,-1,-1,-1,-1,-1,7,E01023080,0,4
2025430022632,2025,430022632,1,9,0,18,19,1,5,0,0,8,0,0,0,0,4,1,2,2,2,43,7,-1,-1,-1,-1,10,E01016187,0,1
2025430022649,2025,430022649,2,3,0,13,13,2,6,0,0,8,0,0,0,0,1,1,1,1,1,41,7,-1,-1,-1,-1,9,E01016323,0,1
2025430022649,2025,430022649,1,9,0,9,9,2,7,0,0,5,0,0,0,0,3,1,5,6,2,53,8,-1,-1,-1,-1,8,E01016300,0,2
2025430023105,2025,430023105,2,9,0,18,19,2,6,0,0,0,0,0,0,0,1,1,2,2,2,48,8,-1,-1,-1,-1,5,E01016768,0,1
2025430023105,2025,430023105,1,9,0,3,3,2,6,0,0,0,0,0,0,0,2,1,1,1,1,59,9,-1,-1,-1,-1,2,E01034453,0,2
2025430023119,2025,430023119,2,9,0,18,19,5,1,0,0,8,0,0,0,0,1,1,6,6,3,-1,-1,-1,-1,-1,-1,-1,-1,0,-1
2025430023119,2025,430023119,1,9,0,18,19,5,1,0,0,8,0,0,0,0,2,1,2,2,1,38,7,-1,-1,-1,-1,-1,-1,0,-1
2025430023194,2025,430023194,1,9,0,18,19,2,6,0,0,6,0,0,1,11,4,1,1,1,1,33,6,-1,-1,-1,-1,7,E01033854,0,2
2025430023194,2025,430023194,2,9,0,18,19,4,8,0,0,8,0,0,0,0,1,1,2,2,2,37,7,-1,-1,-1,-1,6,E01016362,0,4
2025430023298,2025,430023298,1,9,0,18,19,2,6,0,0,1,0,0,0,0,1,1,6,6,1,-1,-1,-1,-1,-1,-1,1,E01016368,0,1
2025430023298,2025,430023298,2,9,0,3,3,2,6,0,0,1,0,0,0,0,2,1,6,6,1,63,9,-1,-1,-1,-1,7,E01016402,0,1
2025430023828,2025,430023828,3,1,0,18,19,2,6,4,4,0,0,0,0,0,1,1,5,6,1,20,4,-1,-1,-1,-1,6,E01030598,0,4
2025430023828,2025,430023828,4,1,0,18,19,2,6,4,4,0,0,0,0,0,1,1,5,6,2,20,4,-1,-1,-1,-1,2,E01034453,0,4
2025430023828,2025,430023828,1,-1,0,18,19,6,2,4,4,0,0,0,0,0,0,1,6,6,3,-1,-1,-1,-1,-1,-1,-1,-1,1,-1
2025430023828,2025,430023828,2,-1,0,18,19,6,2,4,4,0,0,0,0,0,1,1,6,6,3,-1,-1,-1,-1,-1,-1,-1,-1,1,-1
2025430023835,2025,430023835,1,1,0,18,19,1,5,4,4,8,0,0,0,0,2,1,4,7,1,16,4,-1,-1,-1,-1,6,E01016477,0,1
2025430023835,2025,430023835,2,9,0,7,7,1,3,0,0,5,0,0,0,0,1,1,6,6,2,-1,-1,-1,-1,-1,-1,-1,-1,0,-1
2025430023976,2025,430023976,1,9,0,18,19,4,8,0,0,8,1,9,3,0,1,1,1,1,1,19,4,-1,-1,-1,-1,8,E01033191,0,1
2025430023986,2025,430023986,2,9,0,18,19,8,4,0,0,8,0,0,0,0,1,1,6,6,1,52,8,-1,-1,-1,-1,6,E01016477,0,1
2025430023986,2025,430023986,1,9,0,9,9,4,2,0,0,5,0,0,0,0,4,1,2,2,1,22,5,-1,-1,-1,-1,5,E01023838,0,3
2025430024036,2025,430024036,1,9,0,18,19,4,8,0,0,4,0,0,0,0,1,1,2,2,1,57,9,-1,-1,-1,-1,6,E01017634,0,1
2025430024036,2025,430024036,2,11,0,4,4,4,8,0,0,4,0,0,0,0,2,1,1,1,1,58,9,-1,-1,-1,-1,8,E01017721,0,1
2025430024108,2025,430024108,1,9,0,17,19,5,2,0,0,0,0,0,1,4,4,1,5,6,1,68,10,-1,-1,-1,-1,9,E01016247,0,2
2025430024400,2025,430024400,1,9,0,18,19,5,1,0,0,3,0,0,0,0,1,1,2,2,2,52,8,-1,-1,-1,-1,8,E01016609,0,2
2025430024400,2025,430024400,2,19,0,4,4,5,1,0,0,3,1,0,0,0,2,1,6,6,1,-1,-1,-1,-1,-1,-1,-1,-1,0,-1
2025430025244,2025,430025244,1,9,0,18,19,3,7,0,0,0,0,0,0,0,4,1,5,6,1,43,7,-1,-1,-1,-1,5,E01028430,0,1
2025430025287,2025,430025287,1,9,0,18,19,3,7,0,0,1,0,0,0,0,4,1,6,6,3,-1,-1,-1,-1,-1,-1,-1,-1,0,-1
2025430025302,2025,430025302,1,9,0,18,19,4,8,0,0,0,0,0,0,0,1,1,5,6,2,49,8,-1,-1,-1,-1,1,E01016441,0,4
2025430025576,2025,430025576,1,9,0,18,19,7,3,0,0,1,0,0,0,0,1,1,5,6,2,35,6,-1,-1,-1,-1,10,E01016627,0,1
2025430025594,2025,430025594,2,1,0,18,19,4,8,0,0,8,0,0,0,0,1,1,6,6,1,-1,-1,-1,-1,-1,-1,-1,-1,0,-1
2025430025594,2025,430025594,1,9,0,9,9,8,6,0,0,5,0,0,0,0,4,1,5,6,2,65,9,-1,-1,-1,-1,5,E01016460,0,1
2025430025846,2025,430025846,1,19,0,18,19,2,6,0,0,6,0,0,0,0,0,1,5,6,1,-1,-1,-1,-1,-1,-1,-1,-1,0,-1
2025430025848,2025,430025848,1,9,0,3,3,3,7,0,0,1,0,0,0,0,2,1,1,1,2,54,8,-1,-1,-1,-1,10,E01016653,0,3
2025430025848,2025,430025848,2,9,0,18,19,3,7,0,0,1,0,0,0,0,1,1,6,6,1,-1,-1,-1,-1,-1,-1,5,E01016241,0,1
2025430026348,2025,430026348,1,9,0,18,19,2,6,0,0,1,0,0,0,0,1,1,6,6,3,-1,-1,-1,-1,-1,-1,-1,-1,0,-1
2025430026348,2025,430026348,2,9,0,3,3,2,6,0,0,1,0,0,0,0,2,1,6,6,1,63,9,-1,-1,-1,-1,7,E01016402,0,1
2025430026429,2025,430026429,2,1,0,18,19,8,4,2,2,0,0,0,0,0,1,1,1,1,1,20,4,-1,-1,-1,-1,4,E01016360,0,1
2025430026429,2025,430026429,1,9,0,7,7,8,2,0,0,0,0,0,0,0,4,1,2,2,2,48,8,-1,-1,-1,-1,-1,-1,0,-1
2025430026467,2025,430026467,2,19,0,9,9,6,4,0,0,5,0,0,7,9,3,1,1,1,1,40,7,-1,-1,-1,-1,5,E01023806,0,4
2025430026467,2025,430026467,1,19,0,13,13,6,2,0,0,1,0,0,1,9,1,1,1,1,1,30,6,-1,-1,-1,-1,5,E01009590,0,4
2025430026519,2025,430026519,2,21,0,18,19,2,6,0,0,1,0,0,0,0,1,1,1,1,1,61,9,-1,-1,-1,-1,10,E01035754,0,2
2025430026519,2025,430026519,1,11,0,18,19,6,2,0,0,1,0,0,0,0,1,1,1,1,1,-1,-1,-1,-1,-1,-1,4,E01028529,0,2
2025430026726,2025,430026726,1,10,0,9,9,5,1,0,0,1,3,0,0,0,4,1,5,6,2,29,6,-1,-1,-1,-1,1,E01026625,0,5
2025430026726,2025,430026726,2,9,0,18,19,1,5,0,0,1,0,0,0,0,1,1,5,6,2,80,11,-1,-1,-1,-1,5,E01016809,0,1
2025430026834,2025,430026834,1,9,0,9,9,1,6,0,0,6,0,0,0,0,1,1,6,6,1,-1,-1,-1,-1,-1,-1,4,E01016829,0,4
2025430027108,2025,430027108,1,9,0,18,19,8,4,0,0,1,0,0,0,0,1,1,6,6,1,-1,-1,-1,-1,-1,-1,-1,-1,0,-1
2025430027108,2025,430027108,2,1,0,18,19,6,2,0,0,1,0,0,0,0,4,1,4,7,1,14,3,-1,-1,-1,-1,4,E01016519,0,1
2025430027747,2025,430027747,1,1,0,18,19,5,1,0,0,8,0,0,0,0,4,1,5,6,1,14,3,-1,-1,-1,-1,4,E01016715,0,1
2025430027747,2025,430027747,2,9,0,18,19,7,3,0,0,3,0,0,0,0,1,1,6,6,1,48,8,-1,-1,-1,-1,-1,-1,0,-1
2025430028340,2025,430028340,1,9,0,9,9,3,1,0,0,5,0,0,0,0,1,1,1,1,1,51,8,-1,-1,-1,-1,10,E01022559,0,1
2025430028340,2025,430028340,2,5,0,18,19,7,3,0,0,8,0,0,0,0,1,1,6,6,1,44,7,-1,-1,-1,-1,8,E01022472,0,1
2025430028347,2025,430028347,1,9,0,7,7,8,1,0,0,4,0,0,0,0,1,1,2,2,2,25,5,-1,-1,-1,-1,-1,-1,0,-1
2025430028347,2025,430028347,2,1,0,18,19,5,1,0,0,8,0,0,0,0,2,1,6,6,1,40,7,-1,-1,-1,-1,10,E01016343,0,1
2025430028643,2025,430028643,1,9,0,3,3,6,2,0,0,0,0,0,0,0,2,1,5,6,2,46,8,-1,-1,-1,-1,-1,-1,0,-1
2025430028643,2025,430028643,2,19,0,18,19,6,2,0,0,0,0,0,0,0,1,1,6,6,3,-1,-1,-1,-1,-1,-1,-1,-1,0,-1
2025430029239,2025,430029239,1,1,0,17,19,5,3,0,0,2,0,0,1,0,4,1,5,6,1,65,9,-1,-1,-1,-1,10,E01016565,0,1
2025430029411,2025,430029411,1,9,0,18,19,8,4,0,0,8,0,0,0,0,4,1,6,6,1,36,7,-1,-1,-1,-1,4,E01017723,0,1
2025430029444,2025,430029444,1,9,0,-1,3,4,8,-1,0,0,0,0,0,0,2,1,-1,9,2,34,6,-1,-1,-1,-1,10,E01016182,0,2
2025430029444,2025,430029444,2,9,0,-1,19,4,8,-1,0,0,0,0,0,0,1,1,-1,6,1,-1,-1,-1,-1,-1,-1,-1,-1,0,-1
2025430029564,2025,430029564,2,9,0,12,12,3,7,0,0,0,0,0,0,0,3,1,6,6,2,30,6,-1,-1,-1,-1,-1,-1,0,-1
2025430029564,2025,430029564,1,9,0,18,19,3,7,0,0,0,0,0,0,0,4,1,5,6,2,22,5,-1,-1,-1,-1,6,E01020493,0,5
2025430030136,2025,430030136,2,90,0,18,19,7,3,0,0,0,0,0,0,0,3,1,2,2,1,29,6,-1,-1,-1,-1,5,E01002520,0,1
2025430030136,2025,430030136,1,3,0,13,13,7,3,0,0,0,0,0,0,0,4,1,2,2,1,23,5,-1,-1,-1,-1,8,E01017813,0,1
2025430030214,2025,430030214,1,9,0,18,19,6,2,0,0,1,0,0,0,0,0,1,2,2,2,52,8,-1,-1,-1,-1,10,E01016707,0,3
2025430030301,2025,430030301,1,9,0,2,2,-1,-1,99,99,9,0,0,0,0,3,1,6,6,1,40,7,-1,-1,-1,-1,5,E01033522,0,1
2025430030301,2025,430030301,2,9,0,18,19,6,2,99,99,9,0,0,0,0,4,1,6,6,1,-1,-1,-1,-1,-1,-1,-1,-1,0,-1
2025430030508,2025,430030508,1,9,0,9,9,5,3,0,0,6,0,0,0,0,1,1,6,6,2,-1,-1,-1,-1,-1,-1,-1,-1,0,-1
2025430030749,2025,430030749,2,9,0,9,9,2,1,0,0,6,0,0,0,0,3,1,6,6,1,-1,-1,-1,-1,-1,-1,5,E01035568,0,4
2025430030749,2025,430030749,1,5,0,18,19,1,5,0,0,8,0,0,0,0,1,1,5,6,1,21,5,-1,-1,-1,-1,5,E01016483,0,1
2025430031538,2025,430031538,2,9,0,18,19,6,2,0,0,8,0,0,0,0,1,1,6,6,2,34,6,-1,-1,-1,-1,9,E01017825,0,1
2025430031538,2025,430031538,1,9,0,9,9,2,8,0,0,5,0,0,0,0,1,1,6,6,2,37,7,-1,-1,-1,-1,7,E01017834,0,1
2025430031599,2025,430031599,2,19,0,9,9,1,7,0,0,0,0,0,0,0,3,1,6,6,1,61,9,-1,-1,-1,-1,9,E01028702,0,1
2025430031599,2025,430031599,1,9,0,13,13,1,5,0,0,0,2,0,0,0,1,1,1,1,1,39,7,-1,-1,-1,-1,7,E01028725,0,3
2025430031642,2025,430031642,2,1,0,18,19,2,6,0,0,8,0,0,0,0,4,1,6,6,1,16,4,-1,-1,-1,-1,4,E01016356,0,1
2025430031642,2025,430031642,1,9,0,9,9,5,2,0,0,6,0,0,0,0,1,1,2,2,1,33,6,-1,-1,-1,-1,4,E01016271,0,1
2025430031677,2025,430031677,1,9,0,18,19,5,1,0,0,0,0,0,0,0,1,1,6,6,2,30,6,-1,-1,-1,-1,9,E01032713,0,3
2025430031677,2025,430031677,2,9,0,18,19,1,5,0,0,0,0,0,1,9,1,1,2,2,1,39,7,-1,-1,-1,-1,7,E01033841,0,3
2025430031689,2025,430031689,2,9,0,5,5,5,7,0,0,4,0,0,0,0,1,1,6,6,1,47,8,-1,-1,-1,-1,-1,-1,0,-1
2025430031689,2025,430031689,1,9,0,10,10,5,7,0,0,4,0,0,0,0,2,1,6,6,1,45,7,-1,-1,-1,-1,9,E01033833,0,3
2025430032058,2025,430032058,1,-1,0,18,19,2,6,0,0,1,0,0,0,0,4,1,6,6,2,18,4,-1,-1,-1,-1,2,E01016450,1,1
2025430032058,2025,430032058,2,9,0,18,19,4,8,0,0,1,0,0,0,0,1,1,6,6,3,-1,-1,-1,-1,-1,-1,-1,-1,0,-1
2025430032064,2025,430032064,1,9,0,3,3,8,4,0,0,1,0,0,0,0,2,1,5,6,2,41,7,-1,-1,-1,-1,7,E01016340,0,1
2025430032064,2025,430032064,2,19,0,18,19,8,4,0,0,1,0,0,0,0,1,1,6,6,1,-1,-1,-1,-1,-1,-1,-1,-1,0,-1
2025430032421,2025,430032421,1,9,0,18,19,7,3,0,0,2,0,10,0,0,1,1,2,2,2,21,5,-1,-1,-1,-1,8,E01017836,0,1
2025430032421,2025,430032421,2,21,0,18,19,3,7,0,0,1,0,0,0,0,1,1,1,1,1,-1,-1,-1,-1,-1,-1,-1,-1,0,-1
2025430032498,2025,430032498,2,21,4,12,12,1,5,8,6,0,0,0,0,0,3,1,1,1,1,50,8,-1,-1,-1,-1,-1,-1,0,-1
2025430032498,2025,430032498,1,9,0,18,19,1,5,0,0,0,0,0,0,0,4,1,5,6,1,24,5,-1,-1,-1,-1,10,E01016259,0,4
2025430032905,2025,430032905,1,9,0,18,19,6,2,0,0,0,0,0,0,0,4,1,6,6,3,-1,-1,-1,-1,-1,-1,-1,-1,0,-1
2025430033062,2025,430033062,1,9,0,3,3,1,5,0,0,4,0,0,0,0,2,1,6,6,1,36,7,-1,-1,-1,-1,8,E01034446,0,2
2025430033062,2025,430033062,2,9,0,18,19,1,5,0,0,4,0,0,0,0,1,1,6,6,1,31,6,-1,-1,-1,-1,-1,-1,0,-1
2025430033689,2025,430033689,1,9,0,9,9,4,1,0,0,5,0,0,0,0,1,1,6,6,1,85,11,-1,-1,-1,-1,6,E01017878,0,1
2025430033689,2025,430033689,2,9,0,18,19,7,4,0,0,8,0,0,0,0,1,1,6,6,1,49,8,-1,-1,-1,-1,8,E01017855,0,1
2025430033725,2025,430033725,1,9,0,18,19,2,6,0,0,3,0,0,0,0,1,1,6,6,3,-1,-1,-1,-1,-1,-1,-1,-1,0,-1
2025430033960,2025,430033960,1,9,0,16,19,5,8,0,0,8,1,0,1,4,1,1,5,6,1,19,4,-1,-1,-1,-1,-1,-1,0,-1
2025430034346,2025,430034346,2,9,0,4,4,8,4,0,0,0,0,0,0,0,1,1,2,2,2,60,9,-1,-1,-1,-1,4,E01017708,0,1
2025430034346,2025,430034346,1,9,0,12,12,8,4,0,0,0,0,0,0,0,1,1,2,2,2,30,6,-1,-1,-1,-1,5,E01017706,0,1
2025430034883,2025,430034883,3,9,0,3,3,3,7,0,0,0,0,0,0,0,2,1,6,6,1,-1,-1,-1,-1,-1,-1,-1,-1,0,-1
2025430034883,2025,430034883,2,9,0,18,19,3,7,0,0,0,0,0,0,0,1,1,6,6,2,-1,-1,-1,-1,-1,-1,-1,-1,0,-1
2025430034883,2025,430034883,1,9,0,3,3,3,7,0,0,0,0,0,0,0,2,1,5,6,2,34,6,-1,-1,-1,-1,6,E01017934,0,2
2025430035191,2025,430035191,1,9,0,9,9,5,3,0,0,4,0,0,0,0,4,1,1,1,1,61,9,-1,-1,-1,-1,7,E01027219,0,4
2025430035191,2025,430035191,2,1,0,18,19,3,7,0,0,8,0,0,0,0,2,1,2,2,1,37,7,-1,-1,-1,-1,3,E01017665,0,1
2025430035385,2025,430035385,1,9,0,18,19,4,8,0,0,1,0,0,0,0,1,1,5,6,2,22,5,-1,-1,-1,-1,4,E01031203,0,5
2025430035607,2025,430035607,1,9,0,12,12,6,2,0,0,0,0,0,0,0,0,1,6,6,3,-1,-1,-1,-1,-1,-1,-1,-1,0,-1
2025430035607,2025,430035607,2,9,0,18,19,6,2,0,0,0,5,0,1,0,3,1,5,6,1,31,6,-1,-1,-1,-1,-1,-1,0,-1