collision_index,collision_year,collision_ref_no,vehicle_reference,vehicle_type,towing_and_articulation,vehicle_manoeuvre_historic,vehicle_manoeuvre,vehicle_direction_from,vehicle_direction_to,vehicle_location_restricted_lane_historic,vehicle_location_restricted_lane,junction_location,skidding_and_overturning,hit_object_in_carriageway,vehicle_leaving_carriageway,hit_object_off_carriageway,first_point_of_impact,vehicle_left_hand_drive,journey_purpose_of_driver_historic,journey_purpose_of_driver,sex_of_driver,age_of_driver,age_band_of_driver,engine_capacity_cc,propulsion_code,age_of_vehicle,generic_make_model,driver_imd_decile,lsoa_of_driver,escooter_flag,driver_distance_banding
2025430035607,2025,430035607,3,9,0,18,19,6,2,0,0,0,1,0,0,0,4,1,2,2,1,29,6,-1,-1,-1,-1,-1,-1,0,-1
2025430035672,2025,430035672,1,9,0,16,19,3,7,0,0,0,0,0,0,11,1,1,5,6,2,74,10,-1,-1,-1,-1,9,E01028793,0,1
2025430035859,2025,430035859,1,1,0,9,9,4,2,0,0,5,0,0,0,0,1,1,6,6,1,20,4,-1,-1,-1,-1,6,E01031449,0,5
2025430035859,2025,430035859,2,9,0,18,19,8,4,0,0,8,0,0,0,0,1,1,6,6,1,32,6,-1,-1,-1,-1,9,E01028584,0,1
2025430036186,2025,430036186,2,9,0,18,19,6,2,0,0,6,0,0,0,0,1,1,3,7,2,46,8,-1,-1,-1,-1,-1,-1,0,-1
2025430036186,2025,430036186,1,1,0,18,19,4,8,0,0,8,0,0,0,0,4,1,5,6,2,55,8,-1,-1,-1,-1,7,E01016402,0,1
2025430036192,2025,430036192,1,9,0,3,3,7,2,0,0,1,0,0,0,0,2,1,5,6,1,47,8,-1,-1,-1,-1,9,E01017719,0,1
2025430036192,2025,430036192,2,9,0,18,19,7,2,0,0,1,0,0,0,0,1,1,6,6,1,30,6,-1,-1,-1,-1,3,E01002764,0,4
2025430036280,2025,430036280,3,9,0,18,19,4,8,0,0,0,0,0,0,0,2,1,2,2,1,40,7,-1,-1,-1,-1,9,E01016407,0,2
2025430036280,2025,430036280,2,9,0,18,19,4,8,0,0,0,0,0,0,0,1,1,1,1,1,40,7,-1,-1,-1,-1,9,E01017833,0,4
2025430036280,2025,430036280,4,9,0,18,19,4,8,0,0,0,0,0,0,0,1,1,2,2,1,-1,-1,-1,-1,-1,-1,-1,-1,0,-1
2025430036280,2025,430036280,5,9,0,18,19,4,8,0,0,0,0,0,0,0,1,1,6,6,1,-1,-1,-1,-1,-1,-1,-1,-1,0,-1
2025430036280,2025,430036280,1,9,0,4,4,4,8,0,0,0,0,0,0,0,2,1,2,2,2,-1,-1,-1,-1,-1,-1,-1,-1,0,-1
2025430037651,2025,430037651,2,9,0,10,10,2,8,0,0,2,0,0,0,0,4,1,1,1,2,58,9,-1,-1,-1,-1,4,E01028447,0,1
2025430037651,2025,430037651,1,9,0,18,19,2,6,0,0,2,0,0,0,0,3,1,6,6,1,62,9,-1,-1,-1,-1,-1,-1,0,-1
2025430037768,2025,430037768,1,9,0,18,19,1,5,0,0,4,0,9,3,0,1,1,2,2,1,67,10,-1,-1,-1,-1,3,E01002408,0,3
2025430038287,2025,430038287,1,9,0,18,19,6,2,0,0,0,0,0,0,0,1,1,2,2,2,49,8,-1,-1,-1,-1,9,E01028650,0,2
2025430038287,2025,430038287,2,9,0,18,19,2,6,0,0,0,0,0,0,0,1,1,2,2,1,32,6,-1,-1,-1,-1,10,E01022537,0,3
2025430038782,2025,430038782,1,19,0,4,4,1,5,0,0,0,0,0,0,0,2,1,1,1,1,41,7,-1,-1,-1,-1,9,E01023500,0,4
2025430038782,2025,430038782,2,19,0,18,19,5,1,0,0,0,0,0,0,0,1,1,6,6,1,60,9,-1,-1,-1,-1,-1,-1,0,-1
2025430039049,2025,430039049,1,9,0,18,19,7,3,0,0,0,0,4,0,0,1,1,5,6,2,32,6,-1,-1,-1,-1,7,E01028521,0,1
2025430039049,2025,430039049,2,19,0,2,2,0,0,0,0,0,0,0,0,0,1,1,5,6,1,53,8,-1,-1,-1,-1,9,E01028743,0,2
2025430039114,2025,430039114,2,1,0,18,19,7,3,5,5,1,0,0,0,0,1,1,2,2,1,29,6,-1,-1,-1,-1,9,E01028708,0,1
2025430039114,2025,430039114,1,9,0,7,7,7,1,0,0,5,0,0,0,0,4,1,5,6,1,21,5,-1,-1,-1,-1,-1,-1,0,-1
2025430039170,2025,430039170,2,5,0,18,19,3,7,0,0,1,0,0,0,0,1,1,6,6,1,26,6,-1,-1,-1,-1,8,E01028623,0,1
2025430039170,2025,430039170,1,9,0,9,9,3,7,0,0,1,0,0,0,0,3,1,6,6,1,40,7,-1,-1,-1,-1,9,E01035750,0,1
2025430039210,2025,430039210,1,9,0,18,19,3,7,0,0,0,0,0,0,0,1,1,6,6,1,30,6,-1,-1,-1,-1,-1,-1,0,-1
2025430039395,2025,430039395,1,9,0,7,7,6,1,0,0,6,0,0,0,0,3,1,6,6,1,-1,-1,-1,-1,-1,-1,-1,-1,0,-1
2025430039395,2025,430039395,2,1,0,18,19,1,4,0,0,1,0,0,0,0,1,1,6,6,1,42,7,-1,-1,-1,-1,3,E01017665,0,1
2025430039508,2025,430039508,1,9,0,9,9,1,7,0,0,2,0,0,0,0,1,1,1,1,1,74,10,-1,-1,-1,-1,8,E01027304,0,4
2025430039522,2025,430039522,1,9,0,14,14,7,3,0,0,2,0,0,0,0,1,1,6,6,1,-1,-1,-1,-1,-1,-1,-1,-1,0,-1
2025430040221,2025,430040221,1,9,0,18,19,1,5,0,0,2,0,0,0,0,1,1,6,6,1,-1,-1,-1,-1,-1,-1,-1,-1,0,-1
2025430040225,2025,430040225,2,1,0,18,19,6,2,4,4,1,0,0,0,0,1,1,5,6,2,18,4,-1,-1,-1,-1,10,E01028540,0,1
2025430040225,2025,430040225,1,9,0,7,7,6,8,0,0,5,0,0,0,0,4,1,5,6,1,47,8,-1,-1,-1,-1,-1,-1,0,-1
2025430040262,2025,430040262,1,9,0,7,7,5,7,0,0,4,2,0,0,0,3,1,5,6,1,18,4,-1,-1,-1,-1,10,E01028655,0,2
2025430040482,2025,430040482,3,9,0,17,19,2,7,0,0,0,0,0,0,0,0,1,6,6,3,-1,-1,-1,-1,-1,-1,-1,-1,0,-1
2025430040482,2025,430040482,1,9,0,16,19,7,2,0,0,0,0,0,0,0,2,1,5,6,1,26,6,-1,-1,-1,-1,5,E01016580,0,4
2025430040482,2025,430040482,2,9,0,16,19,7,2,0,0,0,0,0,0,0,1,1,6,6,2,30,6,-1,-1,-1,-1,-1,-1,0,-1
2025430040537,2025,430040537,3,9,0,18,19,1,0,0,0,0,0,0,0,0,1,1,6,6,2,21,5,-1,-1,-1,-1,3,E01016465,0,1
2025430040537,2025,430040537,1,9,0,18,19,3,7,0,0,0,0,0,0,0,3,1,6,6,2,71,10,-1,-1,-1,-1,4,E01002551,0,2
2025430040537,2025,430040537,2,9,0,18,19,1,0,0,0,0,0,0,0,0,1,1,6,6,1,53,8,-1,-1,-1,-1,10,E01016586,0,2
2025430040561,2025,430040561,1,9,0,18,19,1,5,0,0,0,0,0,0,0,4,1,5,6,1,20,4,-1,-1,-1,-1,9,E01028659,0,1
2025430040561,2025,430040561,2,1,0,2,2,0,0,0,0,0,0,0,0,0,3,1,5,6,2,37,7,-1,-1,-1,-1,10,E01016424,0,1
2025430040830,2025,430040830,1,1,0,18,19,2,6,0,0,1,0,10,0,0,4,1,2,2,1,35,6,-1,-1,-1,-1,6,E01016223,0,1
2025430040830,2025,430040830,2,9,0,13,13,2,6,0,0,1,0,0,0,0,0,1,6,6,2,-1,-1,-1,-1,-1,-1,-1,-1,0,-1
2025430041152,2025,430041152,1,21,0,5,5,2,6,0,0,0,0,0,0,0,0,1,5,6,1,28,6,-1,-1,-1,-1,6,E01002628,0,3
2025430041202,2025,430041202,2,9,0,18,19,1,5,0,0,0,0,0,0,0,2,1,6,6,2,24,5,-1,-1,-1,-1,9,E01023318,0,4
2025430041202,2025,430041202,1,9,0,18,19,1,5,0,0,0,0,0,0,0,1,1,6,6,1,45,7,-1,-1,-1,-1,3,E01002519,0,4
2025430041578,2025,430041578,2,9,0,18,19,7,3,0,0,4,0,0,0,0,1,1,6,6,1,75,10,-1,-1,-1,-1,-1,-1,0,-1
2025430041578,2025,430041578,1,1,0,9,9,5,3,0,0,8,0,0,0,0,4,1,5,6,1,52,8,-1,-1,-1,-1,9,E01017637,0,1
2025430041846,2025,430041846,2,9,0,9,9,5,3,0,0,8,0,0,0,0,4,1,6,6,2,43,7,-1,-1,-1,-1,5,E01016419,0,1
2025430041846,2025,430041846,1,9,0,18,19,7,3,0,0,4,0,0,0,0,0,1,6,6,1,36,7,-1,-1,-1,-1,3,E01016363,0,1
2025430041848,2025,430041848,1,9,0,18,19,5,1,0,0,0,2,0,6,0,1,1,6,6,1,55,8,-1,-1,-1,-1,-1,-1,0,-1
2025430041848,2025,430041848,2,9,0,18,19,1,5,0,0,0,1,0,4,0,1,1,6,6,1,57,9,-1,-1,-1,-1,-1,-1,0,-1
2025430042032,2025,430042032,2,9,0,18,19,6,2,0,0,0,0,0,0,0,1,1,6,6,1,22,5,-1,-1,-1,-1,7,E01016309,0,2
2025430042032,2025,430042032,1,19,0,3,3,6,2,0,0,0,0,0,0,0,2,1,5,6,1,43,7,-1,-1,-1,-1,5,E01016419,0,1
2025430042054,2025,430042054,1,9,0,18,19,2,6,0,0,4,0,0,0,0,1,1,6,6,1,90,11,-1,-1,-1,-1,-1,-1,0,-1
2025430042054,2025,430042054,2,9,0,9,9,8,6,0,0,8,0,0,0,0,4,1,1,1,1,40,7,-1,-1,-1,-1,-1,-1,0,-1
2025430042081,2025,430042081,1,9,0,18,19,1,5,0,0,0,2,10,1,11,3,1,5,6,1,53,8,-1,-1,-1,-1,7,E01028496,0,4
2025430042333,2025,430042333,1,9,0,17,19,4,8,0,0,0,0,0,7,10,1,1,5,6,2,32,6,-1,-1,-1,-1,3,E01022134,0,4
2025430042780,2025,430042780,2,9,0,18,19,5,1,0,0,0,0,0,1,0,1,1,2,2,2,-1,-1,-1,-1,-1,-1,10,E01028573,0,3
2025430042780,2025,430042780,1,9,0,18,19,1,5,0,0,0,0,0,0,0,1,1,6,6,1,32,6,-1,-1,-1,-1,-1,-1,0,-1
2025430042796,2025,430042796,2,3,0,18,19,4,8,0,0,8,1,0,0,0,1,1,6,6,1,28,6,-1,-1,-1,-1,7,E01017893,0,2
2025430042796,2025,430042796,1,9,0,9,9,8,6,0,0,4,0,0,0,0,4,1,6,6,1,35,6,-1,-1,-1,-1,3,E01016454,0,1
2025430043045,2025,430043045,1,9,0,3,3,5,1,0,0,1,0,0,0,0,1,1,6,6,2,80,11,-1,-1,-1,-1,-1,-1,0,-1
2025430043083,2025,430043083,1,9,0,12,12,3,7,0,0,0,1,0,5,6,3,1,6,6,1,30,6,-1,-1,-1,-1,2,W01001049,0,5
2025430043148,2025,430043148,2,23,0,18,19,7,3,0,0,8,0,0,0,0,4,1,6,6,1,13,3,-1,-1,-1,-1,-1,-1,0,-1
2025430043148,2025,430043148,1,9,0,18,19,1,5,0,0,8,0,0,0,0,1,1,6,6,1,41,7,-1,-1,-1,-1,5,E01016841,0,1
2025430043343,2025,430043343,1,9,0,18,19,-1,-1,0,0,0,1,0,7,4,1,1,6,6,3,-1,-1,-1,-1,-1,-1,-1,-1,0,-1
2025430043510,2025,430043510,1,9,0,9,9,2,8,0,0,5,0,0,0,0,1,1,6,6,2,32,6,-1,-1,-1,-1,5,E01016357,0,1
2025430043707,2025,430043707,2,-1,0,18,19,2,6,0,0,0,0,0,0,0,1,1,6,6,1,51,8,-1,-1,-1,-1,9,E01016544,1,1
2025430043707,2025,430043707,1,9,0,18,19,2,6,0,0,0,0,0,0,0,4,1,6,6,1,-1,-1,-1,-1,-1,-1,-1,-1,0,-1
2025430043893,2025,430043893,2,9,0,18,19,2,6,0,0,0,0,0,0,0,2,1,2,2,2,41,7,-1,-1,-1,-1,6,E01017687,0,1
2025430043893,2025,430043893,1,9,0,18,19,2,6,0,0,0,0,0,0,0,1,1,2,2,1,68,10,-1,-1,-1,-1,7,E01017668,0,1
2025430043893,2025,430043893,3,9,0,18,19,2,6,0,0,0,0,0,0,0,2,1,6,6,3,-1,-1,-1,-1,-1,-1,-1,-1,0,-1
2025430043907,2025,430043907,1,22,0,18,19,1,5,0,0,0,0,0,0,0,1,1,5,6,1,35,6,-1,-1,-1,-1,3,E01017654,0,1
2025430043907,2025,430043907,2,9,0,18,19,3,7,0,0,0,0,0,0,0,1,1,6,6,3,-1,-1,-1,-1,-1,-1,-1,-1,0,-1
2025430044004,2025,430044004,1,9,0,16,19,4,7,0,0,0,0,0,1,9,1,1,2,2,1,22,5,-1,-1,-1,-1,7,E01016328,0,1
2025430044102,2025,430044102,1,9,0,18,19,5,1,0,0,1,0,0,0,0,1,1,6,6,1,-1,-1,-1,-1,-1,-1,-1,-1,0,-1
2025430044219,2025,430044219,1,9,0,18,19,3,7,0,0,0,0,0,0,0,1,1,6,6,1,60,9,-1,-1,-1,-1,-1,-1,0,-1
2025430044465,2025,430044465,1,-1,0,18,19,6,2,9,9,0,0,0,0,0,1,1,6,6,1,13,3,-1,-1,-1,-1,-1,-1,1,-1
2025430044477,2025,430044477,2,9,0,7,7,1,3,0,0,6,0,0,0,0,1,1,6,6,2,-1,-1,-1,-1,-1,-1,-1,-1,0,-1
2025430044477,2025,430044477,1,1,0,18,19,7,3,0,0,8,0,0,0,0,4,1,2,2,1,25,5,-1,-1,-1,-1,5,E01016460,0,1
2025430045209,2025,430045209,2,9,0,9,9,8,6,0,0,5,1,7,0,0,4,1,5,6,2,18,4,-1,-1,-1,-1,10,E01016702,0,1
2025430045209,2025,430045209,1,9,0,18,19,4,8,0,0,8,0,0,0,0,1,1,5,6,2,77,11,-1,-1,-1,-1,4,E01022450,0,5
2025430045812,2025,430045812,2,9,0,18,19,1,5,0,0,1,0,0,0,0,1,1,6,6,1,-1,-1,-1,-1,-1,-1,-1,-1,0,-1
2025430045812,2025,430045812,1,9,0,8,8,1,4,0,0,1,0,0,0,0,2,1,5,6,2,65,9,-1,-1,-1,-1,9,E01028659,0,2
2025430045867,2025,430045867,2,9,0,18,19,4,8,0,0,4,0,0,0,0,1,1,6,6,1,-1,-1,-1,-1,-1,-1,-1,-1,0,-1
2025430045867,2025,430045867,1,9,0,5,5,4,1,0,0,4,0,0,0,0,2,1,5,6,2,48,8,-1,-1,-1,-1,4,E01002490,0,3
2025430045950,2025,430045950,2,9,0,18,19,5,1,0,0,1,0,0,0,0,1,1,6,6,2,55,8,-1,-1,-1,-1,9,E01016678,0,1
2025430045950,2025,430045950,1,9,0,18,19,1,5,0,0,2,0,0,0,0,1,1,6,6,2,53,8,-1,-1,-1,-1,10,E01016694,0,1
2025430046019,2025,430046019,1,9,0,18,19,8,4,0,0,1,0,0,0,0,1,1,5,6,1,43,7,-1,-1,-1,-1,4,E01016485,0,1
2025430046251,2025,430046251,2,9,0,9,9,2,8,0,0,8,0,0,0,0,4,1,6,6,1,38,7,-1,-1,-1,-1,7,E01028570,0,1
2025430046251,2025,430046251,1,3,0,18,19,6,2,0,0,8,0,0,0,0,1,1,6,6,1,26,6,-1,-1,-1,-1,4,E01000559,0,4
2025430046871,2025,430046871,2,9,0,18,19,6,2,0,0,8,0,0,0,0,1,1,5,6,2,30,6,-1,-1,-1,-1,7,E01033958,0,2
2025430046871,2025,430046871,1,9,0,18,19,4,8,0,0,6,0,0,0,0,4,1,1,1,1,35,6,-1,-1,-1,-1,-1,-1,0,-1
2025430046977,2025,430046977,1,9,0,9,9,1,7,0,0,4,0,0,0,0,1,1,6,6,1,78,11,-1,-1,-1,-1,10,E01023814,0,2
2025430046977,2025,430046977,2,1,0,18,19,7,3,0,0,8,0,0,0,0,4,1,6,6,1,68,10,-1,-1,-1,-1,9,E01017775,0,1
2025430047385,2025,430047385,1,1,0,18,19,3,7,0,0,8,0,0,0,0,4,1,5,6,1,61,9,-1,-1,-1,-1,4,E01035248,0,1
2025430047713,2025,430047713,3,9,0,18,19,1,5,0,0,0,0,0,0,0,2,1,6,6,1,59,9,-1,-1,-1,-1,8,E01030669,0,2
2025430047713,2025,430047713,1,9,0,18,19,1,5,0,0,0,0,10,4,6,1,1,6,6,1,67,10,-1,-1,-1,-1,3,E01016555,0,1
2025430047713,2025,430047713,2,9,0,18,19,1,5,0,0,0,0,0,0,0,2,1,6,6,2,38,7,-1,-1,-1,-1,9,E01016181,0,2
2025430047850,2025,430047850,2,1,0,7,7,1,3,0,0,6,0,0,0,0,1,1,2,2,2,29,6,-1,-1,-1,-1,6,E01028551,0,1
2025430047850,2025,430047850,1,9,0,9,9,3,1,0,0,5,0,0,0,0,1,1,2,2,2,22,5,-1,-1,-1,-1,6,E01028551,0,1
2025430048062,2025,430048062,1,9,0,18,19,2,6,0,0,1,0,0,0,0,3,1,6,6,1,-1,-1,-1,-1,-1,-1,-1,-1,0,-1
2025430048062,2025,430048062,2,-1,0,18,19,8,4,0,0,6,0,0,0,0,1,1,5,6,1,17,4,-1,-1,-1,-1,7,E01016825,1,1
2025430048077,2025,430048077,1,9,0,5,5,7,3,0,0,4,0,0,0,0,1,1,5,6,1,33,6,-1,-1,-1,-1,9,E01035749,0,1
2025430048077,2025,430048077,2,9,0,9,9,5,3,0,0,8,0,0,0,0,4,1,5,6,2,28,6,-1,-1,-1,-1,5,E01028635,0,1
2025430048098,2025,430048098,1,-1,0,18,19,1,4,0,0,1,0,0,0,0,0,1,5,6,1,34,6,-1,-1,-1,-1,2,E01017707,1,1
2025430048192,2025,430048192,1,19,0,18,19,7,3,0,0,0,0,0,0,0,4,1,6,6,3,-1,-1,-1,-1,-1,-1,-1,-1,0,-1
2025430048518,2025,430048518,1,9,0,18,19,5,1,0,0,0,1,0,1,10,1,1,6,6,1,19,4,-1,-1,-1,-1,8,E01032190,0,5
2025430048781,2025,430048781,2,21,0,18,19,4,8,0,0,1,0,0,0,0,1,1,1,1,1,32,6,-1,-1,-1,-1,6,E01016737,0,1
2025430048781,2025,430048781,1,9,0,9,9,4,6,0,0,5,0,0,1,0,4,1,6,6,2,39,7,-1,-1,-1,-1,6,E01016737,0,1
2025430048940,2025,430048940,1,9,0,18,19,8,3,0,0,6,0,0,0,0,1,1,5,6,1,51,8,-1,-1,-1,-1,10,E01017866,0,2
2025430048940,2025,430048940,2,19,0,18,19,2,6,0,0,8,0,0,0,0,1,1,1,1,1,62,9,-1,-1,-1,-1,10,E01017862,0,3
2025430049129,2025,430049129,2,9,0,18,19,5,1,0,0,4,0,0,0,0,1,1,6,6,1,45,7,-1,-1,-1,-1,-1,-1,0,-1
2025430049129,2025,430049129,1,3,0,3,3,5,1,0,0,4,0,0,0,0,2,1,2,2,1,37,7,-1,-1,-1,-1,5,E01017903,0,1
2025430049306,2025,430049306,2,1,0,18,19,7,3,4,4,1,0,0,0,0,4,1,4,7,1,-1,-1,-1,-1,-1,-1,-1,-1,0,-1
2025430049306,2025,430049306,1,9,0,18,19,1,5,0,0,6,0,0,0,0,1,1,6,6,2,47,8,-1,-1,-1,-1,-1,-1,0,-1
2025430049645,2025,430049645,1,19,0,18,19,5,1,0,0,0,0,0,0,0,4,1,1,1,1,63,9,-1,-1,-1,-1,8,E01016250,0,1
2025430049876,2025,430049876,2,9,0,18,19,1,4,0,0,0,0,0,0,0,3,1,6,6,1,54,8,-1,-1,-1,-1,9,E01027294,0,2
2025430049876,2025,430049876,1,9,0,18,19,4,1,0,0,0,0,0,0,0,3,1,5,6,1,84,11,-1,-1,-1,-1,8,E01016759,0,1
2025430050077,2025,430050077,2,9,0,4,4,1,5,0,0,1,0,0,0,0,0,1,5,6,2,43,7,-1,-1,-1,-1,9,E01028672,0,1
2025430050077,2025,430050077,1,9,0,18,19,1,5,0,0,1,0,0,0,0,1,1,6,6,2,47,8,-1,-1,-1,-1,-1,-1,0,-1
2025430050087,2025,430050087,1,9,0,16,19,3,5,0,0,3,0,0,0,0,3,1,6,6,1,56,9,-1,-1,-1,-1,9,E01033506,0,2
2025430050087,2025,430050087,2,9,0,11,11,1,5,0,0,3,0,0,0,0,4,1,6,6,1,62,9,-1,-1,-1,-1,-1,-1,0,-1
2025430050123,2025,430050123,2,9,0,9,9,2,8,0,0,6,0,0,0,0,1,1,6,6,2,30,6,-1,-1,-1,-1,3,E01017709,0,1
2025430050123,2025,430050123,1,9,0,18,19,4,8,0,0,8,0,0,0,0,3,1,2,2,2,47,8,-1,-1,-1,-1,7,E01023366,0,3
2025430050498,2025,430050498,1,9,0,3,3,5,1,0,0,1,0,0,0,0,2,1,6,6,1,66,10,-1,-1,-1,-1,5,E01015762,0,4
2025430050498,2025,430050498,2,9,0,18,19,5,1,0,0,1,-1,0,0,0,1,1,6,6,1,20,4,-1,-1,-1,-1,-1,-1,0,-1
2025430050615,2025,430050615,2,4,0,18,19,5,1,0,0,8,0,0,0,0,1,1,1,1,1,30,6,-1,-1,-1,-1,9,E01017843,0,1
2025430050615,2025,430050615,1,9,0,18,19,7,3,0,0,6,0,0,0,0,1,1,1,1,2,54,8,-1,-1,-1,-1,6,E01017911,0,1
2025430051188,2025,430051188,1,9,0,18,19,6,2,0,0,8,0,0,0,0,4,1,6,6,3,-1,-1,-1,-1,-1,-1,-1,-1,0,-1
2025430051230,2025,430051230,1,9,0,18,19,4,8,0,0,8,0,0,0,0,4,1,5,6,2,48,8,-1,-1,-1,-1,10,E01016628,0,1
2025430051230,2025,430051230,2,9,0,9,9,6,4,0,0,6,0,0,0,0,1,1,6,6,3,-1,-1,-1,-1,-1,-1,-1,-1,0,-1
2025430051264,2025,430051264,2,9,0,18,19,3,7,0,0,1,0,0,0,0,1,1,6,6,2,-1,-1,-1,-1,-1,-1,-1,-1,0,-1
2025430051264,2025,430051264,1,9,0,3,3,3,7,0,0,1,0,0,0,0,2,1,3,7,2,47,8,-1,-1,-1,-1,10,E01035235,0,1
2025430051277,2025,430051277,2,9,0,18,19,3,7,0,0,1,0,0,0,0,1,1,6,6,1,44,7,-1,-1,-1,-1,10,E01035262,0,2
2025430051277,2025,430051277,1,9,0,3,3,3,7,0,0,1,0,0,0,0,2,1,2,2,2,31,6,-1,-1,-1,-1,10,E01016630,0,1
2025430051335,2025,430051335,1,1,0,18,19,8,4,0,0,8,0,0,0,0,4,1,2,2,1,33,6,-1,-1,-1,-1,9,E01016547,0,1
2025430051335,2025,430051335,2,9,0,18,19,2,6,0,0,4,0,0,0,0,1,1,6,6,2,-1,-1,-1,-1,-1,-1,-1,-1,0,-1
2025430051346,2025,430051346,1,1,0,16,19,1,5,0,0,8,0,0,0,0,4,1,6,6,1,53,8,-1,-1,-1,-1,5,E01027192,0,4
2025430051346,2025,430051346,2,9,0,-1,-1,3,7,0,0,4,0,0,0,0,-1,1,6,6,1,47,8,-1,-1,-1,-1,3,E01016834,0,1
2025430051674,2025,430051674,2,9,0,18,19,5,1,0,0,0,0,0,0,0,3,1,6,6,2,51,8,-1,-1,-1,-1,8,E01017688,0,1
2025430051674,2025,430051674,1,9,0,18,19,1,5,0,0,0,0,0,0,0,3,1,6,6,1,52,8,-1,-1,-1,-1,-1,-1,0,-1
2025430051807,2025,430051807,1,9,0,9,9,7,5,0,0,5,0,0,0,0,1,1,2,2,2,23,5,-1,-1,-1,-1,8,E01032951,0,1
2025430052775,2025,430052775,2,21,0,18,19,4,8,0,0,0,0,0,0,0,3,1,1,1,1,-1,-1,-1,-1,-1,-1,-1,-1,0,-1
2025430052775,2025,430052775,1,9,0,18,19,8,4,0,0,0,0,0,0,0,1,1,6,6,1,50,8,-1,-1,-1,-1,7,E01030735,0,1
2025430052861,2025,430052861,1,11,0,5,5,3,7,0,0,2,0,0,0,0,0,1,1,1,1,53,8,-1,-1,-1,-1,10,E01028629,0,3
2025430052870,2025,430052870,2,8,0,18,19,8,4,0,0,8,0,0,0,0,3,1,1,1,1,65,9,-1,-1,-1,-1,4,E01016446,0,1
2025430052870,2025,430052870,1,9,0,18,19,6,2,0,0,6,0,0,0,0,1,1,6,6,2,-1,-1,-1,-1,-1,-1,-1,-1,0,-1
2025430052871,2025,430052871,1,9,0,18,19,6,2,0,0,0,0,0,0,0,3,1,5,6,1,71,10,-1,-1,-1,-1,4,E01017666,0,1
2025430053107,2025,430053107,1,3,0,14,14,8,4,0,0,8,0,0,0,0,1,1,2,2,1,18,4,-1,-1,-1,-1,6,E01028557,0,3
2025430053291,2025,430053291,1,1,0,18,19,3,7,0,0,8,0,0,0,0,1,1,6,6,1,22,5,-1,-1,-1,-1,10,E01016384,0,1
2025430053291,2025,430053291,2,9,0,7,7,3,5,0,0,5,0,0,0,0,4,1,6,6,1,49,8,-1,-1,-1,-1,8,E01016380,0,1
2025430053441,2025,430053441,1,8,0,18,19,6,2,0,0,8,0,0,0,0,2,1,1,1,1,44,7,-1,-1,-1,-1,4,E01016529,0,1
2025430053441,2025,430053441,2,9,0,18,19,6,2,0,0,8,0,0,0,0,1,1,6,6,1,-1,-1,-1,-1,-1,-1,-1,-1,0,-1
2025430053465,2025,430053465,1,9,0,3,3,3,7,0,0,8,0,0,0,0,0,1,6,6,1,24,5,-1,-1,-1,-1,4,E01016715,0,2
2025430053465,2025,430053465,2,9,0,1,1,5,1,0,0,8,0,0,0,0,-1,1,6,6,1,61,9,-1,-1,-1,-1,5,E01035424,0,4
2025430053909,2025,430053909,2,9,0,7,7,4,5,0,0,5,0,0,0,0,1,1,6,6,1,32,6,-1,-1,-1,-1,-1,-1,0,-1
2025430053909,2025,430053909,1,9,0,8,8,4,5,0,0,1,0,0,0,0,2,1,6,6,2,37,7,-1,-1,-1,-1,8,E01034460,0,2
2025430053927,2025,430053927,1,9,0,3,3,5,1,0,0,0,0,0,0,0,2,1,2,2,1,29,6,-1,-1,-1,-1,7,E01011849,0,5
2025430053927,2025,430053927,2,9,0,18,19,5,1,0,0,0,0,0,0,0,1,1,6,6,2,20,4,-1,-1,-1,-1,-1,-1,0,-1
2025430054178,2025,430054178,1,9,0,18,19,6,2,0,0,1,0,0,0,0,4,1,5,6,1,72,10,-1,-1,-1,-1,10,E01016562,0,1
2025430054217,2025,430054217,1,9,0,18,19,3,7,0,0,1,0,0,0,0,1,1,1,1,1,40,7,-1,-1,-1,-1,-1,-1,0,-1
2025430054217,2025,430054217,2,3,0,18,19,1,5,0,0,6,0,0,0,0,4,1,6,6,1,65,9,-1,-1,-1,-1,8,E01028549,0,1
2025430054242,2025,430054242,1,3,0,18,19,5,1,0,0,8,0,0,0,0,1,1,5,6,1,74,10,-1,-1,-1,-1,8,E01028792,0,2
2025430054316,2025,430054316,2,9,0,4,4,8,4,0,0,0,0,0,0,0,2,1,5,6,2,57,9,-1,-1,-1,-1,9,E01016324,0,2
2025430054316,2025,430054316,1,9,0,18,19,8,4,0,0,0,0,0,0,0,1,1,5,6,1,20,4,-1,-1,-1,-1,4,E01017850,0,4
2025430054416,2025,430054416,1,9,0,9,9,2,7,0,0,5,0,0,0,0,1,1,6,6,2,38,7,-1,-1,-1,-1,8,E01028467,0,1
2025430054416,2025,430054416,2,1,0,18,19,6,2,4,4,1,5,0,0,0,3,1,6,6,2,33,6,-1,-1,-1,-1,7,E01035738,0,1
2025430054751,2025,430054751,1,9,0,9,9,5,4,0,0,6,0,0,0,0,3,1,6,6,2,52,8,-1,-1,-1,-1,10,E01016672,0,1
2025430054751,2025,430054751,2,3,0,18,19,4,8,0,0,8,1,0,0,0,1,1,1,1,1,36,7,-1,-1,-1,-1,9,E01016674,0,1