collision_index,collision_year,collision_ref_no,vehicle_reference,vehicle_type,towing_and_articulation,vehicle_manoeuvre_historic,vehicle_manoeuvre,vehicle_direction_from,vehicle_direction_to,vehicle_location_restricted_lane_historic,vehicle_location_restricted_lane,junction_location,skidding_and_overturning,hit_object_in_carriageway,vehicle_leaving_carriageway,hit_object_off_carriageway,first_point_of_impact,vehicle_left_hand_drive,journey_purpose_of_driver_historic,journey_purpose_of_driver,sex_of_driver,age_of_driver,age_band_of_driver,engine_capacity_cc,propulsion_code,age_of_vehicle,generic_make_model,driver_imd_decile,lsoa_of_driver,escooter_flag,driver_distance_banding
2025430077171,2025,430077171,1,9,0,18,19,1,5,0,0,0,0,0,1,2,1,1,6,6,1,-1,-1,-1,-1,-1,-1,-1,-1,0,-1
2025430077234,2025,430077234,1,1,0,10,10,6,4,0,0,1,0,0,0,0,2,1,5,6,2,56,9,-1,-1,-1,-1,10,E01023371,0,3
2025430077234,2025,430077234,2,9,0,5,5,6,4,0,0,1,0,0,0,0,1,1,6,6,2,-1,-1,-1,-1,-1,-1,-1,-1,0,-1
2025430077726,2025,430077726,1,9,0,5,5,2,6,0,0,1,0,0,0,0,1,1,6,6,2,-1,-1,-1,-1,-1,-1,-1,-1,0,-1
2025430077771,2025,430077771,1,9,0,16,19,7,3,0,0,0,1,0,7,4,1,1,1,1,2,29,6,-1,-1,-1,-1,7,E01028496,0,1
2025430077930,2025,430077930,3,9,0,4,4,5,1,0,0,0,0,0,0,0,2,1,1,1,2,51,8,-1,-1,-1,-1,-1,-1,0,-1
2025430077930,2025,430077930,2,9,0,4,4,5,1,0,0,0,0,0,0,0,2,1,1,1,1,-1,-1,-1,-1,-1,-1,-1,-1,0,-1
2025430077930,2025,430077930,1,9,0,18,19,5,1,0,0,0,0,0,0,0,1,1,1,1,2,71,10,-1,-1,-1,-1,-1,-1,0,-1
2025430078386,2025,430078386,2,4,0,18,19,2,6,0,0,8,0,0,0,0,1,1,5,6,1,17,4,-1,-1,-1,-1,9,E01016276,0,1
2025430078386,2025,430078386,1,9,0,9,9,5,2,0,0,6,0,0,0,0,3,1,5,6,2,70,10,-1,-1,-1,-1,9,E01016256,0,2
2025430078507,2025,430078507,2,1,0,18,19,8,4,4,4,4,5,0,0,0,3,1,5,6,2,26,6,-1,-1,-1,-1,6,E01028530,0,1
2025430078507,2025,430078507,1,9,0,13,13,8,4,0,0,4,0,0,0,0,4,1,6,6,3,-1,-1,-1,-1,-1,-1,-1,-1,0,-1
2025430078598,2025,430078598,1,9,0,7,7,5,6,0,0,6,0,0,1,4,1,1,5,6,1,23,5,-1,-1,-1,-1,10,E01023816,0,4
2025430079443,2025,430079443,2,9,0,18,19,4,8,0,0,0,0,0,0,0,1,1,5,6,2,31,6,-1,-1,-1,-1,6,E01016304,0,1
2025430079443,2025,430079443,1,9,0,18,19,8,4,0,0,0,0,0,0,0,1,1,5,6,1,38,7,-1,-1,-1,-1,8,E01032699,0,4
2025430079744,2025,430079744,1,9,0,18,19,7,3,0,0,0,1,0,1,0,1,1,1,1,1,50,8,-1,-1,-1,-1,9,E01035733,0,2
2025430079832,2025,430079832,1,9,0,18,19,4,8,0,0,0,2,0,7,4,4,1,1,1,1,35,6,-1,-1,-1,-1,7,E01031216,0,2
2025430080128,2025,430080128,1,9,0,17,19,6,2,0,0,0,5,0,1,4,1,1,6,6,1,74,10,-1,-1,-1,-1,8,E01027028,0,2
2025430080721,2025,430080721,2,9,0,18,19,7,3,0,0,0,0,0,0,0,4,1,6,6,2,-1,-1,-1,-1,-1,-1,-1,-1,0,-1
2025430080721,2025,430080721,1,1,0,18,19,5,1,0,0,0,0,0,0,0,2,1,6,6,1,16,4,-1,-1,-1,-1,4,E01016475,0,1
2025430081492,2025,430081492,1,9,0,18,19,1,3,0,0,1,0,0,1,3,3,1,6,6,3,-1,-1,-1,-1,-1,-1,4,E01016727,0,2
2025430081687,2025,430081687,1,9,0,18,19,5,1,0,0,8,0,0,0,0,4,1,6,6,1,75,10,-1,-1,-1,-1,8,E01028504,0,2
2025430081687,2025,430081687,2,9,0,18,19,1,5,0,0,8,0,0,0,0,1,1,5,6,2,43,7,-1,-1,-1,-1,10,E01028476,0,1
2025430082294,2025,430082294,3,9,0,9,9,6,4,0,0,1,0,0,0,0,2,1,6,6,2,34,6,-1,-1,-1,-1,-1,-1,0,-1
2025430082294,2025,430082294,1,9,0,4,4,6,2,0,0,1,0,0,0,0,2,1,6,6,1,34,6,-1,-1,-1,-1,7,E01034463,0,1
2025430082294,2025,430082294,2,9,0,4,4,6,2,0,0,1,0,0,0,0,1,1,6,6,1,65,9,-1,-1,-1,-1,2,E01016839,0,1
2025430082556,2025,430082556,1,97,0,18,19,5,1,0,0,0,0,0,0,0,1,1,6,6,1,-1,-1,-1,-1,-1,-1,-1,-1,0,-1
2025430082732,2025,430082732,1,9,0,18,19,7,3,0,0,0,0,0,0,0,3,1,6,6,1,47,8,-1,-1,-1,-1,-1,-1,0,-1
2025430082732,2025,430082732,2,1,0,18,19,3,7,0,0,0,0,0,0,0,3,1,2,2,1,31,6,-1,-1,-1,-1,-1,-1,0,-1
2025430082780,2025,430082780,2,9,0,1,1,2,6,0,0,0,0,0,0,0,2,1,6,6,1,-1,-1,-1,-1,-1,-1,-1,-1,0,-1
2025430082780,2025,430082780,1,3,0,18,19,6,2,0,0,0,0,0,0,0,1,1,1,1,1,22,5,-1,-1,-1,-1,4,E01016518,0,1
2025430082992,2025,430082992,2,9,0,18,19,4,8,0,0,4,0,0,0,0,3,1,5,6,1,18,4,-1,-1,-1,-1,10,E01016619,0,1
2025430082992,2025,430082992,1,3,0,18,19,2,6,0,0,8,0,0,0,0,1,1,5,6,1,19,4,-1,-1,-1,-1,9,E01035264,0,3
2025430083093,2025,430083093,1,4,0,18,19,7,3,0,0,1,0,0,0,0,2,1,6,6,1,37,7,-1,-1,-1,-1,5,E01017923,0,1
2025430083093,2025,430083093,2,9,0,18,19,7,3,0,0,1,0,0,0,0,1,1,6,6,3,-1,-1,-1,-1,-1,-1,-1,-1,0,-1
2025430083105,2025,430083105,2,9,0,12,12,2,6,0,0,8,0,0,0,0,1,1,6,6,2,-1,-1,-1,-1,-1,-1,-1,-1,0,-1
2025430083105,2025,430083105,1,9,0,7,7,2,4,0,0,3,0,0,0,0,4,1,5,6,2,40,7,-1,-1,-1,-1,3,E01017263,0,4
2025430083117,2025,430083117,1,20,0,2,2,0,0,0,0,0,0,0,0,0,2,1,1,1,1,54,8,-1,-1,-1,-1,8,E01027008,0,4
2025430083117,2025,430083117,2,19,0,18,19,6,2,0,0,0,0,0,0,0,1,1,1,1,1,45,7,-1,-1,-1,-1,-1,-1,0,-1
2025430083130,2025,430083130,1,98,0,18,19,2,6,0,0,0,0,0,0,0,4,1,6,6,3,-1,-1,-1,-1,-1,-1,-1,-1,0,-1
2025430083160,2025,430083160,2,9,0,16,19,8,3,0,0,0,0,0,0,0,2,1,1,1,2,25,5,-1,-1,-1,-1,9,E01017655,0,3
2025430083160,2025,430083160,1,9,0,16,19,8,3,0,0,0,0,0,0,0,1,1,2,2,1,55,8,-1,-1,-1,-1,8,E01017726,0,2
2025430083524,2025,430083524,1,3,0,18,19,2,6,0,0,8,0,0,0,0,1,1,5,6,1,47,8,-1,-1,-1,-1,5,E01033839,0,1
2025430083524,2025,430083524,2,9,0,7,7,2,4,0,0,5,0,0,0,0,4,1,6,6,1,-1,-1,-1,-1,-1,-1,-1,-1,0,-1
2025430083625,2025,430083625,1,1,0,18,19,5,1,0,0,6,0,0,7,10,4,1,6,6,1,25,5,-1,-1,-1,-1,-1,-1,0,-1
2025430083625,2025,430083625,2,9,0,3,3,7,3,0,0,1,0,10,0,0,1,1,5,6,1,75,10,-1,-1,-1,-1,10,E01028572,0,1
2025430083993,2025,430083993,1,19,0,7,7,5,7,0,0,5,0,0,0,0,4,1,6,6,1,-1,-1,-1,-1,-1,-1,-1,-1,0,-1
2025430083993,2025,430083993,2,1,0,18,19,5,1,4,4,1,2,0,0,0,3,1,5,6,2,17,4,-1,-1,-1,-1,2,E01028552,0,1
2025430084005,2025,430084005,1,9,0,18,19,2,6,0,0,2,0,0,0,0,1,1,6,6,1,-1,-1,-1,-1,-1,-1,-1,-1,0,-1
2025430084135,2025,430084135,2,3,0,2,2,0,0,0,0,0,0,0,0,0,1,1,6,6,1,28,6,-1,-1,-1,-1,4,E01035251,0,1
2025430084135,2025,430084135,1,9,0,18,19,4,8,0,0,0,0,0,0,0,1,1,6,6,1,21,5,-1,-1,-1,-1,4,E01016475,0,1
2025430084414,2025,430084414,2,9,0,18,19,8,4,0,0,0,0,0,0,0,4,1,2,2,1,36,7,-1,-1,-1,-1,3,E01016423,0,1
2025430084414,2025,430084414,1,-1,0,18,19,2,6,0,0,0,0,0,0,0,1,1,2,2,1,25,5,-1,-1,-1,-1,4,E01016361,1,1
2025430084437,2025,430084437,1,19,0,9,9,6,4,0,0,8,0,0,0,0,1,1,1,1,1,29,6,-1,-1,-1,-1,9,E01017830,0,4
2025430084614,2025,430084614,2,1,0,18,19,3,7,0,0,8,0,0,0,0,4,1,2,2,1,58,9,-1,-1,-1,-1,6,E01028558,0,2
2025430084614,2025,430084614,1,9,0,18,19,5,1,0,0,4,0,0,0,0,1,1,6,6,2,62,9,-1,-1,-1,-1,-1,-1,0,-1
2025430084755,2025,430084755,2,9,0,18,19,2,6,0,0,1,0,0,0,0,1,1,6,6,1,45,7,-1,-1,-1,-1,-1,-1,0,-1
2025430084755,2025,430084755,1,9,0,3,3,2,6,0,0,1,0,0,0,0,2,1,5,6,2,41,7,-1,-1,-1,-1,10,E01017871,0,2
2025430084899,2025,430084899,1,9,0,18,19,5,1,0,0,0,0,0,0,0,1,1,6,6,1,36,7,-1,-1,-1,-1,10,E01017380,0,2
2025430085053,2025,430085053,1,9,0,18,19,8,4,0,0,0,5,0,1,0,1,1,6,6,1,50,8,-1,-1,-1,-1,-1,-1,0,-1
2025430085053,2025,430085053,2,9,0,3,3,8,4,0,0,0,0,0,0,0,2,1,6,6,1,25,5,-1,-1,-1,-1,2,E01034044,0,3
2025430085053,2025,430085053,3,9,0,3,3,8,4,0,0,0,0,0,0,0,2,1,6,6,2,38,7,-1,-1,-1,-1,4,E01001264,0,3
2025430085344,2025,430085344,1,1,0,18,19,5,1,0,0,4,0,0,0,0,3,1,2,2,1,20,4,-1,-1,-1,-1,6,E01016379,0,1
2025430085344,2025,430085344,2,9,0,18,19,3,7,0,0,8,0,0,0,0,0,1,6,6,3,-1,-1,-1,-1,-1,-1,-1,-1,0,-1
2025430085360,2025,430085360,2,9,0,9,9,5,1,0,0,5,0,0,7,10,3,1,2,2,1,45,7,-1,-1,-1,-1,8,E01034751,0,1
2025430085360,2025,430085360,1,9,0,13,13,5,1,0,0,1,0,0,7,0,4,1,6,6,1,32,6,-1,-1,-1,-1,9,E01028797,0,1
2025430085479,2025,430085479,2,9,0,18,19,6,2,0,0,0,0,0,0,0,1,1,5,6,1,55,8,-1,-1,-1,-1,8,E01016557,0,2
2025430085479,2025,430085479,1,9,0,18,19,2,6,0,0,0,0,0,0,0,1,1,6,6,1,31,6,-1,-1,-1,-1,6,E01032728,0,2
2025430085579,2025,430085579,1,9,0,9,9,6,4,0,0,6,0,0,0,0,3,1,5,6,2,41,7,-1,-1,-1,-1,9,E01022475,0,4
2025430085579,2025,430085579,2,8,0,18,19,4,8,0,0,8,0,0,0,0,1,1,1,1,1,54,8,-1,-1,-1,-1,7,E01016310,0,1
2025430086095,2025,430086095,2,9,0,13,13,7,3,0,0,0,0,0,0,0,4,1,6,6,3,-1,-1,-1,-1,-1,-1,-1,-1,0,-1
2025430086095,2025,430086095,1,9,0,18,19,7,3,0,0,0,0,0,0,0,3,1,5,6,2,37,7,-1,-1,-1,-1,6,E01016467,0,1
2025430086452,2025,430086452,1,9,0,6,6,2,2,0,0,0,0,0,0,0,3,1,6,6,1,42,7,-1,-1,-1,-1,10,E01017534,0,4
2025430086452,2025,430086452,2,5,0,18,19,2,6,0,0,0,1,0,0,0,1,1,1,1,1,55,8,-1,-1,-1,-1,5,E01030801,0,4
2025430086476,2025,430086476,1,9,0,9,9,2,8,0,0,5,0,0,0,0,1,1,1,1,1,26,6,-1,-1,-1,-1,10,E01033969,0,3
2025430086476,2025,430086476,3,9,0,3,3,8,4,0,0,1,0,0,0,0,1,1,2,2,1,57,9,-1,-1,-1,-1,3,W01001154,0,5
2025430086476,2025,430086476,2,9,0,18,19,6,2,0,0,8,0,0,0,0,1,1,2,2,1,32,6,-1,-1,-1,-1,6,E01017592,0,4
2025430086663,2025,430086663,1,9,0,18,19,6,2,0,0,0,0,11,0,0,1,1,5,6,1,29,6,-1,-1,-1,-1,9,E01035734,0,2
2025430087162,2025,430087162,1,9,0,7,7,7,2,0,0,6,0,0,0,0,1,1,6,6,1,40,7,-1,-1,-1,-1,-1,-1,0,-1
2025430087162,2025,430087162,2,9,0,18,19,6,2,0,0,8,0,0,0,0,4,1,1,1,1,71,10,-1,-1,-1,-1,9,E01016181,0,1
2025430087315,2025,430087315,1,21,0,12,12,6,3,0,0,0,0,0,0,0,3,1,1,1,1,20,4,-1,-1,-1,-1,-1,-1,0,-1
2025430087315,2025,430087315,2,9,0,18,19,6,2,0,0,0,5,0,0,0,4,1,5,6,1,37,7,-1,-1,-1,-1,6,E01015574,0,4
2025430087457,2025,430087457,1,5,0,18,19,7,3,0,0,0,1,0,0,6,3,1,5,6,1,66,10,-1,-1,-1,-1,6,E01028451,0,1
2025430087654,2025,430087654,1,9,0,3,3,7,3,0,0,7,0,0,0,0,2,1,5,6,1,29,6,-1,-1,-1,-1,4,E01033929,0,3
2025430087654,2025,430087654,2,9,0,18,19,7,3,0,0,7,0,0,0,0,4,1,6,6,1,-1,-1,-1,-1,-1,-1,-1,-1,0,-1
2025430087707,2025,430087707,2,9,0,1,1,2,6,0,0,0,0,0,0,0,2,1,6,6,1,45,7,-1,-1,-1,-1,-1,-1,0,-1
2025430087707,2025,430087707,1,3,0,3,3,2,6,0,0,0,0,0,0,0,1,1,1,1,1,30,6,-1,-1,-1,-1,4,E01017904,0,1
2025430087722,2025,430087722,1,9,0,9,9,6,4,0,0,6,0,0,0,0,3,1,6,6,2,38,7,-1,-1,-1,-1,5,E01028446,0,1
2025430087722,2025,430087722,2,9,0,18,19,4,8,0,0,1,0,0,0,0,1,1,6,6,3,22,5,-1,-1,-1,-1,7,E01028432,0,1
2025430087729,2025,430087729,1,9,0,5,5,3,1,0,0,8,0,0,0,0,1,1,2,2,1,64,9,-1,-1,-1,-1,9,E01028469,0,4
2025430087729,2025,430087729,2,9,0,5,5,3,1,0,0,8,0,0,0,0,2,1,6,6,1,27,6,-1,-1,-1,-1,10,E01028627,0,2
2025430088442,2025,430088442,1,9,0,18,19,7,3,0,0,1,5,4,0,0,3,2,5,6,2,48,8,-1,-1,-1,-1,2,E01016450,0,1
2025430088959,2025,430088959,2,9,0,18,19,7,5,0,0,6,0,0,0,0,1,1,6,6,1,30,6,-1,-1,-1,-1,5,E01016573,0,1
2025430088959,2025,430088959,1,9,0,18,19,5,1,0,0,8,0,0,0,0,4,1,5,6,1,34,6,-1,-1,-1,-1,9,E01002464,0,3
2025430089105,2025,430089105,1,9,0,7,7,6,8,0,0,6,0,0,0,0,1,1,6,6,1,53,8,-1,-1,-1,-1,10,E01017892,0,1
2025430089105,2025,430089105,3,9,0,18,19,4,8,0,0,8,0,0,0,0,1,1,6,6,2,49,8,-1,-1,-1,-1,9,E01017895,0,1
2025430089105,2025,430089105,2,9,0,18,19,8,4,0,0,8,0,0,0,0,3,1,6,6,2,52,8,-1,-1,-1,-1,10,E01017890,0,1
2025430089130,2025,430089130,1,9,0,18,19,8,4,0,0,0,0,0,0,0,1,1,6,6,1,63,9,-1,-1,-1,-1,9,E01017681,0,1
2025430089130,2025,430089130,2,1,0,18,19,8,4,0,0,0,0,0,0,0,2,1,6,6,2,54,8,-1,-1,-1,-1,8,E01017931,0,3
2025430089174,2025,430089174,1,3,0,13,13,2,6,0,0,1,0,0,7,0,1,1,1,1,2,29,6,-1,-1,-1,-1,6,E01016393,0,3
2025430089174,2025,430089174,2,9,0,7,7,8,2,0,0,6,0,0,0,0,1,1,1,1,1,48,8,-1,-1,-1,-1,4,E01035251,0,4
2025430089413,2025,430089413,1,9,0,18,19,2,6,0,0,4,0,0,0,0,1,1,5,6,1,71,10,-1,-1,-1,-1,8,E01032958,0,2
2025430089413,2025,430089413,2,5,0,9,9,6,4,0,0,8,0,0,0,0,4,1,6,6,1,56,9,-1,-1,-1,-1,9,E01033955,0,1
2025430089508,2025,430089508,1,19,0,1,1,8,4,0,0,2,0,0,0,0,2,1,6,6,1,-1,-1,-1,-1,-1,-1,-1,-1,0,-1
2025430089771,2025,430089771,1,9,0,5,5,4,8,0,0,8,0,0,0,0,4,1,6,6,1,-1,-1,-1,-1,-1,-1,-1,-1,0,-1
2025430090522,2025,430090522,1,9,0,3,3,5,1,0,0,3,0,0,0,0,2,1,6,6,2,39,7,-1,-1,-1,-1,8,E01034415,0,3
2025430090522,2025,430090522,2,9,0,18,19,5,1,0,0,1,0,0,0,0,1,1,6,6,1,-1,-1,-1,-1,-1,-1,-1,-1,0,-1
2025430090529,2025,430090529,1,8,0,18,19,4,7,0,0,0,0,0,0,0,1,1,1,1,1,42,7,-1,-1,-1,-1,4,E01017899,0,1
2025430090744,2025,430090744,3,9,0,18,19,8,4,0,0,0,0,0,0,0,0,1,6,6,3,-1,-1,-1,-1,-1,-1,-1,-1,0,-1
2025430090744,2025,430090744,2,9,0,11,11,8,4,0,0,0,0,0,0,0,4,1,6,6,1,45,7,-1,-1,-1,-1,-1,-1,0,-1
2025430090744,2025,430090744,1,9,0,18,19,8,4,0,0,0,0,0,0,0,3,1,5,6,1,33,6,-1,-1,-1,-1,10,E01030425,0,4
2025430090839,2025,430090839,1,9,0,18,19,4,8,0,0,0,0,0,7,4,1,1,6,6,3,-1,-1,-1,-1,-1,-1,-1,-1,0,-1
2025430091313,2025,430091313,4,9,0,18,19,8,4,0,0,0,0,0,0,0,2,1,6,6,2,38,7,-1,-1,-1,-1,9,E01022730,0,4
2025430091313,2025,430091313,1,9,0,18,19,8,4,0,0,0,0,0,0,0,1,1,6,6,1,42,7,-1,-1,-1,-1,7,E01015694,0,4
2025430091313,2025,430091313,3,9,0,18,19,8,4,0,0,0,0,0,0,0,2,1,6,6,1,37,7,-1,-1,-1,-1,7,E01032845,0,4
2025430091313,2025,430091313,2,9,0,18,19,8,4,0,0,0,0,0,0,0,2,1,6,6,1,32,6,-1,-1,-1,-1,9,E01028535,0,4
2025430091539,2025,430091539,2,20,0,18,19,2,6,0,0,0,0,0,0,0,3,1,1,1,1,45,7,-1,-1,-1,-1,8,E01028623,0,3
2025430091539,2025,430091539,1,9,0,18,19,2,6,0,0,0,1,0,1,0,4,1,1,1,1,40,7,-1,-1,-1,-1,9,E01028634,0,3
2025430091581,2025,430091581,1,9,0,18,19,2,6,0,0,8,0,0,0,0,4,1,5,6,2,30,6,-1,-1,-1,-1,10,E01016538,0,1
2025430091581,2025,430091581,2,9,0,12,12,2,6,0,0,8,0,0,0,0,3,1,6,6,2,-1,-1,-1,-1,-1,-1,-1,-1,0,-1
2025430091886,2025,430091886,2,1,0,9,9,5,3,0,0,8,0,0,0,0,1,1,6,6,1,40,7,-1,-1,-1,-1,-1,-1,0,-1
2025430091886,2025,430091886,1,9,0,18,19,1,5,0,0,4,0,0,0,0,1,1,6,6,1,-1,-1,-1,-1,-1,-1,-1,-1,0,-1
2025430092041,2025,430092041,2,9,0,18,19,4,8,0,0,0,0,0,0,0,1,1,6,6,3,-1,-1,-1,-1,-1,-1,-1,-1,0,-1
2025430092041,2025,430092041,3,9,0,3,3,4,8,0,0,0,0,0,0,0,2,1,6,6,3,-1,-1,-1,-1,-1,-1,-1,-1,0,-1
2025430092041,2025,430092041,1,9,0,3,3,4,8,0,0,0,0,0,0,0,2,1,5,6,1,50,8,-1,-1,-1,-1,8,E01035159,0,5
2025430092129,2025,430092129,1,9,0,1,1,7,3,0,0,0,0,0,0,0,2,1,6,6,3,-1,-1,-1,-1,-1,-1,-1,-1,0,-1
2025430092139,2025,430092139,2,19,0,4,4,5,1,0,0,0,0,0,0,0,2,1,1,1,1,29,6,-1,-1,-1,-1,1,E01027131,0,4
2025430092139,2025,430092139,1,3,0,18,19,5,1,0,0,0,0,0,0,0,1,1,2,2,1,26,6,-1,-1,-1,-1,3,E01028553,0,1
2025430092373,2025,430092373,1,9,0,18,19,4,8,0,0,0,5,0,1,0,1,1,5,6,1,44,7,-1,-1,-1,-1,3,E01017711,0,2
2025430092527,2025,430092527,2,10,0,18,19,8,4,0,0,8,0,0,0,0,1,1,6,6,1,35,6,-1,-1,-1,-1,-1,-1,0,-1
2025430092527,2025,430092527,1,19,0,3,3,8,4,0,0,8,0,0,0,0,2,1,2,2,1,33,6,-1,-1,-1,-1,7,E01023682,0,4
2025430092587,2025,430092587,2,20,0,18,19,6,4,0,0,0,-1,0,0,0,3,2,6,6,1,-1,-1,-1,-1,-1,-1,-1,-1,0,-1
2025430092587,2025,430092587,1,9,0,18,19,6,2,0,0,0,0,10,4,0,4,1,6,6,1,34,6,-1,-1,-1,-1,3,E01016834,0,1
2025430092709,2025,430092709,1,9,0,18,19,2,5,0,0,4,0,0,0,0,1,1,6,6,1,32,6,-1,-1,-1,-1,-1,-1,0,-1
2025430092709,2025,430092709,2,1,0,18,19,8,3,0,0,8,0,0,0,0,1,1,5,6,1,66,10,-1,-1,-1,-1,8,E01028515,0,1
2025430092715,2025,430092715,1,9,0,18,19,4,8,0,0,8,0,0,0,0,1,1,5,6,1,35,6,-1,-1,-1,-1,3,E01016449,0,1
2025430092715,2025,430092715,2,9,0,18,19,2,6,0,0,8,0,0,0,0,4,1,6,6,1,-1,-1,-1,-1,-1,-1,8,E01016614,0,4
2025430092868,2025,430092868,2,1,0,18,19,1,5,0,0,0,0,4,0,0,1,1,2,2,1,56,9,-1,-1,-1,-1,2,E01028569,0,1
2025430092868,2025,430092868,1,9,0,2,2,0,0,0,0,0,0,0,0,0,3,1,6,6,1,58,9,-1,-1,-1,-1,2,E01028520,0,1
2025430093040,2025,430093040,1,-1,0,18,19,2,6,0,0,0,0,10,0,0,1,1,5,6,2,17,4,-1,-1,-1,-1,5,E01016500,1,1
2025430093249,2025,430093249,1,9,0,18,19,5,1,0,0,2,0,0,0,0,1,1,6,6,1,32,6,-1,-1,-1,-1,5,E01016242,0,1
2025430093599,2025,430093599,1,9,0,9,9,6,4,0,0,5,0,0,0,0,1,1,6,6,1,56,9,-1,-1,-1,-1,3,E01016465,0,1
2025430093599,2025,430093599,2,4,0,18,19,2,6,0,0,8,0,0,0,0,1,1,2,2,2,24,5,-1,-1,-1,-1,5,E01017805,0,2
2025430093774,2025,430093774,1,9,0,18,19,6,1,0,0,0,0,0,0,0,4,1,6,6,2,62,9,-1,-1,-1,-1,9,E01033520,0,3
2025430093800,2025,430093800,1,9,0,4,4,3,7,0,0,0,0,7,0,10,1,1,5,6,2,61,9,-1,-1,-1,-1,8,E01034459,0,2
2025430093996,2025,430093996,2,9,0,3,3,4,6,0,0,8,0,0,0,0,2,1,1,1,2,37,7,-1,-1,-1,-1,8,E01017660,0,1
2025430093996,2025,430093996,3,19,0,3,3,4,6,0,0,8,0,0,0,0,2,1,1,1,1,47,8,-1,-1,-1,-1,-1,-1,0,-1
2025430093996,2025,430093996,1,9,0,18,19,4,6,0,0,4,0,0,0,0,1,1,5,6,2,56,9,-1,-1,-1,-1,6,E01023801,0,4
2025430094185,2025,430094185,2,19,0,18,19,7,3,0,0,6,0,0,0,0,4,1,6,6,1,41,7,-1,-1,-1,-1,-1,-1,0,-1
2025430094185,2025,430094185,1,9,0,18,19,1,5,0,0,8,0,0,0,0,1,1,2,2,2,48,8,-1,-1,-1,-1,7,E01016239,0,1
2025430094604,2025,430094604,1,9,0,9,9,2,1,0,0,8,0,0,0,0,4,1,5,6,1,52,8,-1,-1,-1,-1,5,E01016359,0,1
2025430094604,2025,430094604,2,9,0,18,19,6,2,0,0,4,0,0,0,0,1,1,6,6,1,49,8,-1,-1,-1,-1,10,E01016655,0,2
2025430095061,2025,430095061,2,98,0,18,19,8,4,0,0,0,0,0,0,0,1,1,6,6,3,-1,-1,-1,-1,-1,-1,-1,-1,0,-1
2025430095061,2025,430095061,1,8,0,18,19,8,4,0,0,0,0,0,0,0,4,1,1,1,1,30,6,-1,-1,-1,-1,-1,-1,0,-1
2025430095076,2025,430095076,2,9,0,18,19,7,3,0,0,0,0,0,0,0,1,1,6,6,1,-1,-1,-1,-1,-1,-1,-1,-1,0,-1
2025430095076,2025,430095076,1,3,0,3,3,7,3,0,0,0,0,0,0,0,2,1,4,7,2,19,4,-1,-1,-1,-1,10,E01016666,0,1
2025430095231,2025,430095231,2,9,0,18,19,7,3,0,0,0,0,0,0,0,2,1,6,6,1,28,6,-1,-1,-1,-1,3,E01016465,0,1
2025430095231,2025,430095231,1,9,0,18,19,7,3,0,0,0,0,0,0,0,1,1,6,6,1,33,6,-1,-1,-1,-1,-1,-1,0,-1
2025430095496,2025,430095496,2,9,0,18,19,5,1,0,0,0,0,0,0,0,3,1,6,6,2,22,5,-1,-1,-1,-1,10,E01032707,0,4
2025430095496,2025,430095496,1,9,0,18,19,1,5,0,0,0,0,0,7,11,1,1,6,6,1,52,8,-1,-1,-1,-1,9,E01028794,0,2
2025430095517,2025,430095517,2,1,0,18,19,8,4,0,0,8,0,0,7,0,4,1,6,6,2,48,8,-1,-1,-1,-1,10,E01016685,0,1
2025430095517,2025,430095517,1,9,0,18,19,2,6,0,0,4,0,0,0,0,1,1,6,6,2,43,7,-1,-1,-1,-1,10,E01016657,0,1
2025430095520,2025,430095520,1,9,0,18,19,7,1,0,0,5,0,0,0,0,1,1,6,6,1,35,6,-1,-1,-1,-1,-1,-1,0,-1
2025430095520,2025,430095520,2,-1,0,18,19,3,7,0,0,8,0,0,0,0,3,1,1,1,2,40,7,-1,-1,-1,-1,3,E01016738,1,1
2025430095580,2025,430095580,1,9,0,18,19,7,3,0,0,1,0,0,0,0,1,1,6,6,1,-1,-1,-1,-1,-1,-1,-1,-1,0,-1
2025430095580,2025,430095580,2,1,0,18,19,5,1,0,0,1,0,0,0,0,4,1,4,7,1,11,3,-1,-1,-1,-1,2,E01016415,0,1
2025430095594,2025,430095594,1,2,0,10,10,5,7,0,0,1,0,0,0,0,2,1,4,7,1,16,4,-1,-1,-1,-1,8,E01022522,0,2
2025430095594,2025,430095594,2,9,0,18,19,5,1,0,0,1,0,0,0,0,1,1,6,6,2,-1,-1,-1,-1,-1,-1,-1,-1,0,-1
2025430095801,2025,430095801,1,9,0,7,7,7,1,0,0,5,0,0,0,0,3,1,6,6,1,26,6,-1,-1,-1,-1,9,E01033955,0,1
2025430095801,2025,430095801,2,21,0,7,7,1,3,0,0,6,0,0,0,0,3,1,1,1,1,41,7,-1,-1,-1,-1,9,E01032703,0,4
2025430096371,2025,430096371,1,9,0,18,19,7,3,0,0,0,0,0,0,0,3,1,2,2,2,28,6,-1,-1,-1,-1,3,E01002543,0,4
2025430096371,2025,430096371,2,9,0,11,11,7,3,0,0,0,0,0,0,0,4,1,6,6,3,-1,-1,-1,-1,-1,-1,-1,-1,0,-1
2025430096717,2025,430096717,1,9,0,18,19,2,6,0,0,1,0,0,0,0,1,1,6,6,1,32,6,-1,-1,-1,-1,-1,-1,0,-1
2025430096717,2025,430096717,2,9,0,4,4,2,6,0,0,1,0,0,0,0,2,1,6,6,1,32,6,-1,-1,-1,-1,-1,-1,0,-1