collision_index,collision_year,collision_ref_no,vehicle_reference,vehicle_type,towing_and_articulation,vehicle_manoeuvre_historic,vehicle_manoeuvre,vehicle_direction_from,vehicle_direction_to,vehicle_location_restricted_lane_historic,vehicle_location_restricted_lane,junction_location,skidding_and_overturning,hit_object_in_carriageway,vehicle_leaving_carriageway,hit_object_off_carriageway,first_point_of_impact,vehicle_left_hand_drive,journey_purpose_of_driver_historic,journey_purpose_of_driver,sex_of_driver,age_of_driver,age_band_of_driver,engine_capacity_cc,propulsion_code,age_of_vehicle,generic_make_model,driver_imd_decile,lsoa_of_driver,escooter_flag,driver_distance_banding
2025430096717,2025,430096717,3,9,0,4,4,2,6,0,0,1,0,0,0,0,2,1,6,6,1,55,8,-1,-1,-1,-1,-1,-1,0,-1
2025430097249,2025,430097249,2,9,0,16,19,3,6,0,0,0,0,0,0,0,1,1,6,6,1,27,6,-1,-1,-1,-1,10,E01017732,0,2
2025430097249,2025,430097249,1,9,0,13,13,6,3,0,0,0,0,0,0,0,1,1,6,6,1,30,6,-1,-1,-1,-1,4,E01016846,0,4
2025430097249,2025,430097249,3,9,0,17,19,6,3,0,0,0,0,0,0,0,0,1,6,6,3,-1,-1,-1,-1,-1,-1,-1,-1,0,-1
2025430097319,2025,430097319,1,9,0,4,4,8,4,0,0,0,0,0,0,1,1,1,6,6,2,24,5,-1,-1,-1,-1,9,E01017421,0,4
2025430097319,2025,430097319,2,19,0,4,4,8,4,0,0,0,0,0,0,0,2,1,1,1,1,35,6,-1,-1,-1,-1,10,E01016781,0,1
2025430097348,2025,430097348,2,9,0,18,19,2,4,0,0,2,0,0,0,0,3,1,6,6,1,46,8,-1,-1,-1,-1,9,E01017678,0,1
2025430097348,2025,430097348,3,9,0,2,2,0,0,0,0,2,0,0,0,0,3,1,6,6,3,-1,-1,-1,-1,-1,-1,-1,-1,0,-1
2025430097348,2025,430097348,1,9,0,18,19,4,2,0,0,1,0,0,0,0,3,1,6,6,2,46,8,-1,-1,-1,-1,5,E01017659,0,1
2025430097361,2025,430097361,1,19,0,1,1,1,5,0,0,0,0,0,0,0,2,1,6,6,1,54,8,-1,-1,-1,-1,10,E01017729,0,1
2025430097361,2025,430097361,2,5,0,3,3,5,1,0,0,0,0,0,0,0,1,1,5,6,2,50,8,-1,-1,-1,-1,9,E01027303,0,4
2025430097401,2025,430097401,2,1,0,18,19,2,6,0,0,8,0,0,0,0,1,1,6,6,1,17,4,-1,-1,-1,-1,7,E01016409,0,1
2025430097401,2025,430097401,1,9,0,9,9,6,3,0,0,5,0,0,0,0,4,1,2,2,2,51,8,-1,-1,-1,-1,10,E01016617,0,2
2025430097770,2025,430097770,2,1,0,18,19,4,8,0,0,1,0,0,0,0,1,1,4,7,1,16,4,-1,-1,-1,-1,10,E01028428,0,1
2025430097770,2025,430097770,1,9,0,5,5,6,8,0,0,2,0,0,0,0,2,1,6,6,1,-1,-1,-1,-1,-1,-1,-1,-1,0,-1
2025430098063,2025,430098063,1,9,0,18,19,3,7,0,0,1,0,0,0,0,1,1,6,6,1,83,11,-1,-1,-1,-1,10,E01017785,0,1
2025430098063,2025,430098063,2,19,0,3,3,3,7,0,0,1,0,0,0,0,2,1,6,6,1,33,6,-1,-1,-1,-1,7,E01033960,0,4
2025430098063,2025,430098063,3,9,0,3,3,3,7,0,0,1,0,0,0,0,2,1,6,6,2,39,7,-1,-1,-1,-1,5,E01017645,0,4
2025430098147,2025,430098147,1,9,0,16,19,1,4,0,0,0,0,0,0,0,3,1,5,6,1,18,4,-1,-1,-1,-1,6,E01029482,0,5
2025430098147,2025,430098147,2,9,0,17,19,4,1,0,0,0,2,0,7,0,3,1,5,6,1,44,7,-1,-1,-1,-1,9,E01016674,0,2
2025430098217,2025,430098217,1,97,0,4,4,3,7,0,0,0,0,0,1,0,1,1,2,2,1,17,4,-1,-1,-1,-1,10,E01016550,0,1
2025430098217,2025,430098217,2,98,0,18,19,7,3,0,0,0,0,0,1,0,1,1,2,2,1,56,9,-1,-1,-1,-1,-1,-1,0,-1
2025430098268,2025,430098268,1,1,0,18,19,6,2,0,0,8,0,0,0,0,3,1,2,2,1,60,9,-1,-1,-1,-1,7,E01028598,0,3
2025430098268,2025,430098268,2,9,0,9,9,8,6,0,0,4,0,0,0,0,1,1,6,6,1,45,7,-1,-1,-1,-1,-1,-1,0,-1
2025430098359,2025,430098359,2,9,0,18,19,3,7,0,0,0,0,0,0,0,1,1,6,6,1,45,7,-1,-1,-1,-1,4,E01016846,0,1
2025430098359,2025,430098359,3,9,0,18,19,3,7,0,0,0,0,0,0,0,1,1,6,6,1,21,5,-1,-1,-1,-1,5,E01016731,0,1
2025430098359,2025,430098359,4,19,0,18,19,3,7,0,0,0,0,0,0,0,2,1,6,6,1,70,10,-1,-1,-1,-1,8,E01034459,0,1
2025430098359,2025,430098359,1,21,0,18,19,3,7,0,0,0,0,0,0,0,1,1,1,1,1,30,6,-1,-1,-1,-1,-1,-1,0,-1
2025430099069,2025,430099069,1,9,0,9,9,8,6,0,0,5,0,0,0,0,1,1,6,6,2,47,8,-1,-1,-1,-1,9,E01035741,0,1
2025430099069,2025,430099069,2,1,0,18,19,4,8,4,4,1,0,0,0,0,1,1,2,2,2,-1,-1,-1,-1,-1,-1,4,E01028546,0,1
2025430099193,2025,430099193,1,5,0,17,19,5,2,0,0,2,0,0,0,0,4,1,6,6,2,56,9,-1,-1,-1,-1,10,E01022847,0,2
2025430099938,2025,430099938,1,9,0,7,7,4,6,0,0,5,0,0,0,0,4,1,5,6,1,22,5,-1,-1,-1,-1,3,E01016499,0,4
2025430099938,2025,430099938,2,11,0,18,19,4,8,2,2,8,0,0,0,0,1,1,1,1,1,29,6,-1,-1,-1,-1,4,E01016439,0,2
2025430100019,2025,430100019,2,3,0,3,3,6,2,0,0,4,0,0,0,0,2,1,6,6,2,27,6,-1,-1,-1,-1,8,E01028443,0,1
2025430100019,2025,430100019,1,9,0,18,19,6,2,0,0,4,0,0,0,0,1,1,6,6,1,75,10,-1,-1,-1,-1,-1,-1,0,-1
2025430100122,2025,430100122,1,9,0,5,5,3,7,0,0,1,0,0,0,0,1,1,4,7,1,49,8,-1,-1,-1,-1,8,E01033519,0,1
2025430100122,2025,430100122,2,9,0,8,8,0,0,0,0,1,0,0,0,0,2,1,3,7,2,47,8,-1,-1,-1,-1,4,E01016716,0,1
2025430100245,2025,430100245,2,1,0,18,19,5,1,0,0,1,0,0,0,0,1,1,6,6,1,12,3,-1,-1,-1,-1,6,E01016306,0,3
2025430100245,2025,430100245,3,1,0,18,19,5,1,0,0,1,0,0,0,0,1,1,6,6,1,12,3,-1,-1,-1,-1,10,E01028722,0,1
2025430100245,2025,430100245,1,9,0,18,19,3,7,0,0,1,0,0,0,0,4,1,5,6,1,80,11,-1,-1,-1,-1,9,E01016263,0,4
2025430100463,2025,430100463,1,9,0,18,19,8,4,0,0,0,0,0,0,0,1,1,6,6,2,23,5,-1,-1,-1,-1,10,E01015001,0,4
2025430100474,2025,430100474,1,9,0,9,9,8,6,0,0,5,0,0,0,0,4,1,5,6,2,44,7,-1,-1,-1,-1,4,E01016369,0,2
2025430100474,2025,430100474,2,3,0,18,19,4,8,0,0,8,0,0,0,0,1,1,5,6,1,36,7,-1,-1,-1,-1,10,E01016689,0,1
2025430100881,2025,430100881,1,9,0,18,19,1,5,0,0,4,0,9,1,7,1,1,1,1,1,48,8,-1,-1,-1,-1,-1,-1,0,-1
2025430100919,2025,430100919,1,8,0,18,19,4,8,0,0,8,0,0,0,0,1,1,1,1,1,38,7,-1,-1,-1,-1,8,E01016616,0,2
2025430101048,2025,430101048,1,9,0,18,19,4,8,0,0,6,0,0,0,0,1,1,6,6,1,-1,-1,-1,-1,-1,-1,-1,-1,0,-1
2025430101296,2025,430101296,2,9,0,18,19,3,7,0,0,4,0,0,0,0,-1,1,6,6,1,31,6,-1,-1,-1,-1,-1,-1,0,-1
2025430101296,2025,430101296,1,9,0,18,19,3,7,0,0,4,0,0,0,0,-1,1,6,6,1,43,7,-1,-1,-1,-1,4,E01030110,0,4
2025430101316,2025,430101316,2,9,0,3,3,3,7,0,0,0,0,0,0,0,2,1,5,6,2,34,6,-1,-1,-1,-1,8,E01022889,0,3
2025430101316,2025,430101316,1,19,0,4,4,3,7,0,0,0,0,0,0,0,1,1,1,1,2,22,5,-1,-1,-1,-1,3,E01022552,0,3
2025430101316,2025,430101316,3,9,0,18,19,3,7,0,0,0,0,0,0,0,2,1,5,6,2,28,6,-1,-1,-1,-1,8,E01016192,0,3
2025430101373,2025,430101373,1,3,0,18,19,4,8,0,0,0,0,0,1,0,4,1,1,1,1,46,8,-1,-1,-1,-1,4,E01016479,0,1
2025430101460,2025,430101460,2,9,0,18,19,2,6,0,0,1,0,0,0,0,1,1,6,6,1,43,7,-1,-1,-1,-1,9,E01017394,0,3
2025430101460,2025,430101460,1,-1,0,18,19,4,8,0,0,5,0,0,0,0,3,1,2,2,1,25,5,-1,-1,-1,-1,9,E01016808,1,1
2025430101606,2025,430101606,2,19,0,18,19,1,7,0,0,1,0,0,0,0,1,1,6,6,1,34,6,-1,-1,-1,-1,-1,-1,0,-1
2025430101606,2025,430101606,1,9,0,8,8,1,7,0,0,1,0,0,0,0,2,1,5,6,1,30,6,-1,-1,-1,-1,10,E01017786,0,3
2025430102485,2025,430102485,1,9,0,18,19,4,8,0,0,8,1,10,1,4,1,1,6,6,1,28,6,-1,-1,-1,-1,9,E01017912,0,2
2025430102618,2025,430102618,1,9,0,18,19,1,5,0,0,4,0,0,0,0,1,1,5,6,2,38,7,-1,-1,-1,-1,10,E01016538,0,1
2025430102618,2025,430102618,2,9,0,9,9,7,5,0,0,8,0,0,0,0,4,1,5,6,2,46,8,-1,-1,-1,-1,5,E01016573,0,1
2025430103000,2025,430103000,1,5,0,17,19,8,4,0,0,0,0,0,7,0,1,1,6,6,1,59,9,-1,-1,-1,-1,8,E01028547,0,4
2025430103000,2025,430103000,2,9,0,16,19,4,8,0,0,0,0,0,1,0,1,1,6,6,1,64,9,-1,-1,-1,-1,8,E01031246,0,3
2025430103075,2025,430103075,2,1,0,18,19,5,1,4,4,1,5,0,0,0,4,1,5,6,1,56,9,-1,-1,-1,-1,7,E01028521,0,1
2025430103075,2025,430103075,1,9,0,5,5,1,5,0,0,6,0,0,0,0,1,1,6,6,1,62,9,-1,-1,-1,-1,7,E01028474,0,4
2025430103528,2025,430103528,1,9,0,18,19,4,8,0,0,4,0,9,1,4,1,1,5,6,1,24,5,-1,-1,-1,-1,5,E01033522,0,1
2025430103573,2025,430103573,1,9,0,17,19,3,7,0,0,0,1,0,7,1,1,1,5,6,2,28,6,-1,-1,-1,-1,6,E01028796,0,1
2025430103959,2025,430103959,1,19,0,17,19,8,5,0,0,8,0,0,0,0,0,1,2,2,1,42,7,-1,-1,-1,-1,-1,-1,0,-1
2025430104231,2025,430104231,2,9,0,9,9,3,1,0,0,6,0,0,0,0,1,1,6,6,2,75,10,-1,-1,-1,-1,-1,-1,0,-1
2025430104231,2025,430104231,1,1,0,18,19,1,5,0,0,8,0,0,7,10,4,1,5,6,1,34,6,-1,-1,-1,-1,5,E01017805,0,1
2025430104463,2025,430104463,2,9,0,18,19,2,6,0,0,0,0,0,0,0,1,1,6,6,1,44,7,-1,-1,-1,-1,8,E01016508,0,1
2025430104463,2025,430104463,1,9,0,6,6,6,6,0,0,0,0,0,0,0,4,1,6,6,1,39,7,-1,-1,-1,-1,4,E01023395,0,4
2025430104945,2025,430104945,1,19,0,3,3,-1,-1,0,0,4,0,0,0,0,2,1,6,6,1,60,9,-1,-1,-1,-1,7,E01017736,0,3
2025430104945,2025,430104945,2,9,0,18,19,-1,-1,0,0,4,0,0,0,0,1,1,6,6,2,-1,-1,-1,-1,-1,-1,-1,-1,0,-1
2025430105023,2025,430105023,2,9,0,18,19,5,1,0,0,1,0,0,0,0,1,1,6,6,1,35,6,-1,-1,-1,-1,10,E01028789,0,3
2025430105023,2025,430105023,1,9,0,5,5,7,1,0,0,6,0,0,0,0,1,1,6,6,2,35,6,-1,-1,-1,-1,9,E01028749,0,4
2025430105322,2025,430105322,2,1,0,18,19,5,1,0,0,0,0,0,0,0,3,1,5,6,1,47,8,-1,-1,-1,-1,5,E01028646,0,2
2025430105322,2025,430105322,1,10,0,13,13,5,1,0,0,0,0,0,0,0,4,1,6,6,3,-1,-1,-1,-1,-1,-1,-1,-1,0,-1
2025430105477,2025,430105477,1,19,0,16,19,4,7,0,0,3,0,0,4,0,1,1,5,6,1,42,7,-1,-1,-1,-1,7,E01017545,0,4
2025430105477,2025,430105477,3,21,0,5,5,7,3,0,0,1,0,0,0,0,2,1,1,1,1,40,7,-1,-1,-1,-1,-1,-1,0,-1
2025430105477,2025,430105477,2,19,0,5,5,7,3,0,0,1,0,0,0,0,1,1,1,1,1,37,7,-1,-1,-1,-1,9,E01023653,0,4
2025430105803,2025,430105803,2,9,0,4,4,1,5,0,0,0,0,0,0,0,2,1,5,6,2,38,7,-1,-1,-1,-1,7,E01028432,0,3
2025430105803,2025,430105803,1,9,0,18,19,1,5,0,0,0,0,0,0,0,1,1,6,6,1,32,6,-1,-1,-1,-1,-1,-1,0,-1
2025430105860,2025,430105860,1,9,0,16,19,2,6,9,9,0,1,0,1,4,1,1,6,6,1,29,6,-1,-1,-1,-1,7,E01016757,0,2
2025430105908,2025,430105908,1,9,0,18,19,7,3,0,0,0,0,0,0,0,1,1,2,2,2,51,8,-1,-1,-1,-1,7,E01033962,0,2
2025430105908,2025,430105908,2,9,0,18,19,7,3,0,0,0,0,0,0,0,2,1,2,2,1,50,8,-1,-1,-1,-1,10,E01033969,0,3
2025430105913,2025,430105913,1,9,0,18,19,3,7,0,0,0,0,0,0,0,1,1,1,1,1,30,6,-1,-1,-1,-1,7,E01017818,0,1
2025430105913,2025,430105913,2,21,0,3,3,3,7,0,0,0,0,0,0,0,2,1,1,1,1,63,9,-1,-1,-1,-1,-1,-1,0,-1
2025430105981,2025,430105981,1,9,0,4,4,2,6,0,0,8,0,0,0,0,1,1,6,6,1,19,4,-1,-1,-1,-1,2,E01016839,0,1
2025430105981,2025,430105981,2,9,0,4,4,2,6,0,0,8,0,0,0,0,2,1,6,6,2,-1,-1,-1,-1,-1,-1,-1,-1,0,-1
2025430105981,2025,430105981,3,9,0,13,13,6,2,0,0,8,0,0,0,0,0,1,6,6,1,-1,-1,-1,-1,-1,-1,-1,-1,0,-1
2025430106341,2025,430106341,3,9,0,18,19,6,2,0,0,1,0,0,0,0,1,1,6,6,2,21,5,-1,-1,-1,-1,9,E01017833,0,3
2025430106341,2025,430106341,1,9,0,3,3,6,2,0,0,1,0,0,0,0,2,1,6,6,1,21,5,-1,-1,-1,-1,7,E01014081,0,5
2025430106341,2025,430106341,4,9,0,18,19,6,2,0,0,1,0,0,0,0,1,1,6,6,1,53,8,-1,-1,-1,-1,3,E01002429,0,3
2025430106341,2025,430106341,2,19,0,18,19,6,2,0,0,1,0,0,0,0,1,1,6,6,1,38,7,-1,-1,-1,-1,7,E01017800,0,1
2025430106440,2025,430106440,1,9,0,18,19,4,8,0,0,0,0,0,0,0,3,1,6,6,3,-1,-1,-1,-1,-1,-1,-1,-1,0,-1
2025430106620,2025,430106620,1,9,0,3,3,6,2,0,0,3,0,0,0,0,2,1,2,2,2,40,7,-1,-1,-1,-1,-1,-1,0,-1
2025430106620,2025,430106620,2,9,0,3,3,6,2,0,0,3,0,0,0,0,1,1,5,6,2,40,7,-1,-1,-1,-1,-1,-1,0,-1
2025430106859,2025,430106859,2,3,0,18,19,6,2,2,2,8,0,0,0,0,1,1,1,1,1,41,7,-1,-1,-1,-1,10,E01016687,0,2
2025430106859,2025,430106859,1,19,0,7,7,6,8,0,0,8,0,0,0,0,4,1,1,1,1,38,7,-1,-1,-1,-1,3,E01033422,0,1
2025430107204,2025,430107204,1,98,0,18,19,8,4,0,0,1,0,0,0,0,1,1,1,1,1,-1,-1,-1,-1,-1,-1,7,E01023345,0,4
2025430107204,2025,430107204,2,9,0,3,3,8,4,0,0,1,0,0,0,0,2,1,6,6,1,59,9,-1,-1,-1,-1,6,E01028555,0,4
2025430107401,2025,430107401,2,9,0,18,19,9,9,0,0,0,0,0,0,0,1,1,6,6,2,-1,-1,-1,-1,-1,-1,-1,-1,0,-1
2025430107401,2025,430107401,1,9,0,18,19,9,9,0,0,0,0,0,0,0,2,1,1,1,1,43,7,-1,-1,-1,-1,4,E01035254,0,1
2025430107659,2025,430107659,1,9,0,18,19,7,3,0,0,0,0,0,1,11,1,1,5,6,1,18,4,-1,-1,-1,-1,-1,-1,0,-1
2025430107909,2025,430107909,1,9,0,18,19,-1,-1,0,0,0,5,0,0,0,0,1,6,6,2,-1,-1,-1,-1,-1,-1,5,E01017900,0,1
2025430107975,2025,430107975,1,9,0,18,19,7,3,0,0,3,0,0,0,0,4,1,6,6,2,47,8,-1,-1,-1,-1,9,E01017833,0,1
2025430108357,2025,430108357,2,9,0,18,19,6,2,0,0,8,0,0,0,0,3,1,6,6,2,54,8,-1,-1,-1,-1,10,E01016411,0,1
2025430108357,2025,430108357,1,19,0,18,19,4,8,0,0,6,0,0,1,4,1,1,1,1,1,55,8,-1,-1,-1,-1,1,E01006000,0,5
2025430108610,2025,430108610,2,1,0,18,19,1,5,0,0,0,0,0,0,0,1,1,4,7,1,16,4,-1,-1,-1,-1,6,E01016754,0,1
2025430108610,2025,430108610,1,19,0,18,19,3,7,0,0,0,0,0,0,0,3,1,1,1,1,36,7,-1,-1,-1,-1,7,E01016825,0,1
2025430108721,2025,430108721,2,1,0,9,9,8,5,0,0,6,0,0,0,0,1,1,6,6,1,76,11,-1,-1,-1,-1,10,E01016591,0,2
2025430108721,2025,430108721,1,20,0,9,9,2,8,0,0,5,0,0,0,0,3,1,1,1,1,55,8,-1,-1,-1,-1,3,E01016389,0,4
2025430108828,2025,430108828,1,9,0,18,19,1,5,0,0,0,2,0,1,0,2,1,6,6,1,49,8,-1,-1,-1,-1,8,E01027212,0,4
2025430108828,2025,430108828,2,98,1,12,12,1,5,0,0,0,0,0,0,0,1,2,6,6,1,-1,-1,-1,-1,-1,-1,-1,-1,0,-1
2025430109923,2025,430109923,2,1,0,18,19,5,1,5,5,8,1,0,0,0,1,1,6,6,1,-1,-1,-1,-1,-1,-1,5,E01016241,0,4
2025430109923,2025,430109923,1,9,0,7,7,5,7,0,0,5,0,0,0,0,4,1,6,6,1,32,6,-1,-1,-1,-1,-1,-1,0,-1
2025430109934,2025,430109934,2,9,0,9,9,8,6,0,0,5,0,0,0,0,3,1,3,7,1,36,7,-1,-1,-1,-1,7,E01017680,0,1
2025430109934,2025,430109934,1,4,0,13,13,8,4,0,0,8,0,0,0,0,4,1,2,2,1,24,5,-1,-1,-1,-1,3,E01017709,0,2
2025430110278,2025,430110278,2,9,0,11,11,6,2,0,0,2,0,0,0,0,2,1,6,6,1,-1,-1,-1,-1,-1,-1,-1,-1,0,-1
2025430110278,2025,430110278,1,9,0,18,19,6,2,0,0,2,0,0,0,0,1,1,5,6,2,23,5,-1,-1,-1,-1,8,E01035249,0,1
2025430110352,2025,430110352,2,9,0,18,19,6,2,0,0,8,0,0,0,0,1,1,5,6,2,31,6,-1,-1,-1,-1,8,E01035237,0,1
2025430110352,2025,430110352,1,9,0,9,9,8,6,0,0,6,0,0,0,0,3,1,5,6,1,21,5,-1,-1,-1,-1,-1,-1,0,-1
2025430110850,2025,430110850,1,1,0,18,19,1,5,0,0,2,0,0,0,0,1,1,2,2,2,62,9,-1,-1,-1,-1,8,E01028510,0,2
2025430110966,2025,430110966,1,9,0,1,1,7,3,0,0,0,0,0,0,0,2,1,1,1,2,33,6,-1,-1,-1,-1,6,E01027132,0,4
2025430111125,2025,430111125,2,1,0,18,19,4,8,0,0,1,0,0,0,0,1,1,6,6,1,16,4,-1,-1,-1,-1,5,E01017867,0,1
2025430111125,2025,430111125,1,19,0,18,19,8,4,0,0,2,0,0,0,0,1,1,5,6,1,50,8,-1,-1,-1,-1,7,E01033974,0,1
2025430111260,2025,430111260,2,9,0,18,19,2,6,0,0,1,0,0,0,0,2,1,6,6,3,-1,-1,-1,-1,-1,-1,-1,-1,0,-1
2025430111260,2025,430111260,1,9,0,18,19,6,2,0,0,1,0,0,0,0,1,1,5,6,2,72,10,-1,-1,-1,-1,6,E01017827,0,2
2025430111274,2025,430111274,1,9,0,18,19,3,7,0,0,0,0,0,0,0,3,1,6,6,1,24,5,-1,-1,-1,-1,9,E01016256,0,4
2025430111274,2025,430111274,2,9,0,18,19,3,7,0,0,0,0,0,0,0,4,1,6,6,3,-1,-1,-1,-1,-1,-1,-1,-1,0,-1
2025430111512,2025,430111512,2,9,0,9,9,4,2,0,0,5,0,0,7,4,3,1,6,6,2,37,7,-1,-1,-1,-1,10,E01035753,0,1
2025430111512,2025,430111512,1,9,0,13,13,4,8,0,0,8,0,0,7,0,1,1,6,6,1,29,6,-1,-1,-1,-1,10,E01035754,0,1
2025430111741,2025,430111741,1,9,0,18,19,7,3,9,9,1,0,0,0,0,1,1,6,6,3,-1,-1,-1,-1,-1,-1,-1,-1,0,-1
2025430111741,2025,430111741,2,1,0,18,19,7,3,9,9,1,0,0,0,0,2,1,6,6,1,13,3,-1,-1,-1,-1,6,E01028757,0,1
2025430111782,2025,430111782,1,9,0,5,5,5,8,0,0,3,0,0,0,0,1,1,6,6,2,43,7,-1,-1,-1,-1,8,E01027281,0,3
2025430111782,2025,430111782,2,9,0,5,5,5,2,0,0,3,0,0,0,0,2,1,6,6,1,-1,-1,-1,-1,-1,-1,-1,-1,0,-1
2025430111868,2025,430111868,1,9,0,18,19,6,2,0,0,0,0,0,1,10,1,1,5,6,1,89,11,-1,-1,-1,-1,5,E01016721,0,1
2025430112275,2025,430112275,1,9,0,18,19,4,8,0,0,0,0,0,0,0,4,1,3,7,2,73,10,-1,-1,-1,-1,10,E01016630,0,1
2025430112733,2025,430112733,2,1,0,18,19,1,6,0,0,1,0,0,0,0,4,1,2,2,3,44,7,-1,-1,-1,-1,10,E01028695,0,1
2025430112733,2025,430112733,1,9,0,3,3,5,1,0,0,1,0,0,0,0,1,1,6,6,1,-1,-1,-1,-1,-1,-1,-1,-1,0,-1
2025430112745,2025,430112745,1,9,0,4,4,1,5,0,0,1,0,0,0,0,2,1,2,2,1,33,6,-1,-1,-1,-1,4,E01033497,0,1
2025430112745,2025,430112745,2,9,0,18,19,1,5,0,0,1,0,0,0,0,1,1,6,6,1,-1,-1,-1,-1,-1,-1,-1,-1,0,-1
2025430112776,2025,430112776,1,3,0,17,19,2,6,0,0,0,0,0,0,0,4,1,2,2,1,28,6,-1,-1,-1,-1,-1,-1,0,-1
2025430113118,2025,430113118,1,3,0,18,19,6,2,0,0,0,0,0,0,0,1,1,2,2,1,22,5,-1,-1,-1,-1,8,E01017738,0,2
2025430113232,2025,430113232,1,9,0,16,19,1,5,0,0,0,5,0,1,0,1,1,6,6,2,20,4,-1,-1,-1,-1,-1,-1,0,-1
2025430113358,2025,430113358,1,3,0,17,19,1,5,0,0,0,0,0,0,0,3,1,5,6,1,20,4,-1,-1,-1,-1,-1,-1,0,-1
2025430113916,2025,430113916,2,9,0,18,19,6,2,0,0,0,0,0,0,0,1,1,6,6,3,-1,-1,-1,-1,-1,-1,-1,-1,0,-1
2025430113916,2025,430113916,1,9,0,18,19,6,2,0,0,0,0,0,0,0,2,1,2,2,1,26,6,-1,-1,-1,-1,7,E01016417,0,1
2025430114081,2025,430114081,1,5,0,18,19,2,6,0,0,1,1,0,0,0,4,1,5,6,1,33,6,-1,-1,-1,-1,10,E01016335,0,1
2025430114207,2025,430114207,1,9,0,18,19,2,6,0,0,0,0,0,1,4,1,1,6,6,1,78,11,-1,-1,-1,-1,8,E01028784,0,1
2025430114211,2025,430114211,2,1,0,18,19,5,8,0,0,8,0,0,0,0,1,1,5,6,3,62,9,-1,-1,-1,-1,10,E01028572,0,1
2025430114211,2025,430114211,1,9,0,10,10,8,4,0,0,2,0,0,0,0,4,1,6,6,2,-1,-1,-1,-1,-1,-1,-1,-1,0,-1
2025430114417,2025,430114417,1,9,0,18,19,5,1,0,0,0,0,0,0,0,4,1,6,6,2,35,6,-1,-1,-1,-1,-1,-1,0,-1
2025430114504,2025,430114504,2,1,0,18,19,2,7,0,0,8,0,0,0,0,4,1,5,6,1,63,9,-1,-1,-1,-1,9,E01028799,0,1
2025430114504,2025,430114504,1,9,0,9,9,5,2,0,0,4,0,0,0,0,1,1,5,6,2,32,6,-1,-1,-1,-1,-1,-1,0,-1
2025430114505,2025,430114505,2,2,0,18,19,5,1,0,0,4,0,0,0,0,3,1,6,6,1,16,4,-1,-1,-1,-1,8,E01017628,0,1
2025430114505,2025,430114505,1,9,0,9,9,5,3,0,0,4,0,0,0,0,4,1,6,6,2,46,8,-1,-1,-1,-1,10,E01033969,0,1
2025430114506,2025,430114506,2,5,0,17,19,2,6,0,0,0,0,0,0,0,3,1,5,6,1,52,8,-1,-1,-1,-1,4,E01028440,0,1
2025430114506,2025,430114506,3,9,0,17,19,2,6,0,0,0,0,0,0,0,3,1,2,2,1,41,7,-1,-1,-1,-1,10,E01026184,0,5
2025430114506,2025,430114506,1,3,0,16,19,6,2,0,0,0,0,0,0,0,3,1,5,6,1,46,8,-1,-1,-1,-1,6,E01031194,0,3
2025430114684,2025,430114684,1,5,0,17,19,6,2,0,0,0,0,0,1,0,4,1,6,6,1,40,7,-1,-1,-1,-1,8,E01034451,0,2
2025430114857,2025,430114857,2,9,0,4,4,7,3,0,0,4,0,0,7,0,1,1,6,6,1,-1,-1,-1,-1,-1,-1,-1,-1,0,-1
2025430114857,2025,430114857,1,9,0,4,4,7,3,0,0,1,0,0,0,0,2,1,6,6,2,26,6,-1,-1,-1,-1,9,E01000116,0,4
2025430114879,2025,430114879,2,19,0,18,19,6,8,0,0,6,0,0,0,0,4,1,6,6,1,-1,-1,-1,-1,-1,-1,-1,-1,0,-1
2025430114879,2025,430114879,1,9,0,4,4,8,2,0,0,8,0,0,0,0,2,1,6,6,2,39,7,-1,-1,-1,-1,5,E01016809,0,2
2025430115738,2025,430115738,2,9,0,3,3,1,5,0,0,0,0,0,0,0,2,1,5,6,2,61,9,-1,-1,-1,-1,8,E01028504,0,3
2025430115738,2025,430115738,1,5,0,18,19,1,5,0,0,0,0,0,0,0,1,1,5,6,1,36,7,-1,-1,-1,-1,8,E01009800,0,4
2025430115779,2025,430115779,1,9,0,18,19,6,2,0,0,0,0,0,0,0,1,1,6,6,1,41,7,-1,-1,-1,-1,10,E01016214,0,1
2025430115779,2025,430115779,2,1,0,18,19,8,4,0,0,0,0,0,0,0,3,1,6,6,1,11,3,-1,-1,-1,-1,7,E01016220,0,1
2025430116830,2025,430116830,2,9,0,18,19,8,4,0,0,0,0,0,0,0,3,1,2,2,1,48,8,-1,-1,-1,-1,5,E01017913,0,3
2025430116830,2025,430116830,1,9,0,18,19,8,4,0,0,0,0,0,0,0,1,1,2,2,2,47,8,-1,-1,-1,-1,5,E01002479,0,3
2025430116874,2025,430116874,2,1,0,9,9,1,6,0,0,8,0,0,0,0,2,1,6,6,1,52,8,-1,-1,-1,-1,8,E01017741,0,1
2025430116874,2025,430116874,1,9,0,5,5,2,6,0,0,4,0,0,0,0,1,1,2,2,2,34,6,-1,-1,-1,-1,10,E01017742,0,1
2025430117105,2025,430117105,1,9,0,17,19,4,1,0,0,0,2,0,1,4,1,1,1,1,1,56,9,-1,-1,-1,-1,9,E01035269,0,1