collision_index,collision_year,collision_ref_no,vehicle_reference,vehicle_type,towing_and_articulation,vehicle_manoeuvre_historic,vehicle_manoeuvre,vehicle_direction_from,vehicle_direction_to,vehicle_location_restricted_lane_historic,vehicle_location_restricted_lane,junction_location,skidding_and_overturning,hit_object_in_carriageway,vehicle_leaving_carriageway,hit_object_off_carriageway,first_point_of_impact,vehicle_left_hand_drive,journey_purpose_of_driver_historic,journey_purpose_of_driver,sex_of_driver,age_of_driver,age_band_of_driver,engine_capacity_cc,propulsion_code,age_of_vehicle,generic_make_model,driver_imd_decile,lsoa_of_driver,escooter_flag,driver_distance_banding
2025430159548,2025,430159548,1,1,0,18,19,7,3,0,0,4,0,0,0,0,1,1,6,6,2,24,5,-1,-1,-1,-1,2,E01025274,0,5
2025430159548,2025,430159548,2,19,0,18,19,5,1,0,0,8,0,0,0,0,4,1,1,1,1,35,6,-1,-1,-1,-1,8,E01022558,0,4
2025430159585,2025,430159585,1,9,0,18,19,8,4,0,0,0,0,0,0,0,1,1,5,6,2,67,10,-1,-1,-1,-1,8,E01017821,0,1
2025430159805,2025,430159805,2,5,0,18,19,5,1,0,0,8,0,0,0,0,1,1,6,6,1,64,9,-1,-1,-1,-1,4,E01028440,0,4
2025430159805,2025,430159805,1,9,0,9,9,7,5,0,0,6,0,0,0,0,3,1,6,6,2,67,10,-1,-1,-1,-1,9,E01028492,0,1
2025430159972,2025,430159972,2,9,0,18,19,3,7,0,0,1,0,0,0,0,1,1,6,6,1,22,5,-1,-1,-1,-1,10,E01028680,0,2
2025430159972,2025,430159972,1,9,0,9,9,7,5,0,0,5,0,0,0,0,4,1,6,6,1,36,7,-1,-1,-1,-1,3,E01028577,0,3
2025430160309,2025,430160309,1,9,0,3,3,3,7,0,0,1,0,0,0,0,2,1,5,6,2,80,11,-1,-1,-1,-1,3,E01017663,0,1
2025430160309,2025,430160309,2,9,0,18,19,3,7,0,0,1,0,0,0,0,1,1,6,6,3,-1,-1,-1,-1,-1,-1,-1,-1,0,-1
2025430161168,2025,430161168,1,3,0,18,19,7,3,0,0,4,0,9,1,0,1,1,6,6,1,18,4,-1,-1,-1,-1,8,E01016190,0,1
2025430161754,2025,430161754,1,9,0,18,19,2,6,0,0,1,0,0,0,0,1,1,6,6,3,-1,-1,-1,-1,-1,-1,-1,-1,0,-1
2025430162133,2025,430162133,3,9,0,3,3,6,2,0,0,1,0,0,0,0,1,1,5,6,1,53,8,-1,-1,-1,-1,9,E01017888,0,2
2025430162133,2025,430162133,1,9,0,18,19,2,6,0,0,2,0,0,6,11,1,1,5,6,2,38,7,-1,-1,-1,-1,10,E01017872,0,2
2025430162133,2025,430162133,2,9,0,3,3,6,2,0,0,1,0,0,0,0,1,1,2,2,2,23,5,-1,-1,-1,-1,8,E01028623,0,4
2025430162281,2025,430162281,2,9,0,9,9,5,3,0,0,6,0,0,0,0,3,1,6,6,2,-1,-1,-1,-1,-1,-1,10,E01016575,0,1
2025430162281,2025,430162281,1,1,0,18,19,3,7,0,0,8,0,0,0,0,1,1,5,6,1,47,8,-1,-1,-1,-1,10,E01016596,0,1
2025430162313,2025,430162313,1,19,0,9,9,8,6,0,0,6,0,0,0,0,1,1,6,6,1,30,6,-1,-1,-1,-1,-1,-1,0,-1
2025430162313,2025,430162313,2,9,0,18,19,2,6,0,0,8,0,0,0,0,3,1,5,6,1,74,10,-1,-1,-1,-1,-1,-1,0,-1
2025430162498,2025,430162498,1,21,0,18,19,4,8,0,0,0,0,0,0,0,1,1,1,1,1,35,6,-1,-1,-1,-1,4,E01029431,0,5
2025430162498,2025,430162498,2,9,0,4,4,4,8,0,0,0,0,0,0,0,2,1,5,6,1,77,11,-1,-1,-1,-1,9,E01002539,0,2
2025430162604,2025,430162604,1,8,0,5,5,3,7,0,0,0,0,0,0,0,4,1,5,6,1,47,8,-1,-1,-1,-1,1,E01016842,0,1
2025430162724,2025,430162724,1,9,0,18,19,7,3,0,0,1,0,0,0,0,3,1,6,6,2,55,8,-1,-1,-1,-1,8,E01016801,0,2
2025430162724,2025,430162724,2,21,0,18,19,7,3,0,0,1,0,0,0,0,4,1,6,6,1,32,6,-1,-1,-1,-1,-1,-1,0,-1
2025430162727,2025,430162727,2,9,0,18,19,2,4,0,0,0,0,0,0,0,1,1,6,6,2,25,5,-1,-1,-1,-1,-1,-1,0,-1
2025430162727,2025,430162727,1,9,0,4,4,2,4,0,0,0,0,0,0,0,2,1,1,1,2,44,7,-1,-1,-1,-1,10,E01017631,0,1
2025430162735,2025,430162735,1,9,0,18,19,1,5,0,0,1,0,0,0,0,1,1,2,2,2,32,6,-1,-1,-1,-1,3,E01026235,0,5
2025430162930,2025,430162930,2,9,0,4,4,7,3,0,0,5,0,0,0,0,1,1,5,6,1,49,8,-1,-1,-1,-1,-1,-1,0,-1
2025430162930,2025,430162930,1,9,0,4,4,5,1,0,0,4,0,0,0,0,2,1,5,6,1,31,6,-1,-1,-1,-1,2,E01033499,0,1
2025430163169,2025,430163169,1,9,0,3,3,5,1,0,0,1,0,0,0,0,2,1,5,6,1,27,6,-1,-1,-1,-1,8,E01016380,0,1
2025430163169,2025,430163169,2,9,0,18,19,5,1,0,0,1,0,0,0,0,1,1,6,6,1,-1,-1,-1,-1,-1,-1,-1,-1,0,-1
2025430163347,2025,430163347,1,1,0,18,19,2,6,9,9,0,0,0,0,0,3,1,5,6,1,15,3,-1,-1,-1,-1,-1,-1,0,-1
2025430163521,2025,430163521,1,9,0,18,19,3,7,0,0,1,0,0,0,0,4,1,5,6,2,61,9,-1,-1,-1,-1,5,E01016566,0,1
2025430163738,2025,430163738,1,9,0,18,19,4,8,0,0,0,0,0,0,0,1,1,5,6,1,81,11,-1,-1,-1,-1,10,E01028670,0,1
2025430164007,2025,430164007,2,9,0,9,9,1,7,0,0,5,0,0,0,0,3,1,5,6,1,-1,-1,-1,-1,-1,-1,-1,-1,0,-1
2025430164007,2025,430164007,1,97,0,14,14,1,5,0,0,1,0,0,0,0,1,1,6,6,1,20,4,-1,-1,-1,-1,9,E01028802,0,3
2025430164196,2025,430164196,2,22,0,18,19,6,2,0,0,2,0,0,0,0,3,1,5,6,1,64,9,-1,-1,-1,-1,4,E01016271,0,1
2025430164196,2025,430164196,1,9,0,18,19,4,8,0,0,3,0,0,0,0,1,1,6,6,2,42,7,-1,-1,-1,-1,3,E01016389,0,1
2025430164224,2025,430164224,1,9,0,9,9,6,3,0,0,8,0,10,1,0,4,1,5,6,1,21,5,-1,-1,-1,-1,8,E01035236,0,4
2025430164224,2025,430164224,2,9,0,18,19,2,6,0,0,4,0,0,0,0,1,1,6,6,2,-1,-1,-1,-1,-1,-1,-1,-1,0,-1
2025430164400,2025,430164400,2,9,0,9,9,9,9,0,0,8,0,0,0,0,3,1,6,6,2,-1,-1,-1,-1,-1,-1,-1,-1,0,-1
2025430164400,2025,430164400,1,3,0,6,6,9,9,0,0,8,0,0,0,0,1,1,5,6,1,31,6,-1,-1,-1,-1,10,E01016424,0,2
2025430164519,2025,430164519,1,9,0,18,19,1,5,0,0,1,5,0,1,0,3,1,6,6,2,51,8,-1,-1,-1,-1,-1,-1,0,-1
2025430164519,2025,430164519,2,9,0,18,19,5,1,0,0,2,0,0,0,0,3,1,6,6,3,-1,-1,-1,-1,-1,-1,-1,-1,0,-1
2025430164840,2025,430164840,1,5,0,18,19,3,7,0,0,0,0,0,1,11,1,1,5,6,1,50,8,-1,-1,-1,-1,8,E01023541,0,4
2025430164881,2025,430164881,2,9,0,18,19,5,1,0,0,1,0,0,0,0,1,1,6,6,3,-1,-1,-1,-1,-1,-1,-1,-1,0,-1
2025430164881,2025,430164881,1,9,0,10,10,5,3,0,0,1,0,0,0,0,2,1,5,6,1,19,4,-1,-1,-1,-1,-1,-1,0,-1
2025430165000,2025,430165000,2,9,0,4,4,6,2,0,0,0,0,0,0,0,2,1,5,6,2,47,8,-1,-1,-1,-1,-1,-1,0,-1
2025430165000,2025,430165000,1,97,0,18,19,6,2,0,0,0,0,0,0,0,1,1,5,6,1,32,6,-1,-1,-1,-1,9,E01028730,0,2
2025430165249,2025,430165249,1,9,0,1,1,5,1,9,9,0,0,0,0,0,2,1,6,6,1,-1,-1,-1,-1,-1,-1,-1,-1,0,-1
2025430165425,2025,430165425,1,9,0,18,19,4,8,0,0,0,1,0,7,4,3,1,5,6,1,19,4,-1,-1,-1,-1,10,E01028534,0,1
2025430165544,2025,430165544,1,4,0,18,19,1,5,0,0,0,1,0,0,0,4,1,6,6,1,31,6,-1,-1,-1,-1,3,E01033423,0,1
2025430165809,2025,430165809,1,19,0,9,9,8,6,0,0,5,0,0,0,0,1,1,6,6,1,65,9,-1,-1,-1,-1,-1,-1,0,-1
2025430165882,2025,430165882,1,4,0,18,19,4,8,0,0,0,0,10,1,0,1,1,5,6,2,21,5,-1,-1,-1,-1,5,E01016566,0,4
2025430165933,2025,430165933,1,9,0,9,9,8,6,0,0,6,0,0,0,0,1,1,2,2,1,77,11,-1,-1,-1,-1,9,E01035264,0,2
2025430165938,2025,430165938,1,9,0,18,19,3,7,0,0,1,0,0,0,0,1,1,5,6,1,67,10,-1,-1,-1,-1,5,E01002632,0,3
2025430166120,2025,430166120,1,1,0,18,19,6,3,0,0,8,0,0,0,0,4,1,5,6,1,58,9,-1,-1,-1,-1,8,E01017628,0,1
2025430166120,2025,430166120,2,9,0,9,9,6,0,0,0,4,0,0,0,0,1,1,6,6,2,45,7,-1,-1,-1,-1,-1,-1,0,-1
2025430166371,2025,430166371,1,9,0,9,9,6,3,0,0,6,0,0,0,0,1,1,5,6,1,27,6,-1,-1,-1,-1,5,E01001536,0,4
2025430166371,2025,430166371,2,9,0,17,19,3,0,0,0,8,0,0,0,0,4,1,6,6,1,73,10,-1,-1,-1,-1,10,E01017942,0,2
2025430166414,2025,430166414,2,9,0,18,19,8,4,0,0,1,0,0,0,0,3,1,6,6,2,38,7,-1,-1,-1,-1,10,E01016259,0,1
2025430166414,2025,430166414,1,9,0,7,7,6,8,0,0,5,0,0,0,0,1,1,5,6,1,55,8,-1,-1,-1,-1,9,E01016258,0,1
2025430166518,2025,430166518,2,19,0,9,9,2,8,0,0,5,0,0,0,0,1,1,6,6,1,-1,-1,-1,-1,-1,-1,-1,-1,0,-1
2025430166518,2025,430166518,1,1,0,17,19,5,2,0,0,8,0,0,0,0,3,1,5,6,1,63,9,-1,-1,-1,-1,10,E01016585,0,1
2025430166522,2025,430166522,1,19,4,18,19,9,9,0,0,1,0,0,0,0,9,1,6,6,1,-1,-1,-1,-1,-1,-1,-1,-1,0,-1
2025430166633,2025,430166633,1,9,0,18,19,3,7,0,0,0,0,0,0,0,1,1,6,6,2,30,6,-1,-1,-1,-1,-1,-1,0,-1
2025430167193,2025,430167193,1,9,0,9,9,7,4,0,0,5,0,0,0,0,1,1,5,6,1,85,11,-1,-1,-1,-1,10,E01016693,0,1
2025430167193,2025,430167193,2,1,0,17,19,2,7,0,0,8,0,0,0,0,3,1,5,6,1,65,9,-1,-1,-1,-1,7,E01017893,0,3
2025430167477,2025,430167477,1,9,0,9,9,1,7,0,0,5,0,0,0,0,3,1,5,6,2,-1,-1,-1,-1,-1,-1,9,E01028673,0,4
2025430167477,2025,430167477,2,3,0,18,19,5,1,0,0,1,5,0,1,0,1,1,5,6,1,50,8,-1,-1,-1,-1,5,E01035424,0,4
2025430167568,2025,430167568,1,9,0,18,19,8,4,0,0,0,0,0,0,0,2,1,5,6,1,53,8,-1,-1,-1,-1,5,E01023905,0,3
2025430167568,2025,430167568,2,9,0,18,19,8,4,0,0,0,0,0,0,0,1,1,6,6,3,-1,-1,-1,-1,-1,-1,-1,-1,0,-1
2025430167833,2025,430167833,1,9,0,18,19,7,3,0,0,1,0,0,0,0,1,1,5,6,1,60,9,-1,-1,-1,-1,-1,-1,0,-1
2025430167833,2025,430167833,2,9,0,18,19,3,7,0,0,2,0,0,0,0,1,1,5,6,1,79,11,-1,-1,-1,-1,8,E01016576,0,1
2025430167864,2025,430167864,1,9,0,18,19,7,3,0,0,8,0,0,0,0,1,1,5,6,1,65,9,-1,-1,-1,-1,7,E01017680,0,3
2025430167864,2025,430167864,2,9,0,9,9,2,7,0,0,6,0,0,0,0,1,1,5,6,1,45,7,-1,-1,-1,-1,7,E01028612,0,4
2025430167982,2025,430167982,1,9,0,18,19,-1,-1,0,0,0,2,10,1,4,4,1,5,6,1,33,6,-1,-1,-1,-1,9,E01017888,0,1
2025430168391,2025,430168391,1,9,0,9,9,2,8,0,0,5,0,0,0,0,1,1,1,1,2,55,8,-1,-1,-1,-1,4,E01016447,0,1
2025430168391,2025,430168391,2,9,0,18,19,6,2,0,0,8,0,0,0,0,1,1,5,6,2,50,8,-1,-1,-1,-1,8,E01017817,0,1
2025430168556,2025,430168556,2,9,0,7,7,3,5,0,0,1,0,0,0,0,1,1,6,6,3,-1,-1,-1,-1,-1,-1,-1,-1,0,-1
2025430168556,2025,430168556,1,9,0,7,7,3,5,0,0,1,0,0,0,0,2,1,2,2,1,53,8,-1,-1,-1,-1,3,E01016490,0,1
2025430168729,2025,430168729,1,9,0,5,5,7,3,0,0,1,0,0,0,0,1,1,6,6,1,36,7,-1,-1,-1,-1,8,E01034460,0,1
2025430168729,2025,430168729,2,9,0,3,3,7,3,0,0,1,0,0,0,0,2,1,6,6,2,55,8,-1,-1,-1,-1,8,E01034452,0,1
2025430168972,2025,430168972,1,9,0,2,2,0,0,0,0,0,0,0,0,0,2,1,5,6,1,56,9,-1,-1,-1,-1,-1,-1,0,-1
2025430168972,2025,430168972,2,9,0,18,19,6,2,0,0,0,0,0,0,0,1,1,6,6,3,-1,-1,-1,-1,-1,-1,-1,-1,0,-1
2025430169372,2025,430169372,2,9,0,10,10,5,3,0,0,1,0,0,0,0,2,1,6,6,1,-1,-1,-1,-1,-1,-1,-1,-1,0,-1
2025430169372,2025,430169372,1,5,0,18,19,5,1,0,0,1,0,0,0,0,1,1,2,2,1,49,8,-1,-1,-1,-1,10,E01017874,0,2
2025430169542,2025,430169542,2,9,0,18,19,3,7,0,0,4,0,0,0,0,1,1,6,6,1,47,8,-1,-1,-1,-1,-1,-1,0,-1
2025430169542,2025,430169542,1,9,0,3,3,3,7,0,0,4,0,0,0,0,2,1,6,6,2,22,5,-1,-1,-1,-1,6,E01027326,0,4
2025430169545,2025,430169545,1,9,0,99,99,9,9,0,0,8,0,0,0,0,4,1,5,6,2,49,8,-1,-1,-1,-1,10,E01016188,0,2
2025430169545,2025,430169545,2,9,0,99,99,9,9,0,0,8,0,0,0,0,3,1,6,6,2,-1,-1,-1,-1,-1,-1,-1,-1,0,-1
2025430169550,2025,430169550,2,9,0,99,99,9,9,0,0,8,0,0,0,0,4,1,6,6,1,-1,-1,-1,-1,-1,-1,-1,-1,0,-1
2025430169550,2025,430169550,1,9,0,9,9,7,5,0,0,8,0,0,0,0,3,1,5,6,2,39,7,-1,-1,-1,-1,10,E01016552,0,1
2025430169555,2025,430169555,1,90,0,7,7,3,5,0,0,1,0,0,0,0,1,1,1,1,1,-1,-1,-1,-1,-1,-1,-1,-1,0,-1
2025430169555,2025,430169555,2,9,0,18,19,1,5,0,0,8,0,0,0,0,4,1,2,2,1,26,6,-1,-1,-1,-1,8,E01015481,0,4
2025430169559,2025,430169559,1,19,4,5,5,5,1,0,0,2,0,0,0,0,1,1,6,6,1,47,8,-1,-1,-1,-1,-1,-1,0,-1
2025430169559,2025,430169559,2,1,0,18,19,2,6,0,0,1,0,0,0,0,4,1,2,2,1,21,5,-1,-1,-1,-1,6,E01028586,0,2
2025430169561,2025,430169561,2,9,0,18,19,1,5,0,0,0,0,0,0,0,1,1,6,6,1,22,5,-1,-1,-1,-1,-1,-1,0,-1
2025430169561,2025,430169561,1,9,0,3,3,1,5,0,0,0,0,0,0,0,2,1,5,6,1,28,6,-1,-1,-1,-1,9,E01003877,0,4
2025430169562,2025,430169562,2,9,0,18,19,3,7,0,0,1,0,0,0,0,1,1,6,6,3,-1,-1,-1,-1,-1,-1,-1,-1,0,-1
2025430169562,2025,430169562,1,9,0,3,3,3,7,0,0,1,0,0,0,0,2,1,5,6,1,24,5,-1,-1,-1,-1,1,E01024610,0,5
2025430169823,2025,430169823,1,9,0,5,5,5,1,0,0,6,0,0,0,0,3,1,2,2,2,28,6,-1,-1,-1,-1,-1,-1,0,-1
2025430169823,2025,430169823,2,5,0,18,19,3,7,0,0,1,0,0,0,0,1,1,2,2,1,45,7,-1,-1,-1,-1,3,E01028577,0,1
2025430170043,2025,430170043,2,3,0,18,19,8,4,0,0,8,0,0,0,0,1,1,1,1,1,44,7,-1,-1,-1,-1,5,E01016357,0,1
2025430170043,2025,430170043,1,9,0,9,9,2,8,0,0,6,0,0,0,0,3,1,5,6,1,31,6,-1,-1,-1,-1,3,E01016389,0,1
2025430170701,2025,430170701,2,19,0,18,19,2,6,0,0,0,0,0,0,0,3,1,6,6,1,-1,-1,-1,-1,-1,-1,-1,-1,0,-1
2025430170701,2025,430170701,1,9,0,18,19,6,2,0,0,0,0,0,0,0,3,1,5,6,2,66,10,-1,-1,-1,-1,9,E01016691,0,1
2025430170703,2025,430170703,1,9,0,5,5,1,5,0,0,4,0,0,0,0,3,1,5,6,2,21,5,-1,-1,-1,-1,3,E01028524,0,1
2025430170703,2025,430170703,2,-1,0,18,19,6,2,0,0,8,0,0,0,0,1,1,5,6,2,26,6,-1,-1,-1,-1,-1,-1,1,-1
2025430170704,2025,430170704,2,9,0,18,19,8,1,0,0,2,0,0,0,0,1,1,6,6,3,-1,-1,-1,-1,-1,-1,-1,-1,0,-1
2025430170704,2025,430170704,1,9,0,3,3,8,1,0,0,2,0,0,0,0,2,1,5,6,2,30,6,-1,-1,-1,-1,5,E01023838,0,3
2025430171136,2025,430171136,1,98,0,18,19,8,4,0,0,0,0,0,0,0,4,1,6,6,1,-1,-1,-1,-1,-1,-1,-1,-1,0,-1
2025430171546,2025,430171546,1,1,0,18,19,8,4,0,0,0,1,0,0,0,0,1,5,6,1,37,7,-1,-1,-1,-1,10,E01016601,0,1
2025430171731,2025,430171731,1,9,0,18,19,8,4,0,0,0,0,0,0,0,4,1,6,6,3,-1,-1,-1,-1,-1,-1,-1,-1,0,-1
2025430171981,2025,430171981,3,21,0,3,3,3,7,0,0,0,0,0,0,0,2,1,1,1,1,52,8,-1,-1,-1,-1,2,E01017253,0,4
2025430171981,2025,430171981,1,19,0,18,19,3,7,0,0,0,0,0,0,0,1,1,2,2,1,36,7,-1,-1,-1,-1,5,E01022640,0,4
2025430171981,2025,430171981,2,9,0,3,3,3,7,0,0,0,0,0,0,0,2,1,5,6,2,50,8,-1,-1,-1,-1,7,E01016277,0,4
2025430172412,2025,430172412,1,9,0,9,9,2,8,0,0,8,0,0,0,0,3,1,6,6,2,45,7,-1,-1,-1,-1,-1,-1,0,-1
2025430172412,2025,430172412,2,1,0,7,7,8,2,0,0,8,0,0,0,0,3,1,2,2,2,25,5,-1,-1,-1,-1,6,E01028542,0,1
2025430172701,2025,430172701,1,9,0,18,19,5,1,0,0,4,0,0,0,0,1,1,2,2,1,23,5,-1,-1,-1,-1,9,E01028688,0,1
2025430172701,2025,430172701,2,1,0,18,19,3,7,0,0,8,0,0,0,0,4,1,2,2,2,25,5,-1,-1,-1,-1,8,E01028547,0,2
2025430172841,2025,430172841,2,3,0,16,19,5,1,0,0,3,0,9,0,0,1,1,6,6,2,39,7,-1,-1,-1,-1,8,E01034459,0,5
2025430172841,2025,430172841,1,9,0,5,5,7,3,0,0,4,0,0,0,0,3,1,6,6,2,44,7,-1,-1,-1,-1,8,E01033514,0,5
2025430173301,2025,430173301,2,5,0,10,10,6,5,0,0,1,0,0,0,0,2,1,5,6,1,62,9,-1,-1,-1,-1,4,E01001329,0,4
2025430173301,2025,430173301,1,5,0,18,19,6,2,0,0,1,0,0,0,0,1,1,5,6,1,68,10,-1,-1,-1,-1,4,E01034610,0,4
2025430173429,2025,430173429,1,4,0,18,19,6,2,0,0,3,0,0,0,0,1,1,5,6,1,22,5,-1,-1,-1,-1,3,E01034714,0,4
2025430173429,2025,430173429,2,9,0,4,4,6,2,0,0,3,0,0,0,0,2,1,2,2,2,54,8,-1,-1,-1,-1,-1,-1,0,-1
2025430173440,2025,430173440,1,-1,0,18,19,9,9,9,9,0,0,0,0,0,1,1,6,6,1,-1,-1,-1,-1,-1,-1,-1,-1,1,-1
2025430173566,2025,430173566,2,1,0,18,19,2,6,0,0,8,0,0,0,0,1,1,6,6,1,43,7,-1,-1,-1,-1,-1,-1,0,-1
2025430173566,2025,430173566,1,3,0,9,9,2,8,0,0,5,0,0,0,0,2,1,6,6,1,23,5,-1,-1,-1,-1,-1,-1,0,-1
2025430173740,2025,430173740,1,8,0,9,9,2,7,0,0,8,0,0,0,0,3,1,6,6,1,50,8,-1,-1,-1,-1,4,E01017662,0,1
2025430173740,2025,430173740,2,9,0,9,9,2,7,0,0,8,0,0,0,0,4,1,6,6,1,35,6,-1,-1,-1,-1,-1,-1,0,-1
2025430173844,2025,430173844,1,9,0,18,19,2,6,0,0,2,0,0,0,0,0,1,6,6,3,-1,-1,-1,-1,-1,-1,-1,-1,0,-1
2025430173844,2025,430173844,2,1,0,18,19,2,6,0,0,2,0,0,0,0,1,1,5,6,2,-1,-1,-1,-1,-1,-1,7,E01028526,0,1
2025430174443,2025,430174443,1,1,0,18,19,3,7,0,0,0,0,0,0,0,1,1,5,6,1,55,8,-1,-1,-1,-1,10,E01017930,0,1
2025430174443,2025,430174443,2,9,0,18,19,7,3,0,0,0,0,0,0,0,1,1,6,6,1,30,6,-1,-1,-1,-1,10,E01017885,0,1
2025430174445,2025,430174445,1,9,0,18,19,6,2,0,0,0,0,10,0,0,3,1,6,6,1,36,7,-1,-1,-1,-1,6,E01016754,0,1
2025430174445,2025,430174445,2,9,0,13,13,6,2,0,0,0,0,0,0,0,4,1,6,6,3,-1,-1,-1,-1,-1,-1,-1,-1,0,-1
2025430174818,2025,430174818,2,9,0,10,10,1,5,0,0,0,0,0,0,0,2,1,5,6,2,-1,-1,-1,-1,-1,-1,-1,-1,0,-1
2025430174818,2025,430174818,1,9,0,18,19,1,5,0,0,0,0,0,0,0,1,1,5,6,2,39,7,-1,-1,-1,-1,10,E01028680,0,2
2025430174953,2025,430174953,1,9,0,17,19,8,5,0,0,8,5,0,7,0,1,1,1,1,1,19,4,-1,-1,-1,-1,10,E01016535,0,4
2025430175115,2025,430175115,2,5,0,18,19,1,5,0,0,8,0,0,0,0,4,1,5,6,1,39,7,-1,-1,-1,-1,10,E01035427,0,3
2025430175115,2025,430175115,1,9,0,18,19,1,6,0,0,4,0,0,0,0,3,1,5,6,1,60,9,-1,-1,-1,-1,4,E01028447,0,1
2025430175713,2025,430175713,1,9,0,14,14,4,8,0,0,0,0,0,0,0,4,1,5,6,1,35,6,-1,-1,-1,-1,2,E01016451,0,1
2025430175713,2025,430175713,2,9,0,5,5,4,8,0,0,0,0,0,0,0,3,1,6,6,1,30,6,-1,-1,-1,-1,9,E01017759,0,2
2025430175767,2025,430175767,1,-1,0,18,19,8,4,0,0,0,0,0,0,0,1,1,6,6,1,-1,-1,-1,-1,-1,-1,-1,-1,1,-1
2025430176680,2025,430176680,1,19,0,1,1,3,7,0,0,8,0,0,0,0,2,1,1,1,1,25,5,-1,-1,-1,-1,-1,-1,0,-1
2025430176716,2025,430176716,2,5,0,9,9,8,7,0,0,8,0,0,0,0,1,1,6,6,1,69,10,-1,-1,-1,-1,10,E01016684,0,1
2025430176716,2025,430176716,1,9,0,18,19,3,8,0,0,4,0,0,0,0,3,1,6,6,2,44,7,-1,-1,-1,-1,8,E01016614,0,1
2025430177214,2025,430177214,1,9,0,3,3,7,5,0,0,1,0,0,0,0,2,1,3,7,2,43,7,-1,-1,-1,-1,4,E01016455,0,1
2025430177214,2025,430177214,2,9,0,18,19,7,2,0,0,1,0,0,0,0,1,1,6,6,3,-1,-1,-1,-1,-1,-1,-1,-1,0,-1
2025430177219,2025,430177219,1,9,0,16,19,5,8,0,0,0,0,0,0,0,3,1,5,6,1,39,7,-1,-1,-1,-1,5,E01017856,0,1
2025430177219,2025,430177219,2,9,0,17,19,8,5,0,0,0,0,0,0,0,3,1,6,6,3,-1,-1,-1,-1,-1,-1,-1,-1,0,-1
2025430177384,2025,430177384,3,9,0,18,19,2,6,0,0,8,0,0,0,0,1,1,5,6,1,28,6,-1,-1,-1,-1,10,E01016208,0,1
2025430177384,2025,430177384,1,9,0,9,9,2,8,0,0,5,0,0,0,0,1,1,2,2,2,81,11,-1,-1,-1,-1,10,E01016707,0,1
2025430177384,2025,430177384,2,9,0,18,19,6,2,0,0,8,0,0,0,0,1,1,5,6,1,29,6,-1,-1,-1,-1,7,E01016220,0,1
2025430177568,2025,430177568,1,5,0,18,19,8,4,0,0,8,0,0,0,0,1,1,2,2,1,46,8,-1,-1,-1,-1,7,E01033972,0,1
2025430177568,2025,430177568,2,9,0,9,9,4,2,0,0,5,0,0,0,0,1,1,3,7,1,26,6,-1,-1,-1,-1,10,E01017774,0,2
2025430177726,2025,430177726,1,9,0,18,19,6,2,0,0,2,0,0,0,0,1,1,5,6,2,17,4,-1,-1,-1,-1,9,E01017649,0,1
2025430177726,2025,430177726,2,9,0,18,19,2,6,0,0,1,0,0,0,0,1,1,6,6,1,45,7,-1,-1,-1,-1,8,E01027281,0,2
2025430178041,2025,430178041,3,9,0,18,19,4,8,0,0,0,0,0,0,0,2,1,5,6,1,54,8,-1,-1,-1,-1,4,E01016518,0,1
2025430178041,2025,430178041,2,2,0,18,19,4,8,0,0,0,0,0,0,0,2,1,5,6,1,28,6,-1,-1,-1,-1,4,E01035253,0,1
2025430178041,2025,430178041,1,9,0,18,19,4,8,0,0,0,1,0,0,0,1,1,5,6,1,25,5,-1,-1,-1,-1,4,E01033415,0,4
2025430178157,2025,430178157,1,9,0,2,2,0,0,0,0,0,0,0,0,0,2,1,6,6,1,45,7,-1,-1,-1,-1,9,E01017695,0,1
2025430178157,2025,430178157,2,9,0,18,19,7,3,0,0,0,0,0,0,0,1,1,6,6,1,75,10,-1,-1,-1,-1,6,E01017451,0,3
2025430178250,2025,430178250,1,9,0,18,19,6,2,9,9,0,0,0,1,0,4,1,1,1,1,34,6,-1,-1,-1,-1,10,E01020470,0,5
2025430178529,2025,430178529,2,98,1,18,19,8,4,0,0,0,0,0,0,0,3,1,6,6,1,-1,-1,-1,-1,-1,-1,-1,-1,0,-1
2025430178529,2025,430178529,1,9,0,18,19,8,4,0,0,0,0,0,0,0,4,1,2,2,2,47,8,-1,-1,-1,-1,5,E01016359,0,1
2025430178557,2025,430178557,1,5,0,13,13,7,3,0,0,8,1,0,0,0,4,1,5,6,1,62,9,-1,-1,-1,-1,-1,-1,0,-1
2025430178775,2025,430178775,1,5,0,16,19,3,6,0,0,8,1,0,0,0,4,1,5,6,1,61,9,-1,-1,-1,-1,10,E01017936,0,3
2025430178801,2025,430178801,2,1,0,18,19,6,2,0,0,8,0,0,0,0,1,1,5,6,1,60,9,-1,-1,-1,-1,8,E01002109,0,3
2025430178801,2025,430178801,1,9,0,9,9,2,8,0,0,5,0,0,0,0,1,1,6,6,2,87,11,-1,-1,-1,-1,8,E01017821,0,1
2025430178879,2025,430178879,2,9,0,3,3,5,1,0,0,0,0,0,0,0,2,1,6,6,1,29,6,-1,-1,-1,-1,3,E01016336,0,1
2025430178879,2025,430178879,3,9,0,18,19,5,1,0,0,0,0,0,0,0,1,1,6,6,1,30,6,-1,-1,-1,-1,7,E01016321,0,1