collision_index,collision_year,collision_ref_no,vehicle_reference,vehicle_type,towing_and_articulation,vehicle_manoeuvre_historic,vehicle_manoeuvre,vehicle_direction_from,vehicle_direction_to,vehicle_location_restricted_lane_historic,vehicle_location_restricted_lane,junction_location,skidding_and_overturning,hit_object_in_carriageway,vehicle_leaving_carriageway,hit_object_off_carriageway,first_point_of_impact,vehicle_left_hand_drive,journey_purpose_of_driver_historic,journey_purpose_of_driver,sex_of_driver,age_of_driver,age_band_of_driver,engine_capacity_cc,propulsion_code,age_of_vehicle,generic_make_model,driver_imd_decile,lsoa_of_driver,escooter_flag,driver_distance_banding
2025430205946,2025,430205946,1,9,0,1,1,7,3,0,0,0,0,0,0,0,2,1,6,6,3,-1,-1,-1,-1,-1,-1,-1,-1,0,-1
2025430206718,2025,430206718,2,8,0,4,4,7,3,0,0,1,0,0,0,0,4,1,6,6,1,64,9,-1,-1,-1,-1,8,E01034451,0,3
2025430206718,2025,430206718,1,1,0,4,4,1,5,0,0,1,0,0,0,0,1,1,1,1,2,36,7,-1,-1,-1,-1,8,E01016805,0,1
2025430207020,2025,430207020,2,19,0,18,19,8,4,0,0,0,0,0,0,0,1,1,6,6,1,50,8,-1,-1,-1,-1,-1,-1,0,-1
2025430207020,2025,430207020,1,9,0,3,3,8,4,0,0,0,0,0,0,0,2,1,6,6,1,32,6,-1,-1,-1,-1,5,E01033660,0,5
2025430207022,2025,430207022,2,9,0,9,9,1,7,0,0,6,0,0,0,0,4,1,6,6,1,-1,-1,-1,-1,-1,-1,-1,-1,0,-1
2025430207022,2025,430207022,1,3,0,18,19,7,3,0,0,8,0,0,0,0,1,1,1,1,1,37,7,-1,-1,-1,-1,5,E01017903,0,1
2025430207357,2025,430207357,1,1,0,18,19,8,5,0,0,8,0,0,0,0,4,1,5,6,1,52,8,-1,-1,-1,-1,8,E01017811,0,1
2025430207357,2025,430207357,2,9,0,9,9,2,8,0,0,6,0,0,0,0,1,1,6,6,1,34,6,-1,-1,-1,-1,10,E01017820,0,1
2025430207359,2025,430207359,1,1,0,18,19,2,6,0,0,8,0,0,0,0,4,1,4,7,1,15,3,-1,-1,-1,-1,7,E01034464,0,1
2025430207359,2025,430207359,2,9,0,9,9,2,8,0,0,6,0,0,0,0,1,1,6,6,1,-1,-1,-1,-1,-1,-1,-1,-1,0,-1
2025430207656,2025,430207656,2,9,0,18,19,1,5,0,0,0,0,0,0,0,2,1,6,6,2,-1,-1,-1,-1,-1,-1,10,E01023697,0,4
2025430207656,2025,430207656,1,3,0,18,19,1,5,0,0,0,0,0,0,0,1,1,6,6,1,40,7,-1,-1,-1,-1,8,E01017770,0,2
2025430207676,2025,430207676,2,5,0,18,19,7,3,0,0,8,0,0,0,0,1,1,2,2,1,50,8,-1,-1,-1,-1,10,E01016617,0,1
2025430207676,2025,430207676,1,9,0,10,10,7,5,0,0,8,0,0,0,0,3,1,2,2,1,44,7,-1,-1,-1,-1,6,E01002319,0,4
2025430207725,2025,430207725,2,9,0,5,5,0,4,0,0,0,0,0,0,0,1,1,6,6,1,-1,-1,-1,-1,-1,-1,-1,-1,0,-1
2025430207725,2025,430207725,1,9,0,18,19,8,4,0,0,0,0,0,0,0,1,1,5,6,2,51,8,-1,-1,-1,-1,6,E01001644,0,4
2025430208749,2025,430208749,2,9,0,18,19,3,7,0,0,0,0,0,0,0,1,1,6,6,1,47,8,-1,-1,-1,-1,-1,-1,0,-1
2025430208749,2025,430208749,1,-1,0,18,19,5,1,0,0,0,0,0,0,0,3,1,5,6,2,37,7,-1,-1,-1,-1,3,E01017665,1,1
2025430209198,2025,430209198,1,9,0,9,9,1,7,0,0,6,0,0,0,0,2,1,5,6,1,25,5,-1,-1,-1,-1,4,E01016400,0,1
2025430209198,2025,430209198,2,8,0,18,19,1,5,0,0,6,0,0,0,0,1,1,6,6,1,-1,-1,-1,-1,-1,-1,-1,-1,0,-1
2025430209331,2025,430209331,1,3,0,17,19,7,3,0,0,8,2,0,1,0,1,1,6,6,1,18,4,-1,-1,-1,-1,7,E01035737,0,4
2025430209419,2025,430209419,1,9,0,18,19,6,2,0,0,0,1,0,7,4,1,1,6,6,2,21,5,-1,-1,-1,-1,9,E01035750,0,1
2025430209441,2025,430209441,1,9,0,18,19,6,2,0,0,0,5,0,0,0,0,1,6,6,2,42,7,-1,-1,-1,-1,8,E01017713,0,1
2025430209523,2025,430209523,2,9,0,18,19,5,1,0,0,8,0,0,0,0,4,1,6,6,2,44,7,-1,-1,-1,-1,10,E01016386,0,1
2025430209523,2025,430209523,1,9,0,18,19,8,4,0,0,8,0,0,1,11,1,1,6,6,1,37,7,-1,-1,-1,-1,9,E01035749,0,4
2025430209619,2025,430209619,1,9,0,13,13,8,4,0,0,0,1,0,0,0,1,1,5,6,1,21,5,-1,-1,-1,-1,6,E01017781,0,2
2025430209843,2025,430209843,2,5,0,7,7,5,7,0,0,3,0,0,0,0,3,1,2,2,1,37,7,-1,-1,-1,-1,8,E01028623,0,3
2025430209843,2025,430209843,1,19,0,18,19,3,7,0,0,3,0,0,0,0,4,1,2,2,1,33,6,-1,-1,-1,-1,5,E01028498,0,3
2025430210191,2025,430210191,3,21,1,4,4,1,7,0,0,0,0,0,0,0,2,1,1,1,1,55,8,-1,-1,-1,-1,1,E01002095,0,4
2025430210191,2025,430210191,2,21,1,18,19,1,7,0,0,0,0,0,0,0,1,1,1,1,1,59,9,-1,-1,-1,-1,3,-1,0,5
2025430210191,2025,430210191,1,21,1,12,12,1,7,0,0,0,0,0,0,0,1,1,1,1,1,61,9,-1,-1,-1,-1,9,E01030340,0,4
2025430210740,2025,430210740,1,9,0,9,9,1,7,0,0,2,0,0,0,0,3,1,6,6,1,29,6,-1,-1,-1,-1,9,E01028485,0,1
2025430210740,2025,430210740,2,9,0,18,19,7,3,0,0,2,0,0,0,0,1,1,6,6,1,56,9,-1,-1,-1,-1,7,E01028474,0,2
2025430210822,2025,430210822,1,9,0,16,19,2,5,0,0,0,0,0,0,0,3,1,5,6,1,57,9,-1,-1,-1,-1,-1,-1,0,-1
2025430210822,2025,430210822,2,9,0,17,19,5,2,0,0,0,0,0,0,0,3,1,6,6,3,-1,-1,-1,-1,-1,-1,-1,-1,0,-1
2025430211182,2025,430211182,2,9,0,18,19,4,8,0,0,1,0,0,0,0,1,1,6,6,1,62,9,-1,-1,-1,-1,6,E01028678,0,3
2025430211182,2025,430211182,1,9,0,9,9,6,4,0,0,6,0,0,0,0,3,1,6,6,1,25,5,-1,-1,-1,-1,10,E01028669,0,1
2025430211333,2025,430211333,2,8,0,18,19,7,3,0,0,1,0,0,0,0,4,1,6,6,1,-1,-1,-1,-1,-1,-1,-1,-1,0,-1
2025430211333,2025,430211333,1,1,0,18,19,1,5,0,0,1,0,0,0,0,3,1,6,6,2,36,7,-1,-1,-1,-1,8,E01016805,0,1
2025430211334,2025,430211334,1,20,0,5,5,5,1,0,0,6,0,0,0,0,3,1,1,1,3,-1,-1,-1,-1,-1,-1,-1,-1,0,-1
2025430211336,2025,430211336,2,9,0,18,19,9,9,0,0,8,0,0,0,0,1,1,6,6,1,-1,-1,-1,-1,-1,-1,7,E01016285,0,2
2025430211336,2025,430211336,1,9,0,18,19,9,9,0,0,8,0,0,0,0,2,1,5,6,2,45,7,-1,-1,-1,-1,7,E01016288,0,1
2025430211413,2025,430211413,2,5,0,18,19,7,3,0,0,8,0,0,0,0,1,1,6,6,1,54,8,-1,-1,-1,-1,10,E01035753,0,2
2025430211413,2025,430211413,1,9,0,18,19,1,5,0,0,6,0,0,0,0,3,1,5,6,1,56,9,-1,-1,-1,-1,7,E01031198,0,4
2025430211763,2025,430211763,1,9,0,18,19,8,4,0,0,1,0,10,3,10,1,1,6,6,2,17,4,-1,-1,-1,-1,9,E01028794,0,2
2025430212417,2025,430212417,2,9,0,18,19,3,7,0,0,0,0,0,0,0,1,1,6,6,3,-1,-1,-1,-1,-1,-1,-1,-1,0,-1
2025430212417,2025,430212417,1,1,0,18,19,3,7,9,9,0,0,0,0,5,3,1,4,7,1,10,2,-1,-1,-1,-1,6,E01035731,0,1
2025430212571,2025,430212571,1,9,0,18,19,8,4,0,0,8,0,0,0,0,1,1,5,6,1,48,8,-1,-1,-1,-1,10,E01017938,0,1
2025430212571,2025,430212571,2,1,0,18,19,8,4,0,0,8,0,0,0,0,2,1,6,6,2,24,5,-1,-1,-1,-1,10,E01017801,0,1
2025430212721,2025,430212721,3,21,0,18,19,1,5,0,0,1,1,0,0,0,1,1,2,2,1,41,7,-1,-1,-1,-1,6,E01002135,0,4
2025430212721,2025,430212721,2,9,0,18,19,1,5,0,0,1,1,0,0,0,2,1,6,6,2,71,10,-1,-1,-1,-1,3,E01005726,0,5
2025430212721,2025,430212721,1,19,0,1,1,3,7,9,9,6,0,0,0,0,0,1,2,2,1,28,6,-1,-1,-1,-1,9,E01032711,0,4
2025430212799,2025,430212799,2,9,0,-1,19,7,6,-1,0,8,0,0,0,0,4,1,-1,6,1,37,7,-1,-1,-1,-1,7,E01028676,0,3
2025430212799,2025,430212799,1,1,0,-1,19,7,2,-1,0,8,0,0,0,0,3,1,-1,6,1,61,9,-1,-1,-1,-1,10,E01016262,0,1
2025430212907,2025,430212907,2,9,0,-1,19,1,5,-1,0,6,0,0,0,0,4,1,-1,6,1,41,7,-1,-1,-1,-1,-1,-1,0,-1
2025430212907,2025,430212907,1,9,0,-1,19,3,7,-1,0,8,0,0,0,0,1,1,-1,9,2,19,4,-1,-1,-1,-1,10,E01016552,0,2
2025430213007,2025,430213007,2,1,0,18,19,8,4,4,4,0,0,0,0,0,3,1,1,1,2,61,9,-1,-1,-1,-1,10,E01028786,0,3
2025430213007,2025,430213007,1,9,0,18,19,8,4,0,0,0,0,0,0,0,4,1,6,6,1,-1,-1,-1,-1,-1,-1,-1,-1,0,-1
2025430213448,2025,430213448,2,1,0,18,19,1,5,0,0,1,0,0,0,0,3,1,4,7,1,13,3,-1,-1,-1,-1,7,E01028753,0,1
2025430213448,2025,430213448,1,9,0,18,19,7,3,0,0,1,0,0,0,0,1,1,6,6,2,35,6,-1,-1,-1,-1,-1,-1,0,-1
2025430213785,2025,430213785,2,5,0,18,19,8,4,0,0,4,1,0,0,0,3,1,2,2,1,60,9,-1,-1,-1,-1,5,E01028574,0,1
2025430213785,2025,430213785,1,9,0,18,19,6,2,0,0,8,0,0,0,0,4,1,6,6,3,-1,-1,-1,-1,-1,-1,-1,-1,0,-1
2025430214208,2025,430214208,2,9,0,-1,3,8,4,-1,0,2,0,0,0,0,2,1,-1,6,1,44,7,-1,-1,-1,-1,10,E01016665,0,1
2025430214208,2025,430214208,1,5,0,-1,19,8,4,-1,0,2,0,0,0,0,1,-1,-1,6,1,38,7,-1,-1,-1,-1,10,E01016349,0,2
2025430214285,2025,430214285,1,9,0,-1,9,7,5,-1,0,6,0,0,0,0,3,1,-1,6,2,35,6,-1,-1,-1,-1,7,E01033854,0,1
2025430214285,2025,430214285,2,9,0,-1,19,5,1,-1,0,8,0,0,0,0,1,-1,-1,6,1,65,9,-1,-1,-1,-1,8,E01022472,0,3
2025430214458,2025,430214458,1,-1,0,18,19,7,3,0,0,0,0,0,0,0,1,1,6,6,2,32,6,-1,-1,-1,-1,5,E01035046,1,5
2025430215011,2025,430215011,2,9,0,18,19,5,1,0,0,8,0,0,0,0,2,1,5,6,2,40,7,-1,-1,-1,-1,5,E01028581,0,2
2025430215011,2025,430215011,3,19,0,18,19,5,1,0,0,8,0,0,0,0,1,1,6,6,1,47,8,-1,-1,-1,-1,-1,-1,0,-1
2025430215011,2025,430215011,1,9,0,11,11,4,8,0,0,3,0,0,0,0,0,1,6,6,3,-1,-1,-1,-1,-1,-1,-1,-1,0,-1
2025430215021,2025,430215021,1,9,0,7,7,2,5,0,0,3,0,0,0,0,4,1,6,6,2,32,6,-1,-1,-1,-1,-1,-1,0,-1
2025430215021,2025,430215021,2,1,0,18,19,2,6,0,0,8,0,0,0,0,3,1,2,2,1,27,6,-1,-1,-1,-1,10,E01032948,0,1
2025430215023,2025,430215023,2,9,0,-1,9,4,2,-1,0,6,0,0,0,0,3,1,-1,6,2,-1,-1,-1,-1,-1,-1,-1,-1,0,-1
2025430215023,2025,430215023,1,3,0,-1,19,2,6,-1,0,8,0,0,0,0,1,1,-1,6,2,29,6,-1,-1,-1,-1,5,E01033417,0,1
2025430215118,2025,430215118,2,9,-1,-1,19,2,6,-1,0,1,0,0,0,0,1,9,-1,6,1,-1,-1,-1,-1,-1,-1,-1,-1,0,-1
2025430215118,2025,430215118,1,9,0,-1,19,2,6,-1,0,1,1,0,0,0,2,1,-1,7,1,43,7,-1,-1,-1,-1,6,E01016388,0,1
2025430215256,2025,430215256,2,1,0,18,19,3,7,4,4,8,0,0,0,0,2,1,5,6,1,60,9,-1,-1,-1,-1,6,E01028542,0,1
2025430215256,2025,430215256,1,9,0,7,7,3,5,0,0,5,0,0,0,0,1,1,6,6,1,-1,-1,-1,-1,-1,-1,-1,-1,0,-1
2025430215294,2025,430215294,2,-1,0,18,19,3,7,0,0,8,2,0,0,0,4,1,6,6,2,14,3,-1,-1,-1,-1,4,E01028447,1,1
2025430215294,2025,430215294,1,9,0,18,19,5,1,0,0,3,0,0,0,0,1,1,5,6,1,33,6,-1,-1,-1,-1,10,E01028476,0,1
2025430215359,2025,430215359,1,5,0,-1,19,8,5,-1,0,0,1,0,0,0,1,1,-1,6,1,37,7,-1,-1,-1,-1,9,E01016324,0,3
2025430215485,2025,430215485,1,9,0,7,7,5,7,0,0,6,0,0,0,0,3,1,5,6,2,-1,-1,-1,-1,-1,-1,-1,-1,0,-1
2025430215485,2025,430215485,2,1,0,18,19,3,7,0,0,1,0,0,0,0,1,1,2,2,1,43,7,-1,-1,-1,-1,7,E01028559,0,1
2025430216203,2025,430216203,2,21,1,18,19,3,7,0,0,0,3,0,7,0,1,1,5,6,1,34,6,-1,-1,-1,-1,2,E01011552,0,5
2025430216203,2025,430216203,1,9,0,18,19,7,3,0,0,0,0,0,7,0,1,1,5,6,2,-1,-1,-1,-1,-1,-1,-1,-1,0,-1
2025430216768,2025,430216768,2,9,0,4,4,8,4,0,0,0,0,0,0,0,2,1,6,6,3,-1,-1,-1,-1,-1,-1,-1,-1,0,-1
2025430216768,2025,430216768,1,9,0,18,19,8,4,0,0,0,0,0,0,0,1,1,5,6,1,22,5,-1,-1,-1,-1,9,-1,0,5
2025430217703,2025,430217703,1,9,0,9,9,3,1,0,0,5,0,0,0,0,1,1,2,2,1,29,6,-1,-1,-1,-1,8,E01035603,0,4
2025430217703,2025,430217703,2,1,0,18,19,7,3,4,4,1,0,0,0,0,3,1,6,6,1,32,6,-1,-1,-1,-1,-1,-1,0,-1
2025430217856,2025,430217856,1,1,0,18,19,2,6,0,0,0,0,0,0,0,4,1,5,6,1,17,4,-1,-1,-1,-1,10,E01017935,0,1
2025430217856,2025,430217856,2,9,0,18,19,2,6,0,0,0,0,0,0,0,1,1,6,6,3,-1,-1,-1,-1,-1,-1,-1,-1,0,-1
2025430217948,2025,430217948,1,9,0,18,19,4,8,0,0,4,0,0,0,0,1,1,5,6,1,53,8,-1,-1,-1,-1,-1,-1,0,-1
2025430217948,2025,430217948,2,1,0,18,19,2,6,0,0,8,0,0,0,0,4,1,5,6,1,64,9,-1,-1,-1,-1,8,E01028510,0,1
2025430218067,2025,430218067,2,9,0,10,10,7,5,0,0,1,0,0,0,0,2,1,5,6,1,-1,-1,-1,-1,-1,-1,6,E01001563,0,4
2025430218067,2025,430218067,1,9,0,18,19,7,3,0,0,1,0,0,0,0,1,1,5,6,1,75,10,-1,-1,-1,-1,8,E01017758,0,2
2025430218557,2025,430218557,1,9,0,9,9,6,3,0,0,5,1,0,0,0,4,1,5,6,1,20,4,-1,-1,-1,-1,1,E01015384,0,5
2025430218557,2025,430218557,2,9,0,18,19,2,6,0,0,8,5,0,0,0,1,1,6,6,1,65,9,-1,-1,-1,-1,9,E01028798,0,2
2025430218588,2025,430218588,2,9,0,-1,10,6,3,-1,0,1,0,0,0,0,2,1,-1,2,2,40,7,-1,-1,-1,-1,10,E01016612,0,2
2025430218588,2025,430218588,1,9,0,-1,19,6,1,-1,0,1,0,4,0,0,1,1,-1,6,1,32,6,-1,-1,-1,-1,10,E01016188,0,2
2025430218932,2025,430218932,1,9,0,18,19,7,3,0,0,0,0,0,0,0,4,1,6,6,1,-1,-1,-1,-1,-1,-1,-1,-1,0,-1
2025430219847,2025,430219847,1,9,0,-1,5,3,7,-1,0,0,0,0,0,0,1,1,-1,1,1,38,7,-1,-1,-1,-1,4,E01033415,0,1
2025430219847,2025,430219847,2,1,0,-1,13,3,7,-1,0,0,0,0,0,0,3,-1,-1,2,1,18,4,-1,-1,-1,-1,-1,-1,0,-1
2025430220146,2025,430220146,1,9,0,-1,19,1,4,-1,0,0,0,0,0,0,2,1,-1,9,1,69,10,-1,-1,-1,-1,9,E01016247,0,2
2025430220146,2025,430220146,2,9,0,-1,19,1,4,-1,0,0,0,0,0,0,1,-1,-1,9,1,-1,-1,-1,-1,-1,-1,-1,-1,0,-1
2025430221087,2025,430221087,1,9,0,-1,19,5,1,-1,0,2,0,0,0,0,4,1,-1,2,1,80,11,-1,-1,-1,-1,9,E01035269,0,2
2025430221087,2025,430221087,2,1,0,-1,19,7,3,-1,0,2,0,0,0,0,1,1,-1,6,1,15,3,-1,-1,-1,-1,10,E01016655,0,1
2025430221155,2025,430221155,1,9,0,-1,1,1,3,-1,9,8,0,0,0,0,4,1,-1,9,2,23,5,-1,-1,-1,-1,10,E01016237,0,1
2025430221155,2025,430221155,2,1,0,-1,14,1,5,-1,0,8,0,0,0,0,1,1,-1,6,1,-1,-1,-1,-1,-1,-1,-1,-1,0,-1
2025430221209,2025,430221209,1,3,0,18,19,4,8,0,0,1,1,0,0,0,1,1,2,2,1,24,5,-1,-1,-1,-1,6,E01028678,0,2
2025430221405,2025,430221405,2,9,0,-1,19,8,4,-1,0,8,0,11,7,0,4,1,-1,1,1,43,7,-1,-1,-1,-1,-1,-1,0,-1
2025430221405,2025,430221405,1,9,0,-1,19,8,4,-1,0,8,0,0,0,0,3,1,-1,1,2,42,7,-1,-1,-1,-1,-1,-1,0,-1
2025430223426,2025,430223426,1,9,0,-1,4,4,8,-1,0,1,0,0,0,0,2,1,-1,2,2,35,6,-1,-1,-1,-1,10,E01016618,0,1
2025430223426,2025,430223426,2,9,0,-1,19,4,8,-1,0,1,0,0,0,0,1,1,-1,6,1,-1,-1,-1,-1,-1,-1,-1,-1,0,-1
2025430223428,2025,430223428,1,9,0,3,3,5,1,0,0,1,0,0,0,0,2,1,2,2,1,44,7,-1,-1,-1,-1,10,E01017874,0,2
2025430223428,2025,430223428,2,9,0,18,19,5,1,0,0,1,0,0,0,0,1,1,6,6,1,60,9,-1,-1,-1,-1,10,E01017865,0,1
2025430223898,2025,430223898,1,9,0,-1,19,4,8,-1,0,0,0,0,0,0,4,1,-1,2,1,31,6,-1,-1,-1,-1,8,E01035236,0,1
2025430224691,2025,430224691,2,9,0,18,19,8,4,0,0,0,0,0,0,0,1,1,6,6,2,52,8,-1,-1,-1,-1,7,E01028647,0,2
2025430224691,2025,430224691,1,9,0,18,19,4,8,0,0,0,0,0,0,0,1,1,6,6,2,32,6,-1,-1,-1,-1,1,E01010367,0,5
2025430224832,2025,430224832,2,5,0,14,14,6,2,0,0,0,5,0,0,0,4,1,2,2,1,57,9,-1,-1,-1,-1,9,E01022390,0,4
2025430224832,2025,430224832,1,19,0,6,6,6,2,0,0,0,0,0,0,0,3,1,6,6,1,21,5,-1,-1,-1,-1,-1,-1,0,-1
2025430224833,2025,430224833,2,9,-1,-1,19,4,8,-1,0,1,9,-1,-1,-1,1,-1,-1,6,2,-1,-1,-1,-1,-1,-1,-1,-1,0,-1
2025430224833,2025,430224833,3,9,-1,-1,19,8,4,-1,0,8,9,99,0,0,1,-1,-1,6,2,-1,-1,-1,-1,-1,-1,-1,-1,0,-1
2025430224833,2025,430224833,1,9,9,-1,9,4,2,-1,0,1,9,99,0,0,2,-1,-1,2,2,30,6,-1,-1,-1,-1,10,E01016702,0,1
2025430225449,2025,430225449,1,9,0,1,1,4,8,0,0,2,0,0,0,0,2,1,6,6,1,32,6,-1,-1,-1,-1,2,E01028435,0,1
2025430225452,2025,430225452,1,9,0,9,9,3,1,0,0,4,0,0,0,0,1,1,1,1,1,-1,-1,-1,-1,-1,-1,-1,-1,0,-1
2025430225885,2025,430225885,1,9,0,18,19,1,5,0,0,4,0,0,0,0,1,1,6,6,1,-1,-1,-1,-1,-1,-1,-1,-1,0,-1
2025430225885,2025,430225885,2,9,0,3,3,1,5,0,0,4,0,0,0,0,2,1,5,6,1,-1,-1,-1,-1,-1,-1,-1,-1,0,-1
2025430225887,2025,430225887,1,9,0,7,7,6,2,0,0,5,0,0,0,0,4,1,5,6,2,-1,-1,-1,-1,-1,-1,-1,-1,0,-1
2025430225887,2025,430225887,2,-1,0,18,19,6,2,0,0,1,0,0,0,0,1,1,5,6,3,21,5,-1,-1,-1,-1,7,E01028560,1,1
2025430226449,2025,430226449,1,3,0,-1,19,3,7,-1,0,0,0,0,1,0,1,1,-1,2,1,29,6,-1,-1,-1,-1,-1,-1,0,-1
2025430226517,2025,430226517,1,9,0,-1,9,5,3,-1,0,5,0,0,0,0,1,1,-1,2,2,54,8,-1,-1,-1,-1,6,E01016231,0,2
2025430226517,2025,430226517,2,1,0,-1,19,1,5,-1,0,8,0,0,0,0,3,1,-1,6,2,54,8,-1,-1,-1,-1,10,E01016670,0,1
2025430226732,2025,430226732,1,11,0,-1,19,6,2,-1,0,0,0,0,0,0,1,1,-1,6,1,66,10,-1,-1,-1,-1,6,E01016433,0,2
2025430226992,2025,430226992,2,9,0,-1,9,8,5,-1,0,5,0,0,0,0,1,1,-1,9,2,30,6,-1,-1,-1,-1,9,E01035260,0,2
2025430226992,2025,430226992,1,5,0,-1,13,4,8,-1,2,8,0,0,0,0,1,1,-1,7,1,33,6,-1,-1,-1,-1,4,E01016435,0,2
2025430227295,2025,430227295,1,11,0,-1,5,6,2,-1,0,0,0,0,0,0,1,1,-1,1,1,-1,-1,-1,-1,-1,-1,-1,-1,0,-1
2025430227297,2025,430227297,2,9,0,-1,19,7,3,-1,0,1,0,0,0,0,1,1,-1,6,1,-1,-1,-1,-1,-1,-1,-1,-1,0,-1
2025430227297,2025,430227297,1,9,0,-1,19,7,3,-1,0,1,0,0,0,0,2,1,-1,6,1,33,6,-1,-1,-1,-1,6,E01016223,0,1
2025430227301,2025,430227301,1,8,0,9,9,3,1,0,0,6,0,0,0,0,4,1,1,1,1,-1,-1,-1,-1,-1,-1,-1,-1,0,-1
2025430227780,2025,430227780,2,19,0,-1,19,8,4,-1,0,0,0,0,0,0,1,1,-1,6,1,-1,-1,-1,-1,-1,-1,-1,-1,0,-1
2025430227780,2025,430227780,1,9,0,-1,3,8,4,-1,0,0,0,0,0,0,2,1,-1,9,2,56,9,-1,-1,-1,-1,10,E01016695,0,2
2025430227850,2025,430227850,1,3,0,18,19,1,5,0,0,2,2,0,1,0,1,1,6,6,1,21,5,-1,-1,-1,-1,4,E01028471,0,1
2025430228007,2025,430228007,1,9,0,18,19,1,5,0,0,0,0,0,0,0,3,1,5,6,1,28,6,-1,-1,-1,-1,8,E01017817,0,1
2025430228107,2025,430228107,1,8,0,-1,19,8,4,-1,0,0,0,0,0,0,1,1,-1,1,2,60,9,-1,-1,-1,-1,10,E01016245,0,1
2025430228223,2025,430228223,1,9,0,-1,19,7,3,-1,0,0,0,0,1,7,4,1,-1,6,1,37,7,-1,-1,-1,-1,-1,-1,0,-1
2025430228696,2025,430228696,1,5,0,9,9,4,2,0,0,6,0,0,0,0,1,1,5,6,1,61,9,-1,-1,-1,-1,4,E01027142,0,4
2025430228696,2025,430228696,2,9,0,17,19,5,2,0,0,8,0,0,0,0,3,1,5,6,1,50,8,-1,-1,-1,-1,7,E01017720,0,1
2025430228739,2025,430228739,1,9,0,-1,19,8,3,-1,0,1,1,0,0,0,1,1,-1,6,1,39,7,-1,-1,-1,-1,-1,-1,0,-1
2025430228739,2025,430228739,2,9,0,-1,5,1,5,-1,0,2,0,0,0,0,1,1,-1,6,2,44,7,-1,-1,-1,-1,-1,-1,0,-1
2025430228771,2025,430228771,1,9,0,-1,19,5,1,-1,0,0,2,10,0,0,4,1,-1,9,1,58,9,-1,-1,-1,-1,10,E01016183,0,1
2025430228807,2025,430228807,1,3,0,5,5,1,5,0,0,2,5,0,0,0,3,1,6,6,1,33,6,-1,-1,-1,-1,8,E01028807,0,1
2025430228807,2025,430228807,2,9,0,18,19,1,5,0,0,2,0,0,0,0,4,1,5,6,1,42,7,-1,-1,-1,-1,10,E01032554,0,3
2025430229002,2025,430229002,2,19,0,-1,1,1,5,-1,0,1,0,0,0,0,2,1,-1,6,1,-1,-1,-1,-1,-1,-1,-1,-1,0,-1
2025430229002,2025,430229002,1,3,0,-1,3,5,1,-1,0,1,0,0,0,0,1,1,-1,1,1,30,6,-1,-1,-1,-1,4,E01016485,0,1
2025430229003,2025,430229003,1,9,0,7,7,1,5,0,0,5,0,0,0,0,4,1,5,6,1,47,8,-1,-1,-1,-1,-1,-1,0,-1
2025430229003,2025,430229003,2,-1,0,18,19,1,5,4,4,1,0,0,0,0,3,1,5,6,2,21,5,-1,-1,-1,-1,-1,-1,1,-1
2025430229208,2025,430229208,1,3,0,-1,19,4,8,-1,0,8,0,0,0,0,4,1,-1,1,1,24,5,-1,-1,-1,-1,6,E01016379,0,1
2025430229208,2025,430229208,2,9,0,-1,19,6,2,-1,0,6,0,0,0,0,1,1,-1,6,3,-1,-1,-1,-1,-1,-1,-1,-1,0,-1
2025430229407,2025,430229407,1,9,0,-1,19,7,3,-1,0,0,1,0,0,0,2,1,-1,2,1,51,8,-1,-1,-1,-1,6,E01016231,0,3
2025430229407,2025,430229407,2,9,0,-1,19,7,3,-1,0,0,0,0,0,0,1,1,-1,6,2,-1,-1,-1,-1,-1,-1,-1,-1,0,-1
2025430229466,2025,430229466,1,9,0,-1,19,5,1,-1,0,2,0,0,0,0,4,1,-1,9,1,19,4,-1,-1,-1,-1,9,E01035263,0,1
2025430229466,2025,430229466,2,1,0,-1,19,7,3,-1,0,2,0,0,0,0,0,1,-1,6,1,6,2,-1,-1,-1,-1,4,E01016439,0,1
2025430229738,2025,430229738,1,90,0,18,19,1,5,0,0,8,0,0,0,0,3,1,2,2,1,22,5,-1,-1,-1,-1,5,E01016841,0,2
2025430229738,2025,430229738,2,9,0,18,19,6,4,0,0,5,0,0,0,0,1,1,6,6,1,32,6,-1,-1,-1,-1,-1,-1,0,-1
2025430229740,2025,430229740,2,9,0,-1,19,6,1,-1,0,0,0,0,0,0,1,-1,-1,6,1,-1,-1,-1,-1,-1,-1,-1,-1,0,-1
2025430229740,2025,430229740,1,9,0,-1,19,6,1,-1,0,0,0,0,0,0,2,1,-1,9,2,24,5,-1,-1,-1,-1,7,E01016327,0,2
2025430229860,2025,430229860,1,9,0,5,5,6,2,0,0,0,0,0,0,0,1,1,6,6,1,47,8,-1,-1,-1,-1,8,E01034459,0,1
2025430230139,2025,430230139,2,9,0,-1,9,4,2,-1,0,8,0,0,0,0,1,1,-1,9,1,77,11,-1,-1,-1,-1,7,E01031842,0,4
2025430230139,2025,430230139,1,9,0,-1,19,2,6,-1,0,8,0,0,0,0,1,1,-1,9,1,84,11,-1,-1,-1,-1,10,E01016338,0,3
2025430230189,2025,430230189,1,9,0,17,19,3,2,0,0,1,0,0,0,0,1,1,6,6,2,43,7,-1,-1,-1,-1,10,E01033966,0,1
2025430230189,2025,430230189,2,1,0,7,7,1,2,0,0,6,0,0,0,0,1,1,6,6,1,6,2,-1,-1,-1,-1,10,E01033966,0,1