collision_index,collision_year,collision_ref_no,vehicle_reference,vehicle_type,towing_and_articulation,vehicle_manoeuvre_historic,vehicle_manoeuvre,vehicle_direction_from,vehicle_direction_to,vehicle_location_restricted_lane_historic,vehicle_location_restricted_lane,junction_location,skidding_and_overturning,hit_object_in_carriageway,vehicle_leaving_carriageway,hit_object_off_carriageway,first_point_of_impact,vehicle_left_hand_drive,journey_purpose_of_driver_historic,journey_purpose_of_driver,sex_of_driver,age_of_driver,age_band_of_driver,engine_capacity_cc,propulsion_code,age_of_vehicle,generic_make_model,driver_imd_decile,lsoa_of_driver,escooter_flag,driver_distance_banding
2025430254456,2025,430254456,2,9,0,18,19,4,8,0,0,1,0,0,0,0,2,1,6,6,1,34,6,-1,-1,-1,-1,7,E01028488,0,1
2025430254538,2025,430254538,2,1,0,-1,19,4,8,-1,0,1,0,0,0,0,3,1,-1,6,1,79,11,-1,-1,-1,-1,7,E01016213,0,1
2025430254538,2025,430254538,1,9,0,-1,19,2,6,-1,0,1,0,0,0,0,1,1,-1,9,2,56,9,-1,-1,-1,-1,8,E01016221,0,1
2025430254596,2025,430254596,1,11,0,-1,19,3,7,-1,2,0,0,0,0,0,1,1,-1,1,1,-1,-1,-1,-1,-1,-1,5,E01033417,0,1
2025430254888,2025,430254888,1,9,0,18,19,5,1,0,0,0,0,0,0,0,4,1,6,6,3,-1,-1,-1,-1,-1,-1,-1,-1,0,-1
2025430254888,2025,430254888,2,1,0,18,19,5,1,0,0,0,0,0,0,0,3,1,2,2,2,34,6,-1,-1,-1,-1,5,E01016406,0,2
2025430254890,2025,430254890,2,9,0,-1,1,2,6,-1,0,2,0,0,0,0,2,1,-1,6,2,-1,-1,-1,-1,-1,-1,-1,-1,0,-1
2025430254890,2025,430254890,1,9,0,-1,2,0,0,-1,0,2,0,0,0,0,2,1,-1,9,2,27,6,-1,-1,-1,-1,9,E01032713,0,4
2025430254891,2025,430254891,1,9,0,18,19,3,7,0,0,0,1,2,1,1,4,1,6,6,1,28,6,-1,-1,-1,-1,8,E01016711,0,1
2025430254891,2025,430254891,2,21,0,11,11,3,7,0,0,0,0,0,0,0,0,1,6,6,1,-1,-1,-1,-1,-1,-1,-1,-1,0,-1
2025430257128,2025,430257128,6,9,0,-1,3,5,1,-1,0,0,0,0,0,0,3,1,-1,6,1,35,6,-1,-1,-1,-1,5,E01016483,0,1
2025430257128,2025,430257128,2,9,0,-1,12,5,1,-1,0,0,0,0,0,0,2,1,-1,6,1,-1,-1,-1,-1,-1,-1,2,E01016463,0,1
2025430257128,2025,430257128,5,9,0,-1,3,5,1,-1,0,0,0,0,0,0,3,1,-1,6,1,33,6,-1,-1,-1,-1,8,E01016751,0,4
2025430257128,2025,430257128,4,9,0,-1,3,5,1,-1,0,0,0,0,0,0,2,1,-1,6,1,-1,-1,-1,-1,-1,-1,3,E01016486,0,1
2025430257128,2025,430257128,3,9,0,-1,3,5,1,-1,0,0,0,0,0,0,2,1,-1,6,1,-1,-1,-1,-1,-1,-1,8,E01016549,0,1
2025430257128,2025,430257128,1,9,0,-1,19,5,1,-1,0,0,1,0,0,0,1,1,-1,6,1,-1,-1,-1,-1,-1,-1,3,E01016449,0,1
2025430257247,2025,430257247,1,8,0,-1,19,8,4,-1,0,4,0,0,0,0,1,1,-1,1,1,59,9,-1,-1,-1,-1,2,E01016463,0,2
2025430257247,2025,430257247,2,1,0,-1,19,6,2,-1,0,8,0,0,0,0,4,1,-1,6,1,40,7,-1,-1,-1,-1,-1,-1,0,-1
2025430257357,2025,430257357,3,9,0,-1,2,0,0,-1,9,0,0,0,0,0,4,1,-1,6,1,-1,-1,-1,-1,-1,-1,-1,-1,0,-1
2025430257357,2025,430257357,2,9,0,-1,19,5,1,-1,0,0,0,0,0,0,1,1,-1,6,1,49,8,-1,-1,-1,-1,3,E01016456,0,1
2025430257357,2025,430257357,1,9,0,-1,19,1,5,-1,0,0,0,0,0,0,1,-1,-1,2,1,52,8,-1,-1,-1,-1,3,E01016486,0,1
2025430257509,2025,430257509,1,9,0,-1,9,1,7,-1,0,6,0,0,0,0,3,1,-1,6,1,60,9,-1,-1,-1,-1,8,E01016298,0,2
2025430257509,2025,430257509,2,9,0,-1,19,7,3,-1,0,8,0,0,0,0,1,-1,-1,6,1,72,10,-1,-1,-1,-1,10,E01016282,0,2
2025430257597,2025,430257597,1,9,0,3,3,6,2,0,0,8,0,0,0,0,1,1,6,6,2,59,9,-1,-1,-1,-1,8,E01033519,0,1
2025430257597,2025,430257597,2,1,0,7,7,5,1,0,0,6,0,0,0,0,4,1,6,6,1,19,4,-1,-1,-1,-1,6,E01016719,0,2
2025430257657,2025,430257657,1,9,0,-1,19,6,2,-1,0,0,0,0,0,0,1,1,-1,6,1,36,7,-1,-1,-1,-1,7,E01016417,0,1
2025430257657,2025,430257657,2,3,-1,-1,19,2,6,-1,0,0,0,0,0,0,1,-1,-1,6,1,33,6,-1,-1,-1,-1,5,E01016404,0,1
2025430257799,2025,430257799,2,9,0,18,19,6,2,0,0,1,0,0,0,0,1,1,6,6,2,20,4,-1,-1,-1,-1,10,E01017677,0,2
2025430257799,2025,430257799,1,9,0,3,3,6,2,0,0,1,0,0,0,0,2,1,5,6,2,36,7,-1,-1,-1,-1,9,E01017722,0,1
2025430257800,2025,430257800,2,9,0,9,9,6,4,0,0,6,0,0,0,0,1,1,6,6,1,62,9,-1,-1,-1,-1,-1,-1,0,-1
2025430257800,2025,430257800,1,9,0,18,19,4,8,0,0,8,0,0,0,0,4,1,5,6,2,21,5,-1,-1,-1,-1,10,E01016597,0,3
2025430257916,2025,430257916,1,9,0,18,19,4,8,0,0,0,0,0,0,0,4,1,5,6,1,-1,-1,-1,-1,-1,-1,3,E01027314,0,4
2025430257946,2025,430257946,1,9,0,18,19,3,7,0,0,0,0,0,7,4,1,1,5,6,1,44,7,-1,-1,-1,-1,10,E01028801,0,1
2025430258560,2025,430258560,1,9,0,-1,19,2,6,-1,0,0,2,0,1,5,1,1,-1,6,2,58,9,-1,-1,-1,-1,9,E01016611,0,1
2025430258794,2025,430258794,1,9,0,-1,19,3,7,-1,0,0,5,10,1,0,1,1,-1,2,1,50,8,-1,-1,-1,-1,6,E01017922,0,3
2025430259108,2025,430259108,2,9,0,-1,19,6,2,-1,0,8,0,0,0,0,1,1,-1,6,1,-1,-1,-1,-1,-1,-1,-1,-1,0,-1
2025430259108,2025,430259108,1,1,0,-1,19,4,8,-1,0,8,0,0,0,0,4,1,-1,2,1,34,6,-1,-1,-1,-1,10,E01016643,0,1
2025430259253,2025,430259253,2,9,0,9,9,5,3,0,0,6,0,0,0,0,1,1,6,6,1,45,7,-1,-1,-1,-1,-1,-1,0,-1
2025430259253,2025,430259253,1,1,0,18,19,7,3,0,0,8,0,0,0,0,1,1,5,6,1,13,3,-1,-1,-1,-1,5,E01032961,0,1
2025430259383,2025,430259383,1,9,0,18,19,2,6,0,0,3,0,0,0,0,4,1,6,6,1,22,5,-1,-1,-1,-1,10,E01016781,0,1
2025430259383,2025,430259383,2,9,0,18,19,4,1,0,0,4,0,0,0,0,1,1,6,6,1,-1,-1,-1,-1,-1,-1,-1,-1,0,-1
2025430259441,2025,430259441,1,9,0,18,19,7,3,0,0,1,0,0,0,2,1,1,5,6,2,24,5,-1,-1,-1,-1,10,E01028664,0,2
2025430259576,2025,430259576,1,9,0,3,3,1,7,0,0,1,0,0,0,0,1,1,6,6,1,-1,-1,-1,-1,-1,-1,-1,-1,0,-1
2025430259850,2025,430259850,2,9,0,8,8,3,5,0,0,1,0,0,0,0,2,1,5,6,2,68,10,-1,-1,-1,-1,9,E01028502,0,1
2025430259850,2025,430259850,1,9,0,18,19,3,5,0,0,6,0,0,0,0,1,1,1,1,1,-1,-1,-1,-1,-1,-1,-1,-1,0,-1
2025430260076,2025,430260076,1,9,0,-1,19,5,1,-1,0,0,2,0,8,10,1,1,-1,6,1,20,4,-1,-1,-1,-1,6,E01016287,0,2
2025430260377,2025,430260377,1,9,0,-1,3,5,1,-1,0,4,0,0,0,0,1,1,-1,6,1,45,7,-1,-1,-1,-1,10,E01017799,0,3
2025430260377,2025,430260377,2,9,0,-1,4,5,1,-1,0,4,0,0,0,0,2,1,-1,6,2,73,10,-1,-1,-1,-1,6,E01017809,0,1
2025430260425,2025,430260425,2,9,0,18,19,5,1,0,0,1,0,0,0,0,1,1,5,6,2,19,4,-1,-1,-1,-1,9,E01031288,0,4
2025430260425,2025,430260425,1,1,0,18,19,6,2,5,5,1,0,0,0,0,1,1,1,1,2,38,7,-1,-1,-1,-1,9,E01028459,0,1
2025430260490,2025,430260490,1,19,0,-1,19,2,6,-1,0,0,0,0,0,0,2,1,-1,6,2,32,6,-1,-1,-1,-1,6,E01033856,0,2
2025430260490,2025,430260490,2,9,0,-1,19,2,6,-1,0,0,0,0,0,0,2,1,-1,6,1,-1,-1,-1,-1,-1,-1,-1,-1,0,-1
2025430260507,2025,430260507,1,21,1,18,19,1,5,0,0,0,0,0,0,0,1,2,1,1,1,64,9,-1,-1,-1,-1,-1,-1,0,-1
2025430260507,2025,430260507,2,21,1,18,19,1,5,0,0,0,0,0,0,0,2,1,1,1,1,56,9,-1,-1,-1,-1,2,E01000951,0,4
2025430260652,2025,430260652,3,9,0,18,19,6,2,0,0,8,0,0,0,0,1,1,6,6,2,47,8,-1,-1,-1,-1,9,E01002535,0,2
2025430260652,2025,430260652,2,3,0,18,19,2,6,0,0,8,0,0,7,0,4,1,6,6,1,25,5,-1,-1,-1,-1,2,E01002604,0,3
2025430260652,2025,430260652,1,9,0,9,9,4,2,0,0,6,0,0,0,0,1,1,6,6,1,40,7,-1,-1,-1,-1,2,E01001257,0,3
2025430260681,2025,430260681,1,9,0,16,19,2,4,0,0,0,2,11,1,9,1,1,5,6,1,17,4,-1,-1,-1,-1,9,E01033955,0,3
2025430260707,2025,430260707,1,9,0,-1,3,7,3,-1,0,1,0,0,0,0,2,1,-1,9,1,48,8,-1,-1,-1,-1,9,E01017807,0,1
2025430260707,2025,430260707,2,9,0,-1,19,7,3,-1,0,1,0,0,0,0,1,1,-1,6,1,-1,-1,-1,-1,-1,-1,-1,-1,0,-1
2025430260726,2025,430260726,1,9,0,-1,19,4,8,-1,0,5,1,0,5,6,3,1,-1,9,2,30,6,-1,-1,-1,-1,-1,-1,0,-1
2025430261003,2025,430261003,2,3,0,18,19,6,2,0,0,1,5,0,0,0,1,1,5,6,1,21,5,-1,-1,-1,-1,5,E01015739,0,4
2025430261003,2025,430261003,1,9,0,6,6,6,2,0,0,6,0,0,0,0,3,1,6,6,1,32,6,-1,-1,-1,-1,-1,-1,0,-1
2025430261152,2025,430261152,2,9,0,18,19,2,6,0,0,4,0,0,0,0,1,1,6,6,2,-1,-1,-1,-1,-1,-1,-1,-1,0,-1
2025430261152,2025,430261152,1,9,0,18,19,2,6,0,0,8,0,0,0,0,2,1,1,1,1,25,5,-1,-1,-1,-1,5,E01033975,0,1
2025430261366,2025,430261366,2,9,0,18,19,5,1,0,0,3,0,0,0,0,2,1,1,1,1,-1,-1,-1,-1,-1,-1,-1,-1,0,-1
2025430261366,2025,430261366,1,1,0,18,19,7,3,0,0,8,0,0,0,0,1,1,5,6,1,68,10,-1,-1,-1,-1,10,E01028739,0,1
2025430262227,2025,430262227,1,9,0,-1,19,7,3,-1,0,1,1,10,7,9,1,1,-1,6,2,80,11,-1,-1,-1,-1,10,E01016701,0,1
2025430262472,2025,430262472,1,9,0,9,9,7,5,0,0,6,0,0,7,0,4,1,5,6,2,24,5,-1,-1,-1,-1,9,E01028502,0,4
2025430262472,2025,430262472,2,9,0,18,19,1,5,0,0,1,0,0,7,0,1,1,6,6,1,44,7,-1,-1,-1,-1,9,E01028482,0,3
2025430263046,2025,430263046,1,11,0,-1,19,7,3,-1,0,8,0,0,0,0,1,1,-1,1,1,59,9,-1,-1,-1,-1,5,E01016405,0,1
2025430263046,2025,430263046,2,9,0,-1,7,7,1,-1,0,5,0,0,0,0,4,1,-1,6,3,-1,-1,-1,-1,-1,-1,-1,-1,0,-1
2025430263047,2025,430263047,2,1,0,7,7,5,6,0,0,6,0,0,0,0,3,1,2,2,1,42,7,-1,-1,-1,-1,8,E01032951,0,1
2025430263047,2025,430263047,1,9,0,18,19,2,6,0,0,1,0,0,0,0,4,1,6,6,3,-1,-1,-1,-1,-1,-1,-1,-1,0,-1
2025430264100,2025,430264100,1,9,0,-1,19,3,7,-1,0,2,0,0,0,0,4,1,-1,9,2,20,4,-1,-1,-1,-1,2,E01016451,0,1
2025430264100,2025,430264100,2,-1,0,-1,19,5,1,-1,0,2,0,0,0,0,2,1,-1,6,2,-1,-1,-1,-1,-1,-1,-1,-1,1,-1
2025430264162,2025,430264162,1,9,0,4,4,3,7,0,0,0,0,0,0,0,1,1,6,6,2,-1,-1,-1,-1,-1,-1,-1,-1,0,-1
2025430264404,2025,430264404,2,3,0,-1,5,7,8,-1,0,8,0,0,0,0,2,1,-1,2,1,21,5,-1,-1,-1,-1,7,E01016401,0,1
2025430264404,2025,430264404,1,9,0,-1,5,7,8,-1,0,8,0,0,0,0,1,1,-1,2,1,47,8,-1,-1,-1,-1,-1,-1,0,-1
2025430264637,2025,430264637,1,9,0,5,5,1,3,9,9,0,0,0,0,0,1,1,6,6,1,-1,-1,-1,-1,-1,-1,-1,-1,0,-1
2025430264638,2025,430264638,2,9,0,18,19,8,4,0,0,1,0,0,0,0,1,1,6,6,1,45,7,-1,-1,-1,-1,-1,-1,0,-1
2025430264638,2025,430264638,1,9,0,4,4,8,4,0,0,1,0,0,0,0,2,1,5,6,1,25,5,-1,-1,-1,-1,7,E01033959,0,1
2025430264715,2025,430264715,2,8,0,5,5,5,3,0,0,6,0,0,1,4,2,1,1,1,1,37,7,-1,-1,-1,-1,6,E01028579,0,1
2025430264715,2025,430264715,1,9,0,18,19,7,3,0,0,1,0,0,7,11,1,1,6,6,1,22,5,-1,-1,-1,-1,7,E01028560,0,1
2025430264966,2025,430264966,2,9,0,11,11,8,4,0,0,3,0,0,0,0,4,1,6,6,3,-1,-1,-1,-1,-1,-1,-1,-1,0,-1
2025430264966,2025,430264966,1,9,0,17,19,2,6,0,0,4,0,0,0,0,3,1,6,6,2,69,10,-1,-1,-1,-1,10,E01016781,0,1
2025430264967,2025,430264967,1,9,0,5,5,3,7,0,0,0,0,0,0,0,3,1,2,2,1,42,7,-1,-1,-1,-1,10,E01028670,0,1
2025430264967,2025,430264967,2,97,0,16,19,8,3,0,0,0,0,0,0,0,1,1,6,6,1,20,4,-1,-1,-1,-1,-1,-1,0,-1
2025430264970,2025,430264970,1,9,0,18,19,8,4,0,0,4,0,0,0,0,3,1,6,6,1,47,8,-1,-1,-1,-1,-1,-1,0,-1
2025430264970,2025,430264970,2,9,0,18,19,5,1,0,0,8,0,0,0,0,1,1,6,6,3,-1,-1,-1,-1,-1,-1,-1,-1,0,-1
2025430265789,2025,430265789,1,19,0,-1,19,5,1,-1,0,2,0,0,0,0,3,2,-1,6,2,53,8,-1,-1,-1,-1,10,E01016637,0,1
2025430265789,2025,430265789,2,9,0,-1,5,1,5,-1,0,1,0,0,1,0,3,1,-1,2,2,21,5,-1,-1,-1,-1,10,E01016229,0,1
2025430266066,2025,430266066,2,8,0,-1,12,7,3,-1,0,2,0,0,0,0,1,1,-1,6,1,63,9,-1,-1,-1,-1,4,E01016503,0,2
2025430266066,2025,430266066,1,9,0,-1,19,7,3,-1,0,2,0,0,0,0,4,1,-1,9,2,51,8,-1,-1,-1,-1,2,E01016463,0,1
2025430266227,2025,430266227,1,9,0,7,7,2,5,0,0,6,0,0,1,2,1,1,6,6,1,83,11,-1,-1,-1,-1,8,E01016584,0,3
2025430266527,2025,430266527,2,9,0,-1,19,4,8,-1,0,1,0,0,0,0,1,1,-1,6,1,-1,-1,-1,-1,-1,-1,-1,-1,0,-1
2025430266527,2025,430266527,1,9,0,-1,3,4,8,-1,0,1,0,0,0,0,2,1,-1,6,2,25,5,-1,-1,-1,-1,3,E01016440,0,1
2025430267050,2025,430267050,1,17,0,9,9,7,1,0,0,8,0,0,0,0,1,1,2,2,1,44,7,-1,-1,-1,-1,8,E01023897,0,3
2025430267050,2025,430267050,2,9,0,18,19,7,3,0,0,4,0,0,0,0,1,1,6,6,1,53,8,-1,-1,-1,-1,6,E01029945,0,5
2025430267146,2025,430267146,1,19,0,18,19,3,7,0,0,0,0,0,0,0,4,1,6,6,3,-1,-1,-1,-1,-1,-1,-1,-1,0,-1
2025430267280,2025,430267280,2,9,0,2,2,0,0,0,0,0,0,0,7,0,1,1,6,6,1,46,8,-1,-1,-1,-1,-1,-1,0,-1
2025430267280,2025,430267280,1,9,0,16,19,1,5,0,0,0,0,0,0,0,3,1,6,6,1,21,5,-1,-1,-1,-1,-1,-1,0,-1
2025430267675,2025,430267675,1,5,0,17,19,8,4,0,0,0,2,0,1,0,1,1,5,6,2,60,9,-1,-1,-1,-1,10,E01022197,0,4
2025430267790,2025,430267790,2,97,0,-1,2,0,0,-1,0,0,0,0,0,0,2,1,-1,6,1,30,6,-1,-1,-1,-1,-1,-1,0,-1
2025430267790,2025,430267790,1,9,0,-1,19,2,6,-1,0,0,0,0,0,0,1,1,-1,6,2,72,10,-1,-1,-1,-1,10,E01016548,0,1
2025430267904,2025,430267904,4,9,0,4,4,8,4,0,0,0,0,0,0,0,2,1,6,6,1,24,5,-1,-1,-1,-1,10,E01022892,0,4
2025430267904,2025,430267904,5,9,0,4,4,8,4,0,0,0,0,0,0,0,2,1,6,6,2,50,8,-1,-1,-1,-1,8,E01016576,0,4
2025430267904,2025,430267904,3,9,0,4,4,8,4,0,0,0,0,0,0,0,2,1,6,6,1,60,9,-1,-1,-1,-1,9,E01003873,0,4
2025430267904,2025,430267904,2,9,0,4,4,8,4,0,0,0,0,0,0,0,4,1,6,6,1,30,6,-1,-1,-1,-1,3,E01031657,0,4
2025430267904,2025,430267904,1,19,0,18,19,8,4,0,0,0,0,0,0,0,3,1,6,6,1,46,8,-1,-1,-1,-1,4,E01017926,0,2
2025430267934,2025,430267934,2,9,0,17,19,5,1,0,0,0,0,0,0,0,3,1,6,6,1,66,10,-1,-1,-1,-1,-1,-1,0,-1
2025430267934,2025,430267934,1,5,0,16,19,1,5,0,0,0,0,0,0,0,3,1,6,6,1,54,8,-1,-1,-1,-1,9,E01017841,0,3
2025430267975,2025,430267975,1,9,0,18,19,7,3,0,0,0,0,0,0,0,1,1,5,6,1,83,11,-1,-1,-1,-1,9,E01016313,0,4
2025430267975,2025,430267975,2,9,0,18,19,3,7,0,0,0,0,0,0,0,1,1,5,6,2,60,9,-1,-1,-1,-1,8,E01028767,0,1
2025430268182,2025,430268182,1,8,0,-1,19,2,6,-1,0,0,0,0,0,0,1,1,-1,6,1,56,9,-1,-1,-1,-1,4,E01016479,0,1
2025430268475,2025,430268475,2,9,0,18,19,2,8,0,0,8,0,0,0,0,1,1,5,6,1,64,9,-1,-1,-1,-1,9,E01028469,0,1
2025430268475,2025,430268475,1,9,0,18,19,2,8,0,0,8,0,0,0,0,2,1,5,6,1,-1,-1,-1,-1,-1,-1,-1,-1,0,-1
2025430268822,2025,430268822,1,9,0,-1,19,1,5,-1,0,8,0,0,1,10,3,1,-1,6,2,20,4,-1,-1,-1,-1,4,E01016462,0,1
2025430268822,2025,430268822,2,9,0,-1,9,5,3,-1,0,8,0,0,0,0,1,1,-1,6,2,42,7,-1,-1,-1,-1,7,E01016470,0,1
2025430268891,2025,430268891,1,4,0,18,19,2,6,0,0,0,0,0,0,0,1,1,6,6,2,26,6,-1,-1,-1,-1,4,E01017905,0,1
2025430269256,2025,430269256,2,5,0,18,19,2,6,0,0,8,0,0,0,0,1,1,5,6,1,65,9,-1,-1,-1,-1,2,E01034044,0,4
2025430269256,2025,430269256,1,9,0,12,12,2,7,0,0,8,0,0,0,0,3,1,5,6,2,-1,-1,-1,-1,-1,-1,3,E01013743,0,4
2025430269505,2025,430269505,1,9,0,-1,5,5,3,-1,0,5,0,0,0,0,1,1,-1,6,2,19,4,-1,-1,-1,-1,-1,-1,0,-1
2025430269505,2025,430269505,3,21,1,-1,4,7,3,-1,0,1,0,0,0,0,1,1,-1,1,1,63,9,-1,-1,-1,-1,-1,-1,0,-1
2025430269505,2025,430269505,2,9,0,-1,19,3,7,-1,0,1,1,0,1,0,4,1,-1,6,1,24,5,-1,-1,-1,-1,-1,-1,0,-1
2025430269649,2025,430269649,2,1,0,-1,19,3,7,-1,0,8,0,0,0,0,1,1,-1,6,1,-1,-1,-1,-1,-1,-1,-1,-1,0,-1
2025430269649,2025,430269649,1,9,0,-1,9,5,3,-1,0,6,0,0,0,0,4,1,-1,9,2,24,5,-1,-1,-1,-1,4,E01016593,0,1
2025430269652,2025,430269652,2,9,0,-1,19,8,4,-1,0,1,0,0,0,0,1,1,-1,6,1,-1,-1,-1,-1,-1,-1,-1,-1,0,-1
2025430269652,2025,430269652,1,9,0,-1,3,8,4,-1,0,1,0,0,0,0,2,1,-1,7,1,58,9,-1,-1,-1,-1,5,E01002549,0,2
2025430270978,2025,430270978,2,1,0,18,19,7,3,0,0,1,0,0,1,0,1,1,5,6,1,54,8,-1,-1,-1,-1,9,E01028489,0,2
2025430270978,2025,430270978,1,98,0,9,9,1,7,0,0,6,0,0,0,0,3,1,6,6,1,-1,-1,-1,-1,-1,-1,-1,-1,0,-1
2025430271129,2025,430271129,1,1,0,-1,19,7,3,-1,9,1,0,0,0,0,3,1,-1,6,1,16,4,-1,-1,-1,-1,3,E01016381,0,1
2025430271129,2025,430271129,2,9,0,-1,5,6,2,-1,0,6,0,0,0,0,1,1,-1,1,1,45,7,-1,-1,-1,-1,3,E01010411,0,5
2025430271162,2025,430271162,2,1,0,7,7,8,4,0,0,0,0,4,0,0,3,1,6,6,1,17,4,-1,-1,-1,-1,8,E01034451,0,1
2025430271162,2025,430271162,1,9,0,18,19,5,1,0,0,0,0,4,0,0,1,1,1,1,1,25,5,-1,-1,-1,-1,10,E01013706,0,4
2025430271316,2025,430271316,1,9,0,3,3,4,2,0,0,1,0,0,0,0,2,1,5,6,2,36,7,-1,-1,-1,-1,4,E01016765,0,1
2025430271316,2025,430271316,2,9,0,18,19,4,2,0,0,1,0,0,0,0,1,1,6,6,3,-1,-1,-1,-1,-1,-1,-1,-1,0,-1
2025430271566,2025,430271566,1,9,0,-1,4,5,1,-1,0,0,0,0,0,0,1,1,-1,6,2,41,7,-1,-1,-1,-1,7,E01033974,0,3
2025430271811,2025,430271811,1,9,0,-1,19,3,7,-1,0,3,0,0,0,0,1,1,-1,6,1,-1,-1,-1,-1,-1,-1,10,E01016640,0,1
2025430271813,2025,430271813,3,19,0,-1,19,5,1,-1,0,1,0,0,0,0,1,1,-1,1,1,-1,-1,-1,-1,-1,-1,-1,-1,0,-1
2025430271813,2025,430271813,1,9,0,-1,9,7,5,-1,0,1,0,0,0,0,0,1,-1,2,1,45,7,-1,-1,-1,-1,7,E01022569,0,3
2025430271813,2025,430271813,2,9,0,-1,19,3,7,-1,0,1,1,0,1,2,1,1,-1,6,1,39,7,-1,-1,-1,-1,7,E01022569,0,3
2025430271920,2025,430271920,1,1,0,18,19,3,7,0,0,8,2,0,0,0,0,1,6,6,1,33,6,-1,-1,-1,-1,4,E01032942,0,1
2025430272328,2025,430272328,1,9,0,-1,7,5,8,-1,0,6,0,0,0,0,1,1,-1,6,3,-1,-1,-1,-1,-1,-1,-1,-1,0,-1
2025430272355,2025,430272355,1,9,0,-1,19,6,2,-1,0,4,0,10,7,1,1,1,-1,6,1,58,9,-1,-1,-1,-1,1,W01001643,0,5
2025430272638,2025,430272638,2,9,0,9,9,1,7,0,0,5,1,0,0,0,2,1,1,1,1,29,6,-1,-1,-1,-1,5,E01035735,0,3
2025430272638,2025,430272638,1,19,0,18,19,1,5,0,0,1,0,0,0,0,1,1,6,6,1,-1,-1,-1,-1,-1,-1,-1,-1,0,-1
2025430273633,2025,430273633,2,-1,0,18,19,7,3,0,0,1,0,0,0,0,1,1,6,6,1,-1,-1,-1,-1,-1,-1,-1,-1,1,-1
2025430273633,2025,430273633,1,9,0,18,19,5,1,0,0,1,0,0,0,0,3,1,6,6,2,43,7,-1,-1,-1,-1,8,E01034450,0,1
2025430273653,2025,430273653,1,21,1,18,19,3,7,0,0,0,0,0,7,11,1,1,1,1,1,56,9,-1,-1,-1,-1,1,E01015384,0,5
2025430273855,2025,430273855,2,9,0,3,3,6,2,0,0,0,0,0,0,0,2,1,6,6,1,28,6,-1,-1,-1,-1,6,E01016472,0,2
2025430273855,2025,430273855,1,9,0,18,19,6,2,0,0,0,0,0,0,0,1,1,1,1,1,57,9,-1,-1,-1,-1,4,E01002645,0,3
2025430273855,2025,430273855,3,9,0,3,3,6,2,0,0,0,0,0,0,0,2,1,5,6,2,18,4,-1,-1,-1,-1,-1,-1,0,-1
2025430274103,2025,430274103,2,9,0,18,19,7,3,0,0,1,0,0,0,0,1,1,6,6,2,65,9,-1,-1,-1,-1,-1,-1,0,-1
2025430274103,2025,430274103,1,9,0,10,10,7,1,0,0,1,0,0,0,0,2,1,3,7,2,45,7,-1,-1,-1,-1,10,E01017863,0,1
2025430274628,2025,430274628,1,9,0,-1,19,4,8,-1,0,1,0,0,0,0,4,1,-1,7,2,48,8,-1,-1,-1,-1,6,E01016224,0,1
2025430274628,2025,430274628,2,1,0,-1,-1,-1,-1,-1,-1,-1,0,0,0,0,1,1,-1,6,1,15,3,-1,-1,-1,-1,-1,-1,0,-1
2025430274636,2025,430274636,2,1,0,18,19,7,3,0,0,1,1,0,0,0,1,1,2,2,1,59,9,-1,-1,-1,-1,5,E01028554,0,1
2025430274636,2025,430274636,1,8,0,2,2,0,0,0,0,1,0,0,0,0,3,1,1,1,1,-1,-1,-1,-1,-1,-1,-1,-1,0,-1
2025430274864,2025,430274864,1,9,0,-1,7,3,7,-1,0,6,0,0,0,0,4,1,-1,2,1,46,8,-1,-1,-1,-1,10,E01016425,0,1
2025430275718,2025,430275718,2,9,0,-1,19,6,2,-1,0,8,0,0,0,0,1,9,-1,6,3,-1,-1,-1,-1,-1,-1,-1,-1,0,-1
2025430275718,2025,430275718,1,9,0,-1,7,6,8,-1,0,5,0,0,0,0,2,1,-1,9,2,32,6,-1,-1,-1,-1,2,E01016464,0,1
2025430275752,2025,430275752,1,9,0,-1,19,3,7,-1,0,0,0,0,0,0,1,1,-1,7,2,35,6,-1,-1,-1,-1,8,E01016296,0,1
2025430275876,2025,430275876,1,9,0,9,9,7,5,0,0,1,0,0,0,0,3,1,6,6,2,74,10,-1,-1,-1,-1,1,E01016843,0,1
2025430275876,2025,430275876,2,9,0,18,19,5,1,0,0,2,1,0,7,0,1,1,6,6,1,30,6,-1,-1,-1,-1,5,E01015767,0,4
2025430276020,2025,430276020,2,9,0,18,19,2,6,0,0,1,0,0,0,0,3,1,5,6,2,47,8,-1,-1,-1,-1,5,E01028604,0,2
2025430276020,2025,430276020,1,9,0,11,11,2,6,0,0,1,0,0,0,0,4,1,5,6,1,71,10,-1,-1,-1,-1,-1,-1,0,-1
2025430276077,2025,430276077,2,1,0,5,5,3,7,0,0,4,0,0,0,0,2,1,6,6,2,36,7,-1,-1,-1,-1,8,E01028759,0,3
2025430276077,2025,430276077,1,9,0,5,5,3,7,0,0,4,0,0,0,0,1,1,6,6,2,32,6,-1,-1,-1,-1,8,E01028759,0,3
2025430276514,2025,430276514,2,9,0,-1,7,4,6,-1,0,5,0,0,0,0,4,1,-1,6,1,-1,-1,-1,-1,-1,-1,3,E01016389,0,1
2025430276514,2025,430276514,1,1,0,-1,19,4,8,-1,0,8,0,0,0,0,1,1,-1,9,1,39,7,-1,-1,-1,-1,9,E01028660,0,1
2025430276747,2025,430276747,1,9,0,18,19,5,1,0,0,1,1,0,0,0,0,1,5,6,1,29,6,-1,-1,-1,-1,10,E01017755,0,1