collision_index,collision_year,collision_ref_no,vehicle_reference,vehicle_type,towing_and_articulation,vehicle_manoeuvre_historic,vehicle_manoeuvre,vehicle_direction_from,vehicle_direction_to,vehicle_location_restricted_lane_historic,vehicle_location_restricted_lane,junction_location,skidding_and_overturning,hit_object_in_carriageway,vehicle_leaving_carriageway,hit_object_off_carriageway,first_point_of_impact,vehicle_left_hand_drive,journey_purpose_of_driver_historic,journey_purpose_of_driver,sex_of_driver,age_of_driver,age_band_of_driver,engine_capacity_cc,propulsion_code,age_of_vehicle,generic_make_model,driver_imd_decile,lsoa_of_driver,escooter_flag,driver_distance_banding
2025430298970,2025,430298970,2,9,0,9,9,7,5,0,0,5,0,0,0,0,3,1,6,6,2,62,9,-1,-1,-1,-1,7,E01012985,0,5
2025430299271,2025,430299271,2,9,0,3,3,5,1,0,0,0,0,0,0,0,2,1,2,2,1,29,6,-1,-1,-1,-1,6,E01016223,0,4
2025430299271,2025,430299271,1,9,0,18,19,5,1,0,0,0,0,0,0,0,1,1,6,6,2,38,7,-1,-1,-1,-1,9,E01035761,0,3
2025430299886,2025,430299886,1,9,0,-1,9,6,4,-1,0,6,0,0,0,0,4,1,-1,9,1,46,8,-1,-1,-1,-1,4,E01035248,0,1
2025430299886,2025,430299886,2,9,0,-1,19,8,4,-1,0,8,0,0,0,0,1,1,-1,6,1,-1,-1,-1,-1,-1,-1,-1,-1,0,-1
2025430299979,2025,430299979,1,9,0,4,4,7,5,0,0,1,0,0,0,0,1,1,1,1,1,32,6,-1,-1,-1,-1,5,E01015750,0,4
2025430299979,2025,430299979,2,8,0,4,4,7,5,0,0,1,0,0,0,0,2,1,1,1,1,47,8,-1,-1,-1,-1,3,E01017609,0,3
2025430300228,2025,430300228,1,9,0,18,19,8,4,0,0,0,0,0,0,0,1,1,2,2,1,31,6,-1,-1,-1,-1,6,E01017812,0,1
2025430300271,2025,430300271,1,9,0,-1,3,8,4,-1,0,0,0,0,0,0,2,1,-1,9,1,34,6,-1,-1,-1,-1,6,E01016388,0,1
2025430300271,2025,430300271,2,9,0,-1,19,8,4,-1,0,0,0,0,0,0,1,1,-1,6,1,30,6,-1,-1,-1,-1,9,E01016674,0,2
2025430300341,2025,430300341,2,9,0,-1,19,8,4,-1,0,6,0,0,0,0,1,1,-1,6,1,-1,-1,-1,-1,-1,-1,-1,-1,0,-1
2025430300341,2025,430300341,1,1,0,-1,19,2,6,-1,9,8,0,0,0,0,3,1,-1,9,1,14,3,-1,-1,-1,-1,10,E01016208,0,1
2025430300342,2025,430300342,1,9,0,18,19,7,3,0,0,0,0,0,0,0,4,1,6,6,2,-1,-1,-1,-1,-1,-1,-1,-1,0,-1
2025430300346,2025,430300346,1,9,0,5,5,8,4,0,0,4,0,0,0,0,1,1,2,2,2,51,8,-1,-1,-1,-1,8,E01033971,0,3
2025430300346,2025,430300346,2,1,0,18,19,6,2,0,0,8,0,0,0,0,2,1,6,6,2,32,6,-1,-1,-1,-1,9,E01028673,0,1
2025430300483,2025,430300483,1,5,0,14,14,7,3,0,0,1,0,0,0,0,1,1,5,6,1,47,8,-1,-1,-1,-1,4,E01001355,0,4
2025430300483,2025,430300483,2,9,0,9,9,7,4,0,0,5,0,0,0,0,3,1,5,6,2,54,8,-1,-1,-1,-1,7,E01017818,0,1
2025430300483,2025,430300483,3,9,0,3,3,7,3,0,0,1,0,0,0,0,0,1,6,6,3,-1,-1,-1,-1,-1,-1,-1,-1,0,-1
2025430301083,2025,430301083,1,9,0,10,10,1,7,0,0,1,0,0,0,0,4,1,2,2,2,26,6,-1,-1,-1,-1,8,E01017628,0,1
2025430301083,2025,430301083,2,5,0,18,19,5,1,0,0,8,0,0,0,0,3,1,6,6,1,42,7,-1,-1,-1,-1,9,E01017914,0,3
2025430301975,2025,430301975,1,3,-1,-1,19,7,3,-1,0,3,2,0,0,0,0,1,-1,6,1,20,4,-1,-1,-1,-1,10,E01016561,0,1
2025430302251,2025,430302251,1,9,0,16,19,8,3,0,0,0,0,0,0,0,1,1,5,6,2,84,11,-1,-1,-1,-1,8,E01017735,0,1
2025430302251,2025,430302251,2,21,0,17,19,3,8,0,0,0,0,0,0,0,1,1,1,1,1,52,8,-1,-1,-1,-1,2,E01027198,0,4
2025430302512,2025,430302512,1,9,0,18,19,1,5,0,0,0,0,0,0,0,1,1,6,6,1,75,10,-1,-1,-1,-1,5,E01028633,0,3
2025430302512,2025,430302512,2,9,0,18,19,5,1,0,0,0,0,0,0,0,1,1,6,6,1,51,8,-1,-1,-1,-1,-1,-1,0,-1
2025430302525,2025,430302525,2,1,0,18,19,6,2,0,0,0,0,0,0,0,1,1,6,6,2,15,3,-1,-1,-1,-1,9,E01017895,0,1
2025430302525,2025,430302525,1,9,0,18,19,4,8,0,0,0,0,0,0,0,1,1,5,6,2,64,9,-1,-1,-1,-1,6,E01017898,0,1
2025430302724,2025,430302724,1,9,0,-1,7,8,1,-1,0,5,0,0,0,0,4,1,-1,6,3,-1,-1,-1,-1,-1,-1,-1,-1,0,-1
2025430302911,2025,430302911,1,9,0,13,13,3,7,0,0,0,0,0,1,0,4,1,5,6,1,43,7,-1,-1,-1,-1,9,E01028634,0,1
2025430302911,2025,430302911,2,9,0,18,19,3,7,0,0,0,0,0,1,4,3,1,5,6,2,50,8,-1,-1,-1,-1,9,E01028712,0,1
2025430303713,2025,430303713,1,9,0,9,9,2,8,0,0,5,0,0,0,0,4,1,5,6,2,85,11,-1,-1,-1,-1,5,E01002520,0,1
2025430303713,2025,430303713,2,9,0,18,19,6,2,0,0,8,0,0,0,0,1,1,5,6,1,26,6,-1,-1,-1,-1,4,E01016446,0,1
2025430304268,2025,430304268,1,9,0,1,1,2,6,0,0,6,0,0,0,0,2,1,6,6,1,-1,-1,-1,-1,-1,-1,-1,-1,0,-1
2025430304752,2025,430304752,3,19,0,18,19,7,3,0,0,0,0,0,0,0,2,1,1,1,1,-1,-1,-1,-1,-1,-1,-1,-1,0,-1
2025430304752,2025,430304752,2,9,0,4,4,7,3,0,0,0,0,0,0,0,2,1,5,6,2,26,6,-1,-1,-1,-1,4,E01032714,0,3
2025430304752,2025,430304752,1,9,0,18,19,7,3,0,0,0,0,0,0,0,1,1,6,6,1,32,6,-1,-1,-1,-1,-1,-1,0,-1
2025430304826,2025,430304826,2,9,0,-1,2,0,0,-1,9,2,0,0,0,0,2,-1,-1,2,2,-1,-1,-1,-1,-1,-1,-1,-1,0,-1
2025430304826,2025,430304826,1,9,0,-1,19,8,4,-1,0,6,0,10,3,11,1,1,-1,6,2,60,9,-1,-1,-1,-1,7,E01016307,0,1
2025430305153,2025,430305153,2,9,0,18,19,7,3,0,0,0,0,0,0,0,9,1,6,6,3,-1,-1,-1,-1,-1,-1,-1,-1,0,-1
2025430305153,2025,430305153,1,1,0,18,19,7,3,0,0,0,0,0,0,0,3,1,5,6,1,46,8,-1,-1,-1,-1,6,E01035580,0,3
2025430305745,2025,430305745,2,9,0,4,4,1,5,0,0,0,0,0,0,0,2,1,5,6,1,71,10,-1,-1,-1,-1,6,E01008030,0,5
2025430305745,2025,430305745,4,9,0,4,4,1,5,0,0,0,0,0,0,0,2,1,5,6,1,68,10,-1,-1,-1,-1,10,E01030448,0,4
2025430305745,2025,430305745,1,21,0,18,19,1,5,0,0,0,0,0,0,0,1,1,1,1,1,76,11,-1,-1,-1,-1,5,E01017659,0,4
2025430305745,2025,430305745,3,9,0,4,4,1,5,0,0,0,0,0,0,0,2,1,5,6,1,64,9,-1,-1,-1,-1,4,E01010517,0,4
2025430305745,2025,430305745,5,21,0,4,4,1,5,0,0,0,0,0,0,0,2,1,1,1,1,29,6,-1,-1,-1,-1,-1,-1,0,-1
2025430305766,2025,430305766,1,9,0,13,13,7,3,0,0,1,0,0,7,10,4,1,6,6,1,18,4,-1,-1,-1,-1,8,E01017670,0,4
2025430305766,2025,430305766,2,17,4,9,9,7,5,0,0,5,0,0,0,0,3,1,1,1,1,24,5,-1,-1,-1,-1,6,E01026199,0,5
2025430305968,2025,430305968,2,1,0,18,19,3,7,0,0,1,0,0,0,0,1,1,5,6,1,61,9,-1,-1,-1,-1,5,E01029852,0,4
2025430305968,2025,430305968,1,9,0,17,19,5,3,0,0,1,0,0,0,0,3,1,6,6,1,-1,-1,-1,-1,-1,-1,-1,-1,0,-1
2025430305985,2025,430305985,1,9,0,13,13,8,4,0,0,8,0,0,0,0,1,1,6,6,2,50,8,-1,-1,-1,-1,-1,-1,0,-1
2025430305985,2025,430305985,2,1,0,9,9,8,5,0,0,5,0,0,0,0,3,1,6,6,2,67,10,-1,-1,-1,-1,-1,-1,0,-1
2025430306299,2025,430306299,2,5,0,18,19,2,6,0,0,8,0,0,0,0,1,1,6,6,1,22,5,-1,-1,-1,-1,5,E01028441,0,2
2025430306299,2025,430306299,1,21,4,9,9,4,2,0,0,6,0,0,0,0,3,1,6,6,1,34,6,-1,-1,-1,-1,7,E01028474,0,1
2025430306388,2025,430306388,2,9,0,18,19,3,7,0,0,4,0,0,0,0,1,1,5,6,2,43,7,-1,-1,-1,-1,3,E01017663,0,1
2025430306388,2025,430306388,1,9,0,18,19,8,4,0,0,8,0,0,0,0,4,1,5,6,1,32,6,-1,-1,-1,-1,10,E01017638,0,1
2025430306440,2025,430306440,1,9,0,-1,4,5,1,-1,0,0,0,0,0,0,4,1,-1,6,2,50,8,-1,-1,-1,-1,9,E01016314,0,2
2025430306524,2025,430306524,2,19,0,-1,19,6,2,-1,0,0,0,0,0,0,1,1,-1,6,1,-1,-1,-1,-1,-1,-1,4,E01030752,0,2
2025430306524,2025,430306524,1,19,0,-1,4,6,2,-1,0,0,0,0,0,0,2,1,-1,1,1,26,6,-1,-1,-1,-1,4,E01034611,0,2
2025430306698,2025,430306698,1,9,0,-1,19,4,1,-1,0,0,0,0,0,0,1,1,-1,7,1,51,8,-1,-1,-1,-1,-1,-1,0,-1
2025430306698,2025,430306698,2,9,0,-1,19,1,5,-1,9,0,0,0,0,0,1,1,-1,6,2,26,6,-1,-1,-1,-1,9,E01016678,0,1
2025430306795,2025,430306795,1,9,0,-1,19,8,4,-1,0,0,1,0,4,6,1,1,-1,6,2,30,6,-1,-1,-1,-1,10,E01030791,0,4
2025430306797,2025,430306797,1,9,0,-1,7,8,4,-1,0,2,0,0,0,0,3,1,-1,6,2,60,9,-1,-1,-1,-1,8,E01016252,0,1
2025430306797,2025,430306797,2,9,0,-1,19,2,8,-1,0,1,0,0,0,0,1,1,-1,6,2,35,6,-1,-1,-1,-1,9,E01030978,0,3
2025430306814,2025,430306814,2,1,0,-1,19,7,3,-1,0,8,0,0,0,0,3,1,-1,6,1,18,4,-1,-1,-1,-1,3,E01016445,0,1
2025430306814,2025,430306814,1,9,0,-1,4,5,1,-1,0,1,0,0,0,0,1,1,-1,2,1,25,5,-1,-1,-1,-1,6,E01016482,0,2
2025430306873,2025,430306873,1,9,0,3,3,6,2,0,0,1,0,0,1,0,2,1,6,6,2,37,7,-1,-1,-1,-1,8,E01033515,0,1
2025430306873,2025,430306873,2,9,0,3,3,6,2,0,0,1,0,0,1,0,1,1,6,6,1,-1,-1,-1,-1,-1,-1,-1,-1,0,-1
2025430307905,2025,430307905,1,9,0,5,5,5,1,0,0,4,0,0,0,0,1,1,6,6,2,37,7,-1,-1,-1,-1,7,E01028470,0,4
2025430307905,2025,430307905,2,3,0,18,19,3,7,0,0,1,0,0,0,0,4,1,6,6,1,38,7,-1,-1,-1,-1,10,E01033968,0,4
2025430307941,2025,430307941,1,9,0,3,3,7,3,0,0,0,0,0,0,0,2,1,5,6,2,24,5,-1,-1,-1,-1,8,E01027296,0,4
2025430307941,2025,430307941,2,9,0,18,19,7,3,0,0,0,0,0,0,0,1,1,6,6,1,-1,-1,-1,-1,-1,-1,-1,-1,0,-1
2025430308005,2025,430308005,1,9,0,9,9,6,4,0,0,5,0,0,0,0,1,1,6,6,1,69,10,-1,-1,-1,-1,10,E01017762,0,1
2025430308005,2025,430308005,2,1,0,18,19,2,6,0,0,8,0,0,0,0,1,1,5,6,2,53,8,-1,-1,-1,-1,5,E01001974,0,4
2025430308082,2025,430308082,1,9,0,-1,19,8,6,-1,0,0,0,0,0,0,1,1,-1,6,2,53,8,-1,-1,-1,-1,10,E01016658,0,2
2025430308101,2025,430308101,4,9,0,-1,19,6,2,-1,0,4,0,0,0,0,1,1,-1,6,2,28,6,-1,-1,-1,-1,10,E01035240,0,1
2025430308101,2025,430308101,3,8,0,-1,19,6,2,-1,0,4,0,0,0,0,1,1,-1,6,1,47,8,-1,-1,-1,-1,8,E01016192,0,1
2025430308101,2025,430308101,1,9,0,-1,19,6,2,-1,0,4,0,0,0,0,0,1,-1,6,1,-1,-1,-1,-1,-1,-1,-1,-1,0,-1
2025430308101,2025,430308101,2,9,0,-1,19,6,2,-1,0,4,0,0,0,0,2,1,-1,6,1,88,11,-1,-1,-1,-1,10,E01016230,0,1
2025430308239,2025,430308239,1,9,0,18,19,5,1,0,0,4,0,0,0,0,3,1,5,6,2,56,9,-1,-1,-1,-1,-1,-1,0,-1
2025430308239,2025,430308239,2,1,0,18,19,3,6,0,0,8,0,0,0,0,1,1,5,6,1,-1,-1,-1,-1,-1,-1,-1,-1,0,-1
2025430308475,2025,430308475,1,9,0,18,19,5,1,0,0,0,2,0,1,9,1,1,5,6,1,43,7,-1,-1,-1,-1,2,E01009887,0,5
2025430308569,2025,430308569,1,9,0,5,5,5,1,0,0,6,1,0,1,4,1,1,5,6,1,55,8,-1,-1,-1,-1,9,E01035727,0,2
2025430308569,2025,430308569,2,9,0,18,19,3,7,0,0,2,1,0,7,4,4,1,5,6,1,55,8,-1,-1,-1,-1,7,E01028612,0,4
2025430309620,2025,430309620,1,1,0,18,19,4,8,0,0,0,0,0,0,0,1,1,5,6,1,66,10,-1,-1,-1,-1,10,E01017820,0,3
2025430309706,2025,430309706,2,9,0,18,19,5,1,0,0,2,0,0,1,9,1,1,6,6,1,60,9,-1,-1,-1,-1,7,E01028488,0,2
2025430309706,2025,430309706,1,9,0,18,19,1,5,0,0,1,5,0,1,9,1,1,6,6,1,20,4,-1,-1,-1,-1,9,E01035759,0,4
2025430309775,2025,430309775,1,9,0,-1,19,2,6,-1,0,1,0,0,0,0,1,1,-1,6,2,56,9,-1,-1,-1,-1,10,E01016534,0,1
2025430309809,2025,430309809,2,97,0,18,19,7,3,0,0,1,0,0,0,0,1,1,6,6,1,-1,-1,-1,-1,-1,-1,-1,-1,0,-1
2025430309809,2025,430309809,1,9,0,9,9,3,1,0,0,5,0,0,0,0,4,1,6,6,3,-1,-1,-1,-1,-1,-1,-1,-1,0,-1
2025430310274,2025,430310274,1,3,0,-1,6,4,4,-1,0,8,0,0,0,0,4,1,-1,1,1,28,6,-1,-1,-1,-1,5,E01016357,0,1
2025430310359,2025,430310359,2,1,-1,-1,19,8,4,-1,0,1,0,0,0,0,1,-1,-1,6,1,15,3,-1,-1,-1,-1,10,E01016246,0,1
2025430310359,2025,430310359,1,9,0,-1,19,2,6,-1,0,1,0,0,0,0,3,1,-1,9,1,41,7,-1,-1,-1,-1,4,E01016673,0,1
2025430310859,2025,430310859,1,5,0,-1,19,6,2,-1,0,1,0,12,0,0,1,1,-1,2,1,26,6,-1,-1,-1,-1,6,E01034717,0,3
2025430311882,2025,430311882,1,9,0,-1,19,2,6,-1,0,1,0,0,0,0,1,1,-1,6,2,84,11,-1,-1,-1,-1,10,E01016602,0,1
2025430311882,2025,430311882,2,9,0,-1,19,6,2,-1,0,2,0,0,0,0,1,1,-1,6,2,39,7,-1,-1,-1,-1,5,E01016599,0,1
2025430312470,2025,430312470,1,5,0,-1,19,7,3,-1,0,0,0,12,4,0,1,1,-1,9,1,21,5,-1,-1,-1,-1,9,E01024159,0,5
2025430313053,2025,430313053,2,9,0,18,19,5,8,0,0,1,0,0,0,0,1,1,6,6,1,-1,-1,-1,-1,-1,-1,-1,-1,0,-1
2025430313053,2025,430313053,1,9,0,3,3,5,8,0,0,4,0,0,0,0,2,1,6,6,1,38,7,-1,-1,-1,-1,7,E01016739,0,2
2025430314284,2025,430314284,1,9,0,18,19,4,8,0,0,0,0,0,0,0,1,1,6,6,3,-1,-1,-1,-1,-1,-1,-1,-1,0,-1
2025430314284,2025,430314284,2,9,0,18,19,4,8,0,0,0,1,0,2,6,2,1,5,6,2,28,6,-1,-1,-1,-1,9,E01028502,0,4
2025430314286,2025,430314286,1,2,0,18,19,6,2,0,0,8,0,0,0,0,3,1,5,6,2,16,4,-1,-1,-1,-1,4,E01023418,0,2
2025430314286,2025,430314286,2,9,0,11,11,6,2,0,0,3,0,0,0,0,4,1,6,6,2,33,6,-1,-1,-1,-1,9,E01033957,0,1
2025430314517,2025,430314517,2,21,0,5,5,-1,-1,0,0,0,0,0,0,0,1,1,1,1,1,40,7,-1,-1,-1,-1,-1,-1,0,-1
2025430314517,2025,430314517,1,2,0,5,5,-1,-1,0,0,0,0,0,0,0,2,1,1,1,2,30,6,-1,-1,-1,-1,-1,-1,0,-1
2025430314596,2025,430314596,1,9,0,3,3,8,4,0,0,0,0,0,0,0,2,1,1,1,2,24,5,-1,-1,-1,-1,8,E01000247,0,4
2025430314596,2025,430314596,2,19,0,18,19,8,4,0,0,0,0,0,0,0,1,1,6,6,1,-1,-1,-1,-1,-1,-1,-1,-1,0,-1
2025430314607,2025,430314607,1,1,0,18,19,4,8,5,5,0,0,0,1,11,1,1,6,6,1,37,7,-1,-1,-1,-1,7,E01028560,0,1
2025430314765,2025,430314765,1,9,0,-1,19,4,8,-1,0,1,0,0,0,0,1,1,-1,9,1,36,7,-1,-1,-1,-1,-1,-1,0,-1
2025430314849,2025,430314849,1,9,0,-1,19,6,2,-1,9,0,0,0,1,0,1,1,-1,6,3,-1,-1,-1,-1,-1,-1,-1,-1,0,-1
2025430314849,2025,430314849,2,1,-1,-1,19,6,2,-1,9,0,0,0,0,0,3,-1,-1,6,2,8,2,-1,-1,-1,-1,4,E01016518,0,1
2025430314849,2025,430314849,3,1,-1,-1,19,6,2,-1,9,0,0,0,0,0,1,-1,-1,6,1,17,4,-1,-1,-1,-1,-1,-1,0,-1
2025430315031,2025,430315031,3,9,0,18,19,4,8,0,0,0,0,0,0,0,4,1,5,6,1,44,7,-1,-1,-1,-1,4,E01017708,0,1
2025430315031,2025,430315031,2,9,0,18,19,4,8,0,0,0,0,7,0,0,4,1,5,6,1,20,4,-1,-1,-1,-1,3,E01017709,0,1
2025430315031,2025,430315031,1,9,0,18,19,4,8,0,0,0,0,7,0,0,3,1,5,6,1,23,5,-1,-1,-1,-1,4,E01017661,0,1
2025430315059,2025,430315059,2,9,0,-1,9,2,8,-1,0,6,0,0,0,0,1,1,-1,6,1,-1,-1,-1,-1,-1,-1,-1,-1,0,-1
2025430315059,2025,430315059,1,1,0,-1,19,4,8,-1,0,2,1,0,1,0,3,1,-1,9,1,14,3,-1,-1,-1,-1,-1,-1,0,-1
2025430315302,2025,430315302,1,9,0,18,19,8,4,0,0,1,0,0,0,0,1,1,2,2,1,31,6,-1,-1,-1,-1,-1,-1,0,-1
2025430315302,2025,430315302,2,8,0,4,4,8,4,0,0,1,0,0,0,0,2,1,1,1,1,-1,-1,-1,-1,-1,-1,-1,-1,0,-1
2025430315424,2025,430315424,2,1,0,18,19,2,6,0,0,2,0,0,0,0,3,1,4,7,1,11,3,-1,-1,-1,-1,7,E01033959,0,1
2025430315424,2025,430315424,1,9,0,18,19,8,4,0,0,2,0,0,0,0,1,1,1,1,1,28,6,-1,-1,-1,-1,4,E01023775,0,4
2025430315618,2025,430315618,1,1,0,-1,14,1,5,-1,0,1,0,0,0,0,3,1,-1,9,1,57,9,-1,-1,-1,-1,-1,-1,0,-1
2025430315618,2025,430315618,2,19,0,-1,5,1,5,-1,0,1,0,0,0,0,3,1,-1,6,2,-1,-1,-1,-1,-1,-1,-1,-1,0,-1
2025430315796,2025,430315796,1,1,0,-1,19,4,7,-1,0,0,0,0,0,0,1,1,-1,9,1,55,8,-1,-1,-1,-1,7,E01016197,0,4
2025430315796,2025,430315796,2,9,0,-1,19,7,4,-1,0,0,0,0,0,0,1,1,-1,6,2,-1,-1,-1,-1,-1,-1,-1,-1,0,-1
2025430316159,2025,430316159,3,1,0,18,19,7,3,0,0,1,0,0,1,9,0,1,6,6,1,60,9,-1,-1,-1,-1,8,E01033191,0,2
2025430316159,2025,430316159,2,9,0,18,19,3,7,0,0,8,0,0,0,0,1,1,2,2,1,37,7,-1,-1,-1,-1,9,E01017576,0,2
2025430316159,2025,430316159,1,9,0,9,9,6,3,0,0,6,0,0,0,0,1,1,1,1,1,36,7,-1,-1,-1,-1,7,E01017578,0,3
2025430316484,2025,430316484,1,-1,0,-1,19,3,7,-1,4,0,0,0,0,0,1,1,-1,6,1,20,4,-1,-1,-1,-1,2,E01016458,1,1
2025430316573,2025,430316573,1,9,0,-1,3,4,8,-1,0,6,0,0,0,0,1,1,-1,2,1,35,6,-1,-1,-1,-1,8,E01016380,0,4
2025430316573,2025,430316573,2,19,0,-1,5,4,8,-1,0,6,0,0,0,0,2,-1,-1,6,2,28,6,-1,-1,-1,-1,7,E01016310,0,2
2025430316600,2025,430316600,1,9,0,-1,19,4,8,-1,0,1,0,0,0,0,1,1,-1,2,1,20,4,-1,-1,-1,-1,-1,-1,0,-1
2025430316822,2025,430316822,1,9,0,-1,7,6,8,-1,0,1,0,0,7,10,1,1,-1,6,2,40,7,-1,-1,-1,-1,9,E01016634,0,1
2025430316858,2025,430316858,2,9,0,5,5,5,1,0,0,4,0,0,0,0,3,1,5,6,2,41,7,-1,-1,-1,-1,2,E01028520,0,1
2025430316858,2025,430316858,1,9,0,18,19,2,6,0,0,8,0,0,0,0,4,1,6,6,2,32,6,-1,-1,-1,-1,5,E01028604,0,2
2025430316861,2025,430316861,2,9,0,-1,15,7,3,-1,0,8,0,0,0,0,2,1,-1,6,1,35,6,-1,-1,-1,-1,5,E01016359,0,1
2025430316861,2025,430316861,3,9,0,-1,19,7,3,-1,0,8,0,0,0,0,2,1,-1,6,2,49,8,-1,-1,-1,-1,9,E01022560,0,3
2025430316861,2025,430316861,1,9,0,-1,19,7,3,-1,0,8,0,0,0,0,1,1,-1,6,2,20,4,-1,-1,-1,-1,9,E01016634,0,3
2025430316926,2025,430316926,2,19,0,18,19,6,2,0,0,3,0,0,0,0,1,1,6,6,1,45,7,-1,-1,-1,-1,-1,-1,0,-1
2025430316926,2025,430316926,1,9,0,18,19,6,2,0,0,3,0,0,0,0,2,1,5,6,1,41,7,-1,-1,-1,-1,8,E01017824,0,1
2025430316983,2025,430316983,1,9,0,18,19,7,3,0,0,0,0,0,1,4,1,1,1,1,2,40,7,-1,-1,-1,-1,4,E01028471,0,4
2025430317716,2025,430317716,2,3,0,18,19,7,3,0,0,1,0,0,0,0,1,1,6,6,1,19,4,-1,-1,-1,-1,10,E01028791,0,1
2025430317716,2025,430317716,1,9,0,9,9,3,1,0,0,5,0,0,0,0,1,1,6,6,1,58,9,-1,-1,-1,-1,7,E01028431,0,4
2025430317914,2025,430317914,2,11,0,18,19,1,5,2,2,1,0,0,0,0,3,1,1,1,1,30,6,-1,-1,-1,-1,9,E01028822,0,3
2025430317914,2025,430317914,1,9,0,7,7,1,3,0,0,5,0,0,0,0,4,1,5,6,1,47,8,-1,-1,-1,-1,-1,-1,0,-1
2025430317923,2025,430317923,1,3,0,-1,19,3,6,-1,0,0,0,0,0,0,4,1,-1,6,1,30,6,-1,-1,-1,-1,-1,-1,0,-1
2025430317991,2025,430317991,2,19,0,-1,19,7,3,-1,0,1,1,0,0,0,1,1,-1,6,1,-1,-1,-1,-1,-1,-1,-1,-1,0,-1
2025430317991,2025,430317991,1,3,0,-1,7,5,7,-1,0,2,1,0,1,0,3,1,-1,6,2,-1,-1,-1,-1,-1,-1,-1,-1,0,-1
2025430317991,2025,430317991,3,19,0,-1,19,7,3,-1,0,1,1,0,0,0,3,1,-1,6,1,-1,-1,-1,-1,-1,-1,-1,-1,0,-1
2025430318248,2025,430318248,1,19,4,-1,13,1,5,-1,0,0,0,0,0,0,1,-1,-1,6,3,-1,-1,-1,-1,-1,-1,-1,-1,0,-1
2025430318248,2025,430318248,2,1,0,-1,19,1,5,-1,0,0,0,0,0,0,3,1,-1,9,1,74,10,-1,-1,-1,-1,8,E01030704,0,2
2025430318428,2025,430318428,1,9,0,9,9,4,2,0,0,6,0,0,0,0,3,1,5,6,1,60,9,-1,-1,-1,-1,-1,-1,0,-1
2025430318428,2025,430318428,2,9,0,18,19,2,6,0,0,8,0,0,0,0,1,1,5,6,1,83,11,-1,-1,-1,-1,10,E01017796,0,1
2025430318623,2025,430318623,1,9,0,16,19,5,1,0,0,0,0,0,0,0,1,1,6,6,2,75,10,-1,-1,-1,-1,10,E01028763,0,2
2025430318623,2025,430318623,2,19,0,17,19,1,5,0,0,0,0,0,0,0,1,1,1,1,1,24,5,-1,-1,-1,-1,9,E01028723,0,4
2025430318636,2025,430318636,1,9,0,17,19,8,4,0,0,0,2,0,7,9,1,1,6,6,2,25,5,-1,-1,-1,-1,7,E01001313,0,4
2025430319051,2025,430319051,1,9,0,3,3,8,4,0,0,1,0,0,0,0,2,1,5,6,2,38,7,-1,-1,-1,-1,7,E01033962,0,1
2025430319051,2025,430319051,2,1,0,18,19,8,4,0,0,1,0,0,0,0,1,1,6,6,1,45,7,-1,-1,-1,-1,7,E01033960,0,1
2025430319158,2025,430319158,1,9,0,17,19,8,4,0,0,0,1,10,7,9,1,1,5,6,1,18,4,-1,-1,-1,-1,5,E01016494,0,3
2025430319219,2025,430319219,1,9,0,18,19,3,7,0,0,0,1,7,1,10,1,1,5,6,2,18,4,-1,-1,-1,-1,-1,-1,0,-1
2025430319219,2025,430319219,2,9,0,18,19,7,3,0,0,0,0,0,1,0,1,1,6,6,1,32,6,-1,-1,-1,-1,-1,-1,0,-1
2025430319329,2025,430319329,2,9,0,18,19,3,7,0,0,0,0,0,0,0,1,1,5,6,3,30,6,-1,-1,-1,-1,-1,-1,0,-1
2025430319329,2025,430319329,1,5,0,13,13,7,3,0,0,0,0,0,1,0,1,1,5,6,1,43,7,-1,-1,-1,-1,10,E01028637,0,2
2025430319424,2025,430319424,2,9,0,16,19,7,3,0,0,1,0,0,0,0,1,1,6,6,3,-1,-1,-1,-1,-1,-1,-1,-1,0,-1
2025430319424,2025,430319424,1,9,0,3,3,7,3,0,0,1,0,0,0,0,2,1,6,6,1,30,6,-1,-1,-1,-1,8,E01033519,0,2
2025430319484,2025,430319484,1,9,0,17,19,6,3,0,0,0,0,0,1,4,1,1,5,6,1,28,6,-1,-1,-1,-1,4,E01001199,0,3
2025430319667,2025,430319667,1,3,0,18,19,7,3,0,0,1,1,0,0,0,1,1,6,6,1,31,6,-1,-1,-1,-1,6,E01028691,0,1
2025430319754,2025,430319754,1,9,0,-1,19,1,5,-1,0,0,0,10,1,0,1,1,-1,7,2,47,8,-1,-1,-1,-1,10,E01028665,0,1
2025430319823,2025,430319823,1,9,0,-1,9,7,3,-1,0,2,0,0,0,0,1,1,-1,6,2,37,7,-1,-1,-1,-1,7,E01016217,0,1
2025430319823,2025,430319823,2,9,0,-1,19,5,1,-1,0,1,0,0,0,0,1,1,-1,6,1,38,7,-1,-1,-1,-1,7,E01016217,0,1
2025430320132,2025,430320132,2,9,0,14,14,6,2,0,0,0,0,0,0,0,4,1,6,6,1,87,11,-1,-1,-1,-1,9,E01016828,0,1
2025430320132,2025,430320132,1,19,0,1,1,4,8,0,0,0,0,0,0,0,2,1,6,6,1,30,6,-1,-1,-1,-1,3,E01015701,0,4
2025430320615,2025,430320615,1,4,0,18,19,7,3,0,0,0,0,0,0,0,1,1,2,2,1,29,6,-1,-1,-1,-1,2,E01010039,0,4