collision_index,collision_year,collision_ref_no,vehicle_reference,vehicle_type,towing_and_articulation,vehicle_manoeuvre_historic,vehicle_manoeuvre,vehicle_direction_from,vehicle_direction_to,vehicle_location_restricted_lane_historic,vehicle_location_restricted_lane,junction_location,skidding_and_overturning,hit_object_in_carriageway,vehicle_leaving_carriageway,hit_object_off_carriageway,first_point_of_impact,vehicle_left_hand_drive,journey_purpose_of_driver_historic,journey_purpose_of_driver,sex_of_driver,age_of_driver,age_band_of_driver,engine_capacity_cc,propulsion_code,age_of_vehicle,generic_make_model,driver_imd_decile,lsoa_of_driver,escooter_flag,driver_distance_banding
2025430320615,2025,430320615,2,9,0,4,4,7,3,0,0,0,0,0,0,0,2,1,6,6,3,-1,-1,-1,-1,-1,-1,-1,-1,0,-1
2025430320623,2025,430320623,2,9,0,18,19,5,1,0,0,1,0,0,0,0,1,1,5,6,1,70,10,-1,-1,-1,-1,8,E01028744,0,1
2025430320623,2025,430320623,1,9,0,9,9,1,7,0,0,5,0,10,1,1,4,1,6,6,1,47,8,-1,-1,-1,-1,-1,-1,0,-1
2025430321826,2025,430321826,2,9,0,-1,4,2,6,-1,0,4,0,0,0,0,1,1,-1,6,3,-1,-1,-1,-1,-1,-1,-1,-1,0,-1
2025430321826,2025,430321826,1,9,0,-1,4,8,6,-1,0,4,0,0,0,0,2,1,-1,9,2,55,8,-1,-1,-1,-1,7,E01033852,0,4
2025430321827,2025,430321827,1,9,0,18,19,4,8,0,0,0,0,0,0,0,1,1,6,6,2,-1,-1,-1,-1,-1,-1,8,E01004727,0,4
2025430321827,2025,430321827,2,9,0,18,19,4,8,0,0,0,0,0,0,0,2,1,5,6,2,49,8,-1,-1,-1,-1,3,E01015761,0,4
2025430322083,2025,430322083,2,1,-1,-1,19,2,6,-1,0,8,0,0,0,0,3,-1,-1,9,1,55,8,-1,-1,-1,-1,6,E01022858,0,1
2025430322083,2025,430322083,1,9,0,-1,7,4,6,-1,0,6,0,0,0,0,4,1,-1,9,1,64,9,-1,-1,-1,-1,9,E01016691,0,1
2025430322117,2025,430322117,1,9,0,9,9,2,6,0,0,1,0,0,0,0,1,1,6,6,1,32,6,-1,-1,-1,-1,-1,-1,0,-1
2025430322117,2025,430322117,2,9,0,18,19,2,8,0,0,2,0,0,0,0,2,1,2,2,2,27,6,-1,-1,-1,-1,3,E01028519,0,2
2025430322398,2025,430322398,2,9,0,-1,19,3,7,-1,0,8,0,0,0,0,3,1,-1,6,1,71,10,-1,-1,-1,-1,5,E01016240,0,1
2025430322398,2025,430322398,1,9,0,-1,19,3,7,-1,0,8,0,0,0,0,4,1,-1,6,2,47,8,-1,-1,-1,-1,9,E01016247,0,1
2025430322452,2025,430322452,2,2,0,-1,19,5,1,-1,0,8,1,0,0,0,4,1,-1,6,1,16,4,-1,-1,-1,-1,10,E01023117,0,3
2025430322452,2025,430322452,1,9,0,-1,19,7,3,-1,0,4,0,0,0,0,3,1,-1,9,2,37,7,-1,-1,-1,-1,10,E01035240,0,1
2025430322471,2025,430322471,2,4,0,9,9,8,5,0,0,8,0,0,0,0,4,1,6,6,1,67,10,-1,-1,-1,-1,9,E01017939,0,2
2025430322471,2025,430322471,1,9,0,18,19,1,5,0,0,5,0,0,0,0,3,1,6,6,2,55,8,-1,-1,-1,-1,8,E01017836,0,1
2025430322487,2025,430322487,1,5,0,13,13,6,2,0,0,0,1,11,0,0,1,1,5,6,1,67,10,-1,-1,-1,-1,8,E01028614,0,2
2025430322737,2025,430322737,1,1,0,18,19,1,5,0,0,0,2,0,0,0,3,1,6,6,1,11,3,-1,-1,-1,-1,7,E01028432,0,1
2025430322737,2025,430322737,2,9,0,18,19,7,3,0,0,0,0,0,0,0,1,1,1,1,1,23,5,-1,-1,-1,-1,3,E01028452,0,1
2025430322818,2025,430322818,3,9,0,3,3,8,4,0,0,0,0,0,0,0,2,1,5,6,1,69,10,-1,-1,-1,-1,10,E01016694,0,1
2025430322818,2025,430322818,2,9,0,3,3,8,4,0,0,0,0,0,0,0,2,1,5,6,2,47,8,-1,-1,-1,-1,8,E01028653,0,2
2025430322818,2025,430322818,1,9,0,18,19,8,4,0,0,0,0,0,0,0,1,1,5,6,2,62,9,-1,-1,-1,-1,10,E01016532,0,3
2025430323219,2025,430323219,1,9,0,17,19,6,2,0,0,0,5,0,1,0,1,1,2,2,1,17,4,-1,-1,-1,-1,8,E01028506,0,2
2025430323728,2025,430323728,2,9,0,-1,19,6,2,-1,0,8,0,0,1,0,4,1,-1,6,2,79,11,-1,-1,-1,-1,9,E01035267,0,1
2025430323728,2025,430323728,1,9,0,-1,10,8,6,-1,0,1,0,0,1,0,3,1,-1,6,2,24,5,-1,-1,-1,-1,10,E01030903,0,4
2025430323729,2025,430323729,1,9,0,14,14,7,3,0,0,0,0,0,0,0,1,1,6,6,1,66,10,-1,-1,-1,-1,10,E01028670,0,1
2025430323729,2025,430323729,2,9,0,4,4,7,3,0,0,0,0,0,0,0,2,1,6,6,2,48,8,-1,-1,-1,-1,4,E01025823,0,4
2025430323795,2025,430323795,3,9,0,-1,19,3,7,-1,0,8,0,0,0,0,1,1,-1,6,1,31,6,-1,-1,-1,-1,10,E01022521,0,3
2025430323795,2025,430323795,2,9,0,-1,19,5,1,-1,0,8,0,0,0,0,1,1,-1,6,1,33,6,-1,-1,-1,-1,9,E01016342,0,1
2025430323795,2025,430323795,1,9,0,-1,19,5,1,-1,0,6,0,0,0,0,2,1,-1,6,1,86,11,-1,-1,-1,-1,7,E01017026,0,4
2025430323865,2025,430323865,2,9,0,6,6,8,4,0,0,4,0,0,0,0,3,1,5,6,2,50,8,-1,-1,-1,-1,4,E01028529,0,1
2025430323865,2025,430323865,1,9,0,18,19,8,4,0,0,4,0,0,0,0,1,1,5,6,2,28,6,-1,-1,-1,-1,2,E01028520,0,1
2025430323940,2025,430323940,2,9,0,18,19,8,4,0,0,0,0,0,0,0,1,1,6,6,1,-1,-1,-1,-1,-1,-1,-1,-1,0,-1
2025430323940,2025,430323940,1,9,0,3,3,8,4,0,0,0,0,0,0,0,2,1,5,6,2,54,8,-1,-1,-1,-1,4,E01001406,0,4
2025430324155,2025,430324155,1,9,0,-1,5,3,1,-1,0,6,0,0,0,0,1,1,-1,6,2,63,9,-1,-1,-1,-1,7,E01016402,0,1
2025430324155,2025,430324155,2,3,0,-1,19,5,1,-1,0,1,0,0,0,0,3,1,-1,6,1,31,6,-1,-1,-1,-1,4,E01016361,0,1
2025430324345,2025,430324345,2,8,0,-1,9,4,2,-1,0,6,0,0,1,7,4,-1,-1,6,2,43,7,-1,-1,-1,-1,5,E01016434,0,2
2025430324345,2025,430324345,1,9,0,-1,19,6,2,-1,0,8,0,0,1,7,3,1,-1,6,1,34,6,-1,-1,-1,-1,9,E01016256,0,2
2025430324655,2025,430324655,2,9,0,9,9,2,7,0,0,5,0,0,0,0,4,1,6,6,1,-1,-1,-1,-1,-1,-1,-1,-1,0,-1
2025430324655,2025,430324655,1,1,0,18,19,6,2,0,0,8,0,0,0,0,1,1,5,6,1,44,7,-1,-1,-1,-1,7,E01017832,0,1
2025430325000,2025,430325000,2,9,0,-1,19,7,3,-1,0,4,0,0,0,0,3,1,-1,6,2,-1,-1,-1,-1,-1,-1,-1,-1,0,-1
2025430325000,2025,430325000,1,2,0,-1,19,5,1,-1,0,8,1,0,0,0,4,1,-1,9,1,16,4,-1,-1,-1,-1,10,E01023117,0,3
2025430325040,2025,430325040,1,9,0,18,19,6,2,0,0,0,0,0,7,0,1,1,5,6,1,19,4,-1,-1,-1,-1,9,E01028610,0,3
2025430325040,2025,430325040,2,11,0,18,19,2,6,0,0,0,0,0,0,0,1,1,1,1,1,30,6,-1,-1,-1,-1,4,E01017712,0,3
2025430325055,2025,430325055,1,9,0,9,9,6,4,0,0,6,0,0,0,0,1,1,5,6,1,58,9,-1,-1,-1,-1,8,E01017817,0,2
2025430325563,2025,430325563,2,1,0,-1,19,5,1,-1,0,8,0,0,1,10,1,1,-1,1,1,38,7,-1,-1,-1,-1,5,E01016460,0,1
2025430325563,2025,430325563,1,9,0,-1,7,5,7,-1,0,8,0,0,0,0,4,1,-1,6,3,-1,-1,-1,-1,-1,-1,-1,-1,0,-1
2025430325678,2025,430325678,2,9,0,-1,19,2,6,-1,0,1,0,0,0,0,1,1,-1,1,1,51,8,-1,-1,-1,-1,8,E01030766,0,3
2025430325678,2025,430325678,1,9,0,-1,9,6,4,-1,0,1,0,0,0,0,4,1,-1,1,1,25,5,-1,-1,-1,-1,7,E01014744,0,5
2025430325901,2025,430325901,2,9,0,18,19,7,3,0,0,0,0,0,0,0,3,1,6,6,1,-1,-1,-1,-1,-1,-1,-1,-1,0,-1
2025430325901,2025,430325901,1,9,0,4,4,3,7,0,0,0,0,0,0,0,3,1,2,2,1,18,4,-1,-1,-1,-1,10,E01028613,0,2
2025430326091,2025,430326091,1,9,0,16,19,6,2,0,0,0,0,0,7,4,1,1,5,6,1,65,9,-1,-1,-1,-1,10,E01028476,0,1
2025430326293,2025,430326293,1,9,0,18,19,3,7,0,0,0,0,0,0,0,1,1,6,6,2,59,9,-1,-1,-1,-1,10,E01028823,0,1
2025430326361,2025,430326361,1,3,0,18,19,4,8,0,0,3,0,0,0,0,1,1,5,6,1,34,6,-1,-1,-1,-1,5,E01028498,0,1
2025430326361,2025,430326361,2,1,0,18,19,2,6,0,0,3,0,0,0,0,4,1,2,2,1,41,7,-1,-1,-1,-1,10,E01028825,0,1
2025430326706,2025,430326706,1,9,0,2,2,0,0,0,0,0,0,0,0,0,4,1,5,6,1,57,9,-1,-1,-1,-1,6,E01002544,0,4
2025430326989,2025,430326989,2,9,0,18,19,1,5,0,0,1,0,0,0,0,1,1,6,6,3,-1,-1,-1,-1,-1,-1,-1,-1,0,-1
2025430326989,2025,430326989,1,9,0,4,4,1,5,0,0,1,0,0,0,0,2,1,6,6,1,43,7,-1,-1,-1,-1,5,E01027114,0,4
2025430328638,2025,430328638,2,9,0,18,19,2,6,0,0,4,0,0,0,0,1,1,6,6,1,76,11,-1,-1,-1,-1,6,E01017710,0,1
2025430328638,2025,430328638,1,5,0,9,9,8,6,0,0,8,0,0,0,0,4,1,5,6,1,60,9,-1,-1,-1,-1,10,E01017677,0,3
2025430329760,2025,430329760,2,9,0,18,19,2,6,0,0,0,0,0,0,0,1,1,6,6,1,-1,-1,-1,-1,-1,-1,-1,-1,0,-1
2025430329760,2025,430329760,1,9,0,3,3,2,6,0,0,0,0,0,0,0,2,1,5,6,1,36,7,-1,-1,-1,-1,10,E01017880,0,2
2025430331763,2025,430331763,1,19,0,-1,7,1,2,-1,0,5,0,0,0,0,1,1,-1,1,1,30,6,-1,-1,-1,-1,7,E01033974,0,4
2025430331763,2025,430331763,2,9,0,-1,9,5,2,-1,0,5,0,0,0,0,1,-1,-1,6,2,-1,-1,-1,-1,-1,-1,-1,-1,0,-1
2025430335776,2025,430335776,1,8,0,18,19,4,8,0,0,1,0,0,0,0,1,1,1,1,1,78,11,-1,-1,-1,-1,-1,-1,0,-1
2025430335776,2025,430335776,2,1,0,9,9,4,2,0,0,5,0,0,0,0,2,1,5,6,2,32,6,-1,-1,-1,-1,10,E01028563,0,1
2025430349316,2025,430349316,1,9,0,18,19,5,1,0,0,0,0,0,0,0,1,1,6,6,3,-1,-1,-1,-1,-1,-1,-1,-1,0,-1
2025430349316,2025,430349316,2,1,0,18,19,5,1,0,0,0,5,0,0,0,2,1,5,6,1,42,7,-1,-1,-1,-1,8,E01028467,0,1
2025430371014,2025,430371014,1,3,0,-1,19,8,4,-1,0,8,0,0,0,0,1,1,-1,9,1,18,4,-1,-1,-1,-1,10,E01016575,0,1
2025430371014,2025,430371014,2,9,0,-1,19,2,6,-1,0,8,0,0,0,0,3,1,-1,6,2,57,9,-1,-1,-1,-1,-1,-1,0,-1
2025430382177,2025,430382177,1,9,0,18,19,2,6,0,0,8,0,9,0,4,1,1,5,6,1,63,9,-1,-1,-1,-1,4,E01017899,0,3
2025432016871,2025,432016871,1,1,0,18,19,3,7,0,0,8,0,0,0,0,4,1,5,6,1,51,8,-1,-1,-1,-1,-1,-1,0,-1
2025432016871,2025,432016871,2,9,0,18,19,5,1,0,0,4,0,0,0,0,1,1,6,6,2,-1,-1,-1,-1,-1,-1,-1,-1,0,-1
2025432500255,2025,432500255,1,3,0,18,19,4,8,0,0,0,0,0,0,0,1,1,2,2,1,30,6,-1,-1,-1,-1,4,E01016475,0,1
2025432822630,2025,432822630,2,97,0,-1,19,1,5,-1,0,0,0,0,0,0,1,1,-1,6,1,17,4,-1,-1,-1,-1,8,E01016296,0,3
2025432822630,2025,432822630,1,9,0,-1,19,1,5,-1,0,0,0,0,0,0,2,1,-1,6,1,65,9,-1,-1,-1,-1,-1,-1,0,-1
2025435004971,2025,435004971,1,9,0,18,19,6,2,0,0,6,0,0,0,0,1,1,6,6,1,52,8,-1,-1,-1,-1,9,E01019406,0,5
2025435004971,2025,435004971,2,9,0,4,4,6,2,0,0,6,0,0,0,0,2,1,6,6,2,43,7,-1,-1,-1,-1,9,E01016345,0,3
2025435010696,2025,435010696,1,9,0,9,9,3,1,0,0,3,0,10,0,0,3,1,2,2,2,35,6,-1,-1,-1,-1,4,E01016716,0,1
2025435010696,2025,435010696,2,11,0,18,19,5,1,0,0,8,0,0,0,0,0,1,6,6,1,-1,-1,-1,-1,-1,-1,-1,-1,0,-1
2025440000414,2025,440000414,1,9,0,18,19,2,6,0,0,0,0,11,0,0,4,1,5,6,1,18,4,-1,-1,-1,-1,9,E01031504,0,3
2025440000518,2025,440000518,1,9,0,18,19,1,5,0,0,0,1,0,1,4,1,1,5,6,1,49,8,-1,-1,-1,-1,9,E01032248,0,5
2025440000672,2025,440000672,1,9,0,18,19,3,7,0,0,0,1,0,4,6,1,1,6,6,1,19,4,-1,-1,-1,-1,4,E01017034,0,2
2025440000684,2025,440000684,2,9,0,18,19,8,4,0,0,0,0,0,0,0,3,1,6,6,1,58,9,-1,-1,-1,-1,5,E01015505,0,4
2025440000684,2025,440000684,1,9,0,18,19,8,4,0,0,0,1,0,1,7,1,1,6,6,1,43,7,-1,-1,-1,-1,6,E01017070,0,1
2025440000774,2025,440000774,1,9,0,18,19,1,5,0,0,0,1,0,1,4,1,1,5,6,1,29,6,-1,-1,-1,-1,9,E01013514,0,5
2025440001003,2025,440001003,2,9,0,18,19,5,1,0,0,4,0,0,0,0,1,1,6,6,2,29,6,-1,-1,-1,-1,4,E01017013,0,1
2025440001003,2025,440001003,1,-1,0,18,19,3,7,0,0,8,0,0,0,0,4,1,2,2,1,30,6,-1,-1,-1,-1,1,E01017032,1,1
2025440001145,2025,440001145,1,9,0,18,19,8,4,0,0,1,2,0,7,9,4,1,5,6,1,15,3,-1,-1,-1,-1,8,E01023274,0,4
2025440001147,2025,440001147,1,9,0,18,19,4,8,0,0,0,0,0,7,0,1,1,6,6,2,25,5,-1,-1,-1,-1,10,E01023093,0,1
2025440001187,2025,440001187,2,19,0,18,19,8,4,0,0,0,0,0,0,0,1,1,1,1,1,31,6,-1,-1,-1,-1,10,E01022989,0,2
2025440001187,2025,440001187,1,9,0,18,19,4,8,0,0,0,1,0,1,10,1,1,5,6,1,72,10,-1,-1,-1,-1,9,E01023053,0,1
2025440001253,2025,440001253,1,9,0,18,19,8,4,0,0,0,0,0,0,0,1,1,2,2,2,23,5,-1,-1,-1,-1,6,E01035454,0,1
2025440001253,2025,440001253,2,19,0,3,3,8,4,0,0,0,0,0,0,0,1,1,2,2,2,48,8,-1,-1,-1,-1,7,E01023219,0,1
2025440001264,2025,440001264,2,9,0,18,19,3,7,0,0,0,0,0,0,0,1,1,5,6,1,80,11,-1,-1,-1,-1,7,E01022604,0,1
2025440001264,2025,440001264,1,20,0,18,19,7,3,0,0,0,0,0,0,0,1,1,1,1,1,-1,-1,-1,-1,-1,-1,-1,-1,0,-1
2025440001330,2025,440001330,1,9,0,18,19,7,3,0,0,0,1,0,1,0,3,1,5,6,1,54,8,-1,-1,-1,-1,7,E01021801,0,4
2025440001396,2025,440001396,3,9,0,2,2,0,0,0,0,0,0,0,0,0,3,1,6,6,3,-1,-1,-1,-1,-1,-1,-1,-1,0,-1
2025440001396,2025,440001396,1,9,0,18,19,7,3,0,0,0,0,0,0,0,1,1,2,2,2,41,7,-1,-1,-1,-1,9,E01023016,0,3
2025440001396,2025,440001396,2,9,0,18,19,7,3,0,0,0,0,0,0,0,1,1,5,6,1,39,7,-1,-1,-1,-1,9,E01023275,0,3
2025440001687,2025,440001687,2,1,0,18,19,4,8,0,0,1,0,0,0,0,2,1,6,6,1,15,3,-1,-1,-1,-1,-1,-1,0,-1
2025440001687,2025,440001687,1,9,0,18,19,4,8,0,0,1,0,0,0,0,1,1,2,2,2,43,7,-1,-1,-1,-1,4,E01022781,0,1
2025440001738,2025,440001738,1,9,0,9,9,1,5,0,0,8,0,0,0,0,1,1,5,6,2,78,11,-1,-1,-1,-1,8,E01023245,0,2
2025440001738,2025,440001738,2,1,0,18,19,5,1,0,0,8,0,0,0,0,1,1,5,6,1,59,9,-1,-1,-1,-1,9,E01032877,0,2
2025440001755,2025,440001755,1,9,0,18,19,5,1,0,0,0,0,0,0,0,1,1,5,6,2,78,11,-1,-1,-1,-1,10,E01022590,0,3
2025440001822,2025,440001822,1,9,0,3,3,6,2,0,0,1,0,0,0,0,2,1,6,6,1,62,9,-1,-1,-1,-1,6,E01023236,0,2
2025440001822,2025,440001822,2,19,0,4,4,6,2,0,0,1,0,0,0,0,1,1,1,1,1,-1,-1,-1,-1,-1,-1,-1,-1,0,-1
2025440002035,2025,440002035,1,9,0,18,19,3,7,0,0,0,0,0,0,0,1,1,2,2,1,72,10,-1,-1,-1,-1,3,E01017364,0,1
2025440002035,2025,440002035,2,9,0,18,19,7,3,0,0,0,0,0,0,0,1,1,2,2,2,45,7,-1,-1,-1,-1,2,E01017366,0,1
2025440002168,2025,440002168,2,9,0,18,19,1,5,0,0,8,0,0,0,0,1,1,2,2,1,42,7,-1,-1,-1,-1,3,E01017246,0,3
2025440002168,2025,440002168,1,9,0,18,19,3,7,0,0,8,0,0,0,0,3,1,6,6,1,36,7,-1,-1,-1,-1,5,E01016488,0,4
2025440002251,2025,440002251,1,9,0,18,19,1,5,0,0,0,0,12,7,0,1,1,2,2,2,46,8,-1,-1,-1,-1,4,E01022999,0,1
2025440002597,2025,440002597,1,9,0,9,9,1,3,0,0,8,0,0,0,0,1,1,2,2,1,19,4,-1,-1,-1,-1,-1,-1,0,-1
2025440002597,2025,440002597,2,9,0,7,7,1,7,0,0,8,0,0,0,0,1,1,2,2,2,62,9,-1,-1,-1,-1,6,E01023025,0,1
2025440002756,2025,440002756,2,9,0,18,19,5,1,0,0,8,0,0,0,0,3,1,5,6,2,20,4,-1,-1,-1,-1,6,E01017259,0,1
2025440002756,2025,440002756,1,9,0,9,9,3,1,0,0,8,0,0,0,0,1,1,1,1,1,58,9,-1,-1,-1,-1,5,E01017279,0,1
2025440002984,2025,440002984,2,9,0,9,9,5,3,0,0,1,0,0,0,0,4,1,5,6,1,57,9,-1,-1,-1,-1,6,E01023075,0,1
2025440002984,2025,440002984,1,1,0,18,19,1,4,0,0,1,0,0,0,0,1,1,5,6,1,50,8,-1,-1,-1,-1,6,E01035450,0,2
2025440003103,2025,440003103,2,9,0,4,4,1,5,0,0,8,0,0,0,0,1,1,6,6,1,48,8,-1,-1,-1,-1,10,E01023278,0,3
2025440003103,2025,440003103,1,9,0,3,3,1,5,0,0,8,0,0,0,0,2,1,6,6,1,24,5,-1,-1,-1,-1,10,E01023259,0,1
2025440003331,2025,440003331,1,9,0,18,19,8,4,0,0,2,1,0,1,9,1,1,5,6,2,76,11,-1,-1,-1,-1,7,E01022979,0,3
2025440003715,2025,440003715,2,3,0,18,19,1,5,0,0,8,0,0,0,0,4,1,2,2,1,38,7,-1,-1,-1,-1,4,E01017034,0,2
2025440003715,2025,440003715,1,9,0,5,5,3,1,0,0,4,0,0,0,0,1,1,5,6,1,28,6,-1,-1,-1,-1,2,E01022964,0,2
2025440003781,2025,440003781,1,8,0,18,19,7,3,0,0,0,0,0,0,0,4,1,6,6,3,-1,-1,-1,-1,-1,-1,-1,-1,0,-1
2025440004278,2025,440004278,1,9,0,9,9,3,1,0,0,6,0,0,0,0,1,1,5,6,1,28,6,-1,-1,-1,-1,5,E01017126,0,2
2025440004313,2025,440004313,2,9,0,18,19,3,7,0,0,8,0,0,0,0,1,1,5,6,2,35,6,-1,-1,-1,-1,2,E01022966,0,1
2025440004313,2025,440004313,3,9,0,3,3,3,7,0,0,8,0,0,0,0,2,1,5,6,2,44,7,-1,-1,-1,-1,6,E01022961,0,1
2025440004313,2025,440004313,1,9,0,3,3,3,7,0,0,8,0,0,0,0,2,1,5,6,2,40,7,-1,-1,-1,-1,2,E01022970,0,1
2025440004329,2025,440004329,1,1,0,18,19,8,4,0,0,1,0,0,0,0,1,1,2,2,1,34,6,-1,-1,-1,-1,6,E01017259,0,2
2025440004329,2025,440004329,2,19,0,1,1,4,8,0,0,2,0,0,0,0,2,1,6,6,1,-1,-1,-1,-1,-1,-1,-1,-1,0,-1
2025440004346,2025,440004346,4,9,0,18,19,1,6,0,0,0,2,10,0,0,2,1,6,6,1,55,8,-1,-1,-1,-1,9,E01022782,0,2
2025440004346,2025,440004346,3,9,0,13,13,1,6,0,0,0,1,10,0,0,1,1,6,6,1,35,6,-1,-1,-1,-1,4,E01022817,0,2
2025440004346,2025,440004346,2,9,0,18,19,1,6,0,0,0,1,0,0,0,1,1,6,6,1,55,8,-1,-1,-1,-1,5,E01022806,0,2
2025440004346,2025,440004346,1,9,0,2,2,0,0,0,0,0,0,0,0,0,2,1,6,6,2,27,6,-1,-1,-1,-1,2,E01022966,0,3
2025440004439,2025,440004439,1,9,0,5,5,1,5,0,0,4,0,0,0,0,3,1,5,6,2,61,9,-1,-1,-1,-1,2,E01034727,0,1
2025440004439,2025,440004439,2,9,0,9,9,5,3,0,0,8,0,0,0,0,1,1,5,6,2,43,7,-1,-1,-1,-1,10,E01031531,0,4
2025440004681,2025,440004681,1,23,0,18,19,5,1,0,0,8,0,0,0,0,1,1,5,6,1,28,6,-1,-1,-1,-1,8,E01017059,0,1
2025440004681,2025,440004681,2,9,0,5,5,7,3,0,0,8,0,0,0,0,3,1,5,6,2,82,11,-1,-1,-1,-1,8,E01017064,0,1
2025440004687,2025,440004687,1,9,0,18,19,8,4,0,0,0,0,0,7,3,1,1,6,6,2,72,10,-1,-1,-1,-1,4,E01017289,0,2
2025440004690,2025,440004690,2,9,0,18,19,7,3,0,0,1,0,0,0,0,1,1,5,6,2,68,10,-1,-1,-1,-1,2,E01028517,0,4
2025440004690,2025,440004690,1,9,0,9,9,5,3,0,0,6,0,0,0,0,2,1,5,6,2,47,8,-1,-1,-1,-1,10,E01003881,0,5
2025440004863,2025,440004863,1,9,0,18,19,2,6,0,0,0,1,0,2,4,1,1,5,6,2,49,8,-1,-1,-1,-1,2,E01022949,0,4
2025440004881,2025,440004881,2,9,0,2,2,0,0,0,0,0,0,0,0,0,2,1,6,6,3,-1,-1,-1,-1,-1,-1,-1,-1,0,-1
2025440004881,2025,440004881,1,9,0,4,4,6,2,0,0,0,1,4,0,0,1,1,6,6,2,36,7,-1,-1,-1,-1,5,E01016390,0,4
2025440004883,2025,440004883,3,9,0,18,19,2,6,0,0,0,1,0,0,0,2,1,5,6,2,28,6,-1,-1,-1,-1,4,E01022834,0,3
2025440004883,2025,440004883,2,9,0,18,19,2,6,0,0,0,1,0,0,0,2,1,5,6,2,38,7,-1,-1,-1,-1,10,E01022632,0,3
2025440004883,2025,440004883,1,9,0,18,19,2,6,0,0,0,1,0,0,0,1,1,5,6,2,21,5,-1,-1,-1,-1,2,E01022906,0,2
2025440004890,2025,440004890,2,9,0,18,19,3,7,0,0,8,0,0,0,0,1,1,6,6,1,43,7,-1,-1,-1,-1,3,E01017078,0,2
2025440004890,2025,440004890,1,9,0,5,5,5,1,0,0,6,0,0,0,0,3,1,2,2,2,46,8,-1,-1,-1,-1,5,E01017030,0,2
2025440005020,2025,440005020,1,9,0,18,19,3,7,0,0,0,1,0,1,4,3,1,5,6,1,39,7,-1,-1,-1,-1,10,E01022853,0,1
2025440005215,2025,440005215,1,9,0,18,19,1,5,0,0,0,2,0,1,11,1,1,6,6,1,29,6,-1,-1,-1,-1,9,E01031532,0,4
2025440005302,2025,440005302,1,9,0,13,13,3,7,0,0,0,2,0,1,4,1,1,6,6,1,40,7,-1,-1,-1,-1,6,E01022503,0,4
2025440005327,2025,440005327,2,9,0,18,19,7,3,0,0,0,0,0,0,0,3,1,5,6,2,43,7,-1,-1,-1,-1,-1,-1,0,-1
2025440005327,2025,440005327,1,9,0,18,19,7,3,0,0,0,1,0,0,0,4,1,2,2,2,36,7,-1,-1,-1,-1,6,E01022656,0,3
2025440005535,2025,440005535,1,1,0,18,19,1,5,0,0,8,0,0,0,0,1,1,5,6,1,29,6,-1,-1,-1,-1,3,E01003068,0,4
2025440005535,2025,440005535,2,9,0,9,9,3,1,0,0,4,0,0,0,0,3,1,6,6,2,-1,-1,-1,-1,-1,-1,-1,-1,0,-1
2025440005541,2025,440005541,1,9,0,18,19,4,8,0,0,2,0,0,0,0,1,1,6,6,1,74,10,-1,-1,-1,-1,8,E01023253,0,1
2025440005602,2025,440005602,1,9,0,9,9,4,3,0,0,5,0,0,0,0,4,1,6,6,1,68,10,-1,-1,-1,-1,7,E01023080,0,2
2025440005602,2025,440005602,2,1,0,18,19,1,5,0,0,1,0,0,0,0,1,1,6,6,1,20,4,-1,-1,-1,-1,8,E01022652,0,2
2025440005713,2025,440005713,1,9,0,18,19,5,1,0,0,1,1,0,0,0,1,1,6,6,2,24,5,-1,-1,-1,-1,2,E01017115,0,1
2025440005713,2025,440005713,2,9,0,4,4,5,1,0,0,1,0,0,0,0,2,1,6,6,1,49,8,-1,-1,-1,-1,4,E01009077,0,5
2025440005754,2025,440005754,3,9,0,17,19,5,1,0,0,1,0,0,0,0,3,1,1,1,1,-1,-1,-1,-1,-1,-1,-1,-1,0,-1
2025440005754,2025,440005754,1,9,0,16,19,1,5,0,0,3,0,0,0,0,3,1,5,6,2,18,4,-1,-1,-1,-1,8,E01023195,0,2
2025440005754,2025,440005754,2,9,0,17,19,5,1,0,0,1,0,0,0,0,3,1,1,1,1,-1,-1,-1,-1,-1,-1,-1,-1,0,-1
2025440005886,2025,440005886,1,23,0,18,19,5,1,0,0,0,1,0,0,0,1,1,6,6,1,20,4,-1,-1,-1,-1,8,E01017286,0,1
2025440006165,2025,440006165,1,9,0,18,19,6,4,0,0,0,0,0,0,0,1,1,2,2,1,20,4,-1,-1,-1,-1,8,E01030909,0,2
2025440006211,2025,440006211,2,9,0,17,19,3,7,0,0,1,0,0,0,0,1,1,5,6,1,45,7,-1,-1,-1,-1,3,E01034713,0,1
2025440006211,2025,440006211,1,9,0,9,9,5,1,0,0,8,0,0,0,0,1,1,5,6,2,63,9,-1,-1,-1,-1,8,E01032841,0,1
2025440006211,2025,440006211,3,9,0,17,19,3,7,0,0,1,0,0,0,0,1,1,5,6,1,40,7,-1,-1,-1,-1,5,E01023258,0,4
2025440006298,2025,440006298,1,9,0,18,19,1,7,0,0,3,0,0,0,0,4,1,6,6,1,84,11,-1,-1,-1,-1,3,E01017220,0,1
2025440006298,2025,440006298,2,1,0,18,19,1,7,0,0,3,0,0,0,0,0,1,2,2,1,50,8,-1,-1,-1,-1,1,E01017280,0,1