collision_index,collision_year,collision_ref_no,vehicle_reference,vehicle_type,towing_and_articulation,vehicle_manoeuvre_historic,vehicle_manoeuvre,vehicle_direction_from,vehicle_direction_to,vehicle_location_restricted_lane_historic,vehicle_location_restricted_lane,junction_location,skidding_and_overturning,hit_object_in_carriageway,vehicle_leaving_carriageway,hit_object_off_carriageway,first_point_of_impact,vehicle_left_hand_drive,journey_purpose_of_driver_historic,journey_purpose_of_driver,sex_of_driver,age_of_driver,age_band_of_driver,engine_capacity_cc,propulsion_code,age_of_vehicle,generic_make_model,driver_imd_decile,lsoa_of_driver,escooter_flag,driver_distance_banding
2025440006532,2025,440006532,1,9,0,1,1,7,3,0,0,0,0,0,0,0,2,1,6,6,2,72,10,-1,-1,-1,-1,6,E01022940,0,1
2025440006617,2025,440006617,1,9,0,18,19,1,5,0,0,0,0,0,0,0,1,1,6,6,2,64,9,-1,-1,-1,-1,5,E01017096,0,1
2025440006617,2025,440006617,2,9,0,3,3,1,5,0,0,0,0,0,0,0,2,1,2,2,2,39,7,-1,-1,-1,-1,6,E01017021,0,1
2025440006617,2025,440006617,3,19,0,3,3,1,5,0,0,0,0,0,0,0,2,1,6,6,1,37,7,-1,-1,-1,-1,7,E01017017,0,1
2025440006638,2025,440006638,1,-1,0,18,19,3,7,0,0,0,0,0,0,0,0,1,6,6,1,50,8,-1,-1,-1,-1,3,E01017193,1,1
2025440006896,2025,440006896,2,98,1,3,3,7,3,0,0,1,0,0,0,0,2,1,1,1,1,27,6,-1,-1,-1,-1,10,E01022847,0,1
2025440006896,2025,440006896,1,9,0,18,19,7,3,0,0,1,0,0,0,0,1,1,5,6,2,42,7,-1,-1,-1,-1,8,E01030766,0,2
2025440007185,2025,440007185,1,9,0,18,19,2,6,0,0,0,0,0,0,0,4,1,6,6,2,64,9,-1,-1,-1,-1,6,E01022961,0,1
2025440007222,2025,440007222,1,9,0,16,19,4,8,0,0,0,0,0,0,0,3,1,6,6,1,79,11,-1,-1,-1,-1,5,E01023192,0,1
2025440007222,2025,440007222,2,9,0,3,3,8,4,0,0,0,0,0,0,0,3,1,6,6,1,44,7,-1,-1,-1,-1,8,E01023174,0,1
2025440007419,2025,440007419,1,9,0,18,19,3,1,0,0,8,0,0,0,0,3,1,6,6,1,20,4,-1,-1,-1,-1,6,E01035324,0,3
2025440007419,2025,440007419,2,2,0,18,19,3,1,0,0,8,0,0,0,0,1,1,6,6,2,16,4,-1,-1,-1,-1,8,E01022935,0,1
2025440007610,2025,440007610,2,9,0,9,9,7,5,0,0,1,0,0,0,0,4,1,6,6,1,50,8,-1,-1,-1,-1,5,E01017159,0,1
2025440007610,2025,440007610,1,1,0,18,19,7,2,0,0,1,0,0,0,0,1,1,6,6,1,23,5,-1,-1,-1,-1,-1,-1,0,-1
2025440007716,2025,440007716,1,99,0,18,19,6,2,0,0,1,0,0,0,0,1,1,6,6,3,-1,-1,-1,-1,-1,-1,-1,-1,0,-1
2025440007716,2025,440007716,2,1,0,18,19,1,5,0,0,1,0,0,0,0,3,1,6,6,2,15,3,-1,-1,-1,-1,5,E01017160,0,1
2025440007724,2025,440007724,2,9,0,7,7,4,6,0,0,5,0,0,0,0,1,1,6,6,2,-1,-1,-1,-1,-1,-1,-1,-1,0,-1
2025440007724,2025,440007724,1,1,0,18,19,8,4,0,0,8,0,0,0,0,4,1,5,6,1,14,3,-1,-1,-1,-1,10,E01022684,0,1
2025440007764,2025,440007764,1,9,0,7,7,5,7,0,0,5,0,0,0,0,1,1,5,6,1,66,10,-1,-1,-1,-1,10,E01022954,0,1
2025440007767,2025,440007767,2,9,0,9,9,3,1,0,0,6,0,0,0,0,3,1,6,6,1,57,9,-1,-1,-1,-1,9,E01032604,0,1
2025440007767,2025,440007767,1,9,0,18,19,1,5,0,0,8,0,0,0,0,1,1,6,6,1,59,9,-1,-1,-1,-1,3,E01022908,0,1
2025440007777,2025,440007777,1,9,0,4,4,8,4,0,0,6,1,0,1,9,3,1,6,6,2,53,8,-1,-1,-1,-1,10,E01023259,0,4
2025440007777,2025,440007777,2,21,0,18,19,6,2,0,0,8,0,0,0,0,1,1,1,1,1,59,9,-1,-1,-1,-1,4,E01017013,0,4
2025440007866,2025,440007866,2,19,0,18,19,7,3,0,0,1,0,0,0,0,1,1,1,1,1,25,5,-1,-1,-1,-1,6,E01035457,0,1
2025440007866,2025,440007866,1,9,0,9,9,1,7,0,0,6,0,0,0,0,3,1,5,6,2,30,6,-1,-1,-1,-1,5,E01035459,0,1
2025440008031,2025,440008031,1,9,0,3,3,6,2,0,0,0,0,0,0,0,2,1,6,6,2,62,9,-1,-1,-1,-1,9,E01022754,0,1
2025440008031,2025,440008031,2,9,0,18,19,6,2,0,0,0,0,0,0,0,1,1,6,6,1,20,4,-1,-1,-1,-1,9,E01022751,0,1
2025440008055,2025,440008055,1,19,0,3,3,5,1,0,0,1,0,0,0,0,2,1,6,6,1,26,6,-1,-1,-1,-1,5,E01031403,0,4
2025440008055,2025,440008055,2,10,0,18,19,5,1,0,0,1,0,0,0,0,1,1,6,6,3,-1,-1,-1,-1,-1,-1,-1,-1,0,-1
2025440008451,2025,440008451,1,9,0,17,19,1,3,0,0,0,0,0,0,0,1,1,2,2,2,52,8,-1,-1,-1,-1,4,E01017022,0,2
2025440008740,2025,440008740,1,-1,0,18,19,1,5,9,9,6,0,0,0,0,1,1,2,2,2,31,6,-1,-1,-1,-1,5,E01017095,1,1
2025440008740,2025,440008740,2,9,0,18,19,7,3,0,0,3,0,0,0,0,1,1,2,2,1,-1,-1,-1,-1,-1,-1,-1,-1,0,-1
2025440008786,2025,440008786,1,9,0,18,19,5,1,0,0,3,0,0,0,0,0,1,6,6,1,-1,-1,-1,-1,-1,-1,-1,-1,0,-1
2025440008853,2025,440008853,2,9,0,17,19,3,8,0,0,8,0,0,0,0,1,1,5,6,1,37,7,-1,-1,-1,-1,9,E01023430,0,4
2025440008853,2025,440008853,1,9,0,16,19,1,5,0,0,8,0,0,0,0,1,1,2,2,2,32,6,-1,-1,-1,-1,7,E01023225,0,2
2025440008866,2025,440008866,1,5,0,18,19,6,2,0,0,1,0,0,0,0,1,1,6,6,1,28,6,-1,-1,-1,-1,5,E01022924,0,3
2025440008866,2025,440008866,2,9,0,5,5,7,2,0,0,6,0,0,0,0,2,1,6,6,1,53,8,-1,-1,-1,-1,7,E01017094,0,3
2025440008914,2025,440008914,1,9,0,18,19,2,6,0,0,1,0,0,0,0,1,1,5,6,1,44,7,-1,-1,-1,-1,10,E01022856,0,1
2025440009208,2025,440009208,1,9,0,18,19,1,5,0,0,8,0,0,0,0,3,1,1,1,1,-1,-1,-1,-1,-1,-1,9,E01022689,0,4
2025440009390,2025,440009390,1,9,0,18,19,1,2,0,0,0,0,0,1,4,0,1,2,2,1,29,6,-1,-1,-1,-1,8,E01022864,0,1
2025440009400,2025,440009400,1,3,0,18,19,1,5,0,0,8,1,0,0,0,1,1,1,1,1,34,6,-1,-1,-1,-1,5,E01017159,0,1
2025440009400,2025,440009400,2,9,0,9,9,1,3,0,0,8,0,0,0,0,1,1,2,2,2,-1,-1,-1,-1,-1,-1,3,E01017189,0,1
2025440009449,2025,440009449,1,1,0,18,19,3,7,0,0,8,0,0,0,0,4,1,4,7,1,15,3,-1,-1,-1,-1,7,E01022812,0,1
2025440009449,2025,440009449,2,9,0,17,19,5,2,0,0,1,0,0,0,0,1,1,2,2,1,23,5,-1,-1,-1,-1,2,E01022820,0,1
2025440009486,2025,440009486,1,-1,0,18,19,8,4,9,9,1,0,0,0,0,1,1,6,6,3,-1,-1,-1,-1,-1,-1,-1,-1,1,-1
2025440009512,2025,440009512,2,9,0,13,13,7,3,0,0,1,0,0,0,0,1,1,2,2,1,29,6,-1,-1,-1,-1,5,E01017324,0,3
2025440009512,2025,440009512,1,9,0,9,9,2,7,0,0,6,0,0,0,0,1,1,2,2,2,25,5,-1,-1,-1,-1,5,E01017304,0,2
2025440009543,2025,440009543,2,9,0,3,3,8,4,0,0,1,0,0,0,0,2,1,1,1,1,46,8,-1,-1,-1,-1,2,E01022914,0,2
2025440009543,2025,440009543,1,19,0,4,4,8,4,0,0,1,0,0,0,0,1,1,1,1,1,28,6,-1,-1,-1,-1,5,E01022973,0,2
2025440009543,2025,440009543,3,9,0,3,3,8,4,0,0,1,0,0,0,0,2,1,2,2,1,45,7,-1,-1,-1,-1,1,E01017112,0,1
2025440009725,2025,440009725,1,9,0,4,4,7,3,0,0,2,0,0,0,0,0,1,6,6,1,33,6,-1,-1,-1,-1,5,E01017084,0,1
2025440009725,2025,440009725,5,9,0,4,4,7,3,0,0,2,0,0,0,0,2,1,6,6,2,37,7,-1,-1,-1,-1,2,E01022901,0,2
2025440009725,2025,440009725,2,20,0,4,4,7,3,0,0,2,0,0,0,0,2,1,1,1,1,42,7,-1,-1,-1,-1,5,E01015377,0,4
2025440009725,2025,440009725,6,9,0,4,4,7,3,0,0,2,0,0,0,0,1,1,6,6,2,68,10,-1,-1,-1,-1,9,E01031973,0,4
2025440009725,2025,440009725,4,21,0,4,4,7,3,0,0,2,0,0,0,0,1,1,1,1,1,61,9,-1,-1,-1,-1,10,E01022740,0,3
2025440009725,2025,440009725,3,19,0,4,4,7,3,0,0,2,0,0,0,0,2,1,6,6,1,60,9,-1,-1,-1,-1,4,E01017020,0,1
2025440010128,2025,440010128,1,9,0,4,4,0,1,0,0,0,0,0,0,0,1,1,5,6,2,83,11,-1,-1,-1,-1,7,E01017323,0,1
2025440010136,2025,440010136,1,3,0,18,19,5,1,0,0,0,0,0,0,0,0,1,2,2,2,22,5,-1,-1,-1,-1,2,E01033237,0,2
2025440010194,2025,440010194,1,9,0,18,19,7,3,0,0,4,0,0,0,0,1,1,5,6,1,36,7,-1,-1,-1,-1,4,E01017319,0,2
2025440010194,2025,440010194,2,9,0,18,19,5,1,0,0,3,0,0,0,0,4,1,5,6,1,32,6,-1,-1,-1,-1,6,E01017307,0,2
2025440010409,2025,440010409,2,9,0,18,19,7,3,0,0,8,0,0,0,0,1,1,6,6,1,25,5,-1,-1,-1,-1,6,E01022489,0,2
2025440010409,2025,440010409,1,9,0,9,9,1,7,0,0,6,0,0,3,4,1,1,5,6,2,40,7,-1,-1,-1,-1,9,E01034720,0,4
2025440010748,2025,440010748,1,9,0,11,11,3,7,0,0,0,0,0,1,0,0,1,5,6,1,32,6,-1,-1,-1,-1,4,E01022542,0,1
2025440010978,2025,440010978,1,9,0,5,5,1,5,0,0,0,0,0,0,0,3,1,2,2,1,39,7,-1,-1,-1,-1,1,E01017077,0,1
2025440010978,2025,440010978,2,1,0,18,19,1,5,0,0,0,0,0,0,0,1,1,2,2,1,40,7,-1,-1,-1,-1,2,E01017052,0,1
2025440011013,2025,440011013,2,3,0,13,13,6,2,0,0,8,0,0,0,0,1,1,2,2,2,22,5,-1,-1,-1,-1,2,E01017238,0,1
2025440011013,2025,440011013,1,9,0,9,9,7,5,0,0,5,0,0,0,0,3,1,5,6,1,42,7,-1,-1,-1,-1,4,E01017213,0,1
2025440011129,2025,440011129,1,9,0,16,19,7,3,0,0,0,5,0,0,0,0,1,2,2,1,24,5,-1,-1,-1,-1,10,E01022632,0,1
2025440011190,2025,440011190,2,9,0,9,9,7,3,0,0,5,0,0,0,0,1,1,6,6,3,-1,-1,-1,-1,-1,-1,-1,-1,0,-1
2025440011190,2025,440011190,1,1,0,18,19,3,7,0,0,1,0,0,0,0,3,1,6,6,1,43,7,-1,-1,-1,-1,4,E01017122,0,1
2025440011199,2025,440011199,1,9,0,9,9,4,6,0,0,8,0,0,0,0,1,1,5,6,2,46,8,-1,-1,-1,-1,9,E01032753,0,1
2025440011535,2025,440011535,1,9,0,9,9,1,7,0,0,2,0,0,0,0,1,1,5,6,1,36,7,-1,-1,-1,-1,8,E01032605,0,1
2025440011557,2025,440011557,1,9,0,18,19,1,5,0,0,0,0,0,0,0,4,1,6,6,3,-1,-1,-1,-1,-1,-1,-1,-1,0,-1
2025440011569,2025,440011569,1,19,0,17,19,1,7,0,0,0,5,0,2,11,1,1,1,1,1,56,9,-1,-1,-1,-1,7,E01023215,0,3
2025440012040,2025,440012040,1,-1,0,18,19,7,3,0,0,1,0,0,0,0,1,1,6,6,2,50,8,-1,-1,-1,-1,10,E01022791,1,2
2025440012619,2025,440012619,1,9,0,18,19,4,8,0,0,8,0,0,0,0,3,1,2,2,2,29,6,-1,-1,-1,-1,9,E01035441,0,1
2025440012619,2025,440012619,2,9,0,11,11,4,8,0,0,8,0,0,0,0,4,1,6,6,1,24,5,-1,-1,-1,-1,7,E01031539,0,4
2025440012626,2025,440012626,1,9,0,18,19,6,2,0,0,1,0,0,0,0,3,1,6,6,2,-1,-1,-1,-1,-1,-1,-1,-1,0,-1
2025440012631,2025,440012631,2,9,0,18,19,1,5,0,0,1,1,0,0,0,1,1,2,2,2,26,6,-1,-1,-1,-1,9,E01022881,0,1
2025440012631,2025,440012631,1,9,0,18,19,5,1,0,0,1,1,0,0,0,1,1,2,2,1,45,7,-1,-1,-1,-1,7,E01022880,0,1
2025440012679,2025,440012679,1,9,0,18,19,7,2,0,0,0,1,0,7,9,1,1,1,1,1,25,5,-1,-1,-1,-1,-1,-1,0,-1
2025440012699,2025,440012699,1,9,0,4,4,5,1,0,0,2,0,0,0,0,2,1,2,2,1,25,5,-1,-1,-1,-1,3,E01017349,0,2
2025440012699,2025,440012699,2,3,0,18,19,5,1,0,0,2,1,0,0,0,1,1,2,2,1,40,7,-1,-1,-1,-1,3,E01017349,0,2
2025440012766,2025,440012766,1,3,0,18,19,8,4,0,0,8,0,0,0,0,1,1,2,2,2,31,6,-1,-1,-1,-1,7,E01022679,0,1
2025440012766,2025,440012766,2,9,0,5,5,2,6,0,0,6,0,0,0,0,3,1,6,6,3,-1,-1,-1,-1,-1,-1,-1,-1,0,-1
2025440012825,2025,440012825,2,9,0,5,5,5,7,0,0,1,0,0,0,0,1,1,6,6,3,-1,-1,-1,-1,-1,-1,-1,-1,0,-1
2025440012825,2025,440012825,1,9,0,5,5,5,7,0,0,1,0,0,0,0,2,1,6,6,2,57,9,-1,-1,-1,-1,5,E01022845,0,1
2025440013292,2025,440013292,1,2,0,14,14,5,7,0,0,2,0,0,0,0,1,1,6,6,1,16,4,-1,-1,-1,-1,4,E01017090,0,1
2025440013292,2025,440013292,2,9,0,18,19,7,3,0,0,1,0,0,0,0,1,1,6,6,3,-1,-1,-1,-1,-1,-1,-1,-1,0,-1
2025440013508,2025,440013508,3,9,0,18,19,5,1,0,0,0,0,0,0,0,1,1,2,2,1,-1,-1,-1,-1,-1,-1,-1,-1,0,-1
2025440013508,2025,440013508,1,9,0,18,19,1,5,0,0,0,1,0,0,0,1,1,2,2,1,71,10,-1,-1,-1,-1,5,E01031477,0,4
2025440013508,2025,440013508,2,21,0,18,19,5,1,0,0,0,1,0,0,0,1,1,1,1,1,-1,-1,-1,-1,-1,-1,-1,-1,0,-1
2025440013679,2025,440013679,2,9,0,18,19,1,4,0,0,1,0,0,0,0,1,1,6,6,2,18,4,-1,-1,-1,-1,9,E01034719,0,4
2025440013679,2025,440013679,1,9,0,18,19,5,2,0,0,1,0,0,0,0,4,1,5,6,1,65,9,-1,-1,-1,-1,9,E01023227,0,2
2025440013758,2025,440013758,1,9,0,9,9,3,7,0,0,1,0,0,0,0,3,1,6,6,2,47,8,-1,-1,-1,-1,8,E01023076,0,1
2025440013758,2025,440013758,2,9,0,18,19,8,4,0,0,1,0,0,0,0,1,1,6,6,1,-1,-1,-1,-1,-1,-1,-1,-1,0,-1
2025440013864,2025,440013864,1,5,0,18,19,5,1,0,0,0,1,0,0,0,1,1,2,2,1,31,6,-1,-1,-1,-1,7,E01017367,0,4
2025440013885,2025,440013885,1,9,0,11,11,4,8,0,0,3,0,0,0,0,4,1,5,6,2,54,8,-1,-1,-1,-1,3,E01022487,0,4
2025440013885,2025,440013885,2,2,0,18,19,4,8,0,0,3,0,0,0,0,3,1,1,1,1,32,6,-1,-1,-1,-1,2,-1,0,5
2025440014437,2025,440014437,1,9,0,9,9,8,6,0,0,5,0,0,0,0,3,1,2,2,1,37,7,-1,-1,-1,-1,7,E01016402,0,4
2025440014477,2025,440014477,1,9,0,17,19,8,4,0,0,0,0,0,1,4,1,1,5,6,1,94,11,-1,-1,-1,-1,10,E01023047,0,1
2025440014481,2025,440014481,1,9,0,18,19,0,4,0,0,0,0,4,0,0,3,1,5,6,2,36,7,-1,-1,-1,-1,7,E01023078,0,1
2025440014481,2025,440014481,2,19,0,2,2,0,0,0,0,0,0,0,0,0,4,1,1,1,1,-1,-1,-1,-1,-1,-1,-1,-1,0,-1
2025440014520,2025,440014520,1,9,0,9,9,1,7,0,0,5,0,0,0,0,1,1,6,6,2,80,11,-1,-1,-1,-1,1,E01022968,0,1
2025440014520,2025,440014520,2,19,0,18,19,5,1,0,0,1,0,0,0,0,1,1,1,1,1,50,8,-1,-1,-1,-1,5,E01022907,0,1
2025440014692,2025,440014692,1,1,0,15,15,6,2,0,0,0,0,0,0,0,3,1,2,2,1,32,6,-1,-1,-1,-1,6,E01017138,0,1
2025440014692,2025,440014692,2,9,0,3,3,6,2,0,0,0,0,0,0,0,4,1,3,7,2,-1,-1,-1,-1,-1,-1,-1,-1,0,-1
2025440014710,2025,440014710,1,9,0,1,1,6,2,0,0,0,0,0,0,0,2,1,5,6,1,35,6,-1,-1,-1,-1,3,E01032751,0,2
2025440014875,2025,440014875,1,1,0,18,19,8,4,9,9,1,0,0,0,0,1,1,1,1,1,52,8,-1,-1,-1,-1,2,E01017153,0,1
2025440014875,2025,440014875,2,9,0,18,19,6,8,0,0,1,0,0,0,0,4,1,6,6,1,38,7,-1,-1,-1,-1,10,E01022714,0,2
2025440015012,2025,440015012,2,9,0,18,19,5,1,0,0,0,0,0,0,0,1,1,5,6,2,36,7,-1,-1,-1,-1,3,E01032751,0,1
2025440015012,2025,440015012,1,3,0,18,19,5,1,0,0,0,0,0,0,0,2,1,1,1,1,27,6,-1,-1,-1,-1,2,E01017156,0,1
2025440015030,2025,440015030,1,9,0,9,9,5,3,0,0,5,0,0,0,0,1,1,5,6,1,-1,-1,-1,-1,-1,-1,-1,-1,0,-1
2025440015040,2025,440015040,2,-1,0,18,19,4,8,0,0,8,0,0,0,0,3,1,5,6,1,15,3,-1,-1,-1,-1,9,E01022727,1,1
2025440015040,2025,440015040,1,9,0,18,19,2,6,0,0,8,0,0,0,0,1,1,6,6,3,-1,-1,-1,-1,-1,-1,-1,-1,0,-1
2025440015565,2025,440015565,1,9,0,18,19,1,5,0,0,0,0,0,1,0,1,1,5,6,1,29,6,-1,-1,-1,-1,2,E01002091,0,5
2025440015608,2025,440015608,1,9,0,9,9,1,7,0,0,8,0,0,0,0,2,1,5,6,2,40,7,-1,-1,-1,-1,10,E01023035,0,1
2025440015608,2025,440015608,2,9,0,9,9,1,7,0,0,8,0,0,0,0,1,1,6,6,1,-1,-1,-1,-1,-1,-1,-1,-1,0,-1
2025440015661,2025,440015661,1,9,0,9,9,7,3,0,0,1,0,0,0,0,1,1,6,6,3,-1,-1,-1,-1,-1,-1,-1,-1,0,-1
2025440016279,2025,440016279,2,4,0,18,19,5,1,0,0,2,0,0,0,0,3,1,6,6,1,54,8,-1,-1,-1,-1,10,E01023035,0,3
2025440016279,2025,440016279,1,9,0,11,11,5,1,0,0,2,0,0,0,0,4,1,2,2,1,51,8,-1,-1,-1,-1,10,E01023043,0,3
2025440016460,2025,440016460,1,9,0,9,9,1,7,0,0,6,0,0,0,0,1,1,1,1,1,46,8,-1,-1,-1,-1,5,E01017027,0,1
2025440016460,2025,440016460,2,5,0,18,19,7,3,0,0,1,1,0,0,0,1,1,5,6,1,27,6,-1,-1,-1,-1,-1,-1,0,-1
2025440016632,2025,440016632,1,9,0,14,14,8,4,0,0,0,0,0,0,0,1,1,2,2,1,76,11,-1,-1,-1,-1,6,E01023196,0,1
2025440016776,2025,440016776,1,9,0,18,19,8,4,0,0,0,0,4,0,0,1,1,5,6,2,24,5,-1,-1,-1,-1,5,E01030786,0,2
2025440016776,2025,440016776,2,9,0,2,2,0,0,0,0,0,0,0,0,0,2,1,5,6,3,-1,-1,-1,-1,-1,-1,-1,-1,0,-1
2025440016887,2025,440016887,1,9,0,9,9,5,3,0,0,8,0,0,0,0,1,1,5,6,2,36,7,-1,-1,-1,-1,6,E01035437,0,1
2025440016887,2025,440016887,2,9,0,18,19,1,5,0,0,8,0,0,1,1,1,1,5,6,1,40,7,-1,-1,-1,-1,10,E01023228,0,1
2025440016967,2025,440016967,1,1,0,18,19,4,8,0,0,1,0,0,0,0,1,1,2,2,2,31,6,-1,-1,-1,-1,2,E01017276,0,1
2025440016967,2025,440016967,2,9,0,9,9,8,6,0,0,5,0,0,0,0,4,1,6,6,1,-1,-1,-1,-1,-1,-1,-1,-1,0,-1
2025440017017,2025,440017017,2,9,0,4,4,1,5,0,0,0,0,0,0,0,1,1,6,6,3,-1,-1,-1,-1,-1,-1,-1,-1,0,-1
2025440017017,2025,440017017,1,9,0,4,4,1,5,0,0,0,0,0,0,0,2,1,6,6,2,27,6,-1,-1,-1,-1,2,E01017202,0,1
2025440017318,2025,440017318,3,9,0,16,19,7,3,0,0,0,0,0,0,0,1,1,5,6,1,56,9,-1,-1,-1,-1,10,E01030871,0,4
2025440017318,2025,440017318,1,21,1,16,19,7,3,0,0,0,0,0,2,4,1,2,1,1,1,39,7,-1,-1,-1,-1,-1,-1,0,-1
2025440017318,2025,440017318,2,21,1,17,19,3,7,0,0,0,0,0,1,0,1,1,1,1,1,54,8,-1,-1,-1,-1,4,E01035302,0,5
2025440017707,2025,440017707,1,9,0,10,10,7,5,0,0,1,0,0,3,0,2,1,2,2,1,62,9,-1,-1,-1,-1,3,E01017350,0,3
2025440017707,2025,440017707,2,9,0,3,3,7,3,0,0,1,0,0,0,0,1,1,5,6,1,59,9,-1,-1,-1,-1,6,E01033239,0,3
2025440017710,2025,440017710,1,9,0,18,19,3,7,0,0,0,1,0,0,0,3,1,5,6,2,67,10,-1,-1,-1,-1,5,E01035461,0,3
2025440017710,2025,440017710,2,9,0,18,19,7,3,0,0,0,0,0,0,0,3,1,5,6,2,28,6,-1,-1,-1,-1,8,E01023286,0,2
2025440017767,2025,440017767,2,9,0,17,19,5,2,0,0,4,0,0,1,1,3,1,5,6,2,-1,-1,-1,-1,-1,-1,4,E01022781,0,1
2025440017767,2025,440017767,1,9,0,17,19,3,7,0,0,3,0,0,7,0,1,1,5,6,1,18,4,-1,-1,-1,-1,9,E01022836,0,1
2025440017776,2025,440017776,1,9,0,18,19,8,4,0,0,8,0,0,0,0,1,1,2,2,1,30,6,-1,-1,-1,-1,6,E01031849,0,4
2025440017776,2025,440017776,2,9,0,18,19,1,5,0,0,8,0,0,1,0,3,1,2,2,1,28,6,-1,-1,-1,-1,8,E01022533,0,1
2025440017783,2025,440017783,2,9,0,18,19,1,5,0,0,0,0,0,0,0,1,1,6,6,1,80,11,-1,-1,-1,-1,8,E01031965,0,4
2025440017783,2025,440017783,1,9,0,4,4,1,5,0,0,0,0,0,0,0,2,1,5,6,2,41,7,-1,-1,-1,-1,5,E01023285,0,4
2025440018576,2025,440018576,1,19,0,18,19,5,1,9,9,0,0,0,1,0,4,1,1,1,1,47,8,-1,-1,-1,-1,7,E01017223,0,2
2025440018983,2025,440018983,1,9,0,9,9,7,3,0,0,1,0,0,0,0,1,1,6,6,1,42,7,-1,-1,-1,-1,9,E01035260,0,4
2025440019368,2025,440019368,2,9,0,18,19,7,3,0,0,1,0,0,0,0,4,1,5,6,1,29,6,-1,-1,-1,-1,8,E01022769,0,1
2025440019368,2025,440019368,1,9,0,9,9,5,3,0,0,6,0,0,0,0,1,1,2,2,2,41,7,-1,-1,-1,-1,7,E01022946,0,3
2025440019377,2025,440019377,2,9,0,18,19,5,1,0,0,8,1,0,0,0,4,1,5,6,2,41,7,-1,-1,-1,-1,6,E01017066,0,1
2025440019377,2025,440019377,1,3,0,18,19,7,3,0,0,8,0,0,0,0,1,1,5,6,1,17,4,-1,-1,-1,-1,6,E01017023,0,2
2025440019473,2025,440019473,1,9,0,18,19,5,1,0,0,0,0,0,0,0,1,1,5,6,1,36,7,-1,-1,-1,-1,1,E01017280,0,1
2025440019713,2025,440019713,1,19,0,9,9,4,2,0,0,5,0,0,0,0,1,1,5,6,1,23,5,-1,-1,-1,-1,2,E01017116,0,1
2025440019730,2025,440019730,1,1,0,18,19,8,4,4,4,0,0,0,0,0,1,1,1,1,1,36,7,-1,-1,-1,-1,2,E01017156,0,1
2025440019730,2025,440019730,2,-1,0,18,19,4,8,4,4,0,0,0,0,0,1,1,6,6,1,-1,-1,-1,-1,-1,-1,-1,-1,1,-1
2025440019996,2025,440019996,2,9,0,3,3,8,4,0,0,0,0,0,0,0,2,1,2,2,1,34,6,-1,-1,-1,-1,10,E01023189,0,4
2025440019996,2025,440019996,3,9,0,3,3,8,4,0,0,0,0,0,0,0,2,1,2,2,2,23,5,-1,-1,-1,-1,6,E01034731,0,1
2025440019996,2025,440019996,1,21,1,18,19,8,4,0,0,0,0,0,0,0,1,1,1,1,1,48,8,-1,-1,-1,-1,2,E01018486,0,5
2025440020015,2025,440020015,1,4,0,13,13,5,1,0,0,2,0,7,7,1,3,1,2,2,1,26,6,-1,-1,-1,-1,7,E01022569,0,2
2025440020088,2025,440020088,1,1,0,18,19,1,5,0,0,8,0,0,0,0,1,1,5,6,1,75,10,-1,-1,-1,-1,6,E01023065,0,1
2025440020088,2025,440020088,2,19,0,7,7,1,3,0,0,5,0,0,0,0,4,1,6,6,1,44,7,-1,-1,-1,-1,7,E01002986,0,5
2025440020098,2025,440020098,1,9,0,4,4,1,5,0,0,1,0,0,0,0,2,1,6,6,2,48,8,-1,-1,-1,-1,10,E01022629,0,1
2025440020098,2025,440020098,2,9,0,4,4,1,5,0,0,1,0,0,0,0,1,1,6,6,2,24,5,-1,-1,-1,-1,8,E01030928,0,4
2025440020223,2025,440020223,1,9,0,3,3,6,2,0,0,0,0,0,0,0,2,1,2,2,2,29,6,-1,-1,-1,-1,3,E01002552,0,4
2025440020223,2025,440020223,2,9,0,18,19,6,2,0,0,0,0,0,0,0,1,1,6,6,1,-1,-1,-1,-1,-1,-1,-1,-1,0,-1
2025440020604,2025,440020604,1,9,0,18,19,2,6,0,0,0,0,0,1,11,4,1,6,6,1,67,10,-1,-1,-1,-1,4,E01022657,0,1
2025440021138,2025,440021138,2,9,0,4,4,6,2,0,0,0,0,0,0,0,2,1,2,2,2,49,8,-1,-1,-1,-1,9,E01022564,0,3
2025440021138,2025,440021138,1,9,0,18,19,6,2,0,0,0,0,0,0,0,1,1,2,2,1,29,6,-1,-1,-1,-1,5,E01035459,0,2
2025440021804,2025,440021804,2,9,0,8,8,6,2,0,0,4,0,0,0,0,2,1,2,2,2,25,5,-1,-1,-1,-1,5,E01023099,0,1
2025440021804,2025,440021804,3,9,0,3,3,6,2,0,0,1,0,0,0,0,2,1,2,2,2,51,8,-1,-1,-1,-1,4,E01023121,0,1
2025440021804,2025,440021804,1,11,0,18,19,6,2,0,0,1,0,0,0,0,1,1,1,1,2,66,10,-1,-1,-1,-1,8,E01022871,0,2
2025440021863,2025,440021863,2,19,0,18,19,3,7,0,0,0,0,0,0,0,3,1,1,1,1,51,8,-1,-1,-1,-1,4,E01017034,0,2