collision_index,collision_year,collision_ref_no,vehicle_reference,vehicle_type,towing_and_articulation,vehicle_manoeuvre_historic,vehicle_manoeuvre,vehicle_direction_from,vehicle_direction_to,vehicle_location_restricted_lane_historic,vehicle_location_restricted_lane,junction_location,skidding_and_overturning,hit_object_in_carriageway,vehicle_leaving_carriageway,hit_object_off_carriageway,first_point_of_impact,vehicle_left_hand_drive,journey_purpose_of_driver_historic,journey_purpose_of_driver,sex_of_driver,age_of_driver,age_band_of_driver,engine_capacity_cc,propulsion_code,age_of_vehicle,generic_make_model,driver_imd_decile,lsoa_of_driver,escooter_flag,driver_distance_banding
2025440075787,2025,440075787,1,9,0,7,7,3,5,0,0,5,0,0,0,0,1,1,2,2,1,36,7,-1,-1,-1,-1,5,-1,0,5
2025440076252,2025,440076252,1,8,0,18,19,5,1,0,0,1,0,0,0,0,1,1,1,1,1,31,6,-1,-1,-1,-1,5,E01022810,0,1
2025440076252,2025,440076252,2,19,0,5,5,7,3,0,0,6,0,0,0,0,3,1,6,6,2,-1,-1,-1,-1,-1,-1,-1,-1,0,-1
2025440076284,2025,440076284,2,3,0,17,19,3,7,0,0,8,0,0,0,0,4,1,1,1,1,48,8,-1,-1,-1,-1,3,E01017091,0,1
2025440076284,2025,440076284,1,9,0,5,5,5,1,0,0,4,0,0,0,0,1,1,6,6,1,70,10,-1,-1,-1,-1,7,E01017050,0,1
2025440076475,2025,440076475,2,17,0,9,9,5,3,0,0,5,0,0,0,0,3,1,1,1,1,16,4,-1,-1,-1,-1,8,E01023170,0,3
2025440076475,2025,440076475,1,9,0,13,13,5,1,0,0,1,0,0,0,0,1,1,5,6,2,61,9,-1,-1,-1,-1,8,E01023195,0,3
2025440076827,2025,440076827,3,9,0,17,19,4,1,0,0,2,0,0,0,0,1,1,6,6,1,18,4,-1,-1,-1,-1,6,E01022597,0,1
2025440076827,2025,440076827,1,9,0,17,19,4,1,0,0,2,1,0,0,0,1,1,6,6,1,21,5,-1,-1,-1,-1,7,E01032618,0,3
2025440076827,2025,440076827,2,19,0,16,19,1,4,0,0,1,0,0,0,0,1,1,1,1,1,28,6,-1,-1,-1,-1,2,E01022902,0,3
2025440077133,2025,440077133,2,9,0,17,19,4,1,0,0,8,0,0,0,0,3,1,5,6,1,36,7,-1,-1,-1,-1,10,E01022852,0,1
2025440077133,2025,440077133,1,9,0,9,9,8,5,0,0,5,1,0,0,0,1,1,5,6,2,48,8,-1,-1,-1,-1,10,E01022853,0,1
2025440077291,2025,440077291,2,9,0,18,19,2,6,0,0,0,1,0,2,7,2,1,5,6,1,42,7,-1,-1,-1,-1,4,E01032858,0,1
2025440077291,2025,440077291,1,9,0,15,15,2,6,0,0,0,2,0,2,7,1,1,6,6,1,48,8,-1,-1,-1,-1,9,E01023134,0,1
2025440077505,2025,440077505,1,3,0,18,19,8,4,0,0,0,0,0,0,0,1,1,6,6,1,25,5,-1,-1,-1,-1,6,E01022764,0,2
2025440077505,2025,440077505,2,9,0,18,19,7,4,0,0,0,0,0,0,0,0,1,6,6,1,27,6,-1,-1,-1,-1,3,E01022807,0,1
2025440077647,2025,440077647,1,11,0,18,19,2,6,0,0,0,0,0,0,0,4,1,1,1,1,44,7,-1,-1,-1,-1,5,E01017203,0,1
2025440077759,2025,440077759,1,19,0,18,19,8,4,0,0,8,0,0,0,0,3,1,6,6,2,50,8,-1,-1,-1,-1,9,E01033384,0,1
2025440077759,2025,440077759,2,-1,0,18,19,6,2,0,0,8,0,0,0,0,1,1,6,6,2,28,6,-1,-1,-1,-1,1,E01017130,1,1
2025440078437,2025,440078437,1,9,0,18,19,1,5,0,0,1,0,0,0,0,1,1,6,6,2,30,6,-1,-1,-1,-1,6,E01014989,0,4
2025440078437,2025,440078437,2,9,0,9,9,3,1,0,0,6,0,0,0,0,3,1,6,6,3,-1,-1,-1,-1,-1,-1,-1,-1,0,-1
2025440078559,2025,440078559,1,3,0,18,19,5,1,0,0,8,0,0,0,0,1,1,5,6,1,18,4,-1,-1,-1,-1,1,E01022843,0,1
2025440078559,2025,440078559,2,3,0,18,19,5,1,0,0,8,0,0,0,0,2,1,5,6,1,18,4,-1,-1,-1,-1,1,E01022843,0,1
2025440078559,2025,440078559,3,9,0,7,7,7,1,0,0,6,0,0,0,0,0,1,5,6,1,40,7,-1,-1,-1,-1,6,E01034063,0,1
2025440078610,2025,440078610,1,9,0,18,19,4,8,0,0,0,0,0,0,0,1,1,6,6,1,55,8,-1,-1,-1,-1,9,E01033384,0,1
2025440078858,2025,440078858,3,9,0,2,2,0,0,0,0,8,0,0,0,0,1,1,6,6,3,-1,-1,-1,-1,-1,-1,-1,-1,0,-1
2025440078858,2025,440078858,2,9,0,2,2,0,0,0,0,8,0,0,0,0,3,1,6,6,3,-1,-1,-1,-1,-1,-1,-1,-1,0,-1
2025440078858,2025,440078858,1,9,0,18,19,1,5,0,0,8,0,4,0,0,1,1,5,6,1,29,6,-1,-1,-1,-1,2,E01022902,0,3
2025440078961,2025,440078961,1,9,0,17,19,7,3,2,2,0,0,10,1,11,1,1,5,6,1,30,6,-1,-1,-1,-1,7,E01023215,0,4
2025440078968,2025,440078968,2,9,0,9,9,5,3,0,0,8,0,0,0,0,1,1,5,6,1,23,5,-1,-1,-1,-1,4,E01017121,0,1
2025440078968,2025,440078968,1,9,0,18,19,1,5,0,0,8,0,0,0,0,1,1,2,2,2,53,8,-1,-1,-1,-1,4,E01017128,0,1
2025440078981,2025,440078981,2,-1,0,18,19,8,4,0,0,8,0,0,0,0,3,1,5,6,1,19,4,-1,-1,-1,-1,4,E01022711,1,1
2025440078981,2025,440078981,1,9,0,7,7,6,8,0,0,6,0,0,0,0,1,1,6,6,3,-1,-1,-1,-1,-1,-1,-1,-1,0,-1
2025440079239,2025,440079239,2,9,0,17,19,2,6,0,0,3,0,0,0,0,2,1,6,6,2,69,10,-1,-1,-1,-1,-1,-1,0,-1
2025440079239,2025,440079239,1,2,0,13,13,2,6,0,0,3,0,0,0,0,1,1,6,6,1,29,6,-1,-1,-1,-1,-1,-1,0,-1
2025440079349,2025,440079349,1,1,0,18,19,4,8,0,0,0,0,10,0,0,1,1,5,6,1,58,9,-1,-1,-1,-1,9,E01022978,0,1
2025440079619,2025,440079619,1,3,0,18,19,5,8,0,0,0,1,0,0,0,0,1,6,6,1,23,5,-1,-1,-1,-1,5,E01022671,0,2
2025440080039,2025,440080039,2,1,0,9,9,7,3,0,0,0,0,0,0,0,1,1,5,6,1,17,4,-1,-1,-1,-1,7,E01023013,0,1
2025440080039,2025,440080039,1,9,0,13,13,7,3,0,0,0,0,0,0,0,4,1,5,6,1,22,5,-1,-1,-1,-1,6,E01023007,0,2
2025440080045,2025,440080045,2,9,0,12,12,2,6,0,0,0,0,0,0,0,3,1,5,6,1,51,8,-1,-1,-1,-1,10,E01022497,0,3
2025440080045,2025,440080045,1,9,0,18,19,2,6,0,0,0,0,0,0,0,4,1,5,6,2,46,8,-1,-1,-1,-1,3,E01030745,0,4
2025440080114,2025,440080114,1,9,0,15,15,4,8,0,0,0,1,0,0,0,1,1,6,6,1,23,5,-1,-1,-1,-1,10,E01023218,0,3
2025440080114,2025,440080114,2,9,0,18,19,4,8,0,0,0,0,0,0,0,2,1,6,6,1,74,10,-1,-1,-1,-1,10,E01028624,0,4
2025440080128,2025,440080128,2,9,0,18,19,7,3,0,0,8,0,0,0,0,3,1,6,6,1,50,8,-1,-1,-1,-1,8,E01022493,0,1
2025440080128,2025,440080128,1,9,0,9,9,5,3,0,0,8,0,0,0,0,1,1,6,6,1,72,10,-1,-1,-1,-1,10,E01022537,0,1
2025440080549,2025,440080549,1,8,0,9,9,3,1,0,0,2,0,0,0,0,1,1,1,1,1,-1,-1,-1,-1,-1,-1,-1,-1,0,-1
2025440080626,2025,440080626,2,9,0,9,9,6,2,0,0,0,0,0,0,0,1,1,6,6,1,41,7,-1,-1,-1,-1,2,E01017328,0,4
2025440080626,2025,440080626,1,9,0,18,19,2,6,0,0,0,0,0,0,0,3,1,6,6,2,36,7,-1,-1,-1,-1,5,E01017310,0,4
2025440080692,2025,440080692,1,9,0,18,19,5,1,0,0,0,0,0,1,4,0,1,5,6,1,41,7,-1,-1,-1,-1,4,E01017296,0,1
2025440080873,2025,440080873,2,9,0,18,19,4,8,0,0,0,0,0,0,0,1,1,5,6,1,56,9,-1,-1,-1,-1,10,E01016329,0,3
2025440080873,2025,440080873,1,9,0,6,6,4,4,0,0,0,0,0,0,0,3,1,5,6,1,77,11,-1,-1,-1,-1,6,E01022506,0,3
2025440081003,2025,440081003,2,19,0,16,19,1,5,0,0,1,0,0,0,0,1,1,1,1,1,21,5,-1,-1,-1,-1,-1,-1,0,-1
2025440081003,2025,440081003,1,4,0,3,3,8,4,0,0,1,0,0,0,0,2,1,1,1,1,30,6,-1,-1,-1,-1,1,E01017103,0,1
2025440081077,2025,440081077,1,9,0,9,9,7,3,0,0,8,0,0,0,0,1,1,5,6,2,87,11,-1,-1,-1,-1,10,E01022553,0,1
2025440081077,2025,440081077,2,9,0,18,19,3,7,0,0,8,0,0,0,0,1,1,5,6,1,37,7,-1,-1,-1,-1,10,E01016267,0,2
2025440081095,2025,440081095,1,9,0,9,9,5,7,0,0,6,0,0,0,0,1,1,5,6,2,22,5,-1,-1,-1,-1,8,E01022762,0,2
2025440081095,2025,440081095,2,2,0,18,19,5,1,0,0,1,0,0,0,0,1,1,5,6,1,42,7,-1,-1,-1,-1,5,E01017126,0,1
2025440081410,2025,440081410,2,4,0,18,19,8,4,0,0,0,0,0,0,0,1,1,2,2,1,18,4,-1,-1,-1,-1,8,E01022762,0,1
2025440081410,2025,440081410,1,21,0,3,3,8,4,0,0,0,0,0,0,0,2,1,6,6,1,-1,-1,-1,-1,-1,-1,-1,-1,0,-1
2025440081553,2025,440081553,2,9,0,16,19,7,3,0,0,0,0,0,0,0,1,1,6,6,2,44,7,-1,-1,-1,-1,8,E01017180,0,1
2025440081553,2025,440081553,1,9,0,17,19,3,7,0,0,0,0,0,0,0,1,1,6,6,1,38,7,-1,-1,-1,-1,7,E01017223,0,1
2025440081622,2025,440081622,1,9,0,18,19,1,5,6,6,1,1,0,3,0,1,1,5,6,1,28,6,-1,-1,-1,-1,-1,-1,0,-1
2025440081622,2025,440081622,2,9,0,2,2,0,0,6,6,5,0,0,0,0,2,1,5,6,1,58,9,-1,-1,-1,-1,5,E01017324,0,1
2025440081711,2025,440081711,1,9,0,18,19,3,7,0,0,0,2,0,1,11,1,1,2,2,1,18,4,-1,-1,-1,-1,5,E01017306,0,3
2025440081923,2025,440081923,1,9,0,18,19,4,8,0,0,0,0,0,1,4,1,1,5,6,1,22,5,-1,-1,-1,-1,6,E01031533,0,1
2025440082275,2025,440082275,1,1,0,4,4,1,5,0,0,1,0,0,0,0,0,1,5,6,2,62,9,-1,-1,-1,-1,-1,-1,0,-1
2025440082971,2025,440082971,1,9,0,18,19,3,7,0,0,0,1,0,2,4,1,1,5,6,1,55,8,-1,-1,-1,-1,4,E01017319,0,3
2025440083071,2025,440083071,2,1,0,18,19,7,3,0,0,8,0,0,0,0,4,1,1,1,1,52,8,-1,-1,-1,-1,9,E01022796,0,1
2025440083071,2025,440083071,1,9,0,17,19,1,3,0,0,4,0,0,0,0,1,1,2,2,2,40,7,-1,-1,-1,-1,3,E01022803,0,1
2025440083125,2025,440083125,2,9,0,17,19,2,6,0,0,1,0,0,0,0,1,1,5,6,2,45,7,-1,-1,-1,-1,10,E01022729,0,2
2025440083125,2025,440083125,1,9,0,12,12,2,6,0,0,5,0,0,1,1,3,1,2,2,2,30,6,-1,-1,-1,-1,-1,-1,0,-1
2025440083425,2025,440083425,2,9,0,4,4,8,4,0,0,1,0,0,0,0,2,1,6,6,2,38,7,-1,-1,-1,-1,9,E01022557,0,2
2025440083425,2025,440083425,1,90,0,9,9,6,4,0,0,1,0,0,0,0,0,1,1,1,1,60,9,-1,-1,-1,-1,3,E01035242,0,4
2025440083425,2025,440083425,3,9,0,18,19,8,4,0,0,1,0,0,0,0,1,1,6,6,2,44,7,-1,-1,-1,-1,9,E01022560,0,2
2025440083480,2025,440083480,1,9,0,5,5,2,4,0,0,0,0,0,1,2,1,1,5,6,2,55,8,-1,-1,-1,-1,5,E01022543,0,1
2025440083730,2025,440083730,1,19,0,16,19,2,5,0,0,0,2,0,1,9,4,1,1,1,1,61,9,-1,-1,-1,-1,3,E01017349,0,2
2025440083779,2025,440083779,2,19,0,5,5,5,1,0,0,3,0,0,0,0,1,1,1,1,1,43,7,-1,-1,-1,-1,4,E01019519,0,5
2025440083779,2025,440083779,1,9,0,3,3,5,1,0,0,3,0,0,0,0,2,1,5,6,2,23,5,-1,-1,-1,-1,6,E01035443,0,4
2025440084150,2025,440084150,2,9,0,18,19,7,5,0,0,0,0,0,0,0,2,1,6,6,2,-1,-1,-1,-1,-1,-1,-1,-1,0,-1
2025440084150,2025,440084150,1,1,0,18,19,1,5,0,0,0,0,0,0,0,1,1,4,7,1,12,3,-1,-1,-1,-1,-1,-1,0,-1
2025440084170,2025,440084170,1,9,0,18,19,3,7,0,0,1,0,0,0,0,1,1,5,6,2,65,9,-1,-1,-1,-1,9,E01022753,0,1
2025440084170,2025,440084170,2,9,0,9,9,5,3,0,0,8,0,0,0,0,1,1,1,1,1,-1,-1,-1,-1,-1,-1,-1,-1,0,-1
2025440084224,2025,440084224,2,9,0,16,19,8,4,0,0,1,0,0,0,0,0,1,5,6,2,59,9,-1,-1,-1,-1,10,E01022682,0,4
2025440084224,2025,440084224,1,9,0,9,9,8,2,0,0,1,0,0,0,0,0,1,6,6,1,-1,-1,-1,-1,-1,-1,-1,-1,0,-1
2025440084277,2025,440084277,2,1,0,7,7,4,8,0,0,2,0,0,0,0,4,1,6,6,1,56,9,-1,-1,-1,-1,5,E01017283,0,1
2025440084277,2025,440084277,1,9,0,7,7,6,2,0,0,2,0,0,0,0,1,1,1,1,1,-1,-1,-1,-1,-1,-1,-1,-1,0,-1
2025440084629,2025,440084629,2,9,0,18,19,1,5,0,0,1,0,0,0,0,1,1,6,6,1,-1,-1,-1,-1,-1,-1,-1,-1,0,-1
2025440084629,2025,440084629,1,1,0,18,19,7,4,0,0,8,0,0,0,0,1,1,6,6,3,37,7,-1,-1,-1,-1,3,E01017228,0,1
2025440084764,2025,440084764,2,3,0,18,19,5,3,0,0,0,0,0,0,0,1,1,5,6,1,36,7,-1,-1,-1,-1,5,E01022973,0,2
2025440084764,2025,440084764,1,9,0,9,9,3,7,0,0,0,0,0,0,0,1,1,1,1,2,63,9,-1,-1,-1,-1,2,E01017089,0,1
2025440084764,2025,440084764,3,9,0,7,7,7,7,0,0,0,0,0,0,0,1,1,5,6,1,36,7,-1,-1,-1,-1,5,E01017113,0,1
2025440085132,2025,440085132,1,9,0,18,19,6,2,0,0,0,0,0,0,0,3,1,5,6,2,47,8,-1,-1,-1,-1,10,E01023193,0,2
2025440085132,2025,440085132,2,21,1,11,11,6,2,0,0,0,0,0,0,0,4,1,1,1,1,55,8,-1,-1,-1,-1,1,E01015575,0,4
2025440085355,2025,440085355,2,19,0,18,19,7,3,0,0,0,0,0,0,0,4,1,6,6,1,-1,-1,-1,-1,-1,-1,-1,-1,0,-1
2025440085355,2025,440085355,1,4,0,18,19,7,3,0,0,0,0,0,0,0,3,1,6,6,2,27,6,-1,-1,-1,-1,6,E01022486,0,1
2025440085614,2025,440085614,2,1,0,9,9,5,3,0,0,6,0,0,0,0,3,1,4,7,1,12,3,-1,-1,-1,-1,2,E01034061,0,1
2025440085614,2025,440085614,1,3,0,18,19,3,7,0,0,1,0,0,0,0,1,1,5,6,2,61,9,-1,-1,-1,-1,2,E01034060,0,1
2025440085790,2025,440085790,1,9,0,18,19,5,1,0,0,0,0,0,0,0,1,1,2,2,2,-1,-1,-1,-1,-1,-1,-1,-1,0,-1
2025440085858,2025,440085858,1,9,0,18,19,3,7,0,0,1,0,0,0,0,1,1,5,6,1,32,6,-1,-1,-1,-1,-1,-1,0,-1
2025440085858,2025,440085858,2,3,0,7,7,1,3,0,0,2,0,0,0,0,1,1,2,2,1,31,6,-1,-1,-1,-1,3,E01017149,0,1
2025440085876,2025,440085876,2,19,0,18,19,5,1,0,0,0,0,0,0,0,2,1,2,2,2,59,9,-1,-1,-1,-1,5,E01015274,0,4
2025440085876,2025,440085876,1,9,0,18,19,5,1,0,0,0,0,0,0,0,1,1,2,2,1,-1,-1,-1,-1,-1,-1,-1,-1,0,-1
2025440085909,2025,440085909,1,9,0,3,3,3,7,0,0,0,0,0,0,0,2,1,2,2,2,49,8,-1,-1,-1,-1,6,E01023028,0,4
2025440085909,2025,440085909,2,9,0,18,19,3,7,0,0,0,0,0,0,0,1,1,6,6,1,-1,-1,-1,-1,-1,-1,-1,-1,0,-1
2025440086046,2025,440086046,1,9,0,18,19,2,6,0,0,1,0,0,0,0,1,1,6,6,2,39,7,-1,-1,-1,-1,3,E01022485,0,1
2025440086061,2025,440086061,4,9,0,18,19,5,1,0,0,0,0,0,0,0,3,1,6,6,1,-1,-1,-1,-1,-1,-1,-1,-1,0,-1
2025440086061,2025,440086061,3,9,0,17,19,5,1,0,0,0,0,0,0,0,2,1,6,6,2,33,6,-1,-1,-1,-1,8,E01022762,0,2
2025440086061,2025,440086061,2,9,0,13,13,5,1,0,0,0,0,0,0,0,1,1,6,6,1,-1,-1,-1,-1,-1,-1,-1,-1,0,-1
2025440086061,2025,440086061,1,9,0,13,13,5,1,0,0,0,0,0,0,0,1,1,6,6,1,-1,-1,-1,-1,-1,-1,-1,-1,0,-1
2025440086270,2025,440086270,1,9,0,13,13,2,6,0,0,0,2,0,1,0,1,1,5,6,1,35,6,-1,-1,-1,-1,9,E01022879,0,1
2025440086423,2025,440086423,1,9,0,18,19,7,3,0,0,0,0,0,0,0,1,1,6,6,3,-1,-1,-1,-1,-1,-1,-1,-1,0,-1
2025440086423,2025,440086423,2,9,0,18,19,7,3,0,0,0,0,0,0,0,2,1,2,2,1,24,5,-1,-1,-1,-1,1,E01009406,0,5
2025440086513,2025,440086513,1,9,0,18,19,3,7,0,0,1,0,0,0,0,0,1,6,6,1,-1,-1,-1,-1,-1,-1,-1,-1,0,-1
2025440086513,2025,440086513,2,2,0,7,7,5,1,0,0,1,0,0,0,0,0,1,6,6,1,-1,-1,-1,-1,-1,-1,-1,-1,0,-1
2025440086642,2025,440086642,1,4,0,4,4,5,1,0,0,0,1,0,0,0,1,1,2,2,1,48,8,-1,-1,-1,-1,6,E01022561,0,3
2025440086642,2025,440086642,4,9,0,4,4,5,1,0,0,0,0,0,0,0,2,1,2,2,1,40,7,-1,-1,-1,-1,4,E01022551,0,2
2025440086642,2025,440086642,3,10,0,4,4,5,1,0,0,0,0,0,0,0,1,1,1,1,1,23,5,-1,-1,-1,-1,10,E01016424,0,3
2025440086642,2025,440086642,2,9,0,4,4,5,1,0,0,0,0,0,0,0,1,1,2,2,2,34,6,-1,-1,-1,-1,7,E01022569,0,2
2025440086642,2025,440086642,5,9,0,18,19,1,5,0,0,0,0,0,0,0,1,1,2,2,1,27,6,-1,-1,-1,-1,4,E01022479,0,2
2025440086863,2025,440086863,1,9,0,18,19,5,1,0,0,0,0,0,4,6,1,1,5,6,2,32,6,-1,-1,-1,-1,7,E01023164,0,4
2025440087404,2025,440087404,1,3,0,18,19,5,1,0,0,1,1,0,0,0,0,1,5,6,1,16,4,-1,-1,-1,-1,2,E01017053,0,2
2025440087411,2025,440087411,2,1,0,18,19,7,3,0,0,0,0,0,0,0,1,1,6,6,2,47,8,-1,-1,-1,-1,6,E01023070,0,1
2025440087411,2025,440087411,1,9,0,14,14,3,7,0,0,0,0,0,0,0,1,1,6,6,2,60,9,-1,-1,-1,-1,9,E01023064,0,1
2025440087485,2025,440087485,2,9,0,18,19,6,1,0,0,8,0,0,0,0,1,1,6,6,3,-1,-1,-1,-1,-1,-1,-1,-1,0,-1
2025440087485,2025,440087485,1,9,0,4,4,6,3,0,0,8,0,0,0,0,2,1,1,1,1,61,9,-1,-1,-1,-1,-1,-1,0,-1
2025440087538,2025,440087538,2,4,0,4,4,5,1,0,0,0,0,0,0,0,2,1,5,6,1,57,9,-1,-1,-1,-1,9,E01022642,0,1
2025440087538,2025,440087538,1,9,0,18,19,5,1,0,0,0,0,0,0,0,1,1,5,6,2,45,7,-1,-1,-1,-1,10,E01030883,0,3
2025440087769,2025,440087769,1,9,0,18,19,1,5,0,0,1,0,0,0,0,1,1,6,6,3,-1,-1,-1,-1,-1,-1,-1,-1,0,-1
2025440087807,2025,440087807,1,9,0,18,19,7,3,0,0,2,0,0,0,0,0,1,6,6,3,-1,-1,-1,-1,-1,-1,-1,-1,0,-1
2025440087830,2025,440087830,2,9,0,18,19,7,3,0,0,0,0,0,0,0,1,1,5,6,2,51,8,-1,-1,-1,-1,10,E01022896,0,1
2025440087830,2025,440087830,3,9,0,18,19,3,7,0,0,0,1,0,1,4,1,1,5,6,1,55,8,-1,-1,-1,-1,5,E01016392,0,3
2025440087830,2025,440087830,1,9,0,2,2,0,0,0,0,0,0,0,0,0,3,1,1,1,1,27,6,-1,-1,-1,-1,6,E01015800,0,4
2025440088382,2025,440088382,2,9,0,18,19,3,7,0,0,2,0,0,0,0,3,1,6,6,1,21,5,-1,-1,-1,-1,7,E01022792,0,1
2025440088382,2025,440088382,1,9,0,18,19,1,5,0,0,6,0,0,0,0,1,1,6,6,2,49,8,-1,-1,-1,-1,9,E01022774,0,1
2025440088435,2025,440088435,2,3,0,13,13,3,7,0,0,1,0,0,0,0,1,1,1,1,1,26,6,-1,-1,-1,-1,2,E01022906,0,1
2025440088435,2025,440088435,1,9,0,9,9,1,3,0,0,1,0,0,0,0,3,1,5,6,2,32,6,-1,-1,-1,-1,2,E01022899,0,1
2025440088457,2025,440088457,1,1,0,9,9,1,7,0,0,1,0,0,0,0,1,1,6,6,1,58,9,-1,-1,-1,-1,2,E01033237,0,2
2025440088457,2025,440088457,2,9,0,18,19,1,5,0,0,1,0,0,0,0,1,1,6,6,3,-1,-1,-1,-1,-1,-1,-1,-1,0,-1
2025440088514,2025,440088514,2,1,0,3,3,2,6,0,0,6,0,0,0,0,2,1,2,2,1,22,5,-1,-1,-1,-1,4,E01017122,0,1
2025440088514,2025,440088514,1,9,0,18,19,2,6,0,0,6,0,0,0,0,1,1,5,6,1,77,11,-1,-1,-1,-1,4,E01017135,0,1
2025440088605,2025,440088605,1,2,0,18,19,8,4,0,0,0,0,0,0,0,3,1,6,6,1,17,4,-1,-1,-1,-1,10,E01023040,0,3
2025440088696,2025,440088696,3,9,0,9,9,7,3,0,0,6,0,0,0,0,2,1,1,1,2,54,8,-1,-1,-1,-1,10,E01020415,0,4
2025440088696,2025,440088696,1,19,0,4,4,7,3,0,0,6,0,0,0,0,1,1,1,1,1,57,9,-1,-1,-1,-1,5,E01022996,0,2
2025440088696,2025,440088696,2,9,0,4,4,7,3,0,0,6,0,0,0,0,2,1,5,6,1,59,9,-1,-1,-1,-1,6,E01023042,0,2
2025440088704,2025,440088704,2,-1,0,7,7,5,7,0,0,6,5,0,0,0,4,1,6,6,1,25,5,-1,-1,-1,-1,2,E01017051,1,1
2025440088704,2025,440088704,1,9,0,18,19,3,7,0,0,1,0,4,0,0,1,1,5,6,2,50,8,-1,-1,-1,-1,6,E01017047,0,1
2025440088716,2025,440088716,1,-1,0,7,7,6,8,0,0,8,0,0,0,0,1,1,6,6,2,15,3,-1,-1,-1,-1,2,E01033383,1,1
2025440088716,2025,440088716,2,19,0,7,7,5,7,0,0,8,0,0,0,0,1,1,6,6,3,-1,-1,-1,-1,-1,-1,-1,-1,0,-1
2025440088770,2025,440088770,1,2,0,18,19,4,8,0,0,0,0,0,0,0,3,1,6,6,1,54,8,-1,-1,-1,-1,5,E01017043,0,2
2025440088770,2025,440088770,2,9,0,13,13,4,8,0,0,0,0,0,0,0,4,1,6,6,1,44,7,-1,-1,-1,-1,7,E01002986,0,4
2025440088938,2025,440088938,1,3,0,4,4,2,5,0,0,1,0,0,0,0,1,1,5,6,1,17,4,-1,-1,-1,-1,4,E01023154,0,3
2025440089220,2025,440089220,2,-1,0,18,19,2,6,0,0,1,0,0,0,0,3,1,2,2,1,21,5,-1,-1,-1,-1,4,E01023106,1,1
2025440089220,2025,440089220,1,9,0,18,19,1,5,0,0,1,0,0,0,0,1,1,6,6,1,48,8,-1,-1,-1,-1,10,E01032857,0,1
2025440089226,2025,440089226,1,9,0,5,5,5,1,0,0,2,0,0,0,0,1,1,6,6,1,35,6,-1,-1,-1,-1,-1,-1,0,-1
2025440089328,2025,440089328,3,9,0,18,19,6,2,0,0,0,0,0,0,0,1,1,6,6,1,22,5,-1,-1,-1,-1,6,E01023054,0,3
2025440089328,2025,440089328,1,20,0,18,19,2,6,0,0,0,0,0,0,0,3,1,1,1,1,34,6,-1,-1,-1,-1,-1,-1,0,-1
2025440089328,2025,440089328,2,9,0,18,19,6,2,0,0,0,0,0,0,0,3,1,6,6,2,70,10,-1,-1,-1,-1,8,E01022983,0,4
2025440089452,2025,440089452,2,9,0,18,19,3,7,0,0,8,0,0,0,0,3,1,5,6,1,64,9,-1,-1,-1,-1,3,E01017193,0,1
2025440089452,2025,440089452,1,5,0,18,19,1,5,0,0,8,0,0,0,0,1,1,5,6,1,23,5,-1,-1,-1,-1,1,E01017281,0,1
2025440089525,2025,440089525,2,1,0,12,12,7,3,0,0,1,0,0,0,0,1,1,6,6,1,18,4,-1,-1,-1,-1,3,E01022739,0,1
2025440089525,2025,440089525,1,3,0,18,19,3,7,0,0,1,0,0,0,0,1,1,1,1,1,20,4,-1,-1,-1,-1,3,E01022839,0,1
2025440089750,2025,440089750,2,-1,0,5,5,5,1,0,0,8,0,0,0,0,3,1,5,6,1,20,4,-1,-1,-1,-1,4,E01017187,1,1
2025440089750,2025,440089750,1,9,0,9,9,1,7,0,0,8,0,0,0,0,1,1,5,6,1,-1,-1,-1,-1,-1,-1,-1,-1,0,-1
2025440090031,2025,440090031,1,9,0,18,19,5,1,0,0,8,0,0,0,0,1,1,1,1,1,-1,-1,-1,-1,-1,-1,-1,-1,0,-1
2025440090031,2025,440090031,2,1,0,5,5,7,3,0,0,4,0,0,0,0,3,1,2,2,1,39,7,-1,-1,-1,-1,8,E01022762,0,1
2025440090035,2025,440090035,2,9,0,7,7,5,7,0,0,0,0,0,0,0,1,1,6,6,2,40,7,-1,-1,-1,-1,7,E01022627,0,1
2025440090035,2025,440090035,1,9,0,18,19,3,7,0,0,0,0,0,0,0,4,1,6,6,1,51,8,-1,-1,-1,-1,-1,-1,0,-1
2025440090368,2025,440090368,2,19,0,4,4,2,6,0,0,1,0,0,0,0,2,1,1,1,1,-1,-1,-1,-1,-1,-1,-1,-1,0,-1
2025440090368,2025,440090368,1,9,0,4,4,2,6,0,0,1,0,0,0,0,2,1,2,2,2,31,6,-1,-1,-1,-1,10,E01020355,0,1
2025440090368,2025,440090368,3,9,0,18,19,2,6,0,0,1,0,0,0,0,1,1,6,6,1,-1,-1,-1,-1,-1,-1,-1,-1,0,-1
2025440090393,2025,440090393,2,21,0,17,19,3,1,0,0,0,0,0,0,0,0,1,1,1,1,-1,-1,-1,-1,-1,-1,-1,-1,0,-1
2025440090393,2025,440090393,1,9,0,17,19,3,1,0,0,0,0,0,0,0,0,1,1,1,2,33,6,-1,-1,-1,-1,2,E01017051,0,1
2025440090563,2025,440090563,4,9,0,18,19,5,1,0,0,1,0,0,0,0,1,1,5,6,1,64,9,-1,-1,-1,-1,2,E01017107,0,1