collision_index,collision_year,collision_ref_no,vehicle_reference,vehicle_type,towing_and_articulation,vehicle_manoeuvre_historic,vehicle_manoeuvre,vehicle_direction_from,vehicle_direction_to,vehicle_location_restricted_lane_historic,vehicle_location_restricted_lane,junction_location,skidding_and_overturning,hit_object_in_carriageway,vehicle_leaving_carriageway,hit_object_off_carriageway,first_point_of_impact,vehicle_left_hand_drive,journey_purpose_of_driver_historic,journey_purpose_of_driver,sex_of_driver,age_of_driver,age_band_of_driver,engine_capacity_cc,propulsion_code,age_of_vehicle,generic_make_model,driver_imd_decile,lsoa_of_driver,escooter_flag,driver_distance_banding
2025440108240,2025,440108240,1,9,0,9,9,3,1,0,0,1,0,0,0,0,3,1,6,6,3,-1,-1,-1,-1,-1,-1,-1,-1,0,-1
2025440108240,2025,440108240,2,9,0,18,19,1,5,0,0,1,0,0,0,0,1,1,6,6,2,20,4,-1,-1,-1,-1,7,E01022491,0,1
2025440108372,2025,440108372,2,2,0,18,19,6,0,0,0,0,0,0,0,0,2,1,1,1,1,32,6,-1,-1,-1,-1,5,E01017159,0,1
2025440108372,2025,440108372,1,9,0,18,19,6,2,0,0,0,0,0,0,0,1,1,6,6,2,35,6,-1,-1,-1,-1,-1,-1,0,-1
2025440108393,2025,440108393,1,9,0,18,19,1,5,0,0,0,0,0,0,0,1,1,5,6,1,18,4,-1,-1,-1,-1,10,E01022954,0,1
2025440108393,2025,440108393,2,9,0,18,19,5,1,0,0,0,0,0,0,0,1,1,5,6,2,64,9,-1,-1,-1,-1,5,E01017095,0,2
2025440108736,2025,440108736,1,1,0,9,9,4,0,0,0,1,0,0,0,0,2,1,5,6,1,19,4,-1,-1,-1,-1,1,E01017166,0,1
2025440108736,2025,440108736,2,3,0,18,19,4,8,0,0,1,0,0,0,0,1,1,1,1,1,-1,-1,-1,-1,-1,-1,-1,-1,0,-1
2025440108740,2025,440108740,1,9,0,7,7,0,5,0,0,1,0,0,0,0,2,1,1,1,2,19,4,-1,-1,-1,-1,7,E01022925,0,1
2025440108740,2025,440108740,2,9,0,18,19,3,7,0,0,1,0,0,0,0,1,1,6,6,1,-1,-1,-1,-1,-1,-1,-1,-1,0,-1
2025440108908,2025,440108908,1,9,0,5,5,0,3,0,0,0,0,0,0,11,1,1,1,1,2,74,10,-1,-1,-1,-1,3,E01017111,0,1
2025440109032,2025,440109032,2,19,0,14,14,3,7,0,0,0,0,0,1,0,1,1,1,1,1,59,9,-1,-1,-1,-1,8,E01017287,0,2
2025440109032,2025,440109032,1,4,0,14,14,3,7,0,0,0,0,0,1,0,1,1,1,1,1,49,8,-1,-1,-1,-1,6,E01017307,0,1
2025440109401,2025,440109401,1,9,0,18,19,1,5,0,0,0,0,0,0,0,1,1,6,6,3,-1,-1,-1,-1,-1,-1,-1,-1,0,-1
2025440109492,2025,440109492,1,1,0,9,9,5,3,0,0,3,0,0,0,0,4,1,4,7,2,14,3,-1,-1,-1,-1,10,E01023114,0,1
2025440109492,2025,440109492,2,9,0,18,19,7,3,0,0,4,0,0,0,0,1,1,6,6,1,-1,-1,-1,-1,-1,-1,-1,-1,0,-1
2025440110002,2025,440110002,1,9,0,9,9,5,3,0,0,5,0,0,0,0,1,1,6,6,1,37,7,-1,-1,-1,-1,5,E01017136,0,1
2025440110002,2025,440110002,3,9,0,4,4,1,5,0,0,8,0,0,0,0,0,1,6,6,1,-1,-1,-1,-1,-1,-1,-1,-1,0,-1
2025440110002,2025,440110002,2,9,0,18,19,1,5,0,0,8,0,0,0,0,1,1,6,6,1,-1,-1,-1,-1,-1,-1,-1,-1,0,-1
2025440110092,2025,440110092,1,1,0,18,19,1,5,0,0,1,0,0,0,0,1,1,4,7,1,12,3,-1,-1,-1,-1,4,E01023146,0,1
2025440110092,2025,440110092,2,9,0,18,19,3,7,0,0,1,0,0,0,0,3,1,6,6,2,70,10,-1,-1,-1,-1,3,E01023122,0,1
2025440110119,2025,440110119,1,1,0,18,19,1,5,0,0,8,0,0,0,0,0,1,5,6,1,25,5,-1,-1,-1,-1,7,E01023113,0,2
2025440110155,2025,440110155,1,9,0,18,19,2,6,0,0,2,0,0,0,0,4,1,2,2,2,33,6,-1,-1,-1,-1,1,E01017245,0,1
2025440110155,2025,440110155,2,9,0,18,19,2,6,0,0,2,0,0,0,0,3,1,6,6,1,-1,-1,-1,-1,-1,-1,-1,-1,0,-1
2025440110175,2025,440110175,2,9,0,18,19,5,1,0,0,8,1,0,7,0,1,1,5,6,3,-1,-1,-1,-1,-1,-1,-1,-1,0,-1
2025440110175,2025,440110175,1,19,0,18,19,6,4,0,0,8,0,0,1,10,3,1,1,1,3,-1,-1,-1,-1,-1,-1,-1,-1,0,-1
2025440110186,2025,440110186,1,1,0,18,19,1,5,0,0,0,0,0,0,0,2,1,5,6,2,78,11,-1,-1,-1,-1,2,E01017108,0,1
2025440110186,2025,440110186,2,9,0,18,19,1,5,0,0,0,0,0,0,0,1,1,6,6,3,-1,-1,-1,-1,-1,-1,-1,-1,0,-1
2025440110481,2025,440110481,1,19,0,18,19,8,0,0,0,1,0,0,0,0,2,1,1,1,2,36,7,-1,-1,-1,-1,9,E01023181,0,1
2025440110481,2025,440110481,2,21,0,18,19,8,4,0,0,1,0,0,0,0,1,1,6,6,1,-1,-1,-1,-1,-1,-1,-1,-1,0,-1
2025440110483,2025,440110483,1,9,0,18,19,4,1,0,0,0,0,0,1,0,1,1,6,6,3,-1,-1,-1,-1,-1,-1,-1,-1,0,-1
2025440110484,2025,440110484,2,9,0,1,1,8,4,9,9,0,0,0,0,0,2,1,6,6,2,-1,-1,-1,-1,-1,-1,-1,-1,0,-1
2025440110484,2025,440110484,1,1,0,18,19,2,6,9,9,0,0,0,0,0,3,1,4,7,1,15,3,-1,-1,-1,-1,2,E01023029,0,2
2025440110704,2025,440110704,1,9,0,3,3,4,0,0,0,1,0,0,0,0,2,1,1,1,1,59,9,-1,-1,-1,-1,4,E01022800,0,2
2025440110704,2025,440110704,2,9,0,18,19,4,8,0,0,1,0,0,0,0,1,1,6,6,2,19,4,-1,-1,-1,-1,4,E01017128,0,2
2025440111041,2025,440111041,1,9,0,18,19,2,6,0,0,0,0,0,7,10,0,1,6,6,2,47,8,-1,-1,-1,-1,8,E01017196,0,2
2025440111041,2025,440111041,2,9,0,18,19,6,2,0,0,0,1,0,0,0,3,1,5,6,2,78,11,-1,-1,-1,-1,10,E01023038,0,3
2025440111041,2025,440111041,3,9,0,18,19,2,6,0,0,0,0,0,0,0,1,1,6,6,1,44,7,-1,-1,-1,-1,5,E01017203,0,2
2025440111070,2025,440111070,1,11,0,4,4,7,3,0,0,4,0,0,0,0,0,1,1,1,1,-1,-1,-1,-1,-1,-1,-1,-1,0,-1
2025440111070,2025,440111070,2,19,0,9,9,3,1,0,0,4,0,0,0,0,0,1,6,6,3,-1,-1,-1,-1,-1,-1,-1,-1,0,-1
2025440111119,2025,440111119,1,4,0,18,19,1,5,0,0,0,0,0,0,0,1,1,6,6,1,40,7,-1,-1,-1,-1,5,E01035459,0,4
2025440111119,2025,440111119,3,9,0,18,19,1,5,0,0,0,0,0,0,0,0,1,6,6,1,27,6,-1,-1,-1,-1,-1,-1,0,-1
2025440111119,2025,440111119,2,4,0,18,19,1,5,0,0,0,0,0,0,0,2,1,6,6,1,51,8,-1,-1,-1,-1,10,E01023188,0,4
2025440111253,2025,440111253,1,9,0,18,19,5,1,0,0,8,0,0,1,7,1,1,6,6,1,82,11,-1,-1,-1,-1,10,E01022750,0,1
2025440112137,2025,440112137,1,1,0,18,19,1,5,0,0,1,0,0,0,0,1,1,5,6,1,42,7,-1,-1,-1,-1,10,E01022852,0,1
2025440112137,2025,440112137,2,9,0,9,9,3,1,0,0,8,0,0,0,0,3,1,1,1,2,-1,-1,-1,-1,-1,-1,9,E01030885,0,2
2025440112250,2025,440112250,1,3,0,18,19,5,1,0,0,2,0,0,0,0,0,1,5,6,1,42,7,-1,-1,-1,-1,4,E01023019,0,1
2025440112375,2025,440112375,2,9,0,18,19,6,2,0,0,8,0,0,0,0,4,1,5,6,2,38,7,-1,-1,-1,-1,9,E01023102,0,1
2025440112375,2025,440112375,1,9,0,18,19,8,4,0,0,8,0,0,0,0,1,1,2,2,2,34,6,-1,-1,-1,-1,9,E01023102,0,1
2025440112560,2025,440112560,1,19,0,1,1,7,3,0,0,0,0,0,0,0,2,1,6,6,1,43,7,-1,-1,-1,-1,3,E01017170,0,4
2025440112560,2025,440112560,2,5,0,3,3,7,3,0,0,0,0,0,0,0,1,1,6,6,1,55,8,-1,-1,-1,-1,2,E01022934,0,1
2025440113466,2025,440113466,1,9,0,9,9,3,7,0,0,6,0,0,0,0,1,1,6,6,1,37,7,-1,-1,-1,-1,2,E01032879,0,1
2025440113609,2025,440113609,1,19,0,1,1,5,1,0,0,1,0,0,0,0,2,1,1,1,2,23,5,-1,-1,-1,-1,3,E01017133,0,1
2025440113609,2025,440113609,2,4,0,2,2,0,0,0,0,1,0,0,0,0,1,1,1,1,1,40,7,-1,-1,-1,-1,4,E01017088,0,1
2025440113685,2025,440113685,2,9,0,13,13,1,5,0,0,3,0,0,0,0,4,1,6,6,3,-1,-1,-1,-1,-1,-1,-1,-1,0,-1
2025440113685,2025,440113685,1,9,0,18,19,1,5,0,0,3,0,0,0,0,3,1,6,6,1,27,6,-1,-1,-1,-1,5,E01022973,0,1
2025440113759,2025,440113759,1,9,0,18,19,5,1,0,0,0,2,0,1,11,1,1,6,6,1,18,4,-1,-1,-1,-1,9,E01022613,0,1
2025440113934,2025,440113934,2,9,0,18,19,1,5,0,0,8,0,0,0,0,2,1,6,6,2,52,8,-1,-1,-1,-1,8,E01023084,0,1
2025440113934,2025,440113934,1,9,0,11,11,1,3,0,0,3,0,0,0,0,1,1,6,6,3,-1,-1,-1,-1,-1,-1,-1,-1,0,-1
2025440114110,2025,440114110,2,9,0,4,4,3,1,0,0,1,1,0,0,0,0,1,5,6,2,19,4,-1,-1,-1,-1,7,E01022604,0,1
2025440114110,2025,440114110,1,3,0,7,7,1,3,0,0,5,1,0,7,0,1,1,5,6,1,32,6,-1,-1,-1,-1,-1,-1,0,-1
2025440114175,2025,440114175,2,9,0,18,19,1,5,0,0,0,0,0,0,0,1,1,5,6,2,30,6,-1,-1,-1,-1,3,E01023058,0,3
2025440114175,2025,440114175,1,9,0,18,19,1,5,0,0,0,0,0,0,0,1,1,5,6,1,61,9,-1,-1,-1,-1,7,E01004588,0,5
2025440114385,2025,440114385,1,3,0,16,19,4,6,0,0,7,0,0,0,0,0,1,5,6,1,17,4,-1,-1,-1,-1,9,E01022702,0,3
2025440114500,2025,440114500,1,5,0,18,19,3,7,0,0,0,1,7,0,0,4,1,5,6,1,20,4,-1,-1,-1,-1,7,E01023257,0,4
2025440114522,2025,440114522,2,8,0,18,19,1,4,0,0,8,0,0,0,0,4,1,1,1,1,77,11,-1,-1,-1,-1,9,E01022788,0,1
2025440114522,2025,440114522,1,9,0,9,9,5,4,0,0,6,0,0,0,0,1,1,5,6,2,28,6,-1,-1,-1,-1,9,E01022702,0,2
2025440114599,2025,440114599,2,1,0,18,19,3,1,0,0,8,0,0,0,0,1,1,6,6,1,25,5,-1,-1,-1,-1,9,E01023136,0,1
2025440114599,2025,440114599,1,9,0,9,9,7,3,0,0,5,0,0,0,0,4,1,6,6,3,-1,-1,-1,-1,-1,-1,-1,-1,0,-1
2025440114994,2025,440114994,1,9,0,9,9,7,5,0,0,0,1,0,1,4,1,1,5,6,1,17,4,-1,-1,-1,-1,4,E01017339,0,4
2025440115055,2025,440115055,2,9,0,18,19,5,1,0,0,0,0,0,0,0,4,1,6,6,3,-1,-1,-1,-1,-1,-1,-1,-1,0,-1
2025440115055,2025,440115055,1,9,0,18,19,1,5,0,0,0,0,0,0,0,3,1,5,6,2,56,9,-1,-1,-1,-1,3,E01017335,0,1
2025440115391,2025,440115391,1,9,0,7,7,8,2,0,0,8,0,0,0,0,4,1,6,6,1,29,6,-1,-1,-1,-1,10,E01023220,0,1
2025440115391,2025,440115391,2,9,0,18,19,8,4,0,0,8,0,0,0,0,1,1,6,6,2,28,6,-1,-1,-1,-1,9,E01022754,0,2
2025440115413,2025,440115413,2,1,0,18,19,5,1,0,0,0,0,0,0,0,2,1,6,6,3,-1,-1,-1,-1,-1,-1,-1,-1,0,-1
2025440115413,2025,440115413,1,1,0,13,13,5,1,0,0,0,0,0,0,0,1,1,6,6,2,31,6,-1,-1,-1,-1,6,E01004577,0,5
2025440115446,2025,440115446,1,9,0,18,19,5,3,0,0,2,0,0,0,0,1,1,6,6,1,44,7,-1,-1,-1,-1,7,E01002986,0,4
2025440115492,2025,440115492,1,-1,0,18,19,1,5,0,0,0,0,0,0,0,3,1,6,6,1,12,3,-1,-1,-1,-1,7,E01017026,1,1
2025440115492,2025,440115492,2,9,0,18,19,3,7,0,0,0,0,0,0,0,1,1,6,6,2,25,5,-1,-1,-1,-1,5,E01017028,0,1
2025440115556,2025,440115556,2,9,0,4,4,6,2,0,0,0,0,0,0,0,2,1,5,6,1,26,6,-1,-1,-1,-1,3,E01034714,0,1
2025440115556,2025,440115556,1,9,0,4,4,6,2,0,0,0,0,0,0,0,2,1,5,6,1,22,5,-1,-1,-1,-1,8,E01022492,0,1
2025440115556,2025,440115556,3,9,0,4,4,6,2,0,0,0,0,0,0,0,2,1,5,6,3,-1,-1,-1,-1,-1,-1,-1,-1,0,-1
2025440115556,2025,440115556,4,9,0,4,4,6,2,0,0,0,0,0,0,0,1,1,5,6,3,-1,-1,-1,-1,-1,-1,-1,-1,0,-1
2025440115623,2025,440115623,2,-1,0,18,19,3,7,0,0,0,0,0,0,0,4,1,6,6,2,8,2,-1,-1,-1,-1,2,E01022914,1,1
2025440115623,2025,440115623,1,9,0,17,19,4,1,0,0,0,0,0,0,0,1,1,6,6,2,49,8,-1,-1,-1,-1,-1,-1,0,-1
2025440115695,2025,440115695,1,9,0,18,19,2,6,0,0,8,0,0,0,0,3,1,6,6,2,36,7,-1,-1,-1,-1,5,E01017310,0,1
2025440115695,2025,440115695,2,9,0,9,9,6,2,0,0,8,0,0,0,0,1,1,5,6,1,41,7,-1,-1,-1,-1,2,E01017328,0,1
2025440115786,2025,440115786,2,19,0,5,5,7,3,0,0,0,0,0,0,0,4,1,6,6,3,-1,-1,-1,-1,-1,-1,-1,-1,0,-1
2025440115786,2025,440115786,1,9,0,2,2,0,0,0,0,0,0,0,0,0,3,1,6,6,2,62,9,-1,-1,-1,-1,5,E01017298,0,3
2025440115836,2025,440115836,1,1,0,18,19,4,8,0,0,1,0,0,0,0,3,1,2,2,1,25,5,-1,-1,-1,-1,3,E01017098,0,1
2025440115836,2025,440115836,2,9,0,7,7,4,6,0,0,5,0,0,0,0,4,1,6,6,3,-1,-1,-1,-1,-1,-1,-1,-1,0,-1
2025440115894,2025,440115894,1,3,0,18,19,5,3,0,0,7,0,0,0,0,4,1,5,6,1,18,4,-1,-1,-1,-1,8,E01022615,0,1
2025440116145,2025,440116145,2,1,0,18,19,7,3,0,0,2,0,0,0,0,1,1,5,6,1,23,5,-1,-1,-1,-1,5,E01003284,0,5
2025440116145,2025,440116145,1,9,0,18,19,3,7,0,0,6,0,0,0,0,1,1,5,6,3,-1,-1,-1,-1,-1,-1,-1,-1,0,-1
2025440116445,2025,440116445,1,1,0,18,19,2,6,9,9,0,0,0,0,0,1,1,6,6,1,47,8,-1,-1,-1,-1,4,E01017081,0,2
2025440116445,2025,440116445,2,1,0,18,19,6,2,9,9,0,0,0,0,0,1,1,6,6,2,14,3,-1,-1,-1,-1,10,E01017063,0,1
2025440116449,2025,440116449,3,9,0,12,12,7,4,0,0,1,0,0,0,0,0,1,6,6,3,-1,-1,-1,-1,-1,-1,-1,-1,0,-1
2025440116449,2025,440116449,1,9,0,4,4,7,3,0,0,1,0,0,0,0,2,1,2,2,1,26,6,-1,-1,-1,-1,4,E01017233,0,3
2025440116449,2025,440116449,2,9,0,4,4,7,3,0,0,1,0,0,0,0,1,1,6,6,3,-1,-1,-1,-1,-1,-1,-1,-1,0,-1
2025440116565,2025,440116565,2,9,0,18,19,7,3,0,0,0,0,0,0,0,1,1,6,6,3,-1,-1,-1,-1,-1,-1,-1,-1,0,-1
2025440116565,2025,440116565,1,9,0,9,9,7,5,0,0,0,0,0,0,0,3,1,6,6,2,45,7,-1,-1,-1,-1,8,E01023103,0,1
2025440117445,2025,440117445,1,4,0,9,9,5,7,0,0,8,0,0,0,0,3,1,5,6,2,56,9,-1,-1,-1,-1,8,E01022639,0,1
2025440117654,2025,440117654,1,9,0,7,7,5,3,0,0,8,0,0,0,0,1,1,6,6,3,-1,-1,-1,-1,-1,-1,-1,-1,0,-1
2025440117679,2025,440117679,1,-1,0,18,19,5,1,0,0,0,0,0,0,0,1,1,6,6,2,62,9,-1,-1,-1,-1,4,E01017271,1,1
2025440118066,2025,440118066,1,9,0,4,4,4,8,0,0,0,0,0,0,0,2,1,5,6,2,33,6,-1,-1,-1,-1,6,E01022941,0,3
2025440118066,2025,440118066,2,9,0,18,19,4,8,0,0,0,0,0,0,0,1,1,2,2,1,35,6,-1,-1,-1,-1,10,E01032616,0,2
2025440118146,2025,440118146,1,19,0,18,19,4,8,0,0,0,0,0,0,0,1,1,1,1,1,23,5,-1,-1,-1,-1,1,E01022917,0,1
2025440118146,2025,440118146,2,9,0,4,4,4,8,0,0,0,0,0,0,0,2,1,5,6,2,35,6,-1,-1,-1,-1,7,E01022946,0,1
2025440118602,2025,440118602,1,9,0,18,19,5,1,0,0,8,1,0,0,0,0,1,5,6,1,56,9,-1,-1,-1,-1,6,E01023025,0,4
2025440118866,2025,440118866,1,9,0,2,2,0,0,0,0,0,0,0,0,0,3,1,5,6,2,55,8,-1,-1,-1,-1,-1,-1,0,-1
2025440118866,2025,440118866,2,23,0,17,19,2,7,0,0,0,0,0,0,0,1,1,1,1,1,17,4,-1,-1,-1,-1,4,E01017083,0,1
2025440119060,2025,440119060,1,19,0,18,19,3,7,0,0,0,0,0,0,0,1,1,6,6,1,47,8,-1,-1,-1,-1,10,E01015434,0,4
2025440119177,2025,440119177,1,9,0,18,19,3,7,0,0,1,1,0,0,0,1,1,5,6,2,45,7,-1,-1,-1,-1,7,E01023167,0,3
2025440119177,2025,440119177,2,19,0,18,19,8,4,0,0,6,5,0,8,1,4,1,1,1,1,41,7,-1,-1,-1,-1,3,E01017184,0,2
2025440119242,2025,440119242,2,9,0,18,19,5,1,0,0,2,0,0,0,0,2,1,6,6,1,-1,-1,-1,-1,-1,-1,-1,-1,0,-1
2025440119242,2025,440119242,1,9,0,18,19,5,1,0,0,2,0,0,0,0,1,1,6,6,2,-1,-1,-1,-1,-1,-1,-1,-1,0,-1
2025440119250,2025,440119250,1,3,0,18,19,5,1,0,0,0,0,0,0,0,3,1,6,6,1,40,7,-1,-1,-1,-1,4,E01022575,0,2
2025440119250,2025,440119250,2,19,0,13,13,5,1,0,0,0,0,0,0,0,4,1,1,1,1,-1,-1,-1,-1,-1,-1,-1,-1,0,-1
2025440119725,2025,440119725,1,1,0,3,3,7,3,0,0,1,0,0,0,0,2,1,2,2,1,46,8,-1,-1,-1,-1,8,E01017059,0,1
2025440119725,2025,440119725,2,19,0,5,5,7,3,0,0,1,0,0,0,0,1,1,2,2,1,-1,-1,-1,-1,-1,-1,-1,-1,0,-1
2025440120152,2025,440120152,1,9,0,18,19,7,3,0,0,0,1,0,0,0,1,1,1,1,1,27,6,-1,-1,-1,-1,3,E01017267,0,2
2025440120194,2025,440120194,1,9,0,4,4,7,3,0,0,1,0,0,0,0,2,1,3,7,2,43,7,-1,-1,-1,-1,8,E01022958,0,1
2025440120194,2025,440120194,2,9,0,18,19,7,3,0,0,1,0,0,0,0,1,1,6,6,2,37,7,-1,-1,-1,-1,1,E01022967,0,1
2025440120303,2025,440120303,1,9,0,5,5,1,5,0,0,8,0,0,0,0,3,1,5,6,2,68,10,-1,-1,-1,-1,4,E01023153,0,1
2025440120303,2025,440120303,2,9,0,17,19,5,2,0,0,8,0,0,0,0,1,1,5,6,2,41,7,-1,-1,-1,-1,8,E01023190,0,1
2025440120426,2025,440120426,1,9,0,18,19,5,1,0,0,0,0,0,0,0,1,1,6,6,1,56,9,-1,-1,-1,-1,10,E01022632,0,2
2025440120426,2025,440120426,2,9,0,18,19,5,1,0,0,0,0,0,0,0,2,1,1,1,2,33,6,-1,-1,-1,-1,5,E01022907,0,3
2025440120543,2025,440120543,1,9,0,11,11,1,5,0,0,3,0,0,0,0,4,1,6,6,2,82,11,-1,-1,-1,-1,8,E01017056,0,1
2025440120543,2025,440120543,2,9,0,18,19,1,5,0,0,3,1,0,0,0,3,1,6,6,1,32,6,-1,-1,-1,-1,1,E01017040,0,1
2025440120776,2025,440120776,1,9,0,5,5,6,2,0,0,0,0,0,0,0,1,1,6,6,3,-1,-1,-1,-1,-1,-1,-1,-1,0,-1
2025440120793,2025,440120793,1,9,0,18,19,2,6,0,0,1,0,0,0,0,1,1,5,6,1,59,9,-1,-1,-1,-1,8,E01022990,0,1
2025440120793,2025,440120793,2,9,0,18,19,1,5,0,0,8,0,0,0,0,4,1,6,6,2,29,6,-1,-1,-1,-1,10,E01022987,0,2
2025440121078,2025,440121078,1,9,0,18,19,8,4,0,0,8,0,0,0,0,3,1,5,6,1,64,9,-1,-1,-1,-1,9,E01022595,0,3
2025440121078,2025,440121078,2,3,0,18,19,6,2,0,0,8,0,0,0,0,1,1,5,6,1,20,4,-1,-1,-1,-1,10,E01022874,0,4
2025440121465,2025,440121465,1,9,0,13,13,6,2,0,0,0,5,0,1,9,1,1,6,6,1,59,9,-1,-1,-1,-1,3,E01034713,0,1
2025440121587,2025,440121587,2,9,0,4,4,2,6,0,0,0,0,0,0,0,2,1,6,6,1,55,8,-1,-1,-1,-1,5,E01032844,0,1
2025440121587,2025,440121587,1,5,0,18,19,2,6,0,0,0,0,0,0,0,1,1,6,6,1,21,5,-1,-1,-1,-1,3,E01034714,0,1
2025440121637,2025,440121637,1,1,0,18,19,2,6,9,9,8,0,0,0,0,3,1,6,6,1,4,1,-1,-1,-1,-1,10,E01022563,0,1
2025440121637,2025,440121637,2,9,0,9,9,6,4,9,9,8,0,0,0,0,1,1,6,6,2,-1,-1,-1,-1,-1,-1,7,E01022514,0,2
2025440121980,2025,440121980,2,1,0,18,19,8,4,0,0,8,0,0,0,0,4,1,5,6,1,77,11,-1,-1,-1,-1,6,E01017354,0,3
2025440121980,2025,440121980,1,9,0,5,5,2,6,0,0,4,0,0,0,0,1,1,6,6,1,77,11,-1,-1,-1,-1,7,E01017361,0,3
2025440122151,2025,440122151,1,9,0,18,19,4,8,0,0,0,0,0,1,3,4,1,5,6,1,87,11,-1,-1,-1,-1,10,E01022581,0,3
2025440122299,2025,440122299,2,9,0,18,19,7,3,0,0,3,0,0,0,0,1,1,6,6,1,49,8,-1,-1,-1,-1,-1,-1,0,-1
2025440122299,2025,440122299,1,9,0,4,4,7,3,0,0,2,0,0,0,0,2,1,1,1,2,27,6,-1,-1,-1,-1,5,E01031480,0,4
2025440122405,2025,440122405,1,2,0,15,15,8,4,0,0,1,0,0,0,0,1,1,6,6,1,50,8,-1,-1,-1,-1,9,E01032753,0,1
2025440122405,2025,440122405,2,9,0,3,3,8,4,0,0,1,0,0,0,0,4,1,5,6,1,20,4,-1,-1,-1,-1,6,E01035437,0,1
2025440122624,2025,440122624,2,9,0,18,19,5,1,0,0,1,0,0,0,0,2,1,2,2,2,37,7,-1,-1,-1,-1,10,E01022534,0,2
2025440122624,2025,440122624,1,9,0,18,19,5,1,0,0,1,0,0,0,0,1,1,2,2,1,30,6,-1,-1,-1,-1,-1,-1,0,-1
2025440122668,2025,440122668,1,9,0,8,8,1,3,0,0,1,0,0,0,0,2,1,6,6,1,26,6,-1,-1,-1,-1,8,E01017056,0,1
2025440122668,2025,440122668,2,9,0,4,4,1,5,0,0,1,0,0,0,0,1,1,6,6,1,-1,-1,-1,-1,-1,-1,-1,-1,0,-1
2025440122696,2025,440122696,1,9,0,4,4,8,4,0,0,0,0,0,0,0,2,1,5,6,2,52,8,-1,-1,-1,-1,-1,-1,0,-1
2025440122696,2025,440122696,2,21,1,18,19,8,4,0,0,0,0,0,0,0,1,1,1,1,1,62,9,-1,-1,-1,-1,-1,-1,0,-1
2025440122746,2025,440122746,1,9,0,18,19,1,5,0,0,0,2,0,5,4,4,1,5,6,1,23,5,-1,-1,-1,-1,5,E01005646,0,5
2025440122793,2025,440122793,1,9,0,18,19,3,7,0,0,0,0,0,0,0,1,1,5,6,1,18,4,-1,-1,-1,-1,6,E01022630,0,2
2025440122793,2025,440122793,2,9,0,18,19,7,3,0,0,0,0,0,1,0,1,1,5,6,2,27,6,-1,-1,-1,-1,10,E01029168,0,5
2025440123273,2025,440123273,1,9,0,5,5,3,7,0,0,0,0,0,0,0,0,1,1,1,3,-1,-1,-1,-1,-1,-1,-1,-1,0,-1
2025440123330,2025,440123330,1,9,0,18,19,3,7,0,0,0,0,0,0,0,2,1,2,2,1,32,6,-1,-1,-1,-1,6,E01035323,0,4
2025440123330,2025,440123330,2,9,0,18,19,3,7,0,0,0,0,0,0,0,1,1,2,2,1,38,7,-1,-1,-1,-1,10,E01022606,0,2
2025440123617,2025,440123617,2,9,0,18,19,7,3,0,0,0,0,0,0,0,1,1,6,6,1,72,10,-1,-1,-1,-1,5,E01017355,0,3
2025440123617,2025,440123617,1,9,0,18,19,7,3,0,0,0,0,0,0,0,2,1,6,6,1,43,7,-1,-1,-1,-1,3,E01017346,0,1
2025440123659,2025,440123659,1,9,0,18,19,6,2,0,0,0,0,0,2,2,4,1,5,6,2,85,11,-1,-1,-1,-1,6,E01022919,0,1
2025440123826,2025,440123826,1,9,0,7,7,8,2,0,0,1,0,0,0,0,1,1,6,6,2,37,7,-1,-1,-1,-1,10,E01023242,0,1
2025440123826,2025,440123826,2,1,0,18,19,6,2,0,0,1,0,0,0,0,4,1,5,6,1,65,9,-1,-1,-1,-1,10,E01023243,0,1
2025440124075,2025,440124075,2,9,0,18,19,5,1,0,0,0,0,0,0,0,1,1,6,6,1,76,11,-1,-1,-1,-1,10,E01020418,0,3
2025440124075,2025,440124075,3,9,0,18,19,5,1,0,0,0,0,0,0,0,1,1,6,6,2,43,7,-1,-1,-1,-1,2,E01020348,0,2
2025440124075,2025,440124075,1,9,0,18,19,1,5,0,0,0,0,0,0,0,1,1,6,6,1,59,9,-1,-1,-1,-1,10,E01020358,0,1
2025440124083,2025,440124083,1,9,0,18,19,8,4,0,0,8,0,0,0,0,1,1,6,6,2,62,9,-1,-1,-1,-1,5,E01017127,0,1
2025440124083,2025,440124083,2,-1,0,18,19,2,6,0,0,8,0,0,0,0,3,1,6,6,2,20,4,-1,-1,-1,-1,2,E01017132,1,1
2025440124185,2025,440124185,2,9,0,4,4,6,2,0,0,0,0,0,0,0,2,1,6,6,1,59,9,-1,-1,-1,-1,6,E01002656,0,4
2025440124185,2025,440124185,1,9,0,4,4,6,2,0,0,0,0,0,0,0,1,1,5,6,1,28,6,-1,-1,-1,-1,7,E01032746,0,2
2025440124211,2025,440124211,1,9,0,18,19,5,1,0,0,1,0,0,0,0,1,1,2,2,2,53,8,-1,-1,-1,-1,8,E01023274,0,1
2025440124211,2025,440124211,2,9,0,9,9,1,7,0,0,1,0,0,0,0,1,1,2,2,1,20,4,-1,-1,-1,-1,4,E01015269,0,5
2025440124213,2025,440124213,2,9,0,9,9,1,7,0,0,6,0,0,0,0,3,1,5,6,1,20,4,-1,-1,-1,-1,4,E01017081,0,1
2025440124213,2025,440124213,1,1,0,18,19,7,3,0,0,8,0,0,0,0,1,1,5,6,1,26,6,-1,-1,-1,-1,5,E01017014,0,1