collision_index,collision_year,collision_ref_no,vehicle_reference,vehicle_type,towing_and_articulation,vehicle_manoeuvre_historic,vehicle_manoeuvre,vehicle_direction_from,vehicle_direction_to,vehicle_location_restricted_lane_historic,vehicle_location_restricted_lane,junction_location,skidding_and_overturning,hit_object_in_carriageway,vehicle_leaving_carriageway,hit_object_off_carriageway,first_point_of_impact,vehicle_left_hand_drive,journey_purpose_of_driver_historic,journey_purpose_of_driver,sex_of_driver,age_of_driver,age_band_of_driver,engine_capacity_cc,propulsion_code,age_of_vehicle,generic_make_model,driver_imd_decile,lsoa_of_driver,escooter_flag,driver_distance_banding
2025440124279,2025,440124279,2,3,0,18,19,7,3,0,0,0,0,0,0,0,1,1,5,6,1,35,6,-1,-1,-1,-1,5,E01017159,0,2
2025440124279,2025,440124279,1,9,0,2,2,0,0,0,0,0,0,0,0,0,1,1,6,6,1,-1,-1,-1,-1,-1,-1,6,E01035433,0,1
2025440124534,2025,440124534,2,9,0,18,19,1,5,0,0,4,0,0,0,0,1,1,2,2,2,34,6,-1,-1,-1,-1,-1,-1,0,-1
2025440124534,2025,440124534,1,1,0,18,19,7,3,0,0,3,0,0,0,0,2,1,5,6,1,59,9,-1,-1,-1,-1,4,E01017110,0,1
2025440124645,2025,440124645,1,9,0,18,19,1,5,0,0,6,0,0,0,0,1,1,5,6,2,50,8,-1,-1,-1,-1,9,E01022676,0,2
2025440124645,2025,440124645,2,9,0,18,19,2,6,0,0,1,0,0,0,0,3,1,5,6,1,47,8,-1,-1,-1,-1,8,E01017175,0,1
2025440124686,2025,440124686,1,9,0,18,19,3,7,0,0,0,5,0,1,4,1,1,5,6,1,29,6,-1,-1,-1,-1,10,E01022847,0,2
2025440124771,2025,440124771,1,9,0,18,19,6,2,0,0,0,0,0,0,0,1,1,2,2,3,-1,-1,-1,-1,-1,-1,-1,-1,0,-1
2025440124980,2025,440124980,2,9,0,18,19,7,3,0,0,1,0,0,0,0,0,1,5,6,1,56,9,-1,-1,-1,-1,3,E01017225,0,1
2025440124980,2025,440124980,1,9,0,18,19,1,5,0,0,1,0,0,0,0,1,1,6,6,1,64,9,-1,-1,-1,-1,-1,-1,0,-1
2025440125151,2025,440125151,1,1,0,18,19,1,5,0,0,0,0,0,0,0,2,1,6,6,1,16,4,-1,-1,-1,-1,2,E01023055,0,1
2025440125151,2025,440125151,2,9,0,18,19,3,7,0,0,0,0,0,0,0,1,1,6,6,3,-1,-1,-1,-1,-1,-1,-1,-1,0,-1
2025440125300,2025,440125300,1,9,0,1,1,3,7,0,0,8,0,0,0,0,2,1,6,6,1,-1,-1,-1,-1,-1,-1,-1,-1,0,-1
2025440125308,2025,440125308,2,9,0,2,2,0,0,0,0,0,0,0,0,0,1,1,6,6,1,43,7,-1,-1,-1,-1,6,E01017307,0,1
2025440125308,2025,440125308,1,9,0,18,19,7,3,0,0,0,0,4,0,0,1,1,5,6,2,88,11,-1,-1,-1,-1,6,E01017307,0,1
2025440125367,2025,440125367,2,9,0,18,19,5,1,0,0,1,0,0,0,0,1,1,2,2,2,34,6,-1,-1,-1,-1,8,E01023087,0,1
2025440125367,2025,440125367,1,9,0,5,5,7,3,0,0,8,0,0,0,0,4,1,2,2,2,28,6,-1,-1,-1,-1,7,E01023080,0,1
2025440125510,2025,440125510,1,9,0,18,19,7,3,0,0,0,0,0,0,0,2,1,6,6,1,60,9,-1,-1,-1,-1,6,E01002656,0,4
2025440125510,2025,440125510,2,9,0,18,19,7,3,0,0,0,0,0,0,0,1,1,6,6,1,-1,-1,-1,-1,-1,-1,7,E01032746,0,2
2025440125813,2025,440125813,1,-1,0,18,19,8,4,0,0,0,0,10,0,0,1,1,5,6,1,16,4,-1,-1,-1,-1,1,E01022933,1,1
2025440125975,2025,440125975,2,90,0,18,19,1,5,0,0,0,0,4,0,0,3,1,5,6,1,29,6,-1,-1,-1,-1,3,E01017080,0,1
2025440125975,2025,440125975,1,9,0,18,19,1,5,0,0,0,0,11,0,0,4,1,6,6,3,-1,-1,-1,-1,-1,-1,-1,-1,0,-1
2025440126580,2025,440126580,1,9,0,18,19,1,5,0,0,0,0,0,0,0,4,1,5,6,1,40,7,-1,-1,-1,-1,1,E01017031,0,3
2025440126620,2025,440126620,3,9,0,18,19,3,7,0,0,8,0,0,0,0,2,1,5,6,2,18,4,-1,-1,-1,-1,-1,-1,0,-1
2025440126620,2025,440126620,1,9,0,18,19,3,7,0,0,4,0,0,0,0,1,1,5,6,1,40,7,-1,-1,-1,-1,-1,-1,0,-1
2025440126620,2025,440126620,2,9,0,18,19,3,7,0,0,8,0,0,0,0,2,1,5,6,1,34,6,-1,-1,-1,-1,-1,-1,0,-1
2025440126670,2025,440126670,1,9,0,18,19,7,3,0,0,4,0,0,0,0,1,1,5,6,1,-1,-1,-1,-1,-1,-1,-1,-1,0,-1
2025440126670,2025,440126670,2,1,0,18,19,5,1,0,0,3,0,0,0,0,4,1,5,6,1,18,4,-1,-1,-1,-1,1,E01022968,0,1
2025440127461,2025,440127461,1,2,0,18,19,5,1,0,0,0,0,0,0,0,1,1,5,6,1,37,7,-1,-1,-1,-1,6,E01001935,0,4
2025440127892,2025,440127892,2,1,0,18,19,1,5,4,4,1,0,0,0,0,3,1,6,6,1,46,8,-1,-1,-1,-1,8,E01017226,0,1
2025440127892,2025,440127892,1,9,0,7,7,1,2,0,0,8,0,0,0,0,4,1,6,6,1,-1,-1,-1,-1,-1,-1,-1,-1,0,-1
2025440128144,2025,440128144,1,5,0,18,19,5,8,0,0,1,1,0,0,0,0,1,5,6,1,71,10,-1,-1,-1,-1,7,E01017316,0,1
2025440128205,2025,440128205,1,19,0,9,9,2,8,0,0,8,0,0,0,0,1,1,1,1,2,-1,-1,-1,-1,-1,-1,-1,-1,0,-1
2025440128230,2025,440128230,2,9,0,9,9,7,5,0,0,6,0,0,0,0,1,1,6,6,2,63,9,-1,-1,-1,-1,2,E01017169,0,2
2025440128230,2025,440128230,1,1,0,18,19,5,1,0,0,8,0,0,0,0,4,1,6,6,1,27,6,-1,-1,-1,-1,4,E01017235,0,1
2025440128422,2025,440128422,1,9,0,9,9,5,1,0,0,2,0,0,0,0,1,1,6,6,1,49,8,-1,-1,-1,-1,4,E01017123,0,1
2025440128422,2025,440128422,2,2,0,10,10,7,5,0,0,1,0,0,0,0,4,1,1,1,1,54,8,-1,-1,-1,-1,5,E01017016,0,1
2025440128705,2025,440128705,1,9,0,18,19,7,3,0,0,8,0,0,0,0,3,1,6,6,1,95,11,-1,-1,-1,-1,10,E01022772,0,1
2025440128705,2025,440128705,2,9,0,18,19,7,3,0,0,8,0,0,0,0,4,1,6,6,2,59,9,-1,-1,-1,-1,5,E01022814,0,3
2025440128754,2025,440128754,2,9,0,9,9,5,1,0,0,6,0,0,0,0,3,1,2,2,1,-1,-1,-1,-1,-1,-1,-1,-1,0,-1
2025440128754,2025,440128754,1,3,0,18,19,3,7,0,0,1,0,0,0,0,1,1,5,6,1,20,4,-1,-1,-1,-1,3,E01023145,0,1
2025440128772,2025,440128772,3,9,0,18,19,1,5,0,0,0,0,0,0,0,1,1,6,6,1,-1,-1,-1,-1,-1,-1,-1,-1,0,-1
2025440128772,2025,440128772,4,9,0,18,19,1,5,0,0,0,0,0,0,0,1,1,6,6,1,-1,-1,-1,-1,-1,-1,-1,-1,0,-1
2025440128772,2025,440128772,2,9,0,18,19,1,5,0,0,0,0,0,0,0,1,1,6,6,1,-1,-1,-1,-1,-1,-1,-1,-1,0,-1
2025440128772,2025,440128772,1,9,0,4,4,1,5,0,0,0,0,0,0,0,2,1,6,6,2,45,7,-1,-1,-1,-1,-1,-1,0,-1
2025440129375,2025,440129375,1,9,0,18,19,5,1,0,0,0,0,0,0,0,1,1,6,6,2,30,6,-1,-1,-1,-1,6,E01023028,0,1
2025440129441,2025,440129441,2,21,0,2,2,0,0,0,0,0,0,0,0,0,2,1,1,1,1,49,8,-1,-1,-1,-1,5,E01022272,0,5
2025440129441,2025,440129441,3,9,0,18,19,1,5,0,0,0,0,4,1,9,1,1,6,6,2,36,7,-1,-1,-1,-1,7,E01033842,0,4
2025440129441,2025,440129441,1,19,0,2,2,0,0,0,0,0,0,0,0,0,0,1,1,1,1,57,9,-1,-1,-1,-1,1,E01014834,0,5
2025440130261,2025,440130261,2,9,0,4,4,3,7,0,0,1,0,0,0,0,1,1,6,6,1,-1,-1,-1,-1,-1,-1,6,E01023135,0,1
2025440130261,2025,440130261,1,1,0,8,8,3,5,0,0,1,0,0,0,0,2,1,6,6,1,58,9,-1,-1,-1,-1,10,E01023092,0,1
2025440130350,2025,440130350,2,9,0,5,5,1,5,0,0,6,0,0,0,0,0,1,2,2,2,40,7,-1,-1,-1,-1,8,E01023090,0,1
2025440130350,2025,440130350,1,1,0,18,19,7,3,0,0,1,0,0,0,0,0,1,6,6,1,70,10,-1,-1,-1,-1,5,E01023079,0,1
2025440130582,2025,440130582,1,5,0,18,19,1,5,0,0,1,1,0,1,0,4,1,5,6,1,62,9,-1,-1,-1,-1,8,E01022533,0,1
2025440130713,2025,440130713,1,9,0,18,19,6,2,9,9,0,0,0,7,11,1,1,5,6,2,62,9,-1,-1,-1,-1,9,E01032852,0,1
2025440131322,2025,440131322,1,1,0,18,19,5,1,0,0,0,0,0,0,0,0,1,6,6,1,16,4,-1,-1,-1,-1,1,E01017031,0,1
2025440131361,2025,440131361,1,19,0,18,19,5,1,0,0,0,0,0,0,0,4,1,1,1,1,48,8,-1,-1,-1,-1,6,E01034279,0,3
2025440132268,2025,440132268,1,5,0,18,19,1,5,0,0,1,0,0,0,0,1,1,6,6,1,19,4,-1,-1,-1,-1,4,E01022540,0,1
2025440132268,2025,440132268,2,9,0,4,4,1,5,0,0,1,0,0,0,0,2,1,6,6,2,51,8,-1,-1,-1,-1,8,E01022515,0,1
2025440132304,2025,440132304,2,9,0,9,9,8,4,0,0,0,0,0,0,0,3,1,6,6,1,23,5,-1,-1,-1,-1,8,E01012329,0,5
2025440132304,2025,440132304,1,3,0,18,19,8,4,0,0,0,0,0,0,0,1,1,6,6,1,25,5,-1,-1,-1,-1,7,E01023198,0,1
2025440132472,2025,440132472,1,9,0,18,19,7,3,0,0,0,0,0,0,0,1,1,5,6,1,30,6,-1,-1,-1,-1,10,E01032009,0,4
2025440132472,2025,440132472,2,9,0,18,19,3,7,0,0,0,0,0,0,0,1,1,2,2,2,19,4,-1,-1,-1,-1,8,E01032042,0,3
2025440132483,2025,440132483,1,3,0,18,19,3,7,0,0,5,0,0,0,0,1,1,1,1,1,31,6,-1,-1,-1,-1,2,E01017139,0,1
2025440132483,2025,440132483,2,11,0,18,19,5,1,0,0,1,0,0,0,0,1,1,1,1,3,-1,-1,-1,-1,-1,-1,-1,-1,0,-1
2025440132608,2025,440132608,2,9,0,18,19,7,3,0,0,0,0,0,0,0,1,1,5,6,1,-1,-1,-1,-1,-1,-1,-1,-1,0,-1
2025440132608,2025,440132608,1,3,0,4,4,7,3,0,0,0,0,0,0,0,2,1,1,1,2,29,6,-1,-1,-1,-1,2,E01004424,0,5
2025440132628,2025,440132628,1,9,0,7,7,3,5,0,0,8,1,0,1,2,1,1,6,6,1,-1,-1,-1,-1,-1,-1,-1,-1,0,-1
2025440132801,2025,440132801,1,9,0,7,7,6,8,0,0,8,0,0,0,0,4,1,5,6,2,48,8,-1,-1,-1,-1,6,E01017092,0,1
2025440132801,2025,440132801,2,19,0,2,2,0,0,0,0,2,0,0,0,0,3,1,1,1,1,37,7,-1,-1,-1,-1,-1,-1,0,-1
2025440132802,2025,440132802,1,9,0,9,9,7,2,0,0,1,0,0,0,0,4,1,6,6,1,-1,-1,-1,-1,-1,-1,-1,-1,0,-1
2025440132802,2025,440132802,2,9,0,7,7,7,1,0,0,1,0,0,0,0,3,1,6,6,1,31,6,-1,-1,-1,-1,7,E01017223,0,1
2025440132867,2025,440132867,2,9,0,18,19,5,1,0,0,8,0,0,0,0,1,1,2,2,1,-1,-1,-1,-1,-1,-1,-1,-1,0,-1
2025440132867,2025,440132867,1,9,0,18,19,3,7,0,0,8,0,0,0,0,4,1,2,2,1,64,9,-1,-1,-1,-1,9,E01022799,0,2
2025440133557,2025,440133557,1,9,0,9,9,7,5,0,0,2,0,0,0,0,1,1,5,6,1,-1,-1,-1,-1,-1,-1,-1,-1,0,-1
2025440133557,2025,440133557,2,9,0,18,19,5,1,0,0,1,0,0,0,0,4,1,5,6,1,29,6,-1,-1,-1,-1,3,E01022841,0,1
2025440133712,2025,440133712,2,11,0,18,19,6,2,0,0,1,0,0,0,0,1,1,1,1,1,48,8,-1,-1,-1,-1,5,E01017261,0,3
2025440133712,2025,440133712,1,19,0,9,9,4,2,0,0,6,0,0,0,0,2,1,6,6,1,-1,-1,-1,-1,-1,-1,-1,-1,0,-1
2025440133852,2025,440133852,2,1,0,18,19,5,1,0,0,5,0,0,0,0,4,1,5,6,1,74,10,-1,-1,-1,-1,5,E01022548,0,1
2025440133852,2025,440133852,1,19,0,13,13,5,1,0,0,8,0,0,0,0,1,1,6,6,3,-1,-1,-1,-1,-1,-1,-1,-1,0,-1
2025440133957,2025,440133957,1,-1,0,18,19,3,7,9,9,1,0,0,0,0,1,1,6,6,2,-1,-1,-1,-1,-1,-1,-1,-1,1,-1
2025440133960,2025,440133960,1,1,0,18,19,2,6,0,0,0,0,0,0,0,0,1,5,6,1,61,9,-1,-1,-1,-1,7,E01017197,0,1
2025440134575,2025,440134575,1,-1,0,18,19,6,2,0,0,8,0,10,0,0,0,1,6,6,2,30,6,-1,-1,-1,-1,4,E01017164,1,1
2025440134742,2025,440134742,1,9,0,9,9,1,3,0,0,8,0,0,0,0,1,1,3,7,2,41,7,-1,-1,-1,-1,8,E01032605,0,1
2025440134742,2025,440134742,2,5,0,18,19,3,7,0,0,8,0,0,0,0,1,1,2,2,1,38,7,-1,-1,-1,-1,2,E01022899,0,1
2025440134784,2025,440134784,1,19,0,18,19,6,2,0,0,1,0,0,0,0,1,1,6,6,1,58,9,-1,-1,-1,-1,3,E01017104,0,1
2025440135198,2025,440135198,1,98,0,18,19,5,1,0,0,0,0,0,0,0,1,1,1,1,1,30,6,-1,-1,-1,-1,6,W01001599,0,5
2025440135198,2025,440135198,2,17,0,18,19,5,1,0,0,0,0,0,0,0,2,1,1,1,1,54,8,-1,-1,-1,-1,9,E01022759,0,4
2025440135336,2025,440135336,1,9,0,18,19,6,2,0,0,1,0,0,0,0,1,1,6,6,3,-1,-1,-1,-1,-1,-1,-1,-1,0,-1
2025440135615,2025,440135615,2,1,0,18,19,1,5,0,0,8,0,0,0,0,1,1,6,6,2,67,10,-1,-1,-1,-1,4,E01017187,0,1
2025440135615,2025,440135615,1,9,0,7,7,3,5,0,0,6,0,0,0,0,3,1,6,6,1,62,9,-1,-1,-1,-1,4,E01017187,0,1
2025440135876,2025,440135876,1,9,0,1,1,3,7,9,9,0,0,0,0,0,2,1,5,6,2,62,9,-1,-1,-1,-1,9,E01023197,0,1
2025440135888,2025,440135888,1,9,0,9,9,2,8,0,0,8,0,0,0,0,1,1,6,6,2,32,6,-1,-1,-1,-1,7,E01022909,0,1
2025440135888,2025,440135888,2,9,0,18,19,4,8,0,0,8,0,0,0,0,3,1,6,6,2,77,11,-1,-1,-1,-1,2,E01022914,0,1
2025440135973,2025,440135973,1,9,0,18,19,6,2,0,0,0,0,0,0,0,4,1,6,6,1,79,11,-1,-1,-1,-1,8,E01022522,0,4
2025440135973,2025,440135973,2,5,0,18,19,6,2,0,0,0,0,0,2,4,3,1,6,6,1,60,9,-1,-1,-1,-1,10,E01033024,0,5
2025440136899,2025,440136899,1,9,0,7,7,5,7,0,0,2,0,0,0,0,1,1,6,6,3,-1,-1,-1,-1,-1,-1,-1,-1,0,-1
2025440136915,2025,440136915,1,1,0,18,19,8,4,0,0,1,0,0,0,0,1,1,5,6,1,54,8,-1,-1,-1,-1,2,E01022934,0,1
2025440136915,2025,440136915,2,9,0,18,19,2,4,0,0,2,0,0,0,0,1,1,6,6,3,-1,-1,-1,-1,-1,-1,-1,-1,0,-1
2025440136969,2025,440136969,1,19,0,12,12,2,6,0,0,2,0,0,0,0,1,1,1,1,1,44,7,-1,-1,-1,-1,4,E01017123,0,2
2025440136969,2025,440136969,3,9,0,18,19,2,6,0,0,2,0,0,0,0,2,1,5,6,1,23,5,-1,-1,-1,-1,7,E01018127,0,5
2025440136969,2025,440136969,2,9,0,18,19,2,6,0,0,2,0,0,0,0,2,1,5,6,2,79,11,-1,-1,-1,-1,10,E01016257,0,4
2025440136969,2025,440136969,4,9,0,18,19,2,6,0,0,2,0,0,0,0,2,1,5,6,2,39,7,-1,-1,-1,-1,2,E01017116,0,1
2025440137157,2025,440137157,2,9,0,18,19,3,7,0,0,0,0,0,0,0,3,1,5,6,2,55,8,-1,-1,-1,-1,5,E01035458,0,1
2025440137157,2025,440137157,1,9,0,18,19,7,3,0,0,0,0,0,0,0,3,1,5,6,2,56,9,-1,-1,-1,-1,2,E01018771,0,5
2025440137448,2025,440137448,2,9,0,18,19,5,0,0,0,1,0,0,0,0,2,1,5,6,1,62,9,-1,-1,-1,-1,9,E01022975,0,1
2025440137448,2025,440137448,1,19,0,18,19,5,1,0,0,1,0,0,0,0,1,1,1,1,1,48,8,-1,-1,-1,-1,8,E01022935,0,1
2025440137519,2025,440137519,1,9,0,9,9,1,7,-1,-1,5,0,0,0,0,1,1,5,6,2,38,7,-1,-1,-1,-1,2,E01017216,0,2
2025440137556,2025,440137556,1,9,0,18,19,8,4,0,0,0,2,10,1,3,3,1,5,6,2,70,10,-1,-1,-1,-1,1,E01017241,0,2
2025440137626,2025,440137626,1,9,0,18,19,3,7,0,0,0,0,0,0,0,1,1,2,2,2,32,6,-1,-1,-1,-1,2,E01023029,0,1
2025440138119,2025,440138119,1,4,0,18,19,8,4,0,0,1,0,0,0,0,1,1,5,6,1,59,9,-1,-1,-1,-1,10,E01023117,0,4
2025440138265,2025,440138265,1,5,0,18,19,7,3,0,0,0,1,10,1,4,1,1,6,6,1,37,7,-1,-1,-1,-1,7,E01022823,0,1
2025440138274,2025,440138274,1,5,0,18,19,1,5,0,0,0,0,0,0,0,3,1,5,6,1,59,9,-1,-1,-1,-1,6,E01022701,0,2
2025440138274,2025,440138274,2,9,0,18,19,5,1,0,0,0,0,0,0,0,3,1,5,6,3,-1,-1,-1,-1,-1,-1,-1,-1,0,-1
2025440138540,2025,440138540,1,9,0,18,19,3,7,0,0,0,0,0,0,0,1,1,5,6,1,28,6,-1,-1,-1,-1,2,E01022934,0,3
2025440138540,2025,440138540,2,9,0,18,19,7,3,0,0,0,0,0,0,0,1,1,5,6,2,28,6,-1,-1,-1,-1,7,E01023235,0,2
2025440138604,2025,440138604,1,9,0,18,19,4,8,0,0,1,2,0,7,5,3,1,5,6,1,42,7,-1,-1,-1,-1,7,E01023100,0,1
2025440138604,2025,440138604,2,9,0,7,7,6,8,0,0,6,0,0,0,0,0,1,1,1,1,44,7,-1,-1,-1,-1,8,E01030766,0,1
2025440138985,2025,440138985,1,9,0,18,19,2,6,0,0,6,0,0,1,11,1,1,5,6,1,19,4,-1,-1,-1,-1,4,E01022781,0,2
2025440139214,2025,440139214,1,4,0,18,19,1,5,0,0,1,0,0,0,0,1,1,5,6,2,23,5,-1,-1,-1,-1,4,E01023261,0,2
2025440139214,2025,440139214,2,4,0,18,19,1,5,0,0,1,0,0,0,0,2,1,5,6,3,-1,-1,-1,-1,-1,-1,-1,-1,0,-1
2025440139347,2025,440139347,1,4,0,18,19,3,1,0,0,0,0,0,0,0,0,1,2,2,1,25,5,-1,-1,-1,-1,8,E01022769,0,1
2025440139705,2025,440139705,2,9,0,18,19,1,5,0,0,1,0,0,0,0,1,1,6,6,1,-1,-1,-1,-1,-1,-1,-1,-1,0,-1
2025440139705,2025,440139705,1,4,0,8,8,1,3,0,0,1,0,0,0,0,2,1,6,6,1,60,9,-1,-1,-1,-1,3,E01023083,0,1
2025440139920,2025,440139920,1,9,0,18,19,3,7,0,0,4,0,0,0,0,1,1,5,6,2,43,7,-1,-1,-1,-1,1,E01017205,0,1
2025440139929,2025,440139929,1,9,0,18,19,7,3,0,0,4,0,0,0,0,3,1,2,2,1,55,8,-1,-1,-1,-1,9,E01023004,0,3
2025440139929,2025,440139929,2,1,0,18,19,5,1,0,0,8,0,0,0,0,1,1,6,6,1,25,5,-1,-1,-1,-1,-1,-1,0,-1
2025440140112,2025,440140112,2,9,0,3,3,1,2,0,0,4,0,0,0,0,2,1,2,2,2,-1,-1,-1,-1,-1,-1,-1,-1,0,-1
2025440140112,2025,440140112,1,19,0,4,4,1,2,0,0,4,0,0,0,0,1,1,6,6,3,-1,-1,-1,-1,-1,-1,-1,-1,0,-1
2025440140125,2025,440140125,3,9,0,18,19,1,5,0,0,1,0,0,0,0,1,1,6,6,1,61,9,-1,-1,-1,-1,3,E01017242,0,1
2025440140125,2025,440140125,1,9,0,18,19,1,5,0,0,1,0,0,0,0,2,1,6,6,1,26,6,-1,-1,-1,-1,3,E01035444,0,2
2025440140125,2025,440140125,2,9,0,4,4,1,5,0,0,1,0,0,0,0,2,1,6,6,1,46,8,-1,-1,-1,-1,9,E01022665,0,1
2025440140145,2025,440140145,1,9,0,13,13,1,5,0,0,0,0,0,0,0,0,1,6,6,1,46,8,-1,-1,-1,-1,3,E01017360,0,3
2025440140145,2025,440140145,2,5,0,13,13,1,5,0,0,0,1,0,0,0,0,1,6,6,1,28,6,-1,-1,-1,-1,2,E01017168,0,4
2025440140257,2025,440140257,1,9,0,18,19,8,4,0,0,2,0,0,0,0,4,1,5,6,1,75,10,-1,-1,-1,-1,6,E01022960,0,4
2025440140257,2025,440140257,2,1,0,18,19,2,6,0,0,2,0,0,0,0,1,1,1,1,1,20,4,-1,-1,-1,-1,2,E01017139,0,1
2025440140262,2025,440140262,2,9,0,4,4,1,4,0,0,1,0,0,0,0,2,1,6,6,2,42,7,-1,-1,-1,-1,7,E01023057,0,1
2025440140262,2025,440140262,1,9,0,18,19,1,4,0,0,1,0,0,0,0,1,1,6,6,2,20,4,-1,-1,-1,-1,8,E01022983,0,1
2025440140373,2025,440140373,1,19,0,18,19,7,3,0,0,0,0,0,0,0,1,1,5,6,1,26,6,-1,-1,-1,-1,9,E01031973,0,3
2025440140373,2025,440140373,2,9,0,2,2,0,0,0,0,0,0,0,0,0,3,1,5,6,3,-1,-1,-1,-1,-1,-1,-1,-1,0,-1
2025440140373,2025,440140373,3,9,0,2,2,0,0,0,0,0,0,0,0,0,2,1,5,6,3,-1,-1,-1,-1,-1,-1,-1,-1,0,-1
2025440140739,2025,440140739,1,19,0,18,19,7,3,0,0,8,0,0,0,0,1,1,1,1,1,36,7,-1,-1,-1,-1,4,E01017211,0,2
2025440140739,2025,440140739,3,19,0,18,19,7,3,0,0,8,0,0,0,0,1,1,1,1,1,44,7,-1,-1,-1,-1,4,E01017162,0,1
2025440140739,2025,440140739,5,9,0,18,19,7,3,0,0,8,0,0,0,0,1,1,2,2,2,62,9,-1,-1,-1,-1,2,E01017165,0,1
2025440140739,2025,440140739,2,19,0,18,19,7,3,0,0,8,0,0,0,0,2,1,1,1,1,41,7,-1,-1,-1,-1,6,E01017200,0,1
2025440140739,2025,440140739,4,9,0,18,19,7,3,0,0,8,0,0,0,0,1,1,2,2,2,33,6,-1,-1,-1,-1,4,E01017198,0,1
2025440140832,2025,440140832,1,1,0,18,19,3,7,9,9,0,0,0,1,2,0,1,4,7,1,11,3,-1,-1,-1,-1,4,E01022567,0,1
2025440140854,2025,440140854,1,8,0,18,19,4,8,0,0,2,0,0,0,0,4,1,1,1,2,54,8,-1,-1,-1,-1,-1,-1,0,-1
2025440140854,2025,440140854,2,11,0,18,19,8,4,0,0,1,0,0,0,0,3,1,1,1,3,-1,-1,-1,-1,-1,-1,-1,-1,0,-1
2025440140929,2025,440140929,1,9,0,5,5,2,6,-1,-1,1,0,0,0,0,0,1,1,1,1,28,6,-1,-1,-1,-1,1,E01017038,0,1
2025440141018,2025,440141018,2,1,0,18,19,6,2,0,0,0,0,0,0,0,2,1,6,6,1,50,8,-1,-1,-1,-1,4,E01017013,0,1
2025440141018,2025,440141018,1,9,0,18,19,6,2,0,0,0,0,0,0,0,4,1,1,1,1,-1,-1,-1,-1,-1,-1,-1,-1,0,-1
2025440141564,2025,440141564,2,-1,0,18,19,4,8,0,0,6,0,0,0,0,1,1,2,2,2,40,7,-1,-1,-1,-1,4,E01017199,1,1
2025440141564,2025,440141564,1,9,0,18,19,3,7,0,0,1,0,0,0,0,4,1,5,6,1,45,7,-1,-1,-1,-1,9,E01022717,0,1
2025440141717,2025,440141717,1,9,0,9,9,3,5,0,0,8,0,0,0,0,1,1,5,6,1,79,11,-1,-1,-1,-1,2,E01017219,0,1
2025440141751,2025,440141751,2,9,0,18,19,6,2,0,0,0,0,0,0,0,1,1,5,6,1,33,6,-1,-1,-1,-1,9,E01022730,0,1
2025440141751,2025,440141751,1,9,0,18,19,6,0,0,0,0,0,0,0,0,2,1,2,2,2,53,8,-1,-1,-1,-1,9,E01022766,0,1
2025440141796,2025,440141796,2,9,0,9,9,2,8,0,0,1,0,0,0,0,4,1,5,6,2,43,7,-1,-1,-1,-1,5,E01017152,0,2
2025440141796,2025,440141796,1,3,0,18,19,6,2,0,0,1,0,0,0,0,1,1,6,6,1,30,6,-1,-1,-1,-1,1,E01017163,0,1
2025440141893,2025,440141893,1,9,0,2,2,0,0,0,0,0,0,0,0,0,3,1,5,6,1,58,9,-1,-1,-1,-1,4,E01022576,0,2
2025440141893,2025,440141893,2,5,0,18,19,2,6,0,0,0,0,8,0,0,4,1,5,6,1,60,9,-1,-1,-1,-1,8,E01023280,0,2
2025440141893,2025,440141893,3,9,0,18,19,6,2,0,0,0,0,0,0,0,3,1,5,6,2,53,8,-1,-1,-1,-1,9,E01022593,0,1
2025440142012,2025,440142012,1,9,0,17,19,6,2,-1,-1,2,1,0,7,4,1,1,5,6,1,22,5,-1,-1,-1,-1,10,E01022750,0,3
2025440142065,2025,440142065,1,9,0,18,19,7,3,0,0,1,0,0,0,0,3,1,5,6,2,59,9,-1,-1,-1,-1,6,E01023183,0,1
2025440142147,2025,440142147,2,9,0,18,19,3,1,0,0,2,0,0,0,0,0,1,6,6,2,46,8,-1,-1,-1,-1,6,E01035436,0,1
2025440142147,2025,440142147,1,5,0,18,19,5,1,0,0,1,1,0,1,0,1,1,6,6,1,18,4,-1,-1,-1,-1,4,E01017187,0,1
2025440142152,2025,440142152,2,9,0,18,19,1,5,0,0,6,0,0,0,0,1,1,5,6,1,22,5,-1,-1,-1,-1,10,E01013465,0,5
2025440142152,2025,440142152,1,5,0,18,19,7,3,0,0,8,0,0,0,0,4,1,5,6,1,47,8,-1,-1,-1,-1,3,E01017193,0,1
2025440142382,2025,440142382,2,8,0,5,5,5,1,0,0,8,0,0,0,0,1,1,1,1,1,-1,-1,-1,-1,-1,-1,-1,-1,0,-1
2025440142382,2025,440142382,1,1,0,17,19,4,1,0,0,8,0,0,0,0,4,1,5,6,1,22,5,-1,-1,-1,-1,9,E01016678,0,4
2025440142586,2025,440142586,1,1,0,4,4,5,1,0,0,0,1,0,0,0,3,1,6,6,1,19,4,-1,-1,-1,-1,6,E01022506,0,1
2025440142586,2025,440142586,2,9,0,18,19,3,7,0,0,0,0,0,0,0,1,1,6,6,1,44,7,-1,-1,-1,-1,7,E01022502,0,1