collision_index,collision_year,collision_ref_no,vehicle_reference,vehicle_type,towing_and_articulation,vehicle_manoeuvre_historic,vehicle_manoeuvre,vehicle_direction_from,vehicle_direction_to,vehicle_location_restricted_lane_historic,vehicle_location_restricted_lane,junction_location,skidding_and_overturning,hit_object_in_carriageway,vehicle_leaving_carriageway,hit_object_off_carriageway,first_point_of_impact,vehicle_left_hand_drive,journey_purpose_of_driver_historic,journey_purpose_of_driver,sex_of_driver,age_of_driver,age_band_of_driver,engine_capacity_cc,propulsion_code,age_of_vehicle,generic_make_model,driver_imd_decile,lsoa_of_driver,escooter_flag,driver_distance_banding
2025440142917,2025,440142917,2,9,0,18,19,1,5,0,0,1,0,0,0,0,1,1,3,7,1,-1,-1,-1,-1,-1,-1,-1,-1,0,-1
2025440142917,2025,440142917,1,9,0,9,9,7,5,0,0,1,0,0,0,0,4,1,2,2,1,-1,-1,-1,-1,-1,-1,-1,-1,0,-1
2025440142949,2025,440142949,1,19,0,18,19,2,6,0,0,0,0,0,0,0,4,1,6,6,3,-1,-1,-1,-1,-1,-1,-1,-1,0,-1
2025440142977,2025,440142977,2,9,0,18,19,1,5,0,0,1,0,0,0,0,0,1,6,6,1,-1,-1,-1,-1,-1,-1,-1,-1,0,-1
2025440142977,2025,440142977,1,9,0,18,19,1,5,0,0,1,0,0,0,0,1,1,6,6,2,34,6,-1,-1,-1,-1,-1,-1,0,-1
2025440143044,2025,440143044,4,9,0,18,19,3,7,0,0,0,0,0,0,0,1,1,6,6,1,20,4,-1,-1,-1,-1,-1,-1,0,-1
2025440143044,2025,440143044,1,9,0,18,19,3,7,0,0,0,0,0,0,0,2,1,6,6,3,-1,-1,-1,-1,-1,-1,-1,-1,0,-1
2025440143044,2025,440143044,2,9,0,18,19,3,7,0,0,0,0,0,0,0,1,1,6,6,3,-1,-1,-1,-1,-1,-1,-1,-1,0,-1
2025440143044,2025,440143044,3,9,0,18,19,3,7,0,0,0,0,0,0,0,1,1,6,6,3,-1,-1,-1,-1,-1,-1,-1,-1,0,-1
2025440143046,2025,440143046,2,9,0,18,19,2,6,0,0,0,0,0,0,0,1,1,6,6,2,55,8,-1,-1,-1,-1,4,E01022711,0,1
2025440143046,2025,440143046,1,9,0,4,4,2,6,0,0,0,0,0,0,0,2,1,6,6,1,55,8,-1,-1,-1,-1,4,E01022657,0,1
2025440143070,2025,440143070,3,9,0,18,19,7,3,0,0,0,0,0,0,0,1,1,2,2,1,72,10,-1,-1,-1,-1,5,E01031385,0,4
2025440143070,2025,440143070,1,9,0,18,19,7,3,0,0,0,0,0,0,0,2,1,2,2,1,22,5,-1,-1,-1,-1,5,E01034817,0,4
2025440143070,2025,440143070,2,9,0,18,19,7,3,0,0,0,0,0,0,0,1,1,2,2,1,32,6,-1,-1,-1,-1,10,E01024748,0,4
2025440143358,2025,440143358,2,9,0,18,19,3,7,0,0,0,0,0,0,0,2,1,6,6,2,76,11,-1,-1,-1,-1,3,E01017054,0,1
2025440143358,2025,440143358,1,9,0,3,3,3,7,0,0,0,0,0,0,0,2,1,6,6,1,38,7,-1,-1,-1,-1,5,E01017074,0,2
2025440143633,2025,440143633,5,9,0,3,3,4,8,0,0,0,0,0,0,0,2,1,6,6,1,44,7,-1,-1,-1,-1,9,E01022717,0,1
2025440143633,2025,440143633,1,9,0,18,19,4,8,0,0,0,0,0,0,0,1,1,6,6,2,61,9,-1,-1,-1,-1,6,E01022715,0,1
2025440143633,2025,440143633,3,9,0,3,3,4,8,0,0,0,0,0,0,0,2,1,6,6,1,-1,-1,-1,-1,-1,-1,10,E01022714,0,1
2025440143633,2025,440143633,4,9,0,3,3,4,8,0,0,0,0,0,0,0,2,1,6,6,2,21,5,-1,-1,-1,-1,1,E01032755,0,1
2025440143633,2025,440143633,2,9,0,3,3,4,8,0,0,0,0,0,0,0,2,1,2,2,2,48,8,-1,-1,-1,-1,6,E01022716,0,1
2025440143661,2025,440143661,2,-1,0,18,19,5,1,0,0,8,0,0,0,0,1,1,5,6,1,15,3,-1,-1,-1,-1,8,E01022951,1,1
2025440143661,2025,440143661,1,9,0,7,7,1,7,0,0,8,0,0,0,0,1,1,6,6,3,-1,-1,-1,-1,-1,-1,-1,-1,0,-1
2025440143695,2025,440143695,2,9,0,18,19,1,5,0,0,1,0,0,0,0,1,1,6,6,1,-1,-1,-1,-1,-1,-1,-1,-1,0,-1
2025440143695,2025,440143695,1,9,0,5,5,7,3,0,0,2,0,0,0,0,4,1,6,6,2,32,6,-1,-1,-1,-1,8,E01022259,0,5
2025440143707,2025,440143707,1,9,0,2,2,0,0,0,0,0,0,0,0,0,3,1,5,6,2,48,8,-1,-1,-1,-1,2,E01010312,0,5
2025440143707,2025,440143707,2,3,0,18,19,1,5,0,0,0,0,0,0,0,2,1,1,1,1,28,6,-1,-1,-1,-1,6,E01035437,0,1
2025440143752,2025,440143752,1,9,0,9,9,7,5,0,0,6,0,0,0,0,3,1,5,6,1,17,4,-1,-1,-1,-1,6,E01022561,0,1
2025440143752,2025,440143752,3,5,0,18,19,5,1,0,0,1,0,0,0,0,1,1,6,6,1,35,6,-1,-1,-1,-1,3,E01022484,0,2
2025440143752,2025,440143752,2,5,0,18,19,5,1,0,0,1,0,0,0,0,1,1,6,6,1,54,8,-1,-1,-1,-1,7,E01034721,0,3
2025440143754,2025,440143754,1,9,0,18,19,6,2,0,0,0,0,0,0,0,1,1,5,6,1,22,5,-1,-1,-1,-1,7,E01017294,0,4
2025440143754,2025,440143754,2,9,0,3,3,6,2,0,0,0,0,0,0,0,2,1,6,6,1,-1,-1,-1,-1,-1,-1,-1,-1,0,-1
2025440144016,2025,440144016,2,9,0,18,19,1,5,0,0,8,0,0,0,0,3,1,6,6,1,24,5,-1,-1,-1,-1,-1,-1,0,-1
2025440144016,2025,440144016,1,9,0,18,19,7,3,0,0,8,0,0,7,1,1,1,6,6,1,61,9,-1,-1,-1,-1,8,E01023109,0,1
2025440144150,2025,440144150,2,10,0,5,5,1,5,0,0,4,0,0,0,0,1,1,6,6,1,-1,-1,-1,-1,-1,-1,-1,-1,0,-1
2025440144150,2025,440144150,1,23,0,18,19,7,3,0,0,8,0,0,0,0,4,1,5,6,1,24,5,-1,-1,-1,-1,4,E01017129,0,1
2025440144225,2025,440144225,2,9,0,9,9,1,7,0,0,5,0,0,0,0,3,1,2,2,1,60,9,-1,-1,-1,-1,7,E01023223,0,2
2025440144225,2025,440144225,1,5,0,18,19,5,1,0,0,8,0,0,0,0,1,1,6,6,1,60,9,-1,-1,-1,-1,9,E01023275,0,1
2025440144708,2025,440144708,2,9,0,18,19,2,6,0,0,8,0,0,0,0,2,1,6,6,2,29,6,-1,-1,-1,-1,3,E01022549,0,1
2025440144708,2025,440144708,1,9,0,18,19,2,6,0,0,8,0,0,0,0,1,1,6,6,2,18,4,-1,-1,-1,-1,10,E01022885,0,3
2025440144766,2025,440144766,2,21,1,11,11,6,2,0,0,0,0,0,0,0,4,1,1,1,1,64,9,-1,-1,-1,-1,8,E01028504,0,5
2025440144766,2025,440144766,1,9,0,18,19,6,2,0,0,0,0,0,0,0,3,1,2,2,2,27,6,-1,-1,-1,-1,8,E01023032,0,4
2025440145430,2025,440145430,1,9,0,4,4,1,5,0,0,1,0,0,0,0,4,1,5,6,1,44,7,-1,-1,-1,-1,8,E01023069,0,1
2025440145430,2025,440145430,2,1,0,18,19,3,7,0,0,1,0,0,0,0,1,1,5,6,2,10,2,-1,-1,-1,-1,8,E01023062,0,1
2025440145483,2025,440145483,3,9,0,18,19,8,4,0,0,0,0,0,0,0,1,1,2,2,1,25,5,-1,-1,-1,-1,1,E01017154,0,2
2025440145483,2025,440145483,2,9,0,18,19,8,4,0,0,0,0,0,0,0,1,1,2,2,2,26,6,-1,-1,-1,-1,2,E01017186,0,1
2025440145483,2025,440145483,1,9,0,3,3,8,4,0,0,0,0,0,0,0,2,1,6,6,2,46,8,-1,-1,-1,-1,8,E01017148,0,2
2025440145635,2025,440145635,1,5,0,18,19,8,4,0,0,1,0,0,0,0,3,1,6,6,1,47,8,-1,-1,-1,-1,9,E01022743,0,3
2025440145635,2025,440145635,2,9,0,10,10,4,8,0,0,1,0,0,0,0,1,1,6,6,1,27,6,-1,-1,-1,-1,-1,-1,0,-1
2025440145666,2025,440145666,1,-1,0,18,19,3,7,0,0,1,0,0,0,0,3,1,6,6,1,25,5,-1,-1,-1,-1,5,E01017203,1,1
2025440145666,2025,440145666,2,19,0,18,19,3,7,0,0,1,0,0,0,0,4,1,6,6,3,-1,-1,-1,-1,-1,-1,-1,-1,0,-1
2025440145681,2025,440145681,2,9,0,11,11,6,4,0,0,8,0,0,0,0,4,1,6,6,3,-1,-1,-1,-1,-1,-1,-1,-1,0,-1
2025440145681,2025,440145681,1,9,0,18,19,1,4,0,0,8,1,0,0,0,3,1,2,2,2,22,5,-1,-1,-1,-1,7,E01022713,0,2
2025440146061,2025,440146061,1,9,0,18,19,4,8,0,0,8,0,0,0,0,4,1,2,2,1,33,6,-1,-1,-1,-1,6,E01034728,0,1
2025440146061,2025,440146061,2,9,0,18,19,6,2,0,0,1,0,0,0,0,1,1,6,6,1,46,8,-1,-1,-1,-1,2,E01034727,0,1
2025440146284,2025,440146284,1,9,0,7,7,3,5,0,0,6,0,0,0,0,3,1,5,6,1,77,11,-1,-1,-1,-1,10,E01022693,0,1
2025440146284,2025,440146284,2,9,0,18,19,1,5,0,0,8,0,0,0,0,1,1,6,6,2,45,7,-1,-1,-1,-1,9,E01022683,0,1
2025440146650,2025,440146650,2,9,0,18,19,7,3,0,0,1,0,0,0,0,1,1,6,6,2,40,7,-1,-1,-1,-1,-1,-1,0,-1
2025440146650,2025,440146650,1,9,0,3,3,7,3,0,0,1,0,0,0,0,2,1,5,6,2,50,8,-1,-1,-1,-1,9,E01023281,0,2
2025440146786,2025,440146786,1,11,0,18,19,1,6,0,0,0,0,0,0,0,1,1,1,1,1,37,7,-1,-1,-1,-1,3,E01023105,0,3
2025440146876,2025,440146876,1,9,0,18,19,8,4,0,0,0,1,0,8,4,4,1,1,1,1,46,8,-1,-1,-1,-1,10,E01022853,0,2
2025440147134,2025,440147134,1,9,0,9,9,6,4,0,0,8,0,0,0,0,1,1,5,6,2,54,8,-1,-1,-1,-1,10,E01022530,0,1
2025440147134,2025,440147134,2,9,0,18,19,2,6,0,0,8,0,0,0,0,3,1,5,6,2,40,7,-1,-1,-1,-1,10,E01022530,0,1
2025440147180,2025,440147180,1,9,0,18,19,4,8,0,0,0,0,0,0,0,2,1,6,6,1,68,10,-1,-1,-1,-1,5,E01023033,0,1
2025440147180,2025,440147180,2,3,0,18,19,4,8,0,0,0,0,0,0,0,1,1,6,6,1,21,5,-1,-1,-1,-1,9,E01023016,0,1
2025440147204,2025,440147204,1,9,0,18,19,1,5,0,0,1,0,0,0,0,1,1,6,6,1,27,6,-1,-1,-1,-1,9,E01022782,0,2
2025440147245,2025,440147245,1,19,0,13,13,2,6,0,0,1,0,0,0,0,4,1,1,1,3,-1,-1,-1,-1,-1,-1,-1,-1,0,-1
2025440147245,2025,440147245,2,1,0,14,14,2,6,0,0,1,0,0,0,0,3,1,6,6,1,41,7,-1,-1,-1,-1,9,E01034720,0,1
2025440147292,2025,440147292,2,9,0,18,19,5,1,0,0,8,0,0,0,0,4,1,6,6,1,45,7,-1,-1,-1,-1,3,E01022549,0,1
2025440147292,2025,440147292,1,3,0,18,19,5,1,0,0,8,0,0,0,0,3,1,6,6,1,28,6,-1,-1,-1,-1,4,E01022542,0,1
2025440147307,2025,440147307,1,9,0,18,19,2,6,0,0,0,1,0,5,6,1,1,5,6,1,19,4,-1,-1,-1,-1,8,E01015389,0,4
2025440147317,2025,440147317,1,9,0,18,19,3,7,0,0,0,0,0,0,0,1,1,6,6,2,24,5,-1,-1,-1,-1,4,E01017088,0,1
2025440147343,2025,440147343,1,9,0,9,9,2,8,0,0,8,0,0,0,0,3,1,2,2,1,40,7,-1,-1,-1,-1,5,E01023262,0,1
2025440147343,2025,440147343,2,9,0,18,19,8,4,0,0,1,0,0,0,0,1,1,5,6,2,21,5,-1,-1,-1,-1,8,E01023274,0,1
2025440147412,2025,440147412,1,9,0,9,9,1,7,0,0,2,0,0,0,0,1,1,6,6,1,69,10,-1,-1,-1,-1,5,E01031526,0,4
2025440147712,2025,440147712,1,19,0,18,19,7,3,0,0,1,0,0,1,2,1,1,6,6,1,36,7,-1,-1,-1,-1,1,E01017118,0,2
2025440148057,2025,440148057,2,9,0,13,13,6,2,0,0,1,0,0,0,0,0,1,6,6,3,-1,-1,-1,-1,-1,-1,-1,-1,0,-1
2025440148057,2025,440148057,1,1,0,5,5,6,2,0,0,1,0,10,0,0,4,1,5,6,2,24,5,-1,-1,-1,-1,10,E01022981,0,2
2025440148110,2025,440148110,1,9,0,2,2,0,0,0,0,1,0,0,0,0,2,1,1,1,1,63,9,-1,-1,-1,-1,9,E01032849,0,1
2025440148110,2025,440148110,2,9,0,18,19,3,7,0,0,1,0,0,0,0,1,1,6,6,3,-1,-1,-1,-1,-1,-1,-1,-1,0,-1
2025440148248,2025,440148248,2,9,0,9,9,6,4,0,0,8,0,0,0,0,1,1,5,6,1,51,8,-1,-1,-1,-1,6,E01017255,0,1
2025440148248,2025,440148248,1,4,0,18,19,4,8,0,0,8,0,0,0,0,1,1,5,6,1,18,4,-1,-1,-1,-1,3,E01017263,0,1
2025440148302,2025,440148302,1,9,0,18,19,7,3,0,0,0,0,0,1,3,1,1,5,6,1,44,7,-1,-1,-1,-1,8,E01017302,0,3
2025440148306,2025,440148306,1,19,0,18,19,2,6,0,0,0,0,0,0,0,1,1,5,6,1,54,8,-1,-1,-1,-1,3,E01002502,0,4
2025440148306,2025,440148306,3,9,0,18,19,2,6,0,0,0,0,0,0,0,1,1,5,6,2,35,6,-1,-1,-1,-1,4,E01020578,0,5
2025440148306,2025,440148306,2,9,0,18,19,2,6,0,0,0,0,0,0,0,2,2,5,6,1,31,6,-1,-1,-1,-1,-1,-1,0,-1
2025440148378,2025,440148378,1,9,0,9,9,7,5,0,0,2,0,0,0,0,1,1,6,6,2,26,6,-1,-1,-1,-1,-1,-1,0,-1
2025440148393,2025,440148393,2,9,0,18,19,6,1,0,0,0,0,4,0,0,1,1,1,1,1,51,8,-1,-1,-1,-1,4,E01017090,0,2
2025440148393,2025,440148393,1,9,0,9,9,6,1,0,0,0,0,0,0,0,2,1,5,6,1,76,11,-1,-1,-1,-1,9,E01022610,0,1
2025440148428,2025,440148428,1,9,0,18,19,8,4,0,0,0,0,0,7,0,1,1,5,6,1,47,8,-1,-1,-1,-1,-1,-1,0,-1
2025440148428,2025,440148428,2,9,0,18,19,4,6,0,0,0,0,0,0,0,1,1,5,6,2,46,8,-1,-1,-1,-1,5,E01022548,0,3
2025440148580,2025,440148580,1,9,0,7,7,2,6,0,0,0,0,0,0,0,4,1,5,6,2,33,6,-1,-1,-1,-1,6,E01023028,0,1
2025440148580,2025,440148580,2,2,0,15,15,2,6,0,0,0,0,4,0,0,1,1,5,6,1,14,3,-1,-1,-1,-1,2,E01023006,0,1
2025440148673,2025,440148673,1,9,0,18,19,1,5,0,0,0,0,0,0,0,1,1,1,1,1,-1,-1,-1,-1,-1,-1,-1,-1,0,-1
2025440148738,2025,440148738,2,9,0,18,19,5,1,0,0,8,1,0,0,0,0,1,5,6,2,57,9,-1,-1,-1,-1,8,E01028821,0,4
2025440148738,2025,440148738,1,9,0,18,19,3,7,0,0,8,1,7,0,0,0,1,5,6,2,54,8,-1,-1,-1,-1,9,E01032026,0,4
2025440148794,2025,440148794,2,1,0,18,19,1,5,0,0,8,0,0,0,0,4,1,6,6,1,32,6,-1,-1,-1,-1,4,E01017045,0,1
2025440148794,2025,440148794,1,9,0,18,19,3,5,0,0,4,0,0,0,0,1,1,5,6,2,45,7,-1,-1,-1,-1,6,E01017070,0,1
2025440148841,2025,440148841,2,1,0,18,19,1,5,0,0,8,0,0,0,0,3,1,5,6,2,62,9,-1,-1,-1,-1,7,E01017026,0,1
2025440148841,2025,440148841,1,11,0,18,19,1,5,0,0,8,0,0,0,0,4,1,1,1,1,54,8,-1,-1,-1,-1,3,E01022803,0,2
2025440148976,2025,440148976,1,-1,0,18,19,7,3,9,9,1,0,0,0,0,3,1,6,6,2,20,4,-1,-1,-1,-1,6,E01017255,1,2
2025440148976,2025,440148976,2,9,0,5,5,5,1,0,0,6,0,0,0,0,1,1,6,6,3,-1,-1,-1,-1,-1,-1,-1,-1,0,-1
2025440149152,2025,440149152,1,3,0,18,19,1,7,0,0,0,0,10,0,0,1,1,5,6,1,31,6,-1,-1,-1,-1,-1,-1,0,-1
2025440149156,2025,440149156,1,9,0,18,19,4,8,0,0,0,5,0,0,0,1,1,5,6,1,42,7,-1,-1,-1,-1,6,E01017256,0,1
2025440149767,2025,440149767,1,5,0,18,19,5,1,0,0,4,0,0,0,0,4,1,5,6,1,69,10,-1,-1,-1,-1,8,E01022472,0,3
2025440149783,2025,440149783,2,9,0,18,19,7,3,0,0,0,0,0,0,0,4,1,6,6,3,-1,-1,-1,-1,-1,-1,-1,-1,0,-1
2025440149783,2025,440149783,1,1,0,18,19,7,3,0,0,0,0,0,0,0,3,1,6,6,2,64,9,-1,-1,-1,-1,9,E01022535,0,1
2025440149900,2025,440149900,2,9,0,18,19,3,5,0,0,2,0,0,0,0,1,1,6,6,1,25,5,-1,-1,-1,-1,6,E01034717,0,3
2025440149900,2025,440149900,1,9,0,18,19,3,5,0,0,2,0,0,0,0,3,1,6,6,1,76,11,-1,-1,-1,-1,10,E01022534,0,1
2025440149928,2025,440149928,1,90,0,18,19,6,2,0,0,2,0,0,7,11,1,1,6,6,1,22,5,-1,-1,-1,-1,1,E01017031,0,1
2025440149928,2025,440149928,2,9,0,2,2,0,0,0,0,2,0,0,0,0,3,1,5,6,3,-1,-1,-1,-1,-1,-1,-1,-1,0,-1
2025440150082,2025,440150082,1,-1,0,18,19,2,6,5,5,8,0,0,0,0,4,1,6,6,1,39,7,-1,-1,-1,-1,2,E01023108,1,1
2025440150082,2025,440150082,2,9,0,18,19,5,1,0,0,6,0,0,0,0,1,1,6,6,3,-1,-1,-1,-1,-1,-1,-1,-1,0,-1
2025440150170,2025,440150170,2,9,0,18,19,1,7,0,0,8,0,0,0,0,1,1,6,6,3,-1,-1,-1,-1,-1,-1,-1,-1,0,-1
2025440150170,2025,440150170,1,1,0,18,19,3,7,0,0,8,0,0,0,0,3,1,6,6,1,34,6,-1,-1,-1,-1,6,E01022597,0,1
2025440150246,2025,440150246,2,9,0,18,19,3,7,0,0,2,0,0,0,0,1,1,5,6,1,37,7,-1,-1,-1,-1,3,E01017225,0,1
2025440150246,2025,440150246,1,9,0,18,19,7,3,0,0,1,0,0,0,0,1,1,5,6,1,33,6,-1,-1,-1,-1,10,E01022696,0,1
2025440150246,2025,440150246,3,19,0,18,19,7,3,0,0,1,0,0,0,0,2,1,5,6,1,69,10,-1,-1,-1,-1,9,E01017833,0,4
2025440150624,2025,440150624,2,9,0,18,19,3,7,0,0,8,0,0,0,0,1,1,5,6,1,47,8,-1,-1,-1,-1,6,E01022962,0,2
2025440150624,2025,440150624,1,9,0,9,9,7,5,0,0,8,0,0,0,0,4,1,5,6,1,21,5,-1,-1,-1,-1,8,E01022955,0,1
2025440150777,2025,440150777,2,19,0,3,3,1,5,0,0,8,0,0,0,0,0,1,5,6,1,53,8,-1,-1,-1,-1,4,E01031859,0,3
2025440150777,2025,440150777,3,9,0,18,19,1,5,0,0,1,0,0,0,0,1,1,5,6,1,34,6,-1,-1,-1,-1,1,E01017280,0,4
2025440150777,2025,440150777,1,9,3,7,7,1,3,0,0,1,0,0,0,0,4,1,5,6,1,58,9,-1,-1,-1,-1,7,E01023167,0,1
2025440150782,2025,440150782,2,9,0,2,2,0,0,0,0,0,0,0,0,0,1,1,6,6,1,-1,-1,-1,-1,-1,-1,-1,-1,0,-1
2025440150782,2025,440150782,1,9,0,18,19,7,3,0,0,0,0,0,0,0,1,1,2,2,2,23,5,-1,-1,-1,-1,8,E01022586,0,1
2025440150949,2025,440150949,2,9,0,5,5,2,6,0,0,1,0,0,0,0,1,1,6,6,1,65,9,-1,-1,-1,-1,10,E01023231,0,2
2025440150949,2025,440150949,1,9,0,3,3,2,6,0,0,1,0,0,0,0,2,1,6,6,2,36,7,-1,-1,-1,-1,5,E01023285,0,3
2025440151015,2025,440151015,1,1,0,18,19,3,7,0,0,0,0,0,0,0,1,1,6,6,1,55,8,-1,-1,-1,-1,10,E01023247,0,1
2025440151427,2025,440151427,1,5,0,18,19,8,4,0,0,0,0,0,0,0,1,1,6,6,1,78,11,-1,-1,-1,-1,5,E01023086,0,2
2025440151427,2025,440151427,2,9,0,18,19,4,8,0,0,0,0,0,0,0,1,1,6,6,2,28,6,-1,-1,-1,-1,8,E01023050,0,2
2025440151431,2025,440151431,2,9,0,18,19,3,7,0,0,0,0,0,0,0,3,1,5,6,2,42,7,-1,-1,-1,-1,5,E01023063,0,2
2025440151431,2025,440151431,1,20,0,11,11,3,7,0,0,0,0,0,0,0,1,1,1,1,1,21,5,-1,-1,-1,-1,9,E01020146,0,5
2025440151582,2025,440151582,1,4,0,2,2,0,0,6,6,1,0,0,0,0,0,1,5,6,1,76,11,-1,-1,-1,-1,9,E01022836,0,2
2025440151624,2025,440151624,1,9,0,9,9,1,5,0,0,6,0,0,0,0,3,1,5,6,2,32,6,-1,-1,-1,-1,2,E01017218,0,1
2025440151624,2025,440151624,2,9,0,18,19,7,3,0,0,1,0,0,0,0,1,1,5,6,1,63,9,-1,-1,-1,-1,1,E01017205,0,1
2025440151781,2025,440151781,1,19,0,2,2,0,0,0,0,0,0,0,0,0,1,1,1,1,1,45,7,-1,-1,-1,-1,4,E01017339,0,3
2025440151781,2025,440151781,2,1,0,18,19,3,7,0,0,0,0,0,0,0,1,1,2,2,1,47,8,-1,-1,-1,-1,5,E01017321,0,1
2025440151851,2025,440151851,2,9,0,10,10,5,1,0,0,1,0,0,0,0,3,1,6,6,3,-1,-1,-1,-1,-1,-1,-1,-1,0,-1
2025440151851,2025,440151851,1,1,0,18,19,7,3,5,5,1,0,0,0,0,1,1,6,6,1,58,9,-1,-1,-1,-1,3,E01022738,0,1
2025440151864,2025,440151864,3,9,0,18,19,1,5,0,0,0,0,0,0,0,2,1,5,6,1,33,6,-1,-1,-1,-1,10,E01023287,0,4
2025440151864,2025,440151864,1,9,0,13,13,1,5,0,0,0,0,0,0,0,1,1,5,6,1,51,8,-1,-1,-1,-1,10,E01017146,0,1
2025440151864,2025,440151864,2,9,0,18,19,1,5,0,0,0,0,0,0,0,2,1,5,6,1,33,6,-1,-1,-1,-1,1,E01017331,0,4
2025440151914,2025,440151914,1,9,0,18,19,6,2,0,0,1,0,0,0,0,1,1,2,2,2,46,8,-1,-1,-1,-1,8,E01022570,0,1
2025440151914,2025,440151914,2,9,0,18,19,2,6,0,0,8,0,0,0,0,3,1,2,2,2,33,6,-1,-1,-1,-1,8,E01032843,0,1
2025440152249,2025,440152249,1,9,0,18,19,6,2,0,0,0,0,0,1,1,1,1,5,6,1,31,6,-1,-1,-1,-1,1,E01017281,0,1
2025440152377,2025,440152377,1,9,0,18,19,5,1,0,0,0,0,0,0,0,1,1,6,6,3,-1,-1,-1,-1,-1,-1,-1,-1,0,-1
2025440152834,2025,440152834,1,9,0,18,19,3,7,0,0,8,0,0,0,0,1,1,6,6,1,-1,-1,-1,-1,-1,-1,-1,-1,0,-1
2025440152834,2025,440152834,2,9,0,3,3,3,7,0,0,8,0,0,0,0,2,1,1,1,1,61,9,-1,-1,-1,-1,9,E01016324,0,4
2025440153167,2025,440153167,1,3,0,12,12,7,3,0,0,7,0,0,0,0,3,1,5,6,1,20,4,-1,-1,-1,-1,-1,-1,0,-1
2025440153167,2025,440153167,2,21,1,18,19,7,3,0,0,8,0,0,0,0,4,1,1,1,1,28,6,-1,-1,-1,-1,1,E01017208,0,4
2025440153203,2025,440153203,1,9,0,18,19,7,3,0,0,1,0,0,0,0,2,1,1,1,1,68,10,-1,-1,-1,-1,9,E01022920,0,3
2025440153203,2025,440153203,2,5,0,18,19,7,0,0,0,1,0,0,0,0,1,1,5,6,1,72,10,-1,-1,-1,-1,10,E01022590,0,2
2025440153373,2025,440153373,1,9,0,18,19,0,7,0,0,6,0,0,0,0,2,1,5,6,1,77,11,-1,-1,-1,-1,7,E01023177,0,2
2025440153373,2025,440153373,2,9,0,18,19,1,5,0,0,1,0,0,0,0,1,1,5,6,1,44,7,-1,-1,-1,-1,4,E01017271,0,3
2025440153456,2025,440153456,1,9,0,18,19,5,1,0,0,1,1,4,0,0,1,1,5,6,1,81,11,-1,-1,-1,-1,10,E01030680,0,4
2025440153456,2025,440153456,2,9,0,2,2,0,0,0,0,1,0,0,0,0,2,1,5,6,3,-1,-1,-1,-1,-1,-1,-1,-1,0,-1
2025440153882,2025,440153882,1,1,0,18,19,3,7,9,9,1,0,0,0,0,1,1,5,6,1,12,3,-1,-1,-1,-1,10,E01022706,0,1
2025440153882,2025,440153882,2,19,0,7,7,3,7,0,0,1,0,0,0,0,2,1,1,1,1,47,8,-1,-1,-1,-1,5,E01017158,0,2
2025440154182,2025,440154182,1,5,0,18,19,8,4,0,0,0,1,0,0,0,4,1,2,2,1,31,6,-1,-1,-1,-1,8,E01022958,0,2
2025440154211,2025,440154211,2,9,0,18,19,7,3,0,0,8,0,0,0,0,1,1,1,1,1,63,9,-1,-1,-1,-1,2,E01017219,0,1
2025440154211,2025,440154211,1,9,0,18,19,1,5,0,0,8,0,0,0,0,4,1,5,6,2,34,6,-1,-1,-1,-1,6,E01017255,0,1
2025440154304,2025,440154304,2,19,0,18,19,4,8,0,0,1,0,0,0,0,2,1,6,6,1,37,7,-1,-1,-1,-1,-1,-1,0,-1
2025440154304,2025,440154304,1,9,0,18,19,4,8,0,0,1,0,0,0,0,1,1,6,6,1,32,6,-1,-1,-1,-1,10,E01022516,0,1
2025440154304,2025,440154304,3,19,0,18,19,4,8,0,0,1,0,0,0,0,2,1,6,6,3,-1,-1,-1,-1,-1,-1,-1,-1,0,-1
2025440154460,2025,440154460,2,9,0,18,19,7,3,0,0,6,0,0,0,0,1,1,6,6,2,31,6,-1,-1,-1,-1,10,E01023228,0,3
2025440154460,2025,440154460,1,9,0,18,19,5,1,0,0,1,0,0,0,0,4,1,2,2,1,21,5,-1,-1,-1,-1,2,E01022970,0,3
2025440154544,2025,440154544,1,9,0,18,19,8,4,0,0,0,0,0,1,4,1,1,5,6,1,60,9,-1,-1,-1,-1,-1,-1,0,-1
2025440154544,2025,440154544,2,19,0,18,19,4,8,0,0,0,0,0,0,0,0,1,1,1,1,38,7,-1,-1,-1,-1,7,E01022589,0,2
2025440154714,2025,440154714,1,9,0,18,19,5,1,0,0,0,0,0,0,0,1,1,6,6,1,19,4,-1,-1,-1,-1,1,E01017155,0,1
2025440154822,2025,440154822,2,9,0,18,19,2,6,0,0,8,0,0,0,0,4,1,6,6,2,60,9,-1,-1,-1,-1,4,E01017198,0,1
2025440154822,2025,440154822,1,1,0,18,19,4,8,0,0,8,0,0,0,0,1,1,6,6,1,62,9,-1,-1,-1,-1,4,E01017162,0,1
2025440155014,2025,440155014,2,9,0,4,4,1,7,0,0,0,0,0,0,0,2,1,5,6,2,66,10,-1,-1,-1,-1,2,E01022833,0,1
2025440155014,2025,440155014,1,9,0,18,19,1,7,0,0,0,0,0,0,0,1,1,5,6,2,85,11,-1,-1,-1,-1,4,E01022834,0,1