collision_index,collision_year,collision_ref_no,vehicle_reference,vehicle_type,towing_and_articulation,vehicle_manoeuvre_historic,vehicle_manoeuvre,vehicle_direction_from,vehicle_direction_to,vehicle_location_restricted_lane_historic,vehicle_location_restricted_lane,junction_location,skidding_and_overturning,hit_object_in_carriageway,vehicle_leaving_carriageway,hit_object_off_carriageway,first_point_of_impact,vehicle_left_hand_drive,journey_purpose_of_driver_historic,journey_purpose_of_driver,sex_of_driver,age_of_driver,age_band_of_driver,engine_capacity_cc,propulsion_code,age_of_vehicle,generic_make_model,driver_imd_decile,lsoa_of_driver,escooter_flag,driver_distance_banding
2025440155014,2025,440155014,3,9,0,4,4,1,7,0,0,0,0,0,0,0,2,1,5,6,1,46,8,-1,-1,-1,-1,7,E01022831,0,1
2025440155391,2025,440155391,1,9,0,18,19,5,1,0,0,2,0,0,0,0,0,1,2,2,2,22,5,-1,-1,-1,-1,9,E01017060,0,1
2025440155414,2025,440155414,1,1,0,18,19,4,8,5,5,8,0,0,0,0,4,1,2,2,1,37,7,-1,-1,-1,-1,9,E01023136,0,1
2025440155414,2025,440155414,2,9,0,1,1,3,7,0,0,1,0,0,0,0,2,1,6,6,1,37,7,-1,-1,-1,-1,-1,-1,0,-1
2025440155482,2025,440155482,1,9,0,9,9,7,3,0,0,6,0,0,0,0,3,1,5,6,2,18,4,-1,-1,-1,-1,8,E01022733,0,3
2025440155482,2025,440155482,2,9,0,18,19,5,1,0,0,8,0,0,4,0,1,1,6,6,2,18,4,-1,-1,-1,-1,4,E01035446,0,1
2025440155519,2025,440155519,2,9,0,7,7,3,5,0,0,1,0,0,0,0,1,1,6,6,3,-1,-1,-1,-1,-1,-1,-1,-1,0,-1
2025440155519,2025,440155519,1,9,0,7,7,3,5,0,0,1,0,0,0,0,2,1,5,6,2,29,6,-1,-1,-1,-1,1,E01017331,0,3
2025440155794,2025,440155794,1,9,0,4,4,7,3,0,0,1,0,0,3,11,1,1,5,6,1,19,4,-1,-1,-1,-1,4,E01017067,0,3
2025440155906,2025,440155906,2,19,0,7,7,7,1,0,0,4,0,0,0,0,1,1,2,2,1,72,10,-1,-1,-1,-1,5,E01034734,0,1
2025440155906,2025,440155906,1,1,0,18,19,5,1,0,0,8,0,0,0,0,4,1,2,2,1,60,9,-1,-1,-1,-1,5,E01017028,0,2
2025440156338,2025,440156338,2,9,0,5,5,5,1,0,0,1,0,0,0,0,1,1,6,6,2,-1,-1,-1,-1,-1,-1,-1,-1,0,-1
2025440156338,2025,440156338,1,1,0,18,19,5,1,0,0,8,0,0,0,0,4,1,5,6,1,45,7,-1,-1,-1,-1,5,E01017126,0,1
2025440156713,2025,440156713,1,3,0,18,19,4,8,0,0,1,0,0,0,0,1,1,5,6,1,36,7,-1,-1,-1,-1,3,E01022839,0,2
2025440157220,2025,440157220,1,3,0,14,14,7,3,0,0,0,0,0,0,0,4,1,5,6,1,18,4,-1,-1,-1,-1,-1,-1,0,-1
2025440157220,2025,440157220,2,9,0,3,3,7,3,0,0,0,0,0,0,0,3,1,5,6,2,53,8,-1,-1,-1,-1,2,E01022914,0,1
2025440157949,2025,440157949,1,9,0,9,9,7,5,0,0,1,0,0,0,0,2,1,5,6,2,72,10,-1,-1,-1,-1,6,E01017300,0,2
2025440157949,2025,440157949,2,17,4,18,19,7,3,0,0,1,0,0,0,0,1,1,1,1,1,25,5,-1,-1,-1,-1,7,E01017323,0,2
2025440158186,2025,440158186,1,9,0,18,19,7,3,0,0,0,0,0,0,0,1,1,5,6,3,58,9,-1,-1,-1,-1,7,E01017247,0,1
2025440158285,2025,440158285,1,3,0,18,19,8,4,0,0,1,0,11,0,0,4,1,1,1,1,25,5,-1,-1,-1,-1,3,E01022807,0,1
2025440158295,2025,440158295,1,3,0,4,4,7,3,0,0,5,1,0,3,2,1,1,6,6,1,19,4,-1,-1,-1,-1,4,E01035446,0,2
2025440158436,2025,440158436,1,1,0,18,19,1,5,9,9,0,0,0,0,0,1,1,6,6,3,-1,-1,-1,-1,-1,-1,-1,-1,0,-1
2025440158437,2025,440158437,2,9,0,18,19,3,7,0,0,4,0,0,0,0,2,1,1,1,2,51,8,-1,-1,-1,-1,7,E01022690,0,4
2025440158437,2025,440158437,1,9,0,18,19,3,7,0,0,4,0,0,0,0,1,1,6,6,1,-1,-1,-1,-1,-1,-1,-1,-1,0,-1
2025440158442,2025,440158442,1,9,0,18,19,2,6,0,0,0,0,0,1,3,1,1,6,6,1,20,4,-1,-1,-1,-1,6,E01022489,0,1
2025440158579,2025,440158579,1,9,0,9,9,7,5,0,0,5,0,0,0,0,1,1,6,6,2,20,4,-1,-1,-1,-1,2,E01017052,0,1
2025440158579,2025,440158579,2,9,0,18,19,3,7,0,0,8,0,0,0,0,1,1,6,6,1,-1,-1,-1,-1,-1,-1,-1,-1,0,-1
2025440158658,2025,440158658,2,9,0,4,4,3,7,0,0,0,0,0,0,0,1,1,6,6,1,-1,-1,-1,-1,-1,-1,-1,-1,0,-1
2025440158658,2025,440158658,1,9,0,4,4,3,7,0,0,0,0,0,0,0,2,1,6,6,1,23,5,-1,-1,-1,-1,5,E01001187,0,5
2025440158768,2025,440158768,1,9,0,18,19,5,1,0,0,0,1,0,0,0,1,1,2,2,1,52,8,-1,-1,-1,-1,8,E01022490,0,3
2025440158768,2025,440158768,2,9,0,18,19,1,5,0,0,0,5,0,0,0,1,1,5,6,1,63,9,-1,-1,-1,-1,8,E01022591,0,1
2025440158816,2025,440158816,1,9,0,18,19,2,6,0,0,1,0,0,0,0,3,1,5,6,2,63,9,-1,-1,-1,-1,9,E01022577,0,2
2025440158816,2025,440158816,2,9,0,18,19,1,5,8,6,7,0,0,0,0,1,1,6,6,1,-1,-1,-1,-1,-1,-1,-1,-1,0,-1
2025440158839,2025,440158839,1,9,0,18,19,8,4,0,0,0,0,12,0,0,1,1,6,6,2,59,9,-1,-1,-1,-1,5,E01022520,0,1
2025440158869,2025,440158869,1,5,0,18,19,1,5,0,0,0,0,0,0,1,1,1,5,6,1,56,9,-1,-1,-1,-1,2,E01017117,0,2
2025440159639,2025,440159639,2,9,0,10,10,4,8,0,0,1,0,0,0,0,2,1,5,6,2,33,6,-1,-1,-1,-1,9,E01030532,0,4
2025440159639,2025,440159639,1,19,0,18,19,4,5,0,0,1,0,0,0,0,1,1,6,6,3,-1,-1,-1,-1,-1,-1,-1,-1,0,-1
2025440159737,2025,440159737,1,9,0,18,19,1,5,0,0,8,1,0,7,2,4,1,1,1,1,43,7,-1,-1,-1,-1,-1,-1,0,-1
2025440160110,2025,440160110,2,9,0,3,3,5,8,0,0,4,0,0,0,0,2,1,5,6,1,43,7,-1,-1,-1,-1,2,E01022900,0,4
2025440160110,2025,440160110,1,19,0,3,3,5,8,0,0,4,0,0,0,0,1,1,1,1,1,-1,-1,-1,-1,-1,-1,-1,-1,0,-1
2025440160557,2025,440160557,2,9,0,18,19,8,4,0,0,1,0,0,0,0,1,1,5,6,1,24,5,-1,-1,-1,-1,4,E01022936,0,1
2025440160557,2025,440160557,1,19,0,18,19,4,8,0,0,2,0,0,0,0,1,1,6,6,1,58,9,-1,-1,-1,-1,6,E01022940,0,1
2025440161133,2025,440161133,1,5,0,7,7,4,6,0,0,8,0,0,0,0,0,1,5,6,2,68,10,-1,-1,-1,-1,6,E01022597,0,3
2025440161143,2025,440161143,1,-1,0,18,19,1,5,9,9,0,5,0,0,0,3,1,2,2,2,29,6,-1,-1,-1,-1,10,E01023187,1,1
2025440161194,2025,440161194,1,-1,0,5,5,3,7,9,9,0,0,0,0,0,1,1,6,6,1,29,6,-1,-1,-1,-1,5,E01017085,1,1
2025440161238,2025,440161238,2,9,0,18,19,5,2,0,0,1,0,0,0,0,3,1,5,6,1,55,8,-1,-1,-1,-1,6,E01022962,0,1
2025440161238,2025,440161238,1,9,0,18,19,5,8,0,0,1,0,0,0,0,1,1,5,6,1,79,11,-1,-1,-1,-1,10,E01022629,0,2
2025440161242,2025,440161242,2,9,0,5,5,3,7,0,0,4,0,0,0,0,3,1,6,6,1,-1,-1,-1,-1,-1,-1,-1,-1,0,-1
2025440161242,2025,440161242,1,9,0,18,19,1,5,0,0,8,0,0,0,0,1,1,6,6,2,48,8,-1,-1,-1,-1,2,E01017132,0,4
2025440161333,2025,440161333,2,9,0,13,13,8,4,0,0,0,0,0,0,0,0,1,6,6,3,-1,-1,-1,-1,-1,-1,-1,-1,0,-1
2025440161333,2025,440161333,1,3,0,18,19,4,8,0,0,0,0,10,2,99,4,1,5,6,1,22,5,-1,-1,-1,-1,3,E01022801,0,2
2025440161364,2025,440161364,1,19,0,18,19,4,8,0,0,1,0,0,0,0,4,1,6,6,3,-1,-1,-1,-1,-1,-1,-1,-1,0,-1
2025440161380,2025,440161380,1,-1,0,18,19,9,9,9,9,0,0,10,0,0,3,1,6,6,1,15,3,-1,-1,-1,-1,9,E01022667,1,1
2025440161634,2025,440161634,1,90,0,18,19,7,3,0,0,0,0,0,0,0,1,1,5,6,1,40,7,-1,-1,-1,-1,5,E01017126,0,1
2025440161634,2025,440161634,2,9,0,18,19,3,7,0,0,0,0,0,0,0,1,1,5,6,1,-1,-1,-1,-1,-1,-1,-1,-1,0,-1
2025440161722,2025,440161722,1,9,0,18,19,8,4,0,0,0,0,0,0,0,3,1,6,6,1,50,8,-1,-1,-1,-1,6,E01023002,0,3
2025440161722,2025,440161722,2,9,0,5,5,0,8,0,0,0,0,0,0,0,3,1,6,6,1,-1,-1,-1,-1,-1,-1,-1,-1,0,-1
2025440161751,2025,440161751,2,9,0,3,3,5,1,0,0,1,0,0,0,0,4,1,5,6,1,-1,-1,-1,-1,-1,-1,-1,-1,0,-1
2025440161751,2025,440161751,1,4,0,18,19,7,3,0,0,1,0,0,0,0,1,1,5,6,1,19,4,-1,-1,-1,-1,1,E01017120,0,1
2025440162102,2025,440162102,1,9,0,18,19,7,3,0,0,0,0,0,0,0,1,1,5,6,1,19,4,-1,-1,-1,-1,7,E01017086,0,1
2025440162192,2025,440162192,1,9,0,18,19,0,3,0,0,2,0,0,0,0,2,1,5,6,1,79,11,-1,-1,-1,-1,-1,-1,0,-1
2025440162629,2025,440162629,1,9,0,9,9,8,6,0,0,8,0,0,0,0,4,1,6,6,2,32,6,-1,-1,-1,-1,3,E01022484,0,1
2025440162629,2025,440162629,2,-1,0,18,19,4,8,4,4,8,0,0,0,0,1,1,6,6,1,37,7,-1,-1,-1,-1,6,E01032846,1,1
2025440162893,2025,440162893,1,1,0,18,19,7,3,0,0,0,0,0,0,0,1,1,5,6,1,11,3,-1,-1,-1,-1,7,E01022831,0,1
2025440162893,2025,440162893,2,9,0,18,19,5,1,0,0,0,0,0,0,0,4,1,6,6,3,-1,-1,-1,-1,-1,-1,-1,-1,0,-1
2025440162957,2025,440162957,4,9,0,18,19,1,5,0,0,0,0,0,0,0,3,1,5,6,2,62,9,-1,-1,-1,-1,9,E01022836,0,1
2025440162957,2025,440162957,3,9,0,2,2,0,0,0,0,0,0,0,0,0,3,1,6,6,3,-1,-1,-1,-1,-1,-1,-1,-1,0,-1
2025440162957,2025,440162957,2,9,0,2,2,0,0,0,0,0,0,0,0,0,4,1,6,6,3,-1,-1,-1,-1,-1,-1,-1,-1,0,-1
2025440162957,2025,440162957,1,9,0,18,19,5,1,0,0,0,0,0,0,0,3,1,6,6,1,46,8,-1,-1,-1,-1,3,E01017194,0,4
2025440162995,2025,440162995,2,9,0,18,19,5,6,0,0,0,0,0,0,0,4,1,2,2,1,37,7,-1,-1,-1,-1,7,E01022673,0,3
2025440162995,2025,440162995,1,3,0,18,19,5,6,0,0,0,1,0,0,0,0,1,5,6,1,46,8,-1,-1,-1,-1,9,E01034990,0,5
2025440163159,2025,440163159,2,9,0,18,19,1,5,0,0,2,0,0,7,4,4,1,2,2,1,-1,-1,-1,-1,-1,-1,-1,-1,0,-1
2025440163159,2025,440163159,1,21,0,18,19,1,5,0,0,1,0,0,0,0,1,1,1,1,1,-1,-1,-1,-1,-1,-1,-1,-1,0,-1
2025440163341,2025,440163341,1,9,0,18,19,7,3,0,0,0,0,0,0,0,1,1,2,2,1,-1,-1,-1,-1,-1,-1,-1,-1,0,-1
2025440163341,2025,440163341,3,9,0,18,19,3,7,0,0,0,0,0,0,0,3,1,2,2,1,-1,-1,-1,-1,-1,-1,-1,-1,0,-1
2025440163341,2025,440163341,2,9,0,15,15,7,3,0,0,0,0,0,0,0,2,1,2,2,1,56,9,-1,-1,-1,-1,8,E01022654,0,1
2025440163737,2025,440163737,2,4,0,18,19,7,3,0,0,0,0,0,0,0,3,1,2,2,1,55,8,-1,-1,-1,-1,5,E01023206,0,2
2025440163737,2025,440163737,1,19,0,12,12,7,3,0,0,0,0,0,0,0,4,1,1,1,1,38,7,-1,-1,-1,-1,-1,-1,0,-1
2025440163760,2025,440163760,2,9,0,9,9,3,1,0,0,8,0,0,0,0,4,1,6,6,1,37,7,-1,-1,-1,-1,9,E01022730,0,3
2025440163760,2025,440163760,1,1,0,18,19,7,3,0,0,8,0,0,0,0,1,1,6,6,2,29,6,-1,-1,-1,-1,2,E01000470,0,5
2025440163806,2025,440163806,1,8,0,18,19,2,6,0,0,4,0,0,0,0,1,1,1,1,1,59,9,-1,-1,-1,-1,1,E01017240,0,1
2025440163806,2025,440163806,2,1,0,18,19,5,3,0,0,8,0,0,0,0,4,1,2,2,1,57,9,-1,-1,-1,-1,1,E01017240,0,1
2025440164025,2025,440164025,2,9,0,18,19,1,5,0,0,1,0,0,0,0,1,1,6,6,2,46,8,-1,-1,-1,-1,9,E01022699,0,3
2025440164025,2025,440164025,1,19,0,3,3,1,5,0,0,1,0,0,0,0,2,1,1,1,1,68,10,-1,-1,-1,-1,7,E01023166,0,3
2025440164234,2025,440164234,2,9,0,9,9,1,5,0,0,6,0,0,0,0,1,1,6,6,3,51,8,-1,-1,-1,-1,1,E01017163,0,1
2025440164234,2025,440164234,1,1,0,18,19,5,2,0,0,8,0,0,0,0,4,1,6,6,1,32,6,-1,-1,-1,-1,-1,-1,0,-1
2025440164250,2025,440164250,1,9,0,9,9,3,1,0,0,6,0,0,0,0,1,1,5,6,2,45,7,-1,-1,-1,-1,6,E01017047,0,1
2025440164305,2025,440164305,1,9,0,18,19,7,3,0,0,0,0,0,0,0,1,1,5,6,1,69,10,-1,-1,-1,-1,5,E01017030,0,1
2025440164305,2025,440164305,2,19,0,3,3,7,3,0,0,0,0,0,0,0,2,1,1,1,1,25,5,-1,-1,-1,-1,8,E01023232,0,3
2025440164621,2025,440164621,1,9,0,18,19,7,3,0,0,0,0,0,0,0,3,1,6,6,3,-1,-1,-1,-1,-1,-1,-1,-1,0,-1
2025440164629,2025,440164629,1,9,0,18,19,7,3,0,0,8,0,0,0,0,1,1,5,6,1,-1,-1,-1,-1,-1,-1,-1,-1,0,-1
2025440164735,2025,440164735,1,9,0,3,3,6,2,0,0,1,0,0,0,0,2,1,5,6,1,22,5,-1,-1,-1,-1,6,E01022962,0,1
2025440164735,2025,440164735,2,9,0,4,4,6,2,0,0,1,0,0,0,0,1,1,5,6,3,-1,-1,-1,-1,-1,-1,-1,-1,0,-1
2025440164767,2025,440164767,1,9,0,18,19,7,3,0,0,8,0,0,0,0,3,1,2,2,1,22,5,-1,-1,-1,-1,8,E01032605,0,1
2025440164767,2025,440164767,2,1,0,18,19,5,1,0,0,8,1,0,0,0,1,1,5,6,1,16,4,-1,-1,-1,-1,10,E01022972,0,1
2025440164985,2025,440164985,2,1,0,18,19,5,3,0,0,8,0,0,0,0,4,1,2,2,1,57,9,-1,-1,-1,-1,1,E01017240,0,2
2025440164985,2025,440164985,1,8,0,7,7,2,6,0,0,4,0,0,0,0,1,1,1,1,1,59,9,-1,-1,-1,-1,1,E01017240,0,2
2025440165134,2025,440165134,2,90,0,18,19,1,5,0,0,8,0,0,0,0,1,1,1,1,1,-1,-1,-1,-1,-1,-1,-1,-1,0,-1
2025440165134,2025,440165134,1,9,0,9,9,7,1,0,0,3,0,0,0,0,4,1,6,6,1,17,4,-1,-1,-1,-1,2,E01017253,0,1
2025440165297,2025,440165297,2,9,0,9,9,8,6,0,0,8,0,0,0,0,1,1,6,6,2,32,6,-1,-1,-1,-1,3,E01032738,0,1
2025440165297,2025,440165297,1,9,0,18,19,4,8,0,0,8,0,0,0,0,1,1,6,6,1,39,7,-1,-1,-1,-1,5,E01017243,0,1
2025440165305,2025,440165305,1,9,0,12,12,5,1,0,0,1,0,7,0,0,1,1,6,6,1,58,9,-1,-1,-1,-1,6,E01023118,0,1
2025440165305,2025,440165305,2,9,0,18,19,5,1,0,0,1,0,0,0,0,3,1,6,6,1,47,8,-1,-1,-1,-1,2,E01034730,0,1
2025440165384,2025,440165384,1,9,0,18,19,5,1,0,0,0,0,0,0,0,1,1,6,6,1,18,4,-1,-1,-1,-1,1,E01017205,0,1
2025440165384,2025,440165384,2,19,0,18,19,1,5,0,0,0,0,0,0,0,1,1,1,1,1,31,6,-1,-1,-1,-1,1,E01017167,0,1
2025440165579,2025,440165579,3,9,0,4,4,3,7,0,0,0,1,0,0,0,1,1,5,6,2,32,6,-1,-1,-1,-1,10,E01022931,0,4
2025440165579,2025,440165579,2,9,0,4,4,3,7,0,0,0,1,0,0,0,2,1,5,6,2,69,10,-1,-1,-1,-1,9,E01016995,0,4
2025440165579,2025,440165579,1,19,0,4,4,3,7,0,0,0,0,0,0,0,2,1,1,1,1,23,5,-1,-1,-1,-1,10,E01022931,0,4
2025440165712,2025,440165712,1,8,0,18,19,1,5,0,0,1,0,0,0,0,3,1,1,1,1,50,8,-1,-1,-1,-1,4,E01017083,0,1
2025440165712,2025,440165712,2,1,0,7,7,7,3,0,0,5,0,0,0,0,1,1,6,6,2,50,8,-1,-1,-1,-1,4,E01017013,0,1
2025440165854,2025,440165854,1,9,0,5,5,0,4,9,9,0,0,0,3,11,1,1,5,6,1,89,11,-1,-1,-1,-1,6,E01023236,0,1
2025440165895,2025,440165895,2,9,0,10,10,8,6,0,0,8,0,0,0,0,2,1,6,6,2,32,6,-1,-1,-1,-1,7,E01031882,0,3
2025440165895,2025,440165895,1,9,0,18,19,8,4,0,0,8,0,0,0,0,1,1,6,6,1,24,5,-1,-1,-1,-1,6,E01015740,0,5
2025440165908,2025,440165908,1,19,0,10,10,7,5,0,0,8,0,0,0,0,3,1,6,6,1,30,6,-1,-1,-1,-1,-1,-1,0,-1
2025440165908,2025,440165908,3,9,0,18,19,3,7,0,0,8,0,0,0,0,1,1,6,6,1,63,9,-1,-1,-1,-1,3,E01022681,0,3
2025440165908,2025,440165908,2,9,0,18,19,7,5,0,0,1,0,0,0,0,4,1,6,6,1,45,7,-1,-1,-1,-1,6,E01017273,0,1
2025440165975,2025,440165975,1,9,0,10,10,4,0,0,0,1,0,0,0,0,2,1,6,6,2,29,6,-1,-1,-1,-1,9,E01023064,0,2
2025440165975,2025,440165975,3,9,0,18,19,4,8,0,0,1,0,0,0,0,2,1,6,6,2,50,8,-1,-1,-1,-1,8,E01023069,0,2
2025440165975,2025,440165975,2,19,0,3,3,4,0,0,0,1,0,0,0,0,1,1,6,6,1,57,9,-1,-1,-1,-1,10,E01022995,0,1
2025440166161,2025,440166161,2,9,0,2,2,0,0,0,0,0,0,0,0,0,2,1,5,6,3,-1,-1,-1,-1,-1,-1,-1,-1,0,-1
2025440166161,2025,440166161,1,9,0,18,19,1,5,0,0,0,0,0,0,0,1,1,5,6,2,77,11,-1,-1,-1,-1,-1,-1,0,-1
2025440166203,2025,440166203,2,9,0,18,19,0,0,0,0,1,0,0,0,0,2,1,6,6,2,33,6,-1,-1,-1,-1,8,E01023001,0,1
2025440166203,2025,440166203,3,9,0,18,19,5,1,0,0,1,0,0,0,0,1,1,2,2,1,26,6,-1,-1,-1,-1,8,E01023034,0,1
2025440166203,2025,440166203,1,9,0,10,10,5,0,0,0,1,0,0,0,0,2,1,6,6,2,44,7,-1,-1,-1,-1,10,E01023035,0,2
2025440166221,2025,440166221,2,9,0,18,19,3,0,0,0,0,0,0,0,0,2,1,5,6,1,66,10,-1,-1,-1,-1,9,E01022975,0,2
2025440166221,2025,440166221,3,9,0,18,19,3,0,0,0,0,0,0,0,0,2,1,5,6,1,73,10,-1,-1,-1,-1,8,E01024043,0,5
2025440166221,2025,440166221,1,19,0,18,19,3,0,0,0,0,0,0,0,0,2,1,1,1,1,67,10,-1,-1,-1,-1,1,E01017077,0,2
2025440166221,2025,440166221,4,9,0,18,19,3,7,0,0,0,0,0,0,0,1,1,5,6,1,27,6,-1,-1,-1,-1,6,E01017023,0,2
2025440166448,2025,440166448,1,9,0,18,19,3,7,0,0,0,2,0,0,0,1,1,6,6,3,-1,-1,-1,-1,-1,-1,-1,-1,0,-1
2025440166448,2025,440166448,2,9,0,18,19,7,3,0,0,0,0,0,0,0,1,1,6,6,2,45,7,-1,-1,-1,-1,7,E01023078,0,3
2025440167189,2025,440167189,1,19,0,1,1,7,3,6,6,0,0,0,0,0,2,1,1,1,3,-1,-1,-1,-1,-1,-1,-1,-1,0,-1
2025440167189,2025,440167189,2,19,0,2,2,0,0,6,6,0,0,0,0,0,1,1,1,1,1,61,9,-1,-1,-1,-1,5,E01017298,0,1
2025440167360,2025,440167360,1,19,0,18,19,4,8,0,0,2,0,0,0,0,1,1,2,2,1,39,7,-1,-1,-1,-1,7,E01022641,0,1
2025440167620,2025,440167620,1,9,0,18,19,7,3,0,0,8,0,0,0,0,4,1,1,1,1,56,9,-1,-1,-1,-1,10,E01023096,0,2
2025440167620,2025,440167620,2,19,0,18,19,1,5,0,0,4,0,0,0,0,1,1,5,6,1,63,9,-1,-1,-1,-1,10,E01016627,0,3
2025440167651,2025,440167651,1,9,0,9,9,3,1,0,0,8,0,0,0,0,1,1,5,6,2,27,6,-1,-1,-1,-1,6,E01017291,0,2
2025440167969,2025,440167969,3,9,0,18,19,7,3,0,0,0,0,0,0,0,0,1,6,6,3,-1,-1,-1,-1,-1,-1,-1,-1,0,-1
2025440167969,2025,440167969,2,9,0,12,12,7,3,0,0,0,0,0,0,0,3,1,6,6,1,44,7,-1,-1,-1,-1,6,E01026332,0,5
2025440167969,2025,440167969,1,9,0,13,13,7,3,0,0,0,0,0,0,0,4,1,6,6,1,21,5,-1,-1,-1,-1,1,E01017280,0,3
2025440167995,2025,440167995,1,3,0,18,19,8,4,0,0,1,0,0,0,0,1,1,5,6,1,24,5,-1,-1,-1,-1,8,E01030803,0,1
2025440167995,2025,440167995,2,9,0,4,4,8,4,0,0,1,0,0,0,0,2,1,5,6,1,41,7,-1,-1,-1,-1,10,E01022893,0,1
2025440168107,2025,440168107,2,9,0,18,19,8,4,0,0,8,0,0,0,0,1,1,2,2,2,37,7,-1,-1,-1,-1,7,E01034715,0,3
2025440168107,2025,440168107,1,9,0,5,5,2,6,0,0,8,0,0,0,0,3,1,6,6,2,44,7,-1,-1,-1,-1,6,E01035437,0,4
2025440168133,2025,440168133,2,9,0,9,9,3,1,0,0,6,0,0,0,0,3,1,6,6,2,64,9,-1,-1,-1,-1,6,E01017025,0,1
2025440168133,2025,440168133,1,5,0,18,19,1,5,0,0,1,0,0,0,0,1,1,6,6,1,41,7,-1,-1,-1,-1,-1,-1,0,-1
2025440168149,2025,440168149,1,9,0,18,19,8,4,0,0,0,0,0,0,0,1,1,6,6,1,68,10,-1,-1,-1,-1,2,E01017238,0,1
2025440168173,2025,440168173,2,9,0,18,19,3,7,0,0,2,0,0,0,0,1,1,6,6,1,26,6,-1,-1,-1,-1,1,E01017103,0,1
2025440168173,2025,440168173,1,9,0,9,9,7,3,0,0,1,0,0,0,0,1,1,6,6,1,17,4,-1,-1,-1,-1,6,E01035322,0,3
2025440168566,2025,440168566,1,1,0,18,19,5,1,0,0,0,0,0,0,0,3,1,5,6,1,44,7,-1,-1,-1,-1,5,E01022543,0,1
2025440168566,2025,440168566,2,9,0,11,11,5,1,0,0,0,0,0,0,0,2,1,6,6,3,-1,-1,-1,-1,-1,-1,-1,-1,0,-1
2025440168689,2025,440168689,1,9,0,17,19,4,1,0,0,0,2,0,7,9,1,1,5,6,2,18,4,-1,-1,-1,-1,1,E01017167,0,1
2025440168873,2025,440168873,1,9,0,18,19,5,1,0,0,2,0,0,0,0,1,1,6,6,1,56,9,-1,-1,-1,-1,7,E01023071,0,1
2025440169045,2025,440169045,1,9,0,17,19,8,5,0,0,8,5,0,1,4,4,1,5,6,1,-1,-1,-1,-1,-1,-1,9,E01020038,0,5
2025440169108,2025,440169108,2,9,0,2,2,0,0,0,0,0,0,0,0,0,4,1,5,6,3,-1,-1,-1,-1,-1,-1,-1,-1,0,-1
2025440169108,2025,440169108,1,19,0,18,19,5,1,0,0,0,0,0,0,0,4,1,6,6,1,34,6,-1,-1,-1,-1,9,E01017248,0,4
2025440169117,2025,440169117,1,9,0,16,19,1,4,0,0,8,1,0,1,2,1,1,5,6,1,28,6,-1,-1,-1,-1,4,E01035447,0,2
2025440169520,2025,440169520,1,9,0,18,19,6,2,0,0,0,0,0,0,0,1,1,5,6,1,88,11,-1,-1,-1,-1,9,E01023191,0,1
2025440169520,2025,440169520,2,9,0,18,19,2,6,0,0,0,0,0,0,0,1,1,5,6,1,23,5,-1,-1,-1,-1,7,E01023171,0,1
2025440169536,2025,440169536,1,9,0,18,19,8,4,0,0,8,0,0,0,0,1,1,5,6,1,19,4,-1,-1,-1,-1,1,E01017336,0,1
2025440169554,2025,440169554,1,9,0,18,19,5,1,0,0,0,2,0,1,0,1,1,5,6,1,21,5,-1,-1,-1,-1,6,E01017214,0,1
2025440169763,2025,440169763,1,9,0,18,19,2,6,0,0,0,0,0,0,0,1,1,6,6,1,57,9,-1,-1,-1,-1,6,E01034182,0,5
2025440170127,2025,440170127,1,9,0,18,19,8,6,0,0,1,0,0,0,0,1,1,5,6,1,23,5,-1,-1,-1,-1,4,E01023106,0,3
2025440170127,2025,440170127,2,9,0,18,19,3,7,0,0,2,0,0,0,0,3,1,5,6,1,72,10,-1,-1,-1,-1,9,E01022879,0,2
2025440170215,2025,440170215,1,90,0,18,19,5,1,9,9,0,0,0,0,0,1,1,6,6,3,-1,-1,-1,-1,-1,-1,-1,-1,0,-1
2025440170280,2025,440170280,3,9,0,2,2,0,0,0,0,8,0,0,0,0,3,1,6,6,1,-1,-1,-1,-1,-1,-1,-1,-1,0,-1
2025440170280,2025,440170280,1,5,0,9,9,1,2,0,0,8,0,0,1,1,1,1,6,6,1,26,6,-1,-1,-1,-1,1,E01017166,0,2
2025440170280,2025,440170280,2,19,0,18,19,1,2,0,0,8,0,0,0,0,3,1,2,2,1,-1,-1,-1,-1,-1,-1,-1,-1,0,-1
2025440170370,2025,440170370,1,9,0,9,9,5,1,0,0,1,0,0,0,0,4,1,5,6,1,86,11,-1,-1,-1,-1,4,E01017308,0,2
2025440170370,2025,440170370,2,9,0,18,19,3,7,0,0,8,0,0,7,9,3,1,6,6,1,53,8,-1,-1,-1,-1,4,E01017297,0,2
2025440170557,2025,440170557,2,9,0,18,19,3,7,0,0,0,0,0,0,0,0,1,5,6,1,17,4,-1,-1,-1,-1,2,E01017165,0,2
2025440170557,2025,440170557,1,9,0,18,19,3,7,0,0,0,0,0,0,0,1,1,5,6,1,-1,-1,-1,-1,-1,-1,-1,-1,0,-1
2025440170581,2025,440170581,1,11,0,4,4,5,1,0,0,0,0,0,0,0,0,1,1,1,2,23,5,-1,-1,-1,-1,3,E01017341,0,2
2025440170992,2025,440170992,2,9,0,18,19,5,1,0,0,6,0,0,0,0,1,1,6,6,1,-1,-1,-1,-1,-1,-1,-1,-1,0,-1