collision_index,collision_year,collision_ref_no,vehicle_reference,vehicle_type,towing_and_articulation,vehicle_manoeuvre_historic,vehicle_manoeuvre,vehicle_direction_from,vehicle_direction_to,vehicle_location_restricted_lane_historic,vehicle_location_restricted_lane,junction_location,skidding_and_overturning,hit_object_in_carriageway,vehicle_leaving_carriageway,hit_object_off_carriageway,first_point_of_impact,vehicle_left_hand_drive,journey_purpose_of_driver_historic,journey_purpose_of_driver,sex_of_driver,age_of_driver,age_band_of_driver,engine_capacity_cc,propulsion_code,age_of_vehicle,generic_make_model,driver_imd_decile,lsoa_of_driver,escooter_flag,driver_distance_banding
2025440170992,2025,440170992,1,9,0,6,6,1,1,0,0,8,0,0,0,0,4,1,6,6,2,69,10,-1,-1,-1,-1,9,E01032604,0,1
2025440171144,2025,440171144,2,-1,0,18,19,1,5,0,0,0,0,0,0,0,3,1,5,6,1,8,2,-1,-1,-1,-1,6,E01035433,1,1
2025440171144,2025,440171144,1,9,0,18,19,3,7,0,0,0,0,0,0,0,1,1,5,6,1,33,6,-1,-1,-1,-1,6,E01035433,0,1
2025440171213,2025,440171213,1,9,0,18,19,2,6,0,0,0,5,0,7,4,1,1,5,6,1,31,6,-1,-1,-1,-1,-1,-1,0,-1
2025440171272,2025,440171272,2,9,0,7,7,2,4,0,0,6,0,0,0,0,3,1,6,6,1,-1,-1,-1,-1,-1,-1,-1,-1,0,-1
2025440171272,2025,440171272,1,1,0,18,19,8,4,0,0,8,0,0,0,0,1,1,2,2,1,35,6,-1,-1,-1,-1,10,E01022876,0,1
2025440171278,2025,440171278,1,9,0,18,19,8,4,0,0,0,1,0,7,10,2,1,5,6,1,66,10,-1,-1,-1,-1,10,E01022675,0,3
2025440171390,2025,440171390,2,9,0,3,3,4,8,0,0,0,0,0,0,0,2,1,5,6,1,34,6,-1,-1,-1,-1,2,E01026834,0,5
2025440171390,2025,440171390,1,9,0,18,19,4,8,0,0,0,0,0,0,0,1,1,5,6,1,70,10,-1,-1,-1,-1,5,E01023110,0,4
2025440171474,2025,440171474,2,9,0,9,9,1,5,0,0,1,0,0,0,0,0,1,5,6,1,31,6,-1,-1,-1,-1,-1,-1,0,-1
2025440171474,2025,440171474,1,5,0,18,19,5,1,0,0,1,0,0,0,0,1,1,5,6,1,37,7,-1,-1,-1,-1,6,E01023042,0,1
2025440171522,2025,440171522,1,9,0,9,9,6,4,0,0,8,0,0,0,0,1,1,5,6,1,78,11,-1,-1,-1,-1,10,E01022697,0,2
2025440171522,2025,440171522,2,9,0,18,19,2,6,0,0,8,0,0,0,0,1,1,5,6,1,36,7,-1,-1,-1,-1,5,E01023285,0,1
2025440171642,2025,440171642,2,1,0,9,9,8,6,0,0,8,0,0,0,0,4,1,5,6,1,15,3,-1,-1,-1,-1,9,E01023158,0,2
2025440171642,2025,440171642,1,19,0,18,19,4,8,0,0,8,0,0,0,0,1,1,2,2,1,73,10,-1,-1,-1,-1,4,E01032040,0,4
2025440171654,2025,440171654,2,9,0,18,19,5,1,0,0,8,0,0,0,0,4,1,5,6,1,58,9,-1,-1,-1,-1,-1,-1,0,-1
2025440171654,2025,440171654,1,9,0,18,19,7,3,0,0,4,0,0,0,0,1,1,6,6,2,43,7,-1,-1,-1,-1,2,E01017089,0,2
2025440171851,2025,440171851,2,19,0,18,19,2,6,0,0,8,0,0,0,0,1,1,5,6,2,56,9,-1,-1,-1,-1,8,E01032042,0,2
2025440171851,2025,440171851,1,9,0,18,19,4,8,0,0,6,0,0,0,0,3,1,5,6,2,42,7,-1,-1,-1,-1,8,E01014036,0,5
2025440172136,2025,440172136,1,9,0,18,19,5,1,0,0,0,0,0,1,9,1,1,2,2,1,32,6,-1,-1,-1,-1,5,E01017310,0,3
2025440172511,2025,440172511,1,9,0,18,19,8,4,0,0,2,0,0,0,0,1,1,6,6,1,60,9,-1,-1,-1,-1,10,E01034725,0,1
2025440172578,2025,440172578,1,9,0,1,1,1,5,0,0,0,0,0,0,0,2,1,6,6,1,-1,-1,-1,-1,-1,-1,-1,-1,0,-1
2025440172689,2025,440172689,2,1,0,18,19,1,5,0,0,1,0,0,0,0,1,1,6,6,1,17,4,-1,-1,-1,-1,7,E01022477,0,1
2025440172689,2025,440172689,1,9,0,4,4,7,3,0,0,1,0,0,0,0,4,1,6,6,2,31,6,-1,-1,-1,-1,4,E01022474,0,1
2025440172817,2025,440172817,1,9,0,18,19,2,6,0,0,1,0,0,5,6,1,1,5,6,1,26,6,-1,-1,-1,-1,6,E01017114,0,3
2025440172988,2025,440172988,1,-1,0,18,19,3,7,0,0,1,0,0,0,0,1,1,2,2,1,27,6,-1,-1,-1,-1,4,E01017123,1,1
2025440172988,2025,440172988,2,9,0,2,2,0,0,0,0,1,0,0,0,0,3,1,6,6,1,43,7,-1,-1,-1,-1,9,E01022699,0,3
2025440172995,2025,440172995,1,9,0,16,19,6,1,0,0,0,0,0,0,0,1,1,5,6,1,18,4,-1,-1,-1,-1,10,E01023273,0,1
2025440173338,2025,440173338,1,1,0,18,19,5,1,0,0,1,0,0,0,0,1,1,5,6,1,30,6,-1,-1,-1,-1,3,E01032847,0,1
2025440173338,2025,440173338,2,9,0,9,9,1,5,0,0,1,0,0,0,0,4,1,6,6,3,-1,-1,-1,-1,-1,-1,-1,-1,0,-1
2025440173481,2025,440173481,1,9,0,18,19,3,7,0,0,0,5,0,0,0,3,1,5,6,1,19,4,-1,-1,-1,-1,9,E01022618,0,3
2025440173649,2025,440173649,1,9,0,5,5,2,6,0,0,1,0,0,0,0,1,1,5,6,2,34,6,-1,-1,-1,-1,2,E01022969,0,1
2025440173649,2025,440173649,2,9,0,4,4,2,6,0,0,4,0,0,0,0,2,1,2,2,2,23,5,-1,-1,-1,-1,8,E01022929,0,2
2025440173724,2025,440173724,1,9,0,9,9,3,7,0,0,6,0,0,0,0,4,1,6,6,1,62,9,-1,-1,-1,-1,9,E01022683,0,1
2025440173724,2025,440173724,2,9,0,18,19,5,1,0,0,2,0,0,0,0,1,1,6,6,1,49,8,-1,-1,-1,-1,10,E01023228,0,1
2025440174795,2025,440174795,2,9,0,18,19,3,7,0,0,8,0,0,0,0,3,1,6,6,1,48,8,-1,-1,-1,-1,8,E01023232,0,1
2025440174795,2025,440174795,1,9,0,18,19,8,4,0,0,6,0,0,0,0,1,1,6,6,2,14,3,-1,-1,-1,-1,9,E01022930,0,1
2025440174945,2025,440174945,3,9,0,18,19,0,0,9,9,2,0,0,0,0,2,1,6,6,3,-1,-1,-1,-1,-1,-1,-1,-1,0,-1
2025440174945,2025,440174945,1,19,0,18,19,5,1,9,9,3,5,4,1,0,1,1,6,6,1,34,6,-1,-1,-1,-1,3,E01023018,0,1
2025440174945,2025,440174945,2,19,0,2,2,0,0,9,9,2,0,0,0,0,2,1,6,6,3,-1,-1,-1,-1,-1,-1,-1,-1,0,-1
2025440175416,2025,440175416,1,9,0,9,9,5,1,0,0,1,0,0,0,0,1,1,6,6,2,28,6,-1,-1,-1,-1,10,E01031531,0,3
2025440175416,2025,440175416,2,9,0,18,19,3,7,0,0,1,0,0,0,0,1,1,6,6,2,32,6,-1,-1,-1,-1,8,E01032605,0,3
2025440175443,2025,440175443,1,1,0,9,9,2,6,0,0,8,0,0,0,0,3,1,6,6,1,45,7,-1,-1,-1,-1,8,E01017057,0,1
2025440175443,2025,440175443,2,9,0,7,7,6,4,0,0,8,0,0,0,0,3,1,6,6,1,32,6,-1,-1,-1,-1,8,E01017057,0,1
2025440175652,2025,440175652,1,19,0,18,19,3,1,0,0,0,0,0,0,0,1,1,1,1,1,-1,-1,-1,-1,-1,-1,-1,-1,0,-1
2025440175652,2025,440175652,2,9,0,18,19,1,5,0,0,0,0,0,0,0,1,1,5,6,2,21,5,-1,-1,-1,-1,1,E01017274,0,3
2025440175663,2025,440175663,1,9,0,18,19,7,3,0,0,0,0,0,0,0,2,1,2,2,2,22,5,-1,-1,-1,-1,8,E01022786,0,1
2025440175663,2025,440175663,2,19,0,18,19,7,3,0,0,0,0,0,0,0,2,1,1,1,2,26,6,-1,-1,-1,-1,6,E01015318,0,4
2025440175663,2025,440175663,3,19,0,18,19,7,3,0,0,0,0,0,0,0,1,1,1,1,1,38,7,-1,-1,-1,-1,1,E01017037,0,3
2025440175795,2025,440175795,1,3,0,7,7,8,3,0,0,8,0,0,0,0,4,1,5,6,1,82,11,-1,-1,-1,-1,9,E01022500,0,2
2025440175991,2025,440175991,2,9,0,9,9,2,6,0,0,8,0,0,0,0,3,1,6,6,2,36,7,-1,-1,-1,-1,7,E01022641,0,1
2025440175991,2025,440175991,1,3,0,18,19,6,2,0,0,1,0,0,0,0,1,1,6,6,1,36,7,-1,-1,-1,-1,3,E01022635,0,1
2025440177058,2025,440177058,1,19,0,18,19,8,4,0,0,0,0,0,7,4,1,1,6,6,1,41,7,-1,-1,-1,-1,10,E01022884,0,1
2025440177209,2025,440177209,2,9,0,18,19,1,5,0,0,1,0,0,0,0,3,1,6,6,1,41,7,-1,-1,-1,-1,3,E01017242,0,1
2025440177209,2025,440177209,1,9,0,9,9,1,3,0,0,8,0,0,0,0,1,1,1,1,2,35,6,-1,-1,-1,-1,-1,-1,0,-1
2025440177209,2025,440177209,3,19,0,18,19,1,5,0,0,8,0,0,0,0,2,1,1,1,1,37,7,-1,-1,-1,-1,1,E01017236,0,1
2025440177584,2025,440177584,2,3,0,18,19,2,6,0,0,8,0,0,0,0,1,1,6,6,2,29,6,-1,-1,-1,-1,8,E01022990,0,1
2025440177584,2025,440177584,1,9,0,18,19,8,4,0,0,8,0,0,0,0,4,1,5,6,1,62,9,-1,-1,-1,-1,8,E01023001,0,1
2025440177822,2025,440177822,1,2,0,18,19,4,8,0,0,1,0,0,0,0,1,1,5,6,1,22,5,-1,-1,-1,-1,4,E01017296,0,1
2025440177822,2025,440177822,2,9,0,2,2,0,0,0,0,1,0,0,0,0,2,1,5,6,1,58,9,-1,-1,-1,-1,4,E01034986,0,5
2025440178189,2025,440178189,1,9,0,18,19,5,1,0,0,8,0,0,1,2,3,1,6,6,2,23,5,-1,-1,-1,-1,6,E01035456,0,1
2025440178189,2025,440178189,2,9,0,11,11,5,8,0,0,3,0,0,0,0,4,1,5,6,1,34,6,-1,-1,-1,-1,3,E01031975,0,4
2025440178191,2025,440178191,1,1,0,18,19,2,6,4,4,1,1,11,0,0,9,1,6,6,1,63,9,-1,-1,-1,-1,6,E01017212,0,1
2025440178324,2025,440178324,2,9,0,9,9,1,5,0,0,1,0,0,0,0,4,1,6,6,2,21,5,-1,-1,-1,-1,10,E01023043,0,1
2025440178324,2025,440178324,1,9,0,18,19,7,3,0,0,1,0,0,0,0,1,1,6,6,1,32,6,-1,-1,-1,-1,6,E01023002,0,1
2025440178859,2025,440178859,1,9,0,18,19,3,7,0,0,1,0,0,0,0,2,1,6,6,1,59,9,-1,-1,-1,-1,7,E01022477,0,2
2025440178859,2025,440178859,2,9,0,7,7,3,7,0,0,1,0,0,0,0,0,1,6,6,3,-1,-1,-1,-1,-1,-1,-1,-1,0,-1
2025440178859,2025,440178859,3,9,0,18,19,3,7,0,0,1,0,0,0,0,1,1,6,6,3,-1,-1,-1,-1,-1,-1,-1,-1,0,-1
2025440179318,2025,440179318,2,3,0,11,11,5,7,0,0,3,0,0,0,0,1,1,6,6,1,57,9,-1,-1,-1,-1,-1,-1,0,-1
2025440179318,2025,440179318,1,9,0,18,19,3,1,0,0,8,0,0,0,0,4,1,6,6,2,43,7,-1,-1,-1,-1,5,E01032844,0,1
2025440179664,2025,440179664,2,9,0,2,2,0,0,0,0,0,0,0,0,0,1,1,5,6,1,60,9,-1,-1,-1,-1,-1,-1,0,-1
2025440179664,2025,440179664,1,9,0,4,4,1,5,0,0,0,0,0,0,0,1,1,5,6,1,87,11,-1,-1,-1,-1,9,E01022600,0,1
2025440179714,2025,440179714,3,9,0,18,19,3,7,0,0,0,0,0,0,0,2,1,5,6,1,22,5,-1,-1,-1,-1,8,E01023286,0,3
2025440179714,2025,440179714,2,9,0,18,19,3,7,0,0,0,0,0,0,0,2,1,5,6,1,22,5,-1,-1,-1,-1,-1,-1,0,-1
2025440179714,2025,440179714,1,9,0,13,13,3,7,0,0,0,0,0,0,0,1,1,5,6,1,44,7,-1,-1,-1,-1,6,E01020434,0,4
2025440179822,2025,440179822,1,9,0,18,19,6,2,0,0,0,0,0,0,0,1,1,6,6,2,39,7,-1,-1,-1,-1,10,E01016624,0,3
2025440179822,2025,440179822,2,9,4,18,19,2,6,0,0,0,0,0,0,0,1,1,6,6,1,40,7,-1,-1,-1,-1,7,E01019843,0,5
2025440179906,2025,440179906,1,9,0,1,1,3,7,0,0,0,0,0,0,0,1,1,5,6,1,55,8,-1,-1,-1,-1,5,E01017311,0,1
2025440179906,2025,440179906,2,2,0,18,19,2,6,0,0,0,0,0,0,0,1,1,5,6,1,62,9,-1,-1,-1,-1,4,E01017290,0,2
2025440180367,2025,440180367,1,9,0,9,9,2,8,0,0,6,0,0,0,0,1,1,5,6,2,35,6,-1,-1,-1,-1,9,E01022719,0,1
2025440180367,2025,440180367,2,9,0,18,19,8,4,0,0,8,0,0,7,11,4,1,5,6,1,40,7,-1,-1,-1,-1,8,E01022718,0,1
2025440180422,2025,440180422,1,11,0,17,19,2,7,0,0,8,0,0,0,0,1,1,1,1,1,55,8,-1,-1,-1,-1,5,E01023192,0,2
2025440180917,2025,440180917,2,1,0,18,19,3,7,0,0,8,0,0,0,0,1,1,5,6,1,60,9,-1,-1,-1,-1,10,E01022878,0,4
2025440180917,2025,440180917,1,9,0,5,5,5,1,0,0,6,0,0,0,0,3,1,5,6,2,42,7,-1,-1,-1,-1,10,E01015342,0,3
2025440181058,2025,440181058,1,9,0,4,4,1,5,0,0,1,2,0,1,9,1,1,5,6,1,57,9,-1,-1,-1,-1,9,E01030391,0,4
2025440181091,2025,440181091,3,9,0,18,19,4,8,0,0,8,0,0,0,0,3,1,6,6,1,44,7,-1,-1,-1,-1,4,E01016207,0,4
2025440181091,2025,440181091,1,9,0,18,19,2,6,0,0,6,0,0,0,0,1,1,6,6,2,-1,-1,-1,-1,-1,-1,-1,-1,0,-1
2025440181091,2025,440181091,2,9,0,18,19,8,4,0,0,8,0,0,0,0,4,1,6,6,3,-1,-1,-1,-1,-1,-1,-1,-1,0,-1
2025440181272,2025,440181272,1,9,0,14,14,7,3,0,0,0,0,4,0,0,1,1,6,6,1,80,11,-1,-1,-1,-1,3,E01022649,0,1
2025440181272,2025,440181272,2,9,0,2,2,0,0,0,0,0,0,0,0,0,2,1,5,6,3,-1,-1,-1,-1,-1,-1,-1,-1,0,-1
2025440181340,2025,440181340,1,4,0,16,19,1,3,0,0,1,1,0,0,0,0,1,6,6,1,45,7,-1,-1,-1,-1,3,E01022916,0,4
2025440181612,2025,440181612,1,3,0,18,19,6,2,0,0,4,0,9,0,0,3,1,5,6,1,19,4,-1,-1,-1,-1,3,E01017079,0,1
2025440181630,2025,440181630,1,9,0,6,6,3,3,0,0,8,0,0,0,0,3,1,5,6,1,55,8,-1,-1,-1,-1,1,E01017112,0,2
2025440181630,2025,440181630,2,4,0,18,19,3,7,0,0,1,0,0,0,0,1,1,1,1,1,18,4,-1,-1,-1,-1,2,E01017116,0,2
2025440182195,2025,440182195,1,1,0,18,19,7,3,0,0,1,0,0,0,0,1,1,6,6,3,44,7,-1,-1,-1,-1,-1,-1,0,-1
2025440182195,2025,440182195,2,9,0,5,5,1,5,0,0,6,0,0,0,0,3,1,6,6,3,-1,-1,-1,-1,-1,-1,-1,-1,0,-1
2025440182202,2025,440182202,2,9,0,18,19,7,3,0,0,0,0,0,0,0,1,1,6,6,2,36,7,-1,-1,-1,-1,10,E01022471,0,1
2025440182202,2025,440182202,1,9,0,18,19,3,7,0,0,0,0,0,0,0,1,1,6,6,2,49,8,-1,-1,-1,-1,10,E01022470,0,1
2025440182405,2025,440182405,1,9,0,18,19,5,1,0,0,1,0,0,7,10,1,1,5,6,1,84,11,-1,-1,-1,-1,2,E01017019,0,1
2025440182405,2025,440182405,2,9,0,18,19,1,5,0,0,2,0,0,0,0,1,1,5,6,1,62,9,-1,-1,-1,-1,5,E01017096,0,1
2025440182466,2025,440182466,1,9,0,18,19,2,6,0,0,0,5,7,7,0,1,1,5,6,2,72,10,-1,-1,-1,-1,9,E01022998,0,1
2025440182531,2025,440182531,1,4,0,18,19,5,1,0,0,1,0,0,0,0,0,1,5,6,1,69,10,-1,-1,-1,-1,9,E01023036,0,2
2025440183056,2025,440183056,1,9,0,18,19,3,7,0,0,1,2,10,0,0,3,1,6,6,1,27,6,-1,-1,-1,-1,4,E01017042,0,1
2025440183139,2025,440183139,1,9,0,18,19,8,4,0,0,0,0,0,1,4,1,1,2,2,1,60,9,-1,-1,-1,-1,8,E01022490,0,1
2025440183176,2025,440183176,1,9,0,18,19,7,3,0,0,2,0,0,7,1,1,1,6,6,1,21,5,-1,-1,-1,-1,5,E01023104,0,4
2025440183211,2025,440183211,3,9,0,18,19,0,0,0,0,1,0,0,0,0,0,1,6,6,3,-1,-1,-1,-1,-1,-1,-1,-1,0,-1
2025440183211,2025,440183211,2,3,0,13,13,3,7,0,0,8,0,0,7,0,1,1,6,6,1,25,5,-1,-1,-1,-1,8,E01022955,0,1
2025440183211,2025,440183211,1,9,0,9,9,3,1,0,0,5,0,0,0,0,3,1,5,6,1,36,7,-1,-1,-1,-1,2,E01022913,0,1
2025440183259,2025,440183259,1,8,0,9,9,2,4,0,0,6,0,0,0,0,1,1,1,1,1,43,7,-1,-1,-1,-1,4,E01017044,0,1
2025440183288,2025,440183288,1,21,1,18,19,8,4,0,0,0,0,0,0,0,1,1,1,1,1,64,9,-1,-1,-1,-1,8,E01022755,0,2
2025440183288,2025,440183288,4,21,1,18,19,8,4,0,0,0,0,0,0,0,2,1,1,1,1,41,7,-1,-1,-1,-1,-1,-1,0,-1
2025440183288,2025,440183288,3,9,0,18,19,8,4,0,0,0,0,0,0,0,2,1,5,6,1,82,11,-1,-1,-1,-1,4,E01022781,0,3
2025440183288,2025,440183288,2,9,0,18,19,8,4,0,0,0,0,0,0,0,2,1,2,2,1,45,7,-1,-1,-1,-1,7,E01022758,0,2
2025440183635,2025,440183635,1,19,0,9,9,5,1,0,0,8,0,0,0,0,1,1,6,6,1,33,6,-1,-1,-1,-1,9,E01032753,0,2
2025440183635,2025,440183635,2,19,0,18,19,2,6,0,0,8,2,0,1,1,4,1,6,6,1,40,7,-1,-1,-1,-1,6,E01035452,0,2
2025440183645,2025,440183645,2,9,0,10,10,2,4,0,0,1,0,0,0,0,3,1,6,6,1,-1,-1,-1,-1,-1,-1,-1,-1,0,-1
2025440183645,2025,440183645,1,5,0,10,10,4,8,0,0,1,0,0,0,0,3,1,6,6,1,73,10,-1,-1,-1,-1,4,E01017334,0,2
2025440183705,2025,440183705,1,4,0,18,19,3,5,0,0,1,1,0,0,0,1,1,6,6,1,41,7,-1,-1,-1,-1,5,E01022973,0,1
2025440183705,2025,440183705,2,9,0,18,19,5,2,0,0,1,0,0,0,0,1,1,6,6,1,47,8,-1,-1,-1,-1,9,E01022587,0,4
2025440183773,2025,440183773,1,9,0,18,19,4,8,0,0,0,0,0,0,0,0,1,6,6,2,45,7,-1,-1,-1,-1,4,E01022567,0,1
2025440183773,2025,440183773,2,3,0,18,19,8,4,0,0,0,0,0,0,0,0,1,6,6,1,17,4,-1,-1,-1,-1,9,E01022547,0,1
2025440183840,2025,440183840,1,9,0,4,4,6,2,0,0,1,0,0,0,0,2,1,6,6,1,49,8,-1,-1,-1,-1,7,E01023171,0,2
2025440183840,2025,440183840,2,9,0,3,3,6,2,0,0,1,0,0,0,0,1,1,6,6,1,44,7,-1,-1,-1,-1,8,E01022654,0,3
2025440184037,2025,440184037,1,3,0,13,13,7,3,0,0,0,0,0,0,0,1,1,5,6,1,65,9,-1,-1,-1,-1,3,E01017325,0,1
2025440184037,2025,440184037,2,9,0,18,19,7,7,0,0,0,0,0,0,0,3,1,2,2,1,38,7,-1,-1,-1,-1,8,E01017286,0,1
2025440184040,2025,440184040,2,9,0,7,7,1,3,0,0,2,0,0,0,0,1,1,5,6,2,86,11,-1,-1,-1,-1,-1,-1,0,-1
2025440184040,2025,440184040,1,9,0,2,2,0,0,0,0,2,0,0,0,0,2,1,5,6,2,48,8,-1,-1,-1,-1,-1,-1,0,-1
2025440184145,2025,440184145,1,9,0,7,7,4,6,0,0,8,0,0,0,0,2,1,5,6,1,68,10,-1,-1,-1,-1,7,E01022569,0,1
2025440184145,2025,440184145,2,9,0,18,19,2,6,0,0,8,0,0,0,0,1,1,5,6,1,24,5,-1,-1,-1,-1,-1,-1,0,-1
2025440184281,2025,440184281,1,3,0,18,19,2,6,0,0,0,0,12,0,0,0,1,5,6,1,29,6,-1,-1,-1,-1,7,E01015324,0,3
2025440184355,2025,440184355,1,9,0,9,9,1,7,0,0,8,0,0,0,0,4,1,6,6,2,72,10,-1,-1,-1,-1,8,E01016302,0,2
2025440184355,2025,440184355,2,9,0,18,19,5,1,0,0,1,0,0,0,0,1,1,6,6,2,43,7,-1,-1,-1,-1,9,E01016292,0,1
2025440184458,2025,440184458,1,9,0,18,19,2,6,0,0,2,0,0,0,0,1,1,6,6,1,-1,-1,-1,-1,-1,-1,-1,-1,0,-1
2025440184948,2025,440184948,2,9,0,18,19,1,5,0,0,1,0,0,0,0,1,2,6,6,2,-1,-1,-1,-1,-1,-1,-1,-1,0,-1
2025440184948,2025,440184948,1,1,0,18,19,7,3,0,0,8,0,0,0,0,4,1,2,2,1,44,7,-1,-1,-1,-1,7,E01023137,0,1
2025440184950,2025,440184950,1,1,0,18,19,3,7,0,0,1,0,0,0,0,1,1,2,2,1,47,8,-1,-1,-1,-1,4,E01017260,0,1
2025440184950,2025,440184950,2,9,0,7,7,3,5,0,0,8,0,0,0,0,4,1,6,6,3,-1,-1,-1,-1,-1,-1,-1,-1,0,-1
2025440185010,2025,440185010,2,9,0,18,19,6,2,0,0,1,0,0,0,0,1,1,3,7,2,38,7,-1,-1,-1,-1,8,E01023245,0,1
2025440185010,2025,440185010,1,9,0,5,5,8,4,0,0,6,0,0,0,0,3,1,2,2,1,50,8,-1,-1,-1,-1,10,E01022691,0,1
2025440185033,2025,440185033,1,19,0,18,19,5,1,0,0,1,0,0,0,0,1,1,1,1,1,48,8,-1,-1,-1,-1,5,E01023086,0,1
2025440185227,2025,440185227,1,5,0,13,13,4,8,0,0,1,0,0,0,0,1,1,5,6,1,75,10,-1,-1,-1,-1,9,E01032877,0,4
2025440185227,2025,440185227,2,19,0,9,9,4,1,0,0,5,0,0,0,0,3,1,1,1,1,35,6,-1,-1,-1,-1,3,E01017191,0,2
2025440185370,2025,440185370,2,20,0,18,19,3,7,0,0,0,0,0,0,0,1,1,6,6,1,47,8,-1,-1,-1,-1,6,E01023118,0,1
2025440185370,2025,440185370,1,9,0,18,19,7,3,0,0,0,0,0,0,0,1,1,6,6,1,55,8,-1,-1,-1,-1,4,E01032858,0,1
2025440185562,2025,440185562,1,9,0,18,19,5,1,0,0,0,0,0,0,0,1,1,6,6,1,76,11,-1,-1,-1,-1,8,E01022951,0,1
2025440185562,2025,440185562,2,19,0,18,19,1,5,0,0,0,0,0,0,0,1,1,6,6,1,41,7,-1,-1,-1,-1,6,E01022962,0,1
2025440185563,2025,440185563,1,2,0,18,19,1,5,0,0,0,0,0,0,0,0,1,5,6,2,18,4,-1,-1,-1,-1,4,E01017042,0,1
2025440185726,2025,440185726,2,9,0,18,19,3,7,0,0,2,0,0,0,0,1,1,5,6,1,67,10,-1,-1,-1,-1,10,E01023240,0,3
2025440185726,2025,440185726,1,9,0,5,5,7,3,0,0,1,0,0,0,0,1,1,5,6,2,85,11,-1,-1,-1,-1,7,E01022679,0,1
2025440185954,2025,440185954,1,9,0,18,19,8,4,0,0,1,0,0,0,0,1,1,5,6,1,89,11,-1,-1,-1,-1,10,E01022696,0,1
2025440186020,2025,440186020,2,1,0,18,19,6,2,0,0,8,0,0,0,0,1,1,5,6,1,22,5,-1,-1,-1,-1,10,E01023259,0,1
2025440186020,2025,440186020,1,9,0,9,9,2,6,0,0,8,0,0,0,0,1,1,5,6,2,38,7,-1,-1,-1,-1,10,E01023270,0,1
2025440186049,2025,440186049,2,3,0,18,19,2,6,0,0,2,0,0,0,0,1,1,2,2,1,17,4,-1,-1,-1,-1,10,E01022972,0,1
2025440186049,2025,440186049,1,9,0,9,9,6,2,0,0,2,0,0,0,0,4,1,5,6,2,37,7,-1,-1,-1,-1,1,E01022933,0,1
2025440186090,2025,440186090,1,4,0,18,19,1,5,0,0,0,0,0,0,0,4,1,5,6,1,38,7,-1,-1,-1,-1,4,E01022527,0,1
2025440186158,2025,440186158,1,1,0,18,19,7,5,0,0,8,0,0,0,0,2,1,6,6,1,62,9,-1,-1,-1,-1,4,E01017071,0,1
2025440186158,2025,440186158,2,9,0,18,19,1,5,0,0,8,0,0,0,0,1,1,6,6,1,55,8,-1,-1,-1,-1,9,E01022613,0,3
2025440186264,2025,440186264,1,9,0,9,9,3,1,0,0,2,0,0,0,0,1,1,5,6,2,74,10,-1,-1,-1,-1,10,E01022865,0,1
2025440186264,2025,440186264,2,9,0,18,19,1,5,0,0,8,0,0,0,0,4,1,5,6,1,72,10,-1,-1,-1,-1,10,E01014713,0,5
2025440186345,2025,440186345,1,3,0,18,19,2,6,0,0,0,0,0,0,0,1,1,6,6,1,32,6,-1,-1,-1,-1,10,E01023035,0,2
2025440186392,2025,440186392,1,9,0,18,19,7,3,0,0,0,0,0,0,0,1,1,6,6,1,64,9,-1,-1,-1,-1,5,E01022678,0,1
2025440186392,2025,440186392,2,9,0,18,19,7,3,0,0,0,0,0,0,0,2,1,6,6,1,40,7,-1,-1,-1,-1,6,E01017138,0,1
2025440186558,2025,440186558,1,9,0,18,19,3,7,0,0,0,0,0,8,4,1,1,6,6,1,19,4,-1,-1,-1,-1,-1,-1,0,-1
2025440186731,2025,440186731,1,9,0,5,5,3,7,0,0,0,0,0,0,0,1,1,2,2,1,35,6,-1,-1,-1,-1,6,E01032884,0,4
2025440186731,2025,440186731,2,1,0,18,19,5,1,0,0,0,0,0,0,0,3,1,2,2,1,39,7,-1,-1,-1,-1,1,E01017245,0,1
2025440186743,2025,440186743,1,9,0,18,19,3,7,0,0,4,0,0,0,0,1,1,2,2,2,58,9,-1,-1,-1,-1,8,E01032855,0,2
2025440186763,2025,440186763,2,9,0,4,4,3,7,0,0,0,0,0,0,0,2,1,2,2,2,32,6,-1,-1,-1,-1,10,E01023287,0,3
2025440186763,2025,440186763,4,9,0,4,4,3,7,0,0,0,0,0,0,0,1,1,2,2,1,34,6,-1,-1,-1,-1,10,E01022793,0,3
2025440186763,2025,440186763,3,9,0,4,4,3,7,0,0,0,0,0,0,0,1,1,2,2,2,40,7,-1,-1,-1,-1,5,E01023288,0,4
2025440186763,2025,440186763,1,9,0,18,19,3,7,0,0,0,0,0,0,0,2,1,2,2,1,41,7,-1,-1,-1,-1,8,E01022586,0,4
2025440186999,2025,440186999,1,9,0,18,19,7,3,0,0,0,0,0,5,6,1,1,6,6,1,52,8,-1,-1,-1,-1,6,E01023196,0,1
2025440187090,2025,440187090,2,9,0,9,9,7,5,0,0,6,0,0,0,0,4,1,2,2,2,22,5,-1,-1,-1,-1,5,E01022671,0,1