collision_index,collision_year,collision_ref_no,vehicle_reference,vehicle_type,towing_and_articulation,vehicle_manoeuvre_historic,vehicle_manoeuvre,vehicle_direction_from,vehicle_direction_to,vehicle_location_restricted_lane_historic,vehicle_location_restricted_lane,junction_location,skidding_and_overturning,hit_object_in_carriageway,vehicle_leaving_carriageway,hit_object_off_carriageway,first_point_of_impact,vehicle_left_hand_drive,journey_purpose_of_driver_historic,journey_purpose_of_driver,sex_of_driver,age_of_driver,age_band_of_driver,engine_capacity_cc,propulsion_code,age_of_vehicle,generic_make_model,driver_imd_decile,lsoa_of_driver,escooter_flag,driver_distance_banding
2025440187090,2025,440187090,1,5,0,18,19,1,5,0,0,1,0,0,0,0,1,1,6,6,1,54,8,-1,-1,-1,-1,7,E01022672,0,1
2025440187191,2025,440187191,2,98,0,18,19,3,7,0,0,0,0,0,1,0,1,1,1,1,1,39,7,-1,-1,-1,-1,10,E01022745,0,3
2025440187191,2025,440187191,1,17,0,10,10,3,1,0,0,0,0,0,0,0,2,1,1,1,1,25,5,-1,-1,-1,-1,8,E01023274,0,4
2025440187244,2025,440187244,1,1,0,18,19,3,7,0,0,1,0,0,0,0,0,1,6,6,1,31,6,-1,-1,-1,-1,4,E01017081,0,1
2025440187338,2025,440187338,2,9,0,18,19,2,6,0,0,1,0,0,0,0,2,1,6,6,3,-1,-1,-1,-1,-1,-1,-1,-1,0,-1
2025440187338,2025,440187338,1,5,0,18,19,8,4,0,0,1,0,0,0,0,1,1,6,6,1,63,9,-1,-1,-1,-1,10,E01023003,0,1
2025440187743,2025,440187743,1,9,0,3,3,1,5,0,0,1,0,0,0,0,1,1,2,2,1,27,6,-1,-1,-1,-1,7,E01023177,0,4
2025440187796,2025,440187796,1,4,0,7,7,1,5,0,0,1,0,0,7,7,1,1,6,6,1,28,6,-1,-1,-1,-1,8,E01030703,0,4
2025440187862,2025,440187862,1,-1,0,15,15,4,8,0,0,8,0,0,0,0,4,1,5,6,1,28,6,-1,-1,-1,-1,3,E01017227,1,1
2025440187862,2025,440187862,2,9,0,7,7,5,8,0,0,6,0,0,0,0,1,1,6,6,1,61,9,-1,-1,-1,-1,4,E01017199,0,1
2025440187888,2025,440187888,1,17,0,18,19,6,2,0,0,8,0,0,0,0,2,1,1,1,1,30,6,-1,-1,-1,-1,4,E01017290,0,2
2025440187888,2025,440187888,2,4,0,18,19,6,2,0,0,8,0,0,0,0,1,1,6,6,1,55,8,-1,-1,-1,-1,5,E01017321,0,1
2025440188124,2025,440188124,1,9,0,18,19,2,6,0,0,0,5,0,0,0,1,1,5,6,2,80,11,-1,-1,-1,-1,8,E01022651,0,1
2025440188186,2025,440188186,1,9,0,18,19,6,2,0,0,0,0,0,0,0,1,1,6,6,1,27,6,-1,-1,-1,-1,6,E01023237,0,4
2025440188339,2025,440188339,2,9,0,9,9,7,5,0,0,4,0,0,0,0,1,1,5,6,2,20,4,-1,-1,-1,-1,7,E01023219,0,1
2025440188339,2025,440188339,1,9,0,18,19,3,7,0,0,4,0,0,0,0,1,1,5,6,1,35,6,-1,-1,-1,-1,4,E01023154,0,1
2025440188493,2025,440188493,1,3,0,18,19,5,1,0,0,8,1,0,0,0,1,1,5,6,1,20,4,-1,-1,-1,-1,10,E01023092,0,1
2025440188493,2025,440188493,2,9,0,18,19,7,1,0,0,4,0,0,0,0,3,1,6,6,1,-1,-1,-1,-1,-1,-1,-1,-1,0,-1
2025440188619,2025,440188619,1,9,0,16,19,5,8,0,0,3,0,0,0,0,1,1,6,6,2,52,8,-1,-1,-1,-1,7,E01022797,0,1
2025440188629,2025,440188629,1,9,0,18,19,5,3,0,0,8,0,0,0,0,3,1,1,1,1,67,10,-1,-1,-1,-1,6,E01023237,0,1
2025440188629,2025,440188629,2,4,0,18,19,3,7,0,0,1,0,0,0,0,1,1,1,1,1,-1,-1,-1,-1,-1,-1,-1,-1,0,-1
2025440188908,2025,440188908,1,9,0,18,19,4,8,0,0,2,0,0,0,0,4,1,5,6,1,72,10,-1,-1,-1,-1,2,E01017119,0,1
2025440188908,2025,440188908,2,1,0,18,19,6,2,0,0,1,0,0,0,0,1,1,6,6,1,12,3,-1,-1,-1,-1,1,E01017120,0,1
2025440188932,2025,440188932,2,9,0,7,7,3,7,0,0,2,0,0,0,0,1,1,6,6,3,68,10,-1,-1,-1,-1,-1,-1,0,-1
2025440188932,2025,440188932,1,19,0,4,4,1,5,0,0,1,0,0,0,0,4,1,6,6,1,57,9,-1,-1,-1,-1,-1,-1,0,-1
2025440188939,2025,440188939,1,21,0,12,12,1,5,0,0,0,0,0,0,0,3,1,6,6,3,-1,-1,-1,-1,-1,-1,-1,-1,0,-1
2025440188939,2025,440188939,2,9,0,13,13,1,5,0,0,0,0,0,0,0,4,1,5,6,1,59,9,-1,-1,-1,-1,5,W01000754,0,5
2025440189027,2025,440189027,1,9,0,18,19,3,7,0,0,0,1,0,0,0,1,1,6,6,1,46,8,-1,-1,-1,-1,2,E01009409,0,5
2025440189027,2025,440189027,2,19,0,3,3,3,0,0,0,0,0,0,0,0,2,1,6,6,1,59,9,-1,-1,-1,-1,9,E01022658,0,4
2025440189238,2025,440189238,2,9,0,18,19,3,7,1,1,1,0,0,0,0,0,1,6,6,1,75,10,-1,-1,-1,-1,9,E01022882,0,4
2025440189238,2025,440189238,1,17,0,18,19,3,7,1,1,1,0,0,0,0,0,1,6,6,3,-1,-1,-1,-1,-1,-1,-1,-1,0,-1
2025440189238,2025,440189238,3,1,0,18,19,7,3,1,1,1,0,0,0,0,0,1,6,6,1,89,11,-1,-1,-1,-1,10,E01023239,0,1
2025440189260,2025,440189260,1,9,0,18,19,5,1,0,0,8,0,0,0,0,1,1,6,6,1,65,9,-1,-1,-1,-1,10,E01032854,0,1
2025440189260,2025,440189260,2,4,0,18,19,3,1,0,0,8,0,0,0,0,1,1,6,6,2,54,8,-1,-1,-1,-1,8,E01022529,0,4
2025440189323,2025,440189323,1,19,0,2,2,0,0,0,0,0,0,0,0,0,2,1,6,6,3,-1,-1,-1,-1,-1,-1,-1,-1,0,-1
2025440189323,2025,440189323,2,9,0,1,1,1,7,0,0,0,0,0,0,0,2,1,6,6,1,-1,-1,-1,-1,-1,-1,10,E01032854,0,1
2025440189381,2025,440189381,1,9,0,18,19,4,8,0,0,0,0,0,0,0,1,1,2,2,2,59,9,-1,-1,-1,-1,5,E01022728,0,3
2025440189414,2025,440189414,1,9,0,18,19,7,3,0,0,0,0,0,0,0,1,1,5,6,1,44,7,-1,-1,-1,-1,4,E01023088,0,1
2025440189509,2025,440189509,1,9,0,18,19,4,1,0,0,3,1,0,1,2,1,1,3,7,2,45,7,-1,-1,-1,-1,10,E01023239,0,1
2025440189531,2025,440189531,1,9,0,5,5,7,3,0,0,1,0,0,0,0,1,1,2,2,2,64,9,-1,-1,-1,-1,9,E01023181,0,1
2025440189531,2025,440189531,2,3,0,3,3,7,3,0,0,1,0,0,0,0,2,1,2,2,2,18,4,-1,-1,-1,-1,8,E01034555,0,2
2025440189687,2025,440189687,1,9,0,18,19,3,7,0,0,0,0,0,0,0,1,1,6,6,1,47,8,-1,-1,-1,-1,7,E01017247,0,1
2025440190005,2025,440190005,1,19,0,18,19,6,2,0,0,0,0,0,0,0,0,1,6,6,1,60,9,-1,-1,-1,-1,8,E01022652,0,3
2025440190313,2025,440190313,1,1,0,18,19,1,5,9,9,8,0,0,0,0,3,1,6,6,1,18,4,-1,-1,-1,-1,5,E01017171,0,1
2025440190313,2025,440190313,2,9,0,18,19,7,3,0,0,4,0,0,0,0,0,1,6,6,1,-1,-1,-1,-1,-1,-1,-1,-1,0,-1
2025440190373,2025,440190373,1,9,0,18,19,4,8,0,0,4,0,0,0,0,2,1,6,6,1,63,9,-1,-1,-1,-1,4,E01017211,0,2
2025440190373,2025,440190373,2,9,0,18,19,4,8,0,0,4,0,0,0,0,1,1,6,6,1,45,7,-1,-1,-1,-1,8,E01023084,0,3
2025440190567,2025,440190567,1,9,0,9,9,4,8,0,0,1,0,0,0,0,1,1,6,6,2,80,11,-1,-1,-1,-1,10,E01023044,0,1
2025440190567,2025,440190567,2,9,0,18,19,8,4,0,0,8,0,0,0,0,1,1,6,6,2,32,6,-1,-1,-1,-1,9,E01023060,0,1
2025440190686,2025,440190686,2,9,0,18,19,7,3,0,0,0,0,0,0,0,2,1,6,6,1,50,8,-1,-1,-1,-1,3,E01034067,0,2
2025440190686,2025,440190686,1,19,0,18,19,7,3,0,0,0,0,0,0,0,1,1,6,6,1,49,8,-1,-1,-1,-1,9,E01022947,0,1
2025440190740,2025,440190740,1,9,0,9,9,1,7,0,0,6,0,0,0,0,3,1,6,6,2,54,8,-1,-1,-1,-1,6,E01017174,0,1
2025440190740,2025,440190740,2,19,0,18,19,7,3,0,0,8,0,0,0,0,1,1,1,1,1,53,8,-1,-1,-1,-1,4,E01017275,0,1
2025440190832,2025,440190832,1,4,0,14,14,1,5,0,0,2,0,0,0,0,4,1,1,1,1,39,7,-1,-1,-1,-1,5,E01030433,0,1
2025440190832,2025,440190832,2,19,0,5,5,1,5,0,0,2,0,0,0,0,3,1,6,6,1,-1,-1,-1,-1,-1,-1,-1,-1,0,-1
2025440191140,2025,440191140,2,3,0,18,19,4,8,0,0,8,0,0,0,0,1,1,2,2,1,33,6,-1,-1,-1,-1,6,E01030767,0,4
2025440191140,2025,440191140,1,5,0,9,9,6,2,0,0,6,0,0,1,0,3,1,5,6,1,63,9,-1,-1,-1,-1,8,E01031466,0,4
2025440191321,2025,440191321,1,19,0,5,5,5,1,0,0,0,0,0,1,0,3,1,6,6,1,19,4,-1,-1,-1,-1,-1,-1,0,-1
2025440191321,2025,440191321,2,9,0,11,11,5,1,0,0,0,0,0,0,0,4,1,6,6,2,37,7,-1,-1,-1,-1,4,E01017217,0,4
2025440191367,2025,440191367,1,1,0,18,19,1,5,5,5,1,0,0,0,0,1,1,2,2,1,21,5,-1,-1,-1,-1,4,E01022711,0,2
2025440192710,2025,440192710,1,9,0,3,3,4,8,0,0,1,0,0,0,0,2,1,5,6,2,26,6,-1,-1,-1,-1,1,E01029297,0,5
2025440192710,2025,440192710,3,9,0,18,19,4,8,0,0,1,0,0,0,0,1,1,5,6,2,68,10,-1,-1,-1,-1,6,E01031846,0,4
2025440192710,2025,440192710,2,9,0,3,3,4,8,0,0,1,0,0,0,0,2,1,5,6,1,35,6,-1,-1,-1,-1,6,E01032051,0,4
2025440192712,2025,440192712,1,11,0,4,4,7,3,0,0,0,0,0,0,0,0,1,1,1,1,-1,-1,-1,-1,-1,-1,-1,-1,0,-1
2025440192774,2025,440192774,1,9,0,6,6,8,8,0,0,8,0,0,0,0,2,1,6,6,1,74,10,-1,-1,-1,-1,9,E01023053,0,2
2025440192994,2025,440192994,1,9,0,18,19,6,2,0,0,0,0,0,0,0,4,1,6,6,1,69,10,-1,-1,-1,-1,6,E01034062,0,2
2025440193205,2025,440193205,1,4,0,18,19,3,7,0,0,0,0,0,0,0,4,1,5,6,1,19,4,-1,-1,-1,-1,5,E01023262,0,4
2025440193586,2025,440193586,1,9,0,18,19,8,4,0,0,0,0,0,0,0,1,1,2,2,2,19,4,-1,-1,-1,-1,10,E01031531,0,2
2025440193586,2025,440193586,2,1,0,18,19,8,4,0,0,0,0,0,0,0,2,1,2,2,1,58,9,-1,-1,-1,-1,9,E01022613,0,1
2025440193708,2025,440193708,2,9,0,18,19,2,6,0,0,4,0,0,0,0,1,1,6,6,2,60,9,-1,-1,-1,-1,9,E01022702,0,2
2025440193708,2025,440193708,1,1,0,18,19,8,4,0,0,8,0,0,0,0,4,1,6,6,1,23,5,-1,-1,-1,-1,10,E01022691,0,2
2025440193763,2025,440193763,1,1,0,18,19,2,6,0,0,0,1,0,0,0,1,1,5,6,1,49,8,-1,-1,-1,-1,9,E01030492,0,4
2025440193958,2025,440193958,1,5,0,4,4,8,4,6,6,0,1,0,0,0,0,1,5,6,2,58,9,-1,-1,-1,-1,10,E01022748,0,1
2025440194011,2025,440194011,1,3,0,16,19,8,3,0,0,2,1,0,0,0,1,1,2,2,1,21,5,-1,-1,-1,-1,1,E01017163,0,3
2025440194174,2025,440194174,1,9,0,18,19,6,2,0,0,2,0,0,0,0,1,1,6,6,2,-1,-1,-1,-1,-1,-1,-1,-1,0,-1
2025440194174,2025,440194174,2,1,0,18,19,8,4,0,0,8,0,0,0,0,3,1,6,6,1,66,10,-1,-1,-1,-1,9,E01022998,0,1
2025440194563,2025,440194563,1,9,0,18,19,3,6,0,0,1,0,0,0,0,4,1,5,6,1,26,6,-1,-1,-1,-1,3,E01001267,0,5
2025440194563,2025,440194563,2,3,0,18,19,3,6,0,0,1,0,0,0,0,3,1,1,1,1,22,5,-1,-1,-1,-1,2,E01032750,0,1
2025440194839,2025,440194839,1,9,0,18,19,3,7,0,0,1,0,0,0,0,2,1,6,6,2,54,8,-1,-1,-1,-1,4,E01022711,0,1
2025440194839,2025,440194839,2,9,0,18,19,3,7,0,0,1,0,0,0,0,1,1,6,6,2,-1,-1,-1,-1,-1,-1,4,E01017217,0,1
2025440194867,2025,440194867,1,9,0,12,12,3,7,0,0,0,0,0,0,0,1,1,5,6,1,30,6,-1,-1,-1,-1,5,E01035458,0,1
2025440194867,2025,440194867,2,9,0,18,19,3,7,0,0,0,0,0,0,0,2,1,1,1,1,-1,-1,-1,-1,-1,-1,-1,-1,0,-1
2025440195012,2025,440195012,1,9,0,18,19,5,1,0,0,8,5,0,1,4,1,1,6,6,2,87,11,-1,-1,-1,-1,9,E01022828,0,1
2025440195077,2025,440195077,1,9,0,17,19,1,6,0,0,0,0,0,0,0,1,1,5,6,1,65,9,-1,-1,-1,-1,8,E01022591,0,4
2025440195077,2025,440195077,2,9,0,16,19,6,1,0,0,0,0,0,0,0,1,1,5,6,1,69,10,-1,-1,-1,-1,6,E01022561,0,3
2025440195378,2025,440195378,2,9,0,9,9,4,3,0,0,6,0,0,0,0,3,1,2,2,3,-1,-1,-1,-1,-1,-1,-1,-1,0,-1
2025440195378,2025,440195378,1,5,0,18,19,3,7,0,0,1,0,0,0,0,1,1,2,2,1,54,8,-1,-1,-1,-1,5,E01023010,0,2
2025440195483,2025,440195483,2,9,0,18,19,1,5,0,0,0,0,0,0,0,1,1,6,6,2,30,6,-1,-1,-1,-1,10,E01023187,0,1
2025440195483,2025,440195483,1,9,0,18,19,5,1,0,0,0,0,0,0,0,1,1,6,6,2,37,7,-1,-1,-1,-1,6,E01035453,0,2
2025440196037,2025,440196037,2,9,0,4,4,5,1,0,0,8,0,0,0,0,2,1,6,6,2,22,5,-1,-1,-1,-1,5,E01023110,0,3
2025440196037,2025,440196037,3,9,0,4,4,5,1,0,0,8,0,0,0,0,1,1,6,6,2,32,6,-1,-1,-1,-1,9,E01022879,0,2
2025440196037,2025,440196037,1,9,0,3,3,5,1,0,0,2,0,0,0,0,2,1,2,2,1,25,5,-1,-1,-1,-1,6,E01017023,0,4
2025440196147,2025,440196147,1,9,0,18,19,3,7,0,0,0,0,0,1,9,0,1,5,6,1,63,9,-1,-1,-1,-1,9,E01017284,0,1
2025440196238,2025,440196238,2,9,0,4,4,2,6,0,0,1,0,0,0,0,1,1,6,6,1,37,7,-1,-1,-1,-1,-1,-1,0,-1
2025440196238,2025,440196238,1,9,0,3,3,2,6,0,0,1,0,0,0,0,2,1,6,6,2,47,8,-1,-1,-1,-1,1,E01017155,0,1
2025440196481,2025,440196481,2,9,0,5,5,1,5,0,0,1,0,0,0,0,1,1,6,6,1,-1,-1,-1,-1,-1,-1,-1,-1,0,-1
2025440196481,2025,440196481,1,9,0,18,19,7,3,0,0,1,0,0,0,0,1,1,6,6,1,-1,-1,-1,-1,-1,-1,-1,-1,0,-1
2025440196678,2025,440196678,2,1,0,18,19,7,3,0,0,0,0,0,0,0,4,1,6,6,1,48,8,-1,-1,-1,-1,1,E01017167,0,1
2025440196678,2025,440196678,1,9,0,18,19,1,5,0,0,0,0,0,0,0,1,1,5,6,1,69,10,-1,-1,-1,-1,4,E01017164,0,1
2025440196906,2025,440196906,1,9,5,18,19,5,1,0,0,0,0,0,0,0,1,1,6,6,2,52,8,-1,-1,-1,-1,-1,-1,0,-1
2025440197000,2025,440197000,1,9,0,9,9,7,5,0,0,8,0,0,0,0,1,1,6,6,2,33,6,-1,-1,-1,-1,6,E01035435,0,1
2025440197000,2025,440197000,2,3,0,18,19,3,7,0,0,1,0,0,0,0,3,1,6,6,2,30,6,-1,-1,-1,-1,9,E01022773,0,2
2025440197202,2025,440197202,2,9,0,9,9,7,3,0,0,8,0,0,0,0,1,1,6,6,2,-1,-1,-1,-1,-1,-1,1,E01017281,0,1
2025440197202,2025,440197202,1,1,0,18,19,1,5,0,0,8,0,0,0,0,3,1,6,6,1,29,6,-1,-1,-1,-1,3,E01017170,0,1
2025440197217,2025,440197217,1,23,0,18,19,6,2,0,0,1,0,0,0,0,1,1,5,6,1,22,5,-1,-1,-1,-1,2,E01022902,0,1
2025440197217,2025,440197217,2,19,0,8,8,4,6,0,0,1,0,0,0,0,4,1,5,6,1,27,6,-1,-1,-1,-1,2,E01022902,0,1
2025440197708,2025,440197708,2,9,0,13,13,6,2,0,0,0,1,0,7,4,1,1,2,2,2,53,8,-1,-1,-1,-1,10,E01023020,0,2
2025440197708,2025,440197708,1,9,0,13,13,6,2,0,0,0,0,0,7,4,1,1,2,2,1,52,8,-1,-1,-1,-1,9,E01015300,0,3
2025440197719,2025,440197719,1,9,0,18,19,4,8,0,0,0,0,0,0,0,4,1,6,6,2,-1,-1,-1,-1,-1,-1,-1,-1,0,-1
2025440198082,2025,440198082,2,3,0,4,4,3,7,0,0,1,0,0,0,0,2,1,5,6,2,39,7,-1,-1,-1,-1,2,E01017132,0,3
2025440198082,2025,440198082,1,9,0,18,19,3,7,0,0,1,0,0,0,0,1,1,5,6,1,28,6,-1,-1,-1,-1,2,E01022913,0,1
2025440198164,2025,440198164,1,11,0,4,4,7,3,0,0,1,0,0,0,0,0,1,1,1,1,37,7,-1,-1,-1,-1,-1,-1,0,-1
2025440198632,2025,440198632,2,9,0,13,13,2,6,0,0,8,0,0,0,0,1,1,5,6,1,31,6,-1,-1,-1,-1,7,E01023116,0,1
2025440198632,2025,440198632,1,9,0,12,12,2,6,0,0,8,1,0,0,0,3,1,5,6,2,87,11,-1,-1,-1,-1,8,E01030890,0,1
2025440199057,2025,440199057,1,4,0,18,19,5,1,0,0,3,0,10,0,0,3,1,5,6,1,26,6,-1,-1,-1,-1,2,E01034730,0,4
2025440199084,2025,440199084,1,5,0,18,19,7,3,0,0,0,1,12,0,0,1,1,6,6,1,66,10,-1,-1,-1,-1,7,E01022812,0,4
2025440199178,2025,440199178,2,9,0,18,19,4,8,0,0,0,2,0,0,0,4,1,6,6,2,18,4,-1,-1,-1,-1,-1,-1,0,-1
2025440199178,2025,440199178,1,9,0,18,19,4,8,0,0,0,0,0,0,0,1,1,6,6,1,19,4,-1,-1,-1,-1,3,E01017350,0,2
2025440199184,2025,440199184,1,9,0,18,19,4,8,0,0,0,0,0,0,0,1,1,5,6,2,19,4,-1,-1,-1,-1,6,E01017212,0,1
2025440199374,2025,440199374,1,9,0,16,19,2,5,0,0,0,5,0,7,11,1,1,5,6,1,35,6,-1,-1,-1,-1,6,E01023056,0,3
2025440199404,2025,440199404,1,19,0,9,9,7,5,0,0,6,0,0,0,0,1,1,1,1,1,27,6,-1,-1,-1,-1,3,E01017194,0,4
2025440199404,2025,440199404,2,1,0,18,19,1,5,0,0,8,0,0,0,0,4,1,2,2,1,30,6,-1,-1,-1,-1,5,E01023216,0,1
2025440199443,2025,440199443,1,9,0,4,4,5,1,0,0,8,0,0,0,0,2,1,5,6,2,71,10,-1,-1,-1,-1,4,W01000456,0,5
2025440199443,2025,440199443,2,3,0,18,19,5,1,0,0,8,0,0,0,0,1,1,6,6,1,-1,-1,-1,-1,-1,-1,-1,-1,0,-1
2025440199476,2025,440199476,2,1,0,18,19,5,1,0,0,8,0,0,0,0,4,1,2,2,1,26,6,-1,-1,-1,-1,4,E01017045,0,1
2025440199476,2025,440199476,1,9,0,16,19,8,3,0,0,3,0,0,0,0,1,1,2,2,1,45,7,-1,-1,-1,-1,5,E01017018,0,1
2025440199525,2025,440199525,2,19,0,18,19,2,6,0,0,0,0,0,0,0,1,1,6,6,3,-1,-1,-1,-1,-1,-1,-1,-1,0,-1
2025440199525,2025,440199525,1,9,0,3,3,2,0,0,0,0,0,0,0,0,2,1,6,6,2,54,8,-1,-1,-1,-1,5,E01017209,0,2
2025440199577,2025,440199577,2,9,0,18,19,8,4,0,0,0,0,0,0,0,1,1,6,6,2,66,10,-1,-1,-1,-1,5,E01022924,0,1
2025440199577,2025,440199577,1,1,0,5,5,2,6,0,0,0,0,0,0,0,3,1,4,7,2,11,3,-1,-1,-1,-1,9,E01022926,0,1
2025440200177,2025,440200177,2,9,0,18,19,3,3,0,0,1,0,0,0,0,0,1,6,6,3,-1,-1,-1,-1,-1,-1,-1,-1,0,-1
2025440200177,2025,440200177,1,9,0,18,19,1,5,0,0,1,5,0,8,10,1,1,3,7,1,18,4,-1,-1,-1,-1,7,E01023185,0,4
2025440200353,2025,440200353,2,9,0,18,19,5,0,0,0,0,0,0,0,0,2,1,6,6,3,-1,-1,-1,-1,-1,-1,-1,-1,0,-1
2025440200353,2025,440200353,1,-1,0,18,19,5,1,0,0,0,0,0,0,0,1,1,6,6,1,21,5,-1,-1,-1,-1,4,E01017083,1,1
2025440200606,2025,440200606,2,19,0,18,19,1,0,0,0,1,0,0,0,0,3,1,1,1,1,23,5,-1,-1,-1,-1,3,E01017075,0,4
2025440200606,2025,440200606,3,9,0,2,2,0,0,0,0,1,0,0,0,0,0,1,1,1,1,28,6,-1,-1,-1,-1,4,E01035446,0,1
2025440200606,2025,440200606,1,1,0,18,19,1,5,0,0,1,0,0,0,0,1,1,2,2,1,41,7,-1,-1,-1,-1,2,E01017219,0,1
2025440200680,2025,440200680,2,-1,0,18,19,3,7,9,9,8,0,0,0,0,1,1,6,6,1,59,9,-1,-1,-1,-1,-1,-1,1,-1
2025440200680,2025,440200680,1,9,0,18,19,5,0,9,9,8,0,0,0,0,3,1,2,2,1,47,8,-1,-1,-1,-1,9,E01022667,0,1
2025440200692,2025,440200692,2,21,1,18,19,5,1,0,0,0,0,0,0,0,3,1,1,1,1,54,8,-1,-1,-1,-1,8,E01031195,0,5
2025440200692,2025,440200692,1,97,0,12,12,5,1,0,0,0,0,0,0,0,3,1,1,1,1,31,6,-1,-1,-1,-1,-1,-1,0,-1
2025440200781,2025,440200781,1,3,0,18,19,7,3,0,0,2,0,0,0,0,1,1,6,6,1,18,4,-1,-1,-1,-1,9,E01017293,0,1
2025440200781,2025,440200781,2,9,0,18,19,1,5,0,0,2,0,0,0,0,1,1,6,6,2,28,6,-1,-1,-1,-1,4,E01017333,0,1
2025440200922,2025,440200922,2,1,0,18,19,6,2,0,0,0,0,0,0,0,1,1,5,6,2,45,7,-1,-1,-1,-1,1,E01017039,0,1
2025440200922,2025,440200922,1,11,0,18,19,1,2,2,2,0,0,0,0,0,4,1,1,1,1,25,5,-1,-1,-1,-1,8,E01022945,0,2
2025440201183,2025,440201183,1,9,0,18,19,3,7,0,0,0,0,0,0,0,1,1,6,6,1,26,6,-1,-1,-1,-1,7,E01030732,0,4
2025440201183,2025,440201183,2,19,0,18,19,3,7,0,0,0,0,0,0,0,2,1,6,6,1,31,6,-1,-1,-1,-1,-1,-1,0,-1
2025440201215,2025,440201215,1,9,0,5,5,7,3,0,0,0,0,0,0,0,1,1,2,2,2,27,6,-1,-1,-1,-1,8,E01023245,0,2
2025440201215,2025,440201215,2,1,0,18,19,1,5,0,0,0,0,0,0,0,3,1,6,6,1,12,3,-1,-1,-1,-1,1,E01017166,0,1
2025440201264,2025,440201264,1,1,0,18,19,3,1,0,0,3,0,0,0,0,1,1,2,2,1,68,10,-1,-1,-1,-1,6,E01022503,0,1
2025440201264,2025,440201264,2,9,0,7,7,1,7,0,0,3,0,0,0,0,2,1,2,2,2,32,6,-1,-1,-1,-1,3,E01022549,0,1
2025440202070,2025,440202070,2,9,0,18,19,3,1,9,9,8,0,0,0,0,1,1,6,6,1,-1,-1,-1,-1,-1,-1,-1,-1,0,-1
2025440202070,2025,440202070,1,1,0,18,19,5,1,9,9,8,0,0,0,0,3,1,6,6,1,44,7,-1,-1,-1,-1,10,E01022629,0,1
2025440202311,2025,440202311,1,9,0,18,19,2,6,0,0,0,0,0,0,0,3,1,6,6,1,47,8,-1,-1,-1,-1,10,E01023287,0,1
2025440202311,2025,440202311,2,9,0,18,19,6,2,0,0,0,0,0,0,0,1,1,6,6,2,66,10,-1,-1,-1,-1,10,E01023239,0,1
2025440202311,2025,440202311,3,9,0,18,19,2,6,0,0,0,0,0,0,0,1,1,6,6,1,54,8,-1,-1,-1,-1,9,E01022665,0,3
2025440202355,2025,440202355,2,19,0,18,19,7,3,0,0,8,0,0,0,0,0,1,6,6,3,-1,-1,-1,-1,-1,-1,-1,-1,0,-1
2025440202355,2025,440202355,3,9,0,18,19,7,3,0,0,8,0,0,0,0,1,1,6,6,2,33,6,-1,-1,-1,-1,4,E01017339,0,3
2025440202355,2025,440202355,1,9,0,18,19,5,1,0,0,8,0,0,0,0,4,1,6,6,2,32,6,-1,-1,-1,-1,3,E01017105,0,1
2025440202471,2025,440202471,2,9,0,4,4,7,3,0,0,0,0,0,0,0,1,1,6,6,2,74,10,-1,-1,-1,-1,8,E01022780,0,2
2025440202471,2025,440202471,1,9,0,4,4,7,3,0,0,0,0,0,0,0,2,1,6,6,1,44,7,-1,-1,-1,-1,7,E01023221,0,2
2025440202502,2025,440202502,1,9,0,18,19,3,7,0,0,0,0,0,0,0,1,1,5,6,2,57,9,-1,-1,-1,-1,9,E01022950,0,1
2025440202563,2025,440202563,1,9,0,18,19,7,5,0,0,0,0,0,0,0,3,1,6,6,2,27,6,-1,-1,-1,-1,10,E01030789,0,4
2025440202563,2025,440202563,2,9,0,18,19,1,7,0,0,0,0,0,0,0,3,1,6,6,1,18,4,-1,-1,-1,-1,3,E01023083,0,1
2025440202580,2025,440202580,1,19,0,18,19,5,1,0,0,8,5,0,1,3,3,1,5,6,1,34,6,-1,-1,-1,-1,4,E01030664,0,4
2025440202580,2025,440202580,2,9,0,18,19,3,7,0,0,8,0,0,0,0,1,1,5,6,1,30,6,-1,-1,-1,-1,7,E01016288,0,3
2025440202765,2025,440202765,1,9,0,18,19,7,3,0,0,4,1,0,3,4,1,1,6,6,1,24,5,-1,-1,-1,-1,8,E01023030,0,1
2025440202817,2025,440202817,1,9,0,18,19,5,1,0,0,8,0,0,0,0,3,1,6,6,1,33,6,-1,-1,-1,-1,3,E01017267,0,1
2025440202817,2025,440202817,2,9,0,18,19,3,7,0,0,8,0,0,0,0,1,1,6,6,1,50,8,-1,-1,-1,-1,-1,-1,0,-1
2025440202862,2025,440202862,1,9,0,18,19,2,1,9,9,0,2,0,0,10,3,1,6,6,1,21,5,-1,-1,-1,-1,10,E01022687,0,2
2025440203085,2025,440203085,2,9,0,18,19,1,5,0,0,0,0,0,0,0,1,1,6,6,2,-1,-1,-1,-1,-1,-1,-1,-1,0,-1
2025440203085,2025,440203085,1,11,0,5,5,1,5,0,0,0,0,0,0,0,0,1,1,1,3,-1,-1,-1,-1,-1,-1,-1,-1,0,-1