collision_index,collision_year,collision_ref_no,vehicle_reference,vehicle_type,towing_and_articulation,vehicle_manoeuvre_historic,vehicle_manoeuvre,vehicle_direction_from,vehicle_direction_to,vehicle_location_restricted_lane_historic,vehicle_location_restricted_lane,junction_location,skidding_and_overturning,hit_object_in_carriageway,vehicle_leaving_carriageway,hit_object_off_carriageway,first_point_of_impact,vehicle_left_hand_drive,journey_purpose_of_driver_historic,journey_purpose_of_driver,sex_of_driver,age_of_driver,age_band_of_driver,engine_capacity_cc,propulsion_code,age_of_vehicle,generic_make_model,driver_imd_decile,lsoa_of_driver,escooter_flag,driver_distance_banding
2025440203333,2025,440203333,2,9,0,18,19,1,5,0,0,8,0,0,0,0,1,1,6,6,2,45,7,-1,-1,-1,-1,9,E01022985,0,1
2025440203333,2025,440203333,1,9,0,18,19,7,3,0,0,8,0,0,0,0,4,1,6,6,1,-1,-1,-1,-1,-1,-1,-1,-1,0,-1
2025440203355,2025,440203355,2,19,0,4,4,3,7,0,0,0,0,0,0,0,2,1,6,6,1,-1,-1,-1,-1,-1,-1,-1,-1,0,-1
2025440203355,2025,440203355,3,9,0,4,4,3,7,0,0,0,0,0,0,0,2,1,6,6,1,34,6,-1,-1,-1,-1,6,E01022927,0,4
2025440203355,2025,440203355,1,9,0,4,4,3,7,0,0,0,0,0,0,0,2,1,6,6,1,-1,-1,-1,-1,-1,-1,-1,-1,0,-1
2025440203355,2025,440203355,4,19,0,4,4,3,7,0,0,0,0,0,0,0,1,1,6,6,1,23,5,-1,-1,-1,-1,10,E01022791,0,3
2025440203568,2025,440203568,2,9,0,1,1,3,7,0,0,0,0,0,0,0,2,1,6,6,1,-1,-1,-1,-1,-1,-1,-1,-1,0,-1
2025440203568,2025,440203568,1,9,0,18,19,3,7,0,0,0,0,0,0,0,1,1,5,6,2,42,7,-1,-1,-1,-1,7,E01022679,0,3
2025440203884,2025,440203884,1,9,0,18,19,5,1,0,0,0,0,0,1,0,1,1,6,6,1,71,10,-1,-1,-1,-1,5,E01015505,0,4
2025440203939,2025,440203939,2,9,0,18,19,1,5,0,0,0,0,0,0,0,1,1,6,6,1,26,6,-1,-1,-1,-1,2,E01017153,0,2
2025440203939,2025,440203939,1,1,0,18,19,7,3,0,0,0,0,0,0,0,3,1,5,6,2,19,4,-1,-1,-1,-1,2,E01022655,0,1
2025440204571,2025,440204571,1,5,0,9,9,3,5,0,0,1,1,0,0,0,3,1,5,6,1,30,6,-1,-1,-1,-1,4,E01017090,0,1
2025440204644,2025,440204644,1,1,0,18,19,7,3,0,0,8,0,0,0,0,3,1,2,2,2,52,8,-1,-1,-1,-1,7,E01023252,0,1
2025440204653,2025,440204653,2,9,0,18,19,8,4,0,0,1,0,0,0,0,1,1,6,6,1,18,4,-1,-1,-1,-1,1,E01022968,0,1
2025440204653,2025,440204653,1,8,0,18,19,6,2,0,0,6,0,0,0,0,4,1,1,1,1,28,6,-1,-1,-1,-1,2,E01022900,0,1
2025440204715,2025,440204715,2,9,0,18,19,1,5,0,0,2,0,0,0,0,0,1,1,1,1,24,5,-1,-1,-1,-1,6,E01022592,0,1
2025440204715,2025,440204715,1,1,0,18,19,5,1,0,0,2,0,0,1,0,0,1,6,6,1,71,10,-1,-1,-1,-1,9,E01022618,0,3
2025440204874,2025,440204874,2,9,0,9,9,1,7,0,0,6,0,0,0,0,3,1,6,6,1,-1,-1,-1,-1,-1,-1,-1,-1,0,-1
2025440204874,2025,440204874,1,9,0,18,19,7,3,0,0,8,0,0,0,0,1,1,6,6,1,22,5,-1,-1,-1,-1,10,E01022686,0,2
2025440204904,2025,440204904,1,3,0,18,19,5,1,0,0,8,0,0,0,0,1,1,5,6,1,57,9,-1,-1,-1,-1,4,E01022657,0,4
2025440204904,2025,440204904,2,9,0,9,9,7,1,0,0,2,0,0,0,0,4,1,1,1,1,52,8,-1,-1,-1,-1,9,E01022665,0,3
2025440204912,2025,440204912,1,3,0,18,19,8,4,0,0,0,1,0,0,0,4,1,6,6,1,23,5,-1,-1,-1,-1,4,E01022723,0,3
2025440205126,2025,440205126,1,90,0,18,19,3,7,0,0,0,0,0,0,0,1,1,6,6,1,23,5,-1,-1,-1,-1,4,E01017068,0,1
2025440205586,2025,440205586,2,1,0,18,19,5,1,0,0,8,0,0,0,0,4,1,2,2,1,52,8,-1,-1,-1,-1,9,E01023217,0,1
2025440205586,2025,440205586,1,9,0,18,19,7,3,0,0,4,0,0,0,0,1,1,2,2,1,28,6,-1,-1,-1,-1,10,E01023218,0,1
2025440205643,2025,440205643,2,9,0,18,19,4,8,0,0,0,0,0,0,0,2,1,2,2,2,60,9,-1,-1,-1,-1,4,E01017289,0,2
2025440205643,2025,440205643,1,9,0,18,19,4,8,0,0,0,0,0,0,0,1,1,6,6,1,39,7,-1,-1,-1,-1,5,E01017317,0,2
2025440205643,2025,440205643,3,19,0,18,19,8,4,0,0,0,0,0,0,0,1,1,1,1,1,24,5,-1,-1,-1,-1,2,E01017366,0,3
2025440205994,2025,440205994,2,3,0,9,9,2,8,0,0,8,0,10,1,0,0,1,2,2,1,19,4,-1,-1,-1,-1,10,E01023047,0,1
2025440205994,2025,440205994,1,9,0,18,19,8,4,0,0,1,0,0,0,0,0,1,2,2,2,53,8,-1,-1,-1,-1,5,E01023082,0,2
2025440206025,2025,440206025,2,9,0,18,19,8,4,0,0,4,0,0,0,0,1,1,6,6,1,24,5,-1,-1,-1,-1,7,E01023167,0,3
2025440206025,2025,440206025,1,9,0,5,5,8,4,0,0,4,0,0,0,0,2,1,6,6,1,28,6,-1,-1,-1,-1,-1,-1,0,-1
2025440206243,2025,440206243,1,9,0,18,19,5,1,0,0,4,0,0,0,0,1,1,6,6,2,45,7,-1,-1,-1,-1,1,E01017207,0,2
2025440206243,2025,440206243,2,9,0,18,19,5,1,0,0,4,0,0,0,0,2,1,6,6,2,37,7,-1,-1,-1,-1,5,E01022678,0,1
2025440206566,2025,440206566,1,9,0,3,3,1,1,0,0,1,0,0,0,0,2,1,6,6,2,35,6,-1,-1,-1,-1,7,E01017344,0,1
2025440206566,2025,440206566,2,9,0,3,3,1,1,0,0,1,0,0,0,0,1,1,6,6,1,51,8,-1,-1,-1,-1,7,E01017344,0,1
2025440206590,2025,440206590,1,9,0,14,14,7,3,0,0,2,0,0,0,0,1,1,6,6,1,64,9,-1,-1,-1,-1,3,E01022681,0,1
2025440206676,2025,440206676,2,9,0,18,19,3,7,0,0,0,0,0,0,0,1,1,6,6,2,49,8,-1,-1,-1,-1,-1,-1,0,-1
2025440206676,2025,440206676,1,-1,0,18,19,2,6,0,0,0,0,0,0,0,3,1,6,6,2,15,3,-1,-1,-1,-1,3,E01022959,1,1
2025440206745,2025,440206745,2,9,0,18,19,2,6,0,0,1,0,0,0,0,1,1,6,6,2,-1,-1,-1,-1,-1,-1,-1,-1,0,-1
2025440206745,2025,440206745,1,9,0,5,5,2,6,0,0,1,0,0,0,0,2,1,6,6,2,24,5,-1,-1,-1,-1,3,E01017170,0,1
2025440206771,2025,440206771,3,9,0,9,9,6,2,0,0,6,0,0,0,0,4,1,2,2,1,41,7,-1,-1,-1,-1,7,E01022673,0,3
2025440206771,2025,440206771,2,9,0,18,19,1,5,0,0,8,0,0,0,0,1,1,2,2,1,76,11,-1,-1,-1,-1,8,E01022733,0,3
2025440206771,2025,440206771,1,9,0,18,19,2,6,0,0,8,0,0,0,0,3,1,6,6,2,82,11,-1,-1,-1,-1,7,E01023277,0,1
2025440207381,2025,440207381,1,9,0,7,7,6,4,0,0,1,0,0,0,0,1,1,6,6,1,27,6,-1,-1,-1,-1,10,E01022874,0,1
2025440207381,2025,440207381,2,5,0,18,19,5,4,0,0,2,0,0,0,0,1,1,6,6,1,64,9,-1,-1,-1,-1,10,E01022876,0,1
2025440207432,2025,440207432,1,1,0,18,19,8,4,0,0,1,0,0,0,0,4,1,6,6,1,13,3,-1,-1,-1,-1,7,E01023141,0,1
2025440207432,2025,440207432,2,9,0,18,19,2,4,0,0,1,0,0,0,0,1,1,6,6,1,46,8,-1,-1,-1,-1,-1,-1,0,-1
2025440207841,2025,440207841,1,19,0,7,7,6,8,9,9,6,0,0,0,0,1,1,1,1,1,57,9,-1,-1,-1,-1,4,E01017090,0,1
2025440207841,2025,440207841,2,1,0,18,19,8,4,9,9,8,0,0,0,0,3,1,6,6,1,72,10,-1,-1,-1,-1,3,E01017079,0,1
2025440208178,2025,440208178,1,19,0,5,5,8,4,0,0,4,0,0,0,0,2,1,6,6,1,34,6,-1,-1,-1,-1,5,E01017152,0,1
2025440208178,2025,440208178,2,9,0,18,19,8,4,0,0,4,0,0,0,0,1,1,6,6,2,62,9,-1,-1,-1,-1,1,E01017274,0,2
2025440208207,2025,440208207,3,9,0,18,19,5,1,0,0,1,0,0,0,0,1,1,6,6,1,-1,-1,-1,-1,-1,-1,3,E01022635,0,1
2025440208207,2025,440208207,1,9,0,18,19,3,7,0,0,8,0,0,0,0,4,1,6,6,2,49,8,-1,-1,-1,-1,7,E01022641,0,1
2025440208207,2025,440208207,2,9,0,7,7,5,7,0,0,8,0,0,0,0,1,1,6,6,3,-1,-1,-1,-1,-1,-1,-1,-1,0,-1
2025440208347,2025,440208347,1,9,0,9,9,7,5,0,0,8,0,0,0,0,4,1,6,6,2,72,10,-1,-1,-1,-1,8,E01017287,0,1
2025440208347,2025,440208347,2,9,0,18,19,3,7,0,0,4,0,0,0,0,1,1,6,6,2,28,6,-1,-1,-1,-1,1,E01017332,0,2
2025440208390,2025,440208390,1,9,0,18,19,8,4,0,0,2,0,0,1,2,1,1,5,6,2,38,7,-1,-1,-1,-1,4,E01016519,0,4
2025440208741,2025,440208741,1,3,0,18,19,3,7,0,0,8,0,0,0,0,1,1,2,2,1,22,5,-1,-1,-1,-1,1,E01022917,0,1
2025440208917,2025,440208917,1,9,0,9,9,6,4,0,0,5,0,0,0,0,4,1,5,6,2,24,5,-1,-1,-1,-1,4,E01029230,0,5
2025440208917,2025,440208917,2,9,0,18,19,2,6,0,0,1,0,0,0,0,1,1,5,6,1,19,4,-1,-1,-1,-1,10,E01022748,0,2
2025440208920,2025,440208920,2,9,0,18,19,6,2,0,0,0,0,0,0,0,2,1,6,6,1,68,10,-1,-1,-1,-1,7,E01028508,0,5
2025440208920,2025,440208920,1,9,0,18,19,6,2,0,0,0,0,0,0,0,1,1,6,6,2,20,4,-1,-1,-1,-1,7,E01022909,0,2
2025440209042,2025,440209042,1,9,0,18,19,1,5,0,0,1,1,7,8,3,1,1,6,6,1,17,4,-1,-1,-1,-1,2,E01017216,0,4
2025440209042,2025,440209042,2,9,0,2,2,0,0,0,0,2,0,0,0,0,1,1,5,6,1,28,6,-1,-1,-1,-1,-1,-1,0,-1
2025440209080,2025,440209080,1,9,0,18,19,8,4,0,0,0,0,0,0,0,1,1,6,6,1,-1,-1,-1,-1,-1,-1,-1,-1,0,-1
2025440209163,2025,440209163,1,5,0,18,19,1,5,0,0,0,0,12,0,0,1,1,5,6,1,62,9,-1,-1,-1,-1,6,E01023017,0,1
2025440209203,2025,440209203,1,9,0,18,19,4,8,0,0,1,0,0,0,0,1,1,6,6,1,45,7,-1,-1,-1,-1,2,E01002606,0,4
2025440209203,2025,440209203,2,9,0,10,10,4,2,0,0,1,0,0,0,0,2,1,6,6,2,35,6,-1,-1,-1,-1,9,E01023227,0,1
2025440209410,2025,440209410,2,9,0,7,7,7,1,0,0,6,0,0,0,0,1,1,6,6,2,45,7,-1,-1,-1,-1,9,E01022564,0,4
2025440209410,2025,440209410,1,9,0,3,3,5,1,0,0,2,0,0,0,0,2,1,6,6,2,38,7,-1,-1,-1,-1,4,E01017192,0,1
2025440209429,2025,440209429,1,9,0,1,1,3,7,0,0,6,0,0,0,0,2,1,6,6,1,-1,-1,-1,-1,-1,-1,-1,-1,0,-1
2025440209526,2025,440209526,1,9,0,9,9,2,8,0,0,5,0,0,0,0,4,1,5,6,1,75,10,-1,-1,-1,-1,-1,-1,0,-1
2025440209526,2025,440209526,2,19,0,18,19,6,2,0,0,8,0,0,0,0,1,1,1,1,1,45,7,-1,-1,-1,-1,8,E01022651,0,2
2025440209529,2025,440209529,1,9,0,18,19,5,1,0,0,0,0,0,0,0,1,1,5,6,1,47,8,-1,-1,-1,-1,4,E01017362,0,3
2025440209529,2025,440209529,2,9,0,17,19,8,5,0,0,0,0,0,0,0,1,1,5,6,2,71,10,-1,-1,-1,-1,-1,-1,0,-1
2025440209540,2025,440209540,1,9,0,9,9,4,1,0,0,1,0,0,0,0,3,1,2,2,1,48,8,-1,-1,-1,-1,5,E01017018,0,1
2025440209540,2025,440209540,2,3,0,13,13,4,8,0,0,1,0,0,0,0,1,1,6,6,1,23,5,-1,-1,-1,-1,2,E01022934,0,3
2025440209691,2025,440209691,1,9,0,18,19,3,7,0,0,0,0,0,0,0,3,1,6,6,2,27,6,-1,-1,-1,-1,3,E01022908,0,1
2025440209838,2025,440209838,1,3,0,18,19,5,1,0,0,1,0,0,0,0,1,1,4,7,1,17,4,-1,-1,-1,-1,10,E01022856,0,2
2025440209838,2025,440209838,2,9,0,4,4,5,1,0,0,1,0,0,0,0,2,1,5,6,1,55,8,-1,-1,-1,-1,8,E01023149,0,1
2025440209889,2025,440209889,1,9,0,18,19,6,2,0,0,8,0,0,0,0,1,1,5,6,1,81,11,-1,-1,-1,-1,5,E01022980,0,1
2025440209889,2025,440209889,2,9,0,18,19,2,6,0,0,8,0,0,1,0,1,1,2,2,1,53,8,-1,-1,-1,-1,4,E01017198,0,3
2025440210088,2025,440210088,1,1,0,18,19,5,1,0,0,1,0,0,0,0,3,1,3,7,2,15,3,-1,-1,-1,-1,9,E01022826,0,1
2025440210088,2025,440210088,2,19,0,1,1,3,7,0,0,6,0,0,0,0,2,1,6,6,3,-1,-1,-1,-1,-1,-1,-1,-1,0,-1
2025440210215,2025,440210215,1,9,0,18,19,8,4,0,0,0,0,0,0,0,1,1,5,6,1,28,6,-1,-1,-1,-1,2,E01017201,0,1
2025440210233,2025,440210233,1,8,0,1,1,7,3,0,0,0,0,0,0,0,2,1,1,1,1,-1,-1,-1,-1,-1,-1,-1,-1,0,-1
2025440210257,2025,440210257,2,4,0,18,19,4,8,0,0,1,0,0,0,0,1,1,6,6,1,18,4,-1,-1,-1,-1,6,E01023237,0,1
2025440210257,2025,440210257,1,9,0,9,9,6,2,0,0,5,0,0,0,0,4,1,6,6,2,84,11,-1,-1,-1,-1,6,E01023250,0,1
2025440210339,2025,440210339,1,23,0,18,19,5,1,0,0,1,0,0,0,0,1,1,6,6,1,-1,-1,-1,-1,-1,-1,-1,-1,0,-1
2025440210351,2025,440210351,1,1,0,18,19,1,5,0,0,1,0,0,0,0,1,1,6,6,1,8,2,-1,-1,-1,-1,1,E01022933,0,1
2025440210351,2025,440210351,2,19,0,9,9,7,3,0,0,1,0,0,0,0,4,1,2,2,1,52,8,-1,-1,-1,-1,9,E01022950,0,1
2025440210563,2025,440210563,2,8,0,3,3,4,8,0,0,1,0,0,0,0,2,1,1,1,1,53,8,-1,-1,-1,-1,9,E01022774,0,2
2025440210563,2025,440210563,1,9,0,18,19,4,8,0,0,1,0,0,0,0,1,1,5,6,1,21,5,-1,-1,-1,-1,5,E01022814,0,1
2025440210704,2025,440210704,1,-1,0,18,19,7,3,9,9,2,0,0,0,0,1,1,5,6,1,18,4,-1,-1,-1,-1,9,E01032849,1,4
2025440211049,2025,440211049,1,9,0,18,19,7,3,0,0,0,0,0,0,0,1,1,2,2,1,24,5,-1,-1,-1,-1,9,E01022789,0,2
2025440211049,2025,440211049,2,19,0,4,4,7,3,0,0,0,0,0,0,0,2,1,1,1,1,40,7,-1,-1,-1,-1,10,E01023207,0,4
2025440211132,2025,440211132,2,1,0,18,19,8,4,0,0,1,0,0,0,0,1,1,1,1,1,31,6,-1,-1,-1,-1,-1,-1,0,-1
2025440211132,2025,440211132,1,9,0,9,9,4,2,0,0,5,0,0,0,0,4,1,2,2,2,37,7,-1,-1,-1,-1,4,E01017192,0,1
2025440211532,2025,440211532,3,19,0,18,19,2,6,0,0,0,0,0,0,0,1,1,6,6,1,44,7,-1,-1,-1,-1,7,E01023008,0,2
2025440211532,2025,440211532,1,9,0,4,4,2,6,0,0,0,0,0,0,0,2,1,6,6,1,54,8,-1,-1,-1,-1,8,E01023048,0,1
2025440211532,2025,440211532,2,9,0,4,4,2,6,0,0,0,0,0,0,0,2,1,6,6,2,36,7,-1,-1,-1,-1,4,E01023085,0,1
2025440212044,2025,440212044,1,3,0,16,19,1,3,0,0,1,0,0,7,1,1,1,5,6,1,21,5,-1,-1,-1,-1,1,E01017163,0,3
2025440212135,2025,440212135,1,9,0,5,5,2,6,0,0,8,0,0,0,0,4,1,5,6,1,43,7,-1,-1,-1,-1,4,E01034469,0,5
2025440212135,2025,440212135,2,9,0,18,19,4,8,0,0,1,0,0,0,0,1,1,5,6,1,22,5,-1,-1,-1,-1,-1,-1,0,-1
2025440212251,2025,440212251,3,9,0,4,4,8,4,0,0,1,0,0,0,0,2,1,5,6,1,69,10,-1,-1,-1,-1,10,E01016343,0,3
2025440212251,2025,440212251,2,9,0,4,4,8,4,0,0,1,0,0,0,0,2,1,2,2,1,36,7,-1,-1,-1,-1,8,E01032843,0,2
2025440212251,2025,440212251,1,9,0,18,19,8,4,0,0,1,0,0,0,0,1,1,5,6,1,58,9,-1,-1,-1,-1,9,E01022555,0,1
2025440212408,2025,440212408,1,-1,0,18,19,5,1,9,9,0,0,0,0,0,3,1,6,6,1,-1,-1,-1,-1,-1,-1,-1,-1,1,-1
2025440212559,2025,440212559,1,4,0,18,19,6,2,0,0,2,0,0,0,0,3,1,5,6,1,34,6,-1,-1,-1,-1,5,E01017043,0,1
2025440212559,2025,440212559,2,9,0,18,19,2,6,0,0,1,0,0,0,0,3,1,6,6,3,-1,-1,-1,-1,-1,-1,-1,-1,0,-1
2025440213237,2025,440213237,1,9,0,9,9,5,3,0,0,8,0,0,0,0,3,1,5,6,2,31,6,-1,-1,-1,-1,9,E01023264,0,2
2025440213237,2025,440213237,2,5,0,18,19,3,7,0,0,1,1,0,0,0,1,1,5,6,1,76,11,-1,-1,-1,-1,10,E01023248,0,3
2025440213727,2025,440213727,1,9,0,18,19,2,6,0,0,0,0,0,0,0,4,1,6,6,2,-1,-1,-1,-1,-1,-1,-1,-1,0,-1
2025440213859,2025,440213859,1,1,0,18,19,3,7,0,0,8,0,0,0,0,1,1,6,6,1,16,4,-1,-1,-1,-1,1,E01017154,0,1
2025440213859,2025,440213859,2,11,0,18,19,2,6,2,2,8,0,0,0,0,4,1,1,1,1,36,7,-1,-1,-1,-1,5,E01017159,0,1
2025440213905,2025,440213905,2,19,0,18,19,6,2,0,0,1,0,0,0,0,2,1,6,6,1,44,7,-1,-1,-1,-1,5,E01023086,0,3
2025440213905,2025,440213905,1,9,0,18,19,6,2,0,0,1,0,0,0,0,1,1,6,6,2,25,5,-1,-1,-1,-1,8,E01015351,0,4
2025440214061,2025,440214061,1,9,0,18,19,7,3,0,0,0,0,0,0,0,1,1,6,6,2,39,7,-1,-1,-1,-1,9,E01020391,0,4
2025440214101,2025,440214101,1,1,0,18,19,3,7,0,0,0,0,0,0,0,4,1,6,6,1,42,7,-1,-1,-1,-1,9,E01022676,0,1
2025440214101,2025,440214101,2,9,0,18,19,7,3,0,0,0,0,0,0,0,1,1,6,6,3,-1,-1,-1,-1,-1,-1,-1,-1,0,-1
2025440214121,2025,440214121,2,9,0,18,19,2,6,0,0,1,0,0,0,0,2,1,5,6,2,32,6,-1,-1,-1,-1,10,E01022686,0,2
2025440214121,2025,440214121,1,9,0,18,19,2,6,0,0,1,0,0,0,0,1,1,6,6,3,-1,-1,-1,-1,-1,-1,-1,-1,0,-1
2025440214132,2025,440214132,1,9,0,18,19,5,1,0,0,0,0,0,0,0,3,1,6,6,1,-1,-1,-1,-1,-1,-1,-1,-1,0,-1
2025440214181,2025,440214181,1,9,0,9,9,7,5,0,0,8,0,0,0,0,1,1,6,6,1,42,7,-1,-1,-1,-1,4,E01017277,0,1
2025440214181,2025,440214181,2,9,0,18,19,3,7,0,0,8,0,0,0,0,3,1,6,6,2,49,8,-1,-1,-1,-1,5,E01023027,0,2
2025440214495,2025,440214495,1,90,0,18,19,3,7,0,0,8,0,0,0,0,0,1,6,6,1,28,6,-1,-1,-1,-1,7,E01022792,0,4
2025440214636,2025,440214636,1,9,0,4,4,6,5,9,9,1,0,7,7,2,1,1,5,6,1,21,5,-1,-1,-1,-1,8,E01022733,0,3
2025440214700,2025,440214700,1,9,0,18,19,5,1,0,0,0,2,0,1,4,4,1,2,2,1,21,5,-1,-1,-1,-1,2,E01022966,0,2
2025440214721,2025,440214721,1,9,0,9,9,7,5,0,0,6,0,0,0,0,1,1,6,6,3,-1,-1,-1,-1,-1,-1,-1,-1,0,-1
2025440214805,2025,440214805,1,9,0,18,19,1,5,0,0,0,0,0,0,0,2,1,6,6,2,27,6,-1,-1,-1,-1,8,E01022829,0,1
2025440214805,2025,440214805,2,9,0,18,19,1,5,0,0,0,0,0,0,0,1,1,6,6,2,-1,-1,-1,-1,-1,-1,5,E01032883,0,1
2025440215117,2025,440215117,2,9,0,18,19,1,1,0,0,2,0,0,0,0,1,1,6,6,2,30,6,-1,-1,-1,-1,6,E01022561,0,1
2025440215117,2025,440215117,1,1,0,18,19,6,3,0,0,2,0,0,0,0,4,1,6,6,1,33,6,-1,-1,-1,-1,8,E01032841,0,3
2025440215179,2025,440215179,1,9,0,18,19,1,2,0,0,8,0,0,0,0,1,1,6,6,2,-1,-1,-1,-1,-1,-1,9,E01022547,0,2
2025440215179,2025,440215179,2,9,0,10,10,1,2,0,0,8,0,0,0,0,2,1,6,6,2,38,7,-1,-1,-1,-1,10,E01022516,0,2
2025440215180,2025,440215180,2,9,0,4,4,3,7,0,0,0,0,0,0,0,2,1,5,6,2,21,5,-1,-1,-1,-1,5,E01015331,0,4
2025440215180,2025,440215180,3,9,0,4,4,3,7,0,0,0,0,0,0,0,2,1,5,6,3,-1,-1,-1,-1,-1,-1,-1,-1,0,-1
2025440215180,2025,440215180,1,9,0,18,19,3,7,0,0,0,0,0,0,0,1,1,6,6,1,47,8,-1,-1,-1,-1,3,E01017179,0,2
2025440215239,2025,440215239,1,1,0,18,19,4,8,0,0,0,0,0,0,0,0,1,6,6,2,35,6,-1,-1,-1,-1,5,E01017209,0,2
2025440215428,2025,440215428,2,5,0,18,19,1,5,0,0,8,1,0,0,0,1,1,6,6,1,24,5,-1,-1,-1,-1,9,E01022594,0,4
2025440215428,2025,440215428,1,9,0,5,5,7,1,0,0,2,0,0,0,0,3,1,6,6,1,47,8,-1,-1,-1,-1,-1,-1,0,-1
2025440215568,2025,440215568,1,5,0,9,9,2,4,0,0,8,1,0,0,0,0,1,2,2,1,58,9,-1,-1,-1,-1,10,E01022851,0,1
2025440215880,2025,440215880,2,9,0,18,19,6,2,0,0,0,0,12,0,0,1,1,6,6,2,29,6,-1,-1,-1,-1,9,E01022580,0,2
2025440215880,2025,440215880,4,9,0,18,19,6,2,0,0,0,0,12,0,0,1,1,6,6,2,52,8,-1,-1,-1,-1,7,E01022604,0,1
2025440215880,2025,440215880,3,19,0,18,19,6,2,0,0,0,0,12,0,0,1,1,6,6,1,39,7,-1,-1,-1,-1,6,E01003327,0,4
2025440215880,2025,440215880,1,9,0,18,19,6,2,0,0,0,0,12,0,0,1,1,6,6,2,75,10,-1,-1,-1,-1,9,E01034719,0,3
2025440216260,2025,440216260,3,9,0,18,19,0,0,0,0,0,0,0,0,0,2,1,6,6,3,-1,-1,-1,-1,-1,-1,-1,-1,0,-1
2025440216260,2025,440216260,1,9,0,18,19,6,2,0,0,0,0,0,0,0,1,1,6,6,1,29,6,-1,-1,-1,-1,1,E01017331,0,1
2025440216260,2025,440216260,2,9,0,2,2,0,0,0,0,0,0,0,1,0,2,1,6,6,1,80,11,-1,-1,-1,-1,5,E01017310,0,1
2025440216442,2025,440216442,2,5,0,12,12,3,7,0,0,1,0,0,0,0,3,1,6,6,1,55,8,-1,-1,-1,-1,5,E01017353,0,3
2025440216442,2025,440216442,1,5,0,13,13,3,7,0,0,1,0,0,0,0,4,1,6,6,1,46,8,-1,-1,-1,-1,4,E01017357,0,3
2025440216483,2025,440216483,2,9,0,18,19,1,5,0,0,2,0,0,4,6,2,1,5,6,1,22,5,-1,-1,-1,-1,-1,-1,0,-1
2025440216483,2025,440216483,1,9,0,18,19,1,5,0,0,2,0,0,4,6,1,1,5,6,1,86,11,-1,-1,-1,-1,7,E01023235,0,4
2025440216860,2025,440216860,1,-1,0,18,19,8,4,9,9,0,0,0,0,0,1,1,6,6,2,-1,-1,-1,-1,-1,-1,-1,-1,1,-1
2025440216911,2025,440216911,1,9,0,13,13,2,6,0,0,0,1,0,0,0,1,1,5,6,1,54,8,-1,-1,-1,-1,-1,-1,0,-1
2025440216911,2025,440216911,2,9,0,18,19,6,2,0,0,0,0,0,0,0,3,1,6,6,3,-1,-1,-1,-1,-1,-1,-1,-1,0,-1
2025440216916,2025,440216916,2,9,0,18,19,1,5,0,0,0,0,0,0,0,1,1,5,6,1,36,7,-1,-1,-1,-1,8,E01022780,0,4
2025440216916,2025,440216916,1,9,0,18,19,5,1,0,0,0,0,0,0,0,1,1,5,6,2,64,9,-1,-1,-1,-1,8,E01022622,0,1
2025440217520,2025,440217520,2,9,0,18,19,3,7,0,0,0,0,0,0,0,1,1,1,1,2,22,5,-1,-1,-1,-1,5,E01023192,0,1
2025440217520,2025,440217520,1,5,0,18,19,7,3,0,0,0,0,0,0,0,1,1,1,1,1,33,6,-1,-1,-1,-1,3,E01023058,0,4
2025440217529,2025,440217529,1,9,0,18,19,7,3,0,0,4,0,0,0,0,1,1,2,2,1,64,9,-1,-1,-1,-1,4,E01023153,0,1
2025440217529,2025,440217529,2,3,0,18,19,5,1,0,0,8,0,0,0,0,4,1,2,2,1,44,7,-1,-1,-1,-1,5,E01035461,0,1
2025440217576,2025,440217576,2,9,0,18,19,1,5,0,0,0,0,0,0,0,1,1,1,1,1,37,7,-1,-1,-1,-1,2,E01022550,0,1
2025440217576,2025,440217576,1,19,0,18,19,1,5,0,0,0,0,0,0,0,2,1,1,1,2,27,6,-1,-1,-1,-1,2,E01028692,0,4
2025440218138,2025,440218138,1,9,0,7,7,5,7,0,0,5,0,0,0,0,2,1,2,2,1,46,8,-1,-1,-1,-1,2,E01022915,0,1
2025440218138,2025,440218138,4,9,0,7,7,5,7,0,0,5,0,0,0,0,1,1,5,6,2,33,6,-1,-1,-1,-1,4,E01015804,0,5
2025440218138,2025,440218138,3,9,0,7,7,5,7,0,0,5,0,0,0,0,2,1,5,6,2,51,8,-1,-1,-1,-1,7,E01031543,0,1
2025440218138,2025,440218138,2,9,0,7,7,5,7,0,0,5,0,0,0,0,2,1,5,6,1,-1,-1,-1,-1,-1,-1,6,E01022911,0,1
2025440218533,2025,440218533,1,9,0,18,19,1,5,0,0,0,0,0,0,0,1,1,6,6,3,-1,-1,-1,-1,-1,-1,-1,-1,0,-1
2025440219193,2025,440219193,1,9,0,18,19,3,7,0,0,8,0,0,0,0,1,1,6,6,1,-1,-1,-1,-1,-1,-1,-1,-1,0,-1
2025440219264,2025,440219264,2,9,0,18,19,8,4,0,0,0,0,0,0,0,1,1,2,2,1,62,9,-1,-1,-1,-1,9,E01030934,0,2
2025440219264,2025,440219264,1,9,0,18,19,4,8,0,0,0,0,0,0,0,1,1,2,2,1,41,7,-1,-1,-1,-1,9,E01022601,0,1