collision_index,collision_year,collision_ref_no,vehicle_reference,vehicle_type,towing_and_articulation,vehicle_manoeuvre_historic,vehicle_manoeuvre,vehicle_direction_from,vehicle_direction_to,vehicle_location_restricted_lane_historic,vehicle_location_restricted_lane,junction_location,skidding_and_overturning,hit_object_in_carriageway,vehicle_leaving_carriageway,hit_object_off_carriageway,first_point_of_impact,vehicle_left_hand_drive,journey_purpose_of_driver_historic,journey_purpose_of_driver,sex_of_driver,age_of_driver,age_band_of_driver,engine_capacity_cc,propulsion_code,age_of_vehicle,generic_make_model,driver_imd_decile,lsoa_of_driver,escooter_flag,driver_distance_banding
2025440256035,2025,440256035,1,-1,0,18,19,5,7,0,0,0,0,4,0,0,1,1,6,6,1,19,4,-1,-1,-1,-1,2,E01017019,1,1
2025440256035,2025,440256035,2,9,0,2,2,0,0,0,0,0,0,0,0,0,4,1,6,6,3,-1,-1,-1,-1,-1,-1,-1,-1,0,-1
2025440256205,2025,440256205,2,97,0,18,19,7,3,0,0,1,0,0,0,0,1,1,6,6,1,58,9,-1,-1,-1,-1,10,E01023220,0,1
2025440256205,2025,440256205,1,9,0,9,9,3,1,0,0,8,0,0,0,0,1,1,6,6,2,43,7,-1,-1,-1,-1,10,E01023220,0,1
2025440256394,2025,440256394,1,3,0,18,19,4,8,0,0,1,0,0,1,4,1,1,5,6,1,22,5,-1,-1,-1,-1,4,E01017312,0,2
2025440257150,2025,440257150,1,9,0,10,10,5,3,0,0,0,0,0,0,0,2,1,2,2,2,19,4,-1,-1,-1,-1,8,E01020343,0,2
2025440257150,2025,440257150,2,9,0,18,19,5,1,0,0,0,1,0,0,0,1,1,2,2,1,36,7,-1,-1,-1,-1,10,E01023035,0,1
2025440257168,2025,440257168,2,9,0,2,2,0,0,0,0,0,0,0,0,0,2,1,6,6,3,-1,-1,-1,-1,-1,-1,-1,-1,0,-1
2025440257168,2025,440257168,1,9,0,18,19,5,1,0,0,0,0,0,0,0,1,1,6,6,1,61,9,-1,-1,-1,-1,7,E01017285,0,3
2025440257193,2025,440257193,2,1,0,18,19,3,7,0,0,0,0,0,0,0,3,1,6,6,2,43,7,-1,-1,-1,-1,10,E01030789,0,4
2025440257193,2025,440257193,1,9,0,18,19,7,3,0,0,0,0,0,0,0,3,1,6,6,3,-1,-1,-1,-1,-1,-1,-1,-1,0,-1
2025440257310,2025,440257310,1,9,0,18,19,7,3,0,0,0,5,7,0,0,1,1,6,6,2,52,8,-1,-1,-1,-1,4,E01022621,0,1
2025440257344,2025,440257344,2,9,0,18,19,1,5,0,0,0,0,0,0,0,1,1,5,6,2,32,6,-1,-1,-1,-1,6,E01022701,0,1
2025440257344,2025,440257344,1,9,0,18,19,1,5,0,0,0,0,0,0,0,2,1,5,6,2,27,6,-1,-1,-1,-1,9,E01022683,0,2
2025440257417,2025,440257417,2,3,0,18,19,8,4,0,0,0,0,0,0,0,1,1,5,6,1,18,4,-1,-1,-1,-1,4,E01023261,0,2
2025440257417,2025,440257417,1,9,0,4,4,8,4,0,0,0,0,0,0,0,2,1,5,6,1,18,4,-1,-1,-1,-1,10,E01022647,0,3
2025440257983,2025,440257983,1,9,0,18,19,5,1,0,0,8,0,0,0,0,1,1,6,6,2,43,7,-1,-1,-1,-1,9,E01022674,0,2
2025440257983,2025,440257983,2,19,0,18,19,7,3,0,0,1,0,0,0,0,4,1,6,6,1,36,7,-1,-1,-1,-1,7,E01017247,0,1
2025440258224,2025,440258224,1,19,0,7,7,5,1,0,0,8,0,0,0,0,3,1,5,6,1,38,7,-1,-1,-1,-1,4,E01017090,0,1
2025440258224,2025,440258224,2,3,0,18,19,5,1,0,0,1,0,0,0,0,1,1,5,6,1,31,6,-1,-1,-1,-1,5,E01017027,0,2
2025440258268,2025,440258268,1,90,0,18,19,5,1,0,0,0,0,0,0,0,2,1,6,6,1,19,4,-1,-1,-1,-1,7,E01023125,0,1
2025440258268,2025,440258268,2,9,0,18,19,5,1,0,0,0,0,0,0,0,1,1,6,6,3,-1,-1,-1,-1,-1,-1,-1,-1,0,-1
2025440258301,2025,440258301,1,9,0,18,19,7,3,0,0,1,1,0,1,4,1,1,6,6,1,18,4,-1,-1,-1,-1,10,E01022704,0,2
2025440258301,2025,440258301,2,9,0,18,19,3,7,0,0,1,0,0,0,0,0,1,6,6,3,-1,-1,-1,-1,-1,-1,-1,-1,0,-1
2025440258887,2025,440258887,1,9,0,18,19,8,4,0,0,2,0,0,0,0,4,1,5,6,2,50,8,-1,-1,-1,-1,8,E01030422,0,1
2025440259029,2025,440259029,2,21,0,18,19,6,2,0,0,8,0,0,0,0,3,1,5,6,1,56,9,-1,-1,-1,-1,3,E01022484,0,2
2025440259029,2025,440259029,1,19,0,18,19,6,2,0,0,8,0,0,0,0,1,1,2,2,2,54,8,-1,-1,-1,-1,7,E01022569,0,2
2025440259117,2025,440259117,4,9,0,18,19,1,5,0,0,0,0,0,0,0,1,1,6,6,2,41,7,-1,-1,-1,-1,10,E01030500,0,2
2025440259117,2025,440259117,3,19,0,18,19,1,5,0,0,0,0,0,0,0,1,1,1,1,1,39,7,-1,-1,-1,-1,9,E01030757,0,3
2025440259117,2025,440259117,1,9,0,18,19,1,5,0,0,0,0,0,0,0,0,1,6,6,3,-1,-1,-1,-1,-1,-1,-1,-1,0,-1
2025440259117,2025,440259117,2,19,0,18,19,1,5,0,0,0,0,0,0,0,1,1,2,2,1,38,7,-1,-1,-1,-1,5,E01027136,0,5
2025440259322,2025,440259322,1,9,0,9,9,5,3,0,0,6,0,0,0,0,3,1,6,6,2,63,9,-1,-1,-1,-1,8,E01032871,0,1
2025440259322,2025,440259322,2,9,0,18,19,1,5,0,0,1,0,0,0,0,1,1,5,6,1,36,7,-1,-1,-1,-1,8,E01023195,0,2
2025440259531,2025,440259531,2,1,0,3,3,1,0,0,0,1,0,0,0,0,1,1,5,6,2,53,8,-1,-1,-1,-1,9,E01023267,0,1
2025440259531,2025,440259531,1,9,0,1,1,1,0,0,0,1,0,0,0,0,2,1,6,6,1,59,9,-1,-1,-1,-1,2,E01032750,0,3
2025440259579,2025,440259579,1,1,0,18,19,5,1,5,5,8,0,0,0,0,4,1,4,7,1,13,3,-1,-1,-1,-1,4,E01022657,0,1
2025440259579,2025,440259579,2,1,0,18,19,5,1,5,5,8,0,0,0,0,1,1,4,7,1,13,3,-1,-1,-1,-1,8,E01022654,0,1
2025440259607,2025,440259607,1,1,0,18,19,6,2,0,0,1,0,0,1,4,1,1,6,6,1,45,7,-1,-1,-1,-1,10,E01023194,0,2
2025440259607,2025,440259607,2,9,0,18,19,6,2,0,0,2,0,0,0,0,4,1,6,6,2,-1,-1,-1,-1,-1,-1,6,E01023162,0,1
2025440259659,2025,440259659,2,19,0,18,19,8,4,6,6,0,0,0,0,0,1,1,6,6,1,33,6,-1,-1,-1,-1,5,E01017027,0,2
2025440259659,2025,440259659,1,9,0,11,11,8,4,6,6,0,0,7,1,7,2,1,6,6,1,49,8,-1,-1,-1,-1,3,E01017242,0,4
2025440259983,2025,440259983,1,3,0,18,19,1,5,0,0,8,1,6,0,0,3,1,2,2,1,17,4,-1,-1,-1,-1,9,E01022572,0,3
2025440260047,2025,440260047,1,19,0,18,19,6,2,0,0,0,0,0,1,4,1,1,5,6,1,26,6,-1,-1,-1,-1,10,E01022847,0,3
2025440260251,2025,440260251,1,9,0,18,19,1,5,0,0,0,0,0,7,4,1,1,5,6,1,46,8,-1,-1,-1,-1,4,E01017254,0,2
2025440260297,2025,440260297,1,5,0,18,19,7,3,0,0,0,1,0,0,0,1,1,6,6,1,31,6,-1,-1,-1,-1,7,E01022502,0,1
2025440260297,2025,440260297,2,9,0,18,19,5,1,0,0,0,0,0,0,0,4,1,6,6,1,18,4,-1,-1,-1,-1,-1,-1,0,-1
2025440260308,2025,440260308,1,3,0,18,19,6,2,0,0,0,0,0,0,0,1,1,6,6,1,30,6,-1,-1,-1,-1,-1,-1,0,-1
2025440260667,2025,440260667,1,9,0,18,19,2,6,9,9,8,0,0,1,1,1,1,5,6,1,19,4,-1,-1,-1,-1,10,E01023193,0,3
2025440260747,2025,440260747,1,5,0,18,19,1,5,0,0,6,1,0,0,0,4,1,5,6,1,82,11,-1,-1,-1,-1,9,E01018154,0,5
2025440261076,2025,440261076,1,9,0,18,19,1,5,0,0,0,0,0,0,0,1,1,2,2,1,20,4,-1,-1,-1,-1,-1,-1,0,-1
2025440261076,2025,440261076,2,19,0,2,2,0,0,0,0,0,0,0,0,0,1,1,6,6,1,46,8,-1,-1,-1,-1,6,E01017066,0,1
2025440261189,2025,440261189,1,-1,0,18,19,1,5,9,9,8,0,0,0,0,1,1,5,6,2,14,3,-1,-1,-1,-1,2,E01017051,1,1
2025440261189,2025,440261189,2,9,0,5,5,7,3,9,9,8,0,0,0,0,4,1,6,6,1,43,7,-1,-1,-1,-1,7,E01017050,0,1
2025440261476,2025,440261476,1,9,0,18,19,1,4,0,0,3,0,0,0,0,1,1,6,6,1,18,4,-1,-1,-1,-1,6,E01022735,0,3
2025440261476,2025,440261476,2,9,0,18,19,1,4,0,0,3,0,0,0,0,2,1,6,6,1,17,4,-1,-1,-1,-1,5,E01017014,0,1
2025440261579,2025,440261579,1,3,0,18,19,2,6,0,0,2,0,0,0,0,3,1,6,6,1,14,3,-1,-1,-1,-1,3,E01017242,0,1
2025440261587,2025,440261587,1,1,0,7,7,5,2,0,0,6,0,0,0,0,3,1,6,6,1,26,6,-1,-1,-1,-1,5,E01023068,0,1
2025440261587,2025,440261587,2,9,0,18,19,3,7,0,0,1,0,0,0,0,1,1,5,6,1,39,7,-1,-1,-1,-1,5,E01023068,0,1
2025440261649,2025,440261649,1,-1,0,18,19,5,1,0,0,0,1,0,0,0,1,1,5,6,1,19,4,-1,-1,-1,-1,6,E01022614,1,1
2025440262085,2025,440262085,1,9,0,18,19,5,1,0,0,1,0,0,1,10,1,1,5,6,1,23,5,-1,-1,-1,-1,4,E01022479,0,3
2025440262261,2025,440262261,2,-1,0,18,19,7,3,0,0,1,0,0,0,0,1,1,5,6,1,39,7,-1,-1,-1,-1,-1,-1,1,-1
2025440262261,2025,440262261,1,9,0,18,19,1,5,0,0,1,0,0,0,0,3,1,1,1,2,-1,-1,-1,-1,-1,-1,-1,-1,0,-1
2025440262511,2025,440262511,1,5,0,18,19,3,2,0,0,2,0,0,0,0,0,1,5,6,1,82,11,-1,-1,-1,-1,10,E01022563,0,4
2025440262733,2025,440262733,2,9,0,4,4,6,2,0,0,8,0,0,0,0,2,1,6,6,3,78,11,-1,-1,-1,-1,4,E01022576,0,1
2025440262733,2025,440262733,1,3,0,18,19,6,2,0,0,8,0,0,0,0,1,1,6,6,1,18,4,-1,-1,-1,-1,6,E01022486,0,3
2025440262865,2025,440262865,1,9,0,18,19,5,1,0,0,0,0,0,7,0,0,1,2,2,2,19,4,-1,-1,-1,-1,6,E01033855,0,2
2025440264086,2025,440264086,1,2,0,18,19,7,3,0,0,0,0,0,0,0,1,1,6,6,1,17,4,-1,-1,-1,-1,1,E01017250,0,2
2025440264213,2025,440264213,1,19,0,18,19,1,5,0,0,8,0,0,0,0,3,1,1,1,1,61,9,-1,-1,-1,-1,3,E01023058,0,1
2025440264213,2025,440264213,2,21,1,18,19,5,1,0,0,8,0,0,0,0,3,1,1,1,1,57,9,-1,-1,-1,-1,-1,-1,0,-1
2025440264330,2025,440264330,1,9,0,9,9,8,2,0,0,4,0,0,0,0,3,1,5,6,2,33,6,-1,-1,-1,-1,5,E01017221,0,1
2025440264330,2025,440264330,2,9,0,18,19,2,6,0,0,4,0,0,0,0,1,1,6,6,1,-1,-1,-1,-1,-1,-1,4,E01017164,0,1
2025440264564,2025,440264564,2,9,0,4,4,7,3,0,0,0,0,0,0,0,2,1,6,6,2,26,6,-1,-1,-1,-1,6,E01032846,0,1
2025440264564,2025,440264564,1,3,0,18,19,7,3,0,0,0,0,0,0,0,1,1,5,6,1,44,7,-1,-1,-1,-1,4,E01022551,0,1
2025440264668,2025,440264668,1,9,0,18,19,2,6,0,0,0,0,0,7,0,1,1,6,6,2,72,10,-1,-1,-1,-1,5,E01017365,0,1
2025440264668,2025,440264668,2,11,0,18,19,6,2,0,0,0,0,0,0,0,1,1,1,1,3,-1,-1,-1,-1,-1,-1,-1,-1,0,-1
2025440264678,2025,440264678,1,9,0,18,19,3,7,0,0,0,0,0,0,0,0,1,6,6,2,62,9,-1,-1,-1,-1,8,E01017190,0,4
2025440264678,2025,440264678,2,9,0,18,19,3,7,0,0,0,0,0,0,0,0,1,5,6,2,68,10,-1,-1,-1,-1,8,E01023274,0,1
2025440265111,2025,440265111,1,9,0,18,19,3,7,0,0,8,0,0,1,4,1,1,6,6,1,-1,-1,-1,-1,-1,-1,-1,-1,0,-1
2025440265327,2025,440265327,1,9,0,18,19,2,6,0,0,8,5,0,0,0,3,1,3,7,1,45,7,-1,-1,-1,-1,10,E01022868,0,1
2025440265327,2025,440265327,2,9,0,5,5,8,4,0,0,6,0,0,0,0,1,1,2,2,2,60,9,-1,-1,-1,-1,10,E01022868,0,1
2025440265624,2025,440265624,1,5,0,18,19,4,8,0,0,0,0,0,0,0,1,1,2,2,1,56,9,-1,-1,-1,-1,9,E01032877,0,1
2025440265624,2025,440265624,2,9,0,4,4,4,8,0,0,0,0,0,0,0,2,1,6,6,2,54,8,-1,-1,-1,-1,8,E01022780,0,1
2025440265638,2025,440265638,1,1,0,18,19,3,7,0,0,8,0,0,0,0,2,1,6,6,2,61,9,-1,-1,-1,-1,5,E01022816,0,1
2025440265638,2025,440265638,2,9,0,9,9,1,7,0,0,8,0,0,0,0,1,1,2,2,2,33,6,-1,-1,-1,-1,5,E01022845,0,1
2025440265970,2025,440265970,1,9,0,1,1,8,4,0,0,1,0,0,0,0,2,1,5,6,2,71,10,-1,-1,-1,-1,8,E01017069,0,1
2025440266372,2025,440266372,1,19,0,9,9,2,8,0,0,1,0,0,0,0,4,1,1,1,1,49,8,-1,-1,-1,-1,4,E01022910,0,4
2025440266372,2025,440266372,2,5,0,18,19,4,8,0,0,1,0,0,0,0,1,1,5,6,1,59,9,-1,-1,-1,-1,5,E01017261,0,1
2025440266375,2025,440266375,2,5,0,18,19,2,6,0,0,1,0,0,0,0,1,1,5,6,1,20,4,-1,-1,-1,-1,10,E01023020,0,2
2025440266375,2025,440266375,3,9,0,3,3,6,2,0,0,1,0,0,0,0,3,1,5,6,2,43,7,-1,-1,-1,-1,8,E01023051,0,1
2025440266375,2025,440266375,4,9,0,3,3,6,2,0,0,1,0,0,0,0,3,1,5,6,2,59,9,-1,-1,-1,-1,8,E01023001,0,1
2025440266375,2025,440266375,1,9,0,9,9,6,4,0,0,5,0,0,0,0,4,1,5,6,1,64,9,-1,-1,-1,-1,9,E01022982,0,2
2025440266410,2025,440266410,1,9,0,18,19,1,5,0,0,0,0,0,1,2,1,1,5,6,2,43,7,-1,-1,-1,-1,8,E01022623,0,2
2025440266575,2025,440266575,1,9,0,18,19,5,3,0,0,3,0,0,0,0,1,1,6,6,1,23,5,-1,-1,-1,-1,-1,-1,0,-1
2025440266694,2025,440266694,1,1,0,18,19,5,1,0,0,1,0,0,0,0,1,1,5,6,1,18,4,-1,-1,-1,-1,2,E01017019,0,1
2025440266694,2025,440266694,2,9,0,18,19,7,3,0,0,2,0,0,0,0,3,1,5,6,2,40,7,-1,-1,-1,-1,9,E01032617,0,3
2025440267119,2025,440267119,1,19,0,7,7,3,5,0,0,5,0,0,0,0,4,1,2,2,1,29,6,-1,-1,-1,-1,6,E01017041,0,4
2025440267119,2025,440267119,2,-1,0,18,19,3,7,0,0,1,0,0,0,0,1,1,5,6,1,30,6,-1,-1,-1,-1,2,E01017244,1,1
2025440267506,2025,440267506,1,21,1,18,19,5,1,0,0,1,0,0,0,0,1,1,1,1,1,54,8,-1,-1,-1,-1,4,E01017192,0,3
2025440267506,2025,440267506,2,9,0,9,9,7,5,0,0,2,0,0,0,0,3,1,5,6,2,34,6,-1,-1,-1,-1,4,E01013711,0,5
2025440268142,2025,440268142,2,1,0,18,19,7,3,0,0,8,0,0,0,0,1,1,6,6,1,42,7,-1,-1,-1,-1,3,E01022803,0,1
2025440268142,2025,440268142,1,9,0,7,7,1,3,0,0,6,0,0,0,0,3,1,6,6,2,26,6,-1,-1,-1,-1,5,E01022845,0,1
2025440268363,2025,440268363,1,9,0,13,13,7,3,0,0,0,0,0,0,0,1,1,6,6,1,38,7,-1,-1,-1,-1,2,E01017053,0,1
2025440268363,2025,440268363,2,9,0,18,19,3,7,0,0,0,0,0,0,0,1,1,2,2,2,53,8,-1,-1,-1,-1,8,E01032665,0,3
2025440268382,2025,440268382,2,9,0,4,4,5,1,0,0,0,0,0,0,0,2,1,6,6,1,21,5,-1,-1,-1,-1,4,E01017206,0,4
2025440268382,2025,440268382,4,9,0,18,19,5,1,0,0,0,0,0,0,0,1,1,6,6,1,31,6,-1,-1,-1,-1,-1,-1,0,-1
2025440268382,2025,440268382,3,9,0,18,19,5,1,0,0,0,0,0,0,0,1,1,6,6,1,87,11,-1,-1,-1,-1,8,E01022622,0,2
2025440268382,2025,440268382,1,9,0,4,4,5,1,0,0,0,0,0,0,0,2,1,6,6,1,49,8,-1,-1,-1,-1,-1,-1,0,-1
2025440268980,2025,440268980,2,9,0,7,7,6,8,0,0,8,0,0,0,0,3,1,6,6,2,31,6,-1,-1,-1,-1,10,E01022573,0,1
2025440268980,2025,440268980,1,1,0,18,19,4,8,0,0,8,0,0,0,0,1,1,5,6,1,11,3,-1,-1,-1,-1,7,E01022574,0,1
2025440269420,2025,440269420,2,1,0,9,9,4,2,0,0,5,0,0,0,0,3,1,5,6,1,66,10,-1,-1,-1,-1,9,E01022774,0,1
2025440269420,2025,440269420,1,19,0,7,7,2,4,0,0,6,0,0,0,0,1,1,6,6,1,57,9,-1,-1,-1,-1,-1,-1,0,-1
2025440269617,2025,440269617,1,21,1,17,19,3,1,0,0,8,0,0,0,0,4,1,1,1,1,47,8,-1,-1,-1,-1,6,E01033317,0,5
2025440270173,2025,440270173,2,1,0,18,19,1,5,0,0,0,0,0,0,0,4,1,6,6,1,13,3,-1,-1,-1,-1,2,E01033383,0,1
2025440270173,2025,440270173,1,9,0,18,19,3,6,0,0,0,0,0,0,0,1,1,6,6,1,79,11,-1,-1,-1,-1,5,E01022845,0,1
2025440270670,2025,440270670,1,9,0,5,5,0,5,0,0,8,0,0,0,0,4,1,6,6,1,32,6,-1,-1,-1,-1,4,E01017199,0,1
2025440270844,2025,440270844,2,9,0,3,3,4,8,0,0,1,0,0,0,0,2,1,6,6,1,32,6,-1,-1,-1,-1,5,E01035461,0,1
2025440270844,2025,440270844,1,9,0,4,4,4,8,0,0,1,0,0,0,0,1,1,6,6,3,-1,-1,-1,-1,-1,-1,-1,-1,0,-1
2025440270846,2025,440270846,1,9,0,9,9,3,1,0,0,6,0,0,0,0,3,1,6,6,3,-1,-1,-1,-1,-1,-1,-1,-1,0,-1
2025440270846,2025,440270846,2,1,0,18,19,1,5,0,0,1,0,0,0,0,1,1,6,6,2,24,5,-1,-1,-1,-1,4,E01017129,0,1
2025440271106,2025,440271106,2,9,0,4,4,1,5,0,0,1,0,0,0,0,2,1,5,6,1,48,8,-1,-1,-1,-1,8,E01032938,0,5
2025440271106,2025,440271106,1,9,0,4,4,1,5,0,0,1,0,0,0,0,2,1,5,6,1,61,9,-1,-1,-1,-1,-1,-1,0,-1
2025440271106,2025,440271106,3,9,0,18,19,1,5,0,0,1,0,0,0,0,1,1,5,6,2,73,10,-1,-1,-1,-1,7,E01023159,0,4
2025440271428,2025,440271428,2,9,0,9,9,4,8,0,0,6,0,0,0,0,1,1,6,6,1,-1,-1,-1,-1,-1,-1,10,E01034711,0,1
2025440271428,2025,440271428,1,9,0,18,19,1,8,0,0,1,0,0,0,0,3,1,6,6,2,38,7,-1,-1,-1,-1,3,E01034713,0,1
2025440271689,2025,440271689,1,9,0,18,19,5,1,0,0,0,0,0,0,0,1,1,5,6,2,38,7,-1,-1,-1,-1,6,E01032884,0,1
2025440271689,2025,440271689,2,9,0,18,19,0,0,0,0,0,0,0,0,0,1,1,6,6,2,46,8,-1,-1,-1,-1,3,E01022807,0,1
2025440271689,2025,440271689,3,9,0,18,19,1,5,0,0,0,0,0,0,0,1,1,6,6,3,-1,-1,-1,-1,-1,-1,-1,-1,0,-1
2025440271869,2025,440271869,1,9,0,13,13,7,3,0,0,8,0,0,0,0,4,1,6,6,3,-1,-1,-1,-1,-1,-1,-1,-1,0,-1
2025440271869,2025,440271869,2,1,0,18,19,7,3,0,0,8,0,0,0,0,3,1,6,6,1,58,9,-1,-1,-1,-1,5,E01017018,0,1
2025440271884,2025,440271884,2,9,0,10,10,7,5,0,0,2,0,0,0,0,2,1,5,6,1,34,6,-1,-1,-1,-1,10,E01017062,0,1
2025440271884,2025,440271884,1,19,0,4,4,7,3,0,0,8,0,0,0,0,1,1,5,6,1,59,9,-1,-1,-1,-1,4,E01022957,0,1
2025440272057,2025,440272057,1,9,0,18,19,4,8,0,0,0,0,0,0,0,4,1,5,6,1,90,11,-1,-1,-1,-1,6,E01023017,0,1
2025440272057,2025,440272057,2,1,0,18,19,4,8,0,0,0,0,0,0,0,3,1,6,6,1,25,5,-1,-1,-1,-1,6,E01023017,0,1
2025440272081,2025,440272081,1,1,0,18,19,3,7,0,0,1,0,0,0,0,1,1,2,2,1,32,6,-1,-1,-1,-1,6,E01017224,0,1
2025440272081,2025,440272081,2,9,0,7,7,3,5,0,0,2,0,0,0,0,4,1,6,6,2,-1,-1,-1,-1,-1,-1,-1,-1,0,-1
2025440272696,2025,440272696,1,9,0,18,19,4,8,0,0,0,2,0,1,9,1,1,5,6,1,17,4,-1,-1,-1,-1,6,E01020437,0,4
2025440272896,2025,440272896,2,19,0,9,9,3,1,5,5,8,0,0,0,0,3,1,6,6,1,31,6,-1,-1,-1,-1,9,E01030473,0,4
2025440272896,2025,440272896,1,90,0,18,19,1,5,0,0,1,0,0,0,0,1,1,6,6,2,47,8,-1,-1,-1,-1,5,E01017085,0,1
2025440273058,2025,440273058,1,9,0,18,19,8,4,0,0,0,2,0,2,4,4,1,5,6,1,18,4,-1,-1,-1,-1,7,E01028731,0,4
2025440273162,2025,440273162,2,9,0,4,4,6,2,0,0,1,0,0,0,0,2,1,5,6,1,35,6,-1,-1,-1,-1,8,E01030325,0,4
2025440273162,2025,440273162,1,9,0,18,19,6,2,0,0,1,0,0,0,0,1,1,5,6,2,49,8,-1,-1,-1,-1,9,E01022610,0,2
2025440273199,2025,440273199,2,1,0,7,7,1,3,0,0,2,0,0,0,0,1,1,2,2,1,47,8,-1,-1,-1,-1,4,E01017254,0,1
2025440273199,2025,440273199,1,19,0,13,13,3,7,0,0,1,0,0,0,0,1,1,1,1,1,46,8,-1,-1,-1,-1,4,E01017162,0,2
2025440273306,2025,440273306,2,9,0,18,19,1,5,0,0,4,0,0,0,0,3,1,6,6,1,29,6,-1,-1,-1,-1,-1,-1,0,-1
2025440273306,2025,440273306,1,9,0,18,19,5,7,0,0,4,0,0,0,0,1,1,5,6,1,31,6,-1,-1,-1,-1,9,E01023102,0,1
2025440273390,2025,440273390,2,1,0,18,19,1,5,9,9,2,0,0,0,0,3,1,6,6,1,11,3,-1,-1,-1,-1,4,E01017083,0,1
2025440273390,2025,440273390,1,19,0,5,5,1,5,9,9,2,0,0,0,0,1,1,1,1,1,40,7,-1,-1,-1,-1,-1,-1,0,-1
2025440273505,2025,440273505,1,9,0,18,19,8,4,0,0,0,0,0,0,0,3,1,5,6,1,49,8,-1,-1,-1,-1,10,E01022867,0,1
2025440273505,2025,440273505,2,9,0,18,19,4,8,0,0,0,0,0,0,0,3,1,6,6,3,-1,-1,-1,-1,-1,-1,-1,-1,0,-1
2025440273511,2025,440273511,2,21,0,18,19,1,5,0,0,8,0,0,0,0,4,1,6,6,1,-1,-1,-1,-1,-1,-1,-1,-1,0,-1
2025440273511,2025,440273511,1,9,0,18,19,1,5,0,0,8,0,0,0,0,3,1,5,6,2,37,7,-1,-1,-1,-1,8,E01017145,0,4
2025440273603,2025,440273603,1,3,0,11,11,6,2,0,0,2,0,0,0,0,4,1,5,6,2,33,6,-1,-1,-1,-1,10,E01022709,0,3
2025440273603,2025,440273603,2,9,0,18,19,6,2,0,0,2,0,0,0,0,3,1,5,6,1,29,6,-1,-1,-1,-1,10,E01022697,0,1
2025440273860,2025,440273860,2,9,0,18,19,5,1,0,0,1,0,0,0,0,1,1,5,6,1,50,8,-1,-1,-1,-1,6,E01017300,0,1
2025440273860,2025,440273860,1,3,0,4,4,5,1,0,0,1,0,0,0,0,2,1,5,6,1,17,4,-1,-1,-1,-1,3,E01017325,0,1
2025440274002,2025,440274002,2,21,0,18,19,7,3,0,0,0,0,0,0,0,1,1,1,1,1,45,7,-1,-1,-1,-1,-1,-1,0,-1
2025440274002,2025,440274002,1,9,0,11,11,7,3,0,0,0,1,0,0,0,4,1,2,2,2,55,8,-1,-1,-1,-1,4,E01032858,0,3
2025440274038,2025,440274038,1,2,0,18,19,5,8,0,0,3,1,0,0,0,4,1,5,6,1,16,4,-1,-1,-1,-1,8,E01030900,0,1
2025440274476,2025,440274476,1,10,0,5,5,0,6,0,0,0,0,0,0,0,1,1,6,6,3,-1,-1,-1,-1,-1,-1,-1,-1,0,-1
2025440274722,2025,440274722,1,19,0,18,19,2,6,0,0,0,2,0,0,0,0,1,1,1,1,30,6,-1,-1,-1,-1,3,E01030432,0,4
2025440274816,2025,440274816,1,5,0,7,7,2,6,0,0,8,0,0,8,11,1,1,6,6,1,46,8,-1,-1,-1,-1,9,E01020373,0,1
2025440274958,2025,440274958,2,5,0,18,19,2,6,0,0,1,0,0,0,0,1,1,5,6,1,22,5,-1,-1,-1,-1,5,E01033838,0,4
2025440274958,2025,440274958,1,9,0,18,19,3,7,0,0,8,0,0,0,0,3,1,5,6,1,74,10,-1,-1,-1,-1,-1,-1,0,-1
2025440274963,2025,440274963,2,9,0,18,19,1,5,0,0,0,0,0,0,0,1,1,6,6,1,24,5,-1,-1,-1,-1,6,E01014051,0,5
2025440274963,2025,440274963,1,9,0,18,19,1,5,0,0,0,0,0,0,0,2,1,2,2,1,44,7,-1,-1,-1,-1,5,E01017159,0,1
2025440275414,2025,440275414,1,4,0,18,19,1,3,0,0,1,1,0,2,1,1,1,5,6,1,31,6,-1,-1,-1,-1,4,E01017309,0,1
2025440276304,2025,440276304,2,1,0,18,19,1,5,0,0,3,0,0,0,0,1,1,6,6,1,47,8,-1,-1,-1,-1,8,E01022755,0,1
2025440276304,2025,440276304,1,9,0,18,19,3,7,0,0,4,0,0,0,0,1,1,6,6,2,62,9,-1,-1,-1,-1,9,E01022785,0,1
2025440276349,2025,440276349,2,19,0,4,4,6,2,0,0,3,0,0,0,0,1,1,6,6,3,-1,-1,-1,-1,-1,-1,-1,-1,0,-1
2025440276349,2025,440276349,3,19,0,4,4,6,2,0,0,5,0,0,0,0,2,1,6,6,3,-1,-1,-1,-1,-1,-1,-1,-1,0,-1
2025440276349,2025,440276349,1,9,0,4,4,6,2,0,0,3,0,0,0,0,1,1,2,2,2,55,8,-1,-1,-1,-1,-1,-1,0,-1
2025440276408,2025,440276408,1,19,0,18,19,6,2,0,0,1,0,0,0,0,1,1,6,6,1,28,6,-1,-1,-1,-1,9,E01035268,0,2
2025440276408,2025,440276408,2,9,0,9,9,6,2,0,0,5,0,0,0,0,2,1,6,6,2,66,10,-1,-1,-1,-1,10,E01022850,0,2