collision_index,collision_year,collision_ref_no,vehicle_reference,vehicle_type,towing_and_articulation,vehicle_manoeuvre_historic,vehicle_manoeuvre,vehicle_direction_from,vehicle_direction_to,vehicle_location_restricted_lane_historic,vehicle_location_restricted_lane,junction_location,skidding_and_overturning,hit_object_in_carriageway,vehicle_leaving_carriageway,hit_object_off_carriageway,first_point_of_impact,vehicle_left_hand_drive,journey_purpose_of_driver_historic,journey_purpose_of_driver,sex_of_driver,age_of_driver,age_band_of_driver,engine_capacity_cc,propulsion_code,age_of_vehicle,generic_make_model,driver_imd_decile,lsoa_of_driver,escooter_flag,driver_distance_banding
2025440276408,2025,440276408,3,19,0,18,19,6,2,0,0,1,0,0,0,0,1,1,6,6,1,21,5,-1,-1,-1,-1,5,E01016233,0,3
2025440276652,2025,440276652,1,1,0,18,19,3,7,0,0,2,0,0,0,0,1,1,5,6,1,70,10,-1,-1,-1,-1,7,E01022812,0,1
2025440276817,2025,440276817,2,9,0,9,9,3,7,0,0,0,0,0,0,0,3,1,5,6,2,46,8,-1,-1,-1,-1,10,E01023248,0,1
2025440276817,2025,440276817,1,5,0,18,19,1,5,0,0,0,0,0,0,0,1,1,5,6,2,60,9,-1,-1,-1,-1,10,E01023248,0,1
2025440277042,2025,440277042,2,9,0,18,19,2,6,0,0,2,0,0,0,0,4,1,6,6,3,-1,-1,-1,-1,-1,-1,-1,-1,0,-1
2025440277042,2025,440277042,1,1,0,9,9,8,4,0,0,6,0,0,0,0,1,1,5,6,1,10,2,-1,-1,-1,-1,2,E01017165,0,1
2025440277073,2025,440277073,1,3,0,18,19,5,1,0,0,1,0,0,0,0,4,1,5,6,1,36,7,-1,-1,-1,-1,4,E01017129,0,1
2025440277073,2025,440277073,2,9,0,5,5,7,3,0,0,6,0,0,0,0,1,1,5,6,1,60,9,-1,-1,-1,-1,2,E01022906,0,3
2025440277396,2025,440277396,1,9,0,18,19,7,3,0,0,0,2,12,1,10,1,1,1,1,1,56,9,-1,-1,-1,-1,4,E01014128,0,5
2025440277450,2025,440277450,1,4,0,18,19,2,6,0,0,0,0,12,0,0,1,1,6,6,1,54,8,-1,-1,-1,-1,7,E01023223,0,1
2025440277468,2025,440277468,1,9,0,18,19,5,1,0,0,0,0,0,0,0,4,1,6,6,3,-1,-1,-1,-1,-1,-1,-1,-1,0,-1
2025440278429,2025,440278429,2,9,0,18,19,2,6,0,0,0,1,0,0,0,4,1,2,2,2,26,6,-1,-1,-1,-1,5,E01017157,0,1
2025440278429,2025,440278429,1,9,0,9,9,8,4,0,0,0,0,0,0,0,1,1,2,2,2,46,8,-1,-1,-1,-1,8,E01022703,0,2
2025440278459,2025,440278459,1,9,0,9,9,8,5,0,0,8,0,0,0,0,4,1,6,6,1,36,7,-1,-1,-1,-1,1,E01017163,0,1
2025440278459,2025,440278459,2,22,0,18,19,2,6,0,0,8,5,0,0,0,4,1,6,6,1,58,9,-1,-1,-1,-1,3,E01017263,0,1
2025440278499,2025,440278499,1,9,0,18,19,8,4,0,0,5,0,0,0,0,3,1,6,6,2,25,5,-1,-1,-1,-1,3,E01017257,0,1
2025440278499,2025,440278499,2,21,0,18,19,8,4,0,0,5,0,0,0,0,4,1,6,6,1,-1,-1,-1,-1,-1,-1,-1,-1,0,-1
2025440278562,2025,440278562,1,9,0,4,4,7,3,0,0,1,0,0,0,0,2,1,5,6,1,59,9,-1,-1,-1,-1,10,E01022891,0,1
2025440278562,2025,440278562,3,9,0,18,19,7,3,0,0,1,0,0,0,0,1,1,6,6,1,45,7,-1,-1,-1,-1,9,E01022572,0,4
2025440278562,2025,440278562,2,9,0,18,19,7,3,0,0,1,0,0,0,0,1,1,1,1,1,45,7,-1,-1,-1,-1,9,E01022862,0,1
2025440278631,2025,440278631,1,9,0,18,19,1,5,0,0,1,0,0,0,0,1,1,5,6,2,82,11,-1,-1,-1,-1,8,E01022955,0,1
2025440278631,2025,440278631,2,9,0,18,19,3,1,0,0,8,0,0,0,0,1,1,5,6,1,21,5,-1,-1,-1,-1,10,E01022928,0,1
2025440278636,2025,440278636,1,19,0,1,1,0,2,0,0,0,0,0,0,0,2,1,6,6,3,-1,-1,-1,-1,-1,-1,-1,-1,0,-1
2025440279061,2025,440279061,1,5,0,18,19,4,8,0,0,1,1,12,0,0,1,1,5,6,1,40,7,-1,-1,-1,-1,-1,-1,0,-1
2025440279456,2025,440279456,2,9,0,18,19,2,6,0,0,0,0,0,0,0,2,1,2,2,1,38,7,-1,-1,-1,-1,1,E01017166,0,1
2025440279456,2025,440279456,1,9,0,18,19,2,6,0,0,0,0,0,0,0,1,1,2,2,2,39,7,-1,-1,-1,-1,10,E01022698,0,2
2025440280206,2025,440280206,2,9,0,18,19,8,4,0,0,8,0,0,0,0,0,1,6,6,1,17,4,-1,-1,-1,-1,8,E01022787,0,1
2025440280206,2025,440280206,1,9,0,9,9,4,2,0,0,8,0,0,0,0,4,1,6,6,1,35,6,-1,-1,-1,-1,9,E01034719,0,4
2025440280267,2025,440280267,2,9,0,10,10,5,3,0,0,8,0,0,0,0,0,1,6,6,2,53,8,-1,-1,-1,-1,9,E01022667,0,1
2025440280267,2025,440280267,1,-1,0,4,4,7,3,0,0,8,1,0,0,0,0,1,6,6,2,31,6,-1,-1,-1,-1,6,E01022669,1,1
2025440280415,2025,440280415,1,9,0,9,9,5,3,0,0,8,0,0,0,0,1,1,5,6,1,79,11,-1,-1,-1,-1,7,E01034722,0,1
2025440280415,2025,440280415,2,9,0,18,19,1,5,0,0,8,0,0,0,0,1,1,5,6,2,40,7,-1,-1,-1,-1,5,E01022640,0,1
2025440280646,2025,440280646,1,9,0,18,19,2,6,0,0,8,5,0,7,10,4,1,5,6,1,75,10,-1,-1,-1,-1,6,E01023028,0,2
2025440280689,2025,440280689,1,4,0,18,19,3,7,0,0,8,0,0,0,0,1,1,6,6,1,23,5,-1,-1,-1,-1,8,E01022650,0,1
2025440280689,2025,440280689,2,9,0,9,9,1,7,0,0,8,0,0,0,0,1,1,2,2,2,41,7,-1,-1,-1,-1,10,E01022682,0,1
2025440280834,2025,440280834,1,9,0,5,5,8,4,0,0,6,0,0,0,0,1,1,2,2,1,61,9,-1,-1,-1,-1,3,E01015292,0,4
2025440280853,2025,440280853,2,9,0,18,19,7,3,0,0,0,0,0,0,0,1,1,6,6,1,18,4,-1,-1,-1,-1,2,E01022902,0,1
2025440280853,2025,440280853,1,-1,0,18,19,3,7,0,0,0,0,0,0,0,1,1,6,6,1,15,3,-1,-1,-1,-1,2,E01022902,1,1
2025440281230,2025,440281230,2,9,0,2,2,0,0,0,0,0,0,0,0,0,2,1,5,6,1,36,7,-1,-1,-1,-1,-1,-1,0,-1
2025440281230,2025,440281230,1,9,0,18,19,2,6,0,0,0,0,0,0,0,1,1,5,6,1,63,9,-1,-1,-1,-1,4,E01017172,0,4
2025440281375,2025,440281375,1,98,0,7,7,7,1,0,0,1,0,0,0,0,2,1,1,1,3,-1,-1,-1,-1,-1,-1,-1,-1,0,-1
2025440281375,2025,440281375,2,3,0,10,10,7,5,0,0,1,0,0,0,0,4,1,6,6,1,18,4,-1,-1,-1,-1,9,E01023097,0,1
2025440281498,2025,440281498,2,9,0,4,4,2,6,0,0,0,0,0,0,0,2,1,6,6,2,39,7,-1,-1,-1,-1,2,E01017019,0,1
2025440281498,2025,440281498,1,3,0,13,13,2,6,0,0,0,0,0,0,0,1,1,2,2,1,24,5,-1,-1,-1,-1,4,E01017090,0,1
2025440281647,2025,440281647,2,9,0,18,19,7,3,0,0,4,0,0,0,0,1,1,6,6,2,-1,-1,-1,-1,-1,-1,-1,-1,0,-1
2025440281647,2025,440281647,1,9,0,18,19,5,1,0,0,8,0,0,0,0,4,1,6,6,2,63,9,-1,-1,-1,-1,9,E01032859,0,1
2025440281666,2025,440281666,1,11,0,18,19,3,8,0,0,0,0,0,1,3,1,1,1,1,1,69,10,-1,-1,-1,-1,1,E01017274,0,2
2025440281666,2025,440281666,2,9,0,18,19,8,3,0,0,0,0,0,1,0,0,1,5,6,1,54,8,-1,-1,-1,-1,6,E01034732,0,3
2025440282225,2025,440282225,1,9,0,18,19,1,5,0,0,1,0,0,0,0,1,1,6,6,2,35,6,-1,-1,-1,-1,4,E01032858,0,1
2025440282225,2025,440282225,2,9,0,9,9,3,1,0,0,6,0,0,0,0,3,1,6,6,2,25,5,-1,-1,-1,-1,5,E01023140,0,1
2025440282505,2025,440282505,2,9,0,18,19,6,2,0,0,0,0,0,0,0,2,1,6,6,1,72,10,-1,-1,-1,-1,10,E01022588,0,4
2025440282505,2025,440282505,1,5,0,18,19,6,2,0,0,0,0,0,0,0,1,1,6,6,1,69,10,-1,-1,-1,-1,3,E01017264,0,1
2025440282558,2025,440282558,2,1,0,17,19,1,7,0,0,8,0,0,0,0,4,1,6,6,1,33,6,-1,-1,-1,-1,6,E01032884,0,1
2025440282558,2025,440282558,1,9,0,5,5,3,7,0,0,4,0,0,0,0,1,1,6,6,2,52,8,-1,-1,-1,-1,8,E01022765,0,1
2025440282589,2025,440282589,2,9,0,18,19,8,4,0,0,1,0,0,0,0,1,1,6,6,1,56,9,-1,-1,-1,-1,10,E01022744,0,1
2025440282589,2025,440282589,1,9,0,10,10,8,4,0,0,1,0,0,0,0,2,1,6,6,2,31,6,-1,-1,-1,-1,3,E01022738,0,1
2025440282593,2025,440282593,1,11,0,18,19,1,5,0,0,8,0,0,0,0,1,1,1,1,1,51,8,-1,-1,-1,-1,9,E01022950,0,1
2025440283882,2025,440283882,1,3,0,18,19,3,7,0,0,0,0,0,0,0,1,1,6,6,1,17,4,-1,-1,-1,-1,9,E01022572,0,2
2025440284533,2025,440284533,1,9,0,18,19,7,3,0,0,0,0,0,4,6,4,1,6,6,2,21,5,-1,-1,-1,-1,3,E01017099,0,4
2025440284549,2025,440284549,2,9,0,18,19,3,7,0,0,8,0,0,0,0,1,1,6,6,1,38,7,-1,-1,-1,-1,6,E01022875,0,1
2025440284549,2025,440284549,1,-1,0,18,19,5,1,0,0,6,0,0,0,0,3,1,6,6,1,22,5,-1,-1,-1,-1,9,E01023094,1,1
2025440284830,2025,440284830,1,1,0,15,15,3,7,0,0,0,0,10,0,0,4,1,5,6,1,29,6,-1,-1,-1,-1,4,E01017162,0,1
2025440284871,2025,440284871,2,9,0,3,3,3,0,0,0,1,0,0,0,0,2,1,6,6,3,-1,-1,-1,-1,-1,-1,-1,-1,0,-1
2025440284871,2025,440284871,1,1,0,18,19,3,7,0,0,1,0,0,0,0,1,1,6,6,1,43,7,-1,-1,-1,-1,6,E01022875,0,1
2025440284896,2025,440284896,2,1,0,17,19,1,6,0,0,8,0,0,0,0,4,1,6,6,1,51,8,-1,-1,-1,-1,10,E01023043,0,1
2025440284896,2025,440284896,1,9,0,18,19,3,6,0,0,6,0,0,0,0,1,1,6,6,1,20,4,-1,-1,-1,-1,4,E01017222,0,4
2025440285012,2025,440285012,1,9,0,5,5,7,3,0,0,0,0,0,0,0,1,1,5,6,1,37,7,-1,-1,-1,-1,4,E01001294,0,4
2025440285012,2025,440285012,2,9,0,4,4,7,3,0,0,0,0,0,0,0,2,1,5,6,1,35,6,-1,-1,-1,-1,2,E01017156,0,1
2025440285179,2025,440285179,2,9,0,18,19,4,6,0,0,1,0,0,0,0,2,1,6,6,1,49,8,-1,-1,-1,-1,10,E01022994,0,1
2025440285179,2025,440285179,1,9,0,18,19,4,6,0,0,1,0,0,0,0,1,1,6,6,2,25,5,-1,-1,-1,-1,-1,-1,0,-1
2025440285181,2025,440285181,2,9,0,10,10,4,3,0,0,1,0,0,0,0,2,1,6,6,2,45,7,-1,-1,-1,-1,9,E01022773,0,1
2025440285181,2025,440285181,1,9,0,18,19,4,8,0,0,1,0,0,0,0,1,1,6,6,1,36,7,-1,-1,-1,-1,4,E01022800,0,2
2025440285439,2025,440285439,1,8,0,18,19,2,6,0,0,1,0,0,0,0,1,1,1,1,1,51,8,-1,-1,-1,-1,5,E01017261,0,1
2025440285558,2025,440285558,1,9,0,9,9,7,5,0,0,6,0,0,0,0,4,1,5,6,2,41,7,-1,-1,-1,-1,7,E01022604,0,3
2025440285558,2025,440285558,2,9,0,18,19,1,5,0,0,1,0,0,0,0,1,1,5,6,1,33,6,-1,-1,-1,-1,10,E01022498,0,1
2025440285713,2025,440285713,1,9,0,8,8,1,3,0,0,1,0,0,0,0,1,1,5,6,1,89,11,-1,-1,-1,-1,5,E01023110,0,1
2025440285713,2025,440285713,2,9,0,18,19,6,2,0,0,1,0,0,0,0,1,1,5,6,1,66,10,-1,-1,-1,-1,3,E01030901,0,1
2025440285821,2025,440285821,1,9,0,18,19,7,3,0,0,1,0,0,0,0,1,1,5,6,2,17,4,-1,-1,-1,-1,2,E01017356,0,1
2025440285821,2025,440285821,2,1,0,18,19,5,1,0,0,8,0,0,0,0,4,1,5,6,1,14,3,-1,-1,-1,-1,5,E01017359,0,1
2025440286024,2025,440286024,2,5,0,18,19,4,8,0,0,1,0,0,0,0,1,1,5,6,1,45,7,-1,-1,-1,-1,5,E01017158,0,1
2025440286024,2025,440286024,1,9,0,9,9,2,8,0,0,1,0,0,0,0,1,1,5,6,2,20,4,-1,-1,-1,-1,9,E01035438,0,2
2025440286102,2025,440286102,2,9,0,18,19,3,7,0,0,8,0,0,0,0,1,1,5,6,1,72,10,-1,-1,-1,-1,4,E01017135,0,1
2025440286102,2025,440286102,1,1,0,9,9,2,7,0,0,6,0,0,0,0,1,1,1,1,1,20,4,-1,-1,-1,-1,1,E01017039,0,1
2025440286103,2025,440286103,1,2,0,18,19,6,2,0,0,0,0,0,0,0,1,1,1,1,1,18,4,-1,-1,-1,-1,2,E01023006,0,1
2025440286422,2025,440286422,1,9,0,18,19,1,5,0,0,0,0,0,7,0,1,1,5,6,1,30,6,-1,-1,-1,-1,5,E01023086,0,2
2025440286603,2025,440286603,1,9,0,18,19,6,2,9,9,0,0,10,7,2,1,1,6,6,1,23,5,-1,-1,-1,-1,8,E01022522,0,1
2025440286900,2025,440286900,3,9,0,18,19,5,1,0,0,1,0,0,0,0,1,1,5,6,2,30,6,-1,-1,-1,-1,7,E01032079,0,4
2025440286900,2025,440286900,2,9,0,10,10,1,5,0,0,1,0,0,0,0,2,1,5,6,2,24,5,-1,-1,-1,-1,3,E01017193,0,4
2025440286900,2025,440286900,1,9,0,18,19,1,5,0,0,1,5,0,0,0,1,1,5,6,1,29,6,-1,-1,-1,-1,8,E01031843,0,4
2025440286921,2025,440286921,1,9,0,18,19,5,1,0,0,0,0,0,0,0,2,1,5,6,2,39,7,-1,-1,-1,-1,3,E01013613,0,5
2025440286921,2025,440286921,2,9,0,18,19,5,1,0,0,0,0,0,0,0,1,1,5,6,1,40,7,-1,-1,-1,-1,6,E01016433,0,4
2025440287076,2025,440287076,1,5,0,18,19,2,6,0,0,0,1,0,1,0,0,1,5,6,1,65,9,-1,-1,-1,-1,8,E01030890,0,3
2025440287111,2025,440287111,2,19,0,9,9,5,3,0,0,6,0,0,0,0,3,1,1,1,1,40,7,-1,-1,-1,-1,3,E01017257,0,1
2025440287111,2025,440287111,1,1,0,18,19,3,7,0,0,1,0,0,0,0,1,1,2,2,2,56,9,-1,-1,-1,-1,3,E01017264,0,1
2025440287368,2025,440287368,1,9,0,18,19,1,5,0,0,1,0,0,0,0,2,1,5,6,2,31,6,-1,-1,-1,-1,3,E01022649,0,2
2025440287368,2025,440287368,2,9,0,18,19,1,5,0,0,1,0,0,0,0,1,1,5,6,1,-1,-1,-1,-1,-1,-1,-1,-1,0,-1
2025440287380,2025,440287380,1,-1,0,18,19,3,7,0,0,0,0,4,0,0,1,1,6,6,1,21,5,-1,-1,-1,-1,9,E01017060,1,2
2025440287380,2025,440287380,2,9,0,2,2,0,0,0,0,0,0,0,0,0,1,1,6,6,3,-1,-1,-1,-1,-1,-1,-1,-1,0,-1
2025440287449,2025,440287449,2,1,0,18,19,6,2,0,0,0,0,0,0,0,4,1,5,6,1,15,3,-1,-1,-1,-1,3,E01017079,0,1
2025440287449,2025,440287449,1,1,0,18,19,6,2,0,0,0,0,0,0,0,4,1,5,6,1,15,3,-1,-1,-1,-1,1,E01017031,0,1
2025440287545,2025,440287545,1,9,0,18,19,2,4,0,0,8,0,0,0,0,3,1,5,6,1,43,7,-1,-1,-1,-1,2,E01017201,0,1
2025440287545,2025,440287545,2,9,0,18,19,4,2,0,0,8,0,0,0,0,3,1,5,6,2,50,8,-1,-1,-1,-1,8,E01017175,0,1
2025440287602,2025,440287602,1,9,0,18,19,4,8,0,0,0,0,0,0,0,1,1,5,6,2,71,10,-1,-1,-1,-1,6,E01017200,0,1
2025440287602,2025,440287602,2,9,0,2,2,0,0,0,0,0,0,0,0,0,2,1,5,6,1,59,9,-1,-1,-1,-1,-1,-1,0,-1
2025440287773,2025,440287773,1,9,0,18,19,5,1,0,0,2,5,0,0,2,4,1,5,6,1,50,8,-1,-1,-1,-1,6,E01035436,0,1
2025440287958,2025,440287958,1,-1,0,18,19,5,1,0,0,8,0,0,0,0,0,1,5,6,2,20,4,-1,-1,-1,-1,5,E01017136,1,1
2025440287966,2025,440287966,2,9,0,18,19,8,4,0,0,8,0,0,0,0,1,1,1,1,1,34,6,-1,-1,-1,-1,4,E01017277,0,1
2025440287966,2025,440287966,1,9,0,9,9,2,8,0,0,8,0,0,0,0,3,1,2,2,1,67,10,-1,-1,-1,-1,2,E01017276,0,1
2025440288067,2025,440288067,1,9,0,7,7,8,2,0,0,2,0,0,0,0,1,1,5,6,2,22,5,-1,-1,-1,-1,9,E01022560,0,1
2025440288070,2025,440288070,2,19,0,9,9,8,6,0,0,5,0,0,0,0,4,1,5,6,1,78,11,-1,-1,-1,-1,4,E01022800,0,1
2025440288070,2025,440288070,1,1,0,18,19,4,8,0,0,1,0,0,0,0,1,1,2,2,1,32,6,-1,-1,-1,-1,2,E01022818,0,1
2025440288247,2025,440288247,2,9,0,18,19,7,3,0,0,0,0,0,0,0,1,1,6,6,2,86,11,-1,-1,-1,-1,-1,-1,0,-1
2025440288247,2025,440288247,1,9,0,2,2,0,0,0,0,0,0,0,0,0,4,1,6,6,3,-1,-1,-1,-1,-1,-1,-1,-1,0,-1
2025440289025,2025,440289025,1,9,0,7,7,1,7,0,0,2,0,0,0,0,1,1,6,6,2,73,10,-1,-1,-1,-1,8,E01022685,0,1
2025440289036,2025,440289036,1,9,0,18,19,3,7,0,0,0,0,0,0,0,1,1,5,6,1,51,8,-1,-1,-1,-1,3,E01017318,0,2
2025440289036,2025,440289036,2,9,0,18,19,7,3,0,0,0,0,0,0,0,1,1,5,6,2,70,10,-1,-1,-1,-1,6,E01017291,0,3
2025440289249,2025,440289249,2,3,0,18,19,6,2,0,0,8,0,0,0,0,1,1,2,2,1,20,4,-1,-1,-1,-1,10,E01022977,0,2
2025440289249,2025,440289249,1,9,0,5,5,4,8,0,0,6,0,0,0,0,1,1,2,2,1,20,4,-1,-1,-1,-1,8,E01017215,0,1
2025440289249,2025,440289249,3,19,0,9,9,6,4,0,0,8,0,0,0,0,0,1,6,6,3,-1,-1,-1,-1,-1,-1,-1,-1,0,-1
2025440289345,2025,440289345,2,9,0,4,4,7,3,0,0,8,0,0,0,0,1,1,6,6,2,43,7,-1,-1,-1,-1,5,E01032883,0,1
2025440289345,2025,440289345,1,9,0,4,4,7,3,0,0,8,0,0,0,0,2,1,6,6,1,32,6,-1,-1,-1,-1,5,E01022845,0,1
2025440289350,2025,440289350,1,9,0,9,9,2,8,0,0,4,0,0,0,0,1,1,6,6,2,35,6,-1,-1,-1,-1,5,E01023262,0,1
2025440289350,2025,440289350,2,1,0,18,19,8,4,0,0,8,0,0,0,0,4,1,2,2,1,19,4,-1,-1,-1,-1,9,E01023265,0,1
2025440289493,2025,440289493,1,9,0,18,19,8,4,0,0,0,0,0,1,10,1,1,6,6,2,51,8,-1,-1,-1,-1,10,E01023231,0,1
2025440289647,2025,440289647,1,-1,0,18,19,1,5,0,0,4,1,0,0,0,1,1,5,6,1,20,4,-1,-1,-1,-1,6,E01017025,1,1
2025440292753,2025,440292753,1,9,0,18,19,7,3,0,0,1,0,0,0,0,3,1,6,6,2,42,7,-1,-1,-1,-1,9,E01021526,0,5
2025440292753,2025,440292753,2,9,0,18,19,5,1,0,0,2,0,0,0,0,1,1,6,6,2,-1,-1,-1,-1,-1,-1,4,E01001727,0,5
2025440517171,2025,440517171,2,9,0,18,19,3,7,0,0,0,0,0,0,0,1,1,5,6,2,34,6,-1,-1,-1,-1,5,E01023010,0,4
2025440517171,2025,440517171,1,9,0,18,19,7,3,0,0,0,0,0,0,0,1,1,5,6,2,67,10,-1,-1,-1,-1,10,E01023024,0,1
2025445009578,2025,445009578,1,9,0,18,19,7,3,9,9,1,0,0,1,0,1,1,5,6,2,36,7,-1,-1,-1,-1,3,E01017347,0,2
2025451536505,2025,451536505,1,9,0,-1,19,3,7,-1,0,2,0,0,0,0,1,1,-1,9,2,42,7,-1,-1,-1,-1,3,E01030711,0,1
2025451536505,2025,451536505,2,9,0,-1,19,3,7,-1,0,2,0,0,0,0,2,9,-1,6,3,24,5,-1,-1,-1,-1,-1,-1,0,-1
2025451536536,2025,451536536,1,9,0,-1,13,1,5,-1,0,0,1,0,0,0,2,1,-1,9,2,44,7,-1,-1,-1,-1,5,E01030555,0,1
2025451536536,2025,451536536,2,9,0,-1,19,1,5,-1,0,0,0,0,0,0,1,1,-1,9,1,40,7,-1,-1,-1,-1,8,E01030491,0,1
2025451536657,2025,451536657,1,9,0,-1,5,1,8,-1,0,3,0,0,0,0,1,1,-1,9,1,45,7,-1,-1,-1,-1,9,E01030947,0,1
2025451536657,2025,451536657,2,9,0,-1,5,3,6,-1,0,8,1,0,0,0,4,1,-1,9,2,41,7,-1,-1,-1,-1,9,E01030947,0,1
2025451536686,2025,451536686,2,9,0,-1,19,1,5,-1,0,0,0,0,0,0,1,9,-1,6,3,19,4,-1,-1,-1,-1,-1,-1,0,-1
2025451536686,2025,451536686,1,9,0,-1,19,5,1,-1,0,0,0,0,1,10,1,1,-1,9,2,30,6,-1,-1,-1,-1,8,E01030817,0,1
2025451536725,2025,451536725,1,9,0,-1,19,7,1,-1,0,0,0,0,0,0,4,9,-1,2,2,31,6,-1,-1,-1,-1,8,E01029201,0,5
2025451536725,2025,451536725,2,9,0,-1,19,7,1,-1,0,0,2,0,5,6,1,1,-1,2,1,56,9,-1,-1,-1,-1,8,E01022615,0,4
2025451537049,2025,451537049,1,9,0,-1,19,2,6,-1,0,8,0,0,0,0,1,1,-1,2,2,42,7,-1,-1,-1,-1,4,E01030983,0,1
2025451537068,2025,451537068,1,9,0,-1,19,1,5,-1,0,0,1,0,0,0,3,1,-1,2,1,33,6,-1,-1,-1,-1,9,E01030829,0,1
2025451537072,2025,451537072,1,9,0,-1,19,7,3,-1,0,0,2,0,1,11,1,1,-1,6,1,24,5,-1,-1,-1,-1,4,E01030601,0,1
2025451537138,2025,451537138,1,90,0,-1,19,1,5,-1,0,0,0,0,0,0,1,1,-1,1,1,25,5,-1,-1,-1,-1,8,E01035361,0,2
2025451537138,2025,451537138,2,98,0,-1,9,1,5,-1,0,0,0,0,0,0,2,1,-1,2,1,53,8,-1,-1,-1,-1,10,E01030808,0,4
2025451537439,2025,451537439,1,9,0,-1,19,5,1,-1,0,0,5,0,1,4,1,1,-1,9,1,41,7,-1,-1,-1,-1,10,E01030523,0,1
2025451537448,2025,451537448,1,9,0,-1,19,7,3,-1,0,0,1,0,1,4,1,1,-1,9,2,21,5,-1,-1,-1,-1,9,E01030911,0,2
2025451537480,2025,451537480,1,9,0,-1,19,7,7,-1,0,0,0,0,0,0,1,1,-1,9,1,26,6,-1,-1,-1,-1,10,E01030504,0,1
2025451537480,2025,451537480,2,9,0,-1,19,3,7,-1,0,0,0,0,0,0,2,1,-1,9,1,52,8,-1,-1,-1,-1,8,E01030704,0,4
2025451537536,2025,451537536,1,1,0,-1,19,2,6,-1,0,0,2,0,0,0,1,1,-1,9,1,30,6,-1,-1,-1,-1,8,E01004602,0,3
2025451537671,2025,451537671,1,9,0,-1,19,5,1,-1,0,0,0,0,0,0,3,1,-1,6,2,68,10,-1,-1,-1,-1,10,E01030486,0,2
2025451537671,2025,451537671,2,9,0,-1,10,1,5,-1,0,0,0,0,0,0,1,1,-1,6,2,40,7,-1,-1,-1,-1,-1,-1,0,-1
2025451537707,2025,451537707,1,9,0,-1,9,1,3,-1,0,4,0,0,0,0,4,1,-1,9,1,66,10,-1,-1,-1,-1,8,E01030556,0,1
2025451537717,2025,451537717,1,9,0,-1,9,1,5,-1,0,0,1,0,1,4,1,1,-1,2,1,38,7,-1,-1,-1,-1,7,E01031423,0,4
2025451537741,2025,451537741,1,9,0,-1,19,7,3,-1,0,0,0,0,1,0,4,1,-1,6,1,24,5,-1,-1,-1,-1,8,E01030836,0,1
2025451537770,2025,451537770,1,9,0,-1,19,5,1,-1,0,0,0,0,0,0,1,1,-1,1,1,48,8,-1,-1,-1,-1,7,E01030452,0,1
2025451537778,2025,451537778,1,9,0,-1,19,7,3,-1,0,0,0,0,0,0,1,1,-1,2,1,93,11,-1,-1,-1,-1,10,E01022853,0,1
2025451537778,2025,451537778,2,9,0,-1,19,3,7,-1,0,0,0,0,0,0,1,1,-1,9,1,62,9,-1,-1,-1,-1,10,E01030888,0,1
2025451537778,2025,451537778,3,9,0,-1,19,7,3,-1,0,0,0,0,0,0,2,1,-1,6,-1,-1,-1,-1,-1,-1,-1,-1,-1,0,-1
2025451537954,2025,451537954,2,9,0,-1,19,1,5,-1,0,8,0,0,0,0,4,1,-1,9,1,75,10,-1,-1,-1,-1,10,E01030517,0,1
2025451537954,2025,451537954,1,98,0,-1,19,1,1,-1,0,2,0,0,0,0,1,9,-1,6,3,-1,-1,-1,-1,-1,-1,-1,-1,0,-1
2025451537992,2025,451537992,1,98,0,-1,19,5,1,-1,0,0,0,0,0,0,0,1,-1,1,1,26,6,-1,-1,-1,-1,6,E01030451,0,2
2025451538099,2025,451538099,1,9,0,-1,19,5,1,-1,0,2,0,0,0,0,4,1,-1,6,1,19,4,-1,-1,-1,-1,9,E01030666,0,1
2025451538099,2025,451538099,2,9,0,-1,19,1,5,-1,0,1,0,0,0,0,1,9,-1,2,1,43,7,-1,-1,-1,-1,7,E01030707,0,1
2025451538099,2025,451538099,3,9,0,-1,2,0,0,-1,0,2,0,0,0,0,2,9,-1,6,-1,-1,-1,-1,-1,-1,-1,-1,-1,0,-1
2025451538099,2025,451538099,4,9,0,-1,2,0,0,-1,9,1,0,0,0,0,3,9,-1,6,-1,-1,-1,-1,-1,-1,-1,-1,-1,0,-1
2025451538244,2025,451538244,1,9,0,-1,7,2,4,-1,0,6,0,0,0,0,1,1,-1,9,1,47,8,-1,-1,-1,-1,10,E01016548,0,3
2025451538341,2025,451538341,1,9,0,-1,19,8,4,-1,0,0,0,0,7,4,1,1,-1,9,1,75,10,-1,-1,-1,-1,7,E01030592,0,2
2025451538424,2025,451538424,1,9,0,-1,19,3,7,-1,0,0,1,12,0,0,1,1,-1,2,1,25,5,-1,-1,-1,-1,9,E01030820,0,1
2025451538454,2025,451538454,1,3,0,-1,99,3,7,-1,99,0,9,99,0,0,1,1,-1,2,2,31,6,-1,-1,-1,-1,5,E01000747,0,3
2025451538454,2025,451538454,2,19,0,-1,99,3,7,-1,99,0,9,99,0,0,2,1,-1,6,1,30,6,-1,-1,-1,-1,-1,-1,0,-1