collision_index,collision_year,collision_ref_no,vehicle_reference,vehicle_type,towing_and_articulation,vehicle_manoeuvre_historic,vehicle_manoeuvre,vehicle_direction_from,vehicle_direction_to,vehicle_location_restricted_lane_historic,vehicle_location_restricted_lane,junction_location,skidding_and_overturning,hit_object_in_carriageway,vehicle_leaving_carriageway,hit_object_off_carriageway,first_point_of_impact,vehicle_left_hand_drive,journey_purpose_of_driver_historic,journey_purpose_of_driver,sex_of_driver,age_of_driver,age_band_of_driver,engine_capacity_cc,propulsion_code,age_of_vehicle,generic_make_model,driver_imd_decile,lsoa_of_driver,escooter_flag,driver_distance_banding
2025451545051,2025,451545051,2,9,0,-1,19,5,1,-1,0,1,0,0,0,0,1,1,-1,9,1,43,7,-1,-1,-1,-1,10,E01030442,0,1
2025451545052,2025,451545052,1,9,0,-1,19,5,1,-1,0,1,0,0,0,0,1,1,-1,9,1,79,11,-1,-1,-1,-1,10,E01030342,0,1
2025451545062,2025,451545062,2,9,0,-1,19,3,6,-1,0,1,0,0,0,0,1,1,-1,2,2,48,8,-1,-1,-1,-1,9,E01031497,0,3
2025451545062,2025,451545062,1,9,0,-1,9,6,4,-1,0,8,0,0,7,7,1,1,-1,9,1,89,11,-1,-1,-1,-1,9,E01022599,0,1
2025451545070,2025,451545070,1,9,0,-1,19,5,1,-1,0,0,0,0,0,0,1,1,-1,2,1,18,4,-1,-1,-1,-1,10,E01030868,0,1
2025451545070,2025,451545070,2,9,0,-1,19,1,5,-1,0,0,0,0,1,9,1,1,-1,2,1,62,9,-1,-1,-1,-1,8,E01030867,0,1
2025451545077,2025,451545077,1,9,0,-1,9,5,1,-1,0,8,0,0,0,0,3,1,-1,1,1,26,6,-1,-1,-1,-1,4,E01030983,0,1
2025451545109,2025,451545109,1,9,0,-1,19,1,5,-1,0,0,0,0,0,0,3,1,-1,9,2,52,8,-1,-1,-1,-1,10,E01016589,0,1
2025451545109,2025,451545109,2,9,0,-1,19,5,1,-1,0,0,0,0,0,0,1,1,-1,9,1,39,7,-1,-1,-1,-1,3,E01016452,0,3
2025451545113,2025,451545113,1,9,0,-1,19,3,3,-1,0,0,5,4,0,0,1,1,-1,9,1,77,11,-1,-1,-1,-1,10,E01030778,0,1
2025451545113,2025,451545113,2,9,0,-1,2,3,3,-1,0,0,0,0,0,0,3,1,-1,6,-1,-1,-1,-1,-1,-1,-1,-1,-1,0,-1
2025451545367,2025,451545367,2,9,0,-1,19,7,3,-1,0,0,0,0,1,7,2,1,-1,9,1,68,10,-1,-1,-1,-1,8,E01017069,0,4
2025451545367,2025,451545367,1,98,0,-1,19,7,3,-1,0,0,0,0,0,0,1,2,-1,1,1,38,7,-1,-1,-1,-1,-1,-1,0,-1
2025451545414,2025,451545414,1,9,0,-1,19,1,3,-1,0,0,0,0,0,0,1,1,-1,6,1,40,7,-1,-1,-1,-1,8,E01030556,0,1
2025451545504,2025,451545504,2,9,0,-1,19,4,2,-1,0,0,0,0,0,0,1,1,-1,6,2,75,10,-1,-1,-1,-1,10,E01030351,0,3
2025451545504,2025,451545504,1,9,0,-1,5,8,6,-1,0,0,0,0,0,0,3,1,-1,1,2,61,9,-1,-1,-1,-1,4,E01026278,0,5
2025451545548,2025,451545548,2,9,0,-1,19,1,5,-1,0,0,0,0,0,0,2,1,-1,9,2,63,9,-1,-1,-1,-1,6,E01030633,0,1
2025451545548,2025,451545548,3,9,0,-1,19,1,5,-1,0,0,0,0,0,0,2,1,-1,9,2,50,8,-1,-1,-1,-1,10,E01035359,0,2
2025451545548,2025,451545548,1,9,0,-1,19,1,5,-1,0,0,0,0,0,0,1,1,-1,9,1,24,5,-1,-1,-1,-1,8,E01030576,0,2
2025451545610,2025,451545610,2,98,0,-1,19,3,7,-1,0,0,0,0,0,0,-1,9,-1,6,1,50,8,-1,-1,-1,-1,5,E01001041,0,4
2025451545610,2025,451545610,1,9,0,-1,19,3,7,-1,0,0,0,0,0,0,-1,1,-1,6,1,60,9,-1,-1,-1,-1,3,E01023105,0,4
2025451545650,2025,451545650,1,9,0,-1,19,2,6,-1,0,1,0,0,0,0,1,1,-1,6,1,34,6,-1,-1,-1,-1,4,E01030304,0,1
2025451545650,2025,451545650,2,9,0,-1,19,6,2,-1,0,1,0,0,0,0,1,1,-1,9,1,74,10,-1,-1,-1,-1,4,E01030304,0,1
2025451545752,2025,451545752,2,9,0,-1,9,7,3,-1,0,1,0,0,0,0,3,1,-1,1,2,48,8,-1,-1,-1,-1,4,E01030304,0,1
2025451545752,2025,451545752,1,9,0,-1,19,5,1,-1,0,1,0,0,0,0,1,1,-1,6,1,61,9,-1,-1,-1,-1,7,E01002985,0,3
2025451545825,2025,451545825,2,90,0,-1,99,3,7,-1,0,4,9,0,0,0,1,1,-1,6,1,40,7,-1,-1,-1,-1,-1,-1,0,-1
2025451545825,2025,451545825,1,9,0,-1,3,3,7,-1,0,4,0,0,0,0,2,1,-1,6,2,54,8,-1,-1,-1,-1,10,E01032853,0,3
2025451545844,2025,451545844,1,9,0,-1,19,3,7,-1,0,0,1,0,1,4,1,1,-1,9,1,57,9,-1,-1,-1,-1,7,E01030972,0,3
2025451545995,2025,451545995,1,90,0,-1,4,1,3,-1,0,4,0,0,0,0,4,1,-1,1,1,31,6,-1,-1,-1,-1,2,E01001877,0,4
2025451545995,2025,451545995,2,97,0,-1,4,1,3,-1,-1,4,0,0,0,0,2,1,-1,1,1,27,6,-1,-1,-1,-1,4,E01002594,0,3
2025451546000,2025,451546000,1,9,0,-1,19,4,8,-1,0,1,1,10,7,1,3,1,-1,9,1,19,4,-1,-1,-1,-1,8,E01016545,0,2
2025451546007,2025,451546007,1,9,0,-1,19,3,7,-1,0,0,0,4,0,0,4,1,-1,9,2,46,8,-1,-1,-1,-1,5,E01030725,0,1
2025451546007,2025,451546007,2,9,0,-1,2,4,8,-1,0,0,0,0,0,0,3,1,-1,6,1,35,6,-1,-1,-1,-1,5,E01030725,0,1
2025451546039,2025,451546039,1,9,0,-1,19,1,1,-1,0,0,0,0,0,0,1,9,-1,6,2,60,9,-1,-1,-1,-1,8,E01030730,0,1
2025451546058,2025,451546058,1,9,0,-1,19,3,7,-1,0,8,0,0,0,0,3,1,-1,9,2,40,7,-1,-1,-1,-1,8,E01030577,0,1
2025451546058,2025,451546058,2,9,0,-1,12,7,1,-1,0,8,0,0,0,0,1,1,-1,2,2,29,6,-1,-1,-1,-1,5,E01031577,0,2
2025451546099,2025,451546099,1,9,0,-1,19,8,4,-1,0,0,0,4,8,0,4,1,-1,9,1,79,11,-1,-1,-1,-1,9,E01000777,0,3
2025451546099,2025,451546099,2,9,0,-1,2,0,0,-1,4,0,0,0,1,0,3,1,-1,9,1,35,6,-1,-1,-1,-1,8,E01030859,0,1
2025451546145,2025,451546145,1,9,0,-1,19,5,1,-1,0,0,2,7,0,0,4,1,-1,9,1,27,6,-1,-1,-1,-1,7,E01030527,0,2
2025451546211,2025,451546211,2,9,0,-1,9,2,6,-1,0,6,0,0,0,0,1,1,-1,6,1,59,9,-1,-1,-1,-1,8,E01030565,0,1
2025451546211,2025,451546211,1,1,0,-1,19,6,2,-1,0,8,0,0,0,0,4,1,-1,6,1,52,8,-1,-1,-1,-1,10,E01001129,0,3
2025451546388,2025,451546388,2,98,0,-1,19,3,7,-1,0,0,0,0,0,0,1,1,-1,1,1,25,5,-1,-1,-1,-1,9,E01030642,0,1
2025451546388,2025,451546388,3,9,0,-1,2,0,0,-1,0,0,0,0,0,0,3,1,-1,6,-1,-1,-1,-1,-1,-1,-1,-1,-1,0,-1
2025451546388,2025,451546388,4,9,0,-1,2,0,0,-1,0,0,0,0,0,0,2,1,-1,6,-1,-1,-1,-1,-1,-1,-1,-1,-1,0,-1
2025451546388,2025,451546388,1,9,0,-1,19,3,7,-1,0,0,0,0,0,0,1,1,-1,1,2,42,7,-1,-1,-1,-1,9,E01030642,0,1
2025451546415,2025,451546415,1,9,0,-1,19,1,5,-1,0,0,0,0,1,3,1,1,-1,9,1,21,5,-1,-1,-1,-1,10,E01030837,0,3
2025451546432,2025,451546432,1,9,0,-1,3,1,5,-1,0,1,1,0,0,0,2,1,-1,6,2,33,6,-1,-1,-1,-1,10,E01035359,0,1
2025451546432,2025,451546432,2,9,0,-1,19,1,5,-1,0,1,0,4,0,0,1,1,-1,6,2,40,7,-1,-1,-1,-1,-1,-1,0,-1
2025451546467,2025,451546467,1,9,0,-1,19,6,4,-1,0,1,0,0,0,0,1,1,-1,9,2,22,5,-1,-1,-1,-1,6,E01030371,0,1
2025451546492,2025,451546492,2,1,0,-1,19,4,8,-1,0,8,5,0,0,0,0,1,-1,2,2,26,6,-1,-1,-1,-1,8,E01030703,0,1
2025451546492,2025,451546492,1,9,0,-1,7,8,4,-1,0,1,0,0,0,0,0,1,-1,6,2,43,7,-1,-1,-1,-1,9,E01030661,0,2
2025451546498,2025,451546498,1,9,0,-1,19,3,7,-1,0,0,5,0,7,0,1,1,-1,2,2,20,4,-1,-1,-1,-1,9,E01030940,0,2
2025451546753,2025,451546753,1,9,0,-1,9,5,3,-1,0,2,0,0,0,0,4,1,-1,1,1,48,8,-1,-1,-1,-1,9,E01030334,0,1
2025451546753,2025,451546753,2,1,0,-1,9,5,1,-1,0,1,0,0,0,0,3,1,-1,2,1,51,8,-1,-1,-1,-1,10,E01030370,0,1
2025451546754,2025,451546754,1,9,0,-1,4,7,7,-1,0,4,0,2,1,1,2,1,-1,2,1,42,7,-1,-1,-1,-1,8,E01030723,0,1
2025451546754,2025,451546754,2,9,0,-1,19,3,7,-1,0,4,0,0,0,0,1,9,-1,6,3,50,8,-1,-1,-1,-1,-1,-1,0,-1
2025451546885,2025,451546885,1,9,0,-1,19,5,1,-1,0,0,0,0,0,0,2,1,-1,1,2,59,9,-1,-1,-1,-1,8,E01030298,0,1
2025451546885,2025,451546885,2,97,0,-1,19,5,1,-1,0,0,0,0,0,0,1,1,-1,1,1,19,4,-1,-1,-1,-1,4,E01000489,0,4
2025451546902,2025,451546902,2,9,0,-1,19,4,8,-1,0,0,0,0,0,0,1,1,-1,6,1,51,8,-1,-1,-1,-1,9,E01003823,0,2
2025451546902,2025,451546902,1,9,0,-1,19,8,4,-1,0,0,0,0,7,0,1,1,-1,9,1,58,9,-1,-1,-1,-1,5,E01030725,0,1
2025451546902,2025,451546902,3,9,0,-1,19,8,4,-1,0,0,0,0,0,0,1,1,-1,2,2,57,9,-1,-1,-1,-1,7,E01030741,0,1
2025451546902,2025,451546902,4,9,0,-1,19,4,8,-1,0,0,0,0,0,0,3,1,-1,2,2,46,8,-1,-1,-1,-1,6,E01002919,0,3
2025451546938,2025,451546938,1,1,0,-1,19,1,5,-1,0,8,0,0,0,0,3,1,-1,6,1,59,9,-1,-1,-1,-1,3,E01030619,0,1
2025451546938,2025,451546938,2,9,0,-1,19,3,7,-1,0,6,0,0,0,0,1,9,-1,6,2,29,6,-1,-1,-1,-1,-1,-1,0,-1
2025451547099,2025,451547099,1,9,0,-1,19,5,1,-1,0,8,0,0,0,0,4,1,-1,9,2,52,8,-1,-1,-1,-1,10,E01030603,0,1
2025451547099,2025,451547099,2,9,0,-1,9,8,5,-1,0,8,0,0,0,0,1,1,-1,6,2,73,10,-1,-1,-1,-1,10,E01030514,0,2
2025451547101,2025,451547101,1,9,0,-1,19,2,8,-1,0,0,0,0,0,0,1,1,-1,6,1,60,9,-1,-1,-1,-1,-1,-1,0,-1
2025451547107,2025,451547107,1,9,0,-1,19,1,1,-1,9,0,1,0,7,0,1,1,-1,6,1,38,7,-1,-1,-1,-1,10,E01030535,0,3
2025451547278,2025,451547278,1,9,0,-1,5,7,1,-1,0,0,0,0,0,0,3,1,-1,6,2,37,7,-1,-1,-1,-1,5,E01030748,0,1
2025451547278,2025,451547278,2,98,0,-1,-1,-1,-1,-1,-1,0,-1,-1,-1,0,-1,1,-1,1,1,-1,-1,-1,-1,-1,-1,-1,-1,0,-1
2025451547414,2025,451547414,1,97,0,-1,7,6,2,-1,0,3,0,0,0,0,1,1,-1,2,2,26,6,-1,-1,-1,-1,6,E01030653,0,2
2025451547414,2025,451547414,2,9,0,-1,5,5,1,-1,0,4,0,0,0,0,3,1,-1,9,1,73,10,-1,-1,-1,-1,10,E01031002,0,1
2025451547423,2025,451547423,3,9,0,-1,3,1,5,-1,0,0,0,0,0,0,2,1,-1,9,1,25,5,-1,-1,-1,-1,10,E01022876,0,3
2025451547423,2025,451547423,1,9,0,-1,3,5,1,-1,0,0,0,0,0,0,2,1,-1,9,2,33,6,-1,-1,-1,-1,4,E01030981,0,1
2025451547423,2025,451547423,2,9,0,-1,19,5,1,-1,0,0,0,0,0,0,1,1,-1,9,1,44,7,-1,-1,-1,-1,5,E01023129,0,3
2025451547436,2025,451547436,1,9,0,-1,19,1,5,-1,0,2,0,0,0,0,0,1,-1,7,2,37,7,-1,-1,-1,-1,10,E01030948,0,1
2025451547464,2025,451547464,2,98,0,-1,19,7,3,-1,0,8,0,0,0,0,1,1,-1,1,1,53,8,-1,-1,-1,-1,3,E01030432,0,4
2025451547464,2025,451547464,1,9,0,-1,19,1,5,-1,0,8,0,7,0,0,3,1,-1,2,1,76,11,-1,-1,-1,-1,7,E01030840,0,1
2025451547489,2025,451547489,1,9,0,-1,19,5,1,-1,0,0,0,7,0,0,2,1,-1,6,1,38,7,-1,-1,-1,-1,4,E01016360,0,4
2025451547489,2025,451547489,2,19,0,-1,19,5,1,-1,0,0,0,7,0,0,1,1,-1,6,1,19,4,-1,-1,-1,-1,6,E01002601,0,3
2025451547491,2025,451547491,1,9,0,-1,19,7,3,-1,9,0,0,0,0,0,1,9,-1,2,2,49,8,-1,-1,-1,-1,5,E01030677,0,3
2025451547492,2025,451547492,2,9,0,-1,19,1,5,-1,0,1,0,0,0,0,1,1,-1,9,2,43,7,-1,-1,-1,-1,7,E01003396,0,3
2025451547492,2025,451547492,1,9,0,-1,9,5,1,-1,0,1,0,0,0,0,4,1,-1,2,2,58,9,-1,-1,-1,-1,8,E01030845,0,1
2025451547539,2025,451547539,1,9,0,-1,19,3,7,-1,0,1,0,0,0,0,4,1,-1,9,1,69,10,-1,-1,-1,-1,10,E01030369,0,2
2025451547539,2025,451547539,2,1,0,-1,9,7,3,-1,0,5,0,0,0,0,2,1,-1,2,1,20,4,-1,-1,-1,-1,9,E01030301,0,1
2025451547678,2025,451547678,1,9,0,-1,19,6,2,-1,0,1,0,0,0,0,1,1,-1,9,1,18,4,-1,-1,-1,-1,7,E01030505,0,1
2025451547678,2025,451547678,2,1,0,-1,19,1,2,-1,0,8,0,0,0,0,1,1,-1,6,2,11,3,-1,-1,-1,-1,9,E01030513,0,1
2025451547698,2025,451547698,1,9,0,-1,11,5,1,-1,0,0,2,0,8,4,4,1,-1,7,1,50,8,-1,-1,-1,-1,2,E01001147,0,3
2025451547819,2025,451547819,1,9,0,-1,19,1,1,-1,0,7,0,0,0,0,1,1,-1,6,2,67,10,-1,-1,-1,-1,10,E01030512,0,1
2025451547905,2025,451547905,1,9,0,-1,19,5,1,-1,0,0,0,0,7,11,1,1,-1,6,1,38,7,-1,-1,-1,-1,10,E01030535,0,3
2025451547910,2025,451547910,1,9,0,-1,19,5,1,-1,9,0,0,0,0,0,1,1,-1,6,3,-1,-1,-1,-1,-1,-1,-1,-1,0,-1
2025451547910,2025,451547910,2,9,0,-1,19,5,1,-1,0,0,0,0,0,0,0,1,-1,1,1,32,6,-1,-1,-1,-1,9,E01030646,0,1
2025451548027,2025,451548027,2,9,0,-1,19,5,1,-1,0,8,0,0,0,0,0,1,-1,9,2,32,6,-1,-1,-1,-1,8,E01030478,0,3
2025451548027,2025,451548027,1,9,0,-1,19,5,1,-1,0,1,0,0,3,11,1,1,-1,6,3,98,11,-1,-1,-1,-1,-1,-1,0,-1
2025451548091,2025,451548091,3,9,0,-1,2,0,0,-1,9,8,0,0,0,0,1,1,-1,6,-1,-1,-1,-1,-1,-1,-1,-1,-1,0,-1
2025451548091,2025,451548091,2,9,0,-1,19,5,1,-1,0,8,0,0,0,0,1,1,-1,9,1,49,8,-1,-1,-1,-1,4,E01002643,0,4
2025451548091,2025,451548091,1,9,0,-1,19,7,3,-1,0,8,0,0,2,11,3,1,-1,9,1,18,4,-1,-1,-1,-1,8,E01023103,0,1
2025451548306,2025,451548306,2,98,0,-1,1,5,1,-1,0,0,0,0,0,0,2,1,-1,6,1,50,8,-1,-1,-1,-1,8,E01030490,0,2
2025451548306,2025,451548306,1,5,0,-1,3,1,5,-1,0,0,5,0,0,0,4,1,-1,6,2,45,7,-1,-1,-1,-1,8,E01030991,0,1
2025451548349,2025,451548349,1,9,0,-1,19,1,5,-1,0,8,0,0,7,4,1,1,-1,9,1,21,5,-1,-1,-1,-1,9,E01030809,0,4
2025451548381,2025,451548381,2,1,0,-1,9,3,7,-1,0,8,0,0,0,0,1,1,-1,9,1,55,8,-1,-1,-1,-1,6,E01030598,0,2
2025451548381,2025,451548381,1,9,0,-1,19,5,1,-1,0,4,0,0,0,0,3,1,-1,2,1,52,8,-1,-1,-1,-1,10,E01030624,0,2
2025451548397,2025,451548397,2,9,0,-1,19,7,7,-1,0,0,0,0,0,0,1,1,-1,1,2,27,6,-1,-1,-1,-1,2,E01030483,0,1
2025451548397,2025,451548397,1,9,0,-1,5,1,1,-1,0,0,0,0,0,0,1,1,-1,2,1,30,6,-1,-1,-1,-1,10,E01030487,0,1
2025451548534,2025,451548534,2,98,0,-1,5,8,4,-1,0,1,0,0,0,0,1,1,-1,2,1,39,7,-1,-1,-1,-1,9,E01030401,0,1
2025451548534,2025,451548534,1,97,0,-1,15,8,4,-1,0,1,0,0,0,0,4,1,-1,9,1,30,6,-1,-1,-1,-1,7,E01030592,0,2
2025451548554,2025,451548554,2,9,0,-1,19,2,2,-1,0,4,0,0,0,0,2,1,-1,9,2,28,6,-1,-1,-1,-1,7,E01030879,0,3
2025451548554,2025,451548554,1,9,0,-1,19,4,4,-1,0,4,0,0,0,0,1,1,-1,9,2,56,9,-1,-1,-1,-1,7,E01030864,0,3
2025451548559,2025,451548559,3,1,0,-1,19,5,1,-1,0,0,0,0,0,0,3,1,-1,9,1,42,7,-1,-1,-1,-1,4,E01023120,0,3
2025451548559,2025,451548559,1,9,0,-1,19,5,1,-1,0,0,0,0,0,0,3,1,-1,1,1,71,10,-1,-1,-1,-1,10,E01030454,0,2
2025451548559,2025,451548559,2,9,0,-1,19,1,5,-1,0,0,0,0,0,0,1,1,-1,2,1,65,9,-1,-1,-1,-1,8,E01022586,0,4
2025451548664,2025,451548664,1,9,0,-1,9,-1,-1,-1,-1,0,-1,-1,-1,0,-1,1,-1,6,3,-1,-1,-1,-1,-1,-1,-1,-1,0,-1
2025451548702,2025,451548702,1,9,0,-1,9,6,3,-1,0,0,0,0,0,0,1,1,-1,1,1,26,6,-1,-1,-1,-1,4,E01016519,0,4
2025451548702,2025,451548702,2,98,0,-1,19,3,7,-1,0,0,0,0,0,0,1,1,-1,1,1,28,6,-1,-1,-1,-1,9,E01030488,0,1
2025451548703,2025,451548703,2,1,0,-1,19,8,4,-1,9,0,0,0,0,0,1,1,-1,6,1,15,3,-1,-1,-1,-1,10,E01030376,0,1
2025451548703,2025,451548703,1,9,0,-1,9,4,1,-1,0,0,0,0,0,0,4,1,-1,9,2,53,8,-1,-1,-1,-1,10,E01030948,0,1
2025451548708,2025,451548708,2,9,0,-1,19,1,4,-1,0,3,0,0,0,0,2,1,-1,6,1,62,9,-1,-1,-1,-1,10,E01030691,0,2
2025451548708,2025,451548708,1,9,0,-1,19,1,4,-1,0,1,0,0,0,0,4,1,-1,2,2,40,7,-1,-1,-1,-1,9,E01022879,0,3
2025451548752,2025,451548752,1,1,0,-1,19,4,6,-1,0,4,0,0,0,0,4,1,-1,6,1,59,9,-1,-1,-1,-1,9,E01002947,0,1
2025451548752,2025,451548752,2,9,0,-1,99,6,2,-1,0,4,0,0,0,0,1,1,-1,6,2,40,7,-1,-1,-1,-1,7,E01030402,0,1
2025451548819,2025,451548819,1,9,0,-1,19,6,7,-1,0,2,0,0,0,0,1,1,-1,9,2,20,4,-1,-1,-1,-1,7,E01018934,0,5
2025451548866,2025,451548866,1,9,0,-1,3,4,8,-1,0,0,0,0,0,0,1,1,-1,9,2,31,6,-1,-1,-1,-1,9,E01030590,0,1
2025451548866,2025,451548866,2,9,0,-1,1,4,8,-1,0,0,0,0,0,0,2,1,-1,6,1,80,11,-1,-1,-1,-1,-1,-1,0,-1
2025451548900,2025,451548900,2,97,0,-1,19,6,2,-1,0,0,2,10,0,0,0,1,-1,6,1,24,5,-1,-1,-1,-1,4,E01030746,0,1
2025451548900,2025,451548900,1,9,0,-1,19,6,2,-1,0,0,0,0,0,0,0,1,-1,9,2,60,9,-1,-1,-1,-1,9,E01024386,0,4
2025451549004,2025,451549004,1,9,0,-1,19,4,8,-1,0,0,0,0,0,0,1,1,-1,2,1,62,9,-1,-1,-1,-1,10,E01030487,0,3
2025451549128,2025,451549128,2,21,1,-1,19,7,3,-1,0,0,9,0,0,0,9,1,-1,6,3,40,7,-1,-1,-1,-1,-1,-1,0,-1
2025451549128,2025,451549128,1,9,0,-1,19,7,3,-1,0,0,9,10,3,11,3,1,-1,6,1,47,8,-1,-1,-1,-1,3,E01023357,0,4
2025451549170,2025,451549170,2,1,0,-1,19,6,2,-1,0,1,0,0,0,0,1,1,-1,6,1,21,5,-1,-1,-1,-1,9,E01004606,0,3
2025451549170,2025,451549170,1,9,0,-1,5,8,2,-1,9,6,0,0,0,0,1,1,-1,9,2,76,11,-1,-1,-1,-1,7,E01004635,0,3
2025451549266,2025,451549266,2,9,0,-1,19,1,5,-1,0,8,0,0,0,0,1,1,-1,9,2,35,6,-1,-1,-1,-1,6,E01030857,0,1
2025451549266,2025,451549266,1,9,0,-1,9,1,5,-1,0,8,0,0,0,0,4,1,-1,9,1,18,4,-1,-1,-1,-1,8,E01001069,0,1
2025451549297,2025,451549297,1,9,0,-1,7,4,2,-1,0,0,0,0,0,0,1,1,-1,9,1,36,7,-1,-1,-1,-1,2,E01030599,0,1
2025451549299,2025,451549299,1,9,0,-1,19,3,7,-1,0,0,0,0,0,0,1,1,-1,2,2,22,5,-1,-1,-1,-1,10,E01031800,0,4
2025451549344,2025,451549344,1,9,0,-1,19,4,8,-1,0,0,0,0,2,9,1,1,-1,9,1,66,10,-1,-1,-1,-1,5,E01034296,0,1
2025451549354,2025,451549354,2,9,0,-1,-1,-1,-1,-1,-1,0,-1,-1,-1,0,-1,9,-1,6,3,-1,-1,-1,-1,-1,-1,-1,-1,0,-1
2025451549354,2025,451549354,1,9,0,-1,19,5,1,-1,0,0,1,7,9,7,3,1,-1,6,2,30,6,-1,-1,-1,-1,8,E01030825,0,1
2025451549450,2025,451549450,2,9,0,-1,19,1,5,-1,0,0,0,0,0,0,1,1,-1,1,2,32,6,-1,-1,-1,-1,9,E01030595,0,2
2025451549450,2025,451549450,1,9,0,-1,19,5,1,-1,0,0,0,0,0,0,1,1,-1,9,1,16,4,-1,-1,-1,-1,4,E01030551,0,1
2025451549468,2025,451549468,2,9,0,-1,9,1,5,-1,0,5,0,0,0,0,3,1,-1,9,2,50,8,-1,-1,-1,-1,10,E01030561,0,1
2025451549468,2025,451549468,1,9,0,-1,19,1,5,-1,0,1,0,0,0,0,1,1,-1,9,1,41,7,-1,-1,-1,-1,8,E01001027,0,2
2025451549549,2025,451549549,1,97,0,-1,19,4,8,-1,0,0,2,4,0,0,1,1,-1,2,1,29,6,-1,-1,-1,-1,5,E01002621,0,3
2025451549549,2025,451549549,2,19,0,-1,2,4,8,-1,0,0,0,0,0,0,0,1,-1,6,-1,-1,-1,-1,-1,-1,-1,-1,-1,0,-1
2025451549576,2025,451549576,1,9,0,-1,15,2,6,-1,0,0,5,4,0,0,3,1,-1,9,2,88,11,-1,-1,-1,-1,9,E01022582,0,2
2025451549576,2025,451549576,2,9,0,-1,2,2,6,-1,0,0,0,4,0,0,2,1,-1,6,-1,-1,-1,-1,-1,-1,-1,-1,-1,0,-1
2025451549576,2025,451549576,3,9,0,-1,2,2,6,-1,9,0,0,0,0,0,2,1,-1,6,-1,-1,-1,-1,-1,-1,-1,-1,-1,0,-1
2025451549602,2025,451549602,1,9,0,-1,9,7,5,-1,0,1,0,0,0,0,1,1,-1,9,1,68,10,-1,-1,-1,-1,5,E01030667,0,1
2025451549620,2025,451549620,1,1,-1,-1,-1,-1,-1,-1,-1,-1,-1,-1,-1,0,-1,1,-1,6,2,-1,-1,-1,-1,-1,-1,-1,-1,0,-1
2025451549826,2025,451549826,2,98,0,-1,19,3,7,-1,0,0,0,0,0,0,1,1,-1,1,1,38,7,-1,-1,-1,-1,10,E01022518,0,4
2025451549826,2025,451549826,1,9,0,-1,4,3,7,-1,0,0,0,0,0,0,2,1,-1,9,1,42,7,-1,-1,-1,-1,10,E01030903,0,2
2025451549827,2025,451549827,2,9,0,-1,19,3,7,-1,0,1,0,0,0,0,1,1,-1,6,1,46,8,-1,-1,-1,-1,10,E01030627,0,1
2025451549827,2025,451549827,1,9,0,-1,19,1,5,-1,0,1,0,0,0,0,1,1,-1,9,2,47,8,-1,-1,-1,-1,9,E01030580,0,2
2025451549925,2025,451549925,1,1,0,-1,10,3,7,-1,99,0,9,99,1,99,2,1,-1,6,1,39,7,-1,-1,-1,-1,4,E01004495,0,4
2025451549925,2025,451549925,2,9,0,-1,9,3,7,-1,99,0,9,99,0,0,1,1,-1,6,1,41,7,-1,-1,-1,-1,5,E01030459,0,1
2025451549975,2025,451549975,1,9,0,-1,19,1,5,-1,0,8,0,0,0,0,1,1,-1,9,1,43,7,-1,-1,-1,-1,4,E01030740,0,1
2025451549975,2025,451549975,2,9,0,-1,19,1,5,-1,0,8,0,0,0,0,2,1,-1,6,2,30,6,-1,-1,-1,-1,3,E01030744,0,1
2025451550191,2025,451550191,1,9,0,-1,19,1,5,-1,0,0,0,0,0,0,1,9,-1,6,1,57,9,-1,-1,-1,-1,9,E01022599,0,4
2025451550191,2025,451550191,2,11,0,-1,19,7,3,-1,0,0,0,0,0,0,3,9,-1,7,1,63,9,-1,-1,-1,-1,6,E01031579,0,3
2025451550202,2025,451550202,1,9,0,-1,9,1,7,-1,0,6,0,0,0,0,4,1,-1,9,1,36,7,-1,-1,-1,-1,10,E01030924,0,1
2025451550301,2025,451550301,1,9,0,-1,19,1,5,-1,0,8,0,0,0,0,1,1,-1,9,1,57,9,-1,-1,-1,-1,10,E01030773,0,1
2025451550301,2025,451550301,2,9,0,-1,19,8,4,-1,0,8,0,0,0,0,1,1,-1,1,1,38,7,-1,-1,-1,-1,4,E01016519,0,4
2025451550315,2025,451550315,2,90,0,-1,19,1,1,-1,0,0,0,0,0,0,1,1,-1,2,1,17,4,-1,-1,-1,-1,4,E01030650,0,1
2025451550315,2025,451550315,1,9,0,-1,19,1,1,-1,0,0,0,0,0,0,2,1,-1,2,2,29,6,-1,-1,-1,-1,4,E01030739,0,1
2025451550479,2025,451550479,2,9,0,-1,19,1,5,-1,0,0,0,0,0,0,1,1,-1,6,2,37,7,-1,-1,-1,-1,9,E01030190,0,5
2025451550479,2025,451550479,1,9,0,-1,2,0,0,-1,0,0,0,0,0,0,2,1,-1,9,1,47,8,-1,-1,-1,-1,4,E01031573,0,2
2025451550612,2025,451550612,2,9,0,-1,19,5,1,-1,0,4,1,10,4,1,3,1,-1,2,1,39,7,-1,-1,-1,-1,9,E01022846,0,1
2025451550612,2025,451550612,1,9,0,-1,5,3,7,-1,0,4,0,0,0,0,1,1,-1,9,1,23,5,-1,-1,-1,-1,10,E01022869,0,2