collision_index,collision_year,collision_ref_no,vehicle_reference,vehicle_type,towing_and_articulation,vehicle_manoeuvre_historic,vehicle_manoeuvre,vehicle_direction_from,vehicle_direction_to,vehicle_location_restricted_lane_historic,vehicle_location_restricted_lane,junction_location,skidding_and_overturning,hit_object_in_carriageway,vehicle_leaving_carriageway,hit_object_off_carriageway,first_point_of_impact,vehicle_left_hand_drive,journey_purpose_of_driver_historic,journey_purpose_of_driver,sex_of_driver,age_of_driver,age_band_of_driver,engine_capacity_cc,propulsion_code,age_of_vehicle,generic_make_model,driver_imd_decile,lsoa_of_driver,escooter_flag,driver_distance_banding
2025451566394,2025,451566394,2,1,0,-1,19,5,1,-1,0,0,0,0,0,0,3,1,-1,9,1,75,10,-1,-1,-1,-1,10,E01030351,0,1
2025451566394,2025,451566394,1,19,0,-1,19,5,1,-1,0,0,0,0,0,0,4,1,-1,1,1,34,6,-1,-1,-1,-1,7,E01030734,0,3
2025451566427,2025,451566427,1,9,0,-1,19,8,4,-1,0,0,0,11,4,2,1,1,-1,1,1,56,9,-1,-1,-1,-1,10,E01030462,0,2
2025451566462,2025,451566462,1,9,0,-1,20,4,8,-1,0,0,0,0,1,11,1,1,-1,9,1,71,10,-1,-1,-1,-1,8,E01022615,0,4
2025451566482,2025,451566482,2,9,0,-1,19,7,3,-1,0,0,0,0,0,0,1,1,-1,6,2,19,4,-1,-1,-1,-1,10,E01035360,0,1
2025451566482,2025,451566482,1,9,0,-1,9,1,7,-1,0,0,0,0,0,0,3,1,-1,6,2,64,9,-1,-1,-1,-1,6,E01030629,0,1
2025451566485,2025,451566485,3,19,0,-1,19,8,2,-1,0,1,0,0,0,0,1,1,-1,1,1,37,7,-1,-1,-1,-1,8,E01016557,0,3
2025451566485,2025,451566485,1,9,0,-1,19,6,2,-1,0,8,0,0,0,0,1,1,-1,1,1,51,8,-1,-1,-1,-1,5,E01030974,0,1
2025451566485,2025,451566485,2,9,0,-1,5,8,6,-1,0,8,0,0,0,0,3,1,-1,1,1,42,7,-1,-1,-1,-1,3,E01002600,0,3
2025451566490,2025,451566490,2,9,0,-1,19,7,3,-1,0,0,0,0,0,0,1,9,-1,6,1,30,6,-1,-1,-1,-1,6,E01030633,0,1
2025451566490,2025,451566490,1,9,0,-1,19,7,3,-1,0,0,0,0,0,0,2,1,-1,6,1,36,7,-1,-1,-1,-1,10,E01030627,0,1
2025451566512,2025,451566512,1,9,0,-1,19,2,8,-1,0,0,0,9,1,4,1,1,-1,1,2,47,8,-1,-1,-1,-1,10,E01030470,0,3
2025451566643,2025,451566643,2,9,0,-1,3,8,3,-1,0,0,0,0,0,0,4,1,-1,2,1,54,8,-1,-1,-1,-1,9,E01035269,0,3
2025451566643,2025,451566643,1,21,0,-1,7,8,3,-1,0,0,0,0,0,0,1,1,-1,1,1,40,7,-1,-1,-1,-1,2,E01024533,0,5
2025451566720,2025,451566720,1,90,0,-1,1,7,7,-1,0,0,0,0,0,0,2,1,-1,1,1,53,8,-1,-1,-1,-1,4,E01030650,0,3
2025451566768,2025,451566768,1,9,0,-1,14,1,5,-1,0,6,0,0,0,0,1,2,-1,2,2,39,7,-1,-1,-1,-1,3,E01030745,0,1
2025451566820,2025,451566820,1,9,0,-1,19,2,2,-1,0,1,0,0,0,0,1,1,-1,7,1,40,7,-1,-1,-1,-1,6,E01030312,0,1
2025451566913,2025,451566913,1,9,0,-1,5,1,5,-1,9,0,0,0,0,0,1,1,-1,9,1,51,8,-1,-1,-1,-1,-1,-1,0,-1
2025451566997,2025,451566997,1,9,0,-1,19,1,5,-1,0,0,0,0,3,2,1,1,-1,6,2,37,7,-1,-1,-1,-1,8,E01030564,0,1
2025451567118,2025,451567118,1,9,0,-1,19,2,6,-1,0,0,0,0,1,4,4,1,-1,2,2,65,9,-1,-1,-1,-1,10,E01032624,0,1
2025451567123,2025,451567123,2,19,0,-1,19,5,1,-1,99,0,0,99,0,0,9,1,-1,6,3,30,6,-1,-1,-1,-1,-1,-1,0,-1
2025451567123,2025,451567123,1,9,0,-1,2,0,0,-1,99,0,0,8,0,0,4,1,-1,6,2,26,6,-1,-1,-1,-1,9,E01030322,0,2
2025451567137,2025,451567137,2,9,0,-1,9,3,7,-1,0,8,0,0,0,0,1,1,-1,6,1,53,8,-1,-1,-1,-1,4,E01030827,0,1
2025451567137,2025,451567137,1,9,0,-1,5,1,5,-1,0,8,0,0,0,0,4,1,-1,6,1,19,4,-1,-1,-1,-1,5,E01031743,0,2
2025451567169,2025,451567169,1,9,0,-1,19,3,3,-1,0,0,0,0,0,0,3,1,-1,9,1,61,9,-1,-1,-1,-1,7,E01030583,0,1
2025451567241,2025,451567241,2,9,0,-1,9,7,3,-1,0,1,0,0,0,0,1,1,-1,6,3,30,6,-1,-1,-1,-1,-1,-1,0,-1
2025451567241,2025,451567241,1,3,0,-1,19,7,3,-1,0,8,0,0,0,0,1,1,-1,1,1,18,4,-1,-1,-1,-1,8,E01030954,0,1
2025451567254,2025,451567254,2,9,0,-1,19,2,6,-1,0,8,0,0,0,0,1,1,-1,9,1,65,9,-1,-1,-1,-1,10,E01030585,0,1
2025451567254,2025,451567254,1,9,0,-1,9,6,4,-1,0,8,0,0,0,0,4,1,-1,9,2,80,11,-1,-1,-1,-1,6,E01030633,0,1
2025451567257,2025,451567257,1,9,0,-1,19,1,6,-1,0,0,0,0,3,0,2,1,-1,1,1,38,7,-1,-1,-1,-1,5,E01001347,0,4
2025451567257,2025,451567257,3,19,0,-1,19,1,5,-1,0,0,0,0,0,0,1,1,-1,1,1,64,9,-1,-1,-1,-1,5,E01031410,0,4
2025451567257,2025,451567257,2,19,0,-1,19,1,5,-1,0,0,0,0,1,0,2,1,-1,1,1,81,11,-1,-1,-1,-1,9,E01022642,0,3
2025451567343,2025,451567343,1,9,0,-1,19,3,7,-1,0,4,0,0,0,0,1,9,-1,7,2,17,4,-1,-1,-1,-1,-1,-1,0,-1
2025451567360,2025,451567360,1,5,0,-1,19,3,7,-1,0,0,0,0,0,0,1,1,-1,2,1,19,4,-1,-1,-1,-1,7,E01030794,0,3
2025451567360,2025,451567360,2,9,0,-1,19,3,7,-1,0,0,0,0,0,0,2,1,-1,2,1,54,8,-1,-1,-1,-1,7,E01030921,0,2
2025451567369,2025,451567369,1,19,0,-1,19,6,6,-1,0,1,0,0,0,0,3,1,-1,2,1,54,8,-1,-1,-1,-1,5,E01030493,0,1
2025451567442,2025,451567442,1,9,0,-1,19,5,1,-1,0,0,5,0,0,0,0,9,-1,6,1,23,5,-1,-1,-1,-1,10,E01030375,0,2
2025451567499,2025,451567499,2,19,0,-1,3,7,3,-1,0,0,0,0,0,0,2,1,-1,2,1,27,6,-1,-1,-1,-1,4,E01021374,0,4
2025451567499,2025,451567499,3,19,0,-1,3,7,3,-1,0,0,0,0,0,0,2,1,-1,2,1,72,10,-1,-1,-1,-1,7,E01024232,0,5
2025451567499,2025,451567499,1,9,0,-1,19,7,3,-1,0,0,0,0,0,0,1,1,-1,9,1,39,7,-1,-1,-1,-1,8,E01022583,0,4
2025451567670,2025,451567670,1,5,0,-1,19,5,1,-1,0,0,5,0,0,0,3,1,-1,9,1,61,9,-1,-1,-1,-1,8,E01030577,0,1
2025451567725,2025,451567725,2,9,0,-1,5,7,3,-1,0,1,0,0,0,0,2,1,-1,1,1,52,8,-1,-1,-1,-1,5,E01031600,0,2
2025451567725,2025,451567725,1,9,0,-1,19,7,3,-1,0,1,0,0,0,0,1,1,-1,2,1,53,8,-1,-1,-1,-1,10,E01031578,0,2
2025451567763,2025,451567763,1,9,0,-1,4,3,7,-1,0,0,0,0,0,0,4,1,-1,9,1,53,8,-1,-1,-1,-1,10,E01030468,0,4
2025451567763,2025,451567763,2,1,0,-1,19,1,3,-1,0,0,0,0,0,0,4,1,-1,9,1,9,2,-1,-1,-1,-1,6,E01030310,0,1
2025451567796,2025,451567796,2,9,0,-1,19,1,2,-1,99,0,9,0,0,0,1,1,-1,6,3,50,8,-1,-1,-1,-1,-1,-1,0,-1
2025451567796,2025,451567796,1,9,0,-1,9,2,1,-1,0,0,9,0,0,0,2,1,-1,2,1,34,6,-1,-1,-1,-1,10,E01030892,0,1
2025451567842,2025,451567842,1,9,0,-1,19,5,1,-1,9,2,0,0,3,11,1,1,-1,9,2,29,6,-1,-1,-1,-1,8,E01002945,0,1
2025451567890,2025,451567890,2,11,0,-1,19,1,5,-1,0,0,0,0,0,0,3,1,-1,1,1,36,7,-1,-1,-1,-1,6,E01034729,0,3
2025451567890,2025,451567890,1,9,0,-1,19,2,1,-1,0,0,0,0,0,0,1,1,-1,6,2,77,11,-1,-1,-1,-1,8,E01031542,0,4
2025451567952,2025,451567952,2,1,0,-1,19,3,6,-1,0,3,1,0,0,0,4,1,-1,9,1,53,8,-1,-1,-1,-1,9,E01030343,0,3
2025451567952,2025,451567952,1,9,0,-1,3,4,8,-1,0,6,0,0,0,0,0,1,-1,9,2,35,6,-1,-1,-1,-1,7,E01030455,0,1
2025451567955,2025,451567955,1,1,0,-1,5,1,1,-1,0,1,0,0,0,0,3,1,-1,2,1,44,7,-1,-1,-1,-1,8,E01030951,0,2
2025451567955,2025,451567955,2,9,0,-1,7,1,1,-1,-1,1,0,0,0,0,1,1,-1,6,3,30,6,-1,-1,-1,-1,-1,-1,0,-1
2025451568007,2025,451568007,2,9,0,-1,19,1,5,-1,0,0,0,0,0,0,1,1,-1,6,3,30,6,-1,-1,-1,-1,-1,-1,0,-1
2025451568007,2025,451568007,1,9,0,-1,10,1,5,-1,0,0,0,0,0,0,3,1,-1,9,2,59,9,-1,-1,-1,-1,8,E01004102,0,2
2025451568054,2025,451568054,1,3,0,-1,19,8,8,-1,0,0,0,0,0,0,1,1,-1,9,1,22,5,-1,-1,-1,-1,9,E01030712,0,1
2025451568063,2025,451568063,1,19,0,-1,19,-1,-1,-1,0,0,0,0,0,0,0,1,-1,6,3,-1,-1,-1,-1,-1,-1,-1,-1,0,-1
2025451568091,2025,451568091,2,9,0,-1,9,3,7,-1,0,0,0,0,0,0,3,1,-1,6,1,40,7,-1,-1,-1,-1,-1,-1,0,-1
2025451568091,2025,451568091,1,1,0,-1,13,1,5,-1,0,0,5,0,0,0,4,1,-1,6,1,43,7,-1,-1,-1,-1,9,E01003854,0,3
2025451568113,2025,451568113,1,1,0,-1,8,1,5,-1,0,1,0,0,0,0,1,1,-1,2,1,62,9,-1,-1,-1,-1,10,E01030883,0,1
2025451568113,2025,451568113,2,9,0,-1,1,1,5,-1,0,1,0,0,0,0,2,1,-1,6,1,30,6,-1,-1,-1,-1,-1,-1,0,-1
2025451568171,2025,451568171,1,9,0,-1,19,8,4,-1,0,1,0,0,0,0,4,1,-1,6,3,-1,-1,-1,-1,-1,-1,-1,-1,0,-1
2025451568171,2025,451568171,2,1,0,-1,19,2,6,-1,9,1,0,0,1,0,4,1,-1,6,2,14,3,-1,-1,-1,-1,6,E01030633,0,1
2025451568189,2025,451568189,1,23,0,-1,19,-1,-1,-1,9,2,-1,-1,-1,-1,-1,1,-1,6,3,-1,-1,-1,-1,-1,-1,-1,-1,0,-1
2025451568208,2025,451568208,1,1,0,-1,9,4,2,-1,0,8,2,0,0,0,3,1,-1,9,1,70,10,-1,-1,-1,-1,10,E01030321,0,1
2025451568313,2025,451568313,2,1,0,-1,9,3,7,-1,0,0,0,0,0,0,1,1,-1,6,1,63,9,-1,-1,-1,-1,7,E01030548,0,2
2025451568313,2025,451568313,1,9,0,-1,19,5,1,-1,0,0,0,0,0,0,3,1,-1,6,2,65,9,-1,-1,-1,-1,8,E01002946,0,3
2025451568376,2025,451568376,1,9,0,-1,19,4,8,-1,0,0,0,0,0,0,4,2,-1,9,1,22,5,-1,-1,-1,-1,8,E01030373,0,1
2025451568391,2025,451568391,2,9,0,-1,19,8,4,-1,0,1,0,0,0,0,1,1,-1,6,1,58,9,-1,-1,-1,-1,10,E01031511,0,3
2025451568391,2025,451568391,1,9,0,-1,9,4,8,-1,0,5,0,0,0,0,1,1,-1,2,1,44,7,-1,-1,-1,-1,10,E01030931,0,1
2025451568396,2025,451568396,1,9,0,-1,19,7,3,-1,9,6,0,0,1,10,1,1,-1,9,2,87,11,-1,-1,-1,-1,10,E01030876,0,1
2025451568429,2025,451568429,1,3,0,-1,19,1,5,-1,0,0,2,0,0,0,4,1,-1,9,1,18,4,-1,-1,-1,-1,3,E01001169,0,2
2025451568429,2025,451568429,3,97,0,-1,19,1,5,-1,0,0,0,0,0,0,0,1,-1,6,3,25,5,-1,-1,-1,-1,-1,-1,0,-1
2025451568429,2025,451568429,2,9,0,-1,19,4,1,-1,0,0,0,0,0,0,2,1,-1,9,1,67,10,-1,-1,-1,-1,9,E01001020,0,2
2025451568436,2025,451568436,1,9,0,-1,19,2,6,-1,0,0,0,0,0,0,1,1,-1,2,1,40,7,-1,-1,-1,-1,9,E01030654,0,1
2025451568436,2025,451568436,2,9,0,-1,19,6,2,-1,0,0,0,0,1,0,3,1,-1,2,1,65,9,-1,-1,-1,-1,9,E01030654,0,1
2025451568488,2025,451568488,2,3,0,-1,4,5,1,-1,0,0,0,10,1,0,4,1,-1,9,1,18,4,-1,-1,-1,-1,7,E01030452,0,2
2025451568488,2025,451568488,1,9,0,-1,4,5,1,-1,0,0,0,0,0,0,0,1,-1,1,1,33,6,-1,-1,-1,-1,10,E01030435,0,1
2025451568639,2025,451568639,1,1,0,-1,19,7,3,-1,4,8,5,0,1,0,3,1,-1,6,1,41,7,-1,-1,-1,-1,9,E01030947,0,1
2025451568639,2025,451568639,2,9,0,-1,9,3,7,-1,4,5,0,0,0,0,1,1,-1,6,3,55,8,-1,-1,-1,-1,6,E01030318,0,1
2025451568779,2025,451568779,1,9,0,-1,19,3,7,-1,0,0,0,0,1,4,1,1,-1,2,1,30,6,-1,-1,-1,-1,4,E01016529,0,4
2025451568849,2025,451568849,1,3,0,-1,19,6,2,-1,0,0,1,0,7,10,1,1,-1,6,1,51,8,-1,-1,-1,-1,6,E01031557,0,3
2025451568870,2025,451568870,2,9,0,-1,3,4,8,-1,0,0,0,0,0,0,3,1,-1,6,1,47,8,-1,-1,-1,-1,-1,-1,0,-1
2025451568870,2025,451568870,1,1,0,-1,19,4,8,-1,0,0,0,0,0,0,4,1,-1,6,1,41,7,-1,-1,-1,-1,8,E01030723,0,2
2025451569105,2025,451569105,2,9,0,-1,1,7,3,-1,99,0,0,4,0,0,2,1,-1,6,2,62,9,-1,-1,-1,-1,-1,-1,0,-1
2025451569105,2025,451569105,1,9,0,-1,2,-1,-1,-1,99,0,0,0,0,0,3,1,-1,6,1,36,7,-1,-1,-1,-1,8,E01034286,0,1
2025451569131,2025,451569131,1,9,0,-1,19,5,1,-1,0,1,0,4,0,0,1,1,-1,7,2,17,4,-1,-1,-1,-1,4,E01030364,0,1
2025451569131,2025,451569131,2,9,0,-1,2,0,0,-1,0,2,0,0,0,0,1,1,-1,6,-1,-1,-1,-1,-1,-1,-1,-1,-1,0,-1
2025451569140,2025,451569140,1,9,0,-1,19,3,7,-1,0,1,0,0,0,0,3,1,-1,9,1,32,6,-1,-1,-1,-1,9,E01030975,0,1
2025451569148,2025,451569148,1,2,0,-1,19,5,1,-1,0,0,0,0,0,0,1,1,-1,2,2,35,6,-1,-1,-1,-1,7,E01030662,0,1
2025451569148,2025,451569148,2,98,0,-1,4,3,1,-1,0,0,0,0,0,0,2,9,-1,6,3,40,7,-1,-1,-1,-1,-1,-1,0,-1
2025451569153,2025,451569153,2,5,0,-1,19,4,8,-1,0,1,5,0,0,0,1,1,-1,9,1,65,9,-1,-1,-1,-1,10,E01030624,0,2
2025451569153,2025,451569153,1,9,0,-1,5,7,2,-1,0,8,0,0,0,0,3,1,-1,9,2,38,7,-1,-1,-1,-1,6,E01030586,0,1
2025451569187,2025,451569187,1,5,0,-1,4,4,7,-1,0,1,0,0,0,0,4,1,-1,2,1,38,7,-1,-1,-1,-1,2,E01030497,0,1
2025451569221,2025,451569221,1,19,0,-1,9,4,2,-1,0,8,0,0,0,0,3,1,-1,1,1,49,8,-1,-1,-1,-1,4,E01031585,0,4
2025451569221,2025,451569221,2,9,0,-1,19,2,6,-1,0,1,0,0,1,0,1,1,-1,9,2,18,4,-1,-1,-1,-1,7,E01030530,0,2
2025451569295,2025,451569295,2,11,0,-1,19,5,1,-1,0,1,0,0,0,0,1,1,-1,1,1,47,8,-1,-1,-1,-1,6,E01031414,0,4
2025451569295,2025,451569295,1,9,0,-1,9,6,2,-1,0,8,0,0,0,0,3,1,-1,1,2,46,8,-1,-1,-1,-1,10,E01016646,0,4
2025451569297,2025,451569297,2,9,0,-1,13,8,4,-1,0,0,0,0,0,0,2,1,-1,6,3,17,4,-1,-1,-1,-1,-1,-1,0,-1
2025451569297,2025,451569297,1,9,0,-1,19,8,4,-1,0,0,0,0,0,0,1,1,-1,6,2,40,7,-1,-1,-1,-1,10,E01031666,0,4
2025451569304,2025,451569304,1,9,0,-1,19,6,6,-1,0,2,0,0,0,0,1,1,-1,9,1,46,8,-1,-1,-1,-1,8,E01030490,0,1
2025451569680,2025,451569680,1,9,0,-1,9,1,4,-1,0,6,0,0,0,0,1,1,-1,9,1,90,11,-1,-1,-1,-1,7,E01030440,0,1
2025451569680,2025,451569680,2,5,0,-1,19,4,8,-1,0,1,0,0,0,0,4,1,-1,2,1,69,10,-1,-1,-1,-1,5,E01034296,0,1
2025451569779,2025,451569779,1,9,0,-1,9,3,1,-1,0,0,0,0,0,0,1,1,-1,1,1,36,7,-1,-1,-1,-1,6,E01001086,0,4
2025451569779,2025,451569779,2,5,0,-1,9,5,3,-1,0,0,0,0,0,0,3,1,-1,9,1,62,9,-1,-1,-1,-1,4,E01032858,0,2
2025451569816,2025,451569816,2,9,0,-1,12,3,2,-1,0,0,0,0,0,0,1,9,-1,6,3,40,7,-1,-1,-1,-1,-1,-1,0,-1
2025451569816,2025,451569816,1,9,0,-1,7,3,8,-1,0,0,1,0,0,0,4,1,-1,6,1,31,6,-1,-1,-1,-1,5,E01034301,0,4
2025451569852,2025,451569852,1,9,0,-1,19,7,3,-1,0,1,0,0,0,0,1,1,-1,6,1,42,7,-1,-1,-1,-1,7,E01030851,0,1
2025451569852,2025,451569852,2,9,0,-1,9,5,3,-1,0,1,0,4,0,0,1,1,-1,2,1,36,7,-1,-1,-1,-1,8,E01030574,0,2
2025451569894,2025,451569894,1,9,0,-1,19,3,7,-1,0,8,0,99,1,0,3,1,-1,6,2,33,6,-1,-1,-1,-1,3,E01001366,0,2
2025451569894,2025,451569894,2,19,0,-1,19,3,7,-1,0,8,0,0,0,0,0,9,-1,6,3,-1,-1,-1,-1,-1,-1,-1,-1,0,-1
2025451569920,2025,451569920,1,9,0,-1,19,1,5,-1,0,1,0,4,0,0,1,1,-1,6,2,57,9,-1,-1,-1,-1,9,E01030861,0,1
2025451569920,2025,451569920,2,9,0,-1,2,0,0,-1,0,2,0,0,1,0,3,1,-1,6,-1,-1,-1,-1,-1,-1,-1,-1,-1,0,-1
2025451570267,2025,451570267,1,9,0,-1,13,7,2,-1,0,2,0,0,0,0,4,1,-1,6,1,38,7,-1,-1,-1,-1,8,E01022786,0,4
2025451570267,2025,451570267,2,9,0,-1,4,4,3,-1,0,2,0,0,0,0,3,1,-1,9,1,17,4,-1,-1,-1,-1,10,E01016643,0,2
2025451570267,2025,451570267,3,9,0,-1,4,6,2,-1,0,2,0,0,0,0,0,9,-1,6,1,17,4,-1,-1,-1,-1,9,E01035268,0,3
2025451570367,2025,451570367,1,4,0,-1,19,5,1,-1,0,0,5,0,0,0,1,1,-1,6,1,61,9,-1,-1,-1,-1,9,E01030549,0,1
2025451570423,2025,451570423,1,9,0,-1,19,3,7,-1,0,0,1,10,1,11,1,1,-1,6,1,35,6,-1,-1,-1,-1,3,E01021048,0,4
2025451570449,2025,451570449,1,9,0,-1,3,7,3,-1,0,4,0,0,0,0,2,1,-1,2,1,49,8,-1,-1,-1,-1,6,E01030842,0,2
2025451570449,2025,451570449,2,19,0,-1,19,8,3,-1,0,4,0,0,0,0,1,1,-1,1,1,43,7,-1,-1,-1,-1,10,E01000827,0,3
2025451570452,2025,451570452,1,9,0,-1,19,2,7,-1,0,0,0,0,0,0,3,1,-1,1,2,26,6,-1,-1,-1,-1,6,E01030570,0,2
2025451570456,2025,451570456,1,9,0,-1,9,8,7,-1,0,1,0,0,0,0,2,1,-1,9,2,34,6,-1,-1,-1,-1,6,E01030524,0,2
2025451570456,2025,451570456,2,3,0,-1,13,8,4,-1,0,1,0,0,0,0,3,1,-1,2,1,26,6,-1,-1,-1,-1,3,E01030547,0,1
2025451570456,2025,451570456,3,9,0,-1,19,4,8,-1,0,8,0,0,0,0,3,1,-1,6,1,72,10,-1,-1,-1,-1,9,E01030558,0,1
2025451570556,2025,451570556,2,9,-1,-1,-1,-1,-1,-1,-1,0,-1,-1,-1,0,-1,9,-1,6,3,-1,-1,-1,-1,-1,-1,-1,-1,0,-1
2025451570556,2025,451570556,1,9,0,-1,-1,-1,-1,-1,-1,0,0,0,0,0,-1,1,-1,6,2,-1,-1,-1,-1,-1,-1,6,E01031705,0,4
2025451570606,2025,451570606,2,19,0,-1,5,5,7,-1,0,4,0,99,0,0,1,2,-1,6,1,30,6,-1,-1,-1,-1,-1,-1,0,-1
2025451570606,2025,451570606,1,1,0,-1,8,5,7,-1,0,3,0,99,0,0,1,1,-1,7,2,21,5,-1,-1,-1,-1,10,E01030500,0,1
2025451570724,2025,451570724,1,9,0,-1,19,5,3,-1,0,0,0,0,0,0,2,1,-1,1,1,47,8,-1,-1,-1,-1,7,E01004145,0,3
2025451570724,2025,451570724,2,9,0,-1,19,7,4,-1,0,0,0,0,0,0,1,1,-1,2,1,40,7,-1,-1,-1,-1,5,E01024703,0,4
2025451570728,2025,451570728,2,9,0,-1,9,-1,-1,-1,0,8,0,0,0,0,1,1,-1,6,3,-1,-1,-1,-1,-1,-1,-1,-1,0,-1
2025451570728,2025,451570728,1,5,0,-1,19,-1,-1,-1,0,8,0,0,9,2,1,1,-1,2,1,69,10,-1,-1,-1,-1,5,E01034296,0,1
2025451570735,2025,451570735,1,9,0,-1,19,2,4,-1,0,0,0,0,0,0,1,1,-1,2,1,60,9,-1,-1,-1,-1,10,E01031668,0,3
2025451570756,2025,451570756,2,9,0,-1,3,2,6,-1,0,0,0,99,0,0,3,1,-1,6,1,54,8,-1,-1,-1,-1,3,E01002923,0,1
2025451570756,2025,451570756,1,1,0,-1,14,2,6,-1,0,0,2,0,0,0,4,1,-1,6,1,37,7,-1,-1,-1,-1,10,E01002937,0,1
2025451570792,2025,451570792,1,3,0,-1,19,4,7,-1,0,1,0,0,0,0,3,1,-1,2,1,24,5,-1,-1,-1,-1,4,E01030788,0,1
2025451570792,2025,451570792,2,9,0,-1,3,4,8,-1,0,6,0,0,0,0,3,1,-1,6,1,36,7,-1,-1,-1,-1,9,E01030758,0,1
2025451570799,2025,451570799,1,9,0,-1,19,3,7,-1,0,1,1,10,1,4,4,1,-1,2,1,31,6,-1,-1,-1,-1,7,E01034294,0,2
2025451570832,2025,451570832,1,5,0,-1,19,2,2,-1,0,1,1,0,0,0,3,1,-1,9,1,26,6,-1,-1,-1,-1,10,E01032623,0,4
2025451570966,2025,451570966,2,1,0,-1,12,4,1,-1,0,0,0,0,0,0,1,1,-1,9,1,32,6,-1,-1,-1,-1,8,E01030373,0,1
2025451570966,2025,451570966,1,19,0,-1,12,6,3,-1,0,0,0,0,0,0,3,1,-1,1,2,44,7,-1,-1,-1,-1,5,E01001381,0,4
2025451571129,2025,451571129,1,9,0,-1,4,3,7,-1,0,0,1,0,1,0,1,1,-1,9,1,48,8,-1,-1,-1,-1,6,E01030502,0,3
2025451571129,2025,451571129,2,9,0,-1,9,7,5,-1,0,0,0,0,0,0,1,1,-1,9,1,46,8,-1,-1,-1,-1,8,E01030474,0,2
2025451571146,2025,451571146,3,97,0,-1,99,1,1,-1,0,4,5,0,0,0,1,1,-1,6,3,30,6,-1,-1,-1,-1,-1,-1,0,-1
2025451571146,2025,451571146,2,3,0,-1,99,1,1,-1,0,4,0,0,0,0,9,1,-1,6,1,30,6,-1,-1,-1,-1,-1,-1,0,-1
2025451571146,2025,451571146,1,9,0,-1,3,1,1,-1,0,4,0,0,0,0,2,1,-1,6,2,23,5,-1,-1,-1,-1,9,E01030401,0,1
2025451571193,2025,451571193,2,9,0,-1,19,1,4,-1,0,3,1,0,0,0,3,1,-1,9,2,41,7,-1,-1,-1,-1,5,E01030946,0,1
2025451571193,2025,451571193,1,19,0,-1,19,2,7,-1,0,4,0,0,0,0,1,1,-1,1,1,38,7,-1,-1,-1,-1,7,E01023125,0,4
2025451571415,2025,451571415,2,1,0,-1,19,8,4,-1,0,2,0,0,0,0,1,1,-1,6,1,13,3,-1,-1,-1,-1,4,E01030962,0,1
2025451571415,2025,451571415,1,9,0,-1,19,2,2,-1,0,1,0,0,0,0,4,1,-1,9,1,56,9,-1,-1,-1,-1,4,E01030962,0,1
2025451571425,2025,451571425,2,9,0,-1,4,7,3,-1,0,8,0,0,0,0,3,1,-1,9,1,18,4,-1,-1,-1,-1,10,E01030775,0,1
2025451571425,2025,451571425,1,9,0,-1,19,6,7,-1,0,1,0,0,0,0,1,1,-1,9,1,29,6,-1,-1,-1,-1,10,E01030930,0,4
2025451571430,2025,451571430,1,5,0,-1,19,3,7,-1,0,8,0,0,0,0,1,1,-1,9,1,44,7,-1,-1,-1,-1,10,E01030366,0,1
2025451571430,2025,451571430,2,9,0,-1,5,5,1,-1,0,8,0,0,0,0,3,1,-1,9,1,46,8,-1,-1,-1,-1,7,E01030347,0,1
2025451571484,2025,451571484,1,9,0,-1,3,3,7,-1,0,8,0,0,0,0,4,1,-1,9,1,55,8,-1,-1,-1,-1,4,E01030664,0,1
2025451571484,2025,451571484,2,97,0,-1,19,3,7,-1,0,8,1,11,2,1,1,1,-1,1,1,24,5,-1,-1,-1,-1,9,E01016592,0,3
2025451571506,2025,451571506,5,9,0,-1,2,0,0,-1,9,0,0,0,0,0,2,1,-1,6,-1,-1,-1,-1,-1,-1,-1,-1,-1,0,-1
2025451571506,2025,451571506,1,9,0,-1,19,4,8,-1,0,0,1,0,1,11,1,1,-1,6,1,18,4,-1,-1,-1,-1,6,E01030458,0,1
2025451571506,2025,451571506,2,9,0,-1,19,4,8,-1,0,0,1,0,1,10,1,1,-1,6,1,18,4,-1,-1,-1,-1,9,E01030477,0,1
2025451571506,2025,451571506,7,19,0,-1,2,0,0,-1,9,0,0,0,0,0,4,1,-1,6,-1,-1,-1,-1,-1,-1,-1,-1,-1,0,-1
2025451571506,2025,451571506,3,9,0,-1,2,0,0,-1,9,0,0,0,0,0,3,1,-1,6,-1,-1,-1,-1,-1,-1,-1,-1,-1,0,-1
2025451571506,2025,451571506,6,9,0,-1,2,0,0,-1,9,0,0,0,0,0,1,1,-1,6,-1,-1,-1,-1,-1,-1,-1,-1,-1,0,-1
2025451571506,2025,451571506,4,9,0,-1,2,0,0,-1,9,0,0,0,0,0,1,1,-1,6,-1,-1,-1,-1,-1,-1,-1,-1,-1,0,-1
2025451571566,2025,451571566,1,9,-1,-1,5,-1,-1,-1,-1,0,-1,-1,-1,0,-1,9,-1,6,1,-1,-1,-1,-1,-1,-1,8,E01030965,0,1
2025451571651,2025,451571651,1,1,0,-1,5,7,3,-1,0,0,2,0,0,0,1,1,-1,9,1,49,8,-1,-1,-1,-1,10,E01003466,0,4
2025451571651,2025,451571651,2,9,0,-1,5,7,3,-1,0,0,0,0,0,0,-1,9,-1,6,3,-1,-1,-1,-1,-1,-1,-1,-1,0,-1
2025451571675,2025,451571675,1,3,0,-1,19,7,2,-1,0,0,1,0,0,0,4,1,-1,9,1,19,4,-1,-1,-1,-1,7,E01001071,0,2