collision_index,collision_year,collision_ref_no,vehicle_reference,vehicle_type,towing_and_articulation,vehicle_manoeuvre_historic,vehicle_manoeuvre,vehicle_direction_from,vehicle_direction_to,vehicle_location_restricted_lane_historic,vehicle_location_restricted_lane,junction_location,skidding_and_overturning,hit_object_in_carriageway,vehicle_leaving_carriageway,hit_object_off_carriageway,first_point_of_impact,vehicle_left_hand_drive,journey_purpose_of_driver_historic,journey_purpose_of_driver,sex_of_driver,age_of_driver,age_band_of_driver,engine_capacity_cc,propulsion_code,age_of_vehicle,generic_make_model,driver_imd_decile,lsoa_of_driver,escooter_flag,driver_distance_banding
2025451583189,2025,451583189,1,5,0,-1,19,8,4,-1,0,0,2,0,0,0,4,1,-1,2,1,22,5,-1,-1,-1,-1,3,E01002646,0,3
2025451583249,2025,451583249,1,9,0,-1,7,5,7,-1,0,0,0,0,0,0,1,1,-1,2,2,29,6,-1,-1,-1,-1,3,E01002403,0,3
2025451583249,2025,451583249,2,19,4,-1,11,5,7,-1,0,0,0,0,0,0,2,1,-1,6,3,30,6,-1,-1,-1,-1,-1,-1,0,-1
2025451583340,2025,451583340,2,9,0,-1,19,4,4,-1,0,0,0,0,0,0,3,1,-1,1,1,26,6,-1,-1,-1,-1,10,E01031002,0,2
2025451583340,2025,451583340,1,9,0,-1,19,8,8,-1,0,0,0,0,7,10,1,1,-1,1,1,67,10,-1,-1,-1,-1,7,E01023100,0,3
2025451583372,2025,451583372,1,9,0,-1,19,1,5,-1,0,0,0,4,0,0,4,1,-1,9,2,73,10,-1,-1,-1,-1,7,E01030848,0,1
2025451583372,2025,451583372,2,9,0,-1,2,0,0,-1,0,0,0,0,0,0,4,1,-1,6,-1,-1,-1,-1,-1,-1,-1,-1,-1,0,-1
2025451583414,2025,451583414,2,19,0,-1,19,6,2,-1,0,0,0,0,0,0,3,1,-1,9,1,44,7,-1,-1,-1,-1,8,E01030979,0,1
2025451583414,2025,451583414,1,9,0,-1,19,6,2,-1,0,0,0,0,0,0,1,1,-1,9,1,76,11,-1,-1,-1,-1,9,E01030761,0,1
2025451583455,2025,451583455,1,9,0,-1,19,1,5,-1,0,1,1,0,1,11,3,1,-1,6,1,59,9,-1,-1,-1,-1,9,E01030453,0,3
2025451583455,2025,451583455,2,9,0,-1,19,5,1,-1,0,1,0,0,0,0,1,9,-1,6,3,-1,-1,-1,-1,-1,-1,-1,-1,0,-1
2025451583560,2025,451583560,1,9,0,-1,19,5,1,-1,0,0,9,0,0,0,4,1,-1,7,2,39,7,-1,-1,-1,-1,3,E01002548,0,2
2025451583560,2025,451583560,2,9,0,-1,9,5,1,-1,0,0,0,0,0,0,1,1,-1,6,2,50,8,-1,-1,-1,-1,-1,-1,0,-1
2025451583593,2025,451583593,1,9,0,-1,19,1,5,-1,0,0,0,0,0,0,1,2,-1,6,2,45,7,-1,-1,-1,-1,6,E01030649,0,1
2025451583618,2025,451583618,1,1,0,-1,19,1,3,-1,0,0,0,0,0,0,1,1,-1,6,3,-1,-1,-1,-1,-1,-1,-1,-1,0,-1
2025451583644,2025,451583644,1,19,0,-1,19,1,5,-1,0,0,0,0,0,0,1,1,-1,2,1,45,7,-1,-1,-1,-1,7,E01030734,0,1
2025451583730,2025,451583730,3,9,0,-1,19,7,7,-1,0,0,0,0,0,0,2,1,-1,2,1,48,8,-1,-1,-1,-1,8,E01030865,0,3
2025451583730,2025,451583730,2,9,0,-1,19,7,7,-1,0,0,0,0,0,0,2,1,-1,2,1,37,7,-1,-1,-1,-1,6,E01002955,0,4
2025451583730,2025,451583730,1,9,0,-1,19,7,7,-1,0,0,0,0,0,0,1,1,-1,2,2,51,8,-1,-1,-1,-1,6,E01030426,0,2
2025451583814,2025,451583814,1,4,0,-1,2,1,7,-1,0,0,0,0,0,0,0,1,-1,6,1,57,9,-1,-1,-1,-1,10,E01003824,0,1
2025451583814,2025,451583814,2,9,0,-1,5,0,0,-1,9,0,0,0,0,0,1,1,-1,6,3,30,6,-1,-1,-1,-1,-1,-1,0,-1
2025451583900,2025,451583900,2,9,0,-1,19,3,7,-1,0,8,0,0,0,0,1,1,-1,2,1,24,5,-1,-1,-1,-1,7,E01030505,0,1
2025451583900,2025,451583900,1,9,0,-1,9,7,6,-1,0,8,0,0,0,0,1,1,-1,2,2,54,8,-1,-1,-1,-1,10,E01030543,0,1
2025451583918,2025,451583918,2,1,0,-1,19,5,3,-1,0,8,0,0,0,0,0,1,-1,6,1,78,11,-1,-1,-1,-1,10,E01030777,0,1
2025451583918,2025,451583918,1,9,0,-1,4,1,5,-1,0,1,0,0,0,0,0,1,-1,9,1,78,11,-1,-1,-1,-1,8,E01030800,0,1
2025451584005,2025,451584005,2,9,0,-1,1,5,1,-1,2,5,0,0,0,0,2,1,-1,6,3,55,8,-1,-1,-1,-1,-1,-1,0,-1
2025451584005,2025,451584005,1,9,0,-1,3,1,5,-1,4,1,0,0,0,0,3,1,-1,6,2,48,8,-1,-1,-1,-1,9,E01030356,0,1
2025451584019,2025,451584019,1,9,0,-1,19,4,8,-1,0,0,0,0,0,0,4,1,-1,2,2,44,7,-1,-1,-1,-1,6,E01030570,0,1
2025451584060,2025,451584060,2,9,0,-1,19,2,6,-1,0,0,0,0,0,0,2,1,-1,1,2,33,6,-1,-1,-1,-1,8,E01030785,0,3
2025451584060,2025,451584060,1,9,0,-1,19,6,2,-1,0,0,0,0,0,0,1,1,-1,2,1,62,9,-1,-1,-1,-1,10,E01023187,0,4
2025451584156,2025,451584156,1,9,0,-1,19,1,5,-1,0,8,1,0,0,0,1,1,-1,9,2,55,8,-1,-1,-1,-1,6,E01004137,0,1
2025451584156,2025,451584156,2,90,0,-1,19,3,7,-1,0,8,0,0,0,0,3,1,-1,1,1,30,6,-1,-1,-1,-1,2,E01024028,0,4
2025451584166,2025,451584166,3,19,0,-1,2,0,0,-1,-1,0,0,0,0,0,3,1,-1,6,1,-1,-1,-1,-1,-1,-1,-1,-1,0,-1
2025451584166,2025,451584166,2,9,0,-1,19,1,5,-1,0,0,0,0,0,0,3,1,-1,9,1,44,7,-1,-1,-1,-1,6,E01032734,0,3
2025451584166,2025,451584166,1,9,0,-1,19,1,5,-1,0,0,0,0,2,0,4,1,-1,9,2,60,9,-1,-1,-1,-1,5,E01031834,0,4
2025451584355,2025,451584355,2,5,0,-1,13,4,8,-1,0,0,0,0,7,0,4,1,-1,2,1,51,8,-1,-1,-1,-1,10,E01030540,0,1
2025451584355,2025,451584355,1,9,0,-1,9,4,8,-1,0,0,0,0,0,0,3,1,-1,2,2,60,9,-1,-1,-1,-1,9,E01030539,0,1
2025451584383,2025,451584383,1,9,0,-1,9,7,5,-1,0,0,0,0,0,0,1,1,-1,9,1,78,11,-1,-1,-1,-1,7,E01030548,0,1
2025451584398,2025,451584398,1,9,0,-1,19,2,6,-1,0,1,0,0,1,10,1,1,-1,2,2,64,9,-1,-1,-1,-1,5,E01030971,0,1
2025451584432,2025,451584432,2,98,0,-1,6,7,3,-1,0,8,0,0,0,0,0,1,-1,6,3,40,7,-1,-1,-1,-1,-1,-1,0,-1
2025451584432,2025,451584432,1,1,0,-1,19,7,3,-1,0,8,2,0,0,0,0,1,-1,6,1,58,9,-1,-1,-1,-1,10,E01003884,0,2
2025451584502,2025,451584502,2,9,0,-1,19,7,3,-1,0,8,0,0,0,0,4,1,-1,2,2,71,10,-1,-1,-1,-1,7,E01030591,0,1
2025451584502,2025,451584502,1,9,0,-1,9,5,1,-1,0,2,0,0,0,0,1,1,-1,9,2,73,10,-1,-1,-1,-1,9,E01030639,0,1
2025451584509,2025,451584509,2,19,0,-1,2,0,0,-1,0,0,0,0,0,0,2,1,-1,6,-1,-1,-1,-1,-1,-1,-1,-1,-1,0,-1
2025451584509,2025,451584509,1,9,0,-1,19,5,1,-1,0,0,0,4,0,0,1,1,-1,9,2,48,8,-1,-1,-1,-1,5,E01030569,0,2
2025451584574,2025,451584574,1,9,0,-1,19,3,4,-1,0,4,0,0,0,0,2,1,-1,9,2,68,10,-1,-1,-1,-1,5,E01030974,0,1
2025451584574,2025,451584574,2,8,0,-1,11,3,2,-1,0,3,0,0,0,0,1,1,-1,1,1,55,8,-1,-1,-1,-1,4,E01016517,0,4
2025451584665,2025,451584665,1,9,0,-1,10,6,2,-1,0,1,0,0,0,0,2,1,-1,6,2,56,9,-1,-1,-1,-1,5,E01030531,0,1
2025451584665,2025,451584665,2,98,0,-1,19,6,2,-1,0,8,0,4,1,0,3,1,-1,6,1,40,7,-1,-1,-1,-1,-1,-1,0,-1
2025451584675,2025,451584675,2,3,0,-1,19,3,7,-1,0,1,5,0,0,0,1,1,-1,6,1,26,6,-1,-1,-1,-1,10,E01016550,0,2
2025451584675,2025,451584675,1,9,0,-1,10,5,2,-1,0,6,0,0,0,0,1,1,-1,2,2,59,9,-1,-1,-1,-1,8,E01030688,0,1
2025451584680,2025,451584680,1,9,0,-1,19,1,1,-1,0,0,5,0,0,0,1,1,-1,9,1,20,4,-1,-1,-1,-1,10,E01030883,0,2
2025451584685,2025,451584685,1,9,0,-1,9,5,6,-1,0,1,0,0,0,0,1,1,-1,9,2,25,5,-1,-1,-1,-1,4,E01030815,0,1
2025451584685,2025,451584685,2,9,0,-1,19,7,7,-1,0,8,0,0,0,0,3,1,-1,9,2,24,5,-1,-1,-1,-1,5,E01030834,0,3
2025451584685,2025,451584685,3,9,0,-1,10,2,2,-1,0,1,0,0,0,0,1,1,-1,6,2,29,6,-1,-1,-1,-1,9,E01030830,0,2
2025451584887,2025,451584887,1,9,0,-1,1,1,3,-1,0,0,0,0,0,0,2,9,-1,6,3,40,7,-1,-1,-1,-1,-1,-1,0,-1
2025451584976,2025,451584976,1,1,0,-1,11,3,7,-1,0,3,1,0,0,0,4,1,-1,2,1,65,9,-1,-1,-1,-1,8,E01030673,0,1
2025451584976,2025,451584976,2,9,0,-1,10,3,7,-1,0,4,0,99,0,0,1,1,-1,6,2,30,6,-1,-1,-1,-1,-1,-1,0,-1
2025451584993,2025,451584993,2,1,0,-1,19,5,1,-1,9,0,0,0,0,0,1,1,-1,6,1,16,4,-1,-1,-1,-1,10,E01030435,0,1
2025451584993,2025,451584993,1,90,0,-1,5,3,7,-1,99,0,0,0,0,0,4,1,-1,6,2,50,8,-1,-1,-1,-1,10,E01022850,0,3
2025451585027,2025,451585027,2,1,0,-1,19,5,1,-1,0,1,0,0,0,0,1,1,-1,9,1,46,8,-1,-1,-1,-1,6,E01004608,0,4
2025451585027,2025,451585027,1,9,0,-1,9,1,6,-1,0,8,0,0,0,0,4,1,-1,9,2,73,10,-1,-1,-1,-1,7,E01004166,0,3
2025451585098,2025,451585098,1,9,0,-1,19,-1,-1,-1,99,9,0,0,0,0,1,1,-1,6,1,28,6,-1,-1,-1,-1,7,E01030423,0,1
2025451585147,2025,451585147,1,3,0,-1,14,5,1,-1,0,8,5,0,0,0,4,1,-1,2,1,33,6,-1,-1,-1,-1,3,E01003373,0,3
2025451585147,2025,451585147,2,3,0,-1,10,5,1,-1,0,1,0,0,2,0,3,1,-1,2,1,55,8,-1,-1,-1,-1,10,E01030370,0,1
2025451585151,2025,451585151,1,3,0,-1,19,3,7,-1,0,1,1,0,0,0,1,1,-1,2,1,19,4,-1,-1,-1,-1,10,E01030616,0,1
2025451585225,2025,451585225,1,19,0,-1,19,1,4,-1,0,8,0,0,0,0,3,1,-1,9,1,24,5,-1,-1,-1,-1,4,E01001942,0,3
2025451585225,2025,451585225,2,8,0,-1,19,7,2,-1,0,8,0,0,0,0,4,1,-1,1,1,42,7,-1,-1,-1,-1,3,E01001215,0,3
2025451585226,2025,451585226,1,9,0,-1,19,5,1,-1,0,0,1,0,7,0,3,1,-1,9,1,31,6,-1,-1,-1,-1,7,E01002986,0,2
2025451585226,2025,451585226,2,9,0,-1,19,1,5,-1,0,0,0,0,0,0,2,1,-1,8,1,35,6,-1,-1,-1,-1,10,E01030435,0,3
2025451585226,2025,451585226,3,9,0,-1,19,1,5,-1,0,0,0,0,0,0,1,1,-1,6,1,34,6,-1,-1,-1,-1,4,E01030824,0,4
2025451585230,2025,451585230,1,3,0,-1,19,8,8,-1,0,0,5,0,0,0,1,1,-1,1,1,56,9,-1,-1,-1,-1,7,E01023113,0,1
2025451585230,2025,451585230,2,9,0,-1,19,8,8,-1,0,0,0,0,0,0,2,1,-1,9,1,39,7,-1,-1,-1,-1,6,E01030767,0,1
2025451585268,2025,451585268,2,9,0,-1,19,8,4,-1,0,0,0,0,7,4,1,1,-1,9,1,57,9,-1,-1,-1,-1,2,E01023973,0,4
2025451585268,2025,451585268,1,9,0,-1,19,4,8,-1,1,0,0,0,0,0,1,1,-1,6,1,44,7,-1,-1,-1,-1,4,E01030827,0,2
2025451585277,2025,451585277,1,9,0,-1,19,1,3,-1,9,0,0,0,0,0,3,1,-1,6,2,54,8,-1,-1,-1,-1,10,E01030881,0,1
2025451585356,2025,451585356,1,19,0,-1,19,3,3,-1,1,2,0,4,1,0,4,1,-1,9,1,55,8,-1,-1,-1,-1,10,E01022772,0,4
2025451585356,2025,451585356,2,9,0,-1,3,7,3,-1,0,1,0,0,0,0,2,1,-1,9,1,25,5,-1,-1,-1,-1,10,E01030839,0,1
2025451585380,2025,451585380,2,1,0,-1,19,2,6,-1,0,0,0,0,0,0,1,1,-1,6,1,10,2,-1,-1,-1,-1,10,E01030831,0,1
2025451585380,2025,451585380,1,1,0,-1,19,2,6,-1,0,0,0,0,0,0,0,1,-1,6,-1,-1,-1,-1,-1,-1,-1,-1,-1,0,-1
2025451585425,2025,451585425,1,9,-1,-1,19,-1,-1,-1,0,0,0,0,0,0,1,9,-1,6,3,30,6,-1,-1,-1,-1,-1,-1,0,-1
2025451585490,2025,451585490,2,9,0,-1,19,5,5,-1,0,0,0,7,1,10,3,1,-1,9,1,38,7,-1,-1,-1,-1,9,E01030821,0,1
2025451585490,2025,451585490,1,9,0,-1,19,1,1,-1,0,0,0,0,0,0,1,1,-1,2,2,41,7,-1,-1,-1,-1,10,E01031741,0,1
2025451585522,2025,451585522,1,9,0,-1,19,6,3,-1,0,2,0,0,0,0,1,1,-1,1,2,52,8,-1,-1,-1,-1,10,E01004093,0,2
2025451585522,2025,451585522,2,19,0,-1,19,3,7,-1,0,2,0,0,0,0,1,1,-1,1,1,50,8,-1,-1,-1,-1,3,E01017149,0,4
2025451585539,2025,451585539,2,3,0,-1,19,4,7,-1,0,1,0,0,0,0,4,1,-1,9,1,49,8,-1,-1,-1,-1,7,E01030455,0,1
2025451585539,2025,451585539,1,9,0,-1,5,4,8,-1,0,1,0,0,1,0,4,1,-1,9,2,19,4,-1,-1,-1,-1,5,E01032782,0,4
2025451585542,2025,451585542,2,9,0,-1,5,8,4,-1,0,1,0,0,0,0,1,1,-1,6,1,24,5,-1,-1,-1,-1,5,E01002632,0,4
2025451585542,2025,451585542,1,9,0,-1,5,3,7,-1,0,1,0,0,0,0,1,1,-1,9,1,34,6,-1,-1,-1,-1,10,E01030444,0,1
2025451585590,2025,451585590,1,10,0,-1,19,8,3,-1,0,0,2,0,8,11,3,1,-1,1,1,41,7,-1,-1,-1,-1,8,W01001959,0,5
2025451585612,2025,451585612,2,9,0,-1,1,1,5,-1,0,0,0,0,0,0,2,9,-1,6,1,30,6,-1,-1,-1,-1,-1,-1,0,-1
2025451585612,2025,451585612,1,9,0,-1,1,5,1,-1,0,0,0,0,0,0,2,1,-1,6,2,40,7,-1,-1,-1,-1,9,E01030485,0,2
2025451585652,2025,451585652,2,9,0,-1,2,0,0,-1,0,0,0,0,0,0,1,1,-1,6,-1,-1,-1,-1,-1,-1,-1,-1,-1,0,-1
2025451585652,2025,451585652,1,19,0,-1,19,4,8,-1,0,0,0,0,0,0,1,1,-1,9,1,74,10,-1,-1,-1,-1,10,E01030797,0,1
2025451585693,2025,451585693,1,9,0,-1,19,8,4,-1,0,1,0,0,0,0,1,1,-1,9,1,18,4,-1,-1,-1,-1,8,E01030668,0,1
2025451585693,2025,451585693,2,9,0,-1,9,5,3,-1,0,1,0,0,0,0,1,1,-1,9,1,48,8,-1,-1,-1,-1,8,E01016515,0,2
2025451585783,2025,451585783,1,9,0,-1,19,1,5,-1,0,1,0,0,0,0,1,9,-1,6,2,71,10,-1,-1,-1,-1,9,E01030566,0,1
2025451585853,2025,451585853,2,1,0,-1,19,8,4,-1,0,1,0,0,0,0,3,1,-1,9,1,41,7,-1,-1,-1,-1,9,E01030727,0,1
2025451585853,2025,451585853,1,9,0,-1,9,5,4,-1,0,6,0,0,0,0,1,1,-1,9,2,48,8,-1,-1,-1,-1,6,E01034292,0,1
2025451585969,2025,451585969,1,3,0,-1,19,1,5,-1,0,0,2,0,0,0,3,1,-1,9,1,36,7,-1,-1,-1,-1,10,E01030327,0,2
2025451586076,2025,451586076,1,3,0,-1,19,1,5,-1,0,2,0,0,0,0,0,1,-1,6,1,19,4,-1,-1,-1,-1,2,E01003912,0,4
2025451586108,2025,451586108,1,3,0,-1,19,3,7,-1,9,0,0,0,1,11,1,1,-1,9,1,18,4,-1,-1,-1,-1,9,E01030976,0,1
2025451586148,2025,451586148,1,9,0,-1,11,1,1,-1,0,0,0,0,0,0,1,1,-1,7,2,19,4,-1,-1,-1,-1,7,E01031493,0,4
2025451586148,2025,451586148,2,99,-1,-1,-1,-1,-1,-1,-1,0,-1,-1,-1,0,-1,9,-1,6,3,-1,-1,-1,-1,-1,-1,-1,-1,0,-1
2025451586301,2025,451586301,1,9,-1,-1,1,3,7,-1,9,0,0,0,0,0,2,9,-1,6,3,-1,-1,-1,-1,-1,-1,-1,-1,0,-1
2025451586349,2025,451586349,1,9,0,-1,19,5,8,-1,0,1,0,0,0,0,1,1,-1,6,1,31,6,-1,-1,-1,-1,6,E01015355,0,5
2025451586349,2025,451586349,2,9,0,-1,10,4,3,-1,0,5,1,0,2,0,2,1,-1,9,2,20,4,-1,-1,-1,-1,4,E01030827,0,1
2025451586383,2025,451586383,1,9,0,-1,19,1,6,-1,0,4,0,0,0,0,1,1,-1,9,1,76,11,-1,-1,-1,-1,9,E01030315,0,1
2025451586383,2025,451586383,2,1,0,-1,19,7,3,-1,0,4,0,0,0,0,4,1,-1,6,2,39,7,-1,-1,-1,-1,9,E01030313,0,1
2025451586482,2025,451586482,1,21,0,-1,12,4,8,-1,0,0,0,0,0,0,3,2,-1,1,1,57,9,-1,-1,-1,-1,-1,-1,0,-1
2025451586482,2025,451586482,2,9,0,-1,19,4,8,-1,0,0,0,0,1,0,2,1,-1,9,1,55,8,-1,-1,-1,-1,5,E01030656,0,1
2025451586495,2025,451586495,1,9,0,-1,4,3,7,-1,0,0,0,0,0,0,2,1,-1,2,1,53,8,-1,-1,-1,-1,10,E01030771,0,2
2025451586495,2025,451586495,2,9,0,-1,19,3,7,-1,0,0,0,0,0,0,1,1,-1,9,1,29,6,-1,-1,-1,-1,9,E01031000,0,1
2025451586497,2025,451586497,2,9,0,-1,9,2,6,-1,0,6,1,0,0,0,1,1,-1,9,2,45,7,-1,-1,-1,-1,10,E01030560,0,1
2025451586497,2025,451586497,1,9,0,-1,19,2,6,-1,0,2,1,0,0,0,1,1,-1,9,1,23,5,-1,-1,-1,-1,7,E01004107,0,1
2025451586497,2025,451586497,3,9,0,-1,19,6,2,-1,0,1,0,0,0,0,1,1,-1,9,2,40,7,-1,-1,-1,-1,2,E01016150,0,4
2025451586528,2025,451586528,1,9,0,-1,4,1,5,-1,0,0,0,0,0,0,2,1,-1,6,1,24,5,-1,-1,-1,-1,10,E01016636,0,3
2025451586528,2025,451586528,2,9,0,-1,19,1,5,-1,0,0,9,0,0,0,2,1,-1,6,1,67,10,-1,-1,-1,-1,-1,-1,0,-1
2025451586774,2025,451586774,1,19,0,-1,9,6,3,-1,0,1,0,0,0,0,4,1,-1,6,1,57,9,-1,-1,-1,-1,9,E01030856,0,1
2025451586799,2025,451586799,1,9,0,-1,19,2,6,-1,0,8,0,0,7,11,1,1,-1,2,1,59,9,-1,-1,-1,-1,10,E01030691,0,1
2025451586822,2025,451586822,2,9,0,-1,19,3,3,-1,0,0,0,0,0,0,1,1,-1,9,1,76,11,-1,-1,-1,-1,8,E01030951,0,1
2025451586822,2025,451586822,1,21,0,-1,3,7,3,-1,0,0,0,0,0,0,2,1,-1,1,1,57,9,-1,-1,-1,-1,5,E01030494,0,2
2025451586852,2025,451586852,1,9,0,-1,4,4,5,-1,0,0,1,10,0,0,2,1,-1,6,2,27,6,-1,-1,-1,-1,6,E01030649,0,2
2025451586852,2025,451586852,2,9,0,-1,19,5,4,-1,0,0,9,0,0,0,1,2,-1,6,3,50,8,-1,-1,-1,-1,-1,-1,0,-1
2025451586899,2025,451586899,1,19,0,-1,1,1,5,-1,0,0,0,0,0,0,2,9,-1,6,2,65,9,-1,-1,-1,-1,5,E01030812,0,1
2025451586930,2025,451586930,1,9,0,-1,10,-1,-1,-1,9,0,0,0,0,0,1,1,-1,7,1,45,7,-1,-1,-1,-1,10,E01030396,0,1
2025451587102,2025,451587102,1,1,0,-1,19,1,4,-1,0,1,0,0,0,0,2,1,-1,2,1,51,8,-1,-1,-1,-1,6,E01030399,0,1
2025451587102,2025,451587102,2,9,0,-1,19,1,3,-1,0,8,0,0,0,0,1,9,-1,6,3,-1,-1,-1,-1,-1,-1,-1,-1,0,-1
2025451587174,2025,451587174,1,9,0,-1,19,4,8,-1,0,8,0,0,0,0,3,1,-1,9,2,50,8,-1,-1,-1,-1,10,E01030878,0,1
2025451587174,2025,451587174,2,19,0,-1,19,8,4,-1,0,8,0,0,0,0,3,1,-1,2,1,45,7,-1,-1,-1,-1,9,E01030453,0,2
2025451587279,2025,451587279,1,2,0,-1,19,7,3,-1,0,0,0,0,0,0,2,1,-1,6,1,48,8,-1,-1,-1,-1,9,E01030605,0,1
2025451587279,2025,451587279,2,9,0,-1,19,7,3,-1,0,0,0,0,0,0,1,9,-1,6,1,66,10,-1,-1,-1,-1,-1,-1,0,-1
2025451587307,2025,451587307,1,9,0,-1,19,1,5,-1,0,0,2,10,8,7,1,1,-1,6,1,51,8,-1,-1,-1,-1,7,E01030659,0,1
2025451587484,2025,451587484,1,9,0,-1,19,7,3,-1,0,0,0,0,0,0,1,1,-1,9,1,19,4,-1,-1,-1,-1,9,E01004116,0,1
2025451587510,2025,451587510,1,9,0,-1,9,8,5,-1,0,8,0,0,0,0,1,1,-1,9,1,35,6,-1,-1,-1,-1,9,E01030944,0,1
2025451587510,2025,451587510,2,4,0,-1,19,5,1,-1,0,1,0,0,0,0,4,1,-1,9,1,29,6,-1,-1,-1,-1,10,E01030999,0,1
2025451587522,2025,451587522,3,9,0,-1,19,2,2,-1,0,0,0,0,0,0,0,1,-1,9,1,24,5,-1,-1,-1,-1,7,E01023185,0,4
2025451587522,2025,451587522,1,9,0,-1,19,3,2,-1,0,0,0,6,0,0,1,1,-1,9,1,21,5,-1,-1,-1,-1,10,E01030447,0,3
2025451587522,2025,451587522,2,19,0,-1,19,3,3,-1,0,0,0,0,0,0,1,1,-1,1,1,35,6,-1,-1,-1,-1,8,E01030950,0,3
2025451587567,2025,451587567,2,9,0,-1,3,4,8,-1,0,4,0,0,0,0,2,1,-1,2,2,50,8,-1,-1,-1,-1,7,E01034722,0,3
2025451587567,2025,451587567,1,9,0,-1,5,2,8,-1,0,4,0,0,0,0,1,1,-1,1,1,53,8,-1,-1,-1,-1,8,E01022958,0,4
2025451587839,2025,451587839,1,5,0,-1,19,3,7,-1,0,0,0,0,0,0,0,1,-1,9,1,21,5,-1,-1,-1,-1,9,E01030761,0,3
2025451587867,2025,451587867,1,9,0,-1,19,1,3,-1,0,1,0,0,0,0,1,9,-1,6,3,-1,-1,-1,-1,-1,-1,-1,-1,0,-1
2025451587867,2025,451587867,2,3,0,-1,19,1,1,-1,0,1,0,0,0,0,1,1,-1,2,1,20,4,-1,-1,-1,-1,4,E01030710,0,1
2025451587868,2025,451587868,2,3,0,-1,19,2,6,-1,0,1,0,0,0,0,2,1,-1,1,1,34,6,-1,-1,-1,-1,9,E01030705,0,2
2025451587868,2025,451587868,1,9,0,-1,19,2,6,-1,0,1,0,0,0,0,1,1,-1,9,1,29,6,-1,-1,-1,-1,4,E01030645,0,2
2025451587872,2025,451587872,1,9,0,-1,9,7,5,-1,0,5,0,0,0,0,4,1,-1,9,1,46,8,-1,-1,-1,-1,9,E01030485,0,1
2025451587872,2025,451587872,2,3,0,-1,19,3,7,-1,0,1,0,0,0,0,1,1,-1,1,1,59,9,-1,-1,-1,-1,8,E01030875,0,3
2025451587905,2025,451587905,1,1,0,-1,19,1,1,-1,9,0,0,0,0,0,1,1,-1,9,1,60,9,-1,-1,-1,-1,2,E01004185,0,3
2025451587905,2025,451587905,2,1,0,-1,19,5,5,-1,9,0,0,0,0,0,1,1,-1,6,1,45,7,-1,-1,-1,-1,9,E01030558,0,1
2025451587941,2025,451587941,2,9,0,-1,5,5,1,-1,0,8,0,0,0,0,1,1,-1,1,1,56,9,-1,-1,-1,-1,6,E01002609,0,4
2025451587941,2025,451587941,1,9,0,-1,19,7,3,-1,0,8,1,0,3,7,4,1,-1,2,2,53,8,-1,-1,-1,-1,4,E01032858,0,2
2025451588137,2025,451588137,2,9,0,-1,19,1,6,-1,0,2,0,0,0,0,3,1,-1,6,1,42,7,-1,-1,-1,-1,6,E01024425,0,4
2025451588137,2025,451588137,1,1,0,-1,10,6,4,-1,0,1,0,0,0,0,3,1,-1,6,1,26,6,-1,-1,-1,-1,9,E01030552,0,1
2025451588138,2025,451588138,2,9,0,-1,9,4,5,-1,0,1,0,0,7,0,2,1,-1,6,1,79,11,-1,-1,-1,-1,9,E01030614,0,1
2025451588138,2025,451588138,1,9,0,-1,14,4,2,-1,0,1,0,0,0,0,1,1,-1,1,2,46,8,-1,-1,-1,-1,8,E01022525,0,4
2025451588170,2025,451588170,2,9,0,-1,99,1,5,-1,99,0,9,99,9,99,9,1,-1,6,1,56,9,-1,-1,-1,-1,-1,-1,0,-1
2025451588170,2025,451588170,1,9,0,-1,4,1,5,-1,0,0,0,0,0,0,2,1,-1,2,2,30,6,-1,-1,-1,-1,3,E01004645,0,4
2025451588173,2025,451588173,1,9,0,-1,7,7,2,-1,0,4,0,0,0,0,1,1,-1,9,2,35,6,-1,-1,-1,-1,5,E01030674,0,1
2025451588173,2025,451588173,2,1,0,-1,19,1,5,-1,0,8,0,0,0,0,4,1,-1,9,2,68,10,-1,-1,-1,-1,9,E01030690,0,1
2025451588188,2025,451588188,1,4,0,-1,19,5,2,-1,0,8,0,10,2,11,1,1,-1,2,1,38,7,-1,-1,-1,-1,10,E01030341,0,1
2025451588188,2025,451588188,2,9,0,-1,9,3,2,-1,0,8,0,0,0,0,0,1,-1,6,1,59,9,-1,-1,-1,-1,10,E01030349,0,1
2025451588194,2025,451588194,1,19,4,-1,5,7,3,-1,0,0,3,0,0,0,1,1,-1,1,1,42,7,-1,-1,-1,-1,5,E01015928,0,4
2025451588271,2025,451588271,2,9,0,-1,19,2,6,-1,0,1,0,0,0,0,1,1,-1,9,2,42,7,-1,-1,-1,-1,10,E01004157,0,1
2025451588271,2025,451588271,1,9,0,-1,9,6,2,-1,0,1,0,0,0,0,1,1,-1,9,2,76,11,-1,-1,-1,-1,5,E01004177,0,2
2025451588332,2025,451588332,1,9,0,-1,4,1,5,-1,0,0,0,0,0,0,2,1,-1,9,2,57,9,-1,-1,-1,-1,7,E01030465,0,1
2025451588332,2025,451588332,2,19,0,-1,19,1,5,-1,0,0,0,0,0,0,1,1,-1,1,1,25,5,-1,-1,-1,-1,10,E01030428,0,1
2025451588439,2025,451588439,1,9,0,-1,9,3,7,-1,0,0,0,0,0,0,3,1,-1,2,1,60,9,-1,-1,-1,-1,9,E01030661,0,1