collision_index,collision_year,collision_ref_no,vehicle_reference,vehicle_type,towing_and_articulation,vehicle_manoeuvre_historic,vehicle_manoeuvre,vehicle_direction_from,vehicle_direction_to,vehicle_location_restricted_lane_historic,vehicle_location_restricted_lane,junction_location,skidding_and_overturning,hit_object_in_carriageway,vehicle_leaving_carriageway,hit_object_off_carriageway,first_point_of_impact,vehicle_left_hand_drive,journey_purpose_of_driver_historic,journey_purpose_of_driver,sex_of_driver,age_of_driver,age_band_of_driver,engine_capacity_cc,propulsion_code,age_of_vehicle,generic_make_model,driver_imd_decile,lsoa_of_driver,escooter_flag,driver_distance_banding
2025451600602,2025,451600602,1,9,0,-1,9,4,4,-1,0,6,0,0,0,0,3,1,-1,9,1,47,8,-1,-1,-1,-1,9,E01022618,0,3
2025451600602,2025,451600602,2,4,0,-1,19,5,1,-1,0,1,0,0,0,0,1,1,-1,6,-1,-1,-1,-1,-1,-1,-1,-1,-1,0,-1
2025451600701,2025,451600701,2,1,0,-1,19,6,2,-1,0,0,0,0,0,0,1,1,-1,9,1,56,9,-1,-1,-1,-1,10,E01004112,0,3
2025451600701,2025,451600701,1,19,0,-1,2,0,0,-1,0,0,0,4,0,0,3,1,-1,6,1,45,7,-1,-1,-1,-1,6,E01030312,0,1
2025451600724,2025,451600724,1,9,0,-1,1,5,1,-1,0,0,0,0,0,0,2,1,-1,6,2,58,9,-1,-1,-1,-1,9,E01030488,0,1
2025451600818,2025,451600818,2,9,0,-1,99,0,0,-1,99,0,0,4,0,0,1,1,-1,6,2,19,4,-1,-1,-1,-1,8,W01001425,0,5
2025451600818,2025,451600818,1,9,0,-1,2,0,0,-1,99,0,0,0,0,0,3,1,-1,6,1,46,8,-1,-1,-1,-1,6,E01030586,0,1
2025451601029,2025,451601029,1,9,0,-1,2,5,1,-1,99,0,0,0,0,0,2,1,-1,2,2,42,7,-1,-1,-1,-1,8,E01030845,0,2
2025451601029,2025,451601029,2,9,0,-1,1,5,1,-1,99,0,0,0,0,0,9,1,-1,6,1,25,5,-1,-1,-1,-1,4,E01001370,0,4
2025451601167,2025,451601167,2,9,0,-1,19,3,7,-1,0,0,0,0,0,0,1,1,-1,1,1,65,9,-1,-1,-1,-1,8,E01030491,0,3
2025451601167,2025,451601167,1,9,0,-1,7,8,3,-1,0,0,5,0,0,0,1,1,-1,6,1,83,11,-1,-1,-1,-1,6,E01030515,0,2
2025451601175,2025,451601175,1,9,0,-1,13,2,6,-1,0,1,0,0,0,0,1,1,-1,6,1,35,6,-1,-1,-1,-1,6,E01016212,0,3
2025451601175,2025,451601175,2,9,0,-1,19,6,2,-1,0,1,0,0,1,0,1,1,-1,6,1,40,7,-1,-1,-1,-1,9,E01030685,0,1
2025451601211,2025,451601211,2,10,0,-1,19,4,7,-1,0,8,0,0,0,0,3,1,-1,1,1,45,7,-1,-1,-1,-1,8,E01030904,0,3
2025451601211,2025,451601211,1,19,0,-1,19,8,3,-1,0,8,0,0,0,0,1,1,-1,1,1,49,8,-1,-1,-1,-1,9,E01030932,0,1
2025451601217,2025,451601217,2,9,0,-1,19,7,3,-1,0,1,0,0,0,0,1,1,-1,6,1,44,7,-1,-1,-1,-1,6,E01030700,0,1
2025451601217,2025,451601217,1,9,0,-1,19,7,3,-1,0,1,0,0,1,0,2,1,-1,6,2,53,8,-1,-1,-1,-1,4,E01030354,0,2
2025451601222,2025,451601222,2,3,0,-1,19,2,6,-1,0,1,0,0,0,0,1,1,-1,9,1,43,7,-1,-1,-1,-1,8,E01030730,0,1
2025451601222,2025,451601222,1,9,0,-1,9,6,4,-1,0,1,0,0,0,0,4,1,-1,9,2,44,7,-1,-1,-1,-1,10,E01030367,0,1
2025451601291,2025,451601291,1,1,0,-1,19,3,7,-1,0,0,0,0,0,0,1,1,-1,6,3,62,9,-1,-1,-1,-1,3,E01030547,0,1
2025451601291,2025,451601291,2,9,0,-1,7,7,2,-1,0,0,0,0,0,0,1,1,-1,6,2,85,11,-1,-1,-1,-1,8,E01030534,0,1
2025451601314,2025,451601314,1,1,0,-1,-1,-1,-1,-1,-1,0,-1,-1,-1,0,-1,1,-1,6,1,52,8,-1,-1,-1,-1,7,E01004193,0,2
2025451601314,2025,451601314,2,1,0,-1,-1,-1,-1,-1,-1,0,-1,-1,-1,0,-1,1,-1,6,3,-1,-1,-1,-1,-1,-1,-1,-1,0,-1
2025451601455,2025,451601455,1,9,0,-1,13,5,1,-1,0,0,0,0,0,0,0,9,-1,6,3,35,6,-1,-1,-1,-1,-1,-1,0,-1
2025451601455,2025,451601455,2,90,0,-1,4,1,5,-1,0,0,0,4,0,0,1,1,-1,9,2,37,7,-1,-1,-1,-1,5,E01034297,0,1
2025451601455,2025,451601455,3,9,0,-1,4,1,5,-1,0,0,0,0,0,0,2,1,-1,9,1,51,8,-1,-1,-1,-1,5,E01003638,0,4
2025451601604,2025,451601604,1,3,0,-1,14,7,3,-1,0,0,0,0,0,0,1,1,-1,2,1,22,5,-1,-1,-1,-1,6,E01030310,0,2
2025451601604,2025,451601604,2,9,0,-1,19,7,3,-1,0,0,0,0,0,0,1,1,-1,6,1,52,8,-1,-1,-1,-1,10,E01030341,0,1
2025451601604,2025,451601604,3,9,0,-1,19,3,7,-1,0,0,0,0,0,0,3,1,-1,6,2,30,6,-1,-1,-1,-1,8,E01030683,0,1
2025451601663,2025,451601663,2,9,0,-1,19,8,4,-1,0,0,0,0,0,0,1,1,-1,6,1,40,7,-1,-1,-1,-1,8,E01035236,0,3
2025451601663,2025,451601663,1,9,0,-1,3,8,4,-1,0,0,0,0,0,0,2,1,-1,2,1,37,7,-1,-1,-1,-1,9,E01030911,0,3
2025451601705,2025,451601705,1,9,0,-1,19,7,8,-1,0,0,0,10,2,11,1,1,-1,9,1,18,4,-1,-1,-1,-1,6,E01030516,0,2
2025451601773,2025,451601773,1,9,0,-1,9,1,8,-1,0,8,0,0,0,0,3,1,-1,2,2,38,7,-1,-1,-1,-1,9,E01030421,0,2
2025451601773,2025,451601773,2,3,0,-1,19,8,4,-1,0,8,0,0,0,0,3,1,-1,2,1,29,6,-1,-1,-1,-1,2,E01030483,0,1
2025451601812,2025,451601812,1,9,0,-1,9,6,4,-1,0,6,0,0,0,0,3,1,-1,9,2,80,11,-1,-1,-1,-1,10,E01030303,0,1
2025451601812,2025,451601812,2,4,0,-1,19,4,8,-1,0,1,0,0,0,0,1,1,-1,9,1,19,4,-1,-1,-1,-1,10,E01030807,0,3
2025451601838,2025,451601838,2,98,0,-1,19,1,3,-1,0,8,0,0,0,0,1,9,-1,1,3,30,6,-1,-1,-1,-1,-1,-1,0,-1
2025451601838,2025,451601838,1,9,0,-1,8,1,3,-1,0,8,0,0,0,0,3,9,-1,1,2,54,8,-1,-1,-1,-1,-1,-1,0,-1
2025451601916,2025,451601916,2,1,0,-1,19,1,3,-1,0,0,0,0,0,0,1,1,-1,9,1,9,2,-1,-1,-1,-1,8,E01030844,0,1
2025451601916,2025,451601916,1,9,0,-1,19,5,1,-1,0,0,0,0,0,0,1,1,-1,9,2,71,10,-1,-1,-1,-1,8,E01030845,0,1
2025451601980,2025,451601980,1,3,0,-1,7,2,8,-1,0,8,0,0,1,0,1,1,-1,6,1,15,3,-1,-1,-1,-1,4,E01030750,0,1
2025451601980,2025,451601980,2,3,0,-1,7,2,8,-1,0,1,0,0,0,0,0,1,-1,6,1,16,4,-1,-1,-1,-1,4,E01030750,0,1
2025451601985,2025,451601985,1,1,0,-1,19,6,2,-1,0,0,0,0,0,0,4,1,-1,9,1,62,9,-1,-1,-1,-1,10,E01003380,0,2
2025451601985,2025,451601985,3,23,0,-1,19,1,3,-1,0,0,0,0,0,0,0,1,-1,6,3,-1,-1,-1,-1,-1,-1,-1,-1,0,-1
2025451601985,2025,451601985,2,1,0,-1,19,1,3,-1,0,0,0,0,0,0,0,1,-1,6,3,-1,-1,-1,-1,-1,-1,-1,-1,0,-1
2025451602072,2025,451602072,2,1,0,-1,19,2,8,-1,0,0,0,0,0,0,1,1,-1,6,2,15,3,-1,-1,-1,-1,-1,-1,0,-1
2025451602072,2025,451602072,1,9,0,-1,7,8,2,-1,0,0,0,0,0,0,3,1,-1,6,2,31,6,-1,-1,-1,-1,9,E01031004,0,1
2025451602094,2025,451602094,1,9,0,-1,20,4,8,-1,0,0,0,0,1,11,1,1,-1,9,1,87,11,-1,-1,-1,-1,7,E01030662,0,1
2025451602290,2025,451602290,1,9,0,-1,11,4,8,-1,0,0,0,0,1,7,1,1,-1,9,1,56,9,-1,-1,-1,-1,6,E01010075,0,5
2025451602335,2025,451602335,2,9,0,-1,19,2,6,-1,0,0,0,0,0,0,1,1,-1,2,1,52,8,-1,-1,-1,-1,10,E01030560,0,1
2025451602335,2025,451602335,1,9,0,-1,19,3,1,-1,0,0,0,0,0,0,1,9,-1,6,1,25,5,-1,-1,-1,-1,8,E01004118,0,1
2025451602365,2025,451602365,1,9,0,-1,19,7,1,-1,0,1,0,0,0,0,1,1,-1,6,1,48,8,-1,-1,-1,-1,9,E01030549,0,1
2025451602468,2025,451602468,1,9,0,-1,5,2,3,-1,0,0,0,0,0,0,2,1,-1,6,2,36,7,-1,-1,-1,-1,10,E01030467,0,1
2025451602468,2025,451602468,2,9,0,-1,19,8,3,-1,0,0,0,0,0,0,1,1,-1,6,1,40,7,-1,-1,-1,-1,3,E01030432,0,2
2025451602563,2025,451602563,2,4,0,-1,19,2,6,-1,0,0,0,0,0,0,3,1,-1,6,1,64,9,-1,-1,-1,-1,9,E01030795,0,1
2025451602563,2025,451602563,1,9,0,-1,19,4,7,-1,0,0,0,0,0,0,4,1,-1,9,2,75,10,-1,-1,-1,-1,4,E01030788,0,1
2025451602596,2025,451602596,1,9,0,-1,19,5,1,-1,0,2,1,0,2,4,1,1,-1,9,2,61,9,-1,-1,-1,-1,3,E01023107,0,1
2025451602841,2025,451602841,1,9,0,-1,19,7,3,-1,0,0,0,12,0,0,1,1,-1,6,1,40,7,-1,-1,-1,-1,-1,-1,0,-1
2025451602872,2025,451602872,2,9,0,-1,5,3,7,-1,0,4,0,0,0,0,4,1,-1,9,1,65,9,-1,-1,-1,-1,10,E01003010,0,3
2025451602872,2025,451602872,1,4,0,-1,12,6,6,-1,0,4,1,0,0,0,4,1,-1,9,1,45,7,-1,-1,-1,-1,2,E01004140,0,3
2025451602933,2025,451602933,1,9,0,-1,19,1,5,-1,0,0,0,0,0,0,4,1,-1,9,2,27,6,-1,-1,-1,-1,9,E01031730,0,3
2025451602939,2025,451602939,3,9,0,-1,19,8,3,-1,0,0,0,0,0,0,1,9,-1,6,3,25,5,-1,-1,-1,-1,-1,-1,0,-1
2025451602939,2025,451602939,2,23,0,-1,19,7,4,-1,0,0,0,0,1,1,3,1,-1,9,1,23,5,-1,-1,-1,-1,10,E01030518,0,1
2025451602939,2025,451602939,1,1,0,-1,19,8,3,-1,0,0,0,0,1,0,2,1,-1,9,1,22,5,-1,-1,-1,-1,10,E01030541,0,1
2025451602983,2025,451602983,1,3,0,-1,19,1,5,-1,0,0,1,0,0,0,0,1,-1,9,1,17,4,-1,-1,-1,-1,7,E01035328,0,2
2025451603000,2025,451603000,1,9,0,-1,19,8,4,-1,0,0,5,0,0,0,1,1,-1,9,2,19,4,-1,-1,-1,-1,5,E01030812,0,3
2025451603000,2025,451603000,2,9,0,-1,19,8,4,-1,0,0,0,0,0,0,2,1,-1,6,2,50,8,-1,-1,-1,-1,2,E01015570,0,5
2025451603004,2025,451603004,1,3,0,-1,19,8,4,-1,0,0,0,0,0,0,1,1,-1,2,1,19,4,-1,-1,-1,-1,4,E01031652,0,3
2025451603105,2025,451603105,1,19,-1,-1,-1,-1,-1,-1,-1,-1,-1,-1,-1,0,-1,9,-1,6,3,-1,-1,-1,-1,-1,-1,-1,-1,0,-1
2025451603237,2025,451603237,1,9,0,-1,4,1,1,-1,0,0,0,0,0,0,2,1,-1,6,2,65,9,-1,-1,-1,-1,7,E01023225,0,4
2025451603237,2025,451603237,2,9,0,-1,19,1,1,-1,0,0,0,0,0,0,1,1,-1,6,1,55,8,-1,-1,-1,-1,-1,-1,0,-1
2025451603288,2025,451603288,1,5,0,-1,19,5,1,-1,0,0,5,0,7,0,1,1,-1,9,1,25,5,-1,-1,-1,-1,5,E01030531,0,3
2025451603304,2025,451603304,1,9,0,-1,4,8,4,-1,0,1,0,0,0,0,1,1,-1,9,1,25,5,-1,-1,-1,-1,10,E01024523,0,4
2025451603304,2025,451603304,2,9,0,-1,4,8,4,-1,0,1,0,0,0,0,2,1,-1,9,1,51,8,-1,-1,-1,-1,8,E01030825,0,1
2025451603309,2025,451603309,1,9,0,-1,5,8,4,-1,0,0,0,0,3,10,1,1,-1,9,2,82,11,-1,-1,-1,-1,10,E01004106,0,2
2025451603465,2025,451603465,1,9,0,-1,2,0,0,-1,0,0,0,0,0,0,3,1,-1,2,2,44,7,-1,-1,-1,-1,10,E01030353,0,1
2025451603465,2025,451603465,2,1,0,-1,19,5,5,-1,0,0,0,4,0,0,1,1,-1,9,2,47,8,-1,-1,-1,-1,8,E01030335,0,1
2025451603763,2025,451603763,2,97,0,-1,19,4,2,-1,0,0,0,0,0,0,1,1,-1,6,1,38,7,-1,-1,-1,-1,10,E01030888,0,1
2025451603763,2025,451603763,1,9,0,-1,4,2,6,-1,0,0,0,0,0,0,1,1,-1,9,2,28,6,-1,-1,-1,-1,9,E01030885,0,1
2025451603905,2025,451603905,1,9,0,-1,19,3,7,-1,0,0,2,0,0,0,1,1,-1,6,1,29,6,-1,-1,-1,-1,8,E01002209,0,4
2025451603925,2025,451603925,1,1,0,-1,19,5,1,-1,0,8,5,0,0,0,4,1,-1,6,1,61,9,-1,-1,-1,-1,10,E01032624,0,1
2025451603925,2025,451603925,2,9,0,-1,10,3,1,-1,0,6,0,0,0,0,1,1,-1,6,2,45,7,-1,-1,-1,-1,10,E01030396,0,1
2025451603949,2025,451603949,1,9,0,-1,19,1,5,-1,0,8,0,0,0,0,4,9,-1,6,2,-1,-1,-1,-1,-1,-1,-1,-1,0,-1
2025451603960,2025,451603960,1,1,0,-1,19,5,1,-1,0,1,0,0,1,10,1,1,-1,6,1,47,8,-1,-1,-1,-1,10,E01030506,0,1
2025451603960,2025,451603960,2,9,0,-1,9,1,5,-1,0,1,0,0,0,0,0,2,-1,6,1,40,7,-1,-1,-1,-1,9,E01032617,0,4
2025451604020,2025,451604020,2,5,0,-1,19,1,5,-1,0,2,0,0,0,0,1,1,-1,9,1,32,6,-1,-1,-1,-1,8,E01030884,0,3
2025451604020,2025,451604020,1,9,0,-1,9,3,7,-1,0,5,0,0,0,0,3,1,-1,9,1,40,7,-1,-1,-1,-1,9,E01030942,0,1
2025451604058,2025,451604058,1,3,0,-1,19,5,1,-1,0,0,0,0,0,0,4,1,-1,6,1,21,5,-1,-1,-1,-1,6,E01030516,0,2
2025451604076,2025,451604076,1,9,0,-1,-1,-1,-1,-1,-1,0,-1,-1,-1,0,-1,9,-1,6,3,-1,-1,-1,-1,-1,-1,-1,-1,0,-1
2025451604076,2025,451604076,2,9,0,-1,4,8,4,-1,0,0,0,0,0,0,1,1,-1,9,1,39,7,-1,-1,-1,-1,9,E01030784,0,1
2025451604085,2025,451604085,1,-1,0,-1,19,7,3,-1,0,0,2,0,0,0,4,1,-1,9,1,14,3,-1,-1,-1,-1,10,E01030998,1,1
2025451604088,2025,451604088,1,9,0,-1,19,5,1,-1,99,0,0,0,0,0,1,1,-1,6,1,51,8,-1,-1,-1,-1,8,E01030835,0,1
2025451604088,2025,451604088,2,19,0,-1,1,5,1,-1,99,0,0,0,0,0,1,1,-1,6,3,40,7,-1,-1,-1,-1,-1,-1,0,-1
2025451604097,2025,451604097,1,9,0,-1,19,1,5,-1,0,0,5,0,2,9,1,1,-1,9,1,18,4,-1,-1,-1,-1,6,E01021187,0,4
2025451604107,2025,451604107,2,9,0,-1,2,0,0,-1,0,0,0,0,0,0,3,1,-1,6,-1,-1,-1,-1,-1,-1,-1,-1,-1,0,-1
2025451604107,2025,451604107,3,9,0,-1,2,0,0,-1,0,0,0,0,0,0,2,1,-1,6,-1,-1,-1,-1,-1,-1,-1,-1,-1,0,-1
2025451604107,2025,451604107,1,9,0,-1,19,5,1,-1,0,0,5,0,0,0,1,1,-1,9,1,17,4,-1,-1,-1,-1,9,E01030313,0,1
2025451604147,2025,451604147,1,21,0,-1,19,7,3,-1,0,0,0,0,0,0,1,1,-1,1,1,33,6,-1,-1,-1,-1,10,E01022694,0,4
2025451604185,2025,451604185,1,98,0,-1,19,3,1,-1,0,2,0,0,0,0,4,9,-1,6,3,-1,-1,-1,-1,-1,-1,-1,-1,0,-1
2025451604272,2025,451604272,2,9,0,-1,9,5,1,-1,0,0,0,0,0,0,1,1,-1,6,1,30,6,-1,-1,-1,-1,9,E01030728,0,1
2025451604272,2025,451604272,1,1,0,-1,19,3,7,-1,0,0,0,0,0,0,1,1,-1,2,1,52,8,-1,-1,-1,-1,9,E01030727,0,1
2025451604295,2025,451604295,1,9,0,-1,9,3,1,-1,0,0,0,0,0,0,1,1,-1,1,2,62,9,-1,-1,-1,-1,10,E01030517,0,2
2025451604295,2025,451604295,2,1,0,-1,19,6,2,-1,0,0,1,0,0,0,1,1,-1,6,1,36,7,-1,-1,-1,-1,5,E01034296,0,2
2025451604301,2025,451604301,1,3,0,-1,9,4,5,-1,0,2,5,0,0,0,1,1,-1,9,1,17,4,-1,-1,-1,-1,9,E01030783,0,2
2025451604301,2025,451604301,2,9,0,-1,19,1,1,-1,0,1,0,0,0,0,1,1,-1,9,1,55,8,-1,-1,-1,-1,9,E01030473,0,1
2025451604373,2025,451604373,1,19,0,-1,19,3,1,-1,0,1,0,0,0,0,1,9,-1,6,1,35,6,-1,-1,-1,-1,3,E01023107,0,1
2025451604416,2025,451604416,2,9,0,-1,9,8,4,-1,0,1,0,0,0,0,1,1,-1,2,1,66,10,-1,-1,-1,-1,8,E01032625,0,2
2025451604416,2025,451604416,1,9,0,-1,9,1,8,-1,0,8,0,0,0,0,4,1,-1,9,2,62,9,-1,-1,-1,-1,10,E01030930,0,1
2025451604517,2025,451604517,1,9,0,-1,19,3,1,-1,0,0,0,0,0,0,1,9,-1,6,3,-1,-1,-1,-1,-1,-1,-1,-1,0,-1
2025451604517,2025,451604517,2,3,0,-1,19,5,1,-1,0,0,1,0,0,0,2,1,-1,9,1,19,4,-1,-1,-1,-1,10,E01030369,0,1
2025451604525,2025,451604525,2,21,0,-1,19,3,7,-1,0,0,0,0,0,0,2,2,-1,1,1,54,8,-1,-1,-1,-1,-1,-1,0,-1
2025451604525,2025,451604525,1,9,0,-1,11,3,7,-1,0,0,0,0,0,0,1,1,-1,2,1,44,7,-1,-1,-1,-1,1,E01024609,0,4
2025451604536,2025,451604536,1,98,0,-1,15,3,1,-1,0,0,0,0,0,0,4,9,-1,6,3,-1,-1,-1,-1,-1,-1,-1,-1,0,-1
2025451604536,2025,451604536,2,1,0,-1,19,5,5,-1,0,0,5,0,0,0,3,1,-1,6,1,50,8,-1,-1,-1,-1,9,E01031590,0,2
2025451604560,2025,451604560,1,9,0,-1,5,8,1,-1,0,0,1,0,0,0,1,1,-1,1,2,21,5,-1,-1,-1,-1,8,E01022586,0,4
2025451604560,2025,451604560,2,9,0,-1,19,1,1,-1,0,0,1,11,0,0,4,1,-1,6,2,61,9,-1,-1,-1,-1,8,E01002941,0,1
2025451604606,2025,451604606,1,9,0,-1,3,3,7,-1,0,0,1,0,0,0,2,1,-1,9,2,79,11,-1,-1,-1,-1,6,E01030424,0,1
2025451604606,2025,451604606,2,9,0,-1,4,3,7,-1,0,0,0,0,0,0,3,1,-1,7,1,22,5,-1,-1,-1,-1,6,E01023118,0,1
2025451604606,2025,451604606,3,9,0,-1,19,3,7,-1,0,0,0,0,4,0,4,1,-1,1,1,46,8,-1,-1,-1,-1,9,E01016595,0,4
2025451604607,2025,451604607,1,9,0,-1,19,5,1,-1,0,4,0,0,0,0,3,1,-1,9,2,69,10,-1,-1,-1,-1,8,E01001120,0,1
2025451604607,2025,451604607,2,5,0,-1,9,4,1,-1,0,4,5,0,0,0,4,1,-1,9,1,66,10,-1,-1,-1,-1,10,E01001124,0,1
2025451604609,2025,451604609,1,9,0,-1,2,0,0,-1,9,0,0,0,0,0,0,1,-1,6,-1,-1,-1,-1,-1,-1,-1,-1,-1,0,-1
2025451604609,2025,451604609,2,9,0,-1,19,7,3,-1,0,0,0,0,0,0,1,1,-1,2,1,40,7,-1,-1,-1,-1,5,E01030984,0,2
2025451604612,2025,451604612,1,9,0,-1,19,5,1,-1,0,0,0,0,7,0,1,1,-1,6,2,40,7,-1,-1,-1,-1,-1,-1,0,-1
2025451604668,2025,451604668,1,-1,0,-1,4,6,6,-1,0,4,0,0,0,0,0,1,-1,6,1,37,7,-1,-1,-1,-1,5,E01030459,1,1
2025451604686,2025,451604686,1,9,0,-1,3,1,3,-1,0,0,0,0,0,0,1,1,-1,6,2,25,5,-1,-1,-1,-1,9,E01031670,0,4
2025451604686,2025,451604686,2,9,0,-1,1,3,1,-1,0,0,0,0,0,0,2,1,-1,6,3,79,11,-1,-1,-1,-1,10,E01030415,0,1
2025451604717,2025,451604717,2,9,0,-1,19,1,5,-1,0,0,0,0,0,0,1,1,-1,2,2,27,6,-1,-1,-1,-1,9,E01030602,0,2
2025451604717,2025,451604717,1,97,0,-1,12,1,6,-1,0,0,1,0,0,0,2,1,-1,9,1,49,8,-1,-1,-1,-1,5,E01004127,0,3
2025451604719,2025,451604719,1,3,0,-1,19,3,3,-1,0,0,2,7,1,0,1,1,-1,9,1,21,5,-1,-1,-1,-1,2,E01003432,0,4
2025451604748,2025,451604748,1,9,0,-1,3,1,5,-1,0,0,0,0,0,0,2,1,-1,9,1,82,11,-1,-1,-1,-1,7,E01030583,0,1
2025451604748,2025,451604748,2,9,0,-1,19,1,5,-1,0,0,0,0,0,0,1,9,-1,6,2,48,8,-1,-1,-1,-1,6,E01030570,0,1
2025451604866,2025,451604866,2,9,0,-1,10,2,7,-1,0,1,0,0,0,0,3,1,-1,2,1,51,8,-1,-1,-1,-1,8,E01030817,0,1
2025451604866,2025,451604866,1,9,0,-1,19,8,4,-1,0,1,0,0,0,0,1,1,-1,9,2,51,8,-1,-1,-1,-1,7,E01030818,0,1
2025451605071,2025,451605071,1,3,0,-1,19,2,6,-1,0,3,1,0,7,0,3,1,-1,1,1,39,7,-1,-1,-1,-1,5,E01030433,0,2
2025451605143,2025,451605143,2,9,0,-1,9,1,8,-1,0,8,0,0,0,0,1,1,-1,2,2,63,9,-1,-1,-1,-1,3,E01023107,0,1
2025451605143,2025,451605143,1,9,0,-1,19,8,3,-1,0,8,5,0,0,0,4,1,-1,2,1,55,8,-1,-1,-1,-1,4,E01016207,0,3
2025451605151,2025,451605151,2,9,0,-1,19,1,1,-1,0,0,0,0,0,0,1,1,-1,6,1,41,7,-1,-1,-1,-1,10,E01030891,0,1
2025451605151,2025,451605151,1,5,0,-1,5,2,2,-1,0,0,0,0,0,0,2,1,-1,1,1,52,8,-1,-1,-1,-1,2,E01004757,0,4
2025451605182,2025,451605182,3,9,0,-1,5,5,1,-1,0,0,0,0,0,0,0,1,-1,6,3,-1,-1,-1,-1,-1,-1,-1,-1,0,-1
2025451605182,2025,451605182,2,9,0,-1,5,5,1,-1,0,0,0,0,0,0,3,1,-1,6,1,-1,-1,-1,-1,-1,-1,-1,-1,0,-1
2025451605182,2025,451605182,1,9,0,-1,5,5,1,-1,0,0,0,0,0,0,1,1,-1,2,1,55,8,-1,-1,-1,-1,8,E01004110,0,2
2025451605249,2025,451605249,1,97,0,-1,19,0,0,-1,0,0,0,0,0,0,1,1,-1,1,1,32,6,-1,-1,-1,-1,10,E01030339,0,1
2025451605249,2025,451605249,2,9,0,-1,5,2,6,-1,0,0,0,0,0,0,1,1,-1,9,2,42,7,-1,-1,-1,-1,10,E01030341,0,1
2025451605269,2025,451605269,1,9,0,-1,19,6,2,-1,0,8,5,0,3,10,1,1,-1,9,1,50,8,-1,-1,-1,-1,9,E01004155,0,3
2025451605324,2025,451605324,1,9,0,-1,19,2,6,-1,0,2,0,0,0,0,1,1,-1,9,1,91,11,-1,-1,-1,-1,9,E01030446,0,1
2025451605415,2025,451605415,1,1,0,-1,19,2,6,-1,0,1,0,0,0,0,0,1,-1,6,1,30,6,-1,-1,-1,-1,9,E01003363,0,3
2025451605415,2025,451605415,3,1,0,-1,19,2,6,-1,0,1,2,0,0,0,0,1,-1,6,1,40,7,-1,-1,-1,-1,9,E01003890,0,2
2025451605415,2025,451605415,2,9,0,-1,10,2,6,-1,0,5,0,0,0,0,0,1,-1,6,1,-1,-1,-1,-1,-1,-1,6,E01030310,0,1
2025451605423,2025,451605423,2,9,0,-1,19,8,8,-1,0,0,0,0,0,0,1,1,-1,9,2,28,6,-1,-1,-1,-1,10,E01030303,0,1
2025451605423,2025,451605423,1,9,0,-1,19,4,8,-1,0,0,0,0,0,0,1,1,-1,2,1,26,6,-1,-1,-1,-1,4,E01030304,0,1
2025451605566,2025,451605566,1,9,0,-1,3,1,3,-1,0,2,0,0,0,0,2,1,-1,2,1,44,7,-1,-1,-1,-1,8,E01030688,0,2
2025451605566,2025,451605566,2,9,0,-1,99,1,3,-1,0,2,0,0,0,0,1,1,-1,6,3,30,6,-1,-1,-1,-1,-1,-1,0,-1
2025451605643,2025,451605643,1,9,0,-1,19,4,8,-1,0,1,0,0,0,0,1,1,-1,2,2,43,7,-1,-1,-1,-1,6,E01030629,0,1
2025451605643,2025,451605643,2,90,0,-1,9,8,5,-1,0,1,0,0,0,0,1,1,-1,1,1,29,6,-1,-1,-1,-1,2,E01001181,0,3
2025451605651,2025,451605651,1,9,0,-1,19,5,1,-1,0,0,0,0,0,0,4,1,-1,2,2,71,10,-1,-1,-1,-1,10,E01030387,0,1
2025451605691,2025,451605691,3,9,0,-1,19,7,3,-1,0,2,0,0,0,0,1,1,-1,1,2,45,7,-1,-1,-1,-1,8,E01030577,0,3
2025451605691,2025,451605691,1,9,0,-1,5,6,2,-1,0,2,0,0,0,0,2,1,-1,6,1,47,8,-1,-1,-1,-1,6,E01030550,0,2
2025451605691,2025,451605691,2,9,0,-1,5,7,3,-1,0,2,0,0,0,0,1,1,-1,9,2,31,6,-1,-1,-1,-1,10,E01030535,0,3
2025451605706,2025,451605706,2,9,0,-1,19,8,8,-1,0,0,0,0,0,0,1,1,-1,2,2,36,7,-1,-1,-1,-1,6,E01002630,0,3
2025451605706,2025,451605706,1,9,0,-1,19,3,3,-1,0,0,0,0,0,0,4,1,-1,6,1,79,11,-1,-1,-1,-1,10,E01030626,0,3
2025451605709,2025,451605709,1,9,0,-1,9,7,5,-1,0,0,0,0,1,1,1,1,-1,6,1,85,11,-1,-1,-1,-1,8,E01030565,0,1
2025451605709,2025,451605709,2,9,0,-1,19,8,5,-1,0,0,0,0,0,0,1,1,-1,6,2,60,9,-1,-1,-1,-1,2,E01001172,0,2
2025451605757,2025,451605757,1,9,0,-1,19,7,3,-1,0,0,2,0,0,0,1,1,-1,9,1,21,5,-1,-1,-1,-1,6,E01024425,0,1
2025451605785,2025,451605785,1,9,0,-1,19,4,1,-1,0,0,0,0,0,0,1,1,-1,1,1,54,8,-1,-1,-1,-1,3,E01003430,0,3
2025451605785,2025,451605785,2,9,0,-1,19,8,4,-1,0,0,0,0,0,0,1,1,-1,6,2,29,6,-1,-1,-1,-1,9,E01030313,0,1
2025451605821,2025,451605821,1,1,0,-1,19,7,3,-1,0,0,0,0,0,0,0,1,-1,9,1,47,8,-1,-1,-1,-1,10,E01030350,0,3
2025451605882,2025,451605882,1,9,0,-1,1,4,8,-1,0,1,0,0,0,0,4,1,-1,6,1,38,7,-1,-1,-1,-1,8,E01030836,0,1