collision_index,collision_year,collision_ref_no,vehicle_reference,vehicle_type,towing_and_articulation,vehicle_manoeuvre_historic,vehicle_manoeuvre,vehicle_direction_from,vehicle_direction_to,vehicle_location_restricted_lane_historic,vehicle_location_restricted_lane,junction_location,skidding_and_overturning,hit_object_in_carriageway,vehicle_leaving_carriageway,hit_object_off_carriageway,first_point_of_impact,vehicle_left_hand_drive,journey_purpose_of_driver_historic,journey_purpose_of_driver,sex_of_driver,age_of_driver,age_band_of_driver,engine_capacity_cc,propulsion_code,age_of_vehicle,generic_make_model,driver_imd_decile,lsoa_of_driver,escooter_flag,driver_distance_banding
2025451605882,2025,451605882,2,9,0,-1,15,4,8,-1,0,1,0,0,0,0,4,1,-1,6,1,60,9,-1,-1,-1,-1,7,E01030848,0,1
2025451605953,2025,451605953,1,9,0,-1,19,2,6,-1,0,0,0,0,0,0,1,1,-1,6,1,40,7,-1,-1,-1,-1,7,E01030452,0,3
2025451605953,2025,451605953,2,4,0,-1,13,2,6,-1,0,0,0,0,0,0,9,1,-1,6,1,45,7,-1,-1,-1,-1,-1,-1,0,-1
2025451606042,2025,451606042,1,9,0,-1,19,6,2,-1,0,0,2,0,8,4,1,1,-1,9,1,27,6,-1,-1,-1,-1,8,E01032625,0,2
2025451606053,2025,451606053,1,5,0,-1,19,4,7,-1,0,0,1,0,1,0,1,1,-1,9,1,71,10,-1,-1,-1,-1,7,E01032571,0,3
2025451606053,2025,451606053,2,9,0,-1,19,7,4,-1,0,0,0,0,0,0,3,1,-1,9,2,55,8,-1,-1,-1,-1,4,E01030827,0,1
2025451606076,2025,451606076,1,9,0,-1,19,8,4,-1,0,0,0,0,1,4,1,1,-1,1,2,18,4,-1,-1,-1,-1,4,E01030962,0,1
2025451606164,2025,451606164,1,1,0,-1,19,6,2,-1,0,0,1,0,0,0,3,1,-1,9,1,51,8,-1,-1,-1,-1,8,E01002890,0,4
2025451606230,2025,451606230,1,9,0,-1,19,8,8,-1,0,4,0,0,0,0,1,1,-1,9,2,24,5,-1,-1,-1,-1,9,E01030987,0,1
2025451606230,2025,451606230,2,9,0,-1,19,8,8,-1,0,4,0,0,0,0,2,1,-1,9,1,67,10,-1,-1,-1,-1,10,E01030959,0,1
2025451606231,2025,451606231,1,9,0,-1,6,7,2,-1,0,0,0,0,0,0,3,1,-1,9,2,50,8,-1,-1,-1,-1,7,E01030848,0,2
2025451606231,2025,451606231,2,9,0,-1,19,3,7,-1,0,0,0,0,0,0,1,1,-1,9,1,22,5,-1,-1,-1,-1,9,E01030358,0,4
2025451606261,2025,451606261,1,9,0,-1,2,0,0,-1,0,0,0,0,0,0,3,1,-1,9,1,62,9,-1,-1,-1,-1,9,E01030731,0,1
2025451606261,2025,451606261,2,1,0,-1,14,7,3,-1,0,0,0,0,0,0,1,1,-1,9,2,68,10,-1,-1,-1,-1,9,E01030731,0,1
2025451606287,2025,451606287,1,9,0,-1,19,6,3,-1,0,0,0,0,1,5,4,1,-1,9,1,36,7,-1,-1,-1,-1,9,E01001072,0,2
2025451606418,2025,451606418,1,9,0,-1,5,7,3,-1,0,6,0,0,0,0,1,1,-1,9,1,76,11,-1,-1,-1,-1,10,E01030443,0,2
2025451606507,2025,451606507,1,1,0,-1,7,1,4,-1,0,1,0,0,0,0,1,1,-1,9,1,51,8,-1,-1,-1,-1,10,E01030341,0,1
2025451606509,2025,451606509,1,9,0,-1,1,2,6,-1,9,0,0,0,1,0,4,1,-1,9,2,88,11,-1,-1,-1,-1,10,E01030623,0,1
2025451606574,2025,451606574,2,9,0,-1,19,2,6,-1,0,1,0,0,0,0,3,1,-1,1,2,56,9,-1,-1,-1,-1,10,E01016522,0,2
2025451606574,2025,451606574,1,9,0,-1,19,2,6,-1,0,1,0,0,0,0,1,1,-1,1,2,37,7,-1,-1,-1,-1,10,E01016603,0,2
2025451606582,2025,451606582,2,9,0,-1,2,0,0,-1,0,0,0,0,0,0,2,1,-1,6,-1,-1,-1,-1,-1,-1,-1,-1,-1,0,-1
2025451606582,2025,451606582,3,9,0,-1,2,0,0,-1,0,0,0,0,0,0,2,1,-1,6,-1,-1,-1,-1,-1,-1,-1,-1,-1,0,-1
2025451606582,2025,451606582,1,9,0,-1,19,4,8,-1,0,0,0,4,0,0,1,1,-1,9,2,18,4,-1,-1,-1,-1,10,E01020940,0,4
2025451606608,2025,451606608,2,97,0,-1,13,2,2,-1,0,8,0,0,0,0,1,1,-1,7,1,17,4,-1,-1,-1,-1,10,E01030561,0,2
2025451606608,2025,451606608,1,9,0,-1,6,2,2,-1,0,8,0,0,0,0,3,1,-1,7,1,18,4,-1,-1,-1,-1,7,E01030583,0,2
2025451606619,2025,451606619,4,9,0,-1,19,8,4,-1,0,1,0,0,0,0,1,1,-1,9,1,29,6,-1,-1,-1,-1,10,E01030774,0,1
2025451606619,2025,451606619,1,9,0,-1,3,8,4,-1,0,8,0,0,0,0,2,1,-1,9,2,45,7,-1,-1,-1,-1,9,E01030784,0,1
2025451606619,2025,451606619,2,9,0,-1,19,8,2,-1,0,8,0,0,0,0,1,1,-1,6,1,37,7,-1,-1,-1,-1,8,E01030800,0,1
2025451606619,2025,451606619,3,9,0,-1,3,8,4,-1,0,1,0,0,0,0,2,1,-1,2,2,58,9,-1,-1,-1,-1,10,E01030780,0,1
2025451606630,2025,451606630,1,3,0,-1,19,2,6,-1,0,0,5,0,0,0,1,1,-1,9,1,22,5,-1,-1,-1,-1,5,E01030984,0,1
2025451606641,2025,451606641,1,9,0,-1,7,6,1,-1,0,0,1,10,7,9,1,1,-1,9,1,39,7,-1,-1,-1,-1,4,E01003145,0,4
2025451606666,2025,451606666,2,9,0,-1,19,6,2,-1,0,0,0,0,0,0,4,1,-1,2,1,79,11,-1,-1,-1,-1,10,E01030447,0,2
2025451606666,2025,451606666,1,9,0,-1,19,6,2,-1,0,0,0,0,1,4,3,1,-1,1,1,87,11,-1,-1,-1,-1,10,E01030986,0,1
2025451606723,2025,451606723,4,9,0,-1,3,7,3,-1,0,0,0,0,0,0,2,1,-1,6,2,55,8,-1,-1,-1,-1,10,E01022861,0,3
2025451606723,2025,451606723,1,20,0,-1,4,7,3,-1,0,0,1,0,0,0,1,1,-1,2,1,50,8,-1,-1,-1,-1,9,E01030477,0,2
2025451606723,2025,451606723,3,20,0,-1,3,7,3,-1,0,0,0,0,0,0,2,1,-1,1,1,51,8,-1,-1,-1,-1,5,E01034293,0,1
2025451606723,2025,451606723,2,9,0,-1,3,7,3,-1,0,0,0,0,0,0,2,1,-1,6,1,46,8,-1,-1,-1,-1,7,E01030652,0,2
2025451606798,2025,451606798,1,9,0,-1,19,4,8,-1,0,0,5,0,8,0,1,1,-1,9,1,34,6,-1,-1,-1,-1,4,E01030609,0,1
2025451606798,2025,451606798,2,9,0,-1,19,8,4,-1,0,0,0,0,0,0,1,1,-1,9,2,83,11,-1,-1,-1,-1,9,E01030636,0,1
2025451606800,2025,451606800,2,9,0,-1,19,1,5,-1,0,0,0,0,0,0,0,1,-1,9,1,21,5,-1,-1,-1,-1,6,E01023135,0,3
2025451606800,2025,451606800,1,4,0,-1,19,1,5,-1,0,0,0,0,1,0,1,1,-1,6,1,21,5,-1,-1,-1,-1,10,E01022856,0,3
2025451606823,2025,451606823,2,1,0,-1,19,2,6,-1,0,1,1,0,0,0,1,1,-1,6,1,37,7,-1,-1,-1,-1,5,E01030433,0,3
2025451606823,2025,451606823,1,9,0,-1,6,2,2,-1,0,8,0,0,0,0,3,1,-1,9,1,62,9,-1,-1,-1,-1,9,E01030955,0,2
2025451606951,2025,451606951,1,9,0,-1,19,1,1,-1,0,0,0,0,0,0,3,9,-1,6,1,76,11,-1,-1,-1,-1,7,E01022491,0,4
2025451606951,2025,451606951,3,9,0,-1,19,7,3,-1,0,0,0,0,0,0,2,9,-1,6,1,40,7,-1,-1,-1,-1,-1,-1,0,-1
2025451606951,2025,451606951,2,9,0,-1,12,1,1,-1,0,0,0,0,0,0,4,9,-1,6,1,40,7,-1,-1,-1,-1,-1,-1,0,-1
2025451606962,2025,451606962,2,9,0,-1,19,7,2,-1,0,0,0,0,0,0,1,1,-1,9,1,48,8,-1,-1,-1,-1,3,E01030952,0,1
2025451606962,2025,451606962,1,9,0,-1,19,2,7,-1,0,0,0,0,0,0,1,1,-1,6,2,46,8,-1,-1,-1,-1,8,E01023103,0,3
2025451607241,2025,451607241,1,9,0,-1,4,6,2,-1,0,0,0,0,0,0,0,1,-1,6,2,77,11,-1,-1,-1,-1,5,E01004096,0,4
2025451607306,2025,451607306,2,21,0,-1,19,1,5,-1,0,1,1,0,0,0,1,1,-1,1,1,33,6,-1,-1,-1,-1,6,E01017922,0,4
2025451607306,2025,451607306,1,9,0,-1,6,1,8,-1,0,1,0,0,0,0,3,1,-1,9,1,59,9,-1,-1,-1,-1,7,E01009439,0,5
2025451607371,2025,451607371,1,9,0,-1,5,7,1,-1,0,8,0,0,0,0,2,1,-1,8,-1,-1,-1,-1,-1,-1,-1,7,E01030452,0,2
2025451607371,2025,451607371,2,9,0,-1,19,3,1,-1,0,8,0,0,0,0,1,1,-1,6,1,66,10,-1,-1,-1,-1,7,E01030864,0,1
2025451607428,2025,451607428,1,9,0,-1,19,1,5,-1,0,0,5,10,0,0,4,1,-1,9,2,77,11,-1,-1,-1,-1,9,E01030558,0,1
2025451607451,2025,451607451,1,98,0,-1,-1,-1,-1,-1,-1,0,-1,-1,-1,0,-1,9,-1,6,3,-1,-1,-1,-1,-1,-1,-1,-1,0,-1
2025451607451,2025,451607451,2,5,0,-1,19,8,4,-1,0,0,0,0,0,0,4,1,-1,9,1,36,7,-1,-1,-1,-1,1,W01001746,0,5
2025451607646,2025,451607646,1,9,0,-1,19,-1,-1,-1,-1,8,-1,-1,-1,-1,-1,9,-1,6,3,-1,-1,-1,-1,-1,-1,-1,-1,0,-1
2025451607654,2025,451607654,2,9,0,-1,19,2,7,-1,0,8,0,0,7,4,3,1,-1,1,2,48,8,-1,-1,-1,-1,9,E01031504,0,1
2025451607654,2025,451607654,1,9,0,-1,9,1,6,-1,0,8,0,0,0,0,4,1,-1,1,1,55,8,-1,-1,-1,-1,9,E01030933,0,1
2025451607665,2025,451607665,2,5,0,-1,19,5,1,-1,0,8,1,0,7,11,1,1,-1,6,1,66,10,-1,-1,-1,-1,9,E01030317,0,3
2025451607665,2025,451607665,1,9,0,-1,9,2,5,-1,0,8,0,0,0,0,1,1,-1,9,2,68,10,-1,-1,-1,-1,8,E01030491,0,1
2025451608014,2025,451608014,2,1,0,-1,19,2,3,-1,0,0,0,0,0,0,3,1,-1,9,2,59,9,-1,-1,-1,-1,7,E01030872,0,1
2025451608014,2025,451608014,1,5,0,-1,19,3,7,-1,0,0,0,0,0,0,1,1,-1,9,1,51,8,-1,-1,-1,-1,7,E01030872,0,1
2025451608043,2025,451608043,1,9,0,-1,19,2,6,-1,0,1,0,0,0,0,3,1,-1,6,1,25,5,-1,-1,-1,-1,-1,-1,0,-1
2025451608043,2025,451608043,2,9,0,-1,19,1,5,-1,0,1,0,0,0,0,1,1,-1,6,2,20,4,-1,-1,-1,-1,-1,-1,0,-1
2025451608057,2025,451608057,2,9,0,-1,19,5,2,-1,0,1,0,0,0,0,4,1,-1,9,1,84,11,-1,-1,-1,-1,5,E01030600,0,1
2025451608057,2025,451608057,1,3,0,-1,19,4,1,-1,0,2,1,0,3,1,1,1,-1,9,1,19,4,-1,-1,-1,-1,2,E01030599,0,1
2025451608058,2025,451608058,1,9,0,-1,5,2,6,-1,9,0,0,0,0,0,1,1,-1,6,2,47,8,-1,-1,-1,-1,9,E01030693,0,1
2025451608122,2025,451608122,1,9,0,-1,19,5,1,-1,0,0,0,0,0,0,-1,9,-1,6,2,35,6,-1,-1,-1,-1,10,E01030487,0,1
2025451608166,2025,451608166,1,9,0,-1,19,1,5,-1,0,6,0,0,8,0,3,1,-1,6,1,43,7,-1,-1,-1,-1,9,E01030846,0,1
2025451608179,2025,451608179,1,9,0,-1,19,4,8,-1,0,1,0,0,0,0,4,1,-1,9,2,33,6,-1,-1,-1,-1,7,E01030741,0,1
2025451608191,2025,451608191,3,9,0,-1,19,8,8,-1,0,0,0,2,0,0,1,1,-1,9,1,53,8,-1,-1,-1,-1,5,E01031565,0,4
2025451608191,2025,451608191,1,9,0,-1,2,0,0,-1,-1,0,0,0,0,0,3,1,-1,9,2,37,7,-1,-1,-1,-1,6,E01024830,0,4
2025451608191,2025,451608191,2,9,0,-1,2,0,0,-1,-1,0,0,2,0,0,2,1,-1,9,1,48,8,-1,-1,-1,-1,6,E01024830,0,4
2025451608192,2025,451608192,4,9,0,-1,2,0,0,-1,0,0,0,0,0,0,2,1,-1,2,1,51,8,-1,-1,-1,-1,9,E01031612,0,4
2025451608192,2025,451608192,1,9,0,-1,19,3,3,-1,0,0,0,0,0,0,1,1,-1,1,1,21,5,-1,-1,-1,-1,10,E01031668,0,4
2025451608192,2025,451608192,3,9,0,-1,2,0,0,-1,0,0,0,0,0,0,2,1,-1,9,1,55,8,-1,-1,-1,-1,9,E01030381,0,2
2025451608192,2025,451608192,2,9,0,-1,3,7,3,-1,0,0,0,0,0,0,2,1,-1,9,2,55,8,-1,-1,-1,-1,3,E01014404,0,5
2025451608297,2025,451608297,1,9,0,-1,19,2,6,-1,0,0,0,0,0,0,1,1,-1,6,1,42,7,-1,-1,-1,-1,9,E01030976,0,1
2025451608297,2025,451608297,2,1,0,-1,9,3,1,-1,0,0,0,0,0,0,1,1,-1,6,1,14,3,-1,-1,-1,-1,8,E01030979,0,1
2025451608449,2025,451608449,1,9,0,-1,14,7,3,-1,0,1,0,4,0,0,1,1,-1,9,2,73,10,-1,-1,-1,-1,5,E01031600,0,2
2025451608449,2025,451608449,2,19,0,-1,2,0,0,-1,0,8,0,0,0,0,2,1,-1,1,1,27,6,-1,-1,-1,-1,5,E01031551,0,3
2025451608503,2025,451608503,2,9,0,-1,19,8,4,-1,0,0,0,0,0,0,1,1,-1,6,3,25,5,-1,-1,-1,-1,-1,-1,0,-1
2025451608503,2025,451608503,1,19,0,-1,3,8,4,-1,0,0,0,0,0,0,2,1,-1,1,1,50,8,-1,-1,-1,-1,6,E01030895,0,1
2025451608537,2025,451608537,2,20,0,-1,19,1,1,-1,0,1,0,0,0,0,3,1,-1,1,1,44,7,-1,-1,-1,-1,4,E01030481,0,2
2025451608537,2025,451608537,1,9,0,-1,19,5,5,-1,0,2,0,0,0,0,3,1,-1,1,1,21,5,-1,-1,-1,-1,10,E01030986,0,3
2025451608581,2025,451608581,1,9,0,-1,10,8,4,-1,0,0,0,0,0,0,2,1,-1,6,1,38,7,-1,-1,-1,-1,10,E01030892,0,1
2025451608581,2025,451608581,2,9,0,-1,3,8,4,-1,0,0,0,0,0,0,2,1,-1,6,1,30,6,-1,-1,-1,-1,-1,-1,0,-1
2025451608581,2025,451608581,3,9,0,-1,19,8,4,-1,0,0,0,0,0,0,1,1,-1,6,1,30,6,-1,-1,-1,-1,10,E01022856,0,2
2025451608618,2025,451608618,1,1,0,-1,19,5,1,-1,9,0,0,0,0,0,1,1,-1,6,1,30,6,-1,-1,-1,-1,-1,-1,0,-1
2025451608634,2025,451608634,1,5,0,-1,19,5,1,-1,0,0,2,0,2,4,1,1,-1,9,1,61,9,-1,-1,-1,-1,9,E01003856,0,4
2025451608637,2025,451608637,3,9,0,-1,19,6,2,-1,0,1,0,0,0,0,2,1,-1,1,1,52,8,-1,-1,-1,-1,4,E01030609,0,3
2025451608637,2025,451608637,2,3,0,-1,19,6,2,-1,0,1,0,0,0,0,2,1,-1,9,1,36,7,-1,-1,-1,-1,5,E01030980,0,1
2025451608637,2025,451608637,1,9,0,-1,19,8,2,-1,0,2,0,0,0,0,1,1,-1,9,2,42,7,-1,-1,-1,-1,5,E01030974,0,2
2025451608639,2025,451608639,2,9,0,-1,6,5,1,-1,0,0,0,99,0,0,3,1,-1,6,3,40,7,-1,-1,-1,-1,-1,-1,0,-1
2025451608639,2025,451608639,1,5,0,-1,14,8,6,-1,0,0,0,99,0,0,1,1,-1,2,1,32,6,-1,-1,-1,-1,5,E01022480,0,4
2025451608671,2025,451608671,1,9,0,-1,19,8,2,-1,0,8,0,0,1,2,1,1,-1,9,2,19,4,-1,-1,-1,-1,9,E01030343,0,1
2025451608692,2025,451608692,1,9,0,-1,19,3,1,-1,0,0,0,0,0,0,1,9,-1,9,2,35,6,-1,-1,-1,-1,9,E01030539,0,1
2025451608792,2025,451608792,1,1,0,-1,19,6,2,-1,0,0,5,0,0,0,1,1,-1,9,2,54,8,-1,-1,-1,-1,9,E01030614,0,1
2025451608796,2025,451608796,2,9,0,-1,19,7,3,-1,0,8,0,0,0,0,2,1,-1,6,2,44,7,-1,-1,-1,-1,6,E01030570,0,2
2025451608796,2025,451608796,1,9,0,-1,5,7,3,-1,0,4,0,0,0,0,1,1,-1,6,1,39,7,-1,-1,-1,-1,10,E01035359,0,1
2025451608830,2025,451608830,1,9,0,-1,19,7,4,-1,0,1,0,7,0,0,1,1,-1,9,2,44,7,-1,-1,-1,-1,10,E01030623,0,1
2025451608830,2025,451608830,2,9,0,-1,19,3,7,-1,0,1,0,0,0,0,1,1,-1,9,2,66,10,-1,-1,-1,-1,7,E01030621,0,1
2025451608839,2025,451608839,1,4,0,-1,4,2,6,-1,0,0,2,0,1,11,2,1,-1,6,3,-1,-1,-1,-1,-1,-1,-1,-1,0,-1
2025451608839,2025,451608839,2,9,0,-1,19,1,7,-1,0,0,0,0,0,0,1,1,-1,1,1,39,7,-1,-1,-1,-1,7,E01030452,0,4
2025451608839,2025,451608839,3,9,0,-1,19,2,7,-1,0,0,0,0,0,0,4,1,-1,8,1,39,7,-1,-1,-1,-1,10,E01030435,0,4
2025451608879,2025,451608879,1,9,0,-1,19,8,1,-1,0,0,1,0,0,0,1,1,-1,9,1,43,7,-1,-1,-1,-1,3,E01014564,0,5
2025451608880,2025,451608880,2,11,0,-1,2,0,0,-1,0,8,0,0,0,0,0,1,-1,1,1,32,6,-1,-1,-1,-1,4,E01002589,0,2
2025451608880,2025,451608880,1,9,0,-1,14,1,1,-1,0,8,0,0,0,0,4,1,-1,2,1,57,9,-1,-1,-1,-1,3,E01030745,0,1
2025451608888,2025,451608888,4,9,0,-1,4,8,4,-1,0,0,0,0,0,0,2,1,-1,9,1,63,9,-1,-1,-1,-1,7,E01030472,0,3
2025451608888,2025,451608888,6,9,0,-1,19,4,4,-1,0,0,0,0,3,0,1,1,-1,2,1,45,7,-1,-1,-1,-1,5,E01023095,0,1
2025451608888,2025,451608888,2,9,0,-1,4,4,4,-1,0,0,0,0,0,0,2,1,-1,9,2,57,9,-1,-1,-1,-1,10,E01022867,0,2
2025451608888,2025,451608888,1,9,0,-1,3,8,4,-1,0,0,0,0,0,0,0,1,-1,9,1,28,6,-1,-1,-1,-1,8,E01016250,0,3
2025451608888,2025,451608888,5,9,0,-1,3,8,4,-1,0,0,0,0,0,0,2,1,-1,9,1,52,8,-1,-1,-1,-1,3,E01003588,0,4
2025451608888,2025,451608888,3,9,0,-1,4,4,4,-1,0,0,0,0,0,0,2,1,-1,9,1,53,8,-1,-1,-1,-1,10,E01023112,0,1
2025451608964,2025,451608964,1,9,0,-1,19,7,3,-1,0,8,0,0,0,0,3,1,-1,2,1,39,7,-1,-1,-1,-1,7,E01016680,0,4
2025451608964,2025,451608964,2,9,0,-1,19,5,1,-1,99,1,9,0,9,99,1,1,-1,6,3,29,6,-1,-1,-1,-1,-1,-1,0,-1
2025451608974,2025,451608974,1,9,0,-1,19,5,8,-1,0,0,1,0,1,11,1,1,-1,6,1,19,4,-1,-1,-1,-1,10,E01004190,0,1
2025451608977,2025,451608977,2,4,0,-1,2,0,0,-1,9,1,0,0,0,0,4,1,-1,6,-1,-1,-1,-1,-1,-1,-1,-1,-1,0,-1
2025451608977,2025,451608977,1,9,0,-1,1,8,2,-1,-1,1,0,0,1,11,2,1,-1,9,1,87,11,-1,-1,-1,-1,8,E01030298,0,2
2025451608996,2025,451608996,1,5,0,-1,19,1,5,-1,0,0,2,0,1,1,1,1,-1,6,1,25,5,-1,-1,-1,-1,9,E01004133,0,4
2025451609077,2025,451609077,1,5,0,-1,19,1,5,-1,0,2,0,0,0,0,1,1,-1,9,1,54,8,-1,-1,-1,-1,4,E01031859,0,4
2025451609206,2025,451609206,1,1,0,-1,19,7,3,-1,4,0,0,99,0,0,1,1,-1,6,1,40,7,-1,-1,-1,-1,7,E01002918,0,3
2025451609206,2025,451609206,2,9,0,-1,7,7,3,-1,0,0,9,99,0,0,4,1,-1,6,3,50,8,-1,-1,-1,-1,-1,-1,0,-1
2025451609208,2025,451609208,2,1,0,-1,19,3,4,-1,0,0,0,0,0,0,1,1,-1,6,1,45,7,-1,-1,-1,-1,5,E01030819,0,1
2025451609208,2025,451609208,1,9,0,-1,19,1,5,-1,0,0,1,0,0,0,3,1,-1,6,1,55,8,-1,-1,-1,-1,8,E01030823,0,1
2025451609347,2025,451609347,2,9,0,-1,19,4,8,-1,0,0,0,0,0,0,1,1,-1,6,2,35,6,-1,-1,-1,-1,-1,-1,0,-1
2025451609347,2025,451609347,1,9,0,-1,3,4,8,-1,0,0,0,0,0,0,2,1,-1,1,3,40,7,-1,-1,-1,-1,-1,-1,0,-1
2025451609460,2025,451609460,1,1,0,-1,19,8,3,-1,0,0,5,0,0,0,4,1,-1,2,1,51,8,-1,-1,-1,-1,8,E01030647,0,1
2025451609460,2025,451609460,2,9,0,-1,19,7,3,-1,0,0,0,0,0,0,4,1,-1,6,1,60,9,-1,-1,-1,-1,6,E01002636,0,3
2025451609579,2025,451609579,1,5,0,-1,19,3,7,-1,0,0,2,0,0,0,4,1,-1,6,1,30,6,-1,-1,-1,-1,10,E01031650,0,4
2025451609579,2025,451609579,2,9,0,-1,12,3,7,-1,0,0,0,0,0,0,3,1,-1,6,1,33,6,-1,-1,-1,-1,5,E01000468,0,4
2025451609591,2025,451609591,2,9,0,-1,10,2,6,-1,0,1,0,0,0,0,1,1,-1,6,2,54,8,-1,-1,-1,-1,6,E01030550,0,1
2025451609591,2025,451609591,1,1,0,-1,19,5,1,-1,0,1,0,0,0,0,3,1,-1,6,1,48,8,-1,-1,-1,-1,6,E01032740,0,4
2025451609619,2025,451609619,1,9,0,-1,4,5,1,-1,0,0,0,0,0,0,3,1,-1,1,1,46,8,-1,-1,-1,-1,5,E01030971,0,1
2025451609619,2025,451609619,2,3,0,-1,14,5,1,-1,0,0,5,0,0,0,1,1,-1,1,2,24,5,-1,-1,-1,-1,9,E01032852,0,4
2025451609685,2025,451609685,2,1,0,-1,19,1,6,-1,0,8,0,0,0,0,1,1,-1,1,1,35,6,-1,-1,-1,-1,9,E01030485,0,1
2025451609685,2025,451609685,1,9,0,-1,19,6,2,-1,0,1,1,0,0,0,1,1,-1,9,1,34,6,-1,-1,-1,-1,10,E01030468,0,1
2025451609765,2025,451609765,2,9,0,-1,4,7,3,-1,0,1,0,0,0,0,3,1,-1,6,2,45,7,-1,-1,-1,-1,10,E01032624,0,1
2025451609765,2025,451609765,1,5,0,-1,13,7,3,-1,0,1,0,0,0,0,4,1,-1,2,1,59,9,-1,-1,-1,-1,10,E01004114,0,1
2025451609766,2025,451609766,2,9,0,-1,19,2,6,-1,0,1,0,0,0,0,1,1,-1,1,1,19,4,-1,-1,-1,-1,9,E01002978,0,3
2025451609766,2025,451609766,1,9,0,-1,19,4,8,-1,0,1,0,0,0,0,3,1,-1,9,1,46,8,-1,-1,-1,-1,9,E01030997,0,1
2025451609774,2025,451609774,1,9,0,-1,19,4,8,-1,0,2,0,0,0,0,4,1,-1,9,1,60,9,-1,-1,-1,-1,4,E01030739,0,1
2025451609776,2025,451609776,2,9,0,-1,5,2,6,-1,0,8,0,0,0,0,3,1,-1,9,1,42,7,-1,-1,-1,-1,9,E01030299,0,1
2025451609776,2025,451609776,1,9,0,-1,19,7,3,-1,0,8,0,0,0,0,1,1,-1,9,2,55,8,-1,-1,-1,-1,8,E01004170,0,3
2025451609777,2025,451609777,1,9,0,-1,3,8,8,-1,0,0,0,0,0,0,2,1,-1,9,1,45,7,-1,-1,-1,-1,7,E01030722,0,1
2025451609777,2025,451609777,4,9,0,-1,5,6,2,-1,0,0,0,0,0,0,1,1,-1,2,1,28,6,-1,-1,-1,-1,5,E01017907,0,4
2025451609777,2025,451609777,3,9,0,-1,4,4,8,-1,0,0,0,0,0,0,2,1,-1,2,2,47,8,-1,-1,-1,-1,4,E01002596,0,1
2025451609777,2025,451609777,2,19,0,-1,4,4,8,-1,0,0,0,0,0,0,2,1,-1,2,1,39,7,-1,-1,-1,-1,7,E01030722,0,1
2025451611022,2025,451611022,1,9,0,-1,19,6,2,-1,0,0,0,0,0,0,1,1,-1,6,3,30,6,-1,-1,-1,-1,-1,-1,0,-1
2025451613920,2025,451613920,1,9,0,-1,-1,-1,-1,-1,-1,0,-1,-1,-1,0,-1,1,-1,6,2,48,8,-1,-1,-1,-1,3,E01030385,0,1
2025451613920,2025,451613920,2,9,0,-1,-1,-1,-1,-1,-1,0,-1,-1,-1,0,-1,1,-1,6,3,-1,-1,-1,-1,-1,-1,-1,-1,0,-1
2025451614481,2025,451614481,1,9,0,-1,5,6,2,-1,0,8,0,0,0,0,3,1,-1,9,1,72,10,-1,-1,-1,-1,7,E01030423,0,1
2025451614481,2025,451614481,2,4,0,-1,11,5,2,-1,0,8,0,0,0,0,4,1,-1,9,1,33,6,-1,-1,-1,-1,9,E01030893,0,1
2025451622390,2025,451622390,1,9,0,-1,19,3,2,-1,0,0,0,0,0,0,3,1,-1,9,1,21,5,-1,-1,-1,-1,10,E01016589,0,1
2025451622390,2025,451622390,2,9,0,-1,19,6,2,-1,0,0,0,0,0,0,1,1,-1,9,1,18,4,-1,-1,-1,-1,7,E01013022,0,5
2025461536633,2025,461536633,2,9,0,-1,19,1,5,-1,9,0,0,10,1,11,1,1,-1,9,1,20,4,-1,-1,-1,-1,7,E01033213,0,3
2025461536633,2025,461536633,1,9,0,-1,9,5,1,-1,9,0,0,0,7,0,1,1,-1,9,1,82,11,-1,-1,-1,-1,9,E01024044,0,1
2025461536644,2025,461536644,1,8,0,-1,19,7,1,-1,0,2,0,0,0,0,1,1,-1,6,1,49,8,-1,-1,-1,-1,7,E01016123,0,3
2025461536647,2025,461536647,1,9,0,-1,19,1,5,-1,0,4,0,0,0,0,1,1,-1,9,1,29,6,-1,-1,-1,-1,2,E01034478,0,3
2025461536647,2025,461536647,2,9,0,-1,19,1,5,-1,0,4,1,0,1,10,2,1,-1,9,1,48,8,-1,-1,-1,-1,5,E01035270,0,1
2025461536778,2025,461536778,1,9,0,-1,19,4,8,-1,0,0,0,0,0,0,1,9,-1,6,1,52,8,-1,-1,-1,-1,2,E01023973,0,1
2025461537078,2025,461537078,2,9,0,-1,9,7,6,-1,0,1,1,0,0,0,1,1,-1,9,1,18,4,-1,-1,-1,-1,5,E01024400,0,1
2025461537078,2025,461537078,1,9,0,-1,19,6,8,-1,0,1,1,4,3,0,1,1,-1,6,1,37,7,-1,-1,-1,-1,5,E01000454,0,4
2025461537142,2025,461537142,2,1,0,-1,19,2,6,-1,0,1,0,0,0,0,2,1,-1,2,1,30,6,-1,-1,-1,-1,6,E01024022,0,1
2025461537142,2025,461537142,1,9,0,-1,19,8,4,-1,0,1,0,0,0,0,1,1,-1,1,1,65,9,-1,-1,-1,-1,7,E01024362,0,3
2025461537288,2025,461537288,1,9,0,-1,9,6,4,-1,0,8,0,0,0,0,4,1,-1,6,1,64,9,-1,-1,-1,-1,7,E01016119,0,1
2025461537363,2025,461537363,2,9,0,-1,3,2,6,-1,0,1,0,0,0,0,2,1,-1,9,2,72,10,-1,-1,-1,-1,7,E01024127,0,4