collision_index,collision_year,collision_ref_no,vehicle_reference,vehicle_type,towing_and_articulation,vehicle_manoeuvre_historic,vehicle_manoeuvre,vehicle_direction_from,vehicle_direction_to,vehicle_location_restricted_lane_historic,vehicle_location_restricted_lane,junction_location,skidding_and_overturning,hit_object_in_carriageway,vehicle_leaving_carriageway,hit_object_off_carriageway,first_point_of_impact,vehicle_left_hand_drive,journey_purpose_of_driver_historic,journey_purpose_of_driver,sex_of_driver,age_of_driver,age_band_of_driver,engine_capacity_cc,propulsion_code,age_of_vehicle,generic_make_model,driver_imd_decile,lsoa_of_driver,escooter_flag,driver_distance_banding
2025461537363,2025,461537363,1,9,0,-1,19,2,5,-1,0,1,0,0,0,0,1,1,-1,9,1,76,11,-1,-1,-1,-1,4,E01024492,0,1
2025461537421,2025,461537421,1,9,0,-1,19,7,3,-1,0,0,1,0,2,2,4,1,-1,2,2,35,6,-1,-1,-1,-1,5,E01024110,0,2
2025461537440,2025,461537440,1,9,0,-1,19,6,2,-1,0,0,5,4,0,0,1,1,-1,9,1,82,11,-1,-1,-1,-1,6,E01016134,0,1
2025461537440,2025,461537440,2,9,0,-1,2,0,0,-1,0,0,0,0,0,0,2,1,-1,6,-1,-1,-1,-1,-1,-1,-1,-1,-1,0,-1
2025461537453,2025,461537453,1,3,0,-1,19,3,7,-1,0,0,1,0,0,0,0,1,-1,2,1,26,6,-1,-1,-1,-1,6,E01034989,0,1
2025461537492,2025,461537492,1,19,0,-1,19,4,1,-1,0,1,0,0,0,0,3,1,-1,1,1,62,9,-1,-1,-1,-1,9,E01024720,0,1
2025461537508,2025,461537508,1,9,0,-1,4,3,7,-1,0,0,0,0,0,0,3,1,-1,6,1,20,4,-1,-1,-1,-1,-1,-1,0,-1
2025461537508,2025,461537508,2,21,1,-1,3,3,7,-1,0,0,0,0,1,0,3,1,-1,1,1,57,9,-1,-1,-1,-1,7,E01024569,0,4
2025461537512,2025,461537512,2,9,0,-1,3,4,8,-1,0,0,0,0,0,0,1,1,-1,2,2,18,4,-1,-1,-1,-1,7,E01024274,0,1
2025461537512,2025,461537512,1,9,0,-1,19,8,4,-1,0,0,2,0,0,0,1,1,-1,9,1,18,4,-1,-1,-1,-1,3,E01016173,0,3
2025461537519,2025,461537519,2,5,0,-1,13,6,2,-1,0,1,2,0,7,0,1,1,-1,9,1,55,8,-1,-1,-1,-1,4,E01024087,0,2
2025461537519,2025,461537519,1,9,0,-1,9,6,4,-1,0,1,0,0,0,0,3,1,-1,9,1,41,7,-1,-1,-1,-1,3,E01024099,0,1
2025461537597,2025,461537597,2,9,0,-1,19,2,6,-1,0,0,0,0,0,0,1,2,-1,2,1,47,8,-1,-1,-1,-1,8,E01024255,0,1
2025461537597,2025,461537597,1,9,0,-1,6,4,8,-1,0,0,0,0,0,0,2,2,-1,9,2,42,7,-1,-1,-1,-1,10,E01024443,0,4
2025461537611,2025,461537611,1,9,0,-1,5,3,7,-1,0,4,0,0,0,0,1,1,-1,9,2,28,6,-1,-1,-1,-1,4,E01034368,0,2
2025461537611,2025,461537611,2,2,0,-1,19,1,5,-1,0,3,2,0,0,0,4,1,-1,9,1,42,7,-1,-1,-1,-1,4,E01000406,0,1
2025461537639,2025,461537639,1,2,0,-1,9,1,6,-1,0,3,1,0,0,0,4,1,-1,2,1,29,6,-1,-1,-1,-1,1,E01024616,0,1
2025461537642,2025,461537642,1,9,0,-1,4,7,3,-1,0,1,0,0,0,0,1,1,-1,9,1,70,10,-1,-1,-1,-1,6,E01024578,0,1
2025461537646,2025,461537646,1,9,0,-1,19,5,1,-1,0,1,0,0,0,0,1,1,-1,6,-1,-1,-1,-1,-1,-1,-1,-1,-1,0,-1
2025461537694,2025,461537694,3,9,0,-1,2,0,0,-1,0,0,0,0,1,11,1,1,-1,6,-1,-1,-1,-1,-1,-1,-1,-1,-1,0,-1
2025461537694,2025,461537694,2,9,0,-1,2,0,0,-1,0,0,0,0,0,0,4,1,-1,6,-1,-1,-1,-1,-1,-1,-1,-1,-1,0,-1
2025461537694,2025,461537694,1,9,0,-1,19,1,5,-1,0,0,0,4,0,0,1,1,-1,9,1,26,6,-1,-1,-1,-1,4,E01016143,0,3
2025461537705,2025,461537705,1,9,0,-1,9,7,3,-1,0,5,0,0,0,0,4,1,-1,2,2,25,5,-1,-1,-1,-1,5,E01016149,0,1
2025461537777,2025,461537777,1,9,0,-1,19,5,1,-1,0,0,0,0,1,0,4,1,-1,9,1,61,9,-1,-1,-1,-1,7,E01033213,0,4
2025461537851,2025,461537851,2,9,0,-1,19,1,1,-1,0,0,5,0,1,0,3,1,-1,9,1,72,10,-1,-1,-1,-1,8,E01021098,0,4
2025461537851,2025,461537851,1,9,0,-1,19,1,1,-1,0,0,1,0,0,0,4,1,-1,9,2,39,7,-1,-1,-1,-1,8,E01024750,0,1
2025461537867,2025,461537867,1,9,0,-1,19,2,6,-1,0,0,0,0,0,0,1,1,-1,2,1,20,4,-1,-1,-1,-1,5,E01033091,0,1
2025461537909,2025,461537909,2,3,0,-1,19,3,7,-1,0,1,2,0,0,0,1,1,-1,2,1,42,7,-1,-1,-1,-1,4,E01035314,0,2
2025461537909,2025,461537909,1,9,0,-1,7,5,1,-1,0,1,0,0,0,0,1,1,-1,6,3,-1,-1,-1,-1,-1,-1,-1,-1,0,-1
2025461537956,2025,461537956,2,3,0,-1,19,6,2,-1,0,1,2,0,0,0,1,1,-1,9,1,19,4,-1,-1,-1,-1,2,E01024246,0,1
2025461537956,2025,461537956,1,9,0,-1,5,6,2,-1,0,1,0,0,0,0,2,1,-1,9,2,46,8,-1,-1,-1,-1,5,E01024216,0,1
2025461538003,2025,461538003,1,9,0,-1,19,4,1,-1,0,0,0,0,1,3,4,1,-1,9,2,40,7,-1,-1,-1,-1,-1,-1,0,-1
2025461538225,2025,461538225,1,9,0,-1,19,2,6,-1,0,1,0,0,0,0,3,1,-1,9,2,39,7,-1,-1,-1,-1,2,E01024717,0,3
2025461538225,2025,461538225,2,9,0,-1,9,3,8,-1,0,1,0,0,0,0,2,1,-1,9,2,47,8,-1,-1,-1,-1,5,E01024815,0,1
2025461538280,2025,461538280,1,9,0,-1,19,3,7,-1,0,0,0,0,0,0,1,1,-1,2,1,43,7,-1,-1,-1,-1,7,E01024780,0,1
2025461538308,2025,461538308,1,9,0,-1,19,1,5,-1,0,0,0,0,0,0,4,1,-1,9,1,22,5,-1,-1,-1,-1,2,E01024476,0,2
2025461538321,2025,461538321,1,9,0,-1,19,1,5,-1,0,8,1,11,0,0,1,1,-1,9,2,21,5,-1,-1,-1,-1,5,E01016029,0,4
2025461538321,2025,461538321,2,9,4,-1,19,3,7,-1,0,1,3,11,2,0,3,1,-1,1,1,31,6,-1,-1,-1,-1,1,E01016019,0,4
2025461538361,2025,461538361,1,9,0,-1,19,8,4,-1,0,0,0,0,1,3,1,1,-1,6,1,35,6,-1,-1,-1,-1,9,E01024376,0,3
2025461538371,2025,461538371,1,98,4,-1,19,2,2,-1,0,0,0,7,7,2,1,2,-1,1,1,45,7,-1,-1,-1,-1,1,E01014118,0,5
2025461538371,2025,461538371,2,9,0,-1,19,6,6,-1,0,0,0,0,0,0,0,1,-1,9,1,49,8,-1,-1,-1,-1,1,E01024049,0,1
2025461538400,2025,461538400,1,9,0,-1,4,1,5,-1,0,0,1,0,0,0,1,1,-1,9,1,58,9,-1,-1,-1,-1,6,E01024406,0,3
2025461538535,2025,461538535,1,9,0,-1,15,1,6,-1,0,0,1,10,1,0,1,1,-1,9,1,22,5,-1,-1,-1,-1,9,E01024386,0,1
2025461538535,2025,461538535,2,9,0,-1,19,5,2,-1,0,0,1,0,0,0,1,1,-1,7,2,22,5,-1,-1,-1,-1,3,E01034992,0,1
2025461538561,2025,461538561,1,9,0,-1,5,3,7,-1,0,2,0,0,0,0,1,9,-1,6,1,51,8,-1,-1,-1,-1,7,E01024350,0,1
2025461538561,2025,461538561,2,1,0,-1,19,3,7,-1,0,1,0,0,0,0,4,1,-1,2,1,27,6,-1,-1,-1,-1,-1,-1,0,-1
2025461538572,2025,461538572,2,9,0,-1,19,4,2,-1,0,8,1,0,1,0,4,1,-1,1,2,41,7,-1,-1,-1,-1,6,E01024700,0,1
2025461538572,2025,461538572,1,9,0,-1,9,8,6,-1,0,6,0,0,0,0,1,1,-1,9,2,69,10,-1,-1,-1,-1,6,E01024709,0,1
2025461538618,2025,461538618,1,9,0,-1,19,7,3,-1,0,2,0,0,0,0,1,1,-1,2,1,39,7,-1,-1,-1,-1,8,E01024343,0,1
2025461538618,2025,461538618,2,9,0,-1,9,3,7,-1,0,1,0,0,0,0,1,1,-1,9,2,60,9,-1,-1,-1,-1,7,E01024743,0,2
2025461538625,2025,461538625,1,9,0,-1,19,6,2,-1,0,0,0,0,1,0,1,1,-1,6,1,18,4,-1,-1,-1,-1,7,E01024789,0,2
2025461538625,2025,461538625,2,9,0,-1,19,2,6,-1,0,0,0,7,1,10,1,1,-1,6,1,61,9,-1,-1,-1,-1,7,E01021110,0,4
2025461538668,2025,461538668,1,19,0,-1,4,4,4,-1,0,0,1,0,0,0,1,1,-1,1,1,26,6,-1,-1,-1,-1,3,E01024264,0,2
2025461538668,2025,461538668,2,9,0,-1,4,4,4,-1,0,0,0,0,0,0,2,1,-1,2,1,25,5,-1,-1,-1,-1,1,E01007708,0,5
2025461538728,2025,461538728,1,9,0,-1,19,8,4,-1,0,0,1,11,0,0,1,1,-1,2,1,21,5,-1,-1,-1,-1,5,E01023985,0,3
2025461538733,2025,461538733,2,9,0,-1,19,5,1,-1,0,0,0,0,0,0,3,1,-1,9,2,37,7,-1,-1,-1,-1,6,E01023988,0,2
2025461538733,2025,461538733,1,9,0,-1,19,1,5,-1,0,0,1,10,2,0,1,1,-1,9,2,74,10,-1,-1,-1,-1,7,E01024003,0,1
2025461538737,2025,461538737,1,9,0,-1,19,3,7,-1,0,0,2,0,0,0,1,1,-1,9,2,78,11,-1,-1,-1,-1,4,E01023998,0,1
2025461538738,2025,461538738,1,9,0,-1,9,5,3,-1,0,2,0,0,0,0,3,1,-1,9,1,71,10,-1,-1,-1,-1,9,E01023983,0,1
2025461538738,2025,461538738,2,9,0,-1,19,3,7,-1,0,1,0,0,0,0,1,1,-1,9,2,77,11,-1,-1,-1,-1,6,E01034988,0,2
2025461538804,2025,461538804,1,9,0,-1,5,-1,-1,-1,9,-1,0,0,1,0,4,9,-1,6,1,49,8,-1,-1,-1,-1,4,E01016141,0,1
2025461538826,2025,461538826,2,9,0,-1,3,-1,-1,-1,0,0,0,0,0,0,2,9,-1,6,2,78,11,-1,-1,-1,-1,10,E01016085,0,1
2025461538826,2025,461538826,1,9,0,-1,3,-1,-1,-1,0,0,0,0,0,0,1,9,-1,6,2,32,6,-1,-1,-1,-1,3,E01024583,0,3
2025461538961,2025,461538961,2,9,0,-1,19,1,5,-1,0,0,1,0,0,0,3,9,-1,1,2,48,8,-1,-1,-1,-1,5,E01024207,0,4
2025461538961,2025,461538961,1,9,0,-1,9,7,3,-1,0,0,0,0,0,0,3,9,-1,6,1,53,8,-1,-1,-1,-1,7,E01035286,0,2
2025461539036,2025,461539036,1,3,0,-1,19,1,5,-1,0,0,1,0,1,11,1,1,-1,6,1,17,4,-1,-1,-1,-1,7,E01016028,0,1
2025461539159,2025,461539159,1,9,0,-1,9,5,3,-1,0,1,0,0,0,0,1,1,-1,9,1,68,10,-1,-1,-1,-1,4,E01024162,0,1
2025461539169,2025,461539169,1,9,0,-1,9,1,6,-1,0,6,0,0,0,0,4,1,-1,6,1,60,9,-1,-1,-1,-1,8,E01024822,0,1
2025461539169,2025,461539169,2,3,0,-1,19,3,7,-1,0,1,5,0,1,0,1,1,-1,6,1,25,5,-1,-1,-1,-1,6,E01024332,0,4
2025461539171,2025,461539171,1,1,0,-1,19,2,4,-1,9,8,1,0,2,10,1,1,-1,2,1,18,4,-1,-1,-1,-1,2,E01016024,0,1
2025461539174,2025,461539174,1,1,0,-1,5,1,5,-1,0,0,2,0,0,0,1,1,-1,9,1,59,9,-1,-1,-1,-1,6,E01024457,0,1
2025461539276,2025,461539276,2,9,0,-1,19,3,1,-1,0,0,0,0,0,0,2,9,-1,9,2,22,5,-1,-1,-1,-1,5,E01024571,0,3
2025461539276,2025,461539276,1,9,0,-1,19,5,1,-1,0,0,0,0,0,0,1,9,-1,6,1,55,8,-1,-1,-1,-1,2,E01016159,0,3
2025461539428,2025,461539428,2,9,0,-1,19,5,3,-1,0,2,0,0,0,0,3,1,-1,6,2,65,9,-1,-1,-1,-1,7,E01024224,0,1
2025461539428,2025,461539428,1,9,0,-1,5,2,1,-1,0,2,0,0,0,0,1,1,-1,6,1,79,11,-1,-1,-1,-1,7,E01024224,0,1
2025461539435,2025,461539435,1,9,0,-1,19,5,1,-1,0,0,0,0,0,0,1,1,-1,6,1,24,5,-1,-1,-1,-1,7,E01024242,0,2
2025461539435,2025,461539435,2,9,0,-1,19,1,5,-1,0,0,0,0,0,0,1,1,-1,6,2,43,7,-1,-1,-1,-1,1,E01024687,0,1
2025461539571,2025,461539571,4,9,0,-1,2,7,7,-1,9,0,0,0,0,0,3,2,-1,6,2,51,8,-1,-1,-1,-1,9,E01024757,0,1
2025461539571,2025,461539571,3,9,0,-1,19,7,3,-1,0,0,0,0,0,0,3,2,-1,9,2,52,8,-1,-1,-1,-1,4,E01024776,0,1
2025461539571,2025,461539571,1,9,0,-1,19,3,7,-1,0,0,0,4,0,0,3,2,-1,9,1,88,11,-1,-1,-1,-1,6,E01024729,0,1
2025461539571,2025,461539571,2,9,0,-1,19,7,3,-1,0,0,0,0,0,0,3,2,-1,1,1,43,7,-1,-1,-1,-1,5,E01000330,0,4
2025461539571,2025,461539571,5,9,0,-1,19,7,3,-1,0,0,0,0,0,0,1,2,-1,2,2,58,9,-1,-1,-1,-1,7,E01024403,0,3
2025461539627,2025,461539627,1,98,0,-1,19,1,3,-1,0,0,0,0,7,0,1,1,-1,1,1,48,8,-1,-1,-1,-1,3,E01024001,0,1
2025461539658,2025,461539658,1,9,0,-1,19,1,5,-1,0,1,0,0,7,0,3,1,-1,6,1,43,7,-1,-1,-1,-1,8,E01024414,0,1
2025461539661,2025,461539661,2,9,0,-1,19,6,2,-1,0,0,0,0,0,0,1,1,-1,1,1,24,5,-1,-1,-1,-1,1,E01021005,0,4
2025461539661,2025,461539661,1,9,0,-1,12,2,6,-1,0,0,0,0,0,0,1,1,-1,6,1,43,7,-1,-1,-1,-1,7,E01024794,0,1
2025461539671,2025,461539671,1,9,0,-1,6,3,7,-1,0,0,0,0,0,0,1,1,-1,9,1,44,7,-1,-1,-1,-1,3,E01024501,0,2
2025461539671,2025,461539671,2,9,0,-1,19,3,7,-1,0,0,0,0,0,0,1,1,-1,9,1,54,8,-1,-1,-1,-1,2,E01024549,0,2
2025461539689,2025,461539689,2,9,0,-1,19,3,7,-1,0,0,0,0,0,0,1,1,-1,6,2,52,8,-1,-1,-1,-1,7,E01032820,0,1
2025461539689,2025,461539689,1,9,0,-1,19,7,3,-1,0,0,2,0,0,0,1,1,-1,6,2,22,5,-1,-1,-1,-1,5,E01024033,0,1
2025461539839,2025,461539839,2,5,0,-1,19,4,1,-1,0,1,0,0,0,0,1,1,-1,9,1,28,6,-1,-1,-1,-1,6,E01024301,0,2
2025461539839,2025,461539839,1,9,0,-1,9,1,7,-1,0,5,0,0,0,0,4,1,-1,9,2,84,11,-1,-1,-1,-1,7,E01024285,0,1
2025461539864,2025,461539864,1,9,0,-1,19,7,4,-1,0,0,1,0,1,3,1,1,-1,6,2,24,5,-1,-1,-1,-1,10,E01021151,0,3
2025461539890,2025,461539890,1,9,0,-1,19,1,5,-1,0,5,0,0,0,0,1,1,-1,6,2,32,6,-1,-1,-1,-1,8,E01024440,0,1
2025461539890,2025,461539890,2,9,0,-1,4,3,7,-1,0,5,0,0,0,0,4,1,-1,1,2,60,9,-1,-1,-1,-1,8,E01024750,0,3
2025461539928,2025,461539928,1,9,0,-1,19,2,4,-1,0,0,1,0,0,0,4,1,-1,1,1,37,7,-1,-1,-1,-1,2,E01033212,0,1
2025461539928,2025,461539928,2,9,0,-1,19,4,2,-1,0,0,0,0,0,0,4,1,-1,6,2,75,10,-1,-1,-1,-1,7,E01033213,0,1
2025461539992,2025,461539992,1,98,0,-1,1,7,1,-1,0,1,0,0,0,0,2,1,-1,6,1,50,8,-1,-1,-1,-1,4,E01024702,0,1
2025461540003,2025,461540003,1,9,0,-1,19,1,5,-1,0,0,2,0,0,0,1,1,-1,9,2,75,10,-1,-1,-1,-1,2,E01033215,0,3
2025461540007,2025,461540007,1,9,0,-1,19,1,5,-1,0,6,0,0,1,11,1,1,-1,6,1,37,7,-1,-1,-1,-1,3,E01024090,0,4
2025461540040,2025,461540040,1,9,0,-1,5,6,1,-1,0,8,0,0,0,0,1,1,-1,9,1,28,6,-1,-1,-1,-1,1,E01024676,0,1
2025461540040,2025,461540040,2,3,0,-1,19,4,1,-1,0,1,0,0,0,0,1,1,-1,9,1,18,4,-1,-1,-1,-1,2,E01024664,0,1
2025461540086,2025,461540086,1,9,0,-1,19,7,3,-1,0,0,2,0,1,9,1,1,-1,6,1,26,6,-1,-1,-1,-1,1,E01035301,0,1
2025461540288,2025,461540288,1,9,0,-1,19,5,1,-1,0,0,1,0,7,0,1,1,-1,6,2,74,10,-1,-1,-1,-1,5,E01024075,0,1
2025461540304,2025,461540304,2,9,0,-1,19,1,5,-1,0,0,0,0,7,0,1,1,-1,9,2,56,9,-1,-1,-1,-1,7,E01024121,0,1
2025461540304,2025,461540304,1,9,0,-1,5,3,1,-1,0,0,0,0,0,0,1,1,-1,2,1,26,6,-1,-1,-1,-1,2,E01024633,0,4
2025461540422,2025,461540422,1,9,0,-1,19,4,8,-1,0,2,1,0,1,0,1,1,-1,6,1,18,4,-1,-1,-1,-1,9,E01024754,0,2
2025461540561,2025,461540561,1,9,0,-1,5,3,0,-1,0,0,0,0,0,0,1,1,-1,9,1,65,9,-1,-1,-1,-1,8,E01016027,0,1
2025461540576,2025,461540576,1,9,0,-1,19,7,1,-1,0,2,1,0,0,0,1,1,-1,6,1,49,8,-1,-1,-1,-1,7,E01024839,0,1
2025461540576,2025,461540576,2,9,0,-1,19,5,3,-1,0,8,0,0,0,0,1,1,-1,7,2,18,4,-1,-1,-1,-1,7,E01024839,0,1
2025461540672,2025,461540672,1,9,0,-1,19,3,7,-1,0,0,1,0,0,0,3,1,-1,1,1,51,8,-1,-1,-1,-1,7,E01024689,0,1
2025461540672,2025,461540672,2,9,0,-1,13,3,7,-1,0,0,0,0,0,0,1,1,-1,6,1,41,7,-1,-1,-1,-1,4,E01024190,0,3
2025461540678,2025,461540678,2,9,0,-1,19,7,3,-1,0,0,0,0,0,0,1,1,-1,6,1,64,9,-1,-1,-1,-1,2,E01035683,0,4
2025461540678,2025,461540678,1,9,0,-1,19,3,7,-1,0,0,0,0,0,0,1,1,-1,1,1,30,6,-1,-1,-1,-1,5,E01000467,0,3
2025461540699,2025,461540699,1,9,0,-1,19,3,7,-1,0,4,0,9,8,11,1,1,-1,6,1,44,7,-1,-1,-1,-1,2,E01024249,0,3
2025461540716,2025,461540716,2,-1,0,-1,-1,-1,-1,-1,-1,0,-1,-1,-1,0,-1,1,-1,6,2,53,8,-1,-1,-1,-1,5,E01024520,0,1
2025461540716,2025,461540716,1,9,0,-1,2,0,0,-1,0,0,0,0,0,0,-1,9,-1,6,3,-1,-1,-1,-1,-1,-1,-1,-1,0,-1
2025461540799,2025,461540799,1,9,0,-1,10,4,6,-1,0,1,1,0,1,0,2,1,-1,2,1,30,6,-1,-1,-1,-1,7,E01032817,0,1
2025461540799,2025,461540799,2,9,0,-1,19,8,8,-1,0,1,0,0,0,0,1,1,-1,2,2,38,7,-1,-1,-1,-1,5,E01024005,0,1
2025461540803,2025,461540803,1,9,0,-1,19,5,1,-1,0,1,0,0,0,0,1,9,-1,6,1,59,9,-1,-1,-1,-1,8,E01000390,0,4
2025461540820,2025,461540820,1,9,0,-1,9,1,5,-1,0,8,0,0,0,0,4,1,-1,9,2,23,5,-1,-1,-1,-1,9,E01032813,0,1
2025461540820,2025,461540820,2,9,0,-1,19,4,8,-1,0,5,0,0,1,0,1,1,-1,9,2,34,6,-1,-1,-1,-1,6,E01024016,0,1
2025461540876,2025,461540876,1,90,-1,-1,19,7,3,-1,0,0,0,0,0,0,1,9,-1,6,1,-1,-1,-1,-1,-1,-1,-1,-1,0,-1
2025461540876,2025,461540876,2,1,0,-1,19,7,3,-1,0,0,0,0,0,0,2,1,-1,6,1,58,9,-1,-1,-1,-1,9,E01024483,0,1
2025461540983,2025,461540983,1,3,0,-1,4,7,3,-1,0,4,1,0,0,0,0,1,-1,2,1,20,4,-1,-1,-1,-1,8,E01016101,0,1
2025461540984,2025,461540984,1,9,0,-1,19,3,7,-1,0,0,0,0,0,0,1,1,-1,9,2,31,6,-1,-1,-1,-1,6,E01024630,0,1
2025461541006,2025,461541006,1,9,0,-1,19,5,8,-1,0,0,0,0,0,0,1,1,-1,6,1,38,7,-1,-1,-1,-1,7,E01024073,0,1
2025461541006,2025,461541006,2,9,0,-1,19,1,4,-1,0,0,0,0,1,11,1,1,-1,9,1,29,6,-1,-1,-1,-1,8,E01024077,0,1
2025461541039,2025,461541039,1,9,0,-1,7,1,7,-1,0,2,0,0,0,0,3,1,-1,6,2,30,6,-1,-1,-1,-1,5,E01033087,0,1
2025461541039,2025,461541039,2,9,0,-1,19,3,7,-1,0,1,0,0,0,0,1,1,-1,2,2,27,6,-1,-1,-1,-1,8,E01024344,0,1
2025461541064,2025,461541064,1,9,0,-1,19,5,5,-1,9,0,0,0,7,0,3,1,-1,9,1,31,6,-1,-1,-1,-1,10,E01024644,0,1
2025461541107,2025,461541107,2,98,0,-1,19,8,1,-1,0,0,0,0,0,0,1,1,-1,1,1,25,5,-1,-1,-1,-1,2,E01024192,0,3
2025461541107,2025,461541107,1,9,0,-1,19,5,4,-1,0,0,0,0,0,0,1,1,-1,9,2,44,7,-1,-1,-1,-1,5,E01024207,0,2
2025461541111,2025,461541111,2,9,0,-1,19,7,3,-1,0,0,0,0,0,0,1,9,-1,6,2,17,4,-1,-1,-1,-1,4,E01024296,0,3
2025461541111,2025,461541111,1,19,0,-1,19,3,7,-1,0,0,0,0,0,0,1,9,-1,1,1,49,8,-1,-1,-1,-1,9,E01016091,0,3
2025461541129,2025,461541129,1,9,0,-1,19,5,4,-1,0,0,0,0,0,0,1,9,-1,6,1,58,9,-1,-1,-1,-1,5,E01021100,0,4
2025461541131,2025,461541131,2,9,0,-1,4,1,5,-1,0,0,0,0,0,0,2,9,-1,7,1,43,7,-1,-1,-1,-1,7,E01016170,0,1
2025461541131,2025,461541131,1,19,0,-1,19,1,5,-1,0,0,0,0,0,0,1,9,-1,1,1,-1,-1,-1,-1,-1,-1,-1,-1,0,-1
2025461541157,2025,461541157,2,1,0,-1,19,1,5,-1,0,2,0,0,0,0,1,1,-1,2,1,37,7,-1,-1,-1,-1,3,E01024480,0,2
2025461541157,2025,461541157,1,9,0,-1,9,1,7,-1,0,1,0,0,0,0,1,9,-1,6,1,50,8,-1,-1,-1,-1,7,E01000442,0,2
2025461541200,2025,461541200,2,3,0,-1,11,1,5,-1,0,3,5,0,0,0,2,1,-1,1,1,43,7,-1,-1,-1,-1,3,E01016038,0,1
2025461541200,2025,461541200,1,9,0,-1,7,1,5,-1,0,3,0,0,0,0,1,1,-1,1,1,29,6,-1,-1,-1,-1,6,E01016754,0,5
2025461541214,2025,461541214,2,9,0,-1,-1,-1,-1,-1,0,0,0,0,0,0,2,9,-1,6,1,67,10,-1,-1,-1,-1,10,E01024404,0,1
2025461541214,2025,461541214,1,9,0,-1,19,-1,-1,-1,0,0,0,0,0,0,1,9,-1,6,3,-1,-1,-1,-1,-1,-1,-1,-1,0,-1
2025461541253,2025,461541253,1,9,0,-1,19,3,7,-1,0,0,0,0,0,0,4,9,-1,6,3,-1,-1,-1,-1,-1,-1,-1,-1,0,-1
2025461541253,2025,461541253,2,1,0,-1,19,3,7,-1,0,0,0,0,0,0,3,1,-1,2,1,48,8,-1,-1,-1,-1,6,E01024763,0,1
2025461541304,2025,461541304,1,9,0,-1,19,5,1,-1,0,0,0,0,0,0,4,9,-1,6,1,31,6,-1,-1,-1,-1,5,E01024383,0,1
2025461541304,2025,461541304,2,9,0,-1,19,5,1,-1,0,0,0,0,0,0,3,9,-1,6,1,48,8,-1,-1,-1,-1,4,E01024373,0,1
2025461541364,2025,461541364,2,9,0,-1,10,3,7,-1,0,8,0,0,0,0,3,9,-1,9,1,39,7,-1,-1,-1,-1,8,E01035013,0,1
2025461541364,2025,461541364,1,97,0,-1,19,7,3,-1,0,8,0,0,0,0,4,1,-1,9,1,21,5,-1,-1,-1,-1,3,E01024795,0,1
2025461541404,2025,461541404,1,9,0,-1,19,3,7,-1,0,0,0,0,0,0,1,9,-1,9,1,62,9,-1,-1,-1,-1,5,E01024546,0,2
2025461541404,2025,461541404,2,9,0,-1,3,3,7,-1,0,0,0,0,0,0,2,9,-1,9,2,32,6,-1,-1,-1,-1,7,E01024515,0,3
2025461541441,2025,461541441,1,9,0,-1,5,2,6,-1,0,0,0,0,0,0,1,1,-1,9,2,78,11,-1,-1,-1,-1,6,E01024036,0,3
2025461541441,2025,461541441,2,19,0,-1,19,8,4,-1,0,0,0,0,0,0,1,1,-1,1,1,45,7,-1,-1,-1,-1,3,E01024103,0,4
2025461541447,2025,461541447,1,9,0,-1,19,1,5,-1,0,0,0,0,1,11,1,1,-1,6,1,40,7,-1,-1,-1,-1,-1,-1,0,-1
2025461541475,2025,461541475,1,9,0,-1,3,7,7,-1,0,0,0,0,0,0,1,2,-1,9,1,21,5,-1,-1,-1,-1,5,E01021109,0,4
2025461541475,2025,461541475,2,9,0,-1,4,1,1,-1,0,0,1,0,0,0,2,2,-1,9,1,47,8,-1,-1,-1,-1,9,E01024006,0,1
2025461541475,2025,461541475,3,9,0,-1,4,1,1,-1,0,0,0,0,0,0,2,2,-1,9,1,53,8,-1,-1,-1,-1,6,E01034987,0,1
2025461541588,2025,461541588,1,9,0,-1,19,7,3,-1,0,1,1,0,0,0,3,1,-1,9,2,36,7,-1,-1,-1,-1,6,E01034999,0,4
2025461541588,2025,461541588,2,9,0,-1,19,2,6,-1,0,1,0,0,0,0,4,1,-1,9,2,31,6,-1,-1,-1,-1,6,E01024425,0,2
2025461541602,2025,461541602,2,9,0,-1,3,4,8,-1,0,0,0,0,0,0,2,2,-1,6,-1,50,8,-1,-1,-1,-1,6,E01035278,0,1
2025461541602,2025,461541602,3,11,0,-1,5,8,0,-1,0,0,0,0,0,0,2,2,-1,1,1,59,9,-1,-1,-1,-1,1,E01024278,0,1
2025461541602,2025,461541602,1,9,0,-1,19,4,8,-1,0,0,0,0,0,0,1,2,-1,6,1,45,7,-1,-1,-1,-1,6,E01035278,0,1
2025461541631,2025,461541631,2,1,0,-1,19,7,3,-1,0,1,5,0,0,0,3,1,-1,2,2,40,7,-1,-1,-1,-1,2,E01024019,0,1
2025461541631,2025,461541631,1,97,0,-1,19,7,3,-1,0,1,0,0,0,0,4,1,-1,6,3,-1,-1,-1,-1,-1,-1,-1,-1,0,-1
2025461541670,2025,461541670,2,9,0,-1,3,3,7,-1,0,1,0,0,0,0,1,9,-1,6,2,30,6,-1,-1,-1,-1,8,E01024822,0,4
2025461541670,2025,461541670,1,19,0,-1,1,3,7,-1,0,1,0,0,0,0,2,9,-1,6,1,-1,-1,-1,-1,-1,-1,3,E01034991,0,1
2025461541691,2025,461541691,1,9,0,-1,19,6,6,-1,-1,0,1,0,1,0,1,1,-1,2,1,27,6,-1,-1,-1,-1,2,E01024374,0,2