collision_index,collision_year,collision_ref_no,vehicle_reference,vehicle_type,towing_and_articulation,vehicle_manoeuvre_historic,vehicle_manoeuvre,vehicle_direction_from,vehicle_direction_to,vehicle_location_restricted_lane_historic,vehicle_location_restricted_lane,junction_location,skidding_and_overturning,hit_object_in_carriageway,vehicle_leaving_carriageway,hit_object_off_carriageway,first_point_of_impact,vehicle_left_hand_drive,journey_purpose_of_driver_historic,journey_purpose_of_driver,sex_of_driver,age_of_driver,age_band_of_driver,engine_capacity_cc,propulsion_code,age_of_vehicle,generic_make_model,driver_imd_decile,lsoa_of_driver,escooter_flag,driver_distance_banding
2025461541850,2025,461541850,1,9,0,-1,19,5,1,-1,0,1,0,0,0,0,1,9,-1,6,1,53,8,-1,-1,-1,-1,10,E01024850,0,1
2025461541851,2025,461541851,1,9,0,-1,5,-1,-1,-1,0,0,0,0,0,0,1,9,-1,6,1,26,6,-1,-1,-1,-1,3,E01000465,0,2
2025461541851,2025,461541851,2,19,0,-1,5,-1,-1,-1,0,0,0,0,0,0,2,9,-1,6,3,-1,-1,-1,-1,-1,-1,-1,-1,0,-1
2025461541868,2025,461541868,1,19,0,-1,19,-1,-1,-1,0,0,0,0,0,0,1,9,-1,6,3,-1,-1,-1,-1,-1,-1,-1,-1,0,-1
2025461542003,2025,461542003,2,19,0,-1,19,3,8,-1,0,0,0,0,0,0,2,1,-1,6,1,72,10,-1,-1,-1,-1,9,E01000453,0,4
2025461542003,2025,461542003,4,98,0,-1,19,3,7,-1,0,0,0,0,0,0,1,1,-1,6,1,28,6,-1,-1,-1,-1,6,E01035155,0,4
2025461542003,2025,461542003,3,9,0,-1,19,3,8,-1,0,0,0,0,0,0,1,1,-1,6,1,20,4,-1,-1,-1,-1,10,E01024837,0,1
2025461542003,2025,461542003,1,9,0,-1,19,4,7,-1,-1,0,1,0,1,0,1,1,-1,6,1,41,7,-1,-1,-1,-1,9,E01024757,0,1
2025461542131,2025,461542131,3,9,0,-1,3,6,2,-1,0,0,0,0,0,0,2,1,-1,6,1,36,7,-1,-1,-1,-1,2,E01035296,0,4
2025461542131,2025,461542131,2,19,0,-1,3,6,2,-1,0,0,0,0,0,0,2,1,-1,6,1,30,6,-1,-1,-1,-1,9,E01024720,0,4
2025461542131,2025,461542131,1,20,0,-1,19,6,2,-1,0,0,0,0,0,0,1,1,-1,1,1,56,9,-1,-1,-1,-1,7,E01016119,0,4
2025461542133,2025,461542133,1,8,0,-1,19,5,1,-1,0,1,0,0,0,0,4,1,-1,2,1,54,8,-1,-1,-1,-1,5,E01024643,0,1
2025461542161,2025,461542161,2,97,0,-1,19,7,7,-1,0,0,1,0,0,0,4,1,-1,6,1,18,4,-1,-1,-1,-1,-1,-1,0,-1
2025461542161,2025,461542161,1,9,0,-1,9,3,5,-1,0,0,0,0,0,0,3,1,-1,9,1,73,10,-1,-1,-1,-1,10,E01024153,0,1
2025461542163,2025,461542163,1,9,0,-1,5,3,7,-1,0,1,0,0,0,0,1,1,-1,1,1,36,7,-1,-1,-1,-1,7,E01004107,0,4
2025461542163,2025,461542163,2,9,0,-1,5,7,7,-1,0,1,0,0,0,0,2,1,-1,6,2,42,7,-1,-1,-1,-1,6,E01024436,0,2
2025461542183,2025,461542183,1,21,1,-1,19,7,3,-1,0,0,0,6,5,0,3,1,-1,1,1,46,8,-1,-1,-1,-1,2,E01016160,0,3
2025461542247,2025,461542247,1,19,0,-1,1,7,3,-1,0,0,0,0,0,0,2,9,-1,6,1,53,8,-1,-1,-1,-1,6,E01016124,0,1
2025461542247,2025,461542247,2,4,0,-1,4,7,3,-1,0,0,0,0,0,0,1,1,-1,9,2,33,6,-1,-1,-1,-1,2,E01016150,0,1
2025461542337,2025,461542337,1,3,0,-1,19,4,7,-1,0,0,1,0,0,0,1,1,-1,2,1,33,6,-1,-1,-1,-1,2,E01024585,0,3
2025461542337,2025,461542337,2,9,0,-1,3,7,3,-1,0,0,0,0,0,0,1,1,-1,2,2,19,4,-1,-1,-1,-1,9,E01016086,0,3
2025461542507,2025,461542507,1,21,2,-1,7,2,6,-1,0,0,0,0,1,0,3,2,-1,1,1,51,8,-1,-1,-1,-1,-1,-1,0,-1
2025461542507,2025,461542507,2,19,0,-1,19,6,2,-1,0,0,0,0,0,0,1,1,-1,6,1,63,9,-1,-1,-1,-1,4,E01024656,0,3
2025461542518,2025,461542518,2,9,0,-1,19,1,5,-1,0,0,0,0,0,0,4,9,-1,9,1,25,5,-1,-1,-1,-1,5,E01016075,0,3
2025461542518,2025,461542518,1,9,0,-1,19,5,7,-1,0,0,0,0,0,0,1,9,-1,6,3,-1,-1,-1,-1,-1,-1,-1,-1,0,-1
2025461542560,2025,461542560,4,9,0,-1,19,4,3,-1,0,8,0,0,0,0,1,1,-1,6,1,85,11,-1,-1,-1,-1,3,E01024668,0,1
2025461542560,2025,461542560,3,9,0,-1,19,4,3,-1,0,8,0,0,0,0,1,1,-1,6,2,34,6,-1,-1,-1,-1,6,E01024692,0,1
2025461542560,2025,461542560,2,8,0,-1,10,4,3,-1,0,8,0,0,0,0,2,1,-1,6,1,47,8,-1,-1,-1,-1,2,E01024664,0,1
2025461542560,2025,461542560,1,9,0,-1,19,4,4,-1,0,8,0,0,0,0,1,1,-1,6,2,34,6,-1,-1,-1,-1,1,E01024683,0,1
2025461542682,2025,461542682,1,9,0,-1,10,5,1,-1,0,6,0,0,0,0,4,1,-1,9,1,26,6,-1,-1,-1,-1,2,E01024214,0,1
2025461542682,2025,461542682,2,9,0,-1,19,3,7,-1,0,1,1,7,0,0,1,1,-1,9,2,34,6,-1,-1,-1,-1,3,E01024529,0,3
2025461542722,2025,461542722,2,19,0,-1,2,0,0,-1,0,0,0,4,0,0,2,1,-1,6,-1,-1,-1,-1,-1,-1,-1,-1,-1,0,-1
2025461542722,2025,461542722,1,9,0,-1,19,7,8,-1,0,0,0,4,0,0,4,1,-1,9,2,25,5,-1,-1,-1,-1,2,E01016024,0,3
2025461542799,2025,461542799,1,9,0,-1,9,7,5,-1,0,1,0,0,0,0,1,9,-1,6,1,46,8,-1,-1,-1,-1,7,E01016093,0,1
2025461542799,2025,461542799,2,1,0,-1,9,6,5,-1,0,1,0,0,0,0,4,1,-1,9,1,49,8,-1,-1,-1,-1,9,E01016091,0,1
2025461542814,2025,461542814,1,9,0,-1,19,3,5,-1,0,0,5,0,1,0,1,2,-1,9,1,73,10,-1,-1,-1,-1,7,E01024803,0,1
2025461543047,2025,461543047,2,9,0,-1,5,3,7,-1,0,1,0,0,0,0,3,1,-1,6,1,69,10,-1,-1,-1,-1,9,E01024057,0,1
2025461543047,2025,461543047,1,9,0,-1,7,5,7,-1,0,1,0,0,0,0,1,1,-1,6,2,73,10,-1,-1,-1,-1,8,E01024058,0,1
2025461543217,2025,461543217,1,4,0,-1,4,5,1,-1,0,0,1,0,0,0,1,1,-1,9,1,32,6,-1,-1,-1,-1,1,E01024667,0,4
2025461543217,2025,461543217,2,9,0,-1,3,5,1,-1,0,0,0,0,0,0,2,1,-1,2,1,49,8,-1,-1,-1,-1,9,E01031670,0,4
2025461543250,2025,461543250,1,9,0,-1,19,3,7,-1,0,0,2,0,1,4,1,1,-1,6,1,69,10,-1,-1,-1,-1,7,E01021160,0,4
2025461543407,2025,461543407,2,9,0,-1,19,3,7,-1,0,0,1,0,1,0,1,1,-1,9,1,61,9,-1,-1,-1,-1,1,E01024081,0,1
2025461543407,2025,461543407,1,9,0,-1,19,7,3,-1,0,0,1,0,4,0,1,1,-1,6,1,25,5,-1,-1,-1,-1,10,E01024056,0,2
2025461543463,2025,461543463,1,9,0,-1,19,6,6,-1,0,0,0,0,0,0,1,1,-1,6,2,54,8,-1,-1,-1,-1,9,E01024275,0,1
2025461543528,2025,461543528,1,9,0,-1,19,5,1,-1,0,0,0,0,0,0,1,1,-1,6,1,63,9,-1,-1,-1,-1,10,E01024402,0,1
2025461543528,2025,461543528,2,9,0,-1,3,5,1,-1,0,0,0,0,0,0,2,1,-1,6,2,32,6,-1,-1,-1,-1,6,E01024367,0,1
2025461543623,2025,461543623,2,9,0,-1,4,5,1,-1,0,0,0,0,0,0,2,1,-1,9,2,42,7,-1,-1,-1,-1,7,E01024188,0,2
2025461543623,2025,461543623,1,9,0,-1,4,5,1,-1,0,0,0,0,0,0,1,1,-1,9,1,25,5,-1,-1,-1,-1,1,E01024278,0,1
2025461543707,2025,461543707,2,11,0,-1,19,7,2,-1,0,0,0,0,0,0,1,1,-1,1,1,38,7,-1,-1,-1,-1,6,E01024340,0,1
2025461543707,2025,461543707,1,9,0,-1,19,4,7,-1,0,0,0,0,0,0,1,1,-1,9,1,41,7,-1,-1,-1,-1,8,E01024343,0,1
2025461543713,2025,461543713,1,9,0,-1,9,3,1,-1,0,6,0,0,0,0,1,1,-1,9,1,75,10,-1,-1,-1,-1,5,E01024452,0,1
2025461543713,2025,461543713,2,9,0,-1,19,1,5,-1,0,1,0,0,7,0,1,1,-1,1,1,32,6,-1,-1,-1,-1,1,E01016153,0,4
2025461543812,2025,461543812,1,9,0,-1,19,3,7,-1,0,6,0,0,0,0,1,9,-1,6,3,-1,-1,-1,-1,-1,-1,-1,-1,0,-1
2025461543833,2025,461543833,2,98,0,-1,19,4,2,-1,0,0,0,0,0,0,1,2,-1,1,1,66,10,-1,-1,-1,-1,6,E01024589,0,4
2025461543833,2025,461543833,1,9,0,-1,19,4,2,-1,0,0,0,0,0,0,2,2,-1,6,2,31,6,-1,-1,-1,-1,5,E01035292,0,1
2025461543848,2025,461543848,1,9,0,-1,4,5,1,-1,0,0,0,0,0,0,1,9,-1,6,1,-1,-1,-1,-1,-1,-1,4,E01024134,0,2
2025461543866,2025,461543866,2,3,0,-1,4,5,1,-1,0,0,0,0,0,0,2,1,-1,6,1,-1,-1,-1,-1,-1,-1,1,E01016017,0,1
2025461543866,2025,461543866,1,9,0,-1,-1,-1,-1,-1,-1,0,-1,-1,-1,0,-1,9,-1,6,2,17,4,-1,-1,-1,-1,8,E01016101,0,2
2025461543867,2025,461543867,2,9,0,-1,19,6,2,-1,0,0,0,0,0,0,1,1,-1,6,1,50,8,-1,-1,-1,-1,8,E01024098,0,4
2025461543867,2025,461543867,1,19,0,-1,19,2,6,-1,0,0,0,0,0,0,1,2,-1,9,1,56,9,-1,-1,-1,-1,-1,-1,0,-1
2025461543869,2025,461543869,2,19,0,-1,4,2,6,-1,0,0,0,0,0,0,2,1,-1,1,1,55,8,-1,-1,-1,-1,5,E01024561,0,1
2025461543869,2025,461543869,1,4,0,-1,19,2,6,-1,0,0,2,0,0,0,1,1,-1,6,1,38,7,-1,-1,-1,-1,1,E01024610,0,3
2025461543882,2025,461543882,3,9,0,-1,-1,-1,-1,-1,-1,0,-1,-1,-1,0,-1,9,-1,6,3,-1,-1,-1,-1,-1,-1,-1,-1,0,-1
2025461543882,2025,461543882,2,9,-1,-1,-1,-1,-1,-1,-1,0,-1,-1,-1,0,-1,9,-1,6,3,-1,-1,-1,-1,-1,-1,-1,-1,0,-1
2025461543882,2025,461543882,1,9,0,-1,19,5,1,-1,0,0,0,0,0,0,1,9,-1,6,1,-1,-1,-1,-1,-1,-1,-1,-1,0,-1
2025461543918,2025,461543918,1,9,0,-1,19,3,1,-1,0,1,0,0,0,0,3,9,-1,6,2,60,9,-1,-1,-1,-1,3,E01035294,0,1
2025461543918,2025,461543918,2,2,0,-1,19,1,5,-1,0,2,0,0,0,0,1,1,-1,1,1,28,6,-1,-1,-1,-1,7,E01034187,0,4
2025461543964,2025,461543964,1,9,0,-1,9,1,7,-1,0,1,0,0,0,0,1,1,-1,6,1,18,4,-1,-1,-1,-1,4,E01024702,0,2
2025461543964,2025,461543964,2,9,0,-1,19,5,1,-1,0,1,0,0,0,0,1,1,-1,6,2,19,4,-1,-1,-1,-1,2,E01024648,0,1
2025461544021,2025,461544021,2,9,0,-1,19,7,3,-1,0,0,1,0,0,0,3,1,-1,9,1,41,7,-1,-1,-1,-1,2,E01003300,0,4
2025461544021,2025,461544021,1,9,0,-1,19,3,7,-1,0,0,1,0,0,0,1,1,-1,9,1,21,5,-1,-1,-1,-1,6,E01023988,0,4
2025461544190,2025,461544190,1,3,5,-1,19,3,7,-1,0,0,5,10,1,0,4,1,-1,1,1,30,6,-1,-1,-1,-1,2,E01032799,0,1
2025461544284,2025,461544284,2,9,0,-1,19,3,7,-1,0,0,0,0,0,0,3,9,-1,9,2,37,7,-1,-1,-1,-1,5,E01024164,0,1
2025461544284,2025,461544284,1,11,0,-1,19,3,7,-1,0,0,0,0,0,0,4,9,-1,1,2,47,8,-1,-1,-1,-1,4,E01024279,0,2
2025461544309,2025,461544309,1,3,0,-1,19,5,1,-1,0,1,0,0,0,0,1,1,-1,1,1,22,5,-1,-1,-1,-1,7,E01024035,0,3
2025461544309,2025,461544309,2,9,0,-1,9,7,3,-1,0,6,0,0,0,0,1,1,-1,1,2,60,9,-1,-1,-1,-1,6,E01023979,0,1
2025461544614,2025,461544614,1,3,0,-1,13,7,3,-1,0,0,1,0,0,0,0,1,-1,1,1,54,8,-1,-1,-1,-1,9,E01024821,0,1
2025461544673,2025,461544673,1,9,0,-1,4,5,1,-1,0,1,0,0,0,0,4,1,-1,7,1,51,8,-1,-1,-1,-1,3,E01016154,0,1
2025461544756,2025,461544756,2,19,0,-1,2,0,0,-1,0,0,0,4,0,0,2,1,-1,1,1,25,5,-1,-1,-1,-1,3,E01024001,0,4
2025461544756,2025,461544756,3,9,0,-1,2,0,0,-1,0,0,0,0,0,0,2,1,-1,6,-1,-1,-1,-1,-1,-1,-1,-1,-1,0,-1
2025461544756,2025,461544756,1,9,0,-1,15,5,1,-1,0,0,0,0,0,0,1,1,-1,9,1,77,11,-1,-1,-1,-1,7,E01024810,0,1
2025461544933,2025,461544933,1,98,0,-1,9,5,3,-1,0,2,0,0,1,4,4,1,-1,1,1,32,6,-1,-1,-1,-1,6,E01034997,0,3
2025461544940,2025,461544940,2,9,0,-1,19,4,5,-1,0,0,0,0,0,0,2,9,-1,2,1,52,8,-1,-1,-1,-1,8,E01024636,0,4
2025461544940,2025,461544940,1,9,0,-1,19,4,1,-1,0,0,1,0,0,0,1,9,-1,2,2,22,5,-1,-1,-1,-1,3,E01016042,0,3
2025461544960,2025,461544960,1,9,0,-1,2,7,3,-1,0,0,0,7,0,0,1,1,-1,9,2,81,11,-1,-1,-1,-1,-1,-1,0,-1
2025461545056,2025,461545056,2,9,0,-1,19,5,1,-1,0,0,0,0,0,0,1,2,-1,6,1,33,6,-1,-1,-1,-1,3,E01016067,0,2
2025461545056,2025,461545056,1,9,0,-1,19,5,1,-1,0,0,0,0,0,0,3,2,-1,6,2,55,8,-1,-1,-1,-1,4,E01016074,0,1
2025461545078,2025,461545078,1,9,0,-1,7,5,1,-1,0,4,0,0,0,0,4,1,-1,9,1,59,9,-1,-1,-1,-1,4,E01024111,0,1
2025461545087,2025,461545087,1,9,0,-1,1,5,1,-1,0,0,0,0,0,0,2,1,-1,6,3,-1,-1,-1,-1,-1,-1,-1,-1,0,-1
2025461545087,2025,461545087,2,9,0,-1,4,1,5,-1,0,0,0,0,0,0,1,1,-1,1,1,36,7,-1,-1,-1,-1,-1,-1,0,-1
2025461545108,2025,461545108,1,9,0,-1,19,3,7,-1,0,0,0,0,0,0,1,1,-1,1,1,25,5,-1,-1,-1,-1,4,E01024494,0,3
2025461545108,2025,461545108,2,9,0,-1,19,7,3,-1,0,0,0,0,0,0,1,1,-1,9,1,62,9,-1,-1,-1,-1,2,E01024533,0,1
2025461545119,2025,461545119,1,9,0,-1,19,7,3,-1,0,0,1,10,1,2,1,1,-1,8,1,30,6,-1,-1,-1,-1,5,E01035292,0,2
2025461545130,2025,461545130,2,9,0,-1,19,1,5,-1,0,1,0,0,0,0,1,1,-1,6,1,75,10,-1,-1,-1,-1,5,E01016088,0,1
2025461545130,2025,461545130,1,19,0,-1,9,5,3,-1,0,1,0,0,0,0,1,1,-1,9,1,38,7,-1,-1,-1,-1,8,E01016099,0,1
2025461545141,2025,461545141,1,9,0,-1,19,4,2,-1,9,1,0,0,1,0,4,9,-1,9,2,21,5,-1,-1,-1,-1,1,E01024682,0,1
2025461545185,2025,461545185,1,1,0,-1,19,5,1,-1,0,0,0,0,0,0,4,1,-1,6,2,61,9,-1,-1,-1,-1,-1,-1,0,-1
2025461545223,2025,461545223,2,9,0,-1,19,7,7,-1,0,0,0,0,0,0,2,1,-1,1,1,65,9,-1,-1,-1,-1,5,E01024243,0,4
2025461545223,2025,461545223,5,19,0,-1,19,7,7,-1,0,0,0,0,0,0,2,1,-1,1,1,-1,-1,-1,-1,-1,-1,7,E01021608,0,4
2025461545223,2025,461545223,3,9,0,-1,19,7,7,-1,0,0,0,0,0,0,2,1,-1,1,1,-1,-1,-1,-1,-1,-1,8,E01024058,0,4
2025461545223,2025,461545223,4,19,0,-1,19,7,7,-1,0,0,0,0,0,0,2,1,-1,1,1,25,5,-1,-1,-1,-1,7,E01024073,0,4
2025461545223,2025,461545223,1,9,0,-1,19,7,7,-1,0,0,0,0,0,0,2,1,-1,1,1,30,6,-1,-1,-1,-1,8,E01024100,0,4
2025461545234,2025,461545234,1,9,0,-1,9,8,5,-1,0,5,0,0,0,0,1,1,-1,7,2,41,7,-1,-1,-1,-1,6,E01024806,0,1
2025461545269,2025,461545269,2,9,0,-1,2,0,0,-1,0,0,0,0,0,0,3,1,-1,6,-1,-1,-1,-1,-1,-1,-1,-1,-1,0,-1
2025461545269,2025,461545269,1,9,0,-1,19,3,7,-1,0,0,0,0,0,0,1,1,-1,9,1,29,6,-1,-1,-1,-1,-1,-1,0,-1
2025461545269,2025,461545269,3,9,0,-1,2,0,0,-1,0,0,0,0,1,0,2,1,-1,6,-1,-1,-1,-1,-1,-1,-1,-1,-1,0,-1
2025461545405,2025,461545405,1,98,0,-1,19,1,3,-1,0,8,0,0,1,0,1,2,-1,1,1,32,6,-1,-1,-1,-1,3,E01024634,0,4
2025461545405,2025,461545405,2,9,0,-1,19,7,3,-1,0,8,0,0,0,0,1,2,-1,9,1,77,11,-1,-1,-1,-1,4,E01024031,0,1
2025461545411,2025,461545411,2,9,0,-1,11,2,6,-1,0,0,0,0,0,0,2,9,-1,9,2,21,5,-1,-1,-1,-1,7,E01000334,0,2
2025461545411,2025,461545411,1,98,1,-1,12,2,6,-1,0,0,0,0,0,0,1,9,-1,1,1,21,5,-1,-1,-1,-1,-1,-1,0,-1
2025461545497,2025,461545497,1,9,0,-1,9,3,1,-1,0,6,0,0,0,0,1,1,-1,6,1,43,7,-1,-1,-1,-1,6,E01024460,0,1
2025461545519,2025,461545519,1,9,0,-1,19,8,4,-1,0,0,2,0,1,9,1,2,-1,9,1,21,5,-1,-1,-1,-1,5,E01030245,0,5
2025461545547,2025,461545547,2,9,0,-1,19,4,8,-1,0,0,0,0,0,0,3,1,-1,6,1,67,10,-1,-1,-1,-1,10,E01024402,0,4
2025461545547,2025,461545547,1,9,0,-1,19,4,8,-1,0,0,1,7,1,0,4,1,-1,1,1,31,6,-1,-1,-1,-1,3,E01003924,0,4
2025461545600,2025,461545600,1,9,0,-1,7,7,3,-1,0,1,0,0,0,0,4,9,-1,6,2,51,8,-1,-1,-1,-1,1,E01020985,0,4
2025461545600,2025,461545600,2,1,0,-1,19,7,3,-1,0,7,0,0,2,0,1,1,-1,9,2,27,6,-1,-1,-1,-1,8,E01035013,0,1
2025461545602,2025,461545602,2,9,0,-1,19,1,5,-1,0,0,0,0,0,0,1,1,-1,6,1,48,8,-1,-1,-1,-1,5,E01035299,0,4
2025461545602,2025,461545602,1,9,0,-1,19,5,1,-1,0,0,0,0,0,0,1,1,-1,6,3,25,5,-1,-1,-1,-1,-1,-1,0,-1
2025461545611,2025,461545611,1,17,0,-1,19,1,5,-1,0,0,0,0,0,0,3,9,-1,6,1,-1,-1,-1,-1,-1,-1,-1,-1,0,-1
2025461545611,2025,461545611,2,9,0,-1,2,1,5,-1,-1,0,0,0,0,0,3,9,-1,6,2,30,6,-1,-1,-1,-1,10,E01024330,0,2
2025461545612,2025,461545612,1,98,0,-1,19,3,7,-1,0,0,0,11,0,0,1,9,-1,1,1,52,8,-1,-1,-1,-1,6,E01016142,0,4
2025461545654,2025,461545654,1,98,1,-1,19,3,1,-1,0,1,0,0,0,0,1,9,-1,6,3,-1,-1,-1,-1,-1,-1,-1,-1,0,-1
2025461545654,2025,461545654,2,9,0,-1,19,3,1,-1,0,1,0,0,0,0,2,9,-1,9,2,41,7,-1,-1,-1,-1,4,E01024565,0,1
2025461545656,2025,461545656,1,9,0,-1,19,1,5,-1,0,0,0,0,0,0,3,9,-1,6,3,-1,-1,-1,-1,-1,-1,-1,-1,0,-1
2025461545733,2025,461545733,1,19,4,-1,19,4,8,-1,0,0,0,4,0,0,2,1,-1,1,1,35,6,-1,-1,-1,-1,2,E01024218,0,3
2025461545733,2025,461545733,2,9,0,-1,2,0,0,-1,0,0,0,0,0,0,3,1,-1,6,1,27,6,-1,-1,-1,-1,2,E01024047,0,2
2025461545789,2025,461545789,1,9,4,-1,5,3,7,-1,0,0,0,0,0,0,2,1,-1,9,1,49,8,-1,-1,-1,-1,5,E01024118,0,3
2025461545798,2025,461545798,1,3,0,-1,19,3,7,-1,0,8,0,0,0,0,1,1,-1,9,1,18,4,-1,-1,-1,-1,7,E01024417,0,4
2025461545798,2025,461545798,3,9,0,-1,19,4,2,-1,0,2,0,0,0,0,3,1,-1,9,1,84,11,-1,-1,-1,-1,7,E01035287,0,2
2025461545798,2025,461545798,2,9,0,-1,3,5,1,-1,0,8,0,0,0,0,0,1,-1,1,1,27,6,-1,-1,-1,-1,2,E01024717,0,3
2025461545855,2025,461545855,1,90,0,-1,19,8,8,-1,0,2,0,0,0,0,1,1,-1,1,2,38,7,-1,-1,-1,-1,5,E01035292,0,1
2025461545967,2025,461545967,2,9,0,-1,19,3,7,-1,0,1,0,0,0,0,1,1,-1,9,2,48,8,-1,-1,-1,-1,7,E01024037,0,2
2025461545967,2025,461545967,1,9,0,-1,19,5,1,-1,0,8,0,0,0,0,3,1,-1,2,2,59,9,-1,-1,-1,-1,8,E01024015,0,2
2025461546005,2025,461546005,2,9,0,-1,12,4,8,-1,0,7,0,0,0,0,1,1,-1,2,1,35,6,-1,-1,-1,-1,2,E01016064,0,2
2025461546005,2025,461546005,1,9,0,-1,19,3,8,-1,0,7,1,0,1,0,2,1,-1,2,1,32,6,-1,-1,-1,-1,2,E01016040,0,2
2025461546008,2025,461546008,1,9,0,-1,1,1,5,-1,0,0,0,0,0,0,4,1,-1,6,-1,-1,-1,-1,-1,-1,-1,-1,-1,0,-1
2025461546008,2025,461546008,4,9,0,-1,2,0,0,-1,0,0,0,0,0,0,3,1,-1,6,-1,-1,-1,-1,-1,-1,-1,-1,-1,0,-1
2025461546008,2025,461546008,3,9,0,-1,2,0,0,-1,0,0,0,0,0,0,1,1,-1,6,-1,-1,-1,-1,-1,-1,-1,-1,-1,0,-1
2025461546008,2025,461546008,2,9,0,-1,2,2,2,-1,0,0,0,0,0,0,0,1,-1,8,1,28,6,-1,-1,-1,-1,6,E01034997,0,4
2025461546075,2025,461546075,1,1,0,-1,19,1,5,-1,0,0,0,0,0,0,1,1,-1,9,1,49,8,-1,-1,-1,-1,4,E01003328,0,3
2025461546190,2025,461546190,1,9,0,-1,5,6,4,-1,0,6,0,0,0,0,3,1,-1,9,2,83,11,-1,-1,-1,-1,5,E01024638,0,2
2025461546190,2025,461546190,2,1,0,-1,19,3,7,-1,0,1,0,0,0,0,1,1,-1,9,1,18,4,-1,-1,-1,-1,2,E01024659,0,1
2025461546213,2025,461546213,1,9,0,-1,19,2,6,-1,0,0,0,0,0,0,3,1,-1,9,1,62,9,-1,-1,-1,-1,6,E01024522,0,1
2025461546213,2025,461546213,2,9,0,-1,19,4,2,-1,0,0,0,0,1,0,3,1,-1,9,2,25,5,-1,-1,-1,-1,8,E01024527,0,1
2025461546216,2025,461546216,2,9,0,-1,2,0,0,-1,0,0,0,4,0,0,1,1,-1,6,-1,-1,-1,-1,-1,-1,-1,-1,-1,0,-1
2025461546216,2025,461546216,1,9,0,-1,19,1,5,-1,0,0,0,4,0,0,1,1,-1,6,1,76,11,-1,-1,-1,-1,2,E01024533,0,1
2025461546216,2025,461546216,4,9,0,-1,2,0,0,-1,0,0,0,4,0,0,2,1,-1,6,-1,-1,-1,-1,-1,-1,-1,-1,-1,0,-1
2025461546216,2025,461546216,3,9,0,-1,2,0,0,-1,0,0,0,4,0,0,1,1,-1,6,-1,-1,-1,-1,-1,-1,-1,-1,-1,0,-1
2025461546216,2025,461546216,5,9,0,-1,2,0,0,-1,0,0,0,0,0,0,2,1,-1,6,-1,-1,-1,-1,-1,-1,-1,-1,-1,0,-1
2025461546255,2025,461546255,1,9,0,-1,19,6,2,-1,0,8,0,0,0,0,1,1,-1,9,1,80,11,-1,-1,-1,-1,6,E01024653,0,2
2025461546313,2025,461546313,3,9,0,-1,19,2,8,-1,0,0,0,0,0,0,1,1,-1,1,1,25,5,-1,-1,-1,-1,10,E01021253,0,4
2025461546313,2025,461546313,1,19,0,-1,19,2,6,-1,0,0,0,0,0,0,1,1,-1,1,1,42,7,-1,-1,-1,-1,9,E01021445,0,4
2025461546313,2025,461546313,2,21,0,-1,19,2,6,-1,0,0,0,0,0,0,2,1,-1,1,1,42,7,-1,-1,-1,-1,7,E01021827,0,4
2025461546316,2025,461546316,1,9,0,-1,19,7,3,-1,0,0,1,0,1,0,1,2,-1,6,1,25,5,-1,-1,-1,-1,-1,-1,0,-1
2025461546319,2025,461546319,1,9,0,-1,1,1,4,-1,0,5,0,0,0,0,2,1,-1,9,2,24,5,-1,-1,-1,-1,2,E01023984,0,1
2025461546516,2025,461546516,1,9,0,-1,9,5,1,-1,0,1,0,0,1,4,1,9,-1,2,1,31,6,-1,-1,-1,-1,5,E01024628,0,1
2025461546523,2025,461546523,1,9,0,-1,20,1,5,-1,9,0,0,0,0,0,1,1,-1,9,1,71,10,-1,-1,-1,-1,9,E01024802,0,1
2025461546528,2025,461546528,1,9,0,-1,19,3,7,-1,0,0,0,0,0,0,1,1,-1,9,2,61,9,-1,-1,-1,-1,3,E01024169,0,1
2025461546996,2025,461546996,1,9,0,-1,19,5,1,-1,0,0,1,0,1,0,3,1,-1,9,1,82,11,-1,-1,-1,-1,9,E01000667,0,4
2025461547071,2025,461547071,2,9,0,-1,9,8,7,-1,0,1,0,0,0,0,3,1,-1,2,1,30,6,-1,-1,-1,-1,1,E01024278,0,1
2025461547071,2025,461547071,1,9,0,-1,5,4,8,-1,0,1,0,0,0,0,1,1,-1,9,1,38,7,-1,-1,-1,-1,2,E01024263,0,1
2025461547118,2025,461547118,1,9,0,-1,19,7,3,-1,0,0,0,0,0,0,1,9,-1,6,3,-1,-1,-1,-1,-1,-1,-1,-1,0,-1
2025461547118,2025,461547118,2,9,0,-1,3,7,3,-1,0,0,0,0,0,0,2,9,-1,9,1,24,5,-1,-1,-1,-1,6,E01016166,0,1
2025461547118,2025,461547118,3,9,0,-1,3,7,3,-1,0,0,0,0,0,0,1,9,-1,6,2,44,7,-1,-1,-1,-1,7,E01024407,0,4
2025461547123,2025,461547123,1,9,0,-1,13,2,4,-1,0,0,0,0,0,0,4,9,-1,6,2,22,5,-1,-1,-1,-1,8,E01035013,0,1
2025461547123,2025,461547123,2,9,0,-1,4,4,2,-1,0,0,0,0,0,0,3,9,-1,6,2,30,6,-1,-1,-1,-1,9,E01021156,0,3
2025461547133,2025,461547133,2,9,0,-1,19,4,8,-1,0,0,0,0,0,0,4,9,-1,6,1,-1,-1,-1,-1,-1,-1,4,E01024002,0,4
2025461547133,2025,461547133,1,19,0,-1,12,4,8,-1,0,0,0,0,0,0,3,9,-1,1,1,44,7,-1,-1,-1,-1,2,E01024398,0,2