collision_index,collision_year,collision_ref_no,vehicle_reference,vehicle_type,towing_and_articulation,vehicle_manoeuvre_historic,vehicle_manoeuvre,vehicle_direction_from,vehicle_direction_to,vehicle_location_restricted_lane_historic,vehicle_location_restricted_lane,junction_location,skidding_and_overturning,hit_object_in_carriageway,vehicle_leaving_carriageway,hit_object_off_carriageway,first_point_of_impact,vehicle_left_hand_drive,journey_purpose_of_driver_historic,journey_purpose_of_driver,sex_of_driver,age_of_driver,age_band_of_driver,engine_capacity_cc,propulsion_code,age_of_vehicle,generic_make_model,driver_imd_decile,lsoa_of_driver,escooter_flag,driver_distance_banding
2025461550770,2025,461550770,1,9,-1,-1,19,7,1,-1,0,4,0,0,0,0,1,9,-1,6,1,20,4,-1,-1,-1,-1,3,E01024092,0,1
2025461550810,2025,461550810,1,9,0,-1,4,2,4,-1,0,0,0,0,0,0,2,1,-1,2,2,49,8,-1,-1,-1,-1,8,E01016082,0,1
2025461550810,2025,461550810,3,9,0,-1,19,2,4,-1,0,0,0,1,0,0,1,1,-1,2,2,21,5,-1,-1,-1,-1,2,E01016150,0,3
2025461550810,2025,461550810,2,9,0,-1,19,2,4,-1,0,0,0,0,0,0,1,1,-1,2,2,25,5,-1,-1,-1,-1,9,E01035291,0,3
2025461550819,2025,461550819,2,9,0,-1,19,3,7,-1,0,0,1,7,5,0,4,1,-1,9,1,63,9,-1,-1,-1,-1,5,E01016158,0,3
2025461550819,2025,461550819,3,9,0,-1,19,3,7,-1,0,0,1,7,4,0,4,1,-1,9,2,23,5,-1,-1,-1,-1,2,E01035694,0,4
2025461550819,2025,461550819,1,21,0,-1,12,3,7,-1,0,0,0,0,0,0,4,2,-1,1,2,41,7,-1,-1,-1,-1,-1,-1,0,-1
2025461550819,2025,461550819,4,19,0,-1,19,3,7,-1,0,0,0,0,0,0,1,1,-1,1,1,33,6,-1,-1,-1,-1,6,E01024267,0,3
2025461550870,2025,461550870,1,98,0,-1,1,0,0,-1,0,0,0,0,0,0,4,1,-1,1,1,34,6,-1,-1,-1,-1,2,E01020977,0,4
2025461550870,2025,461550870,2,11,0,-1,19,5,1,-1,0,0,1,0,7,0,1,1,-1,1,1,61,9,-1,-1,-1,-1,2,E01021137,0,4
2025461550908,2025,461550908,1,9,0,-1,19,3,7,-1,0,6,0,0,0,0,1,1,-1,6,1,70,10,-1,-1,-1,-1,5,E01024562,0,1
2025461550981,2025,461550981,1,11,0,-1,5,3,7,-1,0,0,0,0,0,0,1,1,-1,1,1,56,9,-1,-1,-1,-1,9,E01024089,0,3
2025461550999,2025,461550999,1,97,0,-1,19,1,5,-1,0,6,0,0,0,0,1,1,-1,6,1,25,5,-1,-1,-1,-1,2,E01016117,0,1
2025461550999,2025,461550999,2,9,0,-1,19,7,3,-1,0,1,0,0,0,0,3,1,-1,9,2,62,9,-1,-1,-1,-1,5,E01016130,0,1
2025461551072,2025,461551072,2,9,0,-1,2,7,7,-1,9,0,0,0,0,0,2,1,-1,6,-1,-1,-1,-1,-1,-1,-1,-1,-1,0,-1
2025461551072,2025,461551072,1,9,0,-1,19,7,3,-1,0,0,0,0,1,0,1,1,-1,2,1,80,11,-1,-1,-1,-1,1,E01024612,0,1
2025461551075,2025,461551075,2,9,0,-1,3,-1,-1,-1,0,-1,0,0,0,0,2,9,-1,6,1,30,6,-1,-1,-1,-1,7,E01024333,0,1
2025461551075,2025,461551075,1,9,0,-1,19,-1,-1,-1,0,-1,0,0,0,0,1,9,-1,6,1,-1,-1,-1,-1,-1,-1,4,E01003686,0,4
2025461551081,2025,461551081,1,9,0,-1,4,1,5,-1,0,1,0,0,0,0,1,9,-1,6,1,-1,-1,-1,-1,-1,-1,-1,-1,0,-1
2025461551081,2025,461551081,2,9,0,-1,19,1,5,-1,0,1,0,0,0,0,2,9,-1,9,2,30,6,-1,-1,-1,-1,6,E01035310,0,2
2025461551090,2025,461551090,2,9,0,-1,19,7,1,-1,0,2,0,0,0,0,2,9,-1,9,2,23,5,-1,-1,-1,-1,7,E01035304,0,1
2025461551090,2025,461551090,1,19,0,-1,5,7,1,-1,0,2,0,0,0,0,1,9,-1,6,3,-1,-1,-1,-1,-1,-1,-1,-1,0,-1
2025461551112,2025,461551112,1,9,0,-1,9,1,7,-1,0,0,0,0,0,0,1,9,-1,6,1,42,7,-1,-1,-1,-1,8,E01024844,0,1
2025461551151,2025,461551151,1,9,0,-1,19,7,3,-1,0,0,0,0,0,0,1,1,-1,2,1,64,9,-1,-1,-1,-1,8,E01016175,0,1
2025461551220,2025,461551220,2,9,0,-1,19,5,6,-1,0,0,0,0,0,0,2,9,-1,9,2,59,9,-1,-1,-1,-1,5,E01000330,0,2
2025461551220,2025,461551220,1,9,0,-1,19,5,7,-1,0,0,0,0,0,0,1,9,-1,6,3,-1,-1,-1,-1,-1,-1,-1,-1,0,-1
2025461551236,2025,461551236,1,9,0,-1,5,7,3,-1,9,0,0,0,0,0,1,1,-1,2,2,35,6,-1,-1,-1,-1,4,E01024587,0,1
2025461551236,2025,461551236,2,1,0,-1,5,8,4,-1,0,0,0,0,0,0,1,1,-1,2,1,71,10,-1,-1,-1,-1,5,E01024595,0,1
2025461551314,2025,461551314,2,9,0,-1,3,1,5,-1,0,0,0,0,0,0,2,9,-1,9,1,42,7,-1,-1,-1,-1,5,E01024345,0,3
2025461551314,2025,461551314,1,9,0,-1,19,1,5,-1,0,0,0,0,0,0,1,9,-1,6,2,19,4,-1,-1,-1,-1,1,E01033277,0,5
2025461551326,2025,461551326,2,9,0,-1,19,3,6,-1,0,0,0,0,0,0,2,1,-1,9,1,56,9,-1,-1,-1,-1,2,E01000422,0,2
2025461551326,2025,461551326,1,9,0,-1,19,3,6,-1,0,0,0,0,0,0,1,1,-1,1,1,39,7,-1,-1,-1,-1,3,E01016070,0,4
2025461551532,2025,461551532,1,9,0,-1,19,3,7,-1,0,2,0,0,0,0,4,9,-1,6,2,42,7,-1,-1,-1,-1,7,E01024073,0,4
2025461551538,2025,461551538,1,9,0,-1,19,5,7,-1,0,1,0,0,0,0,4,9,-1,9,2,49,8,-1,-1,-1,-1,6,E01024340,0,1
2025461551549,2025,461551549,2,9,0,-1,19,5,1,-1,0,0,0,0,0,0,1,1,-1,1,1,64,9,-1,-1,-1,-1,9,E01024244,0,3
2025461551549,2025,461551549,1,9,0,-1,19,2,6,-1,0,0,0,0,6,0,1,1,-1,1,1,50,8,-1,-1,-1,-1,5,E01024054,0,1
2025461551568,2025,461551568,2,9,0,-1,4,5,1,-1,0,0,0,0,0,0,2,9,-1,9,2,56,9,-1,-1,-1,-1,5,E01016135,0,2
2025461551568,2025,461551568,1,9,0,-1,19,5,1,-1,0,0,0,0,0,0,1,9,-1,6,3,-1,-1,-1,-1,-1,-1,-1,-1,0,-1
2025461551708,2025,461551708,2,9,0,-1,5,5,1,-1,0,1,0,0,0,0,1,1,-1,9,2,35,6,-1,-1,-1,-1,1,E01024397,0,1
2025461551708,2025,461551708,1,9,0,-1,9,1,5,-1,0,6,0,0,0,0,1,1,-1,9,2,30,6,-1,-1,-1,-1,5,E01024345,0,2
2025461551710,2025,461551710,2,9,0,-1,19,3,7,-1,0,0,0,0,0,0,3,1,-1,9,2,81,11,-1,-1,-1,-1,2,E01024135,0,1
2025461551710,2025,461551710,1,9,0,-1,13,7,3,-1,0,0,0,0,0,0,3,9,-1,6,3,25,5,-1,-1,-1,-1,-1,-1,0,-1
2025461551710,2025,461551710,3,21,0,-1,19,8,4,-1,0,0,0,0,0,0,3,1,-1,1,1,57,9,-1,-1,-1,-1,7,E01024288,0,1
2025461551735,2025,461551735,1,19,0,-1,3,7,3,-1,9,0,0,0,0,0,1,1,-1,1,1,51,8,-1,-1,-1,-1,4,E01016141,0,4
2025461551735,2025,461551735,2,9,0,-1,3,7,3,-1,0,0,0,0,0,0,2,1,-1,9,1,43,7,-1,-1,-1,-1,5,E01024495,0,1
2025461551798,2025,461551798,2,9,0,-1,19,3,7,-1,0,1,0,0,0,0,1,1,-1,9,1,76,11,-1,-1,-1,-1,8,E01024261,0,1
2025461551798,2025,461551798,1,9,0,-1,9,5,3,-1,0,2,0,0,0,0,3,1,-1,9,2,18,4,-1,-1,-1,-1,9,E01024259,0,1
2025461551835,2025,461551835,2,9,0,-1,5,1,5,-1,0,8,0,0,0,0,1,2,-1,6,2,55,8,-1,-1,-1,-1,10,E01024818,0,1
2025461551835,2025,461551835,1,9,0,-1,9,5,3,-1,0,8,0,0,0,0,1,2,-1,9,1,56,9,-1,-1,-1,-1,10,E01024852,0,1
2025461551893,2025,461551893,1,9,0,-1,19,3,7,-1,0,1,0,0,0,0,1,1,-1,9,1,20,4,-1,-1,-1,-1,2,E01024047,0,1
2025461551893,2025,461551893,2,3,0,-1,10,3,7,-1,0,1,0,0,0,0,2,1,-1,1,1,26,6,-1,-1,-1,-1,7,E01024101,0,1
2025461551905,2025,461551905,2,9,0,-1,19,4,8,-1,0,0,0,9,0,0,4,1,-1,9,1,47,8,-1,-1,-1,-1,9,E01026211,0,5
2025461551905,2025,461551905,1,9,0,-1,19,6,2,-1,0,0,0,0,0,0,1,1,-1,6,1,33,6,-1,-1,-1,-1,4,E01035315,0,4
2025461551912,2025,461551912,2,9,0,-1,19,2,6,-1,0,0,0,0,0,0,1,1,-1,2,1,48,8,-1,-1,-1,-1,7,E01024743,0,1
2025461551912,2025,461551912,1,3,0,-1,9,1,6,-1,0,0,5,0,1,0,2,1,-1,6,1,21,5,-1,-1,-1,-1,5,E01033091,0,2
2025461551925,2025,461551925,1,9,0,-1,19,2,6,-1,0,0,2,4,0,0,1,1,-1,9,2,41,7,-1,-1,-1,-1,10,E01024835,0,1
2025461551925,2025,461551925,2,9,0,-1,2,0,0,-1,9,0,0,0,0,0,1,1,-1,9,1,46,8,-1,-1,-1,-1,6,E01024833,0,1
2025461551925,2025,461551925,3,9,0,-1,2,0,0,-1,9,0,0,0,0,0,3,1,-1,6,-1,-1,-1,-1,-1,-1,-1,-1,-1,0,-1
2025461552073,2025,461552073,1,9,0,-1,5,3,8,-1,0,6,0,0,1,0,3,1,-1,9,1,82,11,-1,-1,-1,-1,4,E01024031,0,1
2025461552073,2025,461552073,2,9,0,-1,19,2,6,-1,0,1,0,0,0,0,4,1,-1,9,1,81,11,-1,-1,-1,-1,5,E01023985,0,3
2025461552074,2025,461552074,2,9,0,-1,19,7,4,-1,0,8,1,10,1,1,1,1,-1,9,2,54,8,-1,-1,-1,-1,2,E01023973,0,1
2025461552074,2025,461552074,1,9,0,-1,9,1,7,-1,0,6,0,0,0,0,3,1,-1,9,2,55,8,-1,-1,-1,-1,4,E01024032,0,3
2025461552092,2025,461552092,2,9,0,-1,3,2,6,-1,0,2,0,0,0,0,4,1,-1,9,2,34,6,-1,-1,-1,-1,-1,-1,0,-1
2025461552092,2025,461552092,1,9,0,-1,7,4,8,-1,0,2,0,0,0,0,1,1,-1,6,1,83,11,-1,-1,-1,-1,1,E01024507,0,1
2025461552104,2025,461552104,1,8,0,-1,5,1,3,-1,0,8,0,0,0,0,1,1,-1,1,1,35,6,-1,-1,-1,-1,3,E01016045,0,1
2025461552104,2025,461552104,2,9,0,-1,5,1,3,-1,0,3,0,0,0,0,2,1,-1,1,1,34,6,-1,-1,-1,-1,2,E01024717,0,3
2025461552112,2025,461552112,1,9,0,-1,19,8,3,-1,9,0,0,7,7,7,1,1,-1,6,1,18,4,-1,-1,-1,-1,3,E01024742,0,1
2025461552114,2025,461552114,1,9,0,-1,9,7,4,-1,0,8,0,0,0,0,1,1,-1,6,1,38,7,-1,-1,-1,-1,9,E01016090,0,3
2025461552130,2025,461552130,1,9,0,-1,19,6,2,-1,0,8,0,0,0,0,1,1,-1,9,1,42,7,-1,-1,-1,-1,10,E01024474,0,1
2025461552147,2025,461552147,3,9,0,-1,2,0,0,-1,0,1,0,0,0,0,3,1,-1,6,-1,-1,-1,-1,-1,-1,-1,-1,-1,0,-1
2025461552147,2025,461552147,1,9,0,-1,19,3,1,-1,0,6,0,0,0,0,4,1,-1,6,1,31,6,-1,-1,-1,-1,8,E01024203,0,1
2025461552147,2025,461552147,2,9,0,-1,19,5,1,-1,0,1,0,0,0,0,1,1,-1,6,1,33,6,-1,-1,-1,-1,3,E01024508,0,2
2025461552165,2025,461552165,1,9,0,-1,19,1,7,-1,0,6,0,0,0,0,1,2,-1,9,2,51,8,-1,-1,-1,-1,4,E01035314,0,1
2025461552165,2025,461552165,2,9,0,-1,19,7,3,-1,0,8,0,0,0,0,4,2,-1,9,1,74,10,-1,-1,-1,-1,4,E01035314,0,1
2025461552235,2025,461552235,1,9,0,-1,19,3,7,-1,9,5,2,4,2,10,1,1,-1,6,-1,-1,-1,-1,-1,-1,-1,-1,-1,0,-1
2025461552235,2025,461552235,2,9,0,-1,2,0,0,-1,0,2,0,0,1,0,2,1,-1,6,-1,-1,-1,-1,-1,-1,-1,-1,-1,0,-1
2025461552235,2025,461552235,3,9,0,-1,2,0,0,-1,0,1,0,0,0,0,2,1,-1,6,-1,-1,-1,-1,-1,-1,-1,-1,-1,0,-1
2025461552290,2025,461552290,1,9,0,-1,19,2,6,-1,0,0,5,0,1,0,3,1,-1,9,1,41,7,-1,-1,-1,-1,3,E01024608,0,2
2025461552290,2025,461552290,2,9,0,-1,19,2,6,-1,0,0,5,0,1,0,4,1,-1,9,1,80,11,-1,-1,-1,-1,7,E01024564,0,3
2025461552295,2025,461552295,1,9,0,-1,19,3,7,-1,0,0,2,0,0,0,4,1,-1,9,2,20,4,-1,-1,-1,-1,9,E01024244,0,4
2025461552420,2025,461552420,2,19,0,-1,2,0,0,-1,9,0,0,0,0,0,4,1,-1,6,-1,-1,-1,-1,-1,-1,-1,-1,-1,0,-1
2025461552420,2025,461552420,3,9,0,-1,2,0,0,-1,9,0,0,0,0,0,1,1,-1,6,1,-1,-1,-1,-1,-1,-1,-1,-1,0,-1
2025461552420,2025,461552420,1,9,0,-1,19,6,2,-1,9,0,0,0,7,3,1,1,-1,9,1,29,6,-1,-1,-1,-1,1,E01024657,0,2
2025461552422,2025,461552422,1,9,0,-1,19,7,3,-1,0,1,0,0,0,0,1,9,-1,6,3,-1,-1,-1,-1,-1,-1,-1,-1,0,-1
2025461552454,2025,461552454,1,9,0,-1,4,7,3,-1,0,0,0,0,0,0,1,9,-1,6,2,36,7,-1,-1,-1,-1,2,E01016152,0,1
2025461552454,2025,461552454,2,9,0,-1,19,7,3,-1,0,0,0,0,0,0,2,9,-1,9,2,42,7,-1,-1,-1,-1,5,E01016158,0,1
2025461552480,2025,461552480,1,11,0,-1,19,4,6,-1,0,1,0,0,0,0,3,9,-1,1,3,-1,-1,-1,-1,-1,-1,-1,-1,0,-1
2025461552568,2025,461552568,2,9,0,-1,19,8,4,-1,0,3,0,0,0,0,2,1,-1,2,1,31,6,-1,-1,-1,-1,1,E01024496,0,4
2025461552568,2025,461552568,1,98,1,-1,9,8,5,-1,0,3,0,0,0,0,3,2,-1,1,1,20,4,-1,-1,-1,-1,-1,-1,0,-1
2025461552602,2025,461552602,1,9,0,-1,19,7,3,-1,0,0,0,0,1,3,1,1,-1,1,1,40,7,-1,-1,-1,-1,5,E01024679,0,4
2025461552602,2025,461552602,2,9,0,-1,19,3,7,-1,0,0,1,0,0,0,3,1,-1,2,2,51,8,-1,-1,-1,-1,4,E01016097,0,3
2025461552740,2025,461552740,2,11,0,-1,10,5,3,-1,0,3,0,0,0,0,2,1,-1,1,1,50,8,-1,-1,-1,-1,2,E01001634,0,3
2025461552740,2025,461552740,1,9,0,-1,5,7,5,-1,0,4,0,0,0,0,1,1,-1,9,1,78,11,-1,-1,-1,-1,10,E01024441,0,1
2025461552782,2025,461552782,1,9,0,-1,14,1,5,-1,0,0,0,4,0,0,4,1,-1,9,2,83,11,-1,-1,-1,-1,8,E01024484,0,1
2025461552782,2025,461552782,2,9,0,-1,2,0,0,-1,0,0,1,0,0,0,3,1,-1,6,-1,-1,-1,-1,-1,-1,-1,-1,-1,0,-1
2025461552784,2025,461552784,2,9,0,-1,9,5,8,-1,0,1,0,0,7,0,1,1,-1,9,1,21,5,-1,-1,-1,-1,4,E01024640,0,4
2025461552784,2025,461552784,1,9,5,-1,13,6,4,-1,0,1,0,8,0,0,3,1,-1,9,1,51,8,-1,-1,-1,-1,8,E01024542,0,1
2025461552792,2025,461552792,1,1,0,-1,19,1,7,-1,9,0,0,0,0,0,1,1,-1,9,1,22,5,-1,-1,-1,-1,3,E01024493,0,1
2025461552832,2025,461552832,1,19,0,-1,19,5,1,-1,0,8,0,11,0,0,1,1,-1,1,1,22,5,-1,-1,-1,-1,3,E01035295,0,1
2025461552979,2025,461552979,1,9,0,-1,19,1,5,-1,0,8,0,0,0,0,1,1,-1,9,1,76,11,-1,-1,-1,-1,7,E01021542,0,4
2025461552979,2025,461552979,2,9,0,-1,9,5,2,-1,0,8,5,10,0,0,3,1,-1,9,2,47,8,-1,-1,-1,-1,8,E01024760,0,1
2025461553060,2025,461553060,3,9,0,-1,3,3,3,-1,0,0,0,0,0,0,2,1,-1,9,2,38,7,-1,-1,-1,-1,9,E01030821,0,1
2025461553060,2025,461553060,1,9,0,-1,19,3,3,-1,0,0,0,0,0,0,1,1,-1,6,-1,-1,-1,-1,-1,-1,-1,-1,-1,0,-1
2025461553060,2025,461553060,4,9,0,-1,5,3,3,-1,0,0,0,0,0,0,2,1,-1,1,2,52,8,-1,-1,-1,-1,8,E01030835,0,2
2025461553060,2025,461553060,5,9,0,-1,19,3,3,-1,0,0,0,0,0,0,1,1,-1,9,1,59,9,-1,-1,-1,-1,4,E01024429,0,1
2025461553060,2025,461553060,2,98,1,-1,19,3,3,-1,0,0,0,0,0,0,2,1,-1,1,1,54,8,-1,-1,-1,-1,7,E01002121,0,4
2025461553080,2025,461553080,1,9,0,-1,10,2,7,-1,9,2,0,0,0,0,1,1,-1,9,2,34,6,-1,-1,-1,-1,4,E01024287,0,2
2025461553080,2025,461553080,2,9,0,-1,19,1,5,-1,9,2,0,0,0,0,1,1,-1,9,2,45,7,-1,-1,-1,-1,7,E01024274,0,2
2025461553098,2025,461553098,1,9,0,-1,9,7,5,-1,0,5,0,0,0,0,1,1,-1,9,2,64,9,-1,-1,-1,-1,3,E01024795,0,1
2025461553113,2025,461553113,1,9,0,-1,19,4,8,-1,0,8,1,0,0,0,1,1,-1,9,2,41,7,-1,-1,-1,-1,5,E01024452,0,2
2025461553113,2025,461553113,2,9,0,-1,19,2,6,-1,0,8,1,10,0,0,4,1,-1,6,2,79,11,-1,-1,-1,-1,7,E01024417,0,1
2025461553127,2025,461553127,1,19,0,-1,19,5,1,-1,0,0,0,0,0,0,1,1,-1,1,1,64,9,-1,-1,-1,-1,2,E01035296,0,4
2025461553202,2025,461553202,1,9,0,-1,19,7,3,-1,0,0,1,0,0,0,3,1,-1,9,1,18,4,-1,-1,-1,-1,5,E01035293,0,2
2025461553258,2025,461553258,1,19,0,-1,12,8,5,-1,0,0,1,0,0,0,1,1,-1,2,1,54,8,-1,-1,-1,-1,4,E01024029,0,2
2025461553258,2025,461553258,2,9,0,-1,19,5,1,-1,0,0,1,0,0,0,1,1,-1,1,1,31,6,-1,-1,-1,-1,7,E01024037,0,1
2025461553271,2025,461553271,2,3,0,-1,19,2,7,-1,0,0,0,0,0,0,1,1,-1,1,1,41,7,-1,-1,-1,-1,2,E01024047,0,1
2025461553271,2025,461553271,1,9,0,-1,19,3,7,-1,0,0,0,0,0,0,2,9,-1,6,1,27,6,-1,-1,-1,-1,2,E01024061,0,2
2025461553296,2025,461553296,1,19,0,-1,19,2,4,-1,0,0,0,0,0,0,4,9,-1,6,3,-1,-1,-1,-1,-1,-1,-1,-1,0,-1
2025461553322,2025,461553322,1,9,0,-1,19,6,3,-1,0,0,5,0,0,0,3,1,-1,7,1,18,4,-1,-1,-1,-1,9,E01016052,0,1
2025461553322,2025,461553322,2,9,0,-1,19,4,1,-1,0,0,0,0,0,0,4,1,-1,6,2,17,4,-1,-1,-1,-1,9,E01016172,0,1
2025461553402,2025,461553402,2,9,0,-1,19,5,1,-1,0,0,0,0,0,0,4,1,-1,9,2,61,9,-1,-1,-1,-1,2,E01024699,0,1
2025461553402,2025,461553402,1,3,0,-1,15,7,3,-1,0,0,1,0,0,0,1,1,-1,9,1,18,4,-1,-1,-1,-1,1,E01024663,0,1
2025461553402,2025,461553402,3,9,0,-1,2,3,7,-1,0,0,0,0,0,0,4,1,-1,9,2,46,8,-1,-1,-1,-1,4,E01024665,0,1
2025461553433,2025,461553433,1,9,0,-1,5,2,6,-1,0,2,0,0,0,0,1,1,-1,6,1,25,5,-1,-1,-1,-1,6,E01016167,0,1
2025461553483,2025,461553483,1,9,0,-1,9,5,3,-1,5,6,0,0,0,0,1,1,-1,9,1,75,10,-1,-1,-1,-1,4,E01024134,0,1
2025461553564,2025,461553564,1,9,0,-1,19,3,7,-1,0,0,0,4,0,0,1,1,-1,6,2,77,11,-1,-1,-1,-1,9,E01024143,0,1
2025461553564,2025,461553564,2,21,1,-1,2,7,3,-1,0,0,0,0,0,0,2,1,-1,9,1,51,8,-1,-1,-1,-1,6,E01024052,0,4
2025461553616,2025,461553616,1,9,0,-1,19,3,7,-1,0,0,0,0,0,0,1,1,-1,9,1,17,4,-1,-1,-1,-1,9,E01024462,0,2
2025461553616,2025,461553616,2,90,0,-1,12,7,3,-1,0,0,0,0,0,0,3,1,-1,9,1,13,3,-1,-1,-1,-1,2,E01024775,0,1
2025461553664,2025,461553664,1,9,0,-1,2,0,0,-1,0,5,0,0,0,0,1,1,-1,2,1,33,6,-1,-1,-1,-1,4,E01024287,0,1
2025461553666,2025,461553666,1,9,0,-1,19,6,2,-1,0,0,1,0,0,0,1,1,-1,6,1,18,4,-1,-1,-1,-1,5,E01024528,0,1
2025461553666,2025,461553666,2,9,0,-1,19,8,2,-1,0,0,0,0,0,0,1,1,-1,9,1,19,4,-1,-1,-1,-1,10,E01024523,0,2
2025461553667,2025,461553667,1,9,0,-1,1,1,5,-1,0,0,0,0,0,0,2,9,-1,6,1,58,9,-1,-1,-1,-1,2,E01016046,0,1
2025461553667,2025,461553667,2,9,0,-1,3,1,5,-1,0,0,0,0,0,0,3,9,-1,9,1,30,6,-1,-1,-1,-1,2,E01016066,0,1
2025461553703,2025,461553703,1,9,0,-1,19,5,1,-1,0,1,0,0,0,0,3,9,-1,9,2,76,11,-1,-1,-1,-1,3,E01024509,0,1
2025461553717,2025,461553717,2,9,-1,-1,19,4,6,-1,0,0,0,0,0,0,2,9,-1,6,2,27,6,-1,-1,-1,-1,5,E01024086,0,2
2025461553717,2025,461553717,1,9,0,-1,-1,-1,-1,-1,-1,0,-1,-1,-1,0,1,9,-1,6,1,22,5,-1,-1,-1,-1,5,E01024647,0,4
2025461553746,2025,461553746,2,9,0,-1,4,5,1,-1,0,1,0,0,0,0,2,9,-1,2,2,39,7,-1,-1,-1,-1,1,E01024687,0,1
2025461553746,2025,461553746,1,9,0,-1,4,5,1,-1,0,2,0,0,0,0,1,9,-1,6,1,34,6,-1,-1,-1,-1,1,E01024660,0,2
2025461553752,2025,461553752,1,9,-1,-1,19,4,4,-1,0,1,0,0,0,0,1,9,-1,6,3,-1,-1,-1,-1,-1,-1,-1,-1,0,-1
2025461553752,2025,461553752,2,9,0,-1,2,0,0,-1,0,2,0,0,0,0,1,9,-1,6,3,-1,-1,-1,-1,-1,-1,-1,-1,0,-1
2025461553759,2025,461553759,1,9,0,-1,19,1,5,-1,0,5,0,0,0,0,1,9,-1,6,2,-1,-1,-1,-1,-1,-1,7,E01024465,0,1
2025461553837,2025,461553837,1,2,-1,-1,19,3,7,-1,0,0,0,0,0,0,1,1,-1,9,3,-1,-1,-1,-1,-1,-1,-1,-1,0,-1
2025461554025,2025,461554025,2,9,0,-1,19,7,3,-1,0,1,0,0,0,0,1,1,-1,9,1,60,9,-1,-1,-1,-1,-1,-1,0,-1
2025461554025,2025,461554025,1,9,0,-1,9,4,8,-1,0,8,0,0,6,0,4,1,-1,9,1,77,11,-1,-1,-1,-1,8,E01024055,0,4
2025461554040,2025,461554040,1,9,0,-1,19,8,4,-1,0,0,0,0,0,0,1,1,-1,9,1,72,10,-1,-1,-1,-1,-1,-1,0,-1
2025461554057,2025,461554057,1,9,0,-1,1,3,7,-1,0,5,0,0,0,0,2,1,-1,9,2,43,7,-1,-1,-1,-1,4,E01024138,0,1
2025461554057,2025,461554057,2,3,0,-1,19,3,7,-1,0,6,0,0,0,0,1,1,-1,9,2,31,6,-1,-1,-1,-1,5,E01000330,0,2
2025461554118,2025,461554118,2,97,0,-1,14,5,1,-1,0,8,2,0,0,0,1,1,-1,6,1,22,5,-1,-1,-1,-1,9,E01024112,0,1
2025461554118,2025,461554118,1,9,0,-1,9,5,3,-1,0,8,0,0,0,0,3,9,-1,6,2,-1,-1,-1,-1,-1,-1,2,E01024108,0,3
2025461554127,2025,461554127,2,1,0,-1,19,3,7,-1,0,0,0,0,0,0,3,1,-1,9,2,30,6,-1,-1,-1,-1,4,E01035319,0,1
2025461554127,2025,461554127,1,19,0,-1,19,3,7,-1,0,0,0,0,0,0,3,9,-1,6,1,65,9,-1,-1,-1,-1,8,E01033088,0,4
2025461554131,2025,461554131,1,9,0,-1,19,4,8,-1,0,1,0,0,0,0,1,9,-1,6,2,33,6,-1,-1,-1,-1,6,E01024806,0,1
2025461554131,2025,461554131,2,9,0,-1,8,4,8,-1,0,1,0,0,0,0,2,9,-1,6,2,60,9,-1,-1,-1,-1,5,E01024787,0,1
2025461554171,2025,461554171,2,9,0,-1,7,5,7,-1,0,0,0,0,0,0,4,9,-1,6,2,28,6,-1,-1,-1,-1,4,E01024134,0,1
2025461554171,2025,461554171,1,9,0,-1,12,5,1,-1,0,0,0,0,0,0,3,9,-1,6,1,-1,-1,-1,-1,-1,-1,-1,-1,0,-1
2025461554176,2025,461554176,1,1,0,-1,19,7,3,-1,0,4,0,0,0,0,1,1,-1,6,-1,-1,-1,-1,-1,-1,-1,-1,-1,0,-1
2025461554176,2025,461554176,2,9,0,-1,7,3,7,-1,0,3,0,0,0,0,4,2,-1,2,2,57,9,-1,-1,-1,-1,4,E01024226,0,1
2025461554196,2025,461554196,1,9,0,-1,19,3,7,-1,0,8,0,0,0,0,1,9,-1,6,2,40,7,-1,-1,-1,-1,6,E01016078,0,1
2025461554262,2025,461554262,2,9,0,-1,3,8,4,-1,0,0,0,0,0,0,2,1,-1,6,2,51,8,-1,-1,-1,-1,1,E01024662,0,1
2025461554262,2025,461554262,1,9,0,-1,4,8,4,-1,0,0,0,0,0,0,1,1,-1,6,2,72,10,-1,-1,-1,-1,1,E01024672,0,1
2025461554276,2025,461554276,2,9,0,-1,4,4,8,-1,0,1,0,0,0,0,2,1,-1,6,2,19,4,-1,-1,-1,-1,4,E01024134,0,3
2025461554276,2025,461554276,1,98,0,-1,19,4,8,-1,0,1,0,0,0,0,1,1,-1,1,1,65,9,-1,-1,-1,-1,5,E01024335,0,1
2025461554394,2025,461554394,1,9,0,-1,9,1,7,-1,0,8,0,0,1,4,1,1,-1,9,1,82,11,-1,-1,-1,-1,7,E01024405,0,1
2025461554417,2025,461554417,1,9,0,-1,19,1,2,-1,0,1,0,0,0,0,1,1,-1,9,1,47,8,-1,-1,-1,-1,8,E01024045,0,1
2025461554417,2025,461554417,2,9,0,-1,5,7,4,-1,0,1,0,0,0,0,1,1,-1,9,2,65,9,-1,-1,-1,-1,5,E01024110,0,1
2025461554469,2025,461554469,2,9,0,-1,3,7,3,-1,0,5,0,0,1,4,2,1,-1,2,1,70,10,-1,-1,-1,-1,5,E01024704,0,2
2025461554469,2025,461554469,1,19,0,-1,19,7,3,-1,0,6,0,0,0,0,1,1,-1,2,1,36,7,-1,-1,-1,-1,6,E01024117,0,2
2025461554470,2025,461554470,2,3,0,-1,19,1,5,-1,0,0,0,0,0,0,1,1,-1,1,1,18,4,-1,-1,-1,-1,8,E01024828,0,2