collision_index,collision_year,collision_ref_no,vehicle_reference,vehicle_type,towing_and_articulation,vehicle_manoeuvre_historic,vehicle_manoeuvre,vehicle_direction_from,vehicle_direction_to,vehicle_location_restricted_lane_historic,vehicle_location_restricted_lane,junction_location,skidding_and_overturning,hit_object_in_carriageway,vehicle_leaving_carriageway,hit_object_off_carriageway,first_point_of_impact,vehicle_left_hand_drive,journey_purpose_of_driver_historic,journey_purpose_of_driver,sex_of_driver,age_of_driver,age_band_of_driver,engine_capacity_cc,propulsion_code,age_of_vehicle,generic_make_model,driver_imd_decile,lsoa_of_driver,escooter_flag,driver_distance_banding
2025461554470,2025,461554470,1,9,0,-1,10,0,1,-1,0,0,0,0,0,0,1,1,-1,9,1,50,8,-1,-1,-1,-1,9,E01012969,0,5
2025461554489,2025,461554489,2,1,0,-1,19,7,3,-1,0,0,2,0,0,0,3,1,-1,6,1,12,3,-1,-1,-1,-1,3,E01016129,0,1
2025461554489,2025,461554489,1,9,0,-1,19,8,5,-1,0,0,0,0,0,0,1,1,-1,1,1,61,9,-1,-1,-1,-1,9,E01016176,0,1
2025461554511,2025,461554511,2,9,0,-1,2,8,4,-1,-1,0,0,0,0,0,3,1,-1,6,-1,-1,-1,-1,-1,-1,-1,-1,-1,0,-1
2025461554511,2025,461554511,1,19,0,-1,19,8,4,-1,0,0,0,0,0,0,4,2,-1,1,1,23,5,-1,-1,-1,-1,-1,-1,0,-1
2025461554518,2025,461554518,1,9,0,-1,19,6,2,-1,0,0,2,0,2,4,4,1,-1,9,1,23,5,-1,-1,-1,-1,6,E01024457,0,1
2025461554535,2025,461554535,1,9,0,-1,19,8,8,-1,0,1,0,0,0,0,1,1,-1,9,2,18,4,-1,-1,-1,-1,8,E01024708,0,1
2025461554554,2025,461554554,1,9,0,-1,19,4,2,-1,0,0,1,0,1,0,4,1,-1,6,1,34,6,-1,-1,-1,-1,3,E01023972,0,4
2025461554606,2025,461554606,2,9,0,-1,19,2,6,-1,0,1,1,0,0,0,1,1,-1,6,2,56,9,-1,-1,-1,-1,2,E01024246,0,1
2025461554606,2025,461554606,1,9,0,-1,9,3,4,-1,0,5,0,0,0,0,1,1,-1,6,1,40,7,-1,-1,-1,-1,4,E01017327,0,5
2025461554682,2025,461554682,1,9,0,-1,19,1,5,-1,0,0,0,0,0,0,1,1,-1,9,2,49,8,-1,-1,-1,-1,1,E01035317,0,1
2025461554683,2025,461554683,3,9,0,-1,4,8,4,-1,0,0,0,0,0,0,2,1,-1,6,2,50,8,-1,-1,-1,-1,9,E01016053,0,3
2025461554683,2025,461554683,4,9,0,-1,4,8,4,-1,0,0,0,0,0,0,2,1,-1,6,1,53,8,-1,-1,-1,-1,3,E01016021,0,3
2025461554683,2025,461554683,2,9,0,-1,4,8,4,-1,0,0,0,0,0,0,2,1,-1,6,2,29,6,-1,-1,-1,-1,3,E01024583,0,4
2025461554683,2025,461554683,1,9,0,-1,4,8,4,-1,0,0,1,0,0,0,1,1,-1,6,1,55,8,-1,-1,-1,-1,5,E01003666,0,4
2025461554728,2025,461554728,2,9,0,-1,2,0,0,-1,9,0,0,0,1,0,2,1,-1,6,-1,-1,-1,-1,-1,-1,-1,-1,-1,0,-1
2025461554728,2025,461554728,1,9,0,-1,19,3,7,-1,0,0,0,4,0,0,1,1,-1,9,1,45,7,-1,-1,-1,-1,1,E01016864,0,4
2025461554767,2025,461554767,1,9,0,-1,19,3,7,-1,0,1,0,0,0,0,4,1,-1,9,1,38,7,-1,-1,-1,-1,5,E01000379,0,1
2025461554767,2025,461554767,2,1,0,-1,19,3,7,-1,0,1,0,0,0,0,1,1,-1,6,1,18,4,-1,-1,-1,-1,9,E01024186,0,1
2025461554825,2025,461554825,2,9,0,-1,13,7,3,-1,0,0,0,0,0,0,1,1,-1,9,1,55,8,-1,-1,-1,-1,1,E01024498,0,2
2025461554825,2025,461554825,1,9,0,-1,6,7,3,-1,0,0,0,0,0,0,3,1,-1,2,1,20,4,-1,-1,-1,-1,5,E01024216,0,1
2025461554893,2025,461554893,3,9,0,-1,19,7,3,-1,0,1,0,0,0,0,1,1,-1,6,2,31,6,-1,-1,-1,-1,3,E01024535,0,1
2025461554893,2025,461554893,2,9,0,-1,19,4,7,-1,0,1,0,0,0,0,1,1,-1,6,2,86,11,-1,-1,-1,-1,7,E01024538,0,1
2025461554893,2025,461554893,1,9,0,-1,9,5,3,-1,0,6,0,0,0,0,0,1,-1,6,1,47,8,-1,-1,-1,-1,-1,-1,0,-1
2025461554941,2025,461554941,1,9,0,-1,19,7,3,-1,-1,0,0,10,1,7,1,1,-1,6,1,76,11,-1,-1,-1,-1,8,E01024053,0,3
2025461554951,2025,461554951,1,9,0,-1,9,7,3,-1,0,8,0,0,0,0,4,1,-1,6,1,27,6,-1,-1,-1,-1,9,E01024089,0,2
2025461554951,2025,461554951,2,9,0,-1,19,1,5,-1,0,1,1,0,0,0,1,1,-1,9,1,41,7,-1,-1,-1,-1,2,E01024699,0,4
2025461554959,2025,461554959,1,-1,0,-1,19,2,4,-1,0,6,0,0,0,0,1,1,-1,6,2,42,7,-1,-1,-1,-1,-1,-1,1,-1
2025461555001,2025,461555001,1,9,0,-1,19,5,7,-1,0,1,0,0,0,0,3,9,-1,6,2,43,7,-1,-1,-1,-1,7,E01016162,0,1
2025461555001,2025,461555001,2,9,0,-1,9,5,3,-1,0,1,0,0,0,0,4,9,-1,2,2,25,5,-1,-1,-1,-1,6,E01016166,0,1
2025461555010,2025,461555010,1,20,4,-1,19,5,1,-1,0,1,0,0,0,0,1,9,-1,6,1,41,7,-1,-1,-1,-1,3,E01024583,0,3
2025461555010,2025,461555010,2,9,0,-1,9,1,5,-1,0,1,0,0,0,0,3,9,-1,9,1,23,5,-1,-1,-1,-1,2,E01016066,0,1
2025461555038,2025,461555038,1,3,0,-1,13,6,2,-1,0,0,0,0,0,0,1,1,-1,6,1,20,4,-1,-1,-1,-1,8,E01016169,0,1
2025461555038,2025,461555038,2,9,0,-1,9,2,4,-1,0,0,0,0,0,0,3,9,-1,9,1,21,5,-1,-1,-1,-1,8,E01016132,0,1
2025461555051,2025,461555051,3,98,0,-1,2,0,0,-1,0,1,0,0,0,0,0,1,-1,1,1,24,5,-1,-1,-1,-1,7,E01024405,0,4
2025461555051,2025,461555051,1,9,0,-1,9,8,5,-1,0,6,0,0,0,0,1,1,-1,6,2,21,5,-1,-1,-1,-1,5,E01023985,0,1
2025461555051,2025,461555051,2,3,0,-1,19,6,2,-1,0,8,0,0,0,0,4,1,-1,2,1,26,6,-1,-1,-1,-1,2,E01023990,0,2
2025461555053,2025,461555053,2,98,5,-1,19,5,1,-1,0,0,1,0,0,0,1,1,-1,1,1,18,4,-1,-1,-1,-1,10,E01000445,0,3
2025461555053,2025,461555053,1,9,0,-1,4,1,5,-1,0,0,0,0,0,0,1,1,-1,9,1,59,9,-1,-1,-1,-1,6,E01024436,0,1
2025461555159,2025,461555159,2,97,0,-1,19,3,7,-1,0,2,0,0,0,0,1,1,-1,6,1,-1,-1,-1,-1,-1,-1,2,E01024246,0,1
2025461555159,2025,461555159,1,9,0,-1,5,3,7,-1,0,2,0,0,0,0,1,9,-1,6,2,65,9,-1,-1,-1,-1,2,E01024192,0,3
2025461555184,2025,461555184,2,19,0,-1,11,7,3,-1,-1,0,0,0,1,0,4,1,-1,1,1,39,7,-1,-1,-1,-1,7,E01032820,0,2
2025461555184,2025,461555184,1,21,4,-1,19,1,5,-1,0,0,0,0,0,0,1,2,-1,1,1,26,6,-1,-1,-1,-1,-1,-1,0,-1
2025461555251,2025,461555251,1,9,0,-1,2,0,0,-1,0,2,0,0,0,0,3,1,-1,9,2,56,9,-1,-1,-1,-1,6,E01035003,0,2
2025461555346,2025,461555346,2,9,0,-1,19,5,1,-1,0,4,0,0,0,0,1,1,-1,9,2,20,4,-1,-1,-1,-1,3,E01000381,0,2
2025461555346,2025,461555346,1,9,0,-1,19,5,1,-1,0,4,0,0,0,0,2,1,-1,9,2,25,5,-1,-1,-1,-1,6,E01024136,0,1
2025461555360,2025,461555360,2,97,0,-1,5,4,8,-1,0,0,5,0,0,0,4,1,-1,9,1,32,6,-1,-1,-1,-1,8,E01016144,0,2
2025461555360,2025,461555360,1,9,0,-1,6,6,7,-1,0,0,0,0,0,0,1,1,-1,9,1,88,11,-1,-1,-1,-1,3,E01016047,0,1
2025461555367,2025,461555367,1,9,0,-1,19,4,8,-1,0,0,1,0,0,0,1,1,-1,9,2,35,6,-1,-1,-1,-1,4,E01024565,0,2
2025461555410,2025,461555410,2,9,0,-1,3,-1,-1,-1,0,-1,0,0,0,0,2,9,-1,6,2,22,5,-1,-1,-1,-1,2,E01016140,0,1
2025461555410,2025,461555410,1,19,0,-1,19,3,7,-1,0,-1,0,0,0,0,1,9,-1,6,2,-1,-1,-1,-1,-1,-1,-1,-1,0,-1
2025461555411,2025,461555411,1,9,0,-1,19,1,5,-1,0,0,1,0,0,0,1,9,-1,6,1,80,11,-1,-1,-1,-1,4,E01023998,0,1
2025461555411,2025,461555411,2,17,0,-1,2,1,5,-1,9,0,0,0,0,0,2,9,-1,1,1,45,7,-1,-1,-1,-1,7,E01024037,0,3
2025461555413,2025,461555413,1,9,0,-1,5,1,7,-1,0,0,0,0,0,0,3,9,-1,6,1,19,4,-1,-1,-1,-1,5,E01024512,0,1
2025461555413,2025,461555413,2,1,0,-1,19,8,4,-1,0,0,0,0,0,0,4,1,-1,6,1,43,7,-1,-1,-1,-1,1,E01024240,0,3
2025461555555,2025,461555555,2,9,0,-1,99,7,3,-1,0,0,0,0,0,0,1,9,-1,6,1,76,11,-1,-1,-1,-1,10,E01024751,0,2
2025461555555,2025,461555555,1,9,0,-1,99,3,7,-1,0,0,0,0,0,0,1,9,-1,6,1,-1,-1,-1,-1,-1,-1,-1,-1,0,-1
2025461555578,2025,461555578,3,19,0,-1,3,7,3,-1,0,0,0,0,0,0,2,1,-1,2,1,58,9,-1,-1,-1,-1,4,E01021720,0,4
2025461555578,2025,461555578,4,19,0,-1,3,7,3,-1,0,0,0,0,0,0,2,1,-1,2,1,22,5,-1,-1,-1,-1,7,E01030818,0,4
2025461555578,2025,461555578,2,9,0,-1,2,0,0,-1,0,0,0,4,0,0,2,1,-1,9,1,45,7,-1,-1,-1,-1,3,E01016043,0,4
2025461555578,2025,461555578,1,20,0,-1,19,7,3,-1,0,0,0,0,0,0,1,1,-1,2,1,54,8,-1,-1,-1,-1,5,E01001251,0,4
2025461555592,2025,461555592,3,9,0,-1,2,0,0,-1,-1,0,0,0,0,0,3,1,-1,6,1,60,9,-1,-1,-1,-1,9,E01024376,0,1
2025461555592,2025,461555592,2,9,0,-1,2,1,5,-1,9,0,1,0,0,0,4,1,-1,9,2,49,8,-1,-1,-1,-1,3,E01024396,0,1
2025461555592,2025,461555592,1,9,0,-1,19,5,1,-1,0,0,1,4,1,0,4,1,-1,6,1,16,4,-1,-1,-1,-1,1,E01024397,0,1
2025461555602,2025,461555602,2,9,0,-1,19,3,7,-1,0,0,0,0,0,0,2,9,-1,6,1,32,6,-1,-1,-1,-1,-1,-1,0,-1
2025461555602,2025,461555602,3,9,0,-1,19,3,7,-1,0,0,0,0,0,0,2,9,-1,9,1,49,8,-1,-1,-1,-1,1,E01016049,0,1
2025461555602,2025,461555602,1,19,0,-1,19,3,7,-1,0,0,0,0,0,0,1,9,-1,6,1,57,9,-1,-1,-1,-1,-1,-1,0,-1
2025461555624,2025,461555624,2,9,0,-1,19,5,1,-1,9,0,0,0,1,0,1,1,-1,2,2,48,8,-1,-1,-1,-1,9,E01024376,0,1
2025461555624,2025,461555624,1,9,0,-1,13,1,5,-1,0,0,1,0,0,0,1,1,-1,2,1,31,6,-1,-1,-1,-1,4,E01024372,0,1
2025461555629,2025,461555629,1,9,0,-1,19,8,6,-1,0,8,0,0,0,0,3,9,-1,6,2,-1,-1,-1,-1,-1,-1,-1,-1,0,-1
2025461555629,2025,461555629,2,1,0,-1,19,5,2,-1,0,8,5,0,0,0,4,1,-1,9,2,53,8,-1,-1,-1,-1,7,E01035011,0,2
2025461555701,2025,461555701,2,9,0,-1,19,5,1,-1,0,1,0,10,1,1,3,1,-1,9,1,33,6,-1,-1,-1,-1,1,E01024610,0,1
2025461555701,2025,461555701,1,9,0,-1,9,1,6,-1,0,5,0,0,7,0,1,1,-1,9,2,70,10,-1,-1,-1,-1,5,E01024595,0,1
2025461555810,2025,461555810,2,9,0,-1,4,8,4,-1,0,0,0,0,0,0,2,1,-1,1,1,37,7,-1,-1,-1,-1,9,E01000349,0,3
2025461555810,2025,461555810,1,19,0,-1,19,8,4,-1,0,0,5,0,0,0,1,1,-1,1,1,34,6,-1,-1,-1,-1,5,E01001035,0,4
2025461555838,2025,461555838,2,9,0,-1,19,-1,-1,-1,0,0,0,0,0,0,4,9,-1,6,1,33,6,-1,-1,-1,-1,2,E01001193,0,4
2025461555838,2025,461555838,1,98,0,-1,-1,-1,-1,-1,0,0,0,0,0,0,3,9,-1,6,3,-1,-1,-1,-1,-1,-1,-1,-1,0,-1
2025461555842,2025,461555842,1,19,0,-1,19,5,7,-1,0,0,0,0,0,0,1,9,-1,6,3,-1,-1,-1,-1,-1,-1,-1,-1,0,-1
2025461555842,2025,461555842,2,9,0,-1,19,5,7,-1,0,0,1,0,0,0,2,9,-1,9,2,38,7,-1,-1,-1,-1,4,E01033870,0,4
2025461555938,2025,461555938,2,9,0,-1,19,4,8,-1,0,1,0,0,0,0,3,1,-1,9,2,20,4,-1,-1,-1,-1,2,E01021103,0,4
2025461555938,2025,461555938,1,9,0,-1,19,2,6,-1,0,6,0,0,0,0,1,1,-1,9,1,84,11,-1,-1,-1,-1,4,E01023986,0,2
2025461555961,2025,461555961,2,9,0,-1,19,3,6,-1,0,8,0,0,0,0,1,1,-1,1,2,28,6,-1,-1,-1,-1,3,E01024608,0,1
2025461555961,2025,461555961,1,3,0,-1,11,2,6,-1,0,6,0,0,0,0,2,1,-1,6,1,49,8,-1,-1,-1,-1,2,E01024599,0,1
2025461556000,2025,461556000,2,9,0,-1,2,0,0,-1,0,1,0,0,0,0,2,1,-1,6,-1,-1,-1,-1,-1,-1,-1,-1,-1,0,-1
2025461556000,2025,461556000,1,9,0,-1,5,7,3,-1,0,1,0,4,0,0,1,1,-1,6,1,37,7,-1,-1,-1,-1,1,E01024597,0,1
2025461556064,2025,461556064,2,9,0,-1,19,1,5,-1,0,0,0,0,0,0,1,1,-1,6,1,46,8,-1,-1,-1,-1,2,E01024664,0,1
2025461556064,2025,461556064,1,9,0,-1,19,5,1,-1,0,0,1,0,0,0,1,1,-1,6,1,19,4,-1,-1,-1,-1,3,E01024713,0,1
2025461556064,2025,461556064,3,9,0,-1,2,0,0,-1,0,0,0,0,0,0,2,1,-1,6,1,25,5,-1,-1,-1,-1,1,E01024687,0,1
2025461556067,2025,461556067,2,3,0,-1,9,7,7,-1,0,8,0,0,0,0,2,1,-1,6,1,24,5,-1,-1,-1,-1,2,E01035297,0,1
2025461556067,2025,461556067,1,9,0,-1,19,3,7,-1,0,4,0,0,0,0,1,1,-1,9,1,57,9,-1,-1,-1,-1,4,E01016143,0,1
2025461556118,2025,461556118,1,9,0,-1,19,8,4,-1,0,0,0,4,0,0,1,1,-1,6,1,37,7,-1,-1,-1,-1,1,E01016017,0,1
2025461556118,2025,461556118,2,9,0,-1,19,8,4,-1,0,0,0,0,0,0,2,1,-1,9,1,63,9,-1,-1,-1,-1,5,E01016135,0,1
2025461556124,2025,461556124,1,9,0,-1,5,5,2,-1,0,2,0,0,0,0,1,1,-1,9,1,25,5,-1,-1,-1,-1,3,E01034991,0,2
2025461556124,2025,461556124,2,9,0,-1,5,6,2,-1,0,1,0,0,0,0,1,1,-1,9,1,83,11,-1,-1,-1,-1,7,E01024743,0,1
2025461556144,2025,461556144,1,9,0,-1,19,7,3,-1,0,1,0,0,0,0,3,1,-1,1,1,35,6,-1,-1,-1,-1,7,E01024224,0,3
2025461556144,2025,461556144,2,9,0,-1,10,7,3,-1,0,6,0,0,7,0,3,9,-1,2,2,20,4,-1,-1,-1,-1,6,E01024653,0,1
2025461556207,2025,461556207,2,1,0,-1,19,1,3,-1,0,0,0,0,0,0,1,1,-1,6,1,19,4,-1,-1,-1,-1,8,E01024045,0,1
2025461556207,2025,461556207,1,9,0,-1,19,3,1,-1,0,0,0,0,0,0,1,9,-1,6,2,-1,-1,-1,-1,-1,-1,8,E01024045,0,1
2025461556215,2025,461556215,2,9,0,-1,19,7,3,-1,0,0,0,0,0,0,1,1,-1,9,2,27,6,-1,-1,-1,-1,4,E01016077,0,1
2025461556215,2025,461556215,1,9,0,-1,19,3,7,-1,0,0,0,0,0,0,1,1,-1,6,2,35,6,-1,-1,-1,-1,8,E01016148,0,1
2025461556230,2025,461556230,1,9,0,-1,6,0,3,-1,0,0,0,0,0,0,3,1,-1,1,1,51,8,-1,-1,-1,-1,4,E01016077,0,2
2025461556289,2025,461556289,1,9,0,-1,19,4,8,-1,0,0,0,0,0,0,1,9,-1,6,2,29,6,-1,-1,-1,-1,2,E01034177,0,4
2025461556289,2025,461556289,2,10,0,-1,19,4,8,-1,0,0,0,0,0,0,2,9,-1,2,1,44,7,-1,-1,-1,-1,8,E01021172,0,3
2025461556373,2025,461556373,1,9,0,-1,7,1,3,-1,0,6,0,0,0,0,1,1,-1,6,1,21,5,-1,-1,-1,-1,2,E01023975,0,1
2025461556373,2025,461556373,2,9,0,-1,19,3,7,-1,0,6,0,0,0,0,1,1,-1,6,1,71,10,-1,-1,-1,-1,4,E01023998,0,3
2025461556391,2025,461556391,1,19,0,-1,19,4,2,-1,0,0,0,0,0,0,1,1,-1,1,1,35,6,-1,-1,-1,-1,5,E01024086,0,4
2025461556391,2025,461556391,2,19,0,-1,19,2,4,-1,0,0,0,0,0,0,1,1,-1,1,1,22,5,-1,-1,-1,-1,3,E01021092,0,4
2025461556602,2025,461556602,2,19,-1,-1,-1,6,8,-1,-1,0,-1,-1,-1,0,-1,9,-1,6,3,-1,-1,-1,-1,-1,-1,-1,-1,0,-1
2025461556602,2025,461556602,1,2,0,-1,19,6,8,-1,0,0,2,11,0,0,3,1,-1,9,1,17,4,-1,-1,-1,-1,5,E01024216,0,1
2025461556603,2025,461556603,2,1,0,-1,19,7,5,-1,0,2,5,0,0,0,1,1,-1,9,1,47,8,-1,-1,-1,-1,9,E01016052,0,1
2025461556603,2025,461556603,1,9,0,-1,9,1,5,-1,0,2,0,0,0,0,4,9,-1,6,2,24,5,-1,-1,-1,-1,6,E01016057,0,1
2025461556611,2025,461556611,2,3,0,-1,19,-1,-1,-1,0,0,5,0,0,0,3,1,-1,6,1,19,4,-1,-1,-1,-1,1,E01024193,0,1
2025461556611,2025,461556611,1,9,0,-1,7,-1,-1,-1,0,0,0,0,0,0,1,9,-1,6,1,18,4,-1,-1,-1,-1,4,E01024623,0,4
2025461556613,2025,461556613,2,9,0,-1,3,1,1,-1,0,0,0,0,0,0,2,1,-1,6,2,36,7,-1,-1,-1,-1,4,E01003354,0,3
2025461556613,2025,461556613,1,19,0,-1,11,1,1,-1,0,0,0,0,0,0,1,1,-1,1,1,65,9,-1,-1,-1,-1,-1,-1,0,-1
2025461556624,2025,461556624,1,9,0,-1,6,3,7,-1,0,0,0,0,0,0,1,9,-1,1,1,44,7,-1,-1,-1,-1,5,E01000360,0,4
2025461556692,2025,461556692,1,1,0,-1,19,1,5,-1,0,0,0,0,0,0,1,1,-1,9,1,-1,-1,-1,-1,-1,-1,-1,-1,0,-1
2025461556692,2025,461556692,2,9,0,-1,2,0,0,-1,0,0,0,0,0,0,4,9,-1,9,1,45,7,-1,-1,-1,-1,9,E01024068,0,1
2025461556710,2025,461556710,1,19,0,-1,9,2,4,-1,0,1,0,0,0,0,1,9,-1,6,1,-1,-1,-1,-1,-1,-1,-1,-1,0,-1
2025461556710,2025,461556710,2,1,0,-1,10,4,6,-1,0,1,0,0,0,0,1,1,-1,9,1,30,6,-1,-1,-1,-1,1,E01024049,0,1
2025461556729,2025,461556729,2,19,0,-1,19,4,8,-1,0,1,0,0,0,0,1,1,-1,1,1,21,5,-1,-1,-1,-1,9,E01016073,0,4
2025461556729,2025,461556729,1,9,0,-1,5,7,3,-1,0,6,0,0,0,0,3,1,-1,9,1,18,4,-1,-1,-1,-1,3,E01035312,0,1
2025461556738,2025,461556738,2,9,0,-1,2,7,3,-1,0,0,0,0,1,9,2,1,-1,9,2,23,5,-1,-1,-1,-1,2,E01016140,0,1
2025461556738,2025,461556738,1,9,0,-1,19,7,3,-1,0,0,0,4,0,0,1,1,-1,9,1,44,7,-1,-1,-1,-1,9,E01035290,0,1
2025461556771,2025,461556771,1,19,0,-1,19,7,3,-1,9,0,0,0,0,0,4,9,-1,6,3,-1,-1,-1,-1,-1,-1,-1,-1,0,-1
2025461556778,2025,461556778,2,9,0,-1,3,4,4,-1,0,8,0,0,0,0,2,1,-1,6,1,31,6,-1,-1,-1,-1,4,E01024222,0,2
2025461556778,2025,461556778,1,9,0,-1,4,4,4,-1,0,8,0,4,0,0,1,1,-1,2,2,35,6,-1,-1,-1,-1,2,E01024505,0,3
2025461556778,2025,461556778,3,9,0,-1,3,4,4,-1,0,8,0,0,0,0,2,1,-1,6,2,60,9,-1,-1,-1,-1,6,E01024250,0,2
2025461556798,2025,461556798,1,9,0,-1,9,1,5,-1,0,8,0,0,0,0,4,1,-1,6,1,90,11,-1,-1,-1,-1,7,E01024780,0,1
2025461556798,2025,461556798,2,1,0,-1,19,5,1,-1,0,1,2,0,0,0,1,1,-1,9,1,52,8,-1,-1,-1,-1,10,E01024850,0,1
2025461556811,2025,461556811,2,9,0,-1,19,1,5,-1,0,0,0,0,5,0,2,1,-1,9,1,45,7,-1,-1,-1,-1,3,E01003593,0,4
2025461556811,2025,461556811,1,9,0,-1,19,1,5,-1,0,0,0,0,1,0,1,1,-1,9,1,23,5,-1,-1,-1,-1,5,E01024010,0,4
2025461556854,2025,461556854,2,21,0,-1,4,7,3,-1,0,0,0,0,0,0,2,2,-1,1,1,29,6,-1,-1,-1,-1,-1,-1,0,-1
2025461556854,2025,461556854,1,11,0,-1,19,7,3,-1,0,0,0,0,0,0,1,2,-1,1,2,60,9,-1,-1,-1,-1,-1,-1,0,-1
2025461556884,2025,461556884,2,1,0,-1,19,1,5,-1,0,1,0,0,0,0,1,1,-1,6,1,25,5,-1,-1,-1,-1,9,E01000327,0,1
2025461556884,2025,461556884,1,9,0,-1,9,2,8,-1,0,6,0,0,0,0,1,1,-1,6,1,90,11,-1,-1,-1,-1,9,E01024147,0,1
2025461557038,2025,461557038,3,9,0,-1,2,0,0,-1,0,2,0,4,0,0,2,1,-1,6,-1,-1,-1,-1,-1,-1,-1,-1,-1,0,-1
2025461557038,2025,461557038,4,9,0,-1,2,0,0,-1,0,2,0,4,0,0,2,1,-1,6,-1,-1,-1,-1,-1,-1,-1,-1,-1,0,-1
2025461557038,2025,461557038,5,9,0,-1,2,0,0,-1,0,2,0,0,0,0,2,1,-1,6,-1,-1,-1,-1,-1,-1,-1,-1,-1,0,-1
2025461557038,2025,461557038,2,9,0,-1,2,0,0,-1,0,2,0,4,0,0,2,1,-1,6,-1,-1,-1,-1,-1,-1,-1,-1,-1,0,-1
2025461557038,2025,461557038,1,9,0,-1,9,3,1,-1,0,2,5,4,0,0,1,1,-1,9,1,35,6,-1,-1,-1,-1,1,E01024697,0,1
2025461557047,2025,461557047,3,9,0,-1,2,8,8,-1,9,0,0,0,0,0,4,1,-1,9,1,67,10,-1,-1,-1,-1,4,E01024767,0,1
2025461557047,2025,461557047,2,9,0,-1,4,7,7,-1,0,0,0,0,0,0,3,1,-1,9,2,34,6,-1,-1,-1,-1,4,E01024767,0,1
2025461557047,2025,461557047,1,9,0,-1,2,3,4,-1,0,0,0,0,0,0,2,1,-1,9,1,65,9,-1,-1,-1,-1,9,E01024757,0,1
2025461557075,2025,461557075,1,9,0,-1,6,1,5,-1,0,2,0,0,0,0,1,1,-1,9,2,63,9,-1,-1,-1,-1,7,E01032079,0,5
2025461557075,2025,461557075,2,9,0,-1,19,7,3,-1,0,1,0,0,0,0,1,1,-1,9,2,52,8,-1,-1,-1,-1,3,E01024713,0,1
2025461557086,2025,461557086,2,9,0,-1,19,7,3,-1,0,0,0,0,0,0,0,1,-1,8,1,41,7,-1,-1,-1,-1,-1,-1,0,-1
2025461557086,2025,461557086,1,4,0,-1,19,7,3,-1,9,0,1,0,1,11,1,1,-1,6,1,19,4,-1,-1,-1,-1,-1,-1,0,-1
2025461557349,2025,461557349,1,19,0,-1,9,4,2,-1,0,6,0,0,0,0,3,1,-1,1,1,61,9,-1,-1,-1,-1,3,E01024777,0,2
2025461557349,2025,461557349,2,3,0,-1,19,2,6,-1,0,1,0,0,0,0,1,1,-1,6,1,23,5,-1,-1,-1,-1,4,E01024429,0,3
2025461557412,2025,461557412,1,3,0,-1,19,4,3,-1,0,0,0,0,4,0,3,1,-1,9,2,20,4,-1,-1,-1,-1,9,E01024259,0,4
2025461557500,2025,461557500,2,9,0,-1,3,2,4,-1,0,2,0,0,0,0,2,9,-1,6,2,30,6,-1,-1,-1,-1,7,E01024813,0,1
2025461557500,2025,461557500,1,9,0,-1,19,2,6,-1,0,1,0,0,0,0,1,9,-1,6,2,21,5,-1,-1,-1,-1,7,E01024158,0,4
2025461557512,2025,461557512,2,9,0,-1,19,3,7,-1,0,0,0,0,0,0,4,9,-1,9,1,28,6,-1,-1,-1,-1,9,E01024160,0,2
2025461557512,2025,461557512,1,90,5,-1,19,3,7,-1,0,0,0,0,0,0,3,9,-1,6,3,-1,-1,-1,-1,-1,-1,-1,-1,0,-1
2025461557533,2025,461557533,2,9,-1,-1,10,1,5,-1,0,0,0,0,0,0,2,9,-1,9,2,30,6,-1,-1,-1,-1,2,E01024717,0,2
2025461557533,2025,461557533,1,21,5,-1,19,1,5,-1,0,0,0,0,0,0,1,9,-1,6,1,-1,-1,-1,-1,-1,-1,-1,-1,0,-1
2025461557842,2025,461557842,1,9,0,-1,19,1,5,-1,0,1,0,0,0,0,1,1,-1,6,1,48,8,-1,-1,-1,-1,7,E01024721,0,1
2025461557855,2025,461557855,1,9,0,-1,5,1,7,-1,0,6,0,0,0,0,1,1,-1,9,2,26,6,-1,-1,-1,-1,5,E01024110,0,1
2025461557855,2025,461557855,2,9,0,-1,19,7,3,-1,0,8,0,0,0,0,1,1,-1,9,1,54,8,-1,-1,-1,-1,5,E01024704,0,3
2025461557864,2025,461557864,1,9,0,-1,9,3,1,-1,0,1,0,0,1,4,1,1,-1,9,1,23,5,-1,-1,-1,-1,1,E01016111,0,4
2025461557864,2025,461557864,2,9,0,-1,19,3,7,-1,0,1,0,0,0,0,0,1,-1,1,1,34,6,-1,-1,-1,-1,3,E01034991,0,4
2025461557870,2025,461557870,1,9,0,-1,2,1,5,-1,0,0,0,0,0,0,2,9,-1,6,1,59,9,-1,-1,-1,-1,8,E01024203,0,3
2025461557914,2025,461557914,2,3,0,-1,19,5,1,-1,0,0,0,0,0,0,4,1,-1,6,1,22,5,-1,-1,-1,-1,4,E01024279,0,1
2025461557914,2025,461557914,1,9,0,-1,5,8,4,-1,9,0,0,0,0,0,1,9,-1,6,3,-1,-1,-1,-1,-1,-1,-1,-1,0,-1
2025461557935,2025,461557935,1,9,0,-1,19,3,7,-1,-1,0,0,0,0,0,0,9,-1,6,3,-1,-1,-1,-1,-1,-1,-1,-1,0,-1
2025461558199,2025,461558199,1,9,0,-1,5,3,6,-1,0,5,0,0,0,0,3,1,-1,9,1,63,9,-1,-1,-1,-1,-1,-1,0,-1
2025461558199,2025,461558199,2,11,0,-1,4,1,5,-1,0,1,0,0,0,0,1,1,-1,1,2,55,8,-1,-1,-1,-1,7,E01032807,0,4