collision_index,collision_year,collision_ref_no,vehicle_reference,vehicle_type,towing_and_articulation,vehicle_manoeuvre_historic,vehicle_manoeuvre,vehicle_direction_from,vehicle_direction_to,vehicle_location_restricted_lane_historic,vehicle_location_restricted_lane,junction_location,skidding_and_overturning,hit_object_in_carriageway,vehicle_leaving_carriageway,hit_object_off_carriageway,first_point_of_impact,vehicle_left_hand_drive,journey_purpose_of_driver_historic,journey_purpose_of_driver,sex_of_driver,age_of_driver,age_band_of_driver,engine_capacity_cc,propulsion_code,age_of_vehicle,generic_make_model,driver_imd_decile,lsoa_of_driver,escooter_flag,driver_distance_banding
2025461558222,2025,461558222,2,9,0,-1,19,1,5,-1,0,0,0,0,0,0,1,1,-1,9,2,30,6,-1,-1,-1,-1,7,E01024515,0,1
2025461558222,2025,461558222,1,9,0,-1,19,5,1,-1,0,0,0,0,0,0,1,1,-1,9,1,55,8,-1,-1,-1,-1,9,E01033214,0,1
2025461558226,2025,461558226,1,9,0,-1,19,3,7,-1,0,0,0,4,0,0,1,1,-1,2,1,64,9,-1,-1,-1,-1,2,E01010562,0,5
2025461558226,2025,461558226,2,19,0,-1,2,0,0,-1,9,0,0,0,0,0,3,1,-1,1,1,38,7,-1,-1,-1,-1,5,E01024383,0,2
2025461558294,2025,461558294,2,9,0,-1,19,2,7,-1,0,1,0,0,0,0,1,1,-1,9,2,52,8,-1,-1,-1,-1,5,E01030146,0,5
2025461558294,2025,461558294,1,9,0,-1,19,8,4,-1,0,1,1,0,7,1,4,1,-1,9,2,66,10,-1,-1,-1,-1,5,E01032567,0,4
2025461558310,2025,461558310,1,19,0,-1,5,7,1,-1,0,6,0,0,0,0,4,1,-1,9,2,65,9,-1,-1,-1,-1,-1,-1,0,-1
2025461558333,2025,461558333,2,21,0,-1,2,3,7,-1,0,0,0,0,0,0,3,2,-1,1,1,66,10,-1,-1,-1,-1,9,E01016133,0,4
2025461558333,2025,461558333,1,19,0,-1,19,3,7,-1,0,0,0,0,0,0,4,1,-1,1,1,20,4,-1,-1,-1,-1,5,E01024223,0,4
2025461558358,2025,461558358,2,9,0,-1,19,6,2,-1,0,8,1,0,0,0,1,1,-1,9,1,33,6,-1,-1,-1,-1,7,E01035304,0,2
2025461558358,2025,461558358,1,9,0,-1,9,2,1,-1,0,8,0,0,0,0,4,1,-1,9,1,42,7,-1,-1,-1,-1,2,E01035296,0,3
2025461558464,2025,461558464,2,16,0,-1,19,5,1,-1,0,0,0,0,0,0,2,1,-1,9,2,55,8,-1,-1,-1,-1,4,E01024565,0,1
2025461558464,2025,461558464,1,19,0,-1,19,5,1,-1,0,0,0,0,0,0,4,9,-1,6,1,77,11,-1,-1,-1,-1,8,E01024625,0,2
2025461558464,2025,461558464,3,16,0,-1,19,5,1,-1,0,0,0,0,0,0,0,1,-1,6,2,28,6,-1,-1,-1,-1,2,E01024192,0,4
2025461558499,2025,461558499,1,19,0,-1,19,5,1,-1,0,0,0,0,0,0,4,9,-1,6,3,-1,-1,-1,-1,-1,-1,-1,-1,0,-1
2025461558733,2025,461558733,1,9,0,-1,19,1,2,-1,0,0,1,10,7,0,2,1,-1,9,1,22,5,-1,-1,-1,-1,2,E01024047,0,2
2025461558787,2025,461558787,1,9,0,-1,19,-1,-1,-1,0,0,0,0,0,0,-1,9,-1,6,1,62,9,-1,-1,-1,-1,2,E01024241,0,1
2025461558831,2025,461558831,2,1,0,-1,19,1,5,-1,0,2,0,0,0,0,2,1,-1,6,1,18,4,-1,-1,-1,-1,1,E01024584,0,1
2025461558831,2025,461558831,1,9,0,-1,19,1,5,-1,0,2,0,0,0,0,1,9,-1,6,3,-1,-1,-1,-1,-1,-1,-1,-1,0,-1
2025461558878,2025,461558878,2,11,0,-1,19,3,7,-1,0,0,0,0,0,0,4,9,-1,9,1,47,8,-1,-1,-1,-1,2,E01024247,0,4
2025461558878,2025,461558878,1,1,-1,-1,19,3,7,-1,0,0,0,0,0,0,4,1,-1,9,2,-1,-1,-1,-1,-1,-1,-1,-1,0,-1
2025461558916,2025,461558916,2,9,0,-1,7,5,7,-1,0,4,0,10,7,0,3,1,-1,2,2,57,9,-1,-1,-1,-1,7,E01035304,0,1
2025461558916,2025,461558916,1,21,1,-1,7,5,7,-1,0,3,0,0,0,0,0,9,-1,2,3,18,4,-1,-1,-1,-1,-1,-1,0,-1
2025461558953,2025,461558953,1,19,0,-1,1,1,6,-1,0,0,0,0,0,0,2,1,-1,6,1,35,6,-1,-1,-1,-1,6,E01024052,0,4
2025461559039,2025,461559039,1,9,0,-1,19,1,5,-1,0,2,0,0,1,0,1,1,-1,6,2,46,8,-1,-1,-1,-1,3,E01024634,0,1
2025461559039,2025,461559039,2,98,0,-1,19,7,3,-1,0,2,0,0,7,0,1,1,-1,1,1,24,5,-1,-1,-1,-1,2,E01024596,0,4
2025461559070,2025,461559070,1,9,0,-1,19,5,1,-1,0,1,0,0,0,0,1,9,-1,6,3,-1,-1,-1,-1,-1,-1,-1,-1,0,-1
2025461559125,2025,461559125,1,1,0,-1,19,7,3,-1,0,0,5,0,0,0,1,1,-1,9,1,14,3,-1,-1,-1,-1,4,E01016151,0,1
2025461559179,2025,461559179,1,9,0,-1,19,1,5,-1,0,0,0,0,0,0,1,1,-1,9,2,55,8,-1,-1,-1,-1,7,E01024350,0,1
2025461559205,2025,461559205,2,9,0,-1,2,0,0,-1,0,0,0,0,1,0,4,1,-1,6,-1,55,8,-1,-1,-1,-1,-1,-1,0,-1
2025461559205,2025,461559205,1,9,0,-1,19,3,7,-1,0,0,1,4,0,0,1,1,-1,9,2,86,11,-1,-1,-1,-1,10,E01021162,0,3
2025461559253,2025,461559253,1,19,0,-1,13,5,1,-1,0,0,0,0,0,0,3,9,-1,6,3,-1,-1,-1,-1,-1,-1,-1,-1,0,-1
2025461559253,2025,461559253,2,9,0,-1,19,5,1,-1,0,0,0,0,1,0,4,9,-1,9,2,44,7,-1,-1,-1,-1,3,E01000725,0,3
2025461559269,2025,461559269,1,90,0,-1,7,1,5,-1,0,3,0,0,0,0,4,9,-1,6,1,34,6,-1,-1,-1,-1,7,E01024113,0,4
2025461559269,2025,461559269,2,9,0,-1,19,1,5,-1,0,3,0,0,1,0,3,9,-1,9,2,49,8,-1,-1,-1,-1,1,E01016161,0,1
2025461559301,2025,461559301,2,9,0,-1,4,6,2,-1,0,0,0,0,0,0,2,9,-1,2,1,38,7,-1,-1,-1,-1,3,E01016070,0,2
2025461559301,2025,461559301,1,20,0,-1,19,6,2,-1,0,0,0,0,0,0,1,9,-1,6,1,58,9,-1,-1,-1,-1,3,E01016071,0,3
2025461559310,2025,461559310,2,98,0,-1,3,1,4,-1,0,0,0,0,0,0,1,1,-1,1,1,55,8,-1,-1,-1,-1,8,E01028337,0,5
2025461559310,2025,461559310,1,9,0,-1,3,1,4,-1,0,0,0,0,0,0,3,1,-1,2,2,32,6,-1,-1,-1,-1,3,E01021283,0,3
2025461559320,2025,461559320,2,3,0,-1,4,5,1,-1,0,0,0,0,0,0,1,1,-1,6,1,39,7,-1,-1,-1,-1,7,E01024101,0,4
2025461559320,2025,461559320,1,9,0,-1,1,1,5,-1,0,0,0,0,0,0,2,9,-1,6,1,44,7,-1,-1,-1,-1,4,E01023986,0,2
2025461559345,2025,461559345,3,9,0,-1,19,6,2,-1,0,0,0,0,0,0,1,1,-1,6,2,26,6,-1,-1,-1,-1,7,E01024780,0,1
2025461559345,2025,461559345,1,9,0,-1,19,2,6,-1,0,0,0,0,0,0,1,1,-1,2,2,25,5,-1,-1,-1,-1,6,E01024812,0,3
2025461559345,2025,461559345,2,9,0,-1,19,6,2,-1,0,0,0,0,0,0,3,1,-1,6,1,59,9,-1,-1,-1,-1,10,E01000810,0,4
2025461559427,2025,461559427,2,9,0,-1,7,7,3,-1,0,0,0,0,0,0,2,9,-1,9,2,29,6,-1,-1,-1,-1,3,E01024486,0,3
2025461559427,2025,461559427,1,9,0,-1,19,7,3,-1,0,0,0,0,0,0,1,9,-1,6,1,77,11,-1,-1,-1,-1,4,E01024031,0,2
2025461559528,2025,461559528,1,9,0,-1,19,5,1,-1,0,0,1,0,0,0,1,1,-1,6,2,28,6,-1,-1,-1,-1,1,E01016063,0,1
2025461559528,2025,461559528,2,9,0,-1,3,5,1,-1,0,0,1,0,1,0,2,1,-1,9,2,37,7,-1,-1,-1,-1,6,E01016056,0,1
2025461559528,2025,461559528,3,9,0,-1,3,5,1,-1,0,0,0,0,0,0,2,1,-1,9,2,53,8,-1,-1,-1,-1,4,E01016174,0,1
2025461559614,2025,461559614,1,9,0,-1,19,1,2,-1,0,0,1,0,0,0,1,1,-1,2,1,18,4,-1,-1,-1,-1,1,E01016153,0,3
2025461559614,2025,461559614,2,9,0,-1,19,5,4,-1,0,0,0,0,0,0,1,1,-1,2,2,31,6,-1,-1,-1,-1,9,E01024275,0,1
2025461559636,2025,461559636,1,9,0,-1,19,5,1,-1,0,0,0,0,0,0,1,1,-1,9,1,79,11,-1,-1,-1,-1,6,E01024680,0,1
2025461559650,2025,461559650,1,9,0,-1,9,3,1,-1,0,8,0,0,0,0,4,2,-1,9,1,79,11,-1,-1,-1,-1,7,E01024236,0,2
2025461559650,2025,461559650,2,3,0,-1,19,7,3,-1,0,8,5,0,0,0,1,1,-1,6,2,19,4,-1,-1,-1,-1,5,E01024220,0,1
2025461559690,2025,461559690,1,3,0,-1,19,3,7,-1,0,2,0,0,0,0,1,1,-1,9,1,20,4,-1,-1,-1,-1,3,E01024688,0,1
2025461559695,2025,461559695,1,9,0,-1,19,5,1,-1,0,0,0,10,1,0,1,1,-1,2,1,58,9,-1,-1,-1,-1,2,E01016039,0,1
2025461559850,2025,461559850,2,9,0,-1,19,8,4,-1,0,1,0,0,0,0,3,1,-1,6,2,52,8,-1,-1,-1,-1,10,E01024233,0,1
2025461559850,2025,461559850,1,9,0,-1,19,2,6,-1,9,1,0,0,3,11,3,1,-1,9,1,18,4,-1,-1,-1,-1,6,E01024716,0,4
2025461559900,2025,461559900,1,9,0,-1,19,4,6,-1,9,0,2,0,7,0,1,1,-1,6,1,24,5,-1,-1,-1,-1,3,E01024499,0,2
2025461559973,2025,461559973,1,9,0,-1,19,3,7,-1,0,0,1,7,2,7,4,1,-1,6,1,24,5,-1,-1,-1,-1,4,E01016100,0,3
2025461560047,2025,461560047,1,3,0,-1,9,8,5,-1,0,6,0,10,3,0,1,1,-1,2,1,22,5,-1,-1,-1,-1,8,E01024024,0,1
2025461560083,2025,461560083,1,1,0,-1,19,1,3,-1,0,0,1,0,0,0,1,1,-1,9,1,37,7,-1,-1,-1,-1,7,E01029875,0,5
2025461560124,2025,461560124,1,9,0,-1,19,6,2,-1,0,0,5,0,1,0,1,1,-1,6,1,26,6,-1,-1,-1,-1,3,E01003542,0,4
2025461560126,2025,461560126,1,5,0,-1,19,4,8,-1,0,0,2,0,0,0,4,1,-1,9,1,54,8,-1,-1,-1,-1,7,E01021010,0,4
2025461560128,2025,461560128,2,9,0,-1,9,5,3,-1,0,0,0,0,0,0,1,1,-1,9,2,36,7,-1,-1,-1,-1,7,E01024285,0,3
2025461560128,2025,461560128,1,5,0,-1,19,1,1,-1,0,0,1,0,0,0,1,1,-1,9,1,33,6,-1,-1,-1,-1,4,E01034370,0,2
2025461560176,2025,461560176,1,5,0,-1,19,7,3,-1,0,0,0,0,0,0,1,1,-1,9,1,51,8,-1,-1,-1,-1,1,E01035274,0,4
2025461560176,2025,461560176,2,9,0,-1,2,0,0,-1,-1,0,0,0,0,0,3,1,-1,6,-1,-1,-1,-1,-1,-1,-1,-1,-1,0,-1
2025461560207,2025,461560207,2,9,0,-1,19,7,3,-1,0,0,0,0,0,0,1,1,-1,9,1,40,7,-1,-1,-1,-1,4,E01021114,0,4
2025461560207,2025,461560207,1,9,0,-1,12,7,3,-1,0,0,1,0,5,6,3,1,-1,9,1,51,8,-1,-1,-1,-1,6,E01024466,0,3
2025461560243,2025,461560243,1,9,0,-1,19,7,3,-1,0,0,1,0,3,0,1,1,-1,9,1,39,7,-1,-1,-1,-1,7,E01015964,0,4
2025461560319,2025,461560319,1,9,0,-1,19,7,3,-1,0,0,1,0,0,0,1,1,-1,9,2,65,9,-1,-1,-1,-1,7,E01024789,0,1
2025461560319,2025,461560319,2,9,0,-1,19,7,3,-1,0,0,0,0,7,0,1,1,-1,2,2,45,7,-1,-1,-1,-1,9,E01024365,0,2
2025461560337,2025,461560337,1,9,0,-1,11,7,3,-1,0,0,0,0,0,0,0,1,-1,6,3,-1,-1,-1,-1,-1,-1,-1,-1,0,-1
2025461560337,2025,461560337,2,9,0,-1,11,7,3,-1,0,0,1,0,3,1,1,1,-1,1,1,28,6,-1,-1,-1,-1,8,E01009559,0,5
2025461560346,2025,461560346,1,9,0,-1,5,2,4,-1,0,0,0,0,0,0,3,9,-1,6,2,-1,-1,-1,-1,-1,-1,1,E01024278,0,1
2025461560346,2025,461560346,2,9,0,-1,2,1,5,-1,0,0,0,0,0,0,-1,9,-1,9,3,42,7,-1,-1,-1,-1,-1,-1,0,-1
2025461560405,2025,461560405,1,9,0,-1,19,3,7,-1,0,0,0,0,0,0,4,9,-1,6,3,-1,-1,-1,-1,-1,-1,-1,-1,0,-1
2025461560405,2025,461560405,2,3,0,-1,19,3,7,-1,0,0,0,0,0,0,3,1,-1,2,1,38,7,-1,-1,-1,-1,9,E01024275,0,3
2025461560481,2025,461560481,2,9,0,-1,2,0,0,-1,0,0,0,0,0,0,3,1,-1,6,-1,-1,-1,-1,-1,-1,-1,-1,-1,0,-1
2025461560481,2025,461560481,3,9,0,-1,19,3,7,-1,0,0,0,0,0,0,3,1,-1,7,2,44,7,-1,-1,-1,-1,8,E01024063,0,1
2025461560481,2025,461560481,1,9,0,-1,19,7,3,-1,0,0,0,0,0,0,3,1,-1,2,1,24,5,-1,-1,-1,-1,10,E01024107,0,1
2025461560491,2025,461560491,1,9,0,-1,10,2,6,-1,0,1,0,0,0,0,1,1,-1,9,1,73,10,-1,-1,-1,-1,4,E01024222,0,3
2025461560540,2025,461560540,1,19,0,-1,19,8,1,-1,0,1,0,0,0,0,1,1,-1,1,1,35,6,-1,-1,-1,-1,5,E01000330,0,4
2025461560540,2025,461560540,2,9,0,-1,19,1,3,-1,0,1,0,0,0,0,2,1,-1,1,2,64,9,-1,-1,-1,-1,7,E01035287,0,1
2025461560540,2025,461560540,3,9,0,-1,19,8,4,-1,0,1,0,0,0,0,2,1,-1,6,2,34,6,-1,-1,-1,-1,8,E01016138,0,1
2025461560625,2025,461560625,1,9,0,-1,19,7,3,-1,0,0,0,0,0,0,1,1,-1,9,1,85,11,-1,-1,-1,-1,10,E01024632,0,1
2025461560625,2025,461560625,2,9,0,-1,19,3,7,-1,0,0,0,0,0,0,1,1,-1,1,1,47,8,-1,-1,-1,-1,4,E01024339,0,3
2025461560639,2025,461560639,1,9,0,-1,19,5,1,-1,0,4,1,9,0,0,1,1,-1,2,2,20,4,-1,-1,-1,-1,6,E01024680,0,4
2025461560661,2025,461560661,2,9,0,-1,5,3,7,-1,0,0,0,0,0,0,1,1,-1,6,2,78,11,-1,-1,-1,-1,6,E01023989,0,1
2025461560661,2025,461560661,1,9,0,-1,5,3,7,-1,0,0,0,0,0,0,2,1,-1,6,2,80,11,-1,-1,-1,-1,4,E01024623,0,3
2025461560671,2025,461560671,1,9,0,-1,13,8,4,-1,0,0,0,0,0,0,1,1,-1,6,2,62,9,-1,-1,-1,-1,4,E01024194,0,1
2025461560679,2025,461560679,1,19,0,-1,19,1,5,-1,0,1,0,0,0,0,1,1,-1,6,1,60,9,-1,-1,-1,-1,7,E01024805,0,2
2025461560679,2025,461560679,2,19,0,-1,1,5,1,-1,0,8,0,0,0,0,2,1,-1,1,1,36,7,-1,-1,-1,-1,5,E01000469,0,4
2025461560687,2025,461560687,2,9,0,-1,2,0,0,-1,0,0,0,0,0,0,4,1,-1,6,2,49,8,-1,-1,-1,-1,8,E01016060,0,1
2025461560687,2025,461560687,1,9,0,-1,19,6,2,-1,0,0,0,0,0,0,3,1,-1,6,1,22,5,-1,-1,-1,-1,2,E01024277,0,3
2025461560722,2025,461560722,1,9,0,-1,20,3,5,-1,-1,0,0,0,0,0,2,9,-1,6,1,21,5,-1,-1,-1,-1,6,E01024282,0,1
2025461560722,2025,461560722,2,9,0,-1,2,3,5,-1,-1,0,0,0,0,0,2,9,-1,2,2,18,4,-1,-1,-1,-1,3,E01024264,0,1
2025461560731,2025,461560731,2,9,0,-1,3,-1,-1,-1,0,0,0,0,0,0,2,9,-1,6,2,25,5,-1,-1,-1,-1,3,E01024641,0,3
2025461560731,2025,461560731,1,98,0,-1,19,-1,-1,-1,0,0,0,0,0,0,1,9,-1,6,2,-1,-1,-1,-1,-1,-1,-1,-1,0,-1
2025461560744,2025,461560744,1,9,0,-1,-1,-1,-1,-1,-1,0,-1,-1,-1,0,-1,9,-1,6,1,21,5,-1,-1,-1,-1,3,E01024103,0,1
2025461560778,2025,461560778,2,9,0,-1,19,5,1,-1,0,1,0,0,0,0,1,1,-1,9,2,54,8,-1,-1,-1,-1,9,E01016090,0,1
2025461560778,2025,461560778,1,9,0,-1,19,7,3,-1,0,1,0,0,0,0,1,1,-1,6,1,47,8,-1,-1,-1,-1,7,E01016103,0,1
2025461560856,2025,461560856,2,9,0,-1,4,7,3,-1,0,0,0,0,0,0,2,9,-1,2,2,34,6,-1,-1,-1,-1,8,E01024792,0,2
2025461560856,2025,461560856,1,9,0,-1,4,7,3,-1,0,0,0,0,0,0,1,9,-1,6,1,31,6,-1,-1,-1,-1,7,E01024794,0,2
2025461560891,2025,461560891,2,3,0,-1,19,5,1,-1,0,8,0,0,0,0,1,1,-1,9,1,39,7,-1,-1,-1,-1,1,E01024278,0,1
2025461560891,2025,461560891,1,9,0,-1,19,7,8,-1,0,8,0,0,0,0,3,9,-1,6,2,61,9,-1,-1,-1,-1,3,E01024176,0,1
2025461560906,2025,461560906,2,9,0,-1,9,3,1,-1,0,0,0,0,0,0,3,1,-1,9,2,49,8,-1,-1,-1,-1,5,E01024206,0,1
2025461560906,2025,461560906,1,5,0,-1,13,3,7,-1,0,0,2,0,0,0,3,1,-1,2,1,38,7,-1,-1,-1,-1,7,E01024245,0,2
2025461560914,2025,461560914,1,97,0,-1,13,3,7,-1,0,0,0,0,0,0,1,1,-1,6,1,-1,-1,-1,-1,-1,-1,-1,-1,0,-1
2025461560914,2025,461560914,2,9,0,-1,9,3,7,-1,0,0,0,0,0,0,3,9,-1,9,2,42,7,-1,-1,-1,-1,3,E01024169,0,1
2025461560921,2025,461560921,1,1,0,-1,5,1,5,-1,-1,0,0,0,0,0,1,1,-1,6,1,28,6,-1,-1,-1,-1,7,E01024158,0,2
2025461560921,2025,461560921,2,9,4,-1,19,1,5,-1,0,0,0,0,0,0,4,1,-1,1,1,29,6,-1,-1,-1,-1,2,E01024135,0,2
2025461561003,2025,461561003,1,9,0,-1,19,2,1,-1,9,5,1,0,7,11,1,1,-1,2,1,26,6,-1,-1,-1,-1,6,E01024406,0,2
2025461561062,2025,461561062,3,9,0,-1,2,0,0,-1,0,0,0,0,0,0,2,1,-1,6,-1,-1,-1,-1,-1,-1,-1,-1,-1,0,-1
2025461561062,2025,461561062,2,9,0,-1,2,7,7,-1,0,0,0,0,0,0,2,1,-1,6,-1,-1,-1,-1,-1,-1,-1,-1,-1,0,-1
2025461561062,2025,461561062,4,9,0,-1,2,0,0,-1,0,0,0,0,0,0,2,1,-1,6,-1,-1,-1,-1,-1,-1,-1,-1,-1,0,-1
2025461561062,2025,461561062,1,9,0,-1,19,7,7,-1,0,0,0,0,0,0,1,1,-1,9,2,69,10,-1,-1,-1,-1,7,E01024316,0,3
2025461561083,2025,461561083,1,9,0,-1,13,6,6,-1,0,0,1,4,1,0,4,1,-1,9,1,18,4,-1,-1,-1,-1,4,E01024698,0,3
2025461561083,2025,461561083,2,9,0,-1,20,6,8,-1,0,0,0,0,0,0,1,1,-1,9,2,23,5,-1,-1,-1,-1,5,E01024243,0,3
2025461561083,2025,461561083,3,9,0,-1,2,0,0,-1,0,0,0,0,0,0,2,1,-1,6,2,28,6,-1,-1,-1,-1,5,E01024703,0,1
2025461561130,2025,461561130,1,1,0,-1,19,6,2,-1,0,1,0,0,0,0,1,1,-1,9,1,65,9,-1,-1,-1,-1,10,E01024453,0,1
2025461561194,2025,461561194,1,9,0,-1,19,1,4,-1,0,2,0,0,7,0,1,1,-1,9,1,77,11,-1,-1,-1,-1,9,E01001135,0,3
2025461561194,2025,461561194,2,19,0,-1,19,5,1,-1,0,1,0,0,0,0,1,1,-1,1,1,55,8,-1,-1,-1,-1,9,E01024814,0,4
2025461561203,2025,461561203,1,20,0,-1,19,8,4,-1,0,1,0,0,0,0,1,9,-1,6,1,32,6,-1,-1,-1,-1,3,E01000062,0,4
2025461561222,2025,461561222,1,9,0,-1,19,1,5,-1,9,1,0,0,0,0,1,9,-1,6,1,20,4,-1,-1,-1,-1,1,E01024613,0,3
2025461561223,2025,461561223,1,9,0,-1,9,3,1,-1,0,8,0,0,0,0,1,9,-1,6,2,35,6,-1,-1,-1,-1,5,E01024711,0,1
2025461561223,2025,461561223,2,3,0,-1,19,7,3,-1,0,1,0,0,0,0,1,1,-1,1,1,34,6,-1,-1,-1,-1,1,E01024658,0,1
2025461561254,2025,461561254,2,9,0,-1,3,8,4,-1,0,0,0,0,0,0,2,9,-1,6,2,27,6,-1,-1,-1,-1,10,E01024402,0,2
2025461561254,2025,461561254,1,9,0,-1,19,8,4,-1,0,0,0,0,0,0,1,9,-1,6,2,45,7,-1,-1,-1,-1,2,E01000429,0,4
2025461561265,2025,461561265,1,17,-1,-1,19,1,5,-1,0,0,0,0,0,0,0,9,-1,6,3,-1,-1,-1,-1,-1,-1,5,E01003375,0,4
2025461561274,2025,461561274,2,9,0,-1,9,2,8,-1,0,8,0,0,0,0,4,1,-1,9,2,36,7,-1,-1,-1,-1,8,E01024845,0,1
2025461561274,2025,461561274,1,19,0,-1,19,6,2,-1,0,8,0,0,0,0,1,1,-1,1,1,38,7,-1,-1,-1,-1,2,E01024596,0,4
2025461561311,2025,461561311,1,9,0,-1,9,3,1,-1,0,1,0,0,0,0,1,9,-1,6,1,39,7,-1,-1,-1,-1,6,E01024282,0,1
2025461561331,2025,461561331,2,9,0,-1,3,6,2,-1,0,0,0,0,0,0,2,1,-1,6,2,29,6,-1,-1,-1,-1,4,E01001704,0,2
2025461561331,2025,461561331,1,9,0,-1,3,6,2,-1,0,0,0,0,0,0,1,1,-1,6,2,33,6,-1,-1,-1,-1,9,E01000444,0,1
2025461561351,2025,461561351,1,9,0,-1,19,8,2,-1,0,0,0,0,0,0,3,1,-1,6,2,76,11,-1,-1,-1,-1,-1,-1,0,-1
2025461561351,2025,461561351,3,19,0,-1,2,0,0,-1,9,0,0,0,0,0,3,1,-1,1,1,46,8,-1,-1,-1,-1,-1,-1,0,-1
2025461561351,2025,461561351,4,19,0,-1,2,0,0,-1,9,0,0,0,0,0,3,1,-1,1,1,25,5,-1,-1,-1,-1,-1,-1,0,-1
2025461561351,2025,461561351,2,9,0,-1,19,4,6,-1,0,0,0,0,0,0,3,1,-1,9,1,73,10,-1,-1,-1,-1,1,E01016017,0,2
2025461561382,2025,461561382,2,5,0,-1,10,3,5,-1,0,1,0,0,0,0,4,1,-1,2,1,36,7,-1,-1,-1,-1,6,E01032619,0,1
2025461561382,2025,461561382,1,9,0,-1,9,5,3,-1,0,1,0,0,0,0,4,9,-1,6,2,52,8,-1,-1,-1,-1,9,E01024415,0,1
2025461561599,2025,461561599,1,9,0,-1,19,5,1,-1,0,0,0,0,0,0,1,1,-1,9,1,25,5,-1,-1,-1,-1,6,E01035705,0,4
2025461561599,2025,461561599,2,9,0,-1,4,5,1,-1,0,0,0,0,0,0,2,1,-1,2,1,55,8,-1,-1,-1,-1,7,E01016170,0,1
2025461561608,2025,461561608,3,9,0,-1,4,3,7,-1,0,0,0,0,0,0,2,1,-1,9,2,39,7,-1,-1,-1,-1,9,E01024626,0,1
2025461561608,2025,461561608,2,9,0,-1,4,3,7,-1,0,0,0,0,0,0,2,1,-1,9,2,55,8,-1,-1,-1,-1,9,E01024626,0,1
2025461561608,2025,461561608,1,9,0,-1,19,3,7,-1,0,0,0,0,0,0,1,1,-1,9,1,44,7,-1,-1,-1,-1,4,E01024557,0,1
2025461561661,2025,461561661,1,21,1,-1,19,3,7,-1,0,4,1,0,7,7,1,2,-1,1,1,70,10,-1,-1,-1,-1,-1,-1,0,-1
2025461561690,2025,461561690,1,9,0,-1,3,8,8,-1,0,4,0,0,0,0,1,9,-1,6,3,-1,-1,-1,-1,-1,-1,-1,-1,0,-1
2025461561690,2025,461561690,2,9,0,-1,5,3,8,-1,0,4,0,0,0,0,2,1,-1,2,1,49,8,-1,-1,-1,-1,-1,-1,0,-1
2025461561779,2025,461561779,1,9,0,-1,5,7,3,-1,9,0,0,0,0,0,1,1,-1,9,2,73,10,-1,-1,-1,-1,6,E01024554,0,1
2025461561779,2025,461561779,2,1,0,-1,19,3,1,-1,0,0,0,0,0,0,1,1,-1,6,1,34,6,-1,-1,-1,-1,10,E01024348,0,3
2025461561802,2025,461561802,1,9,0,-1,19,1,5,-1,0,0,0,0,0,0,3,9,-1,6,3,-1,-1,-1,-1,-1,-1,-1,-1,0,-1
2025461561802,2025,461561802,2,97,0,-1,19,1,5,-1,0,0,0,0,0,0,4,1,-1,9,1,49,8,-1,-1,-1,-1,7,E01024490,0,1
2025461562001,2025,461562001,2,9,0,-1,19,7,3,-1,0,0,0,0,0,0,2,1,-1,6,2,52,8,-1,-1,-1,-1,7,E01032620,0,1
2025461562001,2025,461562001,3,19,0,-1,6,7,3,-1,0,0,0,0,0,0,0,1,-1,6,1,18,4,-1,-1,-1,-1,4,E01024481,0,3
2025461562001,2025,461562001,1,5,0,-1,19,7,3,-1,0,0,0,0,0,0,1,1,-1,6,1,66,10,-1,-1,-1,-1,7,E01024333,0,3
2025461562005,2025,461562005,1,9,0,-1,10,5,3,-1,0,1,0,10,0,0,4,1,-1,2,2,18,4,-1,-1,-1,-1,9,E01021161,0,3
2025461562046,2025,461562046,1,9,0,-1,7,7,2,-1,0,6,0,0,0,0,1,9,-1,9,1,19,4,-1,-1,-1,-1,1,E01024584,0,1
2025461562046,2025,461562046,2,9,0,-1,19,5,2,-1,0,1,0,0,0,0,4,9,-1,9,1,45,7,-1,-1,-1,-1,7,E01024576,0,1
2025461562065,2025,461562065,2,-1,0,-1,7,1,2,-1,0,8,5,0,0,0,2,1,-1,9,2,9,2,-1,-1,-1,-1,2,E01016024,1,1
2025461562065,2025,461562065,1,9,0,-1,19,5,2,-1,0,1,0,0,0,0,1,2,-1,6,3,-1,-1,-1,-1,-1,-1,-1,-1,0,-1
2025461562139,2025,461562139,2,21,0,-1,2,0,0,-1,0,0,0,0,0,0,0,1,-1,6,1,47,8,-1,-1,-1,-1,7,E01021650,0,4
2025461562139,2025,461562139,1,9,0,-1,19,7,3,-1,0,0,1,2,0,0,1,1,-1,6,1,22,5,-1,-1,-1,-1,10,E01024469,0,2
2025461562142,2025,461562142,1,9,0,-1,11,4,5,-1,0,0,0,0,0,0,1,1,-1,6,2,40,7,-1,-1,-1,-1,4,E01000464,0,3
2025461562142,2025,461562142,2,9,0,-1,19,4,7,-1,0,0,0,0,0,0,2,1,-1,9,1,31,6,-1,-1,-1,-1,4,E01024593,0,4
2025461562164,2025,461562164,2,9,0,-1,4,2,4,-1,0,0,0,0,0,0,2,1,-1,9,1,59,9,-1,-1,-1,-1,8,E01016122,0,3
2025461562164,2025,461562164,1,9,0,-1,4,2,4,-1,0,0,0,0,0,0,1,1,-1,9,1,19,4,-1,-1,-1,-1,2,E01024135,0,1