collision_index,collision_year,collision_ref_no,vehicle_reference,vehicle_type,towing_and_articulation,vehicle_manoeuvre_historic,vehicle_manoeuvre,vehicle_direction_from,vehicle_direction_to,vehicle_location_restricted_lane_historic,vehicle_location_restricted_lane,junction_location,skidding_and_overturning,hit_object_in_carriageway,vehicle_leaving_carriageway,hit_object_off_carriageway,first_point_of_impact,vehicle_left_hand_drive,journey_purpose_of_driver_historic,journey_purpose_of_driver,sex_of_driver,age_of_driver,age_band_of_driver,engine_capacity_cc,propulsion_code,age_of_vehicle,generic_make_model,driver_imd_decile,lsoa_of_driver,escooter_flag,driver_distance_banding
2025461562202,2025,461562202,3,9,0,-1,3,3,7,-1,0,0,0,0,0,0,2,9,-1,9,1,31,6,-1,-1,-1,-1,7,E01035010,0,1
2025461562202,2025,461562202,1,9,0,-1,19,3,7,-1,0,0,0,0,0,0,1,9,-1,6,1,77,11,-1,-1,-1,-1,-1,-1,0,-1
2025461562202,2025,461562202,2,9,0,-1,3,3,7,-1,0,0,0,0,0,0,2,9,-1,6,1,43,7,-1,-1,-1,-1,-1,-1,0,-1
2025461562352,2025,461562352,1,9,0,-1,5,3,7,-1,0,6,0,0,0,0,4,1,-1,6,1,48,8,-1,-1,-1,-1,2,E01024505,0,1
2025461562352,2025,461562352,2,1,0,-1,5,5,1,-1,0,6,0,0,0,0,3,1,-1,6,1,17,4,-1,-1,-1,-1,2,E01033212,0,1
2025461562394,2025,461562394,1,3,0,-1,19,4,8,-1,0,1,0,0,0,0,3,1,-1,1,1,48,8,-1,-1,-1,-1,1,E01024660,0,2
2025461562418,2025,461562418,1,9,0,-1,7,8,3,-1,9,3,0,0,7,0,4,1,-1,9,2,15,3,-1,-1,-1,-1,10,E01024755,0,1
2025461562418,2025,461562418,2,9,0,-1,4,4,8,-1,0,4,0,0,0,0,1,1,-1,9,1,75,10,-1,-1,-1,-1,7,E01024726,0,1
2025461562458,2025,461562458,1,3,0,-1,19,7,4,-1,0,2,0,0,0,0,4,1,-1,1,1,18,4,-1,-1,-1,-1,4,E01016077,0,3
2025461562486,2025,461562486,2,9,0,-1,19,2,5,-1,0,0,1,0,0,0,2,1,-1,1,1,31,6,-1,-1,-1,-1,3,E01016129,0,1
2025461562509,2025,461562509,1,9,0,-1,19,3,7,-1,0,1,0,0,0,0,1,1,-1,1,1,46,8,-1,-1,-1,-1,5,E01024254,0,1
2025461562559,2025,461562559,1,9,0,-1,19,4,1,-1,9,4,2,4,1,2,1,1,-1,9,1,21,5,-1,-1,-1,-1,7,E01024547,0,2
2025461562559,2025,461562559,2,90,0,-1,2,0,0,-1,0,2,0,4,0,0,4,1,-1,6,-1,-1,-1,-1,-1,-1,-1,-1,-1,0,-1
2025461562604,2025,461562604,1,9,0,-1,5,1,5,-1,0,8,0,0,3,0,1,1,-1,6,1,36,7,-1,-1,-1,-1,7,E01024094,0,1
2025461562655,2025,461562655,1,98,4,-1,19,3,7,-1,0,8,0,0,0,0,1,2,-1,1,1,24,5,-1,-1,-1,-1,-1,-1,0,-1
2025461562655,2025,461562655,2,9,0,-1,11,6,4,-1,0,8,0,0,7,0,4,1,-1,6,2,17,4,-1,-1,-1,-1,7,E01024236,0,2
2025461562800,2025,461562800,1,9,0,-1,19,3,1,-1,0,0,2,0,1,2,1,1,-1,9,1,28,6,-1,-1,-1,-1,5,E01024595,0,1
2025461562865,2025,461562865,1,9,0,-1,19,3,7,-1,0,8,0,0,0,0,1,1,-1,6,1,19,4,-1,-1,-1,-1,6,E01024491,0,1
2025461562978,2025,461562978,1,9,0,-1,19,8,4,-1,0,0,2,0,0,0,4,1,-1,6,1,30,6,-1,-1,-1,-1,7,E01004681,0,4
2025461562978,2025,461562978,2,5,0,-1,19,8,4,-1,0,0,0,0,0,0,3,1,-1,6,1,38,7,-1,-1,-1,-1,2,E01024398,0,2
2025461563022,2025,461563022,2,9,0,-1,19,7,3,-1,0,0,0,0,0,0,1,1,-1,2,1,34,6,-1,-1,-1,-1,-1,-1,0,-1
2025461563022,2025,461563022,4,9,0,-1,2,0,0,-1,0,0,0,0,0,0,0,9,-1,9,-1,-1,-1,-1,-1,-1,-1,-1,-1,0,-1
2025461563022,2025,461563022,3,9,0,-1,19,7,3,-1,0,0,0,0,0,0,2,1,-1,2,2,67,10,-1,-1,-1,-1,4,E01024593,0,1
2025461563022,2025,461563022,1,9,0,-1,19,7,3,-1,0,0,0,0,0,0,1,1,-1,9,2,68,10,-1,-1,-1,-1,5,E01024595,0,2
2025461563041,2025,461563041,1,9,0,-1,19,6,6,-1,0,0,0,0,1,0,1,1,-1,6,2,40,7,-1,-1,-1,-1,7,E01024037,0,2
2025461563064,2025,461563064,1,19,0,-1,19,3,7,-1,0,0,0,0,7,2,3,1,-1,1,1,46,8,-1,-1,-1,-1,2,E01016117,0,1
2025461563086,2025,461563086,2,19,0,-1,4,5,1,-1,0,0,0,0,0,0,2,9,-1,6,1,24,5,-1,-1,-1,-1,7,E01024780,0,3
2025461563086,2025,461563086,1,9,0,-1,19,5,1,-1,0,0,0,0,0,0,1,9,-1,6,2,19,4,-1,-1,-1,-1,5,E01024786,0,1
2025461563086,2025,461563086,3,9,0,-1,4,5,1,-1,0,0,0,0,0,0,2,9,-1,9,1,39,7,-1,-1,-1,-1,3,E01016016,0,3
2025461563134,2025,461563134,1,19,0,-1,19,7,1,-1,0,4,0,0,0,0,1,9,-1,2,1,29,6,-1,-1,-1,-1,5,E01024562,0,3
2025461563134,2025,461563134,2,9,0,-1,19,5,1,-1,0,1,0,0,0,0,4,1,-1,2,1,24,5,-1,-1,-1,-1,8,E01016122,0,2
2025461563225,2025,461563225,2,19,0,-1,19,3,7,-1,0,0,0,0,0,0,1,1,-1,2,1,48,8,-1,-1,-1,-1,8,E01021115,0,2
2025461563225,2025,461563225,1,9,0,-1,19,7,3,-1,0,0,0,0,0,0,1,1,-1,2,2,50,8,-1,-1,-1,-1,4,E01023998,0,1
2025461563269,2025,461563269,2,19,0,-1,19,5,5,-1,0,0,0,0,0,0,2,1,-1,6,1,47,8,-1,-1,-1,-1,7,E01024333,0,1
2025461563269,2025,461563269,1,9,0,-1,19,5,5,-1,0,0,0,0,0,0,1,1,-1,6,2,46,8,-1,-1,-1,-1,1,E01016062,0,2
2025461563288,2025,461563288,1,17,0,-1,19,3,3,-1,0,8,0,0,0,0,1,2,-1,6,2,66,10,-1,-1,-1,-1,7,E01024109,0,1
2025461563288,2025,461563288,2,9,0,-1,19,5,5,-1,0,8,0,0,0,0,4,2,-1,6,2,74,10,-1,-1,-1,-1,7,E01024109,0,1
2025461563338,2025,461563338,1,9,0,-1,3,1,5,-1,0,0,0,0,0,0,2,2,-1,9,2,34,6,-1,-1,-1,-1,8,E01024209,0,3
2025461563338,2025,461563338,2,9,0,-1,5,1,5,-1,0,0,0,0,0,0,1,2,-1,6,2,48,8,-1,-1,-1,-1,5,E01024122,0,1
2025461563386,2025,461563386,2,9,0,-1,19,7,3,-1,0,8,0,0,0,0,4,1,-1,6,1,37,7,-1,-1,-1,-1,7,E01024127,0,1
2025461563386,2025,461563386,1,9,0,-1,10,1,5,-1,0,6,0,0,1,0,1,1,-1,6,2,39,7,-1,-1,-1,-1,8,E01024045,0,1
2025461563409,2025,461563409,1,9,0,-1,9,6,6,-1,0,6,0,0,0,0,1,1,-1,9,2,75,10,-1,-1,-1,-1,7,E01003270,0,3
2025461563409,2025,461563409,2,9,0,-1,19,7,5,-1,0,1,1,0,0,0,4,1,-1,1,2,42,7,-1,-1,-1,-1,6,E01000727,0,2
2025461563439,2025,461563439,1,9,0,-1,19,8,4,-1,0,0,0,0,7,0,1,1,-1,9,1,24,5,-1,-1,-1,-1,5,E01035292,0,4
2025461563479,2025,461563479,1,19,0,-1,5,5,1,-1,0,0,0,0,0,0,1,1,-1,2,1,40,7,-1,-1,-1,-1,4,E01035314,0,4
2025461563479,2025,461563479,2,5,0,-1,3,5,1,-1,0,0,0,0,0,0,2,1,-1,2,2,49,8,-1,-1,-1,-1,6,E01024578,0,3
2025461563542,2025,461563542,2,1,0,-1,19,7,3,-1,-1,0,5,4,0,0,1,1,-1,9,1,57,9,-1,-1,-1,-1,9,E01001605,0,3
2025461563542,2025,461563542,1,21,2,-1,2,0,0,-1,-1,0,0,0,0,0,2,2,-1,1,1,52,8,-1,-1,-1,-1,-1,-1,0,-1
2025461563566,2025,461563566,1,9,0,-1,7,1,3,-1,0,8,0,0,0,0,3,9,-1,9,3,-1,-1,-1,-1,-1,-1,-1,-1,0,-1
2025461563566,2025,461563566,2,9,0,-1,3,3,7,-1,0,8,0,0,0,0,3,9,-1,9,1,60,9,-1,-1,-1,-1,2,E01024306,0,1
2025461563640,2025,461563640,1,9,0,-1,1,7,3,-1,0,1,0,0,0,0,2,9,-1,6,1,43,7,-1,-1,-1,-1,5,E01024746,0,1
2025461563700,2025,461563700,2,9,0,-1,19,7,7,-1,0,0,5,0,0,0,1,1,-1,2,1,60,9,-1,-1,-1,-1,2,E01024192,0,3
2025461563700,2025,461563700,1,9,0,-1,13,7,3,-1,0,0,0,0,0,0,1,1,-1,2,1,47,8,-1,-1,-1,-1,4,E01024673,0,1
2025461563771,2025,461563771,1,-1,0,-1,5,3,7,-1,0,8,0,0,0,0,1,1,-1,9,1,15,3,-1,-1,-1,-1,4,E01035303,1,1
2025461563771,2025,461563771,2,9,0,-1,19,1,5,-1,0,8,0,0,0,0,4,1,-1,9,2,48,8,-1,-1,-1,-1,4,E01035303,0,1
2025461563781,2025,461563781,1,9,0,-1,19,7,3,-1,0,0,0,0,0,0,1,1,-1,6,2,31,6,-1,-1,-1,-1,2,E01024374,0,2
2025461563781,2025,461563781,2,9,0,-1,19,7,3,-1,0,0,0,0,0,0,1,1,-1,6,2,48,8,-1,-1,-1,-1,7,E01024073,0,4
2025461563794,2025,461563794,2,9,0,-1,4,6,2,-1,0,1,0,0,0,0,2,1,-1,9,2,38,7,-1,-1,-1,-1,5,E01024711,0,1
2025461563794,2025,461563794,1,9,0,-1,19,6,2,-1,0,1,0,0,0,0,1,1,-1,2,2,36,7,-1,-1,-1,-1,3,E01024668,0,2
2025461563838,2025,461563838,2,9,0,-1,2,0,0,-1,0,0,0,0,0,0,4,1,-1,6,-1,-1,-1,-1,-1,-1,-1,-1,-1,0,-1
2025461563838,2025,461563838,1,9,0,-1,19,3,7,-1,0,0,1,4,0,0,4,1,-1,6,1,19,4,-1,-1,-1,-1,5,E01024674,0,1
2025461563879,2025,461563879,1,9,0,-1,19,5,1,-1,0,8,0,4,0,0,1,2,-1,1,2,25,5,-1,-1,-1,-1,6,E01016142,0,2
2025461563879,2025,461563879,2,9,0,-1,2,0,0,-1,0,8,0,0,0,0,2,2,-1,6,-1,-1,-1,-1,-1,-1,-1,-1,-1,0,-1
2025461563888,2025,461563888,2,21,0,-1,2,6,7,-1,0,0,0,4,0,0,2,2,-1,1,1,48,8,-1,-1,-1,-1,-1,-1,0,-1
2025461563888,2025,461563888,1,90,0,-1,5,4,4,-1,0,0,0,4,0,0,1,1,-1,1,1,36,7,-1,-1,-1,-1,1,E01024611,0,3
2025461563898,2025,461563898,1,9,0,-1,2,7,8,-1,0,0,0,8,0,0,3,1,-1,6,2,62,9,-1,-1,-1,-1,8,E01017855,0,5
2025461563993,2025,461563993,1,9,0,-1,19,1,5,-1,0,0,1,0,5,0,1,1,-1,2,2,58,9,-1,-1,-1,-1,4,E01024162,0,2
2025461564023,2025,461564023,1,9,0,-1,19,5,1,-1,0,0,0,0,0,0,1,9,-1,6,2,52,8,-1,-1,-1,-1,8,E01024542,0,1
2025461564023,2025,461564023,2,97,0,-1,19,1,5,-1,0,0,0,0,0,0,1,1,-1,9,1,44,7,-1,-1,-1,-1,5,E01024544,0,1
2025461564039,2025,461564039,1,9,0,-1,9,3,7,-1,0,1,0,0,0,0,4,9,-1,6,1,69,10,-1,-1,-1,-1,1,E01024240,0,3
2025461564039,2025,461564039,2,9,0,-1,19,5,1,-1,0,1,0,0,0,0,1,9,-1,9,2,60,9,-1,-1,-1,-1,4,E01024042,0,1
2025461564063,2025,461564063,2,9,0,-1,19,7,3,-1,0,0,0,0,0,0,4,9,-1,2,1,42,7,-1,-1,-1,-1,4,E01024587,0,4
2025461564063,2025,461564063,1,98,1,-1,12,7,3,-1,0,0,0,0,0,0,3,9,-1,6,1,29,6,-1,-1,-1,-1,-1,-1,0,-1
2025461564077,2025,461564077,1,9,0,-1,19,1,5,-1,0,0,0,0,0,0,1,9,-1,6,1,84,11,-1,-1,-1,-1,2,E01035296,0,1
2025461564089,2025,461564089,2,9,0,-1,19,7,3,-1,0,0,0,0,0,0,4,9,-1,6,2,31,6,-1,-1,-1,-1,3,E01024713,0,2
2025461564089,2025,461564089,1,9,0,-1,19,1,5,-1,0,0,0,0,0,0,1,9,-1,6,2,47,8,-1,-1,-1,-1,2,E01024684,0,1
2025461564101,2025,461564101,3,9,0,-1,3,3,7,-1,0,0,0,0,0,0,2,9,-1,1,2,-1,-1,-1,-1,-1,-1,1,E01024081,0,3
2025461564101,2025,461564101,1,9,0,-1,19,3,7,-1,0,0,0,0,0,0,1,9,-1,6,2,43,7,-1,-1,-1,-1,3,E01024552,0,1
2025461564101,2025,461564101,2,9,0,-1,3,3,7,-1,0,0,0,4,0,0,2,9,-1,6,2,-1,-1,-1,-1,-1,-1,4,E01024624,0,3
2025461564131,2025,461564131,1,5,0,-1,19,1,6,-1,0,0,0,0,7,11,1,1,-1,9,1,52,8,-1,-1,-1,-1,9,E01024104,0,1
2025461564199,2025,461564199,1,9,0,-1,3,4,5,-1,0,6,0,0,0,0,1,1,-1,1,1,66,10,-1,-1,-1,-1,6,E01024346,0,2
2025461564199,2025,461564199,2,9,0,-1,5,4,5,-1,0,6,0,0,0,0,2,1,-1,1,2,60,9,-1,-1,-1,-1,5,E01024342,0,2
2025461564208,2025,461564208,3,98,0,-1,19,6,6,-1,0,0,0,0,0,0,0,1,-1,6,3,35,6,-1,-1,-1,-1,-1,-1,0,-1
2025461564208,2025,461564208,2,9,0,-1,19,6,6,-1,0,0,0,0,0,0,2,1,-1,6,1,37,7,-1,-1,-1,-1,2,E01024596,0,3
2025461564208,2025,461564208,1,9,0,-1,19,6,6,-1,0,0,0,0,0,0,1,1,-1,6,1,27,6,-1,-1,-1,-1,5,E01024243,0,4
2025461564271,2025,461564271,1,9,0,-1,9,4,2,-1,0,8,0,0,0,0,3,1,-1,2,1,46,8,-1,-1,-1,-1,2,E01024646,0,2
2025461564271,2025,461564271,2,1,0,-1,19,2,7,-1,0,1,0,0,0,0,4,1,-1,9,1,27,6,-1,-1,-1,-1,1,E01024672,0,1
2025461564289,2025,461564289,2,9,0,-1,3,3,3,-1,0,2,0,0,0,0,1,1,-1,9,1,48,8,-1,-1,-1,-1,4,E01016116,0,1
2025461564289,2025,461564289,1,9,0,-1,5,1,3,-1,0,2,0,0,0,0,4,1,-1,6,1,40,7,-1,-1,-1,-1,4,E01016174,0,1
2025461564320,2025,461564320,1,9,0,-1,19,5,1,-1,0,2,0,0,1,4,1,1,-1,9,1,20,4,-1,-1,-1,-1,9,E01002463,0,5
2025461564321,2025,461564321,1,3,0,-1,5,8,4,-1,0,6,0,0,0,0,1,1,-1,6,1,46,8,-1,-1,-1,-1,2,E01024091,0,1
2025461564321,2025,461564321,2,8,0,-1,19,6,2,-1,0,1,0,0,0,0,4,1,-1,1,1,54,8,-1,-1,-1,-1,2,E01024047,0,1
2025461564336,2025,461564336,1,97,0,-1,19,1,5,-1,9,0,0,0,0,0,1,1,-1,6,1,-1,-1,-1,-1,-1,-1,-1,-1,0,-1
2025461564349,2025,461564349,1,9,0,-1,19,4,4,-1,9,0,0,0,1,0,4,1,-1,6,1,46,8,-1,-1,-1,-1,7,E01024407,0,2
2025461564356,2025,461564356,1,9,0,-1,19,1,5,-1,0,1,0,0,0,0,1,9,-1,6,3,-1,-1,-1,-1,-1,-1,-1,-1,0,-1
2025461564356,2025,461564356,2,1,0,-1,19,3,7,-1,0,1,0,0,1,0,2,1,-1,2,1,54,8,-1,-1,-1,-1,4,E01024665,0,1
2025461564364,2025,461564364,1,11,0,-1,19,1,5,-1,0,0,0,0,0,0,4,9,-1,1,1,65,9,-1,-1,-1,-1,6,E01035008,0,3
2025461564376,2025,461564376,1,9,0,-1,5,7,3,-1,0,8,0,0,0,0,1,9,-1,9,1,62,9,-1,-1,-1,-1,7,E01024459,0,1
2025461564376,2025,461564376,2,1,0,-1,19,1,5,-1,0,8,0,0,0,0,1,1,-1,9,2,26,6,-1,-1,-1,-1,7,E01000438,0,4
2025461564379,2025,461564379,2,9,0,-1,19,2,6,-1,0,8,0,0,0,0,1,1,-1,9,2,33,6,-1,-1,-1,-1,8,E01024744,0,1
2025461564379,2025,461564379,1,9,0,-1,7,2,4,-1,0,3,0,0,0,0,4,1,-1,2,2,38,7,-1,-1,-1,-1,5,E01033089,0,2
2025461564388,2025,461564388,3,9,0,-1,19,5,1,-1,0,0,0,0,0,0,3,1,-1,9,2,54,8,-1,-1,-1,-1,10,E01016054,0,1
2025461564388,2025,461564388,2,20,5,-1,2,0,0,-1,0,0,0,0,0,0,3,1,-1,1,1,48,8,-1,-1,-1,-1,7,E01024288,0,3
2025461564388,2025,461564388,1,97,0,-1,19,1,5,-1,0,0,1,0,0,0,1,1,-1,1,1,20,4,-1,-1,-1,-1,5,E01016165,0,2
2025461564396,2025,461564396,1,3,0,-1,4,3,7,-1,0,8,0,0,0,0,1,1,-1,9,1,-1,-1,-1,-1,-1,-1,5,E01023985,0,3
2025461564396,2025,461564396,2,3,0,-1,4,3,7,-1,0,8,0,0,0,0,2,1,-1,9,2,45,7,-1,-1,-1,-1,9,E01016147,0,4
2025461564409,2025,461564409,1,9,0,-1,19,3,7,-1,0,0,0,0,0,0,1,9,-1,9,2,-1,-1,-1,-1,-1,-1,6,E01000352,0,3
2025461564409,2025,461564409,2,9,0,-1,3,3,7,-1,0,0,0,0,0,0,2,9,-1,9,2,23,5,-1,-1,-1,-1,4,E01016157,0,2
2025461564586,2025,461564586,1,9,0,-1,9,8,5,-1,0,1,0,0,0,0,1,1,-1,9,2,55,8,-1,-1,-1,-1,7,E01024538,0,3
2025461564600,2025,461564600,1,19,0,-1,19,1,5,-1,9,0,0,0,0,0,1,9,-1,6,1,75,10,-1,-1,-1,-1,2,E01024699,0,1
2025461564616,2025,461564616,1,9,0,-1,19,6,2,-1,0,0,1,10,0,0,1,1,-1,9,1,73,10,-1,-1,-1,-1,6,E01024530,0,1
2025461564700,2025,461564700,2,3,0,-1,19,3,7,-1,0,0,0,0,0,0,4,1,-1,9,2,29,6,-1,-1,-1,-1,5,E01033091,0,1
2025461564700,2025,461564700,1,9,0,-1,5,1,5,-1,0,0,0,0,0,0,1,1,-1,9,1,50,8,-1,-1,-1,-1,10,E01023218,0,5
2025461564709,2025,461564709,2,9,0,-1,19,3,7,-1,0,2,0,0,0,0,1,1,-1,1,2,33,6,-1,-1,-1,-1,2,E01016024,0,4
2025461564709,2025,461564709,1,9,0,-1,19,7,3,-1,0,8,0,0,1,0,1,1,-1,9,2,39,7,-1,-1,-1,-1,10,E01024755,0,1
2025461564743,2025,461564743,3,9,0,-1,2,5,7,-1,0,0,0,0,0,0,1,1,-1,6,-1,-1,-1,-1,-1,-1,-1,-1,-1,0,-1
2025461564743,2025,461564743,2,9,0,-1,19,2,6,-1,0,0,0,0,0,0,1,1,-1,9,1,20,4,-1,-1,-1,-1,6,E01035002,0,1
2025461564743,2025,461564743,1,9,0,-1,19,6,2,-1,0,0,0,0,0,0,1,1,-1,6,1,30,6,-1,-1,-1,-1,6,E01016058,0,2
2025461564749,2025,461564749,1,9,0,-1,19,8,4,-1,0,0,0,4,0,0,1,1,-1,9,2,74,10,-1,-1,-1,-1,7,E01024245,0,1
2025461564749,2025,461564749,2,9,0,-1,2,0,0,-1,0,0,0,0,0,0,2,1,-1,6,-1,-1,-1,-1,-1,-1,-1,-1,-1,0,-1
2025461564772,2025,461564772,2,98,0,-1,19,7,3,-1,0,1,0,0,0,0,4,9,-1,1,2,61,9,-1,-1,-1,-1,7,E01024094,0,3
2025461564772,2025,461564772,1,9,0,-1,1,1,5,-1,0,2,0,0,0,0,2,9,-1,6,1,-1,-1,-1,-1,-1,-1,-1,-1,0,-1
2025461564782,2025,461564782,2,9,0,-1,19,7,3,-1,0,0,0,0,0,0,2,9,-1,9,1,58,9,-1,-1,-1,-1,6,E01024719,0,1
2025461564782,2025,461564782,1,9,0,-1,19,7,3,-1,0,0,0,0,0,0,1,9,-1,6,1,-1,-1,-1,-1,-1,-1,-1,-1,0,-1
2025461564794,2025,461564794,2,9,0,-1,8,6,1,-1,0,8,0,0,0,0,2,9,-1,9,2,32,6,-1,-1,-1,-1,7,E01024726,0,4
2025461564794,2025,461564794,1,9,0,-1,19,6,1,-1,0,8,0,0,0,0,1,9,-1,6,3,-1,-1,-1,-1,-1,-1,-1,-1,0,-1
2025461564864,2025,461564864,1,9,0,-1,5,7,7,-1,0,2,0,0,0,0,1,2,-1,9,2,34,6,-1,-1,-1,-1,9,E01016073,0,1
2025461564864,2025,461564864,2,9,0,-1,5,1,1,-1,0,1,0,0,0,0,1,2,-1,1,2,34,6,-1,-1,-1,-1,4,E01016143,0,2
2025461565035,2025,461565035,1,19,0,-1,15,8,4,-1,0,0,0,0,0,0,4,1,-1,6,1,21,5,-1,-1,-1,-1,3,E01024395,0,1
2025461565035,2025,461565035,2,9,0,-1,4,2,6,-1,0,0,0,0,0,0,4,9,-1,6,2,32,6,-1,-1,-1,-1,5,E01024366,0,2
2025461565058,2025,461565058,1,9,0,-1,19,4,8,-1,0,0,0,0,0,0,1,1,-1,6,1,58,9,-1,-1,-1,-1,3,E01024713,0,1
2025461565058,2025,461565058,3,90,0,-1,4,4,8,-1,0,0,0,0,0,0,2,1,-1,1,1,54,8,-1,-1,-1,-1,7,E01024236,0,4
2025461565058,2025,461565058,2,9,0,-1,19,4,8,-1,0,0,0,0,0,0,2,1,-1,6,2,74,10,-1,-1,-1,-1,7,E01024712,0,1
2025461565069,2025,461565069,1,9,0,-1,19,2,2,-1,0,1,1,0,0,0,1,2,-1,2,1,47,8,-1,-1,-1,-1,1,E01024710,0,1
2025461565069,2025,461565069,2,9,0,-1,9,6,4,-1,0,1,0,7,0,0,4,2,-1,6,1,36,7,-1,-1,-1,-1,1,E01024667,0,1
2025461565076,2025,461565076,1,9,0,-1,19,1,5,-1,0,1,0,0,0,0,1,1,-1,6,2,57,9,-1,-1,-1,-1,1,E01024278,0,1
2025461565082,2025,461565082,1,9,0,-1,9,4,2,-1,0,1,0,0,0,0,1,2,-1,9,1,38,7,-1,-1,-1,-1,-1,-1,0,-1
2025461565082,2025,461565082,2,3,0,-1,19,8,4,-1,0,8,0,0,0,0,1,1,-1,6,1,31,6,-1,-1,-1,-1,4,E01024372,0,2
2025461565084,2025,461565084,2,9,0,-1,19,1,4,-1,0,0,1,0,0,0,1,1,-1,9,2,39,7,-1,-1,-1,-1,4,E01024565,0,1
2025461565084,2025,461565084,1,19,0,-1,19,5,1,-1,0,0,1,0,0,0,1,1,-1,1,1,24,5,-1,-1,-1,-1,2,E01024677,0,4
2025461565134,2025,461565134,1,9,0,-1,19,5,1,-1,0,0,2,0,0,0,1,1,-1,9,2,79,11,-1,-1,-1,-1,9,E01024057,0,2
2025461565134,2025,461565134,2,9,0,-1,19,5,1,-1,0,0,0,0,0,0,2,1,-1,9,1,67,10,-1,-1,-1,-1,3,E01024059,0,2
2025461565147,2025,461565147,4,9,0,-1,4,7,3,-1,0,0,0,0,0,0,2,1,-1,6,2,40,7,-1,-1,-1,-1,7,E01024127,0,3
2025461565147,2025,461565147,2,10,0,-1,19,7,3,-1,0,0,0,0,0,0,1,2,-1,6,2,23,5,-1,-1,-1,-1,8,E01024063,0,1
2025461565147,2025,461565147,3,9,0,-1,4,7,3,-1,0,0,0,0,0,0,2,1,-1,6,1,72,10,-1,-1,-1,-1,4,E01024640,0,3
2025461565147,2025,461565147,1,98,0,-1,19,7,3,-1,0,0,0,0,0,0,1,2,-1,6,1,32,6,-1,-1,-1,-1,7,E01024073,0,1
2025461565154,2025,461565154,1,5,0,-1,13,6,1,-1,0,1,0,0,0,0,3,1,-1,9,1,31,6,-1,-1,-1,-1,8,E01024816,0,1
2025461565207,2025,461565207,1,3,0,-1,19,2,6,-1,0,0,2,0,0,0,3,1,-1,9,1,18,4,-1,-1,-1,-1,9,E01024735,0,2
2025461565342,2025,461565342,1,9,0,-1,5,5,3,-1,0,8,0,10,1,0,1,1,-1,9,1,69,10,-1,-1,-1,-1,6,E01024067,0,1
2025461565349,2025,461565349,1,3,0,-1,19,6,2,-1,0,1,0,0,0,0,3,1,-1,6,1,22,5,-1,-1,-1,-1,1,E01024683,0,1
2025461565349,2025,461565349,2,9,0,-1,19,5,2,-1,0,1,0,0,0,0,1,1,-1,6,1,64,9,-1,-1,-1,-1,4,E01024651,0,1
2025461565353,2025,461565353,2,19,0,-1,4,5,1,-1,0,0,0,0,0,0,2,1,-1,9,1,57,9,-1,-1,-1,-1,5,E01024647,0,1
2025461565353,2025,461565353,1,9,0,-1,19,5,1,-1,0,0,0,0,0,0,1,1,-1,9,2,38,7,-1,-1,-1,-1,1,E01024667,0,1
2025461565364,2025,461565364,1,9,0,-1,19,3,7,-1,0,8,0,0,0,0,1,1,-1,9,2,22,5,-1,-1,-1,-1,5,E01024588,0,1
2025461565454,2025,461565454,1,9,0,-1,-1,-1,-1,-1,-1,8,-1,-1,-1,0,-1,1,-1,6,3,-1,-1,-1,-1,-1,-1,-1,-1,0,-1
2025461565474,2025,461565474,1,9,0,-1,19,3,7,-1,0,1,0,0,0,0,1,1,-1,2,1,41,7,-1,-1,-1,-1,10,E01024523,0,1
2025461565532,2025,461565532,2,9,0,-1,19,6,2,-1,0,8,0,4,1,0,3,1,-1,9,1,67,10,-1,-1,-1,-1,8,E01024221,0,1
2025461565532,2025,461565532,3,9,0,-1,2,0,0,-1,9,5,0,0,0,0,3,1,-1,6,1,64,9,-1,-1,-1,-1,6,E01024250,0,1
2025461565532,2025,461565532,1,90,0,-1,19,4,8,-1,0,8,0,0,0,0,1,1,-1,1,1,54,8,-1,-1,-1,-1,1,E01024697,0,3
2025461565552,2025,461565552,1,9,0,-1,3,5,1,-1,0,0,1,0,0,0,1,1,-1,9,1,28,6,-1,-1,-1,-1,4,E01003230,0,4
2025461565552,2025,461565552,2,9,0,-1,3,5,1,-1,0,0,1,0,0,0,1,1,-1,9,1,25,5,-1,-1,-1,-1,7,E01000822,0,3
2025461565552,2025,461565552,4,9,0,-1,3,5,1,-1,0,0,0,0,0,0,2,1,-1,9,1,36,7,-1,-1,-1,-1,2,E01001655,0,3
2025461565552,2025,461565552,3,9,0,-1,3,5,1,-1,0,0,0,0,0,0,2,1,-1,9,2,22,5,-1,-1,-1,-1,7,E01000364,0,2
2025461565657,2025,461565657,2,11,0,-1,3,7,3,-1,0,1,0,0,0,0,3,1,-1,1,1,22,5,-1,-1,-1,-1,7,E01016179,0,1
2025461565657,2025,461565657,1,9,0,-1,5,5,1,-1,9,1,0,0,0,0,1,2,-1,6,1,20,4,-1,-1,-1,-1,2,E01016041,0,1
2025461565706,2025,461565706,1,9,0,-1,19,5,1,-1,0,0,0,0,0,0,1,9,-1,1,1,19,4,-1,-1,-1,-1,2,E01016039,0,3
2025461565706,2025,461565706,2,9,0,-1,19,5,1,-1,0,0,0,0,0,0,2,9,-1,9,1,34,6,-1,-1,-1,-1,2,E01016160,0,4
2025461565745,2025,461565745,4,8,0,-1,4,1,5,-1,0,0,0,0,0,0,2,1,-1,1,1,50,8,-1,-1,-1,-1,5,E01016015,0,4
2025461565745,2025,461565745,2,19,0,-1,19,1,5,-1,0,0,0,0,0,0,2,1,-1,1,1,35,6,-1,-1,-1,-1,4,E01025976,0,5