collision_index,collision_year,collision_ref_no,vehicle_reference,vehicle_type,towing_and_articulation,vehicle_manoeuvre_historic,vehicle_manoeuvre,vehicle_direction_from,vehicle_direction_to,vehicle_location_restricted_lane_historic,vehicle_location_restricted_lane,junction_location,skidding_and_overturning,hit_object_in_carriageway,vehicle_leaving_carriageway,hit_object_off_carriageway,first_point_of_impact,vehicle_left_hand_drive,journey_purpose_of_driver_historic,journey_purpose_of_driver,sex_of_driver,age_of_driver,age_band_of_driver,engine_capacity_cc,propulsion_code,age_of_vehicle,generic_make_model,driver_imd_decile,lsoa_of_driver,escooter_flag,driver_distance_banding
2025461574565,2025,461574565,5,9,0,-1,2,0,0,-1,0,0,0,4,0,0,2,1,-1,6,-1,28,6,-1,-1,-1,-1,-1,-1,0,-1
2025461574565,2025,461574565,4,9,0,-1,2,0,0,-1,0,0,0,4,0,0,2,1,-1,6,-1,-1,-1,-1,-1,-1,-1,-1,-1,0,-1
2025461574565,2025,461574565,2,9,0,-1,2,0,0,-1,0,0,0,4,0,0,3,1,-1,6,-1,-1,-1,-1,-1,-1,-1,-1,-1,0,-1
2025461574565,2025,461574565,3,9,0,-1,2,0,0,-1,0,0,0,4,0,0,2,1,-1,6,-1,-1,-1,-1,-1,-1,-1,-1,-1,0,-1
2025461574612,2025,461574612,2,1,0,-1,2,6,2,-1,0,0,1,0,0,0,2,1,-1,9,1,57,9,-1,-1,-1,-1,4,E01024577,0,1
2025461574612,2025,461574612,1,9,0,-1,19,6,2,-1,0,0,0,0,0,0,1,9,-1,6,3,-1,-1,-1,-1,-1,-1,-1,-1,0,-1
2025461574616,2025,461574616,1,9,0,-1,19,5,1,-1,0,0,0,0,1,11,1,1,-1,2,2,36,7,-1,-1,-1,-1,4,E01016517,0,4
2025461574621,2025,461574621,2,9,0,-1,2,0,0,-1,0,0,0,0,0,0,2,1,-1,6,-1,-1,-1,-1,-1,-1,-1,-1,-1,0,-1
2025461574621,2025,461574621,1,9,0,-1,19,7,3,-1,0,0,0,4,0,0,1,1,-1,1,1,48,8,-1,-1,-1,-1,7,E01024127,0,1
2025461574686,2025,461574686,1,17,1,-1,4,1,5,-1,0,0,0,0,0,0,4,9,-1,1,2,56,9,-1,-1,-1,-1,6,E01019878,0,5
2025461574756,2025,461574756,1,90,0,-1,19,6,4,-1,0,0,0,0,0,0,1,9,-1,6,3,-1,-1,-1,-1,-1,-1,-1,-1,0,-1
2025461574756,2025,461574756,2,9,0,-1,19,6,4,-1,0,0,1,0,0,0,2,9,-1,7,1,19,4,-1,-1,-1,-1,9,E01024159,0,3
2025461574767,2025,461574767,2,9,0,-1,3,3,7,-1,0,8,0,0,0,0,2,1,-1,9,1,18,4,-1,-1,-1,-1,2,E01024047,0,2
2025461574767,2025,461574767,1,9,0,-1,19,3,7,-1,0,8,0,0,0,0,1,1,-1,9,2,88,11,-1,-1,-1,-1,5,E01024704,0,3
2025461574775,2025,461574775,2,3,0,-1,19,8,5,-1,0,0,5,0,0,0,2,1,-1,9,1,18,4,-1,-1,-1,-1,9,E01035290,0,3
2025461574775,2025,461574775,1,3,0,-1,19,8,5,-1,0,0,5,0,0,0,1,1,-1,9,2,20,4,-1,-1,-1,-1,8,E01024762,0,4
2025461574811,2025,461574811,2,9,0,-1,3,5,3,-1,0,1,0,0,0,0,1,9,-1,6,1,43,7,-1,-1,-1,-1,7,E01024260,0,1
2025461574811,2025,461574811,1,9,0,-1,1,3,7,-1,0,1,0,0,0,0,2,9,-1,6,1,45,7,-1,-1,-1,-1,10,E01024320,0,3
2025461574816,2025,461574816,1,5,0,-1,13,2,6,-1,0,0,0,0,0,0,1,1,-1,9,1,45,7,-1,-1,-1,-1,2,E01024585,0,1
2025461574816,2025,461574816,2,19,0,-1,9,4,7,-1,0,0,0,0,0,0,3,1,-1,1,1,33,6,-1,-1,-1,-1,5,E01035298,0,1
2025461574857,2025,461574857,2,9,0,-1,3,8,4,-1,0,0,0,0,0,0,2,1,-1,9,1,42,7,-1,-1,-1,-1,9,E01035245,0,4
2025461574857,2025,461574857,1,9,0,-1,4,8,4,-1,0,0,1,0,0,0,1,1,-1,2,1,38,7,-1,-1,-1,-1,3,E01020996,0,4
2025461574870,2025,461574870,3,9,0,-1,3,3,7,-1,0,0,0,0,0,0,1,1,-1,1,1,31,6,-1,-1,-1,-1,5,E01024379,0,2
2025461574870,2025,461574870,2,9,0,-1,3,3,7,-1,0,0,0,0,0,0,3,1,-1,6,2,38,7,-1,-1,-1,-1,8,E01033088,0,1
2025461574870,2025,461574870,1,9,0,-1,19,7,3,-1,0,0,0,0,0,0,1,1,-1,9,1,75,10,-1,-1,-1,-1,7,E01024813,0,2
2025461574875,2025,461574875,1,97,0,-1,19,1,5,-1,0,1,0,0,0,0,1,1,-1,6,1,70,10,-1,-1,-1,-1,8,E01016105,0,4
2025461574875,2025,461574875,2,9,0,-1,10,1,8,-1,0,1,0,0,0,0,2,1,-1,6,2,35,6,-1,-1,-1,-1,6,E01031342,0,4
2025461574877,2025,461574877,2,1,0,-1,19,6,2,-1,0,1,0,0,0,0,1,1,-1,6,1,77,11,-1,-1,-1,-1,5,E01024639,0,1
2025461574877,2025,461574877,1,9,0,-1,9,7,6,-1,0,5,0,0,0,0,1,1,-1,1,1,62,9,-1,-1,-1,-1,8,E01024652,0,2
2025461574991,2025,461574991,1,90,0,-1,13,1,5,-1,0,8,0,0,0,0,1,1,-1,8,2,42,7,-1,-1,-1,-1,4,E01024387,0,3
2025461574991,2025,461574991,2,98,0,-1,9,6,8,-1,0,1,0,0,0,0,3,1,-1,9,1,23,5,-1,-1,-1,-1,10,E01016054,0,2
2025461575005,2025,461575005,1,5,0,-1,19,2,7,-1,0,0,0,10,1,2,1,1,-1,9,1,40,7,-1,-1,-1,-1,9,E01016147,0,1
2025461575050,2025,461575050,2,9,0,-1,7,5,8,-1,0,1,0,0,0,0,4,1,-1,1,1,35,6,-1,-1,-1,-1,8,E01000366,0,4
2025461575050,2025,461575050,3,11,0,-1,4,8,3,-1,0,1,0,0,0,0,1,1,-1,9,1,66,10,-1,-1,-1,-1,4,-1,0,5
2025461575050,2025,461575050,1,9,0,-1,4,7,3,-1,0,1,0,0,0,0,1,1,-1,6,1,21,5,-1,-1,-1,-1,1,E01024563,0,3
2025461575116,2025,461575116,2,9,0,-1,4,4,2,-1,0,1,0,0,0,0,2,1,-1,9,2,49,8,-1,-1,-1,-1,1,E01024697,0,1
2025461575116,2025,461575116,1,9,0,-1,19,4,2,-1,0,1,0,0,0,0,1,1,-1,1,2,56,9,-1,-1,-1,-1,7,E01024712,0,1
2025461575197,2025,461575197,1,90,0,-1,11,6,4,-1,0,0,0,0,0,0,4,9,-1,6,1,65,9,-1,-1,-1,-1,-1,-1,0,-1
2025461575197,2025,461575197,2,9,0,-1,19,6,4,-1,0,0,0,0,0,0,3,9,-1,2,1,37,7,-1,-1,-1,-1,6,E01034988,0,1
2025461575246,2025,461575246,2,9,0,-1,3,7,4,-1,0,8,0,0,0,0,2,9,-1,9,1,80,11,-1,-1,-1,-1,8,E01024045,0,1
2025461575246,2025,461575246,1,19,0,-1,4,7,4,-1,0,8,0,0,0,0,1,9,-1,1,1,-1,-1,-1,-1,-1,-1,3,E01024090,0,1
2025461575289,2025,461575289,2,9,0,-1,-1,-1,-1,-1,-1,0,-1,-1,-1,0,-1,9,-1,6,1,34,6,-1,-1,-1,-1,7,E01032822,0,3
2025461575289,2025,461575289,1,9,0,-1,-1,-1,-1,-1,-1,0,-1,-1,-1,0,-1,9,-1,6,2,-1,-1,-1,-1,-1,-1,8,E01033210,0,3
2025461575311,2025,461575311,1,9,0,-1,14,7,3,-1,0,0,0,0,0,0,1,1,-1,9,1,74,10,-1,-1,-1,-1,9,E01024825,0,3
2025461575580,2025,461575580,1,9,0,-1,19,-1,-1,-1,0,-1,0,1,0,0,4,9,-1,6,2,67,10,-1,-1,-1,-1,4,E01024293,0,1
2025461575580,2025,461575580,2,22,0,-1,19,-1,-1,-1,0,-1,1,1,0,0,3,1,-1,6,1,78,11,-1,-1,-1,-1,2,E01024311,0,1
2025461575597,2025,461575597,2,9,0,-1,4,3,7,-1,0,0,0,0,0,0,1,9,-1,1,1,33,6,-1,-1,-1,-1,4,E01024373,0,3
2025461575597,2025,461575597,1,9,0,-1,1,7,1,-1,0,0,0,0,0,0,2,9,-1,6,3,-1,-1,-1,-1,-1,-1,-1,-1,0,-1
2025461575622,2025,461575622,2,9,0,-1,3,5,1,-1,0,1,0,0,0,0,-1,9,-1,6,2,60,9,-1,-1,-1,-1,7,E01016103,0,1
2025461575622,2025,461575622,1,97,0,-1,3,5,1,-1,0,1,0,0,0,0,-1,1,-1,2,1,-1,-1,-1,-1,-1,-1,2,E01016160,0,1
2025461575652,2025,461575652,1,9,0,-1,12,6,2,-1,0,0,0,0,0,0,1,9,-1,6,1,39,7,-1,-1,-1,-1,4,E01002315,0,3
2025461575652,2025,461575652,2,19,0,-1,4,6,2,-1,0,0,0,0,0,0,2,9,-1,2,2,46,8,-1,-1,-1,-1,8,E01026932,0,5
2025461575694,2025,461575694,2,9,0,-1,19,4,8,-1,0,0,0,0,0,0,4,9,-1,6,1,34,6,-1,-1,-1,-1,5,E01016075,0,1
2025461575694,2025,461575694,1,9,0,-1,3,4,8,-1,0,0,0,0,0,0,4,9,-1,6,1,25,5,-1,-1,-1,-1,3,E01016037,0,1
2025461575716,2025,461575716,1,9,0,-1,19,1,3,-1,0,0,0,0,0,0,3,9,-1,6,2,54,8,-1,-1,-1,-1,10,E01024402,0,3
2025461575716,2025,461575716,2,9,0,-1,19,1,3,-1,0,0,0,0,0,0,3,9,-1,9,2,38,7,-1,-1,-1,-1,6,E01034999,0,3
2025461575721,2025,461575721,1,20,0,-1,12,4,8,-1,0,4,0,0,0,0,3,9,-1,6,1,-1,-1,-1,-1,-1,-1,-1,-1,0,-1
2025461575721,2025,461575721,2,9,0,-1,5,4,8,-1,0,3,0,0,0,0,4,9,-1,2,1,20,4,-1,-1,-1,-1,5,E01032823,0,1
2025461575722,2025,461575722,1,9,0,-1,9,3,1,-1,0,1,0,4,0,0,3,1,-1,9,1,38,7,-1,-1,-1,-1,3,E01024620,0,1
2025461575722,2025,461575722,2,9,0,-1,10,0,0,-1,0,1,0,0,0,0,3,1,-1,9,1,41,7,-1,-1,-1,-1,1,E01024590,0,2
2025461575820,2025,461575820,2,9,0,-1,19,5,1,-1,0,0,0,0,0,0,1,9,-1,2,1,36,7,-1,-1,-1,-1,3,E01024695,0,1
2025461575820,2025,461575820,1,9,0,-1,7,5,5,-1,0,0,0,0,0,0,1,9,-1,6,1,-1,-1,-1,-1,-1,-1,4,E01024694,0,1
2025461575822,2025,461575822,1,97,0,-1,19,3,7,-1,0,0,0,0,0,0,1,1,-1,1,1,27,6,-1,-1,-1,-1,5,E01032800,0,3
2025461575822,2025,461575822,2,9,0,-1,11,3,7,-1,0,0,0,0,0,0,2,1,-1,1,1,28,6,-1,-1,-1,-1,3,E01016071,0,4
2025461575879,2025,461575879,1,20,0,-1,7,3,7,-1,9,0,0,0,0,0,4,1,-1,1,1,59,9,-1,-1,-1,-1,5,E01021484,0,4
2025461576020,2025,461576020,1,9,0,-1,19,6,5,-1,0,0,0,0,0,0,1,1,-1,6,1,21,5,-1,-1,-1,-1,5,E01024787,0,3
2025461576020,2025,461576020,2,9,0,-1,19,4,5,-1,0,0,0,0,0,0,2,2,-1,6,1,33,6,-1,-1,-1,-1,8,E01021230,0,2
2025461576045,2025,461576045,2,9,0,-1,19,8,3,-1,0,3,0,0,0,0,4,1,-1,6,1,32,6,-1,-1,-1,-1,4,E01024702,0,2
2025461576045,2025,461576045,1,8,0,-1,5,1,5,-1,0,4,0,0,0,0,1,1,-1,1,1,24,5,-1,-1,-1,-1,4,E01024656,0,1
2025461576093,2025,461576093,1,9,0,-1,3,7,3,-1,0,1,0,0,0,0,4,9,-1,9,1,78,11,-1,-1,-1,-1,4,E01016116,0,1
2025461576093,2025,461576093,2,19,0,-1,2,0,0,-1,0,1,0,0,0,0,3,9,-1,6,3,-1,-1,-1,-1,-1,-1,-1,-1,0,-1
2025461576111,2025,461576111,1,9,0,-1,19,2,8,-1,0,1,0,0,0,0,1,9,-1,6,2,-1,-1,-1,-1,-1,-1,-1,-1,0,-1
2025461576111,2025,461576111,2,1,0,-1,3,2,8,-1,0,4,0,0,0,0,2,1,-1,9,1,46,8,-1,-1,-1,-1,7,E01024131,0,1
2025461576119,2025,461576119,2,1,-1,-1,19,7,3,-1,0,0,0,0,0,0,2,1,-1,6,1,54,8,-1,-1,-1,-1,3,E01024090,0,1
2025461576119,2025,461576119,1,9,0,-1,19,7,3,-1,0,0,0,0,0,0,1,9,-1,6,2,61,9,-1,-1,-1,-1,3,E01024059,0,2
2025461576180,2025,461576180,2,9,0,-1,2,0,0,-1,0,1,0,0,0,0,2,9,-1,6,3,-1,-1,-1,-1,-1,-1,-1,-1,0,-1
2025461576180,2025,461576180,1,9,0,-1,19,1,5,-1,0,1,0,0,0,0,1,9,-1,6,1,-1,-1,-1,-1,-1,-1,8,E01024261,0,1
2025461576186,2025,461576186,2,1,0,-1,99,4,8,-1,0,0,0,0,0,0,1,1,-1,6,1,68,10,-1,-1,-1,-1,10,E01024811,0,1
2025461576186,2025,461576186,1,98,9,-1,99,4,8,-1,0,0,0,0,0,0,0,9,-1,6,3,-1,-1,-1,-1,-1,-1,-1,-1,0,-1
2025461576226,2025,461576226,2,9,0,-1,19,5,1,-1,0,0,0,0,0,0,3,9,-1,9,2,47,8,-1,-1,-1,-1,6,E01024572,0,1
2025461576226,2025,461576226,1,98,0,-1,19,1,5,-1,0,0,0,0,0,0,4,9,-1,1,1,-1,-1,-1,-1,-1,-1,-1,-1,0,-1
2025461576230,2025,461576230,2,9,0,-1,3,1,5,-1,0,0,1,0,0,0,2,9,-1,9,2,28,6,-1,-1,-1,-1,8,E01016148,0,1
2025461576230,2025,461576230,1,9,0,-1,19,1,5,-1,0,0,1,0,0,0,1,9,-1,6,1,19,4,-1,-1,-1,-1,6,E01024267,0,1
2025461576251,2025,461576251,2,1,0,-1,19,1,5,-1,0,0,0,0,0,0,3,1,-1,9,2,9,2,-1,-1,-1,-1,4,E01024565,0,1
2025461576251,2025,461576251,1,9,0,-1,19,1,5,-1,0,0,0,0,0,0,1,1,-1,6,1,40,7,-1,-1,-1,-1,3,E01024552,0,1
2025461576278,2025,461576278,2,1,0,-1,19,1,5,-1,0,0,2,0,0,0,0,1,-1,9,1,58,9,-1,-1,-1,-1,10,E01024471,0,1
2025461576278,2025,461576278,1,9,0,-1,5,1,5,-1,0,0,0,0,0,0,2,9,-1,6,3,-1,-1,-1,-1,-1,-1,-1,-1,0,-1
2025461576391,2025,461576391,1,5,0,-1,13,1,5,-1,0,1,1,0,7,0,1,1,-1,9,1,39,7,-1,-1,-1,-1,5,E01024531,0,3
2025461576391,2025,461576391,3,9,0,-1,2,0,0,-1,-1,2,0,0,0,0,2,1,-1,9,1,71,10,-1,-1,-1,-1,5,E01024532,0,1
2025461576391,2025,461576391,2,9,0,-1,9,5,7,-1,0,1,0,0,0,0,3,1,-1,2,1,60,9,-1,-1,-1,-1,6,E01024064,0,4
2025461576489,2025,461576489,1,5,0,-1,4,1,5,-1,0,0,2,11,1,9,1,1,-1,6,1,28,6,-1,-1,-1,-1,2,E01016160,0,1
2025461576496,2025,461576496,1,9,0,-1,19,2,6,-1,0,0,1,0,7,0,1,1,-1,9,2,17,4,-1,-1,-1,-1,9,E01021155,0,3
2025461576533,2025,461576533,1,8,0,-1,5,1,5,-1,0,0,0,0,0,0,4,9,-1,1,1,-1,-1,-1,-1,-1,-1,7,E01001598,0,3
2025461576542,2025,461576542,1,19,0,-1,7,6,1,-1,0,0,0,0,0,0,1,1,-1,6,1,40,7,-1,-1,-1,-1,6,E01024680,0,1
2025461576542,2025,461576542,2,9,0,-1,3,5,1,-1,0,0,0,0,0,0,2,1,-1,9,2,47,8,-1,-1,-1,-1,1,E01024663,0,1
2025461576545,2025,461576545,2,9,0,-1,3,3,7,-1,0,0,0,0,0,0,2,9,-1,6,2,21,5,-1,-1,-1,-1,6,E01024062,0,1
2025461576545,2025,461576545,1,9,0,-1,5,3,7,-1,0,0,0,0,0,0,1,9,-1,6,3,-1,-1,-1,-1,-1,-1,-1,-1,0,-1
2025461576559,2025,461576559,2,1,0,-1,19,2,7,-1,0,0,0,0,0,0,1,1,-1,6,1,66,10,-1,-1,-1,-1,3,E01024396,0,1
2025461576559,2025,461576559,1,9,0,-1,13,2,7,-1,0,0,0,0,0,0,1,9,-1,6,2,73,10,-1,-1,-1,-1,7,E01024405,0,1
2025461576562,2025,461576562,2,9,0,-1,19,5,1,-1,0,0,0,0,0,0,3,9,-1,9,2,23,5,-1,-1,-1,-1,3,E01024176,0,1
2025461576562,2025,461576562,1,9,0,-1,19,1,5,-1,0,0,0,0,0,0,4,9,-1,6,1,-1,-1,-1,-1,-1,-1,-1,-1,0,-1
2025461576631,2025,461576631,2,9,0,-1,19,1,3,-1,0,8,0,0,0,0,2,9,-1,6,1,81,11,-1,-1,-1,-1,9,E01034990,0,1
2025461576631,2025,461576631,1,19,0,-1,19,1,3,-1,0,8,0,0,0,0,4,9,-1,2,1,32,6,-1,-1,-1,-1,3,E01024552,0,4
2025461576798,2025,461576798,2,3,0,-1,19,7,3,-1,0,1,0,0,0,0,1,1,-1,9,1,18,4,-1,-1,-1,-1,5,E01024749,0,1
2025461576798,2025,461576798,1,9,0,-1,9,1,7,-1,0,6,0,0,0,0,1,1,-1,9,2,57,9,-1,-1,-1,-1,8,E01024750,0,1
2025461576916,2025,461576916,2,9,0,-1,2,2,2,-1,0,0,0,0,0,0,2,1,-1,6,-1,-1,-1,-1,-1,-1,-1,-1,-1,0,-1
2025461576916,2025,461576916,1,9,0,-1,19,6,2,-1,0,0,5,10,1,4,1,1,-1,9,1,53,8,-1,-1,-1,-1,9,E01024299,0,1
2025461576983,2025,461576983,4,9,0,-1,2,0,0,-1,-1,0,0,0,0,0,3,1,-1,6,-1,-1,-1,-1,-1,-1,-1,-1,-1,0,-1
2025461576983,2025,461576983,1,9,0,-1,19,4,1,-1,0,0,0,4,0,0,3,1,-1,9,1,24,5,-1,-1,-1,-1,3,E01024166,0,1
2025461576983,2025,461576983,2,9,0,-1,2,0,0,-1,-1,0,0,0,0,0,4,1,-1,6,-1,-1,-1,-1,-1,-1,-1,-1,-1,0,-1
2025461576983,2025,461576983,5,9,0,-1,2,0,0,-1,-1,0,0,4,0,0,4,1,-1,6,-1,-1,-1,-1,-1,-1,-1,-1,-1,0,-1
2025461576983,2025,461576983,3,9,0,-1,2,0,0,-1,-1,0,0,0,0,0,1,1,-1,6,-1,-1,-1,-1,-1,-1,-1,-1,-1,0,-1
2025461576996,2025,461576996,2,9,0,-1,19,6,2,-1,0,0,0,0,1,0,2,1,-1,6,1,25,5,-1,-1,-1,-1,2,E01024066,0,2
2025461576996,2025,461576996,1,9,0,-1,19,6,2,-1,0,0,0,0,7,0,1,1,-1,6,1,24,5,-1,-1,-1,-1,1,E01024687,0,3
2025461577000,2025,461577000,2,9,0,-1,2,0,0,-1,0,0,0,0,0,0,3,1,-1,6,-1,-1,-1,-1,-1,-1,-1,-1,-1,0,-1
2025461577000,2025,461577000,1,3,0,-1,19,6,2,-1,0,0,0,4,0,0,1,1,-1,1,1,44,7,-1,-1,-1,-1,10,E01024336,0,1
2025461577012,2025,461577012,1,19,0,-1,4,8,4,-1,0,0,0,0,0,0,1,1,-1,1,1,44,7,-1,-1,-1,-1,6,E01034994,0,4
2025461577012,2025,461577012,4,9,0,-1,3,8,4,-1,0,0,0,0,0,0,2,1,-1,9,1,41,7,-1,-1,-1,-1,5,E01032829,0,2
2025461577012,2025,461577012,2,9,0,-1,4,8,4,-1,0,0,0,0,0,0,2,1,-1,6,2,33,6,-1,-1,-1,-1,5,E01024606,0,4
2025461577012,2025,461577012,3,9,0,-1,4,8,4,-1,0,0,0,0,0,0,2,1,-1,9,1,42,7,-1,-1,-1,-1,10,E01024725,0,1
2025461577081,2025,461577081,2,9,0,-1,9,5,3,-1,0,3,0,0,0,0,4,1,-1,6,2,63,9,-1,-1,-1,-1,5,E01024400,0,1
2025461577081,2025,461577081,1,9,0,-1,19,8,5,-1,0,4,0,0,0,0,1,1,-1,6,2,53,8,-1,-1,-1,-1,7,E01024403,0,1
2025461577256,2025,461577256,1,5,0,-1,19,4,8,-1,0,8,0,0,0,0,1,1,-1,9,1,41,7,-1,-1,-1,-1,5,E01016158,0,1
2025461577258,2025,461577258,2,5,0,-1,19,8,4,-1,0,8,1,0,0,0,1,1,-1,9,1,36,7,-1,-1,-1,-1,6,E01024013,0,3
2025461577258,2025,461577258,1,9,0,-1,6,8,4,-1,0,8,0,0,7,0,3,1,-1,9,1,33,6,-1,-1,-1,-1,1,E01020984,0,4
2025461577271,2025,461577271,1,9,0,-1,19,7,3,-1,0,0,1,0,1,4,1,1,-1,9,1,29,6,-1,-1,-1,-1,5,E01010640,0,5
2025461577274,2025,461577274,2,9,0,-1,19,1,4,-1,0,1,0,0,0,0,1,1,-1,9,1,54,8,-1,-1,-1,-1,9,E01032735,0,1
2025461577274,2025,461577274,1,9,0,-1,19,6,3,-1,0,1,0,0,0,0,3,1,-1,2,1,43,7,-1,-1,-1,-1,9,E01024331,0,3
2025461577292,2025,461577292,1,1,0,-1,19,7,3,-1,0,0,0,10,0,0,4,1,-1,6,1,57,9,-1,-1,-1,-1,2,E01024108,0,1
2025461577383,2025,461577383,1,9,0,-1,12,7,6,-1,0,0,0,0,0,0,4,1,-1,6,1,36,7,-1,-1,-1,-1,7,E01003779,0,4
2025461577383,2025,461577383,2,9,0,-1,19,7,7,-1,0,0,0,0,1,11,3,1,-1,9,2,22,5,-1,-1,-1,-1,2,E01000661,0,3
2025461577396,2025,461577396,2,9,0,-1,19,3,7,-1,0,0,0,0,0,0,2,1,-1,9,1,78,11,-1,-1,-1,-1,9,E01021085,0,4
2025461577396,2025,461577396,1,9,0,-1,19,3,3,-1,0,0,0,0,0,0,1,1,-1,9,1,79,11,-1,-1,-1,-1,2,E01003604,0,4
2025461577424,2025,461577424,1,5,0,-1,2,0,0,-1,0,1,2,0,0,0,1,1,-1,6,1,61,9,-1,-1,-1,-1,1,E01024584,0,1
2025461577424,2025,461577424,2,9,0,-1,2,0,0,-1,0,1,0,0,0,0,1,1,-1,6,1,31,6,-1,-1,-1,-1,6,E01024598,0,2
2025461577513,2025,461577513,2,9,0,-1,19,7,3,-1,0,8,1,0,2,0,1,1,-1,1,1,47,8,-1,-1,-1,-1,4,E01013459,0,5
2025461577513,2025,461577513,1,9,0,-1,5,4,1,-1,0,8,1,0,0,0,4,1,-1,6,1,37,7,-1,-1,-1,-1,4,E01001674,0,4
2025461577545,2025,461577545,1,9,0,-1,19,3,7,-1,0,0,5,10,2,2,4,2,-1,6,1,52,8,-1,-1,-1,-1,2,E01024277,0,1
2025461577554,2025,461577554,1,9,0,-1,19,6,3,-1,0,0,0,0,0,0,3,1,-1,9,2,50,8,-1,-1,-1,-1,5,E01016158,0,1
2025461577585,2025,461577585,1,9,0,-1,19,3,6,-1,0,0,2,0,7,0,1,1,-1,6,3,-1,-1,-1,-1,-1,-1,-1,-1,0,-1
2025461577687,2025,461577687,1,19,0,-1,13,2,6,-1,0,3,5,0,0,0,4,1,-1,1,1,37,7,-1,-1,-1,-1,6,E01024716,0,2
2025461577687,2025,461577687,2,98,4,-1,19,2,6,-1,0,8,0,0,0,0,3,2,-1,6,1,-1,-1,-1,-1,-1,-1,-1,-1,0,-1
2025461577728,2025,461577728,1,9,0,-1,19,5,1,-1,0,0,0,0,8,4,1,1,-1,9,2,44,7,-1,-1,-1,-1,9,E01023136,0,4
2025461577730,2025,461577730,2,97,0,-1,19,5,1,-1,0,8,0,0,0,0,1,1,-1,6,1,20,4,-1,-1,-1,-1,1,E01024609,0,1
2025461577730,2025,461577730,1,8,0,-1,19,5,1,-1,0,8,0,0,0,0,1,9,-1,6,1,-1,-1,-1,-1,-1,-1,1,E01024609,0,1
2025461577756,2025,461577756,2,9,0,-1,19,7,3,-1,0,1,1,0,0,0,3,1,-1,9,2,47,8,-1,-1,-1,-1,6,E01024036,0,1
2025461577756,2025,461577756,1,9,0,-1,19,3,7,-1,0,1,1,0,0,0,3,1,-1,9,1,36,7,-1,-1,-1,-1,5,E01032823,0,2
2025461577944,2025,461577944,2,9,0,-1,9,1,3,-1,0,1,0,0,0,0,2,1,-1,6,1,59,9,-1,-1,-1,-1,6,E01024530,0,2
2025461577944,2025,461577944,1,9,0,-1,2,0,0,-1,0,1,0,0,0,0,1,1,-1,6,1,31,6,-1,-1,-1,-1,5,E01024546,0,1
2025461577973,2025,461577973,1,9,0,-1,19,5,1,-1,0,1,5,0,1,0,0,1,-1,2,2,52,8,-1,-1,-1,-1,2,E01000017,0,3
2025461578010,2025,461578010,1,9,0,-1,5,2,1,-1,0,6,0,0,0,0,0,1,-1,2,1,57,9,-1,-1,-1,-1,5,E01024220,0,1
2025461578010,2025,461578010,3,3,0,-1,19,4,8,-1,0,1,2,0,0,0,1,1,-1,6,2,17,4,-1,-1,-1,-1,5,E01024254,0,3
2025461578010,2025,461578010,2,1,0,-1,12,1,4,-1,0,1,2,0,0,0,4,1,-1,6,1,61,9,-1,-1,-1,-1,3,E01024535,0,4
2025461578036,2025,461578036,2,9,0,-1,19,5,8,-1,0,1,0,0,0,0,1,1,-1,9,2,42,7,-1,-1,-1,-1,2,E01016020,0,1
2025461578036,2025,461578036,1,9,0,-1,5,7,4,-1,0,6,0,0,0,0,1,1,-1,9,1,38,7,-1,-1,-1,-1,8,E01016096,0,2
2025461578036,2025,461578036,3,9,0,-1,19,1,4,-1,0,1,0,0,0,0,1,1,-1,9,1,40,7,-1,-1,-1,-1,9,E01034990,0,2
2025461578037,2025,461578037,1,9,0,-1,19,1,5,-1,0,0,0,0,0,0,0,9,-1,6,3,-1,-1,-1,-1,-1,-1,-1,-1,0,-1
2025461578037,2025,461578037,2,9,0,-1,19,1,5,-1,0,0,0,0,0,0,0,9,-1,6,1,38,7,-1,-1,-1,-1,1,E01016153,0,1
2025461578040,2025,461578040,2,9,0,-1,5,5,1,-1,0,0,0,0,0,0,2,1,-1,6,2,43,7,-1,-1,-1,-1,8,E01024511,0,1
2025461578040,2025,461578040,1,9,0,-1,5,5,1,-1,0,0,0,0,0,0,1,1,-1,6,1,45,7,-1,-1,-1,-1,3,E01011532,0,5
2025461578271,2025,461578271,1,19,4,-1,19,3,7,-1,0,0,0,0,0,0,2,1,-1,1,2,39,7,-1,-1,-1,-1,2,E01024126,0,4
2025461578296,2025,461578296,2,9,0,-1,4,1,5,-1,0,0,0,0,0,0,1,2,-1,9,2,60,9,-1,-1,-1,-1,2,E01001633,0,4
2025461578296,2025,461578296,1,9,0,-1,7,6,1,-1,0,0,0,0,0,0,1,2,-1,9,2,77,11,-1,-1,-1,-1,4,E01016074,0,2
2025461578324,2025,461578324,1,9,0,-1,19,1,5,-1,0,0,0,0,0,0,1,1,-1,6,2,75,10,-1,-1,-1,-1,7,E01024794,0,1
2025461578324,2025,461578324,2,9,0,-1,14,5,1,-1,0,0,0,0,0,0,1,1,-1,6,1,67,10,-1,-1,-1,-1,3,E01004435,0,4
2025461578324,2025,461578324,3,98,0,-1,2,0,0,-1,0,0,0,0,0,0,0,1,-1,6,-1,-1,-1,-1,-1,-1,-1,-1,-1,0,-1
2025461578427,2025,461578427,2,1,0,-1,11,7,3,-1,0,0,0,0,0,0,1,1,-1,6,1,29,6,-1,-1,-1,-1,4,E01024162,0,1
2025461578427,2025,461578427,1,19,0,-1,19,7,3,-1,0,0,0,0,0,0,1,1,-1,9,1,19,4,-1,-1,-1,-1,9,E01000452,0,2