collision_index,collision_year,collision_ref_no,vehicle_reference,vehicle_type,towing_and_articulation,vehicle_manoeuvre_historic,vehicle_manoeuvre,vehicle_direction_from,vehicle_direction_to,vehicle_location_restricted_lane_historic,vehicle_location_restricted_lane,junction_location,skidding_and_overturning,hit_object_in_carriageway,vehicle_leaving_carriageway,hit_object_off_carriageway,first_point_of_impact,vehicle_left_hand_drive,journey_purpose_of_driver_historic,journey_purpose_of_driver,sex_of_driver,age_of_driver,age_band_of_driver,engine_capacity_cc,propulsion_code,age_of_vehicle,generic_make_model,driver_imd_decile,lsoa_of_driver,escooter_flag,driver_distance_banding
2025461578429,2025,461578429,1,9,0,-1,19,5,1,-1,0,8,0,0,0,0,1,1,-1,9,1,63,9,-1,-1,-1,-1,7,E01030850,0,4
2025461578453,2025,461578453,1,9,0,-1,19,1,4,-1,0,0,0,0,7,0,1,1,-1,6,1,38,7,-1,-1,-1,-1,7,E01024037,0,2
2025461578453,2025,461578453,2,9,0,-1,19,1,4,-1,0,0,0,0,0,0,0,1,-1,1,1,32,6,-1,-1,-1,-1,2,E01024717,0,4
2025461578465,2025,461578465,2,9,0,-1,7,5,7,-1,0,0,0,0,0,0,4,9,-1,9,1,32,6,-1,-1,-1,-1,9,E01016026,0,1
2025461578465,2025,461578465,1,9,0,-1,19,7,1,-1,0,0,0,0,0,0,1,9,-1,6,1,26,6,-1,-1,-1,-1,5,E01024728,0,1
2025461578673,2025,461578673,2,90,0,-1,13,3,7,-1,0,0,1,0,7,0,1,1,-1,8,1,54,8,-1,-1,-1,-1,10,E01024323,0,2
2025461578673,2025,461578673,1,9,0,-1,9,3,7,-1,0,0,0,0,1,0,3,1,-1,9,1,80,11,-1,-1,-1,-1,10,E01024330,0,1
2025461578675,2025,461578675,1,9,0,-1,1,3,7,-1,9,0,0,0,0,0,2,9,-1,6,1,45,7,-1,-1,-1,-1,8,E01016099,0,1
2025461578675,2025,461578675,2,22,0,-1,19,1,5,-1,9,0,5,0,0,0,3,1,-1,6,2,63,9,-1,-1,-1,-1,-1,-1,0,-1
2025461578724,2025,461578724,1,8,0,-1,6,2,4,-1,0,0,0,0,0,0,3,1,-1,1,1,35,6,-1,-1,-1,-1,6,E01034989,0,1
2025461578724,2025,461578724,2,2,0,-1,5,2,2,-1,0,0,0,0,0,0,1,1,-1,6,1,16,4,-1,-1,-1,-1,4,E01034986,0,1
2025461578753,2025,461578753,2,19,0,-1,19,7,3,-1,0,0,0,0,0,0,3,1,-1,2,1,44,7,-1,-1,-1,-1,3,E01016070,0,2
2025461578753,2025,461578753,1,9,0,-1,19,7,3,-1,0,0,1,10,3,0,1,1,-1,2,1,34,6,-1,-1,-1,-1,3,E01016071,0,3
2025461578815,2025,461578815,1,9,0,-1,5,3,5,-1,0,4,0,0,0,0,1,1,-1,2,1,62,9,-1,-1,-1,-1,4,E01024593,0,1
2025461578815,2025,461578815,2,9,0,-1,19,8,5,-1,0,3,0,0,0,0,4,1,-1,2,1,22,5,-1,-1,-1,-1,7,E01024576,0,1
2025461578841,2025,461578841,1,9,0,-1,7,1,5,-1,0,2,0,0,0,0,1,1,-1,6,1,56,9,-1,-1,-1,-1,3,E01003302,0,4
2025461578841,2025,461578841,2,9,0,-1,19,1,8,-1,0,8,0,0,0,0,4,1,-1,6,2,24,5,-1,-1,-1,-1,2,E01023990,0,1
2025461578846,2025,461578846,4,9,0,-1,2,0,0,-1,0,0,0,0,0,0,2,1,-1,6,-1,-1,-1,-1,-1,-1,-1,-1,-1,0,-1
2025461578846,2025,461578846,1,9,0,-1,19,7,3,-1,0,0,5,4,0,0,3,1,-1,6,1,17,4,-1,-1,-1,-1,4,E01024120,0,1
2025461578846,2025,461578846,2,9,0,-1,2,0,0,-1,0,0,0,4,0,0,4,1,-1,6,-1,-1,-1,-1,-1,-1,-1,-1,-1,0,-1
2025461578846,2025,461578846,3,9,0,-1,2,0,0,-1,0,0,0,0,0,0,3,1,-1,6,-1,-1,-1,-1,-1,-1,-1,-1,-1,0,-1
2025461578853,2025,461578853,2,9,0,-1,19,1,5,-1,0,0,0,0,0,0,4,1,-1,2,2,52,8,-1,-1,-1,-1,9,E01035572,0,4
2025461578853,2025,461578853,1,5,0,-1,19,1,5,-1,0,0,0,0,0,0,4,1,-1,1,1,64,9,-1,-1,-1,-1,6,E01024371,0,1
2025461578928,2025,461578928,1,9,0,-1,7,7,1,-1,0,6,0,0,0,0,1,1,-1,2,2,35,6,-1,-1,-1,-1,9,E01024799,0,1
2025461578928,2025,461578928,2,1,0,-1,19,5,1,-1,0,2,0,0,0,0,2,1,-1,9,1,24,5,-1,-1,-1,-1,10,E01024838,0,1
2025461578940,2025,461578940,2,9,0,-1,3,2,4,-1,0,0,0,0,0,0,2,9,-1,9,1,48,8,-1,-1,-1,-1,5,E01003342,0,3
2025461578940,2025,461578940,1,9,0,-1,3,2,4,-1,0,0,0,0,0,0,1,9,-1,6,1,51,8,-1,-1,-1,-1,6,E01024152,0,1
2025461578981,2025,461578981,2,9,0,-1,4,7,3,-1,0,0,0,0,0,0,2,1,-1,1,1,30,6,-1,-1,-1,-1,3,E01016037,0,2
2025461578981,2025,461578981,1,9,0,-1,19,7,3,-1,0,0,0,0,0,0,1,1,-1,6,2,28,6,-1,-1,-1,-1,9,E01016053,0,1
2025461579003,2025,461579003,2,5,0,-1,19,4,6,-1,0,0,0,0,1,0,1,1,-1,9,1,58,9,-1,-1,-1,-1,6,E01035310,0,1
2025461579003,2025,461579003,1,97,0,-1,19,4,6,-1,0,0,0,0,1,0,1,1,-1,6,1,79,11,-1,-1,-1,-1,6,E01024173,0,4
2025461579017,2025,461579017,1,9,0,-1,1,1,3,-1,0,0,0,0,0,0,2,9,-1,6,1,-1,-1,-1,-1,-1,-1,-1,-1,0,-1
2025461579030,2025,461579030,1,9,0,-1,7,-1,-1,-1,99,0,9,99,9,99,9,1,-1,6,2,41,7,-1,-1,-1,-1,5,E01000443,0,2
2025461579117,2025,461579117,2,97,0,-1,19,3,7,-1,0,8,0,0,0,0,1,1,-1,9,1,69,10,-1,-1,-1,-1,2,E01024699,0,2
2025461579117,2025,461579117,1,9,0,-1,5,5,1,-1,0,8,0,0,0,0,1,1,-1,9,1,55,8,-1,-1,-1,-1,10,E01032839,0,5
2025461579204,2025,461579204,2,19,0,-1,3,3,7,-1,0,0,0,0,0,0,2,1,-1,1,1,47,8,-1,-1,-1,-1,4,E01017088,0,5
2025461579204,2025,461579204,3,9,0,-1,3,3,7,-1,0,0,0,0,0,0,2,1,-1,9,2,22,5,-1,-1,-1,-1,9,E01000752,0,2
2025461579204,2025,461579204,1,9,0,-1,19,3,7,-1,0,0,0,7,1,0,1,1,-1,9,1,46,8,-1,-1,-1,-1,2,E01023984,0,4
2025461579227,2025,461579227,2,9,0,-1,19,3,7,-1,0,1,0,0,0,0,1,1,-1,2,2,19,4,-1,-1,-1,-1,5,E01024014,0,1
2025461579227,2025,461579227,1,9,0,-1,9,3,5,-1,0,1,0,0,0,0,3,1,-1,6,2,46,8,-1,-1,-1,-1,6,E01024592,0,4
2025461579295,2025,461579295,1,9,0,-1,19,8,4,-1,0,0,0,0,0,0,1,1,-1,6,2,30,6,-1,-1,-1,-1,7,E01035286,0,2
2025461579295,2025,461579295,2,9,0,-1,3,8,4,-1,-1,0,0,0,1,0,2,1,-1,6,2,50,8,-1,-1,-1,-1,3,E01001637,0,4
2025461579295,2025,461579295,3,19,0,-1,19,8,4,-1,-1,0,0,0,0,0,2,1,-1,1,1,57,9,-1,-1,-1,-1,6,E01016056,0,1
2025461579306,2025,461579306,1,19,0,-1,9,1,3,-1,0,5,0,0,0,0,1,1,-1,2,1,54,8,-1,-1,-1,-1,8,E01024693,0,1
2025461579306,2025,461579306,2,3,0,-1,19,3,3,-1,0,8,0,0,0,0,3,1,-1,6,1,18,4,-1,-1,-1,-1,4,E01024673,0,2
2025461579320,2025,461579320,1,9,0,-1,19,5,1,-1,0,3,0,0,1,11,1,1,-1,9,1,23,5,-1,-1,-1,-1,3,E01016037,0,1
2025461579339,2025,461579339,1,9,0,-1,19,8,4,-1,0,0,5,0,0,0,4,1,-1,9,1,40,7,-1,-1,-1,-1,8,E01024816,0,3
2025461579359,2025,461579359,1,9,0,-1,19,1,5,-1,-1,0,1,0,1,4,1,1,-1,9,1,16,4,-1,-1,-1,-1,5,E01024342,0,1
2025461579443,2025,461579443,3,9,0,-1,3,5,1,-1,0,0,0,11,0,0,2,1,-1,6,2,58,9,-1,-1,-1,-1,5,E01003340,0,3
2025461579443,2025,461579443,1,19,0,-1,19,5,1,-1,0,0,1,11,0,0,1,1,-1,1,1,52,8,-1,-1,-1,-1,5,E01004141,0,4
2025461579443,2025,461579443,2,9,0,-1,3,5,1,-1,0,0,0,11,0,0,2,1,-1,6,1,40,7,-1,-1,-1,-1,9,E01024720,0,4
2025461579594,2025,461579594,1,9,0,-1,1,5,1,-1,0,0,0,0,0,0,2,1,-1,9,1,29,6,-1,-1,-1,-1,6,E01024180,0,1
2025461579594,2025,461579594,2,3,0,-1,5,5,1,-1,0,0,5,0,0,0,1,1,-1,6,1,28,6,-1,-1,-1,-1,7,E01035277,0,1
2025461579742,2025,461579742,2,9,0,-1,19,3,7,-1,0,0,0,0,7,0,1,2,-1,9,1,81,11,-1,-1,-1,-1,7,E01032814,0,3
2025461579742,2025,461579742,1,19,0,-1,19,3,7,-1,0,0,0,0,1,0,1,2,-1,9,1,60,9,-1,-1,-1,-1,3,E01031553,0,4
2025461579789,2025,461579789,3,9,0,-1,19,3,7,-1,0,0,1,7,0,0,3,1,-1,9,1,31,6,-1,-1,-1,-1,4,E01024290,0,2
2025461579789,2025,461579789,2,9,0,-1,19,3,7,-1,0,0,5,0,0,0,2,1,-1,9,1,40,7,-1,-1,-1,-1,7,E01033854,0,5
2025461579789,2025,461579789,4,9,0,-1,19,3,7,-1,0,0,0,0,0,0,1,2,-1,6,-1,-1,-1,-1,-1,-1,-1,-1,-1,0,-1
2025461579789,2025,461579789,1,9,0,-1,19,3,7,-1,0,0,1,0,0,0,1,1,-1,9,1,23,5,-1,-1,-1,-1,3,E01001672,0,3
2025461579808,2025,461579808,1,9,0,-1,19,5,1,-1,0,0,0,0,0,0,1,1,-1,6,1,81,11,-1,-1,-1,-1,4,E01024312,0,3
2025461579841,2025,461579841,1,9,0,-1,2,1,5,-1,0,1,0,4,0,0,1,1,-1,9,1,58,9,-1,-1,-1,-1,9,E01016086,0,1
2025461579841,2025,461579841,2,9,0,-1,3,1,1,-1,0,6,0,0,0,0,1,1,-1,9,1,39,7,-1,-1,-1,-1,4,E01016177,0,1
2025461579841,2025,461579841,3,9,0,-1,2,0,0,-1,0,1,0,0,0,0,4,1,-1,6,-1,16,4,-1,-1,-1,-1,-1,-1,0,-1
2025461579854,2025,461579854,1,9,0,-1,19,2,6,-1,0,0,2,0,7,0,1,1,-1,9,1,17,4,-1,-1,-1,-1,3,E01024620,0,3
2025461579871,2025,461579871,2,19,0,-1,2,0,0,-1,0,0,0,0,0,0,3,1,-1,6,-1,-1,-1,-1,-1,-1,-1,-1,-1,0,-1
2025461579871,2025,461579871,1,9,0,-1,19,6,2,-1,0,0,5,4,0,0,3,1,-1,2,2,37,7,-1,-1,-1,-1,7,E01024564,0,1
2025461579891,2025,461579891,2,9,0,-1,13,3,7,-1,0,0,0,0,0,0,1,1,-1,6,1,38,7,-1,-1,-1,-1,8,E01024451,0,3
2025461579891,2025,461579891,1,9,0,-1,13,3,6,-1,0,0,0,0,7,0,1,1,-1,6,1,29,6,-1,-1,-1,-1,7,E01000764,0,3
2025461579891,2025,461579891,3,9,0,-1,19,3,5,-1,0,0,0,0,0,0,0,1,-1,6,1,-1,-1,-1,-1,-1,-1,-1,-1,0,-1
2025461579894,2025,461579894,2,9,0,-1,19,1,6,-1,0,1,0,0,0,0,1,1,-1,6,2,64,9,-1,-1,-1,-1,9,E01024450,0,1
2025461579894,2025,461579894,1,9,0,-1,5,7,3,-1,0,6,0,0,3,0,4,1,-1,6,2,29,6,-1,-1,-1,-1,6,E01031574,0,4
2025461579908,2025,461579908,1,9,0,-1,19,6,8,-1,0,0,0,0,0,0,4,1,-1,9,2,24,5,-1,-1,-1,-1,1,E01024049,0,4
2025461579908,2025,461579908,2,9,0,-1,19,8,6,-1,0,0,0,0,0,0,3,1,-1,9,1,23,5,-1,-1,-1,-1,3,E01016021,0,4
2025461579966,2025,461579966,1,9,0,-1,19,1,3,-1,0,1,0,10,7,2,1,1,-1,2,1,28,6,-1,-1,-1,-1,1,E01024081,0,1
2025461579970,2025,461579970,2,9,0,-1,19,5,8,-1,0,0,0,0,0,0,1,1,-1,9,1,22,5,-1,-1,-1,-1,6,E01020960,0,4
2025461579970,2025,461579970,1,9,0,-1,19,5,8,-1,0,0,0,0,0,0,1,1,-1,6,1,59,9,-1,-1,-1,-1,5,E01024788,0,4
2025461579970,2025,461579970,3,9,0,-1,19,7,3,-1,0,0,0,0,0,0,1,1,-1,9,2,37,7,-1,-1,-1,-1,4,E01024831,0,1
2025461580078,2025,461580078,2,11,0,-1,19,5,1,-1,0,0,0,0,0,0,4,1,-1,1,1,56,9,-1,-1,-1,-1,1,E01016161,0,4
2025461580078,2025,461580078,1,9,0,-1,-1,-1,-1,-1,-1,0,-1,-1,-1,0,-1,9,-1,6,3,-1,-1,-1,-1,-1,-1,-1,-1,0,-1
2025461580113,2025,461580113,2,3,0,-1,19,8,4,-1,0,0,1,0,0,0,1,1,-1,1,1,28,6,-1,-1,-1,-1,2,E01035297,0,1
2025461580113,2025,461580113,1,9,0,-1,5,3,4,-1,-1,0,0,0,0,0,3,2,-1,9,1,51,8,-1,-1,-1,-1,2,E01016066,0,1
2025461580164,2025,461580164,2,9,0,-1,19,4,1,-1,0,0,0,0,1,0,1,1,-1,9,1,24,5,-1,-1,-1,-1,5,E01021128,0,4
2025461580164,2025,461580164,1,9,0,-1,19,1,4,-1,0,0,0,0,7,0,1,1,-1,1,1,42,7,-1,-1,-1,-1,7,E01032820,0,3
2025461580188,2025,461580188,1,9,0,-1,19,2,6,-1,0,1,0,0,0,0,3,1,-1,6,2,63,9,-1,-1,-1,-1,4,E01024771,0,2
2025461580240,2025,461580240,1,9,0,-1,7,6,8,-1,0,1,0,0,0,0,1,1,-1,6,1,32,6,-1,-1,-1,-1,4,E01023986,0,4
2025461580240,2025,461580240,2,5,0,-1,19,6,2,-1,0,1,0,0,0,0,3,1,-1,9,1,59,9,-1,-1,-1,-1,3,E01000718,0,4
2025461580273,2025,461580273,1,9,0,-1,19,5,1,-1,0,0,0,10,1,0,1,1,-1,9,1,63,9,-1,-1,-1,-1,8,E01024024,0,1
2025461580286,2025,461580286,2,9,0,-1,19,1,4,-1,0,8,0,0,0,0,1,1,-1,6,2,33,6,-1,-1,-1,-1,5,E01035283,0,1
2025461580286,2025,461580286,1,19,0,-1,7,1,1,-1,0,8,0,0,0,0,1,1,-1,6,1,61,9,-1,-1,-1,-1,5,E01024179,0,1
2025461580348,2025,461580348,2,9,0,-1,19,7,3,-1,0,0,0,0,0,0,2,1,-1,6,1,65,9,-1,-1,-1,-1,10,E01024854,0,2
2025461580348,2025,461580348,1,9,0,-1,19,7,3,-1,0,0,0,4,0,0,1,9,-1,6,1,32,6,-1,-1,-1,-1,5,E01000468,0,4
2025461580384,2025,461580384,1,9,0,-1,19,7,3,-1,0,0,0,0,0,0,0,9,-1,6,1,-1,-1,-1,-1,-1,-1,-1,-1,0,-1
2025461580384,2025,461580384,2,9,0,-1,19,7,3,-1,0,0,0,0,0,0,0,9,-1,2,2,36,7,-1,-1,-1,-1,8,E01021225,0,4
2025461580389,2025,461580389,1,9,0,-1,5,7,3,-1,0,2,0,0,0,0,1,1,-1,2,1,29,6,-1,-1,-1,-1,3,E01024688,0,1
2025461580399,2025,461580399,2,9,0,-1,19,2,6,-1,0,0,0,0,0,0,0,1,-1,1,1,39,7,-1,-1,-1,-1,8,E01024053,0,3
2025461580399,2025,461580399,1,9,0,-1,13,2,6,-1,0,0,1,0,1,0,4,1,-1,6,1,25,5,-1,-1,-1,-1,5,E01024516,0,2
2025461580399,2025,461580399,3,9,0,-1,19,2,6,-1,0,0,0,0,1,0,3,1,-1,9,1,78,11,-1,-1,-1,-1,7,E01024490,0,1
2025461580403,2025,461580403,1,9,0,-1,13,3,7,-1,0,0,0,0,0,0,4,9,-1,6,1,20,4,-1,-1,-1,-1,9,E01024394,0,3
2025461580403,2025,461580403,2,1,0,-1,19,3,7,-1,0,0,0,0,0,0,3,1,-1,6,1,36,7,-1,-1,-1,-1,7,E01035287,0,2
2025461580423,2025,461580423,1,9,0,-1,19,4,8,-1,0,1,0,0,0,0,4,1,-1,9,1,53,8,-1,-1,-1,-1,1,E01024240,0,1
2025461580461,2025,461580461,2,9,0,-1,2,0,0,-1,0,0,0,4,1,0,2,1,-1,6,1,25,5,-1,-1,-1,-1,2,E01024135,0,1
2025461580461,2025,461580461,1,9,0,-1,19,7,1,-1,0,0,5,4,0,0,1,1,-1,6,1,34,6,-1,-1,-1,-1,6,E01024173,0,1
2025461580528,2025,461580528,1,9,0,-1,3,5,1,-1,0,1,0,0,0,0,1,1,-1,1,1,28,6,-1,-1,-1,-1,-1,-1,0,-1
2025461580528,2025,461580528,2,9,0,-1,19,7,3,-1,0,2,1,0,0,0,3,1,-1,9,2,60,9,-1,-1,-1,-1,7,E01024403,0,1
2025461580529,2025,461580529,2,9,0,-1,19,1,5,-1,0,1,0,0,0,0,4,9,-1,9,1,31,6,-1,-1,-1,-1,7,E01024691,0,4
2025461580529,2025,461580529,1,9,0,-1,19,7,3,-1,0,2,0,0,0,0,1,9,-1,6,3,-1,-1,-1,-1,-1,-1,-1,-1,0,-1
2025461580803,2025,461580803,1,2,0,-1,19,2,6,-1,0,1,2,0,0,0,4,1,-1,9,1,16,4,-1,-1,-1,-1,3,E01024090,0,1
2025461580803,2025,461580803,2,9,0,-1,5,4,6,-1,0,2,0,0,0,0,3,1,-1,9,1,19,4,-1,-1,-1,-1,6,E01024052,0,1
2025461580827,2025,461580827,1,9,0,-1,19,6,6,-1,0,0,0,0,1,0,4,1,-1,2,2,57,9,-1,-1,-1,-1,5,E01024704,0,1
2025461580835,2025,461580835,1,9,0,-1,19,5,8,-1,0,0,0,0,0,0,3,9,-1,6,1,55,8,-1,-1,-1,-1,4,E01016157,0,3
2025461580835,2025,461580835,2,9,0,-1,19,4,8,-1,0,0,1,7,0,0,4,1,-1,9,1,57,9,-1,-1,-1,-1,10,E01016050,0,3
2025461580835,2025,461580835,3,9,0,-1,19,4,2,-1,0,0,1,0,0,0,1,1,-1,9,1,56,9,-1,-1,-1,-1,6,E01035004,0,3
2025461580841,2025,461580841,1,19,0,-1,1,7,3,-1,0,1,0,0,0,0,2,1,-1,6,1,50,8,-1,-1,-1,-1,7,E01024094,0,1
2025461580841,2025,461580841,2,9,0,-1,2,3,7,-1,0,1,0,0,0,0,1,1,-1,6,1,59,9,-1,-1,-1,-1,2,E01024066,0,1
2025461580856,2025,461580856,1,19,0,-1,19,7,3,-1,0,0,0,0,0,0,1,9,-1,6,1,-1,-1,-1,-1,-1,-1,-1,-1,0,-1
2025461580864,2025,461580864,1,9,0,-1,6,7,3,-1,0,8,0,0,0,0,3,9,-1,6,1,62,9,-1,-1,-1,-1,7,E01024158,0,2
2025461580864,2025,461580864,2,2,0,-1,9,1,7,-1,0,1,0,0,0,0,4,1,-1,1,1,58,9,-1,-1,-1,-1,8,E01024385,0,4
2025461580874,2025,461580874,1,21,1,-1,12,1,5,-1,0,0,0,0,0,0,1,1,-1,1,1,47,8,-1,-1,-1,-1,-1,-1,0,-1
2025461580874,2025,461580874,2,9,0,-1,19,1,5,-1,0,0,0,0,0,0,4,1,-1,1,1,67,10,-1,-1,-1,-1,5,E01016127,0,2
2025461580955,2025,461580955,1,19,0,-1,19,5,1,-1,0,1,0,0,0,0,1,9,-1,6,1,34,6,-1,-1,-1,-1,2,E01003047,0,4
2025461580955,2025,461580955,2,9,0,-1,3,5,1,-1,0,1,0,0,0,0,2,9,-1,6,1,41,7,-1,-1,-1,-1,8,E01000419,0,3
2025461580999,2025,461580999,2,9,0,-1,9,3,8,-1,0,2,0,4,0,0,4,1,-1,9,1,50,8,-1,-1,-1,-1,4,E01024656,0,1
2025461580999,2025,461580999,1,9,0,-1,19,4,8,-1,0,1,1,10,0,0,1,1,-1,9,1,19,4,-1,-1,-1,-1,5,E01024711,0,1
2025461581122,2025,461581122,1,9,0,-1,13,1,5,-1,0,1,0,0,0,0,1,1,-1,6,1,-1,-1,-1,-1,-1,-1,-1,-1,0,-1
2025461581122,2025,461581122,3,9,0,-1,19,5,1,-1,0,1,0,0,0,0,1,1,-1,9,2,64,9,-1,-1,-1,-1,6,E01024367,0,1
2025461581122,2025,461581122,2,9,0,-1,19,1,5,-1,0,1,0,0,0,0,0,1,-1,1,1,39,7,-1,-1,-1,-1,2,E01024717,0,1
2025461581129,2025,461581129,1,3,0,-1,19,8,3,-1,0,1,0,0,0,0,1,1,-1,9,1,19,4,-1,-1,-1,-1,10,E01024056,0,2
2025461581134,2025,461581134,1,9,0,-1,6,1,3,-1,0,8,0,0,0,0,1,1,-1,8,1,28,6,-1,-1,-1,-1,4,E01024281,0,1
2025461581134,2025,461581134,2,19,0,-1,19,3,2,-1,0,1,0,0,0,0,1,1,-1,6,1,60,9,-1,-1,-1,-1,6,E01024303,0,1
2025461581182,2025,461581182,1,9,0,-1,19,3,7,-1,0,2,0,0,0,0,1,1,-1,2,1,22,5,-1,-1,-1,-1,6,E01024491,0,1
2025461581260,2025,461581260,3,9,0,-1,2,0,0,-1,0,0,0,0,0,0,3,1,-1,6,-1,70,10,-1,-1,-1,-1,-1,-1,0,-1
2025461581260,2025,461581260,1,9,0,-1,19,2,8,-1,0,0,0,0,0,0,1,1,-1,6,2,23,5,-1,-1,-1,-1,6,E01024205,0,2
2025461581260,2025,461581260,2,9,0,-1,1,2,8,-1,0,0,0,4,0,0,3,1,-1,9,1,42,7,-1,-1,-1,-1,3,E01024239,0,1
2025461581281,2025,461581281,2,1,0,-1,19,6,1,-1,0,0,0,0,0,0,3,1,-1,2,1,26,6,-1,-1,-1,-1,-1,-1,0,-1
2025461581281,2025,461581281,1,9,0,-1,19,1,5,-1,0,0,0,0,0,0,1,1,-1,6,-1,-1,-1,-1,-1,-1,-1,-1,-1,0,-1
2025461581323,2025,461581323,3,19,5,-1,19,3,7,-1,0,0,0,0,0,0,2,1,-1,2,1,33,6,-1,-1,-1,-1,6,E01016134,0,1
2025461581323,2025,461581323,1,9,0,-1,11,3,7,-1,0,0,1,0,0,0,1,1,-1,2,1,26,6,-1,-1,-1,-1,4,E01016157,0,1
2025461581323,2025,461581323,4,20,0,-1,19,3,7,-1,0,0,0,0,0,0,2,1,-1,2,1,30,6,-1,-1,-1,-1,3,E01024608,0,4
2025461581323,2025,461581323,2,9,0,-1,19,3,7,-1,0,0,0,0,0,0,2,1,-1,2,1,43,7,-1,-1,-1,-1,1,E01016049,0,2
2025461581333,2025,461581333,1,9,0,-1,19,7,7,-1,0,2,1,0,7,0,1,1,-1,9,1,34,6,-1,-1,-1,-1,5,E01024428,0,1
2025461581334,2025,461581334,1,9,0,-1,19,1,5,-1,0,0,0,0,0,0,1,9,-1,6,2,28,6,-1,-1,-1,-1,9,E01024408,0,4
2025461581341,2025,461581341,1,9,0,-1,19,7,3,-1,0,1,0,0,0,0,1,9,-1,6,1,-1,-1,-1,-1,-1,-1,-1,-1,0,-1
2025461581349,2025,461581349,1,9,0,-1,19,8,4,-1,0,0,1,0,0,0,4,9,-1,9,1,36,7,-1,-1,-1,-1,5,E01032808,0,4
2025461581349,2025,461581349,2,98,0,-1,12,8,4,-1,0,0,0,0,0,0,3,9,-1,6,1,-1,-1,-1,-1,-1,-1,6,E01015950,0,2
2025461581349,2025,461581349,3,9,0,-1,19,8,4,-1,0,0,0,0,0,0,2,9,-1,6,2,54,8,-1,-1,-1,-1,4,E01016143,0,2
2025461581352,2025,461581352,2,1,0,-1,10,1,3,-1,0,1,0,0,0,0,1,1,-1,6,1,37,7,-1,-1,-1,-1,10,E01000357,0,2
2025461581352,2025,461581352,1,9,0,-1,9,3,1,-1,0,1,0,0,0,0,1,9,-1,6,2,-1,-1,-1,-1,-1,-1,-1,-1,0,-1
2025461581368,2025,461581368,2,1,0,-1,19,5,1,-1,0,4,0,0,0,0,2,1,-1,6,1,15,3,-1,-1,-1,-1,1,E01024660,0,1
2025461581368,2025,461581368,1,9,0,-1,19,5,1,-1,0,4,0,0,0,0,1,9,-1,6,3,-1,-1,-1,-1,-1,-1,-1,-1,0,-1
2025461581469,2025,461581469,2,9,0,-1,3,3,5,-1,0,8,0,0,0,0,2,9,-1,6,2,21,5,-1,-1,-1,-1,9,E01024386,0,1
2025461581469,2025,461581469,1,98,0,-1,19,3,5,-1,0,8,0,0,0,0,1,9,-1,1,1,-1,-1,-1,-1,-1,-1,-1,-1,0,-1
2025461581505,2025,461581505,2,9,0,-1,3,2,6,-1,0,1,0,0,0,0,2,9,-1,9,1,50,8,-1,-1,-1,-1,6,E01032824,0,1
2025461581505,2025,461581505,1,9,0,-1,19,2,6,-1,0,1,0,0,0,0,1,9,-1,6,1,20,4,-1,-1,-1,-1,6,E01024022,0,1
2025461581515,2025,461581515,2,3,0,-1,3,5,1,-1,0,0,0,0,0,0,1,1,-1,6,1,32,6,-1,-1,-1,-1,6,E01001572,0,2
2025461581515,2025,461581515,1,19,0,-1,1,5,1,-1,0,0,0,0,0,0,2,9,-1,6,3,-1,-1,-1,-1,-1,-1,-1,-1,0,-1
2025461581620,2025,461581620,1,-1,0,-1,9,1,5,-1,0,6,0,0,0,0,1,1,-1,6,1,30,6,-1,-1,-1,-1,2,E01024177,1,2
2025461581620,2025,461581620,2,9,0,-1,19,8,4,-1,0,1,0,0,0,0,1,2,-1,2,2,18,4,-1,-1,-1,-1,6,E01024180,0,1
2025461581651,2025,461581651,1,9,0,-1,19,6,2,-1,0,1,0,0,0,0,1,1,-1,9,2,25,5,-1,-1,-1,-1,2,E01024078,0,2
2025461581658,2025,461581658,2,9,0,-1,9,7,3,-1,0,0,0,0,0,0,4,1,-1,9,1,42,7,-1,-1,-1,-1,5,E01024342,0,2
2025461581658,2025,461581658,1,3,0,-1,15,7,3,-1,0,0,2,0,0,0,3,1,-1,9,1,23,5,-1,-1,-1,-1,2,E01024374,0,1
2025461581679,2025,461581679,1,9,0,-1,19,2,6,-1,0,0,0,0,0,0,1,1,-1,9,2,41,7,-1,-1,-1,-1,7,E01024635,0,1
2025461581679,2025,461581679,2,9,0,-1,3,2,6,-1,0,0,0,0,0,0,2,1,-1,6,1,38,7,-1,-1,-1,-1,5,E01024643,0,1
2025461581717,2025,461581717,1,9,0,-1,19,1,4,-1,0,0,0,7,1,0,1,1,-1,9,1,25,5,-1,-1,-1,-1,3,E01024535,0,4
2025461581734,2025,461581734,1,98,0,-1,19,1,5,-1,0,0,0,0,0,0,1,9,-1,1,1,-1,-1,-1,-1,-1,-1,7,E01024803,0,2
2025461581734,2025,461581734,2,98,0,-1,19,5,1,-1,0,0,0,0,0,0,1,9,-1,6,1,59,9,-1,-1,-1,-1,9,E01024757,0,3
2025461581741,2025,461581741,1,9,0,-1,3,1,5,-1,0,0,0,0,0,0,4,9,-1,6,2,74,10,-1,-1,-1,-1,8,E01024261,0,2
2025461581748,2025,461581748,2,9,0,-1,9,7,3,-1,0,0,0,0,1,0,1,9,-1,9,2,33,6,-1,-1,-1,-1,-1,-1,0,-1
2025461581748,2025,461581748,1,9,0,-1,19,1,5,-1,0,0,0,0,0,0,4,9,-1,6,2,-1,-1,-1,-1,-1,-1,-1,-1,0,-1
2025461581756,2025,461581756,1,9,0,-1,19,8,4,-1,0,0,0,0,0,0,3,9,-1,6,2,-1,-1,-1,-1,-1,-1,-1,-1,0,-1