collision_index,collision_year,collision_ref_no,vehicle_reference,vehicle_type,towing_and_articulation,vehicle_manoeuvre_historic,vehicle_manoeuvre,vehicle_direction_from,vehicle_direction_to,vehicle_location_restricted_lane_historic,vehicle_location_restricted_lane,junction_location,skidding_and_overturning,hit_object_in_carriageway,vehicle_leaving_carriageway,hit_object_off_carriageway,first_point_of_impact,vehicle_left_hand_drive,journey_purpose_of_driver_historic,journey_purpose_of_driver,sex_of_driver,age_of_driver,age_band_of_driver,engine_capacity_cc,propulsion_code,age_of_vehicle,generic_make_model,driver_imd_decile,lsoa_of_driver,escooter_flag,driver_distance_banding
2025461585527,2025,461585527,2,9,0,-1,2,0,0,-1,0,2,0,0,0,0,2,1,-1,6,-1,-1,-1,-1,-1,-1,-1,-1,-1,0,-1
2025461585527,2025,461585527,1,9,0,-1,19,5,1,-1,0,2,0,4,0,0,1,1,-1,9,2,59,9,-1,-1,-1,-1,8,E01024706,0,2
2025461585527,2025,461585527,3,9,0,-1,2,0,0,-1,0,2,0,0,0,0,2,1,-1,6,-1,-1,-1,-1,-1,-1,-1,-1,-1,0,-1
2025461585531,2025,461585531,2,9,0,-1,19,5,1,-1,0,1,0,0,0,0,4,1,-1,9,1,21,5,-1,-1,-1,-1,5,E01024014,0,2
2025461585531,2025,461585531,3,9,0,-1,19,5,1,-1,0,1,0,0,0,0,3,1,-1,9,1,67,10,-1,-1,-1,-1,10,E01024233,0,4
2025461585531,2025,461585531,1,9,0,-1,5,3,5,-1,0,2,0,0,0,0,1,1,-1,9,1,19,4,-1,-1,-1,-1,6,E01024437,0,4
2025461585549,2025,461585549,3,9,0,-1,19,8,4,-1,0,0,0,0,0,0,2,1,-1,6,1,32,6,-1,-1,-1,-1,5,E01023978,0,1
2025461585549,2025,461585549,1,9,0,-1,19,4,8,-1,0,0,0,0,0,0,4,1,-1,6,2,55,8,-1,-1,-1,-1,7,E01024037,0,3
2025461585549,2025,461585549,2,9,0,-1,19,8,4,-1,0,0,0,0,0,0,3,1,-1,6,1,50,8,-1,-1,-1,-1,5,E01024787,0,2
2025461585609,2025,461585609,2,9,0,-1,4,7,3,-1,0,0,0,0,0,0,2,1,-1,9,2,65,9,-1,-1,-1,-1,7,E01024109,0,1
2025461585609,2025,461585609,1,3,0,-1,19,7,3,-1,0,0,0,0,0,0,1,1,-1,9,1,25,5,-1,-1,-1,-1,4,E01024557,0,2
2025461585666,2025,461585666,3,9,0,-1,19,7,6,-1,0,2,0,0,0,0,1,1,-1,6,2,47,8,-1,-1,-1,-1,10,E01000684,0,1
2025461585666,2025,461585666,2,9,0,-1,7,8,5,-1,0,3,0,0,0,0,4,1,-1,6,1,40,7,-1,-1,-1,-1,6,E01000824,0,3
2025461585666,2025,461585666,1,9,0,-1,9,1,6,-1,0,8,0,0,0,0,3,1,-1,6,2,39,7,-1,-1,-1,-1,8,E01000784,0,3
2025461585673,2025,461585673,2,9,0,-1,3,2,6,-1,0,0,0,0,0,0,2,1,-1,9,1,48,8,-1,-1,-1,-1,6,E01024040,0,1
2025461585673,2025,461585673,1,9,0,-1,19,2,6,-1,0,0,0,0,0,0,1,1,-1,9,2,62,9,-1,-1,-1,-1,6,E01024040,0,1
2025461585877,2025,461585877,2,19,0,-1,2,6,2,-1,-1,0,0,0,0,0,2,1,-1,6,1,23,5,-1,-1,-1,-1,2,E01024277,0,2
2025461585877,2025,461585877,1,9,0,-1,19,6,2,-1,-1,0,0,0,1,0,1,1,-1,6,1,27,6,-1,-1,-1,-1,3,E01022841,0,5
2025461585900,2025,461585900,3,9,0,-1,10,3,1,-1,0,5,0,0,0,0,2,1,-1,9,1,64,9,-1,-1,-1,-1,8,E01024045,0,3
2025461585900,2025,461585900,1,9,0,-1,10,3,1,-1,0,5,0,0,0,0,1,1,-1,9,2,79,11,-1,-1,-1,-1,8,E01024235,0,1
2025461585900,2025,461585900,2,9,0,-1,10,3,1,-1,0,5,0,0,0,0,2,1,-1,9,2,53,8,-1,-1,-1,-1,9,E01032655,0,4
2025461585915,2025,461585915,1,4,0,-1,9,5,2,-1,0,2,2,0,0,0,4,1,-1,7,1,56,9,-1,-1,-1,-1,5,E01024556,0,1
2025461586006,2025,461586006,1,9,0,-1,19,1,6,-1,0,0,0,10,1,11,1,1,-1,6,1,37,7,-1,-1,-1,-1,8,E01024473,0,1
2025461586044,2025,461586044,1,9,0,-1,7,0,0,-1,9,3,2,7,1,7,4,1,-1,9,1,39,7,-1,-1,-1,-1,2,E01016024,0,1
2025461586070,2025,461586070,1,90,0,-1,19,1,5,-1,0,2,0,10,7,0,3,1,-1,9,1,64,9,-1,-1,-1,-1,1,E01016161,0,3
2025461586091,2025,461586091,2,9,0,-1,2,0,0,-1,0,0,0,0,0,0,2,9,-1,6,3,-1,-1,-1,-1,-1,-1,-1,-1,0,-1
2025461586091,2025,461586091,1,9,0,-1,19,4,8,-1,0,0,0,4,0,0,1,9,-1,6,1,23,5,-1,-1,-1,-1,3,E01001675,0,4
2025461586092,2025,461586092,1,9,0,-1,19,7,3,-1,0,0,0,0,0,0,1,9,-1,6,2,44,7,-1,-1,-1,-1,1,E01024563,0,1
2025461586092,2025,461586092,2,9,0,-1,19,3,7,-1,0,0,0,0,0,0,2,9,-1,6,1,25,5,-1,-1,-1,-1,3,E01024559,0,3
2025461586114,2025,461586114,1,9,0,-1,-1,1,5,-1,0,0,0,0,0,0,-1,9,-1,6,1,40,7,-1,-1,-1,-1,-1,-1,0,-1
2025461586114,2025,461586114,2,9,0,-1,19,1,5,-1,0,0,0,0,0,0,4,9,-1,9,1,24,5,-1,-1,-1,-1,1,E01016023,0,1
2025461586137,2025,461586137,2,2,0,-1,4,7,3,-1,0,1,0,0,0,0,1,1,-1,9,1,18,4,-1,-1,-1,-1,3,E01016155,0,1
2025461586137,2025,461586137,1,9,0,-1,19,5,1,-1,0,8,0,0,0,0,4,9,-1,9,3,-1,-1,-1,-1,-1,-1,-1,-1,0,-1
2025461586142,2025,461586142,2,9,0,-1,19,8,4,-1,0,4,0,0,0,0,1,9,-1,6,2,77,11,-1,-1,-1,-1,2,E01024128,0,1
2025461586142,2025,461586142,1,11,0,-1,19,2,6,-1,0,8,0,0,0,0,1,9,-1,6,1,-1,-1,-1,-1,-1,-1,5,E01024704,0,3
2025461586157,2025,461586157,1,9,0,-1,5,2,7,-1,0,2,0,0,0,0,1,9,-1,6,1,66,10,-1,-1,-1,-1,4,E01024197,0,1
2025461586159,2025,461586159,2,9,0,-1,4,1,3,-1,0,4,0,0,0,0,2,9,-1,9,2,34,6,-1,-1,-1,-1,5,E01035299,0,2
2025461586281,2025,461586281,1,9,0,-1,5,3,1,-1,0,1,0,0,0,0,1,9,-1,6,2,-1,-1,-1,-1,-1,-1,-1,-1,0,-1
2025461586281,2025,461586281,2,1,0,-1,19,5,1,-1,9,1,0,0,0,0,2,1,-1,9,1,14,3,-1,-1,-1,-1,9,E01016052,0,1
2025461586319,2025,461586319,2,8,0,-1,10,5,4,-1,0,1,0,0,0,0,1,1,-1,1,1,38,7,-1,-1,-1,-1,7,E01001598,0,4
2025461586319,2025,461586319,1,3,0,-1,19,4,8,-1,0,1,0,4,0,0,1,1,-1,2,2,22,5,-1,-1,-1,-1,4,E01035314,0,1
2025461586332,2025,461586332,1,9,0,-1,19,4,8,-1,0,0,0,0,0,0,1,2,-1,9,1,36,7,-1,-1,-1,-1,3,E01023205,0,5
2025461586465,2025,461586465,1,19,0,-1,5,7,3,-1,0,8,5,7,0,0,4,1,-1,1,1,48,8,-1,-1,-1,-1,5,E01024420,0,3
2025461586465,2025,461586465,2,9,0,-1,19,2,6,-1,0,1,0,0,0,0,1,1,-1,9,2,31,6,-1,-1,-1,-1,10,E01024423,0,2
2025461586533,2025,461586533,1,9,0,-1,19,6,1,-1,9,0,1,0,1,4,1,1,-1,6,1,21,5,-1,-1,-1,-1,-1,-1,0,-1
2025461586550,2025,461586550,1,9,0,-1,19,7,2,-1,0,0,2,10,0,0,1,2,-1,9,1,21,5,-1,-1,-1,-1,2,E01024600,0,1
2025461586554,2025,461586554,1,19,0,-1,5,4,7,-1,0,4,0,0,0,0,1,1,-1,1,1,63,9,-1,-1,-1,-1,5,E01024238,0,1
2025461586566,2025,461586566,1,9,0,-1,4,3,7,-1,0,0,1,0,0,0,1,9,-1,6,2,41,7,-1,-1,-1,-1,8,E01024442,0,2
2025461586566,2025,461586566,2,9,0,-1,4,3,7,-1,0,0,0,0,0,0,2,9,-1,2,2,23,5,-1,-1,-1,-1,5,E01024413,0,2
2025461586574,2025,461586574,2,1,0,-1,5,3,7,-1,0,1,0,0,0,0,1,1,-1,7,1,15,3,-1,-1,-1,-1,5,E01016165,0,1
2025461586574,2025,461586574,1,19,0,-1,5,1,5,-1,0,1,0,0,0,0,1,1,-1,7,1,51,8,-1,-1,-1,-1,5,E01016034,0,1
2025461586586,2025,461586586,2,9,0,-1,7,4,7,-1,0,0,0,0,0,0,3,9,-1,6,1,75,10,-1,-1,-1,-1,5,E01024038,0,1
2025461586586,2025,461586586,1,2,0,-1,19,4,8,-1,0,0,1,0,0,0,3,1,-1,6,1,27,6,-1,-1,-1,-1,2,E01021119,0,3
2025461586594,2025,461586594,1,3,0,-1,14,7,3,-1,0,0,0,0,0,0,1,1,-1,2,1,36,7,-1,-1,-1,-1,1,E01024504,0,2
2025461586609,2025,461586609,1,9,0,-1,19,2,6,-1,0,0,0,0,0,0,1,9,-1,6,3,-1,-1,-1,-1,-1,-1,-1,-1,0,-1
2025461586699,2025,461586699,2,-1,0,-1,19,7,3,-1,0,6,1,0,0,0,1,9,-1,6,1,11,3,-1,-1,-1,-1,3,E01016047,1,1
2025461586699,2025,461586699,1,9,0,-1,19,6,2,-1,0,1,0,0,0,0,1,9,-1,9,2,21,5,-1,-1,-1,-1,9,E01016090,0,1
2025461586725,2025,461586725,1,9,0,-1,19,3,7,-1,0,4,0,0,0,0,1,9,-1,6,1,23,5,-1,-1,-1,-1,1,E01024611,0,3
2025461586725,2025,461586725,2,9,0,-1,3,3,7,-1,0,4,0,0,0,0,2,9,-1,2,2,54,8,-1,-1,-1,-1,5,E01024054,0,4
2025461586760,2025,461586760,1,9,0,-1,19,7,3,-1,0,8,0,0,0,0,3,9,-1,9,2,50,8,-1,-1,-1,-1,8,E01024693,0,1
2025461586771,2025,461586771,1,9,0,-1,19,5,1,-1,0,0,1,0,0,0,1,1,-1,9,1,34,6,-1,-1,-1,-1,4,E01024204,0,1
2025461586771,2025,461586771,2,9,0,-1,19,5,1,-1,0,0,0,0,0,0,1,1,-1,9,1,62,9,-1,-1,-1,-1,4,E01024204,0,1
2025461586861,2025,461586861,1,19,0,-1,3,7,4,-1,0,0,0,0,0,0,2,1,-1,9,-1,-1,-1,-1,-1,-1,-1,-1,-1,0,-1
2025461586861,2025,461586861,3,8,0,-1,3,7,3,-1,0,0,0,0,0,0,2,1,-1,6,-1,30,6,-1,-1,-1,-1,-1,-1,0,-1
2025461586861,2025,461586861,2,9,0,-1,3,7,4,-1,0,0,0,0,0,0,1,1,-1,1,1,49,8,-1,-1,-1,-1,2,E01016064,0,3
2025461586911,2025,461586911,2,9,0,-1,3,3,7,-1,0,1,0,0,0,0,2,9,-1,2,2,23,5,-1,-1,-1,-1,5,E01024413,0,2
2025461586911,2025,461586911,1,9,0,-1,19,3,7,-1,0,1,0,0,0,0,2,9,-1,2,2,41,7,-1,-1,-1,-1,8,E01024442,0,1
2025461586951,2025,461586951,1,11,0,-1,19,4,8,-1,0,2,0,0,0,0,1,1,-1,1,1,55,8,-1,-1,-1,-1,9,E01024791,0,3
2025461586960,2025,461586960,1,-1,0,-1,5,6,8,-1,0,0,0,0,0,0,1,9,-1,9,2,42,7,-1,-1,-1,-1,3,E01024591,1,1
2025461586960,2025,461586960,2,9,0,-1,20,2,6,-1,0,0,0,0,0,0,0,9,-1,6,-1,16,4,-1,-1,-1,-1,-1,-1,0,-1
2025461586974,2025,461586974,1,9,0,-1,19,7,3,-1,0,0,0,0,0,0,1,1,-1,2,1,68,10,-1,-1,-1,-1,4,E01024673,0,4
2025461587019,2025,461587019,1,9,0,-1,19,1,1,-1,0,0,2,10,1,0,4,9,-1,6,1,38,7,-1,-1,-1,-1,2,E01024533,0,1
2025461587050,2025,461587050,1,9,0,-1,19,1,5,-1,0,0,0,0,0,0,1,9,-1,6,2,59,9,-1,-1,-1,-1,7,E01024740,0,1
2025461587081,2025,461587081,2,1,0,-1,19,7,3,-1,0,1,0,0,0,0,3,1,-1,6,1,62,9,-1,-1,-1,-1,3,E01016072,0,2
2025461587081,2025,461587081,1,9,0,-1,9,1,3,-1,0,2,0,0,0,0,1,9,-1,6,2,71,10,-1,-1,-1,-1,7,E01035287,0,1
2025461587096,2025,461587096,2,3,0,-1,19,6,2,-1,0,0,0,0,0,0,1,1,-1,2,1,20,4,-1,-1,-1,-1,9,E01024275,0,1
2025461587096,2025,461587096,1,9,0,-1,10,8,5,-1,0,0,0,0,0,0,1,2,-1,6,1,63,9,-1,-1,-1,-1,10,E01000353,0,3
2025461587106,2025,461587106,2,9,0,-1,19,1,3,-1,0,1,0,0,0,0,3,9,-1,2,2,54,8,-1,-1,-1,-1,9,E01024331,0,1
2025461587106,2025,461587106,1,9,0,-1,19,7,3,-1,0,1,0,0,0,0,1,9,-1,6,1,18,4,-1,-1,-1,-1,2,E01024391,0,1
2025461587145,2025,461587145,2,9,0,-1,3,1,5,-1,0,0,1,0,0,0,2,9,-1,9,2,21,5,-1,-1,-1,-1,10,E01033966,0,5
2025461587145,2025,461587145,1,9,0,-1,19,1,5,-1,0,0,0,0,0,0,1,9,-1,6,1,25,5,-1,-1,-1,-1,3,E01024493,0,3
2025461587172,2025,461587172,3,9,0,-1,19,5,1,-1,0,0,0,0,0,0,2,9,-1,6,2,29,6,-1,-1,-1,-1,2,E01032815,0,4
2025461587172,2025,461587172,2,9,0,-1,19,5,1,-1,0,0,0,0,0,0,2,9,-1,9,2,43,7,-1,-1,-1,-1,10,E01024323,0,2
2025461587172,2025,461587172,1,9,0,-1,19,5,1,-1,0,0,0,0,0,0,1,9,-1,6,2,64,9,-1,-1,-1,-1,4,E01024557,0,4
2025461587223,2025,461587223,2,9,0,-1,19,2,6,-1,0,0,0,0,0,0,2,1,-1,6,2,76,11,-1,-1,-1,-1,5,E01024787,0,2
2025461587223,2025,461587223,3,9,0,-1,2,6,2,-1,0,0,0,0,0,0,1,1,-1,6,-1,52,8,-1,-1,-1,-1,-1,-1,0,-1
2025461587223,2025,461587223,1,9,0,-1,19,2,7,-1,0,0,0,0,0,0,1,1,-1,6,2,84,11,-1,-1,-1,-1,4,E01021114,0,3
2025461587226,2025,461587226,2,17,5,-1,19,3,7,-1,0,0,0,0,0,0,3,1,-1,1,1,23,5,-1,-1,-1,-1,8,E01000680,0,3
2025461587226,2025,461587226,1,97,0,-1,19,7,3,-1,0,0,0,0,0,0,3,1,-1,6,1,30,6,-1,-1,-1,-1,10,E01024426,0,1
2025461587226,2025,461587226,3,19,0,-1,19,3,7,-1,0,0,0,0,0,0,1,1,-1,1,1,33,6,-1,-1,-1,-1,5,E01035292,0,4
2025461587306,2025,461587306,1,9,0,-1,7,5,7,-1,0,1,0,0,1,0,4,1,-1,6,2,41,7,-1,-1,-1,-1,4,E01024841,0,1
2025461587306,2025,461587306,2,1,0,-1,19,5,1,-1,4,1,0,0,1,0,3,1,-1,9,1,35,6,-1,-1,-1,-1,6,E01024833,0,1
2025461587314,2025,461587314,2,9,0,-1,4,3,7,-1,0,8,0,0,0,0,1,1,-1,6,2,27,6,-1,-1,-1,-1,1,E01016017,0,1
2025461587314,2025,461587314,1,1,0,-1,7,5,7,-1,0,2,0,0,0,0,2,1,-1,6,1,53,8,-1,-1,-1,-1,1,E01016019,0,1
2025461587433,2025,461587433,1,9,0,-1,9,1,5,-1,5,8,0,0,0,0,1,1,-1,9,1,33,6,-1,-1,-1,-1,6,E01024180,0,1
2025461587443,2025,461587443,1,9,0,-1,5,1,2,-1,0,0,0,0,3,0,1,2,-1,9,2,38,7,-1,-1,-1,-1,2,E01016064,0,1
2025461587478,2025,461587478,2,9,0,-1,3,3,7,-1,0,0,0,0,0,0,2,1,-1,9,2,51,8,-1,-1,-1,-1,1,E01016069,0,1
2025461587478,2025,461587478,1,9,0,-1,5,3,7,-1,0,0,0,0,0,0,1,1,-1,9,1,52,8,-1,-1,-1,-1,10,E01000325,0,4
2025461587582,2025,461587582,1,9,0,-1,12,5,3,-1,0,0,0,0,0,0,1,9,-1,6,3,-1,-1,-1,-1,-1,-1,-1,-1,0,-1
2025461587582,2025,461587582,2,1,0,-1,3,3,5,-1,0,0,0,0,0,0,1,1,-1,6,1,41,7,-1,-1,-1,-1,2,E01024398,0,1
2025461587593,2025,461587593,1,9,0,-1,19,3,7,-1,0,0,0,0,0,0,1,9,-1,6,3,-1,-1,-1,-1,-1,-1,-1,-1,0,-1
2025461587600,2025,461587600,1,9,0,-1,11,5,1,-1,0,1,0,0,0,0,1,9,-1,6,3,-1,-1,-1,-1,-1,-1,4,E01024364,0,1
2025461587600,2025,461587600,3,1,0,-1,19,3,7,-1,0,1,5,0,0,0,1,1,-1,6,1,29,6,-1,-1,-1,-1,9,E01016090,0,4
2025461587600,2025,461587600,2,1,0,-1,19,3,7,-1,0,1,0,0,0,0,1,1,-1,6,1,21,5,-1,-1,-1,-1,5,E01016088,0,4
2025461587623,2025,461587623,1,1,0,-1,11,5,1,-1,0,0,0,0,0,0,1,1,-1,6,1,31,6,-1,-1,-1,-1,1,E01024308,0,1
2025461587623,2025,461587623,2,9,0,-1,19,5,1,-1,0,0,0,0,0,0,1,9,-1,6,1,77,11,-1,-1,-1,-1,6,E01024276,0,1
2025461587693,2025,461587693,2,5,0,-1,19,6,2,-1,0,8,0,0,0,0,2,1,-1,6,1,63,9,-1,-1,-1,-1,8,E01024017,0,1
2025461587693,2025,461587693,1,9,0,-1,7,4,6,-1,0,1,0,0,0,0,1,1,-1,1,2,36,7,-1,-1,-1,-1,8,E01024017,0,1
2025461587748,2025,461587748,1,19,0,-1,14,7,3,-1,0,0,0,0,0,0,3,9,-1,6,1,62,9,-1,-1,-1,-1,8,E01021172,0,3
2025461587748,2025,461587748,2,9,0,-1,19,3,7,-1,0,0,1,11,8,0,2,9,-1,2,2,17,4,-1,-1,-1,-1,5,E01024427,0,1
2025461587762,2025,461587762,1,2,0,-1,19,1,5,-1,0,0,0,0,0,0,0,1,-1,9,1,38,7,-1,-1,-1,-1,2,E01016024,0,3
2025461587773,2025,461587773,1,9,0,-1,1,0,5,-1,-1,0,0,0,0,0,2,9,-1,6,2,58,9,-1,-1,-1,-1,3,E01016072,0,2
2025461587773,2025,461587773,2,9,-1,-1,1,0,1,-1,0,0,0,0,0,0,2,9,-1,6,1,-1,-1,-1,-1,-1,-1,6,E01016113,0,1
2025461587790,2025,461587790,1,11,0,-1,19,7,3,-1,0,1,0,0,7,0,1,1,-1,1,1,41,7,-1,-1,-1,-1,5,E01033091,0,4
2025461587790,2025,461587790,2,98,0,-1,8,1,3,-1,0,1,0,0,0,0,1,1,-1,1,2,51,8,-1,-1,-1,-1,2,E01016064,0,4
2025461587791,2025,461587791,1,9,0,-1,1,5,1,-1,0,1,0,0,0,0,2,9,-1,6,3,-1,-1,-1,-1,-1,-1,-1,-1,0,-1
2025461587791,2025,461587791,2,9,0,-1,19,3,7,-1,0,1,0,0,0,0,4,9,-1,2,2,30,6,-1,-1,-1,-1,1,E01016031,0,1
2025461587794,2025,461587794,2,1,0,-1,19,3,7,-1,0,8,0,0,0,0,3,1,-1,6,1,19,4,-1,-1,-1,-1,-1,-1,0,-1
2025461587794,2025,461587794,1,9,0,-1,9,1,5,-1,0,6,0,0,0,0,1,2,-1,6,1,25,5,-1,-1,-1,-1,1,E01024657,0,1
2025461587866,2025,461587866,1,9,0,-1,19,1,5,-1,0,0,0,0,0,0,1,1,-1,6,1,33,6,-1,-1,-1,-1,4,E01024168,0,1
2025461587982,2025,461587982,1,11,0,-1,19,7,3,-1,0,8,0,0,0,0,1,9,-1,1,1,36,7,-1,-1,-1,-1,3,E01024176,0,1
2025461587982,2025,461587982,2,-1,0,-1,19,1,5,-1,0,1,0,0,0,0,1,1,-1,9,1,15,3,-1,-1,-1,-1,5,E01035271,1,1
2025461587986,2025,461587986,1,9,0,-1,9,4,2,-1,0,8,0,0,0,0,1,1,-1,9,1,54,8,-1,-1,-1,-1,8,E01016027,0,1
2025461587986,2025,461587986,2,97,0,-1,19,2,6,-1,-1,6,0,0,0,0,1,1,-1,9,1,21,5,-1,-1,-1,-1,2,E01024305,0,2
2025461588000,2025,461588000,1,9,0,-1,19,3,7,-1,0,0,0,0,0,0,1,2,-1,9,1,18,4,-1,-1,-1,-1,8,E01024642,0,4
2025461588021,2025,461588021,1,9,0,-1,19,3,7,-1,0,0,0,0,0,0,1,2,-1,1,1,51,8,-1,-1,-1,-1,2,E01016152,0,1
2025461588041,2025,461588041,2,19,0,-1,11,8,8,-1,0,0,0,0,0,0,2,1,-1,2,1,33,6,-1,-1,-1,-1,4,E01024293,0,1
2025461588041,2025,461588041,1,9,0,-1,15,8,7,-1,0,0,0,0,0,0,1,1,-1,9,1,20,4,-1,-1,-1,-1,5,E01035282,0,1
2025461588061,2025,461588061,2,9,0,-1,4,3,7,-1,0,0,0,0,0,0,3,1,-1,9,2,22,5,-1,-1,-1,-1,2,E01024083,0,1
2025461588061,2025,461588061,1,19,0,-1,12,3,7,-1,0,0,0,0,0,0,1,1,-1,1,1,53,8,-1,-1,-1,-1,3,E01016038,0,4
2025461588101,2025,461588101,1,97,0,-1,19,3,7,-1,0,0,1,0,0,0,4,1,-1,2,1,28,6,-1,-1,-1,-1,7,E01024274,0,2
2025461588176,2025,461588176,1,9,0,-1,5,1,5,-1,-1,0,0,4,7,0,1,1,-1,6,2,63,9,-1,-1,-1,-1,8,E01024816,0,1
2025461588176,2025,461588176,2,9,0,-1,2,0,0,-1,-1,0,1,0,7,0,3,1,-1,6,2,-1,-1,-1,-1,-1,-1,-1,-1,0,-1
2025461588176,2025,461588176,3,9,0,-1,19,5,1,-1,0,0,0,0,0,0,4,1,-1,6,1,33,6,-1,-1,-1,-1,6,E01024812,0,1
2025461588184,2025,461588184,1,-1,0,-1,19,1,5,-1,9,0,0,0,0,0,1,1,-1,9,1,16,4,-1,-1,-1,-1,3,E01016155,1,1
2025461588185,2025,461588185,1,9,0,-1,10,4,5,-1,0,1,0,0,0,0,4,1,-1,6,2,56,9,-1,-1,-1,-1,7,E01024157,0,2
2025461588185,2025,461588185,2,97,0,-1,19,1,1,-1,0,1,0,0,0,0,4,1,-1,6,1,72,10,-1,-1,-1,-1,7,E01024318,0,2
2025461588196,2025,461588196,1,9,0,-1,19,8,4,-1,0,0,0,4,0,0,1,2,-1,9,2,70,10,-1,-1,-1,-1,4,E01024377,0,3
2025461588196,2025,461588196,2,9,0,-1,3,8,4,-1,0,0,0,0,0,0,2,2,-1,9,1,41,7,-1,-1,-1,-1,5,E01000676,0,4
2025461588233,2025,461588233,1,97,0,-1,19,1,5,-1,0,0,5,0,3,0,1,1,-1,9,1,19,4,-1,-1,-1,-1,5,E01024014,0,1
2025461588233,2025,461588233,2,9,0,-1,5,4,6,-1,0,0,0,0,1,0,3,1,-1,9,2,52,8,-1,-1,-1,-1,3,E01024001,0,1
2025461588333,2025,461588333,2,9,0,-1,19,7,3,-1,0,0,0,0,0,0,3,1,-1,1,1,39,7,-1,-1,-1,-1,2,E01024717,0,4
2025461588333,2025,461588333,1,9,0,-1,19,3,7,-1,0,0,0,0,0,0,3,9,-1,9,2,39,7,-1,-1,-1,-1,5,E01024038,0,1
2025461588355,2025,461588355,1,9,0,-1,9,1,5,-1,0,1,0,0,0,0,2,1,-1,6,1,34,6,-1,-1,-1,-1,4,E01016163,0,1
2025461588355,2025,461588355,2,9,0,-1,19,5,1,-1,0,2,0,0,0,0,1,1,-1,1,2,18,4,-1,-1,-1,-1,4,E01016163,0,1
2025461588421,2025,461588421,1,9,0,-1,19,3,1,-1,0,0,0,0,1,4,1,1,-1,9,1,17,4,-1,-1,-1,-1,4,E01023986,0,3
2025461588467,2025,461588467,1,19,0,-1,19,7,3,-1,0,0,0,0,0,0,0,9,-1,9,1,62,9,-1,-1,-1,-1,10,E01024725,0,2
2025461588467,2025,461588467,2,1,0,-1,19,7,3,-1,0,0,0,10,0,0,4,1,-1,9,1,54,8,-1,-1,-1,-1,7,E01024316,0,4
2025461588467,2025,461588467,3,19,0,-1,19,3,7,-1,0,0,0,0,0,0,0,1,-1,1,1,66,10,-1,-1,-1,-1,9,E01024724,0,2
2025461588472,2025,461588472,1,5,0,-1,8,0,6,-1,0,0,0,0,0,0,1,1,-1,9,1,49,8,-1,-1,-1,-1,4,E01024541,0,4
2025461588472,2025,461588472,2,9,0,-1,19,2,4,-1,0,0,0,0,0,0,1,1,-1,1,1,44,7,-1,-1,-1,-1,10,E01032828,0,4
2025461588576,2025,461588576,2,9,0,-1,19,4,8,-1,0,0,0,0,1,0,2,1,-1,9,2,35,6,-1,-1,-1,-1,2,E01020797,0,5
2025461588576,2025,461588576,1,9,0,-1,19,4,8,-1,0,0,0,7,1,0,1,1,-1,9,1,24,5,-1,-1,-1,-1,6,E01024266,0,1
2025461588634,2025,461588634,2,9,0,-1,2,1,5,-1,0,0,0,0,0,0,1,9,-1,6,3,-1,-1,-1,-1,-1,-1,-1,-1,0,-1
2025461588634,2025,461588634,3,9,0,-1,2,1,5,-1,0,0,0,0,0,0,2,9,-1,6,3,-1,-1,-1,-1,-1,-1,-1,-1,0,-1
2025461588634,2025,461588634,1,9,0,-1,1,1,5,-1,0,0,0,0,0,0,2,9,-1,6,1,94,11,-1,-1,-1,-1,6,E01000726,0,4
2025461588638,2025,461588638,1,1,0,-1,19,7,3,-1,9,0,0,0,0,0,1,1,-1,6,1,35,6,-1,-1,-1,-1,-1,-1,0,-1
2025461588647,2025,461588647,1,9,0,-1,19,3,7,-1,0,0,0,0,0,0,4,9,-1,6,2,-1,-1,-1,-1,-1,-1,-1,-1,0,-1
2025461588669,2025,461588669,1,9,0,-1,19,4,7,-1,0,0,0,0,0,0,1,1,-1,2,1,18,4,-1,-1,-1,-1,8,E01016148,0,2
2025461588669,2025,461588669,2,9,0,-1,4,3,7,-1,0,0,0,0,0,0,2,1,-1,9,1,55,8,-1,-1,-1,-1,-1,-1,0,-1
2025461588676,2025,461588676,3,9,0,-1,3,3,7,-1,0,0,0,0,0,0,2,9,-1,6,1,-1,-1,-1,-1,-1,-1,-1,-1,0,-1
2025461588676,2025,461588676,2,9,0,-1,3,3,7,-1,0,0,0,0,0,0,2,9,-1,6,1,23,5,-1,-1,-1,-1,7,E01024569,0,3
2025461588676,2025,461588676,1,9,0,-1,19,3,7,-1,0,0,0,0,0,0,1,9,-1,6,1,30,6,-1,-1,-1,-1,8,E01021221,0,4
2025461588681,2025,461588681,1,5,0,-1,19,3,7,-1,0,0,1,0,0,0,1,1,-1,2,1,35,6,-1,-1,-1,-1,7,E01021160,0,4
2025461588703,2025,461588703,1,9,0,-1,-1,-1,-1,-1,-1,0,-1,-1,-1,0,-1,9,-1,9,1,19,4,-1,-1,-1,-1,5,E01032048,0,5
2025461588703,2025,461588703,2,9,0,-1,-1,-1,-1,-1,-1,0,-1,-1,-1,0,-1,9,-1,1,1,26,6,-1,-1,-1,-1,1,E01024697,0,2
2025461588707,2025,461588707,1,9,0,-1,19,3,7,-1,0,0,0,0,0,0,1,9,-1,6,2,70,10,-1,-1,-1,-1,7,E01024362,0,2
2025461588830,2025,461588830,1,21,0,-1,19,5,1,-1,0,0,0,0,0,0,1,9,-1,6,3,-1,-1,-1,-1,-1,-1,-1,-1,0,-1