collision_index,collision_year,collision_ref_no,vehicle_reference,vehicle_type,towing_and_articulation,vehicle_manoeuvre_historic,vehicle_manoeuvre,vehicle_direction_from,vehicle_direction_to,vehicle_location_restricted_lane_historic,vehicle_location_restricted_lane,junction_location,skidding_and_overturning,hit_object_in_carriageway,vehicle_leaving_carriageway,hit_object_off_carriageway,first_point_of_impact,vehicle_left_hand_drive,journey_purpose_of_driver_historic,journey_purpose_of_driver,sex_of_driver,age_of_driver,age_band_of_driver,engine_capacity_cc,propulsion_code,age_of_vehicle,generic_make_model,driver_imd_decile,lsoa_of_driver,escooter_flag,driver_distance_banding
2025461602816,2025,461602816,1,9,0,-1,19,3,7,-1,0,0,0,0,0,0,1,1,-1,9,2,44,7,-1,-1,-1,-1,9,E01000415,0,3
2025461602873,2025,461602873,1,9,0,-1,3,3,7,-1,0,0,0,0,0,0,1,1,-1,9,1,27,6,-1,-1,-1,-1,7,E01031665,0,4
2025461602873,2025,461602873,2,9,0,-1,3,3,7,-1,0,0,0,0,0,0,2,1,-1,9,2,46,8,-1,-1,-1,-1,6,E01034989,0,4
2025461602913,2025,461602913,3,9,0,-1,2,0,0,-1,0,1,0,0,0,0,4,1,-1,6,-1,-1,-1,-1,-1,-1,-1,-1,-1,0,-1
2025461602913,2025,461602913,1,9,0,-1,5,3,7,-1,0,1,0,0,0,0,1,1,-1,6,1,27,6,-1,-1,-1,-1,2,E01016041,0,1
2025461602913,2025,461602913,2,9,0,-1,19,1,3,-1,0,2,5,4,0,0,1,2,-1,1,1,59,9,-1,-1,-1,-1,8,E01016175,0,1
2025461602959,2025,461602959,2,4,0,-1,4,4,2,-1,0,1,0,0,0,0,2,1,-1,9,1,21,5,-1,-1,-1,-1,2,E01024524,0,1
2025461602959,2025,461602959,1,4,0,-1,19,6,2,-1,0,1,0,0,0,0,1,1,-1,9,1,22,5,-1,-1,-1,-1,3,E01024529,0,2
2025461602959,2025,461602959,3,9,0,-1,4,6,2,-1,0,1,0,0,0,0,2,1,-1,6,1,19,4,-1,-1,-1,-1,4,E01024489,0,3
2025461602961,2025,461602961,1,9,0,-1,19,7,3,-1,0,0,0,0,5,6,1,1,-1,9,2,20,4,-1,-1,-1,-1,10,E01024114,0,4
2025461602984,2025,461602984,1,97,0,-1,19,3,7,-1,0,2,1,0,0,0,1,1,-1,6,1,16,4,-1,-1,-1,-1,-1,-1,0,-1
2025461602984,2025,461602984,2,1,0,-1,19,7,3,-1,0,1,1,0,0,0,1,1,-1,6,1,14,3,-1,-1,-1,-1,-1,-1,0,-1
2025461602999,2025,461602999,2,9,0,-1,12,3,7,-1,0,0,0,0,0,0,0,1,-1,9,1,33,6,-1,-1,-1,-1,3,E01016129,0,2
2025461602999,2025,461602999,3,9,0,-1,19,3,7,-1,0,0,0,0,0,0,0,1,-1,6,-1,-1,-1,-1,-1,-1,-1,-1,-1,0,-1
2025461602999,2025,461602999,1,19,0,-1,19,3,7,-1,0,0,5,0,4,6,1,1,-1,2,1,36,7,-1,-1,-1,-1,8,E01016144,0,2
2025461603002,2025,461603002,2,4,0,-1,19,5,1,-1,0,0,0,0,0,0,3,1,-1,9,1,81,11,-1,-1,-1,-1,7,E01007604,0,5
2025461603002,2025,461603002,1,9,0,-1,19,5,1,-1,0,0,0,0,0,0,4,1,-1,9,1,38,7,-1,-1,-1,-1,3,E01015934,0,3
2025461603016,2025,461603016,1,9,0,-1,9,1,7,-1,0,8,0,0,0,0,3,1,-1,9,2,63,9,-1,-1,-1,-1,3,E01024669,0,1
2025461603016,2025,461603016,2,3,0,-1,19,7,3,-1,0,1,1,0,0,0,1,1,-1,9,1,17,4,-1,-1,-1,-1,1,E01024683,0,1
2025461603275,2025,461603275,2,9,0,-1,2,0,0,-1,0,0,0,0,0,0,3,1,-1,6,-1,-1,-1,-1,-1,-1,-1,-1,-1,0,-1
2025461603275,2025,461603275,3,9,0,-1,2,0,0,-1,0,0,0,0,0,0,2,1,-1,6,-1,-1,-1,-1,-1,-1,-1,-1,-1,0,-1
2025461603275,2025,461603275,1,9,0,-1,19,3,8,-1,0,0,1,4,0,0,1,1,-1,9,1,30,6,-1,-1,-1,-1,2,E01024500,0,1
2025461603305,2025,461603305,1,1,0,-1,19,5,1,-1,9,0,0,0,0,0,3,1,-1,6,1,-1,-1,-1,-1,-1,-1,-1,-1,0,-1
2025461603305,2025,461603305,2,9,0,-1,4,5,1,-1,0,0,0,0,0,0,3,9,-1,9,2,62,9,-1,-1,-1,-1,5,E01024086,0,2
2025461603360,2025,461603360,2,4,0,-1,19,4,7,-1,0,0,0,0,0,0,1,1,-1,1,1,61,9,-1,-1,-1,-1,5,E01016149,0,2
2025461603360,2025,461603360,1,19,0,-1,11,4,7,-1,0,0,0,0,0,0,4,1,-1,6,1,-1,-1,-1,-1,-1,-1,1,E01002066,0,4
2025461603460,2025,461603460,3,9,0,-1,3,3,7,-1,0,0,0,0,0,0,2,1,-1,2,1,59,9,-1,-1,-1,-1,4,E01023986,0,4
2025461603460,2025,461603460,2,9,0,-1,4,3,7,-1,0,0,0,0,0,0,2,1,-1,2,1,57,9,-1,-1,-1,-1,6,E01024806,0,1
2025461603460,2025,461603460,1,9,0,-1,19,3,7,-1,0,0,0,0,0,0,4,1,-1,1,2,35,6,-1,-1,-1,-1,4,E01024541,0,4
2025461603536,2025,461603536,1,21,1,-1,19,5,6,-1,0,4,0,0,0,0,3,2,-1,1,1,31,6,-1,-1,-1,-1,-1,-1,0,-1
2025461603536,2025,461603536,2,9,0,-1,19,1,8,-1,0,8,0,0,0,0,4,1,-1,9,2,37,7,-1,-1,-1,-1,3,E01024486,0,4
2025461603539,2025,461603539,2,21,0,-1,4,4,8,-1,0,0,0,0,0,0,2,1,-1,1,1,33,6,-1,-1,-1,-1,4,E01024694,0,4
2025461603539,2025,461603539,1,9,0,-1,5,4,8,-1,0,0,0,0,0,0,1,1,-1,9,1,72,10,-1,-1,-1,-1,3,E01024688,0,4
2025461603543,2025,461603543,1,9,0,-1,7,4,6,-1,0,1,0,0,0,0,1,9,-1,7,1,39,7,-1,-1,-1,-1,1,E01016062,0,1
2025461603573,2025,461603573,2,9,0,-1,19,1,5,-1,0,8,0,0,0,0,4,1,-1,6,1,66,10,-1,-1,-1,-1,8,E01024527,0,3
2025461603573,2025,461603573,3,9,0,-1,10,5,3,-1,0,1,0,0,0,0,1,1,-1,6,1,61,9,-1,-1,-1,-1,7,E01024490,0,1
2025461603573,2025,461603573,1,9,0,-1,7,3,5,-1,0,8,0,0,0,0,1,1,-1,6,2,23,5,-1,-1,-1,-1,10,E01035309,0,3
2025461603687,2025,461603687,2,3,0,-1,13,3,7,-1,0,1,0,0,0,0,1,1,-1,2,1,34,6,-1,-1,-1,-1,3,E01024352,0,1
2025461603687,2025,461603687,1,9,0,-1,9,5,2,-1,0,6,0,0,0,0,3,1,-1,9,2,34,6,-1,-1,-1,-1,9,E01004730,0,4
2025461603812,2025,461603812,3,11,0,-1,3,1,5,-1,0,1,0,0,0,0,3,9,-1,1,1,57,9,-1,-1,-1,-1,3,E01016047,0,1
2025461603812,2025,461603812,2,97,0,-1,19,5,1,-1,0,2,0,0,0,0,3,1,-1,6,3,-1,-1,-1,-1,-1,-1,-1,-1,0,-1
2025461603812,2025,461603812,1,97,0,-1,19,5,1,-1,0,2,0,0,0,0,4,1,-1,6,3,-1,-1,-1,-1,-1,-1,-1,-1,0,-1
2025461603970,2025,461603970,2,19,0,-1,19,1,1,-1,0,8,0,8,0,0,1,1,-1,1,1,24,5,-1,-1,-1,-1,8,E01016060,0,2
2025461603970,2025,461603970,1,9,0,-1,9,3,1,-1,0,1,0,0,0,0,1,1,-1,1,1,19,4,-1,-1,-1,-1,2,E01003197,0,4
2025461603970,2025,461603970,3,9,0,-1,19,1,1,-1,0,8,0,10,0,0,3,1,-1,6,2,39,7,-1,-1,-1,-1,3,E01035289,0,1
2025461604170,2025,461604170,2,9,0,-1,2,5,1,-1,0,0,0,0,0,0,1,1,-1,9,2,38,7,-1,-1,-1,-1,4,E01016077,0,1
2025461604170,2025,461604170,1,-1,0,-1,19,2,7,-1,0,0,5,0,0,0,1,1,-1,9,1,13,3,-1,-1,-1,-1,7,E01000437,1,4
2025461604189,2025,461604189,1,9,0,-1,19,2,6,-1,0,0,0,0,0,0,1,1,-1,6,1,32,6,-1,-1,-1,-1,2,E01016159,0,1
2025461604212,2025,461604212,3,9,0,-1,3,2,6,-1,0,0,0,0,0,0,0,1,-1,9,2,41,7,-1,-1,-1,-1,6,E01024700,0,3
2025461604212,2025,461604212,1,9,0,-1,4,2,6,-1,0,0,1,0,0,0,1,1,-1,9,2,20,4,-1,-1,-1,-1,5,E01024703,0,1
2025461604212,2025,461604212,2,9,0,-1,4,2,6,-1,0,0,0,0,0,0,2,1,-1,9,2,55,8,-1,-1,-1,-1,5,E01024703,0,1
2025461604228,2025,461604228,1,9,0,-1,19,3,7,-1,0,0,0,0,0,0,1,1,-1,1,1,27,6,-1,-1,-1,-1,1,E01024660,0,1
2025461604307,2025,461604307,1,5,0,-1,3,8,4,-1,0,1,2,4,0,0,1,1,-1,2,1,29,6,-1,-1,-1,-1,-1,-1,0,-1
2025461604307,2025,461604307,2,9,0,-1,3,8,4,-1,0,1,0,0,0,0,2,1,-1,2,2,44,7,-1,-1,-1,-1,5,E01024495,0,3
2025461604315,2025,461604315,2,19,0,-1,5,1,1,-1,0,8,0,0,0,0,3,1,-1,6,1,54,8,-1,-1,-1,-1,3,E01024695,0,2
2025461604315,2025,461604315,1,9,0,-1,5,3,3,-1,0,1,0,0,0,0,1,1,-1,6,1,59,9,-1,-1,-1,-1,6,E01024709,0,1
2025461604356,2025,461604356,2,9,0,-1,19,3,7,-1,0,0,0,0,0,0,4,1,-1,1,2,21,5,-1,-1,-1,-1,3,E01002375,0,4
2025461604356,2025,461604356,1,9,0,-1,9,1,3,-1,0,0,0,0,0,0,1,1,-1,2,1,61,9,-1,-1,-1,-1,7,E01024550,0,2
2025461604390,2025,461604390,1,9,0,-1,10,4,2,-1,0,1,0,0,0,0,1,1,-1,9,1,91,11,-1,-1,-1,-1,5,E01024531,0,1
2025461604390,2025,461604390,2,1,0,-1,19,2,4,-1,0,1,0,0,0,0,1,1,-1,9,1,50,8,-1,-1,-1,-1,2,E01024524,0,1
2025461604391,2025,461604391,1,9,0,-1,7,5,8,-1,0,2,0,0,0,0,1,9,-1,6,2,-1,-1,-1,-1,-1,-1,-1,-1,0,-1
2025461604471,2025,461604471,2,19,0,-1,19,7,3,-1,0,0,0,0,0,0,0,9,-1,9,1,-1,-1,-1,-1,-1,-1,4,E01024577,0,1
2025461604471,2025,461604471,1,9,0,-1,19,7,3,-1,0,0,0,0,0,0,0,9,-1,9,2,43,7,-1,-1,-1,-1,2,E01024599,0,1
2025461604472,2025,461604472,1,9,0,-1,19,3,7,-1,0,8,0,0,0,0,1,9,-1,9,2,27,6,-1,-1,-1,-1,3,E01024713,0,1
2025461604472,2025,461604472,2,1,0,-1,19,7,3,-1,0,1,0,0,0,0,1,1,-1,9,1,23,5,-1,-1,-1,-1,3,E01024713,0,1
2025461604534,2025,461604534,1,9,0,-1,19,5,1,-1,0,0,0,0,0,0,1,1,-1,2,2,46,8,-1,-1,-1,-1,3,E01024570,0,2
2025461604534,2025,461604534,2,11,0,-1,19,1,5,-1,0,0,0,0,0,0,1,1,-1,1,1,50,8,-1,-1,-1,-1,7,E01000414,0,4
2025461604566,2025,461604566,1,4,0,-1,19,4,8,-1,0,0,1,10,0,0,1,1,-1,9,1,54,8,-1,-1,-1,-1,5,E01024796,0,1
2025461604697,2025,461604697,1,9,0,-1,19,7,3,-1,0,1,0,0,0,0,1,1,-1,6,2,34,6,-1,-1,-1,-1,4,E01016116,0,2
2025461604697,2025,461604697,2,9,0,-1,19,7,3,-1,0,1,0,0,0,0,2,1,-1,6,1,36,7,-1,-1,-1,-1,3,E01004260,0,4
2025461604697,2025,461604697,3,9,0,-1,19,7,3,-1,0,1,0,0,0,0,2,1,-1,2,2,44,7,-1,-1,-1,-1,4,E01016077,0,1
2025461604712,2025,461604712,1,9,0,-1,15,1,5,-1,0,1,0,0,0,0,1,1,-1,9,1,17,4,-1,-1,-1,-1,4,E01016097,0,2
2025461604768,2025,461604768,2,9,0,-1,19,4,7,-1,0,8,0,0,0,0,3,1,-1,6,2,21,5,-1,-1,-1,-1,9,E01000658,0,2
2025461604768,2025,461604768,1,8,0,-1,4,1,5,-1,0,8,0,0,1,0,1,1,-1,2,1,58,9,-1,-1,-1,-1,6,E01024847,0,3
2025461604795,2025,461604795,2,-1,0,-1,19,1,5,-1,9,0,0,0,0,0,3,9,-1,6,2,27,6,-1,-1,-1,-1,5,E01024728,1,1
2025461604795,2025,461604795,1,9,0,-1,19,1,5,-1,0,0,0,0,0,0,3,9,-1,6,2,-1,-1,-1,-1,-1,-1,5,E01024335,0,1
2025461604806,2025,461604806,1,9,0,-1,19,4,8,-1,0,0,0,0,0,0,4,9,-1,6,1,28,6,-1,-1,-1,-1,1,E01016069,0,1
2025461604828,2025,461604828,1,9,0,-1,19,1,5,-1,0,0,0,0,0,0,3,9,-1,6,1,-1,-1,-1,-1,-1,-1,-1,-1,0,-1
2025461604828,2025,461604828,2,9,0,-1,3,1,3,-1,0,0,0,0,0,0,2,9,-1,9,1,46,8,-1,-1,-1,-1,2,E01001655,0,4
2025461604829,2025,461604829,1,9,0,-1,19,6,2,-1,0,0,2,0,0,0,3,1,-1,1,2,59,9,-1,-1,-1,-1,5,E01024382,0,4
2025461604829,2025,461604829,3,9,0,-1,19,6,2,-1,0,0,0,0,0,0,1,1,-1,1,1,32,6,-1,-1,-1,-1,9,E01021208,0,4
2025461604829,2025,461604829,2,98,0,-1,19,6,2,-1,0,0,0,0,0,0,1,1,-1,1,1,44,7,-1,-1,-1,-1,5,E01024345,0,4
2025461604831,2025,461604831,2,1,0,-1,19,3,7,-1,0,1,0,0,0,0,2,1,-1,2,1,14,3,-1,-1,-1,-1,5,E01024495,0,1
2025461604831,2025,461604831,1,9,0,-1,9,7,3,-1,0,5,0,0,0,0,1,9,-1,6,2,42,7,-1,-1,-1,-1,5,E01024023,0,3
2025461604878,2025,461604878,1,97,0,-1,19,6,2,-1,0,1,0,0,0,0,1,1,-1,6,1,62,9,-1,-1,-1,-1,3,E01024493,0,4
2025461604878,2025,461604878,2,98,4,-1,19,1,5,-1,0,1,0,0,0,0,3,2,-1,2,1,60,9,-1,-1,-1,-1,4,E01023998,0,2
2025461604902,2025,461604902,2,9,0,-1,3,6,2,-1,0,0,0,0,0,0,2,9,-1,9,2,27,6,-1,-1,-1,-1,7,E01024274,0,3
2025461604902,2025,461604902,1,9,0,-1,3,6,2,-1,0,0,0,0,0,0,1,9,-1,6,2,31,6,-1,-1,-1,-1,6,E01024276,0,1
2025461604971,2025,461604971,1,9,0,-1,4,7,3,-1,0,1,0,0,0,0,4,1,-1,6,2,51,8,-1,-1,-1,-1,5,E01024065,0,1
2025461605012,2025,461605012,2,19,0,-1,4,1,5,-1,0,0,0,0,0,0,3,9,-1,9,1,46,8,-1,-1,-1,-1,2,E01015976,0,2
2025461605012,2025,461605012,1,9,0,-1,13,1,5,-1,0,0,0,0,0,0,4,9,-1,6,1,30,6,-1,-1,-1,-1,3,E01024099,0,4
2025461605130,2025,461605130,2,9,0,-1,2,0,0,-1,0,2,0,0,0,0,1,1,-1,6,-1,-1,-1,-1,-1,-1,-1,-1,-1,0,-1
2025461605130,2025,461605130,1,9,0,-1,2,3,8,-1,0,2,0,4,0,0,1,1,-1,9,1,65,9,-1,-1,-1,-1,4,E01024029,0,1
2025461605133,2025,461605133,2,9,0,-1,5,6,2,-1,0,1,0,0,1,0,1,1,-1,9,1,67,10,-1,-1,-1,-1,8,E01024053,0,1
2025461605133,2025,461605133,1,9,0,-1,9,2,7,-1,0,1,0,0,0,0,1,1,-1,9,1,80,11,-1,-1,-1,-1,7,E01024558,0,1
2025461605223,2025,461605223,1,9,0,-1,5,3,7,-1,0,2,0,0,0,0,1,1,-1,2,1,34,6,-1,-1,-1,-1,2,E01024677,0,1
2025461605223,2025,461605223,2,9,0,-1,19,1,6,-1,0,2,0,0,0,0,1,1,-1,9,2,49,8,-1,-1,-1,-1,5,E01024206,0,3
2025461605225,2025,461605225,1,9,0,-1,5,2,2,-1,0,1,0,0,0,0,1,1,-1,9,1,20,4,-1,-1,-1,-1,7,E01024448,0,2
2025461605225,2025,461605225,2,9,0,-1,19,3,5,-1,0,1,0,0,0,0,3,1,-1,9,2,82,11,-1,-1,-1,-1,6,E01024435,0,2
2025461605276,2025,461605276,1,9,0,-1,5,7,3,-1,0,0,0,0,0,0,3,1,-1,6,1,40,7,-1,-1,-1,-1,7,E01024550,0,1
2025461605276,2025,461605276,2,9,0,-1,3,7,3,-1,0,0,0,11,0,0,4,1,-1,6,2,48,8,-1,-1,-1,-1,3,E01024509,0,1
2025461605286,2025,461605286,1,9,0,-1,19,1,5,-1,0,0,0,0,0,0,1,1,-1,7,2,42,7,-1,-1,-1,-1,3,E01016155,0,1
2025461605314,2025,461605314,1,9,0,-1,19,1,5,-1,0,0,0,0,0,0,4,9,-1,6,1,36,7,-1,-1,-1,-1,10,E01024441,0,1
2025461605314,2025,461605314,2,9,0,-1,19,5,1,-1,0,0,0,0,0,0,4,9,-1,9,2,33,6,-1,-1,-1,-1,4,E01024444,0,1
2025461605339,2025,461605339,1,9,0,-1,4,3,7,-1,0,0,0,0,0,0,1,1,-1,1,1,51,8,-1,-1,-1,-1,1,E01024666,0,1
2025461605339,2025,461605339,2,1,0,-1,4,7,3,-1,0,0,0,0,0,0,4,1,-1,7,1,11,3,-1,-1,-1,-1,1,E01024682,0,1
2025461605339,2025,461605339,3,9,0,-1,2,0,0,-1,0,0,0,0,0,0,1,1,-1,6,-1,-1,-1,-1,-1,-1,-1,-1,-1,0,-1
2025461605392,2025,461605392,2,1,0,-1,19,1,5,-1,0,1,1,0,0,0,-1,1,-1,9,1,18,4,-1,-1,-1,-1,3,E01024092,0,1
2025461605392,2025,461605392,1,9,0,-1,19,1,5,-1,0,8,0,0,0,0,-1,9,-1,9,1,61,9,-1,-1,-1,-1,9,E01002988,0,4
2025461605510,2025,461605510,2,9,0,-1,3,1,5,-1,0,0,0,0,0,0,2,1,-1,1,1,36,7,-1,-1,-1,-1,1,E01017274,0,5
2025461605510,2025,461605510,3,9,0,-1,3,1,5,-1,0,0,0,0,0,0,2,1,-1,1,1,30,6,-1,-1,-1,-1,2,E01024311,0,1
2025461605510,2025,461605510,1,9,0,-1,4,1,5,-1,0,0,0,0,0,0,1,1,-1,9,2,88,11,-1,-1,-1,-1,3,E01024310,0,1
2025461605519,2025,461605519,1,9,0,-1,5,8,3,-1,9,0,0,0,0,0,-1,9,-1,6,1,63,9,-1,-1,-1,-1,3,E01016129,0,1
2025461605519,2025,461605519,2,-1,0,-1,3,1,5,-1,9,0,0,0,0,0,1,9,-1,2,1,18,4,-1,-1,-1,-1,1,E01016062,1,1
2025461605542,2025,461605542,2,9,0,-1,19,7,3,-1,0,8,0,0,0,0,1,1,-1,9,1,37,7,-1,-1,-1,-1,1,E01024397,0,4
2025461605542,2025,461605542,1,9,0,-1,5,5,1,-1,0,6,0,0,0,0,4,1,-1,9,2,84,11,-1,-1,-1,-1,7,E01024456,0,1
2025461605602,2025,461605602,1,9,0,-1,7,2,4,-1,0,0,0,6,0,0,1,1,-1,9,2,37,7,-1,-1,-1,-1,4,E01000392,0,3
2025461605672,2025,461605672,1,9,0,-1,19,5,1,-1,0,0,0,0,0,0,4,1,-1,9,2,45,7,-1,-1,-1,-1,1,E01024683,0,1
2025461605674,2025,461605674,2,9,0,-1,19,3,3,-1,0,0,0,0,0,0,2,1,-1,9,1,23,5,-1,-1,-1,-1,1,E01024616,0,1
2025461605674,2025,461605674,1,9,0,-1,19,3,7,-1,0,0,0,0,0,0,1,1,-1,9,1,33,6,-1,-1,-1,-1,4,E01024593,0,2
2025461605687,2025,461605687,1,9,0,-1,5,4,6,-1,0,4,0,0,0,0,1,1,-1,9,1,60,9,-1,-1,-1,-1,10,E01024046,0,1
2025461605687,2025,461605687,2,1,0,-1,19,2,6,-1,0,3,0,0,0,0,4,1,-1,6,2,29,6,-1,-1,-1,-1,9,E01024068,0,1
2025461605727,2025,461605727,2,9,0,-1,19,2,6,-1,0,1,0,0,0,0,1,1,-1,6,2,43,7,-1,-1,-1,-1,3,E01024219,0,1
2025461605727,2025,461605727,1,9,0,-1,5,4,2,-1,0,6,0,0,0,0,1,1,-1,6,1,76,11,-1,-1,-1,-1,8,E01024221,0,1
2025461605748,2025,461605748,2,9,0,-1,13,7,5,-1,0,1,0,0,7,11,1,1,-1,9,2,24,5,-1,-1,-1,-1,4,E01024312,0,1
2025461605748,2025,461605748,1,9,0,-1,10,7,2,-1,0,1,0,0,0,0,3,1,-1,9,1,22,5,-1,-1,-1,-1,6,E01024276,0,1
2025461605763,2025,461605763,1,9,0,-1,11,2,2,-1,0,0,0,0,2,7,4,1,-1,2,1,37,7,-1,-1,-1,-1,3,E01024395,0,2
2025461605763,2025,461605763,2,9,0,-1,12,2,1,-1,0,0,0,0,0,0,0,1,-1,6,-1,-1,-1,-1,-1,-1,-1,-1,-1,0,-1
2025461605813,2025,461605813,1,9,0,-1,2,0,0,-1,9,0,0,0,0,0,2,1,-1,6,2,61,9,-1,-1,-1,-1,6,E01024435,0,1
2025461605841,2025,461605841,2,9,0,-1,2,0,0,-1,0,0,0,0,0,0,3,1,-1,6,-1,-1,-1,-1,-1,-1,-1,-1,-1,0,-1
2025461605841,2025,461605841,1,19,0,-1,19,3,7,-1,0,0,0,4,0,0,4,1,-1,6,1,45,7,-1,-1,-1,-1,5,E01024357,0,1
2025461605841,2025,461605841,3,9,0,-1,2,0,0,-1,0,0,0,0,0,0,4,1,-1,6,-1,-1,-1,-1,-1,-1,-1,-1,-1,0,-1
2025461605875,2025,461605875,2,9,0,-1,19,2,4,-1,0,1,0,0,0,0,1,1,-1,9,1,70,10,-1,-1,-1,-1,9,E01024365,0,3
2025461605875,2025,461605875,1,9,0,-1,19,4,1,-1,0,1,5,0,1,5,1,1,-1,9,1,74,10,-1,-1,-1,-1,4,E01024032,0,1
2025461605887,2025,461605887,3,9,0,-1,19,7,3,-1,0,0,0,0,0,0,1,1,-1,9,2,32,6,-1,-1,-1,-1,9,E01000804,0,4
2025461605887,2025,461605887,2,9,0,-1,19,7,3,-1,0,0,0,0,0,0,2,1,-1,9,1,18,4,-1,-1,-1,-1,2,E01016024,0,4
2025461605887,2025,461605887,1,9,0,-1,19,3,3,-1,0,0,0,0,0,0,2,1,-1,9,1,49,8,-1,-1,-1,-1,3,E01035680,0,4
2025461605913,2025,461605913,1,9,0,-1,19,1,5,-1,0,0,5,4,0,0,1,1,-1,9,2,89,11,-1,-1,-1,-1,10,E01000827,0,3
2025461605913,2025,461605913,2,9,0,-1,2,0,0,-1,0,0,1,0,0,0,2,1,-1,6,-1,-1,-1,-1,-1,-1,-1,-1,-1,0,-1
2025461606119,2025,461606119,1,9,0,-1,19,1,5,-1,0,0,0,0,0,0,1,2,-1,6,2,41,7,-1,-1,-1,-1,3,E01024742,0,2
2025461606130,2025,461606130,1,9,0,-1,9,3,5,-1,0,8,0,0,0,0,1,1,-1,9,2,56,9,-1,-1,-1,-1,10,E01024853,0,2
2025461606130,2025,461606130,2,3,0,-1,19,3,7,-1,0,8,0,0,0,0,4,1,-1,9,1,69,10,-1,-1,-1,-1,10,E01021159,0,3
2025461606337,2025,461606337,1,19,0,-1,19,8,5,-1,0,0,0,0,0,0,1,1,-1,6,1,58,9,-1,-1,-1,-1,10,E01028613,0,5
2025461606351,2025,461606351,1,97,0,-1,13,8,6,-1,0,1,0,0,0,0,1,1,-1,6,1,32,6,-1,-1,-1,-1,2,E01023973,0,1
2025461606351,2025,461606351,2,9,0,-1,9,8,4,-1,0,1,0,0,0,0,3,1,-1,9,2,37,7,-1,-1,-1,-1,2,E01023973,0,1
2025461606363,2025,461606363,1,19,-1,-1,19,-1,-1,-1,9,-1,-1,-1,-1,0,-1,9,-1,6,1,57,9,-1,-1,-1,-1,5,E01024537,0,4
2025461606367,2025,461606367,1,9,0,-1,19,3,7,-1,0,0,0,0,0,0,-1,9,-1,6,2,45,7,-1,-1,-1,-1,3,E01016042,0,2
2025461606367,2025,461606367,2,9,0,-1,19,3,7,-1,0,0,0,0,0,0,2,9,-1,6,1,49,8,-1,-1,-1,-1,6,E01016080,0,2
2025461606367,2025,461606367,3,9,0,-1,14,3,7,-1,0,0,0,0,0,0,1,9,-1,9,1,38,7,-1,-1,-1,-1,8,E01033728,0,4
2025461606454,2025,461606454,1,19,0,-1,19,1,5,-1,0,0,0,0,0,0,4,9,-1,9,3,-1,-1,-1,-1,-1,-1,-1,-1,0,-1
2025461606475,2025,461606475,1,9,0,-1,9,7,3,-1,0,5,0,0,0,0,1,1,-1,2,1,51,8,-1,-1,-1,-1,8,E01024779,0,1
2025461606475,2025,461606475,2,9,0,-1,19,3,7,-1,0,8,0,0,0,0,1,1,-1,2,1,59,9,-1,-1,-1,-1,7,E01024459,0,3
2025461606592,2025,461606592,3,9,0,-1,19,6,2,-1,0,0,0,0,0,0,2,1,-1,9,1,20,4,-1,-1,-1,-1,3,E01004023,0,4
2025461606592,2025,461606592,1,9,0,-1,19,6,2,-1,0,0,0,0,0,0,1,1,-1,9,2,20,4,-1,-1,-1,-1,5,E01024749,0,4
2025461606592,2025,461606592,2,9,0,-1,19,6,2,-1,0,0,0,0,0,0,1,1,-1,9,1,31,6,-1,-1,-1,-1,5,E01024118,0,1
2025461606592,2025,461606592,4,9,0,-1,19,6,2,-1,0,0,0,0,0,0,2,1,-1,9,1,54,8,-1,-1,-1,-1,2,E01002843,0,4
2025461606707,2025,461606707,3,19,0,-1,19,7,6,-1,0,0,0,0,0,0,2,1,-1,1,1,26,6,-1,-1,-1,-1,1,E01016023,0,3
2025461606707,2025,461606707,1,19,0,-1,19,7,5,-1,0,0,0,0,0,0,1,1,-1,1,1,21,5,-1,-1,-1,-1,10,E01032155,0,5
2025461606707,2025,461606707,2,9,0,-1,19,7,5,-1,0,0,0,0,0,0,2,1,-1,6,1,32,6,-1,-1,-1,-1,2,E01034149,0,4
2025461606726,2025,461606726,1,9,0,-1,9,1,4,-1,0,1,0,0,0,0,1,1,-1,2,2,19,4,-1,-1,-1,-1,7,E01024430,0,1
2025461606726,2025,461606726,2,9,0,-1,19,7,4,-1,0,1,0,0,0,0,1,1,-1,2,1,30,6,-1,-1,-1,-1,10,E01024850,0,2
2025461606737,2025,461606737,2,9,0,-1,19,2,4,-1,0,1,0,0,0,0,1,1,-1,9,1,78,11,-1,-1,-1,-1,5,E01024512,0,1
2025461606737,2025,461606737,1,9,0,-1,9,4,2,-1,0,1,0,0,0,0,1,1,-1,9,1,21,5,-1,-1,-1,-1,2,E01024500,0,1
2025461606739,2025,461606739,3,9,0,-1,2,0,0,-1,0,1,0,0,0,0,2,1,-1,6,-1,-1,-1,-1,-1,-1,-1,-1,-1,0,-1
2025461606739,2025,461606739,1,9,0,-1,19,5,1,-1,0,8,0,4,0,0,1,1,-1,9,2,70,10,-1,-1,-1,-1,1,E01024496,0,1
2025461606739,2025,461606739,2,9,0,-1,2,0,0,-1,0,1,0,4,0,0,3,1,-1,6,-1,-1,-1,-1,-1,-1,-1,-1,-1,0,-1
2025461606757,2025,461606757,1,9,0,-1,19,2,6,-1,0,0,1,0,1,0,0,1,-1,9,1,22,5,-1,-1,-1,-1,9,E01024431,0,3
2025461606757,2025,461606757,2,9,0,-1,19,4,8,-1,0,0,2,0,1,0,1,1,-1,2,1,34,6,-1,-1,-1,-1,8,E01024762,0,2