collision_index,collision_year,collision_ref_no,vehicle_reference,vehicle_type,towing_and_articulation,vehicle_manoeuvre_historic,vehicle_manoeuvre,vehicle_direction_from,vehicle_direction_to,vehicle_location_restricted_lane_historic,vehicle_location_restricted_lane,junction_location,skidding_and_overturning,hit_object_in_carriageway,vehicle_leaving_carriageway,hit_object_off_carriageway,first_point_of_impact,vehicle_left_hand_drive,journey_purpose_of_driver_historic,journey_purpose_of_driver,sex_of_driver,age_of_driver,age_band_of_driver,engine_capacity_cc,propulsion_code,age_of_vehicle,generic_make_model,driver_imd_decile,lsoa_of_driver,escooter_flag,driver_distance_banding
2025471543561,2025,471543561,8,9,0,-1,2,0,0,-1,0,0,0,0,0,0,3,1,-1,6,-1,-1,-1,-1,-1,-1,-1,-1,-1,0,-1
2025471543561,2025,471543561,7,9,0,-1,2,0,0,-1,0,0,0,0,0,0,4,1,-1,6,-1,-1,-1,-1,-1,-1,-1,-1,-1,0,-1
2025471543561,2025,471543561,3,9,0,-1,2,0,0,-1,0,0,0,0,0,0,4,1,-1,6,-1,-1,-1,-1,-1,-1,-1,-1,-1,0,-1
2025471543561,2025,471543561,1,9,0,-1,-1,-1,-1,-1,-1,0,-1,-1,-1,0,-1,1,-1,6,1,20,4,-1,-1,-1,-1,3,E01020937,0,4
2025471543679,2025,471543679,1,1,0,-1,19,3,7,-1,0,1,5,0,0,0,1,1,-1,6,1,26,6,-1,-1,-1,-1,2,E01016941,0,1
2025471543750,2025,471543750,1,3,0,-1,19,3,7,-1,0,0,0,10,0,0,1,1,-1,6,1,20,4,-1,-1,-1,-1,3,E01033328,0,4
2025471543750,2025,471543750,2,9,0,-1,13,3,7,-1,0,0,0,0,0,0,0,9,-1,6,3,-1,-1,-1,-1,-1,-1,-1,-1,0,-1
2025471543954,2025,471543954,2,1,-1,-1,19,4,8,-1,0,2,0,0,0,0,1,1,-1,6,1,-1,-1,-1,-1,-1,-1,-1,-1,0,-1
2025471543954,2025,471543954,1,9,0,-1,19,3,1,-1,0,2,0,0,0,0,3,1,-1,6,1,82,11,-1,-1,-1,-1,5,E01021211,0,1
2025471543970,2025,471543970,1,9,0,-1,9,4,1,-1,0,0,0,0,0,0,3,1,-1,2,2,24,5,-1,-1,-1,-1,8,E01031466,0,1
2025471543970,2025,471543970,2,9,0,-1,19,1,5,-1,0,0,0,0,0,0,4,1,-1,2,2,35,6,-1,-1,-1,-1,5,E01031472,0,1
2025471544030,2025,471544030,1,9,0,-1,19,1,5,-1,0,0,0,0,0,0,1,1,-1,6,2,74,10,-1,-1,-1,-1,7,E01016883,0,1
2025471544140,2025,471544140,1,9,0,-1,19,8,4,-1,0,0,2,0,1,4,1,9,-1,6,1,27,6,-1,-1,-1,-1,3,E01021090,0,2
2025471544147,2025,471544147,1,9,0,-1,19,3,7,-1,0,0,0,0,0,0,1,9,-1,6,1,56,9,-1,-1,-1,-1,4,E01021004,0,1
2025471544147,2025,471544147,2,9,0,-1,3,3,7,-1,0,0,0,0,0,0,2,9,-1,6,2,38,7,-1,-1,-1,-1,5,E01021100,0,2
2025471544148,2025,471544148,1,9,0,-1,9,4,1,-1,0,2,0,0,0,0,0,1,-1,9,1,33,6,-1,-1,-1,-1,7,E01020988,0,1
2025471544148,2025,471544148,2,5,0,-1,19,5,1,-1,0,1,0,0,0,0,4,1,-1,9,1,59,9,-1,-1,-1,-1,4,E01021013,0,1
2025471544160,2025,471544160,1,9,0,-1,19,3,7,-1,0,1,0,0,0,0,1,1,-1,2,1,39,7,-1,-1,-1,-1,2,E01016914,0,1
2025471544160,2025,471544160,2,9,0,-1,19,7,3,-1,0,1,0,0,0,0,2,1,-1,2,2,36,7,-1,-1,-1,-1,6,E01031408,0,4
2025471544207,2025,471544207,2,1,0,-1,3,4,8,-1,9,1,0,0,0,0,2,1,-1,6,1,13,3,-1,-1,-1,-1,8,E01031701,0,1
2025471544207,2025,471544207,1,9,0,-1,7,4,6,-1,0,1,0,0,0,0,4,9,-1,6,1,54,8,-1,-1,-1,-1,6,E01031705,0,1
2025471544211,2025,471544211,3,9,0,-1,19,3,7,-1,0,0,0,0,0,0,2,1,-1,1,1,-1,-1,-1,-1,-1,-1,6,E01031574,0,4
2025471544211,2025,471544211,2,9,0,-1,4,3,7,-1,0,0,0,0,0,0,2,1,-1,9,1,41,7,-1,-1,-1,-1,8,E01016979,0,1
2025471544211,2025,471544211,1,9,0,-1,19,3,7,-1,0,0,0,0,0,0,1,1,-1,6,2,36,7,-1,-1,-1,-1,3,E01017007,0,2
2025471544212,2025,471544212,1,9,0,-1,19,5,2,-1,0,0,0,0,1,9,1,1,-1,9,1,18,4,-1,-1,-1,-1,6,E01021198,0,2
2025471544230,2025,471544230,1,9,0,-1,9,7,3,-1,0,3,0,0,0,0,3,1,-1,6,2,45,7,-1,-1,-1,-1,7,E01030927,0,4
2025471544230,2025,471544230,2,20,0,-1,15,3,7,-1,0,3,1,99,3,0,4,1,-1,6,3,-1,-1,-1,-1,-1,-1,-1,-1,0,-1
2025471544262,2025,471544262,1,98,0,-1,19,6,2,-1,0,0,0,7,0,0,1,1,-1,6,2,40,7,-1,-1,-1,-1,7,E01031471,0,1
2025471544328,2025,471544328,1,9,0,-1,19,7,3,-1,0,0,1,0,2,0,1,1,-1,6,1,23,5,-1,-1,-1,-1,6,E01031407,0,4
2025471544503,2025,471544503,1,19,0,-1,19,4,8,-1,0,0,0,0,1,4,1,1,-1,2,2,51,8,-1,-1,-1,-1,5,E01031507,0,1
2025471544517,2025,471544517,1,8,0,-1,5,6,2,-1,0,0,0,0,0,0,-1,9,-1,1,1,-1,-1,-1,-1,-1,-1,-1,-1,0,-1
2025471544602,2025,471544602,1,9,0,-1,19,8,2,-1,0,0,1,0,2,4,1,1,-1,6,1,22,5,-1,-1,-1,-1,4,E01034156,0,4
2025471544612,2025,471544612,1,19,0,-1,19,7,3,-1,0,0,2,0,0,0,3,1,-1,1,1,58,9,-1,-1,-1,-1,7,E01024274,0,4
2025471544622,2025,471544622,1,9,0,-1,19,7,3,-1,0,0,0,0,0,0,1,1,-1,2,1,45,7,-1,-1,-1,-1,9,E01031413,0,3
2025471544622,2025,471544622,2,9,0,-1,19,7,3,-1,0,0,0,0,0,0,1,1,-1,2,2,36,7,-1,-1,-1,-1,2,E01034827,0,3
2025471544649,2025,471544649,1,97,0,-1,19,1,4,-1,0,1,0,0,0,0,4,1,-1,2,1,29,6,-1,-1,-1,-1,5,E01021087,0,1
2025471544660,2025,471544660,2,9,0,-1,4,5,1,-1,0,1,0,0,0,0,2,1,-1,6,1,25,5,-1,-1,-1,-1,5,E01031472,0,1
2025471544660,2025,471544660,1,9,0,-1,4,5,1,-1,0,1,0,0,0,0,1,1,-1,6,1,22,5,-1,-1,-1,-1,9,E01031395,0,1
2025471544733,2025,471544733,2,98,0,-1,19,3,7,-1,0,8,0,0,0,0,1,1,-1,2,1,44,7,-1,-1,-1,-1,10,E01031822,0,1
2025471544733,2025,471544733,1,9,0,-1,9,5,3,-1,0,6,0,0,0,0,3,1,-1,2,2,41,7,-1,-1,-1,-1,4,E01031785,0,1
2025471544895,2025,471544895,3,9,0,-1,10,1,7,-1,0,1,0,0,0,0,0,1,-1,1,2,23,5,-1,-1,-1,-1,10,E01031340,0,4
2025471544895,2025,471544895,2,9,0,-1,19,5,1,-1,0,1,0,0,0,0,1,1,-1,6,2,67,10,-1,-1,-1,-1,10,E01031666,0,4
2025471544895,2025,471544895,1,9,0,-1,19,1,5,-1,0,1,0,0,0,0,1,1,-1,6,2,79,11,-1,-1,-1,-1,5,E01031515,0,1
2025471544920,2025,471544920,2,9,0,-1,19,3,7,-1,0,0,0,0,0,0,3,1,-1,9,1,82,11,-1,-1,-1,-1,8,E01031840,0,1
2025471544920,2025,471544920,1,9,0,-1,19,7,3,-1,0,0,0,0,7,3,1,1,-1,9,1,44,7,-1,-1,-1,-1,10,E01031800,0,1
2025471544977,2025,471544977,2,9,0,-1,4,3,7,-1,0,0,0,0,0,0,0,9,-1,6,2,37,7,-1,-1,-1,-1,3,E01031657,0,1
2025471544977,2025,471544977,1,9,0,-1,19,3,7,-1,0,0,0,0,1,0,4,9,-1,6,2,33,6,-1,-1,-1,-1,8,E01031679,0,1
2025471544977,2025,471544977,3,9,0,-1,2,0,0,-1,0,0,0,0,0,0,0,9,-1,6,-1,-1,-1,-1,-1,-1,-1,-1,-1,0,-1
2025471545002,2025,471545002,1,98,0,-1,9,3,1,-1,9,2,0,0,0,0,3,2,-1,1,1,27,6,-1,-1,-1,-1,1,E01001210,0,4
2025471545015,2025,471545015,1,3,0,-1,19,-1,-1,-1,0,0,1,0,0,0,1,1,-1,6,1,-1,-1,-1,-1,-1,-1,2,E01016993,0,1
2025471545085,2025,471545085,1,19,0,-1,19,4,7,-1,0,0,1,0,7,0,1,1,-1,1,1,22,5,-1,-1,-1,-1,5,E01002549,0,4
2025471545085,2025,471545085,3,9,0,-1,9,4,1,-1,0,0,0,0,0,0,0,9,-1,6,3,-1,-1,-1,-1,-1,-1,-1,-1,0,-1
2025471545085,2025,471545085,2,9,0,-1,19,7,4,-1,0,0,0,0,0,0,1,1,-1,6,1,45,7,-1,-1,-1,-1,5,E01031472,0,1
2025471545110,2025,471545110,1,9,0,-1,19,5,1,-1,0,0,0,6,0,0,1,1,-1,1,1,90,11,-1,-1,-1,-1,9,E01031612,0,1
2025471545110,2025,471545110,2,9,0,-1,19,1,5,-1,0,0,0,0,0,0,3,1,-1,9,2,64,9,-1,-1,-1,-1,9,E01029207,0,5
2025471545143,2025,471545143,1,9,0,-1,19,7,3,-1,0,8,1,0,1,10,1,9,-1,6,2,21,5,-1,-1,-1,-1,7,E01031462,0,1
2025471545197,2025,471545197,1,8,0,-1,19,3,7,-1,0,1,0,0,0,0,1,1,-1,1,1,41,7,-1,-1,-1,-1,2,E01020917,0,1
2025471545460,2025,471545460,1,9,0,-1,19,2,6,-1,0,1,0,0,0,0,1,1,-1,2,1,31,6,-1,-1,-1,-1,6,E01031663,0,1
2025471545460,2025,471545460,2,9,0,-1,9,6,3,-1,0,1,0,0,0,0,1,1,-1,7,2,18,4,-1,-1,-1,-1,8,E01034820,0,3
2025471545525,2025,471545525,2,9,0,-1,19,1,5,-1,0,1,0,0,0,0,3,1,-1,6,2,57,9,-1,-1,-1,-1,9,E01017003,0,1
2025471545525,2025,471545525,1,9,0,-1,9,7,3,-1,0,6,0,0,0,0,1,1,-1,9,2,36,7,-1,-1,-1,-1,8,E01016929,0,1
2025471545533,2025,471545533,1,90,0,-1,19,2,4,-1,0,0,0,0,0,0,1,1,-1,9,1,25,5,-1,-1,-1,-1,3,E01021044,0,1
2025471545533,2025,471545533,2,9,0,-1,3,5,1,-1,0,0,0,0,0,0,2,1,-1,9,2,41,7,-1,-1,-1,-1,7,E01021146,0,4
2025471545549,2025,471545549,1,9,0,-1,7,3,6,-1,0,6,0,0,0,0,4,1,-1,7,2,37,7,-1,-1,-1,-1,2,E01016906,0,1
2025471545553,2025,471545553,1,9,0,-1,19,7,2,-1,0,2,0,0,7,2,1,1,-1,9,2,74,10,-1,-1,-1,-1,6,E01021199,0,1
2025471545564,2025,471545564,2,9,0,-1,19,7,3,-1,0,1,0,0,0,0,1,1,-1,6,1,82,11,-1,-1,-1,-1,7,E01020970,0,2
2025471545564,2025,471545564,1,9,0,-1,9,3,2,-1,0,1,1,7,0,0,3,1,-1,9,1,20,4,-1,-1,-1,-1,6,E01024410,0,4
2025471545690,2025,471545690,2,1,0,-1,19,5,1,-1,0,0,0,0,0,0,3,1,-1,6,1,17,4,-1,-1,-1,-1,2,E01020917,0,1
2025471545690,2025,471545690,1,9,0,-1,19,3,7,-1,0,0,0,0,0,0,1,1,-1,2,1,29,6,-1,-1,-1,-1,6,E01034305,0,1
2025471545701,2025,471545701,1,9,0,-1,9,1,3,-1,0,1,0,0,1,0,1,1,-1,1,2,41,7,-1,-1,-1,-1,6,E01016996,0,1
2025471545701,2025,471545701,2,9,0,-1,5,7,3,-1,0,1,0,0,1,0,1,1,-1,9,1,55,8,-1,-1,-1,-1,2,E01016964,0,1
2025471545704,2025,471545704,1,3,0,-1,19,-1,-1,-1,0,9,2,0,1,0,4,1,-1,2,1,22,5,-1,-1,-1,-1,1,E01016867,0,1
2025471545836,2025,471545836,1,9,0,-1,19,1,5,-1,0,0,0,0,0,0,1,1,-1,9,2,76,11,-1,-1,-1,-1,10,E01031425,0,1
2025471545836,2025,471545836,2,1,0,-1,19,5,1,-1,0,0,0,0,0,0,1,1,-1,2,1,64,9,-1,-1,-1,-1,7,E01031423,0,1
2025471545843,2025,471545843,1,9,0,-1,19,1,5,-1,0,0,0,4,1,0,1,1,-1,9,1,36,7,-1,-1,-1,-1,3,E01020971,0,2
2025471545843,2025,471545843,2,9,0,-1,2,0,0,-1,0,0,0,0,0,0,1,1,-1,6,-1,-1,-1,-1,-1,-1,-1,-1,-1,0,-1
2025471545845,2025,471545845,2,1,0,-1,9,5,3,-1,0,8,5,0,0,0,3,1,-1,6,1,39,7,-1,-1,-1,-1,9,E01016980,0,1
2025471545845,2025,471545845,1,9,0,-1,10,3,1,-1,0,6,0,0,0,0,1,1,-1,6,3,-1,-1,-1,-1,-1,-1,-1,-1,0,-1
2025471545871,2025,471545871,1,9,0,-1,19,7,3,-1,0,0,0,0,1,10,1,1,-1,9,1,56,9,-1,-1,-1,-1,4,E01031547,0,1
2025471545872,2025,471545872,1,9,0,-1,19,5,1,-1,0,2,0,0,0,0,1,1,-1,7,2,47,8,-1,-1,-1,-1,3,E01021122,0,1
2025471545950,2025,471545950,3,9,0,-1,2,0,0,-1,0,0,0,0,0,0,2,1,-1,6,-1,-1,-1,-1,-1,-1,-1,-1,-1,0,-1
2025471545950,2025,471545950,1,9,0,-1,19,4,8,-1,0,0,0,0,0,0,1,1,-1,9,1,58,9,-1,-1,-1,-1,2,E01024390,0,4
2025471545950,2025,471545950,2,9,0,-1,2,0,0,-1,0,0,0,0,1,0,2,1,-1,6,-1,-1,-1,-1,-1,-1,-1,-1,-1,0,-1
2025471545965,2025,471545965,2,9,0,-1,5,7,4,-1,0,1,0,0,0,0,1,1,-1,9,2,54,8,-1,-1,-1,-1,7,E01031661,0,2
2025471545965,2025,471545965,1,9,0,-1,19,4,1,-1,0,8,0,0,0,0,4,1,-1,7,2,35,6,-1,-1,-1,-1,6,E01035345,0,1
2025471545972,2025,471545972,2,9,0,-1,19,1,5,-1,0,0,0,0,0,0,2,1,-1,9,1,40,7,-1,-1,-1,-1,9,E01031582,0,2
2025471545972,2025,471545972,1,9,0,-1,19,1,5,-1,0,0,0,0,0,0,1,1,-1,9,1,30,6,-1,-1,-1,-1,4,E01031575,0,1
2025471545978,2025,471545978,1,9,0,-1,19,2,6,-1,0,0,0,0,1,4,1,1,-1,9,2,25,5,-1,-1,-1,-1,9,E01031693,0,1
2025471546126,2025,471546126,2,9,0,-1,19,2,6,-1,0,0,1,0,0,0,1,1,-1,9,2,34,6,-1,-1,-1,-1,5,E01034303,0,1
2025471546126,2025,471546126,1,98,0,-1,19,6,2,-1,0,0,0,0,0,0,3,1,-1,6,1,66,10,-1,-1,-1,-1,6,E01031656,0,4
2025471546149,2025,471546149,1,9,0,-1,19,7,5,-1,0,0,0,0,0,0,4,1,-1,6,3,-1,-1,-1,-1,-1,-1,-1,-1,0,-1
2025471546150,2025,471546150,1,9,0,-1,19,1,5,-1,0,0,0,0,0,0,1,1,-1,9,1,40,7,-1,-1,-1,-1,10,E01031725,0,1
2025471546150,2025,471546150,2,9,0,-1,9,1,5,-1,0,0,0,0,0,0,3,1,-1,9,2,42,7,-1,-1,-1,-1,6,E01031656,0,3
2025471546151,2025,471546151,1,9,0,-1,9,5,3,-1,0,0,0,0,0,0,2,9,-1,6,1,-1,-1,-1,-1,-1,-1,-1,-1,0,-1
2025471546151,2025,471546151,2,9,0,-1,19,5,1,-1,0,0,0,0,0,0,1,9,-1,6,1,35,6,-1,-1,-1,-1,10,E01031703,0,1
2025471546206,2025,471546206,2,19,0,-1,19,3,7,-1,0,0,0,0,0,0,3,9,-1,6,3,-1,-1,-1,-1,-1,-1,-1,-1,0,-1
2025471546206,2025,471546206,1,9,0,-1,19,7,3,-1,0,0,0,0,8,4,1,1,-1,9,1,39,7,-1,-1,-1,-1,5,E01031507,0,1
2025471546251,2025,471546251,1,19,0,-1,9,7,5,-1,0,6,0,0,0,0,-1,1,-1,6,1,-1,-1,-1,-1,-1,-1,3,E01031400,0,1
2025471546251,2025,471546251,2,9,0,-1,19,1,5,-1,0,1,0,0,0,0,1,9,-1,6,3,-1,-1,-1,-1,-1,-1,-1,-1,0,-1
2025471546283,2025,471546283,1,9,0,-1,11,5,1,-1,0,0,0,0,0,0,0,1,-1,6,-1,-1,-1,-1,-1,-1,-1,-1,-1,0,-1
2025471546283,2025,471546283,2,11,0,-1,19,5,1,-1,0,0,0,0,0,0,1,1,-1,9,1,35,6,-1,-1,-1,-1,4,E01006457,0,5
2025471546305,2025,471546305,1,9,0,-1,19,8,4,-1,0,1,0,0,0,0,1,9,-1,6,2,20,4,-1,-1,-1,-1,5,E01031570,0,1
2025471546305,2025,471546305,2,9,0,-1,9,4,2,-1,0,1,0,0,0,0,1,9,-1,6,1,38,7,-1,-1,-1,-1,4,E01031569,0,1
2025471546409,2025,471546409,1,9,0,-1,19,8,4,-1,0,0,0,0,0,0,4,1,-1,9,2,57,9,-1,-1,-1,-1,4,E01016902,0,1
2025471546409,2025,471546409,2,3,0,-1,7,6,8,-1,0,0,0,0,0,0,1,1,-1,1,1,37,7,-1,-1,-1,-1,7,E01016899,0,1
2025471546421,2025,471546421,1,9,0,-1,19,5,1,-1,0,0,1,4,0,0,4,9,-1,6,1,25,5,-1,-1,-1,-1,5,E01034302,0,2
2025471546421,2025,471546421,2,9,0,-1,2,0,0,-1,0,0,0,0,0,0,3,1,-1,1,1,43,7,-1,-1,-1,-1,2,E01021178,0,2
2025471546755,2025,471546755,2,9,0,-1,19,1,5,-1,0,4,0,0,0,0,1,1,-1,6,2,45,7,-1,-1,-1,-1,9,E01032837,0,1
2025471546755,2025,471546755,1,1,0,-1,19,6,3,-1,0,8,0,10,1,0,4,1,-1,6,1,49,8,-1,-1,-1,-1,10,E01031773,0,1
2025471546888,2025,471546888,1,9,0,-1,19,2,6,-1,0,1,0,0,0,0,1,1,-1,1,1,50,8,-1,-1,-1,-1,7,E01021025,0,2
2025471546888,2025,471546888,2,9,0,-1,19,6,2,-1,0,2,0,0,0,0,1,1,-1,9,2,55,8,-1,-1,-1,-1,8,E01021221,0,1
2025471547022,2025,471547022,3,9,0,-1,7,5,7,-1,0,6,0,0,0,0,1,1,-1,9,1,29,6,-1,-1,-1,-1,5,E01031611,0,1
2025471547022,2025,471547022,1,9,0,-1,9,1,5,-1,0,8,0,0,0,0,1,1,-1,9,1,86,11,-1,-1,-1,-1,10,E01031681,0,1
2025471547022,2025,471547022,2,9,0,-1,19,7,3,-1,0,8,0,0,0,0,4,1,-1,9,1,66,10,-1,-1,-1,-1,10,E01031678,0,1
2025471547076,2025,471547076,1,3,0,-1,19,7,3,-1,0,1,0,0,0,0,1,1,-1,2,1,35,6,-1,-1,-1,-1,3,E01016921,0,1
2025471547231,2025,471547231,1,11,0,-1,19,7,3,-1,0,1,0,0,0,0,0,1,-1,9,1,54,8,-1,-1,-1,-1,3,E01016873,0,1
2025471547258,2025,471547258,1,9,0,-1,19,2,6,-1,0,3,0,0,0,0,3,1,-1,2,2,51,8,-1,-1,-1,-1,3,E01031482,0,1
2025471547258,2025,471547258,2,11,0,-1,19,2,6,-1,0,3,0,0,0,0,4,1,-1,6,2,54,8,-1,-1,-1,-1,3,E01034067,0,3
2025471547374,2025,471547374,2,1,0,-1,19,2,6,-1,0,0,0,0,0,0,2,1,-1,2,1,60,9,-1,-1,-1,-1,7,E01031560,0,1
2025471547374,2025,471547374,1,19,0,-1,19,8,4,-1,0,0,0,0,0,0,1,1,-1,6,1,75,10,-1,-1,-1,-1,9,E01021156,0,4
2025471547437,2025,471547437,3,9,0,-1,2,0,0,-1,0,8,0,0,0,0,3,1,-1,6,3,-1,-1,-1,-1,-1,-1,-1,-1,0,-1
2025471547437,2025,471547437,2,9,0,-1,19,1,5,-1,0,8,0,0,0,0,4,1,-1,6,2,20,4,-1,-1,-1,-1,8,E01034820,0,1
2025471547437,2025,471547437,1,9,0,-1,19,3,7,-1,0,6,0,0,0,0,1,1,-1,6,1,52,8,-1,-1,-1,-1,1,E01031404,0,3
2025471547461,2025,471547461,1,9,0,-1,19,3,7,-1,0,0,0,0,0,0,-1,1,-1,6,2,33,6,-1,-1,-1,-1,5,E01016884,0,2
2025471547461,2025,471547461,2,9,0,-1,19,3,7,-1,0,0,0,0,0,0,-1,1,-1,6,3,-1,-1,-1,-1,-1,-1,-1,-1,0,-1
2025471547477,2025,471547477,2,9,0,-1,19,6,2,-1,0,8,0,0,1,1,1,1,-1,9,2,60,9,-1,-1,-1,-1,4,E01031426,0,2
2025471547477,2025,471547477,1,9,0,-1,19,4,8,-1,0,8,0,0,7,1,1,1,-1,6,1,67,10,-1,-1,-1,-1,5,E01031687,0,2
2025471547519,2025,471547519,2,9,0,-1,1,7,4,-1,0,0,0,0,0,0,2,1,-1,9,1,17,4,-1,-1,-1,-1,5,E01021113,0,1
2025471547519,2025,471547519,1,9,0,-1,19,3,7,-1,0,0,0,0,0,0,3,1,-1,9,1,54,8,-1,-1,-1,-1,1,E01021135,0,1
2025471547533,2025,471547533,1,9,0,-1,19,2,6,-1,0,0,0,0,0,0,1,1,-1,9,2,70,10,-1,-1,-1,-1,1,E01031427,0,4
2025471547558,2025,471547558,1,9,0,-1,2,0,0,-1,0,0,0,0,0,0,2,1,-1,6,-1,-1,-1,-1,-1,-1,-1,-1,-1,0,-1
2025471547558,2025,471547558,2,9,0,-1,19,6,2,-1,0,0,0,0,0,0,1,1,-1,6,2,31,6,-1,-1,-1,-1,4,E01020965,0,1
2025471547765,2025,471547765,1,98,0,-1,19,3,7,-1,0,0,0,0,7,0,1,1,-1,6,1,42,7,-1,-1,-1,-1,1,E01020992,0,2
2025471547927,2025,471547927,1,9,0,-1,19,6,2,-1,0,0,1,0,0,0,1,1,-1,2,1,35,6,-1,-1,-1,-1,5,E01031472,0,1
2025471547927,2025,471547927,2,9,0,-1,19,6,2,-1,0,0,0,0,0,0,2,1,-1,9,1,45,7,-1,-1,-1,-1,3,E01031400,0,1
2025471548064,2025,471548064,1,8,0,-1,3,2,6,-1,0,0,0,99,0,0,2,1,-1,1,1,46,8,-1,-1,-1,-1,9,E01031589,0,1
2025471548064,2025,471548064,2,9,0,-1,19,2,6,-1,0,0,0,0,0,0,1,9,-1,6,3,-1,-1,-1,-1,-1,-1,-1,-1,0,-1
2025471548082,2025,471548082,1,9,0,-1,19,4,8,-1,0,2,1,10,1,11,4,1,-1,6,1,-1,-1,-1,-1,-1,-1,-1,-1,0,-1
2025471548102,2025,471548102,2,9,0,-1,19,7,3,-1,0,8,0,0,0,0,2,1,-1,1,1,32,6,-1,-1,-1,-1,1,E01020992,0,4
2025471548102,2025,471548102,1,19,0,-1,19,7,3,-1,0,1,0,0,0,0,1,1,-1,1,1,21,5,-1,-1,-1,-1,8,E01020954,0,1
2025471548102,2025,471548102,3,9,0,-1,19,7,3,-1,0,8,0,0,0,0,2,1,-1,2,2,31,6,-1,-1,-1,-1,2,E01020925,0,1
2025471548140,2025,471548140,1,9,0,-1,2,0,0,-1,0,0,0,0,0,0,1,1,-1,6,-1,-1,-1,-1,-1,-1,-1,-1,-1,0,-1
2025471548140,2025,471548140,2,9,0,-1,19,1,5,-1,0,0,0,4,0,0,1,1,-1,2,2,57,9,-1,-1,-1,-1,1,E01016867,0,1
2025471548161,2025,471548161,1,9,0,-1,9,6,4,-1,0,8,0,0,0,0,1,1,-1,9,1,44,7,-1,-1,-1,-1,6,E01031673,0,1
2025471548178,2025,471548178,1,9,0,-1,19,6,2,-1,0,0,1,0,1,1,1,1,-1,6,1,28,6,-1,-1,-1,-1,6,E01035333,0,3
2025471548276,2025,471548276,1,3,0,-1,4,8,4,-1,0,0,1,0,0,0,3,1,-1,6,1,25,5,-1,-1,-1,-1,9,E01031685,0,2
2025471548319,2025,471548319,2,9,0,-1,7,1,5,-1,0,1,0,0,0,0,1,1,-1,6,2,54,8,-1,-1,-1,-1,2,E01016941,0,1
2025471548319,2025,471548319,1,1,0,-1,19,7,3,-1,4,8,0,0,0,0,4,1,-1,2,2,61,9,-1,-1,-1,-1,6,E01016971,0,1
2025471548370,2025,471548370,1,9,0,-1,9,7,5,-1,0,2,0,0,0,0,1,1,-1,9,1,42,7,-1,-1,-1,-1,3,E01031830,0,1
2025471548379,2025,471548379,2,9,0,-1,2,0,0,-1,0,0,0,0,0,0,4,1,-1,6,3,-1,-1,-1,-1,-1,-1,-1,-1,0,-1
2025471548379,2025,471548379,1,9,0,-1,1,4,1,-1,0,0,0,0,0,0,2,1,-1,6,1,50,8,-1,-1,-1,-1,7,E01031746,0,1
2025471548430,2025,471548430,2,9,0,-1,9,4,3,-1,0,1,0,0,0,0,1,1,-1,6,2,38,7,-1,-1,-1,-1,9,E01016999,0,1
2025471548430,2025,471548430,1,1,0,-1,5,8,4,-1,0,8,0,0,0,0,1,1,-1,6,1,-1,-1,-1,-1,-1,-1,-1,-1,0,-1
2025471548487,2025,471548487,1,9,0,-1,3,7,3,-1,0,4,0,0,0,0,2,1,-1,9,2,19,4,-1,-1,-1,-1,5,E01031631,0,1
2025471548487,2025,471548487,2,9,0,-1,19,7,5,-1,0,4,0,0,0,0,1,1,-1,6,2,-1,-1,-1,-1,-1,-1,-1,-1,0,-1
2025471548507,2025,471548507,1,9,0,-1,19,3,7,-1,0,4,0,0,0,0,3,1,-1,9,1,57,9,-1,-1,-1,-1,4,E01031585,0,1
2025471548507,2025,471548507,2,97,0,-1,9,7,1,-1,0,4,0,0,0,0,1,1,-1,1,1,24,5,-1,-1,-1,-1,4,E01031596,0,1
2025471548539,2025,471548539,1,9,0,-1,19,8,4,-1,0,8,0,0,0,0,3,1,-1,9,1,76,11,-1,-1,-1,-1,3,E01020991,0,1
2025471548539,2025,471548539,2,5,0,-1,19,6,1,-1,0,1,0,0,0,0,1,1,-1,6,1,30,6,-1,-1,-1,-1,5,E01021021,0,1
2025471548582,2025,471548582,1,9,0,-1,19,3,1,-1,0,0,0,0,0,0,1,1,-1,6,1,42,7,-1,-1,-1,-1,4,E01031610,0,1
2025471548582,2025,471548582,2,9,0,-1,3,5,1,-1,0,0,0,0,0,0,2,1,-1,2,2,44,7,-1,-1,-1,-1,5,E01031551,0,1
2025471548634,2025,471548634,1,19,0,-1,19,-1,-1,-1,0,0,0,0,0,0,1,9,-1,6,1,44,7,-1,-1,-1,-1,5,E01021089,0,1
2025471548676,2025,471548676,1,9,0,-1,13,-1,-1,-1,0,0,0,0,0,0,1,1,-1,1,1,27,6,-1,-1,-1,-1,5,E01021152,0,4
2025471548676,2025,471548676,5,99,-1,-1,-1,-1,-1,-1,-1,0,-1,-1,-1,0,-1,9,-1,6,3,-1,-1,-1,-1,-1,-1,-1,-1,0,-1
2025471548676,2025,471548676,2,19,0,-1,-1,-1,-1,-1,-1,0,-1,-1,-1,0,-1,9,-1,6,1,52,8,-1,-1,-1,-1,5,E01021001,0,4
2025471548676,2025,471548676,3,9,-1,-1,-1,-1,-1,-1,-1,0,-1,-1,-1,0,1,9,-1,6,1,-1,-1,-1,-1,-1,-1,2,E01021185,0,3
2025471548676,2025,471548676,4,99,-1,-1,-1,-1,-1,-1,-1,0,-1,-1,-1,0,-1,9,-1,6,3,-1,-1,-1,-1,-1,-1,-1,-1,0,-1
2025471548739,2025,471548739,1,98,0,-1,5,5,1,-1,0,6,0,0,0,0,1,9,-1,6,1,59,9,-1,-1,-1,-1,8,E01031354,0,3