collision_index,collision_year,collision_ref_no,vehicle_reference,vehicle_type,towing_and_articulation,vehicle_manoeuvre_historic,vehicle_manoeuvre,vehicle_direction_from,vehicle_direction_to,vehicle_location_restricted_lane_historic,vehicle_location_restricted_lane,junction_location,skidding_and_overturning,hit_object_in_carriageway,vehicle_leaving_carriageway,hit_object_off_carriageway,first_point_of_impact,vehicle_left_hand_drive,journey_purpose_of_driver_historic,journey_purpose_of_driver,sex_of_driver,age_of_driver,age_band_of_driver,engine_capacity_cc,propulsion_code,age_of_vehicle,generic_make_model,driver_imd_decile,lsoa_of_driver,escooter_flag,driver_distance_banding
2025471548739,2025,471548739,2,9,0,-1,19,3,7,-1,0,1,0,0,0,0,4,1,-1,9,1,33,6,-1,-1,-1,-1,1,E01016947,0,1
2025471548778,2025,471548778,2,9,0,-1,19,7,2,-1,0,2,0,0,0,0,2,1,-1,6,2,54,8,-1,-1,-1,-1,1,E01020992,0,1
2025471548778,2025,471548778,1,9,0,-1,19,7,2,-1,0,2,0,0,0,0,1,1,-1,9,2,29,6,-1,-1,-1,-1,1,E01021020,0,1
2025471548882,2025,471548882,1,5,0,-1,13,5,1,-1,0,0,0,0,0,0,2,1,-1,9,1,62,9,-1,-1,-1,-1,9,E01031829,0,1
2025471548882,2025,471548882,2,9,0,-1,12,5,1,-1,0,0,0,0,0,0,1,1,-1,9,2,27,6,-1,-1,-1,-1,7,E01031423,0,2
2025471548887,2025,471548887,2,3,0,-1,10,2,8,-1,0,1,0,0,0,0,3,1,-1,9,1,19,4,-1,-1,-1,-1,5,E01031526,0,4
2025471548887,2025,471548887,1,9,0,-1,9,8,6,-1,0,6,0,0,0,0,1,1,-1,9,1,59,9,-1,-1,-1,-1,9,E01031717,0,4
2025471548914,2025,471548914,1,9,0,-1,9,8,4,-1,0,8,0,0,0,0,3,1,-1,6,1,37,7,-1,-1,-1,-1,5,E01031628,0,4
2025471548914,2025,471548914,2,9,0,-1,19,5,1,-1,0,1,0,0,0,0,3,1,-1,2,1,44,7,-1,-1,-1,-1,5,E01031731,0,1
2025471549106,2025,471549106,2,9,0,-1,19,7,3,-1,0,0,0,0,0,0,1,9,-1,6,1,40,7,-1,-1,-1,-1,6,E01031396,0,4
2025471549106,2025,471549106,1,9,0,-1,19,7,3,-1,0,0,0,0,0,0,2,2,-1,9,1,46,8,-1,-1,-1,-1,2,E01031456,0,4
2025471549106,2025,471549106,3,9,0,-1,19,7,3,-1,0,0,0,0,0,0,2,1,-1,6,3,-1,-1,-1,-1,-1,-1,3,E01001547,0,4
2025471549133,2025,471549133,2,1,0,-1,19,3,7,-1,0,2,0,0,0,0,1,1,-1,9,2,34,6,-1,-1,-1,-1,6,E01016874,0,3
2025471549133,2025,471549133,3,1,0,-1,19,3,7,-1,0,2,0,0,0,0,2,1,-1,9,1,38,7,-1,-1,-1,-1,3,E01016873,0,3
2025471549133,2025,471549133,1,9,0,-1,19,7,3,-1,0,1,0,0,0,0,-1,9,-1,6,3,-1,-1,-1,-1,-1,-1,-1,-1,0,-1
2025471549193,2025,471549193,1,9,0,-1,19,4,7,-1,0,0,0,0,0,0,1,1,-1,9,2,84,11,-1,-1,-1,-1,5,E01031394,0,1
2025471549193,2025,471549193,2,9,0,-1,19,4,7,-1,0,0,0,0,0,0,2,1,-1,9,2,37,7,-1,-1,-1,-1,8,E01031393,0,1
2025471549252,2025,471549252,1,9,0,-1,19,6,2,-1,0,1,0,11,0,0,1,1,-1,6,1,57,9,-1,-1,-1,-1,8,E01020931,0,1
2025471549260,2025,471549260,1,9,0,-1,5,1,5,-1,0,0,0,0,0,0,3,1,-1,9,2,43,7,-1,-1,-1,-1,5,E01031611,0,1
2025471549260,2025,471549260,2,9,0,-1,19,7,3,-1,0,0,0,0,0,0,1,1,-1,9,2,42,7,-1,-1,-1,-1,9,E01035352,0,3
2025471549263,2025,471549263,1,9,0,-1,9,7,3,-1,0,0,0,10,0,0,1,1,-1,9,1,22,5,-1,-1,-1,-1,7,E01015462,0,4
2025471549267,2025,471549267,1,98,0,-1,3,1,3,-1,0,8,0,0,0,0,1,1,-1,9,1,58,9,-1,-1,-1,-1,2,E01016978,0,4
2025471549267,2025,471549267,2,97,0,-1,3,5,3,-1,0,8,0,0,0,0,2,1,-1,2,1,35,6,-1,-1,-1,-1,6,E01031798,0,3
2025471549285,2025,471549285,1,9,0,-1,19,4,8,-1,0,0,5,0,1,4,1,1,-1,9,1,38,7,-1,-1,-1,-1,10,E01035347,0,2
2025471549296,2025,471549296,1,9,0,-1,19,7,3,-1,0,0,0,12,1,4,1,1,-1,1,1,52,8,-1,-1,-1,-1,6,E01035345,0,1
2025471549298,2025,471549298,2,9,0,-1,9,5,7,-1,0,6,0,0,0,0,1,1,-1,2,1,44,7,-1,-1,-1,-1,7,E01031837,0,1
2025471549298,2025,471549298,1,1,0,-1,19,7,3,-1,0,8,0,0,0,0,4,1,-1,1,2,46,8,-1,-1,-1,-1,7,E01031837,0,1
2025471549347,2025,471549347,1,3,0,-1,19,5,1,-1,0,1,1,0,0,0,4,1,-1,9,1,52,8,-1,-1,-1,-1,9,E01021085,0,1
2025471549361,2025,471549361,1,9,0,-1,19,7,3,-1,0,0,0,0,0,0,1,1,-1,9,1,18,4,-1,-1,-1,-1,8,E01021163,0,3
2025471549371,2025,471549371,1,9,0,-1,19,8,4,-1,0,0,1,0,7,9,1,1,-1,2,2,59,9,-1,-1,-1,-1,4,E01033729,0,4
2025471549421,2025,471549421,1,9,0,-1,19,4,8,-1,0,0,1,0,0,0,1,1,-1,9,2,28,6,-1,-1,-1,-1,4,E01031434,0,1
2025471549421,2025,471549421,2,9,0,-1,19,4,8,-1,0,0,1,0,0,0,2,1,-1,9,1,56,9,-1,-1,-1,-1,6,E01034825,0,1
2025471549479,2025,471549479,2,9,0,-1,19,5,1,-1,0,0,1,0,1,0,1,1,-1,9,2,55,8,-1,-1,-1,-1,8,E01021167,0,1
2025471549479,2025,471549479,3,9,0,-1,19,5,1,-1,0,0,1,0,7,4,1,1,-1,1,1,55,8,-1,-1,-1,-1,3,E01021057,0,4
2025471549479,2025,471549479,1,9,0,-1,19,1,5,-1,0,0,1,0,7,4,1,1,-1,2,2,31,6,-1,-1,-1,-1,8,E01021174,0,4
2025471549496,2025,471549496,1,9,0,-1,3,4,8,-1,0,1,0,7,1,10,1,1,-1,9,2,72,10,-1,-1,-1,-1,7,E01021170,0,4
2025471549570,2025,471549570,2,5,0,-1,19,6,3,-1,0,1,0,0,0,0,4,1,-1,9,1,28,6,-1,-1,-1,-1,7,E01031379,0,1
2025471549570,2025,471549570,1,9,0,-1,5,1,5,-1,0,6,0,0,0,0,3,1,-1,9,2,59,9,-1,-1,-1,-1,10,E01031681,0,4
2025471549577,2025,471549577,2,1,0,-1,19,-1,-1,-1,0,3,9,99,0,0,3,1,-1,6,1,62,9,-1,-1,-1,-1,10,E01031383,0,2
2025471549577,2025,471549577,1,9,0,-1,7,1,4,-1,0,3,0,0,0,0,3,1,-1,6,2,61,9,-1,-1,-1,-1,8,E01031439,0,1
2025471549736,2025,471549736,3,9,0,-1,4,3,7,-1,0,0,0,0,0,0,0,1,-1,1,1,33,6,-1,-1,-1,-1,7,E01031653,0,3
2025471549736,2025,471549736,2,9,0,-1,4,3,7,-1,0,0,0,0,0,0,1,1,-1,1,1,31,6,-1,-1,-1,-1,10,E01031754,0,3
2025471549736,2025,471549736,1,9,0,-1,1,3,7,-1,0,0,0,0,0,0,2,9,-1,6,3,-1,-1,-1,-1,-1,-1,-1,-1,0,-1
2025471549737,2025,471549737,2,9,0,-1,19,7,3,-1,0,1,0,0,0,0,1,9,-1,1,1,47,8,-1,-1,-1,-1,2,E01031454,0,1
2025471549737,2025,471549737,1,9,0,-1,9,3,1,-1,0,8,0,0,0,0,1,9,-1,6,1,81,11,-1,-1,-1,-1,7,E01031471,0,1
2025471549750,2025,471549750,1,8,0,-1,19,5,1,-1,0,0,0,0,0,0,3,9,-1,1,3,-1,-1,-1,-1,-1,-1,-1,-1,0,-1
2025471549775,2025,471549775,4,9,0,-1,19,6,2,-1,0,0,1,0,7,0,0,1,-1,2,2,23,5,-1,-1,-1,-1,9,E01030821,0,4
2025471549775,2025,471549775,2,9,0,-1,19,2,6,-1,0,0,0,0,0,0,1,1,-1,2,2,39,7,-1,-1,-1,-1,6,E01031697,0,3
2025471549775,2025,471549775,3,9,0,-1,4,6,2,-1,0,0,1,0,1,4,4,1,-1,2,1,23,5,-1,-1,-1,-1,1,E01016880,0,1
2025471549775,2025,471549775,1,9,0,-1,19,6,2,-1,0,0,1,0,0,0,1,1,-1,2,2,37,7,-1,-1,-1,-1,4,E01016860,0,1
2025471549966,2025,471549966,1,9,0,-1,19,1,5,-1,0,2,0,0,0,0,1,1,-1,9,2,68,10,-1,-1,-1,-1,8,E01020948,0,1
2025471549966,2025,471549966,2,1,0,-1,19,7,3,-1,0,1,0,0,0,0,4,1,-1,9,2,31,6,-1,-1,-1,-1,4,E01024694,0,5
2025471549967,2025,471549967,2,1,0,-1,15,3,7,-1,0,0,0,0,0,0,1,1,-1,1,1,28,6,-1,-1,-1,-1,3,E01016937,0,1
2025471549967,2025,471549967,1,9,0,-1,14,3,7,-1,0,0,0,0,0,0,1,1,-1,2,1,35,6,-1,-1,-1,-1,1,E01016942,0,1
2025471549984,2025,471549984,2,9,0,-1,19,1,7,-1,0,8,0,0,0,0,3,9,-1,9,2,37,7,-1,-1,-1,-1,8,E01031393,0,2
2025471549984,2025,471549984,3,9,0,-1,2,0,0,-1,9,8,0,0,0,0,1,1,-1,6,-1,-1,-1,-1,-1,-1,-1,-1,-1,0,-1
2025471549984,2025,471549984,1,9,0,-1,19,3,7,-1,0,4,0,0,0,0,1,9,-1,6,1,-1,-1,-1,-1,-1,-1,-1,-1,0,-1
2025471549994,2025,471549994,1,1,0,-1,19,4,1,-1,0,0,0,0,0,0,1,1,-1,6,1,39,7,-1,-1,-1,-1,6,E01031614,0,2
2025471549994,2025,471549994,2,2,0,-1,19,4,1,-1,0,0,0,0,0,0,1,1,-1,6,2,-1,-1,-1,-1,-1,-1,-1,-1,0,-1
2025471550023,2025,471550023,1,9,0,-1,19,1,5,-1,0,8,5,4,0,0,1,1,-1,9,1,78,11,-1,-1,-1,-1,4,E01031599,0,1
2025471550023,2025,471550023,2,9,0,-1,2,0,0,-1,0,8,0,0,0,0,3,1,-1,6,-1,-1,-1,-1,-1,-1,-1,-1,-1,0,-1
2025471550150,2025,471550150,2,98,0,-1,7,2,4,-1,0,2,0,0,0,0,1,1,-1,1,1,38,7,-1,-1,-1,-1,4,E01016902,0,1
2025471550150,2025,471550150,1,9,0,-1,19,4,8,-1,0,1,0,0,0,0,4,1,-1,2,2,47,8,-1,-1,-1,-1,2,E01016905,0,1
2025471550232,2025,471550232,1,9,0,-1,1,-1,-1,-1,0,1,0,0,0,0,2,9,-1,6,1,36,7,-1,-1,-1,-1,4,E01031610,0,3
2025471550244,2025,471550244,1,19,0,-1,7,3,5,-1,0,8,0,0,0,0,4,1,-1,9,1,56,9,-1,-1,-1,-1,1,E01016865,0,1
2025471550244,2025,471550244,2,1,0,-1,19,3,7,-1,4,8,0,0,1,0,1,1,-1,9,2,45,7,-1,-1,-1,-1,9,E01016875,0,1
2025471550259,2025,471550259,1,9,0,-1,7,7,1,-1,0,6,0,0,0,0,1,9,-1,6,3,-1,-1,-1,-1,-1,-1,-1,-1,0,-1
2025471550259,2025,471550259,2,1,0,-1,19,5,1,-1,0,8,0,0,0,0,4,1,-1,6,1,21,5,-1,-1,-1,-1,6,E01016994,0,1
2025471550271,2025,471550271,2,2,0,-1,19,7,3,-1,0,1,1,0,0,0,3,1,-1,6,1,16,4,-1,-1,-1,-1,8,E01031633,0,2
2025471550271,2025,471550271,1,9,0,-1,10,1,5,-1,0,1,0,0,0,0,0,2,-1,2,2,43,7,-1,-1,-1,-1,10,E01031768,0,3
2025471550319,2025,471550319,2,9,0,-1,19,7,3,-1,0,8,0,0,0,0,1,1,-1,1,2,51,8,-1,-1,-1,-1,8,E01021027,0,1
2025471550319,2025,471550319,1,9,0,-1,9,1,7,-1,0,8,0,0,0,0,3,1,-1,9,2,37,7,-1,-1,-1,-1,1,E01016865,0,2
2025471550347,2025,471550347,1,9,0,-1,19,1,5,-1,0,2,0,0,0,0,1,1,-1,6,2,76,11,-1,-1,-1,-1,4,E01021045,0,3
2025471550380,2025,471550380,2,-1,0,-1,19,5,1,-1,4,8,0,0,0,0,1,1,-1,6,1,60,9,-1,-1,-1,-1,1,E01016947,1,1
2025471550380,2025,471550380,1,9,0,-1,9,5,7,-1,0,8,0,0,0,0,4,1,-1,7,2,34,6,-1,-1,-1,-1,1,E01016908,0,1
2025471550395,2025,471550395,2,21,0,-1,19,3,7,-1,0,0,0,0,0,0,1,1,-1,6,1,-1,-1,-1,-1,-1,-1,6,E01035330,0,4
2025471550395,2025,471550395,1,9,0,-1,4,3,7,-1,0,0,0,0,0,0,2,1,-1,7,2,18,4,-1,-1,-1,-1,9,E01031683,0,4
2025471550493,2025,471550493,1,9,0,-1,9,1,4,-1,0,1,0,0,0,0,4,1,-1,6,1,82,11,-1,-1,-1,-1,9,E01031497,0,3
2025471550493,2025,471550493,2,9,0,-1,19,5,1,-1,0,1,0,0,0,0,1,1,-1,2,2,40,7,-1,-1,-1,-1,9,E01031505,0,1
2025471550534,2025,471550534,1,2,0,-1,12,7,5,-1,0,0,0,0,0,0,1,1,-1,6,1,16,4,-1,-1,-1,-1,3,E01021060,0,1
2025471550534,2025,471550534,2,9,0,-1,14,2,6,-1,0,0,0,0,0,0,1,1,-1,6,1,63,9,-1,-1,-1,-1,3,E01021060,0,1
2025471550619,2025,471550619,1,9,0,-1,19,5,1,-1,0,0,1,6,1,11,1,1,-1,2,2,49,8,-1,-1,-1,-1,10,E01021217,0,1
2025471550628,2025,471550628,2,9,0,-1,19,-1,-1,-1,0,0,0,0,0,0,1,1,-1,6,3,-1,-1,-1,-1,-1,-1,-1,-1,0,-1
2025471550628,2025,471550628,1,9,0,-1,4,-1,-1,-1,0,0,0,0,0,0,2,1,-1,6,1,34,6,-1,-1,-1,-1,10,E01021217,0,1
2025471550720,2025,471550720,2,9,0,-1,19,5,1,-1,0,0,0,0,0,0,2,1,-1,2,2,36,7,-1,-1,-1,-1,10,E01031678,0,1
2025471550720,2025,471550720,1,9,0,-1,19,5,1,-1,0,0,0,0,1,0,1,1,-1,2,1,52,8,-1,-1,-1,-1,10,E01016524,0,4
2025471550720,2025,471550720,3,9,0,-1,19,5,1,-1,0,0,0,0,0,0,1,1,-1,2,2,22,5,-1,-1,-1,-1,10,E01031691,0,2
2025471550850,2025,471550850,1,3,0,-1,19,7,3,-1,0,1,0,0,7,0,1,1,-1,9,2,17,4,-1,-1,-1,-1,4,E01020957,0,3
2025471550850,2025,471550850,2,9,0,-1,2,7,7,-1,0,1,0,2,0,0,2,1,-1,9,1,79,11,-1,-1,-1,-1,1,E01035301,0,4
2025471550891,2025,471550891,2,9,0,-1,10,4,2,-1,0,1,0,0,0,0,3,1,-1,9,2,51,8,-1,-1,-1,-1,6,E01020539,0,5
2025471550891,2025,471550891,1,9,0,-1,7,4,8,-1,0,1,0,0,0,0,3,9,-1,6,1,-1,-1,-1,-1,-1,-1,-1,-1,0,-1
2025471550925,2025,471550925,1,9,0,-1,3,8,3,-1,0,0,0,0,0,0,2,1,-1,2,1,24,5,-1,-1,-1,-1,10,E01031744,0,2
2025471550925,2025,471550925,2,9,0,-1,4,-1,-1,-1,0,0,0,0,0,0,1,1,-1,6,2,23,5,-1,-1,-1,-1,4,E01031552,0,4
2025471550937,2025,471550937,1,1,0,-1,7,8,4,-1,0,8,2,0,0,0,0,1,-1,9,2,58,9,-1,-1,-1,-1,5,E01003142,0,4
2025471550943,2025,471550943,1,9,0,-1,19,1,5,-1,0,0,0,0,0,0,2,1,-1,6,2,25,5,-1,-1,-1,-1,7,E01021146,0,1
2025471550943,2025,471550943,2,9,0,-1,19,5,1,-1,0,0,0,0,0,0,1,1,-1,1,1,64,9,-1,-1,-1,-1,6,E01020926,0,4
2025471550984,2025,471550984,2,19,0,-1,9,5,1,-1,0,1,0,0,0,0,3,1,-1,6,1,-1,-1,-1,-1,-1,-1,5,E01031392,0,2
2025471550984,2025,471550984,1,9,0,-1,19,-1,-1,-1,0,9,0,0,0,0,4,1,-1,2,2,28,6,-1,-1,-1,-1,7,E01031813,0,1
2025471550993,2025,471550993,1,9,0,-1,19,6,2,-1,0,0,0,0,0,0,1,1,-1,6,1,66,10,-1,-1,-1,-1,4,E01016948,0,1
2025471551153,2025,471551153,1,9,0,-1,19,7,3,-1,0,0,0,0,0,0,3,1,-1,9,1,56,9,-1,-1,-1,-1,8,E01020953,0,2
2025471551153,2025,471551153,2,19,0,-1,19,3,7,-1,0,0,0,0,1,0,3,1,-1,1,1,41,7,-1,-1,-1,-1,1,E01020993,0,3
2025471551175,2025,471551175,1,9,0,-1,1,5,1,-1,0,2,0,0,0,0,2,1,-1,9,2,37,7,-1,-1,-1,-1,6,E01021058,0,2
2025471551240,2025,471551240,1,9,0,-1,19,7,3,-1,0,0,0,0,0,0,1,9,-1,6,2,82,11,-1,-1,-1,-1,4,E01021013,0,1
2025471551300,2025,471551300,3,9,0,-1,4,7,3,-1,0,0,0,0,0,0,2,1,-1,9,1,46,8,-1,-1,-1,-1,9,E01030413,0,4
2025471551300,2025,471551300,1,10,0,-1,19,7,3,-1,0,0,0,0,0,0,1,1,-1,1,2,62,9,-1,-1,-1,-1,9,E01031623,0,4
2025471551300,2025,471551300,4,9,0,-1,19,7,3,-1,0,0,0,0,0,0,0,1,-1,6,1,68,10,-1,-1,-1,-1,7,E01021176,0,2
2025471551300,2025,471551300,2,98,0,-1,19,7,3,-1,0,0,0,0,0,0,2,1,-1,6,1,39,7,-1,-1,-1,-1,4,E01002643,0,4
2025471551301,2025,471551301,2,9,0,-1,2,0,0,-1,0,0,0,0,0,0,1,1,-1,6,-1,-1,-1,-1,-1,-1,-1,-1,-1,0,-1
2025471551301,2025,471551301,1,9,0,-1,19,6,2,-1,0,0,0,0,0,0,1,1,-1,6,1,48,8,-1,-1,-1,-1,5,E01021047,0,4
2025471551301,2025,471551301,3,9,0,-1,2,0,0,-1,0,0,0,0,0,0,1,1,-1,6,-1,-1,-1,-1,-1,-1,-1,-1,-1,0,-1
2025471551362,2025,471551362,2,9,0,-1,4,5,1,-1,0,1,0,0,0,0,2,1,-1,9,1,85,11,-1,-1,-1,-1,6,E01020961,0,3
2025471551362,2025,471551362,1,9,0,-1,4,5,1,-1,0,1,0,0,0,0,1,1,-1,6,1,60,9,-1,-1,-1,-1,8,E01020931,0,3
2025471551398,2025,471551398,1,9,0,-1,19,7,3,-1,0,1,0,0,0,0,1,1,-1,9,2,18,4,-1,-1,-1,-1,9,E01031793,0,2
2025471551398,2025,471551398,2,9,0,-1,19,3,7,-1,0,1,0,0,0,0,2,1,-1,9,2,36,7,-1,-1,-1,-1,2,E01031341,0,1
2025471551462,2025,471551462,2,9,0,-1,19,1,5,-1,0,8,0,0,1,0,1,1,-1,6,2,50,8,-1,-1,-1,-1,7,E01031362,0,1
2025471551462,2025,471551462,1,9,0,-1,19,5,1,-1,0,8,0,0,6,0,1,1,-1,6,1,67,10,-1,-1,-1,-1,4,E01031344,0,1
2025471551504,2025,471551504,1,9,0,-1,3,7,3,-1,0,0,0,0,0,0,2,1,-1,6,2,57,9,-1,-1,-1,-1,3,E01034830,0,2
2025471551504,2025,471551504,2,9,0,-1,19,7,3,-1,0,0,0,0,0,0,1,1,-1,6,2,-1,-1,-1,-1,-1,-1,-1,-1,0,-1
2025471551527,2025,471551527,1,9,0,-1,19,3,7,-1,0,1,0,0,1,4,3,1,-1,9,1,85,11,-1,-1,-1,-1,9,E01031769,0,1
2025471551533,2025,471551533,1,9,0,-1,9,1,5,-1,0,2,0,0,0,0,1,2,-1,7,2,37,7,-1,-1,-1,-1,6,E01016963,0,1
2025471551646,2025,471551646,1,9,0,-1,19,1,5,-1,0,0,5,0,0,0,1,1,-1,9,1,25,5,-1,-1,-1,-1,9,E01030488,0,4
2025471551647,2025,471551647,1,9,0,-1,19,4,8,-1,0,1,0,0,0,0,4,1,-1,9,1,40,7,-1,-1,-1,-1,5,E01021084,0,2
2025471551653,2025,471551653,2,4,0,-1,19,6,1,-1,0,8,1,0,0,0,1,1,-1,6,2,52,8,-1,-1,-1,-1,9,E01016992,0,1
2025471551653,2025,471551653,1,9,0,-1,9,4,1,-1,0,6,0,0,0,0,1,1,-1,2,2,32,6,-1,-1,-1,-1,4,E01016860,0,1
2025471551658,2025,471551658,1,1,0,-1,-1,-1,-1,-1,-1,0,-1,-1,-1,0,-1,1,-1,6,1,40,7,-1,-1,-1,-1,8,E01016972,0,1
2025471551726,2025,471551726,1,9,0,-1,19,3,7,-1,0,0,1,0,7,11,1,1,-1,9,2,29,6,-1,-1,-1,-1,3,E01033328,0,3
2025471551778,2025,471551778,1,3,0,-1,-1,-1,-1,-1,-1,-1,-1,-1,-1,0,-1,1,-1,1,1,33,6,-1,-1,-1,-1,1,E01016915,0,1
2025471551886,2025,471551886,2,3,0,-1,19,1,5,-1,0,1,0,0,0,0,2,1,-1,2,1,37,7,-1,-1,-1,-1,7,E01031387,0,1
2025471551886,2025,471551886,1,9,0,-1,19,1,5,-1,0,1,0,0,0,0,3,1,-1,2,2,27,6,-1,-1,-1,-1,7,E01034829,0,1
2025471551896,2025,471551896,2,9,0,-1,19,5,2,-1,0,8,0,0,0,0,1,1,-1,9,1,20,4,-1,-1,-1,-1,9,E01021227,0,2
2025471551896,2025,471551896,1,9,0,-1,9,8,5,-1,0,8,0,0,0,0,4,1,-1,9,2,37,7,-1,-1,-1,-1,10,E01000771,0,4
2025471551897,2025,471551897,1,9,0,-1,19,4,1,-1,0,0,0,4,0,0,1,1,-1,9,1,17,4,-1,-1,-1,-1,5,E01021113,0,2
2025471551897,2025,471551897,2,9,0,-1,2,0,0,-1,0,0,0,0,0,0,1,1,-1,6,-1,-1,-1,-1,-1,-1,-1,-1,-1,0,-1
2025471551995,2025,471551995,1,9,0,-1,19,1,5,-1,9,0,0,0,7,4,1,1,-1,6,2,40,7,-1,-1,-1,-1,7,E01021140,0,1
2025471552047,2025,471552047,2,9,0,-1,19,4,8,-1,0,8,0,0,7,0,1,1,-1,9,1,26,6,-1,-1,-1,-1,10,-1,0,5
2025471552047,2025,471552047,1,9,0,-1,9,6,4,-1,0,6,0,0,0,0,1,1,-1,9,1,81,11,-1,-1,-1,-1,8,E01031393,0,1
2025471552156,2025,471552156,1,9,0,-1,19,1,6,-1,0,0,2,0,7,4,3,1,-1,6,1,62,9,-1,-1,-1,-1,8,E01031624,0,2
2025471552167,2025,471552167,1,9,0,-1,19,1,5,-1,0,0,1,0,1,4,1,1,-1,9,1,18,4,-1,-1,-1,-1,6,E01031445,0,2
2025471552174,2025,471552174,1,19,0,-1,9,5,3,-1,0,8,0,0,0,0,3,9,-1,6,1,36,7,-1,-1,-1,-1,10,E01021078,0,3
2025471552174,2025,471552174,2,4,0,-1,10,3,1,-1,0,8,0,0,0,0,1,1,-1,2,2,43,7,-1,-1,-1,-1,7,E01016853,0,1
2025471552179,2025,471552179,1,9,0,-1,19,-1,-1,-1,0,0,0,0,0,0,-1,9,-1,6,3,-1,-1,-1,-1,-1,-1,-1,-1,0,-1
2025471552193,2025,471552193,1,9,0,-1,8,1,3,-1,0,8,0,0,0,0,3,1,-1,9,1,64,9,-1,-1,-1,-1,4,E01016955,0,1
2025471552193,2025,471552193,2,9,0,-1,19,7,3,-1,0,1,0,0,0,0,1,1,-1,9,2,35,6,-1,-1,-1,-1,3,E01031360,0,3
2025471552281,2025,471552281,1,3,0,-1,19,7,3,-1,0,0,0,0,0,0,4,1,-1,2,1,20,4,-1,-1,-1,-1,9,E01016980,0,3
2025471552348,2025,471552348,1,9,0,-1,5,1,5,-1,0,2,0,0,0,0,1,2,-1,6,1,61,9,-1,-1,-1,-1,8,E01021069,0,3
2025471552361,2025,471552361,1,9,0,-1,19,1,5,-1,0,0,0,0,1,1,1,1,-1,2,1,57,9,-1,-1,-1,-1,2,E01021091,0,3
2025471552364,2025,471552364,2,9,0,-1,19,1,5,-1,0,0,0,0,0,0,1,1,-1,9,2,49,8,-1,-1,-1,-1,2,E01021037,0,1
2025471552364,2025,471552364,1,9,0,-1,19,5,1,-1,0,0,0,0,7,0,4,1,-1,9,1,55,8,-1,-1,-1,-1,6,E01021022,0,1
2025471552365,2025,471552365,1,9,0,-1,5,3,7,-1,0,0,0,0,0,0,4,1,-1,9,1,40,7,-1,-1,-1,-1,1,E01020994,0,1
2025471552365,2025,471552365,2,9,0,-1,19,3,7,-1,0,0,0,0,0,0,1,1,-1,9,2,46,8,-1,-1,-1,-1,2,E01020977,0,1
2025471552475,2025,471552475,2,9,0,-1,2,0,0,-1,0,0,0,0,0,0,2,1,-1,6,-1,-1,-1,-1,-1,-1,-1,-1,-1,0,-1
2025471552475,2025,471552475,1,9,0,-1,19,3,7,-1,0,0,0,4,7,4,1,1,-1,9,2,77,11,-1,-1,-1,-1,10,E01020940,0,2
2025471552494,2025,471552494,1,9,0,-1,6,8,8,-1,0,8,0,0,0,0,1,1,-1,7,1,18,4,-1,-1,-1,-1,9,E01031412,0,1
2025471552494,2025,471552494,2,3,0,-1,19,3,7,-1,0,1,0,0,0,0,1,1,-1,2,1,21,5,-1,-1,-1,-1,9,E01031816,0,2
2025471552583,2025,471552583,2,19,0,-1,9,1,7,-1,0,2,1,0,0,0,1,1,-1,6,1,61,9,-1,-1,-1,-1,1,E01020979,0,1
2025471552583,2025,471552583,1,9,0,-1,19,7,3,-1,0,1,1,0,0,0,1,1,-1,6,2,26,6,-1,-1,-1,-1,1,E01020984,0,1
2025471552641,2025,471552641,2,9,0,-1,13,8,4,-1,0,1,0,0,0,0,1,2,-1,9,2,35,6,-1,-1,-1,-1,5,E01016898,0,1
2025471552641,2025,471552641,1,3,0,-1,19,8,4,-1,0,2,0,0,0,0,4,1,-1,6,1,20,4,-1,-1,-1,-1,3,E01016873,0,2
2025471552657,2025,471552657,1,9,0,-1,19,5,1,-1,0,1,0,0,0,0,1,1,-1,9,2,76,11,-1,-1,-1,-1,7,E01031837,0,1
2025471552671,2025,471552671,2,19,0,-1,9,1,7,-1,0,5,0,0,0,0,3,9,-1,1,1,55,8,-1,-1,-1,-1,3,E01031657,0,3
2025471552671,2025,471552671,1,9,0,-1,19,7,3,-1,0,1,0,0,0,0,3,1,-1,9,2,55,8,-1,-1,-1,-1,6,E01031643,0,1
2025471552684,2025,471552684,1,9,0,-1,19,7,3,-1,99,0,0,0,0,0,4,1,-1,6,3,-1,-1,-1,-1,-1,-1,-1,-1,0,-1
2025471552700,2025,471552700,1,9,0,-1,19,5,1,-1,0,0,0,0,0,0,1,1,-1,1,1,45,7,-1,-1,-1,-1,6,E01035322,0,4
2025471552700,2025,471552700,2,9,0,-1,19,5,1,-1,0,0,0,0,0,0,2,1,-1,2,1,46,8,-1,-1,-1,-1,7,E01034829,0,4
2025471552701,2025,471552701,1,9,0,-1,1,8,4,-1,0,2,0,0,0,0,2,1,-1,1,1,56,9,-1,-1,-1,-1,4,E01020966,0,1
2025471552712,2025,471552712,2,9,0,-1,19,7,3,-1,0,1,0,0,0,0,1,1,-1,9,2,35,6,-1,-1,-1,-1,9,E01016959,0,1
2025471552712,2025,471552712,3,19,0,-1,4,7,3,-1,0,1,0,0,0,0,0,9,-1,6,-1,-1,-1,-1,-1,-1,-1,-1,-1,0,-1