collision_index,collision_year,collision_ref_no,vehicle_reference,vehicle_type,towing_and_articulation,vehicle_manoeuvre_historic,vehicle_manoeuvre,vehicle_direction_from,vehicle_direction_to,vehicle_location_restricted_lane_historic,vehicle_location_restricted_lane,junction_location,skidding_and_overturning,hit_object_in_carriageway,vehicle_leaving_carriageway,hit_object_off_carriageway,first_point_of_impact,vehicle_left_hand_drive,journey_purpose_of_driver_historic,journey_purpose_of_driver,sex_of_driver,age_of_driver,age_band_of_driver,engine_capacity_cc,propulsion_code,age_of_vehicle,generic_make_model,driver_imd_decile,lsoa_of_driver,escooter_flag,driver_distance_banding
2025471562138,2025,471562138,1,3,0,-1,7,5,1,-1,0,0,0,0,0,0,1,1,-1,6,1,18,4,-1,-1,-1,-1,7,E01016987,0,2
2025471562152,2025,471562152,1,3,-1,-1,-1,-1,-1,-1,-1,0,-1,-1,-1,0,-1,1,-1,6,1,18,4,-1,-1,-1,-1,1,E01020993,0,1
2025471562152,2025,471562152,2,9,0,-1,2,0,0,-1,0,0,0,0,0,0,2,1,-1,6,-1,-1,-1,-1,-1,-1,-1,-1,-1,0,-1
2025471562196,2025,471562196,1,9,0,-1,7,6,2,-1,0,3,0,1,0,0,4,1,-1,2,1,37,7,-1,-1,-1,-1,5,E01031481,0,4
2025471562196,2025,471562196,2,19,0,-1,99,7,4,-1,0,8,0,0,0,0,1,1,-1,6,1,44,7,-1,-1,-1,-1,10,E01031627,0,1
2025471562200,2025,471562200,2,5,0,-1,19,7,3,-1,0,0,0,0,0,0,0,1,-1,6,1,68,10,-1,-1,-1,-1,9,E01021083,0,1
2025471562200,2025,471562200,1,9,0,-1,14,7,3,-1,0,0,0,0,0,0,0,1,-1,6,1,51,8,-1,-1,-1,-1,6,E01021070,0,1
2025471562216,2025,471562216,2,19,0,-1,19,8,4,-1,0,0,0,0,7,0,4,1,-1,1,1,54,8,-1,-1,-1,-1,7,E01032620,0,4
2025471562216,2025,471562216,3,19,0,-1,2,0,0,-1,0,0,0,0,0,0,3,1,-1,6,-1,-1,-1,-1,-1,-1,-1,-1,-1,0,-1
2025471562216,2025,471562216,1,9,0,-1,15,4,8,-1,0,0,0,4,0,0,1,1,-1,9,2,21,5,-1,-1,-1,-1,2,E01020922,0,1
2025471562259,2025,471562259,1,9,0,-1,13,6,2,-1,0,1,0,0,0,0,-1,9,-1,6,3,-1,-1,-1,-1,-1,-1,-1,-1,0,-1
2025471562262,2025,471562262,2,21,1,-1,-1,-1,-1,-1,-1,0,-1,-1,-1,0,-1,1,-1,9,1,31,6,-1,-1,-1,-1,5,E01024179,0,4
2025471562262,2025,471562262,1,9,0,-1,-1,-1,-1,-1,-1,0,-1,-1,-1,0,-1,9,-1,9,2,32,6,-1,-1,-1,-1,9,E01035352,0,3
2025471562285,2025,471562285,1,3,0,-1,13,2,6,-1,0,1,0,0,0,0,3,1,-1,6,1,-1,-1,-1,-1,-1,-1,-1,-1,0,-1
2025471562285,2025,471562285,2,9,0,-1,9,2,3,-1,0,1,0,0,0,0,3,1,-1,2,1,66,10,-1,-1,-1,-1,3,E01031366,0,1
2025471562291,2025,471562291,3,9,0,-1,19,1,5,-1,0,0,0,0,1,0,1,1,-1,9,1,55,8,-1,-1,-1,-1,8,E01021221,0,2
2025471562291,2025,471562291,1,98,0,-1,19,5,1,-1,0,0,0,0,0,0,1,1,-1,1,1,51,8,-1,-1,-1,-1,8,E01021196,0,2
2025471562291,2025,471562291,2,9,0,-1,4,5,1,-1,0,0,0,0,1,10,2,1,-1,9,2,24,5,-1,-1,-1,-1,4,E01021224,0,2
2025471562300,2025,471562300,1,9,0,-1,19,5,1,-1,0,2,0,0,0,0,1,1,-1,1,1,61,9,-1,-1,-1,-1,8,E01016931,0,2
2025471562346,2025,471562346,1,9,-1,-1,19,-1,-1,-1,0,1,0,0,0,0,-1,9,-1,6,3,-1,-1,-1,-1,-1,-1,-1,-1,0,-1
2025471562424,2025,471562424,2,9,0,-1,19,3,2,-1,0,4,0,0,0,0,9,1,-1,6,3,-1,-1,-1,-1,-1,-1,-1,-1,0,-1
2025471562424,2025,471562424,1,1,0,-1,19,3,8,-1,0,8,0,0,0,0,1,1,-1,9,1,41,7,-1,-1,-1,-1,8,E01016903,0,1
2025471562475,2025,471562475,2,9,0,-1,19,1,5,-1,0,0,0,0,0,0,1,1,-1,9,2,67,10,-1,-1,-1,-1,8,E01021171,0,1
2025471562475,2025,471562475,1,9,0,-1,19,5,1,-1,0,0,0,0,0,0,1,1,-1,6,2,47,8,-1,-1,-1,-1,6,E01021080,0,4
2025471562488,2025,471562488,1,9,0,-1,19,2,6,-1,9,4,0,0,7,1,1,1,-1,2,1,33,6,-1,-1,-1,-1,5,E01034300,0,2
2025471562493,2025,471562493,1,9,0,-1,19,5,1,-1,0,1,1,0,0,0,1,1,-1,9,2,36,7,-1,-1,-1,-1,9,E01035353,0,3
2025471562493,2025,471562493,2,19,0,-1,19,2,6,-1,0,8,5,0,0,0,4,1,-1,1,1,37,7,-1,-1,-1,-1,5,E01021139,0,4
2025471562512,2025,471562512,1,9,0,-1,13,6,2,-1,0,0,0,0,0,0,3,1,-1,9,1,22,5,-1,-1,-1,-1,6,E01031663,0,2
2025471562512,2025,471562512,2,5,0,-1,13,6,2,-1,0,0,1,0,0,0,4,1,-1,6,1,65,9,-1,-1,-1,-1,3,E01034831,0,4
2025471562602,2025,471562602,1,8,0,-1,1,6,2,-1,9,0,0,0,0,0,2,9,-1,1,1,68,10,-1,-1,-1,-1,3,E01020941,0,1
2025471562688,2025,471562688,2,9,0,-1,19,3,7,-1,0,1,0,0,0,0,1,1,-1,9,2,53,8,-1,-1,-1,-1,3,E01021127,0,1
2025471562688,2025,471562688,1,9,0,-1,5,5,3,-1,0,6,0,0,1,0,2,1,-1,9,1,70,10,-1,-1,-1,-1,9,E01021085,0,1
2025471562692,2025,471562692,1,9,0,-1,9,3,7,-1,0,8,0,0,0,0,4,1,-1,1,2,39,7,-1,-1,-1,-1,6,E01021145,0,3
2025471562692,2025,471562692,2,9,0,-1,19,7,3,-1,0,1,0,0,0,0,1,1,-1,7,1,48,8,-1,-1,-1,-1,10,E01031741,0,2
2025471562693,2025,471562693,2,1,0,-1,19,3,7,-1,0,0,0,0,0,0,3,1,-1,9,1,46,8,-1,-1,-1,-1,5,E01016857,0,1
2025471562693,2025,471562693,1,9,0,-1,9,2,7,-1,0,0,0,0,0,0,4,9,-1,6,1,-1,-1,-1,-1,-1,-1,-1,-1,0,-1
2025471562693,2025,471562693,3,9,0,-1,2,0,0,-1,0,0,0,0,0,0,3,1,-1,6,-1,-1,-1,-1,-1,-1,-1,-1,-1,0,-1
2025471562738,2025,471562738,1,9,0,-1,19,5,1,-1,0,1,0,11,7,0,1,1,-1,9,2,79,11,-1,-1,-1,-1,5,E01031465,0,2
2025471562748,2025,471562748,1,9,0,-1,5,7,2,-1,0,0,0,0,0,0,1,1,-1,9,2,80,11,-1,-1,-1,-1,10,E01021192,0,4
2025471562748,2025,471562748,2,9,0,-1,3,7,2,-1,0,0,0,0,0,0,2,1,-1,9,1,59,9,-1,-1,-1,-1,3,E01015761,0,4
2025471562756,2025,471562756,2,3,0,-1,6,3,3,-1,0,2,0,0,0,0,4,1,-1,9,1,22,5,-1,-1,-1,-1,8,E01016893,0,2
2025471562756,2025,471562756,1,9,0,-1,19,3,7,-1,0,2,0,0,0,0,4,1,-1,9,2,36,7,-1,-1,-1,-1,1,E01016880,0,1
2025471562774,2025,471562774,1,9,0,-1,19,4,8,-1,0,0,5,0,0,0,1,1,-1,9,2,50,8,-1,-1,-1,-1,6,E01031490,0,2
2025471562793,2025,471562793,1,9,0,-1,19,6,2,-1,0,0,0,0,1,4,1,1,-1,9,1,46,8,-1,-1,-1,-1,8,E01031664,0,1
2025471562795,2025,471562795,1,5,0,-1,5,4,8,-1,0,0,1,0,1,0,4,1,-1,9,1,24,5,-1,-1,-1,-1,3,E01017099,0,3
2025471562875,2025,471562875,2,5,0,-1,19,5,1,-1,0,1,1,10,0,0,4,1,-1,9,1,35,6,-1,-1,-1,-1,10,E01031758,0,1
2025471562875,2025,471562875,1,19,0,-1,9,5,1,-1,0,1,0,0,0,0,0,1,-1,1,1,29,6,-1,-1,-1,-1,5,E01031595,0,3
2025471562883,2025,471562883,1,5,0,-1,19,1,5,-1,0,0,0,0,0,0,3,1,-1,9,1,31,6,-1,-1,-1,-1,9,E01030317,0,4
2025471562906,2025,471562906,1,20,0,-1,5,7,3,-1,0,8,0,0,1,0,1,1,-1,2,1,23,5,-1,-1,-1,-1,8,E01031397,0,2
2025471562906,2025,471562906,2,9,0,-1,19,5,1,-1,0,8,0,0,0,0,1,1,-1,9,1,71,10,-1,-1,-1,-1,6,E01035325,0,1
2025471562912,2025,471562912,1,5,0,-1,19,5,1,-1,0,0,0,12,0,0,1,1,-1,9,1,19,4,-1,-1,-1,-1,5,E01031801,0,3
2025471562960,2025,471562960,1,9,0,-1,19,8,4,-1,0,0,5,0,0,0,1,1,-1,9,1,82,11,-1,-1,-1,-1,8,E01031821,0,1
2025471562960,2025,471562960,2,9,0,-1,2,0,0,-1,0,0,0,0,0,0,3,1,-1,6,-1,-1,-1,-1,-1,-1,-1,-1,-1,0,-1
2025471563039,2025,471563039,3,9,0,-1,2,0,0,-1,0,0,0,0,0,0,2,1,-1,6,-1,-1,-1,-1,-1,-1,-1,-1,-1,0,-1
2025471563039,2025,471563039,2,9,0,-1,2,0,0,-1,0,0,0,0,0,0,2,1,-1,6,-1,-1,-1,-1,-1,-1,-1,-1,-1,0,-1
2025471563039,2025,471563039,1,9,0,-1,19,8,4,-1,0,0,1,4,0,0,1,1,-1,6,1,56,9,-1,-1,-1,-1,3,E01020927,0,1
2025471563039,2025,471563039,4,9,0,-1,2,0,0,-1,0,0,0,0,0,0,4,1,-1,6,-1,-1,-1,-1,-1,-1,-1,-1,-1,0,-1
2025471563039,2025,471563039,5,9,0,-1,2,0,0,-1,0,0,0,0,0,0,4,1,-1,6,-1,-1,-1,-1,-1,-1,-1,-1,-1,0,-1
2025471563062,2025,471563062,1,9,0,-1,-1,-1,-1,-1,-1,0,-1,-1,-1,0,-1,9,-1,6,3,-1,-1,-1,-1,-1,-1,-1,-1,0,-1
2025471563127,2025,471563127,1,3,0,-1,19,2,6,-1,0,0,0,0,0,0,1,1,-1,9,1,24,5,-1,-1,-1,-1,10,E01031713,0,3
2025471563127,2025,471563127,2,9,0,-1,19,2,6,-1,0,0,0,0,0,0,2,1,-1,9,1,54,8,-1,-1,-1,-1,10,E01031713,0,3
2025471563150,2025,471563150,1,9,0,-1,11,2,6,-1,0,0,0,0,0,0,3,1,-1,9,1,49,8,-1,-1,-1,-1,6,E01031817,0,4
2025471563150,2025,471563150,2,9,0,-1,19,2,6,-1,0,0,1,0,0,0,1,1,-1,6,1,57,9,-1,-1,-1,-1,2,E01016918,0,2
2025471563400,2025,471563400,2,9,0,-1,19,1,5,-1,0,0,0,0,0,0,1,1,-1,9,1,29,6,-1,-1,-1,-1,5,E01031595,0,1
2025471563400,2025,471563400,1,1,0,-1,19,3,7,-1,0,0,0,0,7,0,3,1,-1,6,1,18,4,-1,-1,-1,-1,3,E01031598,0,1
2025471563435,2025,471563435,1,9,0,-1,19,7,3,-1,0,0,0,0,0,0,1,1,-1,2,2,22,5,-1,-1,-1,-1,10,E01031800,0,3
2025471563435,2025,471563435,2,9,0,-1,19,3,7,-1,0,0,0,0,0,0,0,1,-1,1,1,36,7,-1,-1,-1,-1,3,E01031492,0,3
2025471563435,2025,471563435,3,1,0,-1,19,1,5,-1,0,0,0,0,0,0,3,1,-1,6,2,20,4,-1,-1,-1,-1,-1,-1,0,-1
2025471563538,2025,471563538,2,9,0,-1,19,3,7,-1,0,0,0,0,0,0,1,1,-1,6,1,51,8,-1,-1,-1,-1,6,E01031520,0,2
2025471563538,2025,471563538,1,9,0,-1,19,7,1,-1,0,0,0,0,0,0,1,1,-1,6,2,64,9,-1,-1,-1,-1,9,E01031497,0,2
2025471563570,2025,471563570,1,19,0,-1,19,7,4,-1,0,4,0,0,0,0,3,1,-1,6,2,35,6,-1,-1,-1,-1,6,E01031601,0,1
2025471563570,2025,471563570,2,19,0,-1,11,7,3,-1,0,4,0,0,0,0,4,1,-1,6,3,-1,-1,-1,-1,-1,-1,-1,-1,0,-1
2025471563766,2025,471563766,1,4,0,-1,19,3,7,-1,0,0,2,0,1,0,3,1,-1,6,1,58,9,-1,-1,-1,-1,5,E01031403,0,2
2025471563823,2025,471563823,1,5,0,-1,19,5,1,-1,0,0,2,0,0,0,1,1,-1,9,1,26,6,-1,-1,-1,-1,7,E01031792,0,1
2025471563823,2025,471563823,2,9,0,-1,4,5,1,-1,0,0,0,0,0,0,2,1,-1,1,1,36,7,-1,-1,-1,-1,8,E01031812,0,1
2025471563832,2025,471563832,2,9,0,-1,9,4,1,-1,0,8,0,0,0,0,4,1,-1,9,1,20,4,-1,-1,-1,-1,5,E01016898,0,2
2025471563832,2025,471563832,1,9,0,-1,19,7,3,-1,0,8,0,0,0,0,1,1,-1,9,2,22,5,-1,-1,-1,-1,6,E01016856,0,1
2025471563849,2025,471563849,2,19,0,-1,12,4,8,-1,0,0,0,0,0,0,2,1,-1,6,1,28,6,-1,-1,-1,-1,3,E01021358,0,4
2025471563849,2025,471563849,1,9,0,-1,3,4,8,-1,0,0,0,0,0,0,4,1,-1,6,2,22,5,-1,-1,-1,-1,4,E01031548,0,1
2025471563889,2025,471563889,2,90,0,-1,19,2,8,-1,0,8,0,0,0,0,4,1,-1,1,1,44,7,-1,-1,-1,-1,3,E01017699,0,5
2025471563889,2025,471563889,1,9,0,-1,19,5,1,-1,0,4,0,0,0,0,1,1,-1,9,1,30,6,-1,-1,-1,-1,2,E01024305,0,4
2025471564015,2025,471564015,2,3,0,-1,19,1,5,-1,0,1,0,0,0,0,1,1,-1,6,2,17,4,-1,-1,-1,-1,5,E01021128,0,1
2025471564015,2025,471564015,1,9,0,-1,4,7,5,-1,0,1,0,0,0,0,1,1,-1,6,2,70,10,-1,-1,-1,-1,2,E01021091,0,1
2025471564033,2025,471564033,2,9,0,-1,4,8,3,-1,0,0,0,0,0,0,2,1,-1,2,2,-1,-1,-1,-1,-1,-1,8,E01034820,0,2
2025471564033,2025,471564033,1,19,0,-1,19,8,3,-1,0,0,0,0,0,0,1,1,-1,2,1,-1,-1,-1,-1,-1,-1,6,E01031390,0,1
2025471564033,2025,471564033,3,9,0,-1,3,8,3,-1,0,0,0,0,0,0,2,1,-1,6,2,-1,-1,-1,-1,-1,-1,10,E01031797,0,3
2025471564059,2025,471564059,1,8,0,-1,19,2,6,-1,0,0,0,0,0,0,1,9,-1,6,3,-1,-1,-1,-1,-1,-1,-1,-1,0,-1
2025471564170,2025,471564170,1,19,0,-1,19,2,6,-1,0,1,0,0,0,0,3,1,-1,6,1,-1,-1,-1,-1,-1,-1,-1,-1,0,-1
2025471564189,2025,471564189,2,5,0,-1,19,1,5,-1,0,0,0,0,0,0,1,1,-1,6,1,65,9,-1,-1,-1,-1,6,E01031770,0,2
2025471564189,2025,471564189,1,9,0,-1,11,1,5,-1,0,0,0,0,0,0,4,1,-1,2,1,48,8,-1,-1,-1,-1,9,E01031706,0,2
2025471564211,2025,471564211,1,9,0,-1,19,7,3,-1,0,0,0,0,1,0,1,1,-1,1,1,30,6,-1,-1,-1,-1,2,E01031456,0,3
2025471564211,2025,471564211,2,9,0,-1,3,7,3,-1,0,0,0,0,0,0,2,1,-1,9,1,18,4,-1,-1,-1,-1,5,E01031385,0,1
2025471564211,2025,471564211,3,9,0,-1,3,7,3,-1,0,0,0,0,0,0,2,1,-1,9,1,40,7,-1,-1,-1,-1,7,E01031399,0,3
2025471564225,2025,471564225,2,9,0,-1,19,5,1,-1,0,0,0,0,0,0,1,1,-1,9,1,40,7,-1,-1,-1,-1,1,E01016866,0,1
2025471564225,2025,471564225,1,19,0,-1,1,1,5,-1,0,0,0,0,0,0,-1,9,-1,6,3,-1,-1,-1,-1,-1,-1,-1,-1,0,-1
2025471564265,2025,471564265,1,11,0,-1,19,1,5,-1,0,0,0,0,0,0,1,1,-1,1,1,48,8,-1,-1,-1,-1,6,E01020961,0,4
2025471564267,2025,471564267,1,9,0,-1,19,7,3,-1,0,0,0,0,1,4,1,1,-1,2,2,36,7,-1,-1,-1,-1,7,E01031560,0,2
2025471564324,2025,471564324,2,2,0,-1,19,3,7,-1,0,1,5,0,0,0,1,1,-1,1,1,29,6,-1,-1,-1,-1,2,E01016978,0,1
2025471564324,2025,471564324,1,9,0,-1,7,7,5,-1,0,1,0,0,0,0,1,2,-1,9,2,62,9,-1,-1,-1,-1,5,E01016989,0,1
2025471564328,2025,471564328,1,9,0,-1,9,3,7,-1,0,6,0,0,0,0,1,1,-1,9,2,52,8,-1,-1,-1,-1,9,E01031642,0,1
2025471564328,2025,471564328,2,9,0,-1,19,7,5,-1,0,1,0,0,0,0,1,1,-1,1,1,22,5,-1,-1,-1,-1,4,E01031652,0,3
2025471564687,2025,471564687,2,9,0,-1,19,3,7,-1,0,1,0,0,0,0,1,1,-1,9,2,60,9,-1,-1,-1,-1,10,E01022928,0,1
2025471564687,2025,471564687,1,9,0,-1,9,5,3,-1,0,6,0,0,0,0,1,1,-1,9,2,35,6,-1,-1,-1,-1,9,E01031532,0,1
2025471564747,2025,471564747,4,9,0,-1,19,5,1,-1,0,0,0,0,0,0,1,1,-1,1,2,30,6,-1,-1,-1,-1,6,E01021034,0,3
2025471564747,2025,471564747,3,9,0,-1,19,5,1,-1,0,0,0,0,0,0,3,1,-1,1,2,29,6,-1,-1,-1,-1,6,E01021034,0,3
2025471564747,2025,471564747,1,9,0,-1,19,5,1,-1,0,0,0,0,0,0,1,1,-1,1,1,29,6,-1,-1,-1,-1,7,E01027999,0,5
2025471564747,2025,471564747,2,9,0,-1,19,5,1,-1,0,0,0,0,1,0,2,1,-1,1,1,44,7,-1,-1,-1,-1,6,E01021034,0,3
2025471564747,2025,471564747,5,9,0,-1,19,5,1,-1,0,0,0,0,0,0,0,1,-1,1,1,51,8,-1,-1,-1,-1,6,E01021034,0,3
2025471564800,2025,471564800,2,2,0,-1,19,8,4,-1,0,0,0,0,0,0,1,1,-1,2,1,62,9,-1,-1,-1,-1,8,E01020954,0,1
2025471564800,2025,471564800,1,9,0,-1,5,2,6,-1,0,0,0,0,0,0,1,1,-1,2,1,45,7,-1,-1,-1,-1,8,E01020953,0,1
2025471564830,2025,471564830,2,1,0,-1,3,4,7,-1,0,4,0,0,0,0,3,1,-1,6,1,33,6,-1,-1,-1,-1,7,E01016851,0,1
2025471564830,2025,471564830,1,19,0,-1,5,4,7,-1,0,4,0,0,0,0,4,1,-1,1,1,49,8,-1,-1,-1,-1,7,E01016938,0,1
2025471564884,2025,471564884,1,9,0,-1,19,5,1,-1,0,0,0,0,0,0,1,1,-1,9,2,68,10,-1,-1,-1,-1,8,E01031446,0,2
2025471564884,2025,471564884,2,9,0,-1,3,5,1,-1,0,0,0,0,0,0,2,1,-1,9,1,56,9,-1,-1,-1,-1,7,E01031543,0,3
2025471564886,2025,471564886,1,9,0,-1,19,5,1,-1,0,0,0,0,5,6,1,1,-1,6,1,32,6,-1,-1,-1,-1,4,E01001171,0,4
2025471564906,2025,471564906,2,1,0,-1,19,1,4,-1,0,8,5,0,0,0,2,1,-1,9,1,51,8,-1,-1,-1,-1,1,E01016908,0,1
2025471564906,2025,471564906,1,9,0,-1,19,3,7,-1,0,1,0,0,0,0,1,9,-1,6,3,-1,-1,-1,-1,-1,-1,-1,-1,0,-1
2025471564921,2025,471564921,1,9,0,-1,19,8,4,-1,0,0,0,0,0,0,1,1,-1,9,1,80,11,-1,-1,-1,-1,5,E01031373,0,1
2025471564921,2025,471564921,2,9,0,-1,19,4,8,-1,0,0,0,0,1,0,3,1,-1,6,2,27,6,-1,-1,-1,-1,4,E01016951,0,3
2025471564921,2025,471564921,3,9,0,-1,19,4,8,-1,0,0,0,0,0,0,1,1,-1,6,2,21,5,-1,-1,-1,-1,10,E01031686,0,1
2025471564925,2025,471564925,1,9,0,-1,9,3,2,-1,0,1,0,0,0,0,1,1,-1,2,2,57,9,-1,-1,-1,-1,10,E01021157,0,1
2025471564925,2025,471564925,2,9,0,-1,19,2,6,-1,0,1,0,0,0,0,1,1,-1,2,2,29,6,-1,-1,-1,-1,8,E01021172,0,1
2025471564989,2025,471564989,1,19,0,-1,9,5,3,-1,0,6,0,0,0,0,1,1,-1,9,1,55,8,-1,-1,-1,-1,2,E01020925,0,2
2025471564989,2025,471564989,2,9,0,-1,19,3,7,-1,0,1,0,0,0,0,1,1,-1,2,2,45,7,-1,-1,-1,-1,9,E01021124,0,2
2025471565028,2025,471565028,1,8,0,-1,19,8,4,-1,99,0,0,0,0,0,3,1,-1,6,1,40,7,-1,-1,-1,-1,9,E01016995,0,1
2025471565049,2025,471565049,1,9,0,-1,19,3,7,-1,0,0,5,0,7,0,1,1,-1,2,1,36,7,-1,-1,-1,-1,9,E01024829,0,2
2025471565077,2025,471565077,1,9,0,-1,19,7,3,-1,0,0,0,0,0,0,3,1,-1,7,1,56,9,-1,-1,-1,-1,2,E01021179,0,1
2025471565077,2025,471565077,3,9,0,-1,2,0,0,-1,0,0,0,0,0,0,1,1,-1,7,1,44,7,-1,-1,-1,-1,5,E01021213,0,1
2025471565077,2025,471565077,2,9,0,-1,2,0,0,-1,0,0,0,0,0,0,3,1,-1,7,2,62,9,-1,-1,-1,-1,2,E01021185,0,1
2025471565094,2025,471565094,3,9,0,-1,4,4,8,-1,0,0,0,0,0,0,2,1,-1,6,2,63,9,-1,-1,-1,-1,5,E01024010,0,1
2025471565094,2025,471565094,2,9,0,-1,4,4,8,-1,0,0,0,0,0,0,2,1,-1,6,2,32,6,-1,-1,-1,-1,3,E01024535,0,4
2025471565094,2025,471565094,1,19,0,-1,4,4,8,-1,0,0,0,0,0,0,1,1,-1,9,1,66,10,-1,-1,-1,-1,5,E01001146,0,4
2025471565097,2025,471565097,1,9,0,-1,19,-1,-1,-1,0,5,0,0,0,0,4,1,-1,6,1,-1,-1,-1,-1,-1,-1,4,E01016852,0,1
2025471565118,2025,471565118,2,9,0,-1,19,5,5,-1,0,2,0,0,0,0,1,1,-1,9,1,27,6,-1,-1,-1,-1,7,E01020970,0,1
2025471565118,2025,471565118,1,1,0,-1,19,1,7,-1,0,1,0,0,0,0,2,1,-1,6,1,14,3,-1,-1,-1,-1,3,E01020996,0,1
2025471565187,2025,471565187,2,9,0,-1,19,3,7,-1,0,1,0,0,0,0,1,1,-1,9,2,42,7,-1,-1,-1,-1,5,E01031835,0,1
2025471565187,2025,471565187,1,9,0,-1,5,1,5,-1,0,6,0,0,0,0,4,1,-1,9,2,65,9,-1,-1,-1,-1,9,E01021083,0,4
2025471565192,2025,471565192,1,9,0,-1,19,1,5,-1,0,0,2,0,1,4,1,1,-1,9,1,18,4,-1,-1,-1,-1,3,E01031559,0,3
2025471565196,2025,471565196,2,9,0,-1,3,7,3,-1,0,0,0,0,0,0,2,1,-1,9,1,27,6,-1,-1,-1,-1,2,E01016978,0,1
2025471565196,2025,471565196,1,1,0,-1,19,7,3,-1,0,0,0,0,0,0,1,1,-1,9,1,19,4,-1,-1,-1,-1,5,E01021064,0,3
2025471565224,2025,471565224,1,9,0,-1,19,7,3,-1,0,2,1,9,3,1,1,1,-1,6,1,20,4,-1,-1,-1,-1,8,E01032605,0,3
2025471565326,2025,471565326,1,19,0,-1,19,8,5,-1,0,8,0,0,0,0,3,1,-1,6,1,39,7,-1,-1,-1,-1,4,E01031785,0,4
2025471565326,2025,471565326,2,9,0,-1,19,6,2,-1,0,8,0,0,0,0,1,1,-1,9,1,57,9,-1,-1,-1,-1,8,E01020931,0,1
2025471565440,2025,471565440,3,19,0,-1,4,3,7,-1,0,0,0,0,0,0,2,1,-1,1,1,31,6,-1,-1,-1,-1,7,E01031447,0,4
2025471565440,2025,471565440,2,9,0,-1,19,7,7,-1,0,0,1,0,1,4,2,1,-1,2,1,18,4,-1,-1,-1,-1,9,E01031622,0,2
2025471565440,2025,471565440,1,9,0,-1,19,3,7,-1,0,0,0,0,0,0,1,1,-1,9,2,30,6,-1,-1,-1,-1,10,E01031627,0,3
2025471565478,2025,471565478,2,8,0,-1,19,6,2,-1,0,0,0,0,1,9,1,1,-1,2,1,48,8,-1,-1,-1,-1,8,E01021171,0,1
2025471565478,2025,471565478,1,9,0,-1,19,2,6,-1,0,0,1,0,2,0,1,1,-1,9,1,23,5,-1,-1,-1,-1,-1,-1,0,-1
2025471565484,2025,471565484,1,9,0,-1,7,2,1,-1,0,0,0,4,0,0,1,1,-1,6,1,20,4,-1,-1,-1,-1,7,E01031460,0,3
2025471565484,2025,471565484,3,9,0,-1,2,0,0,-1,0,0,0,0,0,0,2,1,-1,6,-1,-1,-1,-1,-1,-1,-1,-1,-1,0,-1
2025471565484,2025,471565484,2,9,0,-1,2,0,0,-1,0,0,0,4,0,0,3,1,-1,6,-1,-1,-1,-1,-1,-1,-1,-1,-1,0,-1
2025471565495,2025,471565495,2,19,0,-1,19,7,3,-1,0,0,0,0,0,0,2,1,-1,9,1,60,9,-1,-1,-1,-1,4,E01031435,0,3
2025471565495,2025,471565495,3,9,0,-1,19,7,3,-1,0,0,0,0,0,0,4,1,-1,6,1,65,9,-1,-1,-1,-1,9,E01031389,0,1
2025471565495,2025,471565495,1,9,0,-1,19,7,3,-1,0,0,0,0,0,0,1,1,-1,9,2,47,8,-1,-1,-1,-1,2,E01031779,0,2
2025471565553,2025,471565553,2,9,0,-1,10,3,1,-1,0,1,0,0,0,0,1,1,-1,6,1,28,6,-1,-1,-1,-1,4,E01035253,0,4
2025471565553,2025,471565553,1,1,0,-1,19,1,5,-1,0,1,0,0,0,0,4,1,-1,6,1,63,9,-1,-1,-1,-1,5,E01016974,0,1
2025471565573,2025,471565573,1,9,0,-1,5,7,3,-1,0,0,0,0,0,0,4,1,-1,9,2,73,10,-1,-1,-1,-1,7,E01021094,0,2
2025471565587,2025,471565587,5,9,0,-1,19,4,8,-1,0,2,0,0,0,0,2,1,-1,9,2,61,9,-1,-1,-1,-1,8,E01021232,0,1
2025471565587,2025,471565587,1,3,0,-1,9,8,6,-1,0,8,0,0,0,0,2,1,-1,1,1,30,6,-1,-1,-1,-1,4,E01020914,0,1
2025471565587,2025,471565587,4,9,0,-1,19,4,8,-1,0,2,0,0,0,0,4,1,-1,9,1,50,8,-1,-1,-1,-1,2,E01020930,0,1
2025471565587,2025,471565587,2,9,0,-1,19,4,8,-1,0,1,0,0,0,0,1,1,-1,9,1,26,6,-1,-1,-1,-1,8,E01021209,0,1
2025471565587,2025,471565587,3,9,0,-1,3,4,8,-1,0,2,0,0,0,0,4,1,-1,9,1,24,5,-1,-1,-1,-1,7,E01021166,0,2
2025471565781,2025,471565781,1,9,0,-1,7,7,3,-1,0,0,0,0,0,0,3,1,-1,9,1,39,7,-1,-1,-1,-1,8,E01021081,0,1
2025471565781,2025,471565781,2,9,0,-1,19,4,8,-1,0,0,0,0,0,0,1,1,-1,1,1,21,5,-1,-1,-1,-1,6,E01020950,0,3
2025471565792,2025,471565792,1,19,0,-1,19,1,5,-1,0,6,0,0,3,0,4,1,-1,1,1,65,9,-1,-1,-1,-1,4,E01021006,0,1
2025471565792,2025,471565792,2,2,0,-1,19,5,5,-1,0,1,1,0,0,0,3,1,-1,6,1,36,7,-1,-1,-1,-1,5,E01020999,0,1
2025471565838,2025,471565838,2,9,0,-1,9,3,1,-1,0,8,0,0,0,0,1,1,-1,9,2,39,7,-1,-1,-1,-1,6,E01016996,0,1
2025471565838,2025,471565838,1,9,0,-1,19,7,3,-1,0,1,0,0,0,0,3,1,-1,9,2,50,8,-1,-1,-1,-1,4,E01016882,0,1