collision_index,collision_year,collision_ref_no,vehicle_reference,vehicle_type,towing_and_articulation,vehicle_manoeuvre_historic,vehicle_manoeuvre,vehicle_direction_from,vehicle_direction_to,vehicle_location_restricted_lane_historic,vehicle_location_restricted_lane,junction_location,skidding_and_overturning,hit_object_in_carriageway,vehicle_leaving_carriageway,hit_object_off_carriageway,first_point_of_impact,vehicle_left_hand_drive,journey_purpose_of_driver_historic,journey_purpose_of_driver,sex_of_driver,age_of_driver,age_band_of_driver,engine_capacity_cc,propulsion_code,age_of_vehicle,generic_make_model,driver_imd_decile,lsoa_of_driver,escooter_flag,driver_distance_banding
2025471569798,2025,471569798,1,3,0,-1,4,1,5,-1,0,1,0,0,0,0,1,1,-1,6,1,89,11,-1,-1,-1,-1,5,E01021074,0,4
2025471569798,2025,471569798,2,9,0,-1,9,1,6,-1,0,8,0,0,0,0,2,1,-1,9,1,64,9,-1,-1,-1,-1,10,E01021459,0,4
2025471569915,2025,471569915,2,9,0,-1,19,7,2,-1,0,8,0,0,0,0,2,1,-1,9,2,18,4,-1,-1,-1,-1,10,E01016930,0,1
2025471569915,2025,471569915,1,3,0,-1,9,3,8,-1,0,8,0,0,0,0,1,1,-1,1,1,31,6,-1,-1,-1,-1,1,E01016908,0,1
2025471569969,2025,471569969,2,21,0,-1,2,0,0,-1,0,0,0,0,2,7,2,1,-1,1,1,26,6,-1,-1,-1,-1,2,E01031341,0,4
2025471569969,2025,471569969,1,9,0,-1,19,1,5,-1,0,0,0,4,0,0,1,1,-1,2,1,50,8,-1,-1,-1,-1,8,E01016956,0,4
2025471569969,2025,471569969,3,19,0,-1,2,0,0,-1,0,0,0,0,0,0,0,1,-1,2,1,43,7,-1,-1,-1,-1,1,E01020972,0,4
2025471569976,2025,471569976,2,9,0,-1,7,5,1,-1,4,5,0,0,0,0,4,1,-1,6,1,56,9,-1,-1,-1,-1,8,E01017006,0,1
2025471569976,2025,471569976,1,1,0,-1,19,5,1,-1,4,2,0,0,1,0,3,1,-1,2,1,32,6,-1,-1,-1,-1,2,E01031555,0,4
2025471569999,2025,471569999,2,9,0,-1,3,7,3,-1,0,0,0,0,0,0,1,1,-1,9,2,34,6,-1,-1,-1,-1,1,E01021019,0,1
2025471569999,2025,471569999,1,9,0,-1,19,7,3,-1,0,0,0,0,0,0,3,9,-1,6,3,-1,-1,-1,-1,-1,-1,-1,-1,0,-1
2025471570305,2025,471570305,1,9,0,-1,3,-1,-1,-1,0,0,0,0,0,0,2,1,-1,2,2,24,5,-1,-1,-1,-1,3,E01021102,0,3
2025471570305,2025,471570305,2,19,0,-1,19,-1,-1,-1,0,0,0,99,8,99,1,1,-1,6,1,20,4,-1,-1,-1,-1,3,E01024396,0,4
2025471570366,2025,471570366,1,1,0,-1,19,1,5,-1,0,0,0,0,0,0,0,1,-1,6,1,62,9,-1,-1,-1,-1,6,E01031464,0,1
2025471570366,2025,471570366,2,9,0,-1,6,1,1,-1,0,0,0,0,0,0,0,1,-1,6,1,44,7,-1,-1,-1,-1,1,E01031429,0,1
2025471570437,2025,471570437,1,9,0,-1,19,2,7,-1,0,6,0,0,3,9,1,1,-1,9,1,18,4,-1,-1,-1,-1,3,E01031459,0,3
2025471570441,2025,471570441,1,9,0,-1,9,2,8,-1,0,0,0,0,0,0,4,1,-1,9,1,78,11,-1,-1,-1,-1,7,E01032571,0,4
2025471570441,2025,471570441,2,2,0,-1,19,8,3,-1,0,0,0,0,0,0,3,1,-1,2,1,22,5,-1,-1,-1,-1,8,E01021086,0,2
2025471570459,2025,471570459,2,9,0,-1,19,1,5,-1,0,1,0,0,1,0,3,1,-1,9,2,32,6,-1,-1,-1,-1,5,E01024815,0,2
2025471570459,2025,471570459,1,9,0,-1,19,7,3,-1,0,6,0,0,0,0,1,1,-1,6,2,50,8,-1,-1,-1,-1,9,E01024821,0,1
2025471570552,2025,471570552,1,22,0,-1,5,1,3,-1,9,1,0,0,0,0,0,1,-1,7,2,51,8,-1,-1,-1,-1,3,E01021060,0,1
2025471570667,2025,471570667,1,9,0,-1,9,3,1,-1,0,2,0,0,0,0,1,1,-1,6,1,52,8,-1,-1,-1,-1,7,E01016987,0,1
2025471570702,2025,471570702,2,9,0,-1,7,2,4,-1,0,6,0,0,0,0,1,1,-1,2,1,37,7,-1,-1,-1,-1,6,E01034823,0,1
2025471570702,2025,471570702,1,1,0,-1,19,4,8,-1,5,8,0,0,0,0,3,1,-1,6,1,60,9,-1,-1,-1,-1,5,E01031442,0,1
2025471570758,2025,471570758,3,11,0,-1,19,6,2,-1,0,1,0,0,0,0,1,1,-1,1,1,53,8,-1,-1,-1,-1,6,E01031449,0,4
2025471570758,2025,471570758,2,9,0,-1,19,2,6,-1,0,1,1,0,7,0,4,1,-1,9,2,39,7,-1,-1,-1,-1,10,E01035351,0,1
2025471570758,2025,471570758,1,9,0,-1,9,4,2,-1,0,8,0,0,0,0,1,1,-1,9,1,50,8,-1,-1,-1,-1,7,E01031746,0,2
2025471570819,2025,471570819,2,9,0,-1,4,1,4,-1,0,1,0,0,3,0,2,1,-1,9,1,29,6,-1,-1,-1,-1,4,E01020966,0,4
2025471570819,2025,471570819,1,9,0,-1,19,1,8,-1,0,1,0,0,0,0,1,9,-1,6,3,31,6,-1,-1,-1,-1,4,E01021114,0,4
2025471570835,2025,471570835,2,1,0,-1,19,3,7,-1,0,8,0,0,0,0,2,1,-1,6,1,42,7,-1,-1,-1,-1,2,E01031454,0,2
2025471570835,2025,471570835,1,9,0,-1,19,2,8,-1,0,4,0,0,0,0,1,9,-1,6,2,77,11,-1,-1,-1,-1,6,E01034825,0,1
2025471570853,2025,471570853,1,9,0,-1,9,2,7,-1,0,6,0,0,0,0,3,1,-1,9,2,40,7,-1,-1,-1,-1,5,E01031394,0,2
2025471570853,2025,471570853,2,1,0,-1,19,7,4,-1,0,1,0,0,0,0,1,1,-1,9,1,50,8,-1,-1,-1,-1,6,E01031490,0,1
2025471571038,2025,471571038,2,9,0,-1,19,3,7,-1,0,0,0,0,0,0,2,1,-1,9,1,36,7,-1,-1,-1,-1,7,E01031767,0,4
2025471571038,2025,471571038,1,3,0,-1,19,3,7,-1,0,0,1,0,0,0,1,1,-1,9,1,37,7,-1,-1,-1,-1,1,E01031427,0,1
2025471571038,2025,471571038,3,9,0,-1,11,3,7,-1,0,0,0,0,0,0,0,9,-1,6,3,-1,-1,-1,-1,-1,-1,-1,-1,0,-1
2025471571055,2025,471571055,1,9,0,-1,19,6,1,-1,0,1,0,0,0,0,1,1,-1,6,1,23,5,-1,-1,-1,-1,5,E01031577,0,1
2025471571055,2025,471571055,2,3,0,-1,3,6,1,-1,0,4,0,0,0,0,2,1,-1,6,1,27,6,-1,-1,-1,-1,8,E01032835,0,1
2025471571203,2025,471571203,3,9,0,-1,19,1,5,-1,0,0,0,0,0,0,1,1,-1,2,1,36,7,-1,-1,-1,-1,5,E01034302,0,4
2025471571203,2025,471571203,1,9,0,-1,19,1,5,-1,0,0,0,0,0,0,1,1,-1,9,1,25,5,-1,-1,-1,-1,10,E01004180,0,4
2025471571203,2025,471571203,5,9,0,-1,19,1,5,-1,0,0,0,0,0,0,3,1,-1,9,2,25,5,-1,-1,-1,-1,7,E01024430,0,4
2025471571203,2025,471571203,2,9,0,-1,19,1,5,-1,0,0,0,0,0,0,2,1,-1,2,2,23,5,-1,-1,-1,-1,10,E01031710,0,3
2025471571203,2025,471571203,4,9,0,-1,19,1,5,-1,0,0,0,0,0,0,2,1,-1,6,2,25,5,-1,-1,-1,-1,9,E01035354,0,3
2025471571232,2025,471571232,1,9,0,-1,9,3,1,-1,0,0,0,0,7,0,4,1,-1,2,1,19,4,-1,-1,-1,-1,9,E01021124,0,1
2025471571232,2025,471571232,2,9,0,-1,19,7,3,-1,0,0,0,0,0,0,1,1,-1,9,2,38,7,-1,-1,-1,-1,7,E01021184,0,3
2025471571341,2025,471571341,1,11,0,-1,5,4,8,-1,0,2,0,0,0,0,1,9,-1,6,1,60,9,-1,-1,-1,-1,9,E01016985,0,1
2025471571341,2025,471571341,2,90,-1,-1,19,8,4,-1,0,1,0,0,1,0,1,9,-1,6,1,23,5,-1,-1,-1,-1,4,E01016852,0,1
2025471571379,2025,471571379,1,9,0,-1,19,7,3,-1,0,0,1,0,0,0,1,1,-1,9,2,29,6,-1,-1,-1,-1,7,E01031626,0,1
2025471571379,2025,471571379,2,9,0,-1,19,3,7,-1,0,0,1,0,0,0,1,1,-1,9,1,52,8,-1,-1,-1,-1,10,E01031639,0,4
2025471571379,2025,471571379,3,9,0,-1,19,3,7,-1,0,0,5,0,1,4,1,1,-1,6,1,53,8,-1,-1,-1,-1,6,E01035338,0,3
2025471571402,2025,471571402,2,5,0,-1,19,4,6,-1,2,0,0,0,0,0,1,1,-1,9,1,28,6,-1,-1,-1,-1,4,E01016860,0,3
2025471571402,2025,471571402,1,9,0,-1,7,4,8,-1,0,0,0,0,0,0,4,1,-1,9,1,42,7,-1,-1,-1,-1,4,E01021111,0,4
2025471571411,2025,471571411,1,-1,0,-1,19,1,5,-1,0,1,0,0,0,0,1,1,-1,6,1,13,3,-1,-1,-1,-1,5,E01031595,1,1
2025471571411,2025,471571411,2,9,0,-1,19,3,7,-1,0,1,0,0,0,0,1,1,-1,6,1,42,7,-1,-1,-1,-1,3,E01031553,0,1
2025471571438,2025,471571438,1,9,0,-1,19,6,2,-1,0,1,0,0,0,0,1,1,-1,9,1,76,11,-1,-1,-1,-1,9,E01016962,0,3
2025471571438,2025,471571438,2,9,0,-1,19,6,2,-1,0,1,0,0,0,0,2,1,-1,2,1,55,8,-1,-1,-1,-1,4,E01016008,0,4
2025471571480,2025,471571480,1,9,0,-1,10,7,5,-1,0,2,1,0,0,0,1,1,-1,9,2,20,4,-1,-1,-1,-1,5,E01021109,0,2
2025471571521,2025,471571521,1,19,0,-1,19,7,3,-1,0,1,0,0,0,0,3,1,-1,1,1,44,7,-1,-1,-1,-1,9,E01031563,0,4
2025471571521,2025,471571521,4,9,0,-1,13,7,3,-1,0,1,0,0,0,0,0,1,-1,6,2,60,9,-1,-1,-1,-1,3,E01021057,0,4
2025471571521,2025,471571521,3,9,0,-1,7,7,1,-1,0,1,0,0,0,0,0,1,-1,9,1,76,11,-1,-1,-1,-1,10,E01031739,0,4
2025471571521,2025,471571521,2,5,0,-1,13,7,3,-1,0,1,1,0,0,0,4,1,-1,6,1,66,10,-1,-1,-1,-1,-1,-1,0,-1
2025471571617,2025,471571617,2,9,0,-1,7,5,8,-1,0,8,0,0,0,0,4,1,-1,6,1,37,7,-1,-1,-1,-1,9,E01000327,0,4
2025471571617,2025,471571617,1,1,0,-1,19,5,1,-1,0,8,0,0,0,0,3,1,-1,6,1,29,6,-1,-1,-1,-1,8,E01016932,0,1
2025471571628,2025,471571628,1,9,-1,-1,-1,-1,-1,-1,-1,-1,-1,-1,-1,-1,-1,9,-1,6,2,67,10,-1,-1,-1,-1,8,E01016958,0,1
2025471571655,2025,471571655,1,5,0,-1,19,7,3,-1,-1,0,0,11,1,7,1,1,-1,2,1,56,9,-1,-1,-1,-1,10,E01031690,0,2
2025471571731,2025,471571731,1,9,0,-1,8,3,5,-1,99,1,0,0,0,0,1,1,-1,7,2,42,7,-1,-1,-1,-1,7,E01031653,0,1
2025471571779,2025,471571779,2,9,0,-1,19,2,6,-1,0,0,0,0,0,0,2,1,-1,9,1,54,8,-1,-1,-1,-1,9,E01021123,0,2
2025471571779,2025,471571779,3,9,0,-1,2,0,0,-1,0,0,0,0,0,0,0,1,-1,6,-1,-1,-1,-1,-1,-1,-1,-1,-1,0,-1
2025471571779,2025,471571779,1,3,0,-1,19,2,6,-1,0,0,0,0,0,0,1,1,-1,9,1,19,4,-1,-1,-1,-1,1,E01020972,0,2
2025471571781,2025,471571781,1,9,0,-1,6,1,1,-1,0,0,0,0,7,0,1,1,-1,9,2,70,10,-1,-1,-1,-1,7,E01030591,0,4
2025471571791,2025,471571791,1,9,0,-1,19,2,6,-1,0,2,0,0,1,0,3,1,-1,9,2,41,7,-1,-1,-1,-1,7,E01024789,0,3
2025471571791,2025,471571791,2,9,0,-1,19,6,2,-1,0,1,5,0,0,0,1,1,-1,6,1,60,9,-1,-1,-1,-1,10,E01024404,0,4
2025471571817,2025,471571817,1,9,0,-1,7,1,3,-1,0,6,0,0,0,0,1,1,-1,6,1,57,9,-1,-1,-1,-1,6,E01035346,0,3
2025471571817,2025,471571817,2,1,0,-1,19,7,3,-1,0,8,0,0,0,0,4,1,-1,2,1,49,8,-1,-1,-1,-1,5,E01031595,0,1
2025471571870,2025,471571870,1,9,0,-1,9,6,4,-1,0,1,0,0,0,0,1,1,-1,2,2,60,9,-1,-1,-1,-1,10,E01031425,0,3
2025471571870,2025,471571870,2,19,0,-1,19,4,8,-1,0,1,0,0,0,0,1,1,-1,1,1,27,6,-1,-1,-1,-1,7,E01034829,0,3
2025471571896,2025,471571896,1,9,0,-1,19,4,1,-1,0,8,0,0,0,0,1,1,-1,6,2,24,5,-1,-1,-1,-1,4,E01021006,0,1
2025471571896,2025,471571896,2,9,0,-1,19,5,1,-1,99,8,0,0,0,0,1,1,-1,6,3,-1,-1,-1,-1,-1,-1,-1,-1,0,-1
2025471571914,2025,471571914,1,9,0,-1,19,5,1,-1,0,0,0,0,0,0,1,1,-1,6,2,37,7,-1,-1,-1,-1,10,E01031800,0,1
2025471572064,2025,471572064,2,9,0,-1,19,5,1,-1,0,0,0,0,0,0,1,1,-1,6,2,42,7,-1,-1,-1,-1,6,E01016876,0,3
2025471572064,2025,471572064,1,9,0,-1,15,5,1,-1,0,0,5,0,1,9,1,1,-1,2,1,54,8,-1,-1,-1,-1,9,E01031727,0,3
2025471572068,2025,471572068,2,11,0,-1,9,3,1,-1,0,8,0,0,0,0,1,1,-1,6,2,32,6,-1,-1,-1,-1,6,E01016990,0,1
2025471572068,2025,471572068,1,1,0,-1,19,-1,-1,-1,0,8,0,0,0,0,1,1,-1,7,1,17,4,-1,-1,-1,-1,5,E01016857,0,1
2025471572118,2025,471572118,2,8,0,-1,19,5,2,-1,0,4,0,99,0,0,1,1,-1,6,1,40,7,-1,-1,-1,-1,1,E01021136,0,3
2025471572118,2025,471572118,1,1,0,-1,19,4,8,-1,0,8,0,0,0,0,4,1,-1,6,2,64,9,-1,-1,-1,-1,6,E01034304,0,2
2025471572118,2025,471572118,3,9,0,-1,4,5,2,-1,0,1,0,0,0,0,1,1,-1,6,1,31,6,-1,-1,-1,-1,4,E01020951,0,1
2025471572194,2025,471572194,1,19,0,-1,9,8,6,-1,0,8,0,0,0,0,1,1,-1,1,1,64,9,-1,-1,-1,-1,7,E01016976,0,1
2025471572194,2025,471572194,2,1,0,-1,19,2,6,-1,0,8,0,0,0,0,1,1,-1,6,1,47,8,-1,-1,-1,-1,8,E01016981,0,1
2025471572293,2025,471572293,2,19,0,-1,19,-1,-1,-1,0,0,0,0,0,0,0,1,-1,6,1,-1,-1,-1,-1,-1,-1,-1,-1,0,-1
2025471572293,2025,471572293,1,1,0,-1,19,2,6,-1,0,0,2,99,0,0,1,1,-1,7,1,15,3,-1,-1,-1,-1,4,E01020915,0,1
2025471572334,2025,471572334,2,1,0,-1,19,3,7,-1,9,2,0,0,0,0,3,1,-1,6,1,19,4,-1,-1,-1,-1,5,E01016974,0,1
2025471572334,2025,471572334,1,9,0,-1,5,1,3,-1,9,1,0,0,0,0,1,1,-1,9,1,49,8,-1,-1,-1,-1,5,E01016988,0,1
2025471572357,2025,471572357,1,3,0,-1,14,8,4,-1,0,1,0,99,0,0,1,1,-1,6,1,29,6,-1,-1,-1,-1,2,E01021049,0,2
2025471572357,2025,471572357,2,9,0,-1,9,8,4,-1,0,1,0,99,0,0,3,1,-1,6,1,80,11,-1,-1,-1,-1,6,E01021200,0,3
2025471572458,2025,471572458,1,9,0,-1,19,8,4,-1,0,2,0,0,0,0,1,1,-1,9,1,23,5,-1,-1,-1,-1,3,E01021122,0,2
2025471572472,2025,471572472,1,9,0,-1,19,6,2,-1,0,0,2,0,1,0,1,1,-1,6,1,39,7,-1,-1,-1,-1,8,E01034820,0,1
2025471572553,2025,471572553,2,1,-1,-1,19,4,8,-1,0,0,0,0,0,0,2,1,-1,6,1,44,7,-1,-1,-1,-1,-1,-1,0,-1
2025471572553,2025,471572553,1,11,-1,-1,5,6,2,-1,0,0,0,0,0,0,-1,9,-1,6,3,-1,-1,-1,-1,-1,-1,-1,-1,0,-1
2025471572584,2025,471572584,2,19,4,-1,13,1,5,-1,0,0,0,0,0,0,0,1,-1,6,1,32,6,-1,-1,-1,-1,6,E01031782,0,2
2025471572584,2025,471572584,1,5,0,-1,12,1,5,-1,0,0,2,10,0,0,1,1,-1,9,1,50,8,-1,-1,-1,-1,5,E01031810,0,2
2025471572594,2025,471572594,3,9,0,-1,19,8,3,-1,0,0,0,0,0,0,2,1,-1,9,1,17,4,-1,-1,-1,-1,7,E01031618,0,1
2025471572594,2025,471572594,2,9,0,-1,19,8,3,-1,0,0,0,0,0,0,2,1,-1,1,2,62,9,-1,-1,-1,-1,5,E01031687,0,2
2025471572594,2025,471572594,1,19,0,-1,19,8,3,-1,0,0,0,0,0,0,1,1,-1,2,1,38,7,-1,-1,-1,-1,9,E01031685,0,2
2025471572615,2025,471572615,1,9,0,-1,7,7,8,-1,4,6,0,0,0,0,1,1,-1,6,2,89,11,-1,-1,-1,-1,6,E01031538,0,4
2025471572679,2025,471572679,1,9,0,-1,19,6,2,-1,0,1,0,0,0,0,3,1,-1,6,1,24,5,-1,-1,-1,-1,10,E01031678,0,2
2025471572691,2025,471572691,2,19,0,-1,2,0,0,-1,0,8,0,0,0,0,0,9,-1,6,3,-1,-1,-1,-1,-1,-1,-1,-1,0,-1
2025471572691,2025,471572691,1,9,0,-1,7,6,1,-1,0,2,0,0,0,0,3,1,-1,9,2,42,7,-1,-1,-1,-1,9,E01035352,0,1
2025471572744,2025,471572744,1,9,0,-1,19,8,4,-1,0,0,0,0,0,0,1,1,-1,9,2,30,6,-1,-1,-1,-1,10,E01031713,0,3
2025471572807,2025,471572807,1,9,0,-1,20,6,2,-1,0,0,5,10,0,0,4,1,-1,9,2,38,7,-1,-1,-1,-1,1,E01016900,0,1
2025471572839,2025,471572839,1,1,0,-1,19,5,2,-1,0,0,0,99,0,0,1,1,-1,6,1,52,8,-1,-1,-1,-1,6,E01020962,0,1
2025471572839,2025,471572839,2,9,0,-1,9,2,8,-1,0,0,0,99,0,0,1,1,-1,6,2,73,10,-1,-1,-1,-1,4,E01020951,0,1
2025471572887,2025,471572887,1,9,0,-1,9,1,7,-1,0,6,0,0,0,0,1,1,-1,2,2,56,9,-1,-1,-1,-1,7,E01016961,0,1
2025471572887,2025,471572887,2,9,0,-1,19,7,3,-1,0,1,0,0,0,0,1,1,-1,6,2,28,6,-1,-1,-1,-1,6,E01021066,0,1
2025471572888,2025,471572888,2,9,0,-1,19,1,5,-1,0,0,0,0,0,0,2,1,-1,2,1,52,8,-1,-1,-1,-1,2,E01020917,0,4
2025471572888,2025,471572888,1,9,0,-1,19,5,1,-1,0,0,0,0,1,0,1,1,-1,2,1,40,7,-1,-1,-1,-1,6,E01016971,0,3
2025471572891,2025,471572891,2,9,0,-1,19,2,7,-1,0,0,0,0,8,0,1,1,-1,9,1,35,6,-1,-1,-1,-1,2,E01034826,0,3
2025471572891,2025,471572891,1,9,0,-1,9,5,3,-1,0,0,1,0,0,0,3,1,-1,1,2,30,6,-1,-1,-1,-1,9,E01023036,0,4
2025471572892,2025,471572892,1,5,0,-1,19,6,2,-1,0,0,0,0,7,3,1,1,-1,9,1,79,11,-1,-1,-1,-1,4,E01021138,0,1
2025471572901,2025,471572901,1,3,0,-1,19,7,3,-1,9,0,1,10,7,5,1,1,-1,2,2,49,8,-1,-1,-1,-1,9,E01031413,0,1
2025471573035,2025,471573035,1,1,0,-1,19,2,7,-1,0,8,0,0,0,0,3,1,-1,6,1,51,8,-1,-1,-1,-1,8,E01021172,0,1
2025471573035,2025,471573035,2,9,0,-1,7,2,6,-1,0,1,0,0,0,0,4,1,-1,6,1,83,11,-1,-1,-1,-1,4,E01024767,0,3
2025471573191,2025,471573191,1,9,0,-1,19,1,5,-1,0,0,0,0,0,0,4,1,-1,6,2,24,5,-1,-1,-1,-1,6,E01031533,0,1
2025471573212,2025,471573212,2,9,0,-1,19,6,2,-1,0,0,0,0,0,0,3,1,-1,2,1,36,7,-1,-1,-1,-1,8,E01031698,0,2
2025471573212,2025,471573212,1,9,0,-1,19,6,2,-1,0,0,0,0,0,0,4,1,-1,6,1,24,5,-1,-1,-1,-1,9,E01017000,0,1
2025471573253,2025,471573253,2,9,0,-1,10,6,4,-1,0,0,0,0,0,0,2,1,-1,2,1,51,8,-1,-1,-1,-1,8,E01035341,0,2
2025471573253,2025,471573253,1,9,0,-1,19,6,2,-1,0,0,0,0,0,0,1,1,-1,9,2,78,11,-1,-1,-1,-1,5,E01031611,0,2
2025471573326,2025,471573326,2,9,0,-1,19,1,5,-1,0,0,0,0,0,0,1,9,-1,6,3,-1,-1,-1,-1,-1,-1,-1,-1,0,-1
2025471573326,2025,471573326,1,9,0,-1,19,1,5,-1,0,0,0,0,0,0,2,1,-1,6,1,51,8,-1,-1,-1,-1,9,E01031693,0,1
2025471573357,2025,471573357,1,9,0,-1,19,2,6,-1,0,0,0,0,7,11,1,1,-1,6,2,35,6,-1,-1,-1,-1,5,E01031472,0,3
2025471573377,2025,471573377,2,9,0,-1,8,1,3,-1,0,1,0,0,0,0,1,1,-1,6,3,-1,-1,-1,-1,-1,-1,-1,-1,0,-1
2025471573377,2025,471573377,1,9,0,-1,3,1,5,-1,0,1,0,0,0,0,2,1,-1,1,2,42,7,-1,-1,-1,-1,8,E01017653,0,5
2025471573517,2025,471573517,1,9,0,-1,11,3,7,-1,0,0,0,0,0,0,2,1,-1,9,1,38,7,-1,-1,-1,-1,10,E01021194,0,4
2025471573517,2025,471573517,2,3,0,-1,13,3,7,-1,0,0,1,0,0,0,1,1,-1,1,1,27,6,-1,-1,-1,-1,7,E01021046,0,3
2025471573539,2025,471573539,1,9,0,-1,9,6,2,-1,0,8,0,0,0,0,1,9,-1,6,1,20,4,-1,-1,-1,-1,6,E01020960,0,1
2025471573539,2025,471573539,2,1,0,-1,19,2,6,-1,0,8,0,0,0,0,3,1,-1,9,1,40,7,-1,-1,-1,-1,6,E01020962,0,1
2025471573601,2025,471573601,1,9,0,-1,19,7,3,-1,0,0,0,0,0,0,1,1,-1,6,1,37,7,-1,-1,-1,-1,6,E01034822,0,1
2025471573604,2025,471573604,2,8,0,-1,9,8,6,-1,0,5,0,0,0,0,3,1,-1,2,1,64,9,-1,-1,-1,-1,7,E01031534,0,4
2025471573604,2025,471573604,1,3,0,-1,14,8,4,-1,0,1,1,0,7,0,4,1,-1,2,1,22,5,-1,-1,-1,-1,6,E01034825,0,2
2025471573607,2025,471573607,1,9,0,-1,19,8,4,-1,0,0,0,0,0,0,1,1,-1,9,1,33,6,-1,-1,-1,-1,3,E01031492,0,1
2025471573607,2025,471573607,2,9,0,-1,4,8,4,-1,0,0,0,0,0,0,2,1,-1,2,2,40,7,-1,-1,-1,-1,6,E01035327,0,1
2025471573618,2025,471573618,2,9,0,-1,19,2,2,-1,0,1,0,0,0,0,1,1,-1,6,2,45,7,-1,-1,-1,-1,8,E01021088,0,1
2025471573618,2025,471573618,1,9,0,-1,9,2,6,-1,0,1,0,0,0,0,1,1,-1,6,1,36,7,-1,-1,-1,-1,3,E01017007,0,4
2025471573754,2025,471573754,2,19,0,-1,3,6,2,-1,0,0,0,0,0,0,3,1,-1,1,1,41,7,-1,-1,-1,-1,2,E01021183,0,2
2025471573754,2025,471573754,1,5,0,-1,13,2,6,-1,0,0,0,0,0,0,3,1,-1,9,1,19,4,-1,-1,-1,-1,1,E01020912,0,1
2025471573762,2025,471573762,1,90,0,-1,19,5,1,-1,0,1,5,0,0,0,0,1,-1,9,1,54,8,-1,-1,-1,-1,5,E01016898,0,1
2025471573832,2025,471573832,1,1,0,-1,9,3,7,-1,0,1,0,0,0,0,0,1,-1,6,3,-1,-1,-1,-1,-1,-1,-1,-1,0,-1
2025471573832,2025,471573832,2,9,0,-1,19,3,7,-1,0,2,0,0,1,4,1,1,-1,9,1,53,8,-1,-1,-1,-1,8,E01021233,0,1
2025471573885,2025,471573885,1,5,0,-1,19,8,8,-1,0,0,5,12,0,0,1,1,-1,2,1,23,5,-1,-1,-1,-1,3,E01016907,0,4
2025471573896,2025,471573896,2,9,0,-1,19,5,1,-1,0,1,0,0,0,0,1,1,-1,9,1,63,9,-1,-1,-1,-1,4,E01021101,0,2
2025471573896,2025,471573896,3,9,0,-1,11,4,7,-1,-1,2,0,0,0,0,0,1,-1,6,1,78,11,-1,-1,-1,-1,7,E01021106,0,3
2025471573896,2025,471573896,1,9,0,-1,9,8,5,-1,0,2,0,0,1,0,1,1,-1,2,1,54,8,-1,-1,-1,-1,5,E01021109,0,1
2025471573940,2025,471573940,1,9,0,-1,19,2,5,-1,0,0,0,0,0,0,1,1,-1,6,2,77,11,-1,-1,-1,-1,10,E01031763,0,3
2025471573940,2025,471573940,2,9,0,-1,19,5,2,-1,0,0,0,0,1,0,1,1,-1,6,1,49,8,-1,-1,-1,-1,6,E01021068,0,1
2025471573944,2025,471573944,2,17,0,-1,9,3,8,-1,0,5,0,0,0,0,3,1,-1,1,1,55,8,-1,-1,-1,-1,6,E01031452,0,3
2025471573944,2025,471573944,1,4,0,-1,13,3,7,-1,0,1,2,0,0,0,4,1,-1,9,1,21,5,-1,-1,-1,-1,8,E01017231,0,4
2025471573976,2025,471573976,2,19,0,-1,19,4,8,-1,0,1,0,0,0,0,-1,1,-1,6,1,-1,-1,-1,-1,-1,-1,-1,-1,0,-1
2025471573976,2025,471573976,1,9,0,-1,7,5,8,-1,0,1,0,0,0,0,1,1,-1,6,2,53,8,-1,-1,-1,-1,10,E01031739,0,1
2025471574011,2025,471574011,1,8,0,-1,4,2,6,-1,0,2,0,0,0,0,1,1,-1,9,1,62,9,-1,-1,-1,-1,1,E01021015,0,1
2025471574049,2025,471574049,1,9,0,-1,19,1,5,-1,0,1,0,0,0,0,3,1,-1,1,1,50,8,-1,-1,-1,-1,10,E01031641,0,1
2025471574059,2025,471574059,1,1,0,-1,19,1,6,-1,0,3,0,0,0,0,2,1,-1,6,1,78,11,-1,-1,-1,-1,10,E01031668,0,1
2025471574059,2025,471574059,2,19,0,-1,7,4,6,-1,0,8,0,0,0,0,9,1,-1,6,1,63,9,-1,-1,-1,-1,4,E01031522,0,4
2025471574081,2025,471574081,1,1,0,-1,19,3,7,-1,0,1,0,0,0,0,1,1,-1,9,1,51,8,-1,-1,-1,-1,6,E01030842,0,4
2025471574114,2025,471574114,2,9,0,-1,19,1,5,-1,0,1,0,0,0,0,1,1,-1,6,2,46,8,-1,-1,-1,-1,3,E01021062,0,1
2025471574114,2025,471574114,1,3,-1,-1,19,1,5,-1,0,1,0,0,0,0,-1,1,-1,6,1,23,5,-1,-1,-1,-1,3,E01016922,0,3
2025471574127,2025,471574127,1,22,0,-1,5,5,1,-1,0,0,0,0,0,0,4,1,-1,6,1,105,11,-1,-1,-1,-1,9,E01021223,0,1
2025471574127,2025,471574127,2,9,0,-1,19,7,3,-1,0,0,0,0,0,0,1,1,-1,9,2,87,11,-1,-1,-1,-1,8,E01021055,0,2
2025471574160,2025,471574160,1,9,0,-1,9,6,1,-1,0,6,0,0,0,0,3,1,-1,9,1,26,6,-1,-1,-1,-1,9,E01017672,0,5