collision_index,collision_year,collision_ref_no,vehicle_reference,vehicle_type,towing_and_articulation,vehicle_manoeuvre_historic,vehicle_manoeuvre,vehicle_direction_from,vehicle_direction_to,vehicle_location_restricted_lane_historic,vehicle_location_restricted_lane,junction_location,skidding_and_overturning,hit_object_in_carriageway,vehicle_leaving_carriageway,hit_object_off_carriageway,first_point_of_impact,vehicle_left_hand_drive,journey_purpose_of_driver_historic,journey_purpose_of_driver,sex_of_driver,age_of_driver,age_band_of_driver,engine_capacity_cc,propulsion_code,age_of_vehicle,generic_make_model,driver_imd_decile,lsoa_of_driver,escooter_flag,driver_distance_banding
2025471574160,2025,471574160,2,5,0,-1,19,1,5,-1,0,1,2,0,1,4,1,1,-1,9,2,55,8,-1,-1,-1,-1,10,E01031747,0,3
2025471574171,2025,471574171,1,5,0,-1,19,4,8,-1,0,0,0,0,0,0,1,1,-1,6,1,54,8,-1,-1,-1,-1,7,E01021010,0,2
2025471574171,2025,471574171,2,9,0,-1,13,4,8,-1,0,0,0,0,0,0,2,1,-1,6,1,-1,-1,-1,-1,-1,-1,9,E01021132,0,1
2025471574191,2025,471574191,1,5,0,-1,13,7,3,-1,0,8,0,0,0,0,1,1,-1,9,1,47,8,-1,-1,-1,-1,9,E01000349,0,4
2025471574191,2025,471574191,2,8,0,-1,9,7,5,-1,0,8,0,0,0,0,4,1,-1,1,1,54,8,-1,-1,-1,-1,6,E01016876,0,4
2025471574220,2025,471574220,2,9,0,-1,19,7,3,-1,0,0,0,0,0,0,3,1,-1,9,1,63,9,-1,-1,-1,-1,8,E01019962,0,5
2025471574220,2025,471574220,1,9,0,-1,19,3,7,-1,0,0,0,0,0,0,1,1,-1,9,1,19,4,-1,-1,-1,-1,6,E01035340,0,3
2025471574227,2025,471574227,1,9,0,-1,4,8,3,-1,0,0,0,0,0,0,1,1,-1,2,2,44,7,-1,-1,-1,-1,1,E01021020,0,3
2025471574227,2025,471574227,2,9,0,-1,4,8,3,-1,0,0,0,0,0,0,2,1,-1,6,2,56,9,-1,-1,-1,-1,7,E01021106,0,3
2025471574282,2025,471574282,2,19,0,-1,19,3,7,-1,0,8,5,0,0,0,4,1,-1,1,1,30,6,-1,-1,-1,-1,6,E01031396,0,2
2025471574282,2025,471574282,1,21,0,-1,6,3,3,-1,0,8,0,0,0,0,1,2,-1,1,1,55,8,-1,-1,-1,-1,-1,-1,0,-1
2025471574284,2025,471574284,1,9,0,-1,19,5,2,-1,0,8,0,0,0,0,3,1,-1,6,1,18,4,-1,-1,-1,-1,3,E01031492,0,3
2025471574284,2025,471574284,2,9,0,-1,19,3,7,-1,0,8,0,0,0,0,3,1,-1,6,1,47,8,-1,-1,-1,-1,4,E01016498,0,4
2025471574298,2025,471574298,1,9,0,-1,1,8,5,-1,0,0,0,0,0,0,2,1,-1,9,1,33,6,-1,-1,-1,-1,7,E01016862,0,1
2025471574298,2025,471574298,2,9,0,-1,19,8,4,-1,0,0,0,0,0,0,1,1,-1,9,2,82,11,-1,-1,-1,-1,7,E01016862,0,1
2025471574332,2025,471574332,1,9,0,-1,9,7,3,-1,0,1,0,0,0,0,1,1,-1,6,1,33,6,-1,-1,-1,-1,10,E01031678,0,4
2025471574367,2025,471574367,2,9,0,-1,19,1,5,-1,0,0,0,0,0,0,2,1,-1,6,2,68,10,-1,-1,-1,-1,5,E01021211,0,4
2025471574367,2025,471574367,3,9,0,-1,19,1,5,-1,0,0,0,0,0,0,2,1,-1,6,1,41,7,-1,-1,-1,-1,10,E01001124,0,4
2025471574367,2025,471574367,1,9,0,-1,19,1,5,-1,0,0,0,0,0,0,1,1,-1,6,2,39,7,-1,-1,-1,-1,10,E01031725,0,4
2025471574381,2025,471574381,1,9,0,-1,19,4,8,-1,0,0,0,0,0,0,1,1,-1,6,1,35,6,-1,-1,-1,-1,8,E01031765,0,1
2025471574381,2025,471574381,2,9,0,-1,19,8,4,-1,0,0,0,0,0,0,1,1,-1,9,1,34,6,-1,-1,-1,-1,8,E01031765,0,1
2025471574415,2025,471574415,1,11,0,-1,7,7,1,-1,0,0,0,0,0,0,1,1,-1,1,1,19,4,-1,-1,-1,-1,4,E01021207,0,4
2025471574415,2025,471574415,3,9,0,-1,8,1,3,-1,0,0,0,0,0,0,1,1,-1,9,2,53,8,-1,-1,-1,-1,4,E01016882,0,1
2025471574415,2025,471574415,2,19,0,-1,10,1,7,-1,0,0,0,0,0,0,3,1,-1,6,1,33,6,-1,-1,-1,-1,5,E01016858,0,1
2025471574425,2025,471574425,1,9,0,-1,19,3,6,-1,0,1,0,0,0,0,1,1,-1,1,1,44,7,-1,-1,-1,-1,7,E01016859,0,1
2025471574425,2025,471574425,2,9,0,-1,19,8,4,-1,0,8,0,0,0,0,3,1,-1,9,1,69,10,-1,-1,-1,-1,10,E01031822,0,3
2025471574477,2025,471574477,1,1,0,-1,19,4,8,-1,0,0,2,11,8,1,1,1,-1,9,2,54,8,-1,-1,-1,-1,4,E01021224,0,1
2025471574573,2025,471574573,2,9,0,-1,4,3,7,-1,0,8,0,0,0,0,3,1,-1,9,1,23,5,-1,-1,-1,-1,3,E01016926,0,2
2025471574573,2025,471574573,1,9,0,-1,13,3,7,-1,0,8,5,0,0,0,4,1,-1,9,1,31,6,-1,-1,-1,-1,3,E01016164,0,4
2025471574578,2025,471574578,2,9,0,-1,19,3,7,-1,0,8,0,0,0,0,1,1,-1,9,1,47,8,-1,-1,-1,-1,10,E01031621,0,2
2025471574578,2025,471574578,1,9,0,-1,9,7,5,-1,0,8,0,0,0,0,1,1,-1,9,1,33,6,-1,-1,-1,-1,8,E01030875,0,4
2025471574591,2025,471574591,1,5,0,-1,19,5,1,-1,0,0,1,10,0,0,1,1,-1,6,-1,-1,-1,-1,-1,-1,-1,-1,-1,0,-1
2025471574669,2025,471574669,2,9,0,-1,2,0,0,-1,0,0,0,4,0,0,2,1,-1,6,-1,-1,-1,-1,-1,-1,-1,-1,-1,0,-1
2025471574669,2025,471574669,1,9,0,-1,19,7,3,-1,0,0,0,4,0,0,1,1,-1,1,1,38,7,-1,-1,-1,-1,5,E01031835,0,1
2025471574669,2025,471574669,3,9,0,-1,2,0,0,-1,0,0,0,0,0,0,1,1,-1,6,-1,-1,-1,-1,-1,-1,-1,-1,-1,0,-1
2025471574865,2025,471574865,1,3,0,-1,19,6,3,-1,0,0,0,0,1,0,1,1,-1,9,1,57,9,-1,-1,-1,-1,2,E01024108,0,4
2025471574872,2025,471574872,2,1,0,-1,19,8,4,-1,0,1,0,0,0,0,1,1,-1,1,1,25,5,-1,-1,-1,-1,3,E01016937,0,1
2025471574872,2025,471574872,1,9,0,-1,-1,2,-1,-1,0,8,0,0,0,0,3,9,-1,6,3,-1,-1,-1,-1,-1,-1,-1,-1,0,-1
2025471574947,2025,471574947,1,9,0,-1,19,4,8,-1,0,0,0,0,0,0,1,1,-1,2,1,62,9,-1,-1,-1,-1,6,E01021198,0,2
2025471574947,2025,471574947,2,9,0,-1,3,4,8,-1,0,0,0,0,0,0,2,1,-1,2,2,46,8,-1,-1,-1,-1,8,E01021086,0,2
2025471574970,2025,471574970,1,8,0,-1,19,8,4,-1,0,2,0,0,0,0,1,1,-1,1,1,45,7,-1,-1,-1,-1,4,E01031652,0,1
2025471574977,2025,471574977,1,9,0,-1,19,6,2,-1,0,0,0,0,0,0,1,1,-1,9,1,71,10,-1,-1,-1,-1,5,E01031465,0,4
2025471574977,2025,471574977,2,9,0,-1,19,6,2,-1,0,0,1,0,0,0,4,1,-1,9,2,56,9,-1,-1,-1,-1,9,E01021168,0,4
2025471574979,2025,471574979,2,9,0,-1,19,1,5,-1,0,0,0,0,0,0,3,1,-1,9,1,83,11,-1,-1,-1,-1,3,E01031556,0,1
2025471574979,2025,471574979,1,8,0,-1,19,5,1,-1,0,0,0,0,0,0,3,1,-1,1,1,66,10,-1,-1,-1,-1,3,E01031553,0,1
2025471574987,2025,471574987,1,9,0,-1,4,2,6,-1,0,4,0,0,0,0,2,1,-1,6,2,23,5,-1,-1,-1,-1,5,E01031554,0,2
2025471574987,2025,471574987,2,9,0,-1,19,2,6,-1,0,4,0,0,0,0,1,1,-1,6,2,-1,-1,-1,-1,-1,-1,-1,-1,0,-1
2025471575025,2025,471575025,1,9,0,-1,19,3,7,-1,0,8,0,0,0,0,1,1,-1,2,2,30,6,-1,-1,-1,-1,6,E01031402,0,2
2025471575025,2025,471575025,2,3,0,-1,19,3,7,-1,0,8,5,0,0,0,3,1,-1,2,1,55,8,-1,-1,-1,-1,3,E01031483,0,1
2025471575090,2025,471575090,2,9,0,-1,19,7,4,-1,0,8,0,0,0,0,4,1,-1,1,1,24,5,-1,-1,-1,-1,2,E01024686,0,5
2025471575090,2025,471575090,1,9,0,-1,19,1,5,-1,0,4,0,0,0,0,3,1,-1,9,2,65,9,-1,-1,-1,-1,10,E01031485,0,1
2025471575099,2025,471575099,2,9,0,-1,2,0,0,-1,0,0,1,0,1,0,2,1,-1,6,-1,-1,-1,-1,-1,-1,-1,-1,-1,0,-1
2025471575099,2025,471575099,1,19,0,-1,19,2,6,-1,0,0,1,4,7,3,1,1,-1,1,1,24,5,-1,-1,-1,-1,7,E01030707,0,4
2025471575207,2025,471575207,2,1,0,-1,14,7,3,-1,0,0,0,0,0,0,4,1,-1,6,1,59,9,-1,-1,-1,-1,8,E01031461,0,4
2025471575207,2025,471575207,1,9,0,-1,5,7,5,-1,0,0,0,0,0,0,3,1,-1,9,2,17,4,-1,-1,-1,-1,7,E01031374,0,1
2025471575211,2025,471575211,1,9,0,-1,19,5,1,-1,0,8,0,0,0,0,4,1,-1,6,1,-1,-1,-1,-1,-1,-1,5,E01031788,0,1
2025471575211,2025,471575211,2,8,0,-1,19,4,1,-1,0,8,0,0,0,0,1,1,-1,1,1,-1,-1,-1,-1,-1,-1,10,E01031824,0,1
2025471575260,2025,471575260,1,9,0,-1,19,3,7,-1,9,2,0,0,0,0,4,1,-1,6,1,-1,-1,-1,-1,-1,-1,-1,-1,0,-1
2025471575318,2025,471575318,2,9,0,-1,19,1,5,-1,0,0,0,0,0,0,4,1,-1,9,2,77,11,-1,-1,-1,-1,8,E01021040,0,1
2025471575318,2025,471575318,1,9,0,-1,9,3,1,-1,0,0,0,0,0,0,1,1,-1,9,1,76,11,-1,-1,-1,-1,6,E01021032,0,1
2025471575325,2025,471575325,1,9,0,-1,9,5,3,-1,0,8,0,0,0,0,1,1,-1,9,1,61,9,-1,-1,-1,-1,2,E01016914,0,1
2025471575325,2025,471575325,2,9,0,-1,19,1,5,-1,0,8,0,0,0,0,3,1,-1,1,2,55,8,-1,-1,-1,-1,4,E01024843,0,4
2025471575356,2025,471575356,2,1,0,-1,19,5,1,-1,0,0,0,0,0,0,3,1,-1,6,1,79,11,-1,-1,-1,-1,10,E01031675,0,2
2025471575356,2025,471575356,1,9,0,-1,19,1,5,-1,0,0,0,0,0,0,3,1,-1,6,1,55,8,-1,-1,-1,-1,5,E01031385,0,4
2025471575405,2025,471575405,2,9,0,-1,20,6,2,-1,0,0,0,0,0,0,2,1,-1,6,1,20,4,-1,-1,-1,-1,6,E01035345,0,3
2025471575405,2025,471575405,1,11,0,-1,19,6,2,-1,0,0,0,0,0,0,1,1,-1,6,1,46,8,-1,-1,-1,-1,7,E01030818,0,4
2025471575494,2025,471575494,1,9,0,-1,19,1,1,-1,0,0,0,0,0,0,3,1,-1,6,2,21,5,-1,-1,-1,-1,3,E01016926,0,1
2025471575511,2025,471575511,1,1,0,-1,19,8,4,-1,0,1,2,0,0,0,1,1,-1,6,1,34,6,-1,-1,-1,-1,7,E01016851,0,4
2025471575511,2025,471575511,2,9,0,-1,9,4,2,-1,0,8,0,0,0,0,4,1,-1,6,1,40,7,-1,-1,-1,-1,10,E01031485,0,1
2025471575579,2025,471575579,2,9,0,-1,19,8,4,-1,0,0,0,0,0,0,2,1,-1,6,2,59,9,-1,-1,-1,-1,10,E01031592,0,2
2025471575579,2025,471575579,1,9,0,-1,19,8,4,-1,0,0,0,0,0,0,1,1,-1,9,1,22,5,-1,-1,-1,-1,9,E01031730,0,1
2025471575642,2025,471575642,2,19,0,-1,19,2,6,-1,0,0,0,0,0,0,3,1,-1,1,2,38,7,-1,-1,-1,-1,9,E01035752,0,5
2025471575642,2025,471575642,3,9,0,-1,19,2,6,-1,0,0,0,0,0,0,1,1,-1,1,1,29,6,-1,-1,-1,-1,7,E01031398,0,4
2025471575642,2025,471575642,1,9,0,-1,11,2,6,-1,0,0,0,0,5,6,1,1,-1,6,2,29,6,-1,-1,-1,-1,6,E01016927,0,1
2025471575701,2025,471575701,1,9,0,-1,19,5,8,-1,0,3,5,0,0,0,1,1,-1,6,2,46,8,-1,-1,-1,-1,5,E01034301,0,1
2025471575714,2025,471575714,2,1,-1,-1,9,8,5,-1,0,2,0,0,0,0,1,1,-1,6,2,-1,-1,-1,-1,-1,-1,-1,-1,0,-1
2025471575714,2025,471575714,1,9,0,-1,5,2,5,-1,0,1,0,0,0,0,1,1,-1,9,1,79,11,-1,-1,-1,-1,10,E01021052,0,2
2025471575836,2025,471575836,1,9,0,-1,19,3,7,-1,0,2,0,0,0,0,1,1,-1,9,2,83,11,-1,-1,-1,-1,10,E01031822,0,1
2025471575836,2025,471575836,2,9,0,-1,3,3,7,-1,0,2,0,0,0,0,2,1,-1,6,1,65,9,-1,-1,-1,-1,3,E01031360,0,2
2025471575905,2025,471575905,1,9,0,-1,19,5,1,-1,0,0,0,0,0,0,1,1,-1,8,1,31,6,-1,-1,-1,-1,2,E01016949,0,1
2025471575905,2025,471575905,2,1,0,-1,19,5,1,-1,0,0,0,0,0,0,-1,1,-1,6,1,37,7,-1,-1,-1,-1,1,E01016866,0,1
2025471575930,2025,471575930,1,1,0,-1,2,0,0,-1,9,2,0,0,0,0,4,1,-1,6,1,22,5,-1,-1,-1,-1,3,E01031473,0,1
2025471575930,2025,471575930,2,9,0,-1,1,2,6,-1,9,2,0,0,0,0,2,1,-1,6,1,18,4,-1,-1,-1,-1,5,E01031394,0,1
2025471575962,2025,471575962,2,9,0,-1,4,2,6,-1,0,4,0,0,0,0,2,1,-1,9,2,45,7,-1,-1,-1,-1,7,E01035329,0,1
2025471575962,2025,471575962,1,9,0,-1,5,2,6,-1,0,4,0,0,0,0,1,1,-1,2,1,32,6,-1,-1,-1,-1,4,E01031608,0,1
2025471575968,2025,471575968,3,9,0,-1,3,8,4,-1,0,0,0,0,0,0,2,1,-1,2,1,57,9,-1,-1,-1,-1,10,E01031703,0,3
2025471575968,2025,471575968,1,9,0,-1,19,8,4,-1,0,0,0,0,0,0,1,1,-1,2,2,23,5,-1,-1,-1,-1,6,E01021199,0,4
2025471575968,2025,471575968,2,19,0,-1,19,8,4,-1,0,0,0,0,0,0,2,1,-1,2,1,41,7,-1,-1,-1,-1,10,E01021192,0,3
2025471576014,2025,471576014,1,9,0,-1,13,3,7,-1,0,0,0,0,0,0,1,1,-1,9,1,33,6,-1,-1,-1,-1,3,E01017091,0,4
2025471576014,2025,471576014,2,17,0,-1,19,7,3,-1,0,0,0,0,0,0,3,1,-1,1,1,29,6,-1,-1,-1,-1,6,E01022592,0,3
2025471576038,2025,471576038,1,9,0,-1,19,5,1,-1,0,1,0,0,0,0,1,1,-1,9,2,52,8,-1,-1,-1,-1,10,E01031644,0,2
2025471576044,2025,471576044,1,19,0,-1,19,7,3,-1,0,0,0,0,0,0,0,9,-1,6,3,-1,-1,-1,-1,-1,-1,-1,-1,0,-1
2025471576044,2025,471576044,2,9,0,-1,19,3,7,-1,0,0,0,0,0,0,2,1,-1,6,1,36,7,-1,-1,-1,-1,9,E01031495,0,3
2025471576044,2025,471576044,3,3,0,-1,19,3,7,-1,0,0,0,0,0,0,1,1,-1,2,2,29,6,-1,-1,-1,-1,6,E01031402,0,1
2025471576115,2025,471576115,1,9,0,-1,19,4,8,-1,0,2,0,0,0,0,1,9,-1,6,3,-1,-1,-1,-1,-1,-1,-1,-1,0,-1
2025471576131,2025,471576131,2,9,0,-1,2,0,0,-1,-1,1,0,0,0,0,3,1,-1,6,-1,-1,-1,-1,-1,-1,-1,-1,-1,0,-1
2025471576131,2025,471576131,1,9,0,-1,19,7,3,-1,0,1,5,4,0,0,1,1,-1,2,1,29,6,-1,-1,-1,-1,9,E01016611,0,4
2025471576177,2025,471576177,2,9,0,-1,19,1,5,-1,0,8,0,0,0,0,1,1,-1,9,2,54,8,-1,-1,-1,-1,7,E01031387,0,1
2025471576177,2025,471576177,1,9,0,-1,19,3,7,-1,0,8,0,0,0,0,3,1,-1,9,2,45,7,-1,-1,-1,-1,8,E01024451,0,4
2025471576333,2025,471576333,2,9,0,-1,3,1,5,-1,0,2,0,0,0,0,2,1,-1,9,1,44,7,-1,-1,-1,-1,8,E01031757,0,3
2025471576333,2025,471576333,3,9,0,-1,3,1,5,-1,0,1,0,0,0,0,2,1,-1,2,2,46,8,-1,-1,-1,-1,2,E01016906,0,1
2025471576333,2025,471576333,1,9,0,-1,19,1,5,-1,0,1,0,0,0,0,1,1,-1,6,-1,-1,-1,-1,-1,-1,-1,-1,-1,0,-1
2025471576342,2025,471576342,1,21,0,-1,1,3,7,-1,0,0,0,0,0,0,2,1,-1,1,1,43,7,-1,-1,-1,-1,7,E01030949,0,4
2025471576453,2025,471576453,1,3,0,-1,19,4,8,-1,0,2,0,0,0,0,1,1,-1,9,1,15,3,-1,-1,-1,-1,8,E01021055,0,1
2025471576471,2025,471576471,1,19,0,-1,9,2,8,-1,0,0,0,0,0,0,1,1,-1,2,1,59,9,-1,-1,-1,-1,9,E01021235,0,1
2025471576471,2025,471576471,2,2,0,-1,19,6,2,-1,0,0,0,0,0,0,1,1,-1,9,1,16,4,-1,-1,-1,-1,6,E01020960,0,1
2025471576498,2025,471576498,1,19,0,-1,19,1,5,-1,0,0,0,0,1,0,1,1,-1,6,-1,-1,-1,-1,-1,-1,-1,-1,-1,0,-1
2025471576522,2025,471576522,1,9,0,-1,4,1,5,-1,0,4,0,9,1,11,1,1,-1,9,1,41,7,-1,-1,-1,-1,1,E01020912,0,3
2025471576523,2025,471576523,2,9,0,-1,4,1,5,-1,0,1,0,0,1,0,3,1,-1,6,2,19,4,-1,-1,-1,-1,10,E01031425,0,2
2025471576523,2025,471576523,1,9,0,-1,9,2,1,-1,0,8,0,0,0,0,3,1,-1,6,1,18,4,-1,-1,-1,-1,7,E01031777,0,2
2025471576567,2025,471576567,2,5,0,-1,13,8,4,-1,0,0,0,0,7,0,1,1,-1,6,1,33,6,-1,-1,-1,-1,5,E01021152,0,3
2025471576567,2025,471576567,1,9,0,-1,5,2,6,-1,0,0,0,0,0,0,3,1,-1,6,1,48,8,-1,-1,-1,-1,5,E01021213,0,2
2025471576621,2025,471576621,1,3,0,-1,14,6,2,-1,0,1,2,0,0,0,1,1,-1,6,1,18,4,-1,-1,-1,-1,3,E01031492,0,1
2025471576621,2025,471576621,2,9,0,-1,5,7,5,-1,0,1,0,0,0,0,3,1,-1,6,1,-1,-1,-1,-1,-1,-1,-1,-1,0,-1
2025471576745,2025,471576745,1,9,0,-1,7,6,8,-1,0,6,0,0,0,0,3,1,-1,6,1,66,10,-1,-1,-1,-1,6,E01020962,0,1
2025471576745,2025,471576745,2,9,0,-1,19,8,4,-1,0,8,0,0,0,0,1,1,-1,9,2,56,9,-1,-1,-1,-1,6,E01020960,0,1
2025471576767,2025,471576767,1,19,0,-1,9,1,6,-1,0,2,0,0,0,0,3,1,-1,2,1,63,9,-1,-1,-1,-1,4,E01031605,0,1
2025471576767,2025,471576767,2,1,0,-1,19,2,6,-1,0,2,0,0,0,0,3,1,-1,6,1,79,11,-1,-1,-1,-1,9,E01031590,0,1
2025471576770,2025,471576770,1,9,0,-1,19,1,5,-1,0,0,0,0,0,0,1,1,-1,6,2,78,11,-1,-1,-1,-1,10,E01021159,0,1
2025471576770,2025,471576770,3,19,4,-1,19,1,5,-1,0,0,0,0,0,0,0,1,-1,1,1,49,8,-1,-1,-1,-1,5,E01024427,0,3
2025471576770,2025,471576770,2,9,0,-1,3,1,5,-1,0,0,0,0,0,0,2,1,-1,6,2,81,11,-1,-1,-1,-1,10,E01021159,0,1
2025471576784,2025,471576784,1,9,0,-1,19,3,7,-1,0,0,0,0,0,0,4,1,-1,6,2,76,11,-1,-1,-1,-1,8,E01016958,0,3
2025471576852,2025,471576852,2,19,0,-1,19,8,4,-1,0,0,0,0,0,0,2,1,-1,1,1,42,7,-1,-1,-1,-1,2,E01031783,0,3
2025471576852,2025,471576852,1,9,0,-1,19,8,4,-1,0,0,0,0,0,0,1,1,-1,9,2,62,9,-1,-1,-1,-1,5,E01002798,0,4
2025471576852,2025,471576852,3,19,0,-1,19,8,4,-1,0,0,0,0,0,0,2,1,-1,1,1,25,5,-1,-1,-1,-1,8,E01016917,0,1
2025471576910,2025,471576910,1,9,0,-1,13,1,5,-1,0,1,0,0,0,0,4,1,-1,9,1,18,4,-1,-1,-1,-1,6,E01020943,0,2
2025471576910,2025,471576910,2,9,3,-1,7,1,3,-1,0,1,0,0,0,0,4,1,-1,9,1,36,7,-1,-1,-1,-1,2,E01021178,0,1
2025471576921,2025,471576921,2,5,0,-1,19,3,7,-1,0,3,1,10,0,0,2,1,-1,9,1,56,9,-1,-1,-1,-1,1,E01016885,0,4
2025471576921,2025,471576921,1,9,0,-1,19,4,1,-1,0,3,0,0,0,0,1,1,-1,6,2,83,11,-1,-1,-1,-1,7,E01030872,0,4
2025471576929,2025,471576929,1,9,0,-1,19,6,2,-1,0,0,5,0,0,0,1,1,-1,9,2,80,11,-1,-1,-1,-1,8,E01021147,0,3
2025471576929,2025,471576929,2,9,0,-1,2,0,0,-1,0,0,0,0,0,0,2,1,-1,6,-1,-1,-1,-1,-1,-1,-1,-1,-1,0,-1
2025471576929,2025,471576929,3,9,0,-1,2,0,0,-1,0,0,0,0,0,0,2,1,-1,6,-1,-1,-1,-1,-1,-1,-1,-1,-1,0,-1
2025471576942,2025,471576942,1,9,0,-1,19,7,3,-1,0,2,0,0,0,0,1,1,-1,2,1,39,7,-1,-1,-1,-1,2,E01021016,0,1
2025471576942,2025,471576942,2,8,0,-1,10,7,3,-1,0,2,0,0,0,0,2,1,-1,2,1,40,7,-1,-1,-1,-1,3,E01021017,0,1
2025471576946,2025,471576946,2,9,0,-1,14,6,2,-1,0,0,0,0,0,0,2,1,-1,1,1,81,11,-1,-1,-1,-1,4,E01021114,0,1
2025471576946,2025,471576946,3,9,0,-1,2,0,0,-1,0,0,0,0,0,0,0,1,-1,6,-1,-1,-1,-1,-1,-1,-1,-1,-1,0,-1
2025471576946,2025,471576946,1,5,0,-1,13,6,2,-1,0,0,5,0,0,0,1,1,-1,6,1,60,9,-1,-1,-1,-1,8,E01021115,0,1
2025471576955,2025,471576955,2,3,0,-1,19,7,3,-1,0,1,5,0,0,0,4,1,-1,9,2,18,4,-1,-1,-1,-1,3,E01021127,0,2
2025471576955,2025,471576955,1,9,0,-1,12,8,7,-1,0,1,0,0,0,0,1,1,-1,9,2,42,7,-1,-1,-1,-1,3,E01020975,0,1
2025471576977,2025,471576977,1,9,0,-1,7,1,3,-1,0,2,0,0,0,0,1,1,-1,2,1,45,7,-1,-1,-1,-1,6,E01016877,0,1
2025471576977,2025,471576977,2,1,0,-1,19,7,3,-1,0,1,0,0,0,0,1,1,-1,6,1,45,7,-1,-1,-1,-1,1,E01016868,0,1
2025471576984,2025,471576984,1,5,0,-1,19,7,3,-1,0,2,0,0,1,0,4,1,-1,6,1,66,10,-1,-1,-1,-1,8,E01030867,0,2
2025471577276,2025,471577276,1,9,0,-1,5,8,6,-1,0,0,0,0,0,0,1,1,-1,9,1,18,4,-1,-1,-1,-1,5,W01000599,0,5
2025471577276,2025,471577276,2,9,0,-1,19,6,1,-1,0,0,0,0,0,0,4,1,-1,9,2,26,6,-1,-1,-1,-1,7,E01035329,0,1
2025471577298,2025,471577298,2,9,0,-1,2,0,0,-1,0,0,0,0,0,0,3,1,-1,6,-1,-1,-1,-1,-1,-1,-1,-1,-1,0,-1
2025471577298,2025,471577298,1,9,0,-1,19,2,6,-1,0,0,0,0,0,0,4,1,-1,9,1,59,9,-1,-1,-1,-1,1,E01020989,0,1
2025471577303,2025,471577303,2,9,0,-1,2,0,0,-1,0,0,0,0,0,0,4,1,-1,6,-1,-1,-1,-1,-1,-1,-1,-1,-1,0,-1
2025471577303,2025,471577303,1,19,0,-1,19,1,5,-1,0,0,0,4,0,0,4,9,-1,6,1,80,11,-1,-1,-1,-1,9,E01031714,0,1
2025471577312,2025,471577312,1,9,0,-1,19,5,1,-1,0,3,1,10,1,0,4,1,-1,6,1,33,6,-1,-1,-1,-1,5,E01031584,0,1
2025471577316,2025,471577316,1,3,0,-1,19,6,2,-1,0,0,0,0,2,0,1,1,-1,6,1,23,5,-1,-1,-1,-1,1,E01020923,0,1
2025471577324,2025,471577324,1,5,0,-1,13,2,6,-1,0,0,0,0,0,0,1,1,-1,9,1,60,9,-1,-1,-1,-1,2,E01021183,0,3
2025471577324,2025,471577324,2,5,0,-1,19,6,2,-1,-1,0,0,0,1,0,1,1,-1,9,1,23,5,-1,-1,-1,-1,10,E01031758,0,4
2025471577324,2025,471577324,3,11,-1,-1,19,2,6,-1,0,0,0,0,0,0,0,9,-1,1,1,61,9,-1,-1,-1,-1,6,E01021070,0,3
2025471577335,2025,471577335,2,9,0,-1,19,3,6,-1,0,0,0,0,0,0,2,1,-1,6,1,34,6,-1,-1,-1,-1,9,E01023847,0,4
2025471577335,2025,471577335,1,9,0,-1,19,3,6,-1,0,0,0,0,0,0,1,1,-1,6,1,21,5,-1,-1,-1,-1,2,E01020911,0,4
2025471577405,2025,471577405,1,9,0,-1,4,3,7,-1,0,0,0,0,0,0,2,1,-1,6,1,25,5,-1,-1,-1,-1,4,E01020947,0,2
2025471577405,2025,471577405,2,9,0,-1,19,3,7,-1,0,0,0,0,0,0,1,1,-1,6,1,30,6,-1,-1,-1,-1,8,E01020964,0,2
2025471577405,2025,471577405,5,1,-1,-1,-1,-1,-1,-1,-1,0,-1,-1,-1,0,-1,1,-1,6,3,-1,-1,-1,-1,-1,-1,-1,-1,0,-1
2025471577405,2025,471577405,3,9,0,-1,19,4,7,-1,0,0,0,0,0,0,1,1,-1,6,1,67,10,-1,-1,-1,-1,4,E01020947,0,2
2025471577405,2025,471577405,4,9,0,-1,19,4,7,-1,0,0,0,0,0,0,1,1,-1,6,1,60,9,-1,-1,-1,-1,3,E01016919,0,4
2025471577431,2025,471577431,1,4,0,-1,19,6,2,-1,0,1,0,0,0,0,3,1,-1,9,1,25,5,-1,-1,-1,-1,7,E01021053,0,2
2025471577431,2025,471577431,2,9,0,-1,19,6,2,-1,0,1,0,0,0,0,3,1,-1,9,2,39,7,-1,-1,-1,-1,8,E01031659,0,4
2025471577458,2025,471577458,1,9,0,-1,19,2,4,-1,0,0,0,0,0,0,3,1,-1,9,1,20,4,-1,-1,-1,-1,9,E01030360,0,4
2025471577458,2025,471577458,2,9,0,-1,19,4,2,-1,0,0,0,0,0,0,3,1,-1,9,1,31,6,-1,-1,-1,-1,7,E01030943,0,4
2025471577469,2025,471577469,2,9,0,-1,4,1,5,-1,0,1,0,0,0,0,2,1,-1,9,1,39,7,-1,-1,-1,-1,5,E01021116,0,2
2025471577469,2025,471577469,1,5,0,-1,19,1,5,-1,0,1,0,0,0,0,1,1,-1,9,1,73,10,-1,-1,-1,-1,7,E01021112,0,3
2025471577470,2025,471577470,2,1,0,-1,19,6,2,-1,0,8,0,0,0,0,4,1,-1,6,1,68,10,-1,-1,-1,-1,6,E01020926,0,1
2025471577470,2025,471577470,1,9,0,-1,7,8,2,-1,0,7,0,0,0,0,3,1,-1,9,1,77,11,-1,-1,-1,-1,1,E01020923,0,1