collision_index,collision_year,collision_ref_no,vehicle_reference,vehicle_type,towing_and_articulation,vehicle_manoeuvre_historic,vehicle_manoeuvre,vehicle_direction_from,vehicle_direction_to,vehicle_location_restricted_lane_historic,vehicle_location_restricted_lane,junction_location,skidding_and_overturning,hit_object_in_carriageway,vehicle_leaving_carriageway,hit_object_off_carriageway,first_point_of_impact,vehicle_left_hand_drive,journey_purpose_of_driver_historic,journey_purpose_of_driver,sex_of_driver,age_of_driver,age_band_of_driver,engine_capacity_cc,propulsion_code,age_of_vehicle,generic_make_model,driver_imd_decile,lsoa_of_driver,escooter_flag,driver_distance_banding
2025471577476,2025,471577476,1,9,0,-1,19,6,2,-1,0,2,0,0,1,4,1,1,-1,9,2,65,9,-1,-1,-1,-1,7,E01021077,0,4
2025471577479,2025,471577479,1,9,0,-1,19,4,1,-1,0,3,0,0,0,0,1,1,-1,9,2,43,7,-1,-1,-1,-1,9,E01031580,0,3
2025471577483,2025,471577483,1,9,0,-1,9,8,5,-1,0,8,0,0,0,0,4,1,-1,2,1,39,7,-1,-1,-1,-1,1,E01016904,0,1
2025471577483,2025,471577483,2,1,0,-1,12,3,5,-1,0,8,0,0,0,0,3,1,-1,2,1,33,6,-1,-1,-1,-1,2,E01016910,0,1
2025471577567,2025,471577567,1,1,0,-1,19,3,7,-1,9,5,0,0,0,0,1,1,-1,6,2,28,6,-1,-1,-1,-1,5,E01021047,0,1
2025471577582,2025,471577582,1,9,0,-1,19,6,2,-1,0,0,0,0,7,4,1,1,-1,6,1,20,4,-1,-1,-1,-1,9,E01031582,0,1
2025471577658,2025,471577658,1,1,0,-1,9,7,1,-1,0,4,0,0,0,0,4,1,-1,9,1,66,10,-1,-1,-1,-1,4,E01031435,0,1
2025471577658,2025,471577658,2,9,0,-1,7,7,1,-1,0,4,0,0,0,0,3,1,-1,6,1,75,10,-1,-1,-1,-1,9,E01031384,0,1
2025471577721,2025,471577721,2,9,0,-1,19,7,3,-1,0,4,0,0,0,0,1,9,-1,6,1,-1,-1,-1,-1,-1,-1,-1,-1,0,-1
2025471577721,2025,471577721,1,9,0,-1,19,7,3,-1,0,4,0,0,0,0,2,1,-1,6,1,39,7,-1,-1,-1,-1,3,W01000499,0,5
2025471577765,2025,471577765,2,9,0,-1,19,1,5,-1,0,0,0,0,0,0,4,1,-1,9,1,48,8,-1,-1,-1,-1,9,E01031706,0,1
2025471577765,2025,471577765,1,19,0,-1,5,5,1,-1,0,0,0,0,0,0,4,1,-1,1,1,27,6,-1,-1,-1,-1,10,E01031774,0,1
2025471577771,2025,471577771,1,5,0,-1,19,2,6,-1,0,0,1,0,7,9,1,1,-1,9,1,32,6,-1,-1,-1,-1,2,E01021103,0,2
2025471577771,2025,471577771,2,9,0,-1,6,2,2,-1,0,0,0,0,0,0,3,1,-1,9,1,71,10,-1,-1,-1,-1,7,E01024009,0,3
2025471577817,2025,471577817,2,19,0,-1,2,0,0,-1,0,0,0,0,0,0,1,1,-1,6,-1,-1,-1,-1,-1,-1,-1,-1,-1,0,-1
2025471577817,2025,471577817,1,9,0,-1,19,1,5,-1,9,0,1,4,1,11,1,1,-1,9,1,81,11,-1,-1,-1,-1,7,E01021110,0,2
2025471577866,2025,471577866,2,1,0,-1,19,4,8,-1,0,2,0,8,0,0,1,1,-1,6,1,30,6,-1,-1,-1,-1,-1,-1,0,-1
2025471577866,2025,471577866,1,9,0,-1,3,4,6,-1,0,2,0,0,0,0,4,1,-1,6,2,80,11,-1,-1,-1,-1,9,E01021085,0,1
2025471577908,2025,471577908,2,21,5,-1,19,1,5,-1,0,0,0,0,0,0,4,1,-1,6,1,73,10,-1,-1,-1,-1,10,E01031820,0,2
2025471577908,2025,471577908,1,9,0,-1,1,3,7,-1,0,0,0,0,0,0,2,1,-1,2,1,34,6,-1,-1,-1,-1,3,E01031360,0,1
2025471578015,2025,471578015,1,9,0,-1,19,3,7,-1,0,0,0,0,0,0,1,1,-1,9,2,23,5,-1,-1,-1,-1,10,E01031768,0,3
2025471578114,2025,471578114,1,9,0,-1,19,1,5,-1,0,1,0,0,7,11,1,1,-1,1,1,43,7,-1,-1,-1,-1,7,E01024316,0,4
2025471578140,2025,471578140,1,9,0,-1,19,6,2,-1,0,0,0,0,0,0,1,1,-1,2,1,35,6,-1,-1,-1,-1,9,E01030568,0,4
2025471578140,2025,471578140,2,1,0,-1,19,4,8,-1,0,0,0,0,0,0,3,1,-1,6,2,-1,-1,-1,-1,-1,-1,-1,-1,0,-1
2025471578193,2025,471578193,1,9,0,-1,19,3,3,-1,0,0,0,0,1,10,1,1,-1,6,1,60,9,-1,-1,-1,-1,10,E01016208,0,4
2025471578193,2025,471578193,2,9,0,-1,2,0,0,-1,0,0,0,0,0,0,1,1,-1,6,-1,-1,-1,-1,-1,-1,-1,-1,-1,0,-1
2025471578298,2025,471578298,1,1,0,-1,19,2,6,-1,4,1,2,10,1,0,3,1,-1,6,1,44,7,-1,-1,-1,-1,6,E01031673,0,1
2025471578298,2025,471578298,2,19,5,-1,15,2,6,-1,4,1,0,0,0,0,0,1,-1,6,1,45,7,-1,-1,-1,-1,10,E01031615,0,3
2025471578332,2025,471578332,1,11,0,-1,19,5,1,-1,0,0,0,0,0,0,0,1,-1,6,1,22,5,-1,-1,-1,-1,4,E01016869,0,2
2025471578332,2025,471578332,2,9,-1,-1,-1,-1,-1,-1,-1,0,-1,-1,-1,0,-1,9,-1,6,3,-1,-1,-1,-1,-1,-1,-1,-1,0,-1
2025471578342,2025,471578342,1,1,0,-1,19,3,7,-1,0,1,0,0,0,0,1,1,-1,6,3,-1,-1,-1,-1,-1,-1,-1,-1,0,-1
2025471578460,2025,471578460,1,9,0,-1,19,1,5,-1,0,0,5,0,7,4,1,1,-1,9,2,60,9,-1,-1,-1,-1,8,E01002453,0,4
2025471578460,2025,471578460,2,9,0,-1,19,5,1,-1,0,0,0,0,0,0,0,1,-1,2,2,27,6,-1,-1,-1,-1,8,E01031629,0,2
2025471578462,2025,471578462,1,9,0,-1,9,1,7,-1,0,2,0,0,0,0,1,2,-1,6,1,35,6,-1,-1,-1,-1,1,E01031429,0,1
2025471578462,2025,471578462,2,9,0,-1,2,0,0,-1,0,1,0,0,0,0,4,2,-1,6,-1,-1,-1,-1,-1,-1,-1,-1,-1,0,-1
2025471578486,2025,471578486,2,9,0,-1,19,3,7,-1,0,1,0,0,1,10,1,1,-1,9,2,20,4,-1,-1,-1,-1,7,E01031536,0,1
2025471578486,2025,471578486,1,8,0,-1,9,1,7,-1,0,8,0,0,0,0,1,1,-1,1,1,56,9,-1,-1,-1,-1,8,E01022639,0,3
2025471578611,2025,471578611,1,9,0,-1,19,6,3,-1,0,0,2,0,7,4,1,1,-1,9,1,69,10,-1,-1,-1,-1,10,E01031754,0,1
2025471578690,2025,471578690,1,11,0,-1,5,7,3,-1,2,0,0,0,0,0,4,2,-1,1,1,62,9,-1,-1,-1,-1,3,E01016907,0,1
2025471578749,2025,471578749,2,1,0,-1,19,7,3,-1,0,8,0,0,0,0,1,1,-1,2,1,34,6,-1,-1,-1,-1,3,E01021060,0,2
2025471578749,2025,471578749,1,9,0,-1,9,3,1,-1,0,8,0,0,0,0,4,1,-1,9,1,33,6,-1,-1,-1,-1,3,E01021060,0,2
2025471578764,2025,471578764,2,9,0,-1,10,1,7,-1,0,8,0,0,0,0,2,1,-1,9,2,68,10,-1,-1,-1,-1,8,E01031542,0,1
2025471578764,2025,471578764,1,9,0,-1,19,1,5,-1,0,1,0,0,1,9,1,1,-1,9,2,71,10,-1,-1,-1,-1,9,E01022788,0,4
2025471578830,2025,471578830,2,9,0,-1,19,7,3,-1,0,0,0,0,0,0,2,1,-1,6,1,43,7,-1,-1,-1,-1,7,E01023178,0,5
2025471578830,2025,471578830,3,9,0,-1,5,3,8,-1,0,0,0,0,0,0,1,1,-1,1,1,57,9,-1,-1,-1,-1,5,E01021064,0,1
2025471578830,2025,471578830,1,9,0,-1,13,7,3,-1,0,0,0,0,0,0,1,1,-1,6,1,41,7,-1,-1,-1,-1,1,E01016900,0,3
2025471578854,2025,471578854,2,90,0,-1,19,1,5,-1,0,0,0,0,0,0,1,2,-1,9,1,49,8,-1,-1,-1,-1,-1,-1,0,-1
2025471578854,2025,471578854,1,9,0,-1,19,5,1,-1,0,0,0,0,1,0,1,1,-1,9,1,71,10,-1,-1,-1,-1,6,E01021198,0,2
2025471578861,2025,471578861,1,9,0,-1,19,3,1,-1,0,0,1,0,1,4,1,1,-1,6,1,34,6,-1,-1,-1,-1,6,E01031544,0,1
2025471578869,2025,471578869,3,9,0,-1,19,2,6,-1,0,0,0,0,0,0,2,1,-1,9,1,28,6,-1,-1,-1,-1,7,E01021046,0,1
2025471578869,2025,471578869,1,9,0,-1,19,7,3,-1,0,0,0,0,0,0,1,9,-1,6,1,55,8,-1,-1,-1,-1,8,E01021073,0,2
2025471578869,2025,471578869,2,9,0,-1,19,2,6,-1,0,0,0,0,1,0,2,1,-1,6,2,37,7,-1,-1,-1,-1,8,E01021028,0,1
2025471578874,2025,471578874,2,5,0,-1,13,7,3,-1,0,0,2,0,0,0,4,1,-1,9,1,55,8,-1,-1,-1,-1,9,E01021153,0,4
2025471578874,2025,471578874,1,9,0,-1,9,7,3,-1,0,0,0,0,0,0,3,1,-1,9,1,29,6,-1,-1,-1,-1,8,E01031633,0,4
2025471578900,2025,471578900,1,19,0,-1,19,3,7,-1,0,0,0,0,1,0,1,1,-1,9,2,35,6,-1,-1,-1,-1,10,E01031828,0,1
2025471579069,2025,471579069,1,9,0,-1,4,2,6,-1,0,0,0,0,0,0,1,1,-1,9,2,30,6,-1,-1,-1,-1,8,E01031840,0,4
2025471579069,2025,471579069,2,9,0,-1,4,2,6,-1,0,0,0,0,0,0,2,1,-1,9,1,57,9,-1,-1,-1,-1,3,E01000403,0,4
2025471579086,2025,471579086,2,9,0,-1,9,8,5,-1,0,5,0,0,0,0,3,1,-1,2,1,39,7,-1,-1,-1,-1,8,E01022948,0,3
2025471579086,2025,471579086,1,5,0,-1,19,8,4,-1,0,1,0,0,7,10,1,1,-1,6,1,31,6,-1,-1,-1,-1,2,E01022904,0,2
2025471579178,2025,471579178,1,9,0,-1,19,4,8,-1,0,0,5,0,1,11,1,1,-1,6,1,41,7,-1,-1,-1,-1,3,E01018081,0,5
2025471579182,2025,471579182,2,9,0,-1,19,3,8,-1,0,0,0,0,1,0,1,1,-1,1,1,40,7,-1,-1,-1,-1,9,E01031642,0,4
2025471579182,2025,471579182,1,19,0,-1,19,8,3,-1,0,0,0,0,0,0,1,1,-1,1,1,-1,-1,-1,-1,-1,-1,-1,-1,0,-1
2025471579256,2025,471579256,2,98,0,-1,19,7,2,-1,0,1,0,0,0,0,0,9,-1,6,3,-1,-1,-1,-1,-1,-1,-1,-1,0,-1
2025471579256,2025,471579256,1,9,0,-1,19,2,7,-1,0,2,0,0,1,4,1,1,-1,1,1,41,7,-1,-1,-1,-1,8,E01030823,0,1
2025471579288,2025,471579288,1,5,0,-1,19,-1,-1,-1,0,0,1,10,9,0,4,1,-1,6,1,26,6,-1,-1,-1,-1,5,E01031600,0,1
2025471579288,2025,471579288,2,9,0,-1,19,-1,-1,-1,0,0,0,0,0,0,1,1,-1,6,1,61,9,-1,-1,-1,-1,7,E01023540,0,4
2025471579312,2025,471579312,1,9,0,-1,19,1,5,-1,0,0,0,0,7,4,1,1,-1,6,1,36,7,-1,-1,-1,-1,8,E01017008,0,1
2025471579323,2025,471579323,1,-1,0,-1,19,1,5,-1,0,1,0,0,0,0,3,1,-1,1,1,30,6,-1,-1,-1,-1,1,E01016915,1,1
2025471579323,2025,471579323,2,11,0,-1,13,1,5,-1,0,1,0,0,0,0,4,1,-1,1,1,61,9,-1,-1,-1,-1,2,E01016905,0,1
2025471579330,2025,471579330,3,9,0,-1,4,4,8,-1,0,1,0,0,0,0,0,1,-1,1,1,27,6,-1,-1,-1,-1,2,E01016949,0,1
2025471579330,2025,471579330,1,90,0,-1,19,4,8,-1,0,8,0,0,0,0,1,1,-1,6,1,16,4,-1,-1,-1,-1,8,E01016931,0,1
2025471579330,2025,471579330,2,9,0,-1,19,7,3,-1,0,8,0,0,0,0,3,1,-1,2,2,32,6,-1,-1,-1,-1,3,E01016919,0,2
2025471579356,2025,471579356,1,8,0,-1,19,4,6,-1,0,0,0,0,8,7,4,1,-1,9,1,60,9,-1,-1,-1,-1,5,E01031470,0,4
2025471579356,2025,471579356,2,9,0,-1,19,4,5,-1,0,0,0,0,0,0,4,1,-1,2,1,63,9,-1,-1,-1,-1,10,E01031695,0,3
2025471579408,2025,471579408,1,3,0,-1,19,5,1,-1,0,0,0,0,0,0,1,1,-1,9,2,27,6,-1,-1,-1,-1,5,E01031584,0,2
2025471579461,2025,471579461,2,5,0,-1,19,2,6,-1,0,8,0,0,0,0,1,1,-1,9,1,64,9,-1,-1,-1,-1,4,E01020952,0,3
2025471579461,2025,471579461,1,9,0,-1,10,5,2,-1,0,8,0,0,0,0,1,2,-1,9,1,61,9,-1,-1,-1,-1,3,E01021092,0,2
2025471579579,2025,471579579,1,9,0,-1,3,1,5,-1,0,0,0,0,0,0,2,1,-1,6,2,40,7,-1,-1,-1,-1,5,E01001150,0,4
2025471579579,2025,471579579,2,5,0,-1,19,1,5,-1,0,0,2,0,0,0,1,1,-1,6,1,-1,-1,-1,-1,-1,-1,2,E01001249,0,4
2025471579606,2025,471579606,1,9,0,-1,19,3,2,-1,0,0,0,0,0,0,1,1,-1,9,1,100,11,-1,-1,-1,-1,6,E01020960,0,2
2025471579606,2025,471579606,2,9,0,-1,4,3,3,-1,0,0,0,0,0,0,2,1,-1,9,1,30,6,-1,-1,-1,-1,2,E01020998,0,3
2025471579606,2025,471579606,3,9,0,-1,4,7,2,-1,0,0,0,0,0,0,2,1,-1,9,2,57,9,-1,-1,-1,-1,7,E01021106,0,1
2025471579741,2025,471579741,1,9,0,-1,19,8,4,-1,0,0,0,4,0,0,1,1,-1,6,2,39,7,-1,-1,-1,-1,3,E01016922,0,1
2025471579741,2025,471579741,4,9,0,-1,2,0,0,-1,0,0,0,0,0,0,1,1,-1,6,-1,-1,-1,-1,-1,-1,-1,-1,-1,0,-1
2025471579741,2025,471579741,2,9,0,-1,2,0,0,-1,-1,0,1,0,0,0,2,1,-1,6,-1,-1,-1,-1,-1,-1,-1,-1,-1,0,-1
2025471579741,2025,471579741,3,9,0,-1,2,0,0,-1,-1,0,1,0,0,0,2,1,-1,6,-1,-1,-1,-1,-1,-1,-1,-1,-1,0,-1
2025471579781,2025,471579781,1,9,0,-1,2,0,0,-1,0,0,0,0,0,0,1,1,-1,6,1,27,6,-1,-1,-1,-1,4,E01017123,0,4
2025471579781,2025,471579781,3,9,0,-1,2,0,0,-1,0,0,0,0,0,0,2,1,-1,6,1,41,7,-1,-1,-1,-1,8,E01031466,0,2
2025471579781,2025,471579781,2,9,0,-1,2,0,0,-1,0,0,0,0,0,0,2,1,-1,6,2,28,6,-1,-1,-1,-1,7,E01034295,0,4
2025471579812,2025,471579812,1,9,0,-1,9,3,1,-1,0,1,0,0,0,0,1,1,-1,9,1,28,6,-1,-1,-1,-1,5,E01031481,0,1
2025471580090,2025,471580090,1,4,0,-1,19,8,4,-1,0,0,2,0,1,10,1,1,-1,9,1,25,5,-1,-1,-1,-1,1,E01020985,0,3
2025471580119,2025,471580119,1,9,0,-1,2,0,0,-1,9,0,0,0,0,0,3,1,-1,9,1,18,4,-1,-1,-1,-1,10,E01031729,0,2
2025471580119,2025,471580119,2,9,0,-1,19,6,2,-1,0,0,0,4,0,0,4,1,-1,9,1,77,11,-1,-1,-1,-1,7,E01021173,0,1
2025471580303,2025,471580303,2,9,0,-1,19,4,8,-1,0,0,0,0,0,0,1,1,-1,9,2,56,9,-1,-1,-1,-1,5,E01021087,0,1
2025471580303,2025,471580303,1,9,0,-1,19,8,4,-1,0,0,0,0,0,0,1,1,-1,1,2,18,4,-1,-1,-1,-1,7,E01021009,0,3
2025471580329,2025,471580329,1,9,0,-1,19,7,3,-1,0,0,0,0,1,0,1,1,-1,6,1,23,5,-1,-1,-1,-1,8,E01031667,0,3
2025471580329,2025,471580329,2,9,0,-1,19,7,3,-1,0,0,0,0,0,0,2,1,-1,6,1,52,8,-1,-1,-1,-1,6,E01031709,0,2
2025471580454,2025,471580454,1,9,0,-1,10,8,6,-1,0,8,0,0,0,0,1,1,-1,2,2,38,7,-1,-1,-1,-1,5,E01031472,0,1
2025471580454,2025,471580454,2,9,0,-1,19,6,2,-1,0,1,0,0,0,0,1,1,-1,9,2,59,9,-1,-1,-1,-1,4,E01031441,0,1
2025471580476,2025,471580476,1,9,0,-1,5,5,8,-1,0,2,0,0,0,0,4,1,-1,9,2,41,7,-1,-1,-1,-1,1,E01020993,0,1
2025471580534,2025,471580534,1,9,-1,-1,19,-1,-1,-1,0,0,0,0,0,0,4,9,-1,6,3,-1,-1,-1,-1,-1,-1,-1,-1,0,-1
2025471580534,2025,471580534,2,1,0,-1,19,2,6,-1,0,0,0,0,0,0,0,1,-1,6,1,17,4,-1,-1,-1,-1,1,E01020972,0,1
2025471580558,2025,471580558,1,9,0,-1,19,3,7,-1,0,2,0,0,0,0,0,9,-1,6,1,78,11,-1,-1,-1,-1,6,E01031375,0,3
2025471580558,2025,471580558,3,9,0,-1,2,0,0,-1,0,2,0,0,0,0,2,9,-1,6,3,-1,-1,-1,-1,-1,-1,-1,-1,0,-1
2025471580558,2025,471580558,2,1,0,-1,15,3,7,-1,0,2,0,0,0,0,0,1,-1,6,1,15,3,-1,-1,-1,-1,1,E01016915,0,4
2025471580567,2025,471580567,1,9,0,-1,19,2,6,-1,0,1,0,0,0,0,1,1,-1,9,1,66,10,-1,-1,-1,-1,7,E01035321,0,1
2025471580567,2025,471580567,2,9,0,-1,7,2,5,-1,0,5,0,0,1,11,2,1,-1,9,1,47,8,-1,-1,-1,-1,7,E01035321,0,1
2025471580573,2025,471580573,2,9,0,-1,19,8,4,-1,0,8,0,0,0,0,4,1,-1,2,2,37,7,-1,-1,-1,-1,8,E01031416,0,1
2025471580573,2025,471580573,1,9,0,-1,5,2,8,-1,0,2,0,0,7,4,1,1,-1,9,1,83,11,-1,-1,-1,-1,8,E01031418,0,1
2025471580579,2025,471580579,1,5,0,-1,9,2,3,-1,0,8,0,0,0,0,1,1,-1,7,1,29,6,-1,-1,-1,-1,1,E01016947,0,3
2025471580670,2025,471580670,1,9,0,-1,19,1,5,-1,0,2,0,0,0,0,1,1,-1,9,2,42,7,-1,-1,-1,-1,6,E01031363,0,1
2025471580681,2025,471580681,1,9,0,-1,19,2,6,-1,0,0,5,0,0,0,1,1,-1,9,1,18,4,-1,-1,-1,-1,10,E01031739,0,1
2025471580694,2025,471580694,1,9,0,-1,19,1,5,-1,0,2,0,0,8,10,1,1,-1,6,1,32,6,-1,-1,-1,-1,1,E01031404,0,1
2025471580722,2025,471580722,1,2,0,-1,19,1,5,-1,0,2,0,0,0,0,1,1,-1,6,3,-1,-1,-1,-1,-1,-1,-1,-1,0,-1
2025471580728,2025,471580728,1,9,0,-1,9,3,1,-1,0,8,1,0,7,0,1,1,-1,2,2,37,7,-1,-1,-1,-1,8,E01031698,0,4
2025471580728,2025,471580728,2,9,0,-1,19,1,5,-1,0,1,0,0,0,0,1,1,-1,9,1,56,9,-1,-1,-1,-1,-1,-1,0,-1
2025471580812,2025,471580812,2,9,0,-1,9,7,4,-1,0,6,0,0,0,0,1,1,-1,6,1,35,6,-1,-1,-1,-1,3,E01024493,0,4
2025471580812,2025,471580812,1,3,0,-1,19,4,8,-1,0,1,1,0,0,0,4,1,-1,9,1,18,4,-1,-1,-1,-1,4,E01020947,0,1
2025471580849,2025,471580849,2,9,0,-1,13,3,7,-1,0,0,0,0,0,0,1,1,-1,9,1,48,8,-1,-1,-1,-1,7,E01016920,0,1
2025471580849,2025,471580849,1,1,0,-1,9,3,1,-1,0,0,0,0,0,0,2,1,-1,9,1,25,5,-1,-1,-1,-1,3,E01016907,0,1
2025471580861,2025,471580861,2,97,0,-1,7,6,2,-1,0,0,0,0,0,0,1,1,-1,6,1,17,4,-1,-1,-1,-1,3,E01020919,0,1
2025471580861,2025,471580861,1,9,0,-1,19,2,6,-1,0,0,0,0,0,0,3,1,-1,6,2,28,6,-1,-1,-1,-1,5,E01034300,0,2
2025471580882,2025,471580882,1,9,0,-1,19,4,6,-1,0,0,5,0,1,0,1,1,-1,9,1,18,4,-1,-1,-1,-1,10,E01031592,0,1
2025471580970,2025,471580970,1,1,0,-1,9,4,2,-1,0,0,0,0,0,0,3,1,-1,2,1,31,6,-1,-1,-1,-1,7,E01016851,0,1
2025471580970,2025,471580970,2,9,0,-1,19,5,1,-1,0,0,0,0,0,0,4,1,-1,9,2,42,7,-1,-1,-1,-1,3,E01031348,0,1
2025471581066,2025,471581066,2,1,-1,-1,10,3,7,-1,0,8,0,0,0,0,3,1,-1,6,1,58,9,-1,-1,-1,-1,7,E01031423,0,1
2025471581066,2025,471581066,1,19,0,-1,14,3,7,-1,0,1,0,0,0,0,4,1,-1,6,2,55,8,-1,-1,-1,-1,6,E01031817,0,1
2025471581191,2025,471581191,1,8,0,-1,19,7,3,-1,0,1,0,0,7,11,1,1,-1,1,1,57,9,-1,-1,-1,-1,10,E01031804,0,1
2025471581280,2025,471581280,2,9,0,-1,19,6,2,-1,0,0,0,0,1,0,2,1,-1,6,2,84,11,-1,-1,-1,-1,6,E01021193,0,3
2025471581280,2025,471581280,1,9,0,-1,13,2,6,-1,0,0,0,0,0,0,3,1,-1,6,2,69,10,-1,-1,-1,-1,7,E01021146,0,1
2025471581344,2025,471581344,2,19,0,-1,6,7,3,-1,0,2,0,0,0,0,3,2,-1,9,1,51,8,-1,-1,-1,-1,-1,-1,0,-1
2025471581344,2025,471581344,1,3,0,-1,19,7,3,-1,0,1,0,0,0,0,1,1,-1,6,1,31,6,-1,-1,-1,-1,-1,-1,0,-1
2025471581362,2025,471581362,1,9,0,-1,19,4,8,-1,0,8,0,0,1,10,4,1,-1,6,1,20,4,-1,-1,-1,-1,3,E01031912,0,5
2025471581405,2025,471581405,1,19,0,-1,9,4,2,-1,0,8,0,0,0,0,3,1,-1,6,1,32,6,-1,-1,-1,-1,9,E01021155,0,3
2025471581405,2025,471581405,2,1,0,-1,13,4,8,-1,0,8,0,0,0,0,1,1,-1,6,1,30,6,-1,-1,-1,-1,8,E01030823,0,1
2025471581474,2025,471581474,2,21,1,-1,11,7,3,-1,0,0,0,0,0,0,1,1,-1,6,1,-1,-1,-1,-1,-1,-1,-1,-1,0,-1
2025471581474,2025,471581474,1,9,0,-1,19,7,3,-1,0,0,0,0,0,0,3,1,-1,2,1,30,6,-1,-1,-1,-1,10,E01031703,0,2
2025471581555,2025,471581555,2,9,0,-1,19,3,7,-1,0,8,0,99,0,0,1,1,-1,6,3,-1,-1,-1,-1,-1,-1,-1,-1,0,-1
2025471581555,2025,471581555,1,1,0,-1,19,5,1,-1,0,8,0,99,3,99,2,1,-1,6,1,19,4,-1,-1,-1,-1,3,E01020937,0,1
2025471581568,2025,471581568,1,9,0,-1,19,7,3,-1,0,8,0,0,0,0,4,2,-1,9,1,35,6,-1,-1,-1,-1,3,E01016937,0,1
2025471581568,2025,471581568,2,9,0,-1,19,1,5,-1,0,1,0,0,0,0,1,2,-1,6,1,42,7,-1,-1,-1,-1,2,E01031341,0,3
2025471581570,2025,471581570,1,9,0,-1,19,3,7,-1,0,8,0,0,0,0,1,1,-1,9,1,86,11,-1,-1,-1,-1,7,E01031399,0,1
2025471581570,2025,471581570,2,9,0,-1,9,7,5,-1,0,4,0,0,0,0,1,1,-1,9,2,69,10,-1,-1,-1,-1,7,E01031460,0,1
2025471581682,2025,471581682,1,9,0,-1,9,3,1,-1,0,8,0,0,0,0,1,1,-1,6,2,19,4,-1,-1,-1,-1,6,E01021198,0,2
2025471581682,2025,471581682,2,5,0,-1,19,1,5,-1,0,8,1,0,0,0,4,1,-1,6,1,39,7,-1,-1,-1,-1,3,E01021090,0,2
2025471581704,2025,471581704,2,9,0,-1,5,7,7,-1,0,0,0,0,0,0,1,1,-1,9,1,64,9,-1,-1,-1,-1,6,E01021206,0,1
2025471581704,2025,471581704,1,4,0,-1,19,7,3,-1,9,0,2,0,7,0,1,1,-1,9,1,29,6,-1,-1,-1,-1,8,E01021233,0,2
2025471581778,2025,471581778,2,9,0,-1,19,2,5,-1,0,1,0,0,1,11,1,1,-1,7,2,34,6,-1,-1,-1,-1,8,E01020963,0,1
2025471581778,2025,471581778,1,9,0,-1,19,5,1,-1,0,1,0,0,0,0,1,1,-1,7,1,35,6,-1,-1,-1,-1,6,E01020943,0,1
2025471581865,2025,471581865,1,1,0,-1,-1,-1,-1,-1,-1,0,-1,-1,-1,0,-1,1,-1,9,1,66,10,-1,-1,-1,-1,10,E01031700,0,1
2025471582019,2025,471582019,1,9,0,-1,2,3,7,-1,0,1,0,4,0,0,4,1,-1,6,1,25,5,-1,-1,-1,-1,5,E01031595,0,4
2025471582019,2025,471582019,2,9,0,-1,2,0,0,-1,0,1,1,0,1,11,3,1,-1,6,-1,-1,-1,-1,-1,-1,-1,-1,-1,0,-1
2025471582019,2025,471582019,3,9,0,-1,19,1,5,-1,0,1,0,0,0,0,1,1,-1,2,2,43,7,-1,-1,-1,-1,3,E01031372,0,2
2025471582051,2025,471582051,1,9,0,-1,19,5,1,-1,0,0,0,0,0,0,4,1,-1,6,2,32,6,-1,-1,-1,-1,9,E01030929,0,4
2025471582116,2025,471582116,1,9,0,-1,19,8,4,-1,0,0,0,4,7,0,1,1,-1,9,1,38,7,-1,-1,-1,-1,-1,-1,0,-1
2025471582116,2025,471582116,2,9,0,-1,2,0,0,-1,0,0,0,0,1,0,3,1,-1,6,-1,-1,-1,-1,-1,-1,-1,-1,-1,0,-1
2025471582135,2025,471582135,1,9,0,-1,9,6,3,-1,0,0,0,0,0,0,4,1,-1,9,1,81,11,-1,-1,-1,-1,9,E01031721,0,1
2025471582135,2025,471582135,2,5,0,-1,19,2,6,-1,0,0,2,0,0,0,1,1,-1,2,1,55,8,-1,-1,-1,-1,8,E01031764,0,2
2025471582255,2025,471582255,4,9,-1,-1,9,1,7,-1,0,5,0,0,0,0,0,9,-1,6,1,32,6,-1,-1,-1,-1,4,E01030816,0,3
2025471582255,2025,471582255,2,9,0,-1,19,1,5,-1,0,1,0,0,0,0,2,1,-1,9,1,57,9,-1,-1,-1,-1,10,E01001101,0,4
2025471582255,2025,471582255,3,9,0,-1,19,1,5,-1,0,1,0,0,0,0,1,1,-1,9,1,58,9,-1,-1,-1,-1,9,E01031722,0,3
2025471582255,2025,471582255,1,9,0,-1,19,1,5,-1,0,1,0,0,0,0,1,1,-1,9,1,30,6,-1,-1,-1,-1,1,E01013959,0,5
2025471582298,2025,471582298,1,9,0,-1,7,3,5,-1,0,8,0,0,0,0,4,1,-1,2,1,48,8,-1,-1,-1,-1,6,E01016994,0,1
2025471582305,2025,471582305,2,9,0,-1,19,5,1,-1,0,0,5,0,2,0,4,1,-1,9,1,77,11,-1,-1,-1,-1,10,E01031640,0,4
2025471582305,2025,471582305,1,21,0,-1,12,5,1,-1,0,0,0,0,0,0,3,2,-1,1,1,27,6,-1,-1,-1,-1,-1,-1,0,-1
2025471582356,2025,471582356,2,90,0,-1,19,7,3,-1,0,0,1,0,0,0,1,1,-1,2,1,59,9,-1,-1,-1,-1,2,E01024533,0,4
2025471582356,2025,471582356,1,19,0,-1,19,3,7,-1,0,0,0,0,1,0,3,1,-1,1,1,24,5,-1,-1,-1,-1,4,E01020966,0,4
2025471582356,2025,471582356,3,9,0,-1,19,3,7,-1,0,0,0,0,0,0,1,2,-1,9,1,81,11,-1,-1,-1,-1,-1,-1,0,-1