collision_index,collision_year,collision_ref_no,vehicle_reference,vehicle_type,towing_and_articulation,vehicle_manoeuvre_historic,vehicle_manoeuvre,vehicle_direction_from,vehicle_direction_to,vehicle_location_restricted_lane_historic,vehicle_location_restricted_lane,junction_location,skidding_and_overturning,hit_object_in_carriageway,vehicle_leaving_carriageway,hit_object_off_carriageway,first_point_of_impact,vehicle_left_hand_drive,journey_purpose_of_driver_historic,journey_purpose_of_driver,sex_of_driver,age_of_driver,age_band_of_driver,engine_capacity_cc,propulsion_code,age_of_vehicle,generic_make_model,driver_imd_decile,lsoa_of_driver,escooter_flag,driver_distance_banding
2025471585895,2025,471585895,2,19,0,-1,5,4,1,-1,0,4,0,0,0,0,3,1,-1,6,1,22,5,-1,-1,-1,-1,3,E01031795,0,1
2025471585914,2025,471585914,2,9,0,-1,2,0,0,-1,0,1,0,0,0,0,1,1,-1,6,-1,-1,-1,-1,-1,-1,-1,-1,-1,0,-1
2025471585914,2025,471585914,1,9,0,-1,5,5,1,-1,0,2,0,4,0,0,1,1,-1,9,2,18,4,-1,-1,-1,-1,9,E01031353,0,1
2025471585942,2025,471585942,2,19,0,-1,2,0,0,-1,0,0,0,0,0,0,1,1,-1,6,3,-1,-1,-1,-1,-1,-1,-1,-1,0,-1
2025471585942,2025,471585942,1,9,0,-1,7,5,8,-1,0,0,0,0,0,0,4,9,-1,9,1,67,10,-1,-1,-1,-1,3,E01031473,0,1
2025471585989,2025,471585989,1,9,0,-1,19,5,1,-1,0,1,0,0,0,0,4,1,-1,9,2,20,4,-1,-1,-1,-1,9,E01031458,0,2
2025471585989,2025,471585989,2,19,0,-1,9,8,5,-1,0,6,0,0,0,0,3,1,-1,6,1,71,10,-1,-1,-1,-1,5,E01031470,0,1
2025471585997,2025,471585997,2,9,0,-1,4,8,4,-1,0,1,0,0,0,0,1,9,-1,6,2,-1,-1,-1,-1,-1,-1,-1,-1,0,-1
2025471585997,2025,471585997,1,9,0,-1,4,8,4,-1,0,1,0,0,0,0,2,1,-1,6,2,55,8,-1,-1,-1,-1,3,E01020973,0,1
2025471586048,2025,471586048,1,9,0,-1,19,5,1,-1,0,0,0,0,0,0,3,1,-1,9,1,43,7,-1,-1,-1,-1,9,E01024802,0,3
2025471586048,2025,471586048,2,5,0,-1,19,1,5,-1,0,0,0,0,0,0,3,1,-1,6,1,62,9,-1,-1,-1,-1,7,E01021093,0,4
2025471586052,2025,471586052,2,9,0,-1,19,5,1,-1,0,0,0,0,0,0,3,1,-1,6,1,57,9,-1,-1,-1,-1,9,E01031727,0,1
2025471586052,2025,471586052,1,9,0,-1,19,1,5,-1,0,0,1,0,0,0,3,1,-1,6,1,23,5,-1,-1,-1,-1,9,E01031727,0,1
2025471586086,2025,471586086,2,9,0,-1,19,3,7,-1,0,1,0,0,0,0,1,1,-1,2,1,31,6,-1,-1,-1,-1,2,E01031790,0,1
2025471586086,2025,471586086,1,1,0,-1,19,1,5,-1,0,2,0,0,0,0,4,1,-1,9,1,11,3,-1,-1,-1,-1,8,E01031781,0,1
2025471586105,2025,471586105,3,9,0,-1,19,3,7,-1,0,0,0,0,0,0,3,2,-1,2,2,56,9,-1,-1,-1,-1,1,E01020984,0,3
2025471586105,2025,471586105,1,9,0,-1,19,7,3,-1,0,0,0,0,7,0,3,1,-1,2,1,20,4,-1,-1,-1,-1,2,E01021137,0,1
2025471586105,2025,471586105,2,9,0,-1,19,3,7,-1,0,0,0,0,0,0,3,1,-1,2,2,52,8,-1,-1,-1,-1,3,E01021003,0,3
2025471586163,2025,471586163,1,19,-1,-1,5,1,5,-1,0,0,0,0,0,0,3,9,-1,6,1,-1,-1,-1,-1,-1,-1,6,E01034822,0,4
2025471586163,2025,471586163,2,22,0,-1,19,1,5,-1,0,0,0,0,0,0,4,1,-1,6,2,66,10,-1,-1,-1,-1,2,E01020910,0,1
2025471586212,2025,471586212,2,1,0,-1,19,4,2,-1,0,8,0,0,0,0,4,1,-1,2,1,53,8,-1,-1,-1,-1,7,E01031525,0,1
2025471586212,2025,471586212,1,9,0,-1,5,6,2,-1,0,4,0,0,0,0,1,1,-1,6,1,46,8,-1,-1,-1,-1,5,E01031523,0,1
2025471586226,2025,471586226,1,9,0,-1,9,2,8,-1,0,3,0,11,0,0,1,1,-1,6,2,40,7,-1,-1,-1,-1,5,E01031472,0,2
2025471586416,2025,471586416,2,9,0,-1,19,1,5,-1,0,0,0,0,1,0,3,1,-1,9,1,70,10,-1,-1,-1,-1,8,E01030822,0,2
2025471586416,2025,471586416,1,9,0,-1,19,5,1,-1,0,0,0,0,0,0,3,1,-1,9,1,81,11,-1,-1,-1,-1,5,E01021120,0,4
2025471586470,2025,471586470,4,19,0,-1,2,0,0,-1,0,2,0,0,0,0,2,1,-1,6,-1,-1,-1,-1,-1,-1,-1,-1,-1,0,-1
2025471586470,2025,471586470,1,9,0,-1,20,6,2,-1,0,2,0,4,7,10,1,1,-1,9,1,81,11,-1,-1,-1,-1,6,E01031839,0,1
2025471586470,2025,471586470,3,9,0,-1,2,0,0,-1,0,2,0,0,0,0,2,1,-1,6,-1,-1,-1,-1,-1,-1,-1,-1,-1,0,-1
2025471586470,2025,471586470,2,9,0,-1,2,0,0,-1,0,2,0,0,0,0,2,1,-1,6,-1,-1,-1,-1,-1,-1,-1,-1,-1,0,-1
2025471586479,2025,471586479,2,9,0,-1,19,8,4,-1,0,0,0,0,0,0,3,1,-1,2,1,61,9,-1,-1,-1,-1,2,E01016918,0,1
2025471586479,2025,471586479,1,9,0,-1,19,4,8,-1,0,0,0,0,0,0,1,1,-1,9,2,30,6,-1,-1,-1,-1,5,E01016886,0,1
2025471586479,2025,471586479,3,19,0,-1,2,0,0,-1,0,0,0,0,0,0,3,1,-1,6,-1,-1,-1,-1,-1,-1,-1,-1,-1,0,-1
2025471586492,2025,471586492,1,9,0,-1,19,3,8,-1,0,0,5,0,1,4,1,1,-1,9,1,19,4,-1,-1,-1,-1,9,E01032838,0,3
2025471586503,2025,471586503,2,1,0,-1,19,6,2,-1,4,1,0,0,0,0,1,1,-1,6,1,22,5,-1,-1,-1,-1,1,E01016915,0,1
2025471586503,2025,471586503,1,9,0,-1,9,8,4,-1,0,8,0,0,0,0,1,1,-1,9,1,19,4,-1,-1,-1,-1,7,E01023504,0,5
2025471586532,2025,471586532,1,11,0,-1,19,3,6,-1,0,0,0,0,0,0,1,1,-1,1,1,63,9,-1,-1,-1,-1,2,E01020917,0,4
2025471586668,2025,471586668,1,9,0,-1,19,6,2,-1,0,0,5,0,1,4,1,1,-1,6,2,48,8,-1,-1,-1,-1,3,E01020971,0,1
2025471586690,2025,471586690,2,1,0,-1,9,6,4,-1,0,8,0,0,0,0,3,1,-1,6,1,57,9,-1,-1,-1,-1,4,E01020947,0,1
2025471586690,2025,471586690,1,9,0,-1,19,4,8,-1,0,1,0,0,0,0,1,1,-1,2,1,73,10,-1,-1,-1,-1,6,E01020943,0,1
2025471586759,2025,471586759,1,9,0,-1,19,3,7,-1,0,0,0,0,0,0,1,1,-1,6,1,38,7,-1,-1,-1,-1,9,E01031642,0,1
2025471586759,2025,471586759,2,9,0,-1,19,7,3,-1,0,0,0,0,0,0,1,1,-1,7,2,27,6,-1,-1,-1,-1,9,E01031642,0,1
2025471586905,2025,471586905,1,9,0,-1,9,5,2,-1,0,8,0,0,0,0,3,1,-1,2,2,52,8,-1,-1,-1,-1,5,E01023110,0,4
2025471586905,2025,471586905,2,3,0,-1,19,2,6,-1,0,8,0,0,0,0,1,1,-1,6,1,19,4,-1,-1,-1,-1,4,E01017125,0,4
2025471587001,2025,471587001,2,9,0,-1,19,1,5,-1,0,1,0,0,0,0,1,9,-1,6,3,-1,-1,-1,-1,-1,-1,-1,-1,0,-1
2025471587001,2025,471587001,1,1,0,-1,9,3,1,-1,0,4,1,0,0,0,1,1,-1,6,1,17,4,-1,-1,-1,-1,5,E01031472,0,1
2025471587045,2025,471587045,1,8,0,-1,14,7,3,-1,0,0,0,0,0,0,3,1,-1,1,2,38,7,-1,-1,-1,-1,9,E01016997,0,1
2025471587045,2025,471587045,2,-1,0,-1,13,7,3,-1,0,0,0,0,0,0,1,1,-1,2,1,23,5,-1,-1,-1,-1,1,E01016947,1,1
2025471587046,2025,471587046,1,9,0,-1,19,7,3,-1,0,1,0,0,4,2,1,1,-1,1,1,58,9,-1,-1,-1,-1,4,E01031833,0,3
2025471587048,2025,471587048,1,9,0,-1,7,2,4,-1,0,1,0,0,0,0,4,1,-1,9,1,51,8,-1,-1,-1,-1,8,E01016929,0,1
2025471587048,2025,471587048,2,22,0,-1,19,4,8,-1,0,1,0,0,0,0,1,1,-1,6,1,47,8,-1,-1,-1,-1,9,E01017002,0,1
2025471587255,2025,471587255,2,9,0,-1,19,3,7,-1,0,0,0,0,0,0,3,1,-1,9,2,48,8,-1,-1,-1,-1,7,E01021009,0,2
2025471587255,2025,471587255,1,1,0,-1,19,7,3,-1,0,0,0,0,0,0,3,1,-1,6,1,35,6,-1,-1,-1,-1,5,E01021113,0,1
2025471587302,2025,471587302,1,9,0,-1,19,1,5,-1,0,6,0,0,0,0,1,1,-1,2,1,46,8,-1,-1,-1,-1,8,E01021055,0,1
2025471587302,2025,471587302,2,1,0,-1,19,2,6,-1,0,8,0,0,0,0,3,1,-1,1,1,58,9,-1,-1,-1,-1,6,E01021204,0,4
2025471587329,2025,471587329,1,19,0,-1,13,8,4,-1,0,1,0,0,0,0,4,9,-1,6,1,41,7,-1,-1,-1,-1,4,E01021114,0,2
2025471587329,2025,471587329,2,1,0,-1,19,8,4,-1,0,1,0,0,1,0,3,1,-1,6,1,70,10,-1,-1,-1,-1,5,E01021089,0,3
2025471587627,2025,471587627,1,3,0,-1,19,7,3,-1,0,0,5,12,0,0,1,1,-1,2,1,23,5,-1,-1,-1,-1,1,E01022905,0,2
2025471587729,2025,471587729,1,9,0,-1,19,4,8,-1,0,0,0,0,0,0,1,1,-1,2,1,38,7,-1,-1,-1,-1,3,E01016154,0,4
2025471587899,2025,471587899,3,9,0,-1,19,8,4,-1,0,1,0,0,0,0,2,1,-1,9,1,78,11,-1,-1,-1,-1,6,E01021154,0,3
2025471587899,2025,471587899,2,19,0,-1,19,8,4,-1,0,1,0,0,0,0,2,1,-1,1,1,47,8,-1,-1,-1,-1,6,E01020959,0,3
2025471587899,2025,471587899,1,19,0,-1,19,8,4,-1,0,1,0,0,0,0,1,1,-1,1,1,30,6,-1,-1,-1,-1,2,E01020925,0,3
2025471587908,2025,471587908,1,9,0,-1,9,8,6,-1,0,8,0,0,3,3,1,1,-1,7,2,40,7,-1,-1,-1,-1,8,E01021174,0,1
2025471588085,2025,471588085,1,8,0,-1,5,-1,-1,-1,-1,8,0,0,0,0,-1,9,-1,6,3,-1,-1,-1,-1,-1,-1,-1,-1,0,-1
2025471588085,2025,471588085,2,11,0,-1,19,5,1,-1,0,6,0,0,0,0,0,1,-1,1,1,31,6,-1,-1,-1,-1,5,E01031801,0,1
2025471588146,2025,471588146,2,9,0,-1,19,2,7,-1,0,1,0,0,0,0,4,1,-1,6,1,35,6,-1,-1,-1,-1,4,E01021111,0,1
2025471588146,2025,471588146,1,9,0,-1,9,4,2,-1,0,6,0,0,0,0,1,1,-1,9,1,42,7,-1,-1,-1,-1,1,E01021135,0,1
2025471588164,2025,471588164,2,1,0,-1,7,2,5,-1,2,6,2,0,1,0,3,1,-1,6,1,52,8,-1,-1,-1,-1,7,E01035329,0,1
2025471588164,2025,471588164,1,9,0,-1,19,8,4,-1,2,8,0,0,0,0,4,1,-1,6,1,89,11,-1,-1,-1,-1,6,E01030515,0,3
2025471588212,2025,471588212,1,1,0,-1,19,4,8,-1,0,8,0,0,0,0,4,1,-1,2,1,61,9,-1,-1,-1,-1,4,E01031652,0,1
2025471588212,2025,471588212,2,9,0,-1,7,7,1,-1,0,8,0,0,0,0,1,1,-1,6,1,29,6,-1,-1,-1,-1,6,E01031656,0,1
2025471588242,2025,471588242,1,9,0,-1,7,7,1,-1,0,5,5,0,1,10,4,1,-1,9,2,87,11,-1,-1,-1,-1,10,E01021151,0,1
2025471588257,2025,471588257,1,9,0,-1,4,3,7,-1,0,1,0,0,0,0,2,1,-1,6,1,39,7,-1,-1,-1,-1,5,E01031470,0,2
2025471588257,2025,471588257,2,9,0,-1,4,3,7,-1,0,1,0,0,0,0,1,1,-1,6,1,17,4,-1,-1,-1,-1,8,E01031466,0,3
2025471588257,2025,471588257,3,9,0,-1,4,3,7,-1,0,1,0,0,0,0,1,9,-1,6,1,18,4,-1,-1,-1,-1,7,E01031399,0,1
2025471588302,2025,471588302,1,9,0,-1,13,5,2,-1,0,0,0,0,0,0,4,1,-1,6,1,81,11,-1,-1,-1,-1,6,E01021164,0,1
2025471588302,2025,471588302,2,16,0,-1,19,5,1,-1,0,0,0,0,0,0,3,1,-1,6,2,31,6,-1,-1,-1,-1,10,E01031774,0,2
2025471588304,2025,471588304,2,19,0,-1,12,-1,-1,-1,99,9,0,1,0,0,1,1,-1,6,1,-1,-1,-1,-1,-1,-1,-1,-1,0,-1
2025471588304,2025,471588304,1,9,0,-1,19,-1,-1,-1,99,9,0,99,0,0,4,1,-1,9,1,30,6,-1,-1,-1,-1,7,E01016920,0,3
2025471588305,2025,471588305,2,9,0,-1,19,3,7,-1,0,0,1,0,0,0,1,1,-1,2,2,24,5,-1,-1,-1,-1,8,E01031698,0,3
2025471588305,2025,471588305,1,9,0,-1,19,7,3,-1,0,0,0,0,0,0,1,1,-1,6,1,39,7,-1,-1,-1,-1,9,E01031704,0,2
2025471588305,2025,471588305,3,20,0,-1,19,7,3,-1,0,0,0,0,0,0,3,1,-1,2,1,37,7,-1,-1,-1,-1,4,E01024372,0,4
2025471588338,2025,471588338,1,9,0,-1,19,3,7,-1,0,8,0,0,0,0,3,1,-1,9,2,41,7,-1,-1,-1,-1,8,E01016928,0,4
2025471588338,2025,471588338,2,9,0,-1,19,1,5,-1,0,1,0,0,0,0,1,1,-1,9,1,69,10,-1,-1,-1,-1,6,E01020986,0,1
2025471588343,2025,471588343,1,9,0,-1,9,4,1,-1,0,6,0,0,0,0,3,1,-1,9,1,27,6,-1,-1,-1,-1,10,E01016998,0,1
2025471588343,2025,471588343,2,3,0,-1,19,1,5,-1,0,8,0,0,0,0,1,1,-1,9,1,17,4,-1,-1,-1,-1,9,E01031717,0,3
2025471588346,2025,471588346,1,9,0,-1,9,5,3,-1,0,8,1,0,1,0,1,1,-1,6,1,19,4,-1,-1,-1,-1,3,E01031830,0,1
2025471588365,2025,471588365,1,9,0,-1,19,4,1,-1,0,8,0,0,0,0,1,9,-1,6,3,-1,-1,-1,-1,-1,-1,-1,-1,0,-1
2025471588365,2025,471588365,2,8,0,-1,19,1,6,-1,0,3,0,0,0,0,4,1,-1,1,1,41,7,-1,-1,-1,-1,10,E01031797,0,1
2025471588407,2025,471588407,2,19,0,-1,19,3,7,-1,0,1,0,0,0,0,1,1,-1,6,3,-1,-1,-1,-1,-1,-1,-1,-1,0,-1
2025471588407,2025,471588407,1,9,0,-1,3,3,7,-1,0,4,0,0,0,0,2,1,-1,6,2,41,7,-1,-1,-1,-1,2,E01031779,0,4
2025471588429,2025,471588429,2,1,0,-1,19,1,5,-1,0,0,0,0,0,0,0,1,-1,6,-1,-1,-1,-1,-1,-1,-1,-1,-1,0,-1
2025471588429,2025,471588429,3,9,0,-1,19,5,1,-1,0,0,0,0,0,0,0,1,-1,6,-1,-1,-1,-1,-1,-1,-1,-1,-1,0,-1
2025471588429,2025,471588429,1,9,0,-1,13,1,5,-1,0,0,2,0,8,10,1,1,-1,9,1,42,7,-1,-1,-1,-1,8,E01031766,0,1
2025471588470,2025,471588470,2,1,0,-1,19,3,7,-1,0,3,0,0,0,0,2,1,-1,6,1,-1,-1,-1,-1,-1,-1,8,E01031780,0,1
2025471588470,2025,471588470,1,9,0,-1,4,5,1,-1,0,4,0,0,0,0,1,1,-1,6,2,30,6,-1,-1,-1,-1,7,E01034829,0,1
2025471588489,2025,471588489,2,19,0,-1,12,1,5,-1,0,0,0,0,0,0,2,1,-1,9,1,62,9,-1,-1,-1,-1,10,E01031621,0,2
2025471588489,2025,471588489,1,9,0,-1,19,1,5,-1,0,0,1,0,1,1,4,1,-1,9,1,66,10,-1,-1,-1,-1,9,E01031670,0,3
2025471588489,2025,471588489,3,3,0,-1,19,1,5,-1,0,0,0,0,0,0,1,1,-1,9,1,27,6,-1,-1,-1,-1,4,E01030601,0,4
2025471588497,2025,471588497,1,9,0,-1,19,2,6,-1,0,2,5,0,0,0,1,1,-1,9,1,64,9,-1,-1,-1,-1,8,E01020964,0,1
2025471588497,2025,471588497,2,9,0,-1,2,0,0,-1,0,2,0,0,0,0,2,1,-1,6,-1,-1,-1,-1,-1,-1,-1,-1,-1,0,-1
2025471588501,2025,471588501,1,8,0,-1,5,-1,-1,-1,0,2,0,0,0,0,3,1,-1,1,2,50,8,-1,-1,-1,-1,3,E01021062,0,3
2025471588525,2025,471588525,2,1,0,-1,19,7,3,-1,4,8,0,0,0,0,1,1,-1,6,1,-1,-1,-1,-1,-1,-1,4,E01033993,0,5
2025471588525,2025,471588525,1,9,0,-1,9,3,1,-1,0,8,0,0,1,0,1,1,-1,1,1,39,7,-1,-1,-1,-1,3,E01034142,0,4
2025471588532,2025,471588532,3,9,0,-1,19,6,2,-1,0,0,0,0,1,0,3,1,-1,9,1,34,6,-1,-1,-1,-1,9,E01016107,0,4
2025471588532,2025,471588532,2,9,0,-1,19,6,2,-1,0,0,2,0,2,0,3,1,-1,9,1,27,6,-1,-1,-1,-1,5,E01034301,0,1
2025471588532,2025,471588532,1,9,5,-1,19,6,2,-1,0,0,0,0,0,0,0,1,-1,9,1,28,6,-1,-1,-1,-1,8,E01021180,0,2
2025471588543,2025,471588543,1,5,0,-1,9,3,1,-1,0,1,5,0,0,0,0,1,-1,9,1,61,9,-1,-1,-1,-1,1,E01017035,0,5
2025471588602,2025,471588602,1,3,0,-1,19,5,1,-1,0,0,1,0,0,0,1,1,-1,9,1,19,4,-1,-1,-1,-1,9,E01032852,0,4
2025471588602,2025,471588602,2,9,0,-1,19,8,4,-1,0,0,0,0,0,0,1,1,-1,9,2,33,6,-1,-1,-1,-1,7,E01031478,0,1
2025471588775,2025,471588775,1,9,0,-1,19,6,2,-1,0,0,1,0,1,0,1,1,-1,7,2,17,4,-1,-1,-1,-1,10,E01024107,0,4
2025471588775,2025,471588775,2,9,0,-1,19,2,6,-1,0,0,0,0,0,0,1,2,-1,9,2,49,8,-1,-1,-1,-1,-1,-1,0,-1
2025471588913,2025,471588913,1,5,0,-1,19,8,4,-1,0,2,0,0,0,0,1,1,-1,6,1,38,7,-1,-1,-1,-1,5,E01031743,0,2
2025471588913,2025,471588913,2,9,0,-1,4,8,4,-1,0,2,0,0,0,0,2,1,-1,9,1,30,6,-1,-1,-1,-1,6,E01003003,0,4
2025471588919,2025,471588919,2,9,0,-1,10,7,5,-1,0,1,0,0,1,0,1,1,-1,6,2,72,10,-1,-1,-1,-1,10,E01016939,0,1
2025471588919,2025,471588919,1,5,0,-1,14,5,1,-1,0,1,5,0,0,0,4,1,-1,2,1,65,9,-1,-1,-1,-1,6,E01016971,0,1
2025471588919,2025,471588919,3,19,0,-1,4,5,1,-1,0,1,0,0,0,0,0,1,-1,1,1,61,9,-1,-1,-1,-1,4,E01016948,0,1
2025471588931,2025,471588931,1,5,0,-1,19,3,7,-1,0,0,0,0,0,0,1,1,-1,9,1,41,7,-1,-1,-1,-1,9,E01022601,0,4
2025471588944,2025,471588944,1,19,0,-1,19,6,2,-1,0,0,1,0,7,4,1,1,-1,9,2,33,6,-1,-1,-1,-1,2,E01034826,0,2
2025471588956,2025,471588956,1,9,0,-1,19,2,6,-1,0,0,1,0,7,4,1,1,-1,2,1,27,6,-1,-1,-1,-1,10,E01031729,0,2
2025471589049,2025,471589049,1,5,0,-1,19,7,3,-1,0,0,0,0,0,0,1,1,-1,9,1,57,9,-1,-1,-1,-1,6,E01016890,0,2
2025471589049,2025,471589049,2,5,0,-1,4,7,3,-1,0,0,0,0,0,0,2,1,-1,9,1,36,7,-1,-1,-1,-1,6,E01017012,0,1
2025471589061,2025,471589061,2,3,0,-1,19,8,4,-1,0,8,0,0,0,0,4,1,-1,2,1,23,5,-1,-1,-1,-1,3,E01020937,0,1
2025471589061,2025,471589061,1,9,0,-1,19,2,8,-1,0,4,0,0,0,0,1,1,-1,9,2,28,6,-1,-1,-1,-1,8,E01021232,0,1
2025471589063,2025,471589063,1,11,0,-1,4,2,7,-1,0,0,0,0,0,0,1,1,-1,1,1,57,9,-1,-1,-1,-1,9,E01016888,0,1
2025471589094,2025,471589094,2,9,0,-1,19,1,5,-1,0,0,0,0,0,0,1,1,-1,6,2,19,4,-1,-1,-1,-1,4,E01021006,0,1
2025471589094,2025,471589094,1,9,0,-1,19,5,1,-1,0,0,0,0,0,0,1,1,-1,6,1,52,8,-1,-1,-1,-1,5,E01021117,0,3
2025471589155,2025,471589155,1,8,0,-1,2,0,0,-1,4,0,0,0,0,0,2,1,-1,6,-1,-1,-1,-1,-1,-1,-1,-1,-1,0,-1
2025471589155,2025,471589155,2,1,0,-1,19,5,1,-1,4,0,0,4,0,0,1,1,-1,6,1,33,6,-1,-1,-1,-1,8,E01016901,0,1
2025471589160,2025,471589160,1,9,0,-1,19,1,5,-1,0,2,0,0,0,0,1,1,-1,6,1,19,4,-1,-1,-1,-1,5,E01021089,0,2
2025471589160,2025,471589160,2,9,0,-1,19,7,5,-1,0,2,0,0,0,0,2,1,-1,6,2,52,8,-1,-1,-1,-1,4,E01021011,0,1
2025471589287,2025,471589287,1,9,0,-1,19,3,7,-1,0,0,5,4,0,0,1,1,-1,9,2,20,4,-1,-1,-1,-1,7,E01035329,0,4
2025471589287,2025,471589287,3,5,0,-1,19,7,3,-1,0,0,0,0,0,0,1,1,-1,9,1,45,7,-1,-1,-1,-1,4,E01021002,0,3
2025471589287,2025,471589287,2,9,0,-1,2,0,0,-1,0,0,0,0,0,0,2,1,-1,6,1,30,6,-1,-1,-1,-1,2,E01024534,0,3
2025471589356,2025,471589356,1,9,0,-1,19,7,3,-1,0,2,0,0,0,0,4,1,-1,6,3,-1,-1,-1,-1,-1,-1,-1,-1,0,-1
2025471589377,2025,471589377,2,9,0,-1,19,6,2,-1,0,0,0,0,0,0,1,1,-1,6,3,-1,-1,-1,-1,-1,-1,-1,-1,0,-1
2025471589377,2025,471589377,1,9,0,-1,9,8,4,-1,0,0,0,0,0,0,3,1,-1,6,2,38,7,-1,-1,-1,-1,3,E01031752,0,4
2025471589467,2025,471589467,2,9,0,-1,19,6,2,-1,0,0,0,0,0,0,3,1,-1,2,2,30,6,-1,-1,-1,-1,7,E01024846,0,4
2025471589467,2025,471589467,1,9,0,-1,11,6,2,-1,0,0,0,0,0,0,4,1,-1,1,1,60,9,-1,-1,-1,-1,9,E01016176,0,4
2025471589490,2025,471589490,3,9,0,-1,2,0,0,-1,0,2,0,0,0,0,0,1,-1,6,-1,-1,-1,-1,-1,-1,-1,-1,-1,0,-1
2025471589490,2025,471589490,1,19,0,-1,9,7,5,-1,0,5,0,0,0,0,3,1,-1,1,1,61,9,-1,-1,-1,-1,7,E01021222,0,1
2025471589490,2025,471589490,2,9,0,-1,19,3,7,-1,0,1,0,0,0,0,1,1,-1,9,1,27,6,-1,-1,-1,-1,6,E01021164,0,2
2025471589521,2025,471589521,1,9,0,-1,9,6,5,-1,0,6,0,0,0,0,3,1,-1,9,1,78,11,-1,-1,-1,-1,10,E01016984,0,2
2025471589521,2025,471589521,2,9,0,-1,19,5,1,-1,0,1,0,0,0,0,4,1,-1,9,2,69,10,-1,-1,-1,-1,9,E01031769,0,2
2025471589547,2025,471589547,1,9,0,-1,9,3,1,-1,0,6,0,0,0,0,1,1,-1,9,2,18,4,-1,-1,-1,-1,6,E01020959,0,1
2025471589547,2025,471589547,2,9,0,-1,19,1,5,-1,0,2,0,0,0,0,4,1,-1,2,2,45,7,-1,-1,-1,-1,1,E01020929,0,1
2025471589553,2025,471589553,3,9,0,-1,3,8,4,-1,0,1,0,0,0,0,0,9,-1,6,3,-1,-1,-1,-1,-1,-1,-1,-1,0,-1
2025471589553,2025,471589553,2,3,0,-1,14,8,4,-1,0,1,0,0,0,0,1,1,-1,6,2,17,4,-1,-1,-1,-1,6,E01021058,0,1
2025471589553,2025,471589553,1,9,0,-1,9,1,8,-1,0,6,0,0,0,0,1,1,-1,6,2,40,7,-1,-1,-1,-1,8,E01021029,0,1
2025471589617,2025,471589617,2,9,0,-1,10,4,2,-1,0,2,0,0,0,0,1,1,-1,6,2,29,6,-1,-1,-1,-1,3,E01021060,0,2
2025471589617,2025,471589617,1,9,0,-1,7,2,4,-1,0,1,0,0,0,0,1,1,-1,6,1,22,5,-1,-1,-1,-1,5,E01000964,0,4
2025471589722,2025,471589722,2,9,0,-1,19,3,7,-1,0,0,0,0,0,0,2,1,-1,7,1,49,8,-1,-1,-1,-1,6,E01035323,0,2
2025471589722,2025,471589722,1,9,0,-1,19,3,7,-1,0,0,0,0,0,0,1,1,-1,1,1,58,9,-1,-1,-1,-1,9,E01031561,0,4
2025471589722,2025,471589722,3,9,0,-1,19,3,7,-1,0,0,0,0,0,0,2,1,-1,1,1,55,8,-1,-1,-1,-1,5,E01031465,0,1
2025471589747,2025,471589747,1,3,0,-1,19,3,7,-1,0,0,0,0,0,0,1,1,-1,6,2,23,5,-1,-1,-1,-1,8,E01016972,0,2
2025471589747,2025,471589747,2,9,0,-1,4,3,7,-1,0,0,0,0,0,0,2,1,-1,9,1,30,6,-1,-1,-1,-1,6,E01031770,0,3
2025471589753,2025,471589753,2,1,0,-1,19,5,1,-1,9,0,0,0,0,0,3,1,-1,6,1,12,3,-1,-1,-1,-1,6,E01020959,0,1
2025471589753,2025,471589753,1,9,0,-1,19,2,6,-1,0,0,0,0,0,0,3,1,-1,9,1,38,7,-1,-1,-1,-1,6,E01020926,0,1
2025471589759,2025,471589759,1,1,0,-1,19,7,3,-1,9,1,0,0,0,0,1,1,-1,6,1,-1,-1,-1,-1,-1,-1,-1,-1,0,-1
2025471589839,2025,471589839,1,9,0,-1,20,3,7,-1,9,0,0,0,1,0,2,1,-1,6,2,78,11,-1,-1,-1,-1,6,E01021204,0,2
2025471589839,2025,471589839,2,9,0,-1,2,0,0,-1,0,0,0,0,0,0,1,1,-1,6,-1,-1,-1,-1,-1,-1,-1,-1,-1,0,-1
2025471589917,2025,471589917,3,20,0,-1,2,0,0,-1,0,1,0,0,0,0,0,1,-1,6,-1,-1,-1,-1,-1,-1,-1,-1,-1,0,-1
2025471589917,2025,471589917,2,19,0,-1,2,0,0,-1,0,1,0,0,0,0,2,1,-1,6,-1,-1,-1,-1,-1,-1,-1,-1,-1,0,-1
2025471589917,2025,471589917,1,21,4,-1,19,2,7,-1,0,1,0,0,0,0,4,1,-1,1,1,46,8,-1,-1,-1,-1,10,E01019833,0,5
2025471589925,2025,471589925,1,1,0,-1,19,5,1,-1,0,1,0,0,0,0,3,1,-1,6,1,38,7,-1,-1,-1,-1,8,E01016893,0,1
2025471589925,2025,471589925,2,9,0,-1,9,1,7,-1,0,1,0,99,0,0,1,1,-1,6,1,59,9,-1,-1,-1,-1,4,E01016869,0,1
2025471589988,2025,471589988,2,21,0,-1,19,7,4,-1,0,1,0,0,7,0,1,1,-1,1,1,33,6,-1,-1,-1,-1,6,E01030598,0,4
2025471589988,2025,471589988,1,9,0,-1,9,2,8,-1,0,1,0,0,0,0,1,1,-1,1,1,30,6,-1,-1,-1,-1,8,E01021035,0,3
2025471590030,2025,471590030,1,97,0,-1,14,7,3,-1,0,1,0,7,0,0,1,1,-1,6,3,-1,-1,-1,-1,-1,-1,-1,-1,0,-1