collision_index,collision_year,collision_ref_no,vehicle_reference,vehicle_type,towing_and_articulation,vehicle_manoeuvre_historic,vehicle_manoeuvre,vehicle_direction_from,vehicle_direction_to,vehicle_location_restricted_lane_historic,vehicle_location_restricted_lane,junction_location,skidding_and_overturning,hit_object_in_carriageway,vehicle_leaving_carriageway,hit_object_off_carriageway,first_point_of_impact,vehicle_left_hand_drive,journey_purpose_of_driver_historic,journey_purpose_of_driver,sex_of_driver,age_of_driver,age_band_of_driver,engine_capacity_cc,propulsion_code,age_of_vehicle,generic_make_model,driver_imd_decile,lsoa_of_driver,escooter_flag,driver_distance_banding
2025471590030,2025,471590030,2,19,-1,-1,3,7,3,-1,0,1,0,0,0,0,0,9,-1,6,3,-1,-1,-1,-1,-1,-1,-1,-1,0,-1
2025471590057,2025,471590057,2,9,0,-1,4,3,7,-1,0,1,0,0,0,0,2,1,-1,6,1,20,4,-1,-1,-1,-1,10,E01031713,0,3
2025471590057,2025,471590057,1,3,0,-1,19,3,7,-1,0,1,0,0,0,0,1,1,-1,6,1,59,9,-1,-1,-1,-1,4,E01016852,0,2
2025471590102,2025,471590102,2,5,0,-1,19,8,4,-1,0,8,5,0,0,0,4,1,-1,2,1,26,6,-1,-1,-1,-1,7,E01021222,0,4
2025471590102,2025,471590102,1,9,0,-1,19,2,7,-1,0,8,0,0,3,0,1,1,-1,2,2,52,8,-1,-1,-1,-1,5,E01031810,0,3
2025471590141,2025,471590141,1,9,0,-1,19,7,3,-1,0,0,5,0,1,10,4,1,-1,9,1,21,5,-1,-1,-1,-1,10,E01031487,0,1
2025471590147,2025,471590147,2,-1,0,-1,19,7,3,-1,0,0,0,0,0,0,3,1,-1,9,1,12,3,-1,-1,-1,-1,8,E01031629,1,1
2025471590147,2025,471590147,1,3,0,-1,19,5,1,-1,0,0,0,0,0,0,1,1,-1,9,1,49,8,-1,-1,-1,-1,5,E01016986,0,3
2025471590215,2025,471590215,1,9,0,-1,9,6,4,-1,0,8,0,0,1,0,1,1,-1,1,1,39,7,-1,-1,-1,-1,10,E01021194,0,4
2025471590215,2025,471590215,3,9,0,-1,19,4,8,-1,0,8,0,0,0,0,1,1,-1,1,1,46,8,-1,-1,-1,-1,7,E01020970,0,1
2025471590215,2025,471590215,2,5,0,-1,19,4,8,-1,0,8,0,0,0,0,4,1,-1,9,1,59,9,-1,-1,-1,-1,1,E01020982,0,1
2025471590311,2025,471590311,1,9,0,-1,19,7,3,-1,0,2,0,0,0,0,3,1,-1,9,2,55,8,-1,-1,-1,-1,6,E01016871,0,1
2025471590311,2025,471590311,2,90,0,-1,13,7,3,-1,0,1,0,0,0,0,0,1,-1,6,2,22,5,-1,-1,-1,-1,6,E01016968,0,1
2025471590341,2025,471590341,2,9,0,-1,7,5,7,-1,0,1,9,99,0,0,3,1,-1,6,2,23,5,-1,-1,-1,-1,9,E01016959,0,1
2025471590341,2025,471590341,1,9,0,-1,3,5,1,-1,0,1,0,99,0,0,2,1,-1,6,2,61,9,-1,-1,-1,-1,10,E01031635,0,4
2025471590371,2025,471590371,1,9,0,-1,19,6,2,-1,0,0,0,0,0,0,4,9,-1,6,2,82,11,-1,-1,-1,-1,7,E01031647,0,2
2025471590405,2025,471590405,1,1,0,-1,4,1,7,-1,0,0,0,0,0,0,2,1,-1,6,1,16,4,-1,-1,-1,-1,3,E01016881,0,1
2025471590405,2025,471590405,2,9,0,-1,5,1,5,-1,0,0,0,0,0,0,1,1,-1,6,2,36,7,-1,-1,-1,-1,2,E01021178,0,4
2025471590432,2025,471590432,1,9,0,-1,2,0,0,-1,9,0,0,0,0,0,1,1,-1,9,2,63,9,-1,-1,-1,-1,6,E01031591,0,1
2025471590497,2025,471590497,1,9,0,-1,19,5,1,-1,0,0,0,0,0,0,4,9,-1,2,1,42,7,-1,-1,-1,-1,6,E01035333,0,1
2025471590497,2025,471590497,2,1,0,-1,19,5,1,-1,0,0,0,0,1,0,3,1,-1,6,1,63,9,-1,-1,-1,-1,6,E01035333,0,1
2025471590564,2025,471590564,2,5,0,-1,19,7,3,-1,0,8,5,0,0,0,1,1,-1,2,2,46,8,-1,-1,-1,-1,6,E01031632,0,1
2025471590564,2025,471590564,1,9,0,-1,9,1,7,-1,0,1,0,0,0,0,1,1,-1,2,1,66,10,-1,-1,-1,-1,7,E01031825,0,3
2025471590589,2025,471590589,2,1,0,-1,19,5,1,-1,0,0,0,0,0,0,3,1,-1,9,1,13,3,-1,-1,-1,-1,5,E01016884,0,1
2025471590589,2025,471590589,1,9,0,-1,13,5,1,-1,0,0,0,0,0,0,4,9,-1,2,1,57,9,-1,-1,-1,-1,1,E01016885,0,1
2025471590593,2025,471590593,1,9,0,-1,19,2,6,-1,0,0,0,0,0,0,1,1,-1,9,2,40,7,-1,-1,-1,-1,9,E01031563,0,1
2025471590593,2025,471590593,2,9,0,-1,19,6,2,-1,0,0,0,0,0,0,1,1,-1,9,2,46,8,-1,-1,-1,-1,7,E01031560,0,1
2025471590618,2025,471590618,1,1,0,-1,19,3,7,-1,0,8,0,0,0,0,1,1,-1,6,1,16,4,-1,-1,-1,-1,7,E01021166,0,3
2025471590618,2025,471590618,2,9,0,-1,9,5,3,-1,0,8,0,0,0,0,3,2,-1,6,2,-1,-1,-1,-1,-1,-1,-1,-1,0,-1
2025471590623,2025,471590623,1,9,0,-1,10,6,4,-1,0,8,0,0,0,0,2,1,-1,6,2,30,6,-1,-1,-1,-1,3,E01031598,0,1
2025471590623,2025,471590623,2,9,0,-1,19,6,2,-1,0,1,0,0,0,0,4,1,-1,6,1,31,6,-1,-1,-1,-1,4,E01031608,0,1
2025471590631,2025,471590631,1,21,0,-1,11,1,5,-1,0,0,0,0,0,0,4,1,-1,1,1,27,6,-1,-1,-1,-1,10,E01031800,0,3
2025471590631,2025,471590631,2,9,0,-1,19,1,5,-1,0,0,1,0,4,6,3,1,-1,9,2,20,4,-1,-1,-1,-1,5,E01031606,0,3
2025471590632,2025,471590632,1,9,0,-1,19,-1,-1,-1,9,1,1,0,7,11,1,1,-1,6,1,17,4,-1,-1,-1,-1,2,E01016914,0,1
2025471590636,2025,471590636,1,9,0,-1,9,5,3,-1,0,6,0,0,0,0,1,1,-1,2,2,59,9,-1,-1,-1,-1,5,E01031818,0,1
2025471590636,2025,471590636,2,5,0,-1,19,3,7,-1,0,1,0,0,0,0,1,1,-1,6,1,23,5,-1,-1,-1,-1,7,E01031411,0,2
2025471590644,2025,471590644,1,9,0,-1,5,2,6,-1,9,0,0,0,7,11,3,1,-1,9,2,50,8,-1,-1,-1,-1,9,E01016997,0,1
2025471590744,2025,471590744,3,9,0,-1,19,1,5,-1,0,1,0,0,0,0,1,1,-1,6,2,29,6,-1,-1,-1,-1,9,E01031622,0,2
2025471590744,2025,471590744,2,19,0,-1,19,1,7,-1,0,1,0,0,0,0,2,1,-1,6,1,56,9,-1,-1,-1,-1,10,E01031686,0,3
2025471590744,2025,471590744,4,19,0,-1,19,1,5,-1,0,1,0,0,0,0,1,9,-1,6,2,-1,-1,-1,-1,-1,-1,7,E01031837,0,3
2025471590744,2025,471590744,1,9,0,-1,6,1,7,-1,0,1,0,0,0,0,0,1,-1,6,2,55,8,-1,-1,-1,-1,5,E01031611,0,1
2025471590744,2025,471590744,5,9,0,-1,19,1,5,-1,0,1,0,0,0,0,1,9,-1,6,2,49,8,-1,-1,-1,-1,10,E01031621,0,2
2025471590764,2025,471590764,2,9,0,-1,19,7,3,-1,0,0,0,0,0,0,1,1,-1,6,1,47,8,-1,-1,-1,-1,9,E01031642,0,3
2025471590764,2025,471590764,1,9,0,-1,19,7,3,-1,0,0,0,0,0,0,-1,1,-1,6,2,39,7,-1,-1,-1,-1,10,E01031691,0,2
2025471590819,2025,471590819,1,9,0,-1,19,1,5,-1,0,0,5,0,7,4,3,1,-1,2,1,43,7,-1,-1,-1,-1,3,E01023105,0,4
2025471590857,2025,471590857,1,1,0,-1,19,5,1,-1,0,1,0,0,0,0,1,1,-1,2,1,34,6,-1,-1,-1,-1,8,E01017006,0,1
2025471590857,2025,471590857,2,9,0,-1,7,5,7,-1,4,1,0,0,0,0,4,1,-1,6,1,46,8,-1,-1,-1,-1,8,E01016979,0,1
2025471590920,2025,471590920,1,11,0,-1,7,1,3,-1,0,6,0,0,0,0,1,1,-1,1,2,61,9,-1,-1,-1,-1,6,E01017009,0,2
2025471590941,2025,471590941,2,9,0,-1,2,0,0,-1,9,2,0,0,0,0,2,1,-1,6,-1,-1,-1,-1,-1,-1,-1,-1,-1,0,-1
2025471590941,2025,471590941,1,9,0,-1,19,7,3,-1,0,2,0,0,0,0,1,1,-1,6,1,82,11,-1,-1,-1,-1,4,E01031836,0,1
2025471590953,2025,471590953,2,3,0,-1,19,6,2,-1,0,1,0,0,0,0,4,1,-1,2,1,58,9,-1,-1,-1,-1,9,E01031563,0,2
2025471590953,2025,471590953,1,9,0,-1,9,8,6,-1,0,6,0,0,0,0,3,1,-1,9,1,91,11,-1,-1,-1,-1,9,E01031723,0,1
2025471590967,2025,471590967,1,9,0,-1,19,1,6,-1,0,0,0,0,0,0,1,1,-1,6,2,63,9,-1,-1,-1,-1,8,E01021055,0,1
2025471590986,2025,471590986,1,19,3,-1,19,4,8,-1,0,0,0,0,0,0,1,1,-1,9,2,55,8,-1,-1,-1,-1,2,E01031783,0,3
2025471590986,2025,471590986,2,90,5,-1,19,8,4,-1,0,0,0,0,0,0,1,1,-1,1,1,63,9,-1,-1,-1,-1,9,E01031369,0,2
2025471590993,2025,471590993,2,19,0,-1,9,2,8,-1,0,8,0,0,0,0,1,1,-1,6,1,-1,-1,-1,-1,-1,-1,-1,-1,0,-1
2025471590993,2025,471590993,1,2,0,-1,19,6,2,-1,0,8,1,0,0,0,1,1,-1,6,1,17,4,-1,-1,-1,-1,8,E01021147,0,1
2025471591115,2025,471591115,2,9,0,-1,19,3,7,-1,0,0,0,0,2,4,2,1,-1,1,2,21,5,-1,-1,-1,-1,8,E01022765,0,3
2025471591115,2025,471591115,1,19,0,-1,19,3,7,-1,0,0,0,0,0,0,1,1,-1,2,1,37,7,-1,-1,-1,-1,2,E01022902,0,2
2025471591117,2025,471591117,2,9,0,-1,9,1,5,-1,0,1,0,0,0,0,3,1,-1,6,1,76,11,-1,-1,-1,-1,7,E01016883,0,1
2025471591117,2025,471591117,3,9,0,-1,2,0,0,-1,9,2,0,0,0,0,2,1,-1,6,-1,-1,-1,-1,-1,-1,-1,-1,-1,0,-1
2025471591117,2025,471591117,1,3,0,-1,19,1,5,-1,0,1,1,0,0,0,1,1,-1,6,2,32,6,-1,-1,-1,-1,7,E01016853,0,1
2025471591166,2025,471591166,1,9,0,-1,4,5,7,-1,0,6,0,0,0,0,1,1,-1,1,2,55,8,-1,-1,-1,-1,2,E01021091,0,1
2025471591166,2025,471591166,2,9,0,-1,19,3,6,-1,0,1,0,0,0,0,0,1,-1,1,2,44,7,-1,-1,-1,-1,3,E01020996,0,2
2025471591237,2025,471591237,2,9,0,-1,7,5,7,-1,0,8,0,0,0,0,4,1,-1,6,2,36,7,-1,-1,-1,-1,10,E01031755,0,3
2025471591237,2025,471591237,1,1,0,-1,19,5,1,-1,4,8,0,0,0,0,1,1,-1,9,1,47,8,-1,-1,-1,-1,6,E01016927,0,1
2025471591249,2025,471591249,1,19,0,-1,7,1,3,-1,0,0,0,0,0,0,1,1,-1,9,1,68,10,-1,-1,-1,-1,4,E01031608,0,1
2025471591265,2025,471591265,2,1,0,-1,19,7,3,-1,0,1,0,0,0,0,1,1,-1,6,1,52,8,-1,-1,-1,-1,5,E01031835,0,1
2025471591265,2025,471591265,1,9,0,-1,9,3,1,-1,0,8,0,0,0,0,4,1,-1,9,1,78,11,-1,-1,-1,-1,6,E01031376,0,2
2025471591276,2025,471591276,2,1,0,-1,19,7,4,-1,0,8,0,0,0,0,3,1,-1,9,1,12,3,-1,-1,-1,-1,7,E01031493,0,1
2025471591276,2025,471591276,1,9,0,-1,14,6,1,-1,0,4,0,0,0,0,1,9,-1,6,2,51,8,-1,-1,-1,-1,6,E01035327,0,1
2025471591308,2025,471591308,1,9,0,-1,9,6,4,-1,0,2,0,0,0,0,1,1,-1,6,1,73,10,-1,-1,-1,-1,6,E01031490,0,1
2025471591308,2025,471591308,2,9,0,-1,19,4,8,-1,0,2,0,10,1,11,4,1,-1,9,2,61,9,-1,-1,-1,-1,6,E01031449,0,2
2025471591318,2025,471591318,1,9,0,-1,4,1,5,-1,0,0,0,0,0,0,1,1,-1,6,1,20,4,-1,-1,-1,-1,6,E01021032,0,1
2025471591318,2025,471591318,3,9,0,-1,4,5,1,-1,0,0,0,0,0,0,0,9,-1,6,1,49,8,-1,-1,-1,-1,10,E01031715,0,3
2025471591318,2025,471591318,2,3,0,-1,13,5,1,-1,0,0,1,0,0,0,1,1,-1,6,1,29,6,-1,-1,-1,-1,7,E01021146,0,3
2025471591346,2025,471591346,1,9,0,-1,6,8,8,-1,0,8,0,0,0,0,3,1,-1,2,2,21,5,-1,-1,-1,-1,5,E01034300,0,2
2025471591346,2025,471591346,2,5,0,-1,19,8,4,-1,0,1,5,0,0,0,4,1,-1,2,1,55,8,-1,-1,-1,-1,7,E01021142,0,1
2025471591450,2025,471591450,1,9,0,-1,7,4,6,-1,0,8,0,0,0,0,1,9,-1,6,1,50,8,-1,-1,-1,-1,10,E01031773,0,1
2025471591516,2025,471591516,1,4,0,-1,19,3,7,-1,0,0,5,0,0,0,1,1,-1,6,1,60,9,-1,-1,-1,-1,2,E01034827,0,1
2025471591560,2025,471591560,1,9,0,-1,19,7,3,-1,0,0,0,10,0,0,1,1,-1,9,2,36,7,-1,-1,-1,-1,5,E01031431,0,1
2025471591578,2025,471591578,1,9,0,-1,9,5,3,-1,0,8,0,0,0,0,4,1,-1,9,1,31,6,-1,-1,-1,-1,4,E01004462,0,4
2025471591578,2025,471591578,2,9,0,-1,19,7,3,-1,0,1,0,0,0,0,3,1,-1,9,1,60,9,-1,-1,-1,-1,1,E01020989,0,1
2025471591594,2025,471591594,1,1,0,-1,19,6,2,-1,0,0,0,0,0,0,2,1,-1,9,1,40,7,-1,-1,-1,-1,1,E01021015,0,1
2025471591599,2025,471591599,1,97,0,-1,5,7,3,-1,0,1,0,0,0,0,0,1,-1,6,1,31,6,-1,-1,-1,-1,4,E01021076,0,1
2025471591727,2025,471591727,1,9,0,-1,19,7,3,-1,0,0,0,4,0,0,1,1,-1,9,1,29,6,-1,-1,-1,-1,6,E01009548,0,5
2025471591727,2025,471591727,2,9,0,-1,2,0,0,-1,9,0,0,0,0,0,2,1,-1,6,-1,-1,-1,-1,-1,-1,-1,-1,-1,0,-1
2025471591727,2025,471591727,3,9,0,-1,19,7,3,-1,0,0,0,0,0,0,1,1,-1,6,-1,-1,-1,-1,-1,-1,-1,-1,-1,0,-1
2025471591728,2025,471591728,3,9,0,-1,19,3,7,-1,0,0,0,0,0,0,4,1,-1,9,1,51,8,-1,-1,-1,-1,4,E01003409,0,4
2025471591728,2025,471591728,2,9,0,-1,19,3,7,-1,0,0,0,0,0,0,2,1,-1,9,1,23,5,-1,-1,-1,-1,9,E01031693,0,2
2025471591728,2025,471591728,1,9,0,-1,19,3,7,-1,0,0,0,0,0,0,1,1,-1,9,1,67,10,-1,-1,-1,-1,9,E01031612,0,4
2025471591747,2025,471591747,2,9,0,-1,9,2,8,-1,0,5,0,0,0,0,2,1,-1,6,2,21,5,-1,-1,-1,-1,9,E01000672,0,4
2025471591747,2025,471591747,1,3,0,-1,19,2,6,-1,0,1,0,0,0,0,1,1,-1,1,1,32,6,-1,-1,-1,-1,3,E01016907,0,1
2025471591837,2025,471591837,1,9,0,-1,7,5,7,-1,0,0,0,0,0,0,3,1,-1,9,1,24,5,-1,-1,-1,-1,8,E01016936,0,4
2025471591886,2025,471591886,1,9,0,-1,19,3,7,-1,0,6,0,0,0,0,1,1,-1,9,1,76,11,-1,-1,-1,-1,8,E01022072,0,5
2025471591886,2025,471591886,2,9,0,-1,19,6,2,-1,0,1,0,0,0,0,3,1,-1,9,2,39,7,-1,-1,-1,-1,5,E01024010,0,3
2025471591934,2025,471591934,3,9,0,-1,3,4,8,-1,0,0,0,0,0,0,2,1,-1,9,2,57,9,-1,-1,-1,-1,1,E01020923,0,1
2025471591934,2025,471591934,1,9,0,-1,4,4,8,-1,0,0,0,0,0,0,1,1,-1,2,2,29,6,-1,-1,-1,-1,6,E01020959,0,1
2025471591934,2025,471591934,2,9,0,-1,3,4,8,-1,0,0,0,0,0,0,2,1,-1,9,1,59,9,-1,-1,-1,-1,3,E01021050,0,3
2025471592052,2025,471592052,2,9,0,-1,4,2,8,-1,0,0,0,0,0,0,1,1,-1,9,2,38,7,-1,-1,-1,-1,8,E01021075,0,3
2025471592052,2025,471592052,1,4,0,-1,7,7,2,-1,0,0,0,0,0,0,1,1,-1,6,1,21,5,-1,-1,-1,-1,5,E01020969,0,4
2025471592137,2025,471592137,2,9,0,-1,19,1,1,-1,0,0,0,0,0,0,2,1,-1,9,1,50,8,-1,-1,-1,-1,10,E01030597,0,3
2025471592137,2025,471592137,1,9,0,-1,19,1,1,-1,0,0,0,0,0,0,1,1,-1,6,1,24,5,-1,-1,-1,-1,5,E01030579,0,1
2025471592153,2025,471592153,1,3,0,-1,19,3,7,-1,0,1,0,0,0,0,1,1,-1,6,1,-1,-1,-1,-1,-1,-1,-1,-1,0,-1
2025471592167,2025,471592167,1,9,0,-1,9,3,1,-1,0,6,0,0,0,0,1,1,-1,9,1,18,4,-1,-1,-1,-1,5,E01003378,0,4
2025471592167,2025,471592167,2,3,0,-1,4,5,1,-1,0,8,0,0,0,0,2,1,-1,2,1,35,6,-1,-1,-1,-1,4,E01021126,0,1
2025471592171,2025,471592171,2,8,0,-1,19,6,2,-1,0,0,0,0,7,0,3,1,-1,1,1,51,8,-1,-1,-1,-1,4,E01031599,0,4
2025471592171,2025,471592171,1,9,0,-1,19,2,6,-1,0,0,1,0,0,0,3,1,-1,9,2,64,9,-1,-1,-1,-1,9,E01031458,0,2
2025471592173,2025,471592173,2,19,0,-1,10,3,1,-1,0,8,0,0,0,0,3,1,-1,1,1,37,7,-1,-1,-1,-1,5,E01031571,0,3
2025471592173,2025,471592173,1,9,0,-1,19,1,5,-1,0,8,0,0,0,0,4,1,-1,9,2,71,10,-1,-1,-1,-1,5,E01016884,0,3
2025471592259,2025,471592259,1,9,0,-1,19,3,7,-1,0,0,0,0,0,0,2,1,-1,2,1,53,8,-1,-1,-1,-1,8,E01021027,0,1
2025471592259,2025,471592259,2,9,0,-1,19,3,7,-1,0,0,0,0,0,0,1,1,-1,6,2,73,10,-1,-1,-1,-1,6,E01021070,0,3
2025471592287,2025,471592287,2,9,0,-1,4,4,8,-1,0,1,0,0,0,0,2,2,-1,9,1,29,6,-1,-1,-1,-1,9,E01021208,0,1
2025471592287,2025,471592287,1,9,0,-1,19,4,8,-1,0,1,0,0,0,0,1,2,-1,6,1,39,7,-1,-1,-1,-1,6,E01020938,0,1
2025471592402,2025,471592402,2,1,0,-1,19,2,5,-1,0,1,0,0,0,0,4,1,-1,6,1,49,8,-1,-1,-1,-1,7,E01021043,0,1
2025471592402,2025,471592402,1,9,0,-1,9,3,1,-1,0,2,0,0,3,0,1,1,-1,9,2,60,9,-1,-1,-1,-1,8,E01021040,0,1
2025471592409,2025,471592409,2,9,0,-1,19,1,5,-1,0,4,0,0,0,0,1,1,-1,6,2,80,11,-1,-1,-1,-1,10,E01031804,0,1
2025471592409,2025,471592409,1,9,0,-1,3,1,5,-1,0,4,0,0,0,0,2,1,-1,6,2,51,8,-1,-1,-1,-1,10,E01031828,0,1
2025471592460,2025,471592460,1,11,0,-1,7,3,5,-1,0,6,0,0,0,0,4,1,-1,1,1,56,9,-1,-1,-1,-1,2,E01016964,0,1
2025471592509,2025,471592509,1,9,0,-1,11,6,2,-1,0,0,0,0,0,0,4,9,-1,6,3,-1,-1,-1,-1,-1,-1,-1,-1,0,-1
2025471592509,2025,471592509,2,9,0,-1,19,6,2,-1,0,0,0,0,4,6,3,1,-1,6,1,17,4,-1,-1,-1,-1,7,E01031374,0,1
2025471592527,2025,471592527,1,5,0,-1,7,5,1,-1,0,1,0,0,0,0,0,1,-1,9,1,59,9,-1,-1,-1,-1,8,E01031397,0,3
2025471592675,2025,471592675,1,9,0,-1,19,5,1,-1,0,2,0,0,0,0,1,1,-1,6,1,39,7,-1,-1,-1,-1,10,E01031703,0,1
2025471592675,2025,471592675,2,19,0,-1,4,5,1,-1,0,2,0,0,0,0,2,1,-1,1,1,63,9,-1,-1,-1,-1,9,E01032837,0,1
2025471592689,2025,471592689,2,1,0,-1,19,3,7,-1,0,3,0,0,0,0,4,1,-1,2,1,37,7,-1,-1,-1,-1,4,E01031428,0,1
2025471592689,2025,471592689,1,9,0,-1,19,5,1,-1,0,4,0,0,0,0,3,1,-1,9,1,18,4,-1,-1,-1,-1,6,E01031408,0,1
2025471592700,2025,471592700,1,1,0,-1,19,6,2,-1,0,5,0,0,0,0,1,1,-1,6,1,-1,-1,-1,-1,-1,-1,-1,-1,0,-1
2025471592700,2025,471592700,2,19,0,-1,19,4,8,-1,0,8,0,0,0,0,4,1,-1,2,1,56,9,-1,-1,-1,-1,2,E01021037,0,1
2025471592704,2025,471592704,1,3,0,-1,9,7,3,-1,0,1,1,0,0,0,1,1,-1,9,1,19,4,-1,-1,-1,-1,2,E01016964,0,1
2025471592704,2025,471592704,2,9,0,-1,19,1,7,-1,0,8,0,0,0,0,3,1,-1,6,1,39,7,-1,-1,-1,-1,7,E01016912,0,1
2025471592790,2025,471592790,3,9,0,-1,19,3,7,-1,0,0,1,0,1,2,1,1,-1,9,1,34,6,-1,-1,-1,-1,5,E01032836,0,1
2025471592790,2025,471592790,1,9,0,-1,5,3,7,-1,0,0,0,0,0,0,4,1,-1,9,1,40,7,-1,-1,-1,-1,7,E01031564,0,1
2025471592790,2025,471592790,2,9,0,-1,19,3,7,-1,0,0,0,0,0,0,1,1,-1,1,1,71,10,-1,-1,-1,-1,6,E01031607,0,1
2025471592790,2025,471592790,4,9,0,-1,19,3,7,-1,0,0,0,0,0,0,3,1,-1,9,2,62,9,-1,-1,-1,-1,10,E01031581,0,1
2025471592866,2025,471592866,3,19,0,-1,19,7,3,-1,0,8,0,0,0,0,4,1,-1,1,1,31,6,-1,-1,-1,-1,5,E01021120,0,1
2025471592866,2025,471592866,1,9,0,-1,5,1,5,-1,1,6,0,0,0,0,1,1,-1,2,2,39,7,-1,-1,-1,-1,1,E01020995,0,1
2025471592866,2025,471592866,2,9,0,-1,19,7,3,-1,0,1,0,0,0,0,3,1,-1,7,2,35,6,-1,-1,-1,-1,7,E01021112,0,1
2025471592929,2025,471592929,2,9,0,-1,19,1,5,-1,0,1,0,0,0,0,1,1,-1,9,2,64,9,-1,-1,-1,-1,9,E01031721,0,1
2025471592929,2025,471592929,1,9,0,-1,9,5,2,-1,0,8,0,0,0,0,1,1,-1,9,1,43,7,-1,-1,-1,-1,10,E01031724,0,1
2025471592963,2025,471592963,1,9,0,-1,5,1,5,-1,0,1,0,0,0,0,1,1,-1,2,1,41,7,-1,-1,-1,-1,4,E01016860,0,1
2025471592976,2025,471592976,2,9,0,-1,19,3,7,-1,0,1,1,0,0,0,3,1,-1,9,1,66,10,-1,-1,-1,-1,9,E01031389,0,1
2025471592976,2025,471592976,1,9,0,-1,19,1,5,-1,0,8,1,0,3,3,4,1,-1,9,1,27,6,-1,-1,-1,-1,6,E01031407,0,1
2025471593052,2025,471593052,1,9,0,-1,7,2,6,-1,4,5,0,0,0,0,4,1,-1,2,2,52,8,-1,-1,-1,-1,7,E01031767,0,3
2025471593052,2025,471593052,2,1,0,-1,19,3,8,-1,4,1,1,0,0,0,1,1,-1,2,1,49,8,-1,-1,-1,-1,7,E01016976,0,1
2025471593065,2025,471593065,1,9,0,-1,19,5,1,-1,0,0,0,0,2,4,1,1,-1,2,2,31,6,-1,-1,-1,-1,10,E01021026,0,1
2025471593143,2025,471593143,3,9,0,-1,2,0,0,-1,0,2,0,0,0,0,2,1,-1,1,1,41,7,-1,-1,-1,-1,9,E01031823,0,3
2025471593143,2025,471593143,2,9,0,-1,2,0,0,-1,0,2,0,4,0,0,2,1,-1,6,2,62,9,-1,-1,-1,-1,3,E01031830,0,3
2025471593143,2025,471593143,1,9,0,-1,5,4,8,-1,0,2,0,4,0,0,1,1,-1,2,1,60,9,-1,-1,-1,-1,4,E01024429,0,4
2025471593148,2025,471593148,1,9,0,-1,19,7,4,-1,0,0,0,0,0,0,1,1,-1,2,1,19,4,-1,-1,-1,-1,5,E01021099,0,2
2025471593148,2025,471593148,2,9,0,-1,19,4,8,-1,0,0,0,0,1,11,1,1,-1,9,2,72,10,-1,-1,-1,-1,9,E01024802,0,2
2025471593214,2025,471593214,1,3,0,-1,19,1,4,-1,0,0,0,0,1,0,1,1,-1,9,1,24,5,-1,-1,-1,-1,2,E01024315,0,4
2025471593214,2025,471593214,2,19,0,-1,19,4,1,-1,0,0,0,0,0,0,3,1,-1,6,1,57,9,-1,-1,-1,-1,8,E01020931,0,1
2025471593248,2025,471593248,1,9,0,-1,19,7,4,-1,0,1,9,99,0,0,2,1,-1,2,1,49,8,-1,-1,-1,-1,6,E01031586,0,4
2025471593248,2025,471593248,2,9,0,-1,5,7,4,-1,0,1,0,0,0,0,3,9,-1,6,2,61,9,-1,-1,-1,-1,8,E01016931,0,1
2025471593305,2025,471593305,1,9,0,-1,19,4,8,-1,0,1,0,0,0,0,1,1,-1,9,2,61,9,-1,-1,-1,-1,5,E01021087,0,1
2025471593305,2025,471593305,2,9,0,-1,10,4,8,-1,0,1,0,0,0,0,2,1,-1,9,1,71,10,-1,-1,-1,-1,7,E01021165,0,4
2025471593305,2025,471593305,3,19,0,-1,4,4,8,-1,0,1,0,0,0,0,2,1,-1,1,1,55,8,-1,-1,-1,-1,6,E01021018,0,2
2025471593305,2025,471593305,4,3,0,-1,19,4,8,-1,0,1,0,0,0,0,1,1,-1,2,1,22,5,-1,-1,-1,-1,3,E01021017,0,2
2025471593332,2025,471593332,1,9,0,-1,19,7,3,-1,0,8,0,0,0,0,4,1,-1,6,1,65,9,-1,-1,-1,-1,10,E01031768,0,2
2025471593332,2025,471593332,2,9,0,-1,9,1,7,-1,0,6,0,0,0,0,1,1,-1,6,1,30,6,-1,-1,-1,-1,3,E01031459,0,4
2025471593445,2025,471593445,1,9,0,-1,8,7,1,-1,0,6,0,0,0,0,1,1,-1,9,2,67,10,-1,-1,-1,-1,6,E01031528,0,1
2025471593445,2025,471593445,2,9,0,-1,19,5,1,-1,0,1,0,0,0,0,4,1,-1,9,1,53,8,-1,-1,-1,-1,7,E01031527,0,1
2025471593501,2025,471593501,1,-1,0,-1,19,3,7,-1,0,0,0,0,0,0,1,1,-1,6,1,11,3,-1,-1,-1,-1,2,E01031555,1,1
2025471593501,2025,471593501,2,9,0,-1,-1,-1,-1,-1,-1,0,-1,-1,-1,0,-1,9,-1,6,3,-1,-1,-1,-1,-1,-1,-1,-1,0,-1
2025471593508,2025,471593508,2,9,0,-1,5,3,1,-1,0,1,0,0,0,0,4,1,-1,9,2,59,9,-1,-1,-1,-1,10,E01031758,0,3
2025471593508,2025,471593508,1,5,0,-1,19,3,1,-1,0,1,0,0,0,0,1,1,-1,9,1,55,8,-1,-1,-1,-1,10,E01016930,0,1
2025471593516,2025,471593516,2,9,0,-1,19,6,3,-1,0,4,1,0,1,0,1,1,-1,6,1,51,8,-1,-1,-1,-1,4,E01031364,0,1
2025471593516,2025,471593516,1,9,0,-1,9,4,3,-1,0,8,0,0,0,0,4,1,-1,9,1,65,9,-1,-1,-1,-1,10,E01031702,0,3