collision_index,collision_year,collision_ref_no,vehicle_reference,vehicle_type,towing_and_articulation,vehicle_manoeuvre_historic,vehicle_manoeuvre,vehicle_direction_from,vehicle_direction_to,vehicle_location_restricted_lane_historic,vehicle_location_restricted_lane,junction_location,skidding_and_overturning,hit_object_in_carriageway,vehicle_leaving_carriageway,hit_object_off_carriageway,first_point_of_impact,vehicle_left_hand_drive,journey_purpose_of_driver_historic,journey_purpose_of_driver,sex_of_driver,age_of_driver,age_band_of_driver,engine_capacity_cc,propulsion_code,age_of_vehicle,generic_make_model,driver_imd_decile,lsoa_of_driver,escooter_flag,driver_distance_banding
2025471593535,2025,471593535,2,3,0,-1,19,3,7,-1,0,1,0,0,0,0,0,1,-1,1,1,44,7,-1,-1,-1,-1,1,E01016864,0,1
2025471593535,2025,471593535,1,9,0,-1,9,7,5,-1,0,5,0,0,0,0,3,1,-1,6,1,59,9,-1,-1,-1,-1,3,E01016873,0,1
2025471593536,2025,471593536,2,4,0,-1,13,3,7,-1,0,0,2,0,7,0,1,1,-1,6,1,-1,-1,-1,-1,-1,-1,-1,-1,0,-1
2025471593536,2025,471593536,1,9,0,-1,4,7,3,-1,0,0,0,0,0,0,4,1,-1,6,1,72,10,-1,-1,-1,-1,10,E01024800,0,2
2025471593577,2025,471593577,2,9,0,-1,19,1,5,-1,0,1,0,0,0,0,1,1,-1,6,1,-1,-1,-1,-1,-1,-1,-1,-1,0,-1
2025471593577,2025,471593577,1,9,0,-1,19,1,5,-1,0,1,0,0,0,0,2,1,-1,6,2,50,8,-1,-1,-1,-1,10,E01031739,0,3
2025471593597,2025,471593597,1,9,0,-1,19,1,5,-1,9,8,0,4,7,11,1,1,-1,6,2,62,9,-1,-1,-1,-1,2,E01016905,0,1
2025471593597,2025,471593597,2,9,0,-1,5,1,5,-1,0,1,0,0,0,0,2,1,-1,9,2,49,8,-1,-1,-1,-1,9,E01017002,0,1
2025471593649,2025,471593649,2,1,0,-1,19,3,7,-1,0,8,0,0,0,0,3,1,-1,6,1,27,6,-1,-1,-1,-1,8,E01016897,0,1
2025471593649,2025,471593649,1,9,0,-1,19,3,7,-1,0,8,0,0,0,0,4,1,-1,6,3,-1,-1,-1,-1,-1,-1,-1,-1,0,-1
2025471593720,2025,471593720,1,9,0,-1,7,3,5,-1,0,8,0,0,0,0,4,1,-1,2,1,27,6,-1,-1,-1,-1,4,E01031785,0,1
2025471593720,2025,471593720,2,1,0,-1,19,5,5,-1,0,8,0,0,0,0,3,1,-1,9,1,14,3,-1,-1,-1,-1,7,E01031813,0,1
2025471593826,2025,471593826,2,9,0,-1,19,5,1,-1,0,8,0,0,0,0,3,1,-1,9,2,43,7,-1,-1,-1,-1,6,E01016963,0,1
2025471593826,2025,471593826,1,3,0,-1,19,3,7,-1,0,8,0,0,0,0,1,1,-1,6,1,67,10,-1,-1,-1,-1,6,E01016996,0,1
2025471593915,2025,471593915,1,9,0,-1,9,8,6,-1,0,8,0,0,0,0,4,1,-1,9,1,81,11,-1,-1,-1,-1,7,E01021093,0,1
2025471593915,2025,471593915,2,9,0,-1,19,4,8,-1,0,1,0,0,0,0,1,1,-1,2,1,31,6,-1,-1,-1,-1,8,E01021221,0,4
2025471593927,2025,471593927,2,5,0,-1,19,1,5,-1,0,8,0,0,0,0,1,1,-1,9,1,25,5,-1,-1,-1,-1,4,E01021013,0,1
2025471593927,2025,471593927,1,9,0,-1,9,5,2,-1,0,8,0,0,0,0,1,1,-1,9,1,28,6,-1,-1,-1,-1,7,E01021010,0,1
2025471593945,2025,471593945,2,1,0,-1,19,5,1,-1,0,0,1,0,0,0,1,1,-1,6,1,10,2,-1,-1,-1,-1,4,E01016951,0,1
2025471593945,2025,471593945,1,9,0,-1,19,7,3,-1,0,0,0,0,0,0,1,1,-1,9,1,59,9,-1,-1,-1,-1,7,E01016851,0,1
2025471594055,2025,471594055,2,5,0,-1,19,2,6,-1,0,1,0,0,0,0,1,1,-1,6,1,33,6,-1,-1,-1,-1,1,E01021005,0,1
2025471594055,2025,471594055,1,9,0,-1,9,7,4,-1,0,5,0,0,0,0,4,1,-1,9,1,67,10,-1,-1,-1,-1,1,E01020972,0,1
2025471594059,2025,471594059,2,3,0,-1,19,5,1,-1,0,8,0,0,0,0,1,1,-1,9,1,18,4,-1,-1,-1,-1,10,E01031748,0,1
2025471594059,2025,471594059,1,9,0,-1,9,7,4,-1,0,6,0,0,0,0,3,1,-1,9,2,58,9,-1,-1,-1,-1,10,E01021026,0,1
2025471594068,2025,471594068,2,8,0,-1,19,3,7,-1,0,0,0,0,0,0,2,1,-1,1,1,59,9,-1,-1,-1,-1,4,E01000239,0,4
2025471594068,2025,471594068,1,9,0,-1,19,3,7,-1,0,0,5,0,0,0,1,1,-1,9,2,22,5,-1,-1,-1,-1,6,E01031673,0,3
2025471594146,2025,471594146,2,4,0,-1,13,7,3,-1,0,0,0,0,0,0,1,1,-1,2,1,41,7,-1,-1,-1,-1,5,E01021064,0,1
2025471594146,2025,471594146,1,9,0,-1,7,7,3,-1,0,0,0,0,0,0,1,1,-1,6,2,25,5,-1,-1,-1,-1,6,E01021066,0,1
2025471594211,2025,471594211,1,3,0,-1,19,3,7,-1,0,4,1,0,0,0,3,1,-1,2,2,21,5,-1,-1,-1,-1,6,E01031673,0,1
2025471594245,2025,471594245,1,19,0,-1,7,2,6,-1,0,8,0,0,0,0,4,9,-1,6,1,-1,-1,-1,-1,-1,-1,-1,-1,0,-1
2025471594289,2025,471594289,1,9,0,-1,4,7,3,-1,0,1,0,0,0,0,1,1,-1,6,1,45,7,-1,-1,-1,-1,5,E01031370,0,1
2025471594289,2025,471594289,2,1,0,-1,19,3,7,-1,0,2,0,0,0,0,1,1,-1,6,1,-1,-1,-1,-1,-1,-1,-1,-1,0,-1
2025471594294,2025,471594294,1,9,0,-1,1,1,5,-1,0,0,0,0,0,0,2,9,-1,6,2,20,4,-1,-1,-1,-1,5,E01034300,0,3
2025471594302,2025,471594302,2,9,0,-1,19,3,7,-1,0,0,1,0,0,0,1,1,-1,9,2,71,10,-1,-1,-1,-1,7,E01021169,0,1
2025471594302,2025,471594302,1,9,0,-1,19,7,3,-1,0,0,1,0,0,0,1,1,-1,6,-1,-1,-1,-1,-1,-1,-1,-1,-1,0,-1
2025471594349,2025,471594349,1,9,0,-1,19,3,7,-1,-1,4,0,0,0,0,1,1,-1,9,2,76,11,-1,-1,-1,-1,5,E01034303,0,4
2025471594349,2025,471594349,3,19,0,-1,3,3,7,-1,0,1,0,0,0,0,0,1,-1,6,-1,-1,-1,-1,-1,-1,-1,-1,-1,0,-1
2025471594349,2025,471594349,2,9,0,-1,19,5,1,-1,-1,1,0,0,0,0,1,1,-1,9,2,42,7,-1,-1,-1,-1,7,E01016889,0,2
2025471594431,2025,471594431,3,4,0,-1,3,7,3,-1,0,1,0,0,0,0,2,1,-1,9,1,35,6,-1,-1,-1,-1,5,E01002677,0,4
2025471594431,2025,471594431,1,9,0,-1,19,7,3,-1,0,1,0,0,0,0,1,1,-1,9,1,30,6,-1,-1,-1,-1,2,E01001021,0,4
2025471594431,2025,471594431,2,3,0,-1,3,7,3,-1,0,1,0,0,0,0,2,1,-1,9,1,28,6,-1,-1,-1,-1,4,E01016462,0,4
2025471594465,2025,471594465,1,9,0,-1,19,2,6,-1,0,0,5,0,7,0,4,1,-1,9,1,23,5,-1,-1,-1,-1,10,E01031476,0,1
2025471594539,2025,471594539,2,1,0,-1,9,8,5,-1,0,1,0,0,0,0,3,1,-1,9,1,13,3,-1,-1,-1,-1,8,E01031840,0,1
2025471594539,2025,471594539,1,19,0,-1,19,3,7,-1,0,8,0,0,0,0,3,1,-1,1,1,49,8,-1,-1,-1,-1,8,E01031781,0,1
2025471594634,2025,471594634,1,9,0,-1,19,7,3,-1,0,0,0,0,0,0,1,1,-1,9,1,61,9,-1,-1,-1,-1,4,E01021006,0,1
2025471594646,2025,471594646,1,9,0,-1,19,8,5,-1,0,8,5,0,2,4,4,1,-1,9,1,17,4,-1,-1,-1,-1,3,E01031657,0,2
2025471594680,2025,471594680,3,9,0,-1,2,0,0,-1,0,0,0,0,0,0,3,1,-1,9,1,27,6,-1,-1,-1,-1,10,E01031758,0,1
2025471594680,2025,471594680,1,9,0,-1,19,2,6,-1,0,0,0,0,1,0,1,1,-1,9,1,50,8,-1,-1,-1,-1,10,E01031759,0,1
2025471594680,2025,471594680,2,9,0,-1,19,6,2,-1,0,0,0,0,0,0,1,1,-1,9,1,19,4,-1,-1,-1,-1,9,E01032837,0,1
2025471594699,2025,471594699,1,9,0,-1,7,1,7,-1,0,5,1,0,7,11,1,1,-1,6,1,17,4,-1,-1,-1,-1,3,E01031371,0,1
2025471594733,2025,471594733,1,-1,0,-1,19,7,3,-1,5,0,0,0,0,0,1,1,-1,6,1,-1,-1,-1,-1,-1,-1,-1,-1,0,-1
2025471594733,2025,471594733,2,1,0,-1,19,3,7,-1,5,0,5,0,0,0,1,1,-1,6,1,51,8,-1,-1,-1,-1,1,E01016868,0,1
2025471594803,2025,471594803,2,1,0,-1,3,7,3,-1,0,1,0,0,0,0,2,1,-1,6,1,52,8,-1,-1,-1,-1,3,E01016975,0,2
2025471594803,2025,471594803,1,9,0,-1,19,7,3,-1,0,1,0,0,0,0,1,9,-1,6,3,-1,-1,-1,-1,-1,-1,-1,-1,0,-1
2025471594871,2025,471594871,1,11,0,-1,19,3,7,-1,0,1,0,0,0,0,1,1,-1,1,1,21,5,-1,-1,-1,-1,2,E01016906,0,1
2025471594908,2025,471594908,1,5,0,-1,19,3,7,-1,0,0,1,0,0,0,1,1,-1,6,1,46,8,-1,-1,-1,-1,6,E01031363,0,4
2025471594908,2025,471594908,2,9,0,-1,19,3,7,-1,0,0,0,0,0,0,2,1,-1,6,1,44,7,-1,-1,-1,-1,8,E01032835,0,1
2025471594929,2025,471594929,2,9,0,-1,4,2,6,-1,0,0,0,0,0,0,1,1,-1,9,2,30,6,-1,-1,-1,-1,7,E01021063,0,1
2025471594929,2025,471594929,1,9,0,-1,19,6,2,-1,0,0,0,0,0,0,3,1,-1,9,2,63,9,-1,-1,-1,-1,3,E01021062,0,1
2025471594958,2025,471594958,1,9,0,-1,19,1,5,-1,0,0,0,0,0,0,3,1,-1,9,2,24,5,-1,-1,-1,-1,7,E01022514,0,4
2025471594958,2025,471594958,2,9,0,-1,19,5,1,-1,0,0,0,0,0,0,3,1,-1,9,2,68,10,-1,-1,-1,-1,9,E01031622,0,1
2025471595047,2025,471595047,1,9,0,-1,19,-1,-1,-1,0,2,0,0,0,0,1,9,-1,6,2,-1,-1,-1,-1,-1,-1,-1,-1,0,-1
2025471595115,2025,471595115,1,19,0,-1,19,-1,-1,-1,0,1,0,0,0,0,1,1,-1,6,1,23,5,-1,-1,-1,-1,3,E01031787,0,1
2025471595299,2025,471595299,2,9,0,-1,3,8,4,-1,0,4,0,0,0,0,2,1,-1,9,2,57,9,-1,-1,-1,-1,8,E01031726,0,4
2025471595299,2025,471595299,1,9,0,-1,19,8,4,-1,0,4,0,0,0,0,1,1,-1,6,2,38,7,-1,-1,-1,-1,9,E01031935,0,5
2025471595371,2025,471595371,1,2,0,-1,19,-1,-1,-1,0,0,1,0,7,0,1,1,-1,2,1,16,4,-1,-1,-1,-1,7,E01031447,0,1
2025471595371,2025,471595371,2,8,0,-1,5,-1,-1,-1,0,0,0,0,0,0,1,1,-1,6,2,55,8,-1,-1,-1,-1,7,E01031382,0,1
2025471595420,2025,471595420,2,9,0,-1,19,6,2,-1,0,1,0,0,0,0,2,1,-1,6,1,22,5,-1,-1,-1,-1,2,E01022906,0,2
2025471595420,2025,471595420,1,9,0,-1,19,6,2,-1,0,2,0,0,7,3,1,1,-1,6,1,64,9,-1,-1,-1,-1,5,E01031477,0,2
2025471595421,2025,471595421,1,5,0,-1,19,1,5,-1,0,6,0,0,0,0,1,1,-1,9,1,48,8,-1,-1,-1,-1,7,E01002986,0,4
2025471595421,2025,471595421,2,9,0,-1,19,3,7,-1,0,1,0,0,0,0,3,1,-1,9,1,39,7,-1,-1,-1,-1,8,E01031633,0,2
2025471595628,2025,471595628,1,3,0,-1,19,6,2,-1,0,0,0,0,0,0,4,1,-1,1,1,24,5,-1,-1,-1,-1,7,E01031349,0,1
2025471595628,2025,471595628,2,9,0,-1,5,0,2,-1,0,0,0,0,0,0,3,1,-1,6,2,62,9,-1,-1,-1,-1,3,E01016881,0,1
2025471595722,2025,471595722,2,1,0,-1,19,6,2,-1,0,1,0,0,0,0,0,1,-1,6,2,24,5,-1,-1,-1,-1,4,E01016894,0,2
2025471595722,2025,471595722,1,9,0,-1,19,6,2,-1,0,1,0,0,0,0,3,1,-1,6,2,30,6,-1,-1,-1,-1,6,E01017012,0,2
2025471595800,2025,471595800,2,9,0,-1,19,7,3,-1,0,0,0,0,0,0,2,1,-1,6,1,57,9,-1,-1,-1,-1,10,E01019963,0,5
2025471595800,2025,471595800,1,9,0,-1,19,7,2,-1,0,0,0,0,0,0,1,1,-1,9,1,81,11,-1,-1,-1,-1,7,E01031535,0,2
2025471595833,2025,471595833,2,5,0,-1,19,1,5,-1,0,0,0,0,0,0,0,1,-1,9,1,69,10,-1,-1,-1,-1,7,E01021169,0,3
2025471595833,2025,471595833,1,5,0,-1,19,1,5,-1,0,0,0,0,1,0,4,1,-1,6,1,78,11,-1,-1,-1,-1,7,E01021173,0,1
2025471595846,2025,471595846,3,9,0,-1,9,4,2,-1,0,0,0,0,0,0,3,1,-1,1,1,45,7,-1,-1,-1,-1,10,E01014901,0,5
2025471595846,2025,471595846,1,23,0,-1,13,4,8,-1,0,0,0,0,0,0,1,1,-1,6,1,16,4,-1,-1,-1,-1,10,E01031729,0,1
2025471595846,2025,471595846,2,3,0,-1,13,4,8,-1,0,0,0,0,0,0,1,1,-1,6,-1,-1,-1,-1,-1,-1,-1,-1,-1,0,-1
2025471595873,2025,471595873,1,5,0,-1,5,6,2,-1,0,2,0,0,0,0,3,1,-1,9,1,76,11,-1,-1,-1,-1,6,E01034304,0,4
2025471595873,2025,471595873,2,9,0,-1,19,2,6,-1,0,1,0,0,0,0,1,1,-1,1,1,21,5,-1,-1,-1,-1,6,E01021104,0,1
2025471595876,2025,471595876,2,19,0,-1,2,0,0,-1,-1,0,0,0,0,0,1,1,-1,6,-1,-1,-1,-1,-1,-1,-1,-1,-1,0,-1
2025471595876,2025,471595876,1,9,0,-1,19,7,3,-1,0,0,5,0,8,4,3,1,-1,9,1,80,11,-1,-1,-1,-1,9,E01016263,0,4
2025471596010,2025,471596010,1,5,0,-1,19,7,3,-1,0,1,0,0,0,0,3,1,-1,9,1,62,9,-1,-1,-1,-1,5,E01031498,0,1
2025471596010,2025,471596010,2,1,0,-1,9,7,5,-1,0,1,0,0,0,0,3,1,-1,9,1,14,3,-1,-1,-1,-1,7,E01031478,0,2
2025471596051,2025,471596051,2,20,0,-1,3,3,7,-1,0,1,0,0,0,0,3,1,-1,1,1,48,8,-1,-1,-1,-1,8,E01031766,0,1
2025471596051,2025,471596051,1,17,0,-1,19,7,3,-1,0,1,0,0,0,0,3,1,-1,1,1,66,10,-1,-1,-1,-1,7,E01000749,0,4
2025471596069,2025,471596069,1,9,0,-1,19,8,4,-1,0,2,0,0,0,0,3,1,-1,9,1,81,11,-1,-1,-1,-1,1,E01021005,0,1
2025471596069,2025,471596069,2,9,0,-1,19,4,8,-1,0,1,0,0,0,0,3,1,-1,9,1,48,8,-1,-1,-1,-1,5,E01021000,0,1
2025471596086,2025,471596086,2,9,0,-1,19,5,1,-1,0,0,0,0,0,0,2,1,-1,2,2,45,7,-1,-1,-1,-1,7,E01035329,0,1
2025471596086,2025,471596086,1,9,0,-1,19,5,1,-1,0,0,0,0,0,0,1,1,-1,2,2,26,6,-1,-1,-1,-1,9,E01030536,0,3
2025471596086,2025,471596086,3,9,0,-1,7,5,8,-1,0,0,0,0,0,0,0,1,-1,9,-1,-1,-1,-1,-1,-1,-1,-1,-1,0,-1
2025471596130,2025,471596130,1,9,0,-1,2,0,0,-1,-1,0,0,0,0,0,4,1,-1,2,1,29,6,-1,-1,-1,-1,4,E01016861,0,1
2025471596130,2025,471596130,2,1,0,-1,19,7,3,-1,0,0,0,0,0,0,4,1,-1,6,2,57,9,-1,-1,-1,-1,6,E01016963,0,1
2025471596183,2025,471596183,1,9,0,-1,5,1,7,-1,0,6,0,0,0,0,1,1,-1,9,1,43,7,-1,-1,-1,-1,9,E01031588,0,1
2025471596183,2025,471596183,2,19,0,-1,19,7,4,-1,0,1,0,0,0,0,1,1,-1,1,1,59,9,-1,-1,-1,-1,10,E01021159,0,3
2025471596203,2025,471596203,1,9,0,-1,14,1,6,-1,0,0,0,0,0,0,1,1,-1,6,2,35,6,-1,-1,-1,-1,5,E01016886,0,1
2025471596203,2025,471596203,2,11,0,-1,19,6,1,-1,0,0,0,0,0,0,1,1,-1,6,1,24,5,-1,-1,-1,-1,9,E01016959,0,3
2025471596208,2025,471596208,2,9,0,-1,4,7,3,-1,0,0,0,0,0,0,2,1,-1,9,1,56,9,-1,-1,-1,-1,5,E01031806,0,3
2025471596208,2025,471596208,1,9,0,-1,19,7,3,-1,0,0,0,0,0,0,1,1,-1,9,1,21,5,-1,-1,-1,-1,4,E01031386,0,3
2025471596276,2025,471596276,2,9,0,-1,19,5,1,-1,0,4,0,99,0,0,3,1,-1,6,2,-1,-1,-1,-1,-1,-1,-1,-1,0,-1
2025471596276,2025,471596276,1,1,0,-1,9,2,1,-1,0,8,0,0,0,0,4,1,-1,6,1,45,7,-1,-1,-1,-1,10,E01031754,0,1
2025471596348,2025,471596348,1,19,0,-1,19,6,2,-1,0,0,1,0,0,0,1,1,-1,6,1,63,9,-1,-1,-1,-1,10,E01016939,0,4
2025471596435,2025,471596435,1,19,0,-1,5,2,6,-1,0,0,0,0,0,0,1,1,-1,2,1,53,8,-1,-1,-1,-1,9,E01021226,0,1
2025471596481,2025,471596481,1,9,0,-1,13,4,8,-1,0,0,0,0,0,0,3,1,-1,1,1,37,7,-1,-1,-1,-1,7,E01035490,0,4
2025471596481,2025,471596481,2,19,0,-1,19,8,4,-1,0,0,0,0,0,0,3,1,-1,2,1,59,9,-1,-1,-1,-1,9,E01031693,0,1
2025471596531,2025,471596531,2,3,0,-1,14,5,1,-1,0,0,1,0,1,0,9,1,-1,6,3,-1,-1,-1,-1,-1,-1,-1,-1,0,-1
2025471596531,2025,471596531,3,9,0,-1,19,1,5,-1,0,0,0,0,0,0,0,9,-1,6,3,-1,-1,-1,-1,-1,-1,-1,-1,0,-1
2025471596531,2025,471596531,1,9,0,-1,3,5,1,-1,0,0,0,0,0,0,2,1,-1,6,2,50,8,-1,-1,-1,-1,7,E01031423,0,1
2025471596548,2025,471596548,1,9,0,-1,5,3,8,-1,9,0,0,0,7,10,1,1,-1,9,2,72,10,-1,-1,-1,-1,3,E01016975,0,1
2025471596555,2025,471596555,1,9,0,-1,19,3,7,-1,0,1,0,0,0,0,1,1,-1,2,2,57,9,-1,-1,-1,-1,10,E01031759,0,3
2025471596555,2025,471596555,2,9,0,-1,10,3,1,-1,0,8,0,0,7,4,2,1,-1,1,1,32,6,-1,-1,-1,-1,2,E01034827,0,3
2025471596570,2025,471596570,2,9,0,-1,19,7,4,-1,0,8,5,0,8,4,1,1,-1,2,1,71,10,-1,-1,-1,-1,8,E01031597,0,2
2025471596570,2025,471596570,1,9,0,-1,9,2,7,-1,0,8,0,0,0,0,1,1,-1,2,1,19,4,-1,-1,-1,-1,9,E01031582,0,1
2025471596626,2025,471596626,2,9,0,-1,19,5,1,-1,0,0,0,0,0,0,0,1,-1,8,1,48,8,-1,-1,-1,-1,6,E01021034,0,4
2025471596626,2025,471596626,1,5,0,-1,19,5,8,-1,0,0,1,0,7,7,1,1,-1,6,1,24,5,-1,-1,-1,-1,9,E01031727,0,1
2025471596642,2025,471596642,1,9,0,-1,9,5,3,-1,0,6,0,0,0,0,1,1,-1,9,1,49,8,-1,-1,-1,-1,3,E01031459,0,1
2025471596674,2025,471596674,1,5,0,-1,19,3,7,-1,0,0,0,0,0,0,-1,1,-1,9,1,27,6,-1,-1,-1,-1,1,E01020993,0,2
2025471596674,2025,471596674,3,19,0,-1,19,3,7,-1,0,0,0,0,0,0,1,1,-1,1,1,39,7,-1,-1,-1,-1,1,E01020985,0,2
2025471596674,2025,471596674,2,5,0,-1,19,3,7,-1,0,0,2,0,0,0,2,1,-1,9,2,21,5,-1,-1,-1,-1,8,E01021086,0,3
2025471596724,2025,471596724,1,9,0,-1,19,5,8,-1,0,4,5,9,1,1,1,1,-1,9,1,26,6,-1,-1,-1,-1,10,E01016051,0,4
2025471596729,2025,471596729,1,9,0,-1,19,8,4,-1,0,1,0,0,0,0,4,1,-1,9,2,75,10,-1,-1,-1,-1,5,E01031818,0,1
2025471596729,2025,471596729,2,9,0,-1,9,2,8,-1,0,6,0,0,0,0,1,1,-1,9,2,89,11,-1,-1,-1,-1,10,E01031425,0,1
2025471596740,2025,471596740,2,9,0,-1,2,0,0,-1,0,0,0,0,0,0,2,1,-1,6,-1,-1,-1,-1,-1,-1,-1,-1,-1,0,-1
2025471596740,2025,471596740,1,9,0,-1,19,4,8,-1,0,0,0,4,0,0,1,1,-1,2,1,21,5,-1,-1,-1,-1,6,E01024807,0,3
2025471596769,2025,471596769,3,9,0,-1,3,8,2,-1,0,1,0,0,0,0,2,1,-1,2,2,65,9,-1,-1,-1,-1,3,E01031483,0,1
2025471596769,2025,471596769,1,90,0,-1,19,8,4,-1,0,1,0,0,0,0,1,9,-1,6,1,-1,-1,-1,-1,-1,-1,-1,-1,0,-1
2025471596780,2025,471596780,1,9,0,-1,9,4,2,-1,0,6,0,0,0,0,4,1,-1,9,1,74,10,-1,-1,-1,-1,10,E01030377,0,4
2025471596780,2025,471596780,2,9,0,-1,19,2,6,-1,0,1,0,0,0,0,1,1,-1,2,1,63,9,-1,-1,-1,-1,5,E01031394,0,3
2025471596791,2025,471596791,2,1,0,-1,13,4,2,-1,0,8,0,0,0,0,2,1,-1,9,1,41,7,-1,-1,-1,-1,6,E01034305,0,2
2025471596791,2025,471596791,1,9,0,-1,7,5,8,-1,0,3,0,0,0,0,1,1,-1,9,1,83,11,-1,-1,-1,-1,8,E01021095,0,2
2025471596799,2025,471596799,2,3,0,-1,5,5,1,-1,0,1,0,0,0,0,4,1,-1,6,1,17,4,-1,-1,-1,-1,4,E01020915,0,3
2025471596799,2025,471596799,1,9,0,-1,5,4,8,-1,0,1,0,0,0,0,3,1,-1,6,1,-1,-1,-1,-1,-1,-1,2,E01021179,0,3
2025471596811,2025,471596811,2,9,0,-1,99,7,-1,-1,0,1,0,0,0,0,1,1,-1,6,1,-1,-1,-1,-1,-1,-1,-1,-1,0,-1
2025471596811,2025,471596811,1,1,0,-1,5,5,1,-1,0,6,0,0,0,0,4,1,-1,6,2,-1,-1,-1,-1,-1,-1,10,E01031820,0,1
2025471596839,2025,471596839,3,9,0,-1,19,6,1,-1,0,0,0,0,0,0,0,1,-1,6,1,52,8,-1,-1,-1,-1,6,E01021200,0,2
2025471596839,2025,471596839,2,21,0,-1,19,1,6,-1,0,0,0,0,0,0,1,1,-1,1,1,36,7,-1,-1,-1,-1,7,E01024026,0,4
2025471596839,2025,471596839,1,9,0,-1,13,6,1,-1,0,0,0,0,0,0,4,1,-1,9,1,43,7,-1,-1,-1,-1,9,E01004098,0,4
2025471596849,2025,471596849,1,9,0,-1,19,7,4,-1,0,0,1,0,5,6,1,1,-1,9,2,42,7,-1,-1,-1,-1,3,E01031360,0,2
2025471596891,2025,471596891,1,9,0,-1,19,7,3,-1,9,1,1,0,1,2,1,1,-1,9,1,29,6,-1,-1,-1,-1,8,E01021209,0,1
2025471596960,2025,471596960,2,9,0,-1,2,0,0,-1,0,0,0,0,0,0,3,1,-1,6,-1,-1,-1,-1,-1,-1,-1,-1,-1,0,-1
2025471596960,2025,471596960,1,9,0,-1,9,8,5,-1,0,0,0,0,0,0,4,1,-1,6,1,32,6,-1,-1,-1,-1,7,E01021201,0,2
2025471596971,2025,471596971,1,11,0,-1,9,5,2,-1,0,1,0,0,0,0,1,1,-1,1,1,55,8,-1,-1,-1,-1,1,E01021015,0,2
2025471596971,2025,471596971,2,9,0,-1,19,1,5,-1,0,1,0,0,0,0,1,1,-1,9,1,42,7,-1,-1,-1,-1,3,E01021131,0,1
2025471596976,2025,471596976,1,3,0,-1,19,1,4,-1,0,8,2,0,0,0,3,1,-1,9,1,18,4,-1,-1,-1,-1,2,E01016918,0,4
2025471596996,2025,471596996,3,9,0,-1,2,0,0,-1,0,8,0,0,0,0,2,1,-1,6,-1,-1,-1,-1,-1,-1,-1,-1,-1,0,-1
2025471596996,2025,471596996,2,19,0,-1,2,0,0,-1,0,2,0,0,0,0,1,1,-1,6,-1,-1,-1,-1,-1,-1,-1,-1,-1,0,-1
2025471596996,2025,471596996,4,9,0,-1,2,0,0,-1,0,8,0,0,0,0,2,1,-1,6,-1,-1,-1,-1,-1,-1,-1,-1,-1,0,-1
2025471596996,2025,471596996,1,9,0,-1,19,7,3,-1,0,1,5,4,0,0,1,1,-1,9,2,64,9,-1,-1,-1,-1,3,E01031556,0,1
2025471597004,2025,471597004,2,9,0,-1,19,1,5,-1,0,8,0,0,0,0,1,1,-1,9,1,57,9,-1,-1,-1,-1,9,E01024799,0,3
2025471597004,2025,471597004,1,9,0,-1,9,7,1,-1,0,6,0,0,0,0,3,1,-1,9,2,54,8,-1,-1,-1,-1,4,E01020997,0,3
2025471597113,2025,471597113,1,9,0,-1,11,3,1,-1,0,3,0,0,0,0,2,1,-1,2,1,23,5,-1,-1,-1,-1,9,E01031730,0,3
2025471597113,2025,471597113,2,8,0,-1,19,3,1,-1,0,3,0,0,0,0,1,1,-1,6,1,38,7,-1,-1,-1,-1,5,E01031577,0,1
2025471597312,2025,471597312,1,9,0,-1,19,4,8,-1,0,0,0,0,0,0,3,1,-1,6,2,24,5,-1,-1,-1,-1,5,E01034817,0,3
2025471597312,2025,471597312,2,9,0,-1,19,8,4,-1,0,0,0,0,1,0,3,1,-1,9,1,65,9,-1,-1,-1,-1,-1,-1,0,-1
2025471597312,2025,471597312,3,9,0,-1,19,8,4,-1,0,0,0,0,0,0,1,1,-1,9,1,56,9,-1,-1,-1,-1,10,E01028409,0,5
2025471597315,2025,471597315,1,9,0,-1,5,8,4,-1,0,4,0,0,0,0,1,1,-1,9,2,57,9,-1,-1,-1,-1,10,E01021234,0,1
2025471597315,2025,471597315,2,9,0,-1,3,8,4,-1,0,4,0,0,0,0,2,1,-1,9,1,21,5,-1,-1,-1,-1,4,E01001015,0,4
2025471597346,2025,471597346,2,9,0,-1,7,3,5,-1,0,6,0,0,0,0,1,1,-1,9,2,26,6,-1,-1,-1,-1,4,E01031608,0,1
2025471597346,2025,471597346,1,9,0,-1,19,1,5,-1,0,8,0,0,0,0,4,1,-1,9,2,18,4,-1,-1,-1,-1,5,E01031565,0,1
2025471597347,2025,471597347,2,9,0,-1,19,5,1,-1,0,0,0,0,0,0,4,1,-1,6,1,31,6,-1,-1,-1,-1,2,E01000042,0,4
2025471597347,2025,471597347,1,9,0,-1,19,1,5,-1,0,0,0,0,0,0,3,1,-1,6,1,51,8,-1,-1,-1,-1,6,E01031376,0,1
2025471597409,2025,471597409,1,1,0,-1,19,-1,-1,-1,99,4,0,0,0,0,4,1,-1,2,2,57,9,-1,-1,-1,-1,5,E01031481,0,1
2025471597409,2025,471597409,2,9,0,-1,19,4,7,-1,0,4,0,0,0,0,1,1,-1,6,2,73,10,-1,-1,-1,-1,9,E01031380,0,2
2025471597413,2025,471597413,1,9,0,-1,19,7,5,-1,0,8,0,0,0,0,3,1,-1,9,2,43,7,-1,-1,-1,-1,9,E01021161,0,4