collision_index,collision_year,collision_ref_no,vehicle_reference,vehicle_type,towing_and_articulation,vehicle_manoeuvre_historic,vehicle_manoeuvre,vehicle_direction_from,vehicle_direction_to,vehicle_location_restricted_lane_historic,vehicle_location_restricted_lane,junction_location,skidding_and_overturning,hit_object_in_carriageway,vehicle_leaving_carriageway,hit_object_off_carriageway,first_point_of_impact,vehicle_left_hand_drive,journey_purpose_of_driver_historic,journey_purpose_of_driver,sex_of_driver,age_of_driver,age_band_of_driver,engine_capacity_cc,propulsion_code,age_of_vehicle,generic_make_model,driver_imd_decile,lsoa_of_driver,escooter_flag,driver_distance_banding
2025471606649,2025,471606649,1,9,0,-1,19,2,6,-1,0,0,5,4,0,0,1,1,-1,2,2,60,9,-1,-1,-1,-1,10,E01021210,0,1
2025471606649,2025,471606649,2,9,0,-1,2,0,0,-1,5,0,1,0,0,0,3,1,-1,6,-1,-1,-1,-1,-1,-1,-1,-1,-1,0,-1
2025471606722,2025,471606722,1,5,0,-1,19,6,2,-1,0,0,1,0,0,0,1,1,-1,6,1,51,8,-1,-1,-1,-1,5,E01031731,0,3
2025471606722,2025,471606722,2,19,0,-1,9,2,7,-1,0,0,0,0,0,0,4,1,-1,1,1,54,8,-1,-1,-1,-1,7,W01000482,0,5
2025471606796,2025,471606796,2,9,0,-1,19,1,5,-1,0,1,0,0,0,0,2,1,-1,9,1,45,7,-1,-1,-1,-1,2,E01016910,0,1
2025471606796,2025,471606796,1,9,0,-1,4,1,5,-1,0,1,0,0,0,0,1,9,-1,6,3,-1,-1,-1,-1,-1,-1,-1,-1,0,-1
2025471606894,2025,471606894,1,11,0,-1,19,7,4,-1,0,0,0,0,0,0,4,9,-1,6,3,-1,-1,-1,-1,-1,-1,-1,-1,0,-1
2025471607070,2025,471607070,1,9,0,-1,5,2,6,-1,0,0,0,0,0,0,4,1,-1,9,2,56,9,-1,-1,-1,-1,6,E01031408,0,2
2025471607070,2025,471607070,2,9,0,-1,5,6,2,-1,0,0,0,0,0,0,1,1,-1,9,2,53,8,-1,-1,-1,-1,4,E01031836,0,1
2025471607097,2025,471607097,1,11,0,-1,5,8,4,-1,2,1,0,0,0,0,0,1,-1,1,1,63,9,-1,-1,-1,-1,5,E01031501,0,3
2025471607112,2025,471607112,1,3,0,-1,13,5,1,-1,9,0,1,0,7,0,0,1,-1,9,1,23,5,-1,-1,-1,-1,1,E01031427,0,1
2025471607112,2025,471607112,2,19,0,-1,9,5,1,-1,0,0,0,0,0,0,0,1,-1,6,1,35,6,-1,-1,-1,-1,9,E01031389,0,1
2025471607185,2025,471607185,1,9,0,-1,19,1,6,-1,0,0,0,10,7,4,1,1,-1,6,1,-1,-1,-1,-1,-1,-1,-1,-1,0,-1
2025471607187,2025,471607187,2,9,0,-1,19,5,8,-1,0,1,0,0,0,0,1,1,-1,9,1,67,10,-1,-1,-1,-1,7,E01031541,0,4
2025471607187,2025,471607187,1,9,0,-1,9,7,4,-1,0,8,0,0,0,0,3,1,-1,9,1,76,11,-1,-1,-1,-1,8,E01021171,0,1
2025471607220,2025,471607220,1,9,0,-1,19,7,3,-1,0,0,0,99,0,0,4,1,-1,6,1,19,4,-1,-1,-1,-1,3,E01031657,0,1
2025471607285,2025,471607285,2,9,0,-1,2,0,0,-1,0,0,0,4,0,0,1,1,-1,6,-1,-1,-1,-1,-1,-1,-1,-1,-1,0,-1
2025471607285,2025,471607285,3,8,0,-1,2,0,0,-1,0,0,0,0,0,0,1,1,-1,6,-1,-1,-1,-1,-1,-1,-1,-1,-1,0,-1
2025471607285,2025,471607285,1,9,0,-1,19,5,2,-1,0,0,0,4,7,0,1,1,-1,6,2,56,9,-1,-1,-1,-1,6,E01031663,0,1
2025471607311,2025,471607311,1,9,0,-1,19,7,3,-1,0,8,2,7,8,1,3,1,-1,6,2,33,6,-1,-1,-1,-1,9,E01031662,0,1
2025471607392,2025,471607392,1,9,0,-1,5,5,1,-1,9,1,0,0,0,0,3,1,-1,6,2,66,10,-1,-1,-1,-1,3,E01016954,0,1
2025471607535,2025,471607535,1,9,0,-1,11,3,7,-1,0,0,0,0,0,0,4,1,-1,2,1,36,7,-1,-1,-1,-1,3,E01017078,0,4
2025471607535,2025,471607535,2,5,0,-1,14,3,7,-1,0,0,0,0,0,0,3,1,-1,2,1,32,6,-1,-1,-1,-1,3,E01031453,0,2
2025471607538,2025,471607538,1,1,0,-1,19,3,7,-1,0,8,0,0,0,0,2,1,-1,9,1,44,7,-1,-1,-1,-1,3,E01016975,0,1
2025471607538,2025,471607538,2,3,0,-1,3,1,3,-1,0,1,0,0,0,0,4,1,-1,6,1,39,7,-1,-1,-1,-1,3,E01016921,0,2
2025471607540,2025,471607540,1,9,0,-1,10,4,2,-1,0,2,0,0,0,0,4,1,-1,2,2,25,5,-1,-1,-1,-1,10,E01032839,0,1
2025471607540,2025,471607540,2,1,0,-1,19,6,2,-1,0,8,0,0,0,0,1,1,-1,6,2,-1,-1,-1,-1,-1,-1,10,E01035348,0,1
2025471607547,2025,471607547,1,9,0,-1,1,6,6,-1,0,2,0,0,0,0,2,1,-1,9,2,65,9,-1,-1,-1,-1,8,E01021115,0,3
2025471607567,2025,471607567,1,21,0,-1,9,2,8,-1,0,8,0,0,0,0,4,1,-1,1,1,58,9,-1,-1,-1,-1,7,E01031616,0,2
2025471607567,2025,471607567,2,5,0,-1,19,6,2,-1,0,1,1,0,0,0,1,1,-1,6,1,41,7,-1,-1,-1,-1,6,E01024016,0,4
2025471607577,2025,471607577,2,9,0,-1,19,3,6,-1,0,1,0,0,0,0,1,1,-1,9,2,28,6,-1,-1,-1,-1,8,E01030384,0,4
2025471607577,2025,471607577,3,98,0,-1,10,7,5,-1,0,5,0,0,0,0,0,1,-1,6,-1,-1,-1,-1,-1,-1,-1,-1,-1,0,-1
2025471607577,2025,471607577,1,9,0,-1,9,4,3,-1,0,6,0,0,0,0,1,1,-1,9,2,20,4,-1,-1,-1,-1,6,E01031544,0,2
2025471607675,2025,471607675,1,1,0,-1,19,5,1,-1,0,1,0,0,0,0,1,1,-1,1,1,29,6,-1,-1,-1,-1,5,E01016966,0,4
2025471607675,2025,471607675,2,9,0,-1,8,5,8,-1,0,1,0,0,0,0,2,1,-1,9,1,30,6,-1,-1,-1,-1,8,E01032605,0,3
2025471607691,2025,471607691,2,19,0,-1,19,3,7,-1,0,8,0,0,0,0,4,1,-1,1,1,66,10,-1,-1,-1,-1,8,E01017008,0,1
2025471607691,2025,471607691,1,9,0,-1,19,5,1,-1,0,1,0,0,0,0,1,1,-1,9,2,55,8,-1,-1,-1,-1,3,E01016975,0,1
2025471607696,2025,471607696,1,9,0,-1,19,3,6,-1,0,1,0,0,0,0,1,1,-1,9,1,84,11,-1,-1,-1,-1,3,E01031657,0,2
2025471607696,2025,471607696,2,9,0,-1,9,5,3,-1,0,6,0,0,0,0,3,1,-1,6,1,29,6,-1,-1,-1,-1,6,E01035338,0,2
2025471607704,2025,471607704,2,9,0,-1,4,1,4,-1,0,0,0,0,0,0,1,1,-1,9,1,21,5,-1,-1,-1,-1,10,E01031668,0,3
2025471607704,2025,471607704,1,9,0,-1,4,1,4,-1,0,0,0,0,2,0,2,1,-1,2,2,31,6,-1,-1,-1,-1,6,E01031705,0,1
2025471607720,2025,471607720,2,9,0,-1,9,3,1,-1,0,6,0,0,0,0,1,1,-1,6,1,54,8,-1,-1,-1,-1,6,E01031557,0,1
2025471607720,2025,471607720,1,5,0,-1,19,1,5,-1,0,1,1,0,7,0,4,1,-1,6,1,62,9,-1,-1,-1,-1,5,E01031584,0,1
2025471607720,2025,471607720,3,9,0,-1,2,0,0,-1,0,1,0,0,0,0,0,1,-1,6,-1,-1,-1,-1,-1,-1,-1,-1,-1,0,-1
2025471607732,2025,471607732,1,20,0,-1,12,5,1,-1,0,0,0,0,0,0,3,1,-1,6,1,69,10,-1,-1,-1,-1,8,E01031634,0,3
2025471607732,2025,471607732,3,3,0,-1,19,5,1,-1,0,0,1,0,0,0,1,1,-1,6,1,31,6,-1,-1,-1,-1,4,E01031546,0,1
2025471607732,2025,471607732,2,9,0,-1,19,5,1,-1,0,0,0,0,0,0,4,1,-1,6,2,33,6,-1,-1,-1,-1,8,E01035342,0,4
2025471607736,2025,471607736,1,9,0,-1,19,5,1,-1,0,1,0,0,0,0,1,1,-1,9,1,78,11,-1,-1,-1,-1,8,E01030835,0,1
2025471607736,2025,471607736,2,9,0,-1,19,1,5,-1,0,1,0,0,0,0,3,1,-1,9,1,43,7,-1,-1,-1,-1,10,E01031760,0,3
2025471607736,2025,471607736,3,9,0,-1,19,1,5,-1,0,1,0,0,0,0,3,1,-1,9,1,20,4,-1,-1,-1,-1,10,E01031696,0,2
2025471607752,2025,471607752,1,19,0,-1,13,1,5,-1,0,0,0,0,0,0,3,1,-1,9,1,31,6,-1,-1,-1,-1,10,E01022867,0,4
2025471607752,2025,471607752,2,5,0,-1,13,1,5,-1,0,0,0,0,7,0,4,1,-1,9,1,31,6,-1,-1,-1,-1,5,E01022640,0,3
2025471607827,2025,471607827,2,9,0,-1,9,1,7,-1,0,8,0,0,0,0,1,1,-1,6,1,41,7,-1,-1,-1,-1,7,E01016899,0,1
2025471607827,2025,471607827,1,3,0,-1,9,7,5,-1,0,1,0,0,0,0,4,1,-1,6,1,22,5,-1,-1,-1,-1,1,E01016863,0,1
2025471607925,2025,471607925,1,9,0,-1,19,1,5,-1,0,0,0,0,0,0,1,1,-1,6,1,63,9,-1,-1,-1,-1,6,E01031363,0,3
2025471607925,2025,471607925,2,9,0,-1,4,1,5,-1,0,0,0,0,0,0,2,1,-1,6,1,43,7,-1,-1,-1,-1,10,E01031754,0,3
2025471607943,2025,471607943,2,9,0,-1,19,4,8,-1,0,1,0,0,0,0,1,2,-1,6,3,-1,-1,-1,-1,-1,-1,-1,-1,0,-1
2025471607943,2025,471607943,1,9,0,-1,8,4,8,-1,0,1,0,0,0,0,2,1,-1,7,2,34,6,-1,-1,-1,-1,6,E01035326,0,1
2025471607961,2025,471607961,1,9,0,-1,19,5,1,-1,0,1,5,0,7,0,1,1,-1,9,1,76,11,-1,-1,-1,-1,6,E01031440,0,1
2025471608025,2025,471608025,2,9,0,-1,19,6,2,-1,0,0,0,0,0,0,2,1,-1,6,2,44,7,-1,-1,-1,-1,6,E01035340,0,1
2025471608025,2025,471608025,1,3,0,-1,19,6,2,-1,0,0,5,0,0,0,1,1,-1,2,1,23,5,-1,-1,-1,-1,6,E01031663,0,3
2025471608039,2025,471608039,1,9,0,-1,19,2,5,-1,0,0,0,0,0,0,1,1,-1,9,1,75,10,-1,-1,-1,-1,6,E01021186,0,3
2025471608039,2025,471608039,2,90,0,-1,19,5,2,-1,0,0,0,0,0,0,3,1,-1,1,1,74,10,-1,-1,-1,-1,5,E01021099,0,4
2025471608133,2025,471608133,2,9,0,-1,9,7,5,-1,0,8,0,0,0,0,3,1,-1,9,2,30,6,-1,-1,-1,-1,5,E01017074,0,3
2025471608133,2025,471608133,1,3,0,-1,19,7,3,-1,0,1,0,0,0,0,1,1,-1,9,1,17,4,-1,-1,-1,-1,8,E01031393,0,2
2025471608146,2025,471608146,2,11,0,-1,19,6,2,-1,0,0,0,0,0,0,2,1,-1,1,1,61,9,-1,-1,-1,-1,8,E01031597,0,2
2025471608146,2025,471608146,1,9,0,-1,19,6,2,-1,0,0,0,0,0,0,1,1,-1,9,2,35,6,-1,-1,-1,-1,7,E01035329,0,3
2025471608167,2025,471608167,2,4,0,-1,19,7,2,-1,0,0,0,0,0,0,1,1,-1,6,1,22,5,-1,-1,-1,-1,9,E01021208,0,1
2025471608167,2025,471608167,1,9,0,-1,9,2,6,-1,0,0,0,0,0,0,1,1,-1,9,2,77,11,-1,-1,-1,-1,6,E01021206,0,1
2025471608171,2025,471608171,2,9,0,-1,19,5,1,-1,0,1,0,0,0,0,1,1,-1,9,1,60,9,-1,-1,-1,-1,6,E01021205,0,4
2025471608171,2025,471608171,1,19,0,-1,9,1,7,-1,0,8,0,0,0,0,1,9,-1,6,3,-1,-1,-1,-1,-1,-1,-1,-1,0,-1
2025471608185,2025,471608185,1,9,0,-1,19,4,8,-1,0,0,0,0,0,0,1,1,-1,9,1,84,11,-1,-1,-1,-1,7,E01031618,0,1
2025471608185,2025,471608185,2,1,0,-1,19,4,8,-1,0,0,0,0,1,0,2,1,-1,2,1,55,8,-1,-1,-1,-1,9,E01031642,0,1
2025471608254,2025,471608254,2,9,0,-1,2,0,0,-1,0,0,0,0,0,0,1,1,-1,6,-1,-1,-1,-1,-1,-1,-1,-1,-1,0,-1
2025471608254,2025,471608254,1,9,0,-1,19,2,6,-1,0,0,1,4,0,0,1,1,-1,6,1,25,5,-1,-1,-1,-1,7,E01016913,0,4
2025471608254,2025,471608254,3,21,0,-1,2,0,0,-1,0,0,0,0,0,0,2,1,-1,6,-1,-1,-1,-1,-1,-1,-1,-1,-1,0,-1
2025471608385,2025,471608385,2,9,0,-1,19,4,8,-1,0,1,0,0,0,0,1,1,-1,9,1,19,4,-1,-1,-1,-1,6,E01021149,0,1
2025471608385,2025,471608385,1,9,0,-1,9,1,4,-1,0,1,0,0,0,0,1,1,-1,6,1,63,9,-1,-1,-1,-1,8,E01012010,0,5
2025471608403,2025,471608403,2,9,0,-1,4,7,3,-1,0,1,0,0,0,0,2,1,-1,9,1,78,11,-1,-1,-1,-1,5,E01031370,0,1
2025471608403,2025,471608403,1,2,0,-1,19,7,3,-1,0,1,0,0,0,0,1,1,-1,9,1,16,4,-1,-1,-1,-1,6,E01031376,0,1
2025471608414,2025,471608414,2,9,0,-1,4,2,6,-1,0,0,0,0,0,0,1,1,-1,6,1,43,7,-1,-1,-1,-1,4,E01031428,0,2
2025471608414,2025,471608414,1,9,0,-1,4,2,6,-1,0,0,0,0,0,0,2,1,-1,6,1,51,8,-1,-1,-1,-1,4,E01031443,0,1
2025471608453,2025,471608453,1,9,0,-1,19,3,8,-1,0,8,5,0,3,1,1,1,-1,9,1,62,9,-1,-1,-1,-1,5,E01034303,0,3
2025471608475,2025,471608475,2,4,0,-1,9,4,4,-1,0,3,5,0,0,0,4,1,-1,9,1,67,10,-1,-1,-1,-1,7,E01020970,0,1
2025471608475,2025,471608475,1,9,0,-1,5,2,5,-1,0,4,0,0,0,0,1,1,-1,9,2,79,11,-1,-1,-1,-1,5,E01021008,0,1
2025471608494,2025,471608494,1,1,0,-1,9,6,4,-1,0,8,0,0,0,0,2,1,-1,6,1,48,8,-1,-1,-1,-1,9,E01020942,0,2
2025471608494,2025,471608494,2,9,0,-1,9,1,6,-1,0,8,0,0,3,0,1,1,-1,6,2,87,11,-1,-1,-1,-1,6,E01021205,0,2
2025471608555,2025,471608555,1,9,0,-1,19,1,5,-1,0,1,0,0,0,0,4,1,-1,6,1,34,6,-1,-1,-1,-1,1,E01016865,0,1
2025471608633,2025,471608633,2,1,0,-1,19,5,1,-1,0,9,5,0,0,0,1,1,-1,6,1,35,6,-1,-1,-1,-1,7,E01021077,0,1
2025471608633,2025,471608633,1,9,0,-1,9,7,5,-1,0,2,0,0,0,0,3,1,-1,2,2,55,8,-1,-1,-1,-1,7,E01021077,0,1
2025471608648,2025,471608648,1,8,0,-1,5,0,4,-1,0,6,0,0,0,0,3,1,-1,1,1,38,7,-1,-1,-1,-1,6,E01016856,0,1
2025471608648,2025,471608648,2,1,0,-1,19,8,4,-1,0,1,0,0,0,0,1,1,-1,9,1,20,4,-1,-1,-1,-1,1,E01016947,0,1
2025471608686,2025,471608686,1,9,0,-1,19,6,2,-1,0,1,5,4,0,0,1,1,-1,6,1,26,6,-1,-1,-1,-1,9,E01021226,0,1
2025471608686,2025,471608686,3,9,0,-1,2,0,0,-1,0,1,0,0,0,0,2,1,-1,6,-1,-1,-1,-1,-1,-1,-1,-1,-1,0,-1
2025471608686,2025,471608686,2,9,0,-1,19,0,0,-1,0,1,0,0,0,0,3,1,-1,6,-1,-1,-1,-1,-1,-1,-1,-1,-1,0,-1
2025471608757,2025,471608757,2,9,0,-1,3,6,2,-1,0,1,0,0,0,0,2,1,-1,9,2,46,8,-1,-1,-1,-1,4,E01021207,0,2
2025471608757,2025,471608757,1,9,0,-1,19,6,2,-1,0,1,0,0,0,0,1,9,-1,6,2,45,7,-1,-1,-1,-1,3,E01020913,0,1
2025471608782,2025,471608782,1,9,0,-1,19,-1,-1,-1,0,2,0,0,0,0,1,1,-1,6,2,40,7,-1,-1,-1,-1,7,E01031460,0,1
2025471608790,2025,471608790,2,9,0,-1,5,8,3,-1,0,2,0,0,0,0,3,1,-1,6,2,22,5,-1,-1,-1,-1,-1,-1,0,-1
2025471608790,2025,471608790,1,5,0,-1,14,8,4,-1,0,9,0,0,0,0,4,1,-1,6,1,52,8,-1,-1,-1,-1,9,E01021129,0,3
2025471608817,2025,471608817,1,9,0,-1,9,3,1,-1,0,8,0,0,0,0,3,1,-1,9,2,56,9,-1,-1,-1,-1,4,E01031608,0,1
2025471608817,2025,471608817,2,1,0,-1,19,3,7,-1,0,8,1,0,0,0,1,1,-1,6,1,-1,-1,-1,-1,-1,-1,-1,-1,0,-1
2025471608989,2025,471608989,2,9,0,-1,5,4,6,-1,0,0,0,0,0,0,3,1,-1,9,1,76,11,-1,-1,-1,-1,10,E01031672,0,1
2025471608989,2025,471608989,1,9,0,-1,19,2,6,-1,0,0,0,0,0,0,1,1,-1,1,1,41,7,-1,-1,-1,-1,-1,-1,0,-1
2025471609011,2025,471609011,1,3,0,-1,9,8,4,-1,0,2,1,0,7,0,1,1,-1,2,2,19,4,-1,-1,-1,-1,5,E01031442,0,1
2025471609063,2025,471609063,2,9,0,-1,19,2,6,-1,0,8,0,0,0,0,4,1,-1,2,2,48,8,-1,-1,-1,-1,1,E01017077,0,4
2025471609063,2025,471609063,1,9,0,-1,19,4,6,-1,0,4,0,0,0,0,1,1,-1,9,2,55,8,-1,-1,-1,-1,8,E01031664,0,4
2025471609070,2025,471609070,2,19,0,-1,1,7,3,-1,0,0,0,0,0,0,2,1,-1,6,1,34,6,-1,-1,-1,-1,8,E01021075,0,2
2025471609070,2025,471609070,1,3,0,-1,1,7,3,-1,0,0,0,0,0,0,1,1,-1,2,2,33,6,-1,-1,-1,-1,3,E01021044,0,1
2025471609092,2025,471609092,1,1,0,-1,19,2,6,-1,0,1,0,0,0,0,1,1,-1,1,3,-1,-1,-1,-1,-1,-1,-1,-1,0,-1
2025471609219,2025,471609219,1,9,0,-1,19,7,3,-1,0,8,0,0,0,0,1,1,-1,6,1,66,10,-1,-1,-1,-1,6,E01031359,0,2
2025471609219,2025,471609219,2,9,0,-1,9,3,1,-1,0,8,0,0,0,0,4,9,-1,6,1,90,11,-1,-1,-1,-1,8,E01031617,0,1
2025471609270,2025,471609270,1,9,0,-1,19,3,7,-1,0,1,0,0,0,0,1,1,-1,1,1,45,7,-1,-1,-1,-1,6,E01023472,0,4
2025471609270,2025,471609270,2,9,0,-1,19,7,3,-1,0,1,0,0,0,0,4,1,-1,6,1,71,10,-1,-1,-1,-1,9,E01016980,0,4
2025471609276,2025,471609276,1,9,0,-1,19,1,5,-1,0,3,0,0,0,0,3,1,-1,6,1,40,7,-1,-1,-1,-1,5,E01023129,0,4
2025471609276,2025,471609276,2,19,0,-1,19,1,3,-1,0,3,0,0,0,0,4,1,-1,6,1,32,6,-1,-1,-1,-1,9,E01031648,0,2
2025471609282,2025,471609282,2,3,0,-1,6,8,8,-1,0,0,0,0,0,0,1,1,-1,1,1,26,6,-1,-1,-1,-1,4,E01016894,0,1
2025471609282,2025,471609282,1,5,0,-1,19,5,1,-1,0,0,5,0,1,0,3,1,-1,9,1,71,10,-1,-1,-1,-1,10,E01031768,0,3
2025471609289,2025,471609289,1,5,0,-1,19,8,4,-1,0,3,0,0,0,0,1,1,-1,6,1,40,7,-1,-1,-1,-1,2,E01021119,0,3
2025471609290,2025,471609290,2,9,0,-1,4,3,7,-1,0,4,0,0,0,0,2,1,-1,9,1,45,7,-1,-1,-1,-1,2,E01031790,0,1
2025471609290,2025,471609290,1,3,0,-1,19,3,7,-1,0,4,0,0,0,0,1,1,-1,9,1,29,6,-1,-1,-1,-1,8,E01034821,0,2
2025471609292,2025,471609292,1,9,0,-1,19,8,4,-1,0,2,0,0,0,0,1,9,-1,6,3,-1,-1,-1,-1,-1,-1,-1,-1,0,-1
2025471609335,2025,471609335,1,9,0,-1,19,2,6,-1,0,0,1,10,2,4,1,1,-1,2,1,44,7,-1,-1,-1,-1,4,E01021207,0,4
2025471609359,2025,471609359,6,9,0,-1,2,0,0,-1,0,0,0,0,0,0,1,1,-1,6,-1,-1,-1,-1,-1,-1,-1,-1,-1,0,-1
2025471609359,2025,471609359,5,5,0,-1,2,0,0,-1,0,0,0,0,0,0,3,1,-1,6,-1,-1,-1,-1,-1,-1,-1,-1,-1,0,-1
2025471609359,2025,471609359,1,4,0,-1,5,8,4,-1,9,0,0,4,0,0,1,1,-1,6,1,15,3,-1,-1,-1,-1,3,E01031811,0,1
2025471609359,2025,471609359,2,2,0,-1,2,0,0,-1,1,0,0,0,0,0,4,1,-1,6,-1,-1,-1,-1,-1,-1,-1,-1,-1,0,-1
2025471609359,2025,471609359,4,9,0,-1,2,0,0,-1,0,0,0,0,0,0,4,1,-1,6,-1,-1,-1,-1,-1,-1,-1,-1,-1,0,-1
2025471609359,2025,471609359,3,9,0,-1,2,0,0,-1,9,0,0,0,0,0,1,1,-1,6,-1,-1,-1,-1,-1,-1,-1,-1,-1,0,-1
2025471609563,2025,471609563,1,4,0,-1,19,8,3,-1,0,0,0,0,7,11,1,1,-1,6,1,19,4,-1,-1,-1,-1,5,E01034302,0,1
2025471609565,2025,471609565,2,19,0,-1,19,3,5,-1,0,0,0,0,0,0,1,1,-1,1,1,32,6,-1,-1,-1,-1,1,E01010365,0,5
2025471609565,2025,471609565,1,9,0,-1,3,3,5,-1,0,0,0,0,0,0,2,1,-1,2,2,51,8,-1,-1,-1,-1,8,E01030384,0,4
2025471609625,2025,471609625,1,11,0,-1,19,8,4,-1,0,0,0,5,0,0,1,1,-1,1,1,40,7,-1,-1,-1,-1,-1,-1,0,-1
2025471609657,2025,471609657,1,9,0,-1,19,1,5,-1,0,8,0,0,0,0,4,1,-1,6,1,55,8,-1,-1,-1,-1,7,E01016862,0,1
2025471609706,2025,471609706,1,9,0,-1,4,3,7,-1,0,2,0,0,0,0,4,2,-1,6,2,45,7,-1,-1,-1,-1,5,E01016858,0,1
2025471609717,2025,471609717,1,9,0,-1,19,4,8,-1,0,1,0,0,0,0,1,1,-1,9,2,40,7,-1,-1,-1,-1,6,E01021034,0,2
2025471609717,2025,471609717,2,9,0,-1,3,8,4,-1,0,2,0,0,0,0,0,1,-1,2,1,31,6,-1,-1,-1,-1,3,E01021065,0,1
2025471609728,2025,471609728,2,9,0,-1,3,8,4,-1,0,0,0,0,0,0,2,1,-1,9,1,68,10,-1,-1,-1,-1,6,E01023025,0,5
2025471609728,2025,471609728,3,9,0,-1,3,8,4,-1,0,0,0,0,0,0,2,1,-1,2,1,56,9,-1,-1,-1,-1,2,E01020922,0,4
2025471609728,2025,471609728,1,9,0,-1,19,8,4,-1,0,0,0,0,0,0,1,1,-1,2,1,23,5,-1,-1,-1,-1,2,E01021091,0,4
2025471609744,2025,471609744,1,9,0,-1,19,2,6,-1,0,0,0,0,0,0,0,1,-1,6,1,25,5,-1,-1,-1,-1,2,E01016949,0,1
2025471609750,2025,471609750,3,9,0,-1,4,8,4,-1,0,0,0,0,0,0,2,1,-1,9,1,24,5,-1,-1,-1,-1,4,E01031170,0,5
2025471609750,2025,471609750,1,9,0,-1,19,8,4,-1,0,0,5,0,0,0,1,1,-1,9,1,49,8,-1,-1,-1,-1,8,E01031781,0,3
2025471609750,2025,471609750,2,9,0,-1,19,8,4,-1,0,0,0,0,0,0,2,1,-1,9,1,37,7,-1,-1,-1,-1,4,E01020957,0,4
2025471609755,2025,471609755,1,5,0,-1,19,5,8,-1,0,0,1,0,7,10,1,1,-1,6,1,28,6,-1,-1,-1,-1,6,E01023135,0,4
2025471609781,2025,471609781,1,9,0,-1,19,3,7,-1,0,1,0,0,1,0,1,1,-1,6,1,21,5,-1,-1,-1,-1,3,E01031361,0,1
2025471609781,2025,471609781,2,9,0,-1,19,3,7,-1,0,1,0,0,0,0,2,1,-1,9,2,77,11,-1,-1,-1,-1,7,E01016920,0,2
2025471609835,2025,471609835,1,9,0,-1,19,2,6,-1,0,0,0,0,2,4,1,1,-1,9,1,18,4,-1,-1,-1,-1,6,E01031345,0,3
2025471610132,2025,471610132,1,-1,0,-1,19,-1,-1,-1,9,0,0,0,0,0,1,9,-1,6,3,-1,-1,-1,-1,-1,-1,-1,-1,1,-1
2025471610278,2025,471610278,1,9,0,-1,19,5,1,-1,0,0,5,0,1,4,4,1,-1,9,1,55,8,-1,-1,-1,-1,4,E01031671,0,1
2025471610665,2025,471610665,1,1,0,-1,19,3,7,-1,0,0,0,0,0,0,1,1,-1,6,1,61,9,-1,-1,-1,-1,5,E01016977,0,2
2025471610940,2025,471610940,1,9,0,-1,4,6,2,-1,0,6,0,0,0,0,1,1,-1,9,2,45,7,-1,-1,-1,-1,-1,-1,0,-1
2025471610940,2025,471610940,2,9,0,-1,19,6,2,-1,0,8,0,0,0,0,4,1,-1,9,2,72,10,-1,-1,-1,-1,7,E01021105,0,4
2025471611021,2025,471611021,2,9,0,-1,99,-1,-1,-1,99,0,0,0,0,0,1,1,-1,6,2,43,7,-1,-1,-1,-1,7,E01021010,0,1
2025471611021,2025,471611021,1,3,0,-1,19,3,7,-1,0,0,0,0,0,0,2,1,-1,1,1,27,6,-1,-1,-1,-1,5,E01021089,0,2
2025471611427,2025,471611427,2,22,0,-1,19,5,1,-1,5,0,0,0,0,0,3,1,-1,9,2,71,10,-1,-1,-1,-1,1,E01031404,0,1
2025471611427,2025,471611427,1,9,0,-1,5,3,5,-1,5,0,0,0,0,0,1,1,-1,6,2,24,5,-1,-1,-1,-1,6,E01031448,0,2
2025471611979,2025,471611979,1,9,0,-1,19,1,5,-1,0,2,0,0,0,0,1,1,-1,6,1,31,6,-1,-1,-1,-1,8,E01031461,0,1
2025471611979,2025,471611979,2,9,0,-1,2,0,0,-1,0,2,0,0,0,0,2,1,-1,6,3,-1,-1,-1,-1,-1,-1,-1,-1,0,-1
2025471612642,2025,471612642,1,1,0,-1,-1,-1,-1,-1,-1,-1,-1,-1,-1,0,-1,1,-1,6,3,-1,-1,-1,-1,-1,-1,-1,-1,0,-1
2025471613480,2025,471613480,1,9,0,-1,19,2,6,-1,0,0,0,0,0,0,1,1,-1,2,1,20,4,-1,-1,-1,-1,1,E01021015,0,1
2025471613480,2025,471613480,2,9,0,-1,19,2,6,-1,0,0,0,0,0,0,2,1,-1,9,2,52,8,-1,-1,-1,-1,3,E01021003,0,1
2025471613538,2025,471613538,1,9,0,-1,19,5,1,-1,0,0,0,0,2,4,4,1,-1,9,1,19,4,-1,-1,-1,-1,9,E01031582,0,4
2025471614009,2025,471614009,2,9,0,-1,5,-1,-1,-1,0,4,0,0,0,0,1,1,-1,6,1,-1,-1,-1,-1,-1,-1,-1,-1,0,-1
2025471614009,2025,471614009,1,1,0,-1,19,1,5,-1,0,3,0,0,0,0,4,1,-1,6,1,31,6,-1,-1,-1,-1,6,E01016890,0,1
2025471615645,2025,471615645,2,3,0,-1,14,6,2,-1,0,8,0,0,0,0,0,1,-1,1,1,27,6,-1,-1,-1,-1,4,E01021002,0,1
2025471615645,2025,471615645,1,9,0,-1,9,2,1,-1,0,5,0,0,0,0,1,1,-1,9,1,57,9,-1,-1,-1,-1,8,E01000447,0,4
2025471617035,2025,471617035,1,9,0,-1,5,3,5,-1,0,2,5,4,0,0,1,1,-1,9,2,84,11,-1,-1,-1,-1,5,E01031771,0,1