collision_index,collision_year,collision_ref_no,vehicle_reference,vehicle_type,towing_and_articulation,vehicle_manoeuvre_historic,vehicle_manoeuvre,vehicle_direction_from,vehicle_direction_to,vehicle_location_restricted_lane_historic,vehicle_location_restricted_lane,junction_location,skidding_and_overturning,hit_object_in_carriageway,vehicle_leaving_carriageway,hit_object_off_carriageway,first_point_of_impact,vehicle_left_hand_drive,journey_purpose_of_driver_historic,journey_purpose_of_driver,sex_of_driver,age_of_driver,age_band_of_driver,engine_capacity_cc,propulsion_code,age_of_vehicle,generic_make_model,driver_imd_decile,lsoa_of_driver,escooter_flag,driver_distance_banding
2025471617035,2025,471617035,2,9,0,-1,2,0,0,-1,-1,1,0,7,0,0,2,1,-1,6,-1,-1,-1,-1,-1,-1,-1,-1,-1,0,-1
2025471646167,2025,471646167,2,9,0,-1,9,3,8,-1,0,8,0,0,0,0,1,1,-1,6,2,-1,-1,-1,-1,-1,-1,4,E01021076,0,1
2025471646167,2025,471646167,1,9,0,-1,19,6,3,-1,0,1,0,0,0,0,1,1,-1,6,1,-1,-1,-1,-1,-1,-1,-1,-1,0,-1
2025481624454,2025,481624454,1,20,0,-1,19,1,5,-1,0,0,0,0,0,0,1,2,-1,1,1,38,7,-1,-1,-1,-1,-1,-1,0,-1
2025481624462,2025,481624462,1,19,0,-1,19,6,2,-1,0,0,0,0,0,0,0,1,-1,1,1,-1,-1,-1,-1,-1,-1,-1,-1,0,-1
2025481624462,2025,481624462,2,1,0,-1,13,6,2,-1,0,0,0,0,0,0,0,1,-1,2,1,40,7,-1,-1,-1,-1,-1,-1,0,-1
2025481624494,2025,481624494,2,1,0,-1,19,3,7,-1,0,8,0,0,0,0,3,1,-1,2,2,35,6,-1,-1,-1,-1,-1,-1,0,-1
2025481624494,2025,481624494,1,19,0,-1,9,7,5,-1,0,8,0,0,0,0,3,1,-1,1,1,40,7,-1,-1,-1,-1,-1,-1,0,-1
2025481624501,2025,481624501,2,1,0,-1,19,3,7,-1,0,2,0,0,0,0,2,1,-1,9,1,24,5,-1,-1,-1,-1,-1,-1,0,-1
2025481624501,2025,481624501,1,9,0,-1,7,5,7,-1,0,2,0,0,0,0,1,1,-1,1,1,40,7,-1,-1,-1,-1,-1,-1,0,-1
2025481624931,2025,481624931,1,9,0,-1,9,1,7,-1,0,8,0,0,0,0,1,1,-1,6,2,30,6,-1,-1,-1,-1,-1,-1,0,-1
2025481624931,2025,481624931,2,1,0,-1,19,5,1,-1,0,8,0,0,0,0,3,1,-1,2,1,26,6,-1,-1,-1,-1,-1,-1,0,-1
2025481624936,2025,481624936,2,1,0,-1,19,5,1,-1,0,1,0,0,0,0,2,1,-1,2,1,29,6,-1,-1,-1,-1,-1,-1,0,-1
2025481624936,2025,481624936,1,9,0,-1,19,5,1,-1,0,1,0,0,0,0,1,1,-1,6,1,50,8,-1,-1,-1,-1,-1,-1,0,-1
2025481624942,2025,481624942,1,19,0,-1,1,3,7,-1,0,1,0,0,0,0,2,1,-1,1,1,63,9,-1,-1,-1,-1,-1,-1,0,-1
2025481624944,2025,481624944,1,8,0,-1,9,1,7,-1,0,1,0,0,7,0,1,1,-1,1,1,50,8,-1,-1,-1,-1,-1,-1,0,-1
2025481624960,2025,481624960,1,8,0,-1,6,5,5,-1,0,0,0,0,0,0,4,1,-1,1,1,54,8,-1,-1,-1,-1,-1,-1,0,-1
2025481624960,2025,481624960,2,1,0,-1,19,1,5,-1,0,0,0,0,0,0,1,1,-1,9,1,38,7,-1,-1,-1,-1,-1,-1,0,-1
2025481624966,2025,481624966,1,1,0,-1,19,3,7,-1,5,0,0,0,0,0,1,1,-1,6,1,30,6,-1,-1,-1,-1,-1,-1,0,-1
2025481625410,2025,481625410,1,1,0,-1,19,3,7,-1,0,0,0,0,0,0,4,1,-1,6,1,30,6,-1,-1,-1,-1,-1,-1,0,-1
2025481625414,2025,481625414,1,8,0,-1,7,1,3,-1,0,8,0,0,0,0,4,1,-1,1,1,52,8,-1,-1,-1,-1,-1,-1,0,-1
2025481625418,2025,481625418,1,9,0,-1,19,1,3,-1,0,2,0,0,0,0,4,1,-1,6,1,25,5,-1,-1,-1,-1,-1,-1,0,-1
2025481625423,2025,481625423,2,3,0,-1,19,2,6,-1,0,0,0,0,0,0,4,1,-1,1,1,25,5,-1,-1,-1,-1,-1,-1,0,-1
2025481625423,2025,481625423,1,9,0,-1,12,2,6,-1,0,0,0,0,0,0,3,1,-1,1,1,38,7,-1,-1,-1,-1,-1,-1,0,-1
2025481625428,2025,481625428,1,8,0,-1,19,1,5,-1,0,8,0,0,0,0,1,1,-1,1,1,-1,-1,-1,-1,-1,-1,-1,-1,0,-1
2025481625428,2025,481625428,2,1,0,-1,3,1,5,-1,0,8,0,0,0,0,2,1,-1,2,1,44,7,-1,-1,-1,-1,-1,-1,0,-1
2025481625435,2025,481625435,2,1,0,-1,19,5,5,-1,0,0,0,0,0,0,1,1,-1,2,1,45,7,-1,-1,-1,-1,-1,-1,0,-1
2025481625435,2025,481625435,1,19,0,-1,6,1,5,-1,0,0,0,0,0,0,3,1,-1,1,1,50,8,-1,-1,-1,-1,-1,-1,0,-1
2025481625867,2025,481625867,1,11,0,-1,19,3,7,-1,0,1,0,0,0,0,3,1,-1,1,1,45,7,-1,-1,-1,-1,-1,-1,0,-1
2025481626288,2025,481626288,1,1,0,-1,15,5,1,-1,0,1,0,0,0,0,1,1,-1,2,1,35,6,-1,-1,-1,-1,-1,-1,0,-1
2025481626293,2025,481626293,1,3,0,-1,14,7,3,-1,0,1,0,0,0,0,1,1,-1,2,1,39,7,-1,-1,-1,-1,-1,-1,0,-1
2025481626296,2025,481626296,2,20,0,-1,2,0,0,-1,0,0,0,0,0,0,0,1,-1,1,1,50,8,-1,-1,-1,-1,-1,-1,0,-1
2025481626296,2025,481626296,1,3,0,-1,14,1,5,-1,0,0,0,0,0,0,0,1,-1,2,1,22,5,-1,-1,-1,-1,-1,-1,0,-1
2025481626299,2025,481626299,2,1,0,-1,19,1,5,-1,0,1,0,0,0,0,3,1,-1,2,1,40,7,-1,-1,-1,-1,-1,-1,0,-1
2025481626299,2025,481626299,1,3,0,-1,13,1,5,-1,0,1,0,0,0,0,4,1,-1,6,1,40,7,-1,-1,-1,-1,-1,-1,0,-1
2025481626328,2025,481626328,1,1,0,-1,19,3,7,-1,0,0,0,0,0,0,1,1,-1,9,1,14,3,-1,-1,-1,-1,-1,-1,0,-1
2025481626328,2025,481626328,2,5,0,-1,19,7,3,-1,0,0,0,0,0,0,1,1,-1,2,1,53,8,-1,-1,-1,-1,-1,-1,0,-1
2025481626334,2025,481626334,1,1,0,-1,19,1,5,-1,0,2,0,0,0,0,1,1,-1,2,1,43,7,-1,-1,-1,-1,-1,-1,0,-1
2025481626338,2025,481626338,1,9,0,-1,7,5,7,-1,0,8,0,0,0,0,1,1,-1,1,1,67,10,-1,-1,-1,-1,-1,-1,0,-1
2025481626338,2025,481626338,2,1,0,-1,19,1,5,-1,0,8,0,0,0,0,4,1,-1,9,2,39,7,-1,-1,-1,-1,-1,-1,0,-1
2025481626344,2025,481626344,1,11,0,-1,19,3,7,-1,0,0,0,0,1,10,1,1,-1,1,1,62,9,-1,-1,-1,-1,-1,-1,0,-1
2025481626357,2025,481626357,2,1,0,-1,19,5,1,-1,0,8,0,0,0,0,1,1,-1,2,1,53,8,-1,-1,-1,-1,-1,-1,0,-1
2025481626357,2025,481626357,1,9,0,-1,9,1,7,-1,0,8,0,0,0,0,4,1,-1,1,1,25,5,-1,-1,-1,-1,-1,-1,0,-1
2025481631932,2025,481631932,1,8,0,-1,6,3,3,-1,0,0,0,0,0,0,1,1,-1,1,1,-1,-1,-1,-1,-1,-1,-1,-1,0,-1
2025481631932,2025,481631932,2,1,0,-1,19,3,7,-1,0,0,0,0,0,0,4,1,-1,1,1,56,9,-1,-1,-1,-1,-1,-1,0,-1
2025481631936,2025,481631936,1,8,0,-1,19,3,7,-1,0,1,0,0,0,0,4,1,-1,1,1,59,9,-1,-1,-1,-1,-1,-1,0,-1
2025481631936,2025,481631936,2,3,0,-1,19,3,7,-1,0,1,0,0,0,0,3,1,-1,1,1,32,6,-1,-1,-1,-1,-1,-1,0,-1
2025481631948,2025,481631948,2,8,0,-1,7,5,3,-1,0,8,0,0,0,0,3,1,-1,1,1,41,7,-1,-1,-1,-1,-1,-1,0,-1
2025481631948,2025,481631948,1,1,0,-1,19,1,5,-1,4,8,0,0,0,0,1,1,-1,9,1,19,4,-1,-1,-1,-1,-1,-1,0,-1
2025481631955,2025,481631955,1,1,0,-1,19,1,5,-1,4,2,0,0,0,0,1,1,-1,6,1,25,5,-1,-1,-1,-1,-1,-1,0,-1
2025481631955,2025,481631955,2,3,0,-1,7,4,5,-1,0,2,0,0,0,0,3,1,-1,1,1,47,8,-1,-1,-1,-1,-1,-1,0,-1
2025481631958,2025,481631958,1,23,0,-1,14,5,1,-1,0,0,0,0,0,0,1,1,-1,1,1,23,5,-1,-1,-1,-1,-1,-1,0,-1
2025481631975,2025,481631975,2,1,0,-1,14,5,1,-1,0,0,0,0,0,0,0,1,-1,9,2,29,6,-1,-1,-1,-1,-1,-1,0,-1
2025481631975,2025,481631975,1,9,0,-1,2,0,0,-1,0,0,0,0,0,0,0,1,-1,9,1,25,5,-1,-1,-1,-1,-1,-1,0,-1
2025481631986,2025,481631986,1,9,0,-1,7,7,1,-1,0,8,0,0,0,0,4,1,-1,2,3,30,6,-1,-1,-1,-1,-1,-1,0,-1
2025481631986,2025,481631986,2,3,0,-1,15,7,3,-1,0,8,0,0,0,0,3,1,-1,2,1,34,6,-1,-1,-1,-1,-1,-1,0,-1
2025481632025,2025,481632025,1,9,0,-1,7,5,7,-1,0,8,0,0,0,0,4,1,-1,9,1,59,9,-1,-1,-1,-1,-1,-1,0,-1
2025481632025,2025,481632025,2,3,0,-1,19,5,1,-1,0,8,0,0,0,0,3,1,-1,1,1,28,6,-1,-1,-1,-1,-1,-1,0,-1
2025481632029,2025,481632029,1,1,0,-1,19,1,5,-1,0,1,0,0,0,0,1,1,-1,6,1,30,6,-1,-1,-1,-1,-1,-1,0,-1
2025481632061,2025,481632061,1,8,0,-1,19,5,1,-1,0,0,0,0,0,0,1,9,-1,1,1,45,7,-1,-1,-1,-1,-1,-1,0,-1
2025481632061,2025,481632061,2,1,0,-1,19,5,1,-1,0,0,0,0,0,0,2,1,-1,2,1,38,7,-1,-1,-1,-1,-1,-1,0,-1
2025481632071,2025,481632071,1,8,0,-1,19,2,6,-1,0,8,0,0,0,0,4,1,-1,1,1,36,7,-1,-1,-1,-1,-1,-1,0,-1
2025481632071,2025,481632071,2,1,0,-1,19,3,7,-1,0,8,0,0,0,0,1,1,-1,9,2,25,5,-1,-1,-1,-1,-1,-1,0,-1
2025481632080,2025,481632080,1,1,0,-1,19,3,7,-1,0,2,0,0,0,0,1,1,-1,2,1,30,6,-1,-1,-1,-1,-1,-1,0,-1
2025481632080,2025,481632080,2,1,0,-1,7,5,7,-1,0,2,0,0,0,0,3,1,-1,2,1,33,6,-1,-1,-1,-1,-1,-1,0,-1
2025481632090,2025,481632090,2,9,0,-1,19,7,3,-1,0,8,0,0,0,0,2,1,-1,9,1,30,6,-1,-1,-1,-1,-1,-1,0,-1
2025481632090,2025,481632090,1,9,0,-1,19,7,3,-1,0,8,0,0,0,0,1,1,-1,9,1,30,6,-1,-1,-1,-1,-1,-1,0,-1
2025481632093,2025,481632093,1,5,0,-1,19,7,3,-1,0,2,0,0,0,0,1,1,-1,2,1,27,6,-1,-1,-1,-1,-1,-1,0,-1
2025481632100,2025,481632100,1,19,0,-1,9,3,1,-1,0,8,0,0,0,0,4,1,-1,1,1,40,7,-1,-1,-1,-1,-1,-1,0,-1
2025481632100,2025,481632100,2,1,0,-1,19,7,3,-1,0,8,0,0,0,0,1,1,-1,2,1,25,5,-1,-1,-1,-1,-1,-1,0,-1
2025481632105,2025,481632105,1,1,0,-1,19,3,7,-1,0,0,0,0,0,0,1,1,-1,6,1,30,6,-1,-1,-1,-1,-1,-1,0,-1
2025481632118,2025,481632118,1,8,0,-1,19,5,1,-1,0,1,0,0,0,0,3,1,-1,1,1,51,8,-1,-1,-1,-1,-1,-1,0,-1
2025481632123,2025,481632123,1,1,0,-1,19,3,7,-1,0,0,0,0,0,0,1,1,-1,1,1,30,6,-1,-1,-1,-1,-1,-1,0,-1
2025481632127,2025,481632127,2,1,0,-1,14,7,3,-1,0,0,0,0,0,0,3,1,-1,2,1,31,6,-1,-1,-1,-1,-1,-1,0,-1
2025481632127,2025,481632127,1,19,4,-1,13,7,3,-1,0,0,0,0,0,0,4,1,-1,6,1,-1,-1,-1,-1,-1,-1,-1,-1,0,-1
2025481633275,2025,481633275,1,9,0,-1,9,5,3,-1,0,1,0,0,0,0,1,1,-1,9,3,35,6,-1,-1,-1,-1,-1,-1,0,-1
2025481633275,2025,481633275,2,1,0,-1,19,3,7,-1,0,2,0,0,0,0,1,1,-1,2,1,54,8,-1,-1,-1,-1,-1,-1,0,-1
2025481633278,2025,481633278,2,1,0,-1,5,7,3,-1,0,0,0,0,0,0,3,1,-1,6,1,44,7,-1,-1,-1,-1,-1,-1,0,-1
2025481633278,2025,481633278,1,9,0,-1,5,7,3,-1,0,0,0,0,0,0,4,1,-1,6,3,50,8,-1,-1,-1,-1,-1,-1,0,-1
2025481633281,2025,481633281,2,1,0,-1,14,5,1,-1,0,0,0,0,0,0,1,1,-1,2,1,41,7,-1,-1,-1,-1,-1,-1,0,-1
2025481633281,2025,481633281,1,19,0,-1,2,0,0,-1,0,0,0,0,0,0,3,1,-1,1,1,35,6,-1,-1,-1,-1,-1,-1,0,-1
2025481633286,2025,481633286,2,1,0,-1,19,3,7,-1,4,8,0,0,0,0,4,1,-1,2,1,37,7,-1,-1,-1,-1,-1,-1,0,-1
2025481633286,2025,481633286,1,9,0,-1,7,1,3,-1,0,8,0,0,0,0,1,1,-1,9,1,45,7,-1,-1,-1,-1,-1,-1,0,-1
2025481633293,2025,481633293,3,11,0,-1,14,3,7,-1,0,1,0,0,0,0,4,1,-1,1,3,45,7,-1,-1,-1,-1,-1,-1,0,-1
2025481633293,2025,481633293,2,1,0,-1,3,3,7,-1,0,1,0,0,0,0,3,1,-1,2,1,52,8,-1,-1,-1,-1,-1,-1,0,-1
2025481633401,2025,481633401,1,20,0,-1,1,7,3,-1,0,1,0,0,0,0,2,1,-1,1,1,54,8,-1,-1,-1,-1,-1,-1,0,-1
2025481633416,2025,481633416,1,9,0,-1,7,7,1,-1,0,8,0,0,0,0,3,1,-1,6,3,40,7,-1,-1,-1,-1,-1,-1,0,-1
2025481633416,2025,481633416,2,1,0,-1,19,5,1,-1,0,8,0,0,0,0,1,1,-1,2,1,28,6,-1,-1,-1,-1,-1,-1,0,-1
2025481633434,2025,481633434,1,9,0,-1,19,3,7,-1,0,0,0,0,0,0,1,1,-1,6,3,-1,-1,-1,-1,-1,-1,-1,-1,0,-1
2025481633444,2025,481633444,1,9,0,-1,19,7,3,-1,0,1,0,0,0,0,1,1,-1,9,1,23,5,-1,-1,-1,-1,-1,-1,0,-1
2025481633449,2025,481633449,2,1,0,-1,15,3,7,-1,4,0,0,0,0,0,1,1,-1,2,1,62,9,-1,-1,-1,-1,-1,-1,0,-1
2025481633449,2025,481633449,1,8,0,-1,2,3,7,-1,0,0,0,0,0,0,4,1,-1,1,1,50,8,-1,-1,-1,-1,-1,-1,0,-1
2025481633458,2025,481633458,2,1,0,-1,15,3,7,-1,0,0,0,0,0,0,1,1,-1,2,1,18,4,-1,-1,-1,-1,-1,-1,0,-1
2025481633458,2025,481633458,1,8,0,-1,2,0,0,-1,0,0,0,0,0,0,4,1,-1,1,-1,40,7,-1,-1,-1,-1,-1,-1,0,-1
2025481633476,2025,481633476,1,19,0,-1,4,7,3,-1,0,0,0,0,0,0,4,1,-1,1,1,40,7,-1,-1,-1,-1,-1,-1,0,-1
2025481633476,2025,481633476,2,1,0,-1,15,7,3,-1,0,0,0,0,0,0,3,1,-1,2,1,25,5,-1,-1,-1,-1,-1,-1,0,-1
2025481633479,2025,481633479,1,19,0,-1,19,5,1,-1,0,0,0,0,0,0,1,1,-1,1,1,31,6,-1,-1,-1,-1,-1,-1,0,-1
2025481633497,2025,481633497,2,97,0,-1,15,3,7,-1,0,0,0,0,0,0,1,1,-1,1,1,30,6,-1,-1,-1,-1,-1,-1,0,-1
2025481633497,2025,481633497,1,9,0,-1,3,3,7,-1,0,0,0,0,0,0,4,1,-1,1,1,21,5,-1,-1,-1,-1,-1,-1,0,-1
2025481633501,2025,481633501,1,8,0,-1,3,7,3,-1,0,2,0,0,0,0,4,1,-1,1,3,40,7,-1,-1,-1,-1,-1,-1,0,-1
2025481633501,2025,481633501,2,1,0,-1,15,7,3,-1,0,2,0,0,0,0,1,1,-1,2,1,29,6,-1,-1,-1,-1,-1,-1,0,-1
2025481634174,2025,481634174,1,11,0,-1,19,1,5,-1,0,0,0,0,0,0,4,1,-1,1,1,45,7,-1,-1,-1,-1,-1,-1,0,-1
2025481634191,2025,481634191,3,1,0,-1,19,1,5,-1,4,8,0,0,0,0,1,1,-1,9,2,26,6,-1,-1,-1,-1,-1,-1,0,-1
2025481634191,2025,481634191,1,19,0,-1,2,0,0,-1,0,8,0,0,0,0,0,1,-1,1,1,21,5,-1,-1,-1,-1,-1,-1,0,-1
2025481634191,2025,481634191,2,9,0,-1,9,7,5,-1,0,8,0,0,0,0,4,1,-1,9,1,27,6,-1,-1,-1,-1,-1,-1,0,-1
2025481634237,2025,481634237,1,1,0,-1,15,3,7,-1,0,1,0,0,0,0,3,1,-1,9,1,42,7,-1,-1,-1,-1,-1,-1,0,-1
2025481634237,2025,481634237,2,11,0,-1,3,3,7,-1,0,1,0,0,0,0,0,1,-1,1,1,20,4,-1,-1,-1,-1,-1,-1,0,-1
2025481634244,2025,481634244,2,5,0,-1,19,7,3,-1,0,0,0,0,0,0,4,1,-1,2,1,22,5,-1,-1,-1,-1,-1,-1,0,-1
2025481634244,2025,481634244,1,1,0,-1,9,7,3,-1,0,0,0,0,0,0,3,1,-1,9,2,30,6,-1,-1,-1,-1,-1,-1,0,-1
2025481634249,2025,481634249,1,1,0,-1,19,5,1,-1,0,1,0,0,0,0,1,1,-1,9,1,26,6,-1,-1,-1,-1,-1,-1,0,-1
2025481634265,2025,481634265,1,1,0,-1,9,7,5,-1,0,8,0,0,0,0,1,1,-1,6,1,30,6,-1,-1,-1,-1,-1,-1,0,-1
2025481634267,2025,481634267,1,1,0,-1,7,3,5,-1,0,0,0,0,0,0,1,1,-1,6,2,20,4,-1,-1,-1,-1,-1,-1,0,-1
2025481634267,2025,481634267,2,1,0,-1,3,5,1,-1,0,0,0,0,0,0,3,1,-1,2,2,41,7,-1,-1,-1,-1,-1,-1,0,-1
2025481634403,2025,481634403,1,9,0,-1,13,5,1,-1,0,0,0,0,0,0,4,1,-1,6,1,35,6,-1,-1,-1,-1,-1,-1,0,-1
2025481634403,2025,481634403,2,1,0,-1,19,5,1,-1,0,0,0,0,0,0,3,1,-1,2,2,32,6,-1,-1,-1,-1,-1,-1,0,-1
2025481634408,2025,481634408,1,1,0,-1,13,5,1,-1,0,0,0,0,0,0,4,1,-1,6,1,40,7,-1,-1,-1,-1,-1,-1,0,-1
2025481634408,2025,481634408,2,1,0,-1,19,1,5,-1,0,0,0,0,0,0,3,1,-1,2,2,29,6,-1,-1,-1,-1,-1,-1,0,-1
2025481634410,2025,481634410,1,8,0,-1,5,7,3,-1,0,0,0,0,0,0,1,1,-1,1,1,45,7,-1,-1,-1,-1,-1,-1,0,-1
2025481634415,2025,481634415,1,8,0,-1,19,3,7,-1,0,2,0,0,0,0,1,1,-1,1,1,50,8,-1,-1,-1,-1,-1,-1,0,-1
2025481634417,2025,481634417,2,1,0,-1,19,7,3,-1,0,8,0,0,0,0,3,1,-1,9,1,35,6,-1,-1,-1,-1,-1,-1,0,-1
2025481634417,2025,481634417,1,9,0,-1,7,7,2,-1,0,8,0,0,0,0,4,1,-1,6,1,-1,-1,-1,-1,-1,-1,-1,-1,0,-1
2025481634478,2025,481634478,1,8,0,-1,1,5,1,-1,0,1,0,0,0,0,2,1,-1,1,1,53,8,-1,-1,-1,-1,-1,-1,0,-1
2025481634478,2025,481634478,2,1,0,-1,19,1,5,-1,0,2,0,0,0,0,1,1,-1,2,2,44,7,-1,-1,-1,-1,-1,-1,0,-1
2025481634480,2025,481634480,2,1,0,-1,19,3,7,-1,0,0,0,0,0,0,3,1,-1,9,1,38,7,-1,-1,-1,-1,-1,-1,0,-1
2025481634480,2025,481634480,1,9,0,-1,13,3,7,-1,0,0,0,0,0,0,4,9,-1,6,1,50,8,-1,-1,-1,-1,-1,-1,0,-1
2025481634784,2025,481634784,2,1,0,-1,19,7,3,-1,0,0,0,0,0,0,1,1,-1,2,1,30,6,-1,-1,-1,-1,-1,-1,0,-1
2025481634784,2025,481634784,1,19,0,-1,2,0,0,-1,0,0,0,0,0,0,3,1,-1,1,1,40,7,-1,-1,-1,-1,-1,-1,0,-1
2025481634791,2025,481634791,2,1,0,-1,5,1,5,-1,0,1,0,0,0,0,2,1,-1,2,1,28,6,-1,-1,-1,-1,-1,-1,0,-1
2025481634791,2025,481634791,1,9,0,-1,5,1,5,-1,0,1,0,0,0,0,1,1,-1,6,1,40,7,-1,-1,-1,-1,-1,-1,0,-1
2025481634797,2025,481634797,2,1,0,-1,19,7,3,-1,0,8,0,0,0,0,4,1,-1,2,2,28,6,-1,-1,-1,-1,-1,-1,0,-1
2025481634797,2025,481634797,1,1,0,-1,19,7,3,-1,0,8,0,0,0,0,1,1,-1,6,2,25,5,-1,-1,-1,-1,-1,-1,0,-1
2025481634798,2025,481634798,2,1,0,-1,19,7,3,-1,4,8,0,0,0,0,1,1,-1,2,1,51,8,-1,-1,-1,-1,-1,-1,0,-1
2025481634798,2025,481634798,1,1,0,-1,7,7,3,-1,4,8,0,0,0,0,3,1,-1,2,1,40,7,-1,-1,-1,-1,-1,-1,0,-1
2025501536614,2025,501536614,1,9,0,-1,19,1,5,-1,0,0,5,0,8,0,0,1,-1,9,1,48,8,-1,-1,-1,-1,4,E01018847,0,2
2025501537134,2025,501537134,1,9,0,-1,-1,-1,-1,-1,-1,0,-1,-1,-1,0,-1,1,-1,6,1,77,11,-1,-1,-1,-1,6,E01019942,0,1
2025501537189,2025,501537189,1,9,0,-1,19,3,7,-1,0,0,0,0,0,0,1,1,-1,6,1,86,11,-1,-1,-1,-1,3,E01015084,0,1
2025501537358,2025,501537358,1,9,0,-1,19,7,3,-1,0,0,0,0,7,0,1,1,-1,6,1,29,6,-1,-1,-1,-1,1,E01019020,0,1
2025501537358,2025,501537358,2,9,0,-1,19,3,7,-1,0,0,0,0,0,0,1,1,-1,2,1,32,6,-1,-1,-1,-1,3,E01019022,0,1
2025501537360,2025,501537360,1,9,0,-1,5,8,3,-1,0,4,0,0,0,0,1,1,-1,9,2,19,4,-1,-1,-1,-1,4,E01009576,0,5
2025501537360,2025,501537360,2,5,0,-1,5,8,3,-1,0,4,0,0,0,0,2,1,-1,9,1,53,8,-1,-1,-1,-1,4,E01019063,0,1
2025501537377,2025,501537377,1,9,0,-1,19,6,2,-1,0,0,0,0,2,7,1,1,-1,9,1,33,6,-1,-1,-1,-1,1,E01031015,0,5
2025501537385,2025,501537385,1,9,0,-1,19,1,5,-1,0,0,1,0,0,0,1,1,-1,6,1,19,4,-1,-1,-1,-1,6,E01020175,0,1
2025501537385,2025,501537385,2,9,0,-1,4,5,1,-1,0,0,0,0,0,0,1,1,-1,6,2,19,4,-1,-1,-1,-1,5,E01020147,0,3
2025501537399,2025,501537399,2,8,0,-1,4,3,7,-1,1,0,0,0,0,0,2,1,-1,1,2,66,10,-1,-1,-1,-1,6,E01018981,0,3
2025501537399,2025,501537399,1,9,0,-1,19,3,7,-1,0,0,0,0,0,0,1,1,-1,9,2,80,11,-1,-1,-1,-1,5,E01018864,0,3
2025501537450,2025,501537450,1,9,0,-1,19,8,4,-1,0,0,5,10,0,0,1,2,-1,9,1,19,4,-1,-1,-1,-1,6,E01018824,0,3
2025501537486,2025,501537486,2,9,0,-1,2,0,0,-1,0,2,0,0,0,0,3,1,-1,6,-1,-1,-1,-1,-1,-1,-1,-1,-1,0,-1
2025501537486,2025,501537486,1,9,0,-1,2,5,1,-1,0,2,0,0,0,0,2,1,-1,9,1,28,6,-1,-1,-1,-1,4,E01020287,0,1
2025501537529,2025,501537529,2,9,0,-1,19,5,1,-1,0,0,0,0,0,0,2,1,-1,6,1,54,8,-1,-1,-1,-1,10,E01020203,0,1
2025501537529,2025,501537529,3,19,0,-1,19,5,1,-1,0,0,0,0,0,0,2,1,-1,6,1,69,10,-1,-1,-1,-1,7,E01020202,0,1
2025501537529,2025,501537529,1,9,0,-1,19,5,1,-1,0,0,0,0,0,0,1,1,-1,6,2,25,5,-1,-1,-1,-1,4,E01020087,0,4
2025501537678,2025,501537678,1,9,0,-1,1,7,3,-1,0,1,0,0,0,0,2,1,-1,6,1,-1,-1,-1,-1,-1,-1,-1,-1,0,-1
2025501537693,2025,501537693,1,9,0,-1,19,3,7,-1,0,0,0,0,0,0,4,1,-1,6,1,33,6,-1,-1,-1,-1,5,E01018757,0,1
2025501537699,2025,501537699,1,9,0,-1,9,8,4,-1,0,2,5,0,0,0,1,1,-1,9,1,19,4,-1,-1,-1,-1,5,E01015051,0,3
2025501537733,2025,501537733,1,4,0,-1,19,7,3,-1,0,0,2,0,1,9,1,1,-1,2,1,35,6,-1,-1,-1,-1,3,E01015204,0,2
2025501537766,2025,501537766,2,9,0,-1,19,3,7,-1,0,0,1,0,0,0,1,1,-1,2,1,36,7,-1,-1,-1,-1,6,E01015066,0,4
2025501537766,2025,501537766,1,9,0,-1,19,3,7,-1,0,0,1,7,0,0,1,1,-1,9,2,49,8,-1,-1,-1,-1,4,E01018760,0,1
2025501537817,2025,501537817,1,9,0,-1,19,6,2,-1,0,0,5,0,1,9,1,1,-1,6,2,30,6,-1,-1,-1,-1,7,E01015112,0,3
2025501537870,2025,501537870,1,9,0,-1,5,3,5,-1,0,4,0,0,0,0,1,1,-1,2,2,24,5,-1,-1,-1,-1,7,E01018889,0,1
2025501537870,2025,501537870,2,1,0,-1,19,1,5,-1,0,8,5,0,0,0,2,1,-1,6,1,54,8,-1,-1,-1,-1,4,E01018872,0,1
2025501537911,2025,501537911,1,9,0,-1,1,5,1,-1,9,6,0,0,0,0,2,1,-1,6,1,35,6,-1,-1,-1,-1,10,E01020167,0,4
2025501537921,2025,501537921,2,9,0,-1,19,2,6,-1,0,8,0,0,7,0,1,1,-1,9,1,82,11,-1,-1,-1,-1,6,E01019967,0,2
2025501537921,2025,501537921,1,9,0,-1,9,7,6,-1,0,8,0,0,0,0,1,1,-1,9,2,57,9,-1,-1,-1,-1,5,E01020517,0,4
2025501537936,2025,501537936,1,9,0,-1,19,7,3,-1,0,0,0,0,2,4,4,1,-1,9,2,20,4,-1,-1,-1,-1,2,E01018774,0,3
2025501537953,2025,501537953,1,19,0,-1,19,1,5,-1,0,0,2,0,1,10,1,1,-1,1,1,34,6,-1,-1,-1,-1,4,E01015327,0,5
2025501537953,2025,501537953,2,9,0,-1,19,4,1,-1,0,0,0,0,0,0,1,1,-1,9,1,84,11,-1,-1,-1,-1,6,E01020044,0,1
2025501537964,2025,501537964,2,1,0,-1,19,7,3,-1,0,8,5,0,0,0,1,1,-1,6,1,27,6,-1,-1,-1,-1,1,E01015043,0,1
2025501537964,2025,501537964,1,9,0,-1,9,5,3,-1,0,6,0,0,0,0,1,1,-1,9,1,41,7,-1,-1,-1,-1,4,E01020313,0,3
2025501538063,2025,501538063,1,9,0,-1,4,2,6,-1,0,0,0,0,0,0,1,1,-1,9,1,78,11,-1,-1,-1,-1,4,E01018871,0,2
2025501538063,2025,501538063,2,9,0,-1,4,2,6,-1,0,0,0,0,0,0,2,1,-1,2,1,30,6,-1,-1,-1,-1,6,E01018807,0,3
2025501538063,2025,501538063,3,9,0,-1,4,2,6,-1,0,0,0,0,0,0,2,1,-1,2,2,30,6,-1,-1,-1,-1,6,E01018985,0,3
2025501538152,2025,501538152,1,9,0,-1,19,2,6,-1,0,0,1,0,5,1,4,1,-1,9,2,42,7,-1,-1,-1,-1,1,E01018910,0,1
2025501538208,2025,501538208,1,19,0,-1,4,7,3,-1,0,1,0,0,0,0,1,1,-1,9,1,27,6,-1,-1,-1,-1,8,E01020190,0,1
2025501538208,2025,501538208,2,9,0,-1,4,7,3,-1,0,1,0,0,0,0,2,1,-1,9,2,57,9,-1,-1,-1,-1,8,E01020190,0,1