collision_index,collision_year,collision_ref_no,vehicle_reference,vehicle_type,towing_and_articulation,vehicle_manoeuvre_historic,vehicle_manoeuvre,vehicle_direction_from,vehicle_direction_to,vehicle_location_restricted_lane_historic,vehicle_location_restricted_lane,junction_location,skidding_and_overturning,hit_object_in_carriageway,vehicle_leaving_carriageway,hit_object_off_carriageway,first_point_of_impact,vehicle_left_hand_drive,journey_purpose_of_driver_historic,journey_purpose_of_driver,sex_of_driver,age_of_driver,age_band_of_driver,engine_capacity_cc,propulsion_code,age_of_vehicle,generic_make_model,driver_imd_decile,lsoa_of_driver,escooter_flag,driver_distance_banding
2025501538231,2025,501538231,1,19,0,-1,4,2,6,-1,0,2,0,0,0,0,3,1,-1,1,1,20,4,-1,-1,-1,-1,1,E01015040,0,1
2025501538238,2025,501538238,2,3,0,-1,19,1,5,-1,0,3,0,0,0,0,2,1,-1,9,1,78,11,-1,-1,-1,-1,1,E01015266,0,1
2025501538238,2025,501538238,1,9,0,-1,19,3,7,-1,0,3,0,0,0,0,1,1,-1,2,2,37,7,-1,-1,-1,-1,5,E01015215,0,1
2025501538332,2025,501538332,2,1,0,-1,19,7,3,-1,0,0,0,0,0,0,2,1,-1,6,1,23,5,-1,-1,-1,-1,4,E01018988,0,2
2025501538332,2025,501538332,1,9,0,-1,19,7,3,-1,0,0,0,0,0,0,1,1,-1,6,3,-1,-1,-1,-1,-1,-1,-1,-1,0,-1
2025501538337,2025,501538337,1,9,0,-1,19,3,7,-1,0,0,1,0,0,0,2,1,-1,6,2,27,6,-1,-1,-1,-1,4,E01018876,0,1
2025501538337,2025,501538337,6,9,0,-1,19,3,7,-1,0,0,1,0,0,0,1,1,-1,6,1,21,5,-1,-1,-1,-1,2,E01018977,0,4
2025501538337,2025,501538337,7,8,0,-1,5,3,7,-1,0,0,1,1,0,0,1,1,-1,6,2,24,5,-1,-1,-1,-1,6,E01019003,0,4
2025501538337,2025,501538337,5,9,0,-1,19,3,7,-1,0,0,1,0,0,0,2,1,-1,6,1,34,6,-1,-1,-1,-1,6,E01018912,0,2
2025501538337,2025,501538337,2,9,0,-1,19,3,7,-1,0,0,0,0,0,0,2,1,-1,9,1,69,10,-1,-1,-1,-1,2,E01034869,0,2
2025501538337,2025,501538337,3,9,0,-1,19,3,7,-1,0,0,1,0,0,0,1,1,-1,6,1,23,5,-1,-1,-1,-1,4,E01018979,0,2
2025501538337,2025,501538337,4,9,0,-1,19,3,7,-1,0,0,1,0,0,0,2,1,-1,9,1,34,6,-1,-1,-1,-1,6,E01018917,0,2
2025501538344,2025,501538344,1,3,0,-1,19,3,7,-1,0,1,2,0,0,0,1,1,-1,7,1,19,4,-1,-1,-1,-1,3,E01015084,0,1
2025501538566,2025,501538566,2,19,0,-1,19,3,7,-1,0,0,0,0,0,0,2,1,-1,1,1,53,8,-1,-1,-1,-1,4,E01020052,0,4
2025501538566,2025,501538566,1,19,0,-1,19,3,7,-1,0,0,0,0,0,0,1,1,-1,1,1,53,8,-1,-1,-1,-1,4,E01019063,0,4
2025501538585,2025,501538585,1,9,0,-1,19,2,6,-1,0,1,0,0,0,0,4,1,-1,6,1,88,11,-1,-1,-1,-1,4,E01018829,0,1
2025501538588,2025,501538588,1,9,0,-1,19,2,6,-1,0,0,0,0,0,0,1,1,-1,9,2,56,9,-1,-1,-1,-1,1,E01015023,0,4
2025501538608,2025,501538608,1,9,0,-1,19,5,1,-1,0,0,2,0,0,0,1,1,-1,9,1,58,9,-1,-1,-1,-1,6,E01029118,0,4
2025501538608,2025,501538608,2,9,0,-1,19,1,5,-1,0,0,0,0,0,0,1,1,-1,9,1,44,7,-1,-1,-1,-1,8,E01020051,0,3
2025501538665,2025,501538665,1,19,0,-1,19,6,2,-1,0,1,2,0,0,0,3,1,-1,1,1,34,6,-1,-1,-1,-1,7,E01034622,0,3
2025501538698,2025,501538698,2,9,0,-1,19,8,4,-1,0,0,0,0,0,0,1,1,-1,2,2,26,6,-1,-1,-1,-1,7,E01018934,0,1
2025501538698,2025,501538698,1,9,0,-1,19,4,8,-1,0,0,0,4,0,0,3,1,-1,6,2,37,7,-1,-1,-1,-1,4,E01018929,0,1
2025501538698,2025,501538698,3,11,0,-1,2,0,0,-1,0,0,0,0,0,0,3,1,-1,6,1,75,10,-1,-1,-1,-1,5,E01018931,0,1
2025501538762,2025,501538762,3,9,0,-1,19,3,7,-1,0,0,1,0,7,0,4,1,-1,6,1,32,6,-1,-1,-1,-1,1,E01015088,0,4
2025501538762,2025,501538762,2,9,0,-1,19,7,3,-1,0,0,1,0,0,0,1,1,-1,2,1,20,4,-1,-1,-1,-1,3,E01015193,0,1
2025501538762,2025,501538762,1,9,0,-1,19,3,7,-1,0,0,1,0,7,4,2,1,-1,6,1,23,5,-1,-1,-1,-1,7,E01020168,0,3
2025501538776,2025,501538776,1,9,0,-1,19,4,8,-1,0,0,2,0,7,11,1,1,-1,2,2,26,6,-1,-1,-1,-1,6,E01019902,0,1
2025501538777,2025,501538777,1,9,0,-1,19,2,6,-1,0,0,2,0,1,9,1,1,-1,9,1,18,4,-1,-1,-1,-1,9,E01019900,0,1
2025501538781,2025,501538781,1,9,0,-1,19,5,1,-1,0,0,0,0,0,0,1,1,-1,6,1,18,4,-1,-1,-1,-1,5,E01034170,0,1
2025501538781,2025,501538781,3,98,0,-1,2,0,0,-1,0,0,0,0,0,0,3,1,-1,6,-1,-1,-1,-1,-1,-1,-1,-1,-1,0,-1
2025501538781,2025,501538781,2,9,0,-1,19,1,5,-1,0,0,0,0,0,0,1,1,-1,9,1,61,9,-1,-1,-1,-1,1,E01015256,0,1
2025501539016,2025,501539016,2,9,0,-1,19,3,7,-1,0,0,1,0,1,0,2,1,-1,9,1,56,9,-1,-1,-1,-1,7,E01021264,0,5
2025501539016,2025,501539016,1,9,0,-1,19,3,7,-1,0,0,1,0,1,0,2,1,-1,9,2,60,9,-1,-1,-1,-1,8,E01022463,0,5
2025501539143,2025,501539143,1,1,0,-1,19,8,4,-1,0,0,0,0,0,0,1,1,-1,6,1,51,8,-1,-1,-1,-1,9,E01019989,0,1
2025501539143,2025,501539143,2,9,0,-1,2,0,0,-1,0,0,0,0,0,0,2,1,-1,6,-1,-1,-1,-1,-1,-1,-1,-1,-1,0,-1
2025501539172,2025,501539172,1,9,0,-1,19,7,3,-1,0,0,0,0,0,0,2,1,-1,9,1,41,7,-1,-1,-1,-1,7,E01019014,0,4
2025501539172,2025,501539172,2,9,0,-1,19,7,3,-1,0,0,1,0,0,0,1,1,-1,6,1,49,8,-1,-1,-1,-1,6,E01023836,0,5
2025501539180,2025,501539180,2,9,0,-1,19,2,6,-1,0,0,0,0,0,0,3,1,-1,6,1,38,7,-1,-1,-1,-1,3,E01015209,0,4
2025501539180,2025,501539180,1,19,0,-1,11,2,6,-1,0,0,0,0,0,0,4,1,-1,6,3,-1,-1,-1,-1,-1,-1,-1,-1,0,-1
2025501539317,2025,501539317,1,9,0,-1,19,1,6,-1,0,0,1,0,7,10,1,1,-1,2,2,41,7,-1,-1,-1,-1,6,E01018826,0,1
2025501539331,2025,501539331,1,3,0,-1,19,6,2,-1,0,0,1,0,0,0,0,1,-1,6,2,40,7,-1,-1,-1,-1,6,E01018786,0,4
2025501539352,2025,501539352,1,1,-1,-1,19,-1,-1,-1,0,2,5,0,0,0,1,1,-1,6,3,-1,-1,-1,-1,-1,-1,-1,-1,0,-1
2025501539371,2025,501539371,2,9,0,-1,14,6,2,-1,0,0,0,0,0,0,1,1,-1,6,2,44,7,-1,-1,-1,-1,7,E01015254,0,1
2025501539371,2025,501539371,1,9,0,-1,19,2,6,-1,0,0,0,0,0,0,3,1,-1,7,1,37,7,-1,-1,-1,-1,3,E01015249,0,1
2025501539391,2025,501539391,2,90,0,-1,19,3,7,-1,0,0,1,0,0,0,1,1,-1,1,2,25,5,-1,-1,-1,-1,6,E01020045,0,2
2025501539391,2025,501539391,1,9,0,-1,19,7,3,-1,0,0,1,0,0,0,1,1,-1,9,1,26,6,-1,-1,-1,-1,7,E01020031,0,4
2025501539395,2025,501539395,1,9,0,-1,19,7,3,-1,0,0,9,10,1,99,4,1,-1,6,3,-1,-1,-1,-1,-1,-1,-1,-1,0,-1
2025501539415,2025,501539415,6,9,0,-1,19,1,5,-1,0,0,1,0,0,0,1,1,-1,6,2,41,7,-1,-1,-1,-1,4,E01018894,0,1
2025501539415,2025,501539415,3,9,0,-1,19,1,5,-1,0,0,0,0,0,0,1,1,-1,6,1,43,7,-1,-1,-1,-1,4,E01018895,0,1
2025501539415,2025,501539415,7,9,0,-1,19,5,1,-1,0,0,1,0,0,0,1,1,-1,6,2,37,7,-1,-1,-1,-1,-1,-1,0,-1
2025501539415,2025,501539415,1,9,0,-1,19,1,5,-1,0,0,0,0,0,0,4,1,-1,1,1,47,8,-1,-1,-1,-1,2,E01018865,0,1
2025501539415,2025,501539415,5,9,0,-1,19,1,5,-1,0,0,0,0,0,0,2,1,-1,6,2,53,8,-1,-1,-1,-1,8,E01018884,0,3
2025501539415,2025,501539415,4,9,0,-1,19,1,5,-1,0,0,1,0,0,0,1,1,-1,1,1,22,5,-1,-1,-1,-1,3,E01018761,0,4
2025501539415,2025,501539415,2,9,0,-1,19,1,5,-1,0,0,1,0,0,0,1,1,-1,6,2,25,5,-1,-1,-1,-1,2,E01033249,0,5
2025501539416,2025,501539416,8,9,0,-1,19,3,7,-1,0,0,1,0,0,0,4,1,-1,2,2,32,6,-1,-1,-1,-1,6,E01018821,0,3
2025501539416,2025,501539416,1,9,0,-1,19,3,7,-1,0,0,1,0,1,0,0,1,-1,2,1,33,6,-1,-1,-1,-1,5,E01018851,0,3
2025501539416,2025,501539416,3,9,0,-1,19,3,7,-1,0,0,1,0,0,0,1,1,-1,2,1,44,7,-1,-1,-1,-1,7,E01018818,0,3
2025501539416,2025,501539416,6,19,0,-1,19,3,7,-1,1,0,0,0,0,0,3,1,-1,1,1,44,7,-1,-1,-1,-1,4,E01018914,0,1
2025501539416,2025,501539416,9,9,0,-1,19,3,7,-1,0,0,0,0,0,0,2,1,-1,9,1,76,11,-1,-1,-1,-1,6,E01035063,0,5
2025501539416,2025,501539416,5,9,0,-1,19,3,7,-1,0,0,1,0,2,1,2,1,-1,2,1,65,9,-1,-1,-1,-1,7,E01019068,0,4
2025501539416,2025,501539416,2,9,0,-1,19,3,7,-1,0,0,1,0,7,0,1,1,-1,1,1,49,8,-1,-1,-1,-1,-1,-1,0,-1
2025501539416,2025,501539416,4,9,0,-1,19,3,7,-1,0,0,0,0,0,0,1,1,-1,2,1,26,6,-1,-1,-1,-1,6,E01018912,0,1
2025501539416,2025,501539416,7,9,0,-1,19,3,7,-1,0,0,1,0,0,0,1,1,-1,1,1,36,7,-1,-1,-1,-1,8,E01034863,0,3
2025501539437,2025,501539437,1,9,0,-1,19,1,5,-1,0,0,1,11,2,11,4,1,-1,9,2,24,5,-1,-1,-1,-1,4,E01020116,0,1
2025501539438,2025,501539438,1,3,0,-1,7,3,5,-1,0,8,1,0,0,0,4,1,-1,9,1,43,7,-1,-1,-1,-1,3,E01019985,0,1
2025501539516,2025,501539516,2,19,0,-1,9,2,8,-1,0,8,0,0,0,0,1,1,-1,1,1,43,7,-1,-1,-1,-1,2,E01020039,0,1
2025501539516,2025,501539516,1,1,0,-1,19,6,2,-1,0,8,5,0,0,0,2,1,-1,6,2,32,6,-1,-1,-1,-1,5,E01020040,0,1
2025501539523,2025,501539523,1,9,0,-1,19,7,3,-1,0,0,0,0,0,0,1,9,-1,6,1,17,4,-1,-1,-1,-1,1,E01015263,0,1
2025501539567,2025,501539567,2,9,0,-1,19,2,6,-1,0,1,0,0,0,0,1,1,-1,2,2,58,9,-1,-1,-1,-1,5,E01018845,0,4
2025501539567,2025,501539567,1,9,0,-1,9,6,5,-1,0,5,0,0,0,0,4,1,-1,2,1,33,6,-1,-1,-1,-1,6,E01018786,0,1
2025501539593,2025,501539593,1,9,0,-1,19,2,6,-1,0,0,0,0,0,0,1,1,-1,9,2,56,9,-1,-1,-1,-1,1,E01015023,0,4
2025501539600,2025,501539600,1,9,0,-1,9,1,7,-1,0,6,0,0,0,0,1,1,-1,6,3,-1,-1,-1,-1,-1,-1,-1,-1,0,-1
2025501539600,2025,501539600,2,9,0,-1,19,3,7,-1,0,8,0,0,0,0,1,1,-1,9,1,37,7,-1,-1,-1,-1,2,E01015181,0,1
2025501539633,2025,501539633,2,9,0,-1,2,0,0,-1,0,0,0,0,0,0,3,1,-1,6,-1,-1,-1,-1,-1,-1,-1,-1,-1,0,-1
2025501539633,2025,501539633,3,9,0,-1,2,0,0,-1,0,0,0,0,0,0,3,1,-1,6,-1,-1,-1,-1,-1,-1,-1,-1,-1,0,-1
2025501539633,2025,501539633,1,9,0,-1,19,7,3,-1,0,0,0,4,0,0,1,1,-1,6,2,73,10,-1,-1,-1,-1,3,E01015172,0,1
2025501539646,2025,501539646,1,9,0,-1,19,3,7,-1,0,0,0,0,0,0,1,1,-1,2,1,29,6,-1,-1,-1,-1,1,E01018868,0,2
2025501539646,2025,501539646,2,9,0,-1,19,3,7,-1,0,0,0,0,0,0,2,1,-1,2,1,61,9,-1,-1,-1,-1,1,E01018870,0,2
2025501539646,2025,501539646,3,9,0,-1,19,3,7,-1,0,0,0,0,0,0,2,1,-1,6,2,57,9,-1,-1,-1,-1,1,E01018898,0,1
2025501539699,2025,501539699,2,9,0,-1,2,0,0,-1,0,0,0,0,0,0,3,1,-1,6,2,44,7,-1,-1,-1,-1,2,E01015182,0,1
2025501539699,2025,501539699,1,9,0,-1,19,8,4,-1,0,0,0,4,0,0,4,9,-1,6,1,44,7,-1,-1,-1,-1,4,E01015169,0,1
2025501539794,2025,501539794,1,9,0,-1,19,6,2,-1,0,0,1,0,0,0,4,1,-1,6,1,41,7,-1,-1,-1,-1,5,E01020147,0,2
2025501539794,2025,501539794,2,9,0,-1,19,2,6,-1,0,0,0,0,0,0,3,1,-1,6,2,64,9,-1,-1,-1,-1,9,E01020158,0,2
2025501539884,2025,501539884,1,8,0,-1,5,3,3,-1,0,1,0,0,0,0,1,1,-1,1,2,54,8,-1,-1,-1,-1,1,E01015155,0,1
2025501539884,2025,501539884,2,19,0,-1,5,3,3,-1,0,1,0,0,0,0,3,1,-1,1,1,47,8,-1,-1,-1,-1,3,E01015095,0,2
2025501539892,2025,501539892,1,9,0,-1,19,3,7,-1,0,2,1,10,7,11,1,1,-1,9,1,72,10,-1,-1,-1,-1,3,E01020285,0,3
2025501539929,2025,501539929,2,9,-1,-1,-1,-1,-1,-1,-1,0,-1,-1,-1,0,-1,9,-1,9,2,43,7,-1,-1,-1,-1,5,E01015215,0,2
2025501539929,2025,501539929,1,9,-1,-1,-1,-1,-1,-1,-1,0,-1,-1,-1,0,-1,9,-1,6,2,73,10,-1,-1,-1,-1,4,E01015221,0,1
2025501539966,2025,501539966,1,9,0,-1,19,3,7,-1,0,2,0,0,0,0,1,1,-1,6,1,17,4,-1,-1,-1,-1,6,E01019955,0,2
2025501540008,2025,501540008,1,9,0,-1,9,7,3,-1,0,0,0,0,0,0,3,1,-1,9,1,59,9,-1,-1,-1,-1,3,E01019914,0,1
2025501540013,2025,501540013,1,9,0,-1,19,7,4,-1,0,0,1,0,1,4,1,1,-1,9,1,58,9,-1,-1,-1,-1,4,E01020284,0,3
2025501540022,2025,501540022,1,9,0,-1,1,3,7,-1,0,0,0,0,0,0,3,1,-1,9,2,33,6,-1,-1,-1,-1,1,E01015233,0,1
2025501540029,2025,501540029,2,9,0,-1,7,5,8,-1,0,2,0,0,1,0,3,1,-1,2,1,49,8,-1,-1,-1,-1,5,E01020117,0,1
2025501540029,2025,501540029,1,9,0,-1,19,8,5,-1,0,1,0,0,0,0,3,1,-1,9,1,56,9,-1,-1,-1,-1,3,E01020096,0,3
2025501540039,2025,501540039,2,9,0,-1,19,2,6,-1,0,1,0,0,-1,-1,1,1,-1,6,1,56,9,-1,-1,-1,-1,1,E01015232,0,1
2025501540039,2025,501540039,1,9,0,-1,2,2,6,-1,0,1,0,0,0,0,2,1,-1,9,1,33,6,-1,-1,-1,-1,3,E01015212,0,1
2025501540043,2025,501540043,2,9,0,-1,19,2,6,-1,0,8,1,0,0,0,1,1,-1,9,1,40,7,-1,-1,-1,-1,1,E01015155,0,1
2025501540043,2025,501540043,1,9,0,-1,19,8,4,-1,0,3,1,0,7,10,4,1,-1,9,2,29,6,-1,-1,-1,-1,1,E01015058,0,1
2025501540044,2025,501540044,1,9,0,-1,13,3,7,-1,0,0,0,0,7,0,1,1,-1,9,1,18,4,-1,-1,-1,-1,4,E01019005,0,1
2025501540044,2025,501540044,2,9,0,-1,13,3,7,-1,0,0,5,0,8,0,2,1,-1,9,1,19,4,-1,-1,-1,-1,4,E01019006,0,1
2025501540381,2025,501540381,1,9,0,-1,19,1,5,-1,0,0,2,0,1,4,2,1,-1,9,1,88,11,-1,-1,-1,-1,5,E01020319,0,1
2025501540411,2025,501540411,2,9,0,-1,4,5,1,-1,0,1,0,0,0,0,2,1,-1,6,2,48,8,-1,-1,-1,-1,5,E01020097,0,3
2025501540411,2025,501540411,1,19,0,-1,4,5,1,-1,0,1,1,0,0,0,1,1,-1,1,1,25,5,-1,-1,-1,-1,3,E01020104,0,3
2025501540416,2025,501540416,1,9,0,-1,19,7,3,-1,0,0,2,0,8,10,3,1,-1,7,1,34,6,-1,-1,-1,-1,5,E01020097,0,1
2025501540437,2025,501540437,2,97,0,-1,19,2,6,-1,0,1,1,0,0,0,1,1,-1,6,1,22,5,-1,-1,-1,-1,2,E01022023,0,5
2025501540437,2025,501540437,1,9,0,-1,19,4,8,-1,0,6,0,0,0,0,3,1,-1,9,1,50,8,-1,-1,-1,-1,2,E01015194,0,1
2025501540495,2025,501540495,2,9,0,-1,2,0,0,-1,0,1,0,0,0,0,3,1,-1,6,-1,-1,-1,-1,-1,-1,-1,-1,-1,0,-1
2025501540495,2025,501540495,1,9,0,-1,19,3,7,-1,0,1,5,4,0,0,1,1,-1,6,1,19,4,-1,-1,-1,-1,5,E01019923,0,1
2025501540495,2025,501540495,3,9,0,-1,2,0,0,-1,0,1,0,0,0,0,4,1,-1,6,-1,-1,-1,-1,-1,-1,-1,-1,-1,0,-1
2025501540615,2025,501540615,2,16,0,-1,19,8,4,-1,0,0,0,0,0,0,3,1,-1,9,2,8,2,-1,-1,-1,-1,3,E01018925,0,1
2025501540615,2025,501540615,1,19,0,-1,19,4,8,-1,0,0,0,0,0,0,3,1,-1,6,1,61,9,-1,-1,-1,-1,3,E01018925,0,1
2025501540680,2025,501540680,1,9,0,-1,19,1,5,-1,0,0,5,0,2,7,3,1,-1,6,2,36,7,-1,-1,-1,-1,7,E01019987,0,1
2025501540680,2025,501540680,2,9,0,-1,19,1,5,-1,0,0,0,0,0,0,4,1,-1,1,1,37,7,-1,-1,-1,-1,9,E01033234,0,1
2025501540729,2025,501540729,1,19,0,-1,19,5,1,-1,0,0,0,0,1,1,4,1,-1,1,1,27,6,-1,-1,-1,-1,2,E01015162,0,3
2025501540935,2025,501540935,1,9,0,-1,9,3,1,-1,0,8,0,0,0,0,1,1,-1,9,1,60,9,-1,-1,-1,-1,4,E01018815,0,2
2025501540935,2025,501540935,2,5,0,-1,19,1,5,-1,0,1,2,0,0,0,1,1,-1,2,1,43,7,-1,-1,-1,-1,1,E01019020,0,2
2025501541031,2025,501541031,1,9,0,-1,9,3,1,-1,0,5,0,0,0,0,1,2,-1,9,2,39,7,-1,-1,-1,-1,6,E01019048,0,1
2025501541031,2025,501541031,2,1,0,-1,19,7,3,-1,4,1,0,0,1,0,3,1,-1,6,1,63,9,-1,-1,-1,-1,3,E01019051,0,1
2025501541058,2025,501541058,1,9,0,-1,19,8,4,-1,0,0,0,0,0,0,4,9,-1,6,3,-1,-1,-1,-1,-1,-1,-1,-1,0,-1
2025501541123,2025,501541123,1,9,0,-1,19,2,6,-1,0,0,0,0,7,2,1,1,-1,6,1,85,11,-1,-1,-1,-1,4,E01020321,0,3
2025501541165,2025,501541165,1,9,0,-1,5,3,7,-1,0,0,0,0,0,0,1,1,-1,9,2,65,9,-1,-1,-1,-1,4,E01020129,0,1
2025501541165,2025,501541165,2,9,0,-1,3,3,7,-1,0,0,0,0,0,0,2,1,-1,9,1,58,9,-1,-1,-1,-1,8,E01020128,0,1
2025501541219,2025,501541219,1,5,0,-1,4,1,5,-1,0,0,0,0,0,0,0,1,-1,6,1,41,7,-1,-1,-1,-1,4,E01020217,0,1
2025501541219,2025,501541219,2,3,0,-1,4,1,5,-1,0,0,1,0,0,0,0,1,-1,6,2,50,8,-1,-1,-1,-1,4,E01020217,0,1
2025501541219,2025,501541219,3,9,0,-1,4,1,5,-1,0,0,0,0,0,0,0,1,-1,2,2,57,9,-1,-1,-1,-1,9,E01020257,0,1
2025501541485,2025,501541485,1,9,0,-1,19,4,8,-1,0,0,5,0,0,0,3,1,-1,6,2,42,7,-1,-1,-1,-1,2,E01015216,0,4
2025501541485,2025,501541485,3,19,0,-1,19,4,8,-1,0,0,0,0,0,0,1,1,-1,1,1,50,8,-1,-1,-1,-1,2,E01020111,0,4
2025501541485,2025,501541485,2,9,0,-1,19,8,4,-1,0,0,0,0,0,0,1,1,-1,6,2,64,9,-1,-1,-1,-1,7,E01010881,0,5
2025501541522,2025,501541522,1,1,0,-1,19,2,6,-1,0,0,0,0,0,0,3,1,-1,6,1,66,10,-1,-1,-1,-1,4,E01018881,0,2
2025501541522,2025,501541522,2,9,0,-1,19,6,2,-1,0,0,0,0,0,0,4,1,-1,6,1,90,11,-1,-1,-1,-1,4,E01018881,0,1
2025501541557,2025,501541557,1,9,0,-1,19,5,1,-1,0,0,0,0,1,11,1,1,-1,9,1,77,11,-1,-1,-1,-1,3,E01018974,0,3
2025501541573,2025,501541573,3,9,0,-1,19,7,3,-1,0,0,0,0,0,0,1,1,-1,6,1,61,9,-1,-1,-1,-1,7,E01015035,0,1
2025501541573,2025,501541573,1,9,0,-1,12,7,3,-1,0,0,0,0,0,0,1,1,-1,2,2,37,7,-1,-1,-1,-1,8,E01015034,0,1
2025501541573,2025,501541573,2,9,0,-1,19,7,3,-1,0,0,0,0,0,0,4,1,-1,6,1,27,6,-1,-1,-1,-1,9,E01015130,0,2
2025501541586,2025,501541586,1,9,0,-1,10,5,1,-1,0,5,0,0,0,0,2,1,-1,7,2,39,7,-1,-1,-1,-1,1,E01015046,0,1
2025501541586,2025,501541586,2,9,0,-1,19,5,1,-1,0,1,0,0,0,0,1,1,-1,6,3,-1,-1,-1,-1,-1,-1,-1,-1,0,-1
2025501541848,2025,501541848,2,9,0,-1,12,5,7,-1,0,0,0,0,0,0,3,1,-1,2,1,52,8,-1,-1,-1,-1,3,E01018893,0,3
2025501541848,2025,501541848,1,5,0,-1,13,3,7,-1,0,0,5,0,4,10,4,1,-1,2,2,37,7,-1,-1,-1,-1,6,E01018826,0,2
2025501541955,2025,501541955,2,19,0,-1,19,3,7,-1,0,0,0,0,0,0,-1,9,-1,6,1,-1,-1,-1,-1,-1,-1,-1,-1,0,-1
2025501541955,2025,501541955,1,19,0,-1,19,3,7,-1,0,0,0,0,0,0,-1,9,-1,6,2,43,7,-1,-1,-1,-1,9,E01019937,0,1
2025501541973,2025,501541973,1,9,0,-1,7,2,6,-1,0,8,0,0,0,0,3,1,-1,6,1,91,11,-1,-1,-1,-1,9,E01019939,0,2
2025501542070,2025,501542070,1,9,0,-1,19,5,1,-1,0,0,0,0,0,0,4,1,-1,6,2,76,11,-1,-1,-1,-1,4,E01015236,0,1
2025501542208,2025,501542208,1,9,0,-1,19,3,7,-1,0,1,0,0,2,11,1,1,-1,6,2,33,6,-1,-1,-1,-1,4,E01018962,0,1
2025501542210,2025,501542210,1,19,0,-1,19,3,7,-1,0,0,0,0,0,0,1,2,-1,1,1,29,6,-1,-1,-1,-1,-1,-1,0,-1
2025501542210,2025,501542210,2,9,0,-1,19,7,3,-1,0,0,0,0,0,0,1,1,-1,9,1,30,6,-1,-1,-1,-1,8,E01029885,0,5
2025501542233,2025,501542233,1,9,0,-1,19,1,5,-1,0,0,0,0,2,0,1,1,-1,2,1,19,4,-1,-1,-1,-1,4,E01020307,0,1
2025501542308,2025,501542308,1,9,-1,-1,14,5,1,-1,0,0,0,0,0,0,4,1,-1,6,3,-1,-1,-1,-1,-1,-1,-1,-1,0,-1
2025501542377,2025,501542377,1,9,0,-1,19,2,6,-1,0,0,0,0,0,0,1,1,-1,7,1,53,8,-1,-1,-1,-1,1,E01014597,0,5
2025501542377,2025,501542377,2,9,0,-1,19,6,2,-1,0,0,0,0,0,0,1,1,-1,9,2,64,9,-1,-1,-1,-1,5,E01020069,0,3
2025501542379,2025,501542379,1,9,0,-1,19,5,1,-1,0,0,1,0,1,10,3,1,-1,6,1,18,4,-1,-1,-1,-1,2,E01018797,0,3
2025501542379,2025,501542379,2,9,0,-1,4,1,5,-1,0,0,0,0,0,0,3,1,-1,7,2,35,6,-1,-1,-1,-1,5,E01018757,0,1
2025501542423,2025,501542423,1,9,0,-1,19,5,1,-1,0,0,0,0,0,0,1,1,-1,1,1,19,4,-1,-1,-1,-1,5,E01020097,0,2
2025501542423,2025,501542423,2,11,0,-1,19,1,5,-1,0,0,0,0,0,0,1,1,-1,1,2,54,8,-1,-1,-1,-1,5,E01020084,0,3
2025501542462,2025,501542462,2,9,0,-1,19,7,3,-1,0,8,0,0,0,0,4,1,-1,6,1,55,8,-1,-1,-1,-1,2,E01018770,0,1
2025501542462,2025,501542462,1,9,0,-1,9,8,7,-1,0,8,0,0,0,0,1,1,-1,2,1,35,6,-1,-1,-1,-1,4,E01018782,0,1
2025501542572,2025,501542572,1,9,0,-1,9,3,1,-1,0,5,0,0,0,0,3,1,-1,9,2,66,10,-1,-1,-1,-1,3,E01015235,0,1
2025501542575,2025,501542575,1,9,0,-1,9,7,5,-1,0,8,0,0,0,0,1,1,-1,9,2,86,11,-1,-1,-1,-1,6,E01019945,0,1
2025501542575,2025,501542575,2,9,0,-1,19,3,7,-1,0,1,0,0,0,0,3,1,-1,9,1,81,11,-1,-1,-1,-1,6,E01020232,0,3
2025501542619,2025,501542619,1,90,0,-1,5,8,4,-1,9,0,0,0,0,0,1,1,-1,6,1,37,7,-1,-1,-1,-1,6,E01015224,0,2
2025501542641,2025,501542641,1,9,0,-1,3,5,1,-1,0,2,0,0,0,0,2,1,-1,2,2,48,8,-1,-1,-1,-1,4,E01015163,0,1
2025501542641,2025,501542641,2,3,0,-1,5,5,1,-1,0,2,2,0,0,0,1,1,-1,1,1,19,4,-1,-1,-1,-1,3,E01015166,0,1
2025501542655,2025,501542655,2,19,0,-1,19,3,7,-1,0,1,0,0,0,0,1,1,-1,6,1,45,7,-1,-1,-1,-1,9,E01020042,0,1
2025501542655,2025,501542655,1,9,0,-1,3,3,7,-1,0,1,0,0,0,0,2,1,-1,6,1,45,7,-1,-1,-1,-1,6,E01019982,0,2
2025501542695,2025,501542695,1,9,0,-1,4,5,1,-1,0,0,0,0,0,0,3,1,-1,9,1,78,11,-1,-1,-1,-1,4,E01020189,0,3
2025501542696,2025,501542696,1,9,0,-1,19,5,1,-1,0,0,1,0,0,0,1,1,-1,2,1,21,5,-1,-1,-1,-1,8,E01019018,0,1
2025501542936,2025,501542936,1,9,0,-1,19,4,8,-1,0,1,0,0,0,0,1,1,-1,9,2,27,6,-1,-1,-1,-1,5,E01020195,0,2
2025501542936,2025,501542936,2,9,0,-1,4,4,8,-1,0,1,0,0,0,0,2,1,-1,9,1,28,6,-1,-1,-1,-1,4,E01020208,0,1
2025501542936,2025,501542936,3,9,0,-1,10,4,8,-1,0,8,0,0,0,0,2,1,-1,9,1,30,6,-1,-1,-1,-1,6,E01020204,0,1