collision_index,collision_year,collision_ref_no,vehicle_reference,vehicle_type,towing_and_articulation,vehicle_manoeuvre_historic,vehicle_manoeuvre,vehicle_direction_from,vehicle_direction_to,vehicle_location_restricted_lane_historic,vehicle_location_restricted_lane,junction_location,skidding_and_overturning,hit_object_in_carriageway,vehicle_leaving_carriageway,hit_object_off_carriageway,first_point_of_impact,vehicle_left_hand_drive,journey_purpose_of_driver_historic,journey_purpose_of_driver,sex_of_driver,age_of_driver,age_band_of_driver,engine_capacity_cc,propulsion_code,age_of_vehicle,generic_make_model,driver_imd_decile,lsoa_of_driver,escooter_flag,driver_distance_banding
2025501549411,2025,501549411,3,9,0,-1,19,2,6,-1,0,0,0,1,0,0,2,1,-1,9,2,52,8,-1,-1,-1,-1,6,E01019477,0,5
2025501549411,2025,501549411,1,9,0,-1,19,2,6,-1,0,0,1,0,8,6,1,1,-1,9,2,21,5,-1,-1,-1,-1,7,E01015253,0,4
2025501549411,2025,501549411,2,9,0,-1,19,2,6,-1,0,0,0,1,0,0,1,1,-1,9,1,60,9,-1,-1,-1,-1,8,E01020249,0,4
2025501549414,2025,501549414,1,9,0,-1,19,4,8,-1,0,0,1,0,2,10,1,1,-1,6,2,52,8,-1,-1,-1,-1,4,E01020140,0,3
2025501549444,2025,501549444,2,9,0,-1,19,6,2,-1,0,8,0,0,0,0,3,1,-1,6,1,65,9,-1,-1,-1,-1,6,E01018798,0,1
2025501549444,2025,501549444,1,2,0,-1,5,4,8,-1,0,2,0,0,0,0,1,1,-1,6,1,16,4,-1,-1,-1,-1,2,E01018797,0,1
2025501549458,2025,501549458,1,9,0,-1,19,6,2,-1,-1,0,0,0,0,0,1,1,-1,9,1,35,6,-1,-1,-1,-1,5,E01020069,0,4
2025501549458,2025,501549458,2,9,0,-1,2,6,2,-1,-1,0,0,0,1,11,2,1,-1,9,1,77,11,-1,-1,-1,-1,8,E01031821,0,5
2025501549563,2025,501549563,1,9,0,-1,19,3,5,-1,0,1,0,0,1,0,1,1,-1,6,3,-1,-1,-1,-1,-1,-1,-1,-1,0,-1
2025501549563,2025,501549563,2,9,0,-1,19,3,5,-1,0,1,0,0,0,0,1,1,-1,2,2,38,7,-1,-1,-1,-1,5,E01034169,0,4
2025501549566,2025,501549566,1,9,0,-1,19,4,2,-1,0,1,2,10,7,3,1,1,-1,9,1,19,4,-1,-1,-1,-1,8,E01020249,0,1
2025501549566,2025,501549566,2,9,0,-1,10,3,2,-1,0,2,0,0,0,0,2,1,-1,2,2,27,6,-1,-1,-1,-1,2,E01015239,0,2
2025501549573,2025,501549573,4,9,0,-1,19,3,7,-1,0,0,0,0,0,0,1,1,-1,6,1,22,5,-1,-1,-1,-1,5,E01020235,0,3
2025501549573,2025,501549573,1,9,0,-1,19,3,7,-1,0,0,0,0,0,0,1,1,-1,6,2,80,11,-1,-1,-1,-1,7,E01019969,0,1
2025501549573,2025,501549573,3,9,0,-1,19,7,3,-1,0,0,0,0,0,0,1,1,-1,6,1,30,6,-1,-1,-1,-1,4,E01035129,0,4
2025501549573,2025,501549573,2,9,0,-1,19,7,3,-1,0,0,0,0,0,0,1,1,-1,6,2,80,11,-1,-1,-1,-1,7,E01020245,0,2
2025501549594,2025,501549594,1,3,0,-1,19,5,1,-1,0,8,0,0,0,0,1,1,-1,9,1,25,5,-1,-1,-1,-1,6,E01018804,0,3
2025501549594,2025,501549594,2,9,0,-1,9,7,5,-1,0,8,0,0,0,0,4,1,-1,9,1,23,5,-1,-1,-1,-1,6,E01018835,0,3
2025501549854,2025,501549854,2,1,0,-1,19,2,6,-1,5,1,5,0,0,0,1,1,-1,6,1,62,9,-1,-1,-1,-1,8,E01020240,0,1
2025501549854,2025,501549854,1,9,0,-1,7,8,2,-1,5,8,0,0,0,0,1,1,-1,9,2,46,8,-1,-1,-1,-1,3,E01020005,0,1
2025501549916,2025,501549916,1,9,0,-1,3,6,2,-1,0,1,0,0,0,0,4,1,-1,6,2,41,7,-1,-1,-1,-1,7,E01018879,0,2
2025501549923,2025,501549923,1,9,0,-1,19,3,7,-1,0,8,0,0,0,0,4,1,-1,6,1,62,9,-1,-1,-1,-1,9,E01020151,0,1
2025501549939,2025,501549939,1,3,0,-1,19,6,2,-1,0,0,2,0,0,0,0,1,-1,6,1,17,4,-1,-1,-1,-1,6,E01034634,0,1
2025501549939,2025,501549939,2,9,0,-1,19,2,6,-1,0,0,0,0,0,0,1,1,-1,1,2,72,10,-1,-1,-1,-1,8,E01020027,0,1
2025501549942,2025,501549942,1,19,0,-1,19,7,3,-1,0,0,0,0,0,0,1,1,-1,2,1,42,7,-1,-1,-1,-1,3,E01019075,0,1
2025501549942,2025,501549942,2,9,0,-1,19,3,7,-1,0,0,0,0,0,0,1,1,-1,6,2,84,11,-1,-1,-1,-1,4,E01019013,0,2
2025501549961,2025,501549961,1,1,0,-1,19,7,3,-1,0,8,0,0,0,0,1,1,-1,6,1,49,8,-1,-1,-1,-1,4,E01018782,0,1
2025501549961,2025,501549961,2,9,0,-1,9,1,5,-1,0,8,0,0,0,0,3,1,-1,9,1,31,6,-1,-1,-1,-1,4,E01034850,0,1
2025501550126,2025,501550126,2,9,0,-1,19,7,3,-1,0,0,0,0,0,0,2,1,-1,2,1,62,9,-1,-1,-1,-1,10,E01020222,0,3
2025501550126,2025,501550126,1,9,0,-1,12,7,3,-1,0,0,0,0,0,0,1,1,-1,2,1,20,4,-1,-1,-1,-1,6,E01020231,0,3
2025501550182,2025,501550182,2,20,0,-1,5,6,8,-1,0,2,0,0,0,0,4,1,-1,1,1,50,8,-1,-1,-1,-1,4,E01015024,0,4
2025501550182,2025,501550182,1,9,0,-1,19,8,6,-1,-1,2,0,0,0,0,4,1,-1,9,2,44,7,-1,-1,-1,-1,2,E01020015,0,1
2025501550199,2025,501550199,2,3,0,-1,19,3,7,-1,0,8,0,0,0,0,1,1,-1,6,1,26,6,-1,-1,-1,-1,4,E01018950,0,1
2025501550199,2025,501550199,1,19,0,-1,9,7,5,-1,0,8,0,0,0,0,1,1,-1,1,1,67,10,-1,-1,-1,-1,6,E01018798,0,4
2025501550486,2025,501550486,1,9,0,-1,19,5,1,-1,0,8,0,0,3,0,3,1,-1,9,2,86,11,-1,-1,-1,-1,7,E01020263,0,2
2025501550486,2025,501550486,2,9,0,-1,19,3,7,-1,0,8,0,0,7,0,1,1,-1,9,2,53,8,-1,-1,-1,-1,5,E01020076,0,2
2025501550574,2025,501550574,2,9,0,-1,19,2,8,-1,0,8,0,0,0,0,1,1,-1,2,1,47,8,-1,-1,-1,-1,7,E01020214,0,1
2025501550574,2025,501550574,1,9,0,-1,19,6,2,-1,0,8,0,0,0,0,1,1,-1,6,2,33,6,-1,-1,-1,-1,9,E01020215,0,1
2025501550650,2025,501550650,1,3,0,-1,19,1,5,-1,0,3,1,0,0,0,0,1,-1,7,1,18,4,-1,-1,-1,-1,5,E01020332,0,1
2025501550702,2025,501550702,1,9,0,-1,19,2,6,-1,0,0,2,0,8,4,4,1,-1,6,2,88,11,-1,-1,-1,-1,6,E01018752,0,2
2025501550790,2025,501550790,2,9,0,-1,19,5,1,-1,0,0,0,0,0,0,0,1,-1,9,2,45,7,-1,-1,-1,-1,3,E01015206,0,1
2025501550790,2025,501550790,1,19,0,-1,19,5,1,-1,0,0,0,0,0,0,0,9,-1,1,1,36,7,-1,-1,-1,-1,1,E01015214,0,1
2025501550791,2025,501550791,1,9,0,-1,19,3,7,-1,0,0,5,0,1,2,1,1,-1,9,1,76,11,-1,-1,-1,-1,7,E01020176,0,1
2025501550823,2025,501550823,2,9,0,-1,2,0,0,-1,0,0,0,0,0,0,2,1,-1,6,1,55,8,-1,-1,-1,-1,6,E01018985,0,1
2025501550823,2025,501550823,1,9,0,-1,5,5,1,-1,0,0,0,0,0,0,2,1,-1,6,2,70,10,-1,-1,-1,-1,3,E01019009,0,1
2025501550895,2025,501550895,1,19,4,-1,19,1,5,-1,0,0,5,0,0,0,1,1,-1,2,1,30,6,-1,-1,-1,-1,4,E01018843,0,1
2025501551008,2025,501551008,2,1,0,-1,19,7,3,-1,0,0,0,0,0,0,3,1,-1,6,1,68,10,-1,-1,-1,-1,2,E01015194,0,1
2025501551008,2025,501551008,1,19,0,-1,19,3,7,-1,0,0,0,0,0,0,3,1,-1,6,1,73,10,-1,-1,-1,-1,7,E01015226,0,1
2025501551076,2025,501551076,1,9,0,-1,19,4,8,-1,0,0,1,0,7,10,4,1,-1,2,2,19,4,-1,-1,-1,-1,6,E01020221,0,3
2025501551107,2025,501551107,3,21,0,-1,19,2,6,-1,0,0,0,0,0,0,3,1,-1,2,1,65,9,-1,-1,-1,-1,7,E01020063,0,4
2025501551107,2025,501551107,1,9,0,-1,19,6,2,-1,0,0,0,10,2,0,4,1,-1,6,1,52,8,-1,-1,-1,-1,7,E01020193,0,2
2025501551107,2025,501551107,2,9,0,-1,3,2,6,-1,0,0,0,0,0,0,3,1,-1,2,1,49,8,-1,-1,-1,-1,8,E01015141,0,4
2025501551156,2025,501551156,2,9,0,-1,3,8,4,-1,0,0,0,0,0,0,2,1,-1,1,2,47,8,-1,-1,-1,-1,5,E01020339,0,2
2025501551156,2025,501551156,1,9,0,-1,19,8,4,-1,0,0,5,0,0,0,1,1,-1,2,2,20,4,-1,-1,-1,-1,4,E01020289,0,4
2025501551282,2025,501551282,1,4,0,-1,7,1,7,-1,0,3,1,0,0,0,4,1,-1,9,1,64,9,-1,-1,-1,-1,6,E01018986,0,4
2025501551291,2025,501551291,1,19,0,-1,19,2,6,-1,0,5,0,0,3,1,3,1,-1,1,1,41,7,-1,-1,-1,-1,10,E01019999,0,4
2025501551291,2025,501551291,2,9,0,-1,19,8,4,-1,0,2,0,0,3,1,4,1,-1,6,1,73,10,-1,-1,-1,-1,4,E01018943,0,2
2025501551421,2025,501551421,1,9,0,-1,19,5,1,-1,0,0,0,0,0,0,1,1,-1,6,2,29,6,-1,-1,-1,-1,6,E01019928,0,4
2025501551421,2025,501551421,2,9,0,-1,19,5,1,-1,0,0,0,0,0,0,2,1,-1,6,2,31,6,-1,-1,-1,-1,9,E01020042,0,3
2025501551451,2025,501551451,1,9,0,-1,4,6,2,-1,0,0,0,0,0,0,1,1,-1,9,1,88,11,-1,-1,-1,-1,6,E01020246,0,1
2025501551451,2025,501551451,2,9,0,-1,4,6,2,-1,0,0,0,0,0,0,2,1,-1,9,1,50,8,-1,-1,-1,-1,2,E01020211,0,1
2025501551731,2025,501551731,2,9,0,-1,19,6,2,-1,0,0,0,0,0,0,3,1,-1,9,2,55,8,-1,-1,-1,-1,6,E01018753,0,1
2025501551731,2025,501551731,1,9,0,-1,19,2,6,-1,0,0,0,0,1,11,1,1,-1,9,1,79,11,-1,-1,-1,-1,6,E01018755,0,1
2025501551751,2025,501551751,2,9,0,-1,19,5,1,-1,0,1,0,0,0,0,1,1,-1,6,2,89,11,-1,-1,-1,-1,3,E01015228,0,1
2025501551751,2025,501551751,1,19,0,-1,1,7,5,-1,0,6,0,0,0,0,2,1,-1,6,3,-1,-1,-1,-1,-1,-1,-1,-1,0,-1
2025501551774,2025,501551774,1,9,0,-1,9,1,7,-1,0,1,0,0,0,0,1,1,-1,2,2,26,6,-1,-1,-1,-1,6,E01019933,0,1
2025501551774,2025,501551774,2,2,0,-1,13,1,5,-1,0,1,0,0,0,0,4,1,-1,2,1,20,4,-1,-1,-1,-1,5,E01020083,0,4
2025501551777,2025,501551777,1,5,0,-1,19,3,7,-1,0,8,0,0,0,0,1,1,-1,6,1,52,8,-1,-1,-1,-1,1,E01015047,0,1
2025501551777,2025,501551777,2,9,0,-1,5,1,7,-1,0,6,0,0,0,0,4,1,-1,6,1,67,10,-1,-1,-1,-1,1,E01015048,0,1
2025501551853,2025,501551853,1,19,0,-1,-1,-1,-1,-1,-1,-1,-1,-1,-1,0,-1,1,-1,6,3,-1,-1,-1,-1,-1,-1,-1,-1,0,-1
2025501551930,2025,501551930,2,9,0,-1,9,4,1,-1,0,8,0,0,0,0,1,1,-1,9,2,58,9,-1,-1,-1,-1,9,E01020146,0,2
2025501551930,2025,501551930,1,9,0,-1,19,7,4,-1,0,8,0,0,0,0,1,1,-1,9,2,18,4,-1,-1,-1,-1,10,E01015131,0,1
2025501551977,2025,501551977,3,9,0,-1,4,5,1,-1,0,0,0,0,0,0,2,1,-1,7,2,50,8,-1,-1,-1,-1,9,E01019965,0,1
2025501551977,2025,501551977,2,9,0,-1,19,5,1,-1,0,0,0,0,0,0,2,1,-1,6,2,35,6,-1,-1,-1,-1,3,E01019914,0,1
2025501551977,2025,501551977,1,19,0,-1,19,5,1,-1,0,0,0,0,0,0,1,1,-1,6,1,73,10,-1,-1,-1,-1,5,E01015587,0,5
2025501552070,2025,501552070,2,1,0,-1,19,1,5,-1,0,1,0,0,0,0,1,1,-1,9,1,37,7,-1,-1,-1,-1,10,E01019909,0,1
2025501552070,2025,501552070,1,9,0,-1,9,5,3,-1,0,5,0,0,0,0,1,1,-1,9,2,84,11,-1,-1,-1,-1,9,E01019907,0,1
2025501552071,2025,501552071,1,9,0,-1,15,3,7,-1,0,0,0,0,0,0,1,1,-1,6,1,21,5,-1,-1,-1,-1,3,E01018993,0,2
2025501552071,2025,501552071,2,9,0,-1,19,7,3,-1,0,0,0,0,0,0,1,1,-1,6,1,54,8,-1,-1,-1,-1,3,E01033862,0,5
2025501552109,2025,501552109,1,9,0,-1,9,4,8,-1,0,5,0,0,0,0,1,1,-1,9,1,69,10,-1,-1,-1,-1,1,E01015266,0,1
2025501552110,2025,501552110,2,1,0,-1,19,2,7,-1,0,1,1,0,0,0,3,1,-1,2,1,46,8,-1,-1,-1,-1,6,E01020160,0,2
2025501552110,2025,501552110,1,9,0,-1,9,5,2,-1,0,6,0,0,0,0,0,1,-1,6,3,-1,-1,-1,-1,-1,-1,-1,-1,0,-1
2025501552175,2025,501552175,1,9,0,-1,19,1,5,-1,0,0,5,0,7,10,1,1,-1,6,2,18,4,-1,-1,-1,-1,6,E01020187,0,2
2025501552186,2025,501552186,2,9,0,-1,2,0,0,-1,0,0,0,0,0,0,3,1,-1,6,-1,-1,-1,-1,-1,-1,-1,-1,-1,0,-1
2025501552186,2025,501552186,1,9,0,-1,19,4,8,-1,0,0,0,4,0,0,4,1,-1,7,2,47,8,-1,-1,-1,-1,5,E01015079,0,1
2025501552239,2025,501552239,2,9,0,-1,10,2,6,-1,0,0,0,0,7,0,2,2,-1,9,2,20,4,-1,-1,-1,-1,2,E01015216,0,5
2025501552239,2025,501552239,1,9,0,-1,19,2,6,-1,0,0,1,0,0,0,1,2,-1,9,2,19,4,-1,-1,-1,-1,6,E01018804,0,4
2025501552306,2025,501552306,1,9,0,-1,1,8,4,-1,-1,0,0,0,0,0,2,1,-1,6,-1,51,8,-1,-1,-1,-1,4,E01019007,0,4
2025501552396,2025,501552396,1,9,0,-1,19,1,5,-1,0,0,1,0,1,3,1,1,-1,9,1,20,4,-1,-1,-1,-1,8,E01018859,0,3
2025501552403,2025,501552403,2,5,0,-1,4,2,6,-1,0,0,0,0,0,0,1,1,-1,2,1,33,6,-1,-1,-1,-1,1,E01015026,0,2
2025501552403,2025,501552403,1,9,0,-1,1,6,4,-1,0,0,0,0,0,0,3,1,-1,6,1,76,11,-1,-1,-1,-1,6,E01015132,0,1
2025501552452,2025,501552452,1,9,0,-1,19,1,5,-1,0,0,1,0,1,9,1,1,-1,9,1,29,6,-1,-1,-1,-1,3,E01034864,0,4
2025501552504,2025,501552504,1,9,0,-1,4,6,2,-1,0,0,0,0,0,0,3,1,-1,6,1,65,9,-1,-1,-1,-1,6,E01020143,0,1
2025501552504,2025,501552504,2,19,0,-1,19,2,6,-1,0,0,1,0,0,0,3,1,-1,6,1,32,6,-1,-1,-1,-1,8,E01020421,0,5
2025501552514,2025,501552514,1,9,0,-1,5,1,5,-1,0,8,0,0,0,0,3,1,-1,2,1,60,9,-1,-1,-1,-1,3,E01018993,0,1
2025501552514,2025,501552514,2,9,0,-1,19,7,3,-1,0,8,0,0,0,0,1,1,-1,9,1,82,11,-1,-1,-1,-1,3,E01018993,0,1
2025501552575,2025,501552575,1,9,0,-1,19,2,6,-1,0,4,0,0,1,4,1,1,-1,9,2,27,6,-1,-1,-1,-1,9,E01033234,0,1
2025501552575,2025,501552575,2,9,0,-1,19,1,5,-1,0,3,0,0,7,1,4,1,-1,9,1,73,10,-1,-1,-1,-1,4,E01020012,0,1
2025501552585,2025,501552585,2,1,0,-1,19,3,7,-1,0,8,0,0,0,0,2,1,-1,2,2,41,7,-1,-1,-1,-1,5,E01020088,0,1
2025501552585,2025,501552585,1,9,0,-1,19,4,8,-1,0,4,0,0,0,0,1,1,-1,2,1,37,7,-1,-1,-1,-1,1,E01020103,0,1
2025501552616,2025,501552616,1,9,0,-1,9,7,4,-1,0,8,0,0,0,0,1,1,-1,6,1,44,7,-1,-1,-1,-1,5,E01018972,0,1
2025501552685,2025,501552685,2,9,0,-1,2,2,6,-1,0,0,1,0,0,0,2,1,-1,1,1,59,9,-1,-1,-1,-1,9,E01020236,0,1
2025501552685,2025,501552685,1,9,0,-1,19,2,6,-1,0,0,1,11,0,0,1,1,-1,1,1,56,9,-1,-1,-1,-1,8,E01015114,0,4
2025501552713,2025,501552713,1,19,0,-1,13,7,3,-1,0,1,0,0,0,0,1,1,-1,2,1,22,5,-1,-1,-1,-1,4,E01018777,0,2
2025501552713,2025,501552713,2,9,0,-1,7,5,7,-1,0,8,0,0,0,0,1,1,-1,6,1,49,8,-1,-1,-1,-1,1,E01018767,0,1
2025501552716,2025,501552716,2,9,0,-1,3,6,2,-1,0,0,0,0,0,0,2,1,-1,9,1,62,9,-1,-1,-1,-1,5,E01029261,0,3
2025501552716,2025,501552716,1,9,0,-1,19,6,2,-1,0,0,0,0,0,0,1,1,-1,9,2,66,10,-1,-1,-1,-1,2,E01002669,0,5
2025501552842,2025,501552842,1,9,0,-1,19,5,1,-1,0,0,5,0,1,10,4,1,-1,2,2,30,6,-1,-1,-1,-1,6,E01020152,0,3
2025501552846,2025,501552846,1,9,0,-1,19,5,1,-1,0,1,0,0,0,0,4,1,-1,2,1,39,7,-1,-1,-1,-1,2,E01015242,0,1
2025501552946,2025,501552946,1,23,0,-1,19,3,7,-1,0,1,0,0,0,0,1,1,-1,6,1,20,4,-1,-1,-1,-1,3,E01018893,0,1
2025501552946,2025,501552946,2,9,0,-1,9,5,3,-1,0,8,0,0,0,0,1,1,-1,6,2,58,9,-1,-1,-1,-1,4,E01018908,0,1
2025501552976,2025,501552976,2,9,0,-1,19,6,2,-1,0,0,1,0,0,0,1,1,-1,6,3,-1,-1,-1,-1,-1,-1,-1,-1,0,-1
2025501552976,2025,501552976,1,9,0,-1,19,2,6,-1,0,0,0,0,1,0,3,1,-1,6,1,83,11,-1,-1,-1,-1,4,E01020320,0,1
2025501553220,2025,501553220,1,9,0,-1,7,3,5,-1,0,6,0,0,0,0,3,1,-1,6,2,33,6,-1,-1,-1,-1,1,E01015040,0,1
2025501553220,2025,501553220,2,3,0,-1,19,1,5,-1,0,8,0,0,0,0,4,1,-1,6,1,32,6,-1,-1,-1,-1,2,E01015176,0,1
2025501553526,2025,501553526,1,9,0,-1,19,2,6,-1,0,0,0,0,0,0,1,1,-1,6,2,22,5,-1,-1,-1,-1,8,E01020102,0,1
2025501553733,2025,501553733,1,19,0,-1,19,6,2,-1,0,1,0,0,1,1,1,1,-1,1,1,61,9,-1,-1,-1,-1,7,E01034624,0,1
2025501553740,2025,501553740,1,8,0,-1,6,3,3,-1,0,1,0,0,0,0,1,9,-1,1,1,48,8,-1,-1,-1,-1,1,E01015044,0,1
2025501553807,2025,501553807,1,9,0,-1,19,3,7,-1,0,0,0,0,0,0,3,1,-1,9,1,59,9,-1,-1,-1,-1,3,E01020228,0,1
2025501553818,2025,501553818,1,9,0,-1,19,8,4,-1,0,0,0,0,0,0,1,1,-1,1,1,44,7,-1,-1,-1,-1,2,E01020015,0,3
2025501553818,2025,501553818,2,19,0,-1,19,6,2,-1,0,0,0,0,0,0,1,1,-1,2,2,33,6,-1,-1,-1,-1,9,E01020058,0,1
2025501553912,2025,501553912,2,9,0,-1,3,1,5,-1,0,1,0,0,0,0,2,9,-1,6,1,61,9,-1,-1,-1,-1,4,E01018863,0,1
2025501553912,2025,501553912,1,9,0,-1,19,1,5,-1,0,1,1,0,0,0,1,9,-1,6,2,32,6,-1,-1,-1,-1,4,E01018863,0,1
2025501553926,2025,501553926,1,19,0,-1,1,1,5,-1,0,0,0,0,0,0,2,1,-1,1,1,56,9,-1,-1,-1,-1,7,E01022345,0,5
2025501553963,2025,501553963,2,1,0,-1,19,1,5,-1,0,1,0,0,0,0,1,1,-1,2,2,23,5,-1,-1,-1,-1,8,E01020008,0,1
2025501553963,2025,501553963,1,9,0,-1,7,1,3,-1,0,5,0,0,0,0,2,1,-1,6,2,48,8,-1,-1,-1,-1,7,E01034622,0,1
2025501554074,2025,501554074,2,9,0,-1,19,5,1,-1,0,0,0,0,1,0,1,1,-1,1,1,64,9,-1,-1,-1,-1,5,E01018959,0,4
2025501554074,2025,501554074,1,19,0,-1,5,7,5,-1,0,0,0,0,0,0,3,1,-1,9,1,61,9,-1,-1,-1,-1,5,E01019065,0,2
2025501554084,2025,501554084,2,19,0,-1,19,2,6,-1,0,0,0,0,0,0,1,1,-1,6,1,59,9,-1,-1,-1,-1,4,E01018760,0,2
2025501554084,2025,501554084,1,9,0,-1,19,6,2,-1,0,0,0,0,0,0,1,1,-1,6,1,58,9,-1,-1,-1,-1,4,E01018762,0,1
2025501554092,2025,501554092,1,8,0,-1,9,7,5,-1,0,8,0,0,0,0,1,1,-1,1,1,44,7,-1,-1,-1,-1,6,E01034625,0,2
2025501554096,2025,501554096,2,9,0,-1,19,7,3,-1,0,0,0,0,0,0,2,1,-1,9,2,-1,-1,-1,-1,-1,-1,-1,-1,0,-1
2025501554096,2025,501554096,1,3,0,-1,13,7,3,-1,0,0,0,0,0,0,1,1,-1,9,1,17,4,-1,-1,-1,-1,10,E01020144,0,1
2025501554221,2025,501554221,3,11,0,-1,7,4,6,-1,0,5,0,0,0,0,0,1,-1,1,-1,-1,-1,-1,-1,-1,-1,-1,-1,0,-1
2025501554221,2025,501554221,1,9,0,-1,5,6,8,-1,0,6,0,0,0,0,3,9,-1,6,1,35,6,-1,-1,-1,-1,5,E01020077,0,4
2025501554221,2025,501554221,2,5,0,-1,19,4,8,-1,0,1,0,0,0,0,1,1,-1,6,1,21,5,-1,-1,-1,-1,9,E01019911,0,1
2025501554237,2025,501554237,2,1,0,-1,19,6,2,-1,0,0,5,0,0,0,1,1,-1,6,1,43,7,-1,-1,-1,-1,6,E01020006,0,3
2025501554237,2025,501554237,1,9,0,-1,19,6,2,-1,0,0,0,0,0,0,2,1,-1,6,3,-1,-1,-1,-1,-1,-1,-1,-1,0,-1
2025501554392,2025,501554392,1,9,0,-1,19,1,5,-1,0,1,0,0,0,0,1,1,-1,6,3,-1,-1,-1,-1,-1,-1,-1,-1,0,-1
2025501554413,2025,501554413,2,19,0,-1,2,0,0,-1,0,0,0,0,0,0,0,1,-1,1,1,23,5,-1,-1,-1,-1,6,E01020188,0,3
2025501554413,2025,501554413,1,9,0,-1,14,4,8,-1,0,0,0,0,0,0,4,1,-1,6,-1,-1,-1,-1,-1,-1,-1,-1,-1,0,-1
2025501554473,2025,501554473,2,20,0,-1,9,1,7,-1,0,8,0,0,0,0,3,1,-1,1,1,20,4,-1,-1,-1,-1,10,E01020144,0,1
2025501554473,2025,501554473,1,3,0,-1,13,1,5,-1,0,8,5,0,7,0,3,1,-1,6,1,19,4,-1,-1,-1,-1,4,E01015164,0,1
2025501554492,2025,501554492,1,9,0,-1,19,7,3,-1,-1,0,0,0,7,4,1,1,-1,9,2,73,10,-1,-1,-1,-1,6,E01034625,0,1
2025501554503,2025,501554503,3,9,0,-1,2,0,0,-1,9,2,0,0,0,0,2,1,-1,6,-1,-1,-1,-1,-1,-1,-1,-1,-1,0,-1
2025501554503,2025,501554503,1,9,0,-1,19,3,7,-1,0,2,0,4,2,0,4,1,-1,9,1,21,5,-1,-1,-1,-1,1,E01015145,0,4
2025501554503,2025,501554503,2,9,0,-1,2,0,0,-1,9,2,1,0,1,0,3,1,-1,6,-1,-1,-1,-1,-1,-1,-1,-1,-1,0,-1
2025501554515,2025,501554515,2,9,0,-1,19,6,2,-1,0,0,0,0,0,0,1,1,-1,9,1,45,7,-1,-1,-1,-1,4,E01020048,0,3
2025501554515,2025,501554515,1,9,0,-1,19,2,6,-1,0,0,0,0,7,4,4,1,-1,2,1,44,7,-1,-1,-1,-1,2,E01019990,0,3
2025501554533,2025,501554533,2,9,0,-1,19,3,7,-1,0,0,2,10,1,1,1,1,-1,6,1,19,4,-1,-1,-1,-1,6,E01020329,0,1
2025501554533,2025,501554533,1,9,0,-1,13,3,7,-1,0,0,2,10,1,2,1,1,-1,6,1,28,6,-1,-1,-1,-1,2,E01015242,0,4
2025501554661,2025,501554661,1,3,0,-1,19,4,8,-1,0,0,1,0,0,0,1,1,-1,6,1,18,4,-1,-1,-1,-1,2,E01033292,0,3
2025501554675,2025,501554675,1,9,0,-1,5,6,2,-1,0,1,0,0,0,0,4,1,-1,9,2,32,6,-1,-1,-1,-1,10,E01015208,0,1
2025501554675,2025,501554675,2,-1,0,-1,19,8,4,-1,9,1,0,0,0,0,1,1,-1,6,1,11,3,-1,-1,-1,-1,2,E01015242,1,1
2025501554695,2025,501554695,1,9,0,-1,19,2,6,-1,0,0,0,4,0,0,1,1,-1,6,1,21,5,-1,-1,-1,-1,5,E01008643,0,5
2025501554695,2025,501554695,5,98,0,-1,2,0,0,-1,0,0,0,0,0,0,3,1,-1,6,-1,-1,-1,-1,-1,-1,-1,-1,-1,0,-1
2025501554695,2025,501554695,4,9,0,-1,2,0,0,-1,0,0,0,0,0,0,2,1,-1,6,-1,-1,-1,-1,-1,-1,-1,-1,-1,0,-1
2025501554695,2025,501554695,3,9,0,-1,2,0,0,-1,0,0,0,0,0,0,4,1,-1,6,-1,-1,-1,-1,-1,-1,-1,-1,-1,0,-1
2025501554695,2025,501554695,2,9,0,-1,2,0,0,-1,0,0,0,0,0,0,4,1,-1,6,-1,-1,-1,-1,-1,-1,-1,-1,-1,0,-1
2025501554727,2025,501554727,2,3,0,-1,19,3,7,-1,0,1,0,0,0,0,1,1,-1,6,1,39,7,-1,-1,-1,-1,3,E01015166,0,1
2025501554727,2025,501554727,1,9,0,-1,9,7,5,-1,0,1,0,0,0,0,4,1,-1,6,2,22,5,-1,-1,-1,-1,4,E01015024,0,1
2025501554736,2025,501554736,2,19,0,-1,13,2,6,-1,0,1,0,0,7,11,1,1,-1,2,1,54,8,-1,-1,-1,-1,6,E01020221,0,4
2025501554736,2025,501554736,1,9,0,-1,9,2,1,-1,0,1,0,0,7,0,3,1,-1,9,2,57,9,-1,-1,-1,-1,6,E01021034,0,5
2025501554848,2025,501554848,1,9,0,-1,19,7,3,-1,0,2,0,0,0,0,4,1,-1,2,1,18,4,-1,-1,-1,-1,8,E01019976,0,1
2025501554848,2025,501554848,2,1,0,-1,19,3,7,-1,0,2,0,0,0,0,1,1,-1,6,1,60,9,-1,-1,-1,-1,5,E01020030,0,1
2025501554868,2025,501554868,2,5,0,-1,3,8,6,-1,0,8,0,0,0,0,2,1,-1,9,1,71,10,-1,-1,-1,-1,6,E01020326,0,4
2025501554868,2025,501554868,1,9,0,-1,19,8,4,-1,0,1,0,0,0,0,1,1,-1,9,1,19,4,-1,-1,-1,-1,5,E01018938,0,4