collision_index,collision_year,collision_ref_no,vehicle_reference,vehicle_type,towing_and_articulation,vehicle_manoeuvre_historic,vehicle_manoeuvre,vehicle_direction_from,vehicle_direction_to,vehicle_location_restricted_lane_historic,vehicle_location_restricted_lane,junction_location,skidding_and_overturning,hit_object_in_carriageway,vehicle_leaving_carriageway,hit_object_off_carriageway,first_point_of_impact,vehicle_left_hand_drive,journey_purpose_of_driver_historic,journey_purpose_of_driver,sex_of_driver,age_of_driver,age_band_of_driver,engine_capacity_cc,propulsion_code,age_of_vehicle,generic_make_model,driver_imd_decile,lsoa_of_driver,escooter_flag,driver_distance_banding
2025501575975,2025,501575975,2,9,0,-1,3,1,5,-1,0,1,0,0,0,0,2,1,-1,2,1,26,6,-1,-1,-1,-1,7,E01019920,0,3
2025501576026,2025,501576026,1,9,0,-1,19,1,5,-1,0,0,1,0,7,0,3,1,-1,9,1,57,9,-1,-1,-1,-1,8,E01019915,0,1
2025501576026,2025,501576026,2,9,0,-1,19,5,1,-1,0,0,0,0,0,0,1,1,-1,9,1,65,9,-1,-1,-1,-1,7,E01034624,0,3
2025501576041,2025,501576041,1,4,0,-1,19,7,3,-1,0,0,5,0,0,0,1,1,-1,6,1,22,5,-1,-1,-1,-1,1,E01018767,0,2
2025501576041,2025,501576041,2,19,0,-1,19,7,3,-1,2,0,0,0,0,0,2,2,-1,6,1,28,6,-1,-1,-1,-1,7,E01015117,0,4
2025501576069,2025,501576069,1,9,0,-1,19,3,7,-1,0,0,0,0,0,0,1,2,-1,6,2,58,9,-1,-1,-1,-1,9,E01018822,0,3
2025501576236,2025,501576236,1,19,0,-1,19,5,1,-1,0,1,0,0,0,0,4,1,-1,6,2,50,8,-1,-1,-1,-1,5,E01020065,0,2
2025501576337,2025,501576337,1,9,0,-1,5,8,4,-1,0,0,0,0,0,0,1,1,-1,6,1,81,11,-1,-1,-1,-1,5,E01018890,0,1
2025501576457,2025,501576457,2,9,0,-1,19,7,3,-1,0,8,0,0,0,0,1,1,-1,6,1,40,7,-1,-1,-1,-1,2,E01018751,0,4
2025501576457,2025,501576457,1,9,0,-1,5,1,6,-1,0,6,0,0,0,0,1,1,-1,6,2,79,11,-1,-1,-1,-1,3,E01018873,0,1
2025501576503,2025,501576503,2,19,0,-1,19,5,7,-1,0,0,0,0,0,0,2,1,-1,9,1,36,7,-1,-1,-1,-1,5,E01034855,0,2
2025501576503,2025,501576503,1,5,0,-1,19,3,7,-1,0,0,0,0,0,0,1,1,-1,6,1,68,10,-1,-1,-1,-1,4,E01018909,0,4
2025501576520,2025,501576520,1,97,0,-1,19,1,5,-1,0,0,0,0,0,0,3,1,-1,6,3,-1,-1,-1,-1,-1,-1,-1,-1,0,-1
2025501576534,2025,501576534,1,19,0,-1,19,2,6,-1,0,0,0,0,0,0,1,1,-1,1,1,28,6,-1,-1,-1,-1,7,E01015264,0,3
2025501576534,2025,501576534,2,9,0,-1,19,2,6,-1,0,0,0,0,0,0,2,1,-1,1,1,61,9,-1,-1,-1,-1,5,E01022312,0,5
2025501576651,2025,501576651,2,9,0,-1,19,-1,-1,-1,0,0,0,0,0,0,1,1,-1,6,1,-1,-1,-1,-1,-1,-1,4,E01018894,0,3
2025501576651,2025,501576651,1,9,0,-1,4,-1,-1,-1,0,0,0,0,0,0,2,1,-1,2,2,30,6,-1,-1,-1,-1,4,E01018887,0,3
2025501576732,2025,501576732,1,9,0,-1,12,7,3,-1,0,4,0,0,0,0,1,1,-1,2,2,43,7,-1,-1,-1,-1,4,E01018980,0,1
2025501576732,2025,501576732,2,1,0,-1,4,7,3,-1,0,4,0,0,0,0,2,1,-1,6,1,52,8,-1,-1,-1,-1,4,E01018872,0,1
2025501576772,2025,501576772,2,19,0,-1,2,0,0,-1,0,0,0,0,0,0,1,1,-1,6,-1,-1,-1,-1,-1,-1,-1,-1,-1,0,-1
2025501576772,2025,501576772,1,5,0,-1,19,5,1,-1,0,0,1,0,0,0,4,1,-1,6,1,28,6,-1,-1,-1,-1,3,E01015060,0,1
2025501576804,2025,501576804,1,9,0,-1,4,4,8,-1,0,0,0,0,0,0,2,1,-1,9,1,28,6,-1,-1,-1,-1,4,E01033362,0,5
2025501576804,2025,501576804,2,3,0,-1,4,4,8,-1,0,0,1,0,0,0,1,1,-1,9,1,29,6,-1,-1,-1,-1,1,E01015231,0,2
2025501576856,2025,501576856,1,9,0,-1,19,8,4,-1,0,1,0,0,7,4,1,1,-1,6,1,63,9,-1,-1,-1,-1,1,E01015045,0,1
2025501576856,2025,501576856,2,9,0,-1,2,0,0,-1,9,2,0,0,0,0,1,1,-1,6,2,66,10,-1,-1,-1,-1,2,E01015072,0,1
2025501576900,2025,501576900,2,9,0,-1,19,3,7,-1,0,0,0,0,0,0,1,1,-1,2,2,43,7,-1,-1,-1,-1,1,E01015146,0,2
2025501576900,2025,501576900,1,9,0,-1,19,7,3,-1,0,0,0,0,0,0,1,1,-1,9,1,30,6,-1,-1,-1,-1,1,E01015058,0,1
2025501576930,2025,501576930,2,19,0,-1,19,-1,-1,-1,0,1,0,0,0,0,1,1,-1,6,1,41,7,-1,-1,-1,-1,8,E01034638,0,1
2025501576930,2025,501576930,1,9,0,-1,3,-1,-1,-1,0,1,0,0,0,0,2,1,-1,6,1,60,9,-1,-1,-1,-1,4,E01034641,0,3
2025501577017,2025,501577017,1,9,0,-1,7,6,8,-1,0,0,0,0,0,0,1,1,-1,6,1,41,7,-1,-1,-1,-1,4,E01018950,0,1
2025501577213,2025,501577213,3,9,0,-1,2,0,0,-1,0,2,0,0,0,0,2,1,-1,6,-1,-1,-1,-1,-1,-1,-1,-1,-1,0,-1
2025501577213,2025,501577213,2,9,0,-1,19,5,1,-1,0,1,0,0,0,0,4,1,-1,9,1,70,10,-1,-1,-1,-1,10,E01016552,0,5
2025501577213,2025,501577213,1,9,0,-1,19,7,3,-1,0,1,0,0,0,0,1,1,-1,9,2,63,9,-1,-1,-1,-1,1,E01015144,0,1
2025501577261,2025,501577261,1,9,0,-1,19,3,7,-1,0,0,5,0,1,7,1,1,-1,9,1,21,5,-1,-1,-1,-1,6,E01020175,0,4
2025501577550,2025,501577550,2,19,0,-1,19,2,6,-1,0,1,0,0,0,0,1,1,-1,9,1,67,10,-1,-1,-1,-1,6,E01018973,0,4
2025501577550,2025,501577550,3,9,0,-1,19,2,6,-1,0,1,1,0,0,0,3,1,-1,9,1,37,7,-1,-1,-1,-1,8,E01034863,0,4
2025501577550,2025,501577550,1,9,0,-1,11,2,6,-1,0,1,0,0,0,0,1,1,-1,6,2,56,9,-1,-1,-1,-1,9,W01000441,0,5
2025501577555,2025,501577555,1,8,0,-1,5,5,1,-1,0,2,0,0,0,0,4,1,-1,1,1,57,9,-1,-1,-1,-1,3,E01019028,0,1
2025501577555,2025,501577555,2,1,0,-1,19,3,7,-1,0,1,5,0,0,0,1,1,-1,6,1,39,7,-1,-1,-1,-1,3,E01019028,0,1
2025501577558,2025,501577558,1,19,0,-1,19,2,6,-1,0,1,0,0,0,0,1,1,-1,1,1,70,10,-1,-1,-1,-1,8,E01014386,0,4
2025501577558,2025,501577558,2,9,0,-1,10,2,8,-1,0,8,0,0,0,0,2,1,-1,9,1,42,7,-1,-1,-1,-1,5,E01002671,0,5
2025501577586,2025,501577586,2,9,0,-1,19,5,1,-1,0,1,0,0,0,0,1,1,-1,9,1,62,9,-1,-1,-1,-1,6,E01018957,0,1
2025501577586,2025,501577586,1,9,0,-1,9,7,5,-1,0,6,0,0,0,0,3,1,-1,9,1,67,10,-1,-1,-1,-1,4,E01018954,0,1
2025501577701,2025,501577701,1,9,0,-1,2,0,0,-1,0,0,0,0,0,0,3,9,-1,6,2,35,6,-1,-1,-1,-1,3,E01018993,0,1
2025501577800,2025,501577800,2,9,0,-1,3,1,5,-1,0,0,0,0,0,0,1,1,-1,2,1,36,7,-1,-1,-1,-1,2,E01020211,0,4
2025501577800,2025,501577800,1,9,0,-1,9,3,1,-1,0,0,0,0,0,0,1,1,-1,2,1,61,9,-1,-1,-1,-1,8,E01034636,0,1
2025501577861,2025,501577861,2,19,0,-1,9,1,7,-1,0,1,0,0,0,0,4,1,-1,1,1,44,7,-1,-1,-1,-1,5,E01018966,0,1
2025501577861,2025,501577861,1,5,0,-1,19,5,1,-1,0,1,1,0,0,0,1,1,-1,9,1,45,7,-1,-1,-1,-1,5,E01034847,0,1
2025501577868,2025,501577868,1,9,0,-1,19,7,3,-1,0,0,0,0,0,0,1,1,-1,6,2,41,7,-1,-1,-1,-1,5,E01019073,0,1
2025501577901,2025,501577901,1,9,0,-1,9,7,3,-1,0,1,0,0,0,0,3,1,-1,6,2,77,11,-1,-1,-1,-1,6,E01019044,0,1
2025501577901,2025,501577901,2,3,0,-1,19,4,8,-1,0,1,0,0,0,0,1,1,-1,6,1,46,8,-1,-1,-1,-1,4,E01019042,0,1
2025501577924,2025,501577924,2,9,0,-1,19,5,1,-1,0,1,0,0,0,0,1,1,-1,6,1,54,8,-1,-1,-1,-1,9,E01020089,0,3
2025501577924,2025,501577924,1,9,0,-1,9,7,5,-1,0,6,0,0,0,0,1,1,-1,6,1,47,8,-1,-1,-1,-1,5,E01020278,0,1
2025501577960,2025,501577960,2,9,0,-1,19,2,6,-1,0,1,0,0,0,0,1,1,-1,9,2,51,8,-1,-1,-1,-1,7,E01020318,0,1
2025501577960,2025,501577960,1,9,0,-1,5,8,4,-1,0,6,0,0,0,0,1,1,-1,9,1,67,10,-1,-1,-1,-1,5,E01020324,0,4
2025501578034,2025,501578034,1,19,0,-1,19,7,3,-1,0,0,2,0,0,0,1,1,-1,9,1,29,6,-1,-1,-1,-1,1,E01015217,0,2
2025501578059,2025,501578059,2,19,0,-1,19,5,1,-1,0,0,0,0,0,0,2,1,-1,2,2,35,6,-1,-1,-1,-1,9,E01033234,0,3
2025501578059,2025,501578059,1,9,0,-1,19,5,1,-1,0,0,9,0,0,0,1,1,-1,6,2,40,7,-1,-1,-1,-1,7,E01020244,0,2
2025501578059,2025,501578059,3,9,0,-1,19,5,1,-1,0,0,9,0,0,0,1,1,-1,6,1,56,9,-1,-1,-1,-1,5,E01020462,0,4
2025501578261,2025,501578261,1,9,0,-1,4,4,8,-1,0,1,0,0,0,0,2,1,-1,9,2,37,7,-1,-1,-1,-1,-1,-1,0,-1
2025501578261,2025,501578261,2,9,0,-1,4,4,8,-1,0,1,0,0,0,0,1,1,-1,9,2,56,9,-1,-1,-1,-1,2,E01015182,0,1
2025501578343,2025,501578343,1,1,0,-1,19,1,5,-1,9,0,0,0,3,10,1,1,-1,6,1,20,4,-1,-1,-1,-1,5,E01019994,0,1
2025501578393,2025,501578393,3,9,0,-1,19,1,5,-1,0,1,0,0,0,0,1,1,-1,6,2,19,4,-1,-1,-1,-1,8,E01018899,0,1
2025501578393,2025,501578393,1,9,0,-1,4,1,5,-1,0,1,0,0,0,0,0,1,-1,6,3,-1,-1,-1,-1,-1,-1,-1,-1,0,-1
2025501578393,2025,501578393,2,9,0,-1,19,1,5,-1,0,1,0,0,0,0,2,1,-1,6,1,57,9,-1,-1,-1,-1,10,-1,0,5
2025501578415,2025,501578415,3,9,0,-1,19,5,1,-1,0,8,0,0,0,0,1,1,-1,6,1,39,7,-1,-1,-1,-1,3,E01018766,0,4
2025501578415,2025,501578415,2,9,0,-1,19,1,5,-1,0,1,0,0,0,0,4,1,-1,6,1,76,11,-1,-1,-1,-1,7,E01018901,0,3
2025501578415,2025,501578415,1,9,0,-1,9,5,3,-1,0,1,0,0,0,0,1,1,-1,2,2,35,6,-1,-1,-1,-1,4,E01018815,0,1
2025501578436,2025,501578436,1,9,0,-1,19,7,3,-1,0,0,5,0,1,0,4,1,-1,9,2,43,7,-1,-1,-1,-1,4,E01018880,0,5
2025501578445,2025,501578445,1,9,0,-1,19,1,5,-1,0,0,5,0,2,10,3,1,-1,9,2,64,9,-1,-1,-1,-1,6,E01020175,0,1
2025501578455,2025,501578455,2,3,0,-1,3,3,7,-1,0,0,0,0,0,0,1,1,-1,1,1,36,7,-1,-1,-1,-1,4,E01015071,0,1
2025501578455,2025,501578455,1,9,0,-1,1,3,7,-1,0,0,0,0,0,0,2,1,-1,2,1,46,8,-1,-1,-1,-1,3,E01005478,0,5
2025501578528,2025,501578528,1,9,0,-1,9,7,3,-1,0,8,0,0,0,0,1,1,-1,2,2,45,7,-1,-1,-1,-1,6,E01019021,0,4
2025501578631,2025,501578631,2,1,0,-1,14,5,1,-1,0,0,0,0,0,0,3,1,-1,6,1,75,10,-1,-1,-1,-1,2,E01015259,0,1
2025501578631,2025,501578631,3,11,0,-1,19,5,1,-1,0,0,0,0,0,0,0,9,-1,1,3,-1,-1,-1,-1,-1,-1,-1,-1,0,-1
2025501578631,2025,501578631,1,99,0,-1,13,5,1,-1,0,0,0,0,0,0,4,9,-1,6,3,-1,-1,-1,-1,-1,-1,-1,-1,0,-1
2025501578712,2025,501578712,2,9,0,-1,2,0,0,-1,0,2,0,0,0,0,2,1,-1,6,-1,-1,-1,-1,-1,-1,-1,-1,-1,0,-1
2025501578712,2025,501578712,1,9,0,-1,19,8,4,-1,0,2,0,4,0,0,3,1,-1,6,2,43,7,-1,-1,-1,-1,2,E01014515,0,5
2025501578712,2025,501578712,3,9,0,-1,2,0,0,-1,0,2,0,0,0,0,3,1,-1,6,-1,-1,-1,-1,-1,-1,-1,-1,-1,0,-1
2025501578794,2025,501578794,2,9,0,-1,19,3,7,-1,0,8,0,0,0,0,1,1,-1,6,1,52,8,-1,-1,-1,-1,10,E01019963,0,1
2025501578794,2025,501578794,1,9,0,-1,9,7,3,-1,0,8,0,0,0,0,1,1,-1,6,2,22,5,-1,-1,-1,-1,3,E01019914,0,1
2025501578804,2025,501578804,1,9,0,-1,19,2,5,-1,0,0,0,0,0,0,3,1,-1,9,1,35,6,-1,-1,-1,-1,3,E01034166,0,1
2025501578804,2025,501578804,2,9,0,-1,19,5,2,-1,0,0,0,0,0,0,3,1,-1,6,1,31,6,-1,-1,-1,-1,5,E01020235,0,1
2025501578836,2025,501578836,1,9,0,-1,19,3,7,-1,0,0,1,10,1,4,1,1,-1,9,2,18,4,-1,-1,-1,-1,6,E01029269,0,4
2025501578855,2025,501578855,3,9,0,-1,19,3,7,-1,0,2,0,0,0,0,1,1,-1,6,2,47,8,-1,-1,-1,-1,1,E01020094,0,2
2025501578855,2025,501578855,1,4,0,-1,19,7,3,-1,0,1,0,0,0,0,1,1,-1,2,1,25,5,-1,-1,-1,-1,7,E01020085,0,1
2025501578855,2025,501578855,2,9,0,-1,19,7,3,-1,0,1,0,0,0,0,2,1,-1,2,1,33,6,-1,-1,-1,-1,9,W01001417,0,4
2025501578867,2025,501578867,2,9,0,-1,20,1,5,-1,0,0,0,0,0,0,1,1,-1,9,1,28,6,-1,-1,-1,-1,8,W01001420,0,5
2025501578867,2025,501578867,1,3,0,-1,4,5,1,-1,0,0,1,4,0,0,1,1,-1,9,1,21,5,-1,-1,-1,-1,3,E01019070,0,2
2025501578867,2025,501578867,3,9,0,-1,2,0,0,-1,9,0,0,0,0,0,4,1,-1,9,1,24,5,-1,-1,-1,-1,4,E01019038,0,2
2025501578881,2025,501578881,1,9,0,-1,12,6,2,-1,0,0,0,0,0,0,1,1,-1,9,1,50,8,-1,-1,-1,-1,5,E01004591,0,5
2025501578881,2025,501578881,2,9,0,-1,19,2,6,-1,0,0,0,0,0,0,1,1,-1,2,1,62,9,-1,-1,-1,-1,1,E01015040,0,4
2025501578909,2025,501578909,1,9,0,-1,19,5,1,-1,0,0,5,0,7,4,1,1,-1,6,1,77,11,-1,-1,-1,-1,4,E01018941,0,1
2025501579031,2025,501579031,2,9,0,-1,19,1,5,-1,0,2,1,0,0,0,1,1,-1,2,1,29,6,-1,-1,-1,-1,8,E01020306,0,4
2025501579031,2025,501579031,1,9,0,-1,19,5,1,-1,0,1,0,0,0,0,1,1,-1,1,2,44,7,-1,-1,-1,-1,3,E01018925,0,4
2025501579055,2025,501579055,2,9,0,-1,4,6,2,-1,0,0,0,0,0,0,2,1,-1,9,2,36,7,-1,-1,-1,-1,8,E01005577,0,5
2025501579055,2025,501579055,1,19,0,-1,19,6,2,-1,0,0,0,0,0,0,1,1,-1,1,1,26,6,-1,-1,-1,-1,5,E01018885,0,3
2025501579173,2025,501579173,1,9,0,-1,19,6,2,-1,0,0,0,0,0,0,1,1,-1,9,2,63,9,-1,-1,-1,-1,4,E01018863,0,1
2025501579173,2025,501579173,2,9,0,-1,19,2,6,-1,0,0,0,0,0,0,1,1,-1,6,2,75,10,-1,-1,-1,-1,4,E01018872,0,1
2025501579247,2025,501579247,1,9,0,-1,19,8,4,-1,0,2,0,0,0,0,1,1,-1,6,2,25,5,-1,-1,-1,-1,4,E01015129,0,1
2025501579308,2025,501579308,2,3,0,-1,19,4,8,-1,0,8,0,0,0,0,4,1,-1,6,1,19,4,-1,-1,-1,-1,5,E01018833,0,1
2025501579308,2025,501579308,1,9,0,-1,5,6,2,-1,0,4,0,0,0,0,1,1,-1,9,2,51,8,-1,-1,-1,-1,4,E01018843,0,2
2025501579313,2025,501579313,1,5,0,-1,13,6,2,-1,0,0,5,0,7,10,1,1,-1,9,1,62,9,-1,-1,-1,-1,2,E01015074,0,4
2025501579313,2025,501579313,2,9,0,-1,9,6,4,-1,0,0,0,0,0,0,0,1,-1,1,1,50,8,-1,-1,-1,-1,3,E01018761,0,1
2025501579352,2025,501579352,1,9,0,-1,19,3,7,-1,0,0,0,0,0,0,1,1,-1,6,1,49,8,-1,-1,-1,-1,1,E01015266,0,3
2025501579352,2025,501579352,2,9,0,-1,19,7,3,-1,0,0,0,0,0,0,1,1,-1,6,2,45,7,-1,-1,-1,-1,7,E01020193,0,1
2025501579377,2025,501579377,1,9,0,-1,19,8,4,-1,0,0,1,0,7,4,1,1,-1,6,1,24,5,-1,-1,-1,-1,7,E01018814,0,1
2025501579553,2025,501579553,2,9,0,-1,19,6,2,-1,0,1,1,0,1,9,1,1,-1,9,1,28,6,-1,-1,-1,-1,1,E01019020,0,2
2025501579553,2025,501579553,1,9,0,-1,9,8,6,-1,0,6,0,0,0,0,0,1,-1,9,2,43,7,-1,-1,-1,-1,5,E01019050,0,1
2025501579555,2025,501579555,1,9,0,-1,19,3,7,-1,0,0,2,0,1,4,4,1,-1,9,1,53,8,-1,-1,-1,-1,2,E01026478,0,5
2025501579582,2025,501579582,1,9,0,-1,19,4,8,-1,0,4,0,0,0,0,3,1,-1,9,1,89,11,-1,-1,-1,-1,9,E01020215,0,1
2025501579582,2025,501579582,2,9,0,-1,9,8,6,-1,0,8,0,0,0,0,1,1,-1,9,2,68,10,-1,-1,-1,-1,8,E01015251,0,1
2025501579583,2025,501579583,1,9,0,-1,19,3,7,-1,0,0,1,0,1,4,1,1,-1,9,1,27,6,-1,-1,-1,-1,10,E01031292,0,5
2025501579604,2025,501579604,2,9,0,-1,2,0,0,-1,0,0,0,0,0,0,1,1,-1,6,-1,-1,-1,-1,-1,-1,-1,-1,-1,0,-1
2025501579604,2025,501579604,1,9,0,-1,19,2,6,-1,0,0,0,0,1,11,1,1,-1,9,1,17,4,-1,-1,-1,-1,7,E01018813,0,1
2025501579610,2025,501579610,2,19,0,-1,19,1,5,-1,0,1,0,0,0,0,1,1,-1,1,1,55,8,-1,-1,-1,-1,7,E01018823,0,3
2025501579610,2025,501579610,1,9,0,-1,19,4,1,-1,0,6,0,0,0,0,3,1,-1,9,2,31,6,-1,-1,-1,-1,7,W01001380,0,5
2025501579612,2025,501579612,2,9,0,-1,19,6,3,-1,0,0,0,0,0,0,4,1,-1,9,1,49,8,-1,-1,-1,-1,6,E01020256,0,4
2025501579612,2025,501579612,1,9,0,-1,10,6,7,-1,0,0,0,0,0,0,1,1,-1,9,2,78,11,-1,-1,-1,-1,5,E01019887,0,1
2025501579656,2025,501579656,1,9,0,-1,19,8,4,-1,0,0,0,0,0,0,1,1,-1,6,3,-1,-1,-1,-1,-1,-1,-1,-1,0,-1
2025501579754,2025,501579754,1,9,0,-1,1,4,8,-1,0,0,0,0,0,0,2,1,-1,6,1,72,10,-1,-1,-1,-1,4,E01020217,0,4
2025501579783,2025,501579783,1,9,0,-1,19,7,5,-1,0,4,0,0,0,0,3,1,-1,1,1,44,7,-1,-1,-1,-1,8,E01018859,0,1
2025501579783,2025,501579783,2,1,0,-1,19,5,3,-1,0,8,5,0,0,0,4,1,-1,6,2,40,7,-1,-1,-1,-1,5,E01018900,0,1
2025501579787,2025,501579787,2,9,0,-1,8,6,8,-1,99,1,0,0,0,0,0,1,-1,6,3,-1,-1,-1,-1,-1,-1,-1,-1,0,-1
2025501579787,2025,501579787,1,3,0,-1,9,2,8,-1,0,1,2,0,0,0,3,1,-1,6,1,17,4,-1,-1,-1,-1,4,E01019024,0,2
2025501579827,2025,501579827,1,9,0,-1,15,7,3,-1,0,0,0,0,1,0,2,1,-1,1,2,66,10,-1,-1,-1,-1,4,E01019005,0,3
2025501579827,2025,501579827,2,19,0,-1,19,7,3,-1,0,0,0,0,0,0,3,1,-1,1,1,57,9,-1,-1,-1,-1,6,E01018981,0,2
2025501579827,2025,501579827,3,19,0,-1,19,3,7,-1,0,0,0,0,0,0,3,1,-1,2,1,26,6,-1,-1,-1,-1,3,E01019012,0,2
2025501579837,2025,501579837,1,5,0,-1,19,3,7,-1,0,0,1,0,0,0,3,1,-1,9,1,59,9,-1,-1,-1,-1,3,E01020286,0,4
2025501579846,2025,501579846,1,9,0,-1,4,1,5,-1,0,0,1,0,0,0,1,9,-1,6,1,33,6,-1,-1,-1,-1,3,E01027175,0,5
2025501579846,2025,501579846,2,8,0,-1,19,1,5,-1,0,0,0,0,0,0,2,1,-1,1,1,55,8,-1,-1,-1,-1,4,E01015185,0,1
2025501579859,2025,501579859,1,9,0,-1,19,4,8,-1,0,2,0,10,0,0,4,9,-1,6,3,-1,-1,-1,-1,-1,-1,-1,-1,0,-1
2025501579883,2025,501579883,1,9,0,-1,19,3,7,-1,0,0,0,0,0,0,4,1,-1,9,1,50,8,-1,-1,-1,-1,10,E01022512,0,5
2025501579946,2025,501579946,1,9,0,-1,19,6,2,-1,0,8,5,0,7,11,1,1,-1,9,1,43,7,-1,-1,-1,-1,3,E01015150,0,4
2025501579947,2025,501579947,1,9,0,-1,19,5,1,-1,0,1,0,0,0,0,1,1,-1,9,1,61,9,-1,-1,-1,-1,9,E01020151,0,4
2025501579947,2025,501579947,3,9,0,-1,9,5,1,-1,0,1,0,0,7,0,2,1,-1,6,2,27,6,-1,-1,-1,-1,6,E01019891,0,1
2025501580016,2025,501580016,1,5,0,-1,19,8,4,-1,0,0,0,0,0,0,3,1,-1,6,1,41,7,-1,-1,-1,-1,6,E01015224,0,4
2025501580016,2025,501580016,2,9,0,-1,19,4,8,-1,0,0,0,0,0,0,3,1,-1,6,3,-1,-1,-1,-1,-1,-1,-1,-1,0,-1
2025501580076,2025,501580076,2,9,0,-1,4,-1,-1,-1,0,0,0,0,0,0,2,1,-1,6,3,-1,-1,-1,-1,-1,-1,-1,-1,0,-1
2025501580076,2025,501580076,1,9,0,-1,3,-1,-1,-1,0,0,0,0,0,0,4,1,-1,6,1,33,6,-1,-1,-1,-1,6,E01018853,0,3
2025501580128,2025,501580128,1,9,0,-1,19,8,4,-1,0,0,2,0,0,0,1,1,-1,9,1,18,4,-1,-1,-1,-1,6,E01019888,0,3
2025501580137,2025,501580137,2,9,0,-1,2,0,0,-1,0,1,0,0,0,0,2,1,-1,6,-1,-1,-1,-1,-1,-1,-1,-1,-1,0,-1
2025501580137,2025,501580137,1,9,0,-1,19,4,8,-1,0,1,0,4,0,0,1,1,-1,6,1,49,8,-1,-1,-1,-1,3,E01019991,0,3
2025501580161,2025,501580161,1,9,0,-1,19,4,8,-1,0,8,0,0,7,0,4,1,-1,2,1,53,8,-1,-1,-1,-1,4,E01020321,0,1
2025501580161,2025,501580161,2,19,0,-1,19,6,2,-1,0,8,0,0,7,0,3,1,-1,6,1,56,9,-1,-1,-1,-1,4,E01020292,0,4
2025501580228,2025,501580228,1,9,0,-1,19,5,1,-1,0,0,0,0,1,4,1,1,-1,9,2,87,11,-1,-1,-1,-1,4,E01019064,0,2
2025501580340,2025,501580340,2,9,0,-1,2,0,0,-1,0,2,0,0,0,0,2,1,-1,6,-1,-1,-1,-1,-1,-1,-1,-1,-1,0,-1
2025501580340,2025,501580340,1,19,0,-1,19,6,2,-1,0,2,0,4,0,0,1,1,-1,9,1,57,9,-1,-1,-1,-1,5,E01018849,0,1
2025501580402,2025,501580402,1,9,0,-1,19,7,3,-1,0,0,5,0,2,0,3,1,-1,9,1,33,6,-1,-1,-1,-1,7,E01014722,0,4
2025501580402,2025,501580402,2,9,0,-1,19,3,7,-1,0,0,1,0,0,0,3,1,-1,9,1,58,9,-1,-1,-1,-1,7,E01029070,0,4
2025501580438,2025,501580438,1,19,0,-1,19,7,3,-1,0,8,0,0,0,0,4,1,-1,6,3,-1,-1,-1,-1,-1,-1,-1,-1,0,-1
2025501580446,2025,501580446,1,5,0,-1,13,5,1,-1,0,0,2,0,0,0,1,1,-1,6,1,19,4,-1,-1,-1,-1,4,E01018888,0,1
2025501580446,2025,501580446,3,19,4,-1,19,1,5,-1,0,0,0,0,0,0,3,1,-1,6,1,38,7,-1,-1,-1,-1,5,E01034847,0,4
2025501580446,2025,501580446,2,19,0,-1,19,5,1,-1,0,0,0,0,0,0,2,1,-1,6,1,32,6,-1,-1,-1,-1,5,E01018842,0,4
2025501580478,2025,501580478,3,9,0,-1,19,1,5,-1,0,0,0,0,0,0,3,1,-1,6,2,32,6,-1,-1,-1,-1,4,E01018815,0,1
2025501580478,2025,501580478,1,90,4,-1,19,5,1,-1,0,0,5,0,0,0,4,1,-1,1,1,36,7,-1,-1,-1,-1,6,E01019021,0,1
2025501580497,2025,501580497,1,3,0,-1,19,6,2,-1,0,3,0,0,1,2,1,1,-1,6,1,27,6,-1,-1,-1,-1,2,E01015081,0,1
2025501580614,2025,501580614,1,5,0,-1,19,5,1,-1,0,0,1,0,0,0,1,1,-1,6,1,80,11,-1,-1,-1,-1,9,E01019956,0,1
2025501580686,2025,501580686,1,9,0,-1,19,1,5,-1,0,0,0,10,7,4,1,1,-1,2,2,27,6,-1,-1,-1,-1,3,E01020228,0,2
2025501580737,2025,501580737,1,1,0,-1,13,1,5,-1,0,0,0,0,7,0,1,1,-1,1,1,17,4,-1,-1,-1,-1,4,E01015062,0,1
2025501580737,2025,501580737,3,9,0,-1,19,5,1,-1,0,0,0,0,0,0,1,1,-1,9,1,63,9,-1,-1,-1,-1,8,E01015118,0,1
2025501580737,2025,501580737,2,9,0,-1,4,1,5,-1,0,0,0,0,0,0,2,1,-1,9,2,48,8,-1,-1,-1,-1,10,E01020336,0,3
2025501580768,2025,501580768,2,9,0,-1,19,5,5,-1,0,0,0,0,0,0,3,1,-1,9,1,50,8,-1,-1,-1,-1,1,E01031116,0,5
2025501580768,2025,501580768,1,9,0,-1,12,5,5,-1,0,0,0,0,0,0,1,1,-1,6,1,23,5,-1,-1,-1,-1,3,E01018873,0,1
2025501580780,2025,501580780,2,9,0,-1,19,4,8,-1,0,6,0,0,0,0,4,1,-1,9,2,40,7,-1,-1,-1,-1,9,E01019906,0,1
2025501580780,2025,501580780,1,9,0,-1,19,6,2,-1,0,4,0,0,0,0,4,1,-1,6,2,80,11,-1,-1,-1,-1,6,E01034625,0,3
2025501580789,2025,501580789,1,9,0,-1,7,2,4,-1,0,6,0,0,0,0,3,1,-1,9,1,31,6,-1,-1,-1,-1,5,E01018812,0,1
2025501580789,2025,501580789,2,9,0,-1,19,4,8,-1,0,1,0,0,0,0,1,1,-1,1,1,27,6,-1,-1,-1,-1,3,E01019009,0,4