collision_index,collision_year,collision_ref_no,vehicle_reference,vehicle_type,towing_and_articulation,vehicle_manoeuvre_historic,vehicle_manoeuvre,vehicle_direction_from,vehicle_direction_to,vehicle_location_restricted_lane_historic,vehicle_location_restricted_lane,junction_location,skidding_and_overturning,hit_object_in_carriageway,vehicle_leaving_carriageway,hit_object_off_carriageway,first_point_of_impact,vehicle_left_hand_drive,journey_purpose_of_driver_historic,journey_purpose_of_driver,sex_of_driver,age_of_driver,age_band_of_driver,engine_capacity_cc,propulsion_code,age_of_vehicle,generic_make_model,driver_imd_decile,lsoa_of_driver,escooter_flag,driver_distance_banding
2025501585705,2025,501585705,1,4,0,-1,19,4,8,-1,0,1,1,0,1,7,4,1,-1,9,1,30,6,-1,-1,-1,-1,8,E01015124,0,1
2025501585769,2025,501585769,3,9,0,-1,19,6,2,-1,0,0,0,0,0,0,1,1,-1,9,2,17,4,-1,-1,-1,-1,4,E01018922,0,1
2025501585769,2025,501585769,2,9,0,-1,19,6,2,-1,0,0,0,0,0,0,2,1,-1,6,1,25,5,-1,-1,-1,-1,8,E01018884,0,1
2025501585769,2025,501585769,1,9,0,-1,19,6,2,-1,0,0,0,0,0,0,2,1,-1,1,1,65,9,-1,-1,-1,-1,8,E01018884,0,1
2025501585772,2025,501585772,1,9,0,-1,19,7,3,-1,0,0,2,0,2,0,4,1,-1,9,1,19,4,-1,-1,-1,-1,5,E01018785,0,1
2025501585779,2025,501585779,1,9,0,-1,19,2,4,-1,0,0,1,0,0,0,3,1,-1,9,1,19,4,-1,-1,-1,-1,3,E01018974,0,2
2025501585779,2025,501585779,2,19,0,-1,19,4,2,-1,0,0,2,0,1,0,3,1,-1,9,1,42,7,-1,-1,-1,-1,4,E01020302,0,3
2025501585805,2025,501585805,1,9,0,-1,19,1,5,-1,0,1,5,10,8,10,1,1,-1,6,2,27,6,-1,-1,-1,-1,8,E01015090,0,1
2025501585917,2025,501585917,2,9,0,-1,7,7,1,-1,0,1,0,0,0,0,1,1,-1,6,1,74,10,-1,-1,-1,-1,7,E01035320,0,5
2025501585917,2025,501585917,1,9,0,-1,10,1,7,-1,0,1,0,0,0,0,3,1,-1,6,1,26,6,-1,-1,-1,-1,7,E01020511,0,2
2025501585925,2025,501585925,1,4,0,-1,19,5,1,-1,0,7,0,0,0,0,1,1,-1,2,2,35,6,-1,-1,-1,-1,5,E01015029,0,4
2025501585925,2025,501585925,2,19,0,-1,19,5,1,-1,0,8,0,0,0,0,2,1,-1,9,1,57,9,-1,-1,-1,-1,6,W01001951,0,5
2025501585936,2025,501585936,1,9,0,-1,11,3,7,-1,0,0,1,0,0,0,1,1,-1,6,1,21,5,-1,-1,-1,-1,7,E01020298,0,2
2025501585949,2025,501585949,1,19,0,-1,19,6,2,-1,0,8,5,0,0,0,1,1,-1,9,1,36,7,-1,-1,-1,-1,4,E01018941,0,2
2025501585995,2025,501585995,2,9,0,-1,19,8,4,-1,0,8,0,0,0,0,1,1,-1,6,2,76,11,-1,-1,-1,-1,9,E01015197,0,1
2025501585995,2025,501585995,1,9,0,-1,9,2,8,-1,0,6,0,0,0,0,3,1,-1,6,1,54,8,-1,-1,-1,-1,4,E01015269,0,2
2025501585996,2025,501585996,1,3,0,-1,13,5,1,-1,0,8,0,0,0,0,1,1,-1,6,2,20,4,-1,-1,-1,-1,4,E01018894,0,1
2025501585996,2025,501585996,2,9,0,-1,9,8,5,-1,0,6,0,0,0,0,1,1,-1,9,1,76,11,-1,-1,-1,-1,4,E01018871,0,1
2025501586053,2025,501586053,1,9,0,-1,19,2,6,-1,0,0,0,0,1,3,1,1,-1,9,1,22,5,-1,-1,-1,-1,2,E01034160,0,4
2025501586055,2025,501586055,2,9,0,-1,2,0,0,-1,9,0,0,0,0,0,2,1,-1,6,-1,-1,-1,-1,-1,-1,-1,-1,-1,0,-1
2025501586055,2025,501586055,1,9,0,-1,19,4,8,-1,9,0,0,0,1,10,4,1,-1,6,1,27,6,-1,-1,-1,-1,5,E01034848,0,1
2025501586055,2025,501586055,3,9,0,-1,2,0,0,-1,9,0,0,0,0,0,2,1,-1,6,-1,-1,-1,-1,-1,-1,-1,-1,-1,0,-1
2025501586339,2025,501586339,2,19,0,-1,19,2,6,-1,0,1,0,0,0,0,1,1,-1,1,1,48,8,-1,-1,-1,-1,7,E01020105,0,3
2025501586339,2025,501586339,1,9,0,-1,5,4,2,-1,0,2,0,0,0,0,1,1,-1,9,2,30,6,-1,-1,-1,-1,4,E01022781,0,5
2025501586361,2025,501586361,2,1,0,-1,19,2,4,-1,4,1,5,0,0,0,1,1,-1,6,1,16,4,-1,-1,-1,-1,8,E01015064,0,1
2025501586361,2025,501586361,1,9,0,-1,7,2,4,-1,0,1,0,0,0,0,4,1,-1,6,1,56,9,-1,-1,-1,-1,6,E01015099,0,1
2025501586460,2025,501586460,1,9,0,-1,19,1,5,-1,0,4,0,0,0,0,1,1,-1,6,1,74,10,-1,-1,-1,-1,8,E01034638,0,1
2025501586460,2025,501586460,2,5,0,-1,4,1,5,-1,0,4,0,0,0,0,2,1,-1,6,1,81,11,-1,-1,-1,-1,8,E01034639,0,1
2025501586462,2025,501586462,1,9,0,-1,19,3,7,-1,0,0,0,0,8,2,3,1,-1,9,2,88,11,-1,-1,-1,-1,6,E01020181,0,1
2025501586462,2025,501586462,2,9,0,-1,19,7,3,-1,0,0,0,0,0,0,4,1,-1,9,1,71,10,-1,-1,-1,-1,10,E01024800,0,5
2025501586490,2025,501586490,1,9,0,-1,19,3,8,-1,0,0,5,0,1,11,4,1,-1,9,2,23,5,-1,-1,-1,-1,6,E01020142,0,3
2025501586502,2025,501586502,1,19,0,-1,19,1,5,-1,0,0,0,0,0,0,1,1,-1,9,2,34,6,-1,-1,-1,-1,5,E01020122,0,1
2025501586631,2025,501586631,1,9,0,-1,19,2,6,-1,0,0,2,0,2,7,1,1,-1,2,2,30,6,-1,-1,-1,-1,4,E01035129,0,3
2025501586695,2025,501586695,1,9,0,-1,19,1,5,-1,0,8,0,0,0,0,1,1,-1,9,1,61,9,-1,-1,-1,-1,5,E01034643,0,1
2025501586695,2025,501586695,2,9,0,-1,19,5,1,-1,0,8,0,0,0,0,1,1,-1,1,2,37,7,-1,-1,-1,-1,4,E01020321,0,2
2025501586704,2025,501586704,1,9,0,-1,10,3,1,-1,0,6,0,0,0,0,3,1,-1,2,2,37,7,-1,-1,-1,-1,4,E01018905,0,2
2025501586704,2025,501586704,2,1,0,-1,4,1,5,-1,0,1,2,0,0,0,1,1,-1,6,1,30,6,-1,-1,-1,-1,4,E01018887,0,1
2025501586807,2025,501586807,2,1,0,-1,20,0,0,-1,0,0,0,0,0,0,-1,1,-1,6,1,49,8,-1,-1,-1,-1,4,E01018961,0,1
2025501586807,2025,501586807,1,9,0,-1,19,8,6,-1,0,0,0,0,0,0,9,9,-1,6,1,81,11,-1,-1,-1,-1,4,E01018951,0,1
2025501586884,2025,501586884,1,9,0,-1,19,3,7,-1,0,0,0,0,0,0,4,1,-1,6,2,54,8,-1,-1,-1,-1,4,E01019980,0,1
2025501586946,2025,501586946,1,1,0,-1,5,3,7,-1,0,6,0,0,0,0,1,1,-1,6,1,13,3,-1,-1,-1,-1,2,E01034160,0,1
2025501586946,2025,501586946,2,19,0,-1,19,1,5,-1,0,1,0,0,0,0,1,1,-1,2,1,54,8,-1,-1,-1,-1,4,E01015177,0,1
2025501586956,2025,501586956,1,9,0,-1,5,5,1,-1,0,1,0,0,0,0,4,9,-1,2,2,63,9,-1,-1,-1,-1,3,E01015206,0,1
2025501587068,2025,501587068,2,9,0,-1,9,1,7,-1,0,1,0,0,0,0,3,1,-1,1,2,34,6,-1,-1,-1,-1,2,E01034160,0,1
2025501587068,2025,501587068,1,97,0,-1,13,1,5,-1,0,8,0,0,0,0,4,1,-1,1,1,29,6,-1,-1,-1,-1,4,E01015050,0,1
2025501587078,2025,501587078,1,9,0,-1,19,3,7,-1,0,0,0,0,0,0,1,1,-1,6,1,19,4,-1,-1,-1,-1,6,E01020326,0,3
2025501587078,2025,501587078,2,9,0,-1,19,7,3,-1,0,0,0,0,0,0,1,1,-1,9,1,51,8,-1,-1,-1,-1,4,E01020303,0,4
2025501587080,2025,501587080,1,5,0,-1,19,1,5,-1,0,0,5,0,0,0,3,1,-1,9,1,40,7,-1,-1,-1,-1,7,W01001978,0,5
2025501587199,2025,501587199,1,9,0,-1,19,6,2,-1,0,1,0,0,0,0,1,1,-1,9,1,30,6,-1,-1,-1,-1,9,E01018796,0,2
2025501587199,2025,501587199,2,19,0,-1,19,6,2,-1,0,1,0,0,0,0,2,1,-1,9,1,19,4,-1,-1,-1,-1,9,E01015130,0,1
2025501587239,2025,501587239,1,9,0,-1,19,6,2,-1,0,0,0,0,8,4,3,1,-1,2,1,46,8,-1,-1,-1,-1,5,E01020055,0,2
2025501587346,2025,501587346,1,19,0,-1,5,-1,-1,-1,0,0,0,11,0,0,4,2,-1,7,1,45,7,-1,-1,-1,-1,1,E01019004,0,2
2025501587346,2025,501587346,2,9,0,-1,2,-1,-1,-1,-1,0,0,0,0,0,4,2,-1,6,3,-1,-1,-1,-1,-1,-1,-1,-1,0,-1
2025501587436,2025,501587436,1,5,0,-1,19,6,2,-1,0,0,0,0,0,0,3,1,-1,6,1,66,10,-1,-1,-1,-1,1,E01015233,0,1
2025501587436,2025,501587436,2,19,0,-1,19,2,6,-1,0,0,0,0,0,0,3,1,-1,6,1,63,9,-1,-1,-1,-1,7,E01032210,0,5
2025501587540,2025,501587540,1,9,0,-1,7,7,1,-1,0,8,0,0,0,0,1,9,-1,6,3,-1,-1,-1,-1,-1,-1,-1,-1,0,-1
2025501587694,2025,501587694,2,9,0,-1,19,5,2,-1,0,0,0,0,0,0,3,1,-1,6,1,22,5,-1,-1,-1,-1,6,E01020237,0,1
2025501587694,2025,501587694,1,1,0,-1,19,2,5,-1,0,0,2,0,0,0,1,1,-1,6,1,44,7,-1,-1,-1,-1,8,E01020197,0,2
2025501587761,2025,501587761,2,9,0,-1,4,2,6,-1,0,0,0,0,0,0,2,1,-1,2,2,29,6,-1,-1,-1,-1,7,E01020105,0,2
2025501587761,2025,501587761,1,9,0,-1,4,2,6,-1,0,0,9,0,0,0,1,1,-1,6,1,40,7,-1,-1,-1,-1,-1,-1,0,-1
2025501587761,2025,501587761,3,11,0,-1,19,6,2,-1,0,0,0,0,0,0,0,1,-1,1,3,-1,-1,-1,-1,-1,-1,-1,-1,0,-1
2025501587826,2025,501587826,2,9,0,-1,10,6,4,-1,0,8,0,0,0,0,2,1,-1,9,2,45,7,-1,-1,-1,-1,6,E01018915,0,1
2025501587826,2025,501587826,1,9,0,-1,19,6,2,-1,0,1,0,0,0,0,1,1,-1,9,1,35,6,-1,-1,-1,-1,6,E01018826,0,1
2025501587869,2025,501587869,2,9,0,-1,4,2,6,-1,0,0,0,0,0,0,2,1,-1,6,1,53,8,-1,-1,-1,-1,8,E01015251,0,1
2025501587869,2025,501587869,1,9,0,-1,19,2,4,-1,0,0,0,0,0,0,1,1,-1,6,1,20,4,-1,-1,-1,-1,10,E01015208,0,1
2025501587879,2025,501587879,2,90,0,-1,19,2,4,-1,0,8,0,0,0,0,3,1,-1,6,2,5,1,-1,-1,-1,-1,9,E01020151,0,1
2025501587879,2025,501587879,1,9,0,-1,9,6,5,-1,0,2,0,0,0,0,1,1,-1,9,1,82,11,-1,-1,-1,-1,7,E01020178,0,3
2025501588009,2025,501588009,2,9,0,-1,10,6,2,-1,0,1,0,0,0,0,2,1,-1,6,1,56,9,-1,-1,-1,-1,8,E01032672,0,5
2025501588009,2025,501588009,3,9,0,-1,19,2,6,-1,0,1,0,0,0,0,1,1,-1,6,1,84,11,-1,-1,-1,-1,7,E01020233,0,2
2025501588009,2025,501588009,1,9,0,-1,19,6,2,-1,0,1,0,0,0,0,1,1,-1,6,1,85,11,-1,-1,-1,-1,10,E01020253,0,1
2025501588165,2025,501588165,1,9,0,-1,19,2,6,-1,0,0,0,0,0,0,3,1,-1,2,2,47,8,-1,-1,-1,-1,2,E01015073,0,4
2025501588165,2025,501588165,2,9,0,-1,19,6,2,-1,0,0,0,0,0,0,3,1,-1,6,2,46,8,-1,-1,-1,-1,5,E01034618,0,2
2025501588175,2025,501588175,2,9,0,-1,4,5,2,-1,0,0,0,0,0,0,2,1,-1,6,2,44,7,-1,-1,-1,-1,6,E01020335,0,3
2025501588175,2025,501588175,1,9,0,-1,19,5,2,-1,0,0,0,0,0,0,1,1,-1,1,1,20,4,-1,-1,-1,-1,9,E01020316,0,2
2025501588190,2025,501588190,1,11,0,-1,7,3,5,-1,0,1,0,0,0,0,3,1,-1,1,1,57,9,-1,-1,-1,-1,2,E01015055,0,2
2025501588199,2025,501588199,1,9,0,-1,19,2,8,-1,0,6,0,0,0,0,1,1,-1,9,1,35,6,-1,-1,-1,-1,6,E01019061,0,1
2025501588199,2025,501588199,2,9,0,-1,19,4,8,-1,0,8,0,0,0,0,3,1,-1,6,2,55,8,-1,-1,-1,-1,6,E01019061,0,1
2025501588218,2025,501588218,1,1,0,-1,19,6,2,-1,0,0,0,0,0,0,4,1,-1,6,2,61,9,-1,-1,-1,-1,7,E01020281,0,4
2025501588266,2025,501588266,1,17,0,-1,10,1,5,-1,0,1,0,0,0,0,1,1,-1,1,1,22,5,-1,-1,-1,-1,6,E01019935,0,1
2025501588266,2025,501588266,2,9,0,-1,19,7,3,-1,0,1,0,0,0,0,1,1,-1,9,1,49,8,-1,-1,-1,-1,5,E01020230,0,4
2025501588278,2025,501588278,1,3,0,-1,19,3,7,-1,0,8,0,0,0,0,4,1,-1,2,1,21,5,-1,-1,-1,-1,9,E01018822,0,4
2025501588278,2025,501588278,2,9,0,-1,19,3,7,-1,0,3,0,0,0,0,3,1,-1,6,2,64,9,-1,-1,-1,-1,4,E01018920,0,4
2025501588279,2025,501588279,2,1,0,-1,19,1,5,-1,0,0,5,0,0,0,3,1,-1,6,1,9,2,-1,-1,-1,-1,-1,-1,0,-1
2025501588279,2025,501588279,1,9,0,-1,19,1,5,-1,0,0,0,0,0,0,1,2,-1,6,3,-1,-1,-1,-1,-1,-1,-1,-1,0,-1
2025501588321,2025,501588321,1,8,0,-1,19,6,2,-1,0,0,0,0,0,0,4,1,-1,1,1,40,7,-1,-1,-1,-1,2,E01018897,0,1
2025501588339,2025,501588339,1,9,0,-1,19,5,1,-1,0,4,0,0,0,0,1,1,-1,6,2,54,8,-1,-1,-1,-1,2,E01020039,0,1
2025501588339,2025,501588339,2,1,0,-1,19,3,7,-1,0,8,5,0,0,0,4,1,-1,2,1,27,6,-1,-1,-1,-1,7,E01019969,0,1
2025501588415,2025,501588415,2,9,0,-1,19,3,7,-1,0,8,0,0,0,0,4,1,-1,6,1,27,6,-1,-1,-1,-1,6,E01009690,0,5
2025501588415,2025,501588415,1,9,0,-1,19,3,7,-1,0,8,0,0,1,2,1,1,-1,9,1,73,10,-1,-1,-1,-1,6,E01029039,0,4
2025501588443,2025,501588443,1,3,0,-1,12,5,1,-1,0,8,0,0,0,0,3,1,-1,1,1,56,9,-1,-1,-1,-1,2,E01015073,0,1
2025501588443,2025,501588443,2,9,0,-1,19,5,1,-1,0,8,0,0,0,0,4,1,-1,6,1,36,7,-1,-1,-1,-1,4,E01015071,0,1
2025501588464,2025,501588464,2,5,0,-1,8,5,7,-1,0,1,0,0,0,0,2,1,-1,9,1,57,9,-1,-1,-1,-1,2,E01015081,0,4
2025501588464,2025,501588464,1,9,0,-1,4,5,7,-1,0,1,0,0,0,0,1,1,-1,1,1,45,7,-1,-1,-1,-1,5,E01020157,0,1
2025501588663,2025,501588663,2,9,0,-1,19,7,3,-1,0,0,0,0,0,0,1,1,-1,6,1,53,8,-1,-1,-1,-1,7,E01018983,0,4
2025501588663,2025,501588663,1,19,0,-1,3,7,3,-1,0,0,0,0,0,0,2,1,-1,6,1,58,9,-1,-1,-1,-1,5,E01018783,0,3
2025501588945,2025,501588945,1,9,0,-1,19,1,5,-1,0,0,0,0,0,0,1,1,-1,9,2,48,8,-1,-1,-1,-1,4,E01034850,0,2
2025501588945,2025,501588945,2,19,0,-1,19,5,1,-1,0,0,0,0,0,0,1,1,-1,1,1,43,7,-1,-1,-1,-1,3,E01019075,0,4
2025501588966,2025,501588966,3,9,0,-1,2,0,0,-1,0,0,0,0,0,0,3,1,-1,6,-1,-1,-1,-1,-1,-1,-1,-1,-1,0,-1
2025501588966,2025,501588966,2,9,0,-1,2,0,0,-1,0,0,0,4,0,0,2,1,-1,9,1,25,5,-1,-1,-1,-1,2,E01033292,0,4
2025501588966,2025,501588966,1,9,0,-1,19,5,1,-1,0,0,0,4,0,0,1,1,-1,9,1,31,6,-1,-1,-1,-1,2,E01034866,0,4
2025501589121,2025,501589121,2,9,0,-1,5,1,5,-1,0,1,0,0,0,0,3,1,-1,6,1,24,5,-1,-1,-1,-1,5,E01019994,0,1
2025501589121,2025,501589121,1,3,0,-1,2,0,0,-1,0,2,0,0,0,0,3,1,-1,6,1,21,5,-1,-1,-1,-1,6,E01020006,0,1
2025501589123,2025,501589123,1,9,0,-1,19,5,1,-1,0,0,0,11,8,10,3,1,-1,6,1,38,7,-1,-1,-1,-1,-1,-1,0,-1
2025501589142,2025,501589142,2,9,0,-1,19,1,5,-1,0,0,0,0,0,0,1,1,-1,2,1,49,8,-1,-1,-1,-1,4,E01018924,0,3
2025501589142,2025,501589142,1,5,0,-1,19,5,1,-1,0,0,0,0,0,0,1,1,-1,2,1,23,5,-1,-1,-1,-1,4,E01018850,0,3
2025501589152,2025,501589152,1,9,0,-1,19,8,4,-1,0,0,0,0,0,0,1,1,-1,9,1,22,5,-1,-1,-1,-1,4,E01020135,0,1
2025501589152,2025,501589152,2,20,1,-1,19,4,8,-1,0,0,0,0,0,0,1,1,-1,1,1,56,9,-1,-1,-1,-1,5,E01020308,0,3
2025501589214,2025,501589214,1,20,0,-1,19,3,7,-1,0,0,0,99,0,0,3,1,-1,6,1,29,6,-1,-1,-1,-1,7,E01020495,0,5
2025501589214,2025,501589214,2,9,0,-1,19,3,7,-1,0,0,1,99,0,0,4,1,-1,6,1,39,7,-1,-1,-1,-1,10,E01015160,0,2
2025501589582,2025,501589582,2,9,0,-1,5,8,4,-1,0,1,0,0,0,0,2,1,-1,2,1,59,9,-1,-1,-1,-1,5,E01035132,0,2
2025501589582,2025,501589582,1,9,0,-1,4,8,4,-1,0,1,0,0,0,0,1,1,-1,9,1,84,11,-1,-1,-1,-1,5,E01020097,0,4
2025501589582,2025,501589582,3,9,0,-1,5,8,4,-1,0,3,0,0,0,0,2,1,-1,9,1,42,7,-1,-1,-1,-1,4,E01019980,0,4
2025501589587,2025,501589587,2,9,0,-1,4,1,5,-1,0,1,0,0,0,0,2,1,-1,9,2,34,6,-1,-1,-1,-1,6,E01020256,0,3
2025501589587,2025,501589587,1,9,0,-1,19,1,5,-1,0,1,0,0,0,0,1,1,-1,9,2,59,9,-1,-1,-1,-1,5,E01034618,0,4
2025501589665,2025,501589665,4,9,0,-1,2,0,0,-1,0,0,0,0,0,0,2,1,-1,6,-1,-1,-1,-1,-1,-1,-1,-1,-1,0,-1
2025501589665,2025,501589665,1,9,0,-1,19,2,6,-1,0,0,0,4,0,0,3,1,-1,2,1,47,8,-1,-1,-1,-1,4,E01019980,0,1
2025501589665,2025,501589665,2,9,0,-1,2,0,0,-1,0,0,0,0,0,0,2,1,-1,6,-1,-1,-1,-1,-1,-1,-1,-1,-1,0,-1
2025501589665,2025,501589665,3,9,0,-1,19,6,2,-1,0,0,0,0,0,0,3,1,-1,9,2,26,6,-1,-1,-1,-1,4,E01019980,0,1
2025501589735,2025,501589735,1,9,0,-1,19,3,7,-1,0,0,0,0,0,0,1,9,-1,6,3,-1,-1,-1,-1,-1,-1,-1,-1,0,-1
2025501589766,2025,501589766,1,9,0,-1,19,6,2,-1,9,1,0,0,7,10,1,1,-1,9,1,81,11,-1,-1,-1,-1,7,E01034622,0,1
2025501589860,2025,501589860,1,9,0,-1,19,6,2,-1,0,0,0,0,0,0,1,9,-1,6,1,-1,-1,-1,-1,-1,-1,-1,-1,0,-1
2025501589860,2025,501589860,3,9,0,-1,3,6,2,-1,0,0,0,0,0,0,2,1,-1,6,1,74,10,-1,-1,-1,-1,-1,-1,0,-1
2025501589860,2025,501589860,2,9,0,-1,11,6,2,-1,0,0,0,0,0,0,2,1,-1,6,2,37,7,-1,-1,-1,-1,4,E01034641,0,3
2025501589947,2025,501589947,1,9,0,-1,1,0,5,-1,0,0,0,0,0,0,0,1,-1,6,1,20,4,-1,-1,-1,-1,3,E01015148,0,1
2025501590007,2025,501590007,2,9,0,-1,19,3,7,-1,0,0,0,0,0,0,1,1,-1,6,1,81,11,-1,-1,-1,-1,6,E01018824,0,3
2025501590007,2025,501590007,1,9,0,-1,19,3,7,-1,0,0,0,0,0,0,3,1,-1,1,1,33,6,-1,-1,-1,-1,5,E01019031,0,4
2025501590007,2025,501590007,3,9,0,-1,19,3,7,-1,0,0,0,0,0,0,1,1,-1,6,1,29,6,-1,-1,-1,-1,8,E01018899,0,1
2025501590027,2025,501590027,1,9,0,-1,19,4,8,-1,0,1,0,0,0,0,1,1,-1,6,1,34,6,-1,-1,-1,-1,4,E01015077,0,1
2025501590027,2025,501590027,5,9,0,-1,3,4,8,-1,0,1,0,0,0,0,2,1,-1,9,1,82,11,-1,-1,-1,-1,2,E01015156,0,1
2025501590027,2025,501590027,4,9,0,-1,3,4,8,-1,0,1,0,0,0,0,2,1,-1,9,2,61,9,-1,-1,-1,-1,9,E01015126,0,1
2025501590027,2025,501590027,2,9,0,-1,3,4,8,-1,0,1,0,0,0,0,2,1,-1,9,1,81,11,-1,-1,-1,-1,10,E01019895,0,4
2025501590027,2025,501590027,3,9,0,-1,3,4,8,-1,0,1,0,0,0,0,2,1,-1,9,2,35,6,-1,-1,-1,-1,6,E01015132,0,1
2025501590080,2025,501590080,2,9,0,-1,19,6,3,-1,0,0,0,0,0,0,1,1,-1,6,1,40,7,-1,-1,-1,-1,1,E01020094,0,4
2025501590080,2025,501590080,1,17,5,-1,19,3,6,-1,0,0,0,0,0,0,2,1,-1,1,1,36,7,-1,-1,-1,-1,4,E01020291,0,1
2025501590084,2025,501590084,2,9,0,-1,3,2,6,-1,0,1,0,0,0,0,2,1,-1,2,2,47,8,-1,-1,-1,-1,6,E01019971,0,1
2025501590084,2025,501590084,1,9,0,-1,5,2,6,-1,0,1,0,0,0,0,1,1,-1,6,2,-1,-1,-1,-1,-1,-1,-1,-1,0,-1
2025501590120,2025,501590120,1,5,0,-1,13,3,8,-1,0,0,5,10,2,11,4,1,-1,6,1,68,10,-1,-1,-1,-1,8,E01034639,0,3
2025501590120,2025,501590120,2,9,0,-1,2,0,0,-1,-1,0,0,0,0,0,3,1,-1,6,-1,-1,-1,-1,-1,-1,-1,-1,-1,0,-1
2025501590202,2025,501590202,1,9,0,-1,9,5,3,-1,0,6,0,0,0,0,3,1,-1,2,2,23,5,-1,-1,-1,-1,7,E01015100,0,1
2025501590202,2025,501590202,2,3,0,-1,19,3,7,-1,0,8,0,0,0,0,1,1,-1,2,1,18,4,-1,-1,-1,-1,5,E01015092,0,1
2025501590361,2025,501590361,1,9,0,-1,19,4,8,-1,0,0,5,10,0,0,4,1,-1,9,2,77,11,-1,-1,-1,-1,8,E01020169,0,3
2025501590401,2025,501590401,1,9,0,-1,19,4,8,-1,0,0,0,0,8,0,3,1,-1,9,2,80,11,-1,-1,-1,-1,4,E01020081,0,1
2025501590401,2025,501590401,2,9,0,-1,19,8,4,-1,0,0,0,0,0,0,3,1,-1,9,2,69,10,-1,-1,-1,-1,6,E01029316,0,4
2025501590407,2025,501590407,1,9,0,-1,5,2,5,-1,0,6,0,0,0,0,3,1,-1,2,1,43,7,-1,-1,-1,-1,8,E01015064,0,1
2025501590407,2025,501590407,3,9,0,-1,19,1,5,-1,0,1,0,0,0,0,4,1,-1,6,2,51,8,-1,-1,-1,-1,6,E01015106,0,1
2025501590407,2025,501590407,2,9,0,-1,19,2,5,-1,0,2,0,0,0,0,2,1,-1,6,2,70,10,-1,-1,-1,-1,-1,-1,0,-1
2025501590481,2025,501590481,2,9,0,-1,4,5,1,-1,0,0,0,0,0,0,2,1,-1,6,2,28,6,-1,-1,-1,-1,6,E01019974,0,2
2025501590481,2025,501590481,1,9,0,-1,19,5,1,-1,0,0,0,0,0,0,1,1,-1,6,2,82,11,-1,-1,-1,-1,10,E01019963,0,2
2025501590487,2025,501590487,2,9,0,-1,19,3,7,-1,0,8,0,0,0,0,1,1,-1,6,2,60,9,-1,-1,-1,-1,10,E01015208,0,2
2025501590487,2025,501590487,1,9,0,-1,9,4,3,-1,0,6,0,0,0,0,3,1,-1,6,1,68,10,-1,-1,-1,-1,1,E01010680,0,5
2025501590503,2025,501590503,2,9,0,-1,19,7,3,-1,0,0,0,0,0,0,4,1,-1,6,-1,-1,-1,-1,-1,-1,-1,-1,-1,0,-1
2025501590503,2025,501590503,1,1,0,-1,15,7,3,-1,0,0,0,0,0,0,3,1,-1,6,1,46,8,-1,-1,-1,-1,4,E01015179,0,1
2025501590574,2025,501590574,2,9,0,-1,19,5,1,-1,0,0,0,0,0,0,1,1,-1,1,2,56,9,-1,-1,-1,-1,4,E01019013,0,2
2025501590574,2025,501590574,1,5,0,-1,19,1,5,-1,0,0,5,0,7,0,1,1,-1,6,1,19,4,-1,-1,-1,-1,3,E01019076,0,1
2025501590585,2025,501590585,1,2,0,-1,9,6,3,-1,0,8,0,0,0,0,1,1,-1,6,1,16,4,-1,-1,-1,-1,4,E01018965,0,1
2025501590585,2025,501590585,2,9,0,-1,7,3,6,-1,0,8,0,0,0,0,1,1,-1,9,1,71,10,-1,-1,-1,-1,5,E01034848,0,1
2025501590692,2025,501590692,1,1,0,-1,13,5,1,-1,0,1,5,0,0,0,4,1,-1,2,1,42,7,-1,-1,-1,-1,9,E01019968,0,1
2025501590692,2025,501590692,2,9,0,-1,9,5,3,-1,0,1,0,0,0,0,3,1,-1,6,2,52,8,-1,-1,-1,-1,9,E01019968,0,1
2025501590884,2025,501590884,2,9,0,-1,19,7,3,-1,0,0,0,0,0,0,3,1,-1,9,1,61,9,-1,-1,-1,-1,5,E01018975,0,1
2025501590884,2025,501590884,1,17,0,-1,9,1,7,-1,0,0,0,0,0,0,1,1,-1,1,1,33,6,-1,-1,-1,-1,3,E01018990,0,2
2025501590892,2025,501590892,2,17,0,-1,7,1,5,-1,0,0,0,0,0,0,2,1,-1,1,1,67,10,-1,-1,-1,-1,6,E01019039,0,2
2025501590892,2025,501590892,3,19,0,-1,19,5,1,-1,0,0,0,0,0,0,1,1,-1,1,1,23,5,-1,-1,-1,-1,3,E01019052,0,3
2025501590892,2025,501590892,1,9,0,-1,19,1,5,-1,0,0,0,0,0,0,4,1,-1,9,2,86,11,-1,-1,-1,-1,5,E01019040,0,1
2025501590893,2025,501590893,2,9,0,-1,2,0,0,-1,0,2,0,0,0,0,2,1,-1,6,-1,-1,-1,-1,-1,-1,-1,-1,-1,0,-1
2025501590893,2025,501590893,3,9,0,-1,2,0,0,-1,0,2,0,0,0,0,2,1,-1,6,-1,-1,-1,-1,-1,-1,-1,-1,-1,0,-1
2025501590893,2025,501590893,1,9,0,-1,19,2,6,-1,0,2,0,0,0,0,1,1,-1,9,1,88,11,-1,-1,-1,-1,10,E01019943,0,1
2025501590933,2025,501590933,1,20,0,-1,19,3,7,-1,0,0,0,0,0,0,1,1,-1,6,-1,-1,-1,-1,-1,-1,-1,-1,-1,0,-1
2025501590933,2025,501590933,2,9,0,-1,19,3,7,-1,0,0,0,0,0,0,2,1,-1,9,1,59,9,-1,-1,-1,-1,10,E01029477,0,5