collision_index,collision_year,collision_ref_no,vehicle_reference,vehicle_type,towing_and_articulation,vehicle_manoeuvre_historic,vehicle_manoeuvre,vehicle_direction_from,vehicle_direction_to,vehicle_location_restricted_lane_historic,vehicle_location_restricted_lane,junction_location,skidding_and_overturning,hit_object_in_carriageway,vehicle_leaving_carriageway,hit_object_off_carriageway,first_point_of_impact,vehicle_left_hand_drive,journey_purpose_of_driver_historic,journey_purpose_of_driver,sex_of_driver,age_of_driver,age_band_of_driver,engine_capacity_cc,propulsion_code,age_of_vehicle,generic_make_model,driver_imd_decile,lsoa_of_driver,escooter_flag,driver_distance_banding
2025501590952,2025,501590952,2,9,0,-1,3,6,2,-1,0,1,0,0,0,0,2,1,-1,6,2,55,8,-1,-1,-1,-1,3,E01034172,0,1
2025501590952,2025,501590952,1,9,0,-1,9,6,2,-1,0,6,0,0,0,0,1,1,-1,9,1,35,6,-1,-1,-1,-1,5,E01015188,0,1
2025501590980,2025,501590980,1,9,0,-1,19,6,2,-1,0,0,0,0,1,11,4,1,-1,6,2,42,7,-1,-1,-1,-1,8,E01034858,0,1
2025501590989,2025,501590989,1,9,0,-1,15,8,4,-1,0,0,0,0,7,9,1,1,-1,2,1,25,5,-1,-1,-1,-1,5,E01019947,0,3
2025501591062,2025,501591062,2,19,0,-1,19,1,5,-1,0,8,0,0,0,0,4,1,-1,1,1,38,7,-1,-1,-1,-1,1,E01018898,0,1
2025501591062,2025,501591062,1,1,0,-1,19,8,5,-1,0,8,0,0,0,0,1,1,-1,6,1,13,3,-1,-1,-1,-1,7,E01018889,0,1
2025501591084,2025,501591084,2,9,0,-1,19,2,6,-1,0,0,0,11,0,0,1,1,-1,9,2,81,11,-1,-1,-1,-1,7,E01032628,0,3
2025501591084,2025,501591084,3,9,0,-1,19,2,6,-1,0,0,0,0,1,4,1,1,-1,6,1,55,8,-1,-1,-1,-1,5,E01034619,0,4
2025501591084,2025,501591084,1,5,0,-1,15,6,3,-1,0,0,1,0,0,0,1,1,-1,1,1,23,5,-1,-1,-1,-1,6,E01020243,0,3
2025501591119,2025,501591119,1,19,0,-1,7,8,2,-1,0,2,5,0,2,10,4,1,-1,6,1,41,7,-1,-1,-1,-1,7,E01020338,0,4
2025501591143,2025,501591143,1,9,0,-1,19,6,2,-1,0,0,0,0,1,10,1,1,-1,6,1,69,10,-1,-1,-1,-1,6,E01020143,0,3
2025501591145,2025,501591145,1,9,0,-1,9,4,6,-1,0,0,5,0,2,10,1,1,-1,9,1,18,4,-1,-1,-1,-1,10,E01030797,0,5
2025501591364,2025,501591364,1,9,0,-1,19,6,2,-1,0,0,5,0,1,0,1,1,-1,2,1,23,5,-1,-1,-1,-1,3,E01019072,0,1
2025501591448,2025,501591448,1,9,0,-1,19,2,6,-1,0,0,0,0,2,11,4,1,-1,2,2,55,8,-1,-1,-1,-1,6,E01015201,0,1
2025501591458,2025,501591458,2,8,0,-1,19,1,5,-1,0,8,0,0,0,0,1,1,-1,1,1,68,10,-1,-1,-1,-1,7,E01020227,0,2
2025501591458,2025,501591458,1,9,0,-1,9,5,2,-1,0,8,0,0,0,0,1,1,-1,6,1,42,7,-1,-1,-1,-1,1,E01015256,0,1
2025501591602,2025,501591602,1,21,1,-1,19,4,8,-1,0,8,0,0,0,0,4,1,-1,1,1,25,5,-1,-1,-1,-1,5,E01034847,0,4
2025501591602,2025,501591602,2,9,0,-1,19,6,2,-1,0,8,0,0,0,0,1,1,-1,2,1,45,7,-1,-1,-1,-1,10,E01029308,0,4
2025501591648,2025,501591648,1,9,0,-1,19,1,1,-1,0,1,0,0,0,0,1,2,-1,9,1,26,6,-1,-1,-1,-1,7,E01018883,0,1
2025501591648,2025,501591648,2,9,0,-1,19,1,1,-1,0,1,0,0,0,0,3,2,-1,9,2,37,7,-1,-1,-1,-1,7,E01009771,0,5
2025501591658,2025,501591658,2,9,0,-1,19,8,6,-1,0,8,1,0,0,0,1,1,-1,2,2,59,9,-1,-1,-1,-1,4,E01018815,0,4
2025501591658,2025,501591658,1,9,0,-1,9,8,6,-1,0,8,1,0,0,0,4,1,-1,6,2,60,9,-1,-1,-1,-1,1,E01018875,0,1
2025501591852,2025,501591852,3,9,0,-1,19,1,5,-1,0,0,0,0,0,0,1,1,-1,2,1,27,6,-1,-1,-1,-1,4,E01020302,0,4
2025501591852,2025,501591852,2,9,0,-1,19,5,1,-1,0,0,0,0,0,0,1,1,-1,2,1,60,9,-1,-1,-1,-1,3,E01020293,0,3
2025501591852,2025,501591852,4,9,0,-1,19,5,1,-1,0,0,0,0,0,0,0,1,-1,6,-1,-1,-1,-1,-1,-1,-1,-1,-1,0,-1
2025501591852,2025,501591852,1,9,0,-1,13,1,5,-1,0,0,1,0,0,0,1,1,-1,2,1,22,5,-1,-1,-1,-1,4,E01020307,0,2
2025501591903,2025,501591903,1,9,0,-1,19,8,4,-1,0,1,0,0,0,0,1,1,-1,6,1,36,7,-1,-1,-1,-1,4,E01015175,0,1
2025501591903,2025,501591903,2,19,0,-1,19,8,4,-1,0,1,0,0,0,0,2,1,-1,6,1,78,11,-1,-1,-1,-1,3,E01015093,0,1
2025501592000,2025,501592000,2,9,0,-1,2,0,0,-1,0,0,0,0,0,0,2,1,-1,6,-1,-1,-1,-1,-1,-1,-1,-1,-1,0,-1
2025501592000,2025,501592000,1,9,0,-1,19,7,3,-1,0,0,1,4,0,0,1,1,-1,6,1,38,7,-1,-1,-1,-1,6,E01014884,0,5
2025501592000,2025,501592000,3,9,0,-1,2,0,0,-1,0,0,0,0,0,0,2,1,-1,6,-1,-1,-1,-1,-1,-1,-1,-1,-1,0,-1
2025501592005,2025,501592005,1,9,0,-1,4,1,5,-1,0,1,1,0,0,0,1,1,-1,9,1,69,10,-1,-1,-1,-1,3,E01015095,0,2
2025501592005,2025,501592005,4,9,0,-1,3,1,5,-1,0,8,0,0,0,0,2,1,-1,9,2,57,9,-1,-1,-1,-1,8,E01015141,0,2
2025501592005,2025,501592005,3,9,0,-1,3,1,5,-1,0,1,0,0,0,0,2,1,-1,9,2,63,9,-1,-1,-1,-1,8,E01015111,0,1
2025501592005,2025,501592005,2,9,0,-1,3,1,5,-1,0,1,0,0,0,0,2,1,-1,2,1,44,7,-1,-1,-1,-1,8,E01015111,0,1
2025501592018,2025,501592018,1,19,0,-1,19,3,7,-1,0,0,0,0,0,0,1,1,-1,1,1,23,5,-1,-1,-1,-1,3,E01018873,0,2
2025501592018,2025,501592018,2,9,0,-1,4,3,7,-1,0,0,0,0,1,10,2,1,-1,6,2,71,10,-1,-1,-1,-1,4,E01018918,0,3
2025501592073,2025,501592073,1,9,0,-1,19,2,6,-1,0,0,5,0,0,0,3,1,-1,9,1,77,11,-1,-1,-1,-1,6,E01018935,0,2
2025501592110,2025,501592110,1,11,0,-1,19,7,3,-1,0,0,0,0,0,0,1,1,-1,1,1,53,8,-1,-1,-1,-1,3,E01020104,0,3
2025501592124,2025,501592124,1,1,0,-1,5,5,1,-1,0,1,5,0,0,0,3,1,-1,9,2,13,3,-1,-1,-1,-1,3,E01015166,0,1
2025501592124,2025,501592124,2,9,0,-1,19,3,7,-1,0,2,0,0,0,0,1,1,-1,2,1,43,7,-1,-1,-1,-1,3,E01015166,0,1
2025501592323,2025,501592323,1,9,0,-1,19,3,7,-1,0,4,0,0,0,0,0,9,-1,6,3,-1,-1,-1,-1,-1,-1,-1,-1,0,-1
2025501592323,2025,501592323,2,9,0,-1,9,1,7,-1,0,3,1,0,7,2,1,1,-1,2,1,23,5,-1,-1,-1,-1,5,E01020127,0,4
2025501592434,2025,501592434,1,9,0,-1,19,1,5,-1,0,1,0,0,0,0,1,1,-1,6,1,55,8,-1,-1,-1,-1,7,E01020338,0,2
2025501592434,2025,501592434,2,9,0,-1,4,1,7,-1,0,1,0,0,0,0,2,1,-1,9,1,66,10,-1,-1,-1,-1,5,E01020324,0,3
2025501592468,2025,501592468,1,9,0,-1,6,1,5,-1,0,8,0,0,0,0,3,1,-1,9,1,43,7,-1,-1,-1,-1,2,E01015171,0,1
2025501592468,2025,501592468,2,3,0,-1,19,1,5,-1,0,1,1,0,0,0,1,1,-1,6,1,27,6,-1,-1,-1,-1,1,E01015048,0,1
2025501592471,2025,501592471,1,9,0,-1,19,3,7,-1,0,1,0,0,0,0,3,1,-1,6,3,-1,-1,-1,-1,-1,-1,-1,-1,0,-1
2025501592535,2025,501592535,2,9,0,-1,2,0,0,-1,0,0,0,0,0,0,2,1,-1,6,1,67,10,-1,-1,-1,-1,6,E01031849,0,5
2025501592535,2025,501592535,1,9,0,-1,5,2,6,-1,0,0,0,0,0,0,1,1,-1,6,1,80,11,-1,-1,-1,-1,2,E01015081,0,1
2025501592583,2025,501592583,1,9,0,-1,4,1,5,-1,0,1,0,0,1,11,1,1,-1,9,1,88,11,-1,-1,-1,-1,1,E01019041,0,3
2025501592584,2025,501592584,1,9,0,-1,9,7,5,-1,0,6,0,0,7,0,3,1,-1,9,1,83,11,-1,-1,-1,-1,9,E01028802,0,5
2025501592584,2025,501592584,2,19,0,-1,19,5,1,-1,0,1,0,0,0,0,1,1,-1,1,1,44,7,-1,-1,-1,-1,4,E01018943,0,3
2025501592607,2025,501592607,1,9,0,-1,9,1,6,-1,0,5,0,0,0,0,1,1,-1,6,1,56,9,-1,-1,-1,-1,6,E01018752,0,1
2025501592607,2025,501592607,2,1,0,-1,19,4,1,-1,0,8,1,0,0,0,3,1,-1,2,1,46,8,-1,-1,-1,-1,4,E01018779,0,2
2025501592646,2025,501592646,1,1,0,-1,19,5,1,-1,0,1,5,0,0,0,3,1,-1,6,1,10,2,-1,-1,-1,-1,7,E01015198,0,1
2025501592646,2025,501592646,2,9,0,-1,19,3,7,-1,0,1,0,0,0,0,1,1,-1,7,1,39,7,-1,-1,-1,-1,3,E01015204,0,1
2025501592650,2025,501592650,1,9,0,-1,7,4,2,-1,0,3,1,10,2,7,1,1,-1,9,1,31,6,-1,-1,-1,-1,-1,-1,0,-1
2025501592657,2025,501592657,1,9,0,-1,19,1,5,-1,0,0,0,0,0,0,1,1,-1,2,1,43,7,-1,-1,-1,-1,4,E01020307,0,4
2025501592657,2025,501592657,2,19,0,-1,19,5,1,-1,0,0,0,0,0,0,3,1,-1,1,1,40,7,-1,-1,-1,-1,2,E01020113,0,1
2025501592657,2025,501592657,3,9,0,-1,19,5,1,-1,0,0,0,0,0,0,1,1,-1,9,2,56,9,-1,-1,-1,-1,6,E01017687,0,5
2025501592662,2025,501592662,1,5,0,-1,9,2,6,-1,0,0,0,0,1,11,3,1,-1,6,1,54,8,-1,-1,-1,-1,5,E01018904,0,2
2025501592662,2025,501592662,2,9,0,-1,19,6,2,-1,0,0,0,0,0,0,3,1,-1,6,1,32,6,-1,-1,-1,-1,4,E01018880,0,1
2025501592834,2025,501592834,1,11,0,-1,5,1,5,-1,0,3,0,0,0,0,1,1,-1,6,1,61,9,-1,-1,-1,-1,1,E01015263,0,1
2025501592951,2025,501592951,1,9,0,-1,19,6,3,-1,0,0,1,0,2,11,4,1,-1,9,1,24,5,-1,-1,-1,-1,4,E01015173,0,4
2025501592957,2025,501592957,1,9,0,-1,7,3,1,-1,4,1,0,0,0,0,4,1,-1,6,2,25,5,-1,-1,-1,-1,4,E01034157,0,1
2025501592957,2025,501592957,2,1,0,-1,19,3,7,-1,4,1,5,0,0,0,1,1,-1,6,1,27,6,-1,-1,-1,-1,2,E01015170,0,2
2025501593027,2025,501593027,2,9,0,-1,19,1,5,-1,0,0,0,0,0,0,1,1,-1,6,1,22,5,-1,-1,-1,-1,7,W01000206,0,5
2025501593027,2025,501593027,1,9,0,-1,4,1,5,-1,0,0,0,0,0,0,2,1,-1,6,2,23,5,-1,-1,-1,-1,10,E01023220,0,5
2025501593058,2025,501593058,1,3,0,-1,19,1,5,-1,0,0,0,12,0,0,1,1,-1,6,1,48,8,-1,-1,-1,-1,5,E01020328,0,2
2025501593081,2025,501593081,1,9,0,-1,4,1,5,-1,0,1,1,0,1,3,1,1,-1,2,1,28,6,-1,-1,-1,-1,5,E01018936,0,3
2025501593118,2025,501593118,1,9,0,-1,4,7,1,-1,0,1,0,0,0,0,3,1,-1,6,1,61,9,-1,-1,-1,-1,4,E01018780,0,1
2025501593118,2025,501593118,2,1,0,-1,7,2,5,-1,0,1,1,0,0,0,1,1,-1,6,3,-1,-1,-1,-1,-1,-1,-1,-1,0,-1
2025501593136,2025,501593136,1,1,0,-1,19,1,5,-1,0,8,0,0,0,0,1,1,-1,6,1,16,4,-1,-1,-1,-1,4,E01034850,0,1
2025501593136,2025,501593136,2,9,0,-1,7,7,1,-1,99,1,9,0,0,0,4,1,-1,6,2,49,8,-1,-1,-1,-1,5,E01018768,0,1
2025501593141,2025,501593141,2,9,0,-1,19,7,3,-1,0,1,0,0,0,0,1,1,-1,9,2,69,10,-1,-1,-1,-1,5,E01020339,0,1
2025501593141,2025,501593141,1,9,0,-1,19,3,7,-1,0,2,0,0,0,0,1,1,-1,9,1,51,8,-1,-1,-1,-1,7,E01020318,0,2
2025501593292,2025,501593292,2,1,0,-1,15,3,7,-1,0,0,5,0,1,0,3,1,-1,2,1,53,8,-1,-1,-1,-1,6,E01020187,0,2
2025501593292,2025,501593292,1,9,0,-1,11,3,7,-1,0,0,0,0,0,0,4,1,-1,6,1,59,9,-1,-1,-1,-1,3,E01015041,0,1
2025501593327,2025,501593327,1,9,0,-1,19,8,4,-1,0,0,0,0,0,0,3,1,-1,6,3,-1,-1,-1,-1,-1,-1,-1,-1,0,-1
2025501593397,2025,501593397,1,9,0,-1,19,2,6,-1,0,0,5,0,2,11,4,1,-1,6,2,56,9,-1,-1,-1,-1,9,E01019940,0,2
2025501593442,2025,501593442,1,9,0,-1,19,1,5,-1,0,0,0,0,0,0,3,1,-1,2,1,27,6,-1,-1,-1,-1,3,E01034172,0,2
2025501593442,2025,501593442,2,9,0,-1,19,5,1,-1,0,0,0,0,0,0,3,1,-1,9,2,41,7,-1,-1,-1,-1,6,E01020150,0,2
2025501593444,2025,501593444,2,9,0,-1,19,5,1,-1,0,1,0,0,0,0,1,1,-1,6,2,18,4,-1,-1,-1,-1,2,E01015259,0,1
2025501593444,2025,501593444,1,9,0,-1,10,5,2,-1,0,5,0,0,0,0,2,1,-1,6,2,48,8,-1,-1,-1,-1,3,E01015270,0,1
2025501593503,2025,501593503,1,3,0,-1,14,2,6,-1,0,1,0,0,0,0,1,1,-1,6,1,49,8,-1,-1,-1,-1,-1,-1,0,-1
2025501593503,2025,501593503,2,9,0,-1,9,3,2,-1,0,2,0,0,0,0,3,1,-1,2,1,32,6,-1,-1,-1,-1,3,E01015052,0,1
2025501593600,2025,501593600,1,9,0,-1,19,2,8,-1,0,2,0,0,7,4,1,1,-1,6,1,21,5,-1,-1,-1,-1,1,E01019056,0,4
2025501593613,2025,501593613,1,9,0,-1,19,2,5,-1,0,0,0,0,0,0,1,1,-1,6,2,19,4,-1,-1,-1,-1,4,E01019932,0,4
2025501593613,2025,501593613,2,19,0,-1,3,2,5,-1,0,0,0,0,0,0,2,1,-1,6,1,54,8,-1,-1,-1,-1,7,E01019969,0,1
2025501593627,2025,501593627,1,9,0,-1,19,4,8,-1,0,0,2,0,0,0,1,1,-1,9,2,34,6,-1,-1,-1,-1,3,E01020131,0,3
2025501593813,2025,501593813,3,11,0,-1,19,8,4,-1,0,0,0,0,0,0,2,1,-1,1,1,58,9,-1,-1,-1,-1,8,E01020011,0,2
2025501593813,2025,501593813,1,5,0,-1,19,8,4,-1,0,0,1,0,0,0,3,1,-1,9,1,22,5,-1,-1,-1,-1,5,E01020068,0,1
2025501593813,2025,501593813,2,9,4,-1,19,4,8,-1,0,0,0,0,0,0,3,1,-1,2,2,37,7,-1,-1,-1,-1,5,E01019901,0,4
2025501593932,2025,501593932,2,1,-1,-1,-1,1,5,-1,-1,0,-1,-1,-1,0,-1,1,-1,6,1,14,3,-1,-1,-1,-1,5,E01034853,0,2
2025501593932,2025,501593932,1,9,-1,-1,-1,5,1,-1,-1,0,-1,-1,-1,0,-1,9,-1,6,3,-1,-1,-1,-1,-1,-1,-1,-1,0,-1
2025501593936,2025,501593936,2,9,0,-1,2,0,0,-1,0,1,0,0,0,0,4,1,-1,9,1,22,5,-1,-1,-1,-1,7,E01019045,0,1
2025501593936,2025,501593936,1,9,0,-1,15,6,2,-1,0,1,0,0,0,0,4,1,-1,9,2,82,11,-1,-1,-1,-1,5,E01019066,0,3
2025501594018,2025,501594018,1,9,0,-1,1,7,3,-1,0,8,0,0,0,0,2,1,-1,9,1,25,5,-1,-1,-1,-1,2,E01015073,0,1
2025501594024,2025,501594024,2,9,0,-1,3,5,1,-1,0,0,0,0,0,0,0,1,-1,6,-1,-1,-1,-1,-1,-1,-1,-1,-1,0,-1
2025501594024,2025,501594024,1,9,0,-1,1,5,1,-1,0,0,0,0,0,0,2,1,-1,9,1,84,11,-1,-1,-1,-1,5,E01020213,0,1
2025501594047,2025,501594047,2,9,0,-1,19,6,3,-1,0,2,0,0,0,0,4,1,-1,2,1,23,5,-1,-1,-1,-1,6,E01020161,0,4
2025501594047,2025,501594047,1,9,0,-1,9,3,8,-1,0,8,0,0,7,0,4,1,-1,9,2,83,11,-1,-1,-1,-1,6,E01020142,0,3
2025501594052,2025,501594052,1,9,0,-1,19,3,7,-1,0,0,0,0,7,0,1,1,-1,9,1,79,11,-1,-1,-1,-1,9,E01015121,0,1
2025501594057,2025,501594057,2,5,0,-1,19,7,3,-1,0,8,0,0,0,0,1,1,-1,6,2,56,9,-1,-1,-1,-1,4,E01018850,0,2
2025501594057,2025,501594057,1,9,0,-1,9,3,1,-1,0,8,0,0,0,0,2,1,-1,9,1,65,9,-1,-1,-1,-1,3,E01019072,0,2
2025501594112,2025,501594112,1,9,0,-1,19,8,4,-1,0,0,0,0,0,0,0,1,-1,6,2,36,7,-1,-1,-1,-1,6,E01015202,0,1
2025501594112,2025,501594112,3,9,0,-1,2,0,0,-1,0,0,0,0,0,0,2,1,-1,6,1,40,7,-1,-1,-1,-1,6,E01015202,0,1
2025501594112,2025,501594112,2,4,0,-1,19,8,4,-1,0,0,1,4,0,0,4,1,-1,9,1,60,9,-1,-1,-1,-1,8,E01020170,0,1
2025501594124,2025,501594124,2,1,0,-1,19,6,2,-1,0,0,0,0,0,0,1,1,-1,9,1,21,5,-1,-1,-1,-1,-1,-1,0,-1
2025501594124,2025,501594124,1,1,0,-1,19,6,2,-1,0,0,0,0,0,0,1,1,-1,9,1,21,5,-1,-1,-1,-1,10,E01027307,0,5
2025501594124,2025,501594124,3,1,0,-1,19,6,2,-1,0,0,0,0,0,0,0,1,-1,9,1,21,5,-1,-1,-1,-1,10,E01035756,0,5
2025501594124,2025,501594124,4,1,0,-1,19,6,2,-1,0,0,0,0,0,0,1,1,-1,9,1,20,4,-1,-1,-1,-1,10,E01022772,0,5
2025501594240,2025,501594240,2,9,0,-1,4,8,4,-1,0,0,0,0,0,0,3,1,-1,2,1,58,9,-1,-1,-1,-1,9,E01020239,0,1
2025501594240,2025,501594240,1,9,0,-1,19,4,8,-1,0,0,9,0,1,10,1,1,-1,6,1,20,4,-1,-1,-1,-1,3,E01015204,0,1
2025501594260,2025,501594260,2,9,0,-1,19,6,2,-1,0,8,0,0,4,0,1,1,-1,6,2,32,6,-1,-1,-1,-1,1,E01019041,0,3
2025501594260,2025,501594260,1,17,0,-1,12,6,4,-1,0,1,0,0,0,0,3,1,-1,1,1,82,11,-1,-1,-1,-1,3,E01018925,0,4
2025501594321,2025,501594321,1,9,0,-1,7,6,8,-1,0,5,0,0,0,0,1,9,-1,6,3,-1,-1,-1,-1,-1,-1,-1,-1,0,-1
2025501594392,2025,501594392,1,9,0,-1,19,1,5,-1,0,0,0,0,0,0,1,2,-1,9,1,64,9,-1,-1,-1,-1,6,E01018786,0,1
2025501594542,2025,501594542,1,9,0,-1,19,7,2,-1,0,1,0,0,0,0,1,1,-1,6,3,-1,-1,-1,-1,-1,-1,-1,-1,0,-1
2025501594542,2025,501594542,2,9,0,-1,3,7,2,-1,0,1,0,0,0,0,2,1,-1,6,2,66,10,-1,-1,-1,-1,6,E01020220,0,2
2025501594608,2025,501594608,2,9,0,-1,19,5,1,-1,0,0,1,0,0,0,1,1,-1,9,1,26,6,-1,-1,-1,-1,6,E01020074,0,3
2025501594608,2025,501594608,1,9,0,-1,19,1,5,-1,0,0,0,0,0,0,1,1,-1,9,2,53,8,-1,-1,-1,-1,3,E01029338,0,2
2025501594657,2025,501594657,1,9,0,-1,19,1,5,-1,0,0,5,0,2,0,4,1,-1,9,1,36,7,-1,-1,-1,-1,7,E01018886,0,1
2025501594664,2025,501594664,1,9,0,-1,19,5,1,-1,0,0,1,0,2,4,1,1,-1,9,1,25,5,-1,-1,-1,-1,8,E01020306,0,2
2025501594665,2025,501594665,1,9,0,-1,19,1,6,-1,0,0,0,0,0,0,1,1,-1,2,1,40,7,-1,-1,-1,-1,1,E01015217,0,1
2025501594786,2025,501594786,1,1,0,-1,19,1,5,-1,4,4,5,0,0,0,1,1,-1,9,2,70,10,-1,-1,-1,-1,5,E01018921,0,2
2025501594786,2025,501594786,2,9,0,-1,19,3,7,-1,0,4,0,0,0,0,4,1,-1,9,2,24,5,-1,-1,-1,-1,8,E01018811,0,1
2025501594843,2025,501594843,2,9,0,-1,19,1,5,-1,0,8,0,0,0,0,4,1,-1,6,2,19,4,-1,-1,-1,-1,6,E01015200,0,1
2025501594843,2025,501594843,1,1,0,-1,19,3,7,-1,0,8,5,0,0,0,1,1,-1,6,2,11,3,-1,-1,-1,-1,6,E01015200,0,1
2025501594874,2025,501594874,1,9,0,-1,9,1,7,-1,0,2,0,0,0,0,0,1,-1,6,3,-1,-1,-1,-1,-1,-1,-1,-1,0,-1
2025501594874,2025,501594874,2,3,0,-1,4,1,5,-1,0,1,1,0,0,0,0,1,-1,6,1,21,5,-1,-1,-1,-1,7,E01020043,0,1
2025501594902,2025,501594902,1,9,0,-1,19,5,5,-1,0,0,5,0,2,4,1,1,-1,6,1,26,6,-1,-1,-1,-1,4,E01018956,0,4
2025501594905,2025,501594905,2,9,0,-1,19,2,6,-1,0,8,1,0,0,0,1,1,-1,6,1,64,9,-1,-1,-1,-1,7,E01032696,0,5
2025501594905,2025,501594905,1,19,0,-1,19,8,4,-1,0,8,1,0,7,4,4,1,-1,6,1,39,7,-1,-1,-1,-1,4,E01019002,0,1
2025501594955,2025,501594955,1,9,0,-1,19,7,2,-1,0,0,1,0,7,10,3,1,-1,9,1,22,5,-1,-1,-1,-1,4,E01020234,0,2
2025501595306,2025,501595306,1,9,0,-1,15,7,3,-1,0,4,0,0,0,0,3,1,-1,6,1,43,7,-1,-1,-1,-1,4,E01014676,0,5
2025501595306,2025,501595306,2,9,0,-1,19,4,8,-1,0,3,0,0,0,0,1,1,-1,6,1,77,11,-1,-1,-1,-1,5,E01015079,0,1
2025501595465,2025,501595465,2,19,0,-1,19,7,3,-1,0,0,0,0,1,0,1,1,-1,1,1,51,8,-1,-1,-1,-1,7,E01034623,0,4
2025501595465,2025,501595465,1,9,0,-1,19,3,7,-1,0,0,0,0,0,0,1,1,-1,9,1,78,11,-1,-1,-1,-1,7,E01020047,0,4
2025501595561,2025,501595561,2,9,0,-1,19,7,2,-1,0,8,0,0,1,2,1,1,-1,9,1,54,8,-1,-1,-1,-1,7,E01020071,0,3
2025501595561,2025,501595561,1,9,0,-1,12,7,2,-1,0,8,0,0,0,0,3,1,-1,9,1,25,5,-1,-1,-1,-1,1,E01012318,0,5
2025501595689,2025,501595689,2,9,0,-1,2,0,0,-1,0,2,0,4,0,0,1,1,-1,6,-1,-1,-1,-1,-1,-1,-1,-1,-1,0,-1
2025501595689,2025,501595689,1,9,0,-1,7,4,6,-1,0,1,0,4,0,0,1,1,-1,9,2,86,11,-1,-1,-1,-1,4,E01015241,0,1
2025501595689,2025,501595689,3,9,0,-1,2,0,0,-1,0,2,0,4,0,0,2,1,-1,6,-1,-1,-1,-1,-1,-1,-1,-1,-1,0,-1
2025501595956,2025,501595956,3,9,0,-1,4,7,3,-1,0,0,0,0,0,0,2,1,-1,9,1,68,10,-1,-1,-1,-1,4,E01019481,0,5
2025501595956,2025,501595956,2,9,0,-1,4,7,3,-1,0,0,0,0,4,0,2,1,-1,9,1,44,7,-1,-1,-1,-1,8,E01032985,0,5
2025501595956,2025,501595956,1,9,0,-1,4,7,3,-1,0,0,0,0,0,0,1,1,-1,9,1,18,4,-1,-1,-1,-1,7,E01019656,0,5
2025501596003,2025,501596003,1,9,0,-1,19,3,7,-1,0,0,0,0,0,0,4,9,-1,6,1,33,6,-1,-1,-1,-1,4,E01018894,0,1
2025501596003,2025,501596003,2,9,0,-1,9,5,3,-1,0,0,0,0,0,0,1,9,-1,6,2,42,7,-1,-1,-1,-1,4,E01018918,0,2
2025501596022,2025,501596022,2,9,0,-1,19,6,2,-1,0,0,0,0,0,0,1,1,-1,2,1,33,6,-1,-1,-1,-1,5,E01020065,0,3
2025501596022,2025,501596022,1,19,0,-1,19,2,6,-1,0,0,0,0,0,0,1,1,-1,1,1,29,6,-1,-1,-1,-1,6,E01034625,0,4
2025501596024,2025,501596024,1,9,0,-1,9,1,6,-1,0,6,0,0,0,0,3,1,-1,6,1,51,8,-1,-1,-1,-1,5,E01019040,0,2
2025501596024,2025,501596024,2,3,0,-1,19,6,2,-1,0,8,1,0,0,0,1,1,-1,6,1,-1,-1,-1,-1,-1,-1,7,E01019016,0,1
2025501596137,2025,501596137,2,1,0,-1,19,3,7,-1,0,2,0,0,0,0,4,1,-1,6,1,18,4,-1,-1,-1,-1,2,E01015181,0,1
2025501596137,2025,501596137,1,9,0,-1,2,0,0,-1,0,2,0,8,0,0,3,1,-1,9,1,63,9,-1,-1,-1,-1,5,E01020334,0,3
2025501596216,2025,501596216,2,9,0,-1,13,2,6,-1,0,0,0,0,0,0,4,1,-1,6,2,28,6,-1,-1,-1,-1,8,E01020110,0,2
2025501596216,2025,501596216,1,9,0,-1,19,2,6,-1,0,0,0,0,0,0,1,1,-1,6,1,49,8,-1,-1,-1,-1,4,E01029111,0,4
2025501596317,2025,501596317,2,9,0,-1,19,2,6,-1,0,1,0,0,0,0,1,1,-1,9,2,81,11,-1,-1,-1,-1,5,E01020334,0,1
2025501596317,2025,501596317,1,9,0,-1,9,6,2,-1,0,1,0,0,0,0,1,1,-1,9,1,36,7,-1,-1,-1,-1,5,E01020334,0,1
2025501596364,2025,501596364,2,9,0,-1,19,7,3,-1,0,8,1,0,7,0,3,1,-1,2,2,60,9,-1,-1,-1,-1,8,E01020027,0,1
2025501596364,2025,501596364,1,9,0,-1,11,7,3,-1,0,8,0,0,0,0,4,1,-1,6,3,-1,-1,-1,-1,-1,-1,-1,-1,0,-1
2025501596396,2025,501596396,2,20,0,-1,19,4,7,-1,0,8,0,0,0,0,3,1,-1,1,1,40,7,-1,-1,-1,-1,4,E01015247,0,4
2025501596396,2025,501596396,1,9,0,-1,19,8,4,-1,0,8,1,0,0,0,3,1,-1,9,1,64,9,-1,-1,-1,-1,4,E01015221,0,3
2025501596444,2025,501596444,2,19,0,-1,19,5,1,-1,0,1,0,0,0,0,1,1,-1,1,1,23,5,-1,-1,-1,-1,10,E01020004,0,2
2025501596444,2025,501596444,1,9,0,-1,19,1,5,-1,0,2,0,0,0,0,1,1,-1,6,1,85,11,-1,-1,-1,-1,8,E01019983,0,1
2025501596444,2025,501596444,4,19,0,-1,2,0,0,-1,0,2,0,0,0,0,2,1,-1,6,-1,-1,-1,-1,-1,-1,-1,-1,-1,0,-1