collision_index,collision_year,collision_ref_no,vehicle_reference,vehicle_type,towing_and_articulation,vehicle_manoeuvre_historic,vehicle_manoeuvre,vehicle_direction_from,vehicle_direction_to,vehicle_location_restricted_lane_historic,vehicle_location_restricted_lane,junction_location,skidding_and_overturning,hit_object_in_carriageway,vehicle_leaving_carriageway,hit_object_off_carriageway,first_point_of_impact,vehicle_left_hand_drive,journey_purpose_of_driver_historic,journey_purpose_of_driver,sex_of_driver,age_of_driver,age_band_of_driver,engine_capacity_cc,propulsion_code,age_of_vehicle,generic_make_model,driver_imd_decile,lsoa_of_driver,escooter_flag,driver_distance_banding
2025501601011,2025,501601011,2,1,0,-1,19,1,5,-1,0,0,0,0,0,0,3,1,-1,6,1,74,10,-1,-1,-1,-1,4,E01015236,0,3
2025501601187,2025,501601187,1,9,0,-1,4,7,3,-1,0,0,1,0,1,0,1,1,-1,9,1,42,7,-1,-1,-1,-1,7,E01033294,0,2
2025501601187,2025,501601187,2,9,0,-1,4,3,7,-1,0,0,1,0,0,0,1,1,-1,9,1,25,5,-1,-1,-1,-1,5,E01018757,0,1
2025501601229,2025,501601229,2,9,0,-1,4,7,3,-1,0,0,0,0,0,0,2,1,-1,1,2,39,7,-1,-1,-1,-1,7,E01031974,0,5
2025501601229,2025,501601229,1,9,0,-1,4,7,3,-1,0,0,0,0,0,0,1,1,-1,9,1,37,7,-1,-1,-1,-1,9,E01031730,0,5
2025501601246,2025,501601246,2,9,0,-1,4,1,5,-1,0,0,0,0,0,0,1,1,-1,6,1,44,7,-1,-1,-1,-1,5,E01020157,0,4
2025501601246,2025,501601246,1,9,0,-1,19,5,1,-1,0,0,5,0,1,10,1,1,-1,6,2,18,4,-1,-1,-1,-1,7,E01032628,0,4
2025501601255,2025,501601255,2,3,0,-1,4,6,2,-1,0,0,0,0,0,0,1,1,-1,2,1,31,6,-1,-1,-1,-1,6,E01020299,0,1
2025501601255,2025,501601255,1,19,0,-1,1,2,6,-1,0,0,0,0,0,0,2,1,-1,6,1,67,10,-1,-1,-1,-1,3,E01020297,0,1
2025501601349,2025,501601349,1,9,0,-1,19,4,8,-1,0,2,0,0,0,0,1,1,-1,9,1,77,11,-1,-1,-1,-1,7,E01019025,0,1
2025501601349,2025,501601349,3,9,0,-1,19,4,8,-1,0,2,0,0,1,0,0,1,-1,6,1,55,8,-1,-1,-1,-1,4,E01019037,0,2
2025501601349,2025,501601349,4,9,0,-1,19,4,8,-1,0,2,0,0,0,0,2,1,-1,6,2,46,8,-1,-1,-1,-1,7,E01019058,0,1
2025501601349,2025,501601349,2,9,0,-1,19,4,8,-1,0,2,0,0,0,0,2,1,-1,6,2,56,9,-1,-1,-1,-1,3,E01018766,0,1
2025501601349,2025,501601349,5,19,0,-1,19,8,4,-1,0,1,0,0,0,0,3,1,-1,9,2,39,7,-1,-1,-1,-1,6,E01019026,0,1
2025501601415,2025,501601415,1,9,0,-1,9,7,5,-1,0,6,0,0,0,0,1,1,-1,1,2,26,6,-1,-1,-1,-1,7,E01015103,0,4
2025501601415,2025,501601415,2,9,0,-1,19,5,1,-1,0,1,0,0,0,0,4,1,-1,7,2,44,7,-1,-1,-1,-1,6,E01020231,0,1
2025501601419,2025,501601419,2,1,0,-1,9,7,5,-1,0,8,0,0,0,0,1,1,-1,1,1,59,9,-1,-1,-1,-1,6,E01019039,0,3
2025501601419,2025,501601419,1,9,0,-1,19,3,7,-1,0,4,0,0,0,0,3,1,-1,1,1,42,7,-1,-1,-1,-1,5,E01018768,0,4
2025501601504,2025,501601504,2,9,0,-1,4,2,6,-1,0,0,0,0,0,0,2,1,-1,2,2,57,9,-1,-1,-1,-1,9,E01020146,0,2
2025501601504,2025,501601504,1,5,0,-1,19,2,6,-1,0,0,0,0,0,0,1,1,-1,9,1,71,10,-1,-1,-1,-1,7,E01015107,0,2
2025501601511,2025,501601511,2,5,0,-1,19,2,6,-1,0,1,0,0,0,0,4,1,-1,6,1,44,7,-1,-1,-1,-1,5,E01015079,0,4
2025501601511,2025,501601511,1,8,0,-1,9,6,4,-1,0,1,0,0,0,0,1,1,-1,6,2,21,5,-1,-1,-1,-1,5,E01020328,0,1
2025501601537,2025,501601537,1,4,0,-1,4,5,1,-1,0,8,0,0,0,0,4,1,-1,9,1,80,11,-1,-1,-1,-1,8,E01009472,0,5
2025501601557,2025,501601557,1,9,0,-1,19,1,5,-1,9,0,0,10,1,0,1,1,-1,6,1,61,9,-1,-1,-1,-1,6,E01029271,0,4
2025501601562,2025,501601562,1,9,0,-1,4,2,6,-1,0,0,0,0,1,1,1,1,-1,9,1,80,11,-1,-1,-1,-1,8,E01019010,0,2
2025501601602,2025,501601602,1,9,0,-1,19,1,5,-1,0,0,5,0,8,10,1,1,-1,9,2,77,11,-1,-1,-1,-1,4,E01018778,0,1
2025501601657,2025,501601657,2,5,0,-1,19,6,2,-1,0,8,0,0,0,0,4,1,-1,9,1,59,9,-1,-1,-1,-1,4,E01018782,0,2
2025501601657,2025,501601657,1,9,0,-1,9,8,6,-1,0,6,0,0,0,0,1,1,-1,1,2,22,5,-1,-1,-1,-1,4,E01034850,0,2
2025501601680,2025,501601680,2,9,0,-1,4,7,3,-1,0,8,0,0,0,0,1,1,-1,9,1,74,10,-1,-1,-1,-1,6,E01018981,0,5
2025501601680,2025,501601680,1,4,0,-1,5,2,7,-1,0,8,0,0,0,0,3,1,-1,9,1,66,10,-1,-1,-1,-1,-1,-1,0,-1
2025501601687,2025,501601687,1,9,0,-1,19,4,6,-1,0,1,0,0,0,0,1,1,-1,9,2,80,11,-1,-1,-1,-1,4,E01018778,0,1
2025501601687,2025,501601687,2,1,0,-1,9,5,1,-1,0,1,2,0,0,0,1,1,-1,6,1,29,6,-1,-1,-1,-1,4,E01018778,0,1
2025501601688,2025,501601688,1,9,0,-1,19,1,5,-1,0,2,0,0,7,11,1,1,-1,2,2,37,7,-1,-1,-1,-1,3,E01018974,0,1
2025501601735,2025,501601735,2,9,0,-1,19,2,6,-1,0,0,0,4,0,0,1,1,-1,2,1,30,6,-1,-1,-1,-1,5,E01020017,0,3
2025501601735,2025,501601735,1,9,0,-1,2,0,0,-1,0,0,0,0,0,0,2,1,-1,1,1,50,8,-1,-1,-1,-1,9,E01033234,0,3
2025501601872,2025,501601872,2,1,0,-1,3,7,3,-1,0,0,0,0,0,0,4,1,-1,6,2,48,8,-1,-1,-1,-1,8,E01019921,0,1
2025501601872,2025,501601872,1,9,0,-1,1,3,7,-1,0,0,0,0,0,0,2,1,-1,6,2,26,6,-1,-1,-1,-1,8,E01019910,0,1
2025501601932,2025,501601932,1,9,0,-1,9,5,1,-1,0,1,0,0,0,0,1,1,-1,9,2,75,10,-1,-1,-1,-1,9,E01020238,0,4
2025501601932,2025,501601932,2,19,0,-1,19,1,5,-1,0,1,0,0,0,0,1,1,-1,1,1,40,7,-1,-1,-1,-1,8,E01020051,0,3
2025501602035,2025,501602035,2,9,0,-1,10,3,7,-1,0,1,0,0,0,0,2,1,-1,6,1,52,8,-1,-1,-1,-1,9,E01008521,0,5
2025501602035,2025,501602035,1,5,0,-1,19,3,7,-1,0,1,0,0,0,0,1,1,-1,6,1,28,6,-1,-1,-1,-1,6,E01018832,0,3
2025501602045,2025,501602045,1,9,0,-1,19,4,8,-1,0,1,0,0,0,0,1,9,-1,6,1,30,6,-1,-1,-1,-1,2,E01018928,0,1
2025501602059,2025,501602059,1,9,0,-1,19,7,3,-1,0,8,1,0,7,0,1,1,-1,9,2,64,9,-1,-1,-1,-1,1,E01015149,0,1
2025501602065,2025,501602065,1,9,0,-1,9,4,2,-1,0,5,0,0,0,0,1,1,-1,9,2,18,4,-1,-1,-1,-1,7,E01020136,0,3
2025501602065,2025,501602065,2,9,0,-1,19,8,4,-1,0,1,0,0,0,0,1,1,-1,1,1,51,8,-1,-1,-1,-1,5,E01020088,0,1
2025501602081,2025,501602081,1,9,0,-1,7,3,5,-1,0,5,0,0,0,0,1,1,-1,9,1,70,10,-1,-1,-1,-1,6,E01018935,0,1
2025501602229,2025,501602229,1,9,0,-1,19,5,1,-1,0,0,0,0,0,0,4,1,-1,6,2,39,7,-1,-1,-1,-1,5,E01029193,0,4
2025501602279,2025,501602279,2,1,0,-1,19,7,3,-1,4,8,5,0,0,0,3,1,-1,2,1,53,8,-1,-1,-1,-1,5,E01020157,0,4
2025501602279,2025,501602279,1,9,0,-1,8,7,8,-1,4,8,0,0,0,0,4,1,-1,6,1,33,6,-1,-1,-1,-1,1,E01015152,0,1
2025501602285,2025,501602285,2,9,0,-1,3,4,8,-1,0,0,0,0,0,0,2,1,-1,1,1,56,9,-1,-1,-1,-1,9,E01033234,0,1
2025501602285,2025,501602285,1,9,0,-1,19,4,8,-1,0,0,0,0,0,0,1,1,-1,6,2,28,6,-1,-1,-1,-1,4,E01020012,0,1
2025501602323,2025,501602323,2,9,0,-1,19,5,2,-1,0,8,0,0,0,0,3,1,-1,9,1,66,10,-1,-1,-1,-1,6,E01018957,0,1
2025501602323,2025,501602323,1,9,0,-1,9,1,5,-1,0,6,0,0,0,0,1,1,-1,9,1,32,6,-1,-1,-1,-1,10,E01029104,0,5
2025501602361,2025,501602361,1,9,0,-1,4,1,5,-1,0,0,0,0,0,0,4,9,-1,9,1,58,9,-1,-1,-1,-1,4,E01018861,0,1
2025501602361,2025,501602361,2,1,0,-1,19,5,1,-1,0,0,0,0,0,0,4,1,-1,6,1,15,3,-1,-1,-1,-1,7,E01018886,0,1
2025501602366,2025,501602366,1,3,0,-1,13,2,6,-1,0,0,1,0,0,0,1,1,-1,2,2,36,7,-1,-1,-1,-1,7,E01020064,0,2
2025501602464,2025,501602464,1,9,0,-1,9,6,2,-1,0,6,0,0,0,0,4,1,-1,9,1,70,10,-1,-1,-1,-1,6,-1,0,5
2025501602464,2025,501602464,2,9,0,-1,19,6,2,-1,0,8,0,0,1,4,1,1,-1,9,1,77,11,-1,-1,-1,-1,9,E01034719,0,5
2025501602558,2025,501602558,1,9,0,-1,19,2,7,-1,0,0,0,0,1,4,1,1,-1,9,2,46,8,-1,-1,-1,-1,8,E01032049,0,5
2025501602606,2025,501602606,1,3,0,-1,19,4,1,-1,0,0,2,0,0,0,1,1,-1,9,1,42,7,-1,-1,-1,-1,2,E01018774,0,1
2025501602606,2025,501602606,2,9,0,-1,19,1,4,-1,0,0,0,0,0,0,1,1,-1,9,1,18,4,-1,-1,-1,-1,2,E01018774,0,1
2025501602636,2025,501602636,1,3,0,-1,19,3,7,-1,0,1,0,4,1,0,1,1,-1,6,1,23,5,-1,-1,-1,-1,5,E01032657,0,1
2025501602637,2025,501602637,1,9,0,-1,19,8,4,-1,0,0,1,0,8,11,4,1,-1,2,2,19,4,-1,-1,-1,-1,6,E01015132,0,1
2025501602743,2025,501602743,2,9,0,-1,10,2,8,-1,0,8,0,0,0,0,3,1,-1,1,2,24,5,-1,-1,-1,-1,4,E01020130,0,3
2025501602743,2025,501602743,1,20,0,-1,19,6,4,-1,0,6,0,0,1,10,1,1,-1,1,1,29,6,-1,-1,-1,-1,1,E01011081,0,5
2025501602797,2025,501602797,3,9,0,-1,3,5,1,-1,0,7,0,0,0,0,2,1,-1,9,2,68,10,-1,-1,-1,-1,10,E01015160,0,1
2025501602797,2025,501602797,2,9,0,-1,3,5,1,-1,0,7,0,0,0,0,2,1,-1,9,2,52,8,-1,-1,-1,-1,2,E01015073,0,1
2025501602797,2025,501602797,1,9,0,-1,19,5,1,-1,0,7,0,0,0,0,1,1,-1,9,1,53,8,-1,-1,-1,-1,2,E01015162,0,1
2025501602950,2025,501602950,1,4,0,-1,19,2,6,-1,0,0,0,0,1,0,1,1,-1,9,1,37,7,-1,-1,-1,-1,3,E01018978,0,3
2025501602950,2025,501602950,3,9,0,-1,2,0,0,-1,0,0,0,0,0,0,0,1,-1,6,-1,-1,-1,-1,-1,-1,-1,-1,-1,0,-1
2025501602950,2025,501602950,2,9,0,-1,19,2,6,-1,0,0,0,0,0,0,1,1,-1,9,2,85,11,-1,-1,-1,-1,5,E01018820,0,1
2025501603074,2025,501603074,1,3,0,-1,19,5,1,-1,0,0,2,0,0,0,1,1,-1,9,2,20,4,-1,-1,-1,-1,7,E01033294,0,2
2025501603074,2025,501603074,2,9,0,-1,4,5,1,-1,0,0,0,0,0,0,2,1,-1,9,1,35,6,-1,-1,-1,-1,4,E01015037,0,1
2025501603128,2025,501603128,1,9,0,-1,19,6,2,-1,0,0,5,0,2,10,4,1,-1,9,1,18,4,-1,-1,-1,-1,6,E01018981,0,3
2025501603197,2025,501603197,2,9,0,-1,7,6,8,-1,0,6,0,0,0,0,3,1,-1,6,3,-1,-1,-1,-1,-1,-1,-1,-1,0,-1
2025501603197,2025,501603197,1,1,0,-1,19,4,8,-1,0,1,0,0,0,0,1,1,-1,6,1,38,7,-1,-1,-1,-1,7,E01034622,0,3
2025501603209,2025,501603209,1,9,0,-1,9,8,6,-1,0,6,0,0,0,0,3,1,-1,9,1,48,8,-1,-1,-1,-1,6,E01018826,0,1
2025501603209,2025,501603209,2,5,0,-1,19,6,2,-1,0,8,2,0,7,0,1,1,-1,6,1,19,4,-1,-1,-1,-1,6,E01018826,0,1
2025501603252,2025,501603252,1,9,0,-1,9,4,1,-1,0,1,0,0,1,11,3,1,-1,9,2,18,4,-1,-1,-1,-1,8,E01018792,0,2
2025501603368,2025,501603368,1,9,0,-1,-1,-1,-1,-1,-1,0,-1,-1,-1,0,-1,1,-1,6,2,25,5,-1,-1,-1,-1,6,E01018835,0,3
2025501603512,2025,501603512,1,9,0,-1,7,4,6,-1,0,4,0,0,0,0,1,1,-1,2,1,81,11,-1,-1,-1,-1,9,E01034857,0,4
2025501603512,2025,501603512,2,2,0,-1,19,3,6,-1,0,3,5,0,0,0,4,1,-1,7,2,16,4,-1,-1,-1,-1,7,E01018816,0,2
2025501603587,2025,501603587,1,3,0,-1,19,2,6,-1,0,0,5,0,1,10,4,1,-1,9,1,17,4,-1,-1,-1,-1,5,E01020076,0,1
2025501603664,2025,501603664,3,9,0,-1,19,2,6,-1,0,1,0,0,0,0,2,2,-1,9,2,61,9,-1,-1,-1,-1,4,E01018994,0,2
2025501603664,2025,501603664,1,19,0,-1,19,2,6,-1,0,1,0,0,0,0,1,2,-1,2,1,22,5,-1,-1,-1,-1,1,E01018997,0,1
2025501603664,2025,501603664,2,9,0,-1,19,2,6,-1,0,1,0,0,0,0,2,2,-1,9,2,50,8,-1,-1,-1,-1,3,E01019000,0,2
2025501603697,2025,501603697,3,9,0,-1,19,6,2,-1,0,0,0,0,0,0,2,1,-1,2,2,38,7,-1,-1,-1,-1,8,E01015141,0,1
2025501603697,2025,501603697,2,9,0,-1,19,6,2,-1,0,0,0,0,0,0,2,1,-1,6,3,-1,-1,-1,-1,-1,-1,-1,-1,0,-1
2025501603697,2025,501603697,1,9,0,-1,19,6,2,-1,0,0,0,0,0,0,1,1,-1,6,3,-1,-1,-1,-1,-1,-1,-1,-1,0,-1
2025501603698,2025,501603698,1,9,0,-1,7,5,6,-1,0,6,0,0,0,0,1,1,-1,9,1,63,9,-1,-1,-1,-1,3,E01019975,0,1
2025501603698,2025,501603698,2,5,0,-1,19,2,6,-1,0,1,2,0,7,10,1,1,-1,9,1,42,7,-1,-1,-1,-1,6,E01020059,0,3
2025501603737,2025,501603737,1,1,0,-1,19,3,7,-1,0,0,2,0,0,0,1,1,-1,9,1,23,5,-1,-1,-1,-1,6,E01019903,0,1
2025501603737,2025,501603737,2,19,0,-1,4,7,3,-1,0,0,0,0,0,0,1,1,-1,9,1,43,7,-1,-1,-1,-1,7,E01034621,0,1
2025501603767,2025,501603767,1,9,0,-1,19,3,7,-1,0,6,1,0,0,0,4,1,-1,6,1,79,11,-1,-1,-1,-1,4,E01020302,0,1
2025501603767,2025,501603767,2,5,0,-1,19,5,1,-1,0,8,1,0,0,0,1,1,-1,6,1,22,5,-1,-1,-1,-1,8,E01020306,0,4
2025501603774,2025,501603774,1,9,0,-1,19,8,3,-1,0,1,1,0,0,0,4,1,-1,6,1,21,5,-1,-1,-1,-1,6,E01018824,0,3
2025501603781,2025,501603781,1,9,0,-1,19,1,5,-1,0,0,0,0,0,0,1,1,-1,1,1,40,7,-1,-1,-1,-1,5,E01015215,0,4
2025501603781,2025,501603781,2,9,0,-1,19,5,1,-1,0,0,0,0,0,0,1,1,-1,6,1,64,9,-1,-1,-1,-1,6,E01020274,0,1
2025501603784,2025,501603784,1,9,0,-1,19,4,8,-1,0,0,0,0,0,0,1,9,-1,6,3,-1,-1,-1,-1,-1,-1,-1,-1,0,-1
2025501603784,2025,501603784,2,9,0,-1,19,4,8,-1,0,0,0,0,0,0,2,1,-1,6,1,26,6,-1,-1,-1,-1,6,E01015102,0,1
2025501603860,2025,501603860,1,9,0,-1,7,2,4,-1,0,0,0,0,0,0,1,1,-1,9,2,63,9,-1,-1,-1,-1,8,E01020268,0,3
2025501603860,2025,501603860,2,1,0,-1,19,4,8,-1,9,0,5,0,0,0,3,1,-1,2,2,12,3,-1,-1,-1,-1,6,E01034634,0,1
2025501604056,2025,501604056,1,-1,0,-1,19,5,1,-1,0,1,0,0,0,0,1,1,-1,9,2,51,8,-1,-1,-1,-1,4,E01019059,1,1
2025501604056,2025,501604056,2,19,0,-1,19,1,5,-1,0,2,0,0,0,0,3,1,-1,1,1,25,5,-1,-1,-1,-1,8,E01034858,0,3
2025501604079,2025,501604079,2,19,0,-1,5,1,5,-1,0,4,0,0,0,0,1,1,-1,1,1,45,7,-1,-1,-1,-1,4,E01020022,0,1
2025501604079,2025,501604079,1,9,0,-1,19,7,4,-1,0,3,0,0,8,0,4,1,-1,2,1,60,9,-1,-1,-1,-1,5,E01035132,0,4
2025501604098,2025,501604098,1,9,0,-1,19,6,2,-1,0,0,5,0,2,11,1,1,-1,1,1,76,11,-1,-1,-1,-1,9,E01019939,0,1
2025501604128,2025,501604128,1,9,0,-1,1,-1,-1,-1,0,0,0,0,0,0,-1,1,-1,6,1,53,8,-1,-1,-1,-1,3,E01015228,0,1
2025501604174,2025,501604174,1,9,0,-1,9,4,2,-1,0,6,0,0,0,0,1,1,-1,6,1,17,4,-1,-1,-1,-1,3,E01019076,0,4
2025501604174,2025,501604174,2,3,0,-1,14,2,6,-1,0,1,0,0,0,0,4,1,-1,1,1,24,5,-1,-1,-1,-1,4,E01018914,0,4
2025501604203,2025,501604203,1,9,0,-1,3,3,7,-1,0,0,0,0,0,0,2,1,-1,1,1,55,8,-1,-1,-1,-1,8,E01017811,0,5
2025501604203,2025,501604203,2,9,0,-1,4,3,7,-1,0,0,0,0,0,0,1,1,-1,9,1,32,6,-1,-1,-1,-1,3,E01020131,0,2
2025501604223,2025,501604223,1,3,0,-1,19,4,8,-1,0,0,0,12,0,0,1,1,-1,9,1,18,4,-1,-1,-1,-1,6,E01015174,0,1
2025501604508,2025,501604508,2,9,0,-1,19,1,5,-1,0,0,0,0,0,0,2,1,-1,6,2,19,4,-1,-1,-1,-1,6,E01018753,0,2
2025501604508,2025,501604508,1,9,0,-1,19,1,5,-1,0,0,0,0,0,0,1,1,-1,6,2,72,10,-1,-1,-1,-1,2,E01015081,0,4
2025501604546,2025,501604546,2,9,0,-1,19,5,2,-1,0,0,1,0,0,0,1,1,-1,2,2,41,7,-1,-1,-1,-1,9,E01020333,0,3
2025501604546,2025,501604546,1,9,0,-1,19,2,6,-1,0,0,1,0,0,0,1,1,-1,2,2,23,5,-1,-1,-1,-1,4,E01018950,0,2
2025501604627,2025,501604627,2,9,0,-1,5,8,4,-1,0,0,0,0,0,0,1,9,-1,6,1,82,11,-1,-1,-1,-1,4,E01018951,0,2
2025501604627,2025,501604627,1,9,0,-1,19,8,4,-1,0,0,0,10,0,0,3,1,-1,6,2,41,7,-1,-1,-1,-1,4,E01029867,0,5
2025501604659,2025,501604659,1,9,0,-1,19,6,2,-1,0,2,0,0,0,0,1,1,-1,9,2,26,6,-1,-1,-1,-1,5,E01019950,0,4
2025501604659,2025,501604659,2,90,0,-1,19,8,4,-1,0,1,0,0,0,0,3,1,-1,6,2,18,4,-1,-1,-1,-1,9,E01019964,0,2
2025501604676,2025,501604676,2,5,0,-1,19,4,8,-1,0,0,0,0,0,0,1,1,-1,1,1,33,6,-1,-1,-1,-1,-1,-1,0,-1
2025501604676,2025,501604676,1,8,0,-1,5,8,4,-1,0,0,0,0,0,0,1,1,-1,1,1,44,7,-1,-1,-1,-1,-1,-1,0,-1
2025501604739,2025,501604739,2,11,0,-1,19,-1,-1,-1,0,0,0,0,0,0,3,1,-1,6,1,52,8,-1,-1,-1,-1,8,E01018899,0,1
2025501604739,2025,501604739,1,1,0,-1,4,-1,-1,-1,0,0,0,0,0,0,0,1,-1,2,1,55,8,-1,-1,-1,-1,6,E01018824,0,3
2025501604757,2025,501604757,1,5,0,-1,19,6,2,-1,0,0,0,0,0,0,1,1,-1,6,1,36,7,-1,-1,-1,-1,5,E01020330,0,4
2025501604757,2025,501604757,2,9,0,-1,19,6,2,-1,0,0,0,0,0,0,2,1,-1,6,2,73,10,-1,-1,-1,-1,5,E01020332,0,1
2025501604769,2025,501604769,1,9,0,-1,19,1,5,-1,0,1,2,0,1,4,4,1,-1,9,1,44,7,-1,-1,-1,-1,7,E01034624,0,4
2025501604854,2025,501604854,1,8,0,-1,5,6,2,-1,0,0,0,0,0,0,0,1,-1,1,1,25,5,-1,-1,-1,-1,4,E01015175,0,2
2025501605044,2025,501605044,1,9,0,-1,2,3,7,-1,0,1,0,0,7,11,4,1,-1,6,1,78,11,-1,-1,-1,-1,2,E01018770,0,1
2025501605046,2025,501605046,1,19,0,-1,19,5,1,-1,0,2,0,0,2,11,3,1,-1,2,1,30,6,-1,-1,-1,-1,7,E01032628,0,1
2025501605095,2025,501605095,2,9,0,-1,19,3,7,-1,0,1,0,0,0,0,1,1,-1,6,1,71,10,-1,-1,-1,-1,5,E01020235,0,1
2025501605095,2025,501605095,1,9,0,-1,19,6,2,-1,0,8,0,0,0,0,3,1,-1,6,2,22,5,-1,-1,-1,-1,6,E01019942,0,4
2025501605100,2025,501605100,1,9,0,-1,2,4,8,-1,0,0,1,0,0,0,2,1,-1,2,2,22,5,-1,-1,-1,-1,4,E01034158,0,2
2025501605100,2025,501605100,2,9,0,-1,19,4,8,-1,0,0,0,4,0,0,1,1,-1,6,1,36,7,-1,-1,-1,-1,2,E01015162,0,1
2025501605235,2025,501605235,1,1,0,-1,19,7,3,-1,0,0,0,0,0,0,1,1,-1,9,1,9,2,-1,-1,-1,-1,3,E01034165,0,1
2025501605235,2025,501605235,2,9,0,-1,19,5,1,-1,0,0,0,0,0,0,4,2,-1,9,1,85,11,-1,-1,-1,-1,3,E01034165,0,1
2025501605242,2025,501605242,1,3,0,-1,19,7,3,-1,0,8,1,0,0,0,4,1,-1,9,1,28,6,-1,-1,-1,-1,8,E01015098,0,1
2025501605247,2025,501605247,2,19,0,-1,9,7,4,-1,0,6,0,0,0,0,3,1,-1,9,2,43,7,-1,-1,-1,-1,5,E01020127,0,1
2025501605247,2025,501605247,1,5,0,-1,13,4,8,-1,0,1,5,0,0,0,1,1,-1,9,1,59,9,-1,-1,-1,-1,7,E01005359,0,5
2025501605251,2025,501605251,1,5,0,-1,19,7,3,-1,0,0,2,7,0,0,1,1,-1,9,1,38,7,-1,-1,-1,-1,5,E01018938,0,4
2025501605288,2025,501605288,2,9,0,-1,13,5,1,-1,0,0,2,0,1,0,2,1,-1,9,1,18,4,-1,-1,-1,-1,8,E01029176,0,3
2025501605288,2025,501605288,1,9,0,-1,13,5,1,-1,0,0,0,0,0,0,4,9,-1,6,1,22,5,-1,-1,-1,-1,3,E01029170,0,3
2025501605288,2025,501605288,3,9,0,-1,4,5,1,-1,0,0,0,0,0,0,3,1,-1,9,2,28,6,-1,-1,-1,-1,8,E01029220,0,3
2025501605316,2025,501605316,2,9,0,-1,19,3,8,-1,0,1,0,0,0,0,4,1,-1,9,2,42,7,-1,-1,-1,-1,5,E01020101,0,1
2025501605316,2025,501605316,1,9,0,-1,9,6,8,-1,0,6,0,0,0,0,1,1,-1,9,2,66,10,-1,-1,-1,-1,4,E01020314,0,4
2025501605503,2025,501605503,2,9,0,-1,19,2,6,-1,0,8,0,0,0,0,1,1,-1,9,2,78,11,-1,-1,-1,-1,4,E01018982,0,1
2025501605503,2025,501605503,1,9,0,-1,9,5,2,-1,0,8,0,0,0,0,3,1,-1,9,1,66,10,-1,-1,-1,-1,7,E01031181,0,5
2025501605543,2025,501605543,1,9,0,-1,4,3,7,-1,0,0,0,0,0,0,2,1,-1,7,2,34,6,-1,-1,-1,-1,7,E01015112,0,1
2025501605543,2025,501605543,2,19,0,-1,1,3,7,-1,0,0,0,0,0,0,2,1,-1,6,1,26,6,-1,-1,-1,-1,2,E01015182,0,2
2025501605545,2025,501605545,2,19,0,-1,19,4,8,-1,0,0,0,0,0,0,2,1,-1,1,1,57,9,-1,-1,-1,-1,1,E01015048,0,2
2025501605545,2025,501605545,1,9,0,-1,19,4,8,-1,0,0,0,0,0,0,1,1,-1,9,2,35,6,-1,-1,-1,-1,4,E01034850,0,3
2025501605546,2025,501605546,2,9,0,-1,19,1,5,-1,0,0,1,0,0,0,1,1,-1,9,1,65,9,-1,-1,-1,-1,5,E01020147,0,1
2025501605546,2025,501605546,1,9,0,-1,19,5,1,-1,0,0,1,0,0,0,1,1,-1,9,1,68,10,-1,-1,-1,-1,10,E01031754,0,5
2025501605557,2025,501605557,1,9,0,-1,19,4,2,-1,0,2,0,6,2,0,4,1,-1,6,2,85,11,-1,-1,-1,-1,5,E01020342,0,1
2025501605557,2025,501605557,2,9,-1,-1,2,0,0,-1,0,2,0,0,0,0,-1,9,-1,6,2,-1,-1,-1,-1,-1,-1,5,E01020342,0,1
2025501605598,2025,501605598,1,9,0,-1,19,4,8,-1,0,0,1,0,1,1,1,1,-1,2,2,21,5,-1,-1,-1,-1,7,E01020273,0,3
2025501605603,2025,501605603,1,9,0,-1,1,6,2,-1,0,0,0,0,0,0,2,1,-1,6,1,49,8,-1,-1,-1,-1,5,E01024075,0,5
2025501605663,2025,501605663,1,9,0,-1,7,7,1,-1,0,5,0,0,0,0,4,1,-1,6,3,-1,-1,-1,-1,-1,-1,-1,-1,0,-1
2025501605663,2025,501605663,2,1,0,-1,19,7,3,-1,4,1,0,0,0,0,1,1,-1,6,1,25,5,-1,-1,-1,-1,7,E01015136,0,1
2025501605864,2025,501605864,2,9,0,-1,19,3,7,-1,0,0,0,0,0,0,2,1,-1,1,1,36,7,-1,-1,-1,-1,1,E01015057,0,2
2025501605864,2025,501605864,1,5,0,-1,4,3,7,-1,0,0,1,0,0,0,3,1,-1,9,1,29,6,-1,-1,-1,-1,7,E01033294,0,1
2025501605942,2025,501605942,1,1,0,-1,19,6,2,-1,9,1,0,0,0,0,1,1,-1,6,1,12,3,-1,-1,-1,-1,6,E01020187,0,1
2025501605942,2025,501605942,2,9,0,-1,10,4,2,-1,0,1,0,0,0,0,4,1,-1,6,1,33,6,-1,-1,-1,-1,6,E01020187,0,1
2025501606021,2025,501606021,1,23,0,-1,-1,-1,-1,-1,-1,0,-1,-1,-1,0,-1,1,-1,6,3,-1,-1,-1,-1,-1,-1,-1,-1,0,-1
2025501606092,2025,501606092,1,9,0,-1,19,4,8,-1,0,0,2,0,7,0,1,1,-1,6,1,41,7,-1,-1,-1,-1,10,E01020144,0,4
2025501606107,2025,501606107,1,9,0,-1,20,8,5,-1,0,0,0,0,0,0,4,1,-1,6,2,20,4,-1,-1,-1,-1,7,E01014893,0,5