collision_index,collision_year,collision_ref_no,vehicle_reference,vehicle_type,towing_and_articulation,vehicle_manoeuvre_historic,vehicle_manoeuvre,vehicle_direction_from,vehicle_direction_to,vehicle_location_restricted_lane_historic,vehicle_location_restricted_lane,junction_location,skidding_and_overturning,hit_object_in_carriageway,vehicle_leaving_carriageway,hit_object_off_carriageway,first_point_of_impact,vehicle_left_hand_drive,journey_purpose_of_driver_historic,journey_purpose_of_driver,sex_of_driver,age_of_driver,age_band_of_driver,engine_capacity_cc,propulsion_code,age_of_vehicle,generic_make_model,driver_imd_decile,lsoa_of_driver,escooter_flag,driver_distance_banding
2025501606107,2025,501606107,2,1,0,-1,19,4,8,-1,0,0,0,0,0,0,1,1,-1,9,1,60,9,-1,-1,-1,-1,6,E01020020,0,3
2025501606209,2025,501606209,1,17,4,-1,1,3,7,-1,0,0,0,0,0,0,2,1,-1,6,3,-1,-1,-1,-1,-1,-1,-1,-1,0,-1
2025501606209,2025,501606209,2,9,0,-1,1,3,7,-1,0,0,0,0,0,0,1,1,-1,6,2,71,10,-1,-1,-1,-1,5,E01020174,0,1
2025501606219,2025,501606219,2,9,0,-1,3,7,3,-1,0,0,0,0,0,0,2,1,-1,6,2,36,7,-1,-1,-1,-1,7,E01020298,0,1
2025501606219,2025,501606219,1,19,0,-1,4,7,3,-1,0,0,0,0,0,0,1,2,-1,6,3,-1,-1,-1,-1,-1,-1,-1,-1,0,-1
2025501606278,2025,501606278,2,19,0,-1,19,2,6,-1,0,0,0,0,0,0,1,1,-1,9,1,23,5,-1,-1,-1,-1,7,E01020132,0,2
2025501606278,2025,501606278,1,9,0,-1,19,6,2,-1,0,0,1,0,7,4,1,1,-1,9,1,23,5,-1,-1,-1,-1,3,E01020118,0,2
2025501606312,2025,501606312,1,19,0,-1,7,7,3,-1,0,0,0,0,0,0,4,1,-1,2,1,44,7,-1,-1,-1,-1,1,E01015040,0,1
2025501606312,2025,501606312,2,5,0,-1,19,7,3,-1,2,0,2,0,1,0,1,1,-1,2,1,60,9,-1,-1,-1,-1,10,E01020167,0,3
2025501606315,2025,501606315,1,9,0,-1,9,8,7,-1,0,8,0,0,0,0,4,1,-1,9,1,18,4,-1,-1,-1,-1,5,E01015029,0,1
2025501606315,2025,501606315,2,9,0,-1,19,5,1,-1,0,8,0,0,0,0,1,1,-1,9,2,57,9,-1,-1,-1,-1,2,E01015081,0,1
2025501606348,2025,501606348,1,9,0,-1,19,1,6,-1,9,3,5,0,1,11,4,1,-1,9,1,60,9,-1,-1,-1,-1,4,E01015077,0,1
2025501606452,2025,501606452,1,19,0,-1,19,2,7,-1,0,0,0,0,1,4,1,1,-1,1,1,19,4,-1,-1,-1,-1,9,E01029310,0,3
2025501606548,2025,501606548,1,19,0,-1,3,8,4,-1,0,1,0,0,0,0,2,1,-1,1,1,51,8,-1,-1,-1,-1,9,E01015110,0,1
2025501606548,2025,501606548,2,5,0,-1,19,8,4,-1,0,1,0,0,0,0,1,1,-1,9,1,54,8,-1,-1,-1,-1,3,E01015161,0,2
2025501606657,2025,501606657,1,9,0,-1,9,1,7,-1,0,6,0,0,0,0,1,1,-1,9,1,71,10,-1,-1,-1,-1,3,E01029170,0,3
2025501606657,2025,501606657,2,5,0,-1,19,7,3,-1,0,8,5,0,0,0,4,1,-1,9,1,62,9,-1,-1,-1,-1,6,E01019974,0,4
2025501606696,2025,501606696,2,9,0,-1,9,4,8,-1,0,5,0,0,0,0,2,1,-1,9,2,70,10,-1,-1,-1,-1,6,E01020223,0,1
2025501606696,2025,501606696,3,9,0,-1,19,8,4,-1,0,1,0,0,0,0,3,1,-1,9,1,38,7,-1,-1,-1,-1,10,E01020203,0,1
2025501606696,2025,501606696,1,9,0,-1,19,4,8,-1,0,1,0,0,0,0,1,1,-1,9,2,63,9,-1,-1,-1,-1,6,E01020223,0,1
2025501607028,2025,501607028,1,19,0,-1,19,6,2,-1,0,0,0,0,8,9,1,1,-1,1,1,58,9,-1,-1,-1,-1,1,E01015087,0,4
2025501607031,2025,501607031,1,9,0,-1,19,8,4,-1,0,0,0,0,7,3,1,1,-1,6,1,75,10,-1,-1,-1,-1,3,E01020286,0,2
2025501607048,2025,501607048,1,19,0,-1,1,6,2,-1,0,0,0,0,0,0,2,1,-1,1,1,31,6,-1,-1,-1,-1,1,E01015023,0,4
2025501607048,2025,501607048,2,1,0,-1,3,2,6,-1,0,0,0,0,0,0,1,1,-1,6,2,63,9,-1,-1,-1,-1,9,E01028659,0,5
2025501607059,2025,501607059,1,3,0,-1,19,7,3,-1,0,0,5,0,0,0,3,1,-1,9,1,18,4,-1,-1,-1,-1,8,E01015114,0,1
2025501607147,2025,501607147,1,1,0,-1,19,2,6,-1,4,0,0,10,0,0,3,1,-1,2,2,45,7,-1,-1,-1,-1,8,E01018792,0,2
2025501607147,2025,501607147,2,11,0,-1,11,2,6,-1,2,0,0,0,0,0,3,1,-1,6,2,53,8,-1,-1,-1,-1,8,E01015111,0,2
2025501607184,2025,501607184,1,19,0,-1,19,4,8,-1,0,0,0,0,0,0,4,1,-1,6,1,53,8,-1,-1,-1,-1,7,E01020047,0,4
2025501607218,2025,501607218,1,5,0,-1,11,8,4,-1,0,3,1,0,0,0,4,1,-1,9,1,37,7,-1,-1,-1,-1,2,E01015082,0,1
2025501607218,2025,501607218,2,9,0,-1,19,2,4,-1,0,4,0,0,0,0,3,1,-1,2,2,33,6,-1,-1,-1,-1,8,E01015119,0,3
2025501607243,2025,501607243,2,22,0,-1,19,6,2,-1,9,0,0,0,0,0,1,1,-1,6,2,34,6,-1,-1,-1,-1,6,E01020246,0,1
2025501607243,2025,501607243,1,19,0,-1,2,0,0,-1,9,0,0,0,0,0,2,1,-1,6,3,57,9,-1,-1,-1,-1,4,E01015269,0,2
2025501607422,2025,501607422,1,9,0,-1,19,7,4,-1,0,0,1,0,0,0,1,1,-1,2,1,27,6,-1,-1,-1,-1,7,E01024316,0,5
2025501607422,2025,501607422,2,19,0,-1,19,4,7,-1,0,0,0,0,0,0,1,1,-1,1,1,46,8,-1,-1,-1,-1,8,E01015120,0,4
2025501607523,2025,501607523,2,9,0,-1,19,8,4,-1,0,0,0,0,0,0,1,1,-1,9,1,68,10,-1,-1,-1,-1,5,E01020115,0,4
2025501607523,2025,501607523,1,9,0,-1,19,8,4,-1,0,0,0,0,0,0,2,1,-1,9,2,43,7,-1,-1,-1,-1,8,E01020102,0,4
2025501607557,2025,501607557,2,9,0,-1,3,3,7,-1,0,0,0,0,0,0,1,1,-1,6,1,31,6,-1,-1,-1,-1,6,E01020143,0,2
2025501607557,2025,501607557,1,19,0,-1,1,7,3,-1,0,0,0,0,0,0,2,1,-1,6,1,26,6,-1,-1,-1,-1,7,E01019996,0,4
2025501607572,2025,501607572,1,9,0,-1,19,6,2,-1,0,0,0,0,1,11,1,1,-1,9,1,47,8,-1,-1,-1,-1,2,E01033292,0,1
2025501607707,2025,501607707,2,9,0,-1,19,2,6,-1,0,0,0,0,0,0,2,1,-1,6,1,25,5,-1,-1,-1,-1,7,E01015187,0,3
2025501607707,2025,501607707,1,9,0,-1,19,2,6,-1,0,0,0,0,0,0,1,1,-1,2,2,21,5,-1,-1,-1,-1,3,E01015229,0,3
2025501607754,2025,501607754,3,9,0,-1,2,0,0,-1,0,0,0,0,0,0,2,1,-1,6,-1,-1,-1,-1,-1,-1,-1,-1,-1,0,-1
2025501607754,2025,501607754,2,9,0,-1,2,0,0,-1,0,0,0,0,0,0,2,1,-1,6,-1,-1,-1,-1,-1,-1,-1,-1,-1,0,-1
2025501607754,2025,501607754,1,9,0,-1,19,1,5,-1,0,0,1,4,0,0,1,1,-1,9,2,28,6,-1,-1,-1,-1,1,E01015145,0,1
2025501607794,2025,501607794,2,9,0,-1,19,2,6,-1,0,0,0,0,0,0,1,1,-1,6,-1,-1,-1,-1,-1,-1,-1,-1,-1,0,-1
2025501607794,2025,501607794,1,9,0,-1,19,6,2,-1,0,0,0,0,0,0,1,1,-1,1,2,42,7,-1,-1,-1,-1,6,E01020044,0,2
2025501608061,2025,501608061,2,19,0,-1,19,8,4,-1,0,0,0,0,0,0,3,1,-1,1,1,52,8,-1,-1,-1,-1,1,E01015026,0,3
2025501608061,2025,501608061,1,9,0,-1,19,4,8,-1,0,0,0,0,0,0,3,1,-1,2,1,38,7,-1,-1,-1,-1,9,E01015121,0,1
2025501608092,2025,501608092,2,9,0,-1,19,7,3,-1,0,1,0,0,0,0,2,1,-1,6,2,55,8,-1,-1,-1,-1,3,E01015061,0,1
2025501608092,2025,501608092,1,9,0,-1,19,7,3,-1,0,1,0,7,6,1,1,1,-1,6,2,72,10,-1,-1,-1,-1,5,E01018785,0,3
2025501608131,2025,501608131,2,21,1,-1,4,3,7,-1,1,1,0,0,0,0,2,1,-1,1,2,47,8,-1,-1,-1,-1,8,E01034255,0,5
2025501608131,2025,501608131,1,9,0,-1,19,3,7,-1,0,1,0,0,0,0,1,1,-1,6,2,75,10,-1,-1,-1,-1,5,E01020050,0,4
2025501608210,2025,501608210,1,9,0,-1,19,5,2,-1,0,1,5,0,0,0,1,1,-1,9,2,51,8,-1,-1,-1,-1,6,E01020188,0,1
2025501608228,2025,501608228,2,19,0,-1,19,5,1,-1,0,1,0,0,0,0,1,1,-1,9,1,26,6,-1,-1,-1,-1,9,E01032402,0,5
2025501608228,2025,501608228,1,21,0,-1,19,7,3,-1,0,1,1,0,0,0,3,1,-1,1,1,50,8,-1,-1,-1,-1,4,E01020252,0,4
2025501608345,2025,501608345,1,9,0,-1,19,5,1,-1,0,3,0,10,1,10,1,1,-1,9,2,56,9,-1,-1,-1,-1,9,W01001641,0,5
2025501608402,2025,501608402,1,3,0,-1,19,1,6,-1,0,0,0,0,0,0,1,1,-1,6,1,17,4,-1,-1,-1,-1,4,E01034849,0,1
2025501608431,2025,501608431,3,9,0,-1,4,4,8,-1,0,0,0,0,0,0,1,1,-1,6,1,21,5,-1,-1,-1,-1,4,E01020307,0,3
2025501608431,2025,501608431,2,9,0,-1,4,4,8,-1,0,0,0,0,0,0,2,1,-1,6,2,66,10,-1,-1,-1,-1,9,E01020090,0,2
2025501608431,2025,501608431,1,9,0,-1,3,4,8,-1,0,0,0,0,0,0,2,1,-1,6,2,55,8,-1,-1,-1,-1,9,E01020089,0,2
2025501608452,2025,501608452,1,9,0,-1,7,6,7,-1,0,1,0,0,0,0,3,1,-1,6,2,58,9,-1,-1,-1,-1,2,E01015053,0,3
2025501608452,2025,501608452,2,9,0,-1,10,7,6,-1,0,1,0,0,0,0,3,1,-1,9,2,52,8,-1,-1,-1,-1,7,E01033294,0,3
2025501608483,2025,501608483,1,9,-1,-1,-1,-1,-1,-1,-1,-1,-1,-1,-1,0,-1,9,-1,6,2,43,7,-1,-1,-1,-1,6,E01019982,0,1
2025501608485,2025,501608485,1,9,0,-1,2,0,0,-1,0,0,0,0,0,0,1,1,-1,9,2,34,6,-1,-1,-1,-1,3,E01015159,0,1
2025501608485,2025,501608485,2,9,0,-1,1,1,7,-1,0,0,0,0,0,0,4,1,-1,9,1,76,11,-1,-1,-1,-1,1,E01015045,0,1
2025501608521,2025,501608521,1,5,0,-1,19,5,2,-1,0,0,2,0,0,0,4,1,-1,9,1,39,7,-1,-1,-1,-1,7,E01020258,0,1
2025501608593,2025,501608593,2,9,0,-1,19,5,2,-1,0,0,0,0,0,0,1,1,-1,2,2,57,9,-1,-1,-1,-1,4,E01020126,0,1
2025501608593,2025,501608593,1,9,0,-1,19,2,5,-1,0,0,0,0,0,0,3,1,-1,9,2,53,8,-1,-1,-1,-1,9,E01022100,0,5
2025501608619,2025,501608619,1,9,0,-1,19,2,6,-1,0,0,5,0,1,2,1,1,-1,9,1,21,5,-1,-1,-1,-1,8,E01020102,0,2
2025501608756,2025,501608756,1,1,0,-1,19,2,8,-1,0,8,0,0,0,0,3,1,-1,6,1,74,10,-1,-1,-1,-1,8,E01020110,0,2
2025501608756,2025,501608756,2,9,0,-1,13,2,5,-1,0,8,0,0,0,0,4,1,-1,6,1,46,8,-1,-1,-1,-1,8,E01016001,0,5
2025501608759,2025,501608759,1,9,0,-1,14,8,4,-1,0,1,0,0,0,0,1,1,-1,9,2,71,10,-1,-1,-1,-1,9,E01009463,0,5
2025501608759,2025,501608759,2,-1,0,-1,19,3,7,-1,0,6,0,0,0,0,3,1,-1,9,1,15,3,-1,-1,-1,-1,2,E01020113,1,3
2025501608857,2025,501608857,2,1,0,-1,19,2,6,-1,0,1,5,0,0,0,3,1,-1,6,1,46,8,-1,-1,-1,-1,4,E01015054,0,1
2025501608857,2025,501608857,1,9,0,-1,19,1,6,-1,0,1,0,0,0,0,1,1,-1,6,1,79,11,-1,-1,-1,-1,10,E01014384,0,5
2025501608858,2025,501608858,1,9,0,-1,19,3,7,-1,0,0,0,0,0,0,1,1,-1,1,1,70,10,-1,-1,-1,-1,1,E01022903,0,5
2025501608858,2025,501608858,2,9,0,-1,3,3,7,-1,0,0,0,0,0,0,2,1,-1,9,1,27,6,-1,-1,-1,-1,4,E01019932,0,2
2025501608899,2025,501608899,1,9,0,-1,14,1,5,-1,0,1,0,0,0,0,4,1,-1,6,2,33,6,-1,-1,-1,-1,7,E01034624,0,2
2025501608899,2025,501608899,2,1,0,-1,10,1,7,-1,0,8,0,0,0,0,3,1,-1,6,1,15,3,-1,-1,-1,-1,6,E01034634,0,2
2025501609021,2025,501609021,1,2,0,-1,7,8,4,-1,0,2,2,0,8,0,1,1,-1,6,1,29,6,-1,-1,-1,-1,5,E01020199,0,3
2025501609043,2025,501609043,1,9,0,-1,-1,-1,-1,-1,0,1,0,0,0,0,-1,9,-1,6,3,-1,-1,-1,-1,-1,-1,-1,-1,0,-1
2025501609119,2025,501609119,1,5,0,-1,19,7,3,-1,0,0,0,0,1,4,1,1,-1,6,1,62,9,-1,-1,-1,-1,7,E01031842,0,5
2025501609140,2025,501609140,1,19,0,-1,4,7,3,-1,0,0,0,0,0,0,3,2,-1,2,2,66,10,-1,-1,-1,-1,9,E01020186,0,4
2025501609140,2025,501609140,2,9,0,-1,19,7,3,-1,0,0,0,0,0,0,4,2,-1,6,1,40,7,-1,-1,-1,-1,7,E01018934,0,2
2025501609228,2025,501609228,2,1,0,-1,19,1,5,-1,0,0,9,0,0,0,2,1,-1,6,1,-1,-1,-1,-1,-1,-1,3,E01015052,0,1
2025501609228,2025,501609228,1,19,0,-1,1,5,1,-1,0,0,0,0,0,0,2,1,-1,2,1,26,6,-1,-1,-1,-1,7,E01015035,0,1
2025501609291,2025,501609291,2,3,0,-1,19,6,2,-1,0,0,0,0,0,0,1,1,-1,9,1,23,5,-1,-1,-1,-1,4,E01018825,0,1
2025501609291,2025,501609291,1,9,0,-1,9,1,6,-1,0,0,0,0,0,0,1,1,-1,9,1,61,9,-1,-1,-1,-1,-1,-1,0,-1
2025501609303,2025,501609303,1,9,0,-1,19,2,5,-1,0,1,0,0,0,0,4,1,-1,9,1,32,6,-1,-1,-1,-1,-1,-1,0,-1
2025501609315,2025,501609315,1,9,0,-1,19,4,1,-1,0,0,5,0,2,11,1,1,-1,6,1,43,7,-1,-1,-1,-1,8,E01019915,0,5
2025501609386,2025,501609386,2,1,0,-1,19,5,1,-1,0,4,0,0,2,0,1,1,-1,2,1,41,7,-1,-1,-1,-1,6,E01019903,0,1
2025501609386,2025,501609386,1,9,0,-1,19,3,6,-1,0,4,0,0,0,0,3,1,-1,6,3,-1,-1,-1,-1,-1,-1,-1,-1,0,-1
2025501609447,2025,501609447,3,9,0,-1,19,6,2,-1,0,0,0,0,0,0,2,1,-1,9,1,22,5,-1,-1,-1,-1,10,E01010697,0,5
2025501609447,2025,501609447,2,9,0,-1,19,6,2,-1,0,0,0,0,0,0,1,1,-1,9,1,20,4,-1,-1,-1,-1,8,E01014740,0,5
2025501609447,2025,501609447,1,5,0,-1,19,6,2,-1,0,0,5,0,0,0,1,1,-1,9,1,62,9,-1,-1,-1,-1,2,E01018836,0,4
2025501609518,2025,501609518,2,9,0,-1,2,0,0,-1,0,0,0,0,0,0,2,1,-1,9,1,33,6,-1,-1,-1,-1,4,E01015062,0,4
2025501609518,2025,501609518,1,9,0,-1,19,6,2,-1,0,0,0,4,0,0,1,1,-1,1,2,45,7,-1,-1,-1,-1,8,E01015098,0,4
2025501609582,2025,501609582,1,9,0,-1,19,6,2,-1,0,0,5,0,1,10,1,1,-1,9,1,64,9,-1,-1,-1,-1,4,E01016727,0,5
2025501609583,2025,501609583,1,19,0,-1,19,2,6,-1,0,0,0,0,0,0,3,1,-1,6,1,29,6,-1,-1,-1,-1,4,E01019037,0,1
2025501609583,2025,501609583,2,19,0,-1,19,6,2,-1,0,0,0,0,0,0,3,1,-1,6,1,64,9,-1,-1,-1,-1,2,E01018836,0,4
2025501609688,2025,501609688,1,9,0,-1,19,5,1,-1,0,1,0,0,0,0,1,1,-1,6,1,72,10,-1,-1,-1,-1,6,E01029169,0,2
2025501609688,2025,501609688,2,9,0,-1,19,1,5,-1,0,2,0,0,0,0,1,1,-1,6,2,28,6,-1,-1,-1,-1,9,E01030654,0,5
2025501609710,2025,501609710,3,9,0,-1,19,7,3,-1,0,1,0,0,0,0,2,9,-1,6,3,-1,-1,-1,-1,-1,-1,-1,-1,0,-1
2025501609710,2025,501609710,1,9,0,-1,19,7,3,-1,0,1,0,0,0,0,1,1,-1,6,2,56,9,-1,-1,-1,-1,9,E01019900,0,2
2025501609710,2025,501609710,2,9,0,-1,19,7,3,-1,0,1,0,0,0,0,1,1,-1,6,2,30,6,-1,-1,-1,-1,9,E01020058,0,4
2025501609722,2025,501609722,1,17,0,-1,5,5,2,-1,0,8,5,0,1,4,1,1,-1,9,1,14,3,-1,-1,-1,-1,6,E01019967,0,1
2025501610113,2025,501610113,1,9,0,-1,9,4,8,-1,0,6,0,0,0,0,1,1,-1,6,2,74,10,-1,-1,-1,-1,5,E01020076,0,3
2025501610113,2025,501610113,2,1,0,-1,19,5,8,-1,0,8,2,0,0,0,2,1,-1,6,2,20,4,-1,-1,-1,-1,10,E01020001,0,1
2025501610534,2025,501610534,1,1,0,-1,19,5,8,-1,0,0,5,0,0,0,3,1,-1,6,1,82,11,-1,-1,-1,-1,5,E01020030,0,2
2025501610534,2025,501610534,2,17,4,-1,19,8,5,-1,0,0,0,0,0,0,2,9,-1,6,3,-1,-1,-1,-1,-1,-1,-1,-1,0,-1
2025501610592,2025,501610592,1,9,0,-1,9,3,7,-1,0,8,0,0,0,0,1,1,-1,9,2,47,8,-1,-1,-1,-1,9,E01019900,0,5
2025501610849,2025,501610849,1,9,0,-1,9,6,5,-1,0,6,0,0,3,0,3,1,-1,9,2,42,7,-1,-1,-1,-1,5,E01018955,0,1
2025501610849,2025,501610849,2,9,0,-1,19,5,1,-1,0,1,0,0,0,0,1,1,-1,9,1,63,9,-1,-1,-1,-1,9,E01030712,0,5
2025501610973,2025,501610973,2,9,0,-1,19,2,6,-1,0,0,0,0,0,0,1,9,-1,6,2,46,8,-1,-1,-1,-1,1,E01018868,0,4
2025501610973,2025,501610973,1,9,0,-1,10,2,6,-1,0,0,0,0,0,0,2,9,-1,9,2,46,8,-1,-1,-1,-1,7,E01018371,0,5
2025501611009,2025,501611009,1,9,0,-1,19,3,1,-1,0,0,1,0,0,0,1,9,-1,6,1,32,6,-1,-1,-1,-1,10,E01015208,0,1
2025501611132,2025,501611132,2,3,0,-1,19,5,1,-1,0,1,0,0,0,0,1,1,-1,6,1,17,4,-1,-1,-1,-1,3,E01020067,0,1
2025501611132,2025,501611132,1,9,0,-1,19,3,7,-1,0,1,0,0,0,0,4,1,-1,6,1,37,7,-1,-1,-1,-1,4,E01020052,0,1
2025501611252,2025,501611252,2,9,0,-1,19,5,1,-1,0,0,0,0,5,0,2,1,-1,6,1,59,9,-1,-1,-1,-1,3,E01015218,0,4
2025501611252,2025,501611252,1,98,0,-1,12,5,1,-1,0,0,0,0,0,0,1,9,-1,6,1,62,9,-1,-1,-1,-1,3,E01015115,0,4
2025501611254,2025,501611254,1,9,0,-1,9,5,3,-1,0,8,0,0,0,0,1,1,-1,9,1,77,11,-1,-1,-1,-1,6,E01019891,0,2
2025501611254,2025,501611254,2,1,0,-1,19,1,5,-1,0,8,0,0,0,0,1,1,-1,9,1,52,8,-1,-1,-1,-1,7,E01019997,0,1
2025501612160,2025,501612160,1,9,0,-1,19,2,5,-1,0,0,0,0,1,0,1,1,-1,7,1,42,7,-1,-1,-1,-1,6,E01020312,0,1
2025501612160,2025,501612160,2,9,0,-1,19,5,2,-1,0,0,0,0,1,0,1,1,-1,9,1,77,11,-1,-1,-1,-1,6,E01020312,0,1
2025501612741,2025,501612741,1,9,0,-1,19,6,2,-1,0,0,0,0,7,9,4,1,-1,9,1,18,4,-1,-1,-1,-1,3,E01015249,0,3
2025501613366,2025,501613366,1,4,0,-1,19,2,6,-1,0,0,1,0,0,0,0,1,-1,6,1,24,5,-1,-1,-1,-1,1,E01018875,0,4
2025501614163,2025,501614163,2,9,0,-1,19,4,8,-1,0,0,0,0,4,11,1,9,-1,9,2,26,6,-1,-1,-1,-1,3,E01015052,0,1
2025501614163,2025,501614163,1,19,0,-1,12,5,8,-1,0,0,0,0,0,0,3,9,-1,1,1,34,6,-1,-1,-1,-1,2,E01015248,0,4
2025501614202,2025,501614202,1,9,0,-1,3,8,4,-1,0,1,0,0,0,0,2,1,-1,6,1,53,8,-1,-1,-1,-1,9,E01019940,0,2
2025501614202,2025,501614202,2,9,0,-1,19,8,4,-1,0,1,0,0,0,0,1,1,-1,6,1,20,4,-1,-1,-1,-1,2,E01020039,0,2
2025501614602,2025,501614602,2,9,0,-1,2,0,0,-1,1,6,0,0,1,2,3,2,-1,6,-1,-1,-1,-1,-1,-1,-1,-1,-1,0,-1
2025501614602,2025,501614602,1,9,0,-1,7,4,7,-1,0,8,0,4,1,1,1,2,-1,6,2,88,11,-1,-1,-1,-1,6,E01018794,0,1
2025501614786,2025,501614786,1,9,0,-1,19,7,4,-1,0,0,5,0,0,0,1,1,-1,9,1,18,4,-1,-1,-1,-1,4,E01018843,0,2
2025501617644,2025,501617644,2,9,0,-1,19,6,6,-1,0,0,0,0,0,0,0,1,-1,6,2,27,6,-1,-1,-1,-1,5,E01018900,0,4
2025501617644,2025,501617644,1,3,0,-1,13,2,6,-1,0,0,5,0,1,11,1,1,-1,2,1,19,4,-1,-1,-1,-1,4,E01033291,0,3
2025501618786,2025,501618786,1,9,0,-1,5,7,3,-1,0,0,5,7,0,0,1,1,-1,9,2,42,7,-1,-1,-1,-1,4,E01034849,0,4
2025501620768,2025,501620768,2,19,0,-1,19,3,7,-1,0,1,0,0,0,0,1,1,-1,6,1,32,6,-1,-1,-1,-1,3,E01019072,0,1
2025501620768,2025,501620768,1,3,0,-1,19,7,3,-1,0,1,0,0,1,0,2,1,-1,9,1,24,5,-1,-1,-1,-1,4,E01019013,0,2
2025501621524,2025,501621524,3,19,0,-1,3,3,7,-1,0,0,0,0,0,0,1,1,-1,1,1,66,10,-1,-1,-1,-1,6,E01018957,0,4
2025501621524,2025,501621524,1,19,0,-1,5,3,7,-1,0,0,0,0,0,0,2,1,-1,1,1,52,8,-1,-1,-1,-1,8,E01019010,0,4
2025501621524,2025,501621524,2,9,0,-1,2,3,7,-1,0,0,0,0,0,0,2,1,-1,9,2,64,9,-1,-1,-1,-1,3,E01019075,0,1
2025501624805,2025,501624805,2,11,0,-1,19,3,8,-1,0,0,0,0,0,0,3,9,-1,1,1,52,8,-1,-1,-1,-1,4,E01034852,0,2
2025501624805,2025,501624805,1,1,0,-1,19,8,3,-1,0,0,0,0,0,0,1,1,-1,6,1,61,9,-1,-1,-1,-1,4,E01034858,0,1
2025501628641,2025,501628641,1,9,0,-1,4,2,6,-1,0,8,0,0,0,0,3,1,-1,9,1,34,6,-1,-1,-1,-1,2,E01019990,0,2
2025501628641,2025,501628641,2,1,0,-1,19,2,6,-1,0,8,0,0,0,0,3,1,-1,9,1,57,9,-1,-1,-1,-1,3,E01020264,0,3
2025501636145,2025,501636145,2,9,0,-1,19,4,8,-1,0,0,0,0,0,0,1,1,-1,9,2,73,10,-1,-1,-1,-1,3,E01034738,0,5
2025501636145,2025,501636145,1,9,0,-1,19,8,4,-1,0,0,0,0,0,0,1,1,-1,9,2,71,10,-1,-1,-1,-1,4,E01018958,0,1
2025501645714,2025,501645714,2,8,0,-1,7,1,1,-1,0,8,0,0,0,0,1,9,-1,9,2,54,8,-1,-1,-1,-1,1,E01015155,0,1
2025501645714,2025,501645714,1,4,0,-1,7,1,1,-1,0,8,0,0,0,0,4,1,-1,9,1,40,7,-1,-1,-1,-1,1,E01015155,0,1
2025520000261,2025,520000261,1,9,0,-1,19,1,5,-1,0,0,0,0,7,4,3,1,-1,9,2,43,7,-1,-1,-1,-1,1,E01016811,0,5
2025520000261,2025,520000261,2,9,0,-1,19,5,1,-1,0,0,0,0,0,0,3,1,-1,9,1,59,9,-1,-1,-1,-1,4,E01029036,0,4
2025520000270,2025,520000270,1,9,0,-1,-1,6,-1,-1,0,-1,0,0,0,0,1,1,-1,6,1,20,4,-1,-1,-1,-1,9,E01014898,0,2
2025520000354,2025,520000354,3,9,0,-1,12,4,8,-1,0,3,0,0,0,0,1,1,-1,6,1,43,7,-1,-1,-1,-1,10,E01014453,0,1
2025520000354,2025,520000354,1,9,0,-1,2,0,0,-1,0,3,0,0,0,0,2,1,-1,6,1,65,9,-1,-1,-1,-1,6,E01014414,0,2
2025520000354,2025,520000354,2,9,0,-1,2,0,0,-1,0,3,0,0,0,0,1,1,-1,6,1,18,4,-1,-1,-1,-1,8,E01014705,0,1
2025520000462,2025,520000462,1,9,0,-1,19,1,5,-1,0,0,2,0,1,3,1,1,-1,9,1,20,4,-1,-1,-1,-1,1,E01014593,0,2
2025520000470,2025,520000470,1,1,0,-1,19,6,2,-1,0,0,0,0,0,0,1,1,-1,1,1,40,7,-1,-1,-1,-1,10,E01014411,0,1
2025520000478,2025,520000478,1,9,0,-1,19,1,5,-1,0,0,1,0,1,11,1,1,-1,6,1,21,5,-1,-1,-1,-1,8,E01001901,0,5
2025520000486,2025,520000486,2,1,0,-1,19,5,1,-1,0,8,0,0,0,0,1,1,-1,6,2,32,6,-1,-1,-1,-1,-1,-1,0,-1
2025520000486,2025,520000486,1,9,0,-1,5,7,1,-1,0,4,0,0,0,0,3,1,-1,6,1,48,8,-1,-1,-1,-1,6,E01021617,0,5
2025520000489,2025,520000489,1,19,0,-1,19,1,5,-1,0,0,0,0,0,0,1,1,-1,6,1,32,6,-1,-1,-1,-1,10,E01014424,0,2
2025520000489,2025,520000489,2,9,0,-1,19,5,1,-1,0,0,0,0,0,0,1,1,-1,6,1,36,7,-1,-1,-1,-1,9,E01014441,0,1
2025520000494,2025,520000494,1,19,0,-1,19,8,5,-1,0,0,0,0,0,0,1,1,-1,1,1,54,8,-1,-1,-1,-1,8,E01014456,0,2
2025520000498,2025,520000498,1,8,0,-1,7,2,4,-1,0,8,0,0,0,0,1,1,-1,6,3,0,1,-1,-1,-1,-1,-1,-1,0,-1
2025520000516,2025,520000516,2,9,0,-1,5,2,5,-1,0,4,0,0,0,0,1,1,-1,6,1,37,7,-1,-1,-1,-1,6,E01014399,0,1
2025520000516,2025,520000516,1,1,0,-1,19,8,5,-1,0,8,0,0,0,0,2,1,-1,6,1,67,10,-1,-1,-1,-1,8,E01014452,0,1
2025520000520,2025,520000520,2,9,0,-1,19,1,5,-1,0,8,0,0,0,0,0,1,-1,6,3,0,1,-1,-1,-1,-1,-1,-1,0,-1
2025520000520,2025,520000520,1,11,0,-1,19,3,7,-1,0,6,0,0,0,0,0,1,-1,6,1,32,6,-1,-1,-1,-1,3,E01014942,0,3