collision_index,collision_year,collision_ref_no,vehicle_reference,vehicle_type,towing_and_articulation,vehicle_manoeuvre_historic,vehicle_manoeuvre,vehicle_direction_from,vehicle_direction_to,vehicle_location_restricted_lane_historic,vehicle_location_restricted_lane,junction_location,skidding_and_overturning,hit_object_in_carriageway,vehicle_leaving_carriageway,hit_object_off_carriageway,first_point_of_impact,vehicle_left_hand_drive,journey_purpose_of_driver_historic,journey_purpose_of_driver,sex_of_driver,age_of_driver,age_band_of_driver,engine_capacity_cc,propulsion_code,age_of_vehicle,generic_make_model,driver_imd_decile,lsoa_of_driver,escooter_flag,driver_distance_banding
2025520000566,2025,520000566,1,3,0,-1,7,5,8,-1,0,5,0,0,0,0,1,1,-1,1,1,19,4,-1,-1,-1,-1,1,E01033356,0,3
2025520000609,2025,520000609,1,2,0,-1,19,8,4,-1,0,0,0,10,2,10,4,1,-1,6,1,16,4,-1,-1,-1,-1,8,E01014425,0,1
2025520000624,2025,520000624,2,2,0,-1,19,2,6,-1,0,8,0,4,0,0,9,1,-1,6,1,16,4,-1,-1,-1,-1,5,E01029068,0,1
2025520000624,2025,520000624,1,9,0,-1,2,0,0,-1,0,8,0,0,0,0,9,1,-1,6,1,36,7,-1,-1,-1,-1,8,E01028808,0,4
2025520000635,2025,520000635,2,9,0,-1,19,3,7,-1,0,0,0,0,0,0,1,1,-1,6,3,0,1,-1,-1,-1,-1,-1,-1,0,-1
2025520000635,2025,520000635,1,1,0,-1,19,7,3,-1,0,0,0,0,0,0,1,1,-1,6,1,34,6,-1,-1,-1,-1,6,E01014372,0,1
2025520000650,2025,520000650,1,9,0,-1,19,6,2,-1,0,0,0,0,0,0,4,1,-1,6,3,0,1,-1,-1,-1,-1,-1,-1,0,-1
2025520000689,2025,520000689,1,8,0,-1,5,2,6,-1,0,2,0,0,0,0,1,1,-1,1,1,58,9,-1,-1,-1,-1,1,E01014654,0,3
2025520000729,2025,520000729,1,9,0,-1,1,1,8,-1,0,2,0,0,0,0,2,1,-1,6,1,42,7,-1,-1,-1,-1,9,E01014436,0,1
2025520000945,2025,520000945,2,9,0,-1,19,7,3,-1,0,1,0,0,0,0,1,1,-1,6,1,20,4,-1,-1,-1,-1,5,E01032056,0,3
2025520000945,2025,520000945,1,9,0,-1,10,1,5,-1,0,1,0,0,0,0,3,1,-1,6,2,39,7,-1,-1,-1,-1,2,E01014390,0,1
2025520000958,2025,520000958,1,9,0,-1,19,3,7,-1,0,0,0,0,0,0,1,1,-1,9,1,25,5,-1,-1,-1,-1,6,E01003692,0,5
2025520000958,2025,520000958,2,9,0,-1,19,7,3,-1,0,0,0,0,0,0,1,1,-1,9,1,25,5,-1,-1,-1,-1,9,E01014441,0,2
2025520000961,2025,520000961,1,9,0,-1,5,5,1,-1,0,1,0,0,0,0,1,1,-1,6,2,33,6,-1,-1,-1,-1,9,E01014440,0,2
2025520000961,2025,520000961,2,9,0,-1,19,3,7,-1,0,1,0,0,0,0,1,1,-1,6,2,40,7,-1,-1,-1,-1,8,E01014444,0,1
2025520000964,2025,520000964,1,90,0,-1,19,1,5,-1,0,1,1,0,0,0,1,1,-1,6,1,78,11,-1,-1,-1,-1,10,E01014393,0,1
2025520000965,2025,520000965,1,11,0,-1,19,7,3,-1,0,0,0,0,0,0,4,1,-1,1,3,-1,-1,-1,-1,-1,-1,-1,-1,0,-1
2025520000971,2025,520000971,1,9,0,-1,9,5,2,-1,0,2,0,0,0,0,1,1,-1,6,3,0,1,-1,-1,-1,-1,-1,-1,0,-1
2025520000973,2025,520000973,2,9,0,-1,9,1,7,-1,0,8,0,0,0,0,1,1,-1,9,3,0,1,-1,-1,-1,-1,-1,-1,0,-1
2025520000973,2025,520000973,1,1,0,-1,19,7,3,-1,0,8,0,0,0,0,1,1,-1,9,1,66,10,-1,-1,-1,-1,10,E01014477,0,1
2025520001009,2025,520001009,2,9,9,-1,5,5,1,-1,0,8,0,0,0,0,1,1,-1,6,3,0,1,-1,-1,-1,-1,-1,-1,0,-1
2025520001009,2025,520001009,1,9,0,-1,19,7,3,-1,0,8,0,0,0,0,3,1,-1,6,1,43,7,-1,-1,-1,-1,1,E01014463,0,1
2025520001012,2025,520001012,2,9,9,-1,5,5,1,-1,0,8,0,0,0,0,1,1,-1,6,3,0,1,-1,-1,-1,-1,-1,-1,0,-1
2025520001012,2025,520001012,1,1,0,-1,19,7,3,-1,0,8,0,0,0,0,3,1,-1,6,1,19,4,-1,-1,-1,-1,10,E01014380,0,1
2025520001017,2025,520001017,1,1,0,-1,10,5,3,-1,0,1,0,0,0,0,4,1,-1,6,1,54,8,-1,-1,-1,-1,6,E01014392,0,1
2025520001017,2025,520001017,2,9,9,-1,9,8,5,-1,0,8,0,0,0,0,1,1,-1,6,3,0,1,-1,-1,-1,-1,-1,-1,0,-1
2025520001023,2025,520001023,1,1,0,-1,19,1,5,-1,0,0,0,0,0,0,3,1,-1,9,1,72,10,-1,-1,-1,-1,10,E01022128,0,4
2025520001023,2025,520001023,2,9,0,-1,13,1,5,-1,0,0,0,0,0,0,4,1,-1,6,3,-1,-1,-1,-1,-1,-1,-1,-1,0,-1
2025520001039,2025,520001039,1,19,0,-1,9,3,1,-1,0,6,0,0,0,0,4,1,-1,1,1,63,9,-1,-1,-1,-1,4,E01032115,0,3
2025520001042,2025,520001042,2,9,0,-1,19,5,1,-1,0,8,0,0,0,0,1,1,-1,9,1,32,6,-1,-1,-1,-1,10,E01014393,0,2
2025520001042,2025,520001042,1,9,0,-1,9,1,7,-1,0,8,0,0,0,0,1,1,-1,9,2,18,4,-1,-1,-1,-1,8,E01014418,0,3
2025520001047,2025,520001047,1,9,0,-1,19,4,8,-1,0,2,0,0,0,0,2,9,-1,6,2,19,4,-1,-1,-1,-1,9,E01014465,0,1
2025520001047,2025,520001047,2,9,0,-1,19,4,8,-1,0,2,0,0,0,0,1,1,-1,6,3,0,1,-1,-1,-1,-1,-1,-1,0,-1
2025520001061,2025,520001061,1,4,0,-1,19,1,5,-1,0,0,0,10,7,0,1,1,-1,9,1,79,11,-1,-1,-1,-1,10,E01014380,0,2
2025520001064,2025,520001064,1,9,0,-1,19,8,4,-1,0,0,0,0,7,11,1,1,-1,6,1,86,11,-1,-1,-1,-1,5,E01014707,0,1
2025520001067,2025,520001067,2,9,0,-1,19,-1,-1,-1,0,1,1,0,0,0,1,1,-1,1,2,47,8,-1,-1,-1,-1,4,E01029041,0,3
2025520001067,2025,520001067,1,9,0,-1,9,-1,-1,-1,0,6,1,0,3,0,3,1,-1,6,1,30,6,-1,-1,-1,-1,4,E01023153,0,4
2025520001076,2025,520001076,1,9,0,-1,4,1,4,-1,0,2,1,10,1,11,1,1,-1,6,1,24,5,-1,-1,-1,-1,9,E01029024,0,2
2025520001088,2025,520001088,1,97,0,-1,19,3,7,-1,0,0,0,0,0,0,4,1,-1,9,1,20,4,-1,-1,-1,-1,4,E01014607,0,1
2025520001099,2025,520001099,2,9,0,-1,19,8,4,-1,0,0,0,0,0,0,1,1,-1,6,2,46,8,-1,-1,-1,-1,10,E01014932,0,1
2025520001099,2025,520001099,1,9,0,-1,19,4,8,-1,0,0,0,0,0,0,1,1,-1,6,1,37,7,-1,-1,-1,-1,4,E01014401,0,2
2025520001103,2025,520001103,1,9,0,-1,9,7,6,-1,0,8,0,0,0,0,1,1,-1,2,2,41,7,-1,-1,-1,-1,9,E01014862,0,4
2025520001106,2025,520001106,1,9,0,-1,19,4,6,-1,0,0,0,0,7,11,1,1,-1,6,1,40,7,-1,-1,-1,-1,1,E01014458,0,1
2025520001130,2025,520001130,2,9,0,-1,19,5,1,-1,0,0,5,0,0,0,3,1,-1,6,1,34,6,-1,-1,-1,-1,10,E01014422,0,2
2025520001130,2025,520001130,1,9,0,-1,19,1,5,-1,0,0,0,0,0,0,1,1,-1,6,2,52,8,-1,-1,-1,-1,7,E01035108,0,3
2025520001131,2025,520001131,2,9,0,-1,19,4,8,-1,0,0,0,0,0,0,1,1,-1,6,3,0,1,-1,-1,-1,-1,-1,-1,0,-1
2025520001131,2025,520001131,1,9,0,-1,19,8,4,-1,0,0,0,0,0,0,1,1,-1,9,2,18,4,-1,-1,-1,-1,3,E01014445,0,1
2025520001145,2025,520001145,1,9,0,-1,19,3,7,-1,0,0,0,0,0,0,3,9,-1,6,3,0,1,-1,-1,-1,-1,-1,-1,0,-1
2025520001194,2025,520001194,1,11,0,-1,19,1,3,-1,0,0,0,0,0,0,4,1,-1,1,3,24,5,-1,-1,-1,-1,4,E01029025,0,3
2025520001204,2025,520001204,2,3,0,-1,19,5,1,-1,0,0,0,0,0,0,1,1,-1,2,1,18,4,-1,-1,-1,-1,10,E01017745,0,5
2025520001204,2025,520001204,1,9,0,-1,19,1,5,-1,0,0,0,0,0,0,1,1,-1,2,1,37,7,-1,-1,-1,-1,10,E01032055,0,3
2025520001245,2025,520001245,1,19,9,-1,1,2,6,-1,0,2,0,0,0,0,2,9,-1,6,3,0,1,-1,-1,-1,-1,-1,-1,0,-1
2025520001246,2025,520001246,1,9,9,-1,-1,3,7,-1,0,0,9,99,9,99,2,9,-1,6,1,19,4,-1,-1,-1,-1,10,E01014413,0,1
2025520001246,2025,520001246,2,9,9,-1,-1,3,7,-1,0,0,9,99,9,99,1,9,-1,6,3,0,1,-1,-1,-1,-1,-1,-1,0,-1
2025520001263,2025,520001263,1,9,0,-1,19,8,3,-1,0,0,0,0,0,0,3,1,-1,2,1,33,6,-1,-1,-1,-1,3,E01001774,0,5
2025520500045,2025,520500045,1,9,0,-1,15,7,3,-1,0,0,1,0,0,0,3,1,-1,6,1,23,5,-1,-1,-1,-1,7,E01029023,0,3
2025520500045,2025,520500045,2,9,0,-1,19,3,7,-1,0,0,0,0,0,0,1,1,-1,6,2,49,8,-1,-1,-1,-1,6,E01029059,0,2
2025520500063,2025,520500063,2,19,0,-1,19,5,1,-1,0,0,0,0,0,0,1,1,-1,6,1,37,7,-1,-1,-1,-1,10,E01029308,0,1
2025520500063,2025,520500063,1,9,0,-1,19,3,7,-1,0,0,0,0,0,0,4,1,-1,6,2,23,5,-1,-1,-1,-1,6,E01032652,0,1
2025520500097,2025,520500097,1,11,0,-1,19,3,7,-1,0,0,0,0,0,0,1,1,-1,1,1,64,9,-1,-1,-1,-1,1,E01014833,0,4
2025520500107,2025,520500107,1,9,0,-1,7,3,5,-1,0,6,0,0,0,0,4,9,-1,9,1,65,9,-1,-1,-1,-1,4,E01029044,0,1
2025520500126,2025,520500126,1,9,0,-1,9,3,7,-1,0,1,0,0,0,0,1,1,-1,6,1,28,6,-1,-1,-1,-1,4,E01029179,0,1
2025520500126,2025,520500126,2,9,0,-1,5,7,3,-1,0,8,0,0,0,0,1,1,-1,6,1,24,5,-1,-1,-1,-1,3,E01029233,0,1
2025520500191,2025,520500191,1,9,0,-1,19,1,5,-1,0,0,0,0,0,0,1,1,-1,6,1,76,11,-1,-1,-1,-1,5,E01029121,0,1
2025520500197,2025,520500197,1,19,0,-1,4,3,7,-1,0,0,0,0,0,0,4,1,-1,6,1,53,8,-1,-1,-1,-1,7,E01029092,0,1
2025520500200,2025,520500200,2,9,0,-1,4,5,1,-1,0,0,0,0,0,0,2,1,-1,6,1,52,8,-1,-1,-1,-1,3,E01020037,0,4
2025520500200,2025,520500200,1,9,0,-1,19,5,1,-1,0,0,0,0,0,0,1,1,-1,6,2,35,6,-1,-1,-1,-1,5,W01001490,0,4
2025520500200,2025,520500200,4,9,0,-1,4,5,1,-1,0,0,0,0,0,0,2,1,-1,6,1,30,6,-1,-1,-1,-1,8,E01029188,0,3
2025520500200,2025,520500200,3,9,0,-1,4,5,1,-1,0,0,0,0,0,0,2,1,-1,6,1,34,6,-1,-1,-1,-1,7,E01028483,0,5
2025520500240,2025,520500240,2,9,0,-1,19,8,3,-1,0,8,0,0,0,0,1,1,-1,6,2,77,11,-1,-1,-1,-1,7,E01029250,0,1
2025520500240,2025,520500240,1,3,0,-1,9,6,3,-1,0,8,0,0,0,0,2,1,-1,6,1,19,4,-1,-1,-1,-1,5,E01029213,0,2
2025520500248,2025,520500248,1,9,0,-1,19,7,3,-1,0,0,0,0,1,9,1,1,-1,9,1,83,11,-1,-1,-1,-1,7,E01029064,0,4
2025520500253,2025,520500253,1,9,0,-1,19,3,7,-1,0,1,0,0,0,0,4,1,-1,6,3,-1,-1,-1,-1,-1,-1,-1,-1,0,-1
2025520500256,2025,520500256,1,9,0,-1,19,1,5,-1,0,0,5,0,8,4,1,1,-1,6,1,42,7,-1,-1,-1,-1,4,E01002279,0,5
2025520500265,2025,520500265,1,19,0,-1,19,5,1,-1,0,1,0,0,0,0,1,1,-1,2,1,60,9,-1,-1,-1,-1,6,E01029211,0,1
2025520500265,2025,520500265,2,9,0,-1,3,5,1,-1,0,1,0,0,0,0,2,1,-1,9,1,25,5,-1,-1,-1,-1,4,E01029235,0,2
2025520500265,2025,520500265,3,9,0,-1,3,5,1,-1,0,1,0,0,0,0,2,1,-1,9,1,31,6,-1,-1,-1,-1,10,E01014429,0,4
2025520500271,2025,520500271,1,9,0,-1,19,6,2,-1,0,0,0,0,0,0,3,2,-1,9,2,75,10,-1,-1,-1,-1,3,E01029325,0,1
2025520500278,2025,520500278,2,9,0,-1,19,5,6,-1,0,4,0,0,0,0,1,1,-1,6,2,31,6,-1,-1,-1,-1,6,E01029052,0,2
2025520500278,2025,520500278,1,9,0,-1,3,5,6,-1,0,4,0,0,0,0,2,1,-1,6,2,63,9,-1,-1,-1,-1,6,E01014531,0,4
2025520500282,2025,520500282,1,9,0,-1,19,5,1,-1,0,0,0,0,8,4,1,1,-1,9,2,25,5,-1,-1,-1,-1,7,E01029225,0,2
2025520500288,2025,520500288,1,19,0,-1,19,4,7,-1,0,0,2,0,8,10,3,1,-1,7,2,47,8,-1,-1,-1,-1,5,E01029153,0,2
2025520500298,2025,520500298,2,9,0,-1,19,3,7,-1,0,8,0,0,0,0,1,1,-1,6,3,-1,-1,-1,-1,-1,-1,-1,-1,0,-1
2025520500298,2025,520500298,1,9,0,-1,5,4,3,-1,0,4,0,0,0,0,3,1,-1,9,2,71,10,-1,-1,-1,-1,6,E01032083,0,1
2025520500314,2025,520500314,1,9,0,-1,19,5,8,-1,0,0,0,0,2,10,1,1,-1,9,1,18,4,-1,-1,-1,-1,6,E01029045,0,1
2025520500328,2025,520500328,2,19,0,-1,1,9,9,-1,0,8,0,0,0,0,2,1,-1,6,3,-1,-1,-1,-1,-1,-1,-1,-1,0,-1
2025520500328,2025,520500328,1,9,0,-1,19,5,1,-1,0,8,0,0,0,0,1,1,-1,6,2,34,6,-1,-1,-1,-1,5,E01035132,0,1
2025520500351,2025,520500351,1,9,0,-1,19,2,6,-1,0,0,0,0,7,11,1,1,-1,6,1,19,4,-1,-1,-1,-1,4,E01029038,0,1
2025520500352,2025,520500352,1,9,0,-1,19,7,3,-1,0,0,5,10,0,0,4,1,-1,9,2,18,4,-1,-1,-1,-1,8,E01029182,0,4
2025520500353,2025,520500353,1,9,0,-1,19,2,6,-1,-1,2,5,0,1,4,4,1,-1,6,1,47,8,-1,-1,-1,-1,6,E01029288,0,3
2025520500359,2025,520500359,2,9,0,-1,3,7,3,-1,0,1,0,0,0,0,2,1,-1,6,2,43,7,-1,-1,-1,-1,5,E01029226,0,1
2025520500359,2025,520500359,1,19,0,-1,3,7,3,-1,0,1,0,0,0,0,2,1,-1,6,1,33,6,-1,-1,-1,-1,1,E01014844,0,4
2025520500359,2025,520500359,3,9,0,-1,4,7,3,-1,0,1,0,0,0,0,1,1,-1,6,2,54,8,-1,-1,-1,-1,3,E01029072,0,2
2025520500361,2025,520500361,2,19,0,-1,4,2,6,-1,0,2,0,0,0,0,2,1,-1,6,2,38,7,-1,-1,-1,-1,4,E01035115,0,1
2025520500361,2025,520500361,1,9,0,-1,4,2,6,-1,0,2,0,10,0,0,1,1,-1,6,2,42,7,-1,-1,-1,-1,7,E01029070,0,3
2025520500363,2025,520500363,1,9,0,-1,13,5,3,-1,0,0,0,0,8,4,1,1,-1,6,1,33,6,-1,-1,-1,-1,6,E01032636,0,1
2025520500367,2025,520500367,1,9,0,-1,19,3,7,-1,0,3,0,0,7,7,1,1,-1,6,1,20,4,-1,-1,-1,-1,4,E01020444,0,4
2025520500368,2025,520500368,1,9,0,-1,19,5,1,-1,0,0,0,0,0,0,4,1,-1,6,3,-1,-1,-1,-1,-1,-1,-1,-1,0,-1
2025520500369,2025,520500369,1,9,0,-1,19,2,6,-1,0,8,0,0,0,0,4,1,-1,6,1,-1,-1,-1,-1,-1,-1,2,E01029109,0,1
2025520500369,2025,520500369,2,9,0,-1,19,4,8,-1,0,8,0,0,0,0,1,1,-1,6,1,28,6,-1,-1,-1,-1,3,E01029341,0,4
2025520500374,2025,520500374,1,9,0,-1,13,1,5,-1,0,0,0,0,0,0,1,1,-1,6,1,75,10,-1,-1,-1,-1,7,E01035113,0,1
2025520500374,2025,520500374,2,22,0,-1,19,1,5,-1,0,0,0,0,0,0,3,1,-1,6,2,69,10,-1,-1,-1,-1,1,E01029132,0,1
2025520500375,2025,520500375,1,5,0,-1,19,2,6,-1,0,8,0,0,0,0,1,1,-1,6,1,46,8,-1,-1,-1,-1,6,E01029271,0,1
2025520500375,2025,520500375,2,21,1,-1,19,6,2,-1,0,8,0,0,0,0,2,1,-1,6,1,54,8,-1,-1,-1,-1,-1,-1,0,-1
2025520500376,2025,520500376,3,9,0,-1,19,8,4,-1,0,0,0,0,0,0,1,1,-1,9,2,21,5,-1,-1,-1,-1,9,E01029205,0,2
2025520500376,2025,520500376,2,9,0,-1,19,4,8,-1,0,0,0,0,0,0,1,1,-1,9,2,19,4,-1,-1,-1,-1,7,E01029192,0,1
2025520500376,2025,520500376,1,9,0,-1,13,8,4,-1,0,0,0,0,0,0,3,1,-1,9,1,60,9,-1,-1,-1,-1,7,E01029164,0,3
2025520500380,2025,520500380,3,19,0,-1,19,4,8,-1,0,0,0,0,0,0,3,1,-1,6,1,41,7,-1,-1,-1,-1,8,E01016537,0,5
2025520500380,2025,520500380,2,9,0,-1,19,4,8,-1,0,0,0,0,0,0,1,1,-1,6,2,62,9,-1,-1,-1,-1,6,E01029271,0,2
2025520500380,2025,520500380,1,9,0,-1,12,8,4,-1,0,0,0,0,0,0,1,1,-1,6,2,75,10,-1,-1,-1,-1,7,E01020136,0,4
2025520500381,2025,520500381,1,9,0,-1,9,5,1,-1,0,8,0,0,1,10,1,1,-1,6,2,21,5,-1,-1,-1,-1,6,E01029120,0,2
2025520500382,2025,520500382,1,9,0,-1,5,1,5,-1,0,6,0,0,0,0,4,1,-1,6,1,70,10,-1,-1,-1,-1,9,W01001319,0,4
2025520500382,2025,520500382,2,9,0,-1,19,3,7,-1,0,8,0,0,0,0,1,1,-1,6,1,60,9,-1,-1,-1,-1,5,E01014708,0,4
2025520500385,2025,520500385,1,16,0,-1,19,5,1,-1,0,0,0,0,0,0,0,1,-1,6,2,64,9,-1,-1,-1,-1,4,E01029200,0,2
2025520500389,2025,520500389,2,9,0,-1,13,5,1,-1,0,8,0,0,0,0,4,1,-1,6,3,-1,-1,-1,-1,-1,-1,-1,-1,0,-1
2025520500389,2025,520500389,1,9,0,-1,9,5,3,-1,0,5,0,0,0,0,3,1,-1,6,1,32,6,-1,-1,-1,-1,3,E01029299,0,1
2025520500421,2025,520500421,2,9,0,-1,10,3,1,-1,0,1,0,0,0,0,3,1,-1,6,2,34,6,-1,-1,-1,-1,5,E01029221,0,1
2025520500421,2025,520500421,1,9,0,-1,7,1,3,-1,0,2,0,0,0,0,1,1,-1,6,2,83,11,-1,-1,-1,-1,7,E01029158,0,1
2025520500427,2025,520500427,1,19,0,-1,19,7,3,-1,0,2,0,0,0,0,1,1,-1,6,1,37,7,-1,-1,-1,-1,4,E01029281,0,1
2025520500439,2025,520500439,1,4,0,-1,19,8,4,-1,0,0,0,12,0,0,1,1,-1,2,1,25,5,-1,-1,-1,-1,6,E01029157,0,1
2025520500449,2025,520500449,1,9,0,-1,19,6,2,-1,0,1,0,0,1,9,1,1,-1,9,1,73,10,-1,-1,-1,-1,7,E01029019,0,2
2025520500451,2025,520500451,2,11,0,-1,19,7,3,-1,0,0,0,0,0,0,3,1,-1,6,1,54,8,-1,-1,-1,-1,10,E01029104,0,4
2025520500451,2025,520500451,5,9,0,-1,19,3,7,-1,0,0,0,0,0,0,1,1,-1,6,2,52,8,-1,-1,-1,-1,7,E01029216,0,1
2025520500451,2025,520500451,1,9,0,-1,13,7,3,-1,0,0,0,0,0,0,1,1,-1,6,2,24,5,-1,-1,-1,-1,5,E01029193,0,1
2025520500451,2025,520500451,4,19,0,-1,19,3,7,-1,0,0,0,0,0,0,3,1,-1,6,1,65,9,-1,-1,-1,-1,8,E01029182,0,2
2025520500451,2025,520500451,3,9,0,-1,19,3,7,-1,0,0,0,0,0,0,3,1,-1,6,1,62,9,-1,-1,-1,-1,7,E01029216,0,1
2025520500453,2025,520500453,1,21,1,-1,19,5,1,-1,0,0,0,0,0,0,1,1,-1,1,1,36,7,-1,-1,-1,-1,6,E01015644,0,5
2025520500458,2025,520500458,2,9,0,-1,19,8,5,-1,0,0,0,0,0,0,1,1,-1,6,1,40,7,-1,-1,-1,-1,5,E01026727,0,5
2025520500458,2025,520500458,1,9,0,-1,19,5,8,-1,0,0,1,0,1,4,1,1,-1,2,1,22,5,-1,-1,-1,-1,-1,-1,0,-1
2025520500459,2025,520500459,1,5,0,-1,12,5,1,-1,0,0,1,0,0,0,3,1,-1,6,1,35,6,-1,-1,-1,-1,3,E01029096,0,3
2025520500461,2025,520500461,1,9,0,-1,19,1,5,-1,0,0,1,0,4,6,1,1,-1,9,2,42,7,-1,-1,-1,-1,4,E01035117,0,2
2025520500464,2025,520500464,2,9,0,-1,19,4,8,-1,0,0,0,0,1,4,1,1,-1,1,1,50,8,-1,-1,-1,-1,7,E01029028,0,4
2025520500464,2025,520500464,1,9,0,-1,13,8,4,-1,0,0,0,0,7,11,1,1,-1,1,1,62,9,-1,-1,-1,-1,4,E01035114,0,2
2025520500466,2025,520500466,1,9,0,-1,19,1,5,-1,0,0,0,0,0,0,1,1,-1,9,3,-1,-1,-1,-1,-1,-1,-1,-1,0,-1
2025520500474,2025,520500474,1,9,0,-1,19,2,6,-1,0,8,0,0,0,0,4,1,-1,6,1,19,4,-1,-1,-1,-1,1,E01014831,0,4
2025520500475,2025,520500475,2,9,0,-1,7,8,6,-1,0,8,0,0,0,0,1,1,-1,6,3,-1,-1,-1,-1,-1,-1,-1,-1,0,-1
2025520500475,2025,520500475,1,9,0,-1,19,2,6,-1,0,8,0,0,0,0,3,1,-1,6,2,56,9,-1,-1,-1,-1,7,E01029251,0,3
2025520500476,2025,520500476,2,97,0,-1,14,3,7,-1,0,0,0,4,0,0,4,1,-1,6,3,-1,-1,-1,-1,-1,-1,-1,-1,0,-1
2025520500476,2025,520500476,1,9,0,-1,2,0,0,-1,0,0,0,0,0,0,4,1,-1,6,2,73,10,-1,-1,-1,-1,8,E01029210,0,1
2025520500477,2025,520500477,1,3,0,-1,19,1,5,-1,0,1,0,4,0,0,1,1,-1,6,1,46,8,-1,-1,-1,-1,7,E01029070,0,1
2025520500479,2025,520500479,1,9,0,-1,9,3,1,-1,0,6,0,0,0,0,1,1,-1,6,1,17,4,-1,-1,-1,-1,6,E01029120,0,1
2025520500484,2025,520500484,1,9,0,-1,9,3,1,-1,0,5,0,0,0,0,1,1,-1,6,1,52,8,-1,-1,-1,-1,5,E01029330,0,1
2025520500484,2025,520500484,2,5,0,-1,19,7,3,-1,0,8,0,0,0,0,3,1,-1,6,1,54,8,-1,-1,-1,-1,3,E01029333,0,1
2025520500485,2025,520500485,1,9,0,-1,19,6,2,-1,0,1,0,0,1,11,1,1,-1,6,1,48,8,-1,-1,-1,-1,10,E01032080,0,3
2025520500485,2025,520500485,2,9,0,-1,9,1,6,-1,0,2,0,0,0,0,1,1,-1,6,1,26,6,-1,-1,-1,-1,10,E01020463,0,4
2025520500487,2025,520500487,1,5,0,-1,19,6,2,-1,0,0,0,10,0,0,1,1,-1,6,1,44,7,-1,-1,-1,-1,6,E01029040,0,1
2025520500490,2025,520500490,1,9,0,-1,19,3,1,-1,0,0,1,0,1,11,4,1,-1,2,1,43,7,-1,-1,-1,-1,6,E01029321,0,1
2025520500493,2025,520500493,2,9,0,-1,19,6,2,-1,0,0,0,0,0,0,3,1,-1,6,2,48,8,-1,-1,-1,-1,6,E01029156,0,1
2025520500493,2025,520500493,1,9,0,-1,19,2,6,-1,0,0,0,0,0,0,3,1,-1,2,2,38,7,-1,-1,-1,-1,5,E01029229,0,2
2025520500495,2025,520500495,1,9,0,-1,19,6,2,-1,0,0,2,0,0,0,4,1,-1,9,2,42,7,-1,-1,-1,-1,9,E01034532,0,4
2025520500501,2025,520500501,2,9,0,-1,19,4,8,-1,0,0,0,0,0,0,1,1,-1,6,3,-1,-1,-1,-1,-1,-1,-1,-1,0,-1
2025520500501,2025,520500501,1,9,0,-1,19,8,4,-1,0,0,0,0,0,0,1,1,-1,6,2,44,7,-1,-1,-1,-1,10,E01035124,0,1
2025520500507,2025,520500507,2,9,0,-1,19,6,2,-1,0,8,0,0,0,0,1,1,-1,9,1,-1,-1,-1,-1,-1,-1,10,E01029168,0,1
2025520500507,2025,520500507,1,9,0,-1,9,4,2,-1,0,8,0,0,0,0,2,1,-1,9,2,52,8,-1,-1,-1,-1,-1,-1,0,-1
2025520500512,2025,520500512,1,19,0,-1,19,6,2,-1,0,0,0,0,0,0,1,1,-1,6,1,54,8,-1,-1,-1,-1,6,E01029084,0,2
2025520500512,2025,520500512,2,1,0,-1,19,2,6,-1,0,0,0,0,0,0,1,1,-1,6,1,63,9,-1,-1,-1,-1,3,E01032627,0,1
2025520500515,2025,520500515,1,9,0,-1,19,6,8,-1,0,8,0,0,0,0,3,1,-1,6,2,63,9,-1,-1,-1,-1,8,E01029190,0,3
2025520500515,2025,520500515,2,9,0,-1,99,9,9,-1,0,6,0,0,0,0,1,1,-1,6,3,-1,-1,-1,-1,-1,-1,-1,-1,0,-1
2025520500526,2025,520500526,2,9,9,-1,19,9,9,-1,0,8,0,0,0,0,1,9,-1,6,2,63,9,-1,-1,-1,-1,5,E01029226,0,1
2025520500526,2025,520500526,1,9,0,-1,19,9,9,-1,0,8,0,0,0,0,2,1,-1,6,1,21,5,-1,-1,-1,-1,5,E01029226,0,1
2025520500534,2025,520500534,1,9,0,-1,19,3,7,-1,0,0,0,0,0,0,4,1,-1,6,1,27,6,-1,-1,-1,-1,1,E01029100,0,1
2025520500534,2025,520500534,2,9,0,-1,13,3,7,-1,0,0,0,0,0,0,3,1,-1,6,2,30,6,-1,-1,-1,-1,2,E01029098,0,1
2025520500541,2025,520500541,2,8,0,-1,4,1,5,-1,0,0,0,0,0,0,1,1,-1,6,3,-1,-1,-1,-1,-1,-1,-1,-1,0,-1
2025520500541,2025,520500541,1,9,0,-1,4,1,5,-1,0,0,0,0,0,0,2,1,-1,6,1,49,8,-1,-1,-1,-1,6,E01019897,0,4
2025520500545,2025,520500545,2,9,0,-1,9,3,1,-1,0,6,0,0,0,0,1,1,-1,6,3,-1,-1,-1,-1,-1,-1,-1,-1,0,-1
2025520500545,2025,520500545,1,9,0,-1,19,5,1,-1,0,8,0,0,0,0,3,1,-1,6,1,43,7,-1,-1,-1,-1,6,E01029300,0,4
2025520500551,2025,520500551,1,9,0,-1,7,7,8,-1,0,3,1,0,1,1,1,1,-1,6,1,18,4,-1,-1,-1,-1,1,E01029293,0,1
2025520500562,2025,520500562,1,19,0,-1,19,2,6,-1,0,0,5,0,8,4,1,1,-1,1,1,24,5,-1,-1,-1,-1,4,E01032673,0,4