collision_index,collision_year,collision_ref_no,vehicle_reference,vehicle_type,towing_and_articulation,vehicle_manoeuvre_historic,vehicle_manoeuvre,vehicle_direction_from,vehicle_direction_to,vehicle_location_restricted_lane_historic,vehicle_location_restricted_lane,junction_location,skidding_and_overturning,hit_object_in_carriageway,vehicle_leaving_carriageway,hit_object_off_carriageway,first_point_of_impact,vehicle_left_hand_drive,journey_purpose_of_driver_historic,journey_purpose_of_driver,sex_of_driver,age_of_driver,age_band_of_driver,engine_capacity_cc,propulsion_code,age_of_vehicle,generic_make_model,driver_imd_decile,lsoa_of_driver,escooter_flag,driver_distance_banding
2025520500918,2025,520500918,2,5,0,-1,19,6,2,-1,0,1,1,0,0,0,1,1,-1,6,1,45,7,-1,-1,-1,-1,6,E01031942,0,4
2025520500918,2025,520500918,1,9,0,-1,5,4,6,-1,0,6,0,0,0,0,1,1,-1,9,2,85,11,-1,-1,-1,-1,6,E01029120,0,1
2025520500921,2025,520500921,2,9,0,-1,19,7,3,-1,0,3,0,0,3,0,4,1,-1,9,2,75,10,-1,-1,-1,-1,5,E01029125,0,2
2025520500921,2025,520500921,1,9,0,-1,19,1,5,-1,0,4,0,0,3,0,1,1,-1,9,2,76,11,-1,-1,-1,-1,4,E01029337,0,3
2025520500921,2025,520500921,3,9,0,-1,3,3,7,-1,0,4,0,0,1,0,3,1,-1,9,2,32,6,-1,-1,-1,-1,6,E01032631,0,3
2025520500925,2025,520500925,2,21,0,-1,19,8,4,-1,0,4,0,0,0,0,1,1,-1,1,1,55,8,-1,-1,-1,-1,2,E01029237,0,2
2025520500925,2025,520500925,1,9,0,-1,4,8,4,-1,0,4,0,0,0,0,2,1,-1,9,2,71,10,-1,-1,-1,-1,5,E01001681,0,5
2025520500927,2025,520500927,1,9,0,-1,4,8,5,-1,0,1,0,0,3,10,1,1,-1,9,2,18,4,-1,-1,-1,-1,5,E01029279,0,3
2025520500938,2025,520500938,1,19,0,-1,19,8,4,-1,0,0,0,0,7,11,1,1,-1,1,1,66,10,-1,-1,-1,-1,4,E01029137,0,3
2025520500940,2025,520500940,1,9,0,-1,19,2,5,-1,0,8,0,0,0,0,1,1,-1,9,2,76,11,-1,-1,-1,-1,4,E01029343,0,1
2025520500940,2025,520500940,2,9,0,-1,19,5,2,-1,0,8,0,0,0,0,1,1,-1,9,1,41,7,-1,-1,-1,-1,3,E01032635,0,1
2025520500941,2025,520500941,1,9,0,-1,9,8,5,-1,0,4,0,0,0,0,1,1,-1,6,1,76,11,-1,-1,-1,-1,2,E01029042,0,1
2025520500941,2025,520500941,2,9,0,-1,9,6,3,-1,0,8,0,0,0,0,1,1,-1,2,2,22,5,-1,-1,-1,-1,10,E01029030,0,1
2025520500942,2025,520500942,1,9,0,-1,10,1,7,-1,0,1,0,0,0,0,2,1,-1,2,2,49,8,-1,-1,-1,-1,4,E01029025,0,2
2025520500942,2025,520500942,2,21,1,-1,19,1,5,-1,0,1,0,0,0,0,1,1,-1,1,2,26,6,-1,-1,-1,-1,5,E01029054,0,3
2025520500944,2025,520500944,1,9,0,-1,19,7,2,-1,0,0,0,11,0,0,1,1,-1,6,2,77,11,-1,-1,-1,-1,8,E01020497,0,1
2025520500946,2025,520500946,1,9,0,-1,9,4,2,-1,0,8,0,0,0,0,1,1,-1,6,2,42,7,-1,-1,-1,-1,3,E01029339,0,1
2025520500949,2025,520500949,2,9,0,-1,19,7,3,-1,0,0,0,0,0,0,1,1,-1,6,1,20,4,-1,-1,-1,-1,4,E01029202,0,1
2025520500949,2025,520500949,1,19,0,-1,19,3,7,-1,0,0,0,0,0,0,1,1,-1,6,1,50,8,-1,-1,-1,-1,4,E01029202,0,1
2025520500954,2025,520500954,2,9,0,-1,9,1,7,-1,0,2,0,0,0,0,1,1,-1,1,2,26,6,-1,-1,-1,-1,10,E01014793,0,4
2025520500954,2025,520500954,1,5,0,-1,19,7,3,-1,0,1,0,0,0,0,1,1,-1,6,1,62,9,-1,-1,-1,-1,6,E01029149,0,1
2025520500955,2025,520500955,1,9,9,-1,19,2,6,-1,0,1,0,0,0,0,1,9,-1,6,3,-1,-1,-1,-1,-1,-1,-1,-1,0,-1
2025520500957,2025,520500957,2,20,0,-1,3,6,2,-1,0,1,0,0,0,0,4,1,-1,6,1,47,8,-1,-1,-1,-1,6,E01032670,0,4
2025520500957,2025,520500957,1,5,0,-1,3,6,2,-1,0,1,0,0,0,0,3,1,-1,6,1,51,8,-1,-1,-1,-1,2,E01029105,0,1
2025520500967,2025,520500967,1,9,0,-1,19,5,1,-1,0,8,0,0,3,1,1,1,-1,6,1,67,10,-1,-1,-1,-1,6,E01029321,0,1
2025520500969,2025,520500969,1,9,0,-1,19,1,5,-1,0,0,0,0,0,0,1,1,-1,6,1,40,7,-1,-1,-1,-1,5,E01029101,0,1
2025520500969,2025,520500969,2,9,0,-1,19,1,5,-1,0,0,0,0,0,0,9,1,-1,6,3,-1,-1,-1,-1,-1,-1,-1,-1,0,-1
2025520500978,2025,520500978,2,19,0,-1,3,2,6,-1,0,1,0,0,0,0,1,1,-1,1,3,-1,-1,-1,-1,-1,-1,-1,-1,0,-1
2025520500978,2025,520500978,1,19,0,-1,3,2,6,-1,0,1,0,0,0,0,2,1,-1,6,1,55,8,-1,-1,-1,-1,2,E01029311,0,3
2025520500985,2025,520500985,2,9,0,-1,19,7,3,-1,0,8,0,0,0,0,1,1,-1,6,3,-1,-1,-1,-1,-1,-1,-1,-1,0,-1
2025520500985,2025,520500985,1,19,0,-1,9,7,5,-1,0,5,0,0,0,0,1,1,-1,1,1,40,7,-1,-1,-1,-1,8,E01035118,0,3
2025520500991,2025,520500991,2,-1,0,-1,19,7,3,-1,0,8,0,0,0,0,1,1,-1,9,3,-1,-1,-1,-1,-1,-1,-1,-1,1,-1
2025520500991,2025,520500991,1,9,0,-1,9,5,3,-1,0,6,0,0,0,0,1,1,-1,9,2,55,8,-1,-1,-1,-1,5,E01029094,0,1
2025520500992,2025,520500992,2,9,9,-1,9,8,6,-1,0,8,0,0,0,0,9,1,-1,6,3,-1,-1,-1,-1,-1,-1,-1,-1,0,-1
2025520500992,2025,520500992,1,9,0,-1,7,6,8,-1,0,8,0,0,0,0,3,1,-1,6,2,54,8,-1,-1,-1,-1,6,E01029043,0,1
2025520500999,2025,520500999,2,9,9,-1,19,8,4,-1,0,8,0,0,0,0,1,9,-1,6,3,-1,-1,-1,-1,-1,-1,-1,-1,0,-1
2025520500999,2025,520500999,1,1,0,-1,9,7,4,-1,0,8,0,0,0,0,4,1,-1,6,1,21,5,-1,-1,-1,-1,8,E01035208,0,4
2025520501002,2025,520501002,1,3,0,-1,19,4,8,-1,0,0,0,0,7,1,1,1,-1,2,1,64,9,-1,-1,-1,-1,5,E01029193,0,3
2025520501003,2025,520501003,1,9,9,-1,9,1,6,-1,0,8,0,0,0,0,1,9,-1,6,3,-1,-1,-1,-1,-1,-1,-1,-1,0,-1
2025520501005,2025,520501005,1,9,0,-1,5,2,6,-1,0,4,0,0,0,0,1,1,-1,9,1,30,6,-1,-1,-1,-1,8,E01029319,0,1
2025520501005,2025,520501005,2,1,0,-1,19,8,4,-1,0,8,0,0,0,0,4,1,-1,9,1,51,8,-1,-1,-1,-1,8,E01029319,0,1
2025520501008,2025,520501008,2,9,9,-1,19,5,1,-1,0,1,0,0,0,0,1,9,-1,6,3,-1,-1,-1,-1,-1,-1,-1,-1,0,-1
2025520501008,2025,520501008,1,9,0,-1,3,5,1,-1,0,1,0,0,0,0,2,9,-1,6,1,37,7,-1,-1,-1,-1,7,E01029278,0,1
2025520501010,2025,520501010,2,11,0,-1,4,5,1,-1,0,1,0,0,0,0,1,1,-1,1,1,48,8,-1,-1,-1,-1,10,E01029083,0,2
2025520501010,2025,520501010,1,9,0,-1,10,5,1,-1,0,1,0,0,0,0,2,1,-1,6,2,66,10,-1,-1,-1,-1,10,E01029074,0,2
2025520501019,2025,520501019,1,9,9,-1,7,6,8,-1,0,8,0,0,0,0,1,9,-1,6,3,-1,-1,-1,-1,-1,-1,-1,-1,0,-1
2025520501028,2025,520501028,4,9,0,-1,19,6,2,-1,0,0,0,0,0,0,1,1,-1,6,2,55,8,-1,-1,-1,-1,4,E01029152,0,1
2025520501028,2025,520501028,2,9,0,-1,19,2,6,-1,0,0,0,0,0,0,2,1,-1,6,1,37,7,-1,-1,-1,-1,4,E01029050,0,3
2025520501028,2025,520501028,3,9,0,-1,19,6,2,-1,0,0,0,0,0,0,3,1,-1,6,2,56,9,-1,-1,-1,-1,2,E01029095,0,1
2025520501028,2025,520501028,1,9,0,-1,13,2,6,-1,0,0,0,0,0,0,1,1,-1,6,1,38,7,-1,-1,-1,-1,2,E01029097,0,1
2025520501030,2025,520501030,2,9,0,-1,9,4,1,-1,0,1,0,0,0,0,1,1,-1,6,2,56,9,-1,-1,-1,-1,3,E01032627,0,1
2025520501030,2025,520501030,1,19,0,-1,19,8,4,-1,0,1,0,0,0,0,1,1,-1,6,1,47,8,-1,-1,-1,-1,10,E01029074,0,1
2025520501034,2025,520501034,1,9,0,-1,19,7,3,-1,0,8,0,0,0,0,1,1,-1,6,1,26,6,-1,-1,-1,-1,10,E01014717,0,4
2025520501034,2025,520501034,2,9,0,-1,19,7,3,-1,0,8,0,0,0,0,2,1,-1,6,1,81,11,-1,-1,-1,-1,7,E01022373,0,4
2025520501037,2025,520501037,1,9,0,-1,19,1,4,-1,0,2,0,0,7,10,3,1,-1,6,1,25,5,-1,-1,-1,-1,6,E01029080,0,1
2025520501043,2025,520501043,2,9,0,-1,19,5,2,-1,0,0,0,0,0,0,3,1,-1,9,1,22,5,-1,-1,-1,-1,2,E01029311,0,2
2025520501043,2025,520501043,1,5,0,-1,19,5,2,-1,0,0,0,0,6,0,4,1,-1,9,1,19,4,-1,-1,-1,-1,5,E01029313,0,1
2025520501044,2025,520501044,2,9,0,-1,19,2,6,-1,0,0,0,0,0,0,1,1,-1,6,1,32,6,-1,-1,-1,-1,7,E01029086,0,1
2025520501044,2025,520501044,1,9,0,-1,6,2,2,-1,0,0,0,0,0,0,3,1,-1,6,1,64,9,-1,-1,-1,-1,8,E01016780,0,5
2025520501045,2025,520501045,1,9,0,-1,9,1,7,-1,0,6,0,0,0,0,3,1,-1,6,2,33,6,-1,-1,-1,-1,5,E01030980,0,5
2025520501045,2025,520501045,2,9,0,-1,19,7,3,-1,0,8,0,0,0,0,1,1,-1,6,2,46,8,-1,-1,-1,-1,5,E01029121,0,3
2025520501049,2025,520501049,2,9,0,-1,19,1,5,-1,0,6,0,0,0,0,4,1,-1,9,1,24,5,-1,-1,-1,-1,9,E01029024,0,1
2025520501049,2025,520501049,1,9,0,-1,19,3,7,-1,0,1,0,0,0,0,1,1,-1,7,1,17,4,-1,-1,-1,-1,6,E01014471,0,1
2025520501050,2025,520501050,1,9,0,-1,14,1,5,-1,0,2,0,0,0,0,3,1,-1,6,3,-1,-1,-1,-1,-1,-1,-1,-1,0,-1
2025520501052,2025,520501052,1,19,0,-1,19,1,7,-1,0,8,0,0,0,0,1,1,-1,9,1,32,6,-1,-1,-1,-1,8,E01035119,0,1
2025520501052,2025,520501052,2,5,0,-1,19,1,5,-1,0,8,0,0,0,0,1,1,-1,9,1,52,8,-1,-1,-1,-1,8,E01029282,0,3
2025520501053,2025,520501053,2,9,0,-1,19,1,5,-1,0,8,0,0,0,0,1,1,-1,6,3,-1,-1,-1,-1,-1,-1,-1,-1,0,-1
2025520501053,2025,520501053,1,5,0,-1,9,7,5,-1,0,8,0,0,0,0,4,1,-1,9,1,65,9,-1,-1,-1,-1,6,E01029021,0,1
2025520501058,2025,520501058,1,9,0,-1,19,6,2,-1,0,0,0,0,0,0,2,1,-1,2,1,46,8,-1,-1,-1,-1,5,E01029287,0,2
2025520501058,2025,520501058,2,9,0,-1,19,6,2,-1,0,0,0,0,1,0,1,1,-1,2,1,24,5,-1,-1,-1,-1,2,E01029304,0,2
2025520501059,2025,520501059,1,9,0,-1,19,3,7,-1,0,0,0,0,0,0,4,1,-1,9,1,58,9,-1,-1,-1,-1,4,E01029196,0,1
2025520501071,2025,520501071,2,-1,0,-1,5,6,2,-1,0,6,0,0,0,0,1,1,-1,6,2,47,8,-1,-1,-1,-1,4,E01029102,1,1
2025520501071,2025,520501071,1,9,0,-1,9,2,8,-1,0,8,0,0,0,0,4,1,-1,6,1,88,11,-1,-1,-1,-1,4,E01029102,0,1
2025520501073,2025,520501073,1,9,0,-1,19,2,6,-1,0,0,0,0,1,7,1,1,-1,2,1,20,4,-1,-1,-1,-1,4,E01020041,0,4
2025520501074,2025,520501074,2,9,0,-1,19,7,3,-1,0,0,0,0,0,0,1,1,-1,9,1,64,9,-1,-1,-1,-1,7,E01029192,0,2
2025520501074,2025,520501074,1,9,0,-1,4,3,7,-1,0,0,0,0,1,11,1,1,-1,9,1,18,4,-1,-1,-1,-1,5,E01029222,0,2
2025520501081,2025,520501081,1,9,0,-1,19,4,8,-1,0,0,1,0,2,10,1,1,-1,2,2,69,10,-1,-1,-1,-1,6,E01029240,0,1
2025520501082,2025,520501082,1,9,0,-1,19,7,3,-1,0,0,1,4,7,10,1,1,-1,9,1,29,6,-1,-1,-1,-1,3,E01029248,0,1
2025520501083,2025,520501083,2,9,0,-1,13,5,1,-1,0,0,0,0,0,0,0,1,-1,9,1,54,8,-1,-1,-1,-1,2,E01010406,0,5
2025520501083,2025,520501083,1,3,0,-1,19,5,1,-1,0,0,0,0,0,0,0,1,-1,9,1,61,9,-1,-1,-1,-1,3,E01029349,0,5
2025520501084,2025,520501084,2,9,0,-1,19,3,7,-1,0,0,0,0,0,0,1,1,-1,9,1,53,8,-1,-1,-1,-1,7,E01019093,0,5
2025520501084,2025,520501084,1,9,0,-1,19,7,3,-1,0,0,1,0,0,0,1,1,-1,6,1,51,8,-1,-1,-1,-1,1,E01014726,0,4
2025520501084,2025,520501084,3,9,0,-1,19,3,7,-1,0,0,0,0,0,0,1,1,-1,9,2,38,7,-1,-1,-1,-1,5,E01014466,0,4
2025520501086,2025,520501086,1,5,0,-1,14,7,3,-1,0,0,0,4,0,0,1,1,-1,6,1,58,9,-1,-1,-1,-1,5,E01029130,0,2
2025520501089,2025,520501089,2,9,0,-1,4,8,4,-1,0,0,0,0,0,0,1,1,-1,9,1,87,11,-1,-1,-1,-1,4,E01029342,0,3
2025520501089,2025,520501089,1,9,0,-1,3,8,4,-1,0,0,0,0,0,0,2,1,-1,9,1,57,9,-1,-1,-1,-1,8,E01029122,0,1
2025520501091,2025,520501091,2,9,0,-1,19,4,8,-1,0,0,0,0,0,0,1,1,-1,7,2,31,6,-1,-1,-1,-1,6,E01020494,0,3
2025520501091,2025,520501091,1,9,0,-1,19,8,4,-1,0,0,0,0,0,0,1,1,-1,1,2,58,9,-1,-1,-1,-1,4,E01018773,0,5
2025520501092,2025,520501092,2,9,0,-1,19,4,8,-1,0,0,0,0,0,0,1,1,-1,1,1,37,7,-1,-1,-1,-1,5,E01029163,0,1
2025520501092,2025,520501092,1,9,0,-1,19,8,4,-1,0,0,2,0,8,10,3,1,-1,2,1,23,5,-1,-1,-1,-1,8,E01029190,0,2
2025520501094,2025,520501094,1,9,0,-1,9,8,6,-1,0,1,0,0,0,0,3,1,-1,9,1,52,8,-1,-1,-1,-1,8,E01029319,0,2
2025520501094,2025,520501094,3,19,0,-1,19,8,4,-1,0,1,0,0,0,0,0,1,-1,9,1,49,8,-1,-1,-1,-1,5,E01029257,0,2
2025520501094,2025,520501094,2,9,0,-1,13,8,4,-1,0,1,0,0,0,0,1,1,-1,1,1,49,8,-1,-1,-1,-1,8,E01029294,0,1
2025520501095,2025,520501095,1,9,0,-1,3,7,1,-1,0,0,0,0,0,0,2,1,-1,9,1,21,5,-1,-1,-1,-1,6,E01029944,0,5
2025520501095,2025,520501095,2,3,0,-1,19,7,1,-1,0,0,0,0,0,0,1,1,-1,9,2,17,4,-1,-1,-1,-1,8,E01014819,0,3
2025520501097,2025,520501097,2,3,0,-1,19,1,5,-1,0,1,0,0,0,0,1,1,-1,6,2,17,4,-1,-1,-1,-1,6,E01020533,0,4
2025520501097,2025,520501097,1,9,0,-1,9,1,5,-1,0,8,0,0,1,0,2,1,-1,6,1,37,7,-1,-1,-1,-1,8,E01029319,0,1
2025520501098,2025,520501098,2,9,0,-1,4,1,5,-1,0,0,1,0,0,0,2,1,-1,6,2,20,4,-1,-1,-1,-1,1,E01029297,0,1
2025520501098,2025,520501098,1,11,0,-1,19,1,5,-1,0,0,1,0,0,0,1,1,-1,1,1,58,9,-1,-1,-1,-1,9,E01031886,0,5
2025520501107,2025,520501107,2,9,0,-1,19,5,1,-1,0,8,0,10,1,11,3,1,-1,2,1,47,8,-1,-1,-1,-1,6,E01029214,0,3
2025520501107,2025,520501107,1,9,0,-1,19,3,7,-1,0,8,0,0,1,0,1,1,-1,2,1,19,4,-1,-1,-1,-1,8,E01029190,0,1
2025520501115,2025,520501115,1,9,0,-1,19,5,1,-1,0,0,2,0,0,0,1,1,-1,9,1,57,9,-1,-1,-1,-1,10,E01016635,0,5
2025520501115,2025,520501115,2,9,0,-1,19,1,5,-1,0,0,1,0,0,0,1,1,-1,6,1,41,7,-1,-1,-1,-1,5,E01034619,0,2
2025520501116,2025,520501116,1,19,0,-1,19,3,7,-1,0,4,0,0,0,0,1,1,-1,1,1,56,9,-1,-1,-1,-1,4,E01032673,0,3
2025520501116,2025,520501116,2,4,0,-1,19,1,5,-1,0,8,0,0,0,0,4,1,-1,1,1,61,9,-1,-1,-1,-1,2,E01014802,0,3
2025520501119,2025,520501119,1,3,0,-1,19,2,6,-1,0,0,0,0,0,0,1,1,-1,6,1,30,6,-1,-1,-1,-1,1,E01029293,0,1
2025520501122,2025,520501122,1,9,0,-1,9,6,4,-1,0,1,0,0,0,0,1,1,-1,6,1,22,5,-1,-1,-1,-1,9,E01032102,0,3
2025520501126,2025,520501126,2,5,0,-1,19,3,7,-1,0,0,0,0,0,0,2,1,-1,9,1,63,9,-1,-1,-1,-1,8,E01029114,0,1
2025520501126,2025,520501126,1,9,0,-1,19,3,7,-1,0,0,0,0,0,0,1,1,-1,6,3,-1,-1,-1,-1,-1,-1,-1,-1,0,-1
2025520501127,2025,520501127,2,9,0,-1,19,8,4,-1,0,0,0,0,1,9,0,1,-1,9,2,38,7,-1,-1,-1,-1,5,E01029130,0,2
2025520501127,2025,520501127,1,11,0,-1,19,4,8,-1,0,0,0,11,0,0,1,1,-1,1,2,60,9,-1,-1,-1,-1,1,E01029106,0,2
2025520501135,2025,520501135,2,9,0,-1,19,5,2,-1,0,0,0,0,1,0,3,1,-1,6,2,65,9,-1,-1,-1,-1,10,E01029083,0,3
2025520501135,2025,520501135,3,9,0,-1,19,5,2,-1,0,0,0,0,0,0,1,1,-1,6,1,52,8,-1,-1,-1,-1,4,E01032104,0,3
2025520501135,2025,520501135,1,19,0,-1,19,2,5,-1,0,0,0,0,0,0,1,1,-1,6,3,-1,-1,-1,-1,-1,-1,-1,-1,0,-1
2025520501139,2025,520501139,1,9,0,-1,19,1,6,-1,0,0,0,0,1,4,4,1,-1,6,1,17,4,-1,-1,-1,-1,7,E01029262,0,4
2025520501149,2025,520501149,2,5,0,-1,19,4,2,-1,0,0,0,0,0,0,1,1,-1,6,1,26,6,-1,-1,-1,-1,7,E01019899,0,4
2025520501149,2025,520501149,1,9,0,-1,19,1,6,-1,0,0,0,0,0,0,1,1,-1,6,1,21,5,-1,-1,-1,-1,6,E01029321,0,3
2025520501152,2025,520501152,2,9,0,-1,3,1,8,-1,0,1,0,0,0,0,2,1,-1,9,2,45,7,-1,-1,-1,-1,4,E01029136,0,1
2025520501152,2025,520501152,1,9,0,-1,3,1,6,-1,0,1,0,0,0,0,2,1,-1,9,2,54,8,-1,-1,-1,-1,7,E01029089,0,3
2025520501152,2025,520501152,3,19,0,-1,19,1,8,-1,0,1,0,0,0,0,1,1,-1,1,1,27,6,-1,-1,-1,-1,2,E01029304,0,3
2025520501164,2025,520501164,1,9,0,-1,19,7,3,-1,0,6,0,0,0,0,3,1,-1,6,1,22,5,-1,-1,-1,-1,9,E01029022,0,1
2025520501164,2025,520501164,2,4,0,-1,19,5,1,-1,0,1,0,0,0,0,1,1,-1,6,1,61,9,-1,-1,-1,-1,6,E01032083,0,1
2025520501165,2025,520501165,2,9,0,-1,19,5,1,-1,0,0,0,0,1,0,1,1,-1,6,1,38,7,-1,-1,-1,-1,5,E01033350,0,4
2025520501165,2025,520501165,1,9,0,-1,19,1,5,-1,0,0,0,0,0,0,1,1,-1,6,1,18,4,-1,-1,-1,-1,3,E01032118,0,2
2025520501167,2025,520501167,1,19,0,-1,19,8,4,-1,0,0,0,0,7,10,1,1,-1,6,1,36,7,-1,-1,-1,-1,4,E01035130,0,3
2025520501173,2025,520501173,2,19,0,-1,19,8,2,-1,0,1,0,0,0,0,1,1,-1,6,3,-1,-1,-1,-1,-1,-1,-1,-1,0,-1
2025520501173,2025,520501173,1,9,0,-1,8,8,2,-1,0,1,0,0,0,0,2,1,-1,9,1,51,8,-1,-1,-1,-1,6,W01001534,0,4
2025520501187,2025,520501187,1,9,0,-1,19,3,7,-1,0,0,0,0,7,11,3,1,-1,9,1,61,9,-1,-1,-1,-1,9,E01021168,0,5
2025520501187,2025,520501187,2,9,0,-1,19,1,5,-1,0,0,0,0,0,0,1,1,-1,9,2,23,5,-1,-1,-1,-1,7,E01029155,0,2
2025520501198,2025,520501198,2,9,0,-1,19,1,5,-1,0,0,0,0,0,0,0,9,-1,6,3,-1,-1,-1,-1,-1,-1,-1,-1,0,-1
2025520501198,2025,520501198,1,16,0,-1,19,1,5,-1,0,0,0,0,0,0,0,1,-1,6,2,30,6,-1,-1,-1,-1,3,E01029338,0,1
2025520501227,2025,520501227,2,1,0,-1,19,5,1,-1,0,8,0,0,0,0,1,1,-1,6,1,69,10,-1,-1,-1,-1,6,E01029118,0,1
2025520501227,2025,520501227,1,9,9,-1,7,7,1,-1,0,8,0,0,0,0,3,1,-1,6,1,60,9,-1,-1,-1,-1,6,E01029118,0,1
2025520501230,2025,520501230,2,9,9,-1,19,6,2,-1,0,0,9,0,0,0,1,9,-1,6,1,44,7,-1,-1,-1,-1,6,E01029120,0,3
2025520501230,2025,520501230,1,9,0,-1,4,6,2,-1,0,0,0,0,0,0,2,1,-1,6,2,26,6,-1,-1,-1,-1,8,E01029142,0,4
2025520501236,2025,520501236,1,19,9,-1,4,7,3,-1,0,0,0,0,0,0,2,9,-1,6,1,31,6,-1,-1,-1,-1,8,E01029129,0,3
2025520501236,2025,520501236,2,9,9,-1,19,7,3,-1,0,0,9,0,0,0,1,9,-1,6,3,-1,-1,-1,-1,-1,-1,-1,-1,0,-1
2025520501237,2025,520501237,1,9,9,-1,9,6,4,-1,0,1,0,0,0,0,3,9,-1,6,2,74,10,-1,-1,-1,-1,4,E01029041,0,2
2025520501237,2025,520501237,2,9,9,-1,9,4,2,-1,0,6,0,0,0,0,1,9,-1,6,1,72,10,-1,-1,-1,-1,10,E01032061,0,2
2025520501247,2025,520501247,1,9,9,-1,99,9,9,-1,0,8,9,0,0,0,9,9,-1,6,3,-1,-1,-1,-1,-1,-1,-1,-1,0,-1
2025520501249,2025,520501249,1,9,9,-1,2,0,0,-1,0,0,0,0,0,0,1,9,-1,6,2,45,7,-1,-1,-1,-1,3,E01029187,0,4
2025520501249,2025,520501249,2,9,9,-1,1,9,9,-1,0,0,0,0,0,0,2,9,-1,6,3,-1,-1,-1,-1,-1,-1,-1,-1,0,-1
2025520501250,2025,520501250,1,9,9,-1,9,6,4,-1,0,8,0,0,0,0,4,1,-1,6,3,-1,-1,-1,-1,-1,-1,-1,-1,0,-1
2025520501250,2025,520501250,2,9,9,-1,19,2,6,-1,0,8,0,0,0,0,1,9,-1,6,3,-1,-1,-1,-1,-1,-1,-1,-1,0,-1
2025520501251,2025,520501251,1,19,9,-1,19,9,9,-1,0,0,0,0,0,0,9,9,-1,6,3,-1,-1,-1,-1,-1,-1,-1,-1,0,-1
2025520501273,2025,520501273,1,5,0,-1,19,3,7,-1,0,0,0,0,7,9,1,1,-1,9,1,55,8,-1,-1,-1,-1,6,E01032631,0,4
2025520501274,2025,520501274,2,9,0,-1,19,2,7,-1,0,0,0,0,0,0,4,1,-1,6,1,57,9,-1,-1,-1,-1,5,E01029215,0,1
2025520501274,2025,520501274,1,9,0,-1,7,8,7,-1,0,0,0,0,0,0,1,1,-1,6,2,66,10,-1,-1,-1,-1,8,E01029242,0,2
2025520501276,2025,520501276,1,21,1,-1,5,8,4,-1,0,1,0,0,0,0,1,1,-1,6,1,41,7,-1,-1,-1,-1,6,E01025123,0,5
2025520501277,2025,520501277,1,9,0,-1,19,4,8,-1,0,0,0,0,0,0,1,1,-1,9,2,79,11,-1,-1,-1,-1,8,E01029182,0,1
2025520501289,2025,520501289,1,9,0,-1,10,8,6,-1,0,5,0,0,0,0,1,1,-1,6,1,37,7,-1,-1,-1,-1,7,E01035109,0,1
2025520501289,2025,520501289,2,21,0,-1,19,6,2,-1,0,8,0,0,0,0,1,1,-1,1,1,61,9,-1,-1,-1,-1,8,E01028701,0,5
2025520501291,2025,520501291,1,9,0,-1,9,7,5,-1,0,6,0,0,0,0,4,1,-1,9,1,38,7,-1,-1,-1,-1,5,E01029322,0,1
2025520501291,2025,520501291,3,9,0,-1,3,5,8,-1,0,8,0,0,0,0,3,1,-1,9,1,52,8,-1,-1,-1,-1,10,E01002317,0,5
2025520501291,2025,520501291,2,9,0,-1,19,8,5,-1,0,1,0,0,0,0,1,1,-1,9,1,45,7,-1,-1,-1,-1,5,E01029324,0,1
2025520501292,2025,520501292,2,19,0,-1,19,1,5,-1,0,0,0,0,0,0,0,1,-1,1,2,40,7,-1,-1,-1,-1,4,E01029134,0,2
2025520501292,2025,520501292,1,3,0,-1,19,1,5,-1,0,0,1,11,0,0,0,1,-1,6,1,17,4,-1,-1,-1,-1,10,E01029115,0,2
2025520501297,2025,520501297,1,9,0,-1,19,1,5,-1,0,6,0,0,0,0,1,1,-1,6,1,54,8,-1,-1,-1,-1,5,E01034619,0,4
2025520501297,2025,520501297,2,9,0,-1,19,3,7,-1,0,8,0,0,0,0,3,1,-1,6,2,20,4,-1,-1,-1,-1,5,W01001088,0,4
2025520501306,2025,520501306,2,9,9,-1,19,7,3,-1,0,0,0,0,0,0,1,9,-1,6,1,-1,-1,-1,-1,-1,-1,-1,-1,0,-1
2025520501306,2025,520501306,1,9,5,-1,4,7,3,-1,0,0,0,0,0,0,2,1,-1,6,2,62,9,-1,-1,-1,-1,6,E01029052,0,4
2025520501314,2025,520501314,1,9,0,-1,19,6,2,-1,0,0,0,4,0,0,1,1,-1,9,2,53,8,-1,-1,-1,-1,5,E01029183,0,1
2025520501317,2025,520501317,2,9,0,-1,4,2,6,-1,0,1,0,0,0,0,2,1,-1,6,2,43,7,-1,-1,-1,-1,6,E01029317,0,1
2025520501317,2025,520501317,1,9,0,-1,19,2,6,-1,0,1,0,0,0,0,1,1,-1,6,1,78,11,-1,-1,-1,-1,8,E01035127,0,1
2025520501318,2025,520501318,1,9,0,-1,5,5,3,-1,0,0,0,0,0,0,0,1,-1,2,2,27,6,-1,-1,-1,-1,4,E01029050,0,1
2025520501318,2025,520501318,2,2,0,-1,19,7,3,-1,0,0,1,0,0,0,1,1,-1,9,1,43,7,-1,-1,-1,-1,7,E01029064,0,3
2025520501319,2025,520501319,1,9,0,-1,19,5,1,-1,0,0,5,0,1,10,1,1,-1,9,1,17,4,-1,-1,-1,-1,7,E01032098,0,2
2025520501324,2025,520501324,1,9,0,-1,19,5,1,-1,0,0,0,0,0,0,3,1,-1,6,1,30,6,-1,-1,-1,-1,8,E01014824,0,3
2025520501324,2025,520501324,5,9,0,-1,19,5,1,-1,0,0,0,0,0,0,0,1,-1,8,1,-1,-1,-1,-1,-1,-1,10,E01014793,0,4