collision_index,collision_year,collision_ref_no,vehicle_reference,vehicle_type,towing_and_articulation,vehicle_manoeuvre_historic,vehicle_manoeuvre,vehicle_direction_from,vehicle_direction_to,vehicle_location_restricted_lane_historic,vehicle_location_restricted_lane,junction_location,skidding_and_overturning,hit_object_in_carriageway,vehicle_leaving_carriageway,hit_object_off_carriageway,first_point_of_impact,vehicle_left_hand_drive,journey_purpose_of_driver_historic,journey_purpose_of_driver,sex_of_driver,age_of_driver,age_band_of_driver,engine_capacity_cc,propulsion_code,age_of_vehicle,generic_make_model,driver_imd_decile,lsoa_of_driver,escooter_flag,driver_distance_banding
2025520501324,2025,520501324,2,9,0,-1,19,1,5,-1,0,0,0,0,0,0,1,1,-1,6,1,41,7,-1,-1,-1,-1,7,E01035113,0,1
2025520501324,2025,520501324,6,19,0,-1,19,5,1,-1,0,0,0,0,0,0,3,1,-1,6,1,54,8,-1,-1,-1,-1,8,E01029145,0,2
2025520501324,2025,520501324,3,9,0,-1,19,1,5,-1,0,0,0,0,0,0,1,1,-1,6,1,55,8,-1,-1,-1,-1,2,E01029098,0,3
2025520501324,2025,520501324,4,9,0,-1,13,5,1,-1,0,0,1,0,7,11,1,1,-1,6,1,24,5,-1,-1,-1,-1,6,E01029320,0,4
2025520501324,2025,520501324,7,9,0,-1,19,5,1,-1,0,0,0,0,0,0,3,1,-1,6,1,57,9,-1,-1,-1,-1,6,E01029135,0,2
2025520501331,2025,520501331,1,21,0,-1,19,5,1,-1,0,3,5,0,1,2,4,1,-1,1,1,62,9,-1,-1,-1,-1,6,E01019902,0,4
2025520501343,2025,520501343,2,1,0,-1,4,1,5,-1,0,8,0,0,0,0,1,1,-1,6,1,14,3,-1,-1,-1,-1,5,E01035122,0,1
2025520501343,2025,520501343,1,9,0,-1,19,7,3,-1,0,8,0,0,0,0,1,1,-1,6,1,33,6,-1,-1,-1,-1,2,E01029236,0,1
2025520501345,2025,520501345,1,9,0,-1,9,2,6,-1,0,1,0,0,0,0,4,1,-1,6,2,20,4,-1,-1,-1,-1,2,E01029291,0,1
2025520501345,2025,520501345,2,1,0,-1,19,4,2,-1,4,1,0,0,0,0,1,1,-1,6,2,82,11,-1,-1,-1,-1,5,E01029305,0,1
2025520501347,2025,520501347,1,5,0,-1,19,6,2,-1,0,0,0,0,0,0,4,1,-1,2,1,51,8,-1,-1,-1,-1,4,E01029327,0,1
2025520501355,2025,520501355,2,1,0,-1,19,2,6,-1,0,1,0,0,0,0,1,1,-1,9,1,38,7,-1,-1,-1,-1,9,E01014470,0,2
2025520501355,2025,520501355,1,9,0,-1,5,8,4,-1,0,6,0,0,0,0,1,1,-1,6,1,48,8,-1,-1,-1,-1,8,E01014857,0,4
2025520501365,2025,520501365,2,5,0,-1,19,1,5,-1,0,0,0,0,0,0,1,1,-1,9,1,58,9,-1,-1,-1,-1,9,E01029103,0,1
2025520501365,2025,520501365,1,9,0,-1,4,1,5,-1,0,0,0,0,0,0,2,1,-1,9,1,66,10,-1,-1,-1,-1,3,E01014807,0,4
2025520501367,2025,520501367,1,19,0,-1,19,2,4,-1,0,8,0,0,0,0,4,1,-1,9,1,24,5,-1,-1,-1,-1,4,E01029029,0,2
2025520501367,2025,520501367,2,9,0,-1,19,3,7,-1,0,8,0,0,0,0,1,1,-1,2,2,45,7,-1,-1,-1,-1,9,E01029022,0,1
2025520501370,2025,520501370,2,5,0,-1,10,5,3,-1,0,1,0,0,0,0,1,1,-1,6,1,81,11,-1,-1,-1,-1,8,E01034636,0,3
2025520501370,2025,520501370,1,9,0,-1,9,7,5,-1,0,1,0,0,0,0,1,1,-1,9,2,94,11,-1,-1,-1,-1,6,E01029267,0,1
2025520501372,2025,520501372,2,9,0,-1,19,7,3,-1,0,0,0,0,0,0,1,1,-1,2,1,38,7,-1,-1,-1,-1,7,E01035109,0,2
2025520501372,2025,520501372,1,10,0,-1,19,3,7,-1,0,0,0,0,0,0,1,1,-1,1,2,50,8,-1,-1,-1,-1,7,E01032110,0,4
2025520501374,2025,520501374,2,9,0,-1,7,6,2,-1,0,0,0,0,0,0,1,1,-1,6,1,56,9,-1,-1,-1,-1,7,E01029028,0,3
2025520501374,2025,520501374,1,9,0,-1,19,2,6,-1,0,0,0,4,0,0,1,1,-1,6,1,39,7,-1,-1,-1,-1,10,E01029030,0,1
2025520501375,2025,520501375,1,19,0,-1,4,7,1,-1,0,2,0,0,0,0,3,1,-1,6,2,57,9,-1,-1,-1,-1,8,E01014819,0,3
2025520501378,2025,520501378,1,9,0,-1,19,4,8,-1,0,0,0,0,0,0,1,1,-1,6,2,32,6,-1,-1,-1,-1,4,E01035117,0,1
2025520501384,2025,520501384,2,19,0,-1,6,6,6,-1,0,0,0,0,0,0,4,1,-1,6,1,34,6,-1,-1,-1,-1,5,E01029255,0,2
2025520501384,2025,520501384,1,9,0,-1,19,3,6,-1,0,0,0,0,0,0,1,1,-1,6,1,24,5,-1,-1,-1,-1,6,E01029199,0,1
2025520501386,2025,520501386,2,19,0,-1,10,5,1,-1,0,1,0,0,0,0,2,1,-1,1,1,34,6,-1,-1,-1,-1,2,E01030248,0,5
2025520501386,2025,520501386,1,9,0,-1,19,5,1,-1,0,1,0,0,0,0,1,1,-1,9,1,53,8,-1,-1,-1,-1,3,E01029062,0,1
2025520501390,2025,520501390,2,1,0,-1,11,6,2,-1,0,6,0,0,0,0,3,1,-1,9,1,7,2,-1,-1,-1,-1,6,E01029169,0,1
2025520501390,2025,520501390,1,9,0,-1,7,2,8,-1,0,2,0,0,0,0,1,1,-1,9,2,63,9,-1,-1,-1,-1,5,E01029153,0,2
2025520501394,2025,520501394,3,9,0,-1,19,3,8,-1,0,8,0,0,0,0,2,1,-1,6,3,0,1,-1,-1,-1,-1,-1,-1,0,-1
2025520501394,2025,520501394,1,9,0,-1,19,3,8,-1,0,8,0,0,0,0,4,1,-1,6,2,62,9,-1,-1,-1,-1,6,E01029320,0,2
2025520501394,2025,520501394,2,9,0,-1,19,8,3,-1,0,8,0,0,0,0,0,9,-1,6,1,0,1,-1,-1,-1,-1,-1,-1,0,-1
2025520501395,2025,520501395,1,90,0,-1,9,3,5,-1,0,8,0,0,0,0,4,1,-1,9,2,55,8,-1,-1,-1,-1,4,E01029102,0,1
2025520501395,2025,520501395,2,9,0,-1,19,1,6,-1,0,8,0,0,0,0,1,1,-1,9,1,59,9,-1,-1,-1,-1,1,E01029107,0,1
2025520501398,2025,520501398,1,9,0,-1,7,2,5,-1,0,0,0,0,0,0,1,1,-1,6,1,37,7,-1,-1,-1,-1,7,E01029266,0,1
2025520501398,2025,520501398,2,1,0,-1,19,1,5,-1,0,0,0,0,0,0,2,1,-1,6,1,44,7,-1,-1,-1,-1,10,E01029265,0,1
2025520501405,2025,520501405,2,21,1,-1,19,2,5,-1,0,0,0,0,0,0,2,1,-1,1,1,34,6,-1,-1,-1,-1,3,E01005506,0,5
2025520501405,2025,520501405,1,9,0,-1,19,2,5,-1,0,0,0,0,0,0,3,1,-1,9,2,56,9,-1,-1,-1,-1,7,E01029138,0,2
2025520501407,2025,520501407,1,9,0,-1,19,1,5,-1,0,0,5,0,7,0,3,1,-1,9,1,82,11,-1,-1,-1,-1,5,E01029163,0,1
2025520501408,2025,520501408,1,3,0,-1,19,6,2,-1,0,8,1,0,0,0,1,1,-1,9,1,83,11,-1,-1,-1,-1,7,E01029216,0,1
2025520501408,2025,520501408,2,9,0,-1,9,5,6,-1,0,6,0,0,0,0,3,1,-1,2,1,41,7,-1,-1,-1,-1,2,E01029311,0,4
2025520501410,2025,520501410,2,9,0,-1,19,5,2,-1,0,0,0,0,0,0,4,1,-1,6,1,54,8,-1,-1,-1,-1,7,E01029312,0,4
2025520501410,2025,520501410,1,5,0,-1,9,5,3,-1,0,0,0,0,0,0,3,1,-1,6,1,62,9,-1,-1,-1,-1,7,E01019899,0,4
2025520501411,2025,520501411,1,9,0,-1,5,2,4,-1,0,2,0,0,0,0,4,1,-1,6,2,29,6,-1,-1,-1,-1,5,E01029053,0,1
2025520501411,2025,520501411,2,3,0,-1,19,8,4,-1,0,1,0,0,0,0,1,1,-1,6,1,20,4,-1,-1,-1,-1,6,E01022162,0,4
2025520501416,2025,520501416,3,9,0,-1,4,8,4,-1,0,0,0,0,0,0,0,1,-1,6,3,-1,-1,-1,-1,-1,-1,-1,-1,0,-1
2025520501416,2025,520501416,1,4,0,-1,13,8,4,-1,0,0,0,0,0,0,1,1,-1,9,1,47,8,-1,-1,-1,-1,5,E01029054,0,2
2025520501416,2025,520501416,2,19,0,-1,1,8,2,-1,0,0,0,0,0,0,3,1,-1,1,2,23,5,-1,-1,-1,-1,2,E01014486,0,4
2025520501417,2025,520501417,2,19,0,-1,19,3,8,-1,0,0,0,0,0,0,4,1,-1,6,1,53,8,-1,-1,-1,-1,2,E01029131,0,3
2025520501417,2025,520501417,1,3,0,-1,11,3,8,-1,0,0,0,0,0,0,2,1,-1,6,1,65,9,-1,-1,-1,-1,4,E01029337,0,3
2025520501420,2025,520501420,2,9,0,-1,19,7,3,-1,0,8,0,0,0,0,1,1,-1,6,1,-1,-1,-1,-1,-1,-1,-1,-1,0,-1
2025520501420,2025,520501420,1,9,0,-1,9,7,5,-1,0,5,0,0,0,0,2,1,-1,6,1,66,10,-1,-1,-1,-1,8,E01029148,0,1
2025520501424,2025,520501424,1,9,0,-1,19,3,7,-1,0,0,0,0,0,0,4,1,-1,6,1,-1,-1,-1,-1,-1,-1,-1,-1,0,-1
2025520501426,2025,520501426,1,19,0,-1,19,8,4,-1,0,0,0,0,1,9,3,1,-1,6,1,46,8,-1,-1,-1,-1,8,W01000933,0,4
2025520501426,2025,520501426,2,19,0,-1,19,4,8,-1,0,0,0,0,7,9,3,1,-1,1,1,19,4,-1,-1,-1,-1,2,E01029239,0,4
2025520501434,2025,520501434,2,19,0,-1,19,4,8,-1,0,1,0,0,0,0,1,1,-1,9,1,43,7,-1,-1,-1,-1,5,E01029306,0,1
2025520501434,2025,520501434,1,9,0,-1,4,4,8,-1,0,1,0,0,0,0,2,1,-1,9,1,42,7,-1,-1,-1,-1,5,E01029283,0,2
2025520501435,2025,520501435,2,3,0,-1,4,5,1,-1,0,0,1,0,0,0,4,1,-1,6,1,-1,-1,-1,-1,-1,-1,8,E01032672,0,3
2025520501435,2025,520501435,1,9,0,-1,4,5,1,-1,0,0,0,0,0,0,2,1,-1,1,2,26,6,-1,-1,-1,-1,9,E01014933,0,4
2025520501445,2025,520501445,1,9,0,-1,4,5,1,-1,0,8,0,0,0,0,1,1,-1,9,2,47,8,-1,-1,-1,-1,1,E01029100,0,1
2025520501445,2025,520501445,2,9,0,-1,3,5,1,-1,0,4,0,0,0,0,2,1,-1,9,2,64,9,-1,-1,-1,-1,6,E01029218,0,4
2025520501454,2025,520501454,2,9,0,-1,19,2,6,-1,0,0,0,0,0,0,1,1,-1,6,2,57,9,-1,-1,-1,-1,7,E01035112,0,2
2025520501454,2025,520501454,1,9,0,-1,19,6,2,-1,0,0,0,0,0,0,1,1,-1,6,1,57,9,-1,-1,-1,-1,6,E01020160,0,5
2025520501457,2025,520501457,1,9,0,-1,3,4,8,-1,0,1,0,0,0,0,2,1,-1,9,2,64,9,-1,-1,-1,-1,5,E01029226,0,2
2025520501457,2025,520501457,2,9,0,-1,10,4,8,-1,0,1,0,0,0,0,2,1,-1,9,1,24,5,-1,-1,-1,-1,5,E01029255,0,2
2025520501458,2025,520501458,2,9,0,-1,19,5,1,-1,0,0,0,0,0,0,1,1,-1,9,1,58,9,-1,-1,-1,-1,6,E01029217,0,1
2025520501458,2025,520501458,1,19,0,-1,4,7,3,-1,0,0,0,0,0,0,1,1,-1,1,1,32,6,-1,-1,-1,-1,8,E01029204,0,2
2025520501461,2025,520501461,2,5,0,-1,13,4,8,-1,0,1,0,0,0,0,1,1,-1,9,1,62,9,-1,-1,-1,-1,6,E01029161,0,3
2025520501461,2025,520501461,1,9,0,-1,9,4,2,-1,0,1,0,0,0,0,3,1,-1,9,2,63,9,-1,-1,-1,-1,5,E01020530,0,2
2025520501464,2025,520501464,1,9,0,-1,19,7,3,-1,0,0,1,0,0,0,1,1,-1,6,2,39,7,-1,-1,-1,-1,6,E01032631,0,4
2025520501464,2025,520501464,2,17,0,-1,1,7,3,-1,0,0,1,0,0,0,2,1,-1,1,1,42,7,-1,-1,-1,-1,6,E01029077,0,1
2025520501465,2025,520501465,3,9,0,-1,19,3,7,-1,0,6,0,0,0,0,3,1,-1,9,1,77,11,-1,-1,-1,-1,4,E01029116,0,1
2025520501465,2025,520501465,2,9,0,-1,19,7,3,-1,0,6,0,0,0,0,1,1,-1,9,1,74,10,-1,-1,-1,-1,8,E01029114,0,1
2025520501465,2025,520501465,1,9,0,-1,19,3,7,-1,0,1,0,0,0,0,1,1,-1,9,2,55,8,-1,-1,-1,-1,4,E01018396,0,5
2025520501478,2025,520501478,2,9,0,-1,19,4,8,-1,0,0,0,0,0,0,2,1,-1,6,1,-1,-1,-1,-1,-1,-1,-1,-1,0,-1
2025520501478,2025,520501478,1,9,0,-1,4,4,8,-1,0,0,0,0,0,0,1,1,-1,6,2,57,9,-1,-1,-1,-1,5,E01035121,0,4
2025520501483,2025,520501483,1,9,0,-1,19,1,5,-1,0,8,0,0,0,0,1,1,-1,6,1,66,10,-1,-1,-1,-1,7,E01029089,0,1
2025520501483,2025,520501483,2,9,0,-1,9,3,1,-1,0,2,0,0,0,0,1,1,-1,6,1,78,11,-1,-1,-1,-1,4,E01029152,0,2
2025520501488,2025,520501488,2,9,0,-1,19,1,5,-1,0,0,5,0,1,0,1,1,-1,6,1,37,7,-1,-1,-1,-1,5,E01034377,0,2
2025520501488,2025,520501488,3,9,4,-1,19,5,1,-1,0,0,0,0,0,0,0,1,-1,6,1,65,9,-1,-1,-1,-1,5,E01029154,0,1
2025520501488,2025,520501488,1,19,4,-1,19,5,1,-1,0,0,0,0,7,0,1,1,-1,6,1,65,9,-1,-1,-1,-1,5,E01029154,0,1
2025520501499,2025,520501499,2,21,0,-1,19,2,6,-1,0,0,0,0,0,0,1,1,-1,1,1,71,10,-1,-1,-1,-1,4,E01029029,0,4
2025520501499,2025,520501499,1,21,1,-1,6,2,2,-1,0,0,0,0,0,0,4,1,-1,1,1,39,7,-1,-1,-1,-1,4,W01001598,0,4
2025520501506,2025,520501506,1,19,0,-1,19,5,1,-1,0,0,0,4,0,0,1,1,-1,6,1,57,9,-1,-1,-1,-1,2,W01001481,0,4
2025520501506,2025,520501506,3,9,0,-1,2,0,0,-1,0,0,0,0,0,0,1,1,-1,6,3,-1,-1,-1,-1,-1,-1,-1,-1,0,-1
2025520501506,2025,520501506,2,9,0,-1,2,0,0,-1,0,0,0,0,0,0,2,1,-1,6,3,-1,-1,-1,-1,-1,-1,-1,-1,0,-1
2025520501511,2025,520501511,2,9,0,-1,19,1,5,-1,0,0,0,0,0,0,1,1,-1,6,2,49,8,-1,-1,-1,-1,3,E01020556,0,4
2025520501511,2025,520501511,1,9,0,-1,19,5,1,-1,0,0,5,0,0,0,1,1,-1,6,1,66,10,-1,-1,-1,-1,6,E01020440,0,4
2025520501511,2025,520501511,3,9,0,-1,19,1,5,-1,0,0,0,0,0,0,1,1,-1,6,1,45,7,-1,-1,-1,-1,1,E01014316,0,5
2025520501512,2025,520501512,3,9,0,-1,19,6,2,-1,0,0,0,0,0,0,1,1,-1,6,2,71,10,-1,-1,-1,-1,4,E01035129,0,2
2025520501512,2025,520501512,1,19,0,-1,10,6,2,-1,0,0,0,0,0,0,2,1,-1,1,1,31,6,-1,-1,-1,-1,-1,-1,0,-1
2025520501512,2025,520501512,2,9,0,-1,3,6,2,-1,0,0,0,0,0,0,2,1,-1,6,2,36,7,-1,-1,-1,-1,6,E01029267,0,2
2025520501513,2025,520501513,1,9,0,-1,4,7,3,-1,0,0,1,0,8,4,1,1,-1,9,1,37,7,-1,-1,-1,-1,8,E01014061,0,4
2025520501513,2025,520501513,3,9,0,-1,4,7,3,-1,0,0,0,0,0,0,2,1,-1,9,1,27,6,-1,-1,-1,-1,3,E01014811,0,3
2025520501513,2025,520501513,2,9,0,-1,4,7,3,-1,0,0,1,0,1,0,2,1,-1,9,1,32,6,-1,-1,-1,-1,4,E01035114,0,3
2025520501514,2025,520501514,2,5,0,-1,19,3,7,-1,0,0,0,0,0,0,1,1,-1,6,1,67,10,-1,-1,-1,-1,6,E01020547,0,3
2025520501514,2025,520501514,1,9,0,-1,9,7,5,-1,0,0,0,0,0,0,1,1,-1,9,1,64,9,-1,-1,-1,-1,5,E01020512,0,4
2025520501522,2025,520501522,1,5,0,-1,3,3,7,-1,0,0,0,0,0,0,2,1,-1,9,1,30,6,-1,-1,-1,-1,6,E01020561,0,4
2025520501522,2025,520501522,2,9,0,-1,19,3,7,-1,0,0,0,0,0,0,1,1,-1,9,1,60,9,-1,-1,-1,-1,7,E01020154,0,4
2025520501525,2025,520501525,1,9,0,-1,5,7,3,-1,0,2,0,0,0,0,1,1,-1,2,2,26,6,-1,-1,-1,-1,10,E01014793,0,4
2025520501525,2025,520501525,2,1,0,-1,19,5,1,-1,0,2,0,0,0,0,2,1,-1,9,1,61,9,-1,-1,-1,-1,4,E01029119,0,1
2025522500083,2025,522500083,1,-1,0,-1,10,8,5,-1,0,1,0,0,0,0,1,1,-1,6,1,-1,-1,-1,-1,-1,-1,2,E01014630,1,1
2025522500083,2025,522500083,2,19,0,-1,9,1,8,-1,0,5,0,0,0,0,1,1,-1,1,2,24,5,-1,-1,-1,-1,4,E01014632,0,1
2025522500108,2025,522500108,1,1,0,-1,19,3,7,-1,0,8,0,0,0,0,4,1,-1,6,2,36,7,-1,-1,-1,-1,2,E01014643,0,1
2025522500108,2025,522500108,2,9,0,-1,7,5,7,-1,0,4,0,0,0,0,1,1,-1,6,3,-1,-1,-1,-1,-1,-1,-1,-1,0,-1
2025522500113,2025,522500113,1,3,0,-1,9,5,2,-1,0,8,0,0,0,0,4,1,-1,6,2,18,4,-1,-1,-1,-1,4,E01014983,0,2
2025522500113,2025,522500113,2,9,0,-1,19,1,5,-1,0,4,0,0,0,0,1,1,-1,6,3,-1,-1,-1,-1,-1,-1,-1,-1,0,-1
2025522500120,2025,522500120,1,9,0,-1,6,1,1,-1,0,0,0,0,0,0,3,1,-1,6,3,-1,-1,-1,-1,-1,-1,-1,-1,0,-1
2025522500120,2025,522500120,2,1,0,-1,19,1,5,-1,0,0,0,0,0,0,1,1,-1,6,1,26,6,-1,-1,-1,-1,2,E01014636,0,1
2025522500193,2025,522500193,1,9,0,-1,19,5,1,-1,0,0,5,0,1,10,4,1,-1,6,1,44,7,-1,-1,-1,-1,3,E01014673,0,2
2025522500196,2025,522500196,1,9,0,-1,19,5,1,-1,0,8,0,0,1,10,3,1,-1,6,2,43,7,-1,-1,-1,-1,1,E01014517,0,1
2025522500196,2025,522500196,2,21,0,-1,5,5,1,-1,0,8,0,0,0,0,4,1,-1,1,1,44,7,-1,-1,-1,-1,3,E01014569,0,2
2025522500198,2025,522500198,1,19,0,-1,19,5,1,-1,0,0,0,0,0,0,1,1,-1,1,1,24,5,-1,-1,-1,-1,7,E01033861,0,4
2025522500198,2025,522500198,3,9,0,-1,19,1,5,-1,0,0,0,0,0,0,3,1,-1,6,1,53,8,-1,-1,-1,-1,5,E01031889,0,3
2025522500198,2025,522500198,2,9,0,-1,19,1,5,-1,0,0,0,0,0,0,1,1,-1,6,1,24,5,-1,-1,-1,-1,8,E01003399,0,5
2025522500201,2025,522500201,2,9,0,-1,9,5,3,-1,0,6,0,0,0,0,1,1,-1,1,1,54,8,-1,-1,-1,-1,10,E01014875,0,2
2025522500201,2025,522500201,1,3,0,-1,19,3,7,-1,0,8,0,0,0,0,3,1,-1,6,1,59,9,-1,-1,-1,-1,2,E01014630,0,1
2025522500203,2025,522500203,1,9,0,-1,4,8,4,-1,0,3,0,0,0,0,0,1,-1,2,1,22,5,-1,-1,-1,-1,7,W01001584,0,3
2025522500235,2025,522500235,2,8,0,-1,5,6,2,-1,0,0,0,0,0,0,3,1,-1,1,1,56,9,-1,-1,-1,-1,4,E01014485,0,1
2025522500235,2025,522500235,1,1,0,-1,14,6,2,-1,0,0,0,0,0,0,1,1,-1,6,2,29,6,-1,-1,-1,-1,4,E01014632,0,1
2025522500238,2025,522500238,1,1,0,-1,13,1,5,-1,0,0,0,0,0,0,1,1,-1,6,1,26,6,-1,-1,-1,-1,2,E01014661,0,1
2025522500238,2025,522500238,2,8,0,-1,6,1,1,-1,0,0,0,0,0,0,3,1,-1,1,3,-1,-1,-1,-1,-1,-1,-1,-1,0,-1
2025522500277,2025,522500277,2,9,0,-1,19,2,6,-1,0,0,1,0,0,0,1,1,-1,6,2,28,6,-1,-1,-1,-1,5,E01033339,0,1
2025522500277,2025,522500277,1,9,0,-1,19,6,2,-1,0,0,0,0,0,0,1,1,-1,6,2,30,6,-1,-1,-1,-1,9,E01014955,0,1
2025522500284,2025,522500284,2,1,0,-1,19,6,2,-1,0,6,0,0,0,0,3,1,-1,6,1,14,3,-1,-1,-1,-1,4,E01014983,0,1
2025522500284,2025,522500284,1,9,0,-1,7,6,8,-1,0,3,0,0,0,0,1,1,-1,6,1,73,10,-1,-1,-1,-1,10,E01014979,0,1
2025522500311,2025,522500311,1,9,0,-1,1,4,8,-1,9,1,0,0,1,1,2,1,-1,6,2,90,11,-1,-1,-1,-1,1,E01014658,0,1
2025522500317,2025,522500317,2,9,0,-1,19,4,8,-1,0,8,0,0,0,0,3,1,-1,2,2,38,7,-1,-1,-1,-1,2,E01014685,0,2
2025522500317,2025,522500317,1,9,0,-1,9,8,7,-1,0,5,0,0,0,0,1,1,-1,2,1,34,6,-1,-1,-1,-1,2,E01014640,0,1
2025522500320,2025,522500320,2,19,0,-1,19,2,6,-1,0,0,0,0,0,0,2,1,-1,2,1,32,6,-1,-1,-1,-1,8,E01014918,0,1
2025522500320,2025,522500320,3,11,0,-1,19,2,6,-1,0,0,0,0,0,0,3,1,-1,1,1,43,7,-1,-1,-1,-1,6,E01014508,0,1
2025522500320,2025,522500320,1,9,0,-1,12,2,6,-1,0,0,0,0,0,0,1,1,-1,6,1,49,8,-1,-1,-1,-1,1,E01014655,0,1
2025522500341,2025,522500341,2,19,9,-1,19,7,3,-1,0,0,0,0,0,0,1,1,-1,6,3,-1,-1,-1,-1,-1,-1,-1,-1,0,-1
2025522500341,2025,522500341,1,9,0,-1,4,7,3,-1,0,0,0,0,0,0,2,1,-1,6,2,45,7,-1,-1,-1,-1,10,W01001591,0,3
2025522500349,2025,522500349,1,9,0,-1,19,8,4,-1,0,0,0,0,0,0,1,1,-1,2,1,41,7,-1,-1,-1,-1,8,E01014797,0,3
2025522500349,2025,522500349,2,-1,0,-1,19,6,2,-1,0,0,0,0,0,0,4,1,-1,2,1,19,4,-1,-1,-1,-1,7,E01014648,1,1
2025522500355,2025,522500355,2,9,0,-1,19,7,3,-1,0,1,0,0,0,0,1,1,-1,6,1,44,7,-1,-1,-1,-1,4,E01014622,0,1
2025522500355,2025,522500355,1,9,0,-1,19,3,7,-1,0,2,0,4,0,0,1,1,-1,6,1,-1,-1,-1,-1,-1,-1,-1,-1,0,-1
2025522500356,2025,522500356,2,9,0,-1,13,8,4,-1,0,8,0,0,0,0,4,1,-1,6,3,-1,-1,-1,-1,-1,-1,-1,-1,0,-1
2025522500356,2025,522500356,1,9,0,-1,19,8,4,-1,0,8,5,0,7,10,3,1,-1,6,1,21,5,-1,-1,-1,-1,9,E01014931,0,1
2025522500360,2025,522500360,2,1,0,-1,19,5,1,-1,4,8,0,0,0,0,4,1,-1,6,2,59,9,-1,-1,-1,-1,10,E01014901,0,1
2025522500360,2025,522500360,1,9,0,-1,7,7,1,-1,4,6,0,0,0,0,1,1,-1,6,3,-1,-1,-1,-1,-1,-1,-1,-1,0,-1
2025522500362,2025,522500362,1,9,0,-1,19,5,1,-1,0,0,0,8,0,0,4,1,-1,6,2,19,4,-1,-1,-1,-1,4,E01014704,0,1
2025522500362,2025,522500362,2,9,0,-1,2,0,0,-1,0,0,0,0,0,0,4,1,-1,9,1,-1,-1,-1,-1,-1,-1,-1,-1,0,-1
2025522500364,2025,522500364,1,9,0,-1,9,1,7,-1,0,8,0,0,0,0,3,1,-1,6,1,49,8,-1,-1,-1,-1,6,E01032677,0,3
2025522500364,2025,522500364,2,3,0,-1,19,1,5,-1,0,3,0,0,0,0,4,1,-1,6,1,33,6,-1,-1,-1,-1,1,E01009501,0,5
2025522500365,2025,522500365,1,9,0,-1,9,1,6,-1,0,4,0,0,0,0,3,1,-1,6,2,61,9,-1,-1,-1,-1,4,W01001433,0,4
2025522500365,2025,522500365,2,1,0,-1,9,6,4,-1,0,8,0,0,0,0,1,1,-1,6,2,58,9,-1,-1,-1,-1,5,W01002023,0,4
2025522500373,2025,522500373,2,9,0,-1,5,0,2,-1,0,0,0,0,0,0,0,1,-1,6,3,-1,-1,-1,-1,-1,-1,-1,-1,0,-1
2025522500373,2025,522500373,1,9,0,-1,13,6,2,-1,0,0,0,7,0,0,1,1,-1,6,1,46,8,-1,-1,-1,-1,10,E01014988,0,1
2025522500379,2025,522500379,1,9,0,-1,19,2,6,-1,0,2,0,0,0,0,1,1,-1,1,1,39,7,-1,-1,-1,-1,10,E01014967,0,2
2025522500384,2025,522500384,2,9,0,-1,19,8,4,-1,0,8,0,0,0,0,1,1,-1,6,1,34,6,-1,-1,-1,-1,8,E01014506,0,1
2025522500384,2025,522500384,1,9,0,-1,9,4,1,-1,0,5,0,0,0,0,1,1,-1,6,2,59,9,-1,-1,-1,-1,7,E01014520,0,1
2025522500386,2025,522500386,2,19,0,-1,19,6,2,-1,0,0,0,0,0,0,1,1,-1,2,1,63,9,-1,-1,-1,-1,1,E01019566,0,5
2025522500386,2025,522500386,1,9,0,-1,19,6,2,-1,0,0,0,0,0,0,2,1,-1,6,1,35,6,-1,-1,-1,-1,6,E01035214,0,4
2025522500390,2025,522500390,2,-1,0,-1,19,1,5,-1,5,0,0,0,0,0,1,1,-1,6,3,-1,-1,-1,-1,-1,-1,-1,-1,1,-1
2025522500390,2025,522500390,1,1,0,-1,19,5,1,-1,5,0,0,0,0,0,2,1,-1,6,1,31,6,-1,-1,-1,-1,7,E01014698,0,1
2025522500419,2025,522500419,1,9,0,-1,9,4,2,-1,0,6,0,0,0,0,3,1,-1,6,2,45,7,-1,-1,-1,-1,10,E01014717,0,1
2025522500419,2025,522500419,2,9,0,-1,19,2,6,-1,0,8,0,0,0,0,1,1,-1,6,2,58,9,-1,-1,-1,-1,3,E01014695,0,1
2025522500422,2025,522500422,1,-1,0,-1,9,2,8,-1,0,6,0,0,0,0,1,1,-1,6,1,64,9,-1,-1,-1,-1,1,E01033369,1,1
2025522500422,2025,522500422,2,9,0,-1,19,4,8,-1,0,8,0,0,0,0,1,1,-1,6,1,51,8,-1,-1,-1,-1,7,E01014528,0,1
2025522500448,2025,522500448,1,1,0,-1,19,4,8,-1,0,8,0,0,0,0,4,1,-1,6,1,60,9,-1,-1,-1,-1,3,E01014736,0,2
2025522500448,2025,522500448,2,9,0,-1,19,6,2,-1,0,4,0,0,0,0,1,1,-1,6,1,38,7,-1,-1,-1,-1,-1,-1,0,-1
2025522500450,2025,522500450,1,9,0,-1,19,2,6,-1,0,1,0,0,0,0,1,1,-1,6,2,21,5,-1,-1,-1,-1,7,E01035217,0,2
2025522500450,2025,522500450,2,9,0,-1,10,2,8,-1,0,8,0,0,0,0,2,1,-1,6,1,56,9,-1,-1,-1,-1,10,E01014935,0,1
2025522500452,2025,522500452,1,9,0,-1,12,7,3,-1,0,1,0,7,0,0,1,1,-1,2,1,48,8,-1,-1,-1,-1,7,E01014651,0,1