collision_index,collision_year,collision_ref_no,vehicle_reference,vehicle_type,towing_and_articulation,vehicle_manoeuvre_historic,vehicle_manoeuvre,vehicle_direction_from,vehicle_direction_to,vehicle_location_restricted_lane_historic,vehicle_location_restricted_lane,junction_location,skidding_and_overturning,hit_object_in_carriageway,vehicle_leaving_carriageway,hit_object_off_carriageway,first_point_of_impact,vehicle_left_hand_drive,journey_purpose_of_driver_historic,journey_purpose_of_driver,sex_of_driver,age_of_driver,age_band_of_driver,engine_capacity_cc,propulsion_code,age_of_vehicle,generic_make_model,driver_imd_decile,lsoa_of_driver,escooter_flag,driver_distance_banding
2025522500456,2025,522500456,1,9,0,-1,19,6,2,-1,0,0,0,0,0,0,1,1,-1,6,1,55,8,-1,-1,-1,-1,10,E01035220,0,1
2025522500456,2025,522500456,2,1,0,-1,19,4,8,-1,0,0,0,0,0,0,4,1,-1,6,1,14,3,-1,-1,-1,-1,6,E01014984,0,1
2025522500460,2025,522500460,1,9,0,-1,19,7,3,-1,0,8,1,0,0,0,4,1,-1,9,1,62,9,-1,-1,-1,-1,10,E01014999,0,2
2025522500460,2025,522500460,2,20,0,-1,19,1,5,-1,0,8,0,0,0,0,1,1,-1,1,1,36,7,-1,-1,-1,-1,9,E01015015,0,1
2025522500467,2025,522500467,2,1,0,-1,13,2,6,-1,0,8,0,0,0,0,4,1,-1,6,1,26,6,-1,-1,-1,-1,2,E01014574,0,1
2025522500467,2025,522500467,1,9,0,-1,9,4,2,-1,0,6,0,0,0,0,1,1,-1,6,1,30,6,-1,-1,-1,-1,2,E01014568,0,1
2025522500468,2025,522500468,2,9,0,-1,19,8,4,-1,0,8,0,0,0,0,3,1,-1,6,2,30,6,-1,-1,-1,-1,2,E01014497,0,1
2025522500468,2025,522500468,1,9,0,-1,19,7,3,-1,0,6,0,0,0,0,1,1,-1,6,1,25,5,-1,-1,-1,-1,1,E01014593,0,2
2025522500471,2025,522500471,1,9,0,-1,4,8,4,-1,0,1,0,0,0,0,4,1,-1,6,1,49,8,-1,-1,-1,-1,8,E01035227,0,1
2025522500471,2025,522500471,2,1,0,-1,19,2,6,-1,0,6,0,0,0,0,1,1,-1,7,1,14,3,-1,-1,-1,-1,5,E01035223,0,1
2025522500480,2025,522500480,2,9,0,-1,19,8,4,-1,0,0,0,0,0,0,1,1,-1,6,1,31,6,-1,-1,-1,-1,1,W01001659,0,3
2025522500480,2025,522500480,1,9,0,-1,2,0,0,-1,0,0,0,0,0,0,2,1,-1,6,1,19,4,-1,-1,-1,-1,9,W01001657,0,4
2025522500481,2025,522500481,1,8,0,-1,19,8,4,-1,0,0,0,0,0,0,1,1,-1,6,1,33,6,-1,-1,-1,-1,1,E01014654,0,1
2025522500483,2025,522500483,2,9,0,-1,19,3,7,-1,0,8,0,0,0,0,4,1,-1,6,2,59,9,-1,-1,-1,-1,6,E01014929,0,1
2025522500483,2025,522500483,1,9,0,-1,5,5,1,-1,0,6,0,0,0,0,1,1,-1,6,2,56,9,-1,-1,-1,-1,3,E01014590,0,2
2025522500488,2025,522500488,1,9,0,-1,19,5,1,-1,0,4,0,0,0,0,3,1,-1,6,2,48,8,-1,-1,-1,-1,3,E01014612,0,1
2025522500488,2025,522500488,2,1,0,-1,19,3,7,-1,0,8,0,0,0,0,1,1,-1,6,2,55,8,-1,-1,-1,-1,4,E01014681,0,1
2025522500492,2025,522500492,1,9,0,-1,19,1,5,-1,0,0,0,0,0,0,1,1,-1,6,2,36,7,-1,-1,-1,-1,7,E01014648,0,1
2025522500492,2025,522500492,2,1,0,-1,19,1,5,-1,0,0,0,0,0,0,3,1,-1,6,1,33,6,-1,-1,-1,-1,1,E01014658,0,1
2025522500497,2025,522500497,1,9,0,-1,10,4,2,-1,0,1,0,0,0,0,2,1,-1,6,2,20,4,-1,-1,-1,-1,10,E01015014,0,1
2025522500497,2025,522500497,2,9,0,-1,19,4,8,-1,0,1,0,0,0,0,1,1,-1,6,3,-1,-1,-1,-1,-1,-1,-1,-1,0,-1
2025522500499,2025,522500499,1,9,0,-1,19,9,9,-1,0,0,0,0,0,0,1,1,-1,6,3,-1,-1,-1,-1,-1,-1,-1,-1,0,-1
2025522500500,2025,522500500,1,1,0,-1,19,2,6,-1,0,8,0,0,0,0,1,1,-1,6,1,23,5,-1,-1,-1,-1,4,E01014485,0,1
2025522500500,2025,522500500,2,9,0,-1,9,6,4,-1,0,5,0,0,0,0,1,1,-1,6,2,38,7,-1,-1,-1,-1,1,E01033370,0,1
2025522500502,2025,522500502,1,9,0,-1,5,7,1,-1,0,1,0,0,0,0,1,1,-1,9,2,52,8,-1,-1,-1,-1,10,E01015014,0,3
2025522500503,2025,522500503,2,19,0,-1,19,2,6,-1,0,8,0,0,0,0,1,1,-1,6,1,-1,-1,-1,-1,-1,-1,-1,-1,0,-1
2025522500503,2025,522500503,1,19,0,-1,10,2,1,-1,0,5,0,0,0,0,2,1,-1,6,1,31,6,-1,-1,-1,-1,4,E01014496,0,3
2025522500504,2025,522500504,1,1,0,-1,10,5,2,-1,0,8,0,0,0,0,4,1,-1,9,1,27,6,-1,-1,-1,-1,6,E01014023,0,4
2025522500504,2025,522500504,2,9,0,-1,9,5,2,-1,0,5,0,0,0,0,3,1,-1,9,1,19,4,-1,-1,-1,-1,2,E01014526,0,1
2025522500506,2025,522500506,2,9,0,-1,2,0,0,-1,0,0,0,0,0,0,3,1,-1,6,1,-1,-1,-1,-1,-1,-1,-1,-1,0,-1
2025522500506,2025,522500506,1,9,0,-1,19,1,5,-1,0,0,0,8,0,0,4,1,-1,6,2,39,7,-1,-1,-1,-1,5,E01014923,0,1
2025522500508,2025,522500508,2,19,0,-1,9,7,5,-1,0,5,0,0,0,0,3,1,-1,6,2,40,7,-1,-1,-1,-1,10,E01014944,0,1
2025522500508,2025,522500508,1,1,0,-1,10,5,3,-1,0,1,0,0,0,0,1,1,-1,6,1,45,7,-1,-1,-1,-1,7,E01014917,0,1
2025522500510,2025,522500510,2,9,0,-1,4,5,2,-1,0,8,0,0,0,0,1,1,-1,6,3,-1,-1,-1,-1,-1,-1,-1,-1,0,-1
2025522500510,2025,522500510,1,9,0,-1,3,5,2,-1,0,8,0,0,0,0,2,1,-1,6,2,31,6,-1,-1,-1,-1,10,E01022417,0,4
2025522500511,2025,522500511,1,3,0,-1,19,2,6,-1,0,0,0,0,0,0,4,1,-1,6,2,45,7,-1,-1,-1,-1,4,E01014650,0,1
2025522500511,2025,522500511,2,9,0,-1,15,2,6,-1,0,0,0,0,0,0,3,1,-1,6,3,-1,-1,-1,-1,-1,-1,-1,-1,0,-1
2025522500514,2025,522500514,1,9,0,-1,3,5,1,-1,0,1,0,0,0,0,2,1,-1,6,2,59,9,-1,-1,-1,-1,5,E01014633,0,1
2025522500514,2025,522500514,2,9,0,-1,19,5,1,-1,0,1,0,0,0,0,1,1,-1,6,2,-1,-1,-1,-1,-1,-1,-1,-1,0,-1
2025522500517,2025,522500517,1,9,0,-1,19,5,1,-1,0,2,0,0,0,0,4,1,-1,6,1,64,9,-1,-1,-1,-1,3,E01014942,0,2
2025522500519,2025,522500519,1,-1,0,-1,19,1,5,-1,0,0,0,0,0,0,2,1,-1,2,2,43,7,-1,-1,-1,-1,4,E01014521,1,1
2025522500519,2025,522500519,2,19,0,-1,19,1,5,-1,0,0,0,0,0,0,1,1,-1,6,1,-1,-1,-1,-1,-1,-1,-1,-1,0,-1
2025522500522,2025,522500522,1,9,0,-1,19,6,2,-1,0,1,0,0,0,0,1,9,-1,6,3,-1,-1,-1,-1,-1,-1,-1,-1,0,-1
2025522500523,2025,522500523,1,9,0,-1,19,9,9,-1,0,0,0,0,0,0,2,1,-1,6,2,39,7,-1,-1,-1,-1,1,E01014638,0,2
2025522500523,2025,522500523,2,9,0,-1,19,9,9,-1,0,0,0,0,0,0,1,9,-1,6,3,-1,-1,-1,-1,-1,-1,-1,-1,0,-1
2025522500528,2025,522500528,2,9,0,-1,19,5,1,-1,0,1,0,0,0,0,1,1,-1,6,1,-1,-1,-1,-1,-1,-1,-1,-1,0,-1
2025522500528,2025,522500528,1,9,0,-1,3,5,1,-1,0,1,0,0,0,0,2,1,-1,6,1,32,6,-1,-1,-1,-1,5,E01014861,0,1
2025522500529,2025,522500529,1,1,0,-1,19,9,9,-1,0,0,0,0,0,0,1,1,-1,6,3,-1,-1,-1,-1,-1,-1,-1,-1,0,-1
2025522500530,2025,522500530,2,3,0,-1,19,8,4,-1,0,8,0,0,0,0,1,1,-1,6,1,24,5,-1,-1,-1,-1,9,E01014899,0,1
2025522500530,2025,522500530,1,9,0,-1,9,4,2,-1,0,5,0,0,0,0,1,1,-1,6,1,25,5,-1,-1,-1,-1,8,E01029723,0,5
2025522500531,2025,522500531,2,1,0,-1,19,4,8,-1,0,8,0,0,0,0,2,1,-1,6,1,44,7,-1,-1,-1,-1,4,E01014488,0,1
2025522500531,2025,522500531,1,9,0,-1,7,6,8,-1,0,6,0,0,0,0,1,1,-1,6,2,33,6,-1,-1,-1,-1,10,E01014716,0,1
2025522500535,2025,522500535,2,1,0,-1,19,1,5,-1,0,8,0,0,0,0,4,1,-1,6,1,35,6,-1,-1,-1,-1,4,E01014699,0,1
2025522500535,2025,522500535,1,9,0,-1,19,4,7,-1,0,6,0,0,0,0,1,1,-1,6,1,-1,-1,-1,-1,-1,-1,-1,-1,0,-1
2025522500536,2025,522500536,2,9,0,-1,19,2,6,-1,0,0,0,0,0,0,1,1,-1,7,2,31,6,-1,-1,-1,-1,3,E01022256,0,4
2025522500536,2025,522500536,1,9,0,-1,3,2,6,-1,0,0,0,0,0,0,2,1,-1,9,1,55,8,-1,-1,-1,-1,4,E01014623,0,1
2025522500537,2025,522500537,2,19,0,-1,4,6,2,-1,0,0,0,0,0,0,2,1,-1,6,1,56,9,-1,-1,-1,-1,6,E01014914,0,3
2025522500537,2025,522500537,1,9,0,-1,4,6,2,-1,0,0,0,0,0,0,2,1,-1,6,2,43,7,-1,-1,-1,-1,10,-1,0,5
2025522500537,2025,522500537,3,19,0,-1,4,6,2,-1,0,0,0,0,0,0,1,1,-1,6,1,48,8,-1,-1,-1,-1,1,E01022323,0,4
2025522500538,2025,522500538,2,9,0,-1,19,4,8,-1,0,1,0,0,0,0,1,1,-1,6,3,-1,-1,-1,-1,-1,-1,-1,-1,0,-1
2025522500538,2025,522500538,1,3,0,-1,8,4,6,-1,0,6,0,0,0,0,2,1,-1,6,1,28,6,-1,-1,-1,-1,2,E01014629,0,1
2025522500539,2025,522500539,2,9,0,-1,19,8,2,-1,0,4,0,0,0,0,1,1,-1,6,1,-1,-1,-1,-1,-1,-1,-1,-1,0,-1
2025522500539,2025,522500539,1,1,0,-1,19,5,1,-1,0,8,0,0,0,0,4,1,-1,2,1,24,5,-1,-1,-1,-1,4,E01014662,0,1
2025522500543,2025,522500543,2,19,0,-1,12,6,2,-1,0,7,0,0,0,0,3,1,-1,6,3,-1,-1,-1,-1,-1,-1,-1,-1,0,-1
2025522500543,2025,522500543,1,9,0,-1,19,6,2,-1,0,8,0,0,8,7,4,1,-1,6,2,19,4,-1,-1,-1,-1,2,E01029311,0,4
2025522500546,2025,522500546,2,19,0,-1,11,8,4,-1,0,2,0,0,0,0,4,1,-1,6,1,-1,-1,-1,-1,-1,-1,-1,-1,0,-1
2025522500546,2025,522500546,1,1,0,-1,15,8,4,-1,0,2,0,0,0,0,3,1,-1,2,1,27,6,-1,-1,-1,-1,10,E01014716,0,1
2025522500547,2025,522500547,2,4,0,-1,19,7,3,-1,0,8,0,0,0,0,1,1,-1,6,1,-1,-1,-1,-1,-1,-1,-1,-1,0,-1
2025522500547,2025,522500547,1,9,0,-1,1,3,7,-1,0,8,0,0,0,0,2,1,-1,6,2,73,10,-1,-1,-1,-1,9,E01014851,0,2
2025522500548,2025,522500548,3,21,0,-1,19,2,6,-1,0,0,0,0,0,0,1,1,-1,1,1,61,9,-1,-1,-1,-1,8,E01023103,0,5
2025522500548,2025,522500548,1,9,0,-1,6,6,6,-1,-1,0,1,0,1,9,2,1,-1,9,2,25,5,-1,-1,-1,-1,7,E01024302,0,5
2025522500548,2025,522500548,2,9,0,-1,19,6,2,-1,0,0,0,0,7,10,1,1,-1,9,1,57,9,-1,-1,-1,-1,9,E01022353,0,4
2025522500549,2025,522500549,2,9,0,-1,19,6,2,-1,0,0,0,0,0,0,1,1,-1,6,1,82,11,-1,-1,-1,-1,2,E01014640,0,1
2025522500549,2025,522500549,1,9,0,-1,19,2,6,-1,0,0,0,0,0,0,3,1,-1,2,1,39,7,-1,-1,-1,-1,1,E01014605,0,1
2025522500556,2025,522500556,1,21,1,-1,3,2,6,-1,0,0,0,0,0,0,2,1,-1,1,1,30,6,-1,-1,-1,-1,1,E01001442,0,5
2025522500556,2025,522500556,2,19,0,-1,19,2,6,-1,0,0,0,0,0,0,1,1,-1,1,1,74,10,-1,-1,-1,-1,7,E01014525,0,3
2025522500557,2025,522500557,1,9,5,-1,19,5,8,-1,0,0,3,10,7,10,4,1,-1,9,1,20,4,-1,-1,-1,-1,4,E01014496,0,2
2025522500558,2025,522500558,3,9,0,-1,4,5,1,-1,0,0,0,0,0,0,1,1,-1,6,1,28,6,-1,-1,-1,-1,1,E01014663,0,3
2025522500558,2025,522500558,2,9,0,-1,4,5,1,-1,0,0,0,0,0,0,1,1,-1,6,1,25,5,-1,-1,-1,-1,6,W01001629,0,4
2025522500558,2025,522500558,1,9,0,-1,3,5,1,-1,0,0,0,0,0,0,2,1,-1,6,1,19,4,-1,-1,-1,-1,1,E01014689,0,2
2025522500559,2025,522500559,1,9,0,-1,7,8,3,-1,0,8,0,0,0,0,3,1,-1,9,1,47,8,-1,-1,-1,-1,1,E01032518,0,1
2025522500559,2025,522500559,2,1,0,-1,19,6,3,-1,0,8,0,0,0,0,1,1,-1,9,1,19,4,-1,-1,-1,-1,9,E01014899,0,1
2025522500560,2025,522500560,1,19,0,-1,5,6,2,-1,0,0,0,0,0,0,1,1,-1,9,1,-1,-1,-1,-1,-1,-1,-1,-1,0,-1
2025522500561,2025,522500561,1,3,0,-1,19,3,7,-1,0,2,0,0,0,0,0,1,-1,6,1,36,7,-1,-1,-1,-1,9,E01015018,0,1
2025522500568,2025,522500568,2,9,0,-1,2,0,0,-1,0,2,0,0,0,0,1,1,-1,6,3,-1,-1,-1,-1,-1,-1,-1,-1,0,-1
2025522500568,2025,522500568,1,9,0,-1,19,7,3,-1,0,2,5,4,0,0,1,1,-1,6,1,84,11,-1,-1,-1,-1,1,E01014833,0,4
2025522500569,2025,522500569,1,9,0,-1,19,5,1,-1,0,0,0,0,0,0,1,1,-1,6,1,24,5,-1,-1,-1,-1,6,E01014984,0,1
2025522500569,2025,522500569,2,9,0,-1,19,1,5,-1,0,0,0,0,0,0,1,1,-1,6,3,-1,-1,-1,-1,-1,-1,-1,-1,0,-1
2025522500569,2025,522500569,3,9,0,-1,19,1,5,-1,0,0,0,0,0,0,0,1,-1,8,3,-1,-1,-1,-1,-1,-1,-1,-1,0,-1
2025522500571,2025,522500571,1,9,0,-1,19,3,7,-1,0,0,0,0,0,0,1,1,-1,6,1,29,6,-1,-1,-1,-1,9,E01014899,0,2
2025522500571,2025,522500571,2,9,0,-1,19,7,3,-1,0,0,0,0,0,0,1,1,-1,6,1,29,6,-1,-1,-1,-1,1,E01033896,0,5
2025522500572,2025,522500572,1,19,0,-1,19,6,2,-1,0,1,0,0,0,0,1,1,-1,1,1,40,7,-1,-1,-1,-1,1,E01014580,0,1
2025522500572,2025,522500572,2,9,0,-1,3,6,2,-1,0,1,0,0,0,0,2,1,-1,9,1,50,8,-1,-1,-1,-1,1,E01014581,0,1
2025522500573,2025,522500573,1,8,0,-1,19,5,1,-1,2,8,0,0,0,0,1,1,-1,6,1,33,6,-1,-1,-1,-1,2,E01014630,0,1
2025522500573,2025,522500573,2,4,0,-1,9,1,7,-1,0,5,0,0,0,0,4,1,-1,6,1,48,8,-1,-1,-1,-1,3,E01014951,0,1
2025522500574,2025,522500574,1,3,0,-1,10,5,3,-1,0,1,0,0,0,0,2,1,-1,1,1,43,7,-1,-1,-1,-1,4,E01014906,0,1
2025522500574,2025,522500574,2,9,0,-1,4,5,1,-1,0,1,0,0,0,0,1,1,-1,6,3,-1,-1,-1,-1,-1,-1,-1,-1,0,-1
2025522500577,2025,522500577,2,21,1,-1,19,5,1,-1,0,8,0,0,0,0,1,1,-1,1,1,62,9,-1,-1,-1,-1,2,E01014048,0,4
2025522500577,2025,522500577,1,9,0,-1,19,3,7,-1,0,8,0,0,0,0,4,1,-1,6,2,44,7,-1,-1,-1,-1,9,E01014943,0,2
2025522500579,2025,522500579,2,9,0,-1,2,0,0,-1,0,8,0,0,0,0,3,1,-1,6,2,31,6,-1,-1,-1,-1,1,E01014596,0,1
2025522500579,2025,522500579,1,9,0,-1,19,5,1,-1,0,6,0,0,0,0,1,1,-1,6,2,32,6,-1,-1,-1,-1,1,E01032514,0,1
2025522500581,2025,522500581,1,9,0,-1,12,3,7,-1,0,0,0,0,0,0,3,1,-1,6,1,65,9,-1,-1,-1,-1,4,E01014786,0,1
2025522500581,2025,522500581,3,9,0,-1,19,3,7,-1,0,0,0,0,0,0,3,1,-1,6,2,55,8,-1,-1,-1,-1,8,E01014819,0,4
2025522500581,2025,522500581,2,9,0,-1,19,3,7,-1,0,0,0,0,0,0,4,1,-1,6,1,46,8,-1,-1,-1,-1,6,W01001613,0,4
2025522500582,2025,522500582,1,1,0,-1,19,5,1,-1,4,8,0,0,0,0,4,1,-1,6,2,43,7,-1,-1,-1,-1,4,E01014607,0,1
2025522500582,2025,522500582,2,9,0,-1,7,7,1,-1,4,6,0,0,0,0,1,1,-1,6,3,-1,-1,-1,-1,-1,-1,-1,-1,0,-1
2025522500583,2025,522500583,1,1,0,-1,19,4,8,-1,9,0,0,0,0,0,1,1,-1,6,1,42,7,-1,-1,-1,-1,1,E01014689,0,1
2025522500583,2025,522500583,2,23,0,-1,19,8,4,-1,9,0,0,0,0,0,1,1,-1,6,1,-1,-1,-1,-1,-1,-1,-1,-1,0,-1
2025522500587,2025,522500587,2,19,0,-1,7,5,7,-1,0,5,0,0,0,0,4,1,-1,1,3,-1,-1,-1,-1,-1,-1,-1,-1,0,-1
2025522500587,2025,522500587,1,1,0,-1,19,5,1,-1,4,8,0,0,0,0,2,1,-1,6,2,34,6,-1,-1,-1,-1,2,E01014610,0,1
2025522500590,2025,522500590,1,19,0,-1,19,2,6,-1,0,0,0,11,0,0,1,1,-1,2,1,38,7,-1,-1,-1,-1,3,E01024482,0,5
2025522500593,2025,522500593,1,9,0,-1,10,3,1,-1,0,5,0,0,0,0,2,1,-1,6,2,53,8,-1,-1,-1,-1,5,E01014973,0,1
2025522500593,2025,522500593,2,10,9,-1,19,3,7,-1,0,8,0,0,0,0,1,1,-1,6,3,-1,-1,-1,-1,-1,-1,-1,-1,0,-1
2025522500594,2025,522500594,2,9,0,-1,19,4,8,-1,0,6,0,0,0,0,1,1,-1,6,2,-1,-1,-1,-1,-1,-1,-1,-1,0,-1
2025522500594,2025,522500594,1,9,0,-1,19,1,5,-1,0,8,0,0,0,0,1,1,-1,6,1,22,5,-1,-1,-1,-1,1,E01014689,0,1
2025522500599,2025,522500599,1,9,0,-1,9,7,4,-1,0,2,0,0,0,0,1,1,-1,9,2,61,9,-1,-1,-1,-1,5,E01014500,0,1
2025522500608,2025,522500608,2,1,0,-1,19,6,2,-1,0,8,0,0,0,0,1,1,-1,6,1,34,6,-1,-1,-1,-1,3,E01014564,0,1
2025522500608,2025,522500608,1,21,1,-1,19,8,4,-1,0,8,0,0,0,0,1,1,-1,1,1,53,8,-1,-1,-1,-1,5,E01032397,0,4
2025522500610,2025,522500610,1,1,0,-1,19,5,1,-1,0,8,0,0,0,0,4,1,-1,6,1,26,6,-1,-1,-1,-1,10,E01035221,0,2
2025522500610,2025,522500610,2,19,0,-1,19,7,3,-1,0,4,0,0,0,0,1,1,-1,6,3,-1,-1,-1,-1,-1,-1,-1,-1,0,-1
2025522500615,2025,522500615,3,9,0,-1,2,0,0,-1,0,0,0,0,0,0,1,1,-1,6,3,-1,-1,-1,-1,-1,-1,-1,-1,0,-1
2025522500615,2025,522500615,2,8,0,-1,19,3,8,-1,0,0,0,0,0,0,3,1,-1,6,1,56,9,-1,-1,-1,-1,3,E01014564,0,1
2025522500615,2025,522500615,1,3,0,-1,19,8,3,-1,0,0,0,4,0,0,1,1,-1,6,1,39,7,-1,-1,-1,-1,2,E01014643,0,2
2025522500616,2025,522500616,2,9,0,-1,19,6,2,-1,0,0,0,0,0,0,0,1,-1,8,3,-1,-1,-1,-1,-1,-1,-1,-1,0,-1
2025522500616,2025,522500616,1,9,0,-1,19,6,2,-1,0,0,5,0,8,4,1,1,-1,6,1,16,4,-1,-1,-1,-1,5,E01022327,0,4
2025522500620,2025,522500620,1,1,0,-1,7,3,4,-1,0,5,1,0,9,0,1,1,-1,6,1,52,8,-1,-1,-1,-1,7,E01014505,0,1
2025522500620,2025,522500620,2,9,0,-1,9,4,3,-1,0,6,0,0,0,0,1,1,-1,6,1,0,1,-1,-1,-1,-1,-1,-1,0,-1
2025522500622,2025,522500622,1,19,0,-1,10,8,6,-1,0,5,0,0,0,0,2,1,-1,9,1,30,6,-1,-1,-1,-1,2,E01035216,0,4
2025522500622,2025,522500622,2,19,0,-1,19,8,4,-1,0,1,0,0,0,0,1,1,-1,9,1,-1,-1,-1,-1,-1,-1,-1,-1,0,-1
2025522500623,2025,522500623,1,5,0,-1,12,2,6,-1,0,4,0,0,0,0,2,1,-1,6,1,38,7,-1,-1,-1,-1,8,E01014398,0,3
2025522500623,2025,522500623,2,9,0,-1,19,2,6,-1,0,4,0,0,0,0,1,1,-1,6,3,-1,-1,-1,-1,-1,-1,-1,-1,0,-1
2025522500626,2025,522500626,2,9,0,-1,19,1,5,-1,0,8,0,0,0,0,3,1,-1,2,2,33,6,-1,-1,-1,-1,1,E01032515,0,3
2025522500626,2025,522500626,3,9,0,-1,19,1,5,-1,0,8,0,0,0,0,1,1,-1,2,1,45,7,-1,-1,-1,-1,10,E01035123,0,4
2025522500626,2025,522500626,1,9,0,-1,12,1,5,-1,0,8,1,0,0,0,2,1,-1,2,2,26,6,-1,-1,-1,-1,10,E01014965,0,2
2025522500628,2025,522500628,2,9,0,-1,19,2,6,-1,0,2,0,0,0,0,3,1,-1,6,1,49,8,-1,-1,-1,-1,6,E01032519,0,1
2025522500628,2025,522500628,1,9,0,-1,6,6,6,-1,0,1,0,0,0,0,4,1,-1,6,3,-1,-1,-1,-1,-1,-1,-1,-1,0,-1
2025522500631,2025,522500631,1,9,0,-1,19,7,3,-1,0,1,0,0,0,0,1,1,-1,6,1,29,6,-1,-1,-1,-1,4,E01014622,0,1
2025522500631,2025,522500631,2,9,0,-1,19,3,7,-1,0,2,0,0,0,0,1,1,-1,6,1,25,5,-1,-1,-1,-1,1,E01014653,0,1
2025522500633,2025,522500633,1,9,0,-1,3,8,4,-1,0,0,0,0,0,0,2,1,-1,6,1,22,5,-1,-1,-1,-1,8,E01031940,0,4
2025522500633,2025,522500633,2,99,0,-1,4,8,4,-1,0,0,0,0,0,0,1,1,-1,6,3,-1,-1,-1,-1,-1,-1,-1,-1,0,-1
2025522500636,2025,522500636,2,9,0,-1,9,1,7,-1,0,5,0,0,0,0,4,1,-1,6,3,-1,-1,-1,-1,-1,-1,-1,-1,0,-1
2025522500636,2025,522500636,1,3,0,-1,19,5,1,-1,0,8,0,0,0,0,1,1,-1,6,1,23,5,-1,-1,-1,-1,6,E01014487,0,1
2025522500637,2025,522500637,2,9,0,-1,7,8,2,-1,0,4,0,0,0,0,1,1,-1,6,2,51,8,-1,-1,-1,-1,10,E01014793,0,3
2025522500637,2025,522500637,1,1,0,-1,9,6,4,-1,0,8,0,0,0,0,4,1,-1,6,2,36,7,-1,-1,-1,-1,5,E01032516,0,1
2025522500638,2025,522500638,2,19,0,-1,15,4,8,-1,0,8,0,0,0,0,3,1,-1,1,1,-1,-1,-1,-1,-1,-1,-1,-1,0,-1
2025522500638,2025,522500638,1,1,0,-1,10,4,2,-1,0,5,0,0,0,0,4,1,-1,6,2,28,6,-1,-1,-1,-1,9,E01014696,0,1
2025522500640,2025,522500640,2,9,0,-1,5,2,5,-1,0,4,0,0,0,0,1,1,-1,6,3,-1,-1,-1,-1,-1,-1,-1,-1,0,-1
2025522500640,2025,522500640,1,9,0,-1,19,8,5,-1,0,8,0,0,0,0,4,1,-1,6,1,28,6,-1,-1,-1,-1,3,E01000090,0,5
2025522500643,2025,522500643,1,9,0,-1,12,5,1,-1,0,1,0,0,0,0,3,1,-1,6,1,59,9,-1,-1,-1,-1,3,E01014682,0,2
2025522500643,2025,522500643,2,9,0,-1,19,5,1,-1,0,1,0,0,0,0,4,1,-1,9,1,25,5,-1,-1,-1,-1,8,E01029129,0,3
2025522500646,2025,522500646,1,9,0,-1,1,4,1,-1,0,0,0,0,0,0,2,1,-1,6,1,58,9,-1,-1,-1,-1,6,W01000802,0,5
2025522500648,2025,522500648,2,-1,0,-1,19,3,7,-1,0,6,0,0,0,0,1,1,-1,6,3,-1,-1,-1,-1,-1,-1,-1,-1,1,-1
2025522500648,2025,522500648,1,1,0,-1,19,8,5,-1,0,8,0,0,0,0,4,1,-1,6,1,36,7,-1,-1,-1,-1,7,E01014975,0,1
2025522500651,2025,522500651,2,9,0,-1,2,0,0,-1,0,0,0,0,0,0,0,1,-1,9,2,42,7,-1,-1,-1,-1,10,E01014995,0,1
2025522500651,2025,522500651,1,9,0,-1,14,1,5,-1,0,0,0,0,0,0,1,1,-1,9,2,-1,-1,-1,-1,-1,-1,10,E01014912,0,1
2025522500658,2025,522500658,1,9,0,-1,3,2,6,-1,0,0,0,0,0,0,2,1,-1,6,1,29,6,-1,-1,-1,-1,10,E01014902,0,2
2025522500658,2025,522500658,2,9,0,-1,19,2,6,-1,0,0,0,0,0,0,1,1,-1,6,3,-1,-1,-1,-1,-1,-1,-1,-1,0,-1
2025522500659,2025,522500659,1,9,0,-1,19,6,2,-1,0,8,0,0,0,0,1,1,-1,9,2,39,7,-1,-1,-1,-1,2,E01014497,0,1
2025522500659,2025,522500659,2,9,0,-1,9,2,8,-1,0,5,0,0,0,0,1,1,-1,9,1,39,7,-1,-1,-1,-1,1,E01014638,0,1
2025522500664,2025,522500664,1,9,0,-1,19,6,4,-1,0,0,2,0,1,11,1,1,-1,6,2,23,5,-1,-1,-1,-1,6,E01014884,0,1
2025522500668,2025,522500668,2,9,0,-1,3,8,4,-1,0,1,0,0,0,0,2,1,-1,6,2,33,6,-1,-1,-1,-1,1,E01014608,0,1
2025522500668,2025,522500668,3,9,0,-1,3,8,4,-1,0,1,0,0,0,0,2,1,-1,6,2,24,5,-1,-1,-1,-1,1,E01014584,0,1
2025522500668,2025,522500668,1,9,0,-1,19,8,4,-1,0,1,0,0,0,0,1,1,-1,6,1,31,6,-1,-1,-1,-1,2,E01014578,0,1
2025522500673,2025,522500673,2,9,0,-1,2,0,0,-1,0,2,0,4,0,0,2,1,-1,6,2,42,7,-1,-1,-1,-1,4,E01014519,0,1
2025522500673,2025,522500673,3,9,0,-1,2,0,0,-1,0,2,0,0,0,0,2,1,-1,6,3,-1,-1,-1,-1,-1,-1,-1,-1,0,-1
2025522500673,2025,522500673,1,9,0,-1,19,1,6,-1,0,2,0,4,0,0,1,1,-1,6,1,68,10,-1,-1,-1,-1,1,E01014581,0,1
2025522500676,2025,522500676,3,9,0,-1,19,6,2,-1,0,1,0,0,0,0,3,1,-1,6,1,56,9,-1,-1,-1,-1,10,E01014912,0,1
2025522500676,2025,522500676,1,3,0,-1,19,2,6,-1,0,1,0,0,0,0,1,1,-1,6,1,19,4,-1,-1,-1,-1,7,E01014882,0,1
2025522500676,2025,522500676,2,9,0,-1,10,2,8,-1,0,1,0,0,0,0,2,1,-1,6,1,34,6,-1,-1,-1,-1,6,E01015019,0,2