collision_index,collision_year,collision_ref_no,vehicle_reference,vehicle_type,towing_and_articulation,vehicle_manoeuvre_historic,vehicle_manoeuvre,vehicle_direction_from,vehicle_direction_to,vehicle_location_restricted_lane_historic,vehicle_location_restricted_lane,junction_location,skidding_and_overturning,hit_object_in_carriageway,vehicle_leaving_carriageway,hit_object_off_carriageway,first_point_of_impact,vehicle_left_hand_drive,journey_purpose_of_driver_historic,journey_purpose_of_driver,sex_of_driver,age_of_driver,age_band_of_driver,engine_capacity_cc,propulsion_code,age_of_vehicle,generic_make_model,driver_imd_decile,lsoa_of_driver,escooter_flag,driver_distance_banding
2025522500677,2025,522500677,3,9,0,-1,2,0,0,-1,0,2,0,0,0,0,1,1,-1,6,3,-1,-1,-1,-1,-1,-1,-1,-1,0,-1
2025522500677,2025,522500677,1,9,0,-1,19,4,8,-1,0,2,0,4,0,0,1,1,-1,6,2,29,6,-1,-1,-1,-1,4,E01014495,0,1
2025522500677,2025,522500677,2,9,0,-1,2,0,0,-1,0,2,0,4,0,0,1,1,-1,6,3,-1,-1,-1,-1,-1,-1,-1,-1,0,-1
2025522500678,2025,522500678,2,9,-1,-1,4,4,8,-1,0,0,0,0,0,0,0,1,-1,6,3,-1,-1,-1,-1,-1,-1,-1,-1,0,-1
2025522500678,2025,522500678,1,97,0,-1,19,4,8,-1,2,0,0,0,0,0,1,1,-1,6,3,-1,-1,-1,-1,-1,-1,-1,-1,0,-1
2025522500680,2025,522500680,2,1,0,-1,19,6,2,-1,0,0,0,0,0,0,2,1,-1,6,2,40,7,-1,-1,-1,-1,5,E01014923,0,2
2025522500680,2025,522500680,1,9,0,-1,19,6,2,-1,0,0,0,4,0,0,1,1,-1,-1,1,-1,-1,-1,-1,-1,-1,-1,-1,0,-1
2025522500680,2025,522500680,3,9,0,-1,2,0,0,-1,0,0,0,0,0,0,3,1,-1,6,3,-1,-1,-1,-1,-1,-1,-1,-1,0,-1
2025522500681,2025,522500681,2,9,0,-1,19,7,3,-1,0,1,0,0,0,0,1,1,-1,6,2,37,7,-1,-1,-1,-1,9,E01014943,0,1
2025522500681,2025,522500681,1,9,0,-1,14,3,7,-1,0,2,0,0,0,0,1,1,-1,6,1,31,6,-1,-1,-1,-1,7,E01014916,0,1
2025522500682,2025,522500682,1,9,0,-1,19,1,5,-1,9,1,0,0,1,10,1,1,-1,6,1,35,6,-1,-1,-1,-1,5,E01001396,0,5
2025522500684,2025,522500684,3,19,0,-1,11,7,3,-1,0,0,0,0,0,0,1,1,-1,6,1,35,6,-1,-1,-1,-1,5,E01014795,0,2
2025522500684,2025,522500684,2,19,0,-1,4,7,3,-1,0,0,0,0,0,0,2,1,-1,6,1,47,8,-1,-1,-1,-1,4,E01014496,0,1
2025522500684,2025,522500684,1,9,0,-1,4,7,3,-1,0,0,0,0,0,0,2,1,-1,6,2,33,6,-1,-1,-1,-1,1,E01014638,0,1
2025522500690,2025,522500690,2,9,0,-1,19,3,6,-1,0,0,0,0,0,0,1,1,-1,9,1,66,10,-1,-1,-1,-1,1,E01014647,0,1
2025522500690,2025,522500690,1,9,0,-1,19,6,3,-1,0,0,0,10,0,0,1,1,-1,1,1,56,9,-1,-1,-1,-1,3,E01014687,0,1
2025522500694,2025,522500694,2,1,0,-1,19,4,8,-1,0,8,0,0,0,0,1,1,-1,1,2,30,6,-1,-1,-1,-1,4,E01014645,0,1
2025522500694,2025,522500694,1,9,0,-1,19,6,2,-1,0,8,0,0,0,0,3,1,-1,1,1,35,6,-1,-1,-1,-1,3,E01014976,0,2
2025522500698,2025,522500698,1,9,0,-1,5,5,1,-1,0,6,0,0,0,0,1,1,-1,6,2,86,11,-1,-1,-1,-1,1,E01014536,0,1
2025522500698,2025,522500698,2,90,0,-1,10,7,5,-1,0,1,0,0,0,0,3,1,-1,1,1,60,9,-1,-1,-1,-1,10,E01014969,0,2
2025522500700,2025,522500700,1,3,0,-1,19,1,6,-1,0,8,0,0,0,0,1,1,-1,2,1,30,6,-1,-1,-1,-1,5,E01022361,0,2
2025522500700,2025,522500700,2,9,0,-1,7,2,6,-1,0,6,0,0,0,0,2,1,-1,1,2,64,9,-1,-1,-1,-1,8,E01031960,0,4
2025522500701,2025,522500701,1,97,0,-1,19,8,4,-1,0,0,0,0,0,0,4,1,-1,6,3,-1,-1,-1,-1,-1,-1,-1,-1,0,-1
2025522500702,2025,522500702,2,5,0,-1,15,5,1,-1,0,8,0,0,0,0,3,1,-1,9,1,43,7,-1,-1,-1,-1,3,E01014736,0,1
2025522500702,2025,522500702,1,9,0,-1,7,5,7,-1,0,5,0,0,0,0,1,1,-1,2,1,57,9,-1,-1,-1,-1,1,E01014608,0,1
2025522500703,2025,522500703,1,9,0,-1,1,5,1,-1,0,0,0,0,0,0,2,1,-1,6,2,24,5,-1,-1,-1,-1,1,E01032515,0,1
2025522500704,2025,522500704,1,90,0,-1,12,3,7,-1,0,2,0,0,0,0,3,1,-1,8,1,54,8,-1,-1,-1,-1,6,E01032519,0,2
2025522500705,2025,522500705,2,19,0,-1,10,1,7,-1,0,1,0,0,7,0,2,1,-1,6,1,63,9,-1,-1,-1,-1,7,E01014890,0,1
2025522500705,2025,522500705,3,5,0,-1,19,5,1,-1,0,1,0,0,0,0,1,1,-1,6,1,64,9,-1,-1,-1,-1,10,E01014969,0,3
2025522500705,2025,522500705,1,19,0,-1,19,1,5,-1,0,1,0,0,7,0,1,1,-1,6,1,61,9,-1,-1,-1,-1,9,E01022859,0,5
2025522500709,2025,522500709,1,1,0,-1,19,7,3,-1,0,0,0,0,0,0,1,1,-1,6,1,32,6,-1,-1,-1,-1,3,E01014588,0,1
2025522500709,2025,522500709,2,9,0,-1,12,7,3,-1,0,0,0,0,0,0,0,1,-1,6,3,-1,-1,-1,-1,-1,-1,-1,-1,0,-1
2025522500711,2025,522500711,1,9,0,-1,3,5,2,-1,0,8,0,0,0,0,2,1,-1,6,2,48,8,-1,-1,-1,-1,8,E01014511,0,2
2025522500711,2025,522500711,2,9,0,-1,19,5,2,-1,0,8,0,0,0,0,1,1,-1,6,1,54,8,-1,-1,-1,-1,1,W01001738,0,4
2025522500714,2025,522500714,2,19,0,-1,19,1,5,-1,0,4,0,0,0,0,1,1,-1,6,1,38,7,-1,-1,-1,-1,1,E01014605,0,1
2025522500714,2025,522500714,1,9,0,-1,3,1,5,-1,0,4,0,0,0,0,2,1,-1,6,2,24,5,-1,-1,-1,-1,1,E01014689,0,1
2025522500715,2025,522500715,1,1,0,-1,7,3,6,-1,0,2,0,0,0,0,1,1,-1,2,1,43,7,-1,-1,-1,-1,5,E01015006,0,1
2025522500715,2025,522500715,2,19,0,-1,1,6,1,-1,0,1,0,0,0,0,2,1,-1,1,1,-1,-1,-1,-1,-1,-1,-1,-1,0,-1
2025522500716,2025,522500716,1,1,0,-1,19,2,6,-1,4,8,0,0,0,0,1,1,-1,9,2,48,8,-1,-1,-1,-1,4,E01014570,0,1
2025522500716,2025,522500716,2,9,0,-1,19,8,4,-1,0,6,0,0,0,0,1,1,-1,6,2,-1,-1,-1,-1,-1,-1,-1,-1,0,-1
2025522500718,2025,522500718,2,9,0,-1,19,6,8,-1,0,8,0,0,0,0,1,1,-1,9,1,38,7,-1,-1,-1,-1,7,E01014677,0,1
2025522500718,2025,522500718,1,9,0,-1,19,3,7,-1,0,6,0,10,0,0,1,1,-1,9,1,21,5,-1,-1,-1,-1,6,E01014480,0,3
2025522500719,2025,522500719,1,8,0,-1,19,6,2,-1,0,2,0,0,0,0,1,1,-1,1,1,39,7,-1,-1,-1,-1,1,E01033369,0,1
2025522500720,2025,522500720,1,3,0,-1,9,5,2,-1,0,8,0,0,0,0,1,1,-1,6,1,17,4,-1,-1,-1,-1,1,E01014596,0,1
2025522500720,2025,522500720,2,9,0,-1,19,2,6,-1,0,8,0,0,0,0,1,1,-1,6,1,45,7,-1,-1,-1,-1,2,E01014828,0,4
2025522500722,2025,522500722,2,-1,0,-1,19,2,6,-1,0,6,0,0,0,0,3,1,-1,6,1,18,4,-1,-1,-1,-1,4,E01014968,1,1
2025522500722,2025,522500722,1,9,0,-1,4,8,4,-1,0,1,0,0,0,0,1,1,-1,6,2,62,9,-1,-1,-1,-1,10,E01014965,0,1
2025522500723,2025,522500723,2,9,0,-1,9,1,7,-1,0,6,0,0,0,0,1,1,-1,6,2,45,7,-1,-1,-1,-1,5,E01014633,0,1
2025522500723,2025,522500723,1,9,0,-1,19,7,3,-1,0,8,0,0,0,0,4,1,-1,6,1,56,9,-1,-1,-1,-1,2,E01014574,0,1
2025522500727,2025,522500727,2,9,0,-1,19,2,6,-1,0,4,0,0,0,0,1,1,-1,6,3,-1,-1,-1,-1,-1,-1,-1,-1,0,-1
2025522500727,2025,522500727,1,9,0,-1,19,8,4,-1,0,8,0,0,0,0,1,1,-1,6,1,33,6,-1,-1,-1,-1,7,W01001584,0,3
2025522500730,2025,522500730,1,3,0,-1,19,2,6,-1,0,0,0,0,0,0,1,1,-1,6,1,51,8,-1,-1,-1,-1,3,E01014951,0,2
2025522500730,2025,522500730,2,1,0,-1,5,1,5,-1,0,0,0,0,0,0,4,1,-1,6,3,-1,-1,-1,-1,-1,-1,-1,-1,0,-1
2025522500735,2025,522500735,1,9,0,-1,7,2,5,-1,0,5,0,0,0,0,4,1,-1,6,2,31,6,-1,-1,-1,-1,10,E01022418,0,4
2025522500739,2025,522500739,1,11,0,-1,7,8,2,-1,0,8,0,0,0,0,1,1,-1,1,1,57,9,-1,-1,-1,-1,1,E01033358,0,1
2025522500740,2025,522500740,1,11,0,-1,19,3,7,-1,2,0,0,0,0,0,1,1,-1,1,1,60,9,-1,-1,-1,-1,10,E01014944,0,1
2025522500741,2025,522500741,1,3,0,-1,2,0,0,-1,0,0,0,0,0,0,3,1,-1,6,1,29,6,-1,-1,-1,-1,-1,-1,0,-1
2025522500741,2025,522500741,2,97,0,-1,19,1,5,-1,0,0,0,4,0,0,4,1,-1,6,3,-1,-1,-1,-1,-1,-1,-1,-1,0,-1
2025522500745,2025,522500745,1,9,0,-1,19,5,8,-1,0,8,0,0,0,0,1,1,-1,6,1,80,11,-1,-1,-1,-1,8,E01014954,0,2
2025522500748,2025,522500748,2,21,1,-1,19,7,3,-1,0,8,0,0,0,0,1,1,-1,1,1,63,9,-1,-1,-1,-1,7,E01022416,0,3
2025522500748,2025,522500748,1,9,0,-1,9,1,7,-1,0,6,0,0,0,0,1,1,-1,9,1,34,6,-1,-1,-1,-1,-1,-1,0,-1
2025522500749,2025,522500749,1,9,0,-1,19,8,4,-1,0,0,0,0,0,0,3,1,-1,6,1,18,4,-1,-1,-1,-1,6,E01015002,0,1
2025522500750,2025,522500750,1,19,0,-1,9,3,1,-1,0,8,0,0,0,0,1,1,-1,6,1,25,5,-1,-1,-1,-1,7,E01014551,0,1
2025522500751,2025,522500751,2,5,0,-1,19,8,4,-1,0,8,0,0,0,0,3,1,-1,6,1,55,8,-1,-1,-1,-1,5,E01014678,0,4
2025522500751,2025,522500751,1,9,0,-1,6,4,4,-1,0,6,0,0,0,0,1,1,-1,6,1,25,5,-1,-1,-1,-1,3,E01029437,0,5
2025522500752,2025,522500752,1,-1,0,-1,19,6,2,-1,0,2,0,11,0,0,1,1,-1,9,1,20,4,-1,-1,-1,-1,5,E01033364,1,1
2025522500753,2025,522500753,1,9,0,-1,19,6,2,-1,-1,0,0,0,1,10,4,1,-1,9,1,46,8,-1,-1,-1,-1,3,E01019775,0,5
2025522500754,2025,522500754,3,9,0,-1,1,0,0,-1,0,1,0,0,0,0,1,1,-1,6,3,-1,-1,-1,-1,-1,-1,-1,-1,0,-1
2025522500754,2025,522500754,2,9,0,-1,2,0,0,-1,0,1,0,4,0,0,2,1,-1,6,1,59,9,-1,-1,-1,-1,1,E01014597,0,1
2025522500754,2025,522500754,1,9,0,-1,9,6,4,-1,0,2,0,4,0,0,1,1,-1,6,1,20,4,-1,-1,-1,-1,1,E01014585,0,1
2025522500760,2025,522500760,1,9,0,-1,19,4,8,-1,0,6,0,0,0,0,3,1,-1,6,1,59,9,-1,-1,-1,-1,1,E01033356,0,1
2025522500760,2025,522500760,2,19,0,-1,19,1,5,-1,0,8,0,0,0,0,1,1,-1,6,1,31,6,-1,-1,-1,-1,10,E01014453,0,2
2025522500761,2025,522500761,2,21,0,-1,2,0,0,-1,0,8,0,0,0,0,4,1,-1,1,3,-1,-1,-1,-1,-1,-1,-1,-1,0,-1
2025522500761,2025,522500761,1,3,0,-1,15,2,6,-1,0,8,0,8,0,0,3,1,-1,1,1,22,5,-1,-1,-1,-1,9,E01014905,0,1
2025522500764,2025,522500764,2,9,0,-1,19,5,1,-1,0,8,1,0,7,0,1,1,-1,6,2,32,6,-1,-1,-1,-1,6,E01032091,0,4
2025522500764,2025,522500764,1,9,0,-1,9,7,5,-1,0,6,0,0,0,0,1,1,-1,6,1,81,11,-1,-1,-1,-1,10,E01014850,0,4
2025522500764,2025,522500764,3,19,0,-1,19,1,5,-1,0,1,0,0,0,0,1,1,-1,6,1,51,8,-1,-1,-1,-1,6,E01022341,0,4
2025522500765,2025,522500765,2,9,0,-1,19,2,6,-1,0,8,0,0,0,0,1,1,-1,6,2,37,7,-1,-1,-1,-1,3,E01014445,0,3
2025522500765,2025,522500765,1,9,0,-1,9,6,4,-1,0,5,0,0,0,0,4,1,-1,6,2,56,9,-1,-1,-1,-1,10,E01014869,0,1
2025522500769,2025,522500769,1,9,0,-1,19,8,4,-1,0,1,0,0,0,0,1,1,-1,6,2,43,7,-1,-1,-1,-1,9,E01014547,0,1
2025522500771,2025,522500771,2,9,0,-1,99,1,1,-1,0,8,0,0,0,0,1,1,-1,6,1,-1,-1,-1,-1,-1,-1,-1,-1,0,-1
2025522500771,2025,522500771,1,1,0,-1,19,2,6,-1,4,8,0,0,0,0,3,1,-1,6,3,34,6,-1,-1,-1,-1,4,E01014570,0,1
2025522500773,2025,522500773,2,9,0,-1,19,6,2,-1,0,0,0,0,0,0,1,1,-1,6,1,20,4,-1,-1,-1,-1,5,E01014861,0,2
2025522500773,2025,522500773,1,9,0,-1,4,6,2,-1,0,0,0,0,5,6,2,1,-1,6,1,25,5,-1,-1,-1,-1,1,W01001693,0,4
2025522500777,2025,522500777,2,9,0,-1,19,3,7,-1,0,8,0,0,0,0,3,1,-1,9,1,-1,-1,-1,-1,-1,-1,3,W01000750,0,4
2025522500777,2025,522500777,1,3,0,-1,11,3,5,-1,0,3,1,0,0,0,4,1,-1,1,1,24,5,-1,-1,-1,-1,3,E01014588,0,1
2025522500778,2025,522500778,2,1,0,-1,19,7,3,-1,0,8,0,0,0,0,3,1,-1,6,2,69,10,-1,-1,-1,-1,10,E01014965,0,1
2025522500778,2025,522500778,1,9,0,-1,9,3,1,-1,0,5,0,0,0,0,1,1,-1,6,1,61,9,-1,-1,-1,-1,8,E01014996,0,1
2025522500783,2025,522500783,2,19,0,-1,19,3,7,-1,0,8,0,0,0,0,1,1,-1,2,1,43,7,-1,-1,-1,-1,1,E01014589,0,1
2025522500783,2025,522500783,1,9,0,-1,9,5,3,-1,0,6,0,0,0,0,1,1,-1,9,1,26,6,-1,-1,-1,-1,10,E01014969,0,1
2025522500784,2025,522500784,1,2,0,-1,19,1,5,-1,0,1,1,0,0,0,0,1,-1,2,2,19,4,-1,-1,-1,-1,5,E01035225,0,2
2025522500784,2025,522500784,2,9,0,-1,9,7,5,-1,0,6,0,0,0,0,0,1,-1,6,3,-1,-1,-1,-1,-1,-1,-1,-1,0,-1
2025522500785,2025,522500785,1,1,0,-1,19,4,8,-1,0,8,0,0,0,0,1,1,-1,6,1,49,8,-1,-1,-1,-1,7,E01014670,0,1
2025522500785,2025,522500785,2,9,0,-1,19,5,1,-1,0,6,0,0,0,0,3,1,-1,6,3,-1,-1,-1,-1,-1,-1,-1,-1,0,-1
2025522500786,2025,522500786,1,11,0,-1,9,2,8,-1,0,5,0,5,0,0,1,1,-1,1,1,68,10,-1,-1,-1,-1,1,E01014653,0,1
2025522500787,2025,522500787,1,9,0,-1,19,3,1,-1,0,8,0,0,0,0,1,1,-1,6,1,25,5,-1,-1,-1,-1,5,E01033364,0,1
2025522500788,2025,522500788,1,9,0,-1,3,1,5,-1,0,0,0,0,0,0,2,1,-1,6,1,46,8,-1,-1,-1,-1,9,W01001714,0,4
2025522500788,2025,522500788,2,19,9,-1,19,1,5,-1,0,0,0,0,0,0,1,1,-1,6,2,-1,-1,-1,-1,-1,-1,8,W01000485,0,4
2025522500790,2025,522500790,2,21,1,-1,19,6,2,-1,0,0,1,0,1,0,1,1,-1,1,1,33,6,-1,-1,-1,-1,6,E01016306,0,4
2025522500790,2025,522500790,1,9,0,-1,10,6,2,-1,0,0,0,0,0,0,2,1,-1,2,1,47,8,-1,-1,-1,-1,9,E01014396,0,3
2025522500791,2025,522500791,2,9,0,-1,7,7,1,-1,0,5,0,0,0,0,4,1,-1,6,3,-1,-1,-1,-1,-1,-1,-1,-1,0,-1
2025522500791,2025,522500791,1,1,0,-1,19,7,3,-1,0,8,0,0,0,0,3,1,-1,6,1,39,7,-1,-1,-1,-1,4,E01014488,0,1
2025522500795,2025,522500795,1,9,0,-1,9,8,5,-1,0,6,0,0,0,0,3,1,-1,6,1,30,6,-1,-1,-1,-1,7,E01014598,0,1
2025522500795,2025,522500795,2,3,0,-1,19,5,1,-1,0,8,0,0,0,0,1,1,-1,6,1,32,6,-1,-1,-1,-1,6,E01032519,0,2
2025522500796,2025,522500796,3,9,0,-1,19,8,4,-1,0,2,0,0,0,0,1,1,-1,6,2,18,4,-1,-1,-1,-1,1,E01014580,0,1
2025522500796,2025,522500796,4,9,0,-1,19,4,8,-1,0,1,0,0,0,0,2,1,-1,6,1,54,8,-1,-1,-1,-1,1,E01014581,0,1
2025522500796,2025,522500796,2,9,0,-1,4,4,8,-1,0,1,0,0,0,0,3,1,-1,6,1,58,9,-1,-1,-1,-1,2,E01014578,0,1
2025522500796,2025,522500796,1,9,0,-1,19,4,8,-1,0,1,0,0,0,0,2,1,-1,6,1,18,4,-1,-1,-1,-1,7,E01014864,0,3
2025522500799,2025,522500799,4,9,0,-1,3,4,8,-1,0,4,0,0,0,0,2,1,-1,6,2,29,6,-1,-1,-1,-1,2,E01014578,0,1
2025522500799,2025,522500799,3,21,0,-1,3,4,8,-1,0,4,0,0,0,0,4,1,-1,6,1,34,6,-1,-1,-1,-1,8,E01014723,0,1
2025522500799,2025,522500799,2,9,0,-1,4,4,8,-1,0,4,0,0,0,0,3,1,-1,8,1,32,6,-1,-1,-1,-1,10,E01014793,0,3
2025522500799,2025,522500799,1,9,0,-1,19,4,8,-1,0,4,0,0,0,0,1,1,-1,6,1,17,4,-1,-1,-1,-1,1,E01014703,0,1
2025522500808,2025,522500808,1,9,0,-1,19,7,3,-1,-1,0,0,10,1,2,1,1,-1,6,1,50,8,-1,-1,-1,-1,9,E01014993,0,1
2025522500809,2025,522500809,1,9,0,-1,19,3,7,-1,0,2,0,0,0,0,4,1,-1,6,2,65,9,-1,-1,-1,-1,2,E01014565,0,1
2025522500811,2025,522500811,1,9,0,-1,9,2,8,-1,0,5,0,0,0,0,4,1,-1,6,3,-1,-1,-1,-1,-1,-1,-1,-1,0,-1
2025522500815,2025,522500815,1,19,0,-1,7,5,7,-1,0,6,0,0,0,0,3,1,-1,6,1,27,6,-1,-1,-1,-1,5,E01014892,0,1
2025522500815,2025,522500815,2,9,0,-1,19,3,7,-1,0,8,0,0,0,0,1,1,-1,6,1,53,8,-1,-1,-1,-1,7,E01015022,0,1
2025522500817,2025,522500817,2,9,0,-1,19,7,3,-1,0,8,0,0,1,0,1,1,-1,6,1,48,8,-1,-1,-1,-1,4,E01014570,0,1
2025522500817,2025,522500817,1,9,0,-1,7,5,7,-1,0,6,0,0,0,0,1,1,-1,6,1,26,6,-1,-1,-1,-1,5,E01014534,0,1
2025522500818,2025,522500818,1,9,0,-1,7,5,7,-1,0,3,0,0,0,0,1,1,-1,2,1,33,6,-1,-1,-1,-1,5,E01014627,0,2
2025522500823,2025,522500823,1,9,0,-1,19,4,8,-1,0,8,0,0,0,0,1,1,-1,1,1,26,6,-1,-1,-1,-1,10,E01014713,0,1
2025522500823,2025,522500823,2,1,0,-1,19,2,6,-1,0,6,0,0,0,0,1,1,-1,6,1,42,7,-1,-1,-1,-1,1,E01014654,0,2
2025522500825,2025,522500825,1,9,0,-1,5,8,4,-1,0,0,0,0,3,11,1,1,-1,9,2,16,4,-1,-1,-1,-1,1,E01014654,0,1
2025522500827,2025,522500827,1,9,0,-1,19,3,7,-1,0,0,1,7,2,4,3,1,-1,6,1,30,6,-1,-1,-1,-1,4,E01014401,0,2
2025522500828,2025,522500828,2,9,0,-1,9,5,3,-1,0,8,0,0,0,0,1,1,-1,2,1,25,5,-1,-1,-1,-1,8,E01014425,0,3
2025522500828,2025,522500828,1,9,0,-1,19,1,5,-1,0,8,0,0,0,0,1,1,-1,9,1,47,8,-1,-1,-1,-1,1,E01014647,0,1
2025522500830,2025,522500830,1,20,0,-1,9,7,5,-1,0,5,0,0,0,0,4,1,-1,6,1,60,9,-1,-1,-1,-1,6,E01015004,0,3
2025522500830,2025,522500830,2,5,0,-1,19,3,7,-1,0,8,0,0,0,0,1,1,-1,6,1,33,6,-1,-1,-1,-1,4,E01015020,0,1
2025522500831,2025,522500831,1,9,0,-1,19,2,6,-1,0,0,5,4,0,0,4,1,-1,9,1,57,9,-1,-1,-1,-1,1,E01014663,0,1
2025522500831,2025,522500831,3,9,0,-1,2,0,0,-1,0,0,0,0,0,0,3,1,-1,6,3,-1,-1,-1,-1,-1,-1,-1,-1,0,-1
2025522500831,2025,522500831,2,9,0,-1,2,0,0,-1,0,0,0,0,0,0,3,1,-1,6,3,-1,-1,-1,-1,-1,-1,-1,-1,0,-1
2025522500832,2025,522500832,1,19,0,-1,19,4,8,-1,0,8,0,0,0,0,1,1,-1,6,1,35,6,-1,-1,-1,-1,1,E01014581,0,1
2025522500832,2025,522500832,2,9,0,-1,19,2,6,-1,0,8,0,0,0,0,1,1,-1,6,3,-1,-1,-1,-1,-1,-1,-1,-1,0,-1
2025522500833,2025,522500833,1,9,0,-1,8,6,1,-1,0,1,0,0,0,0,2,1,-1,6,2,48,8,-1,-1,-1,-1,9,E01028749,0,4
2025522500833,2025,522500833,2,9,0,-1,7,6,1,-1,0,1,0,0,0,0,1,9,-1,6,3,-1,-1,-1,-1,-1,-1,-1,-1,0,-1
2025522500834,2025,522500834,1,1,0,-1,19,2,6,-1,0,1,0,0,0,0,4,1,-1,6,1,16,4,-1,-1,-1,-1,3,E01014601,0,1
2025522500834,2025,522500834,2,19,0,-1,19,4,8,-1,0,2,0,0,0,0,1,1,-1,6,3,-1,-1,-1,-1,-1,-1,-1,-1,0,-1
2025522500835,2025,522500835,1,9,0,-1,19,4,7,-1,0,0,0,0,0,0,3,1,-1,6,2,46,8,-1,-1,-1,-1,3,E01014571,0,1
2025522500835,2025,522500835,2,21,1,-1,19,7,4,-1,0,0,0,0,0,0,3,1,-1,6,3,-1,-1,-1,-1,-1,-1,-1,-1,0,-1
2025522500837,2025,522500837,1,9,0,-1,7,1,3,-1,0,6,0,0,0,0,3,1,-1,6,2,67,10,-1,-1,-1,-1,10,E01014875,0,1
2025522500837,2025,522500837,2,3,0,-1,19,7,3,-1,0,8,0,0,0,0,1,1,-1,6,1,65,9,-1,-1,-1,-1,3,E01014690,0,1
2025522500838,2025,522500838,2,9,0,-1,9,6,4,-1,0,6,0,0,0,0,1,1,-1,9,2,27,6,-1,-1,-1,-1,1,E01014589,0,1
2025522500838,2025,522500838,1,3,0,-1,19,4,8,-1,0,8,0,0,0,0,1,1,-1,9,1,19,4,-1,-1,-1,-1,1,E01014589,0,1
2025522500839,2025,522500839,2,9,0,-1,1,5,1,-1,0,0,0,0,0,0,1,1,-1,9,2,68,10,-1,-1,-1,-1,3,E01014624,0,1
2025522500839,2025,522500839,1,9,0,-1,19,5,1,-1,0,0,0,0,0,0,3,1,-1,9,2,26,6,-1,-1,-1,-1,2,E01014629,0,1
2025522500840,2025,522500840,1,19,0,-1,19,1,4,-1,0,1,0,0,0,0,1,9,-1,6,3,-1,-1,-1,-1,-1,-1,-1,-1,0,-1
2025522500843,2025,522500843,1,9,0,-1,12,5,1,-1,0,0,0,0,0,0,1,1,-1,9,2,19,4,-1,-1,-1,-1,1,E01033358,0,1
2025522500843,2025,522500843,2,9,0,-1,19,1,5,-1,0,0,0,0,0,0,1,1,-1,9,1,32,6,-1,-1,-1,-1,9,E01014509,0,1
2025522500845,2025,522500845,1,9,0,-1,1,5,1,-1,0,0,0,0,0,0,2,1,-1,9,1,59,9,-1,-1,-1,-1,3,E01014687,0,1
2025522500850,2025,522500850,1,9,0,-1,7,5,8,-1,0,6,0,0,3,11,1,1,-1,9,2,86,11,-1,-1,-1,-1,5,E01014665,0,1
2025522500850,2025,522500850,2,9,0,-1,2,0,0,-1,0,2,0,0,0,0,2,1,-1,6,3,-1,-1,-1,-1,-1,-1,-1,-1,0,-1
2025522500851,2025,522500851,2,4,0,-1,19,5,1,-1,0,1,0,0,0,0,1,1,-1,1,1,33,6,-1,-1,-1,-1,9,E01014871,0,1
2025522500851,2025,522500851,1,4,0,-1,3,5,1,-1,0,1,0,0,0,0,2,1,-1,1,1,54,8,-1,-1,-1,-1,9,E01014943,0,1
2025522500853,2025,522500853,2,9,0,-1,19,4,8,-1,0,0,0,0,0,0,1,1,-1,9,1,42,7,-1,-1,-1,-1,2,E01018836,0,5
2025522500853,2025,522500853,1,9,0,-1,3,4,8,-1,0,0,0,0,0,0,2,1,-1,9,2,30,6,-1,-1,-1,-1,9,E01014943,0,1
2025522500855,2025,522500855,2,9,0,-1,10,1,7,-1,0,1,0,0,0,0,1,1,-1,6,2,38,7,-1,-1,-1,-1,10,E01014930,0,1
2025522500855,2025,522500855,1,9,0,-1,19,5,1,-1,0,8,5,0,0,0,4,1,-1,6,2,43,7,-1,-1,-1,-1,6,E01014884,0,2
2025522500855,2025,522500855,3,9,0,-1,7,7,1,-1,0,6,0,0,0,0,1,1,-1,6,1,68,10,-1,-1,-1,-1,9,E01032341,0,4
2025522500859,2025,522500859,1,1,0,-1,3,8,4,-1,0,0,0,0,0,0,2,1,-1,6,2,28,6,-1,-1,-1,-1,5,E01014537,0,1
2025522500859,2025,522500859,2,9,0,-1,19,8,4,-1,0,0,0,0,0,0,1,9,-1,6,3,0,1,-1,-1,-1,-1,-1,-1,0,-1
2025522500867,2025,522500867,1,9,0,-1,9,5,2,-1,0,6,0,0,0,0,1,1,-1,9,1,83,11,-1,-1,-1,-1,2,E01014692,0,1
2025522500867,2025,522500867,2,1,0,-1,19,2,6,-1,0,8,0,0,0,0,1,1,-1,1,1,25,5,-1,-1,-1,-1,3,E01014601,0,1
2025522500869,2025,522500869,1,3,0,-1,15,4,8,-1,0,8,0,0,0,0,1,1,-1,6,1,34,6,-1,-1,-1,-1,1,E01014655,0,1
2025522500869,2025,522500869,2,1,0,-1,9,4,2,-1,0,5,0,0,0,0,2,1,-1,6,1,43,7,-1,-1,-1,-1,9,E01014559,0,1
2025522500874,2025,522500874,2,9,0,-1,19,5,1,-1,0,8,0,0,0,0,1,1,-1,6,1,-1,-1,-1,-1,-1,-1,-1,-1,0,-1
2025522500874,2025,522500874,1,9,0,-1,3,5,1,-1,0,8,0,0,0,0,2,1,-1,2,1,29,6,-1,-1,-1,-1,1,E01014658,0,1
2025522500877,2025,522500877,1,1,0,-1,19,3,7,-1,0,0,0,0,0,0,1,1,-1,2,1,41,7,-1,-1,-1,-1,3,E01014673,0,1
2025522500879,2025,522500879,1,9,0,-1,19,2,6,-1,0,0,0,0,0,0,1,1,-1,9,2,35,6,-1,-1,-1,-1,2,E01014578,0,1
2025522500879,2025,522500879,2,9,0,-1,4,6,2,-1,0,0,0,4,0,0,1,1,-1,9,1,50,8,-1,-1,-1,-1,5,E01014548,0,1