collision_index,collision_year,collision_ref_no,vehicle_reference,vehicle_type,towing_and_articulation,vehicle_manoeuvre_historic,vehicle_manoeuvre,vehicle_direction_from,vehicle_direction_to,vehicle_location_restricted_lane_historic,vehicle_location_restricted_lane,junction_location,skidding_and_overturning,hit_object_in_carriageway,vehicle_leaving_carriageway,hit_object_off_carriageway,first_point_of_impact,vehicle_left_hand_drive,journey_purpose_of_driver_historic,journey_purpose_of_driver,sex_of_driver,age_of_driver,age_band_of_driver,engine_capacity_cc,propulsion_code,age_of_vehicle,generic_make_model,driver_imd_decile,lsoa_of_driver,escooter_flag,driver_distance_banding
2025522501104,2025,522501104,1,9,0,-1,19,1,7,-1,0,2,5,0,1,9,1,1,-1,6,1,17,4,-1,-1,-1,-1,10,E01015014,0,1
2025522501105,2025,522501105,3,9,0,-1,19,1,6,-1,0,1,0,0,0,0,0,1,-1,6,2,45,7,-1,-1,-1,-1,9,E01014550,0,2
2025522501105,2025,522501105,1,9,0,-1,13,6,1,-1,0,2,0,0,7,2,1,1,-1,9,1,30,6,-1,-1,-1,-1,8,E01022255,0,4
2025522501105,2025,522501105,2,9,0,-1,19,6,1,-1,0,8,0,0,0,0,0,1,-1,9,1,54,8,-1,-1,-1,-1,2,E01014691,0,1
2025522501110,2025,522501110,1,23,0,-1,19,1,5,-1,0,0,0,0,1,10,1,1,-1,6,1,18,4,-1,-1,-1,-1,7,E01022373,0,2
2025522501112,2025,522501112,2,9,0,-1,19,7,3,-1,0,1,0,0,0,0,1,1,-1,9,1,30,6,-1,-1,-1,-1,6,E01022341,0,4
2025522501112,2025,522501112,1,9,0,-1,9,7,5,-1,0,1,0,0,0,0,2,1,-1,9,1,65,9,-1,-1,-1,-1,6,E01014642,0,1
2025522501113,2025,522501113,2,5,0,-1,19,1,5,-1,0,8,0,0,1,0,3,1,-1,6,1,57,9,-1,-1,-1,-1,6,E01035107,0,4
2025522501113,2025,522501113,1,9,0,-1,9,5,3,-1,0,8,0,0,0,0,1,1,-1,6,2,18,4,-1,-1,-1,-1,10,E01014930,0,4
2025522501114,2025,522501114,2,9,0,-1,19,2,6,-1,0,8,0,0,0,0,1,1,-1,6,3,-1,-1,-1,-1,-1,-1,-1,-1,0,-1
2025522501114,2025,522501114,1,1,0,-1,19,4,8,-1,0,8,0,0,0,0,3,1,-1,6,1,75,10,-1,-1,-1,-1,3,E01033352,0,1
2025522501117,2025,522501117,1,5,0,-1,19,8,4,-1,0,0,1,4,0,0,1,1,-1,6,1,41,7,-1,-1,-1,-1,4,E01010393,0,5
2025522501117,2025,522501117,2,9,0,-1,2,0,0,-1,0,0,0,0,0,0,2,1,-1,6,3,-1,-1,-1,-1,-1,-1,-1,-1,0,-1
2025522501118,2025,522501118,2,1,0,-1,19,3,1,-1,0,8,0,0,0,0,2,1,-1,6,2,21,5,-1,-1,-1,-1,3,E01014664,0,1
2025522501118,2025,522501118,1,9,0,-1,19,6,1,-1,0,8,0,0,0,0,1,1,-1,6,1,39,7,-1,-1,-1,-1,1,E01014580,0,1
2025522501120,2025,522501120,1,9,0,-1,19,7,3,-1,0,8,0,0,0,0,4,1,-1,1,1,47,8,-1,-1,-1,-1,1,E01014655,0,1
2025522501120,2025,522501120,2,1,0,-1,5,1,5,-1,0,6,0,0,0,0,1,1,-1,1,1,20,4,-1,-1,-1,-1,5,E01035223,0,2
2025522501123,2025,522501123,1,9,0,-1,19,1,5,-1,0,0,0,0,0,0,1,1,-1,2,1,32,6,-1,-1,-1,-1,3,E01014690,0,1
2025522501123,2025,522501123,2,9,0,-1,4,1,5,-1,0,0,0,0,0,0,2,1,-1,9,2,47,8,-1,-1,-1,-1,5,E01014641,0,1
2025522501124,2025,522501124,2,9,0,-1,19,3,7,-1,0,0,0,0,0,0,3,1,-1,6,3,-1,-1,-1,-1,-1,-1,-1,-1,0,-1
2025522501124,2025,522501124,1,9,0,-1,19,7,3,-1,0,0,0,0,0,0,3,1,-1,2,2,26,6,-1,-1,-1,-1,6,E01014865,0,2
2025522501128,2025,522501128,2,9,0,-1,5,4,8,-1,0,6,0,0,0,0,1,1,-1,6,2,33,6,-1,-1,-1,-1,9,E01014998,0,1
2025522501128,2025,522501128,1,9,0,-1,19,2,6,-1,0,8,0,0,0,0,4,1,-1,9,1,23,5,-1,-1,-1,-1,10,E01014995,0,1
2025522501129,2025,522501129,2,9,0,-1,19,2,6,-1,0,0,2,0,1,0,2,1,-1,9,2,27,6,-1,-1,-1,-1,8,E01022298,0,4
2025522501129,2025,522501129,1,9,0,-1,19,2,6,-1,0,0,2,0,0,0,1,1,-1,9,1,24,5,-1,-1,-1,-1,6,E01026391,0,5
2025522501132,2025,522501132,2,9,0,-1,9,5,4,-1,0,5,0,0,0,0,1,1,-1,6,3,-1,-1,-1,-1,-1,-1,-1,-1,0,-1
2025522501132,2025,522501132,1,9,0,-1,19,4,8,-1,0,1,0,0,0,0,1,1,-1,9,2,19,4,-1,-1,-1,-1,5,E01014675,0,1
2025522501133,2025,522501133,2,3,0,-1,13,4,8,-1,0,8,0,0,0,0,1,1,-1,6,3,-1,-1,-1,-1,-1,-1,-1,-1,0,-1
2025522501133,2025,522501133,1,1,0,-1,9,4,2,-1,0,5,0,0,0,0,2,1,-1,6,2,38,7,-1,-1,-1,-1,3,E01014664,0,1
2025522501134,2025,522501134,1,3,0,-1,19,5,1,-1,0,0,0,0,0,0,0,1,-1,6,1,21,5,-1,-1,-1,-1,10,E01014879,0,1
2025522501134,2025,522501134,2,9,0,-1,12,1,5,-1,0,0,0,0,0,0,0,1,-1,6,3,-1,-1,-1,-1,-1,-1,-1,-1,0,-1
2025522501137,2025,522501137,1,9,0,-1,19,3,7,-1,2,0,0,0,0,0,1,1,-1,6,1,23,5,-1,-1,-1,-1,1,E01014658,0,1
2025522501137,2025,522501137,2,9,0,-1,19,3,7,-1,0,0,0,0,0,0,4,1,-1,6,2,-1,-1,-1,-1,-1,-1,-1,-1,0,-1
2025522501146,2025,522501146,2,9,0,-1,19,6,2,-1,0,8,0,0,0,0,1,1,-1,6,2,19,4,-1,-1,-1,-1,2,E01033347,0,1
2025522501146,2025,522501146,1,9,0,-1,5,8,4,-1,0,6,0,0,0,0,4,1,-1,6,1,20,4,-1,-1,-1,-1,2,E01033348,0,1
2025522501157,2025,522501157,1,9,0,-1,14,3,7,-1,0,2,0,0,0,0,4,1,-1,6,3,-1,-1,-1,-1,-1,-1,-1,-1,0,-1
2025522501158,2025,522501158,1,9,9,-1,19,9,9,-1,0,0,0,0,0,0,9,9,-1,6,3,-1,-1,-1,-1,-1,-1,-1,-1,0,-1
2025522501159,2025,522501159,1,1,0,-1,19,1,5,-1,0,2,0,0,0,0,2,1,-1,6,2,53,8,-1,-1,-1,-1,5,E01014627,0,1
2025522501159,2025,522501159,2,9,9,-1,13,1,5,-1,0,2,0,0,0,0,1,9,-1,6,3,-1,-1,-1,-1,-1,-1,-1,-1,0,-1
2025522501160,2025,522501160,1,11,0,-1,4,1,5,-1,2,0,0,0,0,0,4,1,-1,1,3,-1,-1,-1,-1,-1,-1,-1,-1,0,-1
2025522501162,2025,522501162,2,19,9,-1,19,1,5,-1,0,0,0,0,0,0,1,1,-1,6,1,-1,-1,-1,-1,-1,-1,-1,-1,0,-1
2025522501162,2025,522501162,1,19,9,-1,4,1,5,-1,0,0,0,0,0,0,2,1,-1,6,1,-1,-1,-1,-1,-1,-1,10,E01014873,0,1
2025522501168,2025,522501168,4,9,0,-1,3,3,7,-1,0,0,0,0,0,0,2,1,-1,6,1,24,5,-1,-1,-1,-1,3,E01014283,0,5
2025522501168,2025,522501168,2,9,0,-1,3,3,7,-1,0,0,0,0,0,0,2,1,-1,6,1,34,6,-1,-1,-1,-1,2,W01001332,0,4
2025522501168,2025,522501168,5,9,0,-1,19,3,7,-1,0,0,5,0,0,0,1,1,-1,6,2,35,6,-1,-1,-1,-1,3,E01014736,0,3
2025522501168,2025,522501168,3,19,0,-1,3,3,7,-1,0,0,0,0,0,0,2,1,-1,6,1,58,9,-1,-1,-1,-1,1,W01001621,0,4
2025522501168,2025,522501168,1,9,0,-1,3,3,7,-1,0,0,0,0,0,0,2,1,-1,6,2,28,6,-1,-1,-1,-1,5,W01002030,0,4
2025522501169,2025,522501169,1,5,0,-1,19,4,6,-1,0,0,1,0,7,11,3,1,-1,9,1,44,7,-1,-1,-1,-1,3,E01032847,0,5
2025522501172,2025,522501172,1,9,0,-1,19,3,7,-1,0,1,0,0,7,11,3,1,-1,9,1,33,6,-1,-1,-1,-1,4,E01014983,0,1
2025522501199,2025,522501199,1,1,0,-1,19,4,1,-1,0,8,0,0,0,0,1,1,-1,6,2,30,6,-1,-1,-1,-1,5,E01014678,0,1
2025522501199,2025,522501199,2,9,0,-1,9,7,4,-1,0,6,0,0,0,0,1,1,-1,6,2,-1,-1,-1,-1,-1,-1,7,E01014677,0,1
2025522501219,2025,522501219,1,9,0,-1,19,6,2,-1,0,1,0,0,0,0,1,1,-1,6,2,47,8,-1,-1,-1,-1,3,E01014664,0,1
2025522501219,2025,522501219,2,1,0,-1,19,4,8,-1,0,6,0,0,0,0,1,1,-1,9,1,7,2,-1,-1,-1,-1,2,E01014660,0,1
2025522501221,2025,522501221,1,9,0,-1,19,6,2,-1,0,0,0,0,0,0,1,1,-1,6,1,39,7,-1,-1,-1,-1,10,E01014979,0,1
2025522501222,2025,522501222,3,9,0,-1,2,0,0,-1,0,0,0,0,0,0,1,1,-1,6,3,-1,-1,-1,-1,-1,-1,-1,-1,0,-1
2025522501222,2025,522501222,2,9,0,-1,2,0,0,-1,0,0,0,0,0,0,1,1,-1,6,3,-1,-1,-1,-1,-1,-1,-1,-1,0,-1
2025522501222,2025,522501222,1,9,0,-1,19,3,7,-1,0,0,0,4,1,11,1,1,-1,2,1,58,9,-1,-1,-1,-1,8,E01032681,0,3
2025522501223,2025,522501223,1,9,0,-1,9,8,6,-1,0,5,0,0,0,0,3,1,-1,6,1,52,8,-1,-1,-1,-1,8,E01014672,0,1
2025522501223,2025,522501223,2,97,0,-1,13,8,4,-1,0,8,0,0,0,0,1,1,-1,6,1,44,7,-1,-1,-1,-1,9,E01014619,0,1
2025522501224,2025,522501224,2,21,0,-1,19,7,3,-1,0,8,0,10,1,11,3,1,-1,1,1,54,8,-1,-1,-1,-1,6,E01014929,0,1
2025522501224,2025,522501224,1,9,0,-1,19,5,1,-1,0,6,0,0,0,0,1,1,-1,6,2,35,6,-1,-1,-1,-1,10,E01015014,0,1
2025522501226,2025,522501226,1,9,0,-1,4,8,5,-1,0,0,0,0,0,0,2,1,-1,6,2,78,11,-1,-1,-1,-1,10,E01014767,0,2
2025522501226,2025,522501226,2,9,0,-1,19,8,5,-1,0,0,0,0,0,0,1,1,-1,6,2,46,8,-1,-1,-1,-1,10,E01014767,0,2
2025522501228,2025,522501228,1,9,9,-1,19,9,9,-1,0,1,9,0,0,0,1,9,-1,6,3,-1,-1,-1,-1,-1,-1,-1,-1,0,-1
2025522501229,2025,522501229,2,9,0,-1,15,5,1,-1,0,1,0,0,0,0,1,1,-1,6,1,41,7,-1,-1,-1,-1,1,E01014654,0,2
2025522501229,2025,522501229,1,3,0,-1,10,5,3,-1,0,1,0,0,0,0,2,1,-1,6,1,32,6,-1,-1,-1,-1,1,E01014653,0,1
2025522501232,2025,522501232,2,3,0,-1,13,1,5,-1,0,0,0,0,0,0,2,1,-1,6,3,-1,-1,-1,-1,-1,-1,-1,-1,0,-1
2025522501232,2025,522501232,1,9,0,-1,19,1,5,-1,0,0,9,0,0,0,1,1,-1,6,1,24,5,-1,-1,-1,-1,9,E01014748,0,3
2025522501233,2025,522501233,1,9,0,-1,19,2,6,-1,9,0,0,0,7,0,1,1,-1,6,3,-1,-1,-1,-1,-1,-1,-1,-1,0,-1
2025522501233,2025,522501233,2,23,0,-1,19,6,2,-1,9,0,0,0,0,0,1,1,-1,6,1,14,3,-1,-1,-1,-1,3,E01014502,0,1
2025522501234,2025,522501234,1,9,0,-1,19,1,5,-1,0,1,0,0,0,0,1,1,-1,6,3,-1,-1,-1,-1,-1,-1,-1,-1,0,-1
2025522501234,2025,522501234,2,23,0,-1,9,1,7,-1,0,6,0,0,0,0,2,1,-1,6,1,19,4,-1,-1,-1,-1,1,E01014726,0,1
2025522501238,2025,522501238,2,19,9,-1,19,5,1,-1,0,4,9,99,9,99,1,1,-1,6,3,-1,-1,-1,-1,-1,-1,-1,-1,0,-1
2025522501238,2025,522501238,1,4,9,-1,9,3,1,-1,0,8,0,99,9,99,4,1,-1,6,1,23,5,-1,-1,-1,-1,3,E01014684,0,2
2025522501240,2025,522501240,1,9,0,-1,10,6,4,-1,0,5,0,0,0,0,2,1,-1,6,1,29,6,-1,-1,-1,-1,1,E01014580,0,1
2025522501240,2025,522501240,2,9,0,-1,15,6,2,-1,0,8,0,0,0,0,1,9,-1,6,3,-1,-1,-1,-1,-1,-1,-1,-1,0,-1
2025522501242,2025,522501242,2,9,0,-1,6,9,9,-1,0,0,0,0,0,0,1,1,-1,6,1,17,4,-1,-1,-1,-1,2,E01014626,0,1
2025522501242,2025,522501242,1,1,0,-1,19,6,2,-1,0,0,0,4,0,0,1,1,-1,6,1,7,2,-1,-1,-1,-1,6,E01033905,0,1
2025522501243,2025,522501243,2,9,0,-1,11,1,5,-1,0,2,0,0,0,0,4,1,-1,6,2,-1,-1,-1,-1,-1,-1,8,E01022413,0,4
2025522501243,2025,522501243,1,1,0,-1,19,1,5,-1,0,2,0,0,0,0,3,1,-1,6,1,46,8,-1,-1,-1,-1,10,E01014616,0,1
2025522501244,2025,522501244,1,-1,0,-1,8,3,6,-1,0,1,0,0,0,0,3,1,-1,6,1,19,4,-1,-1,-1,-1,1,E01014639,1,2
2025522501244,2025,522501244,2,1,0,-1,9,6,3,-1,0,5,0,0,0,0,1,1,-1,6,3,-1,-1,-1,-1,-1,-1,-1,-1,0,-1
2025522501248,2025,522501248,1,9,0,-1,19,6,2,-1,0,0,0,0,0,0,4,1,-1,9,2,62,9,-1,-1,-1,-1,6,E01014884,0,3
2025522501252,2025,522501252,1,3,0,-1,9,2,1,-1,0,8,0,0,0,0,1,1,-1,6,1,18,4,-1,-1,-1,-1,4,E01014603,0,1
2025522501252,2025,522501252,2,9,0,-1,19,6,2,-1,0,4,0,0,0,0,1,1,-1,6,3,-1,-1,-1,-1,-1,-1,-1,-1,0,-1
2025522501254,2025,522501254,1,9,0,-1,3,1,5,-1,0,0,0,0,0,0,2,1,-1,6,1,31,6,-1,-1,-1,-1,4,E01014587,0,2
2025522501254,2025,522501254,2,11,0,-1,19,1,5,-1,0,0,0,0,0,0,1,1,-1,1,3,-1,-1,-1,-1,-1,-1,-1,-1,0,-1
2025522501256,2025,522501256,2,9,0,-1,9,6,4,-1,0,6,0,0,0,0,1,9,-1,6,3,-1,-1,-1,-1,-1,-1,-1,-1,0,-1
2025522501256,2025,522501256,1,1,0,-1,19,8,4,-1,0,8,0,0,1,0,3,1,-1,6,2,46,8,-1,-1,-1,-1,8,E01014511,0,1
2025522501257,2025,522501257,2,9,0,-1,19,3,7,-1,0,6,0,0,0,0,3,1,-1,6,2,-1,-1,-1,-1,-1,-1,8,E01014510,0,1
2025522501257,2025,522501257,1,1,0,-1,19,1,5,-1,0,8,0,0,0,0,1,1,-1,6,1,26,6,-1,-1,-1,-1,2,E01033347,0,1
2025522501258,2025,522501258,2,9,0,-1,19,6,2,-1,0,1,0,0,0,0,1,1,-1,6,3,-1,-1,-1,-1,-1,-1,-1,-1,0,-1
2025522501258,2025,522501258,1,9,0,-1,3,6,2,-1,0,1,0,0,0,0,2,1,-1,6,1,37,7,-1,-1,-1,-1,7,E01014917,0,2
2025522501259,2025,522501259,1,1,0,-1,14,6,2,-1,0,8,0,0,0,0,4,1,-1,6,1,34,6,-1,-1,-1,-1,5,E01014641,0,1
2025522501259,2025,522501259,2,8,0,-1,9,6,4,-1,0,5,0,0,0,0,3,1,-1,6,3,-1,-1,-1,-1,-1,-1,-1,-1,0,-1
2025522501260,2025,522501260,2,9,0,-1,19,9,9,-1,0,0,0,0,0,0,1,1,-1,6,1,-1,-1,-1,-1,-1,-1,-1,-1,0,-1
2025522501260,2025,522501260,1,9,0,-1,19,9,9,-1,0,0,0,0,0,0,2,1,-1,6,1,40,7,-1,-1,-1,-1,7,E01014945,0,1
2025522501261,2025,522501261,2,9,0,-1,19,4,8,-1,0,1,0,0,0,0,9,1,-1,6,3,-1,-1,-1,-1,-1,-1,-1,-1,0,-1
2025522501261,2025,522501261,1,5,0,-1,19,4,8,-1,0,1,0,0,0,0,3,1,-1,6,1,53,8,-1,-1,-1,-1,-1,-1,0,-1
2025522501262,2025,522501262,2,19,0,-1,1,2,6,-1,0,1,0,0,0,0,2,1,-1,1,1,-1,-1,-1,-1,-1,-1,-1,-1,0,-1
2025522501262,2025,522501262,1,1,0,-1,3,6,2,-1,0,1,0,0,0,0,1,1,-1,6,1,35,6,-1,-1,-1,-1,3,E01014566,0,1
2025522501265,2025,522501265,1,8,0,-1,99,9,9,-1,0,5,0,0,0,0,1,1,-1,1,3,-1,-1,-1,-1,-1,-1,-1,-1,0,-1
2025522501267,2025,522501267,2,9,0,-1,19,6,2,-1,0,0,0,0,0,0,1,1,-1,6,1,-1,-1,-1,-1,-1,-1,-1,-1,0,-1
2025522501267,2025,522501267,1,9,0,-1,3,6,2,-1,0,0,0,0,0,0,2,1,-1,6,2,50,8,-1,-1,-1,-1,7,E01014385,0,2
2025522501268,2025,522501268,2,9,0,-1,7,5,7,-1,0,6,0,0,0,0,1,1,-1,6,3,-1,-1,-1,-1,-1,-1,-1,-1,0,-1
2025522501268,2025,522501268,1,3,0,-1,19,3,7,-1,0,8,0,0,0,0,4,1,-1,6,1,43,7,-1,-1,-1,-1,10,E01014866,0,2
2025522501278,2025,522501278,1,8,0,-1,19,2,6,-1,2,8,0,0,0,0,3,1,-1,1,1,33,6,-1,-1,-1,-1,5,E01014524,0,1
2025522501278,2025,522501278,2,9,0,-1,6,6,6,-1,0,8,0,0,0,0,1,1,-1,9,2,25,5,-1,-1,-1,-1,7,E01014882,0,2
2025522501279,2025,522501279,1,1,0,-1,14,2,6,-1,0,0,0,8,0,0,1,1,-1,6,1,40,7,-1,-1,-1,-1,7,E01014551,0,2
2025522501279,2025,522501279,3,9,0,-1,19,2,6,-1,0,0,0,0,0,0,4,1,-1,6,3,-1,-1,-1,-1,-1,-1,-1,-1,0,-1
2025522501279,2025,522501279,2,9,0,-1,2,0,0,-1,0,0,0,0,0,0,3,1,-1,6,3,-1,-1,-1,-1,-1,-1,-1,-1,0,-1
2025522501281,2025,522501281,2,9,0,-1,19,6,4,-1,0,8,0,0,0,0,1,9,-1,6,3,-1,-1,-1,-1,-1,-1,-1,-1,0,-1
2025522501281,2025,522501281,1,9,0,-1,11,6,3,-1,0,8,0,0,0,0,4,1,-1,6,1,39,7,-1,-1,-1,-1,5,E01014533,0,1
2025522501282,2025,522501282,2,9,0,-1,19,5,1,-1,0,4,0,0,0,0,1,1,-1,6,3,-1,-1,-1,-1,-1,-1,-1,-1,0,-1
2025522501282,2025,522501282,1,1,0,-1,9,1,7,-1,0,8,0,0,0,0,4,1,-1,6,1,32,6,-1,-1,-1,-1,6,E01034635,0,5
2025522501286,2025,522501286,2,3,0,-1,12,5,1,-1,2,0,0,0,0,0,3,1,-1,1,1,18,4,-1,-1,-1,-1,2,E01014659,0,1
2025522501286,2025,522501286,1,9,0,-1,19,5,1,-1,0,0,0,0,0,0,4,1,-1,9,2,89,11,-1,-1,-1,-1,4,E01014662,0,1
2025522501287,2025,522501287,2,8,0,-1,19,2,6,-1,0,8,0,0,0,0,1,1,-1,1,1,62,9,-1,-1,-1,-1,7,E01014734,0,2
2025522501287,2025,522501287,1,3,0,-1,19,6,2,-1,0,8,0,0,0,0,1,1,-1,6,1,21,5,-1,-1,-1,-1,9,E01014509,0,1
2025522501288,2025,522501288,1,19,0,-1,9,1,6,-1,0,5,0,0,0,0,3,1,-1,1,1,20,4,-1,-1,-1,-1,6,E01014914,0,2
2025522501288,2025,522501288,2,4,0,-1,13,1,5,-1,0,8,0,0,0,0,4,1,-1,1,1,28,6,-1,-1,-1,-1,1,E01014658,0,1
2025522501293,2025,522501293,2,9,0,-1,19,8,4,-1,2,8,0,0,0,0,1,1,-1,6,1,18,4,-1,-1,-1,-1,1,E01014647,0,1
2025522501293,2025,522501293,1,8,0,-1,3,4,8,-1,0,1,0,0,0,0,1,1,-1,1,1,48,8,-1,-1,-1,-1,3,E01014502,0,1
2025522501296,2025,522501296,1,1,0,-1,19,8,4,-1,9,8,0,0,0,0,1,1,-1,6,1,14,3,-1,-1,-1,-1,1,E01014584,0,1
2025522501296,2025,522501296,2,9,0,-1,4,2,6,-1,9,1,0,0,0,0,3,1,-1,1,1,29,6,-1,-1,-1,-1,1,E01014583,0,1
2025522501298,2025,522501298,2,1,0,-1,19,5,1,-1,0,6,0,0,0,0,4,1,-1,6,1,35,6,-1,-1,-1,-1,5,E01014973,0,1
2025522501298,2025,522501298,1,9,0,-1,19,6,2,-1,0,8,0,0,0,0,1,1,-1,6,2,32,6,-1,-1,-1,-1,4,E01014570,0,1
2025522501299,2025,522501299,2,9,0,-1,11,5,1,-1,2,0,0,0,0,0,1,1,-1,2,1,28,6,-1,-1,-1,-1,10,E01035220,0,1
2025522501299,2025,522501299,1,9,0,-1,19,5,1,-1,0,0,0,0,0,0,2,1,-1,2,1,40,7,-1,-1,-1,-1,7,E01029251,0,4
2025522501302,2025,522501302,1,-1,0,-1,19,6,4,-1,0,8,0,0,0,0,3,1,-1,6,2,34,6,-1,-1,-1,-1,5,E01014537,1,1
2025522501302,2025,522501302,2,9,0,-1,11,6,3,-1,0,3,0,0,0,0,4,1,-1,6,3,-1,-1,-1,-1,-1,-1,-1,-1,0,-1
2025522501303,2025,522501303,2,9,0,-1,19,4,8,-1,0,6,0,0,0,0,1,1,-1,6,1,61,9,-1,-1,-1,-1,1,E01033370,0,1
2025522501303,2025,522501303,1,1,0,-1,19,2,6,-1,0,8,0,0,0,0,1,1,-1,6,1,27,6,-1,-1,-1,-1,2,E01033359,0,1
2025522501304,2025,522501304,2,9,0,-1,7,5,6,-1,0,5,0,0,0,0,4,1,-1,6,1,22,5,-1,-1,-1,-1,8,E01014507,0,1
2025522501304,2025,522501304,1,3,0,-1,19,5,1,-1,2,8,0,0,0,0,3,1,-1,6,1,18,4,-1,-1,-1,-1,9,E01035229,0,1
2025522501308,2025,522501308,2,9,0,-1,5,7,3,-1,0,1,0,0,0,0,1,1,-1,6,3,-1,-1,-1,-1,-1,-1,-1,-1,0,-1
2025522501308,2025,522501308,1,1,0,-1,9,7,5,-1,0,6,0,0,0,0,2,1,-1,6,1,23,5,-1,-1,-1,-1,4,E01033342,0,3
2025522501309,2025,522501309,1,9,0,-1,19,1,6,-1,0,8,0,0,0,0,3,1,-1,6,2,25,5,-1,-1,-1,-1,1,E01032514,0,1
2025522501309,2025,522501309,2,9,0,-1,9,6,4,-1,0,8,1,0,0,0,1,1,-1,6,1,19,4,-1,-1,-1,-1,4,E01014401,0,2
2025522501310,2025,522501310,1,1,0,-1,19,1,4,-1,0,0,0,0,0,0,1,1,-1,7,1,13,3,-1,-1,-1,-1,7,E01035217,0,1
2025522501310,2025,522501310,2,9,0,-1,19,4,1,-1,0,0,0,0,0,0,3,1,-1,6,2,60,9,-1,-1,-1,-1,10,E01014995,0,1
2025522501312,2025,522501312,1,9,0,-1,4,4,8,-1,0,8,0,0,0,0,2,1,-1,6,1,33,6,-1,-1,-1,-1,1,E01014517,0,3
2025522501312,2025,522501312,2,9,0,-1,19,4,8,-1,0,8,0,0,0,0,1,1,-1,6,3,-1,-1,-1,-1,-1,-1,-1,-1,0,-1
2025522501313,2025,522501313,2,9,0,-1,5,8,4,-1,0,2,0,0,0,0,1,1,-1,6,3,-1,-1,-1,-1,-1,-1,-1,-1,0,-1
2025522501313,2025,522501313,1,1,0,-1,19,5,1,-1,0,6,0,0,0,0,4,1,-1,6,2,59,9,-1,-1,-1,-1,10,E01015016,0,1
2025522501316,2025,522501316,1,9,0,-1,19,3,6,-1,0,0,0,0,0,0,1,1,-1,9,1,44,7,-1,-1,-1,-1,5,E01014613,0,1
2025522501320,2025,522501320,1,5,0,-1,13,6,2,-1,0,8,0,0,0,0,1,1,-1,6,1,17,4,-1,-1,-1,-1,5,E01014707,0,1
2025522501320,2025,522501320,2,9,0,-1,9,6,4,-1,0,5,0,0,0,0,3,1,-1,6,2,40,7,-1,-1,-1,-1,1,E01014581,0,1
2025522501329,2025,522501329,2,9,0,-1,7,8,3,-1,0,3,0,0,0,0,3,1,-1,6,2,37,7,-1,-1,-1,-1,4,E01015007,0,1
2025522501329,2025,522501329,1,9,0,-1,11,8,3,-1,0,3,0,0,0,0,4,1,-1,6,2,28,6,-1,-1,-1,-1,8,E01014514,0,1
2025522501332,2025,522501332,2,19,0,-1,11,1,5,-1,0,0,0,0,0,0,4,1,-1,6,3,-1,-1,-1,-1,-1,-1,-1,-1,0,-1
2025522501332,2025,522501332,1,5,0,-1,15,1,5,-1,0,0,0,0,0,0,3,1,-1,6,1,32,6,-1,-1,-1,-1,2,E01014683,0,1
2025522501333,2025,522501333,1,1,0,-1,19,5,1,-1,0,8,0,0,0,0,1,1,-1,6,1,47,8,-1,-1,-1,-1,1,E01032515,0,1
2025522501333,2025,522501333,2,19,0,-1,19,1,5,-1,0,8,0,0,0,0,1,1,-1,1,3,-1,-1,-1,-1,-1,-1,-1,-1,0,-1
2025522501337,2025,522501337,1,9,0,-1,9,4,2,-1,0,6,0,0,0,0,3,1,-1,6,1,57,9,-1,-1,-1,-1,4,E01014485,0,1
2025522501337,2025,522501337,2,3,0,-1,19,2,6,-1,0,8,0,0,0,0,1,1,-1,6,1,22,5,-1,-1,-1,-1,8,E01014996,0,2
2025522501341,2025,522501341,2,3,0,-1,19,2,6,-1,0,8,0,0,0,0,1,1,-1,9,1,29,6,-1,-1,-1,-1,3,E01014571,0,1
2025522501341,2025,522501341,1,9,0,-1,4,2,6,-1,0,2,0,0,0,0,2,1,-1,9,2,27,6,-1,-1,-1,-1,3,E01014523,0,1
2025522501348,2025,522501348,2,9,0,-1,2,0,0,-1,9,0,0,0,0,0,1,1,-1,6,3,-1,-1,-1,-1,-1,-1,-1,-1,0,-1
2025522501348,2025,522501348,1,9,0,-1,12,5,1,-1,9,0,0,4,7,0,1,1,-1,9,2,43,7,-1,-1,-1,-1,2,E01014660,0,1
2025522501349,2025,522501349,1,-1,0,-1,19,7,3,-1,0,8,0,0,0,0,3,1,-1,6,2,30,6,-1,-1,-1,-1,2,E01014489,1,1
2025522501349,2025,522501349,2,9,0,-1,9,3,8,-1,0,5,0,0,0,0,1,1,-1,6,1,50,8,-1,-1,-1,-1,2,E01033347,0,1
2025522501350,2025,522501350,2,9,9,-1,1,2,6,-1,0,1,0,0,0,0,2,9,-1,6,3,-1,-1,-1,-1,-1,-1,-1,-1,0,-1
2025522501350,2025,522501350,1,9,0,-1,3,6,2,-1,0,5,0,0,0,0,1,1,-1,6,2,40,7,-1,-1,-1,-1,5,E01014861,0,1
2025522501351,2025,522501351,2,9,0,-1,9,8,6,-1,0,6,0,0,0,0,4,1,-1,6,2,-1,-1,-1,-1,-1,-1,-1,-1,0,-1
2025522501351,2025,522501351,1,9,0,-1,19,2,6,-1,0,8,0,0,0,0,3,1,-1,6,1,52,8,-1,-1,-1,-1,2,E01014529,0,1
2025522501356,2025,522501356,1,3,0,-1,19,5,1,-1,0,2,0,0,0,0,1,1,-1,1,1,37,7,-1,-1,-1,-1,3,E01014498,0,2
2025522501376,2025,522501376,1,9,0,-1,1,5,3,-1,0,6,0,0,0,0,2,1,-1,9,1,60,9,-1,-1,-1,-1,9,E01014933,0,1
2025522501376,2025,522501376,3,9,0,-1,2,0,0,-1,0,1,0,0,0,0,0,1,-1,6,3,-1,-1,-1,-1,-1,-1,-1,-1,0,-1
2025522501376,2025,522501376,2,1,0,-1,19,3,7,-1,0,1,0,0,0,0,1,1,-1,9,1,17,4,-1,-1,-1,-1,10,E01014932,0,1