collision_index,collision_year,collision_ref_no,vehicle_reference,vehicle_type,towing_and_articulation,vehicle_manoeuvre_historic,vehicle_manoeuvre,vehicle_direction_from,vehicle_direction_to,vehicle_location_restricted_lane_historic,vehicle_location_restricted_lane,junction_location,skidding_and_overturning,hit_object_in_carriageway,vehicle_leaving_carriageway,hit_object_off_carriageway,first_point_of_impact,vehicle_left_hand_drive,journey_purpose_of_driver_historic,journey_purpose_of_driver,sex_of_driver,age_of_driver,age_band_of_driver,engine_capacity_cc,propulsion_code,age_of_vehicle,generic_make_model,driver_imd_decile,lsoa_of_driver,escooter_flag,driver_distance_banding
2025522501383,2025,522501383,1,9,0,-1,19,7,3,-1,0,8,0,10,1,11,3,1,-1,2,1,29,6,-1,-1,-1,-1,10,E01014969,0,2
2025522501383,2025,522501383,2,9,0,-1,19,5,1,-1,0,6,0,0,0,0,1,1,-1,2,1,34,6,-1,-1,-1,-1,2,E01014602,0,3
2025522501385,2025,522501385,1,1,0,-1,19,8,4,-1,0,0,0,12,0,0,1,1,-1,6,1,37,7,-1,-1,-1,-1,10,E01014964,0,1
2025522501393,2025,522501393,2,9,0,-1,8,5,1,-1,0,1,0,0,0,0,2,1,-1,6,3,-1,-1,-1,-1,-1,-1,-1,-1,0,-1
2025522501393,2025,522501393,1,9,0,-1,4,5,1,-1,0,1,0,0,0,0,1,1,-1,9,1,31,6,-1,-1,-1,-1,6,E01015008,0,3
2025522501399,2025,522501399,1,9,0,-1,7,6,1,-1,0,4,0,0,0,0,1,1,-1,1,1,41,7,-1,-1,-1,-1,9,E01014872,0,1
2025522501399,2025,522501399,2,1,0,-1,19,5,1,-1,0,3,0,0,0,0,2,1,-1,1,1,39,7,-1,-1,-1,-1,9,E01014978,0,1
2025522501403,2025,522501403,2,19,0,-1,2,0,0,-1,0,0,1,0,0,0,2,1,-1,6,3,-1,-1,-1,-1,-1,-1,-1,-1,0,-1
2025522501403,2025,522501403,1,11,0,-1,14,2,6,-1,0,0,0,4,0,0,1,1,-1,1,2,52,8,-1,-1,-1,-1,1,E01014517,0,3
2025522501404,2025,522501404,1,9,0,-1,3,7,3,-1,0,0,0,0,0,0,2,1,-1,1,1,37,7,-1,-1,-1,-1,2,E01010405,0,5
2025522501404,2025,522501404,2,19,0,-1,4,7,3,-1,0,0,0,0,0,0,1,1,-1,1,1,39,7,-1,-1,-1,-1,4,E01034610,0,5
2025522501414,2025,522501414,2,9,0,-1,19,6,2,-1,0,1,0,0,0,0,1,1,-1,6,1,77,11,-1,-1,-1,-1,10,E01015016,0,3
2025522501414,2025,522501414,1,9,0,-1,9,8,6,-1,0,6,0,0,0,0,3,1,-1,6,2,42,7,-1,-1,-1,-1,10,E01015001,0,2
2025522501418,2025,522501418,1,1,0,-1,19,7,3,-1,4,8,0,0,0,0,4,1,-1,6,1,64,9,-1,-1,-1,-1,9,E01015015,0,1
2025522501418,2025,522501418,2,9,0,-1,9,1,7,-1,0,6,0,0,0,0,1,1,-1,6,1,26,6,-1,-1,-1,-1,8,E01014895,0,1
2025522501430,2025,522501430,2,19,0,-1,19,4,8,-1,0,0,0,0,0,0,3,1,-1,6,1,66,10,-1,-1,-1,-1,10,E01020383,0,4
2025522501430,2025,522501430,1,5,0,-1,13,4,8,-1,0,0,0,0,0,0,4,1,-1,6,1,63,9,-1,-1,-1,-1,6,E01030502,0,5
2025522501430,2025,522501430,3,9,0,-1,19,4,8,-1,0,0,0,0,0,0,4,1,-1,6,1,33,6,-1,-1,-1,-1,4,W01001833,0,4
2025522501436,2025,522501436,1,9,0,-1,8,1,3,-1,0,1,0,0,0,0,3,1,-1,2,2,64,9,-1,-1,-1,-1,8,E01014867,0,1
2025522501436,2025,522501436,3,9,0,-1,9,3,1,-1,0,5,0,0,0,0,0,1,-1,6,1,88,11,-1,-1,-1,-1,10,E01014992,0,3
2025522501436,2025,522501436,2,9,0,-1,11,7,3,-1,0,1,0,0,0,0,1,1,-1,6,1,26,6,-1,-1,-1,-1,9,E01033848,0,4
2025522501437,2025,522501437,1,9,0,-1,3,3,7,-1,0,0,0,0,0,0,2,1,-1,6,2,41,7,-1,-1,-1,-1,4,E01014662,0,1
2025522501437,2025,522501437,2,9,0,-1,19,3,7,-1,0,0,0,0,0,0,1,1,-1,6,1,55,8,-1,-1,-1,-1,8,E01032074,0,4
2025522501438,2025,522501438,1,9,0,-1,5,6,4,-1,0,8,0,0,0,0,4,1,-1,9,2,44,7,-1,-1,-1,-1,5,E01014994,0,1
2025522501438,2025,522501438,2,9,0,-1,19,2,6,-1,0,1,0,0,0,0,1,1,-1,1,2,51,8,-1,-1,-1,-1,8,E01014895,0,1
2025522501439,2025,522501439,2,9,0,-1,19,8,4,-1,0,0,0,0,0,0,1,9,-1,6,3,-1,-1,-1,-1,-1,-1,-1,-1,0,-1
2025522501439,2025,522501439,1,1,0,-1,19,6,2,-1,0,6,0,0,0,0,4,1,-1,2,2,19,4,-1,-1,-1,-1,7,E01014921,0,1
2025522501442,2025,522501442,1,9,0,-1,4,6,2,-1,0,0,1,0,0,0,2,1,-1,2,2,33,6,-1,-1,-1,-1,10,W01001591,0,3
2025522501442,2025,522501442,2,9,0,-1,19,6,2,-1,0,0,0,0,0,0,1,1,-1,2,1,22,5,-1,-1,-1,-1,7,E01014649,0,3
2025522501444,2025,522501444,3,23,0,-1,19,2,6,-1,5,0,0,0,0,0,3,1,-1,6,3,-1,-1,-1,-1,-1,-1,-1,-1,0,-1
2025522501444,2025,522501444,1,1,0,-1,19,6,2,-1,5,0,0,0,0,0,3,1,-1,6,1,52,8,-1,-1,-1,-1,2,E01014497,0,1
2025522501444,2025,522501444,2,2,0,-1,19,2,6,-1,5,0,0,0,0,0,3,1,-1,6,3,-1,-1,-1,-1,-1,-1,-1,-1,0,-1
2025522501453,2025,522501453,1,9,0,-1,11,2,5,-1,0,3,0,0,0,0,4,1,-1,9,1,41,7,-1,-1,-1,-1,7,W01001102,0,4
2025522501453,2025,522501453,2,9,0,-1,19,2,6,-1,0,8,0,0,1,7,3,1,-1,2,1,58,9,-1,-1,-1,-1,4,E01014958,0,1
2025522501455,2025,522501455,1,9,0,-1,5,8,4,-1,0,1,0,4,0,0,1,1,-1,6,1,56,9,-1,-1,-1,-1,4,E01014991,0,1
2025522501455,2025,522501455,2,9,0,-1,2,0,0,-1,0,1,0,0,0,0,1,1,-1,6,1,41,7,-1,-1,-1,-1,6,E01014494,0,3
2025522501462,2025,522501462,1,9,0,-1,4,4,8,-1,0,1,0,0,0,0,3,1,-1,6,2,42,7,-1,-1,-1,-1,10,E01014999,0,1
2025522501462,2025,522501462,2,1,0,-1,9,6,4,-1,0,5,0,0,0,0,1,1,-1,6,1,19,4,-1,-1,-1,-1,9,E01014899,0,1
2025522501469,2025,522501469,2,19,0,-1,4,6,2,-1,0,1,0,0,0,0,1,1,-1,1,1,29,6,-1,-1,-1,-1,3,W01001408,0,4
2025522501469,2025,522501469,1,9,0,-1,3,6,2,-1,0,1,0,0,0,0,2,1,-1,9,2,35,6,-1,-1,-1,-1,4,E01014496,0,3
2025522501473,2025,522501473,1,9,0,-1,19,2,6,-1,0,8,0,0,7,4,1,1,-1,9,1,48,8,-1,-1,-1,-1,6,E01014986,0,1
2025522501473,2025,522501473,2,9,0,-1,1,4,8,-1,0,6,0,0,0,0,2,1,-1,1,1,30,6,-1,-1,-1,-1,10,E01032676,0,4
2025522501475,2025,522501475,1,19,0,-1,19,5,8,-1,0,4,5,10,1,7,1,1,-1,1,1,50,8,-1,-1,-1,-1,3,E01003587,0,5
2025522501481,2025,522501481,1,19,0,-1,4,4,8,-1,0,0,1,0,0,0,1,1,-1,1,1,21,5,-1,-1,-1,-1,3,W01001387,0,4
2025522501481,2025,522501481,2,9,0,-1,19,4,8,-1,0,0,0,0,0,0,2,1,-1,9,1,42,7,-1,-1,-1,-1,6,W01001908,0,2
2025522501481,2025,522501481,3,9,0,-1,19,4,8,-1,0,0,0,0,0,0,2,1,-1,1,1,59,9,-1,-1,-1,-1,10,W01001729,0,4
2025522501501,2025,522501501,2,9,0,-1,19,1,5,-1,0,0,0,0,0,0,1,1,-1,9,2,25,5,-1,-1,-1,-1,8,E01014972,0,1
2025522501501,2025,522501501,1,3,0,-1,5,0,1,-1,0,0,0,0,7,0,1,1,-1,9,1,55,8,-1,-1,-1,-1,2,E01014526,0,2
2025522501502,2025,522501502,2,19,4,-1,4,5,7,-1,0,0,0,0,0,0,3,1,-1,6,3,-1,-1,-1,-1,-1,-1,-1,-1,0,-1
2025522501502,2025,522501502,1,9,0,-1,19,7,5,-1,0,0,0,0,0,0,3,1,-1,9,1,78,11,-1,-1,-1,-1,10,E01014902,0,2
2025522501515,2025,522501515,1,9,0,-1,5,2,6,-1,0,4,0,9,7,1,1,1,-1,6,1,80,11,-1,-1,-1,-1,10,E01014980,0,1
2025522501515,2025,522501515,2,9,0,-1,7,4,6,-1,0,3,0,0,0,0,2,1,-1,6,2,48,8,-1,-1,-1,-1,10,E01014979,0,1
2025522501518,2025,522501518,1,9,0,-1,3,4,8,-1,0,8,0,0,0,0,2,1,-1,9,1,38,7,-1,-1,-1,-1,7,E01009530,0,5
2025522501518,2025,522501518,3,9,0,-1,12,4,8,-1,0,7,0,0,0,0,1,1,-1,9,1,48,8,-1,-1,-1,-1,1,W01000992,0,4
2025522501518,2025,522501518,2,9,0,-1,3,4,8,-1,0,8,0,0,0,0,2,1,-1,9,1,41,7,-1,-1,-1,-1,6,E01022155,0,4
2025522501521,2025,522501521,2,9,0,-1,19,6,4,-1,0,8,0,4,1,0,1,1,-1,6,2,31,6,-1,-1,-1,-1,4,E01014904,0,2
2025522501521,2025,522501521,1,9,0,-1,2,0,0,-1,0,8,0,0,1,0,3,1,-1,6,3,-1,-1,-1,-1,-1,-1,-1,-1,0,-1
2025522501542,2025,522501542,1,9,0,-1,19,5,1,-1,0,0,0,0,0,0,1,1,-1,6,1,21,5,-1,-1,-1,-1,6,E01014780,0,4
2025522501542,2025,522501542,2,8,0,-1,19,5,1,-1,0,0,0,0,0,0,2,1,-1,1,1,51,8,-1,-1,-1,-1,4,E01014958,0,3
2025522501557,2025,522501557,1,9,0,-1,4,4,8,-1,0,0,0,0,0,0,2,1,-1,6,1,41,7,-1,-1,-1,-1,1,E01009363,0,5
2025522501557,2025,522501557,2,9,0,-1,19,4,8,-1,0,0,0,0,0,0,1,1,-1,6,1,18,4,-1,-1,-1,-1,2,W01001315,0,4
2025522501575,2025,522501575,2,-1,0,-1,19,5,1,-1,0,6,0,0,0,0,1,1,-1,6,1,11,3,-1,-1,-1,-1,5,E01035226,1,1
2025522501575,2025,522501575,1,5,0,-1,4,7,1,-1,0,1,0,0,0,0,3,1,-1,2,1,52,8,-1,-1,-1,-1,6,W01001562,0,4
2025531536546,2025,531536546,1,9,0,-1,19,5,1,-1,0,0,0,6,0,0,1,1,-1,6,1,47,8,-1,-1,-1,-1,10,E01015014,0,2
2025531536552,2025,531536552,1,9,0,-1,19,3,7,-1,0,0,0,0,0,0,1,1,-1,6,3,-1,-1,-1,-1,-1,-1,-1,-1,0,-1
2025531536552,2025,531536552,2,1,0,-1,19,3,7,-1,4,0,0,0,0,0,2,1,-1,6,1,51,8,-1,-1,-1,-1,2,E01022322,0,1
2025531536955,2025,531536955,1,9,0,-1,19,2,6,-1,0,0,0,0,0,0,3,1,-1,9,2,38,7,-1,-1,-1,-1,9,E01022202,0,2
2025531536955,2025,531536955,2,9,0,-1,19,6,2,-1,0,0,0,0,7,0,3,1,-1,9,1,39,7,-1,-1,-1,-1,9,E01015504,0,3
2025531536997,2025,531536997,2,9,0,-1,19,5,1,-1,0,0,0,0,0,0,1,1,-1,9,2,48,8,-1,-1,-1,-1,8,E01022246,0,1
2025531536997,2025,531536997,3,9,0,-1,19,5,1,-1,0,0,0,0,0,0,3,1,-1,9,1,62,9,-1,-1,-1,-1,6,E01022264,0,1
2025531536997,2025,531536997,1,9,0,-1,19,1,5,-1,0,0,0,0,0,0,3,1,-1,9,1,84,11,-1,-1,-1,-1,6,E01022263,0,1
2025531537083,2025,531537083,1,9,0,-1,19,2,6,-1,0,0,2,0,7,4,1,1,-1,2,1,57,9,-1,-1,-1,-1,10,E01022172,0,2
2025531537085,2025,531537085,1,9,0,-1,19,6,2,-1,0,0,1,0,1,4,4,1,-1,9,1,18,4,-1,-1,-1,-1,4,E01022265,0,1
2025531537345,2025,531537345,1,9,0,-1,9,1,7,-1,0,8,1,0,1,0,2,1,-1,9,2,29,6,-1,-1,-1,-1,7,E01022345,0,1
2025531537345,2025,531537345,2,98,0,-1,19,5,1,-1,0,1,0,0,0,0,1,1,-1,1,1,33,6,-1,-1,-1,-1,5,E01022334,0,1
2025531537391,2025,531537391,1,9,0,-1,7,3,5,-1,0,5,0,0,0,0,4,1,-1,9,2,57,9,-1,-1,-1,-1,9,E01022396,0,3
2025531537634,2025,531537634,1,9,0,-1,19,3,7,-1,0,2,0,0,0,0,4,1,-1,9,2,60,9,-1,-1,-1,-1,5,E01022327,0,1
2025531537771,2025,531537771,1,9,0,-1,19,7,3,-1,0,0,0,0,1,4,4,1,-1,9,1,75,10,-1,-1,-1,-1,7,E01034784,0,2
2025531537853,2025,531537853,1,9,0,-1,7,6,1,-1,0,0,0,0,0,0,0,9,-1,6,3,-1,-1,-1,-1,-1,-1,-1,-1,0,-1
2025531537853,2025,531537853,2,97,0,-1,4,6,2,-1,0,0,0,0,0,0,0,1,-1,9,1,20,4,-1,-1,-1,-1,7,E01022232,0,3
2025531537861,2025,531537861,2,9,0,-1,19,5,1,-1,0,2,0,0,1,0,1,1,-1,6,1,45,7,-1,-1,-1,-1,8,E01022300,0,3
2025531537861,2025,531537861,1,9,0,-1,9,1,7,-1,0,1,0,0,0,0,1,1,-1,9,1,22,5,-1,-1,-1,-1,6,E01022261,0,3
2025531537946,2025,531537946,1,9,0,-1,19,3,7,-1,0,0,0,0,0,0,1,1,-1,6,1,22,5,-1,-1,-1,-1,-1,-1,0,-1
2025531537946,2025,531537946,2,9,0,-1,19,3,7,-1,0,0,0,0,0,0,2,1,-1,2,2,34,6,-1,-1,-1,-1,1,E01022147,0,1
2025531537951,2025,531537951,2,1,0,-1,19,8,4,-1,0,8,2,0,0,0,4,1,-1,2,1,17,4,-1,-1,-1,-1,10,E01022366,0,1
2025531537951,2025,531537951,1,9,0,-1,19,1,5,-1,0,2,0,0,0,0,1,1,-1,6,2,-1,-1,-1,-1,-1,-1,-1,-1,0,-1
2025531538163,2025,531538163,1,9,0,-1,19,1,5,-1,0,0,5,11,0,0,1,1,-1,6,2,24,5,-1,-1,-1,-1,9,E01022359,0,1
2025531538323,2025,531538323,1,9,0,-1,19,4,8,-1,0,0,0,0,0,0,1,1,-1,9,1,52,8,-1,-1,-1,-1,9,E01022431,0,1
2025531538331,2025,531538331,1,9,0,-1,5,4,8,-1,-1,0,0,0,0,0,1,1,-1,9,1,62,9,-1,-1,-1,-1,5,E01022150,0,1
2025531538560,2025,531538560,1,98,0,-1,19,2,6,-1,0,0,0,0,0,0,1,1,-1,9,1,76,11,-1,-1,-1,-1,4,E01022173,0,1
2025531538560,2025,531538560,2,21,0,-1,2,2,6,-1,0,0,0,0,0,0,2,1,-1,1,1,60,9,-1,-1,-1,-1,2,E01022120,0,1
2025531538856,2025,531538856,1,9,0,-1,19,5,1,-1,0,8,0,0,0,0,1,1,-1,2,1,40,7,-1,-1,-1,-1,9,E01022283,0,1
2025531538856,2025,531538856,2,9,0,-1,19,5,1,-1,0,8,0,0,0,0,4,1,-1,1,2,37,7,-1,-1,-1,-1,7,E01017086,0,5
2025531539471,2025,531539471,2,9,0,-1,19,1,5,-1,0,1,0,0,0,0,1,1,-1,9,2,70,10,-1,-1,-1,-1,10,E01022427,0,1
2025531539471,2025,531539471,1,9,0,-1,9,3,7,-1,0,8,0,0,0,0,1,1,-1,9,2,76,11,-1,-1,-1,-1,5,E01034805,0,1
2025531539615,2025,531539615,2,9,0,-1,19,4,8,-1,0,8,0,0,0,0,1,1,-1,1,1,32,6,-1,-1,-1,-1,5,E01034805,0,2
2025531539615,2025,531539615,1,9,0,-1,19,6,2,-1,0,6,0,0,1,0,3,1,-1,9,1,36,7,-1,-1,-1,-1,1,E01022311,0,1
2025531539893,2025,531539893,1,9,0,-1,19,1,5,-1,0,1,0,0,0,0,1,1,-1,6,1,19,4,-1,-1,-1,-1,8,E01022295,0,1
2025531539893,2025,531539893,2,9,0,-1,4,1,5,-1,0,1,0,0,0,0,2,1,-1,6,2,25,5,-1,-1,-1,-1,7,E01022397,0,3
2025531540332,2025,531540332,1,97,0,-1,5,6,2,-1,0,0,0,0,0,0,1,1,-1,6,3,-1,-1,-1,-1,-1,-1,-1,-1,0,-1
2025531540670,2025,531540670,1,9,0,-1,19,3,7,-1,0,2,0,0,1,4,1,1,-1,6,2,78,11,-1,-1,-1,-1,7,W01001978,0,2
2025531540853,2025,531540853,1,9,0,-1,19,7,3,-1,0,0,0,0,0,0,1,1,-1,1,1,25,5,-1,-1,-1,-1,6,E01034794,0,2
2025531540986,2025,531540986,1,9,0,-1,19,1,5,-1,0,0,0,0,7,0,1,1,-1,9,1,82,11,-1,-1,-1,-1,6,E01022442,0,1
2025531540986,2025,531540986,2,9,0,-1,19,5,1,-1,0,0,0,0,1,0,3,1,-1,9,2,21,5,-1,-1,-1,-1,8,E01032938,0,2
2025531541368,2025,531541368,1,97,0,-1,19,5,1,-1,0,0,1,0,0,0,4,1,-1,9,2,71,10,-1,-1,-1,-1,10,E01028764,0,4
2025531541633,2025,531541633,1,9,0,-1,9,1,3,-1,0,6,0,0,0,0,1,1,-1,6,1,78,11,-1,-1,-1,-1,1,E01022329,0,1
2025531541796,2025,531541796,2,5,0,-1,4,1,5,-1,0,0,5,0,0,0,3,1,-1,6,1,39,7,-1,-1,-1,-1,6,E01034794,0,3
2025531541796,2025,531541796,1,9,0,-1,4,1,5,-1,0,0,0,0,0,0,1,1,-1,6,1,23,5,-1,-1,-1,-1,5,E01022440,0,3
2025531541927,2025,531541927,3,19,0,-1,19,3,7,-1,0,1,0,0,0,0,1,9,-1,6,1,58,9,-1,-1,-1,-1,6,E01022261,0,1
2025531541927,2025,531541927,2,9,0,-1,10,7,3,-1,0,1,0,0,0,0,0,9,-1,6,2,45,7,-1,-1,-1,-1,6,E01014088,0,4
2025531541927,2025,531541927,1,9,0,-1,19,7,3,-1,0,1,0,0,0,0,1,9,-1,6,1,27,6,-1,-1,-1,-1,7,E01022269,0,3
2025531541975,2025,531541975,3,99,0,-1,12,6,2,-1,0,0,0,0,0,0,0,9,-1,6,3,-1,-1,-1,-1,-1,-1,-1,-1,0,-1
2025531541975,2025,531541975,2,9,0,-1,19,2,6,-1,0,0,0,0,0,0,3,1,-1,9,2,68,10,-1,-1,-1,-1,8,E01009812,0,4
2025531541975,2025,531541975,1,9,0,-1,19,6,2,-1,0,0,0,0,0,0,3,1,-1,9,1,59,9,-1,-1,-1,-1,-1,-1,0,-1
2025531542170,2025,531542170,1,9,0,-1,4,4,1,-1,0,0,0,0,0,0,1,1,-1,6,1,84,11,-1,-1,-1,-1,9,E01022213,0,3
2025531542170,2025,531542170,3,9,0,-1,4,4,8,-1,0,0,0,0,0,0,2,1,-1,6,-1,-1,-1,-1,-1,-1,-1,-1,-1,0,-1
2025531542170,2025,531542170,2,98,0,-1,4,6,1,-1,0,0,0,0,0,0,2,1,-1,1,1,65,9,-1,-1,-1,-1,3,E01032215,0,4
2025531542299,2025,531542299,1,9,0,-1,9,6,8,-1,0,8,0,0,0,0,1,1,-1,6,2,72,10,-1,-1,-1,-1,9,E01022276,0,1
2025531542299,2025,531542299,2,1,0,-1,19,6,2,-1,0,1,2,0,0,0,3,1,-1,6,1,34,6,-1,-1,-1,-1,8,E01022279,0,1
2025531542402,2025,531542402,1,9,0,-1,19,1,5,-1,0,0,2,0,2,0,3,1,-1,1,2,57,9,-1,-1,-1,-1,8,E01034781,0,1
2025531542436,2025,531542436,1,9,0,-1,19,3,7,-1,0,0,2,0,8,4,1,1,-1,9,1,35,6,-1,-1,-1,-1,2,E01015506,0,4
2025531542464,2025,531542464,1,97,0,-1,14,4,8,-1,0,0,0,0,7,0,1,1,-1,9,1,35,6,-1,-1,-1,-1,6,E01022222,0,3
2025531542464,2025,531542464,3,9,0,-1,4,4,8,-1,0,0,0,0,0,0,0,9,-1,6,1,66,10,-1,-1,-1,-1,6,E01028771,0,4
2025531542464,2025,531542464,2,9,0,-1,7,4,6,-1,0,0,0,0,0,0,3,1,-1,9,2,34,6,-1,-1,-1,-1,9,E01022115,0,1
2025531542649,2025,531542649,1,98,0,-1,5,3,7,-1,0,4,0,0,0,0,1,1,-1,1,1,37,7,-1,-1,-1,-1,6,E01022379,0,2
2025531542649,2025,531542649,2,9,0,-1,3,3,7,-1,0,4,0,0,0,0,2,1,-1,9,1,76,11,-1,-1,-1,-1,7,E01022376,0,3
2025531542676,2025,531542676,1,9,0,-1,9,1,5,-1,0,2,0,0,0,0,1,1,-1,9,1,27,6,-1,-1,-1,-1,-1,-1,0,-1
2025531542676,2025,531542676,2,9,0,-1,19,5,1,-1,0,8,0,0,0,0,1,1,-1,9,1,59,9,-1,-1,-1,-1,4,E01022151,0,1
2025531542707,2025,531542707,1,9,0,-1,14,8,4,-1,0,0,0,0,0,0,1,1,-1,2,2,58,9,-1,-1,-1,-1,10,E01022425,0,1
2025531542707,2025,531542707,2,19,0,-1,2,0,0,-1,0,0,0,0,0,0,0,9,-1,6,-1,-1,-1,-1,-1,-1,-1,-1,-1,0,-1
2025531542790,2025,531542790,1,9,0,-1,19,1,3,-1,0,4,0,0,0,0,1,1,-1,6,1,-1,-1,-1,-1,-1,-1,-1,-1,0,-1
2025531542790,2025,531542790,2,1,0,-1,19,7,3,-1,0,8,5,0,0,0,2,1,-1,9,2,68,10,-1,-1,-1,-1,9,E01022108,0,1
2025531543196,2025,531543196,2,1,0,-1,19,5,1,-1,0,8,0,0,0,0,3,1,-1,6,1,35,6,-1,-1,-1,-1,6,E01034777,0,1
2025531543196,2025,531543196,1,9,0,-1,7,5,1,-1,0,4,0,0,0,0,1,1,-1,2,2,55,8,-1,-1,-1,-1,9,E01022369,0,3
2025531543435,2025,531543435,1,9,0,-1,19,5,5,-1,0,0,0,0,0,0,1,1,-1,2,1,20,4,-1,-1,-1,-1,10,E01031214,0,3
2025531543435,2025,531543435,2,9,0,-1,3,5,5,-1,0,0,0,0,0,0,2,1,-1,2,2,47,8,-1,-1,-1,-1,8,E01025777,0,4
2025531543730,2025,531543730,1,9,0,-1,19,3,7,-1,0,4,0,0,0,0,1,1,-1,6,1,31,6,-1,-1,-1,-1,6,E01032935,0,3
2025531543730,2025,531543730,2,9,0,-1,4,3,7,-1,0,4,0,0,0,0,2,1,-1,6,2,36,7,-1,-1,-1,-1,-1,-1,0,-1
2025531544253,2025,531544253,1,9,0,-1,19,1,5,-1,0,0,0,0,0,0,1,1,-1,9,2,78,11,-1,-1,-1,-1,2,E01032932,0,3
2025531544253,2025,531544253,2,9,0,-1,3,1,5,-1,0,0,0,0,0,0,2,1,-1,9,1,72,10,-1,-1,-1,-1,8,E01022314,0,3
2025531544293,2025,531544293,2,1,0,-1,19,3,7,-1,0,8,5,0,0,0,4,1,-1,2,1,31,6,-1,-1,-1,-1,9,E01022431,0,1
2025531544293,2025,531544293,1,9,0,-1,19,5,1,-1,0,8,0,0,0,0,3,1,-1,6,1,52,8,-1,-1,-1,-1,8,E01022298,0,1
2025531544343,2025,531544343,1,1,0,-1,9,7,5,-1,0,8,1,0,0,0,3,1,-1,6,1,62,9,-1,-1,-1,-1,10,E01015014,0,2
2025531544382,2025,531544382,1,9,0,-1,19,5,1,-1,0,0,0,0,0,0,2,9,-1,6,1,65,9,-1,-1,-1,-1,8,E01022199,0,1
2025531544382,2025,531544382,2,9,0,-1,2,0,0,-1,0,0,0,0,0,0,2,1,-1,6,-1,-1,-1,-1,-1,-1,-1,-1,-1,0,-1
2025531544543,2025,531544543,2,3,0,-1,19,4,8,-1,0,1,5,0,0,0,1,1,-1,6,1,48,8,-1,-1,-1,-1,9,E01022101,0,1
2025531544543,2025,531544543,1,9,0,-1,9,6,2,-1,0,8,0,0,0,0,1,1,-1,6,1,67,10,-1,-1,-1,-1,4,E01022149,0,1
2025531544588,2025,531544588,1,9,0,-1,9,5,3,-1,0,2,0,0,0,0,1,1,-1,9,2,81,11,-1,-1,-1,-1,10,E01022220,0,1
2025531544588,2025,531544588,2,9,0,-1,19,3,8,-1,0,1,2,0,7,4,1,1,-1,9,1,21,5,-1,-1,-1,-1,6,E01022388,0,2
2025531544746,2025,531544746,1,9,0,-1,5,7,3,-1,0,6,0,0,0,0,1,1,-1,6,2,54,8,-1,-1,-1,-1,7,E01015348,0,5
2025531544746,2025,531544746,2,9,0,-1,19,1,5,-1,0,1,0,0,0,0,3,1,-1,2,1,51,8,-1,-1,-1,-1,5,E01022377,0,1
2025531544825,2025,531544825,2,9,0,-1,19,4,8,-1,0,1,0,0,0,0,3,1,-1,2,1,22,5,-1,-1,-1,-1,8,E01022279,0,1
2025531544825,2025,531544825,1,9,0,-1,9,8,6,-1,0,1,0,0,0,0,1,1,-1,2,1,35,6,-1,-1,-1,-1,6,E01034815,0,3
2025531545063,2025,531545063,1,9,0,-1,19,4,8,-1,0,3,0,0,0,0,1,1,-1,2,1,55,8,-1,-1,-1,-1,6,E01022261,0,3
2025531545063,2025,531545063,3,9,0,-1,19,4,8,-1,0,3,0,0,0,0,1,1,-1,2,2,58,9,-1,-1,-1,-1,6,E01022267,0,3
2025531545063,2025,531545063,2,9,0,-1,19,4,8,-1,0,3,0,0,0,0,2,1,-1,2,2,33,6,-1,-1,-1,-1,10,E01022318,0,1
2025531545432,2025,531545432,2,97,0,-1,4,5,1,-1,0,0,0,0,0,0,0,1,-1,9,1,19,4,-1,-1,-1,-1,5,E01022312,0,1
2025531545432,2025,531545432,1,9,0,-1,12,5,1,-1,0,0,0,0,0,0,0,1,-1,9,1,84,11,-1,-1,-1,-1,6,E01022374,0,3
2025531545449,2025,531545449,2,98,0,-1,2,0,0,-1,0,0,0,0,0,0,2,1,-1,2,1,63,9,-1,-1,-1,-1,5,E01008246,0,5
2025531545449,2025,531545449,1,3,0,-1,19,7,3,-1,0,0,0,4,0,0,1,1,-1,2,1,44,7,-1,-1,-1,-1,5,E01022231,0,2
2025531545570,2025,531545570,3,9,0,-1,2,0,0,-1,-1,0,0,0,0,0,3,1,-1,6,-1,-1,-1,-1,-1,-1,-1,-1,-1,0,-1
2025531545570,2025,531545570,2,98,0,-1,19,5,1,-1,0,0,0,0,0,0,2,1,-1,6,1,22,5,-1,-1,-1,-1,9,E01029682,0,5
2025531545570,2025,531545570,1,9,0,-1,19,5,1,-1,0,0,2,4,0,0,1,1,-1,6,1,33,6,-1,-1,-1,-1,10,E01016660,0,5
2025531545637,2025,531545637,1,98,0,-1,19,5,1,-1,0,1,0,0,0,0,1,1,-1,1,1,33,6,-1,-1,-1,-1,2,E01022328,0,1
2025531545637,2025,531545637,2,98,0,-1,10,5,3,-1,0,1,0,0,0,0,2,1,-1,1,1,32,6,-1,-1,-1,-1,9,E01022108,0,2
2025531545851,2025,531545851,2,9,0,-1,19,6,2,-1,0,0,0,0,0,0,1,1,-1,6,1,35,6,-1,-1,-1,-1,3,E01022254,0,1
2025531545851,2025,531545851,1,9,0,-1,5,6,2,-1,0,0,0,0,0,0,2,1,-1,9,2,82,11,-1,-1,-1,-1,7,E01022226,0,1
2025531545985,2025,531545985,1,4,0,-1,19,6,2,-1,0,2,2,7,8,1,1,1,-1,6,1,17,4,-1,-1,-1,-1,9,E01022443,0,2