collision_index,collision_year,collision_ref_no,vehicle_reference,vehicle_type,towing_and_articulation,vehicle_manoeuvre_historic,vehicle_manoeuvre,vehicle_direction_from,vehicle_direction_to,vehicle_location_restricted_lane_historic,vehicle_location_restricted_lane,junction_location,skidding_and_overturning,hit_object_in_carriageway,vehicle_leaving_carriageway,hit_object_off_carriageway,first_point_of_impact,vehicle_left_hand_drive,journey_purpose_of_driver_historic,journey_purpose_of_driver,sex_of_driver,age_of_driver,age_band_of_driver,engine_capacity_cc,propulsion_code,age_of_vehicle,generic_make_model,driver_imd_decile,lsoa_of_driver,escooter_flag,driver_distance_banding
2025531545985,2025,531545985,2,9,0,-1,9,4,2,-1,0,8,0,0,0,0,4,1,-1,9,2,63,9,-1,-1,-1,-1,6,E01034794,0,1
2025531545994,2025,531545994,1,19,0,-1,19,6,2,-1,0,0,0,0,0,0,1,1,-1,9,1,30,6,-1,-1,-1,-1,6,E01022271,0,2
2025531545994,2025,531545994,2,9,0,-1,19,2,6,-1,0,0,0,0,1,0,1,1,-1,9,2,20,4,-1,-1,-1,-1,5,E01022250,0,3
2025531546222,2025,531546222,1,9,0,-1,9,8,5,-1,0,1,0,0,0,0,1,9,-1,6,3,50,8,-1,-1,-1,-1,-1,-1,0,-1
2025531546339,2025,531546339,2,9,0,-1,19,3,7,-1,0,8,0,0,0,0,0,9,-1,6,1,35,6,-1,-1,-1,-1,6,E01034794,0,3
2025531546339,2025,531546339,1,9,0,-1,19,3,7,-1,0,8,1,7,7,1,1,1,-1,6,1,36,7,-1,-1,-1,-1,4,E01014488,0,4
2025531546365,2025,531546365,2,9,0,-1,19,7,3,-1,0,3,0,0,0,0,4,1,-1,9,2,34,6,-1,-1,-1,-1,7,E01032412,0,2
2025531546365,2025,531546365,1,9,0,-1,19,7,3,-1,0,8,0,0,0,0,3,1,-1,6,2,41,7,-1,-1,-1,-1,3,E01022134,0,3
2025531546373,2025,531546373,2,9,0,-1,19,4,8,-1,0,8,0,0,0,0,1,1,-1,9,1,75,10,-1,-1,-1,-1,-1,-1,0,-1
2025531546373,2025,531546373,1,98,0,-1,9,8,6,-1,0,8,0,0,0,0,3,1,-1,6,1,68,10,-1,-1,-1,-1,4,E01022265,0,3
2025531546761,2025,531546761,1,9,0,-1,9,7,5,-1,0,2,0,0,7,0,1,1,-1,1,1,25,5,-1,-1,-1,-1,4,E01022424,0,3
2025531546787,2025,531546787,1,9,0,-1,19,5,1,-1,0,2,0,0,0,0,3,1,-1,6,1,75,10,-1,-1,-1,-1,9,E01022137,0,1
2025531547084,2025,531547084,1,9,0,-1,19,7,3,-1,0,0,1,0,7,0,1,1,-1,2,1,66,10,-1,-1,-1,-1,5,E01032198,0,3
2025531547084,2025,531547084,2,9,0,-1,19,3,7,-1,0,0,1,0,0,0,1,1,-1,2,1,43,7,-1,-1,-1,-1,3,E01022237,0,3
2025531547197,2025,531547197,1,9,0,-1,19,5,1,-1,0,2,0,0,0,0,1,1,-1,9,1,62,9,-1,-1,-1,-1,9,E01022140,0,1
2025531547518,2025,531547518,1,9,0,-1,7,2,8,-1,0,5,0,0,0,0,1,1,-1,9,2,66,10,-1,-1,-1,-1,1,E01022323,0,1
2025531547518,2025,531547518,2,3,0,-1,19,6,2,-1,0,1,5,0,0,0,1,1,-1,2,1,21,5,-1,-1,-1,-1,5,E01022428,0,2
2025531547545,2025,531547545,1,98,0,-1,5,2,8,-1,0,8,0,0,0,0,1,1,-1,1,1,29,6,-1,-1,-1,-1,7,E01032398,0,4
2025531547545,2025,531547545,2,9,0,-1,19,8,4,-1,0,8,0,0,0,0,1,1,-1,9,1,30,6,-1,-1,-1,-1,9,E01025642,0,4
2025531547983,2025,531547983,2,1,0,-1,9,8,6,-1,0,1,5,0,0,0,1,1,-1,7,1,28,6,-1,-1,-1,-1,7,E01022117,0,1
2025531547983,2025,531547983,1,9,0,-1,9,2,8,-1,-1,1,0,0,0,0,1,9,-1,6,3,-1,-1,-1,-1,-1,-1,-1,-1,0,-1
2025531548295,2025,531548295,2,98,0,-1,10,5,3,-1,0,1,0,0,0,0,2,1,-1,1,1,23,5,-1,-1,-1,-1,9,E01022431,0,2
2025531548295,2025,531548295,1,4,0,-1,19,5,1,-1,0,1,5,0,0,0,1,1,-1,6,1,43,7,-1,-1,-1,-1,5,E01022440,0,2
2025531548326,2025,531548326,1,9,0,-1,9,5,3,-1,0,5,0,0,0,0,1,1,-1,9,1,39,7,-1,-1,-1,-1,4,E01022326,0,1
2025531548326,2025,531548326,2,1,0,-1,19,1,5,-1,0,8,0,0,0,0,1,1,-1,2,1,42,7,-1,-1,-1,-1,1,E01022311,0,1
2025531548486,2025,531548486,3,98,0,-1,4,8,4,-1,0,1,0,0,0,0,1,1,-1,1,1,51,8,-1,-1,-1,-1,6,E01022261,0,1
2025531548486,2025,531548486,2,98,0,-1,19,4,8,-1,0,1,0,0,0,0,4,1,-1,1,1,31,6,-1,-1,-1,-1,5,E01014046,0,4
2025531548486,2025,531548486,1,9,0,-1,9,6,4,-1,0,6,0,0,0,0,1,1,-1,2,2,41,7,-1,-1,-1,-1,9,E01022305,0,3
2025531548851,2025,531548851,1,9,0,-1,19,4,8,-1,0,0,5,0,7,4,3,1,-1,9,1,22,5,-1,-1,-1,-1,6,E01015559,0,3
2025531549001,2025,531549001,2,9,0,-1,19,3,7,-1,0,1,0,0,0,0,1,1,-1,9,2,31,6,-1,-1,-1,-1,10,E01028774,0,4
2025531549001,2025,531549001,1,9,0,-1,7,4,7,-1,0,6,0,0,0,0,4,1,-1,9,1,64,9,-1,-1,-1,-1,9,E01022100,0,2
2025531549001,2025,531549001,3,9,0,-1,19,7,3,-1,0,1,0,0,0,0,1,1,-1,9,2,45,7,-1,-1,-1,-1,5,E01008960,0,4
2025531549073,2025,531549073,1,9,0,-1,19,2,6,-1,0,0,1,0,4,6,1,1,-1,9,1,53,8,-1,-1,-1,-1,7,E01022401,0,1
2025531549154,2025,531549154,1,9,0,-1,19,2,7,-1,0,0,1,0,2,4,4,1,-1,9,1,37,7,-1,-1,-1,-1,9,E01032379,0,2
2025531549258,2025,531549258,2,9,0,-1,19,2,6,-1,0,8,0,0,0,0,1,1,-1,9,1,78,11,-1,-1,-1,-1,6,E01022444,0,1
2025531549258,2025,531549258,1,98,0,-1,5,4,8,-1,0,6,0,0,0,0,2,9,-1,6,1,30,6,-1,-1,-1,-1,-1,-1,0,-1
2025531549273,2025,531549273,3,9,0,-1,19,2,6,-1,0,0,0,0,0,0,0,9,-1,6,-1,-1,-1,-1,-1,-1,-1,-1,-1,0,-1
2025531549273,2025,531549273,2,9,0,-1,19,6,2,-1,0,0,0,0,0,0,3,1,-1,9,1,37,7,-1,-1,-1,-1,6,E01034797,0,1
2025531549273,2025,531549273,1,9,0,-1,19,2,6,-1,0,0,0,0,0,0,3,1,-1,9,1,21,5,-1,-1,-1,-1,1,E01022238,0,3
2025531549325,2025,531549325,1,98,0,-1,13,6,2,-1,0,1,0,0,0,0,4,1,-1,9,1,76,11,-1,-1,-1,-1,5,E01022102,0,1
2025531549325,2025,531549325,2,-1,0,-1,12,6,2,-1,0,1,0,0,0,0,1,1,-1,9,2,26,6,-1,-1,-1,-1,8,E01022139,1,1
2025531549349,2025,531549349,1,9,0,-1,4,8,4,-1,0,6,0,0,0,0,1,1,-1,9,1,36,7,-1,-1,-1,-1,8,E01022463,0,3
2025531549488,2025,531549488,1,9,0,-1,19,7,3,-1,0,0,5,0,1,0,4,1,-1,9,2,58,9,-1,-1,-1,-1,5,E01022268,0,1
2025531549606,2025,531549606,1,98,0,-1,19,8,4,-1,0,8,0,0,0,0,1,9,-1,6,1,58,9,-1,-1,-1,-1,7,E01022247,0,2
2025531549646,2025,531549646,1,98,0,-1,19,7,3,-1,0,0,0,0,0,0,1,1,-1,6,-1,-1,-1,-1,-1,-1,-1,-1,-1,0,-1
2025531549646,2025,531549646,2,98,0,-1,9,5,3,-1,0,0,0,0,0,0,3,1,-1,1,1,56,9,-1,-1,-1,-1,-1,-1,0,-1
2025531549713,2025,531549713,2,9,0,-1,19,6,3,-1,0,3,0,0,1,7,3,1,-1,2,2,37,7,-1,-1,-1,-1,7,E01022277,0,2
2025531549713,2025,531549713,1,9,0,-1,19,6,3,-1,0,3,0,0,1,7,4,1,-1,2,2,38,7,-1,-1,-1,-1,6,E01022249,0,4
2025531549987,2025,531549987,1,9,0,-1,5,4,8,-1,-1,1,1,0,7,4,1,1,-1,9,1,18,4,-1,-1,-1,-1,6,E01034794,0,1
2025531550071,2025,531550071,2,1,0,-1,19,3,7,-1,9,0,0,0,0,0,1,1,-1,6,1,20,4,-1,-1,-1,-1,10,E01034779,0,1
2025531550071,2025,531550071,1,9,0,-1,7,1,5,-1,0,0,0,0,0,0,3,1,-1,6,2,59,9,-1,-1,-1,-1,3,E01022121,0,1
2025531550245,2025,531550245,1,9,0,-1,19,4,8,-1,0,2,0,0,0,0,3,1,-1,2,1,24,5,-1,-1,-1,-1,6,E01015019,0,3
2025531550245,2025,531550245,2,98,0,-1,19,3,6,-1,0,1,0,0,7,4,1,1,-1,1,1,25,5,-1,-1,-1,-1,9,E01022363,0,2
2025531550357,2025,531550357,1,9,0,-1,19,3,7,-1,0,0,5,0,2,3,1,1,-1,2,2,22,5,-1,-1,-1,-1,5,E01022258,0,2
2025531550494,2025,531550494,2,1,-1,-1,-1,-1,-1,-1,-1,0,0,0,0,0,-1,1,-1,9,1,11,3,-1,-1,-1,-1,6,E01022169,0,1
2025531550494,2025,531550494,1,9,0,-1,19,5,1,-1,0,0,0,0,0,0,-1,9,-1,6,3,-1,-1,-1,-1,-1,-1,-1,-1,0,-1
2025531550542,2025,531550542,2,1,0,-1,19,4,8,-1,0,8,5,0,0,0,4,1,-1,2,1,40,7,-1,-1,-1,-1,7,E01034807,0,1
2025531550542,2025,531550542,1,9,0,-1,7,6,8,-1,0,6,0,0,0,0,1,1,-1,2,1,39,7,-1,-1,-1,-1,8,E01022278,0,1
2025531550800,2025,531550800,1,20,0,-1,3,6,2,-1,0,4,0,0,0,0,1,9,-1,6,3,-1,-1,-1,-1,-1,-1,-1,-1,0,-1
2025531550800,2025,531550800,2,9,0,-1,3,6,2,-1,0,4,0,0,0,0,2,9,-1,1,2,37,7,-1,-1,-1,-1,8,W01001000,0,4
2025531550857,2025,531550857,2,22,0,-1,3,6,2,-1,9,0,0,0,0,0,1,1,-1,6,2,60,9,-1,-1,-1,-1,7,E01022165,0,1
2025531550857,2025,531550857,1,98,0,-1,1,8,4,-1,9,0,0,0,0,0,2,9,-1,6,3,-1,-1,-1,-1,-1,-1,-1,-1,0,-1
2025531550932,2025,531550932,1,9,0,-1,19,8,4,-1,0,8,0,0,1,4,1,1,-1,6,1,86,11,-1,-1,-1,-1,10,E01022111,0,4
2025531550956,2025,531550956,1,9,0,-1,9,3,2,-1,0,4,0,0,0,0,4,1,-1,2,2,20,4,-1,-1,-1,-1,5,E01022440,0,2
2025531550956,2025,531550956,2,97,0,-1,19,7,3,-1,0,8,0,0,0,0,1,1,-1,9,1,25,5,-1,-1,-1,-1,5,E01022441,0,1
2025531551169,2025,531551169,2,9,0,-1,9,6,2,-1,0,1,0,0,0,0,2,1,-1,9,2,52,8,-1,-1,-1,-1,8,W01001583,0,2
2025531551169,2025,531551169,1,9,0,-1,19,6,2,-1,0,1,1,0,0,0,1,1,-1,9,1,44,7,-1,-1,-1,-1,10,W01001586,0,1
2025531551208,2025,531551208,1,9,0,-1,19,6,2,-1,0,0,0,0,0,0,1,1,-1,6,1,55,8,-1,-1,-1,-1,9,E01022378,0,2
2025531551208,2025,531551208,2,9,0,-1,4,6,2,-1,0,0,0,0,0,0,2,9,-1,6,2,46,8,-1,-1,-1,-1,1,E01022329,0,1
2025531551383,2025,531551383,1,9,0,-1,12,6,2,-1,0,0,0,0,4,0,1,1,-1,1,1,34,6,-1,-1,-1,-1,4,E01028036,0,5
2025531551397,2025,531551397,1,19,0,-1,19,3,7,-1,0,0,0,0,0,0,4,1,-1,1,1,37,7,-1,-1,-1,-1,1,E01009952,0,4
2025531551457,2025,531551457,2,9,0,-1,4,5,1,-1,0,0,0,0,0,0,2,1,-1,2,2,67,10,-1,-1,-1,-1,7,E01022414,0,1
2025531551457,2025,531551457,3,9,0,-1,19,1,5,-1,0,0,0,0,0,0,1,1,-1,7,1,54,8,-1,-1,-1,-1,8,E01022385,0,2
2025531551457,2025,531551457,1,9,0,-1,19,5,1,-1,0,0,0,0,0,0,1,1,-1,9,1,78,11,-1,-1,-1,-1,9,E01022404,0,1
2025531551497,2025,531551497,1,9,0,-1,14,6,2,-1,0,0,0,0,0,0,1,1,-1,1,1,69,10,-1,-1,-1,-1,5,E01020174,0,5
2025531551497,2025,531551497,3,9,0,-1,19,2,6,-1,0,0,0,0,1,0,1,1,-1,9,1,35,6,-1,-1,-1,-1,8,E01032938,0,1
2025531551497,2025,531551497,2,9,0,-1,2,6,2,-1,0,0,0,0,0,0,2,1,-1,9,2,29,6,-1,-1,-1,-1,2,E01022458,0,1
2025531551800,2025,531551800,1,9,0,-1,19,8,7,-1,0,2,0,0,0,0,1,1,-1,9,2,43,7,-1,-1,-1,-1,7,E01022405,0,1
2025531552026,2025,531552026,1,9,0,-1,19,2,5,-1,0,0,0,0,0,0,1,1,-1,9,1,57,9,-1,-1,-1,-1,4,E01022301,0,3
2025531552033,2025,531552033,2,19,0,-1,10,3,7,-1,0,1,0,0,0,0,2,1,-1,9,1,61,9,-1,-1,-1,-1,6,E01022253,0,1
2025531552033,2025,531552033,1,9,0,-1,19,3,7,-1,0,1,0,0,1,0,1,1,-1,9,1,33,6,-1,-1,-1,-1,8,E01022447,0,4
2025531552068,2025,531552068,1,9,0,-1,7,4,5,-1,0,1,0,0,6,1,1,1,-1,9,1,43,7,-1,-1,-1,-1,3,E01034038,0,5
2025531552189,2025,531552189,1,9,0,-1,19,5,1,-1,0,0,5,0,1,9,1,1,-1,9,1,21,5,-1,-1,-1,-1,8,E01014510,0,4
2025531552354,2025,531552354,1,-1,0,-1,19,4,8,-1,0,0,0,0,0,0,0,1,-1,6,2,61,9,-1,-1,-1,-1,9,E01022129,1,1
2025531552430,2025,531552430,1,9,0,-1,19,7,4,-1,0,0,0,0,2,4,4,1,-1,9,1,47,8,-1,-1,-1,-1,6,E01022222,0,2
2025531552799,2025,531552799,1,9,0,-1,3,7,1,-1,0,6,0,0,0,0,3,1,-1,9,1,82,11,-1,-1,-1,-1,9,W01001640,0,4
2025531552799,2025,531552799,2,9,0,-1,19,1,5,-1,0,2,0,0,0,0,1,1,-1,9,2,23,5,-1,-1,-1,-1,8,E01022191,0,4
2025531552815,2025,531552815,1,5,0,-1,19,7,3,-1,0,4,0,0,0,0,1,1,-1,6,1,34,6,-1,-1,-1,-1,10,E01022138,0,1
2025531552874,2025,531552874,2,-1,0,-1,19,3,7,-1,0,3,0,0,0,0,4,1,-1,1,2,23,5,-1,-1,-1,-1,2,E01022131,1,1
2025531552874,2025,531552874,1,9,0,-1,19,5,1,-1,0,4,0,0,0,0,1,9,-1,6,3,-1,-1,-1,-1,-1,-1,-1,-1,0,-1
2025531553235,2025,531553235,4,98,0,-1,19,6,2,-1,0,0,0,0,0,0,1,1,-1,1,1,54,8,-1,-1,-1,-1,2,E01011907,0,5
2025531553235,2025,531553235,2,98,1,-1,19,2,6,-1,0,0,0,0,0,0,3,1,-1,6,-1,-1,-1,-1,-1,-1,-1,-1,-1,0,-1
2025531553235,2025,531553235,3,9,0,-1,19,6,2,-1,0,0,0,0,0,0,1,1,-1,2,2,31,6,-1,-1,-1,-1,9,E01022316,0,1
2025531553235,2025,531553235,1,9,0,-1,19,2,6,-1,0,0,0,0,0,0,1,1,-1,6,1,51,8,-1,-1,-1,-1,3,W01001577,0,4
2025531553251,2025,531553251,1,9,0,-1,19,3,7,-1,0,8,0,0,0,0,1,1,-1,6,1,65,9,-1,-1,-1,-1,3,E01022375,0,1
2025531553251,2025,531553251,2,9,0,-1,19,1,5,-1,0,8,0,0,0,0,1,1,-1,1,1,27,6,-1,-1,-1,-1,10,E01031948,0,4
2025531553595,2025,531553595,1,9,0,-1,19,7,3,-1,0,0,5,0,1,0,0,9,-1,6,1,58,9,-1,-1,-1,-1,10,E01014417,0,4
2025531553629,2025,531553629,2,9,0,-1,9,6,3,-1,0,3,0,0,0,0,2,1,-1,6,2,54,8,-1,-1,-1,-1,2,E01022160,0,1
2025531553629,2025,531553629,1,1,0,-1,7,3,6,-1,-1,-1,0,0,0,0,-1,1,-1,7,1,15,3,-1,-1,-1,-1,6,E01034778,0,1
2025531553884,2025,531553884,2,9,0,-1,19,4,8,-1,0,2,0,0,7,10,3,1,-1,6,1,24,5,-1,-1,-1,-1,5,E01022268,0,2
2025531553884,2025,531553884,1,9,0,-1,19,6,2,-1,0,1,0,0,3,11,1,1,-1,6,2,59,9,-1,-1,-1,-1,3,E01022254,0,2
2025531554058,2025,531554058,2,9,0,-1,19,3,7,-1,0,1,0,0,7,0,4,1,-1,9,2,28,6,-1,-1,-1,-1,8,E01022447,0,1
2025531554058,2025,531554058,1,9,0,-1,6,5,1,-1,0,8,0,0,0,0,3,1,-1,9,1,47,8,-1,-1,-1,-1,1,E01009476,0,4
2025531554111,2025,531554111,2,90,1,-1,2,0,0,-1,-1,0,0,0,0,0,3,1,-1,1,1,42,7,-1,-1,-1,-1,1,E01028311,0,5
2025531554111,2025,531554111,1,90,0,-1,19,6,2,-1,0,0,0,0,1,10,1,1,-1,1,1,38,7,-1,-1,-1,-1,8,E01014863,0,4
2025531554788,2025,531554788,1,9,0,-1,19,6,2,-1,0,8,0,0,0,0,1,1,-1,6,1,55,8,-1,-1,-1,-1,10,E01033252,0,4
2025531554788,2025,531554788,2,9,0,-1,19,1,5,-1,0,8,0,0,0,0,4,1,-1,6,1,58,9,-1,-1,-1,-1,10,E01032348,0,1
2025531554789,2025,531554789,1,9,0,-1,19,1,5,-1,0,0,2,0,0,0,4,1,-1,9,1,27,6,-1,-1,-1,-1,5,E01020177,0,5
2025531555007,2025,531555007,1,9,0,-1,19,4,1,-1,0,0,0,0,1,4,4,1,-1,9,1,17,4,-1,-1,-1,-1,10,E01022354,0,3
2025531555164,2025,531555164,2,9,0,-1,19,8,4,-1,0,1,0,0,0,0,3,1,-1,7,2,44,7,-1,-1,-1,-1,4,E01022149,0,1
2025531555164,2025,531555164,3,9,0,-1,3,2,6,-1,0,1,0,0,0,0,3,1,-1,6,2,77,11,-1,-1,-1,-1,-1,-1,0,-1
2025531555164,2025,531555164,1,9,0,-1,5,6,2,-1,0,1,0,0,0,0,1,1,-1,2,2,55,8,-1,-1,-1,-1,6,E01034777,0,1
2025531555695,2025,531555695,1,19,0,-1,5,6,4,-1,0,0,0,0,0,0,3,1,-1,1,1,56,9,-1,-1,-1,-1,5,E01029208,0,5
2025531555695,2025,531555695,2,97,0,-1,19,4,8,-1,0,0,0,0,0,0,1,1,-1,1,2,58,9,-1,-1,-1,-1,6,E01022271,0,1
2025531555736,2025,531555736,1,9,0,-1,8,1,5,-1,0,0,0,0,0,0,3,1,-1,6,2,56,9,-1,-1,-1,-1,10,E01022197,0,3
2025531555736,2025,531555736,2,1,0,-1,14,1,5,-1,0,0,0,0,0,0,4,1,-1,2,1,50,8,-1,-1,-1,-1,7,E01022449,0,3
2025531555785,2025,531555785,1,9,0,-1,19,1,5,-1,0,0,5,11,0,0,1,1,-1,2,1,52,8,-1,-1,-1,-1,7,E01022252,0,1
2025531556097,2025,531556097,1,9,0,-1,19,1,5,-1,0,8,0,0,0,0,4,1,-1,6,2,46,8,-1,-1,-1,-1,10,E01022128,0,1
2025531556097,2025,531556097,2,9,0,-1,9,3,1,-1,0,8,0,0,0,0,1,1,-1,9,1,31,6,-1,-1,-1,-1,7,E01022345,0,3
2025531556175,2025,531556175,1,98,0,-1,9,3,1,-1,0,2,0,0,0,0,1,1,-1,1,1,57,9,-1,-1,-1,-1,10,E01030903,0,5
2025531556175,2025,531556175,2,9,4,-1,8,1,3,-1,0,1,0,0,0,0,3,1,-1,1,1,53,8,-1,-1,-1,-1,4,E01014026,0,4
2025531556175,2025,531556175,3,9,0,-1,10,1,7,-1,0,1,0,0,0,0,1,1,-1,6,1,61,9,-1,-1,-1,-1,5,E01014014,0,3
2025531556457,2025,531556457,1,19,0,-1,5,3,7,-1,0,1,0,0,0,0,2,1,-1,6,1,47,8,-1,-1,-1,-1,3,E01022159,0,1
2025531556457,2025,531556457,2,9,0,-1,4,3,7,-1,0,1,0,0,0,0,2,1,-1,6,2,24,5,-1,-1,-1,-1,9,E01022108,0,1
2025531556493,2025,531556493,2,1,0,-1,6,5,3,-1,0,2,0,0,0,0,3,1,-1,9,2,8,2,-1,-1,-1,-1,6,E01022341,0,1
2025531556493,2025,531556493,1,-1,0,-1,19,5,1,-1,0,2,0,0,0,0,1,1,-1,6,3,-1,-1,-1,-1,-1,-1,-1,-1,1,-1
2025531556497,2025,531556497,1,3,0,-1,19,7,3,-1,0,8,2,0,0,0,1,1,-1,6,1,17,4,-1,-1,-1,-1,10,E01034779,0,1
2025531556497,2025,531556497,2,98,0,-1,5,1,5,-1,0,8,0,0,0,0,3,1,-1,2,1,70,10,-1,-1,-1,-1,6,E01022154,0,1
2025531556531,2025,531556531,1,9,0,-1,13,8,5,-1,0,8,0,0,0,0,-1,9,-1,6,1,68,10,-1,-1,-1,-1,9,E01022363,0,3
2025531556531,2025,531556531,2,9,0,-1,5,8,5,-1,0,8,0,0,0,0,3,1,-1,9,1,46,8,-1,-1,-1,-1,10,E01022339,0,1
2025531556531,2025,531556531,3,9,0,-1,9,5,3,-1,0,2,0,0,0,0,0,9,-1,6,-1,-1,-1,-1,-1,-1,-1,-1,-1,0,-1
2025531556820,2025,531556820,1,9,0,-1,19,2,6,-1,0,0,0,0,0,0,1,1,-1,6,2,25,5,-1,-1,-1,-1,9,E01022305,0,1
2025531556820,2025,531556820,2,9,0,-1,4,2,6,-1,0,0,0,0,0,0,2,1,-1,6,2,21,5,-1,-1,-1,-1,10,E01022315,0,1
2025531556945,2025,531556945,2,9,0,-1,19,1,5,-1,0,1,0,0,0,0,1,1,-1,6,1,29,6,-1,-1,-1,-1,3,W01000658,0,5
2025531556945,2025,531556945,1,9,0,-1,5,3,7,-1,0,6,0,0,0,0,1,1,-1,6,1,79,11,-1,-1,-1,-1,3,E01022375,0,2
2025531557364,2025,531557364,3,9,0,-1,19,5,1,-1,0,1,0,0,0,0,1,1,-1,6,2,30,6,-1,-1,-1,-1,7,E01033133,0,5
2025531557364,2025,531557364,1,9,0,-1,19,1,5,-1,0,1,0,0,1,0,1,1,-1,6,2,48,8,-1,-1,-1,-1,8,E01032705,0,4
2025531557364,2025,531557364,2,9,0,-1,10,1,7,-1,0,5,0,0,3,0,2,1,-1,9,1,66,10,-1,-1,-1,-1,4,E01022124,0,2
2025531557417,2025,531557417,3,9,0,-1,3,5,1,-1,0,1,0,4,0,0,2,1,-1,9,1,36,7,-1,-1,-1,-1,7,E01032398,0,4
2025531557417,2025,531557417,1,9,0,-1,19,5,1,-1,0,1,0,0,0,0,1,1,-1,6,1,32,6,-1,-1,-1,-1,7,E01034785,0,2
2025531557417,2025,531557417,2,9,0,-1,19,5,1,-1,0,1,0,0,0,0,2,1,-1,9,2,28,6,-1,-1,-1,-1,5,E01029345,0,4
2025531557481,2025,531557481,1,9,0,-1,19,7,3,-1,0,2,0,0,0,0,1,1,-1,9,1,70,10,-1,-1,-1,-1,10,E01028775,0,4
2025531557671,2025,531557671,1,19,0,-1,19,3,7,-1,0,6,0,0,0,0,1,9,-1,6,3,-1,-1,-1,-1,-1,-1,-1,-1,0,-1
2025531557671,2025,531557671,2,9,0,-1,19,1,5,-1,0,1,0,0,0,0,4,1,-1,6,2,28,6,-1,-1,-1,-1,8,E01032388,0,4
2025531558101,2025,531558101,2,9,0,-1,19,6,2,-1,0,1,0,0,0,0,1,1,-1,9,1,70,10,-1,-1,-1,-1,1,E01022323,0,1
2025531558101,2025,531558101,1,9,0,-1,19,4,8,-1,0,1,0,0,0,0,1,1,-1,9,1,76,11,-1,-1,-1,-1,6,E01022338,0,2
2025531558112,2025,531558112,1,16,0,-1,5,2,6,-1,0,6,0,0,0,0,1,1,-1,9,2,15,3,-1,-1,-1,-1,7,E01022234,0,2
2025531558112,2025,531558112,2,19,0,-1,19,4,8,-1,0,8,0,0,0,0,3,1,-1,2,1,37,7,-1,-1,-1,-1,5,E01022250,0,2
2025531558235,2025,531558235,1,1,0,-1,19,8,4,-1,2,0,0,0,0,0,1,1,-1,6,1,16,4,-1,-1,-1,-1,6,E01032935,0,1
2025531558235,2025,531558235,2,1,0,-1,9,5,4,-1,2,0,0,0,0,0,1,1,-1,2,1,30,6,-1,-1,-1,-1,6,E01022341,0,1
2025531558740,2025,531558740,1,9,0,-1,19,3,6,-1,0,0,1,0,1,4,1,1,-1,9,1,18,4,-1,-1,-1,-1,10,E01032940,0,1
2025531558849,2025,531558849,1,9,0,-1,19,5,1,-1,0,0,0,0,0,0,4,1,-1,2,2,34,6,-1,-1,-1,-1,5,E01022361,0,1
2025531558888,2025,531558888,2,9,0,-1,4,7,3,-1,0,0,0,0,0,0,2,1,-1,9,1,35,6,-1,-1,-1,-1,6,E01034798,0,2
2025531558888,2025,531558888,1,9,0,-1,19,7,3,-1,0,0,0,0,0,0,1,1,-1,7,2,18,4,-1,-1,-1,-1,3,E01022294,0,1
2025531559080,2025,531559080,1,9,0,-1,19,2,6,-1,9,0,5,0,8,11,1,2,-1,9,2,67,10,-1,-1,-1,-1,9,E01022108,0,1
2025531559083,2025,531559083,1,9,0,-1,19,3,7,-1,0,0,0,0,0,0,1,1,-1,6,2,55,8,-1,-1,-1,-1,7,E01022127,0,1
2025531559083,2025,531559083,2,9,0,-1,4,3,7,-1,0,0,0,0,0,0,2,1,-1,6,1,46,8,-1,-1,-1,-1,-1,-1,0,-1
2025531559166,2025,531559166,3,9,0,-1,5,1,5,-1,0,6,0,0,0,0,0,1,-1,9,2,25,5,-1,-1,-1,-1,6,E01032417,0,4
2025531559166,2025,531559166,2,97,0,-1,19,2,6,-1,0,1,0,0,0,0,3,1,-1,9,2,60,9,-1,-1,-1,-1,3,E01022159,0,1
2025531559166,2025,531559166,1,9,0,-1,13,2,6,-1,0,1,0,0,0,0,4,1,-1,9,1,43,7,-1,-1,-1,-1,3,E01022121,0,1
2025531559464,2025,531559464,3,9,0,-1,3,5,1,-1,0,0,0,0,0,0,2,1,-1,6,2,67,10,-1,-1,-1,-1,2,E01022284,0,3
2025531559464,2025,531559464,2,9,0,-1,4,5,1,-1,0,0,0,0,0,0,2,1,-1,6,2,48,8,-1,-1,-1,-1,1,E01034793,0,3
2025531559464,2025,531559464,1,9,0,-1,19,5,1,-1,0,0,0,0,0,0,1,1,-1,9,2,72,10,-1,-1,-1,-1,5,E01022312,0,2
2025531559594,2025,531559594,1,9,0,-1,19,8,4,-1,0,0,0,0,0,0,1,1,-1,9,2,45,7,-1,-1,-1,-1,7,E01034784,0,1
2025531559594,2025,531559594,2,90,0,-1,19,8,4,-1,0,0,0,0,0,0,2,1,-1,1,1,43,7,-1,-1,-1,-1,7,E01033431,0,4
2025531559594,2025,531559594,3,9,0,-1,19,8,4,-1,0,0,0,0,0,0,0,9,-1,6,-1,-1,-1,-1,-1,-1,-1,-1,-1,0,-1
2025531559640,2025,531559640,2,9,0,-1,19,3,7,-1,0,1,0,0,0,0,3,1,-1,1,2,31,6,-1,-1,-1,-1,6,E01032935,0,2
2025531559640,2025,531559640,1,9,0,-1,19,3,7,-1,0,1,0,0,0,0,4,1,-1,9,2,17,4,-1,-1,-1,-1,6,E01022261,0,3