collision_index,collision_year,collision_ref_no,vehicle_reference,vehicle_type,towing_and_articulation,vehicle_manoeuvre_historic,vehicle_manoeuvre,vehicle_direction_from,vehicle_direction_to,vehicle_location_restricted_lane_historic,vehicle_location_restricted_lane,junction_location,skidding_and_overturning,hit_object_in_carriageway,vehicle_leaving_carriageway,hit_object_off_carriageway,first_point_of_impact,vehicle_left_hand_drive,journey_purpose_of_driver_historic,journey_purpose_of_driver,sex_of_driver,age_of_driver,age_band_of_driver,engine_capacity_cc,propulsion_code,age_of_vehicle,generic_make_model,driver_imd_decile,lsoa_of_driver,escooter_flag,driver_distance_banding
2025531595528,2025,531595528,1,9,0,-1,9,5,2,-1,0,6,0,0,0,0,4,1,-1,9,2,63,9,-1,-1,-1,-1,4,E01022240,0,1
2025531595528,2025,531595528,2,5,0,-1,19,2,6,-1,0,1,2,0,7,0,1,1,-1,9,1,34,6,-1,-1,-1,-1,7,E01022239,0,1
2025531595687,2025,531595687,1,4,0,-1,19,7,3,-1,0,0,2,10,1,0,1,1,-1,9,2,34,6,-1,-1,-1,-1,10,E01014885,0,3
2025531595850,2025,531595850,1,20,0,-1,19,2,6,-1,0,0,0,0,0,0,1,1,-1,1,1,26,6,-1,-1,-1,-1,2,E01034669,0,5
2025531596202,2025,531596202,2,9,0,-1,19,5,8,-1,0,4,2,0,0,0,2,1,-1,6,2,36,7,-1,-1,-1,-1,6,E01022351,0,1
2025531596202,2025,531596202,1,9,0,-1,19,4,1,-1,0,4,0,0,0,0,1,1,-1,6,1,59,9,-1,-1,-1,-1,10,E01014878,0,4
2025531596281,2025,531596281,1,5,0,-1,19,5,1,-1,0,8,0,0,0,0,1,1,-1,2,1,68,10,-1,-1,-1,-1,7,E01014890,0,4
2025531596281,2025,531596281,2,9,0,-1,7,5,7,-1,0,8,0,0,0,0,1,1,-1,2,1,28,6,-1,-1,-1,-1,8,E01022141,0,3
2025531596576,2025,531596576,2,9,0,-1,3,3,7,-1,0,0,0,0,0,0,3,1,-1,9,2,72,10,-1,-1,-1,-1,9,E01022283,0,1
2025531596576,2025,531596576,1,90,0,-1,19,7,3,-1,0,0,0,0,0,0,3,1,-1,9,1,84,11,-1,-1,-1,-1,7,E01022303,0,1
2025531596926,2025,531596926,2,9,0,-1,19,2,6,-1,0,0,0,0,0,0,2,1,-1,9,2,26,6,-1,-1,-1,-1,3,E01015096,0,5
2025531596926,2025,531596926,1,9,0,-1,19,2,6,-1,0,0,0,0,1,0,1,1,-1,9,1,81,11,-1,-1,-1,-1,6,E01010358,0,4
2025531596926,2025,531596926,3,9,0,-1,19,2,6,-1,0,0,0,0,0,0,4,1,-1,9,1,40,7,-1,-1,-1,-1,9,E01022340,0,1
2025531596939,2025,531596939,2,9,0,-1,19,3,7,-1,0,7,0,0,0,0,4,1,-1,9,1,83,11,-1,-1,-1,-1,2,E01022289,0,1
2025531596939,2025,531596939,1,1,0,-1,19,3,7,-1,0,1,0,0,0,0,1,1,-1,6,1,44,7,-1,-1,-1,-1,6,E01034796,0,1
2025531597611,2025,531597611,2,9,0,-1,4,7,3,-1,0,0,0,0,0,0,2,1,-1,6,1,28,6,-1,-1,-1,-1,7,E01033861,0,4
2025531597611,2025,531597611,1,9,0,-1,19,7,3,-1,0,0,0,0,0,0,1,1,-1,6,2,21,5,-1,-1,-1,-1,4,E01014086,0,4
2025531597699,2025,531597699,2,1,0,-1,19,7,3,-1,0,8,0,0,0,0,1,1,-1,9,1,40,7,-1,-1,-1,-1,9,E01022204,0,3
2025531597699,2025,531597699,1,9,0,-1,9,3,1,-1,0,8,0,0,0,0,3,1,-1,9,2,53,8,-1,-1,-1,-1,10,E01033103,0,5
2025531597840,2025,531597840,1,9,0,-1,19,5,1,-1,0,0,0,0,1,0,1,1,-1,9,2,66,10,-1,-1,-1,-1,6,E01022267,0,2
2025531597930,2025,531597930,1,9,0,-1,19,3,7,-1,0,1,0,0,0,0,4,9,-1,9,1,65,9,-1,-1,-1,-1,7,E01022373,0,1
2025531598025,2025,531598025,2,9,0,-1,10,7,5,-1,0,5,0,0,0,0,1,1,-1,9,2,35,6,-1,-1,-1,-1,6,E01032933,0,1
2025531598025,2025,531598025,1,9,0,-1,9,1,7,-1,0,1,0,0,0,0,1,1,-1,9,2,37,7,-1,-1,-1,-1,3,E01022294,0,1
2025531598514,2025,531598514,1,9,0,-1,19,2,8,-1,0,0,1,0,0,0,1,1,-1,2,1,18,4,-1,-1,-1,-1,5,E01022296,0,4
2025531598514,2025,531598514,2,9,0,-1,19,7,3,-1,0,0,0,0,7,9,1,1,-1,2,2,35,6,-1,-1,-1,-1,6,E01022249,0,1
2025531598864,2025,531598864,2,1,0,-1,19,6,2,-1,4,8,0,0,0,0,4,1,-1,2,1,28,6,-1,-1,-1,-1,7,E01034807,0,1
2025531598864,2025,531598864,1,19,-1,-1,7,8,3,-1,4,4,0,0,0,0,1,9,-1,6,1,-1,-1,-1,-1,-1,-1,-1,-1,0,-1
2025531599188,2025,531599188,1,9,0,-1,13,4,8,-1,0,8,0,0,0,0,1,1,-1,9,1,63,9,-1,-1,-1,-1,10,E01022112,0,1
2025531599188,2025,531599188,2,-1,0,-1,9,6,4,-1,0,2,0,0,0,0,3,1,-1,9,2,18,4,-1,-1,-1,-1,10,E01022168,1,1
2025531599442,2025,531599442,1,9,0,-1,19,3,8,-1,0,4,0,0,3,0,3,9,-1,1,2,40,7,-1,-1,-1,-1,6,E01022211,0,4
2025531599442,2025,531599442,2,3,0,-1,19,1,5,-1,0,4,5,0,0,0,1,1,-1,6,1,32,6,-1,-1,-1,-1,10,E01034779,0,1
2025531599655,2025,531599655,1,3,0,-1,9,1,5,-1,0,5,1,0,0,0,3,1,-1,2,1,33,6,-1,-1,-1,-1,7,E01022376,0,3
2025531601171,2025,531601171,2,9,0,-1,19,4,8,-1,0,0,5,0,0,0,1,1,-1,9,2,70,10,-1,-1,-1,-1,5,E01022383,0,1
2025531601171,2025,531601171,1,8,0,-1,19,8,4,-1,0,0,0,0,0,0,1,1,-1,1,1,40,7,-1,-1,-1,-1,5,E01014534,0,4
2025531601546,2025,531601546,1,9,0,-1,7,6,8,-1,0,6,0,0,0,0,3,1,-1,9,1,83,11,-1,-1,-1,-1,9,E01028595,0,4
2025531601546,2025,531601546,2,9,0,-1,19,8,4,-1,0,1,1,0,0,0,3,1,-1,9,2,19,4,-1,-1,-1,-1,9,E01034787,0,1
2025531601615,2025,531601615,1,9,0,-1,19,7,3,-1,0,0,2,0,7,4,1,1,-1,2,2,21,5,-1,-1,-1,-1,5,E01022383,0,1
2025531601679,2025,531601679,1,9,0,-1,19,3,7,-1,0,0,0,0,0,0,1,1,-1,9,2,74,10,-1,-1,-1,-1,10,E01022354,0,1
2025531601679,2025,531601679,2,9,0,-1,4,3,7,-1,0,0,0,0,0,0,2,1,-1,9,1,76,11,-1,-1,-1,-1,7,E01022409,0,1
2025531601760,2025,531601760,2,9,0,-1,2,0,0,-1,0,1,0,0,0,0,0,1,-1,6,-1,-1,-1,-1,-1,-1,-1,-1,-1,0,-1
2025531601760,2025,531601760,1,9,0,-1,9,7,4,-1,0,6,0,0,0,0,3,1,-1,6,1,54,8,-1,-1,-1,-1,3,E01022256,0,1
2025531602152,2025,531602152,3,9,0,-1,2,0,0,-1,0,0,0,0,0,0,0,1,-1,6,-1,-1,-1,-1,-1,-1,-1,-1,-1,0,-1
2025531602152,2025,531602152,1,9,0,-1,19,3,7,-1,0,0,0,0,0,0,1,1,-1,6,2,46,8,-1,-1,-1,-1,5,E01022218,0,3
2025531602152,2025,531602152,2,9,0,-1,19,7,3,-1,0,0,0,0,0,0,1,1,-1,6,2,20,4,-1,-1,-1,-1,6,E01022410,0,1
2025531602227,2025,531602227,1,9,0,-1,19,2,6,-1,0,8,0,0,1,11,1,9,-1,6,1,50,8,-1,-1,-1,-1,4,E01022173,0,1
2025531602227,2025,531602227,2,9,0,-1,9,6,4,-1,0,5,1,0,0,0,1,9,-1,9,2,84,11,-1,-1,-1,-1,9,E01022129,0,1
2025531602300,2025,531602300,2,9,0,-1,2,0,0,-1,0,0,0,0,0,0,3,1,-1,6,-1,-1,-1,-1,-1,-1,-1,-1,-1,0,-1
2025531602300,2025,531602300,1,9,0,-1,19,8,4,-1,0,0,0,0,0,0,3,1,-1,6,2,58,9,-1,-1,-1,-1,8,E01022139,0,1
2025531602509,2025,531602509,2,4,0,-1,19,1,6,-1,0,6,0,0,0,0,2,1,-1,9,2,53,8,-1,-1,-1,-1,2,E01022289,0,2
2025531602509,2025,531602509,1,9,0,-1,5,2,6,-1,0,6,0,0,0,0,1,1,-1,9,2,31,6,-1,-1,-1,-1,8,E01022437,0,2
2025531602630,2025,531602630,2,9,0,-1,2,0,0,-1,0,1,0,0,0,0,4,1,-1,6,-1,-1,-1,-1,-1,-1,-1,-1,-1,0,-1
2025531602630,2025,531602630,1,9,0,-1,5,5,1,-1,0,1,0,0,7,11,1,1,-1,6,1,86,11,-1,-1,-1,-1,8,E01022387,0,1
2025531602659,2025,531602659,2,9,0,-1,19,1,6,-1,0,0,0,0,0,0,1,1,-1,9,1,67,10,-1,-1,-1,-1,8,E01022184,0,2
2025531602659,2025,531602659,1,97,0,-1,19,6,1,-1,0,0,0,0,0,0,1,1,-1,6,1,55,8,-1,-1,-1,-1,7,E01019700,0,4
2025531603082,2025,531603082,2,19,0,-1,19,5,1,-1,0,1,0,0,0,0,3,1,-1,1,1,55,8,-1,-1,-1,-1,7,E01022392,0,3
2025531603082,2025,531603082,1,19,0,-1,19,1,5,-1,0,1,0,0,0,0,1,1,-1,9,1,61,9,-1,-1,-1,-1,3,E01022403,0,1
2025531603246,2025,531603246,2,3,0,-1,19,6,2,-1,0,1,0,0,0,0,1,1,-1,6,1,21,5,-1,-1,-1,-1,3,E01022159,0,1
2025531603246,2025,531603246,1,9,-1,-1,6,1,5,-1,0,2,0,0,0,0,4,9,-1,6,3,-1,-1,-1,-1,-1,-1,-1,-1,0,-1
2025531603711,2025,531603711,1,9,0,-1,12,5,1,-1,0,0,0,0,0,0,3,2,-1,2,1,70,10,-1,-1,-1,-1,7,E01022215,0,3
2025531603711,2025,531603711,2,5,0,-1,19,5,1,-1,0,0,5,0,4,10,4,1,-1,9,2,28,6,-1,-1,-1,-1,7,E01032390,0,4
2025531604205,2025,531604205,1,1,0,-1,19,3,7,-1,0,0,0,0,0,0,1,1,-1,6,1,13,3,-1,-1,-1,-1,5,E01022377,0,1
2025531604205,2025,531604205,2,9,0,-1,19,5,1,-1,0,0,0,0,0,0,3,1,-1,9,2,66,10,-1,-1,-1,-1,10,E01022389,0,1
2025531604255,2025,531604255,2,1,0,-1,19,5,1,-1,0,2,5,0,0,0,4,1,-1,6,1,74,10,-1,-1,-1,-1,7,-1,0,5
2025531604255,2025,531604255,1,9,0,-1,9,1,5,-1,0,2,0,0,0,0,1,1,-1,9,2,39,7,-1,-1,-1,-1,8,E01034781,0,4
2025531604383,2025,531604383,1,9,0,-1,5,7,3,-1,-1,0,0,0,0,0,3,1,-1,6,1,40,7,-1,-1,-1,-1,10,E01022368,0,1
2025531604383,2025,531604383,2,1,-1,-1,19,3,7,-1,-1,0,0,0,0,0,1,1,-1,6,1,59,9,-1,-1,-1,-1,8,E01022385,0,2
2025531604460,2025,531604460,1,9,0,-1,19,2,6,-1,0,0,0,0,1,10,1,1,-1,9,1,69,10,-1,-1,-1,-1,8,E01022224,0,4
2025531604480,2025,531604480,1,9,0,-1,9,2,8,-1,0,1,5,0,0,0,3,1,-1,9,2,41,7,-1,-1,-1,-1,6,E01022216,0,1
2025531604480,2025,531604480,3,19,0,-1,5,4,2,-1,0,6,0,0,0,0,0,1,-1,6,-1,-1,-1,-1,-1,-1,-1,-1,-1,0,-1
2025531604480,2025,531604480,2,9,0,-1,19,7,2,-1,0,1,0,0,0,0,1,1,-1,6,1,61,9,-1,-1,-1,-1,6,E01031209,0,4
2025531604983,2025,531604983,1,5,0,-1,15,2,6,-1,0,0,0,0,1,0,1,1,-1,6,1,22,5,-1,-1,-1,-1,6,E01022162,0,4
2025531605268,2025,531605268,1,4,0,-1,19,5,1,-1,0,0,2,0,0,0,1,1,-1,9,1,73,10,-1,-1,-1,-1,5,E01022440,0,2
2025531605268,2025,531605268,3,9,0,-1,9,5,3,-1,0,0,0,0,0,0,0,1,-1,6,1,53,8,-1,-1,-1,-1,5,E01022440,0,3
2025531605268,2025,531605268,2,9,0,-1,4,5,1,-1,0,0,0,0,0,0,2,1,-1,9,1,41,7,-1,-1,-1,-1,9,E01034814,0,2
2025531605282,2025,531605282,1,2,0,-1,5,7,3,-1,0,1,0,0,0,0,4,1,-1,6,1,19,4,-1,-1,-1,-1,1,E01032937,0,1
2025531605301,2025,531605301,1,9,0,-1,19,6,3,-1,0,0,0,0,0,0,1,1,-1,1,2,23,5,-1,-1,-1,-1,6,E01029149,0,4
2025531605394,2025,531605394,2,-1,-1,-1,3,2,6,-1,0,0,5,0,0,0,1,1,-1,2,2,22,5,-1,-1,-1,-1,6,E01022154,1,1
2025531605394,2025,531605394,1,9,-1,-1,10,8,6,-1,0,0,0,0,0,0,1,9,-1,6,3,-1,-1,-1,-1,-1,-1,-1,-1,0,-1
2025531605405,2025,531605405,2,9,0,-1,19,7,3,-1,0,1,0,0,0,0,-1,9,-1,6,3,-1,-1,-1,-1,-1,-1,-1,-1,0,-1
2025531605405,2025,531605405,1,-1,0,-1,5,7,3,-1,0,1,0,0,0,0,3,1,-1,6,1,36,7,-1,-1,-1,-1,2,E01022322,1,1
2025531605406,2025,531605406,2,1,0,-1,9,5,1,-1,0,1,0,0,0,0,3,1,-1,6,1,16,4,-1,-1,-1,-1,10,E01022167,0,1
2025531605406,2025,531605406,1,9,0,-1,15,5,1,-1,0,1,0,0,0,0,1,1,-1,1,2,51,8,-1,-1,-1,-1,10,E01022105,0,1
2025531605407,2025,531605407,1,9,0,-1,19,7,3,-1,0,1,0,0,7,0,1,1,-1,9,1,76,11,-1,-1,-1,-1,2,E01032389,0,3
2025531606141,2025,531606141,1,21,0,-1,19,4,8,-1,0,0,0,0,0,0,1,1,-1,1,1,59,9,-1,-1,-1,-1,9,E01022353,0,4
2025531606141,2025,531606141,2,9,0,-1,2,0,0,-1,0,0,0,0,0,0,2,1,-1,9,2,39,7,-1,-1,-1,-1,8,E01035255,0,4
2025531606316,2025,531606316,2,5,0,-1,3,2,6,-1,0,4,0,0,0,0,4,1,-1,1,1,31,6,-1,-1,-1,-1,4,E01022301,0,3
2025531606316,2025,531606316,1,9,0,-1,10,2,6,-1,0,4,0,0,0,0,3,1,-1,1,1,39,7,-1,-1,-1,-1,2,E01022289,0,3
2025531606368,2025,531606368,2,5,0,-1,19,1,5,-1,0,8,0,0,0,0,1,1,-1,9,1,69,10,-1,-1,-1,-1,7,E01022252,0,3
2025531606368,2025,531606368,1,9,0,-1,5,4,1,-1,0,6,0,0,0,0,1,1,-1,6,1,86,11,-1,-1,-1,-1,3,E01022254,0,2
2025531607050,2025,531607050,1,9,0,-1,19,4,8,-1,5,1,0,0,0,0,3,1,-1,6,2,80,11,-1,-1,-1,-1,9,E01022283,0,1
2025531607062,2025,531607062,2,9,0,-1,19,8,4,-1,0,4,0,0,0,0,2,1,-1,9,1,61,9,-1,-1,-1,-1,10,E01014964,0,4
2025531607062,2025,531607062,1,90,0,-1,19,8,4,-1,0,4,0,0,0,0,1,1,-1,1,1,33,6,-1,-1,-1,-1,8,E01022141,0,4
2025531607286,2025,531607286,1,9,0,-1,4,1,5,-1,0,0,5,0,0,0,1,1,-1,6,1,40,7,-1,-1,-1,-1,7,E01022416,0,1
2025531607949,2025,531607949,1,19,0,-1,19,6,3,-1,0,0,2,0,7,0,4,1,-1,6,1,52,8,-1,-1,-1,-1,7,E01034784,0,2
2025531608268,2025,531608268,2,9,0,-1,9,4,2,-1,0,6,0,0,0,0,2,1,-1,6,1,64,9,-1,-1,-1,-1,7,E01022215,0,1
2025531608268,2025,531608268,1,9,0,-1,19,4,7,-1,0,1,0,0,0,0,1,1,-1,6,1,24,5,-1,-1,-1,-1,10,E01022433,0,4
2025531608361,2025,531608361,1,9,0,-1,19,1,5,-1,0,0,0,0,1,4,1,1,-1,9,1,19,4,-1,-1,-1,-1,2,E01004055,0,5
2025531608379,2025,531608379,2,9,0,-1,19,1,5,-1,0,0,0,0,0,0,2,1,-1,9,2,60,9,-1,-1,-1,-1,4,E01022325,0,1
2025531608379,2025,531608379,1,9,0,-1,5,1,5,-1,0,0,0,0,0,0,1,1,-1,6,1,40,7,-1,-1,-1,-1,6,E01022264,0,4
2025531608383,2025,531608383,1,9,0,-1,19,1,5,-1,0,0,0,0,1,11,1,9,-1,9,1,78,11,-1,-1,-1,-1,10,E01022354,0,1
2025531608861,2025,531608861,1,9,0,-1,19,1,5,-1,0,0,0,0,0,0,1,1,-1,9,2,49,8,-1,-1,-1,-1,-1,-1,0,-1
2025531608861,2025,531608861,2,9,0,-1,19,1,5,-1,0,0,0,0,0,0,1,1,-1,9,1,59,9,-1,-1,-1,-1,3,E01022309,0,4
2025531608892,2025,531608892,2,9,0,-1,19,2,6,-1,0,8,0,0,0,0,1,1,-1,9,2,52,8,-1,-1,-1,-1,6,E01022175,0,3
2025531608892,2025,531608892,1,9,0,-1,19,8,4,-1,0,8,0,0,0,0,4,1,-1,9,1,30,6,-1,-1,-1,-1,2,E01029591,0,5
2025531609044,2025,531609044,2,3,0,-1,19,1,5,-1,0,3,0,0,0,0,4,1,-1,9,1,19,4,-1,-1,-1,-1,5,E01022440,0,1
2025531609044,2025,531609044,1,9,0,-1,5,3,7,-1,0,4,0,0,0,0,1,1,-1,9,1,53,8,-1,-1,-1,-1,-1,-1,0,-1
2025531609308,2025,531609308,1,9,0,-1,19,5,1,-1,0,0,5,7,0,0,1,1,-1,9,1,62,9,-1,-1,-1,-1,7,E01014649,0,4
2025531609312,2025,531609312,1,2,0,-1,19,4,8,-1,9,0,0,0,7,0,1,1,-1,9,1,16,4,-1,-1,-1,-1,9,E01022404,0,1
2025531609337,2025,531609337,2,20,0,-1,2,0,0,-1,0,1,0,0,0,0,2,1,-1,1,1,61,9,-1,-1,-1,-1,5,E01022428,0,3
2025531609337,2025,531609337,1,9,0,-1,19,6,2,-1,0,1,0,0,0,0,3,1,-1,2,2,19,4,-1,-1,-1,-1,6,E01032353,0,3
2025531609520,2025,531609520,2,9,0,-1,9,8,4,-1,0,1,0,0,0,0,3,1,-1,9,1,51,8,-1,-1,-1,-1,7,E01022449,0,2
2025531609520,2025,531609520,1,9,0,-1,15,8,4,-1,0,1,0,0,0,0,1,1,-1,9,1,58,9,-1,-1,-1,-1,8,E01022182,0,2
2025531609810,2025,531609810,1,3,0,-1,19,1,5,-1,0,1,1,0,1,0,1,1,-1,1,1,21,5,-1,-1,-1,-1,3,E01022403,0,3
2025531609810,2025,531609810,2,5,0,-1,4,1,5,-1,0,5,0,0,0,0,2,1,-1,6,1,33,6,-1,-1,-1,-1,10,E01022315,0,2
2025531610214,2025,531610214,1,9,0,-1,9,7,3,-1,0,2,0,0,0,0,1,1,-1,9,1,25,5,-1,-1,-1,-1,10,E01022109,0,1
2025531610351,2025,531610351,2,1,0,-1,19,2,6,-1,0,1,2,0,0,0,1,1,-1,9,2,60,9,-1,-1,-1,-1,2,E01022290,0,1
2025531610351,2025,531610351,1,19,0,-1,5,7,5,-1,0,6,0,0,0,0,-1,9,-1,6,3,-1,-1,-1,-1,-1,-1,-1,-1,0,-1
2025531610844,2025,531610844,1,19,0,-1,19,5,3,-1,9,2,0,0,1,1,-1,9,-1,6,1,46,8,-1,-1,-1,-1,4,E01022156,0,1
2025531613013,2025,531613013,1,9,-1,-1,19,8,4,-1,0,0,0,0,0,0,1,9,-1,6,3,-1,-1,-1,-1,-1,-1,-1,-1,0,-1
2025531613013,2025,531613013,2,1,-1,-1,19,2,6,-1,0,0,0,0,0,0,1,1,-1,7,1,18,4,-1,-1,-1,-1,2,E01022320,0,1
2025531614327,2025,531614327,1,1,0,-1,19,1,5,-1,0,6,0,0,0,0,3,1,-1,6,1,11,3,-1,-1,-1,-1,2,E01022322,0,1
2025531614327,2025,531614327,2,9,0,-1,19,7,3,-1,0,1,0,0,0,0,1,1,-1,9,2,69,10,-1,-1,-1,-1,8,E01022280,0,1
2025531614492,2025,531614492,1,9,0,-1,7,1,4,-1,0,0,0,0,0,0,1,1,-1,1,1,33,6,-1,-1,-1,-1,5,E01016766,0,5
2025531614492,2025,531614492,2,9,0,-1,10,4,1,-1,0,0,0,0,0,0,1,1,-1,2,2,53,8,-1,-1,-1,-1,7,E01022392,0,1
2025531616257,2025,531616257,1,9,0,-1,19,3,7,-1,0,2,0,0,0,0,2,9,-1,6,3,-1,-1,-1,-1,-1,-1,-1,-1,0,-1
2025531616257,2025,531616257,2,9,0,-1,19,3,7,-1,0,3,0,0,0,0,1,1,-1,1,1,34,6,-1,-1,-1,-1,-1,-1,0,-1
2025531619536,2025,531619536,1,9,0,-1,19,3,7,-1,0,0,0,0,0,0,1,1,-1,2,1,65,9,-1,-1,-1,-1,3,E01022256,0,4
2025531619940,2025,531619940,2,1,0,-1,19,6,2,-1,0,1,0,0,0,0,3,1,-1,6,2,43,7,-1,-1,-1,-1,10,E01034779,0,1
2025531619940,2025,531619940,1,9,0,-1,9,3,1,-1,0,6,0,0,0,0,1,1,-1,6,2,55,8,-1,-1,-1,-1,8,E01022356,0,4
2025531624262,2025,531624262,2,9,0,-1,19,6,2,-1,0,0,0,0,0,0,0,1,-1,6,1,27,6,-1,-1,-1,-1,2,E01029346,0,4
2025531624262,2025,531624262,3,9,0,-1,19,6,2,-1,0,0,0,0,0,0,0,1,-1,6,1,-1,-1,-1,-1,-1,-1,6,E01032462,0,4
2025531624262,2025,531624262,1,9,0,-1,19,6,2,-1,0,0,5,0,1,0,1,1,-1,1,1,35,6,-1,-1,-1,-1,5,E01034805,0,1
2025531624262,2025,531624262,4,9,0,-1,19,6,2,-1,0,0,0,0,0,0,0,1,-1,6,2,-1,-1,-1,-1,-1,-1,-1,-1,0,-1
2025531629128,2025,531629128,1,5,0,-1,19,7,3,-1,0,0,0,0,0,0,1,1,-1,2,1,31,6,-1,-1,-1,-1,5,E01031936,0,4
2025531631553,2025,531631553,1,9,0,-1,19,5,1,-1,0,1,0,0,0,0,1,1,-1,6,3,-1,-1,-1,-1,-1,-1,-1,-1,0,-1
2025531631553,2025,531631553,2,9,0,-1,19,5,1,-1,0,1,0,0,0,0,2,1,-1,2,2,27,6,-1,-1,-1,-1,8,E01022300,0,1
2025531631721,2025,531631721,1,9,0,-1,5,8,4,-1,0,4,0,0,0,0,1,1,-1,6,-1,-1,-1,-1,-1,-1,-1,-1,-1,0,-1
2025531631721,2025,531631721,2,9,0,-1,3,8,4,-1,0,4,0,0,0,0,2,1,-1,6,1,29,6,-1,-1,-1,-1,3,E01022294,0,1
2025531632115,2025,531632115,2,1,-1,-1,19,7,2,-1,0,0,5,0,7,0,0,1,-1,6,1,12,3,-1,-1,-1,-1,10,E01014885,0,1
2025531632115,2025,531632115,1,9,0,-1,19,3,7,-1,0,0,0,0,0,0,0,1,-1,6,2,64,9,-1,-1,-1,-1,10,E01022418,0,1
2025531632414,2025,531632414,1,21,1,-1,19,4,7,-1,0,0,0,0,1,0,1,2,-1,2,1,58,9,-1,-1,-1,-1,-1,-1,0,-1
2025531640738,2025,531640738,2,1,0,-1,9,8,6,-1,0,8,0,0,0,0,1,1,-1,6,1,64,9,-1,-1,-1,-1,9,E01022434,0,1
2025531640738,2025,531640738,1,9,0,-1,9,1,5,-1,0,8,0,0,0,0,4,9,-1,9,1,35,6,-1,-1,-1,-1,3,E01022157,0,1
2025531648695,2025,531648695,2,19,0,-1,19,7,3,-1,0,1,0,0,0,0,1,1,-1,6,2,22,5,-1,-1,-1,-1,7,E01015552,0,4
2025531648695,2025,531648695,3,9,0,-1,19,7,3,-1,0,1,0,0,0,0,1,1,-1,6,1,24,5,-1,-1,-1,-1,5,E01022188,0,2
2025531648695,2025,531648695,4,9,0,-1,4,7,4,-1,0,1,0,0,0,0,2,1,-1,6,1,80,11,-1,-1,-1,-1,9,E01034787,0,3
2025531648695,2025,531648695,1,9,0,-1,19,7,3,-1,0,1,0,0,0,0,1,1,-1,6,1,66,10,-1,-1,-1,-1,9,E01016323,0,4
2025531650704,2025,531650704,2,5,0,-1,19,2,6,-1,0,8,0,0,0,0,1,1,-1,9,1,59,9,-1,-1,-1,-1,2,E01022324,0,2
2025531650704,2025,531650704,1,9,0,-1,19,4,8,-1,0,6,0,0,0,0,1,9,-1,6,2,64,9,-1,-1,-1,-1,5,E01022188,0,3
2025531654605,2025,531654605,2,1,0,-1,5,7,3,-1,0,6,0,0,0,0,1,1,-1,2,1,17,4,-1,-1,-1,-1,10,E01022109,0,1
2025531654605,2025,531654605,1,11,0,-1,19,1,5,-1,0,8,0,0,0,0,1,1,-1,1,1,55,8,-1,-1,-1,-1,10,E01022181,0,4
2025531654770,2025,531654770,2,9,0,-1,19,7,3,-1,0,0,0,0,0,0,3,9,-1,9,1,71,10,-1,-1,-1,-1,7,E01034807,0,4
2025531654770,2025,531654770,1,9,0,-1,19,3,7,-1,0,0,0,0,1,0,3,1,-1,9,2,74,10,-1,-1,-1,-1,9,E01000181,0,5
2025531654796,2025,531654796,1,9,0,-1,7,7,1,-1,0,5,0,0,0,0,2,9,-1,6,1,49,8,-1,-1,-1,-1,8,E01022110,0,1
2025540005025,2025,540005025,1,8,0,17,19,4,8,0,0,8,0,0,1,3,1,1,5,6,1,51,8,-1,-1,-1,-1,7,E01016312,0,3
2025540021925,2025,540021925,2,9,0,2,2,0,0,0,0,0,0,0,0,0,3,1,6,6,3,-1,-1,-1,-1,-1,-1,-1,-1,0,-1
2025540021925,2025,540021925,1,9,0,18,19,6,2,0,0,0,0,4,0,0,4,1,5,6,1,85,11,-1,-1,-1,-1,8,E01031852,0,1
2025540022725,2025,540022725,1,9,0,18,19,6,2,0,0,0,0,0,7,4,1,1,6,6,2,55,8,-1,-1,-1,-1,3,E01031854,0,1
2025540047125,2025,540047125,1,1,0,18,19,4,2,0,0,4,0,0,0,0,1,1,5,6,1,17,4,-1,-1,-1,-1,1,E01032096,0,1
2025540047125,2025,540047125,2,9,0,1,1,4,8,0,0,3,0,0,0,0,1,1,5,6,1,35,6,-1,-1,-1,-1,10,E01014377,0,3
2025540056925,2025,540056925,2,9,0,3,3,5,1,0,0,6,0,0,0,0,3,1,1,1,2,42,7,-1,-1,-1,-1,5,E01031889,0,3
2025540056925,2025,540056925,1,1,0,9,9,3,8,0,0,6,0,0,0,0,1,1,1,1,1,26,6,-1,-1,-1,-1,2,E01032093,0,1
2025540092225,2025,540092225,3,9,0,3,3,6,2,0,0,1,0,0,0,0,2,1,6,6,1,30,6,-1,-1,-1,-1,7,E01029023,0,1
2025540092225,2025,540092225,2,9,0,3,3,6,2,0,0,1,0,0,0,0,2,1,6,6,2,59,9,-1,-1,-1,-1,9,E01029022,0,1
2025540092225,2025,540092225,1,9,0,4,4,6,2,0,0,1,0,0,0,0,1,1,6,6,1,23,5,-1,-1,-1,-1,8,E01032095,0,1
2025540092325,2025,540092325,2,1,0,18,19,7,3,0,0,0,1,0,0,0,1,1,1,1,1,68,10,-1,-1,-1,-1,9,E01031935,0,1
2025540092325,2025,540092325,1,9,0,18,19,3,7,0,0,0,1,0,0,0,1,1,1,1,2,20,4,-1,-1,-1,-1,8,E01031885,0,2
2025540100425,2025,540100425,2,90,0,18,19,5,8,9,9,1,0,0,0,0,2,1,5,6,1,18,4,-1,-1,-1,-1,8,E01015500,0,1