collision_index,collision_year,collision_ref_no,vehicle_reference,vehicle_type,towing_and_articulation,vehicle_manoeuvre_historic,vehicle_manoeuvre,vehicle_direction_from,vehicle_direction_to,vehicle_location_restricted_lane_historic,vehicle_location_restricted_lane,junction_location,skidding_and_overturning,hit_object_in_carriageway,vehicle_leaving_carriageway,hit_object_off_carriageway,first_point_of_impact,vehicle_left_hand_drive,journey_purpose_of_driver_historic,journey_purpose_of_driver,sex_of_driver,age_of_driver,age_band_of_driver,engine_capacity_cc,propulsion_code,age_of_vehicle,generic_make_model,driver_imd_decile,lsoa_of_driver,escooter_flag,driver_distance_banding
2025540100425,2025,540100425,1,9,0,18,19,5,8,9,9,1,0,0,0,0,1,1,1,1,1,-1,-1,-1,-1,-1,-1,-1,-1,0,-1
2025540129625,2025,540129625,2,9,0,18,19,5,1,0,0,6,0,0,0,0,4,1,6,6,1,41,7,-1,-1,-1,-1,9,E01029022,0,3
2025540129625,2025,540129625,1,9,0,4,4,7,3,0,0,8,1,0,0,0,1,1,6,6,1,51,8,-1,-1,-1,-1,8,E01032057,0,1
2025540139225,2025,540139225,1,9,0,9,9,3,1,0,0,6,0,0,0,0,1,1,1,1,1,22,5,-1,-1,-1,-1,9,E01032102,0,1
2025540155125,2025,540155125,1,9,0,17,19,8,5,0,0,0,1,0,1,11,1,1,5,6,1,21,5,-1,-1,-1,-1,6,E01022186,0,3
2025540164725,2025,540164725,1,9,0,18,19,1,5,0,0,0,0,0,0,0,1,1,2,2,1,70,10,-1,-1,-1,-1,6,E01031867,0,3
2025540177025,2025,540177025,2,9,0,18,19,1,5,0,0,8,0,0,0,0,4,1,6,6,2,46,8,-1,-1,-1,-1,9,E01031955,0,3
2025540177025,2025,540177025,1,9,0,18,19,1,5,0,0,8,0,0,0,0,3,1,6,6,1,45,7,-1,-1,-1,-1,10,E01015521,0,2
2025540177225,2025,540177225,1,9,0,5,5,4,6,0,0,2,0,0,0,0,1,1,5,6,1,72,10,-1,-1,-1,-1,8,E01032043,0,1
2025540180625,2025,540180625,2,9,0,18,19,7,3,0,0,1,0,0,1,4,3,1,5,6,2,36,7,-1,-1,-1,-1,8,E01032699,0,1
2025540180625,2025,540180625,1,9,0,9,9,5,3,0,0,6,0,0,0,0,0,1,6,6,3,-1,-1,-1,-1,-1,-1,-1,-1,0,-1
2025540202425,2025,540202425,1,19,0,18,19,1,5,0,0,0,0,0,0,0,1,1,6,6,1,33,6,-1,-1,-1,-1,3,E01034534,0,2
2025540202425,2025,540202425,2,9,0,3,3,1,5,0,0,0,0,0,0,0,2,1,6,6,1,55,8,-1,-1,-1,-1,4,E01032113,0,3
2025540202425,2025,540202425,3,9,0,3,3,1,5,0,0,0,0,0,0,0,1,1,6,6,2,55,8,-1,-1,-1,-1,6,E01032085,0,2
2025540209225,2025,540209225,1,5,0,4,4,8,4,0,0,0,0,0,0,0,0,1,1,1,2,62,9,-1,-1,-1,-1,4,E01015511,0,1
2025540213425,2025,540213425,4,9,0,18,19,3,7,0,0,0,0,0,0,0,1,1,6,6,1,57,9,-1,-1,-1,-1,4,E01032036,0,3
2025540213425,2025,540213425,3,9,0,18,19,7,3,0,0,0,0,0,0,0,1,1,6,6,1,33,6,-1,-1,-1,-1,7,E01029166,0,4
2025540213425,2025,540213425,2,9,0,4,4,7,3,0,0,0,0,0,0,0,2,1,6,6,2,38,7,-1,-1,-1,-1,9,E01029260,0,4
2025540213425,2025,540213425,1,9,4,18,19,7,3,0,0,0,3,0,1,4,1,1,6,6,1,65,9,-1,-1,-1,-1,4,E01020012,0,5
2025540220725,2025,540220725,1,19,0,5,5,4,1,0,0,1,0,0,0,0,1,1,1,1,1,-1,-1,-1,-1,-1,-1,5,E01020177,0,5
2025540220725,2025,540220725,2,9,0,3,3,4,1,0,0,1,0,0,0,0,2,1,6,6,2,63,9,-1,-1,-1,-1,9,E01020450,0,4
2025540224925,2025,540224925,2,9,0,10,10,4,8,0,0,1,0,0,0,0,2,1,1,1,2,43,7,-1,-1,-1,-1,6,E01020440,0,3
2025540224925,2025,540224925,1,20,0,18,19,4,8,0,0,1,0,0,0,0,1,1,2,2,1,58,9,-1,-1,-1,-1,-1,-1,0,-1
2025540225625,2025,540225625,1,98,1,6,6,7,4,0,0,0,0,0,0,0,1,1,1,1,1,53,8,-1,-1,-1,-1,8,E01034964,0,5
2025540225625,2025,540225625,2,9,0,13,13,7,4,0,0,0,0,0,0,0,4,1,2,2,2,36,7,-1,-1,-1,-1,10,E01020463,0,4
2025540233125,2025,540233125,2,9,0,18,19,8,4,0,0,1,0,0,0,0,1,1,1,1,1,47,8,-1,-1,-1,-1,10,E01031915,0,1
2025540233125,2025,540233125,3,9,4,18,19,8,4,0,0,1,0,0,1,0,1,1,5,6,1,60,9,-1,-1,-1,-1,7,E01031951,0,2
2025540233125,2025,540233125,1,9,0,5,5,2,8,0,0,1,0,0,0,0,3,1,5,6,1,58,9,-1,-1,-1,-1,9,E01031959,0,2
2025540304425,2025,540304425,1,9,0,18,19,8,4,0,0,0,0,4,0,0,1,1,1,1,1,57,9,-1,-1,-1,-1,3,W01001539,0,4
2025540304425,2025,540304425,2,90,0,2,2,0,0,0,0,0,0,0,0,0,2,1,6,6,3,-1,-1,-1,-1,-1,-1,-1,-1,0,-1
2025540305625,2025,540305625,3,21,0,2,2,8,4,0,0,0,0,0,0,0,2,1,1,1,1,50,8,-1,-1,-1,-1,10,E01015471,0,1
2025540305625,2025,540305625,2,19,0,18,19,8,4,0,0,0,0,4,0,0,1,1,1,1,1,30,6,-1,-1,-1,-1,8,E01034800,0,4
2025540305625,2025,540305625,1,19,0,2,2,8,4,0,0,0,0,0,0,0,2,1,1,1,1,63,9,-1,-1,-1,-1,10,E01031949,0,4
2025540305625,2025,540305625,4,19,0,18,19,8,4,0,0,0,0,4,0,0,1,1,1,1,1,56,9,-1,-1,-1,-1,9,E01031841,0,4
2025540309825,2025,540309825,2,19,0,18,19,5,1,0,0,4,0,0,0,0,1,1,1,1,1,50,8,-1,-1,-1,-1,4,E01029230,0,4
2025540309825,2025,540309825,1,19,0,4,4,5,1,0,0,4,0,0,0,0,2,1,1,1,1,24,5,-1,-1,-1,-1,5,E01029154,0,4
2025540311925,2025,540311925,2,11,0,17,19,8,4,0,0,0,0,0,0,0,1,1,5,6,1,64,9,-1,-1,-1,-1,9,E01031883,0,1
2025540311925,2025,540311925,1,19,0,16,19,3,8,0,0,0,0,0,0,0,1,1,1,1,1,38,7,-1,-1,-1,-1,4,E01032094,0,3
2025540312925,2025,540312925,1,9,0,18,19,8,4,0,0,0,0,4,0,0,1,1,6,6,1,51,8,-1,-1,-1,-1,6,E01029043,0,4
2025540312925,2025,540312925,2,9,0,2,2,0,0,0,0,0,0,0,0,0,2,1,6,6,3,-1,-1,-1,-1,-1,-1,-1,-1,0,-1
2025540343925,2025,540343925,1,9,0,9,9,7,6,0,0,6,0,0,0,0,1,1,6,6,3,-1,-1,-1,-1,-1,-1,-1,-1,0,-1
2025540343925,2025,540343925,2,9,0,18,19,6,2,0,0,8,0,0,0,0,4,1,5,6,2,55,8,-1,-1,-1,-1,9,E01032106,0,2
2025540363625,2025,540363625,1,9,0,18,19,7,2,0,0,2,0,11,0,0,4,1,6,6,1,39,7,-1,-1,-1,-1,10,E01031948,0,2
2025540364825,2025,540364825,2,9,0,18,19,1,5,0,0,1,0,0,0,0,1,1,5,6,2,18,4,-1,-1,-1,-1,10,E01015396,0,4
2025540364825,2025,540364825,1,20,0,9,9,5,2,0,0,1,0,0,0,0,1,1,5,6,1,23,5,-1,-1,-1,-1,6,E01032073,0,4
2025540368425,2025,540368425,1,9,0,15,15,2,6,0,0,0,2,0,1,4,4,1,6,6,1,45,7,-1,-1,-1,-1,4,E01031980,0,3
2025540370425,2025,540370425,1,9,0,18,19,8,4,0,0,0,0,12,0,0,1,1,5,6,2,55,8,-1,-1,-1,-1,10,E01031855,0,2
2025540380925,2025,540380925,1,9,0,18,19,8,4,0,0,0,2,0,0,0,1,1,6,6,1,37,7,-1,-1,-1,-1,7,E01031938,0,1
2025540380925,2025,540380925,2,9,0,2,2,0,0,0,0,0,0,0,0,0,3,1,5,6,1,-1,-1,-1,-1,-1,-1,-1,-1,0,-1
2025540380925,2025,540380925,3,5,0,2,2,0,0,0,0,0,0,0,0,0,3,1,5,6,1,-1,-1,-1,-1,-1,-1,-1,-1,0,-1
2025540380925,2025,540380925,4,9,0,2,2,0,0,0,0,0,0,0,0,0,3,1,5,6,1,-1,-1,-1,-1,-1,-1,-1,-1,0,-1
2025540388325,2025,540388325,2,8,0,3,3,6,1,0,0,1,0,0,0,0,2,1,6,6,1,23,5,-1,-1,-1,-1,9,E01031968,0,2
2025540388325,2025,540388325,1,9,0,3,3,6,1,0,0,1,0,0,0,0,1,1,6,6,1,34,6,-1,-1,-1,-1,7,E01032708,0,1
2025540389225,2025,540389225,3,9,0,3,3,6,2,0,0,0,0,0,0,0,2,1,6,6,1,29,6,-1,-1,-1,-1,6,E01034548,0,1
2025540389225,2025,540389225,4,9,0,3,3,6,2,0,0,0,0,0,0,0,2,1,6,6,1,27,6,-1,-1,-1,-1,4,E01031980,0,1
2025540389225,2025,540389225,2,9,0,3,3,6,2,0,0,0,0,0,0,0,2,1,5,6,2,34,6,-1,-1,-1,-1,9,E01031995,0,2
2025540389225,2025,540389225,1,9,0,5,5,6,2,0,0,0,0,0,0,0,1,1,6,6,1,54,8,-1,-1,-1,-1,2,E01032023,0,1
2025540408125,2025,540408125,1,9,0,18,19,7,3,0,0,0,2,0,1,10,1,1,2,2,1,26,6,-1,-1,-1,-1,4,E01031901,0,2
2025540445425,2025,540445425,1,9,0,18,19,8,4,0,0,1,0,0,0,0,1,1,6,6,2,63,9,-1,-1,-1,-1,7,E01031938,0,1
2025540446425,2025,540446425,2,9,0,4,4,4,8,0,0,1,0,0,0,0,2,1,5,6,2,83,11,-1,-1,-1,-1,6,E01032000,0,1
2025540446425,2025,540446425,1,11,0,18,19,4,8,0,0,1,0,0,0,0,1,1,1,1,1,58,9,-1,-1,-1,-1,8,E01020408,0,4
2025540450725,2025,540450725,1,9,0,5,5,3,6,0,0,6,0,0,0,0,3,1,1,1,1,66,10,-1,-1,-1,-1,10,E01020356,0,4
2025540450725,2025,540450725,2,9,0,18,19,6,1,0,0,8,0,0,0,0,1,1,5,6,1,85,11,-1,-1,-1,-1,6,E01032119,0,1
2025540450825,2025,540450825,2,9,0,18,19,1,5,0,0,4,0,0,0,0,3,1,6,6,2,39,7,-1,-1,-1,-1,3,E01015503,0,1
2025540450825,2025,540450825,1,9,0,18,19,5,1,0,0,3,0,0,0,0,3,1,6,6,1,74,10,-1,-1,-1,-1,8,E01015498,0,1
2025540451225,2025,540451225,1,19,0,18,19,1,5,0,0,1,1,0,0,0,1,1,1,1,1,52,8,-1,-1,-1,-1,8,E01032689,0,3
2025540451225,2025,540451225,2,9,0,18,19,5,1,0,0,1,0,0,0,0,1,1,6,6,2,44,7,-1,-1,-1,-1,7,E01032110,0,2
2025540456225,2025,540456225,1,9,0,5,5,5,1,0,0,4,0,0,0,0,3,1,6,6,1,46,8,-1,-1,-1,-1,2,E01022320,0,4
2025540456225,2025,540456225,2,9,0,5,5,3,7,0,0,4,0,0,0,0,1,1,6,6,2,55,8,-1,-1,-1,-1,7,E01015513,0,1
2025540462125,2025,540462125,2,9,0,9,9,3,1,0,0,8,0,0,0,0,3,1,6,6,1,82,11,-1,-1,-1,-1,10,E01031966,0,1
2025540462125,2025,540462125,1,9,0,18,19,1,5,0,0,1,0,0,0,0,1,1,6,6,3,-1,-1,-1,-1,-1,-1,-1,-1,0,-1
2025540486225,2025,540486225,1,9,0,18,19,8,4,0,0,0,1,0,7,1,1,1,2,2,1,29,6,-1,-1,-1,-1,6,E01032117,0,2
2025540509125,2025,540509125,1,9,0,18,19,7,3,0,0,4,0,0,0,0,0,1,6,6,3,-1,-1,-1,-1,-1,-1,-1,-1,0,-1
2025540509125,2025,540509125,2,2,0,18,19,5,1,0,0,8,1,0,0,0,0,1,6,6,1,16,4,-1,-1,-1,-1,7,E01033843,0,2
2025540513125,2025,540513125,2,9,0,4,4,4,8,0,0,0,0,0,0,0,2,1,5,6,2,37,7,-1,-1,-1,-1,3,E01015477,0,2
2025540513125,2025,540513125,1,9,0,18,19,4,8,0,0,0,0,0,0,0,1,1,5,6,2,33,6,-1,-1,-1,-1,8,E01031964,0,1
2025540514025,2025,540514025,1,9,0,1,1,0,6,-1,-1,6,0,0,0,0,3,1,3,7,2,-1,-1,-1,-1,-1,-1,-1,-1,0,-1
2025540514725,2025,540514725,1,21,1,18,19,1,5,0,0,8,0,0,0,0,1,1,1,1,1,48,8,-1,-1,-1,-1,-1,-1,0,-1
2025540514725,2025,540514725,2,9,0,9,9,3,1,0,0,8,0,0,1,0,1,1,2,2,1,52,8,-1,-1,-1,-1,-1,-1,0,-1
2025540515125,2025,540515125,1,9,0,18,19,5,1,0,0,8,0,0,0,0,1,1,6,6,1,37,7,-1,-1,-1,-1,6,E01031967,0,3
2025540515125,2025,540515125,2,9,0,3,3,8,3,0,0,1,0,0,0,0,3,1,5,6,2,22,5,-1,-1,-1,-1,1,E01015508,0,1
2025540515525,2025,540515525,2,1,0,9,9,4,2,0,0,8,0,0,0,0,4,1,2,2,2,55,8,-1,-1,-1,-1,8,E01015556,0,1
2025540515525,2025,540515525,1,9,0,18,19,6,2,0,0,4,0,0,0,0,1,1,6,6,1,83,11,-1,-1,-1,-1,6,E01022210,0,3
2025540528425,2025,540528425,1,11,0,18,19,4,8,0,0,2,0,0,0,0,4,1,1,1,1,59,9,-1,-1,-1,-1,4,E01015492,0,4
2025540531325,2025,540531325,1,9,0,18,19,3,7,0,0,0,1,0,0,0,1,1,1,1,2,23,5,-1,-1,-1,-1,6,E01031926,0,1
2025540531325,2025,540531325,2,9,0,4,4,3,7,0,0,0,0,0,0,0,2,1,1,1,1,42,7,-1,-1,-1,-1,9,E01031906,0,1
2025540563525,2025,540563525,1,9,0,12,12,5,1,0,0,7,0,0,0,0,0,1,6,6,3,-1,-1,-1,-1,-1,-1,-1,-1,0,-1
2025540563525,2025,540563525,2,9,0,18,19,5,1,0,0,2,0,0,0,0,2,1,6,6,1,57,9,-1,-1,-1,-1,3,E01020114,0,5
2025540563525,2025,540563525,3,9,0,18,19,5,1,0,0,2,0,0,0,0,1,1,6,6,1,29,6,-1,-1,-1,-1,7,E01033842,0,2
2025540563525,2025,540563525,5,9,0,18,19,5,1,0,0,2,0,0,0,0,1,1,6,6,2,37,7,-1,-1,-1,-1,9,E01032703,0,2
2025540563525,2025,540563525,4,9,0,18,19,5,1,0,0,2,0,0,0,0,2,1,6,6,2,66,10,-1,-1,-1,-1,9,E01013987,0,4
2025540566725,2025,540566725,1,9,0,4,4,5,1,9,9,1,0,0,0,0,4,1,6,6,1,53,8,-1,-1,-1,-1,8,E01031964,0,2
2025540566725,2025,540566725,2,1,0,18,19,5,1,9,9,1,0,0,0,0,3,1,6,6,1,21,5,-1,-1,-1,-1,1,E01015507,0,1
2025540567325,2025,540567325,2,9,0,18,19,3,7,0,0,8,0,0,0,0,3,1,5,6,1,27,6,-1,-1,-1,-1,-1,-1,0,-1
2025540567325,2025,540567325,1,9,0,9,9,6,5,0,0,8,0,0,0,0,1,1,1,1,1,27,6,-1,-1,-1,-1,7,E01031850,0,4
2025540576325,2025,540576325,1,1,0,4,4,8,4,0,0,1,1,0,0,0,1,1,4,7,1,12,3,-1,-1,-1,-1,5,E01031889,0,1
2025540576325,2025,540576325,2,9,0,8,8,6,8,0,0,1,0,0,0,0,4,1,2,2,1,51,8,-1,-1,-1,-1,5,E01031889,0,1
2025540609025,2025,540609025,1,1,0,7,7,5,6,0,0,6,0,0,0,0,1,1,6,6,1,19,4,-1,-1,-1,-1,4,E01031851,0,1
2025540609025,2025,540609025,2,9,0,9,9,6,2,0,0,1,0,0,0,0,1,1,6,6,1,28,6,-1,-1,-1,-1,4,E01031851,0,1
2025540615525,2025,540615525,1,9,0,18,19,3,7,0,0,0,5,12,1,0,1,1,5,6,2,25,5,-1,-1,-1,-1,2,E01031928,0,2
2025540656125,2025,540656125,1,9,0,18,19,1,5,0,0,0,1,0,1,11,1,1,5,6,2,18,4,-1,-1,-1,-1,8,E01022224,0,2
2025540669525,2025,540669525,2,9,0,16,19,7,3,0,0,1,0,0,0,0,1,1,6,6,1,61,9,-1,-1,-1,-1,10,E01031970,0,1
2025540669525,2025,540669525,1,9,0,17,19,3,7,0,0,1,0,0,0,0,1,1,6,6,2,66,10,-1,-1,-1,-1,8,E01032664,0,4
2025540669525,2025,540669525,3,9,0,16,19,7,3,0,0,1,0,0,0,0,1,1,6,6,1,58,9,-1,-1,-1,-1,4,E01032014,0,1
2025540678225,2025,540678225,1,9,0,17,19,5,1,0,0,8,1,10,1,4,1,1,2,2,2,45,7,-1,-1,-1,-1,4,E01031980,0,1
2025540680425,2025,540680425,1,9,0,17,19,8,2,0,0,0,1,0,1,4,1,1,5,6,2,27,6,-1,-1,-1,-1,10,E01031874,0,1
2025540715225,2025,540715225,1,9,0,17,19,6,1,0,0,0,2,0,0,0,4,1,1,1,1,18,4,-1,-1,-1,-1,7,E01031857,0,3
2025540758825,2025,540758825,2,9,0,3,3,7,3,0,0,4,0,0,0,0,2,1,6,6,2,42,7,-1,-1,-1,-1,10,E01031962,0,1
2025540758825,2025,540758825,1,9,0,5,5,7,3,0,0,4,0,0,0,0,1,1,6,6,2,44,7,-1,-1,-1,-1,2,E01015570,0,1
2025540767125,2025,540767125,1,9,0,5,5,5,2,0,0,1,0,0,0,0,4,1,5,6,1,35,6,-1,-1,-1,-1,8,E01034528,0,3
2025540768925,2025,540768925,2,9,0,5,5,1,5,0,0,1,0,0,0,0,2,1,1,1,2,60,9,-1,-1,-1,-1,5,E01032056,0,1
2025540768925,2025,540768925,1,9,0,5,5,1,5,0,0,1,0,0,0,0,1,1,1,1,1,26,6,-1,-1,-1,-1,6,E01032119,0,1
2025540785225,2025,540785225,2,9,0,5,5,4,8,0,0,1,0,0,0,0,2,1,2,2,1,63,9,-1,-1,-1,-1,8,E01015482,0,1
2025540785225,2025,540785225,1,9,0,18,19,4,8,0,0,1,0,0,0,0,1,1,6,6,2,56,9,-1,-1,-1,-1,3,E01015491,0,1
2025540785325,2025,540785325,1,21,1,1,1,5,1,9,9,0,0,0,0,0,2,1,1,1,1,30,6,-1,-1,-1,-1,7,E01022303,0,4
2025540807825,2025,540807825,3,9,0,18,19,8,4,0,0,1,0,0,0,0,3,1,5,6,1,69,10,-1,-1,-1,-1,6,E01032083,0,1
2025540807825,2025,540807825,1,9,0,5,5,6,1,0,0,6,0,0,0,0,1,1,4,7,1,56,9,-1,-1,-1,-1,6,E01032083,0,1
2025540807825,2025,540807825,2,19,0,18,19,4,8,0,0,8,0,0,0,0,4,1,1,1,1,58,9,-1,-1,-1,-1,8,E01031918,0,4
2025540807925,2025,540807925,1,9,0,5,5,3,1,0,0,0,0,0,0,0,1,1,2,2,1,28,6,-1,-1,-1,-1,10,E01020463,0,4
2025540814125,2025,540814125,1,9,0,4,4,2,5,0,0,4,0,0,0,0,1,1,2,2,1,24,5,-1,-1,-1,-1,7,E01015513,0,1
2025540823825,2025,540823825,2,9,0,4,4,8,4,0,0,0,0,0,1,0,2,1,6,6,1,26,6,-1,-1,-1,-1,8,E01034555,0,3
2025540823825,2025,540823825,1,9,0,18,19,8,4,0,0,0,0,0,0,0,1,1,6,6,1,26,6,-1,-1,-1,-1,9,E01014387,0,4
2025540823825,2025,540823825,3,9,0,4,4,8,4,0,0,0,0,0,0,0,2,1,6,6,1,57,9,-1,-1,-1,-1,8,E01034555,0,3
2025540823825,2025,540823825,4,9,0,18,19,4,8,0,0,0,0,0,0,0,1,1,6,6,1,79,11,-1,-1,-1,-1,9,E01031847,0,2
2025540842425,2025,540842425,2,1,0,18,19,1,5,0,0,1,0,0,0,0,1,1,6,6,2,73,10,-1,-1,-1,-1,9,E01033847,0,1
2025540842425,2025,540842425,1,9,0,7,7,6,1,0,0,6,0,0,0,0,1,1,6,6,1,42,7,-1,-1,-1,-1,1,E01015541,0,1
2025540849725,2025,540849725,2,1,0,18,19,8,4,0,0,1,0,0,0,0,0,1,5,6,1,53,8,-1,-1,-1,-1,9,E01034531,0,1
2025540849725,2025,540849725,1,19,0,18,19,4,8,0,0,1,0,0,0,0,0,1,2,2,1,37,7,-1,-1,-1,-1,9,E01032044,0,2
2025540858325,2025,540858325,1,19,0,18,19,4,1,0,0,0,0,12,1,10,1,1,1,1,1,54,8,-1,-1,-1,-1,8,E01034553,0,3
2025540870625,2025,540870625,1,9,0,1,1,5,3,9,9,6,0,0,0,0,2,1,6,6,2,64,9,-1,-1,-1,-1,8,E01031865,0,1
2025540873725,2025,540873725,1,9,0,16,19,8,4,0,0,1,0,0,0,0,1,1,6,6,2,63,9,-1,-1,-1,-1,9,E01032044,0,1
2025540873725,2025,540873725,2,9,0,17,19,2,6,0,0,1,0,0,0,0,1,1,6,6,2,52,8,-1,-1,-1,-1,8,E01032059,0,1
2025540884025,2025,540884025,2,19,0,18,19,6,2,0,0,0,0,0,0,0,1,1,6,6,1,31,6,-1,-1,-1,-1,5,E01015475,0,4
2025540884025,2025,540884025,1,9,0,18,19,2,6,0,0,0,1,0,0,0,1,1,6,6,1,23,5,-1,-1,-1,-1,9,E01031870,0,1
2025540916325,2025,540916325,2,9,0,9,9,5,2,0,0,8,0,0,0,0,3,1,2,2,2,45,7,-1,-1,-1,-1,2,E01031928,0,1
2025540916325,2025,540916325,1,9,0,18,19,2,6,0,0,8,1,0,0,0,1,1,2,2,2,37,7,-1,-1,-1,-1,5,E01031952,0,1
2025540922825,2025,540922825,1,9,0,15,15,5,1,0,0,0,0,0,0,0,1,1,6,6,1,24,5,-1,-1,-1,-1,5,E01014633,0,4
2025540922825,2025,540922825,2,21,1,18,19,1,5,0,0,0,0,0,0,0,1,1,6,6,1,29,6,-1,-1,-1,-1,6,E01029157,0,3
2025540933125,2025,540933125,2,9,0,18,19,4,8,0,0,0,0,0,0,0,4,1,6,6,1,47,8,-1,-1,-1,-1,1,E01015558,0,1
2025540933125,2025,540933125,1,9,0,15,15,4,8,0,0,0,0,0,4,6,3,1,6,6,1,19,4,-1,-1,-1,-1,6,E01034795,0,4
2025540939225,2025,540939225,1,9,0,15,15,5,8,0,0,0,0,11,0,0,1,1,1,1,2,43,7,-1,-1,-1,-1,1,E01015544,0,1
2025540943425,2025,540943425,1,9,0,18,19,2,6,0,0,0,0,0,0,0,4,1,6,6,1,59,9,-1,-1,-1,-1,9,E01032034,0,2
2025540958125,2025,540958125,2,19,0,18,19,8,4,0,0,0,0,0,7,0,1,1,1,1,1,52,8,-1,-1,-1,-1,5,E01014451,0,3
2025540958125,2025,540958125,1,9,0,18,19,4,8,0,0,0,0,0,0,0,1,1,6,6,1,54,8,-1,-1,-1,-1,9,E01032106,0,1
2025540966525,2025,540966525,1,9,0,1,1,8,4,0,0,0,0,0,0,0,2,1,1,1,1,68,10,-1,-1,-1,-1,8,E01032074,0,2
2025540970225,2025,540970225,2,9,0,4,4,8,4,0,0,1,0,0,0,0,3,1,6,6,1,51,8,-1,-1,-1,-1,6,E01031893,0,1
2025540970225,2025,540970225,1,5,0,13,13,8,4,0,0,1,2,10,0,0,1,1,6,6,1,57,9,-1,-1,-1,-1,10,E01031966,0,1
2025540973325,2025,540973325,1,9,0,18,19,3,7,0,0,1,0,0,0,0,1,1,1,1,1,27,6,-1,-1,-1,-1,3,E01015510,0,1
2025540973325,2025,540973325,2,9,0,4,4,3,7,0,0,1,0,0,0,0,2,1,2,2,2,42,7,-1,-1,-1,-1,5,E01015475,0,1
2025540976525,2025,540976525,1,9,0,18,19,1,5,0,0,3,0,4,0,0,1,1,6,6,2,37,7,-1,-1,-1,-1,6,E01035453,0,4
2025540976525,2025,540976525,2,9,0,2,2,0,0,0,0,1,0,0,0,0,1,1,6,6,2,19,4,-1,-1,-1,-1,7,E01031978,0,1
2025540989825,2025,540989825,2,9,0,4,4,1,5,0,0,0,0,0,0,0,2,1,6,6,2,37,7,-1,-1,-1,-1,7,E01015585,0,1
2025540989825,2025,540989825,1,9,0,18,19,1,5,0,0,0,0,0,0,0,1,1,6,6,2,49,8,-1,-1,-1,-1,2,E01015528,0,1
2025540998125,2025,540998125,1,1,0,18,19,3,7,0,0,8,0,0,0,0,4,1,5,6,1,16,4,-1,-1,-1,-1,10,E01015499,0,1
2025540998125,2025,540998125,2,19,0,18,19,5,1,0,0,8,0,0,0,0,1,1,2,2,1,49,8,-1,-1,-1,-1,8,E01015500,0,1
2025541000125,2025,541000125,2,1,0,18,19,5,1,0,0,8,0,0,0,0,4,1,6,6,1,30,6,-1,-1,-1,-1,7,E01015493,0,1
2025541000125,2025,541000125,1,9,0,5,5,7,2,0,0,4,0,0,0,0,1,1,6,6,2,41,7,-1,-1,-1,-1,5,E01015571,0,1
2025541017125,2025,541017125,2,9,0,18,19,4,8,0,0,1,0,0,7,0,1,1,5,6,1,31,6,-1,-1,-1,-1,10,E01014878,0,4
2025541017125,2025,541017125,3,9,0,7,7,3,4,0,0,6,0,0,0,0,1,1,5,6,1,44,7,-1,-1,-1,-1,10,E01031923,0,3
2025541017125,2025,541017125,1,9,0,9,9,4,8,0,0,1,1,0,0,0,0,1,5,6,2,19,4,-1,-1,-1,-1,5,E01032070,0,2
2025541030625,2025,541030625,2,90,0,18,19,1,5,0,0,0,0,0,0,0,1,1,1,1,1,50,8,-1,-1,-1,-1,10,E01015471,0,3
2025541030625,2025,541030625,1,19,0,18,19,5,1,0,0,0,1,0,0,0,1,1,5,6,2,41,7,-1,-1,-1,-1,8,E01031885,0,2
2025541033525,2025,541033525,2,9,0,18,19,6,2,0,0,8,0,0,0,0,1,1,6,6,1,59,9,-1,-1,-1,-1,7,E01031857,0,3
2025541033525,2025,541033525,1,19,0,9,9,8,6,0,0,8,0,0,0,0,1,1,6,6,1,38,7,-1,-1,-1,-1,5,E01031952,0,2
2025541041825,2025,541041825,1,9,0,17,19,5,3,0,0,8,0,0,0,0,1,1,6,6,3,-1,-1,-1,-1,-1,-1,-1,-1,0,-1
2025541056225,2025,541056225,2,9,0,18,19,1,5,0,0,8,0,0,0,0,1,1,1,1,1,30,6,-1,-1,-1,-1,10,E01031924,0,1
2025541056225,2025,541056225,1,9,0,9,9,5,3,0,0,8,0,0,0,0,1,1,1,1,2,46,8,-1,-1,-1,-1,6,E01031848,0,3
2025541058925,2025,541058925,3,9,0,3,3,5,1,0,0,0,0,0,0,0,2,1,2,2,2,30,6,-1,-1,-1,-1,8,E01032053,0,2
2025541058925,2025,541058925,2,19,0,3,3,5,1,0,0,0,0,0,0,0,2,1,1,1,1,37,7,-1,-1,-1,-1,8,E01029033,0,3
2025541058925,2025,541058925,4,9,0,3,3,5,1,0,0,0,0,0,0,0,2,1,2,2,1,21,5,-1,-1,-1,-1,10,E01032055,0,2
2025541058925,2025,541058925,1,21,1,4,4,5,1,0,0,0,0,0,0,0,1,1,1,1,1,45,7,-1,-1,-1,-1,10,E01014869,0,3
2025541060125,2025,541060125,1,9,0,18,19,7,3,0,0,0,0,0,1,3,1,1,2,2,2,29,6,-1,-1,-1,-1,8,E01032705,0,1