collision_index,collision_year,collision_ref_no,vehicle_reference,vehicle_type,towing_and_articulation,vehicle_manoeuvre_historic,vehicle_manoeuvre,vehicle_direction_from,vehicle_direction_to,vehicle_location_restricted_lane_historic,vehicle_location_restricted_lane,junction_location,skidding_and_overturning,hit_object_in_carriageway,vehicle_leaving_carriageway,hit_object_off_carriageway,first_point_of_impact,vehicle_left_hand_drive,journey_purpose_of_driver_historic,journey_purpose_of_driver,sex_of_driver,age_of_driver,age_band_of_driver,engine_capacity_cc,propulsion_code,age_of_vehicle,generic_make_model,driver_imd_decile,lsoa_of_driver,escooter_flag,driver_distance_banding
2025541063525,2025,541063525,3,9,0,2,2,0,0,0,0,0,0,0,0,0,1,1,6,6,3,-1,-1,-1,-1,-1,-1,-1,-1,0,-1
2025541063525,2025,541063525,2,9,0,2,2,0,0,0,0,0,0,0,0,0,3,1,6,6,3,-1,-1,-1,-1,-1,-1,-1,-1,0,-1
2025541063525,2025,541063525,1,9,0,18,19,8,4,0,0,0,0,4,0,0,4,1,6,6,1,86,11,-1,-1,-1,-1,9,E01032058,0,1
2025541085225,2025,541085225,1,9,0,4,4,6,2,0,0,1,0,12,0,0,1,1,6,6,1,20,4,-1,-1,-1,-1,7,E01015550,0,1
2025541090525,2025,541090525,1,19,0,9,9,3,6,0,0,6,0,0,0,0,1,1,1,1,1,29,6,-1,-1,-1,-1,1,E01032096,0,1
2025541103625,2025,541103625,1,9,0,18,19,1,5,0,0,0,0,0,0,0,4,1,6,6,3,-1,-1,-1,-1,-1,-1,-1,-1,0,-1
2025541113925,2025,541113925,2,9,0,4,4,8,4,0,0,0,0,0,0,0,2,1,6,6,2,24,5,-1,-1,-1,-1,7,E01031978,0,3
2025541113925,2025,541113925,1,9,0,18,19,8,4,0,0,0,0,0,0,0,1,1,6,6,2,43,7,-1,-1,-1,-1,7,E01031979,0,3
2025541133625,2025,541133625,1,9,0,18,19,2,6,0,0,0,0,0,0,0,1,1,6,6,2,18,4,-1,-1,-1,-1,7,E01015576,0,1
2025541140025,2025,541140025,1,9,0,5,5,7,3,0,0,6,0,0,0,0,1,1,6,6,2,22,5,-1,-1,-1,-1,6,E01032691,0,4
2025541140025,2025,541140025,2,9,0,18,19,5,1,0,0,8,0,0,0,0,1,1,6,6,2,18,4,-1,-1,-1,-1,6,E01031989,0,3
2025541162325,2025,541162325,1,9,0,16,19,1,5,0,0,0,5,0,0,0,1,1,1,1,2,25,5,-1,-1,-1,-1,9,E01033848,0,3
2025541167025,2025,541167025,2,9,0,4,4,1,5,0,0,0,0,0,0,0,2,1,1,1,1,51,8,-1,-1,-1,-1,5,E01031869,0,3
2025541167025,2025,541167025,1,9,0,18,19,1,5,0,0,0,0,0,0,0,1,1,6,6,1,31,6,-1,-1,-1,-1,7,E01031882,0,2
2025541167125,2025,541167125,1,9,0,17,19,8,5,0,0,0,0,0,0,0,1,1,1,1,2,20,4,-1,-1,-1,-1,5,E01034556,0,1
2025541167125,2025,541167125,2,11,0,16,19,5,8,0,0,0,0,0,0,0,1,1,1,1,1,43,7,-1,-1,-1,-1,4,E01032040,0,4
2025541213525,2025,541213525,2,19,0,18,19,2,6,0,0,0,0,0,0,0,4,1,1,1,2,45,7,-1,-1,-1,-1,1,E01015546,0,1
2025541213525,2025,541213525,1,1,0,18,19,2,6,9,9,0,0,0,0,0,3,1,4,7,1,12,3,-1,-1,-1,-1,-1,-1,0,-1
2025541214725,2025,541214725,1,9,0,9,9,7,6,0,0,5,0,0,0,0,1,1,1,1,1,54,8,-1,-1,-1,-1,4,E01031901,0,1
2025541214725,2025,541214725,2,1,0,18,19,6,2,0,0,6,0,0,0,0,1,1,6,6,1,52,8,-1,-1,-1,-1,8,E01034525,0,1
2025541215025,2025,541215025,3,9,0,4,4,7,3,0,0,1,0,0,0,0,2,1,2,2,1,25,5,-1,-1,-1,-1,6,E01035107,0,3
2025541215025,2025,541215025,2,9,0,4,4,7,3,0,0,1,0,0,0,0,2,1,2,2,2,42,7,-1,-1,-1,-1,2,E01014464,0,3
2025541215025,2025,541215025,1,9,0,18,19,7,3,0,0,1,0,0,0,0,1,1,3,7,2,42,7,-1,-1,-1,-1,10,E01014377,0,3
2025541216225,2025,541216225,2,1,0,18,19,7,4,5,5,8,0,0,0,0,1,1,4,7,2,15,3,-1,-1,-1,-1,8,E01032074,0,1
2025541216225,2025,541216225,1,9,0,9,9,4,1,0,0,8,0,0,0,0,4,1,5,6,2,28,6,-1,-1,-1,-1,5,E01032068,0,1
2025541220425,2025,541220425,1,9,0,4,4,8,4,0,0,1,1,0,1,1,1,1,5,6,2,23,5,-1,-1,-1,-1,10,E01032055,0,1
2025541233625,2025,541233625,1,9,0,9,9,6,4,0,0,1,0,0,0,0,1,1,5,6,2,67,10,-1,-1,-1,-1,5,E01032004,0,2
2025541233625,2025,541233625,2,5,0,13,13,2,6,0,0,1,2,0,0,0,3,1,5,6,1,64,9,-1,-1,-1,-1,4,E01029036,0,4
2025541235925,2025,541235925,2,9,0,18,19,7,3,0,0,0,0,0,0,0,4,1,5,6,1,39,7,-1,-1,-1,-1,-1,-1,0,-1
2025541235925,2025,541235925,1,9,0,12,12,7,3,0,0,0,0,0,4,6,3,1,5,6,2,71,10,-1,-1,-1,-1,7,E01020193,0,5
2025541241725,2025,541241725,1,9,0,9,9,2,8,0,0,5,0,0,0,0,1,1,6,6,3,-1,-1,-1,-1,-1,-1,-1,-1,0,-1
2025541279625,2025,541279625,1,9,0,18,19,5,1,0,0,0,0,0,0,0,1,1,6,6,2,19,4,-1,-1,-1,-1,10,E01023189,0,4
2025541279625,2025,541279625,2,19,0,4,4,5,1,0,0,0,0,0,0,0,2,1,1,1,1,41,7,-1,-1,-1,-1,5,E01023216,0,4
2025541321025,2025,541321025,1,9,0,9,9,3,7,0,0,4,0,0,0,0,1,1,5,6,2,22,5,-1,-1,-1,-1,9,E01034527,0,1
2025541321025,2025,541321025,2,9,0,9,9,7,3,0,0,8,0,0,0,0,1,1,5,6,2,55,8,-1,-1,-1,-1,10,E01032045,0,2
2025541330825,2025,541330825,1,9,0,18,19,6,2,0,0,4,0,0,0,0,1,1,6,6,2,53,8,-1,-1,-1,-1,7,E01032016,0,2
2025541330825,2025,541330825,2,19,0,18,19,6,2,0,0,4,0,0,0,0,2,1,1,1,1,49,8,-1,-1,-1,-1,10,E01032009,0,3
2025541352625,2025,541352625,2,19,0,10,10,4,1,0,0,1,0,0,1,0,2,1,6,6,1,40,7,-1,-1,-1,-1,6,E01032119,0,1
2025541352625,2025,541352625,1,9,0,18,19,4,1,0,0,1,0,0,0,0,1,1,6,6,1,57,9,-1,-1,-1,-1,7,E01034541,0,1
2025541386925,2025,541386925,1,9,0,18,19,1,5,0,0,0,0,0,1,10,1,1,6,6,2,58,9,-1,-1,-1,-1,8,E01034546,0,4
2025541452725,2025,541452725,2,1,0,5,5,7,3,0,0,6,0,0,0,0,3,1,6,6,2,26,6,-1,-1,-1,-1,4,E01032094,0,1
2025541452725,2025,541452725,1,9,0,18,19,5,1,0,0,1,0,0,0,0,1,1,6,6,3,-1,-1,-1,-1,-1,-1,-1,-1,0,-1
2025541476425,2025,541476425,2,9,0,17,19,7,4,0,0,0,0,0,0,0,1,1,1,1,2,66,10,-1,-1,-1,-1,9,E01015535,0,1
2025541476425,2025,541476425,1,9,0,15,15,5,8,0,0,0,0,0,0,0,1,1,5,6,1,50,8,-1,-1,-1,-1,10,E01032700,0,2
2025541488725,2025,541488725,1,9,0,18,19,7,3,0,0,0,1,0,0,0,1,1,5,6,1,22,5,-1,-1,-1,-1,5,E01031952,0,1
2025541532125,2025,541532125,1,9,0,18,19,7,3,0,0,0,0,0,0,0,1,1,6,6,1,18,4,-1,-1,-1,-1,6,E01034548,0,1
2025541532125,2025,541532125,2,9,0,18,19,3,7,0,0,0,0,0,0,0,1,1,6,6,1,35,6,-1,-1,-1,-1,6,E01034547,0,1
2025541532125,2025,541532125,3,19,0,18,19,7,3,0,0,0,0,0,1,0,1,1,6,6,1,31,6,-1,-1,-1,-1,4,E01032019,0,2
2025541554125,2025,541554125,1,9,0,18,19,4,5,0,0,3,1,0,0,0,1,1,3,7,1,50,8,-1,-1,-1,-1,6,E01034549,0,1
2025541554125,2025,541554125,2,19,0,18,19,1,5,0,0,3,0,0,0,0,2,1,1,1,1,63,9,-1,-1,-1,-1,9,E01031995,0,3
2025541555825,2025,541555825,2,19,0,16,19,8,4,0,0,8,0,0,0,0,2,1,1,1,1,45,7,-1,-1,-1,-1,9,E01031995,0,2
2025541555825,2025,541555825,1,9,0,4,4,6,2,0,0,4,0,0,0,0,1,1,6,6,1,81,11,-1,-1,-1,-1,8,E01032042,0,3
2025541567225,2025,541567225,2,19,0,4,4,3,7,0,0,0,0,0,0,0,3,1,1,1,1,51,8,-1,-1,-1,-1,1,E01015538,0,2
2025541567225,2025,541567225,1,90,0,18,19,1,5,8,6,0,1,0,0,0,1,1,6,6,2,21,5,-1,-1,-1,-1,10,E01015471,0,1
2025541568325,2025,541568325,3,9,0,4,4,6,2,0,0,0,0,0,0,0,2,1,6,6,2,68,10,-1,-1,-1,-1,-1,-1,0,-1
2025541568325,2025,541568325,2,9,0,4,4,6,2,0,0,0,0,0,0,0,2,1,6,6,2,82,11,-1,-1,-1,-1,8,E01015557,0,1
2025541568325,2025,541568325,1,9,0,4,4,6,2,0,0,0,0,0,0,0,1,1,6,6,1,85,11,-1,-1,-1,-1,5,E01015554,0,1
2025541568425,2025,541568425,1,9,0,5,5,1,5,0,0,1,0,0,0,0,1,1,6,6,2,51,8,-1,-1,-1,-1,1,E01015546,0,1
2025541568425,2025,541568425,2,9,0,18,19,7,4,0,0,8,0,0,0,0,4,1,6,6,1,21,5,-1,-1,-1,-1,6,E01016306,0,4
2025541574725,2025,541574725,1,9,0,7,7,2,4,0,0,6,0,0,0,0,1,1,6,6,2,75,10,-1,-1,-1,-1,5,E01015505,0,1
2025541588125,2025,541588125,1,9,0,18,19,2,6,0,0,0,1,4,7,11,3,1,5,6,2,81,11,-1,-1,-1,-1,5,E01032056,0,1
2025541588125,2025,541588125,3,19,0,2,2,0,0,0,0,0,0,0,0,0,2,1,6,6,3,-1,-1,-1,-1,-1,-1,-1,-1,0,-1
2025541588125,2025,541588125,2,9,0,2,2,0,0,0,0,0,0,0,0,0,3,1,6,6,3,-1,-1,-1,-1,-1,-1,-1,-1,0,-1
2025541588625,2025,541588625,1,4,0,5,5,1,3,0,0,6,0,10,0,0,1,1,5,6,1,27,6,-1,-1,-1,-1,3,E01015477,0,2
2025541589025,2025,541589025,2,9,0,4,4,8,4,0,0,1,0,0,0,0,2,1,6,6,1,48,8,-1,-1,-1,-1,9,E01032106,0,2
2025541589025,2025,541589025,1,19,0,18,19,8,4,0,0,1,0,0,0,0,1,1,2,2,1,45,7,-1,-1,-1,-1,3,E01032118,0,1
2025541598725,2025,541598725,1,9,0,4,4,5,1,0,0,1,0,0,0,0,1,1,6,6,3,-1,-1,-1,-1,-1,-1,-1,-1,0,-1
2025541600823,2025,541600823,1,9,0,-1,19,3,7,-1,0,0,0,0,1,9,1,9,-1,9,2,17,4,-1,-1,-1,-1,8,E01022221,0,3
2025541608325,2025,541608325,1,9,0,18,19,1,5,0,0,1,0,0,0,0,1,1,6,6,2,42,7,-1,-1,-1,-1,7,E01015552,0,1
2025541608325,2025,541608325,2,9,0,3,3,1,5,0,0,1,0,0,0,0,2,1,6,6,2,37,7,-1,-1,-1,-1,8,E01015534,0,1
2025541635425,2025,541635425,1,9,0,17,19,1,7,9,9,8,0,0,0,0,1,1,6,6,1,31,6,-1,-1,-1,-1,8,E01032095,0,1
2025541659925,2025,541659925,2,11,0,18,19,6,2,0,0,3,0,0,0,0,0,1,1,1,1,19,4,-1,-1,-1,-1,5,E01028718,0,3
2025541659925,2025,541659925,1,9,0,11,11,6,2,0,0,3,0,0,0,0,0,1,6,6,1,49,8,-1,-1,-1,-1,2,E01033846,0,1
2025541693425,2025,541693425,1,9,0,9,9,2,6,0,0,1,0,0,0,0,1,1,5,6,2,43,7,-1,-1,-1,-1,8,E01032057,0,1
2025541693425,2025,541693425,2,9,0,18,19,8,2,0,0,1,0,0,0,0,1,1,5,6,1,22,5,-1,-1,-1,-1,6,E01031853,0,3
2025541702425,2025,541702425,2,9,0,3,3,4,8,0,0,1,0,0,0,0,3,1,6,6,1,38,7,-1,-1,-1,-1,8,E01015481,0,1
2025541702425,2025,541702425,1,9,0,18,19,1,5,0,0,8,0,0,1,0,1,1,6,6,1,63,9,-1,-1,-1,-1,5,E01015554,0,1
2025541702825,2025,541702825,1,9,0,18,19,4,8,0,0,0,0,0,0,0,1,1,6,6,1,44,7,-1,-1,-1,-1,10,E01032700,0,1
2025541702825,2025,541702825,2,9,0,18,19,8,4,0,0,0,0,0,0,0,1,1,6,6,2,43,7,-1,-1,-1,-1,9,E01032703,0,1
2025541762225,2025,541762225,1,9,0,18,19,8,4,0,0,1,0,0,1,0,1,1,2,2,1,31,6,-1,-1,-1,-1,6,E01031853,0,2
2025541762225,2025,541762225,2,9,0,10,10,8,4,0,0,1,0,0,0,0,2,1,6,6,2,50,8,-1,-1,-1,-1,9,E01031931,0,2
2025541770325,2025,541770325,1,9,0,18,19,2,6,0,0,0,0,0,0,0,4,1,1,1,1,59,9,-1,-1,-1,-1,8,E01031861,0,1
2025541811625,2025,541811625,2,9,0,18,19,3,7,0,0,8,5,0,6,0,1,1,6,6,1,47,8,-1,-1,-1,-1,4,E01020444,0,4
2025541811625,2025,541811625,1,9,0,18,19,5,1,0,0,6,0,0,0,0,1,1,6,6,1,80,11,-1,-1,-1,-1,9,E01023197,0,4
2025541819125,2025,541819125,1,9,0,9,9,7,5,0,0,5,0,0,0,0,1,1,1,1,1,33,6,-1,-1,-1,-1,4,E01031895,0,1
2025541819125,2025,541819125,2,1,0,18,19,1,5,0,0,8,0,0,0,0,3,1,6,6,1,52,8,-1,-1,-1,-1,8,E01034525,0,1
2025541851125,2025,541851125,1,9,0,18,19,5,1,0,0,1,0,0,7,11,1,1,6,6,1,72,10,-1,-1,-1,-1,10,E01031903,0,3
2025541877925,2025,541877925,1,9,0,18,19,5,1,0,0,0,0,0,0,0,1,1,2,2,1,30,6,-1,-1,-1,-1,9,E01031988,0,2
2025541885325,2025,541885325,1,9,0,13,13,4,8,0,0,0,5,0,7,0,4,1,6,6,1,78,11,-1,-1,-1,-1,6,E01032082,0,3
2025541885325,2025,541885325,2,9,0,18,19,4,8,0,0,0,0,0,0,0,3,1,6,6,1,25,5,-1,-1,-1,-1,3,E01031914,0,4
2025541885325,2025,541885325,3,17,0,18,19,4,8,0,0,0,0,0,7,0,3,1,1,1,1,42,7,-1,-1,-1,-1,8,E01031904,0,4
2025541920425,2025,541920425,2,3,0,18,19,8,4,0,0,8,0,0,0,0,4,1,5,6,1,42,7,-1,-1,-1,-1,10,E01030726,0,4
2025541920425,2025,541920425,1,9,0,5,5,3,7,0,0,6,0,0,0,0,1,1,6,6,1,72,10,-1,-1,-1,-1,8,E01032699,0,3
2025541943525,2025,541943525,2,9,0,18,19,6,2,0,0,0,0,0,2,7,3,1,6,6,1,37,7,-1,-1,-1,-1,8,E01015549,0,1
2025541943525,2025,541943525,1,9,0,13,13,6,2,0,0,0,0,0,0,0,1,1,6,6,1,44,7,-1,-1,-1,-1,6,E01015579,0,1
2025541955825,2025,541955825,2,21,1,5,5,2,3,0,0,8,0,0,0,0,2,1,1,1,1,48,8,-1,-1,-1,-1,2,E01009740,0,5
2025541955825,2025,541955825,1,9,0,5,5,2,3,0,0,8,0,0,0,0,1,1,1,1,2,52,8,-1,-1,-1,-1,9,E01031920,0,1
2025541957725,2025,541957725,2,9,0,9,9,2,6,0,0,6,0,0,0,0,1,1,1,1,1,52,8,-1,-1,-1,-1,8,E01034537,0,1
2025541957725,2025,541957725,1,9,0,18,19,8,4,0,0,8,0,0,0,0,1,1,6,6,2,78,11,-1,-1,-1,-1,4,E01032115,0,2
2025541968025,2025,541968025,2,9,0,18,19,8,4,0,0,0,0,0,0,0,0,1,1,1,1,-1,-1,-1,-1,-1,-1,-1,-1,0,-1
2025541968025,2025,541968025,3,9,0,2,2,0,0,0,0,0,0,0,0,0,2,1,6,6,3,-1,-1,-1,-1,-1,-1,-1,-1,0,-1
2025541968025,2025,541968025,1,9,0,18,19,8,4,0,0,0,5,4,0,0,1,1,6,6,1,31,6,-1,-1,-1,-1,1,E01014458,0,4
2025541968025,2025,541968025,4,9,0,2,2,0,0,0,0,0,0,0,0,0,1,1,6,6,3,-1,-1,-1,-1,-1,-1,-1,-1,0,-1
2025541969025,2025,541969025,1,9,0,5,5,1,5,0,0,0,0,0,0,0,1,1,1,1,2,47,8,-1,-1,-1,-1,6,E01034539,0,4
2025541972125,2025,541972125,2,21,1,18,19,1,5,0,0,8,2,0,0,0,1,1,1,1,1,38,7,-1,-1,-1,-1,7,E01015582,0,4
2025541972125,2025,541972125,1,9,0,18,19,3,7,0,0,6,1,0,0,0,3,1,6,6,1,22,5,-1,-1,-1,-1,9,E01021144,0,5
2025541998225,2025,541998225,1,9,0,15,15,4,8,0,0,1,0,0,0,0,1,1,6,6,1,20,4,-1,-1,-1,-1,4,E01031980,0,1
2025541998225,2025,541998225,2,19,0,18,19,8,2,0,0,1,0,0,0,0,1,1,6,6,1,76,11,-1,-1,-1,-1,9,E01032034,0,2
2025542000125,2025,542000125,2,9,0,4,4,4,8,0,0,1,0,0,0,0,2,1,5,6,1,25,5,-1,-1,-1,-1,2,E01033846,0,1
2025542000125,2025,542000125,1,9,0,18,19,4,8,0,0,1,0,0,0,0,1,1,5,6,1,41,7,-1,-1,-1,-1,4,E01032714,0,1
2025542005525,2025,542005525,2,9,0,18,19,5,1,0,0,0,2,0,2,10,3,1,2,2,1,18,4,-1,-1,-1,-1,9,E01031930,0,4
2025542005525,2025,542005525,1,9,0,13,13,5,1,0,0,0,0,0,0,0,4,1,6,6,3,-1,-1,-1,-1,-1,-1,-1,-1,0,-1
2025542007825,2025,542007825,1,9,0,17,19,1,5,0,0,0,5,4,1,0,3,1,5,6,1,36,7,-1,-1,-1,-1,5,E01032090,0,1
2025542007825,2025,542007825,3,9,0,2,2,0,0,-1,-1,0,0,0,0,11,1,1,6,6,3,-1,-1,-1,-1,-1,-1,-1,-1,0,-1
2025542007825,2025,542007825,2,9,0,2,2,0,0,-1,-1,0,0,0,0,11,1,1,6,6,3,-1,-1,-1,-1,-1,-1,-1,-1,0,-1
2025542007825,2025,542007825,4,9,0,2,2,0,0,-1,-1,0,0,0,0,11,1,1,6,6,3,-1,-1,-1,-1,-1,-1,-1,-1,0,-1
2025542013125,2025,542013125,1,9,0,18,19,2,6,0,0,3,0,0,0,0,3,1,6,6,3,-1,-1,-1,-1,-1,-1,-1,-1,0,-1
2025542013125,2025,542013125,2,9,0,18,19,6,2,0,0,4,0,0,0,0,3,1,5,6,1,59,9,-1,-1,-1,-1,7,E01033860,0,2
2025542022025,2025,542022025,1,3,0,13,13,4,8,0,0,5,0,0,0,0,1,1,1,1,1,26,6,-1,-1,-1,-1,7,E01034520,0,2
2025542022025,2025,542022025,2,9,0,9,9,4,2,0,0,8,0,0,0,0,3,1,6,6,2,18,4,-1,-1,-1,-1,9,E01031955,0,2
2025542035025,2025,542035025,2,9,0,18,19,4,1,0,0,8,0,0,0,0,4,1,1,1,2,45,7,-1,-1,-1,-1,8,E01022191,0,3
2025542035025,2025,542035025,1,9,0,7,7,6,1,0,0,6,0,0,0,0,1,1,6,6,1,-1,-1,-1,-1,-1,-1,-1,-1,0,-1
2025542070425,2025,542070425,1,9,0,18,19,3,7,0,0,0,0,0,7,4,3,1,6,6,2,23,5,-1,-1,-1,-1,9,E01032069,0,4
2025542070425,2025,542070425,2,9,0,18,19,7,3,0,0,0,0,0,0,0,3,1,6,6,1,34,6,-1,-1,-1,-1,8,E01031964,0,1
2025542071125,2025,542071125,1,9,0,16,19,1,4,0,0,0,5,0,2,10,4,1,6,6,1,29,6,-1,-1,-1,-1,9,E01015535,0,3
2025542098625,2025,542098625,2,9,0,18,19,8,4,0,0,1,0,0,0,0,4,1,5,6,2,46,8,-1,-1,-1,-1,3,E01015530,0,1
2025542098625,2025,542098625,1,19,0,12,12,8,4,0,0,1,0,0,0,0,3,1,1,1,1,35,6,-1,-1,-1,-1,1,E01010076,0,5
2025542109125,2025,542109125,1,9,0,14,14,4,8,0,0,0,0,4,0,0,4,1,5,6,2,68,10,-1,-1,-1,-1,6,E01034538,0,3
2025542109125,2025,542109125,2,19,0,2,2,0,0,0,0,0,0,0,0,0,3,1,6,6,3,-1,-1,-1,-1,-1,-1,-1,-1,0,-1
2025542114225,2025,542114225,1,9,0,9,9,2,8,0,0,6,0,0,0,0,1,1,5,6,1,62,9,-1,-1,-1,-1,-1,-1,0,-1
2025542114225,2025,542114225,2,9,0,18,19,8,4,0,0,8,0,0,0,0,4,1,5,6,2,48,8,-1,-1,-1,-1,9,E01032105,0,1
2025542114525,2025,542114525,1,9,0,18,19,5,1,0,0,0,5,0,1,9,4,1,5,6,2,64,9,-1,-1,-1,-1,10,E01031949,0,1
2025542167525,2025,542167525,2,1,0,18,19,1,5,0,0,0,0,0,0,0,2,1,2,2,1,43,7,-1,-1,-1,-1,5,E01015587,0,1
2025542167525,2025,542167525,1,9,0,18,19,1,5,0,0,0,0,0,0,0,1,1,6,6,3,-1,-1,-1,-1,-1,-1,-1,-1,0,-1
2025542190825,2025,542190825,1,9,0,18,19,1,5,0,0,4,0,0,0,0,1,1,5,6,2,28,6,-1,-1,-1,-1,5,E01031925,0,1
2025542190825,2025,542190825,2,9,0,18,19,7,3,0,0,8,0,0,0,0,4,1,1,1,1,36,7,-1,-1,-1,-1,8,E01031918,0,1
2025542199525,2025,542199525,1,9,0,9,9,1,7,0,0,5,0,0,0,0,1,1,6,6,1,83,11,-1,-1,-1,-1,10,E01031919,0,1
2025542224125,2025,542224125,1,19,0,18,19,5,1,0,0,0,5,0,1,2,1,1,1,1,1,58,9,-1,-1,-1,-1,4,E01031851,0,3
2025542230125,2025,542230125,3,9,0,3,3,4,1,0,0,1,0,0,0,0,2,1,2,2,1,56,9,-1,-1,-1,-1,4,E01015516,0,1
2025542230125,2025,542230125,1,19,0,4,4,4,1,0,0,1,0,0,0,0,1,1,5,6,1,64,9,-1,-1,-1,-1,1,E01015546,0,1
2025542230125,2025,542230125,2,9,0,3,3,4,1,0,0,1,0,0,0,0,2,1,6,6,2,48,8,-1,-1,-1,-1,3,E01015510,0,1
2025542252425,2025,542252425,1,19,0,18,19,3,7,0,0,1,1,0,0,0,1,1,5,6,1,58,9,-1,-1,-1,-1,-1,-1,0,-1
2025542252425,2025,542252425,2,9,0,4,4,3,7,0,0,1,0,0,0,0,2,1,5,6,2,44,7,-1,-1,-1,-1,9,E01034543,0,1
2025542252525,2025,542252525,1,9,0,5,5,5,1,0,0,6,1,0,0,0,3,1,1,1,2,49,8,-1,-1,-1,-1,4,E01014450,0,4
2025542252525,2025,542252525,2,9,0,18,19,3,7,0,0,8,0,0,0,0,1,1,6,6,2,65,9,-1,-1,-1,-1,6,E01031877,0,1
2025542255225,2025,542255225,1,9,0,5,5,8,4,0,0,1,0,0,0,0,1,1,5,6,2,32,6,-1,-1,-1,-1,8,E01035111,0,2
2025542255225,2025,542255225,2,9,0,18,19,6,2,0,0,8,0,0,0,0,4,1,5,6,2,39,7,-1,-1,-1,-1,5,E01032070,0,3
2025542265625,2025,542265625,1,9,0,18,19,6,2,0,0,8,0,0,7,11,1,1,6,6,2,87,11,-1,-1,-1,-1,6,E01032073,0,1
2025542269925,2025,542269925,1,98,0,18,19,2,6,0,0,0,0,12,0,0,1,1,1,1,1,20,4,-1,-1,-1,-1,7,E01031976,0,4
2025542288825,2025,542288825,4,9,0,2,2,0,0,-1,-1,0,0,0,0,0,3,1,6,6,1,58,9,-1,-1,-1,-1,8,E01015498,0,1
2025542288825,2025,542288825,1,9,0,9,9,2,6,8,6,0,0,0,0,0,1,1,6,6,2,21,5,-1,-1,-1,-1,1,E01015572,0,1
2025542288825,2025,542288825,3,9,0,2,2,0,0,-1,-1,0,0,0,0,0,3,1,6,6,1,52,8,-1,-1,-1,-1,6,E01015574,0,1
2025542288825,2025,542288825,2,9,0,18,19,2,6,0,0,0,1,0,7,11,4,1,6,6,2,37,7,-1,-1,-1,-1,7,E01015581,0,1
2025542289325,2025,542289325,1,9,0,18,19,2,6,0,0,8,5,9,7,3,1,1,6,6,1,37,7,-1,-1,-1,-1,5,E01031889,0,2
2025542290225,2025,542290225,1,11,0,18,19,3,7,0,0,0,0,0,0,0,4,1,6,6,3,-1,-1,-1,-1,-1,-1,-1,-1,0,-1
2025542290225,2025,542290225,2,3,0,18,19,3,7,0,0,0,1,0,7,0,3,1,5,6,1,60,9,-1,-1,-1,-1,1,E01015214,0,5
2025542290425,2025,542290425,1,9,0,18,19,4,8,0,0,0,0,10,0,10,1,1,6,6,1,18,4,-1,-1,-1,-1,9,E01010220,0,5
2025542337925,2025,542337925,1,9,0,5,5,6,2,0,0,4,0,0,0,0,1,1,6,6,2,66,10,-1,-1,-1,-1,7,E01033843,0,1
2025542337925,2025,542337925,2,1,0,18,19,4,8,0,0,3,0,0,0,0,4,1,6,6,1,44,7,-1,-1,-1,-1,8,E01028765,0,3
2025542350125,2025,542350125,2,9,0,9,9,2,7,0,0,1,1,0,0,0,4,1,6,6,2,59,9,-1,-1,-1,-1,9,E01015535,0,1
2025542350125,2025,542350125,1,9,0,18,19,5,2,0,0,1,0,0,0,0,1,1,6,6,2,59,9,-1,-1,-1,-1,8,E01031852,0,4
2025542367125,2025,542367125,2,3,0,16,19,1,5,0,0,8,0,0,0,0,4,1,6,6,1,32,6,-1,-1,-1,-1,8,E01032095,0,1
2025542367125,2025,542367125,1,19,0,18,19,3,7,0,0,4,0,0,0,0,1,1,6,6,1,27,6,-1,-1,-1,-1,5,E01032089,0,1
2025542406625,2025,542406625,1,9,0,18,19,0,0,0,0,0,0,0,0,0,4,1,3,7,1,59,9,-1,-1,-1,-1,9,E01032702,0,1
2025542407025,2025,542407025,1,9,0,5,5,7,3,0,0,4,0,0,0,0,3,1,6,6,1,81,11,-1,-1,-1,-1,10,E01015563,0,1
2025542407025,2025,542407025,2,3,0,9,9,3,1,0,0,3,0,0,0,0,1,1,6,6,1,52,8,-1,-1,-1,-1,10,E01015471,0,2
2025542417925,2025,542417925,1,9,0,17,19,1,5,0,0,0,2,0,1,10,4,1,6,6,1,21,5,-1,-1,-1,-1,5,E01035462,0,4
2025542437325,2025,542437325,2,9,0,18,19,2,6,0,0,0,0,11,0,0,1,1,6,6,2,44,7,-1,-1,-1,-1,7,E01034624,0,4
2025542437325,2025,542437325,1,21,1,18,19,2,6,0,0,0,0,0,0,0,0,1,1,1,1,24,5,-1,-1,-1,-1,5,E01018820,0,5
2025542437325,2025,542437325,3,9,0,18,19,6,2,0,0,0,0,11,0,0,1,1,6,6,1,28,6,-1,-1,-1,-1,6,E01035457,0,4
2025542456225,2025,542456225,1,9,4,18,19,7,2,0,0,0,5,0,7,0,4,1,5,6,1,34,6,-1,-1,-1,-1,8,E01031941,0,1
2025542457225,2025,542457225,1,9,0,1,1,3,7,0,0,4,0,0,0,0,1,1,5,6,1,-1,-1,-1,-1,-1,-1,-1,-1,0,-1
2025542457225,2025,542457225,2,9,0,1,1,3,7,0,0,4,0,0,0,0,2,1,5,6,2,55,8,-1,-1,-1,-1,3,E01015580,0,1