collision_index,collision_year,collision_ref_no,vehicle_reference,vehicle_type,towing_and_articulation,vehicle_manoeuvre_historic,vehicle_manoeuvre,vehicle_direction_from,vehicle_direction_to,vehicle_location_restricted_lane_historic,vehicle_location_restricted_lane,junction_location,skidding_and_overturning,hit_object_in_carriageway,vehicle_leaving_carriageway,hit_object_off_carriageway,first_point_of_impact,vehicle_left_hand_drive,journey_purpose_of_driver_historic,journey_purpose_of_driver,sex_of_driver,age_of_driver,age_band_of_driver,engine_capacity_cc,propulsion_code,age_of_vehicle,generic_make_model,driver_imd_decile,lsoa_of_driver,escooter_flag,driver_distance_banding
2025542460025,2025,542460025,2,9,0,18,19,5,1,0,0,8,0,0,0,0,4,1,5,6,2,70,10,-1,-1,-1,-1,7,E01032077,0,1
2025542460025,2025,542460025,1,9,0,5,5,7,3,0,0,4,0,0,0,0,1,1,3,7,1,43,7,-1,-1,-1,-1,4,E01032101,0,1
2025542463225,2025,542463225,1,9,0,18,19,5,1,0,0,0,0,0,0,0,1,1,2,2,1,53,8,-1,-1,-1,-1,8,E01015522,0,1
2025542463225,2025,542463225,2,11,0,18,19,1,5,0,0,0,0,0,1,0,1,1,1,1,1,63,9,-1,-1,-1,-1,4,E01022399,0,4
2025542471725,2025,542471725,2,1,0,12,12,6,2,0,0,0,2,0,0,0,2,1,5,6,1,15,3,-1,-1,-1,-1,5,E01015480,0,1
2025542471725,2025,542471725,1,9,0,18,19,6,2,0,0,0,1,0,0,0,1,1,5,6,1,33,6,-1,-1,-1,-1,9,E01014908,0,4
2025542474025,2025,542474025,1,9,0,5,5,5,1,0,0,4,0,0,0,0,1,1,2,2,1,57,9,-1,-1,-1,-1,7,E01015560,0,1
2025542474025,2025,542474025,2,1,0,18,19,3,7,0,0,8,0,0,0,0,4,1,6,6,1,61,9,-1,-1,-1,-1,-1,-1,0,-1
2025542495925,2025,542495925,2,19,0,16,19,2,6,0,0,1,0,0,0,0,1,1,1,1,1,59,9,-1,-1,-1,-1,7,W01001076,0,4
2025542495925,2025,542495925,1,9,0,17,19,6,2,0,0,1,1,0,0,0,1,1,6,6,2,44,7,-1,-1,-1,-1,9,E01034527,0,2
2025542508925,2025,542508925,2,9,0,18,19,2,8,0,0,8,0,0,0,0,1,1,2,2,2,40,7,-1,-1,-1,-1,5,E01015480,0,1
2025542508925,2025,542508925,1,2,0,5,5,4,8,0,0,4,0,0,0,0,2,1,5,6,2,16,4,-1,-1,-1,-1,8,E01015498,0,1
2025542521725,2025,542521725,1,9,0,9,9,1,7,0,0,5,0,0,0,0,1,1,6,6,1,35,6,-1,-1,-1,-1,1,E01006215,0,5
2025542521725,2025,542521725,2,9,0,18,19,4,1,0,0,8,0,0,0,0,1,1,6,6,1,36,7,-1,-1,-1,-1,2,E01033845,0,1
2025542533425,2025,542533425,1,9,0,5,5,7,3,0,0,4,0,0,0,0,1,1,2,2,1,38,7,-1,-1,-1,-1,6,E01015496,0,1
2025542533425,2025,542533425,2,10,0,6,6,3,3,0,0,8,0,0,0,0,4,1,3,7,2,59,9,-1,-1,-1,-1,2,E01015540,0,1
2025542541625,2025,542541625,1,9,0,18,19,2,6,0,0,1,0,0,0,0,1,1,2,2,2,90,11,-1,-1,-1,-1,5,E01035460,0,4
2025542541625,2025,542541625,2,19,0,4,4,2,6,0,0,1,0,0,0,0,2,1,2,2,1,63,9,-1,-1,-1,-1,8,E01032041,0,1
2025542542225,2025,542542225,1,9,0,9,9,1,7,0,0,6,0,0,0,0,2,1,6,6,2,41,7,-1,-1,-1,-1,4,E01032094,0,3
2025542542225,2025,542542225,2,9,0,18,19,3,7,0,0,8,0,0,0,0,1,1,6,6,1,65,9,-1,-1,-1,-1,8,E01031852,0,1
2025542547125,2025,542547125,3,9,0,17,19,2,7,0,0,1,0,0,0,0,4,1,1,1,1,24,5,-1,-1,-1,-1,6,E01014591,0,4
2025542547125,2025,542547125,2,9,0,17,19,2,8,0,0,1,0,0,0,0,3,1,5,6,2,34,6,-1,-1,-1,-1,10,E01014411,0,2
2025542547125,2025,542547125,1,19,4,16,19,8,2,0,0,1,4,0,0,0,3,1,1,1,1,37,7,-1,-1,-1,-1,5,E01016496,0,5
2025542562225,2025,542562225,1,9,0,17,19,4,1,0,0,1,0,0,0,0,1,1,6,6,1,48,8,-1,-1,-1,-1,7,E01033844,0,1
2025542579525,2025,542579525,1,9,0,18,19,8,4,0,0,8,0,0,0,0,1,1,6,6,3,-1,-1,-1,-1,-1,-1,-1,-1,0,-1
2025542579525,2025,542579525,2,2,0,7,7,5,8,0,0,6,0,0,0,0,1,1,5,6,1,16,4,-1,-1,-1,-1,6,E01032073,0,1
2025542579825,2025,542579825,1,9,0,18,19,3,7,0,0,0,2,0,8,11,1,1,1,1,1,23,5,-1,-1,-1,-1,8,E01014723,0,4
2025542588225,2025,542588225,2,9,0,18,19,8,4,0,0,0,0,0,0,0,1,1,5,6,1,20,4,-1,-1,-1,-1,3,E01032118,0,2
2025542588225,2025,542588225,1,9,0,18,19,4,8,0,0,0,0,0,0,0,1,1,5,6,1,62,9,-1,-1,-1,-1,10,E01029030,0,2
2025542595925,2025,542595925,1,9,0,18,19,1,5,0,0,0,0,0,2,11,1,1,6,6,1,58,9,-1,-1,-1,-1,10,E01031915,0,1
2025542605525,2025,542605525,3,9,0,16,19,2,4,0,0,1,0,0,0,0,1,1,6,6,1,28,6,-1,-1,-1,-1,1,E01015508,0,1
2025542605525,2025,542605525,2,9,0,16,19,2,4,0,0,1,0,0,0,0,2,1,5,6,1,27,6,-1,-1,-1,-1,8,E01032701,0,2
2025542605525,2025,542605525,1,9,0,18,19,8,4,0,0,8,0,0,0,0,0,1,6,6,3,-1,-1,-1,-1,-1,-1,-1,-1,0,-1
2025542618725,2025,542618725,2,9,0,13,13,6,2,0,0,0,0,0,0,0,4,1,6,6,1,80,11,-1,-1,-1,-1,7,E01022225,0,3
2025542618725,2025,542618725,1,4,0,13,13,6,2,0,0,0,0,0,0,0,3,1,6,6,1,67,10,-1,-1,-1,-1,10,E01015518,0,1
2025542622525,2025,542622525,1,9,0,18,19,5,1,0,0,6,0,0,0,0,1,1,5,6,2,18,4,-1,-1,-1,-1,10,E01014424,0,4
2025542622525,2025,542622525,2,9,0,18,19,7,3,0,0,8,0,0,1,0,1,1,5,6,1,43,7,-1,-1,-1,-1,5,E01031991,0,1
2025542626225,2025,542626225,1,9,0,14,14,7,3,0,0,0,0,0,0,0,4,1,6,6,3,-1,-1,-1,-1,-1,-1,-1,-1,0,-1
2025542626225,2025,542626225,2,1,0,14,14,7,3,0,0,0,0,0,0,0,3,1,5,6,1,11,3,-1,-1,-1,-1,7,E01032078,0,1
2025542635725,2025,542635725,1,90,0,18,19,7,4,9,9,2,0,0,1,5,1,1,6,6,1,60,9,-1,-1,-1,-1,5,E01015554,0,1
2025542637225,2025,542637225,1,9,0,16,19,7,3,0,0,0,5,0,0,4,1,1,5,6,1,17,4,-1,-1,-1,-1,9,E01031958,0,2
2025542639925,2025,542639925,1,9,0,17,19,4,1,0,0,0,1,0,7,9,0,1,2,2,1,57,9,-1,-1,-1,-1,3,E01031963,0,1
2025542666525,2025,542666525,2,9,0,10,10,5,1,0,0,1,0,0,0,0,2,1,6,6,2,35,6,-1,-1,-1,-1,4,E01031980,0,1
2025542666525,2025,542666525,1,9,0,18,19,5,1,0,0,1,0,0,0,0,1,1,6,6,1,64,9,-1,-1,-1,-1,-1,-1,0,-1
2025542666525,2025,542666525,3,9,0,18,19,1,5,0,0,1,0,0,0,0,1,1,6,6,1,33,6,-1,-1,-1,-1,9,E01032105,0,4
2025542670225,2025,542670225,1,-1,0,18,19,3,7,0,0,0,0,0,0,0,3,1,5,6,1,10,2,-1,-1,-1,-1,2,E01032093,1,1
2025542670225,2025,542670225,2,9,0,18,19,8,4,0,0,0,0,0,0,0,1,1,5,6,1,60,9,-1,-1,-1,-1,2,E01032093,0,1
2025542691225,2025,542691225,1,4,0,18,19,2,6,0,0,4,0,0,0,0,3,1,1,1,1,21,5,-1,-1,-1,-1,6,E01016306,0,3
2025542691225,2025,542691225,2,9,0,18,19,8,4,0,0,8,0,0,0,0,1,1,1,1,1,45,7,-1,-1,-1,-1,7,E01015524,0,2
2025542693825,2025,542693825,1,5,0,14,14,5,1,0,0,1,0,0,0,0,1,1,5,6,1,71,10,-1,-1,-1,-1,10,E01032080,0,1
2025542693825,2025,542693825,2,9,0,9,9,5,3,0,0,5,0,0,0,0,3,1,2,2,1,58,9,-1,-1,-1,-1,5,E01032089,0,1
2025542697225,2025,542697225,2,9,0,4,4,8,4,0,0,0,0,0,0,0,2,1,5,6,2,30,6,-1,-1,-1,-1,8,E01032709,0,1
2025542697225,2025,542697225,1,9,0,18,19,8,4,0,0,0,0,0,0,0,1,1,5,6,1,73,10,-1,-1,-1,-1,10,E01032700,0,1
2025542697225,2025,542697225,3,9,0,4,4,8,4,0,0,0,0,0,0,0,2,1,5,6,2,43,7,-1,-1,-1,-1,8,E01032704,0,1
2025542705925,2025,542705925,1,9,0,12,12,7,3,0,0,1,0,0,0,0,2,1,6,6,1,34,6,-1,-1,-1,-1,4,E01031851,0,3
2025542705925,2025,542705925,2,5,0,18,19,7,3,0,0,1,5,0,0,0,1,1,6,6,1,57,9,-1,-1,-1,-1,6,E01031846,0,2
2025542717725,2025,542717725,1,9,0,18,19,1,5,0,0,0,0,0,1,10,4,1,6,6,1,71,10,-1,-1,-1,-1,-1,-1,0,-1
2025542725525,2025,542725525,2,9,0,4,4,2,6,0,0,1,0,0,0,0,2,1,1,1,2,20,4,-1,-1,-1,-1,5,E01035461,0,4
2025542725525,2025,542725525,1,9,0,4,4,2,6,0,0,1,0,0,0,0,1,1,5,6,1,40,7,-1,-1,-1,-1,7,E01031976,0,2
2025542760225,2025,542760225,1,9,0,9,9,7,3,0,0,1,0,0,0,0,1,1,1,1,1,75,10,-1,-1,-1,-1,10,E01031874,0,1
2025542760225,2025,542760225,2,19,0,18,19,4,8,0,0,1,0,0,0,0,4,1,1,1,1,33,6,-1,-1,-1,-1,9,E01016299,0,2
2025542760625,2025,542760625,2,5,0,18,19,2,6,0,0,8,0,0,0,0,4,1,5,6,1,53,8,-1,-1,-1,-1,10,E01031997,0,2
2025542760625,2025,542760625,1,9,0,5,5,4,8,0,0,6,0,0,0,0,1,1,5,6,1,63,9,-1,-1,-1,-1,7,E01031976,0,1
2025542763025,2025,542763025,1,9,0,4,4,6,3,0,0,1,1,0,0,0,1,1,5,6,1,35,6,-1,-1,-1,-1,-1,-1,0,-1
2025542763025,2025,542763025,3,9,0,3,3,6,3,0,0,1,0,0,0,0,2,1,5,6,2,64,9,-1,-1,-1,-1,9,E01002900,0,5
2025542763025,2025,542763025,2,9,0,3,3,6,3,0,0,1,0,0,0,0,2,1,5,6,2,54,8,-1,-1,-1,-1,6,E01031849,0,3
2025542775625,2025,542775625,2,9,0,4,4,4,8,0,0,0,0,0,0,0,2,1,2,2,1,35,6,-1,-1,-1,-1,6,E01032119,0,2
2025542775625,2025,542775625,1,9,0,4,4,4,8,0,0,0,0,0,0,0,1,1,6,6,1,56,9,-1,-1,-1,-1,6,E01032109,0,1
2025542776825,2025,542776825,1,4,0,18,19,3,7,0,0,0,0,0,1,10,4,1,5,6,1,18,4,-1,-1,-1,-1,8,E01032057,0,2
2025542783925,2025,542783925,1,9,0,18,19,1,5,0,0,1,0,0,0,0,1,1,6,6,3,-1,-1,-1,-1,-1,-1,-1,-1,0,-1
2025542783925,2025,542783925,2,1,0,18,19,4,8,0,0,1,0,0,0,0,3,1,5,6,1,15,3,-1,-1,-1,-1,8,E01032701,0,1
2025542796325,2025,542796325,1,9,0,5,5,0,2,0,0,0,0,0,0,0,3,1,3,7,2,33,6,-1,-1,-1,-1,8,E01031885,0,2
2025542798025,2025,542798025,1,9,0,7,7,8,4,0,0,8,0,0,7,4,1,1,2,2,2,25,5,-1,-1,-1,-1,6,E01032030,0,4
2025542827825,2025,542827825,1,9,0,2,2,0,0,0,0,0,0,0,0,0,2,1,6,6,3,-1,-1,-1,-1,-1,-1,-1,-1,0,-1
2025542827825,2025,542827825,3,9,0,18,19,7,3,0,0,0,0,4,0,0,3,1,6,6,1,34,6,-1,-1,-1,-1,6,E01032073,0,3
2025542827825,2025,542827825,2,19,0,18,19,7,3,0,0,0,0,4,0,0,1,1,6,6,1,34,6,-1,-1,-1,-1,9,E01015833,0,5
2025542828925,2025,542828925,1,9,0,18,19,3,7,0,0,5,0,0,0,0,1,1,5,6,1,22,5,-1,-1,-1,-1,10,E01022791,0,4
2025542832325,2025,542832325,3,9,0,10,10,7,3,0,0,1,0,0,0,0,0,1,2,2,2,60,9,-1,-1,-1,-1,9,E01031930,0,1
2025542832325,2025,542832325,2,9,0,15,15,7,3,0,0,1,5,4,2,11,1,1,5,6,1,20,4,-1,-1,-1,-1,10,E01031919,0,3
2025542832325,2025,542832325,1,9,0,14,14,7,3,0,0,1,0,0,0,0,0,1,5,6,1,18,4,-1,-1,-1,-1,10,E01031919,0,3
2025542832325,2025,542832325,4,9,0,2,2,0,0,0,0,1,0,0,0,0,2,1,6,6,3,-1,-1,-1,-1,-1,-1,-1,-1,0,-1
2025542850625,2025,542850625,1,9,0,7,7,3,5,9,9,6,0,0,0,0,1,1,6,6,2,49,8,-1,-1,-1,-1,6,E01016325,0,4
2025542850625,2025,542850625,2,1,0,18,19,5,1,9,9,8,0,0,0,0,3,1,4,7,1,16,4,-1,-1,-1,-1,6,E01031989,0,1
2025542857325,2025,542857325,1,19,0,18,19,4,8,0,0,0,0,0,0,0,4,1,1,1,1,24,5,-1,-1,-1,-1,4,E01031917,0,1
2025542857425,2025,542857425,1,9,0,9,9,2,8,9,9,6,0,0,0,0,1,1,5,6,2,72,10,-1,-1,-1,-1,7,E01034551,0,1
2025542857425,2025,542857425,2,4,0,18,19,8,4,0,0,1,2,0,0,0,1,1,5,6,1,39,7,-1,-1,-1,-1,6,E01032117,0,1
2025542884925,2025,542884925,1,9,0,16,19,4,8,0,0,3,0,0,7,1,1,1,5,6,2,20,4,-1,-1,-1,-1,9,E01014465,0,3
2025542947025,2025,542947025,1,9,0,5,5,5,2,0,0,6,0,0,0,0,1,1,5,6,1,24,5,-1,-1,-1,-1,4,E01032715,0,1
2025542947025,2025,542947025,2,9,0,18,19,6,2,0,0,8,0,0,0,0,3,1,5,6,1,57,9,-1,-1,-1,-1,6,E01015489,0,1
2025542970125,2025,542970125,1,9,0,17,19,2,1,0,0,0,2,0,7,4,1,1,5,6,1,17,4,-1,-1,-1,-1,5,E01015587,0,1
2025542970125,2025,542970125,2,9,0,17,19,2,1,0,0,0,0,0,0,0,0,1,1,1,1,-1,-1,-1,-1,-1,-1,-1,-1,0,-1
2025542982325,2025,542982325,1,19,0,18,19,8,4,0,0,0,0,0,7,4,1,1,6,6,1,28,6,-1,-1,-1,-1,7,E01032077,0,2
2025543038725,2025,543038725,1,9,0,17,19,2,6,0,0,0,0,0,0,0,3,1,3,7,1,36,7,-1,-1,-1,-1,3,E01031856,0,1
2025543046725,2025,543046725,1,9,0,9,9,2,8,0,0,6,0,0,0,0,3,1,6,6,2,24,5,-1,-1,-1,-1,1,E01015544,0,1
2025543046725,2025,543046725,2,3,0,18,19,8,4,0,0,8,0,0,0,0,1,1,6,6,1,17,4,-1,-1,-1,-1,9,E01032706,0,1
2025543049225,2025,543049225,1,98,1,18,19,1,5,0,0,0,0,0,0,0,1,1,6,6,3,-1,-1,-1,-1,-1,-1,-1,-1,0,-1
2025543057125,2025,543057125,2,1,0,18,19,3,8,0,0,1,0,0,0,0,1,1,6,6,1,44,7,-1,-1,-1,-1,8,E01034546,0,1
2025543057125,2025,543057125,1,9,0,9,9,8,6,0,0,5,0,0,0,0,4,1,1,1,1,42,7,-1,-1,-1,-1,8,E01034546,0,1
2025543058125,2025,543058125,1,9,0,9,9,8,6,0,0,6,0,0,0,0,4,1,2,2,1,31,6,-1,-1,-1,-1,9,E01015523,0,1
2025543058125,2025,543058125,2,9,0,18,19,2,6,0,0,1,0,0,0,0,1,1,2,2,1,56,9,-1,-1,-1,-1,10,E01015512,0,2
2025543069225,2025,543069225,1,9,0,18,19,3,7,0,0,0,0,0,7,4,1,1,6,6,2,34,6,-1,-1,-1,-1,3,E01031956,0,1
2025543090025,2025,543090025,1,9,0,18,19,8,4,0,0,0,0,0,0,0,1,1,5,6,2,48,8,-1,-1,-1,-1,6,E01031971,0,1
2025543090325,2025,543090325,2,9,0,18,19,8,4,0,0,0,0,0,0,0,3,1,6,6,1,40,7,-1,-1,-1,-1,4,E01031980,0,1
2025543090325,2025,543090325,1,9,0,11,11,8,4,0,0,0,0,0,0,0,4,1,6,6,1,62,9,-1,-1,-1,-1,2,E01031983,0,1
2025543100325,2025,543100325,1,9,0,18,19,3,7,0,0,3,2,10,0,0,1,1,6,6,1,21,5,-1,-1,-1,-1,7,E01015581,0,1
2025543104025,2025,543104025,1,9,0,18,19,8,4,0,0,1,0,0,0,0,1,1,1,1,1,43,7,-1,-1,-1,-1,1,E01015558,0,1
2025543104025,2025,543104025,2,9,0,4,4,8,4,0,0,1,0,0,0,0,2,1,1,1,1,43,7,-1,-1,-1,-1,1,E01015538,0,1
2025543104525,2025,543104525,1,9,0,18,19,6,2,0,0,1,0,0,0,0,1,1,2,2,2,20,4,-1,-1,-1,-1,-1,-1,0,-1
2025543107325,2025,543107325,2,9,0,18,19,5,1,0,0,8,0,0,0,0,4,1,6,6,1,53,8,-1,-1,-1,-1,7,E01029216,0,4
2025543107325,2025,543107325,1,9,0,5,5,6,3,0,0,6,0,0,0,0,1,1,6,6,2,27,6,-1,-1,-1,-1,5,E01029058,0,1
2025543113025,2025,543113025,1,19,0,4,4,5,1,0,0,1,0,0,0,0,1,1,5,6,1,66,10,-1,-1,-1,-1,6,E01034375,0,1
2025543113025,2025,543113025,2,19,0,4,4,5,1,0,0,1,0,0,0,0,2,1,1,1,1,34,6,-1,-1,-1,-1,6,E01020445,0,3
2025543127925,2025,543127925,2,1,0,18,19,6,3,0,0,8,0,0,0,0,1,1,6,6,1,34,6,-1,-1,-1,-1,8,E01015498,0,1
2025543127925,2025,543127925,1,9,0,9,9,1,6,0,0,8,0,0,0,0,3,1,6,6,3,-1,-1,-1,-1,-1,-1,-1,-1,0,-1
2025543128025,2025,543128025,1,9,0,5,5,5,1,0,0,4,0,0,0,0,2,1,6,6,2,65,9,-1,-1,-1,-1,6,E01029178,0,4
2025543128025,2025,543128025,2,9,0,5,5,5,1,0,0,4,0,0,0,0,1,1,5,6,2,58,9,-1,-1,-1,-1,8,E01032694,0,2
2025543132025,2025,543132025,1,9,0,17,19,5,2,0,0,0,5,0,1,10,4,1,2,2,1,18,4,-1,-1,-1,-1,5,E01031869,0,1
2025543137325,2025,543137325,1,9,0,9,9,1,7,0,0,1,0,0,0,0,1,1,3,7,2,36,7,-1,-1,-1,-1,5,E01032070,0,1
2025543137325,2025,543137325,2,1,0,10,10,7,3,0,0,1,0,0,0,0,1,1,6,6,2,59,9,-1,-1,-1,-1,5,E01032070,0,1
2025543138725,2025,543138725,1,19,0,18,19,6,2,0,0,0,0,0,0,0,1,1,5,6,1,45,7,-1,-1,-1,-1,9,E01034531,0,3
2025543144225,2025,543144225,1,3,0,13,13,8,4,0,0,0,0,10,0,0,4,1,6,6,1,27,6,-1,-1,-1,-1,5,E01032022,0,1
2025543144225,2025,543144225,2,9,0,18,19,8,4,0,0,0,0,0,0,0,3,1,6,6,2,38,7,-1,-1,-1,-1,2,E01032023,0,1
2025543164925,2025,543164925,1,9,0,9,9,4,2,0,0,5,0,0,0,0,4,1,6,6,2,75,10,-1,-1,-1,-1,3,E01015530,0,1
2025543164925,2025,543164925,2,9,0,18,19,8,4,0,0,8,0,0,0,0,1,1,6,6,1,35,6,-1,-1,-1,-1,9,E01031968,0,2
2025543187925,2025,543187925,2,9,0,18,19,6,2,0,0,8,0,0,0,0,4,1,2,2,1,23,5,-1,-1,-1,-1,3,E01015477,0,4
2025543187925,2025,543187925,1,9,0,5,5,8,4,0,0,4,0,0,0,0,1,1,6,6,2,80,11,-1,-1,-1,-1,10,E01032055,0,2
2025543190325,2025,543190325,1,9,0,18,19,8,4,0,0,2,2,0,1,9,4,1,1,1,1,22,5,-1,-1,-1,-1,8,E01015473,0,1
2025543194525,2025,543194525,1,9,0,5,5,0,1,0,0,0,0,0,1,10,1,1,6,6,2,89,11,-1,-1,-1,-1,8,E01034529,0,2
2025543197325,2025,543197325,1,9,0,7,7,7,1,0,0,3,2,10,7,2,1,1,5,6,1,34,6,-1,-1,-1,-1,7,E01032708,0,1
2025543200625,2025,543200625,1,9,0,18,19,8,4,0,0,0,0,0,1,11,1,1,5,6,2,26,6,-1,-1,-1,-1,5,E01032004,0,3
2025543201425,2025,543201425,1,10,0,18,19,2,6,0,0,1,0,0,0,0,4,1,1,1,2,57,9,-1,-1,-1,-1,8,E01031897,0,1
2025543240225,2025,543240225,1,9,0,4,4,2,7,0,0,0,5,10,1,5,4,1,5,6,2,67,10,-1,-1,-1,-1,8,E01023186,0,4
2025543243825,2025,543243825,2,9,0,2,2,0,0,0,0,0,0,0,0,0,2,1,6,6,3,-1,-1,-1,-1,-1,-1,-1,-1,0,-1
2025543243825,2025,543243825,1,9,0,18,19,3,7,0,0,0,0,4,0,0,1,1,6,6,1,42,7,-1,-1,-1,-1,5,E01015475,0,1
2025543245025,2025,543245025,2,9,0,18,19,2,7,0,0,8,1,0,0,0,1,1,6,6,1,32,6,-1,-1,-1,-1,1,E01015261,0,5
2025543245025,2025,543245025,1,9,0,5,5,4,1,0,0,6,1,0,0,0,3,1,6,6,2,67,10,-1,-1,-1,-1,3,E01001894,0,5
2025543245625,2025,543245625,1,9,0,13,13,2,7,0,0,0,0,0,0,0,4,1,6,6,1,48,8,-1,-1,-1,-1,3,E01023058,0,4
2025543245625,2025,543245625,2,1,0,18,19,2,7,0,0,0,0,0,0,0,0,1,6,6,1,7,2,-1,-1,-1,-1,8,E01034546,0,1
2025543271325,2025,543271325,2,9,0,10,10,5,1,0,0,0,0,0,0,0,2,1,1,1,2,66,10,-1,-1,-1,-1,5,E01020454,0,1
2025543271325,2025,543271325,1,9,0,18,19,5,1,0,0,0,1,0,0,0,1,1,1,1,1,27,6,-1,-1,-1,-1,9,E01033158,0,1
2025543271325,2025,543271325,3,19,0,18,19,1,5,0,0,0,0,0,1,0,3,1,1,1,1,31,6,-1,-1,-1,-1,2,E01032093,0,4
2025543282825,2025,543282825,1,5,0,13,13,1,5,0,0,0,0,0,0,0,1,1,6,6,1,38,7,-1,-1,-1,-1,3,E01015527,0,2
2025543282825,2025,543282825,2,20,0,18,19,5,1,0,0,0,0,0,0,0,3,1,1,1,1,50,8,-1,-1,-1,-1,4,E01022421,0,4
2025543290525,2025,543290525,2,19,0,2,2,0,0,6,6,8,0,0,0,0,1,1,6,6,1,47,8,-1,-1,-1,-1,6,E01031866,0,2
2025543290525,2025,543290525,1,9,0,18,19,3,7,0,0,8,1,4,1,0,1,1,1,1,1,32,6,-1,-1,-1,-1,8,E01032690,0,3
2025543308425,2025,543308425,1,9,0,9,9,4,2,0,0,6,0,0,0,0,1,1,1,1,2,38,7,-1,-1,-1,-1,9,E01015523,0,2
2025543308425,2025,543308425,2,9,0,18,19,6,2,0,0,1,0,0,0,0,3,1,1,1,1,31,6,-1,-1,-1,-1,1,E01015538,0,1
2025543309725,2025,543309725,1,1,0,18,19,6,2,0,0,1,0,0,0,0,4,1,4,7,2,12,3,-1,-1,-1,-1,1,E01015545,0,1
2025543309725,2025,543309725,2,9,0,17,19,8,4,0,0,1,0,0,0,0,1,1,3,7,2,26,6,-1,-1,-1,-1,-1,-1,0,-1
2025543315625,2025,543315625,2,9,0,18,19,4,8,0,0,8,0,0,0,0,1,1,3,7,2,39,7,-1,-1,-1,-1,8,E01015481,0,1
2025543315625,2025,543315625,1,9,0,5,5,5,1,0,0,4,0,0,0,0,3,1,3,7,2,39,7,-1,-1,-1,-1,8,E01015484,0,1
2025543326525,2025,543326525,1,9,0,9,9,7,5,0,0,5,0,0,0,0,3,1,3,7,2,24,5,-1,-1,-1,-1,6,E01032091,0,1
2025543344725,2025,543344725,1,9,0,13,13,5,1,0,0,1,0,0,0,0,4,1,6,6,3,-1,-1,-1,-1,-1,-1,-1,-1,0,-1
2025543344725,2025,543344725,2,90,0,10,10,5,1,0,0,1,0,0,0,0,3,1,1,1,2,61,9,-1,-1,-1,-1,-1,-1,0,-1
2025543370025,2025,543370025,1,9,0,18,19,2,6,0,0,0,0,0,0,0,1,1,5,6,1,66,10,-1,-1,-1,-1,7,E01015585,0,1
2025543370025,2025,543370025,2,9,0,18,19,6,2,0,0,0,0,0,0,0,1,1,5,6,1,80,11,-1,-1,-1,-1,8,E01015584,0,1
2025543401025,2025,543401025,2,9,0,18,19,5,1,0,0,8,0,0,0,0,3,1,6,6,2,51,8,-1,-1,-1,-1,9,E01032005,0,2
2025543401025,2025,543401025,1,9,0,18,19,3,7,0,0,6,0,0,0,0,1,1,6,6,2,27,6,-1,-1,-1,-1,6,E01033080,0,4
2025543403225,2025,543403225,1,9,0,18,19,2,6,0,0,8,0,0,0,0,4,1,6,6,1,45,7,-1,-1,-1,-1,7,E01032100,0,2
2025543403225,2025,543403225,2,9,0,18,19,4,8,0,0,8,0,0,0,0,1,1,6,6,2,43,7,-1,-1,-1,-1,9,E01032047,0,1
2025543427425,2025,543427425,2,9,0,18,19,8,4,0,0,1,0,0,1,0,1,1,6,6,2,56,9,-1,-1,-1,-1,6,E01032075,0,3
2025543427425,2025,543427425,1,9,0,9,9,4,3,0,0,8,0,0,7,0,1,1,6,6,2,30,6,-1,-1,-1,-1,5,E01032010,0,1
2025543431725,2025,543431725,2,1,0,18,19,8,4,0,0,8,0,0,0,0,1,1,5,6,1,68,10,-1,-1,-1,-1,5,E01015494,0,1
2025543431725,2025,543431725,1,9,0,5,5,2,6,0,0,4,0,0,0,0,1,1,1,1,2,66,10,-1,-1,-1,-1,7,E01031894,0,3
2025543437525,2025,543437525,2,9,0,11,11,1,8,0,0,8,0,0,0,0,2,1,6,6,2,41,7,-1,-1,-1,-1,3,E01015569,0,2
2025543437525,2025,543437525,1,9,0,18,19,3,8,0,0,8,0,0,0,0,1,1,6,6,2,48,8,-1,-1,-1,-1,6,E01031853,0,4
2025543440225,2025,543440225,1,9,0,18,19,5,1,0,0,3,0,0,0,0,1,1,6,6,2,74,10,-1,-1,-1,-1,5,E01031925,0,1
2025543443425,2025,543443425,1,9,0,7,7,5,1,0,0,5,0,0,0,0,1,1,5,6,1,17,4,-1,-1,-1,-1,7,E01015560,0,1
2025543443425,2025,543443425,2,5,0,15,15,5,1,2,2,8,0,0,0,0,3,1,5,6,1,54,8,-1,-1,-1,-1,10,E01015515,0,1
2025543447425,2025,543447425,2,9,0,18,19,7,3,0,0,0,0,0,0,0,3,1,6,6,1,50,8,-1,-1,-1,-1,8,E01031897,0,1
2025543447425,2025,543447425,1,9,0,18,19,3,7,0,0,0,0,0,0,0,3,1,6,6,1,29,6,-1,-1,-1,-1,4,E01031917,0,2