collision_index,collision_year,collision_ref_no,vehicle_reference,vehicle_type,towing_and_articulation,vehicle_manoeuvre_historic,vehicle_manoeuvre,vehicle_direction_from,vehicle_direction_to,vehicle_location_restricted_lane_historic,vehicle_location_restricted_lane,junction_location,skidding_and_overturning,hit_object_in_carriageway,vehicle_leaving_carriageway,hit_object_off_carriageway,first_point_of_impact,vehicle_left_hand_drive,journey_purpose_of_driver_historic,journey_purpose_of_driver,sex_of_driver,age_of_driver,age_band_of_driver,engine_capacity_cc,propulsion_code,age_of_vehicle,generic_make_model,driver_imd_decile,lsoa_of_driver,escooter_flag,driver_distance_banding
2025543452125,2025,543452125,2,19,0,18,19,1,5,0,0,0,0,0,0,0,2,1,1,1,1,26,6,-1,-1,-1,-1,10,E01031972,0,2
2025543452125,2025,543452125,1,9,0,13,13,1,5,0,0,0,1,0,1,0,1,1,5,6,1,24,5,-1,-1,-1,-1,5,E01031990,0,2
2025543465825,2025,543465825,1,20,1,16,19,5,7,0,0,1,0,0,0,0,1,1,1,1,1,55,8,-1,-1,-1,-1,-1,-1,0,-1
2025543465825,2025,543465825,2,9,0,3,3,5,7,0,0,1,0,0,0,0,2,1,6,6,1,43,7,-1,-1,-1,-1,4,E01032104,0,3
2025543465825,2025,543465825,3,9,0,3,3,5,7,0,0,1,0,0,0,0,2,1,6,6,1,44,7,-1,-1,-1,-1,9,E01022773,0,4
2025543469125,2025,543469125,1,90,0,5,5,1,5,0,0,6,0,0,0,0,1,1,1,1,1,56,9,-1,-1,-1,-1,10,E01031923,0,2
2025543469125,2025,543469125,2,11,0,18,19,3,6,0,0,8,0,0,0,0,3,1,1,1,1,64,9,-1,-1,-1,-1,8,E01015565,0,3
2025543471525,2025,543471525,1,21,1,12,12,4,8,0,0,0,0,0,0,0,3,1,1,1,1,38,7,-1,-1,-1,-1,-1,-1,0,-1
2025543471525,2025,543471525,2,9,0,18,19,4,8,0,0,0,0,0,0,0,4,1,5,6,2,45,7,-1,-1,-1,-1,-1,-1,0,-1
2025543489825,2025,543489825,1,9,0,9,9,6,2,0,0,6,0,0,0,0,1,1,5,6,1,37,7,-1,-1,-1,-1,5,E01032068,0,1
2025543489825,2025,543489825,2,5,0,18,19,8,4,0,0,8,0,0,0,0,3,1,5,6,1,29,6,-1,-1,-1,-1,9,E01032044,0,1
2025543504325,2025,543504325,1,9,0,17,19,4,1,0,0,1,0,6,0,0,1,1,5,6,1,17,4,-1,-1,-1,-1,10,E01031921,0,1
2025543516725,2025,543516725,1,5,0,13,13,2,6,0,0,0,2,0,0,0,0,1,5,6,1,59,9,-1,-1,-1,-1,8,E01032088,0,4
2025543519025,2025,543519025,1,3,0,4,4,2,7,0,0,1,0,0,0,0,1,1,6,6,1,21,5,-1,-1,-1,-1,3,E01023205,0,3
2025543519025,2025,543519025,2,3,0,4,4,2,7,0,0,1,0,0,0,0,2,1,6,6,1,21,5,-1,-1,-1,-1,4,E01023153,0,3
2025543522325,2025,543522325,2,9,0,3,3,8,4,0,0,3,0,0,0,0,2,1,5,6,1,22,5,-1,-1,-1,-1,7,E01031894,0,3
2025543522325,2025,543522325,1,5,0,18,19,8,4,0,0,3,0,0,0,0,1,1,5,6,2,20,4,-1,-1,-1,-1,7,E01030452,0,4
2025543540525,2025,543540525,2,9,0,2,2,0,0,0,0,0,0,0,0,0,1,1,6,6,3,-1,-1,-1,-1,-1,-1,-1,-1,0,-1
2025543540525,2025,543540525,1,9,0,18,19,2,6,0,0,0,0,0,7,11,1,1,6,6,1,24,5,-1,-1,-1,-1,7,E01033843,0,2
2025543541425,2025,543541425,1,9,0,18,19,3,7,0,0,4,1,0,3,2,1,1,5,6,1,23,5,-1,-1,-1,-1,4,E01003919,0,5
2025543580325,2025,543580325,2,9,0,18,19,5,1,0,0,0,0,0,0,0,1,1,2,2,1,23,5,-1,-1,-1,-1,8,E01032694,0,2
2025543580325,2025,543580325,1,19,0,18,19,1,5,0,0,0,5,0,1,4,1,1,5,6,1,35,6,-1,-1,-1,-1,10,E01014434,0,2
2025543598925,2025,543598925,1,9,0,18,19,8,4,0,0,0,0,0,0,0,3,1,6,6,1,58,9,-1,-1,-1,-1,9,E01020409,0,4
2025543605225,2025,543605225,1,9,0,18,19,8,4,0,0,0,0,0,0,0,1,1,2,2,1,60,9,-1,-1,-1,-1,7,E01031944,0,1
2025543630125,2025,543630125,2,1,0,15,15,2,6,0,0,0,0,0,0,0,3,1,6,6,1,61,9,-1,-1,-1,-1,6,E01015553,0,1
2025543630125,2025,543630125,1,9,0,2,2,0,0,0,0,0,0,0,0,0,4,1,3,7,2,54,8,-1,-1,-1,-1,6,E01015574,0,1
2025543645025,2025,543645025,2,9,0,4,4,8,4,0,0,0,0,0,0,0,2,1,6,6,2,42,7,-1,-1,-1,-1,9,E01031922,0,1
2025543645025,2025,543645025,1,9,0,4,4,8,4,0,0,0,0,0,0,0,1,1,6,6,2,33,6,-1,-1,-1,-1,10,E01031923,0,1
2025543645525,2025,543645525,1,98,0,18,19,4,8,0,0,1,0,0,0,0,0,1,6,6,3,-1,-1,-1,-1,-1,-1,-1,-1,0,-1
2025543646725,2025,543646725,1,5,0,18,19,8,4,0,0,0,0,12,0,0,1,1,5,6,1,39,7,-1,-1,-1,-1,4,E01031980,0,1
2025543666825,2025,543666825,2,9,0,9,9,8,4,0,0,8,0,0,0,0,3,1,5,6,1,54,8,-1,-1,-1,-1,4,E01032094,0,1
2025543666825,2025,543666825,1,-1,0,13,13,8,4,0,0,1,0,0,7,0,1,1,5,6,1,24,5,-1,-1,-1,-1,2,E01032093,1,1
2025543690925,2025,543690925,2,90,0,18,19,8,4,9,9,8,0,0,0,0,1,1,2,2,1,20,4,-1,-1,-1,-1,2,E01015537,0,1
2025543690925,2025,543690925,1,19,0,7,7,8,4,0,0,5,0,0,0,0,4,1,1,1,1,42,7,-1,-1,-1,-1,1,E01022323,0,4
2025543693525,2025,543693525,1,19,0,18,19,6,2,0,0,1,0,0,0,0,1,1,1,1,1,52,8,-1,-1,-1,-1,10,E01031924,0,3
2025543693525,2025,543693525,3,9,0,4,4,6,2,0,0,1,0,0,0,0,0,1,6,6,3,-1,-1,-1,-1,-1,-1,-1,-1,0,-1
2025543693525,2025,543693525,2,19,0,4,4,6,2,0,0,1,0,0,0,0,2,1,1,1,1,54,8,-1,-1,-1,-1,8,E01031897,0,2
2025543693525,2025,543693525,4,9,0,4,4,6,2,0,0,1,0,0,0,0,0,1,6,6,3,-1,-1,-1,-1,-1,-1,-1,-1,0,-1
2025543699325,2025,543699325,3,9,0,8,8,2,6,0,0,1,0,0,0,0,2,1,6,6,1,65,9,-1,-1,-1,-1,8,E01020376,0,4
2025543699325,2025,543699325,1,9,0,4,4,2,6,0,0,1,0,0,0,0,1,1,6,6,1,58,9,-1,-1,-1,-1,9,E01022774,0,4
2025543699325,2025,543699325,2,9,0,8,8,2,6,0,0,1,0,0,0,0,2,1,6,6,1,51,8,-1,-1,-1,-1,9,E01022643,0,4
2025543700925,2025,543700925,2,3,0,14,14,4,8,0,0,0,0,0,0,0,3,1,6,6,1,19,4,-1,-1,-1,-1,1,E01015541,0,2
2025543700925,2025,543700925,1,9,0,13,13,4,8,0,0,0,0,0,0,0,4,1,6,6,3,-1,-1,-1,-1,-1,-1,-1,-1,0,-1
2025543702125,2025,543702125,1,5,0,17,19,4,7,0,0,0,1,0,1,1,4,1,6,6,1,31,6,-1,-1,-1,-1,-1,-1,0,-1
2025543708525,2025,543708525,2,9,0,5,5,3,1,0,0,6,0,0,0,0,3,1,6,6,2,39,7,-1,-1,-1,-1,3,E01031914,0,1
2025543708525,2025,543708525,1,9,0,18,19,1,5,0,0,8,0,0,0,0,1,1,6,6,1,80,11,-1,-1,-1,-1,9,E01031888,0,3
2025543714925,2025,543714925,1,9,0,13,13,1,4,0,0,3,0,0,0,0,4,1,2,2,1,20,4,-1,-1,-1,-1,6,E01032119,0,1
2025543714925,2025,543714925,2,9,0,7,7,1,4,0,0,3,0,0,0,0,3,1,5,6,2,17,4,-1,-1,-1,-1,8,E01032108,0,2
2025543747525,2025,543747525,1,9,0,18,19,2,6,9,9,6,0,0,0,0,1,1,6,6,3,-1,-1,-1,-1,-1,-1,-1,-1,0,-1
2025543747525,2025,543747525,2,1,0,18,19,8,4,9,9,8,0,0,0,0,1,1,4,7,1,16,4,-1,-1,-1,-1,1,E01015538,0,1
2025543750925,2025,543750925,1,9,0,9,9,4,2,0,0,3,0,9,0,0,1,1,6,6,2,70,10,-1,-1,-1,-1,8,E01015481,0,1
2025543767725,2025,543767725,2,9,0,7,7,5,8,0,0,6,0,0,0,0,3,1,6,6,2,30,6,-1,-1,-1,-1,7,E01015497,0,1
2025543767725,2025,543767725,1,9,0,6,6,8,8,0,0,8,0,0,0,0,1,1,6,6,1,65,9,-1,-1,-1,-1,5,E01031845,0,4
2025543775425,2025,543775425,1,8,0,18,19,3,7,0,0,6,0,0,0,0,1,1,6,6,2,34,6,-1,-1,-1,-1,8,E01031885,0,4
2025543775425,2025,543775425,2,19,0,18,19,1,5,0,0,8,0,0,0,0,4,1,6,6,2,53,8,-1,-1,-1,-1,7,E01034523,0,1
2025543777225,2025,543777225,1,9,0,9,9,1,7,0,0,6,0,0,0,0,1,1,5,6,1,37,7,-1,-1,-1,-1,1,E01015538,0,1
2025543777225,2025,543777225,2,1,0,14,14,3,7,0,0,8,0,0,0,0,3,1,5,6,1,55,8,-1,-1,-1,-1,7,E01015581,0,1
2025543777825,2025,543777825,1,19,0,16,19,8,4,0,0,0,0,0,0,0,1,1,1,1,1,64,9,-1,-1,-1,-1,7,E01032078,0,3
2025543777825,2025,543777825,2,19,0,17,19,4,8,0,0,0,0,0,0,0,1,1,1,1,1,33,6,-1,-1,-1,-1,4,E01031851,0,1
2025543780225,2025,543780225,1,9,0,13,13,2,6,0,0,0,0,0,0,0,4,1,6,6,3,-1,-1,-1,-1,-1,-1,-1,-1,0,-1
2025543780225,2025,543780225,2,2,0,17,19,2,6,0,0,0,0,0,1,9,3,1,4,7,2,16,4,-1,-1,-1,-1,9,E01032058,0,1
2025543793125,2025,543793125,1,9,0,17,19,1,5,0,0,0,2,0,1,0,1,1,6,6,1,21,5,-1,-1,-1,-1,4,E01028905,0,5
2025543793925,2025,543793925,1,9,0,5,5,7,3,0,0,6,0,0,0,0,1,1,5,6,2,49,8,-1,-1,-1,-1,6,E01032031,0,3
2025543793925,2025,543793925,2,9,0,18,19,1,5,0,0,8,0,0,0,0,1,1,5,6,2,32,6,-1,-1,-1,-1,2,E01032023,0,1
2025543813225,2025,543813225,3,9,0,18,19,3,7,0,0,1,0,0,1,0,1,1,5,6,1,78,11,-1,-1,-1,-1,7,E01023198,0,3
2025543813225,2025,543813225,2,9,0,18,19,7,3,0,0,1,0,0,0,0,4,1,5,6,2,21,5,-1,-1,-1,-1,6,E01023196,0,3
2025543813225,2025,543813225,1,9,0,12,12,7,3,0,0,1,0,0,0,0,3,1,5,6,2,40,7,-1,-1,-1,-1,9,E01031999,0,1
2025543831225,2025,543831225,1,9,0,1,1,0,8,0,0,0,0,0,0,0,2,1,1,1,1,50,8,-1,-1,-1,-1,5,E01015479,0,1
2025543831225,2025,543831225,2,1,0,2,2,0,0,0,0,0,0,0,0,0,2,1,6,6,2,47,8,-1,-1,-1,-1,2,E01033846,0,1
2025543831325,2025,543831325,1,5,0,15,15,2,6,0,0,0,0,0,0,0,3,1,5,6,1,63,9,-1,-1,-1,-1,3,E01031854,0,3
2025543831325,2025,543831325,2,9,0,4,4,2,6,0,0,0,0,0,0,0,4,1,5,6,1,34,6,-1,-1,-1,-1,10,E01032080,0,1
2025543864625,2025,543864625,1,9,0,7,7,4,6,0,0,6,0,0,0,0,1,1,6,6,1,18,4,-1,-1,-1,-1,6,E01031876,0,1
2025543864625,2025,543864625,2,9,0,18,19,2,6,0,0,1,0,0,0,0,4,1,6,6,2,20,4,-1,-1,-1,-1,6,E01031853,0,2
2025543866425,2025,543866425,2,9,0,9,9,6,4,0,0,5,0,0,0,0,3,1,6,6,1,49,8,-1,-1,-1,-1,8,E01032049,0,1
2025543866425,2025,543866425,1,9,0,13,13,6,2,0,0,1,5,0,0,0,1,1,6,6,2,54,8,-1,-1,-1,-1,7,E01032078,0,1
2025543867825,2025,543867825,2,9,0,18,19,2,6,0,0,0,0,0,0,0,1,1,6,6,2,53,8,-1,-1,-1,-1,6,E01032000,0,1
2025543867825,2025,543867825,1,9,0,18,19,6,2,0,0,0,0,0,0,0,1,1,6,6,2,77,11,-1,-1,-1,-1,4,E01020444,0,4
2025543872325,2025,543872325,2,9,0,10,10,2,7,0,0,1,0,0,0,0,2,1,5,6,1,47,8,-1,-1,-1,-1,6,E01034374,0,3
2025543872325,2025,543872325,3,9,0,10,10,2,7,0,0,1,0,0,0,0,2,1,5,6,1,20,4,-1,-1,-1,-1,8,E01029206,0,4
2025543872325,2025,543872325,1,9,0,18,19,2,7,0,0,1,0,0,0,0,1,1,5,6,2,29,6,-1,-1,-1,-1,8,E01020110,0,5
2025543883825,2025,543883825,2,3,0,9,9,6,4,0,0,8,0,0,0,0,3,1,1,1,2,17,4,-1,-1,-1,-1,3,E01015530,0,1
2025543883825,2025,543883825,1,9,0,18,19,8,4,0,0,4,0,0,0,0,1,1,6,6,1,66,10,-1,-1,-1,-1,3,E01015530,0,1
2025543910025,2025,543910025,2,9,0,16,19,3,6,0,0,8,0,0,0,0,3,1,5,6,2,57,9,-1,-1,-1,-1,10,E01031915,0,1
2025543910025,2025,543910025,1,9,0,5,5,2,6,0,0,6,0,0,0,0,1,1,5,6,1,58,9,-1,-1,-1,-1,9,E01031890,0,2
2025543916825,2025,543916825,1,19,0,18,19,6,3,0,0,1,0,0,0,0,1,1,2,2,1,34,6,-1,-1,-1,-1,8,E01031957,0,2
2025543916825,2025,543916825,2,9,0,10,10,6,3,0,0,1,0,0,0,0,2,1,5,6,2,44,7,-1,-1,-1,-1,9,E01031958,0,1
2025543921525,2025,543921525,1,97,0,16,19,8,3,9,9,0,0,0,1,0,1,1,6,6,3,-1,-1,-1,-1,-1,-1,-1,-1,0,-1
2025543924725,2025,543924725,1,9,0,14,14,2,6,0,0,1,0,0,0,0,1,1,6,6,1,92,11,-1,-1,-1,-1,9,E01032035,0,1
2025543924725,2025,543924725,2,9,0,18,19,6,2,0,0,1,0,0,0,0,1,1,6,6,2,55,8,-1,-1,-1,-1,7,E01029227,0,2
2025543926525,2025,543926525,1,9,0,18,19,6,2,0,0,0,0,0,7,2,1,1,6,6,1,36,7,-1,-1,-1,-1,5,E01031990,0,2
2025543928225,2025,543928225,1,5,0,17,19,1,5,0,0,0,2,0,2,10,4,1,2,2,1,25,5,-1,-1,-1,-1,6,E01032091,0,1
2025543928625,2025,543928625,1,98,0,17,19,8,4,0,0,0,0,0,0,0,4,1,6,6,3,-1,-1,-1,-1,-1,-1,-1,-1,0,-1
2025543951525,2025,543951525,3,9,0,4,4,1,5,0,0,1,0,0,0,0,1,1,6,6,2,26,6,-1,-1,-1,-1,5,E01015479,0,1
2025543951525,2025,543951525,1,9,0,9,9,1,7,0,0,3,0,0,0,0,1,1,6,6,1,55,8,-1,-1,-1,-1,10,E01032707,0,1
2025543951525,2025,543951525,2,9,0,4,4,1,5,0,0,1,0,0,0,0,2,1,6,6,2,50,8,-1,-1,-1,-1,8,E01015514,0,1
2025543958225,2025,543958225,4,21,0,18,19,6,2,0,0,1,0,0,0,0,1,1,1,1,1,31,6,-1,-1,-1,-1,8,E01032690,0,2
2025543958225,2025,543958225,3,19,0,3,3,2,6,0,0,1,0,0,0,0,1,1,1,1,1,53,8,-1,-1,-1,-1,10,E01031924,0,3
2025543958225,2025,543958225,1,19,0,9,9,8,6,0,0,6,0,0,0,0,1,1,1,1,1,35,6,-1,-1,-1,-1,6,E01015005,0,4
2025543958225,2025,543958225,2,9,0,10,10,2,6,0,0,1,0,0,0,0,1,1,6,6,1,64,9,-1,-1,-1,-1,8,E01015561,0,3
2025543964225,2025,543964225,2,9,0,4,4,4,8,0,0,1,0,0,0,0,2,1,6,6,2,61,9,-1,-1,-1,-1,9,E01032020,0,4
2025543964225,2025,543964225,1,19,0,18,19,4,8,0,0,1,0,0,0,0,1,1,6,6,2,45,7,-1,-1,-1,-1,6,E01031971,0,4
2025543966025,2025,543966025,1,5,0,17,19,2,7,0,0,0,0,12,0,0,1,1,2,2,1,59,9,-1,-1,-1,-1,10,E01031934,0,2
2025543968225,2025,543968225,2,9,0,17,19,8,4,0,0,0,0,0,0,0,3,1,5,6,1,31,6,-1,-1,-1,-1,9,E01017549,0,5
2025543968225,2025,543968225,1,9,0,13,13,8,4,0,0,0,5,0,1,0,4,1,5,6,1,19,4,-1,-1,-1,-1,3,E01023202,0,3
2025543968225,2025,543968225,3,9,0,16,19,4,8,0,0,0,0,0,0,0,0,1,2,2,2,45,7,-1,-1,-1,-1,9,E01031883,0,3
2025543981525,2025,543981525,1,9,0,18,19,6,2,0,0,2,0,0,0,0,1,1,5,6,2,82,11,-1,-1,-1,-1,9,E01031909,0,1
2025543982525,2025,543982525,2,3,0,9,9,6,2,0,0,8,0,0,0,0,1,1,6,6,1,18,4,-1,-1,-1,-1,6,E01034549,0,2
2025543982525,2025,543982525,1,9,0,5,5,8,4,0,0,4,0,0,0,0,3,1,6,6,2,24,5,-1,-1,-1,-1,2,E01031983,0,1
2025544016625,2025,544016625,3,19,0,18,19,4,8,0,0,1,0,0,0,0,1,1,1,1,1,42,7,-1,-1,-1,-1,8,E01029190,0,4
2025544016625,2025,544016625,1,9,0,9,9,4,2,0,0,5,0,0,0,0,4,1,1,1,1,36,7,-1,-1,-1,-1,6,E01025027,0,5
2025544016625,2025,544016625,2,9,0,18,19,8,4,0,0,1,0,0,0,0,1,1,6,6,2,77,11,-1,-1,-1,-1,9,E01031999,0,1
2025544017225,2025,544017225,1,9,0,6,6,1,5,0,0,0,0,0,0,0,3,1,6,6,2,53,8,-1,-1,-1,-1,8,E01032095,0,2
2025544017225,2025,544017225,2,5,0,14,14,1,5,0,0,0,2,0,0,0,1,1,6,6,1,34,6,-1,-1,-1,-1,7,E01032110,0,3
2025544018625,2025,544018625,1,9,0,18,19,5,1,0,0,0,0,0,0,0,1,1,6,6,1,42,7,-1,-1,-1,-1,10,E01032080,0,1
2025544018625,2025,544018625,2,9,0,4,4,5,1,0,0,0,0,0,0,0,2,1,6,6,2,21,5,-1,-1,-1,-1,2,E01032064,0,1
2025544018625,2025,544018625,3,9,0,4,4,5,1,0,0,0,0,0,0,0,2,1,6,6,2,71,10,-1,-1,-1,-1,7,E01015103,0,5
2025544021425,2025,544021425,2,19,0,17,19,7,3,0,0,0,0,0,0,0,1,1,2,2,1,47,8,-1,-1,-1,-1,7,E01031850,0,1
2025544021425,2025,544021425,1,9,0,16,19,3,7,0,0,0,1,0,0,0,1,1,2,2,1,38,7,-1,-1,-1,-1,6,E01031926,0,3
2025544024725,2025,544024725,1,4,0,17,19,7,4,0,0,2,1,0,1,0,0,1,5,6,1,34,6,-1,-1,-1,-1,9,E01033848,0,1
2025544037325,2025,544037325,2,9,0,9,9,2,8,0,0,8,0,0,0,0,4,1,5,6,1,18,4,-1,-1,-1,-1,3,E01034534,0,1
2025544037325,2025,544037325,1,9,0,18,19,6,2,0,0,8,0,0,0,0,1,1,6,6,2,62,9,-1,-1,-1,-1,4,E01032101,0,1
2025544049825,2025,544049825,1,3,0,13,13,7,3,0,0,0,2,0,1,0,1,1,5,6,1,29,6,-1,-1,-1,-1,9,E01031999,0,3
2025544049825,2025,544049825,2,9,0,18,19,3,7,0,0,0,0,0,0,0,1,1,5,6,2,32,6,-1,-1,-1,-1,5,E01031869,0,2
2025544058025,2025,544058025,1,9,0,9,9,7,5,0,0,6,0,0,0,0,3,1,5,6,2,53,8,-1,-1,-1,-1,7,E01031961,0,2
2025544058025,2025,544058025,2,9,0,18,19,3,7,0,0,8,0,0,0,0,1,1,5,6,1,83,11,-1,-1,-1,-1,9,E01031955,0,1
2025544058125,2025,544058125,1,3,0,18,19,6,2,0,0,0,1,0,7,0,0,1,6,6,1,68,10,-1,-1,-1,-1,5,E01031908,0,1
2025544061125,2025,544061125,1,9,0,18,19,4,8,0,0,0,0,0,7,0,1,1,5,6,1,72,10,-1,-1,-1,-1,9,E01015548,0,1
2025544061125,2025,544061125,2,19,0,18,19,8,4,0,0,0,0,0,0,0,1,1,1,1,1,46,8,-1,-1,-1,-1,10,E01014875,0,4
2025544068625,2025,544068625,1,9,0,4,4,3,7,0,0,2,0,0,0,0,1,1,6,6,1,29,6,-1,-1,-1,-1,3,E01031856,0,1
2025544069325,2025,544069325,1,9,0,5,5,0,1,9,9,6,0,0,0,0,1,1,6,6,1,31,6,-1,-1,-1,-1,3,E01031854,0,1
2025544069325,2025,544069325,2,1,0,18,19,2,6,9,9,1,0,0,0,2,1,1,6,6,1,17,4,-1,-1,-1,-1,6,E01031853,0,1
2025544092225,2025,544092225,2,1,0,18,19,6,2,0,0,8,0,0,0,0,4,1,1,1,1,40,7,-1,-1,-1,-1,10,E01032006,0,2
2025544092225,2025,544092225,1,9,0,5,5,8,4,0,0,4,0,0,0,0,1,1,1,1,1,31,6,-1,-1,-1,-1,7,E01031976,0,1
2025544105625,2025,544105625,1,9,0,18,19,5,1,0,0,0,5,0,1,11,1,1,1,1,1,45,7,-1,-1,-1,-1,2,E01014660,0,4
2025544150325,2025,544150325,2,19,0,18,19,2,6,0,0,1,0,0,0,0,1,1,6,6,1,70,10,-1,-1,-1,-1,8,E01031918,0,1
2025544150325,2025,544150325,1,9,0,9,9,4,2,0,0,6,0,0,0,0,3,1,6,6,2,49,8,-1,-1,-1,-1,2,E01031928,0,1
2025544161825,2025,544161825,2,1,0,18,19,2,6,0,0,0,0,0,1,0,2,1,5,6,2,24,5,-1,-1,-1,-1,9,E01031988,0,1
2025544161825,2025,544161825,1,9,0,18,19,2,6,0,0,0,0,0,0,0,1,1,6,6,1,41,7,-1,-1,-1,-1,9,E01031988,0,1
2025544163925,2025,544163925,2,9,0,18,19,2,6,0,0,8,0,0,0,0,4,1,5,6,1,52,8,-1,-1,-1,-1,8,E01032074,0,3
2025544163925,2025,544163925,1,9,0,18,19,2,6,0,0,8,0,0,0,0,3,1,5,6,2,64,9,-1,-1,-1,-1,5,E01015953,0,5
2025544172225,2025,544172225,1,9,0,18,19,6,2,0,0,0,0,0,1,4,1,1,6,6,1,35,6,-1,-1,-1,-1,10,E01021384,0,5
2025544177925,2025,544177925,1,9,0,18,19,2,6,0,0,0,2,0,1,10,4,1,6,6,2,20,4,-1,-1,-1,-1,9,E01032020,0,1
2025544202525,2025,544202525,2,1,0,18,19,4,8,0,0,0,0,0,0,0,0,1,5,6,1,14,3,-1,-1,-1,-1,4,E01032013,0,1
2025544202525,2025,544202525,1,9,0,13,13,4,8,0,0,0,0,0,0,0,0,1,6,6,3,-1,-1,-1,-1,-1,-1,-1,-1,0,-1
2025544210125,2025,544210125,1,1,0,18,19,2,6,0,0,8,0,0,0,0,4,1,5,6,1,16,4,-1,-1,-1,-1,4,E01032013,0,2
2025544210125,2025,544210125,2,8,0,18,19,5,8,0,0,8,0,0,0,0,1,1,1,1,1,38,7,-1,-1,-1,-1,8,E01032021,0,1
2025544249525,2025,544249525,1,9,0,18,19,4,8,0,0,1,0,0,0,0,1,1,6,6,2,59,9,-1,-1,-1,-1,9,E01031968,0,1
2025544256625,2025,544256625,2,9,0,4,4,6,2,0,0,0,0,0,0,0,2,1,2,2,2,34,6,-1,-1,-1,-1,6,E01032692,0,1
2025544256625,2025,544256625,1,9,0,18,19,6,2,0,0,0,0,0,0,0,1,1,2,2,1,35,6,-1,-1,-1,-1,8,E01031852,0,1
2025544261825,2025,544261825,1,5,0,18,19,4,8,0,0,0,1,0,0,0,0,1,5,6,1,36,7,-1,-1,-1,-1,9,E01031886,0,1
2025544262825,2025,544262825,1,4,0,4,4,8,4,0,0,2,2,0,0,0,3,1,5,6,1,19,4,-1,-1,-1,-1,4,E01031851,0,2
2025544264925,2025,544264925,1,9,0,17,19,8,4,0,0,0,0,0,0,0,1,1,5,6,1,57,9,-1,-1,-1,-1,9,E01032035,0,2
2025544264925,2025,544264925,2,1,0,16,19,4,8,0,0,0,0,0,0,0,1,1,5,6,2,12,3,-1,-1,-1,-1,9,E01033158,0,1
2025544282925,2025,544282925,2,9,0,18,19,3,7,0,0,8,1,10,0,0,1,1,2,2,1,28,6,-1,-1,-1,-1,4,E01031917,0,3
2025544282925,2025,544282925,1,9,0,7,7,6,7,0,0,6,1,0,7,0,1,1,6,6,1,89,11,-1,-1,-1,-1,10,E01031929,0,1
2025544283125,2025,544283125,2,9,0,18,19,5,1,0,0,8,0,0,0,0,1,1,2,2,1,41,7,-1,-1,-1,-1,8,E01035111,0,4
2025544283125,2025,544283125,1,90,0,18,19,3,7,0,0,8,0,0,0,0,4,1,1,1,3,-1,-1,-1,-1,-1,-1,-1,-1,0,-1
2025544304225,2025,544304225,1,11,0,18,19,8,4,0,0,0,0,0,0,0,3,1,1,1,1,44,7,-1,-1,-1,-1,9,E01031883,0,2
2025544304225,2025,544304225,2,9,0,18,19,4,8,0,0,0,0,0,0,0,3,1,5,6,1,33,6,-1,-1,-1,-1,7,E01031842,0,1
2025544349525,2025,544349525,1,9,0,18,19,2,6,0,0,0,5,0,7,11,1,1,5,6,2,75,10,-1,-1,-1,-1,9,E01033156,0,2
2025544353225,2025,544353225,2,1,0,18,19,2,5,0,0,8,0,0,0,0,2,1,5,6,1,53,8,-1,-1,-1,-1,7,E01033843,0,1
2025544353225,2025,544353225,1,9,0,5,5,4,7,0,0,6,0,0,0,0,1,1,5,6,1,35,6,-1,-1,-1,-1,9,E01032710,0,1
2025544353925,2025,544353925,1,9,0,17,19,8,4,0,0,1,0,4,0,0,1,1,5,6,2,80,11,-1,-1,-1,-1,9,E01031841,0,1
2025544353925,2025,544353925,2,9,0,2,2,0,0,0,0,2,0,0,0,0,2,1,6,6,2,-1,-1,-1,-1,-1,-1,-1,-1,0,-1
2025544354225,2025,544354225,2,19,0,18,19,5,1,0,0,0,0,10,1,9,4,1,1,1,1,64,9,-1,-1,-1,-1,9,E01015485,0,2
2025544354225,2025,544354225,1,9,0,18,19,1,5,0,0,0,0,0,0,0,0,1,6,6,3,-1,-1,-1,-1,-1,-1,-1,-1,0,-1
2025544354725,2025,544354725,1,19,0,9,9,8,6,0,0,8,0,0,0,0,1,1,2,2,1,36,7,-1,-1,-1,-1,6,E01023056,0,4
2025544354725,2025,544354725,2,9,0,18,19,4,8,0,0,8,0,0,0,0,1,1,6,6,1,56,9,-1,-1,-1,-1,2,E01031983,0,3
2025544375225,2025,544375225,1,9,0,3,3,2,6,0,0,1,0,0,0,0,3,1,6,6,2,51,8,-1,-1,-1,-1,9,E01031995,0,2
2025544375225,2025,544375225,2,3,0,3,3,2,6,0,0,1,0,0,0,0,4,1,6,6,1,32,6,-1,-1,-1,-1,2,E01031981,0,1
2025544389225,2025,544389225,1,1,0,18,19,5,1,9,9,1,0,0,0,0,1,1,1,1,1,30,6,-1,-1,-1,-1,3,E01034533,0,1
2025544403225,2025,544403225,2,9,0,3,3,1,5,0,0,1,0,0,0,0,2,1,5,6,2,38,7,-1,-1,-1,-1,8,E01022402,0,4