collision_index,collision_year,collision_ref_no,vehicle_reference,vehicle_type,towing_and_articulation,vehicle_manoeuvre_historic,vehicle_manoeuvre,vehicle_direction_from,vehicle_direction_to,vehicle_location_restricted_lane_historic,vehicle_location_restricted_lane,junction_location,skidding_and_overturning,hit_object_in_carriageway,vehicle_leaving_carriageway,hit_object_off_carriageway,first_point_of_impact,vehicle_left_hand_drive,journey_purpose_of_driver_historic,journey_purpose_of_driver,sex_of_driver,age_of_driver,age_band_of_driver,engine_capacity_cc,propulsion_code,age_of_vehicle,generic_make_model,driver_imd_decile,lsoa_of_driver,escooter_flag,driver_distance_banding
2025545612925,2025,545612925,1,9,0,9,9,8,6,0,0,3,0,0,0,0,3,1,5,6,1,51,8,-1,-1,-1,-1,3,W01001805,0,4
2025545635125,2025,545635125,1,8,0,5,5,0,1,0,0,0,0,0,0,0,3,1,1,1,1,50,8,-1,-1,-1,-1,7,E01033860,0,1
2025545638525,2025,545638525,1,9,0,18,19,3,7,0,0,0,0,0,0,0,0,1,6,6,3,-1,-1,-1,-1,-1,-1,-1,-1,0,-1
2025545638525,2025,545638525,2,5,0,13,13,7,3,0,0,0,0,0,0,0,4,1,5,6,1,45,7,-1,-1,-1,-1,6,E01029156,0,4
2025545638525,2025,545638525,3,9,0,18,19,7,3,0,0,0,0,0,0,0,3,1,6,6,1,-1,-1,-1,-1,-1,-1,7,E01031978,0,2
2025545639525,2025,545639525,1,9,0,18,19,3,7,0,0,4,0,0,0,0,1,1,6,6,3,-1,-1,-1,-1,-1,-1,-1,-1,0,-1
2025545639525,2025,545639525,2,5,0,18,19,1,5,0,0,8,0,0,0,0,4,1,1,1,1,52,8,-1,-1,-1,-1,10,E01028745,0,2
2025545647025,2025,545647025,2,5,0,18,19,6,2,0,0,1,1,0,0,0,2,1,5,6,2,54,8,-1,-1,-1,-1,10,E01020166,0,5
2025545647025,2025,545647025,1,9,0,9,9,8,2,0,0,6,0,0,0,0,0,1,5,6,1,40,7,-1,-1,-1,-1,8,E01031957,0,3
2025545647025,2025,545647025,3,5,0,18,19,6,2,0,0,1,1,0,0,0,1,1,5,6,1,67,10,-1,-1,-1,-1,10,E01020166,0,5
2025545661625,2025,545661625,1,5,0,16,19,6,1,0,0,0,1,0,7,10,3,1,5,6,1,33,6,-1,-1,-1,-1,4,E01032036,0,2
2025545662125,2025,545662125,1,9,0,16,19,1,5,0,0,0,0,0,7,11,3,1,5,6,1,18,4,-1,-1,-1,-1,8,E01031941,0,1
2025545673125,2025,545673125,1,19,0,17,19,2,6,0,0,0,0,0,0,0,1,1,5,6,1,44,7,-1,-1,-1,-1,5,E01032004,0,2
2025545673125,2025,545673125,2,1,0,16,19,6,2,0,0,0,0,0,0,0,1,1,5,6,1,44,7,-1,-1,-1,-1,5,E01029053,0,4
2025545678525,2025,545678525,2,5,0,13,13,1,5,0,0,0,0,0,0,0,1,1,6,6,1,69,10,-1,-1,-1,-1,10,E01014967,0,4
2025545678525,2025,545678525,1,9,0,6,6,1,5,0,0,0,0,0,0,0,3,1,6,6,1,46,8,-1,-1,-1,-1,5,E01032281,0,5
2025545690725,2025,545690725,1,9,0,16,19,8,3,0,0,0,0,0,7,9,1,1,5,6,2,22,5,-1,-1,-1,-1,3,E01031914,0,2
2025545705025,2025,545705025,1,19,0,18,19,5,3,0,0,8,0,0,0,0,4,1,6,6,3,-1,-1,-1,-1,-1,-1,-1,-1,0,-1
2025545705025,2025,545705025,2,9,0,18,19,5,3,0,0,8,0,0,0,0,3,1,1,1,1,36,7,-1,-1,-1,-1,6,E01032091,0,4
2025545719925,2025,545719925,1,9,0,18,19,2,6,0,0,6,0,0,0,0,1,1,5,6,1,59,9,-1,-1,-1,-1,6,E01015559,0,1
2025545724525,2025,545724525,1,11,0,9,9,3,7,0,0,6,0,0,0,0,1,1,1,1,2,55,8,-1,-1,-1,-1,8,E01032033,0,2
2025545724525,2025,545724525,2,9,0,18,19,8,4,0,0,1,5,0,0,0,4,1,6,6,2,55,8,-1,-1,-1,-1,9,E01023197,0,3
2025545733925,2025,545733925,2,9,0,18,19,8,4,0,0,1,0,0,0,0,1,1,1,1,2,60,9,-1,-1,-1,-1,8,E01015500,0,3
2025545733925,2025,545733925,1,9,0,9,9,6,4,0,0,6,0,0,0,0,4,1,1,1,2,20,4,-1,-1,-1,-1,6,E01031884,0,3
2025545760325,2025,545760325,1,9,0,7,7,8,4,5,5,6,0,0,0,0,1,1,6,6,1,29,6,-1,-1,-1,-1,6,E01023070,0,4
2025545760325,2025,545760325,2,1,0,18,19,4,8,5,5,1,0,0,0,0,3,1,6,6,1,35,6,-1,-1,-1,-1,10,E01031970,0,2
2025545764125,2025,545764125,1,9,0,9,9,6,3,0,0,1,0,0,0,0,3,1,1,1,1,33,6,-1,-1,-1,-1,8,-1,0,5
2025545764125,2025,545764125,2,3,0,14,14,6,2,0,0,1,0,0,0,0,4,1,1,1,1,25,5,-1,-1,-1,-1,1,E01032096,0,1
2025545785425,2025,545785425,1,9,0,18,19,8,4,0,0,0,0,0,5,6,3,1,5,6,1,26,6,-1,-1,-1,-1,2,E01033353,0,4
2025545790925,2025,545790925,2,9,0,18,19,2,6,0,0,0,0,0,0,0,3,1,5,6,2,40,7,-1,-1,-1,-1,9,E01032005,0,2
2025545790925,2025,545790925,1,9,0,18,19,6,2,0,0,0,0,0,0,0,3,1,5,6,1,66,10,-1,-1,-1,-1,8,E01031885,0,4
2025545803225,2025,545803225,1,9,0,9,9,6,4,0,0,6,0,0,0,0,3,1,5,6,2,26,6,-1,-1,-1,-1,3,E01015527,0,1
2025545803225,2025,545803225,2,9,0,14,14,4,8,0,0,1,0,0,0,0,1,1,5,6,2,28,6,-1,-1,-1,-1,1,E01015542,0,1
2025545804525,2025,545804525,1,9,0,9,9,4,1,0,0,8,0,0,0,0,4,1,6,6,1,41,7,-1,-1,-1,-1,4,E01031986,0,1
2025545804525,2025,545804525,2,1,0,18,19,8,4,0,0,8,0,0,0,0,1,1,6,6,1,77,11,-1,-1,-1,-1,8,E01032038,0,1
2025545805625,2025,545805625,1,9,0,5,5,8,4,0,0,4,0,0,0,0,1,1,6,6,2,18,4,-1,-1,-1,-1,8,E01034530,0,2
2025545805625,2025,545805625,2,9,0,9,9,4,2,0,0,8,0,0,0,0,1,1,6,6,2,23,5,-1,-1,-1,-1,9,E01032092,0,1
2025545830725,2025,545830725,2,1,0,18,19,5,1,0,0,6,5,0,0,0,3,1,6,6,1,36,7,-1,-1,-1,-1,4,E01032019,0,1
2025545830725,2025,545830725,1,9,0,18,19,2,7,0,0,6,0,0,0,0,1,1,6,6,2,75,10,-1,-1,-1,-1,8,E01032021,0,1
2025545841925,2025,545841925,2,1,0,18,19,4,8,5,5,1,1,0,0,0,1,1,2,2,2,55,8,-1,-1,-1,-1,7,E01015585,0,1
2025545841925,2025,545841925,1,9,0,7,7,4,6,5,5,5,0,0,0,0,4,1,6,6,1,56,9,-1,-1,-1,-1,8,E01016432,0,4
2025545851425,2025,545851425,2,9,0,9,9,8,6,0,0,5,0,0,0,0,3,1,5,6,1,24,5,-1,-1,-1,-1,-1,-1,0,-1
2025545851425,2025,545851425,1,4,0,14,14,8,4,0,0,1,0,0,0,0,1,1,2,2,1,28,6,-1,-1,-1,-1,6,E01032114,0,4
2025545885425,2025,545885425,3,21,1,18,19,1,5,0,0,1,1,0,0,0,1,1,1,1,1,36,7,-1,-1,-1,-1,4,E01031895,0,3
2025545885425,2025,545885425,1,3,0,4,4,5,1,0,0,1,1,0,0,0,1,1,2,2,1,19,4,-1,-1,-1,-1,9,E01032102,0,2
2025545885425,2025,545885425,2,9,0,4,4,5,1,0,0,1,0,0,0,0,2,1,6,6,1,74,10,-1,-1,-1,-1,7,E01029070,0,4
2025545901325,2025,545901325,1,9,0,16,19,6,2,0,0,0,0,0,7,0,3,1,5,6,2,71,10,-1,-1,-1,-1,6,E01031866,0,3
2025545901325,2025,545901325,2,9,0,17,19,2,6,0,0,0,0,0,1,0,3,1,5,6,2,20,4,-1,-1,-1,-1,9,E01031841,0,1
2025545901325,2025,545901325,3,9,0,17,19,2,6,0,0,0,0,0,0,0,1,1,5,6,2,34,6,-1,-1,-1,-1,1,E01015545,0,3
2025545918325,2025,545918325,1,9,0,18,19,8,4,0,0,0,0,0,0,0,1,1,5,6,1,32,6,-1,-1,-1,-1,5,E01000860,0,5
2025545918325,2025,545918325,2,9,0,18,19,4,8,0,0,0,0,0,0,0,1,1,1,1,1,65,9,-1,-1,-1,-1,7,E01014722,0,4
2025545946325,2025,545946325,2,9,0,18,19,7,2,0,0,8,0,0,0,0,1,1,6,6,1,63,9,-1,-1,-1,-1,4,E01017164,0,4
2025545946325,2025,545946325,1,10,0,5,5,1,5,0,0,4,0,0,0,0,3,1,5,6,2,63,9,-1,-1,-1,-1,5,E01032022,0,1
2025545979325,2025,545979325,1,9,0,18,19,3,7,0,0,1,0,0,0,0,1,1,6,6,1,40,7,-1,-1,-1,-1,8,E01032704,0,1
2025545979325,2025,545979325,2,9,0,3,3,3,7,0,0,1,0,0,0,0,2,1,6,6,1,46,8,-1,-1,-1,-1,9,E01032710,0,1
2025545985325,2025,545985325,2,9,0,5,5,2,6,0,0,1,0,0,0,0,2,1,5,6,1,42,7,-1,-1,-1,-1,4,E01003372,0,5
2025545985325,2025,545985325,3,9,0,5,5,2,6,0,0,1,0,0,0,0,0,1,5,6,2,61,9,-1,-1,-1,-1,-1,-1,0,-1
2025545985325,2025,545985325,1,9,0,18,19,2,6,0,0,1,5,0,0,0,1,1,5,6,2,38,7,-1,-1,-1,-1,6,E01031378,0,5
2025546004425,2025,546004425,1,3,0,4,4,1,5,0,0,1,2,0,0,0,3,1,5,6,1,25,5,-1,-1,-1,-1,4,E01031859,0,1
2025546020225,2025,546020225,1,9,0,4,4,4,8,0,0,1,0,0,0,0,1,1,5,6,1,24,5,-1,-1,-1,-1,9,E01015485,0,2
2025546020225,2025,546020225,2,9,0,3,3,4,8,0,0,1,0,0,0,0,2,1,5,6,1,56,9,-1,-1,-1,-1,9,E01031883,0,4
2025546030625,2025,546030625,1,9,0,5,5,3,7,0,0,6,0,0,0,0,3,1,1,1,1,27,6,-1,-1,-1,-1,7,E01032110,0,1
2025546030625,2025,546030625,2,90,0,13,13,2,6,0,0,8,0,0,0,0,1,1,1,1,1,20,4,-1,-1,-1,-1,6,E01032109,0,1
2025546060125,2025,546060125,2,9,0,3,3,8,4,0,0,1,0,0,0,0,2,1,5,6,2,53,8,-1,-1,-1,-1,7,E01015486,0,1
2025546060125,2025,546060125,1,9,0,18,19,8,4,0,0,1,0,0,0,0,1,1,6,6,3,-1,-1,-1,-1,-1,-1,-1,-1,0,-1
2025546074325,2025,546074325,2,9,0,3,3,2,6,0,0,1,0,0,0,0,2,1,5,6,2,56,9,-1,-1,-1,-1,7,E01015490,0,1
2025546074325,2025,546074325,1,9,0,4,4,2,6,0,0,1,0,0,0,0,1,1,5,6,1,52,8,-1,-1,-1,-1,1,E01015558,0,1
2025546075125,2025,546075125,3,9,0,3,3,6,2,0,0,0,0,0,0,0,2,1,6,6,1,61,9,-1,-1,-1,-1,4,E01032715,0,1
2025546075125,2025,546075125,1,9,0,18,19,6,2,0,0,0,0,0,0,0,1,1,6,6,1,43,7,-1,-1,-1,-1,5,E01015532,0,1
2025546075125,2025,546075125,2,9,0,3,3,6,2,0,0,0,0,0,0,0,2,1,6,6,1,42,7,-1,-1,-1,-1,2,E01033845,0,1
2025546084625,2025,546084625,1,9,0,5,5,1,5,0,0,4,0,0,0,0,1,1,6,6,1,47,8,-1,-1,-1,-1,6,E01015568,0,1
2025546084625,2025,546084625,2,9,0,9,9,5,3,0,0,8,0,0,0,0,1,1,6,6,1,35,6,-1,-1,-1,-1,7,E01015576,0,1
2025546099425,2025,546099425,1,19,0,18,19,6,2,0,0,0,0,0,0,0,1,1,1,1,1,36,7,-1,-1,-1,-1,7,E01031842,0,4
2025546099425,2025,546099425,2,9,0,18,19,2,6,0,0,0,0,0,0,0,1,1,1,1,1,68,10,-1,-1,-1,-1,10,E01015547,0,1
2025546112925,2025,546112925,1,9,0,17,19,7,4,0,0,1,2,0,7,9,1,1,6,6,1,29,6,-1,-1,-1,-1,-1,-1,0,-1
2025546134425,2025,546134425,2,9,0,18,19,3,7,0,0,1,0,0,0,0,1,1,6,6,2,64,9,-1,-1,-1,-1,4,E01031895,0,1
2025546134425,2025,546134425,1,9,0,5,5,2,7,0,0,1,0,0,0,0,1,1,6,6,2,42,7,-1,-1,-1,-1,6,E01031902,0,1
2025546162625,2025,546162625,1,3,0,16,19,3,7,0,0,4,1,0,0,0,4,1,2,2,2,24,5,-1,-1,-1,-1,7,E01031979,0,1
2025546184525,2025,546184525,1,9,0,18,19,5,1,0,0,0,0,0,0,0,1,1,2,2,2,54,8,-1,-1,-1,-1,10,E01031927,0,1
2025546224525,2025,546224525,2,9,0,3,3,8,5,0,0,0,0,0,1,1,2,1,6,6,2,59,9,-1,-1,-1,-1,8,E01034535,0,1
2025546224525,2025,546224525,1,9,0,18,19,8,5,0,0,0,0,0,0,0,1,1,5,6,2,83,11,-1,-1,-1,-1,7,E01034540,0,1
2025546231425,2025,546231425,1,19,0,18,19,8,4,0,0,1,0,0,0,0,1,1,6,6,1,24,5,-1,-1,-1,-1,7,E01032015,0,1
2025546231425,2025,546231425,2,9,0,10,10,8,4,0,0,1,0,0,0,0,2,1,6,6,1,44,7,-1,-1,-1,-1,2,E01008892,0,5
2025546231425,2025,546231425,3,9,0,18,19,8,4,0,0,1,0,0,0,0,1,1,6,6,2,42,7,-1,-1,-1,-1,5,E01032004,0,2
2025546235425,2025,546235425,1,9,0,17,19,2,7,0,0,0,0,0,0,0,1,1,5,6,2,81,11,-1,-1,-1,-1,9,E01024104,0,5
2025546235425,2025,546235425,2,21,1,16,19,7,2,0,0,0,0,0,0,0,1,1,1,1,1,55,8,-1,-1,-1,-1,8,E01013799,0,5
2025546235525,2025,546235525,2,1,0,18,19,6,2,0,0,0,0,0,0,0,0,1,5,6,1,11,3,-1,-1,-1,-1,2,E01015570,0,1
2025546235525,2025,546235525,1,9,0,13,13,6,2,0,0,0,0,0,0,0,0,1,6,6,1,38,7,-1,-1,-1,-1,3,E01015569,0,1
2025546239325,2025,546239325,2,9,0,4,4,5,1,0,0,0,0,0,0,0,2,1,5,6,2,68,10,-1,-1,-1,-1,10,E01031864,0,1
2025546239325,2025,546239325,3,9,0,4,4,5,1,0,0,0,0,0,0,0,2,1,5,6,2,40,7,-1,-1,-1,-1,3,E01031956,0,4
2025546239325,2025,546239325,4,9,0,4,4,5,1,0,0,0,0,0,0,0,2,1,5,6,1,51,8,-1,-1,-1,-1,3,E01031856,0,3
2025546239325,2025,546239325,1,9,0,18,19,5,1,0,0,0,0,0,0,0,1,1,5,6,1,45,7,-1,-1,-1,-1,5,E01031869,0,2
2025546254825,2025,546254825,2,9,0,2,2,0,0,0,0,1,0,0,0,0,4,1,5,6,3,-1,-1,-1,-1,-1,-1,-1,-1,0,-1
2025546254825,2025,546254825,1,9,0,1,1,2,6,0,0,1,0,0,0,0,3,1,6,6,2,36,7,-1,-1,-1,-1,1,E01015541,0,1
2025546254825,2025,546254825,3,9,0,2,2,0,0,0,0,1,0,0,0,0,4,1,6,6,3,-1,-1,-1,-1,-1,-1,-1,-1,0,-1
2025546259625,2025,546259625,1,99,0,16,19,4,8,0,0,0,0,0,0,0,1,1,6,6,3,-1,-1,-1,-1,-1,-1,-1,-1,0,-1
2025546259625,2025,546259625,2,1,0,18,19,2,6,0,0,0,0,0,0,0,4,1,6,6,1,11,3,-1,-1,-1,-1,9,E01031988,0,1
2025546285325,2025,546285325,1,9,0,18,19,3,7,0,0,0,1,0,6,6,4,1,6,6,1,33,6,-1,-1,-1,-1,8,E01015561,0,4
2025546285925,2025,546285925,1,9,0,18,19,6,2,0,0,0,0,0,1,4,1,1,5,6,1,77,11,-1,-1,-1,-1,8,E01030491,0,5
2025546287725,2025,546287725,1,5,0,12,12,4,8,0,0,0,0,0,0,0,3,1,5,6,1,63,9,-1,-1,-1,-1,4,E01019932,0,5
2025546287725,2025,546287725,2,9,0,18,19,4,8,0,0,0,0,0,0,0,4,1,5,6,1,74,10,-1,-1,-1,-1,5,E01015475,0,2
2025546297325,2025,546297325,3,9,0,4,4,4,8,0,0,0,0,0,0,0,2,1,5,6,1,44,7,-1,-1,-1,-1,8,E01032709,0,1
2025546297325,2025,546297325,2,9,0,4,4,4,8,0,0,0,0,0,0,0,2,1,5,6,1,52,8,-1,-1,-1,-1,4,E01015492,0,2
2025546297325,2025,546297325,1,9,0,18,19,4,8,0,0,0,0,0,0,0,1,1,5,6,1,29,6,-1,-1,-1,-1,7,E01022225,0,3
2025546316325,2025,546316325,2,9,0,18,19,2,6,0,0,1,0,0,0,0,1,1,5,6,1,70,10,-1,-1,-1,-1,5,E01032090,0,1
2025546316325,2025,546316325,1,9,0,4,4,2,6,0,0,1,0,0,0,0,2,1,5,6,1,61,9,-1,-1,-1,-1,4,E01029038,0,3
2025546316325,2025,546316325,3,10,0,18,19,2,6,0,0,1,0,0,0,0,1,1,5,6,1,38,7,-1,-1,-1,-1,9,E01032102,0,1
2025546319225,2025,546319225,1,9,0,9,9,1,7,0,0,8,0,0,0,0,4,1,5,6,1,26,6,-1,-1,-1,-1,9,E01034542,0,3
2025546319225,2025,546319225,2,9,0,18,19,5,1,0,0,8,0,0,0,0,1,1,5,6,1,65,9,-1,-1,-1,-1,6,E01020476,0,4
2025546324025,2025,546324025,1,9,0,9,9,3,1,0,0,6,0,0,0,0,1,1,5,6,1,37,7,-1,-1,-1,-1,9,E01031582,0,5
2025546324025,2025,546324025,2,9,0,18,19,5,1,0,0,8,1,0,1,2,1,1,5,6,2,21,5,-1,-1,-1,-1,8,E01023246,0,4
2025546331125,2025,546331125,1,19,0,9,9,5,3,0,0,6,0,0,0,0,4,1,5,6,1,28,6,-1,-1,-1,-1,4,E01032013,0,1
2025546331125,2025,546331125,2,9,0,18,19,7,3,0,0,1,0,0,0,0,1,1,5,6,1,28,6,-1,-1,-1,-1,6,E01032103,0,4
2025546361025,2025,546361025,1,9,0,17,19,1,5,0,0,0,5,0,1,9,1,1,5,6,1,18,4,-1,-1,-1,-1,8,E01034525,0,1
2025546388425,2025,546388425,1,9,0,18,19,8,4,0,0,0,2,0,7,1,1,1,6,6,2,42,7,-1,-1,-1,-1,5,E01032010,0,3
2025546410225,2025,546410225,2,1,0,18,19,5,1,0,0,1,0,0,0,0,1,1,6,6,1,64,9,-1,-1,-1,-1,9,E01034532,0,1
2025546410225,2025,546410225,1,9,0,9,9,0,3,0,0,6,0,0,0,0,1,1,6,6,2,26,6,-1,-1,-1,-1,8,E01032049,0,1
2025546432725,2025,546432725,1,9,0,6,6,8,4,0,0,0,0,0,0,0,3,1,5,6,2,21,5,-1,-1,-1,-1,5,E01031982,0,1
2025546432725,2025,546432725,2,9,0,18,19,4,8,0,0,0,0,0,0,0,1,1,5,6,2,21,5,-1,-1,-1,-1,5,E01031982,0,1
2025546454025,2025,546454025,1,9,0,16,19,5,1,0,0,1,0,0,0,0,1,1,3,7,2,47,8,-1,-1,-1,-1,8,E01031941,0,1
2025546454025,2025,546454025,2,9,0,17,19,1,5,0,0,1,0,0,0,0,1,1,1,1,1,55,8,-1,-1,-1,-1,8,E01032043,0,1
2025546460225,2025,546460225,2,9,0,4,4,6,2,0,0,0,0,0,0,0,2,1,6,6,1,28,6,-1,-1,-1,-1,3,E01016391,0,4
2025546460225,2025,546460225,1,9,0,18,19,6,2,0,0,0,0,0,0,0,1,1,6,6,1,89,11,-1,-1,-1,-1,6,E01022253,0,4
2025546460225,2025,546460225,3,19,0,2,2,0,0,0,0,0,0,0,0,0,0,1,1,1,3,-1,-1,-1,-1,-1,-1,-1,-1,0,-1
2025546470125,2025,546470125,1,99,0,18,19,6,2,0,0,1,0,0,0,0,0,1,6,6,3,-1,-1,-1,-1,-1,-1,-1,-1,0,-1
2025546473725,2025,546473725,2,9,0,18,19,1,5,0,0,0,0,0,0,0,1,1,6,6,2,65,9,-1,-1,-1,-1,10,E01015499,0,2
2025546473725,2025,546473725,1,1,0,14,14,5,1,0,0,0,0,0,0,0,1,1,5,6,1,13,3,-1,-1,-1,-1,3,E01015488,0,1
2025546474325,2025,546474325,2,9,0,4,4,2,6,0,0,0,0,0,0,0,2,1,6,6,1,31,6,-1,-1,-1,-1,8,E01034546,0,1
2025546474325,2025,546474325,1,9,0,18,19,2,6,0,0,0,0,0,0,0,1,1,6,6,1,45,7,-1,-1,-1,-1,9,E01034557,0,3
2025546474325,2025,546474325,3,9,0,4,4,2,6,0,0,0,0,0,0,0,2,1,6,6,1,22,5,-1,-1,-1,-1,8,E01012532,0,5
2025546485125,2025,546485125,3,9,0,18,19,2,6,0,0,0,0,0,0,0,1,1,6,6,1,18,4,-1,-1,-1,-1,6,E01031967,0,3
2025546485125,2025,546485125,1,4,0,18,19,6,2,0,0,0,0,12,0,0,1,1,6,6,1,21,5,-1,-1,-1,-1,8,E01032690,0,1
2025546485125,2025,546485125,2,9,0,18,19,6,2,0,0,0,0,0,0,0,1,1,6,6,1,18,4,-1,-1,-1,-1,9,E01031946,0,1
2025546517525,2025,546517525,1,2,0,18,19,8,4,0,0,0,0,10,0,0,4,1,5,6,1,59,9,-1,-1,-1,-1,1,E01017167,0,4
2025546531625,2025,546531625,3,9,0,2,2,0,0,0,0,0,0,0,0,0,1,1,6,6,3,-1,-1,-1,-1,-1,-1,-1,-1,0,-1
2025546531625,2025,546531625,1,9,0,18,19,8,4,0,0,0,2,4,7,0,4,1,5,6,2,82,11,-1,-1,-1,-1,7,E01031872,0,1
2025546531625,2025,546531625,2,9,0,2,2,0,0,0,0,0,0,4,0,0,3,1,6,6,3,-1,-1,-1,-1,-1,-1,-1,-1,0,-1
2025546553825,2025,546553825,2,9,0,18,19,3,7,0,0,0,0,0,0,0,1,1,6,6,2,18,4,-1,-1,-1,-1,10,E01022838,0,5
2025546553825,2025,546553825,1,9,0,4,4,3,7,0,0,0,0,0,0,0,2,1,6,6,1,40,7,-1,-1,-1,-1,5,E01023095,0,4
2025546553825,2025,546553825,3,9,0,18,19,3,7,0,0,0,0,0,0,0,2,1,6,6,1,51,8,-1,-1,-1,-1,7,E01023255,0,4
2025546554325,2025,546554325,2,9,0,18,19,3,7,0,0,2,0,0,0,0,3,1,6,6,1,21,5,-1,-1,-1,-1,6,E01032000,0,1
2025546554325,2025,546554325,1,9,0,18,19,7,3,0,0,2,0,0,0,0,3,1,6,6,2,90,11,-1,-1,-1,-1,9,E01031995,0,2
2025546558925,2025,546558925,2,9,0,3,3,4,7,0,0,1,0,0,0,0,2,1,6,6,2,41,7,-1,-1,-1,-1,3,E01031963,0,2
2025546558925,2025,546558925,3,97,0,3,3,4,7,0,0,1,0,0,0,0,2,1,6,6,1,-1,-1,-1,-1,-1,-1,-1,-1,0,-1
2025546558925,2025,546558925,1,9,0,18,19,4,7,0,0,1,0,0,0,0,1,1,6,6,1,71,10,-1,-1,-1,-1,7,E01015497,0,1
2025546563925,2025,546563925,2,9,0,18,19,8,4,0,0,0,0,0,1,7,1,1,5,6,2,41,7,-1,-1,-1,-1,9,E01023134,0,4
2025546563925,2025,546563925,1,9,0,18,19,4,8,0,0,0,0,0,7,7,1,1,5,6,2,21,5,-1,-1,-1,-1,6,E01022561,0,4
2025546569825,2025,546569825,1,19,0,5,5,5,1,0,0,6,0,0,0,0,3,1,1,1,1,30,6,-1,-1,-1,-1,8,E01017814,0,4
2025546569825,2025,546569825,2,9,0,18,19,3,8,0,0,8,0,0,0,0,1,1,5,6,2,53,8,-1,-1,-1,-1,7,E01023177,0,1
2025546574425,2025,546574425,1,9,0,18,19,7,3,0,0,8,0,0,0,0,1,1,6,6,1,60,9,-1,-1,-1,-1,3,E01004004,0,5
2025546574425,2025,546574425,2,9,0,18,19,1,5,0,0,8,0,0,0,0,1,1,6,6,2,19,4,-1,-1,-1,-1,9,E01031999,0,2
2025546592225,2025,546592225,2,4,0,17,19,1,5,0,0,0,1,0,0,0,1,1,5,6,1,63,9,-1,-1,-1,-1,10,E01015014,0,4
2025546592225,2025,546592225,3,4,0,17,19,1,5,0,0,0,2,0,0,0,1,1,5,6,1,62,9,-1,-1,-1,-1,6,E01022351,0,4
2025546592225,2025,546592225,4,4,0,17,19,1,5,0,0,0,2,0,1,4,1,1,5,6,1,62,9,-1,-1,-1,-1,10,E01014874,0,4
2025546592225,2025,546592225,1,9,0,16,19,5,1,0,0,0,0,0,0,0,1,1,5,6,1,69,10,-1,-1,-1,-1,5,E01032054,0,2
2025546611825,2025,546611825,1,9,0,18,19,6,2,0,0,1,0,0,0,0,1,1,6,6,3,-1,-1,-1,-1,-1,-1,-1,-1,0,-1
2025546611825,2025,546611825,2,1,0,18,19,6,2,0,0,1,0,0,0,0,2,1,6,6,1,13,3,-1,-1,-1,-1,1,E01015575,0,1
2025546611925,2025,546611925,1,9,0,13,13,4,8,0,0,0,0,0,0,0,3,1,5,6,2,37,7,-1,-1,-1,-1,6,E01031876,0,3
2025546611925,2025,546611925,3,9,0,18,19,4,8,0,0,0,0,0,1,11,3,1,5,6,2,38,7,-1,-1,-1,-1,10,E01014875,0,4
2025546611925,2025,546611925,2,9,0,13,13,4,8,0,0,0,5,0,0,0,4,1,5,6,1,38,7,-1,-1,-1,-1,8,E01032688,0,3
2025546612125,2025,546612125,1,3,0,18,19,3,7,0,0,4,2,0,0,0,3,1,6,6,1,18,4,-1,-1,-1,-1,7,E01015552,0,2
2025546631225,2025,546631225,1,9,0,5,5,7,3,0,0,6,0,0,0,0,3,1,5,6,2,79,11,-1,-1,-1,-1,7,E01015576,0,1
2025546631225,2025,546631225,2,4,0,18,19,5,1,0,0,1,0,0,0,0,1,1,5,6,1,60,9,-1,-1,-1,-1,7,E01015576,0,1
2025546647925,2025,546647925,2,9,0,9,9,2,1,0,0,5,0,0,0,0,3,1,6,6,1,23,5,-1,-1,-1,-1,5,E01015554,0,1
2025546647925,2025,546647925,1,9,0,13,13,2,6,0,0,1,0,0,0,0,1,1,6,6,1,38,7,-1,-1,-1,-1,4,E01015511,0,1
2025546655225,2025,546655225,1,9,0,13,13,7,3,0,0,0,0,0,0,0,4,1,2,2,2,52,8,-1,-1,-1,-1,9,E01032107,0,2
2025546655225,2025,546655225,2,1,0,18,19,7,3,0,0,0,0,0,0,0,3,1,5,6,1,64,9,-1,-1,-1,-1,8,E01032095,0,2
2025546676925,2025,546676925,2,9,0,18,19,6,2,0,0,1,0,0,0,0,1,1,5,6,2,37,7,-1,-1,-1,-1,-1,-1,0,-1
2025546676925,2025,546676925,1,9,0,18,19,2,6,0,0,1,0,0,0,0,1,1,6,6,1,82,11,-1,-1,-1,-1,5,E01031936,0,1
2025546690525,2025,546690525,2,19,0,4,4,8,4,0,0,0,0,0,0,0,2,1,2,2,1,58,9,-1,-1,-1,-1,3,E01015530,0,2
2025546690525,2025,546690525,1,9,0,18,19,8,4,0,0,0,0,0,0,0,1,1,2,2,1,19,4,-1,-1,-1,-1,7,E01022416,0,4
2025546692825,2025,546692825,1,9,0,17,19,4,1,0,0,8,0,0,0,0,3,1,6,6,1,54,8,-1,-1,-1,-1,10,E01031934,0,3