collision_index,collision_year,collision_ref_no,vehicle_reference,vehicle_type,towing_and_articulation,vehicle_manoeuvre_historic,vehicle_manoeuvre,vehicle_direction_from,vehicle_direction_to,vehicle_location_restricted_lane_historic,vehicle_location_restricted_lane,junction_location,skidding_and_overturning,hit_object_in_carriageway,vehicle_leaving_carriageway,hit_object_off_carriageway,first_point_of_impact,vehicle_left_hand_drive,journey_purpose_of_driver_historic,journey_purpose_of_driver,sex_of_driver,age_of_driver,age_band_of_driver,engine_capacity_cc,propulsion_code,age_of_vehicle,generic_make_model,driver_imd_decile,lsoa_of_driver,escooter_flag,driver_distance_banding
2025546692825,2025,546692825,2,9,0,16,19,4,7,0,0,3,0,0,0,0,4,1,6,6,1,19,4,-1,-1,-1,-1,9,E01015535,0,1
2025546693225,2025,546693225,2,9,0,18,19,3,7,0,0,0,0,0,0,0,1,1,5,6,2,38,7,-1,-1,-1,-1,4,E01031895,0,3
2025546693225,2025,546693225,1,1,0,18,19,5,1,0,0,0,0,0,0,0,3,1,5,6,1,10,2,-1,-1,-1,-1,7,E01034520,0,1
2025546697625,2025,546697625,1,9,0,18,19,2,6,0,0,0,0,0,0,0,1,1,5,6,1,37,7,-1,-1,-1,-1,6,E01032073,0,1
2025546697625,2025,546697625,2,9,0,18,19,6,2,0,0,0,0,0,0,0,1,1,5,6,2,16,4,-1,-1,-1,-1,5,E01032070,0,1
2025546700225,2025,546700225,1,9,0,4,4,6,2,0,0,1,0,0,0,0,1,1,6,6,1,-1,-1,-1,-1,-1,-1,-1,-1,0,-1
2025546709525,2025,546709525,2,20,0,9,9,2,6,0,0,5,0,0,0,0,2,1,1,1,1,37,7,-1,-1,-1,-1,7,E01034520,0,4
2025546709525,2025,546709525,1,9,0,18,19,2,6,0,0,1,2,0,1,9,1,1,1,1,1,56,9,-1,-1,-1,-1,10,E01032055,0,3
2025546719525,2025,546719525,2,9,0,18,19,3,7,0,0,8,0,0,0,0,1,1,1,1,1,40,7,-1,-1,-1,-1,6,E01015496,0,3
2025546719525,2025,546719525,1,4,0,18,19,1,5,0,0,8,0,0,0,0,4,1,1,1,1,63,9,-1,-1,-1,-1,6,E01014069,0,4
2025546727625,2025,546727625,2,9,0,3,3,5,1,0,0,8,0,0,0,0,2,1,5,6,2,32,6,-1,-1,-1,-1,7,E01031842,0,4
2025546727625,2025,546727625,1,9,0,4,4,5,1,0,0,8,0,0,0,0,1,1,5,6,2,62,9,-1,-1,-1,-1,8,E01022209,0,3
2025546734025,2025,546734025,1,9,0,18,19,7,3,0,0,0,0,0,0,0,1,1,2,2,1,50,8,-1,-1,-1,-1,6,E01031876,0,4
2025546734025,2025,546734025,2,19,0,4,4,7,3,0,0,0,0,0,0,0,2,1,1,1,1,73,10,-1,-1,-1,-1,7,E01031868,0,1
2025546741025,2025,546741025,2,9,0,18,19,5,1,0,0,8,1,0,7,9,4,1,5,6,1,19,4,-1,-1,-1,-1,7,E01033842,0,2
2025546741025,2025,546741025,1,19,0,18,19,7,3,0,0,6,0,0,0,0,1,1,1,1,1,46,8,-1,-1,-1,-1,7,E01034521,0,2
2025546746625,2025,546746625,1,9,0,4,4,3,7,0,0,1,0,0,0,0,4,1,6,6,2,77,11,-1,-1,-1,-1,5,E01031860,0,1
2025546777125,2025,546777125,1,3,0,15,15,6,2,0,0,0,0,0,0,0,3,1,5,6,1,20,4,-1,-1,-1,-1,2,E01032064,0,2
2025546807425,2025,546807425,2,19,0,18,19,4,8,0,0,0,1,0,1,9,1,1,1,1,1,57,9,-1,-1,-1,-1,5,E01020462,0,4
2025546807425,2025,546807425,1,9,0,13,13,4,8,0,0,0,0,0,0,0,0,1,6,6,3,-1,-1,-1,-1,-1,-1,-1,-1,0,-1
2025546810325,2025,546810325,2,9,0,17,19,5,2,0,0,0,0,0,0,0,3,1,6,6,1,45,7,-1,-1,-1,-1,9,E01033234,0,4
2025546810325,2025,546810325,1,9,0,16,19,2,5,0,0,0,1,0,7,10,1,1,6,6,1,47,8,-1,-1,-1,-1,5,E01014451,0,4
2025546840525,2025,546840525,1,9,0,18,19,7,3,0,0,0,5,10,7,4,3,1,2,2,1,54,8,-1,-1,-1,-1,3,E01014948,0,4
2025546840925,2025,546840925,1,9,0,12,12,2,4,0,0,0,2,0,6,0,1,1,5,6,1,39,7,-1,-1,-1,-1,9,E01032012,0,2
2025546843725,2025,546843725,1,9,0,18,19,5,1,0,0,0,1,0,1,4,2,1,5,6,1,18,4,-1,-1,-1,-1,10,E01015499,0,4
2025546855425,2025,546855425,1,9,0,17,19,6,2,0,0,0,1,0,1,4,1,1,2,2,1,32,6,-1,-1,-1,-1,6,E01031848,0,3
2025546860125,2025,546860125,1,19,0,18,19,1,5,0,0,4,0,0,0,0,1,1,1,1,1,20,4,-1,-1,-1,-1,5,E01015480,0,1
2025546860125,2025,546860125,2,9,0,9,9,5,3,0,0,8,0,0,0,0,4,1,6,6,2,27,6,-1,-1,-1,-1,8,E01031964,0,2
2025546873925,2025,546873925,2,9,0,4,4,4,8,0,0,1,0,0,0,0,2,1,5,6,2,62,9,-1,-1,-1,-1,4,E01032094,0,4
2025546873925,2025,546873925,1,19,0,18,19,4,8,0,0,1,0,0,0,0,1,1,1,1,1,25,5,-1,-1,-1,-1,5,E01032070,0,4
2025546882625,2025,546882625,2,9,0,9,9,8,6,0,0,5,0,0,0,0,3,1,2,2,2,37,7,-1,-1,-1,-1,2,E01031983,0,1
2025546882625,2025,546882625,1,90,0,18,19,8,4,0,0,8,2,0,0,0,1,1,6,6,1,15,3,-1,-1,-1,-1,4,E01031980,0,1
2025546885225,2025,546885225,1,5,0,13,13,3,7,0,0,0,0,0,5,6,1,1,6,6,1,55,8,-1,-1,-1,-1,4,W01001218,0,4
2025546885225,2025,546885225,2,9,0,13,13,3,7,0,0,0,0,0,0,0,2,1,6,6,1,76,11,-1,-1,-1,-1,6,E01028762,0,4
2025546896125,2025,546896125,1,9,0,18,19,4,8,0,0,8,0,0,0,0,1,1,1,1,1,25,5,-1,-1,-1,-1,8,E01015473,0,2
2025546896125,2025,546896125,2,8,0,9,9,5,4,0,0,8,0,0,0,0,3,1,1,1,1,32,6,-1,-1,-1,-1,7,E01001160,0,5
2025546919225,2025,546919225,1,9,0,18,19,3,7,0,0,1,0,4,0,0,1,1,6,6,2,75,10,-1,-1,-1,-1,6,E01032085,0,2
2025546919225,2025,546919225,2,9,0,2,2,0,0,0,0,1,0,0,0,0,1,1,6,6,3,-1,-1,-1,-1,-1,-1,-1,-1,0,-1
2025546935525,2025,546935525,1,9,0,18,19,5,1,0,0,8,1,0,1,2,1,1,2,2,1,30,6,-1,-1,-1,-1,9,E01031999,0,4
2025546944225,2025,546944225,1,5,0,17,19,6,2,0,0,1,1,0,1,10,1,1,6,6,1,46,8,-1,-1,-1,-1,1,E01034276,0,4
2025546957325,2025,546957325,1,9,0,17,19,2,8,0,0,0,5,0,7,9,3,1,6,6,1,43,7,-1,-1,-1,-1,5,E01019887,0,4
2025546968925,2025,546968925,2,9,0,5,5,2,6,0,0,6,0,0,0,0,4,1,1,1,2,37,7,-1,-1,-1,-1,10,E01028746,0,2
2025546968925,2025,546968925,1,1,0,18,19,4,8,0,0,1,0,0,0,0,1,1,2,2,1,38,7,-1,-1,-1,-1,5,E01015554,0,1
2025546969925,2025,546969925,1,9,0,14,14,8,4,0,0,1,0,0,0,0,1,1,1,1,2,63,9,-1,-1,-1,-1,9,E01031887,0,1
2025547030325,2025,547030325,1,9,0,7,7,4,5,0,0,4,0,0,0,0,3,1,6,6,2,43,7,-1,-1,-1,-1,2,E01032093,0,1
2025547030325,2025,547030325,2,1,0,18,19,1,5,0,0,8,0,0,0,0,1,1,6,6,2,35,6,-1,-1,-1,-1,5,E01032089,0,1
2025547049225,2025,547049225,1,3,0,18,19,6,2,0,0,1,2,0,7,11,1,1,6,6,1,19,4,-1,-1,-1,-1,10,E01032707,0,1
2025547049225,2025,547049225,2,9,0,9,9,5,2,0,0,6,0,0,0,0,1,1,6,6,2,35,6,-1,-1,-1,-1,7,E01033860,0,2
2025547052525,2025,547052525,1,9,0,18,19,3,7,0,0,8,0,0,0,0,4,1,5,6,2,28,6,-1,-1,-1,-1,4,E01015511,0,1
2025547052525,2025,547052525,2,9,0,5,5,7,3,0,0,8,0,0,0,0,3,1,2,2,1,39,7,-1,-1,-1,-1,1,E01015541,0,1
2025547077925,2025,547077925,1,9,0,7,7,6,7,0,0,5,0,0,0,0,1,1,5,6,2,75,10,-1,-1,-1,-1,4,E01031895,0,4
2025547099825,2025,547099825,2,9,0,18,19,3,7,0,0,8,0,0,0,0,1,1,5,6,2,75,10,-1,-1,-1,-1,5,E01031937,0,3
2025547099825,2025,547099825,1,9,0,5,5,5,1,0,0,6,0,0,0,0,3,1,1,1,2,54,8,-1,-1,-1,-1,2,E01032064,0,2
2025547104025,2025,547104025,1,9,0,18,19,2,6,0,0,0,5,0,1,4,4,1,5,6,2,37,7,-1,-1,-1,-1,5,E01015505,0,1
2025547106225,2025,547106225,1,5,0,18,19,4,8,0,0,2,0,0,1,11,1,1,6,6,1,20,4,-1,-1,-1,-1,6,E01031942,0,1
2025547107725,2025,547107725,2,1,0,18,19,8,4,0,0,8,0,0,0,0,4,1,2,2,1,24,5,-1,-1,-1,-1,6,E01032109,0,2
2025547107725,2025,547107725,1,9,0,7,7,2,4,0,0,4,0,0,0,0,1,1,6,6,2,37,7,-1,-1,-1,-1,3,E01032118,0,1
2025547110425,2025,547110425,1,3,0,17,19,2,6,0,0,0,1,0,0,0,4,1,5,6,1,19,4,-1,-1,-1,-1,5,E01015529,0,3
2025547120625,2025,547120625,1,9,0,5,5,1,5,0,0,4,0,0,0,0,1,1,6,6,3,-1,-1,-1,-1,-1,-1,-1,-1,0,-1
2025547120625,2025,547120625,2,1,0,18,19,8,3,0,0,8,0,0,0,0,4,1,5,6,1,76,11,-1,-1,-1,-1,3,E01031896,0,1
2025547135725,2025,547135725,2,9,0,10,10,3,7,0,0,5,0,0,0,0,2,1,6,6,1,70,10,-1,-1,-1,-1,10,E01017798,0,4
2025547135725,2025,547135725,1,9,0,18,19,3,7,0,0,1,0,0,0,0,1,1,6,6,2,64,9,-1,-1,-1,-1,9,E01033847,0,1
2025547170625,2025,547170625,1,9,0,17,19,2,6,0,0,0,0,0,1,4,1,1,5,6,2,18,4,-1,-1,-1,-1,8,E01034530,0,4
2025547171125,2025,547171125,1,9,0,17,19,5,1,0,0,0,2,0,0,0,4,1,2,2,1,24,5,-1,-1,-1,-1,3,E01031911,0,1
2025547206425,2025,547206425,1,19,0,17,19,2,6,0,0,0,1,10,2,7,4,1,1,1,1,39,7,-1,-1,-1,-1,8,E01032694,0,3
2025547217525,2025,547217525,1,9,0,18,19,2,6,0,0,0,0,0,7,11,1,1,6,6,2,27,6,-1,-1,-1,-1,4,E01032115,0,2
2025547221025,2025,547221025,1,9,0,18,19,4,8,0,0,8,0,9,3,1,1,1,5,6,1,22,5,-1,-1,-1,-1,4,E01017362,0,4
2025547228225,2025,547228225,2,9,0,18,19,1,5,0,0,4,0,0,0,0,1,1,6,6,1,57,9,-1,-1,-1,-1,7,E01033860,0,1
2025547228225,2025,547228225,1,9,0,18,19,5,1,0,0,4,0,0,0,0,1,1,6,6,2,20,4,-1,-1,-1,-1,4,E01015578,0,1
2025547231825,2025,547231825,2,19,0,18,19,7,3,0,0,1,0,0,1,0,3,1,1,1,1,53,8,-1,-1,-1,-1,8,E01032690,0,3
2025547231825,2025,547231825,1,9,0,18,19,5,1,0,0,6,0,0,1,0,1,1,1,1,2,33,6,-1,-1,-1,-1,9,E01033848,0,3
2025547235225,2025,547235225,2,9,0,3,3,6,2,0,0,0,0,0,0,0,2,1,6,6,1,29,6,-1,-1,-1,-1,7,E01015582,0,1
2025547235225,2025,547235225,3,9,0,3,3,6,2,0,0,0,0,0,0,0,2,1,6,6,1,39,7,-1,-1,-1,-1,10,E01015518,0,1
2025547235225,2025,547235225,1,9,0,18,19,6,2,0,0,0,0,0,0,0,1,1,6,6,1,47,8,-1,-1,-1,-1,3,E01015510,0,1
2025547252825,2025,547252825,1,9,0,18,19,4,8,0,0,0,0,0,0,0,1,1,6,6,2,71,10,-1,-1,-1,-1,7,E01031872,0,1
2025547264225,2025,547264225,2,9,0,18,19,7,3,0,0,8,0,0,1,0,1,1,5,6,2,51,8,-1,-1,-1,-1,10,E01031903,0,3
2025547264225,2025,547264225,1,9,0,9,9,3,2,0,0,5,0,0,0,0,1,1,5,6,1,59,9,-1,-1,-1,-1,7,E01032007,0,4
2025547273025,2025,547273025,1,9,0,16,19,2,6,0,0,0,0,0,7,4,1,1,5,6,2,65,9,-1,-1,-1,-1,5,E01032066,0,3
2025547282925,2025,547282925,1,9,0,18,19,2,6,0,0,0,0,0,7,4,1,1,5,6,1,18,4,-1,-1,-1,-1,7,E01032016,0,2
2025547300825,2025,547300825,2,9,0,9,9,7,5,0,0,8,0,0,0,0,1,1,5,6,2,25,5,-1,-1,-1,-1,7,E01035581,0,5
2025547300825,2025,547300825,1,9,0,5,5,3,7,0,0,8,0,0,0,0,1,1,5,6,2,31,6,-1,-1,-1,-1,8,E01015556,0,3
2025547328725,2025,547328725,1,9,0,16,19,6,1,0,0,0,2,0,7,9,1,1,2,2,1,24,5,-1,-1,-1,-1,6,E01032119,0,1
2025547337125,2025,547337125,1,9,0,7,7,4,6,0,0,4,0,0,0,0,2,1,6,6,1,46,8,-1,-1,-1,-1,9,E01031922,0,3
2025547337125,2025,547337125,2,3,0,18,19,2,6,0,0,8,0,0,0,0,1,1,6,6,1,28,6,-1,-1,-1,-1,6,E01031853,0,1
2025547341625,2025,547341625,2,9,0,18,19,4,8,0,0,1,0,0,0,0,1,1,5,6,1,24,5,-1,-1,-1,-1,7,E01015497,0,2
2025547341625,2025,547341625,1,9,0,9,9,6,4,0,0,6,0,0,0,0,1,1,5,6,1,21,5,-1,-1,-1,-1,8,E01022279,0,4
2025547403225,2025,547403225,1,9,0,16,19,8,5,0,0,0,0,0,1,4,1,1,6,6,1,17,4,-1,-1,-1,-1,3,E01031975,0,4
2025547415125,2025,547415125,1,9,0,5,5,6,2,0,0,6,0,0,0,0,3,1,6,6,2,31,6,-1,-1,-1,-1,8,E01015517,0,1
2025547415125,2025,547415125,2,1,0,18,19,4,8,0,0,8,0,0,0,0,1,1,6,6,2,36,7,-1,-1,-1,-1,7,E01015486,0,1
2025547417625,2025,547417625,3,9,0,4,4,6,2,0,0,0,0,0,0,0,2,1,5,6,2,52,8,-1,-1,-1,-1,6,E01020283,0,5
2025547417625,2025,547417625,2,9,0,4,4,6,2,0,0,0,0,0,0,0,2,1,6,6,1,66,10,-1,-1,-1,-1,5,E01029306,0,4
2025547417625,2025,547417625,1,9,0,4,4,6,2,0,0,0,0,0,0,0,1,1,5,6,1,45,7,-1,-1,-1,-1,1,E01020984,0,5
2025547426625,2025,547426625,2,9,0,5,5,3,7,0,0,1,0,0,0,0,2,1,2,2,2,33,6,-1,-1,-1,-1,9,E01031886,0,3
2025547426625,2025,547426625,1,9,0,4,4,3,7,0,0,1,0,0,0,0,1,1,2,2,1,49,8,-1,-1,-1,-1,8,E01032701,0,1
2025547434525,2025,547434525,1,5,0,16,19,4,8,0,0,0,5,0,0,0,3,1,2,2,1,54,8,-1,-1,-1,-1,4,E01032019,0,1
2025547434525,2025,547434525,2,20,0,17,19,8,4,0,0,0,0,0,0,0,3,1,1,1,1,23,5,-1,-1,-1,-1,2,E01031981,0,1
2025547440325,2025,547440325,1,9,0,18,19,4,8,0,0,0,0,0,0,0,1,1,6,6,1,-1,-1,-1,-1,-1,-1,5,E01009451,0,5
2025547440325,2025,547440325,2,9,0,3,3,4,8,0,0,0,0,0,0,0,2,1,6,6,1,21,5,-1,-1,-1,-1,10,E01015533,0,1
2025547445825,2025,547445825,1,5,0,13,13,2,6,0,0,0,0,0,0,0,4,1,6,6,1,51,8,-1,-1,-1,-1,10,E01032700,0,1
2025547445825,2025,547445825,2,9,0,18,19,2,6,0,0,0,0,0,0,0,1,1,6,6,2,51,8,-1,-1,-1,-1,1,E01015507,0,1
2025547454025,2025,547454025,1,9,0,17,19,7,4,0,0,0,0,0,1,2,1,1,5,6,1,22,5,-1,-1,-1,-1,5,E01015509,0,3
2025547454125,2025,547454125,1,9,0,18,19,8,4,0,0,0,0,0,1,9,4,1,5,6,1,78,11,-1,-1,-1,-1,8,E01015534,0,2
2025547495425,2025,547495425,1,9,0,9,9,5,4,0,0,6,0,0,3,11,1,1,6,6,2,92,11,-1,-1,-1,-1,9,E01031973,0,1
2025547495425,2025,547495425,2,9,0,18,19,4,8,0,0,1,0,0,0,0,4,1,6,6,1,33,6,-1,-1,-1,-1,10,E01031972,0,1
2025547500025,2025,547500025,2,19,0,4,4,4,8,0,0,0,0,0,0,0,2,1,1,1,1,37,7,-1,-1,-1,-1,7,E01035113,0,4
2025547500025,2025,547500025,1,19,0,18,19,4,8,0,0,0,0,0,0,0,1,1,1,1,1,35,6,-1,-1,-1,-1,4,E01014603,0,4
2025547500325,2025,547500325,1,5,0,12,12,6,1,0,0,1,1,0,5,6,3,1,6,6,1,33,6,-1,-1,-1,-1,7,E01027438,0,5
2025547506425,2025,547506425,1,9,0,18,19,4,8,0,0,4,0,0,0,0,1,1,5,6,2,19,4,-1,-1,-1,-1,7,E01015582,0,1
2025547506425,2025,547506425,2,9,0,9,9,8,6,0,0,8,0,0,0,0,1,1,1,1,2,20,4,-1,-1,-1,-1,2,E01015537,0,1
2025547534025,2025,547534025,1,9,0,9,9,2,8,0,0,6,0,0,0,0,1,1,6,6,1,-1,-1,-1,-1,-1,-1,7,E01031944,0,1
2025547534025,2025,547534025,2,1,0,9,9,5,2,0,0,5,0,0,0,0,3,1,6,6,2,41,7,-1,-1,-1,-1,1,E01015507,0,3
2025547538925,2025,547538925,2,9,0,18,19,6,2,0,0,1,0,0,0,0,1,1,2,2,2,72,10,-1,-1,-1,-1,4,E01015502,0,1
2025547538925,2025,547538925,4,11,0,3,3,6,2,0,0,1,0,0,0,0,2,1,1,1,3,-1,-1,-1,-1,-1,-1,-1,-1,0,-1
2025547538925,2025,547538925,3,9,0,18,19,6,2,0,0,1,0,0,0,0,1,1,2,2,2,83,11,-1,-1,-1,-1,9,E01031959,0,3
2025547538925,2025,547538925,1,9,0,18,19,6,2,0,0,1,0,0,0,0,1,1,2,2,1,77,11,-1,-1,-1,-1,3,E01015569,0,1
2025547542225,2025,547542225,2,9,0,18,19,5,1,0,0,3,0,0,0,0,4,1,6,6,1,48,8,-1,-1,-1,-1,8,E01031941,0,2
2025547542225,2025,547542225,1,9,0,18,19,5,1,0,0,3,0,0,0,0,3,1,6,6,1,43,7,-1,-1,-1,-1,10,E01022573,0,4
2025547552825,2025,547552825,1,3,0,18,19,3,7,0,0,0,1,10,0,0,4,1,6,6,2,61,9,-1,-1,-1,-1,5,E01032004,0,1
2025547577725,2025,547577725,1,9,0,16,19,2,7,0,0,0,5,0,7,0,3,1,5,6,1,23,5,-1,-1,-1,-1,7,E01032078,0,4
2025547583625,2025,547583625,2,9,0,18,19,2,8,0,0,8,0,0,1,1,4,1,5,6,1,72,10,-1,-1,-1,-1,9,E01032044,0,1
2025547583625,2025,547583625,1,19,0,7,7,5,8,0,0,4,0,10,7,1,1,1,6,6,1,36,7,-1,-1,-1,-1,8,E01032067,0,1
2025547598125,2025,547598125,2,9,0,9,9,1,7,0,0,8,0,0,0,0,4,1,5,6,2,20,4,-1,-1,-1,-1,8,E01013780,0,5
2025547598125,2025,547598125,1,9,0,18,19,5,1,0,0,8,0,0,0,0,1,1,5,6,2,69,10,-1,-1,-1,-1,8,E01028715,0,4
2025547600425,2025,547600425,1,3,0,18,19,6,2,0,0,0,0,12,0,0,1,1,6,6,1,28,6,-1,-1,-1,-1,5,E01015519,0,4
2025547611225,2025,547611225,1,9,0,18,19,5,7,0,0,2,1,0,0,0,1,1,6,6,1,67,10,-1,-1,-1,-1,9,E01032695,0,2
2025547611225,2025,547611225,2,9,0,18,19,7,3,0,0,1,1,0,0,0,1,1,6,6,1,52,8,-1,-1,-1,-1,7,E01034551,0,2
2025547617125,2025,547617125,1,19,0,16,19,4,1,0,0,0,0,0,8,11,1,1,6,6,1,58,9,-1,-1,-1,-1,5,E01031845,0,1
2025547619325,2025,547619325,2,17,4,18,19,7,3,0,0,1,0,0,0,0,3,1,1,1,1,46,8,-1,-1,-1,-1,9,E01031939,0,1
2025547619325,2025,547619325,1,90,0,18,19,5,1,0,0,6,0,0,0,0,1,1,5,6,1,63,9,-1,-1,-1,-1,8,E01031940,0,1
2025547629925,2025,547629925,1,9,0,18,19,3,7,0,0,0,0,0,2,7,4,1,5,6,2,23,5,-1,-1,-1,-1,1,W01001659,0,4
2025547629925,2025,547629925,2,9,0,18,19,3,7,0,0,0,0,0,0,0,1,1,5,6,1,53,8,-1,-1,-1,-1,3,E01014498,0,4
2025547633525,2025,547633525,1,5,0,18,19,3,7,0,0,1,1,0,1,0,4,1,6,6,1,26,6,-1,-1,-1,-1,5,E01032089,0,1
2025547639125,2025,547639125,1,9,0,5,5,4,8,0,0,8,0,0,0,0,1,1,6,6,2,32,6,-1,-1,-1,-1,9,E01031858,0,1
2025547639125,2025,547639125,2,5,0,18,19,2,6,0,0,1,0,0,0,0,4,1,1,1,1,64,9,-1,-1,-1,-1,10,E01031903,0,3
2025547640425,2025,547640425,1,9,0,9,9,6,2,0,0,6,0,0,0,0,1,1,6,6,1,71,10,-1,-1,-1,-1,5,E01031990,0,3
2025547640425,2025,547640425,2,9,0,18,19,2,7,0,0,8,0,0,0,0,4,1,6,6,2,49,8,-1,-1,-1,-1,9,E01032026,0,2
2025547643325,2025,547643325,2,19,0,18,19,3,7,0,0,1,0,0,0,0,1,1,1,1,1,46,8,-1,-1,-1,-1,4,E01029230,0,4
2025547643325,2025,547643325,1,9,0,18,19,7,3,0,0,1,0,0,7,0,1,1,5,6,1,65,9,-1,-1,-1,-1,5,E01029215,0,4
2025547651925,2025,547651925,1,9,0,9,9,6,4,0,0,5,0,0,0,0,1,1,5,6,1,57,9,-1,-1,-1,-1,1,E01015573,0,1
2025547651925,2025,547651925,2,9,0,9,9,4,8,0,0,6,0,0,0,0,1,1,2,2,1,35,6,-1,-1,-1,-1,8,E01032705,0,2
2025547706525,2025,547706525,2,1,0,9,9,3,2,0,0,8,0,0,0,0,4,1,6,6,1,19,4,-1,-1,-1,-1,5,E01015587,0,1
2025547706525,2025,547706525,1,9,0,5,5,6,2,0,0,4,0,0,0,0,3,1,6,6,2,42,7,-1,-1,-1,-1,5,E01015532,0,1
2025547707825,2025,547707825,1,9,0,18,19,2,6,0,0,0,0,0,0,0,1,1,6,6,1,67,10,-1,-1,-1,-1,7,E01015582,0,2
2025547707825,2025,547707825,2,9,0,4,4,2,6,0,0,0,0,0,0,0,2,1,6,6,1,70,10,-1,-1,-1,-1,8,E01015500,0,1
2025547708925,2025,547708925,1,19,0,9,9,4,2,0,0,6,0,0,0,0,4,1,2,2,1,30,6,-1,-1,-1,-1,5,E01032056,0,1
2025547708925,2025,547708925,2,9,0,18,19,6,1,0,0,1,0,0,0,0,1,1,2,2,1,40,7,-1,-1,-1,-1,6,E01032114,0,2
2025547716725,2025,547716725,1,9,0,18,19,8,4,0,0,4,0,0,0,0,1,1,6,6,1,39,7,-1,-1,-1,-1,8,E01032112,0,4
2025547716725,2025,547716725,2,9,0,9,9,4,2,0,0,3,0,0,0,0,4,1,6,6,1,52,8,-1,-1,-1,-1,3,E01015510,0,1
2025547735725,2025,547735725,1,9,0,5,5,8,4,0,0,1,0,0,0,0,4,1,6,6,3,-1,-1,-1,-1,-1,-1,-1,-1,0,-1
2025547743225,2025,547743225,1,5,0,17,19,8,4,0,0,0,0,0,0,0,1,1,5,6,1,56,9,-1,-1,-1,-1,7,E01031857,0,1
2025547743225,2025,547743225,2,21,1,16,19,4,8,0,0,0,0,0,0,0,1,1,1,1,1,34,6,-1,-1,-1,-1,9,E01031858,0,1
2025547743325,2025,547743325,1,9,0,13,13,2,6,0,0,1,0,0,7,11,1,1,5,6,2,33,6,-1,-1,-1,-1,6,E01032031,0,2
2025547800425,2025,547800425,1,9,0,12,12,7,3,0,0,1,5,0,0,0,1,1,6,6,2,25,5,-1,-1,-1,-1,10,E01031966,0,2
2025547800425,2025,547800425,2,9,0,18,19,7,3,0,0,1,0,0,0,0,2,1,6,6,2,53,8,-1,-1,-1,-1,5,E01015494,0,1
2025547836525,2025,547836525,1,9,0,9,9,3,1,0,0,6,0,0,0,0,1,1,6,6,2,47,8,-1,-1,-1,-1,8,E01034536,0,1
2025547836525,2025,547836525,2,11,0,18,19,1,5,0,0,1,0,0,0,0,1,1,1,1,1,47,8,-1,-1,-1,-1,5,E01015509,0,4
2025547853525,2025,547853525,2,9,0,5,5,4,8,0,0,6,0,0,0,0,4,1,1,1,2,69,10,-1,-1,-1,-1,9,E01032702,0,1
2025547853525,2025,547853525,1,1,0,18,19,6,2,0,0,6,0,0,0,0,1,1,1,1,2,41,7,-1,-1,-1,-1,9,E01032712,0,1
2025547864125,2025,547864125,1,9,0,13,13,7,3,0,0,0,0,0,0,0,4,1,6,6,3,-1,-1,-1,-1,-1,-1,-1,-1,0,-1
2025547864125,2025,547864125,2,1,0,18,19,7,3,0,0,0,0,0,0,0,3,1,2,2,1,25,5,-1,-1,-1,-1,10,E01031948,0,1
2025547882125,2025,547882125,1,9,0,9,9,7,5,0,0,5,0,0,0,0,4,1,5,6,2,68,10,-1,-1,-1,-1,6,E01031942,0,1
2025547882125,2025,547882125,2,19,0,18,19,3,7,0,0,1,0,0,0,0,1,1,5,6,1,34,6,-1,-1,-1,-1,5,E01031952,0,1
2025547890325,2025,547890325,2,9,0,18,19,8,4,0,0,8,0,0,0,0,4,1,1,1,2,50,8,-1,-1,-1,-1,6,E01015496,0,1
2025547890325,2025,547890325,1,-1,0,18,19,2,6,0,0,6,0,0,0,0,1,1,6,6,2,15,3,-1,-1,-1,-1,3,E01015530,1,1
2025547896525,2025,547896525,3,9,0,4,4,3,7,0,0,0,0,0,0,0,2,1,5,6,1,60,9,-1,-1,-1,-1,10,E01022854,0,4
2025547896525,2025,547896525,2,9,0,4,4,3,7,0,0,0,0,0,0,0,2,1,5,6,2,57,9,-1,-1,-1,-1,10,E01017691,0,4
2025547896525,2025,547896525,1,9,0,18,19,3,7,0,0,0,0,0,0,0,1,1,5,6,1,33,6,-1,-1,-1,-1,3,E01003099,0,5
2025547941925,2025,547941925,2,9,0,4,4,5,1,0,0,0,0,0,0,0,2,1,5,6,1,60,9,-1,-1,-1,-1,10,E01005716,0,5
2025547941925,2025,547941925,1,9,0,18,19,5,1,0,0,0,0,0,0,0,1,1,5,6,2,25,5,-1,-1,-1,-1,7,E01031993,0,2
2025547941925,2025,547941925,3,9,0,4,4,5,1,0,0,0,0,0,0,0,2,1,6,6,1,-1,-1,-1,-1,-1,-1,-1,-1,0,-1
2025547945325,2025,547945325,1,90,0,18,19,1,5,0,0,6,0,0,0,0,4,1,6,6,1,19,4,-1,-1,-1,-1,10,E01031927,0,4