collision_index,collision_year,collision_ref_no,vehicle_reference,vehicle_type,towing_and_articulation,vehicle_manoeuvre_historic,vehicle_manoeuvre,vehicle_direction_from,vehicle_direction_to,vehicle_location_restricted_lane_historic,vehicle_location_restricted_lane,junction_location,skidding_and_overturning,hit_object_in_carriageway,vehicle_leaving_carriageway,hit_object_off_carriageway,first_point_of_impact,vehicle_left_hand_drive,journey_purpose_of_driver_historic,journey_purpose_of_driver,sex_of_driver,age_of_driver,age_band_of_driver,engine_capacity_cc,propulsion_code,age_of_vehicle,generic_make_model,driver_imd_decile,lsoa_of_driver,escooter_flag,driver_distance_banding
2025547945325,2025,547945325,2,9,0,18,19,3,7,0,0,1,0,0,0,0,1,1,6,6,1,37,7,-1,-1,-1,-1,1,E01015558,0,1
2025547945825,2025,547945825,1,9,0,18,19,4,8,0,0,0,0,0,1,4,1,1,5,6,1,36,7,-1,-1,-1,-1,9,E01031992,0,1
2025547952825,2025,547952825,2,9,0,18,19,4,8,0,0,8,0,0,0,0,1,1,5,6,1,20,4,-1,-1,-1,-1,9,E01032020,0,1
2025547952825,2025,547952825,1,9,0,9,9,6,2,0,0,6,0,0,0,0,3,1,5,6,1,81,11,-1,-1,-1,-1,10,E01030543,0,5
2025547958325,2025,547958325,1,9,0,18,19,1,5,0,0,0,5,0,0,0,1,1,6,6,1,32,6,-1,-1,-1,-1,4,E01015578,0,1
2025547958325,2025,547958325,2,9,0,2,2,0,0,0,0,0,0,0,1,11,2,1,6,6,3,-1,-1,-1,-1,-1,-1,-1,-1,0,-1
2025547973225,2025,547973225,1,9,0,18,19,7,3,0,0,0,0,0,1,0,0,1,6,6,1,26,6,-1,-1,-1,-1,6,E01031884,0,1
2025547979225,2025,547979225,1,9,0,9,9,8,5,0,0,6,0,0,0,0,3,1,5,6,1,81,11,-1,-1,-1,-1,6,E01031996,0,3
2025547979225,2025,547979225,2,5,0,18,19,5,1,0,0,1,0,0,0,0,1,1,5,6,1,62,9,-1,-1,-1,-1,6,E01034547,0,1
2025547980825,2025,547980825,1,9,0,18,19,5,1,0,0,0,0,0,0,0,1,1,6,6,1,75,10,-1,-1,-1,-1,9,E01031939,0,2
2025547980825,2025,547980825,2,9,0,4,4,5,1,0,0,0,0,0,0,0,2,1,6,6,1,55,8,-1,-1,-1,-1,8,E01032694,0,3
2025547980825,2025,547980825,3,9,0,18,19,1,5,0,0,0,0,0,0,0,0,1,1,1,1,51,8,-1,-1,-1,-1,7,E01031938,0,2
2025547983825,2025,547983825,2,9,0,18,19,1,5,0,0,8,0,0,1,4,1,1,6,6,1,63,9,-1,-1,-1,-1,9,E01031887,0,2
2025547983825,2025,547983825,1,9,0,18,19,7,3,0,0,6,0,0,1,1,1,1,6,6,1,29,6,-1,-1,-1,-1,9,E01028748,0,3
2025547986625,2025,547986625,1,9,0,18,19,7,3,0,0,4,5,10,3,9,1,1,6,6,1,26,6,-1,-1,-1,-1,9,E01031909,0,1
2025547997225,2025,547997225,1,9,0,18,19,2,6,0,0,4,0,0,0,0,1,1,6,6,2,77,11,-1,-1,-1,-1,3,E01031854,0,1
2025547997225,2025,547997225,2,9,0,9,9,6,4,0,0,3,0,0,0,0,1,1,6,6,2,77,11,-1,-1,-1,-1,3,E01031856,0,1
2025548001225,2025,548001225,2,5,0,18,19,2,6,0,0,0,0,0,0,0,3,1,5,6,1,60,9,-1,-1,-1,-1,9,E01035291,0,5
2025548001225,2025,548001225,1,9,0,18,19,6,2,0,0,0,0,0,7,4,4,1,5,6,1,66,10,-1,-1,-1,-1,-1,-1,0,-1
2025548001225,2025,548001225,3,5,0,18,19,2,6,0,0,0,0,0,1,9,1,1,5,6,1,61,9,-1,-1,-1,-1,9,E01024369,0,5
2025548001225,2025,548001225,4,5,0,18,19,2,6,0,0,0,0,0,0,0,1,1,5,6,1,52,8,-1,-1,-1,-1,10,E01003811,0,5
2025548002125,2025,548002125,3,9,0,4,4,3,6,0,0,1,0,0,0,0,2,1,6,6,1,63,9,-1,-1,-1,-1,10,E01032097,0,1
2025548002125,2025,548002125,1,9,0,18,19,2,6,0,0,1,0,0,0,0,1,1,6,6,2,67,10,-1,-1,-1,-1,7,E01032100,0,1
2025548002125,2025,548002125,2,9,0,4,4,2,6,0,0,1,0,0,0,0,2,1,6,6,2,77,11,-1,-1,-1,-1,8,E01032067,0,2
2025548006625,2025,548006625,1,9,0,17,19,1,5,0,0,1,0,0,0,0,1,1,6,6,2,44,7,-1,-1,-1,-1,1,E01015573,0,1
2025548006625,2025,548006625,2,3,0,16,19,4,1,0,0,5,0,0,0,0,1,1,6,6,1,19,4,-1,-1,-1,-1,1,E01015573,0,1
2025548009525,2025,548009525,1,3,0,9,9,4,1,0,0,6,2,0,0,0,3,1,5,6,1,20,4,-1,-1,-1,-1,6,E01031985,0,4
2025548009525,2025,548009525,2,9,0,18,19,1,5,0,0,8,0,0,0,0,1,1,5,6,1,52,8,-1,-1,-1,-1,7,E01032079,0,1
2025548010425,2025,548010425,1,19,0,18,19,2,6,0,0,1,0,0,0,0,1,1,1,1,1,65,9,-1,-1,-1,-1,3,E01029248,0,4
2025548010425,2025,548010425,2,9,0,10,10,2,6,0,0,1,0,0,0,0,2,1,6,6,1,53,8,-1,-1,-1,-1,5,E01032081,0,1
2025548016325,2025,548016325,1,9,0,18,19,6,2,0,0,1,1,0,3,1,1,1,5,6,1,22,5,-1,-1,-1,-1,7,E01033860,0,2
2025548025425,2025,548025425,2,4,0,14,14,0,0,0,0,8,0,0,0,0,1,1,6,6,1,17,4,-1,-1,-1,-1,9,E01031955,0,1
2025548025425,2025,548025425,1,9,0,9,9,0,0,0,0,8,0,0,0,0,3,1,2,2,1,53,8,-1,-1,-1,-1,6,E01032692,0,4
2025548029325,2025,548029325,2,19,0,18,19,8,4,0,0,8,5,0,2,1,1,1,1,1,1,54,8,-1,-1,-1,-1,7,E01034540,0,1
2025548029325,2025,548029325,1,9,0,18,19,6,2,0,0,8,0,0,3,10,1,1,5,6,1,38,7,-1,-1,-1,-1,7,E01009949,0,5
2025548031525,2025,548031525,2,5,0,18,19,1,5,0,0,0,0,0,0,0,2,1,5,6,1,59,9,-1,-1,-1,-1,6,E01032692,0,4
2025548031525,2025,548031525,1,9,0,18,19,1,5,0,0,0,0,0,0,0,1,1,6,6,1,-1,-1,-1,-1,-1,-1,7,E01015567,0,1
2025548035425,2025,548035425,1,9,0,18,19,5,1,0,0,1,0,0,1,4,1,1,5,6,2,36,7,-1,-1,-1,-1,7,E01003287,0,5
2025548066825,2025,548066825,1,9,0,16,19,1,5,0,0,0,0,0,0,0,1,1,6,6,1,25,5,-1,-1,-1,-1,9,E01031930,0,1
2025548066825,2025,548066825,2,9,0,17,19,5,1,0,0,0,0,0,0,0,1,1,6,6,1,72,10,-1,-1,-1,-1,9,E01031930,0,1
2025548778225,2025,548778225,1,19,0,1,1,5,1,6,6,0,0,0,0,0,2,1,1,1,1,51,8,-1,-1,-1,-1,10,E01031903,0,3
2025548778225,2025,548778225,2,5,0,3,3,5,1,6,6,0,0,0,0,0,1,1,5,6,1,60,9,-1,-1,-1,-1,10,E01014995,0,4
2025550500223,2025,550500223,1,9,0,1,1,6,2,9,9,5,0,0,0,0,2,1,5,6,1,80,11,-1,-1,-1,-1,1,E01015279,0,1
2025552500002,2025,552500002,1,90,0,18,19,4,8,0,0,0,0,0,0,0,1,1,1,1,1,58,9,-1,-1,-1,-1,5,E01020503,0,1
2025552500005,2025,552500005,1,3,0,18,19,3,7,0,0,0,1,0,0,0,0,1,2,2,1,17,4,-1,-1,-1,-1,5,E01015456,0,2
2025552500007,2025,552500007,2,9,0,5,5,5,1,7,6,8,0,0,0,0,1,1,5,6,1,27,6,-1,-1,-1,-1,4,E01034277,0,2
2025552500007,2025,552500007,1,9,0,18,19,5,1,6,6,6,0,0,1,11,2,1,5,6,2,49,8,-1,-1,-1,-1,7,E01015450,0,2
2025552500008,2025,552500008,1,9,0,18,19,2,6,0,0,8,2,0,7,0,0,1,5,6,1,17,4,-1,-1,-1,-1,4,E01020460,0,1
2025552500009,2025,552500009,2,3,0,4,4,5,1,0,0,1,0,0,0,0,1,1,1,1,1,24,5,-1,-1,-1,-1,6,E01020507,0,1
2025552500009,2025,552500009,1,9,0,9,9,1,7,0,0,1,0,0,0,0,1,1,6,6,2,35,6,-1,-1,-1,-1,6,E01019936,0,3
2025552500010,2025,552500010,1,5,0,18,19,7,3,0,0,4,1,10,1,10,0,1,6,6,1,27,6,-1,-1,-1,-1,2,E01015277,0,2
2025552500011,2025,552500011,1,9,0,18,19,5,1,0,0,8,0,0,0,0,1,1,5,6,1,62,9,-1,-1,-1,-1,5,E01022996,0,1
2025552500011,2025,552500011,2,1,0,18,19,6,2,0,0,8,0,0,0,0,3,1,5,6,1,80,11,-1,-1,-1,-1,10,E01022994,0,1
2025552500012,2025,552500012,1,9,0,9,9,5,3,9,9,5,0,0,0,0,1,1,5,6,2,64,9,-1,-1,-1,-1,2,E01015367,0,1
2025552500016,2025,552500016,2,1,0,18,19,1,5,0,0,8,0,0,0,0,4,1,5,6,1,32,6,-1,-1,-1,-1,6,E01015369,0,1
2025552500016,2025,552500016,1,9,0,18,19,3,7,0,0,8,0,0,0,0,1,1,5,6,3,-1,-1,-1,-1,-1,-1,-1,-1,0,-1
2025552500017,2025,552500017,1,2,0,18,19,2,6,0,0,0,1,0,0,0,0,1,2,2,1,69,10,-1,-1,-1,-1,7,E01015370,0,1
2025552500018,2025,552500018,2,19,0,4,4,2,6,0,0,8,0,0,0,0,2,1,5,6,2,67,10,-1,-1,-1,-1,2,E01017356,0,5
2025552500018,2025,552500018,3,9,0,10,10,2,6,0,0,5,0,0,0,0,2,1,5,6,1,21,5,-1,-1,-1,-1,6,E01029156,0,2
2025552500018,2025,552500018,1,9,0,18,19,2,6,0,0,8,0,0,0,0,1,1,5,6,2,46,8,-1,-1,-1,-1,3,E01020543,0,1
2025552500020,2025,552500020,3,9,0,18,19,7,3,0,0,0,0,0,0,0,2,1,6,6,1,80,11,-1,-1,-1,-1,-1,-1,0,-1
2025552500020,2025,552500020,2,9,0,18,19,7,3,0,0,0,0,0,0,0,2,1,6,6,1,39,7,-1,-1,-1,-1,7,E01020392,0,2
2025552500020,2025,552500020,1,19,0,18,19,7,3,0,0,0,0,0,0,0,1,1,6,6,1,60,9,-1,-1,-1,-1,5,E01017221,0,4
2025552500025,2025,552500025,2,3,0,18,19,4,8,0,0,0,0,0,0,0,3,1,6,6,1,42,7,-1,-1,-1,-1,6,E01015337,0,1
2025552500025,2025,552500025,1,9,0,11,11,4,8,0,0,0,0,0,0,0,4,1,3,7,2,44,7,-1,-1,-1,-1,7,E01015340,0,1
2025552500026,2025,552500026,1,9,0,18,19,8,4,0,0,0,0,0,0,0,1,1,5,6,1,83,11,-1,-1,-1,-1,7,E01020537,0,2
2025552500026,2025,552500026,2,1,0,18,19,8,4,0,0,0,0,0,0,0,2,1,5,6,1,52,8,-1,-1,-1,-1,7,E01020579,0,1
2025552500027,2025,552500027,2,9,0,18,19,6,2,0,0,8,0,0,0,0,1,1,2,2,1,51,8,-1,-1,-1,-1,10,E01020370,0,1
2025552500027,2025,552500027,1,9,0,9,9,4,2,0,0,5,0,0,0,0,1,1,2,2,1,77,11,-1,-1,-1,-1,10,E01020366,0,1
2025552500028,2025,552500028,1,9,0,18,19,8,4,0,0,0,1,0,0,0,1,1,1,1,1,34,6,-1,-1,-1,-1,5,E01020534,0,3
2025552500028,2025,552500028,2,9,0,18,19,4,8,0,0,0,0,0,0,0,1,1,2,2,2,37,7,-1,-1,-1,-1,6,E01020539,0,1
2025552500030,2025,552500030,1,90,0,13,13,8,4,0,0,8,0,0,0,0,4,1,5,6,2,31,6,-1,-1,-1,-1,5,E01015444,0,3
2025552500030,2025,552500030,2,9,0,9,9,8,6,0,0,5,0,0,0,0,3,1,3,7,2,45,7,-1,-1,-1,-1,7,E01015324,0,3
2025552500031,2025,552500031,1,9,0,4,4,2,6,0,0,4,0,0,0,0,1,1,6,6,2,67,10,-1,-1,-1,-1,7,E01023012,0,4
2025552500031,2025,552500031,2,9,0,4,4,2,6,0,0,4,0,0,0,0,2,1,5,6,1,48,8,-1,-1,-1,-1,6,E01015337,0,2
2025552500038,2025,552500038,2,9,0,18,19,3,7,0,0,8,1,0,1,0,3,1,5,6,2,37,7,-1,-1,-1,-1,4,E01015409,0,1
2025552500038,2025,552500038,1,9,0,5,5,6,3,0,0,4,0,0,0,0,1,1,5,6,2,55,8,-1,-1,-1,-1,10,E01023173,0,4
2025552500040,2025,552500040,3,9,0,3,3,4,6,2,2,0,0,0,0,0,2,1,2,2,1,23,5,-1,-1,-1,-1,4,E01034274,0,1
2025552500040,2025,552500040,2,9,0,4,4,4,8,0,0,0,0,0,0,0,2,1,2,2,1,25,5,-1,-1,-1,-1,3,E01015289,0,1
2025552500040,2025,552500040,1,9,0,18,19,4,8,2,2,0,0,0,0,0,1,1,5,6,1,28,6,-1,-1,-1,-1,6,E01015291,0,1
2025552500047,2025,552500047,2,9,0,18,19,2,6,0,0,1,0,0,0,0,4,1,5,6,2,71,10,-1,-1,-1,-1,7,E01020428,0,2
2025552500047,2025,552500047,1,9,0,9,9,4,2,0,0,6,0,0,0,0,1,1,5,6,1,56,9,-1,-1,-1,-1,9,E01020404,0,3
2025552500048,2025,552500048,2,19,0,18,19,1,5,0,0,0,0,0,0,0,1,1,1,1,1,22,5,-1,-1,-1,-1,7,E01023080,0,4
2025552500048,2025,552500048,1,9,0,11,11,1,5,0,0,0,0,0,0,0,2,1,5,6,2,38,7,-1,-1,-1,-1,6,E01034279,0,2
2025552500049,2025,552500049,1,19,0,5,5,7,3,0,0,0,0,0,0,0,1,1,5,6,3,-1,-1,-1,-1,-1,-1,-1,-1,0,-1
2025552500049,2025,552500049,2,1,0,18,19,1,5,0,0,0,0,0,0,0,3,1,5,6,1,12,3,-1,-1,-1,-1,7,E01015352,0,1
2025552500052,2025,552500052,1,9,0,18,19,3,7,0,0,8,0,0,0,0,1,1,5,6,1,18,4,-1,-1,-1,-1,10,E01020382,0,2
2025552500052,2025,552500052,2,19,0,1,1,1,5,0,0,5,0,0,0,0,3,1,2,2,1,57,9,-1,-1,-1,-1,6,E01034378,0,1
2025552500053,2025,552500053,2,9,0,18,19,5,1,0,0,8,0,0,0,0,1,1,5,6,2,68,10,-1,-1,-1,-1,5,E01020410,0,2
2025552500053,2025,552500053,1,9,0,9,9,7,5,0,0,6,0,0,0,0,3,1,5,6,2,28,6,-1,-1,-1,-1,9,E01020384,0,1
2025552500057,2025,552500057,1,9,0,18,19,7,3,0,0,0,0,0,0,0,1,1,5,6,1,57,9,-1,-1,-1,-1,7,E01020537,0,4
2025552500058,2025,552500058,1,3,0,18,19,5,1,0,0,0,0,0,0,0,0,1,2,2,1,36,7,-1,-1,-1,-1,4,E01015327,0,1
2025552500062,2025,552500062,1,9,0,4,4,2,6,0,0,8,0,0,0,0,1,1,1,1,1,46,8,-1,-1,-1,-1,9,E01031879,0,4
2025552500062,2025,552500062,2,9,0,10,10,2,6,0,0,5,0,0,0,0,2,1,2,2,1,59,9,-1,-1,-1,-1,10,E01020415,0,2
2025552500063,2025,552500063,2,1,0,18,19,1,5,0,0,8,0,0,0,0,4,1,5,6,1,82,11,-1,-1,-1,-1,6,E01015336,0,1
2025552500063,2025,552500063,1,9,0,7,7,3,5,0,0,8,0,0,0,0,1,1,2,2,1,47,8,-1,-1,-1,-1,8,E01020458,0,4
2025552500064,2025,552500064,1,9,0,18,19,5,1,0,0,0,0,0,0,0,1,1,5,6,1,68,10,-1,-1,-1,-1,6,E01015291,0,1
2025552500065,2025,552500065,2,9,0,3,3,7,3,0,0,4,0,0,0,0,2,1,6,6,1,55,8,-1,-1,-1,-1,7,E01015352,0,1
2025552500065,2025,552500065,1,9,0,4,4,7,3,0,0,4,0,0,0,0,1,1,5,6,1,42,7,-1,-1,-1,-1,1,E01015312,0,1
2025552500067,2025,552500067,1,1,0,18,19,6,2,0,0,1,0,0,0,0,1,1,2,2,1,35,6,-1,-1,-1,-1,4,E01015276,0,2
2025552500067,2025,552500067,2,9,0,18,19,6,2,0,0,1,0,0,0,0,2,1,2,2,1,42,7,-1,-1,-1,-1,10,E01020370,0,3
2025552500072,2025,552500072,1,99,0,18,19,1,5,0,0,4,0,0,0,0,1,1,5,6,3,-1,-1,-1,-1,-1,-1,-1,-1,0,-1
2025552500072,2025,552500072,2,9,0,3,3,1,5,0,0,4,0,0,0,0,2,1,5,6,1,31,6,-1,-1,-1,-1,7,E01015436,0,1
2025552500074,2025,552500074,2,9,0,4,4,2,6,0,0,4,0,0,0,0,2,1,5,6,2,29,6,-1,-1,-1,-1,4,E01023019,0,1
2025552500074,2025,552500074,1,9,0,4,4,2,6,0,0,4,0,0,0,0,1,1,5,6,1,46,8,-1,-1,-1,-1,6,E01015369,0,3
2025552500078,2025,552500078,2,9,0,18,19,6,2,0,0,8,0,0,0,0,1,1,5,6,2,38,7,-1,-1,-1,-1,2,E01020348,0,1
2025552500078,2025,552500078,1,9,0,18,19,8,4,0,0,8,0,0,0,0,3,1,5,6,2,59,9,-1,-1,-1,-1,2,E01020348,0,1
2025552500084,2025,552500084,2,9,0,3,3,4,8,0,0,4,0,0,0,0,2,1,5,6,2,36,7,-1,-1,-1,-1,2,E01015293,0,1
2025552500084,2025,552500084,1,4,0,18,19,4,8,0,0,4,1,0,0,0,1,1,5,6,1,26,6,-1,-1,-1,-1,2,E01015362,0,1
2025552500085,2025,552500085,1,9,0,9,9,7,5,0,0,6,0,0,0,0,3,1,5,6,1,67,10,-1,-1,-1,-1,3,E01015439,0,1
2025552500085,2025,552500085,2,5,0,18,19,5,1,0,0,1,0,0,0,0,1,1,2,2,1,30,6,-1,-1,-1,-1,4,E01015382,0,1
2025552500087,2025,552500087,1,9,0,18,19,8,4,0,0,0,0,0,0,0,1,1,5,6,2,56,9,-1,-1,-1,-1,2,E01015293,0,1
2025552500089,2025,552500089,1,9,0,13,13,2,6,0,0,0,1,0,0,0,3,1,5,6,1,21,5,-1,-1,-1,-1,8,E01020435,0,4
2025552500089,2025,552500089,2,9,0,18,19,6,2,0,0,0,0,0,0,0,1,1,5,6,1,38,7,-1,-1,-1,-1,1,E01015288,0,2
2025552500090,2025,552500090,2,9,0,18,19,8,4,0,0,0,0,0,0,0,3,1,5,6,1,64,9,-1,-1,-1,-1,6,E01020541,0,2
2025552500090,2025,552500090,1,19,0,13,13,8,4,0,0,0,0,0,0,0,4,1,1,1,1,61,9,-1,-1,-1,-1,7,E01020570,0,4
2025552500092,2025,552500092,1,9,0,18,19,2,6,0,0,0,0,0,7,10,1,1,5,6,2,81,11,-1,-1,-1,-1,8,E01020491,0,3
2025552500093,2025,552500093,1,9,0,18,19,1,5,0,0,8,0,0,0,0,1,1,5,6,1,44,7,-1,-1,-1,-1,5,E01032660,0,1
2025552500093,2025,552500093,2,9,0,18,19,3,7,0,0,8,0,0,0,0,3,1,2,2,2,43,7,-1,-1,-1,-1,8,E01015416,0,1
2025552500095,2025,552500095,1,9,0,9,9,3,1,0,0,8,0,0,0,0,3,1,5,6,1,32,6,-1,-1,-1,-1,5,E01020353,0,1
2025552500095,2025,552500095,2,1,0,18,19,1,5,0,0,8,0,0,0,0,1,1,2,2,1,54,8,-1,-1,-1,-1,9,E01020385,0,3
2025552500096,2025,552500096,2,8,0,9,9,8,7,0,0,5,0,0,0,0,3,1,1,1,1,35,6,-1,-1,-1,-1,7,E01032748,0,4
2025552500096,2025,552500096,1,2,0,13,13,8,4,0,0,8,0,0,0,0,1,1,2,2,1,18,4,-1,-1,-1,-1,8,E01015411,0,3
2025552500097,2025,552500097,1,9,0,18,19,3,7,0,0,8,0,10,3,10,1,1,6,6,1,55,8,-1,-1,-1,-1,4,E01020427,0,2
2025552500098,2025,552500098,1,9,0,18,19,4,8,0,0,0,0,4,0,0,1,1,5,6,1,62,9,-1,-1,-1,-1,7,E01015450,0,2
2025552500098,2025,552500098,2,19,0,3,3,4,8,0,0,0,0,0,0,0,2,1,1,1,2,20,4,-1,-1,-1,-1,8,E01020491,0,4
2025552500099,2025,552500099,2,9,0,18,19,7,3,0,0,8,0,0,0,0,3,1,5,6,1,61,9,-1,-1,-1,-1,7,E01015330,0,1
2025552500099,2025,552500099,1,9,0,7,7,5,7,0,0,1,0,0,0,0,1,1,5,6,1,26,6,-1,-1,-1,-1,6,E01015361,0,1
2025552500100,2025,552500100,1,20,0,18,19,7,3,0,0,0,0,4,0,0,1,1,5,6,1,21,5,-1,-1,-1,-1,10,E01020463,0,4
2025552500100,2025,552500100,2,9,0,2,2,0,0,0,0,0,0,0,0,0,2,1,5,6,2,31,6,-1,-1,-1,-1,2,E01029237,0,1
2025552500102,2025,552500102,1,9,0,18,19,8,4,0,0,0,1,0,7,9,1,1,6,6,1,65,9,-1,-1,-1,-1,8,E01020505,0,4
2025552500104,2025,552500104,1,9,0,-1,19,2,6,-1,0,6,0,0,0,0,1,1,-1,6,3,-1,-1,-1,-1,-1,-1,-1,-1,0,-1
2025552500104,2025,552500104,2,1,0,-1,19,8,5,-1,0,8,0,0,0,0,4,1,-1,9,1,16,4,-1,-1,-1,-1,9,E01020450,0,1
2025552500105,2025,552500105,1,9,0,7,7,4,5,0,0,8,0,0,0,0,1,1,2,2,2,29,6,-1,-1,-1,-1,4,E01015339,0,1
2025552500107,2025,552500107,2,9,0,4,4,5,1,0,0,8,0,0,0,0,2,1,5,6,2,46,8,-1,-1,-1,-1,7,E01015387,0,1
2025552500107,2025,552500107,1,9,0,18,19,5,1,0,0,8,0,0,0,0,1,1,5,6,1,31,6,-1,-1,-1,-1,4,E01015465,0,2
2025552500109,2025,552500109,1,9,0,17,19,5,3,0,0,0,1,0,1,10,1,1,5,6,1,27,6,-1,-1,-1,-1,-1,-1,0,-1
2025552500111,2025,552500111,1,9,0,9,9,1,7,0,0,8,0,0,0,0,4,1,6,6,2,19,4,-1,-1,-1,-1,10,E01020386,0,1
2025552500111,2025,552500111,2,9,0,18,19,5,1,0,0,8,0,0,0,0,1,1,6,6,2,51,8,-1,-1,-1,-1,4,E01020411,0,2
2025552500112,2025,552500112,1,99,0,1,1,2,6,0,0,8,0,0,0,0,2,1,6,6,3,-1,-1,-1,-1,-1,-1,-1,-1,0,-1
2025552500113,2025,552500113,3,19,0,3,3,6,2,0,0,8,0,0,0,0,1,1,1,1,1,38,7,-1,-1,-1,-1,10,E01020386,0,1
2025552500113,2025,552500113,2,2,0,14,14,6,2,0,0,8,0,0,0,0,1,1,5,6,1,16,4,-1,-1,-1,-1,10,E01020386,0,1
2025552500113,2025,552500113,1,9,0,9,9,7,6,0,0,6,0,0,0,0,1,1,3,7,2,33,6,-1,-1,-1,-1,10,E01020386,0,1
2025552500114,2025,552500114,2,9,0,18,19,6,2,0,0,8,0,0,0,0,1,1,5,6,1,27,6,-1,-1,-1,-1,4,E01015276,0,1
2025552500114,2025,552500114,1,1,0,9,9,2,8,0,0,5,0,0,0,0,4,1,2,2,1,27,6,-1,-1,-1,-1,4,E01034278,0,1
2025552500115,2025,552500115,2,9,0,18,19,1,5,0,0,0,0,0,1,9,1,1,5,6,1,60,9,-1,-1,-1,-1,6,E01020448,0,3
2025552500115,2025,552500115,1,9,0,18,19,5,1,0,0,0,0,0,0,0,1,1,5,6,1,78,11,-1,-1,-1,-1,6,E01034375,0,1
2025552500117,2025,552500117,1,9,0,18,19,2,6,0,0,8,0,0,0,0,1,1,5,6,1,34,6,-1,-1,-1,-1,5,E01015301,0,2
2025552500117,2025,552500117,2,2,0,18,19,2,6,0,0,8,0,0,0,0,2,1,5,6,1,16,4,-1,-1,-1,-1,6,E01020405,0,1
2025552500121,2025,552500121,1,9,0,17,19,6,5,0,0,0,0,0,7,4,1,1,2,2,1,58,9,-1,-1,-1,-1,10,E01023021,0,4
2025552500123,2025,552500123,1,9,0,9,9,5,3,0,0,8,0,0,0,0,4,1,5,6,3,-1,-1,-1,-1,-1,-1,-1,-1,0,-1
2025552500125,2025,552500125,1,9,0,18,19,4,8,0,0,0,0,0,1,4,1,1,2,2,1,38,7,-1,-1,-1,-1,7,E01020509,0,3
2025552500127,2025,552500127,2,1,0,18,19,2,6,0,0,8,0,0,0,0,4,1,5,6,1,14,3,-1,-1,-1,-1,3,E01020393,0,1
2025552500127,2025,552500127,1,9,0,7,7,4,6,0,0,6,0,0,0,0,1,1,6,6,3,-1,-1,-1,-1,-1,-1,-1,-1,0,-1
2025552500128,2025,552500128,1,9,0,5,5,6,2,0,0,8,0,0,0,0,4,1,5,6,1,19,4,-1,-1,-1,-1,4,E01020585,0,1
2025552500128,2025,552500128,2,9,0,18,19,8,4,0,0,1,0,0,0,0,1,1,5,6,2,66,10,-1,-1,-1,-1,7,E01020514,0,1
2025552500130,2025,552500130,2,1,0,3,3,5,1,0,0,4,0,0,0,0,2,1,2,2,1,53,8,-1,-1,-1,-1,10,E01020559,0,1
2025552500130,2025,552500130,1,9,0,18,19,5,1,0,0,6,0,0,0,0,1,1,2,2,1,54,8,-1,-1,-1,-1,1,E01020575,0,1
2025552500131,2025,552500131,2,9,0,2,2,0,0,0,0,0,0,0,0,0,2,1,6,6,3,-1,-1,-1,-1,-1,-1,-1,-1,0,-1
2025552500131,2025,552500131,1,1,0,18,19,4,2,0,0,0,0,4,0,0,1,1,6,6,1,30,6,-1,-1,-1,-1,4,E01015327,0,1
2025552500132,2025,552500132,2,5,0,9,9,6,4,0,0,8,0,0,0,0,4,1,2,2,1,63,9,-1,-1,-1,-1,1,E01020569,0,1
2025552500132,2025,552500132,1,9,0,18,19,2,6,0,0,8,0,0,0,0,1,1,2,2,2,53,8,-1,-1,-1,-1,6,E01020586,0,1
2025552500133,2025,552500133,2,9,0,18,19,4,8,0,0,0,1,0,1,10,3,1,5,6,1,60,9,-1,-1,-1,-1,8,E01020576,0,1
2025552500133,2025,552500133,1,9,0,18,19,8,4,0,0,0,0,0,0,0,3,1,5,6,1,83,11,-1,-1,-1,-1,5,E01014627,0,4
2025552500134,2025,552500134,1,19,0,18,19,5,1,0,0,0,0,0,0,0,1,1,5,6,1,53,8,-1,-1,-1,-1,4,E01023019,0,4
2025552500136,2025,552500136,3,9,0,18,19,8,4,0,0,0,0,0,0,0,2,1,6,6,1,70,10,-1,-1,-1,-1,10,E01020525,0,3
2025552500136,2025,552500136,1,9,0,13,13,8,4,0,0,0,2,0,0,0,4,1,6,6,1,81,11,-1,-1,-1,-1,7,E01020509,0,1
2025552500136,2025,552500136,2,9,0,18,19,8,4,0,0,0,5,0,1,11,3,1,6,6,2,66,10,-1,-1,-1,-1,6,E01020447,0,4
2025552500141,2025,552500141,1,10,0,18,19,2,6,0,0,0,1,0,1,4,1,1,5,6,1,48,8,-1,-1,-1,-1,7,E01015324,0,2
2025552500142,2025,552500142,1,9,0,17,19,3,8,0,0,8,0,10,1,10,4,1,5,6,1,22,5,-1,-1,-1,-1,6,E01015336,0,2
2025552500143,2025,552500143,1,9,0,18,19,4,8,0,0,0,0,4,0,0,1,1,5,6,2,57,9,-1,-1,-1,-1,10,E01020406,0,1
2025552500143,2025,552500143,2,9,0,2,2,0,0,0,0,0,0,0,0,0,2,1,5,6,3,-1,-1,-1,-1,-1,-1,-1,-1,0,-1