collision_index,collision_year,collision_ref_no,vehicle_reference,vehicle_type,towing_and_articulation,vehicle_manoeuvre_historic,vehicle_manoeuvre,vehicle_direction_from,vehicle_direction_to,vehicle_location_restricted_lane_historic,vehicle_location_restricted_lane,junction_location,skidding_and_overturning,hit_object_in_carriageway,vehicle_leaving_carriageway,hit_object_off_carriageway,first_point_of_impact,vehicle_left_hand_drive,journey_purpose_of_driver_historic,journey_purpose_of_driver,sex_of_driver,age_of_driver,age_band_of_driver,engine_capacity_cc,propulsion_code,age_of_vehicle,generic_make_model,driver_imd_decile,lsoa_of_driver,escooter_flag,driver_distance_banding
2025552500145,2025,552500145,1,9,0,18,19,1,5,0,0,1,0,0,0,0,1,1,5,6,1,56,9,-1,-1,-1,-1,6,E01020448,0,3
2025552500145,2025,552500145,3,9,0,4,4,5,1,0,0,1,0,0,0,0,3,1,5,6,1,61,9,-1,-1,-1,-1,6,E01020544,0,4
2025552500145,2025,552500145,2,9,0,10,10,5,3,0,0,1,0,0,0,0,1,1,5,6,2,62,9,-1,-1,-1,-1,7,E01002747,0,5
2025552500146,2025,552500146,1,9,0,18,19,1,5,0,0,8,0,0,0,0,1,1,2,2,2,33,6,-1,-1,-1,-1,3,E01020564,0,1
2025552500148,2025,552500148,1,9,0,5,5,7,3,0,0,0,0,0,0,0,3,1,5,6,1,18,4,-1,-1,-1,-1,4,E01015321,0,1
2025552500149,2025,552500149,1,9,0,18,19,4,8,0,0,0,1,0,1,4,1,1,2,2,1,48,8,-1,-1,-1,-1,5,E01020528,0,3
2025552500150,2025,552500150,2,9,0,18,19,1,5,0,0,1,0,0,0,0,1,1,5,6,1,59,9,-1,-1,-1,-1,2,E01015341,0,1
2025552500150,2025,552500150,1,9,0,7,7,7,1,0,0,6,0,0,0,0,1,1,5,6,1,58,9,-1,-1,-1,-1,7,E01020390,0,2
2025552500151,2025,552500151,1,9,0,4,4,1,5,0,0,0,5,0,0,0,4,1,5,6,2,65,9,-1,-1,-1,-1,7,E01020480,0,1
2025552500152,2025,552500152,1,9,0,18,19,8,4,0,0,8,0,0,0,0,1,1,5,6,2,25,5,-1,-1,-1,-1,8,E01020497,0,1
2025552500152,2025,552500152,2,9,0,18,19,6,2,0,0,8,1,0,1,1,4,1,5,6,2,74,10,-1,-1,-1,-1,6,E01020541,0,2
2025552500153,2025,552500153,1,9,0,9,9,5,3,0,0,1,0,0,0,0,1,1,2,2,2,54,8,-1,-1,-1,-1,7,E01015428,0,1
2025552500155,2025,552500155,2,9,0,10,10,4,1,0,0,8,0,0,0,0,2,1,6,6,2,43,7,-1,-1,-1,-1,5,E01015377,0,1
2025552500155,2025,552500155,1,9,0,18,19,6,8,0,0,8,0,0,0,0,1,1,6,6,2,36,7,-1,-1,-1,-1,6,E01015373,0,1
2025552500157,2025,552500157,2,1,0,18,19,8,4,5,5,0,0,0,0,0,3,1,4,7,1,6,2,-1,-1,-1,-1,3,E01015385,0,1
2025552500157,2025,552500157,1,9,0,4,4,8,4,5,5,0,0,0,0,0,4,1,6,6,2,33,6,-1,-1,-1,-1,4,E01015443,0,1
2025552500158,2025,552500158,2,9,0,4,4,5,1,0,0,8,0,0,0,0,1,1,5,6,2,39,7,-1,-1,-1,-1,3,E01020543,0,1
2025552500158,2025,552500158,1,9,0,9,9,7,5,0,0,6,0,0,0,0,4,1,2,2,2,55,8,-1,-1,-1,-1,4,E01029238,0,2
2025552500159,2025,552500159,2,9,0,3,3,5,1,9,9,8,0,0,0,0,3,1,5,6,1,79,11,-1,-1,-1,-1,6,E01032037,0,2
2025552500159,2025,552500159,1,22,0,18,19,3,7,9,9,8,0,0,0,0,1,1,5,6,1,57,9,-1,-1,-1,-1,5,E01020443,0,1
2025552500160,2025,552500160,2,9,0,18,19,4,8,0,0,8,0,0,1,0,3,1,5,6,2,52,8,-1,-1,-1,-1,10,E01020377,0,1
2025552500160,2025,552500160,1,9,0,18,19,2,6,0,0,2,0,0,7,1,1,1,2,2,1,37,7,-1,-1,-1,-1,7,E01020429,0,1
2025552500161,2025,552500161,1,9,0,18,19,4,8,0,0,1,0,0,0,0,1,1,5,6,1,32,6,-1,-1,-1,-1,1,E01020569,0,4
2025552500161,2025,552500161,3,9,0,10,10,4,8,0,0,1,0,0,0,0,2,1,5,6,1,82,11,-1,-1,-1,-1,10,E01014798,0,4
2025552500161,2025,552500161,2,9,0,4,4,4,8,0,0,1,0,0,0,0,2,1,5,6,2,57,9,-1,-1,-1,-1,10,E01028628,0,5
2025552500164,2025,552500164,2,9,0,18,19,4,8,0,0,1,0,0,0,0,1,1,6,6,1,38,7,-1,-1,-1,-1,10,E01015459,0,2
2025552500164,2025,552500164,1,19,0,3,3,4,8,0,0,1,0,0,0,0,2,1,6,6,2,52,8,-1,-1,-1,-1,9,E01020351,0,1
2025552500165,2025,552500165,1,9,0,1,1,3,7,9,9,0,0,0,0,0,2,1,2,2,2,55,8,-1,-1,-1,-1,7,E01020514,0,1
2025552500166,2025,552500166,1,19,0,18,19,8,4,0,0,0,0,0,0,0,1,1,1,1,1,39,7,-1,-1,-1,-1,9,E01020414,0,2
2025552500166,2025,552500166,2,9,0,3,3,8,4,0,0,0,0,0,1,4,2,1,5,6,1,63,9,-1,-1,-1,-1,9,E01020414,0,2
2025552500167,2025,552500167,2,17,0,18,19,6,2,0,0,8,0,0,0,0,1,1,1,1,1,27,6,-1,-1,-1,-1,9,E01020580,0,3
2025552500167,2025,552500167,1,9,0,7,7,8,2,0,0,6,0,0,0,0,3,1,2,2,2,27,6,-1,-1,-1,-1,5,E01020528,0,2
2025552500168,2025,552500168,1,9,0,9,9,6,4,0,0,6,0,0,0,0,1,1,2,2,2,45,7,-1,-1,-1,-1,5,E01015435,0,1
2025552500168,2025,552500168,2,1,0,18,19,8,3,0,0,8,0,0,0,0,3,1,2,2,2,55,8,-1,-1,-1,-1,1,E01015309,0,1
2025552500169,2025,552500169,2,9,0,3,3,3,7,0,0,1,0,0,0,0,2,1,5,6,2,59,9,-1,-1,-1,-1,9,E01015299,0,1
2025552500169,2025,552500169,1,9,0,18,19,3,7,0,0,1,0,0,0,0,1,1,5,6,1,-1,-1,-1,-1,-1,-1,-1,-1,0,-1
2025552500171,2025,552500171,2,5,0,18,19,7,3,0,0,0,0,0,0,0,1,1,2,2,1,28,6,-1,-1,-1,-1,7,E01015352,0,1
2025552500171,2025,552500171,1,19,0,6,6,7,7,0,0,0,0,0,0,0,3,1,5,6,1,54,8,-1,-1,-1,-1,4,E01015302,0,1
2025552500172,2025,552500172,1,9,0,18,19,1,5,0,0,0,0,0,0,0,1,1,5,6,1,37,7,-1,-1,-1,-1,6,E01020405,0,1
2025552500172,2025,552500172,2,9,0,4,4,1,5,0,0,0,0,0,0,0,2,1,5,6,1,67,10,-1,-1,-1,-1,6,E01031867,0,4
2025552500173,2025,552500173,1,9,0,18,19,8,4,0,0,0,0,0,0,0,1,1,5,6,1,19,4,-1,-1,-1,-1,9,E01015388,0,1
2025552500173,2025,552500173,2,4,0,3,3,8,4,0,0,0,0,0,0,0,2,1,5,6,1,32,6,-1,-1,-1,-1,5,E01015331,0,1
2025552500173,2025,552500173,3,9,0,3,3,8,4,0,0,0,0,0,0,0,2,1,5,6,3,-1,-1,-1,-1,-1,-1,-1,-1,0,-1
2025552500174,2025,552500174,2,9,0,2,2,0,0,0,0,0,0,0,0,0,4,1,5,6,3,-1,-1,-1,-1,-1,-1,-1,-1,0,-1
2025552500174,2025,552500174,1,9,0,18,19,5,1,0,0,0,0,0,0,0,4,1,5,6,1,82,11,-1,-1,-1,-1,7,E01015428,0,1
2025552500175,2025,552500175,2,9,0,18,19,5,1,0,0,8,0,0,0,0,1,1,5,6,2,49,8,-1,-1,-1,-1,10,E01020560,0,1
2025552500175,2025,552500175,1,9,0,7,7,7,1,0,0,8,0,0,0,0,3,1,2,2,2,25,5,-1,-1,-1,-1,6,E01020566,0,2
2025552500177,2025,552500177,1,9,0,18,19,1,5,0,0,8,0,0,0,0,4,1,5,6,1,33,6,-1,-1,-1,-1,8,E01021407,0,5
2025552500177,2025,552500177,2,1,0,18,19,2,6,0,0,8,0,0,0,0,1,1,5,6,1,26,6,-1,-1,-1,-1,2,E01015367,0,1
2025552500179,2025,552500179,1,5,0,18,19,4,8,0,0,8,1,0,0,0,0,1,2,2,2,62,9,-1,-1,-1,-1,8,E01020504,0,3
2025552500180,2025,552500180,1,3,0,18,19,2,6,0,0,0,1,0,0,0,0,1,2,2,2,23,5,-1,-1,-1,-1,6,E01020561,0,3
2025552500181,2025,552500181,2,9,0,4,4,2,6,0,0,0,0,0,0,0,2,1,5,6,1,41,7,-1,-1,-1,-1,3,E01015449,0,2
2025552500181,2025,552500181,1,9,0,18,19,2,6,0,0,0,0,0,0,0,1,1,5,6,1,38,7,-1,-1,-1,-1,9,E01032713,0,4
2025552500183,2025,552500183,2,1,0,18,19,4,8,0,0,8,0,0,0,0,1,1,4,7,2,15,3,-1,-1,-1,-1,9,E01034372,0,1
2025552500183,2025,552500183,1,9,0,9,9,2,8,0,0,8,0,0,0,0,4,1,5,6,1,41,7,-1,-1,-1,-1,9,E01020400,0,1
2025552500184,2025,552500184,1,3,0,4,4,3,7,0,0,0,1,0,0,0,0,1,5,6,2,18,4,-1,-1,-1,-1,5,E01020443,0,3
2025552500185,2025,552500185,2,9,0,4,4,2,6,0,0,8,0,0,0,0,2,1,5,6,1,24,5,-1,-1,-1,-1,4,E01015321,0,3
2025552500185,2025,552500185,1,9,0,18,19,2,6,0,0,8,0,0,0,0,1,1,5,6,2,30,6,-1,-1,-1,-1,4,E01035006,0,5
2025552500186,2025,552500186,2,9,0,9,9,8,5,0,0,8,0,0,0,0,4,1,5,6,2,25,5,-1,-1,-1,-1,2,E01029236,0,1
2025552500186,2025,552500186,1,9,0,18,19,4,8,0,0,4,0,0,0,0,1,1,5,6,3,-1,-1,-1,-1,-1,-1,-1,-1,0,-1
2025552500188,2025,552500188,1,9,0,18,19,6,4,0,0,0,1,0,1,10,4,1,5,6,2,41,7,-1,-1,-1,-1,5,E01020512,0,1
2025552500189,2025,552500189,1,9,0,9,9,5,3,0,0,6,0,0,0,0,1,1,5,6,2,24,5,-1,-1,-1,-1,6,E01015318,0,1
2025552500189,2025,552500189,3,11,0,3,3,7,3,0,0,8,0,0,0,0,3,1,1,1,1,56,9,-1,-1,-1,-1,-1,-1,0,-1
2025552500189,2025,552500189,2,9,0,18,19,3,7,0,0,8,0,0,0,0,4,1,5,6,1,73,10,-1,-1,-1,-1,7,E01020365,0,1
2025552500190,2025,552500190,2,1,0,18,19,5,1,0,0,0,0,0,0,0,3,1,2,2,1,53,8,-1,-1,-1,-1,6,E01015440,0,1
2025552500190,2025,552500190,1,99,0,13,13,5,1,0,0,0,0,0,0,0,4,1,5,6,3,-1,-1,-1,-1,-1,-1,-1,-1,0,-1
2025552500191,2025,552500191,1,9,0,4,4,7,3,0,0,0,0,0,0,0,1,1,5,6,1,53,8,-1,-1,-1,-1,5,E01020466,0,3
2025552500191,2025,552500191,2,9,0,3,3,7,3,0,0,0,0,0,0,0,2,1,5,6,2,56,9,-1,-1,-1,-1,4,E01015390,0,1
2025552500193,2025,552500193,1,9,0,5,5,1,5,0,0,6,0,0,0,0,1,1,2,2,1,27,6,-1,-1,-1,-1,4,E01015327,0,4
2025552500194,2025,552500194,1,22,0,18,19,5,1,9,9,0,0,0,0,0,1,1,5,6,3,-1,-1,-1,-1,-1,-1,-1,-1,0,-1
2025552500195,2025,552500195,1,9,0,-1,19,3,7,-1,0,8,0,0,3,4,1,1,-1,6,1,43,7,-1,-1,-1,-1,-1,-1,0,-1
2025552500196,2025,552500196,1,9,0,18,19,8,4,0,0,0,5,0,0,0,0,1,5,6,1,42,7,-1,-1,-1,-1,6,E01020539,0,1
2025552500197,2025,552500197,1,9,0,18,19,7,3,0,0,0,0,0,0,0,1,1,5,6,2,34,6,-1,-1,-1,-1,8,E01020519,0,3
2025552500198,2025,552500198,2,9,0,3,3,2,6,0,0,0,0,0,0,0,2,1,5,6,2,41,7,-1,-1,-1,-1,8,E01020435,0,3
2025552500198,2025,552500198,1,19,0,18,19,2,6,0,0,0,0,0,0,0,1,1,5,6,1,32,6,-1,-1,-1,-1,6,E01034374,0,1
2025552500199,2025,552500199,1,9,0,18,19,8,4,0,0,0,0,0,0,0,1,1,5,6,3,-1,-1,-1,-1,-1,-1,-1,-1,0,-1
2025552500199,2025,552500199,2,9,0,3,3,8,4,0,0,0,0,0,0,0,2,1,5,6,1,45,7,-1,-1,-1,-1,9,E01020351,0,3
2025552500200,2025,552500200,2,3,0,18,19,8,4,0,0,8,0,0,0,0,1,1,5,6,1,31,6,-1,-1,-1,-1,4,E01015339,0,1
2025552500200,2025,552500200,1,8,0,9,9,2,8,0,0,6,0,0,0,0,3,1,1,1,1,25,5,-1,-1,-1,-1,7,E01020473,0,3
2025552500201,2025,552500201,1,19,0,9,9,4,2,0,0,6,0,0,0,0,3,1,1,1,1,59,9,-1,-1,-1,-1,3,E01020556,0,3
2025552500201,2025,552500201,2,19,0,18,19,2,6,0,0,8,0,0,0,0,1,1,5,6,1,74,10,-1,-1,-1,-1,8,E01020491,0,1
2025552500202,2025,552500202,1,9,0,18,19,6,2,0,0,0,5,0,1,9,4,1,5,6,2,22,5,-1,-1,-1,-1,7,E01020477,0,1
2025552500204,2025,552500204,1,3,0,18,19,4,8,0,0,0,1,12,0,0,1,1,2,2,1,49,8,-1,-1,-1,-1,8,E01020519,0,2
2025552500205,2025,552500205,3,19,0,18,19,7,3,0,0,8,0,0,0,0,1,1,1,1,1,40,7,-1,-1,-1,-1,7,E01020390,0,3
2025552500205,2025,552500205,1,9,0,4,4,5,1,0,0,8,0,0,0,0,1,1,5,6,1,73,10,-1,-1,-1,-1,7,E01020365,0,3
2025552500205,2025,552500205,2,9,0,18,19,1,5,0,0,8,0,0,0,0,1,1,5,6,1,46,8,-1,-1,-1,-1,9,E01015463,0,1
2025552500207,2025,552500207,2,1,0,18,19,5,1,0,0,8,0,0,0,0,4,1,5,6,1,59,9,-1,-1,-1,-1,3,E01015449,0,1
2025552500207,2025,552500207,1,9,0,18,19,7,3,0,0,8,0,0,0,0,1,1,5,6,2,79,11,-1,-1,-1,-1,9,E01015445,0,1
2025552500208,2025,552500208,1,9,0,-1,19,8,4,-1,0,0,2,0,1,10,4,1,-1,9,1,21,5,-1,-1,-1,-1,1,E01015384,0,3
2025552500209,2025,552500209,1,9,0,18,19,3,7,0,0,0,0,0,0,0,1,1,6,6,2,58,9,-1,-1,-1,-1,6,E01020527,0,1
2025552500210,2025,552500210,1,9,0,18,19,1,5,0,0,0,0,2,0,0,1,1,4,7,2,77,11,-1,-1,-1,-1,10,E01020426,0,1
2025552500211,2025,552500211,1,9,0,18,19,7,3,0,0,8,0,0,0,0,1,1,2,2,2,61,9,-1,-1,-1,-1,6,E01015349,0,1
2025552500213,2025,552500213,1,9,0,18,19,3,7,0,0,8,0,0,0,0,1,1,5,6,1,21,5,-1,-1,-1,-1,4,E01015443,0,1
2025552500213,2025,552500213,2,9,0,18,19,5,1,0,0,8,0,0,0,0,3,1,5,6,1,51,8,-1,-1,-1,-1,7,E01015466,0,2
2025552500214,2025,552500214,2,9,0,18,19,5,1,0,0,8,0,0,0,0,1,1,2,2,1,54,8,-1,-1,-1,-1,10,E01020402,0,1
2025552500214,2025,552500214,1,19,0,9,9,1,7,0,0,8,5,0,0,0,4,1,5,6,1,19,4,-1,-1,-1,-1,10,E01020401,0,1
2025552500215,2025,552500215,1,9,0,7,7,3,5,0,0,5,0,0,0,0,3,1,2,2,2,52,8,-1,-1,-1,-1,5,E01032660,0,1
2025552500215,2025,552500215,2,1,0,18,19,1,5,0,0,8,0,0,0,0,1,1,2,2,2,21,5,-1,-1,-1,-1,7,E01015348,0,2
2025552500216,2025,552500216,1,9,0,18,19,5,1,0,0,2,0,0,0,0,1,1,1,1,2,62,9,-1,-1,-1,-1,6,E01015286,0,1
2025552500217,2025,552500217,2,3,0,18,19,2,6,0,0,8,0,0,0,0,1,1,5,6,2,19,4,-1,-1,-1,-1,6,E01015440,0,1
2025552500217,2025,552500217,1,9,0,18,19,3,7,0,0,6,0,0,0,0,3,1,5,6,3,-1,-1,-1,-1,-1,-1,-1,-1,0,-1
2025552500218,2025,552500218,1,9,0,18,19,2,6,0,0,0,5,0,1,10,4,1,5,6,1,63,9,-1,-1,-1,-1,5,E01020456,0,2
2025552500219,2025,552500219,1,9,0,-1,19,8,4,-1,0,0,5,10,1,10,4,1,-1,9,1,25,5,-1,-1,-1,-1,4,E01017258,0,4
2025552500220,2025,552500220,1,9,0,-1,9,1,7,-1,0,6,0,0,0,0,1,1,-1,6,2,24,5,-1,-1,-1,-1,10,E01020381,0,1
2025552500220,2025,552500220,2,19,0,-1,2,0,0,-1,0,2,0,0,0,0,2,1,-1,6,3,-1,-1,-1,-1,-1,-1,-1,-1,0,-1
2025552500221,2025,552500221,2,1,0,18,19,3,7,0,0,8,0,0,0,0,4,1,5,6,1,37,7,-1,-1,-1,-1,5,E01020528,0,1
2025552500221,2025,552500221,1,9,0,7,7,5,7,0,0,6,0,0,0,0,1,1,5,6,1,49,8,-1,-1,-1,-1,4,E01020518,0,1
2025552500222,2025,552500222,2,9,0,-1,3,4,8,-1,0,0,0,0,0,0,2,1,-1,6,1,46,8,-1,-1,-1,-1,4,E01020571,0,1
2025552500222,2025,552500222,1,5,0,-1,4,4,8,-1,0,0,1,0,0,0,1,1,-1,6,1,29,6,-1,-1,-1,-1,4,E01020584,0,1
2025552500223,2025,552500223,1,9,0,1,1,4,2,9,9,5,0,0,0,0,2,1,5,6,1,80,11,-1,-1,-1,-1,1,E01015279,0,1
2025552500224,2025,552500224,1,9,0,18,19,6,2,0,0,0,5,0,0,0,1,1,5,6,1,31,6,-1,-1,-1,-1,2,E01015367,0,3
2025552500224,2025,552500224,2,9,0,18,19,6,2,0,0,0,0,0,0,0,2,1,5,6,2,71,10,-1,-1,-1,-1,10,E01020406,0,1
2025552500227,2025,552500227,1,9,0,-1,19,6,2,-1,0,0,0,0,0,0,1,1,-1,8,2,33,6,-1,-1,-1,-1,4,E01034277,0,1
2025552500228,2025,552500228,1,9,0,-1,19,7,3,-1,0,8,0,6,7,7,1,1,-1,9,2,30,6,-1,-1,-1,-1,4,E01015374,0,1
2025552500229,2025,552500229,2,3,0,-1,19,4,8,-1,0,0,0,0,0,0,1,1,-1,6,1,23,5,-1,-1,-1,-1,6,E01032661,0,1
2025552500229,2025,552500229,1,9,0,-1,19,8,4,-1,0,0,0,0,0,0,1,1,-1,6,1,38,7,-1,-1,-1,-1,10,E01020387,0,1
2025552500231,2025,552500231,1,9,0,-1,9,3,1,-1,0,8,0,0,0,0,1,1,-1,2,2,24,5,-1,-1,-1,-1,9,E01015325,0,1
2025552500232,2025,552500232,1,9,0,-1,9,1,7,-1,0,8,0,0,0,0,3,1,-1,2,1,55,8,-1,-1,-1,-1,2,E01015341,0,1
2025552500232,2025,552500232,2,97,0,-1,19,6,2,-1,0,8,0,0,0,0,1,1,-1,6,1,36,7,-1,-1,-1,-1,1,E01015338,0,1
2025552500233,2025,552500233,1,3,0,-1,19,2,6,-1,0,0,0,10,0,0,1,1,-1,6,1,18,4,-1,-1,-1,-1,4,E01020584,0,1
2025552500234,2025,552500234,1,5,0,-1,19,4,8,-1,0,0,1,0,1,10,1,1,-1,9,1,63,9,-1,-1,-1,-1,6,E01029156,0,4
2025552500236,2025,552500236,1,9,0,-1,19,4,8,-1,0,1,0,0,0,0,1,1,-1,6,2,77,11,-1,-1,-1,-1,5,E01020587,0,1
2025552500236,2025,552500236,2,9,0,-1,10,4,2,-1,0,1,0,0,0,0,2,1,-1,9,1,75,10,-1,-1,-1,-1,2,E01020573,0,1
2025552500237,2025,552500237,1,9,0,14,14,7,3,0,0,0,0,0,0,0,4,1,5,6,1,51,8,-1,-1,-1,-1,7,E01015462,0,1
2025552500238,2025,552500238,2,9,0,18,19,6,2,0,0,8,0,0,0,0,2,1,5,6,1,79,11,-1,-1,-1,-1,7,E01020477,0,3
2025552500238,2025,552500238,1,9,0,18,19,6,2,0,0,8,0,0,0,0,1,1,5,6,1,32,6,-1,-1,-1,-1,6,E01020493,0,4
2025552500240,2025,552500240,1,9,0,5,5,3,7,0,0,6,0,0,0,0,3,1,5,6,2,41,7,-1,-1,-1,-1,3,E01015439,0,1
2025552500240,2025,552500240,2,9,0,13,13,1,5,0,0,8,0,0,0,0,1,1,5,6,1,85,11,-1,-1,-1,-1,5,E01015380,0,1
2025552500241,2025,552500241,1,3,0,5,5,2,6,0,0,1,1,0,0,0,0,1,5,6,1,19,4,-1,-1,-1,-1,6,E01020405,0,3
2025552500242,2025,552500242,2,-1,0,18,19,4,8,0,0,1,0,0,0,0,1,1,5,6,1,43,7,-1,-1,-1,-1,3,E01015580,1,4
2025552500242,2025,552500242,1,9,0,18,19,4,8,0,0,1,0,0,0,0,1,1,5,6,3,-1,-1,-1,-1,-1,-1,-1,-1,0,-1
2025552500243,2025,552500243,1,19,0,1,1,3,7,0,0,0,0,0,0,0,2,1,5,6,2,53,8,-1,-1,-1,-1,7,E01015457,0,2
2025552500244,2025,552500244,1,19,0,5,5,7,3,0,0,4,0,0,0,0,1,1,2,2,1,48,8,-1,-1,-1,-1,1,E01034275,0,1
2025552500244,2025,552500244,2,1,0,18,19,5,1,0,0,8,0,0,0,0,4,1,2,2,2,29,6,-1,-1,-1,-1,9,E01015300,0,1
2025552500245,2025,552500245,1,9,0,18,19,8,4,0,0,0,1,0,1,4,1,1,5,6,1,64,9,-1,-1,-1,-1,6,E01020432,0,1
2025552500246,2025,552500246,2,1,0,18,19,8,4,0,0,0,0,0,0,0,2,1,2,2,1,23,5,-1,-1,-1,-1,4,E01015343,0,1
2025552500246,2025,552500246,1,19,0,18,19,8,0,0,0,0,0,0,0,0,1,1,5,6,3,-1,-1,-1,-1,-1,-1,-1,-1,0,-1
2025552500247,2025,552500247,1,9,0,18,19,7,3,0,0,0,0,0,0,0,3,1,5,6,2,82,11,-1,-1,-1,-1,9,E01028610,0,5
2025552500247,2025,552500247,2,9,0,18,19,3,7,0,0,0,0,0,0,0,3,1,5,6,1,71,10,-1,-1,-1,-1,7,E01020511,0,3
2025552500248,2025,552500248,1,9,0,18,19,4,8,0,0,0,0,0,0,0,4,1,5,6,3,-1,-1,-1,-1,-1,-1,-1,-1,0,-1
2025552500250,2025,552500250,2,1,0,18,19,8,4,9,9,8,0,0,0,0,1,1,5,6,1,12,3,-1,-1,-1,-1,8,E01020352,0,1
2025552500250,2025,552500250,1,9,0,7,7,6,8,0,0,6,0,0,0,0,4,1,5,6,3,-1,-1,-1,-1,-1,-1,-1,-1,0,-1
2025552500251,2025,552500251,2,4,0,18,19,1,5,0,0,8,0,0,0,0,1,1,5,6,1,36,7,-1,-1,-1,-1,2,E01015367,0,1
2025552500251,2025,552500251,1,9,0,9,9,3,1,0,0,5,0,0,0,0,3,1,5,6,2,31,6,-1,-1,-1,-1,6,E01015410,0,2
2025552500252,2025,552500252,2,9,0,18,19,1,5,0,0,8,0,0,0,0,1,1,5,6,1,94,11,-1,-1,-1,-1,6,E01032031,0,3
2025552500252,2025,552500252,1,9,0,18,19,3,7,0,0,6,0,0,0,0,3,1,5,6,1,49,8,-1,-1,-1,-1,5,E01020456,0,1
2025552500253,2025,552500253,2,3,0,-1,19,8,4,-1,0,1,0,0,0,0,1,1,-1,9,1,19,4,-1,-1,-1,-1,3,E01015381,0,1
2025552500253,2025,552500253,1,9,0,-1,19,2,6,-1,0,2,0,0,0,0,3,1,-1,9,2,36,7,-1,-1,-1,-1,4,E01034283,0,2
2025552500254,2025,552500254,1,5,0,18,19,7,3,0,0,0,1,0,0,0,0,1,5,6,1,27,6,-1,-1,-1,-1,2,E01033200,0,1
2025552500256,2025,552500256,1,9,0,18,19,7,3,0,0,1,0,0,0,0,1,1,5,6,3,-1,-1,-1,-1,-1,-1,-1,-1,0,-1
2025552500256,2025,552500256,2,9,0,3,3,7,3,0,0,1,0,0,0,0,2,1,5,6,2,35,6,-1,-1,-1,-1,7,E01020436,0,4
2025552500258,2025,552500258,2,9,0,-1,4,2,6,-1,0,0,0,0,0,0,2,1,-1,6,2,28,6,-1,-1,-1,-1,2,E01015290,0,1
2025552500258,2025,552500258,1,5,0,-1,19,2,6,-1,0,0,0,0,0,0,1,1,-1,1,1,22,5,-1,-1,-1,-1,4,E01009313,0,5
2025552500259,2025,552500259,1,9,0,-1,19,4,8,-1,0,0,0,0,0,0,1,1,-1,6,3,-1,-1,-1,-1,-1,-1,-1,-1,0,-1
2025552500260,2025,552500260,1,3,0,18,19,1,5,0,0,8,0,0,0,0,1,1,5,6,1,35,6,-1,-1,-1,-1,7,E01015376,0,1
2025552500260,2025,552500260,2,9,0,18,19,3,7,0,0,6,0,0,0,0,3,1,5,6,1,74,10,-1,-1,-1,-1,5,E01015377,0,1
2025552500262,2025,552500262,1,9,0,-1,19,5,1,-1,0,1,0,0,0,0,1,1,-1,6,1,31,6,-1,-1,-1,-1,2,E01033200,0,2
2025552500262,2025,552500262,2,1,0,-1,19,5,1,-1,0,1,0,0,0,0,2,1,-1,6,2,58,9,-1,-1,-1,-1,5,E01020528,0,3
2025552500263,2025,552500263,2,1,0,-1,19,8,4,-1,0,3,0,0,0,0,4,1,-1,9,1,57,9,-1,-1,-1,-1,7,E01020436,0,1
2025552500263,2025,552500263,1,9,0,-1,19,2,6,-1,0,4,0,0,0,0,1,1,-1,2,2,55,8,-1,-1,-1,-1,9,E01020457,0,3
2025552500264,2025,552500264,1,9,0,18,19,8,4,0,0,0,0,0,0,0,1,1,5,6,1,21,5,-1,-1,-1,-1,4,E01032036,0,3
2025552500264,2025,552500264,2,9,0,18,19,4,8,0,0,0,0,0,0,0,1,1,5,6,1,78,11,-1,-1,-1,-1,9,E01033158,0,1
2025552500265,2025,552500265,1,5,0,-1,19,4,8,-1,0,0,0,0,0,0,0,1,-1,9,1,20,4,-1,-1,-1,-1,6,E01015336,0,2
2025552500266,2025,552500266,1,9,0,-1,19,8,4,-1,9,6,0,0,0,0,4,1,-1,6,1,37,7,-1,-1,-1,-1,4,E01033285,0,1
2025552500266,2025,552500266,2,1,0,-1,19,2,6,-1,9,8,0,0,0,0,1,1,-1,6,2,37,7,-1,-1,-1,-1,5,E01015274,0,1
2025552500267,2025,552500267,1,3,0,9,9,7,6,0,0,8,1,0,0,0,0,1,5,6,1,16,4,-1,-1,-1,-1,2,E01015362,0,1
2025552500268,2025,552500268,1,9,0,18,19,5,1,0,0,0,0,0,7,11,1,1,5,6,1,37,7,-1,-1,-1,-1,3,E01015310,0,2
2025552500269,2025,552500269,1,2,0,9,9,5,2,0,0,8,0,0,0,0,4,1,5,6,1,16,4,-1,-1,-1,-1,7,E01020514,0,1
2025552500269,2025,552500269,2,9,0,18,19,6,2,0,0,8,0,0,0,0,1,1,5,6,3,-1,-1,-1,-1,-1,-1,-1,-1,0,-1
2025552500270,2025,552500270,1,9,0,18,19,4,8,0,0,0,1,0,7,4,1,1,2,2,2,43,7,-1,-1,-1,-1,7,E01020424,0,2
2025552500271,2025,552500271,1,9,0,-1,13,6,8,-1,0,6,0,0,0,0,4,1,-1,9,2,63,9,-1,-1,-1,-1,9,E01023053,0,2