collision_index,collision_year,collision_ref_no,vehicle_reference,vehicle_type,towing_and_articulation,vehicle_manoeuvre_historic,vehicle_manoeuvre,vehicle_direction_from,vehicle_direction_to,vehicle_location_restricted_lane_historic,vehicle_location_restricted_lane,junction_location,skidding_and_overturning,hit_object_in_carriageway,vehicle_leaving_carriageway,hit_object_off_carriageway,first_point_of_impact,vehicle_left_hand_drive,journey_purpose_of_driver_historic,journey_purpose_of_driver,sex_of_driver,age_of_driver,age_band_of_driver,engine_capacity_cc,propulsion_code,age_of_vehicle,generic_make_model,driver_imd_decile,lsoa_of_driver,escooter_flag,driver_distance_banding
2025552500388,2025,552500388,1,4,0,-1,19,6,2,-1,0,0,0,0,0,0,1,1,-1,1,1,24,5,-1,-1,-1,-1,3,E01015292,0,2
2025552500389,2025,552500389,1,9,0,-1,19,4,8,-1,0,0,0,0,0,0,1,1,-1,6,2,37,7,-1,-1,-1,-1,1,E01015281,0,1
2025552500389,2025,552500389,2,9,0,-1,4,4,8,-1,0,0,0,0,0,0,2,1,-1,2,2,46,8,-1,-1,-1,-1,8,E01015320,0,1
2025552500390,2025,552500390,1,9,0,-1,19,1,5,-1,0,0,0,12,7,10,1,1,-1,2,2,34,6,-1,-1,-1,-1,3,E01015381,0,3
2025552500391,2025,552500391,1,19,0,-1,19,4,8,-1,0,0,0,0,1,3,1,1,-1,9,1,21,5,-1,-1,-1,-1,5,E01020528,0,2
2025552500392,2025,552500392,1,9,0,-1,19,2,6,-1,0,0,5,0,1,3,1,1,-1,6,1,31,6,-1,-1,-1,-1,4,E01020506,0,1
2025552500395,2025,552500395,2,1,0,-1,19,4,8,-1,4,0,0,0,0,0,3,1,-1,6,2,42,7,-1,-1,-1,-1,9,E01020409,0,3
2025552500395,2025,552500395,1,9,9,-1,13,4,8,-1,0,0,0,0,0,0,4,1,-1,6,1,-1,-1,-1,-1,-1,-1,4,E01003214,0,5
2025552500396,2025,552500396,1,9,0,-1,19,3,7,-1,0,1,0,0,0,0,1,1,-1,6,1,33,6,-1,-1,-1,-1,2,E01015720,0,5
2025552500396,2025,552500396,2,9,0,-1,3,3,7,-1,0,1,0,0,0,0,2,1,-1,6,1,20,4,-1,-1,-1,-1,6,E01020422,0,1
2025552500397,2025,552500397,2,9,0,-1,19,5,1,-1,0,0,0,0,0,0,1,1,-1,9,1,56,9,-1,-1,-1,-1,8,E01015333,0,1
2025552500397,2025,552500397,3,9,0,-1,3,1,5,-1,0,0,0,0,0,0,3,1,-1,9,2,49,8,-1,-1,-1,-1,7,E01015407,0,2
2025552500397,2025,552500397,1,9,0,-1,14,1,5,-1,0,0,0,0,0,0,1,1,-1,9,2,38,7,-1,-1,-1,-1,9,E01020416,0,2
2025552500397,2025,552500397,4,9,0,-1,3,1,5,-1,0,0,0,0,0,0,3,1,-1,9,1,21,5,-1,-1,-1,-1,1,E01015312,0,1
2025552500398,2025,552500398,2,9,0,-1,19,4,8,-1,0,8,0,0,0,0,1,1,-1,9,2,47,8,-1,-1,-1,-1,5,E01015358,0,1
2025552500398,2025,552500398,1,23,0,-1,19,7,3,-1,0,6,0,0,0,0,3,1,-1,6,1,25,5,-1,-1,-1,-1,1,E01006563,0,5
2025552500399,2025,552500399,1,9,0,-1,19,4,8,-1,0,0,0,0,0,0,1,1,-1,6,1,73,10,-1,-1,-1,-1,10,E01020418,0,3
2025552500399,2025,552500399,2,9,0,-1,19,8,4,-1,0,0,0,0,0,0,2,1,-1,9,1,43,7,-1,-1,-1,-1,9,E01030632,0,5
2025552500400,2025,552500400,1,19,0,-1,7,6,8,-1,0,6,0,0,0,0,3,1,-1,1,1,25,5,-1,-1,-1,-1,2,E01029311,0,4
2025552500400,2025,552500400,2,3,0,-1,19,4,8,-1,0,1,0,0,0,0,4,1,-1,2,1,23,5,-1,-1,-1,-1,5,E01020469,0,3
2025552500401,2025,552500401,2,2,0,-1,19,2,6,-1,0,0,0,0,0,0,1,1,-1,6,1,56,9,-1,-1,-1,-1,8,E01020583,0,4
2025552500401,2025,552500401,1,19,0,-1,6,2,2,-1,0,0,0,0,0,0,3,1,-1,1,1,25,5,-1,-1,-1,-1,10,E01022698,0,4
2025552500402,2025,552500402,1,9,0,-1,9,7,6,-1,0,6,0,0,0,0,3,1,-1,6,1,60,9,-1,-1,-1,-1,9,E01015388,0,4
2025552500402,2025,552500402,2,19,0,-1,19,6,2,-1,0,8,1,0,0,0,1,1,-1,9,1,24,5,-1,-1,-1,-1,6,E01020539,0,3
2025552500403,2025,552500403,1,9,0,-1,19,3,7,-1,0,0,5,0,1,4,4,1,-1,9,1,34,6,-1,-1,-1,-1,4,E01015343,0,1
2025552500404,2025,552500404,2,9,0,-1,8,1,3,-1,0,8,0,0,0,0,2,1,-1,6,2,60,9,-1,-1,-1,-1,10,E01020413,0,2
2025552500404,2025,552500404,1,9,0,-1,7,1,3,-1,0,8,0,0,0,0,1,1,-1,6,1,34,6,-1,-1,-1,-1,9,E01015350,0,3
2025552500405,2025,552500405,2,9,0,-1,4,4,8,-1,0,0,0,0,0,0,2,1,-1,6,2,43,7,-1,-1,-1,-1,4,E01015346,0,1
2025552500405,2025,552500405,1,9,0,-1,19,4,8,-1,0,0,0,0,0,0,1,1,-1,6,1,71,10,-1,-1,-1,-1,5,E01015375,0,1
2025552500406,2025,552500406,1,9,0,-1,19,7,3,-1,0,0,5,0,1,5,4,1,-1,6,1,49,8,-1,-1,-1,-1,4,E01015326,0,4
2025552500407,2025,552500407,1,1,0,-1,19,3,7,-1,9,3,0,10,1,0,4,1,-1,9,1,59,9,-1,-1,-1,-1,9,E01015350,0,2
2025552500408,2025,552500408,1,5,0,-1,13,8,4,-1,0,8,0,0,0,0,1,1,-1,6,1,58,9,-1,-1,-1,-1,6,E01020539,0,4
2025552500408,2025,552500408,2,9,0,-1,10,8,5,-1,0,5,0,0,0,0,2,1,-1,6,2,71,10,-1,-1,-1,-1,7,E01020498,0,1
2025552500409,2025,552500409,2,9,0,-1,19,8,4,-1,0,8,0,0,0,0,0,1,-1,9,2,33,6,-1,-1,-1,-1,5,E01015380,0,1
2025552500409,2025,552500409,1,90,0,-1,19,6,2,-1,0,8,0,0,0,0,0,1,-1,8,1,47,8,-1,-1,-1,-1,5,E01015441,0,1
2025552500410,2025,552500410,1,9,0,-1,19,4,8,-1,0,0,0,0,0,0,1,1,-1,6,3,-1,-1,-1,-1,-1,-1,-1,-1,0,-1
2025552500410,2025,552500410,2,3,0,-1,4,4,8,-1,0,0,0,0,0,0,2,1,-1,9,1,29,6,-1,-1,-1,-1,5,E01015274,0,4
2025552500411,2025,552500411,2,9,0,-1,19,3,7,-1,0,8,0,0,0,0,1,1,-1,9,1,32,6,-1,-1,-1,-1,8,E01015320,0,1
2025552500411,2025,552500411,1,1,0,-1,19,5,1,-1,0,6,0,0,0,0,3,1,-1,9,1,12,3,-1,-1,-1,-1,4,E01015321,0,1
2025552500412,2025,552500412,1,19,0,-1,9,5,2,-1,0,6,0,0,0,0,3,1,-1,9,1,28,6,-1,-1,-1,-1,6,E01020434,0,1
2025552500412,2025,552500412,2,9,0,-1,19,2,6,-1,0,8,0,0,0,0,1,1,-1,6,2,61,9,-1,-1,-1,-1,2,E01029239,0,3
2025552500413,2025,552500413,2,9,0,-1,19,8,4,-1,0,0,0,0,0,0,4,1,-1,9,1,47,8,-1,-1,-1,-1,6,E01031643,0,5
2025552500413,2025,552500413,1,11,0,-1,12,8,4,-1,0,0,0,0,0,0,3,1,-1,1,3,-1,-1,-1,-1,-1,-1,-1,-1,0,-1
2025552500415,2025,552500415,1,9,0,-1,19,6,2,-1,5,8,0,0,1,11,4,1,-1,9,1,50,8,-1,-1,-1,-1,4,E01015345,0,1
2025552500415,2025,552500415,2,9,0,-1,19,8,4,-1,0,8,0,0,0,0,1,1,-1,9,1,21,5,-1,-1,-1,-1,4,E01015327,0,1
2025552500416,2025,552500416,1,21,0,-1,11,1,5,-1,0,8,0,0,0,0,4,1,-1,1,1,61,9,-1,-1,-1,-1,1,E01020575,0,4
2025552500416,2025,552500416,2,9,0,-1,19,1,5,-1,0,8,0,0,0,0,3,1,-1,9,2,70,10,-1,-1,-1,-1,6,E01020476,0,1
2025552500417,2025,552500417,1,99,9,-1,7,7,1,-1,0,8,0,0,0,0,3,9,-1,6,3,-1,-1,-1,-1,-1,-1,-1,-1,0,-1
2025552500417,2025,552500417,2,1,0,-1,19,5,1,-1,0,8,0,0,0,0,1,1,-1,6,1,12,3,-1,-1,-1,-1,8,E01015297,0,1
2025552500418,2025,552500418,2,9,0,-1,2,0,0,-1,0,0,0,0,0,0,2,1,-1,6,3,-1,-1,-1,-1,-1,-1,-1,-1,0,-1
2025552500418,2025,552500418,1,9,0,-1,19,2,6,-1,0,0,0,4,0,0,1,1,-1,9,1,78,11,-1,-1,-1,-1,7,E01020588,0,1
2025552500420,2025,552500420,2,9,0,-1,4,7,3,-1,0,0,0,0,0,0,2,1,-1,6,1,48,8,-1,-1,-1,-1,7,E01020498,0,3
2025552500420,2025,552500420,1,9,0,-1,19,7,3,-1,0,0,0,0,0,0,1,1,-1,6,2,65,9,-1,-1,-1,-1,7,E01031398,0,5
2025552500420,2025,552500420,3,9,0,-1,4,7,3,-1,0,0,0,0,0,0,2,1,-1,6,2,23,5,-1,-1,-1,-1,8,E01020261,0,4
2025552500421,2025,552500421,1,9,0,-1,19,7,3,-1,0,0,0,0,0,0,4,1,-1,9,2,44,7,-1,-1,-1,-1,7,E01015354,0,1
2025552500422,2025,552500422,2,9,0,-1,19,1,5,-1,0,8,0,0,0,0,4,1,-1,9,1,20,4,-1,-1,-1,-1,3,E01015357,0,1
2025552500422,2025,552500422,1,-1,5,-1,19,3,7,-1,0,8,0,0,0,0,1,1,-1,6,1,15,3,-1,-1,-1,-1,2,E01015304,1,1
2025552500423,2025,552500423,3,9,0,-1,19,4,8,-1,0,0,0,0,0,0,1,1,-1,9,1,45,7,-1,-1,-1,-1,7,E01015340,0,2
2025552500423,2025,552500423,1,9,0,-1,11,4,8,-1,0,0,0,0,0,0,0,1,-1,6,3,-1,-1,-1,-1,-1,-1,-1,-1,0,-1
2025552500423,2025,552500423,2,9,0,-1,19,4,8,-1,0,0,1,10,0,0,3,1,-1,9,2,18,4,-1,-1,-1,-1,8,E01020343,0,1
2025552500424,2025,552500424,1,9,0,-1,7,6,8,-1,0,8,0,0,0,0,3,1,-1,9,1,78,11,-1,-1,-1,-1,3,E01020556,0,1
2025552500424,2025,552500424,2,19,0,-1,19,4,8,-1,0,8,0,0,0,0,1,1,-1,1,1,35,6,-1,-1,-1,-1,4,E01032644,0,3
2025552500425,2025,552500425,1,9,0,-1,12,3,7,-1,0,1,0,0,0,0,3,1,-1,9,2,66,10,-1,-1,-1,-1,8,E01017215,0,4
2025552500425,2025,552500425,2,9,0,-1,19,3,7,-1,0,1,0,0,0,0,4,1,-1,9,2,54,8,-1,-1,-1,-1,6,E01034374,0,1
2025552500426,2025,552500426,1,9,0,-1,9,6,3,-1,0,8,0,0,0,0,4,1,-1,9,2,32,6,-1,-1,-1,-1,-1,-1,0,-1
2025552500426,2025,552500426,2,9,0,-1,19,2,6,-1,0,8,0,0,0,0,1,1,-1,6,2,30,6,-1,-1,-1,-1,8,E01020376,0,4
2025552500427,2025,552500427,2,3,0,-1,3,8,4,-1,0,4,0,0,0,0,2,1,-1,9,1,20,4,-1,-1,-1,-1,4,E01015327,0,1
2025552500427,2025,552500427,1,9,0,-1,19,8,4,-1,0,4,0,0,0,0,1,1,-1,9,1,34,6,-1,-1,-1,-1,-1,-1,0,-1
2025552500428,2025,552500428,1,9,0,-1,19,4,8,-1,0,0,0,0,0,0,1,1,-1,9,1,59,9,-1,-1,-1,-1,6,E01015286,0,1
2025552500428,2025,552500428,2,9,0,-1,4,4,8,-1,0,0,0,0,0,0,2,1,-1,6,2,25,5,-1,-1,-1,-1,4,E01020483,0,3
2025552500429,2025,552500429,1,9,0,-1,9,4,2,-1,0,6,0,0,0,0,1,1,-1,9,1,62,9,-1,-1,-1,-1,9,E01020414,0,1
2025552500429,2025,552500429,2,5,0,-1,9,6,4,-1,0,5,0,0,0,0,3,1,-1,9,1,53,8,-1,-1,-1,-1,9,E01020414,0,1
2025552500430,2025,552500430,2,1,0,-1,7,5,7,-1,0,8,0,0,0,0,1,1,-1,6,1,57,9,-1,-1,-1,-1,4,E01015390,0,1
2025552500430,2025,552500430,1,9,4,-1,9,7,5,-1,0,8,0,0,0,0,3,1,-1,6,3,-1,-1,-1,-1,-1,-1,-1,-1,0,-1
2025552500432,2025,552500432,2,1,0,-1,19,4,8,-1,0,8,0,0,0,0,1,1,-1,2,1,29,6,-1,-1,-1,-1,3,E01033242,0,1
2025552500432,2025,552500432,1,9,0,-1,9,6,4,-1,0,5,0,0,0,0,3,1,-1,2,1,20,4,-1,-1,-1,-1,5,E01015444,0,1
2025552500433,2025,552500433,1,9,0,-1,4,2,6,-1,0,0,0,0,0,0,1,9,-1,6,1,53,8,-1,-1,-1,-1,9,E01015566,0,5
2025552500434,2025,552500434,1,19,0,-1,19,1,5,-1,0,0,0,0,0,0,1,1,-1,1,1,30,6,-1,-1,-1,-1,7,E01020579,0,1
2025552500435,2025,552500435,1,9,0,-1,7,4,6,-1,0,8,0,6,1,10,1,1,-1,2,2,23,5,-1,-1,-1,-1,7,E01015462,0,4
2025552500436,2025,552500436,1,9,0,-1,19,7,3,-1,0,0,0,0,0,0,1,1,-1,9,1,48,8,-1,-1,-1,-1,10,E01015458,0,1
2025552500437,2025,552500437,2,9,0,-1,19,2,8,-1,0,5,0,0,0,0,3,1,-1,6,1,61,9,-1,-1,-1,-1,7,E01022724,0,4
2025552500437,2025,552500437,1,9,0,-1,11,2,8,-1,0,3,0,0,0,0,4,1,-1,6,2,24,5,-1,-1,-1,-1,4,E01020488,0,2
2025552500438,2025,552500438,2,9,0,-1,3,4,8,-1,0,0,0,0,0,0,2,1,-1,9,2,31,6,-1,-1,-1,-1,8,E01029414,0,5
2025552500438,2025,552500438,1,9,0,-1,19,4,8,-1,0,0,0,0,2,11,1,1,-1,9,2,75,10,-1,-1,-1,-1,1,E01020552,0,1
2025552500439,2025,552500439,2,3,0,-1,19,6,2,-1,0,8,0,0,0,0,4,1,-1,6,2,52,8,-1,-1,-1,-1,1,E01015312,0,1
2025552500439,2025,552500439,1,9,0,-1,19,8,4,-1,0,8,0,0,0,0,1,1,-1,1,1,54,8,-1,-1,-1,-1,4,E01015326,0,1
2025552500441,2025,552500441,1,19,0,-1,9,3,1,-1,0,8,0,0,0,0,1,1,-1,9,1,27,6,-1,-1,-1,-1,6,E01020549,0,3
2025552500441,2025,552500441,2,5,0,-1,19,1,5,-1,0,8,0,0,0,0,4,1,-1,9,1,61,9,-1,-1,-1,-1,3,E01029233,0,4
2025552500443,2025,552500443,1,9,0,-1,5,7,3,-1,0,0,0,0,0,0,4,1,-1,9,1,31,6,-1,-1,-1,-1,4,E01015420,0,2
2025552500444,2025,552500444,2,9,0,-1,19,5,1,-1,0,0,0,0,0,0,1,1,-1,9,2,20,4,-1,-1,-1,-1,10,E01020559,0,2
2025552500444,2025,552500444,1,9,0,-1,4,5,1,-1,0,0,0,0,0,0,2,1,-1,9,1,70,10,-1,-1,-1,-1,6,E01020566,0,2
2025552500445,2025,552500445,1,17,0,-1,19,5,1,-1,0,0,0,0,0,0,4,1,-1,9,1,74,10,-1,-1,-1,-1,10,E01020387,0,2
2025552500446,2025,552500446,1,9,0,-1,19,6,2,-1,0,8,0,0,0,0,1,1,-1,6,3,-1,-1,-1,-1,-1,-1,-1,-1,0,-1
2025552500447,2025,552500447,2,9,0,-1,19,2,6,-1,0,0,0,0,0,0,1,1,-1,9,2,54,8,-1,-1,-1,-1,5,E01027377,0,5
2025552500447,2025,552500447,1,9,0,-1,19,6,2,-1,0,0,0,0,0,0,1,1,-1,6,1,78,11,-1,-1,-1,-1,7,E01020509,0,4
2025552500448,2025,552500448,1,9,0,-1,19,8,4,-1,0,0,0,0,0,0,1,1,-1,2,2,51,8,-1,-1,-1,-1,7,E01020475,0,1
2025552500449,2025,552500449,1,9,0,-1,19,7,3,-1,0,8,0,0,0,0,1,1,-1,9,2,50,8,-1,-1,-1,-1,9,E01020373,0,4
2025552500449,2025,552500449,2,9,0,-1,10,7,5,-1,0,5,0,0,0,0,2,1,-1,9,2,38,7,-1,-1,-1,-1,10,E01015459,0,1
2025552500451,2025,552500451,1,9,0,-1,19,2,6,-1,0,0,5,4,0,0,1,1,-1,9,1,84,11,-1,-1,-1,-1,9,E01020372,0,1
2025552500451,2025,552500451,2,9,0,-1,2,0,0,-1,0,0,0,0,0,0,1,1,-1,6,3,-1,-1,-1,-1,-1,-1,-1,-1,0,-1
2025552500452,2025,552500452,2,1,0,-1,19,6,2,-1,0,8,0,0,0,0,4,1,-1,6,1,30,6,-1,-1,-1,-1,4,E01034278,0,1
2025552500452,2025,552500452,1,9,0,-1,19,8,4,-1,0,4,0,0,0,0,1,1,-1,9,2,34,6,-1,-1,-1,-1,3,E01015429,0,3
2025552500453,2025,552500453,2,9,0,-1,19,6,2,-1,0,0,0,0,0,0,3,1,-1,9,1,62,9,-1,-1,-1,-1,3,E01001930,0,5
2025552500453,2025,552500453,1,9,0,-1,13,6,2,-1,0,0,5,0,4,6,4,1,-1,6,2,21,5,-1,-1,-1,-1,10,E01020374,0,2
2025552500454,2025,552500454,2,5,0,-1,3,1,5,-1,0,0,0,0,0,0,2,1,-1,7,1,69,10,-1,-1,-1,-1,4,E01015303,0,2
2025552500454,2025,552500454,3,5,0,-1,3,1,5,-1,0,0,0,0,1,0,2,1,-1,7,1,41,7,-1,-1,-1,-1,9,E01015350,0,2
2025552500454,2025,552500454,4,5,0,-1,3,1,5,-1,0,0,0,0,0,0,0,1,-1,7,1,55,8,-1,-1,-1,-1,5,E01015358,0,2
2025552500454,2025,552500454,1,9,0,-1,19,1,5,-1,0,0,0,0,0,0,1,1,-1,2,1,35,6,-1,-1,-1,-1,9,E01015451,0,1
2025552500454,2025,552500454,5,9,0,-1,3,1,5,-1,0,0,0,0,0,0,0,1,-1,6,1,57,9,-1,-1,-1,-1,7,E01015438,0,1
2025552500455,2025,552500455,2,1,0,-1,4,8,4,-1,0,1,0,0,0,0,2,1,-1,6,1,63,9,-1,-1,-1,-1,4,E01015275,0,1
2025552500455,2025,552500455,1,9,0,-1,19,8,4,-1,0,1,0,0,0,0,1,1,-1,6,2,33,6,-1,-1,-1,-1,-1,-1,0,-1
2025552500456,2025,552500456,2,1,0,-1,19,7,3,-1,0,8,0,0,0,0,4,1,-1,9,1,29,6,-1,-1,-1,-1,1,E01015384,0,1
2025552500456,2025,552500456,1,9,0,-1,5,1,5,-1,0,8,0,0,0,0,1,1,-1,9,2,58,9,-1,-1,-1,-1,1,E01034275,0,1
2025552500458,2025,552500458,2,3,0,-1,19,6,2,-1,0,8,0,0,0,0,3,1,-1,6,1,28,6,-1,-1,-1,-1,2,E01020347,0,1
2025552500458,2025,552500458,1,19,0,-1,19,2,6,-1,0,8,0,0,0,0,3,1,-1,1,1,23,5,-1,-1,-1,-1,2,E01020348,0,1
2025552500459,2025,552500459,2,5,0,-1,19,1,5,-1,0,0,0,0,0,0,1,1,-1,9,1,69,10,-1,-1,-1,-1,6,E01015355,0,1
2025552500459,2025,552500459,1,9,0,-1,6,1,1,-1,0,0,0,0,0,0,4,1,-1,9,2,41,7,-1,-1,-1,-1,4,E01015345,0,1
2025552500460,2025,552500460,1,-1,0,-1,19,2,8,-1,0,0,0,10,0,0,1,1,-1,9,1,16,4,-1,-1,-1,-1,10,E01015404,1,1
2025552500461,2025,552500461,1,9,0,-1,9,7,4,-1,0,6,0,0,0,0,3,1,-1,6,1,59,9,-1,-1,-1,-1,4,E01015443,0,2
2025552500461,2025,552500461,2,1,0,-1,19,6,8,-1,0,8,0,0,0,0,1,1,-1,9,1,13,3,-1,-1,-1,-1,7,E01020473,0,1
2025552500463,2025,552500463,1,9,0,-1,19,8,4,-1,0,0,5,0,0,0,0,1,-1,9,1,27,6,-1,-1,-1,-1,5,E01015317,0,4
2025552500464,2025,552500464,2,9,0,-1,19,2,6,-1,0,8,0,0,0,0,1,1,-1,6,2,72,10,-1,-1,-1,-1,5,E01020528,0,1
2025552500464,2025,552500464,1,9,0,-1,10,2,1,-1,0,5,0,0,0,0,2,1,-1,2,1,40,7,-1,-1,-1,-1,5,E01029221,0,4
2025552500464,2025,552500464,3,9,0,-1,19,6,2,-1,0,8,0,0,0,0,1,1,-1,9,1,88,11,-1,-1,-1,-1,7,E01020465,0,3
2025552500465,2025,552500465,1,9,0,-1,19,5,1,-1,0,8,0,0,0,0,3,1,-1,9,1,77,11,-1,-1,-1,-1,7,E01020526,0,1
2025552500465,2025,552500465,2,1,0,-1,3,1,5,-1,0,8,0,0,0,0,3,1,-1,9,1,45,7,-1,-1,-1,-1,8,E01020524,0,1
2025552500466,2025,552500466,1,1,0,-1,7,2,4,-1,0,8,0,0,0,0,0,1,-1,6,2,22,5,-1,-1,-1,-1,8,E01032643,0,1
2025552500467,2025,552500467,1,9,0,-1,19,5,1,-1,0,0,0,0,0,0,4,1,-1,2,3,-1,-1,-1,-1,-1,-1,-1,-1,0,-1
2025552500468,2025,552500468,1,9,0,-1,19,1,8,-1,0,8,0,0,0,0,4,1,-1,9,2,83,11,-1,-1,-1,-1,7,E01015424,0,1
2025552500468,2025,552500468,2,5,0,-1,19,2,6,-1,0,8,0,0,0,0,1,1,-1,9,1,21,5,-1,-1,-1,-1,4,E01020411,0,3
2025552500469,2025,552500469,1,-1,0,-1,19,5,1,-1,0,5,0,0,0,0,3,1,-1,9,1,38,7,-1,-1,-1,-1,3,E01015442,1,1
2025552500469,2025,552500469,2,9,0,-1,19,7,3,-1,0,8,0,0,0,0,1,1,-1,9,1,26,6,-1,-1,-1,-1,4,E01015382,0,1
2025552500470,2025,552500470,2,9,0,-1,2,0,0,-1,0,0,0,0,0,0,2,9,-1,6,3,-1,-1,-1,-1,-1,-1,-1,-1,0,-1
2025552500470,2025,552500470,1,3,0,-1,4,1,5,-1,0,0,0,4,0,0,1,1,-1,7,2,26,6,-1,-1,-1,-1,1,E01020555,0,2
2025552500471,2025,552500471,3,9,0,-1,19,6,2,-1,0,0,0,0,0,0,1,1,-1,9,1,74,10,-1,-1,-1,-1,2,E01020998,0,5
2025552500471,2025,552500471,1,9,0,-1,19,2,6,-1,0,0,0,0,0,0,1,1,-1,6,1,47,8,-1,-1,-1,-1,9,E01025064,0,5
2025552500471,2025,552500471,2,9,0,-1,19,2,6,-1,0,0,0,0,0,0,1,1,-1,9,1,47,8,-1,-1,-1,-1,5,E01020565,0,3
2025552500471,2025,552500471,4,9,0,-1,19,6,2,-1,0,0,0,0,0,0,1,1,-1,9,1,66,10,-1,-1,-1,-1,10,E01023273,0,4
2025552500472,2025,552500472,1,5,0,-1,19,6,1,-1,0,0,0,0,0,0,1,1,-1,9,1,74,10,-1,-1,-1,-1,6,E01029189,0,4
2025552500472,2025,552500472,2,9,0,-1,19,1,6,-1,0,0,0,0,0,0,1,1,-1,9,1,73,10,-1,-1,-1,-1,7,E01020579,0,4
2025552500475,2025,552500475,1,9,0,-1,19,2,6,-1,0,0,5,0,1,10,4,1,-1,9,1,22,5,-1,-1,-1,-1,4,E01029241,0,2
2025552500476,2025,552500476,1,9,0,-1,19,6,2,-1,0,0,0,99,9,0,4,9,-1,6,1,33,6,-1,-1,-1,-1,4,E01015420,0,1
2025552500477,2025,552500477,2,1,0,-1,19,8,4,-1,0,8,0,0,0,0,3,1,-1,2,1,23,5,-1,-1,-1,-1,8,E01015335,0,1
2025552500477,2025,552500477,1,99,0,-1,19,6,2,-1,0,8,0,0,0,0,1,1,-1,6,3,-1,-1,-1,-1,-1,-1,-1,-1,0,-1
2025552500478,2025,552500478,1,5,0,-1,7,5,6,-1,0,8,0,0,0,0,0,1,-1,9,2,65,9,-1,-1,-1,-1,5,E01020466,0,3
2025552500479,2025,552500479,1,-1,0,-1,19,6,2,-1,0,0,0,0,0,0,0,1,-1,6,1,46,8,-1,-1,-1,-1,7,E01015376,1,1
2025552500480,2025,552500480,1,5,0,-1,19,2,6,-1,0,0,1,0,0,0,0,1,-1,9,2,24,5,-1,-1,-1,-1,2,E01015277,0,1
2025552500481,2025,552500481,2,5,0,-1,19,4,8,-1,0,8,0,0,0,0,1,1,-1,6,1,29,6,-1,-1,-1,-1,7,E01015424,0,1
2025552500481,2025,552500481,1,9,0,-1,9,7,4,-1,0,6,0,0,0,0,3,1,-1,2,2,51,8,-1,-1,-1,-1,3,E01015429,0,1
2025552500482,2025,552500482,2,9,0,-1,4,4,8,-1,0,0,0,0,0,0,2,1,-1,1,1,47,8,-1,-1,-1,-1,3,E01015442,0,1
2025552500482,2025,552500482,1,19,0,-1,19,4,8,-1,0,0,0,0,0,0,1,1,-1,6,1,31,6,-1,-1,-1,-1,7,E01015428,0,2
2025552500483,2025,552500483,1,9,0,-1,19,2,6,-1,0,0,0,0,1,11,1,1,-1,9,1,82,11,-1,-1,-1,-1,8,E01020478,0,4
2025552500484,2025,552500484,1,9,0,-1,19,1,5,-1,0,0,0,0,1,11,1,1,-1,9,1,58,9,-1,-1,-1,-1,5,E01020397,0,2
2025552500486,2025,552500486,1,19,0,-1,19,4,2,-1,0,0,1,10,1,11,1,1,-1,6,1,33,6,-1,-1,-1,-1,-1,-1,0,-1
2025552500487,2025,552500487,2,9,0,-1,10,3,1,-1,0,1,0,0,0,0,2,1,-1,9,1,31,6,-1,-1,-1,-1,2,E01015362,0,2
2025552500487,2025,552500487,1,9,0,-1,19,3,7,-1,0,1,0,0,0,0,1,1,-1,9,1,63,9,-1,-1,-1,-1,10,E01015464,0,1
2025552500488,2025,552500488,2,9,0,-1,10,2,8,-1,0,5,0,0,0,0,3,1,-1,2,2,31,6,-1,-1,-1,-1,7,E01020538,0,1
2025552500488,2025,552500488,1,9,0,-1,9,8,6,-1,0,6,0,0,0,0,1,1,-1,2,2,30,6,-1,-1,-1,-1,7,E01020538,0,1
2025552500489,2025,552500489,2,3,0,-1,19,8,4,-1,0,8,0,0,0,0,3,1,-1,9,1,18,4,-1,-1,-1,-1,4,E01034283,0,1
2025552500489,2025,552500489,1,19,0,-1,19,7,3,-1,0,8,0,0,0,0,1,1,-1,6,3,-1,-1,-1,-1,-1,-1,-1,-1,0,-1
2025552500492,2025,552500492,2,1,0,-1,19,3,7,-1,0,8,0,0,0,0,1,1,-1,9,1,50,8,-1,-1,-1,-1,6,E01015337,0,1
2025552500492,2025,552500492,1,9,0,-1,7,5,7,-1,0,6,0,0,0,0,3,1,-1,6,1,64,9,-1,-1,-1,-1,6,E01015336,0,1
2025552500493,2025,552500493,1,9,0,-1,19,1,5,-1,0,0,1,0,1,10,0,1,-1,9,1,18,4,-1,-1,-1,-1,7,E01034382,0,4
2025552500494,2025,552500494,1,9,0,-1,19,5,1,-1,0,1,0,0,3,11,1,1,-1,6,2,80,11,-1,-1,-1,-1,6,E01015336,0,1
2025552500494,2025,552500494,2,9,0,-1,19,8,4,-1,0,1,0,0,1,11,3,1,-1,1,2,44,7,-1,-1,-1,-1,9,E01015412,0,2
2025552500495,2025,552500495,1,5,0,-1,19,7,3,-1,0,8,1,0,0,0,0,1,-1,6,1,40,7,-1,-1,-1,-1,-1,-1,0,-1
2025552500496,2025,552500496,3,9,0,-1,2,0,0,-1,0,2,0,0,0,0,2,1,-1,6,3,-1,-1,-1,-1,-1,-1,-1,-1,0,-1
2025552500496,2025,552500496,2,5,0,-1,19,5,1,-1,0,8,0,4,0,0,4,1,-1,9,1,44,7,-1,-1,-1,-1,8,E01034379,0,4