collision_index,collision_year,collision_ref_no,vehicle_reference,vehicle_type,towing_and_articulation,vehicle_manoeuvre_historic,vehicle_manoeuvre,vehicle_direction_from,vehicle_direction_to,vehicle_location_restricted_lane_historic,vehicle_location_restricted_lane,junction_location,skidding_and_overturning,hit_object_in_carriageway,vehicle_leaving_carriageway,hit_object_off_carriageway,first_point_of_impact,vehicle_left_hand_drive,journey_purpose_of_driver_historic,journey_purpose_of_driver,sex_of_driver,age_of_driver,age_band_of_driver,engine_capacity_cc,propulsion_code,age_of_vehicle,generic_make_model,driver_imd_decile,lsoa_of_driver,escooter_flag,driver_distance_banding
2025552500607,2025,552500607,1,5,0,-1,13,2,6,-1,0,8,0,0,0,0,1,1,-1,6,1,74,10,-1,-1,-1,-1,9,E01015350,0,2
2025552500607,2025,552500607,2,9,0,-1,9,2,7,-1,0,5,0,0,0,0,3,1,-1,9,1,73,10,-1,-1,-1,-1,8,E01015298,0,2
2025552500608,2025,552500608,1,9,0,-1,19,8,4,-1,0,0,0,0,0,0,1,1,-1,6,1,37,7,-1,-1,-1,-1,8,E01015453,0,1
2025552500608,2025,552500608,2,3,0,-1,3,8,4,-1,0,0,0,0,0,0,2,1,-1,6,1,46,8,-1,-1,-1,-1,6,E01033288,0,1
2025552500609,2025,552500609,1,3,0,-1,12,2,6,-1,0,8,0,0,0,0,3,1,-1,2,1,35,6,-1,-1,-1,-1,2,E01015367,0,1
2025552500609,2025,552500609,2,9,0,-1,19,2,6,-1,0,3,0,0,0,0,4,1,-1,9,1,24,5,-1,-1,-1,-1,7,E01015446,0,2
2025552500610,2025,552500610,1,9,0,-1,13,2,6,-1,0,8,0,0,0,0,1,1,-1,2,2,25,5,-1,-1,-1,-1,4,E01020489,0,2
2025552500610,2025,552500610,2,9,0,-1,9,2,7,-1,0,5,0,0,7,1,3,1,-1,6,2,64,9,-1,-1,-1,-1,4,E01020489,0,1
2025552500611,2025,552500611,2,9,0,-1,19,1,5,-1,0,8,1,0,0,0,1,1,-1,9,1,26,6,-1,-1,-1,-1,5,E01029183,0,4
2025552500611,2025,552500611,1,9,0,-1,19,8,4,-1,0,8,0,0,0,0,4,1,-1,7,1,51,8,-1,-1,-1,-1,5,E01020529,0,2
2025552500612,2025,552500612,1,9,0,-1,9,5,3,-1,0,6,0,0,0,0,3,1,-1,2,1,35,6,-1,-1,-1,-1,6,E01020539,0,4
2025552500612,2025,552500612,2,3,0,-1,14,3,7,-1,0,8,0,0,0,0,1,1,-1,9,1,19,4,-1,-1,-1,-1,2,E01015367,0,2
2025552500613,2025,552500613,1,97,0,-1,7,1,3,-1,0,8,1,0,0,0,4,1,-1,9,1,21,5,-1,-1,-1,-1,5,E01015375,0,1
2025552500613,2025,552500613,2,9,0,-1,19,1,5,-1,0,8,0,0,0,0,1,1,-1,9,2,87,11,-1,-1,-1,-1,8,E01015332,0,1
2025552500614,2025,552500614,2,9,0,-1,2,0,0,-1,0,0,0,0,0,0,2,1,-1,9,3,-1,-1,-1,-1,-1,-1,-1,-1,0,-1
2025552500614,2025,552500614,1,9,0,-1,19,7,3,-1,0,0,0,4,0,0,1,1,-1,2,1,30,6,-1,-1,-1,-1,6,E01020441,0,1
2025552500615,2025,552500615,2,9,0,-1,3,7,3,-1,0,1,0,0,0,0,2,1,-1,9,2,33,6,-1,-1,-1,-1,8,E01020349,0,2
2025552500615,2025,552500615,1,9,0,-1,19,7,3,-1,0,1,0,0,0,0,1,1,-1,1,2,46,8,-1,-1,-1,-1,2,E01015305,0,2
2025552500616,2025,552500616,1,9,0,-1,19,7,3,-1,0,1,0,0,0,0,1,1,-1,6,2,30,6,-1,-1,-1,-1,6,E01015318,0,1
2025552500617,2025,552500617,2,9,0,-1,19,4,8,-1,0,8,0,0,0,0,1,1,-1,9,1,65,9,-1,-1,-1,-1,9,E01015406,0,3
2025552500617,2025,552500617,1,9,0,-1,19,6,2,-1,0,8,0,0,1,1,3,1,-1,9,1,67,10,-1,-1,-1,-1,7,E01020477,0,3
2025552500619,2025,552500619,1,5,0,-1,19,2,6,-1,0,0,0,0,4,6,3,1,-1,9,1,22,5,-1,-1,-1,-1,7,E01020424,0,3
2025552500621,2025,552500621,1,9,0,-1,19,6,2,-1,0,4,0,0,0,0,1,1,-1,6,2,30,6,-1,-1,-1,-1,2,E01015367,0,1
2025552500621,2025,552500621,2,1,0,-1,19,4,8,-1,0,8,0,0,0,0,4,1,-1,2,2,28,6,-1,-1,-1,-1,1,E01015279,0,1
2025552500623,2025,552500623,1,9,0,-1,4,2,6,-1,0,0,2,0,7,11,3,1,-1,2,1,21,5,-1,-1,-1,-1,4,E01020536,0,1
2025552500624,2025,552500624,1,9,0,-1,19,6,2,-1,0,0,0,0,0,0,3,1,-1,9,1,74,10,-1,-1,-1,-1,1,E01015541,0,5
2025552500624,2025,552500624,2,9,0,-1,19,2,6,-1,0,0,0,0,0,0,3,1,-1,9,1,36,7,-1,-1,-1,-1,7,E01020480,0,4
2025552500626,2025,552500626,1,9,0,-1,19,8,4,-1,0,0,0,4,0,0,1,1,-1,9,1,36,7,-1,-1,-1,-1,7,E01015324,0,1
2025552500629,2025,552500629,1,19,0,-1,19,4,8,-1,0,0,0,0,1,11,1,1,-1,2,1,20,4,-1,-1,-1,-1,10,E01020386,0,3
2025552500630,2025,552500630,2,1,0,-1,19,6,2,-1,0,8,0,0,0,0,1,1,-1,6,1,58,9,-1,-1,-1,-1,5,E01035690,0,5
2025552500630,2025,552500630,1,9,0,-1,9,3,2,-1,0,6,0,0,0,0,4,1,-1,6,2,59,9,-1,-1,-1,-1,6,E01020493,0,1
2025552500631,2025,552500631,1,9,0,-1,19,4,8,-1,0,0,0,0,0,0,4,1,-1,6,3,-1,-1,-1,-1,-1,-1,-1,-1,0,-1
2025552500632,2025,552500632,2,9,4,-1,4,3,7,-1,0,0,0,0,0,0,1,2,-1,9,1,17,4,-1,-1,-1,-1,5,E01020517,0,1
2025552500632,2025,552500632,1,9,0,-1,4,7,3,-1,0,0,2,10,0,0,1,1,-1,9,1,21,5,-1,-1,-1,-1,3,E01005761,0,5
2025552500633,2025,552500633,1,9,0,-1,5,7,3,-1,0,0,0,0,0,0,1,1,-1,9,1,58,9,-1,-1,-1,-1,5,E01029305,0,4
2025552500635,2025,552500635,1,19,0,-1,9,4,1,-1,0,8,0,0,0,0,4,1,-1,6,1,38,7,-1,-1,-1,-1,1,E01015307,0,1
2025552500635,2025,552500635,2,9,0,-1,19,8,4,-1,0,8,0,0,0,0,1,1,-1,9,1,26,6,-1,-1,-1,-1,9,E01015323,0,1
2025552500636,2025,552500636,2,3,0,-1,19,6,2,-1,0,8,0,0,0,0,4,1,-1,9,1,35,6,-1,-1,-1,-1,7,E01015376,0,1
2025552500636,2025,552500636,1,9,0,-1,19,8,4,-1,0,4,0,0,0,0,1,1,-1,2,2,26,6,-1,-1,-1,-1,1,E01034275,0,1
2025552500638,2025,552500638,2,9,0,-1,19,5,1,-1,0,0,0,0,0,0,1,1,-1,9,1,81,11,-1,-1,-1,-1,9,E01020385,0,1
2025552500638,2025,552500638,1,9,0,-1,19,1,5,-1,0,0,0,0,0,0,1,1,-1,6,1,27,6,-1,-1,-1,-1,7,E01015424,0,2
2025552500639,2025,552500639,1,9,0,-1,13,5,1,-1,0,0,0,0,0,0,4,1,-1,6,3,-1,-1,-1,-1,-1,-1,-1,-1,0,-1
2025552500639,2025,552500639,2,1,0,-1,19,5,1,-1,0,0,0,0,0,0,3,1,-1,2,1,21,5,-1,-1,-1,-1,3,E01015449,0,1
2025552500640,2025,552500640,1,9,0,-1,1,6,2,-1,0,0,0,0,0,0,2,1,-1,2,2,62,9,-1,-1,-1,-1,10,E01015396,0,1
2025552500641,2025,552500641,1,9,0,-1,19,2,6,-1,0,0,0,0,0,0,1,1,-1,9,1,53,8,-1,-1,-1,-1,9,E01015566,0,5
2025552500643,2025,552500643,3,1,0,-1,19,3,7,-1,0,8,0,0,0,0,3,1,-1,9,1,47,8,-1,-1,-1,-1,7,E01020365,0,1
2025552500643,2025,552500643,2,1,0,-1,19,3,7,-1,0,8,0,0,0,0,3,1,-1,9,1,38,7,-1,-1,-1,-1,8,E01015453,0,3
2025552500643,2025,552500643,1,9,0,-1,9,7,5,-1,0,8,0,0,0,0,1,1,-1,9,1,88,11,-1,-1,-1,-1,10,E01020362,0,1
2025552500644,2025,552500644,1,21,0,-1,19,4,2,-1,0,8,5,0,1,4,4,1,-1,1,1,33,6,-1,-1,-1,-1,8,E01023050,0,4
2025552500645,2025,552500645,1,5,0,-1,9,8,6,-1,0,8,0,0,0,0,4,1,-1,2,1,29,6,-1,-1,-1,-1,8,E01020349,0,4
2025552500645,2025,552500645,2,9,0,-1,19,4,8,-1,0,8,0,0,0,0,1,1,-1,6,1,26,6,-1,-1,-1,-1,7,E01015368,0,4
2025552500646,2025,552500646,2,9,0,-1,19,4,8,-1,0,0,0,0,0,0,1,1,-1,9,2,77,11,-1,-1,-1,-1,7,E01020477,0,2
2025552500646,2025,552500646,1,9,0,-1,19,8,4,-1,0,0,5,0,0,0,1,1,-1,9,1,17,4,-1,-1,-1,-1,7,E01020475,0,1
2025552500647,2025,552500647,2,19,9,-1,2,0,0,-1,0,0,0,0,0,0,2,9,-1,6,3,-1,-1,-1,-1,-1,-1,-1,-1,0,-1
2025552500647,2025,552500647,1,9,9,-1,19,3,7,-1,0,0,1,0,0,0,4,9,-1,6,1,19,4,-1,-1,-1,-1,8,E01015314,0,1
2025552500648,2025,552500648,1,9,0,-1,7,5,7,-1,0,8,0,0,0,0,1,1,-1,2,1,35,6,-1,-1,-1,-1,7,E01015414,0,1
2025552500648,2025,552500648,2,9,0,-1,19,3,7,-1,0,8,0,0,0,0,3,1,-1,9,2,34,6,-1,-1,-1,-1,4,E01015409,0,1
2025552500650,2025,552500650,3,9,0,-1,3,2,6,-1,0,0,0,0,0,0,2,1,-1,6,2,30,6,-1,-1,-1,-1,1,E01017154,0,4
2025552500650,2025,552500650,1,9,0,-1,19,2,6,-1,0,0,0,0,0,0,1,1,-1,9,1,19,4,-1,-1,-1,-1,6,E01020510,0,4
2025552500650,2025,552500650,2,9,0,-1,3,2,6,-1,0,0,0,0,0,0,2,1,-1,2,2,20,4,-1,-1,-1,-1,4,E01020571,0,4
2025552500651,2025,552500651,1,5,0,-1,19,8,4,-1,0,5,1,7,3,10,1,1,-1,6,1,23,5,-1,-1,-1,-1,-1,-1,0,-1
2025552500652,2025,552500652,1,9,0,-1,19,2,6,-1,0,0,0,0,0,0,1,1,-1,9,1,58,9,-1,-1,-1,-1,5,E01020562,0,2
2025552500652,2025,552500652,2,9,0,-1,19,6,2,-1,0,0,1,0,0,0,1,1,-1,6,2,74,10,-1,-1,-1,-1,2,E01020573,0,1
2025552500652,2025,552500652,3,9,0,-1,19,6,2,-1,0,0,0,0,0,0,2,1,-1,9,1,46,8,-1,-1,-1,-1,7,E01020514,0,1
2025552500653,2025,552500653,1,9,0,-1,19,3,7,-1,0,0,0,12,0,0,1,1,-1,9,2,73,10,-1,-1,-1,-1,7,E01020579,0,3
2025552500654,2025,552500654,1,9,0,-1,19,2,6,-1,0,0,1,0,7,3,1,1,-1,9,1,24,5,-1,-1,-1,-1,6,E01020467,0,4
2025552500654,2025,552500654,2,9,0,-1,19,6,2,-1,0,0,0,0,0,0,1,1,-1,9,1,63,9,-1,-1,-1,-1,7,E01020428,0,3
2025552500657,2025,552500657,1,5,0,-1,19,8,4,-1,0,0,0,10,1,11,1,1,-1,9,1,29,6,-1,-1,-1,-1,1,E01034276,0,2
2025552500658,2025,552500658,1,19,0,-1,19,8,4,-1,0,1,0,0,0,0,1,1,-1,9,1,24,5,-1,-1,-1,-1,6,E01015383,0,4
2025552500658,2025,552500658,2,9,0,-1,3,8,4,-1,0,1,0,0,0,0,2,1,-1,9,2,47,8,-1,-1,-1,-1,9,E01033158,0,1
2025552500658,2025,552500658,3,9,0,-1,10,8,6,-1,0,5,0,0,0,0,2,1,-1,9,2,62,9,-1,-1,-1,-1,9,E01020450,0,2
2025552500659,2025,552500659,1,9,0,-1,9,6,5,-1,0,5,0,0,0,0,1,1,-1,9,2,25,5,-1,-1,-1,-1,4,E01032645,0,3
2025552500659,2025,552500659,2,5,0,-1,19,2,6,-1,0,8,0,0,0,0,3,1,-1,9,1,64,9,-1,-1,-1,-1,2,E01015362,0,4
2025552500660,2025,552500660,1,19,0,-1,19,6,2,-1,0,5,0,0,0,0,4,1,-1,6,1,42,7,-1,-1,-1,-1,4,E01034277,0,1
2025552500660,2025,552500660,2,3,0,-1,19,8,4,-1,0,8,0,0,0,0,1,1,-1,2,1,22,5,-1,-1,-1,-1,4,E01009313,0,5
2025552500661,2025,552500661,1,9,0,-1,19,4,8,-1,0,0,5,0,1,10,1,1,-1,9,1,21,5,-1,-1,-1,-1,10,E01019909,0,4
2025552500662,2025,552500662,1,9,0,-1,9,2,8,-1,4,5,0,0,0,0,1,1,-1,6,3,-1,-1,-1,-1,-1,-1,-1,-1,0,-1
2025552500662,2025,552500662,2,1,0,-1,19,6,2,-1,4,8,0,0,0,0,3,1,-1,9,1,15,3,-1,-1,-1,-1,2,E01015273,0,1
2025552500663,2025,552500663,1,9,0,-1,19,5,1,-1,0,0,0,0,0,0,1,1,-1,6,1,21,5,-1,-1,-1,-1,5,E01020443,0,3
2025552500663,2025,552500663,2,9,0,-1,19,1,5,-1,0,0,0,0,0,0,1,1,-1,2,1,64,9,-1,-1,-1,-1,8,E01020458,0,1
2025552500665,2025,552500665,1,9,0,-1,19,2,6,-1,0,0,0,0,0,0,4,9,-1,6,3,-1,-1,-1,-1,-1,-1,-1,-1,0,-1
2025552500666,2025,552500666,1,9,0,-1,19,6,2,-1,0,0,0,0,0,0,1,1,-1,9,1,50,8,-1,-1,-1,-1,7,E01015454,0,3
2025552500666,2025,552500666,2,9,0,-1,4,6,2,-1,0,0,0,0,1,7,2,1,-1,9,1,77,11,-1,-1,-1,-1,8,E01015272,0,1
2025552500666,2025,552500666,3,9,0,-1,4,6,2,-1,0,0,0,0,0,0,2,1,-1,9,1,75,10,-1,-1,-1,-1,10,E01020366,0,1
2025552500667,2025,552500667,2,5,0,-1,19,8,4,-1,0,8,0,0,0,0,1,1,-1,9,1,46,8,-1,-1,-1,-1,10,E01022994,0,2
2025552500667,2025,552500667,1,9,0,-1,7,2,4,-1,0,6,0,0,0,0,3,1,-1,9,2,85,11,-1,-1,-1,-1,1,E01015279,0,1
2025552500668,2025,552500668,1,9,0,-1,19,4,8,-1,0,8,0,0,0,0,1,1,-1,6,1,50,8,-1,-1,-1,-1,5,E01015274,0,1
2025552500668,2025,552500668,2,2,0,-1,19,6,2,-1,9,8,0,0,0,0,3,1,-1,6,1,57,9,-1,-1,-1,-1,5,E01015365,0,1
2025552500669,2025,552500669,1,9,0,-1,19,6,4,-1,0,0,0,0,0,0,1,1,-1,6,1,30,6,-1,-1,-1,-1,1,E01009512,0,5
2025552500670,2025,552500670,2,2,0,-1,13,7,3,-1,0,0,0,0,0,0,3,1,-1,2,1,16,4,-1,-1,-1,-1,5,E01020469,0,2
2025552500670,2025,552500670,1,9,0,-1,6,7,7,-1,0,0,0,0,0,0,3,1,-1,6,1,74,10,-1,-1,-1,-1,5,E01015380,0,1
2025552500671,2025,552500671,2,1,0,-1,19,4,8,-1,0,0,0,0,0,0,2,1,-1,9,1,12,3,-1,-1,-1,-1,7,E01020514,0,1
2025552500671,2025,552500671,1,9,0,-1,19,4,8,-1,0,0,0,0,0,0,1,1,-1,6,3,-1,-1,-1,-1,-1,-1,-1,-1,0,-1
2025552500672,2025,552500672,1,19,0,-1,19,6,2,-1,0,0,0,0,0,0,1,1,-1,1,1,29,6,-1,-1,-1,-1,7,E01015407,0,2
2025552500673,2025,552500673,1,8,0,-1,19,1,5,-1,0,1,0,0,0,0,1,1,-1,1,1,19,4,-1,-1,-1,-1,2,E01015293,0,1
2025552500674,2025,552500674,2,9,0,-1,19,4,8,-1,0,8,0,0,0,0,1,1,-1,9,2,52,8,-1,-1,-1,-1,7,E01015391,0,1
2025552500674,2025,552500674,1,9,0,-1,9,5,4,-1,0,8,0,0,0,0,3,1,-1,9,2,36,7,-1,-1,-1,-1,3,E01015442,0,1
2025552500675,2025,552500675,1,19,0,-1,5,7,5,-1,0,8,0,0,0,0,1,1,-1,2,1,70,10,-1,-1,-1,-1,7,E01015450,0,1
2025552500675,2025,552500675,2,3,0,-1,19,1,5,-1,0,8,0,0,0,0,3,1,-1,9,1,18,4,-1,-1,-1,-1,10,E01020380,0,2
2025552500676,2025,552500676,1,9,0,-1,19,6,2,-1,0,8,0,0,0,0,1,1,-1,6,2,38,7,-1,-1,-1,-1,5,E01029167,0,4
2025552500676,2025,552500676,2,4,0,-1,3,6,2,-1,0,8,0,0,0,0,2,1,-1,6,1,70,10,-1,-1,-1,-1,4,E01015409,0,1
2025552500677,2025,552500677,1,5,0,-1,19,2,6,-1,0,0,0,10,1,10,1,1,-1,2,1,34,6,-1,-1,-1,-1,7,E01020465,0,3
2025552500678,2025,552500678,2,9,0,-1,19,2,6,-1,0,0,0,0,0,0,3,1,-1,6,1,24,5,-1,-1,-1,-1,9,E01020384,0,1
2025552500678,2025,552500678,1,9,0,-1,19,6,2,-1,0,0,0,0,7,4,1,1,-1,6,2,51,8,-1,-1,-1,-1,5,E01015331,0,3
2025552500678,2025,552500678,3,9,0,-1,19,6,2,-1,0,0,0,0,1,0,1,1,-1,6,1,20,4,-1,-1,-1,-1,9,E01020384,0,1
2025552500679,2025,552500679,1,9,0,-1,19,4,8,-1,0,0,5,0,7,7,1,1,-1,9,1,72,10,-1,-1,-1,-1,4,E01020053,0,4
2025552500681,2025,552500681,1,9,0,-1,19,7,3,-1,0,0,0,0,0,0,1,1,-1,9,1,27,6,-1,-1,-1,-1,9,E01020372,0,2
2025552500682,2025,552500682,1,3,0,-1,19,6,2,-1,0,0,1,10,0,0,1,1,-1,6,1,15,3,-1,-1,-1,-1,1,E01015309,0,1
2025552500685,2025,552500685,1,9,0,-1,19,4,8,-1,0,8,0,0,0,0,3,1,-1,6,3,-1,-1,-1,-1,-1,-1,-1,-1,0,-1
2025552500685,2025,552500685,2,9,0,-1,2,0,0,-1,0,2,0,0,0,0,0,1,-1,9,3,-1,-1,-1,-1,-1,-1,-1,-1,0,-1
2025552500686,2025,552500686,3,9,0,-1,3,8,4,-1,0,8,0,0,0,0,1,1,-1,6,1,79,11,-1,-1,-1,-1,5,E01015427,0,1
2025552500686,2025,552500686,2,9,0,-1,19,4,8,-1,0,8,0,0,0,0,1,1,-1,6,1,55,8,-1,-1,-1,-1,7,E01015424,0,1
2025552500686,2025,552500686,1,9,0,-1,9,8,7,-1,0,5,0,0,0,0,3,1,-1,6,2,24,5,-1,-1,-1,-1,3,E01015426,0,1
2025552500687,2025,552500687,2,9,0,-1,4,8,4,-1,0,0,0,0,0,0,2,1,-1,9,1,74,10,-1,-1,-1,-1,7,E01024236,0,5
2025552500687,2025,552500687,1,19,0,-1,19,8,4,-1,0,0,0,0,0,0,1,1,-1,2,1,51,8,-1,-1,-1,-1,8,E01015378,0,1
2025552500687,2025,552500687,3,9,0,-1,3,8,4,-1,0,0,0,0,0,0,2,1,-1,9,1,73,10,-1,-1,-1,-1,2,E01015341,0,2
2025552500688,2025,552500688,2,19,0,-1,5,2,6,-1,0,8,0,0,0,0,1,1,-1,1,1,46,8,-1,-1,-1,-1,1,E01015281,0,1
2025552500688,2025,552500688,1,9,0,-1,19,6,2,-1,0,8,0,0,0,0,1,1,-1,6,2,49,8,-1,-1,-1,-1,2,E01015273,0,1
2025552500689,2025,552500689,1,9,0,-1,19,5,1,-1,0,4,0,0,0,0,1,1,-1,9,3,-1,-1,-1,-1,-1,-1,-1,-1,0,-1
2025552500689,2025,552500689,2,1,0,-1,19,3,7,-1,0,8,0,0,0,0,4,1,-1,6,2,40,7,-1,-1,-1,-1,6,E01020354,0,1
2025552500691,2025,552500691,1,9,0,-1,19,5,1,-1,0,8,0,0,0,0,1,1,-1,6,1,61,9,-1,-1,-1,-1,9,E01015406,0,1
2025552500691,2025,552500691,2,9,0,-1,19,1,5,-1,0,8,0,0,0,0,1,1,-1,6,2,73,10,-1,-1,-1,-1,4,E01015328,0,1
2025552500692,2025,552500692,1,9,0,-1,7,2,4,-1,0,6,0,0,0,0,3,1,-1,6,1,23,5,-1,-1,-1,-1,10,E01020386,0,2
2025552500692,2025,552500692,2,9,0,-1,19,8,4,-1,0,8,0,0,0,0,1,1,-1,6,2,20,4,-1,-1,-1,-1,3,E01015357,0,1
2025552500693,2025,552500693,2,1,0,-1,19,2,6,-1,0,8,0,0,0,0,4,1,-1,6,1,30,6,-1,-1,-1,-1,5,E01015417,0,1
2025552500693,2025,552500693,1,19,0,-1,9,3,2,-1,0,8,0,0,0,0,1,1,-1,6,3,-1,-1,-1,-1,-1,-1,-1,-1,0,-1
2025552500694,2025,552500694,2,1,0,-1,19,4,8,-1,5,8,0,0,9,0,3,1,-1,2,1,76,11,-1,-1,-1,-1,-1,-1,0,-1
2025552500694,2025,552500694,1,9,0,-1,19,3,7,-1,5,6,0,0,0,0,1,1,-1,6,3,-1,-1,-1,-1,-1,-1,-1,-1,0,-1
2025552500695,2025,552500695,2,9,0,-1,3,6,2,-1,0,0,0,0,0,0,2,1,-1,9,1,61,9,-1,-1,-1,-1,8,E01029206,0,1
2025552500695,2025,552500695,1,9,0,-1,19,6,2,-1,0,0,0,0,0,0,1,1,-1,2,2,19,4,-1,-1,-1,-1,8,E01029206,0,1
2025552500696,2025,552500696,1,9,0,-1,19,4,8,-1,0,0,0,0,0,0,1,1,-1,9,1,18,4,-1,-1,-1,-1,5,E01034377,0,1
2025552500696,2025,552500696,2,9,0,-1,19,8,4,-1,0,0,0,0,0,0,1,1,-1,9,1,68,10,-1,-1,-1,-1,9,E01020384,0,4
2025552500698,2025,552500698,1,1,0,-1,9,6,4,-1,0,6,0,0,0,0,3,1,-1,6,1,58,9,-1,-1,-1,-1,3,E01015306,0,1
2025552500698,2025,552500698,2,9,0,-1,19,4,8,-1,0,8,0,0,0,0,1,1,-1,6,1,32,6,-1,-1,-1,-1,4,E01015382,0,1
2025552500699,2025,552500699,1,9,0,-1,7,2,4,-1,0,4,0,0,0,0,1,1,-1,9,1,19,4,-1,-1,-1,-1,10,E01027283,0,5
2025552500699,2025,552500699,2,5,0,-1,19,8,4,-1,0,8,0,0,0,0,4,1,-1,9,2,68,10,-1,-1,-1,-1,1,E01014584,0,4
2025552500700,2025,552500700,2,1,0,-1,7,6,1,-1,0,8,0,0,0,0,4,1,-1,2,1,22,5,-1,-1,-1,-1,7,E01015454,0,1
2025552500700,2025,552500700,1,19,0,-1,19,8,4,-1,0,8,0,0,0,0,1,1,-1,6,3,-1,-1,-1,-1,-1,-1,-1,-1,0,-1
2025552500701,2025,552500701,1,9,0,-1,19,4,8,-1,0,0,2,0,1,4,1,1,-1,9,1,34,6,-1,-1,-1,-1,9,E01020400,0,3
2025552500702,2025,552500702,1,9,0,-1,19,6,2,-1,0,0,0,0,0,0,4,1,-1,6,3,-1,-1,-1,-1,-1,-1,-1,-1,0,-1
2025552500703,2025,552500703,3,5,0,-1,19,2,6,-1,0,8,0,0,0,0,3,1,-1,9,1,35,6,-1,-1,-1,-1,4,E01020488,0,3
2025552500703,2025,552500703,2,9,0,-1,19,2,6,-1,0,8,0,0,0,0,3,1,-1,9,2,30,6,-1,-1,-1,-1,2,E01020563,0,3
2025552500703,2025,552500703,1,9,0,-1,9,6,5,-1,0,5,0,0,0,0,1,1,-1,9,1,26,6,-1,-1,-1,-1,4,E01020489,0,2
2025552500704,2025,552500704,1,9,4,-1,12,4,1,-1,0,3,0,0,0,0,2,1,-1,9,1,70,10,-1,-1,-1,-1,5,E01032188,0,5
2025552500704,2025,552500704,2,5,0,-1,9,4,1,-1,0,3,0,0,0,0,4,1,-1,9,2,35,6,-1,-1,-1,-1,2,E01015304,0,3
2025552500705,2025,552500705,1,9,0,-1,5,3,7,-1,9,0,0,0,0,0,1,1,-1,6,3,-1,-1,-1,-1,-1,-1,-1,-1,0,-1
2025552500706,2025,552500706,2,19,0,-1,10,6,4,-1,0,5,0,0,0,0,3,1,-1,9,1,26,6,-1,-1,-1,-1,5,E01021790,0,5
2025552500706,2025,552500706,1,9,0,-1,13,6,2,-1,0,8,0,0,0,0,1,1,-1,9,1,36,7,-1,-1,-1,-1,5,E01023061,0,3
2025552500708,2025,552500708,2,1,0,-1,19,6,2,-1,0,0,0,0,0,0,3,1,-1,9,1,13,3,-1,-1,-1,-1,5,E01020565,0,2
2025552500708,2025,552500708,3,9,0,-1,2,0,0,-1,0,0,0,0,0,0,2,1,-1,6,3,-1,-1,-1,-1,-1,-1,-1,-1,0,-1
2025552500708,2025,552500708,1,10,0,-1,19,6,2,-1,-1,0,0,4,7,0,3,1,-1,9,1,33,6,-1,-1,-1,-1,5,E01020577,0,1
2025552500709,2025,552500709,1,4,0,-1,19,7,3,-1,0,8,1,0,0,0,1,1,-1,9,2,68,10,-1,-1,-1,-1,10,E01023073,0,4
2025552500709,2025,552500709,2,4,0,-1,19,7,3,-1,0,8,0,0,0,0,2,1,-1,9,1,73,10,-1,-1,-1,-1,10,E01020383,0,4
2025552500710,2025,552500710,2,9,0,-1,2,0,0,-1,0,0,0,0,0,0,2,1,-1,6,1,27,6,-1,-1,-1,-1,5,E01015372,0,1
2025552500710,2025,552500710,1,9,0,-1,14,4,8,-1,0,0,0,4,0,0,1,1,-1,9,1,54,8,-1,-1,-1,-1,5,E01015372,0,1
2025552500711,2025,552500711,2,1,0,-1,3,2,6,-1,0,1,0,0,0,0,2,1,-1,1,1,29,6,-1,-1,-1,-1,2,E01015367,0,1
2025552500711,2025,552500711,1,9,0,-1,19,2,6,-1,0,1,0,0,0,0,1,1,-1,6,2,44,7,-1,-1,-1,-1,10,E01024631,0,5
2025552500713,2025,552500713,1,9,0,-1,5,6,2,-1,0,0,0,0,0,0,1,1,-1,9,1,83,11,-1,-1,-1,-1,8,E01015297,0,1
2025552500714,2025,552500714,2,1,0,-1,19,4,8,-1,4,8,0,0,0,0,3,1,-1,6,1,54,8,-1,-1,-1,-1,9,E01015463,0,1
2025552500714,2025,552500714,1,9,0,-1,9,8,6,-1,0,5,0,0,0,0,1,1,-1,6,2,35,6,-1,-1,-1,-1,9,E01015403,0,1
2025552500715,2025,552500715,2,9,0,-1,9,5,2,-1,0,8,0,0,0,0,1,1,-1,9,2,57,9,-1,-1,-1,-1,3,E01020556,0,1
2025552500715,2025,552500715,1,9,0,-1,19,2,6,-1,0,8,0,0,0,0,1,1,-1,6,3,-1,-1,-1,-1,-1,-1,-1,-1,0,-1
2025552500716,2025,552500716,1,9,0,-1,19,4,8,-1,0,0,0,0,0,0,1,1,-1,6,3,-1,-1,-1,-1,-1,-1,-1,-1,0,-1
2025552500716,2025,552500716,2,2,0,-1,10,4,8,-1,0,0,0,0,0,0,2,1,-1,2,1,17,4,-1,-1,-1,-1,5,E01020577,0,1
2025552500717,2025,552500717,1,9,0,-1,19,8,4,-1,0,8,0,0,0,0,1,1,-1,2,1,19,4,-1,-1,-1,-1,4,E01034271,0,1
2025552500717,2025,552500717,2,1,0,-1,19,6,2,-1,0,8,0,0,0,0,4,1,-1,2,1,26,6,-1,-1,-1,-1,5,E01015435,0,2
2025552500718,2025,552500718,1,20,4,-1,19,8,4,-1,0,0,0,0,0,0,1,1,-1,1,1,24,5,-1,-1,-1,-1,10,E01029308,0,4
2025552500718,2025,552500718,3,19,0,-1,3,8,4,-1,0,0,0,0,0,0,2,1,-1,1,1,29,6,-1,-1,-1,-1,4,E01020589,0,4