collision_index,collision_year,collision_ref_no,vehicle_reference,vehicle_type,towing_and_articulation,vehicle_manoeuvre_historic,vehicle_manoeuvre,vehicle_direction_from,vehicle_direction_to,vehicle_location_restricted_lane_historic,vehicle_location_restricted_lane,junction_location,skidding_and_overturning,hit_object_in_carriageway,vehicle_leaving_carriageway,hit_object_off_carriageway,first_point_of_impact,vehicle_left_hand_drive,journey_purpose_of_driver_historic,journey_purpose_of_driver,sex_of_driver,age_of_driver,age_band_of_driver,engine_capacity_cc,propulsion_code,age_of_vehicle,generic_make_model,driver_imd_decile,lsoa_of_driver,escooter_flag,driver_distance_banding
2025552500718,2025,552500718,2,20,4,-1,4,8,4,-1,0,0,0,0,0,0,2,1,-1,1,1,34,6,-1,-1,-1,-1,5,E01020528,0,4
2025552500719,2025,552500719,1,9,0,-1,19,2,6,-1,0,6,0,0,0,0,1,1,-1,9,2,88,11,-1,-1,-1,-1,9,E01015360,0,1
2025552500719,2025,552500719,2,9,0,-1,19,4,8,-1,0,8,0,0,7,11,3,2,-1,9,1,21,5,-1,-1,-1,-1,5,E01015358,0,1
2025552500725,2025,552500725,2,9,0,-1,19,6,2,-1,0,8,0,0,0,0,1,1,-1,6,3,-1,-1,-1,-1,-1,-1,-1,-1,0,-1
2025552500725,2025,552500725,1,9,0,-1,7,6,8,-1,0,8,0,0,0,0,4,1,-1,9,1,33,6,-1,-1,-1,-1,5,E01015372,0,1
2025552500727,2025,552500727,2,9,0,-1,19,2,6,-1,0,0,0,0,0,0,4,1,-1,6,1,23,5,-1,-1,-1,-1,9,E01023064,0,3
2025552500727,2025,552500727,1,9,0,-1,12,2,6,-1,0,0,0,0,0,0,3,1,-1,6,1,45,7,-1,-1,-1,-1,6,E01020398,0,3
2025552500728,2025,552500728,2,9,0,-1,4,6,2,-1,0,0,0,99,0,0,2,1,-1,9,2,22,5,-1,-1,-1,-1,8,E01015453,0,1
2025552500728,2025,552500728,1,9,0,-1,19,6,2,-1,0,0,0,0,0,0,1,1,-1,6,2,22,5,-1,-1,-1,-1,8,E01015453,0,1
2025552500729,2025,552500729,1,9,0,-1,7,1,2,-1,0,6,0,0,0,0,1,1,-1,9,1,35,6,-1,-1,-1,-1,7,E01015436,0,1
2025552500729,2025,552500729,2,3,0,-1,19,6,2,-1,0,8,0,0,0,0,4,1,-1,6,1,48,8,-1,-1,-1,-1,5,E01015417,0,1
2025552500730,2025,552500730,1,20,1,-1,19,8,4,-1,0,1,0,0,0,0,1,1,-1,1,1,57,9,-1,-1,-1,-1,6,E01020510,0,3
2025552500730,2025,552500730,2,9,0,-1,3,8,4,-1,0,1,0,0,0,0,2,1,-1,9,1,61,9,-1,-1,-1,-1,9,E01023016,0,4
2025552500731,2025,552500731,1,9,0,-1,19,8,4,-1,0,0,0,0,0,0,1,1,-1,9,2,32,6,-1,-1,-1,-1,-1,-1,0,-1
2025552500731,2025,552500731,2,4,0,-1,19,4,8,-1,9,0,0,0,1,9,1,1,-1,9,1,49,8,-1,-1,-1,-1,4,E01020536,0,3
2025552500735,2025,552500735,1,9,0,-1,19,2,6,-1,0,0,0,0,0,0,3,1,-1,6,1,25,5,-1,-1,-1,-1,3,E01015359,0,2
2025552500735,2025,552500735,2,9,0,-1,19,6,2,-1,0,0,0,0,0,0,3,1,-1,2,1,33,6,-1,-1,-1,-1,3,E01015294,0,1
2025552500737,2025,552500737,1,9,0,-1,19,4,8,-1,0,0,0,0,0,0,1,1,-1,6,2,64,9,-1,-1,-1,-1,10,E01020383,0,2
2025552500738,2025,552500738,1,9,9,-1,5,3,7,-1,0,0,0,0,0,0,1,1,-1,6,3,-1,-1,-1,-1,-1,-1,-1,-1,0,-1
2025552500739,2025,552500739,2,9,0,-1,4,8,4,-1,0,0,0,0,0,0,2,1,-1,9,1,56,9,-1,-1,-1,-1,6,E01015361,0,1
2025552500739,2025,552500739,1,19,0,-1,19,8,4,-1,0,0,0,0,0,0,1,1,-1,1,1,60,9,-1,-1,-1,-1,4,E01015443,0,2
2025552500741,2025,552500741,2,-1,0,-1,9,8,6,-1,0,8,0,0,0,0,1,1,-1,2,1,17,4,-1,-1,-1,-1,5,E01015461,0,1
2025552500741,2025,552500741,1,9,0,-1,9,2,8,-1,0,8,0,0,0,0,1,1,-1,2,1,43,7,-1,-1,-1,-1,6,E01015440,0,1
2025552500743,2025,552500743,1,5,0,-1,9,1,7,-1,0,8,0,0,0,0,3,1,-1,9,1,61,9,-1,-1,-1,-1,7,E01014712,0,4
2025552500743,2025,552500743,2,5,0,-1,19,1,5,-1,0,8,0,0,0,0,1,1,-1,9,1,60,9,-1,-1,-1,-1,6,W01001906,0,5
2025552500744,2025,552500744,1,9,0,-1,19,7,3,-1,0,0,0,0,0,0,4,1,-1,9,2,69,10,-1,-1,-1,-1,6,E01020484,0,1
2025552500748,2025,552500748,5,9,0,-1,2,0,0,-1,0,0,0,0,0,0,2,1,-1,6,3,-1,-1,-1,-1,-1,-1,-1,-1,0,-1
2025552500748,2025,552500748,1,9,0,-1,19,8,4,-1,0,0,0,4,0,0,1,1,-1,6,2,37,7,-1,-1,-1,-1,2,E01015367,0,1
2025552500748,2025,552500748,4,9,0,-1,2,0,0,-1,0,0,0,0,0,0,2,1,-1,6,3,-1,-1,-1,-1,-1,-1,-1,-1,0,-1
2025552500748,2025,552500748,2,3,0,-1,19,4,8,-1,0,0,0,0,0,0,1,1,-1,1,1,39,7,-1,-1,-1,-1,2,E01015367,0,1
2025552500748,2025,552500748,3,19,0,-1,2,0,0,-1,0,0,0,0,0,0,3,1,-1,6,3,-1,-1,-1,-1,-1,-1,-1,-1,0,-1
2025552500749,2025,552500749,2,17,4,-1,9,3,1,-1,0,5,0,0,0,0,3,1,-1,1,1,26,6,-1,-1,-1,-1,8,E01020491,0,1
2025552500749,2025,552500749,1,5,0,-1,13,3,7,-1,0,8,0,0,0,0,1,1,-1,1,1,55,8,-1,-1,-1,-1,9,E01020557,0,3
2025552500750,2025,552500750,1,5,0,-1,19,8,4,-1,0,0,1,0,1,9,0,1,-1,6,1,19,4,-1,-1,-1,-1,6,E01020453,0,1
2025552500752,2025,552500752,1,9,0,-1,19,6,2,-1,0,0,0,0,0,0,1,1,-1,9,1,46,8,-1,-1,-1,-1,6,E01020448,0,2
2025552500752,2025,552500752,2,9,0,-1,19,2,6,-1,0,0,0,0,0,0,1,1,-1,9,1,72,10,-1,-1,-1,-1,6,E01020439,0,3
2025552500753,2025,552500753,1,21,1,-1,9,3,1,-1,0,8,0,0,0,0,1,1,-1,1,1,62,9,-1,-1,-1,-1,9,E01015323,0,1
2025552500753,2025,552500753,2,1,0,-1,19,7,3,-1,0,8,0,0,0,0,3,1,-1,9,2,69,10,-1,-1,-1,-1,4,E01020394,0,1
2025552500754,2025,552500754,1,99,0,-1,19,7,3,-1,0,0,0,0,0,0,1,1,-1,6,3,-1,-1,-1,-1,-1,-1,-1,-1,0,-1
2025552500758,2025,552500758,1,9,0,-1,19,4,8,-1,0,0,5,0,1,1,1,1,-1,9,2,65,9,-1,-1,-1,-1,6,E01020440,0,4
2025552500762,2025,552500762,1,9,0,-1,19,5,1,-1,0,0,5,0,1,10,4,1,-1,9,1,83,11,-1,-1,-1,-1,7,E01020509,0,3
2025552500766,2025,552500766,3,9,0,-1,10,8,5,-1,0,1,0,0,0,0,2,1,-1,9,1,55,8,-1,-1,-1,-1,-1,-1,0,-1
2025552500766,2025,552500766,2,9,0,-1,3,8,4,-1,0,1,0,0,0,0,2,1,-1,2,2,56,9,-1,-1,-1,-1,8,E01015351,0,1
2025552500766,2025,552500766,1,19,0,-1,19,8,4,-1,0,1,0,0,0,0,1,1,-1,1,1,63,9,-1,-1,-1,-1,-1,-1,0,-1
2025552500767,2025,552500767,1,9,9,-1,1,8,4,-1,0,8,0,0,0,0,2,1,-1,6,1,32,6,-1,-1,-1,-1,-1,-1,0,-1
2025552500767,2025,552500767,2,3,0,-1,4,6,2,-1,0,8,0,0,0,0,4,1,-1,6,1,34,6,-1,-1,-1,-1,6,E01033288,0,1
2025552500768,2025,552500768,1,9,0,-1,19,6,2,-1,0,0,0,0,0,0,1,1,-1,6,3,-1,-1,-1,-1,-1,-1,-1,-1,0,-1
2025552500768,2025,552500768,2,1,0,-1,4,6,2,-1,0,0,0,0,0,0,2,1,-1,6,1,34,6,-1,-1,-1,-1,9,E01015350,0,1
2025552500771,2025,552500771,1,9,0,-1,19,6,2,-1,0,0,0,0,0,0,1,1,-1,2,1,42,7,-1,-1,-1,-1,2,E01015290,0,1
2025552500771,2025,552500771,2,20,0,-1,2,0,0,-1,0,0,0,0,0,0,2,1,-1,1,3,-1,-1,-1,-1,-1,-1,-1,-1,0,-1
2025552500772,2025,552500772,2,5,0,-1,19,6,2,-1,0,0,0,0,0,0,3,1,-1,6,1,63,9,-1,-1,-1,-1,9,E01020558,0,1
2025552500772,2025,552500772,1,20,0,-1,13,6,2,-1,0,0,0,0,0,0,4,1,-1,1,1,34,6,-1,-1,-1,-1,5,E01020565,0,3
2025552500773,2025,552500773,1,9,0,-1,19,6,2,-1,0,8,5,0,3,1,1,1,-1,6,1,61,9,-1,-1,-1,-1,6,E01015460,0,2
2025552500777,2025,552500777,3,19,0,-1,3,5,1,-1,0,8,0,0,0,0,3,1,-1,6,1,39,7,-1,-1,-1,-1,7,E01015436,0,1
2025552500777,2025,552500777,2,9,0,-1,19,3,7,-1,0,8,0,0,0,0,1,1,-1,6,1,19,4,-1,-1,-1,-1,7,E01015428,0,2
2025552500777,2025,552500777,1,9,0,-1,5,1,5,-1,0,8,0,0,0,0,4,1,-1,6,2,17,4,-1,-1,-1,-1,3,E01015381,0,1
2025552500778,2025,552500778,1,17,4,-1,19,7,3,-1,0,0,0,0,0,0,0,1,-1,1,1,47,8,-1,-1,-1,-1,4,E01020460,0,1
2025552500778,2025,552500778,2,9,0,-1,19,7,3,-1,0,0,0,0,0,0,1,1,-1,9,2,53,8,-1,-1,-1,-1,4,E01020460,0,1
2025552500779,2025,552500779,1,9,0,-1,7,2,4,-1,0,5,0,0,0,0,1,1,-1,6,1,59,9,-1,-1,-1,-1,6,E01015318,0,1
2025552500785,2025,552500785,2,9,0,-1,19,5,1,-1,0,0,0,0,0,0,1,1,-1,9,2,38,7,-1,-1,-1,-1,4,E01015382,0,1
2025552500785,2025,552500785,1,1,0,-1,19,7,3,-1,0,0,0,0,0,0,3,1,-1,9,1,9,2,-1,-1,-1,-1,5,E01015301,0,1
2025552500787,2025,552500787,2,1,0,-1,19,6,2,-1,0,0,0,0,0,0,3,1,-1,7,1,13,3,-1,-1,-1,-1,3,E01015292,0,1
2025552500787,2025,552500787,1,9,0,-1,5,4,8,-1,0,0,0,0,0,0,1,1,-1,6,2,44,7,-1,-1,-1,-1,4,E01015409,0,2
2025552500790,2025,552500790,2,1,0,-1,19,4,6,-1,0,8,0,0,0,0,1,1,-1,9,1,53,8,-1,-1,-1,-1,6,E01020508,0,2
2025552500790,2025,552500790,1,9,0,-1,9,4,1,-1,0,5,0,0,0,0,3,9,-1,6,1,33,6,-1,-1,-1,-1,7,E01029212,0,3
2025552500795,2025,552500795,1,9,9,-1,7,2,4,-1,0,5,0,0,0,0,1,9,-1,6,3,-1,-1,-1,-1,-1,-1,-1,-1,0,-1
2025552500800,2025,552500800,1,9,0,-1,19,6,2,-1,0,0,0,0,1,4,1,1,-1,6,1,55,8,-1,-1,-1,-1,8,E01015297,0,1
2025552500801,2025,552500801,1,9,0,-1,19,4,8,-1,0,0,0,0,0,0,1,1,-1,2,1,63,9,-1,-1,-1,-1,9,E01020544,0,4
2025552500801,2025,552500801,3,9,0,-1,19,8,4,-1,0,0,0,0,0,0,1,1,-1,9,1,49,8,-1,-1,-1,-1,2,E01014640,0,4
2025552500801,2025,552500801,2,9,0,-1,19,8,4,-1,0,0,0,0,0,0,1,1,-1,2,1,25,5,-1,-1,-1,-1,5,E01015444,0,3
2025552500804,2025,552500804,2,1,0,-1,19,8,4,-1,0,8,0,0,0,0,4,1,-1,9,2,57,9,-1,-1,-1,-1,8,E01020408,0,3
2025552500804,2025,552500804,1,9,0,-1,7,2,4,-1,0,6,0,0,0,0,1,1,-1,6,3,-1,-1,-1,-1,-1,-1,-1,-1,0,-1
2025552500806,2025,552500806,1,9,0,-1,9,6,5,-1,0,8,0,0,0,0,1,1,-1,2,2,53,8,-1,-1,-1,-1,4,E01020585,0,3
2025552500806,2025,552500806,2,1,0,-1,19,2,6,-1,0,8,0,0,0,0,3,1,-1,9,1,50,8,-1,-1,-1,-1,-1,-1,0,-1
2025552500808,2025,552500808,2,19,0,-1,3,7,3,-1,0,1,0,0,0,0,2,1,-1,6,3,-1,-1,-1,-1,-1,-1,-1,-1,0,-1
2025552500808,2025,552500808,1,5,0,-1,19,7,3,-1,0,8,0,0,0,0,1,1,-1,9,1,53,8,-1,-1,-1,-1,8,E01020491,0,1
2025552500811,2025,552500811,1,9,0,-1,19,6,2,-1,0,0,0,0,0,0,1,1,-1,6,3,-1,-1,-1,-1,-1,-1,-1,-1,0,-1
2025552500812,2025,552500812,2,19,0,-1,19,1,5,-1,0,0,0,0,0,0,3,1,-1,9,1,61,9,-1,-1,-1,-1,2,E01024699,0,5
2025552500812,2025,552500812,1,9,0,-1,19,5,1,-1,0,0,0,0,0,0,3,1,-1,9,1,43,7,-1,-1,-1,-1,2,E01029236,0,4
2025552500814,2025,552500814,1,9,0,-1,19,3,7,-1,0,6,0,0,0,0,1,1,-1,2,2,64,9,-1,-1,-1,-1,4,E01020581,0,1
2025552500814,2025,552500814,2,1,0,-1,19,2,6,-1,0,8,0,0,0,0,4,1,-1,2,2,52,8,-1,-1,-1,-1,9,E01020558,0,1
2025552500820,2025,552500820,1,9,0,-1,19,3,7,-1,0,0,0,0,7,4,2,1,-1,9,1,20,4,-1,-1,-1,-1,7,E01033482,0,5
2025552500824,2025,552500824,1,19,0,-1,19,4,8,-1,0,0,0,0,0,0,1,1,-1,6,1,59,9,-1,-1,-1,-1,10,E01020374,0,4
2025552500836,2025,552500836,2,9,0,-1,19,2,6,-1,0,8,0,0,0,0,1,1,-1,6,2,29,6,-1,-1,-1,-1,6,E01020541,0,1
2025552500836,2025,552500836,1,9,0,-1,9,4,2,-1,0,6,0,0,0,0,3,1,-1,9,2,41,7,-1,-1,-1,-1,8,E01034379,0,1
2025552500843,2025,552500843,1,9,0,-1,9,7,5,-1,0,8,0,0,0,0,4,1,-1,9,1,17,4,-1,-1,-1,-1,8,E01016190,0,5
2025552500843,2025,552500843,2,5,0,-1,19,3,7,-1,0,8,0,0,0,0,1,1,-1,9,1,25,5,-1,-1,-1,-1,10,E01028752,0,5
2025552500847,2025,552500847,2,1,0,-1,19,6,2,-1,4,8,0,0,0,0,1,1,-1,2,1,42,7,-1,-1,-1,-1,7,E01020428,0,1
2025552500847,2025,552500847,1,9,0,-1,9,2,1,-1,5,5,0,0,0,0,3,1,-1,6,1,50,8,-1,-1,-1,-1,4,E01020427,0,1
2025552500871,2025,552500871,2,-1,0,-1,19,2,6,-1,0,0,0,4,0,0,1,1,-1,6,1,41,7,-1,-1,-1,-1,6,E01034282,1,1
2025552500871,2025,552500871,1,9,0,-1,19,6,2,-1,0,0,0,0,0,0,1,1,-1,6,3,-1,-1,-1,-1,-1,-1,-1,-1,0,-1
2025552500875,2025,552500875,2,9,0,-1,19,6,2,-1,0,8,0,0,0,0,1,1,-1,9,1,65,9,-1,-1,-1,-1,8,E01015422,0,3
2025552500875,2025,552500875,1,1,0,-1,7,8,2,-1,0,8,0,0,0,0,3,1,-1,9,1,25,5,-1,-1,-1,-1,4,E01034271,0,1
2025552500876,2025,552500876,1,21,0,-1,19,4,8,-1,0,0,0,0,0,0,0,1,-1,1,1,67,10,-1,-1,-1,-1,9,E01020464,0,3
2025552500876,2025,552500876,2,9,0,-1,19,8,4,-1,0,0,0,0,0,0,1,1,-1,9,1,17,4,-1,-1,-1,-1,6,E01034375,0,3
2025552500881,2025,552500881,1,9,0,-1,19,6,2,-1,0,0,5,10,0,0,1,1,-1,9,2,28,6,-1,-1,-1,-1,6,E01020531,0,4
2025552500896,2025,552500896,2,9,0,-1,4,3,7,-1,0,0,0,0,0,0,2,1,-1,2,2,51,8,-1,-1,-1,-1,6,E01015408,0,4
2025552500896,2025,552500896,1,9,5,-1,19,3,7,-1,0,0,1,0,0,0,1,1,-1,2,1,32,6,-1,-1,-1,-1,7,E01015428,0,4
2025552500908,2025,552500908,1,9,0,-1,9,4,3,-1,0,5,0,0,0,0,4,1,-1,9,2,61,9,-1,-1,-1,-1,5,E01020534,0,3
2025552500908,2025,552500908,2,9,0,-1,5,8,4,-1,0,1,0,0,0,0,1,1,-1,9,2,49,8,-1,-1,-1,-1,4,E01020496,0,1
2025552500927,2025,552500927,1,9,0,-1,19,7,3,-1,0,0,0,4,0,0,1,1,-1,6,1,45,7,-1,-1,-1,-1,3,E01020556,0,1
2025552500927,2025,552500927,4,9,0,-1,2,0,0,-1,0,0,0,0,0,0,3,1,-1,6,3,-1,-1,-1,-1,-1,-1,-1,-1,0,-1
2025552500927,2025,552500927,5,9,0,-1,2,0,0,-1,0,0,0,0,0,0,1,1,-1,6,3,-1,-1,-1,-1,-1,-1,-1,-1,0,-1
2025552500927,2025,552500927,3,19,0,-1,2,0,0,-1,0,0,0,0,0,0,3,1,-1,6,3,-1,-1,-1,-1,-1,-1,-1,-1,0,-1
2025552500927,2025,552500927,2,9,0,-1,4,3,7,-1,0,0,0,0,0,0,1,1,-1,6,1,28,6,-1,-1,-1,-1,4,E01020584,0,1
2025552500939,2025,552500939,1,4,0,-1,19,8,4,-1,0,0,0,4,1,0,0,1,-1,9,1,43,7,-1,-1,-1,-1,5,E01015334,0,4
2025552500939,2025,552500939,2,9,0,-1,2,0,0,-1,0,0,0,0,0,0,3,1,-1,6,1,63,9,-1,-1,-1,-1,5,E01020512,0,1
2025552500940,2025,552500940,2,5,0,-1,19,3,7,-1,0,8,0,0,0,0,4,1,-1,9,1,48,8,-1,-1,-1,-1,3,E01015310,0,1
2025552500940,2025,552500940,1,9,0,-1,12,3,7,-1,0,8,0,0,0,0,3,1,-1,9,2,60,9,-1,-1,-1,-1,8,E01017467,0,5
2025552500943,2025,552500943,1,9,0,-1,5,7,3,-1,0,4,0,0,0,0,1,9,-1,6,3,-1,-1,-1,-1,-1,-1,-1,-1,0,-1
2025552500943,2025,552500943,2,1,0,-1,19,4,8,-1,0,8,0,0,0,0,4,1,-1,2,1,21,5,-1,-1,-1,-1,1,E01014726,0,4
2025552500944,2025,552500944,2,9,0,-1,19,8,4,-1,0,8,0,0,0,0,1,1,-1,2,2,35,6,-1,-1,-1,-1,7,E01020509,0,3
2025552500944,2025,552500944,1,9,0,-1,9,1,8,-1,0,8,0,0,0,0,3,1,-1,6,2,56,9,-1,-1,-1,-1,7,E01020538,0,1
2025552500945,2025,552500945,1,9,0,-1,19,3,5,-1,0,8,5,0,0,0,0,1,-1,9,1,19,4,-1,-1,-1,-1,2,E01015293,0,1
2025552500946,2025,552500946,2,19,0,-1,2,0,0,-1,0,0,0,0,0,0,1,1,-1,6,1,29,6,-1,-1,-1,-1,3,E01020543,0,1
2025552500946,2025,552500946,1,9,0,-1,19,2,6,-1,0,0,5,4,0,0,4,1,-1,6,2,54,8,-1,-1,-1,-1,3,E01020543,0,1
2025552500947,2025,552500947,1,9,0,-1,9,6,4,-1,0,6,0,0,0,0,1,1,-1,6,2,24,5,-1,-1,-1,-1,9,E01028818,0,5
2025552500947,2025,552500947,2,9,0,-1,19,8,4,-1,0,8,0,0,0,0,3,1,-1,6,2,76,11,-1,-1,-1,-1,5,E01015456,0,1
2025552500948,2025,552500948,1,90,0,-1,9,6,3,-1,0,5,0,0,0,0,2,1,-1,1,3,-1,-1,-1,-1,-1,-1,-1,-1,0,-1
2025552500950,2025,552500950,1,9,0,-1,19,8,4,-1,0,0,0,0,0,0,1,1,-1,9,1,72,10,-1,-1,-1,-1,6,E01020541,0,1
2025552500952,2025,552500952,1,9,0,-1,19,8,4,-1,0,0,5,4,0,0,4,1,-1,6,1,54,8,-1,-1,-1,-1,5,E01015358,0,1
2025552500954,2025,552500954,1,19,0,-1,9,3,1,-1,0,8,0,0,0,0,1,1,-1,6,3,-1,-1,-1,-1,-1,-1,-1,-1,0,-1
2025552500954,2025,552500954,2,1,0,-1,14,1,5,-1,0,8,0,0,0,0,4,1,-1,6,1,51,8,-1,-1,-1,-1,4,E01015327,0,1
2025552500960,2025,552500960,2,-1,0,-1,19,2,6,-1,5,8,0,0,0,0,1,1,-1,9,1,24,5,-1,-1,-1,-1,6,E01020531,0,1
2025552500960,2025,552500960,1,9,0,-1,3,7,3,-1,5,6,0,0,0,0,4,1,-1,9,2,30,6,-1,-1,-1,-1,3,E01020502,0,1
2025552500961,2025,552500961,2,1,0,-1,19,1,5,-1,0,0,0,99,0,0,2,1,-1,6,1,18,4,-1,-1,-1,-1,2,E01015362,0,1
2025552500961,2025,552500961,1,9,0,-1,19,1,5,-1,0,0,0,0,0,0,1,1,-1,6,3,-1,-1,-1,-1,-1,-1,-1,-1,0,-1
2025552500963,2025,552500963,2,3,0,-1,19,8,4,-1,0,8,0,0,0,0,4,1,-1,9,1,52,8,-1,-1,-1,-1,8,E01015411,0,1
2025552500963,2025,552500963,1,19,0,-1,3,3,7,-1,0,8,0,0,0,0,1,1,-1,2,1,42,7,-1,-1,-1,-1,7,E01032002,0,4
2025552500968,2025,552500968,2,9,0,-1,19,4,2,-1,0,8,0,0,0,0,3,1,-1,9,2,18,4,-1,-1,-1,-1,-1,-1,0,-1
2025552500968,2025,552500968,1,4,0,-1,9,3,2,-1,0,6,1,0,0,0,1,1,-1,6,1,66,10,-1,-1,-1,-1,6,E01020527,0,1
2025552500970,2025,552500970,2,9,0,-1,9,7,5,-1,0,5,0,0,0,0,3,1,-1,9,1,74,10,-1,-1,-1,-1,10,E01020387,0,1
2025552500970,2025,552500970,1,9,0,-1,9,5,3,-1,0,6,0,0,0,0,1,1,-1,2,2,46,8,-1,-1,-1,-1,7,E01020428,0,2
2025552500973,2025,552500973,2,9,0,-1,9,5,3,-1,0,5,0,0,0,0,3,1,-1,6,1,29,6,-1,-1,-1,-1,5,E01015435,0,2
2025552500973,2025,552500973,1,5,0,-1,19,5,1,-1,0,8,0,0,0,0,1,1,-1,6,1,42,7,-1,-1,-1,-1,10,E01020378,0,2
2025552500978,2025,552500978,1,9,0,-1,9,4,2,-1,0,6,0,0,0,0,3,1,-1,6,1,34,6,-1,-1,-1,-1,6,E01020439,0,3
2025552500978,2025,552500978,2,5,0,-1,19,8,2,-1,0,8,0,0,0,0,1,1,-1,6,1,56,9,-1,-1,-1,-1,7,E01020424,0,3
2025552500980,2025,552500980,1,9,0,-1,9,2,8,-1,0,6,0,0,0,0,3,1,-1,9,2,79,11,-1,-1,-1,-1,10,E01015455,0,1
2025552500980,2025,552500980,2,9,0,-1,19,8,4,-1,0,8,0,0,0,0,1,1,-1,9,1,65,9,-1,-1,-1,-1,7,E01015438,0,1
2025552500986,2025,552500986,1,9,0,-1,9,6,4,-1,0,8,0,0,0,0,4,1,-1,2,2,20,4,-1,-1,-1,-1,10,E01015459,0,1
2025552500986,2025,552500986,2,5,0,-1,14,8,4,-1,0,1,0,0,0,0,1,1,-1,6,1,52,8,-1,-1,-1,-1,7,E01015428,0,1
2025552501004,2025,552501004,1,9,0,-1,19,6,2,-1,0,0,0,0,0,0,1,1,-1,6,3,-1,-1,-1,-1,-1,-1,-1,-1,0,-1
2025552501004,2025,552501004,2,8,0,-1,19,6,2,-1,0,0,0,0,0,0,2,1,-1,1,3,-1,-1,-1,-1,-1,-1,-1,-1,0,-1
2025552501007,2025,552501007,1,9,0,-1,5,7,3,-1,2,0,0,0,0,0,3,1,-1,6,3,-1,-1,-1,-1,-1,-1,-1,-1,0,-1
2025552501015,2025,552501015,1,9,0,-1,5,3,7,-1,5,6,0,0,0,0,3,1,-1,6,2,58,9,-1,-1,-1,-1,6,E01032661,0,2
2025552501015,2025,552501015,2,1,0,-1,19,2,6,-1,5,8,0,0,0,0,1,1,-1,9,1,16,4,-1,-1,-1,-1,7,E01015436,0,1
2025552501016,2025,552501016,1,9,0,-1,7,4,6,-1,0,4,0,0,0,0,1,1,-1,6,3,-1,-1,-1,-1,-1,-1,-1,-1,0,-1
2025552501016,2025,552501016,2,1,0,-1,19,2,6,-1,0,8,0,0,0,0,2,1,-1,6,1,35,6,-1,-1,-1,-1,9,E01015403,0,1
2025552501018,2025,552501018,1,9,0,-1,19,1,5,-1,0,0,0,4,0,0,1,1,-1,9,2,89,11,-1,-1,-1,-1,6,E01015402,0,1
2025552501018,2025,552501018,2,21,0,-1,2,0,0,-1,0,0,0,0,0,0,2,1,-1,6,3,-1,-1,-1,-1,-1,-1,-1,-1,0,-1
2025552501022,2025,552501022,3,19,0,-1,19,8,4,-1,0,0,0,0,0,0,4,1,-1,9,1,55,8,-1,-1,-1,-1,9,E01015323,0,1
2025552501022,2025,552501022,2,9,0,-1,19,8,4,-1,0,0,0,0,0,0,3,1,-1,9,2,51,8,-1,-1,-1,-1,10,E01020362,0,3
2025552501022,2025,552501022,1,5,0,-1,13,8,4,-1,0,0,0,0,0,0,4,1,-1,2,1,54,8,-1,-1,-1,-1,7,E01015387,0,1
2025552501022,2025,552501022,4,9,0,-1,19,8,4,-1,0,0,0,0,0,0,4,1,-1,9,1,39,7,-1,-1,-1,-1,8,E01017196,0,4
2025552501046,2025,552501046,1,9,0,-1,9,4,2,-1,0,5,0,0,0,0,4,1,-1,9,1,41,7,-1,-1,-1,-1,8,E01020491,0,3
2025552501046,2025,552501046,2,9,0,-1,19,8,4,-1,0,8,0,0,0,0,1,1,-1,2,1,21,5,-1,-1,-1,-1,7,E01020570,0,3
2025552501047,2025,552501047,1,9,0,-1,19,7,3,-1,0,0,0,0,0,0,1,1,-1,6,1,19,4,-1,-1,-1,-1,7,E01020540,0,1
2025552501047,2025,552501047,2,9,0,-1,4,7,3,-1,0,0,0,0,0,0,2,1,-1,6,1,66,10,-1,-1,-1,-1,7,E01034382,0,2
2025552501103,2025,552501103,1,9,0,-1,19,2,6,-1,4,5,0,0,0,0,0,1,-1,6,3,-1,-1,-1,-1,-1,-1,-1,-1,0,-1
2025552501103,2025,552501103,2,1,0,-1,19,8,6,-1,4,8,1,0,0,0,0,1,-1,9,1,42,7,-1,-1,-1,-1,5,E01015358,0,1
2025552501109,2025,552501109,1,9,0,-1,9,7,5,-1,0,5,0,0,0,0,4,1,-1,9,1,32,6,-1,-1,-1,-1,4,-1,0,5
2025552501109,2025,552501109,2,9,0,-1,19,3,7,-1,0,8,0,0,0,0,1,1,-1,9,2,62,9,-1,-1,-1,-1,4,E01020460,0,1
2025552501121,2025,552501121,1,19,0,-1,7,4,7,-1,-1,5,0,0,0,0,1,1,-1,6,1,53,8,-1,-1,-1,-1,4,E01020578,0,1
2025552501180,2025,552501180,2,9,0,-1,2,0,0,-1,0,0,0,0,0,0,3,1,-1,6,2,41,7,-1,-1,-1,-1,4,E01020483,0,3
2025552501180,2025,552501180,1,9,0,-1,14,4,8,-1,0,0,0,0,0,0,4,1,-1,6,3,-1,-1,-1,-1,-1,-1,-1,-1,0,-1
202560C000659,2025,60C000659,1,9,0,17,19,4,8,0,0,0,5,0,4,6,1,1,5,6,2,29,6,-1,-1,-1,-1,-1,-1,0,-1
202560C000676,2025,60C000676,1,9,0,18,19,7,3,0,0,0,0,0,0,0,1,1,5,6,1,22,5,-1,-1,-1,-1,-1,-1,0,-1
202560C000676,2025,60C000676,2,9,0,18,19,3,7,0,0,0,0,0,0,0,1,1,5,6,1,50,8,-1,-1,-1,-1,-1,-1,0,-1
202560C001279,2025,60C001279,2,9,0,2,2,0,0,0,0,1,0,0,0,0,2,1,6,6,1,70,10,-1,-1,-1,-1,-1,-1,0,-1