collision_index,collision_year,collision_ref_no,vehicle_reference,vehicle_type,towing_and_articulation,vehicle_manoeuvre_historic,vehicle_manoeuvre,vehicle_direction_from,vehicle_direction_to,vehicle_location_restricted_lane_historic,vehicle_location_restricted_lane,junction_location,skidding_and_overturning,hit_object_in_carriageway,vehicle_leaving_carriageway,hit_object_off_carriageway,first_point_of_impact,vehicle_left_hand_drive,journey_purpose_of_driver_historic,journey_purpose_of_driver,sex_of_driver,age_of_driver,age_band_of_driver,engine_capacity_cc,propulsion_code,age_of_vehicle,generic_make_model,driver_imd_decile,lsoa_of_driver,escooter_flag,driver_distance_banding
202560C001279,2025,60C001279,1,9,0,18,19,1,5,0,0,1,0,0,0,0,1,1,6,6,2,76,11,-1,-1,-1,-1,-1,-1,0,-1
202560C002220,2025,60C002220,1,9,0,7,7,4,8,0,0,5,0,0,0,0,1,1,2,2,2,23,5,-1,-1,-1,-1,-1,-1,0,-1
202560C002948,2025,60C002948,1,9,0,16,19,7,3,0,0,0,1,0,5,6,1,1,2,2,1,51,8,-1,-1,-1,-1,-1,-1,0,-1
202560C003169,2025,60C003169,2,9,0,18,19,4,2,0,0,8,0,0,0,0,4,1,3,7,2,35,6,-1,-1,-1,-1,-1,-1,0,-1
202560C003169,2025,60C003169,1,9,0,5,5,6,2,0,0,6,9,0,2,0,1,1,6,6,2,0,1,-1,-1,-1,-1,-1,-1,0,-1
202560C003519,2025,60C003519,1,9,0,7,7,2,8,0,0,1,0,0,0,0,1,1,2,2,1,54,8,-1,-1,-1,-1,-1,-1,0,-1
202560C003734,2025,60C003734,2,9,0,4,4,3,7,0,0,1,0,0,0,0,2,1,6,6,2,55,8,-1,-1,-1,-1,-1,-1,0,-1
202560C003734,2025,60C003734,1,9,0,4,4,3,7,0,0,1,1,0,0,0,1,1,2,2,1,23,5,-1,-1,-1,-1,-1,-1,0,-1
202560C003765,2025,60C003765,1,9,0,18,19,6,2,0,0,0,1,0,4,6,1,1,5,6,1,46,8,-1,-1,-1,-1,-1,-1,0,-1
202560C004342,2025,60C004342,2,9,0,18,19,8,4,0,0,1,0,0,0,0,1,1,6,6,2,37,7,-1,-1,-1,-1,-1,-1,0,-1
202560C004342,2025,60C004342,1,9,0,18,19,8,4,0,0,1,0,0,0,0,1,1,6,6,2,32,6,-1,-1,-1,-1,-1,-1,0,-1
202560C004354,2025,60C004354,1,9,0,5,5,3,7,0,0,4,0,0,0,0,1,1,6,6,2,54,8,-1,-1,-1,-1,-1,-1,0,-1
202560C004366,2025,60C004366,1,9,0,18,19,6,2,0,0,1,0,0,0,0,1,1,5,6,2,40,7,-1,-1,-1,-1,-1,-1,0,-1
202560C005465,2025,60C005465,1,-1,0,18,19,5,1,9,9,0,0,0,1,11,1,1,6,6,1,37,7,-1,-1,-1,-1,-1,-1,1,-1
202560C006069,2025,60C006069,1,11,0,18,19,6,2,0,0,2,0,0,0,0,1,1,3,7,1,68,10,-1,-1,-1,-1,-1,-1,0,-1
202560C006263,2025,60C006263,2,22,0,18,19,7,3,0,0,1,5,0,0,0,4,1,6,6,2,63,9,-1,-1,-1,-1,-1,-1,0,-1
202560C006263,2025,60C006263,1,9,0,18,19,2,5,0,0,1,0,0,0,0,1,1,6,6,2,68,10,-1,-1,-1,-1,-1,-1,0,-1
202560C006320,2025,60C006320,2,1,0,18,19,7,3,0,0,1,0,0,0,0,1,-1,2,2,1,63,9,-1,-1,-1,-1,-1,-1,0,-1
202560C006320,2025,60C006320,1,9,0,7,7,5,7,0,0,1,0,0,0,0,4,1,1,1,1,19,4,-1,-1,-1,-1,-1,-1,0,-1
202560C006716,2025,60C006716,1,97,0,18,19,5,1,0,0,0,1,0,0,0,0,1,5,6,1,64,9,-1,-1,-1,-1,-1,-1,0,-1
202560C008675,2025,60C008675,1,9,0,5,5,2,6,0,0,1,0,10,1,4,1,1,5,6,2,29,6,-1,-1,-1,-1,-1,-1,0,-1
202560C009412,2025,60C009412,1,19,0,18,19,1,5,0,0,6,0,0,0,0,1,1,1,1,1,58,9,-1,-1,-1,-1,-1,-1,0,-1
202560C009412,2025,60C009412,2,1,0,18,19,3,7,0,0,1,0,0,0,0,3,-1,6,6,1,37,7,-1,-1,-1,-1,-1,-1,0,-1
202560C009425,2025,60C009425,2,9,0,17,19,5,1,0,0,1,0,0,8,0,4,1,6,6,2,32,6,-1,-1,-1,-1,-1,-1,0,-1
202560C009425,2025,60C009425,1,9,0,9,9,7,3,0,0,6,0,0,0,0,1,1,6,6,1,69,10,-1,-1,-1,-1,-1,-1,0,-1
202560C009988,2025,60C009988,1,9,4,5,5,9,9,0,0,0,0,0,0,0,9,1,1,1,1,35,6,-1,-1,-1,-1,-1,-1,0,-1
202560C010235,2025,60C010235,2,9,0,18,19,1,5,0,0,1,0,0,0,0,1,1,1,1,1,43,7,-1,-1,-1,-1,-1,-1,0,-1
202560C010235,2025,60C010235,1,9,0,9,9,3,7,0,0,6,0,0,0,0,3,1,1,1,2,32,6,-1,-1,-1,-1,-1,-1,0,-1
202560C012174,2025,60C012174,2,4,0,4,4,5,1,0,0,1,5,0,0,0,1,1,6,6,1,25,5,-1,-1,-1,-1,-1,-1,0,-1
202560C012174,2025,60C012174,1,9,0,1,1,5,1,0,0,6,0,0,0,0,2,1,1,1,1,40,7,-1,-1,-1,-1,-1,-1,0,-1
202560C012649,2025,60C012649,1,9,0,5,5,3,7,0,0,2,0,0,0,0,4,1,3,7,1,40,7,-1,-1,-1,-1,-1,-1,0,-1
202560C013381,2025,60C013381,1,9,0,18,19,4,8,0,0,0,0,4,1,4,1,1,5,6,1,55,8,-1,-1,-1,-1,-1,-1,0,-1
202560C013381,2025,60C013381,2,19,0,2,2,0,0,0,0,0,0,0,0,0,4,1,6,6,1,50,8,-1,-1,-1,-1,-1,-1,0,-1
202560C013816,2025,60C013816,1,9,0,9,9,5,3,0,0,5,0,0,0,0,4,1,1,1,2,23,5,-1,-1,-1,-1,-1,-1,0,-1
202560C013816,2025,60C013816,2,5,0,18,19,2,5,0,0,1,0,0,7,0,1,1,1,1,1,47,8,-1,-1,-1,-1,-1,-1,0,-1
202560C013839,2025,60C013839,2,9,0,18,19,4,8,0,0,0,1,0,0,0,1,1,6,6,1,40,7,-1,-1,-1,-1,-1,-1,0,-1
202560C013839,2025,60C013839,1,9,0,18,19,8,4,0,0,0,1,0,0,0,1,1,3,7,1,34,6,-1,-1,-1,-1,-1,-1,0,-1
202560C013920,2025,60C013920,1,1,0,18,19,6,2,0,0,0,0,8,0,0,1,1,5,6,1,22,5,-1,-1,-1,-1,-1,-1,0,-1
202560C014360,2025,60C014360,1,9,0,2,2,0,0,0,0,0,0,0,0,0,3,1,6,6,2,0,1,-1,-1,-1,-1,-1,-1,0,-1
202560C014360,2025,60C014360,2,1,0,18,19,7,3,0,0,0,0,8,0,0,1,1,2,2,1,36,7,-1,-1,-1,-1,-1,-1,0,-1
202560C014496,2025,60C014496,1,19,0,1,1,4,8,0,0,0,0,0,0,0,2,1,6,6,1,45,7,-1,-1,-1,-1,-1,-1,0,-1
202560C014526,2025,60C014526,2,9,0,2,2,0,0,6,6,1,0,0,0,0,0,1,3,7,2,31,6,-1,-1,-1,-1,-1,-1,0,-1
202560C014526,2025,60C014526,1,9,0,5,5,5,1,6,6,1,0,0,3,7,1,1,3,7,1,82,11,-1,-1,-1,-1,-1,-1,0,-1
202560C015626,2025,60C015626,1,19,0,18,19,3,7,0,0,1,0,0,0,0,4,1,6,6,3,0,1,-1,-1,-1,-1,-1,-1,0,-1
202560C015671,2025,60C015671,1,9,0,18,19,7,3,0,0,0,0,0,0,0,1,1,5,6,1,38,7,-1,-1,-1,-1,-1,-1,0,-1
202560C015671,2025,60C015671,2,21,4,18,19,7,3,0,0,0,0,0,0,0,1,1,1,1,1,61,9,-1,-1,-1,-1,-1,-1,0,-1
202560C015863,2025,60C015863,1,9,0,18,19,8,4,0,0,0,0,0,1,9,4,1,6,6,2,24,5,-1,-1,-1,-1,-1,-1,0,-1
202560C015869,2025,60C015869,2,9,0,5,5,7,3,0,0,6,0,0,0,0,3,1,6,6,1,63,9,-1,-1,-1,-1,-1,-1,0,-1
202560C015869,2025,60C015869,1,9,0,18,19,6,2,0,0,1,0,0,7,0,1,1,6,6,1,45,7,-1,-1,-1,-1,-1,-1,0,-1
202560C016443,2025,60C016443,1,9,0,18,19,7,3,0,0,0,2,11,0,0,1,1,6,6,2,20,4,-1,-1,-1,-1,-1,-1,0,-1
202560C016524,2025,60C016524,3,98,0,2,2,0,0,0,0,2,0,0,0,0,3,1,5,6,2,39,7,-1,-1,-1,-1,-1,-1,0,-1
202560C016524,2025,60C016524,2,9,0,18,19,8,5,0,0,4,0,0,0,0,4,1,5,6,2,41,7,-1,-1,-1,-1,-1,-1,0,-1
202560C016524,2025,60C016524,1,9,0,18,19,2,5,0,0,8,0,0,0,0,1,1,5,6,2,78,11,-1,-1,-1,-1,-1,-1,0,-1
202560C016639,2025,60C016639,1,9,0,16,19,5,1,0,0,0,5,0,0,0,3,1,5,6,2,24,5,-1,-1,-1,-1,-1,-1,0,-1
202560C017679,2025,60C017679,1,9,0,17,19,4,8,0,0,0,1,0,1,11,1,1,5,6,1,20,4,-1,-1,-1,-1,-1,-1,0,-1
202560C017966,2025,60C017966,1,9,0,18,19,3,7,0,0,8,0,0,0,0,1,1,6,6,2,58,9,-1,-1,-1,-1,-1,-1,0,-1
202560C018013,2025,60C018013,3,19,0,2,2,0,0,0,0,0,0,0,0,0,3,1,6,6,3,0,1,-1,-1,-1,-1,-1,-1,0,-1
202560C018013,2025,60C018013,2,9,0,18,19,7,3,0,0,0,5,0,0,0,1,1,6,6,1,35,6,-1,-1,-1,-1,-1,-1,0,-1
202560C018013,2025,60C018013,1,9,0,18,19,3,7,0,0,0,0,0,0,0,1,1,6,6,1,31,6,-1,-1,-1,-1,-1,-1,0,-1
202560C018213,2025,60C018213,1,9,0,16,19,5,8,0,0,0,0,0,0,0,1,1,6,6,1,21,5,-1,-1,-1,-1,-1,-1,0,-1
202560C018213,2025,60C018213,2,9,0,18,19,8,5,0,0,0,0,0,0,0,1,1,6,6,1,33,6,-1,-1,-1,-1,-1,-1,0,-1
202560C018786,2025,60C018786,1,9,0,9,9,3,1,8,6,0,0,0,0,0,3,1,6,6,2,40,7,-1,-1,-1,-1,-1,-1,0,-1
202560C018786,2025,60C018786,2,9,0,18,19,1,5,0,0,0,0,0,0,0,1,1,6,6,2,50,8,-1,-1,-1,-1,-1,-1,0,-1
202560C019135,2025,60C019135,1,9,0,18,19,6,2,0,0,0,0,0,0,0,0,1,5,6,2,20,4,-1,-1,-1,-1,-1,-1,0,-1
202560C019135,2025,60C019135,2,1,0,13,13,2,6,0,0,0,0,0,0,0,0,1,6,6,1,26,6,-1,-1,-1,-1,-1,-1,0,-1
202560C020284,2025,60C020284,1,9,0,1,1,4,8,0,0,1,0,0,0,0,2,1,6,6,1,0,1,-1,-1,-1,-1,-1,-1,0,-1
202560C020667,2025,60C020667,1,9,0,9,9,4,1,0,0,5,0,0,0,0,1,1,5,6,2,55,8,-1,-1,-1,-1,-1,-1,0,-1
202560C020667,2025,60C020667,2,9,0,18,19,8,4,0,0,1,0,0,0,0,1,1,5,6,2,72,10,-1,-1,-1,-1,-1,-1,0,-1
202560C021445,2025,60C021445,1,9,0,16,19,1,3,0,0,0,0,0,0,11,1,1,6,6,1,18,4,-1,-1,-1,-1,-1,-1,0,-1
202560C022649,2025,60C022649,2,9,0,18,19,7,3,0,0,8,1,0,0,0,4,1,6,6,1,52,8,-1,-1,-1,-1,-1,-1,0,-1
202560C022649,2025,60C022649,1,98,0,18,19,7,3,0,0,2,0,0,0,0,1,1,6,6,3,0,1,-1,-1,-1,-1,-1,-1,0,-1
202560C023409,2025,60C023409,1,9,0,1,1,7,3,0,0,1,0,0,0,0,2,1,5,6,1,58,9,-1,-1,-1,-1,-1,-1,0,-1
202560C023465,2025,60C023465,1,9,0,9,9,5,3,0,0,6,0,0,1,0,3,1,6,6,2,35,6,-1,-1,-1,-1,-1,-1,0,-1
202560C023465,2025,60C023465,2,9,0,18,19,3,7,0,0,7,0,0,0,0,1,1,6,6,1,34,6,-1,-1,-1,-1,-1,-1,0,-1
202560C023552,2025,60C023552,2,9,0,17,19,1,7,0,0,0,0,0,0,0,3,1,5,6,1,40,7,-1,-1,-1,-1,-1,-1,0,-1
202560C023552,2025,60C023552,1,9,0,16,19,7,1,0,0,0,0,0,0,0,1,1,1,1,1,50,8,-1,-1,-1,-1,-1,-1,0,-1
202560C023605,2025,60C023605,1,9,0,16,19,1,3,0,0,0,1,0,7,4,1,1,2,2,1,21,5,-1,-1,-1,-1,-1,-1,0,-1
202560C023933,2025,60C023933,1,9,0,16,19,3,7,0,0,5,1,10,3,9,1,1,5,6,1,80,11,-1,-1,-1,-1,-1,-1,0,-1
202560C024307,2025,60C024307,1,9,0,18,19,6,3,0,0,4,0,0,0,0,1,1,5,6,1,50,8,-1,-1,-1,-1,-1,-1,0,-1
202560C024307,2025,60C024307,2,3,0,9,9,5,3,0,0,3,0,0,0,0,4,1,2,2,1,22,5,-1,-1,-1,-1,-1,-1,0,-1
202560C024422,2025,60C024422,1,1,0,18,19,8,6,0,0,1,0,4,0,0,1,1,1,1,1,46,8,-1,-1,-1,-1,-1,-1,0,-1
202560C024422,2025,60C024422,2,9,0,10,10,8,6,0,0,1,0,0,0,0,2,1,5,6,2,77,11,-1,-1,-1,-1,-1,-1,0,-1
202560C024688,2025,60C024688,1,9,0,16,19,7,3,0,0,0,1,7,0,11,1,1,2,2,2,62,9,-1,-1,-1,-1,-1,-1,0,-1
202560C024981,2025,60C024981,1,4,0,4,4,7,1,0,0,4,2,10,7,0,1,1,5,6,1,69,10,-1,-1,-1,-1,-1,-1,0,-1
202560C025965,2025,60C025965,1,9,0,16,19,1,5,0,0,0,2,0,7,3,3,1,5,6,2,60,9,-1,-1,-1,-1,-1,-1,0,-1
202560C026762,2025,60C026762,2,1,0,18,19,9,9,0,0,3,0,0,0,0,2,1,6,6,1,35,6,-1,-1,-1,-1,-1,-1,0,-1
202560C026762,2025,60C026762,1,9,0,5,5,9,9,0,0,4,0,0,0,0,1,1,6,6,1,30,6,-1,-1,-1,-1,-1,-1,0,-1
202560C027037,2025,60C027037,1,9,0,9,9,1,7,0,0,8,0,0,0,0,1,1,6,6,1,83,11,-1,-1,-1,-1,-1,-1,0,-1
202560C027528,2025,60C027528,1,3,0,4,4,3,7,0,0,0,5,0,0,0,3,1,1,1,1,27,6,-1,-1,-1,-1,-1,-1,0,-1
202560C028174,2025,60C028174,1,5,0,17,19,7,3,0,0,0,1,10,2,11,3,1,5,6,1,36,7,-1,-1,-1,-1,-1,-1,0,-1
202560C028579,2025,60C028579,1,9,0,17,19,5,2,0,0,0,1,0,1,4,1,1,5,6,1,20,4,-1,-1,-1,-1,-1,-1,0,-1
202560C029751,2025,60C029751,1,9,0,7,7,3,5,0,0,2,0,7,0,0,0,1,6,6,1,38,7,-1,-1,-1,-1,-1,-1,0,-1
202560C029751,2025,60C029751,2,9,0,18,19,5,1,0,0,1,0,0,0,0,0,1,6,6,1,35,6,-1,-1,-1,-1,-1,-1,0,-1
202560C029762,2025,60C029762,1,9,0,18,19,8,4,0,0,0,0,0,0,0,3,1,6,6,1,63,9,-1,-1,-1,-1,-1,-1,0,-1
202560C029762,2025,60C029762,3,1,0,18,19,4,8,0,0,0,0,0,0,0,0,1,6,6,1,61,9,-1,-1,-1,-1,-1,-1,0,-1
202560C029762,2025,60C029762,2,1,0,18,19,4,8,0,0,0,0,0,0,0,3,1,6,6,1,58,9,-1,-1,-1,-1,-1,-1,0,-1
202560C029780,2025,60C029780,1,1,0,18,19,7,3,0,0,1,0,0,0,0,1,1,6,6,1,32,6,-1,-1,-1,-1,-1,-1,0,-1
202560C029780,2025,60C029780,2,9,0,7,7,7,1,0,0,1,0,0,0,0,3,1,6,6,2,0,1,-1,-1,-1,-1,-1,-1,0,-1
202560C030828,2025,60C030828,1,9,0,18,19,7,3,0,0,0,0,0,0,0,4,1,5,6,2,57,9,-1,-1,-1,-1,-1,-1,0,-1
202560C030852,2025,60C030852,1,9,0,7,7,7,3,0,0,1,0,0,0,0,4,1,2,2,2,29,6,-1,-1,-1,-1,-1,-1,0,-1
202560C030852,2025,60C030852,2,9,0,17,19,5,1,0,0,1,0,0,0,0,1,1,2,2,2,57,9,-1,-1,-1,-1,-1,-1,0,-1
202560C030948,2025,60C030948,2,9,0,18,19,3,7,0,0,1,5,0,0,0,2,1,6,6,2,25,5,-1,-1,-1,-1,-1,-1,0,-1
202560C030948,2025,60C030948,1,9,0,18,19,7,3,0,0,1,0,0,0,0,1,1,6,6,1,88,11,-1,-1,-1,-1,-1,-1,0,-1
202560C030948,2025,60C030948,3,1,0,9,9,7,6,0,0,1,5,0,0,0,2,1,6,6,1,40,7,-1,-1,-1,-1,-1,-1,0,-1
202560C031133,2025,60C031133,1,9,0,15,15,1,5,0,0,0,0,0,0,0,4,1,1,1,1,48,8,-1,-1,-1,-1,-1,-1,0,-1
202560C031158,2025,60C031158,2,98,0,17,19,2,6,0,0,0,0,0,0,0,1,1,1,1,1,62,9,-1,-1,-1,-1,-1,-1,0,-1
202560C031158,2025,60C031158,1,5,0,16,19,6,2,0,0,0,0,0,0,0,1,1,2,2,1,33,6,-1,-1,-1,-1,-1,-1,0,-1
202560C031273,2025,60C031273,2,98,0,4,4,7,3,0,0,1,0,0,0,0,2,1,1,1,1,35,6,-1,-1,-1,-1,-1,-1,0,-1
202560C031273,2025,60C031273,1,3,0,4,4,7,3,0,0,1,0,0,0,0,1,1,5,6,1,21,5,-1,-1,-1,-1,-1,-1,0,-1
202560C031643,2025,60C031643,2,3,0,18,19,4,8,0,0,1,0,0,0,0,1,1,6,6,1,52,8,-1,-1,-1,-1,-1,-1,0,-1
202560C031643,2025,60C031643,1,9,0,10,10,6,8,0,0,6,0,0,0,0,3,1,6,6,2,25,5,-1,-1,-1,-1,-1,-1,0,-1
202560C031970,2025,60C031970,1,9,0,9,9,5,1,0,0,1,0,0,0,0,4,1,5,6,1,26,6,-1,-1,-1,-1,-1,-1,0,-1
202560C031970,2025,60C031970,2,9,0,18,19,7,3,0,0,2,0,0,0,0,1,1,2,2,1,63,9,-1,-1,-1,-1,-1,-1,0,-1
202560C032137,2025,60C032137,1,9,0,16,19,4,8,0,0,0,2,0,8,4,1,1,6,6,1,29,6,-1,-1,-1,-1,-1,-1,0,-1
202560C032263,2025,60C032263,1,9,0,9,9,3,7,0,0,5,0,0,0,0,4,1,5,6,2,19,4,-1,-1,-1,-1,-1,-1,0,-1
202560C032263,2025,60C032263,2,5,0,18,19,7,3,0,0,1,5,0,0,0,1,1,6,6,1,78,11,-1,-1,-1,-1,-1,-1,0,-1
202560C032630,2025,60C032630,1,9,0,18,19,1,5,0,0,1,0,0,0,0,1,1,5,6,2,18,4,-1,-1,-1,-1,-1,-1,0,-1
202560C032730,2025,60C032730,1,9,0,18,19,2,6,0,0,0,1,0,1,11,1,1,6,6,2,18,4,-1,-1,-1,-1,-1,-1,0,-1
202560C033937,2025,60C033937,2,9,0,18,19,3,7,0,0,0,0,0,1,11,4,1,6,6,2,44,7,-1,-1,-1,-1,-1,-1,0,-1
202560C033937,2025,60C033937,1,19,0,18,19,7,3,0,0,0,0,0,0,0,1,1,1,1,1,20,4,-1,-1,-1,-1,-1,-1,0,-1
202560C034278,2025,60C034278,1,9,0,9,9,3,1,0,0,1,0,0,0,0,1,1,1,1,1,57,9,-1,-1,-1,-1,-1,-1,0,-1
202560C034481,2025,60C034481,1,9,0,5,5,3,7,0,0,0,0,0,0,0,1,1,6,6,3,0,1,-1,-1,-1,-1,-1,-1,0,-1
202560C034481,2025,60C034481,2,1,0,18,19,3,7,9,9,0,0,0,0,0,3,1,6,6,1,15,3,-1,-1,-1,-1,-1,-1,0,-1
202560C034542,2025,60C034542,1,9,0,1,1,0,5,0,0,0,0,0,0,0,2,1,6,6,1,20,4,-1,-1,-1,-1,-1,-1,0,-1
202560C035797,2025,60C035797,2,9,0,18,19,3,7,0,0,8,0,0,0,0,1,1,6,6,1,62,9,-1,-1,-1,-1,-1,-1,0,-1
202560C035797,2025,60C035797,1,1,0,18,19,8,4,0,0,6,0,0,0,11,3,1,6,6,1,39,7,-1,-1,-1,-1,-1,-1,0,-1
202560C036173,2025,60C036173,2,1,0,18,19,6,2,0,0,2,0,0,0,0,4,-1,6,6,2,74,10,-1,-1,-1,-1,-1,-1,0,-1
202560C036173,2025,60C036173,1,9,0,5,5,6,2,0,0,1,0,0,0,0,1,1,6,6,1,80,11,-1,-1,-1,-1,-1,-1,0,-1
202560C036189,2025,60C036189,2,9,0,18,19,8,3,0,0,1,0,0,0,0,2,1,6,6,2,36,7,-1,-1,-1,-1,-1,-1,0,-1
202560C036189,2025,60C036189,1,9,0,18,19,8,3,0,0,1,0,0,0,0,1,1,6,6,2,23,5,-1,-1,-1,-1,-1,-1,0,-1
202560C036572,2025,60C036572,2,1,0,11,11,7,3,0,0,0,0,0,0,0,2,1,6,6,1,14,3,-1,-1,-1,-1,-1,-1,0,-1
202560C036572,2025,60C036572,1,9,0,18,19,7,3,0,0,0,0,0,0,0,1,1,6,6,2,20,4,-1,-1,-1,-1,-1,-1,0,-1
202560C036777,2025,60C036777,2,9,0,2,2,0,0,0,0,0,0,0,0,0,2,1,6,6,3,0,1,-1,-1,-1,-1,-1,-1,0,-1
202560C036777,2025,60C036777,3,9,0,18,19,1,5,0,0,0,0,0,0,0,3,1,5,6,1,43,7,-1,-1,-1,-1,-1,-1,0,-1
202560C036777,2025,60C036777,1,9,0,14,14,5,1,0,0,0,5,4,0,0,1,1,5,6,2,84,11,-1,-1,-1,-1,-1,-1,0,-1
202560C036820,2025,60C036820,1,9,0,16,19,1,5,0,0,1,0,0,0,0,3,1,6,6,2,58,9,-1,-1,-1,-1,-1,-1,0,-1
202560C037368,2025,60C037368,1,9,0,18,19,1,5,0,0,1,0,0,0,0,3,1,6,6,1,47,8,-1,-1,-1,-1,-1,-1,0,-1
202560C037914,2025,60C037914,1,9,0,9,9,1,7,0,0,2,0,0,0,0,1,1,6,6,2,50,8,-1,-1,-1,-1,-1,-1,0,-1
202560C037996,2025,60C037996,1,9,0,4,4,3,6,0,0,0,0,0,0,0,1,1,5,6,1,21,5,-1,-1,-1,-1,-1,-1,0,-1
202560C038418,2025,60C038418,1,9,0,18,19,7,3,0,0,4,0,0,0,0,2,1,6,6,1,35,6,-1,-1,-1,-1,-1,-1,0,-1
202560C038418,2025,60C038418,2,1,0,18,19,1,5,0,0,3,0,0,0,0,2,-1,6,6,1,35,6,-1,-1,-1,-1,-1,-1,0,-1
202560C038505,2025,60C038505,1,9,0,18,19,7,3,0,0,0,5,0,1,11,4,1,6,6,2,76,11,-1,-1,-1,-1,-1,-1,0,-1
202560C038505,2025,60C038505,2,9,0,18,19,3,7,0,0,0,0,0,0,0,1,1,6,6,2,42,7,-1,-1,-1,-1,-1,-1,0,-1
202560C038806,2025,60C038806,1,9,0,9,9,5,4,0,0,8,0,0,0,0,3,1,1,1,1,39,7,-1,-1,-1,-1,-1,-1,0,-1
202560C038806,2025,60C038806,2,9,0,18,19,4,8,0,0,1,0,0,0,0,1,1,6,6,1,58,9,-1,-1,-1,-1,-1,-1,0,-1
202560C038891,2025,60C038891,2,9,0,18,19,5,1,0,0,0,0,0,0,0,3,1,5,6,1,78,11,-1,-1,-1,-1,-1,-1,0,-1
202560C038891,2025,60C038891,1,5,0,13,13,5,1,0,0,0,0,0,0,0,3,1,5,6,1,69,10,-1,-1,-1,-1,-1,-1,0,-1
202560C038891,2025,60C038891,3,9,0,18,19,1,5,0,0,0,0,0,0,0,3,1,5,6,1,71,10,-1,-1,-1,-1,-1,-1,0,-1
202560C039085,2025,60C039085,1,5,0,9,9,4,2,0,0,6,5,0,0,0,4,1,6,6,1,55,8,-1,-1,-1,-1,-1,-1,0,-1
202560C039844,2025,60C039844,1,3,0,18,19,7,3,0,0,1,0,11,0,0,1,1,6,6,1,19,4,-1,-1,-1,-1,-1,-1,0,-1
202560C040095,2025,60C040095,2,9,0,18,19,3,7,0,0,0,0,0,0,0,1,1,5,6,2,83,11,-1,-1,-1,-1,-1,-1,0,-1
202560C040095,2025,60C040095,1,9,0,18,19,7,3,0,0,0,0,0,0,0,1,1,5,6,1,18,4,-1,-1,-1,-1,-1,-1,0,-1
202560C040117,2025,60C040117,2,9,0,2,2,0,0,0,0,0,0,0,0,0,1,1,5,6,2,28,6,-1,-1,-1,-1,-1,-1,0,-1
202560C040117,2025,60C040117,1,1,0,18,19,7,3,0,0,0,0,0,0,0,1,1,5,6,1,59,9,-1,-1,-1,-1,-1,-1,0,-1
202560C040428,2025,60C040428,1,9,0,18,19,5,1,0,0,0,0,0,0,0,1,1,5,6,1,32,6,-1,-1,-1,-1,-1,-1,0,-1
202560C040986,2025,60C040986,2,9,0,10,10,5,1,0,0,1,0,0,0,0,1,1,6,6,1,81,11,-1,-1,-1,-1,-1,-1,0,-1
202560C040986,2025,60C040986,1,9,0,4,4,7,3,0,0,1,0,0,0,0,1,1,6,6,2,67,10,-1,-1,-1,-1,-1,-1,0,-1
202560C041381,2025,60C041381,2,9,0,18,19,1,5,0,0,1,2,0,1,11,4,1,6,6,2,47,8,-1,-1,-1,-1,-1,-1,0,-1
202560C041381,2025,60C041381,3,9,0,18,19,3,7,0,0,1,0,0,0,0,0,1,6,6,1,0,1,-1,-1,-1,-1,-1,-1,0,-1
202560C041381,2025,60C041381,1,9,0,18,19,3,7,0,0,6,1,0,1,11,1,1,6,6,1,22,5,-1,-1,-1,-1,-1,-1,0,-1
202560C041668,2025,60C041668,2,1,0,18,19,1,5,0,0,4,0,0,0,0,2,-1,6,6,1,40,7,-1,-1,-1,-1,-1,-1,0,-1
202560C041668,2025,60C041668,1,9,0,13,13,1,5,0,0,4,0,0,0,0,1,1,5,6,1,67,10,-1,-1,-1,-1,-1,-1,0,-1
202560C042063,2025,60C042063,2,9,0,9,9,4,2,0,0,8,1,0,0,0,3,1,2,2,2,33,6,-1,-1,-1,-1,-1,-1,0,-1
202560C042063,2025,60C042063,1,9,0,18,19,4,8,0,0,8,1,0,7,1,1,1,6,6,2,43,7,-1,-1,-1,-1,-1,-1,0,-1
202560C042305,2025,60C042305,1,9,0,16,19,7,3,0,0,7,1,10,5,2,1,1,5,6,2,26,6,-1,-1,-1,-1,-1,-1,0,-1
202560C043364,2025,60C043364,2,9,0,18,19,5,1,0,0,1,0,0,1,11,1,1,6,6,1,40,7,-1,-1,-1,-1,-1,-1,0,-1
202560C043364,2025,60C043364,1,9,0,9,9,7,5,0,0,1,0,0,0,0,1,1,6,6,2,25,5,-1,-1,-1,-1,-1,-1,0,-1
202560C043772,2025,60C043772,2,9,0,8,8,9,9,0,0,1,0,0,0,0,1,1,6,6,1,83,11,-1,-1,-1,-1,-1,-1,0,-1
202560C043772,2025,60C043772,1,9,0,10,10,9,9,0,0,1,0,0,0,0,1,1,6,6,1,73,10,-1,-1,-1,-1,-1,-1,0,-1
202560C044414,2025,60C044414,2,1,0,18,19,2,6,0,0,1,0,0,0,0,1,-1,6,6,1,17,4,-1,-1,-1,-1,-1,-1,0,-1
202560C044414,2025,60C044414,1,9,0,18,19,4,8,0,0,1,0,0,0,0,1,1,5,6,1,30,6,-1,-1,-1,-1,-1,-1,0,-1
202560C044442,2025,60C044442,1,9,0,18,19,3,7,0,0,0,0,0,0,0,1,1,5,6,1,64,9,-1,-1,-1,-1,-1,-1,0,-1
202560C044442,2025,60C044442,2,9,0,14,14,7,3,0,0,0,0,4,0,0,1,1,5,6,2,45,7,-1,-1,-1,-1,-1,-1,0,-1
202560C044488,2025,60C044488,2,9,0,18,19,1,5,0,0,8,0,4,1,11,1,1,6,6,1,29,6,-1,-1,-1,-1,-1,-1,0,-1
202560C044488,2025,60C044488,1,90,0,18,19,7,3,0,0,8,0,0,0,0,1,1,1,1,1,37,7,-1,-1,-1,-1,-1,-1,0,-1
202560C044488,2025,60C044488,3,9,0,2,2,0,0,0,0,2,0,0,1,11,3,1,6,6,1,47,8,-1,-1,-1,-1,-1,-1,0,-1
202560C044680,2025,60C044680,1,3,0,15,15,5,1,0,0,0,1,0,0,0,3,1,6,6,1,18,4,-1,-1,-1,-1,-1,-1,0,-1
202560C044680,2025,60C044680,2,9,0,18,19,1,5,0,0,0,0,0,0,0,3,1,6,6,1,48,8,-1,-1,-1,-1,-1,-1,0,-1
202560C045968,2025,60C045968,1,9,0,9,9,4,3,6,6,5,0,0,0,0,1,1,5,6,1,74,10,-1,-1,-1,-1,-1,-1,0,-1
202560C045968,2025,60C045968,2,9,0,18,19,8,4,0,0,1,0,0,0,0,1,1,5,6,2,26,6,-1,-1,-1,-1,-1,-1,0,-1