collision_index,collision_year,collision_ref_no,vehicle_reference,vehicle_type,towing_and_articulation,vehicle_manoeuvre_historic,vehicle_manoeuvre,vehicle_direction_from,vehicle_direction_to,vehicle_location_restricted_lane_historic,vehicle_location_restricted_lane,junction_location,skidding_and_overturning,hit_object_in_carriageway,vehicle_leaving_carriageway,hit_object_off_carriageway,first_point_of_impact,vehicle_left_hand_drive,journey_purpose_of_driver_historic,journey_purpose_of_driver,sex_of_driver,age_of_driver,age_band_of_driver,engine_capacity_cc,propulsion_code,age_of_vehicle,generic_make_model,driver_imd_decile,lsoa_of_driver,escooter_flag,driver_distance_banding
202560C046179,2025,60C046179,1,9,0,13,13,5,1,0,0,2,0,0,0,0,4,1,6,6,3,0,1,-1,-1,-1,-1,-1,-1,0,-1
202560C046179,2025,60C046179,2,1,0,18,19,5,1,0,0,2,0,0,0,0,3,1,1,1,2,37,7,-1,-1,-1,-1,-1,-1,0,-1
202560C047681,2025,60C047681,1,9,0,18,19,3,7,0,0,1,0,0,0,0,1,1,5,6,2,59,9,-1,-1,-1,-1,-1,-1,0,-1
202560C047681,2025,60C047681,2,9,0,18,19,7,3,0,0,1,0,10,0,0,3,1,5,6,2,55,8,-1,-1,-1,-1,-1,-1,0,-1
202560C047681,2025,60C047681,3,9,0,18,19,7,3,0,0,1,0,0,0,0,3,1,5,6,2,21,5,-1,-1,-1,-1,-1,-1,0,-1
202560C048044,2025,60C048044,1,9,0,18,19,3,7,1,1,0,0,0,1,0,1,1,6,6,1,40,7,-1,-1,-1,-1,-1,-1,0,-1
202560C048362,2025,60C048362,3,9,0,10,10,3,7,0,0,8,0,0,0,0,0,1,6,6,1,64,9,-1,-1,-1,-1,-1,-1,0,-1
202560C048362,2025,60C048362,2,5,0,18,19,7,3,0,0,1,0,0,0,0,1,1,6,6,1,43,7,-1,-1,-1,-1,-1,-1,0,-1
202560C048362,2025,60C048362,1,9,0,9,9,1,7,0,0,8,0,0,0,0,3,1,6,6,1,60,9,-1,-1,-1,-1,-1,-1,0,-1
202560C048399,2025,60C048399,1,97,0,18,19,7,3,0,0,0,5,0,0,11,4,1,5,6,1,37,7,-1,-1,-1,-1,-1,-1,0,-1
202560C048475,2025,60C048475,2,9,0,15,15,1,5,0,0,0,0,0,0,0,1,1,6,6,1,20,4,-1,-1,-1,-1,-1,-1,0,-1
202560C048475,2025,60C048475,1,9,0,12,12,1,5,0,0,0,0,0,0,0,2,1,2,2,2,58,9,-1,-1,-1,-1,-1,-1,0,-1
202560C048745,2025,60C048745,1,98,0,18,19,3,7,0,0,0,0,0,0,0,1,1,1,1,1,35,6,-1,-1,-1,-1,-1,-1,0,-1
202560C048745,2025,60C048745,2,17,4,18,19,3,7,0,0,0,0,0,0,0,2,1,1,1,1,28,6,-1,-1,-1,-1,-1,-1,0,-1
202560C048986,2025,60C048986,1,9,0,17,19,1,5,0,0,0,0,0,0,11,1,1,2,2,1,17,4,-1,-1,-1,-1,-1,-1,0,-1
202560C048986,2025,60C048986,2,9,0,16,19,5,1,0,0,0,5,0,0,11,1,1,6,6,1,63,9,-1,-1,-1,-1,-1,-1,0,-1
202560C049467,2025,60C049467,1,3,0,18,19,1,5,0,0,0,0,0,0,0,1,1,6,6,1,18,4,-1,-1,-1,-1,-1,-1,0,-1
202560C049632,2025,60C049632,2,1,0,18,19,5,1,0,0,1,0,0,0,0,1,1,5,6,1,29,6,-1,-1,-1,-1,-1,-1,0,-1
202560C049632,2025,60C049632,1,9,0,9,9,3,1,0,0,8,0,0,0,0,1,1,5,6,1,31,6,-1,-1,-1,-1,-1,-1,0,-1
202560C049649,2025,60C049649,2,9,0,8,8,6,2,0,0,1,0,0,0,0,2,1,1,1,2,37,7,-1,-1,-1,-1,-1,-1,0,-1
202560C049649,2025,60C049649,1,9,0,4,4,6,2,0,0,1,1,0,0,0,1,1,1,1,3,50,8,-1,-1,-1,-1,-1,-1,0,-1
202560C050514,2025,60C050514,1,9,0,18,19,6,2,0,0,0,2,0,0,0,1,1,6,6,1,37,7,-1,-1,-1,-1,-1,-1,0,-1
202560C050514,2025,60C050514,2,9,0,3,3,6,2,0,0,0,0,0,0,6,2,1,6,6,1,79,11,-1,-1,-1,-1,-1,-1,0,-1
202560C051240,2025,60C051240,1,21,0,16,19,5,8,0,0,5,0,0,0,0,1,1,1,1,1,51,8,-1,-1,-1,-1,-1,-1,0,-1
202560C051240,2025,60C051240,2,9,0,10,10,5,3,0,0,2,0,0,0,0,2,1,5,6,1,21,5,-1,-1,-1,-1,-1,-1,0,-1
202560C051240,2025,60C051240,3,9,0,17,19,8,5,0,0,1,0,0,0,0,1,1,5,6,1,76,11,-1,-1,-1,-1,-1,-1,0,-1
202560C051359,2025,60C051359,1,9,0,9,9,3,7,0,0,1,0,0,0,0,1,1,6,6,1,32,6,-1,-1,-1,-1,-1,-1,0,-1
202560C051359,2025,60C051359,2,9,0,18,19,4,8,0,0,1,0,0,0,0,1,1,6,6,2,67,10,-1,-1,-1,-1,-1,-1,0,-1
202560C052036,2025,60C052036,1,9,0,4,4,7,3,0,0,1,0,0,0,0,4,1,6,6,1,52,8,-1,-1,-1,-1,-1,-1,0,-1
202560C052122,2025,60C052122,1,9,0,16,19,5,1,0,0,0,5,0,0,3,1,1,5,6,1,17,4,-1,-1,-1,-1,-1,-1,0,-1
202560C052274,2025,60C052274,2,1,0,18,19,5,1,0,0,1,0,0,0,0,1,1,6,6,1,36,7,-1,-1,-1,-1,-1,-1,0,-1
202560C052274,2025,60C052274,1,9,0,7,7,5,7,0,0,1,0,0,0,0,1,1,6,6,1,50,8,-1,-1,-1,-1,-1,-1,0,-1
202560C052304,2025,60C052304,1,9,0,18,19,1,5,0,0,0,2,0,1,4,1,1,5,6,1,27,6,-1,-1,-1,-1,-1,-1,0,-1
202560C052475,2025,60C052475,2,1,0,7,7,6,1,0,0,2,0,0,0,0,2,1,5,6,1,48,8,-1,-1,-1,-1,-1,-1,0,-1
202560C052475,2025,60C052475,1,9,0,18,19,6,1,0,0,6,0,0,0,0,1,1,6,6,1,30,6,-1,-1,-1,-1,-1,-1,0,-1
202560C052662,2025,60C052662,2,9,0,18,19,3,7,0,0,3,0,0,0,0,1,1,5,6,2,30,6,-1,-1,-1,-1,-1,-1,0,-1
202560C052662,2025,60C052662,1,9,0,18,19,5,1,0,0,3,0,0,0,0,2,1,5,6,2,38,7,-1,-1,-1,-1,-1,-1,0,-1
202560C053155,2025,60C053155,1,98,1,18,19,3,7,0,0,0,0,0,0,0,1,1,1,1,1,0,1,-1,-1,-1,-1,-1,-1,0,-1
202560C053327,2025,60C053327,1,19,0,1,1,6,2,0,0,0,0,0,0,0,2,1,6,6,2,36,7,-1,-1,-1,-1,-1,-1,0,-1
202560C053327,2025,60C053327,2,9,0,18,19,6,2,0,0,0,0,0,0,0,1,1,6,6,2,22,5,-1,-1,-1,-1,-1,-1,0,-1
202560C053534,2025,60C053534,1,9,0,18,19,7,3,0,0,8,0,0,0,0,1,1,6,6,2,22,5,-1,-1,-1,-1,-1,-1,0,-1
202560C053534,2025,60C053534,2,9,0,18,19,3,7,0,0,4,0,0,0,0,1,1,6,6,2,34,6,-1,-1,-1,-1,-1,-1,0,-1
202560C053643,2025,60C053643,1,9,0,18,19,3,1,0,0,2,0,0,0,0,4,1,5,6,1,18,4,-1,-1,-1,-1,-1,-1,0,-1
202560C053643,2025,60C053643,2,17,0,18,19,5,1,0,0,1,0,0,1,4,4,1,1,1,1,60,9,-1,-1,-1,-1,-1,-1,0,-1
202560C054275,2025,60C054275,1,9,0,9,9,3,5,0,0,8,0,0,0,0,1,1,5,6,2,81,11,-1,-1,-1,-1,-1,-1,0,-1
202560C054275,2025,60C054275,2,1,0,18,19,3,7,0,0,1,0,0,0,0,1,1,6,6,1,63,9,-1,-1,-1,-1,-1,-1,0,-1
202560C054350,2025,60C054350,1,9,0,17,19,1,5,0,0,8,0,0,0,0,1,1,6,6,2,29,6,-1,-1,-1,-1,-1,-1,0,-1
202560C054350,2025,60C054350,2,9,0,16,19,6,2,0,0,8,0,0,0,0,1,1,6,6,2,30,6,-1,-1,-1,-1,-1,-1,0,-1
202560C054548,2025,60C054548,1,11,0,5,5,6,2,0,0,0,0,4,1,10,1,1,1,1,1,0,1,-1,-1,-1,-1,-1,-1,0,-1
202560C054548,2025,60C054548,2,9,0,2,2,0,0,0,0,0,0,0,0,0,2,1,1,1,2,55,8,-1,-1,-1,-1,-1,-1,0,-1
202560C054593,2025,60C054593,1,9,0,18,19,5,1,0,0,0,0,0,0,11,1,1,5,6,1,18,4,-1,-1,-1,-1,-1,-1,0,-1
202560C054856,2025,60C054856,1,9,0,18,19,3,7,0,0,0,1,7,1,0,1,1,6,6,1,76,11,-1,-1,-1,-1,-1,-1,0,-1
202560C055040,2025,60C055040,1,9,0,5,5,8,4,0,0,1,0,0,0,0,3,1,5,6,1,19,4,-1,-1,-1,-1,-1,-1,0,-1
202560C055896,2025,60C055896,1,5,0,17,19,6,3,0,0,0,0,0,1,11,1,1,5,6,1,54,8,-1,-1,-1,-1,-1,-1,0,-1
202560C055911,2025,60C055911,1,9,0,4,4,4,8,0,0,1,0,0,0,0,3,1,5,6,1,41,7,-1,-1,-1,-1,-1,-1,0,-1
202560C057641,2025,60C057641,1,9,0,17,19,6,1,0,0,0,0,0,0,0,1,1,5,6,1,21,5,-1,-1,-1,-1,-1,-1,0,-1
202560C057641,2025,60C057641,3,9,0,16,19,6,1,0,0,0,0,0,1,4,1,1,5,6,1,20,4,-1,-1,-1,-1,-1,-1,0,-1
202560C057641,2025,60C057641,2,9,0,16,19,1,6,0,0,0,0,0,0,0,1,1,5,6,2,55,8,-1,-1,-1,-1,-1,-1,0,-1
202560C057735,2025,60C057735,1,9,0,16,19,5,1,0,0,0,1,0,1,0,1,1,6,6,2,17,4,-1,-1,-1,-1,-1,-1,0,-1
202560C057735,2025,60C057735,2,9,0,17,19,1,5,0,0,0,1,0,0,0,1,1,6,6,2,19,4,-1,-1,-1,-1,-1,-1,0,-1
202560C057975,2025,60C057975,2,97,0,18,19,5,1,0,0,1,0,0,0,0,1,1,6,6,2,60,9,-1,-1,-1,-1,-1,-1,0,-1
202560C057975,2025,60C057975,1,19,0,10,10,7,3,0,0,6,0,0,0,0,3,1,6,6,1,25,5,-1,-1,-1,-1,-1,-1,0,-1
202560C058038,2025,60C058038,3,9,0,18,19,3,7,0,0,0,0,0,0,0,3,1,6,6,1,41,7,-1,-1,-1,-1,-1,-1,0,-1
202560C058038,2025,60C058038,4,9,0,18,19,3,7,0,0,0,0,0,0,0,3,1,6,6,2,62,9,-1,-1,-1,-1,-1,-1,0,-1
202560C058038,2025,60C058038,1,9,0,18,19,7,3,0,0,0,0,0,7,7,1,1,6,6,2,68,10,-1,-1,-1,-1,-1,-1,0,-1
202560C058038,2025,60C058038,2,9,0,18,19,7,3,0,0,0,0,0,0,0,2,1,6,6,2,35,6,-1,-1,-1,-1,-1,-1,0,-1
202560C059547,2025,60C059547,2,1,0,18,19,7,3,0,0,1,0,0,0,0,2,1,5,6,2,13,3,-1,-1,-1,-1,-1,-1,0,-1
202560C059547,2025,60C059547,1,9,0,18,19,7,3,0,0,1,0,0,0,0,1,1,6,6,3,0,1,-1,-1,-1,-1,-1,-1,0,-1
202560C059636,2025,60C059636,1,5,0,17,19,8,5,0,0,0,1,0,1,9,4,1,5,6,1,44,7,-1,-1,-1,-1,-1,-1,0,-1
202560C060719,2025,60C060719,1,9,0,13,13,5,1,0,0,3,0,0,0,0,1,1,6,6,1,91,11,-1,-1,-1,-1,-1,-1,0,-1
202560C060719,2025,60C060719,3,9,0,18,19,5,1,0,0,3,0,0,0,0,3,1,6,6,1,81,11,-1,-1,-1,-1,-1,-1,0,-1
202560C060719,2025,60C060719,2,9,0,18,19,1,5,0,0,2,0,0,0,0,1,1,6,6,2,57,9,-1,-1,-1,-1,-1,-1,0,-1
202560C061439,2025,60C061439,1,5,0,16,19,8,1,0,0,7,1,0,7,1,3,1,5,6,1,63,9,-1,-1,-1,-1,-1,-1,0,-1
202560C062024,2025,60C062024,1,9,0,18,19,7,3,0,0,1,0,0,0,0,2,1,6,6,1,24,5,-1,-1,-1,-1,-1,-1,0,-1
202560C062024,2025,60C062024,2,21,0,18,19,7,3,0,0,1,0,0,0,0,1,1,1,1,1,36,7,-1,-1,-1,-1,-1,-1,0,-1
202560C062160,2025,60C062160,1,9,0,18,19,5,1,0,0,0,0,0,0,0,3,1,5,6,1,23,5,-1,-1,-1,-1,-1,-1,0,-1
202560C062160,2025,60C062160,2,5,0,18,19,1,5,0,0,0,0,0,0,0,4,1,5,6,1,23,5,-1,-1,-1,-1,-1,-1,0,-1
202560C062363,2025,60C062363,1,1,0,18,19,7,3,0,0,0,0,0,0,0,1,1,5,6,1,71,10,-1,-1,-1,-1,-1,-1,0,-1
202560C062363,2025,60C062363,2,9,0,18,19,7,3,0,0,0,0,0,0,0,2,1,5,6,1,32,6,-1,-1,-1,-1,-1,-1,0,-1
202560C062389,2025,60C062389,1,20,0,9,9,5,2,0,0,8,0,0,0,0,1,1,1,1,1,33,6,-1,-1,-1,-1,-1,-1,0,-1
202560C063167,2025,60C063167,1,9,0,16,19,4,8,0,0,0,0,0,0,0,1,1,6,6,1,32,6,-1,-1,-1,-1,-1,-1,0,-1
202560C063605,2025,60C063605,2,9,0,4,4,6,2,0,0,0,0,0,0,0,2,1,5,6,1,45,7,-1,-1,-1,-1,-1,-1,0,-1
202560C063605,2025,60C063605,1,5,0,4,4,6,2,0,0,0,1,0,0,0,1,1,5,6,1,57,9,-1,-1,-1,-1,-1,-1,0,-1
202560C064200,2025,60C064200,2,5,0,17,19,6,2,0,0,1,1,0,0,0,1,1,5,6,1,46,8,-1,-1,-1,-1,-1,-1,0,-1
202560C064200,2025,60C064200,1,9,0,9,9,2,6,0,0,1,0,0,0,0,4,1,5,6,1,24,5,-1,-1,-1,-1,-1,-1,0,-1
202560C064363,2025,60C064363,2,3,0,13,13,7,3,0,0,1,0,0,0,0,4,1,6,6,1,61,9,-1,-1,-1,-1,-1,-1,0,-1
202560C064363,2025,60C064363,1,9,0,18,19,7,3,0,0,1,0,0,0,0,3,1,6,6,1,35,6,-1,-1,-1,-1,-1,-1,0,-1
202560C064649,2025,60C064649,1,9,0,2,2,0,0,0,0,1,0,0,0,0,3,1,5,6,1,60,9,-1,-1,-1,-1,-1,-1,0,-1
202560C064649,2025,60C064649,2,1,0,4,4,1,5,0,0,1,0,0,0,0,1,1,6,6,2,55,8,-1,-1,-1,-1,-1,-1,0,-1
202560C064663,2025,60C064663,1,9,0,18,19,6,2,0,0,1,1,0,0,0,1,1,5,6,1,61,9,-1,-1,-1,-1,-1,-1,0,-1
202560C064663,2025,60C064663,2,9,0,18,19,2,6,0,0,1,1,0,1,0,1,1,5,6,1,35,6,-1,-1,-1,-1,-1,-1,0,-1
202560C065244,2025,60C065244,2,9,0,18,19,1,5,0,0,1,0,0,0,0,2,1,6,6,2,30,6,-1,-1,-1,-1,-1,-1,0,-1
202560C065244,2025,60C065244,1,19,0,18,19,1,5,0,0,1,0,0,0,0,1,1,6,6,1,0,1,-1,-1,-1,-1,-1,-1,0,-1
202560C065727,2025,60C065727,1,9,0,5,5,6,8,0,0,6,0,0,0,0,1,1,1,1,2,46,8,-1,-1,-1,-1,-1,-1,0,-1
202560C065727,2025,60C065727,2,19,0,18,19,3,7,0,0,1,0,0,0,0,4,1,6,6,3,0,1,-1,-1,-1,-1,-1,-1,0,-1
202560C065871,2025,60C065871,1,9,0,16,19,7,3,0,0,0,0,0,0,0,1,1,6,6,1,0,1,-1,-1,-1,-1,-1,-1,0,-1
202560C065871,2025,60C065871,2,9,0,17,19,7,3,0,0,0,0,0,1,0,1,1,6,6,1,40,7,-1,-1,-1,-1,-1,-1,0,-1
202560C065936,2025,60C065936,1,3,0,18,19,1,5,0,0,1,0,0,0,0,3,1,2,2,1,17,4,-1,-1,-1,-1,-1,-1,0,-1
202560C065936,2025,60C065936,2,9,0,9,9,2,5,0,0,6,0,0,0,0,3,1,2,2,1,48,8,-1,-1,-1,-1,-1,-1,0,-1
202560C066078,2025,60C066078,1,9,0,17,19,3,7,0,0,0,1,0,7,11,1,1,5,6,1,23,5,-1,-1,-1,-1,-1,-1,0,-1
202560C066938,2025,60C066938,1,19,0,18,19,5,1,0,0,1,0,0,0,0,1,1,6,6,1,0,1,-1,-1,-1,-1,-1,-1,0,-1
202560C066938,2025,60C066938,2,9,0,18,19,5,1,0,0,1,0,0,0,0,2,1,6,6,1,56,9,-1,-1,-1,-1,-1,-1,0,-1
202560C067001,2025,60C067001,2,9,0,16,19,7,3,0,0,0,0,0,0,0,1,1,6,6,1,32,6,-1,-1,-1,-1,-1,-1,0,-1
202560C067001,2025,60C067001,3,9,0,18,19,3,7,0,0,0,0,0,0,0,3,1,5,6,1,73,10,-1,-1,-1,-1,-1,-1,0,-1
202560C067001,2025,60C067001,1,9,0,17,19,3,7,0,0,0,0,0,0,0,1,1,5,6,1,20,4,-1,-1,-1,-1,-1,-1,0,-1
202560C067082,2025,60C067082,2,19,0,17,19,2,6,0,0,0,1,0,0,0,1,1,5,6,1,62,9,-1,-1,-1,-1,-1,-1,0,-1
202560C067082,2025,60C067082,1,5,0,16,19,6,2,0,0,0,5,0,0,0,1,1,6,6,1,20,4,-1,-1,-1,-1,-1,-1,0,-1
202560C067082,2025,60C067082,3,5,0,16,19,6,2,0,0,0,0,0,0,0,0,1,6,6,1,22,5,-1,-1,-1,-1,-1,-1,0,-1
202560C067576,2025,60C067576,1,5,0,18,19,2,6,0,0,0,1,12,0,0,1,1,5,6,1,36,7,-1,-1,-1,-1,-1,-1,0,-1
202560C068767,2025,60C068767,1,9,0,18,19,7,3,0,0,0,2,0,7,9,1,1,6,6,1,82,11,-1,-1,-1,-1,-1,-1,0,-1
202560C069022,2025,60C069022,1,9,0,18,19,5,1,0,0,0,5,0,1,4,1,1,6,6,1,42,7,-1,-1,-1,-1,-1,-1,0,-1
202560C069175,2025,60C069175,1,9,0,17,19,4,8,0,0,0,0,0,0,0,1,1,5,6,2,52,8,-1,-1,-1,-1,-1,-1,0,-1
202560C069175,2025,60C069175,2,9,0,2,2,0,0,0,0,0,0,0,0,0,3,1,5,6,2,55,8,-1,-1,-1,-1,-1,-1,0,-1
202560C070139,2025,60C070139,2,23,0,18,19,1,5,0,0,3,0,0,0,0,3,1,6,6,1,65,9,-1,-1,-1,-1,-1,-1,0,-1
202560C070139,2025,60C070139,1,9,0,18,19,3,7,0,0,4,0,0,0,0,1,1,6,6,2,59,9,-1,-1,-1,-1,-1,-1,0,-1
202560C070317,2025,60C070317,2,98,0,18,19,5,1,0,0,0,0,0,0,0,1,1,6,6,1,58,9,-1,-1,-1,-1,-1,-1,0,-1
202560C070317,2025,60C070317,1,98,0,18,19,1,5,0,0,0,0,0,0,0,1,1,6,6,1,20,4,-1,-1,-1,-1,-1,-1,0,-1
202560C070547,2025,60C070547,1,17,0,9,9,5,3,0,0,6,0,0,0,0,1,1,1,1,1,62,9,-1,-1,-1,-1,-1,-1,0,-1
202560C070547,2025,60C070547,2,9,0,18,19,3,7,0,0,8,0,0,0,4,1,1,5,6,2,38,7,-1,-1,-1,-1,-1,-1,0,-1
202560C070658,2025,60C070658,2,9,0,18,19,3,7,0,0,1,1,0,0,0,1,1,6,6,2,36,7,-1,-1,-1,-1,-1,-1,0,-1
202560C070658,2025,60C070658,1,9,0,5,5,5,7,0,0,1,0,0,0,0,3,1,5,6,1,17,4,-1,-1,-1,-1,-1,-1,0,-1
202560C070939,2025,60C070939,1,5,0,18,19,4,8,0,0,0,2,0,0,0,1,1,1,1,1,23,5,-1,-1,-1,-1,-1,-1,0,-1
202560C071017,2025,60C071017,1,9,0,7,7,5,7,0,0,0,0,0,0,0,1,1,6,6,2,60,9,-1,-1,-1,-1,-1,-1,0,-1
202560C071017,2025,60C071017,2,1,0,2,2,0,0,0,0,0,0,0,0,0,1,1,6,6,1,40,7,-1,-1,-1,-1,-1,-1,0,-1
202560C071126,2025,60C071126,1,5,0,4,4,7,3,0,0,8,1,9,0,0,1,1,5,6,1,58,9,-1,-1,-1,-1,-1,-1,0,-1
202560C071126,2025,60C071126,2,9,0,4,4,7,3,0,0,1,0,0,0,0,2,1,5,6,2,52,8,-1,-1,-1,-1,-1,-1,0,-1
202560C072364,2025,60C072364,2,9,0,18,19,5,1,0,0,0,0,0,1,4,3,1,5,6,2,21,5,-1,-1,-1,-1,-1,-1,0,-1
202560C072364,2025,60C072364,1,9,0,18,19,5,1,0,0,0,0,0,0,0,4,1,5,6,1,54,8,-1,-1,-1,-1,-1,-1,0,-1
202560C072716,2025,60C072716,1,9,0,9,9,5,1,0,0,0,1,0,0,0,1,1,6,6,2,29,6,-1,-1,-1,-1,-1,-1,0,-1
202560C072716,2025,60C072716,2,9,0,18,19,1,5,0,0,0,1,0,0,0,1,1,6,6,2,67,10,-1,-1,-1,-1,-1,-1,0,-1
202560C073068,2025,60C073068,1,9,0,1,1,5,1,0,0,1,0,0,0,0,2,1,6,6,2,77,11,-1,-1,-1,-1,-1,-1,0,-1
202560C074433,2025,60C074433,2,9,0,18,19,7,3,0,0,0,0,0,0,0,1,1,6,6,1,40,7,-1,-1,-1,-1,-1,-1,0,-1
202560C074433,2025,60C074433,3,19,0,18,19,3,7,0,0,0,0,0,0,0,0,1,6,6,2,58,9,-1,-1,-1,-1,-1,-1,0,-1
202560C074433,2025,60C074433,1,9,0,13,13,3,7,0,0,0,1,0,0,0,1,1,6,6,1,19,4,-1,-1,-1,-1,-1,-1,0,-1
202560C074502,2025,60C074502,2,9,0,18,19,7,3,0,0,8,0,0,0,0,1,1,5,6,2,78,11,-1,-1,-1,-1,-1,-1,0,-1
202560C074502,2025,60C074502,1,9,0,9,9,1,7,0,0,6,0,0,0,0,3,1,5,6,1,73,10,-1,-1,-1,-1,-1,-1,0,-1
202560C074708,2025,60C074708,1,17,4,16,19,5,1,0,0,0,0,0,0,0,2,1,6,6,1,0,1,-1,-1,-1,-1,-1,-1,0,-1
202560C074708,2025,60C074708,2,1,0,18,19,5,1,0,0,0,0,0,0,0,1,1,6,6,1,41,7,-1,-1,-1,-1,-1,-1,0,-1
202560C075875,2025,60C075875,2,5,0,13,13,8,4,0,0,1,0,0,7,0,4,1,6,6,1,64,9,-1,-1,-1,-1,-1,-1,0,-1
202560C075875,2025,60C075875,3,9,0,2,2,0,0,0,0,1,0,0,0,0,1,1,6,6,2,58,9,-1,-1,-1,-1,-1,-1,0,-1
202560C075875,2025,60C075875,1,9,0,12,12,8,2,0,0,1,0,0,0,0,3,1,6,6,1,28,6,-1,-1,-1,-1,-1,-1,0,-1
202560C075930,2025,60C075930,1,9,0,12,12,4,8,0,0,0,0,0,0,0,3,1,6,6,1,28,6,-1,-1,-1,-1,-1,-1,0,-1
202560C075930,2025,60C075930,3,9,0,2,2,0,0,6,6,0,0,0,0,0,3,1,6,6,2,58,9,-1,-1,-1,-1,-1,-1,0,-1
202560C075930,2025,60C075930,2,5,0,13,13,4,8,0,0,0,0,0,7,0,4,1,6,6,1,64,9,-1,-1,-1,-1,-1,-1,0,-1
202560C076739,2025,60C076739,2,3,0,4,4,6,2,0,0,4,1,0,0,0,4,1,2,2,1,18,4,-1,-1,-1,-1,-1,-1,0,-1
202560C076739,2025,60C076739,1,9,0,4,4,8,4,0,0,4,0,0,0,0,1,1,2,2,2,32,6,-1,-1,-1,-1,-1,-1,0,-1
202560C076752,2025,60C076752,1,1,0,18,19,8,3,0,0,6,0,0,0,0,1,1,5,6,1,19,4,-1,-1,-1,-1,-1,-1,0,-1
202560C076752,2025,60C076752,2,1,0,18,19,1,5,0,0,1,0,0,0,0,4,1,6,6,1,8,2,-1,-1,-1,-1,-1,-1,0,-1
202560C076824,2025,60C076824,2,9,0,18,19,4,8,0,0,0,0,0,1,0,3,1,5,6,1,69,10,-1,-1,-1,-1,-1,-1,0,-1
202560C076824,2025,60C076824,1,9,0,18,19,8,4,0,0,0,0,0,0,0,3,1,6,6,3,0,1,-1,-1,-1,-1,-1,-1,0,-1
202560C076954,2025,60C076954,1,9,0,16,19,5,1,0,0,0,0,0,1,0,1,1,5,6,2,82,11,-1,-1,-1,-1,-1,-1,0,-1
202560C077209,2025,60C077209,1,9,0,1,1,6,2,0,0,1,0,0,0,0,2,1,5,6,1,77,11,-1,-1,-1,-1,-1,-1,0,-1
202560C077275,2025,60C077275,1,9,0,4,4,3,7,0,0,0,0,0,0,0,1,1,6,6,1,33,6,-1,-1,-1,-1,-1,-1,0,-1
202560C079578,2025,60C079578,1,9,0,18,19,3,7,0,0,2,0,0,0,0,4,1,2,2,1,58,9,-1,-1,-1,-1,-1,-1,0,-1
202560C080296,2025,60C080296,1,9,0,18,19,4,8,0,0,0,0,10,0,11,1,1,5,6,2,75,10,-1,-1,-1,-1,-1,-1,0,-1
202560C080759,2025,60C080759,2,9,0,9,9,1,5,0,0,6,0,0,0,0,1,1,5,6,1,38,7,-1,-1,-1,-1,-1,-1,0,-1
202560C080759,2025,60C080759,1,4,0,18,19,1,5,0,0,1,0,0,0,0,3,1,6,6,1,23,5,-1,-1,-1,-1,-1,-1,0,-1
202560C081033,2025,60C081033,1,21,0,18,19,3,8,0,0,0,5,0,2,0,4,1,1,1,1,52,8,-1,-1,-1,-1,-1,-1,0,-1
202560C081041,2025,60C081041,2,1,0,4,4,5,1,0,0,1,0,0,0,0,1,-1,5,6,1,81,11,-1,-1,-1,-1,-1,-1,0,-1
202560C081041,2025,60C081041,1,9,0,5,5,5,1,0,0,7,0,0,0,0,1,1,1,1,1,29,6,-1,-1,-1,-1,-1,-1,0,-1
202560C081440,2025,60C081440,2,98,0,18,19,3,7,0,0,1,0,0,7,9,4,1,1,1,1,47,8,-1,-1,-1,-1,-1,-1,0,-1
202560C081440,2025,60C081440,1,9,0,9,9,5,1,0,0,8,0,0,1,0,3,1,1,1,1,64,9,-1,-1,-1,-1,-1,-1,0,-1
202560C081554,2025,60C081554,1,4,0,18,19,1,3,0,0,0,5,0,0,11,4,1,5,6,2,69,10,-1,-1,-1,-1,-1,-1,0,-1
202560C081719,2025,60C081719,1,9,3,18,19,8,3,0,0,1,4,0,0,0,2,1,1,1,1,0,1,-1,-1,-1,-1,-1,-1,0,-1
202560C081739,2025,60C081739,1,9,0,9,9,5,1,0,0,0,2,0,0,0,3,1,1,1,1,28,6,-1,-1,-1,-1,-1,-1,0,-1
202560C081739,2025,60C081739,2,9,0,13,13,5,1,0,0,0,2,0,7,0,4,1,5,6,1,35,6,-1,-1,-1,-1,-1,-1,0,-1
202560C082803,2025,60C082803,2,9,0,18,19,1,5,0,0,0,0,0,0,0,1,1,6,6,1,62,9,-1,-1,-1,-1,-1,-1,0,-1
202560C082803,2025,60C082803,1,9,0,18,19,5,1,0,0,0,0,0,0,0,1,1,3,7,2,39,7,-1,-1,-1,-1,-1,-1,0,-1
202560C083092,2025,60C083092,2,1,0,18,19,1,5,0,0,0,0,0,0,0,1,-1,6,6,1,56,9,-1,-1,-1,-1,-1,-1,0,-1
202560C083092,2025,60C083092,1,9,0,18,19,1,5,0,0,0,0,0,0,0,4,1,3,7,2,56,9,-1,-1,-1,-1,-1,-1,0,-1
202560C084583,2025,60C084583,1,9,0,5,5,1,2,0,0,0,0,0,0,0,1,1,6,6,2,18,4,-1,-1,-1,-1,-1,-1,0,-1
202560C084583,2025,60C084583,2,1,0,5,5,1,2,0,0,0,0,0,0,0,3,1,6,6,1,0,1,-1,-1,-1,-1,-1,-1,0,-1
202560C085040,2025,60C085040,2,9,0,9,9,2,8,0,0,1,0,0,0,0,3,1,5,6,1,30,6,-1,-1,-1,-1,-1,-1,0,-1
202560C085040,2025,60C085040,1,23,0,13,13,2,6,0,0,1,0,0,0,0,1,-1,2,2,1,17,4,-1,-1,-1,-1,-1,-1,0,-1
202560C085354,2025,60C085354,1,9,0,17,19,1,5,0,0,0,0,0,0,0,1,1,1,1,1,30,6,-1,-1,-1,-1,-1,-1,0,-1
202560C085354,2025,60C085354,2,9,0,16,19,5,1,0,0,0,0,0,1,11,1,1,5,6,1,50,8,-1,-1,-1,-1,-1,-1,0,-1
202560C085363,2025,60C085363,3,9,0,17,19,1,5,0,0,0,1,0,1,0,3,1,5,6,2,80,11,-1,-1,-1,-1,-1,-1,0,-1
202560C085363,2025,60C085363,1,21,0,16,19,5,1,0,0,0,0,0,7,0,1,1,1,1,1,21,5,-1,-1,-1,-1,-1,-1,0,-1
202560C085363,2025,60C085363,2,9,0,16,19,1,5,0,0,0,1,0,1,0,1,1,1,1,1,50,8,-1,-1,-1,-1,-1,-1,0,-1
202560C086105,2025,60C086105,1,9,0,18,19,5,1,0,0,0,0,0,0,0,1,1,6,6,2,77,11,-1,-1,-1,-1,-1,-1,0,-1