collision_index,collision_year,collision_ref_no,vehicle_reference,vehicle_type,towing_and_articulation,vehicle_manoeuvre_historic,vehicle_manoeuvre,vehicle_direction_from,vehicle_direction_to,vehicle_location_restricted_lane_historic,vehicle_location_restricted_lane,junction_location,skidding_and_overturning,hit_object_in_carriageway,vehicle_leaving_carriageway,hit_object_off_carriageway,first_point_of_impact,vehicle_left_hand_drive,journey_purpose_of_driver_historic,journey_purpose_of_driver,sex_of_driver,age_of_driver,age_band_of_driver,engine_capacity_cc,propulsion_code,age_of_vehicle,generic_make_model,driver_imd_decile,lsoa_of_driver,escooter_flag,driver_distance_banding
2025610007525,2025,610007525,1,9,0,17,19,1,7,0,0,0,0,0,1,11,3,1,6,6,1,67,10,-1,-1,-1,-1,8,W01001542,0,2
2025610007625,2025,610007625,1,9,0,5,5,4,8,0,0,4,0,0,0,0,1,1,6,6,2,69,10,-1,-1,-1,-1,2,W01001418,0,1
2025610007625,2025,610007625,2,9,0,9,9,8,6,0,0,8,0,0,0,0,4,1,6,6,2,34,6,-1,-1,-1,-1,2,W01001385,0,2
2025610007825,2025,610007825,1,19,0,18,19,4,8,0,0,0,0,0,0,0,1,1,1,1,1,30,6,-1,-1,-1,-1,5,E01022272,0,1
2025610007925,2025,610007925,1,9,0,18,19,8,4,0,0,8,0,0,0,0,4,1,1,1,2,60,9,-1,-1,-1,-1,7,W01002028,0,1
2025610007925,2025,610007925,2,90,0,7,7,2,4,0,0,8,0,0,0,0,1,1,5,6,1,17,4,-1,-1,-1,-1,7,W01002028,0,1
2025610008025,2025,610008025,1,9,0,18,19,5,1,0,0,0,0,0,0,0,1,1,5,6,2,72,10,-1,-1,-1,-1,6,W01001520,0,1
2025610008125,2025,610008125,2,97,0,13,13,2,6,0,0,0,0,0,0,0,1,1,2,2,1,48,8,-1,-1,-1,-1,5,E01022272,0,1
2025610008125,2025,610008125,1,19,0,6,6,2,2,0,0,0,0,0,0,0,3,1,2,2,1,58,9,-1,-1,-1,-1,3,E01022254,0,3
2025610008225,2025,610008225,1,9,0,18,19,7,3,0,0,7,0,0,3,7,1,1,5,6,1,34,6,-1,-1,-1,-1,1,W01001661,0,1
2025610008325,2025,610008325,2,1,0,18,19,7,3,0,0,0,0,0,0,0,1,1,5,6,2,9,2,-1,-1,-1,-1,9,W01001417,0,1
2025610008325,2025,610008325,1,19,0,18,19,3,7,0,0,0,0,0,0,0,1,1,6,6,2,38,7,-1,-1,-1,-1,3,W01001338,0,1
2025610008425,2025,610008425,2,90,0,18,19,4,8,0,0,8,0,0,0,0,1,1,6,6,1,17,4,-1,-1,-1,-1,9,W01001653,0,1
2025610008425,2025,610008425,1,9,0,5,5,6,4,0,0,2,0,0,0,0,3,1,6,6,1,27,6,-1,-1,-1,-1,5,E01029838,0,5
2025610008525,2025,610008525,1,90,0,18,19,6,2,0,0,0,0,0,0,0,0,1,5,6,1,57,9,-1,-1,-1,-1,8,W01001560,0,1
2025610008625,2025,610008625,1,19,0,14,14,2,6,0,0,2,0,0,0,0,4,1,2,2,1,51,8,-1,-1,-1,-1,6,W01001520,0,1
2025610008725,2025,610008725,2,4,0,18,19,8,4,0,0,8,0,0,0,0,4,1,6,6,1,31,6,-1,-1,-1,-1,3,W01001408,0,1
2025610008725,2025,610008725,1,9,0,5,5,2,8,0,0,8,0,0,0,0,1,1,6,6,1,0,1,-1,-1,-1,-1,7,W01002029,0,1
2025610008825,2025,610008825,1,21,1,13,13,8,4,0,0,0,0,0,0,0,1,1,1,1,1,33,6,-1,-1,-1,-1,-1,-1,0,-1
2025610008825,2025,610008825,2,9,0,18,19,8,4,0,0,0,0,0,0,0,3,1,6,6,1,58,9,-1,-1,-1,-1,1,W01001692,0,1
2025610008925,2025,610008925,2,19,0,2,2,0,0,0,0,0,0,0,0,0,2,1,6,6,1,50,8,-1,-1,-1,-1,8,W01001608,0,1
2025610008925,2025,610008925,1,1,0,18,19,2,6,0,0,0,0,4,0,0,1,1,6,6,1,75,10,-1,-1,-1,-1,6,W01001613,0,1
2025610009025,2025,610009025,1,9,0,1,1,8,4,0,0,0,0,0,0,0,2,1,3,7,1,29,6,-1,-1,-1,-1,9,W01001655,0,2
2025610009125,2025,610009125,1,9,0,9,9,8,6,0,0,8,0,0,0,0,1,1,5,6,2,32,6,-1,-1,-1,-1,10,W01001673,0,1
2025610009125,2025,610009125,2,1,0,18,19,4,8,0,0,8,0,0,1,1,3,1,5,6,1,16,4,-1,-1,-1,-1,5,W01001686,0,1
2025610009225,2025,610009225,1,9,0,18,19,2,6,0,0,0,0,0,0,0,1,1,6,6,1,77,11,-1,-1,-1,-1,5,W01001033,0,4
2025610009225,2025,610009225,2,9,0,18,19,2,6,0,0,0,0,0,0,0,2,1,6,6,1,43,7,-1,-1,-1,-1,5,W01001264,0,4
2025610009325,2025,610009325,1,5,0,18,19,5,1,0,0,0,0,10,5,6,1,1,6,6,1,25,5,-1,-1,-1,-1,6,W01001520,0,1
2025610009325,2025,610009325,2,9,0,18,19,5,1,0,0,0,0,0,0,0,2,1,6,6,2,27,6,-1,-1,-1,-1,2,W01001642,0,2
2025610009425,2025,610009425,1,9,0,18,19,6,2,0,0,8,0,0,0,0,1,1,5,6,1,50,8,-1,-1,-1,-1,9,W01001543,0,2
2025610009525,2025,610009525,1,9,0,18,19,1,5,0,0,4,1,0,3,1,1,1,5,6,1,41,7,-1,-1,-1,-1,7,W01001432,0,1
2025610009625,2025,610009625,1,9,0,16,19,6,1,0,0,0,0,0,0,0,1,1,6,6,1,30,6,-1,-1,-1,-1,3,W01001302,0,2
2025610009625,2025,610009625,2,9,0,17,19,1,6,0,0,0,0,0,0,0,1,1,6,6,1,18,4,-1,-1,-1,-1,2,W01001396,0,2
2025610009825,2025,610009825,1,9,0,18,19,3,7,0,0,0,1,4,1,11,1,1,5,6,1,20,4,-1,-1,-1,-1,7,W01001625,0,1
2025610009825,2025,610009825,2,9,0,2,2,0,0,0,0,0,0,0,1,11,1,1,5,6,1,0,1,-1,-1,-1,-1,2,W01001614,0,1
2025610009825,2025,610009825,4,9,0,2,2,0,0,0,0,0,0,0,1,11,1,1,5,6,3,0,1,-1,-1,-1,-1,-1,-1,0,-1
2025610009825,2025,610009825,3,9,0,2,2,0,0,0,0,0,0,0,1,11,1,1,5,6,3,0,1,-1,-1,-1,-1,2,W01001660,0,1
2025610009925,2025,610009925,1,9,0,4,4,6,1,0,0,1,0,0,3,2,1,1,5,6,2,79,11,-1,-1,-1,-1,9,W01001545,0,1
2025610010025,2025,610010025,1,9,0,18,19,4,8,0,0,8,0,4,0,0,3,1,5,6,1,51,8,-1,-1,-1,-1,3,W01001429,0,3
2025610010025,2025,610010025,3,9,0,2,2,0,0,0,0,2,0,0,0,0,1,1,5,6,2,53,8,-1,-1,-1,-1,1,W01001326,0,1
2025610010025,2025,610010025,2,9,0,9,9,2,8,0,0,8,0,0,0,0,1,1,6,6,3,0,1,-1,-1,-1,-1,-1,-1,0,-1
2025610010125,2025,610010125,1,9,0,16,19,1,3,0,0,0,0,0,7,8,1,1,6,6,1,80,11,-1,-1,-1,-1,7,W01001548,0,1
2025610010225,2025,610010225,1,9,0,18,19,5,1,0,0,1,1,0,0,0,1,1,6,6,2,22,5,-1,-1,-1,-1,2,W01001467,0,1
2025610010325,2025,610010325,1,9,0,5,5,3,7,0,0,8,0,0,3,11,1,1,5,6,2,84,11,-1,-1,-1,-1,-1,-1,0,-1
2025610010425,2025,610010425,2,90,0,18,19,8,4,9,9,8,0,0,0,0,1,1,6,6,1,17,4,-1,-1,-1,-1,1,W01001617,0,1
2025610010425,2025,610010425,1,9,0,7,7,2,4,9,9,6,0,0,0,0,1,1,6,6,1,54,8,-1,-1,-1,-1,2,W01001618,0,1
2025610010525,2025,610010525,1,9,0,18,19,7,3,0,0,0,0,0,0,0,3,1,6,6,2,55,8,-1,-1,-1,-1,6,W01001534,0,1
2025610010525,2025,610010525,2,1,0,18,19,5,1,0,0,0,0,0,0,0,1,1,6,6,1,9,2,-1,-1,-1,-1,6,W01001504,0,1
2025610010625,2025,610010625,1,9,0,18,19,2,6,0,0,0,5,0,1,7,1,1,5,6,1,23,5,-1,-1,-1,-1,5,W01001172,0,4
2025610010625,2025,610010625,3,21,1,18,19,6,2,0,0,0,1,0,0,0,1,1,2,2,1,46,8,-1,-1,-1,-1,2,W01001866,0,3
2025610010625,2025,610010625,2,9,0,18,19,6,2,0,0,0,0,0,0,0,1,1,5,6,1,20,4,-1,-1,-1,-1,6,W01001576,0,4
2025610010725,2025,610010725,2,90,0,14,14,3,7,0,0,8,0,0,0,0,4,1,6,6,1,20,4,-1,-1,-1,-1,-1,-1,0,-1
2025610010725,2025,610010725,1,9,0,9,9,3,2,0,0,8,0,0,0,0,3,1,5,6,2,43,7,-1,-1,-1,-1,4,W01002032,0,1
2025610010825,2025,610010825,1,9,0,7,7,3,5,0,0,8,0,0,0,0,1,1,6,6,1,55,8,-1,-1,-1,-1,5,W01002031,0,3
2025610010925,2025,610010925,3,9,0,18,19,2,6,0,0,0,0,0,0,0,0,1,6,6,3,0,1,-1,-1,-1,-1,-1,-1,0,-1
2025610010925,2025,610010925,1,9,0,18,19,2,6,0,0,0,0,0,0,0,2,1,6,6,2,31,6,-1,-1,-1,-1,2,W01001529,0,2
2025610010925,2025,610010925,2,9,0,18,19,2,6,0,0,0,0,0,0,0,1,1,6,6,1,77,11,-1,-1,-1,-1,9,W01001517,0,1
2025610011025,2025,610011025,2,9,0,18,19,1,5,0,0,3,2,0,0,0,4,1,2,2,1,57,9,-1,-1,-1,-1,9,W01001651,0,1
2025610011025,2025,610011025,1,9,0,17,19,1,6,0,0,8,0,0,0,0,3,1,2,2,2,46,8,-1,-1,-1,-1,5,W01001383,0,3
2025610011125,2025,610011125,3,9,0,18,19,8,4,0,0,1,0,0,0,0,3,1,6,6,1,33,6,-1,-1,-1,-1,7,W01001584,0,1
2025610011125,2025,610011125,1,5,0,16,19,6,8,0,0,3,0,0,0,0,3,1,6,6,1,71,10,-1,-1,-1,-1,10,W01001586,0,1
2025610011125,2025,610011125,2,9,0,18,19,8,4,0,0,1,0,0,0,0,3,1,6,6,1,62,9,-1,-1,-1,-1,7,E01022269,0,3
2025610011225,2025,610011225,2,9,0,18,19,1,5,0,0,0,1,0,1,10,4,1,6,6,2,25,5,-1,-1,-1,-1,2,W01001488,0,1
2025610011225,2025,610011225,1,9,0,3,3,1,5,0,0,0,0,0,0,0,2,1,6,6,1,63,9,-1,-1,-1,-1,3,W01001541,0,2
2025610011325,2025,610011325,1,9,0,18,19,8,4,0,0,0,0,0,0,0,-1,1,6,6,1,0,1,-1,-1,-1,-1,-1,-1,0,-1
2025610011425,2025,610011425,1,9,0,13,13,8,4,0,0,0,0,0,0,0,3,1,6,6,1,20,4,-1,-1,-1,-1,3,W01001362,0,1
2025610011425,2025,610011425,2,5,0,13,13,8,4,0,0,0,0,0,0,0,4,1,6,6,1,54,8,-1,-1,-1,-1,4,W01001384,0,2
2025610011625,2025,610011625,1,9,0,18,19,7,3,0,0,0,5,7,1,0,1,1,2,2,2,24,5,-1,-1,-1,-1,2,W01001067,0,3
2025610011725,2025,610011725,1,97,0,18,19,6,2,0,0,8,0,0,0,0,1,1,6,6,1,29,6,-1,-1,-1,-1,2,W01001614,0,1
2025610011725,2025,610011725,2,9,0,9,9,4,2,0,0,8,0,0,0,0,3,1,5,6,2,18,4,-1,-1,-1,-1,10,W01001509,0,1
2025610011825,2025,610011825,1,3,0,18,19,4,8,0,0,0,0,0,0,0,1,1,4,7,1,18,4,-1,-1,-1,-1,2,W01001447,0,4
2025610011825,2025,610011825,2,9,0,18,19,4,8,0,0,0,0,0,0,0,2,1,5,6,1,68,10,-1,-1,-1,-1,4,W01001329,0,1
2025610011925,2025,610011925,2,1,0,11,11,3,3,0,0,8,0,0,0,0,2,1,5,6,1,41,7,-1,-1,-1,-1,5,W01001725,0,3
2025610011925,2025,610011925,1,9,0,18,19,7,3,0,0,4,0,0,0,0,1,1,2,2,1,39,7,-1,-1,-1,-1,5,W01001611,0,3
2025610012025,2025,610012025,1,3,0,18,19,7,3,0,0,0,0,4,1,0,1,1,2,2,1,19,4,-1,-1,-1,-1,2,W01001620,0,1
2025610012025,2025,610012025,2,9,0,2,2,0,0,0,0,0,0,0,0,0,2,1,5,6,2,69,10,-1,-1,-1,-1,2,W01001618,0,1
2025610012125,2025,610012125,1,9,0,18,19,4,8,0,0,8,5,0,0,0,4,1,5,6,1,17,4,-1,-1,-1,-1,3,W01001368,0,2
2025610012125,2025,610012125,2,9,0,18,19,6,2,0,0,8,0,0,0,0,1,1,5,6,1,43,7,-1,-1,-1,-1,7,W01001432,0,1
2025610012225,2025,610012225,2,9,0,18,19,8,4,0,0,2,0,10,7,2,2,1,3,7,2,21,5,-1,-1,-1,-1,7,W01001492,0,1
2025610012225,2025,610012225,1,9,0,9,9,6,4,0,0,6,0,0,0,0,1,1,3,7,1,33,6,-1,-1,-1,-1,2,W01001526,0,1
2025610012325,2025,610012325,3,9,0,18,19,4,8,0,0,0,0,0,0,0,0,1,6,6,2,45,7,-1,-1,-1,-1,5,W01001478,0,3
2025610012325,2025,610012325,2,1,0,18,19,4,8,0,0,0,0,0,1,0,2,1,5,6,1,52,8,-1,-1,-1,-1,8,E01020110,0,5
2025610012325,2025,610012325,1,9,0,18,19,4,8,0,0,0,1,0,1,0,1,1,5,6,1,45,7,-1,-1,-1,-1,9,E01032837,0,5
2025610012425,2025,610012425,1,9,0,9,9,2,8,0,0,6,0,0,0,0,3,1,6,6,1,32,6,-1,-1,-1,-1,3,W01001368,0,1
2025610012425,2025,610012425,2,1,0,18,19,8,4,0,0,8,0,0,0,0,1,1,5,6,1,54,8,-1,-1,-1,-1,9,W01001404,0,2
2025610012525,2025,610012525,2,1,0,18,19,8,4,0,0,8,0,0,0,0,3,1,6,6,1,51,8,-1,-1,-1,-1,4,W01001063,0,4
2025610012525,2025,610012525,1,9,0,7,7,8,2,0,0,8,0,0,0,0,4,1,6,6,1,61,9,-1,-1,-1,-1,4,W01001632,0,1
2025610012625,2025,610012625,1,9,0,9,9,4,2,0,0,5,0,0,0,0,1,1,6,6,1,36,7,-1,-1,-1,-1,-1,-1,0,-1
2025610012625,2025,610012625,2,5,0,18,19,8,4,0,0,8,0,0,1,11,3,1,6,6,1,56,9,-1,-1,-1,-1,9,E01013987,0,4
2025610012725,2025,610012725,1,9,0,13,13,2,6,0,0,0,0,0,1,11,1,1,2,2,1,20,4,-1,-1,-1,-1,4,W01001278,0,3
2025610012725,2025,610012725,2,9,0,18,19,6,2,0,0,0,0,0,0,0,1,1,5,6,2,20,4,-1,-1,-1,-1,4,W01001363,0,1
2025610012825,2025,610012825,1,9,0,18,19,2,6,0,0,3,0,0,4,6,1,1,6,6,2,22,5,-1,-1,-1,-1,1,W01001621,0,2
2025610012825,2025,610012825,2,9,0,12,12,2,6,0,0,3,0,0,0,0,0,1,6,6,3,0,1,-1,-1,-1,-1,-1,-1,0,-1
2025610012925,2025,610012925,1,9,0,18,19,8,4,0,0,8,0,0,0,0,4,1,5,6,1,34,6,-1,-1,-1,-1,2,W01001471,0,1
2025610012925,2025,610012925,2,90,0,18,19,2,6,0,0,8,0,0,0,0,1,1,6,6,1,15,3,-1,-1,-1,-1,3,W01001460,0,1
2025610013025,2025,610013025,1,9,0,18,19,7,3,0,0,4,0,0,0,0,1,1,6,6,2,38,7,-1,-1,-1,-1,2,W01001333,0,1
2025610013025,2025,610013025,2,23,0,9,9,5,3,0,0,3,0,0,0,0,1,1,6,6,1,61,9,-1,-1,-1,-1,1,W01001345,0,2
2025610013125,2025,610013125,1,9,0,8,8,1,3,0,0,6,0,0,0,0,3,1,5,6,2,36,7,-1,-1,-1,-1,8,W01001392,0,1
2025610013125,2025,610013125,2,9,0,18,19,7,3,0,0,8,0,0,0,0,1,1,5,6,1,0,1,-1,-1,-1,-1,8,W01001392,0,1
2025610013225,2025,610013225,1,97,0,16,19,5,7,0,0,0,0,0,8,2,1,1,6,6,1,36,7,-1,-1,-1,-1,2,W01001496,0,1
2025610013325,2025,610013325,1,9,0,16,19,5,8,0,0,0,2,10,2,11,4,1,2,2,1,39,7,-1,-1,-1,-1,8,W01001257,0,2
2025610013425,2025,610013425,1,9,0,9,9,1,7,0,0,2,5,7,0,0,1,1,5,6,1,90,11,-1,-1,-1,-1,3,W01001378,0,1
2025610013525,2025,610013525,2,9,0,3,3,8,3,0,0,1,0,0,0,0,2,1,6,6,2,0,1,-1,-1,-1,-1,9,W01001655,0,1
2025610013525,2025,610013525,1,9,0,5,5,8,3,0,0,1,0,0,0,0,1,1,6,6,1,25,5,-1,-1,-1,-1,9,W01001655,0,1
2025610013625,2025,610013625,1,5,0,18,19,1,5,0,0,8,0,0,1,2,1,1,5,6,1,68,10,-1,-1,-1,-1,8,W01001495,0,3
2025610013625,2025,610013625,2,9,0,9,9,7,5,0,0,6,0,0,0,0,4,1,5,6,1,73,10,-1,-1,-1,-1,9,W01001502,0,3
2025610013725,2025,610013725,1,9,0,18,19,3,7,0,0,0,0,0,0,0,1,1,5,6,1,48,8,-1,-1,-1,-1,5,W01002026,0,1
2025610013725,2025,610013725,2,9,0,18,19,7,3,0,0,0,0,0,0,0,1,1,6,6,1,35,6,-1,-1,-1,-1,1,W01001536,0,3
2025610013825,2025,610013825,1,9,0,7,7,1,3,0,0,1,0,7,0,0,1,1,5,6,1,49,8,-1,-1,-1,-1,3,W01001460,0,1
2025610013925,2025,610013925,1,9,0,14,14,8,4,0,0,0,0,0,0,0,4,1,6,6,2,36,7,-1,-1,-1,-1,3,W01001605,0,1
2025610014025,2025,610014025,1,9,0,18,19,5,1,0,0,7,0,0,0,0,2,1,5,6,1,59,9,-1,-1,-1,-1,-1,-1,0,-1
2025610014025,2025,610014025,2,19,0,18,19,5,1,0,0,7,0,0,0,0,1,1,1,1,1,0,1,-1,-1,-1,-1,-1,-1,0,-1
2025610014125,2025,610014125,2,3,0,18,19,3,7,0,0,0,0,4,0,0,1,1,1,1,1,42,7,-1,-1,-1,-1,1,W01001292,0,3
2025610014125,2025,610014125,1,9,0,2,2,0,0,0,0,0,0,0,0,0,2,1,5,6,2,58,9,-1,-1,-1,-1,5,W01001389,0,1
2025610014225,2025,610014225,1,9,0,4,4,8,4,0,0,1,0,0,0,0,2,1,6,6,2,40,7,-1,-1,-1,-1,10,W01001586,0,1
2025610014225,2025,610014225,2,9,0,4,4,8,4,0,0,1,0,0,0,0,1,1,3,7,1,52,8,-1,-1,-1,-1,8,E01022255,0,3
2025610014325,2025,610014325,1,9,0,18,19,7,3,0,0,0,1,10,1,3,1,1,5,6,1,20,4,-1,-1,-1,-1,9,W01001357,0,1
2025610014425,2025,610014425,1,9,0,18,19,5,1,0,0,0,0,0,1,4,1,1,6,6,1,22,5,-1,-1,-1,-1,6,E01000968,0,5
2025610014525,2025,610014525,2,9,0,18,19,8,4,0,0,0,0,0,0,0,3,1,6,6,2,39,7,-1,-1,-1,-1,2,W01001503,0,3
2025610014525,2025,610014525,1,90,0,18,19,4,8,0,0,0,0,0,0,0,3,1,6,6,3,0,1,-1,-1,-1,-1,-1,-1,0,-1
2025610014625,2025,610014625,1,9,0,18,19,1,5,0,0,0,0,0,5,6,1,1,5,6,1,94,11,-1,-1,-1,-1,10,W01001597,0,2
2025610014725,2025,610014725,1,9,0,18,19,2,6,0,0,3,0,0,0,0,4,1,5,6,2,68,10,-1,-1,-1,-1,8,W01001542,0,2
2025610014725,2025,610014725,2,5,0,11,11,2,4,0,0,3,1,0,0,0,1,1,5,6,1,61,9,-1,-1,-1,-1,6,E01014848,0,4
2025610014825,2025,610014825,1,9,0,13,13,2,6,0,0,0,0,11,0,0,3,1,2,2,2,29,6,-1,-1,-1,-1,2,W01001973,0,1
2025610014825,2025,610014825,2,5,0,13,13,2,6,0,0,0,1,0,0,0,4,1,2,2,1,49,8,-1,-1,-1,-1,6,W01001437,0,1
2025610014925,2025,610014925,1,9,0,17,19,8,5,0,0,0,0,0,0,0,1,1,5,6,1,64,9,-1,-1,-1,-1,7,W01002028,0,2
2025610014925,2025,610014925,2,9,0,16,19,5,8,0,0,0,0,0,0,0,1,1,5,6,2,34,6,-1,-1,-1,-1,8,W01001631,0,1
2025610015125,2025,610015125,1,19,0,17,19,4,2,0,0,2,0,0,0,0,0,1,1,1,3,0,1,-1,-1,-1,-1,-1,-1,0,-1
2025610015225,2025,610015225,2,9,0,9,9,3,2,0,0,1,0,0,0,0,1,1,2,2,1,30,6,-1,-1,-1,-1,4,W01001328,0,1
2025610015225,2025,610015225,1,9,0,17,19,5,2,0,0,1,0,0,0,0,1,1,2,2,1,19,4,-1,-1,-1,-1,3,W01001410,0,2
2025610015325,2025,610015325,1,9,0,9,9,7,5,0,0,5,0,0,0,0,1,1,5,6,2,34,6,-1,-1,-1,-1,4,W01001487,0,1
2025610015325,2025,610015325,2,9,0,18,19,3,7,0,0,1,1,0,0,0,1,1,5,6,2,36,7,-1,-1,-1,-1,4,W01001487,0,1
2025610015425,2025,610015425,1,9,0,18,19,3,7,0,0,0,5,0,1,0,-1,1,5,6,1,19,4,-1,-1,-1,-1,4,W01001558,0,2
2025610015525,2025,610015525,1,97,0,18,19,5,1,0,0,8,0,0,7,11,1,1,5,6,1,28,6,-1,-1,-1,-1,1,W01001469,0,1
2025610015625,2025,610015625,2,1,0,18,19,4,8,0,0,0,0,0,0,0,2,1,2,2,1,0,1,-1,-1,-1,-1,-1,-1,0,-1
2025610015625,2025,610015625,1,1,0,18,19,4,8,0,0,0,0,0,0,0,1,1,2,2,1,49,8,-1,-1,-1,-1,9,W01001508,0,2
2025610015725,2025,610015725,2,9,0,7,7,6,8,0,0,6,0,0,0,0,1,1,6,6,1,28,6,-1,-1,-1,-1,1,W01001692,0,4
2025610015725,2025,610015725,1,9,0,18,19,5,1,0,0,8,0,0,0,0,4,1,6,6,1,0,1,-1,-1,-1,-1,10,-1,0,5
2025610015825,2025,610015825,1,9,0,1,1,7,3,0,0,0,0,0,0,0,2,1,5,6,2,49,8,-1,-1,-1,-1,2,W01001614,0,1
2025610015925,2025,610015925,1,9,0,1,1,8,4,0,0,0,0,0,0,0,2,1,6,6,3,0,1,-1,-1,-1,-1,4,W01001974,0,1
2025610016025,2025,610016025,2,8,0,18,19,2,6,0,0,0,0,0,7,10,3,1,6,6,2,37,7,-1,-1,-1,-1,6,W01001593,0,1
2025610016025,2025,610016025,1,9,0,18,19,6,2,0,0,0,0,0,8,10,3,1,6,6,1,25,5,-1,-1,-1,-1,10,W01001586,0,1
2025610016125,2025,610016125,2,90,0,18,19,6,2,0,0,8,1,0,7,0,4,1,1,1,1,38,7,-1,-1,-1,-1,6,W01001562,0,2
2025610016125,2025,610016125,1,9,0,7,7,8,2,0,0,6,1,0,1,0,3,1,5,6,1,51,8,-1,-1,-1,-1,1,W01001473,0,1
2025610016225,2025,610016225,1,9,0,5,5,7,3,0,0,4,0,0,0,0,1,1,1,1,1,65,9,-1,-1,-1,-1,6,W01001347,0,1
2025610016225,2025,610016225,2,1,0,18,19,4,8,0,0,3,0,0,0,0,2,1,6,6,1,10,2,-1,-1,-1,-1,10,W01001349,0,1
2025610016325,2025,610016325,1,-1,0,18,19,-1,-1,9,9,0,0,0,0,0,1,1,6,6,1,15,3,-1,-1,-1,-1,5,W01002031,1,1
2025610016425,2025,610016425,2,9,0,17,19,1,6,0,0,3,0,0,0,0,1,1,6,6,1,78,11,-1,-1,-1,-1,3,W01001393,0,1
2025610016425,2025,610016425,1,9,0,4,4,6,1,0,0,1,0,0,0,0,1,1,6,6,2,24,5,-1,-1,-1,-1,6,W01001367,0,1
2025610016525,2025,610016525,2,9,0,18,19,6,2,0,0,0,0,0,0,0,1,1,6,6,1,29,6,-1,-1,-1,-1,3,W01001348,0,1
2025610016525,2025,610016525,1,9,0,18,19,2,6,0,0,0,1,0,8,10,3,1,6,6,3,0,1,-1,-1,-1,-1,-1,-1,0,-1
2025610016625,2025,610016625,1,1,0,16,19,4,7,0,0,0,0,0,0,0,1,1,5,6,2,59,9,-1,-1,-1,-1,7,W01001419,0,1
2025610016625,2025,610016625,2,19,0,17,19,7,4,0,0,0,0,0,0,0,0,1,1,1,3,0,1,-1,-1,-1,-1,7,W01001882,0,3
2025610016725,2025,610016725,2,9,0,18,19,1,5,0,0,1,0,0,0,0,1,1,6,6,1,0,1,-1,-1,-1,-1,-1,-1,0,-1
2025610016725,2025,610016725,1,9,0,3,3,1,5,0,0,1,0,0,0,0,2,1,2,2,2,25,5,-1,-1,-1,-1,6,W01001403,0,1
2025610016825,2025,610016825,1,9,0,9,9,4,2,0,0,8,0,0,0,0,3,1,6,6,1,68,10,-1,-1,-1,-1,6,W01001472,0,1
2025610016825,2025,610016825,2,9,0,7,7,4,6,0,0,8,0,0,0,0,1,1,1,1,2,26,6,-1,-1,-1,-1,3,W01001461,0,1
2025610016925,2025,610016925,1,9,0,18,19,4,8,0,0,0,0,0,0,0,1,1,6,6,1,21,5,-1,-1,-1,-1,2,W01001436,0,1
2025610017025,2025,610017025,1,1,0,18,19,5,1,0,0,8,0,0,0,0,3,1,5,6,1,17,4,-1,-1,-1,-1,9,W01001604,0,1
2025610017025,2025,610017025,2,9,0,7,7,3,5,0,0,8,0,0,0,0,1,1,5,6,2,32,6,-1,-1,-1,-1,1,W01001607,0,1
2025610017125,2025,610017125,1,9,0,18,19,2,6,0,0,0,5,0,5,6,3,1,6,6,1,72,10,-1,-1,-1,-1,6,E01017898,0,5
2025610017225,2025,610017225,1,1,0,18,19,2,6,0,0,0,0,0,0,0,1,1,6,6,1,0,1,-1,-1,-1,-1,10,W01001394,0,1
2025610017325,2025,610017325,1,9,0,5,5,3,7,0,0,6,0,10,3,11,1,1,5,6,1,66,10,-1,-1,-1,-1,1,W01001473,0,1
2025610017425,2025,610017425,1,8,0,18,19,7,3,0,0,0,0,0,0,0,1,1,1,1,1,33,6,-1,-1,-1,-1,5,W01001603,0,1
2025610017525,2025,610017525,2,1,0,18,19,4,8,0,0,8,0,0,0,0,1,1,5,6,1,12,3,-1,-1,-1,-1,1,W01001692,0,1
2025610017525,2025,610017525,1,9,0,18,19,6,2,0,0,8,0,0,0,0,3,1,5,6,2,62,9,-1,-1,-1,-1,8,W01001606,0,1
2025610017625,2025,610017625,1,5,0,16,19,6,1,0,0,0,0,0,0,0,1,1,6,6,1,59,9,-1,-1,-1,-1,9,E01022129,0,4
2025610017625,2025,610017625,2,9,0,3,3,6,1,0,0,0,0,0,0,0,2,1,6,6,1,57,9,-1,-1,-1,-1,10,E01022861,0,5
2025610017725,2025,610017725,1,9,0,18,19,7,3,0,0,0,0,0,1,2,1,1,5,6,1,19,4,-1,-1,-1,-1,6,E01022263,0,4
2025610017825,2025,610017825,2,9,0,18,19,6,2,0,0,0,0,0,2,10,3,1,6,6,2,37,7,-1,-1,-1,-1,4,W01001438,0,3
2025610017825,2025,610017825,1,9,0,13,13,6,2,0,0,0,0,10,0,0,4,1,6,6,3,0,1,-1,-1,-1,-1,-1,-1,0,-1
2025610017925,2025,610017925,1,5,0,16,19,2,5,0,0,0,0,0,7,9,1,1,5,6,1,47,8,-1,-1,-1,-1,9,E01004058,0,5