collision_index,collision_year,collision_ref_no,vehicle_reference,vehicle_type,towing_and_articulation,vehicle_manoeuvre_historic,vehicle_manoeuvre,vehicle_direction_from,vehicle_direction_to,vehicle_location_restricted_lane_historic,vehicle_location_restricted_lane,junction_location,skidding_and_overturning,hit_object_in_carriageway,vehicle_leaving_carriageway,hit_object_off_carriageway,first_point_of_impact,vehicle_left_hand_drive,journey_purpose_of_driver_historic,journey_purpose_of_driver,sex_of_driver,age_of_driver,age_band_of_driver,engine_capacity_cc,propulsion_code,age_of_vehicle,generic_make_model,driver_imd_decile,lsoa_of_driver,escooter_flag,driver_distance_banding
2025610018025,2025,610018025,2,3,0,13,13,2,6,0,0,8,0,0,0,0,1,1,6,6,1,16,4,-1,-1,-1,-1,7,W01001499,0,1
2025610018025,2025,610018025,1,9,0,9,9,2,8,0,0,8,0,0,0,0,3,1,2,2,2,60,9,-1,-1,-1,-1,8,W01001505,0,1
2025610018125,2025,610018125,2,97,0,9,9,2,8,0,0,3,0,0,0,0,4,1,6,6,1,61,9,-1,-1,-1,-1,7,W01001439,0,1
2025610018125,2025,610018125,1,9,0,18,19,6,2,0,0,4,0,0,0,0,1,1,1,1,1,25,5,-1,-1,-1,-1,3,W01001448,0,1
2025610018225,2025,610018225,1,19,0,9,9,6,4,0,0,8,0,0,0,0,1,1,1,1,1,53,8,-1,-1,-1,-1,4,W01001899,0,4
2025610018225,2025,610018225,2,1,0,18,19,4,8,0,0,8,0,0,0,0,3,1,5,6,1,62,9,-1,-1,-1,-1,8,W01001549,0,3
2025610018325,2025,610018325,1,5,0,16,19,7,2,0,0,0,0,0,4,6,1,1,6,6,1,51,8,-1,-1,-1,-1,8,W01001791,0,4
2025610018425,2025,610018425,1,9,0,9,9,8,6,0,0,0,0,0,0,0,3,1,5,6,2,72,10,-1,-1,-1,-1,5,W01001612,0,1
2025610018425,2025,610018425,2,9,0,18,19,8,4,0,0,0,0,0,7,11,1,1,5,6,1,21,5,-1,-1,-1,-1,8,W01001608,0,1
2025610018525,2025,610018525,1,5,0,16,19,7,2,0,0,2,0,0,4,6,3,1,2,2,1,52,8,-1,-1,-1,-1,9,W01001844,0,3
2025610018625,2025,610018625,2,9,0,13,13,4,8,0,0,0,0,0,0,0,2,1,5,6,1,78,11,-1,-1,-1,-1,7,W01001594,0,1
2025610018625,2025,610018625,1,9,0,18,19,4,8,0,0,0,0,0,0,0,2,1,5,6,2,65,9,-1,-1,-1,-1,6,W01001599,0,3
2025610018625,2025,610018625,3,9,0,13,13,4,8,0,0,0,5,10,7,10,1,1,6,6,1,73,10,-1,-1,-1,-1,6,W01001599,0,2
2025610018725,2025,610018725,2,5,0,18,19,2,6,0,0,2,0,0,0,0,1,1,6,6,1,61,9,-1,-1,-1,-1,4,W01001527,0,3
2025610018725,2025,610018725,1,19,0,1,1,6,2,0,0,2,0,0,0,0,2,1,6,6,1,74,10,-1,-1,-1,-1,6,W01001562,0,3
2025610018825,2025,610018825,1,5,0,17,19,3,1,0,0,8,0,0,1,0,4,1,5,6,1,70,10,-1,-1,-1,-1,7,W01001979,0,3
2025610018825,2025,610018825,2,9,0,7,7,7,1,0,0,4,0,0,0,0,1,1,6,6,2,33,6,-1,-1,-1,-1,4,W01001558,0,3
2025610018925,2025,610018925,1,1,0,18,19,2,6,0,0,0,0,0,0,0,3,1,6,6,1,40,7,-1,-1,-1,-1,1,W01001601,0,1
2025610018925,2025,610018925,2,9,0,13,13,2,6,0,0,0,0,0,0,0,4,1,6,6,3,0,1,-1,-1,-1,-1,-1,-1,0,-1
2025610019025,2025,610019025,1,21,0,11,11,2,6,0,0,0,0,0,0,0,4,1,1,1,1,61,9,-1,-1,-1,-1,7,E01014599,0,4
2025610019025,2025,610019025,2,9,0,18,19,2,6,0,0,0,0,0,2,7,3,1,1,1,1,39,7,-1,-1,-1,-1,7,W01001979,0,4
2025610019125,2025,610019125,1,9,0,3,3,3,7,0,0,1,0,0,0,0,0,1,1,1,1,57,9,-1,-1,-1,-1,5,W01002022,0,4
2025610019125,2025,610019125,3,9,0,3,3,3,7,0,0,1,0,0,0,0,3,1,6,6,1,47,8,-1,-1,-1,-1,9,W01001543,0,2
2025610019125,2025,610019125,2,5,0,14,14,3,7,0,0,1,0,0,0,0,1,1,1,1,1,54,8,-1,-1,-1,-1,5,W01001589,0,2
2025610019225,2025,610019225,2,9,0,16,19,6,1,0,0,0,0,0,0,0,2,1,3,7,2,38,7,-1,-1,-1,-1,2,W01001467,0,1
2025610019225,2025,610019225,1,9,0,16,19,6,1,0,0,0,0,0,0,0,1,1,2,2,2,42,7,-1,-1,-1,-1,3,W01001448,0,1
2025610019325,2025,610019325,1,9,0,18,19,5,1,0,0,1,0,0,0,0,3,1,6,6,3,0,1,-1,-1,-1,-1,-1,-1,0,-1
2025610019325,2025,610019325,2,-1,0,18,19,3,7,0,0,1,0,0,0,0,1,1,6,6,1,13,3,-1,-1,-1,-1,1,W01001536,1,1
2025610019425,2025,610019425,2,9,0,12,12,5,1,0,0,6,0,0,0,0,2,1,5,6,2,80,11,-1,-1,-1,-1,9,W01001651,0,1
2025610019425,2025,610019425,1,9,0,18,19,5,1,0,0,8,0,0,0,0,1,1,5,6,1,43,7,-1,-1,-1,-1,1,W01001519,0,1
2025610019525,2025,610019525,2,9,0,3,3,4,8,0,0,1,0,0,0,0,2,1,5,6,2,42,7,-1,-1,-1,-1,1,W01001694,0,3
2025610019525,2025,610019525,1,1,0,18,19,4,8,0,0,1,0,0,0,0,1,1,5,6,1,25,5,-1,-1,-1,-1,9,W01001641,0,1
2025610019625,2025,610019625,1,9,0,9,9,6,3,0,0,8,0,0,0,0,1,1,6,6,1,0,1,-1,-1,-1,-1,-1,-1,0,-1
2025610019725,2025,610019725,1,9,0,18,19,5,1,0,0,0,0,0,0,0,3,1,6,6,1,18,4,-1,-1,-1,-1,5,W01002026,0,1
2025610019825,2025,610019825,1,5,0,17,19,6,3,0,0,8,0,0,7,7,2,1,6,6,1,72,10,-1,-1,-1,-1,1,W01001173,0,4
2025610019825,2025,610019825,2,21,1,17,19,6,3,0,0,8,0,0,0,0,1,1,1,1,3,0,1,-1,-1,-1,-1,-1,-1,0,-1
2025610019925,2025,610019925,2,90,0,18,19,8,4,9,9,8,0,0,0,0,1,1,5,6,3,0,1,-1,-1,-1,-1,-1,-1,0,-1
2025610019925,2025,610019925,1,9,0,7,7,4,6,9,9,5,0,0,0,0,3,1,2,2,1,63,9,-1,-1,-1,-1,7,W01001507,0,1
2025610020025,2025,610020025,2,9,0,18,19,6,2,0,0,1,0,0,0,0,1,1,1,1,2,30,6,-1,-1,-1,-1,1,W01001633,0,1
2025610020025,2025,610020025,1,9,0,3,3,6,2,0,0,1,0,0,0,0,2,1,1,1,2,57,9,-1,-1,-1,-1,4,W01001634,0,1
2025610020125,2025,610020125,1,9,0,18,19,2,6,0,0,0,5,0,2,11,4,1,5,6,1,45,7,-1,-1,-1,-1,2,W01001485,0,2
2025610020225,2025,610020225,1,9,0,17,19,5,2,0,0,0,1,0,1,8,1,1,6,6,2,22,5,-1,-1,-1,-1,4,W01001634,0,2
2025610020325,2025,610020325,1,9,0,18,19,5,1,0,0,0,0,0,0,0,1,1,6,6,3,0,1,-1,-1,-1,-1,-1,-1,0,-1
2025610020425,2025,610020425,1,90,0,17,19,5,2,0,0,0,0,0,0,0,0,1,6,6,1,63,9,-1,-1,-1,-1,10,W01001636,0,1
2025610020525,2025,610020525,1,9,0,9,9,6,4,0,0,8,0,0,0,0,1,1,6,6,2,34,6,-1,-1,-1,-1,2,W01001630,0,1
2025610020525,2025,610020525,2,1,0,18,19,4,8,0,0,8,0,0,0,0,1,1,6,6,1,61,9,-1,-1,-1,-1,9,W01002037,0,3
2025610020625,2025,610020625,2,90,0,17,19,4,2,0,0,0,0,0,0,0,1,1,6,6,1,17,4,-1,-1,-1,-1,4,W01001528,0,1
2025610020625,2025,610020625,1,9,0,16,19,2,4,0,0,0,0,0,0,0,1,1,6,6,3,0,1,-1,-1,-1,-1,-1,-1,0,-1
2025610020725,2025,610020725,1,9,0,9,9,6,4,0,0,8,0,0,0,0,2,1,5,6,2,37,7,-1,-1,-1,-1,6,W01001504,0,1
2025610020725,2025,610020725,2,90,0,18,19,6,2,0,0,8,0,0,0,0,1,1,6,6,1,0,1,-1,-1,-1,-1,-1,-1,0,-1
2025610020825,2025,610020825,2,19,0,9,9,1,7,0,0,8,0,0,0,0,0,1,6,6,1,0,1,-1,-1,-1,-1,2,W01001482,0,3
2025610020825,2025,610020825,1,9,0,18,19,3,7,0,0,8,0,10,0,0,1,1,6,6,1,25,5,-1,-1,-1,-1,2,W01001501,0,1
2025610020925,2025,610020925,2,3,0,11,11,2,4,0,0,0,0,0,0,0,1,1,6,6,1,18,4,-1,-1,-1,-1,6,W01001327,0,2
2025610020925,2025,610020925,1,9,0,13,13,4,2,0,0,0,0,0,2,7,1,1,6,6,1,43,7,-1,-1,-1,-1,4,W01001331,0,3
2025610021025,2025,610021025,2,1,0,18,19,4,8,0,0,8,0,0,0,0,0,1,2,2,1,24,5,-1,-1,-1,-1,1,W01001345,0,1
2025610021025,2025,610021025,1,97,0,18,19,3,7,0,0,8,0,0,0,0,0,1,5,6,1,52,8,-1,-1,-1,-1,1,W01001345,0,1
2025610021125,2025,610021125,2,9,0,2,2,0,0,0,0,0,0,0,0,0,2,1,5,6,1,0,1,-1,-1,-1,-1,1,W01001386,0,1
2025610021125,2025,610021125,1,19,0,16,19,1,4,0,0,0,0,4,0,0,1,1,6,6,1,37,7,-1,-1,-1,-1,4,W01001384,0,1
2025610021225,2025,610021225,1,9,0,4,4,7,3,0,0,0,0,4,0,0,1,1,1,1,1,35,6,-1,-1,-1,-1,1,W01001692,0,1
2025610021225,2025,610021225,2,8,0,2,2,0,0,0,0,0,0,0,0,0,3,1,1,1,1,35,6,-1,-1,-1,-1,2,W01001660,0,1
2025610021325,2025,610021325,2,90,0,18,19,2,6,0,0,0,0,0,0,0,4,1,6,6,2,46,8,-1,-1,-1,-1,1,W01001666,0,1
2025610021325,2025,610021325,1,8,0,15,15,2,6,0,0,0,0,0,0,0,3,1,1,1,1,50,8,-1,-1,-1,-1,6,W01001680,0,1
2025610021425,2025,610021425,2,9,0,17,19,7,4,0,0,0,0,0,0,0,1,1,2,2,1,61,9,-1,-1,-1,-1,7,W01001625,0,1
2025610021425,2025,610021425,1,9,0,16,19,4,7,0,0,0,0,0,0,0,1,1,2,2,2,21,5,-1,-1,-1,-1,7,W01001499,0,1
2025610021525,2025,610021525,1,9,0,18,19,4,8,0,0,0,0,11,0,0,1,1,6,6,1,49,8,-1,-1,-1,-1,1,W01001530,0,1
2025610021625,2025,610021625,1,9,0,18,19,2,6,0,0,0,0,0,0,0,1,1,1,1,1,56,9,-1,-1,-1,-1,2,W01001464,0,1
2025610021625,2025,610021625,2,9,0,17,19,5,2,0,0,0,1,0,1,10,1,1,1,1,1,46,8,-1,-1,-1,-1,7,W01001492,0,2
2025610021725,2025,610021725,2,9,0,18,19,7,3,0,0,8,0,0,0,0,1,1,5,6,2,75,10,-1,-1,-1,-1,10,W01001586,0,1
2025610021725,2025,610021725,1,9,0,18,19,5,1,0,0,8,0,0,0,0,4,1,5,6,1,59,9,-1,-1,-1,-1,10,W01001586,0,1
2025610021825,2025,610021825,2,1,0,18,19,6,2,0,0,6,0,0,0,0,1,1,6,6,2,44,7,-1,-1,-1,-1,1,W01001699,0,3
2025610021825,2025,610021825,1,9,0,7,7,4,6,0,0,1,0,0,0,0,4,1,5,6,1,39,7,-1,-1,-1,-1,2,W01001642,0,1
2025610021925,2025,610021925,1,97,0,16,19,4,7,0,0,8,0,0,0,0,1,1,1,1,1,28,6,-1,-1,-1,-1,4,W01001650,0,1
2025610021925,2025,610021925,2,9,0,17,19,3,8,0,0,8,0,0,0,0,2,1,6,6,1,24,5,-1,-1,-1,-1,8,W01001581,0,3
2025610022025,2025,610022025,1,9,0,18,19,3,7,0,0,0,0,0,0,0,1,1,2,2,1,26,6,-1,-1,-1,-1,8,W01001542,0,2
2025610022025,2025,610022025,2,1,0,18,19,3,7,0,0,0,0,0,1,0,2,1,2,2,2,46,8,-1,-1,-1,-1,9,W01001588,0,2
2025610022125,2025,610022125,2,5,0,18,19,7,3,0,0,8,0,0,0,0,1,1,6,6,1,63,9,-1,-1,-1,-1,4,W01001528,0,3
2025610022125,2025,610022125,1,9,0,9,9,3,1,0,0,8,0,0,0,0,1,1,6,6,2,60,9,-1,-1,-1,-1,7,W01001575,0,1
2025610022225,2025,610022225,1,9,0,17,19,4,2,0,0,0,0,0,0,0,1,1,5,6,2,52,8,-1,-1,-1,-1,1,W01001661,0,1
2025610022325,2025,610022325,1,9,0,9,9,4,2,0,0,5,0,0,0,0,3,1,5,6,1,37,7,-1,-1,-1,-1,10,W01001627,0,1
2025610022425,2025,610022425,2,4,0,18,19,2,6,0,0,1,0,0,0,0,1,1,5,6,1,56,9,-1,-1,-1,-1,9,W01001543,0,2
2025610022425,2025,610022425,1,9,0,18,19,2,6,0,0,1,0,0,0,0,2,1,5,6,2,66,10,-1,-1,-1,-1,6,W01001908,0,2
2025610022525,2025,610022525,2,-1,0,18,19,6,2,0,0,8,0,0,0,0,1,1,6,6,1,14,3,-1,-1,-1,-1,1,W01001689,1,1
2025610022525,2025,610022525,1,8,0,18,19,4,8,0,0,2,0,0,0,0,4,1,1,1,1,34,6,-1,-1,-1,-1,10,W01001600,0,1
2025610022625,2025,610022625,1,5,0,16,19,8,2,0,0,1,0,0,4,6,1,1,5,6,1,27,6,-1,-1,-1,-1,5,E01024005,0,5
2025610022725,2025,610022725,1,9,0,9,9,3,1,0,0,8,1,0,1,1,4,1,1,1,1,24,5,-1,-1,-1,-1,8,W01001505,0,3
2025610022725,2025,610022725,2,9,0,18,19,7,3,0,0,8,0,0,0,0,1,1,5,6,1,35,6,-1,-1,-1,-1,1,W01001457,0,4
2025610022825,2025,610022825,2,9,0,17,19,8,6,0,0,8,0,0,0,0,2,1,4,7,2,32,6,-1,-1,-1,-1,2,W01001482,0,2
2025610022825,2025,610022825,1,5,0,17,19,8,5,0,0,3,0,0,0,0,1,1,6,6,1,64,9,-1,-1,-1,-1,4,W01001522,0,1
2025610022925,2025,610022925,1,9,0,18,19,1,5,0,0,0,0,0,0,0,1,1,5,6,1,45,7,-1,-1,-1,-1,4,W01001413,0,1
2025610023025,2025,610023025,1,9,0,9,9,7,4,0,0,2,0,0,1,0,3,1,6,6,1,31,6,-1,-1,-1,-1,5,W01001611,0,1
2025610023025,2025,610023025,2,9,0,13,13,5,8,0,0,1,0,0,0,0,1,1,6,6,1,53,8,-1,-1,-1,-1,8,W01001608,0,1
2025610023125,2025,610023125,2,9,0,2,2,0,0,0,0,0,0,0,0,0,2,1,5,6,2,19,4,-1,-1,-1,-1,5,W01001615,0,1
2025610023125,2025,610023125,1,9,0,18,19,6,2,0,0,0,0,4,0,0,1,1,6,6,1,0,1,-1,-1,-1,-1,-1,-1,0,-1
2025610023225,2025,610023225,2,3,0,18,19,3,7,0,0,1,0,0,0,0,1,1,6,6,1,36,7,-1,-1,-1,-1,1,W01001421,0,2
2025610023225,2025,610023225,1,9,0,4,4,3,1,0,0,1,0,0,0,0,2,1,5,6,1,78,11,-1,-1,-1,-1,7,W01001492,0,2
2025610023325,2025,610023325,1,9,0,18,19,2,6,0,0,8,0,0,0,0,1,1,5,6,1,80,11,-1,-1,-1,-1,6,W01001629,0,2
2025610023325,2025,610023325,2,1,0,17,19,4,2,0,0,8,0,0,0,0,3,1,5,6,1,37,7,-1,-1,-1,-1,5,W01001389,0,4
2025610023425,2025,610023425,1,9,0,4,4,4,8,0,0,0,0,0,0,0,1,1,5,6,1,41,7,-1,-1,-1,-1,2,W01001385,0,1
2025610023625,2025,610023625,2,1,0,9,9,5,3,0,0,8,0,0,0,0,3,1,6,6,1,40,7,-1,-1,-1,-1,4,W01001973,0,1
2025610023625,2025,610023625,1,9,0,13,13,5,1,0,0,8,0,0,0,0,4,1,5,6,2,20,4,-1,-1,-1,-1,3,W01001454,0,1
2025610023725,2025,610023725,1,9,0,7,7,1,2,0,0,8,0,0,1,10,1,1,6,6,1,45,7,-1,-1,-1,-1,2,W01001443,0,1
2025610023825,2025,610023825,1,9,0,16,19,4,7,0,0,0,0,0,0,0,3,1,5,6,1,22,5,-1,-1,-1,-1,8,W01002038,0,4
2025610023825,2025,610023825,2,9,0,17,19,7,4,0,0,0,0,0,0,0,3,1,5,6,2,70,10,-1,-1,-1,-1,6,W01001977,0,1
2025610023925,2025,610023925,1,9,0,18,19,7,3,0,0,0,0,0,5,6,3,1,6,6,1,41,7,-1,-1,-1,-1,3,W01001080,0,3
2025610024025,2025,610024025,2,9,0,18,19,4,8,0,0,0,2,0,0,0,1,1,6,6,1,35,6,-1,-1,-1,-1,9,E01027922,0,5
2025610024025,2025,610024025,1,9,0,18,19,8,4,0,0,0,0,0,0,0,1,1,5,6,1,65,9,-1,-1,-1,-1,4,E01022242,0,1
2025610024125,2025,610024125,2,9,0,18,19,8,4,0,0,8,0,0,0,0,1,1,6,6,1,41,7,-1,-1,-1,-1,5,W01001350,0,1
2025610024125,2025,610024125,1,19,0,9,9,4,1,0,0,8,0,0,0,0,1,1,1,1,1,37,7,-1,-1,-1,-1,2,W01001804,0,3
2025610024225,2025,610024225,1,90,0,17,19,4,1,0,0,0,0,0,0,0,1,1,6,6,1,41,7,-1,-1,-1,-1,5,W01001478,0,1
2025610024425,2025,610024425,1,9,0,18,19,8,4,0,0,0,1,0,0,0,1,1,6,6,1,19,4,-1,-1,-1,-1,3,W01001524,0,1
2025610024425,2025,610024425,2,9,0,16,19,5,8,0,0,0,0,0,0,0,1,1,6,6,1,21,5,-1,-1,-1,-1,7,W01001492,0,2
2025610024525,2025,610024525,1,97,0,15,15,5,1,0,0,0,0,4,0,0,1,1,6,6,1,21,5,-1,-1,-1,-1,1,W01001530,0,1
2025610024525,2025,610024525,3,9,0,2,2,0,0,0,0,0,0,0,0,0,1,1,5,6,1,0,1,-1,-1,-1,-1,9,W01001514,0,1
2025610024525,2025,610024525,2,8,0,14,14,5,1,0,0,0,0,0,0,0,2,1,1,1,1,51,8,-1,-1,-1,-1,5,W01002030,0,3
2025610024525,2025,610024525,4,9,0,2,2,0,0,0,0,0,0,0,0,0,1,1,5,6,1,0,1,-1,-1,-1,-1,9,E01014931,0,4
2025610024625,2025,610024625,1,9,0,18,19,4,8,0,0,0,0,0,0,0,4,1,5,6,1,54,8,-1,-1,-1,-1,2,W01001483,0,1
2025610024725,2025,610024725,1,9,0,18,19,8,4,0,0,0,0,0,0,0,4,1,6,6,3,0,1,-1,-1,-1,-1,-1,-1,0,-1
2025610024825,2025,610024825,1,4,0,18,19,2,6,0,0,0,0,0,7,2,1,1,1,1,1,35,6,-1,-1,-1,-1,-1,-1,0,-1
2025610024925,2025,610024925,1,5,0,17,19,6,3,0,0,8,0,0,0,0,0,1,5,6,1,56,9,-1,-1,-1,-1,2,W01001414,0,2
2025610025025,2025,610025025,2,9,0,2,2,0,0,0,0,0,0,0,0,0,1,1,5,6,3,0,1,-1,-1,-1,-1,-1,-1,0,-1
2025610025025,2025,610025025,1,9,0,18,19,3,7,0,0,0,0,4,1,0,1,1,6,6,1,31,6,-1,-1,-1,-1,2,W01001642,0,1
2025610025125,2025,610025125,1,9,0,18,19,3,1,0,0,0,1,0,2,10,4,1,6,6,1,19,4,-1,-1,-1,-1,4,E01022251,0,4
2025610025225,2025,610025225,1,90,0,18,19,7,3,0,0,0,0,0,0,0,1,1,6,6,3,0,1,-1,-1,-1,-1,-1,-1,0,-1
2025610025325,2025,610025325,1,9,0,18,19,2,6,0,0,8,0,0,0,0,1,1,5,6,1,38,7,-1,-1,-1,-1,3,W01001080,0,4
2025610025325,2025,610025325,2,1,0,18,19,4,8,0,0,8,0,0,0,0,3,1,6,6,1,13,3,-1,-1,-1,-1,2,W01001614,0,1
2025610025425,2025,610025425,1,9,0,18,19,6,2,0,0,8,0,0,0,0,4,1,5,6,1,45,7,-1,-1,-1,-1,3,W01001448,0,1
2025610025425,2025,610025425,2,23,0,18,19,8,4,0,0,8,0,0,0,0,1,1,6,6,1,32,6,-1,-1,-1,-1,2,W01001468,0,1
2025610025525,2025,610025525,2,19,0,17,19,4,2,0,0,0,0,0,0,0,3,1,1,1,1,60,9,-1,-1,-1,-1,4,E01022251,0,2
2025610025525,2025,610025525,3,9,0,17,19,4,2,0,0,0,0,0,0,0,3,1,5,6,1,73,10,-1,-1,-1,-1,5,E01022244,0,2
2025610025525,2025,610025525,1,5,0,16,19,2,4,0,0,0,0,0,1,10,3,1,5,6,1,63,9,-1,-1,-1,-1,9,E01015809,0,5
2025610025625,2025,610025625,2,9,0,14,14,6,2,0,0,0,0,0,0,0,0,1,6,6,3,0,1,-1,-1,-1,-1,-1,-1,0,-1
2025610025625,2025,610025625,1,9,0,18,19,2,6,0,0,0,0,0,1,3,4,1,5,6,1,56,9,-1,-1,-1,-1,2,W01001447,0,1
2025610025725,2025,610025725,1,9,0,18,19,1,5,0,0,0,0,0,7,3,1,1,6,6,1,49,8,-1,-1,-1,-1,2,W01001406,0,2
2025610025825,2025,610025825,1,9,0,18,19,3,7,0,0,8,0,0,0,0,1,1,6,6,2,23,5,-1,-1,-1,-1,1,W01001681,0,1
2025610025825,2025,610025825,2,1,0,18,19,5,1,0,0,8,0,0,0,0,3,1,6,6,1,11,3,-1,-1,-1,-1,1,W01001681,0,1
2025610025925,2025,610025925,1,5,0,17,19,2,8,0,0,0,0,0,0,0,1,1,5,6,1,0,1,-1,-1,-1,-1,7,E01014860,0,4
2025610026125,2025,610026125,1,9,0,18,19,8,4,0,0,8,5,9,1,4,3,1,5,6,3,0,1,-1,-1,-1,-1,-1,-1,0,-1
2025610026225,2025,610026225,1,9,0,7,7,1,3,9,9,6,0,0,0,0,3,1,6,6,2,54,8,-1,-1,-1,-1,7,W01001978,0,1
2025610026225,2025,610026225,2,1,0,18,19,7,3,9,9,8,0,0,0,0,1,1,6,6,1,13,3,-1,-1,-1,-1,7,W01001978,0,1
2025610026325,2025,610026325,5,9,0,2,2,0,0,0,0,0,0,0,0,0,2,1,5,6,2,0,1,-1,-1,-1,-1,3,W01001539,0,1
2025610026325,2025,610026325,1,9,0,18,19,8,4,0,0,0,0,4,0,0,1,1,2,2,2,22,5,-1,-1,-1,-1,3,W01001497,0,1
2025610026325,2025,610026325,2,9,0,2,2,0,0,0,0,0,0,0,0,0,3,1,5,6,2,0,1,-1,-1,-1,-1,3,W01001539,0,1
2025610026325,2025,610026325,4,9,0,2,2,0,0,0,0,0,0,0,0,0,1,1,5,6,2,0,1,-1,-1,-1,-1,9,W01001624,0,2
2025610026325,2025,610026325,3,9,0,2,2,0,0,0,0,0,0,0,1,0,2,1,5,6,2,0,1,-1,-1,-1,-1,3,W01001539,0,1
2025610026425,2025,610026425,1,9,0,18,19,1,5,0,0,0,5,10,1,10,1,1,6,6,2,80,11,-1,-1,-1,-1,6,W01001431,0,1
2025610026525,2025,610026525,2,9,0,2,2,0,0,0,0,0,0,0,0,0,0,1,5,6,2,35,6,-1,-1,-1,-1,2,W01001447,0,2
2025610026525,2025,610026525,1,9,0,18,19,8,4,0,0,0,0,0,0,0,1,1,2,2,2,28,6,-1,-1,-1,-1,6,W01001470,0,2
2025610026625,2025,610026625,1,9,0,17,19,5,2,0,0,0,1,0,1,10,2,1,2,2,1,35,6,-1,-1,-1,-1,4,W01001248,0,3
2025610026725,2025,610026725,1,9,0,9,9,3,1,0,0,3,0,0,0,0,4,1,6,6,2,33,6,-1,-1,-1,-1,4,W01001528,0,1
2025610026725,2025,610026725,2,9,0,18,19,7,3,0,0,4,0,0,0,0,1,1,6,6,1,18,4,-1,-1,-1,-1,1,W01001536,0,1
2025610026825,2025,610026825,1,90,0,18,19,2,6,0,0,0,5,0,0,0,2,1,6,6,1,20,4,-1,-1,-1,-1,5,W01001446,0,3
2025610026825,2025,610026825,2,9,0,18,19,2,6,0,0,0,0,0,0,0,1,1,6,6,1,40,7,-1,-1,-1,-1,6,W01001324,0,1
2025610026925,2025,610026925,1,9,0,18,19,4,8,0,0,0,0,0,0,0,1,1,5,6,1,19,4,-1,-1,-1,-1,2,W01001642,0,1
2025610027025,2025,610027025,1,5,0,16,19,6,1,0,0,0,0,0,4,6,3,1,6,6,1,40,7,-1,-1,-1,-1,3,W01001410,0,3
2025610027025,2025,610027025,2,5,0,16,19,6,1,0,0,0,0,0,0,0,1,1,5,6,1,46,8,-1,-1,-1,-1,4,W01001632,0,2
2025610027125,2025,610027125,1,9,0,9,9,4,2,0,0,1,0,0,0,0,2,1,6,6,2,56,9,-1,-1,-1,-1,6,W01001587,0,1
2025610027125,2025,610027125,2,97,0,13,13,4,8,0,0,1,0,0,0,0,1,1,6,6,1,60,9,-1,-1,-1,-1,2,E01014643,0,3
2025610027225,2025,610027225,2,9,0,7,7,5,7,0,0,1,0,0,0,0,1,1,6,6,2,78,11,-1,-1,-1,-1,4,W01001598,0,2
2025610027225,2025,610027225,1,9,0,10,10,5,3,0,0,1,0,0,0,0,2,1,6,6,2,30,6,-1,-1,-1,-1,-1,-1,0,-1
2025610027225,2025,610027225,3,9,0,18,19,3,7,0,0,8,0,0,0,0,4,1,6,6,2,21,5,-1,-1,-1,-1,7,W01001582,0,1
2025610027325,2025,610027325,2,9,0,18,19,8,4,0,0,0,0,0,0,0,1,1,5,6,2,80,11,-1,-1,-1,-1,3,W01001410,0,1
2025610027325,2025,610027325,1,9,0,2,2,0,0,0,0,0,0,4,0,0,3,1,5,6,1,30,6,-1,-1,-1,-1,4,W01001413,0,1
2025610027425,2025,610027425,1,9,0,9,9,2,8,0,0,8,0,0,0,0,3,1,5,6,2,20,4,-1,-1,-1,-1,8,W01001626,0,1
2025610027425,2025,610027425,2,90,0,18,19,8,4,0,0,8,0,0,0,0,1,1,6,6,1,30,6,-1,-1,-1,-1,2,W01001614,0,1
2025610027525,2025,610027525,1,9,0,18,19,8,4,0,0,0,0,0,0,0,4,1,6,6,3,0,1,-1,-1,-1,-1,-1,-1,0,-1
2025610027625,2025,610027625,2,9,0,18,19,2,6,0,0,0,1,0,0,0,1,1,5,6,1,69,10,-1,-1,-1,-1,9,W01001572,0,1
2025610027625,2025,610027625,1,9,0,18,19,6,2,0,0,0,1,0,0,0,1,1,5,6,1,22,5,-1,-1,-1,-1,8,W01001542,0,1
2025610027725,2025,610027725,2,9,0,4,4,1,5,0,0,0,0,0,0,0,1,1,5,6,2,41,7,-1,-1,-1,-1,2,W01001488,0,2
2025610027725,2025,610027725,1,9,0,3,3,1,5,0,0,0,0,0,0,0,2,1,5,6,2,24,5,-1,-1,-1,-1,1,W01001693,0,3
2025610027825,2025,610027825,1,9,0,18,19,2,6,0,0,0,0,4,0,0,1,1,6,6,1,38,7,-1,-1,-1,-1,3,W01001455,0,2
2025610027825,2025,610027825,2,9,0,2,2,0,0,0,0,0,0,0,1,0,2,1,6,6,2,60,9,-1,-1,-1,-1,7,W01001236,0,4
2025610027925,2025,610027925,1,9,0,7,7,6,8,0,0,3,0,0,0,0,1,1,6,6,3,0,1,-1,-1,-1,-1,-1,-1,0,-1