collision_index,collision_year,collision_ref_no,vehicle_reference,vehicle_type,towing_and_articulation,vehicle_manoeuvre_historic,vehicle_manoeuvre,vehicle_direction_from,vehicle_direction_to,vehicle_location_restricted_lane_historic,vehicle_location_restricted_lane,junction_location,skidding_and_overturning,hit_object_in_carriageway,vehicle_leaving_carriageway,hit_object_off_carriageway,first_point_of_impact,vehicle_left_hand_drive,journey_purpose_of_driver_historic,journey_purpose_of_driver,sex_of_driver,age_of_driver,age_band_of_driver,engine_capacity_cc,propulsion_code,age_of_vehicle,generic_make_model,driver_imd_decile,lsoa_of_driver,escooter_flag,driver_distance_banding
2025610027925,2025,610027925,2,9,0,18,19,6,2,0,0,8,0,0,0,0,3,1,6,6,1,50,8,-1,-1,-1,-1,3,W01001362,0,3
2025610028625,2025,610028625,2,9,0,2,2,0,0,0,0,0,0,0,0,0,2,1,5,6,3,0,1,-1,-1,-1,-1,6,W01001431,0,1
2025610028625,2025,610028625,1,9,0,18,19,4,8,0,0,0,0,4,0,0,1,1,2,2,2,40,7,-1,-1,-1,-1,9,W01001434,0,1
2025610028725,2025,610028725,1,9,0,18,19,1,5,0,0,0,5,0,1,10,4,1,6,6,1,63,9,-1,-1,-1,-1,4,W01001313,0,1
2025610028825,2025,610028825,1,9,0,18,19,7,3,0,0,8,0,0,0,0,1,1,6,6,1,72,10,-1,-1,-1,-1,2,W01001485,0,1
2025610028925,2025,610028925,1,1,0,17,19,4,2,0,0,8,0,0,0,0,0,1,6,6,1,0,1,-1,-1,-1,-1,-1,-1,0,-1
2025610028925,2025,610028925,2,90,0,2,2,0,0,0,0,8,0,0,0,0,0,1,6,6,1,14,3,-1,-1,-1,-1,1,W01001607,0,1
2025610029025,2025,610029025,1,22,0,18,19,8,4,0,0,0,0,10,1,0,4,1,6,6,2,78,11,-1,-1,-1,-1,6,W01001504,0,1
2025610029025,2025,610029025,2,9,0,2,2,0,0,9,9,0,0,0,0,0,0,1,5,6,1,0,1,-1,-1,-1,-1,-1,-1,0,-1
2025610029125,2025,610029125,2,4,0,18,19,5,1,0,0,8,0,0,0,0,1,1,5,6,1,33,6,-1,-1,-1,-1,9,E01014993,0,4
2025610029125,2025,610029125,1,11,0,9,9,5,3,0,0,8,0,0,0,0,3,1,1,1,1,63,9,-1,-1,-1,-1,8,E01032672,0,4
2025610029225,2025,610029225,2,1,0,4,4,2,6,0,0,8,0,0,0,0,1,1,5,6,1,17,4,-1,-1,-1,-1,8,W01001616,0,3
2025610029225,2025,610029225,1,9,0,18,19,1,5,0,0,8,0,0,0,0,4,1,2,2,2,35,6,-1,-1,-1,-1,7,W01001354,0,1
2025610029825,2025,610029825,1,9,0,16,19,5,8,9,9,0,0,0,1,10,1,1,5,6,1,83,11,-1,-1,-1,-1,4,W01001415,0,1
2025610029925,2025,610029925,2,9,0,18,19,8,4,0,0,8,0,0,0,0,3,1,5,6,1,24,5,-1,-1,-1,-1,5,W01001446,0,1
2025610029925,2025,610029925,1,1,0,18,19,6,2,0,0,8,0,0,0,0,1,1,5,6,1,13,3,-1,-1,-1,-1,1,W01001457,0,1
2025610030025,2025,610030025,1,9,0,5,5,8,4,6,6,0,0,0,0,0,1,1,5,6,1,65,9,-1,-1,-1,-1,9,W01001590,0,1
2025610030525,2025,610030525,1,9,0,18,19,8,4,0,0,0,5,0,7,11,3,1,6,6,1,21,5,-1,-1,-1,-1,8,W01001637,0,2
2025610030625,2025,610030625,2,9,0,18,19,3,7,0,0,1,0,0,0,0,1,1,6,6,1,0,1,-1,-1,-1,-1,4,W01001329,0,2
2025610030625,2025,610030625,1,9,0,4,4,3,7,0,0,1,0,0,0,0,2,1,6,6,2,0,1,-1,-1,-1,-1,4,W01001401,0,1
2025622500025,2025,622500025,2,8,0,18,19,1,5,0,0,0,0,0,0,0,1,1,1,1,1,35,6,-1,-1,-1,-1,2,W01001315,0,3
2025622500025,2025,622500025,1,9,0,4,4,1,5,0,0,0,0,0,0,0,2,1,6,6,1,68,10,-1,-1,-1,-1,5,W01001164,0,1
2025622500026,2025,622500026,1,9,0,4,4,7,3,0,0,8,0,0,0,0,1,1,1,1,2,60,9,-1,-1,-1,-1,10,W01001060,0,3
2025622500026,2025,622500026,2,9,0,3,3,7,3,0,0,8,0,0,0,0,2,1,5,6,1,32,6,-1,-1,-1,-1,8,W01001965,0,3
2025622500027,2025,622500027,1,9,0,18,19,4,8,0,0,1,0,0,0,0,1,1,6,6,1,68,10,-1,-1,-1,-1,1,W01001081,0,2
2025622500027,2025,622500027,3,9,0,4,4,4,8,0,0,1,0,0,0,0,2,1,6,6,1,30,6,-1,-1,-1,-1,6,W01001861,0,1
2025622500027,2025,622500027,2,9,0,4,4,4,8,0,0,1,0,0,0,0,2,1,6,6,2,62,9,-1,-1,-1,-1,5,W01001759,0,1
2025622500028,2025,622500028,1,9,0,18,19,7,3,0,0,0,0,0,0,0,1,1,6,6,2,78,11,-1,-1,-1,-1,10,W01001727,0,1
2025622500036,2025,622500036,2,9,0,9,9,4,8,0,0,1,0,0,7,0,3,1,1,1,1,40,7,-1,-1,-1,-1,2,W01001212,0,3
2025622500036,2025,622500036,1,9,0,18,19,4,8,0,0,1,0,0,7,0,1,1,6,6,1,21,5,-1,-1,-1,-1,5,W01001139,0,3
2025622500037,2025,622500037,1,9,0,18,19,6,2,0,0,0,5,7,0,0,1,1,5,6,1,87,11,-1,-1,-1,-1,8,W01001124,0,1
2025622500038,2025,622500038,1,9,0,18,19,6,2,0,0,0,0,10,0,0,1,1,6,6,2,67,10,-1,-1,-1,-1,7,W01000982,0,1
2025622500038,2025,622500038,2,9,0,18,19,2,6,0,0,0,0,0,0,0,1,1,6,6,2,44,7,-1,-1,-1,-1,3,W01001057,0,2
2025622500039,2025,622500039,1,9,0,9,9,7,5,0,0,8,0,0,0,0,1,1,5,6,1,78,11,-1,-1,-1,-1,1,W01001871,0,1
2025622500039,2025,622500039,2,1,0,18,19,3,7,0,0,1,0,0,0,0,1,1,6,6,1,18,4,-1,-1,-1,-1,1,W01001785,0,2
2025622500040,2025,622500040,2,9,0,18,19,2,6,0,0,0,0,0,0,0,2,1,1,1,1,37,7,-1,-1,-1,-1,4,W01001800,0,2
2025622500040,2025,622500040,1,19,0,18,19,2,6,0,0,0,0,0,0,0,1,1,1,1,1,33,6,-1,-1,-1,-1,7,W01001372,0,3
2025622500041,2025,622500041,1,5,0,13,13,2,6,0,0,0,1,0,0,0,4,1,2,2,3,0,1,-1,-1,-1,-1,-1,-1,0,-1
2025622500042,2025,622500042,1,9,0,7,7,3,5,0,0,5,0,0,0,0,1,1,6,6,3,0,1,-1,-1,-1,-1,-1,-1,0,-1
2025622500042,2025,622500042,2,1,0,9,9,6,3,0,0,6,0,0,0,0,1,1,6,6,1,20,4,-1,-1,-1,-1,1,W01000830,0,1
2025622500043,2025,622500043,1,19,0,18,19,6,2,0,0,0,0,0,0,0,1,1,6,6,1,56,9,-1,-1,-1,-1,9,W01001127,0,1
2025622500044,2025,622500044,2,9,0,18,19,6,2,0,0,1,0,0,0,0,2,1,5,6,1,54,8,-1,-1,-1,-1,8,W01002039,0,2
2025622500044,2025,622500044,1,9,0,18,19,6,2,0,0,1,0,0,0,0,1,1,5,6,2,38,7,-1,-1,-1,-1,4,W01001099,0,2
2025622500048,2025,622500048,1,9,0,18,19,2,6,0,0,8,0,0,0,0,4,1,5,6,2,78,11,-1,-1,-1,-1,9,W01001117,0,3
2025622500048,2025,622500048,2,9,0,9,9,4,2,0,0,8,0,0,0,0,1,1,1,1,1,63,9,-1,-1,-1,-1,9,W01001090,0,1
2025622500049,2025,622500049,2,9,0,18,19,4,8,0,0,0,0,0,0,0,2,1,6,6,1,34,6,-1,-1,-1,-1,2,W01001910,0,3
2025622500049,2025,622500049,3,21,0,18,19,4,8,0,0,0,0,0,0,0,1,1,6,6,1,21,5,-1,-1,-1,-1,2,W01001810,0,1
2025622500049,2025,622500049,1,9,0,18,19,8,4,0,0,0,1,0,6,0,2,1,6,6,1,30,6,-1,-1,-1,-1,1,W01001753,0,2
2025622500050,2025,622500050,1,9,0,9,9,7,1,0,0,8,0,0,0,0,1,1,5,6,1,60,9,-1,-1,-1,-1,2,W01001810,0,1
2025622500050,2025,622500050,2,1,0,16,19,6,1,0,0,8,0,0,0,0,4,1,5,6,1,17,4,-1,-1,-1,-1,1,W01001813,0,1
2025622500051,2025,622500051,1,9,0,18,19,4,8,0,0,2,0,0,0,0,1,1,5,6,1,82,11,-1,-1,-1,-1,1,W01001266,0,1
2025622500052,2025,622500052,1,9,0,1,1,1,5,0,0,1,0,0,0,0,2,1,6,6,2,37,7,-1,-1,-1,-1,2,W01001067,0,1
2025622500053,2025,622500053,1,9,0,16,19,6,1,0,0,0,5,0,0,0,1,1,5,6,1,18,4,-1,-1,-1,-1,1,W01000992,0,2
2025622500054,2025,622500054,3,9,0,2,2,0,0,0,0,0,0,0,0,0,2,1,6,6,3,0,1,-1,-1,-1,-1,-1,-1,0,-1
2025622500054,2025,622500054,1,9,0,18,19,8,4,0,0,0,0,4,0,0,1,1,6,6,1,36,7,-1,-1,-1,-1,1,W01001081,0,2
2025622500054,2025,622500054,2,9,0,2,2,0,0,0,0,0,0,4,0,0,2,1,6,6,3,0,1,-1,-1,-1,-1,-1,-1,0,-1
2025622500055,2025,622500055,1,9,0,18,19,6,2,0,0,0,0,4,0,0,1,1,6,6,1,38,7,-1,-1,-1,-1,3,W01001900,0,1
2025622500055,2025,622500055,2,9,0,2,2,0,0,0,0,0,0,4,8,11,2,1,5,6,3,0,1,-1,-1,-1,-1,-1,-1,0,-1
2025622500055,2025,622500055,3,9,0,2,2,0,0,0,0,0,0,0,0,0,1,1,5,6,3,0,1,-1,-1,-1,-1,-1,-1,0,-1
2025622500057,2025,622500057,2,17,0,18,19,4,8,0,0,0,0,0,0,0,2,1,1,1,1,45,7,-1,-1,-1,-1,5,W01000496,0,2
2025622500057,2025,622500057,1,9,0,18,19,4,8,0,0,0,0,0,0,0,1,1,5,6,1,58,9,-1,-1,-1,-1,4,W01001187,0,1
2025622500058,2025,622500058,2,9,0,17,19,5,1,0,0,0,0,0,0,0,1,1,5,6,2,38,7,-1,-1,-1,-1,3,W01001312,0,2
2025622500058,2025,622500058,1,9,0,16,19,1,5,0,0,0,1,0,0,0,1,1,4,7,1,23,5,-1,-1,-1,-1,1,W01001301,0,1
2025622500059,2025,622500059,1,9,0,18,19,5,1,0,0,0,0,0,0,0,1,1,6,6,1,66,10,-1,-1,-1,-1,3,W01000922,0,3
2025622500059,2025,622500059,2,9,0,2,2,0,0,0,0,0,0,4,0,0,2,1,5,6,3,0,1,-1,-1,-1,-1,-1,-1,0,-1
2025622500060,2025,622500060,1,9,0,9,9,2,6,0,0,8,0,0,0,0,1,1,5,6,2,82,11,-1,-1,-1,-1,4,W01001099,0,1
2025622500061,2025,622500061,1,9,0,4,4,8,4,0,0,1,0,0,0,0,2,1,5,6,1,66,10,-1,-1,-1,-1,5,W01001825,0,2
2025622500061,2025,622500061,2,9,0,4,4,8,4,0,0,1,0,0,0,0,1,1,5,6,2,21,5,-1,-1,-1,-1,9,W01001773,0,1
2025622500062,2025,622500062,2,9,0,18,19,4,8,0,0,0,0,0,0,0,0,1,6,6,3,0,1,-1,-1,-1,-1,-1,-1,0,-1
2025622500062,2025,622500062,1,4,0,18,19,8,4,0,0,0,0,10,0,0,0,1,1,1,1,17,4,-1,-1,-1,-1,9,W01000776,0,2
2025622500064,2025,622500064,1,9,0,18,19,6,2,0,0,0,0,0,0,0,1,1,6,6,2,57,9,-1,-1,-1,-1,10,W01000860,0,1
2025622500065,2025,622500065,1,9,0,18,19,8,4,0,0,1,0,0,0,0,1,1,5,6,2,19,4,-1,-1,-1,-1,3,W01001885,0,1
2025622500065,2025,622500065,2,9,0,4,4,8,4,0,0,1,0,0,0,0,2,1,5,6,2,38,7,-1,-1,-1,-1,2,W01001803,0,1
2025622500067,2025,622500067,2,1,0,12,12,2,6,0,0,1,0,0,0,0,1,1,4,7,1,15,3,-1,-1,-1,-1,5,W01002022,0,1
2025622500067,2025,622500067,1,9,0,18,19,6,2,0,0,2,0,0,0,0,1,1,3,7,1,40,7,-1,-1,-1,-1,5,W01001786,0,1
2025622500068,2025,622500068,1,9,0,18,19,2,6,0,0,3,0,0,7,2,1,1,5,6,2,49,8,-1,-1,-1,-1,5,W01001131,0,3
2025622500071,2025,622500071,1,99,0,18,19,7,3,0,0,0,0,0,0,0,1,1,6,6,3,0,1,-1,-1,-1,-1,-1,-1,0,-1
2025622500072,2025,622500072,2,1,0,18,19,6,2,0,0,0,0,0,0,0,1,1,4,7,1,34,6,-1,-1,-1,-1,8,W01001716,0,1
2025622500072,2025,622500072,1,9,0,17,19,8,6,0,0,0,0,0,0,0,1,1,5,6,2,27,6,-1,-1,-1,-1,8,W01001789,0,1
2025622500073,2025,622500073,1,9,0,17,19,5,1,0,0,0,1,0,7,4,4,1,2,2,1,24,5,-1,-1,-1,-1,3,W01001045,0,2
2025622500074,2025,622500074,2,9,0,9,9,4,2,0,0,8,1,0,0,0,1,1,6,6,1,43,7,-1,-1,-1,-1,10,W01001156,0,4
2025622500074,2025,622500074,1,3,0,18,19,8,4,0,0,8,0,0,0,0,3,1,6,6,1,31,6,-1,-1,-1,-1,2,W01000744,0,2
2025622500075,2025,622500075,1,9,0,9,9,4,2,0,0,5,0,0,0,0,1,1,2,2,1,34,6,-1,-1,-1,-1,1,W01001857,0,1
2025622500076,2025,622500076,1,9,0,18,19,4,8,0,0,0,1,0,0,0,1,1,6,6,2,40,7,-1,-1,-1,-1,1,W01001301,0,1
2025622500077,2025,622500077,2,9,0,18,19,2,6,0,0,6,0,0,0,0,4,1,5,6,1,74,10,-1,-1,-1,-1,6,W01001016,0,2
2025622500077,2025,622500077,1,9,0,9,9,4,2,0,0,6,0,0,0,0,1,1,6,6,3,0,1,-1,-1,-1,-1,-1,-1,0,-1
2025622500078,2025,622500078,1,9,0,9,9,2,8,0,0,8,0,0,0,0,0,1,5,6,1,32,6,-1,-1,-1,-1,3,W01001185,0,1
2025622500078,2025,622500078,2,5,0,18,19,8,4,0,0,1,0,0,1,0,0,1,5,6,1,63,9,-1,-1,-1,-1,3,W01001185,0,1
2025622500079,2025,622500079,2,9,0,6,6,8,8,0,0,0,0,0,0,0,2,1,1,1,1,60,9,-1,-1,-1,-1,9,W01001844,0,2
2025622500079,2025,622500079,1,19,0,18,19,8,4,0,0,0,0,0,0,0,1,1,6,6,3,0,1,-1,-1,-1,-1,-1,-1,0,-1
2025622500080,2025,622500080,1,9,0,16,19,4,8,0,0,0,1,0,0,0,1,1,5,6,2,17,4,-1,-1,-1,-1,1,W01000991,0,3
2025622500080,2025,622500080,2,9,0,17,19,8,4,0,0,0,0,0,0,0,1,1,5,6,1,27,6,-1,-1,-1,-1,9,W01000983,0,1
2025622500081,2025,622500081,1,9,0,11,11,2,6,0,0,0,0,0,1,10,1,1,5,6,1,18,4,-1,-1,-1,-1,2,W01001414,0,1
2025622500082,2025,622500082,1,9,0,6,6,7,7,0,0,0,5,4,0,0,4,1,6,6,2,28,6,-1,-1,-1,-1,2,W01000811,0,1
2025622500082,2025,622500082,2,9,0,2,2,0,0,0,0,0,0,0,0,0,3,1,5,6,3,0,1,-1,-1,-1,-1,-1,-1,0,-1
2025622500083,2025,622500083,2,9,0,18,19,8,4,0,0,0,0,0,0,0,2,1,6,6,3,0,1,-1,-1,-1,-1,-1,-1,0,-1
2025622500083,2025,622500083,1,9,0,18,19,4,8,0,0,0,1,0,1,10,1,1,6,6,1,24,5,-1,-1,-1,-1,2,W01001267,0,2
2025622500084,2025,622500084,1,9,0,9,9,2,8,0,0,8,0,0,0,0,1,1,5,6,1,47,8,-1,-1,-1,-1,7,W01001028,0,4
2025622500084,2025,622500084,2,9,0,18,19,6,2,0,0,8,0,0,0,0,1,1,5,6,2,67,10,-1,-1,-1,-1,2,W01001097,0,1
2025622500085,2025,622500085,1,19,0,4,4,3,7,0,0,1,0,0,0,0,1,1,5,6,1,40,7,-1,-1,-1,-1,4,W01001233,0,3
2025622500086,2025,622500086,1,1,0,17,19,8,4,0,0,0,0,0,0,0,1,1,6,6,3,0,1,-1,-1,-1,-1,-1,-1,0,-1
2025622500087,2025,622500087,1,-1,0,18,19,4,8,9,9,0,0,0,0,0,1,1,4,7,2,11,3,-1,-1,-1,-1,1,W01001884,1,1
2025622500091,2025,622500091,2,9,0,9,9,4,2,0,0,8,0,0,0,0,1,1,6,6,1,71,10,-1,-1,-1,-1,7,W01001882,0,3
2025622500091,2025,622500091,1,5,0,18,19,2,6,0,0,8,0,0,0,0,1,1,6,6,1,70,10,-1,-1,-1,-1,5,W01001809,0,3
2025622500092,2025,622500092,1,3,0,16,19,8,4,0,0,4,1,0,4,6,3,1,6,6,2,32,6,-1,-1,-1,-1,3,W01001052,0,1
2025622500093,2025,622500093,1,9,0,18,19,1,5,0,0,0,0,0,7,11,1,1,5,6,2,19,4,-1,-1,-1,-1,6,W01001416,0,1
2025622500094,2025,622500094,1,9,0,4,4,2,6,0,0,1,0,0,0,0,1,1,1,1,2,21,5,-1,-1,-1,-1,5,W01001721,0,1
2025622500094,2025,622500094,3,9,0,4,4,2,6,0,0,1,0,0,0,0,1,1,6,6,1,28,6,-1,-1,-1,-1,4,W01001837,0,1
2025622500094,2025,622500094,2,9,0,4,4,2,6,0,0,1,0,0,0,0,1,1,6,6,1,22,5,-1,-1,-1,-1,4,W01001262,0,3
2025622500095,2025,622500095,1,9,0,10,10,7,4,0,0,4,0,0,0,0,2,1,6,6,1,40,7,-1,-1,-1,-1,8,W01001747,0,1
2025622500095,2025,622500095,3,9,0,18,19,8,4,0,0,4,0,0,0,0,1,1,6,6,1,20,4,-1,-1,-1,-1,6,W01001756,0,1
2025622500095,2025,622500095,2,9,0,10,10,8,4,0,0,4,0,0,0,0,1,1,6,6,1,41,7,-1,-1,-1,-1,1,W01001740,0,1
2025622500096,2025,622500096,2,1,0,18,19,2,6,0,0,1,0,0,0,0,1,1,6,6,1,18,4,-1,-1,-1,-1,8,W01001877,0,1
2025622500096,2025,622500096,1,9,0,9,9,4,2,1,1,2,0,0,0,0,1,1,2,2,1,47,8,-1,-1,-1,-1,9,W01001796,0,2
2025622500097,2025,622500097,2,9,0,18,19,7,3,0,0,1,0,0,0,0,4,1,5,6,2,61,9,-1,-1,-1,-1,7,W01000758,0,1
2025622500097,2025,622500097,1,9,0,5,5,4,8,0,0,1,0,0,0,0,1,1,5,6,1,18,4,-1,-1,-1,-1,4,W01000765,0,1
2025622500098,2025,622500098,1,9,0,17,19,8,4,0,0,1,0,0,1,4,1,1,5,6,1,17,4,-1,-1,-1,-1,2,W01001067,0,1
2025622500099,2025,622500099,2,9,0,9,9,5,3,0,0,8,0,0,0,0,3,1,6,6,2,58,9,-1,-1,-1,-1,8,W01000775,0,1
2025622500099,2025,622500099,1,9,0,18,19,5,1,0,0,8,0,0,0,0,4,1,6,6,1,79,11,-1,-1,-1,-1,8,W01000775,0,1
2025622500100,2025,622500100,1,9,0,18,19,2,6,0,0,3,0,0,1,11,1,1,6,6,1,36,7,-1,-1,-1,-1,1,W01001879,0,2
2025622500101,2025,622500101,1,9,0,16,19,4,7,0,0,2,0,0,0,0,1,1,5,6,1,57,9,-1,-1,-1,-1,4,W01001286,0,1
2025622500102,2025,622500102,1,9,0,18,19,3,7,0,0,8,0,0,0,0,4,1,6,6,3,0,1,-1,-1,-1,-1,-1,-1,0,-1
2025622500104,2025,622500104,2,1,0,18,19,2,6,0,0,1,0,0,0,0,1,1,3,7,1,36,7,-1,-1,-1,-1,3,W01001805,0,1
2025622500104,2025,622500104,1,9,0,9,9,2,8,0,0,5,0,0,0,0,1,1,6,6,1,41,7,-1,-1,-1,-1,1,W01001807,0,1
2025622500105,2025,622500105,2,9,0,9,9,1,3,0,0,1,0,0,0,0,3,1,5,6,1,20,4,-1,-1,-1,-1,10,W01001072,0,1
2025622500105,2025,622500105,1,9,0,18,19,5,1,0,0,1,0,0,0,0,1,1,5,6,1,32,6,-1,-1,-1,-1,5,W01002040,0,1
2025622500106,2025,622500106,2,1,0,18,19,2,6,0,0,0,0,0,0,0,2,1,6,6,1,14,3,-1,-1,-1,-1,9,W01001105,0,1
2025622500106,2025,622500106,1,9,0,18,19,2,6,0,0,0,0,0,0,0,4,1,5,6,2,65,9,-1,-1,-1,-1,9,W01001122,0,2
2025622500107,2025,622500107,1,9,0,4,4,2,6,0,0,1,0,0,0,0,1,1,5,6,1,23,5,-1,-1,-1,-1,10,W01001733,0,1
2025622500107,2025,622500107,2,9,0,3,3,2,6,0,0,1,0,0,0,0,2,1,5,6,2,56,9,-1,-1,-1,-1,9,W01001654,0,3
2025622500108,2025,622500108,1,9,0,9,9,4,2,0,0,5,0,0,0,0,1,1,6,6,2,19,4,-1,-1,-1,-1,7,W01001017,0,1
2025622500108,2025,622500108,2,9,0,18,19,2,6,0,0,1,0,0,0,0,1,1,6,6,2,60,9,-1,-1,-1,-1,3,W01001990,0,1
2025622500109,2025,622500109,1,9,0,18,19,6,2,0,0,1,0,0,0,0,1,1,6,6,3,0,1,-1,-1,-1,-1,-1,-1,0,-1
2025622500109,2025,622500109,2,9,0,3,3,6,2,0,0,1,0,0,0,0,2,1,5,6,2,62,9,-1,-1,-1,-1,2,W01001761,0,1
2025622500110,2025,622500110,2,4,0,17,19,5,3,0,0,8,0,0,0,0,4,1,5,6,2,23,5,-1,-1,-1,-1,5,W01001264,0,2
2025622500110,2025,622500110,1,9,0,18,19,7,3,0,0,8,0,0,0,0,1,1,5,6,1,52,8,-1,-1,-1,-1,5,W01001281,0,2
2025622500111,2025,622500111,1,9,0,9,9,6,4,0,0,2,0,0,0,0,1,1,5,6,1,46,8,-1,-1,-1,-1,1,W01001307,0,1
2025622500112,2025,622500112,1,9,0,18,19,4,8,0,0,3,0,0,1,4,1,1,6,6,1,40,7,-1,-1,-1,-1,10,W01000785,0,1
2025622500113,2025,622500113,1,9,0,16,19,4,8,0,0,0,5,0,2,10,1,1,6,6,1,36,7,-1,-1,-1,-1,10,W01001915,0,1
2025622500114,2025,622500114,4,9,0,2,2,0,0,0,0,0,0,0,0,0,1,1,6,6,3,0,1,-1,-1,-1,-1,-1,-1,0,-1
2025622500114,2025,622500114,2,9,0,2,2,0,0,0,0,0,0,0,0,0,1,1,6,6,3,0,1,-1,-1,-1,-1,-1,-1,0,-1
2025622500114,2025,622500114,1,9,0,18,19,4,8,0,0,0,0,4,0,0,1,1,5,6,1,22,5,-1,-1,-1,-1,5,W01000891,0,1
2025622500114,2025,622500114,3,9,0,2,2,0,0,0,0,0,0,0,0,0,1,1,6,6,1,22,5,-1,-1,-1,-1,5,W01000891,0,1
2025622500114,2025,622500114,5,9,0,2,2,0,0,0,0,0,0,0,0,0,1,1,6,6,3,0,1,-1,-1,-1,-1,-1,-1,0,-1
2025622500115,2025,622500115,1,9,0,9,9,2,8,0,0,8,0,0,0,0,1,1,1,1,1,30,6,-1,-1,-1,-1,3,W01001080,0,1
2025622500116,2025,622500116,1,9,0,18,19,8,4,0,0,1,0,0,0,0,1,1,5,6,2,69,10,-1,-1,-1,-1,6,W01001291,0,1
2025622500116,2025,622500116,2,9,0,9,9,8,6,0,0,8,0,0,0,0,4,1,5,6,1,37,7,-1,-1,-1,-1,2,W01001315,0,1
2025622500117,2025,622500117,1,9,0,18,19,3,6,0,0,0,5,0,1,9,1,1,1,1,1,36,7,-1,-1,-1,-1,1,W01001251,0,3
2025622500118,2025,622500118,2,9,0,18,19,8,4,0,0,0,0,0,0,0,1,1,5,6,1,59,9,-1,-1,-1,-1,2,W01001803,0,3
2025622500118,2025,622500118,1,8,0,18,19,4,8,0,0,0,0,0,7,9,1,1,1,1,1,35,6,-1,-1,-1,-1,1,W01001884,0,3
2025622500119,2025,622500119,1,9,0,18,19,8,4,0,0,2,0,0,0,0,1,1,2,2,2,42,7,-1,-1,-1,-1,7,W01001028,0,3
2025622500120,2025,622500120,1,9,0,18,19,4,8,0,0,1,0,0,0,0,1,1,6,6,3,0,1,-1,-1,-1,-1,-1,-1,0,-1
2025622500122,2025,622500122,2,1,0,18,19,4,8,0,0,0,0,0,0,0,3,1,2,2,1,32,6,-1,-1,-1,-1,4,W01001760,0,1
2025622500122,2025,622500122,1,8,0,6,6,4,4,0,0,0,0,0,0,0,3,1,1,1,1,38,7,-1,-1,-1,-1,10,W01001776,0,1
2025622500123,2025,622500123,1,1,0,18,19,3,7,0,0,1,0,0,0,0,3,1,5,6,1,25,5,-1,-1,-1,-1,5,W01001172,0,1
2025622500123,2025,622500123,2,9,0,9,9,7,5,0,0,8,0,0,0,0,1,1,5,6,1,23,5,-1,-1,-1,-1,7,W01001236,0,1
2025622500124,2025,622500124,1,9,0,3,3,5,1,0,0,1,0,0,0,0,2,1,6,6,1,31,6,-1,-1,-1,-1,3,W01001362,0,2
2025622500124,2025,622500124,2,9,0,18,19,5,1,0,0,1,0,0,0,0,1,1,1,1,2,41,7,-1,-1,-1,-1,4,W01001229,0,2
2025622500124,2025,622500124,3,9,0,3,3,5,1,0,0,1,0,0,0,0,1,1,1,1,2,23,5,-1,-1,-1,-1,1,W01001255,0,3
2025622500125,2025,622500125,1,9,0,17,19,4,7,0,0,0,0,0,0,0,3,1,6,6,1,23,5,-1,-1,-1,-1,3,W01001080,0,3
2025622500125,2025,622500125,2,98,0,2,2,0,0,0,0,0,0,0,0,0,2,1,1,1,1,52,8,-1,-1,-1,-1,6,W01001754,0,3
2025622500126,2025,622500126,1,9,0,3,3,2,6,0,0,0,0,0,0,0,2,1,1,1,1,31,6,-1,-1,-1,-1,6,W01000847,0,4
2025622500126,2025,622500126,2,9,0,18,19,2,6,0,0,0,0,0,0,0,1,1,5,6,2,26,6,-1,-1,-1,-1,5,E01028291,0,5
2025622500127,2025,622500127,2,1,0,18,19,2,6,0,0,1,0,0,0,0,2,1,6,6,2,19,4,-1,-1,-1,-1,6,W01001754,0,1
2025622500127,2025,622500127,1,9,0,7,7,2,4,0,0,1,0,0,0,0,1,1,6,6,3,0,1,-1,-1,-1,-1,-1,-1,0,-1
2025622500128,2025,622500128,2,9,0,17,19,6,2,0,0,8,0,0,0,0,1,1,6,6,1,28,6,-1,-1,-1,-1,2,W01001298,0,1
2025622500128,2025,622500128,1,9,0,18,19,8,4,0,0,4,0,0,0,0,2,1,6,6,1,19,4,-1,-1,-1,-1,1,W01001222,0,2
2025622500129,2025,622500129,2,9,0,2,2,0,0,0,0,0,0,0,0,0,2,1,6,6,3,0,1,-1,-1,-1,-1,-1,-1,0,-1
2025622500129,2025,622500129,1,9,0,5,5,2,6,0,0,0,0,0,7,11,1,1,1,1,2,77,11,-1,-1,-1,-1,2,W01001804,0,1
2025622500130,2025,622500130,1,9,0,18,19,4,8,0,0,4,0,0,7,0,1,1,5,6,1,26,6,-1,-1,-1,-1,2,E01006408,0,5
2025622500131,2025,622500131,2,1,0,18,19,1,5,0,0,1,0,0,0,0,1,1,1,1,1,49,8,-1,-1,-1,-1,10,W01001819,0,1
2025622500131,2025,622500131,1,9,0,9,9,5,3,0,0,5,0,0,0,0,1,1,1,1,1,70,10,-1,-1,-1,-1,6,W01001241,0,1
2025622500132,2025,622500132,1,9,0,9,9,4,2,0,0,8,0,0,0,0,3,1,5,6,1,25,5,-1,-1,-1,-1,1,W01001661,0,3