collision_index,collision_year,collision_ref_no,vehicle_reference,vehicle_type,towing_and_articulation,vehicle_manoeuvre_historic,vehicle_manoeuvre,vehicle_direction_from,vehicle_direction_to,vehicle_location_restricted_lane_historic,vehicle_location_restricted_lane,junction_location,skidding_and_overturning,hit_object_in_carriageway,vehicle_leaving_carriageway,hit_object_off_carriageway,first_point_of_impact,vehicle_left_hand_drive,journey_purpose_of_driver_historic,journey_purpose_of_driver,sex_of_driver,age_of_driver,age_band_of_driver,engine_capacity_cc,propulsion_code,age_of_vehicle,generic_make_model,driver_imd_decile,lsoa_of_driver,escooter_flag,driver_distance_banding
2025622500133,2025,622500133,1,9,0,18,19,2,8,0,0,1,0,0,0,0,1,1,6,6,2,77,11,-1,-1,-1,-1,10,W01001083,0,1
2025622500133,2025,622500133,2,1,0,18,19,6,2,0,0,1,0,0,0,0,1,1,6,6,1,82,11,-1,-1,-1,-1,10,W01001082,0,1
2025622500134,2025,622500134,1,9,0,16,19,7,3,0,0,0,5,10,7,0,1,1,5,6,1,19,4,-1,-1,-1,-1,4,W01001176,0,1
2025622500135,2025,622500135,1,1,0,18,19,7,4,0,0,1,0,0,0,0,1,1,1,1,1,20,4,-1,-1,-1,-1,2,W01001750,0,1
2025622500136,2025,622500136,2,9,0,18,19,7,3,0,0,0,0,0,0,0,2,1,1,1,1,44,7,-1,-1,-1,-1,1,W01000958,0,4
2025622500136,2025,622500136,1,9,0,18,19,7,3,0,0,0,0,0,0,0,1,1,5,6,1,29,6,-1,-1,-1,-1,5,W01000505,0,4
2025622500137,2025,622500137,1,9,0,18,19,6,2,0,0,0,0,10,1,4,1,1,6,6,1,24,5,-1,-1,-1,-1,9,W01000943,0,4
2025622500138,2025,622500138,1,9,0,4,4,8,4,0,0,0,0,0,0,0,1,1,1,1,2,48,8,-1,-1,-1,-1,3,W01001868,0,4
2025622500138,2025,622500138,2,9,0,18,19,8,4,0,0,0,0,0,0,0,1,1,1,1,1,63,9,-1,-1,-1,-1,1,W01001738,0,3
2025622500139,2025,622500139,2,20,0,18,19,2,6,0,0,8,0,0,0,0,1,1,1,1,1,22,5,-1,-1,-1,-1,4,E01010337,0,5
2025622500139,2025,622500139,1,9,0,9,9,4,2,0,0,8,0,0,0,0,3,1,6,6,2,56,9,-1,-1,-1,-1,9,W01001059,0,2
2025622500140,2025,622500140,1,9,0,18,19,1,5,0,0,0,0,0,0,0,4,1,5,6,1,83,11,-1,-1,-1,-1,9,W01001029,0,1
2025622500141,2025,622500141,1,9,0,17,19,1,6,0,0,0,5,0,2,1,1,1,2,2,1,26,6,-1,-1,-1,-1,2,W01001268,0,1
2025622500143,2025,622500143,1,9,0,18,19,4,8,0,0,0,0,0,0,0,2,1,6,6,2,32,6,-1,-1,-1,-1,1,W01001299,0,3
2025622500144,2025,622500144,1,9,0,18,19,8,4,0,0,0,0,7,1,0,0,1,6,6,1,21,5,-1,-1,-1,-1,10,W01001729,0,2
2025622500145,2025,622500145,1,9,0,14,14,8,4,0,0,0,0,0,0,0,1,1,6,6,2,17,4,-1,-1,-1,-1,4,W01001313,0,1
2025622500146,2025,622500146,1,9,0,17,19,8,4,0,0,3,0,0,2,2,1,1,6,6,1,68,10,-1,-1,-1,-1,9,W01001921,0,2
2025622500147,2025,622500147,2,19,0,18,19,6,2,0,0,0,0,0,0,0,1,1,1,1,1,36,7,-1,-1,-1,-1,10,W01000769,0,1
2025622500147,2025,622500147,1,9,0,18,19,2,6,0,0,0,0,0,0,0,1,1,1,1,1,19,4,-1,-1,-1,-1,10,W01000772,0,1
2025622500148,2025,622500148,3,9,0,2,2,0,0,0,0,0,0,0,0,0,2,1,6,6,3,0,1,-1,-1,-1,-1,-1,-1,0,-1
2025622500148,2025,622500148,2,9,0,2,2,0,0,0,0,0,0,0,0,0,1,1,6,6,3,0,1,-1,-1,-1,-1,-1,-1,0,-1
2025622500148,2025,622500148,1,9,0,18,19,8,3,0,0,0,0,4,0,0,1,1,6,6,2,87,11,-1,-1,-1,-1,10,W01001075,0,1
2025622500149,2025,622500149,1,9,0,7,7,8,5,0,0,2,0,0,0,0,1,1,6,6,2,38,7,-1,-1,-1,-1,3,W01001020,0,3
2025622500151,2025,622500151,1,9,0,6,6,1,1,0,0,0,0,0,1,11,1,1,6,6,1,36,7,-1,-1,-1,-1,1,W01000991,0,1
2025622500152,2025,622500152,1,98,0,13,13,1,5,0,0,2,0,4,0,0,0,1,6,6,1,30,6,-1,-1,-1,-1,4,W01001331,0,1
2025622500152,2025,622500152,3,1,0,18,19,1,5,0,0,2,0,4,0,0,2,1,6,6,1,48,8,-1,-1,-1,-1,6,W01001369,0,2
2025622500152,2025,622500152,2,1,0,18,19,1,5,0,0,2,0,0,0,0,2,1,6,6,1,69,10,-1,-1,-1,-1,8,W01001815,0,3
2025622500153,2025,622500153,1,9,0,16,19,3,7,0,0,0,1,0,1,10,1,1,5,6,2,54,8,-1,-1,-1,-1,3,W01001247,0,2
2025622500153,2025,622500153,2,9,0,16,19,3,7,0,0,0,1,1,0,0,1,1,5,6,2,51,8,-1,-1,-1,-1,3,W01001034,0,1
2025622500154,2025,622500154,1,9,0,18,19,3,7,0,0,7,2,0,1,4,1,1,1,1,1,21,5,-1,-1,-1,-1,2,W01001406,0,4
2025622500155,2025,622500155,1,9,0,9,9,8,6,0,0,1,0,0,0,0,1,1,5,6,1,18,4,-1,-1,-1,-1,6,W01001186,0,3
2025622500155,2025,622500155,2,9,0,18,19,4,8,0,0,1,0,0,2,1,1,1,2,2,2,28,6,-1,-1,-1,-1,5,W01001147,0,2
2025622500157,2025,622500157,1,9,0,18,19,7,3,0,0,0,2,0,1,0,1,1,5,6,1,17,4,-1,-1,-1,-1,10,W01001915,0,1
2025622500158,2025,622500158,2,9,0,18,19,4,8,0,0,4,0,0,1,0,4,1,6,6,1,20,4,-1,-1,-1,-1,2,W01001315,0,1
2025622500158,2025,622500158,1,19,4,18,19,3,7,0,0,3,0,0,0,0,1,1,5,6,1,38,7,-1,-1,-1,-1,8,W01001904,0,4
2025622500159,2025,622500159,3,9,0,18,19,8,4,0,0,1,0,0,0,0,1,1,2,2,2,30,6,-1,-1,-1,-1,4,W01001286,0,1
2025622500159,2025,622500159,1,9,0,18,19,4,8,0,0,1,0,0,0,0,1,1,5,6,1,19,4,-1,-1,-1,-1,3,W01001167,0,1
2025622500159,2025,622500159,2,9,0,9,9,4,2,0,0,5,0,0,0,0,1,1,5,6,1,48,8,-1,-1,-1,-1,5,W01001273,0,1
2025622500160,2025,622500160,1,9,0,18,19,4,8,0,0,0,0,0,0,0,1,1,5,6,1,75,10,-1,-1,-1,-1,7,W01001882,0,3
2025622500160,2025,622500160,3,19,0,18,19,4,8,0,0,0,0,0,0,0,2,1,1,1,1,30,6,-1,-1,-1,-1,6,W01001511,0,4
2025622500160,2025,622500160,2,9,0,18,19,4,8,0,0,0,0,0,0,0,2,1,5,6,1,36,7,-1,-1,-1,-1,6,W01000766,0,4
2025622500161,2025,622500161,1,-1,0,18,19,8,4,0,0,0,0,0,0,0,1,1,5,6,1,30,6,-1,-1,-1,-1,10,W01001132,1,1
2025622500162,2025,622500162,1,4,0,18,19,6,4,0,0,1,0,0,0,0,1,1,5,6,1,19,4,-1,-1,-1,-1,1,W01001203,0,1
2025622500162,2025,622500162,2,9,0,9,9,6,4,0,0,6,0,0,0,0,1,1,6,6,2,27,6,-1,-1,-1,-1,4,W01001175,0,1
2025622500162,2025,622500162,3,19,0,9,9,6,4,0,0,6,0,0,0,0,1,1,6,6,1,37,7,-1,-1,-1,-1,1,W01001203,0,1
2025622500163,2025,622500163,1,19,0,13,13,4,8,0,0,0,2,0,0,0,1,1,6,6,1,23,5,-1,-1,-1,-1,5,W01000869,0,4
2025622500163,2025,622500163,2,9,0,18,19,4,8,0,0,0,0,0,0,0,2,1,5,6,2,19,4,-1,-1,-1,-1,8,W01001030,0,4
2025622500164,2025,622500164,3,9,0,18,19,2,6,0,0,0,0,0,0,0,1,1,5,6,1,42,7,-1,-1,-1,-1,1,W01001873,0,1
2025622500164,2025,622500164,1,9,0,4,4,2,6,0,0,0,0,0,0,0,2,1,5,6,2,28,6,-1,-1,-1,-1,5,W01002022,0,2
2025622500164,2025,622500164,2,9,0,4,4,2,6,0,0,0,0,0,0,0,1,1,5,6,2,50,8,-1,-1,-1,-1,10,W01001729,0,2
2025622500165,2025,622500165,1,9,0,16,19,6,2,0,0,1,0,0,0,0,1,1,2,2,2,33,6,-1,-1,-1,-1,9,W01002025,0,1
2025622500166,2025,622500166,2,9,0,18,19,6,2,0,0,3,0,0,0,0,4,1,6,6,1,37,7,-1,-1,-1,-1,6,W01000725,0,3
2025622500166,2025,622500166,1,9,0,18,19,6,2,0,0,3,0,0,0,0,3,1,6,6,1,29,6,-1,-1,-1,-1,9,W01000795,0,1
2025622500167,2025,622500167,2,9,0,2,2,0,0,0,0,0,0,0,0,0,2,1,6,6,3,0,1,-1,-1,-1,-1,-1,-1,0,-1
2025622500167,2025,622500167,1,19,0,18,19,3,7,0,0,0,0,4,0,0,1,1,1,1,1,38,7,-1,-1,-1,-1,4,W01000947,0,3
2025622500167,2025,622500167,3,9,0,2,2,0,0,0,0,0,0,0,0,0,1,1,6,6,3,0,1,-1,-1,-1,-1,-1,-1,0,-1
2025622500168,2025,622500168,1,9,0,17,19,5,2,0,0,0,0,0,0,0,3,1,5,6,2,58,9,-1,-1,-1,-1,3,W01001702,0,1
2025622500170,2025,622500170,2,9,0,9,9,5,3,0,0,3,5,0,8,7,2,1,2,2,2,34,6,-1,-1,-1,-1,6,W01001878,0,1
2025622500170,2025,622500170,1,9,0,18,19,6,1,0,0,4,0,0,0,0,1,1,2,2,1,49,8,-1,-1,-1,-1,3,W01001885,0,1
2025622500171,2025,622500171,1,9,0,4,4,8,4,0,0,1,0,0,0,0,1,1,5,6,2,30,6,-1,-1,-1,-1,7,W01000808,0,2
2025622500171,2025,622500171,2,1,0,18,19,6,2,0,0,1,0,0,0,0,1,1,6,6,1,20,4,-1,-1,-1,-1,7,W01000873,0,1
2025622500173,2025,622500173,1,9,0,18,19,2,6,0,0,1,0,9,0,0,1,1,2,2,1,31,6,-1,-1,-1,-1,6,W01000662,0,4
2025622500174,2025,622500174,1,11,0,8,8,7,1,0,0,1,0,0,0,0,3,1,1,1,1,60,9,-1,-1,-1,-1,3,W01000732,0,3
2025622500174,2025,622500174,2,9,0,18,19,3,7,0,0,3,0,0,0,0,4,1,5,6,1,33,6,-1,-1,-1,-1,2,W01000744,0,1
2025622500175,2025,622500175,1,9,0,18,19,7,3,0,0,8,0,0,0,0,4,1,6,6,1,36,7,-1,-1,-1,-1,3,W01001832,0,1
2025622500175,2025,622500175,2,1,0,18,19,7,3,0,0,8,0,0,0,0,4,1,6,6,1,31,6,-1,-1,-1,-1,5,W01001839,0,1
2025622500176,2025,622500176,2,9,0,18,19,8,4,0,0,0,0,0,0,0,1,1,5,6,2,35,6,-1,-1,-1,-1,10,W01001894,0,1
2025622500176,2025,622500176,1,9,0,4,4,8,4,0,0,0,0,0,0,0,2,1,5,6,2,29,6,-1,-1,-1,-1,10,W01001894,0,1
2025622500177,2025,622500177,1,9,0,9,9,6,4,0,0,8,0,0,0,0,2,1,5,6,2,63,9,-1,-1,-1,-1,5,W01001759,0,1
2025622500177,2025,622500177,2,3,0,18,19,6,2,1,1,8,0,0,0,0,1,1,2,2,1,17,4,-1,-1,-1,-1,1,W01001740,0,1
2025622500178,2025,622500178,2,9,0,18,19,6,2,0,0,0,0,0,0,0,1,1,5,6,2,33,6,-1,-1,-1,-1,10,W01001727,0,1
2025622500178,2025,622500178,1,9,0,18,19,2,6,0,0,0,0,0,0,0,1,1,5,6,2,42,7,-1,-1,-1,-1,3,W01001162,0,1
2025622500179,2025,622500179,1,9,0,18,19,4,8,0,0,0,0,0,8,11,1,1,5,6,2,55,8,-1,-1,-1,-1,4,W01001962,0,2
2025622500180,2025,622500180,1,19,0,5,5,8,4,0,0,8,0,0,0,0,4,1,1,1,1,40,7,-1,-1,-1,-1,3,W01001045,0,3
2025622500181,2025,622500181,3,9,0,18,19,1,6,0,0,0,0,0,0,0,1,1,5,6,1,28,6,-1,-1,-1,-1,4,W01001256,0,3
2025622500181,2025,622500181,1,9,0,4,4,2,6,0,0,0,0,0,0,0,2,1,5,6,1,36,7,-1,-1,-1,-1,10,W01000860,0,4
2025622500181,2025,622500181,2,8,0,4,4,2,6,0,0,0,0,0,0,0,1,1,1,1,1,62,9,-1,-1,-1,-1,3,W01001079,0,3
2025622500182,2025,622500182,1,19,0,9,9,6,4,0,0,1,0,0,0,0,3,1,5,6,1,40,7,-1,-1,-1,-1,2,W01001872,0,1
2025622500182,2025,622500182,2,9,0,7,7,4,6,0,0,1,0,0,0,0,3,1,2,2,1,40,7,-1,-1,-1,-1,1,W01001873,0,1
2025622500183,2025,622500183,1,9,0,18,19,6,2,0,0,0,0,0,0,0,1,1,5,6,2,80,11,-1,-1,-1,-1,10,W01001819,0,1
2025622500184,2025,622500184,1,9,0,18,19,4,8,0,0,3,0,0,0,0,2,1,5,6,2,76,11,-1,-1,-1,-1,10,W01001116,0,1
2025622500184,2025,622500184,2,8,0,18,19,4,8,0,0,3,0,0,0,0,1,1,5,6,2,53,8,-1,-1,-1,-1,2,W01001067,0,1
2025622500185,2025,622500185,3,9,0,18,19,4,8,0,0,0,2,0,0,0,1,1,1,1,2,48,8,-1,-1,-1,-1,1,W01001179,0,1
2025622500185,2025,622500185,4,9,0,18,19,4,8,0,0,0,0,0,0,0,1,1,1,1,1,53,8,-1,-1,-1,-1,1,W01001202,0,3
2025622500185,2025,622500185,2,8,0,18,19,4,8,0,0,0,0,0,1,7,1,1,1,1,1,53,8,-1,-1,-1,-1,2,W01001275,0,2
2025622500185,2025,622500185,1,9,0,18,19,8,4,0,0,0,0,0,0,0,1,1,1,1,1,65,9,-1,-1,-1,-1,1,W01001266,0,3
2025622500186,2025,622500186,1,9,4,18,19,3,7,0,0,0,0,0,0,0,1,1,1,1,1,31,6,-1,-1,-1,-1,9,E01016202,0,5
2025622500186,2025,622500186,2,9,0,4,4,3,7,0,0,0,1,0,1,0,2,1,1,1,2,52,8,-1,-1,-1,-1,1,W01001708,0,4
2025622500187,2025,622500187,1,9,0,18,19,8,4,0,0,0,2,7,0,0,4,1,6,6,1,19,4,-1,-1,-1,-1,3,W01001317,0,1
2025622500188,2025,622500188,1,5,0,18,19,4,8,0,0,0,1,0,0,0,1,1,5,6,1,47,8,-1,-1,-1,-1,1,W01000964,0,1
2025622500188,2025,622500188,2,9,0,4,4,4,8,0,0,0,0,0,0,0,2,2,5,6,1,47,8,-1,-1,-1,-1,7,W01000813,0,2
2025622500189,2025,622500189,2,9,0,18,19,4,8,0,0,1,0,0,0,0,3,1,6,6,2,69,10,-1,-1,-1,-1,5,W01001065,0,3
2025622500189,2025,622500189,1,9,0,7,7,2,4,0,0,2,0,0,0,0,1,1,6,6,2,36,7,-1,-1,-1,-1,4,W01001522,0,4
2025622500190,2025,622500190,2,9,0,9,9,8,6,0,0,6,0,0,0,0,2,1,6,6,1,49,8,-1,-1,-1,-1,1,W01001856,0,1
2025622500190,2025,622500190,1,9,0,18,19,6,2,0,0,1,0,0,0,0,1,1,6,6,1,17,4,-1,-1,-1,-1,3,W01002021,0,1
2025622500191,2025,622500191,1,9,0,4,4,8,4,0,0,1,0,0,0,0,2,1,1,1,1,52,8,-1,-1,-1,-1,9,W01001160,0,3
2025622500191,2025,622500191,2,19,0,4,4,8,4,0,0,1,0,0,0,0,1,1,1,1,1,57,9,-1,-1,-1,-1,8,W01001888,0,1
2025622500192,2025,622500192,2,9,0,18,19,6,2,0,0,0,0,0,0,0,1,1,5,6,1,18,4,-1,-1,-1,-1,5,W01000755,0,1
2025622500192,2025,622500192,1,1,0,18,19,2,6,0,0,0,0,10,0,0,0,1,5,6,1,55,8,-1,-1,-1,-1,2,W01000756,0,1
2025622500193,2025,622500193,1,1,0,18,19,8,4,0,0,8,0,0,0,0,4,1,5,6,2,24,5,-1,-1,-1,-1,2,W01001069,0,3
2025622500193,2025,622500193,2,9,0,9,9,6,2,0,0,4,0,0,0,0,1,1,5,6,1,56,9,-1,-1,-1,-1,10,W01001731,0,1
2025622500194,2025,622500194,1,9,0,18,19,8,4,0,0,0,1,0,0,0,1,1,5,6,1,62,9,-1,-1,-1,-1,2,W01001990,0,2
2025622500194,2025,622500194,2,90,0,99,99,4,8,0,0,0,0,0,0,0,1,1,6,6,3,0,1,-1,-1,-1,-1,-1,-1,0,-1
2025622500195,2025,622500195,1,19,0,17,19,2,6,0,0,0,1,0,2,2,1,1,5,6,1,22,5,-1,-1,-1,-1,3,W01001045,0,3
2025622500196,2025,622500196,1,9,0,4,4,8,4,0,0,0,0,0,0,0,2,1,5,6,1,63,9,-1,-1,-1,-1,10,W01001728,0,3
2025622500196,2025,622500196,3,9,0,18,19,8,4,0,0,0,0,0,0,0,1,1,5,6,1,59,9,-1,-1,-1,-1,5,W01001759,0,1
2025622500196,2025,622500196,2,9,0,4,4,8,4,0,0,0,0,0,0,0,3,1,5,6,1,49,8,-1,-1,-1,-1,9,W01001921,0,4
2025622500197,2025,622500197,1,9,0,18,19,5,1,0,0,0,5,4,0,0,1,1,2,2,1,26,6,-1,-1,-1,-1,5,W01000898,0,2
2025622500197,2025,622500197,2,9,0,2,2,0,0,0,0,0,0,0,0,0,2,1,6,6,3,0,1,-1,-1,-1,-1,-1,-1,0,-1
2025622500198,2025,622500198,1,9,0,18,19,4,8,0,0,0,1,4,0,0,1,1,5,6,1,19,4,-1,-1,-1,-1,9,W01001624,0,4
2025622500198,2025,622500198,2,9,0,2,2,0,0,0,0,0,0,0,0,0,1,1,5,6,3,0,1,-1,-1,-1,-1,-1,-1,0,-1
2025622500199,2025,622500199,1,9,0,18,19,1,5,0,0,0,2,0,0,0,4,1,6,6,1,26,6,-1,-1,-1,-1,1,W01000992,0,2
2025622500200,2025,622500200,2,19,0,17,19,6,2,0,0,0,0,0,1,0,1,1,6,6,1,41,7,-1,-1,-1,-1,6,W01001129,0,2
2025622500200,2025,622500200,1,10,0,16,19,2,6,0,0,0,0,0,0,0,4,1,6,6,1,26,6,-1,-1,-1,-1,5,W01001121,0,3
2025622500201,2025,622500201,1,19,0,18,19,6,2,0,0,1,0,0,0,0,4,1,6,6,1,59,9,-1,-1,-1,-1,1,W01000921,0,1
2025622500202,2025,622500202,1,21,0,18,19,8,4,0,0,0,0,0,0,0,1,1,1,1,1,30,6,-1,-1,-1,-1,4,W01001220,0,1
2025622500202,2025,622500202,2,5,0,18,19,4,8,0,0,0,0,0,0,0,1,1,5,6,1,37,7,-1,-1,-1,-1,3,W01001231,0,1
2025622500203,2025,622500203,2,9,0,2,2,0,0,0,0,0,0,0,0,0,2,1,6,6,3,0,1,-1,-1,-1,-1,-1,-1,0,-1
2025622500203,2025,622500203,1,9,0,18,19,6,2,0,0,0,0,0,0,0,1,1,6,6,3,0,1,-1,-1,-1,-1,-1,-1,0,-1
2025622500204,2025,622500204,1,9,0,18,19,4,8,0,0,0,0,0,0,0,1,1,5,6,1,35,6,-1,-1,-1,-1,3,W01001004,0,3
2025622500204,2025,622500204,2,9,0,18,19,4,8,0,0,0,0,0,0,0,2,1,5,6,2,42,7,-1,-1,-1,-1,4,W01001314,0,2
2025622500205,2025,622500205,2,1,0,18,19,5,2,0,0,0,0,0,0,0,1,1,6,6,1,22,5,-1,-1,-1,-1,2,W01001073,0,2
2025622500205,2025,622500205,1,9,0,18,19,6,2,0,0,0,0,0,0,0,1,1,5,6,1,63,9,-1,-1,-1,-1,3,W01001232,0,4
2025622500206,2025,622500206,1,9,0,14,14,4,8,0,0,0,0,4,0,0,2,1,5,6,1,86,11,-1,-1,-1,-1,4,W01001168,0,1
2025622500206,2025,622500206,3,9,0,2,2,0,0,0,0,0,0,0,0,0,2,1,5,6,3,0,1,-1,-1,-1,-1,-1,-1,0,-1
2025622500206,2025,622500206,4,9,0,2,2,0,0,0,0,0,0,0,0,0,2,1,5,6,3,0,1,-1,-1,-1,-1,-1,-1,0,-1
2025622500206,2025,622500206,2,9,0,2,2,0,0,0,0,0,0,4,0,0,2,1,5,6,3,0,1,-1,-1,-1,-1,-1,-1,0,-1
2025622500207,2025,622500207,2,19,0,9,9,3,8,0,0,8,0,0,0,0,0,1,5,6,1,57,9,-1,-1,-1,-1,2,W01001019,0,1
2025622500207,2025,622500207,1,1,0,18,19,6,2,0,0,8,0,0,1,0,0,1,5,6,1,19,4,-1,-1,-1,-1,2,W01001024,0,2
2025622500208,2025,622500208,1,19,0,18,19,2,6,0,0,0,0,0,0,0,1,1,6,6,1,82,11,-1,-1,-1,-1,8,W01001864,0,1
2025622500208,2025,622500208,2,9,0,3,3,2,6,0,0,0,1,0,0,0,2,1,6,6,1,51,8,-1,-1,-1,-1,9,W01001059,0,3
2025622500209,2025,622500209,2,9,0,9,9,8,6,0,0,8,0,0,0,0,3,1,6,6,1,52,8,-1,-1,-1,-1,3,W01000999,0,3
2025622500209,2025,622500209,1,9,0,13,13,7,4,0,0,8,0,0,0,0,4,1,6,6,1,82,11,-1,-1,-1,-1,3,W01000907,0,2
2025622500210,2025,622500210,1,9,0,9,9,7,5,0,0,1,0,0,0,0,2,1,6,6,2,56,9,-1,-1,-1,-1,10,W01001729,0,1
2025622500210,2025,622500210,2,1,0,18,19,7,3,0,0,1,0,0,0,0,1,1,6,6,1,16,4,-1,-1,-1,-1,1,W01001739,0,1
2025622500211,2025,622500211,1,98,0,4,4,2,6,0,0,0,0,0,0,0,2,1,5,6,1,47,8,-1,-1,-1,-1,2,W01001690,0,4
2025622500211,2025,622500211,2,9,0,18,19,2,6,0,0,0,0,0,0,0,1,1,5,6,2,28,6,-1,-1,-1,-1,3,W01000893,0,2
2025622500212,2025,622500212,2,1,0,18,19,7,3,0,0,8,0,0,0,0,2,1,6,6,1,59,9,-1,-1,-1,-1,4,W01001001,0,2
2025622500212,2025,622500212,1,9,0,18,19,8,4,0,0,4,0,0,0,0,1,1,5,6,2,47,8,-1,-1,-1,-1,3,W01000818,0,3
2025622500213,2025,622500213,1,9,0,18,19,4,8,0,0,8,0,0,0,0,1,1,2,2,1,19,4,-1,-1,-1,-1,4,W01001962,0,3
2025622500214,2025,622500214,1,9,0,7,7,6,8,9,9,1,0,0,1,0,1,1,6,6,1,26,6,-1,-1,-1,-1,6,W01001310,0,1
2025622500215,2025,622500215,2,4,0,3,3,8,4,0,0,1,0,0,0,0,2,1,6,6,1,67,10,-1,-1,-1,-1,4,W01001175,0,3
2025622500215,2025,622500215,1,9,0,18,19,8,4,0,0,1,0,0,0,0,1,1,6,6,2,22,5,-1,-1,-1,-1,2,W01001695,0,3
2025622500216,2025,622500216,2,9,0,9,9,3,8,0,0,5,0,0,0,0,1,1,5,6,1,18,4,-1,-1,-1,-1,10,W01001956,0,1
2025622500216,2025,622500216,1,9,0,18,19,7,3,0,0,1,0,0,0,0,1,1,6,6,1,75,10,-1,-1,-1,-1,3,W01001997,0,1
2025622500217,2025,622500217,2,97,0,2,2,0,0,0,0,1,0,0,0,0,1,1,5,6,1,49,8,-1,-1,-1,-1,10,W01001130,0,1
2025622500217,2025,622500217,1,9,0,1,1,1,5,0,0,1,0,4,0,0,2,1,5,6,2,77,11,-1,-1,-1,-1,10,W01001132,0,1
2025622500217,2025,622500217,3,9,0,4,4,5,1,0,0,1,0,0,0,0,3,1,5,6,1,18,4,-1,-1,-1,-1,3,W01001071,0,2
2025622500218,2025,622500218,1,9,0,1,1,2,6,0,0,0,0,0,0,0,3,1,6,6,1,20,4,-1,-1,-1,-1,2,W01000942,0,3
2025622500219,2025,622500219,1,9,0,5,5,2,6,0,0,0,0,0,0,0,1,1,6,6,1,28,6,-1,-1,-1,-1,1,W01000738,0,1
2025622500220,2025,622500220,1,9,0,18,19,8,4,0,0,0,0,0,0,0,1,1,6,6,2,36,7,-1,-1,-1,-1,7,W01001882,0,1
2025622500220,2025,622500220,2,9,0,4,4,8,4,0,0,0,0,0,0,0,2,1,6,6,1,25,5,-1,-1,-1,-1,5,W01001863,0,1
2025622500221,2025,622500221,1,9,0,18,19,4,8,0,0,1,0,0,0,0,1,1,5,6,1,18,4,-1,-1,-1,-1,3,W01001211,0,2
2025622500222,2025,622500222,1,9,0,16,19,8,4,0,0,0,0,7,0,0,1,1,5,6,2,79,11,-1,-1,-1,-1,6,W01001129,0,1
2025622500223,2025,622500223,2,9,0,2,2,0,0,0,0,1,0,0,0,0,2,1,6,6,1,67,10,-1,-1,-1,-1,4,W01000968,0,4
2025622500223,2025,622500223,1,21,0,1,1,4,8,0,0,1,0,0,0,0,2,1,1,1,3,0,1,-1,-1,-1,-1,-1,-1,0,-1
2025622500224,2025,622500224,2,9,0,18,19,1,5,0,0,0,1,0,0,0,1,1,6,6,2,32,6,-1,-1,-1,-1,5,W01000927,0,1
2025622500224,2025,622500224,1,9,0,18,19,5,1,0,0,0,2,0,1,4,1,1,6,6,1,45,7,-1,-1,-1,-1,4,W01000931,0,2
2025622500225,2025,622500225,1,9,0,17,19,4,8,0,0,0,5,0,1,1,0,1,5,6,2,69,10,-1,-1,-1,-1,3,W01000750,0,3
2025622500226,2025,622500226,1,21,0,17,19,4,8,0,0,0,0,0,0,0,4,1,6,6,3,0,1,-1,-1,-1,-1,-1,-1,0,-1
2025622500226,2025,622500226,2,3,0,18,19,4,8,0,0,0,0,0,0,0,3,1,6,6,1,51,8,-1,-1,-1,-1,10,W01001776,0,1
2025622500228,2025,622500228,1,9,0,5,5,2,6,0,0,1,1,0,0,0,3,1,5,6,1,42,7,-1,-1,-1,-1,9,W01001170,0,2
2025622500229,2025,622500229,1,9,0,18,19,5,1,0,0,0,1,0,4,6,3,1,5,6,1,27,6,-1,-1,-1,-1,2,E01033359,0,4
2025622500230,2025,622500230,1,9,0,7,7,6,7,0,0,6,0,0,0,0,1,1,5,6,1,23,5,-1,-1,-1,-1,4,W01001270,0,1
2025622500231,2025,622500231,2,23,0,18,19,4,8,0,0,0,0,0,0,0,1,1,6,6,1,29,6,-1,-1,-1,-1,1,W01001873,0,1
2025622500231,2025,622500231,1,9,0,1,1,4,8,0,0,0,0,0,0,0,1,1,6,6,1,52,8,-1,-1,-1,-1,1,W01001871,0,1
2025622500232,2025,622500232,2,1,0,18,19,7,3,0,0,4,0,0,0,0,2,1,5,6,1,56,9,-1,-1,-1,-1,10,W01001060,0,1
2025622500232,2025,622500232,1,9,0,18,19,1,5,0,0,4,0,0,0,0,1,1,6,6,2,75,10,-1,-1,-1,-1,10,W01001100,0,1
2025622500233,2025,622500233,2,1,0,18,19,6,2,0,0,1,0,0,0,0,1,1,4,7,1,14,3,-1,-1,-1,-1,4,W01001706,0,1
2025622500233,2025,622500233,1,9,0,7,7,2,3,0,0,5,0,0,0,0,1,1,1,1,1,37,7,-1,-1,-1,-1,5,W01002022,0,1
2025622500234,2025,622500234,2,9,0,18,19,4,8,0,0,1,0,0,0,0,1,1,6,6,1,78,11,-1,-1,-1,-1,1,W01000831,0,1
2025622500234,2025,622500234,1,9,0,9,9,5,4,0,0,1,0,0,0,0,4,1,6,6,2,46,8,-1,-1,-1,-1,5,W01000693,0,4