collision_index,collision_year,collision_ref_no,vehicle_reference,vehicle_type,towing_and_articulation,vehicle_manoeuvre_historic,vehicle_manoeuvre,vehicle_direction_from,vehicle_direction_to,vehicle_location_restricted_lane_historic,vehicle_location_restricted_lane,junction_location,skidding_and_overturning,hit_object_in_carriageway,vehicle_leaving_carriageway,hit_object_off_carriageway,first_point_of_impact,vehicle_left_hand_drive,journey_purpose_of_driver_historic,journey_purpose_of_driver,sex_of_driver,age_of_driver,age_band_of_driver,engine_capacity_cc,propulsion_code,age_of_vehicle,generic_make_model,driver_imd_decile,lsoa_of_driver,escooter_flag,driver_distance_banding
2025631546381,2025,631546381,2,9,0,-1,10,5,3,-1,0,8,0,0,0,0,3,1,-1,6,2,44,7,-1,-1,-1,-1,7,W01000675,0,1
2025631546417,2025,631546417,2,9,0,-1,19,7,2,-1,0,0,0,0,0,0,1,1,-1,2,2,44,7,-1,-1,-1,-1,5,W01000728,0,1
2025631546417,2025,631546417,1,98,0,-1,19,2,7,-1,0,0,0,0,0,0,1,1,-1,1,2,21,5,-1,-1,-1,-1,9,W01000776,0,4
2025631546447,2025,631546447,2,9,0,-1,12,2,6,-1,0,0,1,0,0,0,1,1,-1,6,1,38,7,-1,-1,-1,-1,6,W01000475,0,1
2025631546447,2025,631546447,1,9,0,-1,19,6,2,-1,0,0,0,0,2,10,1,1,-1,1,1,54,8,-1,-1,-1,-1,6,E01028969,0,4
2025631546524,2025,631546524,2,21,0,-1,19,7,7,-1,0,0,0,0,1,0,1,1,-1,1,1,61,9,-1,-1,-1,-1,10,W01000525,0,4
2025631546524,2025,631546524,1,9,0,-1,19,3,3,-1,0,0,1,0,7,0,4,1,-1,6,1,35,6,-1,-1,-1,-1,6,W01000517,0,4
2025631546729,2025,631546729,1,9,0,-1,12,5,2,-1,0,0,0,0,0,0,1,1,-1,6,3,-1,-1,-1,-1,-1,-1,-1,-1,0,-1
2025631546729,2025,631546729,2,1,0,-1,14,2,5,-1,0,0,0,0,0,0,1,1,-1,9,1,53,8,-1,-1,-1,-1,1,W01000600,0,1
2025631546759,2025,631546759,1,1,0,-1,13,6,2,-1,0,0,0,0,0,0,3,1,-1,6,1,31,6,-1,-1,-1,-1,6,W01000489,0,1
2025631546759,2025,631546759,2,9,0,-1,4,2,6,-1,0,0,0,0,0,0,3,1,-1,6,2,28,6,-1,-1,-1,-1,9,W01000493,0,1
2025631546789,2025,631546789,1,9,0,-1,9,4,2,-1,0,6,0,0,0,0,1,1,-1,6,2,57,9,-1,-1,-1,-1,9,W01000467,0,3
2025631546789,2025,631546789,2,9,0,-1,19,2,6,-1,0,8,0,0,0,0,4,1,-1,6,2,33,6,-1,-1,-1,-1,3,W01000478,0,1
2025631547003,2025,631547003,1,9,0,-1,9,4,8,-1,0,6,0,0,0,0,4,1,-1,2,2,66,10,-1,-1,-1,-1,9,W01000549,0,1
2025631547003,2025,631547003,2,19,0,-1,19,6,3,-1,0,1,0,0,0,0,1,1,-1,2,1,27,6,-1,-1,-1,-1,9,W01000549,0,1
2025631547105,2025,631547105,1,4,0,-1,19,7,4,-1,0,8,0,0,1,10,4,1,-1,6,1,20,4,-1,-1,-1,-1,1,W01000600,0,3
2025631547482,2025,631547482,2,9,0,-1,19,2,6,-1,0,8,1,0,0,0,4,1,-1,6,2,31,6,-1,-1,-1,-1,6,W01000671,0,1
2025631547482,2025,631547482,1,9,0,-1,5,4,2,-1,0,6,1,0,0,0,1,1,-1,2,2,33,6,-1,-1,-1,-1,7,W01000878,0,3
2025631547554,2025,631547554,2,9,0,-1,19,7,3,-1,0,8,0,0,0,0,1,1,-1,6,2,18,4,-1,-1,-1,-1,5,W01001925,0,1
2025631547554,2025,631547554,1,9,0,-1,19,7,4,-1,0,4,5,10,1,11,1,1,-1,9,2,73,10,-1,-1,-1,-1,3,W01001923,0,1
2025631548030,2025,631548030,1,9,0,-1,4,7,5,-1,0,8,0,0,0,0,2,1,-1,9,2,57,9,-1,-1,-1,-1,4,W01000608,0,1
2025631548030,2025,631548030,2,9,0,-1,19,7,3,-1,0,1,0,0,0,0,1,1,-1,9,1,66,10,-1,-1,-1,-1,9,W01001947,0,5
2025631548321,2025,631548321,1,9,0,-1,5,5,1,-1,-1,1,0,0,1,11,3,1,-1,6,-1,-1,-1,-1,-1,-1,-1,-1,-1,0,-1
2025631548429,2025,631548429,2,9,0,-1,2,0,0,-1,0,2,0,4,0,0,1,1,-1,6,-1,-1,-1,-1,-1,-1,-1,-1,-1,0,-1
2025631548429,2025,631548429,3,9,0,-1,2,0,0,-1,0,2,0,0,0,0,2,1,-1,6,-1,-1,-1,-1,-1,-1,-1,-1,-1,0,-1
2025631548429,2025,631548429,1,9,0,-1,19,2,6,-1,0,2,0,4,7,10,1,1,-1,6,1,77,11,-1,-1,-1,-1,4,W01000536,0,3
2025631548474,2025,631548474,2,9,0,-1,19,5,2,-1,0,1,0,0,0,0,3,1,-1,6,1,39,7,-1,-1,-1,-1,4,W01000765,0,3
2025631548474,2025,631548474,4,19,0,-1,19,5,2,-1,0,8,0,0,0,0,4,1,-1,6,1,52,8,-1,-1,-1,-1,9,W01000665,0,1
2025631548474,2025,631548474,1,9,0,-1,5,8,5,-1,0,6,0,0,0,0,1,1,-1,6,2,77,11,-1,-1,-1,-1,7,W01000666,0,1
2025631548474,2025,631548474,3,9,0,-1,19,5,2,-1,0,1,0,0,0,0,3,1,-1,6,1,51,8,-1,-1,-1,-1,5,W01000846,0,1
2025631548831,2025,631548831,3,9,0,-1,3,6,2,-1,0,0,0,0,0,0,2,1,-1,9,2,39,7,-1,-1,-1,-1,4,W01000706,0,1
2025631548831,2025,631548831,2,9,0,-1,3,6,2,-1,0,0,0,0,0,0,2,1,-1,9,2,66,10,-1,-1,-1,-1,9,W01000845,0,2
2025631548831,2025,631548831,1,9,0,-1,19,6,2,-1,0,0,0,0,0,0,1,1,-1,9,2,31,6,-1,-1,-1,-1,1,W01001924,0,1
2025631548831,2025,631548831,4,19,0,-1,3,6,2,-1,0,0,0,0,0,0,2,1,-1,2,1,40,7,-1,-1,-1,-1,8,E01016431,0,5
2025631548869,2025,631548869,2,9,0,-1,9,8,5,-1,0,5,0,0,7,10,3,1,-1,1,1,20,4,-1,-1,-1,-1,5,E01002369,0,5
2025631548869,2025,631548869,1,9,0,-1,13,8,4,-1,0,1,1,0,7,10,1,1,-1,2,1,39,7,-1,-1,-1,-1,3,W01001271,0,4
2025631548877,2025,631548877,2,9,0,-1,4,7,3,-1,0,0,0,0,0,0,2,1,-1,9,2,39,7,-1,-1,-1,-1,6,W01001306,0,3
2025631548877,2025,631548877,1,9,0,-1,19,7,3,-1,0,0,0,0,0,0,1,1,-1,2,2,82,11,-1,-1,-1,-1,4,W01001187,0,3
2025631548880,2025,631548880,1,9,0,-1,9,2,8,-1,0,5,0,0,0,0,3,1,-1,6,2,30,6,-1,-1,-1,-1,7,W01000474,0,1
2025631548880,2025,631548880,2,5,0,-1,13,2,6,-1,0,8,0,0,0,0,1,1,-1,6,1,44,7,-1,-1,-1,-1,1,W01000835,0,4
2025631548997,2025,631548997,1,9,0,-1,19,8,4,-1,0,0,5,4,0,0,4,1,-1,9,2,41,7,-1,-1,-1,-1,2,W01000588,0,1
2025631548997,2025,631548997,2,9,0,-1,19,4,8,-1,0,0,0,0,0,0,3,1,-1,9,2,24,5,-1,-1,-1,-1,2,W01000594,0,1
2025631548997,2025,631548997,3,9,0,-1,2,0,0,-1,0,0,0,0,1,10,3,1,-1,6,-1,-1,-1,-1,-1,-1,-1,-1,-1,0,-1
2025631549167,2025,631549167,2,9,0,-1,19,2,6,-1,0,8,0,0,1,7,1,1,-1,6,2,62,9,-1,-1,-1,-1,7,W01000682,0,1
2025631549167,2025,631549167,1,9,0,-1,9,6,5,-1,0,5,0,0,0,0,1,1,-1,6,1,68,10,-1,-1,-1,-1,8,W01000624,0,1
2025631549205,2025,631549205,2,9,0,-1,10,2,8,-1,0,8,0,0,0,0,2,1,-1,9,2,55,8,-1,-1,-1,-1,8,W01000439,0,1
2025631549205,2025,631549205,1,9,0,-1,19,2,6,-1,0,1,0,0,0,0,1,2,-1,6,1,29,6,-1,-1,-1,-1,3,W01000479,0,2
2025631549221,2025,631549221,2,9,0,-1,19,8,5,-1,0,0,0,0,0,0,1,1,-1,9,1,76,11,-1,-1,-1,-1,6,W01001184,0,4
2025631549221,2025,631549221,1,9,0,-1,19,5,8,-1,0,0,1,0,2,10,1,1,-1,9,1,18,4,-1,-1,-1,-1,7,W01000583,0,3
2025631549242,2025,631549242,1,19,0,-1,12,1,4,-1,0,0,0,0,2,10,1,1,-1,9,1,51,8,-1,-1,-1,-1,4,W01000535,0,1
2025631549242,2025,631549242,2,9,0,-1,19,4,1,-1,0,0,0,0,0,0,1,1,-1,6,2,68,10,-1,-1,-1,-1,6,W01000538,0,3
2025631549416,2025,631549416,1,9,0,-1,19,6,1,-1,0,0,0,0,8,3,3,1,-1,2,1,24,5,-1,-1,-1,-1,5,W01001925,0,4
2025631549647,2025,631549647,1,9,0,-1,19,2,6,-1,0,0,0,0,0,0,1,1,-1,6,3,-1,-1,-1,-1,-1,-1,-1,-1,0,-1
2025631549680,2025,631549680,2,8,0,-1,2,0,0,-1,0,1,0,0,0,0,1,1,-1,1,1,67,10,-1,-1,-1,-1,2,W01000498,0,1
2025631549680,2025,631549680,1,9,0,-1,19,6,3,-1,0,2,0,4,0,0,1,1,-1,6,1,26,6,-1,-1,-1,-1,6,W01000501,0,1
2025631549738,2025,631549738,1,9,0,-1,19,2,6,-1,0,0,0,0,0,0,4,1,-1,6,2,26,6,-1,-1,-1,-1,8,W01000691,0,1
2025631549738,2025,631549738,2,1,0,-1,19,2,6,-1,0,0,0,0,0,0,1,1,-1,6,1,12,3,-1,-1,-1,-1,4,W01000636,0,1
2025631549971,2025,631549971,1,9,0,-1,9,8,7,-1,0,5,0,0,0,0,1,1,-1,9,2,33,6,-1,-1,-1,-1,5,W01000599,0,1
2025631549971,2025,631549971,2,9,0,-1,19,4,8,-1,0,8,0,0,0,0,3,1,-1,9,2,18,4,-1,-1,-1,-1,3,W01000607,0,1
2025631550031,2025,631550031,1,9,0,-1,19,5,8,-1,0,0,0,0,7,11,3,1,-1,6,1,22,5,-1,-1,-1,-1,1,W01000570,0,1
2025631551324,2025,631551324,1,9,0,-1,19,5,2,-1,0,2,0,0,0,0,0,1,-1,6,2,62,9,-1,-1,-1,-1,6,W01000477,0,2
2025631551745,2025,631551745,1,98,0,-1,5,1,5,-1,0,6,0,0,3,10,4,1,-1,1,1,82,11,-1,-1,-1,-1,7,W01000578,0,1
2025631551745,2025,631551745,2,9,0,-1,19,3,7,-1,0,8,0,0,1,10,1,1,-1,9,2,77,11,-1,-1,-1,-1,4,W01000605,0,1
2025631551805,2025,631551805,1,9,0,-1,19,6,2,-1,0,0,5,0,2,10,4,1,-1,2,1,28,6,-1,-1,-1,-1,10,W01000840,0,4
2025631552133,2025,631552133,1,9,0,-1,13,8,4,-1,0,1,1,0,7,0,1,1,-1,9,2,73,10,-1,-1,-1,-1,5,W01000550,0,4
2025631552133,2025,631552133,2,17,4,-1,9,8,6,-1,0,5,0,0,0,0,3,1,-1,1,1,58,9,-1,-1,-1,-1,8,W01000440,0,3
2025631552173,2025,631552173,1,9,0,-1,19,3,6,-1,0,4,0,0,0,0,3,1,-1,9,2,65,9,-1,-1,-1,-1,6,W01000565,0,4
2025631552173,2025,631552173,2,9,0,-1,19,1,6,-1,0,8,0,0,0,0,1,1,-1,9,2,25,5,-1,-1,-1,-1,8,W01000611,0,1
2025631552206,2025,631552206,1,19,0,-1,19,6,2,-1,0,0,1,0,7,3,1,1,-1,2,1,34,6,-1,-1,-1,-1,1,W01000812,0,4
2025631552257,2025,631552257,2,9,0,-1,2,0,0,-1,0,2,0,4,0,0,3,1,-1,6,-1,-1,-1,-1,-1,-1,-1,-1,-1,0,-1
2025631552257,2025,631552257,1,9,0,-1,19,8,4,-1,0,1,0,4,0,0,1,1,-1,6,1,75,10,-1,-1,-1,-1,3,W01001923,0,1
2025631552257,2025,631552257,3,9,0,-1,2,0,0,-1,0,2,0,0,0,0,1,1,-1,6,-1,-1,-1,-1,-1,-1,-1,-1,-1,0,-1
2025631552389,2025,631552389,1,9,0,-1,19,5,1,-1,0,8,0,0,7,11,1,1,-1,9,2,49,8,-1,-1,-1,-1,1,E01027140,0,5
2025631552395,2025,631552395,1,9,0,-1,19,4,8,-1,0,0,2,0,8,10,1,1,-1,9,2,25,5,-1,-1,-1,-1,5,W01000599,0,3
2025631552407,2025,631552407,2,9,0,-1,9,2,1,-1,0,5,0,0,0,0,3,1,-1,9,1,65,9,-1,-1,-1,-1,7,W01000663,0,4
2025631552407,2025,631552407,1,5,0,-1,13,2,6,-1,0,8,1,0,7,9,1,1,-1,9,1,72,10,-1,-1,-1,-1,5,W01000717,0,4
2025631553133,2025,631553133,1,9,0,-1,6,4,4,-1,0,0,0,0,0,0,4,1,-1,6,1,69,10,-1,-1,-1,-1,6,W01000713,0,1
2025631553133,2025,631553133,2,3,0,-1,19,8,4,-1,0,0,0,0,0,0,1,1,-1,2,1,17,4,-1,-1,-1,-1,6,W01000713,0,1
2025631553211,2025,631553211,1,9,0,-1,19,8,4,-1,0,0,0,0,0,0,1,1,-1,2,2,55,8,-1,-1,-1,-1,8,W01000842,0,2
2025631553479,2025,631553479,1,9,0,-1,9,1,7,-1,0,8,0,0,0,0,4,1,-1,2,2,27,6,-1,-1,-1,-1,9,W01000467,0,1
2025631553479,2025,631553479,2,9,0,-1,19,5,1,-1,0,1,0,0,0,0,1,1,-1,1,2,34,6,-1,-1,-1,-1,4,W01000456,0,4
2025631553479,2025,631553479,3,19,0,-1,8,7,3,-1,0,6,0,0,0,0,3,1,-1,2,1,33,6,-1,-1,-1,-1,6,W01000433,0,3
2025631553699,2025,631553699,1,9,0,-1,19,3,6,-1,0,0,0,0,0,0,3,1,-1,2,1,45,7,-1,-1,-1,-1,3,W01001678,0,5
2025631553699,2025,631553699,2,9,0,-1,19,6,3,-1,0,0,0,0,0,0,3,1,-1,2,1,29,6,-1,-1,-1,-1,6,W01000689,0,4
2025631554125,2025,631554125,2,9,0,-1,19,6,2,-1,0,8,0,0,0,0,3,1,-1,9,2,55,8,-1,-1,-1,-1,8,W01000694,0,1
2025631554125,2025,631554125,1,9,0,-1,9,8,3,-1,0,5,0,0,0,0,1,1,-1,9,2,67,10,-1,-1,-1,-1,3,W01000688,0,4
2025631554134,2025,631554134,1,9,0,-1,19,5,1,-1,0,0,2,0,2,10,1,1,-1,9,1,84,11,-1,-1,-1,-1,4,W01000536,0,1
2025631554352,2025,631554352,1,9,0,-1,19,4,8,-1,0,0,2,0,2,10,4,1,-1,9,1,28,6,-1,-1,-1,-1,2,W01000604,0,2
2025631555292,2025,631555292,2,9,0,-1,19,6,1,-1,0,0,1,0,0,0,1,1,-1,9,1,20,4,-1,-1,-1,-1,7,E01029480,0,5
2025631555292,2025,631555292,1,9,0,-1,19,1,6,-1,0,0,0,0,1,10,1,1,-1,9,1,27,6,-1,-1,-1,-1,5,E01019866,0,5
2025631555368,2025,631555368,1,9,0,-1,19,1,5,-1,0,0,0,0,0,0,1,1,-1,2,1,19,4,-1,-1,-1,-1,5,W01000455,0,1
2025631555722,2025,631555722,1,97,0,-1,13,6,2,-1,0,8,1,0,0,0,1,1,-1,6,1,27,6,-1,-1,-1,-1,8,W01000676,0,4
2025631555722,2025,631555722,3,20,0,-1,3,2,6,-1,0,1,0,0,0,0,1,1,-1,1,1,29,6,-1,-1,-1,-1,5,W01000754,0,4
2025631555722,2025,631555722,2,20,0,-1,19,6,2,-1,0,8,0,0,0,0,1,1,-1,1,1,63,9,-1,-1,-1,-1,8,W01001356,0,4
2025631555726,2025,631555726,1,9,0,-1,12,4,7,-1,9,0,0,0,7,10,3,1,-1,6,1,74,10,-1,-1,-1,-1,9,W01000444,0,2
2025631555809,2025,631555809,1,19,0,-1,19,1,5,-1,0,0,0,6,1,10,1,1,-1,2,1,27,6,-1,-1,-1,-1,3,W01001231,0,5
2025631555907,2025,631555907,1,9,0,-1,5,4,7,-1,0,4,0,0,0,0,1,1,-1,9,1,73,10,-1,-1,-1,-1,4,W01000760,0,3
2025631555907,2025,631555907,2,9,0,-1,19,2,7,-1,0,8,0,0,0,0,4,1,-1,9,2,35,6,-1,-1,-1,-1,6,W01000725,0,2
2025631555972,2025,631555972,1,5,0,-1,19,4,8,-1,0,0,0,0,1,11,1,1,-1,2,1,27,6,-1,-1,-1,-1,7,W01000503,0,1
2025631556012,2025,631556012,1,9,0,-1,19,4,8,-1,0,4,0,10,3,10,1,1,-1,6,1,31,6,-1,-1,-1,-1,5,W01000590,0,2
2025631556077,2025,631556077,1,9,0,-1,19,2,6,-1,0,1,0,0,0,0,1,1,-1,9,1,59,9,-1,-1,-1,-1,8,W01000534,0,2
2025631556347,2025,631556347,2,19,0,-1,19,7,3,-1,0,0,0,0,1,10,1,1,-1,6,1,31,6,-1,-1,-1,-1,5,W01000599,0,1
2025631556347,2025,631556347,1,9,0,-1,12,3,7,-1,0,0,1,0,0,0,1,1,-1,6,1,37,7,-1,-1,-1,-1,2,W01000588,0,1
2025631556424,2025,631556424,2,1,0,-1,19,7,4,-1,0,8,0,0,0,0,1,1,-1,6,1,54,8,-1,-1,-1,-1,7,W01000716,0,1
2025631556424,2025,631556424,1,19,0,-1,9,3,1,-1,0,5,0,0,0,0,4,1,-1,1,1,51,8,-1,-1,-1,-1,8,W01000624,0,3
2025631556435,2025,631556435,1,9,0,-1,19,4,8,-1,0,0,0,0,7,10,1,1,-1,6,2,19,4,-1,-1,-1,-1,8,W01000644,0,3
2025631556504,2025,631556504,1,9,0,-1,19,2,6,-1,0,8,0,0,7,10,1,1,-1,9,1,22,5,-1,-1,-1,-1,2,W01000483,0,2
2025631556504,2025,631556504,2,9,0,-1,9,8,6,-1,0,6,0,0,3,10,2,1,-1,9,1,52,8,-1,-1,-1,-1,2,W01000483,0,2
2025631556587,2025,631556587,2,9,0,-1,19,6,2,-1,0,0,0,0,1,10,3,1,-1,9,2,36,7,-1,-1,-1,-1,5,W01000550,0,1
2025631556587,2025,631556587,1,9,0,-1,19,2,6,-1,0,0,0,0,1,10,3,1,-1,9,2,77,11,-1,-1,-1,-1,4,W01000542,0,3
2025631556817,2025,631556817,1,9,0,-1,19,6,2,-1,0,1,0,0,0,0,1,1,-1,2,2,30,6,-1,-1,-1,-1,6,E01014531,0,4
2025631556817,2025,631556817,3,9,0,-1,19,2,6,-1,0,8,0,0,1,10,1,1,-1,2,2,60,9,-1,-1,-1,-1,8,W01000445,0,3
2025631556817,2025,631556817,2,9,0,-1,4,6,4,-1,0,8,0,0,7,10,2,1,-1,9,1,21,5,-1,-1,-1,-1,4,W01000912,0,4
2025631556974,2025,631556974,1,9,0,-1,5,6,8,-1,0,6,0,0,0,0,3,1,-1,9,2,62,9,-1,-1,-1,-1,7,W01000684,0,2
2025631556974,2025,631556974,2,9,0,-1,19,4,8,-1,0,8,0,0,5,6,1,1,-1,6,2,22,5,-1,-1,-1,-1,4,W01000950,0,4
2025631557122,2025,631557122,1,5,0,-1,19,7,4,-1,0,0,0,0,2,10,4,1,-1,9,1,47,8,-1,-1,-1,-1,7,W01000474,0,2
2025631557154,2025,631557154,1,9,0,-1,19,4,8,-1,0,0,0,0,7,11,1,1,-1,6,1,39,7,-1,-1,-1,-1,10,W01000792,0,3
2025631557242,2025,631557242,1,9,0,-1,19,2,6,-1,0,8,2,0,7,10,1,1,-1,6,1,33,6,-1,-1,-1,-1,1,E01009174,0,5
2025631557242,2025,631557242,2,17,0,-1,2,0,0,-1,-1,2,0,0,0,0,3,1,-1,6,-1,-1,-1,-1,-1,-1,-1,-1,-1,0,-1
2025631557249,2025,631557249,1,19,0,-1,19,4,1,-1,0,0,5,0,8,10,3,1,-1,6,1,50,8,-1,-1,-1,-1,6,W01000433,0,1
2025631557269,2025,631557269,1,9,0,-1,19,6,1,-1,0,0,5,0,8,11,1,1,-1,9,2,39,7,-1,-1,-1,-1,6,W01000471,0,1
2025631557372,2025,631557372,2,9,0,-1,19,5,2,-1,0,0,0,0,1,10,3,1,-1,9,2,58,9,-1,-1,-1,-1,7,W01000548,0,1
2025631557372,2025,631557372,1,9,0,-1,19,2,5,-1,0,0,0,0,0,0,3,1,-1,9,1,18,4,-1,-1,-1,-1,3,W01000515,0,1
2025631557373,2025,631557373,2,9,0,-1,19,8,4,-1,0,0,0,0,0,0,2,1,-1,9,2,54,8,-1,-1,-1,-1,9,W01000441,0,1
2025631557373,2025,631557373,1,9,0,-1,19,8,4,-1,0,0,1,0,1,11,1,1,-1,9,2,37,7,-1,-1,-1,-1,3,W01000499,0,1
2025631557696,2025,631557696,1,9,0,-1,19,1,6,-1,0,0,0,0,2,10,1,1,-1,6,1,31,6,-1,-1,-1,-1,6,W01001324,0,4
2025631557799,2025,631557799,2,3,0,-1,19,7,4,-1,0,8,0,0,0,0,1,1,-1,9,2,53,8,-1,-1,-1,-1,3,W01000479,0,1
2025631557799,2025,631557799,1,9,0,-1,9,5,4,-1,0,8,0,0,0,0,4,9,-1,6,3,-1,-1,-1,-1,-1,-1,-1,-1,0,-1
2025631558655,2025,631558655,1,9,4,-1,12,5,1,-1,0,0,1,0,0,0,4,1,-1,2,1,72,10,-1,-1,-1,-1,8,W01000443,0,1
2025631558655,2025,631558655,2,9,0,-1,4,5,1,-1,0,0,0,0,0,0,3,1,-1,9,1,65,9,-1,-1,-1,-1,8,W01000440,0,2
2025631558751,2025,631558751,1,9,0,-1,19,4,8,-1,0,0,5,0,8,4,3,1,-1,9,2,80,11,-1,-1,-1,-1,4,W01000639,0,2
2025631558759,2025,631558759,1,5,0,-1,19,6,2,-1,0,8,1,0,0,0,4,1,-1,9,1,38,7,-1,-1,-1,-1,5,W01000673,0,2
2025631558759,2025,631558759,2,9,0,-1,9,8,6,-1,0,6,0,0,0,0,3,1,-1,2,1,49,8,-1,-1,-1,-1,9,W01000580,0,4
2025631559145,2025,631559145,2,9,0,-1,5,4,8,-1,0,8,0,0,0,0,3,1,-1,9,1,45,7,-1,-1,-1,-1,6,W01000653,0,1
2025631559145,2025,631559145,1,90,0,-1,19,4,8,-1,0,8,0,0,0,0,1,1,-1,9,1,35,6,-1,-1,-1,-1,7,W01000634,0,1
2025631559158,2025,631559158,2,9,0,-1,2,0,0,-1,0,0,0,0,0,0,2,1,-1,6,-1,-1,-1,-1,-1,-1,-1,-1,-1,0,-1
2025631559158,2025,631559158,1,90,0,-1,19,6,2,-1,0,0,0,0,0,0,1,1,-1,6,1,13,3,-1,-1,-1,-1,5,W01000576,0,1
2025631559228,2025,631559228,2,9,0,-1,19,2,6,-1,0,0,0,0,1,10,3,1,-1,6,2,47,8,-1,-1,-1,-1,9,W01001999,0,1
2025631559228,2025,631559228,1,9,0,-1,12,6,2,-1,0,0,0,0,0,0,3,1,-1,9,2,83,11,-1,-1,-1,-1,8,W01000699,0,1
2025631559442,2025,631559442,1,9,0,-1,19,8,4,-1,0,3,0,0,0,0,1,1,-1,6,2,40,7,-1,-1,-1,-1,6,W01000574,0,3
2025631559546,2025,631559546,1,9,0,-1,19,7,2,-1,0,4,0,0,0,0,1,1,-1,9,2,39,7,-1,-1,-1,-1,5,W01000841,0,2
2025631559546,2025,631559546,2,9,0,-1,4,7,2,-1,0,1,0,0,0,0,2,1,-1,9,2,34,6,-1,-1,-1,-1,6,W01000662,0,2
2025631559572,2025,631559572,1,9,0,-1,9,5,3,-1,0,8,1,0,1,10,1,1,-1,9,2,76,11,-1,-1,-1,-1,6,W01000571,0,1
2025631559572,2025,631559572,2,9,0,-1,19,1,5,-1,0,8,1,0,1,10,3,1,-1,1,1,19,4,-1,-1,-1,-1,7,W01000623,0,1
2025631559703,2025,631559703,2,9,0,-1,2,0,0,-1,0,0,0,0,0,0,2,1,-1,6,-1,-1,-1,-1,-1,-1,-1,-1,-1,0,-1
2025631559703,2025,631559703,1,19,0,-1,19,2,6,-1,0,0,5,0,2,11,1,1,-1,6,1,27,6,-1,-1,-1,-1,6,W01000613,0,2
2025631559733,2025,631559733,1,9,0,-1,19,6,2,-1,0,0,2,0,8,10,1,1,-1,6,2,32,6,-1,-1,-1,-1,9,W01000441,0,1
2025631559821,2025,631559821,2,19,0,-1,9,2,8,-1,0,5,0,0,0,0,3,1,-1,9,1,51,8,-1,-1,-1,-1,7,W01000447,0,2
2025631559821,2025,631559821,1,9,0,-1,13,2,6,-1,0,8,0,0,0,0,1,1,-1,9,1,22,5,-1,-1,-1,-1,5,E01033530,0,2
2025631559854,2025,631559854,1,9,0,-1,4,6,2,-1,0,0,0,0,0,0,2,1,-1,9,1,69,10,-1,-1,-1,-1,5,W01000576,0,2
2025631559854,2025,631559854,2,9,0,-1,19,6,2,-1,0,0,0,0,0,0,1,1,-1,9,2,23,5,-1,-1,-1,-1,2,W01001142,0,4
2025631560013,2025,631560013,1,90,0,-1,19,8,4,-1,0,8,1,0,3,11,1,1,-1,9,1,28,6,-1,-1,-1,-1,5,W01002012,0,1
2025631560020,2025,631560020,2,9,0,-1,19,2,6,-1,0,0,1,0,0,0,1,1,-1,9,2,59,9,-1,-1,-1,-1,7,W01000460,0,2
2025631560020,2025,631560020,1,9,0,-1,13,6,2,-1,0,0,1,0,7,10,3,1,-1,9,1,22,5,-1,-1,-1,-1,9,E01009463,0,4
2025631560020,2025,631560020,4,9,0,-1,19,6,2,-1,0,0,0,0,0,0,3,1,-1,9,1,37,7,-1,-1,-1,-1,1,E01010527,0,4
2025631560020,2025,631560020,3,9,0,-1,19,6,2,-1,0,0,0,0,0,0,3,1,-1,2,1,20,4,-1,-1,-1,-1,10,E01009428,0,4
2025631560139,2025,631560139,1,4,0,-1,19,4,8,-1,0,0,1,0,0,0,0,1,-1,9,1,50,8,-1,-1,-1,-1,5,E01009126,0,5
2025631560177,2025,631560177,1,5,0,-1,19,6,3,-1,0,0,1,0,1,10,3,1,-1,9,1,52,8,-1,-1,-1,-1,2,W01000594,0,3
2025631560226,2025,631560226,1,5,0,-1,19,8,4,-1,0,8,0,0,7,10,1,1,-1,9,1,24,5,-1,-1,-1,-1,7,W01000623,0,3
2025631560226,2025,631560226,2,9,0,-1,9,4,1,-1,-1,5,0,0,0,0,4,1,-1,9,1,33,6,-1,-1,-1,-1,5,W01002011,0,3
2025631560251,2025,631560251,1,5,0,-1,19,8,5,-1,0,0,0,0,1,10,3,1,-1,9,2,56,9,-1,-1,-1,-1,2,W01001529,0,4
2025631560302,2025,631560302,1,9,0,-1,19,8,3,-1,0,0,5,0,2,10,1,1,-1,9,1,22,5,-1,-1,-1,-1,6,W01000434,0,2
2025631560770,2025,631560770,2,3,0,-1,14,8,5,-1,0,8,0,0,0,0,3,1,-1,9,2,20,4,-1,-1,-1,-1,1,W01000733,0,1
2025631560770,2025,631560770,1,19,0,-1,9,7,5,-1,0,6,0,0,0,0,1,1,-1,1,1,46,8,-1,-1,-1,-1,3,W01000695,0,2
2025631560926,2025,631560926,2,19,0,-1,19,6,2,-1,0,8,0,0,0,0,4,1,-1,1,1,67,10,-1,-1,-1,-1,7,W01000735,0,2
2025631560926,2025,631560926,1,9,0,-1,5,7,2,-1,0,6,0,0,0,0,1,1,-1,6,2,80,11,-1,-1,-1,-1,5,W01000728,0,1
2025631561038,2025,631561038,2,9,4,-1,19,2,6,-1,0,0,0,0,0,0,0,1,-1,9,1,48,8,-1,-1,-1,-1,6,-1,0,4