collision_index,collision_year,collision_ref_no,vehicle_reference,vehicle_type,towing_and_articulation,vehicle_manoeuvre_historic,vehicle_manoeuvre,vehicle_direction_from,vehicle_direction_to,vehicle_location_restricted_lane_historic,vehicle_location_restricted_lane,junction_location,skidding_and_overturning,hit_object_in_carriageway,vehicle_leaving_carriageway,hit_object_off_carriageway,first_point_of_impact,vehicle_left_hand_drive,journey_purpose_of_driver_historic,journey_purpose_of_driver,sex_of_driver,age_of_driver,age_band_of_driver,engine_capacity_cc,propulsion_code,age_of_vehicle,generic_make_model,driver_imd_decile,lsoa_of_driver,escooter_flag,driver_distance_banding
2025631561038,2025,631561038,3,9,0,-1,19,2,6,-1,0,0,5,0,1,10,1,1,-1,9,1,38,7,-1,-1,-1,-1,6,W01000433,0,3
2025631561038,2025,631561038,1,9,0,-1,19,6,2,-1,0,0,1,0,2,10,1,1,-1,1,1,20,4,-1,-1,-1,-1,7,W01000482,0,1
2025631561067,2025,631561067,1,9,0,-1,9,4,2,-1,0,5,0,0,0,0,1,1,-1,9,2,25,5,-1,-1,-1,-1,3,W01000625,0,4
2025631561067,2025,631561067,2,9,0,-1,19,8,4,-1,0,8,0,0,0,0,3,1,-1,9,1,80,11,-1,-1,-1,-1,5,W01000559,0,3
2025631561344,2025,631561344,2,19,0,-1,3,4,8,-1,0,0,0,0,1,10,2,1,-1,9,1,40,7,-1,-1,-1,-1,3,W01000799,0,4
2025631561344,2025,631561344,1,21,4,-1,4,4,8,-1,0,0,0,0,1,1,1,1,-1,1,1,63,9,-1,-1,-1,-1,1,W01001219,0,4
2025631561457,2025,631561457,2,19,0,-1,9,4,2,-1,0,5,0,0,7,10,3,1,-1,1,1,28,6,-1,-1,-1,-1,7,E01034093,0,5
2025631561457,2025,631561457,1,9,0,-1,13,4,8,-1,-1,8,0,0,0,0,1,1,-1,1,1,59,9,-1,-1,-1,-1,7,E01032401,0,5
2025631561502,2025,631561502,2,9,0,-1,10,2,8,-1,0,8,0,0,0,0,1,1,-1,9,1,24,5,-1,-1,-1,-1,6,W01000662,0,2
2025631561502,2025,631561502,1,98,0,-1,9,4,2,-1,0,5,0,0,0,0,1,1,-1,6,2,50,8,-1,-1,-1,-1,3,W01000652,0,1
2025631561648,2025,631561648,1,19,0,-1,19,4,8,-1,0,0,0,0,0,0,1,1,-1,6,1,43,7,-1,-1,-1,-1,7,W01000569,0,3
2025631561648,2025,631561648,2,1,0,-1,19,4,8,-1,0,0,0,0,0,0,2,1,-1,9,1,40,7,-1,-1,-1,-1,6,W01000598,0,1
2025631561946,2025,631561946,2,9,0,-1,19,1,6,-1,0,0,1,0,2,10,1,1,-1,9,1,66,10,-1,-1,-1,-1,4,W01000683,0,2
2025631561946,2025,631561946,1,9,0,-1,19,6,1,-1,0,0,0,0,0,0,0,9,-1,6,3,-1,-1,-1,-1,-1,-1,-1,-1,0,-1
2025631562250,2025,631562250,1,98,0,-1,19,5,1,-1,0,1,0,0,0,0,1,1,-1,6,3,-1,-1,-1,-1,-1,-1,-1,-1,0,-1
2025631562250,2025,631562250,2,9,0,-1,3,5,1,-1,0,1,0,0,0,0,2,1,-1,6,1,34,6,-1,-1,-1,-1,3,E01003248,0,5
2025631562388,2025,631562388,1,9,0,-1,9,2,8,-1,0,5,0,0,0,0,1,1,-1,6,1,63,9,-1,-1,-1,-1,6,W01000671,0,1
2025631562388,2025,631562388,2,23,0,-1,19,1,5,-1,0,8,0,0,0,0,4,1,-1,6,1,50,8,-1,-1,-1,-1,2,W01000670,0,1
2025631562563,2025,631562563,1,9,0,-1,12,4,8,-1,0,0,0,0,0,0,1,1,-1,6,1,49,8,-1,-1,-1,-1,4,W01000683,0,2
2025631562563,2025,631562563,2,9,0,-1,19,8,4,-1,0,0,0,0,0,0,1,1,-1,6,2,37,7,-1,-1,-1,-1,7,W01000684,0,2
2025631562650,2025,631562650,1,9,0,-1,19,6,2,-1,0,0,0,0,0,0,4,1,-1,9,1,52,8,-1,-1,-1,-1,5,W01000650,0,4
2025631562998,2025,631562998,2,9,0,-1,19,4,8,-1,0,1,0,0,0,0,1,1,-1,9,1,55,8,-1,-1,-1,-1,10,E01018676,0,5
2025631562998,2025,631562998,1,5,0,-1,12,8,4,-1,0,2,0,0,7,11,1,1,-1,9,1,58,9,-1,-1,-1,-1,6,E01028899,0,4
2025631563033,2025,631563033,1,9,0,-1,19,5,8,-1,0,0,5,0,7,8,1,1,-1,9,1,38,7,-1,-1,-1,-1,1,W01000570,0,2
2025631563118,2025,631563118,1,9,0,-1,19,4,8,-1,-1,2,0,0,0,0,1,9,-1,6,3,-1,-1,-1,-1,-1,-1,-1,-1,0,-1
2025631563118,2025,631563118,2,9,0,-1,2,0,0,-1,-1,2,0,0,0,0,2,1,-1,9,1,71,10,-1,-1,-1,-1,7,W01000474,0,3
2025631563617,2025,631563617,2,9,0,-1,19,8,4,-1,0,0,0,0,8,10,3,1,-1,2,2,38,7,-1,-1,-1,-1,4,W01001335,0,4
2025631563617,2025,631563617,1,9,4,-1,19,4,8,-1,0,0,0,0,1,10,3,1,-1,9,1,76,11,-1,-1,-1,-1,9,W01000465,0,2
2025631563762,2025,631563762,1,9,0,-1,9,4,2,-1,0,5,0,0,0,0,4,1,-1,9,1,74,10,-1,-1,-1,-1,5,W01000614,0,2
2025631563762,2025,631563762,2,9,0,-1,19,8,4,-1,0,8,0,0,0,0,1,1,-1,9,2,32,6,-1,-1,-1,-1,8,W01000554,0,1
2025631564662,2025,631564662,1,9,0,-1,19,4,8,-1,0,0,0,0,1,11,4,1,-1,6,2,60,9,-1,-1,-1,-1,6,W01000560,0,3
2025631564775,2025,631564775,1,9,0,-1,19,2,6,-1,0,6,0,0,0,0,1,1,-1,1,2,21,5,-1,-1,-1,-1,2,W01000655,0,4
2025631564775,2025,631564775,2,98,0,-1,19,5,1,-1,0,8,0,0,0,0,3,1,-1,1,1,53,8,-1,-1,-1,-1,9,W01000549,0,1
2025631565437,2025,631565437,1,9,0,-1,12,6,1,-1,0,0,0,0,0,0,1,1,-1,9,2,65,9,-1,-1,-1,-1,8,W01000557,0,2
2025631565437,2025,631565437,2,9,0,-1,19,1,6,-1,0,0,0,0,0,0,1,1,-1,9,2,72,10,-1,-1,-1,-1,9,W01000609,0,1
2025631565464,2025,631565464,2,9,0,-1,2,0,0,-1,9,0,0,0,0,0,3,1,-1,6,-1,-1,-1,-1,-1,-1,-1,-1,-1,0,-1
2025631565464,2025,631565464,1,9,0,-1,19,2,6,-1,0,0,0,4,0,0,4,1,-1,6,1,87,11,-1,-1,-1,-1,6,W01000598,0,1
2025631565583,2025,631565583,1,5,0,-1,12,5,8,-1,0,8,0,0,7,11,1,1,-1,9,1,48,8,-1,-1,-1,-1,9,W01001190,0,4
2025631565921,2025,631565921,2,9,0,-1,19,1,4,-1,0,1,0,0,0,0,1,1,-1,6,2,75,10,-1,-1,-1,-1,7,W01000704,0,1
2025631565921,2025,631565921,1,9,0,-1,3,1,4,-1,0,8,0,0,0,0,2,1,-1,6,2,57,9,-1,-1,-1,-1,9,W01001999,0,1
2025631565945,2025,631565945,2,5,0,-1,13,6,2,-1,0,8,0,0,0,0,4,1,-1,6,1,67,10,-1,-1,-1,-1,8,W01000622,0,3
2025631565945,2025,631565945,1,9,0,-1,9,6,4,-1,0,5,0,0,0,0,3,1,-1,9,1,53,8,-1,-1,-1,-1,5,E01031479,0,5
2025631565962,2025,631565962,3,9,0,-1,19,8,4,-1,0,1,0,0,0,0,1,1,-1,2,2,57,9,-1,-1,-1,-1,4,W01000587,0,2
2025631565962,2025,631565962,2,9,0,-1,10,6,3,-1,0,8,0,0,0,0,2,1,-1,6,1,73,10,-1,-1,-1,-1,4,W01000603,0,1
2025631565962,2025,631565962,1,9,0,-1,19,4,8,-1,0,1,0,0,0,0,1,1,-1,9,2,52,8,-1,-1,-1,-1,2,W01000604,0,1
2025631565971,2025,631565971,2,9,0,-1,19,5,2,-1,0,8,0,0,0,0,4,1,-1,6,1,73,10,-1,-1,-1,-1,7,W01000663,0,2
2025631565971,2025,631565971,1,9,0,-1,5,7,3,-1,0,6,0,0,0,0,1,1,-1,6,1,45,7,-1,-1,-1,-1,3,W01000705,0,3
2025631566085,2025,631566085,1,3,0,-1,19,1,5,-1,0,8,1,0,0,0,1,1,-1,6,1,17,4,-1,-1,-1,-1,7,W01000523,0,1
2025631566085,2025,631566085,2,9,0,-1,9,5,3,-1,0,5,0,0,0,0,4,1,-1,9,2,31,6,-1,-1,-1,-1,7,W01000552,0,3
2025631566197,2025,631566197,1,9,0,-1,19,4,8,-1,0,2,0,0,0,0,1,1,-1,6,1,83,11,-1,-1,-1,-1,2,W01000594,0,1
2025631566523,2025,631566523,1,9,0,-1,19,6,2,-1,0,0,0,11,1,10,1,1,-1,9,2,34,6,-1,-1,-1,-1,5,W01000673,0,1
2025631566928,2025,631566928,1,19,0,-1,19,4,8,-1,0,1,0,0,3,11,1,1,-1,1,1,49,8,-1,-1,-1,-1,3,W01000478,0,3
2025631566928,2025,631566928,2,9,0,-1,9,4,8,-1,0,5,0,0,0,0,3,1,-1,6,1,59,9,-1,-1,-1,-1,8,E01028997,0,3
2025631567309,2025,631567309,2,19,0,-1,19,6,2,-1,0,0,0,0,0,0,1,1,-1,9,1,58,9,-1,-1,-1,-1,7,E01019716,0,5
2025631567309,2025,631567309,1,98,0,-1,19,6,2,-1,0,0,0,0,0,0,0,1,-1,6,-1,-1,-1,-1,-1,-1,-1,-1,-1,0,-1
2025631567689,2025,631567689,2,9,0,-1,5,3,7,-1,0,6,0,0,0,0,1,1,-1,6,2,79,11,-1,-1,-1,-1,7,W01000578,0,2
2025631567689,2025,631567689,1,9,0,-1,19,1,5,-1,0,8,0,0,0,0,4,1,-1,6,2,58,9,-1,-1,-1,-1,9,W01000580,0,2
2025631567743,2025,631567743,1,21,0,-1,4,2,6,-1,0,0,0,0,0,0,3,9,-1,6,3,-1,-1,-1,-1,-1,-1,-1,-1,0,-1
2025631567888,2025,631567888,1,3,0,-1,19,3,7,-1,0,0,0,0,1,10,1,1,-1,6,1,20,4,-1,-1,-1,-1,7,W01000473,0,3
2025631567911,2025,631567911,1,9,0,-1,19,4,8,-1,0,0,5,0,2,10,4,1,-1,9,1,18,4,-1,-1,-1,-1,8,W01001897,0,1
2025631568118,2025,631568118,1,9,0,-1,19,2,6,-1,0,0,2,0,1,10,1,1,-1,6,2,39,7,-1,-1,-1,-1,7,W01000682,0,1
2025631568121,2025,631568121,1,2,0,-1,19,2,5,-1,0,0,0,0,8,7,3,1,-1,9,1,49,8,-1,-1,-1,-1,5,W01000687,0,1
2025631568162,2025,631568162,1,9,0,-1,19,4,8,-1,0,0,0,0,0,0,1,1,-1,9,1,73,10,-1,-1,-1,-1,7,W01000579,0,2
2025631568167,2025,631568167,1,9,0,-1,19,1,4,-1,0,0,2,0,2,10,4,1,-1,6,1,17,4,-1,-1,-1,-1,2,W01001142,0,3
2025631568415,2025,631568415,1,9,0,-1,19,1,5,-1,0,0,5,0,7,1,1,1,-1,9,1,21,5,-1,-1,-1,-1,7,W01000583,0,1
2025631568617,2025,631568617,1,4,0,-1,19,2,7,-1,0,0,1,0,2,9,4,1,-1,9,1,23,5,-1,-1,-1,-1,6,W01001195,0,4
2025631568622,2025,631568622,3,9,0,-1,19,1,5,-1,0,0,0,0,1,10,1,1,-1,2,2,43,7,-1,-1,-1,-1,8,W01000534,0,4
2025631568622,2025,631568622,2,9,0,-1,19,1,5,-1,0,0,0,0,0,0,3,1,-1,9,1,19,4,-1,-1,-1,-1,1,W01000830,0,4
2025631568622,2025,631568622,1,98,0,-1,19,5,1,-1,0,0,0,0,0,0,3,1,-1,1,1,23,5,-1,-1,-1,-1,4,W01000535,0,2
2025631568716,2025,631568716,1,97,0,-1,19,3,8,-1,0,8,1,0,3,10,4,1,-1,6,1,57,9,-1,-1,-1,-1,1,W01000606,0,4
2025631568807,2025,631568807,2,9,0,-1,9,8,6,-1,0,6,0,0,0,0,1,1,-1,9,1,79,11,-1,-1,-1,-1,6,W01000709,0,1
2025631568807,2025,631568807,1,9,0,-1,19,6,2,-1,0,8,0,0,0,0,4,1,-1,9,1,85,11,-1,-1,-1,-1,5,W01000678,0,4
2025631569257,2025,631569257,2,9,0,-1,9,2,7,-1,0,5,0,0,1,10,3,1,-1,9,2,61,9,-1,-1,-1,-1,7,W01000428,0,1
2025631569257,2025,631569257,1,9,0,-1,13,2,6,-1,0,8,0,0,1,10,1,1,-1,6,1,45,7,-1,-1,-1,-1,6,W01000477,0,4
2025631569784,2025,631569784,2,98,0,-1,19,1,6,-1,0,0,0,0,0,0,1,1,-1,1,1,64,9,-1,-1,-1,-1,4,W01000603,0,3
2025631569784,2025,631569784,1,9,0,-1,12,6,1,-1,0,0,0,0,0,0,1,1,-1,6,2,74,10,-1,-1,-1,-1,5,W01000563,0,1
2025631570053,2025,631570053,1,9,0,-1,19,2,6,-1,0,0,1,0,1,11,1,1,-1,9,2,23,5,-1,-1,-1,-1,4,W01001899,0,4
2025631570083,2025,631570083,1,21,4,-1,19,7,2,-1,0,0,1,0,1,10,1,1,-1,1,1,58,9,-1,-1,-1,-1,5,W01000312,0,5
2025631570083,2025,631570083,2,21,4,-1,4,2,7,-1,0,0,0,0,0,0,1,1,-1,1,1,49,8,-1,-1,-1,-1,5,W01000543,0,3
2025631570104,2025,631570104,1,9,0,-1,19,5,8,-1,0,0,0,0,2,10,1,1,-1,6,2,84,11,-1,-1,-1,-1,5,W01000687,0,1
2025631570222,2025,631570222,2,9,0,-1,19,5,1,-1,0,8,0,0,0,0,1,9,-1,6,3,-1,-1,-1,-1,-1,-1,-1,-1,0,-1
2025631570222,2025,631570222,1,19,0,-1,4,5,1,-1,0,8,0,0,0,0,2,1,-1,2,1,27,6,-1,-1,-1,-1,8,W01000596,0,4
2025631570327,2025,631570327,2,9,0,-1,19,6,2,-1,0,0,1,0,1,10,1,1,-1,6,2,36,7,-1,-1,-1,-1,7,W01000562,0,1
2025631570327,2025,631570327,1,9,0,-1,19,2,6,-1,0,0,1,0,0,0,3,1,-1,6,2,22,5,-1,-1,-1,-1,7,W01000562,0,1
2025631570346,2025,631570346,1,9,0,-1,19,2,6,-1,0,0,1,0,8,10,1,1,-1,6,2,41,7,-1,-1,-1,-1,7,W01000721,0,4
2025631570347,2025,631570347,1,9,0,-1,19,4,8,-1,0,0,0,0,0,0,1,1,-1,2,1,20,4,-1,-1,-1,-1,6,W01000575,0,3
2025631570347,2025,631570347,2,9,4,-1,19,8,4,-1,0,0,0,0,0,0,1,1,-1,9,1,18,4,-1,-1,-1,-1,7,W01000583,0,4
2025631570770,2025,631570770,1,9,0,-1,14,3,8,-1,0,0,0,0,0,0,1,9,-1,6,3,-1,-1,-1,-1,-1,-1,-1,-1,0,-1
2025631571053,2025,631571053,1,9,0,-1,12,4,8,-1,0,0,5,0,8,4,1,1,-1,6,2,71,10,-1,-1,-1,-1,5,W01000728,0,1
2025631571071,2025,631571071,2,9,0,-1,19,8,4,-1,0,8,1,0,0,0,4,1,-1,6,2,50,8,-1,-1,-1,-1,9,W01000580,0,1
2025631571071,2025,631571071,1,9,0,-1,9,3,1,-1,0,6,0,0,0,0,1,1,-1,6,1,92,11,-1,-1,-1,-1,5,W01002011,0,2
2025631571103,2025,631571103,1,9,0,-1,19,2,6,-1,0,0,0,0,1,10,1,1,-1,6,1,56,9,-1,-1,-1,-1,6,W01000545,0,4
2025631571103,2025,631571103,2,9,0,-1,4,2,6,-1,0,0,0,0,0,0,2,1,-1,9,1,50,8,-1,-1,-1,-1,6,W01000501,0,3
2025631571139,2025,631571139,1,9,0,-1,19,5,1,-1,0,0,5,0,1,11,1,1,-1,6,1,35,6,-1,-1,-1,-1,5,W01000513,0,4
2025631571201,2025,631571201,1,9,0,-1,19,2,6,-1,0,0,1,0,4,6,1,1,-1,9,2,48,8,-1,-1,-1,-1,2,W01000756,0,3
2025631571206,2025,631571206,1,98,0,-1,12,5,1,-1,0,1,0,0,0,0,1,1,-1,9,1,44,7,-1,-1,-1,-1,3,W01000695,0,2
2025631571206,2025,631571206,3,9,0,-1,19,1,5,-1,0,2,0,0,1,10,3,1,-1,6,2,48,8,-1,-1,-1,-1,3,W01000695,0,2
2025631571206,2025,631571206,4,9,0,-1,3,5,1,-1,0,1,0,0,0,0,2,1,-1,2,2,40,7,-1,-1,-1,-1,2,W01000729,0,2
2025631571206,2025,631571206,2,9,0,-1,3,5,1,-1,0,1,0,0,0,0,2,1,-1,2,1,45,7,-1,-1,-1,-1,6,W01000671,0,1
2025631571233,2025,631571233,1,9,0,-1,19,1,4,-1,0,3,0,0,3,2,3,1,-1,6,2,22,5,-1,-1,-1,-1,4,W01000656,0,2
2025631571238,2025,631571238,1,9,0,-1,11,1,4,-1,0,8,0,0,0,0,4,1,-1,6,1,31,6,-1,-1,-1,-1,8,W01000876,0,4
2025631571238,2025,631571238,2,5,0,-1,19,1,6,-1,0,8,1,0,0,0,3,1,-1,9,2,54,8,-1,-1,-1,-1,3,W01000681,0,2
2025631571535,2025,631571535,1,9,0,-1,19,6,2,-1,0,0,0,0,0,0,4,1,-1,6,1,43,7,-1,-1,-1,-1,7,W01000666,0,1
2025631571551,2025,631571551,2,9,0,-1,4,8,4,-1,0,0,0,0,0,0,2,1,-1,6,2,20,4,-1,-1,-1,-1,5,W01000576,0,4
2025631571551,2025,631571551,1,98,0,-1,19,8,4,-1,0,0,0,0,0,0,1,1,-1,6,1,30,6,-1,-1,-1,-1,-1,-1,0,-1
2025631571564,2025,631571564,1,9,0,-1,19,6,2,-1,0,0,0,0,0,0,1,9,-1,6,3,-1,-1,-1,-1,-1,-1,-1,-1,0,-1
2025631571591,2025,631571591,1,9,0,-1,19,8,4,-1,0,0,0,0,0,0,1,1,-1,6,1,20,4,-1,-1,-1,-1,6,W01000698,0,1
2025631571591,2025,631571591,2,9,0,-1,19,4,8,-1,0,0,0,0,0,0,1,1,-1,6,2,30,6,-1,-1,-1,-1,8,W01000699,0,1
2025631571619,2025,631571619,1,1,0,-1,19,1,5,-1,0,6,1,0,0,0,1,1,-1,6,1,10,2,-1,-1,-1,-1,4,W01001899,0,1
2025631571619,2025,631571619,2,9,0,-1,19,7,3,-1,0,8,1,0,0,0,4,1,-1,6,2,34,6,-1,-1,-1,-1,4,W01001899,0,1
2025631571703,2025,631571703,2,98,0,-1,19,5,1,-1,0,0,0,0,0,0,2,1,-1,9,1,20,4,-1,-1,-1,-1,5,W01000723,0,3
2025631571703,2025,631571703,1,9,0,-1,4,5,1,-1,0,0,0,0,0,0,1,1,-1,9,1,31,6,-1,-1,-1,-1,8,W01000642,0,1
2025631571748,2025,631571748,2,1,0,-1,19,-1,-1,-1,0,-1,0,0,0,0,-1,1,-1,6,1,-1,-1,-1,-1,-1,-1,7,W01000623,0,2
2025631571748,2025,631571748,1,9,0,-1,19,4,8,-1,0,2,0,0,0,0,-1,1,-1,2,1,31,6,-1,-1,-1,-1,7,W01000572,0,1
2025631572871,2025,631572871,2,9,0,-1,19,6,3,-1,0,0,0,0,1,4,1,1,-1,6,1,25,5,-1,-1,-1,-1,6,W01000725,0,3
2025631572871,2025,631572871,1,9,0,-1,19,3,6,-1,0,0,0,0,1,10,1,1,-1,6,1,19,4,-1,-1,-1,-1,5,W01001925,0,2
2025631572871,2025,631572871,3,9,0,-1,19,6,3,-1,0,0,0,0,0,0,1,1,-1,9,1,18,4,-1,-1,-1,-1,7,W01000666,0,1
2025631573227,2025,631573227,1,3,0,-1,19,8,5,-1,0,0,0,11,1,10,1,1,-1,6,1,19,4,-1,-1,-1,-1,5,E01032475,0,4
2025631573359,2025,631573359,1,9,0,-1,7,3,5,-1,9,5,0,0,0,0,1,1,-1,6,2,48,8,-1,-1,-1,-1,7,W01000735,0,2
2025631573359,2025,631573359,2,1,0,-1,19,6,3,-1,9,8,0,0,0,0,1,1,-1,6,1,12,3,-1,-1,-1,-1,7,W01000720,0,1
2025631573415,2025,631573415,2,3,0,-1,14,8,4,-1,0,0,0,0,0,0,1,1,-1,9,1,18,4,-1,-1,-1,-1,1,W01001924,0,1
2025631573415,2025,631573415,1,9,0,-1,6,4,4,-1,0,0,0,0,0,0,2,1,-1,9,2,23,5,-1,-1,-1,-1,7,W01000651,0,1
2025631573777,2025,631573777,1,9,0,-1,19,2,6,-1,0,2,0,0,0,0,1,1,-1,6,2,34,6,-1,-1,-1,-1,6,W01000709,0,1
2025631573777,2025,631573777,2,9,0,-1,4,2,6,-1,0,2,0,0,0,0,2,1,-1,6,2,47,8,-1,-1,-1,-1,6,W01000709,0,2
2025631573812,2025,631573812,2,5,0,-1,19,1,6,-1,0,8,0,0,0,0,3,1,-1,6,2,57,9,-1,-1,-1,-1,9,E01025817,0,5
2025631573812,2025,631573812,1,9,0,-1,19,1,4,-1,0,8,0,0,3,1,1,1,-1,2,1,21,5,-1,-1,-1,-1,4,W01000928,0,3
2025631573865,2025,631573865,1,5,0,-1,7,1,4,-1,0,6,0,0,0,0,3,1,-1,6,1,73,10,-1,-1,-1,-1,4,E01029005,0,4
2025631573865,2025,631573865,2,9,4,-1,9,4,1,-1,0,5,0,0,0,0,0,1,-1,1,1,20,4,-1,-1,-1,-1,6,W01000487,0,3
2025631573891,2025,631573891,1,9,0,-1,9,8,6,-1,0,5,0,0,4,10,3,1,-1,2,2,53,8,-1,-1,-1,-1,3,W01001374,0,4
2025631573891,2025,631573891,2,9,0,-1,13,8,4,-1,0,8,0,0,1,10,1,1,-1,9,2,42,7,-1,-1,-1,-1,8,W01001904,0,3
2025631573938,2025,631573938,1,9,0,-1,19,4,8,-1,0,0,0,0,0,0,0,1,-1,6,2,19,4,-1,-1,-1,-1,4,W01000589,0,1
2025631573949,2025,631573949,1,9,0,-1,19,1,5,-1,0,2,5,4,0,0,1,1,-1,6,1,88,11,-1,-1,-1,-1,10,W01000525,0,2
2025631573949,2025,631573949,2,9,0,-1,2,0,0,-1,0,2,0,0,0,0,3,1,-1,6,-1,-1,-1,-1,-1,-1,-1,-1,-1,0,-1
2025631574128,2025,631574128,1,9,0,-1,19,2,6,-1,0,4,0,0,0,0,1,1,-1,6,2,74,10,-1,-1,-1,-1,8,W01000611,0,4
2025631574128,2025,631574128,2,5,0,-1,19,8,5,-1,0,8,0,0,1,10,2,1,-1,6,1,77,11,-1,-1,-1,-1,7,W01000720,0,4
2025631574192,2025,631574192,1,5,5,-1,19,8,4,-1,0,0,0,0,7,9,1,1,-1,6,1,52,8,-1,-1,-1,-1,4,W01000901,0,4
2025631574291,2025,631574291,2,90,0,-1,2,0,0,-1,0,0,0,0,0,0,1,1,-1,1,2,60,9,-1,-1,-1,-1,8,W01000611,0,3
2025631574291,2025,631574291,1,9,0,-1,19,3,6,-1,0,0,0,0,0,0,1,1,-1,6,1,52,8,-1,-1,-1,-1,1,W01000601,0,2
2025631574302,2025,631574302,1,9,0,-1,13,8,4,-1,0,8,5,0,4,10,1,1,-1,6,2,44,7,-1,-1,-1,-1,7,W01001571,0,4
2025631574302,2025,631574302,2,9,0,-1,9,8,6,-1,0,8,1,0,0,0,3,1,-1,9,1,54,8,-1,-1,-1,-1,8,E01005880,0,5
2025631574420,2025,631574420,1,10,0,-1,19,8,4,-1,0,0,0,0,0,0,3,1,-1,9,1,66,10,-1,-1,-1,-1,7,W01000558,0,4
2025631574647,2025,631574647,2,9,0,-1,19,8,4,-1,0,8,0,0,0,0,1,1,-1,9,2,37,7,-1,-1,-1,-1,7,W01000115,0,5
2025631574647,2025,631574647,1,9,0,-1,9,1,8,-1,0,5,0,0,0,0,4,1,-1,9,1,22,5,-1,-1,-1,-1,8,W01000554,0,2
2025631574765,2025,631574765,1,9,0,-1,19,2,7,-1,0,0,0,0,1,1,1,1,-1,6,2,56,9,-1,-1,-1,-1,4,E01029867,0,4
2025631574827,2025,631574827,1,9,0,-1,19,2,6,-1,0,8,0,0,0,0,3,1,-1,6,1,33,6,-1,-1,-1,-1,7,W01000645,0,1
2025631574827,2025,631574827,2,9,0,-1,7,8,2,-1,0,8,0,0,0,0,1,1,-1,6,1,74,10,-1,-1,-1,-1,10,W01000640,0,1
2025631574845,2025,631574845,1,9,0,-1,19,8,4,-1,0,0,2,0,8,3,1,1,-1,9,2,25,5,-1,-1,-1,-1,4,W01001305,0,4
2025631574847,2025,631574847,1,19,0,-1,19,3,7,-1,0,6,5,0,1,10,3,1,-1,1,1,45,7,-1,-1,-1,-1,4,W01001433,0,5
2025631574847,2025,631574847,2,90,0,-1,19,1,5,-1,0,8,0,0,0,0,1,1,-1,6,2,56,9,-1,-1,-1,-1,7,W01000623,0,1
2025631574852,2025,631574852,1,9,0,-1,19,3,7,-1,0,0,0,0,0,0,1,1,-1,1,1,24,5,-1,-1,-1,-1,8,W01000439,0,5
2025631574852,2025,631574852,2,1,0,-1,19,3,7,-1,0,0,0,0,0,0,3,1,-1,9,1,45,7,-1,-1,-1,-1,2,W01000480,0,5
2025631574862,2025,631574862,1,9,0,-1,7,2,4,-1,0,6,0,0,0,0,1,1,-1,9,2,57,9,-1,-1,-1,-1,8,W01000610,0,1
2025631574862,2025,631574862,2,1,0,-1,19,8,4,-1,0,8,0,0,0,0,2,1,-1,9,1,34,6,-1,-1,-1,-1,8,W01000557,0,2
2025631574895,2025,631574895,1,19,0,-1,12,4,7,-1,0,2,0,0,0,0,1,1,-1,1,2,51,8,-1,-1,-1,-1,7,W01000051,0,4
2025631574895,2025,631574895,2,9,0,-1,19,7,4,-1,0,1,0,0,0,0,1,1,-1,6,2,62,9,-1,-1,-1,-1,6,W01001906,0,2
2025631575024,2025,631575024,1,9,0,-1,5,8,5,-1,0,6,0,0,0,0,1,1,-1,1,2,49,8,-1,-1,-1,-1,4,W01000533,0,1
2025631575024,2025,631575024,2,11,0,-1,19,5,2,-1,0,8,0,0,7,11,1,1,-1,1,1,63,9,-1,-1,-1,-1,6,W01000689,0,2
2025631575324,2025,631575324,2,21,4,-1,19,7,3,-1,0,0,0,0,0,0,1,1,-1,1,1,47,8,-1,-1,-1,-1,6,E01029596,0,5
2025631575324,2025,631575324,1,9,0,-1,19,3,7,-1,0,0,0,0,0,0,1,1,-1,9,1,72,10,-1,-1,-1,-1,4,W01000603,0,4
2025631575464,2025,631575464,1,2,0,-1,19,5,2,-1,0,0,1,0,1,10,3,1,-1,6,1,19,4,-1,-1,-1,-1,6,W01000627,0,2
2025631575552,2025,631575552,1,90,0,-1,19,1,5,-1,0,0,5,0,8,11,4,1,-1,1,2,60,9,-1,-1,-1,-1,7,W01000503,0,1
2025631575653,2025,631575653,1,11,0,-1,9,6,4,-1,0,5,0,0,0,0,3,1,-1,6,1,79,11,-1,-1,-1,-1,1,W01000511,0,4
2025631575858,2025,631575858,1,3,0,-1,19,2,6,-1,0,0,0,0,0,0,0,1,-1,6,2,19,4,-1,-1,-1,-1,5,W01000927,0,3
2025631576056,2025,631576056,2,17,4,-1,19,4,8,-1,0,0,0,0,0,0,0,1,-1,6,1,57,9,-1,-1,-1,-1,6,W01001906,0,1
2025631576056,2025,631576056,1,9,0,-1,19,8,4,-1,0,0,0,0,7,10,3,1,-1,9,1,85,11,-1,-1,-1,-1,8,E01028923,0,3
2025631576092,2025,631576092,1,9,0,-1,19,5,8,-1,0,0,5,0,2,10,1,1,-1,2,1,38,7,-1,-1,-1,-1,2,W01000670,0,1
2025631576099,2025,631576099,1,9,0,-1,19,6,2,-1,0,8,2,0,7,10,1,1,-1,2,1,24,5,-1,-1,-1,-1,7,W01000447,0,3