collision_index,collision_year,collision_ref_no,vehicle_reference,vehicle_type,towing_and_articulation,vehicle_manoeuvre_historic,vehicle_manoeuvre,vehicle_direction_from,vehicle_direction_to,vehicle_location_restricted_lane_historic,vehicle_location_restricted_lane,junction_location,skidding_and_overturning,hit_object_in_carriageway,vehicle_leaving_carriageway,hit_object_off_carriageway,first_point_of_impact,vehicle_left_hand_drive,journey_purpose_of_driver_historic,journey_purpose_of_driver,sex_of_driver,age_of_driver,age_band_of_driver,engine_capacity_cc,propulsion_code,age_of_vehicle,generic_make_model,driver_imd_decile,lsoa_of_driver,escooter_flag,driver_distance_banding
2025631576353,2025,631576353,2,9,0,-1,4,1,5,-1,0,0,0,0,0,0,2,1,-1,9,2,74,10,-1,-1,-1,-1,5,W01000678,0,2
2025631576353,2025,631576353,3,9,0,-1,13,5,1,-1,0,0,0,0,0,0,0,9,-1,6,3,-1,-1,-1,-1,-1,-1,-1,-1,0,-1
2025631576353,2025,631576353,1,9,0,-1,19,1,5,-1,0,0,0,0,0,0,1,1,-1,2,2,49,8,-1,-1,-1,-1,6,W01000679,0,2
2025631576446,2025,631576446,2,98,0,-1,19,5,1,-1,0,0,0,0,0,0,3,1,-1,2,1,44,7,-1,-1,-1,-1,3,W01000893,0,4
2025631576446,2025,631576446,1,9,0,-1,19,1,5,-1,0,0,0,0,0,0,3,1,-1,9,1,76,11,-1,-1,-1,-1,7,W01000680,0,1
2025631576468,2025,631576468,1,9,0,-1,5,3,6,-1,0,4,0,0,0,0,3,1,-1,9,1,78,11,-1,-1,-1,-1,7,W01000450,0,3
2025631576468,2025,631576468,2,1,0,-1,19,1,6,-1,0,8,0,0,0,0,1,1,-1,9,2,40,7,-1,-1,-1,-1,4,W01000456,0,2
2025631576483,2025,631576483,1,9,0,-1,9,8,6,-1,0,6,0,0,0,0,1,1,-1,9,1,18,4,-1,-1,-1,-1,6,W01000709,0,1
2025631576483,2025,631576483,2,9,0,-1,19,6,2,-1,0,8,0,0,0,0,4,1,-1,2,2,23,5,-1,-1,-1,-1,9,W01001048,0,4
2025631576512,2025,631576512,1,5,0,-1,13,6,2,-1,0,8,1,0,0,0,1,1,-1,2,1,27,6,-1,-1,-1,-1,10,W01000792,0,2
2025631576512,2025,631576512,2,9,0,-1,9,6,5,-1,0,5,0,0,0,0,3,1,-1,9,2,39,7,-1,-1,-1,-1,6,W01000627,0,1
2025631576616,2025,631576616,2,9,0,-1,2,0,0,-1,-1,1,0,0,0,0,1,1,-1,6,-1,-1,-1,-1,-1,-1,-1,-1,-1,0,-1
2025631576616,2025,631576616,1,19,0,-1,12,2,6,-1,-1,5,0,0,7,11,1,1,-1,1,1,37,7,-1,-1,-1,-1,4,W01000685,0,3
2025631576616,2025,631576616,3,9,0,-1,2,0,0,-1,-1,1,0,0,1,11,1,1,-1,6,-1,-1,-1,-1,-1,-1,-1,-1,-1,0,-1
2025631576816,2025,631576816,1,9,0,-1,19,5,8,-1,0,0,0,0,0,0,1,1,-1,9,2,88,11,-1,-1,-1,-1,5,W01000567,0,3
2025631576816,2025,631576816,2,9,0,-1,19,8,5,-1,0,0,0,0,1,10,1,1,-1,9,1,36,7,-1,-1,-1,-1,6,W01000565,0,3
2025631576873,2025,631576873,1,9,0,-1,14,7,3,-1,0,0,0,0,0,0,4,9,-1,6,3,-1,-1,-1,-1,-1,-1,-1,-1,0,-1
2025631576873,2025,631576873,2,20,0,-1,2,0,0,-1,0,0,0,0,0,0,0,1,-1,6,-1,-1,-1,-1,-1,-1,-1,-1,-1,0,-1
2025631576986,2025,631576986,1,9,0,-1,9,7,5,-1,0,5,0,0,0,0,1,2,-1,9,1,36,7,-1,-1,-1,-1,6,W01000709,0,2
2025631576986,2025,631576986,2,9,0,-1,19,3,7,-1,0,8,1,0,0,0,1,1,-1,9,1,56,9,-1,-1,-1,-1,7,W01000684,0,1
2025631577063,2025,631577063,1,9,0,-1,5,1,5,-1,0,6,0,0,0,0,4,1,-1,9,1,35,6,-1,-1,-1,-1,3,W01000641,0,4
2025631577063,2025,631577063,2,9,0,-1,19,3,7,-1,0,1,0,0,0,0,3,1,-1,9,1,64,9,-1,-1,-1,-1,6,W01000667,0,1
2025631577092,2025,631577092,2,5,0,-1,10,6,3,-1,0,8,0,0,0,0,1,1,-1,9,1,71,10,-1,-1,-1,-1,6,W01000713,0,1
2025631577092,2025,631577092,1,9,0,-1,5,3,8,-1,0,6,0,0,0,0,1,1,-1,6,1,68,10,-1,-1,-1,-1,6,W01000664,0,1
2025631577146,2025,631577146,2,1,0,-1,19,2,6,-1,0,0,0,0,0,0,3,1,-1,6,1,70,10,-1,-1,-1,-1,8,W01000699,0,1
2025631577146,2025,631577146,1,9,0,-1,13,2,6,-1,0,0,0,0,0,0,3,1,-1,6,1,81,11,-1,-1,-1,-1,3,W01000695,0,2
2025631577165,2025,631577165,3,9,0,-1,19,2,5,-1,0,0,0,0,0,0,3,1,-1,9,2,51,8,-1,-1,-1,-1,3,W01000003,0,5
2025631577165,2025,631577165,2,9,0,-1,19,5,2,-1,0,0,0,0,2,7,3,1,-1,9,1,30,6,-1,-1,-1,-1,9,W01000549,0,2
2025631577165,2025,631577165,1,9,0,-1,12,2,5,-1,0,0,0,0,0,0,1,1,-1,9,1,36,7,-1,-1,-1,-1,8,W01000200,0,4
2025631577194,2025,631577194,2,9,0,-1,9,1,8,-1,0,6,0,0,0,0,0,1,-1,6,3,-1,-1,-1,-1,-1,-1,-1,-1,0,-1
2025631577194,2025,631577194,1,5,0,-1,19,4,8,-1,0,8,1,0,1,10,0,1,-1,6,1,60,9,-1,-1,-1,-1,6,W01000571,0,3
2025631577425,2025,631577425,1,5,0,-1,19,5,1,-1,0,0,1,0,1,7,4,1,-1,9,1,26,6,-1,-1,-1,-1,8,E01028772,0,5
2025631578024,2025,631578024,2,9,0,-1,2,0,0,-1,-1,8,0,0,0,0,3,1,-1,6,-1,-1,-1,-1,-1,-1,-1,-1,-1,0,-1
2025631578024,2025,631578024,1,9,0,-1,12,4,8,-1,-1,8,1,11,0,0,1,1,-1,9,2,18,4,-1,-1,-1,-1,4,W01000677,0,4
2025631578120,2025,631578120,1,9,0,-1,9,7,5,-1,0,8,0,0,0,0,3,1,-1,6,3,-1,-1,-1,-1,-1,-1,-1,-1,0,-1
2025631578120,2025,631578120,2,4,0,-1,19,5,1,-1,0,8,0,0,0,0,4,1,-1,6,1,22,5,-1,-1,-1,-1,5,W01000590,0,2
2025631578147,2025,631578147,1,9,0,-1,13,4,8,-1,0,0,0,0,0,0,0,1,-1,6,3,-1,-1,-1,-1,-1,-1,-1,-1,0,-1
2025631578147,2025,631578147,2,3,0,-1,19,8,4,-1,0,0,0,0,1,10,4,1,-1,1,1,36,7,-1,-1,-1,-1,6,W01000492,0,3
2025631578304,2025,631578304,2,9,0,-1,4,3,6,-1,0,1,0,0,0,0,2,1,-1,9,1,35,6,-1,-1,-1,-1,5,W01000693,0,1
2025631578304,2025,631578304,1,9,0,-1,19,3,6,-1,0,1,0,0,0,0,1,1,-1,9,1,27,6,-1,-1,-1,-1,5,W01000687,0,4
2025631578329,2025,631578329,2,97,0,-1,19,2,6,-1,0,8,0,0,0,0,1,1,-1,6,1,34,6,-1,-1,-1,-1,6,W01000664,0,4
2025631578329,2025,631578329,1,9,0,-1,9,5,2,-1,0,6,0,0,0,0,1,1,-1,6,1,41,7,-1,-1,-1,-1,4,E01028841,0,4
2025631578451,2025,631578451,2,9,0,-1,19,5,1,-1,0,8,0,0,0,0,4,1,-1,9,2,39,7,-1,-1,-1,-1,6,W01000671,0,3
2025631578451,2025,631578451,1,9,0,-1,19,7,3,-1,0,8,0,0,0,0,1,1,-1,6,2,64,9,-1,-1,-1,-1,4,W01000637,0,1
2025631578539,2025,631578539,2,19,0,-1,2,0,0,-1,0,2,0,0,0,0,4,1,-1,9,1,29,6,-1,-1,-1,-1,8,W01001937,0,1
2025631578539,2025,631578539,1,9,0,-1,14,1,5,-1,0,1,0,0,0,0,4,9,-1,6,2,-1,-1,-1,-1,-1,-1,3,E01007557,0,5
2025631578701,2025,631578701,2,3,0,-1,9,2,8,-1,0,5,0,0,0,0,1,1,-1,9,1,19,4,-1,-1,-1,-1,9,W01000466,0,3
2025631578701,2025,631578701,1,98,0,-1,9,8,6,-1,0,6,0,0,0,0,1,9,-1,6,3,-1,-1,-1,-1,-1,-1,-1,-1,0,-1
2025631579047,2025,631579047,2,9,0,-1,8,5,8,-1,0,8,0,0,0,0,1,1,-1,6,1,40,7,-1,-1,-1,-1,4,W01000456,0,1
2025631579047,2025,631579047,1,9,0,-1,9,8,5,-1,0,8,0,0,0,0,1,1,-1,6,2,31,6,-1,-1,-1,-1,4,W01000456,0,1
2025631579107,2025,631579107,1,9,0,-1,19,5,1,-1,0,0,1,0,2,11,4,1,-1,6,1,58,9,-1,-1,-1,-1,2,W01000454,0,4
2025631579456,2025,631579456,2,90,0,-1,19,8,4,-1,0,8,0,0,0,0,1,1,-1,6,1,50,8,-1,-1,-1,-1,3,W01000703,0,1
2025631579456,2025,631579456,1,9,0,-1,19,6,2,-1,0,8,0,0,0,0,4,1,-1,1,2,63,9,-1,-1,-1,-1,1,W01000708,0,1
2025631579511,2025,631579511,3,9,0,-1,19,5,1,-1,0,0,0,0,0,0,1,1,-1,9,1,28,6,-1,-1,-1,-1,10,W01000525,0,2
2025631579511,2025,631579511,2,9,0,-1,19,1,5,-1,0,0,0,0,0,0,3,1,-1,9,1,49,8,-1,-1,-1,-1,7,W01000552,0,2
2025631579511,2025,631579511,1,9,0,-1,19,5,1,-1,0,0,0,0,0,0,3,1,-1,9,1,59,9,-1,-1,-1,-1,5,W01000539,0,3
2025631579511,2025,631579511,4,9,0,-1,19,5,1,-1,0,0,0,0,0,0,3,1,-1,9,1,50,8,-1,-1,-1,-1,10,W01001552,0,5
2025631579788,2025,631579788,1,98,0,-1,19,4,8,-1,0,0,0,0,1,4,1,1,-1,9,2,38,7,-1,-1,-1,-1,2,W01000790,0,4
2025631579906,2025,631579906,1,98,0,-1,19,5,2,-1,0,2,0,0,1,11,1,1,-1,6,1,27,6,-1,-1,-1,-1,5,E01033791,0,5
2025631580037,2025,631580037,1,19,0,-1,19,6,2,-1,0,0,5,0,2,10,1,1,-1,9,1,40,7,-1,-1,-1,-1,7,W01000556,0,1
2025631580063,2025,631580063,1,4,0,-1,19,6,2,-1,0,1,0,0,1,1,1,1,-1,9,1,63,9,-1,-1,-1,-1,4,W01000946,0,4
2025631580080,2025,631580080,1,5,0,-1,19,8,4,-1,0,0,1,0,0,0,1,1,-1,9,2,25,5,-1,-1,-1,-1,10,E01016649,0,5
2025631580080,2025,631580080,2,9,0,-1,4,8,4,-1,0,0,0,0,0,0,2,1,-1,9,2,50,8,-1,-1,-1,-1,10,E01023503,0,5
2025631580142,2025,631580142,1,98,0,-1,19,7,4,-1,0,1,0,10,7,10,1,1,-1,9,1,18,4,-1,-1,-1,-1,7,W01000572,0,3
2025631580180,2025,631580180,2,9,0,-1,5,8,5,-1,0,8,0,0,0,0,3,1,-1,6,2,43,7,-1,-1,-1,-1,5,W01002011,0,1
2025631580180,2025,631580180,1,20,0,-1,7,5,8,-1,0,5,0,0,0,0,1,1,-1,1,1,37,7,-1,-1,-1,-1,7,W01000569,0,3
2025631580220,2025,631580220,1,9,0,-1,19,4,2,-1,0,2,0,0,7,11,1,1,-1,6,2,17,4,-1,-1,-1,-1,8,W01000449,0,1
2025631580232,2025,631580232,2,9,0,-1,19,7,4,-1,0,0,0,0,0,0,3,1,-1,2,2,36,7,-1,-1,-1,-1,4,W01001384,0,3
2025631580232,2025,631580232,1,3,0,-1,12,4,7,-1,0,0,1,0,0,0,1,1,-1,6,1,18,4,-1,-1,-1,-1,4,W01001438,0,2
2025631580352,2025,631580352,1,9,0,-1,19,4,8,-1,0,0,1,0,2,10,1,1,-1,6,1,19,4,-1,-1,-1,-1,5,W01000602,0,1
2025631580377,2025,631580377,1,9,0,-1,12,6,2,-1,0,0,0,0,8,4,1,1,-1,6,1,56,9,-1,-1,-1,-1,7,W01000428,0,1
2025631580689,2025,631580689,1,9,0,-1,4,2,6,-1,0,1,0,0,0,0,2,1,-1,9,1,49,8,-1,-1,-1,-1,9,W01000807,0,4
2025631580689,2025,631580689,2,9,0,-1,19,2,6,-1,0,1,0,0,0,0,3,1,-1,9,2,60,9,-1,-1,-1,-1,2,W01000836,0,4
2025631580786,2025,631580786,1,19,0,-1,9,6,5,-1,0,5,0,0,0,0,2,1,-1,1,1,29,6,-1,-1,-1,-1,4,W01001187,0,4
2025631580786,2025,631580786,2,9,0,-1,19,6,2,-1,0,1,0,0,0,0,1,1,-1,9,1,76,11,-1,-1,-1,-1,6,W01000477,0,4
2025631580837,2025,631580837,3,9,0,-1,2,0,0,-1,0,8,0,0,0,0,2,1,-1,6,-1,-1,-1,-1,-1,-1,-1,-1,-1,0,-1
2025631580837,2025,631580837,1,9,0,-1,19,6,1,-1,0,8,0,4,1,0,1,1,-1,9,2,20,4,-1,-1,-1,-1,3,W01000641,0,1
2025631580837,2025,631580837,2,9,0,-1,2,0,0,-1,0,8,0,4,0,0,2,1,-1,6,-1,-1,-1,-1,-1,-1,-1,-1,-1,0,-1
2025631580896,2025,631580896,2,21,4,-1,19,8,4,-1,0,0,0,0,0,0,3,1,-1,1,1,66,10,-1,-1,-1,-1,6,W01000442,0,4
2025631580896,2025,631580896,1,9,0,-1,12,4,8,-1,0,0,5,0,7,10,1,1,-1,9,1,20,4,-1,-1,-1,-1,10,W01001780,0,4
2025631581188,2025,631581188,1,9,0,-1,19,1,5,-1,0,2,5,0,2,3,1,1,-1,9,1,54,8,-1,-1,-1,-1,2,W01001465,0,5
2025631581395,2025,631581395,1,17,4,-1,19,8,4,-1,0,0,0,0,0,0,0,9,-1,6,3,-1,-1,-1,-1,-1,-1,-1,-1,0,-1
2025631581427,2025,631581427,2,9,0,-1,2,0,0,-1,0,0,0,0,0,0,3,1,-1,6,3,-1,-1,-1,-1,-1,-1,-1,-1,0,-1
2025631581427,2025,631581427,1,-1,0,-1,19,8,4,-1,9,0,0,8,0,0,1,1,-1,9,1,11,3,-1,-1,-1,-1,4,W01000706,1,1
2025631581562,2025,631581562,1,9,0,-1,9,4,2,-1,0,5,0,0,0,0,1,9,-1,6,3,-1,-1,-1,-1,-1,-1,-1,-1,0,-1
2025631581562,2025,631581562,2,22,0,-1,19,4,8,-1,0,8,0,0,0,0,4,1,-1,6,1,96,11,-1,-1,-1,-1,5,W01000702,0,1
2025631581596,2025,631581596,1,22,0,-1,19,8,4,-1,0,0,0,0,0,0,0,1,-1,6,2,89,11,-1,-1,-1,-1,5,W01000528,0,1
2025631581744,2025,631581744,2,5,0,-1,4,6,2,-1,0,0,0,0,0,0,0,1,-1,1,1,29,6,-1,-1,-1,-1,8,E01009437,0,5
2025631581744,2025,631581744,1,5,0,-1,19,6,2,-1,0,0,0,0,1,7,1,1,-1,9,1,27,6,-1,-1,-1,-1,5,E01010160,0,5
2025631581762,2025,631581762,2,9,0,-1,19,6,2,-1,0,8,0,0,7,4,1,1,-1,9,2,84,11,-1,-1,-1,-1,5,E01014018,0,2
2025631581762,2025,631581762,1,9,0,-1,9,7,6,-1,0,6,0,0,0,0,3,2,-1,1,1,60,9,-1,-1,-1,-1,1,E01008604,0,5
2025631581859,2025,631581859,1,9,0,-1,19,8,4,-1,0,6,0,0,3,11,4,1,-1,1,1,40,7,-1,-1,-1,-1,6,W01000545,0,1
2025631581859,2025,631581859,2,98,0,-1,19,2,6,-1,0,8,0,0,0,0,1,1,-1,6,1,43,7,-1,-1,-1,-1,5,W01000541,0,4
2025631581881,2025,631581881,2,5,0,-1,4,8,4,-1,0,1,0,0,0,0,3,1,-1,9,1,65,9,-1,-1,-1,-1,6,W01000575,0,2
2025631581881,2025,631581881,3,21,0,-1,4,8,4,-1,0,8,0,0,0,0,0,1,-1,1,1,61,9,-1,-1,-1,-1,8,W01000557,0,3
2025631581881,2025,631581881,4,21,0,-1,19,8,4,-1,0,1,0,0,0,0,0,1,-1,1,1,65,9,-1,-1,-1,-1,8,W01000554,0,2
2025631581881,2025,631581881,1,5,0,-1,13,8,4,-1,0,1,0,0,0,0,1,1,-1,6,1,77,11,-1,-1,-1,-1,8,W01000622,0,2
2025631581887,2025,631581887,1,9,0,-1,9,4,2,-1,0,5,0,0,0,0,1,1,-1,9,1,82,11,-1,-1,-1,-1,5,W01001925,0,1
2025631581895,2025,631581895,1,9,0,-1,19,2,7,-1,0,0,2,0,2,1,4,1,-1,6,1,38,7,-1,-1,-1,-1,9,W01000549,0,1
2025631582013,2025,631582013,2,1,0,-1,19,5,1,-1,0,8,0,0,0,0,4,1,-1,6,2,52,8,-1,-1,-1,-1,6,E01022264,0,4
2025631582013,2025,631582013,1,19,0,-1,7,7,1,-1,0,6,0,0,0,0,1,1,-1,6,1,40,7,-1,-1,-1,-1,8,W01000472,0,3
2025631582253,2025,631582253,1,5,0,-1,13,6,2,-1,0,0,0,0,0,0,1,1,-1,6,1,59,9,-1,-1,-1,-1,5,W01000550,0,4
2025631582253,2025,631582253,2,9,0,-1,12,6,2,-1,0,0,0,0,0,0,3,1,-1,6,1,21,5,-1,-1,-1,-1,7,W01000583,0,3
2025631582360,2025,631582360,2,21,0,-1,19,6,2,-1,0,0,0,0,0,0,1,1,-1,1,1,62,9,-1,-1,-1,-1,1,W01000738,0,3
2025631582360,2025,631582360,1,9,0,-1,12,2,6,-1,0,0,0,0,1,10,1,1,-1,2,1,35,6,-1,-1,-1,-1,2,W01000638,0,4
2025631582410,2025,631582410,2,97,0,-1,19,6,2,-1,0,0,0,0,1,10,1,1,-1,6,1,54,8,-1,-1,-1,-1,8,W01000439,0,4
2025631582410,2025,631582410,3,9,0,-1,19,2,6,-1,0,0,0,0,0,0,1,1,-1,9,1,68,10,-1,-1,-1,-1,9,W01000399,0,4
2025631582410,2025,631582410,1,5,0,-1,13,2,6,-1,0,0,0,0,0,0,1,1,-1,6,1,68,10,-1,-1,-1,-1,5,E01022520,0,5
2025631582448,2025,631582448,1,9,0,-1,19,1,7,-1,0,0,5,0,1,10,1,1,-1,9,1,17,4,-1,-1,-1,-1,9,W01001999,0,2
2025631582687,2025,631582687,1,9,0,-1,19,1,5,-1,0,0,0,0,1,10,1,1,-1,9,2,34,6,-1,-1,-1,-1,4,E01010006,0,4
2025631582687,2025,631582687,2,98,4,-1,19,5,1,-1,0,0,0,0,1,10,1,1,-1,9,1,57,9,-1,-1,-1,-1,8,W01000439,0,3
2025631583246,2025,631583246,1,9,0,-1,19,3,8,-1,0,0,0,0,1,10,3,1,-1,1,1,54,8,-1,-1,-1,-1,8,W01000722,0,3
2025631583246,2025,631583246,2,9,0,-1,12,8,3,-1,0,0,0,0,1,10,3,2,-1,9,2,25,5,-1,-1,-1,-1,5,W01000728,0,1
2025631583327,2025,631583327,2,9,0,-1,19,1,4,-1,0,0,0,0,1,10,3,1,-1,6,2,34,6,-1,-1,-1,-1,9,W01000444,0,2
2025631583327,2025,631583327,1,9,0,-1,19,4,1,-1,0,0,0,0,1,10,3,1,-1,6,1,49,8,-1,-1,-1,-1,2,W01000498,0,2
2025631583341,2025,631583341,1,9,0,-1,2,0,0,-1,0,0,0,0,0,0,3,1,-1,9,1,35,6,-1,-1,-1,-1,7,W01000502,0,1
2025631583341,2025,631583341,2,1,0,-1,19,4,8,-1,0,0,0,8,0,0,1,1,-1,6,1,77,11,-1,-1,-1,-1,7,W01000502,0,1
2025631583406,2025,631583406,2,9,0,-1,13,7,3,-1,0,0,0,0,0,0,4,1,-1,6,1,54,8,-1,-1,-1,-1,8,E01018458,0,5
2025631583406,2025,631583406,1,9,0,-1,12,7,3,-1,0,0,0,0,0,0,3,1,-1,6,1,28,6,-1,-1,-1,-1,5,W01000717,0,2
2025631583439,2025,631583439,2,1,0,-1,19,3,7,-1,0,0,0,0,0,0,2,1,-1,9,1,28,6,-1,-1,-1,-1,5,W01000724,0,1
2025631583439,2025,631583439,1,9,0,-1,19,3,7,-1,0,0,0,0,0,0,1,9,-1,6,3,-1,-1,-1,-1,-1,-1,-1,-1,0,-1
2025631583464,2025,631583464,2,9,0,-1,19,8,4,-1,0,1,0,0,0,0,1,1,-1,6,1,56,9,-1,-1,-1,-1,9,E01018171,0,5
2025631583464,2025,631583464,1,9,0,-1,5,8,3,-1,0,4,0,0,0,0,2,1,-1,9,2,68,10,-1,-1,-1,-1,5,W01000563,0,4
2025631583485,2025,631583485,1,9,0,-1,19,3,6,-1,0,8,0,0,0,0,1,1,-1,6,1,58,9,-1,-1,-1,-1,5,W01001475,0,4
2025631583485,2025,631583485,2,9,0,-1,7,3,6,-1,0,8,0,0,0,0,3,1,-1,6,2,46,8,-1,-1,-1,-1,6,W01000698,0,1
2025631583515,2025,631583515,1,9,0,-1,19,6,2,-1,0,6,0,0,0,0,4,1,-1,9,1,57,9,-1,-1,-1,-1,5,W01000630,0,1
2025631583515,2025,631583515,2,1,0,-1,9,8,6,-1,0,5,0,0,0,0,1,1,-1,6,1,49,8,-1,-1,-1,-1,7,W01000704,0,1
2025631583538,2025,631583538,1,9,0,-1,1,5,1,-1,0,8,0,0,0,0,2,1,-1,9,2,46,8,-1,-1,-1,-1,4,W01000603,0,1
2025631583538,2025,631583538,2,22,0,-1,19,3,7,-1,0,8,0,0,0,0,4,1,-1,6,1,74,10,-1,-1,-1,-1,1,W01000600,0,1
2025631583584,2025,631583584,3,19,0,-1,4,7,3,-1,0,0,0,0,0,0,2,1,-1,1,1,55,8,-1,-1,-1,-1,5,W01000632,0,4
2025631583584,2025,631583584,2,9,0,-1,4,7,3,-1,0,0,0,0,0,0,2,1,-1,6,1,76,11,-1,-1,-1,-1,4,W01000608,0,1
2025631583584,2025,631583584,1,90,0,-1,19,7,3,-1,0,0,1,0,0,0,1,1,-1,1,1,46,8,-1,-1,-1,-1,7,W01000578,0,1
2025631583637,2025,631583637,2,17,5,-1,9,5,3,-1,0,5,0,0,0,0,3,1,-1,1,1,49,8,-1,-1,-1,-1,6,W01000674,0,1
2025631583637,2025,631583637,1,3,0,-1,13,5,1,-1,0,8,0,0,0,0,1,1,-1,9,1,17,4,-1,-1,-1,-1,6,W01000674,0,2
2025631583845,2025,631583845,2,9,0,-1,19,6,2,-1,0,1,0,0,0,0,1,1,-1,6,1,18,4,-1,-1,-1,-1,5,W01000717,0,2
2025631583845,2025,631583845,1,9,0,-1,8,6,1,-1,0,1,0,0,0,0,2,1,-1,9,2,60,9,-1,-1,-1,-1,5,W01000648,0,4
2025631583860,2025,631583860,1,5,0,-1,19,6,2,-1,0,1,1,0,0,0,0,1,-1,9,1,69,10,-1,-1,-1,-1,6,W01000794,0,5
2025631583883,2025,631583883,2,9,0,-1,9,2,1,-1,0,5,0,0,0,0,2,1,-1,9,1,74,10,-1,-1,-1,-1,6,W01000545,0,1
2025631583883,2025,631583883,1,9,0,-1,19,2,6,-1,0,8,0,0,0,0,1,1,-1,9,1,69,10,-1,-1,-1,-1,1,E01014585,0,5
2025631583904,2025,631583904,1,5,0,-1,19,3,7,-1,0,0,1,0,0,0,0,1,-1,9,1,53,8,-1,-1,-1,-1,8,E01018591,0,4
2025631583929,2025,631583929,1,9,0,-1,19,2,6,-1,0,0,0,0,0,0,3,1,-1,6,1,49,8,-1,-1,-1,-1,4,W01001899,0,1
2025631583929,2025,631583929,2,1,0,-1,19,6,2,-1,0,0,0,0,1,10,1,1,-1,6,1,71,10,-1,-1,-1,-1,7,W01000502,0,1
2025631583958,2025,631583958,2,97,0,-1,4,4,8,-1,0,1,1,0,0,0,0,1,-1,9,1,54,8,-1,-1,-1,-1,5,E01009712,0,5
2025631583958,2025,631583958,1,9,0,-1,7,4,6,-1,0,5,0,0,0,0,0,9,-1,6,3,-1,-1,-1,-1,-1,-1,-1,-1,0,-1
2025631583975,2025,631583975,1,5,0,-1,19,2,6,-1,0,0,1,0,0,0,0,1,-1,6,1,74,10,-1,-1,-1,-1,9,W01001502,0,5
2025631584008,2025,631584008,1,3,0,-1,19,5,1,-1,0,8,2,0,1,10,1,1,-1,2,1,20,4,-1,-1,-1,-1,7,W01000684,0,3
2025631584185,2025,631584185,1,9,0,-1,19,6,1,-1,0,0,5,0,2,10,1,1,-1,9,2,23,5,-1,-1,-1,-1,5,W01000647,0,1
2025631584267,2025,631584267,1,9,0,-1,5,3,2,-1,0,6,0,0,0,0,1,1,-1,6,2,61,9,-1,-1,-1,-1,7,W01000623,0,1
2025631584267,2025,631584267,2,20,0,-1,19,2,6,-1,0,8,0,0,0,0,4,1,-1,6,1,41,7,-1,-1,-1,-1,5,W01000566,0,3
2025631584465,2025,631584465,1,9,0,-1,4,2,6,-1,0,0,0,0,0,0,2,1,-1,9,2,42,7,-1,-1,-1,-1,8,W01000557,0,1
2025631584465,2025,631584465,2,9,0,-1,19,2,6,-1,0,0,0,0,0,0,1,1,-1,9,2,19,4,-1,-1,-1,-1,5,W01000576,0,1
2025631584691,2025,631584691,1,19,0,-1,12,4,7,-1,0,0,0,7,2,10,3,1,-1,6,1,80,11,-1,-1,-1,-1,7,W01000484,0,1
2025631584691,2025,631584691,2,21,4,-1,19,7,4,-1,0,0,0,0,1,10,3,1,-1,1,1,27,6,-1,-1,-1,-1,6,W01000575,0,5
2025631585012,2025,631585012,2,20,0,-1,9,8,6,-1,0,5,0,0,0,0,3,1,-1,1,1,43,7,-1,-1,-1,-1,5,E01014751,0,4
2025631585012,2025,631585012,1,5,0,-1,13,8,4,-1,0,8,1,0,7,10,1,1,-1,9,1,64,9,-1,-1,-1,-1,10,E01028215,0,5
2025631585210,2025,631585210,2,19,4,-1,11,6,2,-1,0,0,0,0,1,10,1,1,-1,1,1,61,9,-1,-1,-1,-1,4,W01000438,0,4
2025631585210,2025,631585210,1,5,0,-1,12,2,6,-1,0,0,0,0,0,0,1,1,-1,9,1,59,9,-1,-1,-1,-1,7,W01000507,0,4
2025631585369,2025,631585369,1,1,0,-1,19,-1,-1,-1,0,0,0,0,0,0,1,1,-1,6,1,47,8,-1,-1,-1,-1,1,W01000631,0,1
2025631585369,2025,631585369,2,9,0,-1,5,1,5,-1,0,0,0,0,0,0,2,1,-1,9,2,-1,-1,-1,-1,-1,-1,-1,-1,0,-1
2025631585398,2025,631585398,1,9,0,-1,9,1,7,-1,0,6,0,0,0,0,3,1,-1,6,1,76,11,-1,-1,-1,-1,-1,-1,0,-1
2025631585398,2025,631585398,2,9,0,-1,19,7,3,-1,0,8,0,0,0,0,1,1,-1,6,1,53,8,-1,-1,-1,-1,7,W01000623,0,1
2025631585477,2025,631585477,1,9,0,-1,1,8,1,-1,0,0,0,0,0,0,2,1,-1,9,1,49,8,-1,-1,-1,-1,5,W01000724,0,1
2025631585506,2025,631585506,1,9,0,-1,19,4,1,-1,0,0,5,0,2,10,1,1,-1,9,2,19,4,-1,-1,-1,-1,6,W01000698,0,2
2025631585511,2025,631585511,1,9,0,-1,12,5,8,-1,0,0,2,0,7,4,3,1,-1,2,2,19,4,-1,-1,-1,-1,6,W01002002,0,1
2025631585660,2025,631585660,1,9,0,-1,19,6,2,-1,0,0,0,0,0,0,3,9,-1,6,3,-1,-1,-1,-1,-1,-1,-1,-1,0,-1
2025631585723,2025,631585723,1,5,0,-1,19,2,6,-1,0,0,1,0,2,10,1,1,-1,9,1,61,9,-1,-1,-1,-1,5,E01028948,0,4
2025631585727,2025,631585727,1,9,0,-1,19,5,7,-1,0,3,0,0,0,0,3,1,-1,6,1,80,11,-1,-1,-1,-1,8,W01000610,0,1
2025631585820,2025,631585820,1,9,0,-1,19,2,7,-1,0,0,0,0,1,11,1,1,-1,9,1,27,6,-1,-1,-1,-1,5,W01000927,0,2