collision_index,collision_year,collision_ref_no,vehicle_reference,vehicle_type,towing_and_articulation,vehicle_manoeuvre_historic,vehicle_manoeuvre,vehicle_direction_from,vehicle_direction_to,vehicle_location_restricted_lane_historic,vehicle_location_restricted_lane,junction_location,skidding_and_overturning,hit_object_in_carriageway,vehicle_leaving_carriageway,hit_object_off_carriageway,first_point_of_impact,vehicle_left_hand_drive,journey_purpose_of_driver_historic,journey_purpose_of_driver,sex_of_driver,age_of_driver,age_band_of_driver,engine_capacity_cc,propulsion_code,age_of_vehicle,generic_make_model,driver_imd_decile,lsoa_of_driver,escooter_flag,driver_distance_banding
2025631585826,2025,631585826,1,19,0,-1,13,3,7,-1,0,0,0,0,0,0,1,1,-1,1,1,58,9,-1,-1,-1,-1,2,E01008915,0,5
2025631585826,2025,631585826,2,9,0,-1,19,7,3,-1,0,0,0,0,1,10,1,1,-1,9,2,54,8,-1,-1,-1,-1,9,E01018275,0,5
2025631585869,2025,631585869,2,3,0,-1,3,6,1,-1,0,1,0,0,0,0,2,1,-1,9,1,33,6,-1,-1,-1,-1,7,W01000430,0,3
2025631585869,2025,631585869,1,9,0,-1,19,4,8,-1,0,1,0,0,0,0,1,1,-1,9,1,89,11,-1,-1,-1,-1,3,W01001902,0,1
2025631585903,2025,631585903,2,9,0,-1,19,8,4,-1,0,0,0,0,0,0,1,1,-1,6,2,60,9,-1,-1,-1,-1,7,W01000429,0,1
2025631585903,2025,631585903,1,9,0,-1,19,8,4,-1,0,0,0,0,0,0,2,1,-1,6,1,58,9,-1,-1,-1,-1,10,E01007188,0,5
2025631586459,2025,631586459,3,21,4,-1,19,3,8,-1,0,0,0,0,1,10,1,1,-1,1,1,57,9,-1,-1,-1,-1,4,W01000928,0,4
2025631586459,2025,631586459,4,9,0,-1,19,8,3,-1,0,0,0,11,1,10,0,1,-1,6,1,32,6,-1,-1,-1,-1,3,E01032847,0,5
2025631586459,2025,631586459,1,19,0,-1,12,8,3,-1,0,0,0,0,1,10,1,1,-1,1,1,66,10,-1,-1,-1,-1,4,W01000587,0,3
2025631586459,2025,631586459,2,9,0,-1,19,3,8,-1,0,0,0,0,1,10,3,1,-1,6,1,66,10,-1,-1,-1,-1,9,W01000609,0,3
2025631586527,2025,631586527,1,9,0,-1,14,7,3,-1,0,0,0,0,0,0,3,1,-1,2,2,55,8,-1,-1,-1,-1,6,W01000434,0,3
2025631586535,2025,631586535,1,3,0,-1,19,4,8,-1,0,0,0,0,1,10,4,1,-1,9,1,68,10,-1,-1,-1,-1,7,W01000447,0,1
2025631586592,2025,631586592,1,19,0,-1,5,5,3,-1,0,6,0,0,0,0,3,1,-1,6,-1,62,9,-1,-1,-1,-1,5,W01000539,0,3
2025631586592,2025,631586592,2,5,0,-1,19,3,7,-1,0,8,0,0,1,10,1,1,-1,6,1,63,9,-1,-1,-1,-1,4,W01000535,0,2
2025631586608,2025,631586608,1,9,0,-1,12,6,2,-1,-1,0,0,4,0,0,1,1,-1,6,2,24,5,-1,-1,-1,-1,7,E01025855,0,5
2025631586608,2025,631586608,2,19,0,-1,2,0,0,-1,-1,0,0,0,0,0,1,1,-1,6,-1,-1,-1,-1,-1,-1,-1,-1,-1,0,-1
2025631586847,2025,631586847,1,3,0,-1,19,3,7,-1,0,0,0,0,0,0,0,1,-1,6,1,19,4,-1,-1,-1,-1,5,W01002011,0,3
2025631586847,2025,631586847,2,9,0,-1,19,3,3,-1,0,0,0,0,0,0,0,1,-1,9,2,39,7,-1,-1,-1,-1,1,W01000601,0,1
2025631586886,2025,631586886,2,90,0,-1,19,3,4,-1,0,0,0,0,0,0,0,1,-1,6,-1,-1,-1,-1,-1,-1,-1,-1,-1,0,-1
2025631586886,2025,631586886,1,9,0,-1,4,3,4,-1,0,0,0,12,0,0,3,1,-1,6,2,42,7,-1,-1,-1,-1,5,W01000496,0,1
2025631587220,2025,631587220,2,9,0,-1,19,7,3,-1,0,0,0,0,0,0,1,1,-1,9,2,37,7,-1,-1,-1,-1,7,W01000692,0,1
2025631587220,2025,631587220,1,23,0,-1,19,3,7,-1,0,0,1,0,8,10,1,1,-1,6,1,25,5,-1,-1,-1,-1,3,W01001923,0,1
2025631587334,2025,631587334,2,9,4,-1,7,3,6,-1,0,5,5,0,1,10,2,1,-1,9,1,62,9,-1,-1,-1,-1,7,W01000675,0,1
2025631587334,2025,631587334,1,21,4,-1,19,3,7,-1,0,1,0,0,0,0,0,1,-1,1,2,23,5,-1,-1,-1,-1,9,W01000751,0,4
2025631587370,2025,631587370,1,9,0,-1,19,2,6,-1,0,0,0,0,8,11,3,1,-1,1,2,59,9,-1,-1,-1,-1,4,W01000542,0,1
2025631587391,2025,631587391,1,9,0,-1,19,-1,-1,-1,0,0,0,0,0,0,-1,9,-1,6,3,-1,-1,-1,-1,-1,-1,-1,-1,0,-1
2025631587509,2025,631587509,1,5,0,-1,7,4,6,-1,0,6,0,0,0,0,1,1,-1,6,2,51,8,-1,-1,-1,-1,6,W01000575,0,1
2025631587509,2025,631587509,2,9,0,-1,10,6,4,-1,0,8,0,0,0,0,3,1,-1,6,1,40,7,-1,-1,-1,-1,5,W01000590,0,1
2025631587539,2025,631587539,1,9,0,-1,19,4,8,-1,0,0,5,4,7,10,1,1,-1,2,1,44,7,-1,-1,-1,-1,5,W01000513,0,1
2025631587539,2025,631587539,2,9,0,-1,2,0,0,-1,0,0,0,0,0,0,3,1,-1,6,-1,-1,-1,-1,-1,-1,-1,-1,-1,0,-1
2025631587812,2025,631587812,1,9,0,-1,19,-1,-1,-1,0,0,0,0,0,0,0,1,-1,6,1,58,9,-1,-1,-1,-1,7,W01000448,0,1
2025631587961,2025,631587961,2,9,0,-1,19,5,1,-1,0,1,0,0,0,0,1,1,-1,2,1,49,8,-1,-1,-1,-1,7,W01000579,0,3
2025631587961,2025,631587961,3,9,0,-1,4,5,1,-1,0,1,0,0,0,0,2,1,-1,1,1,41,7,-1,-1,-1,-1,3,W01000586,0,2
2025631587961,2025,631587961,1,9,0,-1,5,7,5,-1,0,6,0,0,0,0,0,9,-1,6,3,-1,-1,-1,-1,-1,-1,-1,-1,0,-1
2025631588111,2025,631588111,1,9,0,-1,19,7,3,-1,0,0,5,0,1,3,1,1,-1,6,2,33,6,-1,-1,-1,-1,6,W01000471,0,1
2025631588197,2025,631588197,2,9,0,-1,13,2,6,-1,0,0,0,0,7,10,4,1,-1,6,2,22,5,-1,-1,-1,-1,7,W01000428,0,3
2025631588197,2025,631588197,1,9,0,-1,13,2,6,-1,0,0,0,0,0,0,3,1,-1,6,2,35,6,-1,-1,-1,-1,7,E01028915,0,3
2025631588377,2025,631588377,1,9,0,-1,12,3,7,-1,0,0,0,0,0,0,3,1,-1,6,1,36,7,-1,-1,-1,-1,8,W01000573,0,1
2025631588377,2025,631588377,2,9,0,-1,2,0,0,-1,0,0,0,0,1,10,3,1,-1,6,-1,-1,-1,-1,-1,-1,-1,-1,-1,0,-1
2025631588377,2025,631588377,3,9,0,-1,2,0,0,-1,0,0,0,0,0,0,3,1,-1,6,-1,-1,-1,-1,-1,-1,-1,-1,-1,0,-1
2025631588377,2025,631588377,4,9,0,-1,2,0,0,-1,0,0,0,0,0,0,3,1,-1,6,-1,-1,-1,-1,-1,-1,-1,-1,-1,0,-1
2025631588516,2025,631588516,1,5,0,-1,19,6,2,-1,0,0,0,0,7,10,1,1,-1,6,2,26,6,-1,-1,-1,-1,9,W01000609,0,4
2025631589625,2025,631589625,1,9,0,-1,19,6,2,-1,0,8,0,0,0,0,1,1,-1,2,1,20,4,-1,-1,-1,-1,8,W01000611,0,1
2025631589625,2025,631589625,2,9,0,-1,5,7,6,-1,0,6,0,0,0,0,3,1,-1,2,1,48,8,-1,-1,-1,-1,9,W01000580,0,2
2025631589641,2025,631589641,1,9,0,-1,19,6,2,-1,0,8,1,0,0,0,1,1,-1,9,2,20,4,-1,-1,-1,-1,8,W01000494,0,2
2025631589641,2025,631589641,2,9,0,-1,9,7,6,-1,0,6,0,0,3,10,1,1,-1,6,1,20,4,-1,-1,-1,-1,-1,-1,0,-1
2025631589906,2025,631589906,1,9,0,-1,12,1,4,-1,0,0,0,0,7,10,1,1,-1,1,2,64,9,-1,-1,-1,-1,7,W01000700,0,4
2025631589984,2025,631589984,1,9,0,-1,19,8,3,-1,0,0,0,0,0,0,1,1,-1,6,2,55,8,-1,-1,-1,-1,6,W01000434,0,1
2025631589984,2025,631589984,2,1,0,-1,19,8,3,-1,0,0,0,0,1,10,2,1,-1,6,1,68,10,-1,-1,-1,-1,9,E01028798,0,5
2025631590126,2025,631590126,1,9,0,-1,19,2,6,-1,0,2,1,0,0,0,3,1,-1,9,1,57,9,-1,-1,-1,-1,6,E01029803,0,4
2025631590126,2025,631590126,2,11,0,-1,2,0,0,-1,0,1,0,0,0,0,0,1,-1,9,1,72,10,-1,-1,-1,-1,2,E01028934,0,4
2025631590140,2025,631590140,1,9,0,-1,19,5,8,-1,0,3,0,7,2,10,1,1,-1,9,1,84,11,-1,-1,-1,-1,3,W01000633,0,2
2025631590140,2025,631590140,2,21,4,-1,19,5,8,-1,0,3,0,0,0,0,2,1,-1,1,1,46,8,-1,-1,-1,-1,7,W01000829,0,2
2025631590208,2025,631590208,1,21,4,-1,19,7,2,-1,0,3,5,0,2,10,4,1,-1,1,1,43,7,-1,-1,-1,-1,5,W01000550,0,4
2025631590416,2025,631590416,1,9,0,-1,19,8,4,-1,0,0,0,0,0,0,1,9,-1,6,3,-1,-1,-1,-1,-1,-1,-1,-1,0,-1
2025631590625,2025,631590625,3,19,0,-1,4,8,4,-1,0,1,0,0,0,0,0,1,-1,1,1,37,7,-1,-1,-1,-1,2,W01001169,0,4
2025631590625,2025,631590625,1,19,0,-1,13,8,4,-1,0,8,1,0,7,1,1,1,-1,1,1,32,6,-1,-1,-1,-1,10,W01001920,0,4
2025631590625,2025,631590625,2,1,0,-1,5,2,8,-1,0,6,0,0,0,0,3,1,-1,6,1,72,10,-1,-1,-1,-1,5,W01000426,0,1
2025631590698,2025,631590698,2,19,0,-1,19,8,4,-1,0,8,0,0,0,0,1,1,-1,9,1,52,8,-1,-1,-1,-1,2,W01001467,0,2
2025631590698,2025,631590698,1,9,0,-1,9,4,1,-1,0,5,0,0,0,0,4,1,-1,9,2,41,7,-1,-1,-1,-1,9,W01000465,0,1
2025631590759,2025,631590759,1,9,0,-1,19,5,1,-1,0,0,0,0,0,0,1,1,-1,6,1,37,7,-1,-1,-1,-1,7,W01000482,0,1
2025631590759,2025,631590759,2,9,0,-1,19,1,5,-1,0,0,0,0,0,0,1,1,-1,6,2,25,5,-1,-1,-1,-1,7,W01000447,0,1
2025631590885,2025,631590885,1,5,0,-1,19,4,8,-1,0,0,1,0,0,0,1,1,-1,6,1,50,8,-1,-1,-1,-1,4,W01000542,0,3
2025631590885,2025,631590885,2,9,0,-1,4,4,8,-1,0,0,0,0,0,0,2,1,-1,9,2,57,9,-1,-1,-1,-1,4,W01000542,0,2
2025631590973,2025,631590973,2,98,4,-1,19,7,3,-1,0,0,0,0,0,0,3,1,-1,1,1,61,9,-1,-1,-1,-1,6,E01029569,0,4
2025631590973,2025,631590973,1,9,0,-1,12,3,7,-1,0,0,1,0,1,10,3,1,-1,6,2,79,11,-1,-1,-1,-1,7,W01000488,0,3
2025631590974,2025,631590974,2,9,0,-1,19,7,3,-1,0,0,0,0,0,0,3,1,-1,9,1,73,10,-1,-1,-1,-1,2,W01000483,0,1
2025631590974,2025,631590974,1,4,0,-1,12,3,7,-1,0,0,0,0,0,0,1,1,-1,9,2,65,9,-1,-1,-1,-1,10,E01007954,0,5
2025631591059,2025,631591059,1,98,0,-1,19,2,6,-1,0,0,0,0,0,0,1,1,-1,1,1,24,5,-1,-1,-1,-1,5,W01000576,0,3
2025631591059,2025,631591059,2,9,0,-1,4,2,6,-1,0,0,0,0,0,0,2,1,-1,2,1,29,6,-1,-1,-1,-1,6,W01000584,0,3
2025631591167,2025,631591167,1,9,0,-1,19,7,4,-1,0,0,0,0,2,11,4,1,-1,9,2,59,9,-1,-1,-1,-1,3,E01015192,0,5
2025631591236,2025,631591236,2,9,0,-1,19,4,1,-1,0,0,0,0,0,0,1,1,-1,6,2,39,7,-1,-1,-1,-1,7,W01000585,0,1
2025631591236,2025,631591236,1,5,0,-1,12,1,4,-1,0,0,1,0,0,0,1,1,-1,9,1,42,7,-1,-1,-1,-1,7,W01000712,0,4
2025631591293,2025,631591293,1,9,0,-1,19,6,2,-1,0,0,5,0,2,10,1,1,-1,9,1,57,9,-1,-1,-1,-1,6,W01000571,0,1
2025631591405,2025,631591405,2,9,0,-1,19,1,6,-1,0,8,0,0,0,0,1,1,-1,9,2,46,8,-1,-1,-1,-1,5,W01000522,0,1
2025631591405,2025,631591405,1,9,0,-1,9,6,2,-1,0,5,2,0,8,10,4,1,-1,9,1,17,4,-1,-1,-1,-1,6,W01000551,0,2
2025631591445,2025,631591445,1,9,0,-1,19,8,4,-1,0,2,1,0,3,11,1,1,-1,9,1,21,5,-1,-1,-1,-1,7,W01000482,0,3
2025631591461,2025,631591461,1,9,0,-1,19,3,7,-1,0,0,2,0,8,11,1,1,-1,9,1,19,4,-1,-1,-1,-1,7,E01013124,0,5
2025631591469,2025,631591469,1,9,0,-1,19,8,4,-1,0,1,0,0,1,4,1,1,-1,6,1,47,8,-1,-1,-1,-1,2,W01000729,0,2
2025631591472,2025,631591472,1,9,0,-1,19,1,5,-1,0,8,0,7,3,10,1,2,-1,6,1,46,8,-1,-1,-1,-1,7,W01000663,0,1
2025631591697,2025,631591697,2,3,0,-1,19,2,7,-1,0,8,0,0,0,0,4,1,-1,6,1,31,6,-1,-1,-1,-1,3,W01000654,0,1
2025631591697,2025,631591697,1,98,0,-1,5,4,7,-1,0,4,0,0,0,0,1,1,-1,2,1,40,7,-1,-1,-1,-1,4,W01000968,0,4
2025631591807,2025,631591807,1,9,0,-1,19,7,3,-1,0,0,2,11,1,10,1,1,-1,2,1,19,4,-1,-1,-1,-1,5,W01000602,0,3
2025631591877,2025,631591877,1,9,0,-1,19,4,1,-1,0,0,0,0,2,10,1,1,-1,1,1,35,6,-1,-1,-1,-1,7,W01000579,0,1
2025631591877,2025,631591877,2,9,0,-1,19,1,4,-1,0,0,0,0,0,0,1,1,-1,9,2,27,6,-1,-1,-1,-1,4,E01009544,0,5
2025631592020,2025,631592020,1,9,0,-1,19,8,4,-1,0,0,0,0,0,0,4,1,-1,2,1,31,6,-1,-1,-1,-1,8,W01000554,0,1
2025631592057,2025,631592057,1,9,0,-1,5,2,8,-1,0,8,0,0,7,10,4,1,-1,9,1,63,9,-1,-1,-1,-1,6,W01000671,0,3
2025631592057,2025,631592057,2,19,0,-1,19,4,8,-1,0,8,0,0,0,0,1,1,-1,1,2,57,9,-1,-1,-1,-1,9,W01000609,0,4
2025631592155,2025,631592155,1,9,0,-1,19,7,2,-1,0,0,0,0,0,0,1,1,-1,7,1,17,4,-1,-1,-1,-1,7,W01000464,0,4
2025631592155,2025,631592155,2,10,0,-1,19,2,7,-1,0,0,0,0,0,0,1,1,-1,7,2,38,7,-1,-1,-1,-1,4,W01000438,0,3
2025631592177,2025,631592177,1,9,0,-1,9,4,2,-1,0,5,0,0,0,0,4,1,-1,6,2,37,7,-1,-1,-1,-1,5,W01000582,0,3
2025631592177,2025,631592177,2,1,0,-1,19,8,4,-1,0,8,0,0,0,0,1,1,-1,6,1,24,5,-1,-1,-1,-1,5,W01000576,0,1
2025631592220,2025,631592220,1,9,0,-1,19,8,4,-1,0,8,0,0,1,11,1,1,-1,2,1,19,4,-1,-1,-1,-1,2,W01000729,0,3
2025631592319,2025,631592319,2,9,0,-1,4,7,3,-1,0,0,0,0,0,0,3,1,-1,6,2,33,6,-1,-1,-1,-1,5,W01000702,0,1
2025631592319,2025,631592319,1,3,0,-1,13,3,7,-1,0,0,0,0,0,0,3,1,-1,2,1,26,6,-1,-1,-1,-1,6,W01000701,0,1
2025631592334,2025,631592334,1,9,0,-1,19,5,2,-1,0,8,0,0,0,0,1,1,-1,6,1,27,6,-1,-1,-1,-1,2,W01000498,0,1
2025631592334,2025,631592334,2,1,0,-1,5,7,2,-1,0,4,0,0,0,0,3,1,-1,9,1,72,10,-1,-1,-1,-1,3,W01000499,0,1
2025631593128,2025,631593128,2,9,0,-1,19,8,4,-1,0,8,0,0,0,0,3,1,-1,9,1,47,8,-1,-1,-1,-1,6,W01001754,0,5
2025631593128,2025,631593128,1,98,0,-1,12,4,8,-1,0,8,0,0,0,0,1,9,-1,6,1,-1,-1,-1,-1,-1,-1,-1,-1,0,-1
2025631593367,2025,631593367,2,5,0,-1,19,6,1,-1,0,8,0,0,0,0,1,1,-1,9,1,49,8,-1,-1,-1,-1,7,W01000666,0,2
2025631593367,2025,631593367,1,9,0,-1,19,6,3,-1,0,8,0,0,0,0,3,1,-1,6,2,74,10,-1,-1,-1,-1,7,W01000704,0,1
2025631593457,2025,631593457,1,9,0,-1,8,7,2,-1,0,8,0,0,0,0,1,1,-1,6,1,74,10,-1,-1,-1,-1,7,E01035081,0,4
2025631593457,2025,631593457,2,9,0,-1,5,7,3,-1,0,1,0,0,0,0,2,1,-1,9,1,66,10,-1,-1,-1,-1,10,E01028949,0,4
2025631593478,2025,631593478,3,9,0,-1,4,4,8,-1,0,0,0,0,0,0,2,1,-1,9,2,44,7,-1,-1,-1,-1,9,W01000580,0,3
2025631593478,2025,631593478,2,9,0,-1,4,4,8,-1,0,0,0,0,0,0,2,1,-1,9,2,65,9,-1,-1,-1,-1,8,W01000596,0,2
2025631593478,2025,631593478,1,9,0,-1,19,4,8,-1,0,0,0,0,0,0,1,1,-1,9,2,43,7,-1,-1,-1,-1,4,W01000591,0,4
2025631593576,2025,631593576,1,5,0,-1,19,4,8,-1,0,0,0,0,1,4,4,1,-1,9,1,22,5,-1,-1,-1,-1,3,W01001539,0,4
2025631593784,2025,631593784,1,9,0,-1,19,6,2,-1,0,0,1,0,1,10,1,1,-1,9,2,26,6,-1,-1,-1,-1,8,E01007097,0,5
2025631593784,2025,631593784,2,9,0,-1,4,2,6,-1,0,0,0,0,0,0,1,1,-1,9,2,64,9,-1,-1,-1,-1,7,W01000523,0,1
2025631593918,2025,631593918,2,9,0,-1,19,8,4,-1,0,1,0,0,0,0,1,1,-1,9,1,90,11,-1,-1,-1,-1,4,W01000617,0,1
2025631593918,2025,631593918,1,9,0,-1,10,8,6,-1,0,8,0,0,0,0,2,1,-1,9,2,36,7,-1,-1,-1,-1,7,W01000579,0,1
2025631593993,2025,631593993,2,9,0,-1,19,8,4,-1,0,8,0,0,0,0,1,1,-1,9,2,66,10,-1,-1,-1,-1,4,W01000646,0,2
2025631593993,2025,631593993,1,9,0,-1,5,2,8,-1,0,6,0,0,0,0,3,1,-1,9,2,27,6,-1,-1,-1,-1,5,W01000546,0,1
2025631594030,2025,631594030,2,9,0,-1,19,4,8,-1,0,2,1,0,1,10,2,1,-1,9,2,22,5,-1,-1,-1,-1,9,W01000580,0,4
2025631594030,2025,631594030,3,20,4,-1,12,4,8,-1,0,2,0,0,0,0,1,1,-1,1,1,55,8,-1,-1,-1,-1,9,W01000786,0,2
2025631594030,2025,631594030,1,9,0,-1,19,4,8,-1,0,2,1,0,4,6,1,1,-1,6,1,39,7,-1,-1,-1,-1,2,E01001878,0,5
2025631594297,2025,631594297,3,9,0,-1,4,4,8,-1,0,1,0,0,0,0,2,1,-1,6,1,66,10,-1,-1,-1,-1,2,E01004976,0,5
2025631594297,2025,631594297,2,9,0,-1,4,4,8,-1,0,1,0,0,7,4,2,1,-1,9,2,47,8,-1,-1,-1,-1,9,W01001160,0,4
2025631594297,2025,631594297,1,19,0,-1,19,4,8,-1,0,1,1,0,0,0,1,1,-1,1,1,28,6,-1,-1,-1,-1,7,W01000460,0,4
2025631594434,2025,631594434,2,1,0,-1,19,4,8,-1,0,0,0,0,1,10,2,1,-1,6,1,24,5,-1,-1,-1,-1,5,W01000427,0,1
2025631594434,2025,631594434,1,9,0,-1,13,4,8,-1,0,0,0,0,0,0,4,1,-1,6,1,43,7,-1,-1,-1,-1,5,W01000427,0,1
2025631594518,2025,631594518,1,9,0,-1,19,5,1,-1,0,0,5,0,2,1,1,1,-1,6,1,44,7,-1,-1,-1,-1,9,W01000549,0,4
2025631594625,2025,631594625,1,9,0,-1,19,6,2,-1,0,0,0,0,0,0,1,1,-1,2,1,24,5,-1,-1,-1,-1,4,W01000535,0,3
2025631594625,2025,631594625,2,9,0,-1,5,6,2,-1,0,0,0,0,1,10,2,1,-1,9,2,23,5,-1,-1,-1,-1,6,W01000538,0,4
2025631594642,2025,631594642,2,9,0,-1,19,4,8,-1,0,0,0,0,1,11,3,1,-1,9,1,56,9,-1,-1,-1,-1,3,E01014942,0,5
2025631594642,2025,631594642,1,9,0,-1,12,8,4,-1,0,0,0,0,0,0,3,1,-1,9,1,29,6,-1,-1,-1,-1,5,E01014079,0,4
2025631594663,2025,631594663,1,5,0,-1,19,2,6,-1,0,0,1,0,7,10,1,1,-1,6,1,33,6,-1,-1,-1,-1,6,W01000545,0,1
2025631594697,2025,631594697,1,9,0,-1,19,3,7,-1,0,8,1,9,3,10,1,1,-1,9,1,30,6,-1,-1,-1,-1,3,W01000607,0,2
2025631594750,2025,631594750,2,5,0,-1,4,5,1,-1,0,0,0,0,0,0,1,1,-1,9,1,58,9,-1,-1,-1,-1,9,W01000549,0,2
2025631594750,2025,631594750,1,20,0,-1,1,1,5,-1,0,0,0,0,0,0,2,1,-1,9,1,58,9,-1,-1,-1,-1,7,E01018889,0,5
2025631594750,2025,631594750,3,9,0,-1,4,1,5,-1,0,0,0,0,0,0,0,1,-1,9,1,49,8,-1,-1,-1,-1,5,W01000543,0,1
2025631594813,2025,631594813,2,9,0,-1,19,7,3,-1,0,8,0,0,4,6,3,1,-1,6,1,43,7,-1,-1,-1,-1,5,W01001038,0,4
2025631594813,2025,631594813,1,9,0,-1,5,5,1,-1,0,6,0,0,0,0,1,1,-1,6,1,34,6,-1,-1,-1,-1,1,W01000864,0,4
2025631594837,2025,631594837,1,5,0,-1,13,6,2,-1,0,8,0,0,7,10,1,1,-1,9,1,65,9,-1,-1,-1,-1,7,W01001492,0,4
2025631594886,2025,631594886,4,19,0,-1,4,2,6,-1,0,0,0,0,0,0,2,1,-1,6,1,37,7,-1,-1,-1,-1,6,W01000613,0,3
2025631594886,2025,631594886,5,19,0,-1,2,0,0,-1,-1,0,0,0,0,0,0,1,-1,1,1,23,5,-1,-1,-1,-1,5,W01001164,0,4
2025631594886,2025,631594886,2,9,0,-1,4,2,6,-1,0,0,0,0,0,0,2,1,-1,6,1,20,4,-1,-1,-1,-1,7,W01000507,0,2
2025631594886,2025,631594886,1,9,0,-1,19,2,6,-1,0,0,0,0,0,0,1,1,-1,6,2,56,9,-1,-1,-1,-1,2,W01000592,0,4
2025631594886,2025,631594886,3,9,0,-1,4,2,6,-1,0,0,0,0,0,0,2,1,-1,6,2,42,7,-1,-1,-1,-1,9,E01035761,0,5
2025631594887,2025,631594887,2,5,0,-1,19,2,6,-1,0,8,0,0,1,7,1,1,-1,9,1,29,6,-1,-1,-1,-1,8,W01000481,0,2
2025631594887,2025,631594887,1,98,0,-1,9,8,6,-1,0,6,0,0,0,0,4,1,-1,9,1,38,7,-1,-1,-1,-1,7,W01000473,0,4
2025631594918,2025,631594918,1,9,0,-1,19,6,2,-1,0,6,5,0,0,0,1,1,-1,9,1,24,5,-1,-1,-1,-1,2,W01001341,0,4
2025631594918,2025,631594918,3,90,0,-1,10,8,6,-1,0,8,0,0,0,0,1,1,-1,9,1,47,8,-1,-1,-1,-1,9,E01035761,0,5
2025631594918,2025,631594918,2,9,0,-1,19,4,8,-1,0,8,0,0,0,0,4,1,-1,9,2,53,8,-1,-1,-1,-1,1,W01000511,0,4
2025631595647,2025,631595647,2,9,3,-1,4,4,7,-1,0,0,0,0,0,0,0,1,-1,9,1,65,9,-1,-1,-1,-1,5,W01002012,0,2
2025631595647,2025,631595647,1,9,0,-1,19,4,7,-1,0,0,0,0,0,0,1,1,-1,9,2,60,9,-1,-1,-1,-1,4,W01000603,0,1
2025631595701,2025,631595701,1,9,0,-1,19,2,6,-1,0,0,0,0,0,0,1,1,-1,9,1,77,11,-1,-1,-1,-1,6,W01000686,0,3
2025631595701,2025,631595701,2,9,0,-1,19,6,2,-1,0,0,0,0,0,0,1,1,-1,9,2,42,7,-1,-1,-1,-1,6,W01000686,0,3
2025631595755,2025,631595755,2,9,0,-1,4,3,7,-1,0,1,0,0,0,0,2,1,-1,9,1,30,6,-1,-1,-1,-1,3,W01000705,0,1
2025631595755,2025,631595755,1,9,0,-1,19,3,7,-1,0,1,0,0,0,0,1,1,-1,9,1,57,9,-1,-1,-1,-1,4,W01000747,0,3
2025631595756,2025,631595756,2,90,0,-1,19,4,7,-1,0,0,0,0,1,10,1,1,-1,6,1,47,8,-1,-1,-1,-1,9,W01000549,0,1
2025631595756,2025,631595756,1,1,0,-1,19,7,4,-1,0,0,0,0,0,0,1,1,-1,6,1,50,8,-1,-1,-1,-1,9,W01000549,0,1
2025631595813,2025,631595813,2,9,0,-1,19,5,1,-1,0,8,0,0,0,0,1,1,-1,9,1,58,9,-1,-1,-1,-1,10,E01017553,0,5
2025631595813,2025,631595813,1,9,0,-1,9,1,6,-1,0,5,0,0,0,0,1,1,-1,9,2,27,6,-1,-1,-1,-1,2,W01000756,0,4
2025631596212,2025,631596212,1,9,0,-1,19,1,5,-1,0,0,0,0,0,0,3,1,-1,6,1,74,10,-1,-1,-1,-1,2,E01005605,0,5
2025631596212,2025,631596212,2,9,0,-1,19,5,1,-1,0,0,0,0,0,0,3,1,-1,6,1,28,6,-1,-1,-1,-1,5,W01002002,0,1
2025631596486,2025,631596486,1,19,0,-1,19,8,4,-1,0,0,0,0,0,0,1,2,-1,1,1,30,6,-1,-1,-1,-1,7,W01000583,0,3
2025631596486,2025,631596486,2,98,0,-1,4,8,4,-1,0,0,0,0,0,0,2,2,-1,1,1,42,7,-1,-1,-1,-1,5,W01000566,0,4
2025631596486,2025,631596486,3,9,0,-1,4,8,4,-1,0,0,0,0,0,0,2,1,-1,9,1,81,11,-1,-1,-1,-1,3,W01002010,0,4
2025631596566,2025,631596566,1,11,0,-1,5,2,8,-1,0,6,0,0,0,0,4,1,-1,1,1,60,9,-1,-1,-1,-1,3,W01000658,0,1
2025631596566,2025,631596566,2,3,0,-1,19,4,8,-1,0,8,1,0,0,0,0,1,-1,9,1,19,4,-1,-1,-1,-1,6,W01000698,0,2
2025631596569,2025,631596569,1,9,0,-1,19,1,4,-1,0,2,0,0,0,0,1,2,-1,9,1,33,6,-1,-1,-1,-1,6,W01001878,0,5
2025631596569,2025,631596569,2,9,0,-1,19,4,1,-1,0,1,0,0,0,0,1,1,-1,9,1,60,9,-1,-1,-1,-1,8,W01000555,0,2
2025631596573,2025,631596573,1,19,0,-1,19,2,7,-1,0,0,0,0,0,0,1,1,-1,1,1,23,5,-1,-1,-1,-1,3,W01000652,0,4
2025631596573,2025,631596573,2,19,0,-1,19,7,2,-1,0,0,0,0,0,0,1,1,-1,1,1,50,8,-1,-1,-1,-1,2,W01000973,0,4
2025631596676,2025,631596676,1,9,0,-1,19,5,2,-1,0,0,1,0,1,10,4,1,-1,9,1,40,7,-1,-1,-1,-1,3,W01001153,0,3
2025631596741,2025,631596741,2,9,0,-1,19,2,6,-1,0,6,0,0,0,0,4,1,-1,9,2,50,8,-1,-1,-1,-1,7,W01000612,0,4