collision_index,collision_year,collision_ref_no,vehicle_reference,vehicle_type,towing_and_articulation,vehicle_manoeuvre_historic,vehicle_manoeuvre,vehicle_direction_from,vehicle_direction_to,vehicle_location_restricted_lane_historic,vehicle_location_restricted_lane,junction_location,skidding_and_overturning,hit_object_in_carriageway,vehicle_leaving_carriageway,hit_object_off_carriageway,first_point_of_impact,vehicle_left_hand_drive,journey_purpose_of_driver_historic,journey_purpose_of_driver,sex_of_driver,age_of_driver,age_band_of_driver,engine_capacity_cc,propulsion_code,age_of_vehicle,generic_make_model,driver_imd_decile,lsoa_of_driver,escooter_flag,driver_distance_banding
2025631596741,2025,631596741,1,9,0,-1,19,4,8,-1,0,8,0,0,0,0,1,1,-1,1,1,39,7,-1,-1,-1,-1,7,W01000623,0,2
2025631596755,2025,631596755,1,98,0,-1,19,2,6,-1,0,0,1,0,7,4,1,1,-1,1,1,28,6,-1,-1,-1,-1,2,E01010472,0,5
2025631596898,2025,631596898,1,98,0,-1,9,4,1,-1,0,5,0,0,0,0,3,1,-1,1,1,29,6,-1,-1,-1,-1,7,E01034295,0,5
2025631596898,2025,631596898,2,5,0,-1,19,4,8,-1,0,8,0,0,0,0,1,1,-1,9,1,41,7,-1,-1,-1,-1,7,W01001492,0,4
2025631596929,2025,631596929,2,19,0,-1,19,4,8,-1,0,0,5,0,2,2,3,1,-1,9,1,31,6,-1,-1,-1,-1,7,W01000451,0,1
2025631596929,2025,631596929,1,9,0,-1,19,8,4,-1,0,0,1,0,0,0,3,1,-1,9,1,32,6,-1,-1,-1,-1,8,W01000485,0,4
2025631597222,2025,631597222,2,9,0,-1,19,4,8,-1,0,8,0,0,1,2,4,1,-1,9,1,54,8,-1,-1,-1,-1,8,W01001877,0,4
2025631597222,2025,631597222,1,19,0,-1,19,5,8,-1,0,4,0,0,0,0,1,1,-1,2,1,48,8,-1,-1,-1,-1,3,W01000658,0,3
2025631597281,2025,631597281,1,9,0,-1,9,2,6,-1,0,5,0,0,0,0,1,1,-1,6,2,40,7,-1,-1,-1,-1,8,E01032192,0,5
2025631597281,2025,631597281,3,9,0,-1,19,2,5,-1,0,1,0,0,0,0,3,1,-1,6,2,28,6,-1,-1,-1,-1,7,W01000720,0,1
2025631597281,2025,631597281,2,9,0,-1,19,5,2,-1,0,8,0,0,0,0,1,1,-1,6,1,29,6,-1,-1,-1,-1,7,W01000720,0,1
2025631597505,2025,631597505,2,98,0,-1,19,3,7,-1,0,0,0,0,0,0,1,1,-1,1,1,53,8,-1,-1,-1,-1,8,W01000694,0,2
2025631597505,2025,631597505,1,90,0,-1,19,7,3,-1,0,0,0,0,0,0,1,1,-1,6,1,17,4,-1,-1,-1,-1,4,W01000683,0,1
2025631597514,2025,631597514,1,5,0,-1,19,6,2,-1,0,1,0,0,0,0,1,1,-1,6,1,39,7,-1,-1,-1,-1,7,W01000635,0,4
2025631597514,2025,631597514,2,5,0,-1,7,6,8,-1,0,5,0,0,7,10,2,1,-1,6,1,57,9,-1,-1,-1,-1,5,W01000563,0,4
2025631597768,2025,631597768,1,9,0,-1,19,6,2,-1,0,0,0,0,0,0,0,9,-1,6,3,-1,-1,-1,-1,-1,-1,-1,-1,0,-1
2025631597768,2025,631597768,2,9,0,-1,19,2,6,-1,0,0,0,0,1,10,4,1,-1,1,2,21,5,-1,-1,-1,-1,7,W01000585,0,3
2025631597821,2025,631597821,3,9,0,-1,2,0,0,-1,0,0,0,0,0,0,3,1,-1,6,-1,-1,-1,-1,-1,-1,-1,-1,-1,0,-1
2025631597821,2025,631597821,2,90,0,-1,2,0,0,-1,0,0,0,0,0,0,4,1,-1,6,-1,-1,-1,-1,-1,-1,-1,-1,-1,0,-1
2025631597821,2025,631597821,4,9,0,-1,2,0,0,-1,0,0,0,0,0,0,4,1,-1,6,-1,-1,-1,-1,-1,-1,-1,-1,-1,0,-1
2025631597821,2025,631597821,1,9,0,-1,19,1,5,-1,0,0,0,0,0,0,4,1,-1,1,1,85,11,-1,-1,-1,-1,9,W01000512,0,1
2025631598083,2025,631598083,1,98,0,-1,19,8,4,-1,0,0,0,0,0,0,4,9,-1,6,2,59,9,-1,-1,-1,-1,1,W01000606,0,3
2025631598523,2025,631598523,1,9,0,-1,19,5,1,-1,0,0,5,0,2,11,1,1,-1,2,1,31,6,-1,-1,-1,-1,4,W01001974,0,4
2025631598663,2025,631598663,1,19,0,-1,19,4,8,-1,0,0,5,4,2,10,4,1,-1,9,1,56,9,-1,-1,-1,-1,6,W01000524,0,4
2025631599073,2025,631599073,1,9,0,-1,19,2,6,-1,0,0,0,7,7,1,3,1,-1,9,1,78,11,-1,-1,-1,-1,6,W01000519,0,4
2025631599563,2025,631599563,3,9,0,-1,4,5,1,-1,0,0,0,0,0,0,2,1,-1,9,1,56,9,-1,-1,-1,-1,9,W01000710,0,1
2025631599563,2025,631599563,2,9,0,-1,4,5,1,-1,0,0,0,0,0,0,2,1,-1,1,1,76,11,-1,-1,-1,-1,6,W01000671,0,1
2025631599563,2025,631599563,1,21,4,-1,19,5,1,-1,0,0,0,0,0,0,1,1,-1,1,1,61,9,-1,-1,-1,-1,6,W01000643,0,3
2025631599648,2025,631599648,1,21,4,-1,19,6,2,-1,0,0,0,0,0,0,0,1,-1,6,3,-1,-1,-1,-1,-1,-1,-1,-1,0,-1
2025631599703,2025,631599703,1,9,0,-1,19,6,2,-1,0,2,0,0,0,0,4,1,-1,9,1,30,6,-1,-1,-1,-1,7,W01000552,0,3
2025631599944,2025,631599944,2,9,0,-1,13,6,2,-1,0,0,2,0,7,10,1,1,-1,9,1,54,8,-1,-1,-1,-1,2,E01028934,0,4
2025631599944,2025,631599944,3,9,0,-1,19,6,2,-1,0,0,0,0,0,0,0,1,-1,9,2,24,5,-1,-1,-1,-1,6,W01000501,0,3
2025631599944,2025,631599944,1,9,0,-1,13,6,2,-1,0,0,2,0,8,10,2,1,-1,9,1,52,8,-1,-1,-1,-1,3,W01000479,0,2
2025631599962,2025,631599962,1,9,0,-1,19,5,1,-1,0,0,0,0,1,10,1,1,-1,9,1,35,6,-1,-1,-1,-1,5,W01000648,0,1
2025631599975,2025,631599975,1,9,0,-1,12,2,6,-1,0,0,0,0,7,11,3,1,-1,9,1,78,11,-1,-1,-1,-1,7,W01000488,0,1
2025631600057,2025,631600057,1,9,0,-1,19,4,8,-1,0,1,0,0,0,0,4,1,-1,9,1,18,4,-1,-1,-1,-1,7,W01000704,0,1
2025631600064,2025,631600064,1,5,0,-1,19,1,4,-1,0,0,0,0,7,4,1,1,-1,9,1,54,8,-1,-1,-1,-1,3,W01000654,0,3
2025631600203,2025,631600203,1,5,0,-1,19,4,1,-1,0,0,0,0,1,10,1,1,-1,6,1,32,6,-1,-1,-1,-1,1,W01001519,0,4
2025631600237,2025,631600237,1,5,0,-1,19,7,4,-1,0,0,1,11,1,10,1,1,-1,9,1,42,7,-1,-1,-1,-1,4,W01000536,0,4
2025631600259,2025,631600259,1,5,0,-1,19,6,2,-1,0,0,1,0,2,10,1,1,-1,6,1,33,6,-1,-1,-1,-1,5,E01010729,0,5
2025631600534,2025,631600534,2,3,0,-1,4,4,8,-1,0,0,1,0,0,0,0,1,-1,6,1,27,6,-1,-1,-1,-1,3,W01000730,0,2
2025631600534,2025,631600534,3,9,0,-1,4,4,8,-1,0,0,0,0,0,0,0,1,-1,9,1,27,6,-1,-1,-1,-1,9,W01001999,0,1
2025631600534,2025,631600534,1,9,0,-1,-1,4,8,-1,0,0,0,0,0,0,0,9,-1,6,1,46,8,-1,-1,-1,-1,2,W01000670,0,3
2025631600612,2025,631600612,1,3,0,-1,15,6,2,-1,0,8,1,0,1,10,1,1,-1,2,1,17,4,-1,-1,-1,-1,7,W01000651,0,1
2025631600612,2025,631600612,2,9,0,-1,7,7,2,-1,0,6,0,0,0,0,4,1,-1,6,2,30,6,-1,-1,-1,-1,2,W01000659,0,1
2025631600969,2025,631600969,1,90,0,-1,19,4,8,-1,0,0,0,0,0,0,1,2,-1,9,1,68,10,-1,-1,-1,-1,5,W01000576,0,4
2025631600969,2025,631600969,2,9,0,-1,3,4,8,-1,0,0,0,0,0,0,2,2,-1,9,1,60,9,-1,-1,-1,-1,7,W01001893,0,4
2025631600969,2025,631600969,3,9,0,-1,3,4,8,-1,0,0,0,0,0,0,2,1,-1,9,2,31,6,-1,-1,-1,-1,8,W01000883,0,4
2025631600969,2025,631600969,4,9,0,-1,3,4,8,-1,0,0,0,0,0,0,2,1,-1,9,2,60,9,-1,-1,-1,-1,4,W01001337,0,4
2025631601130,2025,631601130,1,9,0,-1,19,8,4,-1,0,0,2,0,2,10,4,1,-1,2,2,20,4,-1,-1,-1,-1,3,W01000657,0,4
2025631601155,2025,631601155,1,11,0,-1,19,8,4,-1,0,0,0,0,0,0,1,1,-1,1,1,54,8,-1,-1,-1,-1,6,W01000575,0,2
2025631601162,2025,631601162,1,9,0,-1,10,2,8,-1,0,8,0,0,0,0,0,1,-1,9,1,33,6,-1,-1,-1,-1,4,W01000639,0,1
2025631601162,2025,631601162,2,3,0,-1,19,6,2,-1,0,8,0,0,0,0,0,1,-1,9,1,19,4,-1,-1,-1,-1,8,W01000642,0,1
2025631602014,2025,631602014,1,9,0,-1,19,5,1,-1,0,0,1,11,0,0,1,1,-1,6,1,83,11,-1,-1,-1,-1,6,W01000545,0,1
2025631602026,2025,631602026,1,9,0,-1,19,4,1,-1,0,0,5,0,2,10,1,1,-1,9,1,32,6,-1,-1,-1,-1,6,W01000709,0,1
2025631602113,2025,631602113,1,9,0,-1,19,6,2,-1,0,0,2,0,8,10,1,1,-1,2,1,42,7,-1,-1,-1,-1,7,W01000552,0,3
2025631602124,2025,631602124,2,1,0,-1,19,2,6,-1,0,0,0,0,0,0,3,1,-1,9,1,62,9,-1,-1,-1,-1,6,W01000560,0,1
2025631602124,2025,631602124,1,9,0,-1,13,2,6,-1,0,0,0,0,0,0,4,9,-1,6,3,-1,-1,-1,-1,-1,-1,-1,-1,0,-1
2025631602132,2025,631602132,1,98,0,-1,4,8,3,-1,0,0,0,0,0,0,1,1,-1,9,2,54,8,-1,-1,-1,-1,3,W01000607,0,1
2025631602132,2025,631602132,2,1,0,-1,12,3,8,-1,0,0,0,0,0,0,1,1,-1,6,1,12,3,-1,-1,-1,-1,7,W01000578,0,1
2025631602330,2025,631602330,1,9,0,-1,5,1,5,-1,0,1,0,0,0,0,4,9,-1,6,3,-1,-1,-1,-1,-1,-1,-1,-1,0,-1
2025631602374,2025,631602374,1,9,0,-1,13,4,8,-1,0,8,0,0,7,0,1,1,-1,9,1,52,8,-1,-1,-1,-1,2,E01028934,0,4
2025631602374,2025,631602374,3,9,0,-1,4,4,8,-1,0,1,0,0,0,0,0,1,-1,9,1,70,10,-1,-1,-1,-1,5,E01028948,0,4
2025631602374,2025,631602374,2,20,4,-1,9,4,2,-1,0,5,5,0,7,10,0,1,-1,1,1,34,6,-1,-1,-1,-1,2,E01028983,0,4
2025631602566,2025,631602566,1,9,0,-1,12,5,8,-1,0,0,0,0,0,0,1,1,-1,9,1,47,8,-1,-1,-1,-1,5,W01000427,0,1
2025631602566,2025,631602566,2,9,0,-1,19,8,5,-1,0,0,0,0,7,11,1,1,-1,6,1,75,10,-1,-1,-1,-1,8,W01000440,0,4
2025631602649,2025,631602649,2,9,0,-1,19,5,8,-1,0,0,0,0,0,0,3,1,-1,2,2,54,8,-1,-1,-1,-1,8,W01000622,0,2
2025631602649,2025,631602649,1,9,0,-1,19,8,5,-1,0,0,2,0,2,10,1,1,-1,1,1,20,4,-1,-1,-1,-1,9,W01000580,0,1
2025631602868,2025,631602868,2,9,0,-1,19,8,5,-1,0,0,0,0,0,0,0,1,-1,9,1,51,8,-1,-1,-1,-1,3,W01002021,0,4
2025631602868,2025,631602868,1,9,0,-1,12,5,8,-1,0,0,2,0,8,11,2,1,-1,9,2,19,4,-1,-1,-1,-1,6,W01000806,0,4
2025631602922,2025,631602922,1,3,0,-1,19,6,2,-1,0,6,0,0,0,0,1,1,-1,9,1,20,4,-1,-1,-1,-1,3,W01000625,0,1
2025631602922,2025,631602922,2,9,0,-1,19,8,4,-1,0,8,0,0,0,0,3,1,-1,9,1,32,6,-1,-1,-1,-1,3,W01000626,0,1
2025631603018,2025,631603018,1,9,0,-1,12,4,8,-1,0,2,0,0,0,0,3,1,-1,9,1,28,6,-1,-1,-1,-1,7,W01000675,0,3
2025631603018,2025,631603018,2,9,0,-1,2,0,0,-1,0,2,0,0,0,0,3,1,-1,6,-1,-1,-1,-1,-1,-1,-1,-1,-1,0,-1
2025631603376,2025,631603376,2,19,0,-1,4,3,7,-1,0,0,0,0,0,0,2,1,-1,1,1,53,8,-1,-1,-1,-1,5,W01000559,0,4
2025631603376,2025,631603376,1,9,0,-1,19,3,7,-1,0,0,0,0,0,0,1,1,-1,2,1,49,8,-1,-1,-1,-1,8,W01000597,0,2
2025631603376,2025,631603376,3,21,4,-1,4,3,7,-1,0,0,0,0,0,0,0,1,-1,1,1,51,8,-1,-1,-1,-1,4,W01001253,0,5
2025631603377,2025,631603377,2,9,0,-1,19,8,4,-1,0,0,0,0,0,0,4,1,-1,9,1,96,11,-1,-1,-1,-1,4,W01000617,0,1
2025631603377,2025,631603377,1,9,0,-1,5,8,4,-1,0,0,0,0,0,0,3,9,-1,6,3,-1,-1,-1,-1,-1,-1,-1,-1,0,-1
2025631603622,2025,631603622,1,9,0,-1,19,8,3,-1,0,0,0,0,7,4,1,1,-1,6,1,17,4,-1,-1,-1,-1,8,E01014634,0,5
2025631603693,2025,631603693,1,19,0,-1,19,7,3,-1,0,0,1,0,0,0,1,1,-1,2,1,31,6,-1,-1,-1,-1,8,W01002013,0,3
2025631603693,2025,631603693,2,9,0,-1,4,7,3,-1,0,0,0,0,0,0,2,1,-1,6,1,53,8,-1,-1,-1,-1,7,W01000585,0,2
2025631604054,2025,631604054,2,5,0,-1,13,8,5,-1,0,0,0,0,7,11,1,1,-1,9,1,58,9,-1,-1,-1,-1,3,W01001444,0,4
2025631604054,2025,631604054,1,21,0,-1,13,8,5,-1,0,0,0,0,0,0,0,1,-1,1,1,60,9,-1,-1,-1,-1,6,W01000431,0,1
2025631604083,2025,631604083,2,9,0,-1,19,4,1,-1,0,0,0,0,1,10,3,1,-1,9,2,65,9,-1,-1,-1,-1,6,W01000709,0,3
2025631604083,2025,631604083,1,9,0,-1,12,1,4,-1,0,0,0,0,7,10,3,1,-1,7,1,17,4,-1,-1,-1,-1,7,W01000474,0,4
2025631604096,2025,631604096,2,19,4,-1,19,6,3,-1,0,0,0,0,0,0,0,1,-1,1,1,67,10,-1,-1,-1,-1,7,W01000488,0,3
2025631604096,2025,631604096,1,2,0,-1,19,3,6,-1,0,0,0,0,0,0,3,1,-1,9,1,38,7,-1,-1,-1,-1,6,W01001906,0,2
2025631604177,2025,631604177,1,98,0,-1,19,2,6,-1,0,0,0,0,0,0,1,1,-1,2,1,59,9,-1,-1,-1,-1,8,W01001356,0,4
2025631604237,2025,631604237,2,19,0,-1,19,3,6,-1,0,8,0,0,0,0,0,1,-1,1,1,42,7,-1,-1,-1,-1,5,W01000505,0,1
2025631604237,2025,631604237,1,98,0,-1,19,3,6,-1,0,2,2,0,2,10,1,1,-1,6,1,24,5,-1,-1,-1,-1,1,W01000504,0,1
2025631604803,2025,631604803,1,97,0,-1,12,8,4,-1,0,0,1,0,0,0,0,1,-1,6,1,49,8,-1,-1,-1,-1,3,W01000799,0,4
2025631605087,2025,631605087,1,19,0,-1,19,8,3,-1,0,2,0,0,2,10,3,1,-1,1,2,62,9,-1,-1,-1,-1,8,W01000439,0,2
2025631605147,2025,631605147,3,5,0,-1,19,4,7,-1,0,0,0,0,0,0,0,1,-1,6,1,62,9,-1,-1,-1,-1,8,E01002252,0,5
2025631605147,2025,631605147,2,5,0,-1,19,4,7,-1,0,0,0,0,0,0,0,1,-1,6,1,53,8,-1,-1,-1,-1,7,E01018225,0,5
2025631605147,2025,631605147,1,5,0,-1,12,4,8,-1,0,0,0,0,7,10,1,1,-1,9,1,48,8,-1,-1,-1,-1,5,E01033787,0,5
2025631605246,2025,631605246,1,98,0,-1,19,2,6,-1,0,0,0,0,0,0,4,1,-1,6,1,75,10,-1,-1,-1,-1,10,E01031919,0,5
2025631605253,2025,631605253,2,9,0,-1,19,4,1,-1,0,0,0,0,1,11,3,1,-1,6,1,43,7,-1,-1,-1,-1,9,W01000476,0,4
2025631605253,2025,631605253,1,4,0,-1,19,1,4,-1,0,0,1,0,1,10,1,1,-1,9,1,42,7,-1,-1,-1,-1,7,W01001152,0,4
2025631605256,2025,631605256,1,9,0,-1,19,2,5,-1,0,0,0,0,1,3,1,1,-1,2,2,64,9,-1,-1,-1,-1,6,W01000560,0,1
2025631605257,2025,631605257,1,19,0,-1,19,3,6,-1,0,0,0,0,0,0,1,1,-1,2,1,29,6,-1,-1,-1,-1,9,E01032421,0,5
2025631605257,2025,631605257,2,9,0,-1,19,6,3,-1,0,0,0,0,1,10,3,1,-1,9,1,72,10,-1,-1,-1,-1,6,W01001306,0,4
2025631605275,2025,631605275,1,9,0,-1,9,1,7,-1,0,6,0,0,0,0,3,1,-1,9,1,74,10,-1,-1,-1,-1,5,W01000599,0,2
2025631605275,2025,631605275,2,9,0,-1,19,7,3,-1,0,8,0,0,0,0,1,1,-1,9,2,34,6,-1,-1,-1,-1,4,W01000608,0,1
2025631605287,2025,631605287,1,9,0,-1,12,5,8,-1,0,0,0,0,7,4,1,1,-1,9,1,61,9,-1,-1,-1,-1,1,E01007270,0,5
2025631605395,2025,631605395,1,9,0,-1,19,8,4,-1,0,2,0,0,7,1,1,1,-1,9,2,31,6,-1,-1,-1,-1,8,W01000564,0,1
2025631605453,2025,631605453,1,9,0,-1,9,5,3,-1,0,6,0,0,0,0,1,9,-1,6,3,-1,-1,-1,-1,-1,-1,-1,-1,0,-1
2025631605453,2025,631605453,2,9,0,-1,19,3,8,-1,0,8,0,0,0,0,4,1,-1,1,1,64,9,-1,-1,-1,-1,3,W01001900,0,4
2025631605824,2025,631605824,1,5,0,-1,19,7,2,-1,0,0,1,0,0,0,0,1,-1,9,1,62,9,-1,-1,-1,-1,9,E01035478,0,5
2025631606157,2025,631606157,2,5,0,-1,4,3,6,-1,0,0,0,0,0,0,0,1,-1,6,1,71,10,-1,-1,-1,-1,4,W01000639,0,4
2025631606157,2025,631606157,1,5,0,-1,19,3,6,-1,0,0,1,0,0,0,0,1,-1,6,1,71,10,-1,-1,-1,-1,4,W01000637,0,4
2025631606271,2025,631606271,1,9,0,-1,12,1,5,-1,0,0,1,0,7,11,1,1,-1,9,2,18,4,-1,-1,-1,-1,7,W01000712,0,1
2025631606620,2025,631606620,2,9,0,-1,19,8,4,-1,0,0,0,0,0,0,1,1,-1,1,1,32,6,-1,-1,-1,-1,3,W01000705,0,1
2025631606620,2025,631606620,1,9,0,-1,12,4,8,-1,0,0,0,0,7,10,1,1,-1,6,3,-1,-1,-1,-1,-1,-1,-1,-1,0,-1
2025631606626,2025,631606626,3,19,4,-1,4,5,8,-1,0,2,0,0,0,0,0,1,-1,1,1,37,7,-1,-1,-1,-1,3,W01000705,0,1
2025631606626,2025,631606626,1,9,0,-1,19,5,1,-1,0,1,0,0,0,0,1,1,-1,9,1,66,10,-1,-1,-1,-1,3,W01000703,0,1
2025631606626,2025,631606626,2,9,0,-1,7,5,8,-1,0,8,0,0,0,0,2,1,-1,6,2,66,10,-1,-1,-1,-1,6,W01000653,0,1
2025631606806,2025,631606806,2,19,0,-1,5,7,2,-1,0,6,0,0,0,0,1,1,-1,9,1,31,6,-1,-1,-1,-1,4,W01000591,0,1
2025631606806,2025,631606806,1,4,0,-1,19,6,2,-1,0,8,1,0,7,10,1,1,-1,9,1,27,6,-1,-1,-1,-1,9,W01000580,0,2
2025631606809,2025,631606809,1,97,0,-1,19,2,6,-1,0,0,0,0,0,0,1,1,-1,9,2,48,8,-1,-1,-1,-1,7,E01007224,0,5
2025631606809,2025,631606809,2,9,0,-1,4,2,6,-1,0,0,0,0,0,0,2,1,-1,9,2,24,5,-1,-1,-1,-1,5,E01025573,0,5
2025631606820,2025,631606820,2,98,0,-1,4,6,1,-1,0,0,0,0,0,0,1,1,-1,1,1,28,6,-1,-1,-1,-1,1,W01000832,0,4
2025631606820,2025,631606820,1,97,0,-1,19,1,6,-1,0,0,1,0,1,10,1,1,-1,9,1,45,7,-1,-1,-1,-1,10,W01001850,0,4
2025631606820,2025,631606820,3,17,5,-1,19,6,1,-1,0,0,0,0,0,0,1,1,-1,1,1,20,4,-1,-1,-1,-1,5,W01000541,0,3
2025631607263,2025,631607263,1,9,0,-1,19,6,3,-1,0,1,0,0,7,10,1,1,-1,9,1,85,11,-1,-1,-1,-1,8,W01000597,0,1
2025631607263,2025,631607263,2,9,0,-1,10,7,5,-1,0,8,0,0,0,0,2,1,-1,9,1,62,9,-1,-1,-1,-1,8,W01000597,0,1
2025631607266,2025,631607266,1,9,0,-1,19,4,8,-1,0,0,1,0,1,4,1,1,-1,1,1,68,10,-1,-1,-1,-1,2,E01004838,0,5
2025631607299,2025,631607299,1,9,0,-1,19,5,8,-1,0,0,0,0,7,1,1,1,-1,6,2,46,8,-1,-1,-1,-1,7,W01000873,0,4
2025631607530,2025,631607530,1,19,0,-1,19,1,6,-1,0,8,0,0,0,0,1,1,-1,2,1,31,6,-1,-1,-1,-1,1,W01000570,0,1
2025631607530,2025,631607530,2,9,0,-1,4,1,6,-1,0,8,0,0,0,0,2,1,-1,6,2,57,9,-1,-1,-1,-1,8,W01000596,0,3
2025631607630,2025,631607630,2,4,0,-1,4,4,8,-1,0,8,0,0,0,0,2,1,-1,9,1,18,4,-1,-1,-1,-1,2,W01000848,0,3
2025631607630,2025,631607630,3,4,0,-1,19,4,8,-1,0,1,0,0,0,0,1,1,-1,9,1,22,5,-1,-1,-1,-1,1,W01001924,0,1
2025631607630,2025,631607630,1,5,0,-1,4,4,2,-1,0,8,0,0,0,0,0,1,-1,9,1,70,10,-1,-1,-1,-1,3,W01000654,0,1
2025631607685,2025,631607685,1,9,0,-1,19,8,4,-1,0,0,2,0,2,10,4,1,-1,6,2,43,7,-1,-1,-1,-1,5,W01000452,0,1
2025631607743,2025,631607743,2,9,0,-1,19,4,8,-1,0,0,0,0,1,10,3,1,-1,9,2,18,4,-1,-1,-1,-1,3,W01000705,0,1
2025631607743,2025,631607743,3,9,0,-1,19,8,4,-1,0,0,0,0,0,0,0,1,-1,9,2,20,4,-1,-1,-1,-1,1,W01000835,0,3
2025631607743,2025,631607743,1,9,0,-1,13,8,4,-1,0,0,0,0,0,0,3,1,-1,9,1,20,4,-1,-1,-1,-1,10,W01000890,0,4
2025631607854,2025,631607854,1,19,0,-1,19,5,1,-1,0,0,2,0,8,4,1,1,-1,1,1,40,7,-1,-1,-1,-1,1,W01000631,0,2
2025631608011,2025,631608011,1,5,0,-1,19,4,1,-1,0,0,0,0,1,10,4,1,-1,6,2,53,8,-1,-1,-1,-1,5,W01000537,0,3
2025631608016,2025,631608016,2,10,0,-1,19,-1,-1,-1,0,0,0,0,0,0,1,1,-1,1,2,53,8,-1,-1,-1,-1,8,W01000485,0,3
2025631608016,2025,631608016,1,9,0,-1,19,-1,-1,-1,0,0,0,0,0,0,1,1,-1,1,1,-1,-1,-1,-1,-1,-1,3,E01034329,0,4
2025631608050,2025,631608050,1,17,4,-1,9,6,4,-1,0,5,0,0,0,0,3,1,-1,1,1,17,4,-1,-1,-1,-1,4,W01000605,0,3
2025631608050,2025,631608050,2,9,0,-1,19,2,6,-1,0,8,0,0,0,0,3,1,-1,9,1,45,7,-1,-1,-1,-1,5,W01000614,0,2
2025631608497,2025,631608497,2,4,0,-1,19,4,8,-1,0,8,0,0,0,0,1,1,-1,6,1,59,9,-1,-1,-1,-1,8,W01000457,0,4
2025631608497,2025,631608497,1,19,0,-1,5,5,4,-1,0,6,0,0,0,0,3,1,-1,1,1,47,8,-1,-1,-1,-1,10,W01000142,0,4
2025631608517,2025,631608517,2,19,2,-1,19,2,7,-1,0,8,0,0,0,0,1,1,-1,1,1,66,10,-1,-1,-1,-1,4,W01000542,0,4
2025631608517,2025,631608517,1,9,0,-1,5,5,2,-1,0,6,0,0,0,0,3,1,-1,9,2,46,8,-1,-1,-1,-1,7,W01000578,0,1
2025631609038,2025,631609038,1,9,0,-1,19,6,3,-1,0,8,2,9,8,1,1,1,-1,9,2,28,6,-1,-1,-1,-1,3,W01000695,0,3
2025631609157,2025,631609157,2,9,0,-1,19,3,7,-1,0,8,0,0,0,0,4,1,-1,6,1,55,8,-1,-1,-1,-1,5,W01000630,0,1
2025631609157,2025,631609157,1,1,0,-1,19,5,1,-1,0,6,0,0,0,0,1,1,-1,6,2,8,2,-1,-1,-1,-1,5,W01000630,0,1
2025631609367,2025,631609367,2,4,0,-1,19,6,2,-1,0,8,0,0,0,0,1,1,-1,9,1,57,9,-1,-1,-1,-1,9,W01001901,0,2
2025631609367,2025,631609367,1,9,0,-1,5,8,4,-1,0,6,0,0,0,0,3,1,-1,9,1,32,6,-1,-1,-1,-1,8,W01000440,0,2
2025631609678,2025,631609678,2,5,0,-1,19,6,2,-1,0,8,0,0,0,0,1,1,-1,6,1,64,9,-1,-1,-1,-1,3,E01007167,0,4
2025631609678,2025,631609678,1,9,0,-1,9,2,8,-1,0,5,0,0,0,0,4,1,-1,9,1,25,5,-1,-1,-1,-1,8,W01000445,0,4
2025631609753,2025,631609753,2,9,0,-1,2,0,0,-1,0,0,0,0,1,10,3,1,-1,6,-1,-1,-1,-1,-1,-1,-1,-1,-1,0,-1
2025631609753,2025,631609753,1,9,0,-1,12,2,6,-1,0,0,2,0,1,11,3,1,-1,9,1,69,10,-1,-1,-1,-1,7,W01000612,0,1
2025631609815,2025,631609815,1,9,0,-1,1,-1,-1,-1,0,0,0,0,0,0,2,9,-1,6,3,-1,-1,-1,-1,-1,-1,-1,-1,0,-1
2025631609815,2025,631609815,2,5,0,-1,4,-1,-1,-1,0,0,0,0,0,0,1,1,-1,9,1,52,8,-1,-1,-1,-1,6,W01002002,0,1
2025631610204,2025,631610204,1,20,0,-1,19,7,3,-1,0,8,0,0,0,0,4,9,-1,6,3,-1,-1,-1,-1,-1,-1,-1,-1,0,-1
2025631610204,2025,631610204,2,1,0,-1,19,8,4,-1,0,4,0,0,0,0,1,1,-1,2,2,34,6,-1,-1,-1,-1,1,W01001924,0,1
2025631612469,2025,631612469,2,1,0,-1,5,8,4,-1,0,8,0,0,0,0,4,1,-1,9,1,12,3,-1,-1,-1,-1,3,W01000625,0,1
2025631612469,2025,631612469,1,9,0,-1,19,2,6,-1,0,1,0,0,0,0,1,1,-1,9,2,17,4,-1,-1,-1,-1,4,W01000656,0,2
2025631612855,2025,631612855,2,9,0,-1,12,5,1,-1,0,2,0,0,0,0,1,1,-1,9,2,66,10,-1,-1,-1,-1,6,W01000471,0,2
2025631612855,2025,631612855,1,21,4,-1,19,1,5,-1,0,1,1,0,0,0,1,1,-1,1,1,52,8,-1,-1,-1,-1,8,W01000676,0,4
2025631630674,2025,631630674,1,5,0,-1,19,2,6,-1,0,0,0,0,2,10,1,1,-1,9,1,23,5,-1,-1,-1,-1,2,W01001268,0,4
2025631636215,2025,631636215,1,9,0,-1,9,6,4,-1,0,6,0,0,0,0,3,1,-1,6,1,33,6,-1,-1,-1,-1,6,W01000674,0,3
2025631636215,2025,631636215,2,9,0,-1,19,4,8,-1,0,8,5,0,2,10,1,1,-1,6,2,65,9,-1,-1,-1,-1,6,W01000519,0,3