collision_index,collision_year,collision_ref_no,vehicle_reference,vehicle_type,towing_and_articulation,vehicle_manoeuvre_historic,vehicle_manoeuvre,vehicle_direction_from,vehicle_direction_to,vehicle_location_restricted_lane_historic,vehicle_location_restricted_lane,junction_location,skidding_and_overturning,hit_object_in_carriageway,vehicle_leaving_carriageway,hit_object_off_carriageway,first_point_of_impact,vehicle_left_hand_drive,journey_purpose_of_driver_historic,journey_purpose_of_driver,sex_of_driver,age_of_driver,age_band_of_driver,engine_capacity_cc,propulsion_code,age_of_vehicle,generic_make_model,driver_imd_decile,lsoa_of_driver,escooter_flag,driver_distance_banding
2025991546101,2025,991546101,1,9,0,-1,7,7,1,-1,0,0,0,0,0,0,3,1,-1,9,1,40,7,-1,-1,-1,-1,5,-1,0,2
2025991546143,2025,991546143,1,9,4,-1,19,4,8,-1,0,0,0,0,0,0,3,1,-1,1,1,78,11,-1,-1,-1,-1,2,-1,0,3
2025991546143,2025,991546143,2,9,0,-1,19,8,4,-1,0,0,0,0,0,0,3,1,-1,1,1,68,10,-1,-1,-1,-1,1,E01019231,0,4
2025991546143,2025,991546143,3,9,0,-1,19,8,4,-1,0,0,0,0,0,0,3,2,-1,9,1,48,8,-1,-1,-1,-1,1,-1,0,4
2025991546187,2025,991546187,1,9,0,-1,19,8,5,-1,0,0,1,0,1,9,1,1,-1,1,1,38,7,-1,-1,-1,-1,6,-1,0,4
2025991546187,2025,991546187,2,9,0,-1,19,8,5,-1,0,0,2,0,1,9,1,1,-1,2,1,58,9,-1,-1,-1,-1,2,-1,0,2
2025991546192,2025,991546192,3,9,0,-1,2,0,0,-1,9,0,0,0,0,0,3,1,-1,6,-1,-1,-1,-1,-1,-1,-1,-1,-1,0,-1
2025991546192,2025,991546192,1,9,0,-1,5,7,3,-1,0,0,0,4,0,0,4,1,-1,9,1,38,7,-1,-1,-1,-1,-1,-1,0,-1
2025991546192,2025,991546192,5,9,0,-1,2,0,0,-1,9,0,0,4,0,0,2,1,-1,6,-1,-1,-1,-1,-1,-1,-1,-1,-1,0,-1
2025991546192,2025,991546192,2,9,0,-1,19,7,3,-1,0,0,0,4,0,0,3,1,-1,9,1,33,6,-1,-1,-1,-1,-1,-1,0,-1
2025991546192,2025,991546192,4,9,0,-1,2,0,0,-1,9,0,0,4,0,0,2,1,-1,6,-1,-1,-1,-1,-1,-1,-1,-1,-1,0,-1
2025991546231,2025,991546231,1,9,0,-1,19,8,4,-1,0,0,1,0,0,0,1,1,-1,9,1,57,9,-1,-1,-1,-1,-1,-1,0,-1
2025991546231,2025,991546231,2,9,0,-1,19,4,8,-1,0,0,0,0,0,0,1,1,-1,2,1,62,9,-1,-1,-1,-1,9,E01005842,0,5
2025991546242,2025,991546242,2,9,0,-1,19,7,3,-1,0,0,0,0,0,0,1,1,-1,6,1,36,7,-1,-1,-1,-1,7,-1,0,1
2025991546242,2025,991546242,1,9,0,-1,19,3,7,-1,0,0,0,0,0,0,1,1,-1,6,1,91,11,-1,-1,-1,-1,6,-1,0,2
2025991546252,2025,991546252,1,1,0,-1,19,5,1,-1,0,0,2,12,0,0,1,1,-1,9,1,51,8,-1,-1,-1,-1,-1,-1,0,-1
2025991546266,2025,991546266,2,9,0,-1,2,0,0,-1,0,0,0,0,0,0,0,9,-1,6,-1,-1,-1,-1,-1,-1,-1,-1,-1,0,-1
2025991546266,2025,991546266,1,9,0,-1,4,1,5,-1,0,0,0,0,0,0,4,1,-1,9,2,18,4,-1,-1,-1,-1,3,-1,0,1
2025991546274,2025,991546274,1,9,0,-1,19,8,4,-1,0,0,0,0,0,0,1,1,-1,9,1,40,7,-1,-1,-1,-1,-1,-1,0,-1
2025991546284,2025,991546284,2,9,0,-1,5,8,8,-1,0,2,0,0,0,0,4,1,-1,9,1,38,7,-1,-1,-1,-1,-1,-1,0,-1
2025991546284,2025,991546284,1,9,0,-1,5,4,4,-1,0,1,0,0,0,0,4,1,-1,9,1,30,6,-1,-1,-1,-1,-1,-1,0,-1
2025991546295,2025,991546295,1,19,0,-1,19,1,5,-1,0,0,0,4,0,0,2,1,-1,6,1,35,6,-1,-1,-1,-1,7,-1,0,3
2025991546295,2025,991546295,2,9,0,-1,2,0,0,-1,9,0,0,0,0,0,2,1,-1,6,-1,-1,-1,-1,-1,-1,-1,-1,-1,0,-1
2025991546328,2025,991546328,1,9,0,-1,19,8,4,-1,-1,0,2,0,1,11,1,1,-1,9,2,29,6,-1,-1,-1,-1,3,-1,0,3
2025991546341,2025,991546341,1,9,0,-1,19,1,1,-1,0,0,1,0,1,0,1,1,-1,6,2,23,5,-1,-1,-1,-1,3,-1,0,1
2025991546347,2025,991546347,1,9,0,-1,19,4,8,-1,0,0,1,0,1,7,1,1,-1,9,2,20,4,-1,-1,-1,-1,-1,-1,0,-1
2025991546383,2025,991546383,1,9,0,-1,19,3,7,-1,0,0,1,0,7,4,1,1,-1,2,1,29,6,-1,-1,-1,-1,2,-1,0,2
2025991546392,2025,991546392,1,9,0,-1,19,3,7,-1,0,0,1,0,1,0,1,1,-1,9,1,53,8,-1,-1,-1,-1,4,-1,0,1
2025991546412,2025,991546412,1,9,0,-1,19,6,2,-1,0,0,1,0,0,0,1,1,-1,9,1,73,10,-1,-1,-1,-1,4,-1,0,4
2025991546412,2025,991546412,2,9,0,-1,19,2,6,-1,0,0,1,0,0,0,1,1,-1,6,1,31,6,-1,-1,-1,-1,6,-1,0,4
2025991546422,2025,991546422,1,19,0,-1,19,1,5,-1,0,0,5,0,1,0,4,1,-1,9,1,53,8,-1,-1,-1,-1,9,-1,0,2
2025991546470,2025,991546470,3,9,0,-1,19,6,2,-1,0,0,1,0,1,0,1,1,-1,1,1,38,7,-1,-1,-1,-1,5,-1,0,3
2025991546470,2025,991546470,2,9,0,-1,19,6,2,-1,0,0,0,0,0,0,2,1,-1,1,1,43,7,-1,-1,-1,-1,5,-1,0,3
2025991546470,2025,991546470,1,9,0,-1,19,6,2,-1,0,0,5,0,1,0,1,1,-1,6,1,29,6,-1,-1,-1,-1,1,-1,0,2
2025991546525,2025,991546525,1,9,0,-1,19,4,7,-1,0,0,5,0,1,0,4,1,-1,9,1,28,6,-1,-1,-1,-1,5,-1,0,2
2025991546764,2025,991546764,1,3,0,-1,19,2,5,-1,0,0,0,0,1,11,1,1,-1,6,1,26,6,-1,-1,-1,-1,7,-1,0,2
2025991546771,2025,991546771,1,11,0,-1,19,3,7,-1,0,1,0,0,0,0,1,1,-1,1,1,51,8,-1,-1,-1,-1,10,-1,0,3
2025991546802,2025,991546802,1,9,0,-1,9,6,4,-1,0,6,0,0,0,0,1,1,-1,2,1,21,5,-1,-1,-1,-1,9,-1,0,2
2025991546821,2025,991546821,1,9,0,-1,19,5,7,-1,0,8,1,0,0,0,3,1,-1,6,1,27,6,-1,-1,-1,-1,-1,-1,0,-1
2025991546821,2025,991546821,2,9,0,-1,19,7,2,-1,0,8,0,0,0,0,3,1,-1,9,1,28,6,-1,-1,-1,-1,-1,-1,0,-1
2025991546916,2025,991546916,1,9,0,-1,4,5,1,-1,0,1,1,0,1,0,1,1,-1,9,2,53,8,-1,-1,-1,-1,5,-1,0,4
2025991546923,2025,991546923,2,9,0,-1,4,7,3,-1,5,0,0,0,0,0,0,1,-1,9,2,66,10,-1,-1,-1,-1,7,-1,0,1
2025991546923,2025,991546923,3,9,0,-1,19,3,7,-1,0,0,0,0,0,0,1,1,-1,9,2,60,9,-1,-1,-1,-1,5,-1,0,4
2025991546923,2025,991546923,1,9,0,-1,19,7,3,-1,0,0,0,0,0,0,1,1,-1,1,1,18,4,-1,-1,-1,-1,5,-1,0,4
2025991546953,2025,991546953,1,19,0,-1,19,8,4,-1,0,0,0,0,0,0,1,1,-1,1,1,52,8,-1,-1,-1,-1,7,E01024922,0,5
2025991546953,2025,991546953,2,9,0,-1,19,8,4,-1,0,0,0,0,1,0,2,1,-1,9,1,41,7,-1,-1,-1,-1,4,W01002032,0,5
2025991547027,2025,991547027,1,9,0,-1,19,3,7,-1,0,0,0,0,0,0,1,1,-1,2,1,19,4,-1,-1,-1,-1,5,-1,0,3
2025991547037,2025,991547037,1,9,0,-1,19,4,1,-1,0,0,1,0,2,7,4,1,-1,9,1,27,6,-1,-1,-1,-1,5,-1,0,4
2025991547055,2025,991547055,1,9,0,-1,19,3,7,-1,0,6,0,0,0,0,1,1,-1,9,2,26,6,-1,-1,-1,-1,-1,-1,0,-1
2025991547055,2025,991547055,2,9,0,-1,19,1,5,-1,0,1,0,0,0,0,4,1,-1,2,2,40,7,-1,-1,-1,-1,7,-1,0,1
2025991547074,2025,991547074,1,9,-1,-1,19,7,3,-1,0,0,0,0,0,0,-1,9,-1,6,1,-1,-1,-1,-1,-1,-1,-1,-1,0,-1
2025991547121,2025,991547121,2,8,0,-1,19,3,7,-1,0,0,0,0,0,0,2,1,-1,1,1,47,8,-1,-1,-1,-1,6,-1,0,2
2025991547121,2025,991547121,1,19,0,-1,19,3,7,-1,0,0,0,0,0,0,1,1,-1,1,1,45,7,-1,-1,-1,-1,7,-1,0,1
2025991547239,2025,991547239,1,9,0,-1,19,1,5,-1,0,1,0,0,0,0,4,1,-1,9,2,56,9,-1,-1,-1,-1,9,-1,0,2
2025991547239,2025,991547239,2,9,0,-1,19,7,3,-1,0,1,0,0,0,0,1,2,-1,9,1,20,4,-1,-1,-1,-1,2,-1,0,2
2025991547380,2025,991547380,2,21,1,-1,19,1,6,-1,0,0,0,0,0,0,1,1,-1,1,1,50,8,-1,-1,-1,-1,2,-1,0,3
2025991547380,2025,991547380,1,19,4,-1,19,6,1,-1,0,0,5,0,0,0,1,1,-1,1,1,62,9,-1,-1,-1,-1,4,E01014268,0,5
2025991547429,2025,991547429,1,9,0,-1,19,8,4,-1,0,2,0,0,0,0,1,1,-1,6,1,25,5,-1,-1,-1,-1,-1,-1,0,-1
2025991547429,2025,991547429,2,9,0,-1,19,8,4,-1,0,2,0,0,0,0,2,1,-1,6,2,53,8,-1,-1,-1,-1,-1,-1,0,-1
2025991547459,2025,991547459,1,19,0,-1,1,1,4,-1,0,1,0,0,0,0,2,1,-1,6,1,46,8,-1,-1,-1,-1,9,-1,0,3
2025991547465,2025,991547465,1,9,0,-1,5,7,4,-1,0,6,0,0,0,0,3,2,-1,6,2,29,6,-1,-1,-1,-1,2,-1,0,1
2025991547465,2025,991547465,2,1,0,-1,19,6,6,-1,0,1,0,0,0,0,4,1,-1,6,2,64,9,-1,-1,-1,-1,10,-1,0,3
2025991547540,2025,991547540,1,9,0,-1,19,2,4,-1,0,2,0,0,0,0,3,1,-1,6,1,77,11,-1,-1,-1,-1,3,-1,0,1
2025991547553,2025,991547553,2,9,0,-1,19,4,8,-1,0,1,0,0,0,0,1,1,-1,6,1,32,6,-1,-1,-1,-1,7,-1,0,1
2025991547553,2025,991547553,1,9,0,-1,5,2,6,-1,0,1,0,0,0,0,3,1,-1,6,3,25,5,-1,-1,-1,-1,-1,-1,0,-1
2025991547752,2025,991547752,1,9,0,-1,19,7,3,-1,0,0,0,0,0,0,2,1,-1,6,1,51,8,-1,-1,-1,-1,9,-1,0,3
2025991547752,2025,991547752,2,9,0,-1,19,7,3,-1,0,0,0,0,0,0,1,1,-1,1,1,33,6,-1,-1,-1,-1,1,-1,0,2
2025991547794,2025,991547794,1,90,0,-1,19,2,7,-1,0,0,1,0,0,0,1,1,-1,2,2,33,6,-1,-1,-1,-1,3,-1,0,1
2025991547800,2025,991547800,1,8,0,-1,19,3,7,-1,0,0,0,0,0,0,1,1,-1,1,1,58,9,-1,-1,-1,-1,7,-1,0,2
2025991547800,2025,991547800,2,9,0,-1,6,3,7,-1,0,0,0,0,0,0,3,1,-1,9,2,61,9,-1,-1,-1,-1,2,-1,0,1
2025991547838,2025,991547838,1,9,0,-1,19,7,2,-1,0,2,1,0,0,0,1,1,-1,2,1,19,4,-1,-1,-1,-1,9,-1,0,2
2025991547847,2025,991547847,1,9,0,-1,13,1,5,-1,0,0,0,0,0,0,1,1,-1,6,2,47,8,-1,-1,-1,-1,9,-1,0,2
2025991547847,2025,991547847,2,9,0,-1,3,1,5,-1,0,0,0,0,0,0,2,1,-1,6,2,24,5,-1,-1,-1,-1,6,-1,0,1
2025991547872,2025,991547872,2,9,0,-1,3,5,1,-1,0,0,0,0,0,0,2,1,-1,6,2,40,7,-1,-1,-1,-1,8,-1,0,3
2025991547872,2025,991547872,1,9,0,-1,19,5,1,-1,0,0,0,0,0,0,1,1,-1,6,2,65,9,-1,-1,-1,-1,3,-1,0,3
2025991547872,2025,991547872,3,9,0,-1,3,5,1,-1,0,0,0,0,0,0,2,1,-1,6,1,28,6,-1,-1,-1,-1,2,-1,0,3
2025991548006,2025,991548006,2,19,0,-1,2,0,0,-1,0,1,0,0,7,0,2,1,-1,1,1,47,8,-1,-1,-1,-1,8,-1,0,4
2025991548006,2025,991548006,1,9,0,-1,19,6,2,-1,0,1,0,4,7,0,1,1,-1,9,1,32,6,-1,-1,-1,-1,2,-1,0,1
2025991548016,2025,991548016,1,9,0,-1,19,7,3,-1,0,1,0,0,0,0,3,1,-1,2,1,59,9,-1,-1,-1,-1,5,-1,0,1
2025991548025,2025,991548025,1,9,0,-1,19,2,6,-1,0,0,0,2,0,0,1,1,-1,9,2,76,11,-1,-1,-1,-1,1,-1,0,1
2025991548037,2025,991548037,1,9,0,-1,4,3,7,-1,0,1,0,0,0,0,1,1,-1,1,1,38,7,-1,-1,-1,-1,-1,-1,0,-1
2025991548048,2025,991548048,1,9,0,-1,19,7,3,-1,0,2,0,0,0,0,1,1,-1,9,1,73,10,-1,-1,-1,-1,10,-1,0,1
2025991548156,2025,991548156,2,98,0,-1,19,2,6,-1,0,0,0,4,0,0,1,1,-1,2,1,41,7,-1,-1,-1,-1,6,-1,0,3
2025991548156,2025,991548156,1,9,0,-1,19,2,6,-1,0,0,0,0,0,0,2,1,-1,2,1,27,6,-1,-1,-1,-1,3,-1,0,4
2025991548164,2025,991548164,1,9,0,-1,19,1,5,-1,0,1,0,1,0,0,1,1,-1,6,2,48,8,-1,-1,-1,-1,-1,-1,0,-1
2025991548164,2025,991548164,2,9,0,-1,4,1,5,-1,0,1,0,0,0,0,2,1,-1,9,1,43,7,-1,-1,-1,-1,6,-1,0,1
2025991548272,2025,991548272,2,9,0,-1,5,7,3,-1,0,1,0,0,0,0,3,1,-1,9,2,52,8,-1,-1,-1,-1,4,-1,0,4
2025991548272,2025,991548272,1,1,0,-1,19,5,1,-1,4,2,0,0,0,0,3,1,-1,2,2,22,5,-1,-1,-1,-1,-1,-1,0,-1
2025991548323,2025,991548323,1,9,0,-1,19,4,8,-1,0,1,2,0,7,9,1,1,-1,6,2,38,7,-1,-1,-1,-1,7,-1,0,1
2025991548393,2025,991548393,1,19,0,-1,19,1,5,-1,0,1,0,0,0,0,1,1,-1,1,1,26,6,-1,-1,-1,-1,6,-1,0,1
2025991548393,2025,991548393,2,11,0,-1,9,5,3,-1,0,8,0,0,0,0,4,1,-1,1,1,58,9,-1,-1,-1,-1,3,-1,0,2
2025991548461,2025,991548461,3,9,0,-1,19,4,8,-1,0,0,0,0,0,0,2,1,-1,9,1,64,9,-1,-1,-1,-1,9,-1,0,1
2025991548461,2025,991548461,2,19,0,-1,19,4,8,-1,0,0,0,0,0,0,2,1,-1,1,1,35,6,-1,-1,-1,-1,9,-1,0,1
2025991548461,2025,991548461,1,9,0,-1,19,4,8,-1,0,0,0,0,0,0,1,1,-1,9,2,77,11,-1,-1,-1,-1,8,-1,0,1
2025991548520,2025,991548520,1,9,0,-1,19,1,3,-1,0,0,0,0,0,0,1,1,-1,9,1,54,8,-1,-1,-1,-1,-1,-1,0,-1
2025991548523,2025,991548523,2,9,0,-1,19,5,8,-1,0,8,0,0,0,0,1,1,-1,6,1,34,6,-1,-1,-1,-1,1,-1,0,1
2025991548523,2025,991548523,1,9,0,-1,9,2,7,-1,0,8,0,0,1,0,4,1,-1,6,1,61,9,-1,-1,-1,-1,2,-1,0,1
2025991548533,2025,991548533,1,9,0,-1,9,7,5,-1,0,8,0,0,0,0,1,1,-1,9,1,24,5,-1,-1,-1,-1,3,-1,0,4
2025991548533,2025,991548533,2,9,0,-1,19,3,7,-1,0,8,0,0,1,0,1,1,-1,9,1,29,6,-1,-1,-1,-1,7,-1,0,3
2025991548536,2025,991548536,2,11,0,-1,19,6,2,-1,0,1,0,0,0,0,1,1,-1,1,1,18,4,-1,-1,-1,-1,-1,-1,0,-1
2025991548536,2025,991548536,1,9,0,-1,10,8,6,-1,0,6,0,0,0,0,3,1,-1,9,1,67,10,-1,-1,-1,-1,6,-1,0,1
2025991548553,2025,991548553,1,9,0,-1,19,4,8,-1,0,0,0,0,1,0,1,1,-1,6,2,46,8,-1,-1,-1,-1,-1,-1,0,-1
2025991548553,2025,991548553,2,90,0,-1,19,4,8,-1,0,0,0,0,0,0,2,1,-1,1,1,37,7,-1,-1,-1,-1,8,-1,0,4
2025991548566,2025,991548566,1,9,0,-1,19,1,5,-1,0,0,0,0,1,3,1,1,-1,9,1,19,4,-1,-1,-1,-1,6,-1,0,1
2025991548758,2025,991548758,2,8,0,-1,4,3,7,-1,0,4,0,0,0,0,2,1,-1,1,1,66,10,-1,-1,-1,-1,3,-1,0,2
2025991548758,2025,991548758,1,9,0,-1,4,3,7,-1,0,4,0,0,0,0,1,1,-1,6,1,58,9,-1,-1,-1,-1,3,-1,0,2
2025991548786,2025,991548786,1,9,0,-1,14,4,8,-1,0,8,0,0,7,0,1,1,-1,6,1,27,6,-1,-1,-1,-1,6,E01003226,0,5
2025991548786,2025,991548786,2,9,0,-1,19,4,8,-1,0,1,0,0,0,0,0,1,-1,1,1,33,6,-1,-1,-1,-1,1,-1,0,1
2025991548786,2025,991548786,3,9,0,-1,19,2,6,-1,0,8,0,0,0,0,1,1,-1,9,1,34,6,-1,-1,-1,-1,6,-1,0,1
2025991548858,2025,991548858,1,9,0,-1,19,1,5,-1,0,1,0,0,0,0,1,1,-1,6,1,36,7,-1,-1,-1,-1,-1,-1,0,-1
2025991548858,2025,991548858,2,9,0,-1,9,1,5,-1,0,1,0,0,1,1,3,1,-1,9,2,35,6,-1,-1,-1,-1,2,-1,0,1
2025991548895,2025,991548895,1,9,0,-1,19,4,8,-1,0,0,0,0,0,0,1,1,-1,9,1,65,9,-1,-1,-1,-1,1,-1,0,1
2025991549088,2025,991549088,1,19,0,-1,19,2,6,-1,0,2,0,0,0,0,1,1,-1,6,1,62,9,-1,-1,-1,-1,7,-1,0,4
2025991549145,2025,991549145,1,8,0,-1,19,3,7,-1,0,0,5,7,8,0,1,1,-1,1,1,72,10,-1,-1,-1,-1,3,-1,0,3
2025991549166,2025,991549166,1,9,0,-1,19,8,4,-1,0,0,0,0,0,0,1,1,-1,6,1,38,7,-1,-1,-1,-1,-1,-1,0,-1
2025991549180,2025,991549180,1,9,0,-1,19,2,6,-1,0,0,2,0,7,0,1,1,-1,9,2,63,9,-1,-1,-1,-1,2,-1,0,2
2025991549222,2025,991549222,2,9,0,-1,19,8,4,-1,0,0,0,0,0,0,1,1,-1,9,1,64,9,-1,-1,-1,-1,4,-1,0,4
2025991549222,2025,991549222,1,9,0,-1,13,8,4,-1,0,0,0,0,0,0,1,1,-1,9,2,39,7,-1,-1,-1,-1,3,-1,0,4
2025991549223,2025,991549223,1,9,0,-1,5,3,7,-1,0,1,0,0,0,0,1,2,-1,2,2,36,7,-1,-1,-1,-1,2,-1,0,1
2025991549223,2025,991549223,2,90,-1,-1,1,-1,-1,-1,0,-1,0,0,0,0,2,9,-1,1,1,70,10,-1,-1,-1,-1,4,-1,0,4
2025991549226,2025,991549226,4,9,0,-1,2,0,0,-1,0,0,0,0,0,0,3,1,-1,6,-1,-1,-1,-1,-1,-1,-1,-1,-1,0,-1
2025991549226,2025,991549226,3,9,0,-1,3,4,8,-1,0,0,0,0,0,0,3,1,-1,6,2,72,10,-1,-1,-1,-1,5,-1,0,1
2025991549226,2025,991549226,5,19,0,-1,2,0,0,-1,0,0,0,0,0,0,3,1,-1,6,-1,-1,-1,-1,-1,-1,-1,-1,-1,0,-1
2025991549226,2025,991549226,2,9,0,-1,19,7,4,-1,0,0,1,0,0,0,1,1,-1,9,2,30,6,-1,-1,-1,-1,1,-1,0,1
2025991549226,2025,991549226,1,9,0,-1,15,4,8,-1,0,0,0,4,0,0,1,1,-1,9,1,31,6,-1,-1,-1,-1,2,-1,0,1
2025991549231,2025,991549231,1,11,0,-1,7,5,7,-1,0,1,0,0,0,0,4,1,-1,1,1,44,7,-1,-1,-1,-1,9,-1,0,5
2025991549239,2025,991549239,1,9,0,-1,19,8,5,-1,0,1,0,0,0,0,1,1,-1,6,1,45,7,-1,-1,-1,-1,5,-1,0,1
2025991549239,2025,991549239,2,9,0,-1,3,8,5,-1,0,4,0,0,3,0,2,1,-1,6,2,37,7,-1,-1,-1,-1,3,-1,0,2
2025991549239,2025,991549239,3,9,0,-1,9,6,3,-1,0,8,0,0,0,0,4,1,-1,6,1,24,5,-1,-1,-1,-1,2,-1,0,1
2025991549247,2025,991549247,1,9,0,-1,4,1,5,-1,0,1,0,0,0,0,2,1,-1,6,2,67,10,-1,-1,-1,-1,-1,-1,0,-1
2025991549247,2025,991549247,3,9,0,-1,19,1,5,-1,0,1,0,0,0,0,1,1,-1,6,1,72,10,-1,-1,-1,-1,-1,-1,0,-1
2025991549247,2025,991549247,2,9,0,-1,19,1,5,-1,0,1,0,0,0,0,1,1,-1,9,2,58,9,-1,-1,-1,-1,-1,-1,0,-1
2025991549255,2025,991549255,1,9,0,-1,19,5,7,-1,0,1,0,0,3,0,1,1,-1,9,1,26,6,-1,-1,-1,-1,4,E01013689,0,5
2025991549268,2025,991549268,1,9,0,-1,3,6,4,-1,0,1,0,0,0,0,1,1,-1,9,2,47,8,-1,-1,-1,-1,8,-1,0,2
2025991549301,2025,991549301,1,9,0,-1,10,6,3,-1,0,1,0,0,0,0,1,1,-1,9,1,68,10,-1,-1,-1,-1,6,-1,0,2
2025991549305,2025,991549305,2,1,0,-1,19,6,2,-1,0,3,2,0,0,0,2,1,-1,9,1,48,8,-1,-1,-1,-1,6,-1,0,2
2025991549305,2025,991549305,1,9,0,-1,19,8,4,-1,0,3,0,0,0,0,1,1,-1,9,2,29,6,-1,-1,-1,-1,6,-1,0,3
2025991549355,2025,991549355,1,9,0,-1,19,7,3,-1,0,1,0,0,0,0,1,1,-1,6,1,34,6,-1,-1,-1,-1,2,-1,0,1
2025991549355,2025,991549355,2,-1,0,-1,7,4,7,-1,0,2,0,0,0,0,1,1,-1,9,2,10,2,-1,-1,-1,-1,-1,-1,1,-1
2025991549448,2025,991549448,1,11,0,-1,9,1,7,-1,0,5,0,0,0,0,3,1,-1,1,1,32,6,-1,-1,-1,-1,3,-1,0,2
2025991549459,2025,991549459,2,9,0,-1,19,2,6,-1,0,0,0,0,7,0,1,1,-1,9,2,62,9,-1,-1,-1,-1,8,-1,0,1
2025991549459,2025,991549459,1,9,0,-1,19,6,2,-1,0,0,0,0,1,0,1,1,-1,9,1,70,10,-1,-1,-1,-1,7,E01032781,0,5
2025991549462,2025,991549462,1,19,0,-1,5,1,4,-1,0,8,0,0,0,0,1,1,-1,1,1,32,6,-1,-1,-1,-1,3,-1,0,4
2025991549462,2025,991549462,2,9,0,-1,19,7,3,-1,0,1,1,0,6,0,4,1,-1,6,2,24,5,-1,-1,-1,-1,8,-1,0,2
2025991549522,2025,991549522,1,9,0,-1,19,3,7,-1,0,1,0,0,0,0,1,1,-1,6,2,32,6,-1,-1,-1,-1,-1,-1,0,-1
2025991549522,2025,991549522,2,9,0,-1,9,5,2,-1,0,8,0,0,0,0,1,1,-1,2,1,61,9,-1,-1,-1,-1,-1,-1,0,-1
2025991549548,2025,991549548,1,8,0,-1,19,3,7,-1,0,1,0,0,0,0,4,1,-1,1,1,46,8,-1,-1,-1,-1,2,-1,0,1
2025991549556,2025,991549556,1,9,0,-1,19,1,5,-1,0,0,0,0,0,0,3,1,-1,6,1,43,7,-1,-1,-1,-1,6,-1,0,1
2025991549701,2025,991549701,1,9,0,-1,19,8,4,-1,0,0,2,0,1,9,4,1,-1,9,2,55,8,-1,-1,-1,-1,-1,-1,0,-1
2025991549760,2025,991549760,1,10,0,-1,19,4,8,-1,0,1,0,0,0,0,1,1,-1,1,1,54,8,-1,-1,-1,-1,6,-1,0,4
2025991549760,2025,991549760,2,9,0,-1,10,4,8,-1,0,5,0,0,7,0,2,1,-1,7,2,26,6,-1,-1,-1,-1,-1,-1,0,-1
2025991549929,2025,991549929,4,9,0,-1,19,5,2,-1,0,0,0,0,0,0,2,1,-1,6,1,67,10,-1,-1,-1,-1,9,-1,0,1
2025991549929,2025,991549929,3,9,0,-1,19,5,2,-1,1,0,0,0,0,0,2,1,-1,2,2,31,6,-1,-1,-1,-1,2,-1,0,4
2025991549929,2025,991549929,1,9,0,-1,19,5,2,-1,0,0,0,0,0,0,1,1,-1,2,1,20,4,-1,-1,-1,-1,7,-1,0,2
2025991549929,2025,991549929,2,9,0,-1,19,5,2,-1,0,0,0,0,0,0,2,1,-1,2,2,21,5,-1,-1,-1,-1,8,-1,0,1
2025991549958,2025,991549958,1,9,0,-1,14,7,3,-1,0,0,1,0,0,0,1,1,-1,1,1,47,8,-1,-1,-1,-1,8,-1,0,4
2025991549958,2025,991549958,2,9,0,-1,19,3,7,-1,0,0,1,0,0,0,1,1,-1,9,1,39,7,-1,-1,-1,-1,7,-1,0,4
2025991550045,2025,991550045,1,9,0,-1,19,3,7,-1,0,1,1,0,0,0,1,1,-1,9,2,51,8,-1,-1,-1,-1,8,-1,0,2
2025991550045,2025,991550045,2,9,0,-1,9,3,5,-1,0,5,0,0,0,0,2,1,-1,9,2,61,9,-1,-1,-1,-1,2,-1,0,1
2025991550047,2025,991550047,2,9,0,-1,4,4,8,-1,0,5,0,0,0,0,3,1,-1,2,2,39,7,-1,-1,-1,-1,2,-1,0,1
2025991550047,2025,991550047,1,9,0,-1,19,6,8,-1,0,1,0,0,0,0,4,1,-1,6,3,30,6,-1,-1,-1,-1,-1,-1,0,-1
2025991550128,2025,991550128,1,9,0,-1,19,8,5,-1,0,0,0,0,1,0,4,1,-1,1,1,48,8,-1,-1,-1,-1,-1,-1,0,-1
2025991550149,2025,991550149,1,20,0,-1,19,6,2,-1,0,0,0,2,0,0,1,1,-1,1,1,30,6,-1,-1,-1,-1,4,-1,0,4
2025991550399,2025,991550399,1,9,0,-1,19,1,5,-1,0,0,0,0,0,0,1,1,-1,9,2,62,9,-1,-1,-1,-1,-1,-1,0,-1
2025991550428,2025,991550428,1,9,0,-1,19,2,6,-1,0,1,0,0,0,0,3,1,-1,9,2,25,5,-1,-1,-1,-1,6,-1,0,2
2025991550428,2025,991550428,2,9,0,-1,5,1,6,-1,0,6,0,0,0,0,3,1,-1,9,1,31,6,-1,-1,-1,-1,2,-1,0,3
2025991550432,2025,991550432,1,19,0,-1,19,8,4,-1,0,0,0,0,0,0,1,1,-1,1,2,43,7,-1,-1,-1,-1,10,-1,0,3
2025991550433,2025,991550433,1,19,0,-1,19,3,7,-1,0,0,0,0,7,11,1,1,-1,9,1,32,6,-1,-1,-1,-1,-1,-1,0,-1
2025991550434,2025,991550434,1,9,0,-1,9,8,4,-1,0,8,0,0,0,0,3,1,-1,9,2,45,7,-1,-1,-1,-1,7,-1,0,3
2025991550465,2025,991550465,1,9,0,-1,19,5,1,-1,0,1,1,0,0,0,1,1,-1,9,1,20,4,-1,-1,-1,-1,9,-1,0,1
2025991550465,2025,991550465,2,9,0,-1,10,7,3,-1,0,6,0,0,0,0,3,1,-1,9,1,41,7,-1,-1,-1,-1,2,-1,0,2
2025991550475,2025,991550475,1,5,0,-1,19,8,4,-1,0,0,1,4,0,0,4,1,-1,9,1,22,5,-1,-1,-1,-1,-1,-1,0,-1
2025991550475,2025,991550475,2,9,0,-1,2,0,0,-1,0,0,0,0,0,0,1,1,-1,6,-1,-1,-1,-1,-1,-1,-1,-1,-1,0,-1
2025991550721,2025,991550721,1,9,0,-1,7,8,3,-1,1,5,0,0,1,0,4,1,-1,2,1,43,7,-1,-1,-1,-1,9,-1,0,1
2025991550807,2025,991550807,1,9,0,-1,9,1,7,-1,0,8,0,0,0,0,1,2,-1,6,1,29,6,-1,-1,-1,-1,1,-1,0,1
2025991550807,2025,991550807,2,1,0,-1,10,8,8,-1,0,8,0,0,0,0,2,1,-1,1,2,34,6,-1,-1,-1,-1,8,-1,0,2
2025991550818,2025,991550818,1,9,0,-1,9,1,7,-1,0,6,0,0,0,0,1,1,-1,9,2,65,9,-1,-1,-1,-1,1,-1,0,3