collision_index,collision_year,collision_ref_no,vehicle_reference,vehicle_type,towing_and_articulation,vehicle_manoeuvre_historic,vehicle_manoeuvre,vehicle_direction_from,vehicle_direction_to,vehicle_location_restricted_lane_historic,vehicle_location_restricted_lane,junction_location,skidding_and_overturning,hit_object_in_carriageway,vehicle_leaving_carriageway,hit_object_off_carriageway,first_point_of_impact,vehicle_left_hand_drive,journey_purpose_of_driver_historic,journey_purpose_of_driver,sex_of_driver,age_of_driver,age_band_of_driver,engine_capacity_cc,propulsion_code,age_of_vehicle,generic_make_model,driver_imd_decile,lsoa_of_driver,escooter_flag,driver_distance_banding
2025991554928,2025,991554928,2,9,0,-1,19,5,1,-1,0,8,0,0,1,0,1,1,-1,9,2,78,11,-1,-1,-1,-1,4,-1,0,3
2025991554928,2025,991554928,1,9,0,-1,9,1,7,-1,0,8,0,0,0,0,4,1,-1,2,1,62,9,-1,-1,-1,-1,5,-1,0,1
2025991554942,2025,991554942,1,9,0,-1,19,2,5,-1,0,0,1,0,7,0,1,1,-1,6,1,19,4,-1,-1,-1,-1,9,-1,0,1
2025991554991,2025,991554991,2,9,0,-1,19,6,2,-1,0,2,0,0,0,0,4,1,-1,6,2,52,8,-1,-1,-1,-1,-1,-1,0,-1
2025991554991,2025,991554991,1,9,0,-1,19,7,3,-1,0,2,0,0,0,0,1,1,-1,6,1,18,4,-1,-1,-1,-1,-1,-1,0,-1
2025991555012,2025,991555012,2,9,0,-1,5,2,6,-1,0,6,0,0,0,0,1,1,-1,9,2,37,7,-1,-1,-1,-1,5,-1,0,2
2025991555012,2025,991555012,1,9,0,-1,19,6,2,-1,0,1,0,0,0,0,4,1,-1,9,1,55,8,-1,-1,-1,-1,1,-1,0,2
2025991555204,2025,991555204,2,1,0,-1,19,8,8,-1,5,0,0,0,0,0,1,1,-1,9,1,32,6,-1,-1,-1,-1,-1,-1,0,-1
2025991555204,2025,991555204,1,9,0,-1,19,8,7,-1,0,0,0,0,0,0,3,1,-1,2,1,36,7,-1,-1,-1,-1,-1,-1,0,-1
2025991555210,2025,991555210,2,9,0,-1,19,6,2,-1,0,1,1,0,2,9,1,1,-1,9,1,34,6,-1,-1,-1,-1,9,-1,0,4
2025991555210,2025,991555210,1,19,0,-1,10,8,6,-1,0,8,1,0,1,0,3,1,-1,1,1,39,7,-1,-1,-1,-1,5,-1,0,2
2025991555285,2025,991555285,2,9,0,-1,7,1,3,-1,0,1,0,0,8,0,1,1,-1,6,1,23,5,-1,-1,-1,-1,4,-1,0,1
2025991555285,2025,991555285,1,9,0,-1,8,3,5,-1,0,1,0,0,0,0,3,1,-1,6,2,48,8,-1,-1,-1,-1,-1,-1,0,-1
2025991555373,2025,991555373,3,9,0,-1,19,4,4,-1,0,3,0,0,0,0,2,1,-1,9,2,33,6,-1,-1,-1,-1,6,-1,0,2
2025991555373,2025,991555373,1,9,0,-1,19,1,5,-1,0,4,1,11,0,0,1,1,-1,9,1,60,9,-1,-1,-1,-1,6,-1,0,1
2025991555373,2025,991555373,2,9,0,-1,3,7,3,-1,0,1,0,0,0,0,4,1,-1,9,2,54,8,-1,-1,-1,-1,3,-1,0,1
2025991555388,2025,991555388,2,9,0,-1,19,6,2,-1,0,8,0,0,0,0,1,1,-1,9,2,68,10,-1,-1,-1,-1,-1,-1,0,-1
2025991555388,2025,991555388,1,19,0,-1,9,2,8,-1,0,8,0,0,0,0,1,1,-1,6,-1,45,7,-1,-1,-1,-1,-1,-1,0,-1
2025991555396,2025,991555396,2,9,0,-1,19,3,7,-1,0,2,0,0,0,0,0,1,-1,2,1,25,5,-1,-1,-1,-1,-1,-1,0,-1
2025991555396,2025,991555396,1,9,0,-1,19,3,7,-1,0,2,0,0,0,0,4,1,-1,9,1,40,7,-1,-1,-1,-1,6,-1,0,2
2025991555476,2025,991555476,1,9,0,-1,3,1,5,-1,0,0,0,0,0,0,2,1,-1,2,1,45,7,-1,-1,-1,-1,8,-1,0,1
2025991555476,2025,991555476,3,9,0,-1,4,1,5,-1,0,0,0,0,0,0,1,1,-1,2,1,23,5,-1,-1,-1,-1,2,-1,0,1
2025991555476,2025,991555476,2,9,0,-1,3,1,5,-1,0,0,0,0,0,0,2,1,-1,9,1,71,10,-1,-1,-1,-1,2,-1,0,1
2025991555518,2025,991555518,2,11,0,-1,2,0,0,-1,0,0,0,0,0,0,1,1,-1,1,1,29,6,-1,-1,-1,-1,5,-1,0,4
2025991555518,2025,991555518,1,9,0,-1,19,3,6,-1,0,0,0,0,0,0,1,1,-1,2,1,56,9,-1,-1,-1,-1,3,-1,0,1
2025991555631,2025,991555631,1,9,0,-1,19,8,2,-1,0,1,0,0,0,0,1,1,-1,6,1,28,6,-1,-1,-1,-1,-1,-1,0,-1
2025991555663,2025,991555663,1,9,0,-1,9,6,4,-1,4,8,0,0,0,0,4,1,-1,9,1,36,7,-1,-1,-1,-1,2,-1,0,1
2025991555663,2025,991555663,2,1,0,-1,19,2,6,-1,4,1,0,0,0,0,1,1,-1,9,2,43,7,-1,-1,-1,-1,10,-1,0,1
2025991555674,2025,991555674,2,9,0,-1,19,3,7,-1,0,8,0,0,0,0,1,1,-1,9,1,53,8,-1,-1,-1,-1,2,-1,0,1
2025991555674,2025,991555674,1,9,0,-1,9,7,5,-1,0,8,0,0,0,0,1,1,-1,9,1,61,9,-1,-1,-1,-1,4,-1,0,1
2025991555690,2025,991555690,2,9,0,-1,19,7,4,-1,0,8,0,0,0,0,2,1,-1,6,1,23,5,-1,-1,-1,-1,9,-1,0,4
2025991555690,2025,991555690,1,9,0,-1,5,8,4,-1,0,4,0,0,0,0,1,1,-1,6,1,55,8,-1,-1,-1,-1,6,-1,0,4
2025991555746,2025,991555746,1,9,0,-1,19,8,4,-1,0,0,0,0,0,0,1,1,-1,9,1,18,4,-1,-1,-1,-1,9,-1,0,4
2025991555746,2025,991555746,3,9,0,-1,19,4,8,-1,0,0,0,1,1,0,1,1,-1,9,1,58,9,-1,-1,-1,-1,9,-1,0,2
2025991555746,2025,991555746,2,9,0,-1,19,8,4,-1,0,0,1,0,0,0,1,1,-1,9,1,40,7,-1,-1,-1,-1,2,E01014342,0,5
2025991555754,2025,991555754,2,19,0,-1,19,4,8,-1,0,8,0,0,1,11,1,1,-1,6,1,30,6,-1,-1,-1,-1,8,-1,0,2
2025991555754,2025,991555754,1,9,0,-1,19,3,7,-1,0,8,0,0,7,11,4,1,-1,6,2,25,5,-1,-1,-1,-1,8,-1,0,2
2025991555779,2025,991555779,1,9,0,-1,4,1,5,-1,0,0,0,0,0,0,2,1,-1,6,1,56,9,-1,-1,-1,-1,5,-1,0,4
2025991555779,2025,991555779,3,9,0,-1,19,1,5,-1,0,0,0,0,0,0,2,1,-1,2,2,26,6,-1,-1,-1,-1,3,-1,0,3
2025991555779,2025,991555779,2,9,0,-1,19,1,5,-1,0,0,0,0,0,0,1,1,-1,9,2,24,5,-1,-1,-1,-1,1,-1,0,2
2025991555779,2025,991555779,4,9,0,-1,19,1,5,-1,0,0,0,0,0,0,2,1,-1,9,2,34,6,-1,-1,-1,-1,5,-1,0,4
2025991555779,2025,991555779,5,9,0,-1,19,1,5,-1,0,0,0,0,0,0,1,1,-1,9,1,30,6,-1,-1,-1,-1,9,-1,0,4
2025991555795,2025,991555795,1,9,0,-1,19,7,3,-1,0,0,1,0,1,0,1,1,-1,9,1,18,4,-1,-1,-1,-1,5,-1,0,1
2025991555801,2025,991555801,1,9,0,-1,19,1,6,-1,0,0,5,0,8,11,1,1,-1,2,1,45,7,-1,-1,-1,-1,5,-1,0,3
2025991555818,2025,991555818,2,9,0,-1,19,5,8,-1,0,0,0,0,0,0,1,1,-1,9,2,39,7,-1,-1,-1,-1,9,-1,0,1
2025991555818,2025,991555818,1,19,0,-1,19,8,5,-1,0,0,0,0,0,0,1,1,-1,6,1,45,7,-1,-1,-1,-1,2,-1,0,1
2025991555825,2025,991555825,1,9,0,-1,19,1,5,-1,0,4,0,0,0,0,1,1,-1,6,1,52,8,-1,-1,-1,-1,9,-1,0,2
2025991555825,2025,991555825,2,4,0,-1,9,7,3,-1,0,3,0,0,0,0,2,1,-1,6,1,44,7,-1,-1,-1,-1,4,-1,0,1
2025991555861,2025,991555861,1,19,0,-1,19,7,3,-1,0,1,0,0,0,0,3,1,-1,9,2,65,9,-1,-1,-1,-1,9,-1,0,1
2025991555862,2025,991555862,3,19,0,-1,19,3,7,-1,0,0,0,0,0,0,1,1,-1,2,1,21,5,-1,-1,-1,-1,4,-1,0,4
2025991555862,2025,991555862,1,9,0,-1,19,7,3,-1,0,0,0,0,0,0,1,1,-1,1,1,29,6,-1,-1,-1,-1,8,-1,0,4
2025991555862,2025,991555862,2,9,0,-1,19,7,3,-1,0,0,0,0,1,0,3,1,-1,2,1,57,9,-1,-1,-1,-1,5,-1,0,4
2025991556092,2025,991556092,4,19,0,-1,2,0,0,-1,0,1,0,0,0,0,1,1,-1,6,-1,-1,-1,-1,-1,-1,-1,-1,-1,0,-1
2025991556092,2025,991556092,2,9,0,-1,7,3,6,-1,0,6,0,0,0,0,1,1,-1,8,1,27,6,-1,-1,-1,-1,10,-1,0,1
2025991556092,2025,991556092,3,19,0,-1,2,0,0,-1,0,2,0,0,0,0,1,1,-1,6,-1,-1,-1,-1,-1,-1,-1,-1,-1,0,-1
2025991556092,2025,991556092,1,9,0,-1,7,3,6,-1,0,6,0,0,0,0,1,1,-1,6,1,38,7,-1,-1,-1,-1,1,-1,0,1
2025991556100,2025,991556100,2,98,0,-1,19,3,7,-1,0,0,0,0,0,0,1,1,-1,1,1,63,9,-1,-1,-1,-1,-1,-1,0,-1
2025991556100,2025,991556100,1,9,0,-1,19,7,3,-1,0,0,1,0,0,0,1,1,-1,9,1,51,8,-1,-1,-1,-1,-1,-1,0,-1
2025991556116,2025,991556116,1,9,0,-1,9,1,5,-1,0,6,0,0,0,0,3,1,-1,6,2,55,8,-1,-1,-1,-1,6,-1,0,3
2025991556116,2025,991556116,2,9,0,-1,19,5,1,-1,0,8,0,0,0,0,3,1,-1,6,1,19,4,-1,-1,-1,-1,10,-1,0,2
2025991556128,2025,991556128,1,9,0,-1,7,1,3,-1,2,0,0,0,0,0,4,1,-1,2,1,34,6,-1,-1,-1,-1,2,E01022290,0,5
2025991556128,2025,991556128,2,11,0,-1,19,8,4,-1,2,0,0,0,0,0,3,1,-1,1,1,42,7,-1,-1,-1,-1,3,-1,0,4
2025991556157,2025,991556157,1,9,0,-1,19,4,8,-1,0,0,0,0,0,0,1,1,-1,9,1,33,6,-1,-1,-1,-1,9,-1,0,1
2025991556186,2025,991556186,1,4,0,-1,13,6,2,-1,0,0,1,0,8,0,4,1,-1,9,1,55,8,-1,-1,-1,-1,7,-1,0,3
2025991556186,2025,991556186,2,21,1,-1,19,6,2,-1,0,0,0,0,0,0,3,1,-1,1,1,49,8,-1,-1,-1,-1,4,E01027375,0,3
2025991556343,2025,991556343,1,9,0,-1,19,5,1,-1,0,8,0,0,0,0,1,1,-1,9,1,31,6,-1,-1,-1,-1,3,-1,0,4
2025991556343,2025,991556343,3,11,0,-1,19,5,1,-1,0,8,0,0,0,0,2,1,-1,1,1,62,9,-1,-1,-1,-1,1,-1,0,3
2025991556343,2025,991556343,2,9,0,-1,19,5,1,-1,0,8,0,0,0,0,1,1,-1,1,1,50,8,-1,-1,-1,-1,1,-1,0,4
2025991556432,2025,991556432,1,9,0,-1,3,2,6,-1,0,1,0,0,0,0,1,1,-1,9,1,64,9,-1,-1,-1,-1,4,-1,0,1
2025991556432,2025,991556432,2,1,0,-1,19,8,4,-1,0,1,0,0,0,0,1,1,-1,6,1,60,9,-1,-1,-1,-1,3,-1,0,1
2025991556466,2025,991556466,1,9,0,-1,9,1,5,-1,0,8,0,0,0,0,3,1,-1,9,1,60,9,-1,-1,-1,-1,6,-1,0,1
2025991556466,2025,991556466,2,9,0,-1,19,1,5,-1,0,1,0,0,0,0,4,1,-1,9,1,66,10,-1,-1,-1,-1,-1,-1,0,-1
2025991556487,2025,991556487,1,9,0,-1,19,7,3,-1,0,0,2,0,7,11,4,1,-1,9,1,70,10,-1,-1,-1,-1,3,-1,0,2
2025991556512,2025,991556512,2,11,0,-1,19,6,2,-1,0,0,0,0,0,0,4,1,-1,1,1,54,8,-1,-1,-1,-1,4,-1,0,3
2025991556512,2025,991556512,1,1,0,-1,19,6,2,-1,0,0,0,0,0,0,3,1,-1,6,1,22,5,-1,-1,-1,-1,9,-1,0,1
2025991556571,2025,991556571,1,9,0,-1,19,2,6,-1,0,0,0,0,0,0,1,1,-1,9,1,52,8,-1,-1,-1,-1,4,E01005217,0,5
2025991556625,2025,991556625,1,21,1,-1,19,8,4,-1,0,0,5,0,1,0,4,1,-1,1,1,63,9,-1,-1,-1,-1,4,E01031050,0,5
2025991556703,2025,991556703,1,19,0,-1,9,5,3,-1,0,6,0,0,0,0,1,1,-1,1,1,62,9,-1,-1,-1,-1,5,-1,0,4
2025991556756,2025,991556756,1,9,0,-1,19,3,7,-1,0,2,0,0,0,0,1,1,-1,2,1,23,5,-1,-1,-1,-1,-1,-1,0,-1
2025991556765,2025,991556765,1,9,0,-1,19,3,7,-1,0,0,2,0,7,4,1,1,-1,9,2,18,4,-1,-1,-1,-1,5,-1,0,4
2025991556924,2025,991556924,1,9,0,-1,19,2,5,-1,0,1,0,0,0,0,4,1,-1,6,1,39,7,-1,-1,-1,-1,-1,-1,0,-1
2025991556998,2025,991556998,2,3,0,-1,19,4,8,-1,0,1,0,0,0,0,4,1,-1,6,1,27,6,-1,-1,-1,-1,-1,-1,0,-1
2025991556998,2025,991556998,1,9,0,-1,9,6,3,-1,0,1,0,0,0,0,1,1,-1,6,1,18,4,-1,-1,-1,-1,1,-1,0,2
2025991557039,2025,991557039,1,9,0,-1,19,1,5,-1,0,1,1,0,0,0,1,1,-1,2,2,26,6,-1,-1,-1,-1,7,-1,0,3
2025991557084,2025,991557084,3,9,0,-1,3,7,3,-1,0,2,0,0,0,0,2,1,-1,9,2,45,7,-1,-1,-1,-1,5,-1,0,1
2025991557084,2025,991557084,1,9,0,-1,19,7,3,-1,0,2,1,0,0,0,1,1,-1,9,1,19,4,-1,-1,-1,-1,4,-1,0,3
2025991557084,2025,991557084,2,9,0,-1,19,7,3,-1,0,2,0,0,0,0,2,1,-1,9,1,60,9,-1,-1,-1,-1,6,-1,0,4
2025991557097,2025,991557097,1,9,0,-1,19,4,2,-1,0,1,1,0,1,4,1,1,-1,6,1,26,6,-1,-1,-1,-1,-1,-1,0,-1
2025991557169,2025,991557169,1,9,0,-1,19,4,6,-1,0,0,0,0,3,0,1,1,-1,6,1,79,11,-1,-1,-1,-1,4,-1,0,1
2025991557178,2025,991557178,1,9,0,-1,13,2,6,-1,0,0,0,0,7,9,1,1,-1,9,1,18,4,-1,-1,-1,-1,6,-1,0,4
2025991557178,2025,991557178,2,9,0,-1,19,6,2,-1,0,0,0,0,1,0,1,1,-1,9,1,29,6,-1,-1,-1,-1,4,-1,0,3
2025991557238,2025,991557238,1,-1,0,-1,19,6,2,-1,0,0,0,0,0,0,0,1,-1,6,1,18,4,-1,-1,-1,-1,-1,-1,1,-1
2025991557240,2025,991557240,1,9,0,-1,19,3,7,-1,0,2,0,0,0,0,1,1,-1,6,1,20,4,-1,-1,-1,-1,3,-1,0,1
2025991557253,2025,991557253,1,19,0,-1,19,8,4,-1,0,0,0,0,0,0,1,1,-1,1,1,43,7,-1,-1,-1,-1,5,-1,0,1
2025991557294,2025,991557294,1,9,0,-1,19,2,7,-1,0,0,5,0,1,1,1,1,-1,6,1,73,10,-1,-1,-1,-1,6,-1,0,5
2025991557305,2025,991557305,2,9,0,-1,8,7,1,-1,0,7,0,0,0,0,4,1,-1,6,1,28,6,-1,-1,-1,-1,1,-1,0,1
2025991557305,2025,991557305,1,9,0,-1,5,7,1,-1,0,1,0,0,0,0,1,1,-1,6,-1,21,5,-1,-1,-1,-1,-1,-1,0,-1
2025991557323,2025,991557323,2,9,0,-1,13,1,5,-1,0,1,0,0,7,0,1,1,-1,9,1,75,10,-1,-1,-1,-1,9,-1,0,4
2025991557323,2025,991557323,1,9,0,-1,12,5,7,-1,0,1,0,0,7,0,3,1,-1,9,2,77,11,-1,-1,-1,-1,7,-1,0,5
2025991557326,2025,991557326,2,9,0,-1,5,4,1,-1,0,4,0,0,0,0,2,1,-1,9,2,31,6,-1,-1,-1,-1,7,-1,0,4
2025991557326,2025,991557326,1,9,0,-1,5,4,1,-1,0,4,0,0,0,0,1,1,-1,9,1,32,6,-1,-1,-1,-1,1,-1,0,4
2025991557371,2025,991557371,3,19,0,-1,2,0,0,-1,0,0,0,0,0,0,2,2,-1,6,-1,-1,-1,-1,-1,-1,-1,-1,-1,0,-1
2025991557371,2025,991557371,2,9,0,-1,2,3,6,-1,0,0,0,0,0,0,2,2,-1,6,-1,-1,-1,-1,-1,-1,-1,-1,-1,0,-1
2025991557371,2025,991557371,1,9,0,-1,19,3,7,-1,0,0,5,4,0,0,1,2,-1,9,1,33,6,-1,-1,-1,-1,1,-1,0,1
2025991557382,2025,991557382,1,9,0,-1,19,2,3,-1,0,0,0,0,7,4,1,1,-1,9,1,25,5,-1,-1,-1,-1,9,-1,0,4
2025991557393,2025,991557393,1,90,0,-1,19,8,4,-1,0,0,0,0,0,0,1,1,-1,1,1,60,9,-1,-1,-1,-1,-1,-1,0,-1
2025991557457,2025,991557457,1,9,0,-1,19,3,7,-1,0,0,1,0,1,4,1,1,-1,6,1,41,7,-1,-1,-1,-1,7,-1,0,3
2025991557647,2025,991557647,1,9,0,-1,10,7,3,-1,0,6,0,0,2,0,3,1,-1,6,2,19,4,-1,-1,-1,-1,-1,-1,0,-1
2025991557647,2025,991557647,2,9,0,-1,19,5,1,-1,0,8,0,0,0,0,1,1,-1,6,2,43,7,-1,-1,-1,-1,-1,-1,0,-1
2025991557656,2025,991557656,3,19,0,-1,2,1,5,-1,9,2,0,0,0,0,4,1,-1,6,-1,-1,-1,-1,-1,-1,-1,-1,-1,0,-1
2025991557656,2025,991557656,1,9,0,-1,19,4,7,-1,9,1,0,7,1,1,1,1,-1,9,2,48,8,-1,-1,-1,-1,1,-1,0,1
2025991557656,2025,991557656,2,9,0,-1,2,1,5,-1,9,2,0,0,0,0,2,1,-1,6,-1,-1,-1,-1,-1,-1,-1,-1,-1,0,-1
2025991557707,2025,991557707,2,9,0,-1,19,7,3,-1,0,0,0,0,0,0,2,1,-1,6,1,35,6,-1,-1,-1,-1,-1,-1,0,-1
2025991557707,2025,991557707,1,9,0,-1,19,7,3,-1,0,0,0,0,0,0,1,1,-1,6,1,30,6,-1,-1,-1,-1,-1,-1,0,-1
2025991557751,2025,991557751,1,19,0,-1,19,1,4,-1,0,0,0,0,0,0,1,1,-1,2,1,52,8,-1,-1,-1,-1,-1,-1,0,-1
2025991557797,2025,991557797,1,9,0,-1,19,5,8,-1,0,0,0,0,0,0,1,1,-1,9,2,44,7,-1,-1,-1,-1,5,-1,0,2
2025991557827,2025,991557827,2,9,0,-1,4,5,1,-1,0,1,0,0,0,0,1,1,-1,6,2,21,5,-1,-1,-1,-1,1,-1,0,1
2025991557827,2025,991557827,1,8,0,-1,19,5,1,-1,0,1,0,0,0,0,2,1,-1,1,1,38,7,-1,-1,-1,-1,1,-1,0,1
2025991557858,2025,991557858,1,9,0,-1,4,4,8,-1,0,4,0,10,7,2,3,1,-1,9,1,37,7,-1,-1,-1,-1,6,-1,0,1
2025991557865,2025,991557865,1,9,0,-1,19,1,5,-1,0,0,5,10,7,4,1,1,-1,9,1,35,6,-1,-1,-1,-1,1,-1,0,1
2025991557921,2025,991557921,2,9,0,-1,19,1,5,-1,0,0,0,0,0,0,4,1,-1,9,1,57,9,-1,-1,-1,-1,3,-1,0,1
2025991557921,2025,991557921,1,-1,0,-1,19,7,3,-1,9,0,0,0,0,0,1,1,-1,9,1,13,3,-1,-1,-1,-1,-1,-1,1,-1
2025991557933,2025,991557933,1,9,0,-1,19,8,4,-1,0,2,0,0,0,0,1,1,-1,9,2,58,9,-1,-1,-1,-1,1,-1,0,1
2025991557956,2025,991557956,1,8,0,-1,19,5,1,-1,0,0,0,0,0,0,1,1,-1,1,1,45,7,-1,-1,-1,-1,7,-1,0,4
2025991558000,2025,991558000,2,21,0,-1,2,3,7,-1,0,0,0,0,0,0,0,9,-1,1,1,45,7,-1,-1,-1,-1,3,-1,0,2
2025991558000,2025,991558000,1,9,0,-1,15,3,7,-1,0,0,0,0,0,0,4,1,-1,2,2,30,6,-1,-1,-1,-1,10,-1,0,2
2025991558054,2025,991558054,1,9,0,-1,19,4,8,-1,0,0,2,0,7,4,1,1,-1,9,1,57,9,-1,-1,-1,-1,7,E01029719,0,5
2025991558110,2025,991558110,1,8,0,-1,6,1,4,-1,0,0,0,0,0,0,1,1,-1,1,1,45,7,-1,-1,-1,-1,-1,-1,0,-1
2025991558147,2025,991558147,1,9,0,-1,19,7,3,-1,0,0,0,0,0,0,1,1,-1,9,1,78,11,-1,-1,-1,-1,8,-1,0,1
2025991558147,2025,991558147,2,9,0,-1,3,7,3,-1,0,0,0,0,0,0,2,1,-1,9,1,65,9,-1,-1,-1,-1,6,-1,0,4
2025991558147,2025,991558147,3,19,0,-1,3,7,3,-1,0,0,0,0,0,0,2,1,-1,1,1,22,5,-1,-1,-1,-1,-1,-1,0,-1
2025991558153,2025,991558153,1,9,0,-1,7,1,3,-1,0,4,0,0,0,0,1,1,-1,6,2,51,8,-1,-1,-1,-1,-1,-1,0,-1
2025991558153,2025,991558153,2,1,0,-1,19,7,3,-1,0,3,0,0,0,0,2,1,-1,6,1,51,8,-1,-1,-1,-1,9,-1,0,1
2025991558203,2025,991558203,1,8,0,-1,19,5,1,-1,9,0,0,0,7,0,1,1,-1,1,1,72,10,-1,-1,-1,-1,6,-1,0,1
2025991558209,2025,991558209,1,9,0,-1,19,6,2,-1,0,0,5,0,1,0,1,1,-1,2,2,46,8,-1,-1,-1,-1,7,-1,0,2
2025991558279,2025,991558279,2,9,0,-1,19,7,3,-1,0,8,0,0,0,0,4,1,-1,9,1,36,7,-1,-1,-1,-1,-1,-1,0,-1
2025991558279,2025,991558279,1,9,0,-1,19,1,5,-1,0,8,0,0,0,0,3,1,-1,9,1,49,8,-1,-1,-1,-1,-1,-1,0,-1
2025991558305,2025,991558305,1,9,0,-1,9,2,8,-1,0,8,0,0,0,0,1,1,-1,6,2,33,6,-1,-1,-1,-1,-1,-1,0,-1
2025991558305,2025,991558305,2,1,0,-1,5,6,3,-1,0,8,0,0,0,0,3,1,-1,6,1,30,6,-1,-1,-1,-1,-1,-1,0,-1
2025991558308,2025,991558308,1,9,0,-1,19,3,7,-1,0,0,0,0,0,0,0,1,-1,6,1,35,6,-1,-1,-1,-1,1,-1,0,1
2025991558309,2025,991558309,3,9,0,-1,4,6,2,-1,0,0,0,0,0,0,2,2,-1,9,2,54,8,-1,-1,-1,-1,-1,-1,0,-1
2025991558309,2025,991558309,2,9,0,-1,4,6,2,-1,0,0,0,0,0,0,2,2,-1,9,1,63,9,-1,-1,-1,-1,-1,-1,0,-1
2025991558309,2025,991558309,1,19,0,-1,4,6,2,-1,0,0,1,0,0,0,1,1,-1,6,1,48,8,-1,-1,-1,-1,2,-1,0,3
2025991558317,2025,991558317,3,11,0,-1,3,1,5,-1,0,1,0,0,0,0,4,1,-1,1,1,60,9,-1,-1,-1,-1,3,-1,0,1
2025991558317,2025,991558317,2,3,0,-1,19,7,3,-1,0,8,0,0,0,0,3,1,-1,6,1,20,4,-1,-1,-1,-1,6,-1,0,1
2025991558317,2025,991558317,1,9,0,-1,19,5,1,-1,0,8,0,0,7,11,1,1,-1,9,2,37,7,-1,-1,-1,-1,2,-1,0,1
2025991558323,2025,991558323,1,98,0,-1,19,7,3,-1,9,0,0,0,1,0,4,1,-1,2,1,58,9,-1,-1,-1,-1,9,-1,0,1
2025991558327,2025,991558327,1,11,0,-1,19,5,1,-1,0,8,0,0,0,0,1,1,-1,1,1,43,7,-1,-1,-1,-1,9,-1,0,2
2025991558340,2025,991558340,1,9,0,-1,19,5,1,-1,0,0,1,0,0,0,1,1,-1,2,1,32,6,-1,-1,-1,-1,6,-1,0,3
2025991558340,2025,991558340,2,9,0,-1,19,1,5,-1,0,0,0,0,1,11,1,1,-1,9,2,55,8,-1,-1,-1,-1,6,-1,0,1
2025991558485,2025,991558485,1,9,0,-1,5,1,5,-1,0,8,0,0,0,0,3,1,-1,6,1,55,8,-1,-1,-1,-1,2,-1,0,1
2025991558485,2025,991558485,2,9,0,-1,5,7,3,-1,0,8,0,0,0,0,1,1,-1,6,1,70,10,-1,-1,-1,-1,8,-1,0,5
2025991558489,2025,991558489,1,9,0,-1,19,8,4,-1,0,0,0,0,0,0,1,1,-1,9,2,47,8,-1,-1,-1,-1,10,-1,0,1
2025991558489,2025,991558489,2,9,0,-1,19,4,8,-1,0,0,0,0,0,0,1,1,-1,9,2,26,6,-1,-1,-1,-1,7,-1,0,1
2025991558527,2025,991558527,2,9,0,-1,19,6,2,-1,0,0,0,0,5,6,3,1,-1,9,2,65,9,-1,-1,-1,-1,9,-1,0,2
2025991558527,2025,991558527,1,21,0,-1,11,6,2,-1,0,0,0,0,0,0,4,1,-1,1,1,64,9,-1,-1,-1,-1,4,-1,0,1
2025991558597,2025,991558597,1,9,0,-1,19,8,4,-1,0,0,2,0,4,9,3,1,-1,2,2,21,5,-1,-1,-1,-1,4,-1,0,1
2025991558620,2025,991558620,1,9,0,-1,9,7,5,-1,0,6,0,0,0,0,1,1,-1,1,1,62,9,-1,-1,-1,-1,4,-1,0,1
2025991558737,2025,991558737,1,9,0,-1,10,3,7,-1,0,1,0,0,0,0,2,1,-1,6,2,50,8,-1,-1,-1,-1,-1,-1,0,-1
2025991558737,2025,991558737,2,9,0,-1,19,3,7,-1,0,1,0,0,0,0,1,1,-1,9,1,78,11,-1,-1,-1,-1,7,-1,0,2
2025991558858,2025,991558858,2,9,0,-1,2,0,0,-1,0,0,0,0,0,0,2,1,-1,9,2,37,7,-1,-1,-1,-1,4,-1,0,1
2025991558858,2025,991558858,1,9,0,-1,1,3,7,-1,0,0,0,4,0,0,2,1,-1,6,1,60,9,-1,-1,-1,-1,1,-1,0,1
2025991558926,2025,991558926,2,9,0,-1,19,5,5,-1,0,2,0,0,0,0,1,1,-1,2,1,31,6,-1,-1,-1,-1,-1,-1,0,-1
2025991558926,2025,991558926,1,98,0,-1,19,4,8,-1,0,2,0,0,0,0,2,1,-1,2,1,45,7,-1,-1,-1,-1,-1,-1,0,-1
2025991558927,2025,991558927,1,9,0,-1,19,8,4,-1,0,0,0,0,0,0,4,1,-1,7,2,38,7,-1,-1,-1,-1,7,-1,0,1
2025991559008,2025,991559008,1,9,0,-1,9,5,1,-1,0,8,0,0,0,0,1,1,-1,9,2,27,6,-1,-1,-1,-1,2,-1,0,3
2025991559008,2025,991559008,2,1,0,-1,19,6,1,-1,0,1,0,0,0,0,2,1,-1,7,2,31,6,-1,-1,-1,-1,3,-1,0,1
2025991559033,2025,991559033,1,98,0,-1,19,1,5,-1,0,0,2,0,1,11,1,1,-1,6,1,39,7,-1,-1,-1,-1,7,-1,0,1
2025991559052,2025,991559052,2,9,0,-1,19,8,4,-1,0,1,0,0,0,0,3,1,-1,6,2,65,9,-1,-1,-1,-1,7,-1,0,1
2025991559052,2025,991559052,1,9,0,-1,9,6,4,-1,0,8,0,0,0,0,4,1,-1,1,2,24,5,-1,-1,-1,-1,6,-1,0,1
2025991559110,2025,991559110,1,9,0,-1,19,1,5,-1,0,0,0,0,0,0,1,1,-1,9,2,27,6,-1,-1,-1,-1,-1,-1,0,-1
2025991559135,2025,991559135,1,9,0,-1,19,3,7,-1,0,0,0,0,0,0,1,1,-1,9,2,36,7,-1,-1,-1,-1,-1,-1,0,-1
2025991559140,2025,991559140,2,19,0,-1,12,7,3,-1,0,0,0,0,0,0,2,1,-1,1,1,25,5,-1,-1,-1,-1,8,-1,0,4
2025991559140,2025,991559140,1,9,0,-1,12,7,3,-1,0,0,0,0,0,0,1,2,-1,2,1,37,7,-1,-1,-1,-1,7,-1,0,3
2025991559226,2025,991559226,2,8,0,-1,19,2,6,-1,0,1,0,0,0,0,1,1,-1,1,1,49,8,-1,-1,-1,-1,3,-1,0,2
2025991559226,2025,991559226,1,19,0,-1,9,4,2,-1,0,2,0,0,0,0,1,1,-1,2,1,64,9,-1,-1,-1,-1,9,-1,0,1
2025991559378,2025,991559378,1,9,0,-1,9,3,8,-1,0,8,0,0,0,0,1,1,-1,9,1,54,8,-1,-1,-1,-1,8,-1,0,2
2025991559378,2025,991559378,2,9,0,-1,19,4,8,-1,0,1,0,0,7,4,3,1,-1,9,2,79,11,-1,-1,-1,-1,7,-1,0,4