collision_index,collision_year,collision_ref_no,vehicle_reference,vehicle_type,towing_and_articulation,vehicle_manoeuvre_historic,vehicle_manoeuvre,vehicle_direction_from,vehicle_direction_to,vehicle_location_restricted_lane_historic,vehicle_location_restricted_lane,junction_location,skidding_and_overturning,hit_object_in_carriageway,vehicle_leaving_carriageway,hit_object_off_carriageway,first_point_of_impact,vehicle_left_hand_drive,journey_purpose_of_driver_historic,journey_purpose_of_driver,sex_of_driver,age_of_driver,age_band_of_driver,engine_capacity_cc,propulsion_code,age_of_vehicle,generic_make_model,driver_imd_decile,lsoa_of_driver,escooter_flag,driver_distance_banding
2025991559394,2025,991559394,2,9,0,-1,4,1,5,-1,0,1,0,0,0,0,2,1,-1,9,1,21,5,-1,-1,-1,-1,9,-1,0,2
2025991559394,2025,991559394,1,9,0,-1,4,1,5,-1,0,1,0,0,0,0,1,1,-1,9,1,75,10,-1,-1,-1,-1,8,-1,0,2
2025991559481,2025,991559481,3,9,0,-1,19,4,8,-1,0,0,0,0,0,0,1,1,-1,9,2,27,6,-1,-1,-1,-1,9,-1,0,5
2025991559481,2025,991559481,2,9,0,-1,19,4,8,-1,0,0,0,0,0,0,1,1,-1,9,1,74,10,-1,-1,-1,-1,5,-1,0,4
2025991559481,2025,991559481,4,9,0,-1,19,4,8,-1,0,0,0,0,0,0,1,1,-1,9,1,76,11,-1,-1,-1,-1,3,-1,0,4
2025991559481,2025,991559481,1,9,0,-1,19,8,4,-1,0,0,0,0,0,0,1,1,-1,9,1,75,10,-1,-1,-1,-1,3,E01018646,0,5
2025991559527,2025,991559527,1,9,0,-1,19,5,1,-1,0,3,0,0,0,0,4,1,-1,6,2,43,7,-1,-1,-1,-1,2,-1,0,4
2025991559532,2025,991559532,1,90,4,-1,5,4,2,-1,0,4,0,0,0,0,1,1,-1,1,2,68,10,-1,-1,-1,-1,9,-1,0,2
2025991559532,2025,991559532,2,4,0,-1,19,2,6,-1,0,8,0,0,0,0,4,1,-1,9,1,58,9,-1,-1,-1,-1,5,-1,0,1
2025991559576,2025,991559576,1,9,0,-1,19,7,2,-1,0,0,0,0,0,0,1,1,-1,9,2,48,8,-1,-1,-1,-1,7,-1,0,1
2025991559645,2025,991559645,2,9,0,-1,19,2,6,-1,0,0,0,0,1,0,1,1,-1,2,1,39,7,-1,-1,-1,-1,-1,-1,0,-1
2025991559645,2025,991559645,1,9,0,-1,19,6,2,-1,0,0,0,0,0,0,1,1,-1,6,2,38,7,-1,-1,-1,-1,4,-1,0,1
2025991559651,2025,991559651,1,11,0,-1,19,8,3,-1,0,2,0,0,0,0,1,1,-1,1,1,26,6,-1,-1,-1,-1,5,-1,0,1
2025991559655,2025,991559655,2,-1,0,-1,19,5,1,-1,0,0,0,0,0,0,1,1,-1,6,-1,-1,-1,-1,-1,-1,-1,-1,-1,1,-1
2025991559655,2025,991559655,1,9,0,-1,9,7,5,-1,0,0,0,0,0,0,3,1,-1,9,1,27,6,-1,-1,-1,-1,7,-1,0,1
2025991559704,2025,991559704,1,9,0,-1,19,8,4,-1,0,0,5,0,6,6,1,1,-1,9,1,46,8,-1,-1,-1,-1,4,-1,0,1
2025991559940,2025,991559940,2,21,1,-1,19,7,3,-1,0,0,0,0,0,0,1,1,-1,1,1,24,5,-1,-1,-1,-1,3,-1,0,2
2025991559940,2025,991559940,1,9,0,-1,19,4,7,-1,0,0,2,0,6,0,4,1,-1,1,2,23,5,-1,-1,-1,-1,5,-1,0,4
2025991559969,2025,991559969,2,9,0,-1,19,3,7,-1,0,0,0,0,0,0,2,1,-1,9,1,65,9,-1,-1,-1,-1,10,-1,0,3
2025991559969,2025,991559969,5,9,0,-1,19,3,7,-1,0,0,0,0,0,0,2,1,-1,9,2,26,6,-1,-1,-1,-1,5,-1,0,2
2025991559969,2025,991559969,4,9,0,-1,19,3,7,-1,0,0,0,0,0,0,1,1,-1,9,2,33,6,-1,-1,-1,-1,5,-1,0,3
2025991559969,2025,991559969,1,9,0,-1,19,3,7,-1,0,0,0,0,0,0,1,1,-1,9,1,26,6,-1,-1,-1,-1,6,-1,0,5
2025991559969,2025,991559969,3,9,0,-1,19,3,7,-1,0,0,0,0,0,0,2,1,-1,9,1,81,11,-1,-1,-1,-1,9,-1,0,4
2025991560000,2025,991560000,1,9,0,-1,19,4,8,-1,0,1,0,0,0,0,4,1,-1,2,2,47,8,-1,-1,-1,-1,9,-1,0,1
2025991560007,2025,991560007,3,9,0,-1,19,7,3,-1,0,2,0,0,0,0,0,9,-1,6,3,-1,-1,-1,-1,-1,-1,-1,-1,0,-1
2025991560007,2025,991560007,1,9,0,-1,19,7,3,-1,0,1,0,0,0,0,1,1,-1,8,1,27,6,-1,-1,-1,-1,5,-1,0,3
2025991560007,2025,991560007,2,9,0,-1,19,1,7,-1,0,1,0,0,0,0,1,1,-1,9,2,18,4,-1,-1,-1,-1,2,-1,0,1
2025991560011,2025,991560011,2,9,0,-1,19,7,3,-1,0,1,0,0,0,0,1,1,-1,9,2,41,7,-1,-1,-1,-1,2,-1,0,4
2025991560011,2025,991560011,1,9,0,-1,9,4,7,-1,0,6,0,0,7,0,3,1,-1,9,2,74,10,-1,-1,-1,-1,-1,-1,0,-1
2025991560075,2025,991560075,1,9,0,-1,5,3,6,-1,0,8,0,0,0,0,1,1,-1,9,1,34,6,-1,-1,-1,-1,-1,-1,0,-1
2025991560104,2025,991560104,3,9,0,-1,2,0,0,-1,-1,0,0,0,4,0,2,1,-1,6,2,52,8,-1,-1,-1,-1,4,-1,0,4
2025991560104,2025,991560104,2,9,0,-1,2,7,3,-1,-1,0,0,4,0,0,2,1,-1,1,1,50,8,-1,-1,-1,-1,4,-1,0,1
2025991560104,2025,991560104,1,21,1,-1,19,7,3,-1,-1,0,0,4,0,0,1,1,-1,1,1,44,7,-1,-1,-1,-1,1,E01010486,0,5
2025991560144,2025,991560144,1,9,0,-1,9,3,3,-1,0,0,0,0,7,4,1,1,-1,9,2,34,6,-1,-1,-1,-1,3,-1,0,1
2025991560144,2025,991560144,2,98,0,-1,19,7,7,-1,0,0,0,0,0,0,1,1,-1,9,1,27,6,-1,-1,-1,-1,6,-1,0,2
2025991560153,2025,991560153,1,9,0,-1,6,7,3,-1,0,0,0,0,0,0,1,1,-1,9,1,70,10,-1,-1,-1,-1,2,-1,0,1
2025991560153,2025,991560153,2,1,0,-1,13,3,7,-1,0,0,0,0,0,0,1,1,-1,9,1,20,4,-1,-1,-1,-1,1,-1,0,1
2025991560174,2025,991560174,1,9,0,-1,13,5,1,-1,0,1,0,0,0,0,1,1,-1,9,1,24,5,-1,-1,-1,-1,5,-1,0,4
2025991560174,2025,991560174,2,9,0,-1,9,5,1,-1,0,8,0,0,0,0,3,1,-1,9,1,50,8,-1,-1,-1,-1,9,-1,0,5
2025991560204,2025,991560204,1,9,0,-1,19,8,4,-1,0,0,0,0,1,4,1,1,-1,6,1,38,7,-1,-1,-1,-1,1,-1,0,3
2025991560235,2025,991560235,1,3,0,-1,11,1,5,-1,0,3,1,0,0,0,4,1,-1,9,1,22,5,-1,-1,-1,-1,1,-1,0,3
2025991560254,2025,991560254,1,21,0,-1,19,1,4,-1,0,1,0,0,0,0,4,9,-1,1,1,37,7,-1,-1,-1,-1,5,-1,0,4
2025991560286,2025,991560286,2,9,0,-1,19,5,1,-1,0,0,0,0,1,0,1,1,-1,9,1,45,7,-1,-1,-1,-1,7,-1,0,4
2025991560286,2025,991560286,3,9,0,-1,19,5,1,-1,0,0,0,0,1,0,1,1,-1,9,1,29,6,-1,-1,-1,-1,3,-1,0,1
2025991560286,2025,991560286,4,19,0,-1,19,5,1,-1,0,0,0,0,0,0,1,1,-1,9,1,42,7,-1,-1,-1,-1,1,-1,0,2
2025991560286,2025,991560286,1,9,0,-1,19,1,5,-1,0,0,0,0,1,0,1,1,-1,9,1,54,8,-1,-1,-1,-1,5,-1,0,1
2025991560303,2025,991560303,1,9,0,-1,19,8,4,-1,-1,0,5,0,1,0,1,1,-1,2,2,20,4,-1,-1,-1,-1,6,-1,0,3
2025991560311,2025,991560311,1,97,0,-1,19,8,4,-1,0,0,2,7,0,0,1,1,-1,2,1,57,9,-1,-1,-1,-1,-1,-1,0,-1
2025991560527,2025,991560527,2,9,0,-1,19,6,4,-1,0,8,0,0,1,0,3,1,-1,9,2,73,10,-1,-1,-1,-1,7,-1,0,1
2025991560527,2025,991560527,1,9,0,-1,19,4,6,-1,0,1,0,0,0,0,3,1,-1,1,1,47,8,-1,-1,-1,-1,5,-1,0,1
2025991560537,2025,991560537,1,9,0,-1,19,7,3,-1,0,1,0,0,0,0,1,1,-1,6,1,34,6,-1,-1,-1,-1,1,-1,0,1
2025991560537,2025,991560537,2,9,0,-1,9,7,5,-1,0,1,0,0,4,0,2,1,-1,6,2,49,8,-1,-1,-1,-1,2,-1,0,1
2025991560677,2025,991560677,1,9,0,-1,19,1,5,-1,0,0,5,4,1,0,1,1,-1,9,1,19,4,-1,-1,-1,-1,7,-1,0,1
2025991560677,2025,991560677,2,9,0,-1,2,0,0,-1,0,0,0,0,0,0,1,1,-1,6,-1,-1,-1,-1,-1,-1,-1,-1,-1,0,-1
2025991560681,2025,991560681,1,8,0,-1,19,3,7,-1,0,1,0,0,0,0,4,1,-1,1,1,54,8,-1,-1,-1,-1,5,-1,0,1
2025991560686,2025,991560686,2,9,0,-1,2,0,0,-1,0,0,0,0,0,0,4,1,-1,6,-1,-1,-1,-1,-1,-1,-1,-1,-1,0,-1
2025991560686,2025,991560686,1,9,0,-1,11,8,4,-1,0,0,5,4,0,0,1,1,-1,9,1,87,11,-1,-1,-1,-1,6,-1,0,1
2025991560691,2025,991560691,1,9,0,-1,19,3,6,-1,0,0,2,0,1,4,4,1,-1,2,1,23,5,-1,-1,-1,-1,5,-1,0,2
2025991560694,2025,991560694,2,9,0,-1,19,5,1,-1,0,2,0,0,0,0,1,1,-1,9,2,31,6,-1,-1,-1,-1,6,-1,0,3
2025991560694,2025,991560694,1,9,0,-1,19,1,5,-1,0,1,0,0,0,0,1,1,-1,9,1,28,6,-1,-1,-1,-1,1,-1,0,1
2025991560867,2025,991560867,2,1,0,-1,5,8,5,-1,0,6,5,0,0,0,1,1,-1,2,2,24,5,-1,-1,-1,-1,10,-1,0,1
2025991560867,2025,991560867,1,9,0,-1,5,3,7,-1,0,6,0,0,0,0,3,1,-1,2,1,51,8,-1,-1,-1,-1,3,-1,0,2
2025991560902,2025,991560902,1,9,0,-1,5,7,5,-1,0,1,0,0,0,0,1,1,-1,6,1,51,8,-1,-1,-1,-1,2,-1,0,1
2025991561041,2025,991561041,1,9,0,-1,3,5,7,-1,0,0,0,0,0,0,2,1,-1,9,1,40,7,-1,-1,-1,-1,4,-1,0,2
2025991561105,2025,991561105,1,19,0,-1,19,1,5,-1,0,0,1,0,7,4,1,1,-1,9,2,33,6,-1,-1,-1,-1,4,-1,0,3
2025991561126,2025,991561126,1,21,0,-1,7,8,2,-1,0,5,0,0,0,0,4,1,-1,1,1,48,8,-1,-1,-1,-1,8,E01032699,0,5
2025991561162,2025,991561162,2,9,0,-1,10,8,5,-1,0,0,0,0,0,0,2,1,-1,6,1,38,7,-1,-1,-1,-1,1,-1,0,2
2025991561162,2025,991561162,1,9,0,-1,19,8,4,-1,0,0,0,0,0,0,1,1,-1,6,1,61,9,-1,-1,-1,-1,3,-1,0,1
2025991561181,2025,991561181,1,9,0,-1,19,1,5,-1,0,0,0,0,0,0,0,9,-1,6,3,30,6,-1,-1,-1,-1,-1,-1,0,-1
2025991561182,2025,991561182,1,9,0,-1,9,7,4,-1,0,0,5,0,1,10,3,1,-1,9,1,22,5,-1,-1,-1,-1,-1,-1,0,-1
2025991561467,2025,991561467,1,3,0,-1,19,1,5,-1,0,0,0,0,0,0,1,1,-1,9,1,32,6,-1,-1,-1,-1,10,-1,0,1
2025991561530,2025,991561530,1,9,0,-1,19,7,3,-1,0,1,2,0,1,0,3,2,-1,9,1,28,6,-1,-1,-1,-1,10,-1,0,4
2025991561626,2025,991561626,5,9,0,-1,3,7,3,-1,0,0,0,0,0,0,2,1,-1,6,1,63,9,-1,-1,-1,-1,5,-1,0,1
2025991561626,2025,991561626,2,11,0,-1,19,3,7,-1,0,0,0,0,0,0,3,1,-1,1,1,62,9,-1,-1,-1,-1,5,-1,0,3
2025991561626,2025,991561626,1,9,0,-1,19,7,3,-1,0,0,0,0,0,0,1,1,-1,6,1,42,7,-1,-1,-1,-1,8,-1,0,1
2025991561626,2025,991561626,4,9,0,-1,3,7,3,-1,0,0,0,0,0,0,2,1,-1,6,1,66,10,-1,-1,-1,-1,4,-1,0,1
2025991561626,2025,991561626,3,9,0,-1,3,7,3,-1,0,0,1,0,0,0,2,1,-1,6,1,27,6,-1,-1,-1,-1,5,-1,0,1
2025991561642,2025,991561642,1,9,0,-1,19,1,5,-1,9,0,0,0,7,0,1,1,-1,6,2,55,8,-1,-1,-1,-1,9,-1,0,3
2025991561645,2025,991561645,1,9,0,-1,19,8,4,-1,0,0,2,0,2,0,1,1,-1,6,1,28,6,-1,-1,-1,-1,2,-1,0,1
2025991561656,2025,991561656,1,9,0,-1,19,6,2,-1,0,0,2,0,0,0,4,1,-1,9,1,19,4,-1,-1,-1,-1,9,-1,0,1
2025991561660,2025,991561660,2,8,0,-1,4,6,2,-1,0,1,0,0,0,0,1,1,-1,1,1,48,8,-1,-1,-1,-1,2,-1,0,1
2025991561660,2025,991561660,1,9,0,-1,4,6,2,-1,0,1,0,0,0,0,2,1,-1,9,2,46,8,-1,-1,-1,-1,4,-1,0,4
2025991561672,2025,991561672,1,9,0,-1,19,4,7,-1,0,0,5,0,7,9,1,1,-1,9,2,18,4,-1,-1,-1,-1,5,-1,0,2
2025991561718,2025,991561718,1,9,0,-1,19,4,8,-1,0,4,0,9,3,0,1,1,-1,1,1,52,8,-1,-1,-1,-1,10,-1,0,1
2025991561769,2025,991561769,1,9,0,-1,19,2,6,-1,0,0,0,0,0,0,4,1,-1,9,1,19,4,-1,-1,-1,-1,5,-1,0,4
2025991561821,2025,991561821,1,9,0,-1,7,1,4,-1,0,8,0,0,0,0,1,1,-1,1,1,54,8,-1,-1,-1,-1,4,-1,0,2
2025991561852,2025,991561852,2,3,0,-1,19,2,6,-1,0,1,0,0,0,0,1,1,-1,6,1,17,4,-1,-1,-1,-1,-1,-1,0,-1
2025991561852,2025,991561852,1,19,0,-1,9,4,2,-1,0,8,0,0,0,0,1,1,-1,1,1,37,7,-1,-1,-1,-1,-1,-1,0,-1
2025991561872,2025,991561872,1,97,0,-1,7,7,2,-1,-1,0,1,0,0,0,4,1,-1,6,1,24,5,-1,-1,-1,-1,-1,-1,0,-1
2025991561985,2025,991561985,1,9,0,-1,19,7,3,-1,0,0,5,0,0,0,4,1,-1,9,1,20,4,-1,-1,-1,-1,9,-1,0,3
2025991562004,2025,991562004,1,9,0,-1,19,8,5,-1,0,0,0,0,0,0,3,1,-1,9,1,58,9,-1,-1,-1,-1,4,-1,0,1
2025991562021,2025,991562021,2,9,0,-1,5,5,7,-1,0,1,0,0,0,0,1,1,-1,6,2,60,9,-1,-1,-1,-1,-1,-1,0,-1
2025991562021,2025,991562021,1,1,0,-1,19,1,3,-1,0,8,0,0,0,0,3,1,-1,2,1,18,4,-1,-1,-1,-1,-1,-1,0,-1
2025991562028,2025,991562028,1,8,0,-1,7,7,3,-1,9,0,1,0,1,11,1,2,-1,1,1,51,8,-1,-1,-1,-1,-1,-1,0,-1
2025991562079,2025,991562079,2,9,0,-1,4,3,7,-1,0,0,0,0,0,0,2,1,-1,6,1,27,6,-1,-1,-1,-1,3,-1,0,4
2025991562079,2025,991562079,1,9,0,-1,19,3,7,-1,0,0,0,0,0,0,1,1,-1,6,1,43,7,-1,-1,-1,-1,8,-1,0,4
2025991562089,2025,991562089,1,11,0,-1,4,3,7,-1,0,0,0,0,0,0,0,1,-1,1,1,32,6,-1,-1,-1,-1,2,-1,0,4
2025991562129,2025,991562129,1,9,0,-1,19,3,7,-1,9,0,0,0,0,0,1,1,-1,9,2,42,7,-1,-1,-1,-1,-1,-1,0,-1
2025991562197,2025,991562197,1,9,0,-1,9,3,1,-1,0,1,0,0,0,0,2,1,-1,2,2,53,8,-1,-1,-1,-1,3,-1,0,2
2025991562197,2025,991562197,2,9,0,-1,10,3,1,-1,0,1,0,0,0,0,1,1,-1,2,2,-1,-1,-1,-1,-1,-1,10,-1,0,1
2025991562208,2025,991562208,1,9,0,-1,19,3,7,-1,0,0,0,0,0,0,1,1,-1,2,1,60,9,-1,-1,-1,-1,8,-1,0,2
2025991562329,2025,991562329,2,9,0,-1,9,6,4,-1,0,1,1,0,0,0,4,1,-1,9,1,28,6,-1,-1,-1,-1,2,-1,0,1
2025991562329,2025,991562329,1,9,0,-1,19,2,6,-1,0,1,0,0,0,0,1,1,-1,9,1,46,8,-1,-1,-1,-1,9,-1,0,2
2025991562359,2025,991562359,1,-1,0,-1,19,2,6,-1,0,6,0,0,0,0,1,1,-1,9,1,16,4,-1,-1,-1,-1,1,-1,1,1
2025991562359,2025,991562359,2,9,0,-1,19,8,4,-1,0,8,0,0,0,0,4,1,-1,1,2,44,7,-1,-1,-1,-1,6,-1,0,2
2025991562366,2025,991562366,2,1,0,-1,19,1,5,-1,0,8,5,0,0,0,4,1,-1,2,1,28,6,-1,-1,-1,-1,10,-1,0,1
2025991562366,2025,991562366,1,8,0,-1,19,3,7,-1,0,4,0,0,0,0,1,1,-1,6,1,58,9,-1,-1,-1,-1,7,-1,0,1
2025991562373,2025,991562373,1,9,0,-1,5,1,1,-1,0,4,0,4,0,0,1,1,-1,2,2,40,7,-1,-1,-1,-1,3,-1,0,1
2025991562373,2025,991562373,2,1,0,-1,19,3,7,-1,0,3,0,4,0,0,1,1,-1,2,1,45,7,-1,-1,-1,-1,9,-1,0,1
2025991562490,2025,991562490,4,9,0,-1,10,7,5,-1,0,1,0,0,0,0,1,1,-1,9,1,30,6,-1,-1,-1,-1,10,-1,0,1
2025991562490,2025,991562490,2,9,0,-1,19,3,5,-1,0,1,0,0,0,0,3,1,-1,6,1,67,10,-1,-1,-1,-1,5,-1,0,4
2025991562490,2025,991562490,5,9,0,-1,19,3,7,-1,0,1,0,0,0,0,2,1,-1,6,1,44,7,-1,-1,-1,-1,10,-1,0,1
2025991562490,2025,991562490,1,9,0,-1,19,3,7,-1,0,1,5,0,0,0,1,1,-1,6,1,43,7,-1,-1,-1,-1,7,-1,0,3
2025991562490,2025,991562490,3,9,0,-1,19,7,3,-1,0,2,0,0,0,0,3,1,-1,9,1,58,9,-1,-1,-1,-1,10,-1,0,2
2025991562495,2025,991562495,1,9,0,-1,19,8,4,-1,0,2,0,0,0,0,4,1,-1,9,2,49,8,-1,-1,-1,-1,-1,-1,0,-1
2025991562506,2025,991562506,2,9,0,-1,4,3,8,-1,0,4,0,0,0,0,3,9,-1,9,2,40,7,-1,-1,-1,-1,-1,-1,0,-1
2025991562506,2025,991562506,1,9,0,-1,5,3,1,-1,0,4,0,0,0,0,4,9,-1,9,2,32,6,-1,-1,-1,-1,9,-1,0,1
2025991562515,2025,991562515,1,3,0,-1,19,6,2,-1,9,3,0,0,0,0,1,1,-1,6,1,26,6,-1,-1,-1,-1,1,-1,0,2
2025991562515,2025,991562515,2,9,0,-1,9,6,3,-1,0,3,0,0,0,0,1,1,-1,9,2,63,9,-1,-1,-1,-1,7,-1,0,1
2025991562561,2025,991562561,1,8,0,-1,5,5,1,-1,0,0,0,0,0,0,4,2,-1,9,1,19,4,-1,-1,-1,-1,-1,-1,0,-1
2025991562605,2025,991562605,2,9,0,-1,4,8,3,-1,0,0,0,0,0,0,1,1,-1,6,1,42,7,-1,-1,-1,-1,-1,-1,0,-1
2025991562605,2025,991562605,1,9,0,-1,4,8,3,-1,0,0,0,0,0,0,2,1,-1,6,1,26,6,-1,-1,-1,-1,9,-1,0,2
2025991562651,2025,991562651,1,9,0,-1,19,5,1,-1,0,0,5,0,0,0,3,1,-1,2,1,17,4,-1,-1,-1,-1,6,-1,0,2
2025991562657,2025,991562657,1,9,0,-1,19,5,1,-1,0,0,0,0,0,0,4,1,-1,9,1,64,9,-1,-1,-1,-1,2,-1,0,1
2025991562733,2025,991562733,2,9,0,-1,5,4,8,-1,0,0,0,0,0,0,2,1,-1,9,1,26,6,-1,-1,-1,-1,1,-1,0,1
2025991562733,2025,991562733,1,8,0,-1,19,4,8,-1,0,0,0,0,0,0,1,1,-1,1,1,33,6,-1,-1,-1,-1,2,-1,0,2
2025991562773,2025,991562773,1,9,0,-1,7,3,5,-1,0,1,0,0,0,0,4,1,-1,6,-1,55,8,-1,-1,-1,-1,-1,-1,0,-1
2025991562773,2025,991562773,2,1,0,-1,19,5,1,-1,0,1,0,0,0,0,1,1,-1,9,1,8,2,-1,-1,-1,-1,-1,-1,0,-1
2025991562789,2025,991562789,1,9,0,-1,19,3,7,-1,0,0,0,0,0,0,3,1,-1,9,2,30,6,-1,-1,-1,-1,7,-1,0,1
2025991562814,2025,991562814,2,9,0,-1,19,6,2,-1,0,1,0,0,0,0,1,1,-1,6,2,23,5,-1,-1,-1,-1,4,-1,0,1
2025991562814,2025,991562814,1,9,0,-1,9,1,6,-1,0,6,0,0,0,0,3,1,-1,6,2,44,7,-1,-1,-1,-1,1,-1,0,1
2025991562837,2025,991562837,1,99,0,-1,5,2,8,-1,0,6,0,0,0,0,4,9,-1,6,1,60,9,-1,-1,-1,-1,-1,-1,0,-1
2025991562840,2025,991562840,2,9,0,-1,15,2,6,-1,0,0,1,0,1,9,2,1,-1,9,1,40,7,-1,-1,-1,-1,10,-1,0,1
2025991562840,2025,991562840,1,98,4,-1,4,2,7,-1,-1,0,0,0,0,0,1,1,-1,1,1,40,7,-1,-1,-1,-1,-1,-1,0,-1
2025991562845,2025,991562845,2,1,0,-1,5,4,8,-1,0,6,0,0,0,0,4,1,-1,9,2,11,3,-1,-1,-1,-1,-1,-1,0,-1
2025991562845,2025,991562845,1,9,0,-1,19,6,2,-1,0,1,0,0,0,0,1,9,-1,6,3,35,6,-1,-1,-1,-1,-1,-1,0,-1
2025991562963,2025,991562963,2,9,0,-1,19,5,1,-1,0,0,0,0,0,0,1,1,-1,9,2,28,6,-1,-1,-1,-1,-1,-1,0,-1
2025991562963,2025,991562963,1,19,0,-1,9,1,5,-1,0,0,0,0,0,0,3,1,-1,1,1,50,8,-1,-1,-1,-1,-1,-1,0,-1
2025991562974,2025,991562974,1,9,0,-1,1,7,3,-1,0,0,0,0,0,0,2,1,-1,9,2,52,8,-1,-1,-1,-1,3,-1,0,1
2025991563010,2025,991563010,1,9,0,-1,1,4,8,-1,9,2,0,0,0,0,2,1,-1,9,1,60,9,-1,-1,-1,-1,6,-1,0,1
2025991563010,2025,991563010,2,1,0,-1,8,1,2,-1,9,1,0,0,0,0,2,1,-1,9,1,15,3,-1,-1,-1,-1,6,-1,0,1
2025991563021,2025,991563021,1,9,0,-1,19,2,8,-1,0,4,0,0,0,0,1,1,-1,6,1,32,6,-1,-1,-1,-1,7,-1,0,1
2025991563021,2025,991563021,2,9,0,-1,19,2,8,-1,0,3,0,0,0,0,2,1,-1,6,1,56,9,-1,-1,-1,-1,-1,-1,0,-1
2025991563027,2025,991563027,1,5,0,-1,19,2,5,-1,0,0,2,6,8,10,3,1,-1,9,1,28,6,-1,-1,-1,-1,8,-1,0,4
2025991563108,2025,991563108,2,9,0,-1,9,3,1,-1,0,6,0,0,0,0,1,1,-1,9,1,57,9,-1,-1,-1,-1,5,-1,0,4
2025991563108,2025,991563108,1,9,0,-1,19,1,5,-1,0,1,0,0,0,0,4,1,-1,9,2,55,8,-1,-1,-1,-1,3,-1,0,4
2025991563168,2025,991563168,1,9,0,-1,7,1,3,-1,0,3,1,0,1,0,1,1,-1,6,1,48,8,-1,-1,-1,-1,10,-1,0,1
2025991563168,2025,991563168,2,9,0,-1,7,3,5,-1,0,3,0,0,0,0,1,1,-1,9,1,63,9,-1,-1,-1,-1,-1,-1,0,-1
2025991563277,2025,991563277,2,9,0,-1,19,2,6,-1,0,0,0,0,0,0,1,1,-1,2,2,58,9,-1,-1,-1,-1,10,-1,0,1
2025991563277,2025,991563277,1,9,0,-1,19,6,2,-1,0,0,0,0,0,0,1,1,-1,6,1,55,8,-1,-1,-1,-1,6,-1,0,1
2025991563277,2025,991563277,3,9,0,-1,19,2,6,-1,0,0,0,0,0,0,3,1,-1,6,1,34,6,-1,-1,-1,-1,9,-1,0,1
2025991563327,2025,991563327,2,19,0,-1,19,5,1,-1,0,0,0,0,0,0,1,1,-1,1,1,41,7,-1,-1,-1,-1,7,-1,0,4
2025991563327,2025,991563327,1,9,0,-1,19,1,5,-1,0,0,1,0,0,0,1,1,-1,9,1,81,11,-1,-1,-1,-1,8,E01022413,0,5
2025991563413,2025,991563413,1,19,0,-1,19,8,4,-1,0,4,5,0,0,0,1,1,-1,2,1,33,6,-1,-1,-1,-1,9,-1,0,4
2025991563413,2025,991563413,2,9,0,-1,19,8,3,-1,0,4,0,0,0,0,2,1,-1,9,1,67,10,-1,-1,-1,-1,7,-1,0,3
2025991563445,2025,991563445,1,9,0,-1,9,5,3,-1,0,2,0,0,0,0,1,1,-1,6,1,70,10,-1,-1,-1,-1,5,-1,0,1
2025991563445,2025,991563445,2,19,0,-1,19,3,8,-1,0,1,0,0,0,0,1,1,-1,1,1,60,9,-1,-1,-1,-1,8,-1,0,3
2025991563446,2025,991563446,1,9,0,-1,19,4,8,-1,0,0,5,0,7,1,1,1,-1,9,1,22,5,-1,-1,-1,-1,10,-1,0,4
2025991563545,2025,991563545,1,9,0,-1,9,6,4,-1,0,6,0,0,0,0,3,1,-1,2,1,53,8,-1,-1,-1,-1,6,-1,0,3
2025991563545,2025,991563545,2,9,0,-1,19,5,1,-1,0,1,0,0,0,0,1,1,-1,2,1,30,6,-1,-1,-1,-1,3,-1,0,1
2025991563614,2025,991563614,1,9,0,-1,19,8,4,-1,0,8,0,0,0,0,1,2,-1,6,1,78,11,-1,-1,-1,-1,2,-1,0,1
2025991563649,2025,991563649,1,19,0,-1,4,4,8,-1,0,0,0,0,0,0,1,1,-1,1,1,25,5,-1,-1,-1,-1,4,-1,0,3
2025991563649,2025,991563649,2,9,0,-1,19,4,8,-1,0,0,0,0,0,0,2,1,-1,9,1,39,7,-1,-1,-1,-1,2,-1,0,4
2025991563649,2025,991563649,3,9,0,-1,4,8,4,-1,0,0,0,0,0,0,1,1,-1,9,2,72,10,-1,-1,-1,-1,2,-1,0,2
2025991563731,2025,991563731,1,9,0,-1,5,2,6,-1,0,0,0,0,0,0,1,1,-1,1,2,29,6,-1,-1,-1,-1,7,-1,0,1
2025991563812,2025,991563812,1,9,0,-1,9,6,4,-1,0,8,0,0,0,0,1,1,-1,7,2,41,7,-1,-1,-1,-1,3,-1,0,1
2025991563836,2025,991563836,1,9,0,-1,19,1,5,-1,0,0,0,0,0,0,1,1,-1,9,1,32,6,-1,-1,-1,-1,-1,-1,0,-1
2025991563836,2025,991563836,2,9,0,-1,19,5,1,-1,0,0,0,0,0,0,1,1,-1,9,1,30,6,-1,-1,-1,-1,7,-1,0,1
2025991563860,2025,991563860,1,9,0,-1,3,6,1,-1,0,4,0,0,0,0,2,1,-1,9,2,36,7,-1,-1,-1,-1,9,-1,0,2
2025991563860,2025,991563860,2,9,0,-1,4,6,3,-1,0,4,0,0,0,0,1,1,-1,1,2,34,6,-1,-1,-1,-1,-1,-1,0,-1
2025991563937,2025,991563937,2,11,0,-1,19,8,3,-1,0,0,0,0,0,0,1,1,-1,1,2,52,8,-1,-1,-1,-1,7,-1,0,4
2025991563937,2025,991563937,1,9,0,-1,19,4,7,-1,0,0,0,0,0,0,1,1,-1,9,1,71,10,-1,-1,-1,-1,6,-1,0,2
2025991563969,2025,991563969,1,9,0,-1,15,4,8,-1,0,1,0,11,0,0,3,1,-1,2,2,25,5,-1,-1,-1,-1,-1,-1,0,-1
2025991563969,2025,991563969,2,11,0,-1,2,0,0,-1,0,1,-1,-1,-1,0,-1,1,-1,6,3,-1,-1,-1,-1,-1,-1,-1,-1,0,-1
2025991564091,2025,991564091,1,9,0,-1,19,2,6,-1,0,2,0,0,0,0,1,1,-1,9,1,77,11,-1,-1,-1,-1,9,-1,0,4
2025991564099,2025,991564099,1,9,0,-1,9,8,5,-1,2,1,0,0,0,0,3,1,-1,1,1,31,6,-1,-1,-1,-1,4,-1,0,2
2025991564198,2025,991564198,1,11,0,-1,19,2,6,-1,0,4,0,0,0,0,1,1,-1,1,1,29,6,-1,-1,-1,-1,6,-1,0,1
2025991564198,2025,991564198,2,9,0,-1,9,1,6,-1,0,8,0,0,0,0,1,1,-1,7,1,32,6,-1,-1,-1,-1,1,-1,0,1