collision_index,collision_year,collision_ref_no,vehicle_reference,vehicle_type,towing_and_articulation,vehicle_manoeuvre_historic,vehicle_manoeuvre,vehicle_direction_from,vehicle_direction_to,vehicle_location_restricted_lane_historic,vehicle_location_restricted_lane,junction_location,skidding_and_overturning,hit_object_in_carriageway,vehicle_leaving_carriageway,hit_object_off_carriageway,first_point_of_impact,vehicle_left_hand_drive,journey_purpose_of_driver_historic,journey_purpose_of_driver,sex_of_driver,age_of_driver,age_band_of_driver,engine_capacity_cc,propulsion_code,age_of_vehicle,generic_make_model,driver_imd_decile,lsoa_of_driver,escooter_flag,driver_distance_banding
2025991568811,2025,991568811,1,9,0,-1,5,8,4,-1,0,0,0,0,0,0,1,1,-1,9,2,19,4,-1,-1,-1,-1,5,-1,0,1
2025991568836,2025,991568836,3,98,0,-1,19,6,4,-1,0,0,0,0,0,0,1,1,-1,2,1,43,7,-1,-1,-1,-1,10,-1,0,1
2025991568836,2025,991568836,1,9,0,-1,19,7,4,-1,0,0,0,0,0,0,1,1,-1,9,2,43,7,-1,-1,-1,-1,8,-1,0,1
2025991568836,2025,991568836,2,21,1,-1,4,6,4,-1,0,0,1,0,0,0,2,1,-1,1,1,33,6,-1,-1,-1,-1,4,-1,0,5
2025991568979,2025,991568979,1,9,0,-1,7,3,6,-1,0,1,0,0,2,0,4,1,-1,1,1,31,6,-1,-1,-1,-1,9,-1,0,1
2025991568979,2025,991568979,2,3,5,-1,7,3,6,-1,2,1,0,0,0,0,3,1,-1,1,1,21,5,-1,-1,-1,-1,3,-1,0,2
2025991569002,2025,991569002,2,9,0,-1,19,4,8,-1,0,0,0,0,0,0,2,1,-1,6,2,38,7,-1,-1,-1,-1,-1,-1,0,-1
2025991569002,2025,991569002,1,9,0,-1,19,4,8,-1,0,0,0,0,0,0,1,1,-1,6,1,27,6,-1,-1,-1,-1,3,-1,0,3
2025991569031,2025,991569031,1,90,1,-1,19,2,6,-1,0,0,0,0,7,1,1,1,-1,1,1,59,9,-1,-1,-1,-1,1,E01007492,0,5
2025991569080,2025,991569080,1,3,0,-1,19,8,4,-1,0,1,0,0,0,0,1,1,-1,2,1,32,6,-1,-1,-1,-1,1,-1,0,2
2025991569080,2025,991569080,2,8,0,-1,9,8,4,-1,0,8,0,0,0,0,3,1,-1,1,1,44,7,-1,-1,-1,-1,1,-1,0,1
2025991569208,2025,991569208,2,3,0,-1,3,7,3,-1,0,2,0,0,0,0,2,1,-1,9,1,57,9,-1,-1,-1,-1,7,-1,0,1
2025991569208,2025,991569208,1,9,0,-1,5,3,7,-1,0,2,0,0,0,0,3,1,-1,2,2,37,7,-1,-1,-1,-1,4,-1,0,2
2025991569219,2025,991569219,3,9,0,-1,4,7,3,-1,0,0,0,0,0,0,2,1,-1,2,1,18,4,-1,-1,-1,-1,3,-1,0,1
2025991569219,2025,991569219,2,9,0,-1,4,3,7,-1,0,0,0,0,0,0,2,1,-1,2,1,52,8,-1,-1,-1,-1,3,-1,0,1
2025991569219,2025,991569219,4,9,0,-1,4,7,3,-1,0,0,0,0,0,0,2,1,-1,2,1,24,5,-1,-1,-1,-1,5,-1,0,1
2025991569219,2025,991569219,1,9,0,-1,19,3,7,-1,0,0,0,0,0,0,1,1,-1,2,1,22,5,-1,-1,-1,-1,7,-1,0,1
2025991569237,2025,991569237,1,9,0,-1,10,6,3,-1,0,2,0,0,0,0,1,1,-1,6,1,40,7,-1,-1,-1,-1,2,-1,0,1
2025991569241,2025,991569241,1,9,0,-1,9,8,2,-1,0,2,0,0,0,0,3,1,-1,9,1,44,7,-1,-1,-1,-1,10,-1,0,4
2025991569241,2025,991569241,2,8,0,-1,19,8,4,-1,0,1,0,0,0,0,3,1,-1,9,1,61,9,-1,-1,-1,-1,4,-1,0,1
2025991569265,2025,991569265,2,9,0,-1,9,3,7,-1,0,0,0,0,0,0,1,1,-1,9,1,35,6,-1,-1,-1,-1,9,E01013559,0,5
2025991569265,2025,991569265,1,9,0,-1,15,3,7,-1,0,0,2,0,7,11,1,1,-1,6,1,52,8,-1,-1,-1,-1,6,-1,0,3
2025991569273,2025,991569273,1,9,0,-1,19,4,8,-1,0,3,0,0,0,0,4,1,-1,1,1,18,4,-1,-1,-1,-1,3,-1,0,1
2025991569278,2025,991569278,1,9,0,-1,12,8,4,-1,0,0,1,0,8,0,1,1,-1,2,1,53,8,-1,-1,-1,-1,8,-1,0,4
2025991569278,2025,991569278,2,9,0,-1,19,8,4,-1,0,0,1,0,0,0,1,1,-1,2,1,42,7,-1,-1,-1,-1,8,-1,0,4
2025991569288,2025,991569288,1,9,0,-1,19,6,2,-1,0,0,5,0,0,0,3,1,-1,9,1,18,4,-1,-1,-1,-1,-1,-1,0,-1
2025991569298,2025,991569298,1,9,0,-1,7,7,1,-1,0,4,0,0,0,0,1,9,-1,6,3,-1,-1,-1,-1,-1,-1,-1,-1,0,-1
2025991569298,2025,991569298,2,1,0,-1,19,5,1,-1,0,8,0,0,0,0,4,1,-1,2,1,27,6,-1,-1,-1,-1,8,-1,0,1
2025991569606,2025,991569606,1,9,0,-1,19,2,6,-1,0,0,0,0,0,0,1,1,-1,2,1,43,7,-1,-1,-1,-1,-1,-1,0,-1
2025991569636,2025,991569636,1,8,0,-1,3,5,1,-1,0,1,0,0,0,0,3,1,-1,1,1,47,8,-1,-1,-1,-1,1,-1,0,1
2025991569686,2025,991569686,1,9,0,-1,13,8,5,-1,0,0,0,0,0,0,1,1,-1,6,2,28,6,-1,-1,-1,-1,10,-1,0,1
2025991569686,2025,991569686,3,19,0,-1,19,8,5,-1,0,0,0,0,0,0,1,1,-1,1,1,27,6,-1,-1,-1,-1,4,-1,0,4
2025991569686,2025,991569686,2,9,0,-1,19,5,8,-1,0,0,0,0,0,0,1,1,-1,6,1,50,8,-1,-1,-1,-1,4,-1,0,4
2025991569690,2025,991569690,1,9,0,-1,5,3,7,-1,0,4,0,0,0,0,1,1,-1,6,2,44,7,-1,-1,-1,-1,4,-1,0,1
2025991569690,2025,991569690,2,9,0,-1,19,1,5,-1,0,4,0,0,0,0,1,1,-1,6,2,32,6,-1,-1,-1,-1,10,-1,0,1
2025991569840,2025,991569840,2,8,0,-1,19,7,3,-1,2,1,0,0,0,0,1,1,-1,1,1,65,9,-1,-1,-1,-1,10,-1,0,2
2025991569840,2025,991569840,1,9,0,-1,9,3,1,-1,0,5,0,0,0,0,4,1,-1,6,2,78,11,-1,-1,-1,-1,7,-1,0,1
2025991569854,2025,991569854,2,9,0,-1,9,6,4,-1,0,0,0,0,0,0,1,1,-1,2,1,30,6,-1,-1,-1,-1,3,-1,0,1
2025991569854,2025,991569854,1,5,0,-1,19,4,8,-1,0,0,5,0,0,0,1,1,-1,6,1,28,6,-1,-1,-1,-1,5,-1,0,1
2025991569883,2025,991569883,2,9,0,-1,2,0,0,-1,0,0,0,0,0,0,3,1,-1,6,3,-1,-1,-1,-1,-1,-1,-1,-1,0,-1
2025991569883,2025,991569883,1,1,0,-1,19,6,2,-1,0,0,5,4,0,0,1,1,-1,6,1,60,9,-1,-1,-1,-1,8,-1,0,1
2025991570004,2025,991570004,1,9,0,-1,19,1,6,-1,0,8,0,0,0,0,3,1,-1,7,1,45,7,-1,-1,-1,-1,2,-1,0,1
2025991570193,2025,991570193,1,9,0,-1,4,1,5,-1,0,7,0,0,0,0,2,1,-1,6,2,45,7,-1,-1,-1,-1,-1,-1,0,-1
2025991570193,2025,991570193,2,9,0,-1,4,1,5,-1,0,1,0,0,0,0,1,1,-1,6,1,76,11,-1,-1,-1,-1,4,-1,0,4
2025991570349,2025,991570349,1,9,0,-1,19,6,2,-1,0,0,2,0,1,3,1,1,-1,1,2,18,4,-1,-1,-1,-1,8,-1,0,4
2025991570384,2025,991570384,1,9,0,-1,9,6,1,-1,0,0,0,0,0,0,1,1,-1,2,1,56,9,-1,-1,-1,-1,-1,-1,0,-1
2025991570408,2025,991570408,1,9,0,-1,19,6,3,-1,0,0,1,0,1,4,1,1,-1,9,1,35,6,-1,-1,-1,-1,-1,-1,0,-1
2025991570527,2025,991570527,2,9,0,-1,19,5,1,-1,0,1,0,0,0,0,1,1,-1,9,2,41,7,-1,-1,-1,-1,2,-1,0,1
2025991570527,2025,991570527,1,9,0,-1,19,3,5,-1,0,2,0,0,0,0,4,1,-1,2,1,38,7,-1,-1,-1,-1,2,-1,0,1
2025991570659,2025,991570659,1,9,0,-1,9,7,4,-1,0,0,0,0,0,0,4,2,-1,6,1,40,7,-1,-1,-1,-1,-1,-1,0,-1
2025991570659,2025,991570659,2,1,0,-1,9,4,7,-1,4,0,0,0,0,0,4,1,-1,2,2,35,6,-1,-1,-1,-1,-1,-1,0,-1
2025991570661,2025,991570661,2,9,0,-1,19,4,8,-1,0,0,0,0,1,0,1,1,-1,6,1,73,10,-1,-1,-1,-1,8,-1,0,2
2025991570661,2025,991570661,1,9,0,-1,15,8,4,-1,0,0,0,0,0,0,1,1,-1,6,1,22,5,-1,-1,-1,-1,-1,-1,0,-1
2025991570732,2025,991570732,1,9,0,-1,19,8,4,-1,0,0,1,0,1,5,1,1,-1,9,1,52,8,-1,-1,-1,-1,9,-1,0,1
2025991570732,2025,991570732,2,9,0,-1,2,0,0,-1,-1,0,1,0,1,0,2,1,-1,9,1,60,9,-1,-1,-1,-1,3,-1,0,2
2025991570783,2025,991570783,2,9,0,-1,9,2,8,-1,0,8,0,0,0,0,1,1,-1,9,2,53,8,-1,-1,-1,-1,10,-1,0,1
2025991570783,2025,991570783,1,1,0,-1,5,7,2,-1,0,8,0,0,0,0,3,1,-1,9,1,44,7,-1,-1,-1,-1,7,-1,0,1
2025991570807,2025,991570807,4,9,0,-1,19,7,3,-1,0,0,0,0,0,0,2,2,-1,6,1,53,8,-1,-1,-1,-1,-1,-1,0,-1
2025991570807,2025,991570807,1,9,0,-1,19,7,3,-1,0,0,0,0,0,0,1,2,-1,9,1,30,6,-1,-1,-1,-1,-1,-1,0,-1
2025991570807,2025,991570807,2,9,0,-1,19,7,3,-1,0,0,0,0,0,0,2,2,-1,6,1,54,8,-1,-1,-1,-1,4,-1,0,4
2025991570807,2025,991570807,3,9,0,-1,19,7,3,-1,0,0,0,0,0,0,2,2,-1,6,1,30,6,-1,-1,-1,-1,3,-1,0,2
2025991570828,2025,991570828,2,9,0,-1,19,8,4,-1,0,0,1,4,5,6,1,1,-1,9,2,25,5,-1,-1,-1,-1,3,-1,0,1
2025991570828,2025,991570828,1,9,0,-1,2,0,0,-1,0,0,0,0,0,0,4,1,-1,9,1,36,7,-1,-1,-1,-1,1,E01011349,0,5
2025991570974,2025,991570974,1,9,0,-1,19,3,7,-1,0,2,0,0,0,0,3,1,-1,9,2,59,9,-1,-1,-1,-1,3,-1,0,4
2025991571015,2025,991571015,2,5,0,-1,13,3,7,-1,0,0,0,0,0,0,1,1,-1,9,1,37,7,-1,-1,-1,-1,5,-1,0,2
2025991571015,2025,991571015,1,9,0,-1,13,3,7,-1,0,0,0,0,0,0,2,1,-1,9,1,18,4,-1,-1,-1,-1,-1,-1,0,-1
2025991571070,2025,991571070,1,9,0,-1,9,4,1,-1,0,5,0,0,0,0,1,1,-1,6,2,81,11,-1,-1,-1,-1,10,-1,0,1
2025991571070,2025,991571070,2,9,0,-1,4,1,4,-1,0,1,0,0,0,0,1,1,-1,9,2,69,10,-1,-1,-1,-1,6,-1,0,2
2025991571079,2025,991571079,1,9,0,-1,19,5,1,-1,0,0,1,10,2,0,4,1,-1,9,1,37,7,-1,-1,-1,-1,7,-1,0,1
2025991571172,2025,991571172,1,9,0,-1,19,1,5,-1,0,1,0,1,0,0,1,1,-1,9,1,33,6,-1,-1,-1,-1,6,-1,0,1
2025991571172,2025,991571172,2,9,0,-1,19,3,7,-1,0,1,0,0,0,0,3,1,-1,9,1,29,6,-1,-1,-1,-1,-1,-1,0,-1
2025991571172,2025,991571172,3,8,0,-1,19,1,5,-1,0,1,0,0,0,0,0,1,-1,1,1,46,8,-1,-1,-1,-1,2,-1,0,2
2025991571173,2025,991571173,1,9,0,-1,19,5,1,-1,0,1,0,0,1,1,1,1,-1,6,2,74,10,-1,-1,-1,-1,3,-1,0,3
2025991571173,2025,991571173,2,9,0,-1,7,5,1,-1,0,1,1,0,1,9,1,9,-1,6,3,16,4,-1,-1,-1,-1,-1,-1,0,-1
2025991571175,2025,991571175,2,9,0,-1,19,1,5,-1,0,8,0,0,0,0,1,1,-1,1,1,46,8,-1,-1,-1,-1,2,-1,0,2
2025991571175,2025,991571175,1,9,0,-1,19,3,7,-1,0,8,0,0,0,0,1,1,-1,9,1,29,6,-1,-1,-1,-1,-1,-1,0,-1
2025991571200,2025,991571200,2,9,0,-1,2,0,0,-1,0,0,0,0,0,0,2,1,-1,6,-1,-1,-1,-1,-1,-1,-1,-1,-1,0,-1
2025991571200,2025,991571200,1,9,0,-1,19,7,3,-1,0,0,0,0,0,0,1,1,-1,9,2,30,6,-1,-1,-1,-1,6,-1,0,1
2025991571236,2025,991571236,1,9,0,-1,4,2,6,-1,0,0,0,0,0,0,3,1,-1,9,2,46,8,-1,-1,-1,-1,-1,-1,0,-1
2025991571237,2025,991571237,1,9,0,-1,19,7,2,-1,0,0,0,0,7,4,3,1,-1,9,2,22,5,-1,-1,-1,-1,2,-1,0,4
2025991571241,2025,991571241,2,9,0,-1,19,2,6,-1,0,0,1,0,0,0,4,1,-1,9,1,34,6,-1,-1,-1,-1,3,-1,0,1
2025991571241,2025,991571241,1,90,0,-1,19,2,6,-1,0,0,1,6,0,0,2,1,-1,9,2,88,11,-1,-1,-1,-1,6,-1,0,4
2025991571247,2025,991571247,1,9,0,-1,19,7,3,-1,0,0,1,0,1,11,4,1,-1,9,1,51,8,-1,-1,-1,-1,2,-1,0,2
2025991571323,2025,991571323,1,9,0,-1,19,1,5,-1,0,0,0,0,0,0,1,1,-1,6,1,60,9,-1,-1,-1,-1,10,-1,0,1
2025991571329,2025,991571329,1,9,0,-1,5,3,7,-1,0,2,0,0,0,0,1,1,-1,2,1,38,7,-1,-1,-1,-1,4,-1,0,1
2025991571329,2025,991571329,2,19,0,-1,19,8,4,-1,0,1,0,0,0,0,1,1,-1,1,1,47,8,-1,-1,-1,-1,3,-1,0,1
2025991571349,2025,991571349,1,9,0,-1,19,6,2,-1,0,3,0,0,1,4,1,1,-1,9,1,71,10,-1,-1,-1,-1,10,W01000344,0,5
2025991571394,2025,991571394,1,9,0,-1,19,6,3,-1,0,0,1,0,1,4,1,1,-1,9,1,73,10,-1,-1,-1,-1,9,-1,0,4
2025991571396,2025,991571396,2,9,0,-1,19,4,8,-1,0,0,0,0,0,0,1,1,-1,9,2,45,7,-1,-1,-1,-1,10,-1,0,4
2025991571396,2025,991571396,3,9,0,-1,19,5,8,-1,0,0,0,0,0,0,2,1,-1,6,1,32,6,-1,-1,-1,-1,8,-1,0,3
2025991571396,2025,991571396,1,90,0,-1,11,4,8,-1,0,0,0,0,0,0,0,1,-1,6,-1,98,11,-1,-1,-1,-1,-1,-1,0,-1
2025991571493,2025,991571493,1,9,0,-1,19,3,7,-1,0,0,0,0,0,0,1,2,-1,9,1,44,7,-1,-1,-1,-1,-1,-1,0,-1
2025991571643,2025,991571643,1,9,0,-1,19,3,7,-1,0,2,0,0,0,0,1,1,-1,2,2,38,7,-1,-1,-1,-1,4,-1,0,1
2025991571656,2025,991571656,1,3,0,-1,19,4,8,-1,0,1,0,0,0,0,0,1,-1,6,2,33,6,-1,-1,-1,-1,8,-1,0,1
2025991571656,2025,991571656,2,9,0,-1,19,6,8,-1,0,6,0,0,0,0,0,9,-1,6,3,-1,-1,-1,-1,-1,-1,-1,-1,0,-1
2025991571677,2025,991571677,1,9,0,-1,19,3,7,-1,0,1,0,0,0,0,4,1,-1,6,2,44,7,-1,-1,-1,-1,3,-1,0,1
2025991571679,2025,991571679,2,9,0,-1,10,1,5,-1,0,5,0,0,3,0,1,1,-1,6,2,23,5,-1,-1,-1,-1,2,-1,0,1
2025991571679,2025,991571679,1,5,0,-1,19,5,1,-1,0,1,5,0,0,0,1,1,-1,6,1,34,6,-1,-1,-1,-1,-1,-1,0,-1
2025991571730,2025,991571730,1,5,0,-1,19,3,7,-1,0,2,1,0,0,0,3,1,-1,9,2,53,8,-1,-1,-1,-1,7,-1,0,1
2025991571730,2025,991571730,2,9,0,-1,19,7,3,-1,0,1,0,0,0,0,3,1,-1,9,1,59,9,-1,-1,-1,-1,-1,-1,0,-1
2025991571814,2025,991571814,1,19,0,-1,9,3,7,-1,0,0,0,0,0,0,1,1,-1,1,1,47,8,-1,-1,-1,-1,10,-1,0,4
2025991571814,2025,991571814,2,9,0,-1,7,8,2,-1,0,0,0,0,0,0,1,1,-1,1,1,24,5,-1,-1,-1,-1,1,-1,0,1
2025991571883,2025,991571883,1,9,0,-1,9,3,1,-1,0,6,0,0,0,0,1,1,-1,9,1,27,6,-1,-1,-1,-1,1,-1,0,1
2025991571883,2025,991571883,2,9,0,-1,19,1,5,-1,0,8,0,0,0,0,1,1,-1,9,1,44,7,-1,-1,-1,-1,2,-1,0,4
2025991571894,2025,991571894,1,9,0,-1,13,8,4,-1,0,6,0,0,0,0,1,1,-1,2,1,22,5,-1,-1,-1,-1,5,-1,0,3
2025991571894,2025,991571894,2,9,0,-1,19,1,4,-1,0,6,0,0,0,0,2,1,-1,2,1,33,6,-1,-1,-1,-1,3,-1,0,1
2025991571936,2025,991571936,1,9,0,-1,5,3,5,-1,0,0,0,0,0,0,1,1,-1,9,1,61,9,-1,-1,-1,-1,-1,-1,0,-1
2025991571989,2025,991571989,1,9,0,-1,9,3,7,-1,0,0,0,0,0,0,0,1,-1,9,1,29,6,-1,-1,-1,-1,-1,-1,0,-1
2025991571989,2025,991571989,2,90,0,-1,19,3,7,-1,0,0,5,0,0,0,1,1,-1,9,2,33,6,-1,-1,-1,-1,7,-1,0,4
2025991572153,2025,991572153,1,9,0,-1,19,1,6,-1,0,1,0,0,0,0,1,1,-1,6,2,44,7,-1,-1,-1,-1,7,-1,0,1
2025991572167,2025,991572167,1,90,0,-1,19,4,8,-1,0,1,0,0,0,0,1,1,-1,1,1,28,6,-1,-1,-1,-1,3,-1,0,4
2025991572366,2025,991572366,1,9,0,-1,19,3,7,-1,0,6,0,0,0,0,1,1,-1,9,2,46,8,-1,-1,-1,-1,2,-1,0,1
2025991572366,2025,991572366,2,9,0,-1,19,1,5,-1,0,1,0,0,0,0,1,1,-1,9,1,79,11,-1,-1,-1,-1,10,-1,0,3
2025991572399,2025,991572399,2,9,0,-1,4,7,3,-1,0,0,0,0,0,0,3,1,-1,9,2,43,7,-1,-1,-1,-1,4,-1,0,3
2025991572399,2025,991572399,1,19,0,-1,11,7,3,-1,0,0,0,0,0,0,1,1,-1,6,3,43,7,-1,-1,-1,-1,-1,-1,0,-1
2025991572406,2025,991572406,1,4,0,-1,19,3,6,-1,0,0,1,11,7,0,4,1,-1,6,1,34,6,-1,-1,-1,-1,4,-1,0,1
2025991572412,2025,991572412,1,9,0,-1,9,4,2,-1,0,0,0,0,0,0,1,1,-1,9,2,76,11,-1,-1,-1,-1,5,-1,0,1
2025991572412,2025,991572412,2,9,0,-1,19,3,6,-1,0,0,0,0,0,0,3,1,-1,9,1,20,4,-1,-1,-1,-1,4,-1,0,4
2025991572431,2025,991572431,2,19,0,-1,5,3,7,-1,0,2,0,0,0,0,1,1,-1,1,1,34,6,-1,-1,-1,-1,3,-1,0,2
2025991572431,2025,991572431,1,23,0,-1,19,1,4,-1,0,6,0,0,7,0,1,1,-1,6,1,15,3,-1,-1,-1,-1,6,-1,0,1
2025991572549,2025,991572549,1,97,0,-1,19,7,3,-1,0,0,1,12,0,0,1,1,-1,2,1,37,7,-1,-1,-1,-1,4,-1,0,2
2025991572572,2025,991572572,2,9,0,-1,4,2,6,-1,0,0,0,0,0,0,4,2,-1,9,2,27,6,-1,-1,-1,-1,1,-1,0,1
2025991572572,2025,991572572,1,9,0,-1,2,3,5,-1,0,0,0,0,0,0,0,2,-1,9,2,32,6,-1,-1,-1,-1,1,-1,0,1
2025991572613,2025,991572613,2,9,0,-1,19,1,5,-1,0,8,0,0,1,0,3,1,-1,2,1,50,8,-1,-1,-1,-1,1,-1,0,2
2025991572613,2025,991572613,1,9,0,-1,19,5,1,-1,0,8,0,0,0,0,1,1,-1,9,1,35,6,-1,-1,-1,-1,4,-1,0,2
2025991572613,2025,991572613,3,9,0,-1,19,1,5,-1,0,8,0,0,0,0,1,1,-1,9,2,32,6,-1,-1,-1,-1,8,-1,0,2
2025991572732,2025,991572732,1,9,0,-1,19,7,3,-1,0,0,1,10,7,11,1,1,-1,9,1,48,8,-1,-1,-1,-1,3,-1,0,1
2025991572732,2025,991572732,2,9,0,-1,19,3,7,-1,0,0,1,0,0,0,3,1,-1,9,2,73,10,-1,-1,-1,-1,7,-1,0,3
2025991572806,2025,991572806,1,1,0,-1,19,1,5,-1,0,1,5,0,0,0,1,1,-1,6,1,42,7,-1,-1,-1,-1,3,-1,0,1
2025991572811,2025,991572811,1,11,0,-1,4,2,6,-1,0,0,0,0,0,0,4,1,-1,1,1,57,9,-1,-1,-1,-1,3,-1,0,4
2025991572857,2025,991572857,1,3,0,-1,19,3,8,-1,0,0,1,10,2,11,1,1,-1,9,1,32,6,-1,-1,-1,-1,-1,-1,0,-1
2025991572895,2025,991572895,1,4,0,-1,14,4,8,-1,0,1,0,11,0,0,1,1,-1,9,1,21,5,-1,-1,-1,-1,2,-1,0,1
2025991572903,2025,991572903,1,9,0,-1,19,5,8,-1,0,0,0,0,0,0,1,1,-1,9,2,46,8,-1,-1,-1,-1,7,-1,0,4
2025991572903,2025,991572903,2,9,0,-1,19,5,8,-1,0,0,0,0,0,0,2,1,-1,9,2,49,8,-1,-1,-1,-1,8,E01027296,0,5
2025991572903,2025,991572903,3,19,0,-1,19,5,8,-1,0,0,0,0,0,0,2,1,-1,9,1,47,8,-1,-1,-1,-1,-1,-1,0,-1
2025991572903,2025,991572903,4,10,0,-1,19,6,8,-1,0,0,0,0,0,0,2,1,-1,9,2,47,8,-1,-1,-1,-1,2,-1,0,4
2025991572915,2025,991572915,2,9,0,-1,19,5,1,-1,0,8,0,0,0,0,3,1,-1,6,1,64,9,-1,-1,-1,-1,9,-1,0,4
2025991572915,2025,991572915,1,9,0,-1,19,3,7,-1,0,6,0,0,0,0,1,1,-1,6,1,21,5,-1,-1,-1,-1,1,-1,0,4
2025991572921,2025,991572921,1,11,0,-1,19,3,7,-1,0,2,0,0,0,0,1,1,-1,1,1,24,5,-1,-1,-1,-1,2,-1,0,2
2025991573044,2025,991573044,2,9,0,-1,19,8,3,-1,0,1,0,0,0,0,2,1,-1,9,1,37,7,-1,-1,-1,-1,2,-1,0,1
2025991573044,2025,991573044,1,23,0,-1,19,7,3,-1,0,1,0,0,0,0,1,1,-1,7,1,14,3,-1,-1,-1,-1,3,-1,0,1
2025991573056,2025,991573056,1,90,1,-1,9,6,3,-1,0,3,5,0,1,2,4,1,-1,1,1,34,6,-1,-1,-1,-1,3,E01019198,0,4
2025991573126,2025,991573126,1,9,0,-1,19,6,2,-1,0,0,0,0,0,0,4,1,-1,2,2,47,8,-1,-1,-1,-1,9,-1,0,2
2025991573127,2025,991573127,1,9,0,-1,13,6,2,-1,0,1,0,0,0,0,1,1,-1,6,1,57,9,-1,-1,-1,-1,1,E01011375,0,5
2025991573127,2025,991573127,3,9,0,-1,19,2,6,-1,0,1,0,0,1,0,1,1,-1,6,1,24,5,-1,-1,-1,-1,2,-1,0,2
2025991573127,2025,991573127,2,9,0,-1,7,6,2,-1,0,8,0,0,0,0,3,1,-1,6,1,65,9,-1,-1,-1,-1,8,-1,0,1
2025991573161,2025,991573161,1,9,0,-1,9,3,1,-1,0,6,0,0,0,0,1,9,-1,6,3,17,4,-1,-1,-1,-1,-1,-1,0,-1
2025991573161,2025,991573161,2,3,0,-1,19,5,1,-1,0,1,0,0,1,0,3,1,-1,1,1,22,5,-1,-1,-1,-1,3,-1,0,1
2025991573165,2025,991573165,1,19,0,-1,19,3,7,-1,0,1,0,0,1,0,1,1,-1,1,1,22,5,-1,-1,-1,-1,3,-1,0,4
2025991573165,2025,991573165,2,9,0,-1,9,3,1,-1,0,1,0,0,0,0,2,1,-1,9,2,41,7,-1,-1,-1,-1,9,-1,0,1
2025991573197,2025,991573197,1,9,0,-1,5,4,6,-1,0,6,0,0,0,0,1,1,-1,6,1,27,6,-1,-1,-1,-1,-1,-1,0,-1
2025991573197,2025,991573197,2,19,0,-1,19,2,6,-1,0,1,0,0,0,0,3,1,-1,1,1,29,6,-1,-1,-1,-1,-1,-1,0,-1
2025991573320,2025,991573320,1,3,0,-1,19,8,4,-1,0,0,0,0,0,0,1,1,-1,9,1,25,5,-1,-1,-1,-1,8,-1,0,1
2025991573396,2025,991573396,1,9,0,-1,19,2,7,-1,0,0,0,0,1,11,3,1,-1,1,1,38,7,-1,-1,-1,-1,-1,-1,0,-1
2025991573402,2025,991573402,1,23,0,-1,19,4,8,-1,0,0,1,0,0,0,4,1,-1,1,1,35,6,-1,-1,-1,-1,-1,-1,0,-1
2025991573608,2025,991573608,4,9,0,-1,19,5,1,-1,0,0,0,0,0,0,2,1,-1,9,2,36,7,-1,-1,-1,-1,8,-1,0,5
2025991573608,2025,991573608,2,19,0,-1,19,5,1,-1,0,0,0,0,0,0,2,1,-1,1,1,27,6,-1,-1,-1,-1,3,-1,0,2
2025991573608,2025,991573608,1,9,0,-1,19,5,1,-1,0,0,0,0,0,0,1,1,-1,2,2,23,5,-1,-1,-1,-1,8,-1,0,2
2025991573608,2025,991573608,3,9,0,-1,19,5,1,-1,0,0,0,0,0,0,2,1,-1,9,2,57,9,-1,-1,-1,-1,-1,-1,0,-1
2025991573761,2025,991573761,2,9,0,-1,7,7,2,-1,0,6,0,0,0,0,2,1,-1,6,2,32,6,-1,-1,-1,-1,5,-1,0,1
2025991573761,2025,991573761,1,9,0,-1,5,1,2,-1,0,6,0,0,0,0,1,1,-1,6,1,66,10,-1,-1,-1,-1,4,-1,0,1
2025991573831,2025,991573831,1,9,0,-1,19,3,7,-1,0,0,0,0,0,0,1,1,-1,2,1,59,9,-1,-1,-1,-1,4,-1,0,5
2025991573840,2025,991573840,1,9,0,-1,9,3,1,-1,0,1,0,0,0,0,4,1,-1,6,2,26,6,-1,-1,-1,-1,10,-1,0,3
2025991573840,2025,991573840,2,9,0,-1,19,7,3,-1,0,1,0,0,0,0,1,1,-1,6,2,34,6,-1,-1,-1,-1,7,-1,0,3
2025991573857,2025,991573857,1,5,0,-1,19,4,8,-1,0,0,0,0,0,0,3,1,-1,6,1,56,9,-1,-1,-1,-1,-1,-1,0,-1
2025991573864,2025,991573864,2,19,0,-1,19,1,4,-1,0,0,0,0,0,0,1,1,-1,2,1,40,7,-1,-1,-1,-1,5,-1,0,1
2025991573864,2025,991573864,1,9,0,-1,19,4,1,-1,0,0,0,0,0,0,1,1,-1,9,1,31,6,-1,-1,-1,-1,3,-1,0,4
2025991573880,2025,991573880,1,5,0,-1,19,8,5,-1,0,1,2,12,1,9,1,1,-1,9,1,43,7,-1,-1,-1,-1,10,-1,0,4
2025991573914,2025,991573914,1,97,0,-1,7,7,4,-1,-1,0,0,0,0,0,3,1,-1,9,1,34,6,-1,-1,-1,-1,1,-1,0,3
2025991573914,2025,991573914,2,9,0,-1,9,7,3,-1,0,0,0,0,0,0,3,1,-1,9,1,75,10,-1,-1,-1,-1,6,-1,0,1
2025991573918,2025,991573918,1,9,0,-1,4,5,8,-1,9,0,0,0,0,0,1,1,-1,6,1,36,7,-1,-1,-1,-1,-1,-1,0,-1
2025991573918,2025,991573918,2,97,0,-1,19,1,5,-1,0,0,0,8,0,0,1,1,-1,6,1,17,4,-1,-1,-1,-1,-1,-1,0,-1
2025991573986,2025,991573986,1,9,0,-1,3,1,2,-1,0,0,0,0,0,0,1,1,-1,2,1,44,7,-1,-1,-1,-1,10,-1,0,2
2025991573986,2025,991573986,2,9,0,-1,4,1,7,-1,0,0,0,0,0,0,2,1,-1,2,1,48,8,-1,-1,-1,-1,2,-1,0,2
2025991574024,2025,991574024,2,9,0,-1,19,8,4,-1,0,0,0,0,0,0,2,1,-1,2,2,67,10,-1,-1,-1,-1,-1,-1,0,-1
2025991574024,2025,991574024,1,5,0,-1,19,8,4,-1,0,0,0,0,0,0,1,1,-1,9,1,41,7,-1,-1,-1,-1,-1,-1,0,-1
2025991574026,2025,991574026,1,9,0,-1,5,7,3,-1,0,0,0,0,0,0,1,1,-1,1,1,60,9,-1,-1,-1,-1,-1,-1,0,-1
2025991574060,2025,991574060,2,9,0,-1,4,6,2,-1,0,0,0,0,0,0,2,1,-1,9,1,25,5,-1,-1,-1,-1,3,-1,0,4