collision_index,collision_year,collision_ref_no,vehicle_reference,vehicle_type,towing_and_articulation,vehicle_manoeuvre_historic,vehicle_manoeuvre,vehicle_direction_from,vehicle_direction_to,vehicle_location_restricted_lane_historic,vehicle_location_restricted_lane,junction_location,skidding_and_overturning,hit_object_in_carriageway,vehicle_leaving_carriageway,hit_object_off_carriageway,first_point_of_impact,vehicle_left_hand_drive,journey_purpose_of_driver_historic,journey_purpose_of_driver,sex_of_driver,age_of_driver,age_band_of_driver,engine_capacity_cc,propulsion_code,age_of_vehicle,generic_make_model,driver_imd_decile,lsoa_of_driver,escooter_flag,driver_distance_banding
2025991574060,2025,991574060,1,9,0,-1,19,6,2,-1,0,0,0,0,0,0,1,1,-1,9,2,33,6,-1,-1,-1,-1,5,-1,0,4
2025991574061,2025,991574061,1,9,0,-1,4,2,6,-1,0,4,0,0,0,0,4,1,-1,9,2,58,9,-1,-1,-1,-1,5,-1,0,1
2025991574061,2025,991574061,2,1,0,-1,19,8,4,-1,0,4,0,0,0,0,1,1,-1,9,1,77,11,-1,-1,-1,-1,9,-1,0,1
2025991574065,2025,991574065,2,1,0,-1,14,5,2,-1,0,1,0,8,0,0,1,1,-1,6,1,35,6,-1,-1,-1,-1,2,-1,0,2
2025991574065,2025,991574065,1,20,0,-1,2,0,0,-1,0,1,0,0,0,0,0,1,-1,1,1,30,6,-1,-1,-1,-1,-1,-1,0,-1
2025991574087,2025,991574087,1,9,0,-1,5,2,6,-1,0,8,0,0,1,0,1,1,-1,9,2,53,8,-1,-1,-1,-1,2,-1,0,1
2025991574096,2025,991574096,1,97,0,-1,19,3,7,-1,0,0,2,0,1,11,4,1,-1,9,1,51,8,-1,-1,-1,-1,-1,-1,0,-1
2025991574096,2025,991574096,2,4,0,-1,19,3,7,-1,0,0,1,0,1,0,1,1,-1,9,1,57,9,-1,-1,-1,-1,-1,-1,0,-1
2025991574106,2025,991574106,1,98,0,-1,19,7,2,-1,0,0,0,0,0,0,1,1,-1,1,1,34,6,-1,-1,-1,-1,1,-1,0,2
2025991574106,2025,991574106,2,9,0,-1,19,7,2,-1,0,0,0,0,0,0,2,1,-1,9,2,32,6,-1,-1,-1,-1,-1,-1,0,-1
2025991574188,2025,991574188,3,9,0,-1,3,7,3,-1,0,0,0,0,0,0,2,1,-1,9,1,48,8,-1,-1,-1,-1,10,-1,0,4
2025991574188,2025,991574188,2,9,0,-1,3,7,3,-1,0,0,0,0,0,0,2,1,-1,9,2,63,9,-1,-1,-1,-1,6,-1,0,5
2025991574188,2025,991574188,1,9,0,-1,19,7,3,-1,0,0,0,0,0,0,1,1,-1,9,2,34,6,-1,-1,-1,-1,7,-1,0,3
2025991574188,2025,991574188,4,9,0,-1,3,7,3,-1,0,0,0,0,0,0,3,1,-1,9,1,62,9,-1,-1,-1,-1,6,-1,0,3
2025991574202,2025,991574202,2,19,0,-1,12,1,1,-1,0,3,0,0,0,0,4,1,-1,9,1,35,6,-1,-1,-1,-1,4,E01013211,0,5
2025991574202,2025,991574202,1,9,0,-1,19,1,1,-1,0,3,0,0,0,0,4,1,-1,9,1,42,7,-1,-1,-1,-1,7,-1,0,3
2025991574258,2025,991574258,1,90,0,-1,19,6,2,-1,0,0,0,0,0,0,1,9,-1,6,3,18,4,-1,-1,-1,-1,-1,-1,0,-1
2025991574258,2025,991574258,2,9,0,-1,2,0,0,-1,0,0,0,0,0,0,2,1,-1,6,-1,-1,-1,-1,-1,-1,-1,-1,-1,0,-1
2025991574316,2025,991574316,2,9,0,-1,7,4,6,-1,0,5,0,0,0,0,4,1,-1,9,1,73,10,-1,-1,-1,-1,6,-1,0,1
2025991574316,2025,991574316,1,4,0,-1,15,4,8,-1,0,8,0,0,0,0,1,1,-1,2,1,22,5,-1,-1,-1,-1,2,-1,0,1
2025991574343,2025,991574343,1,1,0,-1,19,2,5,-1,0,8,0,0,1,0,4,1,-1,1,1,15,3,-1,-1,-1,-1,-1,-1,0,-1
2025991574343,2025,991574343,2,9,0,-1,19,1,5,-1,0,8,0,0,0,0,1,1,-1,6,1,29,6,-1,-1,-1,-1,6,-1,0,4
2025991574394,2025,991574394,2,9,0,-1,19,6,2,-1,0,0,0,0,0,0,1,1,-1,9,2,61,9,-1,-1,-1,-1,6,-1,0,3
2025991574394,2025,991574394,1,19,0,-1,15,2,6,-1,0,0,0,0,0,0,1,1,-1,1,1,30,6,-1,-1,-1,-1,7,-1,0,4
2025991574408,2025,991574408,1,9,0,-1,19,6,2,-1,0,8,0,0,1,0,1,1,-1,9,1,37,7,-1,-1,-1,-1,3,-1,0,3
2025991574421,2025,991574421,1,5,0,-1,19,4,8,-1,0,0,1,0,0,0,3,1,-1,9,2,59,9,-1,-1,-1,-1,8,-1,0,3
2025991574427,2025,991574427,1,9,0,-1,2,2,6,-1,0,1,0,0,0,0,3,1,-1,9,2,69,10,-1,-1,-1,-1,-1,-1,0,-1
2025991574427,2025,991574427,2,1,0,-1,19,2,7,-1,0,1,0,4,0,0,4,1,-1,9,1,27,6,-1,-1,-1,-1,-1,-1,0,-1
2025991574471,2025,991574471,1,9,0,-1,19,2,6,-1,0,2,0,0,0,0,1,1,-1,9,1,30,6,-1,-1,-1,-1,3,-1,0,1
2025991574483,2025,991574483,1,5,0,-1,19,1,5,-1,0,0,1,0,1,0,0,1,-1,9,1,58,9,-1,-1,-1,-1,5,E01035629,0,4
2025991574509,2025,991574509,1,9,0,-1,19,1,5,-1,0,0,0,0,0,0,1,1,-1,9,1,41,7,-1,-1,-1,-1,2,-1,0,4
2025991574509,2025,991574509,2,1,0,-1,19,1,5,-1,0,0,0,0,0,0,2,1,-1,9,1,43,7,-1,-1,-1,-1,7,-1,0,4
2025991574520,2025,991574520,2,9,0,-1,19,4,8,-1,0,0,0,0,0,0,2,1,-1,9,1,61,9,-1,-1,-1,-1,10,E01018176,0,5
2025991574520,2025,991574520,1,9,0,-1,19,4,8,-1,0,0,0,0,0,0,1,1,-1,6,1,56,9,-1,-1,-1,-1,10,-1,0,4
2025991574520,2025,991574520,3,9,0,-1,19,4,8,-1,0,0,0,0,0,0,2,1,-1,6,1,60,9,-1,-1,-1,-1,9,-1,0,3
2025991574526,2025,991574526,3,5,0,-1,19,3,7,-1,0,0,2,0,0,0,1,1,-1,9,1,54,8,-1,-1,-1,-1,4,-1,0,4
2025991574526,2025,991574526,1,9,0,-1,19,3,7,-1,0,0,0,0,0,0,0,1,-1,9,2,74,10,-1,-1,-1,-1,4,-1,0,1
2025991574526,2025,991574526,2,9,0,-1,19,3,7,-1,0,0,0,0,0,0,2,1,-1,9,1,64,9,-1,-1,-1,-1,3,-1,0,3
2025991574542,2025,991574542,1,9,0,-1,19,2,6,-1,0,0,0,0,7,4,1,1,-1,9,1,19,4,-1,-1,-1,-1,9,-1,0,1
2025991574552,2025,991574552,2,9,0,-1,10,1,7,-1,0,1,0,0,0,0,2,1,-1,9,2,18,4,-1,-1,-1,-1,3,-1,0,3
2025991574552,2025,991574552,1,9,0,-1,10,2,6,-1,0,1,0,0,0,0,1,1,-1,9,1,74,10,-1,-1,-1,-1,4,-1,0,3
2025991574607,2025,991574607,2,9,0,-1,19,7,3,-1,0,0,0,0,0,0,1,2,-1,9,2,40,7,-1,-1,-1,-1,2,E01006112,0,5
2025991574607,2025,991574607,1,9,0,-1,19,3,7,-1,0,0,1,0,0,0,1,2,-1,9,2,42,7,-1,-1,-1,-1,6,-1,0,2
2025991574609,2025,991574609,1,9,0,-1,19,8,5,-1,0,4,0,0,0,0,1,1,-1,2,2,55,8,-1,-1,-1,-1,9,-1,0,3
2025991574609,2025,991574609,2,3,0,-1,9,5,3,-1,0,3,1,0,0,0,4,1,-1,6,1,40,7,-1,-1,-1,-1,1,-1,0,1
2025991574640,2025,991574640,1,90,0,-1,11,7,3,-1,0,0,0,0,1,0,1,1,-1,1,1,46,8,-1,-1,-1,-1,-1,-1,0,-1
2025991574640,2025,991574640,2,9,0,-1,4,7,3,-1,0,0,0,0,0,0,2,1,-1,1,1,38,7,-1,-1,-1,-1,-1,-1,0,-1
2025991574808,2025,991574808,1,97,0,-1,19,3,7,-1,0,8,0,4,0,0,1,1,-1,6,1,49,8,-1,-1,-1,-1,3,-1,0,1
2025991574808,2025,991574808,2,9,0,-1,3,7,5,-1,0,1,0,0,7,0,4,1,-1,7,2,40,7,-1,-1,-1,-1,3,-1,0,3
2025991574825,2025,991574825,1,11,0,-1,19,7,3,-1,0,0,0,0,0,0,4,1,-1,1,1,69,10,-1,-1,-1,-1,-1,-1,0,-1
2025991574855,2025,991574855,2,20,0,-1,9,4,2,-1,0,0,0,0,0,0,2,1,-1,1,1,47,8,-1,-1,-1,-1,4,-1,0,3
2025991574855,2025,991574855,1,17,0,-1,19,4,8,-1,0,0,0,0,0,0,1,1,-1,1,1,19,4,-1,-1,-1,-1,5,-1,0,1
2025991574910,2025,991574910,1,9,0,-1,19,6,2,-1,0,0,2,0,1,1,1,1,-1,6,1,57,9,-1,-1,-1,-1,6,-1,0,4
2025991574928,2025,991574928,2,1,0,-1,9,1,7,-1,0,0,0,0,0,0,1,1,-1,1,1,27,6,-1,-1,-1,-1,-1,-1,0,-1
2025991574928,2025,991574928,1,9,0,-1,4,1,5,-1,0,0,0,0,0,0,4,1,-1,6,1,60,9,-1,-1,-1,-1,-1,-1,0,-1
2025991574945,2025,991574945,2,9,0,-1,19,8,4,-1,0,1,0,0,0,0,1,1,-1,9,2,23,5,-1,-1,-1,-1,9,-1,0,1
2025991574945,2025,991574945,1,9,0,-1,19,6,4,-1,0,8,1,0,0,0,4,1,-1,9,2,18,4,-1,-1,-1,-1,1,-1,0,2
2025991574980,2025,991574980,1,9,0,-1,19,5,1,-1,0,0,0,0,0,0,1,9,-1,6,3,30,6,-1,-1,-1,-1,-1,-1,0,-1
2025991574998,2025,991574998,1,9,0,-1,19,5,1,-1,0,0,0,0,0,0,1,1,-1,9,1,68,10,-1,-1,-1,-1,-1,-1,0,-1
2025991575085,2025,991575085,1,9,0,-1,2,6,8,-1,0,0,0,0,1,0,1,1,-1,9,1,35,6,-1,-1,-1,-1,7,-1,0,3
2025991575093,2025,991575093,1,9,0,-1,19,8,3,-1,0,0,0,0,0,0,1,2,-1,9,1,18,4,-1,-1,-1,-1,6,-1,0,3
2025991575106,2025,991575106,1,9,0,-1,9,7,4,-1,0,8,0,0,0,0,1,1,-1,6,1,18,4,-1,-1,-1,-1,6,-1,0,4
2025991575106,2025,991575106,2,9,0,-1,19,8,4,-1,0,8,0,0,0,0,1,1,-1,6,2,28,6,-1,-1,-1,-1,6,-1,0,1
2025991575113,2025,991575113,1,9,0,-1,19,7,3,-1,0,0,0,0,1,11,1,1,-1,9,1,41,7,-1,-1,-1,-1,3,-1,0,1
2025991575122,2025,991575122,1,90,0,-1,19,7,3,-1,0,1,0,0,0,0,1,1,-1,1,1,66,10,-1,-1,-1,-1,4,-1,0,4
2025991575122,2025,991575122,2,9,0,-1,10,7,4,-1,0,1,0,0,0,0,2,1,-1,9,2,19,4,-1,-1,-1,-1,2,-1,0,4
2025991575148,2025,991575148,3,9,0,-1,19,6,2,-1,0,0,0,0,0,0,1,1,-1,9,2,40,7,-1,-1,-1,-1,4,-1,0,4
2025991575148,2025,991575148,2,9,0,-1,19,6,2,-1,0,0,0,0,0,0,2,1,-1,9,1,70,10,-1,-1,-1,-1,5,-1,0,4
2025991575148,2025,991575148,1,9,0,-1,19,6,2,-1,0,0,0,0,0,0,1,1,-1,9,1,24,5,-1,-1,-1,-1,7,E01028182,0,5
2025991575168,2025,991575168,2,9,0,-1,19,1,2,-1,0,1,0,0,0,0,1,1,-1,6,1,52,8,-1,-1,-1,-1,-1,-1,0,-1
2025991575168,2025,991575168,1,9,0,-1,19,3,1,-1,0,1,0,0,0,0,1,1,-1,6,1,43,7,-1,-1,-1,-1,3,-1,0,2
2025991575205,2025,991575205,1,19,0,-1,19,3,7,-1,0,1,0,0,0,0,1,1,-1,1,1,39,7,-1,-1,-1,-1,2,-1,0,3
2025991575205,2025,991575205,2,9,0,-1,9,5,1,-1,0,1,0,0,0,0,3,1,-1,9,2,47,8,-1,-1,-1,-1,3,-1,0,1
2025991575302,2025,991575302,2,1,0,-1,10,1,6,-1,0,1,0,0,0,0,4,1,-1,2,1,49,8,-1,-1,-1,-1,-1,-1,0,-1
2025991575302,2025,991575302,1,9,0,-1,9,1,6,-1,0,2,0,0,0,0,3,1,-1,6,2,23,5,-1,-1,-1,-1,-1,-1,0,-1
2025991575331,2025,991575331,1,9,0,-1,9,2,6,-1,0,1,0,0,0,0,1,1,-1,9,1,58,9,-1,-1,-1,-1,1,-1,0,4
2025991575331,2025,991575331,2,9,0,-1,19,6,2,-1,0,2,0,0,0,0,1,1,-1,9,1,42,7,-1,-1,-1,-1,-1,-1,0,-1
2025991575348,2025,991575348,1,19,0,-1,19,3,8,-1,0,0,2,0,1,0,1,1,-1,6,1,26,6,-1,-1,-1,-1,1,-1,0,1
2025991575357,2025,991575357,2,9,0,-1,19,7,3,-1,0,0,1,0,0,0,4,1,-1,9,1,18,4,-1,-1,-1,-1,-1,-1,0,-1
2025991575357,2025,991575357,1,97,0,-1,10,7,3,-1,0,0,1,0,3,0,2,1,-1,6,1,62,9,-1,-1,-1,-1,-1,-1,0,-1
2025991575391,2025,991575391,1,9,0,-1,9,2,7,-1,0,5,0,10,0,0,1,1,-1,9,2,55,8,-1,-1,-1,-1,7,-1,0,2
2025991575460,2025,991575460,1,3,0,-1,19,3,8,-1,0,1,0,0,0,0,3,1,-1,6,1,19,4,-1,-1,-1,-1,8,-1,0,2
2025991575460,2025,991575460,2,9,0,-1,19,1,6,-1,0,6,0,0,0,0,1,1,-1,6,2,55,8,-1,-1,-1,-1,-1,-1,0,-1
2025991575518,2025,991575518,3,9,0,-1,19,4,8,-1,0,0,1,0,1,0,1,1,-1,6,2,51,8,-1,-1,-1,-1,8,-1,0,5
2025991575518,2025,991575518,1,19,0,-1,4,8,4,-1,0,0,0,0,0,0,3,1,-1,9,1,48,8,-1,-1,-1,-1,6,-1,0,3
2025991575518,2025,991575518,2,11,0,-1,14,8,4,-1,0,0,1,0,7,0,1,1,-1,1,1,32,6,-1,-1,-1,-1,1,-1,0,4
2025991575537,2025,991575537,1,9,0,-1,19,2,6,-1,0,1,0,0,0,0,3,1,-1,6,2,61,9,-1,-1,-1,-1,5,-1,0,1
2025991575537,2025,991575537,2,9,0,-1,8,2,4,-1,0,1,0,0,0,0,0,1,-1,9,1,44,7,-1,-1,-1,-1,8,-1,0,2
2025991575547,2025,991575547,2,9,0,-1,19,3,7,-1,0,1,2,0,0,0,1,1,-1,2,1,32,6,-1,-1,-1,-1,6,E01025384,0,5
2025991575547,2025,991575547,1,9,0,-1,5,5,1,-1,0,6,0,0,0,0,3,1,-1,6,1,74,10,-1,-1,-1,-1,7,-1,0,1
2025991575560,2025,991575560,1,1,0,-1,19,7,3,-1,0,8,0,0,0,0,1,1,-1,6,2,0,1,-1,-1,-1,-1,-1,-1,0,-1
2025991575572,2025,991575572,2,5,0,-1,19,3,7,-1,0,1,2,0,0,0,0,1,-1,9,1,61,9,-1,-1,-1,-1,4,-1,0,3
2025991575572,2025,991575572,1,9,0,-1,9,7,5,-1,0,5,0,0,0,0,0,1,-1,6,1,31,6,-1,-1,-1,-1,2,-1,0,2
2025991575617,2025,991575617,2,9,0,-1,19,8,4,-1,0,0,0,0,0,0,1,1,-1,6,1,35,6,-1,-1,-1,-1,3,-1,0,1
2025991575617,2025,991575617,1,9,0,-1,19,4,8,-1,0,0,0,0,0,0,1,1,-1,6,1,21,5,-1,-1,-1,-1,4,-1,0,2
2025991575651,2025,991575651,3,9,0,-1,2,0,0,-1,-1,2,0,0,0,0,3,1,-1,6,-1,-1,-1,-1,-1,-1,-1,-1,-1,0,-1
2025991575651,2025,991575651,2,9,0,-1,2,0,0,-1,9,2,0,0,0,0,3,1,-1,6,-1,-1,-1,-1,-1,-1,-1,-1,-1,0,-1
2025991575651,2025,991575651,1,9,0,-1,9,2,4,-1,0,4,0,0,0,0,1,1,-1,1,2,56,9,-1,-1,-1,-1,3,-1,0,1
2025991575806,2025,991575806,1,19,0,-1,5,4,6,-1,0,0,0,0,0,0,4,1,-1,9,1,38,7,-1,-1,-1,-1,9,-1,0,4
2025991575833,2025,991575833,3,9,0,-1,19,4,8,-1,0,0,0,0,0,0,2,1,-1,2,1,41,7,-1,-1,-1,-1,4,-1,0,3
2025991575833,2025,991575833,1,9,0,-1,19,4,8,-1,0,0,0,0,0,0,1,1,-1,2,2,48,8,-1,-1,-1,-1,3,-1,0,4
2025991575833,2025,991575833,2,9,0,-1,19,4,8,-1,0,0,0,0,0,0,2,1,-1,2,1,30,6,-1,-1,-1,-1,5,-1,0,3
2025991575839,2025,991575839,1,9,0,-1,1,8,4,-1,0,0,0,0,0,0,2,1,-1,9,1,77,11,-1,-1,-1,-1,-1,-1,0,-1
2025991575889,2025,991575889,1,9,0,-1,19,3,7,-1,0,0,5,0,8,4,1,1,-1,9,1,39,7,-1,-1,-1,-1,1,E01034095,0,5
2025991575937,2025,991575937,2,9,0,-1,19,7,3,-1,0,1,0,0,0,0,1,1,-1,9,1,37,7,-1,-1,-1,-1,9,-1,0,1
2025991575937,2025,991575937,1,9,0,-1,7,1,3,-1,0,8,0,0,7,10,3,1,-1,9,1,77,11,-1,-1,-1,-1,7,-1,0,3
2025991575939,2025,991575939,1,9,0,-1,4,5,3,-1,0,0,0,0,0,0,1,1,-1,9,1,25,5,-1,-1,-1,-1,-1,-1,0,-1
2025991575939,2025,991575939,2,9,0,-1,4,5,3,-1,0,0,0,0,0,0,2,1,-1,9,1,37,7,-1,-1,-1,-1,-1,-1,0,-1
2025991576001,2025,991576001,2,1,0,-1,19,8,5,-1,0,4,0,0,0,0,1,1,-1,1,1,21,5,-1,-1,-1,-1,2,-1,0,1
2025991576001,2025,991576001,1,11,0,-1,7,1,5,-1,0,4,0,0,0,0,3,1,-1,1,1,47,8,-1,-1,-1,-1,3,-1,0,4
2025991576039,2025,991576039,1,9,0,-1,9,2,3,-1,0,1,0,0,0,0,1,1,-1,9,1,33,6,-1,-1,-1,-1,-1,-1,0,-1
2025991576042,2025,991576042,2,9,0,-1,19,4,8,-1,0,1,0,0,0,0,1,1,-1,9,1,53,8,-1,-1,-1,-1,-1,-1,0,-1
2025991576042,2025,991576042,1,9,0,-1,19,6,2,-1,0,6,0,0,7,0,1,1,-1,1,1,41,7,-1,-1,-1,-1,-1,-1,0,-1
2025991576048,2025,991576048,1,8,0,-1,1,3,7,-1,0,1,0,0,0,0,2,1,-1,1,1,31,6,-1,-1,-1,-1,2,-1,0,1
2025991576049,2025,991576049,1,5,0,-1,19,5,1,-1,0,1,0,0,0,0,1,1,-1,6,1,41,7,-1,-1,-1,-1,-1,-1,0,-1
2025991576049,2025,991576049,2,8,0,-1,6,5,1,-1,0,8,0,0,0,0,4,1,-1,1,1,57,9,-1,-1,-1,-1,-1,-1,0,-1
2025991576051,2025,991576051,1,1,0,-1,5,5,6,-1,0,0,0,0,0,0,1,1,-1,6,1,28,6,-1,-1,-1,-1,-1,-1,0,-1
2025991576051,2025,991576051,2,9,0,-1,19,1,6,-1,0,0,0,0,0,0,1,1,-1,6,2,69,10,-1,-1,-1,-1,10,-1,0,2
2025991576250,2025,991576250,2,9,0,-1,7,5,1,-1,0,0,0,0,7,0,2,1,-1,9,1,54,8,-1,-1,-1,-1,6,-1,0,1
2025991576250,2025,991576250,1,98,0,-1,11,5,1,-1,0,0,0,0,1,0,1,2,-1,6,1,42,7,-1,-1,-1,-1,3,-1,0,1
2025991576431,2025,991576431,1,9,0,-1,12,1,5,-1,0,0,1,10,6,0,2,1,-1,9,2,26,6,-1,-1,-1,-1,-1,-1,0,-1
2025991576431,2025,991576431,2,19,0,-1,19,1,5,-1,0,0,1,0,0,0,1,1,-1,9,1,45,7,-1,-1,-1,-1,8,-1,0,4
2025991576432,2025,991576432,1,9,0,-1,9,3,1,-1,0,1,0,0,0,0,1,1,-1,6,2,44,7,-1,-1,-1,-1,-1,-1,0,-1
2025991576432,2025,991576432,2,5,0,-1,19,7,3,-1,0,8,0,0,0,0,1,1,-1,9,1,56,9,-1,-1,-1,-1,10,-1,0,1
2025991576435,2025,991576435,2,17,0,-1,4,5,1,-1,0,8,0,0,0,0,1,1,-1,1,1,40,7,-1,-1,-1,-1,7,-1,0,2
2025991576435,2025,991576435,1,1,0,-1,9,3,5,-1,0,8,0,0,0,0,1,1,-1,6,2,14,3,-1,-1,-1,-1,7,-1,0,1
2025991576459,2025,991576459,1,9,0,-1,19,7,3,-1,0,0,0,0,0,0,1,1,-1,9,1,42,7,-1,-1,-1,-1,9,-1,0,1
2025991576585,2025,991576585,1,9,0,-1,19,5,1,-1,0,0,0,0,7,4,1,1,-1,6,1,19,4,-1,-1,-1,-1,9,-1,0,3
2025991576602,2025,991576602,2,9,0,-1,4,2,6,-1,0,0,0,0,0,0,2,1,-1,9,2,50,8,-1,-1,-1,-1,10,-1,0,2
2025991576602,2025,991576602,1,9,0,-1,19,3,6,-1,0,0,0,0,0,0,1,1,-1,6,1,27,6,-1,-1,-1,-1,5,-1,0,4
2025991576691,2025,991576691,1,9,0,-1,19,3,1,-1,0,1,1,0,0,0,1,1,-1,1,1,36,7,-1,-1,-1,-1,7,-1,0,4
2025991576691,2025,991576691,2,9,4,-1,19,7,3,-1,0,1,1,0,0,0,2,1,-1,9,2,28,6,-1,-1,-1,-1,3,-1,0,4
2025991576702,2025,991576702,1,1,0,-1,9,3,6,-1,0,0,5,0,0,0,2,1,-1,6,1,15,3,-1,-1,-1,-1,9,-1,0,1
2025991576702,2025,991576702,2,9,0,-1,19,4,8,-1,0,0,0,0,0,0,1,1,-1,6,1,78,11,-1,-1,-1,-1,8,-1,0,1
2025991576716,2025,991576716,2,1,0,-1,19,8,3,-1,0,1,0,0,0,0,1,1,-1,2,1,42,7,-1,-1,-1,-1,6,-1,0,1
2025991576716,2025,991576716,1,9,0,-1,7,3,6,-1,0,1,0,0,0,0,1,1,-1,6,1,29,6,-1,-1,-1,-1,1,E01011427,0,5
2025991576727,2025,991576727,1,19,0,-1,19,7,2,-1,0,0,0,0,0,0,1,1,-1,6,1,53,8,-1,-1,-1,-1,-1,-1,0,-1
2025991576727,2025,991576727,2,9,0,-1,2,7,2,-1,0,0,0,0,0,0,3,1,-1,6,2,28,6,-1,-1,-1,-1,4,-1,0,4
2025991576737,2025,991576737,4,90,0,-1,19,1,4,-1,0,0,0,0,0,0,1,1,-1,9,1,66,10,-1,-1,-1,-1,3,-1,0,4
2025991576737,2025,991576737,2,9,0,-1,19,1,5,-1,0,0,0,0,0,0,1,1,-1,9,1,40,7,-1,-1,-1,-1,9,E01014619,0,5
2025991576737,2025,991576737,3,9,0,-1,19,8,4,-1,0,0,0,0,0,0,1,1,-1,9,1,58,9,-1,-1,-1,-1,7,-1,0,5
2025991576737,2025,991576737,5,9,0,-1,19,1,4,-1,0,0,0,0,0,0,1,1,-1,9,1,34,6,-1,-1,-1,-1,5,-1,0,3
2025991576737,2025,991576737,1,9,0,-1,19,1,4,-1,0,0,0,0,0,0,1,1,-1,9,2,27,6,-1,-1,-1,-1,5,-1,0,4
2025991576857,2025,991576857,2,9,0,-1,19,5,1,-1,0,1,0,0,0,0,3,1,-1,1,1,44,7,-1,-1,-1,-1,-1,-1,0,-1
2025991576857,2025,991576857,1,9,0,-1,19,3,7,-1,0,1,0,0,0,0,4,1,-1,9,1,29,6,-1,-1,-1,-1,-1,-1,0,-1
2025991576865,2025,991576865,3,9,0,-1,2,0,0,-1,0,0,0,0,0,0,2,1,-1,9,1,66,10,-1,-1,-1,-1,6,-1,0,4
2025991576865,2025,991576865,1,9,0,-1,19,2,6,-1,0,0,0,0,0,0,1,1,-1,2,1,49,8,-1,-1,-1,-1,-1,-1,0,-1
2025991576865,2025,991576865,2,9,0,-1,4,2,6,-1,0,0,5,10,0,0,2,1,-1,9,1,68,10,-1,-1,-1,-1,2,-1,0,4
2025991576879,2025,991576879,1,11,0,-1,19,7,3,-1,0,0,0,0,0,0,1,1,-1,1,1,56,9,-1,-1,-1,-1,2,-1,0,3
2025991576927,2025,991576927,1,5,0,-1,13,3,7,-1,0,1,5,0,0,0,4,1,-1,9,1,65,9,-1,-1,-1,-1,1,-1,0,1
2025991576927,2025,991576927,2,9,0,-1,9,3,1,-1,0,8,0,0,0,0,3,1,-1,9,1,58,9,-1,-1,-1,-1,9,-1,0,3
2025991576936,2025,991576936,1,5,0,-1,19,7,3,-1,0,0,0,0,7,0,1,1,-1,6,1,67,10,-1,-1,-1,-1,8,-1,0,4
2025991576936,2025,991576936,2,19,0,-1,19,7,3,-1,0,0,0,0,0,0,0,1,-1,1,1,60,9,-1,-1,-1,-1,7,-1,0,3
2025991576941,2025,991576941,1,9,0,-1,19,6,2,-1,0,1,0,0,0,0,4,1,-1,9,2,35,6,-1,-1,-1,-1,7,-1,0,2
2025991577033,2025,991577033,2,9,0,-1,8,8,4,-1,0,1,0,0,0,0,2,1,-1,9,1,40,7,-1,-1,-1,-1,5,-1,0,1
2025991577033,2025,991577033,1,9,0,-1,8,1,4,-1,0,1,0,0,0,0,1,1,-1,6,1,39,7,-1,-1,-1,-1,1,-1,0,4
2025991577061,2025,991577061,1,9,0,-1,19,3,7,-1,0,8,0,0,0,0,4,1,-1,6,1,54,8,-1,-1,-1,-1,3,-1,0,1
2025991577100,2025,991577100,2,5,0,-1,19,5,1,-1,0,1,0,0,0,0,1,1,-1,6,1,35,6,-1,-1,-1,-1,6,-1,0,4
2025991577100,2025,991577100,1,9,0,-1,7,3,1,-1,0,6,0,0,0,0,3,1,-1,6,2,22,5,-1,-1,-1,-1,8,-1,0,3
2025991577104,2025,991577104,1,5,0,-1,19,8,3,-1,0,0,0,0,1,4,1,1,-1,9,1,44,7,-1,-1,-1,-1,8,-1,0,4
2025991577108,2025,991577108,1,19,0,-1,1,5,1,-1,0,0,0,0,0,0,2,1,-1,1,1,41,7,-1,-1,-1,-1,7,-1,0,4
2025991577219,2025,991577219,1,3,0,-1,19,5,1,-1,0,0,0,0,1,7,3,1,-1,6,1,24,5,-1,-1,-1,-1,-1,-1,0,-1
2025991577225,2025,991577225,1,5,0,-1,19,3,8,-1,0,0,2,0,1,0,1,1,-1,9,1,54,8,-1,-1,-1,-1,7,-1,0,4
2025991577238,2025,991577238,1,1,0,-1,19,4,8,-1,0,0,2,0,0,0,3,1,-1,9,1,69,10,-1,-1,-1,-1,8,W01001877,0,5
2025991577238,2025,991577238,2,9,0,-1,19,8,4,-1,0,0,0,0,0,0,4,1,-1,1,1,62,9,-1,-1,-1,-1,10,-1,0,2
2025991577243,2025,991577243,4,9,0,-1,4,3,7,-1,0,0,0,0,0,0,3,1,-1,9,1,31,6,-1,-1,-1,-1,4,-1,0,3
2025991577243,2025,991577243,1,9,0,-1,19,8,3,-1,0,0,1,0,0,0,1,1,-1,9,1,24,5,-1,-1,-1,-1,4,-1,0,2
2025991577243,2025,991577243,3,9,0,-1,4,3,7,-1,0,0,0,0,0,0,3,1,-1,9,2,32,6,-1,-1,-1,-1,4,-1,0,3
2025991577243,2025,991577243,2,9,0,-1,13,8,3,-1,0,0,1,0,0,0,4,1,-1,1,1,44,7,-1,-1,-1,-1,-1,-1,0,-1
2025991577317,2025,991577317,2,9,0,-1,19,3,7,-1,0,0,1,0,0,0,2,1,-1,9,2,53,8,-1,-1,-1,-1,3,-1,0,1
2025991577317,2025,991577317,1,19,0,-1,19,3,7,-1,0,0,0,0,0,0,1,1,-1,9,1,21,5,-1,-1,-1,-1,4,-1,0,4
2025991577320,2025,991577320,2,17,4,-1,7,3,7,-1,0,1,3,0,0,0,4,1,-1,1,1,55,8,-1,-1,-1,-1,3,-1,0,4
2025991577320,2025,991577320,1,9,0,-1,15,3,7,-1,0,1,0,0,0,0,3,1,-1,9,2,23,5,-1,-1,-1,-1,1,-1,0,4
2025991577404,2025,991577404,2,9,0,-1,7,7,5,-1,0,1,0,0,0,0,1,1,-1,6,2,23,5,-1,-1,-1,-1,2,-1,0,1
2025991577404,2025,991577404,1,97,0,-1,19,1,5,-1,0,8,0,0,0,0,4,1,-1,6,1,38,7,-1,-1,-1,-1,2,-1,0,1
2025991577421,2025,991577421,2,9,0,-1,9,7,5,-1,0,1,0,0,0,0,2,1,-1,9,1,53,8,-1,-1,-1,-1,10,-1,0,5
2025991577421,2025,991577421,1,5,0,-1,13,8,4,-1,0,1,1,0,0,0,1,1,-1,9,1,37,7,-1,-1,-1,-1,-1,-1,0,-1