collision_index,collision_year,collision_ref_no,vehicle_reference,vehicle_type,towing_and_articulation,vehicle_manoeuvre_historic,vehicle_manoeuvre,vehicle_direction_from,vehicle_direction_to,vehicle_location_restricted_lane_historic,vehicle_location_restricted_lane,junction_location,skidding_and_overturning,hit_object_in_carriageway,vehicle_leaving_carriageway,hit_object_off_carriageway,first_point_of_impact,vehicle_left_hand_drive,journey_purpose_of_driver_historic,journey_purpose_of_driver,sex_of_driver,age_of_driver,age_band_of_driver,engine_capacity_cc,propulsion_code,age_of_vehicle,generic_make_model,driver_imd_decile,lsoa_of_driver,escooter_flag,driver_distance_banding
2025991592910,2025,991592910,2,10,0,-1,5,5,3,-1,0,1,0,0,0,0,3,1,-1,1,1,53,8,-1,-1,-1,-1,-1,-1,0,-1
2025991592910,2025,991592910,1,9,0,-1,5,3,7,-1,0,1,0,0,0,0,4,1,-1,2,2,39,7,-1,-1,-1,-1,9,-1,0,4
2025991592912,2025,991592912,1,19,0,-1,13,6,2,-1,0,0,0,0,0,0,4,1,-1,2,1,61,9,-1,-1,-1,-1,8,-1,0,5
2025991592912,2025,991592912,3,9,0,-1,19,2,6,-1,0,0,0,0,1,0,1,1,-1,9,1,62,9,-1,-1,-1,-1,6,-1,0,2
2025991592912,2025,991592912,2,9,0,-1,19,6,2,-1,0,0,0,0,0,0,1,1,-1,9,1,64,9,-1,-1,-1,-1,7,-1,0,1
2025991592930,2025,991592930,1,9,0,-1,19,6,2,-1,0,1,0,0,1,0,1,1,-1,6,1,19,4,-1,-1,-1,-1,4,-1,0,2
2025991592934,2025,991592934,1,-1,0,-1,19,3,7,-1,9,0,0,0,0,0,1,1,-1,6,1,10,2,-1,-1,-1,-1,-1,-1,1,-1
2025991592939,2025,991592939,1,9,0,-1,19,7,3,-1,0,0,0,0,0,0,1,1,-1,9,2,17,4,-1,-1,-1,-1,4,-1,0,1
2025991592939,2025,991592939,2,9,0,-1,19,3,7,-1,0,0,0,0,0,0,1,1,-1,2,2,30,6,-1,-1,-1,-1,8,-1,0,1
2025991592991,2025,991592991,1,11,0,-1,7,7,1,-1,0,0,0,0,0,0,4,1,-1,1,1,54,8,-1,-1,-1,-1,-1,-1,0,-1
2025991593000,2025,991593000,2,19,0,-1,5,7,1,-1,0,4,0,0,0,0,1,1,-1,9,1,29,6,-1,-1,-1,-1,4,-1,0,4
2025991593000,2025,991593000,1,9,0,-1,19,5,1,-1,0,1,0,0,0,0,4,1,-1,9,1,80,11,-1,-1,-1,-1,3,-1,0,3
2025991593000,2025,991593000,3,9,0,-1,5,7,1,-1,0,4,0,0,0,0,1,9,-1,9,2,37,7,-1,-1,-1,-1,2,-1,0,3
2025991593028,2025,991593028,1,9,0,-1,5,5,1,-1,0,8,0,0,3,0,1,1,-1,6,1,47,8,-1,-1,-1,-1,3,-1,0,1
2025991593087,2025,991593087,1,9,0,-1,19,3,7,-1,0,0,0,0,0,0,1,1,-1,6,1,60,9,-1,-1,-1,-1,8,-1,0,2
2025991593087,2025,991593087,2,9,0,-1,19,7,3,-1,0,0,0,0,0,0,1,1,-1,6,1,57,9,-1,-1,-1,-1,6,-1,0,4
2025991593097,2025,991593097,1,11,0,-1,14,3,7,-1,0,0,0,0,0,0,1,1,-1,1,1,53,8,-1,-1,-1,-1,4,-1,0,1
2025991593181,2025,991593181,4,9,0,-1,19,5,8,-1,0,0,0,0,0,0,0,1,-1,9,2,81,11,-1,-1,-1,-1,6,-1,0,2
2025991593181,2025,991593181,3,9,0,-1,19,5,8,-1,0,0,0,0,0,0,2,1,-1,9,2,83,11,-1,-1,-1,-1,8,-1,0,4
2025991593181,2025,991593181,1,9,0,-1,19,4,8,-1,0,0,0,0,0,0,1,1,-1,9,2,81,11,-1,-1,-1,-1,7,-1,0,3
2025991593181,2025,991593181,2,9,0,-1,19,4,8,-1,0,0,0,0,0,0,2,1,-1,9,2,54,8,-1,-1,-1,-1,7,-1,0,5
2025991593182,2025,991593182,1,9,0,-1,19,6,2,-1,0,0,0,0,0,0,1,1,-1,6,1,27,6,-1,-1,-1,-1,9,-1,0,1
2025991593182,2025,991593182,2,9,0,-1,19,6,2,-1,0,0,0,0,0,0,2,1,-1,6,2,48,8,-1,-1,-1,-1,1,-1,0,1
2025991593439,2025,991593439,1,9,0,-1,10,7,3,-1,0,7,0,7,0,0,3,1,-1,9,1,42,7,-1,-1,-1,-1,3,-1,0,1
2025991593439,2025,991593439,2,9,0,-1,19,7,3,-1,0,7,0,0,0,0,1,1,-1,9,1,56,9,-1,-1,-1,-1,1,-1,0,2
2025991593440,2025,991593440,1,9,0,-1,10,7,7,-1,0,1,0,0,0,0,4,1,-1,6,1,-1,-1,-1,-1,-1,-1,-1,-1,0,-1
2025991593448,2025,991593448,2,5,0,-1,19,1,5,-1,0,0,0,0,0,0,3,1,-1,9,1,39,7,-1,-1,-1,-1,-1,-1,0,-1
2025991593448,2025,991593448,1,5,0,-1,19,1,5,-1,0,0,2,0,7,0,1,1,-1,9,1,66,10,-1,-1,-1,-1,-1,-1,0,-1
2025991593461,2025,991593461,1,9,0,-1,19,7,3,-1,0,0,0,0,0,0,1,1,-1,2,2,22,5,-1,-1,-1,-1,4,-1,0,1
2025991593559,2025,991593559,1,11,0,-1,19,7,3,-1,0,0,0,0,0,0,1,1,-1,1,1,50,8,-1,-1,-1,-1,8,-1,0,3
2025991593562,2025,991593562,1,9,0,-1,4,4,8,-1,0,8,0,0,0,0,2,1,-1,9,2,41,7,-1,-1,-1,-1,8,-1,0,1
2025991593562,2025,991593562,2,1,0,-1,19,4,8,-1,0,8,0,0,0,0,1,1,-1,2,1,43,7,-1,-1,-1,-1,9,-1,0,3
2025991593598,2025,991593598,2,9,0,-1,19,2,2,-1,0,0,0,0,0,0,1,1,-1,9,2,66,10,-1,-1,-1,-1,4,-1,0,4
2025991593598,2025,991593598,1,9,0,-1,19,2,2,-1,0,0,0,0,0,0,2,1,-1,9,1,67,10,-1,-1,-1,-1,6,E01029873,0,5
2025991593616,2025,991593616,2,9,0,-1,2,0,0,-1,0,8,0,0,0,0,4,1,-1,6,-1,-1,-1,-1,-1,-1,-1,-1,-1,0,-1
2025991593616,2025,991593616,1,23,0,-1,7,4,6,-1,0,6,0,0,0,0,1,1,-1,6,1,41,7,-1,-1,-1,-1,-1,-1,0,-1
2025991593637,2025,991593637,1,3,0,-1,19,6,3,-1,0,2,1,0,1,11,3,1,-1,9,1,17,4,-1,-1,-1,-1,8,-1,0,1
2025991593841,2025,991593841,1,9,0,-1,19,5,8,-1,0,0,5,0,7,0,1,1,-1,9,1,34,6,-1,-1,-1,-1,1,-1,0,5
2025991593856,2025,991593856,2,21,4,-1,19,6,3,-1,0,0,0,0,0,0,1,1,-1,1,1,57,9,-1,-1,-1,-1,8,-1,0,3
2025991593856,2025,991593856,1,9,0,-1,19,3,6,-1,0,0,0,0,0,0,1,1,-1,9,1,24,5,-1,-1,-1,-1,10,-1,0,1
2025991593862,2025,991593862,1,9,0,-1,1,4,1,-1,0,0,0,0,0,0,2,1,-1,2,2,21,5,-1,-1,-1,-1,4,-1,0,1
2025991593874,2025,991593874,1,5,0,-1,13,7,3,-1,0,0,1,0,7,0,1,1,-1,9,1,48,8,-1,-1,-1,-1,3,-1,0,1
2025991593874,2025,991593874,2,9,0,-1,19,3,7,-1,0,0,0,0,0,0,1,9,-1,9,2,71,10,-1,-1,-1,-1,4,-1,0,4
2025991593874,2025,991593874,3,90,0,-1,19,7,3,-1,0,0,0,0,0,0,2,9,-1,9,1,83,11,-1,-1,-1,-1,7,-1,0,5
2025991593887,2025,991593887,1,21,0,-1,7,1,4,-1,0,6,0,0,0,0,2,1,-1,1,1,40,7,-1,-1,-1,-1,1,-1,0,4
2025991593887,2025,991593887,2,18,-1,-1,2,1,6,-1,1,8,0,0,0,0,4,1,-1,1,2,47,8,-1,-1,-1,-1,8,-1,0,3
2025991593904,2025,991593904,1,9,0,-1,19,3,7,-1,0,0,0,0,0,0,4,1,-1,9,2,75,10,-1,-1,-1,-1,3,-1,0,1
2025991593924,2025,991593924,1,90,0,-1,14,7,3,-1,2,0,0,7,0,0,3,1,-1,1,1,25,5,-1,-1,-1,-1,7,-1,0,3
2025991593950,2025,991593950,3,21,1,-1,19,3,7,-1,0,0,0,0,0,0,3,1,-1,1,1,63,9,-1,-1,-1,-1,7,-1,0,4
2025991593950,2025,991593950,4,9,0,-1,19,7,3,-1,0,0,0,0,0,0,3,1,-1,9,2,66,10,-1,-1,-1,-1,7,-1,0,1
2025991593950,2025,991593950,5,9,0,-1,19,3,7,-1,0,0,0,0,0,0,2,1,-1,9,2,39,7,-1,-1,-1,-1,1,-1,0,4
2025991593950,2025,991593950,1,5,0,-1,13,3,7,-1,0,0,0,0,0,0,4,1,-1,6,1,56,9,-1,-1,-1,-1,7,-1,0,2
2025991593950,2025,991593950,2,5,0,-1,19,3,7,-1,0,0,0,0,0,0,1,1,-1,9,1,60,9,-1,-1,-1,-1,-1,-1,0,-1
2025991594007,2025,991594007,1,9,0,-1,9,4,1,-1,0,1,0,0,0,0,1,1,-1,9,2,46,8,-1,-1,-1,-1,5,-1,0,1
2025991594007,2025,991594007,2,1,0,-1,19,7,4,-1,0,1,0,0,0,0,1,1,-1,9,1,40,7,-1,-1,-1,-1,2,-1,0,2
2025991594031,2025,991594031,2,9,0,-1,9,8,4,-1,0,2,0,0,0,0,1,1,-1,9,1,53,8,-1,-1,-1,-1,2,-1,0,1
2025991594031,2025,991594031,1,9,0,-1,19,5,8,-1,0,1,1,0,0,0,1,1,-1,9,1,20,4,-1,-1,-1,-1,4,-1,0,1
2025991594043,2025,991594043,1,9,0,-1,19,1,5,-1,0,0,0,0,1,7,1,1,-1,9,1,51,8,-1,-1,-1,-1,8,-1,0,3
2025991594060,2025,991594060,1,5,0,-1,7,5,1,-1,0,0,0,0,0,0,1,1,-1,6,1,48,8,-1,-1,-1,-1,5,-1,0,4
2025991594060,2025,991594060,3,9,0,-1,19,5,1,-1,0,0,0,0,0,0,0,1,-1,2,1,56,9,-1,-1,-1,-1,6,-1,0,4
2025991594060,2025,991594060,2,20,0,-1,9,1,5,-1,0,0,0,0,0,0,3,1,-1,1,1,36,7,-1,-1,-1,-1,6,-1,0,2
2025991594063,2025,991594063,1,9,0,-1,7,4,8,-1,0,0,5,0,7,0,0,2,-1,6,1,17,4,-1,-1,-1,-1,7,-1,0,2
2025991594065,2025,991594065,1,9,0,-1,19,6,2,-1,0,1,0,11,0,0,1,1,-1,6,2,71,10,-1,-1,-1,-1,9,-1,0,1
2025991594117,2025,991594117,1,9,0,-1,7,7,3,-1,0,0,1,0,7,2,1,1,-1,1,2,31,6,-1,-1,-1,-1,-1,-1,0,-1
2025991594167,2025,991594167,3,9,0,-1,2,0,0,-1,0,1,5,0,0,0,4,1,-1,6,-1,-1,-1,-1,-1,-1,-1,-1,-1,0,-1
2025991594167,2025,991594167,2,11,0,-1,19,2,6,-1,0,8,0,4,7,3,4,1,-1,1,2,65,9,-1,-1,-1,-1,8,-1,0,3
2025991594167,2025,991594167,1,9,0,-1,19,5,8,-1,0,6,0,0,0,0,1,1,-1,9,1,45,7,-1,-1,-1,-1,7,-1,0,4
2025991594167,2025,991594167,4,9,0,-1,2,0,0,-1,0,1,0,0,0,0,3,1,-1,6,-1,-1,-1,-1,-1,-1,-1,-1,-1,0,-1
2025991594169,2025,991594169,1,20,0,-1,19,1,5,-1,0,0,0,0,0,0,4,1,-1,1,1,36,7,-1,-1,-1,-1,2,-1,0,1
2025991594231,2025,991594231,1,9,0,-1,5,7,3,-1,0,0,0,0,0,0,4,1,-1,9,2,20,4,-1,-1,-1,-1,3,-1,0,1
2025991594274,2025,991594274,2,9,0,-1,19,5,1,-1,0,3,0,0,0,0,1,1,-1,9,2,36,7,-1,-1,-1,-1,-1,-1,0,-1
2025991594274,2025,991594274,1,9,0,-1,11,5,1,-1,0,8,1,0,0,0,3,1,-1,9,1,20,4,-1,-1,-1,-1,1,-1,0,4
2025991594336,2025,991594336,2,9,0,-1,19,8,4,-1,0,1,0,0,0,0,1,1,-1,9,2,51,8,-1,-1,-1,-1,8,-1,0,1
2025991594336,2025,991594336,1,9,0,-1,19,3,7,-1,0,1,0,0,0,0,1,1,-1,9,2,42,7,-1,-1,-1,-1,8,-1,0,4
2025991594355,2025,991594355,2,9,0,-1,19,7,3,-1,0,1,0,0,0,0,1,1,-1,6,1,60,9,-1,-1,-1,-1,-1,-1,0,-1
2025991594355,2025,991594355,1,9,0,-1,9,3,1,-1,0,1,0,0,0,0,4,1,-1,2,1,23,5,-1,-1,-1,-1,-1,-1,0,-1
2025991594359,2025,991594359,2,19,0,-1,2,0,0,-1,0,0,0,0,0,0,1,1,-1,6,-1,-1,-1,-1,-1,-1,-1,-1,-1,0,-1
2025991594359,2025,991594359,1,90,0,-1,19,8,4,-1,0,0,0,0,0,0,0,1,-1,9,1,37,7,-1,-1,-1,-1,1,-1,0,1
2025991594420,2025,991594420,2,3,0,-1,10,4,2,-1,0,1,0,0,0,0,1,1,-1,1,1,24,5,-1,-1,-1,-1,5,-1,0,1
2025991594420,2025,991594420,1,8,0,-1,5,2,4,-1,0,8,0,4,0,0,1,1,-1,6,3,-1,-1,-1,-1,-1,-1,-1,-1,0,-1
2025991594427,2025,991594427,1,8,0,-1,19,3,7,-1,0,0,0,0,0,0,1,1,-1,1,2,55,8,-1,-1,-1,-1,9,-1,0,3
2025991594487,2025,991594487,1,9,0,-1,19,1,5,-1,0,4,0,0,7,0,1,1,-1,2,1,55,8,-1,-1,-1,-1,3,-1,0,1
2025991594487,2025,991594487,2,9,0,-1,19,7,3,-1,0,8,0,0,0,0,4,1,-1,9,2,37,7,-1,-1,-1,-1,4,-1,0,1
2025991594500,2025,991594500,1,9,0,-1,19,7,3,-1,0,2,0,0,0,0,1,1,-1,6,1,49,8,-1,-1,-1,-1,10,-1,0,1
2025991594519,2025,991594519,1,9,0,-1,9,3,1,-1,0,8,0,0,0,0,1,1,-1,9,1,55,8,-1,-1,-1,-1,6,-1,0,3
2025991594519,2025,991594519,2,9,0,-1,19,8,5,-1,0,8,2,0,0,0,4,1,-1,9,1,36,7,-1,-1,-1,-1,5,-1,0,1
2025991594545,2025,991594545,1,5,0,-1,19,1,5,-1,0,0,0,0,1,0,3,1,-1,9,1,62,9,-1,-1,-1,-1,-1,-1,0,-1
2025991594549,2025,991594549,1,9,0,-1,5,3,7,-1,5,0,0,0,0,0,1,1,-1,6,2,77,11,-1,-1,-1,-1,5,-1,0,1
2025991594574,2025,991594574,2,9,0,-1,7,2,6,-1,0,4,0,0,0,0,1,1,-1,6,1,79,11,-1,-1,-1,-1,7,-1,0,1
2025991594574,2025,991594574,3,19,0,-1,19,8,2,-1,0,8,0,0,0,0,0,1,-1,2,1,29,6,-1,-1,-1,-1,5,-1,0,1
2025991594574,2025,991594574,1,2,0,-1,7,2,6,-1,0,4,5,0,0,0,2,1,-1,6,1,61,9,-1,-1,-1,-1,8,-1,0,3
2025991594615,2025,991594615,1,9,0,-1,19,8,4,-1,0,8,0,0,0,0,1,1,-1,9,2,33,6,-1,-1,-1,-1,1,-1,0,2
2025991594615,2025,991594615,2,9,0,-1,19,4,8,-1,0,1,0,0,0,0,1,1,-1,9,1,65,9,-1,-1,-1,-1,1,-1,0,2
2025991594629,2025,991594629,2,9,0,-1,19,2,7,-1,0,0,0,0,1,0,1,2,-1,9,1,46,8,-1,-1,-1,-1,-1,-1,0,-1
2025991594629,2025,991594629,1,5,0,-1,19,7,2,-1,0,0,0,0,7,0,1,1,-1,9,1,57,9,-1,-1,-1,-1,-1,-1,0,-1
2025991594644,2025,991594644,2,9,0,-1,19,6,7,-1,0,0,0,0,0,0,1,1,-1,6,1,85,11,-1,-1,-1,-1,7,-1,0,1
2025991594644,2025,991594644,1,9,0,-1,19,6,2,-1,0,0,0,0,0,0,1,1,-1,6,2,27,6,-1,-1,-1,-1,8,-1,0,3
2025991594690,2025,991594690,1,9,0,-1,19,5,1,-1,0,0,0,0,0,0,1,1,-1,9,2,49,8,-1,-1,-1,-1,-1,-1,0,-1
2025991594690,2025,991594690,2,9,0,-1,19,1,5,-1,0,0,0,0,0,0,1,1,-1,9,2,42,7,-1,-1,-1,-1,8,-1,0,1
2025991594739,2025,991594739,1,9,0,-1,7,3,7,-1,0,8,0,0,0,0,1,1,-1,6,1,70,10,-1,-1,-1,-1,3,-1,0,1
2025991594739,2025,991594739,2,9,0,-1,19,1,5,-1,0,1,0,0,7,0,1,1,-1,6,1,21,5,-1,-1,-1,-1,-1,-1,0,-1
2025991594788,2025,991594788,1,9,0,-1,4,7,3,-1,0,1,0,0,0,0,4,1,-1,9,2,54,8,-1,-1,-1,-1,-1,-1,0,-1
2025991594836,2025,991594836,3,9,0,-1,11,7,3,-1,0,0,0,0,0,0,0,1,-1,9,1,23,5,-1,-1,-1,-1,10,-1,0,5
2025991594836,2025,991594836,1,9,0,-1,19,3,7,-1,0,0,1,0,7,0,2,1,-1,9,1,18,4,-1,-1,-1,-1,-1,-1,0,-1
2025991594836,2025,991594836,2,9,0,-1,19,3,7,-1,0,0,0,0,0,0,3,1,-1,9,2,34,6,-1,-1,-1,-1,7,-1,0,2
2025991594836,2025,991594836,5,9,0,-1,19,3,7,-1,0,0,0,0,0,0,1,1,-1,9,1,31,6,-1,-1,-1,-1,4,-1,0,5
2025991594836,2025,991594836,4,9,0,-1,19,3,7,-1,0,0,0,0,0,0,2,1,-1,9,2,28,6,-1,-1,-1,-1,6,-1,0,2
2025991594861,2025,991594861,1,1,0,-1,19,7,3,-1,0,0,5,0,0,0,3,1,-1,9,1,85,11,-1,-1,-1,-1,2,-1,0,1
2025991594879,2025,991594879,2,9,0,-1,20,7,3,-1,0,0,0,0,0,0,1,1,-1,9,1,43,7,-1,-1,-1,-1,8,-1,0,3
2025991594879,2025,991594879,1,4,0,-1,19,7,2,-1,0,0,0,0,0,0,4,1,-1,9,1,23,5,-1,-1,-1,-1,10,-1,0,2
2025991594884,2025,991594884,1,9,0,-1,19,8,4,-1,0,0,1,0,7,11,4,1,-1,9,1,17,4,-1,-1,-1,-1,9,-1,0,2
2025991594928,2025,991594928,1,97,0,-1,19,7,3,-1,0,6,0,0,0,0,1,1,-1,9,1,20,4,-1,-1,-1,-1,10,-1,0,1
2025991594928,2025,991594928,2,9,0,-1,19,1,5,-1,0,8,0,0,0,0,3,1,-1,9,2,48,8,-1,-1,-1,-1,10,-1,0,1
2025991594938,2025,991594938,1,8,0,-1,19,4,8,-1,0,0,0,0,1,9,4,1,-1,1,1,61,9,-1,-1,-1,-1,5,-1,0,4
2025991594956,2025,991594956,1,9,0,-1,3,1,7,-1,9,6,0,0,1,0,1,1,-1,6,1,71,10,-1,-1,-1,-1,-1,-1,0,-1
2025991594961,2025,991594961,1,9,0,-1,19,4,8,-1,0,4,1,9,7,1,4,1,-1,9,1,17,4,-1,-1,-1,-1,9,-1,0,4
2025991594968,2025,991594968,1,9,0,-1,19,7,3,-1,0,0,0,0,7,10,1,1,-1,9,1,76,11,-1,-1,-1,-1,9,-1,0,4
2025991595086,2025,991595086,2,9,0,-1,4,1,5,-1,0,1,1,0,0,0,2,1,-1,6,1,18,4,-1,-1,-1,-1,10,-1,0,1
2025991595086,2025,991595086,1,9,0,-1,19,1,5,-1,0,1,0,0,0,0,1,1,-1,6,1,51,8,-1,-1,-1,-1,4,-1,0,2
2025991595098,2025,991595098,2,9,0,-1,19,3,8,-1,0,0,0,0,0,0,1,1,-1,2,2,26,6,-1,-1,-1,-1,4,-1,0,1
2025991595098,2025,991595098,1,19,0,-1,19,8,4,-1,0,0,0,0,0,0,1,1,-1,1,1,19,4,-1,-1,-1,-1,2,-1,0,1
2025991595147,2025,991595147,1,9,0,-1,19,2,6,-1,0,4,0,0,0,0,1,1,-1,1,1,42,7,-1,-1,-1,-1,8,-1,0,1
2025991595177,2025,991595177,2,19,0,-1,2,8,4,-1,0,0,0,0,0,0,4,1,-1,9,1,41,7,-1,-1,-1,-1,4,-1,0,2
2025991595177,2025,991595177,1,9,0,-1,9,7,4,-1,0,0,0,0,0,0,3,1,-1,9,2,44,7,-1,-1,-1,-1,6,-1,0,1
2025991595191,2025,991595191,1,18,-1,-1,5,1,5,-1,1,2,0,0,0,0,4,1,-1,1,2,47,8,-1,-1,-1,-1,-1,-1,0,-1
2025991595191,2025,991595191,2,21,1,-1,7,1,3,-1,0,5,0,0,0,0,2,1,-1,1,1,40,7,-1,-1,-1,-1,1,-1,0,4
2025991595218,2025,991595218,1,9,0,-1,19,6,2,-1,0,0,1,0,0,0,1,1,-1,9,1,40,7,-1,-1,-1,-1,8,-1,0,4
2025991595218,2025,991595218,2,9,0,-1,19,2,6,-1,0,0,1,0,0,0,1,1,-1,9,2,36,7,-1,-1,-1,-1,5,-1,0,2
2025991595223,2025,991595223,1,9,0,-1,19,1,5,-1,0,1,0,0,0,0,1,1,-1,6,1,22,5,-1,-1,-1,-1,-1,-1,0,-1
2025991595225,2025,991595225,1,9,0,-1,19,7,3,-1,0,8,0,0,0,0,1,1,-1,9,2,55,8,-1,-1,-1,-1,6,-1,0,2
2025991595225,2025,991595225,2,9,0,-1,19,1,4,-1,0,6,0,0,0,0,3,1,-1,9,1,61,9,-1,-1,-1,-1,3,-1,0,4
2025991595297,2025,991595297,1,8,0,-1,9,5,3,-1,0,3,0,0,0,0,1,1,-1,1,1,48,8,-1,-1,-1,-1,4,-1,0,1
2025991595365,2025,991595365,1,9,0,-1,19,2,6,-1,0,1,0,0,0,0,1,1,-1,9,2,20,4,-1,-1,-1,-1,5,-1,0,3
2025991595418,2025,991595418,1,19,0,-1,19,1,5,-1,-1,0,0,0,1,4,4,1,-1,1,1,64,9,-1,-1,-1,-1,3,-1,0,2
2025991595520,2025,991595520,1,19,0,-1,19,3,7,-1,0,0,0,0,1,2,1,1,-1,6,1,27,6,-1,-1,-1,-1,4,-1,0,1
2025991595529,2025,991595529,1,20,0,-1,3,3,6,-1,0,0,0,0,0,0,2,1,-1,1,1,26,6,-1,-1,-1,-1,2,-1,0,2
2025991595529,2025,991595529,2,9,0,-1,19,2,7,-1,0,0,0,0,0,0,1,1,-1,6,1,24,5,-1,-1,-1,-1,-1,-1,0,-1
2025991595623,2025,991595623,1,9,0,-1,19,8,4,-1,0,2,0,0,0,0,1,1,-1,9,2,46,8,-1,-1,-1,-1,-1,-1,0,-1
2025991595640,2025,991595640,1,17,0,-1,9,5,1,-1,0,1,0,0,0,0,2,1,-1,2,1,35,6,-1,-1,-1,-1,6,-1,0,2
2025991595640,2025,991595640,2,9,0,-1,19,1,5,-1,0,8,0,0,0,0,1,1,-1,9,2,60,9,-1,-1,-1,-1,10,-1,0,4
2025991595661,2025,991595661,1,9,0,-1,19,1,5,-1,0,0,0,0,0,0,1,1,-1,7,2,53,8,-1,-1,-1,-1,4,-1,0,1
2025991595692,2025,991595692,2,1,0,-1,19,6,2,-1,0,1,0,0,0,0,1,1,-1,9,1,34,6,-1,-1,-1,-1,2,-1,0,1
2025991595692,2025,991595692,1,9,0,-1,9,7,3,-1,0,1,0,0,0,0,4,1,-1,9,1,19,4,-1,-1,-1,-1,1,-1,0,1
2025991595702,2025,991595702,1,17,5,-1,19,2,6,-1,0,0,0,5,0,0,2,1,-1,1,1,64,9,-1,-1,-1,-1,6,-1,0,1
2025991595757,2025,991595757,1,9,0,-1,19,4,8,-1,0,0,0,0,0,0,1,1,-1,9,1,22,5,-1,-1,-1,-1,-1,-1,0,-1
2025991595757,2025,991595757,2,9,0,-1,19,4,8,-1,0,0,0,0,0,0,2,1,-1,9,2,41,7,-1,-1,-1,-1,6,-1,0,4
2025991595785,2025,991595785,1,97,0,-1,19,7,3,-1,0,2,2,0,0,0,1,1,-1,6,1,61,9,-1,-1,-1,-1,5,-1,0,3
2025991595832,2025,991595832,2,17,0,-1,2,0,0,-1,0,0,0,0,0,0,2,1,-1,6,-1,-1,-1,-1,-1,-1,-1,-1,-1,0,-1
2025991595832,2025,991595832,1,9,0,-1,19,3,6,-1,0,0,1,4,0,0,4,1,-1,9,1,20,4,-1,-1,-1,-1,8,-1,0,4
2025991595866,2025,991595866,1,8,0,-1,19,6,2,-1,0,0,0,0,0,0,3,1,-1,2,2,45,7,-1,-1,-1,-1,-1,-1,0,-1
2025991595882,2025,991595882,2,4,0,-1,13,5,5,-1,0,1,0,0,0,0,4,1,-1,9,1,61,9,-1,-1,-1,-1,3,-1,0,4
2025991595882,2025,991595882,1,9,0,-1,9,5,5,-1,0,1,0,0,0,0,1,1,-1,9,2,24,5,-1,-1,-1,-1,3,-1,0,1
2025991595905,2025,991595905,2,9,0,-1,4,8,4,-1,0,0,0,0,0,0,2,1,-1,1,1,33,6,-1,-1,-1,-1,7,-1,0,3
2025991595905,2025,991595905,1,9,0,-1,19,8,4,-1,0,0,0,0,0,0,1,1,-1,9,1,81,11,-1,-1,-1,-1,7,-1,0,3
2025991595990,2025,991595990,2,9,0,-1,19,1,6,-1,0,1,0,0,1,0,3,2,-1,9,2,68,10,-1,-1,-1,-1,10,-1,0,3
2025991595990,2025,991595990,1,19,0,-1,19,6,1,-1,0,8,0,0,0,0,3,1,-1,6,1,32,6,-1,-1,-1,-1,3,-1,0,2
2025991596127,2025,991596127,1,9,0,-1,5,7,3,-1,0,0,0,0,1,0,3,1,-1,9,2,23,5,-1,-1,-1,-1,10,-1,0,2
2025991596127,2025,991596127,2,1,0,-1,13,7,3,-1,0,0,0,0,0,0,3,1,-1,6,1,24,5,-1,-1,-1,-1,-1,-1,0,-1
2025991596157,2025,991596157,1,9,0,-1,7,8,6,-1,0,2,0,0,0,0,3,1,-1,9,1,20,4,-1,-1,-1,-1,5,-1,0,1
2025991596157,2025,991596157,2,90,0,-1,19,2,6,-1,0,1,0,0,0,0,1,2,-1,9,1,65,9,-1,-1,-1,-1,-1,-1,0,-1
2025991596169,2025,991596169,1,19,0,-1,19,7,3,-1,0,4,0,0,0,0,1,9,-1,1,1,49,8,-1,-1,-1,-1,2,-1,0,4
2025991596169,2025,991596169,2,9,0,-1,19,7,3,-1,0,4,0,0,0,0,2,1,-1,6,1,29,6,-1,-1,-1,-1,8,-1,0,4
2025991596170,2025,991596170,1,9,0,-1,7,5,7,-1,0,5,0,0,0,0,1,1,-1,6,2,17,4,-1,-1,-1,-1,-1,-1,0,-1
2025991596204,2025,991596204,1,9,0,-1,13,5,1,-1,0,1,0,0,0,0,1,1,-1,6,1,68,10,-1,-1,-1,-1,6,-1,0,2
2025991596204,2025,991596204,2,10,0,-1,9,5,3,-1,0,1,0,0,0,0,3,1,-1,1,2,53,8,-1,-1,-1,-1,6,-1,0,2
2025991596209,2025,991596209,2,9,0,-1,19,1,4,-1,0,0,0,0,1,0,1,1,-1,9,1,62,9,-1,-1,-1,-1,8,-1,0,5
2025991596209,2025,991596209,1,9,0,-1,19,4,1,-1,0,0,1,0,0,0,4,1,-1,2,1,37,7,-1,-1,-1,-1,4,-1,0,2
2025991596211,2025,991596211,1,11,0,-1,19,5,1,-1,0,0,0,0,0,0,1,1,-1,7,1,56,9,-1,-1,-1,-1,3,-1,0,1
2025991596214,2025,991596214,1,9,0,-1,19,5,1,-1,0,0,5,0,1,0,4,1,-1,9,1,41,7,-1,-1,-1,-1,6,E01000927,0,5
2025991596228,2025,991596228,2,9,0,-1,19,1,5,-1,0,1,1,0,0,0,4,1,-1,9,1,66,10,-1,-1,-1,-1,8,-1,0,5
2025991596228,2025,991596228,1,9,0,-1,10,3,7,-1,0,6,0,0,0,0,1,1,-1,9,1,77,11,-1,-1,-1,-1,7,-1,0,3
2025991596228,2025,991596228,3,9,0,-1,19,3,7,-1,0,1,0,0,0,0,1,1,-1,9,2,79,11,-1,-1,-1,-1,7,-1,0,3
2025991596229,2025,991596229,2,9,0,-1,19,3,7,-1,0,1,0,0,0,0,1,1,-1,9,1,21,5,-1,-1,-1,-1,9,-1,0,2
2025991596229,2025,991596229,1,9,0,-1,10,7,3,-1,0,1,0,0,0,0,4,1,-1,6,1,25,5,-1,-1,-1,-1,5,-1,0,4
2025991596301,2025,991596301,1,20,5,-1,1,1,5,-1,-1,1,0,0,0,0,2,1,-1,6,1,66,10,-1,-1,-1,-1,-1,-1,0,-1
2025991596306,2025,991596306,1,9,0,-1,19,8,4,-1,0,0,0,0,0,0,1,1,-1,9,1,87,11,-1,-1,-1,-1,6,-1,0,1
2025991596312,2025,991596312,2,9,0,-1,4,5,8,-1,0,1,0,0,0,0,2,1,-1,6,2,30,6,-1,-1,-1,-1,2,-1,0,1
2025991596312,2025,991596312,1,9,0,-1,4,4,8,-1,0,1,0,0,0,0,1,1,-1,6,1,18,4,-1,-1,-1,-1,5,-1,0,3