collision_index,collision_year,collision_ref_no,vehicle_reference,vehicle_type,towing_and_articulation,vehicle_manoeuvre_historic,vehicle_manoeuvre,vehicle_direction_from,vehicle_direction_to,vehicle_location_restricted_lane_historic,vehicle_location_restricted_lane,junction_location,skidding_and_overturning,hit_object_in_carriageway,vehicle_leaving_carriageway,hit_object_off_carriageway,first_point_of_impact,vehicle_left_hand_drive,journey_purpose_of_driver_historic,journey_purpose_of_driver,sex_of_driver,age_of_driver,age_band_of_driver,engine_capacity_cc,propulsion_code,age_of_vehicle,generic_make_model,driver_imd_decile,lsoa_of_driver,escooter_flag,driver_distance_banding
2025991600551,2025,991600551,1,3,0,-1,19,4,8,-1,0,0,5,0,7,9,1,1,-1,6,2,37,7,-1,-1,-1,-1,2,-1,0,4
2025991600616,2025,991600616,1,9,0,-1,5,7,3,-1,0,8,0,0,0,0,4,1,-1,9,2,53,8,-1,-1,-1,-1,6,-1,0,2
2025991600706,2025,991600706,1,98,0,-1,19,7,3,-1,0,0,0,0,0,0,1,1,-1,2,1,18,4,-1,-1,-1,-1,2,-1,0,1
2025991600706,2025,991600706,2,9,0,-1,19,3,7,-1,0,0,0,0,7,4,1,1,-1,9,2,31,6,-1,-1,-1,-1,3,-1,0,3
2025991600740,2025,991600740,1,9,0,-1,9,7,5,-1,0,1,0,0,0,0,3,1,-1,6,1,39,7,-1,-1,-1,-1,2,-1,0,2
2025991600752,2025,991600752,2,9,0,-1,19,7,3,-1,0,0,0,0,0,0,4,1,-1,6,1,40,7,-1,-1,-1,-1,-1,-1,0,-1
2025991600752,2025,991600752,1,98,0,-1,5,7,4,-1,0,0,0,0,0,0,1,1,-1,6,3,-1,-1,-1,-1,-1,-1,-1,-1,0,-1
2025991600762,2025,991600762,2,9,0,-1,19,3,6,-1,0,8,0,0,0,0,1,1,-1,6,1,59,9,-1,-1,-1,-1,10,-1,0,1
2025991600762,2025,991600762,1,10,0,-1,19,1,5,-1,0,8,0,0,0,0,1,1,-1,1,1,28,6,-1,-1,-1,-1,10,-1,0,4
2025991600777,2025,991600777,2,9,0,-1,19,7,3,-1,0,0,0,0,0,0,1,1,-1,1,1,46,8,-1,-1,-1,-1,-1,-1,0,-1
2025991600777,2025,991600777,1,19,0,-1,19,3,7,-1,0,0,0,0,1,0,3,1,-1,6,1,36,7,-1,-1,-1,-1,-1,-1,0,-1
2025991600796,2025,991600796,1,9,0,-1,5,2,6,-1,0,0,0,0,1,0,4,1,-1,6,2,21,5,-1,-1,-1,-1,4,-1,0,1
2025991600800,2025,991600800,2,9,0,-1,19,1,5,-1,0,1,0,0,1,0,1,1,-1,6,2,31,6,-1,-1,-1,-1,8,-1,0,1
2025991600800,2025,991600800,1,9,0,-1,19,5,1,-1,0,1,0,0,0,0,1,1,-1,6,1,67,10,-1,-1,-1,-1,7,-1,0,1
2025991600800,2025,991600800,3,9,0,-1,19,1,5,-1,0,1,0,0,0,0,1,1,-1,1,1,55,8,-1,-1,-1,-1,4,-1,0,1
2025991600908,2025,991600908,3,9,0,-1,19,5,1,-1,0,1,0,0,0,0,3,1,-1,6,2,55,8,-1,-1,-1,-1,5,-1,0,3
2025991600908,2025,991600908,2,9,0,-1,19,1,5,-1,0,8,0,0,0,0,2,1,-1,6,1,76,11,-1,-1,-1,-1,8,-1,0,1
2025991600908,2025,991600908,1,9,4,-1,19,1,5,-1,0,8,0,0,0,0,1,1,-1,1,1,37,7,-1,-1,-1,-1,-1,-1,0,-1
2025991600910,2025,991600910,1,9,0,-1,3,3,7,-1,0,0,0,0,0,0,1,1,-1,9,2,47,8,-1,-1,-1,-1,-1,-1,0,-1
2025991600910,2025,991600910,2,9,0,-1,4,3,7,-1,0,0,0,0,0,0,2,1,-1,9,2,39,7,-1,-1,-1,-1,-1,-1,0,-1
2025991600916,2025,991600916,1,9,0,-1,7,7,1,-1,0,8,0,0,3,0,1,1,-1,6,2,50,8,-1,-1,-1,-1,10,-1,0,4
2025991600916,2025,991600916,2,9,0,-1,19,5,1,-1,0,8,0,0,3,0,1,1,-1,1,1,43,7,-1,-1,-1,-1,9,-1,0,4
2025991600972,2025,991600972,1,9,0,-1,12,7,3,-1,0,0,0,0,0,0,3,1,-1,9,2,63,9,-1,-1,-1,-1,-1,-1,0,-1
2025991600972,2025,991600972,2,9,0,-1,9,6,7,-1,0,0,0,0,0,0,4,1,-1,2,2,60,9,-1,-1,-1,-1,8,-1,0,1
2025991600988,2025,991600988,1,5,0,-1,19,6,2,-1,0,0,1,0,0,0,4,1,-1,9,1,61,9,-1,-1,-1,-1,4,-1,0,2
2025991601105,2025,991601105,1,3,0,-1,19,4,1,-1,0,0,1,0,1,0,3,1,-1,9,1,19,4,-1,-1,-1,-1,8,-1,0,1
2025991601108,2025,991601108,2,5,0,-1,19,7,3,-1,0,1,0,0,7,0,1,1,-1,9,1,31,6,-1,-1,-1,-1,9,-1,0,2
2025991601108,2025,991601108,1,9,0,-1,9,3,1,-1,0,5,0,0,0,0,4,1,-1,9,1,36,7,-1,-1,-1,-1,5,-1,0,1
2025991601135,2025,991601135,1,9,0,-1,19,8,3,-1,0,0,0,0,0,0,1,1,-1,9,1,52,8,-1,-1,-1,-1,2,-1,0,1
2025991601135,2025,991601135,2,9,0,-1,19,3,8,-1,0,0,0,0,0,0,1,1,-1,9,1,33,6,-1,-1,-1,-1,7,-1,0,3
2025991601136,2025,991601136,1,9,0,-1,19,8,4,-1,0,4,0,0,0,0,1,1,-1,9,1,20,4,-1,-1,-1,-1,4,-1,0,4
2025991601136,2025,991601136,2,90,1,-1,19,2,8,-1,0,8,0,0,0,0,1,1,-1,1,1,31,6,-1,-1,-1,-1,8,-1,0,4
2025991601136,2025,991601136,3,9,0,-1,19,8,4,-1,0,4,0,0,0,0,0,1,-1,1,1,39,7,-1,-1,-1,-1,-1,-1,0,-1
2025991601146,2025,991601146,2,5,0,-1,19,5,1,-1,0,1,0,0,0,0,1,1,-1,9,1,62,9,-1,-1,-1,-1,-1,-1,0,-1
2025991601146,2025,991601146,1,9,0,-1,9,6,5,-1,0,8,0,0,0,0,3,1,-1,9,2,42,7,-1,-1,-1,-1,-1,-1,0,-1
2025991601154,2025,991601154,2,9,0,-1,19,5,1,-1,0,0,1,0,0,0,3,1,-1,2,1,49,8,-1,-1,-1,-1,3,-1,0,3
2025991601154,2025,991601154,1,90,1,-1,11,5,1,-1,0,0,0,0,0,0,1,1,-1,1,1,23,5,-1,-1,-1,-1,8,-1,0,5
2025991601161,2025,991601161,1,9,0,-1,19,1,5,-1,0,0,0,0,0,0,1,1,-1,9,2,27,6,-1,-1,-1,-1,1,-1,0,1
2025991601179,2025,991601179,1,9,0,-1,19,6,2,-1,0,0,5,0,7,0,4,1,-1,6,2,32,6,-1,-1,-1,-1,6,-1,0,1
2025991601179,2025,991601179,2,9,0,-1,19,2,6,-1,0,0,0,0,0,0,1,1,-1,9,1,77,11,-1,-1,-1,-1,7,-1,0,2
2025991601184,2025,991601184,1,9,0,-1,19,8,3,-1,0,1,0,0,0,0,4,1,-1,9,1,34,6,-1,-1,-1,-1,-1,-1,0,-1
2025991601202,2025,991601202,1,9,0,-1,19,5,1,-1,0,0,5,10,1,0,1,1,-1,9,2,17,4,-1,-1,-1,-1,7,-1,0,1
2025991601204,2025,991601204,1,9,0,-1,5,4,7,-1,0,7,0,0,0,0,4,1,-1,6,1,37,7,-1,-1,-1,-1,2,-1,0,1
2025991601204,2025,991601204,2,3,0,-1,19,5,8,-1,0,1,5,0,0,0,1,1,-1,6,2,19,4,-1,-1,-1,-1,-1,-1,0,-1
2025991601250,2025,991601250,1,9,0,-1,9,5,3,-1,0,1,0,0,0,0,1,1,-1,9,2,55,8,-1,-1,-1,-1,3,-1,0,1
2025991601250,2025,991601250,2,19,0,-1,19,1,5,-1,0,1,0,0,3,0,1,1,-1,1,2,30,6,-1,-1,-1,-1,6,-1,0,3
2025991601318,2025,991601318,2,9,0,-1,19,7,3,-1,0,0,0,0,0,0,1,1,-1,2,2,30,6,-1,-1,-1,-1,7,-1,0,2
2025991601318,2025,991601318,1,11,0,-1,19,7,3,-1,0,0,0,0,0,0,1,1,-1,1,1,46,8,-1,-1,-1,-1,1,-1,0,4
2025991601344,2025,991601344,2,9,0,-1,3,3,7,-1,0,1,0,0,0,0,2,1,-1,6,1,49,8,-1,-1,-1,-1,5,-1,0,4
2025991601344,2025,991601344,1,9,0,-1,19,3,7,-1,0,1,0,0,0,0,1,1,-1,6,2,19,4,-1,-1,-1,-1,4,-1,0,1
2025991601364,2025,991601364,1,9,0,-1,19,5,1,-1,0,2,0,0,0,0,1,1,-1,9,1,35,6,-1,-1,-1,-1,-1,-1,0,-1
2025991601364,2025,991601364,2,-1,0,-1,19,7,3,-1,0,8,0,0,0,0,4,1,-1,9,1,8,2,-1,-1,-1,-1,3,-1,1,1
2025991601391,2025,991601391,2,97,0,-1,9,1,8,-1,0,8,0,0,0,0,4,1,-1,6,1,41,7,-1,-1,-1,-1,1,-1,0,1
2025991601391,2025,991601391,1,9,0,-1,5,3,8,-1,0,4,0,0,0,0,3,1,-1,9,1,40,7,-1,-1,-1,-1,3,-1,0,1
2025991601397,2025,991601397,1,3,0,-1,19,7,3,-1,0,0,2,0,0,0,0,1,-1,2,1,43,7,-1,-1,-1,-1,2,-1,0,1
2025991601443,2025,991601443,1,9,0,-1,12,1,4,-1,0,0,0,0,0,0,1,1,-1,9,2,46,8,-1,-1,-1,-1,-1,-1,0,-1
2025991601443,2025,991601443,2,9,0,-1,4,1,4,-1,0,0,0,0,0,0,4,1,-1,9,1,61,9,-1,-1,-1,-1,-1,-1,0,-1
2025991601443,2025,991601443,3,9,0,-1,4,3,4,-1,0,0,0,0,0,0,2,1,-1,9,1,59,9,-1,-1,-1,-1,-1,-1,0,-1
2025991601493,2025,991601493,2,9,0,-1,19,5,1,-1,0,8,0,0,0,0,3,1,-1,6,2,34,6,-1,-1,-1,-1,6,-1,0,1
2025991601493,2025,991601493,1,9,0,-1,5,3,7,-1,0,8,0,0,0,0,1,1,-1,6,2,37,7,-1,-1,-1,-1,1,-1,0,3
2025991601523,2025,991601523,1,9,0,-1,19,6,2,-1,-1,0,0,0,7,4,1,1,-1,9,2,40,7,-1,-1,-1,-1,-1,-1,0,-1
2025991601540,2025,991601540,1,9,0,-1,5,1,4,-1,0,8,0,0,0,0,4,1,-1,1,1,39,7,-1,-1,-1,-1,9,-1,0,5
2025991601570,2025,991601570,2,9,0,-1,19,3,7,-1,0,1,0,0,0,0,4,1,-1,9,2,72,10,-1,-1,-1,-1,-1,-1,0,-1
2025991601570,2025,991601570,1,19,0,-1,9,5,1,-1,0,8,0,0,0,0,3,1,-1,1,1,65,9,-1,-1,-1,-1,8,-1,0,2
2025991601584,2025,991601584,1,9,4,-1,19,2,6,-1,0,8,0,8,0,0,1,1,-1,1,1,19,4,-1,-1,-1,-1,8,-1,0,4
2025991601584,2025,991601584,2,9,0,-1,10,2,6,-1,0,8,0,0,0,0,2,1,-1,2,2,45,7,-1,-1,-1,-1,8,-1,0,3
2025991601616,2025,991601616,1,9,0,-1,9,4,8,-1,0,1,0,0,0,0,1,1,-1,9,1,39,7,-1,-1,-1,-1,3,W01000184,0,5
2025991601616,2025,991601616,2,5,0,-1,13,4,8,-1,0,1,0,0,7,0,1,1,-1,9,1,29,6,-1,-1,-1,-1,-1,-1,0,-1
2025991601647,2025,991601647,1,9,0,-1,9,5,3,-1,0,1,0,0,0,0,1,1,-1,6,1,25,5,-1,-1,-1,-1,8,-1,0,3
2025991601647,2025,991601647,2,1,0,-1,19,1,5,-1,4,8,0,0,0,0,3,1,-1,2,2,42,7,-1,-1,-1,-1,10,-1,0,1
2025991601655,2025,991601655,1,1,0,-1,19,5,1,-1,0,6,0,0,0,0,1,1,-1,9,1,43,7,-1,-1,-1,-1,-1,-1,0,-1
2025991601655,2025,991601655,2,9,0,-1,19,8,8,-1,0,1,0,0,0,0,4,1,-1,9,1,44,7,-1,-1,-1,-1,-1,-1,0,-1
2025991601702,2025,991601702,2,9,0,-1,9,6,3,-1,0,1,0,0,7,4,2,1,-1,2,1,27,6,-1,-1,-1,-1,-1,-1,0,-1
2025991601702,2025,991601702,1,9,0,-1,13,6,1,-1,0,1,0,0,0,0,1,1,-1,9,1,18,4,-1,-1,-1,-1,-1,-1,0,-1
2025991601715,2025,991601715,1,9,0,-1,1,1,5,-1,-1,0,0,0,0,0,2,1,-1,9,1,50,8,-1,-1,-1,-1,7,-1,0,4
2025991601715,2025,991601715,2,9,0,-1,2,0,0,-1,-1,0,0,0,0,0,1,1,-1,6,1,35,6,-1,-1,-1,-1,6,-1,0,1
2025991601717,2025,991601717,1,9,0,-1,7,3,1,-1,0,8,0,0,0,0,1,1,-1,6,2,26,6,-1,-1,-1,-1,8,-1,0,1
2025991601720,2025,991601720,1,9,0,-1,19,3,7,-1,0,3,0,0,0,0,1,1,-1,6,1,79,11,-1,-1,-1,-1,-1,-1,0,-1
2025991601731,2025,991601731,2,9,0,-1,19,5,8,-1,0,8,0,0,0,0,1,2,-1,6,1,45,7,-1,-1,-1,-1,2,-1,0,1
2025991601731,2025,991601731,1,9,0,-1,5,7,1,-1,0,2,0,0,0,0,1,2,-1,6,1,62,9,-1,-1,-1,-1,2,-1,0,1
2025991601766,2025,991601766,2,9,0,-1,7,4,1,-1,0,3,0,0,0,0,4,1,-1,7,1,36,7,-1,-1,-1,-1,-1,-1,0,-1
2025991601766,2025,991601766,1,9,0,-1,9,4,2,-1,0,8,0,0,0,0,1,1,-1,7,2,19,4,-1,-1,-1,-1,6,-1,0,4
2025991601853,2025,991601853,1,1,0,-1,19,3,7,-1,9,1,0,0,0,0,1,1,-1,9,1,16,4,-1,-1,-1,-1,-1,-1,0,-1
2025991601853,2025,991601853,2,9,0,-1,8,2,4,-1,0,1,0,0,0,0,4,1,-1,9,1,56,9,-1,-1,-1,-1,2,-1,0,2
2025991601888,2025,991601888,3,9,0,-1,19,1,5,-1,0,0,0,0,0,0,1,1,-1,9,1,18,4,-1,-1,-1,-1,9,-1,0,3
2025991601888,2025,991601888,2,9,0,-1,19,5,1,-1,0,0,0,0,0,0,1,1,-1,9,1,71,10,-1,-1,-1,-1,9,-1,0,3
2025991601888,2025,991601888,1,9,0,-1,19,1,5,-1,0,0,1,0,6,0,1,1,-1,9,1,32,6,-1,-1,-1,-1,1,-1,0,3
2025991601898,2025,991601898,3,5,0,-1,19,4,8,-1,0,1,0,0,0,0,4,1,-1,9,2,52,8,-1,-1,-1,-1,8,-1,0,3
2025991601898,2025,991601898,1,9,0,-1,9,8,4,-1,0,1,0,0,7,0,1,1,-1,9,1,47,8,-1,-1,-1,-1,-1,-1,0,-1
2025991601898,2025,991601898,2,5,0,-1,19,4,8,-1,0,1,5,0,1,0,1,1,-1,9,1,67,10,-1,-1,-1,-1,8,-1,0,3
2025991601913,2025,991601913,1,9,0,-1,19,7,3,-1,0,1,0,0,0,0,1,1,-1,9,1,29,6,-1,-1,-1,-1,7,-1,0,2
2025991601913,2025,991601913,2,8,0,-1,8,3,7,-1,0,1,0,0,0,0,2,1,-1,1,1,55,8,-1,-1,-1,-1,4,-1,0,4
2025991602021,2025,991602021,1,5,0,-1,7,7,3,-1,0,0,0,0,0,0,1,1,-1,9,1,54,8,-1,-1,-1,-1,2,-1,0,4
2025991602021,2025,991602021,2,90,0,-1,9,3,7,-1,0,0,0,0,0,0,3,1,-1,9,1,27,6,-1,-1,-1,-1,2,-1,0,4
2025991602103,2025,991602103,1,9,0,-1,13,1,7,-1,0,0,1,0,0,0,3,1,-1,6,1,39,7,-1,-1,-1,-1,-1,-1,0,-1
2025991602103,2025,991602103,2,9,0,-1,19,1,5,-1,0,0,0,0,0,0,4,1,-1,6,2,30,6,-1,-1,-1,-1,-1,-1,0,-1
2025991602141,2025,991602141,1,11,0,-1,15,5,1,-1,2,0,0,0,0,0,1,1,-1,1,1,59,9,-1,-1,-1,-1,5,-1,0,1
2025991602342,2025,991602342,1,9,0,-1,19,7,3,-1,0,2,5,4,0,0,4,1,-1,9,2,78,11,-1,-1,-1,-1,9,-1,0,1
2025991602342,2025,991602342,2,9,0,-1,2,0,0,-1,0,2,0,0,0,0,2,1,-1,6,-1,-1,-1,-1,-1,-1,-1,-1,-1,0,-1
2025991602373,2025,991602373,1,9,0,-1,19,4,8,-1,0,2,0,10,1,10,3,1,-1,9,1,31,6,-1,-1,-1,-1,4,-1,0,2
2025991602373,2025,991602373,2,19,0,-1,9,2,8,-1,0,1,0,0,0,0,4,1,-1,9,1,54,8,-1,-1,-1,-1,3,-1,0,3
2025991602406,2025,991602406,1,9,0,-1,19,5,4,-1,0,1,0,0,0,0,1,1,-1,9,2,33,6,-1,-1,-1,-1,-1,-1,0,-1
2025991602491,2025,991602491,2,97,0,-1,19,5,1,-1,0,1,1,0,0,0,1,1,-1,9,1,60,9,-1,-1,-1,-1,-1,-1,0,-1
2025991602491,2025,991602491,1,9,0,-1,9,7,3,-1,0,6,0,0,0,0,3,1,-1,6,2,53,8,-1,-1,-1,-1,10,-1,0,2
2025991602518,2025,991602518,2,4,0,-1,19,8,4,-1,0,8,0,0,0,0,3,1,-1,6,1,23,5,-1,-1,-1,-1,1,-1,0,1
2025991602518,2025,991602518,1,9,0,-1,9,4,1,-1,0,1,0,0,0,0,1,1,-1,6,2,32,6,-1,-1,-1,-1,5,-1,0,1
2025991602525,2025,991602525,1,8,0,-1,15,3,6,-1,0,0,0,0,0,0,4,1,-1,1,1,47,8,-1,-1,-1,-1,7,-1,0,1
2025991602525,2025,991602525,2,9,0,-1,4,3,2,-1,0,0,0,0,1,0,3,1,-1,9,2,47,8,-1,-1,-1,-1,7,-1,0,2
2025991602557,2025,991602557,1,9,0,-1,19,1,5,-1,0,0,0,0,7,4,1,1,-1,9,2,59,9,-1,-1,-1,-1,7,-1,0,1
2025991602561,2025,991602561,2,9,0,-1,19,6,2,-1,0,0,0,0,0,0,3,1,-1,6,1,59,9,-1,-1,-1,-1,6,-1,0,1
2025991602561,2025,991602561,1,5,0,-1,13,6,2,-1,0,0,0,0,4,4,1,1,-1,6,1,45,7,-1,-1,-1,-1,1,-1,0,2
2025991602564,2025,991602564,2,9,0,-1,19,6,2,-1,0,0,0,0,0,0,1,2,-1,9,2,57,9,-1,-1,-1,-1,-1,-1,0,-1
2025991602564,2025,991602564,1,5,0,-1,19,2,6,-1,0,0,1,0,0,0,1,1,-1,9,1,65,9,-1,-1,-1,-1,-1,-1,0,-1
2025991602565,2025,991602565,2,9,0,-1,19,3,7,-1,0,0,0,0,1,11,1,1,-1,9,1,35,6,-1,-1,-1,-1,1,-1,0,1
2025991602565,2025,991602565,4,9,0,-1,2,0,0,-1,0,0,0,0,0,0,2,1,-1,6,-1,-1,-1,-1,-1,-1,-1,-1,-1,0,-1
2025991602565,2025,991602565,3,9,0,-1,2,0,0,-1,0,0,0,0,0,0,1,1,-1,6,-1,-1,-1,-1,-1,-1,-1,-1,-1,0,-1
2025991602565,2025,991602565,1,9,0,-1,19,7,3,-1,0,0,1,0,0,0,1,1,-1,9,1,35,6,-1,-1,-1,-1,5,-1,0,1
2025991602574,2025,991602574,2,9,0,-1,19,2,6,-1,0,1,0,0,0,0,3,2,-1,9,2,57,9,-1,-1,-1,-1,-1,-1,0,-1
2025991602574,2025,991602574,1,1,0,-1,7,8,2,-1,0,1,5,0,0,0,3,1,-1,9,1,12,3,-1,-1,-1,-1,1,-1,0,1
2025991602578,2025,991602578,1,9,0,-1,19,3,7,-1,0,8,0,7,0,0,1,1,-1,9,1,43,7,-1,-1,-1,-1,2,-1,0,1
2025991602590,2025,991602590,2,9,0,-1,4,1,5,-1,0,8,0,0,0,0,2,1,-1,9,1,59,9,-1,-1,-1,-1,10,-1,0,4
2025991602590,2025,991602590,1,9,0,-1,7,3,6,-1,0,6,0,0,0,0,0,9,-1,9,1,83,11,-1,-1,-1,-1,6,-1,0,1
2025991602590,2025,991602590,3,9,0,-1,4,1,6,-1,0,8,0,0,0,0,1,1,-1,9,1,50,8,-1,-1,-1,-1,4,-1,0,3
2025991602599,2025,991602599,2,9,0,-1,19,3,6,-1,0,0,0,0,0,0,1,1,-1,1,2,57,9,-1,-1,-1,-1,4,-1,0,4
2025991602599,2025,991602599,1,9,0,-1,19,6,3,-1,0,0,0,0,0,0,1,1,-1,6,1,21,5,-1,-1,-1,-1,2,-1,0,4
2025991602695,2025,991602695,1,9,0,-1,19,7,3,-1,0,0,2,10,1,4,1,1,-1,6,2,36,7,-1,-1,-1,-1,1,-1,0,1
2025991602760,2025,991602760,1,9,0,-1,19,8,3,-1,0,0,1,0,7,4,1,1,-1,9,2,39,7,-1,-1,-1,-1,7,-1,0,1
2025991602889,2025,991602889,1,9,0,-1,9,8,4,-1,0,6,0,0,0,0,1,1,-1,2,1,31,6,-1,-1,-1,-1,7,-1,0,1
2025991602896,2025,991602896,2,9,0,-1,19,8,6,-1,0,8,0,0,0,0,3,1,-1,6,1,65,9,-1,-1,-1,-1,7,-1,0,2
2025991602896,2025,991602896,1,9,0,-1,9,6,3,-1,0,8,0,0,0,0,1,1,-1,6,1,30,6,-1,-1,-1,-1,4,-1,0,3
2025991602924,2025,991602924,1,97,0,-1,19,8,4,-1,0,1,2,10,1,0,1,1,-1,6,1,27,6,-1,-1,-1,-1,3,-1,0,1
2025991602981,2025,991602981,1,9,0,-1,7,6,1,-1,0,3,0,0,0,0,1,9,-1,6,1,40,7,-1,-1,-1,-1,-1,-1,0,-1
2025991603008,2025,991603008,2,9,0,-1,2,7,3,-1,9,0,0,0,0,0,1,1,-1,1,1,40,7,-1,-1,-1,-1,4,-1,0,3
2025991603008,2025,991603008,1,9,0,-1,19,3,7,-1,0,0,1,0,0,0,1,1,-1,6,1,26,6,-1,-1,-1,-1,1,-1,0,1
2025991603034,2025,991603034,2,1,0,-1,19,5,1,-1,4,1,0,0,0,0,3,1,-1,6,2,28,6,-1,-1,-1,-1,7,-1,0,1
2025991603034,2025,991603034,1,9,0,-1,19,5,1,-1,0,1,0,0,0,0,1,1,-1,6,2,23,5,-1,-1,-1,-1,5,-1,0,2
2025991603075,2025,991603075,1,9,0,-1,9,7,4,-1,0,1,1,0,1,0,4,1,-1,9,1,52,8,-1,-1,-1,-1,1,-1,0,3
2025991603076,2025,991603076,1,9,0,-1,19,6,2,-1,0,4,0,0,1,0,1,1,-1,9,2,58,9,-1,-1,-1,-1,10,-1,0,1
2025991603076,2025,991603076,3,9,0,-1,4,8,4,-1,0,4,0,0,0,0,1,1,-1,9,1,61,9,-1,-1,-1,-1,3,-1,0,1
2025991603076,2025,991603076,2,9,0,-1,9,4,2,-1,0,4,0,0,0,0,4,1,-1,6,2,20,4,-1,-1,-1,-1,4,-1,0,1
2025991603081,2025,991603081,3,9,0,-1,19,7,3,-1,0,0,0,0,0,0,2,1,-1,9,1,54,8,-1,-1,-1,-1,1,-1,0,2
2025991603081,2025,991603081,2,9,0,-1,19,7,3,-1,0,0,0,0,0,0,2,1,-1,9,2,30,6,-1,-1,-1,-1,2,-1,0,1
2025991603081,2025,991603081,1,9,0,-1,19,7,3,-1,0,0,0,0,0,0,1,1,-1,2,2,33,6,-1,-1,-1,-1,7,-1,0,2
2025991603095,2025,991603095,1,9,0,-1,19,8,4,-1,0,0,0,0,0,0,0,9,-1,6,3,40,7,-1,-1,-1,-1,-1,-1,0,-1
2025991603095,2025,991603095,2,1,0,-1,19,8,4,-1,0,0,0,7,0,0,0,1,-1,6,2,26,6,-1,-1,-1,-1,-1,-1,0,-1
2025991603173,2025,991603173,1,9,0,-1,19,2,5,-1,0,0,0,0,0,0,1,1,-1,1,1,40,7,-1,-1,-1,-1,2,-1,0,5
2025991603173,2025,991603173,3,9,0,-1,19,2,5,-1,0,0,0,0,0,0,2,1,-1,9,2,29,6,-1,-1,-1,-1,2,-1,0,2
2025991603173,2025,991603173,2,9,0,-1,19,2,5,-1,0,0,0,0,0,0,2,1,-1,9,1,30,6,-1,-1,-1,-1,3,-1,0,2
2025991603242,2025,991603242,1,9,0,-1,19,7,3,-1,0,0,0,0,0,0,1,1,-1,6,2,53,8,-1,-1,-1,-1,-1,-1,0,-1
2025991603390,2025,991603390,2,9,0,-1,19,3,7,-1,0,4,0,0,0,0,1,1,-1,9,2,18,4,-1,-1,-1,-1,7,-1,0,3
2025991603390,2025,991603390,1,9,0,-1,3,3,7,-1,0,4,0,0,0,0,2,1,-1,9,1,20,4,-1,-1,-1,-1,2,-1,0,1
2025991603507,2025,991603507,1,9,0,-1,19,7,3,-1,0,0,0,0,0,0,1,9,-1,9,1,34,6,-1,-1,-1,-1,2,-1,0,1
2025991603507,2025,991603507,2,9,0,-1,9,8,3,-1,0,0,1,0,0,0,4,1,-1,9,2,25,5,-1,-1,-1,-1,-1,-1,0,-1
2025991603507,2025,991603507,3,8,0,-1,19,7,3,-1,0,0,0,0,0,0,2,9,-1,1,1,35,6,-1,-1,-1,-1,-1,-1,0,-1
2025991603568,2025,991603568,1,9,0,-1,7,6,8,-1,5,5,0,0,0,0,4,9,-1,6,3,16,4,-1,-1,-1,-1,-1,-1,0,-1
2025991603568,2025,991603568,2,1,0,-1,19,6,1,-1,4,8,5,0,0,0,1,1,-1,6,2,20,4,-1,-1,-1,-1,4,-1,0,1
2025991603603,2025,991603603,1,8,0,-1,14,2,6,-1,0,2,0,0,0,0,3,1,-1,1,1,36,7,-1,-1,-1,-1,2,-1,0,1
2025991603747,2025,991603747,1,9,0,-1,19,4,8,-1,9,0,0,0,0,0,1,1,-1,9,2,67,10,-1,-1,-1,-1,-1,-1,0,-1
2025991603777,2025,991603777,1,9,0,-1,13,8,5,-1,0,0,0,12,1,0,1,1,-1,9,1,18,4,-1,-1,-1,-1,7,-1,0,2
2025991603778,2025,991603778,1,9,0,-1,7,1,4,-1,0,1,0,6,0,0,1,1,-1,9,1,65,9,-1,-1,-1,-1,10,-1,0,4
2025991603787,2025,991603787,2,9,0,-1,9,7,8,-1,0,1,0,0,0,0,1,1,-1,9,1,70,10,-1,-1,-1,-1,3,-1,0,1
2025991603787,2025,991603787,1,3,0,-1,19,5,1,-1,0,8,0,0,0,0,1,1,-1,9,1,14,3,-1,-1,-1,-1,5,-1,0,2
2025991603838,2025,991603838,2,9,0,-1,10,6,4,-1,0,5,0,0,0,0,2,1,-1,6,2,25,5,-1,-1,-1,-1,4,-1,0,4
2025991603838,2025,991603838,1,9,0,-1,19,6,2,-1,0,1,0,0,0,0,1,1,-1,6,1,73,10,-1,-1,-1,-1,5,-1,0,2
2025991603866,2025,991603866,2,1,0,-1,19,6,2,-1,5,0,0,0,0,0,3,1,-1,9,1,36,7,-1,-1,-1,-1,10,-1,0,3
2025991603866,2025,991603866,1,23,0,-1,19,5,1,-1,5,0,0,0,0,0,4,1,-1,6,1,16,4,-1,-1,-1,-1,-1,-1,0,-1
2025991603881,2025,991603881,1,9,0,-1,6,1,5,-1,0,5,0,0,7,10,1,1,-1,1,2,64,9,-1,-1,-1,-1,1,-1,0,3
2025991603891,2025,991603891,2,1,0,-1,19,5,1,-1,0,3,0,0,0,0,3,1,-1,9,1,43,7,-1,-1,-1,-1,10,-1,0,2
2025991603891,2025,991603891,1,9,0,-1,13,5,1,-1,0,3,0,0,0,0,4,9,-1,6,3,16,4,-1,-1,-1,-1,-1,-1,0,-1
2025991603947,2025,991603947,1,98,0,-1,10,1,7,-1,0,5,0,0,0,0,1,1,-1,6,1,57,9,-1,-1,-1,-1,-1,-1,0,-1
2025991603947,2025,991603947,2,1,0,-1,19,5,1,-1,0,8,0,0,0,0,3,1,-1,6,1,35,6,-1,-1,-1,-1,-1,-1,0,-1
2025991604072,2025,991604072,1,23,0,-1,19,1,4,-1,9,0,1,0,0,0,1,1,-1,6,1,19,4,-1,-1,-1,-1,1,-1,0,1
2025991604099,2025,991604099,1,90,0,-1,19,7,2,-1,0,0,0,0,0,0,4,1,-1,9,1,43,7,-1,-1,-1,-1,-1,-1,0,-1
2025991604131,2025,991604131,2,9,0,-1,19,1,5,-1,0,8,0,0,1,2,1,1,-1,9,2,67,10,-1,-1,-1,-1,2,-1,0,3
2025991604131,2025,991604131,1,9,0,-1,9,5,1,-1,0,1,0,0,0,0,1,1,-1,9,1,80,11,-1,-1,-1,-1,5,-1,0,4
2025991604136,2025,991604136,2,9,0,-1,4,6,2,-1,0,1,0,0,0,0,2,1,-1,6,1,37,7,-1,-1,-1,-1,6,-1,0,1
2025991604136,2025,991604136,1,17,0,-1,4,6,2,-1,0,1,0,0,0,0,1,1,-1,6,1,24,5,-1,-1,-1,-1,5,-1,0,2
2025991604136,2025,991604136,3,19,0,-1,4,6,2,-1,0,1,0,0,0,0,2,1,-1,9,1,52,8,-1,-1,-1,-1,8,-1,0,1