collision_index,collision_year,collision_ref_no,vehicle_reference,vehicle_type,towing_and_articulation,vehicle_manoeuvre_historic,vehicle_manoeuvre,vehicle_direction_from,vehicle_direction_to,vehicle_location_restricted_lane_historic,vehicle_location_restricted_lane,junction_location,skidding_and_overturning,hit_object_in_carriageway,vehicle_leaving_carriageway,hit_object_off_carriageway,first_point_of_impact,vehicle_left_hand_drive,journey_purpose_of_driver_historic,journey_purpose_of_driver,sex_of_driver,age_of_driver,age_band_of_driver,engine_capacity_cc,propulsion_code,age_of_vehicle,generic_make_model,driver_imd_decile,lsoa_of_driver,escooter_flag,driver_distance_banding
2025991604140,2025,991604140,1,9,0,-1,19,6,2,-1,0,0,0,0,7,0,1,1,-1,9,1,51,8,-1,-1,-1,-1,-1,-1,0,-1
2025991604140,2025,991604140,2,9,0,-1,19,2,6,-1,0,0,0,0,1,0,1,1,-1,9,1,64,9,-1,-1,-1,-1,-1,-1,0,-1
2025991604140,2025,991604140,3,9,0,-1,19,6,2,-1,0,0,0,0,0,0,0,1,-1,9,2,47,8,-1,-1,-1,-1,6,-1,0,5
2025991604173,2025,991604173,1,9,0,-1,19,8,4,-1,0,0,0,0,0,0,1,1,-1,9,1,36,7,-1,-1,-1,-1,6,-1,0,1
2025991604210,2025,991604210,1,5,0,-1,19,8,4,-1,9,0,1,0,0,0,3,1,-1,9,1,65,9,-1,-1,-1,-1,-1,-1,0,-1
2025991604222,2025,991604222,2,19,0,-1,2,0,0,-1,0,0,0,4,0,0,2,1,-1,6,-1,-1,-1,-1,-1,-1,-1,-1,-1,0,-1
2025991604222,2025,991604222,1,9,0,-1,5,5,1,-1,0,0,0,4,0,0,1,1,-1,6,1,17,4,-1,-1,-1,-1,2,-1,0,1
2025991604239,2025,991604239,2,98,0,-1,19,1,5,-1,0,8,1,0,7,0,1,1,-1,1,1,74,10,-1,-1,-1,-1,4,-1,0,4
2025991604239,2025,991604239,1,9,0,-1,9,5,3,-1,0,8,0,0,1,0,1,1,-1,9,1,48,8,-1,-1,-1,-1,-1,-1,0,-1
2025991604247,2025,991604247,2,9,0,-1,2,0,0,-1,9,3,0,0,1,0,4,1,-1,8,2,30,6,-1,-1,-1,-1,-1,-1,0,-1
2025991604247,2025,991604247,1,9,0,-1,1,7,3,-1,0,5,0,0,1,0,4,1,-1,6,1,29,6,-1,-1,-1,-1,-1,-1,0,-1
2025991604275,2025,991604275,1,9,0,-1,19,1,5,-1,0,1,5,0,2,0,1,1,-1,6,1,59,9,-1,-1,-1,-1,3,-1,0,1
2025991604331,2025,991604331,1,21,1,-1,19,3,7,-1,0,0,2,0,7,0,1,1,-1,1,1,43,7,-1,-1,-1,-1,2,-1,0,3
2025991604399,2025,991604399,1,9,0,-1,19,3,7,-1,0,0,5,4,0,0,1,1,-1,9,2,35,6,-1,-1,-1,-1,-1,-1,0,-1
2025991604399,2025,991604399,2,9,0,-1,2,0,0,-1,0,0,0,0,0,0,1,1,-1,6,-1,-1,-1,-1,-1,-1,-1,-1,-1,0,-1
2025991604399,2025,991604399,3,9,0,-1,4,7,3,-1,0,0,0,0,0,0,1,1,-1,9,1,45,7,-1,-1,-1,-1,1,-1,0,1
2025991604653,2025,991604653,1,9,0,-1,19,5,1,-1,0,0,0,0,0,0,1,1,-1,1,1,73,10,-1,-1,-1,-1,5,-1,0,1
2025991604735,2025,991604735,1,9,0,-1,19,4,1,-1,0,0,5,0,8,0,1,1,-1,9,2,71,10,-1,-1,-1,-1,6,-1,0,1
2025991604930,2025,991604930,2,1,0,-1,5,4,1,-1,0,3,0,0,0,0,3,1,-1,6,1,51,8,-1,-1,-1,-1,-1,-1,0,-1
2025991604930,2025,991604930,1,9,0,-1,11,3,6,-1,0,3,0,0,1,0,1,1,-1,6,2,56,9,-1,-1,-1,-1,8,-1,0,3
2025991605032,2025,991605032,1,9,0,-1,19,2,6,-1,0,0,1,0,8,3,1,1,-1,9,1,33,6,-1,-1,-1,-1,6,-1,0,3
2025991605039,2025,991605039,1,9,0,-1,19,5,5,-1,0,0,0,0,0,0,1,1,-1,9,1,73,10,-1,-1,-1,-1,-1,-1,0,-1
2025991605039,2025,991605039,2,9,0,-1,19,1,1,-1,0,0,0,0,0,0,1,1,-1,9,1,80,11,-1,-1,-1,-1,-1,-1,0,-1
2025991605137,2025,991605137,1,4,0,-1,19,6,3,-1,0,0,1,0,0,0,3,1,-1,9,1,38,7,-1,-1,-1,-1,-1,-1,0,-1
2025991605141,2025,991605141,2,9,0,-1,19,3,7,-1,0,0,0,0,0,0,2,1,-1,6,2,40,7,-1,-1,-1,-1,1,-1,0,2
2025991605141,2025,991605141,1,5,0,-1,19,3,7,-1,0,0,0,0,0,0,1,1,-1,9,1,47,8,-1,-1,-1,-1,5,-1,0,3
2025991605142,2025,991605142,1,9,0,-1,7,1,3,-1,0,5,0,0,0,0,0,1,-1,9,2,84,11,-1,-1,-1,-1,10,-1,0,1
2025991605206,2025,991605206,1,23,0,-1,5,7,3,-1,9,3,0,0,0,0,3,1,-1,9,1,17,4,-1,-1,-1,-1,1,-1,0,1
2025991605206,2025,991605206,2,9,0,-1,19,3,7,-1,9,3,0,0,1,0,4,1,-1,1,1,34,6,-1,-1,-1,-1,1,-1,0,1
2025991605212,2025,991605212,1,9,0,-1,5,2,6,-1,0,2,0,0,1,0,1,1,-1,7,2,57,9,-1,-1,-1,-1,8,-1,0,1
2025991605245,2025,991605245,2,5,0,-1,19,1,6,-1,0,1,0,0,0,0,1,1,-1,9,1,57,9,-1,-1,-1,-1,7,-1,0,5
2025991605245,2025,991605245,1,90,0,-1,9,6,3,-1,0,5,0,0,0,0,1,1,-1,9,1,46,8,-1,-1,-1,-1,-1,-1,0,-1
2025991605260,2025,991605260,2,9,0,-1,6,6,1,-1,-1,1,0,0,0,0,3,1,-1,9,1,52,8,-1,-1,-1,-1,10,-1,0,1
2025991605260,2025,991605260,1,9,0,-1,19,2,6,-1,0,1,0,0,0,0,1,1,-1,9,1,42,7,-1,-1,-1,-1,8,-1,0,2
2025991605319,2025,991605319,1,9,0,-1,19,7,7,-1,0,1,0,0,0,0,1,1,-1,6,1,40,7,-1,-1,-1,-1,4,-1,0,1
2025991605319,2025,991605319,2,9,0,-1,3,7,7,-1,0,1,0,0,0,0,2,1,-1,2,2,26,6,-1,-1,-1,-1,-1,-1,0,-1
2025991605328,2025,991605328,1,19,0,-1,9,1,3,-1,0,1,0,0,0,0,0,1,-1,1,1,33,6,-1,-1,-1,-1,9,-1,0,2
2025991605387,2025,991605387,2,1,0,-1,19,2,6,-1,0,8,1,0,0,0,3,1,-1,9,1,67,10,-1,-1,-1,-1,-1,-1,0,-1
2025991605387,2025,991605387,1,9,0,-1,9,1,6,-1,0,8,0,0,0,0,1,1,-1,9,2,77,11,-1,-1,-1,-1,4,-1,0,1
2025991605389,2025,991605389,2,9,0,-1,5,8,4,-1,0,0,0,0,0,0,1,1,-1,2,1,58,9,-1,-1,-1,-1,1,-1,0,3
2025991605389,2025,991605389,3,9,0,-1,3,8,4,-1,0,0,0,0,0,0,1,1,-1,9,2,32,6,-1,-1,-1,-1,7,-1,0,1
2025991605389,2025,991605389,1,9,0,-1,4,4,8,-1,0,0,1,0,0,0,1,1,-1,9,1,20,4,-1,-1,-1,-1,5,-1,0,2
2025991605485,2025,991605485,1,9,0,-1,19,7,3,-1,0,2,0,0,0,0,1,1,-1,2,2,33,6,-1,-1,-1,-1,1,-1,0,1
2025991605497,2025,991605497,1,19,0,-1,19,2,5,-1,0,0,1,0,0,0,1,1,-1,1,1,36,7,-1,-1,-1,-1,4,-1,0,2
2025991605497,2025,991605497,2,9,0,-1,19,5,1,-1,0,0,1,0,0,0,1,1,-1,9,1,68,10,-1,-1,-1,-1,9,-1,0,4
2025991605500,2025,991605500,2,9,0,-1,4,7,3,-1,0,0,0,0,0,0,2,1,-1,2,1,26,6,-1,-1,-1,-1,3,-1,0,2
2025991605500,2025,991605500,1,5,0,-1,19,7,3,-1,0,0,0,0,0,0,1,1,-1,1,1,50,8,-1,-1,-1,-1,3,-1,0,4
2025991605502,2025,991605502,1,19,0,-1,9,5,3,-1,0,8,0,0,0,0,4,1,-1,1,1,32,6,-1,-1,-1,-1,-1,-1,0,-1
2025991605549,2025,991605549,1,9,0,-1,5,5,1,-1,0,1,0,0,0,0,0,1,-1,1,1,52,8,-1,-1,-1,-1,3,-1,0,1
2025991605550,2025,991605550,1,3,0,-1,19,5,1,-1,0,1,0,0,0,0,3,1,-1,9,-1,32,6,-1,-1,-1,-1,-1,-1,0,-1
2025991605626,2025,991605626,2,11,0,-1,19,7,3,-1,0,8,0,0,0,0,0,1,-1,1,1,28,6,-1,-1,-1,-1,4,-1,0,3
2025991605626,2025,991605626,1,9,0,-1,7,5,7,-1,0,8,0,0,0,0,0,1,-1,6,3,-1,-1,-1,-1,-1,-1,-1,-1,0,-1
2025991605635,2025,991605635,1,9,0,-1,5,6,2,-1,0,8,0,0,0,0,1,1,-1,2,2,33,6,-1,-1,-1,-1,5,-1,0,1
2025991605635,2025,991605635,2,3,0,-1,19,2,6,-1,0,8,0,0,0,0,1,1,-1,9,1,26,6,-1,-1,-1,-1,4,-1,0,2
2025991605696,2025,991605696,2,8,0,-1,4,1,4,-1,0,0,0,0,0,0,2,1,-1,1,1,39,7,-1,-1,-1,-1,-1,-1,0,-1
2025991605696,2025,991605696,1,1,0,-1,19,8,4,-1,0,0,2,0,0,0,1,1,-1,6,1,28,6,-1,-1,-1,-1,6,-1,0,1
2025991605719,2025,991605719,2,9,0,-1,2,2,5,-1,0,0,0,0,0,0,3,1,-1,9,2,36,7,-1,-1,-1,-1,2,-1,0,1
2025991605719,2025,991605719,1,9,0,-1,2,6,1,-1,0,0,0,0,0,0,1,1,-1,9,1,59,9,-1,-1,-1,-1,2,-1,0,1
2025991605842,2025,991605842,1,9,0,-1,9,5,3,-1,0,5,0,0,0,0,1,1,-1,9,1,49,8,-1,-1,-1,-1,6,-1,0,1
2025991605842,2025,991605842,2,1,0,-1,19,1,5,-1,0,1,0,0,0,0,1,1,-1,9,1,62,9,-1,-1,-1,-1,2,-1,0,1
2025991605848,2025,991605848,1,5,0,-1,19,1,3,-1,0,0,1,0,7,1,1,1,-1,9,1,62,9,-1,-1,-1,-1,3,-1,0,4
2025991605868,2025,991605868,1,19,0,-1,4,8,4,-1,0,0,0,0,0,0,1,1,-1,1,1,21,5,-1,-1,-1,-1,3,-1,0,5
2025991605868,2025,991605868,2,9,0,-1,4,8,4,-1,0,0,0,0,0,0,2,1,-1,9,2,27,6,-1,-1,-1,-1,10,-1,0,4
2025991605873,2025,991605873,1,11,0,-1,2,5,1,-1,0,2,0,0,0,0,0,1,-1,1,1,44,7,-1,-1,-1,-1,8,-1,0,3
2025991605880,2025,991605880,1,9,0,-1,19,3,7,-1,0,0,0,0,0,0,1,1,-1,9,2,46,8,-1,-1,-1,-1,-1,-1,0,-1
2025991605884,2025,991605884,1,5,0,-1,19,3,7,-1,0,0,0,0,1,0,3,1,-1,9,1,56,9,-1,-1,-1,-1,-1,-1,0,-1
2025991605902,2025,991605902,1,9,0,-1,19,4,6,-1,0,0,0,0,0,0,1,1,-1,6,1,71,10,-1,-1,-1,-1,5,-1,0,1
2025991606015,2025,991606015,2,1,0,-1,19,3,7,-1,0,1,5,0,0,0,1,1,-1,1,1,39,7,-1,-1,-1,-1,10,-1,0,2
2025991606015,2025,991606015,1,9,0,-1,9,5,2,-1,0,6,0,0,0,0,1,1,-1,6,1,27,6,-1,-1,-1,-1,-1,-1,0,-1
2025991606044,2025,991606044,1,8,0,-1,1,7,2,-1,0,1,0,0,0,0,2,1,-1,1,1,50,8,-1,-1,-1,-1,-1,-1,0,-1
2025991606081,2025,991606081,4,9,0,-1,19,4,8,-1,0,1,0,0,0,0,2,1,-1,9,2,50,8,-1,-1,-1,-1,10,-1,0,1
2025991606081,2025,991606081,3,9,0,-1,19,4,8,-1,0,1,0,0,0,0,1,1,-1,7,2,20,4,-1,-1,-1,-1,1,-1,0,1
2025991606081,2025,991606081,1,20,0,-1,19,4,8,-1,0,1,0,0,0,0,1,1,-1,6,1,26,6,-1,-1,-1,-1,3,-1,0,2
2025991606088,2025,991606088,1,9,0,-1,19,2,7,-1,0,1,5,0,0,0,1,2,-1,6,1,18,4,-1,-1,-1,-1,8,-1,0,3
2025991606179,2025,991606179,1,9,0,-1,19,4,8,-1,0,3,0,11,7,1,3,1,-1,6,1,73,10,-1,-1,-1,-1,5,-1,0,1
2025991606226,2025,991606226,1,9,0,-1,13,7,3,-1,0,0,0,0,0,0,1,1,-1,9,1,18,4,-1,-1,-1,-1,7,-1,0,1
2025991606226,2025,991606226,3,9,0,-1,9,7,5,-1,0,0,0,0,0,0,3,1,-1,9,2,66,10,-1,-1,-1,-1,8,E01035762,0,5
2025991606226,2025,991606226,2,9,0,-1,19,7,3,-1,0,0,0,0,0,0,0,1,-1,9,2,29,6,-1,-1,-1,-1,1,-1,0,4
2025991606240,2025,991606240,2,19,0,-1,19,3,7,-1,0,0,0,0,0,0,3,1,-1,1,1,37,7,-1,-1,-1,-1,-1,-1,0,-1
2025991606240,2025,991606240,3,9,0,-1,19,3,7,-1,0,0,0,0,0,0,1,1,-1,2,2,50,8,-1,-1,-1,-1,-1,-1,0,-1
2025991606240,2025,991606240,1,9,0,-1,19,7,3,-1,0,0,0,0,0,0,1,1,-1,9,1,44,7,-1,-1,-1,-1,-1,-1,0,-1
2025991606240,2025,991606240,4,19,0,-1,19,3,7,-1,0,0,0,0,0,0,1,1,-1,1,1,30,6,-1,-1,-1,-1,5,-1,0,5
2025991606251,2025,991606251,1,5,0,-1,19,3,7,-1,0,1,2,0,1,0,3,1,-1,9,1,51,8,-1,-1,-1,-1,5,-1,0,4
2025991606273,2025,991606273,1,5,0,-1,19,3,7,-1,0,0,0,0,7,9,1,1,-1,9,1,59,9,-1,-1,-1,-1,8,-1,0,4
2025991606277,2025,991606277,2,9,0,-1,9,3,1,-1,0,6,0,0,0,0,1,1,-1,9,1,59,9,-1,-1,-1,-1,5,-1,0,2
2025991606277,2025,991606277,1,5,0,-1,19,1,5,-1,0,2,5,0,0,0,1,1,-1,6,1,48,8,-1,-1,-1,-1,3,-1,0,3
2025991606288,2025,991606288,1,9,0,-1,9,8,4,-1,0,0,0,0,0,0,4,1,-1,9,1,30,6,-1,-1,-1,-1,7,-1,0,1
2025991606288,2025,991606288,2,9,0,-1,19,4,8,-1,0,0,5,0,1,0,3,1,-1,9,1,33,6,-1,-1,-1,-1,8,-1,0,5
2025991606321,2025,991606321,2,1,0,-1,19,2,6,-1,0,0,0,0,0,0,0,1,-1,6,1,19,4,-1,-1,-1,-1,6,-1,0,3
2025991606321,2025,991606321,1,9,0,-1,19,6,2,-1,0,0,0,0,0,0,0,9,-1,6,3,50,8,-1,-1,-1,-1,-1,-1,0,-1
2025991606327,2025,991606327,1,1,0,-1,19,2,7,-1,0,6,0,0,0,0,3,1,-1,9,1,4,1,-1,-1,-1,-1,-1,-1,0,-1
2025991606327,2025,991606327,2,9,0,-1,19,8,4,-1,0,1,0,0,0,0,1,1,-1,6,1,28,6,-1,-1,-1,-1,1,-1,0,1
2025991606409,2025,991606409,3,19,0,-1,19,7,3,-1,0,1,0,0,0,0,3,1,-1,1,1,63,9,-1,-1,-1,-1,7,E01017510,0,5
2025991606409,2025,991606409,2,19,0,-1,10,3,1,-1,0,1,0,0,0,0,2,1,-1,9,1,70,10,-1,-1,-1,-1,6,E01012426,0,5
2025991606409,2025,991606409,1,9,0,-1,19,3,7,-1,0,1,1,0,0,0,1,1,-1,9,1,74,10,-1,-1,-1,-1,1,E01006872,0,5
2025991606518,2025,991606518,1,9,0,-1,7,5,7,-1,0,5,0,0,0,0,4,1,-1,9,1,51,8,-1,-1,-1,-1,8,-1,0,3
2025991606518,2025,991606518,2,1,0,-1,19,5,1,-1,4,1,0,0,0,0,1,1,-1,9,1,53,8,-1,-1,-1,-1,8,-1,0,1
2025991606520,2025,991606520,2,90,1,-1,19,6,2,-1,0,0,0,0,0,0,2,1,-1,1,1,58,9,-1,-1,-1,-1,9,-1,0,4
2025991606520,2025,991606520,1,9,0,-1,19,6,2,-1,0,0,0,0,0,0,1,1,-1,1,1,25,5,-1,-1,-1,-1,3,-1,0,4
2025991606716,2025,991606716,1,9,0,-1,11,1,5,-1,0,0,2,0,2,0,1,1,-1,9,1,20,4,-1,-1,-1,-1,9,-1,0,5
2025991606716,2025,991606716,2,9,0,-1,19,1,5,-1,0,0,5,0,5,0,2,1,-1,9,1,41,7,-1,-1,-1,-1,2,-1,0,4
2025991606744,2025,991606744,2,9,0,-1,19,7,3,-1,0,8,0,0,0,0,4,1,-1,9,1,60,9,-1,-1,-1,-1,-1,-1,0,-1
2025991606744,2025,991606744,1,9,0,-1,10,1,7,-1,0,2,0,0,0,0,1,1,-1,9,1,34,6,-1,-1,-1,-1,3,-1,0,1
2025991606760,2025,991606760,1,9,0,-1,19,1,5,-1,0,1,0,0,0,0,4,1,-1,9,2,69,10,-1,-1,-1,-1,10,-1,0,1
2025991606781,2025,991606781,2,9,0,-1,3,7,3,-1,0,1,0,0,0,0,4,9,-1,6,1,45,7,-1,-1,-1,-1,2,-1,0,2
2025991606781,2025,991606781,1,9,0,-1,19,7,3,-1,0,1,0,0,0,0,1,9,-1,6,1,20,4,-1,-1,-1,-1,-1,-1,0,-1
2025991606781,2025,991606781,4,9,0,-1,2,0,0,-1,0,1,0,0,0,0,4,9,-1,6,-1,-1,-1,-1,-1,-1,-1,-1,-1,0,-1
2025991606781,2025,991606781,3,9,0,-1,19,7,3,-1,0,1,0,0,0,0,4,9,-1,6,-1,-1,-1,-1,-1,-1,-1,-1,-1,0,-1
2025991606814,2025,991606814,1,8,0,-1,5,3,5,-1,0,6,0,0,0,0,1,1,-1,6,3,40,7,-1,-1,-1,-1,-1,-1,0,-1
2025991606934,2025,991606934,1,19,0,-1,1,4,8,-1,0,0,0,0,0,0,2,1,-1,6,1,22,5,-1,-1,-1,-1,7,-1,0,4
2025991607003,2025,991607003,1,9,0,-1,13,8,4,-1,0,0,1,0,7,0,3,1,-1,9,-1,76,11,-1,-1,-1,-1,4,E01021905,0,5
2025991607003,2025,991607003,2,90,0,-1,19,4,8,-1,0,0,2,0,0,0,3,1,-1,9,1,79,11,-1,-1,-1,-1,-1,-1,0,-1
2025991607038,2025,991607038,1,9,0,-1,19,7,2,-1,0,0,0,0,0,0,1,1,-1,9,1,37,7,-1,-1,-1,-1,10,-1,0,4
2025991607038,2025,991607038,2,1,0,-1,19,7,3,-1,0,0,0,0,0,0,2,1,-1,6,1,68,10,-1,-1,-1,-1,6,-1,0,3
2025991607109,2025,991607109,1,9,0,-1,19,4,8,-1,0,0,0,6,0,0,1,1,-1,9,2,27,6,-1,-1,-1,-1,-1,-1,0,-1
2025991607109,2025,991607109,2,9,0,-1,19,8,4,-1,0,0,0,0,1,0,1,1,-1,9,2,76,11,-1,-1,-1,-1,-1,-1,0,-1
2025991607122,2025,991607122,1,9,0,-1,19,5,1,-1,0,0,1,0,2,11,1,1,-1,9,2,43,7,-1,-1,-1,-1,5,-1,0,1
2025991607139,2025,991607139,2,9,0,-1,2,0,0,-1,0,2,0,0,0,0,4,1,-1,6,-1,-1,-1,-1,-1,-1,-1,-1,-1,0,-1
2025991607139,2025,991607139,1,9,0,-1,19,1,6,-1,0,2,5,4,0,0,4,1,-1,9,1,84,11,-1,-1,-1,-1,7,-1,0,1
2025991607212,2025,991607212,1,9,0,-1,15,6,2,-1,0,5,0,0,0,0,3,9,-1,6,3,40,7,-1,-1,-1,-1,-1,-1,0,-1
2025991607212,2025,991607212,2,9,0,-1,19,6,2,-1,0,2,1,0,2,11,3,1,-1,9,2,50,8,-1,-1,-1,-1,2,-1,0,2
2025991607244,2025,991607244,1,9,0,-1,19,4,7,-1,0,0,0,0,0,0,1,1,-1,6,1,41,7,-1,-1,-1,-1,4,-1,0,1
2025991607262,2025,991607262,1,9,0,-1,19,1,5,-1,0,0,2,0,1,11,1,1,-1,6,2,18,4,-1,-1,-1,-1,7,-1,0,3
2025991607278,2025,991607278,1,9,0,-1,9,6,1,-1,0,0,0,0,7,4,1,1,-1,9,1,18,4,-1,-1,-1,-1,6,-1,0,2
2025991607287,2025,991607287,1,9,0,-1,19,8,4,-1,0,0,0,0,0,0,1,1,-1,2,1,26,6,-1,-1,-1,-1,6,-1,0,3
2025991607287,2025,991607287,2,19,0,-1,19,8,4,-1,0,0,0,0,0,0,2,9,-1,6,1,30,6,-1,-1,-1,-1,3,-1,0,4
2025991607301,2025,991607301,4,9,0,-1,2,0,0,-1,-1,0,0,0,0,0,2,1,-1,6,-1,-1,-1,-1,-1,-1,-1,-1,-1,0,-1
2025991607301,2025,991607301,1,9,0,-1,19,3,7,-1,0,0,5,0,0,0,4,1,-1,9,2,29,6,-1,-1,-1,-1,2,-1,0,1
2025991607301,2025,991607301,3,9,0,-1,2,0,0,-1,-1,0,0,0,0,0,3,1,-1,6,-1,-1,-1,-1,-1,-1,-1,-1,-1,0,-1
2025991607301,2025,991607301,2,9,0,-1,2,0,0,-1,-1,0,0,0,0,0,2,1,-1,6,-1,-1,-1,-1,-1,-1,-1,-1,-1,0,-1
2025991607333,2025,991607333,2,5,0,-1,19,3,7,-1,0,1,0,0,0,0,1,1,-1,9,1,55,8,-1,-1,-1,-1,9,E01012233,0,5
2025991607333,2025,991607333,1,20,0,-1,9,1,7,-1,0,8,0,0,0,0,4,1,-1,9,1,68,10,-1,-1,-1,-1,10,E01023248,0,5
2025991607384,2025,991607384,1,9,0,-1,13,8,4,-1,0,0,5,0,8,11,3,1,-1,6,2,38,7,-1,-1,-1,-1,9,-1,0,3
2025991607384,2025,991607384,2,90,0,-1,13,8,4,-1,0,0,2,0,7,11,3,1,-1,9,1,66,10,-1,-1,-1,-1,8,-1,0,5
2025991607384,2025,991607384,3,9,0,-1,19,8,4,-1,0,0,0,0,0,0,0,1,-1,9,2,60,9,-1,-1,-1,-1,6,E01034634,0,5
2025991607414,2025,991607414,1,11,0,-1,5,3,7,-1,2,0,0,0,1,0,0,1,-1,1,1,56,9,-1,-1,-1,-1,5,-1,0,4
2025991607459,2025,991607459,1,9,0,-1,19,2,6,-1,0,1,0,0,0,0,1,1,-1,6,2,21,5,-1,-1,-1,-1,7,-1,0,3
2025991607459,2025,991607459,2,19,0,-1,10,2,8,-1,0,5,0,0,0,0,2,1,-1,1,1,60,9,-1,-1,-1,-1,5,-1,0,1
2025991607492,2025,991607492,2,9,0,-1,19,7,3,-1,0,0,0,0,7,0,0,1,-1,9,1,22,5,-1,-1,-1,-1,10,-1,0,3
2025991607492,2025,991607492,1,9,0,-1,19,3,7,-1,0,0,0,0,0,0,0,1,-1,9,2,33,6,-1,-1,-1,-1,-1,-1,0,-1
2025991607527,2025,991607527,2,9,0,-1,2,0,0,-1,0,0,0,0,1,0,3,1,-1,6,-1,-1,-1,-1,-1,-1,-1,-1,-1,0,-1
2025991607527,2025,991607527,3,9,0,-1,2,0,0,-1,0,0,0,0,0,0,3,1,-1,6,-1,-1,-1,-1,-1,-1,-1,-1,-1,0,-1
2025991607527,2025,991607527,4,9,0,-1,2,0,0,-1,0,0,0,0,0,0,3,1,-1,6,-1,-1,-1,-1,-1,-1,-1,-1,-1,0,-1
2025991607527,2025,991607527,1,9,0,-1,5,3,7,-1,0,0,5,4,0,0,1,1,-1,9,1,79,11,-1,-1,-1,-1,3,-1,0,1
2025991607601,2025,991607601,2,9,0,-1,5,1,5,-1,0,0,0,0,0,0,2,1,-1,9,2,29,6,-1,-1,-1,-1,3,-1,0,1
2025991607601,2025,991607601,1,9,0,-1,19,8,5,-1,0,0,5,0,0,0,1,1,-1,9,1,71,10,-1,-1,-1,-1,1,-1,0,1
2025991607656,2025,991607656,1,1,0,-1,19,1,5,-1,4,0,0,0,0,0,1,1,-1,9,1,53,8,-1,-1,-1,-1,-1,-1,0,-1
2025991607656,2025,991607656,2,9,0,-1,2,0,0,-1,4,0,0,0,0,0,2,1,-1,6,2,50,8,-1,-1,-1,-1,-1,-1,0,-1
2025991607687,2025,991607687,1,9,0,-1,19,1,5,-1,0,8,0,0,0,0,1,1,-1,9,2,49,8,-1,-1,-1,-1,1,-1,0,1
2025991607687,2025,991607687,2,9,0,-1,5,7,3,-1,0,8,5,0,0,0,3,1,-1,1,1,24,5,-1,-1,-1,-1,2,-1,0,4
2025991607721,2025,991607721,1,9,0,-1,19,4,7,-1,0,8,0,0,0,0,1,1,-1,9,1,18,4,-1,-1,-1,-1,5,-1,0,1
2025991607721,2025,991607721,2,9,0,-1,5,4,8,-1,0,8,0,0,0,0,1,1,-1,9,1,28,6,-1,-1,-1,-1,5,-1,0,2
2025991607728,2025,991607728,1,9,0,-1,19,6,2,-1,0,2,0,0,7,0,1,1,-1,6,1,61,9,-1,-1,-1,-1,4,-1,0,3
2025991607728,2025,991607728,2,9,0,-1,19,2,6,-1,0,2,0,0,0,0,1,1,-1,6,2,50,8,-1,-1,-1,-1,8,-1,0,1
2025991607744,2025,991607744,1,9,0,-1,5,3,1,-1,0,6,0,0,0,0,3,1,-1,6,2,19,4,-1,-1,-1,-1,7,-1,0,2
2025991607744,2025,991607744,2,9,0,-1,19,1,5,-1,0,1,0,0,0,0,1,1,-1,6,2,19,4,-1,-1,-1,-1,2,-1,0,1
2025991607844,2025,991607844,1,9,0,-1,19,2,6,-1,0,0,0,0,0,0,1,1,-1,9,1,26,6,-1,-1,-1,-1,-1,-1,0,-1
2025991607844,2025,991607844,2,9,0,-1,3,2,6,-1,0,0,0,0,0,0,2,1,-1,9,2,48,8,-1,-1,-1,-1,-1,-1,0,-1
2025991607887,2025,991607887,1,97,0,-1,9,4,2,-1,0,0,5,0,0,0,3,1,-1,9,1,21,5,-1,-1,-1,-1,1,-1,0,1
2025991607887,2025,991607887,2,9,0,-1,19,2,6,-1,0,0,1,0,0,0,1,1,-1,2,1,54,8,-1,-1,-1,-1,1,-1,0,1
2025991607901,2025,991607901,1,9,0,-1,19,6,2,-1,0,8,1,0,7,4,2,1,-1,9,1,20,4,-1,-1,-1,-1,-1,-1,0,-1
2025991608112,2025,991608112,1,-1,0,-1,19,3,7,-1,0,0,0,0,0,0,3,9,-1,6,1,28,6,-1,-1,-1,-1,3,-1,1,1
2025991608120,2025,991608120,1,9,0,-1,9,6,4,-1,0,6,0,0,0,0,1,1,-1,6,1,70,10,-1,-1,-1,-1,3,E01023357,0,5
2025991608120,2025,991608120,2,1,0,-1,19,4,8,-1,0,1,0,0,0,0,1,1,-1,6,1,43,7,-1,-1,-1,-1,-1,-1,0,-1
2025991608190,2025,991608190,1,9,0,-1,19,5,1,-1,0,0,0,0,0,0,4,1,-1,9,1,18,4,-1,-1,-1,-1,8,-1,0,1
2025991608206,2025,991608206,2,9,0,-1,2,1,1,-1,0,1,0,0,0,0,2,1,-1,6,1,51,8,-1,-1,-1,-1,-1,-1,0,-1
2025991608206,2025,991608206,1,4,0,-1,5,4,8,-1,0,1,0,4,0,0,1,1,-1,9,1,20,4,-1,-1,-1,-1,2,-1,0,2
2025991608207,2025,991608207,1,9,0,-1,19,3,7,-1,0,0,0,0,1,0,1,1,-1,9,2,17,4,-1,-1,-1,-1,2,-1,0,3
2025991608258,2025,991608258,2,90,0,-1,4,2,8,-1,0,1,0,0,0,0,2,2,-1,9,1,56,9,-1,-1,-1,-1,-1,-1,0,-1
2025991608258,2025,991608258,1,5,0,-1,19,2,6,-1,0,1,2,0,7,0,1,1,-1,9,1,62,9,-1,-1,-1,-1,9,E01027042,0,5
2025991608357,2025,991608357,1,9,0,-1,19,4,8,-1,0,1,0,0,2,0,1,1,-1,6,1,24,5,-1,-1,-1,-1,1,-1,0,1
2025991608397,2025,991608397,1,5,0,-1,19,8,4,-1,0,0,0,0,0,0,1,1,-1,9,1,64,9,-1,-1,-1,-1,1,-1,0,5
2025991608397,2025,991608397,2,5,0,-1,19,8,4,-1,0,0,0,0,0,0,2,1,-1,9,1,59,9,-1,-1,-1,-1,5,-1,0,4
2025991608410,2025,991608410,2,19,0,-1,19,7,3,-1,0,8,0,0,7,0,1,1,-1,2,1,49,8,-1,-1,-1,-1,4,-1,0,1
2025991608410,2025,991608410,1,9,0,-1,9,8,7,-1,0,6,0,0,3,11,1,1,-1,9,2,82,11,-1,-1,-1,-1,9,-1,0,1
2025991608565,2025,991608565,1,9,0,-1,19,3,7,-1,2,0,0,0,0,0,4,1,-1,9,1,40,7,-1,-1,-1,-1,1,-1,0,1
2025991608566,2025,991608566,1,9,0,-1,19,7,3,-1,0,0,0,0,0,0,1,1,-1,2,1,27,6,-1,-1,-1,-1,5,-1,0,1